,EncodingPath,Producer,active-routes-count,af-name,as,backup-routes-count,deleted-routes-count,paths-count,protocol-route-memory,route-table-name,routes-counts,saf-name,vrf-name

2020-02-02 19:44:48.740000+00:00,Cisco-IOS-XR-ip-rib-ipv4-oper:rib/vrfs/vrf/afs/af/safs/saf/ip-rib-route-table-names/ip-rib-route-table-name/protocol/bgp/as/information,spine2,210,IPv4,65012,0,0,1426,188272,default,210,Unicast,default

2020-02-02 19:44:58.730000+00:00,Cisco-IOS-XR-ip-rib-ipv4-oper:rib/vrfs/vrf/afs/af/safs/saf/ip-rib-route-table-names/ip-rib-route-table-name/protocol/bgp/as/information,spine2,210,IPv4,65012,0,0,1426,188272,default,210,Unicast,default

2020-02-02 19:45:08.747000+00:00,Cisco-IOS-XR-ip-rib-ipv4-oper:rib/vrfs/vrf/afs/af/safs/saf/ip-rib-route-table-names/ip-rib-route-table-name/protocol/bgp/as/information,spine2,210,IPv4,65012,0,0,1426,188272,default,210,Unicast,default

2020-02-02 19:45:18.735000+00:00,Cisco-IOS-XR-ip-rib-ipv4-oper:rib/vrfs/vrf/afs/af/safs/saf/ip-rib-route-table-names/ip-rib-route-table-name/protocol/bgp/as/information,spine2,210,IPv4,65012,0,0,1426,188272,default,210,Unicast,default

2020-02-02 19:45:28.739000+00:00,Cisco-IOS-XR-ip-rib-ipv4-oper:rib/vrfs/vrf/afs/af/safs/saf/ip-rib-route-table-names/ip-rib-route-table-name/protocol/bgp/as/information,spine2,210,IPv4,65012,0,0,1426,188272,default,210,Unicast,default

2020-02-02 19:45:38.733000+00:00,Cisco-IOS-XR-ip-rib-ipv4-oper:rib/vrfs/vrf/afs/af/safs/saf/ip-rib-route-table-names/ip-rib-route-table-name/protocol/bgp/as/information,spine2,210,IPv4,65012,0,0,1426,188272,default,210,Unicast,default

2020-02-02 19:45:48.735000+00:00,Cisco-IOS-XR-ip-rib-ipv4-oper:rib/vrfs/vrf/afs/af/safs/saf/ip-rib-route-table-names/ip-rib-route-table-name/protocol/bgp/as/information,spine2,210,IPv4,65012,0,0,1426,188272,default,210,Unicast,default

2020-02-02 19:45:58.736000+00:00,Cisco-IOS-XR-ip-rib-ipv4-oper:rib/vrfs/vrf/afs/af/safs/saf/ip-rib-route-table-names/ip-rib-route-table-name/protocol/bgp/as/information,spine2,210,IPv4,65012,0,0,1426,188272,default,210,Unicast,default

2020-02-02 19:46:08.748000+00:00,Cisco-IOS-XR-ip-rib-ipv4-oper:rib/vrfs/vrf/afs/af/safs/saf/ip-rib-route-table-names/ip-rib-route-table-name/protocol/bgp/as/information,spine2,210,IPv4,65012,0,0,1426,188272,default,210,Unicast,default

2020-02-02 19:46:18.738000+00:00,Cisco-IOS-XR-ip-rib-ipv4-oper:rib/vrfs/vrf/afs/af/safs/saf/ip-rib-route-table-names/ip-rib-route-table-name/protocol/bgp/as/information,spine2,210,IPv4,65012,0,0,1426,188272,default,210,Unicast,default

2020-02-02 19:46:28.806000+00:00,Cisco-IOS-XR-ip-rib-ipv4-oper:rib/vrfs/vrf/afs/af/safs/saf/ip-rib-route-table-names/ip-rib-route-table-name/protocol/bgp/as/information,spine2,210,IPv4,65012,0,0,1426,188272,default,210,Unicast,default

2020-02-02 19:46:38.734000+00:00,Cisco-IOS-XR-ip-rib-ipv4-oper:rib/vrfs/vrf/afs/af/safs/saf/ip-rib-route-table-names/ip-rib-route-table-name/protocol/bgp/as/information,spine2,210,IPv4,65012,0,0,1426,188272,default,210,Unicast,default

2020-02-02 19:46:48.736000+00:00,Cisco-IOS-XR-ip-rib-ipv4-oper:rib/vrfs/vrf/afs/af/safs/saf/ip-rib-route-table-names/ip-rib-route-table-name/protocol/bgp/as/information,spine2,210,IPv4,65012,0,0,1426,188272,default,210,Unicast,default

2020-02-02 19:46:58.744000+00:00,Cisco-IOS-XR-ip-rib-ipv4-oper:rib/vrfs/vrf/afs/af/safs/saf/ip-rib-route-table-names/ip-rib-route-table-name/protocol/bgp/as/information,spine2,210,IPv4,65012,0,0,1426,188272,default,210,Unicast,default

2020-02-02 19:47:08.734000+00:00,Cisco-IOS-XR-ip-rib-ipv4-oper:rib/vrfs/vrf/afs/af/safs/saf/ip-rib-route-table-names/ip-rib-route-table-name/protocol/bgp/as/information,spine2,210,IPv4,65012,0,0,1426,188272,default,210,Unicast,default

2020-02-02 19:47:18.745000+00:00,Cisco-IOS-XR-ip-rib-ipv4-oper:rib/vrfs/vrf/afs/af/safs/saf/ip-rib-route-table-names/ip-rib-route-table-name/protocol/bgp/as/information,spine2,210,IPv4,65012,0,0,1426,188272,default,210,Unicast,default

2020-02-02 19:47:28.734000+00:00,Cisco-IOS-XR-ip-rib-ipv4-oper:rib/vrfs/vrf/afs/af/safs/saf/ip-rib-route-table-names/ip-rib-route-table-name/protocol/bgp/as/information,spine2,210,IPv4,65012,0,0,1426,188272,default,210,Unicast,default

2020-02-02 19:47:38.740000+00:00,Cisco-IOS-XR-ip-rib-ipv4-oper:rib/vrfs/vrf/afs/af/safs/saf/ip-rib-route-table-names/ip-rib-route-table-name/protocol/bgp/as/information,spine2,210,IPv4,65012,0,0,1426,188272,default,210,Unicast,default

2020-02-02 19:47:48.736000+00:00,Cisco-IOS-XR-ip-rib-ipv4-oper:rib/vrfs/vrf/afs/af/safs/saf/ip-rib-route-table-names/ip-rib-route-table-name/protocol/bgp/as/information,spine2,210,IPv4,65012,0,0,1426,188272,default,210,Unicast,default

2020-02-02 19:47:58.742000+00:00,Cisco-IOS-XR-ip-rib-ipv4-oper:rib/vrfs/vrf/afs/af/safs/saf/ip-rib-route-table-names/ip-rib-route-table-name/protocol/bgp/as/information,spine2,210,IPv4,65012,0,0,1426,188272,default,210,Unicast,default

2020-02-02 19:48:08.743000+00:00,Cisco-IOS-XR-ip-rib-ipv4-oper:rib/vrfs/vrf/afs/af/safs/saf/ip-rib-route-table-names/ip-rib-route-table-name/protocol/bgp/as/information,spine2,210,IPv4,65012,0,0,1426,188272,default,210,Unicast,default

2020-02-02 19:48:18.785000+00:00,Cisco-IOS-XR-ip-rib-ipv4-oper:rib/vrfs/vrf/afs/af/safs/saf/ip-rib-route-table-names/ip-rib-route-table-name/protocol/bgp/as/information,spine2,210,IPv4,65012,0,0,1426,188272,default,210,Unicast,default

2020-02-02 19:48:28.738000+00:00,Cisco-IOS-XR-ip-rib-ipv4-oper:rib/vrfs/vrf/afs/af/safs/saf/ip-rib-route-table-names/ip-rib-route-table-name/protocol/bgp/as/information,spine2,210,IPv4,65012,0,0,1426,188272,default,210,Unicast,default

2020-02-02 19:48:38.731000+00:00,Cisco-IOS-XR-ip-rib-ipv4-oper:rib/vrfs/vrf/afs/af/safs/saf/ip-rib-route-table-names/ip-rib-route-table-name/protocol/bgp/as/information,spine2,210,IPv4,65012,0,0,1426,188272,default,210,Unicast,default

2020-02-02 19:48:48.730000+00:00,Cisco-IOS-XR-ip-rib-ipv4-oper:rib/vrfs/vrf/afs/af/safs/saf/ip-rib-route-table-names/ip-rib-route-table-name/protocol/bgp/as/information,spine2,210,IPv4,65012,0,0,1426,188272,default,210,Unicast,default

2020-02-02 19:48:58.733000+00:00,Cisco-IOS-XR-ip-rib-ipv4-oper:rib/vrfs/vrf/afs/af/safs/saf/ip-rib-route-table-names/ip-rib-route-table-name/protocol/bgp/as/information,spine2,210,IPv4,65012,0,0,1426,188272,default,210,Unicast,default

2020-02-02 19:49:08.738000+00:00,Cisco-IOS-XR-ip-rib-ipv4-oper:rib/vrfs/vrf/afs/af/safs/saf/ip-rib-route-table-names/ip-rib-route-table-name/protocol/bgp/as/information,spine2,210,IPv4,65012,0,0,1426,188272,default,210,Unicast,default

2020-02-02 19:49:18.733000+00:00,Cisco-IOS-XR-ip-rib-ipv4-oper:rib/vrfs/vrf/afs/af/safs/saf/ip-rib-route-table-names/ip-rib-route-table-name/protocol/bgp/as/information,spine2,210,IPv4,65012,0,0,1426,188272,default,210,Unicast,default

2020-02-02 19:49:28.737000+00:00,Cisco-IOS-XR-ip-rib-ipv4-oper:rib/vrfs/vrf/afs/af/safs/saf/ip-rib-route-table-names/ip-rib-route-table-name/protocol/bgp/as/information,spine2,210,IPv4,65012,0,0,1426,188272,default,210,Unicast,default

2020-02-02 19:49:38.732000+00:00,Cisco-IOS-XR-ip-rib-ipv4-oper:rib/vrfs/vrf/afs/af/safs/saf/ip-rib-route-table-names/ip-rib-route-table-name/protocol/bgp/as/information,spine2,210,IPv4,65012,0,0,1443,190176,default,210,Unicast,default

2020-02-02 19:49:48.754000+00:00,Cisco-IOS-XR-ip-rib-ipv4-oper:rib/vrfs/vrf/afs/af/safs/saf/ip-rib-route-table-names/ip-rib-route-table-name/protocol/bgp/as/information,spine2,210,IPv4,65012,0,0,1443,190176,default,210,Unicast,default

2020-02-02 19:49:58.732000+00:00,Cisco-IOS-XR-ip-rib-ipv4-oper:rib/vrfs/vrf/afs/af/safs/saf/ip-rib-route-table-names/ip-rib-route-table-name/protocol/bgp/as/information,spine2,210,IPv4,65012,0,0,1443,190176,default,210,Unicast,default

2020-02-02 19:50:08.780000+00:00,Cisco-IOS-XR-ip-rib-ipv4-oper:rib/vrfs/vrf/afs/af/safs/saf/ip-rib-route-table-names/ip-rib-route-table-name/protocol/bgp/as/information,spine2,210,IPv4,65012,0,0,1447,190624,default,210,Unicast,default

2020-02-02 19:50:18.741000+00:00,Cisco-IOS-XR-ip-rib-ipv4-oper:rib/vrfs/vrf/afs/af/safs/saf/ip-rib-route-table-names/ip-rib-route-table-name/protocol/bgp/as/information,spine2,210,IPv4,65012,0,0,1447,190624,default,210,Unicast,default

2020-02-02 19:50:28.734000+00:00,Cisco-IOS-XR-ip-rib-ipv4-oper:rib/vrfs/vrf/afs/af/safs/saf/ip-rib-route-table-names/ip-rib-route-table-name/protocol/bgp/as/information,spine2,210,IPv4,65012,0,0,1447,190624,default,210,Unicast,default

2020-02-02 19:50:38.741000+00:00,Cisco-IOS-XR-ip-rib-ipv4-oper:rib/vrfs/vrf/afs/af/safs/saf/ip-rib-route-table-names/ip-rib-route-table-name/protocol/bgp/as/information,spine2,210,IPv4,65012,0,0,1443,190176,default,210,Unicast,default

2020-02-02 19:50:48.741000+00:00,Cisco-IOS-XR-ip-rib-ipv4-oper:rib/vrfs/vrf/afs/af/safs/saf/ip-rib-route-table-names/ip-rib-route-table-name/protocol/bgp/as/information,spine2,210,IPv4,65012,0,0,1443,190176,default,210,Unicast,default

2020-02-02 19:50:58.749000+00:00,Cisco-IOS-XR-ip-rib-ipv4-oper:rib/vrfs/vrf/afs/af/safs/saf/ip-rib-route-table-names/ip-rib-route-table-name/protocol/bgp/as/information,spine2,210,IPv4,65012,0,0,1443,190176,default,210,Unicast,default

2020-02-02 19:51:08.735000+00:00,Cisco-IOS-XR-ip-rib-ipv4-oper:rib/vrfs/vrf/afs/af/safs/saf/ip-rib-route-table-names/ip-rib-route-table-name/protocol/bgp/as/information,spine2,210,IPv4,65012,0,0,1447,190624,default,210,Unicast,default

2020-02-02 19:51:18.759000+00:00,Cisco-IOS-XR-ip-rib-ipv4-oper:rib/vrfs/vrf/afs/af/safs/saf/ip-rib-route-table-names/ip-rib-route-table-name/protocol/bgp/as/information,spine2,210,IPv4,65012,0,0,1426,188272,default,210,Unicast,default

2020-02-02 19:51:28.738000+00:00,Cisco-IOS-XR-ip-rib-ipv4-oper:rib/vrfs/vrf/afs/af/safs/saf/ip-rib-route-table-names/ip-rib-route-table-name/protocol/bgp/as/information,spine2,210,IPv4,65012,0,0,1426,188272,default,210,Unicast,default

2020-02-02 19:51:38.748000+00:00,Cisco-IOS-XR-ip-rib-ipv4-oper:rib/vrfs/vrf/afs/af/safs/saf/ip-rib-route-table-names/ip-rib-route-table-name/protocol/bgp/as/information,spine2,210,IPv4,65012,0,0,1426,188272,default,210,Unicast,default

2020-02-02 19:51:48.748000+00:00,Cisco-IOS-XR-ip-rib-ipv4-oper:rib/vrfs/vrf/afs/af/safs/saf/ip-rib-route-table-names/ip-rib-route-table-name/protocol/bgp/as/information,spine2,210,IPv4,65012,0,0,1426,188272,default,210,Unicast,default

2020-02-02 19:51:58.794000+00:00,Cisco-IOS-XR-ip-rib-ipv4-oper:rib/vrfs/vrf/afs/af/safs/saf/ip-rib-route-table-names/ip-rib-route-table-name/protocol/bgp/as/information,spine2,210,IPv4,65012,0,0,1426,188272,default,210,Unicast,default

2020-02-02 19:52:08.751000+00:00,Cisco-IOS-XR-ip-rib-ipv4-oper:rib/vrfs/vrf/afs/af/safs/saf/ip-rib-route-table-names/ip-rib-route-table-name/protocol/bgp/as/information,spine2,210,IPv4,65012,0,0,1426,188272,default,210,Unicast,default

2020-02-02 19:52:18.733000+00:00,Cisco-IOS-XR-ip-rib-ipv4-oper:rib/vrfs/vrf/afs/af/safs/saf/ip-rib-route-table-names/ip-rib-route-table-name/protocol/bgp/as/information,spine2,210,IPv4,65012,0,0,1426,188272,default,210,Unicast,default

2020-02-02 19:52:28.749000+00:00,Cisco-IOS-XR-ip-rib-ipv4-oper:rib/vrfs/vrf/afs/af/safs/saf/ip-rib-route-table-names/ip-rib-route-table-name/protocol/bgp/as/information,spine2,210,IPv4,65012,0,0,1426,188272,default,210,Unicast,default

2020-02-02 19:52:38.736000+00:00,Cisco-IOS-XR-ip-rib-ipv4-oper:rib/vrfs/vrf/afs/af/safs/saf/ip-rib-route-table-names/ip-rib-route-table-name/protocol/bgp/as/information,spine2,210,IPv4,65012,0,0,1426,188272,default,210,Unicast,default

2020-02-02 19:52:48.751000+00:00,Cisco-IOS-XR-ip-rib-ipv4-oper:rib/vrfs/vrf/afs/af/safs/saf/ip-rib-route-table-names/ip-rib-route-table-name/protocol/bgp/as/information,spine2,210,IPv4,65012,0,0,1426,188272,default,210,Unicast,default

2020-02-02 19:52:58.739000+00:00,Cisco-IOS-XR-ip-rib-ipv4-oper:rib/vrfs/vrf/afs/af/safs/saf/ip-rib-route-table-names/ip-rib-route-table-name/protocol/bgp/as/information,spine2,210,IPv4,65012,0,0,1426,188272,default,210,Unicast,default

2020-02-02 19:53:08.745000+00:00,Cisco-IOS-XR-ip-rib-ipv4-oper:rib/vrfs/vrf/afs/af/safs/saf/ip-rib-route-table-names/ip-rib-route-table-name/protocol/bgp/as/information,spine2,210,IPv4,65012,0,0,1426,188272,default,210,Unicast,default

2020-02-02 19:53:18.740000+00:00,Cisco-IOS-XR-ip-rib-ipv4-oper:rib/vrfs/vrf/afs/af/safs/saf/ip-rib-route-table-names/ip-rib-route-table-name/protocol/bgp/as/information,spine2,210,IPv4,65012,0,0,1426,188272,default,210,Unicast,default

2020-02-02 19:53:28.746000+00:00,Cisco-IOS-XR-ip-rib-ipv4-oper:rib/vrfs/vrf/afs/af/safs/saf/ip-rib-route-table-names/ip-rib-route-table-name/protocol/bgp/as/information,spine2,210,IPv4,65012,0,0,1426,188272,default,210,Unicast,default

2020-02-02 19:53:38.746000+00:00,Cisco-IOS-XR-ip-rib-ipv4-oper:rib/vrfs/vrf/afs/af/safs/saf/ip-rib-route-table-names/ip-rib-route-table-name/protocol/bgp/as/information,spine2,210,IPv4,65012,0,0,1426,188272,default,210,Unicast,default

2020-02-02 19:53:48.775000+00:00,Cisco-IOS-XR-ip-rib-ipv4-oper:rib/vrfs/vrf/afs/af/safs/saf/ip-rib-route-table-names/ip-rib-route-table-name/protocol/bgp/as/information,spine2,210,IPv4,65012,0,0,1426,188272,default,210,Unicast,default

2020-02-02 19:53:58.742000+00:00,Cisco-IOS-XR-ip-rib-ipv4-oper:rib/vrfs/vrf/afs/af/safs/saf/ip-rib-route-table-names/ip-rib-route-table-name/protocol/bgp/as/information,spine2,210,IPv4,65012,0,0,1426,188272,default,210,Unicast,default

2020-02-02 19:54:08.737000+00:00,Cisco-IOS-XR-ip-rib-ipv4-oper:rib/vrfs/vrf/afs/af/safs/saf/ip-rib-route-table-names/ip-rib-route-table-name/protocol/bgp/as/information,spine2,210,IPv4,65012,0,0,1426,188272,default,210,Unicast,default

2020-02-02 19:54:18.745000+00:00,Cisco-IOS-XR-ip-rib-ipv4-oper:rib/vrfs/vrf/afs/af/safs/saf/ip-rib-route-table-names/ip-rib-route-table-name/protocol/bgp/as/information,spine2,210,IPv4,65012,0,0,1426,188272,default,210,Unicast,default

2020-02-02 19:54:28.734000+00:00,Cisco-IOS-XR-ip-rib-ipv4-oper:rib/vrfs/vrf/afs/af/safs/saf/ip-rib-route-table-names/ip-rib-route-table-name/protocol/bgp/as/information,spine2,210,IPv4,65012,0,0,1426,188272,default,210,Unicast,default

2020-02-02 19:54:38.746000+00:00,Cisco-IOS-XR-ip-rib-ipv4-oper:rib/vrfs/vrf/afs/af/safs/saf/ip-rib-route-table-names/ip-rib-route-table-name/protocol/bgp/as/information,spine2,210,IPv4,65012,0,0,1426,188272,default,210,Unicast,default

2020-02-02 19:54:48.738000+00:00,Cisco-IOS-XR-ip-rib-ipv4-oper:rib/vrfs/vrf/afs/af/safs/saf/ip-rib-route-table-names/ip-rib-route-table-name/protocol/bgp/as/information,spine2,210,IPv4,65012,0,0,1426,188272,default,210,Unicast,default

2020-02-02 19:54:58.742000+00:00,Cisco-IOS-XR-ip-rib-ipv4-oper:rib/vrfs/vrf/afs/af/safs/saf/ip-rib-route-table-names/ip-rib-route-table-name/protocol/bgp/as/information,spine2,210,IPv4,65012,0,0,1426,188272,default,210,Unicast,default

2020-02-02 19:55:08.738000+00:00,Cisco-IOS-XR-ip-rib-ipv4-oper:rib/vrfs/vrf/afs/af/safs/saf/ip-rib-route-table-names/ip-rib-route-table-name/protocol/bgp/as/information,spine2,210,IPv4,65012,0,0,1426,188272,default,210,Unicast,default

2020-02-02 19:55:18.756000+00:00,Cisco-IOS-XR-ip-rib-ipv4-oper:rib/vrfs/vrf/afs/af/safs/saf/ip-rib-route-table-names/ip-rib-route-table-name/protocol/bgp/as/information,spine2,210,IPv4,65012,0,0,1426,188272,default,210,Unicast,default

2020-02-02 19:55:28.741000+00:00,Cisco-IOS-XR-ip-rib-ipv4-oper:rib/vrfs/vrf/afs/af/safs/saf/ip-rib-route-table-names/ip-rib-route-table-name/protocol/bgp/as/information,spine2,210,IPv4,65012,0,0,1426,188272,default,210,Unicast,default

2020-02-02 19:55:38.765000+00:00,Cisco-IOS-XR-ip-rib-ipv4-oper:rib/vrfs/vrf/afs/af/safs/saf/ip-rib-route-table-names/ip-rib-route-table-name/protocol/bgp/as/information,spine2,210,IPv4,65012,0,0,1426,188272,default,210,Unicast,default

2020-02-02 19:55:48.744000+00:00,Cisco-IOS-XR-ip-rib-ipv4-oper:rib/vrfs/vrf/afs/af/safs/saf/ip-rib-route-table-names/ip-rib-route-table-name/protocol/bgp/as/information,spine2,210,IPv4,65012,0,0,1434,189168,default,210,Unicast,default

2020-02-02 19:55:58.742000+00:00,Cisco-IOS-XR-ip-rib-ipv4-oper:rib/vrfs/vrf/afs/af/safs/saf/ip-rib-route-table-names/ip-rib-route-table-name/protocol/bgp/as/information,spine2,210,IPv4,65012,0,0,1434,189168,default,210,Unicast,default

2020-02-02 19:56:08.750000+00:00,Cisco-IOS-XR-ip-rib-ipv4-oper:rib/vrfs/vrf/afs/af/safs/saf/ip-rib-route-table-names/ip-rib-route-table-name/protocol/bgp/as/information,spine2,210,IPv4,65012,0,0,1434,189168,default,210,Unicast,default

2020-02-02 19:56:18.743000+00:00,Cisco-IOS-XR-ip-rib-ipv4-oper:rib/vrfs/vrf/afs/af/safs/saf/ip-rib-route-table-names/ip-rib-route-table-name/protocol/bgp/as/information,spine2,210,IPv4,65012,0,0,1434,189168,default,210,Unicast,default

2020-02-02 19:56:28.751000+00:00,Cisco-IOS-XR-ip-rib-ipv4-oper:rib/vrfs/vrf/afs/af/safs/saf/ip-rib-route-table-names/ip-rib-route-table-name/protocol/bgp/as/information,spine2,210,IPv4,65012,0,0,1434,189168,default,210,Unicast,default

2020-02-02 19:56:38.744000+00:00,Cisco-IOS-XR-ip-rib-ipv4-oper:rib/vrfs/vrf/afs/af/safs/saf/ip-rib-route-table-names/ip-rib-route-table-name/protocol/bgp/as/information,spine2,210,IPv4,65012,0,0,1434,189168,default,210,Unicast,default

2020-02-02 19:56:48.752000+00:00,Cisco-IOS-XR-ip-rib-ipv4-oper:rib/vrfs/vrf/afs/af/safs/saf/ip-rib-route-table-names/ip-rib-route-table-name/protocol/bgp/as/information,spine2,210,IPv4,65012,0,0,1426,188272,default,210,Unicast,default

2020-02-02 19:56:58.750000+00:00,Cisco-IOS-XR-ip-rib-ipv4-oper:rib/vrfs/vrf/afs/af/safs/saf/ip-rib-route-table-names/ip-rib-route-table-name/protocol/bgp/as/information,spine2,210,IPv4,65012,0,0,1426,188272,default,210,Unicast,default

2020-02-02 19:57:08.752000+00:00,Cisco-IOS-XR-ip-rib-ipv4-oper:rib/vrfs/vrf/afs/af/safs/saf/ip-rib-route-table-names/ip-rib-route-table-name/protocol/bgp/as/information,spine2,210,IPv4,65012,0,0,1426,188272,default,210,Unicast,default

2020-02-02 19:57:18.752000+00:00,Cisco-IOS-XR-ip-rib-ipv4-oper:rib/vrfs/vrf/afs/af/safs/saf/ip-rib-route-table-names/ip-rib-route-table-name/protocol/bgp/as/information,spine2,210,IPv4,65012,0,0,1439,189728,default,210,Unicast,default

2020-02-02 19:57:28.798000+00:00,Cisco-IOS-XR-ip-rib-ipv4-oper:rib/vrfs/vrf/afs/af/safs/saf/ip-rib-route-table-names/ip-rib-route-table-name/protocol/bgp/as/information,spine2,210,IPv4,65012,0,0,1439,189728,default,210,Unicast,default

2020-02-02 19:57:38.741000+00:00,Cisco-IOS-XR-ip-rib-ipv4-oper:rib/vrfs/vrf/afs/af/safs/saf/ip-rib-route-table-names/ip-rib-route-table-name/protocol/bgp/as/information,spine2,210,IPv4,65012,0,0,1439,189728,default,210,Unicast,default

2020-02-02 19:57:48.746000+00:00,Cisco-IOS-XR-ip-rib-ipv4-oper:rib/vrfs/vrf/afs/af/safs/saf/ip-rib-route-table-names/ip-rib-route-table-name/protocol/bgp/as/information,spine2,209,IPv4,65012,0,1,1422,187824,default,210,Unicast,default

2020-02-02 19:57:58.746000+00:00,Cisco-IOS-XR-ip-rib-ipv4-oper:rib/vrfs/vrf/afs/af/safs/saf/ip-rib-route-table-names/ip-rib-route-table-name/protocol/bgp/as/information,spine2,209,IPv4,65012,0,0,1422,187688,default,209,Unicast,default

2020-02-02 19:58:08.737000+00:00,Cisco-IOS-XR-ip-rib-ipv4-oper:rib/vrfs/vrf/afs/af/safs/saf/ip-rib-route-table-names/ip-rib-route-table-name/protocol/bgp/as/information,spine2,209,IPv4,65012,0,0,1422,187688,default,209,Unicast,default

2020-02-02 19:58:18.748000+00:00,Cisco-IOS-XR-ip-rib-ipv4-oper:rib/vrfs/vrf/afs/af/safs/saf/ip-rib-route-table-names/ip-rib-route-table-name/protocol/bgp/as/information,spine2,210,IPv4,65012,0,0,1434,189168,default,210,Unicast,default

2020-02-02 19:58:28.741000+00:00,Cisco-IOS-XR-ip-rib-ipv4-oper:rib/vrfs/vrf/afs/af/safs/saf/ip-rib-route-table-names/ip-rib-route-table-name/protocol/bgp/as/information,spine2,210,IPv4,65012,0,0,1434,189168,default,210,Unicast,default

2020-02-02 19:58:38.745000+00:00,Cisco-IOS-XR-ip-rib-ipv4-oper:rib/vrfs/vrf/afs/af/safs/saf/ip-rib-route-table-names/ip-rib-route-table-name/protocol/bgp/as/information,spine2,210,IPv4,65012,0,0,1434,189168,default,210,Unicast,default

2020-02-02 19:58:48.753000+00:00,Cisco-IOS-XR-ip-rib-ipv4-oper:rib/vrfs/vrf/afs/af/safs/saf/ip-rib-route-table-names/ip-rib-route-table-name/protocol/bgp/as/information,spine2,210,IPv4,65012,0,0,1430,188720,default,210,Unicast,default

2020-02-02 19:58:58.751000+00:00,Cisco-IOS-XR-ip-rib-ipv4-oper:rib/vrfs/vrf/afs/af/safs/saf/ip-rib-route-table-names/ip-rib-route-table-name/protocol/bgp/as/information,spine2,210,IPv4,65012,0,0,1426,188272,default,210,Unicast,default

2020-02-02 19:59:08.745000+00:00,Cisco-IOS-XR-ip-rib-ipv4-oper:rib/vrfs/vrf/afs/af/safs/saf/ip-rib-route-table-names/ip-rib-route-table-name/protocol/bgp/as/information,spine2,210,IPv4,65012,0,0,1426,188272,default,210,Unicast,default

2020-02-02 19:59:18.772000+00:00,Cisco-IOS-XR-ip-rib-ipv4-oper:rib/vrfs/vrf/afs/af/safs/saf/ip-rib-route-table-names/ip-rib-route-table-name/protocol/bgp/as/information,spine2,210,IPv4,65012,0,0,1426,188272,default,210,Unicast,default

2020-02-02 19:59:28.753000+00:00,Cisco-IOS-XR-ip-rib-ipv4-oper:rib/vrfs/vrf/afs/af/safs/saf/ip-rib-route-table-names/ip-rib-route-table-name/protocol/bgp/as/information,spine2,210,IPv4,65012,0,0,1451,191072,default,210,Unicast,default

2020-02-02 19:59:38.741000+00:00,Cisco-IOS-XR-ip-rib-ipv4-oper:rib/vrfs/vrf/afs/af/safs/saf/ip-rib-route-table-names/ip-rib-route-table-name/protocol/bgp/as/information,spine2,210,IPv4,65012,0,0,1451,191072,default,210,Unicast,default

