,EncodingPath,Producer,Target,host,node-name,total-cpu-fifteen-minute,total-cpu-five-minute,total-cpu-one-minute

2020-02-02 19:44:41.585000+00:00,Cisco-IOS-XR-wdsysmon-fd-oper:system-monitoring/cpu-utilization,spine2,,,0/RP0/CPU0,5,5,5

2020-02-02 19:44:42.170000+00:00,Cisco-IOS-XR-wdsysmon-fd-oper:system-monitoring/cpu-utilization,spine2,,,0/0/CPU0,5,5,5

2020-02-02 19:44:44.113000+00:00,Cisco-IOS-XR-wdsysmon-fd-oper:system-monitoring/cpu-utilization,spine2,,,0/RP0/CPU0,5,5,5

2020-02-02 19:44:44.697000+00:00,Cisco-IOS-XR-wdsysmon-fd-oper:system-monitoring/cpu-utilization,spine2,,,0/0/CPU0,5,5,5

2020-02-02 19:44:50.010000+00:00,Cisco-IOS-XR-wdsysmon-fd-oper:system-monitoring/cpu-utilization,spine2,,,0/RP0/CPU0,5,5,5

2020-02-02 19:44:50.595000+00:00,Cisco-IOS-XR-wdsysmon-fd-oper:system-monitoring/cpu-utilization,spine2,,,0/0/CPU0,5,5,5

2020-02-02 19:44:54.119000+00:00,Cisco-IOS-XR-wdsysmon-fd-oper:system-monitoring/cpu-utilization,spine2,,,0/RP0/CPU0,5,5,5

2020-02-02 19:44:54.703000+00:00,Cisco-IOS-XR-wdsysmon-fd-oper:system-monitoring/cpu-utilization,spine2,,,0/0/CPU0,5,5,5

2020-02-02 19:45:00.007000+00:00,Cisco-IOS-XR-wdsysmon-fd-oper:system-monitoring/cpu-utilization,spine2,,,0/RP0/CPU0,5,5,5

2020-02-02 19:45:00.592000+00:00,Cisco-IOS-XR-wdsysmon-fd-oper:system-monitoring/cpu-utilization,spine2,,,0/0/CPU0,5,5,5

2020-02-02 19:45:04.112000+00:00,Cisco-IOS-XR-wdsysmon-fd-oper:system-monitoring/cpu-utilization,spine2,,,0/RP0/CPU0,5,5,5

2020-02-02 19:45:04.696000+00:00,Cisco-IOS-XR-wdsysmon-fd-oper:system-monitoring/cpu-utilization,spine2,,,0/0/CPU0,5,5,5

2020-02-02 19:45:10.024000+00:00,Cisco-IOS-XR-wdsysmon-fd-oper:system-monitoring/cpu-utilization,spine2,,,0/RP0/CPU0,5,5,5

2020-02-02 19:45:10.608000+00:00,Cisco-IOS-XR-wdsysmon-fd-oper:system-monitoring/cpu-utilization,spine2,,,0/0/CPU0,5,5,5

2020-02-02 19:45:14.113000+00:00,Cisco-IOS-XR-wdsysmon-fd-oper:system-monitoring/cpu-utilization,spine2,,,0/RP0/CPU0,5,5,5

2020-02-02 19:45:14.697000+00:00,Cisco-IOS-XR-wdsysmon-fd-oper:system-monitoring/cpu-utilization,spine2,,,0/0/CPU0,5,5,5

2020-02-02 19:45:20.101000+00:00,Cisco-IOS-XR-wdsysmon-fd-oper:system-monitoring/cpu-utilization,spine2,,,0/RP0/CPU0,5,5,5

2020-02-02 19:45:20.685000+00:00,Cisco-IOS-XR-wdsysmon-fd-oper:system-monitoring/cpu-utilization,spine2,,,0/0/CPU0,5,5,5

2020-02-02 19:45:24.105000+00:00,Cisco-IOS-XR-wdsysmon-fd-oper:system-monitoring/cpu-utilization,spine2,,,0/RP0/CPU0,5,5,5

2020-02-02 19:45:24.690000+00:00,Cisco-IOS-XR-wdsysmon-fd-oper:system-monitoring/cpu-utilization,spine2,,,0/0/CPU0,5,5,5

2020-02-02 19:45:30.009000+00:00,Cisco-IOS-XR-wdsysmon-fd-oper:system-monitoring/cpu-utilization,spine2,,,0/RP0/CPU0,5,5,5

2020-02-02 19:45:30.593000+00:00,Cisco-IOS-XR-wdsysmon-fd-oper:system-monitoring/cpu-utilization,spine2,,,0/0/CPU0,5,5,5

2020-02-02 19:45:34.113000+00:00,Cisco-IOS-XR-wdsysmon-fd-oper:system-monitoring/cpu-utilization,spine2,,,0/RP0/CPU0,5,5,5

2020-02-02 19:45:34.697000+00:00,Cisco-IOS-XR-wdsysmon-fd-oper:system-monitoring/cpu-utilization,spine2,,,0/0/CPU0,5,5,5

2020-02-02 19:45:39.997000+00:00,Cisco-IOS-XR-wdsysmon-fd-oper:system-monitoring/cpu-utilization,spine2,,,0/RP0/CPU0,5,5,5

2020-02-02 19:45:40.582000+00:00,Cisco-IOS-XR-wdsysmon-fd-oper:system-monitoring/cpu-utilization,spine2,,,0/0/CPU0,5,5,5

2020-02-02 19:45:44.104000+00:00,Cisco-IOS-XR-wdsysmon-fd-oper:system-monitoring/cpu-utilization,spine2,,,0/RP0/CPU0,5,5,6

2020-02-02 19:45:44.678000+00:00,Cisco-IOS-XR-wdsysmon-fd-oper:system-monitoring/cpu-utilization,spine2,,,0/0/CPU0,5,5,5

2020-02-02 19:45:50.056000+00:00,Cisco-IOS-XR-wdsysmon-fd-oper:system-monitoring/cpu-utilization,spine2,,,0/RP0/CPU0,5,5,6

2020-02-02 19:45:50.630000+00:00,Cisco-IOS-XR-wdsysmon-fd-oper:system-monitoring/cpu-utilization,spine2,,,0/0/CPU0,5,5,5

2020-02-02 19:45:54.112000+00:00,Cisco-IOS-XR-wdsysmon-fd-oper:system-monitoring/cpu-utilization,spine2,,,0/RP0/CPU0,5,5,6

2020-02-02 19:45:54.695000+00:00,Cisco-IOS-XR-wdsysmon-fd-oper:system-monitoring/cpu-utilization,spine2,,,0/0/CPU0,5,5,5

2020-02-02 19:46:00.010000+00:00,Cisco-IOS-XR-wdsysmon-fd-oper:system-monitoring/cpu-utilization,spine2,,,0/RP0/CPU0,5,5,6

2020-02-02 19:46:00.593000+00:00,Cisco-IOS-XR-wdsysmon-fd-oper:system-monitoring/cpu-utilization,spine2,,,0/0/CPU0,5,5,5

2020-02-02 19:46:04.118000+00:00,Cisco-IOS-XR-wdsysmon-fd-oper:system-monitoring/cpu-utilization,spine2,,,0/RP0/CPU0,5,5,6

2020-02-02 19:46:04.695000+00:00,Cisco-IOS-XR-wdsysmon-fd-oper:system-monitoring/cpu-utilization,spine2,,,0/0/CPU0,5,5,5

2020-02-02 19:46:10.018000+00:00,Cisco-IOS-XR-wdsysmon-fd-oper:system-monitoring/cpu-utilization,spine2,,,0/RP0/CPU0,5,5,6

2020-02-02 19:46:10.595000+00:00,Cisco-IOS-XR-wdsysmon-fd-oper:system-monitoring/cpu-utilization,spine2,,,0/0/CPU0,5,5,5

2020-02-02 19:46:14.108000+00:00,Cisco-IOS-XR-wdsysmon-fd-oper:system-monitoring/cpu-utilization,spine2,,,0/RP0/CPU0,5,5,6

2020-02-02 19:46:14.686000+00:00,Cisco-IOS-XR-wdsysmon-fd-oper:system-monitoring/cpu-utilization,spine2,,,0/0/CPU0,5,5,5

2020-02-02 19:46:20.051000+00:00,Cisco-IOS-XR-wdsysmon-fd-oper:system-monitoring/cpu-utilization,spine2,,,0/RP0/CPU0,5,5,6

2020-02-02 19:46:21.278000+00:00,Cisco-IOS-XR-wdsysmon-fd-oper:system-monitoring/cpu-utilization,spine2,,,0/0/CPU0,5,5,5

2020-02-02 19:46:24.118000+00:00,Cisco-IOS-XR-wdsysmon-fd-oper:system-monitoring/cpu-utilization,spine2,,,0/RP0/CPU0,5,5,6

2020-02-02 19:46:24.696000+00:00,Cisco-IOS-XR-wdsysmon-fd-oper:system-monitoring/cpu-utilization,spine2,,,0/0/CPU0,5,5,5

2020-02-02 19:46:30.079000+00:00,Cisco-IOS-XR-wdsysmon-fd-oper:system-monitoring/cpu-utilization,spine2,,,0/RP0/CPU0,5,5,6

2020-02-02 19:46:30.657000+00:00,Cisco-IOS-XR-wdsysmon-fd-oper:system-monitoring/cpu-utilization,spine2,,,0/0/CPU0,5,5,5

2020-02-02 19:46:34.113000+00:00,Cisco-IOS-XR-wdsysmon-fd-oper:system-monitoring/cpu-utilization,spine2,,,0/RP0/CPU0,5,5,6

2020-02-02 19:46:34.691000+00:00,Cisco-IOS-XR-wdsysmon-fd-oper:system-monitoring/cpu-utilization,spine2,,,0/0/CPU0,5,5,5

2020-02-02 19:46:40.013000+00:00,Cisco-IOS-XR-wdsysmon-fd-oper:system-monitoring/cpu-utilization,spine2,,,0/RP0/CPU0,5,5,6

2020-02-02 19:46:40.591000+00:00,Cisco-IOS-XR-wdsysmon-fd-oper:system-monitoring/cpu-utilization,spine2,,,0/0/CPU0,5,5,5

2020-02-02 19:46:45.316000+00:00,Cisco-IOS-XR-wdsysmon-fd-oper:system-monitoring/cpu-utilization,spine2,,,0/RP0/CPU0,5,5,5

2020-02-02 19:46:45.894000+00:00,Cisco-IOS-XR-wdsysmon-fd-oper:system-monitoring/cpu-utilization,spine2,,,0/0/CPU0,5,5,5

2020-02-02 19:46:50.005000+00:00,Cisco-IOS-XR-wdsysmon-fd-oper:system-monitoring/cpu-utilization,spine2,,,0/RP0/CPU0,5,5,5

2020-02-02 19:46:50.584000+00:00,Cisco-IOS-XR-wdsysmon-fd-oper:system-monitoring/cpu-utilization,spine2,,,0/0/CPU0,5,5,5

2020-02-02 19:46:54.113000+00:00,Cisco-IOS-XR-wdsysmon-fd-oper:system-monitoring/cpu-utilization,spine2,,,0/RP0/CPU0,5,5,5

2020-02-02 19:46:54.689000+00:00,Cisco-IOS-XR-wdsysmon-fd-oper:system-monitoring/cpu-utilization,spine2,,,0/0/CPU0,5,5,5

2020-02-02 19:47:00.035000+00:00,Cisco-IOS-XR-wdsysmon-fd-oper:system-monitoring/cpu-utilization,spine2,,,0/RP0/CPU0,5,5,5

2020-02-02 19:47:00.610000+00:00,Cisco-IOS-XR-wdsysmon-fd-oper:system-monitoring/cpu-utilization,spine2,,,0/0/CPU0,5,5,5

2020-02-02 19:47:04.125000+00:00,Cisco-IOS-XR-wdsysmon-fd-oper:system-monitoring/cpu-utilization,spine2,,,0/RP0/CPU0,5,5,5

2020-02-02 19:47:04.701000+00:00,Cisco-IOS-XR-wdsysmon-fd-oper:system-monitoring/cpu-utilization,spine2,,,0/0/CPU0,5,5,5

2020-02-02 19:47:10.019000+00:00,Cisco-IOS-XR-wdsysmon-fd-oper:system-monitoring/cpu-utilization,spine2,,,0/RP0/CPU0,5,5,5

2020-02-02 19:47:10.594000+00:00,Cisco-IOS-XR-wdsysmon-fd-oper:system-monitoring/cpu-utilization,spine2,,,0/0/CPU0,5,5,5

2020-02-02 19:47:14.107000+00:00,Cisco-IOS-XR-wdsysmon-fd-oper:system-monitoring/cpu-utilization,spine2,,,0/RP0/CPU0,5,5,5

2020-02-02 19:47:14.682000+00:00,Cisco-IOS-XR-wdsysmon-fd-oper:system-monitoring/cpu-utilization,spine2,,,0/0/CPU0,5,5,5

2020-02-02 19:47:20.034000+00:00,Cisco-IOS-XR-wdsysmon-fd-oper:system-monitoring/cpu-utilization,spine2,,,0/RP0/CPU0,5,5,5

2020-02-02 19:47:20.609000+00:00,Cisco-IOS-XR-wdsysmon-fd-oper:system-monitoring/cpu-utilization,spine2,,,0/0/CPU0,5,5,5

2020-02-02 19:47:24.118000+00:00,Cisco-IOS-XR-wdsysmon-fd-oper:system-monitoring/cpu-utilization,spine2,,,0/RP0/CPU0,5,5,5

2020-02-02 19:47:24.693000+00:00,Cisco-IOS-XR-wdsysmon-fd-oper:system-monitoring/cpu-utilization,spine2,,,0/0/CPU0,5,5,5

2020-02-02 19:47:30.010000+00:00,Cisco-IOS-XR-wdsysmon-fd-oper:system-monitoring/cpu-utilization,spine2,,,0/RP0/CPU0,5,5,5

2020-02-02 19:47:30.585000+00:00,Cisco-IOS-XR-wdsysmon-fd-oper:system-monitoring/cpu-utilization,spine2,,,0/0/CPU0,5,5,5

2020-02-02 19:47:34.125000+00:00,Cisco-IOS-XR-wdsysmon-fd-oper:system-monitoring/cpu-utilization,spine2,,,0/RP0/CPU0,5,5,5

2020-02-02 19:47:34.700000+00:00,Cisco-IOS-XR-wdsysmon-fd-oper:system-monitoring/cpu-utilization,spine2,,,0/0/CPU0,5,5,5

2020-02-02 19:47:40.034000+00:00,Cisco-IOS-XR-wdsysmon-fd-oper:system-monitoring/cpu-utilization,spine2,,,0/RP0/CPU0,5,5,5

2020-02-02 19:47:40.609000+00:00,Cisco-IOS-XR-wdsysmon-fd-oper:system-monitoring/cpu-utilization,spine2,,,0/0/CPU0,5,5,5

2020-02-02 19:47:44.117000+00:00,Cisco-IOS-XR-wdsysmon-fd-oper:system-monitoring/cpu-utilization,spine2,,,0/RP0/CPU0,5,5,5

2020-02-02 19:47:44.691000+00:00,Cisco-IOS-XR-wdsysmon-fd-oper:system-monitoring/cpu-utilization,spine2,,,0/0/CPU0,5,5,5

2020-02-02 19:47:50.008000+00:00,Cisco-IOS-XR-wdsysmon-fd-oper:system-monitoring/cpu-utilization,spine2,,,0/RP0/CPU0,5,5,6

2020-02-02 19:47:50.582000+00:00,Cisco-IOS-XR-wdsysmon-fd-oper:system-monitoring/cpu-utilization,spine2,,,0/0/CPU0,5,5,5

2020-02-02 19:47:54.123000+00:00,Cisco-IOS-XR-wdsysmon-fd-oper:system-monitoring/cpu-utilization,spine2,,,0/RP0/CPU0,5,5,6

2020-02-02 19:47:54.697000+00:00,Cisco-IOS-XR-wdsysmon-fd-oper:system-monitoring/cpu-utilization,spine2,,,0/0/CPU0,5,5,5

2020-02-02 19:48:00.016000+00:00,Cisco-IOS-XR-wdsysmon-fd-oper:system-monitoring/cpu-utilization,spine2,,,0/RP0/CPU0,5,5,6

2020-02-02 19:48:00.590000+00:00,Cisco-IOS-XR-wdsysmon-fd-oper:system-monitoring/cpu-utilization,spine2,,,0/0/CPU0,5,5,5

2020-02-02 19:48:04.118000+00:00,Cisco-IOS-XR-wdsysmon-fd-oper:system-monitoring/cpu-utilization,spine2,,,0/RP0/CPU0,5,5,6

2020-02-02 19:48:04.693000+00:00,Cisco-IOS-XR-wdsysmon-fd-oper:system-monitoring/cpu-utilization,spine2,,,0/0/CPU0,5,5,5

2020-02-02 19:48:10.019000+00:00,Cisco-IOS-XR-wdsysmon-fd-oper:system-monitoring/cpu-utilization,spine2,,,0/RP0/CPU0,5,5,6

2020-02-02 19:48:10.594000+00:00,Cisco-IOS-XR-wdsysmon-fd-oper:system-monitoring/cpu-utilization,spine2,,,0/0/CPU0,5,5,5

2020-02-02 19:48:14.118000+00:00,Cisco-IOS-XR-wdsysmon-fd-oper:system-monitoring/cpu-utilization,spine2,,,0/RP0/CPU0,5,5,6

2020-02-02 19:48:14.694000+00:00,Cisco-IOS-XR-wdsysmon-fd-oper:system-monitoring/cpu-utilization,spine2,,,0/0/CPU0,5,5,5

2020-02-02 19:48:20.070000+00:00,Cisco-IOS-XR-wdsysmon-fd-oper:system-monitoring/cpu-utilization,spine2,,,0/RP0/CPU0,5,5,6

2020-02-02 19:48:20.646000+00:00,Cisco-IOS-XR-wdsysmon-fd-oper:system-monitoring/cpu-utilization,spine2,,,0/0/CPU0,5,5,5

2020-02-02 19:48:24.117000+00:00,Cisco-IOS-XR-wdsysmon-fd-oper:system-monitoring/cpu-utilization,spine2,,,0/RP0/CPU0,5,5,6

2020-02-02 19:48:24.818000+00:00,Cisco-IOS-XR-wdsysmon-fd-oper:system-monitoring/cpu-utilization,spine2,,,0/0/CPU0,5,5,5

2020-02-02 19:48:30.013000+00:00,Cisco-IOS-XR-wdsysmon-fd-oper:system-monitoring/cpu-utilization,spine2,,,0/RP0/CPU0,5,5,6

2020-02-02 19:48:30.588000+00:00,Cisco-IOS-XR-wdsysmon-fd-oper:system-monitoring/cpu-utilization,spine2,,,0/0/CPU0,5,5,5

2020-02-02 19:48:34.124000+00:00,Cisco-IOS-XR-wdsysmon-fd-oper:system-monitoring/cpu-utilization,spine2,,,0/RP0/CPU0,5,5,6

2020-02-02 19:48:34.699000+00:00,Cisco-IOS-XR-wdsysmon-fd-oper:system-monitoring/cpu-utilization,spine2,,,0/0/CPU0,5,5,5

2020-02-02 19:48:39.998000+00:00,Cisco-IOS-XR-wdsysmon-fd-oper:system-monitoring/cpu-utilization,spine2,,,0/RP0/CPU0,5,5,6

2020-02-02 19:48:40.573000+00:00,Cisco-IOS-XR-wdsysmon-fd-oper:system-monitoring/cpu-utilization,spine2,,,0/0/CPU0,5,5,5

2020-02-02 19:48:44.116000+00:00,Cisco-IOS-XR-wdsysmon-fd-oper:system-monitoring/cpu-utilization,spine2,,,0/RP0/CPU0,5,5,6

2020-02-02 19:48:44.690000+00:00,Cisco-IOS-XR-wdsysmon-fd-oper:system-monitoring/cpu-utilization,spine2,,,0/0/CPU0,5,5,5

2020-02-02 19:48:50.011000+00:00,Cisco-IOS-XR-wdsysmon-fd-oper:system-monitoring/cpu-utilization,spine2,,,0/RP0/CPU0,5,5,6

2020-02-02 19:48:50.586000+00:00,Cisco-IOS-XR-wdsysmon-fd-oper:system-monitoring/cpu-utilization,spine2,,,0/0/CPU0,5,5,5

2020-02-02 19:48:54.122000+00:00,Cisco-IOS-XR-wdsysmon-fd-oper:system-monitoring/cpu-utilization,spine2,,,0/RP0/CPU0,5,5,6

2020-02-02 19:48:54.696000+00:00,Cisco-IOS-XR-wdsysmon-fd-oper:system-monitoring/cpu-utilization,spine2,,,0/0/CPU0,5,5,5

2020-02-02 19:49:00.210000+00:00,Cisco-IOS-XR-wdsysmon-fd-oper:system-monitoring/cpu-utilization,spine2,,,0/RP0/CPU0,5,5,6

2020-02-02 19:49:00.784000+00:00,Cisco-IOS-XR-wdsysmon-fd-oper:system-monitoring/cpu-utilization,spine2,,,0/0/CPU0,5,5,5

2020-02-02 19:49:04.118000+00:00,Cisco-IOS-XR-wdsysmon-fd-oper:system-monitoring/cpu-utilization,spine2,,,0/RP0/CPU0,5,5,6

2020-02-02 19:49:04.701000+00:00,Cisco-IOS-XR-wdsysmon-fd-oper:system-monitoring/cpu-utilization,spine2,,,0/0/CPU0,5,5,5

2020-02-02 19:49:10.026000+00:00,Cisco-IOS-XR-wdsysmon-fd-oper:system-monitoring/cpu-utilization,spine2,,,0/RP0/CPU0,5,5,6

2020-02-02 19:49:10.609000+00:00,Cisco-IOS-XR-wdsysmon-fd-oper:system-monitoring/cpu-utilization,spine2,,,0/0/CPU0,5,5,5

2020-02-02 19:49:14.126000+00:00,Cisco-IOS-XR-wdsysmon-fd-oper:system-monitoring/cpu-utilization,spine2,,,0/RP0/CPU0,5,5,6

2020-02-02 19:49:14.709000+00:00,Cisco-IOS-XR-wdsysmon-fd-oper:system-monitoring/cpu-utilization,spine2,,,0/0/CPU0,5,5,5

2020-02-02 19:49:20.011000+00:00,Cisco-IOS-XR-wdsysmon-fd-oper:system-monitoring/cpu-utilization,spine2,,,0/RP0/CPU0,5,5,6

2020-02-02 19:49:20.593000+00:00,Cisco-IOS-XR-wdsysmon-fd-oper:system-monitoring/cpu-utilization,spine2,,,0/0/CPU0,5,5,5

2020-02-02 19:49:24.128000+00:00,Cisco-IOS-XR-wdsysmon-fd-oper:system-monitoring/cpu-utilization,spine2,,,0/RP0/CPU0,5,5,6

2020-02-02 19:49:24.706000+00:00,Cisco-IOS-XR-wdsysmon-fd-oper:system-monitoring/cpu-utilization,spine2,,,0/0/CPU0,5,5,5

2020-02-02 19:49:30.026000+00:00,Cisco-IOS-XR-wdsysmon-fd-oper:system-monitoring/cpu-utilization,spine2,,,0/RP0/CPU0,5,5,6

2020-02-02 19:49:30.611000+00:00,Cisco-IOS-XR-wdsysmon-fd-oper:system-monitoring/cpu-utilization,spine2,,,0/0/CPU0,5,5,5

2020-02-02 19:49:34.110000+00:00,Cisco-IOS-XR-wdsysmon-fd-oper:system-monitoring/cpu-utilization,spine2,,,0/RP0/CPU0,5,5,6

2020-02-02 19:49:34.694000+00:00,Cisco-IOS-XR-wdsysmon-fd-oper:system-monitoring/cpu-utilization,spine2,,,0/0/CPU0,5,5,5

2020-02-02 19:49:40.005000+00:00,Cisco-IOS-XR-wdsysmon-fd-oper:system-monitoring/cpu-utilization,spine2,,,0/RP0/CPU0,5,5,6

2020-02-02 19:49:40.590000+00:00,Cisco-IOS-XR-wdsysmon-fd-oper:system-monitoring/cpu-utilization,spine2,,,0/0/CPU0,5,5,5

2020-02-02 19:49:44.114000+00:00,Cisco-IOS-XR-wdsysmon-fd-oper:system-monitoring/cpu-utilization,spine2,,,0/RP0/CPU0,5,5,6

2020-02-02 19:49:44.699000+00:00,Cisco-IOS-XR-wdsysmon-fd-oper:system-monitoring/cpu-utilization,spine2,,,0/0/CPU0,5,5,5

2020-02-02 19:49:50.960000+00:00,Cisco-IOS-XR-wdsysmon-fd-oper:system-monitoring/cpu-utilization,spine2,,,0/RP0/CPU0,5,5,5

2020-02-02 19:49:51.545000+00:00,Cisco-IOS-XR-wdsysmon-fd-oper:system-monitoring/cpu-utilization,spine2,,,0/0/CPU0,5,5,5

2020-02-02 19:49:54.111000+00:00,Cisco-IOS-XR-wdsysmon-fd-oper:system-monitoring/cpu-utilization,spine2,,,0/RP0/CPU0,5,5,5

2020-02-02 19:49:54.695000+00:00,Cisco-IOS-XR-wdsysmon-fd-oper:system-monitoring/cpu-utilization,spine2,,,0/0/CPU0,5,5,5

2020-02-02 19:50:00.002000+00:00,Cisco-IOS-XR-wdsysmon-fd-oper:system-monitoring/cpu-utilization,spine2,,,0/RP0/CPU0,5,5,5

2020-02-02 19:50:00.586000+00:00,Cisco-IOS-XR-wdsysmon-fd-oper:system-monitoring/cpu-utilization,spine2,,,0/0/CPU0,5,5,5

2020-02-02 19:50:04.117000+00:00,Cisco-IOS-XR-wdsysmon-fd-oper:system-monitoring/cpu-utilization,spine2,,,0/RP0/CPU0,5,5,5

2020-02-02 19:50:04.702000+00:00,Cisco-IOS-XR-wdsysmon-fd-oper:system-monitoring/cpu-utilization,spine2,,,0/0/CPU0,5,5,5

2020-02-02 19:50:10.046000+00:00,Cisco-IOS-XR-wdsysmon-fd-oper:system-monitoring/cpu-utilization,spine2,,,0/RP0/CPU0,5,5,5

2020-02-02 19:50:10.630000+00:00,Cisco-IOS-XR-wdsysmon-fd-oper:system-monitoring/cpu-utilization,spine2,,,0/0/CPU0,5,5,5

2020-02-02 19:50:14.114000+00:00,Cisco-IOS-XR-wdsysmon-fd-oper:system-monitoring/cpu-utilization,spine2,,,0/RP0/CPU0,5,5,5

2020-02-02 19:50:14.698000+00:00,Cisco-IOS-XR-wdsysmon-fd-oper:system-monitoring/cpu-utilization,spine2,,,0/0/CPU0,5,5,5

2020-02-02 19:50:20.014000+00:00,Cisco-IOS-XR-wdsysmon-fd-oper:system-monitoring/cpu-utilization,spine2,,,0/RP0/CPU0,5,5,5

2020-02-02 19:50:20.599000+00:00,Cisco-IOS-XR-wdsysmon-fd-oper:system-monitoring/cpu-utilization,spine2,,,0/0/CPU0,5,5,5

2020-02-02 19:50:24.126000+00:00,Cisco-IOS-XR-wdsysmon-fd-oper:system-monitoring/cpu-utilization,spine2,,,0/RP0/CPU0,5,5,5

2020-02-02 19:50:24.710000+00:00,Cisco-IOS-XR-wdsysmon-fd-oper:system-monitoring/cpu-utilization,spine2,,,0/0/CPU0,5,5,5

2020-02-02 19:50:30.015000+00:00,Cisco-IOS-XR-wdsysmon-fd-oper:system-monitoring/cpu-utilization,spine2,,,0/RP0/CPU0,5,5,5

2020-02-02 19:50:30.599000+00:00,Cisco-IOS-XR-wdsysmon-fd-oper:system-monitoring/cpu-utilization,spine2,,,0/0/CPU0,5,5,5

2020-02-02 19:50:34.124000+00:00,Cisco-IOS-XR-wdsysmon-fd-oper:system-monitoring/cpu-utilization,spine2,,,0/RP0/CPU0,5,5,5

2020-02-02 19:50:34.708000+00:00,Cisco-IOS-XR-wdsysmon-fd-oper:system-monitoring/cpu-utilization,spine2,,,0/0/CPU0,5,5,5

2020-02-02 19:50:40.015000+00:00,Cisco-IOS-XR-wdsysmon-fd-oper:system-monitoring/cpu-utilization,spine2,,,0/RP0/CPU0,5,5,5

2020-02-02 19:50:40.599000+00:00,Cisco-IOS-XR-wdsysmon-fd-oper:system-monitoring/cpu-utilization,spine2,,,0/0/CPU0,5,5,5

2020-02-02 19:50:44.126000+00:00,Cisco-IOS-XR-wdsysmon-fd-oper:system-monitoring/cpu-utilization,spine2,,,0/RP0/CPU0,5,5,5

2020-02-02 19:50:44.711000+00:00,Cisco-IOS-XR-wdsysmon-fd-oper:system-monitoring/cpu-utilization,spine2,,,0/0/CPU0,5,5,5

2020-02-02 19:50:50.010000+00:00,Cisco-IOS-XR-wdsysmon-fd-oper:system-monitoring/cpu-utilization,spine2,,,0/RP0/CPU0,5,5,5

2020-02-02 19:50:50.595000+00:00,Cisco-IOS-XR-wdsysmon-fd-oper:system-monitoring/cpu-utilization,spine2,,,0/0/CPU0,5,5,5

2020-02-02 19:50:54.131000+00:00,Cisco-IOS-XR-wdsysmon-fd-oper:system-monitoring/cpu-utilization,spine2,,,0/RP0/CPU0,5,5,6

2020-02-02 19:50:54.716000+00:00,Cisco-IOS-XR-wdsysmon-fd-oper:system-monitoring/cpu-utilization,spine2,,,0/0/CPU0,5,5,5

2020-02-02 19:51:00.031000+00:00,Cisco-IOS-XR-wdsysmon-fd-oper:system-monitoring/cpu-utilization,spine2,,,0/RP0/CPU0,5,5,6

2020-02-02 19:51:00.614000+00:00,Cisco-IOS-XR-wdsysmon-fd-oper:system-monitoring/cpu-utilization,spine2,,,0/0/CPU0,5,5,5

2020-02-02 19:51:04.125000+00:00,Cisco-IOS-XR-wdsysmon-fd-oper:system-monitoring/cpu-utilization,spine2,,,0/RP0/CPU0,5,5,6

2020-02-02 19:51:04.708000+00:00,Cisco-IOS-XR-wdsysmon-fd-oper:system-monitoring/cpu-utilization,spine2,,,0/0/CPU0,5,5,5

2020-02-02 19:51:10.010000+00:00,Cisco-IOS-XR-wdsysmon-fd-oper:system-monitoring/cpu-utilization,spine2,,,0/RP0/CPU0,5,5,6

2020-02-02 19:51:10.590000+00:00,Cisco-IOS-XR-wdsysmon-fd-oper:system-monitoring/cpu-utilization,spine2,,,0/0/CPU0,5,5,5

2020-02-02 19:51:14.129000+00:00,Cisco-IOS-XR-wdsysmon-fd-oper:system-monitoring/cpu-utilization,spine2,,,0/RP0/CPU0,5,5,6

2020-02-02 19:51:14.708000+00:00,Cisco-IOS-XR-wdsysmon-fd-oper:system-monitoring/cpu-utilization,spine2,,,0/0/CPU0,5,5,5

2020-02-02 19:51:20.042000+00:00,Cisco-IOS-XR-wdsysmon-fd-oper:system-monitoring/cpu-utilization,spine2,,,0/RP0/CPU0,5,5,6

2020-02-02 19:51:20.621000+00:00,Cisco-IOS-XR-wdsysmon-fd-oper:system-monitoring/cpu-utilization,spine2,,,0/0/CPU0,5,5,5

2020-02-02 19:51:24.119000+00:00,Cisco-IOS-XR-wdsysmon-fd-oper:system-monitoring/cpu-utilization,spine2,,,0/RP0/CPU0,5,5,6

2020-02-02 19:51:24.698000+00:00,Cisco-IOS-XR-wdsysmon-fd-oper:system-monitoring/cpu-utilization,spine2,,,0/0/CPU0,5,5,5

2020-02-02 19:51:30.291000+00:00,Cisco-IOS-XR-wdsysmon-fd-oper:system-monitoring/cpu-utilization,spine2,,,0/RP0/CPU0,5,5,6

2020-02-02 19:51:30.871000+00:00,Cisco-IOS-XR-wdsysmon-fd-oper:system-monitoring/cpu-utilization,spine2,,,0/0/CPU0,5,5,5

2020-02-02 19:51:34.131000+00:00,Cisco-IOS-XR-wdsysmon-fd-oper:system-monitoring/cpu-utilization,spine2,,,0/RP0/CPU0,5,5,6

2020-02-02 19:51:34.711000+00:00,Cisco-IOS-XR-wdsysmon-fd-oper:system-monitoring/cpu-utilization,spine2,,,0/0/CPU0,5,5,5

2020-02-02 19:51:40.025000+00:00,Cisco-IOS-XR-wdsysmon-fd-oper:system-monitoring/cpu-utilization,spine2,,,0/RP0/CPU0,5,5,6

2020-02-02 19:51:40.605000+00:00,Cisco-IOS-XR-wdsysmon-fd-oper:system-monitoring/cpu-utilization,spine2,,,0/0/CPU0,5,5,5

2020-02-02 19:51:44.126000+00:00,Cisco-IOS-XR-wdsysmon-fd-oper:system-monitoring/cpu-utilization,spine2,,,0/RP0/CPU0,5,5,6

2020-02-02 19:51:44.706000+00:00,Cisco-IOS-XR-wdsysmon-fd-oper:system-monitoring/cpu-utilization,spine2,,,0/0/CPU0,5,5,5

2020-02-02 19:51:50.029000+00:00,Cisco-IOS-XR-wdsysmon-fd-oper:system-monitoring/cpu-utilization,spine2,,,0/RP0/CPU0,5,5,6

2020-02-02 19:51:50.610000+00:00,Cisco-IOS-XR-wdsysmon-fd-oper:system-monitoring/cpu-utilization,spine2,,,0/0/CPU0,5,5,5

2020-02-02 19:51:54.704000+00:00,Cisco-IOS-XR-wdsysmon-fd-oper:system-monitoring/cpu-utilization,spine2,,,0/RP0/CPU0,5,5,5

2020-02-02 19:51:55.287000+00:00,Cisco-IOS-XR-wdsysmon-fd-oper:system-monitoring/cpu-utilization,spine2,,,0/0/CPU0,5,5,5

2020-02-02 19:52:00.079000+00:00,Cisco-IOS-XR-wdsysmon-fd-oper:system-monitoring/cpu-utilization,spine2,,,0/RP0/CPU0,5,5,5

2020-02-02 19:52:00.664000+00:00,Cisco-IOS-XR-wdsysmon-fd-oper:system-monitoring/cpu-utilization,spine2,,,0/0/CPU0,5,5,5

2020-02-02 19:52:04.121000+00:00,Cisco-IOS-XR-wdsysmon-fd-oper:system-monitoring/cpu-utilization,spine2,,,0/RP0/CPU0,5,5,5

2020-02-02 19:52:04.704000+00:00,Cisco-IOS-XR-wdsysmon-fd-oper:system-monitoring/cpu-utilization,spine2,,,0/0/CPU0,5,5,5

2020-02-02 19:52:10.023000+00:00,Cisco-IOS-XR-wdsysmon-fd-oper:system-monitoring/cpu-utilization,spine2,,,0/RP0/CPU0,5,5,5

2020-02-02 19:52:10.606000+00:00,Cisco-IOS-XR-wdsysmon-fd-oper:system-monitoring/cpu-utilization,spine2,,,0/0/CPU0,5,5,5

2020-02-02 19:52:14.133000+00:00,Cisco-IOS-XR-wdsysmon-fd-oper:system-monitoring/cpu-utilization,spine2,,,0/RP0/CPU0,5,5,5

2020-02-02 19:52:14.716000+00:00,Cisco-IOS-XR-wdsysmon-fd-oper:system-monitoring/cpu-utilization,spine2,,,0/0/CPU0,5,5,5

2020-02-02 19:52:19.996000+00:00,Cisco-IOS-XR-wdsysmon-fd-oper:system-monitoring/cpu-utilization,spine2,,,0/RP0/CPU0,5,5,5

2020-02-02 19:52:20.580000+00:00,Cisco-IOS-XR-wdsysmon-fd-oper:system-monitoring/cpu-utilization,spine2,,,0/0/CPU0,5,5,5

2020-02-02 19:52:24.119000+00:00,Cisco-IOS-XR-wdsysmon-fd-oper:system-monitoring/cpu-utilization,spine2,,,0/RP0/CPU0,5,5,5

2020-02-02 19:52:24.697000+00:00,Cisco-IOS-XR-wdsysmon-fd-oper:system-monitoring/cpu-utilization,spine2,,,0/0/CPU0,5,5,5

2020-02-02 19:52:30.023000+00:00,Cisco-IOS-XR-wdsysmon-fd-oper:system-monitoring/cpu-utilization,spine2,,,0/RP0/CPU0,5,5,5

2020-02-02 19:52:30.601000+00:00,Cisco-IOS-XR-wdsysmon-fd-oper:system-monitoring/cpu-utilization,spine2,,,0/0/CPU0,5,5,5

2020-02-02 19:52:34.117000+00:00,Cisco-IOS-XR-wdsysmon-fd-oper:system-monitoring/cpu-utilization,spine2,,,0/RP0/CPU0,5,5,5

2020-02-02 19:52:34.696000+00:00,Cisco-IOS-XR-wdsysmon-fd-oper:system-monitoring/cpu-utilization,spine2,,,0/0/CPU0,5,5,5

2020-02-02 19:52:40.004000+00:00,Cisco-IOS-XR-wdsysmon-fd-oper:system-monitoring/cpu-utilization,spine2,,,0/RP0/CPU0,5,5,5

2020-02-02 19:52:40.583000+00:00,Cisco-IOS-XR-wdsysmon-fd-oper:system-monitoring/cpu-utilization,spine2,,,0/0/CPU0,5,5,5

2020-02-02 19:52:44.126000+00:00,Cisco-IOS-XR-wdsysmon-fd-oper:system-monitoring/cpu-utilization,spine2,,,0/RP0/CPU0,5,5,5

2020-02-02 19:52:44.704000+00:00,Cisco-IOS-XR-wdsysmon-fd-oper:system-monitoring/cpu-utilization,spine2,,,0/0/CPU0,5,5,5

2020-02-02 19:52:50.032000+00:00,Cisco-IOS-XR-wdsysmon-fd-oper:system-monitoring/cpu-utilization,spine2,,,0/RP0/CPU0,5,5,5

2020-02-02 19:52:50.610000+00:00,Cisco-IOS-XR-wdsysmon-fd-oper:system-monitoring/cpu-utilization,spine2,,,0/0/CPU0,5,5,5

2020-02-02 19:52:54.125000+00:00,Cisco-IOS-XR-wdsysmon-fd-oper:system-monitoring/cpu-utilization,spine2,,,0/RP0/CPU0,5,5,5

2020-02-02 19:52:54.708000+00:00,Cisco-IOS-XR-wdsysmon-fd-oper:system-monitoring/cpu-utilization,spine2,,,0/0/CPU0,5,5,5

2020-02-02 19:53:00.010000+00:00,Cisco-IOS-XR-wdsysmon-fd-oper:system-monitoring/cpu-utilization,spine2,,,0/RP0/CPU0,5,5,6

2020-02-02 19:53:00.588000+00:00,Cisco-IOS-XR-wdsysmon-fd-oper:system-monitoring/cpu-utilization,spine2,,,0/0/CPU0,5,5,5

2020-02-02 19:53:04.129000+00:00,Cisco-IOS-XR-wdsysmon-fd-oper:system-monitoring/cpu-utilization,spine2,,,0/RP0/CPU0,5,5,6

2020-02-02 19:53:04.714000+00:00,Cisco-IOS-XR-wdsysmon-fd-oper:system-monitoring/cpu-utilization,spine2,,,0/0/CPU0,5,5,5

2020-02-02 19:53:10.043000+00:00,Cisco-IOS-XR-wdsysmon-fd-oper:system-monitoring/cpu-utilization,spine2,,,0/RP0/CPU0,5,5,6

2020-02-02 19:53:10.628000+00:00,Cisco-IOS-XR-wdsysmon-fd-oper:system-monitoring/cpu-utilization,spine2,,,0/0/CPU0,5,5,5

2020-02-02 19:53:14.120000+00:00,Cisco-IOS-XR-wdsysmon-fd-oper:system-monitoring/cpu-utilization,spine2,,,0/RP0/CPU0,5,5,6

2020-02-02 19:53:14.706000+00:00,Cisco-IOS-XR-wdsysmon-fd-oper:system-monitoring/cpu-utilization,spine2,,,0/0/CPU0,5,5,5

2020-02-02 19:53:20.013000+00:00,Cisco-IOS-XR-wdsysmon-fd-oper:system-monitoring/cpu-utilization,spine2,,,0/RP0/CPU0,5,5,6

2020-02-02 19:53:20.598000+00:00,Cisco-IOS-XR-wdsysmon-fd-oper:system-monitoring/cpu-utilization,spine2,,,0/0/CPU0,5,5,5

2020-02-02 19:53:24.131000+00:00,Cisco-IOS-XR-wdsysmon-fd-oper:system-monitoring/cpu-utilization,spine2,,,0/RP0/CPU0,5,5,6

2020-02-02 19:53:24.716000+00:00,Cisco-IOS-XR-wdsysmon-fd-oper:system-monitoring/cpu-utilization,spine2,,,0/0/CPU0,5,5,5

2020-02-02 19:53:30.021000+00:00,Cisco-IOS-XR-wdsysmon-fd-oper:system-monitoring/cpu-utilization,spine2,,,0/RP0/CPU0,5,5,6

2020-02-02 19:53:30.606000+00:00,Cisco-IOS-XR-wdsysmon-fd-oper:system-monitoring/cpu-utilization,spine2,,,0/0/CPU0,5,5,5

2020-02-02 19:53:34.125000+00:00,Cisco-IOS-XR-wdsysmon-fd-oper:system-monitoring/cpu-utilization,spine2,,,0/RP0/CPU0,5,5,6

2020-02-02 19:53:34.752000+00:00,Cisco-IOS-XR-wdsysmon-fd-oper:system-monitoring/cpu-utilization,spine2,,,0/0/CPU0,5,5,5

2020-02-02 19:53:40.016000+00:00,Cisco-IOS-XR-wdsysmon-fd-oper:system-monitoring/cpu-utilization,spine2,,,0/RP0/CPU0,5,5,6

2020-02-02 19:53:40.591000+00:00,Cisco-IOS-XR-wdsysmon-fd-oper:system-monitoring/cpu-utilization,spine2,,,0/0/CPU0,5,5,5

2020-02-02 19:53:44.129000+00:00,Cisco-IOS-XR-wdsysmon-fd-oper:system-monitoring/cpu-utilization,spine2,,,0/RP0/CPU0,5,5,6

2020-02-02 19:53:44.705000+00:00,Cisco-IOS-XR-wdsysmon-fd-oper:system-monitoring/cpu-utilization,spine2,,,0/0/CPU0,5,5,5

2020-02-02 19:53:50.053000+00:00,Cisco-IOS-XR-wdsysmon-fd-oper:system-monitoring/cpu-utilization,spine2,,,0/RP0/CPU0,5,5,6

2020-02-02 19:53:50.629000+00:00,Cisco-IOS-XR-wdsysmon-fd-oper:system-monitoring/cpu-utilization,spine2,,,0/0/CPU0,5,5,5

2020-02-02 19:53:54.123000+00:00,Cisco-IOS-XR-wdsysmon-fd-oper:system-monitoring/cpu-utilization,spine2,,,0/RP0/CPU0,5,5,6

2020-02-02 19:53:54.698000+00:00,Cisco-IOS-XR-wdsysmon-fd-oper:system-monitoring/cpu-utilization,spine2,,,0/0/CPU0,5,5,5

2020-02-02 19:54:00.015000+00:00,Cisco-IOS-XR-wdsysmon-fd-oper:system-monitoring/cpu-utilization,spine2,,,0/RP0/CPU0,5,5,6

2020-02-02 19:54:00.590000+00:00,Cisco-IOS-XR-wdsysmon-fd-oper:system-monitoring/cpu-utilization,spine2,,,0/0/CPU0,5,5,5

2020-02-02 19:54:04.128000+00:00,Cisco-IOS-XR-wdsysmon-fd-oper:system-monitoring/cpu-utilization,spine2,,,0/RP0/CPU0,5,5,6

2020-02-02 19:54:04.704000+00:00,Cisco-IOS-XR-wdsysmon-fd-oper:system-monitoring/cpu-utilization,spine2,,,0/0/CPU0,5,5,5

2020-02-02 19:54:10.027000+00:00,Cisco-IOS-XR-wdsysmon-fd-oper:system-monitoring/cpu-utilization,spine2,,,0/RP0/CPU0,5,5,6

2020-02-02 19:54:10.603000+00:00,Cisco-IOS-XR-wdsysmon-fd-oper:system-monitoring/cpu-utilization,spine2,,,0/0/CPU0,5,5,5

2020-02-02 19:54:14.124000+00:00,Cisco-IOS-XR-wdsysmon-fd-oper:system-monitoring/cpu-utilization,spine2,,,0/RP0/CPU0,5,5,6

2020-02-02 19:54:14.699000+00:00,Cisco-IOS-XR-wdsysmon-fd-oper:system-monitoring/cpu-utilization,spine2,,,0/0/CPU0,5,5,5

2020-02-02 19:54:20.027000+00:00,Cisco-IOS-XR-wdsysmon-fd-oper:system-monitoring/cpu-utilization,spine2,,,0/RP0/CPU0,5,5,6

2020-02-02 19:54:20.602000+00:00,Cisco-IOS-XR-wdsysmon-fd-oper:system-monitoring/cpu-utilization,spine2,,,0/0/CPU0,5,5,5

2020-02-02 19:54:24.123000+00:00,Cisco-IOS-XR-wdsysmon-fd-oper:system-monitoring/cpu-utilization,spine2,,,0/RP0/CPU0,5,5,6

2020-02-02 19:54:24.698000+00:00,Cisco-IOS-XR-wdsysmon-fd-oper:system-monitoring/cpu-utilization,spine2,,,0/0/CPU0,5,5,5

2020-02-02 19:54:30.005000+00:00,Cisco-IOS-XR-wdsysmon-fd-oper:system-monitoring/cpu-utilization,spine2,,,0/RP0/CPU0,5,5,6

2020-02-02 19:54:30.584000+00:00,Cisco-IOS-XR-wdsysmon-fd-oper:system-monitoring/cpu-utilization,spine2,,,0/0/CPU0,5,5,5

2020-02-02 19:54:34.121000+00:00,Cisco-IOS-XR-wdsysmon-fd-oper:system-monitoring/cpu-utilization,spine2,,,0/RP0/CPU0,5,5,6

2020-02-02 19:54:34.700000+00:00,Cisco-IOS-XR-wdsysmon-fd-oper:system-monitoring/cpu-utilization,spine2,,,0/0/CPU0,5,5,5

2020-02-02 19:54:40.026000+00:00,Cisco-IOS-XR-wdsysmon-fd-oper:system-monitoring/cpu-utilization,spine2,,,0/RP0/CPU0,5,5,6

2020-02-02 19:54:40.611000+00:00,Cisco-IOS-XR-wdsysmon-fd-oper:system-monitoring/cpu-utilization,spine2,,,0/0/CPU0,5,5,5

2020-02-02 19:54:44.128000+00:00,Cisco-IOS-XR-wdsysmon-fd-oper:system-monitoring/cpu-utilization,spine2,,,0/RP0/CPU0,5,5,6

2020-02-02 19:54:44.713000+00:00,Cisco-IOS-XR-wdsysmon-fd-oper:system-monitoring/cpu-utilization,spine2,,,0/0/CPU0,5,5,5

2020-02-02 19:54:50.022000+00:00,Cisco-IOS-XR-wdsysmon-fd-oper:system-monitoring/cpu-utilization,spine2,,,0/RP0/CPU0,5,5,6

2020-02-02 19:54:50.607000+00:00,Cisco-IOS-XR-wdsysmon-fd-oper:system-monitoring/cpu-utilization,spine2,,,0/0/CPU0,5,5,5

2020-02-02 19:54:54.123000+00:00,Cisco-IOS-XR-wdsysmon-fd-oper:system-monitoring/cpu-utilization,spine2,,,0/RP0/CPU0,5,5,6

2020-02-02 19:54:54.709000+00:00,Cisco-IOS-XR-wdsysmon-fd-oper:system-monitoring/cpu-utilization,spine2,,,0/0/CPU0,5,5,5

2020-02-02 19:55:00.355000+00:00,Cisco-IOS-XR-wdsysmon-fd-oper:system-monitoring/cpu-utilization,spine2,,,0/RP0/CPU0,5,5,5

2020-02-02 19:55:00.941000+00:00,Cisco-IOS-XR-wdsysmon-fd-oper:system-monitoring/cpu-utilization,spine2,,,0/0/CPU0,5,5,5

2020-02-02 19:55:04.118000+00:00,Cisco-IOS-XR-wdsysmon-fd-oper:system-monitoring/cpu-utilization,spine2,,,0/RP0/CPU0,5,5,5

2020-02-02 19:55:04.703000+00:00,Cisco-IOS-XR-wdsysmon-fd-oper:system-monitoring/cpu-utilization,spine2,,,0/0/CPU0,5,5,5

2020-02-02 19:55:10.007000+00:00,Cisco-IOS-XR-wdsysmon-fd-oper:system-monitoring/cpu-utilization,spine2,,,0/RP0/CPU0,5,5,5

2020-02-02 19:55:10.591000+00:00,Cisco-IOS-XR-wdsysmon-fd-oper:system-monitoring/cpu-utilization,spine2,,,0/0/CPU0,5,5,5

2020-02-02 19:55:14.128000+00:00,Cisco-IOS-XR-wdsysmon-fd-oper:system-monitoring/cpu-utilization,spine2,,,0/RP0/CPU0,5,5,5

2020-02-02 19:55:14.713000+00:00,Cisco-IOS-XR-wdsysmon-fd-oper:system-monitoring/cpu-utilization,spine2,,,0/0/CPU0,5,5,5

2020-02-02 19:55:20.025000+00:00,Cisco-IOS-XR-wdsysmon-fd-oper:system-monitoring/cpu-utilization,spine2,,,0/RP0/CPU0,5,5,5

2020-02-02 19:55:20.610000+00:00,Cisco-IOS-XR-wdsysmon-fd-oper:system-monitoring/cpu-utilization,spine2,,,0/0/CPU0,5,5,5

2020-02-02 19:55:24.122000+00:00,Cisco-IOS-XR-wdsysmon-fd-oper:system-monitoring/cpu-utilization,spine2,,,0/RP0/CPU0,5,5,5

2020-02-02 19:55:24.707000+00:00,Cisco-IOS-XR-wdsysmon-fd-oper:system-monitoring/cpu-utilization,spine2,,,0/0/CPU0,5,5,5

2020-02-02 19:55:30.007000+00:00,Cisco-IOS-XR-wdsysmon-fd-oper:system-monitoring/cpu-utilization,spine2,,,0/RP0/CPU0,5,5,5

2020-02-02 19:55:30.591000+00:00,Cisco-IOS-XR-wdsysmon-fd-oper:system-monitoring/cpu-utilization,spine2,,,0/0/CPU0,5,5,5

2020-02-02 19:55:34.131000+00:00,Cisco-IOS-XR-wdsysmon-fd-oper:system-monitoring/cpu-utilization,spine2,,,0/RP0/CPU0,5,5,5

2020-02-02 19:55:34.716000+00:00,Cisco-IOS-XR-wdsysmon-fd-oper:system-monitoring/cpu-utilization,spine2,,,0/0/CPU0,5,5,5

2020-02-02 19:55:40.036000+00:00,Cisco-IOS-XR-wdsysmon-fd-oper:system-monitoring/cpu-utilization,spine2,,,0/RP0/CPU0,5,5,5

2020-02-02 19:55:40.621000+00:00,Cisco-IOS-XR-wdsysmon-fd-oper:system-monitoring/cpu-utilization,spine2,,,0/0/CPU0,5,5,5

2020-02-02 19:55:44.125000+00:00,Cisco-IOS-XR-wdsysmon-fd-oper:system-monitoring/cpu-utilization,spine2,,,0/RP0/CPU0,5,5,5

2020-02-02 19:55:44.710000+00:00,Cisco-IOS-XR-wdsysmon-fd-oper:system-monitoring/cpu-utilization,spine2,,,0/0/CPU0,5,5,5

2020-02-02 19:55:50.041000+00:00,Cisco-IOS-XR-wdsysmon-fd-oper:system-monitoring/cpu-utilization,spine2,,,0/RP0/CPU0,5,5,5

2020-02-02 19:55:50.616000+00:00,Cisco-IOS-XR-wdsysmon-fd-oper:system-monitoring/cpu-utilization,spine2,,,0/0/CPU0,5,5,5

2020-02-02 19:55:54.135000+00:00,Cisco-IOS-XR-wdsysmon-fd-oper:system-monitoring/cpu-utilization,spine2,,,0/RP0/CPU0,5,5,5

2020-02-02 19:55:54.711000+00:00,Cisco-IOS-XR-wdsysmon-fd-oper:system-monitoring/cpu-utilization,spine2,,,0/0/CPU0,5,5,5

2020-02-02 19:56:00.012000+00:00,Cisco-IOS-XR-wdsysmon-fd-oper:system-monitoring/cpu-utilization,spine2,,,0/RP0/CPU0,5,5,5

2020-02-02 19:56:00.595000+00:00,Cisco-IOS-XR-wdsysmon-fd-oper:system-monitoring/cpu-utilization,spine2,,,0/0/CPU0,5,5,5

2020-02-02 19:56:04.129000+00:00,Cisco-IOS-XR-wdsysmon-fd-oper:system-monitoring/cpu-utilization,spine2,,,0/RP0/CPU0,5,5,6

2020-02-02 19:56:04.707000+00:00,Cisco-IOS-XR-wdsysmon-fd-oper:system-monitoring/cpu-utilization,spine2,,,0/0/CPU0,5,5,5

2020-02-02 19:56:10.053000+00:00,Cisco-IOS-XR-wdsysmon-fd-oper:system-monitoring/cpu-utilization,spine2,,,0/RP0/CPU0,5,5,6

2020-02-02 19:56:10.631000+00:00,Cisco-IOS-XR-wdsysmon-fd-oper:system-monitoring/cpu-utilization,spine2,,,0/0/CPU0,5,5,5

2020-02-02 19:56:14.134000+00:00,Cisco-IOS-XR-wdsysmon-fd-oper:system-monitoring/cpu-utilization,spine2,,,0/RP0/CPU0,5,5,6

2020-02-02 19:56:14.712000+00:00,Cisco-IOS-XR-wdsysmon-fd-oper:system-monitoring/cpu-utilization,spine2,,,0/0/CPU0,5,5,5

2020-02-02 19:56:20.007000+00:00,Cisco-IOS-XR-wdsysmon-fd-oper:system-monitoring/cpu-utilization,spine2,,,0/RP0/CPU0,5,5,6

2020-02-02 19:56:20.585000+00:00,Cisco-IOS-XR-wdsysmon-fd-oper:system-monitoring/cpu-utilization,spine2,,,0/0/CPU0,5,5,5

2020-02-02 19:56:24.124000+00:00,Cisco-IOS-XR-wdsysmon-fd-oper:system-monitoring/cpu-utilization,spine2,,,0/RP0/CPU0,5,5,6

2020-02-02 19:56:24.702000+00:00,Cisco-IOS-XR-wdsysmon-fd-oper:system-monitoring/cpu-utilization,spine2,,,0/0/CPU0,5,5,5

2020-02-02 19:56:30.031000+00:00,Cisco-IOS-XR-wdsysmon-fd-oper:system-monitoring/cpu-utilization,spine2,,,0/RP0/CPU0,5,5,6

2020-02-02 19:56:30.614000+00:00,Cisco-IOS-XR-wdsysmon-fd-oper:system-monitoring/cpu-utilization,spine2,,,0/0/CPU0,5,5,5

2020-02-02 19:56:34.136000+00:00,Cisco-IOS-XR-wdsysmon-fd-oper:system-monitoring/cpu-utilization,spine2,,,0/RP0/CPU0,5,5,6

2020-02-02 19:56:34.719000+00:00,Cisco-IOS-XR-wdsysmon-fd-oper:system-monitoring/cpu-utilization,spine2,,,0/0/CPU0,5,5,5

2020-02-02 19:56:40.324000+00:00,Cisco-IOS-XR-wdsysmon-fd-oper:system-monitoring/cpu-utilization,spine2,,,0/RP0/CPU0,5,5,6

2020-02-02 19:56:40.907000+00:00,Cisco-IOS-XR-wdsysmon-fd-oper:system-monitoring/cpu-utilization,spine2,,,0/0/CPU0,5,5,5

2020-02-02 19:56:44.133000+00:00,Cisco-IOS-XR-wdsysmon-fd-oper:system-monitoring/cpu-utilization,spine2,,,0/RP0/CPU0,5,5,6

2020-02-02 19:56:44.716000+00:00,Cisco-IOS-XR-wdsysmon-fd-oper:system-monitoring/cpu-utilization,spine2,,,0/0/CPU0,5,5,5

2020-02-02 19:56:50.117000+00:00,Cisco-IOS-XR-wdsysmon-fd-oper:system-monitoring/cpu-utilization,spine2,,,0/RP0/CPU0,5,5,6

2020-02-02 19:56:50.696000+00:00,Cisco-IOS-XR-wdsysmon-fd-oper:system-monitoring/cpu-utilization,spine2,,,0/0/CPU0,5,5,5

2020-02-02 19:56:54.127000+00:00,Cisco-IOS-XR-wdsysmon-fd-oper:system-monitoring/cpu-utilization,spine2,,,0/RP0/CPU0,5,5,6

2020-02-02 19:56:54.705000+00:00,Cisco-IOS-XR-wdsysmon-fd-oper:system-monitoring/cpu-utilization,spine2,,,0/0/CPU0,5,5,5

2020-02-02 19:57:00.024000+00:00,Cisco-IOS-XR-wdsysmon-fd-oper:system-monitoring/cpu-utilization,spine2,,,0/RP0/CPU0,5,5,6

2020-02-02 19:57:00.610000+00:00,Cisco-IOS-XR-wdsysmon-fd-oper:system-monitoring/cpu-utilization,spine2,,,0/0/CPU0,5,5,5

2020-02-02 19:57:04.374000+00:00,Cisco-IOS-XR-wdsysmon-fd-oper:system-monitoring/cpu-utilization,spine2,,,0/RP0/CPU0,5,5,6

2020-02-02 19:57:04.953000+00:00,Cisco-IOS-XR-wdsysmon-fd-oper:system-monitoring/cpu-utilization,spine2,,,0/0/CPU0,5,5,5

2020-02-02 19:57:10.018000+00:00,Cisco-IOS-XR-wdsysmon-fd-oper:system-monitoring/cpu-utilization,spine2,,,0/RP0/CPU0,5,5,6

2020-02-02 19:57:10.596000+00:00,Cisco-IOS-XR-wdsysmon-fd-oper:system-monitoring/cpu-utilization,spine2,,,0/0/CPU0,5,5,5

2020-02-02 19:57:14.132000+00:00,Cisco-IOS-XR-wdsysmon-fd-oper:system-monitoring/cpu-utilization,spine2,,,0/RP0/CPU0,5,5,6

2020-02-02 19:57:14.711000+00:00,Cisco-IOS-XR-wdsysmon-fd-oper:system-monitoring/cpu-utilization,spine2,,,0/0/CPU0,5,5,5

2020-02-02 19:57:20.019000+00:00,Cisco-IOS-XR-wdsysmon-fd-oper:system-monitoring/cpu-utilization,spine2,,,0/RP0/CPU0,5,5,6

2020-02-02 19:57:20.598000+00:00,Cisco-IOS-XR-wdsysmon-fd-oper:system-monitoring/cpu-utilization,spine2,,,0/0/CPU0,5,5,5

2020-02-02 19:57:24.127000+00:00,Cisco-IOS-XR-wdsysmon-fd-oper:system-monitoring/cpu-utilization,spine2,,,0/RP0/CPU0,5,5,6

2020-02-02 19:57:24.706000+00:00,Cisco-IOS-XR-wdsysmon-fd-oper:system-monitoring/cpu-utilization,spine2,,,0/0/CPU0,5,5,5

2020-02-02 19:57:30.067000+00:00,Cisco-IOS-XR-wdsysmon-fd-oper:system-monitoring/cpu-utilization,spine2,,,0/RP0/CPU0,5,5,6

2020-02-02 19:57:30.645000+00:00,Cisco-IOS-XR-wdsysmon-fd-oper:system-monitoring/cpu-utilization,spine2,,,0/0/CPU0,5,5,5

2020-02-02 19:57:34.122000+00:00,Cisco-IOS-XR-wdsysmon-fd-oper:system-monitoring/cpu-utilization,spine2,,,0/RP0/CPU0,5,5,6

2020-02-02 19:57:34.700000+00:00,Cisco-IOS-XR-wdsysmon-fd-oper:system-monitoring/cpu-utilization,spine2,,,0/0/CPU0,5,5,5

2020-02-02 19:57:40.005000+00:00,Cisco-IOS-XR-wdsysmon-fd-oper:system-monitoring/cpu-utilization,spine2,,,0/RP0/CPU0,5,5,6

2020-02-02 19:57:40.589000+00:00,Cisco-IOS-XR-wdsysmon-fd-oper:system-monitoring/cpu-utilization,spine2,,,0/0/CPU0,5,5,5

2020-02-02 19:57:44.134000+00:00,Cisco-IOS-XR-wdsysmon-fd-oper:system-monitoring/cpu-utilization,spine2,,,0/RP0/CPU0,5,5,6

2020-02-02 19:57:44.714000+00:00,Cisco-IOS-XR-wdsysmon-fd-oper:system-monitoring/cpu-utilization,spine2,,,0/0/CPU0,5,5,5

2020-02-02 19:57:50.011000+00:00,Cisco-IOS-XR-wdsysmon-fd-oper:system-monitoring/cpu-utilization,spine2,,,0/RP0/CPU0,5,5,6

2020-02-02 19:57:50.592000+00:00,Cisco-IOS-XR-wdsysmon-fd-oper:system-monitoring/cpu-utilization,spine2,,,0/0/CPU0,5,5,5

2020-02-02 19:57:54.124000+00:00,Cisco-IOS-XR-wdsysmon-fd-oper:system-monitoring/cpu-utilization,spine2,,,0/RP0/CPU0,5,5,6

2020-02-02 19:57:54.704000+00:00,Cisco-IOS-XR-wdsysmon-fd-oper:system-monitoring/cpu-utilization,spine2,,,0/0/CPU0,5,5,5

2020-02-02 19:58:00.015000+00:00,Cisco-IOS-XR-wdsysmon-fd-oper:system-monitoring/cpu-utilization,spine2,,,0/RP0/CPU0,5,5,6

2020-02-02 19:58:00.596000+00:00,Cisco-IOS-XR-wdsysmon-fd-oper:system-monitoring/cpu-utilization,spine2,,,0/0/CPU0,5,5,5

2020-02-02 19:58:04.130000+00:00,Cisco-IOS-XR-wdsysmon-fd-oper:system-monitoring/cpu-utilization,spine2,,,0/RP0/CPU0,5,5,6

2020-02-02 19:58:04.716000+00:00,Cisco-IOS-XR-wdsysmon-fd-oper:system-monitoring/cpu-utilization,spine2,,,0/0/CPU0,5,5,5

2020-02-02 19:58:10.001000+00:00,Cisco-IOS-XR-wdsysmon-fd-oper:system-monitoring/cpu-utilization,spine2,,,0/RP0/CPU0,5,5,6

2020-02-02 19:58:10.582000+00:00,Cisco-IOS-XR-wdsysmon-fd-oper:system-monitoring/cpu-utilization,spine2,,,0/0/CPU0,5,5,5

2020-02-02 19:58:14.126000+00:00,Cisco-IOS-XR-wdsysmon-fd-oper:system-monitoring/cpu-utilization,spine2,,,0/RP0/CPU0,5,5,6

2020-02-02 19:58:14.709000+00:00,Cisco-IOS-XR-wdsysmon-fd-oper:system-monitoring/cpu-utilization,spine2,,,0/0/CPU0,5,5,5

2020-02-02 19:58:20.028000+00:00,Cisco-IOS-XR-wdsysmon-fd-oper:system-monitoring/cpu-utilization,spine2,,,0/RP0/CPU0,5,5,6

2020-02-02 19:58:20.612000+00:00,Cisco-IOS-XR-wdsysmon-fd-oper:system-monitoring/cpu-utilization,spine2,,,0/0/CPU0,5,5,5

2020-02-02 19:58:24.137000+00:00,Cisco-IOS-XR-wdsysmon-fd-oper:system-monitoring/cpu-utilization,spine2,,,0/RP0/CPU0,5,5,6

2020-02-02 19:58:24.721000+00:00,Cisco-IOS-XR-wdsysmon-fd-oper:system-monitoring/cpu-utilization,spine2,,,0/0/CPU0,5,5,5

2020-02-02 19:58:30.009000+00:00,Cisco-IOS-XR-wdsysmon-fd-oper:system-monitoring/cpu-utilization,spine2,,,0/RP0/CPU0,5,5,6

2020-02-02 19:58:30.593000+00:00,Cisco-IOS-XR-wdsysmon-fd-oper:system-monitoring/cpu-utilization,spine2,,,0/0/CPU0,5,5,5

2020-02-02 19:58:34.137000+00:00,Cisco-IOS-XR-wdsysmon-fd-oper:system-monitoring/cpu-utilization,spine2,,,0/RP0/CPU0,5,5,6

2020-02-02 19:58:34.717000+00:00,Cisco-IOS-XR-wdsysmon-fd-oper:system-monitoring/cpu-utilization,spine2,,,0/0/CPU0,5,5,5

2020-02-02 19:58:40.024000+00:00,Cisco-IOS-XR-wdsysmon-fd-oper:system-monitoring/cpu-utilization,spine2,,,0/RP0/CPU0,5,5,6

2020-02-02 19:58:40.604000+00:00,Cisco-IOS-XR-wdsysmon-fd-oper:system-monitoring/cpu-utilization,spine2,,,0/0/CPU0,5,5,5

2020-02-02 19:58:44.134000+00:00,Cisco-IOS-XR-wdsysmon-fd-oper:system-monitoring/cpu-utilization,spine2,,,0/RP0/CPU0,5,5,6

2020-02-02 19:58:44.740000+00:00,Cisco-IOS-XR-wdsysmon-fd-oper:system-monitoring/cpu-utilization,spine2,,,0/0/CPU0,5,5,5

2020-02-02 19:58:50.021000+00:00,Cisco-IOS-XR-wdsysmon-fd-oper:system-monitoring/cpu-utilization,spine2,,,0/RP0/CPU0,5,5,6

2020-02-02 19:58:50.606000+00:00,Cisco-IOS-XR-wdsysmon-fd-oper:system-monitoring/cpu-utilization,spine2,,,0/0/CPU0,5,5,5

2020-02-02 19:58:54.138000+00:00,Cisco-IOS-XR-wdsysmon-fd-oper:system-monitoring/cpu-utilization,spine2,,,0/RP0/CPU0,5,5,6

2020-02-02 19:58:54.722000+00:00,Cisco-IOS-XR-wdsysmon-fd-oper:system-monitoring/cpu-utilization,spine2,,,0/0/CPU0,5,5,5

2020-02-02 19:59:00.023000+00:00,Cisco-IOS-XR-wdsysmon-fd-oper:system-monitoring/cpu-utilization,spine2,,,0/RP0/CPU0,5,5,6

2020-02-02 19:59:00.607000+00:00,Cisco-IOS-XR-wdsysmon-fd-oper:system-monitoring/cpu-utilization,spine2,,,0/0/CPU0,5,5,5

2020-02-02 19:59:04.127000+00:00,Cisco-IOS-XR-wdsysmon-fd-oper:system-monitoring/cpu-utilization,spine2,,,0/RP0/CPU0,5,5,6

2020-02-02 19:59:04.711000+00:00,Cisco-IOS-XR-wdsysmon-fd-oper:system-monitoring/cpu-utilization,spine2,,,0/0/CPU0,5,5,5

2020-02-02 19:59:10.036000+00:00,Cisco-IOS-XR-wdsysmon-fd-oper:system-monitoring/cpu-utilization,spine2,,,0/RP0/CPU0,5,5,5

2020-02-02 19:59:10.621000+00:00,Cisco-IOS-XR-wdsysmon-fd-oper:system-monitoring/cpu-utilization,spine2,,,0/0/CPU0,5,5,5

2020-02-02 19:59:14.140000+00:00,Cisco-IOS-XR-wdsysmon-fd-oper:system-monitoring/cpu-utilization,spine2,,,0/RP0/CPU0,5,5,5

2020-02-02 19:59:14.723000+00:00,Cisco-IOS-XR-wdsysmon-fd-oper:system-monitoring/cpu-utilization,spine2,,,0/0/CPU0,5,5,5

2020-02-02 19:59:20.060000+00:00,Cisco-IOS-XR-wdsysmon-fd-oper:system-monitoring/cpu-utilization,spine2,,,0/RP0/CPU0,5,5,5

2020-02-02 19:59:20.645000+00:00,Cisco-IOS-XR-wdsysmon-fd-oper:system-monitoring/cpu-utilization,spine2,,,0/0/CPU0,5,5,5

2020-02-02 19:59:24.128000+00:00,Cisco-IOS-XR-wdsysmon-fd-oper:system-monitoring/cpu-utilization,spine2,,,0/RP0/CPU0,5,5,5

2020-02-02 19:59:24.707000+00:00,Cisco-IOS-XR-wdsysmon-fd-oper:system-monitoring/cpu-utilization,spine2,,,0/0/CPU0,5,5,5

2020-02-02 19:59:30.034000+00:00,Cisco-IOS-XR-wdsysmon-fd-oper:system-monitoring/cpu-utilization,spine2,,,0/RP0/CPU0,5,5,5

2020-02-02 19:59:30.613000+00:00,Cisco-IOS-XR-wdsysmon-fd-oper:system-monitoring/cpu-utilization,spine2,,,0/0/CPU0,5,5,5

2020-02-02 19:59:34.133000+00:00,Cisco-IOS-XR-wdsysmon-fd-oper:system-monitoring/cpu-utilization,spine2,,,0/RP0/CPU0,5,5,5

2020-02-02 19:59:34.712000+00:00,Cisco-IOS-XR-wdsysmon-fd-oper:system-monitoring/cpu-utilization,spine2,,,0/0/CPU0,5,5,5

2020-02-02 19:59:40.017000+00:00,Cisco-IOS-XR-wdsysmon-fd-oper:system-monitoring/cpu-utilization,spine2,,,0/RP0/CPU0,5,5,5

2020-02-02 19:59:40.595000+00:00,Cisco-IOS-XR-wdsysmon-fd-oper:system-monitoring/cpu-utilization,spine2,,,0/0/CPU0,5,5,5

