,Producer,Target,host,node-name,process-cpu/process-cpu-fifteen-minute,process-cpu/process-cpu-five-minute,process-cpu/process-cpu-one-minute,process-cpu/process-id,process-cpu/process-name,total-cpu-fifteen-minute,total-cpu-five-minute,total-cpu-one-minute

2020-02-02 20:16:57.897000+00:00,dr02,cpumem-sub1,obt-collector1,0/RP0/CPU0,0,0,0,20557,sleep,2,3,2

2020-02-02 20:16:58.281000+00:00,dr02,cpumem-sub1,obt-collector1,0/0/CPU0,0,0,0,11216,udp,14,15,15

2020-02-02 20:16:58.657000+00:00,dr02,cpumem-sub1,obt-collector1,0/1/CPU0,0,0,0,5131,sleep,14,14,15

2020-02-02 20:17:19.588000+00:00,dr02,cpumem-sub1,obt-collector1,0/RP0/CPU0,0,0,0,20557,sleep,2,3,2

2020-02-02 20:17:19.971000+00:00,dr02,cpumem-sub1,obt-collector1,0/0/CPU0,0,0,0,11216,udp,15,15,15

2020-02-02 20:17:20.354000+00:00,dr02,cpumem-sub1,obt-collector1,0/1/CPU0,0,0,0,5131,sleep,14,14,15

2020-02-02 20:17:41.309000+00:00,dr02,cpumem-sub1,obt-collector1,0/RP0/CPU0,0,0,0,20623,sleep,2,3,2

2020-02-02 20:17:41.692000+00:00,dr02,cpumem-sub1,obt-collector1,0/0/CPU0,0,0,0,11216,udp,15,15,15

2020-02-02 20:17:42.075000+00:00,dr02,cpumem-sub1,obt-collector1,0/1/CPU0,0,0,0,5131,sleep,14,14,15

2020-02-02 20:18:02.952000+00:00,dr02,cpumem-sub1,obt-collector1,0/RP0/CPU0,0,0,0,20623,sleep,2,3,2

2020-02-02 20:18:03.335000+00:00,dr02,cpumem-sub1,obt-collector1,0/0/CPU0,0,0,0,11216,udp,15,15,15

2020-02-02 20:18:03.724000+00:00,dr02,cpumem-sub1,obt-collector1,0/1/CPU0,0,0,0,5133,sleep,14,14,14

2020-02-02 20:18:24.721000+00:00,dr02,cpumem-sub1,obt-collector1,0/RP0/CPU0,0,0,0,20623,sleep,2,3,2

2020-02-02 20:18:25.103000+00:00,dr02,cpumem-sub1,obt-collector1,0/0/CPU0,0,0,0,11216,udp,15,15,15

2020-02-02 20:18:25.487000+00:00,dr02,cpumem-sub1,obt-collector1,0/1/CPU0,0,0,0,5133,sleep,14,14,14

2020-02-02 20:18:46.380000+00:00,dr02,cpumem-sub1,obt-collector1,0/RP0/CPU0,0,0,0,21118,sleep,2,3,3

2020-02-02 20:18:46.764000+00:00,dr02,cpumem-sub1,obt-collector1,0/0/CPU0,0,0,0,11216,udp,15,15,15

2020-02-02 20:18:47.138000+00:00,dr02,cpumem-sub1,obt-collector1,0/1/CPU0,0,0,0,5133,sleep,14,14,14

2020-02-02 20:19:08.008000+00:00,dr02,cpumem-sub1,obt-collector1,0/RP0/CPU0,0,0,0,21118,sleep,2,3,3

2020-02-02 20:19:08.391000+00:00,dr02,cpumem-sub1,obt-collector1,0/0/CPU0,0,0,0,11216,udp,15,15,15

2020-02-02 20:19:08.785000+00:00,dr02,cpumem-sub1,obt-collector1,0/1/CPU0,0,0,0,5134,sleep,14,14,15

2020-02-02 20:19:29.688000+00:00,dr02,cpumem-sub1,obt-collector1,0/RP0/CPU0,0,0,0,21118,sleep,2,3,3

2020-02-02 20:19:30.069000+00:00,dr02,cpumem-sub1,obt-collector1,0/0/CPU0,0,0,0,11216,udp,15,14,15

2020-02-02 20:19:30.454000+00:00,dr02,cpumem-sub1,obt-collector1,0/1/CPU0,0,0,0,5134,sleep,14,14,15

2020-02-02 20:19:51.352000+00:00,dr02,cpumem-sub1,obt-collector1,0/RP0/CPU0,0,0,0,21128,sleep,2,2,1

2020-02-02 20:19:51.735000+00:00,dr02,cpumem-sub1,obt-collector1,0/0/CPU0,0,0,0,11216,udp,15,14,15

2020-02-02 20:19:52.121000+00:00,dr02,cpumem-sub1,obt-collector1,0/1/CPU0,0,0,0,5134,sleep,14,14,15

2020-02-02 20:20:13.033000+00:00,dr02,cpumem-sub1,obt-collector1,0/RP0/CPU0,0,0,0,21128,sleep,2,2,1

2020-02-02 20:20:13.416000+00:00,dr02,cpumem-sub1,obt-collector1,0/0/CPU0,0,0,0,11216,udp,15,14,15

2020-02-02 20:20:13.801000+00:00,dr02,cpumem-sub1,obt-collector1,0/1/CPU0,0,0,0,5136,sleep,14,14,15

2020-02-02 20:20:36.009000+00:00,dr02,cpumem-sub1,obt-collector1,0/RP0/CPU0,0,0,0,21154,sleep,2,2,2

2020-02-02 20:20:36.386000+00:00,dr02,cpumem-sub1,obt-collector1,0/0/CPU0,0,0,0,11216,udp,15,15,15

2020-02-02 20:20:36.776000+00:00,dr02,cpumem-sub1,obt-collector1,0/1/CPU0,0,0,0,5136,sleep,14,14,15

2020-02-02 20:20:57.714000+00:00,dr02,cpumem-sub1,obt-collector1,0/RP0/CPU0,0,0,0,21154,sleep,2,2,2

2020-02-02 20:20:58.091000+00:00,dr02,cpumem-sub1,obt-collector1,0/0/CPU0,0,0,0,11216,udp,15,15,15

2020-02-02 20:20:58.474000+00:00,dr02,cpumem-sub1,obt-collector1,0/1/CPU0,0,0,0,5136,sleep,14,14,15

2020-02-02 20:21:19.390000+00:00,dr02,cpumem-sub1,obt-collector1,0/RP0/CPU0,0,0,0,21154,sleep,2,2,2

2020-02-02 20:21:19.811000+00:00,dr02,cpumem-sub1,obt-collector1,0/0/CPU0,0,0,0,11216,udp,15,15,15

2020-02-02 20:21:20.207000+00:00,dr02,cpumem-sub1,obt-collector1,0/1/CPU0,0,0,0,5153,sleep,14,14,15

2020-02-02 20:21:41.187000+00:00,dr02,cpumem-sub1,obt-collector1,0/RP0/CPU0,0,0,0,21162,sleep,2,2,2

2020-02-02 20:21:41.561000+00:00,dr02,cpumem-sub1,obt-collector1,0/0/CPU0,0,0,0,11216,udp,15,15,15

2020-02-02 20:21:41.945000+00:00,dr02,cpumem-sub1,obt-collector1,0/1/CPU0,0,0,0,5153,sleep,14,14,15

2020-02-02 20:22:02.944000+00:00,dr02,cpumem-sub1,obt-collector1,0/RP0/CPU0,0,0,0,21162,sleep,2,2,2

2020-02-02 20:22:03.325000+00:00,dr02,cpumem-sub1,obt-collector1,0/0/CPU0,0,0,0,11216,udp,15,15,15

2020-02-02 20:22:03.710000+00:00,dr02,cpumem-sub1,obt-collector1,0/1/CPU0,0,0,0,5154,sleep,14,14,14

2020-02-02 20:22:24.711000+00:00,dr02,cpumem-sub1,obt-collector1,0/RP0/CPU0,0,0,0,21162,sleep,2,2,2

2020-02-02 20:22:25.084000+00:00,dr02,cpumem-sub1,obt-collector1,0/0/CPU0,0,0,0,11216,udp,15,15,16

2020-02-02 20:22:25.468000+00:00,dr02,cpumem-sub1,obt-collector1,0/1/CPU0,0,0,0,5154,sleep,14,14,14

2020-02-02 20:22:46.370000+00:00,dr02,cpumem-sub1,obt-collector1,0/RP0/CPU0,0,0,0,21174,sleep,2,2,2

2020-02-02 20:22:46.751000+00:00,dr02,cpumem-sub1,obt-collector1,0/0/CPU0,0,0,0,11216,udp,15,15,16

2020-02-02 20:22:47.132000+00:00,dr02,cpumem-sub1,obt-collector1,0/1/CPU0,0,0,0,5154,sleep,14,14,14

2020-02-02 20:23:07.983000+00:00,dr02,cpumem-sub1,obt-collector1,0/RP0/CPU0,0,0,0,21174,sleep,2,2,2

2020-02-02 20:23:08.358000+00:00,dr02,cpumem-sub1,obt-collector1,0/0/CPU0,0,0,0,11216,udp,15,15,16

2020-02-02 20:23:08.740000+00:00,dr02,cpumem-sub1,obt-collector1,0/1/CPU0,0,0,0,5156,sleep,14,14,14

2020-02-02 20:23:29.677000+00:00,dr02,cpumem-sub1,obt-collector1,0/RP0/CPU0,0,0,0,21174,sleep,2,2,2

2020-02-02 20:23:30.066000+00:00,dr02,cpumem-sub1,obt-collector1,0/0/CPU0,0,0,0,11216,udp,15,15,15

2020-02-02 20:23:30.457000+00:00,dr02,cpumem-sub1,obt-collector1,0/1/CPU0,0,0,0,5156,sleep,14,14,14

2020-02-02 20:23:51.424000+00:00,dr02,cpumem-sub1,obt-collector1,0/RP0/CPU0,0,0,0,21181,sleep,2,1,2

2020-02-02 20:23:51.806000+00:00,dr02,cpumem-sub1,obt-collector1,0/0/CPU0,0,0,0,11216,udp,15,15,15

2020-02-02 20:23:52.201000+00:00,dr02,cpumem-sub1,obt-collector1,0/1/CPU0,0,0,0,5156,sleep,14,14,14

2020-02-02 20:24:13.092000+00:00,dr02,cpumem-sub1,obt-collector1,0/RP0/CPU0,0,0,0,21181,sleep,2,1,2

2020-02-02 20:24:13.473000+00:00,dr02,cpumem-sub1,obt-collector1,0/0/CPU0,0,0,0,11216,udp,15,15,15

2020-02-02 20:24:13.859000+00:00,dr02,cpumem-sub1,obt-collector1,0/1/CPU0,0,0,0,5157,sleep,14,14,14

2020-02-02 20:24:34.727000+00:00,dr02,cpumem-sub1,obt-collector1,0/RP0/CPU0,0,0,0,21181,sleep,2,1,2

2020-02-02 20:24:35.109000+00:00,dr02,cpumem-sub1,obt-collector1,0/0/CPU0,0,0,0,11216,udp,15,15,15

2020-02-02 20:24:35.483000+00:00,dr02,cpumem-sub1,obt-collector1,0/1/CPU0,0,0,0,5157,sleep,14,14,14

2020-02-02 20:24:56.514000+00:00,dr02,cpumem-sub1,obt-collector1,0/RP0/CPU0,0,0,0,21193,sleep,2,2,2

2020-02-02 20:24:56.889000+00:00,dr02,cpumem-sub1,obt-collector1,0/0/CPU0,0,0,0,11216,udp,15,15,15

2020-02-02 20:24:57.267000+00:00,dr02,cpumem-sub1,obt-collector1,0/1/CPU0,0,0,0,5157,sleep,14,14,14

2020-02-02 20:25:18.175000+00:00,dr02,cpumem-sub1,obt-collector1,0/RP0/CPU0,0,0,0,21193,sleep,2,2,2

2020-02-02 20:25:18.548000+00:00,dr02,cpumem-sub1,obt-collector1,0/0/CPU0,0,0,0,11216,udp,15,15,15

2020-02-02 20:25:18.941000+00:00,dr02,cpumem-sub1,obt-collector1,0/1/CPU0,0,0,0,5159,sleep,14,14,15

2020-02-02 20:25:39.961000+00:00,dr02,cpumem-sub1,obt-collector1,0/RP0/CPU0,0,0,0,21193,sleep,2,2,2

2020-02-02 20:25:40.343000+00:00,dr02,cpumem-sub1,obt-collector1,0/0/CPU0,0,0,0,11216,udp,14,15,14

2020-02-02 20:25:40.725000+00:00,dr02,cpumem-sub1,obt-collector1,0/1/CPU0,0,0,0,5159,sleep,14,14,15

2020-02-02 20:26:01.773000+00:00,dr02,cpumem-sub1,obt-collector1,0/RP0/CPU0,0,0,0,21215,sleep,2,2,2

2020-02-02 20:26:02.165000+00:00,dr02,cpumem-sub1,obt-collector1,0/0/CPU0,0,0,0,11216,udp,14,15,14

2020-02-02 20:26:02.548000+00:00,dr02,cpumem-sub1,obt-collector1,0/1/CPU0,0,0,0,5159,sleep,14,14,15

2020-02-02 20:26:23.512000+00:00,dr02,cpumem-sub1,obt-collector1,0/RP0/CPU0,0,0,0,21215,sleep,2,2,2

2020-02-02 20:26:24.104000+00:00,dr02,cpumem-sub1,obt-collector1,0/0/CPU0,0,0,0,11216,udp,15,15,15

2020-02-02 20:26:24.479000+00:00,dr02,cpumem-sub1,obt-collector1,0/1/CPU0,0,0,0,5180,sleep,14,14,15

2020-02-02 20:26:45.438000+00:00,dr02,cpumem-sub1,obt-collector1,0/RP0/CPU0,0,0,0,21215,sleep,2,2,2

2020-02-02 20:26:45.825000+00:00,dr02,cpumem-sub1,obt-collector1,0/0/CPU0,0,0,0,11216,udp,15,15,15

2020-02-02 20:26:46.212000+00:00,dr02,cpumem-sub1,obt-collector1,0/1/CPU0,0,0,0,5180,sleep,14,14,15

2020-02-02 20:27:07.093000+00:00,dr02,cpumem-sub1,obt-collector1,0/RP0/CPU0,0,0,0,21227,sleep,2,2,2

2020-02-02 20:27:07.480000+00:00,dr02,cpumem-sub1,obt-collector1,0/0/CPU0,0,0,0,11216,udp,15,15,15

2020-02-02 20:27:07.909000+00:00,dr02,cpumem-sub1,obt-collector1,0/1/CPU0,0,0,0,5181,sleep,14,14,15

2020-02-02 20:27:28.852000+00:00,dr02,cpumem-sub1,obt-collector1,0/RP0/CPU0,0,0,0,21227,sleep,2,2,2

2020-02-02 20:27:29.237000+00:00,dr02,cpumem-sub1,obt-collector1,0/0/CPU0,0,0,0,11216,udp,15,15,16

2020-02-02 20:27:29.617000+00:00,dr02,cpumem-sub1,obt-collector1,0/1/CPU0,0,0,0,5181,sleep,14,14,15

2020-02-02 20:27:50.999000+00:00,dr02,cpumem-sub1,obt-collector1,0/RP0/CPU0,0,0,0,21257,sleep,2,2,2

2020-02-02 20:27:51.393000+00:00,dr02,cpumem-sub1,obt-collector1,0/0/CPU0,0,0,0,11216,udp,15,15,16

2020-02-02 20:27:51.777000+00:00,dr02,cpumem-sub1,obt-collector1,0/1/CPU0,0,0,0,5181,sleep,14,14,15

2020-02-02 20:28:12.718000+00:00,dr02,cpumem-sub1,obt-collector1,0/RP0/CPU0,0,0,0,21257,sleep,2,2,2

2020-02-02 20:28:13.108000+00:00,dr02,cpumem-sub1,obt-collector1,0/0/CPU0,0,0,0,11216,udp,15,15,16

2020-02-02 20:28:13.500000+00:00,dr02,cpumem-sub1,obt-collector1,0/1/CPU0,0,0,0,5183,sleep,14,14,14

2020-02-02 20:28:34.452000+00:00,dr02,cpumem-sub1,obt-collector1,0/RP0/CPU0,0,0,0,21257,sleep,2,2,2

2020-02-02 20:28:34.834000+00:00,dr02,cpumem-sub1,obt-collector1,0/0/CPU0,0,0,0,11216,udp,15,15,15

2020-02-02 20:28:35.235000+00:00,dr02,cpumem-sub1,obt-collector1,0/1/CPU0,0,0,0,5183,sleep,14,14,14

2020-02-02 20:28:56.369000+00:00,dr02,cpumem-sub1,obt-collector1,0/RP0/CPU0,0,0,0,21268,sleep,2,2,2

2020-02-02 20:28:56.754000+00:00,dr02,cpumem-sub1,obt-collector1,0/0/CPU0,0,0,0,11216,udp,15,15,15

2020-02-02 20:28:57.146000+00:00,dr02,cpumem-sub1,obt-collector1,0/1/CPU0,0,0,0,5183,sleep,14,14,14

2020-02-02 20:29:18.073000+00:00,dr02,cpumem-sub1,obt-collector1,0/RP0/CPU0,0,0,0,21268,sleep,2,2,2

2020-02-02 20:29:18.456000+00:00,dr02,cpumem-sub1,obt-collector1,0/0/CPU0,0,0,0,11216,udp,15,15,15

2020-02-02 20:29:18.846000+00:00,dr02,cpumem-sub1,obt-collector1,0/1/CPU0,0,0,0,5185,sleep,14,14,14

2020-02-02 20:29:39.822000+00:00,dr02,cpumem-sub1,obt-collector1,0/RP0/CPU0,0,0,0,21268,sleep,2,2,2

2020-02-02 20:29:40.205000+00:00,dr02,cpumem-sub1,obt-collector1,0/0/CPU0,0,0,0,11216,udp,15,15,15

2020-02-02 20:29:40.591000+00:00,dr02,cpumem-sub1,obt-collector1,0/1/CPU0,0,0,0,5185,sleep,14,14,14

2020-02-02 20:30:01.591000+00:00,dr02,cpumem-sub1,obt-collector1,0/RP0/CPU0,0,0,0,21276,sleep,2,2,2

2020-02-02 20:30:01.975000+00:00,dr02,cpumem-sub1,obt-collector1,0/0/CPU0,0,0,0,11216,udp,15,15,15

2020-02-02 20:30:02.364000+00:00,dr02,cpumem-sub1,obt-collector1,0/1/CPU0,0,0,0,5185,sleep,14,14,14

2020-02-02 20:30:23.372000+00:00,dr02,cpumem-sub1,obt-collector1,0/RP0/CPU0,0,0,0,21276,sleep,2,2,2

2020-02-02 20:30:23.754000+00:00,dr02,cpumem-sub1,obt-collector1,0/0/CPU0,0,0,0,11216,udp,15,15,15

2020-02-02 20:30:24.139000+00:00,dr02,cpumem-sub1,obt-collector1,0/1/CPU0,0,0,0,5186,sleep,14,14,15

2020-02-02 20:30:45.041000+00:00,dr02,cpumem-sub1,obt-collector1,0/RP0/CPU0,0,0,0,21276,sleep,2,2,2

2020-02-02 20:30:45.416000+00:00,dr02,cpumem-sub1,obt-collector1,0/0/CPU0,0,0,0,11216,udp,15,15,15

2020-02-02 20:30:45.800000+00:00,dr02,cpumem-sub1,obt-collector1,0/1/CPU0,0,0,0,5186,sleep,14,14,15

2020-02-02 20:31:06.725000+00:00,dr02,cpumem-sub1,obt-collector1,0/RP0/CPU0,0,0,0,21303,sleep,2,2,2

2020-02-02 20:31:07.107000+00:00,dr02,cpumem-sub1,obt-collector1,0/0/CPU0,0,0,0,11216,udp,15,15,15

2020-02-02 20:31:07.484000+00:00,dr02,cpumem-sub1,obt-collector1,0/1/CPU0,0,0,0,5186,sleep,14,14,15

2020-02-02 20:31:28.519000+00:00,dr02,cpumem-sub1,obt-collector1,0/RP0/CPU0,0,0,0,21303,sleep,2,2,2

2020-02-02 20:31:28.891000+00:00,dr02,cpumem-sub1,obt-collector1,0/0/CPU0,0,0,0,11216,udp,15,15,15

2020-02-02 20:31:29.266000+00:00,dr02,cpumem-sub1,obt-collector1,0/1/CPU0,0,0,0,5203,sleep,14,14,15

2020-02-02 20:31:50.244000+00:00,dr02,cpumem-sub1,obt-collector1,0/RP0/CPU0,0,0,0,21303,sleep,2,2,2

2020-02-02 20:31:50.627000+00:00,dr02,cpumem-sub1,obt-collector1,0/0/CPU0,0,0,0,11216,udp,15,15,15

2020-02-02 20:31:51.004000+00:00,dr02,cpumem-sub1,obt-collector1,0/1/CPU0,0,0,0,5203,sleep,14,14,15

2020-02-02 20:32:11.882000+00:00,dr02,cpumem-sub1,obt-collector1,0/RP0/CPU0,0,0,0,21310,sleep,2,2,2

2020-02-02 20:32:12.274000+00:00,dr02,cpumem-sub1,obt-collector1,0/0/CPU0,0,0,0,11216,udp,15,15,15

2020-02-02 20:32:12.658000+00:00,dr02,cpumem-sub1,obt-collector1,0/1/CPU0,0,0,0,5203,sleep,14,14,15

2020-02-02 20:32:33.562000+00:00,dr02,cpumem-sub1,obt-collector1,0/RP0/CPU0,0,0,0,21310,sleep,2,2,2

2020-02-02 20:32:33.949000+00:00,dr02,cpumem-sub1,obt-collector1,0/0/CPU0,0,0,0,11216,udp,15,15,15

2020-02-02 20:32:34.356000+00:00,dr02,cpumem-sub1,obt-collector1,0/1/CPU0,0,0,0,5204,sleep,14,14,15

2020-02-02 20:32:55.370000+00:00,dr02,cpumem-sub1,obt-collector1,0/RP0/CPU0,0,0,0,21310,sleep,2,2,2

2020-02-02 20:32:55.750000+00:00,dr02,cpumem-sub1,obt-collector1,0/0/CPU0,0,0,0,11216,udp,15,15,15

2020-02-02 20:32:56.134000+00:00,dr02,cpumem-sub1,obt-collector1,0/1/CPU0,0,0,0,5204,sleep,14,14,15

2020-02-02 20:33:17.099000+00:00,dr02,cpumem-sub1,obt-collector1,0/RP0/CPU0,0,0,0,21322,sleep,2,2,2

2020-02-02 20:33:17.481000+00:00,dr02,cpumem-sub1,obt-collector1,0/0/CPU0,0,0,0,11216,udp,15,15,15

2020-02-02 20:33:17.864000+00:00,dr02,cpumem-sub1,obt-collector1,0/1/CPU0,0,0,0,5206,sleep,14,14,14

2020-02-02 20:33:38.779000+00:00,dr02,cpumem-sub1,obt-collector1,0/RP0/CPU0,0,0,0,21322,sleep,2,2,2

2020-02-02 20:33:39.161000+00:00,dr02,cpumem-sub1,obt-collector1,0/0/CPU0,0,0,0,11216,udp,15,15,16

2020-02-02 20:33:39.544000+00:00,dr02,cpumem-sub1,obt-collector1,0/1/CPU0,0,0,0,5206,sleep,14,14,14

2020-02-02 20:34:00.513000+00:00,dr02,cpumem-sub1,obt-collector1,0/RP0/CPU0,0,0,0,21322,sleep,2,2,2

2020-02-02 20:34:00.906000+00:00,dr02,cpumem-sub1,obt-collector1,0/0/CPU0,0,0,0,11216,udp,15,15,16

2020-02-02 20:34:01.288000+00:00,dr02,cpumem-sub1,obt-collector1,0/1/CPU0,0,0,0,5206,sleep,14,14,14

2020-02-02 20:34:22.240000+00:00,dr02,cpumem-sub1,obt-collector1,0/RP0/CPU0,0,0,0,21329,sleep,1,1,1

2020-02-02 20:34:22.622000+00:00,dr02,cpumem-sub1,obt-collector1,0/0/CPU0,0,0,0,11216,udp,15,15,16

2020-02-02 20:34:23.005000+00:00,dr02,cpumem-sub1,obt-collector1,0/1/CPU0,0,0,0,5208,sleep,14,14,15

2020-02-02 20:34:43.966000+00:00,dr02,cpumem-sub1,obt-collector1,0/RP0/CPU0,0,0,0,21329,sleep,1,1,1

2020-02-02 20:34:44.365000+00:00,dr02,cpumem-sub1,obt-collector1,0/0/CPU0,0,0,0,11216,udp,15,15,15

2020-02-02 20:34:44.750000+00:00,dr02,cpumem-sub1,obt-collector1,0/1/CPU0,0,0,0,5208,sleep,14,14,15

2020-02-02 20:35:06.022000+00:00,dr02,cpumem-sub1,obt-collector1,0/RP0/CPU0,0,0,0,21341,sleep,1,1,2

2020-02-02 20:35:06.410000+00:00,dr02,cpumem-sub1,obt-collector1,0/0/CPU0,0,0,0,11216,udp,15,15,15

2020-02-02 20:35:06.801000+00:00,dr02,cpumem-sub1,obt-collector1,0/1/CPU0,0,0,0,5208,sleep,14,14,15

2020-02-02 20:35:27.753000+00:00,dr02,cpumem-sub1,obt-collector1,0/RP0/CPU0,0,0,0,21341,sleep,1,1,2

2020-02-02 20:35:28.137000+00:00,dr02,cpumem-sub1,obt-collector1,0/0/CPU0,0,0,0,11216,udp,15,15,15

2020-02-02 20:35:28.518000+00:00,dr02,cpumem-sub1,obt-collector1,0/1/CPU0,0,0,0,5209,sleep,14,14,15

2020-02-02 20:35:49.463000+00:00,dr02,cpumem-sub1,obt-collector1,0/RP0/CPU0,0,0,0,21341,sleep,1,1,2

2020-02-02 20:35:49.844000+00:00,dr02,cpumem-sub1,obt-collector1,0/0/CPU0,0,0,0,11216,udp,15,15,14

2020-02-02 20:35:50.229000+00:00,dr02,cpumem-sub1,obt-collector1,0/1/CPU0,0,0,0,5209,sleep,14,14,15

2020-02-02 20:36:11.146000+00:00,dr02,cpumem-sub1,obt-collector1,0/RP0/CPU0,0,0,0,21368,sleep,1,1,2

2020-02-02 20:36:11.533000+00:00,dr02,cpumem-sub1,obt-collector1,0/0/CPU0,0,0,0,11216,udp,15,15,14

2020-02-02 20:36:11.918000+00:00,dr02,cpumem-sub1,obt-collector1,0/1/CPU0,0,0,0,5209,sleep,14,14,15

2020-02-02 20:36:32.850000+00:00,dr02,cpumem-sub1,obt-collector1,0/RP0/CPU0,0,0,0,21368,sleep,1,1,2

2020-02-02 20:36:33.232000+00:00,dr02,cpumem-sub1,obt-collector1,0/0/CPU0,0,0,0,11216,udp,15,15,14

2020-02-02 20:36:33.622000+00:00,dr02,cpumem-sub1,obt-collector1,0/1/CPU0,0,0,0,5230,sleep,14,14,15

2020-02-02 20:36:54.572000+00:00,dr02,cpumem-sub1,obt-collector1,0/RP0/CPU0,0,0,0,21368,sleep,1,1,2

2020-02-02 20:36:54.954000+00:00,dr02,cpumem-sub1,obt-collector1,0/0/CPU0,0,0,0,11216,udp,15,15,15

2020-02-02 20:36:55.339000+00:00,dr02,cpumem-sub1,obt-collector1,0/1/CPU0,0,0,0,5230,sleep,14,14,15

2020-02-02 20:37:16.296000+00:00,dr02,cpumem-sub1,obt-collector1,0/RP0/CPU0,0,0,0,21376,sleep,1,1,2

2020-02-02 20:37:16.678000+00:00,dr02,cpumem-sub1,obt-collector1,0/0/CPU0,0,0,0,11216,udp,15,15,15

2020-02-02 20:37:17.060000+00:00,dr02,cpumem-sub1,obt-collector1,0/1/CPU0,0,0,0,5230,sleep,14,14,15

2020-02-02 20:37:38.088000+00:00,dr02,cpumem-sub1,obt-collector1,0/RP0/CPU0,0,0,0,21376,sleep,1,1,2

2020-02-02 20:37:38.471000+00:00,dr02,cpumem-sub1,obt-collector1,0/0/CPU0,0,0,0,11216,udp,15,15,15

2020-02-02 20:37:38.857000+00:00,dr02,cpumem-sub1,obt-collector1,0/1/CPU0,0,0,0,5231,sleep,14,14,15

