,Producer,Target,ack-only-packets-sent,ack-packets-for-unsent-received,ack-packets-received,ackbytes-received,after-window-bytes-received,after-window-packets-received,bad-checksum-packets-received,bytes-retransmitted,connection-rate-limited,connections-accepted,connections-closed,connections-dropped,connections-established,connections-failed,connections-forcibly-closed,connections-requested,control-packets-sent,data-bytes-received-in-sequence,data-bytes-sent,data-packets-received-in-sequence,data-pakets-sent,delay-ack-packets-sent,duplicate-bytes-received,duplicate-packets-received,duplicated-ack-packets-received,embryonic-connection-dropped,established-connections-reset,high-water-mark-throttle,host,i-qs-total-egpackets,i-qs-total-ingpackets,id,iq-ingress-drops,iq-sock-aborts,iq-sock-retries,iq-sock-writes,iqs-total-egpacket/entry,iqs-total-ingpacket/entry,keep-alive-dropped,keep-alive-probes,keep-alive-timeouts,low-water-mark-throttle,malformed-packets-received,mss-down,mss-up,no-port-packets-received,no-throttle,num-open-sockets,out-of-order-bytes-received,out-of-order-packets-received,packet-failures,packets-received-after-close-packet,packets-retransmitted,partial-duplicate-ack-received,partial-duplicate-bytes-received,paws-dropped,persist-dropped,pulse-errors,reassembly-packets,received-auth-packets-dropped,received-packets-dropped,received-packets-dropped-stale-c-hdr,recovered-packets,retransmit-dropped,retransmit-timeouts,rst-packets-sent,send-auth-packets-dropped,send-packets-dropped,sock-async-double-free-prevent-count,sockbuf-pak-res-cur,sockbuf-pak-res-max,socket-layer-packets,stalled-timer-tickle-count,stalled-timer-tickle-time,syn-cache-aborted,syn-cache-added,syn-cache-bucket-oflow,syn-cache-completed,syn-cache-count,syn-cache-dropped,syn-cache-duplicate-sy-ns,syn-cache-overflow,syn-cache-reset,syn-cache-timed-out,syn-cache-unreach,synacl-match-pkts-dropped,too-short-packets-received,total-i-qs,total-packets-received,total-pakets-sent,truncated-write-iov,try-lock-dropped,urgent-only-packets-sent,window-probe-packets-received,window-probe-packets-sent,window-update-packets-received,window-update-packets-sent

2020-02-02 20:16:53.593000+00:00,leaf7,sg0,12416056,0,45133408,696292443,0,0,0,353573,0,28064,86574,37411,56618,97275,0,125841,675285,2417048207,696629681,19168812,93372338,12139298,22256,425,44,11608,3702,7402,obt-collector1,,,0/RP0/CPU0,0,0,0,34111641,0,0,29782,5013,180987,20276,0,0,0,742778,161675,65,26366,46,0,10,369123,4,166,0,0,0,0,0,743216,0,0,0,354868,104057,0,0,0,0,4000,0,0,0,0,130,0,2,0,0,0,0,128,0,0,0,0,8,57535438,93832157,0,0,0,0,0,45067788,189353

2020-02-02 20:17:03.588000+00:00,leaf7,sg0,12416147,0,45133577,696740227,0,0,0,353573,0,28064,86575,37412,56618,97276,0,125841,675288,2417051456,697077465,19168905,93372823,12139389,22256,425,44,11608,3702,7402,obt-collector1,,,0/RP0/CPU0,0,0,0,34111816,0,0,29783,5013,180988,20276,0,0,0,742804,161675,64,26366,46,0,10,369123,4,166,0,0,0,0,0,743242,0,0,0,354868,104060,0,0,0,0,4000,0,0,0,0,130,0,2,0,0,0,0,128,0,0,0,0,8,57535686,93832644,0,0,0,0,0,45067957,189353

2020-02-02 20:17:13.592000+00:00,leaf7,sg0,12416232,0,45133805,697186303,0,0,0,353573,0,28064,86575,37412,56618,97277,0,125843,675294,2417053180,697523541,19168991,93373304,12139474,22256,425,44,11608,3702,7402,obt-collector1,,,0/RP0/CPU0,0,0,0,34111984,0,0,29783,5013,180991,20276,0,0,0,742818,161675,64,26366,46,0,10,369126,4,166,0,0,0,0,0,743256,0,0,0,354871,104061,0,0,0,0,4000,0,0,0,0,130,0,2,0,0,0,0,128,0,0,0,0,8,57535976,93833129,0,0,0,0,0,45068185,189353

2020-02-02 20:17:23.587000+00:00,leaf7,sg0,12416320,0,45133997,697633273,0,0,0,353573,0,28064,86575,37412,56618,97277,0,125843,675301,2417055763,697970511,19169083,93373786,12139561,22256,425,44,11608,3702,7402,obt-collector1,,,0/RP0/CPU0,0,0,0,34112159,0,0,29783,5014,180992,20276,0,0,0,742847,161676,64,26366,46,0,10,369129,4,166,0,0,0,0,0,743285,0,0,0,354874,104065,0,0,0,0,4000,0,0,0,0,130,0,2,0,0,0,0,128,0,0,0,0,8,57536252,93833619,0,0,0,0,0,45068377,189354

2020-02-02 20:17:33.595000+00:00,leaf7,sg0,12416405,0,45134192,698079445,0,0,0,353573,0,28064,86575,37412,56618,97277,0,125843,675302,2417057539,698416683,19169170,93374264,12139646,22256,425,44,11608,3702,7402,obt-collector1,,,0/RP0/CPU0,0,0,0,34112328,0,0,29783,5014,180992,20276,0,0,0,742865,161676,64,26366,46,0,10,369129,4,166,0,0,0,0,0,743303,0,0,0,354874,104066,0,0,0,0,4000,0,0,0,0,130,0,2,0,0,0,0,128,0,0,0,0,8,57536508,93834098,0,0,0,0,0,45068572,189354

2020-02-02 20:17:43.593000+00:00,leaf7,sg0,12416490,0,45134422,698525585,0,0,0,353573,0,28064,86575,37412,56618,97279,0,125843,675304,2417059263,698862823,19169256,93374745,12139731,22256,425,44,11608,3702,7402,obt-collector1,,,0/RP0/CPU0,0,0,0,34112496,0,0,29783,5014,180994,20276,0,0,0,742885,161676,64,26366,46,0,10,369129,4,166,0,0,0,0,0,743323,0,0,0,354874,104068,0,0,0,0,4000,0,0,0,0,130,0,2,0,0,0,0,128,0,0,0,0,8,57536801,93834581,0,0,0,0,0,45068802,189354

2020-02-02 20:17:53.586000+00:00,leaf7,sg0,12416572,0,45134608,698971709,0,0,0,353573,0,28064,86575,37412,56618,97279,0,125844,675309,2417060987,699308947,19169342,93375221,12139812,22256,425,44,11608,3702,7402,obt-collector1,,,0/RP0/CPU0,0,0,0,34112664,0,0,29783,5015,180996,20276,0,0,0,742905,161677,64,26366,46,0,10,369131,4,166,0,0,0,0,0,743343,0,0,0,354876,104070,0,0,0,0,4000,0,0,0,0,130,0,2,0,0,0,0,128,0,0,0,0,8,57537058,93835062,0,0,0,0,0,45068988,189355

2020-02-02 20:18:03.598000+00:00,leaf7,sg0,12416653,0,45134815,699417705,0,0,0,353573,0,28064,86575,37412,56618,97279,0,125844,675312,2417062711,699754943,19169428,93375696,12139893,22256,425,44,11608,3702,7402,obt-collector1,,,0/RP0/CPU0,0,0,0,34112832,0,0,29783,5015,180996,20276,0,0,0,742926,161677,64,26366,46,0,10,369132,4,166,0,0,0,0,0,743364,0,0,0,354877,104072,0,0,0,0,4000,0,0,0,0,130,0,2,0,0,0,0,128,0,0,0,0,8,57537334,93835540,0,0,0,0,0,45069195,189355

2020-02-02 20:18:13.603000+00:00,leaf7,sg0,12416735,0,45135008,699863701,0,0,0,353573,0,28064,86575,37412,56618,97279,0,125844,675313,2417064435,700200939,19169514,93376171,12139974,22256,425,44,11608,3702,7402,obt-collector1,,,0/RP0/CPU0,0,0,0,34113000,0,0,29783,5016,180997,20276,0,0,0,742944,161678,64,26366,46,0,10,369132,4,166,0,0,0,0,0,743382,0,0,0,354877,104073,0,0,0,0,4000,0,0,0,0,130,0,2,0,0,0,0,128,0,0,0,0,8,57537592,93836017,0,0,0,0,0,45069388,189356

2020-02-02 20:18:23.605000+00:00,leaf7,sg0,12416816,0,45135185,700312324,0,0,0,353573,0,28065,86575,37412,56618,97280,0,125845,675321,2417066178,700649562,19169601,93376648,12140055,22256,425,44,11608,3702,7402,obt-collector1,,,0/RP0/CPU0,0,0,0,34113170,0,0,29783,5016,180999,20276,0,0,0,742963,161678,65,26366,46,0,10,369136,4,166,0,0,0,0,0,743401,0,0,0,354879,104075,0,0,0,0,4000,0,0,0,0,130,0,2,0,0,0,0,128,0,0,0,0,8,57537840,93836500,0,0,0,0,0,45069565,189356

2020-02-02 20:18:33.619000+00:00,leaf7,sg0,12416909,0,45135460,700760625,0,0,0,353573,0,28066,86581,37413,56624,97280,0,125851,675342,2417069367,701097852,19169701,93377164,12140138,22256,425,44,11608,3703,7402,obt-collector1,,,0/RP0/CPU0,0,0,0,34113338,0,0,29783,5016,181000,20276,0,0,0,742979,161678,64,26366,46,0,10,369143,4,166,0,0,0,0,0,743417,0,0,0,354890,104077,0,0,0,0,4000,0,0,0,0,130,0,2,0,0,0,0,128,0,0,0,0,8,57538196,93837025,0,0,0,0,0,45069830,189356

2020-02-02 20:18:43.595000+00:00,leaf7,sg0,12416991,0,45135632,701206861,0,0,0,353573,0,28066,86581,37413,56624,97280,0,125851,675346,2417071091,701544088,19169787,93377638,12140220,22256,425,44,11608,3703,7402,obt-collector1,,,0/RP0/CPU0,0,0,0,34113506,0,0,29783,5016,181000,20276,0,0,0,743003,161678,64,26366,46,0,10,369145,4,166,0,0,0,0,0,743441,0,0,0,354891,104079,0,0,0,0,4000,0,0,0,0,130,0,2,0,0,0,0,128,0,0,0,0,8,57538441,93837503,0,0,0,0,0,45070002,189356

2020-02-02 20:18:53.591000+00:00,leaf7,sg0,12417070,0,45135876,701655558,0,0,0,353573,0,28066,86582,37414,56624,97282,0,125851,675349,2417075517,701992785,19169878,93378113,12140299,22256,425,44,11608,3703,7402,obt-collector1,,,0/RP0/CPU0,0,0,0,34113680,0,0,29784,5017,181003,20276,0,0,0,743020,161678,63,26366,46,0,10,369145,4,166,0,0,0,0,0,743458,0,0,0,354891,104082,0,0,0,0,4000,0,0,0,0,130,0,2,0,0,0,0,128,0,0,0,0,8,57538745,93837981,0,0,0,0,0,45070246,189356

2020-02-02 20:19:03.590000+00:00,leaf7,sg0,12417137,0,45136051,702101762,0,0,0,353573,0,28066,86583,37415,56624,97283,0,125852,675352,2417077241,702438989,19169964,93378573,12140365,22256,425,44,11609,3703,7402,obt-collector1,,,0/RP0/CPU0,0,0,0,34113851,0,0,29785,5017,181005,20276,0,0,0,743040,161679,64,26366,46,0,10,369146,4,166,0,0,0,0,0,743478,0,0,0,354893,104083,0,0,0,0,4000,0,0,0,0,130,0,2,0,0,0,0,128,0,0,0,0,8,57538969,93838443,0,0,0,0,0,45070421,189357

2020-02-02 20:19:13.598000+00:00,leaf7,sg0,12417205,0,45136276,702548062,0,0,0,353573,0,28066,86583,37415,56624,97283,0,125852,675355,2417078965,702885289,19170050,93379035,12140432,22256,425,44,11609,3703,7402,obt-collector1,,,0/RP0/CPU0,0,0,0,34114019,0,0,29785,5017,181005,20276,0,0,0,743052,161680,64,26366,46,0,10,369147,4,166,0,0,0,0,0,743490,0,0,0,354894,104085,0,0,0,0,4000,0,0,0,0,130,0,2,0,0,0,0,128,0,0,0,0,8,57539234,93838908,0,0,0,0,0,45070646,189358

2020-02-02 20:19:23.591000+00:00,leaf7,sg0,12417266,0,45136481,702997375,0,0,0,353573,0,28066,86583,37415,56624,97283,0,125852,675357,2417083924,703334602,19170147,93379511,12140493,22256,425,44,11609,3703,7402,obt-collector1,,,0/RP0/CPU0,0,0,0,34114220,0,0,29785,5018,181006,20276,0,0,0,743072,161680,64,26366,46,0,10,369148,4,166,0,0,0,0,0,743510,0,0,0,354895,104086,0,0,0,0,4000,0,0,0,0,130,0,2,0,0,0,0,128,0,0,0,0,8,57539497,93839387,0,0,0,0,0,45070851,189358

2020-02-02 20:19:33.593000+00:00,leaf7,sg0,12417310,0,45136693,703443515,0,0,0,353573,0,28066,86583,37415,56624,97284,0,125853,675361,2417085648,703780742,19170233,93379949,12140537,22256,425,44,11609,3703,7402,obt-collector1,,,0/RP0/CPU0,0,0,0,34114388,0,0,29785,5018,181008,20276,0,0,0,743085,161680,64,26366,46,0,10,369149,4,166,0,0,0,0,0,743523,0,0,0,354896,104088,0,0,0,0,4000,0,0,0,0,130,0,2,0,0,0,0,128,0,0,0,0,8,57539775,93839828,0,0,0,0,0,45071063,189358

2020-02-02 20:19:43.602000+00:00,leaf7,sg0,12417354,0,45136882,703889591,0,0,0,353573,0,28066,86583,37415,56624,97284,0,125853,675364,2417087372,704226818,19170319,93380385,12140581,22256,425,44,11609,3703,7402,obt-collector1,,,0/RP0/CPU0,0,0,0,34114556,0,0,29785,5018,181008,20276,0,0,0,743105,161680,64,26366,46,0,10,369151,4,166,0,0,0,0,0,743543,0,0,0,354898,104089,0,0,0,0,4000,0,0,0,0,130,0,2,0,0,0,0,128,0,0,0,0,8,57540037,93840267,0,0,0,0,0,45071252,189358

2020-02-02 20:19:53.591000+00:00,leaf7,sg0,12417402,0,45137114,704339238,0,0,0,353573,0,28066,86583,37415,56624,97284,0,125854,675369,2417092004,704676465,19170423,93380851,12140629,22256,425,44,11609,3703,7402,obt-collector1,,,0/RP0/CPU0,0,0,0,34114766,0,0,29785,5019,181010,20276,0,0,0,743116,161680,64,26366,46,0,10,369153,4,166,0,0,0,0,0,743554,0,0,0,354900,104091,0,0,0,0,4000,0,0,0,0,130,0,2,0,0,0,0,128,0,0,0,0,8,57540340,93840738,0,0,0,0,0,45071484,189358

2020-02-02 20:20:03.603000+00:00,leaf7,sg0,12417444,0,45137329,704785298,0,0,0,353573,0,28067,86583,37415,56624,97285,0,125854,675375,2417093728,705122525,19170509,93381286,12140669,22256,425,44,11609,3703,7402,obt-collector1,,,0/RP0/CPU0,0,0,0,34114934,0,0,29785,5019,181011,20276,0,0,0,743135,161682,65,26366,46,0,10,369157,4,166,0,0,0,0,0,743573,0,0,0,354902,104092,0,0,0,0,4000,0,0,0,0,130,0,2,0,0,0,0,128,0,0,0,0,8,57540630,93841178,0,0,0,0,0,45071699,189360

2020-02-02 20:20:13.604000+00:00,leaf7,sg0,12417486,0,45137498,705231246,0,0,0,353573,0,28067,86583,37415,56624,97285,0,125855,675383,2417095452,705568473,19170595,93381721,12140711,22256,425,44,11609,3703,7402,obt-collector1,,,0/RP0/CPU0,0,0,0,34115102,0,0,29785,5019,181012,20276,0,0,0,743145,161682,65,26366,46,0,10,369163,4,166,0,0,0,0,0,743583,0,0,0,354906,104093,0,0,0,0,4000,0,0,0,0,130,0,2,0,0,0,0,128,0,0,0,0,8,57540867,93841620,0,0,0,0,0,45071868,189360

2020-02-02 20:20:23.583000+00:00,leaf7,sg0,12417537,0,45137667,705679831,0,0,0,353573,0,28067,86583,37415,56624,97286,0,125855,675387,2417099826,706017058,19170689,93382166,12140762,22256,425,44,11609,3703,7402,obt-collector1,,,0/RP0/CPU0,0,0,0,34115280,0,0,29785,5020,181014,20276,0,0,0,743170,161682,65,26366,46,0,10,369164,4,166,0,0,0,0,0,743608,0,0,0,354907,104096,0,0,0,0,4000,0,0,0,0,130,0,2,0,0,0,0,128,0,0,0,0,8,57541120,93842070,0,0,0,0,0,45072037,189360

2020-02-02 20:20:33.612000+00:00,leaf7,sg0,12417581,0,45137868,706125843,0,0,0,353573,0,28067,86584,37416,56624,97287,0,125855,675390,2417101550,706463070,19170775,93382604,12140805,22256,425,44,11609,3703,7402,obt-collector1,,,0/RP0/CPU0,0,0,0,34115448,0,0,29786,5020,181015,20276,0,0,0,743194,161683,64,26366,46,0,10,369164,4,166,0,0,0,0,0,743632,0,0,0,354907,104099,0,0,0,0,4000,0,0,0,0,130,0,2,0,0,0,0,128,0,0,0,0,8,57541396,93842510,0,0,0,0,0,45072238,189361

2020-02-02 20:20:43.582000+00:00,leaf7,sg0,12417627,0,45138083,706572031,0,0,0,353573,0,28067,86584,37416,56624,97288,0,125856,675393,2417103274,706909258,19170861,93383044,12140851,22256,425,44,11609,3703,7402,obt-collector1,,,0/RP0/CPU0,0,0,0,34115616,0,0,29786,5020,181017,20276,0,0,0,743204,161683,64,26366,46,0,10,369165,4,166,0,0,0,0,0,743642,0,0,0,354908,104100,0,0,0,0,4000,0,0,0,0,130,0,2,0,0,0,0,128,0,0,0,0,8,57541674,93842952,0,0,0,0,0,45072453,189361

2020-02-02 20:20:53.620000+00:00,leaf7,sg0,12417671,0,45138256,707019105,0,0,0,353625,0,28067,86584,37416,56624,97288,0,125856,675397,2417104998,707356332,19170947,93383489,12140895,22256,425,44,11609,3703,7402,obt-collector1,,,0/RP0/CPU0,0,0,0,34115793,0,0,29786,5021,181018,20276,0,0,0,743224,161683,64,26366,46,0,10,369168,4,166,0,0,0,0,0,743662,0,0,0,354911,104102,0,0,0,0,4000,0,0,0,0,130,0,2,0,0,0,0,128,0,0,0,0,8,57541921,93843403,0,0,0,0,0,45072626,189361

2020-02-02 20:21:03.621000+00:00,leaf7,sg0,12417715,0,45138430,707465293,0,0,0,353625,0,28067,86584,37416,56624,97288,0,125856,675398,2417106722,707802520,19171033,93383926,12140939,22256,425,44,11609,3703,7402,obt-collector1,,,0/RP0/CPU0,0,0,0,34115961,0,0,29786,5021,181018,20276,0,0,0,743238,161683,64,26366,46,0,10,369168,4,166,0,0,0,0,0,743676,0,0,0,354911,104103,0,0,0,0,4000,0,0,0,0,130,0,2,0,0,0,0,128,0,0,0,0,8,57542160,93843841,0,0,0,0,0,45072800,189361

2020-02-02 20:21:13.589000+00:00,leaf7,sg0,12417762,0,45138640,707911417,0,0,0,353625,0,28067,86584,37416,56624,97289,0,125857,675402,2417108465,708248644,19171120,93384368,12140986,22256,425,44,11609,3703,7402,obt-collector1,,,0/RP0/CPU0,0,0,0,34116130,0,0,29786,5021,181020,20276,0,0,0,743252,161683,64,26366,46,0,10,369170,4,166,0,0,0,0,0,743690,0,0,0,354913,104104,0,0,0,0,4000,0,0,0,0,130,0,2,0,0,0,0,128,0,0,0,0,8,57542436,93844286,0,0,0,0,0,45073011,189361

2020-02-02 20:21:23.590000+00:00,leaf7,sg0,12417812,0,45138807,708357429,0,0,0,353625,0,28067,86584,37416,56624,97289,0,125858,675408,2417110189,708694656,19171206,93384811,12141035,22256,425,44,11609,3703,7402,obt-collector1,,,0/RP0/CPU0,0,0,0,34116298,0,0,29786,5022,181022,20276,0,0,0,743268,161684,64,26366,46,0,10,369173,4,166,0,0,0,0,0,743706,0,0,0,354916,104106,0,0,0,0,4000,0,0,0,0,130,0,2,0,0,0,0,128,0,0,0,0,8,57542675,93844735,0,0,0,0,0,45073178,189362

2020-02-02 20:21:33.598000+00:00,leaf7,sg0,12417860,0,45138996,708803505,0,0,0,353625,0,28067,86584,37416,56624,97289,0,125858,675411,2417111913,709140732,19171292,93385252,12141083,22256,425,44,11609,3703,7402,obt-collector1,,,0/RP0/CPU0,0,0,0,34116466,0,0,29786,5022,181022,20276,0,0,0,743288,161684,64,26366,46,0,10,369174,4,166,0,0,0,0,0,743726,0,0,0,354917,104108,0,0,0,0,4000,0,0,0,0,130,0,2,0,0,0,0,128,0,0,0,0,8,57542938,93845179,0,0,0,0,0,45073367,189362

2020-02-02 20:21:43.583000+00:00,leaf7,sg0,12417922,0,45139253,709252951,0,0,0,353625,0,28067,86584,37416,56624,97290,0,125858,675413,2417117061,709590178,19171421,93385750,12141146,22256,425,44,11609,3703,7402,obt-collector1,,,0/RP0/CPU0,0,0,0,34116720,0,0,29786,5022,181023,20276,0,0,0,743304,161685,64,26366,46,0,10,369174,4,166,0,0,0,0,0,743742,0,0,0,354917,104110,0,0,0,0,4000,0,0,0,0,130,0,2,0,0,0,0,128,0,0,0,0,8,57543268,93845679,0,0,0,0,0,45073625,189363

2020-02-02 20:21:53.628000+00:00,leaf7,sg0,12417990,0,45139457,709699139,0,0,0,353625,0,28067,86584,37416,56624,97291,0,125859,675417,2417118785,710036366,19171507,93386212,12141213,22256,425,44,11609,3703,7402,obt-collector1,,,0/RP0/CPU0,0,0,0,34116888,0,0,29786,5023,181026,20276,0,0,0,743326,161686,64,26366,46,0,10,369175,4,166,0,0,0,0,0,743764,0,0,0,354918,104112,0,0,0,0,4000,0,0,0,0,130,0,2,0,0,0,0,128,0,0,0,0,8,57543525,93846145,0,0,0,0,0,45073829,189364

2020-02-02 20:22:03.590000+00:00,leaf7,sg0,12418058,0,45139617,710145327,0,0,0,353625,0,28068,86584,37416,56624,97291,0,125859,675425,2417120509,710482554,19171593,93386673,12141281,22256,425,44,11609,3703,7402,obt-collector1,,,0/RP0/CPU0,0,0,0,34117056,0,0,29786,5023,181026,20276,0,0,0,743343,161686,64,26366,46,0,10,369180,4,166,0,0,0,0,0,743781,0,0,0,354921,104114,0,0,0,0,4000,0,0,0,0,130,0,2,0,0,0,0,128,0,0,0,0,8,57543737,93846613,0,0,0,0,0,45073989,189364

2020-02-02 20:22:13.591000+00:00,leaf7,sg0,12418145,0,45139831,710594238,0,0,0,353625,0,28068,86584,37416,56624,97291,0,125859,675431,2417125468,710931465,19171708,93387163,12141367,22256,425,44,11609,3703,7402,obt-collector1,,,0/RP0/CPU0,0,0,0,34117262,0,0,29786,5023,181026,20276,0,0,0,743366,161687,64,26366,46,0,10,369184,4,166,0,0,0,0,0,743804,0,0,0,354923,104116,0,0,0,0,4000,0,0,0,0,130,0,2,0,0,0,0,128,0,0,0,0,8,57544023,93847109,0,0,0,0,0,45074203,189365

2020-02-02 20:22:23.604000+00:00,leaf7,sg0,12418210,0,45140005,711040250,0,0,0,353625,0,28068,86584,37416,56624,97292,0,125859,675433,2417127192,711377477,19171794,93387620,12141432,22256,425,44,11609,3703,7402,obt-collector1,,,0/RP0/CPU0,0,0,0,34117430,0,0,29786,5024,181028,20276,0,0,0,743384,161687,64,26366,46,0,10,369184,4,166,0,0,0,0,0,743822,0,0,0,354923,104118,0,0,0,0,4000,0,0,0,0,130,0,2,0,0,0,0,128,0,0,0,0,8,57544245,93847569,0,0,0,0,0,45074377,189365

2020-02-02 20:22:33.624000+00:00,leaf7,sg0,12418277,0,45140238,711486422,0,0,0,353625,0,28068,86587,37419,56624,97293,0,125860,675438,2417128916,711823649,19171880,93388085,12141497,22256,425,44,11611,3703,7402,obt-collector1,,,0/RP0/CPU0,0,0,0,34117604,0,0,29789,5024,181031,20276,0,0,0,743407,161689,64,26366,46,0,10,369185,4,166,0,0,0,0,0,743845,0,0,0,354925,104121,0,0,0,0,4000,0,0,0,0,130,0,2,0,0,0,0,128,0,0,0,0,8,57544532,93848037,0,0,0,0,0,45074610,189367

2020-02-02 20:22:43.607000+00:00,leaf7,sg0,12418366,0,45140487,711937512,0,0,0,353685,0,28069,86593,37420,56630,97293,0,125865,675452,2417135138,712274728,19171994,93388601,12141576,22256,425,44,11611,3704,7402,obt-collector1,,,0/RP0/CPU0,0,0,0,34117790,0,0,29789,5024,181031,20276,0,0,0,743425,161689,64,26366,46,0,10,369187,4,166,0,0,0,0,0,743863,0,0,0,354932,104123,0,0,0,0,4000,0,0,0,0,130,0,2,0,0,0,0,128,0,0,0,0,8,57544858,93848557,0,0,0,0,0,45074850,189367

2020-02-02 20:22:53.617000+00:00,leaf7,sg0,12418434,0,45140691,712383572,0,0,0,353685,0,28069,86593,37420,56630,97293,0,125865,675455,2417136862,712720788,19172080,93389062,12141642,22256,425,44,11611,3704,7402,obt-collector1,,,0/RP0/CPU0,0,0,0,34117958,0,0,29789,5025,181032,20276,0,0,0,743447,161691,64,26366,46,0,10,369188,4,166,0,0,0,0,0,743885,0,0,0,354933,104125,0,0,0,0,4000,0,0,0,0,130,0,2,0,0,0,0,128,0,0,0,0,8,57545113,93849022,0,0,0,0,0,45075054,189369

2020-02-02 20:23:03.608000+00:00,leaf7,sg0,12418503,0,45140852,712829520,0,0,0,353685,0,28069,86593,37420,56630,97294,0,125867,675461,2417138586,713166736,19172166,93389525,12141710,22256,425,44,11611,3704,7402,obt-collector1,,,0/RP0/CPU0,0,0,0,34118126,0,0,29789,5025,181034,20276,0,0,0,743464,161692,65,26366,46,0,10,369190,4,166,0,0,0,0,0,743902,0,0,0,354936,104127,0,0,0,0,4000,0,0,0,0,130,0,2,0,0,0,0,128,0,0,0,0,8,57545323,93849489,0,0,0,0,0,45075215,189370

2020-02-02 20:23:13.604000+00:00,leaf7,sg0,12418571,0,45141072,713279034,0,0,0,353685,0,28069,86593,37420,56630,97294,0,125867,675466,2417143439,713616250,19172263,93390003,12141778,22256,425,44,11611,3704,7402,obt-collector1,,,0/RP0/CPU0,0,0,0,34118322,0,0,29789,5025,181034,20276,0,0,0,743487,161692,65,26366,46,0,10,369193,4,166,0,0,0,0,0,743925,0,0,0,354939,104129,0,0,0,0,4000,0,0,0,0,130,0,2,0,0,0,0,128,0,0,0,0,8,57545607,93849972,0,0,0,0,0,45075436,189370

2020-02-02 20:23:23.593000+00:00,leaf7,sg0,12418639,0,45141236,713725110,0,0,0,353685,0,28069,86593,37420,56630,97294,0,125867,675468,2417145163,714062326,19172349,93390463,12141846,22256,425,44,11611,3704,7402,obt-collector1,,,0/RP0/CPU0,0,0,0,34118490,0,0,29789,5026,181035,20276,0,0,0,743503,161692,65,26366,46,0,10,369193,4,166,0,0,0,0,0,743941,0,0,0,354939,104131,0,0,0,0,4000,0,0,0,0,130,0,2,0,0,0,0,128,0,0,0,0,8,57545816,93850435,0,0,0,0,0,45075601,189370

2020-02-02 20:23:33.611000+00:00,leaf7,sg0,12418707,0,45141444,714171298,0,0,0,353685,0,28069,86593,37420,56630,97296,0,125867,675471,2417146887,714508514,19172435,93390925,12141914,22256,425,44,11611,3704,7402,obt-collector1,,,0/RP0/CPU0,0,0,0,34118658,0,0,29789,5026,181037,20276,0,0,0,743527,161692,65,26366,46,0,10,369194,4,166,0,0,0,0,0,743965,0,0,0,354940,104133,0,0,0,0,4000,0,0,0,0,130,0,2,0,0,0,0,128,0,0,0,0,8,57546076,93850900,0,0,0,0,0,45075810,189370

2020-02-02 20:23:43.596000+00:00,leaf7,sg0,12418777,0,45141628,714620577,0,0,0,353685,0,28069,86593,37420,56630,97296,0,125868,675476,2417151305,714957793,19172536,93391402,12141982,22256,425,44,11611,3704,7402,obt-collector1,,,0/RP0/CPU0,0,0,0,34118855,0,0,29789,5026,181038,20276,0,0,0,743543,161694,65,26366,46,0,10,369196,4,166,0,0,0,0,0,743981,0,0,0,354942,104135,0,0,0,0,4000,0,0,0,0,130,0,2,0,0,0,0,128,0,0,0,0,8,57546318,93851381,0,0,0,0,0,45075995,189372

2020-02-02 20:23:53.591000+00:00,leaf7,sg0,12418847,0,45141835,715066653,0,0,0,353685,0,28070,86593,37420,56630,97296,0,125868,675480,2417153029,715403869,19172622,93391866,12142052,22256,425,44,11611,3704,7402,obt-collector1,,,0/RP0/CPU0,0,0,0,34119023,0,0,29789,5027,181039,20276,0,0,0,743567,161694,66,26366,46,0,10,369197,4,166,0,0,0,0,0,744005,0,0,0,354943,104137,0,0,0,0,4000,0,0,0,0,130,0,2,0,0,0,0,128,0,0,0,0,8,57546580,93851849,0,0,0,0,0,45076203,189372

2020-02-02 20:24:03.598000+00:00,leaf7,sg0,12418917,0,45142007,715512713,0,0,0,353685,0,28070,86593,37420,56630,97296,0,125868,675487,2417154753,715849929,19172708,93392329,12142120,22256,425,44,11611,3704,7402,obt-collector1,,,0/RP0/CPU0,0,0,0,34119191,0,0,29789,5027,181039,20276,0,0,0,743582,161696,66,26366,46,0,10,369202,4,166,0,0,0,0,0,744020,0,0,0,354945,104139,0,0,0,0,4000,0,0,0,0,130,0,2,0,0,0,0,128,0,0,0,0,8,57546798,93852319,0,0,0,0,0,45076375,189374

2020-02-02 20:24:13.604000+00:00,leaf7,sg0,12418994,0,45142220,715962023,0,0,0,353685,0,28070,86593,37420,56630,97297,0,125869,675493,2417159005,716299239,19172805,93392805,12142194,22256,425,44,11611,3704,7402,obt-collector1,,,0/RP0/CPU0,0,0,0,34119375,0,0,29789,5027,181041,20276,0,0,0,743607,161699,66,26366,46,0,10,369205,4,166,0,0,0,0,0,744045,0,0,0,354947,104141,0,0,0,0,4000,0,0,0,0,130,0,2,0,0,0,0,128,0,0,0,0,8,57547078,93852800,0,0,0,0,0,45076589,189377

2020-02-02 20:24:23.636000+00:00,leaf7,sg0,12419066,0,45142396,716408163,0,0,0,353685,0,28070,86594,37421,56630,97298,0,125870,675500,2417161121,716745379,19172895,93393271,12142266,22256,425,44,11611,3704,7402,obt-collector1,,,0/RP0/CPU0,0,0,0,34119547,0,0,29790,5028,181044,20276,0,0,0,743622,161699,65,26366,46,0,10,369208,4,166,0,0,0,0,0,744060,0,0,0,354950,104144,0,0,0,0,4000,0,0,0,0,130,0,2,0,0,0,0,128,0,0,0,0,8,57547308,93853272,0,0,0,0,0,45076766,189377

2020-02-02 20:24:33.602000+00:00,leaf7,sg0,12419134,0,45142558,716854239,0,0,0,353685,0,28070,86594,37421,56630,97298,0,125870,675504,2417162845,717191455,19172981,93393731,12142334,22256,425,44,11611,3704,7402,obt-collector1,,,0/RP0/CPU0,0,0,0,34119715,0,0,29790,5028,181044,20276,0,0,0,743647,161699,65,26366,46,0,10,369210,4,166,0,0,0,0,0,744085,0,0,0,354952,104146,0,0,0,0,4000,0,0,0,0,130,0,2,0,0,0,0,128,0,0,0,0,8,57547529,93853736,0,0,0,0,0,45076929,189377

2020-02-02 20:24:43.608000+00:00,leaf7,sg0,12419213,0,45142765,717302988,0,0,0,353685,0,28070,86594,37421,56630,97299,0,125870,675504,2417167245,717640204,19173082,93394208,12142410,22256,425,44,11611,3704,7402,obt-collector1,,,0/RP0/CPU0,0,0,0,34119903,0,0,29790,5028,181045,20276,0,0,0,743660,161702,65,26366,46,0,10,369210,4,166,0,0,0,0,0,744098,0,0,0,354952,104146,0,0,0,0,4000,0,0,0,0,130,0,2,0,0,0,0,128,0,0,0,0,8,57547796,93854213,0,0,0,0,0,45077139,189380

2020-02-02 20:24:53.583000+00:00,leaf7,sg0,12419285,0,45142951,717749000,0,0,0,353685,0,28070,86594,37421,56630,97300,0,125871,675510,2417169402,718086216,19173171,93394674,12142482,22256,425,44,11611,3704,7402,obt-collector1,,,0/RP0/CPU0,0,0,0,34120074,0,0,29790,5029,181048,20276,0,0,0,743680,161702,65,26366,46,0,10,369212,4,166,0,0,0,0,0,744118,0,0,0,354954,104149,0,0,0,0,4000,0,0,0,0,130,0,2,0,0,0,0,128,0,0,0,0,8,57548043,93854685,0,0,0,0,0,45077326,189380

2020-02-02 20:25:03.599000+00:00,leaf7,sg0,12419355,0,45143154,718195748,0,0,0,353685,0,28070,86594,37421,56630,97300,0,125871,675512,2417171126,718532964,19173257,93395137,12142552,22256,425,44,11611,3704,7402,obt-collector1,,,0/RP0/CPU0,0,0,0,34120242,0,0,29790,5029,181048,20276,0,0,0,743698,161702,65,26366,46,0,10,369213,4,166,0,0,0,0,0,744136,0,0,0,354955,104150,0,0,0,0,4000,0,0,0,0,130,0,2,0,0,0,0,128,0,0,0,0,8,57548299,93855150,0,0,0,0,0,45077530,189380

2020-02-02 20:25:13.610000+00:00,leaf7,sg0,12419441,0,45143364,718644867,0,0,0,353685,0,28070,86594,37421,56630,97300,0,125871,675514,2417175910,718982083,19173365,93395624,12142638,22256,425,44,11611,3704,7402,obt-collector1,,,0/RP0/CPU0,0,0,0,34120440,0,0,29790,5029,181048,20276,0,0,0,743709,161702,65,26366,46,0,10,369213,4,166,0,0,0,0,0,744147,0,0,0,354955,104152,0,0,0,0,4000,0,0,0,0,130,0,2,0,0,0,0,128,0,0,0,0,8,57548570,93855639,0,0,0,0,0,45077741,189380

2020-02-02 20:25:23.609000+00:00,leaf7,sg0,12419513,0,45143571,719091519,0,0,0,353685,0,28070,86594,37421,56630,97301,0,125872,675518,2417177982,719428735,19173453,93396092,12142708,22256,425,44,11611,3704,7402,obt-collector1,,,0/RP0/CPU0,0,0,0,34120610,0,0,29790,5030,181051,20276,0,0,0,743734,161704,65,26366,46,0,10,369214,4,166,0,0,0,0,0,744172,0,0,0,354956,104154,0,0,0,0,4000,0,0,0,0,130,0,2,0,0,0,0,128,0,0,0,0,8,57548840,93856111,0,0,0,0,0,45077949,189382

2020-02-02 20:25:33.614000+00:00,leaf7,sg0,12419583,0,45143778,719537643,0,0,0,353685,0,28070,86594,37421,56630,97301,0,125872,675522,2417179706,719874859,19173539,93396555,12142778,22256,425,44,11611,3704,7402,obt-collector1,,,0/RP0/CPU0,0,0,0,34120778,0,0,29790,5030,181051,20276,0,0,0,743750,161704,63,26366,46,0,10,369216,4,166,0,0,0,0,0,744188,0,0,0,354958,104156,0,0,0,0,4000,0,0,0,0,130,0,2,0,0,0,0,128,0,0,0,0,8,57549096,93856578,0,0,0,0,0,45078156,189382

2020-02-02 20:25:43.639000+00:00,leaf7,sg0,12419663,0,45143984,719987493,0,0,0,353685,0,28070,86594,37421,56630,97301,0,125873,675526,2417184339,720324709,19173636,93397034,12142858,22256,425,44,11611,3704,7402,obt-collector1,,,0/RP0/CPU0,0,0,0,34120961,0,0,29790,5031,181053,20276,0,0,0,743773,161704,63,26366,46,0,10,369217,4,166,0,0,0,0,0,744211,0,0,0,354959,104158,0,0,0,0,4000,0,0,0,0,130,0,2,0,0,0,0,128,0,0,0,0,8,57549366,93857061,0,0,0,0,0,45078363,189382

2020-02-02 20:25:53.597000+00:00,leaf7,sg0,12419734,0,45144195,720433569,0,0,0,353685,0,28071,86594,37421,56630,97302,0,125873,675534,2417186325,720770785,19173723,93397499,12142929,22256,425,44,11611,3704,7402,obt-collector1,,,0/RP0/CPU0,0,0,0,34121130,0,0,29790,5031,181054,20276,0,0,0,743791,161704,64,26366,46,0,10,369222,4,166,0,0,0,0,0,744229,0,0,0,354962,104160,0,0,0,0,4000,0,0,0,0,130,0,2,0,0,0,0,128,0,0,0,0,8,57549631,93857533,0,0,0,0,0,45078575,189382

2020-02-02 20:26:03.625000+00:00,leaf7,sg0,12419804,0,45144403,720880397,0,0,0,353685,0,28071,86595,37422,56630,97302,0,125874,675541,2417188049,721217613,19173809,93397963,12142999,22256,425,44,11612,3704,7402,obt-collector1,,,0/RP0/CPU0,0,0,0,34121301,0,0,29791,5031,181055,20276,0,0,0,743812,161704,64,26366,46,0,10,369226,4,166,0,0,0,0,0,744250,0,0,0,354966,104162,0,0,0,0,4000,0,0,0,0,130,0,2,0,0,0,0,128,0,0,0,0,8,57549895,93858003,0,0,0,0,0,45078784,189382

2020-02-02 20:26:13.609000+00:00,leaf7,sg0,12419888,0,45144577,721329895,0,0,0,353685,0,28071,86595,37422,56630,97303,0,125874,675545,2417192598,721667111,19173914,93398449,12143082,22256,425,44,11612,3704,7402,obt-collector1,,,0/RP0/CPU0,0,0,0,34121498,0,0,29791,5031,181056,20276,0,0,0,743832,161705,64,26366,46,0,10,369228,4,166,0,0,0,0,0,744270,0,0,0,354967,104164,0,0,0,0,4000,0,0,0,0,130,0,2,0,0,0,0,128,0,0,0,0,8,57550138,93858493,0,0,0,0,0,45078959,189383

2020-02-02 20:26:23.624000+00:00,leaf7,sg0,12419960,0,45144781,721776713,0,0,0,353685,0,28071,86596,37423,56630,97304,0,125874,675549,2417194764,722113929,19174004,93398918,12143154,22256,425,44,11612,3704,7402,obt-collector1,,,0/RP0/CPU0,0,0,0,34121671,0,0,29792,5032,181058,20276,0,0,0,743854,161705,63,26366,46,0,10,369229,4,166,0,0,0,0,0,744292,0,0,0,354968,104167,0,0,0,0,4000,0,0,0,0,130,0,2,0,0,0,0,128,0,0,0,0,8,57550401,93858966,0,0,0,0,0,45079164,189383

2020-02-02 20:26:33.613000+00:00,leaf7,sg0,12420038,0,45144984,722222773,0,0,0,353685,0,28071,86596,37423,56630,97305,0,125875,675553,2417197234,722559989,19174098,93399390,12143232,22256,425,44,11612,3704,7402,obt-collector1,,,0/RP0/CPU0,0,0,0,34121847,0,0,29792,5032,181060,20276,0,0,0,743872,161705,63,26366,46,0,10,369230,4,166,0,0,0,0,0,744310,0,0,0,354969,104169,0,0,0,0,4000,0,0,0,0,130,0,2,0,0,0,0,128,0,0,0,0,8,57550668,93859441,0,0,0,0,0,45079367,189383

2020-02-02 20:26:43.605000+00:00,leaf7,sg0,12420117,0,45145199,722672025,0,0,0,353685,0,28071,86596,37423,56630,97305,0,125875,675557,2417202026,723009241,19174193,93399868,12143309,22256,425,44,11612,3704,7402,obt-collector1,,,0/RP0/CPU0,0,0,0,34122030,0,0,29792,5032,181060,20276,0,0,0,743894,161707,63,26366,46,0,10,369232,4,166,0,0,0,0,0,744332,0,0,0,354971,104171,0,0,0,0,4000,0,0,0,0,130,0,2,0,0,0,0,128,0,0,0,0,8,57550956,93859923,0,0,0,0,0,45079583,189385

2020-02-02 20:26:53.631000+00:00,leaf7,sg0,12420189,0,45145364,723118359,0,0,0,353685,0,28071,86596,37423,56630,97305,0,125875,675559,2417204137,723455575,19174282,93400332,12143379,22256,425,44,11612,3704,7402,obt-collector1,,,0/RP0/CPU0,0,0,0,34122201,0,0,29792,5033,181061,20276,0,0,0,743912,161709,63,26366,46,0,10,369232,4,166,0,0,0,0,0,744350,0,0,0,354971,104173,0,0,0,0,4000,0,0,0,0,130,0,2,0,0,0,0,128,0,0,0,0,8,57551183,93860390,0,0,0,0,0,45079749,189387

2020-02-02 20:27:03.622000+00:00,leaf7,sg0,12420260,0,45145571,723565123,0,0,0,353685,0,28071,86596,37423,56630,97306,0,125876,675564,2417206316,723902339,19174369,93400798,12143450,22256,425,44,11612,3704,7402,obt-collector1,,,0/RP0/CPU0,0,0,0,34122370,0,0,29792,5033,181063,20276,0,0,0,743942,161709,63,26366,46,0,10,369233,4,166,0,0,0,0,0,744380,0,0,0,354972,104176,0,0,0,0,4000,0,0,0,0,130,0,2,0,0,0,0,128,0,0,0,0,8,57551461,93860860,0,0,0,0,0,45079957,189387

2020-02-02 20:27:13.604000+00:00,leaf7,sg0,12420332,0,45145784,724014011,0,0,0,353685,0,28071,86596,37423,56630,97306,0,125877,675570,2417211019,724351227,19174463,93401270,12143522,22256,425,44,11612,3704,7402,obt-collector1,,,0/RP0/CPU0,0,0,0,34122552,0,0,29792,5033,181064,20276,0,0,0,743959,161709,63,26366,46,0,10,369237,4,166,0,0,0,0,0,744397,0,0,0,354976,104177,0,0,0,0,4000,0,0,0,0,130,0,2,0,0,0,0,128,0,0,0,0,8,57551738,93861337,0,0,0,0,0,45080171,189387

2020-02-02 20:27:23.617000+00:00,leaf7,sg0,12420404,0,45145951,724461041,0,0,0,353685,0,28071,86596,37423,56630,97306,0,125877,675572,2417213130,724798257,19174552,93401737,12143593,22256,425,44,11612,3704,7402,obt-collector1,,,0/RP0/CPU0,0,0,0,34122724,0,0,29792,5034,181065,20276,0,0,0,743972,161710,63,26366,46,0,10,369238,4,166,0,0,0,0,0,744410,0,0,0,354977,104178,0,0,0,0,4000,0,0,0,0,130,0,2,0,0,0,0,128,0,0,0,0,8,57551963,93861807,0,0,0,0,0,45080339,189388

2020-02-02 20:27:33.603000+00:00,leaf7,sg0,12420478,0,45146120,724907117,0,0,0,353685,0,28071,86596,37423,56630,97307,0,125877,675574,2417216144,725244333,19174643,93402203,12143667,22256,425,44,11612,3704,7402,obt-collector1,,,0/RP0/CPU0,0,0,0,34122897,0,0,29792,5034,181066,20276,0,0,0,743987,161710,63,26366,46,0,10,369238,4,166,0,0,0,0,0,744425,0,0,0,354977,104180,0,0,0,0,4000,0,0,0,0,130,0,2,0,0,0,0,128,0,0,0,0,8,57552192,93862275,0,0,0,0,0,45080509,189388

2020-02-02 20:27:43.619000+00:00,leaf7,sg0,12420553,0,45146300,725360157,0,0,0,353685,0,28072,86596,37423,56630,97308,0,125878,675582,2417222560,725697373,19174738,93402683,12143740,22256,425,44,11612,3704,7402,obt-collector1,,,0/RP0/CPU0,0,0,0,34123084,0,0,29792,5034,181068,20276,0,0,0,744010,161712,64,26366,46,0,10,369242,4,166,0,0,0,0,0,744448,0,0,0,354979,104182,0,0,0,0,4000,0,0,0,0,130,0,2,0,0,0,0,128,0,0,0,0,8,57552443,93862761,0,0,0,0,0,45080690,189390

2020-02-02 20:27:53.643000+00:00,leaf7,sg0,12420626,0,45146501,725806570,0,0,0,353685,0,28072,86596,37423,56630,97308,0,125878,675587,2417224722,726143786,19174827,93403149,12143813,22256,425,44,11612,3704,7402,obt-collector1,,,0/RP0/CPU0,0,0,0,34123255,0,0,29792,5035,181069,20276,0,0,0,744025,161712,64,26366,46,0,10,369246,4,166,0,0,0,0,0,744463,0,0,0,354982,104183,0,0,0,0,4000,0,0,0,0,130,0,2,0,0,0,0,128,0,0,0,0,8,57552706,93863233,0,0,0,0,0,45080892,189390

2020-02-02 20:28:03.628000+00:00,leaf7,sg0,12420699,0,45146678,726253334,0,0,0,353685,0,28072,86596,37423,56630,97308,0,125878,675590,2417227524,726590550,19174916,93403614,12143886,22256,425,44,11612,3704,7402,obt-collector1,,,0/RP0/CPU0,0,0,0,34123426,0,0,29792,5035,181069,20276,0,0,0,744039,161712,64,26366,46,0,10,369248,4,166,0,0,0,0,0,744477,0,0,0,354983,104184,0,0,0,0,4000,0,0,0,0,130,0,2,0,0,0,0,128,0,0,0,0,8,57552940,93863701,0,0,0,0,0,45081069,189390

2020-02-02 20:28:13.618000+00:00,leaf7,sg0,12420769,0,45146852,726705874,0,0,0,353685,0,28072,86597,37424,56630,97310,0,125878,675593,2417234449,727043090,19175010,93404084,12143956,22256,425,44,11612,3704,7402,obt-collector1,,,0/RP0/CPU0,0,0,0,34123609,0,0,29793,5035,181071,20276,0,0,0,744050,161712,63,26366,46,0,10,369248,4,166,0,0,0,0,0,744488,0,0,0,354983,104187,0,0,0,0,4000,0,0,0,0,130,0,2,0,0,0,0,128,0,0,0,0,8,57553172,93864173,0,0,0,0,0,45081243,189390

2020-02-02 20:28:23.605000+00:00,leaf7,sg0,12420842,0,45147057,727153102,0,0,0,353685,0,28072,86597,37424,56630,97310,0,125880,675600,2417236580,727490318,19175100,93404554,12144029,22256,425,44,11612,3704,7402,obt-collector1,,,0/RP0/CPU0,0,0,0,34123782,0,0,29793,5036,181074,20276,0,0,0,744074,161712,63,26366,46,0,10,369251,4,166,0,0,0,0,0,744512,0,0,0,354986,104189,0,0,0,0,4000,0,0,0,0,130,0,2,0,0,0,0,128,0,0,0,0,8,57553448,93864649,0,0,0,0,0,45081448,189390

2020-02-02 20:28:33.622000+00:00,leaf7,sg0,12420924,0,45147316,727601451,0,0,0,353685,0,28073,86603,37425,56636,97310,0,125885,675616,2417240679,727938832,19175201,93405057,12144101,22256,425,44,11612,3704,7402,obt-collector1,,,0/RP0/CPU0,0,0,0,34123951,0,0,29793,5036,181074,20276,0,0,0,744088,161712,63,26366,46,0,10,369254,4,166,0,0,0,0,0,744526,0,0,0,354994,104190,0,0,0,0,4000,0,0,0,0,130,0,2,0,0,0,0,128,0,0,0,0,8,57553777,93865156,0,0,0,0,0,45081697,189390

2020-02-02 20:28:43.608000+00:00,leaf7,sg0,12421013,0,45147494,728054437,0,0,0,353685,0,28073,86603,37425,56636,97310,0,125885,675617,2417247302,728391818,19175310,93405546,12144188,22256,425,44,11612,3704,7402,obt-collector1,,,0/RP0/CPU0,0,0,0,34124150,0,0,29793,5036,181074,20276,0,0,0,744102,161714,63,26366,46,0,10,369254,4,166,0,0,0,0,0,744540,0,0,0,354994,104191,0,0,0,0,4000,0,0,0,0,130,0,2,0,0,0,0,128,0,0,0,0,8,57554029,93865646,0,0,0,0,0,45081877,189392

2020-02-02 20:28:53.620000+00:00,leaf7,sg0,12421085,0,45147662,728500794,0,0,0,353685,0,28073,86603,37425,56636,97312,0,125886,675620,2417249706,728838175,19175398,93406011,12144260,22256,425,44,11612,3704,7402,obt-collector1,,,0/RP0/CPU0,0,0,0,34124320,0,0,29793,5037,181078,20276,0,0,0,744110,161714,63,26366,46,0,10,369255,4,166,0,0,0,0,0,744548,0,0,0,354995,104192,0,0,0,0,4000,0,0,0,0,130,0,2,0,0,0,0,128,0,0,0,0,8,57554249,93866114,0,0,0,0,0,45082046,189392

2020-02-02 20:29:03.602000+00:00,leaf7,sg0,12421156,0,45147830,728946806,0,0,0,353685,0,28073,86603,37425,56636,97312,0,125886,675624,2417252360,729284187,19175485,93406474,12144330,22256,425,44,11612,3704,7402,obt-collector1,,,0/RP0/CPU0,0,0,0,34124489,0,0,29793,5037,181078,20276,0,0,0,744127,161715,63,26366,46,0,10,369257,4,166,0,0,0,0,0,744565,0,0,0,354997,104194,0,0,0,0,4000,0,0,0,0,130,0,2,0,0,0,0,128,0,0,0,0,8,57554477,93866581,0,0,0,0,0,45082215,189393

2020-02-02 20:29:13.631000+00:00,leaf7,sg0,12421237,0,45148041,729399041,0,0,0,353685,0,28073,86603,37425,56636,97312,0,125886,675625,2417259161,729736422,19175585,93406954,12144411,22256,425,44,11612,3704,7402,obt-collector1,,,0/RP0/CPU0,0,0,0,34124677,0,0,29793,5037,181078,20276,0,0,0,744139,161715,63,26366,46,0,10,369257,4,166,0,0,0,0,0,744577,0,0,0,354997,104195,0,0,0,0,4000,0,0,0,0,130,0,2,0,0,0,0,128,0,0,0,0,8,57554752,93867062,0,0,0,0,0,45082427,189393

2020-02-02 20:29:23.624000+00:00,leaf7,sg0,12421310,0,45148210,729845533,0,0,0,353685,0,28074,86603,37425,56636,97313,0,125886,675634,2417261521,730182914,19175674,93407421,12144484,22256,425,44,11612,3704,7402,obt-collector1,,,0/RP0/CPU0,0,0,0,34124849,0,0,29793,5038,181080,20276,0,0,0,744165,161715,64,26366,46,0,10,369262,4,166,0,0,0,0,0,744603,0,0,0,354999,104198,0,0,0,0,4000,0,0,0,0,130,0,2,0,0,0,0,128,0,0,0,0,8,57554994,93867538,0,0,0,0,0,45082596,189393

2020-02-02 20:29:33.615000+00:00,leaf7,sg0,12421381,0,45148415,730291657,0,0,0,353685,0,28074,86604,37426,56636,97313,0,125887,675639,2417264227,730629038,19175761,93407886,12144555,22256,425,44,11613,3704,7402,obt-collector1,,,0/RP0/CPU0,0,0,0,34125021,0,0,29794,5038,181081,20276,0,0,0,744178,161715,65,26366,46,0,10,369265,4,166,0,0,0,0,0,744616,0,0,0,355002,104199,0,0,0,0,4000,0,0,0,0,130,0,2,0,0,0,0,128,0,0,0,0,8,57555255,93868007,0,0,0,0,0,45082801,189393

2020-02-02 20:29:43.610000+00:00,leaf7,sg0,12421464,0,45148590,730742441,0,0,0,353685,0,28074,86604,37426,56636,97313,0,125888,675644,2417270854,731079822,19175866,93408371,12144638,22256,425,44,11613,3704,7402,obt-collector1,,,0/RP0/CPU0,0,0,0,34125217,0,0,29794,5038,181082,20276,0,0,0,744200,161715,65,26366,46,0,10,369267,4,166,0,0,0,0,0,744638,0,0,0,355004,104201,0,0,0,0,4000,0,0,0,0,130,0,2,0,0,0,0,128,0,0,0,0,8,57555509,93868496,0,0,0,0,0,45082977,189393

2020-02-02 20:29:53.624000+00:00,leaf7,sg0,12421538,0,45148757,731188671,0,0,0,353685,0,28074,86605,37427,56636,97314,0,125888,675649,2417273403,731526052,19175957,93408838,12144712,22256,425,44,11613,3704,7402,obt-collector1,,,0/RP0/CPU0,0,0,0,34125390,0,0,29795,5039,181084,20276,0,0,0,744215,161715,64,26366,46,0,10,369270,4,166,0,0,0,0,0,744653,0,0,0,355007,104203,0,0,0,0,4000,0,0,0,0,130,0,2,0,0,0,0,128,0,0,0,0,8,57555741,93868968,0,0,0,0,0,45083145,189393

2020-02-02 20:30:03.603000+00:00,leaf7,sg0,12421615,0,45148921,731634747,0,0,0,353685,0,28074,86605,37427,56636,97315,0,125889,675652,2417276496,731972128,19176050,93409308,12144789,22256,425,44,11613,3704,7402,obt-collector1,,,0/RP0/CPU0,0,0,0,34125565,0,0,29795,5039,181086,20276,0,0,0,744225,161715,64,26366,46,0,10,369271,4,166,0,0,0,0,0,744663,0,0,0,355008,104204,0,0,0,0,4000,0,0,0,0,130,0,2,0,0,0,0,128,0,0,0,0,8,57555968,93869440,0,0,0,0,0,45083311,189393

2020-02-02 20:30:13.630000+00:00,leaf7,sg0,12421687,0,45149095,732086603,0,0,0,353685,0,28074,86605,37427,56636,97316,0,125889,675655,2417281375,732423984,19176139,93409773,12144861,22256,425,44,11613,3704,7402,obt-collector1,,,0/RP0/CPU0,0,0,0,34125736,0,0,29795,5039,181087,20276,0,0,0,744240,161715,64,26366,46,0,10,369273,4,166,0,0,0,0,0,744678,0,0,0,355010,104205,0,0,0,0,4000,0,0,0,0,130,0,2,0,0,0,0,128,0,0,0,0,8,57556209,93869908,0,0,0,0,0,45083486,189393

2020-02-02 20:30:23.618000+00:00,leaf7,sg0,12421760,0,45149304,732532999,0,0,0,353685,0,28074,86605,37427,56636,97316,0,125889,675656,2417283783,732870380,19176228,93410240,12144933,22256,425,44,11613,3704,7402,obt-collector1,,,0/RP0/CPU0,0,0,0,34125908,0,0,29795,5040,181088,20276,0,0,0,744248,161716,64,26366,46,0,10,369273,4,166,0,0,0,0,0,744686,0,0,0,355010,104206,0,0,0,0,4000,0,0,0,0,130,0,2,0,0,0,0,128,0,0,0,0,8,57556471,93870377,0,0,0,0,0,45083695,189394

2020-02-02 20:30:33.621000+00:00,leaf7,sg0,12421838,0,45149515,732980339,0,0,0,353685,0,28074,86605,37427,56636,97317,0,125889,675657,2417287090,733317720,19176322,93410713,12145010,22256,425,44,11613,3704,7402,obt-collector1,,,0/RP0/CPU0,0,0,0,34126084,0,0,29795,5040,181089,20276,0,0,0,744261,161717,64,26366,46,0,10,369273,4,166,0,0,0,0,0,744699,0,0,0,355010,104207,0,0,0,0,4000,0,0,0,0,130,0,2,0,0,0,0,128,0,0,0,0,8,57556742,93870851,0,0,0,0,0,45083906,189395

2020-02-02 20:30:43.630000+00:00,leaf7,sg0,12421924,0,45149722,733431013,0,0,0,353685,0,28074,86605,37427,56636,97317,0,125890,675662,2417291460,733768394,19176424,93411194,12145095,22256,425,44,11613,3704,7402,obt-collector1,,,0/RP0/CPU0,0,0,0,34126269,0,0,29795,5040,181090,20276,0,0,0,744272,161718,64,26366,46,0,10,369275,4,166,0,0,0,0,0,744710,0,0,0,355012,104209,0,0,0,0,4000,0,0,0,0,130,0,2,0,0,0,0,128,0,0,0,0,8,57557014,93871336,0,0,0,0,0,45084114,189396

2020-02-02 20:30:53.626000+00:00,leaf7,sg0,12421995,0,45149896,733878646,0,0,0,353685,0,28074,86605,37427,56636,97317,0,125890,675665,2417293893,734216027,19176512,93411659,12145166,22256,425,44,11613,3704,7402,obt-collector1,,,0/RP0/CPU0,0,0,0,34126440,0,0,29795,5041,181091,20276,0,0,0,744293,161718,64,26366,46,0,10,369276,4,166,0,0,0,0,0,744731,0,0,0,355013,104211,0,0,0,0,4000,0,0,0,0,130,0,2,0,0,0,0,128,0,0,0,0,8,57557254,93871805,0,0,0,0,0,45084289,189396

2020-02-02 20:31:03.615000+00:00,leaf7,sg0,12422073,0,45150105,734324706,0,0,0,353685,0,28075,86605,37427,56636,97317,0,125891,675673,2417296884,734662087,19176606,93412132,12145244,22256,425,44,11613,3704,7402,obt-collector1,,,0/RP0/CPU0,0,0,0,34126616,0,0,29795,5041,181092,20276,0,0,0,744308,161718,65,26366,46,0,10,369280,4,166,0,0,0,0,0,744746,0,0,0,355015,104213,0,0,0,0,4000,0,0,0,0,130,0,2,0,0,0,0,128,0,0,0,0,8,57557531,93872284,0,0,0,0,0,45084499,189396

2020-02-02 20:31:13.627000+00:00,leaf7,sg0,12422144,0,45150294,734777181,0,0,0,353685,0,28075,86605,37427,56636,97318,0,125892,675681,2417301012,735114562,19176699,93412604,12145315,22256,425,44,11613,3704,7402,obt-collector1,,,0/RP0/CPU0,0,0,0,34126799,0,0,29795,5041,181094,20276,0,0,0,744330,161718,65,26366,46,0,10,369285,4,166,0,0,0,0,0,744768,0,0,0,355019,104215,0,0,0,0,4000,0,0,0,0,130,0,2,0,0,0,0,128,0,0,0,0,8,57557790,93872763,0,0,0,0,0,45084689,189396

2020-02-02 20:31:23.608000+00:00,leaf7,sg0,12422216,0,45150507,735223506,0,0,0,353685,0,28075,86605,37427,56636,97318,0,125892,675686,2417303584,735560887,19176787,93413069,12145386,22256,425,44,11613,3704,7402,obt-collector1,,,0/RP0/CPU0,0,0,0,34126969,0,0,29795,5042,181095,20276,0,0,0,744345,161719,65,26366,46,0,10,369289,4,166,0,0,0,0,0,744783,0,0,0,355022,104216,0,0,0,0,4000,0,0,0,0,130,0,2,0,0,0,0,128,0,0,0,0,8,57558063,93873234,0,0,0,0,0,45084902,189397

2020-02-02 20:31:33.604000+00:00,leaf7,sg0,12422292,0,45150713,735670718,0,0,0,353685,0,28075,86606,37428,56636,97320,0,125892,675689,2417306167,736008099,19176879,93413539,12145462,22256,425,44,11613,3704,7402,obt-collector1,,,0/RP0/CPU0,0,0,0,34127143,0,0,29796,5042,181097,20276,0,0,0,744363,161719,64,26366,46,0,10,369289,4,166,0,0,0,0,0,744801,0,0,0,355022,104219,0,0,0,0,4000,0,0,0,0,130,0,2,0,0,0,0,128,0,0,0,0,8,57558332,93873706,0,0,0,0,0,45085109,189397

2020-02-02 20:31:43.612000+00:00,leaf7,sg0,12422361,0,45150897,736122209,0,0,0,353685,0,28075,86606,37428,56636,97321,0,125892,675691,2417308945,736459590,19176976,93414020,12145531,22256,425,44,11613,3704,7402,obt-collector1,,,0/RP0/CPU0,0,0,0,34127342,0,0,29796,5042,181098,20276,0,0,0,744380,161719,64,26366,46,0,10,369289,4,166,0,0,0,0,0,744818,0,0,0,355022,104221,0,0,0,0,4000,0,0,0,0,130,0,2,0,0,0,0,128,0,0,0,0,8,57558578,93874189,0,0,0,0,0,45085294,189397

2020-02-02 20:31:53.630000+00:00,leaf7,sg0,12422433,0,45151069,736569707,0,0,0,353685,0,28075,86606,37428,56636,97321,0,125893,675696,2417311102,736907088,19177065,93414486,12145601,22256,425,44,11613,3704,7402,obt-collector1,,,0/RP0/CPU0,0,0,0,34127513,0,0,29796,5043,181100,20276,0,0,0,744402,161721,64,26366,46,0,10,369291,4,166,0,0,0,0,0,744840,0,0,0,355024,104223,0,0,0,0,4000,0,0,0,0,130,0,2,0,0,0,0,128,0,0,0,0,8,57558818,93874660,0,0,0,0,0,45085466,189399

2020-02-02 20:32:03.622000+00:00,leaf7,sg0,12422507,0,45151280,737015719,0,0,0,353685,0,28075,86606,37428,56636,97321,0,125893,675699,2417313556,737353100,19177155,93414953,12145675,22256,425,44,11613,3704,7402,obt-collector1,,,0/RP0/CPU0,0,0,0,34127685,0,0,29796,5043,181100,20276,0,0,0,744419,161721,64,26366,46,0,10,369292,4,166,0,0,0,0,0,744857,0,0,0,355025,104225,0,0,0,0,4000,0,0,0,0,130,0,2,0,0,0,0,128,0,0,0,0,8,57559090,93875130,0,0,0,0,0,45085677,189399

2020-02-02 20:32:13.613000+00:00,leaf7,sg0,12422580,0,45151449,737463914,0,0,0,353685,0,28075,86606,37428,56636,97321,0,125893,675701,2417316178,737801295,19177245,93415418,12145747,22256,425,44,11613,3704,7402,obt-collector1,,,0/RP0/CPU0,0,0,0,34127857,0,0,29796,5043,181100,20276,0,0,0,744442,161722,64,26366,46,0,10,369292,4,166,0,0,0,0,0,744880,0,0,0,355025,104227,0,0,0,0,4000,0,0,0,0,130,0,2,0,0,0,0,128,0,0,0,0,8,57559326,93875597,0,0,0,0,0,45085847,189400

2020-02-02 20:32:23.628000+00:00,leaf7,sg0,12422652,0,45151616,737910242,0,0,0,353685,0,28075,86606,37428,56636,97322,0,125895,675707,2417317996,738247623,19177333,93415884,12145819,22256,425,44,11613,3704,7402,obt-collector1,,,0/RP0/CPU0,0,0,0,34128027,0,0,29796,5044,181104,20276,0,0,0,744458,161722,64,26366,46,0,10,369294,4,166,0,0,0,0,0,744896,0,0,0,355027,104229,0,0,0,0,4000,0,0,0,0,130,0,2,0,0,0,0,128,0,0,0,0,8,57559553,93876068,0,0,0,0,0,45086014,189400

2020-02-02 20:32:33.623000+00:00,leaf7,sg0,12422727,0,45151837,738357102,0,0,0,353685,0,28075,86606,37428,56636,97322,0,125895,675713,2417320432,738694483,19177424,93416353,12145894,22256,425,44,11613,3704,7402,obt-collector1,,,0/RP0/CPU0,0,0,0,34128200,0,0,29796,5044,181104,20276,0,0,0,744482,161722,63,26366,46,0,10,369298,4,166,0,0,0,0,0,744920,0,0,0,355031,104231,0,0,0,0,4000,0,0,0,0,130,0,2,0,0,0,0,128,0,0,0,0,8,57559844,93876543,0,0,0,0,0,45086235,189400

2020-02-02 20:32:43.613000+00:00,leaf7,sg0,12422810,0,45152084,738805166,0,0,0,353685,0,28076,86612,37429,56642,97322,0,125900,675727,2417323838,739142712,19177526,93416858,12145967,22256,425,44,11613,3704,7402,obt-collector1,,,0/RP0/CPU0,0,0,0,34128371,0,0,29796,5044,181104,20276,0,0,0,744498,161722,63,26366,46,0,10,369298,4,166,0,0,0,0,0,744936,0,0,0,355036,104233,0,0,0,0,4000,0,0,0,0,130,0,2,0,0,0,0,128,0,0,0,0,8,57560164,93877050,0,0,0,0,0,45086472,189400

2020-02-02 20:32:53.610000+00:00,leaf7,sg0,12422880,0,45152265,739251866,0,0,0,353685,0,28076,86612,37429,56642,97324,0,125900,675729,2417325562,739589412,19177612,93417320,12146035,22256,425,44,11613,3704,7402,obt-collector1,,,0/RP0/CPU0,0,0,0,34128539,0,0,29796,5045,181107,20276,0,0,0,744521,161724,63,26366,46,0,10,369298,4,166,0,0,0,0,0,744959,0,0,0,355036,104235,0,0,0,0,4000,0,0,0,0,130,0,2,0,0,0,0,128,0,0,0,0,8,57560408,93877515,0,0,0,0,0,45086653,189402

2020-02-02 20:33:03.625000+00:00,leaf7,sg0,12422955,0,45152468,739698054,0,0,0,353685,0,28077,86613,37430,56642,97324,0,125901,675738,2417327578,740035600,19177703,93417791,12146110,22256,425,44,11614,3704,7402,obt-collector1,,,0/RP0/CPU0,0,0,0,34128715,0,0,29797,5045,181108,20276,0,0,0,744534,161724,65,26366,46,0,10,369304,4,166,0,0,0,0,0,744972,0,0,0,355040,104236,0,0,0,0,4000,0,0,0,0,130,0,2,0,0,0,0,128,0,0,0,0,8,57560675,93877993,0,0,0,0,0,45086856,189402

2020-02-02 20:33:13.628000+00:00,leaf7,sg0,12423024,0,45152678,740144882,0,0,0,353685,0,28077,86613,37430,56642,97324,0,125901,675742,2417329302,740482428,19177789,93418254,12146179,22256,425,44,11614,3704,7402,obt-collector1,,,0/RP0/CPU0,0,0,0,34128883,0,0,29797,5045,181108,20276,0,0,0,744548,161724,65,26366,46,0,10,369307,4,166,0,0,0,0,0,744986,0,0,0,355042,104237,0,0,0,0,4000,0,0,0,0,130,0,2,0,0,0,0,128,0,0,0,0,8,57560940,93878460,0,0,0,0,0,45087067,189402

2020-02-02 20:33:23.609000+00:00,leaf7,sg0,12423094,0,45152890,740591022,0,0,0,353685,0,28077,86613,37430,56642,97324,0,125901,675744,2417331026,740928568,19177875,93418717,12146249,22256,425,44,11614,3704,7402,obt-collector1,,,0/RP0/CPU0,0,0,0,34129051,0,0,29797,5046,181109,20276,0,0,0,744559,161724,65,26366,46,0,10,369308,4,166,0,0,0,0,0,744997,0,0,0,355043,104238,0,0,0,0,4000,0,0,0,0,130,0,2,0,0,0,0,128,0,0,0,0,8,57561205,93878926,0,0,0,0,0,45087280,189402

2020-02-02 20:33:33.634000+00:00,leaf7,sg0,12423164,0,45153065,741037722,0,0,0,353685,0,28077,86614,37431,56642,97326,0,125902,675749,2417332778,741375268,19177962,93419182,12146319,22256,425,44,11614,3704,7402,obt-collector1,,,0/RP0/CPU0,0,0,0,34129220,0,0,29798,5046,181112,20276,0,0,0,744577,161724,64,26366,46,0,10,369309,4,166,0,0,0,0,0,745015,0,0,0,355044,104241,0,0,0,0,4000,0,0,0,0,130,0,2,0,0,0,0,128,0,0,0,0,8,57561442,93879394,0,0,0,0,0,45087455,189402

2020-02-02 20:33:43.613000+00:00,leaf7,sg0,12423232,0,45153232,741483801,0,0,0,353685,0,28077,86614,37431,56642,97326,0,125903,675754,2417334502,741821347,19178048,93419644,12146387,22256,425,44,11614,3704,7402,obt-collector1,,,0/RP0/CPU0,0,0,0,34129389,0,0,29798,5046,181113,20276,0,0,0,744588,161724,64,26366,46,0,10,369312,4,166,0,0,0,0,0,745026,0,0,0,355047,104242,0,0,0,0,4000,0,0,0,0,130,0,2,0,0,0,0,128,0,0,0,0,8,57561664,93879860,0,0,0,0,0,45087623,189402

2020-02-02 20:33:53.614000+00:00,leaf7,sg0,12423300,0,45153396,741930565,0,0,0,353685,0,28077,86614,37431,56642,97326,0,125903,675759,2417336226,742268111,19178134,93420104,12146455,22256,425,44,11614,3704,7402,obt-collector1,,,0/RP0/CPU0,0,0,0,34129557,0,0,29798,5047,181114,20276,0,0,0,744614,161724,64,26366,46,0,10,369314,4,166,0,0,0,0,0,745052,0,0,0,355049,104245,0,0,0,0,4000,0,0,0,0,130,0,2,0,0,0,0,128,0,0,0,0,8,57561897,93880326,0,0,0,0,0,45087787,189402

2020-02-02 20:34:03.625000+00:00,leaf7,sg0,12423368,0,45153567,742376577,0,0,0,353685,0,28077,86614,37431,56642,97327,0,125903,675759,2417337950,742714123,19178220,93420565,12146523,22256,425,44,11614,3704,7402,obt-collector1,,,0/RP0/CPU0,0,0,0,34129725,0,0,29798,5047,181115,20276,0,0,0,744625,161724,64,26366,46,0,10,369314,4,166,0,0,0,0,0,745063,0,0,0,355049,104245,0,0,0,0,4000,0,0,0,0,130,0,2,0,0,0,0,128,0,0,0,0,8,57562121,93880787,0,0,0,0,0,45087959,189402

2020-02-02 20:34:13.626000+00:00,leaf7,sg0,12423436,0,45153780,742823149,0,0,0,353685,0,28077,86614,37431,56642,97328,0,125904,675764,2417339674,743160695,19178306,93421028,12146591,22256,425,44,11614,3704,7402,obt-collector1,,,0/RP0/CPU0,0,0,0,34129893,0,0,29798,5047,181117,20276,0,0,0,744639,161724,64,26366,46,0,10,369316,4,166,0,0,0,0,0,745077,0,0,0,355051,104247,0,0,0,0,4000,0,0,0,0,130,0,2,0,0,0,0,128,0,0,0,0,8,57562393,93881254,0,0,0,0,0,45088173,189402

2020-02-02 20:34:23.616000+00:00,leaf7,sg0,12423505,0,45153992,743269225,0,0,0,353685,0,28077,86614,37431,56642,97328,0,125904,675767,2417341417,743606771,19178393,93421490,12146660,22256,425,44,11614,3704,7402,obt-collector1,,,0/RP0/CPU0,0,0,0,34130062,0,0,29798,5048,181118,20276,0,0,0,744659,161724,64,26366,46,0,10,369317,4,166,0,0,0,0,0,745097,0,0,0,355052,104249,0,0,0,0,4000,0,0,0,0,130,0,2,0,0,0,0,128,0,0,0,0,8,57562670,93881720,0,0,0,0,0,45088385,189402

2020-02-02 20:34:33.612000+00:00,leaf7,sg0,12423573,0,45154201,743715349,0,0,0,353685,0,28078,86614,37431,56642,97328,0,125904,675773,2417343141,744052895,19178479,93421952,12146728,22256,425,44,11614,3704,7402,obt-collector1,,,0/RP0/CPU0,0,0,0,34130230,0,0,29798,5048,181118,20276,0,0,0,744673,161724,65,26366,46,0,10,369320,4,166,0,0,0,0,0,745111,0,0,0,355053,104251,0,0,0,0,4000,0,0,0,0,130,0,2,0,0,0,0,128,0,0,0,0,8,57562938,93882187,0,0,0,0,0,45088595,189402

2020-02-02 20:34:43.635000+00:00,leaf7,sg0,12423641,0,45154377,744161444,0,0,0,353685,0,28078,86614,37431,56642,97329,0,125905,675781,2417344865,744498990,19178565,93422414,12146796,22256,425,44,11614,3704,7402,obt-collector1,,,0/RP0/CPU0,0,0,0,34130399,0,0,29798,5048,181120,20276,0,0,0,744699,161724,65,26366,46,0,10,369325,4,166,0,0,0,0,0,745137,0,0,0,355056,104253,0,0,0,0,4000,0,0,0,0,130,0,2,0,0,0,0,128,0,0,0,0,8,57563186,93882656,0,0,0,0,0,45088771,189402

2020-02-02 20:34:53.608000+00:00,leaf7,sg0,12423709,0,45154583,744607568,0,0,0,353685,0,28078,86614,37431,56642,97329,0,125905,675785,2417346589,744945114,19178651,93422875,12146863,22256,425,44,11614,3704,7402,obt-collector1,,,0/RP0/CPU0,0,0,0,34130567,0,0,29798,5049,181121,20276,0,0,0,744714,161725,65,26366,46,0,10,369327,4,166,0,0,0,0,0,745152,0,0,0,355058,104255,0,0,0,0,4000,0,0,0,0,130,0,2,0,0,0,0,128,0,0,0,0,8,57563452,93883122,0,0,0,0,0,45088977,189403

2020-02-02 20:35:03.614000+00:00,leaf7,sg0,12423777,0,45154747,745053628,0,0,0,353685,0,28078,86615,37432,56642,97330,0,125906,675790,2417348313,745391174,19178737,93423338,12146931,22256,425,44,11614,3704,7402,obt-collector1,,,0/RP0/CPU0,0,0,0,34130735,0,0,29799,5049,181123,20276,0,0,0,744737,161725,64,26366,46,0,10,369328,4,166,0,0,0,0,0,745175,0,0,0,355059,104258,0,0,0,0,4000,0,0,0,0,130,0,2,0,0,0,0,128,0,0,0,0,8,57563681,93883588,0,0,0,0,0,45089142,189403

2020-02-02 20:35:13.614000+00:00,leaf7,sg0,12423845,0,45154910,745499640,0,0,0,353685,0,28078,86615,37432,56642,97331,0,125906,675794,2417350037,745837186,19178823,93423798,12146999,22256,425,44,11614,3704,7402,obt-collector1,,,0/RP0/CPU0,0,0,0,34130903,0,0,29799,5049,181124,20276,0,0,0,744754,161725,64,26366,46,0,10,369330,4,166,0,0,0,0,0,745192,0,0,0,355061,104260,0,0,0,0,4000,0,0,0,0,130,0,2,0,0,0,0,128,0,0,0,0,8,57563902,93884052,0,0,0,0,0,45089305,189403

2020-02-02 20:35:23.633000+00:00,leaf7,sg0,12423914,0,45155082,745945764,0,0,0,353685,0,28078,86615,37432,56642,97331,0,125907,675799,2417351780,746283310,19178910,93424260,12147067,22256,425,44,11614,3704,7402,obt-collector1,,,0/RP0/CPU0,0,0,0,34131072,0,0,29799,5050,181126,20276,0,0,0,744776,161726,64,26366,46,0,10,369332,4,166,0,0,0,0,0,745214,0,0,0,355063,104262,0,0,0,0,4000,0,0,0,0,130,0,2,0,0,0,0,128,0,0,0,0,8,57564143,93884519,0,0,0,0,0,45089478,189404

2020-02-02 20:35:33.615000+00:00,leaf7,sg0,12423982,0,45155287,746391888,0,0,0,353685,0,28078,86615,37432,56642,97332,0,125907,675802,2417353504,746729434,19178996,93424721,12147135,22256,425,44,11614,3704,7402,obt-collector1,,,0/RP0/CPU0,0,0,0,34131240,0,0,29799,5050,181127,20276,0,0,0,744794,161726,64,26366,46,0,10,369333,4,166,0,0,0,0,0,745232,0,0,0,355064,104264,0,0,0,0,4000,0,0,0,0,130,0,2,0,0,0,0,128,0,0,0,0,8,57564409,93884983,0,0,0,0,0,45089683,189404

2020-02-02 20:35:43.626000+00:00,leaf7,sg0,12424050,0,45155496,746838543,0,0,0,353685,0,28078,86615,37432,56642,97332,0,125907,675804,2417355228,747176089,19179082,93425183,12147203,22256,425,44,11614,3704,7402,obt-collector1,,,0/RP0/CPU0,0,0,0,34131409,0,0,29799,5050,181127,20276,0,0,0,744815,161726,64,26366,46,0,10,369333,4,166,0,0,0,0,0,745253,0,0,0,355064,104266,0,0,0,0,4000,0,0,0,0,130,0,2,0,0,0,0,128,0,0,0,0,8,57564681,93885447,0,0,0,0,0,45089893,189404

2020-02-02 20:35:53.626000+00:00,leaf7,sg0,12424118,0,45155707,747284619,0,0,0,353685,0,28078,86615,37432,56642,97333,0,125908,675808,2417356952,747622165,19179168,93425645,12147271,22256,425,44,11614,3704,7402,obt-collector1,,,0/RP0/CPU0,0,0,0,34131577,0,0,29799,5051,181130,20276,0,0,0,744833,161726,64,26366,46,0,10,369334,4,166,0,0,0,0,0,745271,0,0,0,355065,104268,0,0,0,0,4000,0,0,0,0,130,0,2,0,0,0,0,128,0,0,0,0,8,57564954,93885913,0,0,0,0,0,45090104,189404

2020-02-02 20:36:03.622000+00:00,leaf7,sg0,12424186,0,45155878,747730743,0,0,0,353685,0,28078,86615,37432,56642,97333,0,125908,675812,2417358676,748068289,19179254,93426105,12147339,22256,425,44,11614,3704,7402,obt-collector1,,,0/RP0/CPU0,0,0,0,34131745,0,0,29799,5051,181130,20276,0,0,0,744856,161726,63,26366,46,0,10,369336,4,166,0,0,0,0,0,745294,0,0,0,355067,104270,0,0,0,0,4000,0,0,0,0,130,0,2,0,0,0,0,128,0,0,0,0,8,57565192,93886377,0,0,0,0,0,45090276,189404

2020-02-02 20:36:13.626000+00:00,leaf7,sg0,12424255,0,45156041,748176755,0,0,0,353685,0,28078,86615,37432,56642,97333,0,125908,675814,2417360419,748514301,19179341,93426566,12147408,22256,425,44,11614,3704,7402,obt-collector1,,,0/RP0/CPU0,0,0,0,34131914,0,0,29799,5051,181130,20276,0,0,0,744874,161726,63,26366,46,0,10,369336,4,166,0,0,0,0,0,745312,0,0,0,355067,104272,0,0,0,0,4000,0,0,0,0,130,0,2,0,0,0,0,128,0,0,0,0,8,57565416,93886840,0,0,0,0,0,45090439,189404

2020-02-02 20:36:23.631000+00:00,leaf7,sg0,12424356,0,45156294,748626055,0,0,0,353737,0,28079,86616,37433,56642,97334,0,125908,675822,2417365363,748963601,19179468,93427104,12147509,22256,425,44,11615,3704,7402,obt-collector1,,,0/RP0/CPU0,0,0,0,34132169,0,0,29800,5052,181133,20276,0,0,0,744896,161726,64,26366,46,0,10,369342,4,166,0,0,0,0,0,745334,0,0,0,355070,104274,0,0,0,0,4000,0,0,0,0,130,0,2,0,0,0,0,128,0,0,0,0,8,57565747,93887387,0,0,0,0,0,45090693,189404

2020-02-02 20:36:33.619000+00:00,leaf7,sg0,12424426,0,45156456,749072003,0,0,0,353737,0,28079,86617,37434,56642,97334,0,125909,675828,2417367087,749409549,19179554,93427567,12147579,22256,425,44,11616,3704,7402,obt-collector1,,,0/RP0/CPU0,0,0,0,34132340,0,0,29801,5052,181134,20276,0,0,0,744913,161726,65,26366,46,0,10,369345,4,166,0,0,0,0,0,745351,0,0,0,355073,104276,0,0,0,0,4000,0,0,0,0,130,0,2,0,0,0,0,128,0,0,0,0,8,57565956,93887855,0,0,0,0,0,45090855,189404

2020-02-02 20:36:43.628000+00:00,leaf7,sg0,12424496,0,45156614,749518063,0,0,0,353737,0,28079,86617,37434,56642,97334,0,125909,675831,2417368811,749855609,19179640,93428029,12147647,22256,425,44,11616,3704,7402,obt-collector1,,,0/RP0/CPU0,0,0,0,34132508,0,0,29801,5052,181134,20276,0,0,0,744937,161728,65,26366,46,0,10,369346,4,166,0,0,0,0,0,745375,0,0,0,355074,104278,0,0,0,0,4000,0,0,0,0,130,0,2,0,0,0,0,128,0,0,0,0,8,57566166,93888320,0,0,0,0,0,45091013,189406

2020-02-02 20:36:53.634000+00:00,leaf7,sg0,12424566,0,45156779,749964283,0,0,0,353737,0,28079,86618,37435,56642,97335,0,125910,675836,2417370535,750301829,19179726,93428493,12147717,22256,425,44,11616,3704,7402,obt-collector1,,,0/RP0/CPU0,0,0,0,34132676,0,0,29802,5053,181136,20276,0,0,0,744954,161728,65,26366,46,0,10,369347,4,166,0,0,0,0,0,745392,0,0,0,355076,104281,0,0,0,0,4000,0,0,0,0,130,0,2,0,0,0,0,128,0,0,0,0,8,57566375,93888788,0,0,0,0,0,45091178,189406

2020-02-02 20:37:03.638000+00:00,leaf7,sg0,12424636,0,45156981,750410359,0,0,0,353737,0,28079,86618,37435,56642,97336,0,125911,675841,2417372259,750747905,19179812,93428957,12147787,22256,425,44,11616,3704,7402,obt-collector1,,,0/RP0/CPU0,0,0,0,34132844,0,0,29802,5053,181138,20276,0,0,0,744979,161728,65,26366,46,0,10,369349,4,166,0,0,0,0,0,745417,0,0,0,355078,104283,0,0,0,0,4000,0,0,0,0,130,0,2,0,0,0,0,128,0,0,0,0,8,57566631,93889256,0,0,0,0,0,45091380,189406

2020-02-02 20:37:13.611000+00:00,leaf7,sg0,12424707,0,45157141,750856483,0,0,0,353737,0,28079,86618,37435,56642,97336,0,125911,675847,2417374002,751194029,19179899,93429420,12147856,22256,425,44,11616,3704,7402,obt-collector1,,,0/RP0/CPU0,0,0,0,34133013,0,0,29802,5053,181138,20276,0,0,0,744997,161730,65,26366,46,0,10,369352,4,166,0,0,0,0,0,745435,0,0,0,355081,104286,0,0,0,0,4000,0,0,0,0,130,0,2,0,0,0,0,128,0,0,0,0,8,57566839,93889725,0,0,0,0,0,45091542,189408

2020-02-02 20:37:23.619000+00:00,leaf7,sg0,12424777,0,45157349,751302738,0,0,0,353737,0,28079,86618,37435,56642,97337,0,125911,675850,2417375726,751640284,19179985,93429884,12147926,22256,425,44,11616,3704,7402,obt-collector1,,,0/RP0/CPU0,0,0,0,34133182,0,0,29802,5054,181140,20276,0,0,0,745028,161730,65,26366,46,0,10,369353,4,166,0,0,0,0,0,745466,0,0,0,355082,104288,0,0,0,0,4000,0,0,0,0,130,0,2,0,0,0,0,128,0,0,0,0,8,57567105,93890193,0,0,0,0,0,45091750,189408

2020-02-02 20:37:33.630000+00:00,leaf7,sg0,12424847,0,45157551,751748862,0,0,0,353737,0,28079,86618,37435,56642,97338,0,125911,675852,2417377450,752086408,19180071,93430347,12147996,22256,425,44,11616,3704,7402,obt-collector1,,,0/RP0/CPU0,0,0,0,34133350,0,0,29802,5054,181141,20276,0,0,0,745045,161730,65,26366,46,0,10,369353,4,166,0,0,0,0,0,745483,0,0,0,355082,104290,0,0,0,0,4000,0,0,0,0,130,0,2,0,0,0,0,128,0,0,0,0,8,57567352,93890658,0,0,0,0,0,45091953,189408

2020-02-02 20:37:43.636000+00:00,leaf7,sg0,12424917,0,45157757,752195050,0,0,0,353737,0,28079,86618,37435,56642,97338,0,125912,675856,2417379174,752532596,19180157,93430811,12148066,22256,425,44,11616,3704,7402,obt-collector1,,,0/RP0/CPU0,0,0,0,34133518,0,0,29802,5054,181142,20276,0,0,0,745064,161730,65,26366,46,0,10,369355,4,166,0,0,0,0,0,745502,0,0,0,355084,104291,0,0,0,0,4000,0,0,0,0,130,0,2,0,0,0,0,128,0,0,0,0,8,57567614,93891125,0,0,0,0,0,45092159,189408

2020-02-02 20:37:53.650000+00:00,leaf7,sg0,12424975,0,45157927,752641110,0,0,0,353737,0,28079,86618,37435,56642,97338,0,125912,675858,2417380898,752978656,19180243,93431261,12148124,22256,425,44,11616,3704,7402,obt-collector1,,,0/RP0/CPU0,0,0,0,34133686,0,0,29802,5055,181143,20276,0,0,0,745076,161730,65,26366,46,0,10,369356,4,166,0,0,0,0,0,745514,0,0,0,355085,104292,0,0,0,0,4000,0,0,0,0,130,0,2,0,0,0,0,128,0,0,0,0,8,57567842,93891578,0,0,0,0,0,45092329,189408

