,Producer,Target,host,node-name,process-cpu/process-cpu-fifteen-minute,process-cpu/process-cpu-five-minute,process-cpu/process-cpu-one-minute,process-cpu/process-id,process-cpu/process-name,total-cpu-fifteen-minute,total-cpu-five-minute,total-cpu-one-minute

2020-02-06 13:19:43.476000+00:00,leaf4,cpumem-sub1,obt-collector1,0/RP0/CPU0,0,0,0,32767,exec,3,3,3

2020-02-06 13:19:43.912000+00:00,leaf4,cpumem-sub1,obt-collector1,0/0/CPU0,0,0,0,28933,sleep,7,8,8

2020-02-06 13:19:53.269000+00:00,leaf4,cpumem-sub1,obt-collector1,0/RP0/CPU0,0,0,0,32767,exec,3,3,3

2020-02-06 13:19:53.708000+00:00,leaf4,cpumem-sub1,obt-collector1,0/0/CPU0,0,0,0,28944,sleep,7,8,8

2020-02-06 13:20:03.278000+00:00,leaf4,cpumem-sub1,obt-collector1,0/RP0/CPU0,0,0,0,32767,exec,3,3,3

2020-02-06 13:20:03.717000+00:00,leaf4,cpumem-sub1,obt-collector1,0/0/CPU0,0,0,0,28944,sleep,7,8,8

2020-02-06 13:20:13.258000+00:00,leaf4,cpumem-sub1,obt-collector1,0/RP0/CPU0,0,0,0,32767,exec,3,3,3

2020-02-06 13:20:13.697000+00:00,leaf4,cpumem-sub1,obt-collector1,0/0/CPU0,0,0,0,28944,sleep,7,8,8

2020-02-06 13:20:23.259000+00:00,leaf4,cpumem-sub1,obt-collector1,0/RP0/CPU0,0,0,0,32767,exec,3,3,3

2020-02-06 13:20:23.697000+00:00,leaf4,cpumem-sub1,obt-collector1,0/0/CPU0,0,0,0,28944,sleep,7,8,8

2020-02-06 13:20:33.373000+00:00,leaf4,cpumem-sub1,obt-collector1,0/RP0/CPU0,0,0,0,32767,exec,3,3,3

2020-02-06 13:20:33.812000+00:00,leaf4,cpumem-sub1,obt-collector1,0/0/CPU0,0,0,0,28944,sleep,7,8,8

2020-02-06 13:20:43.305000+00:00,leaf4,cpumem-sub1,obt-collector1,0/RP0/CPU0,0,0,0,32767,exec,3,3,3

2020-02-06 13:20:43.744000+00:00,leaf4,cpumem-sub1,obt-collector1,0/0/CPU0,0,0,0,28944,sleep,7,8,8

2020-02-06 13:20:53.338000+00:00,leaf4,cpumem-sub1,obt-collector1,0/RP0/CPU0,0,0,0,32767,exec,3,3,3

2020-02-06 13:20:53.774000+00:00,leaf4,cpumem-sub1,obt-collector1,0/0/CPU0,0,0,0,28971,sleep,7,8,8

2020-02-06 13:21:03.255000+00:00,leaf4,cpumem-sub1,obt-collector1,0/RP0/CPU0,0,0,0,32767,exec,3,3,3

2020-02-06 13:21:03.692000+00:00,leaf4,cpumem-sub1,obt-collector1,0/0/CPU0,0,0,0,28971,sleep,7,8,8

2020-02-06 13:21:13.261000+00:00,leaf4,cpumem-sub1,obt-collector1,0/RP0/CPU0,0,0,0,32767,exec,3,3,3

2020-02-06 13:21:13.698000+00:00,leaf4,cpumem-sub1,obt-collector1,0/0/CPU0,0,0,0,28971,sleep,7,8,8

2020-02-06 13:21:23.245000+00:00,leaf4,cpumem-sub1,obt-collector1,0/RP0/CPU0,0,0,0,32767,exec,3,3,3

2020-02-06 13:21:23.682000+00:00,leaf4,cpumem-sub1,obt-collector1,0/0/CPU0,0,0,0,28971,sleep,7,8,8

2020-02-06 13:21:33.299000+00:00,leaf4,cpumem-sub1,obt-collector1,0/RP0/CPU0,0,0,0,32767,exec,3,3,3

2020-02-06 13:21:33.736000+00:00,leaf4,cpumem-sub1,obt-collector1,0/0/CPU0,0,0,0,28971,sleep,7,8,8

2020-02-06 13:21:48.650000+00:00,leaf4,cpumem-sub1,obt-collector1,0/RP0/CPU0,0,0,0,32767,exec,3,3,3

2020-02-06 13:21:49.089000+00:00,leaf4,cpumem-sub1,obt-collector1,0/0/CPU0,0,0,0,28971,sleep,7,8,8

2020-02-06 13:21:53.495000+00:00,leaf4,cpumem-sub1,obt-collector1,0/RP0/CPU0,0,0,0,32767,exec,3,3,3

2020-02-06 13:21:53.932000+00:00,leaf4,cpumem-sub1,obt-collector1,0/0/CPU0,0,0,0,28983,sleep,7,8,8

2020-02-06 13:22:03.283000+00:00,leaf4,cpumem-sub1,obt-collector1,0/RP0/CPU0,0,0,0,32767,exec,3,3,3

2020-02-06 13:22:03.720000+00:00,leaf4,cpumem-sub1,obt-collector1,0/0/CPU0,0,0,0,28983,sleep,7,8,8

2020-02-06 13:22:13.299000+00:00,leaf4,cpumem-sub1,obt-collector1,0/RP0/CPU0,0,0,0,32767,exec,3,3,3

2020-02-06 13:22:13.736000+00:00,leaf4,cpumem-sub1,obt-collector1,0/0/CPU0,0,0,0,28983,sleep,7,8,8

2020-02-06 13:22:23.337000+00:00,leaf4,cpumem-sub1,obt-collector1,0/RP0/CPU0,0,0,0,32767,exec,3,3,3

2020-02-06 13:22:23.774000+00:00,leaf4,cpumem-sub1,obt-collector1,0/0/CPU0,0,0,0,28983,sleep,7,8,8

2020-02-06 13:22:33.251000+00:00,leaf4,cpumem-sub1,obt-collector1,0/RP0/CPU0,0,0,0,32767,exec,3,3,3

2020-02-06 13:22:33.684000+00:00,leaf4,cpumem-sub1,obt-collector1,0/0/CPU0,0,0,0,28983,sleep,7,8,8

2020-02-06 13:22:43.338000+00:00,leaf4,cpumem-sub1,obt-collector1,0/RP0/CPU0,0,0,0,32767,exec,3,3,3

2020-02-06 13:22:43.772000+00:00,leaf4,cpumem-sub1,obt-collector1,0/0/CPU0,0,0,0,28983,sleep,7,8,8

2020-02-06 13:22:53.278000+00:00,leaf4,cpumem-sub1,obt-collector1,0/RP0/CPU0,0,0,0,32767,exec,3,3,3

2020-02-06 13:22:53.711000+00:00,leaf4,cpumem-sub1,obt-collector1,0/0/CPU0,0,0,0,28983,sleep,7,8,8

2020-02-06 13:23:03.439000+00:00,leaf4,cpumem-sub1,obt-collector1,0/RP0/CPU0,0,0,0,32767,exec,3,3,3

2020-02-06 13:23:03.874000+00:00,leaf4,cpumem-sub1,obt-collector1,0/0/CPU0,0,0,0,28994,sleep,7,8,8

2020-02-06 13:23:13.285000+00:00,leaf4,cpumem-sub1,obt-collector1,0/RP0/CPU0,0,0,0,32767,exec,3,3,3

2020-02-06 13:23:13.720000+00:00,leaf4,cpumem-sub1,obt-collector1,0/0/CPU0,0,0,0,28994,sleep,7,8,8

2020-02-06 13:23:23.281000+00:00,leaf4,cpumem-sub1,obt-collector1,0/RP0/CPU0,0,0,0,32767,exec,3,3,3

2020-02-06 13:23:23.717000+00:00,leaf4,cpumem-sub1,obt-collector1,0/0/CPU0,0,0,0,28994,sleep,7,8,8

2020-02-06 13:23:33.276000+00:00,leaf4,cpumem-sub1,obt-collector1,0/RP0/CPU0,0,0,0,32767,exec,3,3,3

2020-02-06 13:23:33.711000+00:00,leaf4,cpumem-sub1,obt-collector1,0/0/CPU0,0,0,0,28994,sleep,7,8,8

2020-02-06 13:23:43.277000+00:00,leaf4,cpumem-sub1,obt-collector1,0/RP0/CPU0,0,0,0,32767,exec,3,3,3

2020-02-06 13:23:43.713000+00:00,leaf4,cpumem-sub1,obt-collector1,0/0/CPU0,0,0,0,28994,sleep,7,8,8

2020-02-06 13:23:53.261000+00:00,leaf4,cpumem-sub1,obt-collector1,0/RP0/CPU0,0,0,0,32767,exec,3,3,3

2020-02-06 13:23:53.696000+00:00,leaf4,cpumem-sub1,obt-collector1,0/0/CPU0,0,0,0,28994,sleep,7,8,8

2020-02-06 13:24:03.738000+00:00,leaf4,cpumem-sub1,obt-collector1,0/RP0/CPU0,0,0,0,32767,exec,3,3,3

2020-02-06 13:24:04.173000+00:00,leaf4,cpumem-sub1,obt-collector1,0/0/CPU0,0,0,0,29006,sleep,7,8,8

2020-02-06 13:24:13.391000+00:00,leaf4,cpumem-sub1,obt-collector1,0/RP0/CPU0,0,0,0,32767,exec,3,3,3

2020-02-06 13:24:13.826000+00:00,leaf4,cpumem-sub1,obt-collector1,0/0/CPU0,0,0,0,29006,sleep,7,8,8

2020-02-06 13:24:23.273000+00:00,leaf4,cpumem-sub1,obt-collector1,0/RP0/CPU0,0,0,0,32767,exec,3,3,3

2020-02-06 13:24:23.709000+00:00,leaf4,cpumem-sub1,obt-collector1,0/0/CPU0,0,0,0,29006,sleep,7,8,8

2020-02-06 13:24:33.282000+00:00,leaf4,cpumem-sub1,obt-collector1,0/RP0/CPU0,0,0,0,32767,exec,3,3,3

2020-02-06 13:24:33.718000+00:00,leaf4,cpumem-sub1,obt-collector1,0/0/CPU0,0,0,0,29006,sleep,7,8,8

2020-02-06 13:24:48.798000+00:00,leaf4,cpumem-sub1,obt-collector1,0/RP0/CPU0,0,0,0,32767,exec,3,3,3

2020-02-06 13:24:49.233000+00:00,leaf4,cpumem-sub1,obt-collector1,0/0/CPU0,0,0,0,29006,sleep,7,8,8

2020-02-06 13:24:53.649000+00:00,leaf4,cpumem-sub1,obt-collector1,0/RP0/CPU0,0,0,0,32767,exec,3,3,3

2020-02-06 13:24:54.084000+00:00,leaf4,cpumem-sub1,obt-collector1,0/0/CPU0,0,0,0,29006,sleep,7,8,8

2020-02-06 13:25:03.257000+00:00,leaf4,cpumem-sub1,obt-collector1,0/RP0/CPU0,0,0,0,32767,exec,3,3,3

2020-02-06 13:25:03.698000+00:00,leaf4,cpumem-sub1,obt-collector1,0/0/CPU0,0,0,0,29022,sleep,7,8,8

2020-02-06 13:25:13.269000+00:00,leaf4,cpumem-sub1,obt-collector1,0/RP0/CPU0,0,0,0,32767,exec,3,3,4

2020-02-06 13:25:13.710000+00:00,leaf4,cpumem-sub1,obt-collector1,0/0/CPU0,0,0,0,29022,sleep,7,8,8

2020-02-06 13:25:23.274000+00:00,leaf4,cpumem-sub1,obt-collector1,0/RP0/CPU0,0,0,0,32767,exec,3,3,4

2020-02-06 13:25:23.716000+00:00,leaf4,cpumem-sub1,obt-collector1,0/0/CPU0,0,0,0,29022,sleep,7,8,8

2020-02-06 13:25:33.272000+00:00,leaf4,cpumem-sub1,obt-collector1,0/RP0/CPU0,0,0,0,32767,exec,3,3,4

2020-02-06 13:25:33.714000+00:00,leaf4,cpumem-sub1,obt-collector1,0/0/CPU0,0,0,0,29022,sleep,7,8,8

2020-02-06 13:25:43.422000+00:00,leaf4,cpumem-sub1,obt-collector1,0/RP0/CPU0,0,0,0,32767,exec,3,3,4

2020-02-06 13:25:43.865000+00:00,leaf4,cpumem-sub1,obt-collector1,0/0/CPU0,0,0,0,29022,sleep,7,8,8

2020-02-06 13:25:53.267000+00:00,leaf4,cpumem-sub1,obt-collector1,0/RP0/CPU0,0,0,0,32767,exec,3,3,4

2020-02-06 13:25:53.707000+00:00,leaf4,cpumem-sub1,obt-collector1,0/0/CPU0,0,0,0,29022,sleep,7,8,8

2020-02-06 13:26:03.297000+00:00,leaf4,cpumem-sub1,obt-collector1,0/RP0/CPU0,0,0,0,32767,exec,3,3,4

2020-02-06 13:26:03.730000+00:00,leaf4,cpumem-sub1,obt-collector1,0/0/CPU0,0,0,0,29044,sleep,8,8,8

2020-02-06 13:26:13.293000+00:00,leaf4,cpumem-sub1,obt-collector1,0/RP0/CPU0,0,0,0,32767,exec,3,3,3

2020-02-06 13:26:13.727000+00:00,leaf4,cpumem-sub1,obt-collector1,0/0/CPU0,0,0,0,29044,sleep,8,8,8

2020-02-06 13:26:23.420000+00:00,leaf4,cpumem-sub1,obt-collector1,0/RP0/CPU0,0,0,0,32767,exec,3,3,3

2020-02-06 13:26:23.859000+00:00,leaf4,cpumem-sub1,obt-collector1,0/0/CPU0,0,0,0,29044,sleep,8,8,8

2020-02-06 13:26:33.264000+00:00,leaf4,cpumem-sub1,obt-collector1,0/RP0/CPU0,0,0,0,32767,exec,3,3,3

2020-02-06 13:26:33.704000+00:00,leaf4,cpumem-sub1,obt-collector1,0/0/CPU0,0,0,0,29044,sleep,8,8,8

2020-02-06 13:26:43.267000+00:00,leaf4,cpumem-sub1,obt-collector1,0/RP0/CPU0,0,0,0,32767,exec,3,3,3

2020-02-06 13:26:43.707000+00:00,leaf4,cpumem-sub1,obt-collector1,0/0/CPU0,0,0,0,29044,sleep,8,8,8

2020-02-06 13:26:53.269000+00:00,leaf4,cpumem-sub1,obt-collector1,0/RP0/CPU0,0,0,0,32767,exec,3,3,3

2020-02-06 13:26:53.708000+00:00,leaf4,cpumem-sub1,obt-collector1,0/0/CPU0,0,0,0,29044,sleep,8,8,8

2020-02-06 13:27:03.258000+00:00,leaf4,cpumem-sub1,obt-collector1,0/RP0/CPU0,0,0,0,32767,exec,3,3,3

2020-02-06 13:27:03.698000+00:00,leaf4,cpumem-sub1,obt-collector1,0/0/CPU0,0,0,0,29056,sleep,8,8,8

2020-02-06 13:27:13.261000+00:00,leaf4,cpumem-sub1,obt-collector1,0/RP0/CPU0,0,0,0,32767,exec,3,3,3

2020-02-06 13:27:13.701000+00:00,leaf4,cpumem-sub1,obt-collector1,0/0/CPU0,0,0,0,29056,sleep,8,8,8

2020-02-06 13:27:23.259000+00:00,leaf4,cpumem-sub1,obt-collector1,0/RP0/CPU0,0,0,0,32767,exec,3,3,3

2020-02-06 13:27:23.699000+00:00,leaf4,cpumem-sub1,obt-collector1,0/0/CPU0,0,0,0,29056,sleep,8,8,8

2020-02-06 13:27:33.425000+00:00,leaf4,cpumem-sub1,obt-collector1,0/RP0/CPU0,0,0,0,32767,exec,3,3,3

2020-02-06 13:27:33.865000+00:00,leaf4,cpumem-sub1,obt-collector1,0/0/CPU0,0,0,0,29056,sleep,8,8,8

2020-02-06 13:27:48.900000+00:00,leaf4,cpumem-sub1,obt-collector1,0/RP0/CPU0,0,0,0,32767,exec,3,3,3

2020-02-06 13:27:49.340000+00:00,leaf4,cpumem-sub1,obt-collector1,0/0/CPU0,0,0,0,29056,sleep,8,8,8

2020-02-06 13:27:53.772000+00:00,leaf4,cpumem-sub1,obt-collector1,0/RP0/CPU0,0,0,0,32767,exec,3,3,3

2020-02-06 13:27:54.209000+00:00,leaf4,cpumem-sub1,obt-collector1,0/0/CPU0,0,0,0,29056,sleep,8,8,8

2020-02-06 13:28:03.313000+00:00,leaf4,cpumem-sub1,obt-collector1,0/RP0/CPU0,0,0,0,32767,exec,3,3,3

2020-02-06 13:28:03.751000+00:00,leaf4,cpumem-sub1,obt-collector1,0/0/CPU0,0,0,0,29067,sleep,8,8,8

2020-02-06 13:28:13.395000+00:00,leaf4,cpumem-sub1,obt-collector1,0/RP0/CPU0,0,0,0,32767,exec,3,3,3

2020-02-06 13:28:13.831000+00:00,leaf4,cpumem-sub1,obt-collector1,0/0/CPU0,0,0,0,29067,sleep,8,8,8

2020-02-06 13:28:23.247000+00:00,leaf4,cpumem-sub1,obt-collector1,0/RP0/CPU0,0,0,0,32767,exec,3,3,3

2020-02-06 13:28:23.683000+00:00,leaf4,cpumem-sub1,obt-collector1,0/0/CPU0,0,0,0,29067,sleep,8,8,8

2020-02-06 13:28:33.254000+00:00,leaf4,cpumem-sub1,obt-collector1,0/RP0/CPU0,0,0,0,32767,exec,3,3,3

2020-02-06 13:28:33.689000+00:00,leaf4,cpumem-sub1,obt-collector1,0/0/CPU0,0,0,0,29067,sleep,8,8,8

2020-02-06 13:28:43.278000+00:00,leaf4,cpumem-sub1,obt-collector1,0/RP0/CPU0,0,0,0,32767,exec,3,3,3

2020-02-06 13:28:43.714000+00:00,leaf4,cpumem-sub1,obt-collector1,0/0/CPU0,0,0,0,29067,sleep,8,8,8

2020-02-06 13:28:53.267000+00:00,leaf4,cpumem-sub1,obt-collector1,0/RP0/CPU0,0,0,0,32767,exec,3,3,3

2020-02-06 13:28:53.702000+00:00,leaf4,cpumem-sub1,obt-collector1,0/0/CPU0,0,0,0,29067,sleep,8,8,8

2020-02-06 13:29:03.457000+00:00,leaf4,cpumem-sub1,obt-collector1,0/RP0/CPU0,0,0,0,32767,exec,3,3,3

2020-02-06 13:29:03.892000+00:00,leaf4,cpumem-sub1,obt-collector1,0/0/CPU0,0,0,0,29083,sleep,8,8,8

2020-02-06 13:29:13.274000+00:00,leaf4,cpumem-sub1,obt-collector1,0/RP0/CPU0,0,0,0,32767,exec,3,3,3

2020-02-06 13:29:13.713000+00:00,leaf4,cpumem-sub1,obt-collector1,0/0/CPU0,0,0,0,29083,sleep,8,8,8

2020-02-06 13:29:23.345000+00:00,leaf4,cpumem-sub1,obt-collector1,0/RP0/CPU0,0,0,0,32767,exec,3,3,3

2020-02-06 13:29:23.784000+00:00,leaf4,cpumem-sub1,obt-collector1,0/0/CPU0,0,0,0,29083,sleep,8,8,8

2020-02-06 13:29:33.267000+00:00,leaf4,cpumem-sub1,obt-collector1,0/RP0/CPU0,0,0,0,32767,exec,3,3,3

2020-02-06 13:29:33.706000+00:00,leaf4,cpumem-sub1,obt-collector1,0/0/CPU0,0,0,0,29083,sleep,8,8,8

2020-02-06 13:29:43.269000+00:00,leaf4,cpumem-sub1,obt-collector1,0/RP0/CPU0,0,0,0,32767,exec,3,3,3

2020-02-06 13:29:43.708000+00:00,leaf4,cpumem-sub1,obt-collector1,0/0/CPU0,0,0,0,29083,sleep,8,8,8

2020-02-06 13:29:53.280000+00:00,leaf4,cpumem-sub1,obt-collector1,0/RP0/CPU0,0,0,0,32767,exec,3,3,3

2020-02-06 13:29:53.719000+00:00,leaf4,cpumem-sub1,obt-collector1,0/0/CPU0,0,0,0,29083,sleep,8,8,8

2020-02-06 13:30:03.318000+00:00,leaf4,cpumem-sub1,obt-collector1,0/RP0/CPU0,0,0,0,32767,exec,3,3,3

2020-02-06 13:30:05.046000+00:00,leaf4,cpumem-sub1,obt-collector1,0/0/CPU0,0,0,0,29099,sleep,8,8,8

2020-02-06 13:30:13.258000+00:00,leaf4,cpumem-sub1,obt-collector1,0/RP0/CPU0,0,0,0,32767,exec,3,3,3

2020-02-06 13:30:13.697000+00:00,leaf4,cpumem-sub1,obt-collector1,0/0/CPU0,0,0,0,29099,sleep,8,8,8

2020-02-06 13:30:23.281000+00:00,leaf4,cpumem-sub1,obt-collector1,0/RP0/CPU0,0,0,0,32767,exec,3,3,3

2020-02-06 13:30:23.720000+00:00,leaf4,cpumem-sub1,obt-collector1,0/0/CPU0,0,0,0,29099,sleep,8,8,8

2020-02-06 13:30:33.301000+00:00,leaf4,cpumem-sub1,obt-collector1,0/RP0/CPU0,0,0,0,32767,exec,3,3,3

2020-02-06 13:30:33.739000+00:00,leaf4,cpumem-sub1,obt-collector1,0/0/CPU0,0,0,0,29099,sleep,8,8,8

2020-02-06 13:30:49.057000+00:00,leaf4,cpumem-sub1,obt-collector1,0/RP0/CPU0,0,0,0,32767,exec,3,3,3

2020-02-06 13:30:49.497000+00:00,leaf4,cpumem-sub1,obt-collector1,0/0/CPU0,0,0,0,29099,sleep,8,8,8

2020-02-06 13:30:53.922000+00:00,leaf4,cpumem-sub1,obt-collector1,0/RP0/CPU0,0,0,0,32767,exec,3,3,3

2020-02-06 13:30:54.358000+00:00,leaf4,cpumem-sub1,obt-collector1,0/0/CPU0,0,0,0,29099,sleep,8,8,8

2020-02-06 13:31:03.280000+00:00,leaf4,cpumem-sub1,obt-collector1,0/RP0/CPU0,0,0,0,32767,exec,3,3,3

2020-02-06 13:31:03.721000+00:00,leaf4,cpumem-sub1,obt-collector1,0/0/CPU0,0,0,0,29099,sleep,8,8,8

2020-02-06 13:31:13.301000+00:00,leaf4,cpumem-sub1,obt-collector1,0/RP0/CPU0,0,0,0,32767,exec,3,3,4

2020-02-06 13:31:13.738000+00:00,leaf4,cpumem-sub1,obt-collector1,0/0/CPU0,0,0,0,29121,sleep,8,8,8

2020-02-06 13:31:23.266000+00:00,leaf4,cpumem-sub1,obt-collector1,0/RP0/CPU0,0,0,0,32767,exec,3,3,4

2020-02-06 13:31:23.703000+00:00,leaf4,cpumem-sub1,obt-collector1,0/0/CPU0,0,0,0,29121,sleep,8,8,8

2020-02-06 13:31:33.455000+00:00,leaf4,cpumem-sub1,obt-collector1,0/RP0/CPU0,0,0,0,32767,exec,3,3,4

2020-02-06 13:31:33.892000+00:00,leaf4,cpumem-sub1,obt-collector1,0/0/CPU0,0,0,0,29121,sleep,8,8,8

2020-02-06 13:31:43.277000+00:00,leaf4,cpumem-sub1,obt-collector1,0/RP0/CPU0,0,0,0,32767,exec,3,3,4

2020-02-06 13:31:43.715000+00:00,leaf4,cpumem-sub1,obt-collector1,0/0/CPU0,0,0,0,29121,sleep,8,8,8

2020-02-06 13:31:53.265000+00:00,leaf4,cpumem-sub1,obt-collector1,0/RP0/CPU0,0,0,0,32767,exec,3,3,4

2020-02-06 13:31:53.702000+00:00,leaf4,cpumem-sub1,obt-collector1,0/0/CPU0,0,0,0,29121,sleep,8,8,8

2020-02-06 13:32:03.286000+00:00,leaf4,cpumem-sub1,obt-collector1,0/RP0/CPU0,0,0,0,32767,exec,3,3,4

2020-02-06 13:32:03.723000+00:00,leaf4,cpumem-sub1,obt-collector1,0/0/CPU0,0,0,0,29121,sleep,8,8,8

2020-02-06 13:32:13.315000+00:00,leaf4,cpumem-sub1,obt-collector1,0/RP0/CPU0,0,0,0,32767,exec,3,3,4

2020-02-06 13:32:13.752000+00:00,leaf4,cpumem-sub1,obt-collector1,0/0/CPU0,0,0,0,29133,sleep,8,8,8

2020-02-06 13:32:23.271000+00:00,leaf4,cpumem-sub1,obt-collector1,0/RP0/CPU0,0,0,0,32767,exec,3,3,4

2020-02-06 13:32:23.708000+00:00,leaf4,cpumem-sub1,obt-collector1,0/0/CPU0,0,0,0,29133,sleep,8,8,8

2020-02-06 13:32:33.262000+00:00,leaf4,cpumem-sub1,obt-collector1,0/RP0/CPU0,0,0,0,32767,exec,3,3,4

2020-02-06 13:32:33.699000+00:00,leaf4,cpumem-sub1,obt-collector1,0/0/CPU0,0,0,0,29133,sleep,8,8,8

2020-02-06 13:32:43.393000+00:00,leaf4,cpumem-sub1,obt-collector1,0/RP0/CPU0,0,0,0,32767,exec,3,3,4

2020-02-06 13:32:43.830000+00:00,leaf4,cpumem-sub1,obt-collector1,0/0/CPU0,0,0,0,29133,sleep,8,8,8

2020-02-06 13:32:53.263000+00:00,leaf4,cpumem-sub1,obt-collector1,0/RP0/CPU0,0,0,0,32767,exec,3,3,4

2020-02-06 13:32:53.701000+00:00,leaf4,cpumem-sub1,obt-collector1,0/0/CPU0,0,0,0,29133,sleep,8,8,8

2020-02-06 13:33:03.264000+00:00,leaf4,cpumem-sub1,obt-collector1,0/RP0/CPU0,0,0,0,32767,exec,3,3,4

2020-02-06 13:33:03.700000+00:00,leaf4,cpumem-sub1,obt-collector1,0/0/CPU0,0,0,0,29133,sleep,8,8,8

2020-02-06 13:33:13.263000+00:00,leaf4,cpumem-sub1,obt-collector1,0/RP0/CPU0,0,0,0,32767,exec,3,3,3

2020-02-06 13:33:13.700000+00:00,leaf4,cpumem-sub1,obt-collector1,0/0/CPU0,0,0,0,29144,sleep,8,8,8

2020-02-06 13:33:23.363000+00:00,leaf4,cpumem-sub1,obt-collector1,0/RP0/CPU0,0,0,0,32767,exec,3,3,3

2020-02-06 13:33:23.800000+00:00,leaf4,cpumem-sub1,obt-collector1,0/0/CPU0,0,0,0,29144,sleep,8,8,8

2020-02-06 13:33:33.256000+00:00,leaf4,cpumem-sub1,obt-collector1,0/RP0/CPU0,0,0,0,32767,exec,3,3,3

2020-02-06 13:33:33.693000+00:00,leaf4,cpumem-sub1,obt-collector1,0/0/CPU0,0,0,0,29144,sleep,8,8,8

2020-02-06 13:33:49.200000+00:00,leaf4,cpumem-sub1,obt-collector1,0/RP0/CPU0,0,0,0,32767,exec,3,3,3

2020-02-06 13:33:49.638000+00:00,leaf4,cpumem-sub1,obt-collector1,0/0/CPU0,0,0,0,29144,sleep,8,8,8

2020-02-06 13:33:54.143000+00:00,leaf4,cpumem-sub1,obt-collector1,0/RP0/CPU0,0,0,0,32767,exec,3,3,3

2020-02-06 13:33:54.583000+00:00,leaf4,cpumem-sub1,obt-collector1,0/0/CPU0,0,0,0,29144,sleep,8,8,8

2020-02-06 13:34:03.271000+00:00,leaf4,cpumem-sub1,obt-collector1,0/RP0/CPU0,0,0,0,32767,exec,3,3,3

2020-02-06 13:34:03.711000+00:00,leaf4,cpumem-sub1,obt-collector1,0/0/CPU0,0,0,0,29144,sleep,8,8,8

2020-02-06 13:34:13.407000+00:00,leaf4,cpumem-sub1,obt-collector1,0/RP0/CPU0,0,0,0,32767,exec,3,3,3

2020-02-06 13:34:13.845000+00:00,leaf4,cpumem-sub1,obt-collector1,0/0/CPU0,0,0,0,29156,sleep,8,8,8

2020-02-06 13:34:23.272000+00:00,leaf4,cpumem-sub1,obt-collector1,0/RP0/CPU0,0,0,0,32767,exec,3,3,3

2020-02-06 13:34:23.710000+00:00,leaf4,cpumem-sub1,obt-collector1,0/0/CPU0,0,0,0,29156,sleep,8,8,8

2020-02-06 13:34:33.313000+00:00,leaf4,cpumem-sub1,obt-collector1,0/RP0/CPU0,0,0,0,32767,exec,3,3,3

2020-02-06 13:34:33.750000+00:00,leaf4,cpumem-sub1,obt-collector1,0/0/CPU0,0,0,0,29156,sleep,8,8,8

2020-02-06 13:34:43.335000+00:00,leaf4,cpumem-sub1,obt-collector1,0/RP0/CPU0,0,0,0,32767,exec,3,3,3

2020-02-06 13:34:43.774000+00:00,leaf4,cpumem-sub1,obt-collector1,0/0/CPU0,0,0,0,29156,sleep,8,8,8

2020-02-06 13:34:53.284000+00:00,leaf4,cpumem-sub1,obt-collector1,0/RP0/CPU0,0,0,0,32767,exec,3,3,3

2020-02-06 13:34:53.721000+00:00,leaf4,cpumem-sub1,obt-collector1,0/0/CPU0,0,0,0,29156,sleep,8,8,8

2020-02-06 13:35:03.272000+00:00,leaf4,cpumem-sub1,obt-collector1,0/RP0/CPU0,0,0,0,32767,exec,3,3,3

2020-02-06 13:35:03.709000+00:00,leaf4,cpumem-sub1,obt-collector1,0/0/CPU0,0,0,0,29156,sleep,8,8,8

2020-02-06 13:35:13.305000+00:00,leaf4,cpumem-sub1,obt-collector1,0/RP0/CPU0,0,0,0,32767,exec,3,3,3

2020-02-06 13:35:13.741000+00:00,leaf4,cpumem-sub1,obt-collector1,0/0/CPU0,0,0,0,29172,sleep,8,8,8

2020-02-06 13:35:23.307000+00:00,leaf4,cpumem-sub1,obt-collector1,0/RP0/CPU0,0,0,0,32767,exec,3,3,3

2020-02-06 13:35:23.743000+00:00,leaf4,cpumem-sub1,obt-collector1,0/0/CPU0,0,0,0,29172,sleep,8,8,8

2020-02-06 13:35:33.269000+00:00,leaf4,cpumem-sub1,obt-collector1,0/RP0/CPU0,0,0,0,32767,exec,3,3,3

2020-02-06 13:35:33.705000+00:00,leaf4,cpumem-sub1,obt-collector1,0/0/CPU0,0,0,0,29172,sleep,8,8,8

2020-02-06 13:35:43.283000+00:00,leaf4,cpumem-sub1,obt-collector1,0/RP0/CPU0,0,0,0,32767,exec,3,3,3

2020-02-06 13:35:43.721000+00:00,leaf4,cpumem-sub1,obt-collector1,0/0/CPU0,0,0,0,29172,sleep,8,8,8

2020-02-06 13:35:53.270000+00:00,leaf4,cpumem-sub1,obt-collector1,0/RP0/CPU0,0,0,0,32767,exec,3,3,3

2020-02-06 13:35:53.706000+00:00,leaf4,cpumem-sub1,obt-collector1,0/0/CPU0,0,0,0,29172,sleep,8,8,8

2020-02-06 13:36:03.329000+00:00,leaf4,cpumem-sub1,obt-collector1,0/RP0/CPU0,0,0,0,32767,exec,3,3,3

2020-02-06 13:36:03.766000+00:00,leaf4,cpumem-sub1,obt-collector1,0/0/CPU0,0,0,0,29172,sleep,8,8,8

2020-02-06 13:36:13.271000+00:00,leaf4,cpumem-sub1,obt-collector1,0/RP0/CPU0,0,0,0,32767,exec,3,3,3

2020-02-06 13:36:13.708000+00:00,leaf4,cpumem-sub1,obt-collector1,0/0/CPU0,0,0,0,29205,sleep,8,8,8

2020-02-06 13:36:23.266000+00:00,leaf4,cpumem-sub1,obt-collector1,0/RP0/CPU0,0,0,0,32767,exec,3,3,3

2020-02-06 13:36:23.705000+00:00,leaf4,cpumem-sub1,obt-collector1,0/0/CPU0,0,0,0,29205,sleep,8,8,8

2020-02-06 13:36:33.266000+00:00,leaf4,cpumem-sub1,obt-collector1,0/RP0/CPU0,0,0,0,32767,exec,3,3,3

2020-02-06 13:36:33.702000+00:00,leaf4,cpumem-sub1,obt-collector1,0/0/CPU0,0,0,0,29205,sleep,8,8,8

2020-02-06 13:36:49.353000+00:00,leaf4,cpumem-sub1,obt-collector1,0/RP0/CPU0,0,0,0,32767,exec,3,3,3

2020-02-06 13:36:49.791000+00:00,leaf4,cpumem-sub1,obt-collector1,0/0/CPU0,0,0,0,29205,sleep,8,8,8

2020-02-06 13:36:54.435000+00:00,leaf4,cpumem-sub1,obt-collector1,0/RP0/CPU0,0,0,0,32767,exec,3,3,3

2020-02-06 13:36:54.876000+00:00,leaf4,cpumem-sub1,obt-collector1,0/0/CPU0,0,0,0,29205,sleep,8,8,8

2020-02-06 13:37:03.266000+00:00,leaf4,cpumem-sub1,obt-collector1,0/RP0/CPU0,0,0,0,32767,exec,3,3,3

2020-02-06 13:37:03.700000+00:00,leaf4,cpumem-sub1,obt-collector1,0/0/CPU0,0,0,0,29205,sleep,8,8,8

2020-02-06 13:37:13.406000+00:00,leaf4,cpumem-sub1,obt-collector1,0/RP0/CPU0,0,0,0,32767,exec,3,3,4

2020-02-06 13:37:14.610000+00:00,leaf4,cpumem-sub1,obt-collector1,0/0/CPU0,0,0,0,29217,sleep,8,8,8

2020-02-06 13:37:23.269000+00:00,leaf4,cpumem-sub1,obt-collector1,0/RP0/CPU0,0,0,0,32767,exec,3,3,4

2020-02-06 13:37:23.708000+00:00,leaf4,cpumem-sub1,obt-collector1,0/0/CPU0,0,0,0,29217,sleep,8,8,8

2020-02-06 13:37:33.375000+00:00,leaf4,cpumem-sub1,obt-collector1,0/RP0/CPU0,0,0,0,32767,exec,3,3,4

2020-02-06 13:37:33.814000+00:00,leaf4,cpumem-sub1,obt-collector1,0/0/CPU0,0,0,0,29217,sleep,8,8,8

2020-02-06 13:37:43.296000+00:00,leaf4,cpumem-sub1,obt-collector1,0/RP0/CPU0,0,0,0,32767,exec,3,3,4

2020-02-06 13:37:43.737000+00:00,leaf4,cpumem-sub1,obt-collector1,0/0/CPU0,0,0,0,29217,sleep,8,8,8

2020-02-06 13:37:53.373000+00:00,leaf4,cpumem-sub1,obt-collector1,0/RP0/CPU0,0,0,0,32767,exec,3,3,4

2020-02-06 13:37:53.813000+00:00,leaf4,cpumem-sub1,obt-collector1,0/0/CPU0,0,0,0,29217,sleep,8,8,8

2020-02-06 13:38:03.275000+00:00,leaf4,cpumem-sub1,obt-collector1,0/RP0/CPU0,0,0,0,32767,exec,3,3,4

2020-02-06 13:38:03.714000+00:00,leaf4,cpumem-sub1,obt-collector1,0/0/CPU0,0,0,0,29217,sleep,8,8,8

2020-02-06 13:38:13.359000+00:00,leaf4,cpumem-sub1,obt-collector1,0/RP0/CPU0,0,0,0,32767,exec,3,3,4

2020-02-06 13:38:13.799000+00:00,leaf4,cpumem-sub1,obt-collector1,0/0/CPU0,0,0,0,29217,sleep,8,8,8

2020-02-06 13:38:23.278000+00:00,leaf4,cpumem-sub1,obt-collector1,0/RP0/CPU0,0,0,0,32767,exec,3,3,3

2020-02-06 13:38:23.718000+00:00,leaf4,cpumem-sub1,obt-collector1,0/0/CPU0,0,0,0,29229,sleep,8,8,8

2020-02-06 13:38:33.340000+00:00,leaf4,cpumem-sub1,obt-collector1,0/RP0/CPU0,0,0,0,32767,exec,3,3,3

2020-02-06 13:38:33.780000+00:00,leaf4,cpumem-sub1,obt-collector1,0/0/CPU0,0,0,0,29229,sleep,8,8,8

2020-02-06 13:38:43.283000+00:00,leaf4,cpumem-sub1,obt-collector1,0/RP0/CPU0,0,0,0,32767,exec,3,3,3

2020-02-06 13:38:43.723000+00:00,leaf4,cpumem-sub1,obt-collector1,0/0/CPU0,0,0,0,29229,sleep,8,8,8

2020-02-06 13:38:53.278000+00:00,leaf4,cpumem-sub1,obt-collector1,0/RP0/CPU0,0,0,0,32767,exec,3,3,3

2020-02-06 13:38:53.718000+00:00,leaf4,cpumem-sub1,obt-collector1,0/0/CPU0,0,0,0,29229,sleep,8,8,8

2020-02-06 13:39:03.284000+00:00,leaf4,cpumem-sub1,obt-collector1,0/RP0/CPU0,0,0,0,32767,exec,3,3,3

2020-02-06 13:39:03.724000+00:00,leaf4,cpumem-sub1,obt-collector1,0/0/CPU0,0,0,0,29229,sleep,8,8,8

2020-02-06 13:39:13.832000+00:00,leaf4,cpumem-sub1,obt-collector1,0/RP0/CPU0,0,0,0,32767,exec,3,3,3

2020-02-06 13:39:14.272000+00:00,leaf4,cpumem-sub1,obt-collector1,0/0/CPU0,0,0,0,29229,sleep,8,8,8

2020-02-06 13:39:23.381000+00:00,leaf4,cpumem-sub1,obt-collector1,0/RP0/CPU0,0,0,0,32767,exec,3,3,3

2020-02-06 13:39:23.820000+00:00,leaf4,cpumem-sub1,obt-collector1,0/0/CPU0,0,0,0,29240,sleep,8,8,8

2020-02-06 13:39:33.276000+00:00,leaf4,cpumem-sub1,obt-collector1,0/RP0/CPU0,0,0,0,32767,exec,3,3,3

2020-02-06 13:39:33.713000+00:00,leaf4,cpumem-sub1,obt-collector1,0/0/CPU0,0,0,0,29240,sleep,8,8,8

2020-02-06 13:39:49.140000+00:00,leaf4,cpumem-sub1,obt-collector1,0/RP0/CPU0,0,0,0,32767,exec,3,3,3

2020-02-06 13:39:49.578000+00:00,leaf4,cpumem-sub1,obt-collector1,0/0/CPU0,0,0,0,29240,sleep,8,8,8

2020-02-06 13:39:54.146000+00:00,leaf4,cpumem-sub1,obt-collector1,0/RP0/CPU0,0,0,0,32767,exec,3,3,3

2020-02-06 13:39:54.583000+00:00,leaf4,cpumem-sub1,obt-collector1,0/0/CPU0,0,0,0,29240,sleep,8,8,8

2020-02-06 13:40:03.460000+00:00,leaf4,cpumem-sub1,obt-collector1,0/RP0/CPU0,0,0,0,32767,exec,3,3,3

2020-02-06 13:40:03.896000+00:00,leaf4,cpumem-sub1,obt-collector1,0/0/CPU0,0,0,0,29240,sleep,8,8,8

2020-02-06 13:40:13.264000+00:00,leaf4,cpumem-sub1,obt-collector1,0/RP0/CPU0,0,0,0,32767,exec,3,3,3

2020-02-06 13:40:13.700000+00:00,leaf4,cpumem-sub1,obt-collector1,0/0/CPU0,0,0,0,29240,sleep,8,8,8

