,EncodingPath,Producer,Target,host,interface-counts__admin-down-interface-count,interface-counts__down-interface-count,interface-counts__interface-count,interface-counts__up-interface-count

2020-02-06 19:31:58.059000+00:00,Cisco-IOS-XR-pfi-im-cmd-oper:interfaces/interface-summary,spine1,,,3,0,39,36

2020-02-06 19:32:09.498000+00:00,Cisco-IOS-XR-pfi-im-cmd-oper:interfaces/interface-summary,spine1,,,3,0,39,36

2020-02-06 19:32:20.971000+00:00,Cisco-IOS-XR-pfi-im-cmd-oper:interfaces/interface-summary,spine1,,,3,0,39,36

2020-02-06 19:32:32.472000+00:00,Cisco-IOS-XR-pfi-im-cmd-oper:interfaces/interface-summary,spine1,,,3,0,39,36

2020-02-06 19:32:43.927000+00:00,Cisco-IOS-XR-pfi-im-cmd-oper:interfaces/interface-summary,spine1,,,3,0,39,36

2020-02-06 19:32:55.371000+00:00,Cisco-IOS-XR-pfi-im-cmd-oper:interfaces/interface-summary,spine1,,,3,0,39,36

2020-02-06 19:33:06.834000+00:00,Cisco-IOS-XR-pfi-im-cmd-oper:interfaces/interface-summary,spine1,,,3,0,39,36

2020-02-06 19:33:18.272000+00:00,Cisco-IOS-XR-pfi-im-cmd-oper:interfaces/interface-summary,spine1,,,3,0,39,36

2020-02-06 19:33:29.785000+00:00,Cisco-IOS-XR-pfi-im-cmd-oper:interfaces/interface-summary,spine1,,,3,0,39,36

2020-02-06 19:33:41.238000+00:00,Cisco-IOS-XR-pfi-im-cmd-oper:interfaces/interface-summary,spine1,,,3,0,39,36

2020-02-06 19:33:52.674000+00:00,Cisco-IOS-XR-pfi-im-cmd-oper:interfaces/interface-summary,spine1,,,3,0,39,36

2020-02-06 19:34:04.171000+00:00,Cisco-IOS-XR-pfi-im-cmd-oper:interfaces/interface-summary,spine1,,,3,0,39,36

2020-02-06 19:34:15.928000+00:00,Cisco-IOS-XR-pfi-im-cmd-oper:interfaces/interface-summary,spine1,,,3,0,39,36

2020-02-06 19:34:27.397000+00:00,Cisco-IOS-XR-pfi-im-cmd-oper:interfaces/interface-summary,spine1,,,3,0,39,36

2020-02-06 19:34:38.845000+00:00,Cisco-IOS-XR-pfi-im-cmd-oper:interfaces/interface-summary,spine1,,,3,0,39,36

2020-02-06 19:34:50.294000+00:00,Cisco-IOS-XR-pfi-im-cmd-oper:interfaces/interface-summary,spine1,,,3,0,39,36

2020-02-06 19:35:01.815000+00:00,Cisco-IOS-XR-pfi-im-cmd-oper:interfaces/interface-summary,spine1,,,3,0,39,36

2020-02-06 19:35:13.331000+00:00,Cisco-IOS-XR-pfi-im-cmd-oper:interfaces/interface-summary,spine1,,,3,0,39,36

2020-02-06 19:35:24.813000+00:00,Cisco-IOS-XR-pfi-im-cmd-oper:interfaces/interface-summary,spine1,,,3,0,39,36

2020-02-06 19:35:36.282000+00:00,Cisco-IOS-XR-pfi-im-cmd-oper:interfaces/interface-summary,spine1,,,3,0,39,36

2020-02-06 19:35:47.723000+00:00,Cisco-IOS-XR-pfi-im-cmd-oper:interfaces/interface-summary,spine1,,,3,0,39,36

2020-02-06 19:35:59.197000+00:00,Cisco-IOS-XR-pfi-im-cmd-oper:interfaces/interface-summary,spine1,,,3,0,39,36

2020-02-06 19:36:10.647000+00:00,Cisco-IOS-XR-pfi-im-cmd-oper:interfaces/interface-summary,spine1,,,3,0,39,36

2020-02-06 19:36:22.087000+00:00,Cisco-IOS-XR-pfi-im-cmd-oper:interfaces/interface-summary,spine1,,,3,0,39,36

2020-02-06 19:36:33.543000+00:00,Cisco-IOS-XR-pfi-im-cmd-oper:interfaces/interface-summary,spine1,,,3,0,39,36

2020-02-06 19:36:45.020000+00:00,Cisco-IOS-XR-pfi-im-cmd-oper:interfaces/interface-summary,spine1,,,3,0,39,36

2020-02-06 19:36:56.503000+00:00,Cisco-IOS-XR-pfi-im-cmd-oper:interfaces/interface-summary,spine1,,,3,0,39,36

2020-02-06 19:37:07.975000+00:00,Cisco-IOS-XR-pfi-im-cmd-oper:interfaces/interface-summary,spine1,,,3,0,39,36

2020-02-06 19:37:19.474000+00:00,Cisco-IOS-XR-pfi-im-cmd-oper:interfaces/interface-summary,spine1,,,3,0,39,36

2020-02-06 19:37:30.917000+00:00,Cisco-IOS-XR-pfi-im-cmd-oper:interfaces/interface-summary,spine1,,,3,0,39,36

2020-02-06 19:37:42.401000+00:00,Cisco-IOS-XR-pfi-im-cmd-oper:interfaces/interface-summary,spine1,,,3,0,39,36

2020-02-06 19:37:53.920000+00:00,Cisco-IOS-XR-pfi-im-cmd-oper:interfaces/interface-summary,spine1,,,3,0,39,36

2020-02-06 19:38:05.402000+00:00,Cisco-IOS-XR-pfi-im-cmd-oper:interfaces/interface-summary,spine1,,,3,0,39,36

2020-02-06 19:38:16.912000+00:00,Cisco-IOS-XR-pfi-im-cmd-oper:interfaces/interface-summary,spine1,,,3,0,39,36

2020-02-06 19:38:28.354000+00:00,Cisco-IOS-XR-pfi-im-cmd-oper:interfaces/interface-summary,spine1,,,3,0,39,36

2020-02-06 19:38:39.803000+00:00,Cisco-IOS-XR-pfi-im-cmd-oper:interfaces/interface-summary,spine1,,,3,0,39,36

2020-02-06 19:38:51.264000+00:00,Cisco-IOS-XR-pfi-im-cmd-oper:interfaces/interface-summary,spine1,,,3,0,39,36

2020-02-06 19:39:02.692000+00:00,Cisco-IOS-XR-pfi-im-cmd-oper:interfaces/interface-summary,spine1,,,3,0,39,36

2020-02-06 19:39:14.201000+00:00,Cisco-IOS-XR-pfi-im-cmd-oper:interfaces/interface-summary,spine1,,,3,0,39,36

2020-02-06 19:39:25.643000+00:00,Cisco-IOS-XR-pfi-im-cmd-oper:interfaces/interface-summary,spine1,,,3,0,39,36

2020-02-06 19:39:37.083000+00:00,Cisco-IOS-XR-pfi-im-cmd-oper:interfaces/interface-summary,spine1,,,3,0,39,36

2020-02-06 19:39:48.552000+00:00,Cisco-IOS-XR-pfi-im-cmd-oper:interfaces/interface-summary,spine1,,,3,0,39,36

2020-02-06 19:40:00.012000+00:00,Cisco-IOS-XR-pfi-im-cmd-oper:interfaces/interface-summary,spine1,,,3,0,39,36

2020-02-06 19:40:11.481000+00:00,Cisco-IOS-XR-pfi-im-cmd-oper:interfaces/interface-summary,spine1,,,3,0,39,36

2020-02-06 19:40:22.948000+00:00,Cisco-IOS-XR-pfi-im-cmd-oper:interfaces/interface-summary,spine1,,,3,0,39,36

2020-02-06 19:40:34.443000+00:00,Cisco-IOS-XR-pfi-im-cmd-oper:interfaces/interface-summary,spine1,,,3,0,39,36

2020-02-06 19:40:45.976000+00:00,Cisco-IOS-XR-pfi-im-cmd-oper:interfaces/interface-summary,spine1,,,3,0,39,36

2020-02-06 19:40:57.422000+00:00,Cisco-IOS-XR-pfi-im-cmd-oper:interfaces/interface-summary,spine1,,,3,0,39,36

2020-02-06 19:41:08.856000+00:00,Cisco-IOS-XR-pfi-im-cmd-oper:interfaces/interface-summary,spine1,,,3,1,39,35

2020-02-06 19:41:20.285000+00:00,Cisco-IOS-XR-pfi-im-cmd-oper:interfaces/interface-summary,spine1,,,3,1,39,35

2020-02-06 19:41:31.722000+00:00,Cisco-IOS-XR-pfi-im-cmd-oper:interfaces/interface-summary,spine1,,,3,1,39,35

2020-02-06 19:41:43.242000+00:00,Cisco-IOS-XR-pfi-im-cmd-oper:interfaces/interface-summary,spine1,,,3,1,39,35

2020-02-06 19:41:54.712000+00:00,Cisco-IOS-XR-pfi-im-cmd-oper:interfaces/interface-summary,spine1,,,3,1,39,35

2020-02-06 19:42:06.155000+00:00,Cisco-IOS-XR-pfi-im-cmd-oper:interfaces/interface-summary,spine1,,,3,1,39,35

2020-02-06 19:42:17.717000+00:00,Cisco-IOS-XR-pfi-im-cmd-oper:interfaces/interface-summary,spine1,,,3,1,39,35

2020-02-06 19:42:29.187000+00:00,Cisco-IOS-XR-pfi-im-cmd-oper:interfaces/interface-summary,spine1,,,3,1,39,35

2020-02-06 19:42:40.667000+00:00,Cisco-IOS-XR-pfi-im-cmd-oper:interfaces/interface-summary,spine1,,,3,1,39,35

2020-02-06 19:42:52.102000+00:00,Cisco-IOS-XR-pfi-im-cmd-oper:interfaces/interface-summary,spine1,,,3,1,39,35

2020-02-06 19:43:03.554000+00:00,Cisco-IOS-XR-pfi-im-cmd-oper:interfaces/interface-summary,spine1,,,3,1,39,35

2020-02-06 19:43:14.994000+00:00,Cisco-IOS-XR-pfi-im-cmd-oper:interfaces/interface-summary,spine1,,,3,1,39,35

2020-02-06 19:43:26.444000+00:00,Cisco-IOS-XR-pfi-im-cmd-oper:interfaces/interface-summary,spine1,,,3,1,39,35

2020-02-06 19:43:37.941000+00:00,Cisco-IOS-XR-pfi-im-cmd-oper:interfaces/interface-summary,spine1,,,3,1,39,35

2020-02-06 19:43:49.433000+00:00,Cisco-IOS-XR-pfi-im-cmd-oper:interfaces/interface-summary,spine1,,,3,1,39,35

2020-02-06 19:44:00.885000+00:00,Cisco-IOS-XR-pfi-im-cmd-oper:interfaces/interface-summary,spine1,,,3,1,39,35

2020-02-06 19:44:12.312000+00:00,Cisco-IOS-XR-pfi-im-cmd-oper:interfaces/interface-summary,spine1,,,3,1,39,35

2020-02-06 19:44:23.752000+00:00,Cisco-IOS-XR-pfi-im-cmd-oper:interfaces/interface-summary,spine1,,,3,1,39,35

2020-02-06 19:44:35.203000+00:00,Cisco-IOS-XR-pfi-im-cmd-oper:interfaces/interface-summary,spine1,,,3,1,39,35

2020-02-06 19:44:46.680000+00:00,Cisco-IOS-XR-pfi-im-cmd-oper:interfaces/interface-summary,spine1,,,3,1,39,35

2020-02-06 19:44:58.131000+00:00,Cisco-IOS-XR-pfi-im-cmd-oper:interfaces/interface-summary,spine1,,,3,1,39,35

2020-02-06 19:45:09.567000+00:00,Cisco-IOS-XR-pfi-im-cmd-oper:interfaces/interface-summary,spine1,,,3,1,39,35

