,Producer,Target,brief/name,brief/name-xr,brief/node-id,brief/session-count,client-name,flags/is-recreate-state,flags/is-zombie-state,host,recreate-time

2020-02-02 19:44:48.764000+00:00,leaf4,sg1,,L2VPN_ATOM,0/RP0/CPU0,0,L2VPN_ATOMnode0_RP0_CPU0,0,0,obt-collector1,120

2020-02-02 19:44:48.765000+00:00,leaf4,sg1,,pim,0/RP0/CPU0,0,pimnode0_RP0_CPU0,0,0,obt-collector1,199

2020-02-02 19:44:48.765000+00:00,leaf4,sg1,,object_tracking,0/RP0/CPU0,0,object_trackingnode0_RP0_CPU0,0,0,obt-collector1,199

2020-02-02 19:44:48.765000+00:00,leaf4,sg1,,XTC,0/RP0/CPU0,0,XTCnode0_RP0_CPU0,0,0,obt-collector1,180

2020-02-02 19:44:48.765000+00:00,leaf4,sg1,,bgp-default,0/RP0/CPU0,41,bgp-defaultnode0_RP0_CPU0,0,0,obt-collector1,60

2020-02-02 19:44:48.765000+00:00,leaf4,sg1,,bundlemgr_distrib,0/RP0/CPU0,0,bundlemgr_distribnode0_RP0_CPU0,0,0,obt-collector1,60

2020-02-02 19:44:48.765000+00:00,leaf4,sg1,,pim6,0/RP0/CPU0,0,pim6node0_RP0_CPU0,0,0,obt-collector1,199

2020-02-02 19:44:48.765000+00:00,leaf4,sg1,,ipv4_static,0/RP0/CPU0,0,ipv4_staticnode0_RP0_CPU0,0,0,obt-collector1,60

2020-02-02 19:44:48.765000+00:00,leaf4,sg1,,tunl_gre_ma,0/RP0/CPU0,0,tunl_gre_manode0_RP0_CPU0,0,0,obt-collector1,199

2020-02-02 19:44:58.779000+00:00,leaf4,sg1,,ipv4_static,0/RP0/CPU0,0,ipv4_staticnode0_RP0_CPU0,0,0,obt-collector1,60

2020-02-02 19:44:58.779000+00:00,leaf4,sg1,,XTC,0/RP0/CPU0,0,XTCnode0_RP0_CPU0,0,0,obt-collector1,180

2020-02-02 19:44:58.779000+00:00,leaf4,sg1,,L2VPN_ATOM,0/RP0/CPU0,0,L2VPN_ATOMnode0_RP0_CPU0,0,0,obt-collector1,120

2020-02-02 19:44:58.779000+00:00,leaf4,sg1,,object_tracking,0/RP0/CPU0,0,object_trackingnode0_RP0_CPU0,0,0,obt-collector1,199

2020-02-02 19:44:58.779000+00:00,leaf4,sg1,,pim6,0/RP0/CPU0,0,pim6node0_RP0_CPU0,0,0,obt-collector1,199

2020-02-02 19:44:58.779000+00:00,leaf4,sg1,,bgp-default,0/RP0/CPU0,41,bgp-defaultnode0_RP0_CPU0,0,0,obt-collector1,60

2020-02-02 19:44:58.779000+00:00,leaf4,sg1,,bundlemgr_distrib,0/RP0/CPU0,0,bundlemgr_distribnode0_RP0_CPU0,0,0,obt-collector1,60

2020-02-02 19:44:58.780000+00:00,leaf4,sg1,,tunl_gre_ma,0/RP0/CPU0,0,tunl_gre_manode0_RP0_CPU0,0,0,obt-collector1,199

2020-02-02 19:44:58.780000+00:00,leaf4,sg1,,pim,0/RP0/CPU0,0,pimnode0_RP0_CPU0,0,0,obt-collector1,199

2020-02-02 19:45:08.748000+00:00,leaf4,sg1,,bundlemgr_distrib,0/RP0/CPU0,0,bundlemgr_distribnode0_RP0_CPU0,0,0,obt-collector1,60

2020-02-02 19:45:08.748000+00:00,leaf4,sg1,,bgp-default,0/RP0/CPU0,41,bgp-defaultnode0_RP0_CPU0,0,0,obt-collector1,60

2020-02-02 19:45:08.748000+00:00,leaf4,sg1,,XTC,0/RP0/CPU0,0,XTCnode0_RP0_CPU0,0,0,obt-collector1,180

2020-02-02 19:45:08.748000+00:00,leaf4,sg1,,ipv4_static,0/RP0/CPU0,0,ipv4_staticnode0_RP0_CPU0,0,0,obt-collector1,60

2020-02-02 19:45:08.748000+00:00,leaf4,sg1,,L2VPN_ATOM,0/RP0/CPU0,0,L2VPN_ATOMnode0_RP0_CPU0,0,0,obt-collector1,120

2020-02-02 19:45:08.748000+00:00,leaf4,sg1,,object_tracking,0/RP0/CPU0,0,object_trackingnode0_RP0_CPU0,0,0,obt-collector1,199

2020-02-02 19:45:08.749000+00:00,leaf4,sg1,,pim,0/RP0/CPU0,0,pimnode0_RP0_CPU0,0,0,obt-collector1,199

2020-02-02 19:45:08.749000+00:00,leaf4,sg1,,tunl_gre_ma,0/RP0/CPU0,0,tunl_gre_manode0_RP0_CPU0,0,0,obt-collector1,199

2020-02-02 19:45:08.749000+00:00,leaf4,sg1,,pim6,0/RP0/CPU0,0,pim6node0_RP0_CPU0,0,0,obt-collector1,199

2020-02-02 19:45:18.745000+00:00,leaf4,sg1,,L2VPN_ATOM,0/RP0/CPU0,0,L2VPN_ATOMnode0_RP0_CPU0,0,0,obt-collector1,120

2020-02-02 19:45:18.745000+00:00,leaf4,sg1,,XTC,0/RP0/CPU0,0,XTCnode0_RP0_CPU0,0,0,obt-collector1,180

2020-02-02 19:45:18.746000+00:00,leaf4,sg1,,tunl_gre_ma,0/RP0/CPU0,0,tunl_gre_manode0_RP0_CPU0,0,0,obt-collector1,199

2020-02-02 19:45:18.746000+00:00,leaf4,sg1,,object_tracking,0/RP0/CPU0,0,object_trackingnode0_RP0_CPU0,0,0,obt-collector1,199

2020-02-02 19:45:18.746000+00:00,leaf4,sg1,,bgp-default,0/RP0/CPU0,41,bgp-defaultnode0_RP0_CPU0,0,0,obt-collector1,60

2020-02-02 19:45:18.746000+00:00,leaf4,sg1,,bundlemgr_distrib,0/RP0/CPU0,0,bundlemgr_distribnode0_RP0_CPU0,0,0,obt-collector1,60

2020-02-02 19:45:18.746000+00:00,leaf4,sg1,,pim6,0/RP0/CPU0,0,pim6node0_RP0_CPU0,0,0,obt-collector1,199

2020-02-02 19:45:18.746000+00:00,leaf4,sg1,,ipv4_static,0/RP0/CPU0,0,ipv4_staticnode0_RP0_CPU0,0,0,obt-collector1,60

2020-02-02 19:45:18.746000+00:00,leaf4,sg1,,pim,0/RP0/CPU0,0,pimnode0_RP0_CPU0,0,0,obt-collector1,199

2020-02-02 19:45:28.772000+00:00,leaf4,sg1,,XTC,0/RP0/CPU0,0,XTCnode0_RP0_CPU0,0,0,obt-collector1,180

2020-02-02 19:45:28.772000+00:00,leaf4,sg1,,L2VPN_ATOM,0/RP0/CPU0,0,L2VPN_ATOMnode0_RP0_CPU0,0,0,obt-collector1,120

2020-02-02 19:45:28.772000+00:00,leaf4,sg1,,bgp-default,0/RP0/CPU0,41,bgp-defaultnode0_RP0_CPU0,0,0,obt-collector1,60

2020-02-02 19:45:28.773000+00:00,leaf4,sg1,,pim,0/RP0/CPU0,0,pimnode0_RP0_CPU0,0,0,obt-collector1,199

2020-02-02 19:45:28.773000+00:00,leaf4,sg1,,ipv4_static,0/RP0/CPU0,0,ipv4_staticnode0_RP0_CPU0,0,0,obt-collector1,60

2020-02-02 19:45:28.773000+00:00,leaf4,sg1,,object_tracking,0/RP0/CPU0,0,object_trackingnode0_RP0_CPU0,0,0,obt-collector1,199

2020-02-02 19:45:28.773000+00:00,leaf4,sg1,,tunl_gre_ma,0/RP0/CPU0,0,tunl_gre_manode0_RP0_CPU0,0,0,obt-collector1,199

2020-02-02 19:45:28.773000+00:00,leaf4,sg1,,pim6,0/RP0/CPU0,0,pim6node0_RP0_CPU0,0,0,obt-collector1,199

2020-02-02 19:45:28.773000+00:00,leaf4,sg1,,bundlemgr_distrib,0/RP0/CPU0,0,bundlemgr_distribnode0_RP0_CPU0,0,0,obt-collector1,60

2020-02-02 19:45:38.768000+00:00,leaf4,sg1,,L2VPN_ATOM,0/RP0/CPU0,0,L2VPN_ATOMnode0_RP0_CPU0,0,0,obt-collector1,120

2020-02-02 19:45:38.768000+00:00,leaf4,sg1,,XTC,0/RP0/CPU0,0,XTCnode0_RP0_CPU0,0,0,obt-collector1,180

2020-02-02 19:45:38.769000+00:00,leaf4,sg1,,pim6,0/RP0/CPU0,0,pim6node0_RP0_CPU0,0,0,obt-collector1,199

2020-02-02 19:45:38.769000+00:00,leaf4,sg1,,ipv4_static,0/RP0/CPU0,0,ipv4_staticnode0_RP0_CPU0,0,0,obt-collector1,60

2020-02-02 19:45:38.769000+00:00,leaf4,sg1,,bgp-default,0/RP0/CPU0,41,bgp-defaultnode0_RP0_CPU0,0,0,obt-collector1,60

2020-02-02 19:45:38.769000+00:00,leaf4,sg1,,pim,0/RP0/CPU0,0,pimnode0_RP0_CPU0,0,0,obt-collector1,199

2020-02-02 19:45:38.769000+00:00,leaf4,sg1,,bundlemgr_distrib,0/RP0/CPU0,0,bundlemgr_distribnode0_RP0_CPU0,0,0,obt-collector1,60

2020-02-02 19:45:38.769000+00:00,leaf4,sg1,,tunl_gre_ma,0/RP0/CPU0,0,tunl_gre_manode0_RP0_CPU0,0,0,obt-collector1,199

2020-02-02 19:45:38.769000+00:00,leaf4,sg1,,object_tracking,0/RP0/CPU0,0,object_trackingnode0_RP0_CPU0,0,0,obt-collector1,199

2020-02-02 19:45:48.772000+00:00,leaf4,sg1,,ipv4_static,0/RP0/CPU0,0,ipv4_staticnode0_RP0_CPU0,0,0,obt-collector1,60

2020-02-02 19:45:48.772000+00:00,leaf4,sg1,,XTC,0/RP0/CPU0,0,XTCnode0_RP0_CPU0,0,0,obt-collector1,180

2020-02-02 19:45:48.772000+00:00,leaf4,sg1,,L2VPN_ATOM,0/RP0/CPU0,0,L2VPN_ATOMnode0_RP0_CPU0,0,0,obt-collector1,120

2020-02-02 19:45:48.772000+00:00,leaf4,sg1,,bundlemgr_distrib,0/RP0/CPU0,0,bundlemgr_distribnode0_RP0_CPU0,0,0,obt-collector1,60

2020-02-02 19:45:48.772000+00:00,leaf4,sg1,,bgp-default,0/RP0/CPU0,41,bgp-defaultnode0_RP0_CPU0,0,0,obt-collector1,60

2020-02-02 19:45:48.773000+00:00,leaf4,sg1,,object_tracking,0/RP0/CPU0,0,object_trackingnode0_RP0_CPU0,0,0,obt-collector1,199

2020-02-02 19:45:48.773000+00:00,leaf4,sg1,,tunl_gre_ma,0/RP0/CPU0,0,tunl_gre_manode0_RP0_CPU0,0,0,obt-collector1,199

2020-02-02 19:45:48.773000+00:00,leaf4,sg1,,pim6,0/RP0/CPU0,0,pim6node0_RP0_CPU0,0,0,obt-collector1,199

2020-02-02 19:45:48.773000+00:00,leaf4,sg1,,pim,0/RP0/CPU0,0,pimnode0_RP0_CPU0,0,0,obt-collector1,199

2020-02-02 19:45:58.751000+00:00,leaf4,sg1,,bundlemgr_distrib,0/RP0/CPU0,0,bundlemgr_distribnode0_RP0_CPU0,0,0,obt-collector1,60

2020-02-02 19:45:58.751000+00:00,leaf4,sg1,,ipv4_static,0/RP0/CPU0,0,ipv4_staticnode0_RP0_CPU0,0,0,obt-collector1,60

2020-02-02 19:45:58.751000+00:00,leaf4,sg1,,bgp-default,0/RP0/CPU0,41,bgp-defaultnode0_RP0_CPU0,0,0,obt-collector1,60

2020-02-02 19:45:58.751000+00:00,leaf4,sg1,,XTC,0/RP0/CPU0,0,XTCnode0_RP0_CPU0,0,0,obt-collector1,180

2020-02-02 19:45:58.751000+00:00,leaf4,sg1,,L2VPN_ATOM,0/RP0/CPU0,0,L2VPN_ATOMnode0_RP0_CPU0,0,0,obt-collector1,120

2020-02-02 19:45:58.752000+00:00,leaf4,sg1,,pim6,0/RP0/CPU0,0,pim6node0_RP0_CPU0,0,0,obt-collector1,199

2020-02-02 19:45:58.752000+00:00,leaf4,sg1,,object_tracking,0/RP0/CPU0,0,object_trackingnode0_RP0_CPU0,0,0,obt-collector1,199

2020-02-02 19:45:58.752000+00:00,leaf4,sg1,,pim,0/RP0/CPU0,0,pimnode0_RP0_CPU0,0,0,obt-collector1,199

2020-02-02 19:45:58.752000+00:00,leaf4,sg1,,tunl_gre_ma,0/RP0/CPU0,0,tunl_gre_manode0_RP0_CPU0,0,0,obt-collector1,199

2020-02-02 19:46:08.755000+00:00,leaf4,sg1,,XTC,0/RP0/CPU0,0,XTCnode0_RP0_CPU0,0,0,obt-collector1,180

2020-02-02 19:46:08.755000+00:00,leaf4,sg1,,L2VPN_ATOM,0/RP0/CPU0,0,L2VPN_ATOMnode0_RP0_CPU0,0,0,obt-collector1,120

2020-02-02 19:46:08.755000+00:00,leaf4,sg1,,bgp-default,0/RP0/CPU0,41,bgp-defaultnode0_RP0_CPU0,0,0,obt-collector1,60

2020-02-02 19:46:08.756000+00:00,leaf4,sg1,,tunl_gre_ma,0/RP0/CPU0,0,tunl_gre_manode0_RP0_CPU0,0,0,obt-collector1,199

2020-02-02 19:46:08.756000+00:00,leaf4,sg1,,pim6,0/RP0/CPU0,0,pim6node0_RP0_CPU0,0,0,obt-collector1,199

2020-02-02 19:46:08.756000+00:00,leaf4,sg1,,bundlemgr_distrib,0/RP0/CPU0,0,bundlemgr_distribnode0_RP0_CPU0,0,0,obt-collector1,60

2020-02-02 19:46:08.756000+00:00,leaf4,sg1,,pim,0/RP0/CPU0,0,pimnode0_RP0_CPU0,0,0,obt-collector1,199

2020-02-02 19:46:08.756000+00:00,leaf4,sg1,,object_tracking,0/RP0/CPU0,0,object_trackingnode0_RP0_CPU0,0,0,obt-collector1,199

2020-02-02 19:46:08.756000+00:00,leaf4,sg1,,ipv4_static,0/RP0/CPU0,0,ipv4_staticnode0_RP0_CPU0,0,0,obt-collector1,60

2020-02-02 19:46:18.787000+00:00,leaf4,sg1,,object_tracking,0/RP0/CPU0,0,object_trackingnode0_RP0_CPU0,0,0,obt-collector1,199

2020-02-02 19:46:18.787000+00:00,leaf4,sg1,,ipv4_static,0/RP0/CPU0,0,ipv4_staticnode0_RP0_CPU0,0,0,obt-collector1,60

2020-02-02 19:46:18.787000+00:00,leaf4,sg1,,pim6,0/RP0/CPU0,0,pim6node0_RP0_CPU0,0,0,obt-collector1,199

2020-02-02 19:46:18.787000+00:00,leaf4,sg1,,bgp-default,0/RP0/CPU0,41,bgp-defaultnode0_RP0_CPU0,0,0,obt-collector1,60

2020-02-02 19:46:18.787000+00:00,leaf4,sg1,,L2VPN_ATOM,0/RP0/CPU0,0,L2VPN_ATOMnode0_RP0_CPU0,0,0,obt-collector1,120

2020-02-02 19:46:18.787000+00:00,leaf4,sg1,,XTC,0/RP0/CPU0,0,XTCnode0_RP0_CPU0,0,0,obt-collector1,180

2020-02-02 19:46:18.787000+00:00,leaf4,sg1,,bundlemgr_distrib,0/RP0/CPU0,0,bundlemgr_distribnode0_RP0_CPU0,0,0,obt-collector1,60

2020-02-02 19:46:18.788000+00:00,leaf4,sg1,,tunl_gre_ma,0/RP0/CPU0,0,tunl_gre_manode0_RP0_CPU0,0,0,obt-collector1,199

2020-02-02 19:46:18.788000+00:00,leaf4,sg1,,pim,0/RP0/CPU0,0,pimnode0_RP0_CPU0,0,0,obt-collector1,199

2020-02-02 19:46:28.777000+00:00,leaf4,sg1,,XTC,0/RP0/CPU0,0,XTCnode0_RP0_CPU0,0,0,obt-collector1,180

2020-02-02 19:46:28.777000+00:00,leaf4,sg1,,pim,0/RP0/CPU0,0,pimnode0_RP0_CPU0,0,0,obt-collector1,199

2020-02-02 19:46:28.777000+00:00,leaf4,sg1,,ipv4_static,0/RP0/CPU0,0,ipv4_staticnode0_RP0_CPU0,0,0,obt-collector1,60

2020-02-02 19:46:28.777000+00:00,leaf4,sg1,,object_tracking,0/RP0/CPU0,0,object_trackingnode0_RP0_CPU0,0,0,obt-collector1,199

2020-02-02 19:46:28.777000+00:00,leaf4,sg1,,pim6,0/RP0/CPU0,0,pim6node0_RP0_CPU0,0,0,obt-collector1,199

2020-02-02 19:46:28.777000+00:00,leaf4,sg1,,bundlemgr_distrib,0/RP0/CPU0,0,bundlemgr_distribnode0_RP0_CPU0,0,0,obt-collector1,60

2020-02-02 19:46:28.777000+00:00,leaf4,sg1,,L2VPN_ATOM,0/RP0/CPU0,0,L2VPN_ATOMnode0_RP0_CPU0,0,0,obt-collector1,120

2020-02-02 19:46:28.777000+00:00,leaf4,sg1,,bgp-default,0/RP0/CPU0,41,bgp-defaultnode0_RP0_CPU0,0,0,obt-collector1,60

2020-02-02 19:46:28.778000+00:00,leaf4,sg1,,tunl_gre_ma,0/RP0/CPU0,0,tunl_gre_manode0_RP0_CPU0,0,0,obt-collector1,199

2020-02-02 19:46:38.758000+00:00,leaf4,sg1,,bgp-default,0/RP0/CPU0,41,bgp-defaultnode0_RP0_CPU0,0,0,obt-collector1,60

2020-02-02 19:46:38.758000+00:00,leaf4,sg1,,tunl_gre_ma,0/RP0/CPU0,0,tunl_gre_manode0_RP0_CPU0,0,0,obt-collector1,199

2020-02-02 19:46:38.758000+00:00,leaf4,sg1,,L2VPN_ATOM,0/RP0/CPU0,0,L2VPN_ATOMnode0_RP0_CPU0,0,0,obt-collector1,120

2020-02-02 19:46:38.758000+00:00,leaf4,sg1,,ipv4_static,0/RP0/CPU0,0,ipv4_staticnode0_RP0_CPU0,0,0,obt-collector1,60

2020-02-02 19:46:38.758000+00:00,leaf4,sg1,,XTC,0/RP0/CPU0,0,XTCnode0_RP0_CPU0,0,0,obt-collector1,180

2020-02-02 19:46:38.758000+00:00,leaf4,sg1,,pim,0/RP0/CPU0,0,pimnode0_RP0_CPU0,0,0,obt-collector1,199

2020-02-02 19:46:38.758000+00:00,leaf4,sg1,,bundlemgr_distrib,0/RP0/CPU0,0,bundlemgr_distribnode0_RP0_CPU0,0,0,obt-collector1,60

2020-02-02 19:46:38.758000+00:00,leaf4,sg1,,object_tracking,0/RP0/CPU0,0,object_trackingnode0_RP0_CPU0,0,0,obt-collector1,199

2020-02-02 19:46:38.758000+00:00,leaf4,sg1,,pim6,0/RP0/CPU0,0,pim6node0_RP0_CPU0,0,0,obt-collector1,199

2020-02-02 19:46:48.752000+00:00,leaf4,sg1,,bgp-default,0/RP0/CPU0,41,bgp-defaultnode0_RP0_CPU0,0,0,obt-collector1,60

2020-02-02 19:46:48.752000+00:00,leaf4,sg1,,XTC,0/RP0/CPU0,0,XTCnode0_RP0_CPU0,0,0,obt-collector1,180

2020-02-02 19:46:48.752000+00:00,leaf4,sg1,,L2VPN_ATOM,0/RP0/CPU0,0,L2VPN_ATOMnode0_RP0_CPU0,0,0,obt-collector1,120

2020-02-02 19:46:48.752000+00:00,leaf4,sg1,,bundlemgr_distrib,0/RP0/CPU0,0,bundlemgr_distribnode0_RP0_CPU0,0,0,obt-collector1,60

2020-02-02 19:46:48.753000+00:00,leaf4,sg1,,object_tracking,0/RP0/CPU0,0,object_trackingnode0_RP0_CPU0,0,0,obt-collector1,199

2020-02-02 19:46:48.753000+00:00,leaf4,sg1,,tunl_gre_ma,0/RP0/CPU0,0,tunl_gre_manode0_RP0_CPU0,0,0,obt-collector1,199

2020-02-02 19:46:48.753000+00:00,leaf4,sg1,,pim6,0/RP0/CPU0,0,pim6node0_RP0_CPU0,0,0,obt-collector1,199

2020-02-02 19:46:48.753000+00:00,leaf4,sg1,,ipv4_static,0/RP0/CPU0,0,ipv4_staticnode0_RP0_CPU0,0,0,obt-collector1,60

2020-02-02 19:46:48.753000+00:00,leaf4,sg1,,pim,0/RP0/CPU0,0,pimnode0_RP0_CPU0,0,0,obt-collector1,199

2020-02-02 19:46:58.751000+00:00,leaf4,sg1,,L2VPN_ATOM,0/RP0/CPU0,0,L2VPN_ATOMnode0_RP0_CPU0,0,0,obt-collector1,120

2020-02-02 19:46:58.752000+00:00,leaf4,sg1,,pim,0/RP0/CPU0,0,pimnode0_RP0_CPU0,0,0,obt-collector1,199

2020-02-02 19:46:58.752000+00:00,leaf4,sg1,,ipv4_static,0/RP0/CPU0,0,ipv4_staticnode0_RP0_CPU0,0,0,obt-collector1,60

2020-02-02 19:46:58.752000+00:00,leaf4,sg1,,object_tracking,0/RP0/CPU0,0,object_trackingnode0_RP0_CPU0,0,0,obt-collector1,199

2020-02-02 19:46:58.752000+00:00,leaf4,sg1,,bgp-default,0/RP0/CPU0,41,bgp-defaultnode0_RP0_CPU0,0,0,obt-collector1,60

2020-02-02 19:46:58.752000+00:00,leaf4,sg1,,bundlemgr_distrib,0/RP0/CPU0,0,bundlemgr_distribnode0_RP0_CPU0,0,0,obt-collector1,60

2020-02-02 19:46:58.752000+00:00,leaf4,sg1,,pim6,0/RP0/CPU0,0,pim6node0_RP0_CPU0,0,0,obt-collector1,199

2020-02-02 19:46:58.752000+00:00,leaf4,sg1,,XTC,0/RP0/CPU0,0,XTCnode0_RP0_CPU0,0,0,obt-collector1,180

2020-02-02 19:46:58.752000+00:00,leaf4,sg1,,tunl_gre_ma,0/RP0/CPU0,0,tunl_gre_manode0_RP0_CPU0,0,0,obt-collector1,199

2020-02-02 19:47:08.759000+00:00,leaf4,sg1,,XTC,0/RP0/CPU0,0,XTCnode0_RP0_CPU0,0,0,obt-collector1,180

2020-02-02 19:47:08.759000+00:00,leaf4,sg1,,object_tracking,0/RP0/CPU0,0,object_trackingnode0_RP0_CPU0,0,0,obt-collector1,199

2020-02-02 19:47:08.759000+00:00,leaf4,sg1,,L2VPN_ATOM,0/RP0/CPU0,0,L2VPN_ATOMnode0_RP0_CPU0,0,0,obt-collector1,120

2020-02-02 19:47:08.759000+00:00,leaf4,sg1,,ipv4_static,0/RP0/CPU0,0,ipv4_staticnode0_RP0_CPU0,0,0,obt-collector1,60

2020-02-02 19:47:08.759000+00:00,leaf4,sg1,,pim6,0/RP0/CPU0,0,pim6node0_RP0_CPU0,0,0,obt-collector1,199

2020-02-02 19:47:08.759000+00:00,leaf4,sg1,,bgp-default,0/RP0/CPU0,41,bgp-defaultnode0_RP0_CPU0,0,0,obt-collector1,60

2020-02-02 19:47:08.759000+00:00,leaf4,sg1,,bundlemgr_distrib,0/RP0/CPU0,0,bundlemgr_distribnode0_RP0_CPU0,0,0,obt-collector1,60

2020-02-02 19:47:08.760000+00:00,leaf4,sg1,,tunl_gre_ma,0/RP0/CPU0,0,tunl_gre_manode0_RP0_CPU0,0,0,obt-collector1,199

2020-02-02 19:47:08.760000+00:00,leaf4,sg1,,pim,0/RP0/CPU0,0,pimnode0_RP0_CPU0,0,0,obt-collector1,199

2020-02-02 19:47:18.755000+00:00,leaf4,sg1,,bundlemgr_distrib,0/RP0/CPU0,0,bundlemgr_distribnode0_RP0_CPU0,0,0,obt-collector1,60

2020-02-02 19:47:18.755000+00:00,leaf4,sg1,,bgp-default,0/RP0/CPU0,41,bgp-defaultnode0_RP0_CPU0,0,0,obt-collector1,60

2020-02-02 19:47:18.755000+00:00,leaf4,sg1,,object_tracking,0/RP0/CPU0,0,object_trackingnode0_RP0_CPU0,0,0,obt-collector1,199

2020-02-02 19:47:18.755000+00:00,leaf4,sg1,,XTC,0/RP0/CPU0,0,XTCnode0_RP0_CPU0,0,0,obt-collector1,180

2020-02-02 19:47:18.755000+00:00,leaf4,sg1,,pim6,0/RP0/CPU0,0,pim6node0_RP0_CPU0,0,0,obt-collector1,199

2020-02-02 19:47:18.755000+00:00,leaf4,sg1,,L2VPN_ATOM,0/RP0/CPU0,0,L2VPN_ATOMnode0_RP0_CPU0,0,0,obt-collector1,120

2020-02-02 19:47:18.755000+00:00,leaf4,sg1,,ipv4_static,0/RP0/CPU0,0,ipv4_staticnode0_RP0_CPU0,0,0,obt-collector1,60

2020-02-02 19:47:18.756000+00:00,leaf4,sg1,,pim,0/RP0/CPU0,0,pimnode0_RP0_CPU0,0,0,obt-collector1,199

2020-02-02 19:47:18.756000+00:00,leaf4,sg1,,tunl_gre_ma,0/RP0/CPU0,0,tunl_gre_manode0_RP0_CPU0,0,0,obt-collector1,199

2020-02-02 19:47:28.757000+00:00,leaf4,sg1,,ipv4_static,0/RP0/CPU0,0,ipv4_staticnode0_RP0_CPU0,0,0,obt-collector1,60

2020-02-02 19:47:28.757000+00:00,leaf4,sg1,,L2VPN_ATOM,0/RP0/CPU0,0,L2VPN_ATOMnode0_RP0_CPU0,0,0,obt-collector1,120

2020-02-02 19:47:28.757000+00:00,leaf4,sg1,,bgp-default,0/RP0/CPU0,41,bgp-defaultnode0_RP0_CPU0,0,0,obt-collector1,60

2020-02-02 19:47:28.757000+00:00,leaf4,sg1,,bundlemgr_distrib,0/RP0/CPU0,0,bundlemgr_distribnode0_RP0_CPU0,0,0,obt-collector1,60

2020-02-02 19:47:28.757000+00:00,leaf4,sg1,,pim6,0/RP0/CPU0,0,pim6node0_RP0_CPU0,0,0,obt-collector1,199

2020-02-02 19:47:28.757000+00:00,leaf4,sg1,,object_tracking,0/RP0/CPU0,0,object_trackingnode0_RP0_CPU0,0,0,obt-collector1,199

2020-02-02 19:47:28.757000+00:00,leaf4,sg1,,XTC,0/RP0/CPU0,0,XTCnode0_RP0_CPU0,0,0,obt-collector1,180

2020-02-02 19:47:28.758000+00:00,leaf4,sg1,,tunl_gre_ma,0/RP0/CPU0,0,tunl_gre_manode0_RP0_CPU0,0,0,obt-collector1,199

2020-02-02 19:47:28.758000+00:00,leaf4,sg1,,pim,0/RP0/CPU0,0,pimnode0_RP0_CPU0,0,0,obt-collector1,199

2020-02-02 19:47:38.755000+00:00,leaf4,sg1,,tunl_gre_ma,0/RP0/CPU0,0,tunl_gre_manode0_RP0_CPU0,0,0,obt-collector1,199

2020-02-02 19:47:38.755000+00:00,leaf4,sg1,,pim,0/RP0/CPU0,0,pimnode0_RP0_CPU0,0,0,obt-collector1,199

2020-02-02 19:47:38.755000+00:00,leaf4,sg1,,XTC,0/RP0/CPU0,0,XTCnode0_RP0_CPU0,0,0,obt-collector1,180

2020-02-02 19:47:38.755000+00:00,leaf4,sg1,,object_tracking,0/RP0/CPU0,0,object_trackingnode0_RP0_CPU0,0,0,obt-collector1,199

2020-02-02 19:47:38.755000+00:00,leaf4,sg1,,L2VPN_ATOM,0/RP0/CPU0,0,L2VPN_ATOMnode0_RP0_CPU0,0,0,obt-collector1,120

2020-02-02 19:47:38.755000+00:00,leaf4,sg1,,ipv4_static,0/RP0/CPU0,0,ipv4_staticnode0_RP0_CPU0,0,0,obt-collector1,60

2020-02-02 19:47:38.755000+00:00,leaf4,sg1,,pim6,0/RP0/CPU0,0,pim6node0_RP0_CPU0,0,0,obt-collector1,199

2020-02-02 19:47:38.755000+00:00,leaf4,sg1,,bgp-default,0/RP0/CPU0,41,bgp-defaultnode0_RP0_CPU0,0,0,obt-collector1,60

2020-02-02 19:47:38.755000+00:00,leaf4,sg1,,bundlemgr_distrib,0/RP0/CPU0,0,bundlemgr_distribnode0_RP0_CPU0,0,0,obt-collector1,60

2020-02-02 19:47:48.822000+00:00,leaf4,sg1,,bgp-default,0/RP0/CPU0,41,bgp-defaultnode0_RP0_CPU0,0,0,obt-collector1,60

2020-02-02 19:47:48.822000+00:00,leaf4,sg1,,bundlemgr_distrib,0/RP0/CPU0,0,bundlemgr_distribnode0_RP0_CPU0,0,0,obt-collector1,60

2020-02-02 19:47:48.822000+00:00,leaf4,sg1,,object_tracking,0/RP0/CPU0,0,object_trackingnode0_RP0_CPU0,0,0,obt-collector1,199

2020-02-02 19:47:48.822000+00:00,leaf4,sg1,,pim,0/RP0/CPU0,0,pimnode0_RP0_CPU0,0,0,obt-collector1,199

2020-02-02 19:47:48.822000+00:00,leaf4,sg1,,XTC,0/RP0/CPU0,0,XTCnode0_RP0_CPU0,0,0,obt-collector1,180

2020-02-02 19:47:48.822000+00:00,leaf4,sg1,,pim6,0/RP0/CPU0,0,pim6node0_RP0_CPU0,0,0,obt-collector1,199

2020-02-02 19:47:48.822000+00:00,leaf4,sg1,,L2VPN_ATOM,0/RP0/CPU0,0,L2VPN_ATOMnode0_RP0_CPU0,0,0,obt-collector1,120

2020-02-02 19:47:48.822000+00:00,leaf4,sg1,,ipv4_static,0/RP0/CPU0,0,ipv4_staticnode0_RP0_CPU0,0,0,obt-collector1,60

2020-02-02 19:47:48.823000+00:00,leaf4,sg1,,tunl_gre_ma,0/RP0/CPU0,0,tunl_gre_manode0_RP0_CPU0,0,0,obt-collector1,199

2020-02-02 19:47:58.766000+00:00,leaf4,sg1,,L2VPN_ATOM,0/RP0/CPU0,0,L2VPN_ATOMnode0_RP0_CPU0,0,0,obt-collector1,120

2020-02-02 19:47:58.767000+00:00,leaf4,sg1,,tunl_gre_ma,0/RP0/CPU0,0,tunl_gre_manode0_RP0_CPU0,0,0,obt-collector1,199

2020-02-02 19:47:58.767000+00:00,leaf4,sg1,,ipv4_static,0/RP0/CPU0,0,ipv4_staticnode0_RP0_CPU0,0,0,obt-collector1,60

2020-02-02 19:47:58.767000+00:00,leaf4,sg1,,object_tracking,0/RP0/CPU0,0,object_trackingnode0_RP0_CPU0,0,0,obt-collector1,199

2020-02-02 19:47:58.767000+00:00,leaf4,sg1,,bgp-default,0/RP0/CPU0,41,bgp-defaultnode0_RP0_CPU0,0,0,obt-collector1,60

2020-02-02 19:47:58.767000+00:00,leaf4,sg1,,bundlemgr_distrib,0/RP0/CPU0,0,bundlemgr_distribnode0_RP0_CPU0,0,0,obt-collector1,60

2020-02-02 19:47:58.767000+00:00,leaf4,sg1,,pim6,0/RP0/CPU0,0,pim6node0_RP0_CPU0,0,0,obt-collector1,199

2020-02-02 19:47:58.767000+00:00,leaf4,sg1,,pim,0/RP0/CPU0,0,pimnode0_RP0_CPU0,0,0,obt-collector1,199

2020-02-02 19:47:58.767000+00:00,leaf4,sg1,,XTC,0/RP0/CPU0,0,XTCnode0_RP0_CPU0,0,0,obt-collector1,180

2020-02-02 19:48:08.753000+00:00,leaf4,sg1,,L2VPN_ATOM,0/RP0/CPU0,0,L2VPN_ATOMnode0_RP0_CPU0,0,0,obt-collector1,120

2020-02-02 19:48:08.753000+00:00,leaf4,sg1,,bgp-default,0/RP0/CPU0,41,bgp-defaultnode0_RP0_CPU0,0,0,obt-collector1,60

2020-02-02 19:48:08.753000+00:00,leaf4,sg1,,XTC,0/RP0/CPU0,0,XTCnode0_RP0_CPU0,0,0,obt-collector1,180

2020-02-02 19:48:08.753000+00:00,leaf4,sg1,,ipv4_static,0/RP0/CPU0,0,ipv4_staticnode0_RP0_CPU0,0,0,obt-collector1,60

2020-02-02 19:48:08.753000+00:00,leaf4,sg1,,bundlemgr_distrib,0/RP0/CPU0,0,bundlemgr_distribnode0_RP0_CPU0,0,0,obt-collector1,60

2020-02-02 19:48:08.754000+00:00,leaf4,sg1,,pim,0/RP0/CPU0,0,pimnode0_RP0_CPU0,0,0,obt-collector1,199

2020-02-02 19:48:08.754000+00:00,leaf4,sg1,,tunl_gre_ma,0/RP0/CPU0,0,tunl_gre_manode0_RP0_CPU0,0,0,obt-collector1,199

2020-02-02 19:48:08.754000+00:00,leaf4,sg1,,object_tracking,0/RP0/CPU0,0,object_trackingnode0_RP0_CPU0,0,0,obt-collector1,199

2020-02-02 19:48:08.754000+00:00,leaf4,sg1,,pim6,0/RP0/CPU0,0,pim6node0_RP0_CPU0,0,0,obt-collector1,199

2020-02-02 19:48:18.769000+00:00,leaf4,sg1,,bundlemgr_distrib,0/RP0/CPU0,0,bundlemgr_distribnode0_RP0_CPU0,0,0,obt-collector1,60

2020-02-02 19:48:18.769000+00:00,leaf4,sg1,,bgp-default,0/RP0/CPU0,41,bgp-defaultnode0_RP0_CPU0,0,0,obt-collector1,60

2020-02-02 19:48:18.769000+00:00,leaf4,sg1,,L2VPN_ATOM,0/RP0/CPU0,0,L2VPN_ATOMnode0_RP0_CPU0,0,0,obt-collector1,120

2020-02-02 19:48:18.769000+00:00,leaf4,sg1,,XTC,0/RP0/CPU0,0,XTCnode0_RP0_CPU0,0,0,obt-collector1,180

2020-02-02 19:48:18.770000+00:00,leaf4,sg1,,object_tracking,0/RP0/CPU0,0,object_trackingnode0_RP0_CPU0,0,0,obt-collector1,199

2020-02-02 19:48:18.770000+00:00,leaf4,sg1,,ipv4_static,0/RP0/CPU0,0,ipv4_staticnode0_RP0_CPU0,0,0,obt-collector1,60

2020-02-02 19:48:18.770000+00:00,leaf4,sg1,,pim6,0/RP0/CPU0,0,pim6node0_RP0_CPU0,0,0,obt-collector1,199

2020-02-02 19:48:18.770000+00:00,leaf4,sg1,,tunl_gre_ma,0/RP0/CPU0,0,tunl_gre_manode0_RP0_CPU0,0,0,obt-collector1,199

2020-02-02 19:48:18.770000+00:00,leaf4,sg1,,pim,0/RP0/CPU0,0,pimnode0_RP0_CPU0,0,0,obt-collector1,199

2020-02-02 19:48:28.767000+00:00,leaf4,sg1,,L2VPN_ATOM,0/RP0/CPU0,0,L2VPN_ATOMnode0_RP0_CPU0,0,0,obt-collector1,120

2020-02-02 19:48:28.767000+00:00,leaf4,sg1,,bundlemgr_distrib,0/RP0/CPU0,0,bundlemgr_distribnode0_RP0_CPU0,0,0,obt-collector1,60

2020-02-02 19:48:28.767000+00:00,leaf4,sg1,,XTC,0/RP0/CPU0,0,XTCnode0_RP0_CPU0,0,0,obt-collector1,180

2020-02-02 19:48:28.767000+00:00,leaf4,sg1,,bgp-default,0/RP0/CPU0,41,bgp-defaultnode0_RP0_CPU0,0,0,obt-collector1,60

2020-02-02 19:48:28.767000+00:00,leaf4,sg1,,ipv4_static,0/RP0/CPU0,0,ipv4_staticnode0_RP0_CPU0,0,0,obt-collector1,60

2020-02-02 19:48:28.768000+00:00,leaf4,sg1,,tunl_gre_ma,0/RP0/CPU0,0,tunl_gre_manode0_RP0_CPU0,0,0,obt-collector1,199

2020-02-02 19:48:28.768000+00:00,leaf4,sg1,,object_tracking,0/RP0/CPU0,0,object_trackingnode0_RP0_CPU0,0,0,obt-collector1,199

2020-02-02 19:48:28.768000+00:00,leaf4,sg1,,pim,0/RP0/CPU0,0,pimnode0_RP0_CPU0,0,0,obt-collector1,199

2020-02-02 19:48:28.768000+00:00,leaf4,sg1,,pim6,0/RP0/CPU0,0,pim6node0_RP0_CPU0,0,0,obt-collector1,199

2020-02-02 19:48:38.779000+00:00,leaf4,sg1,,L2VPN_ATOM,0/RP0/CPU0,0,L2VPN_ATOMnode0_RP0_CPU0,0,0,obt-collector1,120

2020-02-02 19:48:38.779000+00:00,leaf4,sg1,,XTC,0/RP0/CPU0,0,XTCnode0_RP0_CPU0,0,0,obt-collector1,180

2020-02-02 19:48:38.780000+00:00,leaf4,sg1,,pim,0/RP0/CPU0,0,pimnode0_RP0_CPU0,0,0,obt-collector1,199

2020-02-02 19:48:38.780000+00:00,leaf4,sg1,,tunl_gre_ma,0/RP0/CPU0,0,tunl_gre_manode0_RP0_CPU0,0,0,obt-collector1,199

2020-02-02 19:48:38.780000+00:00,leaf4,sg1,,bgp-default,0/RP0/CPU0,41,bgp-defaultnode0_RP0_CPU0,0,0,obt-collector1,60

2020-02-02 19:48:38.780000+00:00,leaf4,sg1,,ipv4_static,0/RP0/CPU0,0,ipv4_staticnode0_RP0_CPU0,0,0,obt-collector1,60

2020-02-02 19:48:38.780000+00:00,leaf4,sg1,,pim6,0/RP0/CPU0,0,pim6node0_RP0_CPU0,0,0,obt-collector1,199

2020-02-02 19:48:38.780000+00:00,leaf4,sg1,,object_tracking,0/RP0/CPU0,0,object_trackingnode0_RP0_CPU0,0,0,obt-collector1,199

2020-02-02 19:48:38.780000+00:00,leaf4,sg1,,bundlemgr_distrib,0/RP0/CPU0,0,bundlemgr_distribnode0_RP0_CPU0,0,0,obt-collector1,60

2020-02-02 19:48:48.770000+00:00,leaf4,sg1,,object_tracking,0/RP0/CPU0,0,object_trackingnode0_RP0_CPU0,0,0,obt-collector1,199

2020-02-02 19:48:48.770000+00:00,leaf4,sg1,,bundlemgr_distrib,0/RP0/CPU0,0,bundlemgr_distribnode0_RP0_CPU0,0,0,obt-collector1,60

2020-02-02 19:48:48.770000+00:00,leaf4,sg1,,XTC,0/RP0/CPU0,0,XTCnode0_RP0_CPU0,0,0,obt-collector1,180

2020-02-02 19:48:48.770000+00:00,leaf4,sg1,,L2VPN_ATOM,0/RP0/CPU0,0,L2VPN_ATOMnode0_RP0_CPU0,0,0,obt-collector1,120

2020-02-02 19:48:48.770000+00:00,leaf4,sg1,,pim6,0/RP0/CPU0,0,pim6node0_RP0_CPU0,0,0,obt-collector1,199

2020-02-02 19:48:48.770000+00:00,leaf4,sg1,,bgp-default,0/RP0/CPU0,41,bgp-defaultnode0_RP0_CPU0,0,0,obt-collector1,60

2020-02-02 19:48:48.770000+00:00,leaf4,sg1,,ipv4_static,0/RP0/CPU0,0,ipv4_staticnode0_RP0_CPU0,0,0,obt-collector1,60

2020-02-02 19:48:48.771000+00:00,leaf4,sg1,,tunl_gre_ma,0/RP0/CPU0,0,tunl_gre_manode0_RP0_CPU0,0,0,obt-collector1,199

2020-02-02 19:48:48.771000+00:00,leaf4,sg1,,pim,0/RP0/CPU0,0,pimnode0_RP0_CPU0,0,0,obt-collector1,199

2020-02-02 19:48:58.772000+00:00,leaf4,sg1,,ipv4_static,0/RP0/CPU0,0,ipv4_staticnode0_RP0_CPU0,0,0,obt-collector1,60

2020-02-02 19:48:58.772000+00:00,leaf4,sg1,,bundlemgr_distrib,0/RP0/CPU0,0,bundlemgr_distribnode0_RP0_CPU0,0,0,obt-collector1,60

2020-02-02 19:48:58.772000+00:00,leaf4,sg1,,object_tracking,0/RP0/CPU0,0,object_trackingnode0_RP0_CPU0,0,0,obt-collector1,199

2020-02-02 19:48:58.772000+00:00,leaf4,sg1,,bgp-default,0/RP0/CPU0,41,bgp-defaultnode0_RP0_CPU0,0,0,obt-collector1,60

2020-02-02 19:48:58.772000+00:00,leaf4,sg1,,XTC,0/RP0/CPU0,0,XTCnode0_RP0_CPU0,0,0,obt-collector1,180

2020-02-02 19:48:58.772000+00:00,leaf4,sg1,,L2VPN_ATOM,0/RP0/CPU0,0,L2VPN_ATOMnode0_RP0_CPU0,0,0,obt-collector1,120

2020-02-02 19:48:58.773000+00:00,leaf4,sg1,,pim,0/RP0/CPU0,0,pimnode0_RP0_CPU0,0,0,obt-collector1,199

2020-02-02 19:48:58.773000+00:00,leaf4,sg1,,tunl_gre_ma,0/RP0/CPU0,0,tunl_gre_manode0_RP0_CPU0,0,0,obt-collector1,199

2020-02-02 19:48:58.773000+00:00,leaf4,sg1,,pim6,0/RP0/CPU0,0,pim6node0_RP0_CPU0,0,0,obt-collector1,199

2020-02-02 19:49:08.799000+00:00,leaf4,sg1,,tunl_gre_ma,0/RP0/CPU0,0,tunl_gre_manode0_RP0_CPU0,0,0,obt-collector1,199

2020-02-02 19:49:08.799000+00:00,leaf4,sg1,,pim6,0/RP0/CPU0,0,pim6node0_RP0_CPU0,0,0,obt-collector1,199

2020-02-02 19:49:08.799000+00:00,leaf4,sg1,,L2VPN_ATOM,0/RP0/CPU0,0,L2VPN_ATOMnode0_RP0_CPU0,0,0,obt-collector1,120

2020-02-02 19:49:08.799000+00:00,leaf4,sg1,,XTC,0/RP0/CPU0,0,XTCnode0_RP0_CPU0,0,0,obt-collector1,180

2020-02-02 19:49:08.799000+00:00,leaf4,sg1,,bundlemgr_distrib,0/RP0/CPU0,0,bundlemgr_distribnode0_RP0_CPU0,0,0,obt-collector1,60

2020-02-02 19:49:08.799000+00:00,leaf4,sg1,,ipv4_static,0/RP0/CPU0,0,ipv4_staticnode0_RP0_CPU0,0,0,obt-collector1,60

2020-02-02 19:49:08.799000+00:00,leaf4,sg1,,pim,0/RP0/CPU0,0,pimnode0_RP0_CPU0,0,0,obt-collector1,199

2020-02-02 19:49:08.799000+00:00,leaf4,sg1,,bgp-default,0/RP0/CPU0,41,bgp-defaultnode0_RP0_CPU0,0,0,obt-collector1,60

2020-02-02 19:49:08.799000+00:00,leaf4,sg1,,object_tracking,0/RP0/CPU0,0,object_trackingnode0_RP0_CPU0,0,0,obt-collector1,199

2020-02-02 19:49:18.756000+00:00,leaf4,sg1,,bgp-default,0/RP0/CPU0,41,bgp-defaultnode0_RP0_CPU0,0,0,obt-collector1,60

2020-02-02 19:49:18.756000+00:00,leaf4,sg1,,object_tracking,0/RP0/CPU0,0,object_trackingnode0_RP0_CPU0,0,0,obt-collector1,199

2020-02-02 19:49:18.756000+00:00,leaf4,sg1,,XTC,0/RP0/CPU0,0,XTCnode0_RP0_CPU0,0,0,obt-collector1,180

2020-02-02 19:49:18.756000+00:00,leaf4,sg1,,pim6,0/RP0/CPU0,0,pim6node0_RP0_CPU0,0,0,obt-collector1,199

2020-02-02 19:49:18.756000+00:00,leaf4,sg1,,L2VPN_ATOM,0/RP0/CPU0,0,L2VPN_ATOMnode0_RP0_CPU0,0,0,obt-collector1,120

2020-02-02 19:49:18.756000+00:00,leaf4,sg1,,pim,0/RP0/CPU0,0,pimnode0_RP0_CPU0,0,0,obt-collector1,199

2020-02-02 19:49:18.756000+00:00,leaf4,sg1,,bundlemgr_distrib,0/RP0/CPU0,0,bundlemgr_distribnode0_RP0_CPU0,0,0,obt-collector1,60

2020-02-02 19:49:18.756000+00:00,leaf4,sg1,,ipv4_static,0/RP0/CPU0,0,ipv4_staticnode0_RP0_CPU0,0,0,obt-collector1,60

2020-02-02 19:49:18.757000+00:00,leaf4,sg1,,tunl_gre_ma,0/RP0/CPU0,0,tunl_gre_manode0_RP0_CPU0,0,0,obt-collector1,199

2020-02-02 19:49:28.779000+00:00,leaf4,sg1,,L2VPN_ATOM,0/RP0/CPU0,0,L2VPN_ATOMnode0_RP0_CPU0,0,0,obt-collector1,120

2020-02-02 19:49:28.780000+00:00,leaf4,sg1,,tunl_gre_ma,0/RP0/CPU0,0,tunl_gre_manode0_RP0_CPU0,0,0,obt-collector1,199

2020-02-02 19:49:28.780000+00:00,leaf4,sg1,,ipv4_static,0/RP0/CPU0,0,ipv4_staticnode0_RP0_CPU0,0,0,obt-collector1,60

2020-02-02 19:49:28.780000+00:00,leaf4,sg1,,bundlemgr_distrib,0/RP0/CPU0,0,bundlemgr_distribnode0_RP0_CPU0,0,0,obt-collector1,60

2020-02-02 19:49:28.780000+00:00,leaf4,sg1,,bgp-default,0/RP0/CPU0,41,bgp-defaultnode0_RP0_CPU0,0,0,obt-collector1,60

2020-02-02 19:49:28.780000+00:00,leaf4,sg1,,object_tracking,0/RP0/CPU0,0,object_trackingnode0_RP0_CPU0,0,0,obt-collector1,199

2020-02-02 19:49:28.780000+00:00,leaf4,sg1,,pim,0/RP0/CPU0,0,pimnode0_RP0_CPU0,0,0,obt-collector1,199

2020-02-02 19:49:28.780000+00:00,leaf4,sg1,,pim6,0/RP0/CPU0,0,pim6node0_RP0_CPU0,0,0,obt-collector1,199

2020-02-02 19:49:28.780000+00:00,leaf4,sg1,,XTC,0/RP0/CPU0,0,XTCnode0_RP0_CPU0,0,0,obt-collector1,180

2020-02-02 19:49:38.781000+00:00,leaf4,sg1,,bundlemgr_distrib,0/RP0/CPU0,0,bundlemgr_distribnode0_RP0_CPU0,0,0,obt-collector1,60

2020-02-02 19:49:38.781000+00:00,leaf4,sg1,,L2VPN_ATOM,0/RP0/CPU0,0,L2VPN_ATOMnode0_RP0_CPU0,0,0,obt-collector1,120

2020-02-02 19:49:38.781000+00:00,leaf4,sg1,,XTC,0/RP0/CPU0,0,XTCnode0_RP0_CPU0,0,0,obt-collector1,180

2020-02-02 19:49:38.781000+00:00,leaf4,sg1,,bgp-default,0/RP0/CPU0,41,bgp-defaultnode0_RP0_CPU0,0,0,obt-collector1,60

2020-02-02 19:49:38.782000+00:00,leaf4,sg1,,pim6,0/RP0/CPU0,0,pim6node0_RP0_CPU0,0,0,obt-collector1,199

2020-02-02 19:49:38.782000+00:00,leaf4,sg1,,tunl_gre_ma,0/RP0/CPU0,0,tunl_gre_manode0_RP0_CPU0,0,0,obt-collector1,199

2020-02-02 19:49:38.782000+00:00,leaf4,sg1,,ipv4_static,0/RP0/CPU0,0,ipv4_staticnode0_RP0_CPU0,0,0,obt-collector1,60

2020-02-02 19:49:38.782000+00:00,leaf4,sg1,,pim,0/RP0/CPU0,0,pimnode0_RP0_CPU0,0,0,obt-collector1,199

2020-02-02 19:49:38.782000+00:00,leaf4,sg1,,object_tracking,0/RP0/CPU0,0,object_trackingnode0_RP0_CPU0,0,0,obt-collector1,199

2020-02-02 19:49:48.791000+00:00,leaf4,sg1,,pim,0/RP0/CPU0,0,pimnode0_RP0_CPU0,0,0,obt-collector1,199

2020-02-02 19:49:48.791000+00:00,leaf4,sg1,,object_tracking,0/RP0/CPU0,0,object_trackingnode0_RP0_CPU0,0,0,obt-collector1,199

2020-02-02 19:49:48.791000+00:00,leaf4,sg1,,pim6,0/RP0/CPU0,0,pim6node0_RP0_CPU0,0,0,obt-collector1,199

2020-02-02 19:49:48.791000+00:00,leaf4,sg1,,XTC,0/RP0/CPU0,0,XTCnode0_RP0_CPU0,0,0,obt-collector1,180

2020-02-02 19:49:48.791000+00:00,leaf4,sg1,,bundlemgr_distrib,0/RP0/CPU0,0,bundlemgr_distribnode0_RP0_CPU0,0,0,obt-collector1,60

2020-02-02 19:49:48.791000+00:00,leaf4,sg1,,bgp-default,0/RP0/CPU0,41,bgp-defaultnode0_RP0_CPU0,0,0,obt-collector1,60

2020-02-02 19:49:48.791000+00:00,leaf4,sg1,,ipv4_static,0/RP0/CPU0,0,ipv4_staticnode0_RP0_CPU0,0,0,obt-collector1,60

2020-02-02 19:49:48.791000+00:00,leaf4,sg1,,L2VPN_ATOM,0/RP0/CPU0,0,L2VPN_ATOMnode0_RP0_CPU0,0,0,obt-collector1,120

2020-02-02 19:49:48.791000+00:00,leaf4,sg1,,tunl_gre_ma,0/RP0/CPU0,0,tunl_gre_manode0_RP0_CPU0,0,0,obt-collector1,199

2020-02-02 19:49:58.778000+00:00,leaf4,sg1,,L2VPN_ATOM,0/RP0/CPU0,0,L2VPN_ATOMnode0_RP0_CPU0,0,0,obt-collector1,120

2020-02-02 19:49:58.778000+00:00,leaf4,sg1,,XTC,0/RP0/CPU0,0,XTCnode0_RP0_CPU0,0,0,obt-collector1,180

2020-02-02 19:49:58.778000+00:00,leaf4,sg1,,object_tracking,0/RP0/CPU0,0,object_trackingnode0_RP0_CPU0,0,0,obt-collector1,199

2020-02-02 19:49:58.778000+00:00,leaf4,sg1,,pim,0/RP0/CPU0,0,pimnode0_RP0_CPU0,0,0,obt-collector1,199

2020-02-02 19:49:58.778000+00:00,leaf4,sg1,,pim6,0/RP0/CPU0,0,pim6node0_RP0_CPU0,0,0,obt-collector1,199

2020-02-02 19:49:58.778000+00:00,leaf4,sg1,,ipv4_static,0/RP0/CPU0,0,ipv4_staticnode0_RP0_CPU0,0,0,obt-collector1,60

2020-02-02 19:49:58.778000+00:00,leaf4,sg1,,bundlemgr_distrib,0/RP0/CPU0,0,bundlemgr_distribnode0_RP0_CPU0,0,0,obt-collector1,60

2020-02-02 19:49:58.778000+00:00,leaf4,sg1,,bgp-default,0/RP0/CPU0,41,bgp-defaultnode0_RP0_CPU0,0,0,obt-collector1,60

2020-02-02 19:49:58.779000+00:00,leaf4,sg1,,tunl_gre_ma,0/RP0/CPU0,0,tunl_gre_manode0_RP0_CPU0,0,0,obt-collector1,199

2020-02-02 19:50:08.761000+00:00,leaf4,sg1,,L2VPN_ATOM,0/RP0/CPU0,0,L2VPN_ATOMnode0_RP0_CPU0,0,0,obt-collector1,120

2020-02-02 19:50:08.762000+00:00,leaf4,sg1,,tunl_gre_ma,0/RP0/CPU0,0,tunl_gre_manode0_RP0_CPU0,0,0,obt-collector1,199

2020-02-02 19:50:08.762000+00:00,leaf4,sg1,,bgp-default,0/RP0/CPU0,41,bgp-defaultnode0_RP0_CPU0,0,0,obt-collector1,60

2020-02-02 19:50:08.762000+00:00,leaf4,sg1,,bundlemgr_distrib,0/RP0/CPU0,0,bundlemgr_distribnode0_RP0_CPU0,0,0,obt-collector1,60

2020-02-02 19:50:08.762000+00:00,leaf4,sg1,,object_tracking,0/RP0/CPU0,0,object_trackingnode0_RP0_CPU0,0,0,obt-collector1,199

2020-02-02 19:50:08.762000+00:00,leaf4,sg1,,XTC,0/RP0/CPU0,0,XTCnode0_RP0_CPU0,0,0,obt-collector1,180

2020-02-02 19:50:08.762000+00:00,leaf4,sg1,,ipv4_static,0/RP0/CPU0,0,ipv4_staticnode0_RP0_CPU0,0,0,obt-collector1,60

2020-02-02 19:50:08.762000+00:00,leaf4,sg1,,pim,0/RP0/CPU0,0,pimnode0_RP0_CPU0,0,0,obt-collector1,199

2020-02-02 19:50:08.762000+00:00,leaf4,sg1,,pim6,0/RP0/CPU0,0,pim6node0_RP0_CPU0,0,0,obt-collector1,199

2020-02-02 19:50:18.769000+00:00,leaf4,sg1,,pim,0/RP0/CPU0,0,pimnode0_RP0_CPU0,0,0,obt-collector1,199

2020-02-02 19:50:18.769000+00:00,leaf4,sg1,,pim6,0/RP0/CPU0,0,pim6node0_RP0_CPU0,0,0,obt-collector1,199

2020-02-02 19:50:18.769000+00:00,leaf4,sg1,,bundlemgr_distrib,0/RP0/CPU0,0,bundlemgr_distribnode0_RP0_CPU0,0,0,obt-collector1,60

2020-02-02 19:50:18.769000+00:00,leaf4,sg1,,L2VPN_ATOM,0/RP0/CPU0,0,L2VPN_ATOMnode0_RP0_CPU0,0,0,obt-collector1,120

2020-02-02 19:50:18.769000+00:00,leaf4,sg1,,bgp-default,0/RP0/CPU0,41,bgp-defaultnode0_RP0_CPU0,0,0,obt-collector1,60

2020-02-02 19:50:18.769000+00:00,leaf4,sg1,,ipv4_static,0/RP0/CPU0,0,ipv4_staticnode0_RP0_CPU0,0,0,obt-collector1,60

2020-02-02 19:50:18.769000+00:00,leaf4,sg1,,object_tracking,0/RP0/CPU0,0,object_trackingnode0_RP0_CPU0,0,0,obt-collector1,199

2020-02-02 19:50:18.769000+00:00,leaf4,sg1,,XTC,0/RP0/CPU0,0,XTCnode0_RP0_CPU0,0,0,obt-collector1,180

2020-02-02 19:50:18.770000+00:00,leaf4,sg1,,tunl_gre_ma,0/RP0/CPU0,0,tunl_gre_manode0_RP0_CPU0,0,0,obt-collector1,199

2020-02-02 19:50:28.771000+00:00,leaf4,sg1,,L2VPN_ATOM,0/RP0/CPU0,0,L2VPN_ATOMnode0_RP0_CPU0,0,0,obt-collector1,120

2020-02-02 19:50:28.772000+00:00,leaf4,sg1,,tunl_gre_ma,0/RP0/CPU0,0,tunl_gre_manode0_RP0_CPU0,0,0,obt-collector1,199

2020-02-02 19:50:28.772000+00:00,leaf4,sg1,,XTC,0/RP0/CPU0,0,XTCnode0_RP0_CPU0,0,0,obt-collector1,180

2020-02-02 19:50:28.772000+00:00,leaf4,sg1,,object_tracking,0/RP0/CPU0,0,object_trackingnode0_RP0_CPU0,0,0,obt-collector1,199

2020-02-02 19:50:28.772000+00:00,leaf4,sg1,,pim,0/RP0/CPU0,0,pimnode0_RP0_CPU0,0,0,obt-collector1,199

2020-02-02 19:50:28.772000+00:00,leaf4,sg1,,pim6,0/RP0/CPU0,0,pim6node0_RP0_CPU0,0,0,obt-collector1,199

2020-02-02 19:50:28.772000+00:00,leaf4,sg1,,ipv4_static,0/RP0/CPU0,0,ipv4_staticnode0_RP0_CPU0,0,0,obt-collector1,60

2020-02-02 19:50:28.772000+00:00,leaf4,sg1,,bundlemgr_distrib,0/RP0/CPU0,0,bundlemgr_distribnode0_RP0_CPU0,0,0,obt-collector1,60

2020-02-02 19:50:28.772000+00:00,leaf4,sg1,,bgp-default,0/RP0/CPU0,41,bgp-defaultnode0_RP0_CPU0,0,0,obt-collector1,60

2020-02-02 19:50:38.776000+00:00,leaf4,sg1,,bundlemgr_distrib,0/RP0/CPU0,0,bundlemgr_distribnode0_RP0_CPU0,0,0,obt-collector1,60

2020-02-02 19:50:38.776000+00:00,leaf4,sg1,,bgp-default,0/RP0/CPU0,41,bgp-defaultnode0_RP0_CPU0,0,0,obt-collector1,60

2020-02-02 19:50:38.776000+00:00,leaf4,sg1,,object_tracking,0/RP0/CPU0,0,object_trackingnode0_RP0_CPU0,0,0,obt-collector1,199

2020-02-02 19:50:38.776000+00:00,leaf4,sg1,,L2VPN_ATOM,0/RP0/CPU0,0,L2VPN_ATOMnode0_RP0_CPU0,0,0,obt-collector1,120

2020-02-02 19:50:38.776000+00:00,leaf4,sg1,,XTC,0/RP0/CPU0,0,XTCnode0_RP0_CPU0,0,0,obt-collector1,180

2020-02-02 19:50:38.776000+00:00,leaf4,sg1,,ipv4_static,0/RP0/CPU0,0,ipv4_staticnode0_RP0_CPU0,0,0,obt-collector1,60

2020-02-02 19:50:38.776000+00:00,leaf4,sg1,,pim6,0/RP0/CPU0,0,pim6node0_RP0_CPU0,0,0,obt-collector1,199

2020-02-02 19:50:38.777000+00:00,leaf4,sg1,,tunl_gre_ma,0/RP0/CPU0,0,tunl_gre_manode0_RP0_CPU0,0,0,obt-collector1,199

2020-02-02 19:50:38.777000+00:00,leaf4,sg1,,pim,0/RP0/CPU0,0,pimnode0_RP0_CPU0,0,0,obt-collector1,199

2020-02-02 19:50:48.769000+00:00,leaf4,sg1,,tunl_gre_ma,0/RP0/CPU0,0,tunl_gre_manode0_RP0_CPU0,0,0,obt-collector1,199

2020-02-02 19:50:48.769000+00:00,leaf4,sg1,,pim,0/RP0/CPU0,0,pimnode0_RP0_CPU0,0,0,obt-collector1,199

2020-02-02 19:50:48.769000+00:00,leaf4,sg1,,ipv4_static,0/RP0/CPU0,0,ipv4_staticnode0_RP0_CPU0,0,0,obt-collector1,60

2020-02-02 19:50:48.769000+00:00,leaf4,sg1,,object_tracking,0/RP0/CPU0,0,object_trackingnode0_RP0_CPU0,0,0,obt-collector1,199

2020-02-02 19:50:48.769000+00:00,leaf4,sg1,,bundlemgr_distrib,0/RP0/CPU0,0,bundlemgr_distribnode0_RP0_CPU0,0,0,obt-collector1,60

2020-02-02 19:50:48.769000+00:00,leaf4,sg1,,bgp-default,0/RP0/CPU0,41,bgp-defaultnode0_RP0_CPU0,0,0,obt-collector1,60

2020-02-02 19:50:48.769000+00:00,leaf4,sg1,,pim6,0/RP0/CPU0,0,pim6node0_RP0_CPU0,0,0,obt-collector1,199

2020-02-02 19:50:48.769000+00:00,leaf4,sg1,,XTC,0/RP0/CPU0,0,XTCnode0_RP0_CPU0,0,0,obt-collector1,180

2020-02-02 19:50:48.769000+00:00,leaf4,sg1,,L2VPN_ATOM,0/RP0/CPU0,0,L2VPN_ATOMnode0_RP0_CPU0,0,0,obt-collector1,120

2020-02-02 19:50:58.776000+00:00,leaf4,sg1,,bgp-default,0/RP0/CPU0,41,bgp-defaultnode0_RP0_CPU0,0,0,obt-collector1,60

2020-02-02 19:50:58.776000+00:00,leaf4,sg1,,XTC,0/RP0/CPU0,0,XTCnode0_RP0_CPU0,0,0,obt-collector1,180

2020-02-02 19:50:58.776000+00:00,leaf4,sg1,,L2VPN_ATOM,0/RP0/CPU0,0,L2VPN_ATOMnode0_RP0_CPU0,0,0,obt-collector1,120

2020-02-02 19:50:58.777000+00:00,leaf4,sg1,,object_tracking,0/RP0/CPU0,0,object_trackingnode0_RP0_CPU0,0,0,obt-collector1,199

2020-02-02 19:50:58.777000+00:00,leaf4,sg1,,tunl_gre_ma,0/RP0/CPU0,0,tunl_gre_manode0_RP0_CPU0,0,0,obt-collector1,199

2020-02-02 19:50:58.777000+00:00,leaf4,sg1,,ipv4_static,0/RP0/CPU0,0,ipv4_staticnode0_RP0_CPU0,0,0,obt-collector1,60

2020-02-02 19:50:58.777000+00:00,leaf4,sg1,,pim6,0/RP0/CPU0,0,pim6node0_RP0_CPU0,0,0,obt-collector1,199

2020-02-02 19:50:58.777000+00:00,leaf4,sg1,,bundlemgr_distrib,0/RP0/CPU0,0,bundlemgr_distribnode0_RP0_CPU0,0,0,obt-collector1,60

2020-02-02 19:50:58.777000+00:00,leaf4,sg1,,pim,0/RP0/CPU0,0,pimnode0_RP0_CPU0,0,0,obt-collector1,199

2020-02-02 19:51:08.785000+00:00,leaf4,sg1,,bundlemgr_distrib,0/RP0/CPU0,0,bundlemgr_distribnode0_RP0_CPU0,0,0,obt-collector1,60

2020-02-02 19:51:08.785000+00:00,leaf4,sg1,,pim,0/RP0/CPU0,0,pimnode0_RP0_CPU0,0,0,obt-collector1,199

2020-02-02 19:51:08.785000+00:00,leaf4,sg1,,object_tracking,0/RP0/CPU0,0,object_trackingnode0_RP0_CPU0,0,0,obt-collector1,199

2020-02-02 19:51:08.785000+00:00,leaf4,sg1,,XTC,0/RP0/CPU0,0,XTCnode0_RP0_CPU0,0,0,obt-collector1,180

2020-02-02 19:51:08.785000+00:00,leaf4,sg1,,bgp-default,0/RP0/CPU0,41,bgp-defaultnode0_RP0_CPU0,0,0,obt-collector1,60

2020-02-02 19:51:08.785000+00:00,leaf4,sg1,,L2VPN_ATOM,0/RP0/CPU0,0,L2VPN_ATOMnode0_RP0_CPU0,0,0,obt-collector1,120

2020-02-02 19:51:08.785000+00:00,leaf4,sg1,,pim6,0/RP0/CPU0,0,pim6node0_RP0_CPU0,0,0,obt-collector1,199

2020-02-02 19:51:08.785000+00:00,leaf4,sg1,,tunl_gre_ma,0/RP0/CPU0,0,tunl_gre_manode0_RP0_CPU0,0,0,obt-collector1,199

2020-02-02 19:51:08.785000+00:00,leaf4,sg1,,ipv4_static,0/RP0/CPU0,0,ipv4_staticnode0_RP0_CPU0,0,0,obt-collector1,60

2020-02-02 19:51:18.779000+00:00,leaf4,sg1,,XTC,0/RP0/CPU0,0,XTCnode0_RP0_CPU0,0,0,obt-collector1,180

2020-02-02 19:51:18.779000+00:00,leaf4,sg1,,ipv4_static,0/RP0/CPU0,0,ipv4_staticnode0_RP0_CPU0,0,0,obt-collector1,60

2020-02-02 19:51:18.779000+00:00,leaf4,sg1,,pim,0/RP0/CPU0,0,pimnode0_RP0_CPU0,0,0,obt-collector1,199

2020-02-02 19:51:18.779000+00:00,leaf4,sg1,,bundlemgr_distrib,0/RP0/CPU0,0,bundlemgr_distribnode0_RP0_CPU0,0,0,obt-collector1,60

2020-02-02 19:51:18.779000+00:00,leaf4,sg1,,object_tracking,0/RP0/CPU0,0,object_trackingnode0_RP0_CPU0,0,0,obt-collector1,199

2020-02-02 19:51:18.779000+00:00,leaf4,sg1,,pim6,0/RP0/CPU0,0,pim6node0_RP0_CPU0,0,0,obt-collector1,199

2020-02-02 19:51:18.779000+00:00,leaf4,sg1,,bgp-default,0/RP0/CPU0,41,bgp-defaultnode0_RP0_CPU0,0,0,obt-collector1,60

2020-02-02 19:51:18.779000+00:00,leaf4,sg1,,L2VPN_ATOM,0/RP0/CPU0,0,L2VPN_ATOMnode0_RP0_CPU0,0,0,obt-collector1,120

2020-02-02 19:51:18.780000+00:00,leaf4,sg1,,tunl_gre_ma,0/RP0/CPU0,0,tunl_gre_manode0_RP0_CPU0,0,0,obt-collector1,199

2020-02-02 19:51:28.768000+00:00,leaf4,sg1,,L2VPN_ATOM,0/RP0/CPU0,0,L2VPN_ATOMnode0_RP0_CPU0,0,0,obt-collector1,120

2020-02-02 19:51:28.768000+00:00,leaf4,sg1,,bgp-default,0/RP0/CPU0,41,bgp-defaultnode0_RP0_CPU0,0,0,obt-collector1,60

2020-02-02 19:51:28.768000+00:00,leaf4,sg1,,XTC,0/RP0/CPU0,0,XTCnode0_RP0_CPU0,0,0,obt-collector1,180

2020-02-02 19:51:28.769000+00:00,leaf4,sg1,,tunl_gre_ma,0/RP0/CPU0,0,tunl_gre_manode0_RP0_CPU0,0,0,obt-collector1,199

2020-02-02 19:51:28.769000+00:00,leaf4,sg1,,pim,0/RP0/CPU0,0,pimnode0_RP0_CPU0,0,0,obt-collector1,199

2020-02-02 19:51:28.769000+00:00,leaf4,sg1,,ipv4_static,0/RP0/CPU0,0,ipv4_staticnode0_RP0_CPU0,0,0,obt-collector1,60

2020-02-02 19:51:28.769000+00:00,leaf4,sg1,,pim6,0/RP0/CPU0,0,pim6node0_RP0_CPU0,0,0,obt-collector1,199

2020-02-02 19:51:28.769000+00:00,leaf4,sg1,,bundlemgr_distrib,0/RP0/CPU0,0,bundlemgr_distribnode0_RP0_CPU0,0,0,obt-collector1,60

2020-02-02 19:51:28.769000+00:00,leaf4,sg1,,object_tracking,0/RP0/CPU0,0,object_trackingnode0_RP0_CPU0,0,0,obt-collector1,199

2020-02-02 19:51:38.757000+00:00,leaf4,sg1,,bundlemgr_distrib,0/RP0/CPU0,0,bundlemgr_distribnode0_RP0_CPU0,0,0,obt-collector1,60

2020-02-02 19:51:38.757000+00:00,leaf4,sg1,,object_tracking,0/RP0/CPU0,0,object_trackingnode0_RP0_CPU0,0,0,obt-collector1,199

2020-02-02 19:51:38.757000+00:00,leaf4,sg1,,bgp-default,0/RP0/CPU0,41,bgp-defaultnode0_RP0_CPU0,0,0,obt-collector1,60

2020-02-02 19:51:38.757000+00:00,leaf4,sg1,,L2VPN_ATOM,0/RP0/CPU0,0,L2VPN_ATOMnode0_RP0_CPU0,0,0,obt-collector1,120

2020-02-02 19:51:38.757000+00:00,leaf4,sg1,,XTC,0/RP0/CPU0,0,XTCnode0_RP0_CPU0,0,0,obt-collector1,180

2020-02-02 19:51:38.757000+00:00,leaf4,sg1,,pim6,0/RP0/CPU0,0,pim6node0_RP0_CPU0,0,0,obt-collector1,199

2020-02-02 19:51:38.757000+00:00,leaf4,sg1,,ipv4_static,0/RP0/CPU0,0,ipv4_staticnode0_RP0_CPU0,0,0,obt-collector1,60

2020-02-02 19:51:38.758000+00:00,leaf4,sg1,,tunl_gre_ma,0/RP0/CPU0,0,tunl_gre_manode0_RP0_CPU0,0,0,obt-collector1,199

2020-02-02 19:51:38.758000+00:00,leaf4,sg1,,pim,0/RP0/CPU0,0,pimnode0_RP0_CPU0,0,0,obt-collector1,199

2020-02-02 19:51:48.753000+00:00,leaf4,sg1,,tunl_gre_ma,0/RP0/CPU0,0,tunl_gre_manode0_RP0_CPU0,0,0,obt-collector1,199

2020-02-02 19:51:48.753000+00:00,leaf4,sg1,,pim,0/RP0/CPU0,0,pimnode0_RP0_CPU0,0,0,obt-collector1,199

2020-02-02 19:51:48.753000+00:00,leaf4,sg1,,pim6,0/RP0/CPU0,0,pim6node0_RP0_CPU0,0,0,obt-collector1,199

2020-02-02 19:51:48.753000+00:00,leaf4,sg1,,bgp-default,0/RP0/CPU0,41,bgp-defaultnode0_RP0_CPU0,0,0,obt-collector1,60

2020-02-02 19:51:48.753000+00:00,leaf4,sg1,,bundlemgr_distrib,0/RP0/CPU0,0,bundlemgr_distribnode0_RP0_CPU0,0,0,obt-collector1,60

2020-02-02 19:51:48.753000+00:00,leaf4,sg1,,object_tracking,0/RP0/CPU0,0,object_trackingnode0_RP0_CPU0,0,0,obt-collector1,199

2020-02-02 19:51:48.753000+00:00,leaf4,sg1,,ipv4_static,0/RP0/CPU0,0,ipv4_staticnode0_RP0_CPU0,0,0,obt-collector1,60

2020-02-02 19:51:48.753000+00:00,leaf4,sg1,,XTC,0/RP0/CPU0,0,XTCnode0_RP0_CPU0,0,0,obt-collector1,180

2020-02-02 19:51:48.753000+00:00,leaf4,sg1,,L2VPN_ATOM,0/RP0/CPU0,0,L2VPN_ATOMnode0_RP0_CPU0,0,0,obt-collector1,120

2020-02-02 19:51:58.785000+00:00,leaf4,sg1,,XTC,0/RP0/CPU0,0,XTCnode0_RP0_CPU0,0,0,obt-collector1,180

2020-02-02 19:51:58.785000+00:00,leaf4,sg1,,L2VPN_ATOM,0/RP0/CPU0,0,L2VPN_ATOMnode0_RP0_CPU0,0,0,obt-collector1,120

2020-02-02 19:51:58.785000+00:00,leaf4,sg1,,bgp-default,0/RP0/CPU0,41,bgp-defaultnode0_RP0_CPU0,0,0,obt-collector1,60

2020-02-02 19:51:58.785000+00:00,leaf4,sg1,,pim,0/RP0/CPU0,0,pimnode0_RP0_CPU0,0,0,obt-collector1,199

2020-02-02 19:51:58.785000+00:00,leaf4,sg1,,tunl_gre_ma,0/RP0/CPU0,0,tunl_gre_manode0_RP0_CPU0,0,0,obt-collector1,199

2020-02-02 19:51:58.785000+00:00,leaf4,sg1,,pim6,0/RP0/CPU0,0,pim6node0_RP0_CPU0,0,0,obt-collector1,199

2020-02-02 19:51:58.785000+00:00,leaf4,sg1,,ipv4_static,0/RP0/CPU0,0,ipv4_staticnode0_RP0_CPU0,0,0,obt-collector1,60

2020-02-02 19:51:58.785000+00:00,leaf4,sg1,,bundlemgr_distrib,0/RP0/CPU0,0,bundlemgr_distribnode0_RP0_CPU0,0,0,obt-collector1,60

2020-02-02 19:51:58.785000+00:00,leaf4,sg1,,object_tracking,0/RP0/CPU0,0,object_trackingnode0_RP0_CPU0,0,0,obt-collector1,199

2020-02-02 19:52:08.763000+00:00,leaf4,sg1,,bundlemgr_distrib,0/RP0/CPU0,0,bundlemgr_distribnode0_RP0_CPU0,0,0,obt-collector1,60

2020-02-02 19:52:08.763000+00:00,leaf4,sg1,,object_tracking,0/RP0/CPU0,0,object_trackingnode0_RP0_CPU0,0,0,obt-collector1,199

2020-02-02 19:52:08.763000+00:00,leaf4,sg1,,pim,0/RP0/CPU0,0,pimnode0_RP0_CPU0,0,0,obt-collector1,199

2020-02-02 19:52:08.763000+00:00,leaf4,sg1,,L2VPN_ATOM,0/RP0/CPU0,0,L2VPN_ATOMnode0_RP0_CPU0,0,0,obt-collector1,120

2020-02-02 19:52:08.763000+00:00,leaf4,sg1,,XTC,0/RP0/CPU0,0,XTCnode0_RP0_CPU0,0,0,obt-collector1,180

2020-02-02 19:52:08.763000+00:00,leaf4,sg1,,bgp-default,0/RP0/CPU0,41,bgp-defaultnode0_RP0_CPU0,0,0,obt-collector1,60

2020-02-02 19:52:08.763000+00:00,leaf4,sg1,,ipv4_static,0/RP0/CPU0,0,ipv4_staticnode0_RP0_CPU0,0,0,obt-collector1,60

2020-02-02 19:52:08.763000+00:00,leaf4,sg1,,tunl_gre_ma,0/RP0/CPU0,0,tunl_gre_manode0_RP0_CPU0,0,0,obt-collector1,199

2020-02-02 19:52:08.763000+00:00,leaf4,sg1,,pim6,0/RP0/CPU0,0,pim6node0_RP0_CPU0,0,0,obt-collector1,199

2020-02-02 19:52:18.761000+00:00,leaf4,sg1,,L2VPN_ATOM,0/RP0/CPU0,0,L2VPN_ATOMnode0_RP0_CPU0,0,0,obt-collector1,120

2020-02-02 19:52:18.761000+00:00,leaf4,sg1,,pim6,0/RP0/CPU0,0,pim6node0_RP0_CPU0,0,0,obt-collector1,199

2020-02-02 19:52:18.761000+00:00,leaf4,sg1,,object_tracking,0/RP0/CPU0,0,object_trackingnode0_RP0_CPU0,0,0,obt-collector1,199

2020-02-02 19:52:18.761000+00:00,leaf4,sg1,,bundlemgr_distrib,0/RP0/CPU0,0,bundlemgr_distribnode0_RP0_CPU0,0,0,obt-collector1,60

2020-02-02 19:52:18.761000+00:00,leaf4,sg1,,ipv4_static,0/RP0/CPU0,0,ipv4_staticnode0_RP0_CPU0,0,0,obt-collector1,60

2020-02-02 19:52:18.761000+00:00,leaf4,sg1,,XTC,0/RP0/CPU0,0,XTCnode0_RP0_CPU0,0,0,obt-collector1,180

2020-02-02 19:52:18.761000+00:00,leaf4,sg1,,bgp-default,0/RP0/CPU0,41,bgp-defaultnode0_RP0_CPU0,0,0,obt-collector1,60

2020-02-02 19:52:18.762000+00:00,leaf4,sg1,,tunl_gre_ma,0/RP0/CPU0,0,tunl_gre_manode0_RP0_CPU0,0,0,obt-collector1,199

2020-02-02 19:52:18.762000+00:00,leaf4,sg1,,pim,0/RP0/CPU0,0,pimnode0_RP0_CPU0,0,0,obt-collector1,199

2020-02-02 19:52:28.764000+00:00,leaf4,sg1,,bgp-default,0/RP0/CPU0,41,bgp-defaultnode0_RP0_CPU0,0,0,obt-collector1,60

2020-02-02 19:52:28.764000+00:00,leaf4,sg1,,L2VPN_ATOM,0/RP0/CPU0,0,L2VPN_ATOMnode0_RP0_CPU0,0,0,obt-collector1,120

2020-02-02 19:52:28.764000+00:00,leaf4,sg1,,XTC,0/RP0/CPU0,0,XTCnode0_RP0_CPU0,0,0,obt-collector1,180

2020-02-02 19:52:28.764000+00:00,leaf4,sg1,,ipv4_static,0/RP0/CPU0,0,ipv4_staticnode0_RP0_CPU0,0,0,obt-collector1,60

2020-02-02 19:52:28.764000+00:00,leaf4,sg1,,object_tracking,0/RP0/CPU0,0,object_trackingnode0_RP0_CPU0,0,0,obt-collector1,199

2020-02-02 19:52:28.764000+00:00,leaf4,sg1,,bundlemgr_distrib,0/RP0/CPU0,0,bundlemgr_distribnode0_RP0_CPU0,0,0,obt-collector1,60

2020-02-02 19:52:28.765000+00:00,leaf4,sg1,,tunl_gre_ma,0/RP0/CPU0,0,tunl_gre_manode0_RP0_CPU0,0,0,obt-collector1,199

2020-02-02 19:52:28.765000+00:00,leaf4,sg1,,pim6,0/RP0/CPU0,0,pim6node0_RP0_CPU0,0,0,obt-collector1,199

2020-02-02 19:52:28.765000+00:00,leaf4,sg1,,pim,0/RP0/CPU0,0,pimnode0_RP0_CPU0,0,0,obt-collector1,199

2020-02-02 19:52:38.767000+00:00,leaf4,sg1,,bgp-default,0/RP0/CPU0,41,bgp-defaultnode0_RP0_CPU0,0,0,obt-collector1,60

2020-02-02 19:52:38.767000+00:00,leaf4,sg1,,bundlemgr_distrib,0/RP0/CPU0,0,bundlemgr_distribnode0_RP0_CPU0,0,0,obt-collector1,60

2020-02-02 19:52:38.767000+00:00,leaf4,sg1,,ipv4_static,0/RP0/CPU0,0,ipv4_staticnode0_RP0_CPU0,0,0,obt-collector1,60

2020-02-02 19:52:38.767000+00:00,leaf4,sg1,,L2VPN_ATOM,0/RP0/CPU0,0,L2VPN_ATOMnode0_RP0_CPU0,0,0,obt-collector1,120

2020-02-02 19:52:38.767000+00:00,leaf4,sg1,,XTC,0/RP0/CPU0,0,XTCnode0_RP0_CPU0,0,0,obt-collector1,180

2020-02-02 19:52:38.768000+00:00,leaf4,sg1,,pim,0/RP0/CPU0,0,pimnode0_RP0_CPU0,0,0,obt-collector1,199

2020-02-02 19:52:38.768000+00:00,leaf4,sg1,,tunl_gre_ma,0/RP0/CPU0,0,tunl_gre_manode0_RP0_CPU0,0,0,obt-collector1,199

2020-02-02 19:52:38.768000+00:00,leaf4,sg1,,object_tracking,0/RP0/CPU0,0,object_trackingnode0_RP0_CPU0,0,0,obt-collector1,199

2020-02-02 19:52:38.768000+00:00,leaf4,sg1,,pim6,0/RP0/CPU0,0,pim6node0_RP0_CPU0,0,0,obt-collector1,199

2020-02-02 19:52:48.767000+00:00,leaf4,sg1,,XTC,0/RP0/CPU0,0,XTCnode0_RP0_CPU0,0,0,obt-collector1,180

2020-02-02 19:52:48.767000+00:00,leaf4,sg1,,L2VPN_ATOM,0/RP0/CPU0,0,L2VPN_ATOMnode0_RP0_CPU0,0,0,obt-collector1,120

2020-02-02 19:52:48.767000+00:00,leaf4,sg1,,bgp-default,0/RP0/CPU0,41,bgp-defaultnode0_RP0_CPU0,0,0,obt-collector1,60

2020-02-02 19:52:48.768000+00:00,leaf4,sg1,,pim6,0/RP0/CPU0,0,pim6node0_RP0_CPU0,0,0,obt-collector1,199

2020-02-02 19:52:48.768000+00:00,leaf4,sg1,,object_tracking,0/RP0/CPU0,0,object_trackingnode0_RP0_CPU0,0,0,obt-collector1,199

2020-02-02 19:52:48.768000+00:00,leaf4,sg1,,tunl_gre_ma,0/RP0/CPU0,0,tunl_gre_manode0_RP0_CPU0,0,0,obt-collector1,199

2020-02-02 19:52:48.768000+00:00,leaf4,sg1,,pim,0/RP0/CPU0,0,pimnode0_RP0_CPU0,0,0,obt-collector1,199

2020-02-02 19:52:48.768000+00:00,leaf4,sg1,,ipv4_static,0/RP0/CPU0,0,ipv4_staticnode0_RP0_CPU0,0,0,obt-collector1,60

2020-02-02 19:52:48.768000+00:00,leaf4,sg1,,bundlemgr_distrib,0/RP0/CPU0,0,bundlemgr_distribnode0_RP0_CPU0,0,0,obt-collector1,60

2020-02-02 19:52:58.764000+00:00,leaf4,sg1,,ipv4_static,0/RP0/CPU0,0,ipv4_staticnode0_RP0_CPU0,0,0,obt-collector1,60

2020-02-02 19:52:58.764000+00:00,leaf4,sg1,,bundlemgr_distrib,0/RP0/CPU0,0,bundlemgr_distribnode0_RP0_CPU0,0,0,obt-collector1,60

2020-02-02 19:52:58.764000+00:00,leaf4,sg1,,object_tracking,0/RP0/CPU0,0,object_trackingnode0_RP0_CPU0,0,0,obt-collector1,199

2020-02-02 19:52:58.764000+00:00,leaf4,sg1,,bgp-default,0/RP0/CPU0,41,bgp-defaultnode0_RP0_CPU0,0,0,obt-collector1,60

2020-02-02 19:52:58.764000+00:00,leaf4,sg1,,L2VPN_ATOM,0/RP0/CPU0,0,L2VPN_ATOMnode0_RP0_CPU0,0,0,obt-collector1,120

2020-02-02 19:52:58.764000+00:00,leaf4,sg1,,pim6,0/RP0/CPU0,0,pim6node0_RP0_CPU0,0,0,obt-collector1,199

2020-02-02 19:52:58.764000+00:00,leaf4,sg1,,XTC,0/RP0/CPU0,0,XTCnode0_RP0_CPU0,0,0,obt-collector1,180

2020-02-02 19:52:58.765000+00:00,leaf4,sg1,,pim,0/RP0/CPU0,0,pimnode0_RP0_CPU0,0,0,obt-collector1,199

2020-02-02 19:52:58.765000+00:00,leaf4,sg1,,tunl_gre_ma,0/RP0/CPU0,0,tunl_gre_manode0_RP0_CPU0,0,0,obt-collector1,199

2020-02-02 19:53:08.766000+00:00,leaf4,sg1,,bgp-default,0/RP0/CPU0,41,bgp-defaultnode0_RP0_CPU0,0,0,obt-collector1,60

2020-02-02 19:53:08.766000+00:00,leaf4,sg1,,bundlemgr_distrib,0/RP0/CPU0,0,bundlemgr_distribnode0_RP0_CPU0,0,0,obt-collector1,60

2020-02-02 19:53:08.766000+00:00,leaf4,sg1,,ipv4_static,0/RP0/CPU0,0,ipv4_staticnode0_RP0_CPU0,0,0,obt-collector1,60

2020-02-02 19:53:08.766000+00:00,leaf4,sg1,,object_tracking,0/RP0/CPU0,0,object_trackingnode0_RP0_CPU0,0,0,obt-collector1,199

2020-02-02 19:53:08.766000+00:00,leaf4,sg1,,XTC,0/RP0/CPU0,0,XTCnode0_RP0_CPU0,0,0,obt-collector1,180

2020-02-02 19:53:08.766000+00:00,leaf4,sg1,,L2VPN_ATOM,0/RP0/CPU0,0,L2VPN_ATOMnode0_RP0_CPU0,0,0,obt-collector1,120

2020-02-02 19:53:08.766000+00:00,leaf4,sg1,,pim6,0/RP0/CPU0,0,pim6node0_RP0_CPU0,0,0,obt-collector1,199

2020-02-02 19:53:08.767000+00:00,leaf4,sg1,,tunl_gre_ma,0/RP0/CPU0,0,tunl_gre_manode0_RP0_CPU0,0,0,obt-collector1,199

2020-02-02 19:53:08.767000+00:00,leaf4,sg1,,pim,0/RP0/CPU0,0,pimnode0_RP0_CPU0,0,0,obt-collector1,199

2020-02-02 19:53:18.753000+00:00,leaf4,sg1,,tunl_gre_ma,0/RP0/CPU0,0,tunl_gre_manode0_RP0_CPU0,0,0,obt-collector1,199

2020-02-02 19:53:18.753000+00:00,leaf4,sg1,,pim,0/RP0/CPU0,0,pimnode0_RP0_CPU0,0,0,obt-collector1,199

2020-02-02 19:53:18.753000+00:00,leaf4,sg1,,pim6,0/RP0/CPU0,0,pim6node0_RP0_CPU0,0,0,obt-collector1,199

2020-02-02 19:53:18.753000+00:00,leaf4,sg1,,L2VPN_ATOM,0/RP0/CPU0,0,L2VPN_ATOMnode0_RP0_CPU0,0,0,obt-collector1,120

2020-02-02 19:53:18.753000+00:00,leaf4,sg1,,bundlemgr_distrib,0/RP0/CPU0,0,bundlemgr_distribnode0_RP0_CPU0,0,0,obt-collector1,60

2020-02-02 19:53:18.753000+00:00,leaf4,sg1,,bgp-default,0/RP0/CPU0,41,bgp-defaultnode0_RP0_CPU0,0,0,obt-collector1,60

2020-02-02 19:53:18.753000+00:00,leaf4,sg1,,XTC,0/RP0/CPU0,0,XTCnode0_RP0_CPU0,0,0,obt-collector1,180

2020-02-02 19:53:18.753000+00:00,leaf4,sg1,,ipv4_static,0/RP0/CPU0,0,ipv4_staticnode0_RP0_CPU0,0,0,obt-collector1,60

2020-02-02 19:53:18.753000+00:00,leaf4,sg1,,object_tracking,0/RP0/CPU0,0,object_trackingnode0_RP0_CPU0,0,0,obt-collector1,199

2020-02-02 19:53:28.757000+00:00,leaf4,sg1,,L2VPN_ATOM,0/RP0/CPU0,0,L2VPN_ATOMnode0_RP0_CPU0,0,0,obt-collector1,120

2020-02-02 19:53:28.757000+00:00,leaf4,sg1,,XTC,0/RP0/CPU0,0,XTCnode0_RP0_CPU0,0,0,obt-collector1,180

2020-02-02 19:53:28.758000+00:00,leaf4,sg1,,object_tracking,0/RP0/CPU0,0,object_trackingnode0_RP0_CPU0,0,0,obt-collector1,199

2020-02-02 19:53:28.758000+00:00,leaf4,sg1,,ipv4_static,0/RP0/CPU0,0,ipv4_staticnode0_RP0_CPU0,0,0,obt-collector1,60

2020-02-02 19:53:28.758000+00:00,leaf4,sg1,,tunl_gre_ma,0/RP0/CPU0,0,tunl_gre_manode0_RP0_CPU0,0,0,obt-collector1,199

2020-02-02 19:53:28.758000+00:00,leaf4,sg1,,pim6,0/RP0/CPU0,0,pim6node0_RP0_CPU0,0,0,obt-collector1,199

2020-02-02 19:53:28.758000+00:00,leaf4,sg1,,pim,0/RP0/CPU0,0,pimnode0_RP0_CPU0,0,0,obt-collector1,199

2020-02-02 19:53:28.758000+00:00,leaf4,sg1,,bundlemgr_distrib,0/RP0/CPU0,0,bundlemgr_distribnode0_RP0_CPU0,0,0,obt-collector1,60

2020-02-02 19:53:28.758000+00:00,leaf4,sg1,,bgp-default,0/RP0/CPU0,41,bgp-defaultnode0_RP0_CPU0,0,0,obt-collector1,60

2020-02-02 19:53:38.772000+00:00,leaf4,sg1,,XTC,0/RP0/CPU0,0,XTCnode0_RP0_CPU0,0,0,obt-collector1,180

2020-02-02 19:53:38.772000+00:00,leaf4,sg1,,L2VPN_ATOM,0/RP0/CPU0,0,L2VPN_ATOMnode0_RP0_CPU0,0,0,obt-collector1,120

2020-02-02 19:53:38.773000+00:00,leaf4,sg1,,bgp-default,0/RP0/CPU0,41,bgp-defaultnode0_RP0_CPU0,0,0,obt-collector1,60

2020-02-02 19:53:38.773000+00:00,leaf4,sg1,,bundlemgr_distrib,0/RP0/CPU0,0,bundlemgr_distribnode0_RP0_CPU0,0,0,obt-collector1,60

2020-02-02 19:53:38.773000+00:00,leaf4,sg1,,ipv4_static,0/RP0/CPU0,0,ipv4_staticnode0_RP0_CPU0,0,0,obt-collector1,60

2020-02-02 19:53:38.773000+00:00,leaf4,sg1,,object_tracking,0/RP0/CPU0,0,object_trackingnode0_RP0_CPU0,0,0,obt-collector1,199

2020-02-02 19:53:38.773000+00:00,leaf4,sg1,,pim,0/RP0/CPU0,0,pimnode0_RP0_CPU0,0,0,obt-collector1,199

2020-02-02 19:53:38.773000+00:00,leaf4,sg1,,tunl_gre_ma,0/RP0/CPU0,0,tunl_gre_manode0_RP0_CPU0,0,0,obt-collector1,199

2020-02-02 19:53:38.773000+00:00,leaf4,sg1,,pim6,0/RP0/CPU0,0,pim6node0_RP0_CPU0,0,0,obt-collector1,199

2020-02-02 19:53:48.769000+00:00,leaf4,sg1,,L2VPN_ATOM,0/RP0/CPU0,0,L2VPN_ATOMnode0_RP0_CPU0,0,0,obt-collector1,120

2020-02-02 19:53:48.770000+00:00,leaf4,sg1,,pim6,0/RP0/CPU0,0,pim6node0_RP0_CPU0,0,0,obt-collector1,199

2020-02-02 19:53:48.770000+00:00,leaf4,sg1,,tunl_gre_ma,0/RP0/CPU0,0,tunl_gre_manode0_RP0_CPU0,0,0,obt-collector1,199

2020-02-02 19:53:48.770000+00:00,leaf4,sg1,,bundlemgr_distrib,0/RP0/CPU0,0,bundlemgr_distribnode0_RP0_CPU0,0,0,obt-collector1,60

2020-02-02 19:53:48.770000+00:00,leaf4,sg1,,XTC,0/RP0/CPU0,0,XTCnode0_RP0_CPU0,0,0,obt-collector1,180

2020-02-02 19:53:48.770000+00:00,leaf4,sg1,,bgp-default,0/RP0/CPU0,41,bgp-defaultnode0_RP0_CPU0,0,0,obt-collector1,60

2020-02-02 19:53:48.770000+00:00,leaf4,sg1,,pim,0/RP0/CPU0,0,pimnode0_RP0_CPU0,0,0,obt-collector1,199

2020-02-02 19:53:48.770000+00:00,leaf4,sg1,,ipv4_static,0/RP0/CPU0,0,ipv4_staticnode0_RP0_CPU0,0,0,obt-collector1,60

2020-02-02 19:53:48.770000+00:00,leaf4,sg1,,object_tracking,0/RP0/CPU0,0,object_trackingnode0_RP0_CPU0,0,0,obt-collector1,199

2020-02-02 19:53:58.779000+00:00,leaf4,sg1,,bundlemgr_distrib,0/RP0/CPU0,0,bundlemgr_distribnode0_RP0_CPU0,0,0,obt-collector1,60

2020-02-02 19:53:58.779000+00:00,leaf4,sg1,,L2VPN_ATOM,0/RP0/CPU0,0,L2VPN_ATOMnode0_RP0_CPU0,0,0,obt-collector1,120

2020-02-02 19:53:58.779000+00:00,leaf4,sg1,,XTC,0/RP0/CPU0,0,XTCnode0_RP0_CPU0,0,0,obt-collector1,180

2020-02-02 19:53:58.779000+00:00,leaf4,sg1,,bgp-default,0/RP0/CPU0,41,bgp-defaultnode0_RP0_CPU0,0,0,obt-collector1,60

2020-02-02 19:53:58.780000+00:00,leaf4,sg1,,object_tracking,0/RP0/CPU0,0,object_trackingnode0_RP0_CPU0,0,0,obt-collector1,199

2020-02-02 19:53:58.780000+00:00,leaf4,sg1,,ipv4_static,0/RP0/CPU0,0,ipv4_staticnode0_RP0_CPU0,0,0,obt-collector1,60

2020-02-02 19:53:58.780000+00:00,leaf4,sg1,,pim6,0/RP0/CPU0,0,pim6node0_RP0_CPU0,0,0,obt-collector1,199

2020-02-02 19:53:58.780000+00:00,leaf4,sg1,,tunl_gre_ma,0/RP0/CPU0,0,tunl_gre_manode0_RP0_CPU0,0,0,obt-collector1,199

2020-02-02 19:53:58.780000+00:00,leaf4,sg1,,pim,0/RP0/CPU0,0,pimnode0_RP0_CPU0,0,0,obt-collector1,199

2020-02-02 19:54:08.762000+00:00,leaf4,sg1,,ipv4_static,0/RP0/CPU0,0,ipv4_staticnode0_RP0_CPU0,0,0,obt-collector1,60

2020-02-02 19:54:08.762000+00:00,leaf4,sg1,,bgp-default,0/RP0/CPU0,41,bgp-defaultnode0_RP0_CPU0,0,0,obt-collector1,60

2020-02-02 19:54:08.762000+00:00,leaf4,sg1,,XTC,0/RP0/CPU0,0,XTCnode0_RP0_CPU0,0,0,obt-collector1,180

2020-02-02 19:54:08.762000+00:00,leaf4,sg1,,object_tracking,0/RP0/CPU0,0,object_trackingnode0_RP0_CPU0,0,0,obt-collector1,199

2020-02-02 19:54:08.762000+00:00,leaf4,sg1,,L2VPN_ATOM,0/RP0/CPU0,0,L2VPN_ATOMnode0_RP0_CPU0,0,0,obt-collector1,120

2020-02-02 19:54:08.762000+00:00,leaf4,sg1,,bundlemgr_distrib,0/RP0/CPU0,0,bundlemgr_distribnode0_RP0_CPU0,0,0,obt-collector1,60

2020-02-02 19:54:08.763000+00:00,leaf4,sg1,,pim,0/RP0/CPU0,0,pimnode0_RP0_CPU0,0,0,obt-collector1,199

2020-02-02 19:54:08.763000+00:00,leaf4,sg1,,tunl_gre_ma,0/RP0/CPU0,0,tunl_gre_manode0_RP0_CPU0,0,0,obt-collector1,199

2020-02-02 19:54:08.763000+00:00,leaf4,sg1,,pim6,0/RP0/CPU0,0,pim6node0_RP0_CPU0,0,0,obt-collector1,199

2020-02-02 19:54:18.774000+00:00,leaf4,sg1,,tunl_gre_ma,0/RP0/CPU0,0,tunl_gre_manode0_RP0_CPU0,0,0,obt-collector1,199

2020-02-02 19:54:18.774000+00:00,leaf4,sg1,,pim6,0/RP0/CPU0,0,pim6node0_RP0_CPU0,0,0,obt-collector1,199

2020-02-02 19:54:18.774000+00:00,leaf4,sg1,,bundlemgr_distrib,0/RP0/CPU0,0,bundlemgr_distribnode0_RP0_CPU0,0,0,obt-collector1,60

2020-02-02 19:54:18.774000+00:00,leaf4,sg1,,L2VPN_ATOM,0/RP0/CPU0,0,L2VPN_ATOMnode0_RP0_CPU0,0,0,obt-collector1,120

2020-02-02 19:54:18.774000+00:00,leaf4,sg1,,bgp-default,0/RP0/CPU0,41,bgp-defaultnode0_RP0_CPU0,0,0,obt-collector1,60

2020-02-02 19:54:18.774000+00:00,leaf4,sg1,,ipv4_static,0/RP0/CPU0,0,ipv4_staticnode0_RP0_CPU0,0,0,obt-collector1,60

2020-02-02 19:54:18.774000+00:00,leaf4,sg1,,pim,0/RP0/CPU0,0,pimnode0_RP0_CPU0,0,0,obt-collector1,199

2020-02-02 19:54:18.774000+00:00,leaf4,sg1,,object_tracking,0/RP0/CPU0,0,object_trackingnode0_RP0_CPU0,0,0,obt-collector1,199

2020-02-02 19:54:18.774000+00:00,leaf4,sg1,,XTC,0/RP0/CPU0,0,XTCnode0_RP0_CPU0,0,0,obt-collector1,180

2020-02-02 19:54:28.753000+00:00,leaf4,sg1,,L2VPN_ATOM,0/RP0/CPU0,0,L2VPN_ATOMnode0_RP0_CPU0,0,0,obt-collector1,120

2020-02-02 19:54:28.753000+00:00,leaf4,sg1,,XTC,0/RP0/CPU0,0,XTCnode0_RP0_CPU0,0,0,obt-collector1,180

2020-02-02 19:54:28.754000+00:00,leaf4,sg1,,pim6,0/RP0/CPU0,0,pim6node0_RP0_CPU0,0,0,obt-collector1,199

2020-02-02 19:54:28.754000+00:00,leaf4,sg1,,object_tracking,0/RP0/CPU0,0,object_trackingnode0_RP0_CPU0,0,0,obt-collector1,199

2020-02-02 19:54:28.754000+00:00,leaf4,sg1,,tunl_gre_ma,0/RP0/CPU0,0,tunl_gre_manode0_RP0_CPU0,0,0,obt-collector1,199

2020-02-02 19:54:28.754000+00:00,leaf4,sg1,,bundlemgr_distrib,0/RP0/CPU0,0,bundlemgr_distribnode0_RP0_CPU0,0,0,obt-collector1,60

2020-02-02 19:54:28.754000+00:00,leaf4,sg1,,pim,0/RP0/CPU0,0,pimnode0_RP0_CPU0,0,0,obt-collector1,199

2020-02-02 19:54:28.754000+00:00,leaf4,sg1,,bgp-default,0/RP0/CPU0,41,bgp-defaultnode0_RP0_CPU0,0,0,obt-collector1,60

2020-02-02 19:54:28.754000+00:00,leaf4,sg1,,ipv4_static,0/RP0/CPU0,0,ipv4_staticnode0_RP0_CPU0,0,0,obt-collector1,60

2020-02-02 19:54:38.769000+00:00,leaf4,sg1,,bgp-default,0/RP0/CPU0,41,bgp-defaultnode0_RP0_CPU0,0,0,obt-collector1,60

2020-02-02 19:54:38.769000+00:00,leaf4,sg1,,ipv4_static,0/RP0/CPU0,0,ipv4_staticnode0_RP0_CPU0,0,0,obt-collector1,60

2020-02-02 19:54:38.769000+00:00,leaf4,sg1,,XTC,0/RP0/CPU0,0,XTCnode0_RP0_CPU0,0,0,obt-collector1,180

2020-02-02 19:54:38.769000+00:00,leaf4,sg1,,L2VPN_ATOM,0/RP0/CPU0,0,L2VPN_ATOMnode0_RP0_CPU0,0,0,obt-collector1,120

2020-02-02 19:54:38.769000+00:00,leaf4,sg1,,bundlemgr_distrib,0/RP0/CPU0,0,bundlemgr_distribnode0_RP0_CPU0,0,0,obt-collector1,60

2020-02-02 19:54:38.770000+00:00,leaf4,sg1,,object_tracking,0/RP0/CPU0,0,object_trackingnode0_RP0_CPU0,0,0,obt-collector1,199

2020-02-02 19:54:38.770000+00:00,leaf4,sg1,,pim6,0/RP0/CPU0,0,pim6node0_RP0_CPU0,0,0,obt-collector1,199

2020-02-02 19:54:38.770000+00:00,leaf4,sg1,,tunl_gre_ma,0/RP0/CPU0,0,tunl_gre_manode0_RP0_CPU0,0,0,obt-collector1,199

2020-02-02 19:54:38.770000+00:00,leaf4,sg1,,pim,0/RP0/CPU0,0,pimnode0_RP0_CPU0,0,0,obt-collector1,199

2020-02-02 19:54:48.759000+00:00,leaf4,sg1,,bundlemgr_distrib,0/RP0/CPU0,0,bundlemgr_distribnode0_RP0_CPU0,0,0,obt-collector1,60

2020-02-02 19:54:48.759000+00:00,leaf4,sg1,,ipv4_static,0/RP0/CPU0,0,ipv4_staticnode0_RP0_CPU0,0,0,obt-collector1,60

2020-02-02 19:54:48.759000+00:00,leaf4,sg1,,bgp-default,0/RP0/CPU0,41,bgp-defaultnode0_RP0_CPU0,0,0,obt-collector1,60

2020-02-02 19:54:48.759000+00:00,leaf4,sg1,,L2VPN_ATOM,0/RP0/CPU0,0,L2VPN_ATOMnode0_RP0_CPU0,0,0,obt-collector1,120

2020-02-02 19:54:48.759000+00:00,leaf4,sg1,,XTC,0/RP0/CPU0,0,XTCnode0_RP0_CPU0,0,0,obt-collector1,180

2020-02-02 19:54:48.759000+00:00,leaf4,sg1,,object_tracking,0/RP0/CPU0,0,object_trackingnode0_RP0_CPU0,0,0,obt-collector1,199

2020-02-02 19:54:48.760000+00:00,leaf4,sg1,,pim,0/RP0/CPU0,0,pimnode0_RP0_CPU0,0,0,obt-collector1,199

2020-02-02 19:54:48.760000+00:00,leaf4,sg1,,tunl_gre_ma,0/RP0/CPU0,0,tunl_gre_manode0_RP0_CPU0,0,0,obt-collector1,199

2020-02-02 19:54:48.760000+00:00,leaf4,sg1,,pim6,0/RP0/CPU0,0,pim6node0_RP0_CPU0,0,0,obt-collector1,199

2020-02-02 19:54:58.780000+00:00,leaf4,sg1,,L2VPN_ATOM,0/RP0/CPU0,0,L2VPN_ATOMnode0_RP0_CPU0,0,0,obt-collector1,120

2020-02-02 19:54:58.781000+00:00,leaf4,sg1,,pim6,0/RP0/CPU0,0,pim6node0_RP0_CPU0,0,0,obt-collector1,199

2020-02-02 19:54:58.781000+00:00,leaf4,sg1,,object_tracking,0/RP0/CPU0,0,object_trackingnode0_RP0_CPU0,0,0,obt-collector1,199

2020-02-02 19:54:58.781000+00:00,leaf4,sg1,,XTC,0/RP0/CPU0,0,XTCnode0_RP0_CPU0,0,0,obt-collector1,180

2020-02-02 19:54:58.781000+00:00,leaf4,sg1,,ipv4_static,0/RP0/CPU0,0,ipv4_staticnode0_RP0_CPU0,0,0,obt-collector1,60

2020-02-02 19:54:58.781000+00:00,leaf4,sg1,,bundlemgr_distrib,0/RP0/CPU0,0,bundlemgr_distribnode0_RP0_CPU0,0,0,obt-collector1,60

2020-02-02 19:54:58.781000+00:00,leaf4,sg1,,tunl_gre_ma,0/RP0/CPU0,0,tunl_gre_manode0_RP0_CPU0,0,0,obt-collector1,199

2020-02-02 19:54:58.781000+00:00,leaf4,sg1,,pim,0/RP0/CPU0,0,pimnode0_RP0_CPU0,0,0,obt-collector1,199

2020-02-02 19:54:58.781000+00:00,leaf4,sg1,,bgp-default,0/RP0/CPU0,41,bgp-defaultnode0_RP0_CPU0,0,0,obt-collector1,60

2020-02-02 19:55:08.789000+00:00,leaf4,sg1,,XTC,0/RP0/CPU0,0,XTCnode0_RP0_CPU0,0,0,obt-collector1,180

2020-02-02 19:55:08.789000+00:00,leaf4,sg1,,L2VPN_ATOM,0/RP0/CPU0,0,L2VPN_ATOMnode0_RP0_CPU0,0,0,obt-collector1,120

2020-02-02 19:55:08.789000+00:00,leaf4,sg1,,bgp-default,0/RP0/CPU0,41,bgp-defaultnode0_RP0_CPU0,0,0,obt-collector1,60

2020-02-02 19:55:08.789000+00:00,leaf4,sg1,,object_tracking,0/RP0/CPU0,0,object_trackingnode0_RP0_CPU0,0,0,obt-collector1,199

2020-02-02 19:55:08.789000+00:00,leaf4,sg1,,ipv4_static,0/RP0/CPU0,0,ipv4_staticnode0_RP0_CPU0,0,0,obt-collector1,60

2020-02-02 19:55:08.789000+00:00,leaf4,sg1,,bundlemgr_distrib,0/RP0/CPU0,0,bundlemgr_distribnode0_RP0_CPU0,0,0,obt-collector1,60

2020-02-02 19:55:08.790000+00:00,leaf4,sg1,,pim,0/RP0/CPU0,0,pimnode0_RP0_CPU0,0,0,obt-collector1,199

2020-02-02 19:55:08.790000+00:00,leaf4,sg1,,pim6,0/RP0/CPU0,0,pim6node0_RP0_CPU0,0,0,obt-collector1,199

2020-02-02 19:55:08.790000+00:00,leaf4,sg1,,tunl_gre_ma,0/RP0/CPU0,0,tunl_gre_manode0_RP0_CPU0,0,0,obt-collector1,199

2020-02-02 19:55:18.804000+00:00,leaf4,sg1,,L2VPN_ATOM,0/RP0/CPU0,0,L2VPN_ATOMnode0_RP0_CPU0,0,0,obt-collector1,120

2020-02-02 19:55:18.804000+00:00,leaf4,sg1,,XTC,0/RP0/CPU0,0,XTCnode0_RP0_CPU0,0,0,obt-collector1,180

2020-02-02 19:55:18.805000+00:00,leaf4,sg1,,tunl_gre_ma,0/RP0/CPU0,0,tunl_gre_manode0_RP0_CPU0,0,0,obt-collector1,199

2020-02-02 19:55:18.805000+00:00,leaf4,sg1,,bundlemgr_distrib,0/RP0/CPU0,0,bundlemgr_distribnode0_RP0_CPU0,0,0,obt-collector1,60

2020-02-02 19:55:18.805000+00:00,leaf4,sg1,,ipv4_static,0/RP0/CPU0,0,ipv4_staticnode0_RP0_CPU0,0,0,obt-collector1,60

2020-02-02 19:55:18.805000+00:00,leaf4,sg1,,pim6,0/RP0/CPU0,0,pim6node0_RP0_CPU0,0,0,obt-collector1,199

2020-02-02 19:55:18.805000+00:00,leaf4,sg1,,pim,0/RP0/CPU0,0,pimnode0_RP0_CPU0,0,0,obt-collector1,199

2020-02-02 19:55:18.805000+00:00,leaf4,sg1,,object_tracking,0/RP0/CPU0,0,object_trackingnode0_RP0_CPU0,0,0,obt-collector1,199

2020-02-02 19:55:18.805000+00:00,leaf4,sg1,,bgp-default,0/RP0/CPU0,41,bgp-defaultnode0_RP0_CPU0,0,0,obt-collector1,60

2020-02-02 19:55:28.780000+00:00,leaf4,sg1,,XTC,0/RP0/CPU0,0,XTCnode0_RP0_CPU0,0,0,obt-collector1,180

2020-02-02 19:55:28.780000+00:00,leaf4,sg1,,L2VPN_ATOM,0/RP0/CPU0,0,L2VPN_ATOMnode0_RP0_CPU0,0,0,obt-collector1,120

2020-02-02 19:55:28.781000+00:00,leaf4,sg1,,bgp-default,0/RP0/CPU0,41,bgp-defaultnode0_RP0_CPU0,0,0,obt-collector1,60

2020-02-02 19:55:28.781000+00:00,leaf4,sg1,,object_tracking,0/RP0/CPU0,0,object_trackingnode0_RP0_CPU0,0,0,obt-collector1,199

2020-02-02 19:55:28.781000+00:00,leaf4,sg1,,bundlemgr_distrib,0/RP0/CPU0,0,bundlemgr_distribnode0_RP0_CPU0,0,0,obt-collector1,60

2020-02-02 19:55:28.781000+00:00,leaf4,sg1,,tunl_gre_ma,0/RP0/CPU0,0,tunl_gre_manode0_RP0_CPU0,0,0,obt-collector1,199

2020-02-02 19:55:28.781000+00:00,leaf4,sg1,,pim,0/RP0/CPU0,0,pimnode0_RP0_CPU0,0,0,obt-collector1,199

2020-02-02 19:55:28.781000+00:00,leaf4,sg1,,ipv4_static,0/RP0/CPU0,0,ipv4_staticnode0_RP0_CPU0,0,0,obt-collector1,60

2020-02-02 19:55:28.781000+00:00,leaf4,sg1,,pim6,0/RP0/CPU0,0,pim6node0_RP0_CPU0,0,0,obt-collector1,199

2020-02-02 19:55:38.851000+00:00,leaf4,sg1,,L2VPN_ATOM,0/RP0/CPU0,0,L2VPN_ATOMnode0_RP0_CPU0,0,0,obt-collector1,120

2020-02-02 19:55:38.851000+00:00,leaf4,sg1,,XTC,0/RP0/CPU0,0,XTCnode0_RP0_CPU0,0,0,obt-collector1,180

2020-02-02 19:55:38.852000+00:00,leaf4,sg1,,pim6,0/RP0/CPU0,0,pim6node0_RP0_CPU0,0,0,obt-collector1,199

2020-02-02 19:55:38.852000+00:00,leaf4,sg1,,ipv4_static,0/RP0/CPU0,0,ipv4_staticnode0_RP0_CPU0,0,0,obt-collector1,60

2020-02-02 19:55:38.852000+00:00,leaf4,sg1,,object_tracking,0/RP0/CPU0,0,object_trackingnode0_RP0_CPU0,0,0,obt-collector1,199

2020-02-02 19:55:38.852000+00:00,leaf4,sg1,,bgp-default,0/RP0/CPU0,41,bgp-defaultnode0_RP0_CPU0,0,0,obt-collector1,60

2020-02-02 19:55:38.852000+00:00,leaf4,sg1,,pim,0/RP0/CPU0,0,pimnode0_RP0_CPU0,0,0,obt-collector1,199

2020-02-02 19:55:38.852000+00:00,leaf4,sg1,,bundlemgr_distrib,0/RP0/CPU0,0,bundlemgr_distribnode0_RP0_CPU0,0,0,obt-collector1,60

2020-02-02 19:55:38.852000+00:00,leaf4,sg1,,tunl_gre_ma,0/RP0/CPU0,0,tunl_gre_manode0_RP0_CPU0,0,0,obt-collector1,199

2020-02-02 19:55:48.792000+00:00,leaf4,sg1,,bundlemgr_distrib,0/RP0/CPU0,0,bundlemgr_distribnode0_RP0_CPU0,0,0,obt-collector1,60

2020-02-02 19:55:48.792000+00:00,leaf4,sg1,,ipv4_static,0/RP0/CPU0,0,ipv4_staticnode0_RP0_CPU0,0,0,obt-collector1,60

2020-02-02 19:55:48.792000+00:00,leaf4,sg1,,XTC,0/RP0/CPU0,0,XTCnode0_RP0_CPU0,0,0,obt-collector1,180

2020-02-02 19:55:48.792000+00:00,leaf4,sg1,,L2VPN_ATOM,0/RP0/CPU0,0,L2VPN_ATOMnode0_RP0_CPU0,0,0,obt-collector1,120

2020-02-02 19:55:48.792000+00:00,leaf4,sg1,,pim6,0/RP0/CPU0,0,pim6node0_RP0_CPU0,0,0,obt-collector1,199

2020-02-02 19:55:48.792000+00:00,leaf4,sg1,,pim,0/RP0/CPU0,0,pimnode0_RP0_CPU0,0,0,obt-collector1,199

2020-02-02 19:55:48.792000+00:00,leaf4,sg1,,object_tracking,0/RP0/CPU0,0,object_trackingnode0_RP0_CPU0,0,0,obt-collector1,199

2020-02-02 19:55:48.792000+00:00,leaf4,sg1,,bgp-default,0/RP0/CPU0,41,bgp-defaultnode0_RP0_CPU0,0,0,obt-collector1,60

2020-02-02 19:55:48.793000+00:00,leaf4,sg1,,tunl_gre_ma,0/RP0/CPU0,0,tunl_gre_manode0_RP0_CPU0,0,0,obt-collector1,199

2020-02-02 19:55:58.786000+00:00,leaf4,sg1,,bgp-default,0/RP0/CPU0,41,bgp-defaultnode0_RP0_CPU0,0,0,obt-collector1,60

2020-02-02 19:55:58.786000+00:00,leaf4,sg1,,tunl_gre_ma,0/RP0/CPU0,0,tunl_gre_manode0_RP0_CPU0,0,0,obt-collector1,199

2020-02-02 19:55:58.786000+00:00,leaf4,sg1,,object_tracking,0/RP0/CPU0,0,object_trackingnode0_RP0_CPU0,0,0,obt-collector1,199

2020-02-02 19:55:58.786000+00:00,leaf4,sg1,,XTC,0/RP0/CPU0,0,XTCnode0_RP0_CPU0,0,0,obt-collector1,180

2020-02-02 19:55:58.786000+00:00,leaf4,sg1,,bundlemgr_distrib,0/RP0/CPU0,0,bundlemgr_distribnode0_RP0_CPU0,0,0,obt-collector1,60

2020-02-02 19:55:58.786000+00:00,leaf4,sg1,,ipv4_static,0/RP0/CPU0,0,ipv4_staticnode0_RP0_CPU0,0,0,obt-collector1,60

2020-02-02 19:55:58.786000+00:00,leaf4,sg1,,pim,0/RP0/CPU0,0,pimnode0_RP0_CPU0,0,0,obt-collector1,199

2020-02-02 19:55:58.786000+00:00,leaf4,sg1,,L2VPN_ATOM,0/RP0/CPU0,0,L2VPN_ATOMnode0_RP0_CPU0,0,0,obt-collector1,120

2020-02-02 19:55:58.786000+00:00,leaf4,sg1,,pim6,0/RP0/CPU0,0,pim6node0_RP0_CPU0,0,0,obt-collector1,199

2020-02-02 19:56:08.804000+00:00,leaf4,sg1,,L2VPN_ATOM,0/RP0/CPU0,0,L2VPN_ATOMnode0_RP0_CPU0,0,0,obt-collector1,120

2020-02-02 19:56:08.805000+00:00,leaf4,sg1,,pim6,0/RP0/CPU0,0,pim6node0_RP0_CPU0,0,0,obt-collector1,199

2020-02-02 19:56:08.805000+00:00,leaf4,sg1,,tunl_gre_ma,0/RP0/CPU0,0,tunl_gre_manode0_RP0_CPU0,0,0,obt-collector1,199

2020-02-02 19:56:08.805000+00:00,leaf4,sg1,,XTC,0/RP0/CPU0,0,XTCnode0_RP0_CPU0,0,0,obt-collector1,180

2020-02-02 19:56:08.805000+00:00,leaf4,sg1,,bgp-default,0/RP0/CPU0,41,bgp-defaultnode0_RP0_CPU0,0,0,obt-collector1,60

2020-02-02 19:56:08.805000+00:00,leaf4,sg1,,object_tracking,0/RP0/CPU0,0,object_trackingnode0_RP0_CPU0,0,0,obt-collector1,199

2020-02-02 19:56:08.805000+00:00,leaf4,sg1,,pim,0/RP0/CPU0,0,pimnode0_RP0_CPU0,0,0,obt-collector1,199

2020-02-02 19:56:08.805000+00:00,leaf4,sg1,,bundlemgr_distrib,0/RP0/CPU0,0,bundlemgr_distribnode0_RP0_CPU0,0,0,obt-collector1,60

2020-02-02 19:56:08.805000+00:00,leaf4,sg1,,ipv4_static,0/RP0/CPU0,0,ipv4_staticnode0_RP0_CPU0,0,0,obt-collector1,60

2020-02-02 19:56:18.781000+00:00,leaf4,sg1,,bundlemgr_distrib,0/RP0/CPU0,0,bundlemgr_distribnode0_RP0_CPU0,0,0,obt-collector1,60

2020-02-02 19:56:18.781000+00:00,leaf4,sg1,,ipv4_static,0/RP0/CPU0,0,ipv4_staticnode0_RP0_CPU0,0,0,obt-collector1,60

2020-02-02 19:56:18.781000+00:00,leaf4,sg1,,XTC,0/RP0/CPU0,0,XTCnode0_RP0_CPU0,0,0,obt-collector1,180

2020-02-02 19:56:18.781000+00:00,leaf4,sg1,,L2VPN_ATOM,0/RP0/CPU0,0,L2VPN_ATOMnode0_RP0_CPU0,0,0,obt-collector1,120

2020-02-02 19:56:18.781000+00:00,leaf4,sg1,,bgp-default,0/RP0/CPU0,41,bgp-defaultnode0_RP0_CPU0,0,0,obt-collector1,60

2020-02-02 19:56:18.781000+00:00,leaf4,sg1,,object_tracking,0/RP0/CPU0,0,object_trackingnode0_RP0_CPU0,0,0,obt-collector1,199

2020-02-02 19:56:18.782000+00:00,leaf4,sg1,,pim6,0/RP0/CPU0,0,pim6node0_RP0_CPU0,0,0,obt-collector1,199

2020-02-02 19:56:18.782000+00:00,leaf4,sg1,,tunl_gre_ma,0/RP0/CPU0,0,tunl_gre_manode0_RP0_CPU0,0,0,obt-collector1,199

2020-02-02 19:56:18.782000+00:00,leaf4,sg1,,pim,0/RP0/CPU0,0,pimnode0_RP0_CPU0,0,0,obt-collector1,199

2020-02-02 19:56:28.810000+00:00,leaf4,sg1,,ipv4_static,0/RP0/CPU0,0,ipv4_staticnode0_RP0_CPU0,0,0,obt-collector1,60

2020-02-02 19:56:28.810000+00:00,leaf4,sg1,,bundlemgr_distrib,0/RP0/CPU0,0,bundlemgr_distribnode0_RP0_CPU0,0,0,obt-collector1,60

2020-02-02 19:56:28.810000+00:00,leaf4,sg1,,bgp-default,0/RP0/CPU0,41,bgp-defaultnode0_RP0_CPU0,0,0,obt-collector1,60

2020-02-02 19:56:28.810000+00:00,leaf4,sg1,,L2VPN_ATOM,0/RP0/CPU0,0,L2VPN_ATOMnode0_RP0_CPU0,0,0,obt-collector1,120

2020-02-02 19:56:28.810000+00:00,leaf4,sg1,,XTC,0/RP0/CPU0,0,XTCnode0_RP0_CPU0,0,0,obt-collector1,180

2020-02-02 19:56:28.811000+00:00,leaf4,sg1,,tunl_gre_ma,0/RP0/CPU0,0,tunl_gre_manode0_RP0_CPU0,0,0,obt-collector1,199

2020-02-02 19:56:28.811000+00:00,leaf4,sg1,,object_tracking,0/RP0/CPU0,0,object_trackingnode0_RP0_CPU0,0,0,obt-collector1,199

2020-02-02 19:56:28.811000+00:00,leaf4,sg1,,pim,0/RP0/CPU0,0,pimnode0_RP0_CPU0,0,0,obt-collector1,199

2020-02-02 19:56:28.811000+00:00,leaf4,sg1,,pim6,0/RP0/CPU0,0,pim6node0_RP0_CPU0,0,0,obt-collector1,199

2020-02-02 19:56:38.770000+00:00,leaf4,sg1,,pim,0/RP0/CPU0,0,pimnode0_RP0_CPU0,0,0,obt-collector1,199

2020-02-02 19:56:38.770000+00:00,leaf4,sg1,,pim6,0/RP0/CPU0,0,pim6node0_RP0_CPU0,0,0,obt-collector1,199

2020-02-02 19:56:38.770000+00:00,leaf4,sg1,,L2VPN_ATOM,0/RP0/CPU0,0,L2VPN_ATOMnode0_RP0_CPU0,0,0,obt-collector1,120

2020-02-02 19:56:38.770000+00:00,leaf4,sg1,,ipv4_static,0/RP0/CPU0,0,ipv4_staticnode0_RP0_CPU0,0,0,obt-collector1,60

2020-02-02 19:56:38.770000+00:00,leaf4,sg1,,XTC,0/RP0/CPU0,0,XTCnode0_RP0_CPU0,0,0,obt-collector1,180

2020-02-02 19:56:38.770000+00:00,leaf4,sg1,,object_tracking,0/RP0/CPU0,0,object_trackingnode0_RP0_CPU0,0,0,obt-collector1,199

2020-02-02 19:56:38.770000+00:00,leaf4,sg1,,bgp-default,0/RP0/CPU0,41,bgp-defaultnode0_RP0_CPU0,0,0,obt-collector1,60

2020-02-02 19:56:38.770000+00:00,leaf4,sg1,,bundlemgr_distrib,0/RP0/CPU0,0,bundlemgr_distribnode0_RP0_CPU0,0,0,obt-collector1,60

2020-02-02 19:56:38.771000+00:00,leaf4,sg1,,tunl_gre_ma,0/RP0/CPU0,0,tunl_gre_manode0_RP0_CPU0,0,0,obt-collector1,199

2020-02-02 19:56:48.793000+00:00,leaf4,sg1,,L2VPN_ATOM,0/RP0/CPU0,0,L2VPN_ATOMnode0_RP0_CPU0,0,0,obt-collector1,120

2020-02-02 19:56:48.794000+00:00,leaf4,sg1,,tunl_gre_ma,0/RP0/CPU0,0,tunl_gre_manode0_RP0_CPU0,0,0,obt-collector1,199

2020-02-02 19:56:48.794000+00:00,leaf4,sg1,,bundlemgr_distrib,0/RP0/CPU0,0,bundlemgr_distribnode0_RP0_CPU0,0,0,obt-collector1,60

2020-02-02 19:56:48.794000+00:00,leaf4,sg1,,bgp-default,0/RP0/CPU0,41,bgp-defaultnode0_RP0_CPU0,0,0,obt-collector1,60

2020-02-02 19:56:48.794000+00:00,leaf4,sg1,,pim,0/RP0/CPU0,0,pimnode0_RP0_CPU0,0,0,obt-collector1,199

2020-02-02 19:56:48.794000+00:00,leaf4,sg1,,pim6,0/RP0/CPU0,0,pim6node0_RP0_CPU0,0,0,obt-collector1,199

2020-02-02 19:56:48.794000+00:00,leaf4,sg1,,object_tracking,0/RP0/CPU0,0,object_trackingnode0_RP0_CPU0,0,0,obt-collector1,199

2020-02-02 19:56:48.794000+00:00,leaf4,sg1,,ipv4_static,0/RP0/CPU0,0,ipv4_staticnode0_RP0_CPU0,0,0,obt-collector1,60

2020-02-02 19:56:48.794000+00:00,leaf4,sg1,,XTC,0/RP0/CPU0,0,XTCnode0_RP0_CPU0,0,0,obt-collector1,180

2020-02-02 19:56:58.760000+00:00,leaf4,sg1,,ipv4_static,0/RP0/CPU0,0,ipv4_staticnode0_RP0_CPU0,0,0,obt-collector1,60

2020-02-02 19:56:58.760000+00:00,leaf4,sg1,,XTC,0/RP0/CPU0,0,XTCnode0_RP0_CPU0,0,0,obt-collector1,180

2020-02-02 19:56:58.760000+00:00,leaf4,sg1,,bgp-default,0/RP0/CPU0,41,bgp-defaultnode0_RP0_CPU0,0,0,obt-collector1,60

2020-02-02 19:56:58.760000+00:00,leaf4,sg1,,L2VPN_ATOM,0/RP0/CPU0,0,L2VPN_ATOMnode0_RP0_CPU0,0,0,obt-collector1,120

2020-02-02 19:56:58.760000+00:00,leaf4,sg1,,bundlemgr_distrib,0/RP0/CPU0,0,bundlemgr_distribnode0_RP0_CPU0,0,0,obt-collector1,60

2020-02-02 19:56:58.760000+00:00,leaf4,sg1,,object_tracking,0/RP0/CPU0,0,object_trackingnode0_RP0_CPU0,0,0,obt-collector1,199

2020-02-02 19:56:58.760000+00:00,leaf4,sg1,,pim,0/RP0/CPU0,0,pimnode0_RP0_CPU0,0,0,obt-collector1,199

2020-02-02 19:56:58.760000+00:00,leaf4,sg1,,pim6,0/RP0/CPU0,0,pim6node0_RP0_CPU0,0,0,obt-collector1,199

2020-02-02 19:56:58.761000+00:00,leaf4,sg1,,tunl_gre_ma,0/RP0/CPU0,0,tunl_gre_manode0_RP0_CPU0,0,0,obt-collector1,199

2020-02-02 19:57:08.834000+00:00,leaf4,sg1,,pim6,0/RP0/CPU0,0,pim6node0_RP0_CPU0,0,0,obt-collector1,199

2020-02-02 19:57:08.834000+00:00,leaf4,sg1,,bgp-default,0/RP0/CPU0,41,bgp-defaultnode0_RP0_CPU0,0,0,obt-collector1,60

2020-02-02 19:57:08.834000+00:00,leaf4,sg1,,ipv4_static,0/RP0/CPU0,0,ipv4_staticnode0_RP0_CPU0,0,0,obt-collector1,60

2020-02-02 19:57:08.834000+00:00,leaf4,sg1,,XTC,0/RP0/CPU0,0,XTCnode0_RP0_CPU0,0,0,obt-collector1,180

2020-02-02 19:57:08.834000+00:00,leaf4,sg1,,object_tracking,0/RP0/CPU0,0,object_trackingnode0_RP0_CPU0,0,0,obt-collector1,199

2020-02-02 19:57:08.834000+00:00,leaf4,sg1,,L2VPN_ATOM,0/RP0/CPU0,0,L2VPN_ATOMnode0_RP0_CPU0,0,0,obt-collector1,120

2020-02-02 19:57:08.834000+00:00,leaf4,sg1,,bundlemgr_distrib,0/RP0/CPU0,0,bundlemgr_distribnode0_RP0_CPU0,0,0,obt-collector1,60

2020-02-02 19:57:08.835000+00:00,leaf4,sg1,,tunl_gre_ma,0/RP0/CPU0,0,tunl_gre_manode0_RP0_CPU0,0,0,obt-collector1,199

2020-02-02 19:57:08.835000+00:00,leaf4,sg1,,pim,0/RP0/CPU0,0,pimnode0_RP0_CPU0,0,0,obt-collector1,199

2020-02-02 19:57:18.777000+00:00,leaf4,sg1,,tunl_gre_ma,0/RP0/CPU0,0,tunl_gre_manode0_RP0_CPU0,0,0,obt-collector1,199

2020-02-02 19:57:18.777000+00:00,leaf4,sg1,,pim,0/RP0/CPU0,0,pimnode0_RP0_CPU0,0,0,obt-collector1,199

2020-02-02 19:57:18.777000+00:00,leaf4,sg1,,bundlemgr_distrib,0/RP0/CPU0,0,bundlemgr_distribnode0_RP0_CPU0,0,0,obt-collector1,60

2020-02-02 19:57:18.777000+00:00,leaf4,sg1,,L2VPN_ATOM,0/RP0/CPU0,0,L2VPN_ATOMnode0_RP0_CPU0,0,0,obt-collector1,120

2020-02-02 19:57:18.777000+00:00,leaf4,sg1,,bgp-default,0/RP0/CPU0,41,bgp-defaultnode0_RP0_CPU0,0,0,obt-collector1,60

2020-02-02 19:57:18.777000+00:00,leaf4,sg1,,pim6,0/RP0/CPU0,0,pim6node0_RP0_CPU0,0,0,obt-collector1,199

2020-02-02 19:57:18.777000+00:00,leaf4,sg1,,object_tracking,0/RP0/CPU0,0,object_trackingnode0_RP0_CPU0,0,0,obt-collector1,199

2020-02-02 19:57:18.777000+00:00,leaf4,sg1,,ipv4_static,0/RP0/CPU0,0,ipv4_staticnode0_RP0_CPU0,0,0,obt-collector1,60

2020-02-02 19:57:18.777000+00:00,leaf4,sg1,,XTC,0/RP0/CPU0,0,XTCnode0_RP0_CPU0,0,0,obt-collector1,180

2020-02-02 19:57:28.776000+00:00,leaf4,sg1,,ipv4_static,0/RP0/CPU0,0,ipv4_staticnode0_RP0_CPU0,0,0,obt-collector1,60

2020-02-02 19:57:28.776000+00:00,leaf4,sg1,,XTC,0/RP0/CPU0,0,XTCnode0_RP0_CPU0,0,0,obt-collector1,180

2020-02-02 19:57:28.776000+00:00,leaf4,sg1,,L2VPN_ATOM,0/RP0/CPU0,0,L2VPN_ATOMnode0_RP0_CPU0,0,0,obt-collector1,120

2020-02-02 19:57:28.776000+00:00,leaf4,sg1,,bundlemgr_distrib,0/RP0/CPU0,0,bundlemgr_distribnode0_RP0_CPU0,0,0,obt-collector1,60

2020-02-02 19:57:28.776000+00:00,leaf4,sg1,,object_tracking,0/RP0/CPU0,0,object_trackingnode0_RP0_CPU0,0,0,obt-collector1,199

2020-02-02 19:57:28.776000+00:00,leaf4,sg1,,bgp-default,0/RP0/CPU0,41,bgp-defaultnode0_RP0_CPU0,0,0,obt-collector1,60

2020-02-02 19:57:28.776000+00:00,leaf4,sg1,,pim6,0/RP0/CPU0,0,pim6node0_RP0_CPU0,0,0,obt-collector1,199

2020-02-02 19:57:28.777000+00:00,leaf4,sg1,,tunl_gre_ma,0/RP0/CPU0,0,tunl_gre_manode0_RP0_CPU0,0,0,obt-collector1,199

2020-02-02 19:57:28.777000+00:00,leaf4,sg1,,pim,0/RP0/CPU0,0,pimnode0_RP0_CPU0,0,0,obt-collector1,199

2020-02-02 19:57:38.772000+00:00,leaf4,sg1,,XTC,0/RP0/CPU0,0,XTCnode0_RP0_CPU0,0,0,obt-collector1,180

2020-02-02 19:57:38.772000+00:00,leaf4,sg1,,ipv4_static,0/RP0/CPU0,0,ipv4_staticnode0_RP0_CPU0,0,0,obt-collector1,60

2020-02-02 19:57:38.772000+00:00,leaf4,sg1,,bgp-default,0/RP0/CPU0,41,bgp-defaultnode0_RP0_CPU0,0,0,obt-collector1,60

2020-02-02 19:57:38.772000+00:00,leaf4,sg1,,object_tracking,0/RP0/CPU0,0,object_trackingnode0_RP0_CPU0,0,0,obt-collector1,199

2020-02-02 19:57:38.772000+00:00,leaf4,sg1,,L2VPN_ATOM,0/RP0/CPU0,0,L2VPN_ATOMnode0_RP0_CPU0,0,0,obt-collector1,120

2020-02-02 19:57:38.772000+00:00,leaf4,sg1,,bundlemgr_distrib,0/RP0/CPU0,0,bundlemgr_distribnode0_RP0_CPU0,0,0,obt-collector1,60

2020-02-02 19:57:38.773000+00:00,leaf4,sg1,,tunl_gre_ma,0/RP0/CPU0,0,tunl_gre_manode0_RP0_CPU0,0,0,obt-collector1,199

2020-02-02 19:57:38.773000+00:00,leaf4,sg1,,pim6,0/RP0/CPU0,0,pim6node0_RP0_CPU0,0,0,obt-collector1,199

2020-02-02 19:57:38.773000+00:00,leaf4,sg1,,pim,0/RP0/CPU0,0,pimnode0_RP0_CPU0,0,0,obt-collector1,199

2020-02-02 19:57:48.782000+00:00,leaf4,sg1,,L2VPN_ATOM,0/RP0/CPU0,0,L2VPN_ATOMnode0_RP0_CPU0,0,0,obt-collector1,120

2020-02-02 19:57:48.782000+00:00,leaf4,sg1,,XTC,0/RP0/CPU0,0,XTCnode0_RP0_CPU0,0,0,obt-collector1,180

2020-02-02 19:57:48.782000+00:00,leaf4,sg1,,bundlemgr_distrib,0/RP0/CPU0,0,bundlemgr_distribnode0_RP0_CPU0,0,0,obt-collector1,60

2020-02-02 19:57:48.782000+00:00,leaf4,sg1,,ipv4_static,0/RP0/CPU0,0,ipv4_staticnode0_RP0_CPU0,0,0,obt-collector1,60

2020-02-02 19:57:48.782000+00:00,leaf4,sg1,,bgp-default,0/RP0/CPU0,41,bgp-defaultnode0_RP0_CPU0,0,0,obt-collector1,60

2020-02-02 19:57:48.783000+00:00,leaf4,sg1,,pim6,0/RP0/CPU0,0,pim6node0_RP0_CPU0,0,0,obt-collector1,199

2020-02-02 19:57:48.783000+00:00,leaf4,sg1,,tunl_gre_ma,0/RP0/CPU0,0,tunl_gre_manode0_RP0_CPU0,0,0,obt-collector1,199

2020-02-02 19:57:48.783000+00:00,leaf4,sg1,,pim,0/RP0/CPU0,0,pimnode0_RP0_CPU0,0,0,obt-collector1,199

2020-02-02 19:57:48.783000+00:00,leaf4,sg1,,object_tracking,0/RP0/CPU0,0,object_trackingnode0_RP0_CPU0,0,0,obt-collector1,199

2020-02-02 19:57:58.769000+00:00,leaf4,sg1,,pim,0/RP0/CPU0,0,pimnode0_RP0_CPU0,0,0,obt-collector1,199

2020-02-02 19:57:58.769000+00:00,leaf4,sg1,,object_tracking,0/RP0/CPU0,0,object_trackingnode0_RP0_CPU0,0,0,obt-collector1,199

2020-02-02 19:57:58.769000+00:00,leaf4,sg1,,pim6,0/RP0/CPU0,0,pim6node0_RP0_CPU0,0,0,obt-collector1,199

2020-02-02 19:57:58.769000+00:00,leaf4,sg1,,ipv4_static,0/RP0/CPU0,0,ipv4_staticnode0_RP0_CPU0,0,0,obt-collector1,60

2020-02-02 19:57:58.769000+00:00,leaf4,sg1,,L2VPN_ATOM,0/RP0/CPU0,0,L2VPN_ATOMnode0_RP0_CPU0,0,0,obt-collector1,120

2020-02-02 19:57:58.769000+00:00,leaf4,sg1,,bgp-default,0/RP0/CPU0,41,bgp-defaultnode0_RP0_CPU0,0,0,obt-collector1,60

2020-02-02 19:57:58.769000+00:00,leaf4,sg1,,tunl_gre_ma,0/RP0/CPU0,0,tunl_gre_manode0_RP0_CPU0,0,0,obt-collector1,199

2020-02-02 19:57:58.769000+00:00,leaf4,sg1,,bundlemgr_distrib,0/RP0/CPU0,0,bundlemgr_distribnode0_RP0_CPU0,0,0,obt-collector1,60

2020-02-02 19:57:58.769000+00:00,leaf4,sg1,,XTC,0/RP0/CPU0,0,XTCnode0_RP0_CPU0,0,0,obt-collector1,180

2020-02-02 19:58:08.763000+00:00,leaf4,sg1,,L2VPN_ATOM,0/RP0/CPU0,0,L2VPN_ATOMnode0_RP0_CPU0,0,0,obt-collector1,120

2020-02-02 19:58:08.764000+00:00,leaf4,sg1,,XTC,0/RP0/CPU0,0,XTCnode0_RP0_CPU0,0,0,obt-collector1,180

2020-02-02 19:58:08.764000+00:00,leaf4,sg1,,bundlemgr_distrib,0/RP0/CPU0,0,bundlemgr_distribnode0_RP0_CPU0,0,0,obt-collector1,60

2020-02-02 19:58:08.764000+00:00,leaf4,sg1,,ipv4_static,0/RP0/CPU0,0,ipv4_staticnode0_RP0_CPU0,0,0,obt-collector1,60

2020-02-02 19:58:08.764000+00:00,leaf4,sg1,,pim,0/RP0/CPU0,0,pimnode0_RP0_CPU0,0,0,obt-collector1,199

2020-02-02 19:58:08.764000+00:00,leaf4,sg1,,pim6,0/RP0/CPU0,0,pim6node0_RP0_CPU0,0,0,obt-collector1,199

2020-02-02 19:58:08.764000+00:00,leaf4,sg1,,tunl_gre_ma,0/RP0/CPU0,0,tunl_gre_manode0_RP0_CPU0,0,0,obt-collector1,199

2020-02-02 19:58:08.764000+00:00,leaf4,sg1,,object_tracking,0/RP0/CPU0,0,object_trackingnode0_RP0_CPU0,0,0,obt-collector1,199

2020-02-02 19:58:08.764000+00:00,leaf4,sg1,,bgp-default,0/RP0/CPU0,41,bgp-defaultnode0_RP0_CPU0,0,0,obt-collector1,60

2020-02-02 19:58:18.780000+00:00,leaf4,sg1,,XTC,0/RP0/CPU0,0,XTCnode0_RP0_CPU0,0,0,obt-collector1,180

2020-02-02 19:58:18.780000+00:00,leaf4,sg1,,L2VPN_ATOM,0/RP0/CPU0,0,L2VPN_ATOMnode0_RP0_CPU0,0,0,obt-collector1,120

2020-02-02 19:58:18.780000+00:00,leaf4,sg1,,bgp-default,0/RP0/CPU0,41,bgp-defaultnode0_RP0_CPU0,0,0,obt-collector1,60

2020-02-02 19:58:18.780000+00:00,leaf4,sg1,,bundlemgr_distrib,0/RP0/CPU0,0,bundlemgr_distribnode0_RP0_CPU0,0,0,obt-collector1,60

2020-02-02 19:58:18.781000+00:00,leaf4,sg1,,object_tracking,0/RP0/CPU0,0,object_trackingnode0_RP0_CPU0,0,0,obt-collector1,199

2020-02-02 19:58:18.781000+00:00,leaf4,sg1,,ipv4_static,0/RP0/CPU0,0,ipv4_staticnode0_RP0_CPU0,0,0,obt-collector1,60

2020-02-02 19:58:18.781000+00:00,leaf4,sg1,,tunl_gre_ma,0/RP0/CPU0,0,tunl_gre_manode0_RP0_CPU0,0,0,obt-collector1,199

2020-02-02 19:58:18.781000+00:00,leaf4,sg1,,pim,0/RP0/CPU0,0,pimnode0_RP0_CPU0,0,0,obt-collector1,199

2020-02-02 19:58:18.781000+00:00,leaf4,sg1,,pim6,0/RP0/CPU0,0,pim6node0_RP0_CPU0,0,0,obt-collector1,199

2020-02-02 19:58:28.815000+00:00,leaf4,sg1,,bundlemgr_distrib,0/RP0/CPU0,0,bundlemgr_distribnode0_RP0_CPU0,0,0,obt-collector1,60

2020-02-02 19:58:28.815000+00:00,leaf4,sg1,,bgp-default,0/RP0/CPU0,41,bgp-defaultnode0_RP0_CPU0,0,0,obt-collector1,60

2020-02-02 19:58:28.815000+00:00,leaf4,sg1,,L2VPN_ATOM,0/RP0/CPU0,0,L2VPN_ATOMnode0_RP0_CPU0,0,0,obt-collector1,120

2020-02-02 19:58:28.815000+00:00,leaf4,sg1,,XTC,0/RP0/CPU0,0,XTCnode0_RP0_CPU0,0,0,obt-collector1,180

2020-02-02 19:58:28.816000+00:00,leaf4,sg1,,pim6,0/RP0/CPU0,0,pim6node0_RP0_CPU0,0,0,obt-collector1,199

2020-02-02 19:58:28.816000+00:00,leaf4,sg1,,pim,0/RP0/CPU0,0,pimnode0_RP0_CPU0,0,0,obt-collector1,199

2020-02-02 19:58:28.816000+00:00,leaf4,sg1,,tunl_gre_ma,0/RP0/CPU0,0,tunl_gre_manode0_RP0_CPU0,0,0,obt-collector1,199

2020-02-02 19:58:28.816000+00:00,leaf4,sg1,,object_tracking,0/RP0/CPU0,0,object_trackingnode0_RP0_CPU0,0,0,obt-collector1,199

2020-02-02 19:58:28.816000+00:00,leaf4,sg1,,ipv4_static,0/RP0/CPU0,0,ipv4_staticnode0_RP0_CPU0,0,0,obt-collector1,60

2020-02-02 19:58:38.794000+00:00,leaf4,sg1,,object_tracking,0/RP0/CPU0,0,object_trackingnode0_RP0_CPU0,0,0,obt-collector1,199

2020-02-02 19:58:38.794000+00:00,leaf4,sg1,,ipv4_static,0/RP0/CPU0,0,ipv4_staticnode0_RP0_CPU0,0,0,obt-collector1,60

2020-02-02 19:58:38.794000+00:00,leaf4,sg1,,XTC,0/RP0/CPU0,0,XTCnode0_RP0_CPU0,0,0,obt-collector1,180

2020-02-02 19:58:38.794000+00:00,leaf4,sg1,,L2VPN_ATOM,0/RP0/CPU0,0,L2VPN_ATOMnode0_RP0_CPU0,0,0,obt-collector1,120

2020-02-02 19:58:38.794000+00:00,leaf4,sg1,,bgp-default,0/RP0/CPU0,41,bgp-defaultnode0_RP0_CPU0,0,0,obt-collector1,60

2020-02-02 19:58:38.794000+00:00,leaf4,sg1,,bundlemgr_distrib,0/RP0/CPU0,0,bundlemgr_distribnode0_RP0_CPU0,0,0,obt-collector1,60

2020-02-02 19:58:38.794000+00:00,leaf4,sg1,,tunl_gre_ma,0/RP0/CPU0,0,tunl_gre_manode0_RP0_CPU0,0,0,obt-collector1,199

2020-02-02 19:58:38.794000+00:00,leaf4,sg1,,pim6,0/RP0/CPU0,0,pim6node0_RP0_CPU0,0,0,obt-collector1,199

2020-02-02 19:58:38.794000+00:00,leaf4,sg1,,pim,0/RP0/CPU0,0,pimnode0_RP0_CPU0,0,0,obt-collector1,199

2020-02-02 19:58:48.807000+00:00,leaf4,sg1,,L2VPN_ATOM,0/RP0/CPU0,0,L2VPN_ATOMnode0_RP0_CPU0,0,0,obt-collector1,120

2020-02-02 19:58:48.807000+00:00,leaf4,sg1,,XTC,0/RP0/CPU0,0,XTCnode0_RP0_CPU0,0,0,obt-collector1,180

2020-02-02 19:58:48.807000+00:00,leaf4,sg1,,bgp-default,0/RP0/CPU0,41,bgp-defaultnode0_RP0_CPU0,0,0,obt-collector1,60

2020-02-02 19:58:48.807000+00:00,leaf4,sg1,,bundlemgr_distrib,0/RP0/CPU0,0,bundlemgr_distribnode0_RP0_CPU0,0,0,obt-collector1,60

2020-02-02 19:58:48.808000+00:00,leaf4,sg1,,pim,0/RP0/CPU0,0,pimnode0_RP0_CPU0,0,0,obt-collector1,199

2020-02-02 19:58:48.808000+00:00,leaf4,sg1,,pim6,0/RP0/CPU0,0,pim6node0_RP0_CPU0,0,0,obt-collector1,199

2020-02-02 19:58:48.808000+00:00,leaf4,sg1,,object_tracking,0/RP0/CPU0,0,object_trackingnode0_RP0_CPU0,0,0,obt-collector1,199

2020-02-02 19:58:48.808000+00:00,leaf4,sg1,,ipv4_static,0/RP0/CPU0,0,ipv4_staticnode0_RP0_CPU0,0,0,obt-collector1,60

2020-02-02 19:58:48.808000+00:00,leaf4,sg1,,tunl_gre_ma,0/RP0/CPU0,0,tunl_gre_manode0_RP0_CPU0,0,0,obt-collector1,199

2020-02-02 19:58:58.803000+00:00,leaf4,sg1,,ipv4_static,0/RP0/CPU0,0,ipv4_staticnode0_RP0_CPU0,0,0,obt-collector1,60

2020-02-02 19:58:58.803000+00:00,leaf4,sg1,,tunl_gre_ma,0/RP0/CPU0,0,tunl_gre_manode0_RP0_CPU0,0,0,obt-collector1,199

2020-02-02 19:58:58.803000+00:00,leaf4,sg1,,pim6,0/RP0/CPU0,0,pim6node0_RP0_CPU0,0,0,obt-collector1,199

2020-02-02 19:58:58.803000+00:00,leaf4,sg1,,bundlemgr_distrib,0/RP0/CPU0,0,bundlemgr_distribnode0_RP0_CPU0,0,0,obt-collector1,60

2020-02-02 19:58:58.803000+00:00,leaf4,sg1,,bgp-default,0/RP0/CPU0,41,bgp-defaultnode0_RP0_CPU0,0,0,obt-collector1,60

2020-02-02 19:58:58.803000+00:00,leaf4,sg1,,pim,0/RP0/CPU0,0,pimnode0_RP0_CPU0,0,0,obt-collector1,199

2020-02-02 19:58:58.803000+00:00,leaf4,sg1,,object_tracking,0/RP0/CPU0,0,object_trackingnode0_RP0_CPU0,0,0,obt-collector1,199

2020-02-02 19:58:58.803000+00:00,leaf4,sg1,,XTC,0/RP0/CPU0,0,XTCnode0_RP0_CPU0,0,0,obt-collector1,180

2020-02-02 19:58:58.803000+00:00,leaf4,sg1,,L2VPN_ATOM,0/RP0/CPU0,0,L2VPN_ATOMnode0_RP0_CPU0,0,0,obt-collector1,120

2020-02-02 19:59:08.821000+00:00,leaf4,sg1,,XTC,0/RP0/CPU0,0,XTCnode0_RP0_CPU0,0,0,obt-collector1,180

2020-02-02 19:59:08.821000+00:00,leaf4,sg1,,L2VPN_ATOM,0/RP0/CPU0,0,L2VPN_ATOMnode0_RP0_CPU0,0,0,obt-collector1,120

2020-02-02 19:59:08.821000+00:00,leaf4,sg1,,bundlemgr_distrib,0/RP0/CPU0,0,bundlemgr_distribnode0_RP0_CPU0,0,0,obt-collector1,60

2020-02-02 19:59:08.821000+00:00,leaf4,sg1,,ipv4_static,0/RP0/CPU0,0,ipv4_staticnode0_RP0_CPU0,0,0,obt-collector1,60

2020-02-02 19:59:08.821000+00:00,leaf4,sg1,,pim6,0/RP0/CPU0,0,pim6node0_RP0_CPU0,0,0,obt-collector1,199

2020-02-02 19:59:08.821000+00:00,leaf4,sg1,,object_tracking,0/RP0/CPU0,0,object_trackingnode0_RP0_CPU0,0,0,obt-collector1,199

2020-02-02 19:59:08.821000+00:00,leaf4,sg1,,bgp-default,0/RP0/CPU0,41,bgp-defaultnode0_RP0_CPU0,0,0,obt-collector1,60

2020-02-02 19:59:08.821000+00:00,leaf4,sg1,,pim,0/RP0/CPU0,0,pimnode0_RP0_CPU0,0,0,obt-collector1,199

2020-02-02 19:59:08.822000+00:00,leaf4,sg1,,tunl_gre_ma,0/RP0/CPU0,0,tunl_gre_manode0_RP0_CPU0,0,0,obt-collector1,199

2020-02-02 19:59:18.808000+00:00,leaf4,sg1,,pim,0/RP0/CPU0,0,pimnode0_RP0_CPU0,0,0,obt-collector1,199

2020-02-02 19:59:18.808000+00:00,leaf4,sg1,,bgp-default,0/RP0/CPU0,41,bgp-defaultnode0_RP0_CPU0,0,0,obt-collector1,60

2020-02-02 19:59:18.808000+00:00,leaf4,sg1,,bundlemgr_distrib,0/RP0/CPU0,0,bundlemgr_distribnode0_RP0_CPU0,0,0,obt-collector1,60

2020-02-02 19:59:18.808000+00:00,leaf4,sg1,,XTC,0/RP0/CPU0,0,XTCnode0_RP0_CPU0,0,0,obt-collector1,180

2020-02-02 19:59:18.808000+00:00,leaf4,sg1,,L2VPN_ATOM,0/RP0/CPU0,0,L2VPN_ATOMnode0_RP0_CPU0,0,0,obt-collector1,120

2020-02-02 19:59:18.808000+00:00,leaf4,sg1,,object_tracking,0/RP0/CPU0,0,object_trackingnode0_RP0_CPU0,0,0,obt-collector1,199

2020-02-02 19:59:18.808000+00:00,leaf4,sg1,,ipv4_static,0/RP0/CPU0,0,ipv4_staticnode0_RP0_CPU0,0,0,obt-collector1,60

2020-02-02 19:59:18.808000+00:00,leaf4,sg1,,pim6,0/RP0/CPU0,0,pim6node0_RP0_CPU0,0,0,obt-collector1,199

2020-02-02 19:59:18.809000+00:00,leaf4,sg1,,tunl_gre_ma,0/RP0/CPU0,0,tunl_gre_manode0_RP0_CPU0,0,0,obt-collector1,199

2020-02-02 19:59:28.790000+00:00,leaf4,sg1,,pim6,0/RP0/CPU0,0,pim6node0_RP0_CPU0,0,0,obt-collector1,199

2020-02-02 19:59:28.790000+00:00,leaf4,sg1,,tunl_gre_ma,0/RP0/CPU0,0,tunl_gre_manode0_RP0_CPU0,0,0,obt-collector1,199

2020-02-02 19:59:28.790000+00:00,leaf4,sg1,,ipv4_static,0/RP0/CPU0,0,ipv4_staticnode0_RP0_CPU0,0,0,obt-collector1,60

2020-02-02 19:59:28.790000+00:00,leaf4,sg1,,bundlemgr_distrib,0/RP0/CPU0,0,bundlemgr_distribnode0_RP0_CPU0,0,0,obt-collector1,60

2020-02-02 19:59:28.790000+00:00,leaf4,sg1,,pim,0/RP0/CPU0,0,pimnode0_RP0_CPU0,0,0,obt-collector1,199

2020-02-02 19:59:28.790000+00:00,leaf4,sg1,,bgp-default,0/RP0/CPU0,41,bgp-defaultnode0_RP0_CPU0,0,0,obt-collector1,60

2020-02-02 19:59:28.790000+00:00,leaf4,sg1,,object_tracking,0/RP0/CPU0,0,object_trackingnode0_RP0_CPU0,0,0,obt-collector1,199

2020-02-02 19:59:28.790000+00:00,leaf4,sg1,,XTC,0/RP0/CPU0,0,XTCnode0_RP0_CPU0,0,0,obt-collector1,180

2020-02-02 19:59:28.790000+00:00,leaf4,sg1,,L2VPN_ATOM,0/RP0/CPU0,0,L2VPN_ATOMnode0_RP0_CPU0,0,0,obt-collector1,120

2020-02-02 19:59:38.788000+00:00,leaf4,sg1,,L2VPN_ATOM,0/RP0/CPU0,0,L2VPN_ATOMnode0_RP0_CPU0,0,0,obt-collector1,120

2020-02-02 19:59:38.789000+00:00,leaf4,sg1,,tunl_gre_ma,0/RP0/CPU0,0,tunl_gre_manode0_RP0_CPU0,0,0,obt-collector1,199

2020-02-02 19:59:38.789000+00:00,leaf4,sg1,,XTC,0/RP0/CPU0,0,XTCnode0_RP0_CPU0,0,0,obt-collector1,180

2020-02-02 19:59:38.789000+00:00,leaf4,sg1,,bundlemgr_distrib,0/RP0/CPU0,0,bundlemgr_distribnode0_RP0_CPU0,0,0,obt-collector1,60

2020-02-02 19:59:38.789000+00:00,leaf4,sg1,,pim6,0/RP0/CPU0,0,pim6node0_RP0_CPU0,0,0,obt-collector1,199

2020-02-02 19:59:38.789000+00:00,leaf4,sg1,,ipv4_static,0/RP0/CPU0,0,ipv4_staticnode0_RP0_CPU0,0,0,obt-collector1,60

2020-02-02 19:59:38.789000+00:00,leaf4,sg1,,object_tracking,0/RP0/CPU0,0,object_trackingnode0_RP0_CPU0,0,0,obt-collector1,199

2020-02-02 19:59:38.789000+00:00,leaf4,sg1,,pim,0/RP0/CPU0,0,pimnode0_RP0_CPU0,0,0,obt-collector1,199

2020-02-02 19:59:38.789000+00:00,leaf4,sg1,,bgp-default,0/RP0/CPU0,41,bgp-defaultnode0_RP0_CPU0,0,0,obt-collector1,60

