,Producer,Target,host,session-state/down-count,session-state/total-count,session-state/unknown-count,session-state/up-count

2020-02-06 13:19:48.840000+00:00,spine2,wadjet-t-sg0,obt-collector1,0,29,0,29

2020-02-06 13:19:58.839000+00:00,spine2,wadjet-t-sg0,obt-collector1,0,29,0,29

2020-02-06 13:20:08.841000+00:00,spine2,wadjet-t-sg0,obt-collector1,0,29,0,29

2020-02-06 13:20:18.842000+00:00,spine2,wadjet-t-sg0,obt-collector1,0,29,0,29

2020-02-06 13:20:28.839000+00:00,spine2,wadjet-t-sg0,obt-collector1,0,29,0,29

2020-02-06 13:20:38.841000+00:00,spine2,wadjet-t-sg0,obt-collector1,0,29,0,29

2020-02-06 13:20:48.840000+00:00,spine2,wadjet-t-sg0,obt-collector1,0,29,0,29

2020-02-06 13:20:58.842000+00:00,spine2,wadjet-t-sg0,obt-collector1,0,29,0,29

2020-02-06 13:21:08.839000+00:00,spine2,wadjet-t-sg0,obt-collector1,0,29,0,29

2020-02-06 13:21:18.842000+00:00,spine2,wadjet-t-sg0,obt-collector1,0,29,0,29

2020-02-06 13:21:28.842000+00:00,spine2,wadjet-t-sg0,obt-collector1,0,29,0,29

2020-02-06 13:21:38.840000+00:00,spine2,wadjet-t-sg0,obt-collector1,0,29,0,29

2020-02-06 13:21:48.842000+00:00,spine2,wadjet-t-sg0,obt-collector1,0,29,0,29

2020-02-06 13:21:58.843000+00:00,spine2,wadjet-t-sg0,obt-collector1,0,29,0,29

2020-02-06 13:22:08.844000+00:00,spine2,wadjet-t-sg0,obt-collector1,0,29,0,29

2020-02-06 13:22:18.843000+00:00,spine2,wadjet-t-sg0,obt-collector1,0,29,0,29

2020-02-06 13:22:28.842000+00:00,spine2,wadjet-t-sg0,obt-collector1,0,29,0,29

2020-02-06 13:22:38.843000+00:00,spine2,wadjet-t-sg0,obt-collector1,0,29,0,29

2020-02-06 13:22:48.845000+00:00,spine2,wadjet-t-sg0,obt-collector1,0,29,0,29

2020-02-06 13:22:58.842000+00:00,spine2,wadjet-t-sg0,obt-collector1,0,29,0,29

2020-02-06 13:23:08.845000+00:00,spine2,wadjet-t-sg0,obt-collector1,0,29,0,29

2020-02-06 13:23:18.845000+00:00,spine2,wadjet-t-sg0,obt-collector1,0,29,0,29

2020-02-06 13:23:28.842000+00:00,spine2,wadjet-t-sg0,obt-collector1,0,29,0,29

2020-02-06 13:23:38.843000+00:00,spine2,wadjet-t-sg0,obt-collector1,0,29,0,29

2020-02-06 13:23:48.842000+00:00,spine2,wadjet-t-sg0,obt-collector1,0,29,0,29

2020-02-06 13:23:58.843000+00:00,spine2,wadjet-t-sg0,obt-collector1,0,29,0,29

2020-02-06 13:24:08.843000+00:00,spine2,wadjet-t-sg0,obt-collector1,0,29,0,29

2020-02-06 13:24:18.845000+00:00,spine2,wadjet-t-sg0,obt-collector1,0,29,0,29

2020-02-06 13:24:28.842000+00:00,spine2,wadjet-t-sg0,obt-collector1,0,29,0,29

2020-02-06 13:24:38.845000+00:00,spine2,wadjet-t-sg0,obt-collector1,0,29,0,29

2020-02-06 13:24:48.844000+00:00,spine2,wadjet-t-sg0,obt-collector1,0,29,0,29

2020-02-06 13:24:58.842000+00:00,spine2,wadjet-t-sg0,obt-collector1,0,29,0,29

2020-02-06 13:25:08.866000+00:00,spine2,wadjet-t-sg0,obt-collector1,0,29,0,29

2020-02-06 13:25:18.844000+00:00,spine2,wadjet-t-sg0,obt-collector1,0,29,0,29

2020-02-06 13:25:28.844000+00:00,spine2,wadjet-t-sg0,obt-collector1,0,29,0,29

2020-02-06 13:25:38.846000+00:00,spine2,wadjet-t-sg0,obt-collector1,0,29,0,29

2020-02-06 13:25:48.849000+00:00,spine2,wadjet-t-sg0,obt-collector1,0,29,0,29

2020-02-06 13:25:58.842000+00:00,spine2,wadjet-t-sg0,obt-collector1,0,29,0,29

2020-02-06 13:26:08.848000+00:00,spine2,wadjet-t-sg0,obt-collector1,0,29,0,29

2020-02-06 13:26:18.844000+00:00,spine2,wadjet-t-sg0,obt-collector1,0,29,0,29

2020-02-06 13:26:28.845000+00:00,spine2,wadjet-t-sg0,obt-collector1,0,29,0,29

2020-02-06 13:26:38.845000+00:00,spine2,wadjet-t-sg0,obt-collector1,0,29,0,29

2020-02-06 13:26:48.847000+00:00,spine2,wadjet-t-sg0,obt-collector1,0,29,0,29

2020-02-06 13:26:58.843000+00:00,spine2,wadjet-t-sg0,obt-collector1,0,29,0,29

2020-02-06 13:27:08.845000+00:00,spine2,wadjet-t-sg0,obt-collector1,0,29,0,29

2020-02-06 13:27:18.847000+00:00,spine2,wadjet-t-sg0,obt-collector1,0,29,0,29

2020-02-06 13:27:28.845000+00:00,spine2,wadjet-t-sg0,obt-collector1,0,29,0,29

2020-02-06 13:27:38.849000+00:00,spine2,wadjet-t-sg0,obt-collector1,0,29,0,29

2020-02-06 13:27:48.847000+00:00,spine2,wadjet-t-sg0,obt-collector1,0,29,0,29

2020-02-06 13:27:58.844000+00:00,spine2,wadjet-t-sg0,obt-collector1,0,29,0,29

2020-02-06 13:28:08.862000+00:00,spine2,wadjet-t-sg0,obt-collector1,0,29,0,29

2020-02-06 13:28:18.846000+00:00,spine2,wadjet-t-sg0,obt-collector1,0,29,0,29

2020-02-06 13:28:28.848000+00:00,spine2,wadjet-t-sg0,obt-collector1,0,29,0,29

2020-02-06 13:28:38.847000+00:00,spine2,wadjet-t-sg0,obt-collector1,0,29,0,29

2020-02-06 13:28:48.850000+00:00,spine2,wadjet-t-sg0,obt-collector1,0,29,0,29

2020-02-06 13:28:58.847000+00:00,spine2,wadjet-t-sg0,obt-collector1,0,29,0,29

2020-02-06 13:29:08.850000+00:00,spine2,wadjet-t-sg0,obt-collector1,0,29,0,29

2020-02-06 13:29:18.846000+00:00,spine2,wadjet-t-sg0,obt-collector1,0,29,0,29

2020-02-06 13:29:28.852000+00:00,spine2,wadjet-t-sg0,obt-collector1,0,29,0,29

2020-02-06 13:29:38.849000+00:00,spine2,wadjet-t-sg0,obt-collector1,0,29,0,29

2020-02-06 13:29:48.849000+00:00,spine2,wadjet-t-sg0,obt-collector1,0,29,0,29

2020-02-06 13:29:58.848000+00:00,spine2,wadjet-t-sg0,obt-collector1,0,29,0,29

2020-02-06 13:30:08.849000+00:00,spine2,wadjet-t-sg0,obt-collector1,0,29,0,29

2020-02-06 13:30:18.849000+00:00,spine2,wadjet-t-sg0,obt-collector1,0,29,0,29

2020-02-06 13:30:28.848000+00:00,spine2,wadjet-t-sg0,obt-collector1,0,29,0,29

2020-02-06 13:30:38.849000+00:00,spine2,wadjet-t-sg0,obt-collector1,0,29,0,29

2020-02-06 13:30:48.848000+00:00,spine2,wadjet-t-sg0,obt-collector1,0,29,0,29

2020-02-06 13:30:58.848000+00:00,spine2,wadjet-t-sg0,obt-collector1,0,29,0,29

2020-02-06 13:31:08.847000+00:00,spine2,wadjet-t-sg0,obt-collector1,0,29,0,29

2020-02-06 13:31:18.851000+00:00,spine2,wadjet-t-sg0,obt-collector1,0,29,0,29

2020-02-06 13:31:28.847000+00:00,spine2,wadjet-t-sg0,obt-collector1,0,29,0,29

2020-02-06 13:31:38.849000+00:00,spine2,wadjet-t-sg0,obt-collector1,0,29,0,29

2020-02-06 13:31:48.849000+00:00,spine2,wadjet-t-sg0,obt-collector1,0,29,0,29

2020-02-06 13:31:58.847000+00:00,spine2,wadjet-t-sg0,obt-collector1,0,29,0,29

2020-02-06 13:32:08.849000+00:00,spine2,wadjet-t-sg0,obt-collector1,0,29,0,29

2020-02-06 13:32:18.851000+00:00,spine2,wadjet-t-sg0,obt-collector1,0,29,0,29

2020-02-06 13:32:28.848000+00:00,spine2,wadjet-t-sg0,obt-collector1,0,29,0,29

2020-02-06 13:32:38.849000+00:00,spine2,wadjet-t-sg0,obt-collector1,0,29,0,29

2020-02-06 13:32:48.851000+00:00,spine2,wadjet-t-sg0,obt-collector1,0,29,0,29

2020-02-06 13:32:58.851000+00:00,spine2,wadjet-t-sg0,obt-collector1,0,29,0,29

2020-02-06 13:33:08.852000+00:00,spine2,wadjet-t-sg0,obt-collector1,0,29,0,29

2020-02-06 13:33:18.849000+00:00,spine2,wadjet-t-sg0,obt-collector1,0,29,0,29

2020-02-06 13:33:28.849000+00:00,spine2,wadjet-t-sg0,obt-collector1,0,29,0,29

2020-02-06 13:33:38.852000+00:00,spine2,wadjet-t-sg0,obt-collector1,0,29,0,29

2020-02-06 13:33:48.854000+00:00,spine2,wadjet-t-sg0,obt-collector1,0,29,0,29

2020-02-06 13:33:58.849000+00:00,spine2,wadjet-t-sg0,obt-collector1,0,29,0,29

2020-02-06 13:34:08.854000+00:00,spine2,wadjet-t-sg0,obt-collector1,0,29,0,29

2020-02-06 13:34:18.851000+00:00,spine2,wadjet-t-sg0,obt-collector1,0,29,0,29

2020-02-06 13:34:28.849000+00:00,spine2,wadjet-t-sg0,obt-collector1,0,29,0,29

2020-02-06 13:34:38.855000+00:00,spine2,wadjet-t-sg0,obt-collector1,0,29,0,29

2020-02-06 13:34:48.851000+00:00,spine2,wadjet-t-sg0,obt-collector1,0,29,0,29

2020-02-06 13:34:58.850000+00:00,spine2,wadjet-t-sg0,obt-collector1,0,29,0,29

2020-02-06 13:35:08.853000+00:00,spine2,wadjet-t-sg0,obt-collector1,0,29,0,29

2020-02-06 13:35:18.853000+00:00,spine2,wadjet-t-sg0,obt-collector1,0,29,0,29

2020-02-06 13:35:28.853000+00:00,spine2,wadjet-t-sg0,obt-collector1,0,29,0,29

2020-02-06 13:35:38.854000+00:00,spine2,wadjet-t-sg0,obt-collector1,0,29,0,29

2020-02-06 13:35:48.853000+00:00,spine2,wadjet-t-sg0,obt-collector1,0,29,0,29

2020-02-06 13:35:58.851000+00:00,spine2,wadjet-t-sg0,obt-collector1,0,29,0,29

2020-02-06 13:36:08.855000+00:00,spine2,wadjet-t-sg0,obt-collector1,0,29,0,29

2020-02-06 13:36:18.851000+00:00,spine2,wadjet-t-sg0,obt-collector1,0,29,0,29

2020-02-06 13:36:28.850000+00:00,spine2,wadjet-t-sg0,obt-collector1,0,29,0,29

2020-02-06 13:36:38.854000+00:00,spine2,wadjet-t-sg0,obt-collector1,0,29,0,29

2020-02-06 13:36:48.855000+00:00,spine2,wadjet-t-sg0,obt-collector1,0,29,0,29

2020-02-06 13:36:58.853000+00:00,spine2,wadjet-t-sg0,obt-collector1,0,29,0,29

2020-02-06 13:37:08.853000+00:00,spine2,wadjet-t-sg0,obt-collector1,0,29,0,29

2020-02-06 13:37:18.854000+00:00,spine2,wadjet-t-sg0,obt-collector1,0,29,0,29

2020-02-06 13:37:28.855000+00:00,spine2,wadjet-t-sg0,obt-collector1,0,29,0,29

2020-02-06 13:37:38.854000+00:00,spine2,wadjet-t-sg0,obt-collector1,0,29,0,29

2020-02-06 13:37:48.856000+00:00,spine2,wadjet-t-sg0,obt-collector1,0,29,0,29

2020-02-06 13:37:58.854000+00:00,spine2,wadjet-t-sg0,obt-collector1,0,29,0,29

2020-02-06 13:38:08.854000+00:00,spine2,wadjet-t-sg0,obt-collector1,0,29,0,29

2020-02-06 13:38:18.856000+00:00,spine2,wadjet-t-sg0,obt-collector1,0,29,0,29

2020-02-06 13:38:28.856000+00:00,spine2,wadjet-t-sg0,obt-collector1,0,29,0,29

2020-02-06 13:38:38.856000+00:00,spine2,wadjet-t-sg0,obt-collector1,0,29,0,29

2020-02-06 13:38:48.853000+00:00,spine2,wadjet-t-sg0,obt-collector1,0,29,0,29

2020-02-06 13:38:58.854000+00:00,spine2,wadjet-t-sg0,obt-collector1,0,29,0,29

2020-02-06 13:39:08.855000+00:00,spine2,wadjet-t-sg0,obt-collector1,0,29,0,29

2020-02-06 13:39:18.855000+00:00,spine2,wadjet-t-sg0,obt-collector1,0,29,0,29

2020-02-06 13:39:28.856000+00:00,spine2,wadjet-t-sg0,obt-collector1,0,29,0,29

2020-02-06 13:39:38.854000+00:00,spine2,wadjet-t-sg0,obt-collector1,0,29,0,29

2020-02-06 13:39:48.858000+00:00,spine2,wadjet-t-sg0,obt-collector1,0,29,0,29

2020-02-06 13:39:58.855000+00:00,spine2,wadjet-t-sg0,obt-collector1,0,29,0,29

2020-02-06 13:40:08.857000+00:00,spine2,wadjet-t-sg0,obt-collector1,0,29,0,29

2020-02-06 13:40:18.857000+00:00,spine2,wadjet-t-sg0,obt-collector1,0,29,0,29

