,Producer,Target,address-family,audit-end-time,audit-seq-number,audit-start-time,host,id,init-sync-end-time,init-sync-ready-end-time,init-sync-ready-start-time,init-sync-start-time,init-sync-timer,is-audit-in-progress,is-init-sync-error-local,is-init-sync-in-progress,is-init-sync-second-phase,is-sscb-init-sync-ready,local-instance,local-node,mode,nsr-reset-time,number-of-init-synced-sessions,number-of-sessions,number-of-sessions-init-sync-failed,number-of-synced-sessions-down-stream,number-of-synced-sessions-up-stream,pid,protect-instance,sequence-number-of-init-sync,set-id,sscb,sso-role,total-number-of-init-sync-sessions,well-known-port

2020-02-06 19:32:13.119000+00:00,leaf7,sg0,internetwork,0,0,0,obt-collector1,7f5b54029018,0,0,1578689678,0,0,false,false,false,false,true,1,0/RP0/CPU0,1,0,0,0,0,0,0,6791,1,0,646,140030228205592,1,0,646

2020-02-06 19:32:13.119000+00:00,leaf7,sg0,ip-version6,0,0,0,obt-collector1,7f5b54029288,0,0,1578689678,0,0,false,false,false,false,true,1,0/RP0/CPU0,1,0,0,0,0,0,0,6791,1,0,647,140030228206216,1,0,646

2020-02-06 19:32:16.546000+00:00,leaf7,sg0,internetwork,0,0,0,obt-collector1,7f5b54029018,0,0,1578689678,0,0,false,false,false,false,true,1,0/RP0/CPU0,1,0,0,0,0,0,0,6791,1,0,646,140030228205592,1,0,646

2020-02-06 19:32:16.546000+00:00,leaf7,sg0,ip-version6,0,0,0,obt-collector1,7f5b54029288,0,0,1578689678,0,0,false,false,false,false,true,1,0/RP0/CPU0,1,0,0,0,0,0,0,6791,1,0,647,140030228206216,1,0,646

2020-02-06 19:32:20.183000+00:00,leaf7,sg0,internetwork,0,0,0,obt-collector1,7f5b54029018,0,0,1578689678,0,0,false,false,false,false,true,1,0/RP0/CPU0,1,0,0,0,0,0,0,6791,1,0,646,140030228205592,1,0,646

2020-02-06 19:32:20.183000+00:00,leaf7,sg0,ip-version6,0,0,0,obt-collector1,7f5b54029288,0,0,1578689678,0,0,false,false,false,false,true,1,0/RP0/CPU0,1,0,0,0,0,0,0,6791,1,0,647,140030228206216,1,0,646

2020-02-06 19:32:23.632000+00:00,leaf7,sg0,internetwork,0,0,0,obt-collector1,7f5b54029018,0,0,1578689678,0,0,false,false,false,false,true,1,0/RP0/CPU0,1,0,0,0,0,0,0,6791,1,0,646,140030228205592,1,0,646

2020-02-06 19:32:23.632000+00:00,leaf7,sg0,ip-version6,0,0,0,obt-collector1,7f5b54029288,0,0,1578689678,0,0,false,false,false,false,true,1,0/RP0/CPU0,1,0,0,0,0,0,0,6791,1,0,647,140030228206216,1,0,646

2020-02-06 19:32:58.101000+00:00,leaf7,sg0,internetwork,0,0,0,obt-collector1,7f5b54029018,0,0,1578689678,0,0,false,false,false,false,true,1,0/RP0/CPU0,1,0,0,0,0,0,0,6791,1,0,646,140030228205592,1,0,646

2020-02-06 19:32:58.101000+00:00,leaf7,sg0,ip-version6,0,0,0,obt-collector1,7f5b54029288,0,0,1578689678,0,0,false,false,false,false,true,1,0/RP0/CPU0,1,0,0,0,0,0,0,6791,1,0,647,140030228206216,1,0,646

2020-02-06 19:33:01.517000+00:00,leaf7,sg0,internetwork,0,0,0,obt-collector1,7f5b54029018,0,0,1578689678,0,0,false,false,false,false,true,1,0/RP0/CPU0,1,0,0,0,0,0,0,6791,1,0,646,140030228205592,1,0,646

2020-02-06 19:33:01.517000+00:00,leaf7,sg0,ip-version6,0,0,0,obt-collector1,7f5b54029288,0,0,1578689678,0,0,false,false,false,false,true,1,0/RP0/CPU0,1,0,0,0,0,0,0,6791,1,0,647,140030228206216,1,0,646

2020-02-06 19:33:11.875000+00:00,leaf7,sg0,internetwork,0,0,0,obt-collector1,7f5b54029018,0,0,1578689678,0,0,false,false,false,false,true,1,0/RP0/CPU0,1,0,0,0,0,0,0,6791,1,0,646,140030228205592,1,0,646

2020-02-06 19:33:11.875000+00:00,leaf7,sg0,ip-version6,0,0,0,obt-collector1,7f5b54029288,0,0,1578689678,0,0,false,false,false,false,true,1,0/RP0/CPU0,1,0,0,0,0,0,0,6791,1,0,647,140030228206216,1,0,646

2020-02-06 19:33:39.848000+00:00,leaf7,sg0,internetwork,0,0,0,obt-collector1,7f5b54029018,0,0,1578689678,0,0,false,false,false,false,true,1,0/RP0/CPU0,1,0,0,0,0,0,0,6791,1,0,646,140030228205592,1,0,646

2020-02-06 19:33:39.848000+00:00,leaf7,sg0,ip-version6,0,0,0,obt-collector1,7f5b54029288,0,0,1578689678,0,0,false,false,false,false,true,1,0/RP0/CPU0,1,0,0,0,0,0,0,6791,1,0,647,140030228206216,1,0,646

2020-02-06 19:33:50.111000+00:00,leaf7,sg0,internetwork,0,0,0,obt-collector1,7f5b54029018,0,0,1578689678,0,0,false,false,false,false,true,1,0/RP0/CPU0,1,0,0,0,0,0,0,6791,1,0,646,140030228205592,1,0,646

2020-02-06 19:33:50.111000+00:00,leaf7,sg0,ip-version6,0,0,0,obt-collector1,7f5b54029288,0,0,1578689678,0,0,false,false,false,false,true,1,0/RP0/CPU0,1,0,0,0,0,0,0,6791,1,0,647,140030228206216,1,0,646

2020-02-06 19:33:53.646000+00:00,leaf7,sg0,internetwork,0,0,0,obt-collector1,7f5b54029018,0,0,1578689678,0,0,false,false,false,false,true,1,0/RP0/CPU0,1,0,0,0,0,0,0,6791,1,0,646,140030228205592,1,0,646

2020-02-06 19:33:53.646000+00:00,leaf7,sg0,ip-version6,0,0,0,obt-collector1,7f5b54029288,0,0,1578689678,0,0,false,false,false,false,true,1,0/RP0/CPU0,1,0,0,0,0,0,0,6791,1,0,647,140030228206216,1,0,646

2020-02-06 19:33:57.077000+00:00,leaf7,sg0,internetwork,0,0,0,obt-collector1,7f5b54029018,0,0,1578689678,0,0,false,false,false,false,true,1,0/RP0/CPU0,1,0,0,0,0,0,0,6791,1,0,646,140030228205592,1,0,646

2020-02-06 19:33:57.077000+00:00,leaf7,sg0,ip-version6,0,0,0,obt-collector1,7f5b54029288,0,0,1578689678,0,0,false,false,false,false,true,1,0/RP0/CPU0,1,0,0,0,0,0,0,6791,1,0,647,140030228206216,1,0,646

2020-02-06 19:34:04.039000+00:00,leaf7,sg0,internetwork,0,0,0,obt-collector1,7f5b54029018,0,0,1578689678,0,0,false,false,false,false,true,1,0/RP0/CPU0,1,0,0,0,0,0,0,6791,1,0,646,140030228205592,1,0,646

2020-02-06 19:34:04.039000+00:00,leaf7,sg0,ip-version6,0,0,0,obt-collector1,7f5b54029288,0,0,1578689678,0,0,false,false,false,false,true,1,0/RP0/CPU0,1,0,0,0,0,0,0,6791,1,0,647,140030228206216,1,0,646

2020-02-06 19:34:52.811000+00:00,leaf7,sg0,internetwork,0,0,0,obt-collector1,7f5b54029018,0,0,1578689678,0,0,false,false,false,false,true,1,0/RP0/CPU0,1,0,0,0,0,0,0,6791,1,0,646,140030228205592,1,0,646

2020-02-06 19:34:52.811000+00:00,leaf7,sg0,ip-version6,0,0,0,obt-collector1,7f5b54029288,0,0,1578689678,0,0,false,false,false,false,true,1,0/RP0/CPU0,1,0,0,0,0,0,0,6791,1,0,647,140030228206216,1,0,646

2020-02-06 19:34:56.242000+00:00,leaf7,sg0,internetwork,0,0,0,obt-collector1,7f5b54029018,0,0,1578689678,0,0,false,false,false,false,true,1,0/RP0/CPU0,1,0,0,0,0,0,0,6791,1,0,646,140030228205592,1,0,646

2020-02-06 19:34:56.242000+00:00,leaf7,sg0,ip-version6,0,0,0,obt-collector1,7f5b54029288,0,0,1578689678,0,0,false,false,false,false,true,1,0/RP0/CPU0,1,0,0,0,0,0,0,6791,1,0,647,140030228206216,1,0,646

2020-02-06 19:35:03.124000+00:00,leaf7,sg0,internetwork,0,0,0,obt-collector1,7f5b54029018,0,0,1578689678,0,0,false,false,false,false,true,1,0/RP0/CPU0,1,0,0,0,0,0,0,6791,1,0,646,140030228205592,1,0,646

2020-02-06 19:35:03.124000+00:00,leaf7,sg0,ip-version6,0,0,0,obt-collector1,7f5b54029288,0,0,1578689678,0,0,false,false,false,false,true,1,0/RP0/CPU0,1,0,0,0,0,0,0,6791,1,0,647,140030228206216,1,0,646

2020-02-06 19:35:13.487000+00:00,leaf7,sg0,internetwork,0,0,0,obt-collector1,7f5b54029018,0,0,1578689678,0,0,false,false,false,false,true,1,0/RP0/CPU0,1,0,0,0,0,0,0,6791,1,0,646,140030228205592,1,0,646

2020-02-06 19:35:13.487000+00:00,leaf7,sg0,ip-version6,0,0,0,obt-collector1,7f5b54029288,0,0,1578689678,0,0,false,false,false,false,true,1,0/RP0/CPU0,1,0,0,0,0,0,0,6791,1,0,647,140030228206216,1,0,646

2020-02-06 19:35:20.454000+00:00,leaf7,sg0,internetwork,0,0,0,obt-collector1,7f5b54029018,0,0,1578689678,0,0,false,false,false,false,true,1,0/RP0/CPU0,1,0,0,0,0,0,0,6791,1,0,646,140030228205592,1,0,646

2020-02-06 19:35:20.454000+00:00,leaf7,sg0,ip-version6,0,0,0,obt-collector1,7f5b54029288,0,0,1578689678,0,0,false,false,false,false,true,1,0/RP0/CPU0,1,0,0,0,0,0,0,6791,1,0,647,140030228206216,1,0,646

2020-02-06 19:35:51.588000+00:00,leaf7,sg0,internetwork,0,0,0,obt-collector1,7f5b54029018,0,0,1578689678,0,0,false,false,false,false,true,1,0/RP0/CPU0,1,0,0,0,0,0,0,6791,1,0,646,140030228205592,1,0,646

2020-02-06 19:35:51.588000+00:00,leaf7,sg0,ip-version6,0,0,0,obt-collector1,7f5b54029288,0,0,1578689678,0,0,false,false,false,false,true,1,0/RP0/CPU0,1,0,0,0,0,0,0,6791,1,0,647,140030228206216,1,0,646

2020-02-06 19:35:58.554000+00:00,leaf7,sg0,internetwork,0,0,0,obt-collector1,7f5b54029018,0,0,1578689678,0,0,false,false,false,false,true,1,0/RP0/CPU0,1,0,0,0,0,0,0,6791,1,0,646,140030228205592,1,0,646

2020-02-06 19:35:58.554000+00:00,leaf7,sg0,ip-version6,0,0,0,obt-collector1,7f5b54029288,0,0,1578689678,0,0,false,false,false,false,true,1,0/RP0/CPU0,1,0,0,0,0,0,0,6791,1,0,647,140030228206216,1,0,646

2020-02-06 19:36:53.944000+00:00,leaf7,sg0,internetwork,0,0,0,obt-collector1,7f5b54029018,0,0,1578689678,0,0,false,false,false,false,true,1,0/RP0/CPU0,1,0,0,0,0,0,0,6791,1,0,646,140030228205592,1,0,646

2020-02-06 19:36:53.944000+00:00,leaf7,sg0,ip-version6,0,0,0,obt-collector1,7f5b54029288,0,0,1578689678,0,0,false,false,false,false,true,1,0/RP0/CPU0,1,0,0,0,0,0,0,6791,1,0,647,140030228206216,1,0,646

2020-02-06 19:37:21.684000+00:00,leaf7,sg0,internetwork,0,0,0,obt-collector1,7f5b54029018,0,0,1578689678,0,0,false,false,false,false,true,1,0/RP0/CPU0,1,0,0,0,0,0,0,6791,1,0,646,140030228205592,1,0,646

2020-02-06 19:37:21.684000+00:00,leaf7,sg0,ip-version6,0,0,0,obt-collector1,7f5b54029288,0,0,1578689678,0,0,false,false,false,false,true,1,0/RP0/CPU0,1,0,0,0,0,0,0,6791,1,0,647,140030228206216,1,0,646

2020-02-06 19:37:25.148000+00:00,leaf7,sg0,internetwork,0,0,0,obt-collector1,7f5b54029018,0,0,1578689678,0,0,false,false,false,false,true,1,0/RP0/CPU0,1,0,0,0,0,0,0,6791,1,0,646,140030228205592,1,0,646

2020-02-06 19:37:25.148000+00:00,leaf7,sg0,ip-version6,0,0,0,obt-collector1,7f5b54029288,0,0,1578689678,0,0,false,false,false,false,true,1,0/RP0/CPU0,1,0,0,0,0,0,0,6791,1,0,647,140030228206216,1,0,646

2020-02-06 19:37:35.575000+00:00,leaf7,sg0,internetwork,0,0,0,obt-collector1,7f5b54029018,0,0,1578689678,0,0,false,false,false,false,true,1,0/RP0/CPU0,1,0,0,0,0,0,0,6791,1,0,646,140030228205592,1,0,646

2020-02-06 19:37:35.575000+00:00,leaf7,sg0,ip-version6,0,0,0,obt-collector1,7f5b54029288,0,0,1578689678,0,0,false,false,false,false,true,1,0/RP0/CPU0,1,0,0,0,0,0,0,6791,1,0,647,140030228206216,1,0,646

2020-02-06 19:37:52.802000+00:00,leaf7,sg0,internetwork,0,0,0,obt-collector1,7f5b54029018,0,0,1578689678,0,0,false,false,false,false,true,1,0/RP0/CPU0,1,0,0,0,0,0,0,6791,1,0,646,140030228205592,1,0,646

2020-02-06 19:37:52.802000+00:00,leaf7,sg0,ip-version6,0,0,0,obt-collector1,7f5b54029288,0,0,1578689678,0,0,false,false,false,false,true,1,0/RP0/CPU0,1,0,0,0,0,0,0,6791,1,0,647,140030228206216,1,0,646

2020-02-06 19:38:06.619000+00:00,leaf7,sg0,internetwork,0,0,0,obt-collector1,7f5b54029018,0,0,1578689678,0,0,false,false,false,false,true,1,0/RP0/CPU0,1,0,0,0,0,0,0,6791,1,0,646,140030228205592,1,0,646

2020-02-06 19:38:06.619000+00:00,leaf7,sg0,ip-version6,0,0,0,obt-collector1,7f5b54029288,0,0,1578689678,0,0,false,false,false,false,true,1,0/RP0/CPU0,1,0,0,0,0,0,0,6791,1,0,647,140030228206216,1,0,646

2020-02-06 19:38:27.548000+00:00,leaf7,sg0,internetwork,0,0,0,obt-collector1,7f5b54029018,0,0,1578689678,0,0,false,false,false,false,true,1,0/RP0/CPU0,1,0,0,0,0,0,0,6791,1,0,646,140030228205592,1,0,646

2020-02-06 19:38:27.548000+00:00,leaf7,sg0,ip-version6,0,0,0,obt-collector1,7f5b54029288,0,0,1578689678,0,0,false,false,false,false,true,1,0/RP0/CPU0,1,0,0,0,0,0,0,6791,1,0,647,140030228206216,1,0,646

2020-02-06 19:38:45.181000+00:00,leaf7,sg0,internetwork,0,0,0,obt-collector1,7f5b54029018,0,0,1578689678,0,0,false,false,false,false,true,1,0/RP0/CPU0,1,0,0,0,0,0,0,6791,1,0,646,140030228205592,1,0,646

2020-02-06 19:38:45.181000+00:00,leaf7,sg0,ip-version6,0,0,0,obt-collector1,7f5b54029288,0,0,1578689678,0,0,false,false,false,false,true,1,0/RP0/CPU0,1,0,0,0,0,0,0,6791,1,0,647,140030228206216,1,0,646

2020-02-06 19:38:52.147000+00:00,leaf7,sg0,internetwork,0,0,0,obt-collector1,7f5b54029018,0,0,1578689678,0,0,false,false,false,false,true,1,0/RP0/CPU0,1,0,0,0,0,0,0,6791,1,0,646,140030228205592,1,0,646

2020-02-06 19:38:52.147000+00:00,leaf7,sg0,ip-version6,0,0,0,obt-collector1,7f5b54029288,0,0,1578689678,0,0,false,false,false,false,true,1,0/RP0/CPU0,1,0,0,0,0,0,0,6791,1,0,647,140030228206216,1,0,646

2020-02-06 19:38:59.201000+00:00,leaf7,sg0,internetwork,0,0,0,obt-collector1,7f5b54029018,0,0,1578689678,0,0,false,false,false,false,true,1,0/RP0/CPU0,1,0,0,0,0,0,0,6791,1,0,646,140030228205592,1,0,646

2020-02-06 19:38:59.201000+00:00,leaf7,sg0,ip-version6,0,0,0,obt-collector1,7f5b54029288,0,0,1578689678,0,0,false,false,false,false,true,1,0/RP0/CPU0,1,0,0,0,0,0,0,6791,1,0,647,140030228206216,1,0,646

2020-02-06 19:39:12.979000+00:00,leaf7,sg0,internetwork,0,0,0,obt-collector1,7f5b54029018,0,0,1578689678,0,0,false,false,false,false,true,1,0/RP0/CPU0,1,0,0,0,0,0,0,6791,1,0,646,140030228205592,1,0,646

2020-02-06 19:39:12.979000+00:00,leaf7,sg0,ip-version6,0,0,0,obt-collector1,7f5b54029288,0,0,1578689678,0,0,false,false,false,false,true,1,0/RP0/CPU0,1,0,0,0,0,0,0,6791,1,0,647,140030228206216,1,0,646

2020-02-06 19:39:16.408000+00:00,leaf7,sg0,internetwork,0,0,0,obt-collector1,7f5b54029018,0,0,1578689678,0,0,false,false,false,false,true,1,0/RP0/CPU0,1,0,0,0,0,0,0,6791,1,0,646,140030228205592,1,0,646

2020-02-06 19:39:16.408000+00:00,leaf7,sg0,ip-version6,0,0,0,obt-collector1,7f5b54029288,0,0,1578689678,0,0,false,false,false,false,true,1,0/RP0/CPU0,1,0,0,0,0,0,0,6791,1,0,647,140030228206216,1,0,646

2020-02-06 19:39:26.833000+00:00,leaf7,sg0,internetwork,0,0,0,obt-collector1,7f5b54029018,0,0,1578689678,0,0,false,false,false,false,true,1,0/RP0/CPU0,1,0,0,0,0,0,0,6791,1,0,646,140030228205592,1,0,646

2020-02-06 19:39:26.833000+00:00,leaf7,sg0,ip-version6,0,0,0,obt-collector1,7f5b54029288,0,0,1578689678,0,0,false,false,false,false,true,1,0/RP0/CPU0,1,0,0,0,0,0,0,6791,1,0,647,140030228206216,1,0,646

2020-02-06 19:39:37.096000+00:00,leaf7,sg0,internetwork,0,0,0,obt-collector1,7f5b54029018,0,0,1578689678,0,0,false,false,false,false,true,1,0/RP0/CPU0,1,0,0,0,0,0,0,6791,1,0,646,140030228205592,1,0,646

2020-02-06 19:39:37.096000+00:00,leaf7,sg0,ip-version6,0,0,0,obt-collector1,7f5b54029288,0,0,1578689678,0,0,false,false,false,false,true,1,0/RP0/CPU0,1,0,0,0,0,0,0,6791,1,0,647,140030228206216,1,0,646

2020-02-06 19:40:36.464000+00:00,leaf7,sg0,internetwork,0,0,0,obt-collector1,7f5b54029018,0,0,1578689678,0,0,false,false,false,false,true,1,0/RP0/CPU0,1,0,0,0,0,0,0,6791,1,0,646,140030228205592,1,0,646

2020-02-06 19:40:36.464000+00:00,leaf7,sg0,ip-version6,0,0,0,obt-collector1,7f5b54029288,0,0,1578689678,0,0,false,false,false,false,true,1,0/RP0/CPU0,1,0,0,0,0,0,0,6791,1,0,647,140030228206216,1,0,646

2020-02-06 19:41:10.918000+00:00,leaf7,sg0,internetwork,0,0,0,obt-collector1,7f5b54029018,0,0,1578689678,0,0,false,false,false,false,true,1,0/RP0/CPU0,1,0,0,0,0,0,0,6791,1,0,646,140030228205592,1,0,646

2020-02-06 19:41:10.918000+00:00,leaf7,sg0,ip-version6,0,0,0,obt-collector1,7f5b54029288,0,0,1578689678,0,0,false,false,false,false,true,1,0/RP0/CPU0,1,0,0,0,0,0,0,6791,1,0,647,140030228206216,1,0,646

2020-02-06 19:42:13.277000+00:00,leaf7,sg0,internetwork,0,0,0,obt-collector1,7f5b54029018,0,0,1578689678,0,0,false,false,false,false,true,1,0/RP0/CPU0,1,0,0,0,0,0,0,6791,1,0,646,140030228205592,1,0,646

2020-02-06 19:42:13.277000+00:00,leaf7,sg0,ip-version6,0,0,0,obt-collector1,7f5b54029288,0,0,1578689678,0,0,false,false,false,false,true,1,0/RP0/CPU0,1,0,0,0,0,0,0,6791,1,0,647,140030228206216,1,0,646

2020-02-06 19:42:16.696000+00:00,leaf7,sg0,internetwork,0,0,0,obt-collector1,7f5b54029018,0,0,1578689678,0,0,false,false,false,false,true,1,0/RP0/CPU0,1,0,0,0,0,0,0,6791,1,0,646,140030228205592,1,0,646

2020-02-06 19:42:16.696000+00:00,leaf7,sg0,ip-version6,0,0,0,obt-collector1,7f5b54029288,0,0,1578689678,0,0,false,false,false,false,true,1,0/RP0/CPU0,1,0,0,0,0,0,0,6791,1,0,647,140030228206216,1,0,646

2020-02-06 19:42:20.113000+00:00,leaf7,sg0,internetwork,0,0,0,obt-collector1,7f5b54029018,0,0,1578689678,0,0,false,false,false,false,true,1,0/RP0/CPU0,1,0,0,0,0,0,0,6791,1,0,646,140030228205592,1,0,646

2020-02-06 19:42:20.113000+00:00,leaf7,sg0,ip-version6,0,0,0,obt-collector1,7f5b54029288,0,0,1578689678,0,0,false,false,false,false,true,1,0/RP0/CPU0,1,0,0,0,0,0,0,6791,1,0,647,140030228206216,1,0,646

2020-02-06 19:42:34.071000+00:00,leaf7,sg0,internetwork,0,0,0,obt-collector1,7f5b54029018,0,0,1578689678,0,0,false,false,false,false,true,1,0/RP0/CPU0,1,0,0,0,0,0,0,6791,1,0,646,140030228205592,1,0,646

2020-02-06 19:42:34.071000+00:00,leaf7,sg0,ip-version6,0,0,0,obt-collector1,7f5b54029288,0,0,1578689678,0,0,false,false,false,false,true,1,0/RP0/CPU0,1,0,0,0,0,0,0,6791,1,0,647,140030228206216,1,0,646

2020-02-06 19:42:54.651000+00:00,leaf7,sg0,internetwork,0,0,0,obt-collector1,7f5b54029018,0,0,1578689678,0,0,false,false,false,false,true,1,0/RP0/CPU0,1,0,0,0,0,0,0,6791,1,0,646,140030228205592,1,0,646

2020-02-06 19:42:54.651000+00:00,leaf7,sg0,ip-version6,0,0,0,obt-collector1,7f5b54029288,0,0,1578689678,0,0,false,false,false,false,true,1,0/RP0/CPU0,1,0,0,0,0,0,0,6791,1,0,647,140030228206216,1,0,646

2020-02-06 19:43:01.630000+00:00,leaf7,sg0,internetwork,0,0,0,obt-collector1,7f5b54029018,0,0,1578689678,0,0,false,false,false,false,true,1,0/RP0/CPU0,1,0,0,0,0,0,0,6791,1,0,646,140030228205592,1,0,646

2020-02-06 19:43:01.630000+00:00,leaf7,sg0,ip-version6,0,0,0,obt-collector1,7f5b54029288,0,0,1578689678,0,0,false,false,false,false,true,1,0/RP0/CPU0,1,0,0,0,0,0,0,6791,1,0,647,140030228206216,1,0,646

2020-02-06 19:43:11.877000+00:00,leaf7,sg0,internetwork,0,0,0,obt-collector1,7f5b54029018,0,0,1578689678,0,0,false,false,false,false,true,1,0/RP0/CPU0,1,0,0,0,0,0,0,6791,1,0,646,140030228205592,1,0,646

2020-02-06 19:43:11.877000+00:00,leaf7,sg0,ip-version6,0,0,0,obt-collector1,7f5b54029288,0,0,1578689678,0,0,false,false,false,false,true,1,0/RP0/CPU0,1,0,0,0,0,0,0,6791,1,0,647,140030228206216,1,0,646

2020-02-06 19:43:22.274000+00:00,leaf7,sg0,internetwork,0,0,0,obt-collector1,7f5b54029018,0,0,1578689678,0,0,false,false,false,false,true,1,0/RP0/CPU0,1,0,0,0,0,0,0,6791,1,0,646,140030228205592,1,0,646

2020-02-06 19:43:22.274000+00:00,leaf7,sg0,ip-version6,0,0,0,obt-collector1,7f5b54029288,0,0,1578689678,0,0,false,false,false,false,true,1,0/RP0/CPU0,1,0,0,0,0,0,0,6791,1,0,647,140030228206216,1,0,646

2020-02-06 19:43:29.376000+00:00,leaf7,sg0,internetwork,0,0,0,obt-collector1,7f5b54029018,0,0,1578689678,0,0,false,false,false,false,true,1,0/RP0/CPU0,1,0,0,0,0,0,0,6791,1,0,646,140030228205592,1,0,646

2020-02-06 19:43:29.376000+00:00,leaf7,sg0,ip-version6,0,0,0,obt-collector1,7f5b54029288,0,0,1578689678,0,0,false,false,false,false,true,1,0/RP0/CPU0,1,0,0,0,0,0,0,6791,1,0,647,140030228206216,1,0,646

2020-02-06 19:43:56.909000+00:00,leaf7,sg0,internetwork,0,0,0,obt-collector1,7f5b54029018,0,0,1578689678,0,0,false,false,false,false,true,1,0/RP0/CPU0,1,0,0,0,0,0,0,6791,1,0,646,140030228205592,1,0,646

2020-02-06 19:43:56.909000+00:00,leaf7,sg0,ip-version6,0,0,0,obt-collector1,7f5b54029288,0,0,1578689678,0,0,false,false,false,false,true,1,0/RP0/CPU0,1,0,0,0,0,0,0,6791,1,0,647,140030228206216,1,0,646

2020-02-06 19:44:00.449000+00:00,leaf7,sg0,internetwork,0,0,0,obt-collector1,7f5b54029018,0,0,1578689678,0,0,false,false,false,false,true,1,0/RP0/CPU0,1,0,0,0,0,0,0,6791,1,0,646,140030228205592,1,0,646

2020-02-06 19:44:00.449000+00:00,leaf7,sg0,ip-version6,0,0,0,obt-collector1,7f5b54029288,0,0,1578689678,0,0,false,false,false,false,true,1,0/RP0/CPU0,1,0,0,0,0,0,0,6791,1,0,647,140030228206216,1,0,646

2020-02-06 19:44:03.876000+00:00,leaf7,sg0,internetwork,0,0,0,obt-collector1,7f5b54029018,0,0,1578689678,0,0,false,false,false,false,true,1,0/RP0/CPU0,1,0,0,0,0,0,0,6791,1,0,646,140030228205592,1,0,646

2020-02-06 19:44:03.876000+00:00,leaf7,sg0,ip-version6,0,0,0,obt-collector1,7f5b54029288,0,0,1578689678,0,0,false,false,false,false,true,1,0/RP0/CPU0,1,0,0,0,0,0,0,6791,1,0,647,140030228206216,1,0,646

2020-02-06 19:44:52.536000+00:00,leaf7,sg0,internetwork,0,0,0,obt-collector1,7f5b54029018,0,0,1578689678,0,0,false,false,false,false,true,1,0/RP0/CPU0,1,0,0,0,0,0,0,6791,1,0,646,140030228205592,1,0,646

2020-02-06 19:44:52.536000+00:00,leaf7,sg0,ip-version6,0,0,0,obt-collector1,7f5b54029288,0,0,1578689678,0,0,false,false,false,false,true,1,0/RP0/CPU0,1,0,0,0,0,0,0,6791,1,0,647,140030228206216,1,0,646

2020-02-06 19:45:02.907000+00:00,leaf7,sg0,internetwork,0,0,0,obt-collector1,7f5b54029018,0,0,1578689678,0,0,false,false,false,false,true,1,0/RP0/CPU0,1,0,0,0,0,0,0,6791,1,0,646,140030228205592,1,0,646

2020-02-06 19:45:02.907000+00:00,leaf7,sg0,ip-version6,0,0,0,obt-collector1,7f5b54029288,0,0,1578689678,0,0,false,false,false,false,true,1,0/RP0/CPU0,1,0,0,0,0,0,0,6791,1,0,647,140030228206216,1,0,646

2020-02-06 19:45:06.423000+00:00,leaf7,sg0,internetwork,0,0,0,obt-collector1,7f5b54029018,0,0,1578689678,0,0,false,false,false,false,true,1,0/RP0/CPU0,1,0,0,0,0,0,0,6791,1,0,646,140030228205592,1,0,646

2020-02-06 19:45:06.424000+00:00,leaf7,sg0,ip-version6,0,0,0,obt-collector1,7f5b54029288,0,0,1578689678,0,0,false,false,false,false,true,1,0/RP0/CPU0,1,0,0,0,0,0,0,6791,1,0,647,140030228206216,1,0,646

2020-02-06 19:45:13.348000+00:00,leaf7,sg0,internetwork,0,0,0,obt-collector1,7f5b54029018,0,0,1578689678,0,0,false,false,false,false,true,1,0/RP0/CPU0,1,0,0,0,0,0,0,6791,1,0,646,140030228205592,1,0,646

2020-02-06 19:45:13.348000+00:00,leaf7,sg0,ip-version6,0,0,0,obt-collector1,7f5b54029288,0,0,1578689678,0,0,false,false,false,false,true,1,0/RP0/CPU0,1,0,0,0,0,0,0,6791,1,0,647,140030228206216,1,0,646

