,Producer,Target,frsc,host,index,node-name,protocol-name,queue-id,retry-count,retry-flags,retry-obj-ptr,retry-ts,retry-type

2020-02-06 19:41:36.866000+00:00,leaf7,sg4,0,obt-collector1,0,0/0/CPU0,ipv6,2,0,0,2331873224,0,5

2020-02-06 19:42:01.238000+00:00,leaf7,sg4,0,obt-collector1,0,0/0/CPU0,ipv6,2,1,0,2331873224,0,5

2020-02-06 19:42:29.026000+00:00,leaf7,sg4,0,obt-collector1,0,0/0/CPU0,ipv6,2,3,0,2331873224,0,5

2020-02-06 19:42:42.677000+00:00,leaf7,sg4,0,obt-collector1,0,0/0/CPU0,ipv6,2,4,0,2331873224,0,5

2020-02-06 19:42:46.103000+00:00,leaf7,sg4,0,obt-collector1,0,0/0/CPU0,ipv6,2,4,0,2331873224,0,5

2020-02-06 19:42:56.429000+00:00,leaf7,sg4,0,obt-collector1,0,0/0/CPU0,ipv6,2,5,0,2331873224,0,5

2020-02-06 19:43:03.394000+00:00,leaf7,sg4,0,obt-collector1,0,0/0/CPU0,ipv6,2,5,0,2331873224,0,5

2020-02-06 19:43:17.098000+00:00,leaf7,sg4,0,obt-collector1,0,0/0/CPU0,ipv6,2,6,0,2331873224,0,5

2020-02-06 19:43:58.660000+00:00,leaf7,sg4,0,obt-collector1,0,0/0/CPU0,ipv6,2,9,0,2331873224,0,5

2020-02-06 19:44:40.368000+00:00,leaf7,sg4,0,obt-collector1,0,0/0/CPU0,ipv6,2,12,0,2331873224,0,5

2020-02-06 19:45:11.712000+00:00,leaf7,sg4,0,obt-collector1,0,0/0/CPU0,ipv6,2,14,0,2331873224,0,5

