,Producer,Target,address-family,client-instance,client-name,host,id,is-init-sync-in-progress,is-sscb-init-sync-ready,local-instance,local-node,mode,number-of-sessions,number-of-synced-sessions-down-stream,number-of-synced-sessions-up-stream,pid,protect-instance,set-id,sscb,sso-role,well-known-port

2020-02-06 19:32:13.116000+00:00,leaf7,sg0,internetwork,1,0,obt-collector1,7f5b54029018,false,true,1,0/RP0/CPU0,1,0,0,0,6791,1,646,140030228205592,1,646

2020-02-06 19:32:13.116000+00:00,leaf7,sg0,ip-version6,1,0,obt-collector1,7f5b54029288,false,true,1,0/RP0/CPU0,1,0,0,0,6791,1,647,140030228206216,1,646

2020-02-06 19:32:16.542000+00:00,leaf7,sg0,internetwork,1,0,obt-collector1,7f5b54029018,false,true,1,0/RP0/CPU0,1,0,0,0,6791,1,646,140030228205592,1,646

2020-02-06 19:32:16.542000+00:00,leaf7,sg0,ip-version6,1,0,obt-collector1,7f5b54029288,false,true,1,0/RP0/CPU0,1,0,0,0,6791,1,647,140030228206216,1,646

2020-02-06 19:32:20.180000+00:00,leaf7,sg0,internetwork,1,0,obt-collector1,7f5b54029018,false,true,1,0/RP0/CPU0,1,0,0,0,6791,1,646,140030228205592,1,646

2020-02-06 19:32:20.180000+00:00,leaf7,sg0,ip-version6,1,0,obt-collector1,7f5b54029288,false,true,1,0/RP0/CPU0,1,0,0,0,6791,1,647,140030228206216,1,646

2020-02-06 19:32:23.628000+00:00,leaf7,sg0,internetwork,1,0,obt-collector1,7f5b54029018,false,true,1,0/RP0/CPU0,1,0,0,0,6791,1,646,140030228205592,1,646

2020-02-06 19:32:23.628000+00:00,leaf7,sg0,ip-version6,1,0,obt-collector1,7f5b54029288,false,true,1,0/RP0/CPU0,1,0,0,0,6791,1,647,140030228206216,1,646

2020-02-06 19:32:58.098000+00:00,leaf7,sg0,internetwork,1,0,obt-collector1,7f5b54029018,false,true,1,0/RP0/CPU0,1,0,0,0,6791,1,646,140030228205592,1,646

2020-02-06 19:32:58.098000+00:00,leaf7,sg0,ip-version6,1,0,obt-collector1,7f5b54029288,false,true,1,0/RP0/CPU0,1,0,0,0,6791,1,647,140030228206216,1,646

2020-02-06 19:33:01.514000+00:00,leaf7,sg0,internetwork,1,0,obt-collector1,7f5b54029018,false,true,1,0/RP0/CPU0,1,0,0,0,6791,1,646,140030228205592,1,646

2020-02-06 19:33:01.514000+00:00,leaf7,sg0,ip-version6,1,0,obt-collector1,7f5b54029288,false,true,1,0/RP0/CPU0,1,0,0,0,6791,1,647,140030228206216,1,646

2020-02-06 19:33:11.871000+00:00,leaf7,sg0,internetwork,1,0,obt-collector1,7f5b54029018,false,true,1,0/RP0/CPU0,1,0,0,0,6791,1,646,140030228205592,1,646

2020-02-06 19:33:11.871000+00:00,leaf7,sg0,ip-version6,1,0,obt-collector1,7f5b54029288,false,true,1,0/RP0/CPU0,1,0,0,0,6791,1,647,140030228206216,1,646

2020-02-06 19:33:39.844000+00:00,leaf7,sg0,internetwork,1,0,obt-collector1,7f5b54029018,false,true,1,0/RP0/CPU0,1,0,0,0,6791,1,646,140030228205592,1,646

2020-02-06 19:33:39.844000+00:00,leaf7,sg0,ip-version6,1,0,obt-collector1,7f5b54029288,false,true,1,0/RP0/CPU0,1,0,0,0,6791,1,647,140030228206216,1,646

2020-02-06 19:33:50.106000+00:00,leaf7,sg0,internetwork,1,0,obt-collector1,7f5b54029018,false,true,1,0/RP0/CPU0,1,0,0,0,6791,1,646,140030228205592,1,646

2020-02-06 19:33:50.106000+00:00,leaf7,sg0,ip-version6,1,0,obt-collector1,7f5b54029288,false,true,1,0/RP0/CPU0,1,0,0,0,6791,1,647,140030228206216,1,646

2020-02-06 19:33:53.642000+00:00,leaf7,sg0,internetwork,1,0,obt-collector1,7f5b54029018,false,true,1,0/RP0/CPU0,1,0,0,0,6791,1,646,140030228205592,1,646

2020-02-06 19:33:53.642000+00:00,leaf7,sg0,ip-version6,1,0,obt-collector1,7f5b54029288,false,true,1,0/RP0/CPU0,1,0,0,0,6791,1,647,140030228206216,1,646

2020-02-06 19:33:57.073000+00:00,leaf7,sg0,internetwork,1,0,obt-collector1,7f5b54029018,false,true,1,0/RP0/CPU0,1,0,0,0,6791,1,646,140030228205592,1,646

2020-02-06 19:33:57.073000+00:00,leaf7,sg0,ip-version6,1,0,obt-collector1,7f5b54029288,false,true,1,0/RP0/CPU0,1,0,0,0,6791,1,647,140030228206216,1,646

2020-02-06 19:34:04.035000+00:00,leaf7,sg0,internetwork,1,0,obt-collector1,7f5b54029018,false,true,1,0/RP0/CPU0,1,0,0,0,6791,1,646,140030228205592,1,646

2020-02-06 19:34:04.035000+00:00,leaf7,sg0,ip-version6,1,0,obt-collector1,7f5b54029288,false,true,1,0/RP0/CPU0,1,0,0,0,6791,1,647,140030228206216,1,646

2020-02-06 19:34:52.808000+00:00,leaf7,sg0,internetwork,1,0,obt-collector1,7f5b54029018,false,true,1,0/RP0/CPU0,1,0,0,0,6791,1,646,140030228205592,1,646

2020-02-06 19:34:52.808000+00:00,leaf7,sg0,ip-version6,1,0,obt-collector1,7f5b54029288,false,true,1,0/RP0/CPU0,1,0,0,0,6791,1,647,140030228206216,1,646

2020-02-06 19:35:03.118000+00:00,leaf7,sg0,internetwork,1,0,obt-collector1,7f5b54029018,false,true,1,0/RP0/CPU0,1,0,0,0,6791,1,646,140030228205592,1,646

2020-02-06 19:35:03.118000+00:00,leaf7,sg0,ip-version6,1,0,obt-collector1,7f5b54029288,false,true,1,0/RP0/CPU0,1,0,0,0,6791,1,647,140030228206216,1,646

2020-02-06 19:35:13.483000+00:00,leaf7,sg0,internetwork,1,0,obt-collector1,7f5b54029018,false,true,1,0/RP0/CPU0,1,0,0,0,6791,1,646,140030228205592,1,646

2020-02-06 19:35:13.483000+00:00,leaf7,sg0,ip-version6,1,0,obt-collector1,7f5b54029288,false,true,1,0/RP0/CPU0,1,0,0,0,6791,1,647,140030228206216,1,646

2020-02-06 19:35:20.451000+00:00,leaf7,sg0,internetwork,1,0,obt-collector1,7f5b54029018,false,true,1,0/RP0/CPU0,1,0,0,0,6791,1,646,140030228205592,1,646

2020-02-06 19:35:20.451000+00:00,leaf7,sg0,ip-version6,1,0,obt-collector1,7f5b54029288,false,true,1,0/RP0/CPU0,1,0,0,0,6791,1,647,140030228206216,1,646

2020-02-06 19:35:51.584000+00:00,leaf7,sg0,internetwork,1,0,obt-collector1,7f5b54029018,false,true,1,0/RP0/CPU0,1,0,0,0,6791,1,646,140030228205592,1,646

2020-02-06 19:35:51.584000+00:00,leaf7,sg0,ip-version6,1,0,obt-collector1,7f5b54029288,false,true,1,0/RP0/CPU0,1,0,0,0,6791,1,647,140030228206216,1,646

2020-02-06 19:35:58.547000+00:00,leaf7,sg0,internetwork,1,0,obt-collector1,7f5b54029018,false,true,1,0/RP0/CPU0,1,0,0,0,6791,1,646,140030228205592,1,646

2020-02-06 19:35:58.547000+00:00,leaf7,sg0,ip-version6,1,0,obt-collector1,7f5b54029288,false,true,1,0/RP0/CPU0,1,0,0,0,6791,1,647,140030228206216,1,646

2020-02-06 19:36:33.290000+00:00,leaf7,sg0,internetwork,1,0,obt-collector1,7f5b54029018,false,true,1,0/RP0/CPU0,1,0,0,0,6791,1,646,140030228205592,1,646

2020-02-06 19:36:33.290000+00:00,leaf7,sg0,ip-version6,1,0,obt-collector1,7f5b54029288,false,true,1,0/RP0/CPU0,1,0,0,0,6791,1,647,140030228206216,1,646

2020-02-06 19:36:53.938000+00:00,leaf7,sg0,internetwork,1,0,obt-collector1,7f5b54029018,false,true,1,0/RP0/CPU0,1,0,0,0,6791,1,646,140030228205592,1,646

2020-02-06 19:36:53.938000+00:00,leaf7,sg0,ip-version6,1,0,obt-collector1,7f5b54029288,false,true,1,0/RP0/CPU0,1,0,0,0,6791,1,647,140030228206216,1,646

2020-02-06 19:37:21.680000+00:00,leaf7,sg0,internetwork,1,0,obt-collector1,7f5b54029018,false,true,1,0/RP0/CPU0,1,0,0,0,6791,1,646,140030228205592,1,646

2020-02-06 19:37:21.680000+00:00,leaf7,sg0,ip-version6,1,0,obt-collector1,7f5b54029288,false,true,1,0/RP0/CPU0,1,0,0,0,6791,1,647,140030228206216,1,646

2020-02-06 19:37:25.142000+00:00,leaf7,sg0,internetwork,1,0,obt-collector1,7f5b54029018,false,true,1,0/RP0/CPU0,1,0,0,0,6791,1,646,140030228205592,1,646

2020-02-06 19:37:25.142000+00:00,leaf7,sg0,ip-version6,1,0,obt-collector1,7f5b54029288,false,true,1,0/RP0/CPU0,1,0,0,0,6791,1,647,140030228206216,1,646

2020-02-06 19:37:35.571000+00:00,leaf7,sg0,internetwork,1,0,obt-collector1,7f5b54029018,false,true,1,0/RP0/CPU0,1,0,0,0,6791,1,646,140030228205592,1,646

2020-02-06 19:37:35.571000+00:00,leaf7,sg0,ip-version6,1,0,obt-collector1,7f5b54029288,false,true,1,0/RP0/CPU0,1,0,0,0,6791,1,647,140030228206216,1,646

2020-02-06 19:37:52.797000+00:00,leaf7,sg0,internetwork,1,0,obt-collector1,7f5b54029018,false,true,1,0/RP0/CPU0,1,0,0,0,6791,1,646,140030228205592,1,646

2020-02-06 19:37:52.797000+00:00,leaf7,sg0,ip-version6,1,0,obt-collector1,7f5b54029288,false,true,1,0/RP0/CPU0,1,0,0,0,6791,1,647,140030228206216,1,646

2020-02-06 19:38:06.613000+00:00,leaf7,sg0,internetwork,1,0,obt-collector1,7f5b54029018,false,true,1,0/RP0/CPU0,1,0,0,0,6791,1,646,140030228205592,1,646

2020-02-06 19:38:06.613000+00:00,leaf7,sg0,ip-version6,1,0,obt-collector1,7f5b54029288,false,true,1,0/RP0/CPU0,1,0,0,0,6791,1,647,140030228206216,1,646

2020-02-06 19:38:27.545000+00:00,leaf7,sg0,internetwork,1,0,obt-collector1,7f5b54029018,false,true,1,0/RP0/CPU0,1,0,0,0,6791,1,646,140030228205592,1,646

2020-02-06 19:38:27.545000+00:00,leaf7,sg0,ip-version6,1,0,obt-collector1,7f5b54029288,false,true,1,0/RP0/CPU0,1,0,0,0,6791,1,647,140030228206216,1,646

2020-02-06 19:38:45.175000+00:00,leaf7,sg0,internetwork,1,0,obt-collector1,7f5b54029018,false,true,1,0/RP0/CPU0,1,0,0,0,6791,1,646,140030228205592,1,646

2020-02-06 19:38:45.175000+00:00,leaf7,sg0,ip-version6,1,0,obt-collector1,7f5b54029288,false,true,1,0/RP0/CPU0,1,0,0,0,6791,1,647,140030228206216,1,646

2020-02-06 19:38:52.143000+00:00,leaf7,sg0,internetwork,1,0,obt-collector1,7f5b54029018,false,true,1,0/RP0/CPU0,1,0,0,0,6791,1,646,140030228205592,1,646

2020-02-06 19:38:52.143000+00:00,leaf7,sg0,ip-version6,1,0,obt-collector1,7f5b54029288,false,true,1,0/RP0/CPU0,1,0,0,0,6791,1,647,140030228206216,1,646

2020-02-06 19:38:59.197000+00:00,leaf7,sg0,internetwork,1,0,obt-collector1,7f5b54029018,false,true,1,0/RP0/CPU0,1,0,0,0,6791,1,646,140030228205592,1,646

2020-02-06 19:38:59.197000+00:00,leaf7,sg0,ip-version6,1,0,obt-collector1,7f5b54029288,false,true,1,0/RP0/CPU0,1,0,0,0,6791,1,647,140030228206216,1,646

2020-02-06 19:39:12.975000+00:00,leaf7,sg0,internetwork,1,0,obt-collector1,7f5b54029018,false,true,1,0/RP0/CPU0,1,0,0,0,6791,1,646,140030228205592,1,646

2020-02-06 19:39:12.975000+00:00,leaf7,sg0,ip-version6,1,0,obt-collector1,7f5b54029288,false,true,1,0/RP0/CPU0,1,0,0,0,6791,1,647,140030228206216,1,646

2020-02-06 19:39:16.404000+00:00,leaf7,sg0,internetwork,1,0,obt-collector1,7f5b54029018,false,true,1,0/RP0/CPU0,1,0,0,0,6791,1,646,140030228205592,1,646

2020-02-06 19:39:16.404000+00:00,leaf7,sg0,ip-version6,1,0,obt-collector1,7f5b54029288,false,true,1,0/RP0/CPU0,1,0,0,0,6791,1,647,140030228206216,1,646

2020-02-06 19:39:26.829000+00:00,leaf7,sg0,internetwork,1,0,obt-collector1,7f5b54029018,false,true,1,0/RP0/CPU0,1,0,0,0,6791,1,646,140030228205592,1,646

2020-02-06 19:39:26.829000+00:00,leaf7,sg0,ip-version6,1,0,obt-collector1,7f5b54029288,false,true,1,0/RP0/CPU0,1,0,0,0,6791,1,647,140030228206216,1,646

2020-02-06 19:39:37.092000+00:00,leaf7,sg0,internetwork,1,0,obt-collector1,7f5b54029018,false,true,1,0/RP0/CPU0,1,0,0,0,6791,1,646,140030228205592,1,646

2020-02-06 19:39:37.093000+00:00,leaf7,sg0,ip-version6,1,0,obt-collector1,7f5b54029288,false,true,1,0/RP0/CPU0,1,0,0,0,6791,1,647,140030228206216,1,646

2020-02-06 19:40:36.460000+00:00,leaf7,sg0,internetwork,1,0,obt-collector1,7f5b54029018,false,true,1,0/RP0/CPU0,1,0,0,0,6791,1,646,140030228205592,1,646

2020-02-06 19:40:36.460000+00:00,leaf7,sg0,ip-version6,1,0,obt-collector1,7f5b54029288,false,true,1,0/RP0/CPU0,1,0,0,0,6791,1,647,140030228206216,1,646

2020-02-06 19:41:10.914000+00:00,leaf7,sg0,internetwork,1,0,obt-collector1,7f5b54029018,false,true,1,0/RP0/CPU0,1,0,0,0,6791,1,646,140030228205592,1,646

2020-02-06 19:41:10.914000+00:00,leaf7,sg0,ip-version6,1,0,obt-collector1,7f5b54029288,false,true,1,0/RP0/CPU0,1,0,0,0,6791,1,647,140030228206216,1,646

2020-02-06 19:42:13.274000+00:00,leaf7,sg0,internetwork,1,0,obt-collector1,7f5b54029018,false,true,1,0/RP0/CPU0,1,0,0,0,6791,1,646,140030228205592,1,646

2020-02-06 19:42:13.274000+00:00,leaf7,sg0,ip-version6,1,0,obt-collector1,7f5b54029288,false,true,1,0/RP0/CPU0,1,0,0,0,6791,1,647,140030228206216,1,646

2020-02-06 19:42:16.693000+00:00,leaf7,sg0,internetwork,1,0,obt-collector1,7f5b54029018,false,true,1,0/RP0/CPU0,1,0,0,0,6791,1,646,140030228205592,1,646

2020-02-06 19:42:16.693000+00:00,leaf7,sg0,ip-version6,1,0,obt-collector1,7f5b54029288,false,true,1,0/RP0/CPU0,1,0,0,0,6791,1,647,140030228206216,1,646

2020-02-06 19:42:20.109000+00:00,leaf7,sg0,internetwork,1,0,obt-collector1,7f5b54029018,false,true,1,0/RP0/CPU0,1,0,0,0,6791,1,646,140030228205592,1,646

2020-02-06 19:42:20.109000+00:00,leaf7,sg0,ip-version6,1,0,obt-collector1,7f5b54029288,false,true,1,0/RP0/CPU0,1,0,0,0,6791,1,647,140030228206216,1,646

2020-02-06 19:42:34.067000+00:00,leaf7,sg0,internetwork,1,0,obt-collector1,7f5b54029018,false,true,1,0/RP0/CPU0,1,0,0,0,6791,1,646,140030228205592,1,646

2020-02-06 19:42:34.067000+00:00,leaf7,sg0,ip-version6,1,0,obt-collector1,7f5b54029288,false,true,1,0/RP0/CPU0,1,0,0,0,6791,1,647,140030228206216,1,646

2020-02-06 19:42:54.647000+00:00,leaf7,sg0,internetwork,1,0,obt-collector1,7f5b54029018,false,true,1,0/RP0/CPU0,1,0,0,0,6791,1,646,140030228205592,1,646

2020-02-06 19:42:54.647000+00:00,leaf7,sg0,ip-version6,1,0,obt-collector1,7f5b54029288,false,true,1,0/RP0/CPU0,1,0,0,0,6791,1,647,140030228206216,1,646

2020-02-06 19:43:01.625000+00:00,leaf7,sg0,internetwork,1,0,obt-collector1,7f5b54029018,false,true,1,0/RP0/CPU0,1,0,0,0,6791,1,646,140030228205592,1,646

2020-02-06 19:43:01.625000+00:00,leaf7,sg0,ip-version6,1,0,obt-collector1,7f5b54029288,false,true,1,0/RP0/CPU0,1,0,0,0,6791,1,647,140030228206216,1,646

2020-02-06 19:43:22.271000+00:00,leaf7,sg0,internetwork,1,0,obt-collector1,7f5b54029018,false,true,1,0/RP0/CPU0,1,0,0,0,6791,1,646,140030228205592,1,646

2020-02-06 19:43:22.271000+00:00,leaf7,sg0,ip-version6,1,0,obt-collector1,7f5b54029288,false,true,1,0/RP0/CPU0,1,0,0,0,6791,1,647,140030228206216,1,646

2020-02-06 19:43:29.373000+00:00,leaf7,sg0,internetwork,1,0,obt-collector1,7f5b54029018,false,true,1,0/RP0/CPU0,1,0,0,0,6791,1,646,140030228205592,1,646

2020-02-06 19:43:29.373000+00:00,leaf7,sg0,ip-version6,1,0,obt-collector1,7f5b54029288,false,true,1,0/RP0/CPU0,1,0,0,0,6791,1,647,140030228206216,1,646

2020-02-06 19:43:56.905000+00:00,leaf7,sg0,internetwork,1,0,obt-collector1,7f5b54029018,false,true,1,0/RP0/CPU0,1,0,0,0,6791,1,646,140030228205592,1,646

2020-02-06 19:43:56.905000+00:00,leaf7,sg0,ip-version6,1,0,obt-collector1,7f5b54029288,false,true,1,0/RP0/CPU0,1,0,0,0,6791,1,647,140030228206216,1,646

2020-02-06 19:44:00.445000+00:00,leaf7,sg0,internetwork,1,0,obt-collector1,7f5b54029018,false,true,1,0/RP0/CPU0,1,0,0,0,6791,1,646,140030228205592,1,646

2020-02-06 19:44:00.445000+00:00,leaf7,sg0,ip-version6,1,0,obt-collector1,7f5b54029288,false,true,1,0/RP0/CPU0,1,0,0,0,6791,1,647,140030228206216,1,646

2020-02-06 19:44:03.872000+00:00,leaf7,sg0,internetwork,1,0,obt-collector1,7f5b54029018,false,true,1,0/RP0/CPU0,1,0,0,0,6791,1,646,140030228205592,1,646

2020-02-06 19:44:03.872000+00:00,leaf7,sg0,ip-version6,1,0,obt-collector1,7f5b54029288,false,true,1,0/RP0/CPU0,1,0,0,0,6791,1,647,140030228206216,1,646

2020-02-06 19:44:17.630000+00:00,leaf7,sg0,internetwork,1,0,obt-collector1,7f5b54029018,false,true,1,0/RP0/CPU0,1,0,0,0,6791,1,646,140030228205592,1,646

2020-02-06 19:44:17.630000+00:00,leaf7,sg0,ip-version6,1,0,obt-collector1,7f5b54029288,false,true,1,0/RP0/CPU0,1,0,0,0,6791,1,647,140030228206216,1,646

2020-02-06 19:44:52.532000+00:00,leaf7,sg0,internetwork,1,0,obt-collector1,7f5b54029018,false,true,1,0/RP0/CPU0,1,0,0,0,6791,1,646,140030228205592,1,646

2020-02-06 19:44:52.532000+00:00,leaf7,sg0,ip-version6,1,0,obt-collector1,7f5b54029288,false,true,1,0/RP0/CPU0,1,0,0,0,6791,1,647,140030228206216,1,646

2020-02-06 19:45:02.903000+00:00,leaf7,sg0,internetwork,1,0,obt-collector1,7f5b54029018,false,true,1,0/RP0/CPU0,1,0,0,0,6791,1,646,140030228205592,1,646

2020-02-06 19:45:02.903000+00:00,leaf7,sg0,ip-version6,1,0,obt-collector1,7f5b54029288,false,true,1,0/RP0/CPU0,1,0,0,0,6791,1,647,140030228206216,1,646

2020-02-06 19:45:06.420000+00:00,leaf7,sg0,internetwork,1,0,obt-collector1,7f5b54029018,false,true,1,0/RP0/CPU0,1,0,0,0,6791,1,646,140030228205592,1,646

2020-02-06 19:45:06.420000+00:00,leaf7,sg0,ip-version6,1,0,obt-collector1,7f5b54029288,false,true,1,0/RP0/CPU0,1,0,0,0,6791,1,647,140030228206216,1,646

2020-02-06 19:45:13.344000+00:00,leaf7,sg0,internetwork,1,0,obt-collector1,7f5b54029018,false,true,1,0/RP0/CPU0,1,0,0,0,6791,1,646,140030228205592,1,646

2020-02-06 19:45:13.344000+00:00,leaf7,sg0,ip-version6,1,0,obt-collector1,7f5b54029288,false,true,1,0/RP0/CPU0,1,0,0,0,6791,1,647,140030228206216,1,646

