,Producer,Target,encap-hop-limit/do-propagate,encap-hop-limit/use-default,encap-hop-limit/value,encap-source-address,host,locator-count,node-name,protocol-name,srv6-enabled

2020-02-06 19:32:09.164000+00:00,leaf4,sg4,false,true,0,::,obt-collector1,0,0/0/CPU0,ipv6,false

2020-02-06 19:32:09.169000+00:00,leaf4,sg4,false,true,0,::,obt-collector1,0,0/RP0/CPU0,ipv6,false

2020-02-06 19:32:17.079000+00:00,leaf4,sg4,false,true,0,::,obt-collector1,0,0/0/CPU0,ipv6,false

2020-02-06 19:32:17.083000+00:00,leaf4,sg4,false,true,0,::,obt-collector1,0,0/RP0/CPU0,ipv6,false

2020-02-06 19:32:20.264000+00:00,leaf4,sg4,false,true,0,::,obt-collector1,0,0/0/CPU0,ipv6,false

2020-02-06 19:32:20.269000+00:00,leaf4,sg4,false,true,0,::,obt-collector1,0,0/RP0/CPU0,ipv6,false

2020-02-06 19:32:23.592000+00:00,leaf4,sg4,false,true,0,::,obt-collector1,0,0/0/CPU0,ipv6,false

2020-02-06 19:32:23.597000+00:00,leaf4,sg4,false,true,0,::,obt-collector1,0,0/RP0/CPU0,ipv6,false

2020-02-06 19:32:30.023000+00:00,leaf4,sg4,false,true,0,::,obt-collector1,0,0/0/CPU0,ipv6,false

2020-02-06 19:32:30.028000+00:00,leaf4,sg4,false,true,0,::,obt-collector1,0,0/RP0/CPU0,ipv6,false

2020-02-06 19:32:33.296000+00:00,leaf4,sg4,false,true,0,::,obt-collector1,0,0/0/CPU0,ipv6,false

2020-02-06 19:32:33.301000+00:00,leaf4,sg4,false,true,0,::,obt-collector1,0,0/RP0/CPU0,ipv6,false

2020-02-06 19:32:36.529000+00:00,leaf4,sg4,false,true,0,::,obt-collector1,0,0/0/CPU0,ipv6,false

2020-02-06 19:32:36.534000+00:00,leaf4,sg4,false,true,0,::,obt-collector1,0,0/RP0/CPU0,ipv6,false

2020-02-06 19:32:39.715000+00:00,leaf4,sg4,false,true,0,::,obt-collector1,0,0/0/CPU0,ipv6,false

2020-02-06 19:32:39.720000+00:00,leaf4,sg4,false,true,0,::,obt-collector1,0,0/RP0/CPU0,ipv6,false

2020-02-06 19:32:56.062000+00:00,leaf4,sg4,false,true,0,::,obt-collector1,0,0/0/CPU0,ipv6,false

2020-02-06 19:32:56.067000+00:00,leaf4,sg4,false,true,0,::,obt-collector1,0,0/RP0/CPU0,ipv6,false

2020-02-06 19:33:02.477000+00:00,leaf4,sg4,false,true,0,::,obt-collector1,0,0/0/CPU0,ipv6,false

2020-02-06 19:33:02.482000+00:00,leaf4,sg4,false,true,0,::,obt-collector1,0,0/RP0/CPU0,ipv6,false

2020-02-06 19:33:08.934000+00:00,leaf4,sg4,false,true,0,::,obt-collector1,0,0/0/CPU0,ipv6,false

2020-02-06 19:33:08.939000+00:00,leaf4,sg4,false,true,0,::,obt-collector1,0,0/RP0/CPU0,ipv6,false

2020-02-06 19:33:29.244000+00:00,leaf4,sg4,false,true,0,::,obt-collector1,0,0/0/CPU0,ipv6,false

2020-02-06 19:33:29.249000+00:00,leaf4,sg4,false,true,0,::,obt-collector1,0,0/RP0/CPU0,ipv6,false

2020-02-06 19:33:35.687000+00:00,leaf4,sg4,false,true,0,::,obt-collector1,0,0/0/CPU0,ipv6,false

2020-02-06 19:33:35.692000+00:00,leaf4,sg4,false,true,0,::,obt-collector1,0,0/RP0/CPU0,ipv6,false

2020-02-06 19:33:51.785000+00:00,leaf4,sg4,false,true,0,::,obt-collector1,0,0/0/CPU0,ipv6,false

2020-02-06 19:33:51.790000+00:00,leaf4,sg4,false,true,0,::,obt-collector1,0,0/RP0/CPU0,ipv6,false

2020-02-06 19:34:01.845000+00:00,leaf4,sg4,false,true,0,::,obt-collector1,0,0/0/CPU0,ipv6,false

2020-02-06 19:34:01.850000+00:00,leaf4,sg4,false,true,0,::,obt-collector1,0,0/RP0/CPU0,ipv6,false

2020-02-06 19:34:05.279000+00:00,leaf4,sg4,false,true,0,::,obt-collector1,0,0/0/CPU0,ipv6,false

2020-02-06 19:34:05.284000+00:00,leaf4,sg4,false,true,0,::,obt-collector1,0,0/RP0/CPU0,ipv6,false

2020-02-06 19:34:12.011000+00:00,leaf4,sg4,false,true,0,::,obt-collector1,0,0/0/CPU0,ipv6,false

2020-02-06 19:34:12.015000+00:00,leaf4,sg4,false,true,0,::,obt-collector1,0,0/RP0/CPU0,ipv6,false

2020-02-06 19:34:23.215000+00:00,leaf4,sg4,false,true,0,::,obt-collector1,0,0/0/CPU0,ipv6,false

2020-02-06 19:34:23.220000+00:00,leaf4,sg4,false,true,0,::,obt-collector1,0,0/RP0/CPU0,ipv6,false

2020-02-06 19:34:26.602000+00:00,leaf4,sg4,false,true,0,::,obt-collector1,0,0/0/CPU0,ipv6,false

2020-02-06 19:34:26.607000+00:00,leaf4,sg4,false,true,0,::,obt-collector1,0,0/RP0/CPU0,ipv6,false

2020-02-06 19:34:33.312000+00:00,leaf4,sg4,false,true,0,::,obt-collector1,0,0/0/CPU0,ipv6,false

2020-02-06 19:34:33.316000+00:00,leaf4,sg4,false,true,0,::,obt-collector1,0,0/RP0/CPU0,ipv6,false

2020-02-06 19:34:46.834000+00:00,leaf4,sg4,false,true,0,::,obt-collector1,0,0/0/CPU0,ipv6,false

2020-02-06 19:34:46.839000+00:00,leaf4,sg4,false,true,0,::,obt-collector1,0,0/RP0/CPU0,ipv6,false

2020-02-06 19:34:56.755000+00:00,leaf4,sg4,false,true,0,::,obt-collector1,0,0/0/CPU0,ipv6,false

2020-02-06 19:34:56.759000+00:00,leaf4,sg4,false,true,0,::,obt-collector1,0,0/RP0/CPU0,ipv6,false

2020-02-06 19:35:03.312000+00:00,leaf4,sg4,false,true,0,::,obt-collector1,0,0/0/CPU0,ipv6,false

2020-02-06 19:35:03.316000+00:00,leaf4,sg4,false,true,0,::,obt-collector1,0,0/RP0/CPU0,ipv6,false

2020-02-06 19:35:13.016000+00:00,leaf4,sg4,false,true,0,::,obt-collector1,0,0/0/CPU0,ipv6,false

2020-02-06 19:35:13.021000+00:00,leaf4,sg4,false,true,0,::,obt-collector1,0,0/RP0/CPU0,ipv6,false

2020-02-06 19:35:30.595000+00:00,leaf4,sg4,false,true,0,::,obt-collector1,0,0/0/CPU0,ipv6,false

2020-02-06 19:35:30.600000+00:00,leaf4,sg4,false,true,0,::,obt-collector1,0,0/RP0/CPU0,ipv6,false

2020-02-06 19:35:33.872000+00:00,leaf4,sg4,false,true,0,::,obt-collector1,0,0/0/CPU0,ipv6,false

2020-02-06 19:35:33.877000+00:00,leaf4,sg4,false,true,0,::,obt-collector1,0,0/RP0/CPU0,ipv6,false

2020-02-06 19:36:00.194000+00:00,leaf4,sg4,false,true,0,::,obt-collector1,0,0/0/CPU0,ipv6,false

2020-02-06 19:36:00.199000+00:00,leaf4,sg4,false,true,0,::,obt-collector1,0,0/RP0/CPU0,ipv6,false

2020-02-06 19:36:06.656000+00:00,leaf4,sg4,false,true,0,::,obt-collector1,0,0/0/CPU0,ipv6,false

2020-02-06 19:36:06.661000+00:00,leaf4,sg4,false,true,0,::,obt-collector1,0,0/RP0/CPU0,ipv6,false

2020-02-06 19:36:23.977000+00:00,leaf4,sg4,false,true,0,::,obt-collector1,0,0/0/CPU0,ipv6,false

2020-02-06 19:36:23.981000+00:00,leaf4,sg4,false,true,0,::,obt-collector1,0,0/RP0/CPU0,ipv6,false

2020-02-06 19:36:49.810000+00:00,leaf4,sg4,false,true,0,::,obt-collector1,0,0/0/CPU0,ipv6,false

2020-02-06 19:36:49.815000+00:00,leaf4,sg4,false,true,0,::,obt-collector1,0,0/RP0/CPU0,ipv6,false

2020-02-06 19:36:59.904000+00:00,leaf4,sg4,false,true,0,::,obt-collector1,0,0/0/CPU0,ipv6,false

2020-02-06 19:36:59.908000+00:00,leaf4,sg4,false,true,0,::,obt-collector1,0,0/RP0/CPU0,ipv6,false

2020-02-06 19:37:10.053000+00:00,leaf4,sg4,false,true,0,::,obt-collector1,0,0/0/CPU0,ipv6,false

2020-02-06 19:37:10.058000+00:00,leaf4,sg4,false,true,0,::,obt-collector1,0,0/RP0/CPU0,ipv6,false

2020-02-06 19:37:16.618000+00:00,leaf4,sg4,false,true,0,::,obt-collector1,0,0/0/CPU0,ipv6,false

2020-02-06 19:37:16.623000+00:00,leaf4,sg4,false,true,0,::,obt-collector1,0,0/RP0/CPU0,ipv6,false

2020-02-06 19:38:24.893000+00:00,leaf4,sg4,false,true,0,::,obt-collector1,0,0/0/CPU0,ipv6,false

2020-02-06 19:38:24.898000+00:00,leaf4,sg4,false,true,0,::,obt-collector1,0,0/RP0/CPU0,ipv6,false

2020-02-06 19:38:28.250000+00:00,leaf4,sg4,false,true,0,::,obt-collector1,0,0/0/CPU0,ipv6,false

2020-02-06 19:38:28.255000+00:00,leaf4,sg4,false,true,0,::,obt-collector1,0,0/RP0/CPU0,ipv6,false

2020-02-06 19:38:37.888000+00:00,leaf4,sg4,false,true,0,::,obt-collector1,0,0/0/CPU0,ipv6,false

2020-02-06 19:38:37.893000+00:00,leaf4,sg4,false,true,0,::,obt-collector1,0,0/RP0/CPU0,ipv6,false

2020-02-06 19:38:47.529000+00:00,leaf4,sg4,false,true,0,::,obt-collector1,0,0/0/CPU0,ipv6,false

2020-02-06 19:38:47.534000+00:00,leaf4,sg4,false,true,0,::,obt-collector1,0,0/RP0/CPU0,ipv6,false

2020-02-06 19:39:10.237000+00:00,leaf4,sg4,false,true,0,::,obt-collector1,0,0/0/CPU0,ipv6,false

2020-02-06 19:39:10.241000+00:00,leaf4,sg4,false,true,0,::,obt-collector1,0,0/RP0/CPU0,ipv6,false

2020-02-06 19:39:13.424000+00:00,leaf4,sg4,false,true,0,::,obt-collector1,0,0/0/CPU0,ipv6,false

2020-02-06 19:39:13.429000+00:00,leaf4,sg4,false,true,0,::,obt-collector1,0,0/RP0/CPU0,ipv6,false

2020-02-06 19:39:20.021000+00:00,leaf4,sg4,false,true,0,::,obt-collector1,0,0/0/CPU0,ipv6,false

2020-02-06 19:39:20.026000+00:00,leaf4,sg4,false,true,0,::,obt-collector1,0,0/RP0/CPU0,ipv6,false

2020-02-06 19:39:23.765000+00:00,leaf4,sg4,false,true,0,::,obt-collector1,0,0/0/CPU0,ipv6,false

2020-02-06 19:39:23.770000+00:00,leaf4,sg4,false,true,0,::,obt-collector1,0,0/RP0/CPU0,ipv6,false

2020-02-06 19:39:33.444000+00:00,leaf4,sg4,false,true,0,::,obt-collector1,0,0/0/CPU0,ipv6,false

2020-02-06 19:39:33.449000+00:00,leaf4,sg4,false,true,0,::,obt-collector1,0,0/RP0/CPU0,ipv6,false

2020-02-06 19:39:36.634000+00:00,leaf4,sg4,false,true,0,::,obt-collector1,0,0/0/CPU0,ipv6,false

2020-02-06 19:39:36.639000+00:00,leaf4,sg4,false,true,0,::,obt-collector1,0,0/RP0/CPU0,ipv6,false

2020-02-06 19:39:52.796000+00:00,leaf4,sg4,false,true,0,::,obt-collector1,0,0/0/CPU0,ipv6,false

2020-02-06 19:39:52.801000+00:00,leaf4,sg4,false,true,0,::,obt-collector1,0,0/RP0/CPU0,ipv6,false

2020-02-06 19:40:03.249000+00:00,leaf4,sg4,false,true,0,::,obt-collector1,0,0/0/CPU0,ipv6,false

2020-02-06 19:40:03.254000+00:00,leaf4,sg4,false,true,0,::,obt-collector1,0,0/RP0/CPU0,ipv6,false

2020-02-06 19:40:13.407000+00:00,leaf4,sg4,false,true,0,::,obt-collector1,0,0/0/CPU0,ipv6,false

2020-02-06 19:40:13.412000+00:00,leaf4,sg4,false,true,0,::,obt-collector1,0,0/RP0/CPU0,ipv6,false

2020-02-06 19:40:23.568000+00:00,leaf4,sg4,false,true,0,::,obt-collector1,0,0/0/CPU0,ipv6,false

2020-02-06 19:40:23.573000+00:00,leaf4,sg4,false,true,0,::,obt-collector1,0,0/RP0/CPU0,ipv6,false

2020-02-06 19:40:28.128000+00:00,leaf4,sg4,false,true,0,::,obt-collector1,0,0/0/CPU0,ipv6,false

2020-02-06 19:40:28.135000+00:00,leaf4,sg4,false,true,0,::,obt-collector1,0,0/RP0/CPU0,ipv6,false

2020-02-06 19:40:51.484000+00:00,leaf4,sg4,false,true,0,::,obt-collector1,0,0/0/CPU0,ipv6,false

2020-02-06 19:40:51.488000+00:00,leaf4,sg4,false,true,0,::,obt-collector1,0,0/RP0/CPU0,ipv6,false

2020-02-06 19:40:58.118000+00:00,leaf4,sg4,false,true,0,::,obt-collector1,0,0/0/CPU0,ipv6,false

2020-02-06 19:40:58.122000+00:00,leaf4,sg4,false,true,0,::,obt-collector1,0,0/RP0/CPU0,ipv6,false

2020-02-06 19:41:04.596000+00:00,leaf4,sg4,false,true,0,::,obt-collector1,0,0/0/CPU0,ipv6,false

2020-02-06 19:41:04.601000+00:00,leaf4,sg4,false,true,0,::,obt-collector1,0,0/RP0/CPU0,ipv6,false

2020-02-06 19:41:11.185000+00:00,leaf4,sg4,false,true,0,::,obt-collector1,0,0/0/CPU0,ipv6,false

2020-02-06 19:41:11.189000+00:00,leaf4,sg4,false,true,0,::,obt-collector1,0,0/RP0/CPU0,ipv6,false

2020-02-06 19:41:34.806000+00:00,leaf4,sg4,false,true,0,::,obt-collector1,0,0/0/CPU0,ipv6,false

2020-02-06 19:41:34.811000+00:00,leaf4,sg4,false,true,0,::,obt-collector1,0,0/RP0/CPU0,ipv6,false

2020-02-06 19:41:57.249000+00:00,leaf4,sg4,false,true,0,::,obt-collector1,0,0/0/CPU0,ipv6,false

2020-02-06 19:41:57.254000+00:00,leaf4,sg4,false,true,0,::,obt-collector1,0,0/RP0/CPU0,ipv6,false

2020-02-06 19:42:13.654000+00:00,leaf4,sg4,false,true,0,::,obt-collector1,0,0/0/CPU0,ipv6,false

2020-02-06 19:42:13.659000+00:00,leaf4,sg4,false,true,0,::,obt-collector1,0,0/RP0/CPU0,ipv6,false

2020-02-06 19:42:20.058000+00:00,leaf4,sg4,false,true,0,::,obt-collector1,0,0/0/CPU0,ipv6,false

2020-02-06 19:42:20.063000+00:00,leaf4,sg4,false,true,0,::,obt-collector1,0,0/RP0/CPU0,ipv6,false

2020-02-06 19:42:23.639000+00:00,leaf4,sg4,false,true,0,::,obt-collector1,0,0/0/CPU0,ipv6,false

2020-02-06 19:42:23.643000+00:00,leaf4,sg4,false,true,0,::,obt-collector1,0,0/RP0/CPU0,ipv6,false

2020-02-06 19:42:27.882000+00:00,leaf4,sg4,false,true,0,::,obt-collector1,0,0/0/CPU0,ipv6,false

2020-02-06 19:42:27.886000+00:00,leaf4,sg4,false,true,0,::,obt-collector1,0,0/RP0/CPU0,ipv6,false

2020-02-06 19:42:31.098000+00:00,leaf4,sg4,false,true,0,::,obt-collector1,0,0/0/CPU0,ipv6,false

2020-02-06 19:42:31.103000+00:00,leaf4,sg4,false,true,0,::,obt-collector1,0,0/RP0/CPU0,ipv6,false

2020-02-06 19:42:44.013000+00:00,leaf4,sg4,false,true,0,::,obt-collector1,0,0/0/CPU0,ipv6,false

2020-02-06 19:42:44.018000+00:00,leaf4,sg4,false,true,0,::,obt-collector1,0,0/RP0/CPU0,ipv6,false

2020-02-06 19:42:47.184000+00:00,leaf4,sg4,false,true,0,::,obt-collector1,0,0/0/CPU0,ipv6,false

2020-02-06 19:42:47.188000+00:00,leaf4,sg4,false,true,0,::,obt-collector1,0,0/RP0/CPU0,ipv6,false

2020-02-06 19:43:07.428000+00:00,leaf4,sg4,false,true,0,::,obt-collector1,0,0/0/CPU0,ipv6,false

2020-02-06 19:43:07.432000+00:00,leaf4,sg4,false,true,0,::,obt-collector1,0,0/RP0/CPU0,ipv6,false

2020-02-06 19:43:32.445000+00:00,leaf4,sg4,false,true,0,::,obt-collector1,0,0/0/CPU0,ipv6,false

2020-02-06 19:43:32.450000+00:00,leaf4,sg4,false,true,0,::,obt-collector1,0,0/RP0/CPU0,ipv6,false

2020-02-06 19:43:36.059000+00:00,leaf4,sg4,false,true,0,::,obt-collector1,0,0/0/CPU0,ipv6,false

2020-02-06 19:43:36.065000+00:00,leaf4,sg4,false,true,0,::,obt-collector1,0,0/RP0/CPU0,ipv6,false

2020-02-06 19:43:42.855000+00:00,leaf4,sg4,false,true,0,::,obt-collector1,0,0/0/CPU0,ipv6,false

2020-02-06 19:43:42.859000+00:00,leaf4,sg4,false,true,0,::,obt-collector1,0,0/RP0/CPU0,ipv6,false

2020-02-06 19:43:49.569000+00:00,leaf4,sg4,false,true,0,::,obt-collector1,0,0/0/CPU0,ipv6,false

2020-02-06 19:43:49.574000+00:00,leaf4,sg4,false,true,0,::,obt-collector1,0,0/RP0/CPU0,ipv6,false

2020-02-06 19:43:52.838000+00:00,leaf4,sg4,false,true,0,::,obt-collector1,0,0/0/CPU0,ipv6,false

2020-02-06 19:43:52.843000+00:00,leaf4,sg4,false,true,0,::,obt-collector1,0,0/RP0/CPU0,ipv6,false

2020-02-06 19:43:59.417000+00:00,leaf4,sg4,false,true,0,::,obt-collector1,0,0/0/CPU0,ipv6,false

2020-02-06 19:43:59.422000+00:00,leaf4,sg4,false,true,0,::,obt-collector1,0,0/RP0/CPU0,ipv6,false

2020-02-06 19:44:02.745000+00:00,leaf4,sg4,false,true,0,::,obt-collector1,0,0/0/CPU0,ipv6,false

2020-02-06 19:44:02.751000+00:00,leaf4,sg4,false,true,0,::,obt-collector1,0,0/RP0/CPU0,ipv6,false

2020-02-06 19:44:15.952000+00:00,leaf4,sg4,false,true,0,::,obt-collector1,0,0/0/CPU0,ipv6,false

2020-02-06 19:44:15.957000+00:00,leaf4,sg4,false,true,0,::,obt-collector1,0,0/RP0/CPU0,ipv6,false

2020-02-06 19:44:22.443000+00:00,leaf4,sg4,false,true,0,::,obt-collector1,0,0/0/CPU0,ipv6,false

2020-02-06 19:44:22.448000+00:00,leaf4,sg4,false,true,0,::,obt-collector1,0,0/RP0/CPU0,ipv6,false

2020-02-06 19:44:40.140000+00:00,leaf4,sg4,false,true,0,::,obt-collector1,0,0/0/CPU0,ipv6,false

2020-02-06 19:44:40.145000+00:00,leaf4,sg4,false,true,0,::,obt-collector1,0,0/RP0/CPU0,ipv6,false

2020-02-06 19:44:53.003000+00:00,leaf4,sg4,false,true,0,::,obt-collector1,0,0/0/CPU0,ipv6,false

2020-02-06 19:44:53.008000+00:00,leaf4,sg4,false,true,0,::,obt-collector1,0,0/RP0/CPU0,ipv6,false

2020-02-06 19:44:56.271000+00:00,leaf4,sg4,false,true,0,::,obt-collector1,0,0/0/CPU0,ipv6,false

2020-02-06 19:44:56.275000+00:00,leaf4,sg4,false,true,0,::,obt-collector1,0,0/RP0/CPU0,ipv6,false

2020-02-06 19:45:02.685000+00:00,leaf4,sg4,false,true,0,::,obt-collector1,0,0/0/CPU0,ipv6,false

2020-02-06 19:45:02.689000+00:00,leaf4,sg4,false,true,0,::,obt-collector1,0,0/RP0/CPU0,ipv6,false

2020-02-06 19:45:09.131000+00:00,leaf4,sg4,false,true,0,::,obt-collector1,0,0/0/CPU0,ipv6,false

2020-02-06 19:45:09.135000+00:00,leaf4,sg4,false,true,0,::,obt-collector1,0,0/RP0/CPU0,ipv6,false

2020-02-06 19:45:12.308000+00:00,leaf4,sg4,false,true,0,::,obt-collector1,0,0/0/CPU0,ipv6,false

2020-02-06 19:45:12.312000+00:00,leaf4,sg4,false,true,0,::,obt-collector1,0,0/RP0/CPU0,ipv6,false

