,Producer,Target,clientid,host,insync,proto-id,proto-instance,protocol-names,table-id,updatemode

2020-02-06 19:31:55.293000+00:00,leaf4,sg12,15,obt-collector1,true,2,,static,-536870911,10

2020-02-06 19:31:55.295000+00:00,leaf4,sg12,15,obt-collector1,true,2,,static,-536870912,10

2020-02-06 19:31:55.300000+00:00,leaf4,sg12,18,obt-collector1,true,0,,connected,-536870912,10

2020-02-06 19:32:05.184000+00:00,leaf4,sg12,15,obt-collector1,true,2,,static,-536870911,10

2020-02-06 19:32:05.185000+00:00,leaf4,sg12,15,obt-collector1,true,2,,static,-536870912,10

2020-02-06 19:32:05.190000+00:00,leaf4,sg12,18,obt-collector1,true,0,,connected,-536870912,10

2020-02-06 19:32:08.557000+00:00,leaf4,sg12,15,obt-collector1,true,2,,static,-536870911,10

2020-02-06 19:32:08.558000+00:00,leaf4,sg12,15,obt-collector1,true,2,,static,-536870912,10

2020-02-06 19:32:08.563000+00:00,leaf4,sg12,18,obt-collector1,true,0,,connected,-536870912,10

2020-02-06 19:32:11.862000+00:00,leaf4,sg12,15,obt-collector1,true,2,,static,-536870911,10

2020-02-06 19:32:11.863000+00:00,leaf4,sg12,15,obt-collector1,true,2,,static,-536870912,10

2020-02-06 19:32:11.868000+00:00,leaf4,sg12,18,obt-collector1,true,0,,connected,-536870912,10

2020-02-06 19:32:16.499000+00:00,leaf4,sg12,15,obt-collector1,true,2,,static,-536870911,10

2020-02-06 19:32:16.501000+00:00,leaf4,sg12,15,obt-collector1,true,2,,static,-536870912,10

2020-02-06 19:32:16.505000+00:00,leaf4,sg12,18,obt-collector1,true,0,,connected,-536870912,10

2020-02-06 19:32:19.698000+00:00,leaf4,sg12,15,obt-collector1,true,2,,static,-536870911,10

2020-02-06 19:32:19.699000+00:00,leaf4,sg12,15,obt-collector1,true,2,,static,-536870912,10

2020-02-06 19:32:19.704000+00:00,leaf4,sg12,18,obt-collector1,true,0,,connected,-536870912,10

2020-02-06 19:32:39.149000+00:00,leaf4,sg12,15,obt-collector1,true,2,,static,-536870911,10

2020-02-06 19:32:39.150000+00:00,leaf4,sg12,15,obt-collector1,true,2,,static,-536870912,10

2020-02-06 19:32:39.155000+00:00,leaf4,sg12,18,obt-collector1,true,0,,connected,-536870912,10

2020-02-06 19:32:45.655000+00:00,leaf4,sg12,15,obt-collector1,true,2,,static,-536870911,10

2020-02-06 19:32:45.656000+00:00,leaf4,sg12,15,obt-collector1,true,2,,static,-536870912,10

2020-02-06 19:32:45.661000+00:00,leaf4,sg12,18,obt-collector1,true,0,,connected,-536870912,10

2020-02-06 19:32:48.932000+00:00,leaf4,sg12,15,obt-collector1,true,2,,static,-536870911,10

2020-02-06 19:32:48.934000+00:00,leaf4,sg12,15,obt-collector1,true,2,,static,-536870912,10

2020-02-06 19:32:48.938000+00:00,leaf4,sg12,18,obt-collector1,true,0,,connected,-536870912,10

2020-02-06 19:32:52.127000+00:00,leaf4,sg12,15,obt-collector1,true,2,,static,-536870911,10

2020-02-06 19:32:52.128000+00:00,leaf4,sg12,15,obt-collector1,true,2,,static,-536870912,10

2020-02-06 19:32:52.133000+00:00,leaf4,sg12,18,obt-collector1,true,0,,connected,-536870912,10

2020-02-06 19:32:55.487000+00:00,leaf4,sg12,15,obt-collector1,true,2,,static,-536870911,10

2020-02-06 19:32:55.488000+00:00,leaf4,sg12,15,obt-collector1,true,2,,static,-536870912,10

2020-02-06 19:32:55.493000+00:00,leaf4,sg12,18,obt-collector1,true,0,,connected,-536870912,10

2020-02-06 19:33:01.901000+00:00,leaf4,sg12,15,obt-collector1,true,2,,static,-536870911,10

2020-02-06 19:33:01.902000+00:00,leaf4,sg12,15,obt-collector1,true,2,,static,-536870912,10

2020-02-06 19:33:01.907000+00:00,leaf4,sg12,18,obt-collector1,true,0,,connected,-536870912,10

2020-02-06 19:33:25.471000+00:00,leaf4,sg12,15,obt-collector1,true,2,,static,-536870911,10

2020-02-06 19:33:25.472000+00:00,leaf4,sg12,15,obt-collector1,true,2,,static,-536870912,10

2020-02-06 19:33:25.477000+00:00,leaf4,sg12,18,obt-collector1,true,0,,connected,-536870912,10

2020-02-06 19:33:35.117000+00:00,leaf4,sg12,15,obt-collector1,true,2,,static,-536870911,10

2020-02-06 19:33:35.119000+00:00,leaf4,sg12,15,obt-collector1,true,2,,static,-536870912,10

2020-02-06 19:33:35.123000+00:00,leaf4,sg12,18,obt-collector1,true,0,,connected,-536870912,10

2020-02-06 19:33:41.640000+00:00,leaf4,sg12,15,obt-collector1,true,2,,static,-536870911,10

2020-02-06 19:33:41.641000+00:00,leaf4,sg12,15,obt-collector1,true,2,,static,-536870912,10

2020-02-06 19:33:41.646000+00:00,leaf4,sg12,18,obt-collector1,true,0,,connected,-536870912,10

2020-02-06 19:33:51.212000+00:00,leaf4,sg12,15,obt-collector1,true,2,,static,-536870911,10

2020-02-06 19:33:51.214000+00:00,leaf4,sg12,15,obt-collector1,true,2,,static,-536870912,10

2020-02-06 19:33:51.218000+00:00,leaf4,sg12,18,obt-collector1,true,0,,connected,-536870912,10

2020-02-06 19:33:54.388000+00:00,leaf4,sg12,15,obt-collector1,true,2,,static,-536870911,10

2020-02-06 19:33:54.389000+00:00,leaf4,sg12,15,obt-collector1,true,2,,static,-536870912,10

2020-02-06 19:33:54.394000+00:00,leaf4,sg12,18,obt-collector1,true,0,,connected,-536870912,10

2020-02-06 19:34:04.678000+00:00,leaf4,sg12,15,obt-collector1,true,2,,static,-536870911,10

2020-02-06 19:34:04.680000+00:00,leaf4,sg12,15,obt-collector1,true,2,,static,-536870912,10

2020-02-06 19:34:04.685000+00:00,leaf4,sg12,18,obt-collector1,true,0,,connected,-536870912,10

2020-02-06 19:34:08.121000+00:00,leaf4,sg12,15,obt-collector1,true,2,,static,-536870911,10

2020-02-06 19:34:08.122000+00:00,leaf4,sg12,15,obt-collector1,true,2,,static,-536870912,10

2020-02-06 19:34:08.127000+00:00,leaf4,sg12,18,obt-collector1,true,0,,connected,-536870912,10

2020-02-06 19:34:11.429000+00:00,leaf4,sg12,15,obt-collector1,true,2,,static,-536870911,10

2020-02-06 19:34:11.431000+00:00,leaf4,sg12,15,obt-collector1,true,2,,static,-536870912,10

2020-02-06 19:34:11.436000+00:00,leaf4,sg12,18,obt-collector1,true,0,,connected,-536870912,10

2020-02-06 19:34:26.018000+00:00,leaf4,sg12,15,obt-collector1,true,2,,static,-536870911,10

2020-02-06 19:34:26.019000+00:00,leaf4,sg12,15,obt-collector1,true,2,,static,-536870912,10

2020-02-06 19:34:26.024000+00:00,leaf4,sg12,18,obt-collector1,true,0,,connected,-536870912,10

2020-02-06 19:34:42.913000+00:00,leaf4,sg12,15,obt-collector1,true,2,,static,-536870911,10

2020-02-06 19:34:42.914000+00:00,leaf4,sg12,15,obt-collector1,true,2,,static,-536870912,10

2020-02-06 19:34:42.919000+00:00,leaf4,sg12,18,obt-collector1,true,0,,connected,-536870912,10

2020-02-06 19:34:46.232000+00:00,leaf4,sg12,15,obt-collector1,true,2,,static,-536870911,10

2020-02-06 19:34:46.233000+00:00,leaf4,sg12,15,obt-collector1,true,2,,static,-536870912,10

2020-02-06 19:34:46.238000+00:00,leaf4,sg12,18,obt-collector1,true,0,,connected,-536870912,10

2020-02-06 19:35:02.736000+00:00,leaf4,sg12,15,obt-collector1,true,2,,static,-536870911,10

2020-02-06 19:35:02.737000+00:00,leaf4,sg12,15,obt-collector1,true,2,,static,-536870912,10

2020-02-06 19:35:02.742000+00:00,leaf4,sg12,18,obt-collector1,true,0,,connected,-536870912,10

2020-02-06 19:35:05.927000+00:00,leaf4,sg12,15,obt-collector1,true,2,,static,-536870911,10

2020-02-06 19:35:05.929000+00:00,leaf4,sg12,15,obt-collector1,true,2,,static,-536870912,10

2020-02-06 19:35:05.933000+00:00,leaf4,sg12,18,obt-collector1,true,0,,connected,-536870912,10

2020-02-06 19:35:26.622000+00:00,leaf4,sg12,15,obt-collector1,true,2,,static,-536870911,10

2020-02-06 19:35:26.624000+00:00,leaf4,sg12,15,obt-collector1,true,2,,static,-536870912,10

2020-02-06 19:35:26.628000+00:00,leaf4,sg12,18,obt-collector1,true,0,,connected,-536870912,10

2020-02-06 19:35:30.019000+00:00,leaf4,sg12,15,obt-collector1,true,2,,static,-536870911,10

2020-02-06 19:35:30.020000+00:00,leaf4,sg12,15,obt-collector1,true,2,,static,-536870912,10

2020-02-06 19:35:30.025000+00:00,leaf4,sg12,18,obt-collector1,true,0,,connected,-536870912,10

2020-02-06 19:35:49.812000+00:00,leaf4,sg12,15,obt-collector1,true,2,,static,-536870911,10

2020-02-06 19:35:49.813000+00:00,leaf4,sg12,15,obt-collector1,true,2,,static,-536870912,10

2020-02-06 19:35:49.818000+00:00,leaf4,sg12,18,obt-collector1,true,0,,connected,-536870912,10

2020-02-06 19:35:53.043000+00:00,leaf4,sg12,15,obt-collector1,true,2,,static,-536870911,10

2020-02-06 19:35:53.045000+00:00,leaf4,sg12,15,obt-collector1,true,2,,static,-536870912,10

2020-02-06 19:35:53.049000+00:00,leaf4,sg12,18,obt-collector1,true,0,,connected,-536870912,10

2020-02-06 19:36:09.293000+00:00,leaf4,sg12,15,obt-collector1,true,2,,static,-536870911,10

2020-02-06 19:36:09.294000+00:00,leaf4,sg12,15,obt-collector1,true,2,,static,-536870912,10

2020-02-06 19:36:09.299000+00:00,leaf4,sg12,18,obt-collector1,true,0,,connected,-536870912,10

2020-02-06 19:36:12.467000+00:00,leaf4,sg12,15,obt-collector1,true,2,,static,-536870911,10

2020-02-06 19:36:12.468000+00:00,leaf4,sg12,15,obt-collector1,true,2,,static,-536870912,10

2020-02-06 19:36:12.473000+00:00,leaf4,sg12,18,obt-collector1,true,0,,connected,-536870912,10

2020-02-06 19:36:15.685000+00:00,leaf4,sg12,15,obt-collector1,true,2,,static,-536870911,10

2020-02-06 19:36:15.686000+00:00,leaf4,sg12,15,obt-collector1,true,2,,static,-536870912,10

2020-02-06 19:36:15.691000+00:00,leaf4,sg12,18,obt-collector1,true,0,,connected,-536870912,10

2020-02-06 19:36:20.197000+00:00,leaf4,sg12,15,obt-collector1,true,2,,static,-536870911,10

2020-02-06 19:36:20.198000+00:00,leaf4,sg12,15,obt-collector1,true,2,,static,-536870912,10

2020-02-06 19:36:20.202000+00:00,leaf4,sg12,18,obt-collector1,true,0,,connected,-536870912,10

2020-02-06 19:36:33.272000+00:00,leaf4,sg12,15,obt-collector1,true,2,,static,-536870911,10

2020-02-06 19:36:33.273000+00:00,leaf4,sg12,15,obt-collector1,true,2,,static,-536870912,10

2020-02-06 19:36:33.278000+00:00,leaf4,sg12,18,obt-collector1,true,0,,connected,-536870912,10

2020-02-06 19:36:52.508000+00:00,leaf4,sg12,15,obt-collector1,true,2,,static,-536870911,10

2020-02-06 19:36:52.509000+00:00,leaf4,sg12,15,obt-collector1,true,2,,static,-536870912,10

2020-02-06 19:36:52.514000+00:00,leaf4,sg12,18,obt-collector1,true,0,,connected,-536870912,10

2020-02-06 19:36:59.300000+00:00,leaf4,sg12,15,obt-collector1,true,2,,static,-536870911,10

2020-02-06 19:36:59.301000+00:00,leaf4,sg12,15,obt-collector1,true,2,,static,-536870912,10

2020-02-06 19:36:59.306000+00:00,leaf4,sg12,18,obt-collector1,true,0,,connected,-536870912,10

2020-02-06 19:37:06.141000+00:00,leaf4,sg12,15,obt-collector1,true,2,,static,-536870911,10

2020-02-06 19:37:06.142000+00:00,leaf4,sg12,15,obt-collector1,true,2,,static,-536870912,10

2020-02-06 19:37:06.147000+00:00,leaf4,sg12,18,obt-collector1,true,0,,connected,-536870912,10

2020-02-06 19:37:26.984000+00:00,leaf4,sg12,15,obt-collector1,true,2,,static,-536870911,10

2020-02-06 19:37:26.985000+00:00,leaf4,sg12,15,obt-collector1,true,2,,static,-536870912,10

2020-02-06 19:37:26.989000+00:00,leaf4,sg12,18,obt-collector1,true,0,,connected,-536870912,10

2020-02-06 19:37:53.874000+00:00,leaf4,sg12,15,obt-collector1,true,2,,static,-536870911,10

2020-02-06 19:37:53.875000+00:00,leaf4,sg12,15,obt-collector1,true,2,,static,-536870912,10

2020-02-06 19:37:53.880000+00:00,leaf4,sg12,18,obt-collector1,true,0,,connected,-536870912,10

2020-02-06 19:38:10.155000+00:00,leaf4,sg12,15,obt-collector1,true,2,,static,-536870911,10

2020-02-06 19:38:10.156000+00:00,leaf4,sg12,15,obt-collector1,true,2,,static,-536870912,10

2020-02-06 19:38:10.160000+00:00,leaf4,sg12,18,obt-collector1,true,0,,connected,-536870912,10

2020-02-06 19:38:30.874000+00:00,leaf4,sg12,15,obt-collector1,true,2,,static,-536870911,10

2020-02-06 19:38:30.875000+00:00,leaf4,sg12,15,obt-collector1,true,2,,static,-536870912,10

2020-02-06 19:38:30.880000+00:00,leaf4,sg12,18,obt-collector1,true,0,,connected,-536870912,10

2020-02-06 19:38:50.273000+00:00,leaf4,sg12,15,obt-collector1,true,2,,static,-536870911,10

2020-02-06 19:38:50.274000+00:00,leaf4,sg12,15,obt-collector1,true,2,,static,-536870912,10

2020-02-06 19:38:50.278000+00:00,leaf4,sg12,18,obt-collector1,true,0,,connected,-536870912,10

2020-02-06 19:38:56.857000+00:00,leaf4,sg12,15,obt-collector1,true,2,,static,-536870911,10

2020-02-06 19:38:56.858000+00:00,leaf4,sg12,15,obt-collector1,true,2,,static,-536870912,10

2020-02-06 19:38:56.863000+00:00,leaf4,sg12,18,obt-collector1,true,0,,connected,-536870912,10

2020-02-06 19:39:03.281000+00:00,leaf4,sg12,15,obt-collector1,true,2,,static,-536870911,10

2020-02-06 19:39:03.282000+00:00,leaf4,sg12,15,obt-collector1,true,2,,static,-536870912,10

2020-02-06 19:39:03.286000+00:00,leaf4,sg12,18,obt-collector1,true,0,,connected,-536870912,10

2020-02-06 19:39:09.662000+00:00,leaf4,sg12,15,obt-collector1,true,2,,static,-536870911,10

2020-02-06 19:39:09.663000+00:00,leaf4,sg12,15,obt-collector1,true,2,,static,-536870912,10

2020-02-06 19:39:09.668000+00:00,leaf4,sg12,18,obt-collector1,true,0,,connected,-536870912,10

2020-02-06 19:39:16.166000+00:00,leaf4,sg12,15,obt-collector1,true,2,,static,-536870911,10

2020-02-06 19:39:16.168000+00:00,leaf4,sg12,15,obt-collector1,true,2,,static,-536870912,10

2020-02-06 19:39:16.172000+00:00,leaf4,sg12,18,obt-collector1,true,0,,connected,-536870912,10

2020-02-06 19:39:22.719000+00:00,leaf4,sg12,15,obt-collector1,true,2,,static,-536870911,10

2020-02-06 19:39:22.720000+00:00,leaf4,sg12,15,obt-collector1,true,2,,static,-536870912,10

2020-02-06 19:39:22.724000+00:00,leaf4,sg12,18,obt-collector1,true,0,,connected,-536870912,10

2020-02-06 19:39:52.220000+00:00,leaf4,sg12,15,obt-collector1,true,2,,static,-536870911,10

2020-02-06 19:39:52.222000+00:00,leaf4,sg12,15,obt-collector1,true,2,,static,-536870912,10

2020-02-06 19:39:52.226000+00:00,leaf4,sg12,18,obt-collector1,true,0,,connected,-536870912,10

2020-02-06 19:39:55.467000+00:00,leaf4,sg12,15,obt-collector1,true,2,,static,-536870911,10

2020-02-06 19:39:55.469000+00:00,leaf4,sg12,15,obt-collector1,true,2,,static,-536870912,10

2020-02-06 19:39:55.474000+00:00,leaf4,sg12,18,obt-collector1,true,0,,connected,-536870912,10

2020-02-06 19:39:58.940000+00:00,leaf4,sg12,15,obt-collector1,true,2,,static,-536870911,10

2020-02-06 19:39:58.942000+00:00,leaf4,sg12,15,obt-collector1,true,2,,static,-536870912,10

2020-02-06 19:39:58.949000+00:00,leaf4,sg12,18,obt-collector1,true,0,,connected,-536870912,10

2020-02-06 19:40:02.630000+00:00,leaf4,sg12,15,obt-collector1,true,2,,static,-536870911,10

2020-02-06 19:40:02.632000+00:00,leaf4,sg12,15,obt-collector1,true,2,,static,-536870912,10

2020-02-06 19:40:02.640000+00:00,leaf4,sg12,18,obt-collector1,true,0,,connected,-536870912,10

2020-02-06 19:40:06.033000+00:00,leaf4,sg12,15,obt-collector1,true,2,,static,-536870911,10

2020-02-06 19:40:06.034000+00:00,leaf4,sg12,15,obt-collector1,true,2,,static,-536870912,10

2020-02-06 19:40:06.039000+00:00,leaf4,sg12,18,obt-collector1,true,0,,connected,-536870912,10

2020-02-06 19:40:09.466000+00:00,leaf4,sg12,15,obt-collector1,true,2,,static,-536870911,10

2020-02-06 19:40:09.467000+00:00,leaf4,sg12,15,obt-collector1,true,2,,static,-536870912,10

2020-02-06 19:40:09.472000+00:00,leaf4,sg12,18,obt-collector1,true,0,,connected,-536870912,10

2020-02-06 19:40:19.466000+00:00,leaf4,sg12,15,obt-collector1,true,2,,static,-536870911,10

2020-02-06 19:40:19.467000+00:00,leaf4,sg12,15,obt-collector1,true,2,,static,-536870912,10

2020-02-06 19:40:19.472000+00:00,leaf4,sg12,18,obt-collector1,true,0,,connected,-536870912,10

2020-02-06 19:40:22.985000+00:00,leaf4,sg12,15,obt-collector1,true,2,,static,-536870911,10

2020-02-06 19:40:22.986000+00:00,leaf4,sg12,15,obt-collector1,true,2,,static,-536870912,10

2020-02-06 19:40:22.992000+00:00,leaf4,sg12,18,obt-collector1,true,0,,connected,-536870912,10

2020-02-06 19:40:27.511000+00:00,leaf4,sg12,15,obt-collector1,true,2,,static,-536870911,10

2020-02-06 19:40:27.512000+00:00,leaf4,sg12,15,obt-collector1,true,2,,static,-536870912,10

2020-02-06 19:40:27.517000+00:00,leaf4,sg12,18,obt-collector1,true,0,,connected,-536870912,10

2020-02-06 19:40:44.224000+00:00,leaf4,sg12,15,obt-collector1,true,2,,static,-536870911,10

2020-02-06 19:40:44.225000+00:00,leaf4,sg12,15,obt-collector1,true,2,,static,-536870912,10

2020-02-06 19:40:44.230000+00:00,leaf4,sg12,18,obt-collector1,true,0,,connected,-536870912,10

2020-02-06 19:40:50.902000+00:00,leaf4,sg12,15,obt-collector1,true,2,,static,-536870911,10

2020-02-06 19:40:50.903000+00:00,leaf4,sg12,15,obt-collector1,true,2,,static,-536870912,10

2020-02-06 19:40:50.907000+00:00,leaf4,sg12,18,obt-collector1,true,0,,connected,-536870912,10

2020-02-06 19:40:54.168000+00:00,leaf4,sg12,15,obt-collector1,true,2,,static,-536870911,10

2020-02-06 19:40:54.170000+00:00,leaf4,sg12,15,obt-collector1,true,2,,static,-536870912,10

2020-02-06 19:40:54.174000+00:00,leaf4,sg12,18,obt-collector1,true,0,,connected,-536870912,10

2020-02-06 19:40:57.543000+00:00,leaf4,sg12,15,obt-collector1,true,2,,static,-536870911,10

2020-02-06 19:40:57.544000+00:00,leaf4,sg12,15,obt-collector1,true,2,,static,-536870912,10

2020-02-06 19:40:57.548000+00:00,leaf4,sg12,18,obt-collector1,true,0,,connected,-536870912,10

2020-02-06 19:41:31.043000+00:00,leaf4,sg12,15,obt-collector1,true,2,,static,-536870911,10

2020-02-06 19:41:31.044000+00:00,leaf4,sg12,15,obt-collector1,true,2,,static,-536870912,10

2020-02-06 19:41:31.048000+00:00,leaf4,sg12,18,obt-collector1,true,0,,connected,-536870912,10

2020-02-06 19:41:37.430000+00:00,leaf4,sg12,15,obt-collector1,true,2,,static,-536870911,10

2020-02-06 19:41:37.431000+00:00,leaf4,sg12,15,obt-collector1,true,2,,static,-536870912,10

2020-02-06 19:41:37.435000+00:00,leaf4,sg12,18,obt-collector1,true,0,,connected,-536870912,10

2020-02-06 19:42:13.082000+00:00,leaf4,sg12,15,obt-collector1,true,2,,static,-536870911,10

2020-02-06 19:42:13.083000+00:00,leaf4,sg12,15,obt-collector1,true,2,,static,-536870912,10

2020-02-06 19:42:13.088000+00:00,leaf4,sg12,18,obt-collector1,true,0,,connected,-536870912,10

2020-02-06 19:42:16.257000+00:00,leaf4,sg12,15,obt-collector1,true,2,,static,-536870911,10

2020-02-06 19:42:16.258000+00:00,leaf4,sg12,15,obt-collector1,true,2,,static,-536870912,10

2020-02-06 19:42:16.263000+00:00,leaf4,sg12,18,obt-collector1,true,0,,connected,-536870912,10

2020-02-06 19:42:19.474000+00:00,leaf4,sg12,15,obt-collector1,true,2,,static,-536870911,10

2020-02-06 19:42:19.475000+00:00,leaf4,sg12,15,obt-collector1,true,2,,static,-536870912,10

2020-02-06 19:42:19.479000+00:00,leaf4,sg12,18,obt-collector1,true,0,,connected,-536870912,10

2020-02-06 19:42:23.065000+00:00,leaf4,sg12,15,obt-collector1,true,2,,static,-536870911,10

2020-02-06 19:42:23.067000+00:00,leaf4,sg12,15,obt-collector1,true,2,,static,-536870912,10

2020-02-06 19:42:23.071000+00:00,leaf4,sg12,18,obt-collector1,true,0,,connected,-536870912,10

2020-02-06 19:42:40.158000+00:00,leaf4,sg12,15,obt-collector1,true,2,,static,-536870911,10

2020-02-06 19:42:40.160000+00:00,leaf4,sg12,15,obt-collector1,true,2,,static,-536870912,10

2020-02-06 19:42:40.164000+00:00,leaf4,sg12,18,obt-collector1,true,0,,connected,-536870912,10

2020-02-06 19:42:43.441000+00:00,leaf4,sg12,15,obt-collector1,true,2,,static,-536870911,10

2020-02-06 19:42:43.442000+00:00,leaf4,sg12,15,obt-collector1,true,2,,static,-536870912,10

2020-02-06 19:42:43.446000+00:00,leaf4,sg12,18,obt-collector1,true,0,,connected,-536870912,10

2020-02-06 19:42:59.782000+00:00,leaf4,sg12,15,obt-collector1,true,2,,static,-536870911,10

2020-02-06 19:42:59.783000+00:00,leaf4,sg12,15,obt-collector1,true,2,,static,-536870912,10

2020-02-06 19:42:59.788000+00:00,leaf4,sg12,18,obt-collector1,true,0,,connected,-536870912,10

2020-02-06 19:43:03.356000+00:00,leaf4,sg12,15,obt-collector1,true,2,,static,-536870911,10

2020-02-06 19:43:03.358000+00:00,leaf4,sg12,15,obt-collector1,true,2,,static,-536870912,10

2020-02-06 19:43:03.363000+00:00,leaf4,sg12,18,obt-collector1,true,0,,connected,-536870912,10

2020-02-06 19:43:55.602000+00:00,leaf4,sg12,15,obt-collector1,true,2,,static,-536870911,10

2020-02-06 19:43:55.603000+00:00,leaf4,sg12,15,obt-collector1,true,2,,static,-536870912,10

2020-02-06 19:43:55.609000+00:00,leaf4,sg12,18,obt-collector1,true,0,,connected,-536870912,10

2020-02-06 19:44:05.452000+00:00,leaf4,sg12,15,obt-collector1,true,2,,static,-536870911,10

2020-02-06 19:44:05.453000+00:00,leaf4,sg12,15,obt-collector1,true,2,,static,-536870912,10

2020-02-06 19:44:05.457000+00:00,leaf4,sg12,18,obt-collector1,true,0,,connected,-536870912,10

2020-02-06 19:44:12.056000+00:00,leaf4,sg12,15,obt-collector1,true,2,,static,-536870911,10

2020-02-06 19:44:12.057000+00:00,leaf4,sg12,15,obt-collector1,true,2,,static,-536870912,10

2020-02-06 19:44:12.061000+00:00,leaf4,sg12,18,obt-collector1,true,0,,connected,-536870912,10

2020-02-06 19:44:39.564000+00:00,leaf4,sg12,15,obt-collector1,true,2,,static,-536870911,10

2020-02-06 19:44:39.565000+00:00,leaf4,sg12,15,obt-collector1,true,2,,static,-536870912,10

2020-02-06 19:44:39.570000+00:00,leaf4,sg12,18,obt-collector1,true,0,,connected,-536870912,10

2020-02-06 19:44:49.243000+00:00,leaf4,sg12,15,obt-collector1,true,2,,static,-536870911,10

2020-02-06 19:44:49.244000+00:00,leaf4,sg12,15,obt-collector1,true,2,,static,-536870912,10

2020-02-06 19:44:49.248000+00:00,leaf4,sg12,18,obt-collector1,true,0,,connected,-536870912,10

2020-02-06 19:44:55.659000+00:00,leaf4,sg12,15,obt-collector1,true,2,,static,-536870911,10

2020-02-06 19:44:55.660000+00:00,leaf4,sg12,15,obt-collector1,true,2,,static,-536870912,10

2020-02-06 19:44:55.666000+00:00,leaf4,sg12,18,obt-collector1,true,0,,connected,-536870912,10

2020-02-06 19:44:58.877000+00:00,leaf4,sg12,15,obt-collector1,true,2,,static,-536870911,10

2020-02-06 19:44:58.878000+00:00,leaf4,sg12,15,obt-collector1,true,2,,static,-536870912,10

2020-02-06 19:44:58.883000+00:00,leaf4,sg12,18,obt-collector1,true,0,,connected,-536870912,10

2020-02-06 19:45:05.324000+00:00,leaf4,sg12,15,obt-collector1,true,2,,static,-536870911,10

2020-02-06 19:45:05.325000+00:00,leaf4,sg12,15,obt-collector1,true,2,,static,-536870912,10

2020-02-06 19:45:05.330000+00:00,leaf4,sg12,18,obt-collector1,true,0,,connected,-536870912,10

2020-02-06 19:45:11.734000+00:00,leaf4,sg12,15,obt-collector1,true,2,,static,-536870911,10

2020-02-06 19:45:11.736000+00:00,leaf4,sg12,15,obt-collector1,true,2,,static,-536870912,10

2020-02-06 19:45:11.741000+00:00,leaf4,sg12,18,obt-collector1,true,0,,connected,-536870912,10

