,Producer,Target,host,node-name,protocol-name,sesa-num-client,sesa-pl-sum/sep-num-ecd-pathlist,sesa-pl-sum/sep-num-ecd-pl-per-interest/entry,sesa-pl-sum/sep-num-ecd-pl-unresolved

2020-02-06 19:32:25.289000+00:00,leaf4,sg4,obt-collector1,0/0/CPU0,ipv4,9,21,0,0

2020-02-06 19:32:25.293000+00:00,leaf4,sg4,obt-collector1,0/0/CPU0,ipv6,6,20,0,0

2020-02-06 19:32:25.294000+00:00,leaf4,sg4,obt-collector1,0/0/CPU0,mpls,0,0,0,0

2020-02-06 19:32:25.302000+00:00,leaf4,sg4,obt-collector1,0/RP0/CPU0,ipv4,8,0,0,0

2020-02-06 19:32:25.304000+00:00,leaf4,sg4,obt-collector1,0/RP0/CPU0,ipv6,2,0,0,0

2020-02-06 19:32:25.305000+00:00,leaf4,sg4,obt-collector1,0/RP0/CPU0,mpls,0,0,0,0

2020-02-06 19:32:44.696000+00:00,leaf4,sg4,obt-collector1,0/0/CPU0,ipv4,9,21,0,0

2020-02-06 19:32:44.697000+00:00,leaf4,sg4,obt-collector1,0/0/CPU0,ipv6,6,20,0,0

2020-02-06 19:32:44.698000+00:00,leaf4,sg4,obt-collector1,0/0/CPU0,mpls,0,0,0,0

2020-02-06 19:32:44.701000+00:00,leaf4,sg4,obt-collector1,0/RP0/CPU0,ipv4,8,0,0,0

2020-02-06 19:32:44.702000+00:00,leaf4,sg4,obt-collector1,0/RP0/CPU0,ipv6,2,0,0,0

2020-02-06 19:32:44.703000+00:00,leaf4,sg4,obt-collector1,0/RP0/CPU0,mpls,0,0,0,0

2020-02-06 19:32:54.353000+00:00,leaf4,sg4,obt-collector1,0/0/CPU0,ipv4,9,21,0,0

2020-02-06 19:32:54.354000+00:00,leaf4,sg4,obt-collector1,0/0/CPU0,ipv6,6,20,0,0

2020-02-06 19:32:54.355000+00:00,leaf4,sg4,obt-collector1,0/0/CPU0,mpls,0,0,0,0

2020-02-06 19:32:54.358000+00:00,leaf4,sg4,obt-collector1,0/RP0/CPU0,ipv4,8,0,0,0

2020-02-06 19:32:54.359000+00:00,leaf4,sg4,obt-collector1,0/RP0/CPU0,ipv6,2,0,0,0

2020-02-06 19:32:54.360000+00:00,leaf4,sg4,obt-collector1,0/RP0/CPU0,mpls,0,0,0,0

2020-02-06 19:32:57.714000+00:00,leaf4,sg4,obt-collector1,0/0/CPU0,ipv4,9,21,0,0

2020-02-06 19:32:57.715000+00:00,leaf4,sg4,obt-collector1,0/0/CPU0,ipv6,6,20,0,0

2020-02-06 19:32:57.716000+00:00,leaf4,sg4,obt-collector1,0/0/CPU0,mpls,0,0,0,0

2020-02-06 19:32:57.719000+00:00,leaf4,sg4,obt-collector1,0/RP0/CPU0,ipv4,8,0,0,0

2020-02-06 19:32:57.720000+00:00,leaf4,sg4,obt-collector1,0/RP0/CPU0,ipv6,2,0,0,0

2020-02-06 19:32:57.721000+00:00,leaf4,sg4,obt-collector1,0/RP0/CPU0,mpls,0,0,0,0

2020-02-06 19:34:03.596000+00:00,leaf4,sg4,obt-collector1,0/0/CPU0,ipv4,9,21,0,0

2020-02-06 19:34:03.598000+00:00,leaf4,sg4,obt-collector1,0/0/CPU0,ipv6,6,20,0,0

2020-02-06 19:34:03.599000+00:00,leaf4,sg4,obt-collector1,0/0/CPU0,mpls,0,0,0,0

2020-02-06 19:34:03.602000+00:00,leaf4,sg4,obt-collector1,0/RP0/CPU0,ipv4,8,0,0,0

2020-02-06 19:34:03.603000+00:00,leaf4,sg4,obt-collector1,0/RP0/CPU0,ipv6,2,0,0,0

2020-02-06 19:34:03.604000+00:00,leaf4,sg4,obt-collector1,0/RP0/CPU0,mpls,0,0,0,0

2020-02-06 19:34:07+00:00,leaf4,sg4,obt-collector1,0/0/CPU0,ipv4,9,21,0,0

2020-02-06 19:34:07.001000+00:00,leaf4,sg4,obt-collector1,0/0/CPU0,ipv6,6,20,0,0

2020-02-06 19:34:07.003000+00:00,leaf4,sg4,obt-collector1,0/0/CPU0,mpls,0,0,0,0

2020-02-06 19:34:07.005000+00:00,leaf4,sg4,obt-collector1,0/RP0/CPU0,ipv4,8,0,0,0

2020-02-06 19:34:07.006000+00:00,leaf4,sg4,obt-collector1,0/RP0/CPU0,ipv6,2,0,0,0

2020-02-06 19:34:07.008000+00:00,leaf4,sg4,obt-collector1,0/RP0/CPU0,mpls,0,0,0,0

2020-02-06 19:34:18.200000+00:00,leaf4,sg4,obt-collector1,0/0/CPU0,ipv4,9,21,0,0

2020-02-06 19:34:18.202000+00:00,leaf4,sg4,obt-collector1,0/0/CPU0,ipv6,6,20,0,0

2020-02-06 19:34:18.203000+00:00,leaf4,sg4,obt-collector1,0/0/CPU0,mpls,0,0,0,0

2020-02-06 19:34:18.206000+00:00,leaf4,sg4,obt-collector1,0/RP0/CPU0,ipv4,8,0,0,0

2020-02-06 19:34:18.207000+00:00,leaf4,sg4,obt-collector1,0/RP0/CPU0,ipv6,2,0,0,0

2020-02-06 19:34:18.208000+00:00,leaf4,sg4,obt-collector1,0/RP0/CPU0,mpls,0,0,0,0

2020-02-06 19:34:45.190000+00:00,leaf4,sg4,obt-collector1,0/0/CPU0,ipv6,6,20,0,0

2020-02-06 19:34:45.191000+00:00,leaf4,sg4,obt-collector1,0/0/CPU0,mpls,0,0,0,0

2020-02-06 19:34:45.194000+00:00,leaf4,sg4,obt-collector1,0/RP0/CPU0,ipv4,8,0,0,0

2020-02-06 19:34:45.195000+00:00,leaf4,sg4,obt-collector1,0/RP0/CPU0,ipv6,2,0,0,0

2020-02-06 19:34:45.197000+00:00,leaf4,sg4,obt-collector1,0/RP0/CPU0,mpls,0,0,0,0

2020-02-06 19:35:01.646000+00:00,leaf4,sg4,obt-collector1,0/0/CPU0,ipv4,9,21,0,0

2020-02-06 19:35:01.648000+00:00,leaf4,sg4,obt-collector1,0/0/CPU0,ipv6,6,20,0,0

2020-02-06 19:35:01.649000+00:00,leaf4,sg4,obt-collector1,0/0/CPU0,mpls,0,0,0,0

2020-02-06 19:35:01.660000+00:00,leaf4,sg4,obt-collector1,0/RP0/CPU0,ipv4,8,0,0,0

2020-02-06 19:35:01.661000+00:00,leaf4,sg4,obt-collector1,0/RP0/CPU0,ipv6,2,0,0,0

2020-02-06 19:35:01.662000+00:00,leaf4,sg4,obt-collector1,0/RP0/CPU0,mpls,0,0,0,0

2020-02-06 19:35:08.181000+00:00,leaf4,sg4,obt-collector1,0/0/CPU0,ipv4,9,21,0,0

2020-02-06 19:35:08.182000+00:00,leaf4,sg4,obt-collector1,0/0/CPU0,ipv6,6,20,0,0

2020-02-06 19:35:08.183000+00:00,leaf4,sg4,obt-collector1,0/0/CPU0,mpls,0,0,0,0

2020-02-06 19:35:08.186000+00:00,leaf4,sg4,obt-collector1,0/RP0/CPU0,ipv4,8,0,0,0

2020-02-06 19:35:08.193000+00:00,leaf4,sg4,obt-collector1,0/RP0/CPU0,ipv6,2,0,0,0

2020-02-06 19:35:08.198000+00:00,leaf4,sg4,obt-collector1,0/RP0/CPU0,mpls,0,0,0,0

2020-02-06 19:35:19.059000+00:00,leaf4,sg4,obt-collector1,0/0/CPU0,ipv4,9,21,0,0

2020-02-06 19:35:19.060000+00:00,leaf4,sg4,obt-collector1,0/0/CPU0,ipv6,6,20,0,0

2020-02-06 19:35:19.061000+00:00,leaf4,sg4,obt-collector1,0/0/CPU0,mpls,0,0,0,0

2020-02-06 19:35:19.064000+00:00,leaf4,sg4,obt-collector1,0/RP0/CPU0,ipv4,8,0,0,0

2020-02-06 19:35:19.065000+00:00,leaf4,sg4,obt-collector1,0/RP0/CPU0,ipv6,2,0,0,0

2020-02-06 19:35:19.066000+00:00,leaf4,sg4,obt-collector1,0/RP0/CPU0,mpls,0,0,0,0

2020-02-06 19:35:38.983000+00:00,leaf4,sg4,obt-collector1,0/0/CPU0,ipv4,9,21,0,0

2020-02-06 19:35:38.984000+00:00,leaf4,sg4,obt-collector1,0/0/CPU0,ipv6,6,20,0,0

2020-02-06 19:35:38.985000+00:00,leaf4,sg4,obt-collector1,0/0/CPU0,mpls,0,0,0,0

2020-02-06 19:35:38.988000+00:00,leaf4,sg4,obt-collector1,0/RP0/CPU0,ipv4,8,0,0,0

2020-02-06 19:35:38.989000+00:00,leaf4,sg4,obt-collector1,0/RP0/CPU0,ipv6,2,0,0,0

2020-02-06 19:35:38.990000+00:00,leaf4,sg4,obt-collector1,0/RP0/CPU0,mpls,0,0,0,0

2020-02-06 19:35:55.304000+00:00,leaf4,sg4,obt-collector1,0/0/CPU0,ipv4,9,21,0,0

2020-02-06 19:35:55.306000+00:00,leaf4,sg4,obt-collector1,0/0/CPU0,ipv6,6,20,0,0

2020-02-06 19:35:55.307000+00:00,leaf4,sg4,obt-collector1,0/0/CPU0,mpls,0,0,0,0

2020-02-06 19:35:55.310000+00:00,leaf4,sg4,obt-collector1,0/RP0/CPU0,ipv4,8,0,0,0

2020-02-06 19:35:55.311000+00:00,leaf4,sg4,obt-collector1,0/RP0/CPU0,ipv6,2,0,0,0

2020-02-06 19:35:55.312000+00:00,leaf4,sg4,obt-collector1,0/RP0/CPU0,mpls,0,0,0,0

2020-02-06 19:36:22.432000+00:00,leaf4,sg4,obt-collector1,0/0/CPU0,ipv4,9,21,0,0

2020-02-06 19:36:22.433000+00:00,leaf4,sg4,obt-collector1,0/0/CPU0,ipv6,6,20,0,0

2020-02-06 19:36:22.434000+00:00,leaf4,sg4,obt-collector1,0/0/CPU0,mpls,0,0,0,0

2020-02-06 19:36:22.437000+00:00,leaf4,sg4,obt-collector1,0/RP0/CPU0,ipv4,8,0,0,0

2020-02-06 19:36:22.438000+00:00,leaf4,sg4,obt-collector1,0/RP0/CPU0,ipv6,2,0,0,0

2020-02-06 19:36:22.439000+00:00,leaf4,sg4,obt-collector1,0/RP0/CPU0,mpls,0,0,0,0

2020-02-06 19:36:45.082000+00:00,leaf4,sg4,obt-collector1,0/0/CPU0,ipv4,9,21,0,0

2020-02-06 19:36:45.083000+00:00,leaf4,sg4,obt-collector1,0/0/CPU0,ipv6,6,20,0,0

2020-02-06 19:36:45.084000+00:00,leaf4,sg4,obt-collector1,0/0/CPU0,mpls,0,0,0,0

2020-02-06 19:36:45.087000+00:00,leaf4,sg4,obt-collector1,0/RP0/CPU0,ipv4,8,0,0,0

2020-02-06 19:36:45.088000+00:00,leaf4,sg4,obt-collector1,0/RP0/CPU0,ipv6,2,0,0,0

2020-02-06 19:36:45.089000+00:00,leaf4,sg4,obt-collector1,0/RP0/CPU0,mpls,0,0,0,0

2020-02-06 19:36:48.247000+00:00,leaf4,sg4,obt-collector1,0/0/CPU0,ipv4,9,21,0,0

2020-02-06 19:36:48.249000+00:00,leaf4,sg4,obt-collector1,0/0/CPU0,ipv6,6,20,0,0

2020-02-06 19:36:48.250000+00:00,leaf4,sg4,obt-collector1,0/0/CPU0,mpls,0,0,0,0

2020-02-06 19:36:48.253000+00:00,leaf4,sg4,obt-collector1,0/RP0/CPU0,ipv4,8,0,0,0

2020-02-06 19:36:48.254000+00:00,leaf4,sg4,obt-collector1,0/RP0/CPU0,ipv6,2,0,0,0

2020-02-06 19:36:48.255000+00:00,leaf4,sg4,obt-collector1,0/RP0/CPU0,mpls,0,0,0,0

2020-02-06 19:37:22.509000+00:00,leaf4,sg4,obt-collector1,0/0/CPU0,ipv4,9,21,0,0

2020-02-06 19:37:22.511000+00:00,leaf4,sg4,obt-collector1,0/0/CPU0,ipv6,6,20,0,0

2020-02-06 19:37:22.512000+00:00,leaf4,sg4,obt-collector1,0/0/CPU0,mpls,0,0,0,0

2020-02-06 19:37:22.516000+00:00,leaf4,sg4,obt-collector1,0/RP0/CPU0,ipv4,8,0,0,0

2020-02-06 19:37:22.517000+00:00,leaf4,sg4,obt-collector1,0/RP0/CPU0,ipv6,2,0,0,0

2020-02-06 19:37:22.518000+00:00,leaf4,sg4,obt-collector1,0/RP0/CPU0,mpls,0,0,0,0

2020-02-06 19:37:26+00:00,leaf4,sg4,obt-collector1,0/0/CPU0,ipv4,9,21,0,0

2020-02-06 19:37:26.001000+00:00,leaf4,sg4,obt-collector1,0/0/CPU0,ipv6,6,20,0,0

2020-02-06 19:37:26.002000+00:00,leaf4,sg4,obt-collector1,0/0/CPU0,mpls,0,0,0,0

2020-02-06 19:37:26.005000+00:00,leaf4,sg4,obt-collector1,0/RP0/CPU0,ipv4,8,0,0,0

2020-02-06 19:37:26.006000+00:00,leaf4,sg4,obt-collector1,0/RP0/CPU0,ipv6,2,0,0,0

2020-02-06 19:37:26.007000+00:00,leaf4,sg4,obt-collector1,0/RP0/CPU0,mpls,0,0,0,0

2020-02-06 19:38:05.926000+00:00,leaf4,sg4,obt-collector1,0/0/CPU0,ipv4,9,21,0,0

2020-02-06 19:38:05.928000+00:00,leaf4,sg4,obt-collector1,0/0/CPU0,ipv6,6,20,0,0

2020-02-06 19:38:05.929000+00:00,leaf4,sg4,obt-collector1,0/0/CPU0,mpls,0,0,0,0

2020-02-06 19:38:05.932000+00:00,leaf4,sg4,obt-collector1,0/RP0/CPU0,ipv4,8,0,0,0

2020-02-06 19:38:05.933000+00:00,leaf4,sg4,obt-collector1,0/RP0/CPU0,ipv6,2,0,0,0

2020-02-06 19:38:05.934000+00:00,leaf4,sg4,obt-collector1,0/RP0/CPU0,mpls,0,0,0,0

2020-02-06 19:38:12.395000+00:00,leaf4,sg4,obt-collector1,0/0/CPU0,ipv4,9,21,0,0

2020-02-06 19:38:12.396000+00:00,leaf4,sg4,obt-collector1,0/0/CPU0,ipv6,6,20,0,0

2020-02-06 19:38:12.397000+00:00,leaf4,sg4,obt-collector1,0/0/CPU0,mpls,0,0,0,0

2020-02-06 19:38:12.400000+00:00,leaf4,sg4,obt-collector1,0/RP0/CPU0,ipv4,8,0,0,0

2020-02-06 19:38:12.401000+00:00,leaf4,sg4,obt-collector1,0/RP0/CPU0,ipv6,2,0,0,0

2020-02-06 19:38:12.402000+00:00,leaf4,sg4,obt-collector1,0/RP0/CPU0,mpls,0,0,0,0

2020-02-06 19:38:26.620000+00:00,leaf4,sg4,obt-collector1,0/0/CPU0,ipv4,9,21,0,0

2020-02-06 19:38:26.621000+00:00,leaf4,sg4,obt-collector1,0/0/CPU0,ipv6,6,20,0,0

2020-02-06 19:38:26.622000+00:00,leaf4,sg4,obt-collector1,0/0/CPU0,mpls,0,0,0,0

2020-02-06 19:38:26.625000+00:00,leaf4,sg4,obt-collector1,0/RP0/CPU0,ipv4,8,0,0,0

2020-02-06 19:38:26.626000+00:00,leaf4,sg4,obt-collector1,0/RP0/CPU0,ipv6,2,0,0,0

2020-02-06 19:38:26.627000+00:00,leaf4,sg4,obt-collector1,0/RP0/CPU0,mpls,0,0,0,0

2020-02-06 19:38:45.982000+00:00,leaf4,sg4,obt-collector1,0/0/CPU0,ipv4,9,21,0,0

2020-02-06 19:38:45.983000+00:00,leaf4,sg4,obt-collector1,0/0/CPU0,ipv6,6,20,0,0

2020-02-06 19:38:45.984000+00:00,leaf4,sg4,obt-collector1,0/0/CPU0,mpls,0,0,0,0

2020-02-06 19:38:45.987000+00:00,leaf4,sg4,obt-collector1,0/RP0/CPU0,ipv4,8,0,0,0

2020-02-06 19:38:45.988000+00:00,leaf4,sg4,obt-collector1,0/RP0/CPU0,ipv6,2,0,0,0

2020-02-06 19:38:45.990000+00:00,leaf4,sg4,obt-collector1,0/RP0/CPU0,mpls,0,0,0,0

2020-02-06 19:39:02.280000+00:00,leaf4,sg4,obt-collector1,0/0/CPU0,ipv4,9,21,0,0

2020-02-06 19:39:02.281000+00:00,leaf4,sg4,obt-collector1,0/0/CPU0,ipv6,6,20,0,0

2020-02-06 19:39:02.282000+00:00,leaf4,sg4,obt-collector1,0/0/CPU0,mpls,0,0,0,0

2020-02-06 19:39:02.285000+00:00,leaf4,sg4,obt-collector1,0/RP0/CPU0,ipv4,8,0,0,0

2020-02-06 19:39:02.286000+00:00,leaf4,sg4,obt-collector1,0/RP0/CPU0,ipv6,2,0,0,0

2020-02-06 19:39:02.287000+00:00,leaf4,sg4,obt-collector1,0/RP0/CPU0,mpls,0,0,0,0

2020-02-06 19:39:21.677000+00:00,leaf4,sg4,obt-collector1,0/0/CPU0,ipv4,9,21,0,0

2020-02-06 19:39:21.678000+00:00,leaf4,sg4,obt-collector1,0/0/CPU0,ipv6,6,20,0,0

2020-02-06 19:39:21.679000+00:00,leaf4,sg4,obt-collector1,0/0/CPU0,mpls,0,0,0,0

2020-02-06 19:39:21.682000+00:00,leaf4,sg4,obt-collector1,0/RP0/CPU0,ipv4,8,0,0,0

2020-02-06 19:39:21.684000+00:00,leaf4,sg4,obt-collector1,0/RP0/CPU0,ipv6,2,0,0,0

2020-02-06 19:39:21.685000+00:00,leaf4,sg4,obt-collector1,0/RP0/CPU0,mpls,0,0,0,0

2020-02-06 19:39:41.488000+00:00,leaf4,sg4,obt-collector1,0/0/CPU0,ipv4,9,21,0,0

2020-02-06 19:39:41.489000+00:00,leaf4,sg4,obt-collector1,0/0/CPU0,ipv6,6,20,0,0

2020-02-06 19:39:41.491000+00:00,leaf4,sg4,obt-collector1,0/0/CPU0,mpls,0,0,0,0

2020-02-06 19:39:41.494000+00:00,leaf4,sg4,obt-collector1,0/RP0/CPU0,ipv4,8,0,0,0

2020-02-06 19:39:41.495000+00:00,leaf4,sg4,obt-collector1,0/RP0/CPU0,ipv6,2,0,0,0

2020-02-06 19:39:41.496000+00:00,leaf4,sg4,obt-collector1,0/RP0/CPU0,mpls,0,0,0,0

2020-02-06 19:40:05.004000+00:00,leaf4,sg4,obt-collector1,0/0/CPU0,ipv4,9,21,0,0

2020-02-06 19:40:05.005000+00:00,leaf4,sg4,obt-collector1,0/0/CPU0,ipv6,6,20,0,0

2020-02-06 19:40:05.007000+00:00,leaf4,sg4,obt-collector1,0/0/CPU0,mpls,0,0,0,0

2020-02-06 19:40:05.009000+00:00,leaf4,sg4,obt-collector1,0/RP0/CPU0,ipv4,8,0,0,0

2020-02-06 19:40:05.011000+00:00,leaf4,sg4,obt-collector1,0/RP0/CPU0,ipv6,2,0,0,0

2020-02-06 19:40:05.012000+00:00,leaf4,sg4,obt-collector1,0/RP0/CPU0,mpls,0,0,0,0

2020-02-06 19:40:33.187000+00:00,leaf4,sg4,obt-collector1,0/0/CPU0,ipv4,9,21,0,0

2020-02-06 19:40:33.189000+00:00,leaf4,sg4,obt-collector1,0/0/CPU0,ipv6,6,20,0,0

2020-02-06 19:40:33.190000+00:00,leaf4,sg4,obt-collector1,0/0/CPU0,mpls,0,0,0,0

2020-02-06 19:40:33.193000+00:00,leaf4,sg4,obt-collector1,0/RP0/CPU0,ipv4,8,0,0,0

2020-02-06 19:40:33.194000+00:00,leaf4,sg4,obt-collector1,0/RP0/CPU0,ipv6,2,0,0,0

2020-02-06 19:40:33.195000+00:00,leaf4,sg4,obt-collector1,0/RP0/CPU0,mpls,0,0,0,0

2020-02-06 19:41:12.859000+00:00,leaf4,sg4,obt-collector1,0/0/CPU0,ipv4,9,21,0,0

2020-02-06 19:41:12.860000+00:00,leaf4,sg4,obt-collector1,0/0/CPU0,ipv6,6,20,0,0

2020-02-06 19:41:12.861000+00:00,leaf4,sg4,obt-collector1,0/0/CPU0,mpls,0,0,0,0

2020-02-06 19:41:12.864000+00:00,leaf4,sg4,obt-collector1,0/RP0/CPU0,ipv4,8,0,0,0

2020-02-06 19:41:12.865000+00:00,leaf4,sg4,obt-collector1,0/RP0/CPU0,ipv6,2,0,0,0

2020-02-06 19:41:12.866000+00:00,leaf4,sg4,obt-collector1,0/RP0/CPU0,mpls,0,0,0,0

2020-02-06 19:41:16.052000+00:00,leaf4,sg4,obt-collector1,0/0/CPU0,ipv4,9,21,0,0

2020-02-06 19:41:16.053000+00:00,leaf4,sg4,obt-collector1,0/0/CPU0,ipv6,6,20,0,0

2020-02-06 19:41:16.054000+00:00,leaf4,sg4,obt-collector1,0/0/CPU0,mpls,0,0,0,0

2020-02-06 19:41:16.058000+00:00,leaf4,sg4,obt-collector1,0/RP0/CPU0,ipv4,8,0,0,0

2020-02-06 19:41:16.059000+00:00,leaf4,sg4,obt-collector1,0/RP0/CPU0,ipv6,2,0,0,0

2020-02-06 19:41:16.060000+00:00,leaf4,sg4,obt-collector1,0/RP0/CPU0,mpls,0,0,0,0

2020-02-06 19:41:30.079000+00:00,leaf4,sg4,obt-collector1,0/0/CPU0,ipv4,9,21,0,0

2020-02-06 19:41:30.080000+00:00,leaf4,sg4,obt-collector1,0/0/CPU0,ipv6,6,20,0,0

2020-02-06 19:41:30.082000+00:00,leaf4,sg4,obt-collector1,0/0/CPU0,mpls,0,0,0,0

2020-02-06 19:41:30.084000+00:00,leaf4,sg4,obt-collector1,0/RP0/CPU0,ipv4,8,0,0,0

2020-02-06 19:41:30.085000+00:00,leaf4,sg4,obt-collector1,0/RP0/CPU0,ipv6,2,0,0,0

2020-02-06 19:41:30.087000+00:00,leaf4,sg4,obt-collector1,0/RP0/CPU0,mpls,0,0,0,0

2020-02-06 19:41:33.264000+00:00,leaf4,sg4,obt-collector1,0/0/CPU0,ipv4,9,21,0,0

2020-02-06 19:41:33.266000+00:00,leaf4,sg4,obt-collector1,0/0/CPU0,ipv6,6,20,0,0

2020-02-06 19:41:33.267000+00:00,leaf4,sg4,obt-collector1,0/0/CPU0,mpls,0,0,0,0

2020-02-06 19:41:33.270000+00:00,leaf4,sg4,obt-collector1,0/RP0/CPU0,ipv4,8,0,0,0

2020-02-06 19:41:33.271000+00:00,leaf4,sg4,obt-collector1,0/RP0/CPU0,ipv6,2,0,0,0

2020-02-06 19:41:33.272000+00:00,leaf4,sg4,obt-collector1,0/RP0/CPU0,mpls,0,0,0,0

2020-02-06 19:41:49.229000+00:00,leaf4,sg4,obt-collector1,0/0/CPU0,ipv4,9,21,0,0

2020-02-06 19:41:49.230000+00:00,leaf4,sg4,obt-collector1,0/0/CPU0,ipv6,6,20,0,0

2020-02-06 19:41:49.231000+00:00,leaf4,sg4,obt-collector1,0/0/CPU0,mpls,0,0,0,0

2020-02-06 19:41:49.234000+00:00,leaf4,sg4,obt-collector1,0/RP0/CPU0,ipv4,8,0,0,0

2020-02-06 19:41:49.235000+00:00,leaf4,sg4,obt-collector1,0/RP0/CPU0,ipv6,2,0,0,0

2020-02-06 19:41:49.236000+00:00,leaf4,sg4,obt-collector1,0/RP0/CPU0,mpls,0,0,0,0

2020-02-06 19:42:08.756000+00:00,leaf4,sg4,obt-collector1,0/0/CPU0,ipv4,9,21,0,0

2020-02-06 19:42:08.757000+00:00,leaf4,sg4,obt-collector1,0/0/CPU0,ipv6,6,20,0,0

2020-02-06 19:42:08.758000+00:00,leaf4,sg4,obt-collector1,0/0/CPU0,mpls,0,0,0,0

2020-02-06 19:42:08.761000+00:00,leaf4,sg4,obt-collector1,0/RP0/CPU0,ipv4,8,0,0,0

2020-02-06 19:42:08.762000+00:00,leaf4,sg4,obt-collector1,0/RP0/CPU0,ipv6,2,0,0,0

2020-02-06 19:42:08.763000+00:00,leaf4,sg4,obt-collector1,0/RP0/CPU0,mpls,0,0,0,0

2020-02-06 19:42:12.122000+00:00,leaf4,sg4,obt-collector1,0/0/CPU0,ipv4,9,21,0,0

2020-02-06 19:42:12.123000+00:00,leaf4,sg4,obt-collector1,0/0/CPU0,ipv6,6,20,0,0

2020-02-06 19:42:12.124000+00:00,leaf4,sg4,obt-collector1,0/0/CPU0,mpls,0,0,0,0

2020-02-06 19:42:12.127000+00:00,leaf4,sg4,obt-collector1,0/RP0/CPU0,ipv4,8,0,0,0

2020-02-06 19:42:12.128000+00:00,leaf4,sg4,obt-collector1,0/RP0/CPU0,ipv6,2,0,0,0

2020-02-06 19:42:12.130000+00:00,leaf4,sg4,obt-collector1,0/RP0/CPU0,mpls,0,0,0,0

2020-02-06 19:42:32.763000+00:00,leaf4,sg4,obt-collector1,0/0/CPU0,ipv4,9,21,0,0

2020-02-06 19:42:32.764000+00:00,leaf4,sg4,obt-collector1,0/0/CPU0,ipv6,6,20,0,0

2020-02-06 19:42:32.766000+00:00,leaf4,sg4,obt-collector1,0/0/CPU0,mpls,0,0,0,0

2020-02-06 19:42:32.769000+00:00,leaf4,sg4,obt-collector1,0/RP0/CPU0,ipv4,8,0,0,0

2020-02-06 19:42:32.770000+00:00,leaf4,sg4,obt-collector1,0/RP0/CPU0,ipv6,2,0,0,0

2020-02-06 19:42:32.771000+00:00,leaf4,sg4,obt-collector1,0/RP0/CPU0,mpls,0,0,0,0

2020-02-06 19:42:35.983000+00:00,leaf4,sg4,obt-collector1,0/0/CPU0,ipv4,9,21,0,0

2020-02-06 19:42:35.984000+00:00,leaf4,sg4,obt-collector1,0/0/CPU0,ipv6,6,20,0,0

2020-02-06 19:42:35.985000+00:00,leaf4,sg4,obt-collector1,0/0/CPU0,mpls,0,0,0,0

2020-02-06 19:42:35.988000+00:00,leaf4,sg4,obt-collector1,0/RP0/CPU0,ipv4,8,0,0,0

2020-02-06 19:42:35.989000+00:00,leaf4,sg4,obt-collector1,0/RP0/CPU0,ipv6,2,0,0,0

2020-02-06 19:42:35.990000+00:00,leaf4,sg4,obt-collector1,0/RP0/CPU0,mpls,0,0,0,0

2020-02-06 19:42:55.254000+00:00,leaf4,sg4,obt-collector1,0/0/CPU0,ipv4,9,21,0,0

2020-02-06 19:42:55.255000+00:00,leaf4,sg4,obt-collector1,0/0/CPU0,ipv6,6,20,0,0

2020-02-06 19:42:55.256000+00:00,leaf4,sg4,obt-collector1,0/0/CPU0,mpls,0,0,0,0

2020-02-06 19:42:55.259000+00:00,leaf4,sg4,obt-collector1,0/RP0/CPU0,ipv4,8,0,0,0

2020-02-06 19:42:55.260000+00:00,leaf4,sg4,obt-collector1,0/RP0/CPU0,ipv6,2,0,0,0

2020-02-06 19:42:55.261000+00:00,leaf4,sg4,obt-collector1,0/RP0/CPU0,mpls,0,0,0,0

2020-02-06 19:43:30.829000+00:00,leaf4,sg4,obt-collector1,0/0/CPU0,ipv4,9,21,0,0

2020-02-06 19:43:30.830000+00:00,leaf4,sg4,obt-collector1,0/0/CPU0,ipv6,6,20,0,0

2020-02-06 19:43:30.831000+00:00,leaf4,sg4,obt-collector1,0/0/CPU0,mpls,0,0,0,0

2020-02-06 19:43:30.834000+00:00,leaf4,sg4,obt-collector1,0/RP0/CPU0,ipv4,8,0,0,0

2020-02-06 19:43:30.835000+00:00,leaf4,sg4,obt-collector1,0/RP0/CPU0,ipv6,2,0,0,0

2020-02-06 19:43:30.837000+00:00,leaf4,sg4,obt-collector1,0/RP0/CPU0,mpls,0,0,0,0

2020-02-06 19:43:37.851000+00:00,leaf4,sg4,obt-collector1,0/0/CPU0,ipv4,9,21,0,0

2020-02-06 19:43:37.853000+00:00,leaf4,sg4,obt-collector1,0/0/CPU0,ipv6,6,20,0,0

2020-02-06 19:43:37.854000+00:00,leaf4,sg4,obt-collector1,0/0/CPU0,mpls,0,0,0,0

2020-02-06 19:43:37.861000+00:00,leaf4,sg4,obt-collector1,0/RP0/CPU0,ipv4,8,0,0,0

2020-02-06 19:43:37.862000+00:00,leaf4,sg4,obt-collector1,0/RP0/CPU0,ipv6,2,0,0,0

2020-02-06 19:43:37.863000+00:00,leaf4,sg4,obt-collector1,0/RP0/CPU0,mpls,0,0,0,0

2020-02-06 19:43:44.627000+00:00,leaf4,sg4,obt-collector1,0/0/CPU0,ipv4,9,21,0,0

2020-02-06 19:43:44.628000+00:00,leaf4,sg4,obt-collector1,0/0/CPU0,ipv6,6,20,0,0

2020-02-06 19:43:44.630000+00:00,leaf4,sg4,obt-collector1,0/0/CPU0,mpls,0,0,0,0

2020-02-06 19:43:44.632000+00:00,leaf4,sg4,obt-collector1,0/RP0/CPU0,ipv4,8,0,0,0

2020-02-06 19:43:44.633000+00:00,leaf4,sg4,obt-collector1,0/RP0/CPU0,ipv6,2,0,0,0

2020-02-06 19:43:44.635000+00:00,leaf4,sg4,obt-collector1,0/RP0/CPU0,mpls,0,0,0,0

2020-02-06 19:43:47.932000+00:00,leaf4,sg4,obt-collector1,0/0/CPU0,ipv4,9,21,0,0

2020-02-06 19:43:47.933000+00:00,leaf4,sg4,obt-collector1,0/0/CPU0,ipv6,6,20,0,0

2020-02-06 19:43:47.934000+00:00,leaf4,sg4,obt-collector1,0/0/CPU0,mpls,0,0,0,0

2020-02-06 19:43:47.937000+00:00,leaf4,sg4,obt-collector1,0/RP0/CPU0,ipv4,8,0,0,0

2020-02-06 19:43:47.938000+00:00,leaf4,sg4,obt-collector1,0/RP0/CPU0,ipv6,2,0,0,0

2020-02-06 19:43:47.939000+00:00,leaf4,sg4,obt-collector1,0/RP0/CPU0,mpls,0,0,0,0

2020-02-06 19:44:31.902000+00:00,leaf4,sg4,obt-collector1,0/0/CPU0,ipv4,9,21,0,0

2020-02-06 19:44:31.903000+00:00,leaf4,sg4,obt-collector1,0/0/CPU0,ipv6,6,20,0,0

2020-02-06 19:44:31.904000+00:00,leaf4,sg4,obt-collector1,0/0/CPU0,mpls,0,0,0,0

2020-02-06 19:44:31.907000+00:00,leaf4,sg4,obt-collector1,0/RP0/CPU0,ipv4,8,0,0,0

2020-02-06 19:44:31.908000+00:00,leaf4,sg4,obt-collector1,0/RP0/CPU0,ipv6,2,0,0,0

2020-02-06 19:44:31.909000+00:00,leaf4,sg4,obt-collector1,0/RP0/CPU0,mpls,0,0,0,0

2020-02-06 19:44:51.458000+00:00,leaf4,sg4,obt-collector1,0/0/CPU0,ipv4,9,21,0,0

2020-02-06 19:44:51.460000+00:00,leaf4,sg4,obt-collector1,0/0/CPU0,ipv6,6,20,0,0

2020-02-06 19:44:51.461000+00:00,leaf4,sg4,obt-collector1,0/0/CPU0,mpls,0,0,0,0

2020-02-06 19:44:51.464000+00:00,leaf4,sg4,obt-collector1,0/RP0/CPU0,ipv4,8,0,0,0

2020-02-06 19:44:51.465000+00:00,leaf4,sg4,obt-collector1,0/RP0/CPU0,ipv6,2,0,0,0

2020-02-06 19:44:51.465000+00:00,leaf4,sg4,obt-collector1,0/RP0/CPU0,mpls,0,0,0,0

2020-02-06 19:45:07.574000+00:00,leaf4,sg4,obt-collector1,0/0/CPU0,ipv4,9,21,0,0

2020-02-06 19:45:07.576000+00:00,leaf4,sg4,obt-collector1,0/0/CPU0,ipv6,6,20,0,0

2020-02-06 19:45:07.577000+00:00,leaf4,sg4,obt-collector1,0/0/CPU0,mpls,0,0,0,0

2020-02-06 19:45:07.580000+00:00,leaf4,sg4,obt-collector1,0/RP0/CPU0,ipv4,8,0,0,0

2020-02-06 19:45:07.581000+00:00,leaf4,sg4,obt-collector1,0/RP0/CPU0,ipv6,2,0,0,0

2020-02-06 19:45:07.582000+00:00,leaf4,sg4,obt-collector1,0/RP0/CPU0,mpls,0,0,0,0

