,Producer,Target,common-info/count,host,node-name,total-counters/array-number-of-object/num-objects,total-counters/array-number-of-object/object-type,total-counters/array-number-of-retry/num-retries,total-counters/array-number-of-retry/retry-object-type,total-counters/num-retry-ojbects,total-counters/num-retry-timeouts

2020-02-06 19:32:11.051000+00:00,leaf4,sg4,0,obt-collector1,0/0/CPU0,0,DATA_TYPE_ENCAP_ID,0,,0,126

2020-02-06 19:32:11.052000+00:00,leaf4,sg4,0,obt-collector1,0/RP0/CPU0,0,DATA_TYPE_ENCAP_ID,0,,0,133

2020-02-06 19:32:25.462000+00:00,leaf4,sg4,0,obt-collector1,0/0/CPU0,0,DATA_TYPE_ENCAP_ID,0,,0,126

2020-02-06 19:32:25.463000+00:00,leaf4,sg4,0,obt-collector1,0/RP0/CPU0,0,DATA_TYPE_ENCAP_ID,0,,0,133

2020-02-06 19:32:41.538000+00:00,leaf4,sg4,0,obt-collector1,0/0/CPU0,0,DATA_TYPE_ENCAP_ID,0,,0,126

2020-02-06 19:32:41.539000+00:00,leaf4,sg4,0,obt-collector1,0/RP0/CPU0,0,DATA_TYPE_ENCAP_ID,0,,0,133

2020-02-06 19:32:44.858000+00:00,leaf4,sg4,0,obt-collector1,0/0/CPU0,0,DATA_TYPE_ENCAP_ID,0,,0,126

2020-02-06 19:32:44.860000+00:00,leaf4,sg4,0,obt-collector1,0/RP0/CPU0,0,DATA_TYPE_ENCAP_ID,0,,0,133

2020-02-06 19:32:54.518000+00:00,leaf4,sg4,0,obt-collector1,0/0/CPU0,0,DATA_TYPE_ENCAP_ID,0,,0,126

2020-02-06 19:32:54.519000+00:00,leaf4,sg4,0,obt-collector1,0/RP0/CPU0,0,DATA_TYPE_ENCAP_ID,0,,0,133

2020-02-06 19:32:57.878000+00:00,leaf4,sg4,0,obt-collector1,0/0/CPU0,0,DATA_TYPE_ENCAP_ID,0,,0,126

2020-02-06 19:32:57.879000+00:00,leaf4,sg4,0,obt-collector1,0/RP0/CPU0,0,DATA_TYPE_ENCAP_ID,0,,0,133

2020-02-06 19:33:15.123000+00:00,leaf4,sg4,0,obt-collector1,0/0/CPU0,0,DATA_TYPE_ENCAP_ID,0,,0,126

2020-02-06 19:33:15.125000+00:00,leaf4,sg4,0,obt-collector1,0/RP0/CPU0,0,DATA_TYPE_ENCAP_ID,0,,0,133

2020-02-06 19:33:37.538000+00:00,leaf4,sg4,0,obt-collector1,0/0/CPU0,0,DATA_TYPE_ENCAP_ID,0,,0,126

2020-02-06 19:33:37.539000+00:00,leaf4,sg4,0,obt-collector1,0/RP0/CPU0,0,DATA_TYPE_ENCAP_ID,0,,0,133

2020-02-06 19:34:03.780000+00:00,leaf4,sg4,0,obt-collector1,0/0/CPU0,0,DATA_TYPE_ENCAP_ID,0,,0,126

2020-02-06 19:34:03.781000+00:00,leaf4,sg4,0,obt-collector1,0/RP0/CPU0,0,DATA_TYPE_ENCAP_ID,0,,0,133

2020-02-06 19:34:07.167000+00:00,leaf4,sg4,0,obt-collector1,0/0/CPU0,0,DATA_TYPE_ENCAP_ID,0,,0,126

2020-02-06 19:34:07.168000+00:00,leaf4,sg4,0,obt-collector1,0/RP0/CPU0,0,DATA_TYPE_ENCAP_ID,0,,0,133

2020-02-06 19:34:45.393000+00:00,leaf4,sg4,0,obt-collector1,0/0/CPU0,0,DATA_TYPE_ENCAP_ID,0,,0,126

2020-02-06 19:34:45.394000+00:00,leaf4,sg4,0,obt-collector1,0/RP0/CPU0,0,DATA_TYPE_ENCAP_ID,0,,0,133

2020-02-06 19:34:58.589000+00:00,leaf4,sg4,0,obt-collector1,0/0/CPU0,0,DATA_TYPE_ENCAP_ID,0,,0,126

2020-02-06 19:34:58.591000+00:00,leaf4,sg4,0,obt-collector1,0/RP0/CPU0,0,DATA_TYPE_ENCAP_ID,0,,0,133

2020-02-06 19:35:01.826000+00:00,leaf4,sg4,0,obt-collector1,0/0/CPU0,0,DATA_TYPE_ENCAP_ID,0,,0,126

2020-02-06 19:35:01.827000+00:00,leaf4,sg4,0,obt-collector1,0/RP0/CPU0,0,DATA_TYPE_ENCAP_ID,0,,0,133

2020-02-06 19:35:08.357000+00:00,leaf4,sg4,0,obt-collector1,0/0/CPU0,0,DATA_TYPE_ENCAP_ID,0,,0,126

2020-02-06 19:35:08.358000+00:00,leaf4,sg4,0,obt-collector1,0/RP0/CPU0,0,DATA_TYPE_ENCAP_ID,0,,0,133

2020-02-06 19:35:19.216000+00:00,leaf4,sg4,0,obt-collector1,0/0/CPU0,0,DATA_TYPE_ENCAP_ID,0,,0,126

2020-02-06 19:35:19.218000+00:00,leaf4,sg4,0,obt-collector1,0/RP0/CPU0,0,DATA_TYPE_ENCAP_ID,0,,0,133

2020-02-06 19:35:22.433000+00:00,leaf4,sg4,0,obt-collector1,0/0/CPU0,0,DATA_TYPE_ENCAP_ID,0,,0,126

2020-02-06 19:35:22.434000+00:00,leaf4,sg4,0,obt-collector1,0/RP0/CPU0,0,DATA_TYPE_ENCAP_ID,0,,0,133

2020-02-06 19:35:39.165000+00:00,leaf4,sg4,0,obt-collector1,0/0/CPU0,0,DATA_TYPE_ENCAP_ID,0,,0,126

2020-02-06 19:35:39.166000+00:00,leaf4,sg4,0,obt-collector1,0/RP0/CPU0,0,DATA_TYPE_ENCAP_ID,0,,0,133

2020-02-06 19:35:55.485000+00:00,leaf4,sg4,0,obt-collector1,0/0/CPU0,0,DATA_TYPE_ENCAP_ID,0,,0,126

2020-02-06 19:35:55.487000+00:00,leaf4,sg4,0,obt-collector1,0/RP0/CPU0,0,DATA_TYPE_ENCAP_ID,0,,0,133

2020-02-06 19:36:14.862000+00:00,leaf4,sg4,0,obt-collector1,0/0/CPU0,0,DATA_TYPE_ENCAP_ID,0,,0,126

2020-02-06 19:36:14.863000+00:00,leaf4,sg4,0,obt-collector1,0/RP0/CPU0,0,DATA_TYPE_ENCAP_ID,0,,0,133

2020-02-06 19:36:22.595000+00:00,leaf4,sg4,0,obt-collector1,0/0/CPU0,0,DATA_TYPE_ENCAP_ID,0,,0,126

2020-02-06 19:36:22.597000+00:00,leaf4,sg4,0,obt-collector1,0/RP0/CPU0,0,DATA_TYPE_ENCAP_ID,0,,0,133

2020-02-06 19:36:45.243000+00:00,leaf4,sg4,0,obt-collector1,0/0/CPU0,0,DATA_TYPE_ENCAP_ID,0,,0,126

2020-02-06 19:36:45.244000+00:00,leaf4,sg4,0,obt-collector1,0/RP0/CPU0,0,DATA_TYPE_ENCAP_ID,0,,0,133

2020-02-06 19:36:48.424000+00:00,leaf4,sg4,0,obt-collector1,0/0/CPU0,0,DATA_TYPE_ENCAP_ID,0,,0,126

2020-02-06 19:36:48.425000+00:00,leaf4,sg4,0,obt-collector1,0/RP0/CPU0,0,DATA_TYPE_ENCAP_ID,0,,0,133

2020-02-06 19:36:54.932000+00:00,leaf4,sg4,0,obt-collector1,0/0/CPU0,0,DATA_TYPE_ENCAP_ID,0,,0,126

2020-02-06 19:36:54.933000+00:00,leaf4,sg4,0,obt-collector1,0/RP0/CPU0,0,DATA_TYPE_ENCAP_ID,0,,0,133

2020-02-06 19:37:08.635000+00:00,leaf4,sg4,0,obt-collector1,0/0/CPU0,0,DATA_TYPE_ENCAP_ID,0,,0,126

2020-02-06 19:37:08.637000+00:00,leaf4,sg4,0,obt-collector1,0/RP0/CPU0,0,DATA_TYPE_ENCAP_ID,0,,0,133

2020-02-06 19:37:26.165000+00:00,leaf4,sg4,0,obt-collector1,0/0/CPU0,0,DATA_TYPE_ENCAP_ID,0,,0,126

2020-02-06 19:37:26.166000+00:00,leaf4,sg4,0,obt-collector1,0/RP0/CPU0,0,DATA_TYPE_ENCAP_ID,0,,0,133

2020-02-06 19:37:29.452000+00:00,leaf4,sg4,0,obt-collector1,0/0/CPU0,0,DATA_TYPE_ENCAP_ID,0,,0,126

2020-02-06 19:37:29.454000+00:00,leaf4,sg4,0,obt-collector1,0/RP0/CPU0,0,DATA_TYPE_ENCAP_ID,0,,0,133

2020-02-06 19:37:42.909000+00:00,leaf4,sg4,0,obt-collector1,0/0/CPU0,0,DATA_TYPE_ENCAP_ID,0,,0,126

2020-02-06 19:37:42.911000+00:00,leaf4,sg4,0,obt-collector1,0/RP0/CPU0,0,DATA_TYPE_ENCAP_ID,0,,0,133

2020-02-06 19:37:53.044000+00:00,leaf4,sg4,0,obt-collector1,0/0/CPU0,0,DATA_TYPE_ENCAP_ID,0,,0,126

2020-02-06 19:37:53.045000+00:00,leaf4,sg4,0,obt-collector1,0/RP0/CPU0,0,DATA_TYPE_ENCAP_ID,0,,0,133

2020-02-06 19:38:12.565000+00:00,leaf4,sg4,0,obt-collector1,0/0/CPU0,0,DATA_TYPE_ENCAP_ID,0,,0,126

2020-02-06 19:38:12.566000+00:00,leaf4,sg4,0,obt-collector1,0/RP0/CPU0,0,DATA_TYPE_ENCAP_ID,0,,0,133

2020-02-06 19:38:15.770000+00:00,leaf4,sg4,0,obt-collector1,0/0/CPU0,0,DATA_TYPE_ENCAP_ID,0,,0,126

2020-02-06 19:38:15.771000+00:00,leaf4,sg4,0,obt-collector1,0/RP0/CPU0,0,DATA_TYPE_ENCAP_ID,0,,0,133

2020-02-06 19:38:26.781000+00:00,leaf4,sg4,0,obt-collector1,0/0/CPU0,0,DATA_TYPE_ENCAP_ID,0,,0,126

2020-02-06 19:38:26.782000+00:00,leaf4,sg4,0,obt-collector1,0/RP0/CPU0,0,DATA_TYPE_ENCAP_ID,0,,0,133

2020-02-06 19:38:33.284000+00:00,leaf4,sg4,0,obt-collector1,0/0/CPU0,0,DATA_TYPE_ENCAP_ID,0,,0,126

2020-02-06 19:38:33.285000+00:00,leaf4,sg4,0,obt-collector1,0/RP0/CPU0,0,DATA_TYPE_ENCAP_ID,0,,0,133

2020-02-06 19:38:46.141000+00:00,leaf4,sg4,0,obt-collector1,0/0/CPU0,0,DATA_TYPE_ENCAP_ID,0,,0,126

2020-02-06 19:38:46.142000+00:00,leaf4,sg4,0,obt-collector1,0/RP0/CPU0,0,DATA_TYPE_ENCAP_ID,0,,0,133

2020-02-06 19:39:02.447000+00:00,leaf4,sg4,0,obt-collector1,0/0/CPU0,0,DATA_TYPE_ENCAP_ID,0,,0,126

2020-02-06 19:39:02.449000+00:00,leaf4,sg4,0,obt-collector1,0/RP0/CPU0,0,DATA_TYPE_ENCAP_ID,0,,0,133

2020-02-06 19:39:08.872000+00:00,leaf4,sg4,0,obt-collector1,0/0/CPU0,0,DATA_TYPE_ENCAP_ID,0,,0,126

2020-02-06 19:39:08.873000+00:00,leaf4,sg4,0,obt-collector1,0/RP0/CPU0,0,DATA_TYPE_ENCAP_ID,0,,0,133

2020-02-06 19:39:15.244000+00:00,leaf4,sg4,0,obt-collector1,0/0/CPU0,0,DATA_TYPE_ENCAP_ID,0,,0,126

2020-02-06 19:39:15.245000+00:00,leaf4,sg4,0,obt-collector1,0/RP0/CPU0,0,DATA_TYPE_ENCAP_ID,0,,0,133

2020-02-06 19:39:21.837000+00:00,leaf4,sg4,0,obt-collector1,0/0/CPU0,0,DATA_TYPE_ENCAP_ID,0,,0,126

2020-02-06 19:39:21.839000+00:00,leaf4,sg4,0,obt-collector1,0/RP0/CPU0,0,DATA_TYPE_ENCAP_ID,0,,0,133

2020-02-06 19:39:25.626000+00:00,leaf4,sg4,0,obt-collector1,0/0/CPU0,0,DATA_TYPE_ENCAP_ID,0,,0,126

2020-02-06 19:39:25.627000+00:00,leaf4,sg4,0,obt-collector1,0/RP0/CPU0,0,DATA_TYPE_ENCAP_ID,0,,0,133

2020-02-06 19:39:41.659000+00:00,leaf4,sg4,0,obt-collector1,0/0/CPU0,0,DATA_TYPE_ENCAP_ID,0,,0,126

2020-02-06 19:39:41.660000+00:00,leaf4,sg4,0,obt-collector1,0/RP0/CPU0,0,DATA_TYPE_ENCAP_ID,0,,0,133

2020-02-06 19:40:05.206000+00:00,leaf4,sg4,0,obt-collector1,0/0/CPU0,0,DATA_TYPE_ENCAP_ID,0,,0,126

2020-02-06 19:40:05.207000+00:00,leaf4,sg4,0,obt-collector1,0/RP0/CPU0,0,DATA_TYPE_ENCAP_ID,0,,0,133

2020-02-06 19:40:33.360000+00:00,leaf4,sg4,0,obt-collector1,0/0/CPU0,0,DATA_TYPE_ENCAP_ID,0,,0,126

2020-02-06 19:40:33.361000+00:00,leaf4,sg4,0,obt-collector1,0/RP0/CPU0,0,DATA_TYPE_ENCAP_ID,0,,0,133

2020-02-06 19:40:39.997000+00:00,leaf4,sg4,0,obt-collector1,0/0/CPU0,0,DATA_TYPE_ENCAP_ID,0,,0,126

2020-02-06 19:40:39.998000+00:00,leaf4,sg4,0,obt-collector1,0/RP0/CPU0,0,DATA_TYPE_ENCAP_ID,0,,0,133

2020-02-06 19:40:53.353000+00:00,leaf4,sg4,0,obt-collector1,0/0/CPU0,0,DATA_TYPE_ENCAP_ID,0,,0,126

2020-02-06 19:40:53.355000+00:00,leaf4,sg4,0,obt-collector1,0/RP0/CPU0,0,DATA_TYPE_ENCAP_ID,0,,0,133

2020-02-06 19:41:13.022000+00:00,leaf4,sg4,0,obt-collector1,0/0/CPU0,0,DATA_TYPE_ENCAP_ID,0,,0,126

2020-02-06 19:41:13.024000+00:00,leaf4,sg4,0,obt-collector1,0/RP0/CPU0,0,DATA_TYPE_ENCAP_ID,0,,0,133

2020-02-06 19:41:16.218000+00:00,leaf4,sg4,0,obt-collector1,0/0/CPU0,0,DATA_TYPE_ENCAP_ID,0,,0,126

2020-02-06 19:41:16.220000+00:00,leaf4,sg4,0,obt-collector1,0/RP0/CPU0,0,DATA_TYPE_ENCAP_ID,0,,0,133

2020-02-06 19:41:30.246000+00:00,leaf4,sg4,0,obt-collector1,0/0/CPU0,0,DATA_TYPE_ENCAP_ID,0,,0,126

2020-02-06 19:41:30.247000+00:00,leaf4,sg4,0,obt-collector1,0/RP0/CPU0,0,DATA_TYPE_ENCAP_ID,0,,0,133

2020-02-06 19:41:33.427000+00:00,leaf4,sg4,0,obt-collector1,0/0/CPU0,0,DATA_TYPE_ENCAP_ID,0,,0,126

2020-02-06 19:41:33.428000+00:00,leaf4,sg4,0,obt-collector1,0/RP0/CPU0,0,DATA_TYPE_ENCAP_ID,0,,0,133

2020-02-06 19:42:05.724000+00:00,leaf4,sg4,0,obt-collector1,0/0/CPU0,0,DATA_TYPE_ENCAP_ID,0,,0,126

2020-02-06 19:42:05.725000+00:00,leaf4,sg4,0,obt-collector1,0/RP0/CPU0,0,DATA_TYPE_ENCAP_ID,0,,0,133

2020-02-06 19:42:12.290000+00:00,leaf4,sg4,0,obt-collector1,0/0/CPU0,0,DATA_TYPE_ENCAP_ID,0,,0,126

2020-02-06 19:42:12.291000+00:00,leaf4,sg4,0,obt-collector1,0/RP0/CPU0,0,DATA_TYPE_ENCAP_ID,0,,0,133

2020-02-06 19:42:32.929000+00:00,leaf4,sg4,0,obt-collector1,0/0/CPU0,0,DATA_TYPE_ENCAP_ID,0,,0,126

2020-02-06 19:42:32.931000+00:00,leaf4,sg4,0,obt-collector1,0/RP0/CPU0,0,DATA_TYPE_ENCAP_ID,0,,0,133

2020-02-06 19:42:36.144000+00:00,leaf4,sg4,0,obt-collector1,0/0/CPU0,0,DATA_TYPE_ENCAP_ID,0,,0,126

2020-02-06 19:42:36.145000+00:00,leaf4,sg4,0,obt-collector1,0/RP0/CPU0,0,DATA_TYPE_ENCAP_ID,0,,0,133

2020-02-06 19:42:55.446000+00:00,leaf4,sg4,0,obt-collector1,0/0/CPU0,0,DATA_TYPE_ENCAP_ID,0,,0,126

2020-02-06 19:42:55.447000+00:00,leaf4,sg4,0,obt-collector1,0/RP0/CPU0,0,DATA_TYPE_ENCAP_ID,0,,0,133

2020-02-06 19:43:16.139000+00:00,leaf4,sg4,0,obt-collector1,0/0/CPU0,0,DATA_TYPE_ENCAP_ID,0,,0,126

2020-02-06 19:43:16.141000+00:00,leaf4,sg4,0,obt-collector1,0/RP0/CPU0,0,DATA_TYPE_ENCAP_ID,0,,0,133

2020-02-06 19:43:26.464000+00:00,leaf4,sg4,0,obt-collector1,0/0/CPU0,0,DATA_TYPE_ENCAP_ID,0,,0,126

2020-02-06 19:43:26.466000+00:00,leaf4,sg4,0,obt-collector1,0/RP0/CPU0,0,DATA_TYPE_ENCAP_ID,0,,0,133

2020-02-06 19:43:31.032000+00:00,leaf4,sg4,0,obt-collector1,0/0/CPU0,0,DATA_TYPE_ENCAP_ID,0,,0,126

2020-02-06 19:43:31.033000+00:00,leaf4,sg4,0,obt-collector1,0/RP0/CPU0,0,DATA_TYPE_ENCAP_ID,0,,0,133

2020-02-06 19:43:38.028000+00:00,leaf4,sg4,0,obt-collector1,0/0/CPU0,0,DATA_TYPE_ENCAP_ID,0,,0,126

2020-02-06 19:43:38.029000+00:00,leaf4,sg4,0,obt-collector1,0/RP0/CPU0,0,DATA_TYPE_ENCAP_ID,0,,0,133

2020-02-06 19:43:44.796000+00:00,leaf4,sg4,0,obt-collector1,0/0/CPU0,0,DATA_TYPE_ENCAP_ID,0,,0,126

2020-02-06 19:43:44.798000+00:00,leaf4,sg4,0,obt-collector1,0/RP0/CPU0,0,DATA_TYPE_ENCAP_ID,0,,0,133

2020-02-06 19:43:48.099000+00:00,leaf4,sg4,0,obt-collector1,0/0/CPU0,0,DATA_TYPE_ENCAP_ID,0,,0,126

2020-02-06 19:43:48.101000+00:00,leaf4,sg4,0,obt-collector1,0/RP0/CPU0,0,DATA_TYPE_ENCAP_ID,0,,0,133

2020-02-06 19:44:14.471000+00:00,leaf4,sg4,0,obt-collector1,0/0/CPU0,0,DATA_TYPE_ENCAP_ID,0,,0,126

2020-02-06 19:44:14.472000+00:00,leaf4,sg4,0,obt-collector1,0/RP0/CPU0,0,DATA_TYPE_ENCAP_ID,0,,0,133

2020-02-06 19:44:32.067000+00:00,leaf4,sg4,0,obt-collector1,0/0/CPU0,0,DATA_TYPE_ENCAP_ID,0,,0,126

2020-02-06 19:44:32.068000+00:00,leaf4,sg4,0,obt-collector1,0/RP0/CPU0,0,DATA_TYPE_ENCAP_ID,0,,0,133

2020-02-06 19:44:51.622000+00:00,leaf4,sg4,0,obt-collector1,0/0/CPU0,0,DATA_TYPE_ENCAP_ID,0,,0,126

2020-02-06 19:44:51.623000+00:00,leaf4,sg4,0,obt-collector1,0/RP0/CPU0,0,DATA_TYPE_ENCAP_ID,0,,0,133

