,Producer,Target,ack-only-packets-sent,ack-packets-for-unsent-received,ack-packets-received,ackbytes-received,after-window-bytes-received,after-window-packets-received,bad-checksum-packets-received,bytes-retransmitted,connection-rate-limited,connections-accepted,connections-closed,connections-dropped,connections-established,connections-failed,connections-forcibly-closed,connections-requested,control-packets-sent,data-bytes-received-in-sequence,data-bytes-sent,data-packets-received-in-sequence,data-pakets-sent,delay-ack-packets-sent,duplicate-bytes-received,duplicate-packets-received,duplicated-ack-packets-received,embryonic-connection-dropped,established-connections-reset,high-water-mark-throttle,host,i-qs-total-egpackets,i-qs-total-ingpackets,id,iq-ingress-drops,iq-sock-aborts,iq-sock-retries,iq-sock-writes,iqs-total-egpacket/entry,iqs-total-ingpacket/entry,keep-alive-dropped,keep-alive-probes,keep-alive-timeouts,low-water-mark-throttle,malformed-packets-received,mss-down,mss-up,no-port-packets-received,no-throttle,num-open-sockets,out-of-order-bytes-received,out-of-order-packets-received,packet-failures,packets-received-after-close-packet,packets-retransmitted,partial-duplicate-ack-received,partial-duplicate-bytes-received,paws-dropped,persist-dropped,pulse-errors,reassembly-packets,received-auth-packets-dropped,received-packets-dropped,received-packets-dropped-stale-c-hdr,recovered-packets,retransmit-dropped,retransmit-timeouts,rst-packets-sent,send-auth-packets-dropped,send-packets-dropped,sock-async-double-free-prevent-count,sockbuf-pak-res-cur,sockbuf-pak-res-max,socket-layer-packets,stalled-timer-tickle-count,stalled-timer-tickle-time,syn-cache-aborted,syn-cache-added,syn-cache-bucket-oflow,syn-cache-completed,syn-cache-count,syn-cache-dropped,syn-cache-duplicate-sy-ns,syn-cache-overflow,syn-cache-reset,syn-cache-timed-out,syn-cache-unreach,synacl-match-pkts-dropped,too-short-packets-received,total-i-qs,total-packets-received,total-pakets-sent,truncated-write-iov,try-lock-dropped,urgent-only-packets-sent,window-probe-packets-received,window-probe-packets-sent,window-update-packets-received,window-update-packets-sent

2020-02-06 19:31:55.573000+00:00,leaf4,sg0,1656267,0,8414807,3316152841,0,0,0,31933,0,1593,30826,2001,29693,7097,0,35198,89062,158371681,3316108968,2317674,14254468,1513383,1505,44,49,1182,636,0,obt-collector1,,,0/RP0/CPU0,0,0,0,4056756,0,0,1182,4986,19180,0,0,0,0,16666,86178,63,64,3,0,0,22345,0,0,0,0,0,0,0,16753,0,0,0,51623,1956,0,0,0,0,4000,0,0,0,0,0,0,0,0,0,0,0,0,0,0,0,0,8,10193881,14283722,0,0,0,0,0,8439993,86178

2020-02-06 19:31:58.796000+00:00,leaf4,sg0,1656285,0,8414973,3316373218,0,0,0,31933,0,1593,30827,2001,29693,7097,0,35198,89066,158372427,3316329344,2317711,14254726,1513400,1505,44,49,1182,636,0,obt-collector1,,,0/RP0/CPU0,0,0,0,4056831,0,0,1182,4986,19180,0,0,0,0,16691,86178,62,64,3,0,0,22345,0,0,0,0,0,0,0,16778,0,0,0,51623,1959,0,0,0,0,4000,0,0,0,0,0,0,0,0,0,0,0,0,0,0,0,0,8,10194094,14283983,0,0,0,0,0,8440158,86178

2020-02-06 19:32:02.026000+00:00,leaf4,sg0,1656313,0,8415021,3316377382,0,0,0,31933,0,1593,30827,2001,29693,7097,0,35198,89067,158378702,3316333508,2317762,14254802,1513424,1505,44,49,1182,636,0,obt-collector1,,,0/RP0/CPU0,0,0,0,4056916,0,0,1182,4987,19181,0,0,0,0,16702,86182,62,64,3,0,0,22346,0,0,0,0,0,0,0,16789,0,0,0,51624,1959,0,0,0,0,4000,0,0,0,0,0,0,0,0,0,0,0,0,0,0,0,0,8,10194188,14284061,0,0,0,0,0,8440212,86182

2020-02-06 19:32:29.702000+00:00,leaf4,sg0,1656432,0,8416024,3317721838,0,0,0,33393,0,1593,30831,2002,29696,7098,0,35202,89096,158395237,3317677958,2317997,14256331,1513525,1505,44,49,1183,636,0,obt-collector1,,,0/RP0/CPU0,0,0,0,4057322,0,0,1183,4988,19184,0,0,0,0,16895,86194,63,64,3,0,0,22348,0,0,0,0,0,0,0,16982,0,0,0,51629,1980,0,0,0,0,4000,0,0,0,0,0,0,0,0,0,0,0,0,0,0,0,0,8,10195557,14285614,0,0,0,0,0,8441208,86194

2020-02-06 19:32:32.975000+00:00,leaf4,sg0,1656461,0,8416065,3317724126,0,0,0,33393,0,1593,30831,2002,29696,7098,0,35202,89098,158396825,3317680246,2318043,14256401,1513554,1505,44,49,1183,636,0,obt-collector1,,,0/RP0/CPU0,0,0,0,4057409,0,0,1183,4988,19184,0,0,0,0,16913,86194,63,64,3,0,0,22349,0,0,0,0,0,0,0,17000,0,0,0,51630,1981,0,0,0,0,4000,0,0,0,0,0,0,0,0,0,0,0,0,0,0,0,0,8,10195642,14285686,0,0,0,0,0,8441249,86194

2020-02-06 19:32:58.935000+00:00,leaf4,sg0,1656585,0,8417134,3319085625,0,0,0,33393,0,1593,30834,2002,29699,7099,0,35206,89124,158409970,3319046123,2318272,14258002,1513665,1505,44,49,1183,636,0,obt-collector1,,,0/RP0/CPU0,0,0,0,4057811,0,0,1183,4988,19186,0,0,0,0,17094,86201,63,64,3,0,0,22351,0,0,0,0,0,0,0,17181,0,0,0,51635,1998,0,0,0,0,4000,0,0,0,0,0,0,0,0,0,0,0,0,0,0,0,0,8,10197046,14287306,0,0,0,0,0,8442303,86201

2020-02-06 19:33:05.349000+00:00,leaf4,sg0,1656612,0,8417225,3319118247,0,0,0,33393,0,1593,30835,2002,29700,7099,0,35208,89131,158419604,3319074359,2318332,14258128,1513684,1505,44,49,1183,636,0,obt-collector1,,,0/RP0/CPU0,0,0,0,4057918,0,0,1183,4989,19187,0,0,0,0,17137,86207,64,64,3,0,0,22352,0,0,0,0,0,0,0,17224,0,0,0,51637,2002,0,0,0,0,4000,0,0,0,0,0,0,0,0,0,0,0,0,0,0,0,0,8,10197223,14287438,0,0,0,0,0,8442400,86207

2020-02-06 19:33:11.793000+00:00,leaf4,sg0,1656661,0,8417586,3319560201,0,0,0,33393,0,1593,30836,2002,29701,7099,0,35208,89143,158421409,3319516311,2318414,14258661,1513731,1505,44,49,1183,636,0,obt-collector1,,,0/RP0/CPU0,0,0,0,4058077,0,0,1183,4989,19187,0,0,0,0,17194,86207,63,64,3,0,0,22353,0,0,0,0,0,0,0,17281,0,0,0,51639,2011,0,0,0,0,4000,0,0,0,0,0,0,0,0,0,0,0,0,0,0,0,0,8,10197691,14287981,0,0,0,0,0,8442749,86207

2020-02-06 19:33:28.922000+00:00,leaf4,sg0,1656747,0,8418177,3320236705,0,0,0,33393,0,1593,30838,2002,29704,7100,0,35211,89166,158432674,3320192809,2318559,14259522,1513805,1505,44,49,1183,636,0,obt-collector1,,,0/RP0/CPU0,0,0,0,4058318,0,0,1183,4989,19188,0,0,0,0,17348,86213,64,64,3,0,0,22353,0,0,0,0,0,0,0,17435,0,0,0,51642,2028,0,0,0,0,4000,0,0,0,0,0,0,0,0,0,0,0,0,0,0,0,0,8,10198533,14288859,0,0,0,0,0,8443324,86213

2020-02-06 19:33:51.464000+00:00,leaf4,sg0,1656866,0,8419074,3321346052,0,0,0,33489,0,1593,30838,2002,29704,7100,0,35212,89188,158445398,3321302555,2318773,14260853,1513916,1505,44,49,1183,636,0,obt-collector1,,,0/RP0/CPU0,0,0,0,4058711,0,0,1183,4990,19190,0,0,0,0,17549,86221,64,64,3,0,0,22357,0,0,0,0,0,0,0,17636,0,0,0,51646,2046,0,0,0,0,4000,0,0,0,0,0,0,0,0,0,0,0,0,0,0,0,0,8,10199762,14290213,0,0,0,0,0,8444208,86221

2020-02-06 19:33:58.087000+00:00,leaf4,sg0,1656916,0,8419350,3321632337,0,0,0,33489,0,1593,30841,2002,29707,7100,0,35215,89205,158446937,3321588435,2318831,14261232,1513960,1505,44,49,1183,636,0,obt-collector1,,,0/RP0/CPU0,0,0,0,4058804,0,0,1183,4990,19190,0,0,0,0,17626,86221,64,64,3,0,0,22357,0,0,0,0,0,0,0,17713,0,0,0,51649,2057,0,0,0,0,4000,0,0,0,0,0,0,0,0,0,0,0,0,0,0,0,0,8,10200148,14290603,0,0,0,0,0,8444466,86221

2020-02-06 19:34:08.387000+00:00,leaf4,sg0,1656969,0,8419756,3322087675,0,0,0,34949,0,1593,30841,2002,29707,7101,0,35216,89223,158456929,3322043773,2318927,14261805,1514007,1505,44,50,1183,636,0,obt-collector1,,,0/RP0/CPU0,0,0,0,4058975,0,0,1183,4991,19193,0,0,0,0,17736,86227,64,64,3,0,0,22359,0,0,0,0,0,0,0,17823,0,0,0,51650,2073,0,0,0,0,4000,0,0,0,0,0,0,0,0,0,0,0,0,0,0,0,0,8,10200727,14291195,0,0,0,0,0,8444868,86227

2020-02-06 19:34:11.683000+00:00,leaf4,sg0,1656986,0,8419930,3322309843,0,0,0,34949,0,1593,30841,2002,29707,7101,0,35216,89231,158457753,3322265941,2318968,14262060,1514024,1505,44,50,1183,636,0,obt-collector1,,,0/RP0/CPU0,0,0,0,4059055,0,0,1183,4991,19193,0,0,0,0,17793,86227,64,64,3,0,0,22360,0,0,0,0,0,0,0,17880,0,0,0,51651,2080,0,0,0,0,4000,0,0,0,0,0,0,0,0,0,0,0,0,0,0,0,0,8,10200981,14291458,0,0,0,0,0,8445042,86227

2020-02-06 19:34:15.107000+00:00,leaf4,sg0,1656994,0,8419930,3322309843,0,0,0,34949,0,1593,30841,2002,29707,7101,0,35216,89233,158457753,3322265941,2318968,14262068,1514032,1505,44,50,1183,636,0,obt-collector1,,,0/RP0/CPU0,0,0,0,4059055,0,0,1183,4991,19193,0,0,0,0,17819,86227,64,64,3,0,0,22360,0,0,0,0,0,0,0,17906,0,0,0,51651,2082,0,0,0,0,4000,0,0,0,0,0,0,0,0,0,0,0,0,0,0,0,0,8,10201007,14291468,0,0,0,0,0,8445042,86227

2020-02-06 19:34:19.508000+00:00,leaf4,sg0,1657021,0,8420109,3322531883,0,0,0,34949,0,1593,30841,2002,29707,7101,0,35216,89234,158458647,3322487981,2319011,14262332,1514059,1505,44,50,1183,636,0,obt-collector1,,,0/RP0/CPU0,0,0,0,4059137,0,0,1183,4991,19193,0,0,0,0,17849,86227,64,64,3,0,0,22361,0,0,0,0,0,0,0,17936,0,0,0,51652,2082,0,0,0,0,4000,0,0,0,0,0,0,0,0,0,0,0,0,0,0,0,0,8,10201241,14291733,0,0,0,0,0,8445211,86227

2020-02-06 19:34:29.585000+00:00,leaf4,sg0,1657084,0,8420531,3322989867,0,0,0,34949,0,1593,30844,2002,29710,7101,0,35219,89244,158468986,3322945959,2319114,14262932,1514109,1505,44,50,1183,636,0,obt-collector1,,,0/RP0/CPU0,0,0,0,4059297,0,0,1183,4991,19193,0,0,0,0,17907,86234,64,64,3,0,0,22361,0,0,0,0,0,0,0,17994,0,0,0,51655,2086,0,0,0,0,4000,0,0,0,0,0,0,0,0,0,0,0,0,0,0,0,0,8,10201789,14292337,0,0,0,0,0,8445626,86234

2020-02-06 19:34:36.420000+00:00,leaf4,sg0,1657115,0,8420733,3323212500,0,0,0,34949,0,1593,30844,2002,29710,7102,0,35219,89247,158469924,3323168592,2319161,14263220,1514138,1505,44,50,1183,636,0,obt-collector1,,,0/RP0/CPU0,0,0,0,4059398,0,0,1183,4992,19195,0,0,0,0,17942,86236,64,64,3,0,0,22361,0,0,0,0,0,0,0,18029,0,0,0,51655,2089,0,0,0,0,4000,0,0,0,0,0,0,0,0,0,0,0,0,0,0,0,0,8,10202054,14292629,0,0,0,0,0,8445828,86236

2020-02-06 19:34:39.851000+00:00,leaf4,sg0,1657136,0,8420924,3323434668,0,0,0,34949,0,1593,30844,2002,29710,7102,0,35219,89247,158470662,3323390760,2319197,14263485,1514159,1505,44,50,1183,636,0,obt-collector1,,,0/RP0/CPU0,0,0,0,4059473,0,0,1183,4992,19195,0,0,0,0,17954,86236,64,64,3,0,0,22361,0,0,0,0,0,0,0,18041,0,0,0,51655,2089,0,0,0,0,4000,0,0,0,0,0,0,0,0,0,0,0,0,0,0,0,0,8,10202274,14292894,0,0,0,0,0,8446003,86236

2020-02-06 19:34:49.817000+00:00,leaf4,sg0,1657192,0,8421301,3323882332,0,0,0,34949,0,1593,30844,2002,29710,7102,0,35220,89270,158480518,3323838424,2319291,14264031,1514209,1505,44,50,1183,636,0,obt-collector1,,,0/RP0/CPU0,0,0,0,4059633,0,0,1183,4992,19196,0,0,0,0,18062,86242,64,64,3,0,0,22363,0,0,0,0,0,0,0,18149,0,0,0,51657,2109,0,0,0,0,4000,0,0,0,0,0,0,0,0,0,0,0,0,0,0,0,0,8,10202816,14293462,0,0,0,0,0,8446380,86242

2020-02-06 19:35:02.988000+00:00,leaf4,sg0,1657282,0,8421947,3324612907,0,0,0,34949,0,1593,30847,2002,29713,7102,0,35223,89294,158491761,3324568993,2319435,14264948,1514287,1505,44,50,1183,636,0,obt-collector1,,,0/RP0/CPU0,0,0,0,4059873,0,0,1183,4993,19197,0,0,0,0,18159,86248,64,64,3,0,0,22364,0,0,0,0,0,0,0,18246,0,0,0,51661,2126,0,0,0,0,4000,0,0,0,0,0,0,0,0,0,0,0,0,0,0,0,0,8,10203650,14294398,0,0,0,0,0,8447015,86248

2020-02-06 19:35:06.182000+00:00,leaf4,sg0,1657288,0,8421947,3324612907,0,0,0,34949,0,1593,30847,2002,29713,7102,0,35223,89297,158491875,3324568993,2319441,14264954,1514293,1505,44,50,1183,636,0,obt-collector1,,,0/RP0/CPU0,0,0,0,4059879,0,0,1183,4993,19197,0,0,0,0,18186,86248,64,64,3,0,0,22364,0,0,0,0,0,0,0,18273,0,0,0,51661,2129,0,0,0,0,4000,0,0,0,0,0,0,0,0,0,0,0,0,0,0,0,0,8,10203683,14294407,0,0,0,0,0,8447015,86248

2020-02-06 19:35:09.451000+00:00,leaf4,sg0,1657308,0,8422091,3324763075,0,0,0,34949,0,1593,30847,2002,29713,7102,0,35223,89300,158492521,3324720233,2319475,14265151,1514313,1505,44,50,1183,636,0,obt-collector1,,,0/RP0/CPU0,0,0,0,4059953,0,0,1183,4993,19197,0,0,0,0,18234,86248,64,64,3,0,0,22364,0,0,0,0,0,0,0,18321,0,0,0,51661,2132,0,0,0,0,4000,0,0,0,0,0,0,0,0,0,0,0,0,0,0,0,0,8,10203889,14294607,0,0,0,0,0,8447159,86248

2020-02-06 19:35:15.888000+00:00,leaf4,sg0,1657343,0,8422326,3325053761,0,0,0,34949,0,1593,30849,2002,29715,7103,0,35226,89313,158493672,3325009843,2319526,14265495,1514344,1505,44,50,1183,636,0,obt-collector1,,,0/RP0/CPU0,0,0,0,4060039,0,0,1183,4993,19199,0,0,0,0,18289,86248,64,64,3,0,0,22364,0,0,0,0,0,0,0,18376,0,0,0,51663,2140,0,0,0,0,4000,0,0,0,0,0,0,0,0,0,0,0,0,0,0,0,0,8,10204212,14294959,0,0,0,0,0,8447373,86248

2020-02-06 19:35:23.659000+00:00,leaf4,sg0,1657396,0,8422718,3325497969,0,0,0,34949,0,1593,30849,2002,29715,7103,0,35226,89315,158503414,3325454051,2319614,14266041,1514391,1505,44,50,1183,636,0,obt-collector1,,,0/RP0/CPU0,0,0,0,4060193,0,0,1183,4993,19199,0,0,0,0,18320,86254,63,64,3,0,0,22366,0,0,0,0,0,0,0,18407,0,0,0,51665,2140,0,0,0,0,4000,0,0,0,0,0,0,0,0,0,0,0,0,0,0,0,0,8,10204685,14295507,0,0,0,0,0,8447753,86254

2020-02-06 19:35:40.267000+00:00,leaf4,sg0,1657482,0,8423293,3326169372,0,0,0,34949,0,1593,30853,2002,29718,7103,0,35229,89341,158506362,3326125448,2319748,14266896,1514470,1505,44,50,1183,636,0,obt-collector1,,,0/RP0/CPU0,0,0,0,4060437,0,0,1183,4994,19200,0,0,0,0,18493,86255,62,64,3,0,0,22367,0,0,0,0,0,0,0,18580,0,0,0,51669,2159,0,0,0,0,4000,0,0,0,0,0,0,0,0,0,0,0,0,0,0,0,0,8,10205511,14296383,0,0,0,0,0,8448304,86255

2020-02-06 19:35:46.712000+00:00,leaf4,sg0,1657540,0,8423533,3326393964,0,0,0,34949,0,1593,30853,2002,29718,7104,0,35229,89348,158516116,3326350040,2319839,14267244,1514522,1505,44,50,1183,636,0,obt-collector1,,,0/RP0/CPU0,0,0,0,4060595,0,0,1183,4994,19201,0,0,0,0,18556,86261,62,64,3,0,0,22367,0,0,0,0,0,0,0,18643,0,0,0,51669,2166,0,0,0,0,4000,0,0,0,0,0,0,0,0,0,0,0,0,0,0,0,0,8,10205864,14296738,0,0,0,0,0,8448555,86261

2020-02-06 19:35:50.069000+00:00,leaf4,sg0,1657540,0,8423568,3326460072,0,0,0,34949,0,1593,30853,2002,29718,7104,0,35229,89348,158516180,3326416152,2319840,14267306,1514522,1505,44,50,1183,636,0,obt-collector1,,,0/RP0/CPU0,0,0,0,4060595,0,0,1183,4994,19201,0,0,0,0,18564,86261,62,64,3,0,0,22367,0,0,0,0,0,0,0,18651,0,0,0,51669,2166,0,0,0,0,4000,0,0,0,0,0,0,0,0,0,0,0,0,0,0,0,0,8,10205908,14296800,0,0,0,0,0,8448590,86261

2020-02-06 19:35:53.296000+00:00,leaf4,sg0,1657566,0,8423835,3326833956,0,0,0,34949,0,1593,30854,2003,29718,7104,0,35229,89350,158517004,3326790032,2319881,14267715,1514547,1505,44,50,1184,636,0,obt-collector1,,,0/RP0/CPU0,0,0,0,4060678,0,0,1184,4994,19202,0,0,0,0,18584,86262,62,64,3,0,0,22367,0,0,0,0,0,0,0,18671,0,0,0,51669,2168,0,0,0,0,4000,0,0,0,0,0,0,0,0,0,0,0,0,0,0,0,0,8,10206216,14297211,0,0,0,0,0,8448857,86262

2020-02-06 19:36:23.657000+00:00,leaf4,sg0,1657743,0,8424881,3328228363,0,0,0,34949,0,1593,30857,2003,29721,7104,0,35233,89389,158538927,3328184433,2320160,14269456,1514702,1505,44,50,1184,636,0,obt-collector1,,,0/RP0/CPU0,0,0,0,4061158,0,0,1184,4995,19203,0,0,0,0,18846,86278,63,64,3,0,0,22369,0,0,0,0,0,0,0,18933,0,0,0,51675,2198,0,0,0,0,4000,0,0,0,0,0,0,0,0,0,0,0,0,0,0,0,0,8,10207689,14298985,0,0,0,0,0,8449917,86278

2020-02-06 19:36:33.532000+00:00,leaf4,sg0,1657802,0,8425209,3328631610,0,0,0,34949,0,1593,30860,2003,29724,7105,0,35237,89402,158541077,3328590598,2320252,14270001,1514755,1505,44,50,1184,636,0,obt-collector1,,,0/RP0/CPU0,0,0,0,4061320,0,0,1184,4996,19206,0,0,0,0,18902,86278,63,64,3,0,0,22370,0,0,0,0,0,0,0,18989,0,0,0,51679,2203,0,0,0,0,4000,0,0,0,0,0,0,0,0,0,0,0,0,0,0,0,0,8,10208131,14299537,0,0,0,0,0,8450241,86278

2020-02-06 19:36:39.915000+00:00,leaf4,sg0,1657828,0,8425273,3328681238,0,0,0,34949,0,1593,30860,2003,29724,7105,0,35237,89416,158541837,3328637302,2320292,14270110,1514781,1505,44,50,1184,636,0,obt-collector1,,,0/RP0/CPU0,0,0,0,4061400,0,0,1184,4996,19206,0,0,0,0,18983,86278,63,64,3,0,0,22372,0,0,0,0,0,0,0,19070,0,0,0,51681,2215,0,0,0,0,4000,0,0,0,0,0,0,0,0,0,0,0,0,0,0,0,0,8,10208298,14299660,0,0,0,0,0,8450305,86278

2020-02-06 19:36:43.108000+00:00,leaf4,sg0,1657860,0,8425444,3328905646,0,0,0,34949,0,1593,30860,2003,29724,7105,0,35237,89421,158550869,3328861710,2320345,14270397,1514807,1505,44,50,1184,636,0,obt-collector1,,,0/RP0/CPU0,0,0,0,4061480,0,0,1184,4996,19206,0,0,0,0,19029,86284,63,64,3,0,0,22372,0,0,0,0,0,0,0,19116,0,0,0,51681,2220,0,0,0,0,4000,0,0,0,0,0,0,0,0,0,0,0,0,0,0,0,0,8,10208548,14299952,0,0,0,0,0,8450484,86284

2020-02-06 19:36:49.488000+00:00,leaf4,sg0,1657886,0,8425597,3329126598,0,0,0,34949,0,1593,30860,2003,29724,7105,0,35237,89423,158551693,3329082662,2320386,14270665,1514833,1505,44,50,1184,636,0,obt-collector1,,,0/RP0/CPU0,0,0,0,4061560,0,0,1184,4996,19206,0,0,0,0,19075,86284,63,64,3,0,0,22373,0,0,0,0,0,0,0,19162,0,0,0,51682,2221,0,0,0,0,4000,0,0,0,0,0,0,0,0,0,0,0,0,0,0,0,0,8,10208769,14300222,0,0,0,0,0,8450637,86284

2020-02-06 19:37:03.024000+00:00,leaf4,sg0,1657976,0,8426133,3329857685,0,0,0,34949,0,1593,30863,2003,29727,7106,0,35240,89437,158562936,3329813743,2320530,14271571,1514911,1505,44,50,1184,636,0,obt-collector1,,,0/RP0/CPU0,0,0,0,4061800,0,0,1184,4997,19208,0,0,0,0,19172,86290,63,64,3,0,0,22373,0,0,0,0,0,0,0,19259,0,0,0,51685,2229,0,0,0,0,4000,0,0,0,0,0,0,0,0,0,0,0,0,0,0,0,0,8,10209489,14301137,0,0,0,0,0,8451178,86290

2020-02-06 19:37:06.413000+00:00,leaf4,sg0,1657982,0,8426259,3330084645,0,0,0,34949,0,1593,30863,2003,29727,7106,0,35240,89439,158563114,3330040703,2320537,14271793,1514917,1505,44,50,1184,636,0,obt-collector1,,,0/RP0/CPU0,0,0,0,4061806,0,0,1184,4997,19208,0,0,0,0,19196,86290,63,64,3,0,0,22373,0,0,0,0,0,0,0,19283,0,0,0,51685,2231,0,0,0,0,4000,0,0,0,0,0,0,0,0,0,0,0,0,0,0,0,0,8,10209645,14301361,0,0,0,0,0,8451304,86290

2020-02-06 19:37:23.838000+00:00,leaf4,sg0,1658098,0,8426799,3330757230,0,0,0,34949,0,1594,30868,2003,29732,7106,0,35245,89466,158576042,3330713278,2320721,14272709,1515018,1505,44,50,1184,636,0,obt-collector1,,,0/RP0/CPU0,0,0,0,4062121,0,0,1184,4997,19209,0,0,0,0,19320,86296,63,64,3,0,0,22376,0,0,0,0,0,0,0,19407,0,0,0,51692,2244,0,0,0,0,4000,0,0,0,0,0,0,0,0,0,0,0,0,0,0,0,0,8,10210415,14302293,0,0,0,0,0,8451844,86296

2020-02-06 19:37:30.556000+00:00,leaf4,sg0,1658139,0,8427199,3331211333,0,0,0,34949,0,1594,30874,2003,29738,7106,0,35251,89482,158577553,3331167369,2320777,14273251,1515047,1505,44,50,1184,636,0,obt-collector1,,,0/RP0/CPU0,0,0,0,4062203,0,0,1184,4998,19210,0,0,0,0,19362,86296,63,64,3,0,0,22376,0,0,0,0,0,0,0,19449,0,0,0,51698,2248,0,0,0,0,4000,0,0,0,0,0,0,0,0,0,0,0,0,0,0,0,0,8,10210901,14302840,0,0,0,0,0,8452234,86296

2020-02-06 19:37:37.361000+00:00,leaf4,sg0,1658189,0,8427500,3331655688,0,0,0,34949,0,1594,30874,2003,29738,7106,0,35251,89485,158579163,3331611724,2320857,14273787,1515097,1505,44,50,1184,636,0,obt-collector1,,,0/RP0/CPU0,0,0,0,4062362,0,0,1184,4998,19210,0,0,0,0,19405,86296,63,64,3,0,0,22376,0,0,0,0,0,0,0,19492,0,0,0,51698,2251,0,0,0,0,4000,0,0,0,0,0,0,0,0,0,0,0,0,0,0,0,0,8,10211285,14303379,0,0,0,0,0,8452535,86296

2020-02-06 19:37:40.715000+00:00,leaf4,sg0,1658191,0,8427500,3331655688,0,0,0,34949,0,1594,30874,2003,29738,7107,0,35251,89494,158579201,3331611724,2320859,14273789,1515099,1505,44,50,1184,636,0,obt-collector1,,,0/RP0/CPU0,0,0,0,4062364,0,0,1184,4998,19211,0,0,0,0,19462,86296,63,64,3,0,0,22376,0,0,0,0,0,0,0,19549,0,0,0,51698,2260,0,0,0,0,4000,0,0,0,0,0,0,0,0,0,0,0,0,0,0,0,0,8,10211344,14303390,0,0,0,0,0,8452535,86296

2020-02-06 19:37:50.737000+00:00,leaf4,sg0,1658250,0,8427816,3332103480,0,0,0,34949,0,1594,30874,2003,29738,7107,0,35252,89531,158589057,3332059516,2320953,14274346,1515151,1505,44,50,1184,636,0,obt-collector1,,,0/RP0/CPU0,0,0,0,4062524,0,0,1184,4998,19212,0,0,0,0,19630,86303,63,64,3,0,0,22378,0,0,0,0,0,0,0,19717,0,0,0,51700,2294,0,0,0,0,4000,0,0,0,0,0,0,0,0,0,0,0,0,0,0,0,0,8,10211885,14303983,0,0,0,0,0,8452859,86303

2020-02-06 19:38:03.925000+00:00,leaf4,sg0,1658339,0,8428297,3332615031,0,0,0,34949,0,1594,30877,2003,29741,7107,0,35255,89557,158600198,3332571061,2321094,14275062,1515227,1505,44,50,1184,636,0,obt-collector1,,,0/RP0/CPU0,0,0,0,4062762,0,0,1184,4999,19213,0,0,0,0,19822,86310,63,64,3,0,0,22379,0,0,0,0,0,0,0,19909,0,0,0,51704,2313,0,0,0,0,4000,0,0,0,0,0,0,0,0,0,0,0,0,0,0,0,0,8,10212643,14304720,0,0,0,0,0,8453345,86310

2020-02-06 19:38:07.164000+00:00,leaf4,sg0,1658365,0,8428563,3333054959,0,0,0,34949,0,1594,30877,2003,29741,7107,0,35255,89558,158601086,3333010989,2321136,14275530,1515253,1505,44,50,1184,636,0,obt-collector1,,,0/RP0/CPU0,0,0,0,4062842,0,0,1184,4999,19213,0,0,0,0,19849,86310,63,64,3,0,0,22379,0,0,0,0,0,0,0,19936,0,0,0,51704,2314,0,0,0,0,4000,0,0,0,0,0,0,0,0,0,0,0,0,0,0,0,0,8,10212957,14305189,0,0,0,0,0,8453611,86310

2020-02-06 19:38:20.319000+00:00,leaf4,sg0,1658418,0,8428874,3333495711,0,0,0,34949,0,1594,30877,2003,29741,7108,0,35256,89576,158602791,3333451741,2321221,14276067,1515306,1505,44,50,1184,636,0,obt-collector1,,,0/RP0/CPU0,0,0,0,4063005,0,0,1184,4999,19215,0,0,0,0,20000,86310,63,64,3,0,0,22380,0,0,0,0,0,0,0,20087,0,0,0,51705,2330,0,0,0,0,4000,0,0,0,0,0,0,0,0,0,0,0,0,0,0,0,0,8,10213465,14305743,0,0,0,0,0,8453922,86310

2020-02-06 19:38:34.329000+00:00,leaf4,sg0,1658509,0,8429282,3333952106,0,0,0,34968,0,1594,30880,2003,29744,7108,0,35259,89591,158613852,3333908130,2321362,14276737,1515384,1505,44,50,1184,636,0,obt-collector1,,,0/RP0/CPU0,0,0,0,4063244,0,0,1184,5000,19216,0,0,0,0,20084,86317,63,64,3,0,0,22383,0,0,0,0,0,0,0,20171,0,0,0,51711,2337,0,0,0,0,4000,0,0,0,0,0,0,0,0,0,0,0,0,0,0,0,0,8,10214043,14306424,0,0,0,0,0,8454334,86317

2020-02-06 19:38:43.989000+00:00,leaf4,sg0,1658567,0,8429607,3334396314,0,0,0,34968,0,1594,30880,2003,29744,7108,0,35259,89593,158623708,3334352338,2321456,14277286,1515436,1505,44,50,1184,636,0,obt-collector1,,,0/RP0/CPU0,0,0,0,4063404,0,0,1184,5000,19216,0,0,0,0,20165,86323,63,64,3,0,0,22383,0,0,0,0,0,0,0,20252,0,0,0,51711,2339,0,0,0,0,4000,0,0,0,0,0,0,0,0,0,0,0,0,0,0,0,0,8,10214502,14306975,0,0,0,0,0,8454667,86323

2020-02-06 19:38:47.210000+00:00,leaf4,sg0,1658593,0,8429883,3334836238,0,0,0,34968,0,1594,30880,2003,29744,7108,0,35259,89597,158624596,3334792266,2321498,14277753,1515462,1505,44,50,1184,636,0,obt-collector1,,,0/RP0/CPU0,0,0,0,4063484,0,0,1184,5000,19216,0,0,0,0,20191,86323,63,64,3,0,0,22383,0,0,0,0,0,0,0,20278,0,0,0,51711,2343,0,0,0,0,4000,0,0,0,0,0,0,0,0,0,0,0,0,0,0,0,0,8,10214824,14307446,0,0,0,0,0,8454943,86323

2020-02-06 19:39:06.735000+00:00,leaf4,sg0,1658711,0,8430436,3335441769,0,0,0,34968,0,1594,30883,2003,29747,7109,0,35263,89629,158636682,3335401779,2321684,14278628,1515568,1505,44,50,1184,636,0,obt-collector1,,,0/RP0/CPU0,0,0,0,4063805,0,0,1184,5001,19219,0,0,0,0,20383,86329,62,64,3,0,0,22386,0,0,0,0,0,0,0,20470,0,0,0,51717,2365,0,0,0,0,4000,0,0,0,0,0,0,0,0,0,0,0,0,0,0,0,0,8,10215683,14308347,0,0,0,0,0,8455502,86329

2020-02-06 19:39:22.976000+00:00,leaf4,sg0,1658808,0,8431069,3336230930,0,0,0,34968,0,1595,30889,2004,29753,7110,0,35268,89656,158648027,3336186937,2321831,14279592,1515649,1505,44,50,1184,637,0,obt-collector1,,,0/RP0/CPU0,0,0,0,4064045,0,0,1184,5001,19220,0,0,0,0,20544,86335,62,64,3,0,0,22386,0,0,0,0,0,0,0,20631,0,0,0,51722,2381,0,0,0,0,4000,0,0,0,0,0,0,0,0,0,0,0,0,0,0,0,0,8,10216565,14309327,0,0,0,0,0,8456133,86335

2020-02-06 19:39:26.662000+00:00,leaf4,sg0,1658822,0,8431140,3336241904,0,0,0,34968,0,1595,30891,2004,29756,7110,0,35271,89662,158650006,3336198171,2321881,14279691,1515657,1505,44,50,1184,637,0,obt-collector1,,,0/RP0/CPU0,0,0,0,4064125,0,0,1184,5001,19220,0,0,0,0,20556,86335,63,64,3,0,0,22386,0,0,0,0,0,0,0,20643,0,0,0,51725,2381,0,0,0,0,4000,0,0,0,0,0,0,0,0,0,0,0,0,0,0,0,0,8,10216681,14309426,0,0,0,0,0,8456202,86335

2020-02-06 19:39:42.751000+00:00,leaf4,sg0,1658927,0,8431794,3337128171,0,0,0,34968,0,1595,30894,2005,29758,7110,0,35274,89686,158659475,3337084168,2322018,14280735,1515753,1505,44,50,1185,637,0,obt-collector1,,,0/RP0/CPU0,0,0,0,4064369,0,0,1185,5002,19222,0,0,0,0,20699,86340,64,64,3,0,0,22388,0,0,0,0,0,0,0,20786,0,0,0,51730,2398,0,0,0,0,4000,0,0,0,0,0,0,0,0,0,0,0,0,0,0,0,0,8,10217558,14310490,0,0,0,0,0,8456860,86340

2020-02-06 19:39:45.950000+00:00,leaf4,sg0,1658930,0,8431796,3337128747,0,0,0,34968,0,1595,30894,2005,29758,7110,0,35274,89689,158660994,3337084744,2322025,14280740,1515755,1505,44,50,1185,637,0,obt-collector1,,,0/RP0/CPU0,0,0,0,4064374,0,0,1185,5002,19222,0,0,0,0,20721,86341,64,64,3,0,0,22388,0,0,0,0,0,0,0,20808,0,0,0,51730,2401,0,0,0,0,4000,0,0,0,0,0,0,0,0,0,0,0,0,0,0,0,0,8,10217589,14310498,0,0,0,0,0,8456862,86341

2020-02-06 19:40:13.088000+00:00,leaf4,sg0,1659099,0,8432831,3338531954,0,0,0,34968,0,1595,30897,2005,29761,7111,0,35278,89711,158674633,3338487945,2322288,14282466,1515910,1505,44,50,1185,637,0,obt-collector1,,,0/RP0/CPU0,0,0,0,4064850,0,0,1185,5003,19225,0,0,0,0,20897,86350,64,64,3,0,0,22391,0,0,0,0,0,0,0,20984,0,0,0,51736,2413,0,0,0,0,4000,0,0,0,0,0,0,0,0,0,0,0,0,0,0,0,0,8,10218947,14312240,0,0,0,0,0,8457904,86350

2020-02-06 19:40:34.456000+00:00,leaf4,sg0,1659215,0,8433525,3339434293,0,0,0,34968,0,1595,30900,2005,29764,7112,0,35281,89721,158686620,3339390278,2322473,14283609,1516014,1505,44,50,1185,637,0,obt-collector1,,,0/RP0/CPU0,0,0,0,4065171,0,0,1185,5004,19227,0,0,0,0,20955,86356,64,64,3,0,0,22392,0,0,0,0,0,0,0,21042,0,0,0,51740,2416,0,0,0,0,4000,0,0,0,0,0,0,0,0,0,0,0,0,0,0,0,0,8,10219809,14313388,0,0,0,0,0,8458602,86356

2020-02-06 19:40:47.830000+00:00,leaf4,sg0,1659299,0,8433894,3339882717,0,0,0,34968,0,1595,30900,2005,29764,7112,0,35282,89726,158697236,3339838702,2322607,14284226,1516092,1505,44,50,1185,637,0,obt-collector1,,,0/RP0/CPU0,0,0,0,4065411,0,0,1185,5004,19228,0,0,0,0,20987,86362,64,64,3,0,0,22394,0,0,0,0,0,0,0,21074,0,0,0,51742,2418,0,0,0,0,4000,0,0,0,0,0,0,0,0,0,0,0,0,0,0,0,0,8,10220288,14314009,0,0,0,0,0,8458979,86362

2020-02-06 19:41:04.274000+00:00,leaf4,sg0,1659411,0,8434592,3340833928,0,0,0,34968,0,1595,30903,2005,29767,7112,0,35285,89743,158711788,3340792751,2322793,14285403,1516188,1505,44,50,1185,637,0,obt-collector1,,,0/RP0/CPU0,0,0,0,4065733,0,0,1185,5005,19229,0,0,0,0,21058,86372,64,64,3,0,0,22395,0,0,0,0,0,0,0,21145,0,0,0,51746,2428,0,0,0,0,4000,0,0,0,0,0,0,0,0,0,0,0,0,0,0,0,0,8,10221183,14315198,0,0,0,0,0,8459685,86372

2020-02-06 19:41:34.482000+00:00,leaf4,sg0,1659568,0,8435658,3342175219,0,0,0,34968,0,1595,30907,2005,29770,7113,0,35289,89772,158730291,3342131522,2323079,14287065,1516333,1505,44,50,1185,637,0,obt-collector1,,,0/RP0/CPU0,0,0,0,4066240,0,0,1185,5006,19232,0,0,0,0,21224,86378,63,64,3,0,0,22398,0,0,0,0,0,0,0,21311,0,0,0,51752,2447,0,0,0,0,4000,0,0,0,0,0,0,0,0,0,0,0,0,0,0,0,0,8,10222695,14316883,0,0,0,0,0,8460756,86378

2020-02-06 19:41:40.872000+00:00,leaf4,sg0,1659596,0,8435834,3342395925,0,0,0,34968,0,1595,30907,2005,29770,7113,0,35289,89782,158731153,3342351898,2323122,14287333,1516360,1505,44,50,1185,637,0,obt-collector1,,,0/RP0/CPU0,0,0,0,4066322,0,0,1185,5006,19232,0,0,0,0,21295,86379,63,64,3,0,0,22398,0,0,0,0,0,0,0,21382,0,0,0,51752,2457,0,0,0,0,4000,0,0,0,0,0,0,0,0,0,0,0,0,0,0,0,0,8,10222983,14317161,0,0,0,0,0,8460932,86379

2020-02-06 19:41:47.253000+00:00,leaf4,sg0,1659630,0,8436013,3342619859,0,0,0,34968,0,1595,30909,2005,29772,7114,0,35291,89794,158740334,3342575828,2323178,14287627,1516384,1505,44,50,1185,637,0,obt-collector1,,,0/RP0/CPU0,0,0,0,4066402,0,0,1185,5006,19233,0,0,0,0,21364,86385,63,64,3,0,0,22398,0,0,0,0,0,0,0,21451,0,0,0,51754,2465,0,0,0,0,4000,0,0,0,0,0,0,0,0,0,0,0,0,0,0,0,0,8,10223286,14317463,0,0,0,0,0,8461115,86385

2020-02-06 19:41:50.448000+00:00,leaf4,sg0,1659652,0,8436053,3342620619,0,0,0,34968,0,1595,30909,2005,29772,7114,0,35292,89796,158741094,3342576588,2323218,14287690,1516406,1505,44,50,1185,637,0,obt-collector1,,,0/RP0/CPU0,0,0,0,4066482,0,0,1185,5006,19234,0,0,0,0,21386,86385,63,64,3,0,0,22399,0,0,0,0,0,0,0,21473,0,0,0,51755,2465,0,0,0,0,4000,0,0,0,0,0,0,0,0,0,0,0,0,0,0,0,0,8,10223388,14317527,0,0,0,0,0,8461155,86385

2020-02-06 19:42:03.459000+00:00,leaf4,sg0,1659715,0,8436719,3343567042,0,0,0,34968,0,1595,30912,2005,29775,7114,0,35295,89814,158751717,3343523005,2323327,14288731,1516456,1505,44,50,1185,637,0,obt-collector1,,,0/RP0/CPU0,0,0,0,4066646,0,0,1185,5007,19235,0,0,0,0,21478,86392,63,64,3,0,0,22401,0,0,0,0,0,0,0,21565,0,0,0,51760,2475,0,0,0,0,4000,0,0,0,0,0,0,0,0,0,0,0,0,0,0,0,0,8,10224254,14318581,0,0,0,0,0,8461826,86392

2020-02-06 19:42:37.203000+00:00,leaf4,sg0,1659903,0,8437846,3344913392,0,0,0,37888,0,1595,30915,2005,29778,7115,0,35299,89849,158770613,3344869349,2323648,14290466,1516632,1505,44,51,1185,637,0,obt-collector1,,,0/RP0/CPU0,0,0,0,4067235,0,0,1185,5008,19238,0,0,0,0,21692,86398,62,64,3,0,0,22406,0,0,0,0,0,0,0,21779,0,0,0,51766,2500,0,0,0,0,4000,0,0,0,0,0,0,0,0,0,0,0,0,0,0,0,0,8,10225913,14320347,0,0,0,0,0,8462961,86398

2020-02-06 19:42:53.285000+00:00,leaf4,sg0,1659975,0,8438491,3345794868,0,0,0,37888,0,1595,30915,2005,29778,7116,0,35299,89869,158781433,3345750829,2323788,14291456,1516698,1505,44,51,1185,637,0,obt-collector1,,,0/RP0/CPU0,0,0,0,4067479,0,0,1185,5008,19239,0,0,0,0,21839,86404,62,64,3,0,0,22406,0,0,0,0,0,0,0,21926,0,0,0,51766,2520,0,0,0,0,4000,0,0,0,0,0,0,0,0,0,0,0,0,0,0,0,0,8,10226836,14321357,0,0,0,0,0,8463614,86404

2020-02-06 19:43:10.444000+00:00,leaf4,sg0,1660077,0,8439014,3346321738,0,0,0,37888,0,1595,30919,2006,29781,7116,0,35303,89888,158795709,3346277689,2323974,14292235,1516788,1505,44,51,1186,637,0,obt-collector1,,,0/RP0/CPU0,0,0,0,4067807,0,0,1186,5009,19241,0,0,0,0,21986,86410,63,64,3,0,0,22408,0,0,0,0,0,0,0,22073,0,0,0,51772,2530,0,0,0,0,4000,0,0,0,0,0,0,0,0,0,0,0,0,0,0,0,0,8,10227691,14322149,0,0,0,0,0,8464142,86410

2020-02-06 19:43:20.651000+00:00,leaf4,sg0,1660116,0,8439367,3346766010,0,0,0,37888,0,1595,30919,2006,29781,7116,0,35303,89895,158797357,3346721961,2324056,14292757,1516827,1505,44,51,1186,637,0,obt-collector1,,,0/RP0/CPU0,0,0,0,4067967,0,0,1186,5009,19241,0,0,0,0,22055,86410,63,64,3,0,0,22408,0,0,0,0,0,0,0,22142,0,0,0,51772,2537,0,0,0,0,4000,0,0,0,0,0,0,0,0,0,0,0,0,0,0,0,0,8,10228191,14322678,0,0,0,0,0,8464495,86410

2020-02-06 19:43:35.675000+00:00,leaf4,sg0,1660188,0,8440081,3347671012,0,0,0,37888,0,1595,30922,2006,29784,7117,0,35307,89906,158810907,3347626957,2324209,14293809,1516887,1505,44,51,1186,637,0,obt-collector1,,,0/RP0/CPU0,0,0,0,4068217,0,0,1186,5010,19244,0,0,0,0,22102,86416,63,64,3,0,0,22410,0,0,0,0,0,0,0,22189,0,0,0,51777,2539,0,0,0,0,4000,0,0,0,0,0,0,0,0,0,0,0,0,0,0,0,0,8,10229107,14323735,0,0,0,0,0,8465213,86416

2020-02-06 19:43:49.245000+00:00,leaf4,sg0,1660261,0,8440447,3348118899,0,0,0,37888,0,1595,30922,2006,29784,7117,0,35307,89913,158821569,3348075509,2324342,14294412,1516954,1505,44,51,1186,637,0,obt-collector1,,,0/RP0/CPU0,0,0,0,4068456,0,0,1186,5010,19244,0,0,0,0,22165,86422,63,64,3,0,0,22412,0,0,0,0,0,0,0,22252,0,0,0,51779,2544,0,0,0,0,4000,0,0,0,0,0,0,0,0,0,0,0,0,0,0,0,0,8,10229668,14324345,0,0,0,0,0,8465587,86422

2020-02-06 19:44:05.698000+00:00,leaf4,sg0,1660357,0,8441258,3349074094,0,0,0,37888,0,1595,30927,2006,29789,7118,0,35312,89937,158834883,3349030029,2324497,14295546,1517033,1505,44,51,1186,637,0,obt-collector1,,,0/RP0/CPU0,0,0,0,4068706,0,0,1186,5011,19246,0,0,0,0,22262,86429,63,64,3,0,0,22412,0,0,0,0,0,0,0,22349,0,0,0,51784,2558,0,0,0,0,4000,0,0,0,0,0,0,0,0,0,0,0,0,0,0,0,0,8,10230731,14325494,0,0,0,0,0,8466399,86429

2020-02-06 19:44:09.032000+00:00,leaf4,sg0,1660362,0,8441258,3349074094,0,0,0,37888,0,1595,30927,2006,29789,7118,0,35313,89940,158835503,3349030029,2324526,14295552,1517038,1505,44,51,1186,637,0,obt-collector1,,,0/RP0/CPU0,0,0,0,4068735,0,0,1186,5011,19247,0,0,0,0,22282,86429,63,64,3,0,0,22412,0,0,0,0,0,0,0,22369,0,0,0,51784,2560,0,0,0,0,4000,0,0,0,0,0,0,0,0,0,0,0,0,0,0,0,0,8,10230781,14325502,0,0,0,0,0,8466399,86429

2020-02-06 19:44:18.865000+00:00,leaf4,sg0,1660408,0,8441611,3349517214,0,0,0,39348,0,1595,30927,2006,29789,7118,0,35313,89945,158836695,3349473149,2324584,14296076,1517084,1505,44,55,1186,637,0,obt-collector1,,,0/RP0/CPU0,0,0,0,4068871,0,0,1186,5011,19247,0,0,0,0,22321,86429,63,64,3,0,0,22415,0,0,0,0,0,0,0,22408,0,0,0,51786,2563,0,0,0,0,4000,0,0,0,0,0,0,0,0,0,0,0,0,0,0,0,0,8,10231237,14326032,0,0,0,0,0,8466754,86429

2020-02-06 19:44:33.267000+00:00,leaf4,sg0,1660493,0,8442069,3349972310,0,0,0,39348,0,1595,30930,2006,29792,7118,0,35316,89971,158847718,3349928239,2324723,14296737,1517155,1505,44,55,1186,637,0,obt-collector1,,,0/RP0/CPU0,0,0,0,4069107,0,0,1186,5012,19248,0,0,0,0,22460,86437,63,64,3,0,0,22416,0,0,0,0,0,0,0,22547,0,0,0,51790,2582,0,0,0,0,4000,0,0,0,0,0,0,0,0,0,0,0,0,0,0,0,0,8,10231975,14326714,0,0,0,0,0,8467218,86437

2020-02-06 19:44:46.296000+00:00,leaf4,sg0,1660567,0,8442776,3350858668,0,0,0,39348,0,1595,30930,2006,29792,7119,0,35317,89985,158859996,3350814597,2324866,14297747,1517223,1505,44,55,1186,637,0,obt-collector1,,,0/RP0/CPU0,0,0,0,4069357,0,0,1186,5012,19250,0,0,0,0,22567,86443,63,64,3,0,0,22417,0,0,0,0,0,0,0,22654,0,0,0,51791,2594,0,0,0,0,4000,0,0,0,0,0,0,0,0,0,0,0,0,0,0,0,0,8,10232923,14327737,0,0,0,0,0,8467933,86443

2020-02-06 19:44:49.496000+00:00,leaf4,sg0,1660586,0,8442816,3350859428,0,0,0,39348,0,1595,30930,2006,29792,7119,0,35317,89986,158860718,3350815357,2324904,14297806,1517242,1505,44,55,1186,637,0,obt-collector1,,,0/RP0/CPU0,0,0,0,4069435,0,0,1186,5012,19250,0,0,0,0,22584,86443,63,64,3,0,0,22418,0,0,0,0,0,0,0,22671,0,0,0,51792,2594,0,0,0,0,4000,0,0,0,0,0,0,0,0,0,0,0,0,0,0,0,0,8,10233016,14327797,0,0,0,0,0,8467973,86443

