,Producer,Target,host,interface-counts/admin-down-interface-count,interface-counts/down-interface-count,interface-counts/interface-count,interface-counts/up-interface-count,interface-type-list/interface-counts/admin-down-interface-count,interface-type-list/interface-counts/down-interface-count,interface-type-list/interface-counts/interface-count,interface-type-list/interface-counts/up-interface-count,interface-type-list/interface-type-description,interface-type-list/interface-type-name,interface-type/interface-counts/admin-down-interface-count,interface-type/interface-counts/down-interface-count,interface-type/interface-counts/interface-count,interface-type/interface-counts/up-interface-count,interface-type/interface-type-description,interface-type/interface-type-name

2020-02-05 01:41:25.725000+00:00,leaf4,sg10,obt-collector1,5,9,41,27,,,,,,,0,0,1,1,Tunnel,IFT_TUNNEL_GRE

2020-02-05 01:41:35.726000+00:00,leaf4,sg10,obt-collector1,5,9,41,27,,,,,,,0,0,1,1,Tunnel,IFT_TUNNEL_GRE

2020-02-05 01:41:45.726000+00:00,leaf4,sg10,obt-collector1,5,9,41,27,,,,,,,0,0,1,1,Tunnel,IFT_TUNNEL_GRE

2020-02-05 01:41:55.813000+00:00,leaf4,sg10,obt-collector1,5,9,41,27,,,,,,,0,0,1,1,Tunnel,IFT_TUNNEL_GRE

2020-02-05 01:42:05.727000+00:00,leaf4,sg10,obt-collector1,5,9,41,27,,,,,,,0,0,1,1,Tunnel,IFT_TUNNEL_GRE

2020-02-05 01:42:15.722000+00:00,leaf4,sg10,obt-collector1,5,9,41,27,,,,,,,0,0,1,1,Tunnel,IFT_TUNNEL_GRE

2020-02-05 01:42:25.720000+00:00,leaf4,sg10,obt-collector1,5,9,41,27,,,,,,,0,0,1,1,Tunnel,IFT_TUNNEL_GRE

2020-02-05 01:42:35.728000+00:00,leaf4,sg10,obt-collector1,5,9,41,27,,,,,,,0,0,1,1,Tunnel,IFT_TUNNEL_GRE

2020-02-05 01:42:45.733000+00:00,leaf4,sg10,obt-collector1,5,9,41,27,,,,,,,0,0,1,1,Tunnel,IFT_TUNNEL_GRE

2020-02-05 01:42:55.724000+00:00,leaf4,sg10,obt-collector1,5,9,41,27,,,,,,,0,0,1,1,Tunnel,IFT_TUNNEL_GRE

2020-02-05 01:43:05.724000+00:00,leaf4,sg10,obt-collector1,5,9,41,27,,,,,,,0,0,1,1,Tunnel,IFT_TUNNEL_GRE

2020-02-05 01:43:15.722000+00:00,leaf4,sg10,obt-collector1,5,9,41,27,,,,,,,0,0,1,1,Tunnel,IFT_TUNNEL_GRE

2020-02-05 01:43:25.727000+00:00,leaf4,sg10,obt-collector1,5,9,41,27,,,,,,,0,0,1,1,Tunnel,IFT_TUNNEL_GRE

2020-02-05 01:43:35.724000+00:00,leaf4,sg10,obt-collector1,5,9,41,27,,,,,,,0,0,1,1,Tunnel,IFT_TUNNEL_GRE

2020-02-05 01:43:45.726000+00:00,leaf4,sg10,obt-collector1,5,9,41,27,,,,,,,0,0,1,1,Tunnel,IFT_TUNNEL_GRE

2020-02-05 01:43:55.725000+00:00,leaf4,sg10,obt-collector1,5,9,41,27,,,,,,,0,0,1,1,Tunnel,IFT_TUNNEL_GRE

2020-02-05 01:44:05.728000+00:00,leaf4,sg10,obt-collector1,5,9,41,27,,,,,,,0,0,1,1,Tunnel,IFT_TUNNEL_GRE

2020-02-05 01:44:18.454000+00:00,leaf4,sg10,obt-collector1,5,9,41,27,,,,,,,0,0,1,1,Tunnel,IFT_TUNNEL_GRE

2020-02-05 01:44:25.724000+00:00,leaf4,sg10,obt-collector1,5,9,41,27,,,,,,,0,0,1,1,Tunnel,IFT_TUNNEL_GRE

2020-02-05 01:44:35.748000+00:00,leaf4,sg10,obt-collector1,5,9,41,27,,,,,,,0,0,1,1,Tunnel,IFT_TUNNEL_GRE

2020-02-05 01:44:45.727000+00:00,leaf4,sg10,obt-collector1,5,9,41,27,,,,,,,0,0,1,1,Tunnel,IFT_TUNNEL_GRE

2020-02-05 01:44:55.727000+00:00,leaf4,sg10,obt-collector1,5,9,41,27,,,,,,,0,0,1,1,Tunnel,IFT_TUNNEL_GRE

2020-02-05 01:45:05.727000+00:00,leaf4,sg10,obt-collector1,5,9,41,27,,,,,,,0,0,1,1,Tunnel,IFT_TUNNEL_GRE

2020-02-05 01:45:15.847000+00:00,leaf4,sg10,obt-collector1,5,9,41,27,,,,,,,0,0,1,1,Tunnel,IFT_TUNNEL_GRE

2020-02-05 01:45:25.731000+00:00,leaf4,sg10,obt-collector1,5,9,41,27,,,,,,,0,0,1,1,Tunnel,IFT_TUNNEL_GRE

2020-02-05 01:45:35.728000+00:00,leaf4,sg10,obt-collector1,5,9,41,27,,,,,,,0,0,1,1,Tunnel,IFT_TUNNEL_GRE

2020-02-05 01:45:45.726000+00:00,leaf4,sg10,obt-collector1,5,9,41,27,,,,,,,0,0,1,1,Tunnel,IFT_TUNNEL_GRE

2020-02-05 01:45:55.728000+00:00,leaf4,sg10,obt-collector1,5,9,41,27,,,,,,,0,0,1,1,Tunnel,IFT_TUNNEL_GRE

2020-02-05 01:46:05.725000+00:00,leaf4,sg10,obt-collector1,5,9,41,27,,,,,,,0,0,1,1,Tunnel,IFT_TUNNEL_GRE

2020-02-05 01:46:15.722000+00:00,leaf4,sg10,obt-collector1,5,9,41,27,,,,,,,0,0,1,1,Tunnel,IFT_TUNNEL_GRE

2020-02-05 01:46:25.735000+00:00,leaf4,sg10,obt-collector1,5,9,41,27,,,,,,,0,0,1,1,Tunnel,IFT_TUNNEL_GRE

2020-02-05 01:46:35.723000+00:00,leaf4,sg10,obt-collector1,5,9,41,27,,,,,,,0,0,1,1,Tunnel,IFT_TUNNEL_GRE

2020-02-05 01:46:45.732000+00:00,leaf4,sg10,obt-collector1,5,9,41,27,,,,,,,0,0,1,1,Tunnel,IFT_TUNNEL_GRE

2020-02-05 01:46:55.728000+00:00,leaf4,sg10,obt-collector1,5,9,41,27,,,,,,,0,0,1,1,Tunnel,IFT_TUNNEL_GRE

2020-02-05 01:47:05.762000+00:00,leaf4,sg10,obt-collector1,5,9,41,27,,,,,,,0,0,1,1,Tunnel,IFT_TUNNEL_GRE

2020-02-05 01:47:18.372000+00:00,leaf4,sg10,obt-collector1,5,9,41,27,,,,,,,0,0,1,1,Tunnel,IFT_TUNNEL_GRE

2020-02-05 01:47:25.726000+00:00,leaf4,sg10,obt-collector1,5,9,41,27,,,,,,,0,0,1,1,Tunnel,IFT_TUNNEL_GRE

2020-02-05 01:47:35.726000+00:00,leaf4,sg10,obt-collector1,5,9,41,27,,,,,,,0,0,1,1,Tunnel,IFT_TUNNEL_GRE

2020-02-05 01:47:45.727000+00:00,leaf4,sg10,obt-collector1,5,9,41,27,,,,,,,0,0,1,1,Tunnel,IFT_TUNNEL_GRE

2020-02-05 01:47:55.736000+00:00,leaf4,sg10,obt-collector1,5,9,41,27,,,,,,,0,0,1,1,Tunnel,IFT_TUNNEL_GRE

2020-02-05 01:48:05.727000+00:00,leaf4,sg10,obt-collector1,5,9,41,27,,,,,,,0,0,1,1,Tunnel,IFT_TUNNEL_GRE

2020-02-05 01:48:15.767000+00:00,leaf4,sg10,obt-collector1,5,9,41,27,,,,,,,0,0,1,1,Tunnel,IFT_TUNNEL_GRE

2020-02-05 01:48:25.728000+00:00,leaf4,sg10,obt-collector1,5,9,41,27,,,,,,,0,0,1,1,Tunnel,IFT_TUNNEL_GRE

2020-02-05 01:48:35.913000+00:00,leaf4,sg10,obt-collector1,5,9,41,27,,,,,,,0,0,1,1,Tunnel,IFT_TUNNEL_GRE

2020-02-05 01:48:45.734000+00:00,leaf4,sg10,obt-collector1,5,9,41,27,,,,,,,0,0,1,1,Tunnel,IFT_TUNNEL_GRE

2020-02-05 01:48:55.729000+00:00,leaf4,sg10,obt-collector1,5,9,41,27,,,,,,,0,0,1,1,Tunnel,IFT_TUNNEL_GRE

2020-02-05 01:49:05.736000+00:00,leaf4,sg10,obt-collector1,5,9,41,27,,,,,,,0,0,1,1,Tunnel,IFT_TUNNEL_GRE

2020-02-05 01:49:15.726000+00:00,leaf4,sg10,obt-collector1,5,9,41,27,,,,,,,0,0,1,1,Tunnel,IFT_TUNNEL_GRE

2020-02-05 01:49:25.726000+00:00,leaf4,sg10,obt-collector1,5,9,41,27,,,,,,,0,0,1,1,Tunnel,IFT_TUNNEL_GRE

2020-02-05 01:49:35.724000+00:00,leaf4,sg10,obt-collector1,5,9,41,27,,,,,,,0,0,1,1,Tunnel,IFT_TUNNEL_GRE

2020-02-05 01:49:45.727000+00:00,leaf4,sg10,obt-collector1,5,9,41,27,,,,,,,0,0,1,1,Tunnel,IFT_TUNNEL_GRE

2020-02-05 01:49:55.728000+00:00,leaf4,sg10,obt-collector1,5,9,41,27,,,,,,,0,0,1,1,Tunnel,IFT_TUNNEL_GRE

2020-02-05 01:50:05.726000+00:00,leaf4,sg10,obt-collector1,5,9,41,27,,,,,,,0,0,1,1,Tunnel,IFT_TUNNEL_GRE

2020-02-05 01:50:18.777000+00:00,leaf4,sg10,obt-collector1,5,9,41,27,,,,,,,0,0,1,1,Tunnel,IFT_TUNNEL_GRE

2020-02-05 01:50:25.835000+00:00,leaf4,sg10,obt-collector1,5,9,41,27,,,,,,,0,0,1,1,Tunnel,IFT_TUNNEL_GRE

2020-02-05 01:50:35.730000+00:00,leaf4,sg10,obt-collector1,5,9,41,27,,,,,,,0,0,1,1,Tunnel,IFT_TUNNEL_GRE

2020-02-05 01:50:45.734000+00:00,leaf4,sg10,obt-collector1,5,9,41,27,,,,,,,0,0,1,1,Tunnel,IFT_TUNNEL_GRE

2020-02-05 01:50:55.731000+00:00,leaf4,sg10,obt-collector1,5,9,41,27,,,,,,,0,0,1,1,Tunnel,IFT_TUNNEL_GRE

2020-02-05 01:51:05.762000+00:00,leaf4,sg10,obt-collector1,5,9,41,27,,,,,,,0,0,1,1,Tunnel,IFT_TUNNEL_GRE

2020-02-05 01:51:15.728000+00:00,leaf4,sg10,obt-collector1,5,9,41,27,,,,,,,0,0,1,1,Tunnel,IFT_TUNNEL_GRE

2020-02-05 01:51:25.732000+00:00,leaf4,sg10,obt-collector1,5,9,41,27,,,,,,,0,0,1,1,Tunnel,IFT_TUNNEL_GRE

2020-02-05 01:51:35.735000+00:00,leaf4,sg10,obt-collector1,5,9,41,27,,,,,,,0,0,1,1,Tunnel,IFT_TUNNEL_GRE

2020-02-05 01:51:45.730000+00:00,leaf4,sg10,obt-collector1,5,9,41,27,,,,,,,0,0,1,1,Tunnel,IFT_TUNNEL_GRE

2020-02-05 01:51:55.746000+00:00,leaf4,sg10,obt-collector1,5,9,41,27,,,,,,,0,0,1,1,Tunnel,IFT_TUNNEL_GRE

2020-02-05 01:52:05.736000+00:00,leaf4,sg10,obt-collector1,5,9,41,27,,,,,,,0,0,1,1,Tunnel,IFT_TUNNEL_GRE

2020-02-05 01:52:15.782000+00:00,leaf4,sg10,obt-collector1,5,9,41,27,,,,,,,0,0,1,1,Tunnel,IFT_TUNNEL_GRE

2020-02-05 01:52:25.737000+00:00,leaf4,sg10,obt-collector1,5,9,41,27,,,,,,,0,0,1,1,Tunnel,IFT_TUNNEL_GRE

2020-02-05 01:52:35.729000+00:00,leaf4,sg10,obt-collector1,5,9,41,27,,,,,,,0,0,1,1,Tunnel,IFT_TUNNEL_GRE

2020-02-05 01:52:45.740000+00:00,leaf4,sg10,obt-collector1,5,9,41,27,,,,,,,0,0,1,1,Tunnel,IFT_TUNNEL_GRE

2020-02-05 01:52:55.730000+00:00,leaf4,sg10,obt-collector1,5,9,41,27,,,,,,,0,0,1,1,Tunnel,IFT_TUNNEL_GRE

2020-02-05 01:53:05.741000+00:00,leaf4,sg10,obt-collector1,5,9,41,27,,,,,,,0,0,1,1,Tunnel,IFT_TUNNEL_GRE

2020-02-05 01:53:18.767000+00:00,leaf4,sg10,obt-collector1,5,9,41,27,,,,,,,0,0,1,1,Tunnel,IFT_TUNNEL_GRE

2020-02-05 01:53:25.750000+00:00,leaf4,sg10,obt-collector1,5,9,41,27,,,,,,,0,0,1,1,Tunnel,IFT_TUNNEL_GRE

2020-02-05 01:53:35.733000+00:00,leaf4,sg10,obt-collector1,5,9,41,27,,,,,,,0,0,1,1,Tunnel,IFT_TUNNEL_GRE

2020-02-05 01:53:45.918000+00:00,leaf4,sg10,obt-collector1,5,9,41,27,,,,,,,0,0,1,1,Tunnel,IFT_TUNNEL_GRE

2020-02-05 01:53:55.741000+00:00,leaf4,sg10,obt-collector1,5,9,41,27,,,,,,,0,0,1,1,Tunnel,IFT_TUNNEL_GRE

2020-02-05 01:54:05.753000+00:00,leaf4,sg10,obt-collector1,5,9,41,27,,,,,,,0,0,1,1,Tunnel,IFT_TUNNEL_GRE

2020-02-05 01:54:15.740000+00:00,leaf4,sg10,obt-collector1,5,9,41,27,,,,,,,0,0,1,1,Tunnel,IFT_TUNNEL_GRE

2020-02-05 01:54:25.729000+00:00,leaf4,sg10,obt-collector1,5,9,41,27,,,,,,,0,0,1,1,Tunnel,IFT_TUNNEL_GRE

2020-02-05 01:54:35.733000+00:00,leaf4,sg10,obt-collector1,5,9,41,27,,,,,,,0,0,1,1,Tunnel,IFT_TUNNEL_GRE

2020-02-05 01:54:45.732000+00:00,leaf4,sg10,obt-collector1,5,9,41,27,,,,,,,0,0,1,1,Tunnel,IFT_TUNNEL_GRE

2020-02-05 01:54:55.731000+00:00,leaf4,sg10,obt-collector1,5,9,41,27,,,,,,,0,0,1,1,Tunnel,IFT_TUNNEL_GRE

2020-02-05 01:55:05.730000+00:00,leaf4,sg10,obt-collector1,5,9,41,27,,,,,,,0,0,1,1,Tunnel,IFT_TUNNEL_GRE

2020-02-05 01:55:15.732000+00:00,leaf4,sg10,obt-collector1,5,9,41,27,,,,,,,0,0,1,1,Tunnel,IFT_TUNNEL_GRE

2020-02-05 01:55:25.738000+00:00,leaf4,sg10,obt-collector1,5,9,41,27,,,,,,,0,0,1,1,Tunnel,IFT_TUNNEL_GRE

2020-02-05 01:55:35.856000+00:00,leaf4,sg10,obt-collector1,5,9,41,27,,,,,,,0,0,1,1,Tunnel,IFT_TUNNEL_GRE

2020-02-05 01:55:45.740000+00:00,leaf4,sg10,obt-collector1,5,9,41,27,,,,,,,0,0,1,1,Tunnel,IFT_TUNNEL_GRE

2020-02-05 01:55:55.738000+00:00,leaf4,sg10,obt-collector1,5,9,41,27,,,,,,,0,0,1,1,Tunnel,IFT_TUNNEL_GRE

2020-02-05 01:56:05.742000+00:00,leaf4,sg10,obt-collector1,5,9,41,27,,,,,,,0,0,1,1,Tunnel,IFT_TUNNEL_GRE

2020-02-05 01:56:18.805000+00:00,leaf4,sg10,obt-collector1,5,9,41,27,,,,,,,0,0,1,1,Tunnel,IFT_TUNNEL_GRE

2020-02-05 01:56:25.737000+00:00,leaf4,sg10,obt-collector1,5,9,41,27,,,,,,,0,0,1,1,Tunnel,IFT_TUNNEL_GRE

2020-02-05 01:56:35.735000+00:00,leaf4,sg10,obt-collector1,5,9,41,27,,,,,,,0,0,1,1,Tunnel,IFT_TUNNEL_GRE

2020-02-05 01:56:45.740000+00:00,leaf4,sg10,obt-collector1,5,9,41,27,,,,,,,0,0,1,1,Tunnel,IFT_TUNNEL_GRE

2020-02-05 01:56:55.733000+00:00,leaf4,sg10,obt-collector1,5,9,41,27,,,,,,,0,0,1,1,Tunnel,IFT_TUNNEL_GRE

2020-02-05 01:57:05.746000+00:00,leaf4,sg10,obt-collector1,5,9,41,27,,,,,,,0,0,1,1,Tunnel,IFT_TUNNEL_GRE

2020-02-05 01:57:15.733000+00:00,leaf4,sg10,obt-collector1,5,9,41,27,,,,,,,0,0,1,1,Tunnel,IFT_TUNNEL_GRE

2020-02-05 01:57:25.782000+00:00,leaf4,sg10,obt-collector1,5,9,41,27,,,,,,,0,0,1,1,Tunnel,IFT_TUNNEL_GRE

2020-02-05 01:57:35.747000+00:00,leaf4,sg10,obt-collector1,5,9,41,27,,,,,,,0,0,1,1,Tunnel,IFT_TUNNEL_GRE

2020-02-05 01:57:45.732000+00:00,leaf4,sg10,obt-collector1,5,9,41,27,,,,,,,0,0,1,1,Tunnel,IFT_TUNNEL_GRE

2020-02-05 01:57:55.744000+00:00,leaf4,sg10,obt-collector1,5,9,41,27,,,,,,,0,0,1,1,Tunnel,IFT_TUNNEL_GRE

2020-02-05 01:58:05.734000+00:00,leaf4,sg10,obt-collector1,5,9,41,27,,,,,,,0,0,1,1,Tunnel,IFT_TUNNEL_GRE

2020-02-05 01:58:15.731000+00:00,leaf4,sg10,obt-collector1,5,9,41,27,,,,,,,0,0,1,1,Tunnel,IFT_TUNNEL_GRE

2020-02-05 01:58:25.761000+00:00,leaf4,sg10,obt-collector1,5,9,41,27,,,,,,,0,0,1,1,Tunnel,IFT_TUNNEL_GRE

2020-02-05 01:58:35.738000+00:00,leaf4,sg10,obt-collector1,5,9,41,27,,,,,,,0,0,1,1,Tunnel,IFT_TUNNEL_GRE

2020-02-05 01:58:45.732000+00:00,leaf4,sg10,obt-collector1,5,9,41,27,,,,,,,0,0,1,1,Tunnel,IFT_TUNNEL_GRE

2020-02-05 01:58:55.896000+00:00,leaf4,sg10,obt-collector1,5,9,41,27,,,,,,,0,0,1,1,Tunnel,IFT_TUNNEL_GRE

2020-02-05 01:59:05.737000+00:00,leaf4,sg10,obt-collector1,5,9,41,27,,,,,,,0,0,1,1,Tunnel,IFT_TUNNEL_GRE

2020-02-05 01:59:18.966000+00:00,leaf4,sg10,obt-collector1,5,9,41,27,,,,,,,0,0,1,1,Tunnel,IFT_TUNNEL_GRE

2020-02-05 01:59:25.740000+00:00,leaf4,sg10,obt-collector1,5,9,41,27,,,,,,,0,0,1,1,Tunnel,IFT_TUNNEL_GRE

2020-02-05 01:59:35.742000+00:00,leaf4,sg10,obt-collector1,5,9,41,27,,,,,,,0,0,1,1,Tunnel,IFT_TUNNEL_GRE

2020-02-05 01:59:45.746000+00:00,leaf4,sg10,obt-collector1,5,9,41,27,,,,,,,0,0,1,1,Tunnel,IFT_TUNNEL_GRE

2020-02-05 01:59:55.737000+00:00,leaf4,sg10,obt-collector1,5,9,41,27,,,,,,,0,0,1,1,Tunnel,IFT_TUNNEL_GRE

2020-02-05 02:00:05.743000+00:00,leaf4,sg10,obt-collector1,5,9,41,27,,,,,,,0,0,1,1,Tunnel,IFT_TUNNEL_GRE

2020-02-05 02:00:15.735000+00:00,leaf4,sg10,obt-collector1,5,9,41,27,,,,,,,0,0,1,1,Tunnel,IFT_TUNNEL_GRE

2020-02-05 02:00:25.740000+00:00,leaf4,sg10,obt-collector1,5,9,41,27,,,,,,,0,0,1,1,Tunnel,IFT_TUNNEL_GRE

2020-02-05 02:00:35.744000+00:00,leaf4,sg10,obt-collector1,5,9,41,27,,,,,,,0,0,1,1,Tunnel,IFT_TUNNEL_GRE

2020-02-05 02:00:45.815000+00:00,leaf4,sg10,obt-collector1,5,9,41,27,,,,,,,0,0,1,1,Tunnel,IFT_TUNNEL_GRE

2020-02-05 02:00:55.737000+00:00,leaf4,sg10,obt-collector1,5,9,41,27,,,,,,,0,0,1,1,Tunnel,IFT_TUNNEL_GRE

2020-02-05 02:01:05.743000+00:00,leaf4,sg10,obt-collector1,5,9,41,27,,,,,,,0,0,1,1,Tunnel,IFT_TUNNEL_GRE

2020-02-05 02:01:15.734000+00:00,leaf4,sg10,obt-collector1,5,9,41,27,,,,,,,0,0,1,1,Tunnel,IFT_TUNNEL_GRE

2020-02-05 02:01:25.735000+00:00,leaf4,sg10,obt-collector1,5,9,41,27,,,,,,,0,0,1,1,Tunnel,IFT_TUNNEL_GRE

2020-02-05 02:01:35.744000+00:00,leaf4,sg10,obt-collector1,5,9,41,27,,,,,,,0,0,1,1,Tunnel,IFT_TUNNEL_GRE

2020-02-05 02:01:45.738000+00:00,leaf4,sg10,obt-collector1,5,9,41,27,,,,,,,0,0,1,1,Tunnel,IFT_TUNNEL_GRE

2020-02-05 02:01:55.746000+00:00,leaf4,sg10,obt-collector1,5,9,41,27,,,,,,,0,0,1,1,Tunnel,IFT_TUNNEL_GRE

2020-02-05 02:02:05.736000+00:00,leaf4,sg10,obt-collector1,5,9,41,27,,,,,,,0,0,1,1,Tunnel,IFT_TUNNEL_GRE

2020-02-05 02:02:19.318000+00:00,leaf4,sg10,obt-collector1,5,9,41,27,,,,,,,0,0,1,1,Tunnel,IFT_TUNNEL_GRE

2020-02-05 02:02:25.739000+00:00,leaf4,sg10,obt-collector1,5,9,41,27,,,,,,,0,0,1,1,Tunnel,IFT_TUNNEL_GRE

2020-02-05 02:02:35.747000+00:00,leaf4,sg10,obt-collector1,5,9,41,27,,,,,,,0,0,1,1,Tunnel,IFT_TUNNEL_GRE

2020-02-05 02:02:45.739000+00:00,leaf4,sg10,obt-collector1,5,9,41,27,,,,,,,0,0,1,1,Tunnel,IFT_TUNNEL_GRE

2020-02-05 02:02:55.738000+00:00,leaf4,sg10,obt-collector1,5,9,41,27,,,,,,,0,0,1,1,Tunnel,IFT_TUNNEL_GRE

2020-02-05 02:03:05.742000+00:00,leaf4,sg10,obt-collector1,5,9,41,27,,,,,,,0,0,1,1,Tunnel,IFT_TUNNEL_GRE

2020-02-05 02:03:15.737000+00:00,leaf4,sg10,obt-collector1,5,9,41,27,,,,,,,0,0,1,1,Tunnel,IFT_TUNNEL_GRE

2020-02-05 02:03:25.741000+00:00,leaf4,sg10,obt-collector1,5,9,41,27,,,,,,,0,0,1,1,Tunnel,IFT_TUNNEL_GRE

2020-02-05 02:03:35.736000+00:00,leaf4,sg10,obt-collector1,5,9,41,27,,,,,,,0,0,1,1,Tunnel,IFT_TUNNEL_GRE

2020-02-05 02:03:45.743000+00:00,leaf4,sg10,obt-collector1,5,9,41,27,,,,,,,0,0,1,1,Tunnel,IFT_TUNNEL_GRE

2020-02-05 02:03:55.739000+00:00,leaf4,sg10,obt-collector1,5,9,41,27,,,,,,,0,0,1,1,Tunnel,IFT_TUNNEL_GRE

2020-02-05 02:04:05.880000+00:00,leaf4,sg10,obt-collector1,5,9,41,27,,,,,,,0,0,1,1,Tunnel,IFT_TUNNEL_GRE

2020-02-05 02:04:15.739000+00:00,leaf4,sg10,obt-collector1,5,9,41,27,,,,,,,0,0,1,1,Tunnel,IFT_TUNNEL_GRE

2020-02-05 02:04:25.736000+00:00,leaf4,sg10,obt-collector1,5,9,41,27,,,,,,,0,0,1,1,Tunnel,IFT_TUNNEL_GRE

2020-02-05 02:04:35.740000+00:00,leaf4,sg10,obt-collector1,5,9,41,27,,,,,,,0,0,1,1,Tunnel,IFT_TUNNEL_GRE

2020-02-05 02:04:45.736000+00:00,leaf4,sg10,obt-collector1,5,9,41,27,,,,,,,0,0,1,1,Tunnel,IFT_TUNNEL_GRE

2020-02-05 02:04:55.747000+00:00,leaf4,sg10,obt-collector1,5,9,41,27,,,,,,,0,0,1,1,Tunnel,IFT_TUNNEL_GRE

2020-02-05 02:05:05.745000+00:00,leaf4,sg10,obt-collector1,5,9,41,27,,,,,,,0,0,1,1,Tunnel,IFT_TUNNEL_GRE

2020-02-05 02:05:19.182000+00:00,leaf4,sg10,obt-collector1,5,9,41,27,,,,,,,0,0,1,1,Tunnel,IFT_TUNNEL_GRE

2020-02-05 02:05:25.745000+00:00,leaf4,sg10,obt-collector1,5,9,41,27,,,,,,,0,0,1,1,Tunnel,IFT_TUNNEL_GRE

