,Producer,Target,ack-only-packets-sent,ack-packets-for-unsent-received,ack-packets-received,ackbytes-received,after-window-bytes-received,after-window-packets-received,bad-checksum-packets-received,bytes-retransmitted,connection-rate-limited,connections-accepted,connections-closed,connections-dropped,connections-established,connections-failed,connections-forcibly-closed,connections-requested,control-packets-sent,data-bytes-received-in-sequence,data-bytes-sent,data-packets-received-in-sequence,data-pakets-sent,delay-ack-packets-sent,duplicate-bytes-received,duplicate-packets-received,duplicated-ack-packets-received,embryonic-connection-dropped,established-connections-reset,high-water-mark-throttle,host,i-qs-total-egpackets,i-qs-total-ingpackets,id,iq-ingress-drops,iq-sock-aborts,iq-sock-retries,iq-sock-writes,iqs-total-egpacket/entry,iqs-total-ingpacket/entry,keep-alive-dropped,keep-alive-probes,keep-alive-timeouts,low-water-mark-throttle,malformed-packets-received,mss-down,mss-up,no-port-packets-received,no-throttle,num-open-sockets,out-of-order-bytes-received,out-of-order-packets-received,packet-failures,packets-received-after-close-packet,packets-retransmitted,partial-duplicate-ack-received,partial-duplicate-bytes-received,paws-dropped,persist-dropped,pulse-errors,reassembly-packets,received-auth-packets-dropped,received-packets-dropped,received-packets-dropped-stale-c-hdr,recovered-packets,retransmit-dropped,retransmit-timeouts,rst-packets-sent,send-auth-packets-dropped,send-packets-dropped,sock-async-double-free-prevent-count,sockbuf-pak-res-cur,sockbuf-pak-res-max,socket-layer-packets,stalled-timer-tickle-count,stalled-timer-tickle-time,syn-cache-aborted,syn-cache-added,syn-cache-bucket-oflow,syn-cache-completed,syn-cache-count,syn-cache-dropped,syn-cache-duplicate-sy-ns,syn-cache-overflow,syn-cache-reset,syn-cache-timed-out,syn-cache-unreach,synacl-match-pkts-dropped,too-short-packets-received,total-i-qs,total-packets-received,total-pakets-sent,truncated-write-iov,try-lock-dropped,urgent-only-packets-sent,window-probe-packets-received,window-probe-packets-sent,window-update-packets-received,window-update-packets-sent

2020-02-05 01:41:25.634000+00:00,leaf4,sg0,664181,0,3432698,261198022,0,0,0,13064,0,640,9166,896,8741,2866,0,10968,28689,63444296,261187122,922429,5608811,613566,602,19,1,477,324,0,obt-collector1,,,0/RP0/CPU0,0,0,0,1633802,0,0,477,2238,7970,0,0,0,0,93,34314,67,64,3,0,0,9092,0,0,0,0,0,0,0,162,0,0,0,17670,98,0,0,0,0,4000,0,0,0,0,0,0,0,0,0,0,0,0,0,0,0,0,8,4193299,5620226,0,0,0,0,0,3453290,34314

2020-02-05 01:41:35.636000+00:00,leaf4,sg0,664245,0,3433018,261645916,0,0,0,13064,0,640,9168,896,8743,2866,0,10970,28694,63454301,261635012,922526,5609377,613620,602,19,1,477,324,0,obt-collector1,,,0/RP0/CPU0,0,0,0,1633962,0,0,477,2239,7971,0,0,0,0,93,34320,67,64,3,0,0,9093,0,0,0,0,0,0,0,162,0,0,0,17673,98,0,0,0,0,4000,0,0,0,0,0,0,0,0,0,0,0,0,0,0,0,0,8,4193676,5620794,0,0,0,0,0,3453614,34320

2020-02-05 01:41:45.636000+00:00,leaf4,sg0,664308,0,3433380,262102196,0,0,0,13064,0,640,9171,896,8746,2866,0,10973,28700,63457144,262091286,922628,5609981,613676,602,19,1,477,324,0,obt-collector1,,,0/RP0/CPU0,0,0,0,1634146,0,0,477,2239,7971,0,0,0,0,93,34321,67,64,3,0,0,9093,0,0,0,0,0,0,0,162,0,0,0,17676,98,0,0,0,0,4000,0,0,0,0,0,0,0,0,0,0,0,0,0,0,0,0,8,4194095,5621398,0,0,0,0,0,3453972,34321

2020-02-05 01:41:55.637000+00:00,leaf4,sg0,664369,0,3433699,262549988,0,0,0,13064,0,640,9171,896,8746,2867,0,10974,28702,63467088,262539078,922723,5610541,613731,602,19,1,477,324,0,obt-collector1,,,0/RP0/CPU0,0,0,0,1634307,0,0,477,2241,7975,0,0,0,0,93,34327,66,64,3,0,0,9094,0,0,0,0,0,0,0,162,0,0,0,17677,98,0,0,0,0,4000,0,0,0,0,0,0,0,0,0,0,0,0,0,0,0,0,8,4194470,5621961,0,0,0,0,0,3454302,34327

2020-02-05 01:42:05.635000+00:00,leaf4,sg0,664423,0,3434003,262994324,0,0,0,13064,0,640,9171,896,8746,2867,0,10974,28703,63468736,262983414,922805,5611078,613785,602,19,1,477,324,0,obt-collector1,,,0/RP0/CPU0,0,0,0,1634467,0,0,477,2242,7976,0,0,0,0,93,34327,66,64,3,0,0,9095,0,0,0,0,0,0,0,162,0,0,0,17678,98,0,0,0,0,4000,0,0,0,0,0,0,0,0,0,0,0,0,0,0,0,0,8,4194815,5622500,0,0,0,0,0,3454606,34327

2020-02-05 01:42:15.634000+00:00,leaf4,sg0,664486,0,3434413,263504871,0,0,0,13064,0,640,9174,896,8749,2867,0,10977,28710,63479767,263493955,922914,5611740,613836,602,19,1,477,324,0,obt-collector1,,,0/RP0/CPU0,0,0,0,1634646,0,0,477,2242,7976,0,0,0,0,93,34333,66,64,3,0,0,9096,0,0,0,0,0,0,0,162,0,0,0,17682,98,0,0,0,0,4000,0,0,0,0,0,0,0,0,0,0,0,0,0,0,0,0,8,4195296,5623163,0,0,0,0,0,3455021,34333

2020-02-05 01:42:25.632000+00:00,leaf4,sg0,664541,0,3434721,263945623,0,0,0,13064,0,640,9174,896,8749,2868,0,10977,28710,63481511,263934707,922997,5612275,613891,602,19,1,477,324,0,obt-collector1,,,0/RP0/CPU0,0,0,0,1634807,0,0,477,2244,7979,0,0,0,0,93,34333,66,64,3,0,0,9096,0,0,0,0,0,0,0,162,0,0,0,17682,98,0,0,0,0,4000,0,0,0,0,0,0,0,0,0,0,0,0,0,0,0,0,8,4195645,5623700,0,0,0,0,0,3455329,34333

2020-02-05 01:42:35.634000+00:00,leaf4,sg0,664601,0,3435037,264354031,0,0,0,13064,0,640,9175,897,8749,2868,0,10978,28712,63491367,264343779,923091,5612788,613945,602,19,1,478,324,0,obt-collector1,,,0/RP0/CPU0,0,0,0,1634970,0,0,478,2245,7981,0,0,0,0,93,34339,67,64,3,0,0,9097,0,0,0,0,0,0,0,162,0,0,0,17684,98,0,0,0,0,4000,0,0,0,0,0,0,0,0,0,0,0,0,0,0,0,0,8,4196015,5624215,0,0,0,0,0,3455653,34339

2020-02-05 01:42:45.642000+00:00,leaf4,sg0,664665,0,3435350,264684860,0,0,0,13064,0,640,9178,897,8752,2868,0,10981,28719,63493616,264673938,923187,5613276,614001,602,19,1,478,324,0,obt-collector1,,,0/RP0/CPU0,0,0,0,1635144,0,0,478,2245,7981,0,0,0,0,93,34341,67,64,3,0,0,9098,0,0,0,0,0,0,0,162,0,0,0,17688,98,0,0,0,0,4000,0,0,0,0,0,0,0,0,0,0,0,0,0,0,0,0,8,4196386,5624704,0,0,0,0,0,3455962,34341

2020-02-05 01:42:55.634000+00:00,leaf4,sg0,664726,0,3435637,265067340,0,0,0,13064,0,640,9178,897,8752,2868,0,10981,28719,63503576,265056418,923282,5613775,614056,602,19,1,478,324,0,obt-collector1,,,0/RP0/CPU0,0,0,0,1635305,0,0,478,2247,7983,0,0,0,0,93,34347,67,64,3,0,0,9098,0,0,0,0,0,0,0,163,0,0,0,17688,98,0,0,0,0,4000,0,0,0,0,0,0,0,0,0,0,0,0,0,0,0,0,8,4196728,5625205,0,0,0,0,0,3456257,34347

2020-02-05 01:43:05.634000+00:00,leaf4,sg0,664780,0,3435959,265508092,0,0,0,13064,0,640,9178,897,8752,2869,0,10982,28722,63505224,265497170,923364,5614312,614110,602,19,1,478,324,0,obt-collector1,,,0/RP0/CPU0,0,0,0,1635465,0,0,478,2248,7986,0,0,0,0,93,34347,67,64,3,0,0,9100,0,0,0,0,0,0,0,163,0,0,0,17690,98,0,0,0,0,4000,0,0,0,0,0,0,0,0,0,0,0,0,0,0,0,0,8,4197093,5625745,0,0,0,0,0,3456579,34347

2020-02-05 01:43:15.634000+00:00,leaf4,sg0,664846,0,3436366,266016947,0,0,0,13064,0,640,9181,897,8755,2869,0,10985,28729,63515643,266006019,923467,5614965,614164,602,19,1,478,324,0,obt-collector1,,,0/RP0/CPU0,0,0,0,1635626,0,0,478,2248,7986,0,0,0,0,93,34353,67,64,3,0,0,9101,0,0,0,0,0,0,0,163,0,0,0,17694,98,0,0,0,0,4000,0,0,0,0,0,0,0,0,0,0,0,0,0,0,0,0,8,4197565,5626399,0,0,0,0,0,3456994,34353

2020-02-05 01:43:25.638000+00:00,leaf4,sg0,664901,0,3436692,266458275,0,0,0,13064,0,640,9181,897,8755,2869,0,10985,28730,63517395,266447347,923550,5615502,614218,602,19,1,478,324,0,obt-collector1,,,0/RP0/CPU0,0,0,0,1635787,0,0,478,2250,7988,0,0,0,0,93,34354,67,64,3,0,0,9102,0,0,0,0,0,0,0,163,0,0,0,17695,98,0,0,0,0,4000,0,0,0,0,0,0,0,0,0,0,0,0,0,0,0,0,8,4197933,5626939,0,0,0,0,0,3457320,34354

2020-02-05 01:43:35.633000+00:00,leaf4,sg0,664965,0,3437032,266903737,0,0,0,13064,0,640,9183,897,8757,2870,0,10987,28734,63527400,266892805,923647,5616065,614272,602,19,1,478,324,0,obt-collector1,,,0/RP0/CPU0,0,0,0,1635947,0,0,478,2251,7990,0,0,0,0,93,34360,67,64,3,0,0,9102,0,0,0,0,0,0,0,163,0,0,0,17697,98,0,0,0,0,4000,0,0,0,0,0,0,0,0,0,0,0,0,0,0,0,0,8,4198330,5627503,0,0,0,0,0,3457665,34360

2020-02-05 01:43:45.638000+00:00,leaf4,sg0,665025,0,3437405,267355833,0,0,0,13064,0,640,9186,897,8760,2870,0,10991,28743,63529531,267344895,923738,5616653,614326,602,19,1,478,324,0,obt-collector1,,,0/RP0/CPU0,0,0,0,1636107,0,0,478,2251,7991,0,0,0,0,93,34360,67,64,3,0,0,9104,0,0,0,0,0,0,0,163,0,0,0,17702,98,0,0,0,0,4000,0,0,0,0,0,0,0,0,0,0,0,0,0,0,0,0,8,4198757,5628093,0,0,0,0,0,3458034,34360

2020-02-05 01:43:55.636000+00:00,leaf4,sg0,665086,0,3437750,267801193,0,0,0,13064,0,640,9186,897,8760,2870,0,10991,28744,63539415,267790255,923833,5617208,614381,602,19,1,478,324,0,obt-collector1,,,0/RP0/CPU0,0,0,0,1636268,0,0,478,2253,7993,0,0,0,0,93,34366,67,64,3,0,0,9105,0,0,0,0,0,0,0,163,0,0,0,17703,98,0,0,0,0,4000,0,0,0,0,0,0,0,0,0,0,0,0,0,0,0,0,8,4199158,5628651,0,0,0,0,0,3458387,34366

2020-02-05 01:44:05.639000+00:00,leaf4,sg0,665140,0,3438087,268243097,0,0,0,13064,0,640,9187,898,8760,2870,0,10991,28744,63541063,268232159,923915,5617744,614435,602,19,1,478,324,0,obt-collector1,,,0/RP0/CPU0,0,0,0,1636428,0,0,478,2253,7993,0,0,0,0,93,34366,66,64,3,0,0,9105,0,0,0,0,0,0,0,163,0,0,0,17703,98,0,0,0,0,4000,0,0,0,0,0,0,0,0,0,0,0,0,0,0,0,0,8,4199534,5629187,0,0,0,0,0,3458724,34366

2020-02-05 01:44:18.346000+00:00,leaf4,sg0,665215,0,3438655,268980253,0,0,0,13064,0,640,9190,898,8763,2871,0,10995,28752,63551667,268969043,924023,5618614,614497,602,19,1,478,324,0,obt-collector1,,,0/RP0/CPU0,0,0,0,1636592,0,0,478,2253,7995,0,0,0,0,93,34373,66,64,3,0,0,9106,0,0,0,0,0,0,0,163,0,0,0,17707,98,0,0,0,0,4000,0,0,0,0,0,0,0,0,0,0,0,0,0,0,0,0,8,4200172,5630058,0,0,0,0,0,3459297,34373

2020-02-05 01:44:25.635000+00:00,leaf4,sg0,665263,0,3438848,269202915,0,0,0,13064,0,640,9190,898,8763,2871,0,10995,28753,63553194,269191971,924101,5618943,614544,602,19,1,478,324,0,obt-collector1,,,0/RP0/CPU0,0,0,0,1636749,0,0,478,2255,7997,0,0,0,0,93,34374,66,64,3,0,0,9107,0,0,0,0,0,0,0,163,0,0,0,17708,98,0,0,0,0,4000,0,0,0,0,0,0,0,0,0,0,0,0,0,0,0,0,8,4200403,5630390,0,0,0,0,0,3459490,34374

2020-02-05 01:44:35.649000+00:00,leaf4,sg0,665323,0,3439201,269650707,0,0,0,13064,0,640,9190,898,8763,2871,0,10995,28754,63563050,269639763,924195,5619500,614598,602,19,1,478,324,0,obt-collector1,,,0/RP0/CPU0,0,0,0,1636909,0,0,478,2255,7997,0,0,0,0,93,34380,66,64,3,0,0,9108,0,0,0,0,0,0,0,163,0,0,0,17709,98,0,0,0,0,4000,0,0,0,0,0,0,0,0,0,0,0,0,0,0,0,0,8,4200807,5630948,0,0,0,0,0,3459851,34380

2020-02-05 01:44:45.636000+00:00,leaf4,sg0,665383,0,3439586,270105235,0,0,0,13064,0,640,9193,898,8766,2872,0,10998,28760,63565181,270094285,924286,5620088,614652,602,19,1,478,324,0,obt-collector1,,,0/RP0/CPU0,0,0,0,1637069,0,0,478,2255,7998,0,0,0,0,93,34380,66,64,3,0,0,9108,0,0,0,0,0,0,0,164,0,0,0,17712,98,0,0,0,0,4000,0,0,0,0,0,0,0,0,0,0,0,0,0,0,0,0,8,4201247,5631536,0,0,0,0,0,3460232,34380

2020-02-05 01:44:55.636000+00:00,leaf4,sg0,665447,0,3439936,270553027,0,0,0,13064,0,640,9194,899,8766,2872,0,10999,28763,63575056,270542077,924381,5620647,614707,602,19,1,478,324,0,obt-collector1,,,0/RP0/CPU0,0,0,0,1637230,0,0,478,2258,8002,0,0,0,0,93,34389,65,64,3,0,0,9110,0,0,0,0,0,0,0,164,0,0,0,17714,98,0,0,0,0,4000,0,0,0,0,0,0,0,0,0,0,0,0,0,0,0,0,8,4201656,5632100,0,0,0,0,0,3460590,34389

2020-02-05 01:45:05.637000+00:00,leaf4,sg0,665501,0,3440278,270997363,0,0,0,13064,0,640,9194,899,8766,2872,0,10999,28764,63576704,270986413,924463,5621184,614761,602,19,1,478,324,0,obt-collector1,,,0/RP0/CPU0,0,0,0,1637390,0,0,478,2258,8002,0,0,0,0,93,34389,65,64,3,0,0,9111,0,0,0,0,0,0,0,164,0,0,0,17715,98,0,0,0,0,4000,0,0,0,0,0,0,0,0,0,0,0,0,0,0,0,0,8,4202039,5632638,0,0,0,0,0,3460932,34389

2020-02-05 01:45:15.642000+00:00,leaf4,sg0,665567,0,3440710,271505453,0,0,0,13064,0,640,9197,899,8769,2872,0,11002,28770,63587123,271494497,924566,5621836,614815,602,19,1,478,324,0,obt-collector1,,,0/RP0/CPU0,0,0,0,1637551,0,0,478,2258,8002,0,0,0,0,93,34395,65,64,3,0,0,9111,0,0,0,0,0,0,0,164,0,0,0,17718,98,0,0,0,0,4000,0,0,0,0,0,0,0,0,0,0,0,0,0,0,0,0,8,4202534,5633290,0,0,0,0,0,3461369,34395

2020-02-05 01:45:25.642000+00:00,leaf4,sg0,665621,0,3441061,271946205,0,0,0,13064,0,640,9197,899,8769,2873,0,11003,28772,63588771,271935249,924648,5622372,614869,602,19,1,478,324,0,obt-collector1,,,0/RP0/CPU0,0,0,0,1637711,0,0,478,2260,8006,0,0,0,0,93,34395,65,64,3,0,0,9112,0,0,0,0,0,0,0,164,0,0,0,17719,98,0,0,0,0,4000,0,0,0,0,0,0,0,0,0,0,0,0,0,0,0,0,8,4202927,5633829,0,0,0,0,0,3461720,34395

2020-02-05 01:45:35.639000+00:00,leaf4,sg0,665685,0,3441426,272390515,0,0,0,13064,0,640,9199,899,8771,2873,0,11005,28777,63598776,272379555,924745,5622934,614923,602,19,1,478,324,0,obt-collector1,,,0/RP0/CPU0,0,0,0,1637871,0,0,478,2260,8006,0,0,0,0,93,34401,64,64,3,0,0,9113,0,0,0,0,0,0,0,164,0,0,0,17722,98,0,0,0,0,4000,0,0,0,0,0,0,0,0,0,0,0,0,0,0,0,0,8,4203348,5634392,0,0,0,0,0,3462089,34401

2020-02-05 01:45:45.636000+00:00,leaf4,sg0,665746,0,3441819,272843251,0,0,0,13064,0,640,9202,899,8774,2873,0,11008,28784,63600926,272832285,924837,5623519,614977,602,19,1,478,324,0,obt-collector1,,,0/RP0/CPU0,0,0,0,1638032,0,0,478,2260,8006,0,0,0,0,93,34402,64,64,3,0,0,9114,0,0,0,0,0,0,0,164,0,0,0,17726,98,0,0,0,0,4000,0,0,0,0,0,0,0,0,0,0,0,0,0,0,0,0,8,4203793,5634978,0,0,0,0,0,3462478,34402

2020-02-05 01:45:55.636000+00:00,leaf4,sg0,665807,0,3442181,273287459,0,0,0,13064,0,640,9202,899,8774,2874,0,11008,28784,63610782,273276493,924931,5624071,615032,602,19,1,478,324,0,obt-collector1,,,0/RP0/CPU0,0,0,0,1638192,0,0,478,2262,8009,0,0,0,0,93,34408,64,64,3,0,0,9114,0,0,0,0,0,0,0,164,0,0,0,17726,98,0,0,0,0,4000,0,0,0,0,0,0,0,0,0,0,0,0,0,0,0,0,8,4204211,5635532,0,0,0,0,0,3462848,34408

2020-02-05 01:46:05.636000+00:00,leaf4,sg0,665862,0,3442541,273728230,0,0,0,13064,0,640,9203,900,8774,2874,0,11009,28785,63612430,273717245,925013,5624610,615087,602,19,1,479,324,0,obt-collector1,,,0/RP0/CPU0,0,0,0,1638355,0,0,479,2262,8010,0,0,0,0,93,34408,65,64,3,0,0,9114,0,0,0,0,0,0,0,164,0,0,0,17727,98,0,0,0,0,4000,0,0,0,0,0,0,0,0,0,0,0,0,0,0,0,0,8,4204612,5636071,0,0,0,0,0,3463208,34408

2020-02-05 01:46:15.634000+00:00,leaf4,sg0,665931,0,3442983,274235168,0,0,0,13064,0,640,9207,901,8777,2874,0,11012,28792,63622849,274224177,925116,5625262,615141,602,19,1,479,324,0,obt-collector1,,,0/RP0/CPU0,0,0,0,1638516,0,0,479,2263,8011,0,0,0,0,93,34417,64,64,3,0,0,9115,0,0,0,0,0,0,0,164,0,0,0,17731,98,0,0,0,0,4000,0,0,0,0,0,0,0,0,0,0,0,0,0,0,0,0,8,4205117,5636725,0,0,0,0,0,3463655,34417

2020-02-05 01:46:25.648000+00:00,leaf4,sg0,665987,0,3443333,274677072,0,0,0,13064,0,640,9207,901,8777,2874,0,11012,28793,63624497,274666081,925198,5625793,615196,602,19,1,479,324,0,obt-collector1,,,0/RP0/CPU0,0,0,0,1638676,0,0,479,2265,8013,0,0,0,0,93,34418,64,64,3,0,0,9116,0,0,0,0,0,0,0,164,0,0,0,17732,98,0,0,0,0,4000,0,0,0,0,0,0,0,0,0,0,0,0,0,0,0,0,8,4205506,5637259,0,0,0,0,0,3464005,34418

2020-02-05 01:46:35.636000+00:00,leaf4,sg0,666053,0,3443703,275123072,0,0,0,13064,0,640,9207,901,8777,2875,0,11012,28794,63634372,275112081,925293,5626349,615256,602,19,1,479,324,0,obt-collector1,,,0/RP0/CPU0,0,0,0,1638837,0,0,479,2265,8014,0,0,0,0,93,34424,64,64,3,0,0,9117,0,0,0,0,0,0,0,164,0,0,0,17733,98,0,0,0,0,4000,0,0,0,0,0,0,0,0,0,0,0,0,0,0,0,0,8,4205927,5637816,0,0,0,0,0,3464383,34424

2020-02-05 01:46:45.643000+00:00,leaf4,sg0,666123,0,3444111,275575168,0,0,0,13064,0,640,9210,901,8780,2875,0,11016,28802,63636503,275564171,925384,5626944,615318,602,19,1,479,324,0,obt-collector1,,,0/RP0/CPU0,0,0,0,1638997,0,0,479,2265,8015,0,0,0,0,93,34426,64,64,3,0,0,9118,0,0,0,0,0,0,0,164,0,0,0,17737,98,0,0,0,0,4000,0,0,0,0,0,0,0,0,0,0,0,0,0,0,0,0,8,4206386,5638412,0,0,0,0,0,3464787,34426

2020-02-05 01:46:55.639000+00:00,leaf4,sg0,666190,0,3444489,276020528,0,0,0,13064,0,640,9210,901,8780,2875,0,11016,28804,63646359,276009531,925478,5627504,615377,602,19,1,479,324,0,obt-collector1,,,0/RP0/CPU0,0,0,0,1639157,0,0,479,2267,8017,0,0,0,0,93,34434,64,64,3,0,0,9120,0,0,0,0,0,0,0,164,0,0,0,17739,98,0,0,0,0,4000,0,0,0,0,0,0,0,0,0,0,0,0,0,0,0,0,8,4206817,5638976,0,0,0,0,0,3465173,34434

2020-02-05 01:47:05.637000+00:00,leaf4,sg0,666249,0,3444859,276462432,0,0,0,13064,0,640,9210,901,8780,2875,0,11016,28804,63648007,276451435,925560,5628044,615434,602,19,1,479,324,0,obt-collector1,,,0/RP0/CPU0,0,0,0,1639317,0,0,479,2267,8017,0,0,0,0,93,34436,64,64,3,0,0,9120,0,0,0,0,0,0,0,164,0,0,0,17739,98,0,0,0,0,4000,0,0,0,0,0,0,0,0,0,0,0,0,0,0,0,0,8,4207223,5639516,0,0,0,0,0,3465543,34436

2020-02-05 01:47:18.281000+00:00,leaf4,sg0,666331,0,3445337,276979377,0,0,0,13064,0,640,9213,901,8783,2876,0,11020,28812,63658483,276968127,925666,5628719,615504,602,19,1,479,324,0,obt-collector1,,,0/RP0/CPU0,0,0,0,1639481,0,0,479,2267,8019,0,0,0,0,93,34442,64,64,3,0,0,9121,0,0,0,0,0,0,0,164,0,0,0,17743,98,0,0,0,0,4000,0,0,0,0,0,0,0,0,0,0,0,0,0,0,0,0,8,4207767,5640192,0,0,0,0,0,3466026,34442

2020-02-05 01:47:25.637000+00:00,leaf4,sg0,666383,0,3445697,277423466,0,0,0,13064,0,640,9213,901,8783,2876,0,11020,28813,63660093,277412463,925746,5629254,615556,602,19,1,479,324,0,obt-collector1,,,0/RP0/CPU0,0,0,0,1639639,0,0,479,2269,8021,0,0,0,0,93,34442,64,64,3,0,0,9122,0,0,0,0,0,0,0,164,0,0,0,17744,98,0,0,0,0,4000,0,0,0,0,0,0,0,0,0,0,0,0,0,0,0,0,8,4208166,5640730,0,0,0,0,0,3466386,34442

2020-02-05 01:47:35.637000+00:00,leaf4,sg0,666455,0,3446091,277871360,0,0,0,13064,0,640,9215,901,8785,2876,0,11022,28818,63670098,277860353,925843,5629827,615618,602,19,1,479,324,0,obt-collector1,,,0/RP0/CPU0,0,0,0,1639799,0,0,479,2269,8021,0,0,0,0,93,34448,64,64,3,0,0,9123,0,0,0,0,0,0,0,164,0,0,0,17747,98,0,0,0,0,4000,0,0,0,0,0,0,0,0,0,0,0,0,0,0,0,0,8,4208614,5641304,0,0,0,0,0,3466784,34448

2020-02-05 01:47:45.637000+00:00,leaf4,sg0,666524,0,3446512,278325824,0,0,0,13064,0,640,9218,901,8788,2877,0,11025,28824,63672229,278314811,925934,5630422,615680,602,19,1,479,324,0,obt-collector1,,,0/RP0/CPU0,0,0,0,1639959,0,0,479,2269,8022,0,0,0,0,93,34449,64,64,3,0,0,9123,0,0,0,0,0,0,0,164,0,0,0,17750,98,0,0,0,0,4000,0,0,0,0,0,0,0,0,0,0,0,0,0,0,0,0,8,4209084,5641899,0,0,0,0,0,3467201,34449

2020-02-05 01:47:55.640000+00:00,leaf4,sg0,666592,0,3446900,278773609,0,0,0,13064,0,640,9218,901,8788,2877,0,11026,28826,63682085,278762539,926028,5630982,615741,602,19,1,479,324,0,obt-collector1,,,0/RP0/CPU0,0,0,0,1640119,0,0,479,2271,8025,0,0,0,0,93,34456,64,64,3,0,0,9124,0,0,0,0,0,0,0,164,0,0,0,17751,98,0,0,0,0,4000,0,0,0,0,0,0,0,0,0,0,0,0,0,0,0,0,8,4209521,5642462,0,0,0,0,0,3467597,34456

2020-02-05 01:48:05.638000+00:00,leaf4,sg0,666654,0,3447280,279217881,0,0,0,13064,0,640,9218,901,8788,2877,0,11026,28828,63683733,279206811,926110,5631526,615803,602,19,1,479,324,0,obt-collector1,,,0/RP0/CPU0,0,0,0,1640279,0,0,479,2271,8025,0,0,0,0,93,34456,64,64,3,0,0,9126,0,0,0,0,0,0,0,164,0,0,0,17753,98,0,0,0,0,4000,0,0,0,0,0,0,0,0,0,0,0,0,0,0,0,0,8,4209933,5643008,0,0,0,0,0,3467977,34456

2020-02-05 01:48:15.656000+00:00,leaf4,sg0,666729,0,3447745,279724803,0,0,0,13064,0,640,9221,901,8791,2877,0,11029,28834,63694152,279713727,926213,5632186,615865,602,19,1,479,324,0,obt-collector1,,,0/RP0/CPU0,0,0,0,1640440,0,0,479,2271,8025,0,0,0,0,93,34463,64,64,3,0,0,9126,0,0,0,0,0,0,0,164,0,0,0,17756,98,0,0,0,0,4000,0,0,0,0,0,0,0,0,0,0,0,0,0,0,0,0,8,4210452,5643668,0,0,0,0,0,3468447,34463

2020-02-05 01:48:25.639000+00:00,leaf4,sg0,666792,0,3448075,280099731,0,0,0,13064,0,640,9222,902,8791,2878,0,11030,28836,63695691,280088655,926294,5632669,615928,602,19,1,479,324,0,obt-collector1,,,0/RP0/CPU0,0,0,0,1640601,0,0,479,2272,8028,0,0,0,0,93,34463,63,64,3,0,0,9126,0,0,0,0,0,0,0,164,0,0,0,17756,99,0,0,0,0,4000,0,0,0,0,0,0,0,0,0,0,0,0,0,0,0,0,8,4210815,5644152,0,0,0,0,0,3468777,34463

2020-02-05 01:48:35.645000+00:00,leaf4,sg0,666860,0,3448344,280416803,0,0,0,13064,0,640,9222,902,8791,2878,0,11030,28838,63705547,280406799,926388,5633118,615990,602,19,1,479,324,0,obt-collector1,,,0/RP0/CPU0,0,0,0,1640761,0,0,479,2272,8028,0,0,0,0,93,34469,63,64,3,0,0,9128,0,0,0,0,0,0,0,164,0,0,0,17758,99,0,0,0,0,4000,0,0,0,0,0,0,0,0,0,0,0,0,0,0,0,0,8,4211128,5644603,0,0,0,0,0,3469054,34469

2020-02-05 01:48:45.645000+00:00,leaf4,sg0,666928,0,3448708,280841091,0,0,0,13064,0,640,9225,902,8794,2878,0,11033,28845,63707614,280830009,926478,5633684,616052,602,19,1,479,324,0,obt-collector1,,,0/RP0/CPU0,0,0,0,1640921,0,0,479,2272,8028,0,0,0,0,93,34469,63,64,3,0,0,9129,0,0,0,0,0,0,0,164,0,0,0,17762,99,0,0,0,0,4000,0,0,0,0,0,0,0,0,0,0,0,0,0,0,0,0,8,4211536,5645170,0,0,0,0,0,3469414,34469

2020-02-05 01:48:55.641000+00:00,leaf4,sg0,666996,0,3449016,281285299,0,0,0,13064,0,640,9225,902,8794,2879,0,11033,28845,63717470,281274217,926572,5634247,616114,602,19,1,479,324,0,obt-collector1,,,0/RP0/CPU0,0,0,0,1641081,0,0,479,2273,8030,0,0,0,0,93,34475,63,64,3,0,0,9129,0,0,0,0,0,0,0,164,0,0,0,17762,99,0,0,0,0,4000,0,0,0,0,0,0,0,0,0,0,0,0,0,0,0,0,8,4211888,5645734,0,0,0,0,0,3469730,34475

2020-02-05 01:49:05.645000+00:00,leaf4,sg0,667060,0,3449317,281726051,0,0,0,13064,0,640,9225,902,8794,2879,0,11034,28847,63719118,281714969,926654,5634796,616178,602,19,1,479,324,0,obt-collector1,,,0/RP0/CPU0,0,0,0,1641241,0,0,479,2273,8031,0,0,0,0,93,34475,62,64,3,0,0,9130,0,0,0,0,0,0,0,164,0,0,0,17763,99,0,0,0,0,4000,0,0,0,0,0,0,0,0,0,0,0,0,0,0,0,0,8,4212222,5646284,0,0,0,0,0,3470031,34475

2020-02-05 01:49:15.638000+00:00,leaf4,sg0,667137,0,3449707,282232925,0,0,0,13064,0,640,9228,902,8797,2879,0,11037,28855,63729601,282221837,926758,5635460,616243,602,19,1,479,324,0,obt-collector1,,,0/RP0/CPU0,0,0,0,1641402,0,0,479,2273,8031,0,0,0,0,93,34481,62,64,3,0,0,9132,0,0,0,0,0,0,0,164,0,0,0,17768,99,0,0,0,0,4000,0,0,0,0,0,0,0,0,0,0,0,0,0,0,0,0,8,4212669,5646950,0,0,0,0,0,3470429,34481

2020-02-05 01:49:25.637000+00:00,leaf4,sg0,667202,0,3450012,282674253,0,0,0,13064,0,640,9228,902,8797,2879,0,11037,28855,63731268,282663165,926841,5636008,616308,602,19,1,479,324,0,obt-collector1,,,0/RP0/CPU0,0,0,0,1641563,0,0,479,2274,8032,0,0,0,0,93,34481,62,64,3,0,0,9132,0,0,0,0,0,0,0,164,0,0,0,17768,99,0,0,0,0,4000,0,0,0,0,0,0,0,0,0,0,0,0,0,0,0,0,8,4213008,5647499,0,0,0,0,0,3470734,34481

2020-02-05 01:49:35.637000+00:00,leaf4,sg0,667275,0,3450339,283119715,0,0,0,13064,0,640,9231,903,8799,2880,0,11040,28860,63741273,283108623,926938,5636584,616368,602,19,1,480,324,0,obt-collector1,,,0/RP0/CPU0,0,0,0,1641726,0,0,480,2274,8034,0,0,0,0,93,34490,63,64,3,0,0,9132,0,0,0,0,0,0,0,164,0,0,0,17771,99,0,0,0,0,4000,0,0,0,0,0,0,0,0,0,0,0,0,0,0,0,0,8,4213383,5648075,0,0,0,0,0,3471066,34490

2020-02-05 01:49:45.639000+00:00,leaf4,sg0,667345,0,3450690,283571811,0,0,0,13064,0,640,9234,903,8802,2880,0,11043,28867,63743404,283560713,927029,5637179,616432,602,19,1,480,324,0,obt-collector1,,,0/RP0/CPU0,0,0,0,1641886,0,0,480,2274,8034,0,0,0,0,93,34490,63,64,3,0,0,9133,0,0,0,0,0,0,0,164,0,0,0,17775,99,0,0,0,0,4000,0,0,0,0,0,0,0,0,0,0,0,0,0,0,0,0,8,4213778,5648671,0,0,0,0,0,3471413,34490

2020-02-05 01:49:55.636000+00:00,leaf4,sg0,667415,0,3451043,284017171,0,0,0,13064,0,640,9234,903,8802,2880,0,11043,28868,63753260,284006073,927123,5637744,616496,602,19,1,480,324,0,obt-collector1,,,0/RP0/CPU0,0,0,0,1642046,0,0,480,2275,8035,0,0,0,0,93,34496,63,64,3,0,0,9134,0,0,0,0,0,0,0,164,0,0,0,17776,99,0,0,0,0,4000,0,0,0,0,0,0,0,0,0,0,0,0,0,0,0,0,8,4214176,5649238,0,0,0,0,0,3471774,34496

2020-02-05 01:50:05.637000+00:00,leaf4,sg0,667492,0,3451398,284460612,0,0,0,13064,0,641,9240,904,8808,2881,0,11048,28880,63756460,284449503,927219,5638342,616562,602,19,1,480,325,0,obt-collector1,,,0/RP0/CPU0,0,0,0,1642206,0,0,480,2275,8036,0,0,0,0,93,34497,63,64,3,0,0,9135,0,0,0,0,0,0,0,164,0,0,0,17782,99,0,0,0,0,4000,0,0,0,0,0,0,0,0,0,0,0,0,0,0,0,0,8,4214579,5649837,0,0,0,0,0,3472119,34497

2020-02-05 01:50:18.667000+00:00,leaf4,sg0,667579,0,3451993,285197564,0,0,0,13064,0,641,9243,904,8811,2881,0,11052,28889,63766955,285186259,927326,5639226,616635,602,19,1,480,325,0,obt-collector1,,,0/RP0/CPU0,0,0,0,1642371,0,0,480,2275,8037,0,0,0,0,93,34505,63,64,3,0,0,9137,0,0,0,0,0,0,0,164,0,0,0,17787,99,0,0,0,0,4000,0,0,0,0,0,0,0,0,0,0,0,0,0,0,0,0,8,4215236,5650723,0,0,0,0,0,3472719,34505

2020-02-05 01:50:25.645000+00:00,leaf4,sg0,667626,0,3452064,285198958,0,0,0,13064,0,641,9243,904,8811,2881,0,11052,28890,63768418,285187843,927403,5639354,616682,602,19,1,480,325,0,obt-collector1,,,0/RP0/CPU0,0,0,0,1642528,0,0,480,2276,8038,0,0,0,0,93,34505,63,64,3,0,0,9138,0,0,0,0,0,0,0,164,0,0,0,17788,99,0,0,0,0,4000,0,0,0,0,0,0,0,0,0,0,0,0,0,0,0,0,8,4215336,5650853,0,0,0,0,0,3472790,34505

2020-02-05 01:50:35.639000+00:00,leaf4,sg0,667692,0,3452394,285649452,0,0,0,13064,0,641,9243,904,8811,2881,0,11052,28890,63780957,285638147,927502,5639918,616741,602,19,1,480,325,0,obt-collector1,,,0/RP0/CPU0,0,0,0,1642694,0,0,480,2276,8038,0,0,0,0,93,34512,63,64,3,0,0,9138,0,0,0,0,0,0,0,164,0,0,0,17788,99,0,0,0,0,4000,0,0,0,0,0,0,0,0,0,0,0,0,0,0,0,0,8,4215745,5651417,0,0,0,0,0,3473128,34512

2020-02-05 01:50:45.643000+00:00,leaf4,sg0,667731,0,3452744,286103980,0,0,0,13064,0,641,9246,904,8814,2882,0,11056,28897,63783088,286092669,927593,5640486,616773,602,19,1,480,325,0,obt-collector1,,,0/RP0/CPU0,0,0,0,1642854,0,0,480,2276,8040,0,0,0,0,93,34513,63,64,3,0,0,9138,0,0,0,0,0,0,0,164,0,0,0,17791,99,0,0,0,0,4000,0,0,0,0,0,0,0,0,0,0,0,0,0,0,0,0,8,4216169,5651985,0,0,0,0,0,3473474,34513

2020-02-05 01:50:55.642000+00:00,leaf4,sg0,667790,0,3453293,286777325,0,0,0,13064,0,642,9252,905,8820,2882,0,11061,28910,63794409,286766003,927701,5641284,616816,602,19,1,480,326,0,obt-collector1,,,0/RP0/CPU0,0,0,0,1643014,0,0,480,2277,8041,0,0,0,0,93,34519,63,64,3,0,0,9140,0,0,0,0,0,0,0,164,0,0,0,17798,99,0,0,0,0,4000,0,0,0,0,0,0,0,0,0,0,0,0,0,0,0,0,8,4216812,5652786,0,0,0,0,0,3474021,34519

2020-02-05 01:51:05.640000+00:00,leaf4,sg0,667854,0,3453615,287224451,0,0,0,13064,0,642,9252,905,8820,2882,0,11061,28911,63798897,287213129,927798,5641843,616884,602,19,1,480,326,0,obt-collector1,,,0/RP0/CPU0,0,0,0,1643198,0,0,480,2277,8041,0,0,0,0,93,34519,63,64,3,0,0,9141,0,0,0,0,0,0,0,164,0,0,0,17799,99,0,0,0,0,4000,0,0,0,0,0,0,0,0,0,0,0,0,0,0,0,0,8,4217199,5653346,0,0,0,0,0,3474343,34519

2020-02-05 01:51:15.638000+00:00,leaf4,sg0,667915,0,3454028,287733098,0,0,0,13064,0,642,9255,905,8823,2883,0,11064,28917,63809380,287721770,927902,5642485,616933,602,19,1,480,326,0,obt-collector1,,,0/RP0/CPU0,0,0,0,1643358,0,0,480,2277,8042,0,0,0,0,93,34525,63,64,3,0,0,9141,0,0,0,0,0,0,0,164,0,0,0,17802,99,0,0,0,0,4000,0,0,0,0,0,0,0,0,0,0,0,0,0,0,0,0,8,4217690,5653988,0,0,0,0,0,3474761,34525

2020-02-05 01:51:25.642000+00:00,leaf4,sg0,667963,0,3454333,288173850,0,0,0,13064,0,642,9255,905,8823,2883,0,11065,28919,63811028,288162522,927984,5643016,616981,602,19,1,480,326,0,obt-collector1,,,0/RP0/CPU0,0,0,0,1643518,0,0,480,2278,8044,0,0,0,0,93,34525,63,64,3,0,0,9142,0,0,0,0,0,0,0,164,0,0,0,17803,99,0,0,0,0,4000,0,0,0,0,0,0,0,0,0,0,0,0,0,0,0,0,8,4218044,5654521,0,0,0,0,0,3475066,34525

2020-02-05 01:51:35.639000+00:00,leaf4,sg0,668045,0,3454666,288621050,0,0,0,13064,0,642,9257,905,8825,2883,0,11067,28925,63823869,288609718,928096,5643609,617050,602,19,1,480,326,0,obt-collector1,,,0/RP0/CPU0,0,0,0,1643701,0,0,480,2278,8044,0,0,0,0,93,34534,63,64,3,0,0,9144,0,0,0,0,0,0,0,164,0,0,0,17807,99,0,0,0,0,4000,0,0,0,0,0,0,0,0,0,0,0,0,0,0,0,0,8,4218450,5655116,0,0,0,0,0,3475403,34534

2020-02-05 01:51:45.640000+00:00,leaf4,sg0,668099,0,3454996,289028086,0,0,0,13064,0,642,9260,905,8828,2883,0,11070,28931,63826000,289016752,928187,5644148,617098,602,19,1,480,326,0,obt-collector1,,,0/RP0/CPU0,0,0,0,1643861,0,0,480,2278,8044,0,0,0,0,93,34534,63,64,3,0,0,9144,0,0,0,0,0,0,0,164,0,0,0,17810,99,0,0,0,0,4000,0,0,0,0,0,0,0,0,0,0,0,0,0,0,0,0,8,4218837,5655655,0,0,0,0,0,3475729,34534

2020-02-05 01:51:55.652000+00:00,leaf4,sg0,668145,0,3455264,289349154,0,0,0,13064,0,642,9260,905,8828,2884,0,11071,28932,63835856,289338208,928281,5644578,617138,602,19,1,480,326,0,obt-collector1,,,0/RP0/CPU0,0,0,0,1644021,0,0,480,2279,8047,0,0,0,0,93,34540,63,64,3,0,0,9144,0,0,0,0,0,0,0,164,0,0,0,17810,99,0,0,0,0,4000,0,0,0,0,0,0,0,0,0,0,0,0,0,0,0,0,8,4219171,5656086,0,0,0,0,0,3476005,34540

2020-02-05 01:52:05.648000+00:00,leaf4,sg0,668199,0,3455550,289740531,0,0,0,13064,0,642,9260,905,8828,2884,0,11071,28934,63840083,289729193,928373,5645078,617192,602,19,1,480,326,0,obt-collector1,,,0/RP0/CPU0,0,0,0,1644204,0,0,480,2279,8047,0,0,0,0,93,34540,63,64,3,0,0,9146,0,0,0,0,0,0,0,164,0,0,0,17812,99,0,0,0,0,4000,0,0,0,0,0,0,0,0,0,0,0,0,0,0,0,0,8,4219516,5656588,0,0,0,0,0,3476291,34540

2020-02-05 01:52:15.649000+00:00,leaf4,sg0,668257,0,3455949,290247386,0,0,0,13064,0,642,9263,905,8831,2884,0,11074,28941,63850502,290236042,928476,5645721,617238,602,19,1,480,326,0,obt-collector1,,,0/RP0/CPU0,0,0,0,1644364,0,0,480,2279,8047,0,0,0,0,93,34546,63,64,3,0,0,9147,0,0,0,0,0,0,0,164,0,0,0,17816,99,0,0,0,0,4000,0,0,0,0,0,0,0,0,0,0,0,0,0,0,0,0,8,4219988,5657232,0,0,0,0,0,3476695,34546

2020-02-05 01:52:25.649000+00:00,leaf4,sg0,668303,0,3456265,290688714,0,0,0,13064,0,642,9263,905,8831,2885,0,11074,28941,63852150,290677370,928558,5646248,617284,602,19,1,480,326,0,obt-collector1,,,0/RP0/CPU0,0,0,0,1644524,0,0,480,2280,8049,0,0,0,0,93,34546,63,64,3,0,0,9147,0,0,0,0,0,0,0,164,0,0,0,17816,99,0,0,0,0,4000,0,0,0,0,0,0,0,0,0,0,0,0,0,0,0,0,8,4220351,5657760,0,0,0,0,0,3477011,34546

2020-02-05 01:52:35.640000+00:00,leaf4,sg0,668361,0,3456607,291137431,0,0,0,13064,0,642,9263,905,8831,2885,0,11075,28943,63864775,291126087,928660,5646812,617336,602,19,1,480,326,0,obt-collector1,,,0/RP0/CPU0,0,0,0,1644704,0,0,480,2280,8050,0,0,0,0,93,34552,62,64,3,0,0,9148,0,0,0,0,0,0,0,164,0,0,0,17817,99,0,0,0,0,4000,0,0,0,0,0,0,0,0,0,0,0,0,0,0,0,0,8,4220765,5658325,0,0,0,0,0,3477361,34552

2020-02-05 01:52:45.651000+00:00,leaf4,sg0,668413,0,3456987,291591319,0,0,0,13064,0,642,9266,905,8834,2885,0,11078,28951,63866906,291579969,928751,5647388,617382,602,19,1,480,326,0,obt-collector1,,,0/RP0/CPU0,0,0,0,1644864,0,0,480,2280,8050,0,0,0,0,93,34552,62,64,3,0,0,9150,0,0,0,0,0,0,0,164,0,0,0,17822,99,0,0,0,0,4000,0,0,0,0,0,0,0,0,0,0,0,0,0,0,0,0,8,4221207,5658903,0,0,0,0,0,3477737,34552

2020-02-05 01:52:55.641000+00:00,leaf4,sg0,668465,0,3457324,292036679,0,0,0,13064,0,642,9266,905,8834,2885,0,11078,28951,63876762,292025329,928845,5647934,617428,602,19,1,480,326,0,obt-collector1,,,0/RP0/CPU0,0,0,0,1645024,0,0,480,2281,8051,0,0,0,0,93,34558,62,64,3,0,0,9150,0,0,0,0,0,0,0,164,0,0,0,17822,99,0,0,0,0,4000,0,0,0,0,0,0,0,0,0,0,0,0,0,0,0,0,8,4221603,5659450,0,0,0,0,0,3478085,34558

2020-02-05 01:53:05.652000+00:00,leaf4,sg0,668512,0,3457665,292482055,0,0,0,13064,0,642,9267,906,8834,2886,0,11078,28951,63881207,292470705,928933,5648478,617475,602,19,1,481,326,0,obt-collector1,,,0/RP0/CPU0,0,0,0,1645209,0,0,481,2281,8053,0,0,0,0,93,34558,62,64,3,0,0,9150,0,0,0,0,0,0,0,164,0,0,0,17822,99,0,0,0,0,4000,0,0,0,0,0,0,0,0,0,0,0,0,0,0,0,0,8,4221996,5659994,0,0,0,0,0,3478426,34558

2020-02-05 01:53:18.678000+00:00,leaf4,sg0,668576,0,3458209,293218862,0,0,0,13064,0,642,9270,906,8837,2886,0,11082,28959,63891804,293207506,929043,5649336,617527,602,19,1,481,326,0,obt-collector1,,,0/RP0/CPU0,0,0,0,1645375,0,0,481,2281,8053,0,0,0,0,93,34564,63,64,3,0,0,9151,0,0,0,0,0,0,0,164,0,0,0,17827,99,0,0,0,0,4000,0,0,0,0,0,0,0,0,0,0,0,0,0,0,0,0,8,4222621,5660853,0,0,0,0,0,3478976,34564

2020-02-05 01:53:25.644000+00:00,leaf4,sg0,668616,0,3458412,293441790,0,0,0,13064,0,642,9270,906,8837,2886,0,11082,28960,63893274,293430434,929118,5649657,617567,602,19,1,481,326,0,obt-collector1,,,0/RP0/CPU0,0,0,0,1645529,0,0,481,2282,8054,0,0,0,0,93,34564,63,64,3,0,0,9152,0,0,0,0,0,0,0,164,0,0,0,17828,99,0,0,0,0,4000,0,0,0,0,0,0,0,0,0,0,0,0,0,0,0,0,8,4222866,5661176,0,0,0,0,0,3479179,34564

2020-02-05 01:53:35.644000+00:00,leaf4,sg0,668669,0,3458790,293893692,0,0,0,13064,0,642,9272,906,8839,2886,0,11084,28964,63905627,293882332,929225,5650242,617610,602,19,1,481,326,0,obt-collector1,,,0/RP0/CPU0,0,0,0,1645728,0,0,481,2282,8054,0,0,0,0,93,34571,63,64,3,0,0,9152,0,0,0,0,0,0,0,164,0,0,0,17830,99,0,0,0,0,4000,0,0,0,0,0,0,0,0,0,0,0,0,0,0,0,0,8,4223310,5661761,0,0,0,0,0,3479561,34571

2020-02-05 01:53:45.642000+00:00,leaf4,sg0,668722,0,3459163,294348220,0,0,0,13064,0,642,9275,906,8842,2887,0,11087,28971,63907758,294336854,929316,5650821,617656,602,19,1,481,326,0,obt-collector1,,,0/RP0/CPU0,0,0,0,1645888,0,0,481,2282,8055,0,0,0,0,93,34572,63,64,3,0,0,9153,0,0,0,0,0,0,0,164,0,0,0,17834,99,0,0,0,0,4000,0,0,0,0,0,0,0,0,0,0,0,0,0,0,0,0,8,4223742,5662341,0,0,0,0,0,3479930,34572

2020-02-05 01:53:55.650000+00:00,leaf4,sg0,668782,0,3459506,294796012,0,0,0,13064,0,642,9275,906,8842,2887,0,11088,28974,63917614,294784646,929410,5651376,617710,602,19,1,481,326,0,obt-collector1,,,0/RP0/CPU0,0,0,0,1646048,0,0,481,2283,8057,0,0,0,0,93,34578,63,64,3,0,0,9155,0,0,0,0,0,0,0,164,0,0,0,17836,99,0,0,0,0,4000,0,0,0,0,0,0,0,0,0,0,0,0,0,0,0,0,8,4224147,5662899,0,0,0,0,0,3480281,34578

2020-02-05 01:54:05.645000+00:00,leaf4,sg0,668820,0,3459865,295244494,0,0,0,13064,0,642,9275,906,8842,2887,0,11088,28975,63920737,295233128,929498,5651924,617748,602,19,1,481,326,0,obt-collector1,,,0/RP0/CPU0,0,0,0,1646242,0,0,481,2283,8057,0,0,0,0,93,34578,63,64,3,0,0,9156,0,0,0,0,0,0,0,164,0,0,0,17837,99,0,0,0,0,4000,0,0,0,0,0,0,0,0,0,0,0,0,0,0,0,0,8,4224562,5663448,0,0,0,0,0,3480640,34578

2020-02-05 01:54:15.649000+00:00,leaf4,sg0,668864,0,3460286,295752613,0,0,0,13064,0,642,9278,906,8845,2887,0,11091,28981,63931220,295741241,929602,5652553,617779,602,19,1,481,326,0,obt-collector1,,,0/RP0/CPU0,0,0,0,1646402,0,0,481,2283,8057,0,0,0,0,93,34585,63,64,3,0,0,9156,0,0,0,0,0,0,0,164,0,0,0,17840,99,0,0,0,0,4000,0,0,0,0,0,0,0,0,0,0,0,0,0,0,0,0,8,4225072,5664077,0,0,0,0,0,3481066,34585

2020-02-05 01:54:25.641000+00:00,leaf4,sg0,668895,0,3460627,296193365,0,0,0,13064,0,642,9278,906,8845,2888,0,11092,28983,63932868,296181993,929684,5653068,617809,602,19,1,481,326,0,obt-collector1,,,0/RP0/CPU0,0,0,0,1646562,0,0,481,2284,8060,0,0,0,0,93,34586,63,64,3,0,0,9157,0,0,0,0,0,0,0,164,0,0,0,17841,99,0,0,0,0,4000,0,0,0,0,0,0,0,0,0,0,0,0,0,0,0,0,8,4225480,5664594,0,0,0,0,0,3481407,34586

2020-02-05 01:54:35.642000+00:00,leaf4,sg0,668948,0,3460990,296641632,0,0,0,13064,0,642,9278,906,8845,2888,0,11092,28984,63944115,296630260,929789,5653626,617856,602,19,1,481,326,0,obt-collector1,,,0/RP0/CPU0,0,0,0,1646747,0,0,481,2284,8060,0,0,0,0,93,34592,63,64,3,0,0,9158,0,0,0,0,0,0,0,164,0,0,0,17842,99,0,0,0,0,4000,0,0,0,0,0,0,0,0,0,0,0,0,0,0,0,0,8,4225913,5665153,0,0,0,0,0,3481778,34592

2020-02-05 01:54:45.643000+00:00,leaf4,sg0,669001,0,3461376,297092576,0,0,0,13064,0,642,9281,906,8848,2888,0,11095,28991,63946246,297081198,929880,5654204,617901,602,19,1,481,326,0,obt-collector1,,,0/RP0/CPU0,0,0,0,1646907,0,0,481,2284,8060,0,0,0,0,93,34594,63,64,3,0,0,9159,0,0,0,0,0,0,0,164,0,0,0,17846,99,0,0,0,0,4000,0,0,0,0,0,0,0,0,0,0,0,0,0,0,0,0,8,4226363,5665732,0,0,0,0,0,3482160,34594

2020-02-05 01:54:55.642000+00:00,leaf4,sg0,669053,0,3461734,297536784,0,0,0,13064,0,642,9281,906,8848,2889,0,11095,28991,63956102,297525406,929974,5654749,617946,602,19,1,481,326,0,obt-collector1,,,0/RP0/CPU0,0,0,0,1647067,0,0,481,2285,8062,0,0,0,0,93,34601,63,64,3,0,0,9159,0,0,0,0,0,0,0,164,0,0,0,17846,99,0,0,0,0,4000,0,0,0,0,0,0,0,0,0,0,0,0,0,0,0,0,8,4226782,5666278,0,0,0,0,0,3482526,34601

2020-02-05 01:55:05.642000+00:00,leaf4,sg0,669103,0,3462089,297981782,0,0,0,13064,0,642,9281,906,8848,2889,0,11096,28994,63958860,297970404,930066,5655291,617995,602,19,1,481,326,0,obt-collector1,,,0/RP0/CPU0,0,0,0,1647249,0,0,481,2285,8063,0,0,0,0,93,34602,63,64,3,0,0,9161,0,0,0,0,0,0,0,164,0,0,0,17848,99,0,0,0,0,4000,0,0,0,0,0,0,0,0,0,0,0,0,0,0,0,0,8,4227201,5666822,0,0,0,0,0,3482881,34602

2020-02-05 01:55:15.644000+00:00,leaf4,sg0,669157,0,3462530,298492733,0,0,0,13064,0,642,9284,906,8851,2889,0,11099,29001,63971871,298481349,930178,5655936,618035,602,19,1,481,326,0,obt-collector1,,,0/RP0/CPU0,0,0,0,1647409,0,0,481,2285,8063,0,0,0,0,93,34610,63,64,3,0,0,9162,0,0,0,0,0,0,0,164,0,0,0,17852,99,0,0,0,0,4000,0,0,0,0,0,0,0,0,0,0,0,0,0,0,0,0,8,4227728,5667468,0,0,0,0,0,3483329,34610

2020-02-05 01:55:25.647000+00:00,leaf4,sg0,669197,0,3462885,298935789,0,0,0,13064,0,642,9284,906,8851,2889,0,11099,29001,63974383,298924405,930263,5656460,618074,602,19,1,481,326,0,obt-collector1,,,0/RP0/CPU0,0,0,0,1647569,0,0,481,2286,8064,0,0,0,0,93,34611,63,64,3,0,0,9162,0,0,0,0,0,0,0,164,0,0,0,17852,99,0,0,0,0,4000,0,0,0,0,0,0,0,0,0,0,0,0,0,0,0,0,8,4228141,5667993,0,0,0,0,0,3483685,34611

2020-02-05 01:55:35.641000+00:00,leaf4,sg0,669245,0,3463268,299383587,0,0,0,13064,0,642,9284,906,8851,2890,0,11100,29003,63984603,299372203,930361,5657018,618115,602,19,1,481,326,0,obt-collector1,,,0/RP0/CPU0,0,0,0,1647750,0,0,481,2286,8066,0,0,0,0,93,34618,63,64,3,0,0,9163,0,0,0,0,0,0,0,164,0,0,0,17853,99,0,0,0,0,4000,0,0,0,0,0,0,0,0,0,0,0,0,0,0,0,0,8,4228595,5668552,0,0,0,0,0,3484077,34618

2020-02-05 01:55:45.651000+00:00,leaf4,sg0,669302,0,3463672,299835785,0,0,0,13064,0,642,9289,906,8856,2890,0,11105,29014,63986883,299824391,930455,5657605,618161,602,19,1,481,326,0,obt-collector1,,,0/RP0/CPU0,0,0,0,1647910,0,0,481,2286,8066,0,0,0,0,93,34619,63,64,3,0,0,9164,0,0,0,0,0,0,0,164,0,0,0,17859,99,0,0,0,0,4000,0,0,0,0,0,0,0,0,0,0,0,0,0,0,0,0,8,4229066,5669140,0,0,0,0,0,3484472,34619

2020-02-05 01:55:55.648000+00:00,leaf4,sg0,669354,0,3464040,300281145,0,0,0,13064,0,642,9289,906,8856,2890,0,11105,29015,63996739,300269751,930549,5658148,618207,602,19,1,481,326,0,obt-collector1,,,0/RP0/CPU0,0,0,0,1648070,0,0,481,2287,8067,0,0,0,0,93,34625,63,64,3,0,0,9165,0,0,0,0,0,0,0,164,0,0,0,17860,99,0,0,0,0,4000,0,0,0,0,0,0,0,0,0,0,0,0,0,0,0,0,8,4229495,5669685,0,0,0,0,0,3484848,34625

2020-02-05 01:56:05.654000+00:00,leaf4,sg0,669401,0,3464408,300724912,0,0,0,13064,0,642,9289,906,8856,2891,0,11105,29015,63998457,300713518,930633,5658681,618254,602,19,1,481,326,0,obt-collector1,,,0/RP0/CPU0,0,0,0,1648238,0,0,481,2287,8068,0,0,0,0,93,34625,62,64,3,0,0,9165,0,0,0,0,0,0,0,164,0,0,0,17860,99,0,0,0,0,4000,0,0,0,0,0,0,0,0,0,0,0,0,0,0,0,0,8,4229911,5670218,0,0,0,0,0,3485216,34625

2020-02-05 01:56:18.716000+00:00,leaf4,sg0,669467,0,3464862,301241591,0,0,0,13064,0,642,9292,906,8859,2891,0,11109,29024,64009158,301230191,930744,5659338,618308,602,19,1,481,326,0,obt-collector1,,,0/RP0/CPU0,0,0,0,1648405,0,0,481,2287,8069,0,0,0,0,93,34631,62,64,3,0,0,9167,0,0,0,0,0,0,0,164,0,0,0,17865,99,0,0,0,0,4000,0,0,0,0,0,0,0,0,0,0,0,0,0,0,0,0,8,4230447,5670877,0,0,0,0,0,3485675,34631

2020-02-05 01:56:25.645000+00:00,leaf4,sg0,669507,0,3465228,301685863,0,0,0,13064,0,642,9292,906,8859,2891,0,11109,29025,64010692,301674463,930820,5659861,618348,602,19,1,481,326,0,obt-collector1,,,0/RP0/CPU0,0,0,0,1648559,0,0,481,2288,8070,0,0,0,0,93,34631,62,64,3,0,0,9168,0,0,0,0,0,0,0,164,0,0,0,17866,99,0,0,0,0,4000,0,0,0,0,0,0,0,0,0,0,0,0,0,0,0,0,8,4230857,5671402,0,0,0,0,0,3486041,34631

2020-02-05 01:56:35.644000+00:00,leaf4,sg0,669561,0,3465608,302133835,0,0,0,13064,0,642,9292,906,8859,2891,0,11109,29025,64020548,302122435,930914,5660410,618395,602,19,1,481,326,0,obt-collector1,,,0/RP0/CPU0,0,0,0,1648719,0,0,481,2288,8070,0,0,0,0,93,34638,62,64,3,0,0,9168,0,0,0,0,0,0,0,164,0,0,0,17866,99,0,0,0,0,4000,0,0,0,0,0,0,0,0,0,0,0,0,0,0,0,0,8,4231295,5671951,0,0,0,0,0,3486432,34638

2020-02-05 01:56:45.644000+00:00,leaf4,sg0,669618,0,3466014,302588363,0,0,0,13064,0,642,9296,907,8862,2892,0,11113,29032,64022707,302576957,931006,5660991,618446,602,19,1,482,326,0,obt-collector1,,,0/RP0/CPU0,0,0,0,1648883,0,0,482,2288,8072,0,0,0,0,93,34638,63,64,3,0,0,9168,0,0,0,0,0,0,0,164,0,0,0,17870,99,0,0,0,0,4000,0,0,0,0,0,0,0,0,0,0,0,0,0,0,0,0,8,4231761,5672532,0,0,0,0,0,3486834,34638

2020-02-05 01:56:55.644000+00:00,leaf4,sg0,669676,0,3466396,303036155,0,0,0,13064,0,642,9296,907,8862,2892,0,11113,29034,64032563,303024749,931100,5661545,618498,602,19,1,482,326,0,obt-collector1,,,0/RP0/CPU0,0,0,0,1649043,0,0,482,2289,8073,0,0,0,0,93,34644,63,64,3,0,0,9170,0,0,0,0,0,0,0,164,0,0,0,17872,99,0,0,0,0,4000,0,0,0,0,0,0,0,0,0,0,0,0,0,0,0,0,8,4232205,5673089,0,0,0,0,0,3487225,34644

2020-02-05 01:57:05.655000+00:00,leaf4,sg0,669728,0,3466770,303480510,0,0,0,13064,0,642,9296,907,8862,2892,0,11113,29034,64034211,303469104,931182,5662082,618550,602,19,1,482,326,0,obt-collector1,,,0/RP0/CPU0,0,0,0,1649204,0,0,482,2289,8073,0,0,0,0,93,34644,63,64,3,0,0,9170,0,0,0,0,0,0,0,164,0,0,0,17872,99,0,0,0,0,4000,0,0,0,0,0,0,0,0,0,0,0,0,0,0,0,0,8,4232627,5673626,0,0,0,0,0,3487599,34644

2020-02-05 01:57:15.644000+00:00,leaf4,sg0,669794,0,3467214,303969761,0,0,0,13064,0,642,9299,907,8865,2893,0,11116,29041,64044630,303958353,931285,5662713,618604,602,19,1,482,326,0,obt-collector1,,,0/RP0/CPU0,0,0,0,1649364,0,0,482,2289,8074,0,0,0,0,93,34650,63,64,3,0,0,9171,0,0,0,0,0,0,0,164,0,0,0,17876,99,0,0,0,0,4000,0,0,0,0,0,0,0,0,0,0,0,0,0,0,0,0,8,4233142,5674258,0,0,0,0,0,3488048,34650

2020-02-05 01:57:25.650000+00:00,leaf4,sg0,669846,0,3467509,304287701,0,0,0,13064,0,642,9299,907,8865,2893,0,11117,29044,64046214,304276289,931366,5663136,618656,602,19,1,482,326,0,obt-collector1,,,0/RP0/CPU0,0,0,0,1649524,0,0,482,2290,8076,0,0,0,0,93,34650,63,64,3,0,0,9173,0,0,0,0,0,0,0,164,0,0,0,17878,99,0,0,0,0,4000,0,0,0,0,0,0,0,0,0,0,0,0,0,0,0,0,8,4233488,5674684,0,0,0,0,0,3488343,34650

2020-02-05 01:57:35.657000+00:00,leaf4,sg0,669906,0,3467841,304652645,0,0,0,13064,0,642,9299,907,8865,2893,0,11117,29045,64056089,304641233,931461,5663616,618710,602,19,1,482,326,0,obt-collector1,,,0/RP0/CPU0,0,0,0,1649685,0,0,482,2290,8076,0,0,0,0,93,34656,63,64,3,0,0,9174,0,0,0,0,0,0,0,164,0,0,0,17879,99,0,0,0,0,4000,0,0,0,0,0,0,0,0,0,0,0,0,0,0,0,0,8,4233881,5675165,0,0,0,0,0,3488683,34656

2020-02-05 01:57:45.644000+00:00,leaf4,sg0,669970,0,3468262,305103589,0,0,0,13064,0,642,9302,907,8868,2893,0,11120,29051,64058220,305092171,931552,5664204,618764,602,19,1,482,326,0,obt-collector1,,,0/RP0/CPU0,0,0,0,1649845,0,0,482,2290,8076,0,0,0,0,93,34660,63,64,3,0,0,9174,0,0,0,0,0,0,0,164,0,0,0,17882,99,0,0,0,0,4000,0,0,0,0,0,0,0,0,0,0,0,0,0,0,0,0,8,4234359,5675753,0,0,0,0,0,3489100,34660

2020-02-05 01:57:55.655000+00:00,leaf4,sg0,670034,0,3468662,305547899,0,0,0,13064,0,642,9304,907,8870,2894,0,11123,29057,64068225,305536477,931649,5664769,618818,602,19,1,482,326,0,obt-collector1,,,0/RP0/CPU0,0,0,0,1650005,0,0,482,2291,8079,0,0,0,0,93,34666,63,64,3,0,0,9175,0,0,0,0,0,0,0,164,0,0,0,17885,99,0,0,0,0,4000,0,0,0,0,0,0,0,0,0,0,0,0,0,0,0,0,8,4234824,5676320,0,0,0,0,0,3489504,34666

2020-02-05 01:58:05.643000+00:00,leaf4,sg0,670088,0,3469041,305988670,0,0,0,13064,0,642,9304,907,8870,2894,0,11123,29058,64069873,305977248,931731,5665302,618871,602,19,1,482,326,0,obt-collector1,,,0/RP0/CPU0,0,0,0,1650166,0,0,482,2291,8079,0,0,0,0,93,34667,63,64,3,0,0,9176,0,0,0,0,0,0,0,164,0,0,0,17886,99,0,0,0,0,4000,0,0,0,0,0,0,0,0,0,0,0,0,0,0,0,0,8,4235247,5676854,0,0,0,0,0,3489883,34667

2020-02-05 01:58:15.644000+00:00,leaf4,sg0,670154,0,3469505,306495525,0,0,0,13064,0,642,9307,907,8873,2894,0,11126,29065,64080228,306484097,931833,5665950,618925,602,19,1,482,326,0,obt-collector1,,,0/RP0/CPU0,0,0,0,1650326,0,0,482,2291,8079,0,0,0,0,93,34673,63,64,3,0,0,9177,0,0,0,0,0,0,0,164,0,0,0,17890,99,0,0,0,0,4000,0,0,0,0,0,0,0,0,0,0,0,0,0,0,0,0,8,4235776,5677503,0,0,0,0,0,3490352,34673

2020-02-05 01:58:25.650000+00:00,leaf4,sg0,670209,0,3469845,306936853,0,0,0,13064,0,642,9307,907,8873,2895,0,11126,29065,64081831,306925425,931915,5666482,618980,602,19,1,482,326,0,obt-collector1,,,0/RP0/CPU0,0,0,0,1650487,0,0,482,2292,8081,0,0,0,0,93,34673,63,64,3,0,0,9177,0,0,0,0,0,0,0,164,0,0,0,17890,99,0,0,0,0,4000,0,0,0,0,0,0,0,0,0,0,0,0,0,0,0,0,8,4236157,5678036,0,0,0,0,0,3490692,34673

2020-02-05 01:58:35.646000+00:00,leaf4,sg0,670270,0,3470160,307382213,0,0,0,13064,0,642,9307,907,8873,2895,0,11127,29068,64091687,307370785,932009,5667041,619034,602,19,1,482,326,0,obt-collector1,,,0/RP0/CPU0,0,0,0,1650647,0,0,482,2292,8082,0,0,0,0,93,34680,63,64,3,0,0,9179,0,0,0,0,0,0,0,164,0,0,0,17892,99,0,0,0,0,4000,0,0,0,0,0,0,0,0,0,0,0,0,0,0,0,0,8,4236527,5678597,0,0,0,0,0,3491015,34680

2020-02-05 01:58:45.643000+00:00,leaf4,sg0,670330,0,3470504,307834309,0,0,0,13064,0,642,9310,907,8876,2895,0,11130,29075,64093818,307822875,932100,5667628,619088,602,19,1,482,326,0,obt-collector1,,,0/RP0/CPU0,0,0,0,1650807,0,0,482,2292,8082,0,0,0,0,93,34680,63,64,3,0,0,9180,0,0,0,0,0,0,0,164,0,0,0,17896,99,0,0,0,0,4000,0,0,0,0,0,0,0,0,0,0,0,0,0,0,0,0,8,4236926,5679185,0,0,0,0,0,3491355,34680

2020-02-05 01:58:55.645000+00:00,leaf4,sg0,670390,0,3470824,308279669,0,0,0,13064,0,642,9310,907,8876,2895,0,11130,29075,64103674,308268235,932194,5668185,619142,602,19,1,482,326,0,obt-collector1,,,0/RP0/CPU0,0,0,0,1650967,0,0,482,2293,8083,0,0,0,0,93,34686,63,64,3,0,0,9180,0,0,0,0,0,0,0,164,0,0,0,17896,99,0,0,0,0,4000,0,0,0,0,0,0,0,0,0,0,0,0,0,0,0,0,8,4237299,5679743,0,0,0,0,0,3491686,34686

2020-02-05 01:59:05.648000+00:00,leaf4,sg0,670442,0,3471130,308721592,0,0,0,13064,0,642,9310,907,8876,2896,0,11131,29077,64105322,308710158,932276,5668722,619194,602,19,1,482,326,0,obt-collector1,,,0/RP0/CPU0,0,0,0,1651128,0,0,482,2293,8085,0,0,0,0,93,34686,63,64,3,0,0,9181,0,0,0,0,0,0,0,164,0,0,0,17897,99,0,0,0,0,4000,0,0,0,0,0,0,0,0,0,0,0,0,0,0,0,0,8,4237650,5680281,0,0,0,0,0,3491992,34686

2020-02-05 01:59:18.856000+00:00,leaf4,sg0,670515,0,3471657,309458767,0,0,0,13064,0,642,9313,907,8879,2896,0,11134,29085,64116432,309447783,932413,5669628,619253,602,19,1,482,326,0,obt-collector1,,,0/RP0/CPU0,0,0,0,1651361,0,0,482,2293,8085,0,0,0,0,93,34694,63,64,3,0,0,9183,0,0,0,0,0,0,0,164,0,0,0,17902,99,0,0,0,0,4000,0,0,0,0,0,0,0,0,0,0,0,0,0,0,0,0,8,4238268,5681189,0,0,0,0,0,3492525,34694

2020-02-05 01:59:25.645000+00:00,leaf4,sg0,670562,0,3471837,309681391,0,0,0,13064,0,642,9313,907,8879,2896,0,11134,29085,64117408,309669951,932462,5669917,619300,602,19,1,482,326,0,obt-collector1,,,0/RP0/CPU0,0,0,0,1651449,0,0,482,2294,8086,0,0,0,0,93,34694,63,64,3,0,0,9183,0,0,0,0,0,0,0,164,0,0,0,17902,99,0,0,0,0,4000,0,0,0,0,0,0,0,0,0,0,0,0,0,0,0,0,8,4238469,5681479,0,0,0,0,0,3492705,34694

2020-02-05 01:59:35.651000+00:00,leaf4,sg0,670623,0,3472125,310065947,0,0,0,13064,0,642,9313,907,8879,2897,0,11134,29085,64127264,310055971,932556,5670415,619354,602,19,1,482,326,0,obt-collector1,,,0/RP0/CPU0,0,0,0,1651609,0,0,482,2294,8087,0,0,0,0,93,34701,63,64,3,0,0,9183,0,0,0,0,0,0,0,164,0,0,0,17902,99,0,0,0,0,4000,0,0,0,0,0,0,0,0,0,0,0,0,0,0,0,0,8,4238809,5681977,0,0,0,0,0,3493001,34701

2020-02-05 01:59:45.653000+00:00,leaf4,sg0,670684,0,3472425,310406495,0,0,0,13064,0,642,9316,907,8882,2897,0,11138,29094,64129331,310399041,932646,5670903,619408,602,19,1,482,326,0,obt-collector1,,,0/RP0/CPU0,0,0,0,1651769,0,0,482,2294,8088,0,0,0,0,93,34702,62,64,3,0,0,9185,0,0,0,0,0,0,0,164,0,0,0,17907,99,0,0,0,0,4000,0,0,0,0,0,0,0,0,0,0,0,0,0,0,0,0,8,4239164,5682467,0,0,0,0,0,3493297,34702

2020-02-05 01:59:55.647000+00:00,leaf4,sg0,670744,0,3472715,310809903,0,0,0,13064,0,642,9316,907,8882,2897,0,11138,29095,64139187,310798457,932740,5671412,619462,602,19,1,482,326,0,obt-collector1,,,0/RP0/CPU0,0,0,0,1651929,0,0,482,2295,8089,0,0,0,0,93,34708,62,64,3,0,0,9186,0,0,0,0,0,0,0,164,0,0,0,17908,99,0,0,0,0,4000,0,0,0,0,0,0,0,0,0,0,0,0,0,0,0,0,8,4239508,5682978,0,0,0,0,0,3493595,34708

2020-02-05 02:00:05.651000+00:00,leaf4,sg0,670806,0,3473049,311255765,0,0,0,13083,0,643,9320,907,8886,2897,0,11142,29103,64142161,311244311,932832,5671979,619517,602,19,1,482,326,0,obt-collector1,,,0/RP0/CPU0,0,0,0,1652090,0,0,482,2295,8089,0,0,0,0,93,34708,63,64,3,0,0,9187,0,0,0,0,0,0,0,164,0,0,0,17912,99,0,0,0,0,4000,0,0,0,0,0,0,0,0,0,0,0,0,0,0,0,0,8,4239891,5683546,0,0,0,0,0,3493922,34708

2020-02-05 02:00:15.647000+00:00,leaf4,sg0,670883,0,3473546,311766785,0,0,0,13083,0,643,9328,908,8893,2898,0,11148,29117,64152910,311755317,932942,5672666,619573,602,19,1,483,326,0,obt-collector1,,,0/RP0/CPU0,0,0,0,1652254,0,0,483,2295,8091,0,0,0,0,93,34715,62,64,3,0,0,9187,0,0,0,0,0,0,0,164,0,0,0,17919,99,0,0,0,0,4000,0,0,0,0,0,0,0,0,0,0,0,0,0,0,0,0,8,4240460,5684233,0,0,0,0,0,3494417,34715

2020-02-05 02:00:25.653000+00:00,leaf4,sg0,670937,0,3473852,312207537,0,0,0,13083,0,643,9328,908,8893,2898,0,11149,29119,64154558,312196069,933024,5673205,619627,602,19,1,483,326,0,obt-collector1,,,0/RP0/CPU0,0,0,0,1652414,0,0,483,2296,8092,0,0,0,0,93,34715,63,64,3,0,0,9188,0,0,0,0,0,0,0,164,0,0,0,17921,99,0,0,0,0,4000,0,0,0,0,0,0,0,0,0,0,0,0,0,0,0,0,8,4240809,5684774,0,0,0,0,0,3494723,34715

2020-02-05 02:00:35.655000+00:00,leaf4,sg0,670997,0,3474171,312651745,0,0,0,13083,0,643,9328,908,8893,2898,0,11149,29120,64164414,312640277,933118,5673760,619681,602,19,1,483,326,0,obt-collector1,,,0/RP0/CPU0,0,0,0,1652574,0,0,483,2296,8092,0,0,0,0,93,34721,63,64,3,0,0,9189,0,0,0,0,0,0,0,164,0,0,0,17922,99,0,0,0,0,4000,0,0,0,0,0,0,0,0,0,0,0,0,0,0,0,0,8,4241181,5685330,0,0,0,0,0,3495050,34721

2020-02-05 02:00:45.647000+00:00,leaf4,sg0,671057,0,3474529,313102689,0,0,0,13083,0,643,9331,908,8896,2898,0,11152,29126,64166545,313091215,933209,5674348,619735,602,19,1,483,326,0,obt-collector1,,,0/RP0/CPU0,0,0,0,1652734,0,0,483,2296,8092,0,0,0,0,93,34721,63,64,3,0,0,9189,0,0,0,0,0,0,0,164,0,0,0,17925,99,0,0,0,0,4000,0,0,0,0,0,0,0,0,0,0,0,0,0,0,0,0,8,4241589,5685918,0,0,0,0,0,3495404,34721

2020-02-05 02:00:55.647000+00:00,leaf4,sg0,671142,0,3475023,313707822,0,0,0,13083,0,644,9337,909,8902,2899,0,11158,29139,64180222,313696337,933321,5675112,619804,602,19,1,483,327,0,obt-collector1,,,0/RP0/CPU0,0,0,0,1652899,0,0,483,2297,8095,0,0,0,0,93,34727,63,64,3,0,0,9190,0,0,0,0,0,0,0,164,0,0,0,17931,99,0,0,0,0,4000,0,0,0,0,0,0,0,0,0,0,0,0,0,0,0,0,8,4242177,5686684,0,0,0,0,0,3495897,34727

2020-02-05 02:01:05.648000+00:00,leaf4,sg0,671206,0,3475352,314056506,0,0,0,13083,0,644,9337,909,8902,2899,0,11158,29141,64181870,314045025,933403,5675572,619868,602,19,1,483,327,0,obt-collector1,,,0/RP0/CPU0,0,0,0,1653059,0,0,483,2297,8095,0,0,0,0,93,34727,63,64,3,0,0,9192,0,0,0,0,0,0,0,164,0,0,0,17933,99,0,0,0,0,4000,0,0,0,0,0,0,0,0,0,0,0,0,0,0,0,0,8,4242569,5687146,0,0,0,0,0,3496226,34727

2020-02-05 02:01:15.646000+00:00,leaf4,sg0,671252,0,3475701,314501637,0,0,0,13083,0,644,9340,909,8905,2899,0,11161,29148,64192225,314490146,933505,5676147,619902,602,19,1,483,327,0,obt-collector1,,,0/RP0/CPU0,0,0,0,1653219,0,0,483,2297,8095,0,0,0,0,93,34733,63,64,3,0,0,9193,0,0,0,0,0,0,0,164,0,0,0,17937,99,0,0,0,0,4000,0,0,0,0,0,0,0,0,0,0,0,0,0,0,0,0,8,4243003,5687722,0,0,0,0,0,3496580,34733

2020-02-05 02:01:25.646000+00:00,leaf4,sg0,671284,0,3476010,314942965,0,0,0,13083,0,644,9340,909,8905,2900,0,11161,29148,64193873,314931474,933587,5676661,619934,602,19,1,483,327,0,obt-collector1,,,0/RP0/CPU0,0,0,0,1653379,0,0,483,2298,8097,0,0,0,0,93,34733,63,64,3,0,0,9193,0,0,0,0,0,0,0,164,0,0,0,17937,99,0,0,0,0,4000,0,0,0,0,0,0,0,0,0,0,0,0,0,0,0,0,8,4243374,5688237,0,0,0,0,0,3496889,34733

2020-02-05 02:01:35.657000+00:00,leaf4,sg0,671330,0,3476328,315388325,0,0,0,13083,0,644,9340,909,8905,2900,0,11162,29151,64203729,315376834,933681,5677202,619974,602,19,1,483,327,0,obt-collector1,,,0/RP0/CPU0,0,0,0,1653539,0,0,483,2298,8098,0,0,0,0,93,34739,63,64,3,0,0,9195,0,0,0,0,0,0,0,164,0,0,0,17939,99,0,0,0,0,4000,0,0,0,0,0,0,0,0,0,0,0,0,0,0,0,0,8,4243761,5688780,0,0,0,0,0,3497215,34739

2020-02-05 02:01:45.649000+00:00,leaf4,sg0,671378,0,3476678,315840421,0,0,0,13083,0,644,9343,909,8908,2900,0,11165,29158,64205879,315828924,933773,5677776,620014,602,19,1,483,327,0,obt-collector1,,,0/RP0/CPU0,0,0,0,1653700,0,0,483,2298,8098,0,0,0,0,93,34741,63,64,3,0,0,9196,0,0,0,0,0,0,0,164,0,0,0,17943,99,0,0,0,0,4000,0,0,0,0,0,0,0,0,0,0,0,0,0,0,0,0,8,4244179,5689355,0,0,0,0,0,3497561,34741

2020-02-05 02:01:55.656000+00:00,leaf4,sg0,671424,0,3477004,316285800,0,0,0,13083,0,644,9343,909,8908,2900,0,11165,29158,64215735,316274303,933867,5678317,620054,602,19,1,483,327,0,obt-collector1,,,0/RP0/CPU0,0,0,0,1653861,0,0,483,2299,8099,0,0,0,0,93,34747,63,64,3,0,0,9196,0,0,0,0,0,0,0,164,0,0,0,17943,99,0,0,0,0,4000,0,0,0,0,0,0,0,0,0,0,0,0,0,0,0,0,8,4244571,5689897,0,0,0,0,0,3497895,34747

2020-02-05 02:02:05.647000+00:00,leaf4,sg0,671464,0,3477320,316727704,0,0,0,13083,0,644,9343,909,8908,2901,0,11166,29159,64217383,316716207,933949,5678840,620094,602,19,1,483,327,0,obt-collector1,,,0/RP0/CPU0,0,0,0,1654021,0,0,483,2299,8101,0,0,0,0,93,34747,63,64,3,0,0,9196,0,0,0,0,0,0,0,164,0,0,0,17943,99,0,0,0,0,4000,0,0,0,0,0,0,0,0,0,0,0,0,0,0,0,0,8,4244941,5690420,0,0,0,0,0,3498211,34747

2020-02-05 02:02:19.224000+00:00,leaf4,sg0,671538,0,3477892,317462333,0,0,0,13083,0,644,9348,909,8913,2901,0,11171,29172,64228782,317450826,934094,5679750,620152,602,19,1,483,327,0,obt-collector1,,,0/RP0/CPU0,0,0,0,1654258,0,0,483,2299,8101,0,0,0,0,93,34753,63,64,3,0,0,9199,0,0,0,0,0,0,0,164,0,0,0,17951,99,0,0,0,0,4000,0,0,0,0,0,0,0,0,0,0,0,0,0,0,0,0,8,4245621,5691333,0,0,0,0,0,3498784,34753

2020-02-05 02:02:25.649000+00:00,leaf4,sg0,671561,0,3478072,317684501,0,0,0,13083,0,644,9348,909,8913,2901,0,11171,29172,64229663,317672994,934138,5680013,620175,602,19,1,483,327,0,obt-collector1,,,0/RP0/CPU0,0,0,0,1654341,0,0,483,2300,8102,0,0,0,0,93,34753,63,64,3,0,0,9199,0,0,0,0,0,0,0,164,0,0,0,17951,99,0,0,0,0,4000,0,0,0,0,0,0,0,0,0,0,0,0,0,0,0,0,8,4245831,5691597,0,0,0,0,0,3498964,34753

2020-02-05 02:02:35.650000+00:00,leaf4,sg0,671608,0,3478417,318136069,0,0,0,13083,0,644,9348,909,8913,2902,0,11171,29172,64239538,318124562,934233,5680570,620216,602,19,1,483,327,0,obt-collector1,,,0/RP0/CPU0,0,0,0,1654502,0,0,483,2300,8103,0,0,0,0,93,34759,63,64,3,0,0,9199,0,0,0,0,0,0,0,164,0,0,0,17951,99,0,0,0,0,4000,0,0,0,0,0,0,0,0,0,0,0,0,0,0,0,0,8,4246242,5692154,0,0,0,0,0,3499320,34759

2020-02-05 02:02:45.649000+00:00,leaf4,sg0,671656,0,3478783,318591813,0,0,0,13083,0,644,9351,909,8916,2902,0,11175,29181,64241669,318580300,934324,5681149,620258,602,19,1,483,327,0,obt-collector1,,,0/RP0/CPU0,0,0,0,1654662,0,0,483,2300,8104,0,0,0,0,93,34759,63,64,3,0,0,9201,0,0,0,0,0,0,0,164,0,0,0,17956,99,0,0,0,0,4000,0,0,0,0,0,0,0,0,0,0,0,0,0,0,0,0,8,4246677,5692735,0,0,0,0,0,3499683,34759

2020-02-05 02:02:55.649000+00:00,leaf4,sg0,671706,0,3479117,319039624,0,0,0,13083,0,644,9351,909,8916,2902,0,11175,29182,64251525,319028111,934418,5681695,620302,602,19,1,483,327,0,obt-collector1,,,0/RP0/CPU0,0,0,0,1654823,0,0,483,2301,8105,0,0,0,0,93,34765,63,64,3,0,0,9202,0,0,0,0,0,0,0,164,0,0,0,17957,99,0,0,0,0,4000,0,0,0,0,0,0,0,0,0,0,0,0,0,0,0,0,8,4247077,5693283,0,0,0,0,0,3500025,34765

2020-02-05 02:03:05.648000+00:00,leaf4,sg0,671753,0,3479442,319483960,0,0,0,13083,0,644,9351,909,8916,2902,0,11175,29182,64253173,319472447,934500,5682227,620349,602,19,1,483,327,0,obt-collector1,,,0/RP0/CPU0,0,0,0,1654983,0,0,483,2301,8105,0,0,0,0,93,34765,63,64,3,0,0,9202,0,0,0,0,0,0,0,164,0,0,0,17957,99,0,0,0,0,4000,0,0,0,0,0,0,0,0,0,0,0,0,0,0,0,0,8,4247460,5693815,0,0,0,0,0,3500350,34765

2020-02-05 02:03:15.648000+00:00,leaf4,sg0,671806,0,3479851,319992591,0,0,0,13083,0,644,9354,909,8919,2903,0,11179,29189,64263592,319981072,934603,5682866,620387,602,19,1,483,327,0,obt-collector1,,,0/RP0/CPU0,0,0,0,1655143,0,0,483,2301,8107,0,0,0,0,93,34774,62,64,3,0,0,9202,0,0,0,0,0,0,0,164,0,0,0,17960,99,0,0,0,0,4000,0,0,0,0,0,0,0,0,0,0,0,0,0,0,0,0,8,4247957,5694454,0,0,0,0,0,3500764,34774

2020-02-05 02:03:25.649000+00:00,leaf4,sg0,671848,0,3480178,320433343,0,0,0,13083,0,644,9354,909,8919,2903,0,11179,29191,64265240,320421824,934685,5683390,620429,602,19,1,483,327,0,obt-collector1,,,0/RP0/CPU0,0,0,0,1655303,0,0,483,2302,8108,0,0,0,0,93,34774,62,64,3,0,0,9204,0,0,0,0,0,0,0,164,0,0,0,17962,99,0,0,0,0,4000,0,0,0,0,0,0,0,0,0,0,0,0,0,0,0,0,8,4248350,5694981,0,0,0,0,0,3501091,34774

2020-02-05 02:03:35.649000+00:00,leaf4,sg0,671905,0,3480521,320877551,0,0,0,13083,0,644,9354,909,8919,2903,0,11179,29192,64275115,320866032,934780,5683942,620480,602,19,1,483,327,0,obt-collector1,,,0/RP0/CPU0,0,0,0,1655464,0,0,483,2302,8108,0,0,0,0,93,34780,62,64,3,0,0,9205,0,0,0,0,0,0,0,164,0,0,0,17963,99,0,0,0,0,4000,0,0,0,0,0,0,0,0,0,0,0,0,0,0,0,0,8,4248768,5695534,0,0,0,0,0,3501442,34780

2020-02-05 02:03:45.655000+00:00,leaf4,sg0,671962,0,3480922,321328495,0,0,0,13083,0,644,9357,909,8922,2904,0,11182,29198,64277246,321316970,934871,5684526,620530,602,19,1,483,327,0,obt-collector1,,,0/RP0/CPU0,0,0,0,1655624,0,0,483,2302,8109,0,0,0,0,93,34781,62,64,3,0,0,9205,0,0,0,0,0,0,0,164,0,0,0,17966,99,0,0,0,0,4000,0,0,0,0,0,0,0,0,0,0,0,0,0,0,0,0,8,4249235,5696118,0,0,0,0,0,3501839,34781

2020-02-05 02:03:55.650000+00:00,leaf4,sg0,672010,0,3481271,321772722,0,0,0,13083,0,644,9358,910,8922,2904,0,11182,29198,64287102,321761197,934965,5685069,620572,602,19,1,484,327,0,obt-collector1,,,0/RP0/CPU0,0,0,0,1655788,0,0,484,2303,8111,0,0,0,0,93,34787,62,64,3,0,0,9205,0,0,0,0,0,0,0,164,0,0,0,17966,99,0,0,0,0,4000,0,0,0,0,0,0,0,0,0,0,0,0,0,0,0,0,8,4249651,5696662,0,0,0,0,0,3502196,34787

2020-02-05 02:04:05.657000+00:00,leaf4,sg0,672052,0,3481609,322213474,0,0,0,13083,0,644,9358,910,8922,2904,0,11183,29200,64288750,322201949,935047,5685595,620614,602,19,1,484,327,0,obt-collector1,,,0/RP0/CPU0,0,0,0,1655948,0,0,484,2303,8111,0,0,0,0,93,34787,63,64,3,0,0,9206,0,0,0,0,0,0,0,164,0,0,0,17968,99,0,0,0,0,4000,0,0,0,0,0,0,0,0,0,0,0,0,0,0,0,0,8,4250046,5697189,0,0,0,0,0,3502534,34787

2020-02-05 02:04:15.651000+00:00,leaf4,sg0,672118,0,3482024,322720329,0,0,0,13083,0,644,9361,910,8925,2904,0,11186,29207,64299169,322708798,935150,5686242,620668,602,19,1,484,327,0,obt-collector1,,,0/RP0/CPU0,0,0,0,1656108,0,0,484,2303,8111,0,0,0,0,93,34793,63,64,3,0,0,9207,0,0,0,0,0,0,0,164,0,0,0,17972,99,0,0,0,0,4000,0,0,0,0,0,0,0,0,0,0,0,0,0,0,0,0,8,4250538,5697837,0,0,0,0,0,3502954,34793

2020-02-05 02:04:25.649000+00:00,leaf4,sg0,672171,0,3482367,323162335,0,0,0,13083,0,644,9363,910,8927,2904,0,11188,29212,64300985,323150800,935236,5686782,620717,602,19,1,484,327,0,obt-collector1,,,0/RP0/CPU0,0,0,0,1656269,0,0,484,2304,8112,0,0,0,0,93,34793,63,64,3,0,0,9208,0,0,0,0,0,0,0,164,0,0,0,17975,99,0,0,0,0,4000,0,0,0,0,0,0,0,0,0,0,0,0,0,0,0,0,8,4250940,5698379,0,0,0,0,0,3503293,34793

2020-02-05 02:04:35.651000+00:00,leaf4,sg0,672227,0,3482712,323607695,0,0,0,13083,0,644,9363,910,8927,2905,0,11189,29214,64310841,323596160,935330,5687328,620767,602,19,1,484,327,0,obt-collector1,,,0/RP0/CPU0,0,0,0,1656429,0,0,484,2304,8114,0,0,0,0,93,34799,63,64,3,0,0,9209,0,0,0,0,0,0,0,164,0,0,0,17976,99,0,0,0,0,4000,0,0,0,0,0,0,0,0,0,0,0,0,0,0,0,0,8,4251350,5698926,0,0,0,0,0,3503646,34799

2020-02-05 02:04:45.648000+00:00,leaf4,sg0,672284,0,3483101,324059791,0,0,0,13083,0,644,9366,910,8930,2905,0,11192,29222,64312972,324048250,935421,5687911,620818,602,19,1,484,327,0,obt-collector1,,,0/RP0/CPU0,0,0,0,1656589,0,0,484,2304,8114,0,0,0,0,93,34799,63,64,3,0,0,9211,0,0,0,0,0,0,0,164,0,0,0,17981,99,0,0,0,0,4000,0,0,0,0,0,0,0,0,0,0,0,0,0,0,0,0,8,4251805,5699511,0,0,0,0,0,3504031,34799

2020-02-05 02:04:55.658000+00:00,leaf4,sg0,672342,0,3483453,324505170,0,0,0,13083,0,644,9366,910,8930,2905,0,11192,29222,64322828,324493629,935515,5688460,620870,602,19,1,484,327,0,obt-collector1,,,0/RP0/CPU0,0,0,0,1656750,0,0,484,2305,8115,0,0,0,0,93,34805,63,64,3,0,0,9211,0,0,0,0,0,0,0,164,0,0,0,17981,99,0,0,0,0,4000,0,0,0,0,0,0,0,0,0,0,0,0,0,0,0,0,8,4252217,5700061,0,0,0,0,0,3504391,34805

2020-02-05 02:05:05.656000+00:00,leaf4,sg0,672396,0,3483800,324947074,0,0,0,13083,0,644,9366,910,8930,2906,0,11192,29222,64324476,324935533,935597,5688993,620924,602,19,1,484,327,0,obt-collector1,,,0/RP0/CPU0,0,0,0,1656910,0,0,484,2305,8116,0,0,0,0,93,34805,63,64,3,0,0,9211,0,0,0,0,0,0,0,164,0,0,0,17981,99,0,0,0,0,4000,0,0,0,0,0,0,0,0,0,0,0,0,0,0,0,0,8,4252602,5700594,0,0,0,0,0,3504738,34805

2020-02-05 02:05:19.093000+00:00,leaf4,sg0,672498,0,3484288,325464513,0,0,0,13083,0,644,9369,910,8933,2906,0,11196,29231,64335681,325452966,935739,5689724,621014,602,19,1,484,327,0,obt-collector1,,,0/RP0/CPU0,0,0,0,1657148,0,0,484,2305,8117,0,0,0,0,93,34811,63,64,3,0,0,9213,0,0,0,0,0,0,0,164,0,0,0,17986,99,0,0,0,0,4000,0,0,0,0,0,0,0,0,0,0,0,0,0,0,0,0,8,4253180,5701327,0,0,0,0,0,3505231,34811

2020-02-05 02:05:25.655000+00:00,leaf4,sg0,672533,0,3484599,325907961,0,0,0,13083,0,644,9369,910,8933,2906,0,11196,29232,64336626,325896414,935784,5690201,621049,602,19,1,484,327,0,obt-collector1,,,0/RP0/CPU0,0,0,0,1657231,0,0,484,2306,8118,0,0,0,0,93,34811,63,64,3,0,0,9214,0,0,0,0,0,0,0,164,0,0,0,17987,99,0,0,0,0,4000,0,0,0,0,0,0,0,0,0,0,0,0,0,0,0,0,8,4253518,5701806,0,0,0,0,0,3505542,34811

