,EncodingPath,Producer,Target,host,node-name,total-cpu-fifteen-minute,total-cpu-five-minute,total-cpu-one-minute

2020-02-06 19:32:14.968000+00:00,Cisco-IOS-XR-wdsysmon-fd-oper:system-monitoring/cpu-utilization,dr03,,,0/RP0/CPU0,1,1,1

2020-02-06 19:32:14.972000+00:00,Cisco-IOS-XR-wdsysmon-fd-oper:system-monitoring/cpu-utilization,dr03,,,0/0/CPU0,1,1,1

2020-02-06 19:32:14.978000+00:00,Cisco-IOS-XR-wdsysmon-fd-oper:system-monitoring/cpu-utilization,dr03,,,0/1/CPU0,1,1,1

2020-02-06 19:32:44.969000+00:00,Cisco-IOS-XR-wdsysmon-fd-oper:system-monitoring/cpu-utilization,dr03,,,0/RP0/CPU0,1,1,1

2020-02-06 19:32:44.972000+00:00,Cisco-IOS-XR-wdsysmon-fd-oper:system-monitoring/cpu-utilization,dr03,,,0/0/CPU0,1,1,1

2020-02-06 19:32:44.978000+00:00,Cisco-IOS-XR-wdsysmon-fd-oper:system-monitoring/cpu-utilization,dr03,,,0/1/CPU0,1,1,1

2020-02-06 19:33:14.969000+00:00,Cisco-IOS-XR-wdsysmon-fd-oper:system-monitoring/cpu-utilization,dr03,,,0/RP0/CPU0,1,1,1

2020-02-06 19:33:14.973000+00:00,Cisco-IOS-XR-wdsysmon-fd-oper:system-monitoring/cpu-utilization,dr03,,,0/0/CPU0,1,1,1

2020-02-06 19:33:14.979000+00:00,Cisco-IOS-XR-wdsysmon-fd-oper:system-monitoring/cpu-utilization,dr03,,,0/1/CPU0,1,1,1

2020-02-06 19:33:44.969000+00:00,Cisco-IOS-XR-wdsysmon-fd-oper:system-monitoring/cpu-utilization,dr03,,,0/RP0/CPU0,1,1,1

2020-02-06 19:33:44.973000+00:00,Cisco-IOS-XR-wdsysmon-fd-oper:system-monitoring/cpu-utilization,dr03,,,0/0/CPU0,1,1,1

2020-02-06 19:33:44.980000+00:00,Cisco-IOS-XR-wdsysmon-fd-oper:system-monitoring/cpu-utilization,dr03,,,0/1/CPU0,1,1,1

2020-02-06 19:34:14.970000+00:00,Cisco-IOS-XR-wdsysmon-fd-oper:system-monitoring/cpu-utilization,dr03,,,0/RP0/CPU0,1,1,1

2020-02-06 19:34:14.974000+00:00,Cisco-IOS-XR-wdsysmon-fd-oper:system-monitoring/cpu-utilization,dr03,,,0/0/CPU0,1,1,1

2020-02-06 19:34:14.979000+00:00,Cisco-IOS-XR-wdsysmon-fd-oper:system-monitoring/cpu-utilization,dr03,,,0/1/CPU0,1,1,1

2020-02-06 19:34:44.970000+00:00,Cisco-IOS-XR-wdsysmon-fd-oper:system-monitoring/cpu-utilization,dr03,,,0/RP0/CPU0,1,1,1

2020-02-06 19:34:44.973000+00:00,Cisco-IOS-XR-wdsysmon-fd-oper:system-monitoring/cpu-utilization,dr03,,,0/0/CPU0,1,1,1

2020-02-06 19:34:44.979000+00:00,Cisco-IOS-XR-wdsysmon-fd-oper:system-monitoring/cpu-utilization,dr03,,,0/1/CPU0,1,1,1

2020-02-06 19:35:14.970000+00:00,Cisco-IOS-XR-wdsysmon-fd-oper:system-monitoring/cpu-utilization,dr03,,,0/RP0/CPU0,1,1,1

2020-02-06 19:35:14.974000+00:00,Cisco-IOS-XR-wdsysmon-fd-oper:system-monitoring/cpu-utilization,dr03,,,0/0/CPU0,1,1,1

2020-02-06 19:35:14.980000+00:00,Cisco-IOS-XR-wdsysmon-fd-oper:system-monitoring/cpu-utilization,dr03,,,0/1/CPU0,1,1,1

2020-02-06 19:35:44.971000+00:00,Cisco-IOS-XR-wdsysmon-fd-oper:system-monitoring/cpu-utilization,dr03,,,0/RP0/CPU0,1,1,1

2020-02-06 19:35:44.974000+00:00,Cisco-IOS-XR-wdsysmon-fd-oper:system-monitoring/cpu-utilization,dr03,,,0/0/CPU0,1,1,1

2020-02-06 19:35:44.980000+00:00,Cisco-IOS-XR-wdsysmon-fd-oper:system-monitoring/cpu-utilization,dr03,,,0/1/CPU0,1,1,1

2020-02-06 19:36:14.971000+00:00,Cisco-IOS-XR-wdsysmon-fd-oper:system-monitoring/cpu-utilization,dr03,,,0/RP0/CPU0,1,1,1

2020-02-06 19:36:14.975000+00:00,Cisco-IOS-XR-wdsysmon-fd-oper:system-monitoring/cpu-utilization,dr03,,,0/0/CPU0,1,1,1

2020-02-06 19:36:15.021000+00:00,Cisco-IOS-XR-wdsysmon-fd-oper:system-monitoring/cpu-utilization,dr03,,,0/1/CPU0,1,1,1

2020-02-06 19:36:44.971000+00:00,Cisco-IOS-XR-wdsysmon-fd-oper:system-monitoring/cpu-utilization,dr03,,,0/RP0/CPU0,1,1,1

2020-02-06 19:36:44.975000+00:00,Cisco-IOS-XR-wdsysmon-fd-oper:system-monitoring/cpu-utilization,dr03,,,0/0/CPU0,1,1,1

2020-02-06 19:36:44.981000+00:00,Cisco-IOS-XR-wdsysmon-fd-oper:system-monitoring/cpu-utilization,dr03,,,0/1/CPU0,1,1,1

2020-02-06 19:37:14.972000+00:00,Cisco-IOS-XR-wdsysmon-fd-oper:system-monitoring/cpu-utilization,dr03,,,0/RP0/CPU0,1,1,1

2020-02-06 19:37:14.976000+00:00,Cisco-IOS-XR-wdsysmon-fd-oper:system-monitoring/cpu-utilization,dr03,,,0/0/CPU0,1,1,1

2020-02-06 19:37:14.982000+00:00,Cisco-IOS-XR-wdsysmon-fd-oper:system-monitoring/cpu-utilization,dr03,,,0/1/CPU0,1,1,1

2020-02-06 19:37:44.972000+00:00,Cisco-IOS-XR-wdsysmon-fd-oper:system-monitoring/cpu-utilization,dr03,,,0/RP0/CPU0,1,1,1

2020-02-06 19:37:44.976000+00:00,Cisco-IOS-XR-wdsysmon-fd-oper:system-monitoring/cpu-utilization,dr03,,,0/0/CPU0,1,1,1

2020-02-06 19:37:44.981000+00:00,Cisco-IOS-XR-wdsysmon-fd-oper:system-monitoring/cpu-utilization,dr03,,,0/1/CPU0,1,1,1

2020-02-06 19:38:14.974000+00:00,Cisco-IOS-XR-wdsysmon-fd-oper:system-monitoring/cpu-utilization,dr03,,,0/RP0/CPU0,1,1,1

2020-02-06 19:38:14.977000+00:00,Cisco-IOS-XR-wdsysmon-fd-oper:system-monitoring/cpu-utilization,dr03,,,0/0/CPU0,1,1,1

2020-02-06 19:38:14.984000+00:00,Cisco-IOS-XR-wdsysmon-fd-oper:system-monitoring/cpu-utilization,dr03,,,0/1/CPU0,1,1,1

2020-02-06 19:38:44.972000+00:00,Cisco-IOS-XR-wdsysmon-fd-oper:system-monitoring/cpu-utilization,dr03,,,0/RP0/CPU0,1,1,1

2020-02-06 19:38:44.976000+00:00,Cisco-IOS-XR-wdsysmon-fd-oper:system-monitoring/cpu-utilization,dr03,,,0/0/CPU0,1,1,1

2020-02-06 19:38:44.982000+00:00,Cisco-IOS-XR-wdsysmon-fd-oper:system-monitoring/cpu-utilization,dr03,,,0/1/CPU0,1,1,1

2020-02-06 19:39:14.972000+00:00,Cisco-IOS-XR-wdsysmon-fd-oper:system-monitoring/cpu-utilization,dr03,,,0/RP0/CPU0,1,1,1

2020-02-06 19:39:14.976000+00:00,Cisco-IOS-XR-wdsysmon-fd-oper:system-monitoring/cpu-utilization,dr03,,,0/0/CPU0,1,1,1

2020-02-06 19:39:14.982000+00:00,Cisco-IOS-XR-wdsysmon-fd-oper:system-monitoring/cpu-utilization,dr03,,,0/1/CPU0,1,1,1

2020-02-06 19:39:44.973000+00:00,Cisco-IOS-XR-wdsysmon-fd-oper:system-monitoring/cpu-utilization,dr03,,,0/RP0/CPU0,1,1,1

2020-02-06 19:39:44.976000+00:00,Cisco-IOS-XR-wdsysmon-fd-oper:system-monitoring/cpu-utilization,dr03,,,0/0/CPU0,1,1,1

2020-02-06 19:39:44.982000+00:00,Cisco-IOS-XR-wdsysmon-fd-oper:system-monitoring/cpu-utilization,dr03,,,0/1/CPU0,1,1,1

2020-02-06 19:40:14.973000+00:00,Cisco-IOS-XR-wdsysmon-fd-oper:system-monitoring/cpu-utilization,dr03,,,0/RP0/CPU0,1,1,1

2020-02-06 19:40:14.977000+00:00,Cisco-IOS-XR-wdsysmon-fd-oper:system-monitoring/cpu-utilization,dr03,,,0/0/CPU0,1,1,1

2020-02-06 19:40:14.983000+00:00,Cisco-IOS-XR-wdsysmon-fd-oper:system-monitoring/cpu-utilization,dr03,,,0/1/CPU0,1,1,1

2020-02-06 19:40:44.973000+00:00,Cisco-IOS-XR-wdsysmon-fd-oper:system-monitoring/cpu-utilization,dr03,,,0/RP0/CPU0,1,1,1

2020-02-06 19:40:44.977000+00:00,Cisco-IOS-XR-wdsysmon-fd-oper:system-monitoring/cpu-utilization,dr03,,,0/0/CPU0,1,1,1

2020-02-06 19:40:44.983000+00:00,Cisco-IOS-XR-wdsysmon-fd-oper:system-monitoring/cpu-utilization,dr03,,,0/1/CPU0,1,1,1

2020-02-06 19:41:14.974000+00:00,Cisco-IOS-XR-wdsysmon-fd-oper:system-monitoring/cpu-utilization,dr03,,,0/RP0/CPU0,1,1,1

2020-02-06 19:41:14.978000+00:00,Cisco-IOS-XR-wdsysmon-fd-oper:system-monitoring/cpu-utilization,dr03,,,0/0/CPU0,1,1,1

2020-02-06 19:41:14.984000+00:00,Cisco-IOS-XR-wdsysmon-fd-oper:system-monitoring/cpu-utilization,dr03,,,0/1/CPU0,1,1,1

2020-02-06 19:41:44.974000+00:00,Cisco-IOS-XR-wdsysmon-fd-oper:system-monitoring/cpu-utilization,dr03,,,0/RP0/CPU0,1,1,1

2020-02-06 19:41:44.978000+00:00,Cisco-IOS-XR-wdsysmon-fd-oper:system-monitoring/cpu-utilization,dr03,,,0/0/CPU0,1,1,1

2020-02-06 19:41:44.983000+00:00,Cisco-IOS-XR-wdsysmon-fd-oper:system-monitoring/cpu-utilization,dr03,,,0/1/CPU0,1,1,1

2020-02-06 19:42:14.974000+00:00,Cisco-IOS-XR-wdsysmon-fd-oper:system-monitoring/cpu-utilization,dr03,,,0/RP0/CPU0,1,1,1

2020-02-06 19:42:14.978000+00:00,Cisco-IOS-XR-wdsysmon-fd-oper:system-monitoring/cpu-utilization,dr03,,,0/0/CPU0,1,1,1

2020-02-06 19:42:14.984000+00:00,Cisco-IOS-XR-wdsysmon-fd-oper:system-monitoring/cpu-utilization,dr03,,,0/1/CPU0,1,1,1

2020-02-06 19:42:44.974000+00:00,Cisco-IOS-XR-wdsysmon-fd-oper:system-monitoring/cpu-utilization,dr03,,,0/RP0/CPU0,1,1,1

2020-02-06 19:42:44.978000+00:00,Cisco-IOS-XR-wdsysmon-fd-oper:system-monitoring/cpu-utilization,dr03,,,0/0/CPU0,1,1,1

2020-02-06 19:42:44.984000+00:00,Cisco-IOS-XR-wdsysmon-fd-oper:system-monitoring/cpu-utilization,dr03,,,0/1/CPU0,1,1,1

2020-02-06 19:43:14.975000+00:00,Cisco-IOS-XR-wdsysmon-fd-oper:system-monitoring/cpu-utilization,dr03,,,0/RP0/CPU0,1,1,1

2020-02-06 19:43:14.978000+00:00,Cisco-IOS-XR-wdsysmon-fd-oper:system-monitoring/cpu-utilization,dr03,,,0/0/CPU0,1,1,1

2020-02-06 19:43:14.984000+00:00,Cisco-IOS-XR-wdsysmon-fd-oper:system-monitoring/cpu-utilization,dr03,,,0/1/CPU0,1,1,1

2020-02-06 19:43:44.975000+00:00,Cisco-IOS-XR-wdsysmon-fd-oper:system-monitoring/cpu-utilization,dr03,,,0/RP0/CPU0,1,1,1

2020-02-06 19:43:44.979000+00:00,Cisco-IOS-XR-wdsysmon-fd-oper:system-monitoring/cpu-utilization,dr03,,,0/0/CPU0,1,1,1

2020-02-06 19:43:44.985000+00:00,Cisco-IOS-XR-wdsysmon-fd-oper:system-monitoring/cpu-utilization,dr03,,,0/1/CPU0,1,1,1

2020-02-06 19:44:14.975000+00:00,Cisco-IOS-XR-wdsysmon-fd-oper:system-monitoring/cpu-utilization,dr03,,,0/RP0/CPU0,1,1,1

2020-02-06 19:44:14.979000+00:00,Cisco-IOS-XR-wdsysmon-fd-oper:system-monitoring/cpu-utilization,dr03,,,0/0/CPU0,1,1,1

2020-02-06 19:44:14.985000+00:00,Cisco-IOS-XR-wdsysmon-fd-oper:system-monitoring/cpu-utilization,dr03,,,0/1/CPU0,1,1,1

2020-02-06 19:44:44.976000+00:00,Cisco-IOS-XR-wdsysmon-fd-oper:system-monitoring/cpu-utilization,dr03,,,0/RP0/CPU0,1,1,1

2020-02-06 19:44:44.980000+00:00,Cisco-IOS-XR-wdsysmon-fd-oper:system-monitoring/cpu-utilization,dr03,,,0/0/CPU0,1,1,1

2020-02-06 19:44:44.986000+00:00,Cisco-IOS-XR-wdsysmon-fd-oper:system-monitoring/cpu-utilization,dr03,,,0/1/CPU0,1,1,1

