,EncodingPath,Producer,Target,global__established-neighbors-count-total,global__neighbors-count-total,global__nexthop-count,global__restart-count,host,instance-name,performance-statistics__global__configuration-items-processed,performance-statistics__global__ipv4rib-server__is-rib-connection-up,performance-statistics__global__ipv4rib-server__rib-connection-up-count,performance-statistics__vrf__inbound-update-messages,vrf-name,vrf__neighbors-count,vrf__network-count,vrf__path-count,vrf__update-messages-received

2020-02-06 19:32:15.013000+00:00,Cisco-IOS-XR-ipv4-bgp-oper:bgp/instances/instance/instance-active/default-vrf/process-info,dr03,,20,26,103,2,,default,0,true,1,793267,default,26,434,3863,793267

2020-02-06 19:32:45.014000+00:00,Cisco-IOS-XR-ipv4-bgp-oper:bgp/instances/instance/instance-active/default-vrf/process-info,dr03,,20,26,103,2,,default,0,true,1,793275,default,26,434,3860,793275

2020-02-06 19:33:15.014000+00:00,Cisco-IOS-XR-ipv4-bgp-oper:bgp/instances/instance/instance-active/default-vrf/process-info,dr03,,20,26,103,2,,default,0,true,1,793280,default,26,434,3860,793280

2020-02-06 19:33:45.014000+00:00,Cisco-IOS-XR-ipv4-bgp-oper:bgp/instances/instance/instance-active/default-vrf/process-info,dr03,,20,26,103,2,,default,0,true,1,793285,default,26,434,3860,793285

2020-02-06 19:34:15.014000+00:00,Cisco-IOS-XR-ipv4-bgp-oper:bgp/instances/instance/instance-active/default-vrf/process-info,dr03,,20,26,103,2,,default,0,true,1,793290,default,26,434,3856,793290

2020-02-06 19:34:45.013000+00:00,Cisco-IOS-XR-ipv4-bgp-oper:bgp/instances/instance/instance-active/default-vrf/process-info,dr03,,20,26,103,2,,default,0,true,1,793291,default,26,434,3855,793291

2020-02-06 19:35:15.014000+00:00,Cisco-IOS-XR-ipv4-bgp-oper:bgp/instances/instance/instance-active/default-vrf/process-info,dr03,,20,26,103,2,,default,0,true,1,793291,default,26,434,3855,793291

2020-02-06 19:35:45.015000+00:00,Cisco-IOS-XR-ipv4-bgp-oper:bgp/instances/instance/instance-active/default-vrf/process-info,dr03,,20,26,103,2,,default,0,true,1,793291,default,26,433,3855,793291

2020-02-06 19:36:15.057000+00:00,Cisco-IOS-XR-ipv4-bgp-oper:bgp/instances/instance/instance-active/default-vrf/process-info,dr03,,20,26,103,2,,default,0,true,1,793291,default,26,433,3855,793291

2020-02-06 19:36:45.015000+00:00,Cisco-IOS-XR-ipv4-bgp-oper:bgp/instances/instance/instance-active/default-vrf/process-info,dr03,,20,26,103,2,,default,0,true,1,793291,default,26,433,3855,793291

2020-02-06 19:37:15.018000+00:00,Cisco-IOS-XR-ipv4-bgp-oper:bgp/instances/instance/instance-active/default-vrf/process-info,dr03,,20,26,103,2,,default,0,true,1,793291,default,26,433,3855,793291

2020-02-06 19:37:45.016000+00:00,Cisco-IOS-XR-ipv4-bgp-oper:bgp/instances/instance/instance-active/default-vrf/process-info,dr03,,20,26,103,2,,default,0,true,1,793291,default,26,433,3855,793291

2020-02-06 19:38:15.018000+00:00,Cisco-IOS-XR-ipv4-bgp-oper:bgp/instances/instance/instance-active/default-vrf/process-info,dr03,,20,26,103,2,,default,0,true,1,793291,default,26,433,3855,793291

2020-02-06 19:38:45.017000+00:00,Cisco-IOS-XR-ipv4-bgp-oper:bgp/instances/instance/instance-active/default-vrf/process-info,dr03,,20,26,103,2,,default,0,true,1,793291,default,26,433,3855,793291

2020-02-06 19:39:15.017000+00:00,Cisco-IOS-XR-ipv4-bgp-oper:bgp/instances/instance/instance-active/default-vrf/process-info,dr03,,20,26,103,2,,default,0,true,1,793291,default,26,433,3855,793291

2020-02-06 19:39:45.017000+00:00,Cisco-IOS-XR-ipv4-bgp-oper:bgp/instances/instance/instance-active/default-vrf/process-info,dr03,,20,26,103,2,,default,0,true,1,793291,default,26,433,3855,793291

2020-02-06 19:40:15.017000+00:00,Cisco-IOS-XR-ipv4-bgp-oper:bgp/instances/instance/instance-active/default-vrf/process-info,dr03,,20,26,103,2,,default,0,true,1,793291,default,26,433,3855,793291

2020-02-06 19:40:45.017000+00:00,Cisco-IOS-XR-ipv4-bgp-oper:bgp/instances/instance/instance-active/default-vrf/process-info,dr03,,20,26,103,2,,default,0,true,1,793291,default,26,433,3855,793291

2020-02-06 19:41:15.019000+00:00,Cisco-IOS-XR-ipv4-bgp-oper:bgp/instances/instance/instance-active/default-vrf/process-info,dr03,,20,26,103,2,,default,0,true,1,793309,default,26,433,3855,793309

2020-02-06 19:41:45.018000+00:00,Cisco-IOS-XR-ipv4-bgp-oper:bgp/instances/instance/instance-active/default-vrf/process-info,dr03,,20,26,103,2,,default,0,true,1,793327,default,26,433,3855,793327

2020-02-06 19:42:15.020000+00:00,Cisco-IOS-XR-ipv4-bgp-oper:bgp/instances/instance/instance-active/default-vrf/process-info,dr03,,20,26,103,2,,default,0,true,1,793345,default,26,433,3852,793345

2020-02-06 19:42:45.019000+00:00,Cisco-IOS-XR-ipv4-bgp-oper:bgp/instances/instance/instance-active/default-vrf/process-info,dr03,,20,26,103,2,,default,0,true,1,793363,default,26,433,3855,793363

2020-02-06 19:43:15.019000+00:00,Cisco-IOS-XR-ipv4-bgp-oper:bgp/instances/instance/instance-active/default-vrf/process-info,dr03,,20,26,103,2,,default,0,true,1,793381,default,26,433,3855,793381

2020-02-06 19:43:45.022000+00:00,Cisco-IOS-XR-ipv4-bgp-oper:bgp/instances/instance/instance-active/default-vrf/process-info,dr03,,20,26,103,2,,default,0,true,1,793399,default,26,433,3847,793399

2020-02-06 19:44:15.020000+00:00,Cisco-IOS-XR-ipv4-bgp-oper:bgp/instances/instance/instance-active/default-vrf/process-info,dr03,,20,26,103,2,,default,0,true,1,793409,default,26,433,3847,793409

2020-02-06 19:44:45.021000+00:00,Cisco-IOS-XR-ipv4-bgp-oper:bgp/instances/instance/instance-active/default-vrf/process-info,dr03,,20,26,103,2,,default,0,true,1,793419,default,26,433,3846,793419

