,Producer,Target,display-type,echo-receive-count,echo-transmit-count,hello-receive-count,hello-transmit-count,host,interface-name,location

2020-02-06 19:32:03.584000+00:00,dr03,wadjet-t-sg0,bfd-mgmt-pkt-display-type-none,0,0,25,18,obt-collector1,HundredGigE0/0/0/30,

2020-02-06 19:32:03.584000+00:00,dr03,wadjet-t-sg0,bfd-mgmt-pkt-display-type-none,0,0,122,100,obt-collector1,HundredGigE0/0/0/0,

2020-02-06 19:32:03.587000+00:00,dr03,wadjet-t-sg0,bfd-mgmt-pkt-display-type-none,0,0,26,21,obt-collector1,HundredGigE0/1/0/2,

2020-02-06 19:32:03.587000+00:00,dr03,wadjet-t-sg0,bfd-mgmt-pkt-display-type-none,0,0,48,38,obt-collector1,HundredGigE0/1/0/33,

2020-02-06 19:32:03.587000+00:00,dr03,wadjet-t-sg0,bfd-mgmt-pkt-display-type-none,0,0,27,22,obt-collector1,HundredGigE0/1/0/3,

2020-02-06 19:32:03.587000+00:00,dr03,wadjet-t-sg0,bfd-mgmt-pkt-display-type-none,0,0,49,38,obt-collector1,HundredGigE0/1/0/32,

2020-02-06 19:32:03.587000+00:00,dr03,wadjet-t-sg0,bfd-mgmt-pkt-display-type-none,0,0,26,21,obt-collector1,HundredGigE0/1/0/0,

2020-02-06 19:32:03.587000+00:00,dr03,wadjet-t-sg0,bfd-mgmt-pkt-display-type-none,0,0,27,22,obt-collector1,HundredGigE0/1/0/1,

2020-02-06 19:32:03.587000+00:00,dr03,wadjet-t-sg0,bfd-mgmt-pkt-display-type-none,0,0,47,36,obt-collector1,HundredGigE0/1/0/34,

2020-02-06 19:32:13.594000+00:00,dr03,wadjet-t-sg0,bfd-mgmt-pkt-display-type-none,0,0,122,100,obt-collector1,HundredGigE0/0/0/0,

2020-02-06 19:32:13.594000+00:00,dr03,wadjet-t-sg0,bfd-mgmt-pkt-display-type-none,0,0,25,18,obt-collector1,HundredGigE0/0/0/30,

2020-02-06 19:32:13.597000+00:00,dr03,wadjet-t-sg0,bfd-mgmt-pkt-display-type-none,0,0,47,36,obt-collector1,HundredGigE0/1/0/34,

2020-02-06 19:32:13.597000+00:00,dr03,wadjet-t-sg0,bfd-mgmt-pkt-display-type-none,0,0,27,22,obt-collector1,HundredGigE0/1/0/1,

2020-02-06 19:32:13.597000+00:00,dr03,wadjet-t-sg0,bfd-mgmt-pkt-display-type-none,0,0,48,38,obt-collector1,HundredGigE0/1/0/33,

2020-02-06 19:32:13.597000+00:00,dr03,wadjet-t-sg0,bfd-mgmt-pkt-display-type-none,0,0,26,21,obt-collector1,HundredGigE0/1/0/2,

2020-02-06 19:32:13.597000+00:00,dr03,wadjet-t-sg0,bfd-mgmt-pkt-display-type-none,0,0,26,21,obt-collector1,HundredGigE0/1/0/0,

2020-02-06 19:32:13.597000+00:00,dr03,wadjet-t-sg0,bfd-mgmt-pkt-display-type-none,0,0,27,22,obt-collector1,HundredGigE0/1/0/3,

2020-02-06 19:32:13.597000+00:00,dr03,wadjet-t-sg0,bfd-mgmt-pkt-display-type-none,0,0,49,38,obt-collector1,HundredGigE0/1/0/32,

2020-02-06 19:32:23.603000+00:00,dr03,wadjet-t-sg0,bfd-mgmt-pkt-display-type-none,0,0,25,18,obt-collector1,HundredGigE0/0/0/30,

2020-02-06 19:32:23.603000+00:00,dr03,wadjet-t-sg0,bfd-mgmt-pkt-display-type-none,0,0,122,100,obt-collector1,HundredGigE0/0/0/0,

2020-02-06 19:32:23.607000+00:00,dr03,wadjet-t-sg0,bfd-mgmt-pkt-display-type-none,0,0,49,38,obt-collector1,HundredGigE0/1/0/32,

2020-02-06 19:32:23.607000+00:00,dr03,wadjet-t-sg0,bfd-mgmt-pkt-display-type-none,0,0,27,22,obt-collector1,HundredGigE0/1/0/3,

2020-02-06 19:32:23.607000+00:00,dr03,wadjet-t-sg0,bfd-mgmt-pkt-display-type-none,0,0,27,22,obt-collector1,HundredGigE0/1/0/1,

2020-02-06 19:32:23.607000+00:00,dr03,wadjet-t-sg0,bfd-mgmt-pkt-display-type-none,0,0,47,36,obt-collector1,HundredGigE0/1/0/34,

2020-02-06 19:32:23.607000+00:00,dr03,wadjet-t-sg0,bfd-mgmt-pkt-display-type-none,0,0,26,21,obt-collector1,HundredGigE0/1/0/0,

2020-02-06 19:32:23.607000+00:00,dr03,wadjet-t-sg0,bfd-mgmt-pkt-display-type-none,0,0,48,38,obt-collector1,HundredGigE0/1/0/33,

2020-02-06 19:32:23.607000+00:00,dr03,wadjet-t-sg0,bfd-mgmt-pkt-display-type-none,0,0,26,21,obt-collector1,HundredGigE0/1/0/2,

2020-02-06 19:32:33.613000+00:00,dr03,wadjet-t-sg0,bfd-mgmt-pkt-display-type-none,0,0,122,100,obt-collector1,HundredGigE0/0/0/0,

2020-02-06 19:32:33.613000+00:00,dr03,wadjet-t-sg0,bfd-mgmt-pkt-display-type-none,0,0,25,18,obt-collector1,HundredGigE0/0/0/30,

2020-02-06 19:32:33.617000+00:00,dr03,wadjet-t-sg0,bfd-mgmt-pkt-display-type-none,0,0,26,21,obt-collector1,HundredGigE0/1/0/2,

2020-02-06 19:32:33.617000+00:00,dr03,wadjet-t-sg0,bfd-mgmt-pkt-display-type-none,0,0,48,38,obt-collector1,HundredGigE0/1/0/33,

2020-02-06 19:32:33.617000+00:00,dr03,wadjet-t-sg0,bfd-mgmt-pkt-display-type-none,0,0,27,22,obt-collector1,HundredGigE0/1/0/3,

2020-02-06 19:32:33.617000+00:00,dr03,wadjet-t-sg0,bfd-mgmt-pkt-display-type-none,0,0,49,38,obt-collector1,HundredGigE0/1/0/32,

2020-02-06 19:32:33.617000+00:00,dr03,wadjet-t-sg0,bfd-mgmt-pkt-display-type-none,0,0,26,21,obt-collector1,HundredGigE0/1/0/0,

2020-02-06 19:32:33.617000+00:00,dr03,wadjet-t-sg0,bfd-mgmt-pkt-display-type-none,0,0,27,22,obt-collector1,HundredGigE0/1/0/1,

2020-02-06 19:32:33.617000+00:00,dr03,wadjet-t-sg0,bfd-mgmt-pkt-display-type-none,0,0,47,36,obt-collector1,HundredGigE0/1/0/34,

2020-02-06 19:32:43.624000+00:00,dr03,wadjet-t-sg0,bfd-mgmt-pkt-display-type-none,0,0,25,18,obt-collector1,HundredGigE0/0/0/30,

2020-02-06 19:32:43.624000+00:00,dr03,wadjet-t-sg0,bfd-mgmt-pkt-display-type-none,0,0,122,100,obt-collector1,HundredGigE0/0/0/0,

2020-02-06 19:32:43.627000+00:00,dr03,wadjet-t-sg0,bfd-mgmt-pkt-display-type-none,0,0,47,36,obt-collector1,HundredGigE0/1/0/34,

2020-02-06 19:32:43.627000+00:00,dr03,wadjet-t-sg0,bfd-mgmt-pkt-display-type-none,0,0,27,22,obt-collector1,HundredGigE0/1/0/1,

2020-02-06 19:32:43.627000+00:00,dr03,wadjet-t-sg0,bfd-mgmt-pkt-display-type-none,0,0,48,38,obt-collector1,HundredGigE0/1/0/33,

2020-02-06 19:32:43.627000+00:00,dr03,wadjet-t-sg0,bfd-mgmt-pkt-display-type-none,0,0,26,21,obt-collector1,HundredGigE0/1/0/2,

2020-02-06 19:32:43.627000+00:00,dr03,wadjet-t-sg0,bfd-mgmt-pkt-display-type-none,0,0,26,21,obt-collector1,HundredGigE0/1/0/0,

2020-02-06 19:32:43.627000+00:00,dr03,wadjet-t-sg0,bfd-mgmt-pkt-display-type-none,0,0,27,22,obt-collector1,HundredGigE0/1/0/3,

2020-02-06 19:32:43.627000+00:00,dr03,wadjet-t-sg0,bfd-mgmt-pkt-display-type-none,0,0,49,38,obt-collector1,HundredGigE0/1/0/32,

2020-02-06 19:32:53.633000+00:00,dr03,wadjet-t-sg0,bfd-mgmt-pkt-display-type-none,0,0,122,100,obt-collector1,HundredGigE0/0/0/0,

2020-02-06 19:32:53.633000+00:00,dr03,wadjet-t-sg0,bfd-mgmt-pkt-display-type-none,0,0,25,18,obt-collector1,HundredGigE0/0/0/30,

2020-02-06 19:32:53.637000+00:00,dr03,wadjet-t-sg0,bfd-mgmt-pkt-display-type-none,0,0,49,38,obt-collector1,HundredGigE0/1/0/32,

2020-02-06 19:32:53.637000+00:00,dr03,wadjet-t-sg0,bfd-mgmt-pkt-display-type-none,0,0,27,22,obt-collector1,HundredGigE0/1/0/3,

2020-02-06 19:32:53.637000+00:00,dr03,wadjet-t-sg0,bfd-mgmt-pkt-display-type-none,0,0,27,22,obt-collector1,HundredGigE0/1/0/1,

2020-02-06 19:32:53.637000+00:00,dr03,wadjet-t-sg0,bfd-mgmt-pkt-display-type-none,0,0,47,36,obt-collector1,HundredGigE0/1/0/34,

2020-02-06 19:32:53.637000+00:00,dr03,wadjet-t-sg0,bfd-mgmt-pkt-display-type-none,0,0,26,21,obt-collector1,HundredGigE0/1/0/0,

2020-02-06 19:32:53.637000+00:00,dr03,wadjet-t-sg0,bfd-mgmt-pkt-display-type-none,0,0,48,38,obt-collector1,HundredGigE0/1/0/33,

2020-02-06 19:32:53.637000+00:00,dr03,wadjet-t-sg0,bfd-mgmt-pkt-display-type-none,0,0,26,21,obt-collector1,HundredGigE0/1/0/2,

2020-02-06 19:33:03.643000+00:00,dr03,wadjet-t-sg0,bfd-mgmt-pkt-display-type-none,0,0,25,18,obt-collector1,HundredGigE0/0/0/30,

2020-02-06 19:33:03.643000+00:00,dr03,wadjet-t-sg0,bfd-mgmt-pkt-display-type-none,0,0,122,100,obt-collector1,HundredGigE0/0/0/0,

2020-02-06 19:33:03.647000+00:00,dr03,wadjet-t-sg0,bfd-mgmt-pkt-display-type-none,0,0,26,21,obt-collector1,HundredGigE0/1/0/2,

2020-02-06 19:33:03.647000+00:00,dr03,wadjet-t-sg0,bfd-mgmt-pkt-display-type-none,0,0,48,38,obt-collector1,HundredGigE0/1/0/33,

2020-02-06 19:33:03.647000+00:00,dr03,wadjet-t-sg0,bfd-mgmt-pkt-display-type-none,0,0,27,22,obt-collector1,HundredGigE0/1/0/3,

2020-02-06 19:33:03.647000+00:00,dr03,wadjet-t-sg0,bfd-mgmt-pkt-display-type-none,0,0,49,38,obt-collector1,HundredGigE0/1/0/32,

2020-02-06 19:33:03.647000+00:00,dr03,wadjet-t-sg0,bfd-mgmt-pkt-display-type-none,0,0,26,21,obt-collector1,HundredGigE0/1/0/0,

2020-02-06 19:33:03.647000+00:00,dr03,wadjet-t-sg0,bfd-mgmt-pkt-display-type-none,0,0,27,22,obt-collector1,HundredGigE0/1/0/1,

2020-02-06 19:33:03.647000+00:00,dr03,wadjet-t-sg0,bfd-mgmt-pkt-display-type-none,0,0,47,36,obt-collector1,HundredGigE0/1/0/34,

2020-02-06 19:33:13.653000+00:00,dr03,wadjet-t-sg0,bfd-mgmt-pkt-display-type-none,0,0,122,100,obt-collector1,HundredGigE0/0/0/0,

2020-02-06 19:33:13.653000+00:00,dr03,wadjet-t-sg0,bfd-mgmt-pkt-display-type-none,0,0,25,18,obt-collector1,HundredGigE0/0/0/30,

2020-02-06 19:33:13.657000+00:00,dr03,wadjet-t-sg0,bfd-mgmt-pkt-display-type-none,0,0,47,36,obt-collector1,HundredGigE0/1/0/34,

2020-02-06 19:33:13.657000+00:00,dr03,wadjet-t-sg0,bfd-mgmt-pkt-display-type-none,0,0,27,22,obt-collector1,HundredGigE0/1/0/1,

2020-02-06 19:33:13.657000+00:00,dr03,wadjet-t-sg0,bfd-mgmt-pkt-display-type-none,0,0,48,38,obt-collector1,HundredGigE0/1/0/33,

2020-02-06 19:33:13.657000+00:00,dr03,wadjet-t-sg0,bfd-mgmt-pkt-display-type-none,0,0,26,21,obt-collector1,HundredGigE0/1/0/2,

2020-02-06 19:33:13.657000+00:00,dr03,wadjet-t-sg0,bfd-mgmt-pkt-display-type-none,0,0,26,21,obt-collector1,HundredGigE0/1/0/0,

2020-02-06 19:33:13.657000+00:00,dr03,wadjet-t-sg0,bfd-mgmt-pkt-display-type-none,0,0,27,22,obt-collector1,HundredGigE0/1/0/3,

2020-02-06 19:33:13.657000+00:00,dr03,wadjet-t-sg0,bfd-mgmt-pkt-display-type-none,0,0,49,38,obt-collector1,HundredGigE0/1/0/32,

2020-02-06 19:33:23.663000+00:00,dr03,wadjet-t-sg0,bfd-mgmt-pkt-display-type-none,0,0,25,18,obt-collector1,HundredGigE0/0/0/30,

2020-02-06 19:33:23.663000+00:00,dr03,wadjet-t-sg0,bfd-mgmt-pkt-display-type-none,0,0,122,100,obt-collector1,HundredGigE0/0/0/0,

2020-02-06 19:33:23.666000+00:00,dr03,wadjet-t-sg0,bfd-mgmt-pkt-display-type-none,0,0,49,38,obt-collector1,HundredGigE0/1/0/32,

2020-02-06 19:33:23.666000+00:00,dr03,wadjet-t-sg0,bfd-mgmt-pkt-display-type-none,0,0,27,22,obt-collector1,HundredGigE0/1/0/3,

2020-02-06 19:33:23.666000+00:00,dr03,wadjet-t-sg0,bfd-mgmt-pkt-display-type-none,0,0,27,22,obt-collector1,HundredGigE0/1/0/1,

2020-02-06 19:33:23.666000+00:00,dr03,wadjet-t-sg0,bfd-mgmt-pkt-display-type-none,0,0,47,36,obt-collector1,HundredGigE0/1/0/34,

2020-02-06 19:33:23.666000+00:00,dr03,wadjet-t-sg0,bfd-mgmt-pkt-display-type-none,0,0,26,21,obt-collector1,HundredGigE0/1/0/0,

2020-02-06 19:33:23.666000+00:00,dr03,wadjet-t-sg0,bfd-mgmt-pkt-display-type-none,0,0,48,38,obt-collector1,HundredGigE0/1/0/33,

2020-02-06 19:33:23.666000+00:00,dr03,wadjet-t-sg0,bfd-mgmt-pkt-display-type-none,0,0,26,21,obt-collector1,HundredGigE0/1/0/2,

2020-02-06 19:33:33.673000+00:00,dr03,wadjet-t-sg0,bfd-mgmt-pkt-display-type-none,0,0,122,100,obt-collector1,HundredGigE0/0/0/0,

2020-02-06 19:33:33.673000+00:00,dr03,wadjet-t-sg0,bfd-mgmt-pkt-display-type-none,0,0,25,18,obt-collector1,HundredGigE0/0/0/30,

2020-02-06 19:33:33.676000+00:00,dr03,wadjet-t-sg0,bfd-mgmt-pkt-display-type-none,0,0,26,21,obt-collector1,HundredGigE0/1/0/2,

2020-02-06 19:33:33.676000+00:00,dr03,wadjet-t-sg0,bfd-mgmt-pkt-display-type-none,0,0,48,38,obt-collector1,HundredGigE0/1/0/33,

2020-02-06 19:33:33.676000+00:00,dr03,wadjet-t-sg0,bfd-mgmt-pkt-display-type-none,0,0,27,22,obt-collector1,HundredGigE0/1/0/3,

2020-02-06 19:33:33.676000+00:00,dr03,wadjet-t-sg0,bfd-mgmt-pkt-display-type-none,0,0,49,38,obt-collector1,HundredGigE0/1/0/32,

2020-02-06 19:33:33.676000+00:00,dr03,wadjet-t-sg0,bfd-mgmt-pkt-display-type-none,0,0,26,21,obt-collector1,HundredGigE0/1/0/0,

2020-02-06 19:33:33.676000+00:00,dr03,wadjet-t-sg0,bfd-mgmt-pkt-display-type-none,0,0,27,22,obt-collector1,HundredGigE0/1/0/1,

2020-02-06 19:33:33.676000+00:00,dr03,wadjet-t-sg0,bfd-mgmt-pkt-display-type-none,0,0,47,36,obt-collector1,HundredGigE0/1/0/34,

2020-02-06 19:33:43.682000+00:00,dr03,wadjet-t-sg0,bfd-mgmt-pkt-display-type-none,0,0,25,18,obt-collector1,HundredGigE0/0/0/30,

2020-02-06 19:33:43.682000+00:00,dr03,wadjet-t-sg0,bfd-mgmt-pkt-display-type-none,0,0,122,100,obt-collector1,HundredGigE0/0/0/0,

2020-02-06 19:33:43.685000+00:00,dr03,wadjet-t-sg0,bfd-mgmt-pkt-display-type-none,0,0,47,36,obt-collector1,HundredGigE0/1/0/34,

2020-02-06 19:33:43.685000+00:00,dr03,wadjet-t-sg0,bfd-mgmt-pkt-display-type-none,0,0,27,22,obt-collector1,HundredGigE0/1/0/1,

2020-02-06 19:33:43.685000+00:00,dr03,wadjet-t-sg0,bfd-mgmt-pkt-display-type-none,0,0,48,38,obt-collector1,HundredGigE0/1/0/33,

2020-02-06 19:33:43.685000+00:00,dr03,wadjet-t-sg0,bfd-mgmt-pkt-display-type-none,0,0,26,21,obt-collector1,HundredGigE0/1/0/2,

2020-02-06 19:33:43.685000+00:00,dr03,wadjet-t-sg0,bfd-mgmt-pkt-display-type-none,0,0,26,21,obt-collector1,HundredGigE0/1/0/0,

2020-02-06 19:33:43.685000+00:00,dr03,wadjet-t-sg0,bfd-mgmt-pkt-display-type-none,0,0,27,22,obt-collector1,HundredGigE0/1/0/3,

2020-02-06 19:33:43.685000+00:00,dr03,wadjet-t-sg0,bfd-mgmt-pkt-display-type-none,0,0,49,38,obt-collector1,HundredGigE0/1/0/32,

2020-02-06 19:33:53.691000+00:00,dr03,wadjet-t-sg0,bfd-mgmt-pkt-display-type-none,0,0,122,100,obt-collector1,HundredGigE0/0/0/0,

2020-02-06 19:33:53.691000+00:00,dr03,wadjet-t-sg0,bfd-mgmt-pkt-display-type-none,0,0,25,18,obt-collector1,HundredGigE0/0/0/30,

2020-02-06 19:33:53.695000+00:00,dr03,wadjet-t-sg0,bfd-mgmt-pkt-display-type-none,0,0,49,38,obt-collector1,HundredGigE0/1/0/32,

2020-02-06 19:33:53.695000+00:00,dr03,wadjet-t-sg0,bfd-mgmt-pkt-display-type-none,0,0,27,22,obt-collector1,HundredGigE0/1/0/3,

2020-02-06 19:33:53.695000+00:00,dr03,wadjet-t-sg0,bfd-mgmt-pkt-display-type-none,0,0,27,22,obt-collector1,HundredGigE0/1/0/1,

2020-02-06 19:33:53.695000+00:00,dr03,wadjet-t-sg0,bfd-mgmt-pkt-display-type-none,0,0,47,36,obt-collector1,HundredGigE0/1/0/34,

2020-02-06 19:33:53.695000+00:00,dr03,wadjet-t-sg0,bfd-mgmt-pkt-display-type-none,0,0,26,21,obt-collector1,HundredGigE0/1/0/0,

2020-02-06 19:33:53.695000+00:00,dr03,wadjet-t-sg0,bfd-mgmt-pkt-display-type-none,0,0,48,38,obt-collector1,HundredGigE0/1/0/33,

2020-02-06 19:33:53.695000+00:00,dr03,wadjet-t-sg0,bfd-mgmt-pkt-display-type-none,0,0,26,21,obt-collector1,HundredGigE0/1/0/2,

2020-02-06 19:34:03.701000+00:00,dr03,wadjet-t-sg0,bfd-mgmt-pkt-display-type-none,0,0,25,18,obt-collector1,HundredGigE0/0/0/30,

2020-02-06 19:34:03.701000+00:00,dr03,wadjet-t-sg0,bfd-mgmt-pkt-display-type-none,0,0,122,100,obt-collector1,HundredGigE0/0/0/0,

2020-02-06 19:34:03.705000+00:00,dr03,wadjet-t-sg0,bfd-mgmt-pkt-display-type-none,0,0,26,21,obt-collector1,HundredGigE0/1/0/2,

2020-02-06 19:34:03.705000+00:00,dr03,wadjet-t-sg0,bfd-mgmt-pkt-display-type-none,0,0,48,38,obt-collector1,HundredGigE0/1/0/33,

2020-02-06 19:34:03.705000+00:00,dr03,wadjet-t-sg0,bfd-mgmt-pkt-display-type-none,0,0,27,22,obt-collector1,HundredGigE0/1/0/3,

2020-02-06 19:34:03.705000+00:00,dr03,wadjet-t-sg0,bfd-mgmt-pkt-display-type-none,0,0,49,38,obt-collector1,HundredGigE0/1/0/32,

2020-02-06 19:34:03.705000+00:00,dr03,wadjet-t-sg0,bfd-mgmt-pkt-display-type-none,0,0,26,21,obt-collector1,HundredGigE0/1/0/0,

2020-02-06 19:34:03.705000+00:00,dr03,wadjet-t-sg0,bfd-mgmt-pkt-display-type-none,0,0,27,22,obt-collector1,HundredGigE0/1/0/1,

2020-02-06 19:34:03.705000+00:00,dr03,wadjet-t-sg0,bfd-mgmt-pkt-display-type-none,0,0,47,36,obt-collector1,HundredGigE0/1/0/34,

2020-02-06 19:34:13.711000+00:00,dr03,wadjet-t-sg0,bfd-mgmt-pkt-display-type-none,0,0,122,100,obt-collector1,HundredGigE0/0/0/0,

2020-02-06 19:34:13.711000+00:00,dr03,wadjet-t-sg0,bfd-mgmt-pkt-display-type-none,0,0,25,18,obt-collector1,HundredGigE0/0/0/30,

2020-02-06 19:34:13.714000+00:00,dr03,wadjet-t-sg0,bfd-mgmt-pkt-display-type-none,0,0,27,22,obt-collector1,HundredGigE0/1/0/1,

2020-02-06 19:34:13.714000+00:00,dr03,wadjet-t-sg0,bfd-mgmt-pkt-display-type-none,0,0,26,21,obt-collector1,HundredGigE0/1/0/2,

2020-02-06 19:34:13.714000+00:00,dr03,wadjet-t-sg0,bfd-mgmt-pkt-display-type-none,0,0,26,21,obt-collector1,HundredGigE0/1/0/0,

2020-02-06 19:34:13.714000+00:00,dr03,wadjet-t-sg0,bfd-mgmt-pkt-display-type-none,0,0,27,22,obt-collector1,HundredGigE0/1/0/3,

2020-02-06 19:34:13.714000+00:00,dr03,wadjet-t-sg0,bfd-mgmt-pkt-display-type-none,0,0,49,38,obt-collector1,HundredGigE0/1/0/32,

2020-02-06 19:34:13.715000+00:00,dr03,wadjet-t-sg0,bfd-mgmt-pkt-display-type-none,0,0,47,36,obt-collector1,HundredGigE0/1/0/34,

2020-02-06 19:34:13.715000+00:00,dr03,wadjet-t-sg0,bfd-mgmt-pkt-display-type-none,0,0,48,38,obt-collector1,HundredGigE0/1/0/33,

2020-02-06 19:34:23.727000+00:00,dr03,wadjet-t-sg0,bfd-mgmt-pkt-display-type-none,0,0,25,18,obt-collector1,HundredGigE0/0/0/30,

2020-02-06 19:34:23.727000+00:00,dr03,wadjet-t-sg0,bfd-mgmt-pkt-display-type-none,0,0,122,100,obt-collector1,HundredGigE0/0/0/0,

2020-02-06 19:34:23.731000+00:00,dr03,wadjet-t-sg0,bfd-mgmt-pkt-display-type-none,0,0,48,38,obt-collector1,HundredGigE0/1/0/33,

2020-02-06 19:34:23.731000+00:00,dr03,wadjet-t-sg0,bfd-mgmt-pkt-display-type-none,0,0,49,38,obt-collector1,HundredGigE0/1/0/32,

2020-02-06 19:34:23.731000+00:00,dr03,wadjet-t-sg0,bfd-mgmt-pkt-display-type-none,0,0,27,22,obt-collector1,HundredGigE0/1/0/3,

2020-02-06 19:34:23.731000+00:00,dr03,wadjet-t-sg0,bfd-mgmt-pkt-display-type-none,0,0,47,36,obt-collector1,HundredGigE0/1/0/34,

2020-02-06 19:34:23.731000+00:00,dr03,wadjet-t-sg0,bfd-mgmt-pkt-display-type-none,0,0,26,21,obt-collector1,HundredGigE0/1/0/0,

2020-02-06 19:34:23.731000+00:00,dr03,wadjet-t-sg0,bfd-mgmt-pkt-display-type-none,0,0,27,22,obt-collector1,HundredGigE0/1/0/1,

2020-02-06 19:34:23.731000+00:00,dr03,wadjet-t-sg0,bfd-mgmt-pkt-display-type-none,0,0,26,21,obt-collector1,HundredGigE0/1/0/2,

2020-02-06 19:34:33.737000+00:00,dr03,wadjet-t-sg0,bfd-mgmt-pkt-display-type-none,0,0,122,100,obt-collector1,HundredGigE0/0/0/0,

2020-02-06 19:34:33.737000+00:00,dr03,wadjet-t-sg0,bfd-mgmt-pkt-display-type-none,0,0,25,18,obt-collector1,HundredGigE0/0/0/30,

2020-02-06 19:34:33.740000+00:00,dr03,wadjet-t-sg0,bfd-mgmt-pkt-display-type-none,0,0,26,21,obt-collector1,HundredGigE0/1/0/2,

2020-02-06 19:34:33.740000+00:00,dr03,wadjet-t-sg0,bfd-mgmt-pkt-display-type-none,0,0,27,22,obt-collector1,HundredGigE0/1/0/1,

2020-02-06 19:34:33.740000+00:00,dr03,wadjet-t-sg0,bfd-mgmt-pkt-display-type-none,0,0,49,38,obt-collector1,HundredGigE0/1/0/32,

2020-02-06 19:34:33.740000+00:00,dr03,wadjet-t-sg0,bfd-mgmt-pkt-display-type-none,0,0,48,38,obt-collector1,HundredGigE0/1/0/33,

2020-02-06 19:34:33.740000+00:00,dr03,wadjet-t-sg0,bfd-mgmt-pkt-display-type-none,0,0,26,21,obt-collector1,HundredGigE0/1/0/0,

2020-02-06 19:34:33.740000+00:00,dr03,wadjet-t-sg0,bfd-mgmt-pkt-display-type-none,0,0,27,22,obt-collector1,HundredGigE0/1/0/3,

2020-02-06 19:34:33.740000+00:00,dr03,wadjet-t-sg0,bfd-mgmt-pkt-display-type-none,0,0,47,36,obt-collector1,HundredGigE0/1/0/34,

2020-02-06 19:34:43.747000+00:00,dr03,wadjet-t-sg0,bfd-mgmt-pkt-display-type-none,0,0,25,18,obt-collector1,HundredGigE0/0/0/30,

2020-02-06 19:34:43.747000+00:00,dr03,wadjet-t-sg0,bfd-mgmt-pkt-display-type-none,0,0,122,100,obt-collector1,HundredGigE0/0/0/0,

2020-02-06 19:34:43.750000+00:00,dr03,wadjet-t-sg0,bfd-mgmt-pkt-display-type-none,0,0,47,36,obt-collector1,HundredGigE0/1/0/34,

2020-02-06 19:34:43.750000+00:00,dr03,wadjet-t-sg0,bfd-mgmt-pkt-display-type-none,0,0,27,22,obt-collector1,HundredGigE0/1/0/3,

2020-02-06 19:34:43.750000+00:00,dr03,wadjet-t-sg0,bfd-mgmt-pkt-display-type-none,0,0,27,22,obt-collector1,HundredGigE0/1/0/1,

2020-02-06 19:34:43.750000+00:00,dr03,wadjet-t-sg0,bfd-mgmt-pkt-display-type-none,0,0,26,21,obt-collector1,HundredGigE0/1/0/2,

2020-02-06 19:34:43.750000+00:00,dr03,wadjet-t-sg0,bfd-mgmt-pkt-display-type-none,0,0,26,21,obt-collector1,HundredGigE0/1/0/0,

2020-02-06 19:34:43.750000+00:00,dr03,wadjet-t-sg0,bfd-mgmt-pkt-display-type-none,0,0,49,38,obt-collector1,HundredGigE0/1/0/32,

2020-02-06 19:34:43.750000+00:00,dr03,wadjet-t-sg0,bfd-mgmt-pkt-display-type-none,0,0,48,38,obt-collector1,HundredGigE0/1/0/33,

2020-02-06 19:34:53.757000+00:00,dr03,wadjet-t-sg0,bfd-mgmt-pkt-display-type-none,0,0,122,100,obt-collector1,HundredGigE0/0/0/0,

2020-02-06 19:34:53.757000+00:00,dr03,wadjet-t-sg0,bfd-mgmt-pkt-display-type-none,0,0,25,18,obt-collector1,HundredGigE0/0/0/30,

2020-02-06 19:34:53.760000+00:00,dr03,wadjet-t-sg0,bfd-mgmt-pkt-display-type-none,0,0,48,38,obt-collector1,HundredGigE0/1/0/33,

2020-02-06 19:34:53.760000+00:00,dr03,wadjet-t-sg0,bfd-mgmt-pkt-display-type-none,0,0,49,38,obt-collector1,HundredGigE0/1/0/32,

2020-02-06 19:34:53.760000+00:00,dr03,wadjet-t-sg0,bfd-mgmt-pkt-display-type-none,0,0,27,22,obt-collector1,HundredGigE0/1/0/3,

2020-02-06 19:34:53.760000+00:00,dr03,wadjet-t-sg0,bfd-mgmt-pkt-display-type-none,0,0,47,36,obt-collector1,HundredGigE0/1/0/34,

2020-02-06 19:34:53.760000+00:00,dr03,wadjet-t-sg0,bfd-mgmt-pkt-display-type-none,0,0,26,21,obt-collector1,HundredGigE0/1/0/0,

2020-02-06 19:34:53.760000+00:00,dr03,wadjet-t-sg0,bfd-mgmt-pkt-display-type-none,0,0,27,22,obt-collector1,HundredGigE0/1/0/1,

2020-02-06 19:34:53.760000+00:00,dr03,wadjet-t-sg0,bfd-mgmt-pkt-display-type-none,0,0,26,21,obt-collector1,HundredGigE0/1/0/2,

2020-02-06 19:35:03.767000+00:00,dr03,wadjet-t-sg0,bfd-mgmt-pkt-display-type-none,0,0,25,18,obt-collector1,HundredGigE0/0/0/30,

2020-02-06 19:35:03.767000+00:00,dr03,wadjet-t-sg0,bfd-mgmt-pkt-display-type-none,0,0,122,100,obt-collector1,HundredGigE0/0/0/0,

2020-02-06 19:35:03.771000+00:00,dr03,wadjet-t-sg0,bfd-mgmt-pkt-display-type-none,0,0,26,21,obt-collector1,HundredGigE0/1/0/2,

2020-02-06 19:35:03.771000+00:00,dr03,wadjet-t-sg0,bfd-mgmt-pkt-display-type-none,0,0,27,22,obt-collector1,HundredGigE0/1/0/1,

2020-02-06 19:35:03.771000+00:00,dr03,wadjet-t-sg0,bfd-mgmt-pkt-display-type-none,0,0,49,38,obt-collector1,HundredGigE0/1/0/32,

2020-02-06 19:35:03.771000+00:00,dr03,wadjet-t-sg0,bfd-mgmt-pkt-display-type-none,0,0,48,38,obt-collector1,HundredGigE0/1/0/33,

2020-02-06 19:35:03.771000+00:00,dr03,wadjet-t-sg0,bfd-mgmt-pkt-display-type-none,0,0,26,21,obt-collector1,HundredGigE0/1/0/0,

2020-02-06 19:35:03.771000+00:00,dr03,wadjet-t-sg0,bfd-mgmt-pkt-display-type-none,0,0,27,22,obt-collector1,HundredGigE0/1/0/3,

2020-02-06 19:35:03.771000+00:00,dr03,wadjet-t-sg0,bfd-mgmt-pkt-display-type-none,0,0,47,36,obt-collector1,HundredGigE0/1/0/34,

2020-02-06 19:35:13.777000+00:00,dr03,wadjet-t-sg0,bfd-mgmt-pkt-display-type-none,0,0,122,100,obt-collector1,HundredGigE0/0/0/0,

2020-02-06 19:35:13.777000+00:00,dr03,wadjet-t-sg0,bfd-mgmt-pkt-display-type-none,0,0,25,18,obt-collector1,HundredGigE0/0/0/30,

2020-02-06 19:35:13.780000+00:00,dr03,wadjet-t-sg0,bfd-mgmt-pkt-display-type-none,0,0,47,36,obt-collector1,HundredGigE0/1/0/34,

2020-02-06 19:35:13.780000+00:00,dr03,wadjet-t-sg0,bfd-mgmt-pkt-display-type-none,0,0,27,22,obt-collector1,HundredGigE0/1/0/3,

2020-02-06 19:35:13.780000+00:00,dr03,wadjet-t-sg0,bfd-mgmt-pkt-display-type-none,0,0,27,22,obt-collector1,HundredGigE0/1/0/1,

2020-02-06 19:35:13.780000+00:00,dr03,wadjet-t-sg0,bfd-mgmt-pkt-display-type-none,0,0,26,21,obt-collector1,HundredGigE0/1/0/2,

2020-02-06 19:35:13.780000+00:00,dr03,wadjet-t-sg0,bfd-mgmt-pkt-display-type-none,0,0,26,21,obt-collector1,HundredGigE0/1/0/0,

2020-02-06 19:35:13.780000+00:00,dr03,wadjet-t-sg0,bfd-mgmt-pkt-display-type-none,0,0,49,38,obt-collector1,HundredGigE0/1/0/32,

2020-02-06 19:35:13.780000+00:00,dr03,wadjet-t-sg0,bfd-mgmt-pkt-display-type-none,0,0,48,38,obt-collector1,HundredGigE0/1/0/33,

2020-02-06 19:35:23.787000+00:00,dr03,wadjet-t-sg0,bfd-mgmt-pkt-display-type-none,0,0,25,18,obt-collector1,HundredGigE0/0/0/30,

2020-02-06 19:35:23.787000+00:00,dr03,wadjet-t-sg0,bfd-mgmt-pkt-display-type-none,0,0,122,100,obt-collector1,HundredGigE0/0/0/0,

2020-02-06 19:35:23.791000+00:00,dr03,wadjet-t-sg0,bfd-mgmt-pkt-display-type-none,0,0,48,38,obt-collector1,HundredGigE0/1/0/33,

2020-02-06 19:35:23.791000+00:00,dr03,wadjet-t-sg0,bfd-mgmt-pkt-display-type-none,0,0,49,38,obt-collector1,HundredGigE0/1/0/32,

2020-02-06 19:35:23.791000+00:00,dr03,wadjet-t-sg0,bfd-mgmt-pkt-display-type-none,0,0,27,22,obt-collector1,HundredGigE0/1/0/3,

2020-02-06 19:35:23.791000+00:00,dr03,wadjet-t-sg0,bfd-mgmt-pkt-display-type-none,0,0,47,36,obt-collector1,HundredGigE0/1/0/34,

2020-02-06 19:35:23.791000+00:00,dr03,wadjet-t-sg0,bfd-mgmt-pkt-display-type-none,0,0,26,21,obt-collector1,HundredGigE0/1/0/0,

2020-02-06 19:35:23.791000+00:00,dr03,wadjet-t-sg0,bfd-mgmt-pkt-display-type-none,0,0,27,22,obt-collector1,HundredGigE0/1/0/1,

2020-02-06 19:35:23.791000+00:00,dr03,wadjet-t-sg0,bfd-mgmt-pkt-display-type-none,0,0,26,21,obt-collector1,HundredGigE0/1/0/2,

2020-02-06 19:35:33.797000+00:00,dr03,wadjet-t-sg0,bfd-mgmt-pkt-display-type-none,0,0,122,100,obt-collector1,HundredGigE0/0/0/0,

2020-02-06 19:35:33.797000+00:00,dr03,wadjet-t-sg0,bfd-mgmt-pkt-display-type-none,0,0,25,18,obt-collector1,HundredGigE0/0/0/30,

2020-02-06 19:35:33.801000+00:00,dr03,wadjet-t-sg0,bfd-mgmt-pkt-display-type-none,0,0,26,21,obt-collector1,HundredGigE0/1/0/2,

2020-02-06 19:35:33.801000+00:00,dr03,wadjet-t-sg0,bfd-mgmt-pkt-display-type-none,0,0,27,22,obt-collector1,HundredGigE0/1/0/1,

2020-02-06 19:35:33.801000+00:00,dr03,wadjet-t-sg0,bfd-mgmt-pkt-display-type-none,0,0,49,38,obt-collector1,HundredGigE0/1/0/32,

2020-02-06 19:35:33.801000+00:00,dr03,wadjet-t-sg0,bfd-mgmt-pkt-display-type-none,0,0,48,38,obt-collector1,HundredGigE0/1/0/33,

2020-02-06 19:35:33.801000+00:00,dr03,wadjet-t-sg0,bfd-mgmt-pkt-display-type-none,0,0,26,21,obt-collector1,HundredGigE0/1/0/0,

2020-02-06 19:35:33.801000+00:00,dr03,wadjet-t-sg0,bfd-mgmt-pkt-display-type-none,0,0,27,22,obt-collector1,HundredGigE0/1/0/3,

2020-02-06 19:35:33.801000+00:00,dr03,wadjet-t-sg0,bfd-mgmt-pkt-display-type-none,0,0,47,36,obt-collector1,HundredGigE0/1/0/34,

2020-02-06 19:35:43.806000+00:00,dr03,wadjet-t-sg0,bfd-mgmt-pkt-display-type-none,0,0,25,18,obt-collector1,HundredGigE0/0/0/30,

2020-02-06 19:35:43.806000+00:00,dr03,wadjet-t-sg0,bfd-mgmt-pkt-display-type-none,0,0,122,100,obt-collector1,HundredGigE0/0/0/0,

2020-02-06 19:35:43.810000+00:00,dr03,wadjet-t-sg0,bfd-mgmt-pkt-display-type-none,0,0,47,36,obt-collector1,HundredGigE0/1/0/34,

2020-02-06 19:35:43.810000+00:00,dr03,wadjet-t-sg0,bfd-mgmt-pkt-display-type-none,0,0,27,22,obt-collector1,HundredGigE0/1/0/3,

2020-02-06 19:35:43.810000+00:00,dr03,wadjet-t-sg0,bfd-mgmt-pkt-display-type-none,0,0,27,22,obt-collector1,HundredGigE0/1/0/1,

2020-02-06 19:35:43.810000+00:00,dr03,wadjet-t-sg0,bfd-mgmt-pkt-display-type-none,0,0,26,21,obt-collector1,HundredGigE0/1/0/2,

2020-02-06 19:35:43.810000+00:00,dr03,wadjet-t-sg0,bfd-mgmt-pkt-display-type-none,0,0,26,21,obt-collector1,HundredGigE0/1/0/0,

2020-02-06 19:35:43.810000+00:00,dr03,wadjet-t-sg0,bfd-mgmt-pkt-display-type-none,0,0,49,38,obt-collector1,HundredGigE0/1/0/32,

2020-02-06 19:35:43.810000+00:00,dr03,wadjet-t-sg0,bfd-mgmt-pkt-display-type-none,0,0,48,38,obt-collector1,HundredGigE0/1/0/33,

2020-02-06 19:35:53.816000+00:00,dr03,wadjet-t-sg0,bfd-mgmt-pkt-display-type-none,0,0,122,100,obt-collector1,HundredGigE0/0/0/0,

2020-02-06 19:35:53.816000+00:00,dr03,wadjet-t-sg0,bfd-mgmt-pkt-display-type-none,0,0,25,18,obt-collector1,HundredGigE0/0/0/30,

2020-02-06 19:35:53.820000+00:00,dr03,wadjet-t-sg0,bfd-mgmt-pkt-display-type-none,0,0,48,38,obt-collector1,HundredGigE0/1/0/33,

2020-02-06 19:35:53.820000+00:00,dr03,wadjet-t-sg0,bfd-mgmt-pkt-display-type-none,0,0,49,38,obt-collector1,HundredGigE0/1/0/32,

2020-02-06 19:35:53.820000+00:00,dr03,wadjet-t-sg0,bfd-mgmt-pkt-display-type-none,0,0,27,22,obt-collector1,HundredGigE0/1/0/3,

2020-02-06 19:35:53.820000+00:00,dr03,wadjet-t-sg0,bfd-mgmt-pkt-display-type-none,0,0,47,36,obt-collector1,HundredGigE0/1/0/34,

2020-02-06 19:35:53.820000+00:00,dr03,wadjet-t-sg0,bfd-mgmt-pkt-display-type-none,0,0,26,21,obt-collector1,HundredGigE0/1/0/0,

2020-02-06 19:35:53.820000+00:00,dr03,wadjet-t-sg0,bfd-mgmt-pkt-display-type-none,0,0,27,22,obt-collector1,HundredGigE0/1/0/1,

2020-02-06 19:35:53.820000+00:00,dr03,wadjet-t-sg0,bfd-mgmt-pkt-display-type-none,0,0,26,21,obt-collector1,HundredGigE0/1/0/2,

2020-02-06 19:36:03.827000+00:00,dr03,wadjet-t-sg0,bfd-mgmt-pkt-display-type-none,0,0,25,18,obt-collector1,HundredGigE0/0/0/30,

2020-02-06 19:36:03.827000+00:00,dr03,wadjet-t-sg0,bfd-mgmt-pkt-display-type-none,0,0,122,100,obt-collector1,HundredGigE0/0/0/0,

2020-02-06 19:36:03.830000+00:00,dr03,wadjet-t-sg0,bfd-mgmt-pkt-display-type-none,0,0,26,21,obt-collector1,HundredGigE0/1/0/2,

2020-02-06 19:36:03.830000+00:00,dr03,wadjet-t-sg0,bfd-mgmt-pkt-display-type-none,0,0,27,22,obt-collector1,HundredGigE0/1/0/1,

2020-02-06 19:36:03.830000+00:00,dr03,wadjet-t-sg0,bfd-mgmt-pkt-display-type-none,0,0,49,38,obt-collector1,HundredGigE0/1/0/32,

2020-02-06 19:36:03.830000+00:00,dr03,wadjet-t-sg0,bfd-mgmt-pkt-display-type-none,0,0,48,38,obt-collector1,HundredGigE0/1/0/33,

2020-02-06 19:36:03.830000+00:00,dr03,wadjet-t-sg0,bfd-mgmt-pkt-display-type-none,0,0,26,21,obt-collector1,HundredGigE0/1/0/0,

2020-02-06 19:36:03.830000+00:00,dr03,wadjet-t-sg0,bfd-mgmt-pkt-display-type-none,0,0,27,22,obt-collector1,HundredGigE0/1/0/3,

2020-02-06 19:36:03.830000+00:00,dr03,wadjet-t-sg0,bfd-mgmt-pkt-display-type-none,0,0,47,36,obt-collector1,HundredGigE0/1/0/34,

2020-02-06 19:36:13.836000+00:00,dr03,wadjet-t-sg0,bfd-mgmt-pkt-display-type-none,0,0,122,100,obt-collector1,HundredGigE0/0/0/0,

2020-02-06 19:36:13.836000+00:00,dr03,wadjet-t-sg0,bfd-mgmt-pkt-display-type-none,0,0,25,18,obt-collector1,HundredGigE0/0/0/30,

2020-02-06 19:36:13.840000+00:00,dr03,wadjet-t-sg0,bfd-mgmt-pkt-display-type-none,0,0,47,36,obt-collector1,HundredGigE0/1/0/34,

2020-02-06 19:36:13.840000+00:00,dr03,wadjet-t-sg0,bfd-mgmt-pkt-display-type-none,0,0,27,22,obt-collector1,HundredGigE0/1/0/3,

2020-02-06 19:36:13.840000+00:00,dr03,wadjet-t-sg0,bfd-mgmt-pkt-display-type-none,0,0,27,22,obt-collector1,HundredGigE0/1/0/1,

2020-02-06 19:36:13.840000+00:00,dr03,wadjet-t-sg0,bfd-mgmt-pkt-display-type-none,0,0,26,21,obt-collector1,HundredGigE0/1/0/2,

2020-02-06 19:36:13.840000+00:00,dr03,wadjet-t-sg0,bfd-mgmt-pkt-display-type-none,0,0,26,21,obt-collector1,HundredGigE0/1/0/0,

2020-02-06 19:36:13.840000+00:00,dr03,wadjet-t-sg0,bfd-mgmt-pkt-display-type-none,0,0,49,38,obt-collector1,HundredGigE0/1/0/32,

2020-02-06 19:36:13.840000+00:00,dr03,wadjet-t-sg0,bfd-mgmt-pkt-display-type-none,0,0,48,38,obt-collector1,HundredGigE0/1/0/33,

2020-02-06 19:36:23.846000+00:00,dr03,wadjet-t-sg0,bfd-mgmt-pkt-display-type-none,0,0,25,18,obt-collector1,HundredGigE0/0/0/30,

2020-02-06 19:36:23.846000+00:00,dr03,wadjet-t-sg0,bfd-mgmt-pkt-display-type-none,0,0,122,100,obt-collector1,HundredGigE0/0/0/0,

2020-02-06 19:36:23.850000+00:00,dr03,wadjet-t-sg0,bfd-mgmt-pkt-display-type-none,0,0,48,38,obt-collector1,HundredGigE0/1/0/33,

2020-02-06 19:36:23.850000+00:00,dr03,wadjet-t-sg0,bfd-mgmt-pkt-display-type-none,0,0,49,38,obt-collector1,HundredGigE0/1/0/32,

2020-02-06 19:36:23.850000+00:00,dr03,wadjet-t-sg0,bfd-mgmt-pkt-display-type-none,0,0,27,22,obt-collector1,HundredGigE0/1/0/3,

2020-02-06 19:36:23.850000+00:00,dr03,wadjet-t-sg0,bfd-mgmt-pkt-display-type-none,0,0,47,36,obt-collector1,HundredGigE0/1/0/34,

2020-02-06 19:36:23.850000+00:00,dr03,wadjet-t-sg0,bfd-mgmt-pkt-display-type-none,0,0,26,21,obt-collector1,HundredGigE0/1/0/0,

2020-02-06 19:36:23.850000+00:00,dr03,wadjet-t-sg0,bfd-mgmt-pkt-display-type-none,0,0,27,22,obt-collector1,HundredGigE0/1/0/1,

2020-02-06 19:36:23.850000+00:00,dr03,wadjet-t-sg0,bfd-mgmt-pkt-display-type-none,0,0,26,21,obt-collector1,HundredGigE0/1/0/2,

2020-02-06 19:36:33.857000+00:00,dr03,wadjet-t-sg0,bfd-mgmt-pkt-display-type-none,0,0,122,100,obt-collector1,HundredGigE0/0/0/0,

2020-02-06 19:36:33.857000+00:00,dr03,wadjet-t-sg0,bfd-mgmt-pkt-display-type-none,0,0,25,18,obt-collector1,HundredGigE0/0/0/30,

2020-02-06 19:36:33.860000+00:00,dr03,wadjet-t-sg0,bfd-mgmt-pkt-display-type-none,0,0,26,21,obt-collector1,HundredGigE0/1/0/2,

2020-02-06 19:36:33.860000+00:00,dr03,wadjet-t-sg0,bfd-mgmt-pkt-display-type-none,0,0,27,22,obt-collector1,HundredGigE0/1/0/1,

2020-02-06 19:36:33.860000+00:00,dr03,wadjet-t-sg0,bfd-mgmt-pkt-display-type-none,0,0,49,38,obt-collector1,HundredGigE0/1/0/32,

2020-02-06 19:36:33.860000+00:00,dr03,wadjet-t-sg0,bfd-mgmt-pkt-display-type-none,0,0,48,38,obt-collector1,HundredGigE0/1/0/33,

2020-02-06 19:36:33.860000+00:00,dr03,wadjet-t-sg0,bfd-mgmt-pkt-display-type-none,0,0,26,21,obt-collector1,HundredGigE0/1/0/0,

2020-02-06 19:36:33.860000+00:00,dr03,wadjet-t-sg0,bfd-mgmt-pkt-display-type-none,0,0,27,22,obt-collector1,HundredGigE0/1/0/3,

2020-02-06 19:36:33.860000+00:00,dr03,wadjet-t-sg0,bfd-mgmt-pkt-display-type-none,0,0,47,36,obt-collector1,HundredGigE0/1/0/34,

2020-02-06 19:36:43.866000+00:00,dr03,wadjet-t-sg0,bfd-mgmt-pkt-display-type-none,0,0,25,18,obt-collector1,HundredGigE0/0/0/30,

2020-02-06 19:36:43.866000+00:00,dr03,wadjet-t-sg0,bfd-mgmt-pkt-display-type-none,0,0,122,100,obt-collector1,HundredGigE0/0/0/0,

2020-02-06 19:36:43.870000+00:00,dr03,wadjet-t-sg0,bfd-mgmt-pkt-display-type-none,0,0,47,36,obt-collector1,HundredGigE0/1/0/34,

2020-02-06 19:36:43.870000+00:00,dr03,wadjet-t-sg0,bfd-mgmt-pkt-display-type-none,0,0,27,22,obt-collector1,HundredGigE0/1/0/3,

2020-02-06 19:36:43.870000+00:00,dr03,wadjet-t-sg0,bfd-mgmt-pkt-display-type-none,0,0,27,22,obt-collector1,HundredGigE0/1/0/1,

2020-02-06 19:36:43.870000+00:00,dr03,wadjet-t-sg0,bfd-mgmt-pkt-display-type-none,0,0,26,21,obt-collector1,HundredGigE0/1/0/2,

2020-02-06 19:36:43.870000+00:00,dr03,wadjet-t-sg0,bfd-mgmt-pkt-display-type-none,0,0,26,21,obt-collector1,HundredGigE0/1/0/0,

2020-02-06 19:36:43.870000+00:00,dr03,wadjet-t-sg0,bfd-mgmt-pkt-display-type-none,0,0,49,38,obt-collector1,HundredGigE0/1/0/32,

2020-02-06 19:36:43.870000+00:00,dr03,wadjet-t-sg0,bfd-mgmt-pkt-display-type-none,0,0,48,38,obt-collector1,HundredGigE0/1/0/33,

2020-02-06 19:36:53.876000+00:00,dr03,wadjet-t-sg0,bfd-mgmt-pkt-display-type-none,0,0,122,100,obt-collector1,HundredGigE0/0/0/0,

2020-02-06 19:36:53.876000+00:00,dr03,wadjet-t-sg0,bfd-mgmt-pkt-display-type-none,0,0,25,18,obt-collector1,HundredGigE0/0/0/30,

2020-02-06 19:36:53.880000+00:00,dr03,wadjet-t-sg0,bfd-mgmt-pkt-display-type-none,0,0,48,38,obt-collector1,HundredGigE0/1/0/33,

2020-02-06 19:36:53.880000+00:00,dr03,wadjet-t-sg0,bfd-mgmt-pkt-display-type-none,0,0,49,38,obt-collector1,HundredGigE0/1/0/32,

2020-02-06 19:36:53.880000+00:00,dr03,wadjet-t-sg0,bfd-mgmt-pkt-display-type-none,0,0,27,22,obt-collector1,HundredGigE0/1/0/3,

2020-02-06 19:36:53.880000+00:00,dr03,wadjet-t-sg0,bfd-mgmt-pkt-display-type-none,0,0,47,36,obt-collector1,HundredGigE0/1/0/34,

2020-02-06 19:36:53.880000+00:00,dr03,wadjet-t-sg0,bfd-mgmt-pkt-display-type-none,0,0,26,21,obt-collector1,HundredGigE0/1/0/0,

2020-02-06 19:36:53.880000+00:00,dr03,wadjet-t-sg0,bfd-mgmt-pkt-display-type-none,0,0,27,22,obt-collector1,HundredGigE0/1/0/1,

2020-02-06 19:36:53.880000+00:00,dr03,wadjet-t-sg0,bfd-mgmt-pkt-display-type-none,0,0,26,21,obt-collector1,HundredGigE0/1/0/2,

2020-02-06 19:37:03.886000+00:00,dr03,wadjet-t-sg0,bfd-mgmt-pkt-display-type-none,0,0,25,18,obt-collector1,HundredGigE0/0/0/30,

2020-02-06 19:37:03.886000+00:00,dr03,wadjet-t-sg0,bfd-mgmt-pkt-display-type-none,0,0,122,100,obt-collector1,HundredGigE0/0/0/0,

2020-02-06 19:37:03.890000+00:00,dr03,wadjet-t-sg0,bfd-mgmt-pkt-display-type-none,0,0,26,21,obt-collector1,HundredGigE0/1/0/2,

2020-02-06 19:37:03.890000+00:00,dr03,wadjet-t-sg0,bfd-mgmt-pkt-display-type-none,0,0,27,22,obt-collector1,HundredGigE0/1/0/1,

2020-02-06 19:37:03.890000+00:00,dr03,wadjet-t-sg0,bfd-mgmt-pkt-display-type-none,0,0,49,38,obt-collector1,HundredGigE0/1/0/32,

2020-02-06 19:37:03.890000+00:00,dr03,wadjet-t-sg0,bfd-mgmt-pkt-display-type-none,0,0,48,38,obt-collector1,HundredGigE0/1/0/33,

2020-02-06 19:37:03.890000+00:00,dr03,wadjet-t-sg0,bfd-mgmt-pkt-display-type-none,0,0,26,21,obt-collector1,HundredGigE0/1/0/0,

2020-02-06 19:37:03.890000+00:00,dr03,wadjet-t-sg0,bfd-mgmt-pkt-display-type-none,0,0,27,22,obt-collector1,HundredGigE0/1/0/3,

2020-02-06 19:37:03.890000+00:00,dr03,wadjet-t-sg0,bfd-mgmt-pkt-display-type-none,0,0,47,36,obt-collector1,HundredGigE0/1/0/34,

2020-02-06 19:37:13.896000+00:00,dr03,wadjet-t-sg0,bfd-mgmt-pkt-display-type-none,0,0,122,100,obt-collector1,HundredGigE0/0/0/0,

2020-02-06 19:37:13.896000+00:00,dr03,wadjet-t-sg0,bfd-mgmt-pkt-display-type-none,0,0,25,18,obt-collector1,HundredGigE0/0/0/30,

2020-02-06 19:37:13.900000+00:00,dr03,wadjet-t-sg0,bfd-mgmt-pkt-display-type-none,0,0,47,36,obt-collector1,HundredGigE0/1/0/34,

2020-02-06 19:37:13.900000+00:00,dr03,wadjet-t-sg0,bfd-mgmt-pkt-display-type-none,0,0,27,22,obt-collector1,HundredGigE0/1/0/3,

2020-02-06 19:37:13.900000+00:00,dr03,wadjet-t-sg0,bfd-mgmt-pkt-display-type-none,0,0,27,22,obt-collector1,HundredGigE0/1/0/1,

2020-02-06 19:37:13.900000+00:00,dr03,wadjet-t-sg0,bfd-mgmt-pkt-display-type-none,0,0,26,21,obt-collector1,HundredGigE0/1/0/2,

2020-02-06 19:37:13.900000+00:00,dr03,wadjet-t-sg0,bfd-mgmt-pkt-display-type-none,0,0,26,21,obt-collector1,HundredGigE0/1/0/0,

2020-02-06 19:37:13.900000+00:00,dr03,wadjet-t-sg0,bfd-mgmt-pkt-display-type-none,0,0,49,38,obt-collector1,HundredGigE0/1/0/32,

2020-02-06 19:37:13.900000+00:00,dr03,wadjet-t-sg0,bfd-mgmt-pkt-display-type-none,0,0,48,38,obt-collector1,HundredGigE0/1/0/33,

2020-02-06 19:37:23.906000+00:00,dr03,wadjet-t-sg0,bfd-mgmt-pkt-display-type-none,0,0,25,18,obt-collector1,HundredGigE0/0/0/30,

2020-02-06 19:37:23.906000+00:00,dr03,wadjet-t-sg0,bfd-mgmt-pkt-display-type-none,0,0,122,100,obt-collector1,HundredGigE0/0/0/0,

2020-02-06 19:37:23.909000+00:00,dr03,wadjet-t-sg0,bfd-mgmt-pkt-display-type-none,0,0,48,38,obt-collector1,HundredGigE0/1/0/33,

2020-02-06 19:37:23.909000+00:00,dr03,wadjet-t-sg0,bfd-mgmt-pkt-display-type-none,0,0,49,38,obt-collector1,HundredGigE0/1/0/32,

2020-02-06 19:37:23.909000+00:00,dr03,wadjet-t-sg0,bfd-mgmt-pkt-display-type-none,0,0,27,22,obt-collector1,HundredGigE0/1/0/3,

2020-02-06 19:37:23.909000+00:00,dr03,wadjet-t-sg0,bfd-mgmt-pkt-display-type-none,0,0,47,36,obt-collector1,HundredGigE0/1/0/34,

2020-02-06 19:37:23.909000+00:00,dr03,wadjet-t-sg0,bfd-mgmt-pkt-display-type-none,0,0,26,21,obt-collector1,HundredGigE0/1/0/0,

2020-02-06 19:37:23.909000+00:00,dr03,wadjet-t-sg0,bfd-mgmt-pkt-display-type-none,0,0,27,22,obt-collector1,HundredGigE0/1/0/1,

2020-02-06 19:37:23.909000+00:00,dr03,wadjet-t-sg0,bfd-mgmt-pkt-display-type-none,0,0,26,21,obt-collector1,HundredGigE0/1/0/2,

2020-02-06 19:37:33.915000+00:00,dr03,wadjet-t-sg0,bfd-mgmt-pkt-display-type-none,0,0,122,100,obt-collector1,HundredGigE0/0/0/0,

2020-02-06 19:37:33.915000+00:00,dr03,wadjet-t-sg0,bfd-mgmt-pkt-display-type-none,0,0,25,18,obt-collector1,HundredGigE0/0/0/30,

2020-02-06 19:37:33.919000+00:00,dr03,wadjet-t-sg0,bfd-mgmt-pkt-display-type-none,0,0,26,21,obt-collector1,HundredGigE0/1/0/2,

2020-02-06 19:37:33.919000+00:00,dr03,wadjet-t-sg0,bfd-mgmt-pkt-display-type-none,0,0,27,22,obt-collector1,HundredGigE0/1/0/1,

2020-02-06 19:37:33.919000+00:00,dr03,wadjet-t-sg0,bfd-mgmt-pkt-display-type-none,0,0,49,38,obt-collector1,HundredGigE0/1/0/32,

2020-02-06 19:37:33.919000+00:00,dr03,wadjet-t-sg0,bfd-mgmt-pkt-display-type-none,0,0,48,38,obt-collector1,HundredGigE0/1/0/33,

2020-02-06 19:37:33.919000+00:00,dr03,wadjet-t-sg0,bfd-mgmt-pkt-display-type-none,0,0,26,21,obt-collector1,HundredGigE0/1/0/0,

2020-02-06 19:37:33.919000+00:00,dr03,wadjet-t-sg0,bfd-mgmt-pkt-display-type-none,0,0,27,22,obt-collector1,HundredGigE0/1/0/3,

2020-02-06 19:37:33.919000+00:00,dr03,wadjet-t-sg0,bfd-mgmt-pkt-display-type-none,0,0,47,36,obt-collector1,HundredGigE0/1/0/34,

2020-02-06 19:37:43.925000+00:00,dr03,wadjet-t-sg0,bfd-mgmt-pkt-display-type-none,0,0,25,18,obt-collector1,HundredGigE0/0/0/30,

2020-02-06 19:37:43.925000+00:00,dr03,wadjet-t-sg0,bfd-mgmt-pkt-display-type-none,0,0,122,100,obt-collector1,HundredGigE0/0/0/0,

2020-02-06 19:37:43.928000+00:00,dr03,wadjet-t-sg0,bfd-mgmt-pkt-display-type-none,0,0,26,21,obt-collector1,HundredGigE0/1/0/0,

2020-02-06 19:37:43.929000+00:00,dr03,wadjet-t-sg0,bfd-mgmt-pkt-display-type-none,0,0,47,36,obt-collector1,HundredGigE0/1/0/34,

2020-02-06 19:37:43.929000+00:00,dr03,wadjet-t-sg0,bfd-mgmt-pkt-display-type-none,0,0,27,22,obt-collector1,HundredGigE0/1/0/3,

2020-02-06 19:37:43.929000+00:00,dr03,wadjet-t-sg0,bfd-mgmt-pkt-display-type-none,0,0,27,22,obt-collector1,HundredGigE0/1/0/1,

2020-02-06 19:37:43.929000+00:00,dr03,wadjet-t-sg0,bfd-mgmt-pkt-display-type-none,0,0,26,21,obt-collector1,HundredGigE0/1/0/2,

2020-02-06 19:37:43.929000+00:00,dr03,wadjet-t-sg0,bfd-mgmt-pkt-display-type-none,0,0,49,38,obt-collector1,HundredGigE0/1/0/32,

2020-02-06 19:37:43.929000+00:00,dr03,wadjet-t-sg0,bfd-mgmt-pkt-display-type-none,0,0,48,38,obt-collector1,HundredGigE0/1/0/33,

2020-02-06 19:37:53.935000+00:00,dr03,wadjet-t-sg0,bfd-mgmt-pkt-display-type-none,0,0,122,100,obt-collector1,HundredGigE0/0/0/0,

2020-02-06 19:37:53.935000+00:00,dr03,wadjet-t-sg0,bfd-mgmt-pkt-display-type-none,0,0,25,18,obt-collector1,HundredGigE0/0/0/30,

2020-02-06 19:37:53.939000+00:00,dr03,wadjet-t-sg0,bfd-mgmt-pkt-display-type-none,0,0,49,38,obt-collector1,HundredGigE0/1/0/32,

2020-02-06 19:37:53.939000+00:00,dr03,wadjet-t-sg0,bfd-mgmt-pkt-display-type-none,0,0,27,22,obt-collector1,HundredGigE0/1/0/3,

2020-02-06 19:37:53.939000+00:00,dr03,wadjet-t-sg0,bfd-mgmt-pkt-display-type-none,0,0,26,21,obt-collector1,HundredGigE0/1/0/0,

2020-02-06 19:37:53.939000+00:00,dr03,wadjet-t-sg0,bfd-mgmt-pkt-display-type-none,0,0,47,36,obt-collector1,HundredGigE0/1/0/34,

2020-02-06 19:37:53.939000+00:00,dr03,wadjet-t-sg0,bfd-mgmt-pkt-display-type-none,0,0,48,38,obt-collector1,HundredGigE0/1/0/33,

2020-02-06 19:37:53.939000+00:00,dr03,wadjet-t-sg0,bfd-mgmt-pkt-display-type-none,0,0,26,21,obt-collector1,HundredGigE0/1/0/2,

2020-02-06 19:37:53.939000+00:00,dr03,wadjet-t-sg0,bfd-mgmt-pkt-display-type-none,0,0,27,22,obt-collector1,HundredGigE0/1/0/1,

2020-02-06 19:38:03.945000+00:00,dr03,wadjet-t-sg0,bfd-mgmt-pkt-display-type-none,0,0,25,18,obt-collector1,HundredGigE0/0/0/30,

2020-02-06 19:38:03.945000+00:00,dr03,wadjet-t-sg0,bfd-mgmt-pkt-display-type-none,0,0,122,100,obt-collector1,HundredGigE0/0/0/0,

2020-02-06 19:38:03.948000+00:00,dr03,wadjet-t-sg0,bfd-mgmt-pkt-display-type-none,0,0,27,22,obt-collector1,HundredGigE0/1/0/1,

2020-02-06 19:38:03.948000+00:00,dr03,wadjet-t-sg0,bfd-mgmt-pkt-display-type-none,0,0,26,21,obt-collector1,HundredGigE0/1/0/2,

2020-02-06 19:38:03.948000+00:00,dr03,wadjet-t-sg0,bfd-mgmt-pkt-display-type-none,0,0,27,22,obt-collector1,HundredGigE0/1/0/3,

2020-02-06 19:38:03.948000+00:00,dr03,wadjet-t-sg0,bfd-mgmt-pkt-display-type-none,0,0,49,38,obt-collector1,HundredGigE0/1/0/32,

2020-02-06 19:38:03.948000+00:00,dr03,wadjet-t-sg0,bfd-mgmt-pkt-display-type-none,0,0,48,38,obt-collector1,HundredGigE0/1/0/33,

2020-02-06 19:38:03.948000+00:00,dr03,wadjet-t-sg0,bfd-mgmt-pkt-display-type-none,0,0,26,21,obt-collector1,HundredGigE0/1/0/0,

2020-02-06 19:38:03.948000+00:00,dr03,wadjet-t-sg0,bfd-mgmt-pkt-display-type-none,0,0,47,36,obt-collector1,HundredGigE0/1/0/34,

2020-02-06 19:38:13.955000+00:00,dr03,wadjet-t-sg0,bfd-mgmt-pkt-display-type-none,0,0,122,100,obt-collector1,HundredGigE0/0/0/0,

2020-02-06 19:38:13.955000+00:00,dr03,wadjet-t-sg0,bfd-mgmt-pkt-display-type-none,0,0,25,18,obt-collector1,HundredGigE0/0/0/30,

2020-02-06 19:38:13.958000+00:00,dr03,wadjet-t-sg0,bfd-mgmt-pkt-display-type-none,0,0,47,36,obt-collector1,HundredGigE0/1/0/34,

2020-02-06 19:38:13.958000+00:00,dr03,wadjet-t-sg0,bfd-mgmt-pkt-display-type-none,0,0,26,21,obt-collector1,HundredGigE0/1/0/0,

2020-02-06 19:38:13.958000+00:00,dr03,wadjet-t-sg0,bfd-mgmt-pkt-display-type-none,0,0,26,21,obt-collector1,HundredGigE0/1/0/2,

2020-02-06 19:38:13.958000+00:00,dr03,wadjet-t-sg0,bfd-mgmt-pkt-display-type-none,0,0,27,22,obt-collector1,HundredGigE0/1/0/1,

2020-02-06 19:38:13.958000+00:00,dr03,wadjet-t-sg0,bfd-mgmt-pkt-display-type-none,0,0,48,38,obt-collector1,HundredGigE0/1/0/33,

2020-02-06 19:38:13.958000+00:00,dr03,wadjet-t-sg0,bfd-mgmt-pkt-display-type-none,0,0,27,22,obt-collector1,HundredGigE0/1/0/3,

2020-02-06 19:38:13.958000+00:00,dr03,wadjet-t-sg0,bfd-mgmt-pkt-display-type-none,0,0,49,38,obt-collector1,HundredGigE0/1/0/32,

2020-02-06 19:38:23.964000+00:00,dr03,wadjet-t-sg0,bfd-mgmt-pkt-display-type-none,0,0,25,18,obt-collector1,HundredGigE0/0/0/30,

2020-02-06 19:38:23.964000+00:00,dr03,wadjet-t-sg0,bfd-mgmt-pkt-display-type-none,0,0,122,100,obt-collector1,HundredGigE0/0/0/0,

2020-02-06 19:38:23.968000+00:00,dr03,wadjet-t-sg0,bfd-mgmt-pkt-display-type-none,0,0,49,38,obt-collector1,HundredGigE0/1/0/32,

2020-02-06 19:38:23.968000+00:00,dr03,wadjet-t-sg0,bfd-mgmt-pkt-display-type-none,0,0,27,22,obt-collector1,HundredGigE0/1/0/3,

2020-02-06 19:38:23.968000+00:00,dr03,wadjet-t-sg0,bfd-mgmt-pkt-display-type-none,0,0,26,21,obt-collector1,HundredGigE0/1/0/0,

2020-02-06 19:38:23.968000+00:00,dr03,wadjet-t-sg0,bfd-mgmt-pkt-display-type-none,0,0,47,36,obt-collector1,HundredGigE0/1/0/34,

2020-02-06 19:38:23.968000+00:00,dr03,wadjet-t-sg0,bfd-mgmt-pkt-display-type-none,0,0,48,38,obt-collector1,HundredGigE0/1/0/33,

2020-02-06 19:38:23.968000+00:00,dr03,wadjet-t-sg0,bfd-mgmt-pkt-display-type-none,0,0,26,21,obt-collector1,HundredGigE0/1/0/2,

2020-02-06 19:38:23.968000+00:00,dr03,wadjet-t-sg0,bfd-mgmt-pkt-display-type-none,0,0,27,22,obt-collector1,HundredGigE0/1/0/1,

2020-02-06 19:38:33.974000+00:00,dr03,wadjet-t-sg0,bfd-mgmt-pkt-display-type-none,0,0,122,100,obt-collector1,HundredGigE0/0/0/0,

2020-02-06 19:38:33.974000+00:00,dr03,wadjet-t-sg0,bfd-mgmt-pkt-display-type-none,0,0,25,18,obt-collector1,HundredGigE0/0/0/30,

2020-02-06 19:38:33.978000+00:00,dr03,wadjet-t-sg0,bfd-mgmt-pkt-display-type-none,0,0,27,22,obt-collector1,HundredGigE0/1/0/1,

2020-02-06 19:38:33.978000+00:00,dr03,wadjet-t-sg0,bfd-mgmt-pkt-display-type-none,0,0,26,21,obt-collector1,HundredGigE0/1/0/2,

2020-02-06 19:38:33.978000+00:00,dr03,wadjet-t-sg0,bfd-mgmt-pkt-display-type-none,0,0,27,22,obt-collector1,HundredGigE0/1/0/3,

2020-02-06 19:38:33.978000+00:00,dr03,wadjet-t-sg0,bfd-mgmt-pkt-display-type-none,0,0,49,38,obt-collector1,HundredGigE0/1/0/32,

2020-02-06 19:38:33.978000+00:00,dr03,wadjet-t-sg0,bfd-mgmt-pkt-display-type-none,0,0,48,38,obt-collector1,HundredGigE0/1/0/33,

2020-02-06 19:38:33.978000+00:00,dr03,wadjet-t-sg0,bfd-mgmt-pkt-display-type-none,0,0,26,21,obt-collector1,HundredGigE0/1/0/0,

2020-02-06 19:38:33.978000+00:00,dr03,wadjet-t-sg0,bfd-mgmt-pkt-display-type-none,0,0,47,36,obt-collector1,HundredGigE0/1/0/34,

2020-02-06 19:38:43.984000+00:00,dr03,wadjet-t-sg0,bfd-mgmt-pkt-display-type-none,0,0,25,18,obt-collector1,HundredGigE0/0/0/30,

2020-02-06 19:38:43.984000+00:00,dr03,wadjet-t-sg0,bfd-mgmt-pkt-display-type-none,0,0,122,100,obt-collector1,HundredGigE0/0/0/0,

2020-02-06 19:38:43.987000+00:00,dr03,wadjet-t-sg0,bfd-mgmt-pkt-display-type-none,0,0,47,36,obt-collector1,HundredGigE0/1/0/34,

2020-02-06 19:38:43.987000+00:00,dr03,wadjet-t-sg0,bfd-mgmt-pkt-display-type-none,0,0,26,21,obt-collector1,HundredGigE0/1/0/0,

2020-02-06 19:38:43.987000+00:00,dr03,wadjet-t-sg0,bfd-mgmt-pkt-display-type-none,0,0,26,21,obt-collector1,HundredGigE0/1/0/2,

2020-02-06 19:38:43.987000+00:00,dr03,wadjet-t-sg0,bfd-mgmt-pkt-display-type-none,0,0,27,22,obt-collector1,HundredGigE0/1/0/1,

2020-02-06 19:38:43.987000+00:00,dr03,wadjet-t-sg0,bfd-mgmt-pkt-display-type-none,0,0,48,38,obt-collector1,HundredGigE0/1/0/33,

2020-02-06 19:38:43.987000+00:00,dr03,wadjet-t-sg0,bfd-mgmt-pkt-display-type-none,0,0,27,22,obt-collector1,HundredGigE0/1/0/3,

2020-02-06 19:38:43.987000+00:00,dr03,wadjet-t-sg0,bfd-mgmt-pkt-display-type-none,0,0,49,38,obt-collector1,HundredGigE0/1/0/32,

2020-02-06 19:38:53.993000+00:00,dr03,wadjet-t-sg0,bfd-mgmt-pkt-display-type-none,0,0,122,100,obt-collector1,HundredGigE0/0/0/0,

2020-02-06 19:38:53.993000+00:00,dr03,wadjet-t-sg0,bfd-mgmt-pkt-display-type-none,0,0,25,18,obt-collector1,HundredGigE0/0/0/30,

2020-02-06 19:38:53.997000+00:00,dr03,wadjet-t-sg0,bfd-mgmt-pkt-display-type-none,0,0,49,38,obt-collector1,HundredGigE0/1/0/32,

2020-02-06 19:38:53.997000+00:00,dr03,wadjet-t-sg0,bfd-mgmt-pkt-display-type-none,0,0,27,22,obt-collector1,HundredGigE0/1/0/3,

2020-02-06 19:38:53.997000+00:00,dr03,wadjet-t-sg0,bfd-mgmt-pkt-display-type-none,0,0,26,21,obt-collector1,HundredGigE0/1/0/0,

2020-02-06 19:38:53.997000+00:00,dr03,wadjet-t-sg0,bfd-mgmt-pkt-display-type-none,0,0,47,36,obt-collector1,HundredGigE0/1/0/34,

2020-02-06 19:38:53.997000+00:00,dr03,wadjet-t-sg0,bfd-mgmt-pkt-display-type-none,0,0,48,38,obt-collector1,HundredGigE0/1/0/33,

2020-02-06 19:38:53.997000+00:00,dr03,wadjet-t-sg0,bfd-mgmt-pkt-display-type-none,0,0,26,21,obt-collector1,HundredGigE0/1/0/2,

2020-02-06 19:38:53.997000+00:00,dr03,wadjet-t-sg0,bfd-mgmt-pkt-display-type-none,0,0,27,22,obt-collector1,HundredGigE0/1/0/1,

2020-02-06 19:39:04.003000+00:00,dr03,wadjet-t-sg0,bfd-mgmt-pkt-display-type-none,0,0,25,18,obt-collector1,HundredGigE0/0/0/30,

2020-02-06 19:39:04.003000+00:00,dr03,wadjet-t-sg0,bfd-mgmt-pkt-display-type-none,0,0,122,100,obt-collector1,HundredGigE0/0/0/0,

2020-02-06 19:39:04.006000+00:00,dr03,wadjet-t-sg0,bfd-mgmt-pkt-display-type-none,0,0,27,22,obt-collector1,HundredGigE0/1/0/1,

2020-02-06 19:39:04.006000+00:00,dr03,wadjet-t-sg0,bfd-mgmt-pkt-display-type-none,0,0,26,21,obt-collector1,HundredGigE0/1/0/2,

2020-02-06 19:39:04.006000+00:00,dr03,wadjet-t-sg0,bfd-mgmt-pkt-display-type-none,0,0,27,22,obt-collector1,HundredGigE0/1/0/3,

2020-02-06 19:39:04.006000+00:00,dr03,wadjet-t-sg0,bfd-mgmt-pkt-display-type-none,0,0,49,38,obt-collector1,HundredGigE0/1/0/32,

2020-02-06 19:39:04.006000+00:00,dr03,wadjet-t-sg0,bfd-mgmt-pkt-display-type-none,0,0,48,38,obt-collector1,HundredGigE0/1/0/33,

2020-02-06 19:39:04.006000+00:00,dr03,wadjet-t-sg0,bfd-mgmt-pkt-display-type-none,0,0,26,21,obt-collector1,HundredGigE0/1/0/0,

2020-02-06 19:39:04.006000+00:00,dr03,wadjet-t-sg0,bfd-mgmt-pkt-display-type-none,0,0,47,36,obt-collector1,HundredGigE0/1/0/34,

2020-02-06 19:39:14.012000+00:00,dr03,wadjet-t-sg0,bfd-mgmt-pkt-display-type-none,0,0,122,100,obt-collector1,HundredGigE0/0/0/0,

2020-02-06 19:39:14.012000+00:00,dr03,wadjet-t-sg0,bfd-mgmt-pkt-display-type-none,0,0,25,18,obt-collector1,HundredGigE0/0/0/30,

2020-02-06 19:39:14.015000+00:00,dr03,wadjet-t-sg0,bfd-mgmt-pkt-display-type-none,0,0,26,21,obt-collector1,HundredGigE0/1/0/0,

2020-02-06 19:39:14.015000+00:00,dr03,wadjet-t-sg0,bfd-mgmt-pkt-display-type-none,0,0,26,21,obt-collector1,HundredGigE0/1/0/2,

2020-02-06 19:39:14.015000+00:00,dr03,wadjet-t-sg0,bfd-mgmt-pkt-display-type-none,0,0,27,22,obt-collector1,HundredGigE0/1/0/1,

2020-02-06 19:39:14.016000+00:00,dr03,wadjet-t-sg0,bfd-mgmt-pkt-display-type-none,0,0,47,36,obt-collector1,HundredGigE0/1/0/34,

2020-02-06 19:39:14.016000+00:00,dr03,wadjet-t-sg0,bfd-mgmt-pkt-display-type-none,0,0,48,38,obt-collector1,HundredGigE0/1/0/33,

2020-02-06 19:39:14.016000+00:00,dr03,wadjet-t-sg0,bfd-mgmt-pkt-display-type-none,0,0,27,22,obt-collector1,HundredGigE0/1/0/3,

2020-02-06 19:39:14.016000+00:00,dr03,wadjet-t-sg0,bfd-mgmt-pkt-display-type-none,0,0,49,38,obt-collector1,HundredGigE0/1/0/32,

2020-02-06 19:39:24.021000+00:00,dr03,wadjet-t-sg0,bfd-mgmt-pkt-display-type-none,0,0,122,100,obt-collector1,HundredGigE0/0/0/0,

2020-02-06 19:39:24.021000+00:00,dr03,wadjet-t-sg0,bfd-mgmt-pkt-display-type-none,0,0,25,18,obt-collector1,HundredGigE0/0/0/30,

2020-02-06 19:39:24.025000+00:00,dr03,wadjet-t-sg0,bfd-mgmt-pkt-display-type-none,0,0,49,38,obt-collector1,HundredGigE0/1/0/32,

2020-02-06 19:39:24.025000+00:00,dr03,wadjet-t-sg0,bfd-mgmt-pkt-display-type-none,0,0,26,21,obt-collector1,HundredGigE0/1/0/2,

2020-02-06 19:39:24.025000+00:00,dr03,wadjet-t-sg0,bfd-mgmt-pkt-display-type-none,0,0,26,21,obt-collector1,HundredGigE0/1/0/0,

2020-02-06 19:39:24.025000+00:00,dr03,wadjet-t-sg0,bfd-mgmt-pkt-display-type-none,0,0,27,22,obt-collector1,HundredGigE0/1/0/3,

2020-02-06 19:39:24.025000+00:00,dr03,wadjet-t-sg0,bfd-mgmt-pkt-display-type-none,0,0,48,38,obt-collector1,HundredGigE0/1/0/33,

2020-02-06 19:39:24.025000+00:00,dr03,wadjet-t-sg0,bfd-mgmt-pkt-display-type-none,0,0,27,22,obt-collector1,HundredGigE0/1/0/1,

2020-02-06 19:39:24.025000+00:00,dr03,wadjet-t-sg0,bfd-mgmt-pkt-display-type-none,0,0,47,36,obt-collector1,HundredGigE0/1/0/34,

2020-02-06 19:39:34.031000+00:00,dr03,wadjet-t-sg0,bfd-mgmt-pkt-display-type-none,0,0,25,18,obt-collector1,HundredGigE0/0/0/30,

2020-02-06 19:39:34.031000+00:00,dr03,wadjet-t-sg0,bfd-mgmt-pkt-display-type-none,0,0,122,100,obt-collector1,HundredGigE0/0/0/0,

2020-02-06 19:39:34.035000+00:00,dr03,wadjet-t-sg0,bfd-mgmt-pkt-display-type-none,0,0,47,36,obt-collector1,HundredGigE0/1/0/34,

2020-02-06 19:39:34.035000+00:00,dr03,wadjet-t-sg0,bfd-mgmt-pkt-display-type-none,0,0,27,22,obt-collector1,HundredGigE0/1/0/1,

2020-02-06 19:39:34.035000+00:00,dr03,wadjet-t-sg0,bfd-mgmt-pkt-display-type-none,0,0,26,21,obt-collector1,HundredGigE0/1/0/2,

2020-02-06 19:39:34.035000+00:00,dr03,wadjet-t-sg0,bfd-mgmt-pkt-display-type-none,0,0,49,38,obt-collector1,HundredGigE0/1/0/32,

2020-02-06 19:39:34.035000+00:00,dr03,wadjet-t-sg0,bfd-mgmt-pkt-display-type-none,0,0,48,38,obt-collector1,HundredGigE0/1/0/33,

2020-02-06 19:39:34.035000+00:00,dr03,wadjet-t-sg0,bfd-mgmt-pkt-display-type-none,0,0,26,21,obt-collector1,HundredGigE0/1/0/0,

2020-02-06 19:39:34.035000+00:00,dr03,wadjet-t-sg0,bfd-mgmt-pkt-display-type-none,0,0,27,22,obt-collector1,HundredGigE0/1/0/3,

2020-02-06 19:39:44.041000+00:00,dr03,wadjet-t-sg0,bfd-mgmt-pkt-display-type-none,0,0,122,100,obt-collector1,HundredGigE0/0/0/0,

2020-02-06 19:39:44.041000+00:00,dr03,wadjet-t-sg0,bfd-mgmt-pkt-display-type-none,0,0,25,18,obt-collector1,HundredGigE0/0/0/30,

2020-02-06 19:39:44.045000+00:00,dr03,wadjet-t-sg0,bfd-mgmt-pkt-display-type-none,0,0,27,22,obt-collector1,HundredGigE0/1/0/3,

2020-02-06 19:39:44.045000+00:00,dr03,wadjet-t-sg0,bfd-mgmt-pkt-display-type-none,0,0,26,21,obt-collector1,HundredGigE0/1/0/0,

2020-02-06 19:39:44.045000+00:00,dr03,wadjet-t-sg0,bfd-mgmt-pkt-display-type-none,0,0,27,22,obt-collector1,HundredGigE0/1/0/1,

2020-02-06 19:39:44.045000+00:00,dr03,wadjet-t-sg0,bfd-mgmt-pkt-display-type-none,0,0,47,36,obt-collector1,HundredGigE0/1/0/34,

2020-02-06 19:39:44.045000+00:00,dr03,wadjet-t-sg0,bfd-mgmt-pkt-display-type-none,0,0,48,38,obt-collector1,HundredGigE0/1/0/33,

2020-02-06 19:39:44.045000+00:00,dr03,wadjet-t-sg0,bfd-mgmt-pkt-display-type-none,0,0,26,21,obt-collector1,HundredGigE0/1/0/2,

2020-02-06 19:39:44.045000+00:00,dr03,wadjet-t-sg0,bfd-mgmt-pkt-display-type-none,0,0,49,38,obt-collector1,HundredGigE0/1/0/32,

2020-02-06 19:39:54.050000+00:00,dr03,wadjet-t-sg0,bfd-mgmt-pkt-display-type-none,0,0,25,18,obt-collector1,HundredGigE0/0/0/30,

2020-02-06 19:39:54.050000+00:00,dr03,wadjet-t-sg0,bfd-mgmt-pkt-display-type-none,0,0,122,100,obt-collector1,HundredGigE0/0/0/0,

2020-02-06 19:39:54.054000+00:00,dr03,wadjet-t-sg0,bfd-mgmt-pkt-display-type-none,0,0,49,38,obt-collector1,HundredGigE0/1/0/32,

2020-02-06 19:39:54.054000+00:00,dr03,wadjet-t-sg0,bfd-mgmt-pkt-display-type-none,0,0,26,21,obt-collector1,HundredGigE0/1/0/2,

2020-02-06 19:39:54.054000+00:00,dr03,wadjet-t-sg0,bfd-mgmt-pkt-display-type-none,0,0,26,21,obt-collector1,HundredGigE0/1/0/0,

2020-02-06 19:39:54.054000+00:00,dr03,wadjet-t-sg0,bfd-mgmt-pkt-display-type-none,0,0,27,22,obt-collector1,HundredGigE0/1/0/3,

2020-02-06 19:39:54.054000+00:00,dr03,wadjet-t-sg0,bfd-mgmt-pkt-display-type-none,0,0,48,38,obt-collector1,HundredGigE0/1/0/33,

2020-02-06 19:39:54.054000+00:00,dr03,wadjet-t-sg0,bfd-mgmt-pkt-display-type-none,0,0,27,22,obt-collector1,HundredGigE0/1/0/1,

2020-02-06 19:39:54.054000+00:00,dr03,wadjet-t-sg0,bfd-mgmt-pkt-display-type-none,0,0,47,36,obt-collector1,HundredGigE0/1/0/34,

2020-02-06 19:40:04.060000+00:00,dr03,wadjet-t-sg0,bfd-mgmt-pkt-display-type-none,0,0,122,100,obt-collector1,HundredGigE0/0/0/0,

2020-02-06 19:40:04.060000+00:00,dr03,wadjet-t-sg0,bfd-mgmt-pkt-display-type-none,0,0,25,18,obt-collector1,HundredGigE0/0/0/30,

2020-02-06 19:40:04.063000+00:00,dr03,wadjet-t-sg0,bfd-mgmt-pkt-display-type-none,0,0,47,36,obt-collector1,HundredGigE0/1/0/34,

2020-02-06 19:40:04.063000+00:00,dr03,wadjet-t-sg0,bfd-mgmt-pkt-display-type-none,0,0,27,22,obt-collector1,HundredGigE0/1/0/1,

2020-02-06 19:40:04.063000+00:00,dr03,wadjet-t-sg0,bfd-mgmt-pkt-display-type-none,0,0,26,21,obt-collector1,HundredGigE0/1/0/2,

2020-02-06 19:40:04.063000+00:00,dr03,wadjet-t-sg0,bfd-mgmt-pkt-display-type-none,0,0,49,38,obt-collector1,HundredGigE0/1/0/32,

2020-02-06 19:40:04.063000+00:00,dr03,wadjet-t-sg0,bfd-mgmt-pkt-display-type-none,0,0,48,38,obt-collector1,HundredGigE0/1/0/33,

2020-02-06 19:40:04.063000+00:00,dr03,wadjet-t-sg0,bfd-mgmt-pkt-display-type-none,0,0,26,21,obt-collector1,HundredGigE0/1/0/0,

2020-02-06 19:40:04.063000+00:00,dr03,wadjet-t-sg0,bfd-mgmt-pkt-display-type-none,0,0,27,22,obt-collector1,HundredGigE0/1/0/3,

2020-02-06 19:40:14.069000+00:00,dr03,wadjet-t-sg0,bfd-mgmt-pkt-display-type-none,0,0,25,18,obt-collector1,HundredGigE0/0/0/30,

2020-02-06 19:40:14.069000+00:00,dr03,wadjet-t-sg0,bfd-mgmt-pkt-display-type-none,0,0,122,100,obt-collector1,HundredGigE0/0/0/0,

2020-02-06 19:40:14.073000+00:00,dr03,wadjet-t-sg0,bfd-mgmt-pkt-display-type-none,0,0,27,22,obt-collector1,HundredGigE0/1/0/3,

2020-02-06 19:40:14.073000+00:00,dr03,wadjet-t-sg0,bfd-mgmt-pkt-display-type-none,0,0,26,21,obt-collector1,HundredGigE0/1/0/0,

2020-02-06 19:40:14.073000+00:00,dr03,wadjet-t-sg0,bfd-mgmt-pkt-display-type-none,0,0,27,22,obt-collector1,HundredGigE0/1/0/1,

2020-02-06 19:40:14.073000+00:00,dr03,wadjet-t-sg0,bfd-mgmt-pkt-display-type-none,0,0,47,36,obt-collector1,HundredGigE0/1/0/34,

2020-02-06 19:40:14.073000+00:00,dr03,wadjet-t-sg0,bfd-mgmt-pkt-display-type-none,0,0,48,38,obt-collector1,HundredGigE0/1/0/33,

2020-02-06 19:40:14.073000+00:00,dr03,wadjet-t-sg0,bfd-mgmt-pkt-display-type-none,0,0,26,21,obt-collector1,HundredGigE0/1/0/2,

2020-02-06 19:40:14.073000+00:00,dr03,wadjet-t-sg0,bfd-mgmt-pkt-display-type-none,0,0,49,38,obt-collector1,HundredGigE0/1/0/32,

2020-02-06 19:40:24.078000+00:00,dr03,wadjet-t-sg0,bfd-mgmt-pkt-display-type-none,0,0,122,100,obt-collector1,HundredGigE0/0/0/0,

2020-02-06 19:40:24.078000+00:00,dr03,wadjet-t-sg0,bfd-mgmt-pkt-display-type-none,0,0,25,18,obt-collector1,HundredGigE0/0/0/30,

2020-02-06 19:40:24.082000+00:00,dr03,wadjet-t-sg0,bfd-mgmt-pkt-display-type-none,0,0,49,38,obt-collector1,HundredGigE0/1/0/32,

2020-02-06 19:40:24.082000+00:00,dr03,wadjet-t-sg0,bfd-mgmt-pkt-display-type-none,0,0,26,21,obt-collector1,HundredGigE0/1/0/2,

2020-02-06 19:40:24.082000+00:00,dr03,wadjet-t-sg0,bfd-mgmt-pkt-display-type-none,0,0,26,21,obt-collector1,HundredGigE0/1/0/0,

2020-02-06 19:40:24.082000+00:00,dr03,wadjet-t-sg0,bfd-mgmt-pkt-display-type-none,0,0,27,22,obt-collector1,HundredGigE0/1/0/3,

2020-02-06 19:40:24.082000+00:00,dr03,wadjet-t-sg0,bfd-mgmt-pkt-display-type-none,0,0,48,38,obt-collector1,HundredGigE0/1/0/33,

2020-02-06 19:40:24.082000+00:00,dr03,wadjet-t-sg0,bfd-mgmt-pkt-display-type-none,0,0,27,22,obt-collector1,HundredGigE0/1/0/1,

2020-02-06 19:40:24.082000+00:00,dr03,wadjet-t-sg0,bfd-mgmt-pkt-display-type-none,0,0,47,36,obt-collector1,HundredGigE0/1/0/34,

2020-02-06 19:40:34.089000+00:00,dr03,wadjet-t-sg0,bfd-mgmt-pkt-display-type-none,0,0,25,18,obt-collector1,HundredGigE0/0/0/30,

2020-02-06 19:40:34.089000+00:00,dr03,wadjet-t-sg0,bfd-mgmt-pkt-display-type-none,0,0,122,100,obt-collector1,HundredGigE0/0/0/0,

2020-02-06 19:40:34.092000+00:00,dr03,wadjet-t-sg0,bfd-mgmt-pkt-display-type-none,0,0,47,36,obt-collector1,HundredGigE0/1/0/34,

2020-02-06 19:40:34.092000+00:00,dr03,wadjet-t-sg0,bfd-mgmt-pkt-display-type-none,0,0,27,22,obt-collector1,HundredGigE0/1/0/1,

2020-02-06 19:40:34.092000+00:00,dr03,wadjet-t-sg0,bfd-mgmt-pkt-display-type-none,0,0,26,21,obt-collector1,HundredGigE0/1/0/2,

2020-02-06 19:40:34.092000+00:00,dr03,wadjet-t-sg0,bfd-mgmt-pkt-display-type-none,0,0,49,38,obt-collector1,HundredGigE0/1/0/32,

2020-02-06 19:40:34.092000+00:00,dr03,wadjet-t-sg0,bfd-mgmt-pkt-display-type-none,0,0,48,38,obt-collector1,HundredGigE0/1/0/33,

2020-02-06 19:40:34.092000+00:00,dr03,wadjet-t-sg0,bfd-mgmt-pkt-display-type-none,0,0,26,21,obt-collector1,HundredGigE0/1/0/0,

2020-02-06 19:40:34.092000+00:00,dr03,wadjet-t-sg0,bfd-mgmt-pkt-display-type-none,0,0,27,22,obt-collector1,HundredGigE0/1/0/3,

2020-02-06 19:40:44.098000+00:00,dr03,wadjet-t-sg0,bfd-mgmt-pkt-display-type-none,0,0,122,100,obt-collector1,HundredGigE0/0/0/0,

2020-02-06 19:40:44.098000+00:00,dr03,wadjet-t-sg0,bfd-mgmt-pkt-display-type-none,0,0,25,18,obt-collector1,HundredGigE0/0/0/30,

2020-02-06 19:40:44.102000+00:00,dr03,wadjet-t-sg0,bfd-mgmt-pkt-display-type-none,0,0,27,22,obt-collector1,HundredGigE0/1/0/3,

2020-02-06 19:40:44.102000+00:00,dr03,wadjet-t-sg0,bfd-mgmt-pkt-display-type-none,0,0,26,21,obt-collector1,HundredGigE0/1/0/0,

2020-02-06 19:40:44.102000+00:00,dr03,wadjet-t-sg0,bfd-mgmt-pkt-display-type-none,0,0,27,22,obt-collector1,HundredGigE0/1/0/1,

2020-02-06 19:40:44.102000+00:00,dr03,wadjet-t-sg0,bfd-mgmt-pkt-display-type-none,0,0,47,36,obt-collector1,HundredGigE0/1/0/34,

2020-02-06 19:40:44.102000+00:00,dr03,wadjet-t-sg0,bfd-mgmt-pkt-display-type-none,0,0,48,38,obt-collector1,HundredGigE0/1/0/33,

2020-02-06 19:40:44.102000+00:00,dr03,wadjet-t-sg0,bfd-mgmt-pkt-display-type-none,0,0,26,21,obt-collector1,HundredGigE0/1/0/2,

2020-02-06 19:40:44.102000+00:00,dr03,wadjet-t-sg0,bfd-mgmt-pkt-display-type-none,0,0,49,38,obt-collector1,HundredGigE0/1/0/32,

2020-02-06 19:40:54.107000+00:00,dr03,wadjet-t-sg0,bfd-mgmt-pkt-display-type-none,0,0,25,18,obt-collector1,HundredGigE0/0/0/30,

2020-02-06 19:40:54.107000+00:00,dr03,wadjet-t-sg0,bfd-mgmt-pkt-display-type-none,0,0,122,100,obt-collector1,HundredGigE0/0/0/0,

2020-02-06 19:40:54.111000+00:00,dr03,wadjet-t-sg0,bfd-mgmt-pkt-display-type-none,0,0,49,38,obt-collector1,HundredGigE0/1/0/32,

2020-02-06 19:40:54.111000+00:00,dr03,wadjet-t-sg0,bfd-mgmt-pkt-display-type-none,0,0,26,21,obt-collector1,HundredGigE0/1/0/2,

2020-02-06 19:40:54.111000+00:00,dr03,wadjet-t-sg0,bfd-mgmt-pkt-display-type-none,0,0,26,21,obt-collector1,HundredGigE0/1/0/0,

2020-02-06 19:40:54.111000+00:00,dr03,wadjet-t-sg0,bfd-mgmt-pkt-display-type-none,0,0,27,22,obt-collector1,HundredGigE0/1/0/3,

2020-02-06 19:40:54.111000+00:00,dr03,wadjet-t-sg0,bfd-mgmt-pkt-display-type-none,0,0,48,38,obt-collector1,HundredGigE0/1/0/33,

2020-02-06 19:40:54.111000+00:00,dr03,wadjet-t-sg0,bfd-mgmt-pkt-display-type-none,0,0,27,22,obt-collector1,HundredGigE0/1/0/1,

2020-02-06 19:40:54.111000+00:00,dr03,wadjet-t-sg0,bfd-mgmt-pkt-display-type-none,0,0,47,36,obt-collector1,HundredGigE0/1/0/34,

2020-02-06 19:41:04.117000+00:00,dr03,wadjet-t-sg0,bfd-mgmt-pkt-display-type-none,0,0,122,100,obt-collector1,HundredGigE0/0/0/0,

2020-02-06 19:41:04.117000+00:00,dr03,wadjet-t-sg0,bfd-mgmt-pkt-display-type-none,0,0,25,18,obt-collector1,HundredGigE0/0/0/30,

2020-02-06 19:41:04.120000+00:00,dr03,wadjet-t-sg0,bfd-mgmt-pkt-display-type-none,0,0,47,36,obt-collector1,HundredGigE0/1/0/34,

2020-02-06 19:41:04.120000+00:00,dr03,wadjet-t-sg0,bfd-mgmt-pkt-display-type-none,0,0,27,22,obt-collector1,HundredGigE0/1/0/1,

2020-02-06 19:41:04.120000+00:00,dr03,wadjet-t-sg0,bfd-mgmt-pkt-display-type-none,0,0,26,21,obt-collector1,HundredGigE0/1/0/2,

2020-02-06 19:41:04.120000+00:00,dr03,wadjet-t-sg0,bfd-mgmt-pkt-display-type-none,0,0,49,38,obt-collector1,HundredGigE0/1/0/32,

2020-02-06 19:41:04.120000+00:00,dr03,wadjet-t-sg0,bfd-mgmt-pkt-display-type-none,0,0,48,38,obt-collector1,HundredGigE0/1/0/33,

2020-02-06 19:41:04.120000+00:00,dr03,wadjet-t-sg0,bfd-mgmt-pkt-display-type-none,0,0,26,21,obt-collector1,HundredGigE0/1/0/0,

2020-02-06 19:41:04.120000+00:00,dr03,wadjet-t-sg0,bfd-mgmt-pkt-display-type-none,0,0,27,22,obt-collector1,HundredGigE0/1/0/3,

2020-02-06 19:41:14.127000+00:00,dr03,wadjet-t-sg0,bfd-mgmt-pkt-display-type-none,0,0,25,18,obt-collector1,HundredGigE0/0/0/30,

2020-02-06 19:41:14.127000+00:00,dr03,wadjet-t-sg0,bfd-mgmt-pkt-display-type-none,0,0,122,100,obt-collector1,HundredGigE0/0/0/0,

2020-02-06 19:41:14.130000+00:00,dr03,wadjet-t-sg0,bfd-mgmt-pkt-display-type-none,0,0,27,22,obt-collector1,HundredGigE0/1/0/3,

2020-02-06 19:41:14.130000+00:00,dr03,wadjet-t-sg0,bfd-mgmt-pkt-display-type-none,0,0,26,21,obt-collector1,HundredGigE0/1/0/0,

2020-02-06 19:41:14.130000+00:00,dr03,wadjet-t-sg0,bfd-mgmt-pkt-display-type-none,0,0,27,22,obt-collector1,HundredGigE0/1/0/1,

2020-02-06 19:41:14.130000+00:00,dr03,wadjet-t-sg0,bfd-mgmt-pkt-display-type-none,0,0,47,36,obt-collector1,HundredGigE0/1/0/34,

2020-02-06 19:41:14.130000+00:00,dr03,wadjet-t-sg0,bfd-mgmt-pkt-display-type-none,0,0,48,38,obt-collector1,HundredGigE0/1/0/33,

2020-02-06 19:41:14.130000+00:00,dr03,wadjet-t-sg0,bfd-mgmt-pkt-display-type-none,0,0,26,21,obt-collector1,HundredGigE0/1/0/2,

2020-02-06 19:41:14.130000+00:00,dr03,wadjet-t-sg0,bfd-mgmt-pkt-display-type-none,0,0,49,38,obt-collector1,HundredGigE0/1/0/32,

2020-02-06 19:41:24.135000+00:00,dr03,wadjet-t-sg0,bfd-mgmt-pkt-display-type-none,0,0,122,100,obt-collector1,HundredGigE0/0/0/0,

2020-02-06 19:41:24.135000+00:00,dr03,wadjet-t-sg0,bfd-mgmt-pkt-display-type-none,0,0,25,18,obt-collector1,HundredGigE0/0/0/30,

2020-02-06 19:41:24.138000+00:00,dr03,wadjet-t-sg0,bfd-mgmt-pkt-display-type-none,0,0,49,38,obt-collector1,HundredGigE0/1/0/32,

2020-02-06 19:41:24.138000+00:00,dr03,wadjet-t-sg0,bfd-mgmt-pkt-display-type-none,0,0,26,21,obt-collector1,HundredGigE0/1/0/2,

2020-02-06 19:41:24.138000+00:00,dr03,wadjet-t-sg0,bfd-mgmt-pkt-display-type-none,0,0,26,21,obt-collector1,HundredGigE0/1/0/0,

2020-02-06 19:41:24.138000+00:00,dr03,wadjet-t-sg0,bfd-mgmt-pkt-display-type-none,0,0,27,22,obt-collector1,HundredGigE0/1/0/3,

2020-02-06 19:41:24.138000+00:00,dr03,wadjet-t-sg0,bfd-mgmt-pkt-display-type-none,0,0,48,38,obt-collector1,HundredGigE0/1/0/33,

2020-02-06 19:41:24.138000+00:00,dr03,wadjet-t-sg0,bfd-mgmt-pkt-display-type-none,0,0,27,22,obt-collector1,HundredGigE0/1/0/1,

2020-02-06 19:41:24.138000+00:00,dr03,wadjet-t-sg0,bfd-mgmt-pkt-display-type-none,0,0,47,36,obt-collector1,HundredGigE0/1/0/34,

2020-02-06 19:41:34.144000+00:00,dr03,wadjet-t-sg0,bfd-mgmt-pkt-display-type-none,0,0,25,18,obt-collector1,HundredGigE0/0/0/30,

2020-02-06 19:41:34.144000+00:00,dr03,wadjet-t-sg0,bfd-mgmt-pkt-display-type-none,0,0,122,100,obt-collector1,HundredGigE0/0/0/0,

2020-02-06 19:41:34.147000+00:00,dr03,wadjet-t-sg0,bfd-mgmt-pkt-display-type-none,0,0,47,36,obt-collector1,HundredGigE0/1/0/34,

2020-02-06 19:41:34.147000+00:00,dr03,wadjet-t-sg0,bfd-mgmt-pkt-display-type-none,0,0,27,22,obt-collector1,HundredGigE0/1/0/1,

2020-02-06 19:41:34.147000+00:00,dr03,wadjet-t-sg0,bfd-mgmt-pkt-display-type-none,0,0,26,21,obt-collector1,HundredGigE0/1/0/2,

2020-02-06 19:41:34.147000+00:00,dr03,wadjet-t-sg0,bfd-mgmt-pkt-display-type-none,0,0,49,38,obt-collector1,HundredGigE0/1/0/32,

2020-02-06 19:41:34.147000+00:00,dr03,wadjet-t-sg0,bfd-mgmt-pkt-display-type-none,0,0,48,38,obt-collector1,HundredGigE0/1/0/33,

2020-02-06 19:41:34.147000+00:00,dr03,wadjet-t-sg0,bfd-mgmt-pkt-display-type-none,0,0,26,21,obt-collector1,HundredGigE0/1/0/0,

2020-02-06 19:41:34.147000+00:00,dr03,wadjet-t-sg0,bfd-mgmt-pkt-display-type-none,0,0,27,22,obt-collector1,HundredGigE0/1/0/3,

2020-02-06 19:41:44.152000+00:00,dr03,wadjet-t-sg0,bfd-mgmt-pkt-display-type-none,0,0,122,100,obt-collector1,HundredGigE0/0/0/0,

2020-02-06 19:41:44.152000+00:00,dr03,wadjet-t-sg0,bfd-mgmt-pkt-display-type-none,0,0,25,18,obt-collector1,HundredGigE0/0/0/30,

2020-02-06 19:41:44.155000+00:00,dr03,wadjet-t-sg0,bfd-mgmt-pkt-display-type-none,0,0,27,22,obt-collector1,HundredGigE0/1/0/3,

2020-02-06 19:41:44.155000+00:00,dr03,wadjet-t-sg0,bfd-mgmt-pkt-display-type-none,0,0,26,21,obt-collector1,HundredGigE0/1/0/0,

2020-02-06 19:41:44.155000+00:00,dr03,wadjet-t-sg0,bfd-mgmt-pkt-display-type-none,0,0,27,22,obt-collector1,HundredGigE0/1/0/1,

2020-02-06 19:41:44.155000+00:00,dr03,wadjet-t-sg0,bfd-mgmt-pkt-display-type-none,0,0,47,36,obt-collector1,HundredGigE0/1/0/34,

2020-02-06 19:41:44.155000+00:00,dr03,wadjet-t-sg0,bfd-mgmt-pkt-display-type-none,0,0,48,38,obt-collector1,HundredGigE0/1/0/33,

2020-02-06 19:41:44.155000+00:00,dr03,wadjet-t-sg0,bfd-mgmt-pkt-display-type-none,0,0,26,21,obt-collector1,HundredGigE0/1/0/2,

2020-02-06 19:41:44.155000+00:00,dr03,wadjet-t-sg0,bfd-mgmt-pkt-display-type-none,0,0,49,38,obt-collector1,HundredGigE0/1/0/32,

2020-02-06 19:41:54.162000+00:00,dr03,wadjet-t-sg0,bfd-mgmt-pkt-display-type-none,0,0,122,100,obt-collector1,HundredGigE0/0/0/0,

2020-02-06 19:41:54.163000+00:00,dr03,wadjet-t-sg0,bfd-mgmt-pkt-display-type-none,0,0,25,18,obt-collector1,HundredGigE0/0/0/30,

2020-02-06 19:41:54.166000+00:00,dr03,wadjet-t-sg0,bfd-mgmt-pkt-display-type-none,0,0,49,38,obt-collector1,HundredGigE0/1/0/32,

2020-02-06 19:41:54.166000+00:00,dr03,wadjet-t-sg0,bfd-mgmt-pkt-display-type-none,0,0,26,21,obt-collector1,HundredGigE0/1/0/2,

2020-02-06 19:41:54.166000+00:00,dr03,wadjet-t-sg0,bfd-mgmt-pkt-display-type-none,0,0,26,21,obt-collector1,HundredGigE0/1/0/0,

2020-02-06 19:41:54.166000+00:00,dr03,wadjet-t-sg0,bfd-mgmt-pkt-display-type-none,0,0,27,22,obt-collector1,HundredGigE0/1/0/3,

2020-02-06 19:41:54.166000+00:00,dr03,wadjet-t-sg0,bfd-mgmt-pkt-display-type-none,0,0,48,38,obt-collector1,HundredGigE0/1/0/33,

2020-02-06 19:41:54.166000+00:00,dr03,wadjet-t-sg0,bfd-mgmt-pkt-display-type-none,0,0,27,22,obt-collector1,HundredGigE0/1/0/1,

2020-02-06 19:41:54.166000+00:00,dr03,wadjet-t-sg0,bfd-mgmt-pkt-display-type-none,0,0,47,36,obt-collector1,HundredGigE0/1/0/34,

2020-02-06 19:42:04.171000+00:00,dr03,wadjet-t-sg0,bfd-mgmt-pkt-display-type-none,0,0,25,18,obt-collector1,HundredGigE0/0/0/30,

2020-02-06 19:42:04.171000+00:00,dr03,wadjet-t-sg0,bfd-mgmt-pkt-display-type-none,0,0,122,100,obt-collector1,HundredGigE0/0/0/0,

2020-02-06 19:42:04.174000+00:00,dr03,wadjet-t-sg0,bfd-mgmt-pkt-display-type-none,0,0,27,22,obt-collector1,HundredGigE0/1/0/1,

2020-02-06 19:42:04.174000+00:00,dr03,wadjet-t-sg0,bfd-mgmt-pkt-display-type-none,0,0,26,21,obt-collector1,HundredGigE0/1/0/0,

2020-02-06 19:42:04.175000+00:00,dr03,wadjet-t-sg0,bfd-mgmt-pkt-display-type-none,0,0,47,36,obt-collector1,HundredGigE0/1/0/34,

2020-02-06 19:42:04.175000+00:00,dr03,wadjet-t-sg0,bfd-mgmt-pkt-display-type-none,0,0,26,21,obt-collector1,HundredGigE0/1/0/2,

2020-02-06 19:42:04.175000+00:00,dr03,wadjet-t-sg0,bfd-mgmt-pkt-display-type-none,0,0,49,38,obt-collector1,HundredGigE0/1/0/32,

2020-02-06 19:42:04.175000+00:00,dr03,wadjet-t-sg0,bfd-mgmt-pkt-display-type-none,0,0,48,38,obt-collector1,HundredGigE0/1/0/33,

2020-02-06 19:42:04.175000+00:00,dr03,wadjet-t-sg0,bfd-mgmt-pkt-display-type-none,0,0,27,22,obt-collector1,HundredGigE0/1/0/3,

2020-02-06 19:42:14.181000+00:00,dr03,wadjet-t-sg0,bfd-mgmt-pkt-display-type-none,0,0,25,18,obt-collector1,HundredGigE0/0/0/30,

2020-02-06 19:42:14.181000+00:00,dr03,wadjet-t-sg0,bfd-mgmt-pkt-display-type-none,0,0,122,100,obt-collector1,HundredGigE0/0/0/0,

2020-02-06 19:42:14.184000+00:00,dr03,wadjet-t-sg0,bfd-mgmt-pkt-display-type-none,0,0,48,38,obt-collector1,HundredGigE0/1/0/33,

2020-02-06 19:42:14.184000+00:00,dr03,wadjet-t-sg0,bfd-mgmt-pkt-display-type-none,0,0,47,36,obt-collector1,HundredGigE0/1/0/34,

2020-02-06 19:42:14.184000+00:00,dr03,wadjet-t-sg0,bfd-mgmt-pkt-display-type-none,0,0,27,22,obt-collector1,HundredGigE0/1/0/1,

2020-02-06 19:42:14.184000+00:00,dr03,wadjet-t-sg0,bfd-mgmt-pkt-display-type-none,0,0,26,21,obt-collector1,HundredGigE0/1/0/0,

2020-02-06 19:42:14.184000+00:00,dr03,wadjet-t-sg0,bfd-mgmt-pkt-display-type-none,0,0,27,22,obt-collector1,HundredGigE0/1/0/3,

2020-02-06 19:42:14.184000+00:00,dr03,wadjet-t-sg0,bfd-mgmt-pkt-display-type-none,0,0,49,38,obt-collector1,HundredGigE0/1/0/32,

2020-02-06 19:42:14.184000+00:00,dr03,wadjet-t-sg0,bfd-mgmt-pkt-display-type-none,0,0,26,21,obt-collector1,HundredGigE0/1/0/2,

2020-02-06 19:42:24.189000+00:00,dr03,wadjet-t-sg0,bfd-mgmt-pkt-display-type-none,0,0,122,100,obt-collector1,HundredGigE0/0/0/0,

2020-02-06 19:42:24.189000+00:00,dr03,wadjet-t-sg0,bfd-mgmt-pkt-display-type-none,0,0,25,18,obt-collector1,HundredGigE0/0/0/30,

2020-02-06 19:42:24.193000+00:00,dr03,wadjet-t-sg0,bfd-mgmt-pkt-display-type-none,0,0,26,21,obt-collector1,HundredGigE0/1/0/2,

2020-02-06 19:42:24.193000+00:00,dr03,wadjet-t-sg0,bfd-mgmt-pkt-display-type-none,0,0,49,38,obt-collector1,HundredGigE0/1/0/32,

2020-02-06 19:42:24.193000+00:00,dr03,wadjet-t-sg0,bfd-mgmt-pkt-display-type-none,0,0,47,36,obt-collector1,HundredGigE0/1/0/34,

2020-02-06 19:42:24.193000+00:00,dr03,wadjet-t-sg0,bfd-mgmt-pkt-display-type-none,0,0,48,38,obt-collector1,HundredGigE0/1/0/33,

2020-02-06 19:42:24.193000+00:00,dr03,wadjet-t-sg0,bfd-mgmt-pkt-display-type-none,0,0,27,22,obt-collector1,HundredGigE0/1/0/3,

2020-02-06 19:42:24.193000+00:00,dr03,wadjet-t-sg0,bfd-mgmt-pkt-display-type-none,0,0,27,22,obt-collector1,HundredGigE0/1/0/1,

2020-02-06 19:42:24.193000+00:00,dr03,wadjet-t-sg0,bfd-mgmt-pkt-display-type-none,0,0,26,21,obt-collector1,HundredGigE0/1/0/0,

2020-02-06 19:42:34.199000+00:00,dr03,wadjet-t-sg0,bfd-mgmt-pkt-display-type-none,0,0,25,18,obt-collector1,HundredGigE0/0/0/30,

2020-02-06 19:42:34.199000+00:00,dr03,wadjet-t-sg0,bfd-mgmt-pkt-display-type-none,0,0,122,100,obt-collector1,HundredGigE0/0/0/0,

2020-02-06 19:42:34.203000+00:00,dr03,wadjet-t-sg0,bfd-mgmt-pkt-display-type-none,0,0,26,21,obt-collector1,HundredGigE0/1/0/0,

2020-02-06 19:42:34.203000+00:00,dr03,wadjet-t-sg0,bfd-mgmt-pkt-display-type-none,0,0,27,22,obt-collector1,HundredGigE0/1/0/1,

2020-02-06 19:42:34.203000+00:00,dr03,wadjet-t-sg0,bfd-mgmt-pkt-display-type-none,0,0,49,38,obt-collector1,HundredGigE0/1/0/32,

2020-02-06 19:42:34.203000+00:00,dr03,wadjet-t-sg0,bfd-mgmt-pkt-display-type-none,0,0,26,21,obt-collector1,HundredGigE0/1/0/2,

2020-02-06 19:42:34.203000+00:00,dr03,wadjet-t-sg0,bfd-mgmt-pkt-display-type-none,0,0,27,22,obt-collector1,HundredGigE0/1/0/3,

2020-02-06 19:42:34.203000+00:00,dr03,wadjet-t-sg0,bfd-mgmt-pkt-display-type-none,0,0,47,36,obt-collector1,HundredGigE0/1/0/34,

2020-02-06 19:42:34.203000+00:00,dr03,wadjet-t-sg0,bfd-mgmt-pkt-display-type-none,0,0,48,38,obt-collector1,HundredGigE0/1/0/33,

2020-02-06 19:42:44.209000+00:00,dr03,wadjet-t-sg0,bfd-mgmt-pkt-display-type-none,0,0,122,100,obt-collector1,HundredGigE0/0/0/0,

2020-02-06 19:42:44.209000+00:00,dr03,wadjet-t-sg0,bfd-mgmt-pkt-display-type-none,0,0,25,18,obt-collector1,HundredGigE0/0/0/30,

2020-02-06 19:42:44.212000+00:00,dr03,wadjet-t-sg0,bfd-mgmt-pkt-display-type-none,0,0,48,38,obt-collector1,HundredGigE0/1/0/33,

2020-02-06 19:42:44.212000+00:00,dr03,wadjet-t-sg0,bfd-mgmt-pkt-display-type-none,0,0,47,36,obt-collector1,HundredGigE0/1/0/34,

2020-02-06 19:42:44.212000+00:00,dr03,wadjet-t-sg0,bfd-mgmt-pkt-display-type-none,0,0,27,22,obt-collector1,HundredGigE0/1/0/1,

2020-02-06 19:42:44.212000+00:00,dr03,wadjet-t-sg0,bfd-mgmt-pkt-display-type-none,0,0,26,21,obt-collector1,HundredGigE0/1/0/0,

2020-02-06 19:42:44.212000+00:00,dr03,wadjet-t-sg0,bfd-mgmt-pkt-display-type-none,0,0,27,22,obt-collector1,HundredGigE0/1/0/3,

2020-02-06 19:42:44.212000+00:00,dr03,wadjet-t-sg0,bfd-mgmt-pkt-display-type-none,0,0,49,38,obt-collector1,HundredGigE0/1/0/32,

2020-02-06 19:42:44.212000+00:00,dr03,wadjet-t-sg0,bfd-mgmt-pkt-display-type-none,0,0,26,21,obt-collector1,HundredGigE0/1/0/2,

2020-02-06 19:42:54.218000+00:00,dr03,wadjet-t-sg0,bfd-mgmt-pkt-display-type-none,0,0,25,18,obt-collector1,HundredGigE0/0/0/30,

2020-02-06 19:42:54.218000+00:00,dr03,wadjet-t-sg0,bfd-mgmt-pkt-display-type-none,0,0,122,100,obt-collector1,HundredGigE0/0/0/0,

2020-02-06 19:42:54.222000+00:00,dr03,wadjet-t-sg0,bfd-mgmt-pkt-display-type-none,0,0,26,21,obt-collector1,HundredGigE0/1/0/2,

2020-02-06 19:42:54.222000+00:00,dr03,wadjet-t-sg0,bfd-mgmt-pkt-display-type-none,0,0,49,38,obt-collector1,HundredGigE0/1/0/32,

2020-02-06 19:42:54.222000+00:00,dr03,wadjet-t-sg0,bfd-mgmt-pkt-display-type-none,0,0,47,36,obt-collector1,HundredGigE0/1/0/34,

2020-02-06 19:42:54.222000+00:00,dr03,wadjet-t-sg0,bfd-mgmt-pkt-display-type-none,0,0,48,38,obt-collector1,HundredGigE0/1/0/33,

2020-02-06 19:42:54.222000+00:00,dr03,wadjet-t-sg0,bfd-mgmt-pkt-display-type-none,0,0,27,22,obt-collector1,HundredGigE0/1/0/3,

2020-02-06 19:42:54.222000+00:00,dr03,wadjet-t-sg0,bfd-mgmt-pkt-display-type-none,0,0,27,22,obt-collector1,HundredGigE0/1/0/1,

2020-02-06 19:42:54.222000+00:00,dr03,wadjet-t-sg0,bfd-mgmt-pkt-display-type-none,0,0,26,21,obt-collector1,HundredGigE0/1/0/0,

2020-02-06 19:43:04.228000+00:00,dr03,wadjet-t-sg0,bfd-mgmt-pkt-display-type-none,0,0,122,100,obt-collector1,HundredGigE0/0/0/0,

2020-02-06 19:43:04.228000+00:00,dr03,wadjet-t-sg0,bfd-mgmt-pkt-display-type-none,0,0,25,18,obt-collector1,HundredGigE0/0/0/30,

2020-02-06 19:43:04.232000+00:00,dr03,wadjet-t-sg0,bfd-mgmt-pkt-display-type-none,0,0,26,21,obt-collector1,HundredGigE0/1/0/0,

2020-02-06 19:43:04.232000+00:00,dr03,wadjet-t-sg0,bfd-mgmt-pkt-display-type-none,0,0,27,22,obt-collector1,HundredGigE0/1/0/1,

2020-02-06 19:43:04.232000+00:00,dr03,wadjet-t-sg0,bfd-mgmt-pkt-display-type-none,0,0,49,38,obt-collector1,HundredGigE0/1/0/32,

2020-02-06 19:43:04.232000+00:00,dr03,wadjet-t-sg0,bfd-mgmt-pkt-display-type-none,0,0,26,21,obt-collector1,HundredGigE0/1/0/2,

2020-02-06 19:43:04.232000+00:00,dr03,wadjet-t-sg0,bfd-mgmt-pkt-display-type-none,0,0,27,22,obt-collector1,HundredGigE0/1/0/3,

2020-02-06 19:43:04.232000+00:00,dr03,wadjet-t-sg0,bfd-mgmt-pkt-display-type-none,0,0,47,36,obt-collector1,HundredGigE0/1/0/34,

2020-02-06 19:43:04.232000+00:00,dr03,wadjet-t-sg0,bfd-mgmt-pkt-display-type-none,0,0,48,38,obt-collector1,HundredGigE0/1/0/33,

2020-02-06 19:43:14.237000+00:00,dr03,wadjet-t-sg0,bfd-mgmt-pkt-display-type-none,0,0,25,18,obt-collector1,HundredGigE0/0/0/30,

2020-02-06 19:43:14.237000+00:00,dr03,wadjet-t-sg0,bfd-mgmt-pkt-display-type-none,0,0,122,100,obt-collector1,HundredGigE0/0/0/0,

2020-02-06 19:43:14.241000+00:00,dr03,wadjet-t-sg0,bfd-mgmt-pkt-display-type-none,0,0,48,38,obt-collector1,HundredGigE0/1/0/33,

2020-02-06 19:43:14.241000+00:00,dr03,wadjet-t-sg0,bfd-mgmt-pkt-display-type-none,0,0,47,36,obt-collector1,HundredGigE0/1/0/34,

2020-02-06 19:43:14.241000+00:00,dr03,wadjet-t-sg0,bfd-mgmt-pkt-display-type-none,0,0,27,22,obt-collector1,HundredGigE0/1/0/1,

2020-02-06 19:43:14.241000+00:00,dr03,wadjet-t-sg0,bfd-mgmt-pkt-display-type-none,0,0,26,21,obt-collector1,HundredGigE0/1/0/0,

2020-02-06 19:43:14.241000+00:00,dr03,wadjet-t-sg0,bfd-mgmt-pkt-display-type-none,0,0,27,22,obt-collector1,HundredGigE0/1/0/3,

2020-02-06 19:43:14.241000+00:00,dr03,wadjet-t-sg0,bfd-mgmt-pkt-display-type-none,0,0,49,38,obt-collector1,HundredGigE0/1/0/32,

2020-02-06 19:43:14.241000+00:00,dr03,wadjet-t-sg0,bfd-mgmt-pkt-display-type-none,0,0,26,21,obt-collector1,HundredGigE0/1/0/2,

2020-02-06 19:43:24.247000+00:00,dr03,wadjet-t-sg0,bfd-mgmt-pkt-display-type-none,0,0,122,100,obt-collector1,HundredGigE0/0/0/0,

2020-02-06 19:43:24.247000+00:00,dr03,wadjet-t-sg0,bfd-mgmt-pkt-display-type-none,0,0,25,18,obt-collector1,HundredGigE0/0/0/30,

2020-02-06 19:43:24.250000+00:00,dr03,wadjet-t-sg0,bfd-mgmt-pkt-display-type-none,0,0,26,21,obt-collector1,HundredGigE0/1/0/2,

2020-02-06 19:43:24.250000+00:00,dr03,wadjet-t-sg0,bfd-mgmt-pkt-display-type-none,0,0,49,38,obt-collector1,HundredGigE0/1/0/32,

2020-02-06 19:43:24.250000+00:00,dr03,wadjet-t-sg0,bfd-mgmt-pkt-display-type-none,0,0,47,36,obt-collector1,HundredGigE0/1/0/34,

2020-02-06 19:43:24.250000+00:00,dr03,wadjet-t-sg0,bfd-mgmt-pkt-display-type-none,0,0,48,38,obt-collector1,HundredGigE0/1/0/33,

2020-02-06 19:43:24.250000+00:00,dr03,wadjet-t-sg0,bfd-mgmt-pkt-display-type-none,0,0,27,22,obt-collector1,HundredGigE0/1/0/3,

2020-02-06 19:43:24.250000+00:00,dr03,wadjet-t-sg0,bfd-mgmt-pkt-display-type-none,0,0,27,22,obt-collector1,HundredGigE0/1/0/1,

2020-02-06 19:43:24.250000+00:00,dr03,wadjet-t-sg0,bfd-mgmt-pkt-display-type-none,0,0,26,21,obt-collector1,HundredGigE0/1/0/0,

2020-02-06 19:43:34.257000+00:00,dr03,wadjet-t-sg0,bfd-mgmt-pkt-display-type-none,0,0,25,18,obt-collector1,HundredGigE0/0/0/30,

2020-02-06 19:43:34.257000+00:00,dr03,wadjet-t-sg0,bfd-mgmt-pkt-display-type-none,0,0,122,100,obt-collector1,HundredGigE0/0/0/0,

2020-02-06 19:43:34.260000+00:00,dr03,wadjet-t-sg0,bfd-mgmt-pkt-display-type-none,0,0,26,21,obt-collector1,HundredGigE0/1/0/0,

2020-02-06 19:43:34.260000+00:00,dr03,wadjet-t-sg0,bfd-mgmt-pkt-display-type-none,0,0,27,22,obt-collector1,HundredGigE0/1/0/1,

2020-02-06 19:43:34.260000+00:00,dr03,wadjet-t-sg0,bfd-mgmt-pkt-display-type-none,0,0,49,38,obt-collector1,HundredGigE0/1/0/32,

2020-02-06 19:43:34.260000+00:00,dr03,wadjet-t-sg0,bfd-mgmt-pkt-display-type-none,0,0,26,21,obt-collector1,HundredGigE0/1/0/2,

2020-02-06 19:43:34.260000+00:00,dr03,wadjet-t-sg0,bfd-mgmt-pkt-display-type-none,0,0,27,22,obt-collector1,HundredGigE0/1/0/3,

2020-02-06 19:43:34.260000+00:00,dr03,wadjet-t-sg0,bfd-mgmt-pkt-display-type-none,0,0,47,36,obt-collector1,HundredGigE0/1/0/34,

2020-02-06 19:43:34.260000+00:00,dr03,wadjet-t-sg0,bfd-mgmt-pkt-display-type-none,0,0,48,38,obt-collector1,HundredGigE0/1/0/33,

2020-02-06 19:43:44.267000+00:00,dr03,wadjet-t-sg0,bfd-mgmt-pkt-display-type-none,0,0,122,100,obt-collector1,HundredGigE0/0/0/0,

2020-02-06 19:43:44.267000+00:00,dr03,wadjet-t-sg0,bfd-mgmt-pkt-display-type-none,0,0,25,18,obt-collector1,HundredGigE0/0/0/30,

2020-02-06 19:43:44.271000+00:00,dr03,wadjet-t-sg0,bfd-mgmt-pkt-display-type-none,0,0,48,38,obt-collector1,HundredGigE0/1/0/33,

2020-02-06 19:43:44.271000+00:00,dr03,wadjet-t-sg0,bfd-mgmt-pkt-display-type-none,0,0,47,36,obt-collector1,HundredGigE0/1/0/34,

2020-02-06 19:43:44.271000+00:00,dr03,wadjet-t-sg0,bfd-mgmt-pkt-display-type-none,0,0,27,22,obt-collector1,HundredGigE0/1/0/1,

2020-02-06 19:43:44.271000+00:00,dr03,wadjet-t-sg0,bfd-mgmt-pkt-display-type-none,0,0,26,21,obt-collector1,HundredGigE0/1/0/0,

2020-02-06 19:43:44.271000+00:00,dr03,wadjet-t-sg0,bfd-mgmt-pkt-display-type-none,0,0,27,22,obt-collector1,HundredGigE0/1/0/3,

2020-02-06 19:43:44.271000+00:00,dr03,wadjet-t-sg0,bfd-mgmt-pkt-display-type-none,0,0,49,38,obt-collector1,HundredGigE0/1/0/32,

2020-02-06 19:43:44.271000+00:00,dr03,wadjet-t-sg0,bfd-mgmt-pkt-display-type-none,0,0,26,21,obt-collector1,HundredGigE0/1/0/2,

2020-02-06 19:43:54.277000+00:00,dr03,wadjet-t-sg0,bfd-mgmt-pkt-display-type-none,0,0,25,18,obt-collector1,HundredGigE0/0/0/30,

2020-02-06 19:43:54.277000+00:00,dr03,wadjet-t-sg0,bfd-mgmt-pkt-display-type-none,0,0,122,100,obt-collector1,HundredGigE0/0/0/0,

2020-02-06 19:43:54.280000+00:00,dr03,wadjet-t-sg0,bfd-mgmt-pkt-display-type-none,0,0,26,21,obt-collector1,HundredGigE0/1/0/2,

2020-02-06 19:43:54.280000+00:00,dr03,wadjet-t-sg0,bfd-mgmt-pkt-display-type-none,0,0,49,38,obt-collector1,HundredGigE0/1/0/32,

2020-02-06 19:43:54.280000+00:00,dr03,wadjet-t-sg0,bfd-mgmt-pkt-display-type-none,0,0,47,36,obt-collector1,HundredGigE0/1/0/34,

2020-02-06 19:43:54.280000+00:00,dr03,wadjet-t-sg0,bfd-mgmt-pkt-display-type-none,0,0,48,38,obt-collector1,HundredGigE0/1/0/33,

2020-02-06 19:43:54.280000+00:00,dr03,wadjet-t-sg0,bfd-mgmt-pkt-display-type-none,0,0,27,22,obt-collector1,HundredGigE0/1/0/3,

2020-02-06 19:43:54.280000+00:00,dr03,wadjet-t-sg0,bfd-mgmt-pkt-display-type-none,0,0,27,22,obt-collector1,HundredGigE0/1/0/1,

2020-02-06 19:43:54.280000+00:00,dr03,wadjet-t-sg0,bfd-mgmt-pkt-display-type-none,0,0,26,21,obt-collector1,HundredGigE0/1/0/0,

2020-02-06 19:44:04.287000+00:00,dr03,wadjet-t-sg0,bfd-mgmt-pkt-display-type-none,0,0,122,100,obt-collector1,HundredGigE0/0/0/0,

2020-02-06 19:44:04.287000+00:00,dr03,wadjet-t-sg0,bfd-mgmt-pkt-display-type-none,0,0,25,18,obt-collector1,HundredGigE0/0/0/30,

2020-02-06 19:44:04.291000+00:00,dr03,wadjet-t-sg0,bfd-mgmt-pkt-display-type-none,0,0,26,21,obt-collector1,HundredGigE0/1/0/0,

2020-02-06 19:44:04.291000+00:00,dr03,wadjet-t-sg0,bfd-mgmt-pkt-display-type-none,0,0,27,22,obt-collector1,HundredGigE0/1/0/1,

2020-02-06 19:44:04.291000+00:00,dr03,wadjet-t-sg0,bfd-mgmt-pkt-display-type-none,0,0,49,38,obt-collector1,HundredGigE0/1/0/32,

2020-02-06 19:44:04.291000+00:00,dr03,wadjet-t-sg0,bfd-mgmt-pkt-display-type-none,0,0,26,21,obt-collector1,HundredGigE0/1/0/2,

2020-02-06 19:44:04.291000+00:00,dr03,wadjet-t-sg0,bfd-mgmt-pkt-display-type-none,0,0,27,22,obt-collector1,HundredGigE0/1/0/3,

2020-02-06 19:44:04.291000+00:00,dr03,wadjet-t-sg0,bfd-mgmt-pkt-display-type-none,0,0,47,36,obt-collector1,HundredGigE0/1/0/34,

2020-02-06 19:44:04.291000+00:00,dr03,wadjet-t-sg0,bfd-mgmt-pkt-display-type-none,0,0,48,38,obt-collector1,HundredGigE0/1/0/33,

2020-02-06 19:44:14.296000+00:00,dr03,wadjet-t-sg0,bfd-mgmt-pkt-display-type-none,0,0,25,18,obt-collector1,HundredGigE0/0/0/30,

2020-02-06 19:44:14.296000+00:00,dr03,wadjet-t-sg0,bfd-mgmt-pkt-display-type-none,0,0,122,100,obt-collector1,HundredGigE0/0/0/0,

2020-02-06 19:44:14.300000+00:00,dr03,wadjet-t-sg0,bfd-mgmt-pkt-display-type-none,0,0,48,38,obt-collector1,HundredGigE0/1/0/33,

2020-02-06 19:44:14.300000+00:00,dr03,wadjet-t-sg0,bfd-mgmt-pkt-display-type-none,0,0,47,36,obt-collector1,HundredGigE0/1/0/34,

2020-02-06 19:44:14.300000+00:00,dr03,wadjet-t-sg0,bfd-mgmt-pkt-display-type-none,0,0,27,22,obt-collector1,HundredGigE0/1/0/1,

2020-02-06 19:44:14.300000+00:00,dr03,wadjet-t-sg0,bfd-mgmt-pkt-display-type-none,0,0,26,21,obt-collector1,HundredGigE0/1/0/0,

2020-02-06 19:44:14.300000+00:00,dr03,wadjet-t-sg0,bfd-mgmt-pkt-display-type-none,0,0,27,22,obt-collector1,HundredGigE0/1/0/3,

2020-02-06 19:44:14.300000+00:00,dr03,wadjet-t-sg0,bfd-mgmt-pkt-display-type-none,0,0,49,38,obt-collector1,HundredGigE0/1/0/32,

2020-02-06 19:44:14.300000+00:00,dr03,wadjet-t-sg0,bfd-mgmt-pkt-display-type-none,0,0,26,21,obt-collector1,HundredGigE0/1/0/2,

2020-02-06 19:44:24.306000+00:00,dr03,wadjet-t-sg0,bfd-mgmt-pkt-display-type-none,0,0,122,100,obt-collector1,HundredGigE0/0/0/0,

2020-02-06 19:44:24.306000+00:00,dr03,wadjet-t-sg0,bfd-mgmt-pkt-display-type-none,0,0,25,18,obt-collector1,HundredGigE0/0/0/30,

2020-02-06 19:44:24.309000+00:00,dr03,wadjet-t-sg0,bfd-mgmt-pkt-display-type-none,0,0,26,21,obt-collector1,HundredGigE0/1/0/2,

2020-02-06 19:44:24.309000+00:00,dr03,wadjet-t-sg0,bfd-mgmt-pkt-display-type-none,0,0,49,38,obt-collector1,HundredGigE0/1/0/32,

2020-02-06 19:44:24.309000+00:00,dr03,wadjet-t-sg0,bfd-mgmt-pkt-display-type-none,0,0,47,36,obt-collector1,HundredGigE0/1/0/34,

2020-02-06 19:44:24.309000+00:00,dr03,wadjet-t-sg0,bfd-mgmt-pkt-display-type-none,0,0,48,38,obt-collector1,HundredGigE0/1/0/33,

2020-02-06 19:44:24.309000+00:00,dr03,wadjet-t-sg0,bfd-mgmt-pkt-display-type-none,0,0,27,22,obt-collector1,HundredGigE0/1/0/3,

2020-02-06 19:44:24.309000+00:00,dr03,wadjet-t-sg0,bfd-mgmt-pkt-display-type-none,0,0,27,22,obt-collector1,HundredGigE0/1/0/1,

2020-02-06 19:44:24.309000+00:00,dr03,wadjet-t-sg0,bfd-mgmt-pkt-display-type-none,0,0,26,21,obt-collector1,HundredGigE0/1/0/0,

2020-02-06 19:44:34.316000+00:00,dr03,wadjet-t-sg0,bfd-mgmt-pkt-display-type-none,0,0,25,18,obt-collector1,HundredGigE0/0/0/30,

2020-02-06 19:44:34.316000+00:00,dr03,wadjet-t-sg0,bfd-mgmt-pkt-display-type-none,0,0,122,100,obt-collector1,HundredGigE0/0/0/0,

2020-02-06 19:44:34.319000+00:00,dr03,wadjet-t-sg0,bfd-mgmt-pkt-display-type-none,0,0,26,21,obt-collector1,HundredGigE0/1/0/0,

2020-02-06 19:44:34.319000+00:00,dr03,wadjet-t-sg0,bfd-mgmt-pkt-display-type-none,0,0,27,22,obt-collector1,HundredGigE0/1/0/1,

2020-02-06 19:44:34.319000+00:00,dr03,wadjet-t-sg0,bfd-mgmt-pkt-display-type-none,0,0,49,38,obt-collector1,HundredGigE0/1/0/32,

2020-02-06 19:44:34.319000+00:00,dr03,wadjet-t-sg0,bfd-mgmt-pkt-display-type-none,0,0,26,21,obt-collector1,HundredGigE0/1/0/2,

2020-02-06 19:44:34.319000+00:00,dr03,wadjet-t-sg0,bfd-mgmt-pkt-display-type-none,0,0,27,22,obt-collector1,HundredGigE0/1/0/3,

2020-02-06 19:44:34.319000+00:00,dr03,wadjet-t-sg0,bfd-mgmt-pkt-display-type-none,0,0,47,36,obt-collector1,HundredGigE0/1/0/34,

2020-02-06 19:44:34.319000+00:00,dr03,wadjet-t-sg0,bfd-mgmt-pkt-display-type-none,0,0,48,38,obt-collector1,HundredGigE0/1/0/33,

2020-02-06 19:44:44.326000+00:00,dr03,wadjet-t-sg0,bfd-mgmt-pkt-display-type-none,0,0,122,100,obt-collector1,HundredGigE0/0/0/0,

2020-02-06 19:44:44.326000+00:00,dr03,wadjet-t-sg0,bfd-mgmt-pkt-display-type-none,0,0,25,18,obt-collector1,HundredGigE0/0/0/30,

2020-02-06 19:44:44.329000+00:00,dr03,wadjet-t-sg0,bfd-mgmt-pkt-display-type-none,0,0,48,38,obt-collector1,HundredGigE0/1/0/33,

2020-02-06 19:44:44.329000+00:00,dr03,wadjet-t-sg0,bfd-mgmt-pkt-display-type-none,0,0,47,36,obt-collector1,HundredGigE0/1/0/34,

2020-02-06 19:44:44.329000+00:00,dr03,wadjet-t-sg0,bfd-mgmt-pkt-display-type-none,0,0,27,22,obt-collector1,HundredGigE0/1/0/1,

2020-02-06 19:44:44.329000+00:00,dr03,wadjet-t-sg0,bfd-mgmt-pkt-display-type-none,0,0,26,21,obt-collector1,HundredGigE0/1/0/0,

2020-02-06 19:44:44.329000+00:00,dr03,wadjet-t-sg0,bfd-mgmt-pkt-display-type-none,0,0,27,22,obt-collector1,HundredGigE0/1/0/3,

2020-02-06 19:44:44.329000+00:00,dr03,wadjet-t-sg0,bfd-mgmt-pkt-display-type-none,0,0,49,38,obt-collector1,HundredGigE0/1/0/32,

2020-02-06 19:44:44.329000+00:00,dr03,wadjet-t-sg0,bfd-mgmt-pkt-display-type-none,0,0,26,21,obt-collector1,HundredGigE0/1/0/2,

2020-02-06 19:44:54.334000+00:00,dr03,wadjet-t-sg0,bfd-mgmt-pkt-display-type-none,0,0,25,18,obt-collector1,HundredGigE0/0/0/30,

2020-02-06 19:44:54.334000+00:00,dr03,wadjet-t-sg0,bfd-mgmt-pkt-display-type-none,0,0,122,100,obt-collector1,HundredGigE0/0/0/0,

2020-02-06 19:44:54.338000+00:00,dr03,wadjet-t-sg0,bfd-mgmt-pkt-display-type-none,0,0,26,21,obt-collector1,HundredGigE0/1/0/2,

2020-02-06 19:44:54.338000+00:00,dr03,wadjet-t-sg0,bfd-mgmt-pkt-display-type-none,0,0,49,38,obt-collector1,HundredGigE0/1/0/32,

2020-02-06 19:44:54.338000+00:00,dr03,wadjet-t-sg0,bfd-mgmt-pkt-display-type-none,0,0,47,36,obt-collector1,HundredGigE0/1/0/34,

2020-02-06 19:44:54.338000+00:00,dr03,wadjet-t-sg0,bfd-mgmt-pkt-display-type-none,0,0,48,38,obt-collector1,HundredGigE0/1/0/33,

2020-02-06 19:44:54.338000+00:00,dr03,wadjet-t-sg0,bfd-mgmt-pkt-display-type-none,0,0,27,22,obt-collector1,HundredGigE0/1/0/3,

2020-02-06 19:44:54.338000+00:00,dr03,wadjet-t-sg0,bfd-mgmt-pkt-display-type-none,0,0,27,22,obt-collector1,HundredGigE0/1/0/1,

2020-02-06 19:44:54.338000+00:00,dr03,wadjet-t-sg0,bfd-mgmt-pkt-display-type-none,0,0,26,21,obt-collector1,HundredGigE0/1/0/0,

2020-02-06 19:45:04.345000+00:00,dr03,wadjet-t-sg0,bfd-mgmt-pkt-display-type-none,0,0,122,100,obt-collector1,HundredGigE0/0/0/0,

2020-02-06 19:45:04.345000+00:00,dr03,wadjet-t-sg0,bfd-mgmt-pkt-display-type-none,0,0,25,18,obt-collector1,HundredGigE0/0/0/30,

2020-02-06 19:45:04.348000+00:00,dr03,wadjet-t-sg0,bfd-mgmt-pkt-display-type-none,0,0,26,21,obt-collector1,HundredGigE0/1/0/0,

2020-02-06 19:45:04.348000+00:00,dr03,wadjet-t-sg0,bfd-mgmt-pkt-display-type-none,0,0,27,22,obt-collector1,HundredGigE0/1/0/1,

2020-02-06 19:45:04.348000+00:00,dr03,wadjet-t-sg0,bfd-mgmt-pkt-display-type-none,0,0,49,38,obt-collector1,HundredGigE0/1/0/32,

2020-02-06 19:45:04.348000+00:00,dr03,wadjet-t-sg0,bfd-mgmt-pkt-display-type-none,0,0,26,21,obt-collector1,HundredGigE0/1/0/2,

2020-02-06 19:45:04.348000+00:00,dr03,wadjet-t-sg0,bfd-mgmt-pkt-display-type-none,0,0,27,22,obt-collector1,HundredGigE0/1/0/3,

2020-02-06 19:45:04.348000+00:00,dr03,wadjet-t-sg0,bfd-mgmt-pkt-display-type-none,0,0,47,36,obt-collector1,HundredGigE0/1/0/34,

2020-02-06 19:45:04.348000+00:00,dr03,wadjet-t-sg0,bfd-mgmt-pkt-display-type-none,0,0,48,38,obt-collector1,HundredGigE0/1/0/33,

