,Producer,Target,host,node-name,npu-tcam/npu-id,npu-tcam/tcam-bank/bank-db/db-id,npu-tcam/tcam-bank/bank-db/db-inuse-entries,npu-tcam/tcam-bank/bank-db/db-prefix,npu-tcam/tcam-bank/bank-free-entries,npu-tcam/tcam-bank/bank-id,npu-tcam/tcam-bank/bank-inuse-entries,npu-tcam/tcam-bank/bank-key-size,npu-tcam/tcam-bank/nof-dbs,npu-tcam/tcam-bank/owner,npu-tcam/tcam-banks/bank-dbs/db-id,npu-tcam/tcam-banks/bank-dbs/db-inuse-entries,npu-tcam/tcam-banks/bank-dbs/db-prefix,npu-tcam/tcam-banks/bank-free-entries,npu-tcam/tcam-banks/bank-id,npu-tcam/tcam-banks/bank-inuse-entries,npu-tcam/tcam-banks/bank-key-size,npu-tcam/tcam-banks/nof-dbs,npu-tcam/tcam-banks/owner

2020-02-06 13:19:43.136000+00:00,leaf5,sg14,obt-collector1,0/0/CPU0,3,21,9,EGRESS_L3_QOS_MAP,128,15,0,160b,0,Free,,,,,,,,,

2020-02-06 13:19:53.001000+00:00,leaf5,sg14,obt-collector1,0/0/CPU0,3,21,9,EGRESS_L3_QOS_MAP,128,15,0,160b,0,Free,,,,,,,,,

2020-02-06 13:20:02.984000+00:00,leaf5,sg14,obt-collector1,0/0/CPU0,3,21,9,EGRESS_L3_QOS_MAP,128,15,0,160b,0,Free,,,,,,,,,

2020-02-06 13:20:12.984000+00:00,leaf5,sg14,obt-collector1,0/0/CPU0,3,21,9,EGRESS_L3_QOS_MAP,128,15,0,160b,0,Free,,,,,,,,,

2020-02-06 13:20:22.977000+00:00,leaf5,sg14,obt-collector1,0/0/CPU0,3,21,9,EGRESS_L3_QOS_MAP,128,15,0,160b,0,Free,,,,,,,,,

2020-02-06 13:20:32.985000+00:00,leaf5,sg14,obt-collector1,0/0/CPU0,3,21,9,EGRESS_L3_QOS_MAP,128,15,0,160b,0,Free,,,,,,,,,

2020-02-06 13:20:42.987000+00:00,leaf5,sg14,obt-collector1,0/0/CPU0,3,21,9,EGRESS_L3_QOS_MAP,128,15,0,160b,0,Free,,,,,,,,,

2020-02-06 13:20:53.094000+00:00,leaf5,sg14,obt-collector1,0/0/CPU0,3,21,9,EGRESS_L3_QOS_MAP,128,15,0,160b,0,Free,,,,,,,,,

2020-02-06 13:21:02.981000+00:00,leaf5,sg14,obt-collector1,0/0/CPU0,3,21,9,EGRESS_L3_QOS_MAP,128,15,0,160b,0,Free,,,,,,,,,

2020-02-06 13:21:12.986000+00:00,leaf5,sg14,obt-collector1,0/0/CPU0,3,21,9,EGRESS_L3_QOS_MAP,128,15,0,160b,0,Free,,,,,,,,,

2020-02-06 13:21:22.981000+00:00,leaf5,sg14,obt-collector1,0/0/CPU0,3,21,9,EGRESS_L3_QOS_MAP,128,15,0,160b,0,Free,,,,,,,,,

2020-02-06 13:21:33.041000+00:00,leaf5,sg14,obt-collector1,0/0/CPU0,3,21,9,EGRESS_L3_QOS_MAP,128,15,0,160b,0,Free,,,,,,,,,

2020-02-06 13:21:42.985000+00:00,leaf5,sg14,obt-collector1,0/0/CPU0,3,21,9,EGRESS_L3_QOS_MAP,128,15,0,160b,0,Free,,,,,,,,,

2020-02-06 13:21:53.973000+00:00,leaf5,sg14,obt-collector1,0/0/CPU0,3,21,9,EGRESS_L3_QOS_MAP,128,15,0,160b,0,Free,,,,,,,,,

2020-02-06 13:22:02.991000+00:00,leaf5,sg14,obt-collector1,0/0/CPU0,3,21,9,EGRESS_L3_QOS_MAP,128,15,0,160b,0,Free,,,,,,,,,

2020-02-06 13:22:12.981000+00:00,leaf5,sg14,obt-collector1,0/0/CPU0,3,21,9,EGRESS_L3_QOS_MAP,128,15,0,160b,0,Free,,,,,,,,,

2020-02-06 13:22:23.110000+00:00,leaf5,sg14,obt-collector1,0/0/CPU0,3,21,9,EGRESS_L3_QOS_MAP,128,15,0,160b,0,Free,,,,,,,,,

2020-02-06 13:22:32.983000+00:00,leaf5,sg14,obt-collector1,0/0/CPU0,3,21,9,EGRESS_L3_QOS_MAP,128,15,0,160b,0,Free,,,,,,,,,

2020-02-06 13:22:42.997000+00:00,leaf5,sg14,obt-collector1,0/0/CPU0,3,21,9,EGRESS_L3_QOS_MAP,128,15,0,160b,0,Free,,,,,,,,,

2020-02-06 13:22:52.983000+00:00,leaf5,sg14,obt-collector1,0/0/CPU0,3,21,9,EGRESS_L3_QOS_MAP,128,15,0,160b,0,Free,,,,,,,,,

2020-02-06 13:23:04.460000+00:00,leaf5,sg14,obt-collector1,0/0/CPU0,3,21,9,EGRESS_L3_QOS_MAP,128,15,0,160b,0,Free,,,,,,,,,

2020-02-06 13:23:12.986000+00:00,leaf5,sg14,obt-collector1,0/0/CPU0,3,21,9,EGRESS_L3_QOS_MAP,128,15,0,160b,0,Free,,,,,,,,,

2020-02-06 13:23:22.974000+00:00,leaf5,sg14,obt-collector1,0/0/CPU0,3,21,9,EGRESS_L3_QOS_MAP,128,15,0,160b,0,Free,,,,,,,,,

2020-02-06 13:23:32.980000+00:00,leaf5,sg14,obt-collector1,0/0/CPU0,3,21,9,EGRESS_L3_QOS_MAP,128,15,0,160b,0,Free,,,,,,,,,

2020-02-06 13:23:42.979000+00:00,leaf5,sg14,obt-collector1,0/0/CPU0,3,21,9,EGRESS_L3_QOS_MAP,128,15,0,160b,0,Free,,,,,,,,,

2020-02-06 13:23:52.981000+00:00,leaf5,sg14,obt-collector1,0/0/CPU0,3,21,9,EGRESS_L3_QOS_MAP,128,15,0,160b,0,Free,,,,,,,,,

2020-02-06 13:24:02.986000+00:00,leaf5,sg14,obt-collector1,0/0/CPU0,3,21,9,EGRESS_L3_QOS_MAP,128,15,0,160b,0,Free,,,,,,,,,

2020-02-06 13:24:13.116000+00:00,leaf5,sg14,obt-collector1,0/0/CPU0,3,21,9,EGRESS_L3_QOS_MAP,128,15,0,160b,0,Free,,,,,,,,,

2020-02-06 13:24:22.982000+00:00,leaf5,sg14,obt-collector1,0/0/CPU0,3,21,9,EGRESS_L3_QOS_MAP,128,15,0,160b,0,Free,,,,,,,,,

2020-02-06 13:24:32.977000+00:00,leaf5,sg14,obt-collector1,0/0/CPU0,3,21,9,EGRESS_L3_QOS_MAP,128,15,0,160b,0,Free,,,,,,,,,

2020-02-06 13:24:42.993000+00:00,leaf5,sg14,obt-collector1,0/0/CPU0,3,21,9,EGRESS_L3_QOS_MAP,128,15,0,160b,0,Free,,,,,,,,,

2020-02-06 13:24:53.062000+00:00,leaf5,sg14,obt-collector1,0/0/CPU0,3,21,9,EGRESS_L3_QOS_MAP,128,15,0,160b,0,Free,,,,,,,,,

2020-02-06 13:25:02.992000+00:00,leaf5,sg14,obt-collector1,0/0/CPU0,3,21,9,EGRESS_L3_QOS_MAP,128,15,0,160b,0,Free,,,,,,,,,

2020-02-06 13:25:12.993000+00:00,leaf5,sg14,obt-collector1,0/0/CPU0,3,21,9,EGRESS_L3_QOS_MAP,128,15,0,160b,0,Free,,,,,,,,,

2020-02-06 13:25:22.994000+00:00,leaf5,sg14,obt-collector1,0/0/CPU0,3,21,9,EGRESS_L3_QOS_MAP,128,15,0,160b,0,Free,,,,,,,,,

2020-02-06 13:25:32.980000+00:00,leaf5,sg14,obt-collector1,0/0/CPU0,3,21,9,EGRESS_L3_QOS_MAP,128,15,0,160b,0,Free,,,,,,,,,

2020-02-06 13:25:43.118000+00:00,leaf5,sg14,obt-collector1,0/0/CPU0,3,21,9,EGRESS_L3_QOS_MAP,128,15,0,160b,0,Free,,,,,,,,,

2020-02-06 13:25:52.976000+00:00,leaf5,sg14,obt-collector1,0/0/CPU0,3,21,9,EGRESS_L3_QOS_MAP,128,15,0,160b,0,Free,,,,,,,,,

2020-02-06 13:26:03.025000+00:00,leaf5,sg14,obt-collector1,0/0/CPU0,3,21,9,EGRESS_L3_QOS_MAP,128,15,0,160b,0,Free,,,,,,,,,

2020-02-06 13:26:12.989000+00:00,leaf5,sg14,obt-collector1,0/0/CPU0,3,21,9,EGRESS_L3_QOS_MAP,128,15,0,160b,0,Free,,,,,,,,,

2020-02-06 13:26:23.122000+00:00,leaf5,sg14,obt-collector1,0/0/CPU0,3,21,9,EGRESS_L3_QOS_MAP,128,15,0,160b,0,Free,,,,,,,,,

2020-02-06 13:26:32.985000+00:00,leaf5,sg14,obt-collector1,0/0/CPU0,3,21,9,EGRESS_L3_QOS_MAP,128,15,0,160b,0,Free,,,,,,,,,

2020-02-06 13:26:42.995000+00:00,leaf5,sg14,obt-collector1,0/0/CPU0,3,21,9,EGRESS_L3_QOS_MAP,128,15,0,160b,0,Free,,,,,,,,,

2020-02-06 13:26:52.981000+00:00,leaf5,sg14,obt-collector1,0/0/CPU0,3,21,9,EGRESS_L3_QOS_MAP,128,15,0,160b,0,Free,,,,,,,,,

2020-02-06 13:27:02.978000+00:00,leaf5,sg14,obt-collector1,0/0/CPU0,3,21,9,EGRESS_L3_QOS_MAP,128,15,0,160b,0,Free,,,,,,,,,

2020-02-06 13:27:12.980000+00:00,leaf5,sg14,obt-collector1,0/0/CPU0,3,21,9,EGRESS_L3_QOS_MAP,128,15,0,160b,0,Free,,,,,,,,,

2020-02-06 13:27:22.980000+00:00,leaf5,sg14,obt-collector1,0/0/CPU0,3,21,9,EGRESS_L3_QOS_MAP,128,15,0,160b,0,Free,,,,,,,,,

2020-02-06 13:27:33.028000+00:00,leaf5,sg14,obt-collector1,0/0/CPU0,3,21,9,EGRESS_L3_QOS_MAP,128,15,0,160b,0,Free,,,,,,,,,

2020-02-06 13:27:42.979000+00:00,leaf5,sg14,obt-collector1,0/0/CPU0,3,21,9,EGRESS_L3_QOS_MAP,128,15,0,160b,0,Free,,,,,,,,,

2020-02-06 13:27:52.974000+00:00,leaf5,sg14,obt-collector1,0/0/CPU0,3,21,9,EGRESS_L3_QOS_MAP,128,15,0,160b,0,Free,,,,,,,,,

2020-02-06 13:28:02.978000+00:00,leaf5,sg14,obt-collector1,0/0/CPU0,3,21,9,EGRESS_L3_QOS_MAP,128,15,0,160b,0,Free,,,,,,,,,

2020-02-06 13:28:13.086000+00:00,leaf5,sg14,obt-collector1,0/0/CPU0,3,21,9,EGRESS_L3_QOS_MAP,128,15,0,160b,0,Free,,,,,,,,,

2020-02-06 13:28:22.977000+00:00,leaf5,sg14,obt-collector1,0/0/CPU0,3,21,9,EGRESS_L3_QOS_MAP,128,15,0,160b,0,Free,,,,,,,,,

2020-02-06 13:28:32.986000+00:00,leaf5,sg14,obt-collector1,0/0/CPU0,3,21,9,EGRESS_L3_QOS_MAP,128,15,0,160b,0,Free,,,,,,,,,

2020-02-06 13:28:44.438000+00:00,leaf5,sg14,obt-collector1,0/0/CPU0,3,21,9,EGRESS_L3_QOS_MAP,128,15,0,160b,0,Free,,,,,,,,,

2020-02-06 13:28:52.979000+00:00,leaf5,sg14,obt-collector1,0/0/CPU0,3,21,9,EGRESS_L3_QOS_MAP,128,15,0,160b,0,Free,,,,,,,,,

2020-02-06 13:29:03.085000+00:00,leaf5,sg14,obt-collector1,0/0/CPU0,3,21,9,EGRESS_L3_QOS_MAP,128,15,0,160b,0,Free,,,,,,,,,

2020-02-06 13:29:12.986000+00:00,leaf5,sg14,obt-collector1,0/0/CPU0,3,21,9,EGRESS_L3_QOS_MAP,128,15,0,160b,0,Free,,,,,,,,,

2020-02-06 13:29:23.058000+00:00,leaf5,sg14,obt-collector1,0/0/CPU0,3,21,9,EGRESS_L3_QOS_MAP,128,15,0,160b,0,Free,,,,,,,,,

2020-02-06 13:29:32.978000+00:00,leaf5,sg14,obt-collector1,0/0/CPU0,3,21,9,EGRESS_L3_QOS_MAP,128,15,0,160b,0,Free,,,,,,,,,

2020-02-06 13:29:42.984000+00:00,leaf5,sg14,obt-collector1,0/0/CPU0,3,21,9,EGRESS_L3_QOS_MAP,128,15,0,160b,0,Free,,,,,,,,,

2020-02-06 13:29:52.991000+00:00,leaf5,sg14,obt-collector1,0/0/CPU0,3,21,9,EGRESS_L3_QOS_MAP,128,15,0,160b,0,Free,,,,,,,,,

2020-02-06 13:30:03.004000+00:00,leaf5,sg14,obt-collector1,0/0/CPU0,3,21,9,EGRESS_L3_QOS_MAP,128,15,0,160b,0,Free,,,,,,,,,

2020-02-06 13:30:12.995000+00:00,leaf5,sg14,obt-collector1,0/0/CPU0,3,21,9,EGRESS_L3_QOS_MAP,128,15,0,160b,0,Free,,,,,,,,,

2020-02-06 13:30:22.982000+00:00,leaf5,sg14,obt-collector1,0/0/CPU0,3,21,9,EGRESS_L3_QOS_MAP,128,15,0,160b,0,Free,,,,,,,,,

2020-02-06 13:30:32.985000+00:00,leaf5,sg14,obt-collector1,0/0/CPU0,3,21,9,EGRESS_L3_QOS_MAP,128,15,0,160b,0,Free,,,,,,,,,

2020-02-06 13:30:43.020000+00:00,leaf5,sg14,obt-collector1,0/0/CPU0,3,21,9,EGRESS_L3_QOS_MAP,128,15,0,160b,0,Free,,,,,,,,,

2020-02-06 13:30:53.081000+00:00,leaf5,sg14,obt-collector1,0/0/CPU0,3,21,9,EGRESS_L3_QOS_MAP,128,15,0,160b,0,Free,,,,,,,,,

2020-02-06 13:31:02.986000+00:00,leaf5,sg14,obt-collector1,0/0/CPU0,3,21,9,EGRESS_L3_QOS_MAP,128,15,0,160b,0,Free,,,,,,,,,

2020-02-06 13:31:12.997000+00:00,leaf5,sg14,obt-collector1,0/0/CPU0,3,21,9,EGRESS_L3_QOS_MAP,128,15,0,160b,0,Free,,,,,,,,,

2020-02-06 13:31:22.994000+00:00,leaf5,sg14,obt-collector1,0/0/CPU0,3,21,9,EGRESS_L3_QOS_MAP,128,15,0,160b,0,Free,,,,,,,,,

2020-02-06 13:31:33.140000+00:00,leaf5,sg14,obt-collector1,0/0/CPU0,3,21,9,EGRESS_L3_QOS_MAP,128,15,0,160b,0,Free,,,,,,,,,

2020-02-06 13:31:42.985000+00:00,leaf5,sg14,obt-collector1,0/0/CPU0,3,21,9,EGRESS_L3_QOS_MAP,128,15,0,160b,0,Free,,,,,,,,,

2020-02-06 13:31:52.989000+00:00,leaf5,sg14,obt-collector1,0/0/CPU0,3,21,9,EGRESS_L3_QOS_MAP,128,15,0,160b,0,Free,,,,,,,,,

2020-02-06 13:32:02.991000+00:00,leaf5,sg14,obt-collector1,0/0/CPU0,3,21,9,EGRESS_L3_QOS_MAP,128,15,0,160b,0,Free,,,,,,,,,

2020-02-06 13:32:12.983000+00:00,leaf5,sg14,obt-collector1,0/0/CPU0,3,21,9,EGRESS_L3_QOS_MAP,128,15,0,160b,0,Free,,,,,,,,,

2020-02-06 13:32:23.124000+00:00,leaf5,sg14,obt-collector1,0/0/CPU0,3,21,9,EGRESS_L3_QOS_MAP,128,15,0,160b,0,Free,,,,,,,,,

2020-02-06 13:32:32.996000+00:00,leaf5,sg14,obt-collector1,0/0/CPU0,3,21,9,EGRESS_L3_QOS_MAP,128,15,0,160b,0,Free,,,,,,,,,

2020-02-06 13:32:43.098000+00:00,leaf5,sg14,obt-collector1,0/0/CPU0,3,21,9,EGRESS_L3_QOS_MAP,128,15,0,160b,0,Free,,,,,,,,,

2020-02-06 13:32:52.985000+00:00,leaf5,sg14,obt-collector1,0/0/CPU0,3,21,9,EGRESS_L3_QOS_MAP,128,15,0,160b,0,Free,,,,,,,,,

2020-02-06 13:33:02.993000+00:00,leaf5,sg14,obt-collector1,0/0/CPU0,3,21,9,EGRESS_L3_QOS_MAP,128,15,0,160b,0,Free,,,,,,,,,

2020-02-06 13:33:12.986000+00:00,leaf5,sg14,obt-collector1,0/0/CPU0,3,21,9,EGRESS_L3_QOS_MAP,128,15,0,160b,0,Free,,,,,,,,,

2020-02-06 13:33:23.038000+00:00,leaf5,sg14,obt-collector1,0/0/CPU0,3,21,9,EGRESS_L3_QOS_MAP,128,15,0,160b,0,Free,,,,,,,,,

2020-02-06 13:33:32.990000+00:00,leaf5,sg14,obt-collector1,0/0/CPU0,3,21,9,EGRESS_L3_QOS_MAP,128,15,0,160b,0,Free,,,,,,,,,

2020-02-06 13:33:42.989000+00:00,leaf5,sg14,obt-collector1,0/0/CPU0,3,21,9,EGRESS_L3_QOS_MAP,128,15,0,160b,0,Free,,,,,,,,,

2020-02-06 13:33:52.999000+00:00,leaf5,sg14,obt-collector1,0/0/CPU0,3,21,9,EGRESS_L3_QOS_MAP,128,15,0,160b,0,Free,,,,,,,,,

2020-02-06 13:34:02.992000+00:00,leaf5,sg14,obt-collector1,0/0/CPU0,3,21,9,EGRESS_L3_QOS_MAP,128,15,0,160b,0,Free,,,,,,,,,

2020-02-06 13:34:13.108000+00:00,leaf5,sg14,obt-collector1,0/0/CPU0,3,21,9,EGRESS_L3_QOS_MAP,128,15,0,160b,0,Free,,,,,,,,,

2020-02-06 13:34:22.985000+00:00,leaf5,sg14,obt-collector1,0/0/CPU0,3,21,9,EGRESS_L3_QOS_MAP,128,15,0,160b,0,Free,,,,,,,,,

2020-02-06 13:34:33.010000+00:00,leaf5,sg14,obt-collector1,0/0/CPU0,3,21,9,EGRESS_L3_QOS_MAP,128,15,0,160b,0,Free,,,,,,,,,

2020-02-06 13:34:42.993000+00:00,leaf5,sg14,obt-collector1,0/0/CPU0,3,21,9,EGRESS_L3_QOS_MAP,128,15,0,160b,0,Free,,,,,,,,,

2020-02-06 13:34:53.163000+00:00,leaf5,sg14,obt-collector1,0/0/CPU0,3,21,9,EGRESS_L3_QOS_MAP,128,15,0,160b,0,Free,,,,,,,,,

2020-02-06 13:35:03+00:00,leaf5,sg14,obt-collector1,0/0/CPU0,3,21,9,EGRESS_L3_QOS_MAP,128,15,0,160b,0,Free,,,,,,,,,

2020-02-06 13:35:12.994000+00:00,leaf5,sg14,obt-collector1,0/0/CPU0,3,21,9,EGRESS_L3_QOS_MAP,128,15,0,160b,0,Free,,,,,,,,,

2020-02-06 13:35:22.987000+00:00,leaf5,sg14,obt-collector1,0/0/CPU0,3,21,9,EGRESS_L3_QOS_MAP,128,15,0,160b,0,Free,,,,,,,,,

2020-02-06 13:35:33.034000+00:00,leaf5,sg14,obt-collector1,0/0/CPU0,3,21,9,EGRESS_L3_QOS_MAP,128,15,0,160b,0,Free,,,,,,,,,

2020-02-06 13:35:42.993000+00:00,leaf5,sg14,obt-collector1,0/0/CPU0,3,21,9,EGRESS_L3_QOS_MAP,128,15,0,160b,0,Free,,,,,,,,,

2020-02-06 13:35:52.991000+00:00,leaf5,sg14,obt-collector1,0/0/CPU0,3,21,9,EGRESS_L3_QOS_MAP,128,15,0,160b,0,Free,,,,,,,,,

2020-02-06 13:36:03.143000+00:00,leaf5,sg14,obt-collector1,0/0/CPU0,3,21,9,EGRESS_L3_QOS_MAP,128,15,0,160b,0,Free,,,,,,,,,

2020-02-06 13:36:12.989000+00:00,leaf5,sg14,obt-collector1,0/0/CPU0,3,21,9,EGRESS_L3_QOS_MAP,128,15,0,160b,0,Free,,,,,,,,,

2020-02-06 13:36:23.007000+00:00,leaf5,sg14,obt-collector1,0/0/CPU0,3,21,9,EGRESS_L3_QOS_MAP,128,15,0,160b,0,Free,,,,,,,,,

2020-02-06 13:36:33.004000+00:00,leaf5,sg14,obt-collector1,0/0/CPU0,3,21,9,EGRESS_L3_QOS_MAP,128,15,0,160b,0,Free,,,,,,,,,

2020-02-06 13:36:43.071000+00:00,leaf5,sg14,obt-collector1,0/0/CPU0,3,21,9,EGRESS_L3_QOS_MAP,128,15,0,160b,0,Free,,,,,,,,,

2020-02-06 13:36:52.993000+00:00,leaf5,sg14,obt-collector1,0/0/CPU0,3,21,9,EGRESS_L3_QOS_MAP,128,15,0,160b,0,Free,,,,,,,,,

2020-02-06 13:37:02.988000+00:00,leaf5,sg14,obt-collector1,0/0/CPU0,3,21,9,EGRESS_L3_QOS_MAP,128,15,0,160b,0,Free,,,,,,,,,

2020-02-06 13:37:13+00:00,leaf5,sg14,obt-collector1,0/0/CPU0,3,21,9,EGRESS_L3_QOS_MAP,128,15,0,160b,0,Free,,,,,,,,,

2020-02-06 13:37:22.997000+00:00,leaf5,sg14,obt-collector1,0/0/CPU0,3,21,9,EGRESS_L3_QOS_MAP,128,15,0,160b,0,Free,,,,,,,,,

2020-02-06 13:37:33.141000+00:00,leaf5,sg14,obt-collector1,0/0/CPU0,3,21,9,EGRESS_L3_QOS_MAP,128,15,0,160b,0,Free,,,,,,,,,

2020-02-06 13:37:42.991000+00:00,leaf5,sg14,obt-collector1,0/0/CPU0,3,21,9,EGRESS_L3_QOS_MAP,128,15,0,160b,0,Free,,,,,,,,,

2020-02-06 13:37:53.025000+00:00,leaf5,sg14,obt-collector1,0/0/CPU0,3,21,9,EGRESS_L3_QOS_MAP,128,15,0,160b,0,Free,,,,,,,,,

2020-02-06 13:38:02.997000+00:00,leaf5,sg14,obt-collector1,0/0/CPU0,3,21,9,EGRESS_L3_QOS_MAP,128,15,0,160b,0,Free,,,,,,,,,

2020-02-06 13:38:13.136000+00:00,leaf5,sg14,obt-collector1,0/0/CPU0,3,21,9,EGRESS_L3_QOS_MAP,128,15,0,160b,0,Free,,,,,,,,,

2020-02-06 13:38:22.999000+00:00,leaf5,sg14,obt-collector1,0/0/CPU0,3,21,9,EGRESS_L3_QOS_MAP,128,15,0,160b,0,Free,,,,,,,,,

2020-02-06 13:38:33.013000+00:00,leaf5,sg14,obt-collector1,0/0/CPU0,3,21,9,EGRESS_L3_QOS_MAP,128,15,0,160b,0,Free,,,,,,,,,

2020-02-06 13:38:43.004000+00:00,leaf5,sg14,obt-collector1,0/0/CPU0,3,21,9,EGRESS_L3_QOS_MAP,128,15,0,160b,0,Free,,,,,,,,,

2020-02-06 13:38:52.988000+00:00,leaf5,sg14,obt-collector1,0/0/CPU0,3,21,9,EGRESS_L3_QOS_MAP,128,15,0,160b,0,Free,,,,,,,,,

2020-02-06 13:39:02.997000+00:00,leaf5,sg14,obt-collector1,0/0/CPU0,3,21,9,EGRESS_L3_QOS_MAP,128,15,0,160b,0,Free,,,,,,,,,

2020-02-06 13:39:12.996000+00:00,leaf5,sg14,obt-collector1,0/0/CPU0,3,21,9,EGRESS_L3_QOS_MAP,128,15,0,160b,0,Free,,,,,,,,,

2020-02-06 13:39:23.038000+00:00,leaf5,sg14,obt-collector1,0/0/CPU0,3,21,9,EGRESS_L3_QOS_MAP,128,15,0,160b,0,Free,,,,,,,,,

2020-02-06 13:39:32.999000+00:00,leaf5,sg14,obt-collector1,0/0/CPU0,3,21,9,EGRESS_L3_QOS_MAP,128,15,0,160b,0,Free,,,,,,,,,

2020-02-06 13:39:42.996000+00:00,leaf5,sg14,obt-collector1,0/0/CPU0,3,21,9,EGRESS_L3_QOS_MAP,128,15,0,160b,0,Free,,,,,,,,,

2020-02-06 13:39:52.986000+00:00,leaf5,sg14,obt-collector1,0/0/CPU0,3,21,9,EGRESS_L3_QOS_MAP,128,15,0,160b,0,Free,,,,,,,,,

2020-02-06 13:40:03.087000+00:00,leaf5,sg14,obt-collector1,0/0/CPU0,3,21,9,EGRESS_L3_QOS_MAP,128,15,0,160b,0,Free,,,,,,,,,

2020-02-06 13:40:13.005000+00:00,leaf5,sg14,obt-collector1,0/0/CPU0,3,21,9,EGRESS_L3_QOS_MAP,128,15,0,160b,0,Free,,,,,,,,,

