,Producer,Target,address-family,audit-end-time,audit-seq-number,audit-start-time,host,id,init-sync-end-time,init-sync-ready-end-time,init-sync-ready-start-time,init-sync-start-time,init-sync-timer,is-audit-in-progress,is-init-sync-error-local,is-init-sync-in-progress,is-init-sync-second-phase,is-sscb-init-sync-ready,local-instance,local-node,mode,nsr-reset-time,number-of-init-synced-sessions,number-of-sessions,number-of-sessions-init-sync-failed,number-of-synced-sessions-down-stream,number-of-synced-sessions-up-stream,pid,protect-instance,sequence-number-of-init-sync,set-id,sscb,sso-role,total-number-of-init-sync-sessions,well-known-port

2020-02-06 13:19:48.929000+00:00,leaf5,sg0,internetwork,0,0,0,obt-collector1,7f3544029018,0,0,1576479442,0,0,false,false,false,false,true,1,0/RP0/CPU0,1,0,0,0,0,0,0,6791,1,0,646,139866751012888,1,0,646

2020-02-06 13:19:48.929000+00:00,leaf5,sg0,ip-version6,0,0,0,obt-collector1,7f3544029288,0,0,1576479442,0,0,false,false,false,false,true,1,0/RP0/CPU0,1,0,0,0,0,0,0,6791,1,0,647,139866751013512,1,0,646

2020-02-06 13:19:58.922000+00:00,leaf5,sg0,internetwork,0,0,0,obt-collector1,7f3544029018,0,0,1576479442,0,0,false,false,false,false,true,1,0/RP0/CPU0,1,0,0,0,0,0,0,6791,1,0,646,139866751012888,1,0,646

2020-02-06 13:19:58.922000+00:00,leaf5,sg0,ip-version6,0,0,0,obt-collector1,7f3544029288,0,0,1576479442,0,0,false,false,false,false,true,1,0/RP0/CPU0,1,0,0,0,0,0,0,6791,1,0,647,139866751013512,1,0,646

2020-02-06 13:20:08.928000+00:00,leaf5,sg0,internetwork,0,0,0,obt-collector1,7f3544029018,0,0,1576479442,0,0,false,false,false,false,true,1,0/RP0/CPU0,1,0,0,0,0,0,0,6791,1,0,646,139866751012888,1,0,646

2020-02-06 13:20:08.928000+00:00,leaf5,sg0,ip-version6,0,0,0,obt-collector1,7f3544029288,0,0,1576479442,0,0,false,false,false,false,true,1,0/RP0/CPU0,1,0,0,0,0,0,0,6791,1,0,647,139866751013512,1,0,646

2020-02-06 13:20:18.919000+00:00,leaf5,sg0,internetwork,0,0,0,obt-collector1,7f3544029018,0,0,1576479442,0,0,false,false,false,false,true,1,0/RP0/CPU0,1,0,0,0,0,0,0,6791,1,0,646,139866751012888,1,0,646

2020-02-06 13:20:18.919000+00:00,leaf5,sg0,ip-version6,0,0,0,obt-collector1,7f3544029288,0,0,1576479442,0,0,false,false,false,false,true,1,0/RP0/CPU0,1,0,0,0,0,0,0,6791,1,0,647,139866751013512,1,0,646

2020-02-06 13:20:28.925000+00:00,leaf5,sg0,internetwork,0,0,0,obt-collector1,7f3544029018,0,0,1576479442,0,0,false,false,false,false,true,1,0/RP0/CPU0,1,0,0,0,0,0,0,6791,1,0,646,139866751012888,1,0,646

2020-02-06 13:20:28.925000+00:00,leaf5,sg0,ip-version6,0,0,0,obt-collector1,7f3544029288,0,0,1576479442,0,0,false,false,false,false,true,1,0/RP0/CPU0,1,0,0,0,0,0,0,6791,1,0,647,139866751013512,1,0,646

2020-02-06 13:20:38.923000+00:00,leaf5,sg0,internetwork,0,0,0,obt-collector1,7f3544029018,0,0,1576479442,0,0,false,false,false,false,true,1,0/RP0/CPU0,1,0,0,0,0,0,0,6791,1,0,646,139866751012888,1,0,646

2020-02-06 13:20:38.924000+00:00,leaf5,sg0,ip-version6,0,0,0,obt-collector1,7f3544029288,0,0,1576479442,0,0,false,false,false,false,true,1,0/RP0/CPU0,1,0,0,0,0,0,0,6791,1,0,647,139866751013512,1,0,646

2020-02-06 13:20:48.928000+00:00,leaf5,sg0,internetwork,0,0,0,obt-collector1,7f3544029018,0,0,1576479442,0,0,false,false,false,false,true,1,0/RP0/CPU0,1,0,0,0,0,0,0,6791,1,0,646,139866751012888,1,0,646

2020-02-06 13:20:48.928000+00:00,leaf5,sg0,ip-version6,0,0,0,obt-collector1,7f3544029288,0,0,1576479442,0,0,false,false,false,false,true,1,0/RP0/CPU0,1,0,0,0,0,0,0,6791,1,0,647,139866751013512,1,0,646

2020-02-06 13:20:58.924000+00:00,leaf5,sg0,internetwork,0,0,0,obt-collector1,7f3544029018,0,0,1576479442,0,0,false,false,false,false,true,1,0/RP0/CPU0,1,0,0,0,0,0,0,6791,1,0,646,139866751012888,1,0,646

2020-02-06 13:20:58.924000+00:00,leaf5,sg0,ip-version6,0,0,0,obt-collector1,7f3544029288,0,0,1576479442,0,0,false,false,false,false,true,1,0/RP0/CPU0,1,0,0,0,0,0,0,6791,1,0,647,139866751013512,1,0,646

2020-02-06 13:21:08.929000+00:00,leaf5,sg0,internetwork,0,0,0,obt-collector1,7f3544029018,0,0,1576479442,0,0,false,false,false,false,true,1,0/RP0/CPU0,1,0,0,0,0,0,0,6791,1,0,646,139866751012888,1,0,646

2020-02-06 13:21:08.929000+00:00,leaf5,sg0,ip-version6,0,0,0,obt-collector1,7f3544029288,0,0,1576479442,0,0,false,false,false,false,true,1,0/RP0/CPU0,1,0,0,0,0,0,0,6791,1,0,647,139866751013512,1,0,646

2020-02-06 13:21:18.920000+00:00,leaf5,sg0,internetwork,0,0,0,obt-collector1,7f3544029018,0,0,1576479442,0,0,false,false,false,false,true,1,0/RP0/CPU0,1,0,0,0,0,0,0,6791,1,0,646,139866751012888,1,0,646

2020-02-06 13:21:18.920000+00:00,leaf5,sg0,ip-version6,0,0,0,obt-collector1,7f3544029288,0,0,1576479442,0,0,false,false,false,false,true,1,0/RP0/CPU0,1,0,0,0,0,0,0,6791,1,0,647,139866751013512,1,0,646

2020-02-06 13:21:28.935000+00:00,leaf5,sg0,internetwork,0,0,0,obt-collector1,7f3544029018,0,0,1576479442,0,0,false,false,false,false,true,1,0/RP0/CPU0,1,0,0,0,0,0,0,6791,1,0,646,139866751012888,1,0,646

2020-02-06 13:21:28.936000+00:00,leaf5,sg0,ip-version6,0,0,0,obt-collector1,7f3544029288,0,0,1576479442,0,0,false,false,false,false,true,1,0/RP0/CPU0,1,0,0,0,0,0,0,6791,1,0,647,139866751013512,1,0,646

2020-02-06 13:21:38.927000+00:00,leaf5,sg0,internetwork,0,0,0,obt-collector1,7f3544029018,0,0,1576479442,0,0,false,false,false,false,true,1,0/RP0/CPU0,1,0,0,0,0,0,0,6791,1,0,646,139866751012888,1,0,646

2020-02-06 13:21:38.927000+00:00,leaf5,sg0,ip-version6,0,0,0,obt-collector1,7f3544029288,0,0,1576479442,0,0,false,false,false,false,true,1,0/RP0/CPU0,1,0,0,0,0,0,0,6791,1,0,647,139866751013512,1,0,646

2020-02-06 13:21:48.922000+00:00,leaf5,sg0,internetwork,0,0,0,obt-collector1,7f3544029018,0,0,1576479442,0,0,false,false,false,false,true,1,0/RP0/CPU0,1,0,0,0,0,0,0,6791,1,0,646,139866751012888,1,0,646

2020-02-06 13:21:48.922000+00:00,leaf5,sg0,ip-version6,0,0,0,obt-collector1,7f3544029288,0,0,1576479442,0,0,false,false,false,false,true,1,0/RP0/CPU0,1,0,0,0,0,0,0,6791,1,0,647,139866751013512,1,0,646

2020-02-06 13:21:58.923000+00:00,leaf5,sg0,internetwork,0,0,0,obt-collector1,7f3544029018,0,0,1576479442,0,0,false,false,false,false,true,1,0/RP0/CPU0,1,0,0,0,0,0,0,6791,1,0,646,139866751012888,1,0,646

2020-02-06 13:21:58.923000+00:00,leaf5,sg0,ip-version6,0,0,0,obt-collector1,7f3544029288,0,0,1576479442,0,0,false,false,false,false,true,1,0/RP0/CPU0,1,0,0,0,0,0,0,6791,1,0,647,139866751013512,1,0,646

2020-02-06 13:22:08.921000+00:00,leaf5,sg0,internetwork,0,0,0,obt-collector1,7f3544029018,0,0,1576479442,0,0,false,false,false,false,true,1,0/RP0/CPU0,1,0,0,0,0,0,0,6791,1,0,646,139866751012888,1,0,646

2020-02-06 13:22:08.921000+00:00,leaf5,sg0,ip-version6,0,0,0,obt-collector1,7f3544029288,0,0,1576479442,0,0,false,false,false,false,true,1,0/RP0/CPU0,1,0,0,0,0,0,0,6791,1,0,647,139866751013512,1,0,646

2020-02-06 13:22:18.931000+00:00,leaf5,sg0,internetwork,0,0,0,obt-collector1,7f3544029018,0,0,1576479442,0,0,false,false,false,false,true,1,0/RP0/CPU0,1,0,0,0,0,0,0,6791,1,0,646,139866751012888,1,0,646

2020-02-06 13:22:18.931000+00:00,leaf5,sg0,ip-version6,0,0,0,obt-collector1,7f3544029288,0,0,1576479442,0,0,false,false,false,false,true,1,0/RP0/CPU0,1,0,0,0,0,0,0,6791,1,0,647,139866751013512,1,0,646

2020-02-06 13:22:28.924000+00:00,leaf5,sg0,internetwork,0,0,0,obt-collector1,7f3544029018,0,0,1576479442,0,0,false,false,false,false,true,1,0/RP0/CPU0,1,0,0,0,0,0,0,6791,1,0,646,139866751012888,1,0,646

2020-02-06 13:22:28.924000+00:00,leaf5,sg0,ip-version6,0,0,0,obt-collector1,7f3544029288,0,0,1576479442,0,0,false,false,false,false,true,1,0/RP0/CPU0,1,0,0,0,0,0,0,6791,1,0,647,139866751013512,1,0,646

2020-02-06 13:22:38.925000+00:00,leaf5,sg0,internetwork,0,0,0,obt-collector1,7f3544029018,0,0,1576479442,0,0,false,false,false,false,true,1,0/RP0/CPU0,1,0,0,0,0,0,0,6791,1,0,646,139866751012888,1,0,646

2020-02-06 13:22:38.925000+00:00,leaf5,sg0,ip-version6,0,0,0,obt-collector1,7f3544029288,0,0,1576479442,0,0,false,false,false,false,true,1,0/RP0/CPU0,1,0,0,0,0,0,0,6791,1,0,647,139866751013512,1,0,646

2020-02-06 13:22:48.924000+00:00,leaf5,sg0,internetwork,0,0,0,obt-collector1,7f3544029018,0,0,1576479442,0,0,false,false,false,false,true,1,0/RP0/CPU0,1,0,0,0,0,0,0,6791,1,0,646,139866751012888,1,0,646

2020-02-06 13:22:48.924000+00:00,leaf5,sg0,ip-version6,0,0,0,obt-collector1,7f3544029288,0,0,1576479442,0,0,false,false,false,false,true,1,0/RP0/CPU0,1,0,0,0,0,0,0,6791,1,0,647,139866751013512,1,0,646

2020-02-06 13:22:58.927000+00:00,leaf5,sg0,internetwork,0,0,0,obt-collector1,7f3544029018,0,0,1576479442,0,0,false,false,false,false,true,1,0/RP0/CPU0,1,0,0,0,0,0,0,6791,1,0,646,139866751012888,1,0,646

2020-02-06 13:22:58.927000+00:00,leaf5,sg0,ip-version6,0,0,0,obt-collector1,7f3544029288,0,0,1576479442,0,0,false,false,false,false,true,1,0/RP0/CPU0,1,0,0,0,0,0,0,6791,1,0,647,139866751013512,1,0,646

2020-02-06 13:23:08.928000+00:00,leaf5,sg0,internetwork,0,0,0,obt-collector1,7f3544029018,0,0,1576479442,0,0,false,false,false,false,true,1,0/RP0/CPU0,1,0,0,0,0,0,0,6791,1,0,646,139866751012888,1,0,646

2020-02-06 13:23:08.928000+00:00,leaf5,sg0,ip-version6,0,0,0,obt-collector1,7f3544029288,0,0,1576479442,0,0,false,false,false,false,true,1,0/RP0/CPU0,1,0,0,0,0,0,0,6791,1,0,647,139866751013512,1,0,646

2020-02-06 13:23:18.923000+00:00,leaf5,sg0,internetwork,0,0,0,obt-collector1,7f3544029018,0,0,1576479442,0,0,false,false,false,false,true,1,0/RP0/CPU0,1,0,0,0,0,0,0,6791,1,0,646,139866751012888,1,0,646

2020-02-06 13:23:18.923000+00:00,leaf5,sg0,ip-version6,0,0,0,obt-collector1,7f3544029288,0,0,1576479442,0,0,false,false,false,false,true,1,0/RP0/CPU0,1,0,0,0,0,0,0,6791,1,0,647,139866751013512,1,0,646

2020-02-06 13:23:28.925000+00:00,leaf5,sg0,internetwork,0,0,0,obt-collector1,7f3544029018,0,0,1576479442,0,0,false,false,false,false,true,1,0/RP0/CPU0,1,0,0,0,0,0,0,6791,1,0,646,139866751012888,1,0,646

2020-02-06 13:23:28.925000+00:00,leaf5,sg0,ip-version6,0,0,0,obt-collector1,7f3544029288,0,0,1576479442,0,0,false,false,false,false,true,1,0/RP0/CPU0,1,0,0,0,0,0,0,6791,1,0,647,139866751013512,1,0,646

2020-02-06 13:23:38.921000+00:00,leaf5,sg0,internetwork,0,0,0,obt-collector1,7f3544029018,0,0,1576479442,0,0,false,false,false,false,true,1,0/RP0/CPU0,1,0,0,0,0,0,0,6791,1,0,646,139866751012888,1,0,646

2020-02-06 13:23:38.921000+00:00,leaf5,sg0,ip-version6,0,0,0,obt-collector1,7f3544029288,0,0,1576479442,0,0,false,false,false,false,true,1,0/RP0/CPU0,1,0,0,0,0,0,0,6791,1,0,647,139866751013512,1,0,646

2020-02-06 13:23:48.926000+00:00,leaf5,sg0,internetwork,0,0,0,obt-collector1,7f3544029018,0,0,1576479442,0,0,false,false,false,false,true,1,0/RP0/CPU0,1,0,0,0,0,0,0,6791,1,0,646,139866751012888,1,0,646

2020-02-06 13:23:48.926000+00:00,leaf5,sg0,ip-version6,0,0,0,obt-collector1,7f3544029288,0,0,1576479442,0,0,false,false,false,false,true,1,0/RP0/CPU0,1,0,0,0,0,0,0,6791,1,0,647,139866751013512,1,0,646

2020-02-06 13:23:58.927000+00:00,leaf5,sg0,internetwork,0,0,0,obt-collector1,7f3544029018,0,0,1576479442,0,0,false,false,false,false,true,1,0/RP0/CPU0,1,0,0,0,0,0,0,6791,1,0,646,139866751012888,1,0,646

2020-02-06 13:23:58.927000+00:00,leaf5,sg0,ip-version6,0,0,0,obt-collector1,7f3544029288,0,0,1576479442,0,0,false,false,false,false,true,1,0/RP0/CPU0,1,0,0,0,0,0,0,6791,1,0,647,139866751013512,1,0,646

2020-02-06 13:24:08.928000+00:00,leaf5,sg0,internetwork,0,0,0,obt-collector1,7f3544029018,0,0,1576479442,0,0,false,false,false,false,true,1,0/RP0/CPU0,1,0,0,0,0,0,0,6791,1,0,646,139866751012888,1,0,646

2020-02-06 13:24:08.928000+00:00,leaf5,sg0,ip-version6,0,0,0,obt-collector1,7f3544029288,0,0,1576479442,0,0,false,false,false,false,true,1,0/RP0/CPU0,1,0,0,0,0,0,0,6791,1,0,647,139866751013512,1,0,646

2020-02-06 13:24:18.928000+00:00,leaf5,sg0,internetwork,0,0,0,obt-collector1,7f3544029018,0,0,1576479442,0,0,false,false,false,false,true,1,0/RP0/CPU0,1,0,0,0,0,0,0,6791,1,0,646,139866751012888,1,0,646

2020-02-06 13:24:18.928000+00:00,leaf5,sg0,ip-version6,0,0,0,obt-collector1,7f3544029288,0,0,1576479442,0,0,false,false,false,false,true,1,0/RP0/CPU0,1,0,0,0,0,0,0,6791,1,0,647,139866751013512,1,0,646

2020-02-06 13:24:28.926000+00:00,leaf5,sg0,internetwork,0,0,0,obt-collector1,7f3544029018,0,0,1576479442,0,0,false,false,false,false,true,1,0/RP0/CPU0,1,0,0,0,0,0,0,6791,1,0,646,139866751012888,1,0,646

2020-02-06 13:24:28.926000+00:00,leaf5,sg0,ip-version6,0,0,0,obt-collector1,7f3544029288,0,0,1576479442,0,0,false,false,false,false,true,1,0/RP0/CPU0,1,0,0,0,0,0,0,6791,1,0,647,139866751013512,1,0,646

2020-02-06 13:24:38.922000+00:00,leaf5,sg0,internetwork,0,0,0,obt-collector1,7f3544029018,0,0,1576479442,0,0,false,false,false,false,true,1,0/RP0/CPU0,1,0,0,0,0,0,0,6791,1,0,646,139866751012888,1,0,646

2020-02-06 13:24:38.923000+00:00,leaf5,sg0,ip-version6,0,0,0,obt-collector1,7f3544029288,0,0,1576479442,0,0,false,false,false,false,true,1,0/RP0/CPU0,1,0,0,0,0,0,0,6791,1,0,647,139866751013512,1,0,646

2020-02-06 13:24:48.929000+00:00,leaf5,sg0,internetwork,0,0,0,obt-collector1,7f3544029018,0,0,1576479442,0,0,false,false,false,false,true,1,0/RP0/CPU0,1,0,0,0,0,0,0,6791,1,0,646,139866751012888,1,0,646

2020-02-06 13:24:48.929000+00:00,leaf5,sg0,ip-version6,0,0,0,obt-collector1,7f3544029288,0,0,1576479442,0,0,false,false,false,false,true,1,0/RP0/CPU0,1,0,0,0,0,0,0,6791,1,0,647,139866751013512,1,0,646

2020-02-06 13:24:58.932000+00:00,leaf5,sg0,internetwork,0,0,0,obt-collector1,7f3544029018,0,0,1576479442,0,0,false,false,false,false,true,1,0/RP0/CPU0,1,0,0,0,0,0,0,6791,1,0,646,139866751012888,1,0,646

2020-02-06 13:24:58.932000+00:00,leaf5,sg0,ip-version6,0,0,0,obt-collector1,7f3544029288,0,0,1576479442,0,0,false,false,false,false,true,1,0/RP0/CPU0,1,0,0,0,0,0,0,6791,1,0,647,139866751013512,1,0,646

2020-02-06 13:25:08.930000+00:00,leaf5,sg0,internetwork,0,0,0,obt-collector1,7f3544029018,0,0,1576479442,0,0,false,false,false,false,true,1,0/RP0/CPU0,1,0,0,0,0,0,0,6791,1,0,646,139866751012888,1,0,646

2020-02-06 13:25:08.930000+00:00,leaf5,sg0,ip-version6,0,0,0,obt-collector1,7f3544029288,0,0,1576479442,0,0,false,false,false,false,true,1,0/RP0/CPU0,1,0,0,0,0,0,0,6791,1,0,647,139866751013512,1,0,646

2020-02-06 13:25:18.927000+00:00,leaf5,sg0,internetwork,0,0,0,obt-collector1,7f3544029018,0,0,1576479442,0,0,false,false,false,false,true,1,0/RP0/CPU0,1,0,0,0,0,0,0,6791,1,0,646,139866751012888,1,0,646

2020-02-06 13:25:18.927000+00:00,leaf5,sg0,ip-version6,0,0,0,obt-collector1,7f3544029288,0,0,1576479442,0,0,false,false,false,false,true,1,0/RP0/CPU0,1,0,0,0,0,0,0,6791,1,0,647,139866751013512,1,0,646

2020-02-06 13:25:28.925000+00:00,leaf5,sg0,internetwork,0,0,0,obt-collector1,7f3544029018,0,0,1576479442,0,0,false,false,false,false,true,1,0/RP0/CPU0,1,0,0,0,0,0,0,6791,1,0,646,139866751012888,1,0,646

2020-02-06 13:25:28.925000+00:00,leaf5,sg0,ip-version6,0,0,0,obt-collector1,7f3544029288,0,0,1576479442,0,0,false,false,false,false,true,1,0/RP0/CPU0,1,0,0,0,0,0,0,6791,1,0,647,139866751013512,1,0,646

2020-02-06 13:25:38.933000+00:00,leaf5,sg0,internetwork,0,0,0,obt-collector1,7f3544029018,0,0,1576479442,0,0,false,false,false,false,true,1,0/RP0/CPU0,1,0,0,0,0,0,0,6791,1,0,646,139866751012888,1,0,646

2020-02-06 13:25:38.933000+00:00,leaf5,sg0,ip-version6,0,0,0,obt-collector1,7f3544029288,0,0,1576479442,0,0,false,false,false,false,true,1,0/RP0/CPU0,1,0,0,0,0,0,0,6791,1,0,647,139866751013512,1,0,646

2020-02-06 13:25:48.925000+00:00,leaf5,sg0,internetwork,0,0,0,obt-collector1,7f3544029018,0,0,1576479442,0,0,false,false,false,false,true,1,0/RP0/CPU0,1,0,0,0,0,0,0,6791,1,0,646,139866751012888,1,0,646

2020-02-06 13:25:48.925000+00:00,leaf5,sg0,ip-version6,0,0,0,obt-collector1,7f3544029288,0,0,1576479442,0,0,false,false,false,false,true,1,0/RP0/CPU0,1,0,0,0,0,0,0,6791,1,0,647,139866751013512,1,0,646

2020-02-06 13:25:58.928000+00:00,leaf5,sg0,internetwork,0,0,0,obt-collector1,7f3544029018,0,0,1576479442,0,0,false,false,false,false,true,1,0/RP0/CPU0,1,0,0,0,0,0,0,6791,1,0,646,139866751012888,1,0,646

2020-02-06 13:25:58.928000+00:00,leaf5,sg0,ip-version6,0,0,0,obt-collector1,7f3544029288,0,0,1576479442,0,0,false,false,false,false,true,1,0/RP0/CPU0,1,0,0,0,0,0,0,6791,1,0,647,139866751013512,1,0,646

2020-02-06 13:26:08.927000+00:00,leaf5,sg0,internetwork,0,0,0,obt-collector1,7f3544029018,0,0,1576479442,0,0,false,false,false,false,true,1,0/RP0/CPU0,1,0,0,0,0,0,0,6791,1,0,646,139866751012888,1,0,646

2020-02-06 13:26:08.927000+00:00,leaf5,sg0,ip-version6,0,0,0,obt-collector1,7f3544029288,0,0,1576479442,0,0,false,false,false,false,true,1,0/RP0/CPU0,1,0,0,0,0,0,0,6791,1,0,647,139866751013512,1,0,646

2020-02-06 13:26:18.929000+00:00,leaf5,sg0,internetwork,0,0,0,obt-collector1,7f3544029018,0,0,1576479442,0,0,false,false,false,false,true,1,0/RP0/CPU0,1,0,0,0,0,0,0,6791,1,0,646,139866751012888,1,0,646

2020-02-06 13:26:18.929000+00:00,leaf5,sg0,ip-version6,0,0,0,obt-collector1,7f3544029288,0,0,1576479442,0,0,false,false,false,false,true,1,0/RP0/CPU0,1,0,0,0,0,0,0,6791,1,0,647,139866751013512,1,0,646

2020-02-06 13:26:28.930000+00:00,leaf5,sg0,internetwork,0,0,0,obt-collector1,7f3544029018,0,0,1576479442,0,0,false,false,false,false,true,1,0/RP0/CPU0,1,0,0,0,0,0,0,6791,1,0,646,139866751012888,1,0,646

2020-02-06 13:26:28.930000+00:00,leaf5,sg0,ip-version6,0,0,0,obt-collector1,7f3544029288,0,0,1576479442,0,0,false,false,false,false,true,1,0/RP0/CPU0,1,0,0,0,0,0,0,6791,1,0,647,139866751013512,1,0,646

2020-02-06 13:26:38.928000+00:00,leaf5,sg0,internetwork,0,0,0,obt-collector1,7f3544029018,0,0,1576479442,0,0,false,false,false,false,true,1,0/RP0/CPU0,1,0,0,0,0,0,0,6791,1,0,646,139866751012888,1,0,646

2020-02-06 13:26:38.928000+00:00,leaf5,sg0,ip-version6,0,0,0,obt-collector1,7f3544029288,0,0,1576479442,0,0,false,false,false,false,true,1,0/RP0/CPU0,1,0,0,0,0,0,0,6791,1,0,647,139866751013512,1,0,646

2020-02-06 13:26:48.931000+00:00,leaf5,sg0,internetwork,0,0,0,obt-collector1,7f3544029018,0,0,1576479442,0,0,false,false,false,false,true,1,0/RP0/CPU0,1,0,0,0,0,0,0,6791,1,0,646,139866751012888,1,0,646

2020-02-06 13:26:48.931000+00:00,leaf5,sg0,ip-version6,0,0,0,obt-collector1,7f3544029288,0,0,1576479442,0,0,false,false,false,false,true,1,0/RP0/CPU0,1,0,0,0,0,0,0,6791,1,0,647,139866751013512,1,0,646

2020-02-06 13:26:58.926000+00:00,leaf5,sg0,internetwork,0,0,0,obt-collector1,7f3544029018,0,0,1576479442,0,0,false,false,false,false,true,1,0/RP0/CPU0,1,0,0,0,0,0,0,6791,1,0,646,139866751012888,1,0,646

2020-02-06 13:26:58.926000+00:00,leaf5,sg0,ip-version6,0,0,0,obt-collector1,7f3544029288,0,0,1576479442,0,0,false,false,false,false,true,1,0/RP0/CPU0,1,0,0,0,0,0,0,6791,1,0,647,139866751013512,1,0,646

2020-02-06 13:27:08.927000+00:00,leaf5,sg0,internetwork,0,0,0,obt-collector1,7f3544029018,0,0,1576479442,0,0,false,false,false,false,true,1,0/RP0/CPU0,1,0,0,0,0,0,0,6791,1,0,646,139866751012888,1,0,646

2020-02-06 13:27:08.927000+00:00,leaf5,sg0,ip-version6,0,0,0,obt-collector1,7f3544029288,0,0,1576479442,0,0,false,false,false,false,true,1,0/RP0/CPU0,1,0,0,0,0,0,0,6791,1,0,647,139866751013512,1,0,646

2020-02-06 13:27:18.927000+00:00,leaf5,sg0,internetwork,0,0,0,obt-collector1,7f3544029018,0,0,1576479442,0,0,false,false,false,false,true,1,0/RP0/CPU0,1,0,0,0,0,0,0,6791,1,0,646,139866751012888,1,0,646

2020-02-06 13:27:18.927000+00:00,leaf5,sg0,ip-version6,0,0,0,obt-collector1,7f3544029288,0,0,1576479442,0,0,false,false,false,false,true,1,0/RP0/CPU0,1,0,0,0,0,0,0,6791,1,0,647,139866751013512,1,0,646

2020-02-06 13:27:28.927000+00:00,leaf5,sg0,internetwork,0,0,0,obt-collector1,7f3544029018,0,0,1576479442,0,0,false,false,false,false,true,1,0/RP0/CPU0,1,0,0,0,0,0,0,6791,1,0,646,139866751012888,1,0,646

2020-02-06 13:27:28.927000+00:00,leaf5,sg0,ip-version6,0,0,0,obt-collector1,7f3544029288,0,0,1576479442,0,0,false,false,false,false,true,1,0/RP0/CPU0,1,0,0,0,0,0,0,6791,1,0,647,139866751013512,1,0,646

2020-02-06 13:27:38.928000+00:00,leaf5,sg0,internetwork,0,0,0,obt-collector1,7f3544029018,0,0,1576479442,0,0,false,false,false,false,true,1,0/RP0/CPU0,1,0,0,0,0,0,0,6791,1,0,646,139866751012888,1,0,646

2020-02-06 13:27:38.928000+00:00,leaf5,sg0,ip-version6,0,0,0,obt-collector1,7f3544029288,0,0,1576479442,0,0,false,false,false,false,true,1,0/RP0/CPU0,1,0,0,0,0,0,0,6791,1,0,647,139866751013512,1,0,646

2020-02-06 13:27:48.927000+00:00,leaf5,sg0,internetwork,0,0,0,obt-collector1,7f3544029018,0,0,1576479442,0,0,false,false,false,false,true,1,0/RP0/CPU0,1,0,0,0,0,0,0,6791,1,0,646,139866751012888,1,0,646

2020-02-06 13:27:48.927000+00:00,leaf5,sg0,ip-version6,0,0,0,obt-collector1,7f3544029288,0,0,1576479442,0,0,false,false,false,false,true,1,0/RP0/CPU0,1,0,0,0,0,0,0,6791,1,0,647,139866751013512,1,0,646

2020-02-06 13:27:58.927000+00:00,leaf5,sg0,internetwork,0,0,0,obt-collector1,7f3544029018,0,0,1576479442,0,0,false,false,false,false,true,1,0/RP0/CPU0,1,0,0,0,0,0,0,6791,1,0,646,139866751012888,1,0,646

2020-02-06 13:27:58.927000+00:00,leaf5,sg0,ip-version6,0,0,0,obt-collector1,7f3544029288,0,0,1576479442,0,0,false,false,false,false,true,1,0/RP0/CPU0,1,0,0,0,0,0,0,6791,1,0,647,139866751013512,1,0,646

2020-02-06 13:28:08.934000+00:00,leaf5,sg0,internetwork,0,0,0,obt-collector1,7f3544029018,0,0,1576479442,0,0,false,false,false,false,true,1,0/RP0/CPU0,1,0,0,0,0,0,0,6791,1,0,646,139866751012888,1,0,646

2020-02-06 13:28:08.934000+00:00,leaf5,sg0,ip-version6,0,0,0,obt-collector1,7f3544029288,0,0,1576479442,0,0,false,false,false,false,true,1,0/RP0/CPU0,1,0,0,0,0,0,0,6791,1,0,647,139866751013512,1,0,646

2020-02-06 13:28:18.929000+00:00,leaf5,sg0,internetwork,0,0,0,obt-collector1,7f3544029018,0,0,1576479442,0,0,false,false,false,false,true,1,0/RP0/CPU0,1,0,0,0,0,0,0,6791,1,0,646,139866751012888,1,0,646

2020-02-06 13:28:18.929000+00:00,leaf5,sg0,ip-version6,0,0,0,obt-collector1,7f3544029288,0,0,1576479442,0,0,false,false,false,false,true,1,0/RP0/CPU0,1,0,0,0,0,0,0,6791,1,0,647,139866751013512,1,0,646

2020-02-06 13:28:28.930000+00:00,leaf5,sg0,internetwork,0,0,0,obt-collector1,7f3544029018,0,0,1576479442,0,0,false,false,false,false,true,1,0/RP0/CPU0,1,0,0,0,0,0,0,6791,1,0,646,139866751012888,1,0,646

2020-02-06 13:28:28.930000+00:00,leaf5,sg0,ip-version6,0,0,0,obt-collector1,7f3544029288,0,0,1576479442,0,0,false,false,false,false,true,1,0/RP0/CPU0,1,0,0,0,0,0,0,6791,1,0,647,139866751013512,1,0,646

2020-02-06 13:28:38.935000+00:00,leaf5,sg0,internetwork,0,0,0,obt-collector1,7f3544029018,0,0,1576479442,0,0,false,false,false,false,true,1,0/RP0/CPU0,1,0,0,0,0,0,0,6791,1,0,646,139866751012888,1,0,646

2020-02-06 13:28:38.935000+00:00,leaf5,sg0,ip-version6,0,0,0,obt-collector1,7f3544029288,0,0,1576479442,0,0,false,false,false,false,true,1,0/RP0/CPU0,1,0,0,0,0,0,0,6791,1,0,647,139866751013512,1,0,646

2020-02-06 13:28:48.928000+00:00,leaf5,sg0,internetwork,0,0,0,obt-collector1,7f3544029018,0,0,1576479442,0,0,false,false,false,false,true,1,0/RP0/CPU0,1,0,0,0,0,0,0,6791,1,0,646,139866751012888,1,0,646

2020-02-06 13:28:48.928000+00:00,leaf5,sg0,ip-version6,0,0,0,obt-collector1,7f3544029288,0,0,1576479442,0,0,false,false,false,false,true,1,0/RP0/CPU0,1,0,0,0,0,0,0,6791,1,0,647,139866751013512,1,0,646

2020-02-06 13:28:58.929000+00:00,leaf5,sg0,internetwork,0,0,0,obt-collector1,7f3544029018,0,0,1576479442,0,0,false,false,false,false,true,1,0/RP0/CPU0,1,0,0,0,0,0,0,6791,1,0,646,139866751012888,1,0,646

2020-02-06 13:28:58.929000+00:00,leaf5,sg0,ip-version6,0,0,0,obt-collector1,7f3544029288,0,0,1576479442,0,0,false,false,false,false,true,1,0/RP0/CPU0,1,0,0,0,0,0,0,6791,1,0,647,139866751013512,1,0,646

2020-02-06 13:29:08.928000+00:00,leaf5,sg0,internetwork,0,0,0,obt-collector1,7f3544029018,0,0,1576479442,0,0,false,false,false,false,true,1,0/RP0/CPU0,1,0,0,0,0,0,0,6791,1,0,646,139866751012888,1,0,646

2020-02-06 13:29:08.928000+00:00,leaf5,sg0,ip-version6,0,0,0,obt-collector1,7f3544029288,0,0,1576479442,0,0,false,false,false,false,true,1,0/RP0/CPU0,1,0,0,0,0,0,0,6791,1,0,647,139866751013512,1,0,646

2020-02-06 13:29:18.933000+00:00,leaf5,sg0,internetwork,0,0,0,obt-collector1,7f3544029018,0,0,1576479442,0,0,false,false,false,false,true,1,0/RP0/CPU0,1,0,0,0,0,0,0,6791,1,0,646,139866751012888,1,0,646

2020-02-06 13:29:18.933000+00:00,leaf5,sg0,ip-version6,0,0,0,obt-collector1,7f3544029288,0,0,1576479442,0,0,false,false,false,false,true,1,0/RP0/CPU0,1,0,0,0,0,0,0,6791,1,0,647,139866751013512,1,0,646

2020-02-06 13:29:28.928000+00:00,leaf5,sg0,internetwork,0,0,0,obt-collector1,7f3544029018,0,0,1576479442,0,0,false,false,false,false,true,1,0/RP0/CPU0,1,0,0,0,0,0,0,6791,1,0,646,139866751012888,1,0,646

2020-02-06 13:29:28.928000+00:00,leaf5,sg0,ip-version6,0,0,0,obt-collector1,7f3544029288,0,0,1576479442,0,0,false,false,false,false,true,1,0/RP0/CPU0,1,0,0,0,0,0,0,6791,1,0,647,139866751013512,1,0,646

2020-02-06 13:29:38.932000+00:00,leaf5,sg0,internetwork,0,0,0,obt-collector1,7f3544029018,0,0,1576479442,0,0,false,false,false,false,true,1,0/RP0/CPU0,1,0,0,0,0,0,0,6791,1,0,646,139866751012888,1,0,646

2020-02-06 13:29:38.932000+00:00,leaf5,sg0,ip-version6,0,0,0,obt-collector1,7f3544029288,0,0,1576479442,0,0,false,false,false,false,true,1,0/RP0/CPU0,1,0,0,0,0,0,0,6791,1,0,647,139866751013512,1,0,646

2020-02-06 13:29:48.938000+00:00,leaf5,sg0,internetwork,0,0,0,obt-collector1,7f3544029018,0,0,1576479442,0,0,false,false,false,false,true,1,0/RP0/CPU0,1,0,0,0,0,0,0,6791,1,0,646,139866751012888,1,0,646

2020-02-06 13:29:48.938000+00:00,leaf5,sg0,ip-version6,0,0,0,obt-collector1,7f3544029288,0,0,1576479442,0,0,false,false,false,false,true,1,0/RP0/CPU0,1,0,0,0,0,0,0,6791,1,0,647,139866751013512,1,0,646

2020-02-06 13:29:58.930000+00:00,leaf5,sg0,internetwork,0,0,0,obt-collector1,7f3544029018,0,0,1576479442,0,0,false,false,false,false,true,1,0/RP0/CPU0,1,0,0,0,0,0,0,6791,1,0,646,139866751012888,1,0,646

2020-02-06 13:29:58.930000+00:00,leaf5,sg0,ip-version6,0,0,0,obt-collector1,7f3544029288,0,0,1576479442,0,0,false,false,false,false,true,1,0/RP0/CPU0,1,0,0,0,0,0,0,6791,1,0,647,139866751013512,1,0,646

2020-02-06 13:30:08.937000+00:00,leaf5,sg0,internetwork,0,0,0,obt-collector1,7f3544029018,0,0,1576479442,0,0,false,false,false,false,true,1,0/RP0/CPU0,1,0,0,0,0,0,0,6791,1,0,646,139866751012888,1,0,646

2020-02-06 13:30:08.937000+00:00,leaf5,sg0,ip-version6,0,0,0,obt-collector1,7f3544029288,0,0,1576479442,0,0,false,false,false,false,true,1,0/RP0/CPU0,1,0,0,0,0,0,0,6791,1,0,647,139866751013512,1,0,646

2020-02-06 13:30:18.927000+00:00,leaf5,sg0,internetwork,0,0,0,obt-collector1,7f3544029018,0,0,1576479442,0,0,false,false,false,false,true,1,0/RP0/CPU0,1,0,0,0,0,0,0,6791,1,0,646,139866751012888,1,0,646

2020-02-06 13:30:18.927000+00:00,leaf5,sg0,ip-version6,0,0,0,obt-collector1,7f3544029288,0,0,1576479442,0,0,false,false,false,false,true,1,0/RP0/CPU0,1,0,0,0,0,0,0,6791,1,0,647,139866751013512,1,0,646

2020-02-06 13:30:28.930000+00:00,leaf5,sg0,internetwork,0,0,0,obt-collector1,7f3544029018,0,0,1576479442,0,0,false,false,false,false,true,1,0/RP0/CPU0,1,0,0,0,0,0,0,6791,1,0,646,139866751012888,1,0,646

2020-02-06 13:30:28.930000+00:00,leaf5,sg0,ip-version6,0,0,0,obt-collector1,7f3544029288,0,0,1576479442,0,0,false,false,false,false,true,1,0/RP0/CPU0,1,0,0,0,0,0,0,6791,1,0,647,139866751013512,1,0,646

2020-02-06 13:30:38.932000+00:00,leaf5,sg0,internetwork,0,0,0,obt-collector1,7f3544029018,0,0,1576479442,0,0,false,false,false,false,true,1,0/RP0/CPU0,1,0,0,0,0,0,0,6791,1,0,646,139866751012888,1,0,646

2020-02-06 13:30:38.932000+00:00,leaf5,sg0,ip-version6,0,0,0,obt-collector1,7f3544029288,0,0,1576479442,0,0,false,false,false,false,true,1,0/RP0/CPU0,1,0,0,0,0,0,0,6791,1,0,647,139866751013512,1,0,646

2020-02-06 13:30:48.937000+00:00,leaf5,sg0,internetwork,0,0,0,obt-collector1,7f3544029018,0,0,1576479442,0,0,false,false,false,false,true,1,0/RP0/CPU0,1,0,0,0,0,0,0,6791,1,0,646,139866751012888,1,0,646

2020-02-06 13:30:48.938000+00:00,leaf5,sg0,ip-version6,0,0,0,obt-collector1,7f3544029288,0,0,1576479442,0,0,false,false,false,false,true,1,0/RP0/CPU0,1,0,0,0,0,0,0,6791,1,0,647,139866751013512,1,0,646

2020-02-06 13:30:58.932000+00:00,leaf5,sg0,internetwork,0,0,0,obt-collector1,7f3544029018,0,0,1576479442,0,0,false,false,false,false,true,1,0/RP0/CPU0,1,0,0,0,0,0,0,6791,1,0,646,139866751012888,1,0,646

2020-02-06 13:30:58.932000+00:00,leaf5,sg0,ip-version6,0,0,0,obt-collector1,7f3544029288,0,0,1576479442,0,0,false,false,false,false,true,1,0/RP0/CPU0,1,0,0,0,0,0,0,6791,1,0,647,139866751013512,1,0,646

2020-02-06 13:31:08.940000+00:00,leaf5,sg0,internetwork,0,0,0,obt-collector1,7f3544029018,0,0,1576479442,0,0,false,false,false,false,true,1,0/RP0/CPU0,1,0,0,0,0,0,0,6791,1,0,646,139866751012888,1,0,646

2020-02-06 13:31:08.940000+00:00,leaf5,sg0,ip-version6,0,0,0,obt-collector1,7f3544029288,0,0,1576479442,0,0,false,false,false,false,true,1,0/RP0/CPU0,1,0,0,0,0,0,0,6791,1,0,647,139866751013512,1,0,646

2020-02-06 13:31:18.936000+00:00,leaf5,sg0,internetwork,0,0,0,obt-collector1,7f3544029018,0,0,1576479442,0,0,false,false,false,false,true,1,0/RP0/CPU0,1,0,0,0,0,0,0,6791,1,0,646,139866751012888,1,0,646

2020-02-06 13:31:18.936000+00:00,leaf5,sg0,ip-version6,0,0,0,obt-collector1,7f3544029288,0,0,1576479442,0,0,false,false,false,false,true,1,0/RP0/CPU0,1,0,0,0,0,0,0,6791,1,0,647,139866751013512,1,0,646

2020-02-06 13:31:28.935000+00:00,leaf5,sg0,internetwork,0,0,0,obt-collector1,7f3544029018,0,0,1576479442,0,0,false,false,false,false,true,1,0/RP0/CPU0,1,0,0,0,0,0,0,6791,1,0,646,139866751012888,1,0,646

2020-02-06 13:31:28.935000+00:00,leaf5,sg0,ip-version6,0,0,0,obt-collector1,7f3544029288,0,0,1576479442,0,0,false,false,false,false,true,1,0/RP0/CPU0,1,0,0,0,0,0,0,6791,1,0,647,139866751013512,1,0,646

2020-02-06 13:31:38.929000+00:00,leaf5,sg0,internetwork,0,0,0,obt-collector1,7f3544029018,0,0,1576479442,0,0,false,false,false,false,true,1,0/RP0/CPU0,1,0,0,0,0,0,0,6791,1,0,646,139866751012888,1,0,646

2020-02-06 13:31:38.929000+00:00,leaf5,sg0,ip-version6,0,0,0,obt-collector1,7f3544029288,0,0,1576479442,0,0,false,false,false,false,true,1,0/RP0/CPU0,1,0,0,0,0,0,0,6791,1,0,647,139866751013512,1,0,646

2020-02-06 13:31:48.931000+00:00,leaf5,sg0,internetwork,0,0,0,obt-collector1,7f3544029018,0,0,1576479442,0,0,false,false,false,false,true,1,0/RP0/CPU0,1,0,0,0,0,0,0,6791,1,0,646,139866751012888,1,0,646

2020-02-06 13:31:48.931000+00:00,leaf5,sg0,ip-version6,0,0,0,obt-collector1,7f3544029288,0,0,1576479442,0,0,false,false,false,false,true,1,0/RP0/CPU0,1,0,0,0,0,0,0,6791,1,0,647,139866751013512,1,0,646

2020-02-06 13:31:58.938000+00:00,leaf5,sg0,internetwork,0,0,0,obt-collector1,7f3544029018,0,0,1576479442,0,0,false,false,false,false,true,1,0/RP0/CPU0,1,0,0,0,0,0,0,6791,1,0,646,139866751012888,1,0,646

2020-02-06 13:31:58.938000+00:00,leaf5,sg0,ip-version6,0,0,0,obt-collector1,7f3544029288,0,0,1576479442,0,0,false,false,false,false,true,1,0/RP0/CPU0,1,0,0,0,0,0,0,6791,1,0,647,139866751013512,1,0,646

2020-02-06 13:32:08.930000+00:00,leaf5,sg0,internetwork,0,0,0,obt-collector1,7f3544029018,0,0,1576479442,0,0,false,false,false,false,true,1,0/RP0/CPU0,1,0,0,0,0,0,0,6791,1,0,646,139866751012888,1,0,646

2020-02-06 13:32:08.930000+00:00,leaf5,sg0,ip-version6,0,0,0,obt-collector1,7f3544029288,0,0,1576479442,0,0,false,false,false,false,true,1,0/RP0/CPU0,1,0,0,0,0,0,0,6791,1,0,647,139866751013512,1,0,646

2020-02-06 13:32:18.935000+00:00,leaf5,sg0,internetwork,0,0,0,obt-collector1,7f3544029018,0,0,1576479442,0,0,false,false,false,false,true,1,0/RP0/CPU0,1,0,0,0,0,0,0,6791,1,0,646,139866751012888,1,0,646

2020-02-06 13:32:18.935000+00:00,leaf5,sg0,ip-version6,0,0,0,obt-collector1,7f3544029288,0,0,1576479442,0,0,false,false,false,false,true,1,0/RP0/CPU0,1,0,0,0,0,0,0,6791,1,0,647,139866751013512,1,0,646

2020-02-06 13:32:28.933000+00:00,leaf5,sg0,internetwork,0,0,0,obt-collector1,7f3544029018,0,0,1576479442,0,0,false,false,false,false,true,1,0/RP0/CPU0,1,0,0,0,0,0,0,6791,1,0,646,139866751012888,1,0,646

2020-02-06 13:32:28.933000+00:00,leaf5,sg0,ip-version6,0,0,0,obt-collector1,7f3544029288,0,0,1576479442,0,0,false,false,false,false,true,1,0/RP0/CPU0,1,0,0,0,0,0,0,6791,1,0,647,139866751013512,1,0,646

2020-02-06 13:32:38.940000+00:00,leaf5,sg0,internetwork,0,0,0,obt-collector1,7f3544029018,0,0,1576479442,0,0,false,false,false,false,true,1,0/RP0/CPU0,1,0,0,0,0,0,0,6791,1,0,646,139866751012888,1,0,646

2020-02-06 13:32:38.940000+00:00,leaf5,sg0,ip-version6,0,0,0,obt-collector1,7f3544029288,0,0,1576479442,0,0,false,false,false,false,true,1,0/RP0/CPU0,1,0,0,0,0,0,0,6791,1,0,647,139866751013512,1,0,646

2020-02-06 13:32:48.931000+00:00,leaf5,sg0,internetwork,0,0,0,obt-collector1,7f3544029018,0,0,1576479442,0,0,false,false,false,false,true,1,0/RP0/CPU0,1,0,0,0,0,0,0,6791,1,0,646,139866751012888,1,0,646

2020-02-06 13:32:48.931000+00:00,leaf5,sg0,ip-version6,0,0,0,obt-collector1,7f3544029288,0,0,1576479442,0,0,false,false,false,false,true,1,0/RP0/CPU0,1,0,0,0,0,0,0,6791,1,0,647,139866751013512,1,0,646

2020-02-06 13:32:58.939000+00:00,leaf5,sg0,internetwork,0,0,0,obt-collector1,7f3544029018,0,0,1576479442,0,0,false,false,false,false,true,1,0/RP0/CPU0,1,0,0,0,0,0,0,6791,1,0,646,139866751012888,1,0,646

2020-02-06 13:32:58.939000+00:00,leaf5,sg0,ip-version6,0,0,0,obt-collector1,7f3544029288,0,0,1576479442,0,0,false,false,false,false,true,1,0/RP0/CPU0,1,0,0,0,0,0,0,6791,1,0,647,139866751013512,1,0,646

2020-02-06 13:33:08.932000+00:00,leaf5,sg0,internetwork,0,0,0,obt-collector1,7f3544029018,0,0,1576479442,0,0,false,false,false,false,true,1,0/RP0/CPU0,1,0,0,0,0,0,0,6791,1,0,646,139866751012888,1,0,646

2020-02-06 13:33:08.932000+00:00,leaf5,sg0,ip-version6,0,0,0,obt-collector1,7f3544029288,0,0,1576479442,0,0,false,false,false,false,true,1,0/RP0/CPU0,1,0,0,0,0,0,0,6791,1,0,647,139866751013512,1,0,646

2020-02-06 13:33:18.940000+00:00,leaf5,sg0,internetwork,0,0,0,obt-collector1,7f3544029018,0,0,1576479442,0,0,false,false,false,false,true,1,0/RP0/CPU0,1,0,0,0,0,0,0,6791,1,0,646,139866751012888,1,0,646

2020-02-06 13:33:18.940000+00:00,leaf5,sg0,ip-version6,0,0,0,obt-collector1,7f3544029288,0,0,1576479442,0,0,false,false,false,false,true,1,0/RP0/CPU0,1,0,0,0,0,0,0,6791,1,0,647,139866751013512,1,0,646

2020-02-06 13:33:28.936000+00:00,leaf5,sg0,internetwork,0,0,0,obt-collector1,7f3544029018,0,0,1576479442,0,0,false,false,false,false,true,1,0/RP0/CPU0,1,0,0,0,0,0,0,6791,1,0,646,139866751012888,1,0,646

2020-02-06 13:33:28.936000+00:00,leaf5,sg0,ip-version6,0,0,0,obt-collector1,7f3544029288,0,0,1576479442,0,0,false,false,false,false,true,1,0/RP0/CPU0,1,0,0,0,0,0,0,6791,1,0,647,139866751013512,1,0,646

2020-02-06 13:33:38.931000+00:00,leaf5,sg0,internetwork,0,0,0,obt-collector1,7f3544029018,0,0,1576479442,0,0,false,false,false,false,true,1,0/RP0/CPU0,1,0,0,0,0,0,0,6791,1,0,646,139866751012888,1,0,646

2020-02-06 13:33:38.931000+00:00,leaf5,sg0,ip-version6,0,0,0,obt-collector1,7f3544029288,0,0,1576479442,0,0,false,false,false,false,true,1,0/RP0/CPU0,1,0,0,0,0,0,0,6791,1,0,647,139866751013512,1,0,646

2020-02-06 13:33:48.938000+00:00,leaf5,sg0,internetwork,0,0,0,obt-collector1,7f3544029018,0,0,1576479442,0,0,false,false,false,false,true,1,0/RP0/CPU0,1,0,0,0,0,0,0,6791,1,0,646,139866751012888,1,0,646

2020-02-06 13:33:48.938000+00:00,leaf5,sg0,ip-version6,0,0,0,obt-collector1,7f3544029288,0,0,1576479442,0,0,false,false,false,false,true,1,0/RP0/CPU0,1,0,0,0,0,0,0,6791,1,0,647,139866751013512,1,0,646

2020-02-06 13:33:58.932000+00:00,leaf5,sg0,internetwork,0,0,0,obt-collector1,7f3544029018,0,0,1576479442,0,0,false,false,false,false,true,1,0/RP0/CPU0,1,0,0,0,0,0,0,6791,1,0,646,139866751012888,1,0,646

2020-02-06 13:33:58.932000+00:00,leaf5,sg0,ip-version6,0,0,0,obt-collector1,7f3544029288,0,0,1576479442,0,0,false,false,false,false,true,1,0/RP0/CPU0,1,0,0,0,0,0,0,6791,1,0,647,139866751013512,1,0,646

2020-02-06 13:34:08.938000+00:00,leaf5,sg0,internetwork,0,0,0,obt-collector1,7f3544029018,0,0,1576479442,0,0,false,false,false,false,true,1,0/RP0/CPU0,1,0,0,0,0,0,0,6791,1,0,646,139866751012888,1,0,646

2020-02-06 13:34:08.938000+00:00,leaf5,sg0,ip-version6,0,0,0,obt-collector1,7f3544029288,0,0,1576479442,0,0,false,false,false,false,true,1,0/RP0/CPU0,1,0,0,0,0,0,0,6791,1,0,647,139866751013512,1,0,646

2020-02-06 13:34:18.933000+00:00,leaf5,sg0,internetwork,0,0,0,obt-collector1,7f3544029018,0,0,1576479442,0,0,false,false,false,false,true,1,0/RP0/CPU0,1,0,0,0,0,0,0,6791,1,0,646,139866751012888,1,0,646

2020-02-06 13:34:18.933000+00:00,leaf5,sg0,ip-version6,0,0,0,obt-collector1,7f3544029288,0,0,1576479442,0,0,false,false,false,false,true,1,0/RP0/CPU0,1,0,0,0,0,0,0,6791,1,0,647,139866751013512,1,0,646

2020-02-06 13:34:28.943000+00:00,leaf5,sg0,internetwork,0,0,0,obt-collector1,7f3544029018,0,0,1576479442,0,0,false,false,false,false,true,1,0/RP0/CPU0,1,0,0,0,0,0,0,6791,1,0,646,139866751012888,1,0,646

2020-02-06 13:34:28.943000+00:00,leaf5,sg0,ip-version6,0,0,0,obt-collector1,7f3544029288,0,0,1576479442,0,0,false,false,false,false,true,1,0/RP0/CPU0,1,0,0,0,0,0,0,6791,1,0,647,139866751013512,1,0,646

2020-02-06 13:34:38.932000+00:00,leaf5,sg0,internetwork,0,0,0,obt-collector1,7f3544029018,0,0,1576479442,0,0,false,false,false,false,true,1,0/RP0/CPU0,1,0,0,0,0,0,0,6791,1,0,646,139866751012888,1,0,646

2020-02-06 13:34:38.932000+00:00,leaf5,sg0,ip-version6,0,0,0,obt-collector1,7f3544029288,0,0,1576479442,0,0,false,false,false,false,true,1,0/RP0/CPU0,1,0,0,0,0,0,0,6791,1,0,647,139866751013512,1,0,646

2020-02-06 13:34:48.938000+00:00,leaf5,sg0,internetwork,0,0,0,obt-collector1,7f3544029018,0,0,1576479442,0,0,false,false,false,false,true,1,0/RP0/CPU0,1,0,0,0,0,0,0,6791,1,0,646,139866751012888,1,0,646

2020-02-06 13:34:48.938000+00:00,leaf5,sg0,ip-version6,0,0,0,obt-collector1,7f3544029288,0,0,1576479442,0,0,false,false,false,false,true,1,0/RP0/CPU0,1,0,0,0,0,0,0,6791,1,0,647,139866751013512,1,0,646

2020-02-06 13:34:58.941000+00:00,leaf5,sg0,internetwork,0,0,0,obt-collector1,7f3544029018,0,0,1576479442,0,0,false,false,false,false,true,1,0/RP0/CPU0,1,0,0,0,0,0,0,6791,1,0,646,139866751012888,1,0,646

2020-02-06 13:34:58.941000+00:00,leaf5,sg0,ip-version6,0,0,0,obt-collector1,7f3544029288,0,0,1576479442,0,0,false,false,false,false,true,1,0/RP0/CPU0,1,0,0,0,0,0,0,6791,1,0,647,139866751013512,1,0,646

2020-02-06 13:35:08.935000+00:00,leaf5,sg0,internetwork,0,0,0,obt-collector1,7f3544029018,0,0,1576479442,0,0,false,false,false,false,true,1,0/RP0/CPU0,1,0,0,0,0,0,0,6791,1,0,646,139866751012888,1,0,646

2020-02-06 13:35:08.935000+00:00,leaf5,sg0,ip-version6,0,0,0,obt-collector1,7f3544029288,0,0,1576479442,0,0,false,false,false,false,true,1,0/RP0/CPU0,1,0,0,0,0,0,0,6791,1,0,647,139866751013512,1,0,646

2020-02-06 13:35:18.933000+00:00,leaf5,sg0,internetwork,0,0,0,obt-collector1,7f3544029018,0,0,1576479442,0,0,false,false,false,false,true,1,0/RP0/CPU0,1,0,0,0,0,0,0,6791,1,0,646,139866751012888,1,0,646

2020-02-06 13:35:18.933000+00:00,leaf5,sg0,ip-version6,0,0,0,obt-collector1,7f3544029288,0,0,1576479442,0,0,false,false,false,false,true,1,0/RP0/CPU0,1,0,0,0,0,0,0,6791,1,0,647,139866751013512,1,0,646

2020-02-06 13:35:28.933000+00:00,leaf5,sg0,internetwork,0,0,0,obt-collector1,7f3544029018,0,0,1576479442,0,0,false,false,false,false,true,1,0/RP0/CPU0,1,0,0,0,0,0,0,6791,1,0,646,139866751012888,1,0,646

2020-02-06 13:35:28.933000+00:00,leaf5,sg0,ip-version6,0,0,0,obt-collector1,7f3544029288,0,0,1576479442,0,0,false,false,false,false,true,1,0/RP0/CPU0,1,0,0,0,0,0,0,6791,1,0,647,139866751013512,1,0,646

2020-02-06 13:35:38.938000+00:00,leaf5,sg0,internetwork,0,0,0,obt-collector1,7f3544029018,0,0,1576479442,0,0,false,false,false,false,true,1,0/RP0/CPU0,1,0,0,0,0,0,0,6791,1,0,646,139866751012888,1,0,646

2020-02-06 13:35:38.938000+00:00,leaf5,sg0,ip-version6,0,0,0,obt-collector1,7f3544029288,0,0,1576479442,0,0,false,false,false,false,true,1,0/RP0/CPU0,1,0,0,0,0,0,0,6791,1,0,647,139866751013512,1,0,646

2020-02-06 13:35:48.935000+00:00,leaf5,sg0,internetwork,0,0,0,obt-collector1,7f3544029018,0,0,1576479442,0,0,false,false,false,false,true,1,0/RP0/CPU0,1,0,0,0,0,0,0,6791,1,0,646,139866751012888,1,0,646

2020-02-06 13:35:48.935000+00:00,leaf5,sg0,ip-version6,0,0,0,obt-collector1,7f3544029288,0,0,1576479442,0,0,false,false,false,false,true,1,0/RP0/CPU0,1,0,0,0,0,0,0,6791,1,0,647,139866751013512,1,0,646

2020-02-06 13:35:58.945000+00:00,leaf5,sg0,internetwork,0,0,0,obt-collector1,7f3544029018,0,0,1576479442,0,0,false,false,false,false,true,1,0/RP0/CPU0,1,0,0,0,0,0,0,6791,1,0,646,139866751012888,1,0,646

2020-02-06 13:35:58.945000+00:00,leaf5,sg0,ip-version6,0,0,0,obt-collector1,7f3544029288,0,0,1576479442,0,0,false,false,false,false,true,1,0/RP0/CPU0,1,0,0,0,0,0,0,6791,1,0,647,139866751013512,1,0,646

2020-02-06 13:36:08.933000+00:00,leaf5,sg0,internetwork,0,0,0,obt-collector1,7f3544029018,0,0,1576479442,0,0,false,false,false,false,true,1,0/RP0/CPU0,1,0,0,0,0,0,0,6791,1,0,646,139866751012888,1,0,646

2020-02-06 13:36:08.933000+00:00,leaf5,sg0,ip-version6,0,0,0,obt-collector1,7f3544029288,0,0,1576479442,0,0,false,false,false,false,true,1,0/RP0/CPU0,1,0,0,0,0,0,0,6791,1,0,647,139866751013512,1,0,646

2020-02-06 13:36:18.935000+00:00,leaf5,sg0,internetwork,0,0,0,obt-collector1,7f3544029018,0,0,1576479442,0,0,false,false,false,false,true,1,0/RP0/CPU0,1,0,0,0,0,0,0,6791,1,0,646,139866751012888,1,0,646

2020-02-06 13:36:18.935000+00:00,leaf5,sg0,ip-version6,0,0,0,obt-collector1,7f3544029288,0,0,1576479442,0,0,false,false,false,false,true,1,0/RP0/CPU0,1,0,0,0,0,0,0,6791,1,0,647,139866751013512,1,0,646

2020-02-06 13:36:28.944000+00:00,leaf5,sg0,internetwork,0,0,0,obt-collector1,7f3544029018,0,0,1576479442,0,0,false,false,false,false,true,1,0/RP0/CPU0,1,0,0,0,0,0,0,6791,1,0,646,139866751012888,1,0,646

2020-02-06 13:36:28.944000+00:00,leaf5,sg0,ip-version6,0,0,0,obt-collector1,7f3544029288,0,0,1576479442,0,0,false,false,false,false,true,1,0/RP0/CPU0,1,0,0,0,0,0,0,6791,1,0,647,139866751013512,1,0,646

2020-02-06 13:36:38.937000+00:00,leaf5,sg0,internetwork,0,0,0,obt-collector1,7f3544029018,0,0,1576479442,0,0,false,false,false,false,true,1,0/RP0/CPU0,1,0,0,0,0,0,0,6791,1,0,646,139866751012888,1,0,646

2020-02-06 13:36:38.937000+00:00,leaf5,sg0,ip-version6,0,0,0,obt-collector1,7f3544029288,0,0,1576479442,0,0,false,false,false,false,true,1,0/RP0/CPU0,1,0,0,0,0,0,0,6791,1,0,647,139866751013512,1,0,646

2020-02-06 13:36:48.938000+00:00,leaf5,sg0,internetwork,0,0,0,obt-collector1,7f3544029018,0,0,1576479442,0,0,false,false,false,false,true,1,0/RP0/CPU0,1,0,0,0,0,0,0,6791,1,0,646,139866751012888,1,0,646

2020-02-06 13:36:48.938000+00:00,leaf5,sg0,ip-version6,0,0,0,obt-collector1,7f3544029288,0,0,1576479442,0,0,false,false,false,false,true,1,0/RP0/CPU0,1,0,0,0,0,0,0,6791,1,0,647,139866751013512,1,0,646

2020-02-06 13:36:58.935000+00:00,leaf5,sg0,internetwork,0,0,0,obt-collector1,7f3544029018,0,0,1576479442,0,0,false,false,false,false,true,1,0/RP0/CPU0,1,0,0,0,0,0,0,6791,1,0,646,139866751012888,1,0,646

2020-02-06 13:36:58.935000+00:00,leaf5,sg0,ip-version6,0,0,0,obt-collector1,7f3544029288,0,0,1576479442,0,0,false,false,false,false,true,1,0/RP0/CPU0,1,0,0,0,0,0,0,6791,1,0,647,139866751013512,1,0,646

2020-02-06 13:37:08.942000+00:00,leaf5,sg0,internetwork,0,0,0,obt-collector1,7f3544029018,0,0,1576479442,0,0,false,false,false,false,true,1,0/RP0/CPU0,1,0,0,0,0,0,0,6791,1,0,646,139866751012888,1,0,646

2020-02-06 13:37:08.942000+00:00,leaf5,sg0,ip-version6,0,0,0,obt-collector1,7f3544029288,0,0,1576479442,0,0,false,false,false,false,true,1,0/RP0/CPU0,1,0,0,0,0,0,0,6791,1,0,647,139866751013512,1,0,646

2020-02-06 13:37:18.936000+00:00,leaf5,sg0,internetwork,0,0,0,obt-collector1,7f3544029018,0,0,1576479442,0,0,false,false,false,false,true,1,0/RP0/CPU0,1,0,0,0,0,0,0,6791,1,0,646,139866751012888,1,0,646

2020-02-06 13:37:18.936000+00:00,leaf5,sg0,ip-version6,0,0,0,obt-collector1,7f3544029288,0,0,1576479442,0,0,false,false,false,false,true,1,0/RP0/CPU0,1,0,0,0,0,0,0,6791,1,0,647,139866751013512,1,0,646

2020-02-06 13:37:28.945000+00:00,leaf5,sg0,internetwork,0,0,0,obt-collector1,7f3544029018,0,0,1576479442,0,0,false,false,false,false,true,1,0/RP0/CPU0,1,0,0,0,0,0,0,6791,1,0,646,139866751012888,1,0,646

2020-02-06 13:37:28.945000+00:00,leaf5,sg0,ip-version6,0,0,0,obt-collector1,7f3544029288,0,0,1576479442,0,0,false,false,false,false,true,1,0/RP0/CPU0,1,0,0,0,0,0,0,6791,1,0,647,139866751013512,1,0,646

2020-02-06 13:37:38.935000+00:00,leaf5,sg0,internetwork,0,0,0,obt-collector1,7f3544029018,0,0,1576479442,0,0,false,false,false,false,true,1,0/RP0/CPU0,1,0,0,0,0,0,0,6791,1,0,646,139866751012888,1,0,646

2020-02-06 13:37:38.935000+00:00,leaf5,sg0,ip-version6,0,0,0,obt-collector1,7f3544029288,0,0,1576479442,0,0,false,false,false,false,true,1,0/RP0/CPU0,1,0,0,0,0,0,0,6791,1,0,647,139866751013512,1,0,646

2020-02-06 13:37:48.945000+00:00,leaf5,sg0,internetwork,0,0,0,obt-collector1,7f3544029018,0,0,1576479442,0,0,false,false,false,false,true,1,0/RP0/CPU0,1,0,0,0,0,0,0,6791,1,0,646,139866751012888,1,0,646

2020-02-06 13:37:48.945000+00:00,leaf5,sg0,ip-version6,0,0,0,obt-collector1,7f3544029288,0,0,1576479442,0,0,false,false,false,false,true,1,0/RP0/CPU0,1,0,0,0,0,0,0,6791,1,0,647,139866751013512,1,0,646

2020-02-06 13:37:58.942000+00:00,leaf5,sg0,internetwork,0,0,0,obt-collector1,7f3544029018,0,0,1576479442,0,0,false,false,false,false,true,1,0/RP0/CPU0,1,0,0,0,0,0,0,6791,1,0,646,139866751012888,1,0,646

2020-02-06 13:37:58.942000+00:00,leaf5,sg0,ip-version6,0,0,0,obt-collector1,7f3544029288,0,0,1576479442,0,0,false,false,false,false,true,1,0/RP0/CPU0,1,0,0,0,0,0,0,6791,1,0,647,139866751013512,1,0,646

2020-02-06 13:38:08.943000+00:00,leaf5,sg0,internetwork,0,0,0,obt-collector1,7f3544029018,0,0,1576479442,0,0,false,false,false,false,true,1,0/RP0/CPU0,1,0,0,0,0,0,0,6791,1,0,646,139866751012888,1,0,646

2020-02-06 13:38:08.943000+00:00,leaf5,sg0,ip-version6,0,0,0,obt-collector1,7f3544029288,0,0,1576479442,0,0,false,false,false,false,true,1,0/RP0/CPU0,1,0,0,0,0,0,0,6791,1,0,647,139866751013512,1,0,646

2020-02-06 13:38:18.945000+00:00,leaf5,sg0,internetwork,0,0,0,obt-collector1,7f3544029018,0,0,1576479442,0,0,false,false,false,false,true,1,0/RP0/CPU0,1,0,0,0,0,0,0,6791,1,0,646,139866751012888,1,0,646

2020-02-06 13:38:18.945000+00:00,leaf5,sg0,ip-version6,0,0,0,obt-collector1,7f3544029288,0,0,1576479442,0,0,false,false,false,false,true,1,0/RP0/CPU0,1,0,0,0,0,0,0,6791,1,0,647,139866751013512,1,0,646

2020-02-06 13:38:28.944000+00:00,leaf5,sg0,internetwork,0,0,0,obt-collector1,7f3544029018,0,0,1576479442,0,0,false,false,false,false,true,1,0/RP0/CPU0,1,0,0,0,0,0,0,6791,1,0,646,139866751012888,1,0,646

2020-02-06 13:38:28.944000+00:00,leaf5,sg0,ip-version6,0,0,0,obt-collector1,7f3544029288,0,0,1576479442,0,0,false,false,false,false,true,1,0/RP0/CPU0,1,0,0,0,0,0,0,6791,1,0,647,139866751013512,1,0,646

2020-02-06 13:38:38.948000+00:00,leaf5,sg0,internetwork,0,0,0,obt-collector1,7f3544029018,0,0,1576479442,0,0,false,false,false,false,true,1,0/RP0/CPU0,1,0,0,0,0,0,0,6791,1,0,646,139866751012888,1,0,646

2020-02-06 13:38:38.948000+00:00,leaf5,sg0,ip-version6,0,0,0,obt-collector1,7f3544029288,0,0,1576479442,0,0,false,false,false,false,true,1,0/RP0/CPU0,1,0,0,0,0,0,0,6791,1,0,647,139866751013512,1,0,646

2020-02-06 13:38:48.937000+00:00,leaf5,sg0,internetwork,0,0,0,obt-collector1,7f3544029018,0,0,1576479442,0,0,false,false,false,false,true,1,0/RP0/CPU0,1,0,0,0,0,0,0,6791,1,0,646,139866751012888,1,0,646

2020-02-06 13:38:48.937000+00:00,leaf5,sg0,ip-version6,0,0,0,obt-collector1,7f3544029288,0,0,1576479442,0,0,false,false,false,false,true,1,0/RP0/CPU0,1,0,0,0,0,0,0,6791,1,0,647,139866751013512,1,0,646

2020-02-06 13:38:58.945000+00:00,leaf5,sg0,internetwork,0,0,0,obt-collector1,7f3544029018,0,0,1576479442,0,0,false,false,false,false,true,1,0/RP0/CPU0,1,0,0,0,0,0,0,6791,1,0,646,139866751012888,1,0,646

2020-02-06 13:38:58.945000+00:00,leaf5,sg0,ip-version6,0,0,0,obt-collector1,7f3544029288,0,0,1576479442,0,0,false,false,false,false,true,1,0/RP0/CPU0,1,0,0,0,0,0,0,6791,1,0,647,139866751013512,1,0,646

2020-02-06 13:39:08.937000+00:00,leaf5,sg0,internetwork,0,0,0,obt-collector1,7f3544029018,0,0,1576479442,0,0,false,false,false,false,true,1,0/RP0/CPU0,1,0,0,0,0,0,0,6791,1,0,646,139866751012888,1,0,646

2020-02-06 13:39:08.937000+00:00,leaf5,sg0,ip-version6,0,0,0,obt-collector1,7f3544029288,0,0,1576479442,0,0,false,false,false,false,true,1,0/RP0/CPU0,1,0,0,0,0,0,0,6791,1,0,647,139866751013512,1,0,646

2020-02-06 13:39:18.946000+00:00,leaf5,sg0,internetwork,0,0,0,obt-collector1,7f3544029018,0,0,1576479442,0,0,false,false,false,false,true,1,0/RP0/CPU0,1,0,0,0,0,0,0,6791,1,0,646,139866751012888,1,0,646

2020-02-06 13:39:18.946000+00:00,leaf5,sg0,ip-version6,0,0,0,obt-collector1,7f3544029288,0,0,1576479442,0,0,false,false,false,false,true,1,0/RP0/CPU0,1,0,0,0,0,0,0,6791,1,0,647,139866751013512,1,0,646

2020-02-06 13:39:28.940000+00:00,leaf5,sg0,internetwork,0,0,0,obt-collector1,7f3544029018,0,0,1576479442,0,0,false,false,false,false,true,1,0/RP0/CPU0,1,0,0,0,0,0,0,6791,1,0,646,139866751012888,1,0,646

2020-02-06 13:39:28.940000+00:00,leaf5,sg0,ip-version6,0,0,0,obt-collector1,7f3544029288,0,0,1576479442,0,0,false,false,false,false,true,1,0/RP0/CPU0,1,0,0,0,0,0,0,6791,1,0,647,139866751013512,1,0,646

2020-02-06 13:39:38.945000+00:00,leaf5,sg0,internetwork,0,0,0,obt-collector1,7f3544029018,0,0,1576479442,0,0,false,false,false,false,true,1,0/RP0/CPU0,1,0,0,0,0,0,0,6791,1,0,646,139866751012888,1,0,646

2020-02-06 13:39:38.945000+00:00,leaf5,sg0,ip-version6,0,0,0,obt-collector1,7f3544029288,0,0,1576479442,0,0,false,false,false,false,true,1,0/RP0/CPU0,1,0,0,0,0,0,0,6791,1,0,647,139866751013512,1,0,646

2020-02-06 13:39:48.937000+00:00,leaf5,sg0,internetwork,0,0,0,obt-collector1,7f3544029018,0,0,1576479442,0,0,false,false,false,false,true,1,0/RP0/CPU0,1,0,0,0,0,0,0,6791,1,0,646,139866751012888,1,0,646

2020-02-06 13:39:48.937000+00:00,leaf5,sg0,ip-version6,0,0,0,obt-collector1,7f3544029288,0,0,1576479442,0,0,false,false,false,false,true,1,0/RP0/CPU0,1,0,0,0,0,0,0,6791,1,0,647,139866751013512,1,0,646

2020-02-06 13:39:58.944000+00:00,leaf5,sg0,internetwork,0,0,0,obt-collector1,7f3544029018,0,0,1576479442,0,0,false,false,false,false,true,1,0/RP0/CPU0,1,0,0,0,0,0,0,6791,1,0,646,139866751012888,1,0,646

2020-02-06 13:39:58.944000+00:00,leaf5,sg0,ip-version6,0,0,0,obt-collector1,7f3544029288,0,0,1576479442,0,0,false,false,false,false,true,1,0/RP0/CPU0,1,0,0,0,0,0,0,6791,1,0,647,139866751013512,1,0,646

2020-02-06 13:40:08.945000+00:00,leaf5,sg0,internetwork,0,0,0,obt-collector1,7f3544029018,0,0,1576479442,0,0,false,false,false,false,true,1,0/RP0/CPU0,1,0,0,0,0,0,0,6791,1,0,646,139866751012888,1,0,646

2020-02-06 13:40:08.945000+00:00,leaf5,sg0,ip-version6,0,0,0,obt-collector1,7f3544029288,0,0,1576479442,0,0,false,false,false,false,true,1,0/RP0/CPU0,1,0,0,0,0,0,0,6791,1,0,647,139866751013512,1,0,646

2020-02-06 13:40:18.938000+00:00,leaf5,sg0,internetwork,0,0,0,obt-collector1,7f3544029018,0,0,1576479442,0,0,false,false,false,false,true,1,0/RP0/CPU0,1,0,0,0,0,0,0,6791,1,0,646,139866751012888,1,0,646

2020-02-06 13:40:18.938000+00:00,leaf5,sg0,ip-version6,0,0,0,obt-collector1,7f3544029288,0,0,1576479442,0,0,false,false,false,false,true,1,0/RP0/CPU0,1,0,0,0,0,0,0,6791,1,0,647,139866751013512,1,0,646

