,Producer,Target,host,icmp/checksum-error-messages,icmp/output-messages,icmp/received-echo-reply-messages,icmp/received-echo-request-messages,icmp/received-hop-count-expired-messages,icmp/received-parameter-error-messages,icmp/received-parameter-header-messages,icmp/received-parameter-option-messages,icmp/received-parameter-unknown-type-messages,icmp/received-reassembly-timeouts,icmp/received-too-big-messages,icmp/received-unknown-timeout-messages,icmp/received-unreachable-address-messages,icmp/received-unreachable-admin-messages,icmp/received-unreachable-neighbor-messages,icmp/received-unreachable-port-messages,icmp/received-unreachable-routing-messages,icmp/received-unreachable-unknown-type-messages,icmp/sent-echo-reply-messages,icmp/sent-echo-request-messages,icmp/sent-hop-count-expired-messages,icmp/sent-parameter-error-messages,icmp/sent-parameter-header-messages,icmp/sent-parameter-option-messages,icmp/sent-parameter-unknown-type-messages,icmp/sent-rate-limited-packets,icmp/sent-reassembly-timeouts,icmp/sent-too-big-messages,icmp/sent-unknown-timeout-messages,icmp/sent-unreachable-address-messages,icmp/sent-unreachable-admin-messages,icmp/sent-unreachable-neighbor-messages,icmp/sent-unreachable-port-messages,icmp/sent-unreachable-routing-messages,icmp/sent-unreachable-unknown-type-messages,icmp/too-short-error-messages,icmp/total-messages,icmp/unknown-error-type-messages,ipv6-node-discovery/received-neighbor-advertisement-messages,ipv6-node-discovery/received-neighbor-solicitation-messages,ipv6-node-discovery/received-redirect-messages,ipv6-node-discovery/received-router-advertisement-messages,ipv6-node-discovery/received-router-solicitation-messages,ipv6-node-discovery/sent-neighbor-advertisement-messages,ipv6-node-discovery/sent-neighbor-solicitation-messages,ipv6-node-discovery/sent-redirect-messages,ipv6-node-discovery/sent-router-advertisement-messages,ipv6-node-discovery/sent-router-solicitation-messages,ipv6/bad-header-packets,ipv6/bad-source-address-packets,ipv6/format-errors,ipv6/forwarded-packets,ipv6/fragment-count,ipv6/fragment-failures,ipv6/fragmented-packets,ipv6/fragments,ipv6/generated-packets,ipv6/hop-count-exceeded-packets,ipv6/io-puntback,ipv6/lisp-decap-errors,ipv6/lisp-encap-errors,ipv6/lisp-v4-decap-packets,ipv6/lisp-v4-encap-packets,ipv6/lisp-v6-decap-packets,ipv6/lisp-v6-encap-packets,ipv6/local-destination-packets,ipv6/miscellaneous-drops,ipv6/no-route-packets,ipv6/reassembled-packets,ipv6/reassembly-failures,ipv6/reassembly-maximum-drops,ipv6/reassembly-timeouts,ipv6/received-multicast-packets,ipv6/sent-multicast-packets,ipv6/source-routed-packets,ipv6/too-big-packets,ipv6/total-packets,ipv6/truncated-packets,ipv6/unknown-option-type-packets,ipv6/unknown-protocol-packets,node-name

2020-02-06 13:19:48.963000+00:00,leaf5,sg2,obt-collector1,0,193,0,0,0,0,0,0,0,0,0,0,0,0,0,0,0,0,0,0,91,0,0,0,0,40,0,0,0,0,0,0,98,4,0,0,94,0,62323,56884,0,29575,1,56905,62315,0,32898,0,30,128,0,98,0,0,0,0,152381,0,0,0,0,0,0,0,0,154,0,38,0,0,0,0,29911,0,0,0,470744,0,152,0,0/0/CPU0

2020-02-06 13:19:48.965000+00:00,leaf5,sg2,obt-collector1,0,355,0,0,0,0,0,0,0,0,0,0,432,0,0,0,0,0,0,0,0,0,0,0,0,1089,0,0,0,0,0,0,0,355,0,0,432,0,0,0,0,0,0,0,0,0,0,0,0,0,0,0,0,0,0,0,31513408,0,0,0,0,0,0,0,0,432,0,904,0,0,0,0,0,0,0,0,29188255,0,0,0,0/RP0/CPU0

2020-02-06 13:19:58.957000+00:00,leaf5,sg2,obt-collector1,0,193,0,0,0,0,0,0,0,0,0,0,0,0,0,0,0,0,0,0,91,0,0,0,0,40,0,0,0,0,0,0,98,4,0,0,94,0,62326,56886,0,29579,1,56907,62318,0,32900,0,30,128,0,98,0,0,0,0,152388,0,0,0,0,0,0,0,0,154,0,38,0,0,0,0,29915,0,0,0,470764,0,152,0,0/0/CPU0

2020-02-06 13:19:58.958000+00:00,leaf5,sg2,obt-collector1,0,355,0,0,0,0,0,0,0,0,0,0,432,0,0,0,0,0,0,0,0,0,0,0,0,1089,0,0,0,0,0,0,0,355,0,0,432,0,0,0,0,0,0,0,0,0,0,0,0,0,0,0,0,0,0,0,31513466,0,0,0,0,0,0,0,0,432,0,904,0,0,0,0,0,0,0,0,29188325,0,0,0,0/RP0/CPU0

2020-02-06 13:20:08.961000+00:00,leaf5,sg2,obt-collector1,0,193,0,0,0,0,0,0,0,0,0,0,0,0,0,0,0,0,0,0,91,0,0,0,0,40,0,0,0,0,0,0,98,4,0,0,94,0,62327,56888,0,29582,1,56909,62319,0,32904,0,30,128,0,98,0,0,0,0,152395,0,0,0,0,0,0,0,0,154,0,38,0,0,0,0,29918,0,0,0,470782,0,152,0,0/0/CPU0

2020-02-06 13:20:08.963000+00:00,leaf5,sg2,obt-collector1,0,355,0,0,0,0,0,0,0,0,0,0,432,0,0,0,0,0,0,0,0,0,0,0,0,1089,0,0,0,0,0,0,0,355,0,0,432,0,0,0,0,0,0,0,0,0,0,0,0,0,0,0,0,0,0,0,31513524,0,0,0,0,0,0,0,0,432,0,904,0,0,0,0,0,0,0,0,29188394,0,0,0,0/RP0/CPU0

2020-02-06 13:20:18.953000+00:00,leaf5,sg2,obt-collector1,0,193,0,0,0,0,0,0,0,0,0,0,0,0,0,0,0,0,0,0,91,0,0,0,0,40,0,0,0,0,0,0,98,4,0,0,94,0,62330,56890,0,29585,1,56911,62322,0,32904,0,30,128,0,98,0,0,0,0,152400,0,0,0,0,0,0,0,0,154,0,38,0,0,0,0,29921,0,0,0,470802,0,152,0,0/0/CPU0

2020-02-06 13:20:18.954000+00:00,leaf5,sg2,obt-collector1,0,355,0,0,0,0,0,0,0,0,0,0,432,0,0,0,0,0,0,0,0,0,0,0,0,1089,0,0,0,0,0,0,0,355,0,0,432,0,0,0,0,0,0,0,0,0,0,0,0,0,0,0,0,0,0,0,31513582,0,0,0,0,0,0,0,0,432,0,904,0,0,0,0,0,0,0,0,29188464,0,0,0,0/RP0/CPU0

2020-02-06 13:20:28.959000+00:00,leaf5,sg2,obt-collector1,0,193,0,0,0,0,0,0,0,0,0,0,0,0,0,0,0,0,0,0,91,0,0,0,0,40,0,0,0,0,0,0,98,4,0,0,94,0,62330,56890,0,29585,1,56911,62322,0,32905,0,30,128,0,98,0,0,0,0,152401,0,0,0,0,0,0,0,0,154,0,38,0,0,0,0,29921,0,0,0,470812,0,152,0,0/0/CPU0

2020-02-06 13:20:28.960000+00:00,leaf5,sg2,obt-collector1,0,355,0,0,0,0,0,0,0,0,0,0,432,0,0,0,0,0,0,0,0,0,0,0,0,1089,0,0,0,0,0,0,0,355,0,0,432,0,0,0,0,0,0,0,0,0,0,0,0,0,0,0,0,0,0,0,31513640,0,0,0,0,0,0,0,0,432,0,904,0,0,0,0,0,0,0,0,29188534,0,0,0,0/RP0/CPU0

2020-02-06 13:20:38.957000+00:00,leaf5,sg2,obt-collector1,0,193,0,0,0,0,0,0,0,0,0,0,0,0,0,0,0,0,0,0,91,0,0,0,0,40,0,0,0,0,0,0,98,4,0,0,94,0,62332,56895,0,29585,1,56916,62324,0,32906,0,30,128,0,98,0,0,0,0,152409,0,0,0,0,0,0,0,0,154,0,38,0,0,0,0,29921,0,0,0,470831,0,152,0,0/0/CPU0

2020-02-06 13:20:38.959000+00:00,leaf5,sg2,obt-collector1,0,355,0,0,0,0,0,0,0,0,0,0,432,0,0,0,0,0,0,0,0,0,0,0,0,1089,0,0,0,0,0,0,0,355,0,0,432,0,0,0,0,0,0,0,0,0,0,0,0,0,0,0,0,0,0,0,31513698,0,0,0,0,0,0,0,0,432,0,904,0,0,0,0,0,0,0,0,29188604,0,0,0,0/RP0/CPU0

2020-02-06 13:20:48.962000+00:00,leaf5,sg2,obt-collector1,0,193,0,0,0,0,0,0,0,0,0,0,0,0,0,0,0,0,0,0,91,0,0,0,0,40,0,0,0,0,0,0,98,4,0,0,94,0,62334,56896,0,29586,1,56917,62326,0,32908,0,30,128,0,98,0,0,0,0,152414,0,0,0,0,0,0,0,0,154,0,38,0,0,0,0,29922,0,0,0,470847,0,152,0,0/0/CPU0

2020-02-06 13:20:48.963000+00:00,leaf5,sg2,obt-collector1,0,355,0,0,0,0,0,0,0,0,0,0,432,0,0,0,0,0,0,0,0,0,0,0,0,1089,0,0,0,0,0,0,0,355,0,0,432,0,0,0,0,0,0,0,0,0,0,0,0,0,0,0,0,0,0,0,31513756,0,0,0,0,0,0,0,0,432,0,904,0,0,0,0,0,0,0,0,29188674,0,0,0,0/RP0/CPU0

2020-02-06 13:20:58.958000+00:00,leaf5,sg2,obt-collector1,0,193,0,0,0,0,0,0,0,0,0,0,0,0,0,0,0,0,0,0,91,0,0,0,0,40,0,0,0,0,0,0,98,4,0,0,94,0,62336,56898,0,29588,1,56919,62328,0,32908,0,30,128,0,98,0,0,0,0,152418,0,0,0,0,0,0,0,0,154,0,38,0,0,0,0,29924,0,0,0,470864,0,152,0,0/0/CPU0

2020-02-06 13:20:58.959000+00:00,leaf5,sg2,obt-collector1,0,355,0,0,0,0,0,0,0,0,0,0,432,0,0,0,0,0,0,0,0,0,0,0,0,1089,0,0,0,0,0,0,0,355,0,0,432,0,0,0,0,0,0,0,0,0,0,0,0,0,0,0,0,0,0,0,31513813,0,0,0,0,0,0,0,0,432,0,904,0,0,0,0,0,0,0,0,29188744,0,0,0,0/RP0/CPU0

2020-02-06 13:21:08.963000+00:00,leaf5,sg2,obt-collector1,0,193,0,0,0,0,0,0,0,0,0,0,0,0,0,0,0,0,0,0,91,0,0,0,0,40,0,0,0,0,0,0,98,4,0,0,94,0,62337,56898,0,29589,1,56919,62329,0,32910,0,30,128,0,98,0,0,0,0,152421,0,0,0,0,0,0,0,0,154,0,38,0,0,0,0,29925,0,0,0,470877,0,152,0,0/0/CPU0

2020-02-06 13:21:08.965000+00:00,leaf5,sg2,obt-collector1,0,355,0,0,0,0,0,0,0,0,0,0,432,0,0,0,0,0,0,0,0,0,0,0,0,1089,0,0,0,0,0,0,0,355,0,0,432,0,0,0,0,0,0,0,0,0,0,0,0,0,0,0,0,0,0,0,31513865,0,0,0,0,0,0,0,0,432,0,904,0,0,0,0,0,0,0,0,29188814,0,0,0,0/RP0/CPU0

2020-02-06 13:21:18.953000+00:00,leaf5,sg2,obt-collector1,0,193,0,0,0,0,0,0,0,0,0,0,0,0,0,0,0,0,0,0,91,0,0,0,0,40,0,0,0,0,0,0,98,4,0,0,94,0,62341,56900,0,29589,1,56921,62333,0,32911,0,30,128,0,98,0,0,0,0,152428,0,0,0,0,0,0,0,0,154,0,38,0,0,0,0,29925,0,0,0,470895,0,152,0,0/0/CPU0

2020-02-06 13:21:18.955000+00:00,leaf5,sg2,obt-collector1,0,355,0,0,0,0,0,0,0,0,0,0,432,0,0,0,0,0,0,0,0,0,0,0,0,1089,0,0,0,0,0,0,0,355,0,0,432,0,0,0,0,0,0,0,0,0,0,0,0,0,0,0,0,0,0,0,31513919,0,0,0,0,0,0,0,0,432,0,904,0,0,0,0,0,0,0,0,29188883,0,0,0,0/RP0/CPU0

2020-02-06 13:21:28.970000+00:00,leaf5,sg2,obt-collector1,0,193,0,0,0,0,0,0,0,0,0,0,0,0,0,0,0,0,0,0,91,0,0,0,0,40,0,0,0,0,0,0,98,4,0,0,94,0,62343,56903,0,29591,1,56924,62335,0,32912,0,30,128,0,98,0,0,0,0,152434,0,0,0,0,0,0,0,0,154,0,38,0,0,0,0,29927,0,0,0,470914,0,152,0,0/0/CPU0

2020-02-06 13:21:28.971000+00:00,leaf5,sg2,obt-collector1,0,355,0,0,0,0,0,0,0,0,0,0,432,0,0,0,0,0,0,0,0,0,0,0,0,1089,0,0,0,0,0,0,0,355,0,0,432,0,0,0,0,0,0,0,0,0,0,0,0,0,0,0,0,0,0,0,31513973,0,0,0,0,0,0,0,0,432,0,904,0,0,0,0,0,0,0,0,29188951,0,0,0,0/RP0/CPU0

2020-02-06 13:21:38.961000+00:00,leaf5,sg2,obt-collector1,0,193,0,0,0,0,0,0,0,0,0,0,0,0,0,0,0,0,0,0,91,0,0,0,0,40,0,0,0,0,0,0,98,4,0,0,94,0,62345,56905,0,29592,1,56926,62337,0,32912,0,30,128,0,98,0,0,0,0,152438,0,0,0,0,0,0,0,0,154,0,38,0,0,0,0,29928,0,0,0,470930,0,152,0,0/0/CPU0

2020-02-06 13:21:38.962000+00:00,leaf5,sg2,obt-collector1,0,355,0,0,0,0,0,0,0,0,0,0,432,0,0,0,0,0,0,0,0,0,0,0,0,1089,0,0,0,0,0,0,0,355,0,0,432,0,0,0,0,0,0,0,0,0,0,0,0,0,0,0,0,0,0,0,31514027,0,0,0,0,0,0,0,0,432,0,904,0,0,0,0,0,0,0,0,29189019,0,0,0,0/RP0/CPU0

2020-02-06 13:21:48.955000+00:00,leaf5,sg2,obt-collector1,0,193,0,0,0,0,0,0,0,0,0,0,0,0,0,0,0,0,0,0,91,0,0,0,0,40,0,0,0,0,0,0,98,4,0,0,94,0,62346,56910,0,29592,1,56931,62338,0,32915,0,30,128,0,98,0,0,0,0,152447,0,0,0,0,0,0,0,0,154,0,38,0,0,0,0,29928,0,0,0,470948,0,152,0,0/0/CPU0

2020-02-06 13:21:48.957000+00:00,leaf5,sg2,obt-collector1,0,355,0,0,0,0,0,0,0,0,0,0,432,0,0,0,0,0,0,0,0,0,0,0,0,1089,0,0,0,0,0,0,0,355,0,0,432,0,0,0,0,0,0,0,0,0,0,0,0,0,0,0,0,0,0,0,31514081,0,0,0,0,0,0,0,0,432,0,904,0,0,0,0,0,0,0,0,29189089,0,0,0,0/RP0/CPU0

2020-02-06 13:21:58.956000+00:00,leaf5,sg2,obt-collector1,0,193,0,0,0,0,0,0,0,0,0,0,0,0,0,0,0,0,0,0,91,0,0,0,0,40,0,0,0,0,0,0,98,4,0,0,94,0,62350,56910,0,29592,1,56931,62342,0,32915,0,30,128,0,98,0,0,0,0,152451,0,0,0,0,0,0,0,0,154,0,38,0,0,0,0,29928,0,0,0,470963,0,152,0,0/0/CPU0

2020-02-06 13:21:58.958000+00:00,leaf5,sg2,obt-collector1,0,355,0,0,0,0,0,0,0,0,0,0,432,0,0,0,0,0,0,0,0,0,0,0,0,1089,0,0,0,0,0,0,0,355,0,0,432,0,0,0,0,0,0,0,0,0,0,0,0,0,0,0,0,0,0,0,31514135,0,0,0,0,0,0,0,0,432,0,904,0,0,0,0,0,0,0,0,29189159,0,0,0,0/RP0/CPU0

2020-02-06 13:22:08.954000+00:00,leaf5,sg2,obt-collector1,0,193,0,0,0,0,0,0,0,0,0,0,0,0,0,0,0,0,0,0,91,0,0,0,0,40,0,0,0,0,0,0,98,4,0,0,94,0,62351,56911,0,29593,1,56932,62343,0,32916,0,30,128,0,98,0,0,0,0,152454,0,0,0,0,0,0,0,0,154,0,38,0,0,0,0,29929,0,0,0,470977,0,152,0,0/0/CPU0

2020-02-06 13:22:08.956000+00:00,leaf5,sg2,obt-collector1,0,355,0,0,0,0,0,0,0,0,0,0,432,0,0,0,0,0,0,0,0,0,0,0,0,1089,0,0,0,0,0,0,0,355,0,0,432,0,0,0,0,0,0,0,0,0,0,0,0,0,0,0,0,0,0,0,31514189,0,0,0,0,0,0,0,0,432,0,904,0,0,0,0,0,0,0,0,29189229,0,0,0,0/RP0/CPU0

2020-02-06 13:22:18.966000+00:00,leaf5,sg2,obt-collector1,0,193,0,0,0,0,0,0,0,0,0,0,0,0,0,0,0,0,0,0,91,0,0,0,0,40,0,0,0,0,0,0,98,4,0,0,94,0,62354,56913,0,29593,1,56934,62346,0,32916,0,30,128,0,98,0,0,0,0,152459,0,0,0,0,0,0,0,0,154,0,38,0,0,0,0,29929,0,0,0,470994,0,152,0,0/0/CPU0

2020-02-06 13:22:18.967000+00:00,leaf5,sg2,obt-collector1,0,355,0,0,0,0,0,0,0,0,0,0,432,0,0,0,0,0,0,0,0,0,0,0,0,1089,0,0,0,0,0,0,0,355,0,0,432,0,0,0,0,0,0,0,0,0,0,0,0,0,0,0,0,0,0,0,31514243,0,0,0,0,0,0,0,0,432,0,904,0,0,0,0,0,0,0,0,29189299,0,0,0,0/RP0/CPU0

2020-02-06 13:22:28.957000+00:00,leaf5,sg2,obt-collector1,0,193,0,0,0,0,0,0,0,0,0,0,0,0,0,0,0,0,0,0,91,0,0,0,0,40,0,0,0,0,0,0,98,4,0,0,94,0,62357,56916,0,29594,1,56937,62349,0,32919,0,30,128,0,98,0,0,0,0,152468,0,0,0,0,0,0,0,0,154,0,38,0,0,0,0,29930,0,0,0,471013,0,152,0,0/0/CPU0

2020-02-06 13:22:28.959000+00:00,leaf5,sg2,obt-collector1,0,355,0,0,0,0,0,0,0,0,0,0,432,0,0,0,0,0,0,0,0,0,0,0,0,1089,0,0,0,0,0,0,0,355,0,0,432,0,0,0,0,0,0,0,0,0,0,0,0,0,0,0,0,0,0,0,31514297,0,0,0,0,0,0,0,0,432,0,904,0,0,0,0,0,0,0,0,29189369,0,0,0,0/RP0/CPU0

2020-02-06 13:22:38.958000+00:00,leaf5,sg2,obt-collector1,0,193,0,0,0,0,0,0,0,0,0,0,0,0,0,0,0,0,0,0,91,0,0,0,0,40,0,0,0,0,0,0,98,4,0,0,94,0,62359,56918,0,29594,1,56939,62351,0,32919,0,30,128,0,98,0,0,0,0,152472,0,0,0,0,0,0,0,0,154,0,38,0,0,0,0,29930,0,0,0,471028,0,152,0,0/0/CPU0

2020-02-06 13:22:38.960000+00:00,leaf5,sg2,obt-collector1,0,355,0,0,0,0,0,0,0,0,0,0,432,0,0,0,0,0,0,0,0,0,0,0,0,1089,0,0,0,0,0,0,0,355,0,0,432,0,0,0,0,0,0,0,0,0,0,0,0,0,0,0,0,0,0,0,31514351,0,0,0,0,0,0,0,0,432,0,904,0,0,0,0,0,0,0,0,29189439,0,0,0,0/RP0/CPU0

2020-02-06 13:22:48.958000+00:00,leaf5,sg2,obt-collector1,0,193,0,0,0,0,0,0,0,0,0,0,0,0,0,0,0,0,0,0,91,0,0,0,0,40,0,0,0,0,0,0,98,4,0,0,94,0,62360,56920,0,29596,1,56941,62352,0,32919,0,30,128,0,98,0,0,0,0,152475,0,0,0,0,0,0,0,0,154,0,38,0,0,0,0,29932,0,0,0,471045,0,152,0,0/0/CPU0

2020-02-06 13:22:48.959000+00:00,leaf5,sg2,obt-collector1,0,355,0,0,0,0,0,0,0,0,0,0,432,0,0,0,0,0,0,0,0,0,0,0,0,1089,0,0,0,0,0,0,0,355,0,0,432,0,0,0,0,0,0,0,0,0,0,0,0,0,0,0,0,0,0,0,31514405,0,0,0,0,0,0,0,0,432,0,904,0,0,0,0,0,0,0,0,29189509,0,0,0,0/RP0/CPU0

2020-02-06 13:22:58.960000+00:00,leaf5,sg2,obt-collector1,0,193,0,0,0,0,0,0,0,0,0,0,0,0,0,0,0,0,0,0,91,0,0,0,0,40,0,0,0,0,0,0,98,4,0,0,94,0,62366,56921,0,29596,1,56942,62358,0,32921,0,30,128,0,98,0,0,0,0,152484,0,0,0,0,0,0,0,0,154,0,38,0,0,0,0,29932,0,0,0,471064,0,152,0,0/0/CPU0

2020-02-06 13:22:58.962000+00:00,leaf5,sg2,obt-collector1,0,355,0,0,0,0,0,0,0,0,0,0,432,0,0,0,0,0,0,0,0,0,0,0,0,1089,0,0,0,0,0,0,0,355,0,0,432,0,0,0,0,0,0,0,0,0,0,0,0,0,0,0,0,0,0,0,31514459,0,0,0,0,0,0,0,0,432,0,904,0,0,0,0,0,0,0,0,29189579,0,0,0,0/RP0/CPU0

2020-02-06 13:23:08.963000+00:00,leaf5,sg2,obt-collector1,0,193,0,0,0,0,0,0,0,0,0,0,0,0,0,0,0,0,0,0,91,0,0,0,0,40,0,0,0,0,0,0,98,4,0,0,94,0,62366,56923,0,29601,1,56944,62358,0,32924,0,30,128,0,98,0,0,0,0,152489,0,0,0,0,0,0,0,0,154,0,38,0,0,0,0,29937,0,0,0,471082,0,152,0,0/0/CPU0

2020-02-06 13:23:08.965000+00:00,leaf5,sg2,obt-collector1,0,355,0,0,0,0,0,0,0,0,0,0,432,0,0,0,0,0,0,0,0,0,0,0,0,1089,0,0,0,0,0,0,0,355,0,0,432,0,0,0,0,0,0,0,0,0,0,0,0,0,0,0,0,0,0,0,31514513,0,0,0,0,0,0,0,0,432,0,904,0,0,0,0,0,0,0,0,29189649,0,0,0,0/RP0/CPU0

2020-02-06 13:23:18.957000+00:00,leaf5,sg2,obt-collector1,0,193,0,0,0,0,0,0,0,0,0,0,0,0,0,0,0,0,0,0,91,0,0,0,0,40,0,0,0,0,0,0,98,4,0,0,94,0,62370,56926,0,29603,1,56947,62362,0,32926,0,30,128,0,98,0,0,0,0,152498,0,0,0,0,0,0,0,0,154,0,38,0,0,0,0,29939,0,0,0,471103,0,152,0,0/0/CPU0

2020-02-06 13:23:18.958000+00:00,leaf5,sg2,obt-collector1,0,355,0,0,0,0,0,0,0,0,0,0,432,0,0,0,0,0,0,0,0,0,0,0,0,1089,0,0,0,0,0,0,0,355,0,0,432,0,0,0,0,0,0,0,0,0,0,0,0,0,0,0,0,0,0,0,31514567,0,0,0,0,0,0,0,0,432,0,904,0,0,0,0,0,0,0,0,29189719,0,0,0,0/RP0/CPU0

2020-02-06 13:23:28.960000+00:00,leaf5,sg2,obt-collector1,0,193,0,0,0,0,0,0,0,0,0,0,0,0,0,0,0,0,0,0,91,0,0,0,0,40,0,0,0,0,0,0,98,4,0,0,94,0,62370,56927,0,29604,1,56948,62362,0,32926,0,30,128,0,98,0,0,0,0,152499,0,0,0,0,0,0,0,0,154,0,38,0,0,0,0,29940,0,0,0,471116,0,152,0,0/0/CPU0

2020-02-06 13:23:28.961000+00:00,leaf5,sg2,obt-collector1,0,355,0,0,0,0,0,0,0,0,0,0,432,0,0,0,0,0,0,0,0,0,0,0,0,1089,0,0,0,0,0,0,0,355,0,0,432,0,0,0,0,0,0,0,0,0,0,0,0,0,0,0,0,0,0,0,31514621,0,0,0,0,0,0,0,0,432,0,904,0,0,0,0,0,0,0,0,29189789,0,0,0,0/RP0/CPU0

2020-02-06 13:23:38.955000+00:00,leaf5,sg2,obt-collector1,0,193,0,0,0,0,0,0,0,0,0,0,0,0,0,0,0,0,0,0,91,0,0,0,0,40,0,0,0,0,0,0,98,4,0,0,94,0,62373,56929,0,29606,1,56950,62365,0,32928,0,30,128,0,98,0,0,0,0,152506,0,0,0,0,0,0,0,0,154,0,38,0,0,0,0,29942,0,0,0,471135,0,152,0,0/0/CPU0

2020-02-06 13:23:38.956000+00:00,leaf5,sg2,obt-collector1,0,355,0,0,0,0,0,0,0,0,0,0,432,0,0,0,0,0,0,0,0,0,0,0,0,1089,0,0,0,0,0,0,0,355,0,0,432,0,0,0,0,0,0,0,0,0,0,0,0,0,0,0,0,0,0,0,31514675,0,0,0,0,0,0,0,0,432,0,904,0,0,0,0,0,0,0,0,29189859,0,0,0,0/RP0/CPU0

2020-02-06 13:23:48.960000+00:00,leaf5,sg2,obt-collector1,0,193,0,0,0,0,0,0,0,0,0,0,0,0,0,0,0,0,0,0,91,0,0,0,0,40,0,0,0,0,0,0,98,4,0,0,94,0,62374,56932,0,29607,1,56953,62366,0,32928,0,30,128,0,98,0,0,0,0,152510,0,0,0,0,0,0,0,0,154,0,38,0,0,0,0,29943,0,0,0,471152,0,152,0,0/0/CPU0

2020-02-06 13:23:48.961000+00:00,leaf5,sg2,obt-collector1,0,355,0,0,0,0,0,0,0,0,0,0,432,0,0,0,0,0,0,0,0,0,0,0,0,1089,0,0,0,0,0,0,0,355,0,0,432,0,0,0,0,0,0,0,0,0,0,0,0,0,0,0,0,0,0,0,31514729,0,0,0,0,0,0,0,0,432,0,904,0,0,0,0,0,0,0,0,29189929,0,0,0,0/RP0/CPU0

2020-02-06 13:23:58.961000+00:00,leaf5,sg2,obt-collector1,0,193,0,0,0,0,0,0,0,0,0,0,0,0,0,0,0,0,0,0,91,0,0,0,0,40,0,0,0,0,0,0,98,4,0,0,94,0,62376,56933,0,29607,1,56954,62368,0,32930,0,30,128,0,98,0,0,0,0,152515,0,0,0,0,0,0,0,0,154,0,38,0,0,0,0,29943,0,0,0,471166,0,152,0,0/0/CPU0

2020-02-06 13:23:58.962000+00:00,leaf5,sg2,obt-collector1,0,355,0,0,0,0,0,0,0,0,0,0,432,0,0,0,0,0,0,0,0,0,0,0,0,1089,0,0,0,0,0,0,0,355,0,0,432,0,0,0,0,0,0,0,0,0,0,0,0,0,0,0,0,0,0,0,31514783,0,0,0,0,0,0,0,0,432,0,904,0,0,0,0,0,0,0,0,29189999,0,0,0,0/RP0/CPU0

2020-02-06 13:24:08.962000+00:00,leaf5,sg2,obt-collector1,0,193,0,0,0,0,0,0,0,0,0,0,0,0,0,0,0,0,0,0,91,0,0,0,0,40,0,0,0,0,0,0,98,4,0,0,94,0,62377,56935,0,29607,1,56956,62369,0,32932,0,30,128,0,98,0,0,0,0,152520,0,0,0,0,0,0,0,0,154,0,38,0,0,0,0,29943,0,0,0,471180,0,152,0,0/0/CPU0

2020-02-06 13:24:08.963000+00:00,leaf5,sg2,obt-collector1,0,355,0,0,0,0,0,0,0,0,0,0,432,0,0,0,0,0,0,0,0,0,0,0,0,1089,0,0,0,0,0,0,0,355,0,0,432,0,0,0,0,0,0,0,0,0,0,0,0,0,0,0,0,0,0,0,31514837,0,0,0,0,0,0,0,0,432,0,904,0,0,0,0,0,0,0,0,29190069,0,0,0,0/RP0/CPU0

2020-02-06 13:24:18.962000+00:00,leaf5,sg2,obt-collector1,0,193,0,0,0,0,0,0,0,0,0,0,0,0,0,0,0,0,0,0,91,0,0,0,0,40,0,0,0,0,0,0,98,4,0,0,94,0,62381,56939,0,29608,1,56960,62373,0,32933,0,30,128,0,98,0,0,0,0,152529,0,0,0,0,0,0,0,0,154,0,38,0,0,0,0,29944,0,0,0,471200,0,152,0,0/0/CPU0

2020-02-06 13:24:18.964000+00:00,leaf5,sg2,obt-collector1,0,355,0,0,0,0,0,0,0,0,0,0,432,0,0,0,0,0,0,0,0,0,0,0,0,1089,0,0,0,0,0,0,0,355,0,0,432,0,0,0,0,0,0,0,0,0,0,0,0,0,0,0,0,0,0,0,31514891,0,0,0,0,0,0,0,0,432,0,904,0,0,0,0,0,0,0,0,29190139,0,0,0,0/RP0/CPU0

2020-02-06 13:24:28.960000+00:00,leaf5,sg2,obt-collector1,0,193,0,0,0,0,0,0,0,0,0,0,0,0,0,0,0,0,0,0,91,0,0,0,0,40,0,0,0,0,0,0,98,4,0,0,94,0,62382,56941,0,29610,1,56962,62374,0,32933,0,30,128,0,98,0,0,0,0,152532,0,0,0,0,0,0,0,0,154,0,38,0,0,0,0,29946,0,0,0,471216,0,152,0,0/0/CPU0

2020-02-06 13:24:28.961000+00:00,leaf5,sg2,obt-collector1,0,355,0,0,0,0,0,0,0,0,0,0,432,0,0,0,0,0,0,0,0,0,0,0,0,1089,0,0,0,0,0,0,0,355,0,0,432,0,0,0,0,0,0,0,0,0,0,0,0,0,0,0,0,0,0,0,31514945,0,0,0,0,0,0,0,0,432,0,904,0,0,0,0,0,0,0,0,29190209,0,0,0,0/RP0/CPU0

2020-02-06 13:24:38.957000+00:00,leaf5,sg2,obt-collector1,0,193,0,0,0,0,0,0,0,0,0,0,0,0,0,0,0,0,0,0,91,0,0,0,0,40,0,0,0,0,0,0,98,4,0,0,94,0,62385,56942,0,29611,1,56963,62377,0,32935,0,30,128,0,98,0,0,0,0,152538,0,0,0,0,0,0,0,0,154,0,38,0,0,0,0,29947,0,0,0,471232,0,152,0,0/0/CPU0

2020-02-06 13:24:38.959000+00:00,leaf5,sg2,obt-collector1,0,355,0,0,0,0,0,0,0,0,0,0,432,0,0,0,0,0,0,0,0,0,0,0,0,1089,0,0,0,0,0,0,0,355,0,0,432,0,0,0,0,0,0,0,0,0,0,0,0,0,0,0,0,0,0,0,31514999,0,0,0,0,0,0,0,0,432,0,904,0,0,0,0,0,0,0,0,29190279,0,0,0,0/RP0/CPU0

2020-02-06 13:24:48.978000+00:00,leaf5,sg2,obt-collector1,0,193,0,0,0,0,0,0,0,0,0,0,0,0,0,0,0,0,0,0,91,0,0,0,0,40,0,0,0,0,0,0,98,4,0,0,94,0,62387,56945,0,29611,1,56966,62379,0,32935,0,30,128,0,98,0,0,0,0,152543,0,0,0,0,0,0,0,0,154,0,38,0,0,0,0,29947,0,0,0,471249,0,152,0,0/0/CPU0

2020-02-06 13:24:48.979000+00:00,leaf5,sg2,obt-collector1,0,355,0,0,0,0,0,0,0,0,0,0,432,0,0,0,0,0,0,0,0,0,0,0,0,1089,0,0,0,0,0,0,0,355,0,0,432,0,0,0,0,0,0,0,0,0,0,0,0,0,0,0,0,0,0,0,31515053,0,0,0,0,0,0,0,0,432,0,904,0,0,0,0,0,0,0,0,29190349,0,0,0,0/RP0/CPU0

2020-02-06 13:24:58.966000+00:00,leaf5,sg2,obt-collector1,0,193,0,0,0,0,0,0,0,0,0,0,0,0,0,0,0,0,0,0,91,0,0,0,0,40,0,0,0,0,0,0,98,4,0,0,94,0,62391,56947,0,29613,1,56968,62383,0,32936,0,30,128,0,98,0,0,0,0,152550,0,0,0,0,0,0,0,0,154,0,38,0,0,0,0,29949,0,0,0,471269,0,152,0,0/0/CPU0

2020-02-06 13:24:58.967000+00:00,leaf5,sg2,obt-collector1,0,355,0,0,0,0,0,0,0,0,0,0,432,0,0,0,0,0,0,0,0,0,0,0,0,1089,0,0,0,0,0,0,0,355,0,0,432,0,0,0,0,0,0,0,0,0,0,0,0,0,0,0,0,0,0,0,31515107,0,0,0,0,0,0,0,0,432,0,904,0,0,0,0,0,0,0,0,29190419,0,0,0,0/RP0/CPU0

2020-02-06 13:25:08.964000+00:00,leaf5,sg2,obt-collector1,0,193,0,0,0,0,0,0,0,0,0,0,0,0,0,0,0,0,0,0,91,0,0,0,0,40,0,0,0,0,0,0,98,4,0,0,94,0,62392,56948,0,29613,1,56969,62384,0,32938,0,30,128,0,98,0,0,0,0,152554,0,0,0,0,0,0,0,0,154,0,38,0,0,0,0,29949,0,0,0,471282,0,152,0,0/0/CPU0

2020-02-06 13:25:08.965000+00:00,leaf5,sg2,obt-collector1,0,355,0,0,0,0,0,0,0,0,0,0,432,0,0,0,0,0,0,0,0,0,0,0,0,1089,0,0,0,0,0,0,0,355,0,0,432,0,0,0,0,0,0,0,0,0,0,0,0,0,0,0,0,0,0,0,31515161,0,0,0,0,0,0,0,0,432,0,904,0,0,0,0,0,0,0,0,29190489,0,0,0,0/RP0/CPU0

2020-02-06 13:25:18.961000+00:00,leaf5,sg2,obt-collector1,0,193,0,0,0,0,0,0,0,0,0,0,0,0,0,0,0,0,0,0,91,0,0,0,0,40,0,0,0,0,0,0,98,4,0,0,94,0,62394,56949,0,29614,1,56970,62386,0,32938,0,30,128,0,98,0,0,0,0,152557,0,0,0,0,0,0,0,0,154,0,38,0,0,0,0,29950,0,0,0,471297,0,152,0,0/0/CPU0

2020-02-06 13:25:18.963000+00:00,leaf5,sg2,obt-collector1,0,355,0,0,0,0,0,0,0,0,0,0,432,0,0,0,0,0,0,0,0,0,0,0,0,1089,0,0,0,0,0,0,0,355,0,0,432,0,0,0,0,0,0,0,0,0,0,0,0,0,0,0,0,0,0,0,31515215,0,0,0,0,0,0,0,0,432,0,904,0,0,0,0,0,0,0,0,29190559,0,0,0,0/RP0/CPU0

2020-02-06 13:25:28.959000+00:00,leaf5,sg2,obt-collector1,0,193,0,0,0,0,0,0,0,0,0,0,0,0,0,0,0,0,0,0,91,0,0,0,0,40,0,0,0,0,0,0,98,4,0,0,94,0,62396,56952,0,29614,1,56973,62388,0,32939,0,30,128,0,98,0,0,0,0,152563,0,0,0,0,0,0,0,0,154,0,38,0,0,0,0,29950,0,0,0,471314,0,152,0,0/0/CPU0

2020-02-06 13:25:28.961000+00:00,leaf5,sg2,obt-collector1,0,355,0,0,0,0,0,0,0,0,0,0,432,0,0,0,0,0,0,0,0,0,0,0,0,1089,0,0,0,0,0,0,0,355,0,0,432,0,0,0,0,0,0,0,0,0,0,0,0,0,0,0,0,0,0,0,31515269,0,0,0,0,0,0,0,0,432,0,904,0,0,0,0,0,0,0,0,29190629,0,0,0,0/RP0/CPU0

2020-02-06 13:25:38.970000+00:00,leaf5,sg2,obt-collector1,0,193,0,0,0,0,0,0,0,0,0,0,0,0,0,0,0,0,0,0,91,0,0,0,0,40,0,0,0,0,0,0,98,4,0,0,94,0,62399,56954,0,29615,1,56975,62391,0,32940,0,30,128,0,98,0,0,0,0,152569,0,0,0,0,0,0,0,0,154,0,38,0,0,0,0,29951,0,0,0,471331,0,152,0,0/0/CPU0

2020-02-06 13:25:38.972000+00:00,leaf5,sg2,obt-collector1,0,355,0,0,0,0,0,0,0,0,0,0,432,0,0,0,0,0,0,0,0,0,0,0,0,1089,0,0,0,0,0,0,0,355,0,0,432,0,0,0,0,0,0,0,0,0,0,0,0,0,0,0,0,0,0,0,31515323,0,0,0,0,0,0,0,0,432,0,904,0,0,0,0,0,0,0,0,29190699,0,0,0,0/RP0/CPU0

2020-02-06 13:25:48.958000+00:00,leaf5,sg2,obt-collector1,0,193,0,0,0,0,0,0,0,0,0,0,0,0,0,0,0,0,0,0,91,0,0,0,0,40,0,0,0,0,0,0,98,4,0,0,94,0,62400,56956,0,29616,1,56977,62392,0,32940,0,30,128,0,98,0,0,0,0,152572,0,0,0,0,0,0,0,0,154,0,38,0,0,0,0,29952,0,0,0,471347,0,152,0,0/0/CPU0

2020-02-06 13:25:48.960000+00:00,leaf5,sg2,obt-collector1,0,355,0,0,0,0,0,0,0,0,0,0,432,0,0,0,0,0,0,0,0,0,0,0,0,1089,0,0,0,0,0,0,0,355,0,0,432,0,0,0,0,0,0,0,0,0,0,0,0,0,0,0,0,0,0,0,31515377,0,0,0,0,0,0,0,0,432,0,904,0,0,0,0,0,0,0,0,29190769,0,0,0,0/RP0/CPU0

2020-02-06 13:25:58.964000+00:00,leaf5,sg2,obt-collector1,0,193,0,0,0,0,0,0,0,0,0,0,0,0,0,0,0,0,0,0,91,0,0,0,0,40,0,0,0,0,0,0,98,4,0,0,94,0,62406,56959,0,29617,1,56980,62398,0,32941,0,30,128,0,98,0,0,0,0,152582,0,0,0,0,0,0,0,0,154,0,38,0,0,0,0,29953,0,0,0,471368,0,152,0,0/0/CPU0

2020-02-06 13:25:58.966000+00:00,leaf5,sg2,obt-collector1,0,355,0,0,0,0,0,0,0,0,0,0,432,0,0,0,0,0,0,0,0,0,0,0,0,1089,0,0,0,0,0,0,0,355,0,0,432,0,0,0,0,0,0,0,0,0,0,0,0,0,0,0,0,0,0,0,31515435,0,0,0,0,0,0,0,0,432,0,904,0,0,0,0,0,0,0,0,29190839,0,0,0,0/RP0/CPU0

2020-02-06 13:26:08.960000+00:00,leaf5,sg2,obt-collector1,0,193,0,0,0,0,0,0,0,0,0,0,0,0,0,0,0,0,0,0,91,0,0,0,0,40,0,0,0,0,0,0,98,4,0,0,94,0,62406,56960,0,29620,1,56981,62398,0,32941,0,30,128,0,98,0,0,0,0,152583,0,0,0,0,0,0,0,0,154,0,38,0,0,0,0,29956,0,0,0,471384,0,152,0,0/0/CPU0

2020-02-06 13:26:08.962000+00:00,leaf5,sg2,obt-collector1,0,355,0,0,0,0,0,0,0,0,0,0,432,0,0,0,0,0,0,0,0,0,0,0,0,1089,0,0,0,0,0,0,0,355,0,0,432,0,0,0,0,0,0,0,0,0,0,0,0,0,0,0,0,0,0,0,31515489,0,0,0,0,0,0,0,0,432,0,904,0,0,0,0,0,0,0,0,29190909,0,0,0,0/RP0/CPU0

2020-02-06 13:26:18.962000+00:00,leaf5,sg2,obt-collector1,0,193,0,0,0,0,0,0,0,0,0,0,0,0,0,0,0,0,0,0,91,0,0,0,0,40,0,0,0,0,0,0,98,4,0,0,94,0,62410,56962,0,29623,1,56983,62402,0,32947,0,30,128,0,98,0,0,0,0,152595,0,0,0,0,0,0,0,0,154,0,38,0,0,0,0,29959,0,0,0,471405,0,152,0,0/0/CPU0

2020-02-06 13:26:18.963000+00:00,leaf5,sg2,obt-collector1,0,355,0,0,0,0,0,0,0,0,0,0,432,0,0,0,0,0,0,0,0,0,0,0,0,1089,0,0,0,0,0,0,0,355,0,0,432,0,0,0,0,0,0,0,0,0,0,0,0,0,0,0,0,0,0,0,31515543,0,0,0,0,0,0,0,0,432,0,904,0,0,0,0,0,0,0,0,29190979,0,0,0,0/RP0/CPU0

2020-02-06 13:26:28.964000+00:00,leaf5,sg2,obt-collector1,0,193,0,0,0,0,0,0,0,0,0,0,0,0,0,0,0,0,0,0,91,0,0,0,0,40,0,0,0,0,0,0,98,4,0,0,94,0,62410,56963,0,29624,1,56984,62402,0,32949,0,30,128,0,98,0,0,0,0,152598,0,0,0,0,0,0,0,0,154,0,38,0,0,0,0,29960,0,0,0,471417,0,152,0,0/0/CPU0

2020-02-06 13:26:28.966000+00:00,leaf5,sg2,obt-collector1,0,355,0,0,0,0,0,0,0,0,0,0,432,0,0,0,0,0,0,0,0,0,0,0,0,1089,0,0,0,0,0,0,0,355,0,0,432,0,0,0,0,0,0,0,0,0,0,0,0,0,0,0,0,0,0,0,31515597,0,0,0,0,0,0,0,0,432,0,904,0,0,0,0,0,0,0,0,29191049,0,0,0,0/RP0/CPU0

2020-02-06 13:26:38.962000+00:00,leaf5,sg2,obt-collector1,0,193,0,0,0,0,0,0,0,0,0,0,0,0,0,0,0,0,0,0,91,0,0,0,0,40,0,0,0,0,0,0,98,4,0,0,94,0,62413,56967,0,29624,1,56988,62405,0,32949,0,30,128,0,98,0,0,0,0,152605,0,0,0,0,0,0,0,0,154,0,38,0,0,0,0,29960,0,0,0,471436,0,152,0,0/0/CPU0

2020-02-06 13:26:38.963000+00:00,leaf5,sg2,obt-collector1,0,355,0,0,0,0,0,0,0,0,0,0,432,0,0,0,0,0,0,0,0,0,0,0,0,1089,0,0,0,0,0,0,0,355,0,0,432,0,0,0,0,0,0,0,0,0,0,0,0,0,0,0,0,0,0,0,31515651,0,0,0,0,0,0,0,0,432,0,904,0,0,0,0,0,0,0,0,29191119,0,0,0,0/RP0/CPU0

2020-02-06 13:26:48.965000+00:00,leaf5,sg2,obt-collector1,0,193,0,0,0,0,0,0,0,0,0,0,0,0,0,0,0,0,0,0,91,0,0,0,0,40,0,0,0,0,0,0,98,4,0,0,94,0,62414,56969,0,29626,1,56990,62406,0,32949,0,30,128,0,98,0,0,0,0,152608,0,0,0,0,0,0,0,0,154,0,38,0,0,0,0,29962,0,0,0,471453,0,152,0,0/0/CPU0

2020-02-06 13:26:48.966000+00:00,leaf5,sg2,obt-collector1,0,355,0,0,0,0,0,0,0,0,0,0,432,0,0,0,0,0,0,0,0,0,0,0,0,1089,0,0,0,0,0,0,0,355,0,0,432,0,0,0,0,0,0,0,0,0,0,0,0,0,0,0,0,0,0,0,31515705,0,0,0,0,0,0,0,0,432,0,904,0,0,0,0,0,0,0,0,29191189,0,0,0,0/RP0/CPU0

2020-02-06 13:26:58.959000+00:00,leaf5,sg2,obt-collector1,0,193,0,0,0,0,0,0,0,0,0,0,0,0,0,0,0,0,0,0,91,0,0,0,0,40,0,0,0,0,0,0,98,4,0,0,94,0,62416,56971,0,29626,1,56992,62408,0,32950,0,30,128,0,98,0,0,0,0,152613,0,0,0,0,0,0,0,0,154,0,38,0,0,0,0,29962,0,0,0,471468,0,152,0,0/0/CPU0

2020-02-06 13:26:58.961000+00:00,leaf5,sg2,obt-collector1,0,355,0,0,0,0,0,0,0,0,0,0,432,0,0,0,0,0,0,0,0,0,0,0,0,1089,0,0,0,0,0,0,0,355,0,0,432,0,0,0,0,0,0,0,0,0,0,0,0,0,0,0,0,0,0,0,31515759,0,0,0,0,0,0,0,0,432,0,904,0,0,0,0,0,0,0,0,29191259,0,0,0,0/RP0/CPU0

2020-02-06 13:27:08.960000+00:00,leaf5,sg2,obt-collector1,0,193,0,0,0,0,0,0,0,0,0,0,0,0,0,0,0,0,0,0,91,0,0,0,0,40,0,0,0,0,0,0,98,4,0,0,94,0,62417,56971,0,29626,1,56992,62409,0,32954,0,30,128,0,98,0,0,0,0,152618,0,0,0,0,0,0,0,0,154,0,38,0,0,0,0,29962,0,0,0,471481,0,152,0,0/0/CPU0

2020-02-06 13:27:08.962000+00:00,leaf5,sg2,obt-collector1,0,355,0,0,0,0,0,0,0,0,0,0,432,0,0,0,0,0,0,0,0,0,0,0,0,1089,0,0,0,0,0,0,0,355,0,0,432,0,0,0,0,0,0,0,0,0,0,0,0,0,0,0,0,0,0,0,31515813,0,0,0,0,0,0,0,0,432,0,904,0,0,0,0,0,0,0,0,29191329,0,0,0,0/RP0/CPU0

2020-02-06 13:27:18.961000+00:00,leaf5,sg2,obt-collector1,0,193,0,0,0,0,0,0,0,0,0,0,0,0,0,0,0,0,0,0,91,0,0,0,0,40,0,0,0,0,0,0,98,4,0,0,94,0,62418,56974,0,29627,1,56995,62410,0,32954,0,30,128,0,98,0,0,0,0,152622,0,0,0,0,0,0,0,0,154,0,38,0,0,0,0,29963,0,0,0,471496,0,152,0,0/0/CPU0

2020-02-06 13:27:18.962000+00:00,leaf5,sg2,obt-collector1,0,355,0,0,0,0,0,0,0,0,0,0,432,0,0,0,0,0,0,0,0,0,0,0,0,1089,0,0,0,0,0,0,0,355,0,0,432,0,0,0,0,0,0,0,0,0,0,0,0,0,0,0,0,0,0,0,31515867,0,0,0,0,0,0,0,0,432,0,904,0,0,0,0,0,0,0,0,29191399,0,0,0,0/RP0/CPU0

2020-02-06 13:27:28.960000+00:00,leaf5,sg2,obt-collector1,0,193,0,0,0,0,0,0,0,0,0,0,0,0,0,0,0,0,0,0,91,0,0,0,0,40,0,0,0,0,0,0,98,4,0,0,94,0,62422,56976,0,29627,1,56997,62414,0,32954,0,30,128,0,98,0,0,0,0,152628,0,0,0,0,0,0,0,0,154,0,38,0,0,0,0,29963,0,0,0,471514,0,152,0,0/0/CPU0

2020-02-06 13:27:28.962000+00:00,leaf5,sg2,obt-collector1,0,355,0,0,0,0,0,0,0,0,0,0,432,0,0,0,0,0,0,0,0,0,0,0,0,1089,0,0,0,0,0,0,0,355,0,0,432,0,0,0,0,0,0,0,0,0,0,0,0,0,0,0,0,0,0,0,31515921,0,0,0,0,0,0,0,0,432,0,904,0,0,0,0,0,0,0,0,29191470,0,0,0,0/RP0/CPU0

2020-02-06 13:27:38.962000+00:00,leaf5,sg2,obt-collector1,0,193,0,0,0,0,0,0,0,0,0,0,0,0,0,0,0,0,0,0,91,0,0,0,0,40,0,0,0,0,0,0,98,4,0,0,94,0,62425,56978,0,29630,1,56999,62417,0,32955,0,30,128,0,98,0,0,0,0,152634,0,0,0,0,0,0,0,0,154,0,38,0,0,0,0,29966,0,0,0,471534,0,152,0,0/0/CPU0

2020-02-06 13:27:38.963000+00:00,leaf5,sg2,obt-collector1,0,355,0,0,0,0,0,0,0,0,0,0,432,0,0,0,0,0,0,0,0,0,0,0,0,1089,0,0,0,0,0,0,0,355,0,0,432,0,0,0,0,0,0,0,0,0,0,0,0,0,0,0,0,0,0,0,31515975,0,0,0,0,0,0,0,0,432,0,904,0,0,0,0,0,0,0,0,29191540,0,0,0,0/RP0/CPU0

2020-02-06 13:27:48.960000+00:00,leaf5,sg2,obt-collector1,0,193,0,0,0,0,0,0,0,0,0,0,0,0,0,0,0,0,0,0,91,0,0,0,0,40,0,0,0,0,0,0,98,4,0,0,94,0,62426,56980,0,29631,1,57001,62418,0,32956,0,30,128,0,98,0,0,0,0,152638,0,0,0,0,0,0,0,0,154,0,38,0,0,0,0,29967,0,0,0,471550,0,152,0,0/0/CPU0

2020-02-06 13:27:48.962000+00:00,leaf5,sg2,obt-collector1,0,355,0,0,0,0,0,0,0,0,0,0,432,0,0,0,0,0,0,0,0,0,0,0,0,1089,0,0,0,0,0,0,0,355,0,0,432,0,0,0,0,0,0,0,0,0,0,0,0,0,0,0,0,0,0,0,31516029,0,0,0,0,0,0,0,0,432,0,904,0,0,0,0,0,0,0,0,29191610,0,0,0,0/RP0/CPU0

2020-02-06 13:27:58.961000+00:00,leaf5,sg2,obt-collector1,0,193,0,0,0,0,0,0,0,0,0,0,0,0,0,0,0,0,0,0,91,0,0,0,0,40,0,0,0,0,0,0,98,4,0,0,94,0,62431,56983,0,29631,1,57004,62423,0,32957,0,30,128,0,98,0,0,0,0,152647,0,0,0,0,0,0,0,0,154,0,38,0,0,0,0,29967,0,0,0,471568,0,152,0,0/0/CPU0

2020-02-06 13:27:58.962000+00:00,leaf5,sg2,obt-collector1,0,355,0,0,0,0,0,0,0,0,0,0,432,0,0,0,0,0,0,0,0,0,0,0,0,1089,0,0,0,0,0,0,0,355,0,0,432,0,0,0,0,0,0,0,0,0,0,0,0,0,0,0,0,0,0,0,31516083,0,0,0,0,0,0,0,0,432,0,904,0,0,0,0,0,0,0,0,29191680,0,0,0,0/RP0/CPU0

2020-02-06 13:28:08.967000+00:00,leaf5,sg2,obt-collector1,0,193,0,0,0,0,0,0,0,0,0,0,0,0,0,0,0,0,0,0,91,0,0,0,0,40,0,0,0,0,0,0,98,4,0,0,94,0,62431,56983,0,29631,1,57004,62423,0,32958,0,30,128,0,98,0,0,0,0,152648,0,0,0,0,0,0,0,0,154,0,38,0,0,0,0,29967,0,0,0,471580,0,152,0,0/0/CPU0

2020-02-06 13:28:08.968000+00:00,leaf5,sg2,obt-collector1,0,355,0,0,0,0,0,0,0,0,0,0,432,0,0,0,0,0,0,0,0,0,0,0,0,1089,0,0,0,0,0,0,0,355,0,0,432,0,0,0,0,0,0,0,0,0,0,0,0,0,0,0,0,0,0,0,31516137,0,0,0,0,0,0,0,0,432,0,904,0,0,0,0,0,0,0,0,29191750,0,0,0,0/RP0/CPU0

2020-02-06 13:28:18.963000+00:00,leaf5,sg2,obt-collector1,0,193,0,0,0,0,0,0,0,0,0,0,0,0,0,0,0,0,0,0,91,0,0,0,0,40,0,0,0,0,0,0,98,4,0,0,94,0,62433,56985,0,29631,1,57006,62425,0,32959,0,30,128,0,98,0,0,0,0,152653,0,0,0,0,0,0,0,0,154,0,38,0,0,0,0,29967,0,0,0,471595,0,152,0,0/0/CPU0

2020-02-06 13:28:18.964000+00:00,leaf5,sg2,obt-collector1,0,355,0,0,0,0,0,0,0,0,0,0,432,0,0,0,0,0,0,0,0,0,0,0,0,1089,0,0,0,0,0,0,0,355,0,0,432,0,0,0,0,0,0,0,0,0,0,0,0,0,0,0,0,0,0,0,31516191,0,0,0,0,0,0,0,0,432,0,904,0,0,0,0,0,0,0,0,29191820,0,0,0,0/RP0/CPU0

2020-02-06 13:28:28.964000+00:00,leaf5,sg2,obt-collector1,0,193,0,0,0,0,0,0,0,0,0,0,0,0,0,0,0,0,0,0,91,0,0,0,0,40,0,0,0,0,0,0,98,4,0,0,94,0,62436,56988,0,29632,1,57009,62428,0,32959,0,30,128,0,98,0,0,0,0,152659,0,0,0,0,0,0,0,0,154,0,38,0,0,0,0,29968,0,0,0,471614,0,152,0,0/0/CPU0

2020-02-06 13:28:28.965000+00:00,leaf5,sg2,obt-collector1,0,355,0,0,0,0,0,0,0,0,0,0,432,0,0,0,0,0,0,0,0,0,0,0,0,1089,0,0,0,0,0,0,0,355,0,0,432,0,0,0,0,0,0,0,0,0,0,0,0,0,0,0,0,0,0,0,31516245,0,0,0,0,0,0,0,0,432,0,904,0,0,0,0,0,0,0,0,29191890,0,0,0,0/RP0/CPU0

2020-02-06 13:28:38.969000+00:00,leaf5,sg2,obt-collector1,0,193,0,0,0,0,0,0,0,0,0,0,0,0,0,0,0,0,0,0,91,0,0,0,0,40,0,0,0,0,0,0,98,4,0,0,94,0,62439,56990,0,29632,1,57011,62431,0,32959,0,30,128,0,98,0,0,0,0,152664,0,0,0,0,0,0,0,0,154,0,38,0,0,0,0,29968,0,0,0,471630,0,152,0,0/0/CPU0

2020-02-06 13:28:38.971000+00:00,leaf5,sg2,obt-collector1,0,355,0,0,0,0,0,0,0,0,0,0,432,0,0,0,0,0,0,0,0,0,0,0,0,1089,0,0,0,0,0,0,0,355,0,0,432,0,0,0,0,0,0,0,0,0,0,0,0,0,0,0,0,0,0,0,31516299,0,0,0,0,0,0,0,0,432,0,904,0,0,0,0,0,0,0,0,29191960,0,0,0,0/RP0/CPU0

2020-02-06 13:28:48.961000+00:00,leaf5,sg2,obt-collector1,0,193,0,0,0,0,0,0,0,0,0,0,0,0,0,0,0,0,0,0,91,0,0,0,0,40,0,0,0,0,0,0,98,4,0,0,94,0,62440,56992,0,29633,1,57013,62432,0,32962,0,30,128,0,98,0,0,0,0,152670,0,0,0,0,0,0,0,0,154,0,38,0,0,0,0,29969,0,0,0,471646,0,152,0,0/0/CPU0

2020-02-06 13:28:48.963000+00:00,leaf5,sg2,obt-collector1,0,355,0,0,0,0,0,0,0,0,0,0,432,0,0,0,0,0,0,0,0,0,0,0,0,1089,0,0,0,0,0,0,0,355,0,0,432,0,0,0,0,0,0,0,0,0,0,0,0,0,0,0,0,0,0,0,31516353,0,0,0,0,0,0,0,0,432,0,904,0,0,0,0,0,0,0,0,29192030,0,0,0,0/RP0/CPU0

2020-02-06 13:28:58.963000+00:00,leaf5,sg2,obt-collector1,0,193,0,0,0,0,0,0,0,0,0,0,0,0,0,0,0,0,0,0,91,0,0,0,0,40,0,0,0,0,0,0,98,4,0,0,94,0,62446,56995,0,29635,1,57016,62438,0,32963,0,30,128,0,98,0,0,0,0,152680,0,0,0,0,0,0,0,0,154,0,38,0,0,0,0,29971,0,0,0,471667,0,152,0,0/0/CPU0

2020-02-06 13:28:58.965000+00:00,leaf5,sg2,obt-collector1,0,355,0,0,0,0,0,0,0,0,0,0,432,0,0,0,0,0,0,0,0,0,0,0,0,1089,0,0,0,0,0,0,0,355,0,0,432,0,0,0,0,0,0,0,0,0,0,0,0,0,0,0,0,0,0,0,31516407,0,0,0,0,0,0,0,0,432,0,904,0,0,0,0,0,0,0,0,29192100,0,0,0,0/RP0/CPU0

2020-02-06 13:29:08.962000+00:00,leaf5,sg2,obt-collector1,0,193,0,0,0,0,0,0,0,0,0,0,0,0,0,0,0,0,0,0,91,0,0,0,0,40,0,0,0,0,0,0,98,4,0,0,94,0,62446,56997,0,29635,1,57018,62438,0,32964,0,30,128,0,98,0,0,0,0,152683,0,0,0,0,0,0,0,0,154,0,38,0,0,0,0,29971,0,0,0,471681,0,152,0,0/0/CPU0

2020-02-06 13:29:08.963000+00:00,leaf5,sg2,obt-collector1,0,355,0,0,0,0,0,0,0,0,0,0,432,0,0,0,0,0,0,0,0,0,0,0,0,1089,0,0,0,0,0,0,0,355,0,0,432,0,0,0,0,0,0,0,0,0,0,0,0,0,0,0,0,0,0,0,31516461,0,0,0,0,0,0,0,0,432,0,904,0,0,0,0,0,0,0,0,29192170,0,0,0,0/RP0/CPU0

2020-02-06 13:29:18.966000+00:00,leaf5,sg2,obt-collector1,0,193,0,0,0,0,0,0,0,0,0,0,0,0,0,0,0,0,0,0,91,0,0,0,0,40,0,0,0,0,0,0,98,4,0,0,94,0,62450,56998,0,29638,1,57019,62442,0,32965,0,30,128,0,98,0,0,0,0,152689,0,0,0,0,0,0,0,0,154,0,38,0,0,0,0,29974,0,0,0,471700,0,152,0,0/0/CPU0

2020-02-06 13:29:18.968000+00:00,leaf5,sg2,obt-collector1,0,355,0,0,0,0,0,0,0,0,0,0,432,0,0,0,0,0,0,0,0,0,0,0,0,1089,0,0,0,0,0,0,0,355,0,0,432,0,0,0,0,0,0,0,0,0,0,0,0,0,0,0,0,0,0,0,31516517,0,0,0,0,0,0,0,0,432,0,904,0,0,0,0,0,0,0,0,29192240,0,0,0,0/RP0/CPU0

2020-02-06 13:29:28.961000+00:00,leaf5,sg2,obt-collector1,0,193,0,0,0,0,0,0,0,0,0,0,0,0,0,0,0,0,0,0,91,0,0,0,0,40,0,0,0,0,0,0,98,4,0,0,94,0,62450,56999,0,29642,1,57020,62442,0,32969,0,30,128,0,98,0,0,0,0,152694,0,0,0,0,0,0,0,0,154,0,38,0,0,0,0,29978,0,0,0,471716,0,152,0,0/0/CPU0

2020-02-06 13:29:28.963000+00:00,leaf5,sg2,obt-collector1,0,355,0,0,0,0,0,0,0,0,0,0,432,0,0,0,0,0,0,0,0,0,0,0,0,1089,0,0,0,0,0,0,0,355,0,0,432,0,0,0,0,0,0,0,0,0,0,0,0,0,0,0,0,0,0,0,31516575,0,0,0,0,0,0,0,0,432,0,904,0,0,0,0,0,0,0,0,29192310,0,0,0,0/RP0/CPU0

2020-02-06 13:29:38.965000+00:00,leaf5,sg2,obt-collector1,0,193,0,0,0,0,0,0,0,0,0,0,0,0,0,0,0,0,0,0,91,0,0,0,0,40,0,0,0,0,0,0,98,4,0,0,94,0,62451,57003,0,29643,1,57024,62443,0,32969,0,30,128,0,98,0,0,0,0,152699,0,0,0,0,0,0,0,0,154,0,38,0,0,0,0,29979,0,0,0,471733,0,152,0,0/0/CPU0

2020-02-06 13:29:38.967000+00:00,leaf5,sg2,obt-collector1,0,355,0,0,0,0,0,0,0,0,0,0,432,0,0,0,0,0,0,0,0,0,0,0,0,1089,0,0,0,0,0,0,0,355,0,0,432,0,0,0,0,0,0,0,0,0,0,0,0,0,0,0,0,0,0,0,31516633,0,0,0,0,0,0,0,0,432,0,904,0,0,0,0,0,0,0,0,29192380,0,0,0,0/RP0/CPU0

2020-02-06 13:29:48.973000+00:00,leaf5,sg2,obt-collector1,0,193,0,0,0,0,0,0,0,0,0,0,0,0,0,0,0,0,0,0,91,0,0,0,0,40,0,0,0,0,0,0,98,4,0,0,94,0,62454,57005,0,29643,1,57026,62446,0,32970,0,30,128,0,98,0,0,0,0,152705,0,0,0,0,0,0,0,0,154,0,38,0,0,0,0,29979,0,0,0,471749,0,152,0,0/0/CPU0

2020-02-06 13:29:48.975000+00:00,leaf5,sg2,obt-collector1,0,355,0,0,0,0,0,0,0,0,0,0,432,0,0,0,0,0,0,0,0,0,0,0,0,1089,0,0,0,0,0,0,0,355,0,0,432,0,0,0,0,0,0,0,0,0,0,0,0,0,0,0,0,0,0,0,31516691,0,0,0,0,0,0,0,0,432,0,904,0,0,0,0,0,0,0,0,29192450,0,0,0,0/RP0/CPU0

2020-02-06 13:29:58.963000+00:00,leaf5,sg2,obt-collector1,0,193,0,0,0,0,0,0,0,0,0,0,0,0,0,0,0,0,0,0,91,0,0,0,0,40,0,0,0,0,0,0,98,4,0,0,94,0,62454,57006,0,29644,1,57027,62446,0,32970,0,30,128,0,98,0,0,0,0,152706,0,0,0,0,0,0,0,0,154,0,38,0,0,0,0,29980,0,0,0,471762,0,152,0,0/0/CPU0

2020-02-06 13:29:58.965000+00:00,leaf5,sg2,obt-collector1,0,355,0,0,0,0,0,0,0,0,0,0,432,0,0,0,0,0,0,0,0,0,0,0,0,1089,0,0,0,0,0,0,0,355,0,0,432,0,0,0,0,0,0,0,0,0,0,0,0,0,0,0,0,0,0,0,31516749,0,0,0,0,0,0,0,0,432,0,904,0,0,0,0,0,0,0,0,29192520,0,0,0,0/RP0/CPU0

2020-02-06 13:30:08.971000+00:00,leaf5,sg2,obt-collector1,0,193,0,0,0,0,0,0,0,0,0,0,0,0,0,0,0,0,0,0,91,0,0,0,0,40,0,0,0,0,0,0,98,4,0,0,94,0,62458,57007,0,29644,1,57028,62450,0,32973,0,30,128,0,98,0,0,0,0,152714,0,0,0,0,0,0,0,0,154,0,38,0,0,0,0,29980,0,0,0,471779,0,152,0,0/0/CPU0

2020-02-06 13:30:08.972000+00:00,leaf5,sg2,obt-collector1,0,355,0,0,0,0,0,0,0,0,0,0,432,0,0,0,0,0,0,0,0,0,0,0,0,1089,0,0,0,0,0,0,0,355,0,0,432,0,0,0,0,0,0,0,0,0,0,0,0,0,0,0,0,0,0,0,31516807,0,0,0,0,0,0,0,0,432,0,904,0,0,0,0,0,0,0,0,29192590,0,0,0,0/RP0/CPU0

2020-02-06 13:30:18.961000+00:00,leaf5,sg2,obt-collector1,0,193,0,0,0,0,0,0,0,0,0,0,0,0,0,0,0,0,0,0,91,0,0,0,0,40,0,0,0,0,0,0,98,4,0,0,94,0,62458,57010,0,29645,1,57031,62450,0,32974,0,30,128,0,98,0,0,0,0,152718,0,0,0,0,0,0,0,0,154,0,38,0,0,0,0,29981,0,0,0,471795,0,152,0,0/0/CPU0

2020-02-06 13:30:18.962000+00:00,leaf5,sg2,obt-collector1,0,355,0,0,0,0,0,0,0,0,0,0,432,0,0,0,0,0,0,0,0,0,0,0,0,1089,0,0,0,0,0,0,0,355,0,0,432,0,0,0,0,0,0,0,0,0,0,0,0,0,0,0,0,0,0,0,31516865,0,0,0,0,0,0,0,0,432,0,904,0,0,0,0,0,0,0,0,29192660,0,0,0,0/RP0/CPU0

2020-02-06 13:30:28.963000+00:00,leaf5,sg2,obt-collector1,0,193,0,0,0,0,0,0,0,0,0,0,0,0,0,0,0,0,0,0,91,0,0,0,0,40,0,0,0,0,0,0,98,4,0,0,94,0,62462,57012,0,29645,1,57033,62454,0,32975,0,30,128,0,98,0,0,0,0,152725,0,0,0,0,0,0,0,0,154,0,38,0,0,0,0,29981,0,0,0,471812,0,152,0,0/0/CPU0

2020-02-06 13:30:28.965000+00:00,leaf5,sg2,obt-collector1,0,355,0,0,0,0,0,0,0,0,0,0,432,0,0,0,0,0,0,0,0,0,0,0,0,1089,0,0,0,0,0,0,0,355,0,0,432,0,0,0,0,0,0,0,0,0,0,0,0,0,0,0,0,0,0,0,31516923,0,0,0,0,0,0,0,0,432,0,904,0,0,0,0,0,0,0,0,29192730,0,0,0,0/RP0/CPU0

2020-02-06 13:30:38.967000+00:00,leaf5,sg2,obt-collector1,0,193,0,0,0,0,0,0,0,0,0,0,0,0,0,0,0,0,0,0,91,0,0,0,0,40,0,0,0,0,0,0,98,4,0,0,94,0,62465,57014,0,29648,1,57035,62457,0,32975,0,30,128,0,98,0,0,0,0,152730,0,0,0,0,0,0,0,0,154,0,38,0,0,0,0,29984,0,0,0,471832,0,152,0,0/0/CPU0

2020-02-06 13:30:38.969000+00:00,leaf5,sg2,obt-collector1,0,355,0,0,0,0,0,0,0,0,0,0,432,0,0,0,0,0,0,0,0,0,0,0,0,1089,0,0,0,0,0,0,0,355,0,0,432,0,0,0,0,0,0,0,0,0,0,0,0,0,0,0,0,0,0,0,31516979,0,0,0,0,0,0,0,0,432,0,904,0,0,0,0,0,0,0,0,29192800,0,0,0,0/RP0/CPU0

2020-02-06 13:30:48.971000+00:00,leaf5,sg2,obt-collector1,0,193,0,0,0,0,0,0,0,0,0,0,0,0,0,0,0,0,0,0,91,0,0,0,0,40,0,0,0,0,0,0,98,4,0,0,94,0,62467,57017,0,29649,1,57038,62459,0,32975,0,30,128,0,98,0,0,0,0,152735,0,0,0,0,0,0,0,0,154,0,38,0,0,0,0,29985,0,0,0,471850,0,152,0,0/0/CPU0

2020-02-06 13:30:48.973000+00:00,leaf5,sg2,obt-collector1,0,355,0,0,0,0,0,0,0,0,0,0,432,0,0,0,0,0,0,0,0,0,0,0,0,1089,0,0,0,0,0,0,0,355,0,0,432,0,0,0,0,0,0,0,0,0,0,0,0,0,0,0,0,0,0,0,31517034,0,0,0,0,0,0,0,0,432,0,904,0,0,0,0,0,0,0,0,29192870,0,0,0,0/RP0/CPU0

2020-02-06 13:30:58.966000+00:00,leaf5,sg2,obt-collector1,0,193,0,0,0,0,0,0,0,0,0,0,0,0,0,0,0,0,0,0,91,0,0,0,0,40,0,0,0,0,0,0,98,4,0,0,94,0,62470,57019,0,29649,1,57040,62462,0,32978,0,30,128,0,98,0,0,0,0,152743,0,0,0,0,0,0,0,0,154,0,38,0,0,0,0,29985,0,0,0,471866,0,152,0,0/0/CPU0

2020-02-06 13:30:58.967000+00:00,leaf5,sg2,obt-collector1,0,355,0,0,0,0,0,0,0,0,0,0,432,0,0,0,0,0,0,0,0,0,0,0,0,1089,0,0,0,0,0,0,0,355,0,0,432,0,0,0,0,0,0,0,0,0,0,0,0,0,0,0,0,0,0,0,31517089,0,0,0,0,0,0,0,0,432,0,904,0,0,0,0,0,0,0,0,29192940,0,0,0,0/RP0/CPU0

2020-02-06 13:31:08.974000+00:00,leaf5,sg2,obt-collector1,0,193,0,0,0,0,0,0,0,0,0,0,0,0,0,0,0,0,0,0,91,0,0,0,0,40,0,0,0,0,0,0,98,4,0,0,94,0,62471,57020,0,29649,1,57041,62463,0,32979,0,30,128,0,98,0,0,0,0,152746,0,0,0,0,0,0,0,0,154,0,38,0,0,0,0,29985,0,0,0,471880,0,152,0,0/0/CPU0

2020-02-06 13:31:08.975000+00:00,leaf5,sg2,obt-collector1,0,355,0,0,0,0,0,0,0,0,0,0,432,0,0,0,0,0,0,0,0,0,0,0,0,1089,0,0,0,0,0,0,0,355,0,0,432,0,0,0,0,0,0,0,0,0,0,0,0,0,0,0,0,0,0,0,31517146,0,0,0,0,0,0,0,0,432,0,904,0,0,0,0,0,0,0,0,29193010,0,0,0,0/RP0/CPU0

2020-02-06 13:31:18.969000+00:00,leaf5,sg2,obt-collector1,0,193,0,0,0,0,0,0,0,0,0,0,0,0,0,0,0,0,0,0,91,0,0,0,0,40,0,0,0,0,0,0,98,4,0,0,94,0,62474,57021,0,29650,1,57042,62466,0,32980,0,30,128,0,98,0,0,0,0,152751,0,0,0,0,0,0,0,0,154,0,38,0,0,0,0,29986,0,0,0,471896,0,152,0,0/0/CPU0

2020-02-06 13:31:18.971000+00:00,leaf5,sg2,obt-collector1,0,355,0,0,0,0,0,0,0,0,0,0,432,0,0,0,0,0,0,0,0,0,0,0,0,1089,0,0,0,0,0,0,0,355,0,0,432,0,0,0,0,0,0,0,0,0,0,0,0,0,0,0,0,0,0,0,31517202,0,0,0,0,0,0,0,0,432,0,904,0,0,0,0,0,0,0,0,29193080,0,0,0,0/RP0/CPU0

2020-02-06 13:31:28.969000+00:00,leaf5,sg2,obt-collector1,0,193,0,0,0,0,0,0,0,0,0,0,0,0,0,0,0,0,0,0,91,0,0,0,0,40,0,0,0,0,0,0,98,4,0,0,94,0,62476,57025,0,29650,1,57046,62468,0,32980,0,30,128,0,98,0,0,0,0,152757,0,0,0,0,0,0,0,0,154,0,38,0,0,0,0,29986,0,0,0,471914,0,152,0,0/0/CPU0

2020-02-06 13:31:28.971000+00:00,leaf5,sg2,obt-collector1,0,355,0,0,0,0,0,0,0,0,0,0,432,0,0,0,0,0,0,0,0,0,0,0,0,1089,0,0,0,0,0,0,0,355,0,0,432,0,0,0,0,0,0,0,0,0,0,0,0,0,0,0,0,0,0,0,31517257,0,0,0,0,0,0,0,0,432,0,904,0,0,0,0,0,0,0,0,29193150,0,0,0,0/RP0/CPU0

2020-02-06 13:31:38.964000+00:00,leaf5,sg2,obt-collector1,0,193,0,0,0,0,0,0,0,0,0,0,0,0,0,0,0,0,0,0,91,0,0,0,0,40,0,0,0,0,0,0,98,4,0,0,94,0,62479,57026,0,29651,1,57047,62471,0,32982,0,30,128,0,98,0,0,0,0,152763,0,0,0,0,0,0,0,0,154,0,38,0,0,0,0,29987,0,0,0,471929,0,152,0,0/0/CPU0

2020-02-06 13:31:38.965000+00:00,leaf5,sg2,obt-collector1,0,355,0,0,0,0,0,0,0,0,0,0,432,0,0,0,0,0,0,0,0,0,0,0,0,1089,0,0,0,0,0,0,0,355,0,0,432,0,0,0,0,0,0,0,0,0,0,0,0,0,0,0,0,0,0,0,31517311,0,0,0,0,0,0,0,0,432,0,904,0,0,0,0,0,0,0,0,29193220,0,0,0,0/RP0/CPU0

2020-02-06 13:31:48.965000+00:00,leaf5,sg2,obt-collector1,0,193,0,0,0,0,0,0,0,0,0,0,0,0,0,0,0,0,0,0,91,0,0,0,0,40,0,0,0,0,0,0,98,4,0,0,94,0,62479,57028,0,29651,1,57049,62471,0,32984,0,30,128,0,98,0,0,0,0,152767,0,0,0,0,0,0,0,0,154,0,38,0,0,0,0,29987,0,0,0,471943,0,152,0,0/0/CPU0

2020-02-06 13:31:48.967000+00:00,leaf5,sg2,obt-collector1,0,355,0,0,0,0,0,0,0,0,0,0,432,0,0,0,0,0,0,0,0,0,0,0,0,1089,0,0,0,0,0,0,0,355,0,0,432,0,0,0,0,0,0,0,0,0,0,0,0,0,0,0,0,0,0,0,31517367,0,0,0,0,0,0,0,0,432,0,904,0,0,0,0,0,0,0,0,29193290,0,0,0,0/RP0/CPU0

2020-02-06 13:31:58.972000+00:00,leaf5,sg2,obt-collector1,0,193,0,0,0,0,0,0,0,0,0,0,0,0,0,0,0,0,0,0,91,0,0,0,0,40,0,0,0,0,0,0,98,4,0,0,94,0,62486,57030,0,29653,1,57051,62478,0,32985,0,30,128,0,98,0,0,0,0,152777,0,0,0,0,0,0,0,0,154,0,38,0,0,0,0,29989,0,0,0,471965,0,152,0,0/0/CPU0

2020-02-06 13:31:58.974000+00:00,leaf5,sg2,obt-collector1,0,355,0,0,0,0,0,0,0,0,0,0,432,0,0,0,0,0,0,0,0,0,0,0,0,1089,0,0,0,0,0,0,0,355,0,0,432,0,0,0,0,0,0,0,0,0,0,0,0,0,0,0,0,0,0,0,31517422,0,0,0,0,0,0,0,0,432,0,904,0,0,0,0,0,0,0,0,29193360,0,0,0,0/RP0/CPU0

2020-02-06 13:32:08.963000+00:00,leaf5,sg2,obt-collector1,0,193,0,0,0,0,0,0,0,0,0,0,0,0,0,0,0,0,0,0,91,0,0,0,0,40,0,0,0,0,0,0,98,4,0,0,94,0,62486,57033,0,29656,1,57054,62478,0,32985,0,30,128,0,98,0,0,0,0,152780,0,0,0,0,0,0,0,0,154,0,38,0,0,0,0,29992,0,0,0,471982,0,152,0,0/0/CPU0

2020-02-06 13:32:08.964000+00:00,leaf5,sg2,obt-collector1,0,355,0,0,0,0,0,0,0,0,0,0,432,0,0,0,0,0,0,0,0,0,0,0,0,1089,0,0,0,0,0,0,0,355,0,0,432,0,0,0,0,0,0,0,0,0,0,0,0,0,0,0,0,0,0,0,31517476,0,0,0,0,0,0,0,0,432,0,904,0,0,0,0,0,0,0,0,29193430,0,0,0,0/RP0/CPU0

2020-02-06 13:32:18.969000+00:00,leaf5,sg2,obt-collector1,0,193,0,0,0,0,0,0,0,0,0,0,0,0,0,0,0,0,0,0,91,0,0,0,0,40,0,0,0,0,0,0,98,4,0,0,94,0,62490,57034,0,29659,1,57055,62482,0,32987,0,30,128,0,98,0,0,0,0,152787,0,0,0,0,0,0,0,0,154,0,38,0,0,0,0,29995,0,0,0,472001,0,152,0,0/0/CPU0

2020-02-06 13:32:18.971000+00:00,leaf5,sg2,obt-collector1,0,355,0,0,0,0,0,0,0,0,0,0,432,0,0,0,0,0,0,0,0,0,0,0,0,1089,0,0,0,0,0,0,0,355,0,0,432,0,0,0,0,0,0,0,0,0,0,0,0,0,0,0,0,0,0,0,31517530,0,0,0,0,0,0,0,0,432,0,904,0,0,0,0,0,0,0,0,29193500,0,0,0,0/RP0/CPU0

2020-02-06 13:32:28.967000+00:00,leaf5,sg2,obt-collector1,0,193,0,0,0,0,0,0,0,0,0,0,0,0,0,0,0,0,0,0,91,0,0,0,0,40,0,0,0,0,0,0,98,4,0,0,94,0,62490,57035,0,29660,1,57056,62482,0,32987,0,30,128,0,98,0,0,0,0,152788,0,0,0,0,0,0,0,0,154,0,38,0,0,0,0,29996,0,0,0,472015,0,152,0,0/0/CPU0

2020-02-06 13:32:28.969000+00:00,leaf5,sg2,obt-collector1,0,355,0,0,0,0,0,0,0,0,0,0,432,0,0,0,0,0,0,0,0,0,0,0,0,1089,0,0,0,0,0,0,0,355,0,0,432,0,0,0,0,0,0,0,0,0,0,0,0,0,0,0,0,0,0,0,31517584,0,0,0,0,0,0,0,0,432,0,904,0,0,0,0,0,0,0,0,29193570,0,0,0,0/RP0/CPU0

2020-02-06 13:32:38.975000+00:00,leaf5,sg2,obt-collector1,0,193,0,0,0,0,0,0,0,0,0,0,0,0,0,0,0,0,0,0,91,0,0,0,0,40,0,0,0,0,0,0,98,4,0,0,94,0,62492,57038,0,29662,1,57059,62484,0,32990,0,30,128,0,98,0,0,0,0,152796,0,0,0,0,0,0,0,0,154,0,38,0,0,0,0,29998,0,0,0,472034,0,152,0,0/0/CPU0

2020-02-06 13:32:38.977000+00:00,leaf5,sg2,obt-collector1,0,355,0,0,0,0,0,0,0,0,0,0,432,0,0,0,0,0,0,0,0,0,0,0,0,1089,0,0,0,0,0,0,0,355,0,0,432,0,0,0,0,0,0,0,0,0,0,0,0,0,0,0,0,0,0,0,31517638,0,0,0,0,0,0,0,0,432,0,904,0,0,0,0,0,0,0,0,29193640,0,0,0,0/RP0/CPU0

2020-02-06 13:32:48.965000+00:00,leaf5,sg2,obt-collector1,0,193,0,0,0,0,0,0,0,0,0,0,0,0,0,0,0,0,0,0,91,0,0,0,0,40,0,0,0,0,0,0,98,4,0,0,94,0,62494,57041,0,29662,1,57062,62486,0,32991,0,30,128,0,98,0,0,0,0,152802,0,0,0,0,0,0,0,0,154,0,38,0,0,0,0,29998,0,0,0,472051,0,152,0,0/0/CPU0

2020-02-06 13:32:48.966000+00:00,leaf5,sg2,obt-collector1,0,355,0,0,0,0,0,0,0,0,0,0,432,0,0,0,0,0,0,0,0,0,0,0,0,1089,0,0,0,0,0,0,0,355,0,0,432,0,0,0,0,0,0,0,0,0,0,0,0,0,0,0,0,0,0,0,31517692,0,0,0,0,0,0,0,0,432,0,904,0,0,0,0,0,0,0,0,29193710,0,0,0,0/RP0/CPU0

2020-02-06 13:32:58.972000+00:00,leaf5,sg2,obt-collector1,0,193,0,0,0,0,0,0,0,0,0,0,0,0,0,0,0,0,0,0,91,0,0,0,0,40,0,0,0,0,0,0,98,4,0,0,94,0,62494,57043,0,29662,1,57064,62486,0,32991,0,30,128,0,98,0,0,0,0,152804,0,0,0,0,0,0,0,0,154,0,38,0,0,0,0,29998,0,0,0,472063,0,152,0,0/0/CPU0

2020-02-06 13:32:58.974000+00:00,leaf5,sg2,obt-collector1,0,355,0,0,0,0,0,0,0,0,0,0,432,0,0,0,0,0,0,0,0,0,0,0,0,1089,0,0,0,0,0,0,0,355,0,0,432,0,0,0,0,0,0,0,0,0,0,0,0,0,0,0,0,0,0,0,31517746,0,0,0,0,0,0,0,0,432,0,904,0,0,0,0,0,0,0,0,29193780,0,0,0,0/RP0/CPU0

2020-02-06 13:33:08.966000+00:00,leaf5,sg2,obt-collector1,0,193,0,0,0,0,0,0,0,0,0,0,0,0,0,0,0,0,0,0,91,0,0,0,0,40,0,0,0,0,0,0,98,4,0,0,94,0,62497,57043,0,29663,1,57064,62489,0,32992,0,30,128,0,98,0,0,0,0,152808,0,0,0,0,0,0,0,0,154,0,38,0,0,0,0,29999,0,0,0,472079,0,152,0,0/0/CPU0

2020-02-06 13:33:08.967000+00:00,leaf5,sg2,obt-collector1,0,355,0,0,0,0,0,0,0,0,0,0,432,0,0,0,0,0,0,0,0,0,0,0,0,1089,0,0,0,0,0,0,0,355,0,0,432,0,0,0,0,0,0,0,0,0,0,0,0,0,0,0,0,0,0,0,31517800,0,0,0,0,0,0,0,0,432,0,904,0,0,0,0,0,0,0,0,29193850,0,0,0,0/RP0/CPU0

2020-02-06 13:33:18.991000+00:00,leaf5,sg2,obt-collector1,0,193,0,0,0,0,0,0,0,0,0,0,0,0,0,0,0,0,0,0,91,0,0,0,0,40,0,0,0,0,0,0,98,4,0,0,94,0,62500,57046,0,29666,1,57067,62492,0,32993,0,30,128,0,98,0,0,0,0,152815,0,0,0,0,0,0,0,0,154,0,38,0,0,0,0,30002,0,0,0,472100,0,152,0,0/0/CPU0

2020-02-06 13:33:18.993000+00:00,leaf5,sg2,obt-collector1,0,355,0,0,0,0,0,0,0,0,0,0,432,0,0,0,0,0,0,0,0,0,0,0,0,1089,0,0,0,0,0,0,0,355,0,0,432,0,0,0,0,0,0,0,0,0,0,0,0,0,0,0,0,0,0,0,31517854,0,0,0,0,0,0,0,0,432,0,904,0,0,0,0,0,0,0,0,29193920,0,0,0,0/RP0/CPU0

2020-02-06 13:33:28.970000+00:00,leaf5,sg2,obt-collector1,0,193,0,0,0,0,0,0,0,0,0,0,0,0,0,0,0,0,0,0,91,0,0,0,0,40,0,0,0,0,0,0,98,4,0,0,94,0,62502,57048,0,29666,1,57069,62494,0,32995,0,30,128,0,98,0,0,0,0,152821,0,0,0,0,0,0,0,0,154,0,38,0,0,0,0,30002,0,0,0,472114,0,152,0,0/0/CPU0

2020-02-06 13:33:28.971000+00:00,leaf5,sg2,obt-collector1,0,355,0,0,0,0,0,0,0,0,0,0,432,0,0,0,0,0,0,0,0,0,0,0,0,1089,0,0,0,0,0,0,0,355,0,0,432,0,0,0,0,0,0,0,0,0,0,0,0,0,0,0,0,0,0,0,31517908,0,0,0,0,0,0,0,0,432,0,904,0,0,0,0,0,0,0,0,29193990,0,0,0,0/RP0/CPU0

2020-02-06 13:33:38.964000+00:00,leaf5,sg2,obt-collector1,0,193,0,0,0,0,0,0,0,0,0,0,0,0,0,0,0,0,0,0,91,0,0,0,0,40,0,0,0,0,0,0,98,4,0,0,94,0,62504,57050,0,29667,1,57071,62496,0,32996,0,30,128,0,98,0,0,0,0,152826,0,0,0,0,0,0,0,0,154,0,38,0,0,0,0,30003,0,0,0,472131,0,152,0,0/0/CPU0

2020-02-06 13:33:38.965000+00:00,leaf5,sg2,obt-collector1,0,355,0,0,0,0,0,0,0,0,0,0,432,0,0,0,0,0,0,0,0,0,0,0,0,1089,0,0,0,0,0,0,0,355,0,0,432,0,0,0,0,0,0,0,0,0,0,0,0,0,0,0,0,0,0,0,31517962,0,0,0,0,0,0,0,0,432,0,904,0,0,0,0,0,0,0,0,29194060,0,0,0,0/RP0/CPU0

2020-02-06 13:33:48.972000+00:00,leaf5,sg2,obt-collector1,0,193,0,0,0,0,0,0,0,0,0,0,0,0,0,0,0,0,0,0,91,0,0,0,0,40,0,0,0,0,0,0,98,4,0,0,94,0,62505,57052,0,29669,1,57073,62497,0,32996,0,30,128,0,98,0,0,0,0,152829,0,0,0,0,0,0,0,0,154,0,38,0,0,0,0,30005,0,0,0,472148,0,152,0,0/0/CPU0

2020-02-06 13:33:48.974000+00:00,leaf5,sg2,obt-collector1,0,355,0,0,0,0,0,0,0,0,0,0,432,0,0,0,0,0,0,0,0,0,0,0,0,1089,0,0,0,0,0,0,0,355,0,0,432,0,0,0,0,0,0,0,0,0,0,0,0,0,0,0,0,0,0,0,31518016,0,0,0,0,0,0,0,0,432,0,904,0,0,0,0,0,0,0,0,29194130,0,0,0,0/RP0/CPU0

2020-02-06 13:33:58.966000+00:00,leaf5,sg2,obt-collector1,0,193,0,0,0,0,0,0,0,0,0,0,0,0,0,0,0,0,0,0,91,0,0,0,0,40,0,0,0,0,0,0,98,4,0,0,94,0,62508,57055,0,29669,1,57076,62500,0,32998,0,30,128,0,98,0,0,0,0,152837,0,0,0,0,0,0,0,0,154,0,38,0,0,0,0,30005,0,0,0,472166,0,152,0,0/0/CPU0

2020-02-06 13:33:58.968000+00:00,leaf5,sg2,obt-collector1,0,355,0,0,0,0,0,0,0,0,0,0,432,0,0,0,0,0,0,0,0,0,0,0,0,1089,0,0,0,0,0,0,0,355,0,0,432,0,0,0,0,0,0,0,0,0,0,0,0,0,0,0,0,0,0,0,31518070,0,0,0,0,0,0,0,0,432,0,904,0,0,0,0,0,0,0,0,29194200,0,0,0,0/RP0/CPU0

2020-02-06 13:34:08.971000+00:00,leaf5,sg2,obt-collector1,0,193,0,0,0,0,0,0,0,0,0,0,0,0,0,0,0,0,0,0,91,0,0,0,0,40,0,0,0,0,0,0,98,4,0,0,94,0,62512,57056,0,29670,1,57077,62504,0,32999,0,30,128,0,98,0,0,0,0,152843,0,0,0,0,0,0,0,0,154,0,38,0,0,0,0,30006,0,0,0,472182,0,152,0,0/0/CPU0

2020-02-06 13:34:08.973000+00:00,leaf5,sg2,obt-collector1,0,355,0,0,0,0,0,0,0,0,0,0,432,0,0,0,0,0,0,0,0,0,0,0,0,1089,0,0,0,0,0,0,0,355,0,0,432,0,0,0,0,0,0,0,0,0,0,0,0,0,0,0,0,0,0,0,31518124,0,0,0,0,0,0,0,0,432,0,904,0,0,0,0,0,0,0,0,29194270,0,0,0,0/RP0/CPU0

2020-02-06 13:34:18.966000+00:00,leaf5,sg2,obt-collector1,0,193,0,0,0,0,0,0,0,0,0,0,0,0,0,0,0,0,0,0,91,0,0,0,0,40,0,0,0,0,0,0,98,4,0,0,94,0,62515,57057,0,29670,1,57078,62507,0,33002,0,30,128,0,98,0,0,0,0,152850,0,0,0,0,0,0,0,0,154,0,38,0,0,0,0,30006,0,0,0,472198,0,152,0,0/0/CPU0

2020-02-06 13:34:18.968000+00:00,leaf5,sg2,obt-collector1,0,355,0,0,0,0,0,0,0,0,0,0,432,0,0,0,0,0,0,0,0,0,0,0,0,1089,0,0,0,0,0,0,0,355,0,0,432,0,0,0,0,0,0,0,0,0,0,0,0,0,0,0,0,0,0,0,31518178,0,0,0,0,0,0,0,0,432,0,904,0,0,0,0,0,0,0,0,29194340,0,0,0,0/RP0/CPU0

2020-02-06 13:34:28.977000+00:00,leaf5,sg2,obt-collector1,0,193,0,0,0,0,0,0,0,0,0,0,0,0,0,0,0,0,0,0,91,0,0,0,0,40,0,0,0,0,0,0,98,4,0,0,94,0,62516,57062,0,29671,1,57083,62508,0,33004,0,30,128,0,98,0,0,0,0,152858,0,0,0,0,0,0,0,0,154,0,38,0,0,0,0,30007,0,0,0,472216,0,152,0,0/0/CPU0

2020-02-06 13:34:28.979000+00:00,leaf5,sg2,obt-collector1,0,355,0,0,0,0,0,0,0,0,0,0,432,0,0,0,0,0,0,0,0,0,0,0,0,1089,0,0,0,0,0,0,0,355,0,0,432,0,0,0,0,0,0,0,0,0,0,0,0,0,0,0,0,0,0,0,31518232,0,0,0,0,0,0,0,0,432,0,904,0,0,0,0,0,0,0,0,29194410,0,0,0,0/RP0/CPU0

2020-02-06 13:34:38.966000+00:00,leaf5,sg2,obt-collector1,0,193,0,0,0,0,0,0,0,0,0,0,0,0,0,0,0,0,0,0,91,0,0,0,0,40,0,0,0,0,0,0,98,4,0,0,94,0,62519,57062,0,29671,1,57083,62511,0,33004,0,30,128,0,98,0,0,0,0,152861,0,0,0,0,0,0,0,0,154,0,38,0,0,0,0,30007,0,0,0,472231,0,152,0,0/0/CPU0

2020-02-06 13:34:38.967000+00:00,leaf5,sg2,obt-collector1,0,355,0,0,0,0,0,0,0,0,0,0,432,0,0,0,0,0,0,0,0,0,0,0,0,1089,0,0,0,0,0,0,0,355,0,0,432,0,0,0,0,0,0,0,0,0,0,0,0,0,0,0,0,0,0,0,31518286,0,0,0,0,0,0,0,0,432,0,904,0,0,0,0,0,0,0,0,29194480,0,0,0,0/RP0/CPU0

2020-02-06 13:34:48.972000+00:00,leaf5,sg2,obt-collector1,0,193,0,0,0,0,0,0,0,0,0,0,0,0,0,0,0,0,0,0,91,0,0,0,0,40,0,0,0,0,0,0,98,4,0,0,94,0,62520,57064,0,29673,1,57085,62512,0,33005,0,30,128,0,98,0,0,0,0,152865,0,0,0,0,0,0,0,0,154,0,38,0,0,0,0,30009,0,0,0,472247,0,152,0,0/0/CPU0

2020-02-06 13:34:48.973000+00:00,leaf5,sg2,obt-collector1,0,355,0,0,0,0,0,0,0,0,0,0,432,0,0,0,0,0,0,0,0,0,0,0,0,1089,0,0,0,0,0,0,0,355,0,0,432,0,0,0,0,0,0,0,0,0,0,0,0,0,0,0,0,0,0,0,31518340,0,0,0,0,0,0,0,0,432,0,904,0,0,0,0,0,0,0,0,29194550,0,0,0,0/RP0/CPU0

2020-02-06 13:34:58.974000+00:00,leaf5,sg2,obt-collector1,0,193,0,0,0,0,0,0,0,0,0,0,0,0,0,0,0,0,0,0,91,0,0,0,0,40,0,0,0,0,0,0,98,4,0,0,94,0,62526,57066,0,29674,1,57087,62518,0,33005,0,30,128,0,98,0,0,0,0,152873,0,0,0,0,0,0,0,0,154,0,38,0,0,0,0,30010,0,0,0,472268,0,152,0,0/0/CPU0

2020-02-06 13:34:58.976000+00:00,leaf5,sg2,obt-collector1,0,355,0,0,0,0,0,0,0,0,0,0,432,0,0,0,0,0,0,0,0,0,0,0,0,1089,0,0,0,0,0,0,0,355,0,0,432,0,0,0,0,0,0,0,0,0,0,0,0,0,0,0,0,0,0,0,31518394,0,0,0,0,0,0,0,0,432,0,904,0,0,0,0,0,0,0,0,29194620,0,0,0,0/RP0/CPU0

2020-02-06 13:35:08.969000+00:00,leaf5,sg2,obt-collector1,0,193,0,0,0,0,0,0,0,0,0,0,0,0,0,0,0,0,0,0,91,0,0,0,0,40,0,0,0,0,0,0,98,4,0,0,94,0,62527,57069,0,29675,1,57090,62519,0,33006,0,30,128,0,98,0,0,0,0,152878,0,0,0,0,0,0,0,0,154,0,38,0,0,0,0,30011,0,0,0,472283,0,152,0,0/0/CPU0

2020-02-06 13:35:08.971000+00:00,leaf5,sg2,obt-collector1,0,355,0,0,0,0,0,0,0,0,0,0,432,0,0,0,0,0,0,0,0,0,0,0,0,1089,0,0,0,0,0,0,0,355,0,0,432,0,0,0,0,0,0,0,0,0,0,0,0,0,0,0,0,0,0,0,31518448,0,0,0,0,0,0,0,0,432,0,904,0,0,0,0,0,0,0,0,29194690,0,0,0,0/RP0/CPU0

2020-02-06 13:35:18.967000+00:00,leaf5,sg2,obt-collector1,0,193,0,0,0,0,0,0,0,0,0,0,0,0,0,0,0,0,0,0,91,0,0,0,0,40,0,0,0,0,0,0,98,4,0,0,94,0,62530,57071,0,29677,1,57092,62522,0,33008,0,30,128,0,98,0,0,0,0,152885,0,0,0,0,0,0,0,0,154,0,38,0,0,0,0,30013,0,0,0,472302,0,152,0,0/0/CPU0

2020-02-06 13:35:18.968000+00:00,leaf5,sg2,obt-collector1,0,355,0,0,0,0,0,0,0,0,0,0,432,0,0,0,0,0,0,0,0,0,0,0,0,1089,0,0,0,0,0,0,0,355,0,0,432,0,0,0,0,0,0,0,0,0,0,0,0,0,0,0,0,0,0,0,31518502,0,0,0,0,0,0,0,0,432,0,904,0,0,0,0,0,0,0,0,29194760,0,0,0,0/RP0/CPU0

2020-02-06 13:35:28.966000+00:00,leaf5,sg2,obt-collector1,0,193,0,0,0,0,0,0,0,0,0,0,0,0,0,0,0,0,0,0,91,0,0,0,0,40,0,0,0,0,0,0,98,4,0,0,94,0,62530,57071,0,29678,1,57092,62522,0,33009,0,30,128,0,98,0,0,0,0,152886,0,0,0,0,0,0,0,0,154,0,38,0,0,0,0,30014,0,0,0,472313,0,152,0,0/0/CPU0

2020-02-06 13:35:28.968000+00:00,leaf5,sg2,obt-collector1,0,355,0,0,0,0,0,0,0,0,0,0,432,0,0,0,0,0,0,0,0,0,0,0,0,1089,0,0,0,0,0,0,0,355,0,0,432,0,0,0,0,0,0,0,0,0,0,0,0,0,0,0,0,0,0,0,31518556,0,0,0,0,0,0,0,0,432,0,904,0,0,0,0,0,0,0,0,29194830,0,0,0,0/RP0/CPU0

2020-02-06 13:35:38.971000+00:00,leaf5,sg2,obt-collector1,0,193,0,0,0,0,0,0,0,0,0,0,0,0,0,0,0,0,0,0,91,0,0,0,0,40,0,0,0,0,0,0,98,4,0,0,94,0,62532,57073,0,29680,1,57094,62524,0,33010,0,30,128,0,98,0,0,0,0,152891,0,0,0,0,0,0,0,0,154,0,38,0,0,0,0,30016,0,0,0,472331,0,152,0,0/0/CPU0

2020-02-06 13:35:38.972000+00:00,leaf5,sg2,obt-collector1,0,355,0,0,0,0,0,0,0,0,0,0,432,0,0,0,0,0,0,0,0,0,0,0,0,1089,0,0,0,0,0,0,0,355,0,0,432,0,0,0,0,0,0,0,0,0,0,0,0,0,0,0,0,0,0,0,31518610,0,0,0,0,0,0,0,0,432,0,904,0,0,0,0,0,0,0,0,29194900,0,0,0,0/RP0/CPU0

2020-02-06 13:35:48.968000+00:00,leaf5,sg2,obt-collector1,0,193,0,0,0,0,0,0,0,0,0,0,0,0,0,0,0,0,0,0,91,0,0,0,0,40,0,0,0,0,0,0,98,4,0,0,94,0,62534,57077,0,29680,1,57098,62526,0,33012,0,30,128,0,98,0,0,0,0,152899,0,0,0,0,0,0,0,0,154,0,38,0,0,0,0,30016,0,0,0,472349,0,152,0,0/0/CPU0

2020-02-06 13:35:48.970000+00:00,leaf5,sg2,obt-collector1,0,355,0,0,0,0,0,0,0,0,0,0,432,0,0,0,0,0,0,0,0,0,0,0,0,1089,0,0,0,0,0,0,0,355,0,0,432,0,0,0,0,0,0,0,0,0,0,0,0,0,0,0,0,0,0,0,31518664,0,0,0,0,0,0,0,0,432,0,904,0,0,0,0,0,0,0,0,29194970,0,0,0,0/RP0/CPU0

2020-02-06 13:35:58.980000+00:00,leaf5,sg2,obt-collector1,0,193,0,0,0,0,0,0,0,0,0,0,0,0,0,0,0,0,0,0,91,0,0,0,0,40,0,0,0,0,0,0,98,4,0,0,94,0,62535,57079,0,29681,1,57100,62527,0,33013,0,30,128,0,98,0,0,0,0,152903,0,0,0,0,0,0,0,0,154,0,38,0,0,0,0,30017,0,0,0,472365,0,152,0,0/0/CPU0

2020-02-06 13:35:58.982000+00:00,leaf5,sg2,obt-collector1,0,355,0,0,0,0,0,0,0,0,0,0,432,0,0,0,0,0,0,0,0,0,0,0,0,1089,0,0,0,0,0,0,0,355,0,0,432,0,0,0,0,0,0,0,0,0,0,0,0,0,0,0,0,0,0,0,31518719,0,0,0,0,0,0,0,0,432,0,904,0,0,0,0,0,0,0,0,29195039,0,0,0,0/RP0/CPU0

2020-02-06 13:36:08.967000+00:00,leaf5,sg2,obt-collector1,0,193,0,0,0,0,0,0,0,0,0,0,0,0,0,0,0,0,0,0,91,0,0,0,0,40,0,0,0,0,0,0,98,4,0,0,94,0,62537,57079,0,29681,1,57100,62529,0,33014,0,30,128,0,98,0,0,0,0,152906,0,0,0,0,0,0,0,0,154,0,38,0,0,0,0,30017,0,0,0,472379,0,152,0,0/0/CPU0

2020-02-06 13:36:08.969000+00:00,leaf5,sg2,obt-collector1,0,355,0,0,0,0,0,0,0,0,0,0,432,0,0,0,0,0,0,0,0,0,0,0,0,1089,0,0,0,0,0,0,0,355,0,0,432,0,0,0,0,0,0,0,0,0,0,0,0,0,0,0,0,0,0,0,31518775,0,0,0,0,0,0,0,0,432,0,904,0,0,0,0,0,0,0,0,29195107,0,0,0,0/RP0/CPU0

2020-02-06 13:36:18.968000+00:00,leaf5,sg2,obt-collector1,0,193,0,0,0,0,0,0,0,0,0,0,0,0,0,0,0,0,0,0,91,0,0,0,0,40,0,0,0,0,0,0,98,4,0,0,94,0,62540,57083,0,29684,1,57104,62532,0,33016,0,30,128,0,98,0,0,0,0,152915,0,0,0,0,0,0,0,0,154,0,38,0,0,0,0,30020,0,0,0,472400,0,152,0,0/0/CPU0

2020-02-06 13:36:18.970000+00:00,leaf5,sg2,obt-collector1,0,355,0,0,0,0,0,0,0,0,0,0,432,0,0,0,0,0,0,0,0,0,0,0,0,1089,0,0,0,0,0,0,0,355,0,0,432,0,0,0,0,0,0,0,0,0,0,0,0,0,0,0,0,0,0,0,31518831,0,0,0,0,0,0,0,0,432,0,904,0,0,0,0,0,0,0,0,29195175,0,0,0,0/RP0/CPU0

2020-02-06 13:36:28.978000+00:00,leaf5,sg2,obt-collector1,0,193,0,0,0,0,0,0,0,0,0,0,0,0,0,0,0,0,0,0,91,0,0,0,0,40,0,0,0,0,0,0,98,4,0,0,94,0,62541,57085,0,29685,1,57106,62533,0,33016,0,30,128,0,98,0,0,0,0,152918,0,0,0,0,0,0,0,0,154,0,38,0,0,0,0,30021,0,0,0,472415,0,152,0,0/0/CPU0

2020-02-06 13:36:28.980000+00:00,leaf5,sg2,obt-collector1,0,355,0,0,0,0,0,0,0,0,0,0,432,0,0,0,0,0,0,0,0,0,0,0,0,1089,0,0,0,0,0,0,0,355,0,0,432,0,0,0,0,0,0,0,0,0,0,0,0,0,0,0,0,0,0,0,31518887,0,0,0,0,0,0,0,0,432,0,904,0,0,0,0,0,0,0,0,29195243,0,0,0,0/RP0/CPU0

2020-02-06 13:36:38.970000+00:00,leaf5,sg2,obt-collector1,0,193,0,0,0,0,0,0,0,0,0,0,0,0,0,0,0,0,0,0,91,0,0,0,0,40,0,0,0,0,0,0,98,4,0,0,94,0,62544,57086,0,29686,1,57107,62536,0,33018,0,30,128,0,98,0,0,0,0,152924,0,0,0,0,0,0,0,0,154,0,38,0,0,0,0,30022,0,0,0,472432,0,152,0,0/0/CPU0

2020-02-06 13:36:38.971000+00:00,leaf5,sg2,obt-collector1,0,355,0,0,0,0,0,0,0,0,0,0,432,0,0,0,0,0,0,0,0,0,0,0,0,1089,0,0,0,0,0,0,0,355,0,0,432,0,0,0,0,0,0,0,0,0,0,0,0,0,0,0,0,0,0,0,31518943,0,0,0,0,0,0,0,0,432,0,904,0,0,0,0,0,0,0,0,29195311,0,0,0,0/RP0/CPU0

2020-02-06 13:36:48.971000+00:00,leaf5,sg2,obt-collector1,0,193,0,0,0,0,0,0,0,0,0,0,0,0,0,0,0,0,0,0,91,0,0,0,0,40,0,0,0,0,0,0,98,4,0,0,94,0,62545,57089,0,29686,1,57110,62537,0,33019,0,30,128,0,98,0,0,0,0,152929,0,0,0,0,0,0,0,0,154,0,38,0,0,0,0,30022,0,0,0,472447,0,152,0,0/0/CPU0

2020-02-06 13:36:48.973000+00:00,leaf5,sg2,obt-collector1,0,355,0,0,0,0,0,0,0,0,0,0,432,0,0,0,0,0,0,0,0,0,0,0,0,1089,0,0,0,0,0,0,0,355,0,0,432,0,0,0,0,0,0,0,0,0,0,0,0,0,0,0,0,0,0,0,31518999,0,0,0,0,0,0,0,0,432,0,904,0,0,0,0,0,0,0,0,29195379,0,0,0,0/RP0/CPU0

2020-02-06 13:36:58.968000+00:00,leaf5,sg2,obt-collector1,0,193,0,0,0,0,0,0,0,0,0,0,0,0,0,0,0,0,0,0,91,0,0,0,0,40,0,0,0,0,0,0,98,4,0,0,94,0,62548,57091,0,29686,1,57112,62540,0,33020,0,30,128,0,98,0,0,0,0,152935,0,0,0,0,0,0,0,0,154,0,38,0,0,0,0,30022,0,0,0,472463,0,152,0,0/0/CPU0

2020-02-06 13:36:58.970000+00:00,leaf5,sg2,obt-collector1,0,355,0,0,0,0,0,0,0,0,0,0,432,0,0,0,0,0,0,0,0,0,0,0,0,1089,0,0,0,0,0,0,0,355,0,0,432,0,0,0,0,0,0,0,0,0,0,0,0,0,0,0,0,0,0,0,31519055,0,0,0,0,0,0,0,0,432,0,904,0,0,0,0,0,0,0,0,29195447,0,0,0,0/RP0/CPU0

2020-02-06 13:37:08.977000+00:00,leaf5,sg2,obt-collector1,0,193,0,0,0,0,0,0,0,0,0,0,0,0,0,0,0,0,0,0,91,0,0,0,0,40,0,0,0,0,0,0,98,4,0,0,94,0,62552,57092,0,29687,1,57113,62544,0,33021,0,30,128,0,98,0,0,0,0,152941,0,0,0,0,0,0,0,0,154,0,38,0,0,0,0,30023,0,0,0,472480,0,152,0,0/0/CPU0

2020-02-06 13:37:08.978000+00:00,leaf5,sg2,obt-collector1,0,355,0,0,0,0,0,0,0,0,0,0,432,0,0,0,0,0,0,0,0,0,0,0,0,1089,0,0,0,0,0,0,0,355,0,0,432,0,0,0,0,0,0,0,0,0,0,0,0,0,0,0,0,0,0,0,31519111,0,0,0,0,0,0,0,0,432,0,904,0,0,0,0,0,0,0,0,29195515,0,0,0,0/RP0/CPU0

2020-02-06 13:37:18.969000+00:00,leaf5,sg2,obt-collector1,0,193,0,0,0,0,0,0,0,0,0,0,0,0,0,0,0,0,0,0,91,0,0,0,0,40,0,0,0,0,0,0,98,4,0,0,94,0,62554,57093,0,29688,1,57114,62546,0,33022,0,30,128,0,98,0,0,0,0,152945,0,0,0,0,0,0,0,0,154,0,38,0,0,0,0,30024,0,0,0,472496,0,152,0,0/0/CPU0

2020-02-06 13:37:18.971000+00:00,leaf5,sg2,obt-collector1,0,355,0,0,0,0,0,0,0,0,0,0,432,0,0,0,0,0,0,0,0,0,0,0,0,1089,0,0,0,0,0,0,0,355,0,0,432,0,0,0,0,0,0,0,0,0,0,0,0,0,0,0,0,0,0,0,31519166,0,0,0,0,0,0,0,0,432,0,904,0,0,0,0,0,0,0,0,29195583,0,0,0,0/RP0/CPU0

2020-02-06 13:37:28.979000+00:00,leaf5,sg2,obt-collector1,0,193,0,0,0,0,0,0,0,0,0,0,0,0,0,0,0,0,0,0,91,0,0,0,0,40,0,0,0,0,0,0,98,4,0,0,94,0,62557,57097,0,29690,1,57118,62549,0,33026,0,30,128,0,98,0,0,0,0,152956,0,0,0,0,0,0,0,0,154,0,38,0,0,0,0,30026,0,0,0,472515,0,152,0,0/0/CPU0

2020-02-06 13:37:28.981000+00:00,leaf5,sg2,obt-collector1,0,355,0,0,0,0,0,0,0,0,0,0,432,0,0,0,0,0,0,0,0,0,0,0,0,1089,0,0,0,0,0,0,0,355,0,0,432,0,0,0,0,0,0,0,0,0,0,0,0,0,0,0,0,0,0,0,31519222,0,0,0,0,0,0,0,0,432,0,904,0,0,0,0,0,0,0,0,29195651,0,0,0,0/RP0/CPU0

2020-02-06 13:37:38.969000+00:00,leaf5,sg2,obt-collector1,0,193,0,0,0,0,0,0,0,0,0,0,0,0,0,0,0,0,0,0,91,0,0,0,0,40,0,0,0,0,0,0,98,4,0,0,94,0,62559,57098,0,29690,1,57119,62551,0,33026,0,30,128,0,98,0,0,0,0,152959,0,0,0,0,0,0,0,0,154,0,38,0,0,0,0,30026,0,0,0,472530,0,152,0,0/0/CPU0

2020-02-06 13:37:38.970000+00:00,leaf5,sg2,obt-collector1,0,355,0,0,0,0,0,0,0,0,0,0,432,0,0,0,0,0,0,0,0,0,0,0,0,1089,0,0,0,0,0,0,0,355,0,0,432,0,0,0,0,0,0,0,0,0,0,0,0,0,0,0,0,0,0,0,31519278,0,0,0,0,0,0,0,0,432,0,904,0,0,0,0,0,0,0,0,29195719,0,0,0,0/RP0/CPU0

2020-02-06 13:37:48.978000+00:00,leaf5,sg2,obt-collector1,0,193,0,0,0,0,0,0,0,0,0,0,0,0,0,0,0,0,0,0,91,0,0,0,0,40,0,0,0,0,0,0,98,4,0,0,94,0,62560,57100,0,29690,1,57121,62552,0,33026,0,30,128,0,98,0,0,0,0,152962,0,0,0,0,0,0,0,0,154,0,38,0,0,0,0,30026,0,0,0,472545,0,152,0,0/0/CPU0

2020-02-06 13:37:48.980000+00:00,leaf5,sg2,obt-collector1,0,355,0,0,0,0,0,0,0,0,0,0,432,0,0,0,0,0,0,0,0,0,0,0,0,1089,0,0,0,0,0,0,0,355,0,0,432,0,0,0,0,0,0,0,0,0,0,0,0,0,0,0,0,0,0,0,31519334,0,0,0,0,0,0,0,0,432,0,904,0,0,0,0,0,0,0,0,29195787,0,0,0,0/RP0/CPU0

2020-02-06 13:37:58.975000+00:00,leaf5,sg2,obt-collector1,0,193,0,0,0,0,0,0,0,0,0,0,0,0,0,0,0,0,0,0,91,0,0,0,0,40,0,0,0,0,0,0,98,4,0,0,94,0,62566,57103,0,29692,1,57124,62558,0,33026,0,30,128,0,98,0,0,0,0,152971,0,0,0,0,0,0,0,0,154,0,38,0,0,0,0,30028,0,0,0,472568,0,152,0,0/0/CPU0

2020-02-06 13:37:58.977000+00:00,leaf5,sg2,obt-collector1,0,355,0,0,0,0,0,0,0,0,0,0,432,0,0,0,0,0,0,0,0,0,0,0,0,1089,0,0,0,0,0,0,0,355,0,0,432,0,0,0,0,0,0,0,0,0,0,0,0,0,0,0,0,0,0,0,31519390,0,0,0,0,0,0,0,0,432,0,904,0,0,0,0,0,0,0,0,29195855,0,0,0,0/RP0/CPU0

2020-02-06 13:38:08.977000+00:00,leaf5,sg2,obt-collector1,0,193,0,0,0,0,0,0,0,0,0,0,0,0,0,0,0,0,0,0,91,0,0,0,0,40,0,0,0,0,0,0,98,4,0,0,94,0,62567,57105,0,29694,1,57126,62559,0,33027,0,30,128,0,98,0,0,0,0,152975,0,0,0,0,0,0,0,0,154,0,38,0,0,0,0,30030,0,0,0,472583,0,152,0,0/0/CPU0

2020-02-06 13:38:08.978000+00:00,leaf5,sg2,obt-collector1,0,355,0,0,0,0,0,0,0,0,0,0,432,0,0,0,0,0,0,0,0,0,0,0,0,1089,0,0,0,0,0,0,0,355,0,0,432,0,0,0,0,0,0,0,0,0,0,0,0,0,0,0,0,0,0,0,31519446,0,0,0,0,0,0,0,0,432,0,904,0,0,0,0,0,0,0,0,29195923,0,0,0,0/RP0/CPU0

2020-02-06 13:38:18.979000+00:00,leaf5,sg2,obt-collector1,0,193,0,0,0,0,0,0,0,0,0,0,0,0,0,0,0,0,0,0,91,0,0,0,0,40,0,0,0,0,0,0,98,4,0,0,94,0,62570,57107,0,29696,1,57128,62562,0,33030,0,30,128,0,98,0,0,0,0,152983,0,0,0,0,0,0,0,0,154,0,38,0,0,0,0,30032,0,0,0,472602,0,152,0,0/0/CPU0

2020-02-06 13:38:18.981000+00:00,leaf5,sg2,obt-collector1,0,355,0,0,0,0,0,0,0,0,0,0,432,0,0,0,0,0,0,0,0,0,0,0,0,1089,0,0,0,0,0,0,0,355,0,0,432,0,0,0,0,0,0,0,0,0,0,0,0,0,0,0,0,0,0,0,31519502,0,0,0,0,0,0,0,0,432,0,904,0,0,0,0,0,0,0,0,29195991,0,0,0,0/RP0/CPU0

2020-02-06 13:38:28.994000+00:00,leaf5,sg2,obt-collector1,0,193,0,0,0,0,0,0,0,0,0,0,0,0,0,0,0,0,0,0,91,0,0,0,0,40,0,0,0,0,0,0,98,4,0,0,94,0,62570,57108,0,29697,1,57129,62562,0,33032,0,30,128,0,98,0,0,0,0,152986,0,0,0,0,0,0,0,0,154,0,38,0,0,0,0,30033,0,0,0,472616,0,152,0,0/0/CPU0

2020-02-06 13:38:28.996000+00:00,leaf5,sg2,obt-collector1,0,355,0,0,0,0,0,0,0,0,0,0,432,0,0,0,0,0,0,0,0,0,0,0,0,1089,0,0,0,0,0,0,0,355,0,0,432,0,0,0,0,0,0,0,0,0,0,0,0,0,0,0,0,0,0,0,31519559,0,0,0,0,0,0,0,0,432,0,904,0,0,0,0,0,0,0,0,29196059,0,0,0,0/RP0/CPU0

2020-02-06 13:38:38.981000+00:00,leaf5,sg2,obt-collector1,0,193,0,0,0,0,0,0,0,0,0,0,0,0,0,0,0,0,0,0,91,0,0,0,0,40,0,0,0,0,0,0,98,4,0,0,94,0,62570,57110,0,29698,1,57131,62562,0,33034,0,30,128,0,98,0,0,0,0,152990,0,0,0,0,0,0,0,0,154,0,38,0,0,0,0,30034,0,0,0,472631,0,152,0,0/0/CPU0

2020-02-06 13:38:38.983000+00:00,leaf5,sg2,obt-collector1,0,355,0,0,0,0,0,0,0,0,0,0,432,0,0,0,0,0,0,0,0,0,0,0,0,1089,0,0,0,0,0,0,0,355,0,0,432,0,0,0,0,0,0,0,0,0,0,0,0,0,0,0,0,0,0,0,31519615,0,0,0,0,0,0,0,0,432,0,904,0,0,0,0,0,0,0,0,29196127,0,0,0,0/RP0/CPU0

2020-02-06 13:38:48.970000+00:00,leaf5,sg2,obt-collector1,0,193,0,0,0,0,0,0,0,0,0,0,0,0,0,0,0,0,0,0,91,0,0,0,0,40,0,0,0,0,0,0,98,4,0,0,94,0,62574,57114,0,29698,1,57135,62566,0,33034,0,30,128,0,98,0,0,0,0,152998,0,0,0,0,0,0,0,0,154,0,38,0,0,0,0,30034,0,0,0,472650,0,152,0,0/0/CPU0

2020-02-06 13:38:48.972000+00:00,leaf5,sg2,obt-collector1,0,355,0,0,0,0,0,0,0,0,0,0,432,0,0,0,0,0,0,0,0,0,0,0,0,1089,0,0,0,0,0,0,0,355,0,0,432,0,0,0,0,0,0,0,0,0,0,0,0,0,0,0,0,0,0,0,31519671,0,0,0,0,0,0,0,0,432,0,904,0,0,0,0,0,0,0,0,29196195,0,0,0,0/RP0/CPU0

2020-02-06 13:38:58.980000+00:00,leaf5,sg2,obt-collector1,0,193,0,0,0,0,0,0,0,0,0,0,0,0,0,0,0,0,0,0,91,0,0,0,0,40,0,0,0,0,0,0,98,4,0,0,94,0,62575,57117,0,29701,1,57138,62567,0,33035,0,30,128,0,98,0,0,0,0,153003,0,0,0,0,0,0,0,0,154,0,38,0,0,0,0,30037,0,0,0,472669,0,152,0,0/0/CPU0

2020-02-06 13:38:58.981000+00:00,leaf5,sg2,obt-collector1,0,355,0,0,0,0,0,0,0,0,0,0,432,0,0,0,0,0,0,0,0,0,0,0,0,1089,0,0,0,0,0,0,0,355,0,0,432,0,0,0,0,0,0,0,0,0,0,0,0,0,0,0,0,0,0,0,31519728,0,0,0,0,0,0,0,0,432,0,904,0,0,0,0,0,0,0,0,29196263,0,0,0,0/RP0/CPU0

2020-02-06 13:39:08.970000+00:00,leaf5,sg2,obt-collector1,0,193,0,0,0,0,0,0,0,0,0,0,0,0,0,0,0,0,0,0,91,0,0,0,0,40,0,0,0,0,0,0,98,4,0,0,94,0,62578,57117,0,29704,1,57138,62570,0,33036,0,30,128,0,98,0,0,0,0,153007,0,0,0,0,0,0,0,0,154,0,38,0,0,0,0,30040,0,0,0,472686,0,152,0,0/0/CPU0

2020-02-06 13:39:08.971000+00:00,leaf5,sg2,obt-collector1,0,355,0,0,0,0,0,0,0,0,0,0,432,0,0,0,0,0,0,0,0,0,0,0,0,1089,0,0,0,0,0,0,0,355,0,0,432,0,0,0,0,0,0,0,0,0,0,0,0,0,0,0,0,0,0,0,31519784,0,0,0,0,0,0,0,0,432,0,904,0,0,0,0,0,0,0,0,29196331,0,0,0,0/RP0/CPU0

2020-02-06 13:39:18.980000+00:00,leaf5,sg2,obt-collector1,0,193,0,0,0,0,0,0,0,0,0,0,0,0,0,0,0,0,0,0,91,0,0,0,0,40,0,0,0,0,0,0,98,4,0,0,94,0,62579,57120,0,29704,1,57141,62571,0,33037,0,30,128,0,98,0,0,0,0,153012,0,0,0,0,0,0,0,0,154,0,38,0,0,0,0,30040,0,0,0,472702,0,152,0,0/0/CPU0

2020-02-06 13:39:18.982000+00:00,leaf5,sg2,obt-collector1,0,355,0,0,0,0,0,0,0,0,0,0,432,0,0,0,0,0,0,0,0,0,0,0,0,1089,0,0,0,0,0,0,0,355,0,0,432,0,0,0,0,0,0,0,0,0,0,0,0,0,0,0,0,0,0,0,31519841,0,0,0,0,0,0,0,0,432,0,904,0,0,0,0,0,0,0,0,29196399,0,0,0,0/RP0/CPU0

2020-02-06 13:39:28.973000+00:00,leaf5,sg2,obt-collector1,0,193,0,0,0,0,0,0,0,0,0,0,0,0,0,0,0,0,0,0,91,0,0,0,0,40,0,0,0,0,0,0,98,4,0,0,94,0,62582,57122,0,29704,1,57143,62574,0,33037,0,30,128,0,98,0,0,0,0,153017,0,0,0,0,0,0,0,0,154,0,38,0,0,0,0,30040,0,0,0,472718,0,152,0,0/0/CPU0

2020-02-06 13:39:28.975000+00:00,leaf5,sg2,obt-collector1,0,355,0,0,0,0,0,0,0,0,0,0,432,0,0,0,0,0,0,0,0,0,0,0,0,1089,0,0,0,0,0,0,0,355,0,0,432,0,0,0,0,0,0,0,0,0,0,0,0,0,0,0,0,0,0,0,31519899,0,0,0,0,0,0,0,0,432,0,904,0,0,0,0,0,0,0,0,29196467,0,0,0,0/RP0/CPU0

2020-02-06 13:39:38.979000+00:00,leaf5,sg2,obt-collector1,0,193,0,0,0,0,0,0,0,0,0,0,0,0,0,0,0,0,0,0,91,0,0,0,0,40,0,0,0,0,0,0,98,4,0,0,94,0,62583,57124,0,29705,1,57145,62575,0,33037,0,30,128,0,98,0,0,0,0,153020,0,0,0,0,0,0,0,0,154,0,38,0,0,0,0,30041,0,0,0,472733,0,152,0,0/0/CPU0

2020-02-06 13:39:38.980000+00:00,leaf5,sg2,obt-collector1,0,355,0,0,0,0,0,0,0,0,0,0,432,0,0,0,0,0,0,0,0,0,0,0,0,1089,0,0,0,0,0,0,0,355,0,0,432,0,0,0,0,0,0,0,0,0,0,0,0,0,0,0,0,0,0,0,31519957,0,0,0,0,0,0,0,0,432,0,904,0,0,0,0,0,0,0,0,29196535,0,0,0,0/RP0/CPU0

2020-02-06 13:39:48.971000+00:00,leaf5,sg2,obt-collector1,0,193,0,0,0,0,0,0,0,0,0,0,0,0,0,0,0,0,0,0,91,0,0,0,0,40,0,0,0,0,0,0,98,4,0,0,94,0,62585,57128,0,29705,1,57149,62577,0,33040,0,30,128,0,98,0,0,0,0,153029,0,0,0,0,0,0,0,0,154,0,38,0,0,0,0,30041,0,0,0,472751,0,152,0,0/0/CPU0

2020-02-06 13:39:48.973000+00:00,leaf5,sg2,obt-collector1,0,355,0,0,0,0,0,0,0,0,0,0,432,0,0,0,0,0,0,0,0,0,0,0,0,1089,0,0,0,0,0,0,0,355,0,0,432,0,0,0,0,0,0,0,0,0,0,0,0,0,0,0,0,0,0,0,31520014,0,0,0,0,0,0,0,0,432,0,904,0,0,0,0,0,0,0,0,29196602,0,0,0,0/RP0/CPU0

2020-02-06 13:39:58.978000+00:00,leaf5,sg2,obt-collector1,0,193,0,0,0,0,0,0,0,0,0,0,0,0,0,0,0,0,0,0,91,0,0,0,0,40,0,0,0,0,0,0,98,4,0,0,94,0,62588,57129,0,29705,1,57150,62580,0,33040,0,30,128,0,98,0,0,0,0,153033,0,0,0,0,0,0,0,0,154,0,38,0,0,0,0,30041,0,0,0,472765,0,152,0,0/0/CPU0

2020-02-06 13:39:58.979000+00:00,leaf5,sg2,obt-collector1,0,355,0,0,0,0,0,0,0,0,0,0,432,0,0,0,0,0,0,0,0,0,0,0,0,1089,0,0,0,0,0,0,0,355,0,0,432,0,0,0,0,0,0,0,0,0,0,0,0,0,0,0,0,0,0,0,31520070,0,0,0,0,0,0,0,0,432,0,904,0,0,0,0,0,0,0,0,29196670,0,0,0,0/RP0/CPU0

2020-02-06 13:40:08.981000+00:00,leaf5,sg2,obt-collector1,0,193,0,0,0,0,0,0,0,0,0,0,0,0,0,0,0,0,0,0,91,0,0,0,0,40,0,0,0,0,0,0,98,4,0,0,94,0,62592,57130,0,29705,1,57151,62584,0,33041,0,30,128,0,98,0,0,0,0,153039,0,0,0,0,0,0,0,0,154,0,38,0,0,0,0,30041,0,0,0,472782,0,152,0,0/0/CPU0

2020-02-06 13:40:08.982000+00:00,leaf5,sg2,obt-collector1,0,355,0,0,0,0,0,0,0,0,0,0,432,0,0,0,0,0,0,0,0,0,0,0,0,1089,0,0,0,0,0,0,0,355,0,0,432,0,0,0,0,0,0,0,0,0,0,0,0,0,0,0,0,0,0,0,31520126,0,0,0,0,0,0,0,0,432,0,904,0,0,0,0,0,0,0,0,29196738,0,0,0,0/RP0/CPU0

2020-02-06 13:40:18.971000+00:00,leaf5,sg2,obt-collector1,0,193,0,0,0,0,0,0,0,0,0,0,0,0,0,0,0,0,0,0,91,0,0,0,0,40,0,0,0,0,0,0,98,4,0,0,94,0,62595,57131,0,29707,1,57152,62587,0,33044,0,30,128,0,98,0,0,0,0,153046,0,0,0,0,0,0,0,0,154,0,38,0,0,0,0,30043,0,0,0,472800,0,152,0,0/0/CPU0

2020-02-06 13:40:18.973000+00:00,leaf5,sg2,obt-collector1,0,355,0,0,0,0,0,0,0,0,0,0,432,0,0,0,0,0,0,0,0,0,0,0,0,1089,0,0,0,0,0,0,0,355,0,0,432,0,0,0,0,0,0,0,0,0,0,0,0,0,0,0,0,0,0,0,31520182,0,0,0,0,0,0,0,0,432,0,904,0,0,0,0,0,0,0,0,29196806,0,0,0,0/RP0/CPU0

