,Producer,Target,host,interface-counts/admin-down-interface-count,interface-counts/down-interface-count,interface-counts/interface-count,interface-counts/up-interface-count,interface-type-list/interface-counts/admin-down-interface-count,interface-type-list/interface-counts/down-interface-count,interface-type-list/interface-counts/interface-count,interface-type-list/interface-counts/up-interface-count,interface-type-list/interface-type-description,interface-type-list/interface-type-name,interface-type/interface-counts/admin-down-interface-count,interface-type/interface-counts/down-interface-count,interface-type/interface-counts/interface-count,interface-type/interface-counts/up-interface-count,interface-type/interface-type-description,interface-type/interface-type-name

2020-02-06 13:19:51.132000+00:00,leaf8,sg10,obt-collector1,1,12,38,25,,,,,,,0,0,1,1,Null interface,IFT_NULL

2020-02-06 13:20:01.781000+00:00,leaf8,sg10,obt-collector1,1,12,38,25,,,,,,,0,0,1,1,Null interface,IFT_NULL

2020-02-06 13:20:12.306000+00:00,leaf8,sg10,obt-collector1,1,12,38,25,,,,,,,0,0,1,1,Null interface,IFT_NULL

2020-02-06 13:20:23.136000+00:00,leaf8,sg10,obt-collector1,1,12,38,25,,,,,,,0,0,1,1,Null interface,IFT_NULL

2020-02-06 13:20:33.710000+00:00,leaf8,sg10,obt-collector1,1,12,38,25,,,,,,,0,0,1,1,Null interface,IFT_NULL

2020-02-06 13:20:44.273000+00:00,leaf8,sg10,obt-collector1,1,12,38,25,,,,,,,0,0,1,1,Null interface,IFT_NULL

2020-02-06 13:20:54.800000+00:00,leaf8,sg10,obt-collector1,1,12,38,25,,,,,,,0,0,1,1,Null interface,IFT_NULL

2020-02-06 13:21:05.333000+00:00,leaf8,sg10,obt-collector1,1,12,38,25,,,,,,,0,0,1,1,Null interface,IFT_NULL

2020-02-06 13:21:15.857000+00:00,leaf8,sg10,obt-collector1,1,12,38,25,,,,,,,0,0,1,1,Null interface,IFT_NULL

2020-02-06 13:21:26.445000+00:00,leaf8,sg10,obt-collector1,1,12,38,25,,,,,,,0,0,1,1,Null interface,IFT_NULL

2020-02-06 13:21:37.004000+00:00,leaf8,sg10,obt-collector1,1,12,38,25,,,,,,,0,0,1,1,Null interface,IFT_NULL

2020-02-06 13:21:47.659000+00:00,leaf8,sg10,obt-collector1,1,12,38,25,,,,,,,0,0,1,1,Null interface,IFT_NULL

2020-02-06 13:21:58.183000+00:00,leaf8,sg10,obt-collector1,1,12,38,25,,,,,,,0,0,1,1,Null interface,IFT_NULL

2020-02-06 13:22:08.715000+00:00,leaf8,sg10,obt-collector1,1,12,38,25,,,,,,,0,0,1,1,Null interface,IFT_NULL

2020-02-06 13:22:19.307000+00:00,leaf8,sg10,obt-collector1,1,12,38,25,,,,,,,0,0,1,1,Null interface,IFT_NULL

2020-02-06 13:22:29.979000+00:00,leaf8,sg10,obt-collector1,1,12,38,25,,,,,,,0,0,1,1,Null interface,IFT_NULL

2020-02-06 13:22:40.676000+00:00,leaf8,sg10,obt-collector1,1,12,38,25,,,,,,,0,0,1,1,Null interface,IFT_NULL

2020-02-06 13:22:51.213000+00:00,leaf8,sg10,obt-collector1,1,12,38,25,,,,,,,0,0,1,1,Null interface,IFT_NULL

2020-02-06 13:23:01.701000+00:00,leaf8,sg10,obt-collector1,1,12,38,25,,,,,,,0,0,1,1,Null interface,IFT_NULL

2020-02-06 13:23:12.221000+00:00,leaf8,sg10,obt-collector1,1,12,38,25,,,,,,,0,0,1,1,Null interface,IFT_NULL

2020-02-06 13:23:22.840000+00:00,leaf8,sg10,obt-collector1,1,12,38,25,,,,,,,0,0,1,1,Null interface,IFT_NULL

2020-02-06 13:23:33.320000+00:00,leaf8,sg10,obt-collector1,1,12,38,25,,,,,,,0,0,1,1,Null interface,IFT_NULL

2020-02-06 13:23:43.852000+00:00,leaf8,sg10,obt-collector1,1,12,38,25,,,,,,,0,0,1,1,Null interface,IFT_NULL

2020-02-06 13:23:54.548000+00:00,leaf8,sg10,obt-collector1,1,12,38,25,,,,,,,0,0,1,1,Null interface,IFT_NULL

2020-02-06 13:24:05.065000+00:00,leaf8,sg10,obt-collector1,1,12,38,25,,,,,,,0,0,1,1,Null interface,IFT_NULL

2020-02-06 13:24:15.761000+00:00,leaf8,sg10,obt-collector1,1,12,38,25,,,,,,,0,0,1,1,Null interface,IFT_NULL

2020-02-06 13:24:26.289000+00:00,leaf8,sg10,obt-collector1,1,12,38,25,,,,,,,0,0,1,1,Null interface,IFT_NULL

2020-02-06 13:24:36.796000+00:00,leaf8,sg10,obt-collector1,1,12,38,25,,,,,,,0,0,1,1,Null interface,IFT_NULL

2020-02-06 13:24:47.350000+00:00,leaf8,sg10,obt-collector1,1,12,38,25,,,,,,,0,0,1,1,Null interface,IFT_NULL

2020-02-06 13:24:57.861000+00:00,leaf8,sg10,obt-collector1,1,12,38,25,,,,,,,0,0,1,1,Null interface,IFT_NULL

2020-02-06 13:25:08.461000+00:00,leaf8,sg10,obt-collector1,1,12,38,25,,,,,,,0,0,1,1,Null interface,IFT_NULL

2020-02-06 13:25:20.102000+00:00,leaf8,sg10,obt-collector1,1,12,38,25,,,,,,,0,0,1,1,Null interface,IFT_NULL

2020-02-06 13:25:30.685000+00:00,leaf8,sg10,obt-collector1,1,12,38,25,,,,,,,0,0,1,1,Null interface,IFT_NULL

2020-02-06 13:25:41.508000+00:00,leaf8,sg10,obt-collector1,1,12,38,25,,,,,,,0,0,1,1,Null interface,IFT_NULL

2020-02-06 13:25:52.021000+00:00,leaf8,sg10,obt-collector1,1,12,38,25,,,,,,,0,0,1,1,Null interface,IFT_NULL

2020-02-06 13:26:02.558000+00:00,leaf8,sg10,obt-collector1,1,12,38,25,,,,,,,0,0,1,1,Null interface,IFT_NULL

2020-02-06 13:26:13.076000+00:00,leaf8,sg10,obt-collector1,1,12,38,25,,,,,,,0,0,1,1,Null interface,IFT_NULL

2020-02-06 13:26:23.605000+00:00,leaf8,sg10,obt-collector1,1,12,38,25,,,,,,,0,0,1,1,Null interface,IFT_NULL

2020-02-06 13:26:34.342000+00:00,leaf8,sg10,obt-collector1,1,12,38,25,,,,,,,0,0,1,1,Null interface,IFT_NULL

2020-02-06 13:26:44.967000+00:00,leaf8,sg10,obt-collector1,1,12,38,25,,,,,,,0,0,1,1,Null interface,IFT_NULL

2020-02-06 13:26:55.476000+00:00,leaf8,sg10,obt-collector1,1,12,38,25,,,,,,,0,0,1,1,Null interface,IFT_NULL

2020-02-06 13:27:06.369000+00:00,leaf8,sg10,obt-collector1,1,12,38,25,,,,,,,0,0,1,1,Null interface,IFT_NULL

2020-02-06 13:27:16.875000+00:00,leaf8,sg10,obt-collector1,1,12,38,25,,,,,,,0,0,1,1,Null interface,IFT_NULL

2020-02-06 13:27:27.430000+00:00,leaf8,sg10,obt-collector1,1,12,38,25,,,,,,,0,0,1,1,Null interface,IFT_NULL

2020-02-06 13:27:37.936000+00:00,leaf8,sg10,obt-collector1,1,12,38,25,,,,,,,0,0,1,1,Null interface,IFT_NULL

2020-02-06 13:27:48.460000+00:00,leaf8,sg10,obt-collector1,1,12,38,25,,,,,,,0,0,1,1,Null interface,IFT_NULL

2020-02-06 13:27:59.131000+00:00,leaf8,sg10,obt-collector1,1,12,38,25,,,,,,,0,0,1,1,Null interface,IFT_NULL

2020-02-06 13:28:10.011000+00:00,leaf8,sg10,obt-collector1,1,12,38,25,,,,,,,0,0,1,1,Null interface,IFT_NULL

2020-02-06 13:28:20.573000+00:00,leaf8,sg10,obt-collector1,1,12,38,25,,,,,,,0,0,1,1,Null interface,IFT_NULL

2020-02-06 13:28:31.155000+00:00,leaf8,sg10,obt-collector1,1,12,38,25,,,,,,,0,0,1,1,Null interface,IFT_NULL

2020-02-06 13:28:41.666000+00:00,leaf8,sg10,obt-collector1,1,12,38,25,,,,,,,0,0,1,1,Null interface,IFT_NULL

2020-02-06 13:28:52.451000+00:00,leaf8,sg10,obt-collector1,1,12,38,25,,,,,,,0,0,1,1,Null interface,IFT_NULL

2020-02-06 13:29:02.937000+00:00,leaf8,sg10,obt-collector1,1,12,38,25,,,,,,,0,0,1,1,Null interface,IFT_NULL

2020-02-06 13:29:13.452000+00:00,leaf8,sg10,obt-collector1,1,12,38,25,,,,,,,0,0,1,1,Null interface,IFT_NULL

2020-02-06 13:29:24.197000+00:00,leaf8,sg10,obt-collector1,1,12,38,25,,,,,,,0,0,1,1,Null interface,IFT_NULL

2020-02-06 13:29:34.850000+00:00,leaf8,sg10,obt-collector1,1,12,38,25,,,,,,,0,0,1,1,Null interface,IFT_NULL

2020-02-06 13:29:45.600000+00:00,leaf8,sg10,obt-collector1,1,12,38,25,,,,,,,0,0,1,1,Null interface,IFT_NULL

2020-02-06 13:29:56.142000+00:00,leaf8,sg10,obt-collector1,1,12,38,25,,,,,,,0,0,1,1,Null interface,IFT_NULL

2020-02-06 13:30:06.735000+00:00,leaf8,sg10,obt-collector1,1,12,38,25,,,,,,,0,0,1,1,Null interface,IFT_NULL

2020-02-06 13:30:17.204000+00:00,leaf8,sg10,obt-collector1,1,12,38,25,,,,,,,0,0,1,1,Null interface,IFT_NULL

2020-02-06 13:30:27.853000+00:00,leaf8,sg10,obt-collector1,1,12,38,25,,,,,,,0,0,1,1,Null interface,IFT_NULL

2020-02-06 13:30:38.708000+00:00,leaf8,sg10,obt-collector1,1,12,38,25,,,,,,,0,0,1,1,Null interface,IFT_NULL

2020-02-06 13:30:49.338000+00:00,leaf8,sg10,obt-collector1,1,12,38,25,,,,,,,0,0,1,1,Null interface,IFT_NULL

2020-02-06 13:30:59.915000+00:00,leaf8,sg10,obt-collector1,1,12,38,25,,,,,,,0,0,1,1,Null interface,IFT_NULL

2020-02-06 13:31:10.420000+00:00,leaf8,sg10,obt-collector1,1,12,38,25,,,,,,,0,0,1,1,Null interface,IFT_NULL

2020-02-06 13:31:20.992000+00:00,leaf8,sg10,obt-collector1,1,12,38,25,,,,,,,0,0,1,1,Null interface,IFT_NULL

2020-02-06 13:31:31.829000+00:00,leaf8,sg10,obt-collector1,1,12,38,25,,,,,,,0,0,1,1,Null interface,IFT_NULL

2020-02-06 13:31:42.443000+00:00,leaf8,sg10,obt-collector1,1,12,38,25,,,,,,,0,0,1,1,Null interface,IFT_NULL

2020-02-06 13:31:53.207000+00:00,leaf8,sg10,obt-collector1,1,12,38,25,,,,,,,0,0,1,1,Null interface,IFT_NULL

2020-02-06 13:32:03.753000+00:00,leaf8,sg10,obt-collector1,1,12,38,25,,,,,,,0,0,1,1,Null interface,IFT_NULL

2020-02-06 13:32:14.274000+00:00,leaf8,sg10,obt-collector1,1,12,38,25,,,,,,,0,0,1,1,Null interface,IFT_NULL

2020-02-06 13:32:24.872000+00:00,leaf8,sg10,obt-collector1,1,12,38,25,,,,,,,0,0,1,1,Null interface,IFT_NULL

2020-02-06 13:32:35.423000+00:00,leaf8,sg10,obt-collector1,1,12,38,25,,,,,,,0,0,1,1,Null interface,IFT_NULL

2020-02-06 13:32:46.038000+00:00,leaf8,sg10,obt-collector1,1,12,38,25,,,,,,,0,0,1,1,Null interface,IFT_NULL

2020-02-06 13:32:56.543000+00:00,leaf8,sg10,obt-collector1,1,12,38,25,,,,,,,0,0,1,1,Null interface,IFT_NULL

2020-02-06 13:33:07.307000+00:00,leaf8,sg10,obt-collector1,1,12,38,25,,,,,,,0,0,1,1,Null interface,IFT_NULL

2020-02-06 13:33:18+00:00,leaf8,sg10,obt-collector1,1,12,38,25,,,,,,,0,0,1,1,Null interface,IFT_NULL

2020-02-06 13:33:28.943000+00:00,leaf8,sg10,obt-collector1,1,12,38,25,,,,,,,0,0,1,1,Null interface,IFT_NULL

2020-02-06 13:33:39.590000+00:00,leaf8,sg10,obt-collector1,1,12,38,25,,,,,,,0,0,1,1,Null interface,IFT_NULL

2020-02-06 13:33:50.264000+00:00,leaf8,sg10,obt-collector1,1,12,38,25,,,,,,,0,0,1,1,Null interface,IFT_NULL

2020-02-06 13:34:01.205000+00:00,leaf8,sg10,obt-collector1,1,12,38,25,,,,,,,0,0,1,1,Null interface,IFT_NULL

2020-02-06 13:34:11.865000+00:00,leaf8,sg10,obt-collector1,1,12,38,25,,,,,,,0,0,1,1,Null interface,IFT_NULL

2020-02-06 13:34:22.433000+00:00,leaf8,sg10,obt-collector1,1,12,38,25,,,,,,,0,0,1,1,Null interface,IFT_NULL

2020-02-06 13:34:33.101000+00:00,leaf8,sg10,obt-collector1,1,12,38,25,,,,,,,0,0,1,1,Null interface,IFT_NULL

2020-02-06 13:34:43.640000+00:00,leaf8,sg10,obt-collector1,1,12,38,25,,,,,,,0,0,1,1,Null interface,IFT_NULL

2020-02-06 13:34:54.136000+00:00,leaf8,sg10,obt-collector1,1,12,38,25,,,,,,,0,0,1,1,Null interface,IFT_NULL

2020-02-06 13:35:04.948000+00:00,leaf8,sg10,obt-collector1,1,12,38,25,,,,,,,0,0,1,1,Null interface,IFT_NULL

2020-02-06 13:35:15.531000+00:00,leaf8,sg10,obt-collector1,1,12,38,25,,,,,,,0,0,1,1,Null interface,IFT_NULL

2020-02-06 13:35:26.046000+00:00,leaf8,sg10,obt-collector1,1,12,38,25,,,,,,,0,0,1,1,Null interface,IFT_NULL

2020-02-06 13:35:36.867000+00:00,leaf8,sg10,obt-collector1,1,12,38,25,,,,,,,0,0,1,1,Null interface,IFT_NULL

2020-02-06 13:35:47.420000+00:00,leaf8,sg10,obt-collector1,1,12,38,25,,,,,,,0,0,1,1,Null interface,IFT_NULL

2020-02-06 13:35:58.178000+00:00,leaf8,sg10,obt-collector1,1,12,38,25,,,,,,,0,0,1,1,Null interface,IFT_NULL

2020-02-06 13:36:08.669000+00:00,leaf8,sg10,obt-collector1,1,12,38,25,,,,,,,0,0,1,1,Null interface,IFT_NULL

2020-02-06 13:36:19.256000+00:00,leaf8,sg10,obt-collector1,1,12,38,25,,,,,,,0,0,1,1,Null interface,IFT_NULL

2020-02-06 13:36:29.975000+00:00,leaf8,sg10,obt-collector1,1,12,38,25,,,,,,,0,0,1,1,Null interface,IFT_NULL

2020-02-06 13:36:40.478000+00:00,leaf8,sg10,obt-collector1,1,12,38,25,,,,,,,0,0,1,1,Null interface,IFT_NULL

2020-02-06 13:36:51.033000+00:00,leaf8,sg10,obt-collector1,1,12,38,25,,,,,,,0,0,1,1,Null interface,IFT_NULL

2020-02-06 13:37:01.649000+00:00,leaf8,sg10,obt-collector1,1,12,38,25,,,,,,,0,0,1,1,Null interface,IFT_NULL

2020-02-06 13:37:12.195000+00:00,leaf8,sg10,obt-collector1,1,12,38,25,,,,,,,0,0,1,1,Null interface,IFT_NULL

2020-02-06 13:37:22.778000+00:00,leaf8,sg10,obt-collector1,1,12,38,25,,,,,,,0,0,1,1,Null interface,IFT_NULL

2020-02-06 13:37:33.470000+00:00,leaf8,sg10,obt-collector1,1,12,38,25,,,,,,,0,0,1,1,Null interface,IFT_NULL

2020-02-06 13:37:44.043000+00:00,leaf8,sg10,obt-collector1,1,12,38,25,,,,,,,0,0,1,1,Null interface,IFT_NULL

2020-02-06 13:37:54.568000+00:00,leaf8,sg10,obt-collector1,1,12,38,25,,,,,,,0,0,1,1,Null interface,IFT_NULL

2020-02-06 13:38:05.081000+00:00,leaf8,sg10,obt-collector1,1,12,38,25,,,,,,,0,0,1,1,Null interface,IFT_NULL

2020-02-06 13:38:15.624000+00:00,leaf8,sg10,obt-collector1,1,12,38,25,,,,,,,0,0,1,1,Null interface,IFT_NULL

2020-02-06 13:38:26.165000+00:00,leaf8,sg10,obt-collector1,1,12,38,25,,,,,,,0,0,1,1,Null interface,IFT_NULL

2020-02-06 13:38:36.777000+00:00,leaf8,sg10,obt-collector1,1,12,38,25,,,,,,,0,0,1,1,Null interface,IFT_NULL

2020-02-06 13:38:47.499000+00:00,leaf8,sg10,obt-collector1,1,12,38,25,,,,,,,0,0,1,1,Null interface,IFT_NULL

2020-02-06 13:38:58.087000+00:00,leaf8,sg10,obt-collector1,1,12,38,25,,,,,,,0,0,1,1,Null interface,IFT_NULL

2020-02-06 13:39:08.587000+00:00,leaf8,sg10,obt-collector1,1,12,38,25,,,,,,,0,0,1,1,Null interface,IFT_NULL

2020-02-06 13:39:19.145000+00:00,leaf8,sg10,obt-collector1,1,12,38,25,,,,,,,0,0,1,1,Null interface,IFT_NULL

2020-02-06 13:39:30.789000+00:00,leaf8,sg10,obt-collector1,1,12,38,25,,,,,,,0,0,1,1,Null interface,IFT_NULL

2020-02-06 13:39:41.321000+00:00,leaf8,sg10,obt-collector1,1,12,38,25,,,,,,,0,0,1,1,Null interface,IFT_NULL

2020-02-06 13:39:52.084000+00:00,leaf8,sg10,obt-collector1,1,12,38,25,,,,,,,0,0,1,1,Null interface,IFT_NULL

2020-02-06 13:40:02.581000+00:00,leaf8,sg10,obt-collector1,1,12,38,25,,,,,,,0,0,1,1,Null interface,IFT_NULL

2020-02-06 13:40:13.225000+00:00,leaf8,sg10,obt-collector1,1,12,38,25,,,,,,,0,0,1,1,Null interface,IFT_NULL

