,Producer,Target,clientid,host,insync,proto-id,proto-instance,protocol-names,table-id,updatemode

2020-02-06 18:54:58.836000+00:00,dr02,sg12,15,obt-collector1,true,2,,static,-536870912,10

2020-02-06 18:54:58.839000+00:00,dr02,sg12,16,obt-collector1,true,1,,connected,-536870912,2

2020-02-06 18:54:58.839000+00:00,dr02,sg12,16,obt-collector1,true,2,,static,-536870912,2

2020-02-06 18:54:58.844000+00:00,dr02,sg12,19,obt-collector1,true,1,,connected,-536870912,10

2020-02-06 18:55:25.262000+00:00,dr02,sg12,15,obt-collector1,true,2,,static,-536870912,10

2020-02-06 18:55:25.264000+00:00,dr02,sg12,16,obt-collector1,true,1,,connected,-536870912,2

2020-02-06 18:55:25.265000+00:00,dr02,sg12,16,obt-collector1,true,2,,static,-536870912,2

2020-02-06 18:55:25.270000+00:00,dr02,sg12,19,obt-collector1,true,1,,connected,-536870912,10

2020-02-06 18:55:41.873000+00:00,dr02,sg12,15,obt-collector1,true,2,,static,-536870912,10

2020-02-06 18:55:41.876000+00:00,dr02,sg12,16,obt-collector1,true,1,,connected,-536870912,2

2020-02-06 18:55:41.876000+00:00,dr02,sg12,16,obt-collector1,true,2,,static,-536870912,2

2020-02-06 18:55:41.882000+00:00,dr02,sg12,19,obt-collector1,true,1,,connected,-536870912,10

2020-02-06 18:55:58.247000+00:00,dr02,sg12,15,obt-collector1,true,2,,static,-536870912,10

2020-02-06 18:55:58.250000+00:00,dr02,sg12,16,obt-collector1,true,1,,connected,-536870912,2

2020-02-06 18:55:58.250000+00:00,dr02,sg12,16,obt-collector1,true,2,,static,-536870912,2

2020-02-06 18:55:58.256000+00:00,dr02,sg12,19,obt-collector1,true,1,,connected,-536870912,10

2020-02-06 18:56:14.810000+00:00,dr02,sg12,15,obt-collector1,true,2,,static,-536870912,10

2020-02-06 18:56:14.813000+00:00,dr02,sg12,16,obt-collector1,true,1,,connected,-536870912,2

2020-02-06 18:56:14.813000+00:00,dr02,sg12,16,obt-collector1,true,2,,static,-536870912,2

2020-02-06 18:56:14.819000+00:00,dr02,sg12,19,obt-collector1,true,1,,connected,-536870912,10

2020-02-06 18:56:23.055000+00:00,dr02,sg12,15,obt-collector1,true,2,,static,-536870912,10

2020-02-06 18:56:23.058000+00:00,dr02,sg12,16,obt-collector1,true,1,,connected,-536870912,2

2020-02-06 18:56:23.058000+00:00,dr02,sg12,16,obt-collector1,true,2,,static,-536870912,2

2020-02-06 18:56:23.063000+00:00,dr02,sg12,19,obt-collector1,true,1,,connected,-536870912,10

2020-02-06 18:56:39.954000+00:00,dr02,sg12,15,obt-collector1,true,2,,static,-536870912,10

2020-02-06 18:56:39.958000+00:00,dr02,sg12,16,obt-collector1,true,1,,connected,-536870912,2

2020-02-06 18:56:39.958000+00:00,dr02,sg12,16,obt-collector1,true,2,,static,-536870912,2

2020-02-06 18:56:39.964000+00:00,dr02,sg12,19,obt-collector1,true,1,,connected,-536870912,10

2020-02-06 18:56:56.272000+00:00,dr02,sg12,15,obt-collector1,true,2,,static,-536870912,10

2020-02-06 18:56:56.275000+00:00,dr02,sg12,16,obt-collector1,true,1,,connected,-536870912,2

2020-02-06 18:56:56.275000+00:00,dr02,sg12,16,obt-collector1,true,2,,static,-536870912,2

2020-02-06 18:56:56.281000+00:00,dr02,sg12,19,obt-collector1,true,1,,connected,-536870912,10

2020-02-06 18:57:30.955000+00:00,dr02,sg12,15,obt-collector1,true,2,,static,-536870912,10

2020-02-06 18:57:30.958000+00:00,dr02,sg12,16,obt-collector1,true,1,,connected,-536870912,2

2020-02-06 18:57:30.958000+00:00,dr02,sg12,16,obt-collector1,true,2,,static,-536870912,2

2020-02-06 18:57:30.964000+00:00,dr02,sg12,19,obt-collector1,true,1,,connected,-536870912,10

2020-02-06 18:57:39.277000+00:00,dr02,sg12,15,obt-collector1,true,2,,static,-536870912,10

2020-02-06 18:57:39.280000+00:00,dr02,sg12,16,obt-collector1,true,1,,connected,-536870912,2

2020-02-06 18:57:39.280000+00:00,dr02,sg12,16,obt-collector1,true,2,,static,-536870912,2

2020-02-06 18:57:39.286000+00:00,dr02,sg12,19,obt-collector1,true,1,,connected,-536870912,10

2020-02-06 18:57:47.484000+00:00,dr02,sg12,15,obt-collector1,true,2,,static,-536870912,10

2020-02-06 18:57:47.487000+00:00,dr02,sg12,16,obt-collector1,true,1,,connected,-536870912,2

2020-02-06 18:57:47.487000+00:00,dr02,sg12,16,obt-collector1,true,2,,static,-536870912,2

2020-02-06 18:57:47.493000+00:00,dr02,sg12,19,obt-collector1,true,1,,connected,-536870912,10

2020-02-06 18:58:03.897000+00:00,dr02,sg12,15,obt-collector1,true,2,,static,-536870912,10

2020-02-06 18:58:03.899000+00:00,dr02,sg12,16,obt-collector1,true,1,,connected,-536870912,2

2020-02-06 18:58:03.899000+00:00,dr02,sg12,16,obt-collector1,true,2,,static,-536870912,2

2020-02-06 18:58:03.905000+00:00,dr02,sg12,19,obt-collector1,true,1,,connected,-536870912,10

2020-02-06 18:58:20.350000+00:00,dr02,sg12,15,obt-collector1,true,2,,static,-536870912,10

2020-02-06 18:58:20.353000+00:00,dr02,sg12,16,obt-collector1,true,1,,connected,-536870912,2

2020-02-06 18:58:20.353000+00:00,dr02,sg12,16,obt-collector1,true,2,,static,-536870912,2

2020-02-06 18:58:20.359000+00:00,dr02,sg12,19,obt-collector1,true,1,,connected,-536870912,10

2020-02-06 18:58:38.955000+00:00,dr02,sg12,15,obt-collector1,true,2,,static,-536870912,10

2020-02-06 18:58:38.958000+00:00,dr02,sg12,16,obt-collector1,true,1,,connected,-536870912,2

2020-02-06 18:58:38.958000+00:00,dr02,sg12,16,obt-collector1,true,2,,static,-536870912,2

2020-02-06 18:58:38.964000+00:00,dr02,sg12,19,obt-collector1,true,1,,connected,-536870912,10

2020-02-06 18:59:28.187000+00:00,dr02,sg12,15,obt-collector1,true,2,,static,-536870912,10

2020-02-06 18:59:28.190000+00:00,dr02,sg12,16,obt-collector1,true,1,,connected,-536870912,2

2020-02-06 18:59:28.190000+00:00,dr02,sg12,16,obt-collector1,true,2,,static,-536870912,2

2020-02-06 18:59:28.196000+00:00,dr02,sg12,19,obt-collector1,true,1,,connected,-536870912,10

2020-02-06 18:59:37.184000+00:00,dr02,sg12,15,obt-collector1,true,2,,static,-536870912,10

2020-02-06 18:59:37.187000+00:00,dr02,sg12,16,obt-collector1,true,1,,connected,-536870912,2

2020-02-06 18:59:37.187000+00:00,dr02,sg12,16,obt-collector1,true,2,,static,-536870912,2

2020-02-06 18:59:37.193000+00:00,dr02,sg12,19,obt-collector1,true,1,,connected,-536870912,10

2020-02-06 19:00:10.341000+00:00,dr02,sg12,15,obt-collector1,true,2,,static,-536870912,10

2020-02-06 19:00:10.344000+00:00,dr02,sg12,16,obt-collector1,true,1,,connected,-536870912,2

2020-02-06 19:00:10.344000+00:00,dr02,sg12,16,obt-collector1,true,2,,static,-536870912,2

2020-02-06 19:00:10.350000+00:00,dr02,sg12,19,obt-collector1,true,1,,connected,-536870912,10

2020-02-06 19:00:18.545000+00:00,dr02,sg12,15,obt-collector1,true,2,,static,-536870912,10

2020-02-06 19:00:18.548000+00:00,dr02,sg12,16,obt-collector1,true,1,,connected,-536870912,2

2020-02-06 19:00:18.548000+00:00,dr02,sg12,16,obt-collector1,true,2,,static,-536870912,2

2020-02-06 19:00:18.554000+00:00,dr02,sg12,19,obt-collector1,true,1,,connected,-536870912,10

2020-02-06 19:00:26.713000+00:00,dr02,sg12,15,obt-collector1,true,2,,static,-536870912,10

2020-02-06 19:00:26.716000+00:00,dr02,sg12,16,obt-collector1,true,1,,connected,-536870912,2

2020-02-06 19:00:26.716000+00:00,dr02,sg12,16,obt-collector1,true,2,,static,-536870912,2

2020-02-06 19:00:26.722000+00:00,dr02,sg12,19,obt-collector1,true,1,,connected,-536870912,10

2020-02-06 19:00:53.503000+00:00,dr02,sg12,15,obt-collector1,true,2,,static,-536870912,10

2020-02-06 19:00:53.506000+00:00,dr02,sg12,16,obt-collector1,true,1,,connected,-536870912,2

2020-02-06 19:00:53.506000+00:00,dr02,sg12,16,obt-collector1,true,2,,static,-536870912,2

2020-02-06 19:00:53.511000+00:00,dr02,sg12,19,obt-collector1,true,1,,connected,-536870912,10

2020-02-06 19:01:37.549000+00:00,dr02,sg12,15,obt-collector1,true,2,,static,-536870912,10

2020-02-06 19:01:37.552000+00:00,dr02,sg12,16,obt-collector1,true,1,,connected,-536870912,2

2020-02-06 19:01:37.552000+00:00,dr02,sg12,16,obt-collector1,true,2,,static,-536870912,2

2020-02-06 19:01:37.558000+00:00,dr02,sg12,19,obt-collector1,true,1,,connected,-536870912,10

2020-02-06 19:02:18.670000+00:00,dr02,sg12,15,obt-collector1,true,2,,static,-536870912,10

2020-02-06 19:02:18.673000+00:00,dr02,sg12,16,obt-collector1,true,1,,connected,-536870912,2

2020-02-06 19:02:18.673000+00:00,dr02,sg12,16,obt-collector1,true,2,,static,-536870912,2

2020-02-06 19:02:18.679000+00:00,dr02,sg12,19,obt-collector1,true,1,,connected,-536870912,10

2020-02-06 19:03:32.827000+00:00,dr02,sg12,15,obt-collector1,true,2,,static,-536870912,10

2020-02-06 19:03:32.830000+00:00,dr02,sg12,16,obt-collector1,true,1,,connected,-536870912,2

2020-02-06 19:03:32.830000+00:00,dr02,sg12,16,obt-collector1,true,2,,static,-536870912,2

2020-02-06 19:03:32.836000+00:00,dr02,sg12,19,obt-collector1,true,1,,connected,-536870912,10

2020-02-06 19:03:51.333000+00:00,dr02,sg12,15,obt-collector1,true,2,,static,-536870912,10

2020-02-06 19:03:51.336000+00:00,dr02,sg12,16,obt-collector1,true,1,,connected,-536870912,2

2020-02-06 19:03:51.336000+00:00,dr02,sg12,16,obt-collector1,true,2,,static,-536870912,2

2020-02-06 19:03:51.341000+00:00,dr02,sg12,19,obt-collector1,true,1,,connected,-536870912,10

2020-02-06 19:04:24.128000+00:00,dr02,sg12,15,obt-collector1,true,2,,static,-536870912,10

2020-02-06 19:04:24.131000+00:00,dr02,sg12,16,obt-collector1,true,1,,connected,-536870912,2

2020-02-06 19:04:24.131000+00:00,dr02,sg12,16,obt-collector1,true,2,,static,-536870912,2

2020-02-06 19:04:24.137000+00:00,dr02,sg12,19,obt-collector1,true,1,,connected,-536870912,10

2020-02-06 19:04:59.315000+00:00,dr02,sg12,15,obt-collector1,true,2,,static,-536870912,10

2020-02-06 19:04:59.318000+00:00,dr02,sg12,16,obt-collector1,true,1,,connected,-536870912,2

2020-02-06 19:04:59.318000+00:00,dr02,sg12,16,obt-collector1,true,2,,static,-536870912,2

2020-02-06 19:04:59.324000+00:00,dr02,sg12,19,obt-collector1,true,1,,connected,-536870912,10

2020-02-06 19:05:49.345000+00:00,dr02,sg12,15,obt-collector1,true,2,,static,-536870912,10

2020-02-06 19:05:49.347000+00:00,dr02,sg12,16,obt-collector1,true,1,,connected,-536870912,2

2020-02-06 19:05:49.347000+00:00,dr02,sg12,16,obt-collector1,true,2,,static,-536870912,2

2020-02-06 19:05:49.353000+00:00,dr02,sg12,19,obt-collector1,true,1,,connected,-536870912,10

2020-02-06 19:06:30.342000+00:00,dr02,sg12,15,obt-collector1,true,2,,static,-536870912,10

2020-02-06 19:06:30.345000+00:00,dr02,sg12,16,obt-collector1,true,1,,connected,-536870912,2

2020-02-06 19:06:30.345000+00:00,dr02,sg12,16,obt-collector1,true,2,,static,-536870912,2

2020-02-06 19:06:30.351000+00:00,dr02,sg12,19,obt-collector1,true,1,,connected,-536870912,10

2020-02-06 19:07:06.018000+00:00,dr02,sg12,15,obt-collector1,true,2,,static,-536870912,10

2020-02-06 19:07:06.021000+00:00,dr02,sg12,16,obt-collector1,true,1,,connected,-536870912,2

2020-02-06 19:07:06.021000+00:00,dr02,sg12,16,obt-collector1,true,2,,static,-536870912,2

2020-02-06 19:07:06.026000+00:00,dr02,sg12,19,obt-collector1,true,1,,connected,-536870912,10

2020-02-06 19:07:14.211000+00:00,dr02,sg12,15,obt-collector1,true,2,,static,-536870912,10

2020-02-06 19:07:14.214000+00:00,dr02,sg12,16,obt-collector1,true,1,,connected,-536870912,2

2020-02-06 19:07:14.214000+00:00,dr02,sg12,16,obt-collector1,true,2,,static,-536870912,2

2020-02-06 19:07:14.220000+00:00,dr02,sg12,19,obt-collector1,true,1,,connected,-536870912,10

2020-02-06 19:07:38.876000+00:00,dr02,sg12,15,obt-collector1,true,2,,static,-536870912,10

2020-02-06 19:07:38.879000+00:00,dr02,sg12,16,obt-collector1,true,1,,connected,-536870912,2

2020-02-06 19:07:38.879000+00:00,dr02,sg12,16,obt-collector1,true,2,,static,-536870912,2

2020-02-06 19:07:38.885000+00:00,dr02,sg12,19,obt-collector1,true,1,,connected,-536870912,10

2020-02-06 19:07:49.031000+00:00,dr02,sg12,15,obt-collector1,true,2,,static,-536870912,10

2020-02-06 19:07:49.034000+00:00,dr02,sg12,16,obt-collector1,true,1,,connected,-536870912,2

2020-02-06 19:07:49.034000+00:00,dr02,sg12,16,obt-collector1,true,2,,static,-536870912,2

2020-02-06 19:07:49.039000+00:00,dr02,sg12,19,obt-collector1,true,1,,connected,-536870912,10

2020-02-06 19:07:57.260000+00:00,dr02,sg12,15,obt-collector1,true,2,,static,-536870912,10

2020-02-06 19:07:57.263000+00:00,dr02,sg12,16,obt-collector1,true,1,,connected,-536870912,2

2020-02-06 19:07:57.263000+00:00,dr02,sg12,16,obt-collector1,true,2,,static,-536870912,2

2020-02-06 19:07:57.269000+00:00,dr02,sg12,19,obt-collector1,true,1,,connected,-536870912,10

2020-02-06 19:08:05.411000+00:00,dr02,sg12,15,obt-collector1,true,2,,static,-536870912,10

2020-02-06 19:08:05.414000+00:00,dr02,sg12,16,obt-collector1,true,1,,connected,-536870912,2

2020-02-06 19:08:05.414000+00:00,dr02,sg12,16,obt-collector1,true,2,,static,-536870912,2

2020-02-06 19:08:05.420000+00:00,dr02,sg12,19,obt-collector1,true,1,,connected,-536870912,10

