,Producer,Target,common-info/count,host,node-name,total-counters/array-number-of-object/num-objects,total-counters/array-number-of-object/object-type,total-counters/array-number-of-retry/num-retries,total-counters/array-number-of-retry/retry-object-type,total-counters/num-retry-ojbects,total-counters/num-retry-timeouts

2020-02-06 18:55:12.945000+00:00,dr02,sg4,0,obt-collector1,0/0/CPU0,0,DATA_TYPE_ENCAP_ID,0,,0,448

2020-02-06 18:55:12.948000+00:00,dr02,sg4,0,obt-collector1,0/1/CPU0,0,DATA_TYPE_ENCAP_ID,0,,0,176

2020-02-06 18:55:12.950000+00:00,dr02,sg4,0,obt-collector1,0/RP0/CPU0,0,DATA_TYPE_ENCAP_ID,0,,0,1438

2020-02-06 18:55:55.804000+00:00,dr02,sg4,0,obt-collector1,0/0/CPU0,0,DATA_TYPE_ENCAP_ID,0,,0,448

2020-02-06 18:55:55.807000+00:00,dr02,sg4,0,obt-collector1,0/1/CPU0,0,DATA_TYPE_ENCAP_ID,0,,0,176

2020-02-06 18:55:55.812000+00:00,dr02,sg4,0,obt-collector1,0/RP0/CPU0,0,DATA_TYPE_ENCAP_ID,0,,0,1438

2020-02-06 18:56:04.001000+00:00,dr02,sg4,0,obt-collector1,0/0/CPU0,0,DATA_TYPE_ENCAP_ID,0,,0,448

2020-02-06 18:56:04.004000+00:00,dr02,sg4,0,obt-collector1,0/1/CPU0,0,DATA_TYPE_ENCAP_ID,0,,0,176

2020-02-06 18:56:04.006000+00:00,dr02,sg4,0,obt-collector1,0/RP0/CPU0,0,DATA_TYPE_ENCAP_ID,0,,0,1438

2020-02-06 18:56:12.357000+00:00,dr02,sg4,0,obt-collector1,0/0/CPU0,0,DATA_TYPE_ENCAP_ID,0,,0,448

2020-02-06 18:56:12.360000+00:00,dr02,sg4,0,obt-collector1,0/1/CPU0,0,DATA_TYPE_ENCAP_ID,0,,0,176

2020-02-06 18:56:12.362000+00:00,dr02,sg4,0,obt-collector1,0/RP0/CPU0,0,DATA_TYPE_ENCAP_ID,0,,0,1438

2020-02-06 18:57:01.985000+00:00,dr02,sg4,0,obt-collector1,0/0/CPU0,0,DATA_TYPE_ENCAP_ID,0,,0,448

2020-02-06 18:57:01.988000+00:00,dr02,sg4,0,obt-collector1,0/1/CPU0,0,DATA_TYPE_ENCAP_ID,0,,0,176

2020-02-06 18:57:01.990000+00:00,dr02,sg4,0,obt-collector1,0/RP0/CPU0,0,DATA_TYPE_ENCAP_ID,0,,0,1438

2020-02-06 18:57:18.388000+00:00,dr02,sg4,0,obt-collector1,0/0/CPU0,0,DATA_TYPE_ENCAP_ID,0,,0,448

2020-02-06 18:57:18.391000+00:00,dr02,sg4,0,obt-collector1,0/1/CPU0,0,DATA_TYPE_ENCAP_ID,0,,0,176

2020-02-06 18:57:18.393000+00:00,dr02,sg4,0,obt-collector1,0/RP0/CPU0,0,DATA_TYPE_ENCAP_ID,0,,0,1438

2020-02-06 18:57:28.559000+00:00,dr02,sg4,0,obt-collector1,0/0/CPU0,0,DATA_TYPE_ENCAP_ID,0,,0,448

2020-02-06 18:57:28.562000+00:00,dr02,sg4,0,obt-collector1,0/1/CPU0,0,DATA_TYPE_ENCAP_ID,0,,0,176

2020-02-06 18:57:28.564000+00:00,dr02,sg4,0,obt-collector1,0/RP0/CPU0,0,DATA_TYPE_ENCAP_ID,0,,0,1438

2020-02-06 18:58:01.504000+00:00,dr02,sg4,0,obt-collector1,0/0/CPU0,0,DATA_TYPE_ENCAP_ID,0,,0,448

2020-02-06 18:58:01.507000+00:00,dr02,sg4,0,obt-collector1,0/1/CPU0,0,DATA_TYPE_ENCAP_ID,0,,0,176

2020-02-06 18:58:01.510000+00:00,dr02,sg4,0,obt-collector1,0/RP0/CPU0,0,DATA_TYPE_ENCAP_ID,0,,0,1438

2020-02-06 18:58:09.786000+00:00,dr02,sg4,0,obt-collector1,0/0/CPU0,0,DATA_TYPE_ENCAP_ID,0,,0,448

2020-02-06 18:58:09.789000+00:00,dr02,sg4,0,obt-collector1,0/1/CPU0,0,DATA_TYPE_ENCAP_ID,0,,0,176

2020-02-06 18:58:09.791000+00:00,dr02,sg4,0,obt-collector1,0/RP0/CPU0,0,DATA_TYPE_ENCAP_ID,0,,0,1438

2020-02-06 18:58:36.383000+00:00,dr02,sg4,0,obt-collector1,0/0/CPU0,0,DATA_TYPE_ENCAP_ID,0,,0,448

2020-02-06 18:58:36.387000+00:00,dr02,sg4,0,obt-collector1,0/1/CPU0,0,DATA_TYPE_ENCAP_ID,0,,0,176

2020-02-06 18:58:36.389000+00:00,dr02,sg4,0,obt-collector1,0/RP0/CPU0,0,DATA_TYPE_ENCAP_ID,0,,0,1438

2020-02-06 18:58:53.087000+00:00,dr02,sg4,0,obt-collector1,0/0/CPU0,0,DATA_TYPE_ENCAP_ID,0,,0,448

2020-02-06 18:58:53.091000+00:00,dr02,sg4,0,obt-collector1,0/1/CPU0,0,DATA_TYPE_ENCAP_ID,0,,0,176

2020-02-06 18:58:53.093000+00:00,dr02,sg4,0,obt-collector1,0/RP0/CPU0,0,DATA_TYPE_ENCAP_ID,0,,0,1438

2020-02-06 18:59:17.621000+00:00,dr02,sg4,0,obt-collector1,0/0/CPU0,0,DATA_TYPE_ENCAP_ID,0,,0,448

2020-02-06 18:59:17.624000+00:00,dr02,sg4,0,obt-collector1,0/1/CPU0,0,DATA_TYPE_ENCAP_ID,0,,0,176

2020-02-06 18:59:17.626000+00:00,dr02,sg4,0,obt-collector1,0/RP0/CPU0,0,DATA_TYPE_ENCAP_ID,0,,0,1438

2020-02-06 18:59:25.747000+00:00,dr02,sg4,0,obt-collector1,0/0/CPU0,0,DATA_TYPE_ENCAP_ID,0,,0,448

2020-02-06 18:59:25.749000+00:00,dr02,sg4,0,obt-collector1,0/1/CPU0,0,DATA_TYPE_ENCAP_ID,0,,0,176

2020-02-06 18:59:25.751000+00:00,dr02,sg4,0,obt-collector1,0/RP0/CPU0,0,DATA_TYPE_ENCAP_ID,0,,0,1438

2020-02-06 18:59:34.690000+00:00,dr02,sg4,0,obt-collector1,0/0/CPU0,0,DATA_TYPE_ENCAP_ID,0,,0,448

2020-02-06 18:59:34.693000+00:00,dr02,sg4,0,obt-collector1,0/1/CPU0,0,DATA_TYPE_ENCAP_ID,0,,0,176

2020-02-06 18:59:34.695000+00:00,dr02,sg4,0,obt-collector1,0/RP0/CPU0,0,DATA_TYPE_ENCAP_ID,0,,0,1438

2020-02-06 18:59:51.384000+00:00,dr02,sg4,0,obt-collector1,0/0/CPU0,0,DATA_TYPE_ENCAP_ID,0,,0,448

2020-02-06 18:59:51.387000+00:00,dr02,sg4,0,obt-collector1,0/1/CPU0,0,DATA_TYPE_ENCAP_ID,0,,0,176

2020-02-06 18:59:51.389000+00:00,dr02,sg4,0,obt-collector1,0/RP0/CPU0,0,DATA_TYPE_ENCAP_ID,0,,0,1438

2020-02-06 19:00:16.084000+00:00,dr02,sg4,0,obt-collector1,0/0/CPU0,0,DATA_TYPE_ENCAP_ID,0,,0,448

2020-02-06 19:00:16.087000+00:00,dr02,sg4,0,obt-collector1,0/1/CPU0,0,DATA_TYPE_ENCAP_ID,0,,0,176

2020-02-06 19:00:16.089000+00:00,dr02,sg4,0,obt-collector1,0/RP0/CPU0,0,DATA_TYPE_ENCAP_ID,0,,0,1438

2020-02-06 19:00:34.460000+00:00,dr02,sg4,0,obt-collector1,0/0/CPU0,0,DATA_TYPE_ENCAP_ID,0,,0,448

2020-02-06 19:00:34.463000+00:00,dr02,sg4,0,obt-collector1,0/1/CPU0,0,DATA_TYPE_ENCAP_ID,0,,0,176

2020-02-06 19:00:34.465000+00:00,dr02,sg4,0,obt-collector1,0/RP0/CPU0,0,DATA_TYPE_ENCAP_ID,0,,0,1438

2020-02-06 19:00:51.087000+00:00,dr02,sg4,0,obt-collector1,0/0/CPU0,0,DATA_TYPE_ENCAP_ID,0,,0,448

2020-02-06 19:00:51.090000+00:00,dr02,sg4,0,obt-collector1,0/1/CPU0,0,DATA_TYPE_ENCAP_ID,0,,0,176

2020-02-06 19:00:51.092000+00:00,dr02,sg4,0,obt-collector1,0/RP0/CPU0,0,DATA_TYPE_ENCAP_ID,0,,0,1438

2020-02-06 19:00:59.342000+00:00,dr02,sg4,0,obt-collector1,0/0/CPU0,0,DATA_TYPE_ENCAP_ID,0,,0,448

2020-02-06 19:00:59.345000+00:00,dr02,sg4,0,obt-collector1,0/1/CPU0,0,DATA_TYPE_ENCAP_ID,0,,0,176

2020-02-06 19:00:59.348000+00:00,dr02,sg4,0,obt-collector1,0/RP0/CPU0,0,DATA_TYPE_ENCAP_ID,0,,0,1438

2020-02-06 19:01:15.768000+00:00,dr02,sg4,0,obt-collector1,0/0/CPU0,0,DATA_TYPE_ENCAP_ID,0,,0,448

2020-02-06 19:01:15.772000+00:00,dr02,sg4,0,obt-collector1,0/1/CPU0,0,DATA_TYPE_ENCAP_ID,0,,0,176

2020-02-06 19:01:15.774000+00:00,dr02,sg4,0,obt-collector1,0/RP0/CPU0,0,DATA_TYPE_ENCAP_ID,0,,0,1438

2020-02-06 19:01:59.855000+00:00,dr02,sg4,0,obt-collector1,0/0/CPU0,0,DATA_TYPE_ENCAP_ID,0,,0,448

2020-02-06 19:01:59.858000+00:00,dr02,sg4,0,obt-collector1,0/1/CPU0,0,DATA_TYPE_ENCAP_ID,0,,0,176

2020-02-06 19:01:59.860000+00:00,dr02,sg4,0,obt-collector1,0/RP0/CPU0,0,DATA_TYPE_ENCAP_ID,0,,0,1438

2020-02-06 19:02:24.373000+00:00,dr02,sg4,0,obt-collector1,0/0/CPU0,0,DATA_TYPE_ENCAP_ID,0,,0,448

2020-02-06 19:02:24.377000+00:00,dr02,sg4,0,obt-collector1,0/1/CPU0,0,DATA_TYPE_ENCAP_ID,0,,0,176

2020-02-06 19:02:24.379000+00:00,dr02,sg4,0,obt-collector1,0/RP0/CPU0,0,DATA_TYPE_ENCAP_ID,0,,0,1438

2020-02-06 19:02:32.545000+00:00,dr02,sg4,0,obt-collector1,0/0/CPU0,0,DATA_TYPE_ENCAP_ID,0,,0,448

2020-02-06 19:02:32.548000+00:00,dr02,sg4,0,obt-collector1,0/1/CPU0,0,DATA_TYPE_ENCAP_ID,0,,0,176

2020-02-06 19:02:32.550000+00:00,dr02,sg4,0,obt-collector1,0/RP0/CPU0,0,DATA_TYPE_ENCAP_ID,0,,0,1438

2020-02-06 19:03:22.287000+00:00,dr02,sg4,0,obt-collector1,0/0/CPU0,0,DATA_TYPE_ENCAP_ID,0,,0,448

2020-02-06 19:03:22.291000+00:00,dr02,sg4,0,obt-collector1,0/1/CPU0,0,DATA_TYPE_ENCAP_ID,0,,0,176

2020-02-06 19:03:22.293000+00:00,dr02,sg4,0,obt-collector1,0/RP0/CPU0,0,DATA_TYPE_ENCAP_ID,0,,0,1438

2020-02-06 19:03:57.053000+00:00,dr02,sg4,0,obt-collector1,0/0/CPU0,0,DATA_TYPE_ENCAP_ID,0,,0,448

2020-02-06 19:03:57.056000+00:00,dr02,sg4,0,obt-collector1,0/1/CPU0,0,DATA_TYPE_ENCAP_ID,0,,0,176

2020-02-06 19:03:57.058000+00:00,dr02,sg4,0,obt-collector1,0/RP0/CPU0,0,DATA_TYPE_ENCAP_ID,0,,0,1438

2020-02-06 19:04:05.223000+00:00,dr02,sg4,0,obt-collector1,0/0/CPU0,0,DATA_TYPE_ENCAP_ID,0,,0,448

2020-02-06 19:04:05.226000+00:00,dr02,sg4,0,obt-collector1,0/1/CPU0,0,DATA_TYPE_ENCAP_ID,0,,0,176

2020-02-06 19:04:05.228000+00:00,dr02,sg4,0,obt-collector1,0/RP0/CPU0,0,DATA_TYPE_ENCAP_ID,0,,0,1438

2020-02-06 19:04:21.683000+00:00,dr02,sg4,0,obt-collector1,0/0/CPU0,0,DATA_TYPE_ENCAP_ID,0,,0,448

2020-02-06 19:04:21.686000+00:00,dr02,sg4,0,obt-collector1,0/1/CPU0,0,DATA_TYPE_ENCAP_ID,0,,0,176

2020-02-06 19:04:21.688000+00:00,dr02,sg4,0,obt-collector1,0/RP0/CPU0,0,DATA_TYPE_ENCAP_ID,0,,0,1438

2020-02-06 19:05:05.138000+00:00,dr02,sg4,0,obt-collector1,0/0/CPU0,0,DATA_TYPE_ENCAP_ID,0,,0,448

2020-02-06 19:05:05.141000+00:00,dr02,sg4,0,obt-collector1,0/1/CPU0,0,DATA_TYPE_ENCAP_ID,0,,0,176

2020-02-06 19:05:05.143000+00:00,dr02,sg4,0,obt-collector1,0/RP0/CPU0,0,DATA_TYPE_ENCAP_ID,0,,0,1438

2020-02-06 19:06:55.372000+00:00,dr02,sg4,0,obt-collector1,0/0/CPU0,0,DATA_TYPE_ENCAP_ID,0,,0,448

2020-02-06 19:06:55.376000+00:00,dr02,sg4,0,obt-collector1,0/1/CPU0,0,DATA_TYPE_ENCAP_ID,0,,0,176

2020-02-06 19:06:55.378000+00:00,dr02,sg4,0,obt-collector1,0/RP0/CPU0,0,DATA_TYPE_ENCAP_ID,0,,0,1438

2020-02-06 19:07:11.798000+00:00,dr02,sg4,0,obt-collector1,0/0/CPU0,0,DATA_TYPE_ENCAP_ID,0,,0,448

2020-02-06 19:07:11.801000+00:00,dr02,sg4,0,obt-collector1,0/1/CPU0,0,DATA_TYPE_ENCAP_ID,0,,0,176

2020-02-06 19:07:11.803000+00:00,dr02,sg4,0,obt-collector1,0/RP0/CPU0,0,DATA_TYPE_ENCAP_ID,0,,0,1438

