,EncodingPath,Producer,Target,host,interface-counts__admin-down-interface-count,interface-counts__down-interface-count,interface-counts__interface-count,interface-counts__up-interface-count

2020-02-06 18:54:55.722000+00:00,Cisco-IOS-XR-pfi-im-cmd-oper:interfaces/interface-summary,spine1,,,3,0,39,36

2020-02-06 18:55:07.171000+00:00,Cisco-IOS-XR-pfi-im-cmd-oper:interfaces/interface-summary,spine1,,,3,0,39,36

2020-02-06 18:55:18.615000+00:00,Cisco-IOS-XR-pfi-im-cmd-oper:interfaces/interface-summary,spine1,,,3,0,39,36

2020-02-06 18:55:30.135000+00:00,Cisco-IOS-XR-pfi-im-cmd-oper:interfaces/interface-summary,spine1,,,3,0,39,36

2020-02-06 18:55:41.588000+00:00,Cisco-IOS-XR-pfi-im-cmd-oper:interfaces/interface-summary,spine1,,,3,0,39,36

2020-02-06 18:55:53.065000+00:00,Cisco-IOS-XR-pfi-im-cmd-oper:interfaces/interface-summary,spine1,,,3,0,39,36

2020-02-06 18:56:04.549000+00:00,Cisco-IOS-XR-pfi-im-cmd-oper:interfaces/interface-summary,spine1,,,3,0,39,36

2020-02-06 18:56:16.060000+00:00,Cisco-IOS-XR-pfi-im-cmd-oper:interfaces/interface-summary,spine1,,,3,0,39,36

2020-02-06 18:56:27.531000+00:00,Cisco-IOS-XR-pfi-im-cmd-oper:interfaces/interface-summary,spine1,,,3,0,39,36

2020-02-06 18:56:38.969000+00:00,Cisco-IOS-XR-pfi-im-cmd-oper:interfaces/interface-summary,spine1,,,3,0,39,36

2020-02-06 18:56:50.425000+00:00,Cisco-IOS-XR-pfi-im-cmd-oper:interfaces/interface-summary,spine1,,,3,0,39,36

2020-02-06 18:57:01.853000+00:00,Cisco-IOS-XR-pfi-im-cmd-oper:interfaces/interface-summary,spine1,,,3,0,39,36

2020-02-06 18:57:13.337000+00:00,Cisco-IOS-XR-pfi-im-cmd-oper:interfaces/interface-summary,spine1,,,3,0,39,36

2020-02-06 18:57:24.825000+00:00,Cisco-IOS-XR-pfi-im-cmd-oper:interfaces/interface-summary,spine1,,,3,0,39,36

2020-02-06 18:57:36.264000+00:00,Cisco-IOS-XR-pfi-im-cmd-oper:interfaces/interface-summary,spine1,,,3,0,39,36

2020-02-06 18:57:47.753000+00:00,Cisco-IOS-XR-pfi-im-cmd-oper:interfaces/interface-summary,spine1,,,3,0,39,36

2020-02-06 18:57:59.237000+00:00,Cisco-IOS-XR-pfi-im-cmd-oper:interfaces/interface-summary,spine1,,,3,0,39,36

2020-02-06 18:58:10.694000+00:00,Cisco-IOS-XR-pfi-im-cmd-oper:interfaces/interface-summary,spine1,,,3,0,39,36

2020-02-06 18:58:22.153000+00:00,Cisco-IOS-XR-pfi-im-cmd-oper:interfaces/interface-summary,spine1,,,3,0,39,36

2020-02-06 18:58:33.664000+00:00,Cisco-IOS-XR-pfi-im-cmd-oper:interfaces/interface-summary,spine1,,,3,0,39,36

2020-02-06 18:58:45.182000+00:00,Cisco-IOS-XR-pfi-im-cmd-oper:interfaces/interface-summary,spine1,,,3,0,39,36

2020-02-06 18:58:56.619000+00:00,Cisco-IOS-XR-pfi-im-cmd-oper:interfaces/interface-summary,spine1,,,3,0,39,36

2020-02-06 18:59:08.076000+00:00,Cisco-IOS-XR-pfi-im-cmd-oper:interfaces/interface-summary,spine1,,,3,0,39,36

2020-02-06 18:59:19.564000+00:00,Cisco-IOS-XR-pfi-im-cmd-oper:interfaces/interface-summary,spine1,,,3,0,39,36

2020-02-06 18:59:31.016000+00:00,Cisco-IOS-XR-pfi-im-cmd-oper:interfaces/interface-summary,spine1,,,3,0,39,36

2020-02-06 18:59:42.484000+00:00,Cisco-IOS-XR-pfi-im-cmd-oper:interfaces/interface-summary,spine1,,,3,0,39,36

2020-02-06 18:59:53.989000+00:00,Cisco-IOS-XR-pfi-im-cmd-oper:interfaces/interface-summary,spine1,,,3,0,39,36

2020-02-06 19:00:05.444000+00:00,Cisco-IOS-XR-pfi-im-cmd-oper:interfaces/interface-summary,spine1,,,3,0,39,36

2020-02-06 19:00:16.927000+00:00,Cisco-IOS-XR-pfi-im-cmd-oper:interfaces/interface-summary,spine1,,,3,0,39,36

2020-02-06 19:00:28.412000+00:00,Cisco-IOS-XR-pfi-im-cmd-oper:interfaces/interface-summary,spine1,,,3,0,39,36

2020-02-06 19:00:39.905000+00:00,Cisco-IOS-XR-pfi-im-cmd-oper:interfaces/interface-summary,spine1,,,3,0,39,36

2020-02-06 19:00:51.375000+00:00,Cisco-IOS-XR-pfi-im-cmd-oper:interfaces/interface-summary,spine1,,,3,0,39,36

2020-02-06 19:01:02.840000+00:00,Cisco-IOS-XR-pfi-im-cmd-oper:interfaces/interface-summary,spine1,,,3,0,39,36

2020-02-06 19:01:14.355000+00:00,Cisco-IOS-XR-pfi-im-cmd-oper:interfaces/interface-summary,spine1,,,3,0,39,36

2020-02-06 19:01:25.851000+00:00,Cisco-IOS-XR-pfi-im-cmd-oper:interfaces/interface-summary,spine1,,,3,0,39,36

2020-02-06 19:01:37.301000+00:00,Cisco-IOS-XR-pfi-im-cmd-oper:interfaces/interface-summary,spine1,,,3,0,39,36

2020-02-06 19:01:48.783000+00:00,Cisco-IOS-XR-pfi-im-cmd-oper:interfaces/interface-summary,spine1,,,3,0,39,36

2020-02-06 19:02:00.259000+00:00,Cisco-IOS-XR-pfi-im-cmd-oper:interfaces/interface-summary,spine1,,,3,0,39,36

2020-02-06 19:02:11.706000+00:00,Cisco-IOS-XR-pfi-im-cmd-oper:interfaces/interface-summary,spine1,,,3,0,39,36

2020-02-06 19:02:23.196000+00:00,Cisco-IOS-XR-pfi-im-cmd-oper:interfaces/interface-summary,spine1,,,3,0,39,36

2020-02-06 19:02:34.635000+00:00,Cisco-IOS-XR-pfi-im-cmd-oper:interfaces/interface-summary,spine1,,,3,0,39,36

2020-02-06 19:02:46.107000+00:00,Cisco-IOS-XR-pfi-im-cmd-oper:interfaces/interface-summary,spine1,,,3,0,39,36

2020-02-06 19:02:57.569000+00:00,Cisco-IOS-XR-pfi-im-cmd-oper:interfaces/interface-summary,spine1,,,3,0,39,36

2020-02-06 19:03:09.012000+00:00,Cisco-IOS-XR-pfi-im-cmd-oper:interfaces/interface-summary,spine1,,,3,0,39,36

2020-02-06 19:03:20.493000+00:00,Cisco-IOS-XR-pfi-im-cmd-oper:interfaces/interface-summary,spine1,,,3,0,39,36

2020-02-06 19:03:31.933000+00:00,Cisco-IOS-XR-pfi-im-cmd-oper:interfaces/interface-summary,spine1,,,3,0,39,36

2020-02-06 19:03:43.411000+00:00,Cisco-IOS-XR-pfi-im-cmd-oper:interfaces/interface-summary,spine1,,,3,0,39,36

2020-02-06 19:03:54.869000+00:00,Cisco-IOS-XR-pfi-im-cmd-oper:interfaces/interface-summary,spine1,,,3,0,39,36

2020-02-06 19:04:06.314000+00:00,Cisco-IOS-XR-pfi-im-cmd-oper:interfaces/interface-summary,spine1,,,3,0,39,36

2020-02-06 19:04:17.783000+00:00,Cisco-IOS-XR-pfi-im-cmd-oper:interfaces/interface-summary,spine1,,,3,0,39,36

2020-02-06 19:04:29.236000+00:00,Cisco-IOS-XR-pfi-im-cmd-oper:interfaces/interface-summary,spine1,,,3,0,39,36

2020-02-06 19:04:40.709000+00:00,Cisco-IOS-XR-pfi-im-cmd-oper:interfaces/interface-summary,spine1,,,3,0,39,36

2020-02-06 19:04:52.184000+00:00,Cisco-IOS-XR-pfi-im-cmd-oper:interfaces/interface-summary,spine1,,,3,0,39,36

2020-02-06 19:05:03.645000+00:00,Cisco-IOS-XR-pfi-im-cmd-oper:interfaces/interface-summary,spine1,,,3,0,39,36

2020-02-06 19:05:15.093000+00:00,Cisco-IOS-XR-pfi-im-cmd-oper:interfaces/interface-summary,spine1,,,3,0,39,36

2020-02-06 19:05:26.574000+00:00,Cisco-IOS-XR-pfi-im-cmd-oper:interfaces/interface-summary,spine1,,,3,0,39,36

2020-02-06 19:05:38.050000+00:00,Cisco-IOS-XR-pfi-im-cmd-oper:interfaces/interface-summary,spine1,,,3,0,39,36

2020-02-06 19:05:49.506000+00:00,Cisco-IOS-XR-pfi-im-cmd-oper:interfaces/interface-summary,spine1,,,3,0,39,36

2020-02-06 19:06:00.961000+00:00,Cisco-IOS-XR-pfi-im-cmd-oper:interfaces/interface-summary,spine1,,,3,0,39,36

2020-02-06 19:06:12.426000+00:00,Cisco-IOS-XR-pfi-im-cmd-oper:interfaces/interface-summary,spine1,,,3,0,39,36

2020-02-06 19:06:23.885000+00:00,Cisco-IOS-XR-pfi-im-cmd-oper:interfaces/interface-summary,spine1,,,3,0,39,36

2020-02-06 19:06:35.315000+00:00,Cisco-IOS-XR-pfi-im-cmd-oper:interfaces/interface-summary,spine1,,,3,0,39,36

2020-02-06 19:06:46.758000+00:00,Cisco-IOS-XR-pfi-im-cmd-oper:interfaces/interface-summary,spine1,,,3,0,39,36

2020-02-06 19:06:58.202000+00:00,Cisco-IOS-XR-pfi-im-cmd-oper:interfaces/interface-summary,spine1,,,3,0,39,36

2020-02-06 19:07:09.679000+00:00,Cisco-IOS-XR-pfi-im-cmd-oper:interfaces/interface-summary,spine1,,,3,0,39,36

2020-02-06 19:07:21.152000+00:00,Cisco-IOS-XR-pfi-im-cmd-oper:interfaces/interface-summary,spine1,,,3,0,39,36

2020-02-06 19:07:32.623000+00:00,Cisco-IOS-XR-pfi-im-cmd-oper:interfaces/interface-summary,spine1,,,3,0,39,36

2020-02-06 19:07:44.084000+00:00,Cisco-IOS-XR-pfi-im-cmd-oper:interfaces/interface-summary,spine1,,,3,0,39,36

2020-02-06 19:07:55.586000+00:00,Cisco-IOS-XR-pfi-im-cmd-oper:interfaces/interface-summary,spine1,,,3,0,39,36

2020-02-06 19:08:07.029000+00:00,Cisco-IOS-XR-pfi-im-cmd-oper:interfaces/interface-summary,spine1,,,3,0,39,36

