,EncodingPath,Producer,acl-in-rpf-packets,checksum-error-packets,df-unreachable-packets,discard-packets,encapsulation-failure-packets,fragmenation-consumed-packets,fragmenation-failure-packets,gre-error-drop,gre-lookup-failed-drop,incomplete-adjacency-packets,lisp-decap-error-drops,lisp-encap-error-drops,lisp-punt-drops,mpls-disabled-interface,multi-label-drops,no-route-packets,node-name,null-packets,punt-unreachable-packets,rp-destination-drop-packets,rpf-check-failure-packets,total-number-of-drop-packets,unresolved-prefix-packets,unsupported-feature-packets

2020-02-06 18:54:58.390000+00:00,Cisco-IOS-XR-fib-common-oper:fib-statistics/nodes/node/drops,spine1,0,0,0,0,0,0,0,0,0,3741,0,0,0,0,0,399,0/0/CPU0,0,0,0,0,0,0,0

2020-02-06 18:54:58.392000+00:00,Cisco-IOS-XR-fib-common-oper:fib-statistics/nodes/node/drops,spine1,0,0,0,0,0,0,0,0,0,0,0,0,0,0,0,0,0/RP0/CPU0,0,0,0,0,0,0,0

2020-02-06 18:55:08.401000+00:00,Cisco-IOS-XR-fib-common-oper:fib-statistics/nodes/node/drops,spine1,0,0,0,0,0,0,0,0,0,3741,0,0,0,0,0,399,0/0/CPU0,0,0,0,0,0,0,0

2020-02-06 18:55:08.402000+00:00,Cisco-IOS-XR-fib-common-oper:fib-statistics/nodes/node/drops,spine1,0,0,0,0,0,0,0,0,0,0,0,0,0,0,0,0,0/RP0/CPU0,0,0,0,0,0,0,0

2020-02-06 18:55:19.496000+00:00,Cisco-IOS-XR-fib-common-oper:fib-statistics/nodes/node/drops,spine1,0,0,0,0,0,0,0,0,0,3741,0,0,0,0,0,399,0/0/CPU0,0,0,0,0,0,0,0

2020-02-06 18:55:19.497000+00:00,Cisco-IOS-XR-fib-common-oper:fib-statistics/nodes/node/drops,spine1,0,0,0,0,0,0,0,0,0,0,0,0,0,0,0,0,0/RP0/CPU0,0,0,0,0,0,0,0

2020-02-06 18:55:30.984000+00:00,Cisco-IOS-XR-fib-common-oper:fib-statistics/nodes/node/drops,spine1,0,0,0,0,0,0,0,0,0,3741,0,0,0,0,0,399,0/0/CPU0,0,0,0,0,0,0,0

2020-02-06 18:55:30.986000+00:00,Cisco-IOS-XR-fib-common-oper:fib-statistics/nodes/node/drops,spine1,0,0,0,0,0,0,0,0,0,0,0,0,0,0,0,0,0/RP0/CPU0,0,0,0,0,0,0,0

2020-02-06 18:55:42.581000+00:00,Cisco-IOS-XR-fib-common-oper:fib-statistics/nodes/node/drops,spine1,0,0,0,0,0,0,0,0,0,3741,0,0,0,0,0,399,0/0/CPU0,0,0,0,0,0,0,0

2020-02-06 18:55:42.583000+00:00,Cisco-IOS-XR-fib-common-oper:fib-statistics/nodes/node/drops,spine1,0,0,0,0,0,0,0,0,0,0,0,0,0,0,0,0,0/RP0/CPU0,0,0,0,0,0,0,0

2020-02-06 18:55:54.207000+00:00,Cisco-IOS-XR-fib-common-oper:fib-statistics/nodes/node/drops,spine1,0,0,0,0,0,0,0,0,0,3741,0,0,0,0,0,399,0/0/CPU0,0,0,0,0,0,0,0

2020-02-06 18:55:54.209000+00:00,Cisco-IOS-XR-fib-common-oper:fib-statistics/nodes/node/drops,spine1,0,0,0,0,0,0,0,0,0,0,0,0,0,0,0,0,0/RP0/CPU0,0,0,0,0,0,0,0

2020-02-06 18:56:05.389000+00:00,Cisco-IOS-XR-fib-common-oper:fib-statistics/nodes/node/drops,spine1,0,0,0,0,0,0,0,0,0,3741,0,0,0,0,0,399,0/0/CPU0,0,0,0,0,0,0,0

2020-02-06 18:56:05.390000+00:00,Cisco-IOS-XR-fib-common-oper:fib-statistics/nodes/node/drops,spine1,0,0,0,0,0,0,0,0,0,0,0,0,0,0,0,0,0/RP0/CPU0,0,0,0,0,0,0,0

2020-02-06 18:56:16.914000+00:00,Cisco-IOS-XR-fib-common-oper:fib-statistics/nodes/node/drops,spine1,0,0,0,0,0,0,0,0,0,3741,0,0,0,0,0,399,0/0/CPU0,0,0,0,0,0,0,0

2020-02-06 18:56:16.915000+00:00,Cisco-IOS-XR-fib-common-oper:fib-statistics/nodes/node/drops,spine1,0,0,0,0,0,0,0,0,0,0,0,0,0,0,0,0,0/RP0/CPU0,0,0,0,0,0,0,0

2020-02-06 18:56:28.388000+00:00,Cisco-IOS-XR-fib-common-oper:fib-statistics/nodes/node/drops,spine1,0,0,0,0,0,0,0,0,0,3741,0,0,0,0,0,399,0/0/CPU0,0,0,0,0,0,0,0

2020-02-06 18:56:28.389000+00:00,Cisco-IOS-XR-fib-common-oper:fib-statistics/nodes/node/drops,spine1,0,0,0,0,0,0,0,0,0,0,0,0,0,0,0,0,0/RP0/CPU0,0,0,0,0,0,0,0

2020-02-06 18:56:39.930000+00:00,Cisco-IOS-XR-fib-common-oper:fib-statistics/nodes/node/drops,spine1,0,0,0,0,0,0,0,0,0,3741,0,0,0,0,0,399,0/0/CPU0,0,0,0,0,0,0,0

2020-02-06 18:56:39.931000+00:00,Cisco-IOS-XR-fib-common-oper:fib-statistics/nodes/node/drops,spine1,0,0,0,0,0,0,0,0,0,0,0,0,0,0,0,0,0/RP0/CPU0,0,0,0,0,0,0,0

2020-02-06 18:56:51.549000+00:00,Cisco-IOS-XR-fib-common-oper:fib-statistics/nodes/node/drops,spine1,0,0,0,0,0,0,0,0,0,3741,0,0,0,0,0,399,0/0/CPU0,0,0,0,0,0,0,0

2020-02-06 18:56:51.550000+00:00,Cisco-IOS-XR-fib-common-oper:fib-statistics/nodes/node/drops,spine1,0,0,0,0,0,0,0,0,0,0,0,0,0,0,0,0,0/RP0/CPU0,0,0,0,0,0,0,0

2020-02-06 18:57:02.705000+00:00,Cisco-IOS-XR-fib-common-oper:fib-statistics/nodes/node/drops,spine1,0,0,0,0,0,0,0,0,0,3741,0,0,0,0,0,399,0/0/CPU0,0,0,0,0,0,0,0

2020-02-06 18:57:02.706000+00:00,Cisco-IOS-XR-fib-common-oper:fib-statistics/nodes/node/drops,spine1,0,0,0,0,0,0,0,0,0,0,0,0,0,0,0,0,0/RP0/CPU0,0,0,0,0,0,0,0

2020-02-06 18:57:14.186000+00:00,Cisco-IOS-XR-fib-common-oper:fib-statistics/nodes/node/drops,spine1,0,0,0,0,0,0,0,0,0,3741,0,0,0,0,0,399,0/0/CPU0,0,0,0,0,0,0,0

2020-02-06 18:57:14.187000+00:00,Cisco-IOS-XR-fib-common-oper:fib-statistics/nodes/node/drops,spine1,0,0,0,0,0,0,0,0,0,0,0,0,0,0,0,0,0/RP0/CPU0,0,0,0,0,0,0,0

2020-02-06 18:57:25.656000+00:00,Cisco-IOS-XR-fib-common-oper:fib-statistics/nodes/node/drops,spine1,0,0,0,0,0,0,0,0,0,3741,0,0,0,0,0,399,0/0/CPU0,0,0,0,0,0,0,0

2020-02-06 18:57:25.658000+00:00,Cisco-IOS-XR-fib-common-oper:fib-statistics/nodes/node/drops,spine1,0,0,0,0,0,0,0,0,0,0,0,0,0,0,0,0,0/RP0/CPU0,0,0,0,0,0,0,0

2020-02-06 18:57:37.339000+00:00,Cisco-IOS-XR-fib-common-oper:fib-statistics/nodes/node/drops,spine1,0,0,0,0,0,0,0,0,0,3741,0,0,0,0,0,399,0/0/CPU0,0,0,0,0,0,0,0

2020-02-06 18:57:37.340000+00:00,Cisco-IOS-XR-fib-common-oper:fib-statistics/nodes/node/drops,spine1,0,0,0,0,0,0,0,0,0,0,0,0,0,0,0,0,0/RP0/CPU0,0,0,0,0,0,0,0

2020-02-06 18:57:48.915000+00:00,Cisco-IOS-XR-fib-common-oper:fib-statistics/nodes/node/drops,spine1,0,0,0,0,0,0,0,0,0,3741,0,0,0,0,0,399,0/0/CPU0,0,0,0,0,0,0,0

2020-02-06 18:57:48.917000+00:00,Cisco-IOS-XR-fib-common-oper:fib-statistics/nodes/node/drops,spine1,0,0,0,0,0,0,0,0,0,0,0,0,0,0,0,0,0/RP0/CPU0,0,0,0,0,0,0,0

2020-02-06 18:58:00.144000+00:00,Cisco-IOS-XR-fib-common-oper:fib-statistics/nodes/node/drops,spine1,0,0,0,0,0,0,0,0,0,3741,0,0,0,0,0,399,0/0/CPU0,0,0,0,0,0,0,0

2020-02-06 18:58:00.145000+00:00,Cisco-IOS-XR-fib-common-oper:fib-statistics/nodes/node/drops,spine1,0,0,0,0,0,0,0,0,0,0,0,0,0,0,0,0,0/RP0/CPU0,0,0,0,0,0,0,0

2020-02-06 18:58:11.539000+00:00,Cisco-IOS-XR-fib-common-oper:fib-statistics/nodes/node/drops,spine1,0,0,0,0,0,0,0,0,0,3741,0,0,0,0,0,399,0/0/CPU0,0,0,0,0,0,0,0

2020-02-06 18:58:11.540000+00:00,Cisco-IOS-XR-fib-common-oper:fib-statistics/nodes/node/drops,spine1,0,0,0,0,0,0,0,0,0,0,0,0,0,0,0,0,0/RP0/CPU0,0,0,0,0,0,0,0

2020-02-06 18:58:22.999000+00:00,Cisco-IOS-XR-fib-common-oper:fib-statistics/nodes/node/drops,spine1,0,0,0,0,0,0,0,0,0,3741,0,0,0,0,0,399,0/0/CPU0,0,0,0,0,0,0,0

2020-02-06 18:58:23+00:00,Cisco-IOS-XR-fib-common-oper:fib-statistics/nodes/node/drops,spine1,0,0,0,0,0,0,0,0,0,0,0,0,0,0,0,0,0/RP0/CPU0,0,0,0,0,0,0,0

2020-02-06 18:58:34.617000+00:00,Cisco-IOS-XR-fib-common-oper:fib-statistics/nodes/node/drops,spine1,0,0,0,0,0,0,0,0,0,3741,0,0,0,0,0,399,0/0/CPU0,0,0,0,0,0,0,0

2020-02-06 18:58:34.618000+00:00,Cisco-IOS-XR-fib-common-oper:fib-statistics/nodes/node/drops,spine1,0,0,0,0,0,0,0,0,0,0,0,0,0,0,0,0,0/RP0/CPU0,0,0,0,0,0,0,0

2020-02-06 18:58:46.426000+00:00,Cisco-IOS-XR-fib-common-oper:fib-statistics/nodes/node/drops,spine1,0,0,0,0,0,0,0,0,0,3741,0,0,0,0,0,399,0/0/CPU0,0,0,0,0,0,0,0

2020-02-06 18:58:46.428000+00:00,Cisco-IOS-XR-fib-common-oper:fib-statistics/nodes/node/drops,spine1,0,0,0,0,0,0,0,0,0,0,0,0,0,0,0,0,0/RP0/CPU0,0,0,0,0,0,0,0

2020-02-06 18:58:57.504000+00:00,Cisco-IOS-XR-fib-common-oper:fib-statistics/nodes/node/drops,spine1,0,0,0,0,0,0,0,0,0,3741,0,0,0,0,0,399,0/0/CPU0,0,0,0,0,0,0,0

2020-02-06 18:58:57.505000+00:00,Cisco-IOS-XR-fib-common-oper:fib-statistics/nodes/node/drops,spine1,0,0,0,0,0,0,0,0,0,0,0,0,0,0,0,0,0/RP0/CPU0,0,0,0,0,0,0,0

2020-02-06 18:59:08.944000+00:00,Cisco-IOS-XR-fib-common-oper:fib-statistics/nodes/node/drops,spine1,0,0,0,0,0,0,0,0,0,3741,0,0,0,0,0,399,0/0/CPU0,0,0,0,0,0,0,0

2020-02-06 18:59:08.946000+00:00,Cisco-IOS-XR-fib-common-oper:fib-statistics/nodes/node/drops,spine1,0,0,0,0,0,0,0,0,0,0,0,0,0,0,0,0,0/RP0/CPU0,0,0,0,0,0,0,0

2020-02-06 18:59:20.424000+00:00,Cisco-IOS-XR-fib-common-oper:fib-statistics/nodes/node/drops,spine1,0,0,0,0,0,0,0,0,0,3741,0,0,0,0,0,399,0/0/CPU0,0,0,0,0,0,0,0

2020-02-06 18:59:20.425000+00:00,Cisco-IOS-XR-fib-common-oper:fib-statistics/nodes/node/drops,spine1,0,0,0,0,0,0,0,0,0,0,0,0,0,0,0,0,0/RP0/CPU0,0,0,0,0,0,0,0

2020-02-06 18:59:31.960000+00:00,Cisco-IOS-XR-fib-common-oper:fib-statistics/nodes/node/drops,spine1,0,0,0,0,0,0,0,0,0,3741,0,0,0,0,0,399,0/0/CPU0,0,0,0,0,0,0,0

2020-02-06 18:59:31.962000+00:00,Cisco-IOS-XR-fib-common-oper:fib-statistics/nodes/node/drops,spine1,0,0,0,0,0,0,0,0,0,0,0,0,0,0,0,0,0/RP0/CPU0,0,0,0,0,0,0,0

2020-02-06 18:59:43.746000+00:00,Cisco-IOS-XR-fib-common-oper:fib-statistics/nodes/node/drops,spine1,0,0,0,0,0,0,0,0,0,3741,0,0,0,0,0,399,0/0/CPU0,0,0,0,0,0,0,0

2020-02-06 18:59:43.748000+00:00,Cisco-IOS-XR-fib-common-oper:fib-statistics/nodes/node/drops,spine1,0,0,0,0,0,0,0,0,0,0,0,0,0,0,0,0,0/RP0/CPU0,0,0,0,0,0,0,0

2020-02-06 18:59:54.845000+00:00,Cisco-IOS-XR-fib-common-oper:fib-statistics/nodes/node/drops,spine1,0,0,0,0,0,0,0,0,0,3741,0,0,0,0,0,399,0/0/CPU0,0,0,0,0,0,0,0

2020-02-06 18:59:54.846000+00:00,Cisco-IOS-XR-fib-common-oper:fib-statistics/nodes/node/drops,spine1,0,0,0,0,0,0,0,0,0,0,0,0,0,0,0,0,0/RP0/CPU0,0,0,0,0,0,0,0

2020-02-06 19:00:06.293000+00:00,Cisco-IOS-XR-fib-common-oper:fib-statistics/nodes/node/drops,spine1,0,0,0,0,0,0,0,0,0,3741,0,0,0,0,0,399,0/0/CPU0,0,0,0,0,0,0,0

2020-02-06 19:00:06.294000+00:00,Cisco-IOS-XR-fib-common-oper:fib-statistics/nodes/node/drops,spine1,0,0,0,0,0,0,0,0,0,0,0,0,0,0,0,0,0/RP0/CPU0,0,0,0,0,0,0,0

2020-02-06 19:00:17.786000+00:00,Cisco-IOS-XR-fib-common-oper:fib-statistics/nodes/node/drops,spine1,0,0,0,0,0,0,0,0,0,3741,0,0,0,0,0,399,0/0/CPU0,0,0,0,0,0,0,0

2020-02-06 19:00:17.788000+00:00,Cisco-IOS-XR-fib-common-oper:fib-statistics/nodes/node/drops,spine1,0,0,0,0,0,0,0,0,0,0,0,0,0,0,0,0,0/RP0/CPU0,0,0,0,0,0,0,0

2020-02-06 19:00:29.264000+00:00,Cisco-IOS-XR-fib-common-oper:fib-statistics/nodes/node/drops,spine1,0,0,0,0,0,0,0,0,0,3741,0,0,0,0,0,399,0/0/CPU0,0,0,0,0,0,0,0

2020-02-06 19:00:29.265000+00:00,Cisco-IOS-XR-fib-common-oper:fib-statistics/nodes/node/drops,spine1,0,0,0,0,0,0,0,0,0,0,0,0,0,0,0,0,0/RP0/CPU0,0,0,0,0,0,0,0

2020-02-06 19:00:41.143000+00:00,Cisco-IOS-XR-fib-common-oper:fib-statistics/nodes/node/drops,spine1,0,0,0,0,0,0,0,0,0,3741,0,0,0,0,0,399,0/0/CPU0,0,0,0,0,0,0,0

2020-02-06 19:00:41.145000+00:00,Cisco-IOS-XR-fib-common-oper:fib-statistics/nodes/node/drops,spine1,0,0,0,0,0,0,0,0,0,0,0,0,0,0,0,0,0/RP0/CPU0,0,0,0,0,0,0,0

2020-02-06 19:00:52.228000+00:00,Cisco-IOS-XR-fib-common-oper:fib-statistics/nodes/node/drops,spine1,0,0,0,0,0,0,0,0,0,3741,0,0,0,0,0,399,0/0/CPU0,0,0,0,0,0,0,0

2020-02-06 19:00:52.229000+00:00,Cisco-IOS-XR-fib-common-oper:fib-statistics/nodes/node/drops,spine1,0,0,0,0,0,0,0,0,0,0,0,0,0,0,0,0,0/RP0/CPU0,0,0,0,0,0,0,0

2020-02-06 19:01:03.688000+00:00,Cisco-IOS-XR-fib-common-oper:fib-statistics/nodes/node/drops,spine1,0,0,0,0,0,0,0,0,0,3741,0,0,0,0,0,399,0/0/CPU0,0,0,0,0,0,0,0

2020-02-06 19:01:03.690000+00:00,Cisco-IOS-XR-fib-common-oper:fib-statistics/nodes/node/drops,spine1,0,0,0,0,0,0,0,0,0,0,0,0,0,0,0,0,0/RP0/CPU0,0,0,0,0,0,0,0

2020-02-06 19:01:15.230000+00:00,Cisco-IOS-XR-fib-common-oper:fib-statistics/nodes/node/drops,spine1,0,0,0,0,0,0,0,0,0,3741,0,0,0,0,0,399,0/0/CPU0,0,0,0,0,0,0,0

2020-02-06 19:01:15.232000+00:00,Cisco-IOS-XR-fib-common-oper:fib-statistics/nodes/node/drops,spine1,0,0,0,0,0,0,0,0,0,0,0,0,0,0,0,0,0/RP0/CPU0,0,0,0,0,0,0,0

2020-02-06 19:01:26.723000+00:00,Cisco-IOS-XR-fib-common-oper:fib-statistics/nodes/node/drops,spine1,0,0,0,0,0,0,0,0,0,3741,0,0,0,0,0,399,0/0/CPU0,0,0,0,0,0,0,0

2020-02-06 19:01:26.725000+00:00,Cisco-IOS-XR-fib-common-oper:fib-statistics/nodes/node/drops,spine1,0,0,0,0,0,0,0,0,0,0,0,0,0,0,0,0,0/RP0/CPU0,0,0,0,0,0,0,0

2020-02-06 19:01:38.520000+00:00,Cisco-IOS-XR-fib-common-oper:fib-statistics/nodes/node/drops,spine1,0,0,0,0,0,0,0,0,0,3741,0,0,0,0,0,399,0/0/CPU0,0,0,0,0,0,0,0

2020-02-06 19:01:38.521000+00:00,Cisco-IOS-XR-fib-common-oper:fib-statistics/nodes/node/drops,spine1,0,0,0,0,0,0,0,0,0,0,0,0,0,0,0,0,0/RP0/CPU0,0,0,0,0,0,0,0

2020-02-06 19:01:49.701000+00:00,Cisco-IOS-XR-fib-common-oper:fib-statistics/nodes/node/drops,spine1,0,0,0,0,0,0,0,0,0,3741,0,0,0,0,0,399,0/0/CPU0,0,0,0,0,0,0,0

2020-02-06 19:01:49.703000+00:00,Cisco-IOS-XR-fib-common-oper:fib-statistics/nodes/node/drops,spine1,0,0,0,0,0,0,0,0,0,0,0,0,0,0,0,0,0/RP0/CPU0,0,0,0,0,0,0,0

2020-02-06 19:02:01.114000+00:00,Cisco-IOS-XR-fib-common-oper:fib-statistics/nodes/node/drops,spine1,0,0,0,0,0,0,0,0,0,3741,0,0,0,0,0,399,0/0/CPU0,0,0,0,0,0,0,0

2020-02-06 19:02:01.116000+00:00,Cisco-IOS-XR-fib-common-oper:fib-statistics/nodes/node/drops,spine1,0,0,0,0,0,0,0,0,0,0,0,0,0,0,0,0,0/RP0/CPU0,0,0,0,0,0,0,0

2020-02-06 19:02:12.560000+00:00,Cisco-IOS-XR-fib-common-oper:fib-statistics/nodes/node/drops,spine1,0,0,0,0,0,0,0,0,0,3741,0,0,0,0,0,399,0/0/CPU0,0,0,0,0,0,0,0

2020-02-06 19:02:12.561000+00:00,Cisco-IOS-XR-fib-common-oper:fib-statistics/nodes/node/drops,spine1,0,0,0,0,0,0,0,0,0,0,0,0,0,0,0,0,0/RP0/CPU0,0,0,0,0,0,0,0

2020-02-06 19:02:24.042000+00:00,Cisco-IOS-XR-fib-common-oper:fib-statistics/nodes/node/drops,spine1,0,0,0,0,0,0,0,0,0,3741,0,0,0,0,0,399,0/0/CPU0,0,0,0,0,0,0,0

2020-02-06 19:02:24.043000+00:00,Cisco-IOS-XR-fib-common-oper:fib-statistics/nodes/node/drops,spine1,0,0,0,0,0,0,0,0,0,0,0,0,0,0,0,0,0/RP0/CPU0,0,0,0,0,0,0,0

2020-02-06 19:02:35.813000+00:00,Cisco-IOS-XR-fib-common-oper:fib-statistics/nodes/node/drops,spine1,0,0,0,0,0,0,0,0,0,3741,0,0,0,0,0,399,0/0/CPU0,0,0,0,0,0,0,0

2020-02-06 19:02:35.814000+00:00,Cisco-IOS-XR-fib-common-oper:fib-statistics/nodes/node/drops,spine1,0,0,0,0,0,0,0,0,0,0,0,0,0,0,0,0,0/RP0/CPU0,0,0,0,0,0,0,0

2020-02-06 19:02:46.964000+00:00,Cisco-IOS-XR-fib-common-oper:fib-statistics/nodes/node/drops,spine1,0,0,0,0,0,0,0,0,0,3741,0,0,0,0,0,399,0/0/CPU0,0,0,0,0,0,0,0

2020-02-06 19:02:46.965000+00:00,Cisco-IOS-XR-fib-common-oper:fib-statistics/nodes/node/drops,spine1,0,0,0,0,0,0,0,0,0,0,0,0,0,0,0,0,0/RP0/CPU0,0,0,0,0,0,0,0

2020-02-06 19:02:58.426000+00:00,Cisco-IOS-XR-fib-common-oper:fib-statistics/nodes/node/drops,spine1,0,0,0,0,0,0,0,0,0,3741,0,0,0,0,0,399,0/0/CPU0,0,0,0,0,0,0,0

2020-02-06 19:02:58.427000+00:00,Cisco-IOS-XR-fib-common-oper:fib-statistics/nodes/node/drops,spine1,0,0,0,0,0,0,0,0,0,0,0,0,0,0,0,0,0/RP0/CPU0,0,0,0,0,0,0,0

2020-02-06 19:03:09.864000+00:00,Cisco-IOS-XR-fib-common-oper:fib-statistics/nodes/node/drops,spine1,0,0,0,0,0,0,0,0,0,3741,0,0,0,0,0,399,0/0/CPU0,0,0,0,0,0,0,0

2020-02-06 19:03:09.865000+00:00,Cisco-IOS-XR-fib-common-oper:fib-statistics/nodes/node/drops,spine1,0,0,0,0,0,0,0,0,0,0,0,0,0,0,0,0,0/RP0/CPU0,0,0,0,0,0,0,0

2020-02-06 19:03:21.348000+00:00,Cisco-IOS-XR-fib-common-oper:fib-statistics/nodes/node/drops,spine1,0,0,0,0,0,0,0,0,0,3741,0,0,0,0,0,399,0/0/CPU0,0,0,0,0,0,0,0

2020-02-06 19:03:21.350000+00:00,Cisco-IOS-XR-fib-common-oper:fib-statistics/nodes/node/drops,spine1,0,0,0,0,0,0,0,0,0,0,0,0,0,0,0,0,0/RP0/CPU0,0,0,0,0,0,0,0

2020-02-06 19:03:33.181000+00:00,Cisco-IOS-XR-fib-common-oper:fib-statistics/nodes/node/drops,spine1,0,0,0,0,0,0,0,0,0,3741,0,0,0,0,0,399,0/0/CPU0,0,0,0,0,0,0,0

2020-02-06 19:03:33.182000+00:00,Cisco-IOS-XR-fib-common-oper:fib-statistics/nodes/node/drops,spine1,0,0,0,0,0,0,0,0,0,0,0,0,0,0,0,0,0/RP0/CPU0,0,0,0,0,0,0,0

2020-02-06 19:03:44.266000+00:00,Cisco-IOS-XR-fib-common-oper:fib-statistics/nodes/node/drops,spine1,0,0,0,0,0,0,0,0,0,3741,0,0,0,0,0,399,0/0/CPU0,0,0,0,0,0,0,0

2020-02-06 19:03:44.267000+00:00,Cisco-IOS-XR-fib-common-oper:fib-statistics/nodes/node/drops,spine1,0,0,0,0,0,0,0,0,0,0,0,0,0,0,0,0,0/RP0/CPU0,0,0,0,0,0,0,0

2020-02-06 19:03:55.724000+00:00,Cisco-IOS-XR-fib-common-oper:fib-statistics/nodes/node/drops,spine1,0,0,0,0,0,0,0,0,0,3741,0,0,0,0,0,399,0/0/CPU0,0,0,0,0,0,0,0

2020-02-06 19:03:55.725000+00:00,Cisco-IOS-XR-fib-common-oper:fib-statistics/nodes/node/drops,spine1,0,0,0,0,0,0,0,0,0,0,0,0,0,0,0,0,0/RP0/CPU0,0,0,0,0,0,0,0

2020-02-06 19:04:07.475000+00:00,Cisco-IOS-XR-fib-common-oper:fib-statistics/nodes/node/drops,spine1,0,0,0,0,0,0,0,0,0,3741,0,0,0,0,0,399,0/0/CPU0,0,0,0,0,0,0,0

2020-02-06 19:04:07.476000+00:00,Cisco-IOS-XR-fib-common-oper:fib-statistics/nodes/node/drops,spine1,0,0,0,0,0,0,0,0,0,0,0,0,0,0,0,0,0/RP0/CPU0,0,0,0,0,0,0,0

2020-02-06 19:04:18.637000+00:00,Cisco-IOS-XR-fib-common-oper:fib-statistics/nodes/node/drops,spine1,0,0,0,0,0,0,0,0,0,3741,0,0,0,0,0,399,0/0/CPU0,0,0,0,0,0,0,0

2020-02-06 19:04:18.639000+00:00,Cisco-IOS-XR-fib-common-oper:fib-statistics/nodes/node/drops,spine1,0,0,0,0,0,0,0,0,0,0,0,0,0,0,0,0,0/RP0/CPU0,0,0,0,0,0,0,0

2020-02-06 19:04:30.468000+00:00,Cisco-IOS-XR-fib-common-oper:fib-statistics/nodes/node/drops,spine1,0,0,0,0,0,0,0,0,0,3741,0,0,0,0,0,399,0/0/CPU0,0,0,0,0,0,0,0

2020-02-06 19:04:30.470000+00:00,Cisco-IOS-XR-fib-common-oper:fib-statistics/nodes/node/drops,spine1,0,0,0,0,0,0,0,0,0,0,0,0,0,0,0,0,0/RP0/CPU0,0,0,0,0,0,0,0

2020-02-06 19:04:41.542000+00:00,Cisco-IOS-XR-fib-common-oper:fib-statistics/nodes/node/drops,spine1,0,0,0,0,0,0,0,0,0,3741,0,0,0,0,0,399,0/0/CPU0,0,0,0,0,0,0,0

2020-02-06 19:04:41.544000+00:00,Cisco-IOS-XR-fib-common-oper:fib-statistics/nodes/node/drops,spine1,0,0,0,0,0,0,0,0,0,0,0,0,0,0,0,0,0/RP0/CPU0,0,0,0,0,0,0,0

2020-02-06 19:04:53.044000+00:00,Cisco-IOS-XR-fib-common-oper:fib-statistics/nodes/node/drops,spine1,0,0,0,0,0,0,0,0,0,3741,0,0,0,0,0,399,0/0/CPU0,0,0,0,0,0,0,0

2020-02-06 19:04:53.045000+00:00,Cisco-IOS-XR-fib-common-oper:fib-statistics/nodes/node/drops,spine1,0,0,0,0,0,0,0,0,0,0,0,0,0,0,0,0,0/RP0/CPU0,0,0,0,0,0,0,0

2020-02-06 19:05:04.501000+00:00,Cisco-IOS-XR-fib-common-oper:fib-statistics/nodes/node/drops,spine1,0,0,0,0,0,0,0,0,0,3741,0,0,0,0,0,399,0/0/CPU0,0,0,0,0,0,0,0

2020-02-06 19:05:04.503000+00:00,Cisco-IOS-XR-fib-common-oper:fib-statistics/nodes/node/drops,spine1,0,0,0,0,0,0,0,0,0,0,0,0,0,0,0,0,0/RP0/CPU0,0,0,0,0,0,0,0

2020-02-06 19:05:15.940000+00:00,Cisco-IOS-XR-fib-common-oper:fib-statistics/nodes/node/drops,spine1,0,0,0,0,0,0,0,0,0,3741,0,0,0,0,0,399,0/0/CPU0,0,0,0,0,0,0,0

2020-02-06 19:05:15.941000+00:00,Cisco-IOS-XR-fib-common-oper:fib-statistics/nodes/node/drops,spine1,0,0,0,0,0,0,0,0,0,0,0,0,0,0,0,0,0/RP0/CPU0,0,0,0,0,0,0,0

2020-02-06 19:05:27.810000+00:00,Cisco-IOS-XR-fib-common-oper:fib-statistics/nodes/node/drops,spine1,0,0,0,0,0,0,0,0,0,3741,0,0,0,0,0,399,0/0/CPU0,0,0,0,0,0,0,0

2020-02-06 19:05:27.811000+00:00,Cisco-IOS-XR-fib-common-oper:fib-statistics/nodes/node/drops,spine1,0,0,0,0,0,0,0,0,0,0,0,0,0,0,0,0,0/RP0/CPU0,0,0,0,0,0,0,0

2020-02-06 19:05:38.898000+00:00,Cisco-IOS-XR-fib-common-oper:fib-statistics/nodes/node/drops,spine1,0,0,0,0,0,0,0,0,0,3741,0,0,0,0,0,399,0/0/CPU0,0,0,0,0,0,0,0

2020-02-06 19:05:38.899000+00:00,Cisco-IOS-XR-fib-common-oper:fib-statistics/nodes/node/drops,spine1,0,0,0,0,0,0,0,0,0,0,0,0,0,0,0,0,0/RP0/CPU0,0,0,0,0,0,0,0

2020-02-06 19:05:50.357000+00:00,Cisco-IOS-XR-fib-common-oper:fib-statistics/nodes/node/drops,spine1,0,0,0,0,0,0,0,0,0,3741,0,0,0,0,0,399,0/0/CPU0,0,0,0,0,0,0,0

2020-02-06 19:05:50.359000+00:00,Cisco-IOS-XR-fib-common-oper:fib-statistics/nodes/node/drops,spine1,0,0,0,0,0,0,0,0,0,0,0,0,0,0,0,0,0/RP0/CPU0,0,0,0,0,0,0,0

2020-02-06 19:06:01.818000+00:00,Cisco-IOS-XR-fib-common-oper:fib-statistics/nodes/node/drops,spine1,0,0,0,0,0,0,0,0,0,3741,0,0,0,0,0,399,0/0/CPU0,0,0,0,0,0,0,0

2020-02-06 19:06:01.819000+00:00,Cisco-IOS-XR-fib-common-oper:fib-statistics/nodes/node/drops,spine1,0,0,0,0,0,0,0,0,0,0,0,0,0,0,0,0,0/RP0/CPU0,0,0,0,0,0,0,0

2020-02-06 19:06:13.284000+00:00,Cisco-IOS-XR-fib-common-oper:fib-statistics/nodes/node/drops,spine1,0,0,0,0,0,0,0,0,0,3741,0,0,0,0,0,399,0/0/CPU0,0,0,0,0,0,0,0

2020-02-06 19:06:13.285000+00:00,Cisco-IOS-XR-fib-common-oper:fib-statistics/nodes/node/drops,spine1,0,0,0,0,0,0,0,0,0,0,0,0,0,0,0,0,0/RP0/CPU0,0,0,0,0,0,0,0

2020-02-06 19:06:25.107000+00:00,Cisco-IOS-XR-fib-common-oper:fib-statistics/nodes/node/drops,spine1,0,0,0,0,0,0,0,0,0,3741,0,0,0,0,0,399,0/0/CPU0,0,0,0,0,0,0,0

2020-02-06 19:06:25.108000+00:00,Cisco-IOS-XR-fib-common-oper:fib-statistics/nodes/node/drops,spine1,0,0,0,0,0,0,0,0,0,0,0,0,0,0,0,0,0/RP0/CPU0,0,0,0,0,0,0,0

2020-02-06 19:06:36.162000+00:00,Cisco-IOS-XR-fib-common-oper:fib-statistics/nodes/node/drops,spine1,0,0,0,0,0,0,0,0,0,3741,0,0,0,0,0,399,0/0/CPU0,0,0,0,0,0,0,0

2020-02-06 19:06:36.163000+00:00,Cisco-IOS-XR-fib-common-oper:fib-statistics/nodes/node/drops,spine1,0,0,0,0,0,0,0,0,0,0,0,0,0,0,0,0,0/RP0/CPU0,0,0,0,0,0,0,0

2020-02-06 19:06:47.632000+00:00,Cisco-IOS-XR-fib-common-oper:fib-statistics/nodes/node/drops,spine1,0,0,0,0,0,0,0,0,0,3741,0,0,0,0,0,399,0/0/CPU0,0,0,0,0,0,0,0

2020-02-06 19:06:47.633000+00:00,Cisco-IOS-XR-fib-common-oper:fib-statistics/nodes/node/drops,spine1,0,0,0,0,0,0,0,0,0,0,0,0,0,0,0,0,0/RP0/CPU0,0,0,0,0,0,0,0

2020-02-06 19:06:59.053000+00:00,Cisco-IOS-XR-fib-common-oper:fib-statistics/nodes/node/drops,spine1,0,0,0,0,0,0,0,0,0,3741,0,0,0,0,0,399,0/0/CPU0,0,0,0,0,0,0,0

2020-02-06 19:06:59.054000+00:00,Cisco-IOS-XR-fib-common-oper:fib-statistics/nodes/node/drops,spine1,0,0,0,0,0,0,0,0,0,0,0,0,0,0,0,0,0/RP0/CPU0,0,0,0,0,0,0,0

2020-02-06 19:07:10.578000+00:00,Cisco-IOS-XR-fib-common-oper:fib-statistics/nodes/node/drops,spine1,0,0,0,0,0,0,0,0,0,3741,0,0,0,0,0,399,0/0/CPU0,0,0,0,0,0,0,0

2020-02-06 19:07:10.580000+00:00,Cisco-IOS-XR-fib-common-oper:fib-statistics/nodes/node/drops,spine1,0,0,0,0,0,0,0,0,0,0,0,0,0,0,0,0,0/RP0/CPU0,0,0,0,0,0,0,0

2020-02-06 19:07:22.378000+00:00,Cisco-IOS-XR-fib-common-oper:fib-statistics/nodes/node/drops,spine1,0,0,0,0,0,0,0,0,0,3741,0,0,0,0,0,399,0/0/CPU0,0,0,0,0,0,0,0

2020-02-06 19:07:22.379000+00:00,Cisco-IOS-XR-fib-common-oper:fib-statistics/nodes/node/drops,spine1,0,0,0,0,0,0,0,0,0,0,0,0,0,0,0,0,0/RP0/CPU0,0,0,0,0,0,0,0

2020-02-06 19:07:33.462000+00:00,Cisco-IOS-XR-fib-common-oper:fib-statistics/nodes/node/drops,spine1,0,0,0,0,0,0,0,0,0,3741,0,0,0,0,0,399,0/0/CPU0,0,0,0,0,0,0,0

2020-02-06 19:07:33.463000+00:00,Cisco-IOS-XR-fib-common-oper:fib-statistics/nodes/node/drops,spine1,0,0,0,0,0,0,0,0,0,0,0,0,0,0,0,0,0/RP0/CPU0,0,0,0,0,0,0,0

2020-02-06 19:07:44.930000+00:00,Cisco-IOS-XR-fib-common-oper:fib-statistics/nodes/node/drops,spine1,0,0,0,0,0,0,0,0,0,3741,0,0,0,0,0,399,0/0/CPU0,0,0,0,0,0,0,0

2020-02-06 19:07:44.931000+00:00,Cisco-IOS-XR-fib-common-oper:fib-statistics/nodes/node/drops,spine1,0,0,0,0,0,0,0,0,0,0,0,0,0,0,0,0,0/RP0/CPU0,0,0,0,0,0,0,0

2020-02-06 19:07:56.454000+00:00,Cisco-IOS-XR-fib-common-oper:fib-statistics/nodes/node/drops,spine1,0,0,0,0,0,0,0,0,0,3741,0,0,0,0,0,399,0/0/CPU0,0,0,0,0,0,0,0

2020-02-06 19:07:56.455000+00:00,Cisco-IOS-XR-fib-common-oper:fib-statistics/nodes/node/drops,spine1,0,0,0,0,0,0,0,0,0,0,0,0,0,0,0,0,0/RP0/CPU0,0,0,0,0,0,0,0

2020-02-06 19:08:08.086000+00:00,Cisco-IOS-XR-fib-common-oper:fib-statistics/nodes/node/drops,spine1,0,0,0,0,0,0,0,0,0,3741,0,0,0,0,0,399,0/0/CPU0,0,0,0,0,0,0,0

2020-02-06 19:08:08.087000+00:00,Cisco-IOS-XR-fib-common-oper:fib-statistics/nodes/node/drops,spine1,0,0,0,0,0,0,0,0,0,0,0,0,0,0,0,0,0/RP0/CPU0,0,0,0,0,0,0,0

