,Producer,Target,cntr-engine/apps-info/app-type,cntr-engine/apps-info/num-cntrs-for-app,cntr-engine/apps-info/num-cntrs-used,cntr-engine/core-id,cntr-engine/state,host,next-avail-cp-id,node-name,num-cntr-engines,resource,sys-cp-cnfg-prof

2020-02-02 20:16:51.768000+00:00,leaf8,sg15,Interface TX,16384,0,1,In use,obt-collector1,4,0/0/CPU0,16,ext-tcam-ipv4,0

2020-02-02 20:16:51.768000+00:00,leaf8,sg15,Interface TX,16384,0,1,In use,obt-collector1,4,0/0/CPU0,16,lem,0

2020-02-02 20:16:51.768000+00:00,leaf8,sg15,Interface TX,16384,0,1,In use,obt-collector1,4,0/0/CPU0,16,encap,0

2020-02-02 20:16:51.768000+00:00,leaf8,sg15,Interface TX,16384,0,1,In use,obt-collector1,4,0/0/CPU0,16,lpm,0

2020-02-02 20:17:03.944000+00:00,leaf8,sg15,Interface TX,16384,0,1,In use,obt-collector1,4,0/0/CPU0,16,encap,0

2020-02-02 20:17:03.944000+00:00,leaf8,sg15,Interface TX,16384,0,1,In use,obt-collector1,4,0/0/CPU0,16,lpm,0

2020-02-02 20:17:03.944000+00:00,leaf8,sg15,Interface TX,16384,0,1,In use,obt-collector1,4,0/0/CPU0,16,ext-tcam-ipv4,0

2020-02-02 20:17:03.944000+00:00,leaf8,sg15,Interface TX,16384,0,1,In use,obt-collector1,4,0/0/CPU0,16,lem,0

2020-02-02 20:17:15.990000+00:00,leaf8,sg15,Interface TX,16384,0,1,In use,obt-collector1,4,0/0/CPU0,16,ext-tcam-ipv4,0

2020-02-02 20:17:15.990000+00:00,leaf8,sg15,Interface TX,16384,0,1,In use,obt-collector1,4,0/0/CPU0,16,lem,0

2020-02-02 20:17:15.990000+00:00,leaf8,sg15,Interface TX,16384,0,1,In use,obt-collector1,4,0/0/CPU0,16,encap,0

2020-02-02 20:17:15.990000+00:00,leaf8,sg15,Interface TX,16384,0,1,In use,obt-collector1,4,0/0/CPU0,16,lpm,0

2020-02-02 20:17:28.509000+00:00,leaf8,sg15,Interface TX,16384,0,1,In use,obt-collector1,4,0/0/CPU0,16,encap,0

2020-02-02 20:17:28.509000+00:00,leaf8,sg15,Interface TX,16384,0,1,In use,obt-collector1,4,0/0/CPU0,16,lpm,0

2020-02-02 20:17:28.509000+00:00,leaf8,sg15,Interface TX,16384,0,1,In use,obt-collector1,4,0/0/CPU0,16,ext-tcam-ipv4,0

2020-02-02 20:17:28.509000+00:00,leaf8,sg15,Interface TX,16384,0,1,In use,obt-collector1,4,0/0/CPU0,16,lem,0

2020-02-02 20:17:40.447000+00:00,leaf8,sg15,Interface TX,16384,0,1,In use,obt-collector1,4,0/0/CPU0,16,ext-tcam-ipv4,0

2020-02-02 20:17:40.447000+00:00,leaf8,sg15,Interface TX,16384,0,1,In use,obt-collector1,4,0/0/CPU0,16,lem,0

2020-02-02 20:17:40.447000+00:00,leaf8,sg15,Interface TX,16384,0,1,In use,obt-collector1,4,0/0/CPU0,16,encap,0

2020-02-02 20:17:40.447000+00:00,leaf8,sg15,Interface TX,16384,0,1,In use,obt-collector1,4,0/0/CPU0,16,lpm,0

2020-02-02 20:17:52.387000+00:00,leaf8,sg15,Interface TX,16384,0,1,In use,obt-collector1,4,0/0/CPU0,16,encap,0

2020-02-02 20:17:52.387000+00:00,leaf8,sg15,Interface TX,16384,0,1,In use,obt-collector1,4,0/0/CPU0,16,lpm,0

2020-02-02 20:17:52.387000+00:00,leaf8,sg15,Interface TX,16384,0,1,In use,obt-collector1,4,0/0/CPU0,16,ext-tcam-ipv4,0

2020-02-02 20:17:52.387000+00:00,leaf8,sg15,Interface TX,16384,0,1,In use,obt-collector1,4,0/0/CPU0,16,lem,0

2020-02-02 20:18:04.479000+00:00,leaf8,sg15,Interface TX,16384,0,1,In use,obt-collector1,4,0/0/CPU0,16,ext-tcam-ipv4,0

2020-02-02 20:18:04.479000+00:00,leaf8,sg15,Interface TX,16384,0,1,In use,obt-collector1,4,0/0/CPU0,16,lem,0

2020-02-02 20:18:04.479000+00:00,leaf8,sg15,Interface TX,16384,0,1,In use,obt-collector1,4,0/0/CPU0,16,encap,0

2020-02-02 20:18:04.479000+00:00,leaf8,sg15,Interface TX,16384,0,1,In use,obt-collector1,4,0/0/CPU0,16,lpm,0

2020-02-02 20:18:16.579000+00:00,leaf8,sg15,Interface TX,16384,0,1,In use,obt-collector1,4,0/0/CPU0,16,encap,0

2020-02-02 20:18:16.579000+00:00,leaf8,sg15,Interface TX,16384,0,1,In use,obt-collector1,4,0/0/CPU0,16,lpm,0

2020-02-02 20:18:16.579000+00:00,leaf8,sg15,Interface TX,16384,0,1,In use,obt-collector1,4,0/0/CPU0,16,ext-tcam-ipv4,0

2020-02-02 20:18:16.579000+00:00,leaf8,sg15,Interface TX,16384,0,1,In use,obt-collector1,4,0/0/CPU0,16,lem,0

2020-02-02 20:18:28.715000+00:00,leaf8,sg15,Interface TX,16384,0,1,In use,obt-collector1,4,0/0/CPU0,16,ext-tcam-ipv4,0

2020-02-02 20:18:28.715000+00:00,leaf8,sg15,Interface TX,16384,0,1,In use,obt-collector1,4,0/0/CPU0,16,lem,0

2020-02-02 20:18:28.715000+00:00,leaf8,sg15,Interface TX,16384,0,1,In use,obt-collector1,4,0/0/CPU0,16,encap,0

2020-02-02 20:18:28.715000+00:00,leaf8,sg15,Interface TX,16384,0,1,In use,obt-collector1,4,0/0/CPU0,16,lpm,0

2020-02-02 20:18:40.744000+00:00,leaf8,sg15,Interface TX,16384,0,1,In use,obt-collector1,4,0/0/CPU0,16,encap,0

2020-02-02 20:18:40.744000+00:00,leaf8,sg15,Interface TX,16384,0,1,In use,obt-collector1,4,0/0/CPU0,16,lpm,0

2020-02-02 20:18:40.744000+00:00,leaf8,sg15,Interface TX,16384,0,1,In use,obt-collector1,4,0/0/CPU0,16,ext-tcam-ipv4,0

2020-02-02 20:18:40.744000+00:00,leaf8,sg15,Interface TX,16384,0,1,In use,obt-collector1,4,0/0/CPU0,16,lem,0

2020-02-02 20:18:52.880000+00:00,leaf8,sg15,Interface TX,16384,0,1,In use,obt-collector1,4,0/0/CPU0,16,ext-tcam-ipv4,0

2020-02-02 20:18:52.880000+00:00,leaf8,sg15,Interface TX,16384,0,1,In use,obt-collector1,4,0/0/CPU0,16,lem,0

2020-02-02 20:18:52.880000+00:00,leaf8,sg15,Interface TX,16384,0,1,In use,obt-collector1,4,0/0/CPU0,16,encap,0

2020-02-02 20:18:52.880000+00:00,leaf8,sg15,Interface TX,16384,0,1,In use,obt-collector1,4,0/0/CPU0,16,lpm,0

2020-02-02 20:19:04.869000+00:00,leaf8,sg15,Interface TX,16384,0,1,In use,obt-collector1,4,0/0/CPU0,16,encap,0

2020-02-02 20:19:04.869000+00:00,leaf8,sg15,Interface TX,16384,0,1,In use,obt-collector1,4,0/0/CPU0,16,lpm,0

2020-02-02 20:19:04.869000+00:00,leaf8,sg15,Interface TX,16384,0,1,In use,obt-collector1,4,0/0/CPU0,16,ext-tcam-ipv4,0

2020-02-02 20:19:04.869000+00:00,leaf8,sg15,Interface TX,16384,0,1,In use,obt-collector1,4,0/0/CPU0,16,lem,0

2020-02-02 20:19:17.594000+00:00,leaf8,sg15,Interface TX,16384,0,1,In use,obt-collector1,4,0/0/CPU0,16,ext-tcam-ipv4,0

2020-02-02 20:19:17.594000+00:00,leaf8,sg15,Interface TX,16384,0,1,In use,obt-collector1,4,0/0/CPU0,16,lem,0

2020-02-02 20:19:17.594000+00:00,leaf8,sg15,Interface TX,16384,0,1,In use,obt-collector1,4,0/0/CPU0,16,encap,0

2020-02-02 20:19:17.594000+00:00,leaf8,sg15,Interface TX,16384,0,1,In use,obt-collector1,4,0/0/CPU0,16,lpm,0

2020-02-02 20:19:29.775000+00:00,leaf8,sg15,Interface TX,16384,0,1,In use,obt-collector1,4,0/0/CPU0,16,encap,0

2020-02-02 20:19:29.775000+00:00,leaf8,sg15,Interface TX,16384,0,1,In use,obt-collector1,4,0/0/CPU0,16,lpm,0

2020-02-02 20:19:29.775000+00:00,leaf8,sg15,Interface TX,16384,0,1,In use,obt-collector1,4,0/0/CPU0,16,ext-tcam-ipv4,0

2020-02-02 20:19:29.775000+00:00,leaf8,sg15,Interface TX,16384,0,1,In use,obt-collector1,4,0/0/CPU0,16,lem,0

2020-02-02 20:19:41.831000+00:00,leaf8,sg15,Interface TX,16384,0,1,In use,obt-collector1,4,0/0/CPU0,16,ext-tcam-ipv4,0

2020-02-02 20:19:41.831000+00:00,leaf8,sg15,Interface TX,16384,0,1,In use,obt-collector1,4,0/0/CPU0,16,lem,0

2020-02-02 20:19:41.831000+00:00,leaf8,sg15,Interface TX,16384,0,1,In use,obt-collector1,4,0/0/CPU0,16,encap,0

2020-02-02 20:19:41.831000+00:00,leaf8,sg15,Interface TX,16384,0,1,In use,obt-collector1,4,0/0/CPU0,16,lpm,0

2020-02-02 20:19:53.903000+00:00,leaf8,sg15,Interface TX,16384,0,1,In use,obt-collector1,4,0/0/CPU0,16,encap,0

2020-02-02 20:19:53.903000+00:00,leaf8,sg15,Interface TX,16384,0,1,In use,obt-collector1,4,0/0/CPU0,16,lpm,0

2020-02-02 20:19:53.903000+00:00,leaf8,sg15,Interface TX,16384,0,1,In use,obt-collector1,4,0/0/CPU0,16,ext-tcam-ipv4,0

2020-02-02 20:19:53.903000+00:00,leaf8,sg15,Interface TX,16384,0,1,In use,obt-collector1,4,0/0/CPU0,16,lem,0

2020-02-02 20:20:05.959000+00:00,leaf8,sg15,Interface TX,16384,0,1,In use,obt-collector1,4,0/0/CPU0,16,ext-tcam-ipv4,0

2020-02-02 20:20:05.959000+00:00,leaf8,sg15,Interface TX,16384,0,1,In use,obt-collector1,4,0/0/CPU0,16,lem,0

2020-02-02 20:20:05.959000+00:00,leaf8,sg15,Interface TX,16384,0,1,In use,obt-collector1,4,0/0/CPU0,16,encap,0

2020-02-02 20:20:05.959000+00:00,leaf8,sg15,Interface TX,16384,0,1,In use,obt-collector1,4,0/0/CPU0,16,lpm,0

2020-02-02 20:20:18.139000+00:00,leaf8,sg15,Interface TX,16384,0,1,In use,obt-collector1,4,0/0/CPU0,16,encap,0

2020-02-02 20:20:18.139000+00:00,leaf8,sg15,Interface TX,16384,0,1,In use,obt-collector1,4,0/0/CPU0,16,lpm,0

2020-02-02 20:20:18.139000+00:00,leaf8,sg15,Interface TX,16384,0,1,In use,obt-collector1,4,0/0/CPU0,16,ext-tcam-ipv4,0

2020-02-02 20:20:18.139000+00:00,leaf8,sg15,Interface TX,16384,0,1,In use,obt-collector1,4,0/0/CPU0,16,lem,0

2020-02-02 20:20:30.139000+00:00,leaf8,sg15,Interface TX,16384,0,1,In use,obt-collector1,4,0/0/CPU0,16,lpm,0

2020-02-02 20:20:30.139000+00:00,leaf8,sg15,Interface TX,16384,0,1,In use,obt-collector1,4,0/0/CPU0,16,lem,0

2020-02-02 20:20:30.140000+00:00,leaf8,sg15,Interface TX,16384,0,1,In use,obt-collector1,4,0/0/CPU0,16,ext-tcam-ipv4,0

2020-02-02 20:20:30.140000+00:00,leaf8,sg15,Interface TX,16384,0,1,In use,obt-collector1,4,0/0/CPU0,16,encap,0

2020-02-02 20:20:42.532000+00:00,leaf8,sg15,Interface TX,16384,0,1,In use,obt-collector1,4,0/0/CPU0,16,ext-tcam-ipv4,0

2020-02-02 20:20:42.532000+00:00,leaf8,sg15,Interface TX,16384,0,1,In use,obt-collector1,4,0/0/CPU0,16,encap,0

2020-02-02 20:20:42.532000+00:00,leaf8,sg15,Interface TX,16384,0,1,In use,obt-collector1,4,0/0/CPU0,16,lpm,0

2020-02-02 20:20:42.532000+00:00,leaf8,sg15,Interface TX,16384,0,1,In use,obt-collector1,4,0/0/CPU0,16,lem,0

2020-02-02 20:20:54.428000+00:00,leaf8,sg15,Interface TX,16384,0,1,In use,obt-collector1,4,0/0/CPU0,16,lpm,0

2020-02-02 20:20:54.428000+00:00,leaf8,sg15,Interface TX,16384,0,1,In use,obt-collector1,4,0/0/CPU0,16,lem,0

2020-02-02 20:20:54.428000+00:00,leaf8,sg15,Interface TX,16384,0,1,In use,obt-collector1,4,0/0/CPU0,16,ext-tcam-ipv4,0

2020-02-02 20:20:54.428000+00:00,leaf8,sg15,Interface TX,16384,0,1,In use,obt-collector1,4,0/0/CPU0,16,encap,0

2020-02-02 20:21:06.485000+00:00,leaf8,sg15,Interface TX,16384,0,1,In use,obt-collector1,4,0/0/CPU0,16,ext-tcam-ipv4,0

2020-02-02 20:21:06.485000+00:00,leaf8,sg15,Interface TX,16384,0,1,In use,obt-collector1,4,0/0/CPU0,16,encap,0

2020-02-02 20:21:06.485000+00:00,leaf8,sg15,Interface TX,16384,0,1,In use,obt-collector1,4,0/0/CPU0,16,lpm,0

2020-02-02 20:21:06.485000+00:00,leaf8,sg15,Interface TX,16384,0,1,In use,obt-collector1,4,0/0/CPU0,16,lem,0

2020-02-02 20:21:18.680000+00:00,leaf8,sg15,Interface TX,16384,0,1,In use,obt-collector1,4,0/0/CPU0,16,lpm,0

2020-02-02 20:21:18.680000+00:00,leaf8,sg15,Interface TX,16384,0,1,In use,obt-collector1,4,0/0/CPU0,16,lem,0

2020-02-02 20:21:18.680000+00:00,leaf8,sg15,Interface TX,16384,0,1,In use,obt-collector1,4,0/0/CPU0,16,ext-tcam-ipv4,0

2020-02-02 20:21:18.680000+00:00,leaf8,sg15,Interface TX,16384,0,1,In use,obt-collector1,4,0/0/CPU0,16,encap,0

2020-02-02 20:21:30.772000+00:00,leaf8,sg15,Interface TX,16384,0,1,In use,obt-collector1,4,0/0/CPU0,16,ext-tcam-ipv4,0

2020-02-02 20:21:30.772000+00:00,leaf8,sg15,Interface TX,16384,0,1,In use,obt-collector1,4,0/0/CPU0,16,encap,0

2020-02-02 20:21:30.772000+00:00,leaf8,sg15,Interface TX,16384,0,1,In use,obt-collector1,4,0/0/CPU0,16,lpm,0

2020-02-02 20:21:30.772000+00:00,leaf8,sg15,Interface TX,16384,0,1,In use,obt-collector1,4,0/0/CPU0,16,lem,0

2020-02-02 20:21:42.947000+00:00,leaf8,sg15,Interface TX,16384,0,1,In use,obt-collector1,4,0/0/CPU0,16,lpm,0

2020-02-02 20:21:42.947000+00:00,leaf8,sg15,Interface TX,16384,0,1,In use,obt-collector1,4,0/0/CPU0,16,lem,0

2020-02-02 20:21:42.947000+00:00,leaf8,sg15,Interface TX,16384,0,1,In use,obt-collector1,4,0/0/CPU0,16,ext-tcam-ipv4,0

2020-02-02 20:21:42.947000+00:00,leaf8,sg15,Interface TX,16384,0,1,In use,obt-collector1,4,0/0/CPU0,16,encap,0

2020-02-02 20:21:54.957000+00:00,leaf8,sg15,Interface TX,16384,0,1,In use,obt-collector1,4,0/0/CPU0,16,ext-tcam-ipv4,0

2020-02-02 20:21:54.957000+00:00,leaf8,sg15,Interface TX,16384,0,1,In use,obt-collector1,4,0/0/CPU0,16,encap,0

2020-02-02 20:21:54.957000+00:00,leaf8,sg15,Interface TX,16384,0,1,In use,obt-collector1,4,0/0/CPU0,16,lpm,0

2020-02-02 20:21:54.957000+00:00,leaf8,sg15,Interface TX,16384,0,1,In use,obt-collector1,4,0/0/CPU0,16,lem,0

2020-02-02 20:22:07.056000+00:00,leaf8,sg15,Interface TX,16384,0,1,In use,obt-collector1,4,0/0/CPU0,16,lpm,0

2020-02-02 20:22:07.056000+00:00,leaf8,sg15,Interface TX,16384,0,1,In use,obt-collector1,4,0/0/CPU0,16,lem,0

2020-02-02 20:22:07.056000+00:00,leaf8,sg15,Interface TX,16384,0,1,In use,obt-collector1,4,0/0/CPU0,16,ext-tcam-ipv4,0

2020-02-02 20:22:07.056000+00:00,leaf8,sg15,Interface TX,16384,0,1,In use,obt-collector1,4,0/0/CPU0,16,encap,0

2020-02-02 20:22:19.423000+00:00,leaf8,sg15,Interface TX,16384,0,1,In use,obt-collector1,4,0/0/CPU0,16,ext-tcam-ipv4,0

2020-02-02 20:22:19.423000+00:00,leaf8,sg15,Interface TX,16384,0,1,In use,obt-collector1,4,0/0/CPU0,16,encap,0

2020-02-02 20:22:19.423000+00:00,leaf8,sg15,Interface TX,16384,0,1,In use,obt-collector1,4,0/0/CPU0,16,lpm,0

2020-02-02 20:22:19.423000+00:00,leaf8,sg15,Interface TX,16384,0,1,In use,obt-collector1,4,0/0/CPU0,16,lem,0

2020-02-02 20:22:31.289000+00:00,leaf8,sg15,Interface TX,16384,0,1,In use,obt-collector1,4,0/0/CPU0,16,lpm,0

2020-02-02 20:22:31.289000+00:00,leaf8,sg15,Interface TX,16384,0,1,In use,obt-collector1,4,0/0/CPU0,16,lem,0

2020-02-02 20:22:31.289000+00:00,leaf8,sg15,Interface TX,16384,0,1,In use,obt-collector1,4,0/0/CPU0,16,ext-tcam-ipv4,0

2020-02-02 20:22:31.289000+00:00,leaf8,sg15,Interface TX,16384,0,1,In use,obt-collector1,4,0/0/CPU0,16,encap,0

2020-02-02 20:22:43.374000+00:00,leaf8,sg15,Interface TX,16384,0,1,In use,obt-collector1,4,0/0/CPU0,16,lem,0

2020-02-02 20:22:43.375000+00:00,leaf8,sg15,Interface TX,16384,0,1,In use,obt-collector1,4,0/0/CPU0,16,encap,0

2020-02-02 20:22:43.375000+00:00,leaf8,sg15,Interface TX,16384,0,1,In use,obt-collector1,4,0/0/CPU0,16,ext-tcam-ipv4,0

2020-02-02 20:22:43.375000+00:00,leaf8,sg15,Interface TX,16384,0,1,In use,obt-collector1,4,0/0/CPU0,16,lpm,0

2020-02-02 20:22:55.479000+00:00,leaf8,sg15,Interface TX,16384,0,1,In use,obt-collector1,4,0/0/CPU0,16,ext-tcam-ipv4,0

2020-02-02 20:22:55.479000+00:00,leaf8,sg15,Interface TX,16384,0,1,In use,obt-collector1,4,0/0/CPU0,16,lpm,0

2020-02-02 20:22:55.479000+00:00,leaf8,sg15,Interface TX,16384,0,1,In use,obt-collector1,4,0/0/CPU0,16,lem,0

2020-02-02 20:22:55.479000+00:00,leaf8,sg15,Interface TX,16384,0,1,In use,obt-collector1,4,0/0/CPU0,16,encap,0

2020-02-02 20:23:08.507000+00:00,leaf8,sg15,Interface TX,16384,0,1,In use,obt-collector1,4,0/0/CPU0,16,lem,0

2020-02-02 20:23:08.507000+00:00,leaf8,sg15,Interface TX,16384,0,1,In use,obt-collector1,4,0/0/CPU0,16,encap,0

2020-02-02 20:23:08.507000+00:00,leaf8,sg15,Interface TX,16384,0,1,In use,obt-collector1,4,0/0/CPU0,16,ext-tcam-ipv4,0

2020-02-02 20:23:08.507000+00:00,leaf8,sg15,Interface TX,16384,0,1,In use,obt-collector1,4,0/0/CPU0,16,lpm,0

2020-02-02 20:23:20.604000+00:00,leaf8,sg15,Interface TX,16384,0,1,In use,obt-collector1,4,0/0/CPU0,16,ext-tcam-ipv4,0

2020-02-02 20:23:20.604000+00:00,leaf8,sg15,Interface TX,16384,0,1,In use,obt-collector1,4,0/0/CPU0,16,lpm,0

2020-02-02 20:23:20.604000+00:00,leaf8,sg15,Interface TX,16384,0,1,In use,obt-collector1,4,0/0/CPU0,16,lem,0

2020-02-02 20:23:20.604000+00:00,leaf8,sg15,Interface TX,16384,0,1,In use,obt-collector1,4,0/0/CPU0,16,encap,0

2020-02-02 20:23:32.827000+00:00,leaf8,sg15,Interface TX,16384,0,1,In use,obt-collector1,4,0/0/CPU0,16,lem,0

2020-02-02 20:23:32.828000+00:00,leaf8,sg15,Interface TX,16384,0,1,In use,obt-collector1,4,0/0/CPU0,16,encap,0

2020-02-02 20:23:32.828000+00:00,leaf8,sg15,Interface TX,16384,0,1,In use,obt-collector1,4,0/0/CPU0,16,ext-tcam-ipv4,0

2020-02-02 20:23:32.828000+00:00,leaf8,sg15,Interface TX,16384,0,1,In use,obt-collector1,4,0/0/CPU0,16,lpm,0

2020-02-02 20:23:45.320000+00:00,leaf8,sg15,Interface TX,16384,0,1,In use,obt-collector1,4,0/0/CPU0,16,ext-tcam-ipv4,0

2020-02-02 20:23:45.320000+00:00,leaf8,sg15,Interface TX,16384,0,1,In use,obt-collector1,4,0/0/CPU0,16,lpm,0

2020-02-02 20:23:45.320000+00:00,leaf8,sg15,Interface TX,16384,0,1,In use,obt-collector1,4,0/0/CPU0,16,lem,0

2020-02-02 20:23:45.320000+00:00,leaf8,sg15,Interface TX,16384,0,1,In use,obt-collector1,4,0/0/CPU0,16,encap,0

2020-02-02 20:23:57.262000+00:00,leaf8,sg15,Interface TX,16384,0,1,In use,obt-collector1,4,0/0/CPU0,16,lem,0

2020-02-02 20:23:57.262000+00:00,leaf8,sg15,Interface TX,16384,0,1,In use,obt-collector1,4,0/0/CPU0,16,encap,0

2020-02-02 20:23:57.262000+00:00,leaf8,sg15,Interface TX,16384,0,1,In use,obt-collector1,4,0/0/CPU0,16,ext-tcam-ipv4,0

2020-02-02 20:23:57.262000+00:00,leaf8,sg15,Interface TX,16384,0,1,In use,obt-collector1,4,0/0/CPU0,16,lpm,0

2020-02-02 20:24:09.368000+00:00,leaf8,sg15,Interface TX,16384,0,1,In use,obt-collector1,4,0/0/CPU0,16,ext-tcam-ipv4,0

2020-02-02 20:24:09.368000+00:00,leaf8,sg15,Interface TX,16384,0,1,In use,obt-collector1,4,0/0/CPU0,16,lpm,0

2020-02-02 20:24:09.368000+00:00,leaf8,sg15,Interface TX,16384,0,1,In use,obt-collector1,4,0/0/CPU0,16,lem,0

2020-02-02 20:24:09.368000+00:00,leaf8,sg15,Interface TX,16384,0,1,In use,obt-collector1,4,0/0/CPU0,16,encap,0

2020-02-02 20:24:21.553000+00:00,leaf8,sg15,Interface TX,16384,0,1,In use,obt-collector1,4,0/0/CPU0,16,lem,0

2020-02-02 20:24:21.553000+00:00,leaf8,sg15,Interface TX,16384,0,1,In use,obt-collector1,4,0/0/CPU0,16,encap,0

2020-02-02 20:24:21.553000+00:00,leaf8,sg15,Interface TX,16384,0,1,In use,obt-collector1,4,0/0/CPU0,16,ext-tcam-ipv4,0

2020-02-02 20:24:21.553000+00:00,leaf8,sg15,Interface TX,16384,0,1,In use,obt-collector1,4,0/0/CPU0,16,lpm,0

2020-02-02 20:24:33.608000+00:00,leaf8,sg15,Interface TX,16384,0,1,In use,obt-collector1,4,0/0/CPU0,16,ext-tcam-ipv4,0

2020-02-02 20:24:33.608000+00:00,leaf8,sg15,Interface TX,16384,0,1,In use,obt-collector1,4,0/0/CPU0,16,lpm,0

2020-02-02 20:24:33.608000+00:00,leaf8,sg15,Interface TX,16384,0,1,In use,obt-collector1,4,0/0/CPU0,16,lem,0

2020-02-02 20:24:33.608000+00:00,leaf8,sg15,Interface TX,16384,0,1,In use,obt-collector1,4,0/0/CPU0,16,encap,0

2020-02-02 20:24:45.844000+00:00,leaf8,sg15,Interface TX,16384,0,1,In use,obt-collector1,4,0/0/CPU0,16,lem,0

2020-02-02 20:24:45.844000+00:00,leaf8,sg15,Interface TX,16384,0,1,In use,obt-collector1,4,0/0/CPU0,16,encap,0

2020-02-02 20:24:45.844000+00:00,leaf8,sg15,Interface TX,16384,0,1,In use,obt-collector1,4,0/0/CPU0,16,ext-tcam-ipv4,0

2020-02-02 20:24:45.844000+00:00,leaf8,sg15,Interface TX,16384,0,1,In use,obt-collector1,4,0/0/CPU0,16,lpm,0

2020-02-02 20:24:57.785000+00:00,leaf8,sg15,Interface TX,16384,0,1,In use,obt-collector1,4,0/0/CPU0,16,lem,0

2020-02-02 20:24:57.785000+00:00,leaf8,sg15,Interface TX,16384,0,1,In use,obt-collector1,4,0/0/CPU0,16,lpm,0

2020-02-02 20:24:57.785000+00:00,leaf8,sg15,Interface TX,16384,0,1,In use,obt-collector1,4,0/0/CPU0,16,encap,0

2020-02-02 20:24:57.786000+00:00,leaf8,sg15,Interface TX,16384,0,1,In use,obt-collector1,4,0/0/CPU0,16,ext-tcam-ipv4,0

2020-02-02 20:25:09.897000+00:00,leaf8,sg15,Interface TX,16384,0,1,In use,obt-collector1,4,0/0/CPU0,16,encap,0

2020-02-02 20:25:09.897000+00:00,leaf8,sg15,Interface TX,16384,0,1,In use,obt-collector1,4,0/0/CPU0,16,ext-tcam-ipv4,0

2020-02-02 20:25:09.897000+00:00,leaf8,sg15,Interface TX,16384,0,1,In use,obt-collector1,4,0/0/CPU0,16,lpm,0

2020-02-02 20:25:09.897000+00:00,leaf8,sg15,Interface TX,16384,0,1,In use,obt-collector1,4,0/0/CPU0,16,lem,0

2020-02-02 20:25:22.013000+00:00,leaf8,sg15,Interface TX,16384,0,1,In use,obt-collector1,4,0/0/CPU0,16,lpm,0

2020-02-02 20:25:22.013000+00:00,leaf8,sg15,Interface TX,16384,0,1,In use,obt-collector1,4,0/0/CPU0,16,lem,0

2020-02-02 20:25:22.013000+00:00,leaf8,sg15,Interface TX,16384,0,1,In use,obt-collector1,4,0/0/CPU0,16,encap,0

2020-02-02 20:25:22.013000+00:00,leaf8,sg15,Interface TX,16384,0,1,In use,obt-collector1,4,0/0/CPU0,16,ext-tcam-ipv4,0

2020-02-02 20:25:34.188000+00:00,leaf8,sg15,Interface TX,16384,0,1,In use,obt-collector1,4,0/0/CPU0,16,encap,0

2020-02-02 20:25:34.188000+00:00,leaf8,sg15,Interface TX,16384,0,1,In use,obt-collector1,4,0/0/CPU0,16,ext-tcam-ipv4,0

2020-02-02 20:25:34.188000+00:00,leaf8,sg15,Interface TX,16384,0,1,In use,obt-collector1,4,0/0/CPU0,16,lpm,0

2020-02-02 20:25:34.188000+00:00,leaf8,sg15,Interface TX,16384,0,1,In use,obt-collector1,4,0/0/CPU0,16,lem,0

2020-02-02 20:25:46.453000+00:00,leaf8,sg15,Interface TX,16384,0,1,In use,obt-collector1,4,0/0/CPU0,16,lpm,0

2020-02-02 20:25:46.453000+00:00,leaf8,sg15,Interface TX,16384,0,1,In use,obt-collector1,4,0/0/CPU0,16,lem,0

2020-02-02 20:25:46.453000+00:00,leaf8,sg15,Interface TX,16384,0,1,In use,obt-collector1,4,0/0/CPU0,16,encap,0

2020-02-02 20:25:46.453000+00:00,leaf8,sg15,Interface TX,16384,0,1,In use,obt-collector1,4,0/0/CPU0,16,ext-tcam-ipv4,0

2020-02-02 20:25:58.342000+00:00,leaf8,sg15,Interface TX,16384,0,1,In use,obt-collector1,4,0/0/CPU0,16,encap,0

2020-02-02 20:25:58.342000+00:00,leaf8,sg15,Interface TX,16384,0,1,In use,obt-collector1,4,0/0/CPU0,16,ext-tcam-ipv4,0

2020-02-02 20:25:58.342000+00:00,leaf8,sg15,Interface TX,16384,0,1,In use,obt-collector1,4,0/0/CPU0,16,lpm,0

2020-02-02 20:25:58.342000+00:00,leaf8,sg15,Interface TX,16384,0,1,In use,obt-collector1,4,0/0/CPU0,16,lem,0

2020-02-02 20:26:11.376000+00:00,leaf8,sg15,Interface TX,16384,0,1,In use,obt-collector1,4,0/0/CPU0,16,lpm,0

2020-02-02 20:26:11.376000+00:00,leaf8,sg15,Interface TX,16384,0,1,In use,obt-collector1,4,0/0/CPU0,16,lem,0

2020-02-02 20:26:11.376000+00:00,leaf8,sg15,Interface TX,16384,0,1,In use,obt-collector1,4,0/0/CPU0,16,encap,0

2020-02-02 20:26:11.376000+00:00,leaf8,sg15,Interface TX,16384,0,1,In use,obt-collector1,4,0/0/CPU0,16,ext-tcam-ipv4,0

2020-02-02 20:26:23.869000+00:00,leaf8,sg15,Interface TX,16384,0,1,In use,obt-collector1,4,0/0/CPU0,16,encap,0

2020-02-02 20:26:23.869000+00:00,leaf8,sg15,Interface TX,16384,0,1,In use,obt-collector1,4,0/0/CPU0,16,ext-tcam-ipv4,0

2020-02-02 20:26:23.869000+00:00,leaf8,sg15,Interface TX,16384,0,1,In use,obt-collector1,4,0/0/CPU0,16,lpm,0

2020-02-02 20:26:23.869000+00:00,leaf8,sg15,Interface TX,16384,0,1,In use,obt-collector1,4,0/0/CPU0,16,lem,0

2020-02-02 20:26:35.995000+00:00,leaf8,sg15,Interface TX,16384,0,1,In use,obt-collector1,4,0/0/CPU0,16,lpm,0

2020-02-02 20:26:35.995000+00:00,leaf8,sg15,Interface TX,16384,0,1,In use,obt-collector1,4,0/0/CPU0,16,lem,0

2020-02-02 20:26:35.995000+00:00,leaf8,sg15,Interface TX,16384,0,1,In use,obt-collector1,4,0/0/CPU0,16,encap,0

2020-02-02 20:26:35.995000+00:00,leaf8,sg15,Interface TX,16384,0,1,In use,obt-collector1,4,0/0/CPU0,16,ext-tcam-ipv4,0

2020-02-02 20:26:48.235000+00:00,leaf8,sg15,Interface TX,16384,0,1,In use,obt-collector1,4,0/0/CPU0,16,encap,0

2020-02-02 20:26:48.235000+00:00,leaf8,sg15,Interface TX,16384,0,1,In use,obt-collector1,4,0/0/CPU0,16,ext-tcam-ipv4,0

2020-02-02 20:26:48.235000+00:00,leaf8,sg15,Interface TX,16384,0,1,In use,obt-collector1,4,0/0/CPU0,16,lpm,0

2020-02-02 20:26:48.235000+00:00,leaf8,sg15,Interface TX,16384,0,1,In use,obt-collector1,4,0/0/CPU0,16,lem,0

2020-02-02 20:27:00.346000+00:00,leaf8,sg15,Interface TX,16384,0,1,In use,obt-collector1,4,0/0/CPU0,16,lpm,0

2020-02-02 20:27:00.346000+00:00,leaf8,sg15,Interface TX,16384,0,1,In use,obt-collector1,4,0/0/CPU0,16,lem,0

2020-02-02 20:27:00.346000+00:00,leaf8,sg15,Interface TX,16384,0,1,In use,obt-collector1,4,0/0/CPU0,16,encap,0

2020-02-02 20:27:00.346000+00:00,leaf8,sg15,Interface TX,16384,0,1,In use,obt-collector1,4,0/0/CPU0,16,ext-tcam-ipv4,0

2020-02-02 20:27:12.311000+00:00,leaf8,sg15,Interface TX,16384,0,1,In use,obt-collector1,4,0/0/CPU0,16,encap,0

2020-02-02 20:27:12.311000+00:00,leaf8,sg15,Interface TX,16384,0,1,In use,obt-collector1,4,0/0/CPU0,16,ext-tcam-ipv4,0

2020-02-02 20:27:12.311000+00:00,leaf8,sg15,Interface TX,16384,0,1,In use,obt-collector1,4,0/0/CPU0,16,lpm,0

2020-02-02 20:27:12.311000+00:00,leaf8,sg15,Interface TX,16384,0,1,In use,obt-collector1,4,0/0/CPU0,16,lem,0

2020-02-02 20:27:24.437000+00:00,leaf8,sg15,Interface TX,16384,0,1,In use,obt-collector1,4,0/0/CPU0,16,lpm,0

2020-02-02 20:27:24.437000+00:00,leaf8,sg15,Interface TX,16384,0,1,In use,obt-collector1,4,0/0/CPU0,16,lem,0

2020-02-02 20:27:24.437000+00:00,leaf8,sg15,Interface TX,16384,0,1,In use,obt-collector1,4,0/0/CPU0,16,encap,0

2020-02-02 20:27:24.437000+00:00,leaf8,sg15,Interface TX,16384,0,1,In use,obt-collector1,4,0/0/CPU0,16,ext-tcam-ipv4,0

2020-02-02 20:27:37.287000+00:00,leaf8,sg15,Interface TX,16384,0,1,In use,obt-collector1,4,0/0/CPU0,16,encap,0

2020-02-02 20:27:37.287000+00:00,leaf8,sg15,Interface TX,16384,0,1,In use,obt-collector1,4,0/0/CPU0,16,ext-tcam-ipv4,0

2020-02-02 20:27:37.287000+00:00,leaf8,sg15,Interface TX,16384,0,1,In use,obt-collector1,4,0/0/CPU0,16,lpm,0

2020-02-02 20:27:37.287000+00:00,leaf8,sg15,Interface TX,16384,0,1,In use,obt-collector1,4,0/0/CPU0,16,lem,0

2020-02-02 20:27:49.576000+00:00,leaf8,sg15,Interface TX,16384,0,1,In use,obt-collector1,4,0/0/CPU0,16,lpm,0

2020-02-02 20:27:49.576000+00:00,leaf8,sg15,Interface TX,16384,0,1,In use,obt-collector1,4,0/0/CPU0,16,lem,0

2020-02-02 20:27:49.576000+00:00,leaf8,sg15,Interface TX,16384,0,1,In use,obt-collector1,4,0/0/CPU0,16,encap,0

2020-02-02 20:27:49.576000+00:00,leaf8,sg15,Interface TX,16384,0,1,In use,obt-collector1,4,0/0/CPU0,16,ext-tcam-ipv4,0

2020-02-02 20:28:01.633000+00:00,leaf8,sg15,Interface TX,16384,0,1,In use,obt-collector1,4,0/0/CPU0,16,encap,0

2020-02-02 20:28:01.633000+00:00,leaf8,sg15,Interface TX,16384,0,1,In use,obt-collector1,4,0/0/CPU0,16,ext-tcam-ipv4,0

2020-02-02 20:28:01.633000+00:00,leaf8,sg15,Interface TX,16384,0,1,In use,obt-collector1,4,0/0/CPU0,16,lpm,0

2020-02-02 20:28:01.633000+00:00,leaf8,sg15,Interface TX,16384,0,1,In use,obt-collector1,4,0/0/CPU0,16,lem,0

2020-02-02 20:28:13.688000+00:00,leaf8,sg15,Interface TX,16384,0,1,In use,obt-collector1,4,0/0/CPU0,16,lpm,0

2020-02-02 20:28:13.688000+00:00,leaf8,sg15,Interface TX,16384,0,1,In use,obt-collector1,4,0/0/CPU0,16,lem,0

2020-02-02 20:28:13.688000+00:00,leaf8,sg15,Interface TX,16384,0,1,In use,obt-collector1,4,0/0/CPU0,16,encap,0

2020-02-02 20:28:13.688000+00:00,leaf8,sg15,Interface TX,16384,0,1,In use,obt-collector1,4,0/0/CPU0,16,ext-tcam-ipv4,0

2020-02-02 20:28:25.829000+00:00,leaf8,sg15,Interface TX,16384,0,1,In use,obt-collector1,4,0/0/CPU0,16,encap,0

2020-02-02 20:28:25.829000+00:00,leaf8,sg15,Interface TX,16384,0,1,In use,obt-collector1,4,0/0/CPU0,16,ext-tcam-ipv4,0

2020-02-02 20:28:25.829000+00:00,leaf8,sg15,Interface TX,16384,0,1,In use,obt-collector1,4,0/0/CPU0,16,lpm,0

2020-02-02 20:28:25.829000+00:00,leaf8,sg15,Interface TX,16384,0,1,In use,obt-collector1,4,0/0/CPU0,16,lem,0

2020-02-02 20:28:37.856000+00:00,leaf8,sg15,Interface TX,16384,0,1,In use,obt-collector1,4,0/0/CPU0,16,lpm,0

2020-02-02 20:28:37.856000+00:00,leaf8,sg15,Interface TX,16384,0,1,In use,obt-collector1,4,0/0/CPU0,16,lem,0

2020-02-02 20:28:37.856000+00:00,leaf8,sg15,Interface TX,16384,0,1,In use,obt-collector1,4,0/0/CPU0,16,encap,0

2020-02-02 20:28:37.856000+00:00,leaf8,sg15,Interface TX,16384,0,1,In use,obt-collector1,4,0/0/CPU0,16,ext-tcam-ipv4,0

2020-02-02 20:28:50.134000+00:00,leaf8,sg15,Interface TX,16384,0,1,In use,obt-collector1,4,0/0/CPU0,16,encap,0

2020-02-02 20:28:50.134000+00:00,leaf8,sg15,Interface TX,16384,0,1,In use,obt-collector1,4,0/0/CPU0,16,ext-tcam-ipv4,0

2020-02-02 20:28:50.134000+00:00,leaf8,sg15,Interface TX,16384,0,1,In use,obt-collector1,4,0/0/CPU0,16,lpm,0

2020-02-02 20:28:50.134000+00:00,leaf8,sg15,Interface TX,16384,0,1,In use,obt-collector1,4,0/0/CPU0,16,lem,0

2020-02-02 20:29:03.819000+00:00,leaf8,sg15,Interface TX,16384,0,1,In use,obt-collector1,4,0/0/CPU0,16,lpm,0

2020-02-02 20:29:03.819000+00:00,leaf8,sg15,Interface TX,16384,0,1,In use,obt-collector1,4,0/0/CPU0,16,lem,0

2020-02-02 20:29:03.819000+00:00,leaf8,sg15,Interface TX,16384,0,1,In use,obt-collector1,4,0/0/CPU0,16,encap,0

2020-02-02 20:29:03.819000+00:00,leaf8,sg15,Interface TX,16384,0,1,In use,obt-collector1,4,0/0/CPU0,16,ext-tcam-ipv4,0

2020-02-02 20:29:15.877000+00:00,leaf8,sg15,Interface TX,16384,0,1,In use,obt-collector1,4,0/0/CPU0,16,encap,0

2020-02-02 20:29:15.877000+00:00,leaf8,sg15,Interface TX,16384,0,1,In use,obt-collector1,4,0/0/CPU0,16,ext-tcam-ipv4,0

2020-02-02 20:29:15.877000+00:00,leaf8,sg15,Interface TX,16384,0,1,In use,obt-collector1,4,0/0/CPU0,16,lpm,0

2020-02-02 20:29:15.877000+00:00,leaf8,sg15,Interface TX,16384,0,1,In use,obt-collector1,4,0/0/CPU0,16,lem,0

2020-02-02 20:29:28.494000+00:00,leaf8,sg15,Interface TX,16384,0,1,In use,obt-collector1,4,0/0/CPU0,16,lpm,0

2020-02-02 20:29:28.494000+00:00,leaf8,sg15,Interface TX,16384,0,1,In use,obt-collector1,4,0/0/CPU0,16,lem,0

2020-02-02 20:29:28.494000+00:00,leaf8,sg15,Interface TX,16384,0,1,In use,obt-collector1,4,0/0/CPU0,16,encap,0

2020-02-02 20:29:28.494000+00:00,leaf8,sg15,Interface TX,16384,0,1,In use,obt-collector1,4,0/0/CPU0,16,ext-tcam-ipv4,0

2020-02-02 20:29:40.624000+00:00,leaf8,sg15,Interface TX,16384,0,1,In use,obt-collector1,4,0/0/CPU0,16,encap,0

2020-02-02 20:29:40.624000+00:00,leaf8,sg15,Interface TX,16384,0,1,In use,obt-collector1,4,0/0/CPU0,16,ext-tcam-ipv4,0

2020-02-02 20:29:40.624000+00:00,leaf8,sg15,Interface TX,16384,0,1,In use,obt-collector1,4,0/0/CPU0,16,lpm,0

2020-02-02 20:29:40.624000+00:00,leaf8,sg15,Interface TX,16384,0,1,In use,obt-collector1,4,0/0/CPU0,16,lem,0

2020-02-02 20:29:52.741000+00:00,leaf8,sg15,Interface TX,16384,0,1,In use,obt-collector1,4,0/0/CPU0,16,lpm,0

2020-02-02 20:29:52.741000+00:00,leaf8,sg15,Interface TX,16384,0,1,In use,obt-collector1,4,0/0/CPU0,16,lem,0

2020-02-02 20:29:52.741000+00:00,leaf8,sg15,Interface TX,16384,0,1,In use,obt-collector1,4,0/0/CPU0,16,encap,0

2020-02-02 20:29:52.741000+00:00,leaf8,sg15,Interface TX,16384,0,1,In use,obt-collector1,4,0/0/CPU0,16,ext-tcam-ipv4,0

2020-02-02 20:30:04.941000+00:00,leaf8,sg15,Interface TX,16384,0,1,In use,obt-collector1,4,0/0/CPU0,16,encap,0

2020-02-02 20:30:04.941000+00:00,leaf8,sg15,Interface TX,16384,0,1,In use,obt-collector1,4,0/0/CPU0,16,ext-tcam-ipv4,0

2020-02-02 20:30:04.941000+00:00,leaf8,sg15,Interface TX,16384,0,1,In use,obt-collector1,4,0/0/CPU0,16,lpm,0

2020-02-02 20:30:04.941000+00:00,leaf8,sg15,Interface TX,16384,0,1,In use,obt-collector1,4,0/0/CPU0,16,lem,0

2020-02-02 20:30:16.996000+00:00,leaf8,sg15,Interface TX,16384,0,1,In use,obt-collector1,4,0/0/CPU0,16,lpm,0

2020-02-02 20:30:16.996000+00:00,leaf8,sg15,Interface TX,16384,0,1,In use,obt-collector1,4,0/0/CPU0,16,lem,0

2020-02-02 20:30:16.996000+00:00,leaf8,sg15,Interface TX,16384,0,1,In use,obt-collector1,4,0/0/CPU0,16,encap,0

2020-02-02 20:30:16.996000+00:00,leaf8,sg15,Interface TX,16384,0,1,In use,obt-collector1,4,0/0/CPU0,16,ext-tcam-ipv4,0

2020-02-02 20:30:29.090000+00:00,leaf8,sg15,Interface TX,16384,0,1,In use,obt-collector1,4,0/0/CPU0,16,encap,0

2020-02-02 20:30:29.090000+00:00,leaf8,sg15,Interface TX,16384,0,1,In use,obt-collector1,4,0/0/CPU0,16,ext-tcam-ipv4,0

2020-02-02 20:30:29.090000+00:00,leaf8,sg15,Interface TX,16384,0,1,In use,obt-collector1,4,0/0/CPU0,16,lpm,0

2020-02-02 20:30:29.090000+00:00,leaf8,sg15,Interface TX,16384,0,1,In use,obt-collector1,4,0/0/CPU0,16,lem,0

2020-02-02 20:30:42.238000+00:00,leaf8,sg15,Interface TX,16384,0,1,In use,obt-collector1,4,0/0/CPU0,16,lpm,0

2020-02-02 20:30:42.238000+00:00,leaf8,sg15,Interface TX,16384,0,1,In use,obt-collector1,4,0/0/CPU0,16,lem,0

2020-02-02 20:30:42.238000+00:00,leaf8,sg15,Interface TX,16384,0,1,In use,obt-collector1,4,0/0/CPU0,16,encap,0

2020-02-02 20:30:42.238000+00:00,leaf8,sg15,Interface TX,16384,0,1,In use,obt-collector1,4,0/0/CPU0,16,ext-tcam-ipv4,0

2020-02-02 20:30:54.307000+00:00,leaf8,sg15,Interface TX,16384,0,1,In use,obt-collector1,4,0/0/CPU0,16,encap,0

2020-02-02 20:30:54.307000+00:00,leaf8,sg15,Interface TX,16384,0,1,In use,obt-collector1,4,0/0/CPU0,16,ext-tcam-ipv4,0

2020-02-02 20:30:54.307000+00:00,leaf8,sg15,Interface TX,16384,0,1,In use,obt-collector1,4,0/0/CPU0,16,lpm,0

2020-02-02 20:30:54.307000+00:00,leaf8,sg15,Interface TX,16384,0,1,In use,obt-collector1,4,0/0/CPU0,16,lem,0

2020-02-02 20:31:06.298000+00:00,leaf8,sg15,Interface TX,16384,0,1,In use,obt-collector1,4,0/0/CPU0,16,lpm,0

2020-02-02 20:31:06.298000+00:00,leaf8,sg15,Interface TX,16384,0,1,In use,obt-collector1,4,0/0/CPU0,16,lem,0

2020-02-02 20:31:06.299000+00:00,leaf8,sg15,Interface TX,16384,0,1,In use,obt-collector1,4,0/0/CPU0,16,encap,0

2020-02-02 20:31:06.299000+00:00,leaf8,sg15,Interface TX,16384,0,1,In use,obt-collector1,4,0/0/CPU0,16,ext-tcam-ipv4,0

2020-02-02 20:31:18.701000+00:00,leaf8,sg15,Interface TX,16384,0,1,In use,obt-collector1,4,0/0/CPU0,16,encap,0

2020-02-02 20:31:18.701000+00:00,leaf8,sg15,Interface TX,16384,0,1,In use,obt-collector1,4,0/0/CPU0,16,ext-tcam-ipv4,0

2020-02-02 20:31:18.701000+00:00,leaf8,sg15,Interface TX,16384,0,1,In use,obt-collector1,4,0/0/CPU0,16,lpm,0

2020-02-02 20:31:18.701000+00:00,leaf8,sg15,Interface TX,16384,0,1,In use,obt-collector1,4,0/0/CPU0,16,lem,0

2020-02-02 20:31:30.807000+00:00,leaf8,sg15,Interface TX,16384,0,1,In use,obt-collector1,4,0/0/CPU0,16,lpm,0

2020-02-02 20:31:30.807000+00:00,leaf8,sg15,Interface TX,16384,0,1,In use,obt-collector1,4,0/0/CPU0,16,lem,0

2020-02-02 20:31:30.807000+00:00,leaf8,sg15,Interface TX,16384,0,1,In use,obt-collector1,4,0/0/CPU0,16,encap,0

2020-02-02 20:31:30.807000+00:00,leaf8,sg15,Interface TX,16384,0,1,In use,obt-collector1,4,0/0/CPU0,16,ext-tcam-ipv4,0

2020-02-02 20:31:43.051000+00:00,leaf8,sg15,Interface TX,16384,0,1,In use,obt-collector1,4,0/0/CPU0,16,encap,0

2020-02-02 20:31:43.051000+00:00,leaf8,sg15,Interface TX,16384,0,1,In use,obt-collector1,4,0/0/CPU0,16,ext-tcam-ipv4,0

2020-02-02 20:31:43.051000+00:00,leaf8,sg15,Interface TX,16384,0,1,In use,obt-collector1,4,0/0/CPU0,16,lpm,0

2020-02-02 20:31:43.051000+00:00,leaf8,sg15,Interface TX,16384,0,1,In use,obt-collector1,4,0/0/CPU0,16,lem,0

2020-02-02 20:31:55.160000+00:00,leaf8,sg15,Interface TX,16384,0,1,In use,obt-collector1,4,0/0/CPU0,16,lpm,0

2020-02-02 20:31:55.160000+00:00,leaf8,sg15,Interface TX,16384,0,1,In use,obt-collector1,4,0/0/CPU0,16,lem,0

2020-02-02 20:31:55.160000+00:00,leaf8,sg15,Interface TX,16384,0,1,In use,obt-collector1,4,0/0/CPU0,16,encap,0

2020-02-02 20:31:55.160000+00:00,leaf8,sg15,Interface TX,16384,0,1,In use,obt-collector1,4,0/0/CPU0,16,ext-tcam-ipv4,0

2020-02-02 20:32:07.725000+00:00,leaf8,sg15,Interface TX,16384,0,1,In use,obt-collector1,4,0/0/CPU0,16,encap,0

2020-02-02 20:32:07.725000+00:00,leaf8,sg15,Interface TX,16384,0,1,In use,obt-collector1,4,0/0/CPU0,16,ext-tcam-ipv4,0

2020-02-02 20:32:07.725000+00:00,leaf8,sg15,Interface TX,16384,0,1,In use,obt-collector1,4,0/0/CPU0,16,lpm,0

2020-02-02 20:32:07.725000+00:00,leaf8,sg15,Interface TX,16384,0,1,In use,obt-collector1,4,0/0/CPU0,16,lem,0

2020-02-02 20:32:19.943000+00:00,leaf8,sg15,Interface TX,16384,0,1,In use,obt-collector1,4,0/0/CPU0,16,lpm,0

2020-02-02 20:32:19.943000+00:00,leaf8,sg15,Interface TX,16384,0,1,In use,obt-collector1,4,0/0/CPU0,16,lem,0

2020-02-02 20:32:19.943000+00:00,leaf8,sg15,Interface TX,16384,0,1,In use,obt-collector1,4,0/0/CPU0,16,encap,0

2020-02-02 20:32:19.943000+00:00,leaf8,sg15,Interface TX,16384,0,1,In use,obt-collector1,4,0/0/CPU0,16,ext-tcam-ipv4,0

2020-02-02 20:32:31.971000+00:00,leaf8,sg15,Interface TX,16384,0,1,In use,obt-collector1,4,0/0/CPU0,16,encap,0

2020-02-02 20:32:31.971000+00:00,leaf8,sg15,Interface TX,16384,0,1,In use,obt-collector1,4,0/0/CPU0,16,ext-tcam-ipv4,0

2020-02-02 20:32:31.971000+00:00,leaf8,sg15,Interface TX,16384,0,1,In use,obt-collector1,4,0/0/CPU0,16,lpm,0

2020-02-02 20:32:31.971000+00:00,leaf8,sg15,Interface TX,16384,0,1,In use,obt-collector1,4,0/0/CPU0,16,lem,0

2020-02-02 20:32:43.971000+00:00,leaf8,sg15,Interface TX,16384,0,1,In use,obt-collector1,4,0/0/CPU0,16,lpm,0

2020-02-02 20:32:43.971000+00:00,leaf8,sg15,Interface TX,16384,0,1,In use,obt-collector1,4,0/0/CPU0,16,lem,0

2020-02-02 20:32:43.971000+00:00,leaf8,sg15,Interface TX,16384,0,1,In use,obt-collector1,4,0/0/CPU0,16,encap,0

2020-02-02 20:32:43.971000+00:00,leaf8,sg15,Interface TX,16384,0,1,In use,obt-collector1,4,0/0/CPU0,16,ext-tcam-ipv4,0

2020-02-02 20:32:56.517000+00:00,leaf8,sg15,Interface TX,16384,0,1,In use,obt-collector1,4,0/0/CPU0,16,lem,0

2020-02-02 20:32:56.518000+00:00,leaf8,sg15,Interface TX,16384,0,1,In use,obt-collector1,4,0/0/CPU0,16,ext-tcam-ipv4,0

2020-02-02 20:32:56.518000+00:00,leaf8,sg15,Interface TX,16384,0,1,In use,obt-collector1,4,0/0/CPU0,16,encap,0

2020-02-02 20:32:56.518000+00:00,leaf8,sg15,Interface TX,16384,0,1,In use,obt-collector1,4,0/0/CPU0,16,lpm,0

2020-02-02 20:33:08.920000+00:00,leaf8,sg15,Interface TX,16384,0,1,In use,obt-collector1,4,0/0/CPU0,16,encap,0

2020-02-02 20:33:08.920000+00:00,leaf8,sg15,Interface TX,16384,0,1,In use,obt-collector1,4,0/0/CPU0,16,lpm,0

2020-02-02 20:33:08.920000+00:00,leaf8,sg15,Interface TX,16384,0,1,In use,obt-collector1,4,0/0/CPU0,16,lem,0

2020-02-02 20:33:08.920000+00:00,leaf8,sg15,Interface TX,16384,0,1,In use,obt-collector1,4,0/0/CPU0,16,ext-tcam-ipv4,0

2020-02-02 20:33:21.017000+00:00,leaf8,sg15,Interface TX,16384,0,1,In use,obt-collector1,4,0/0/CPU0,16,lem,0

2020-02-02 20:33:21.017000+00:00,leaf8,sg15,Interface TX,16384,0,1,In use,obt-collector1,4,0/0/CPU0,16,ext-tcam-ipv4,0

2020-02-02 20:33:21.017000+00:00,leaf8,sg15,Interface TX,16384,0,1,In use,obt-collector1,4,0/0/CPU0,16,encap,0

2020-02-02 20:33:21.017000+00:00,leaf8,sg15,Interface TX,16384,0,1,In use,obt-collector1,4,0/0/CPU0,16,lpm,0

2020-02-02 20:33:33.681000+00:00,leaf8,sg15,Interface TX,16384,0,1,In use,obt-collector1,4,0/0/CPU0,16,encap,0

2020-02-02 20:33:33.681000+00:00,leaf8,sg15,Interface TX,16384,0,1,In use,obt-collector1,4,0/0/CPU0,16,lpm,0

2020-02-02 20:33:33.681000+00:00,leaf8,sg15,Interface TX,16384,0,1,In use,obt-collector1,4,0/0/CPU0,16,lem,0

2020-02-02 20:33:33.681000+00:00,leaf8,sg15,Interface TX,16384,0,1,In use,obt-collector1,4,0/0/CPU0,16,ext-tcam-ipv4,0

2020-02-02 20:33:45.969000+00:00,leaf8,sg15,Interface TX,16384,0,1,In use,obt-collector1,4,0/0/CPU0,16,lem,0

2020-02-02 20:33:45.969000+00:00,leaf8,sg15,Interface TX,16384,0,1,In use,obt-collector1,4,0/0/CPU0,16,ext-tcam-ipv4,0

2020-02-02 20:33:45.969000+00:00,leaf8,sg15,Interface TX,16384,0,1,In use,obt-collector1,4,0/0/CPU0,16,encap,0

2020-02-02 20:33:45.969000+00:00,leaf8,sg15,Interface TX,16384,0,1,In use,obt-collector1,4,0/0/CPU0,16,lpm,0

2020-02-02 20:33:58.396000+00:00,leaf8,sg15,Interface TX,16384,0,1,In use,obt-collector1,4,0/0/CPU0,16,encap,0

2020-02-02 20:33:58.396000+00:00,leaf8,sg15,Interface TX,16384,0,1,In use,obt-collector1,4,0/0/CPU0,16,lpm,0

2020-02-02 20:33:58.396000+00:00,leaf8,sg15,Interface TX,16384,0,1,In use,obt-collector1,4,0/0/CPU0,16,lem,0

2020-02-02 20:33:58.396000+00:00,leaf8,sg15,Interface TX,16384,0,1,In use,obt-collector1,4,0/0/CPU0,16,ext-tcam-ipv4,0

2020-02-02 20:34:10.533000+00:00,leaf8,sg15,Interface TX,16384,0,1,In use,obt-collector1,4,0/0/CPU0,16,lem,0

2020-02-02 20:34:10.533000+00:00,leaf8,sg15,Interface TX,16384,0,1,In use,obt-collector1,4,0/0/CPU0,16,ext-tcam-ipv4,0

2020-02-02 20:34:10.533000+00:00,leaf8,sg15,Interface TX,16384,0,1,In use,obt-collector1,4,0/0/CPU0,16,encap,0

2020-02-02 20:34:10.533000+00:00,leaf8,sg15,Interface TX,16384,0,1,In use,obt-collector1,4,0/0/CPU0,16,lpm,0

2020-02-02 20:34:22.695000+00:00,leaf8,sg15,Interface TX,16384,0,1,In use,obt-collector1,4,0/0/CPU0,16,encap,0

2020-02-02 20:34:22.695000+00:00,leaf8,sg15,Interface TX,16384,0,1,In use,obt-collector1,4,0/0/CPU0,16,lpm,0

2020-02-02 20:34:22.695000+00:00,leaf8,sg15,Interface TX,16384,0,1,In use,obt-collector1,4,0/0/CPU0,16,lem,0

2020-02-02 20:34:22.695000+00:00,leaf8,sg15,Interface TX,16384,0,1,In use,obt-collector1,4,0/0/CPU0,16,ext-tcam-ipv4,0

2020-02-02 20:34:34.931000+00:00,leaf8,sg15,Interface TX,16384,0,1,In use,obt-collector1,4,0/0/CPU0,16,lem,0

2020-02-02 20:34:34.931000+00:00,leaf8,sg15,Interface TX,16384,0,1,In use,obt-collector1,4,0/0/CPU0,16,ext-tcam-ipv4,0

2020-02-02 20:34:34.931000+00:00,leaf8,sg15,Interface TX,16384,0,1,In use,obt-collector1,4,0/0/CPU0,16,encap,0

2020-02-02 20:34:34.931000+00:00,leaf8,sg15,Interface TX,16384,0,1,In use,obt-collector1,4,0/0/CPU0,16,lpm,0

2020-02-02 20:34:47.157000+00:00,leaf8,sg15,Interface TX,16384,0,1,In use,obt-collector1,4,0/0/CPU0,16,encap,0

2020-02-02 20:34:47.157000+00:00,leaf8,sg15,Interface TX,16384,0,1,In use,obt-collector1,4,0/0/CPU0,16,lpm,0

2020-02-02 20:34:47.157000+00:00,leaf8,sg15,Interface TX,16384,0,1,In use,obt-collector1,4,0/0/CPU0,16,lem,0

2020-02-02 20:34:47.157000+00:00,leaf8,sg15,Interface TX,16384,0,1,In use,obt-collector1,4,0/0/CPU0,16,ext-tcam-ipv4,0

2020-02-02 20:34:59.730000+00:00,leaf8,sg15,Interface TX,16384,0,1,In use,obt-collector1,4,0/0/CPU0,16,lem,0

2020-02-02 20:34:59.730000+00:00,leaf8,sg15,Interface TX,16384,0,1,In use,obt-collector1,4,0/0/CPU0,16,ext-tcam-ipv4,0

2020-02-02 20:34:59.730000+00:00,leaf8,sg15,Interface TX,16384,0,1,In use,obt-collector1,4,0/0/CPU0,16,encap,0

2020-02-02 20:34:59.730000+00:00,leaf8,sg15,Interface TX,16384,0,1,In use,obt-collector1,4,0/0/CPU0,16,lpm,0

2020-02-02 20:35:12.402000+00:00,leaf8,sg15,Interface TX,16384,0,1,In use,obt-collector1,4,0/0/CPU0,16,encap,0

2020-02-02 20:35:12.402000+00:00,leaf8,sg15,Interface TX,16384,0,1,In use,obt-collector1,4,0/0/CPU0,16,lpm,0

2020-02-02 20:35:12.402000+00:00,leaf8,sg15,Interface TX,16384,0,1,In use,obt-collector1,4,0/0/CPU0,16,lem,0

2020-02-02 20:35:12.402000+00:00,leaf8,sg15,Interface TX,16384,0,1,In use,obt-collector1,4,0/0/CPU0,16,ext-tcam-ipv4,0

2020-02-02 20:35:24.337000+00:00,leaf8,sg15,Interface TX,16384,0,1,In use,obt-collector1,4,0/0/CPU0,16,lem,0

2020-02-02 20:35:24.337000+00:00,leaf8,sg15,Interface TX,16384,0,1,In use,obt-collector1,4,0/0/CPU0,16,ext-tcam-ipv4,0

2020-02-02 20:35:24.337000+00:00,leaf8,sg15,Interface TX,16384,0,1,In use,obt-collector1,4,0/0/CPU0,16,encap,0

2020-02-02 20:35:24.337000+00:00,leaf8,sg15,Interface TX,16384,0,1,In use,obt-collector1,4,0/0/CPU0,16,lpm,0

2020-02-02 20:35:36.411000+00:00,leaf8,sg15,Interface TX,16384,0,1,In use,obt-collector1,4,0/0/CPU0,16,encap,0

2020-02-02 20:35:36.411000+00:00,leaf8,sg15,Interface TX,16384,0,1,In use,obt-collector1,4,0/0/CPU0,16,lpm,0

2020-02-02 20:35:36.411000+00:00,leaf8,sg15,Interface TX,16384,0,1,In use,obt-collector1,4,0/0/CPU0,16,lem,0

2020-02-02 20:35:36.411000+00:00,leaf8,sg15,Interface TX,16384,0,1,In use,obt-collector1,4,0/0/CPU0,16,ext-tcam-ipv4,0

2020-02-02 20:35:48.647000+00:00,leaf8,sg15,Interface TX,16384,0,1,In use,obt-collector1,4,0/0/CPU0,16,lem,0

2020-02-02 20:35:48.647000+00:00,leaf8,sg15,Interface TX,16384,0,1,In use,obt-collector1,4,0/0/CPU0,16,ext-tcam-ipv4,0

2020-02-02 20:35:48.647000+00:00,leaf8,sg15,Interface TX,16384,0,1,In use,obt-collector1,4,0/0/CPU0,16,encap,0

2020-02-02 20:35:48.647000+00:00,leaf8,sg15,Interface TX,16384,0,1,In use,obt-collector1,4,0/0/CPU0,16,lpm,0

2020-02-02 20:36:00.680000+00:00,leaf8,sg15,Interface TX,16384,0,1,In use,obt-collector1,4,0/0/CPU0,16,encap,0

2020-02-02 20:36:00.680000+00:00,leaf8,sg15,Interface TX,16384,0,1,In use,obt-collector1,4,0/0/CPU0,16,lpm,0

2020-02-02 20:36:00.680000+00:00,leaf8,sg15,Interface TX,16384,0,1,In use,obt-collector1,4,0/0/CPU0,16,lem,0

2020-02-02 20:36:00.680000+00:00,leaf8,sg15,Interface TX,16384,0,1,In use,obt-collector1,4,0/0/CPU0,16,ext-tcam-ipv4,0

2020-02-02 20:36:12.778000+00:00,leaf8,sg15,Interface TX,16384,0,1,In use,obt-collector1,4,0/0/CPU0,16,lem,0

2020-02-02 20:36:12.778000+00:00,leaf8,sg15,Interface TX,16384,0,1,In use,obt-collector1,4,0/0/CPU0,16,ext-tcam-ipv4,0

2020-02-02 20:36:12.778000+00:00,leaf8,sg15,Interface TX,16384,0,1,In use,obt-collector1,4,0/0/CPU0,16,encap,0

2020-02-02 20:36:12.778000+00:00,leaf8,sg15,Interface TX,16384,0,1,In use,obt-collector1,4,0/0/CPU0,16,lpm,0

2020-02-02 20:36:25.056000+00:00,leaf8,sg15,Interface TX,16384,0,1,In use,obt-collector1,4,0/0/CPU0,16,encap,0

2020-02-02 20:36:25.056000+00:00,leaf8,sg15,Interface TX,16384,0,1,In use,obt-collector1,4,0/0/CPU0,16,lpm,0

2020-02-02 20:36:25.056000+00:00,leaf8,sg15,Interface TX,16384,0,1,In use,obt-collector1,4,0/0/CPU0,16,lem,0

2020-02-02 20:36:25.056000+00:00,leaf8,sg15,Interface TX,16384,0,1,In use,obt-collector1,4,0/0/CPU0,16,ext-tcam-ipv4,0

2020-02-02 20:36:37.032000+00:00,leaf8,sg15,Interface TX,16384,0,1,In use,obt-collector1,4,0/0/CPU0,16,lem,0

2020-02-02 20:36:37.032000+00:00,leaf8,sg15,Interface TX,16384,0,1,In use,obt-collector1,4,0/0/CPU0,16,lpm,0

2020-02-02 20:36:37.033000+00:00,leaf8,sg15,Interface TX,16384,0,1,In use,obt-collector1,4,0/0/CPU0,16,ext-tcam-ipv4,0

2020-02-02 20:36:37.033000+00:00,leaf8,sg15,Interface TX,16384,0,1,In use,obt-collector1,4,0/0/CPU0,16,encap,0

2020-02-02 20:36:49.098000+00:00,leaf8,sg15,Interface TX,16384,0,1,In use,obt-collector1,4,0/0/CPU0,16,ext-tcam-ipv4,0

2020-02-02 20:36:49.098000+00:00,leaf8,sg15,Interface TX,16384,0,1,In use,obt-collector1,4,0/0/CPU0,16,encap,0

2020-02-02 20:36:49.098000+00:00,leaf8,sg15,Interface TX,16384,0,1,In use,obt-collector1,4,0/0/CPU0,16,lem,0

2020-02-02 20:36:49.098000+00:00,leaf8,sg15,Interface TX,16384,0,1,In use,obt-collector1,4,0/0/CPU0,16,lpm,0

2020-02-02 20:37:01.340000+00:00,leaf8,sg15,Interface TX,16384,0,1,In use,obt-collector1,4,0/0/CPU0,16,lem,0

2020-02-02 20:37:01.340000+00:00,leaf8,sg15,Interface TX,16384,0,1,In use,obt-collector1,4,0/0/CPU0,16,lpm,0

2020-02-02 20:37:01.340000+00:00,leaf8,sg15,Interface TX,16384,0,1,In use,obt-collector1,4,0/0/CPU0,16,ext-tcam-ipv4,0

2020-02-02 20:37:01.340000+00:00,leaf8,sg15,Interface TX,16384,0,1,In use,obt-collector1,4,0/0/CPU0,16,encap,0

2020-02-02 20:37:13.288000+00:00,leaf8,sg15,Interface TX,16384,0,1,In use,obt-collector1,4,0/0/CPU0,16,ext-tcam-ipv4,0

2020-02-02 20:37:13.288000+00:00,leaf8,sg15,Interface TX,16384,0,1,In use,obt-collector1,4,0/0/CPU0,16,encap,0

2020-02-02 20:37:13.288000+00:00,leaf8,sg15,Interface TX,16384,0,1,In use,obt-collector1,4,0/0/CPU0,16,lem,0

2020-02-02 20:37:13.288000+00:00,leaf8,sg15,Interface TX,16384,0,1,In use,obt-collector1,4,0/0/CPU0,16,lpm,0

2020-02-02 20:37:25.494000+00:00,leaf8,sg15,Interface TX,16384,0,1,In use,obt-collector1,4,0/0/CPU0,16,lem,0

2020-02-02 20:37:25.494000+00:00,leaf8,sg15,Interface TX,16384,0,1,In use,obt-collector1,4,0/0/CPU0,16,lpm,0

2020-02-02 20:37:25.494000+00:00,leaf8,sg15,Interface TX,16384,0,1,In use,obt-collector1,4,0/0/CPU0,16,ext-tcam-ipv4,0

2020-02-02 20:37:25.494000+00:00,leaf8,sg15,Interface TX,16384,0,1,In use,obt-collector1,4,0/0/CPU0,16,encap,0

2020-02-02 20:37:37.507000+00:00,leaf8,sg15,Interface TX,16384,0,1,In use,obt-collector1,4,0/0/CPU0,16,lem,0

2020-02-02 20:37:37.507000+00:00,leaf8,sg15,Interface TX,16384,0,1,In use,obt-collector1,4,0/0/CPU0,16,lpm,0

2020-02-02 20:37:37.508000+00:00,leaf8,sg15,Interface TX,16384,0,1,In use,obt-collector1,4,0/0/CPU0,16,ext-tcam-ipv4,0

2020-02-02 20:37:37.508000+00:00,leaf8,sg15,Interface TX,16384,0,1,In use,obt-collector1,4,0/0/CPU0,16,encap,0

2020-02-02 20:37:49.931000+00:00,leaf8,sg15,Interface TX,16384,0,1,In use,obt-collector1,4,0/0/CPU0,16,lem,0

2020-02-02 20:37:49.931000+00:00,leaf8,sg15,Interface TX,16384,0,1,In use,obt-collector1,4,0/0/CPU0,16,lpm,0

2020-02-02 20:37:49.932000+00:00,leaf8,sg15,Interface TX,16384,0,1,In use,obt-collector1,4,0/0/CPU0,16,ext-tcam-ipv4,0

2020-02-02 20:37:49.932000+00:00,leaf8,sg15,Interface TX,16384,0,1,In use,obt-collector1,4,0/0/CPU0,16,encap,0

