,Producer,Target,brief/name,brief/name-xr,brief/node-id,brief/session-count,client-name,flags/is-recreate-state,flags/is-zombie-state,host,recreate-time

2020-02-02 20:16:53.723000+00:00,leaf8,sg1,,object_tracking,0/RP0/CPU0,0,object_trackingnode0_RP0_CPU0,0,0,obt-collector1,199

2020-02-02 20:16:53.723000+00:00,leaf8,sg1,,ipv4_static,0/RP0/CPU0,0,ipv4_staticnode0_RP0_CPU0,0,0,obt-collector1,60

2020-02-02 20:16:53.723000+00:00,leaf8,sg1,,MPLS-TE,0/RP0/CPU0,0,MPLS-TEnode0_RP0_CPU0,0,0,obt-collector1,180

2020-02-02 20:16:53.723000+00:00,leaf8,sg1,,L2VPN_ATOM,0/RP0/CPU0,0,L2VPN_ATOMnode0_RP0_CPU0,0,0,obt-collector1,120

2020-02-02 20:16:53.723000+00:00,leaf8,sg1,,bundlemgr_distrib,0/RP0/CPU0,0,bundlemgr_distribnode0_RP0_CPU0,0,0,obt-collector1,60

2020-02-02 20:16:53.723000+00:00,leaf8,sg1,,bgp-default,0/RP0/CPU0,43,bgp-defaultnode0_RP0_CPU0,0,0,obt-collector1,60

2020-02-02 20:17:03.737000+00:00,leaf8,sg1,,bundlemgr_distrib,0/RP0/CPU0,0,bundlemgr_distribnode0_RP0_CPU0,0,0,obt-collector1,60

2020-02-02 20:17:03.737000+00:00,leaf8,sg1,,bgp-default,0/RP0/CPU0,43,bgp-defaultnode0_RP0_CPU0,0,0,obt-collector1,60

2020-02-02 20:17:03.737000+00:00,leaf8,sg1,,MPLS-TE,0/RP0/CPU0,0,MPLS-TEnode0_RP0_CPU0,0,0,obt-collector1,180

2020-02-02 20:17:03.737000+00:00,leaf8,sg1,,ipv4_static,0/RP0/CPU0,0,ipv4_staticnode0_RP0_CPU0,0,0,obt-collector1,60

2020-02-02 20:17:03.737000+00:00,leaf8,sg1,,L2VPN_ATOM,0/RP0/CPU0,0,L2VPN_ATOMnode0_RP0_CPU0,0,0,obt-collector1,120

2020-02-02 20:17:03.738000+00:00,leaf8,sg1,,object_tracking,0/RP0/CPU0,0,object_trackingnode0_RP0_CPU0,0,0,obt-collector1,199

2020-02-02 20:17:13.754000+00:00,leaf8,sg1,,L2VPN_ATOM,0/RP0/CPU0,0,L2VPN_ATOMnode0_RP0_CPU0,0,0,obt-collector1,120

2020-02-02 20:17:13.754000+00:00,leaf8,sg1,,object_tracking,0/RP0/CPU0,0,object_trackingnode0_RP0_CPU0,0,0,obt-collector1,199

2020-02-02 20:17:13.754000+00:00,leaf8,sg1,,ipv4_static,0/RP0/CPU0,0,ipv4_staticnode0_RP0_CPU0,0,0,obt-collector1,60

2020-02-02 20:17:13.754000+00:00,leaf8,sg1,,bgp-default,0/RP0/CPU0,43,bgp-defaultnode0_RP0_CPU0,0,0,obt-collector1,60

2020-02-02 20:17:13.754000+00:00,leaf8,sg1,,bundlemgr_distrib,0/RP0/CPU0,0,bundlemgr_distribnode0_RP0_CPU0,0,0,obt-collector1,60

2020-02-02 20:17:13.754000+00:00,leaf8,sg1,,MPLS-TE,0/RP0/CPU0,0,MPLS-TEnode0_RP0_CPU0,0,0,obt-collector1,180

2020-02-02 20:17:23.763000+00:00,leaf8,sg1,,bundlemgr_distrib,0/RP0/CPU0,0,bundlemgr_distribnode0_RP0_CPU0,0,0,obt-collector1,60

2020-02-02 20:17:23.763000+00:00,leaf8,sg1,,MPLS-TE,0/RP0/CPU0,0,MPLS-TEnode0_RP0_CPU0,0,0,obt-collector1,180

2020-02-02 20:17:23.763000+00:00,leaf8,sg1,,L2VPN_ATOM,0/RP0/CPU0,0,L2VPN_ATOMnode0_RP0_CPU0,0,0,obt-collector1,120

2020-02-02 20:17:23.763000+00:00,leaf8,sg1,,bgp-default,0/RP0/CPU0,43,bgp-defaultnode0_RP0_CPU0,0,0,obt-collector1,60

2020-02-02 20:17:23.764000+00:00,leaf8,sg1,,ipv4_static,0/RP0/CPU0,0,ipv4_staticnode0_RP0_CPU0,0,0,obt-collector1,60

2020-02-02 20:17:23.764000+00:00,leaf8,sg1,,object_tracking,0/RP0/CPU0,0,object_trackingnode0_RP0_CPU0,0,0,obt-collector1,199

2020-02-02 20:17:33.774000+00:00,leaf8,sg1,,L2VPN_ATOM,0/RP0/CPU0,0,L2VPN_ATOMnode0_RP0_CPU0,0,0,obt-collector1,120

2020-02-02 20:17:33.775000+00:00,leaf8,sg1,,object_tracking,0/RP0/CPU0,0,object_trackingnode0_RP0_CPU0,0,0,obt-collector1,199

2020-02-02 20:17:33.775000+00:00,leaf8,sg1,,bgp-default,0/RP0/CPU0,43,bgp-defaultnode0_RP0_CPU0,0,0,obt-collector1,60

2020-02-02 20:17:33.775000+00:00,leaf8,sg1,,bundlemgr_distrib,0/RP0/CPU0,0,bundlemgr_distribnode0_RP0_CPU0,0,0,obt-collector1,60

2020-02-02 20:17:33.775000+00:00,leaf8,sg1,,MPLS-TE,0/RP0/CPU0,0,MPLS-TEnode0_RP0_CPU0,0,0,obt-collector1,180

2020-02-02 20:17:33.775000+00:00,leaf8,sg1,,ipv4_static,0/RP0/CPU0,0,ipv4_staticnode0_RP0_CPU0,0,0,obt-collector1,60

2020-02-02 20:17:43.787000+00:00,leaf8,sg1,,MPLS-TE,0/RP0/CPU0,0,MPLS-TEnode0_RP0_CPU0,0,0,obt-collector1,180

2020-02-02 20:17:43.787000+00:00,leaf8,sg1,,ipv4_static,0/RP0/CPU0,0,ipv4_staticnode0_RP0_CPU0,0,0,obt-collector1,60

2020-02-02 20:17:43.787000+00:00,leaf8,sg1,,bgp-default,0/RP0/CPU0,43,bgp-defaultnode0_RP0_CPU0,0,0,obt-collector1,60

2020-02-02 20:17:43.787000+00:00,leaf8,sg1,,L2VPN_ATOM,0/RP0/CPU0,0,L2VPN_ATOMnode0_RP0_CPU0,0,0,obt-collector1,120

2020-02-02 20:17:43.787000+00:00,leaf8,sg1,,object_tracking,0/RP0/CPU0,0,object_trackingnode0_RP0_CPU0,0,0,obt-collector1,199

2020-02-02 20:17:43.787000+00:00,leaf8,sg1,,bundlemgr_distrib,0/RP0/CPU0,0,bundlemgr_distribnode0_RP0_CPU0,0,0,obt-collector1,60

2020-02-02 20:17:53.793000+00:00,leaf8,sg1,,object_tracking,0/RP0/CPU0,0,object_trackingnode0_RP0_CPU0,0,0,obt-collector1,199

2020-02-02 20:17:53.793000+00:00,leaf8,sg1,,bundlemgr_distrib,0/RP0/CPU0,0,bundlemgr_distribnode0_RP0_CPU0,0,0,obt-collector1,60

2020-02-02 20:17:53.793000+00:00,leaf8,sg1,,bgp-default,0/RP0/CPU0,43,bgp-defaultnode0_RP0_CPU0,0,0,obt-collector1,60

2020-02-02 20:17:53.793000+00:00,leaf8,sg1,,MPLS-TE,0/RP0/CPU0,0,MPLS-TEnode0_RP0_CPU0,0,0,obt-collector1,180

2020-02-02 20:17:53.793000+00:00,leaf8,sg1,,ipv4_static,0/RP0/CPU0,0,ipv4_staticnode0_RP0_CPU0,0,0,obt-collector1,60

2020-02-02 20:17:53.793000+00:00,leaf8,sg1,,L2VPN_ATOM,0/RP0/CPU0,0,L2VPN_ATOMnode0_RP0_CPU0,0,0,obt-collector1,120

2020-02-02 20:18:03.805000+00:00,leaf8,sg1,,ipv4_static,0/RP0/CPU0,0,ipv4_staticnode0_RP0_CPU0,0,0,obt-collector1,60

2020-02-02 20:18:03.805000+00:00,leaf8,sg1,,L2VPN_ATOM,0/RP0/CPU0,0,L2VPN_ATOMnode0_RP0_CPU0,0,0,obt-collector1,120

2020-02-02 20:18:03.805000+00:00,leaf8,sg1,,bgp-default,0/RP0/CPU0,43,bgp-defaultnode0_RP0_CPU0,0,0,obt-collector1,60

2020-02-02 20:18:03.805000+00:00,leaf8,sg1,,object_tracking,0/RP0/CPU0,0,object_trackingnode0_RP0_CPU0,0,0,obt-collector1,199

2020-02-02 20:18:03.805000+00:00,leaf8,sg1,,bundlemgr_distrib,0/RP0/CPU0,0,bundlemgr_distribnode0_RP0_CPU0,0,0,obt-collector1,60

2020-02-02 20:18:03.805000+00:00,leaf8,sg1,,MPLS-TE,0/RP0/CPU0,0,MPLS-TEnode0_RP0_CPU0,0,0,obt-collector1,180

2020-02-02 20:18:13.813000+00:00,leaf8,sg1,,bundlemgr_distrib,0/RP0/CPU0,0,bundlemgr_distribnode0_RP0_CPU0,0,0,obt-collector1,60

2020-02-02 20:18:13.813000+00:00,leaf8,sg1,,MPLS-TE,0/RP0/CPU0,0,MPLS-TEnode0_RP0_CPU0,0,0,obt-collector1,180

2020-02-02 20:18:13.813000+00:00,leaf8,sg1,,bgp-default,0/RP0/CPU0,43,bgp-defaultnode0_RP0_CPU0,0,0,obt-collector1,60

2020-02-02 20:18:13.813000+00:00,leaf8,sg1,,ipv4_static,0/RP0/CPU0,0,ipv4_staticnode0_RP0_CPU0,0,0,obt-collector1,60

2020-02-02 20:18:13.813000+00:00,leaf8,sg1,,L2VPN_ATOM,0/RP0/CPU0,0,L2VPN_ATOMnode0_RP0_CPU0,0,0,obt-collector1,120

2020-02-02 20:18:13.813000+00:00,leaf8,sg1,,object_tracking,0/RP0/CPU0,0,object_trackingnode0_RP0_CPU0,0,0,obt-collector1,199

2020-02-02 20:18:23.819000+00:00,leaf8,sg1,,L2VPN_ATOM,0/RP0/CPU0,0,L2VPN_ATOMnode0_RP0_CPU0,0,0,obt-collector1,120

2020-02-02 20:18:23.819000+00:00,leaf8,sg1,,object_tracking,0/RP0/CPU0,0,object_trackingnode0_RP0_CPU0,0,0,obt-collector1,199

2020-02-02 20:18:23.819000+00:00,leaf8,sg1,,bgp-default,0/RP0/CPU0,43,bgp-defaultnode0_RP0_CPU0,0,0,obt-collector1,60

2020-02-02 20:18:23.819000+00:00,leaf8,sg1,,bundlemgr_distrib,0/RP0/CPU0,0,bundlemgr_distribnode0_RP0_CPU0,0,0,obt-collector1,60

2020-02-02 20:18:23.819000+00:00,leaf8,sg1,,MPLS-TE,0/RP0/CPU0,0,MPLS-TEnode0_RP0_CPU0,0,0,obt-collector1,180

2020-02-02 20:18:23.819000+00:00,leaf8,sg1,,ipv4_static,0/RP0/CPU0,0,ipv4_staticnode0_RP0_CPU0,0,0,obt-collector1,60

2020-02-02 20:18:33.841000+00:00,leaf8,sg1,,MPLS-TE,0/RP0/CPU0,0,MPLS-TEnode0_RP0_CPU0,0,0,obt-collector1,180

2020-02-02 20:18:33.841000+00:00,leaf8,sg1,,ipv4_static,0/RP0/CPU0,0,ipv4_staticnode0_RP0_CPU0,0,0,obt-collector1,60

2020-02-02 20:18:33.841000+00:00,leaf8,sg1,,bgp-default,0/RP0/CPU0,43,bgp-defaultnode0_RP0_CPU0,0,0,obt-collector1,60

2020-02-02 20:18:33.841000+00:00,leaf8,sg1,,L2VPN_ATOM,0/RP0/CPU0,0,L2VPN_ATOMnode0_RP0_CPU0,0,0,obt-collector1,120

2020-02-02 20:18:33.841000+00:00,leaf8,sg1,,object_tracking,0/RP0/CPU0,0,object_trackingnode0_RP0_CPU0,0,0,obt-collector1,199

2020-02-02 20:18:33.841000+00:00,leaf8,sg1,,bundlemgr_distrib,0/RP0/CPU0,0,bundlemgr_distribnode0_RP0_CPU0,0,0,obt-collector1,60

2020-02-02 20:18:43.848000+00:00,leaf8,sg1,,bgp-default,0/RP0/CPU0,43,bgp-defaultnode0_RP0_CPU0,0,0,obt-collector1,60

2020-02-02 20:18:43.848000+00:00,leaf8,sg1,,MPLS-TE,0/RP0/CPU0,0,MPLS-TEnode0_RP0_CPU0,0,0,obt-collector1,180

2020-02-02 20:18:43.848000+00:00,leaf8,sg1,,L2VPN_ATOM,0/RP0/CPU0,0,L2VPN_ATOMnode0_RP0_CPU0,0,0,obt-collector1,120

2020-02-02 20:18:43.849000+00:00,leaf8,sg1,,bundlemgr_distrib,0/RP0/CPU0,0,bundlemgr_distribnode0_RP0_CPU0,0,0,obt-collector1,60

2020-02-02 20:18:43.849000+00:00,leaf8,sg1,,object_tracking,0/RP0/CPU0,0,object_trackingnode0_RP0_CPU0,0,0,obt-collector1,199

2020-02-02 20:18:43.849000+00:00,leaf8,sg1,,ipv4_static,0/RP0/CPU0,0,ipv4_staticnode0_RP0_CPU0,0,0,obt-collector1,60

2020-02-02 20:18:53.853000+00:00,leaf8,sg1,,object_tracking,0/RP0/CPU0,0,object_trackingnode0_RP0_CPU0,0,0,obt-collector1,199

2020-02-02 20:18:53.853000+00:00,leaf8,sg1,,ipv4_static,0/RP0/CPU0,0,ipv4_staticnode0_RP0_CPU0,0,0,obt-collector1,60

2020-02-02 20:18:53.853000+00:00,leaf8,sg1,,bundlemgr_distrib,0/RP0/CPU0,0,bundlemgr_distribnode0_RP0_CPU0,0,0,obt-collector1,60

2020-02-02 20:18:53.853000+00:00,leaf8,sg1,,MPLS-TE,0/RP0/CPU0,0,MPLS-TEnode0_RP0_CPU0,0,0,obt-collector1,180

2020-02-02 20:18:53.853000+00:00,leaf8,sg1,,L2VPN_ATOM,0/RP0/CPU0,0,L2VPN_ATOMnode0_RP0_CPU0,0,0,obt-collector1,120

2020-02-02 20:18:53.853000+00:00,leaf8,sg1,,bgp-default,0/RP0/CPU0,43,bgp-defaultnode0_RP0_CPU0,0,0,obt-collector1,60

2020-02-02 20:19:03.877000+00:00,leaf8,sg1,,L2VPN_ATOM,0/RP0/CPU0,0,L2VPN_ATOMnode0_RP0_CPU0,0,0,obt-collector1,120

2020-02-02 20:19:03.877000+00:00,leaf8,sg1,,bgp-default,0/RP0/CPU0,43,bgp-defaultnode0_RP0_CPU0,0,0,obt-collector1,60

2020-02-02 20:19:03.877000+00:00,leaf8,sg1,,bundlemgr_distrib,0/RP0/CPU0,0,bundlemgr_distribnode0_RP0_CPU0,0,0,obt-collector1,60

2020-02-02 20:19:03.877000+00:00,leaf8,sg1,,object_tracking,0/RP0/CPU0,0,object_trackingnode0_RP0_CPU0,0,0,obt-collector1,199

2020-02-02 20:19:03.877000+00:00,leaf8,sg1,,ipv4_static,0/RP0/CPU0,0,ipv4_staticnode0_RP0_CPU0,0,0,obt-collector1,60

2020-02-02 20:19:03.877000+00:00,leaf8,sg1,,MPLS-TE,0/RP0/CPU0,0,MPLS-TEnode0_RP0_CPU0,0,0,obt-collector1,180

2020-02-02 20:19:13.883000+00:00,leaf8,sg1,,L2VPN_ATOM,0/RP0/CPU0,0,L2VPN_ATOMnode0_RP0_CPU0,0,0,obt-collector1,120

2020-02-02 20:19:13.884000+00:00,leaf8,sg1,,MPLS-TE,0/RP0/CPU0,0,MPLS-TEnode0_RP0_CPU0,0,0,obt-collector1,180

2020-02-02 20:19:13.884000+00:00,leaf8,sg1,,ipv4_static,0/RP0/CPU0,0,ipv4_staticnode0_RP0_CPU0,0,0,obt-collector1,60

2020-02-02 20:19:13.884000+00:00,leaf8,sg1,,bundlemgr_distrib,0/RP0/CPU0,0,bundlemgr_distribnode0_RP0_CPU0,0,0,obt-collector1,60

2020-02-02 20:19:13.884000+00:00,leaf8,sg1,,bgp-default,0/RP0/CPU0,43,bgp-defaultnode0_RP0_CPU0,0,0,obt-collector1,60

2020-02-02 20:19:13.884000+00:00,leaf8,sg1,,object_tracking,0/RP0/CPU0,0,object_trackingnode0_RP0_CPU0,0,0,obt-collector1,199

2020-02-02 20:19:23.892000+00:00,leaf8,sg1,,bgp-default,0/RP0/CPU0,43,bgp-defaultnode0_RP0_CPU0,0,0,obt-collector1,60

2020-02-02 20:19:23.892000+00:00,leaf8,sg1,,ipv4_static,0/RP0/CPU0,0,ipv4_staticnode0_RP0_CPU0,0,0,obt-collector1,60

2020-02-02 20:19:23.892000+00:00,leaf8,sg1,,L2VPN_ATOM,0/RP0/CPU0,0,L2VPN_ATOMnode0_RP0_CPU0,0,0,obt-collector1,120

2020-02-02 20:19:23.892000+00:00,leaf8,sg1,,MPLS-TE,0/RP0/CPU0,0,MPLS-TEnode0_RP0_CPU0,0,0,obt-collector1,180

2020-02-02 20:19:23.892000+00:00,leaf8,sg1,,bundlemgr_distrib,0/RP0/CPU0,0,bundlemgr_distribnode0_RP0_CPU0,0,0,obt-collector1,60

2020-02-02 20:19:23.893000+00:00,leaf8,sg1,,object_tracking,0/RP0/CPU0,0,object_trackingnode0_RP0_CPU0,0,0,obt-collector1,199

2020-02-02 20:19:33.900000+00:00,leaf8,sg1,,bundlemgr_distrib,0/RP0/CPU0,0,bundlemgr_distribnode0_RP0_CPU0,0,0,obt-collector1,60

2020-02-02 20:19:33.900000+00:00,leaf8,sg1,,MPLS-TE,0/RP0/CPU0,0,MPLS-TEnode0_RP0_CPU0,0,0,obt-collector1,180

2020-02-02 20:19:33.900000+00:00,leaf8,sg1,,ipv4_static,0/RP0/CPU0,0,ipv4_staticnode0_RP0_CPU0,0,0,obt-collector1,60

2020-02-02 20:19:33.900000+00:00,leaf8,sg1,,bgp-default,0/RP0/CPU0,43,bgp-defaultnode0_RP0_CPU0,0,0,obt-collector1,60

2020-02-02 20:19:33.900000+00:00,leaf8,sg1,,L2VPN_ATOM,0/RP0/CPU0,0,L2VPN_ATOMnode0_RP0_CPU0,0,0,obt-collector1,120

2020-02-02 20:19:33.901000+00:00,leaf8,sg1,,object_tracking,0/RP0/CPU0,0,object_trackingnode0_RP0_CPU0,0,0,obt-collector1,199

2020-02-02 20:19:43.905000+00:00,leaf8,sg1,,MPLS-TE,0/RP0/CPU0,0,MPLS-TEnode0_RP0_CPU0,0,0,obt-collector1,180

2020-02-02 20:19:43.905000+00:00,leaf8,sg1,,L2VPN_ATOM,0/RP0/CPU0,0,L2VPN_ATOMnode0_RP0_CPU0,0,0,obt-collector1,120

2020-02-02 20:19:43.906000+00:00,leaf8,sg1,,ipv4_static,0/RP0/CPU0,0,ipv4_staticnode0_RP0_CPU0,0,0,obt-collector1,60

2020-02-02 20:19:43.906000+00:00,leaf8,sg1,,bgp-default,0/RP0/CPU0,43,bgp-defaultnode0_RP0_CPU0,0,0,obt-collector1,60

2020-02-02 20:19:43.906000+00:00,leaf8,sg1,,bundlemgr_distrib,0/RP0/CPU0,0,bundlemgr_distribnode0_RP0_CPU0,0,0,obt-collector1,60

2020-02-02 20:19:43.906000+00:00,leaf8,sg1,,object_tracking,0/RP0/CPU0,0,object_trackingnode0_RP0_CPU0,0,0,obt-collector1,199

2020-02-02 20:19:53.916000+00:00,leaf8,sg1,,MPLS-TE,0/RP0/CPU0,0,MPLS-TEnode0_RP0_CPU0,0,0,obt-collector1,180

2020-02-02 20:19:53.916000+00:00,leaf8,sg1,,L2VPN_ATOM,0/RP0/CPU0,0,L2VPN_ATOMnode0_RP0_CPU0,0,0,obt-collector1,120

2020-02-02 20:19:53.916000+00:00,leaf8,sg1,,bgp-default,0/RP0/CPU0,43,bgp-defaultnode0_RP0_CPU0,0,0,obt-collector1,60

2020-02-02 20:19:53.917000+00:00,leaf8,sg1,,object_tracking,0/RP0/CPU0,0,object_trackingnode0_RP0_CPU0,0,0,obt-collector1,199

2020-02-02 20:19:53.917000+00:00,leaf8,sg1,,ipv4_static,0/RP0/CPU0,0,ipv4_staticnode0_RP0_CPU0,0,0,obt-collector1,60

2020-02-02 20:19:53.917000+00:00,leaf8,sg1,,bundlemgr_distrib,0/RP0/CPU0,0,bundlemgr_distribnode0_RP0_CPU0,0,0,obt-collector1,60

2020-02-02 20:20:03.934000+00:00,leaf8,sg1,,ipv4_static,0/RP0/CPU0,0,ipv4_staticnode0_RP0_CPU0,0,0,obt-collector1,60

2020-02-02 20:20:03.934000+00:00,leaf8,sg1,,bundlemgr_distrib,0/RP0/CPU0,0,bundlemgr_distribnode0_RP0_CPU0,0,0,obt-collector1,60

2020-02-02 20:20:03.934000+00:00,leaf8,sg1,,object_tracking,0/RP0/CPU0,0,object_trackingnode0_RP0_CPU0,0,0,obt-collector1,199

2020-02-02 20:20:03.934000+00:00,leaf8,sg1,,L2VPN_ATOM,0/RP0/CPU0,0,L2VPN_ATOMnode0_RP0_CPU0,0,0,obt-collector1,120

2020-02-02 20:20:03.934000+00:00,leaf8,sg1,,bgp-default,0/RP0/CPU0,43,bgp-defaultnode0_RP0_CPU0,0,0,obt-collector1,60

2020-02-02 20:20:03.934000+00:00,leaf8,sg1,,MPLS-TE,0/RP0/CPU0,0,MPLS-TEnode0_RP0_CPU0,0,0,obt-collector1,180

2020-02-02 20:20:13.957000+00:00,leaf8,sg1,,bgp-default,0/RP0/CPU0,43,bgp-defaultnode0_RP0_CPU0,0,0,obt-collector1,60

2020-02-02 20:20:13.957000+00:00,leaf8,sg1,,MPLS-TE,0/RP0/CPU0,0,MPLS-TEnode0_RP0_CPU0,0,0,obt-collector1,180

2020-02-02 20:20:13.957000+00:00,leaf8,sg1,,bundlemgr_distrib,0/RP0/CPU0,0,bundlemgr_distribnode0_RP0_CPU0,0,0,obt-collector1,60

2020-02-02 20:20:13.957000+00:00,leaf8,sg1,,L2VPN_ATOM,0/RP0/CPU0,0,L2VPN_ATOMnode0_RP0_CPU0,0,0,obt-collector1,120

2020-02-02 20:20:13.958000+00:00,leaf8,sg1,,ipv4_static,0/RP0/CPU0,0,ipv4_staticnode0_RP0_CPU0,0,0,obt-collector1,60

2020-02-02 20:20:13.958000+00:00,leaf8,sg1,,object_tracking,0/RP0/CPU0,0,object_trackingnode0_RP0_CPU0,0,0,obt-collector1,199

2020-02-02 20:20:23.968000+00:00,leaf8,sg1,,ipv4_static,0/RP0/CPU0,0,ipv4_staticnode0_RP0_CPU0,0,0,obt-collector1,60

2020-02-02 20:20:23.968000+00:00,leaf8,sg1,,object_tracking,0/RP0/CPU0,0,object_trackingnode0_RP0_CPU0,0,0,obt-collector1,199

2020-02-02 20:20:23.968000+00:00,leaf8,sg1,,L2VPN_ATOM,0/RP0/CPU0,0,L2VPN_ATOMnode0_RP0_CPU0,0,0,obt-collector1,120

2020-02-02 20:20:23.968000+00:00,leaf8,sg1,,bgp-default,0/RP0/CPU0,43,bgp-defaultnode0_RP0_CPU0,0,0,obt-collector1,60

2020-02-02 20:20:23.968000+00:00,leaf8,sg1,,bundlemgr_distrib,0/RP0/CPU0,0,bundlemgr_distribnode0_RP0_CPU0,0,0,obt-collector1,60

2020-02-02 20:20:23.968000+00:00,leaf8,sg1,,MPLS-TE,0/RP0/CPU0,0,MPLS-TEnode0_RP0_CPU0,0,0,obt-collector1,180

2020-02-02 20:20:33.986000+00:00,leaf8,sg1,,bundlemgr_distrib,0/RP0/CPU0,0,bundlemgr_distribnode0_RP0_CPU0,0,0,obt-collector1,60

2020-02-02 20:20:33.986000+00:00,leaf8,sg1,,MPLS-TE,0/RP0/CPU0,0,MPLS-TEnode0_RP0_CPU0,0,0,obt-collector1,180

2020-02-02 20:20:33.986000+00:00,leaf8,sg1,,L2VPN_ATOM,0/RP0/CPU0,0,L2VPN_ATOMnode0_RP0_CPU0,0,0,obt-collector1,120

2020-02-02 20:20:33.986000+00:00,leaf8,sg1,,ipv4_static,0/RP0/CPU0,0,ipv4_staticnode0_RP0_CPU0,0,0,obt-collector1,60

2020-02-02 20:20:33.986000+00:00,leaf8,sg1,,bgp-default,0/RP0/CPU0,43,bgp-defaultnode0_RP0_CPU0,0,0,obt-collector1,60

2020-02-02 20:20:33.987000+00:00,leaf8,sg1,,object_tracking,0/RP0/CPU0,0,object_trackingnode0_RP0_CPU0,0,0,obt-collector1,199

2020-02-02 20:20:43.999000+00:00,leaf8,sg1,,bgp-default,0/RP0/CPU0,43,bgp-defaultnode0_RP0_CPU0,0,0,obt-collector1,60

2020-02-02 20:20:43.999000+00:00,leaf8,sg1,,object_tracking,0/RP0/CPU0,0,object_trackingnode0_RP0_CPU0,0,0,obt-collector1,199

2020-02-02 20:20:43.999000+00:00,leaf8,sg1,,ipv4_static,0/RP0/CPU0,0,ipv4_staticnode0_RP0_CPU0,0,0,obt-collector1,60

2020-02-02 20:20:43.999000+00:00,leaf8,sg1,,bundlemgr_distrib,0/RP0/CPU0,0,bundlemgr_distribnode0_RP0_CPU0,0,0,obt-collector1,60

2020-02-02 20:20:43.999000+00:00,leaf8,sg1,,MPLS-TE,0/RP0/CPU0,0,MPLS-TEnode0_RP0_CPU0,0,0,obt-collector1,180

2020-02-02 20:20:43.999000+00:00,leaf8,sg1,,L2VPN_ATOM,0/RP0/CPU0,0,L2VPN_ATOMnode0_RP0_CPU0,0,0,obt-collector1,120

2020-02-02 20:20:54.006000+00:00,leaf8,sg1,,MPLS-TE,0/RP0/CPU0,0,MPLS-TEnode0_RP0_CPU0,0,0,obt-collector1,180

2020-02-02 20:20:54.006000+00:00,leaf8,sg1,,L2VPN_ATOM,0/RP0/CPU0,0,L2VPN_ATOMnode0_RP0_CPU0,0,0,obt-collector1,120

2020-02-02 20:20:54.006000+00:00,leaf8,sg1,,ipv4_static,0/RP0/CPU0,0,ipv4_staticnode0_RP0_CPU0,0,0,obt-collector1,60

2020-02-02 20:20:54.006000+00:00,leaf8,sg1,,bgp-default,0/RP0/CPU0,43,bgp-defaultnode0_RP0_CPU0,0,0,obt-collector1,60

2020-02-02 20:20:54.006000+00:00,leaf8,sg1,,object_tracking,0/RP0/CPU0,0,object_trackingnode0_RP0_CPU0,0,0,obt-collector1,199

2020-02-02 20:20:54.006000+00:00,leaf8,sg1,,bundlemgr_distrib,0/RP0/CPU0,0,bundlemgr_distribnode0_RP0_CPU0,0,0,obt-collector1,60

2020-02-02 20:21:04.019000+00:00,leaf8,sg1,,object_tracking,0/RP0/CPU0,0,object_trackingnode0_RP0_CPU0,0,0,obt-collector1,199

2020-02-02 20:21:04.019000+00:00,leaf8,sg1,,bundlemgr_distrib,0/RP0/CPU0,0,bundlemgr_distribnode0_RP0_CPU0,0,0,obt-collector1,60

2020-02-02 20:21:04.019000+00:00,leaf8,sg1,,ipv4_static,0/RP0/CPU0,0,ipv4_staticnode0_RP0_CPU0,0,0,obt-collector1,60

2020-02-02 20:21:04.019000+00:00,leaf8,sg1,,MPLS-TE,0/RP0/CPU0,0,MPLS-TEnode0_RP0_CPU0,0,0,obt-collector1,180

2020-02-02 20:21:04.019000+00:00,leaf8,sg1,,L2VPN_ATOM,0/RP0/CPU0,0,L2VPN_ATOMnode0_RP0_CPU0,0,0,obt-collector1,120

2020-02-02 20:21:04.019000+00:00,leaf8,sg1,,bgp-default,0/RP0/CPU0,43,bgp-defaultnode0_RP0_CPU0,0,0,obt-collector1,60

2020-02-02 20:21:14.032000+00:00,leaf8,sg1,,L2VPN_ATOM,0/RP0/CPU0,0,L2VPN_ATOMnode0_RP0_CPU0,0,0,obt-collector1,120

2020-02-02 20:21:14.033000+00:00,leaf8,sg1,,bgp-default,0/RP0/CPU0,43,bgp-defaultnode0_RP0_CPU0,0,0,obt-collector1,60

2020-02-02 20:21:14.033000+00:00,leaf8,sg1,,ipv4_static,0/RP0/CPU0,0,ipv4_staticnode0_RP0_CPU0,0,0,obt-collector1,60

2020-02-02 20:21:14.033000+00:00,leaf8,sg1,,object_tracking,0/RP0/CPU0,0,object_trackingnode0_RP0_CPU0,0,0,obt-collector1,199

2020-02-02 20:21:14.033000+00:00,leaf8,sg1,,bundlemgr_distrib,0/RP0/CPU0,0,bundlemgr_distribnode0_RP0_CPU0,0,0,obt-collector1,60

2020-02-02 20:21:14.033000+00:00,leaf8,sg1,,MPLS-TE,0/RP0/CPU0,0,MPLS-TEnode0_RP0_CPU0,0,0,obt-collector1,180

2020-02-02 20:21:24.037000+00:00,leaf8,sg1,,L2VPN_ATOM,0/RP0/CPU0,0,L2VPN_ATOMnode0_RP0_CPU0,0,0,obt-collector1,120

2020-02-02 20:21:24.037000+00:00,leaf8,sg1,,bgp-default,0/RP0/CPU0,43,bgp-defaultnode0_RP0_CPU0,0,0,obt-collector1,60

2020-02-02 20:21:24.037000+00:00,leaf8,sg1,,MPLS-TE,0/RP0/CPU0,0,MPLS-TEnode0_RP0_CPU0,0,0,obt-collector1,180

2020-02-02 20:21:24.038000+00:00,leaf8,sg1,,object_tracking,0/RP0/CPU0,0,object_trackingnode0_RP0_CPU0,0,0,obt-collector1,199

2020-02-02 20:21:24.038000+00:00,leaf8,sg1,,ipv4_static,0/RP0/CPU0,0,ipv4_staticnode0_RP0_CPU0,0,0,obt-collector1,60

2020-02-02 20:21:24.038000+00:00,leaf8,sg1,,bundlemgr_distrib,0/RP0/CPU0,0,bundlemgr_distribnode0_RP0_CPU0,0,0,obt-collector1,60

2020-02-02 20:21:34.057000+00:00,leaf8,sg1,,ipv4_static,0/RP0/CPU0,0,ipv4_staticnode0_RP0_CPU0,0,0,obt-collector1,60

2020-02-02 20:21:34.057000+00:00,leaf8,sg1,,bundlemgr_distrib,0/RP0/CPU0,0,bundlemgr_distribnode0_RP0_CPU0,0,0,obt-collector1,60

2020-02-02 20:21:34.057000+00:00,leaf8,sg1,,object_tracking,0/RP0/CPU0,0,object_trackingnode0_RP0_CPU0,0,0,obt-collector1,199

2020-02-02 20:21:34.057000+00:00,leaf8,sg1,,bgp-default,0/RP0/CPU0,43,bgp-defaultnode0_RP0_CPU0,0,0,obt-collector1,60

2020-02-02 20:21:34.057000+00:00,leaf8,sg1,,MPLS-TE,0/RP0/CPU0,0,MPLS-TEnode0_RP0_CPU0,0,0,obt-collector1,180

2020-02-02 20:21:34.057000+00:00,leaf8,sg1,,L2VPN_ATOM,0/RP0/CPU0,0,L2VPN_ATOMnode0_RP0_CPU0,0,0,obt-collector1,120

2020-02-02 20:21:44.064000+00:00,leaf8,sg1,,MPLS-TE,0/RP0/CPU0,0,MPLS-TEnode0_RP0_CPU0,0,0,obt-collector1,180

2020-02-02 20:21:44.064000+00:00,leaf8,sg1,,L2VPN_ATOM,0/RP0/CPU0,0,L2VPN_ATOMnode0_RP0_CPU0,0,0,obt-collector1,120

2020-02-02 20:21:44.064000+00:00,leaf8,sg1,,bgp-default,0/RP0/CPU0,43,bgp-defaultnode0_RP0_CPU0,0,0,obt-collector1,60

2020-02-02 20:21:44.065000+00:00,leaf8,sg1,,object_tracking,0/RP0/CPU0,0,object_trackingnode0_RP0_CPU0,0,0,obt-collector1,199

2020-02-02 20:21:44.065000+00:00,leaf8,sg1,,ipv4_static,0/RP0/CPU0,0,ipv4_staticnode0_RP0_CPU0,0,0,obt-collector1,60

2020-02-02 20:21:44.065000+00:00,leaf8,sg1,,bundlemgr_distrib,0/RP0/CPU0,0,bundlemgr_distribnode0_RP0_CPU0,0,0,obt-collector1,60

2020-02-02 20:21:54.096000+00:00,leaf8,sg1,,ipv4_static,0/RP0/CPU0,0,ipv4_staticnode0_RP0_CPU0,0,0,obt-collector1,60

2020-02-02 20:21:54.096000+00:00,leaf8,sg1,,bundlemgr_distrib,0/RP0/CPU0,0,bundlemgr_distribnode0_RP0_CPU0,0,0,obt-collector1,60

2020-02-02 20:21:54.096000+00:00,leaf8,sg1,,object_tracking,0/RP0/CPU0,0,object_trackingnode0_RP0_CPU0,0,0,obt-collector1,199

2020-02-02 20:21:54.096000+00:00,leaf8,sg1,,L2VPN_ATOM,0/RP0/CPU0,0,L2VPN_ATOMnode0_RP0_CPU0,0,0,obt-collector1,120

2020-02-02 20:21:54.096000+00:00,leaf8,sg1,,bgp-default,0/RP0/CPU0,43,bgp-defaultnode0_RP0_CPU0,0,0,obt-collector1,60

2020-02-02 20:21:54.096000+00:00,leaf8,sg1,,MPLS-TE,0/RP0/CPU0,0,MPLS-TEnode0_RP0_CPU0,0,0,obt-collector1,180

2020-02-02 20:22:04.134000+00:00,leaf8,sg1,,bgp-default,0/RP0/CPU0,43,bgp-defaultnode0_RP0_CPU0,0,0,obt-collector1,60

2020-02-02 20:22:04.134000+00:00,leaf8,sg1,,MPLS-TE,0/RP0/CPU0,0,MPLS-TEnode0_RP0_CPU0,0,0,obt-collector1,180

2020-02-02 20:22:04.134000+00:00,leaf8,sg1,,object_tracking,0/RP0/CPU0,0,object_trackingnode0_RP0_CPU0,0,0,obt-collector1,199

2020-02-02 20:22:04.134000+00:00,leaf8,sg1,,ipv4_static,0/RP0/CPU0,0,ipv4_staticnode0_RP0_CPU0,0,0,obt-collector1,60

2020-02-02 20:22:04.134000+00:00,leaf8,sg1,,bundlemgr_distrib,0/RP0/CPU0,0,bundlemgr_distribnode0_RP0_CPU0,0,0,obt-collector1,60

2020-02-02 20:22:04.134000+00:00,leaf8,sg1,,L2VPN_ATOM,0/RP0/CPU0,0,L2VPN_ATOMnode0_RP0_CPU0,0,0,obt-collector1,120

2020-02-02 20:22:14.139000+00:00,leaf8,sg1,,MPLS-TE,0/RP0/CPU0,0,MPLS-TEnode0_RP0_CPU0,0,0,obt-collector1,180

2020-02-02 20:22:14.139000+00:00,leaf8,sg1,,L2VPN_ATOM,0/RP0/CPU0,0,L2VPN_ATOMnode0_RP0_CPU0,0,0,obt-collector1,120

2020-02-02 20:22:14.140000+00:00,leaf8,sg1,,bundlemgr_distrib,0/RP0/CPU0,0,bundlemgr_distribnode0_RP0_CPU0,0,0,obt-collector1,60

2020-02-02 20:22:14.140000+00:00,leaf8,sg1,,bgp-default,0/RP0/CPU0,43,bgp-defaultnode0_RP0_CPU0,0,0,obt-collector1,60

2020-02-02 20:22:14.140000+00:00,leaf8,sg1,,object_tracking,0/RP0/CPU0,0,object_trackingnode0_RP0_CPU0,0,0,obt-collector1,199

2020-02-02 20:22:14.140000+00:00,leaf8,sg1,,ipv4_static,0/RP0/CPU0,0,ipv4_staticnode0_RP0_CPU0,0,0,obt-collector1,60

2020-02-02 20:22:24.143000+00:00,leaf8,sg1,,object_tracking,0/RP0/CPU0,0,object_trackingnode0_RP0_CPU0,0,0,obt-collector1,199

2020-02-02 20:22:24.143000+00:00,leaf8,sg1,,ipv4_static,0/RP0/CPU0,0,ipv4_staticnode0_RP0_CPU0,0,0,obt-collector1,60

2020-02-02 20:22:24.143000+00:00,leaf8,sg1,,bundlemgr_distrib,0/RP0/CPU0,0,bundlemgr_distribnode0_RP0_CPU0,0,0,obt-collector1,60

2020-02-02 20:22:24.143000+00:00,leaf8,sg1,,MPLS-TE,0/RP0/CPU0,0,MPLS-TEnode0_RP0_CPU0,0,0,obt-collector1,180

2020-02-02 20:22:24.143000+00:00,leaf8,sg1,,L2VPN_ATOM,0/RP0/CPU0,0,L2VPN_ATOMnode0_RP0_CPU0,0,0,obt-collector1,120

2020-02-02 20:22:24.143000+00:00,leaf8,sg1,,bgp-default,0/RP0/CPU0,43,bgp-defaultnode0_RP0_CPU0,0,0,obt-collector1,60

2020-02-02 20:22:34.146000+00:00,leaf8,sg1,,L2VPN_ATOM,0/RP0/CPU0,0,L2VPN_ATOMnode0_RP0_CPU0,0,0,obt-collector1,120

2020-02-02 20:22:34.146000+00:00,leaf8,sg1,,bgp-default,0/RP0/CPU0,43,bgp-defaultnode0_RP0_CPU0,0,0,obt-collector1,60

2020-02-02 20:22:34.146000+00:00,leaf8,sg1,,bundlemgr_distrib,0/RP0/CPU0,0,bundlemgr_distribnode0_RP0_CPU0,0,0,obt-collector1,60

2020-02-02 20:22:34.146000+00:00,leaf8,sg1,,MPLS-TE,0/RP0/CPU0,0,MPLS-TEnode0_RP0_CPU0,0,0,obt-collector1,180

2020-02-02 20:22:34.147000+00:00,leaf8,sg1,,object_tracking,0/RP0/CPU0,0,object_trackingnode0_RP0_CPU0,0,0,obt-collector1,199

2020-02-02 20:22:34.147000+00:00,leaf8,sg1,,ipv4_static,0/RP0/CPU0,0,ipv4_staticnode0_RP0_CPU0,0,0,obt-collector1,60

2020-02-02 20:22:44.160000+00:00,leaf8,sg1,,object_tracking,0/RP0/CPU0,0,object_trackingnode0_RP0_CPU0,0,0,obt-collector1,199

2020-02-02 20:22:44.160000+00:00,leaf8,sg1,,ipv4_static,0/RP0/CPU0,0,ipv4_staticnode0_RP0_CPU0,0,0,obt-collector1,60

2020-02-02 20:22:44.160000+00:00,leaf8,sg1,,MPLS-TE,0/RP0/CPU0,0,MPLS-TEnode0_RP0_CPU0,0,0,obt-collector1,180

2020-02-02 20:22:44.160000+00:00,leaf8,sg1,,L2VPN_ATOM,0/RP0/CPU0,0,L2VPN_ATOMnode0_RP0_CPU0,0,0,obt-collector1,120

2020-02-02 20:22:44.160000+00:00,leaf8,sg1,,bundlemgr_distrib,0/RP0/CPU0,0,bundlemgr_distribnode0_RP0_CPU0,0,0,obt-collector1,60

2020-02-02 20:22:44.160000+00:00,leaf8,sg1,,bgp-default,0/RP0/CPU0,43,bgp-defaultnode0_RP0_CPU0,0,0,obt-collector1,60

2020-02-02 20:22:54.180000+00:00,leaf8,sg1,,MPLS-TE,0/RP0/CPU0,0,MPLS-TEnode0_RP0_CPU0,0,0,obt-collector1,180

2020-02-02 20:22:54.180000+00:00,leaf8,sg1,,bgp-default,0/RP0/CPU0,43,bgp-defaultnode0_RP0_CPU0,0,0,obt-collector1,60

2020-02-02 20:22:54.180000+00:00,leaf8,sg1,,L2VPN_ATOM,0/RP0/CPU0,0,L2VPN_ATOMnode0_RP0_CPU0,0,0,obt-collector1,120

2020-02-02 20:22:54.181000+00:00,leaf8,sg1,,bundlemgr_distrib,0/RP0/CPU0,0,bundlemgr_distribnode0_RP0_CPU0,0,0,obt-collector1,60

2020-02-02 20:22:54.181000+00:00,leaf8,sg1,,object_tracking,0/RP0/CPU0,0,object_trackingnode0_RP0_CPU0,0,0,obt-collector1,199

2020-02-02 20:22:54.181000+00:00,leaf8,sg1,,ipv4_static,0/RP0/CPU0,0,ipv4_staticnode0_RP0_CPU0,0,0,obt-collector1,60

2020-02-02 20:23:04.191000+00:00,leaf8,sg1,,L2VPN_ATOM,0/RP0/CPU0,0,L2VPN_ATOMnode0_RP0_CPU0,0,0,obt-collector1,120

2020-02-02 20:23:04.191000+00:00,leaf8,sg1,,MPLS-TE,0/RP0/CPU0,0,MPLS-TEnode0_RP0_CPU0,0,0,obt-collector1,180

2020-02-02 20:23:04.192000+00:00,leaf8,sg1,,object_tracking,0/RP0/CPU0,0,object_trackingnode0_RP0_CPU0,0,0,obt-collector1,199

2020-02-02 20:23:04.192000+00:00,leaf8,sg1,,bgp-default,0/RP0/CPU0,43,bgp-defaultnode0_RP0_CPU0,0,0,obt-collector1,60

2020-02-02 20:23:04.192000+00:00,leaf8,sg1,,bundlemgr_distrib,0/RP0/CPU0,0,bundlemgr_distribnode0_RP0_CPU0,0,0,obt-collector1,60

2020-02-02 20:23:04.192000+00:00,leaf8,sg1,,ipv4_static,0/RP0/CPU0,0,ipv4_staticnode0_RP0_CPU0,0,0,obt-collector1,60

2020-02-02 20:23:14.197000+00:00,leaf8,sg1,,bundlemgr_distrib,0/RP0/CPU0,0,bundlemgr_distribnode0_RP0_CPU0,0,0,obt-collector1,60

2020-02-02 20:23:14.197000+00:00,leaf8,sg1,,ipv4_static,0/RP0/CPU0,0,ipv4_staticnode0_RP0_CPU0,0,0,obt-collector1,60

2020-02-02 20:23:14.197000+00:00,leaf8,sg1,,object_tracking,0/RP0/CPU0,0,object_trackingnode0_RP0_CPU0,0,0,obt-collector1,199

2020-02-02 20:23:14.197000+00:00,leaf8,sg1,,L2VPN_ATOM,0/RP0/CPU0,0,L2VPN_ATOMnode0_RP0_CPU0,0,0,obt-collector1,120

2020-02-02 20:23:14.197000+00:00,leaf8,sg1,,MPLS-TE,0/RP0/CPU0,0,MPLS-TEnode0_RP0_CPU0,0,0,obt-collector1,180

2020-02-02 20:23:14.197000+00:00,leaf8,sg1,,bgp-default,0/RP0/CPU0,43,bgp-defaultnode0_RP0_CPU0,0,0,obt-collector1,60

2020-02-02 20:23:24.207000+00:00,leaf8,sg1,,MPLS-TE,0/RP0/CPU0,0,MPLS-TEnode0_RP0_CPU0,0,0,obt-collector1,180

2020-02-02 20:23:24.207000+00:00,leaf8,sg1,,bgp-default,0/RP0/CPU0,43,bgp-defaultnode0_RP0_CPU0,0,0,obt-collector1,60

2020-02-02 20:23:24.207000+00:00,leaf8,sg1,,object_tracking,0/RP0/CPU0,0,object_trackingnode0_RP0_CPU0,0,0,obt-collector1,199

2020-02-02 20:23:24.207000+00:00,leaf8,sg1,,bundlemgr_distrib,0/RP0/CPU0,0,bundlemgr_distribnode0_RP0_CPU0,0,0,obt-collector1,60

2020-02-02 20:23:24.207000+00:00,leaf8,sg1,,ipv4_static,0/RP0/CPU0,0,ipv4_staticnode0_RP0_CPU0,0,0,obt-collector1,60

2020-02-02 20:23:24.207000+00:00,leaf8,sg1,,L2VPN_ATOM,0/RP0/CPU0,0,L2VPN_ATOMnode0_RP0_CPU0,0,0,obt-collector1,120

2020-02-02 20:23:34.215000+00:00,leaf8,sg1,,ipv4_static,0/RP0/CPU0,0,ipv4_staticnode0_RP0_CPU0,0,0,obt-collector1,60

2020-02-02 20:23:34.215000+00:00,leaf8,sg1,,L2VPN_ATOM,0/RP0/CPU0,0,L2VPN_ATOMnode0_RP0_CPU0,0,0,obt-collector1,120

2020-02-02 20:23:34.215000+00:00,leaf8,sg1,,object_tracking,0/RP0/CPU0,0,object_trackingnode0_RP0_CPU0,0,0,obt-collector1,199

2020-02-02 20:23:34.215000+00:00,leaf8,sg1,,MPLS-TE,0/RP0/CPU0,0,MPLS-TEnode0_RP0_CPU0,0,0,obt-collector1,180

2020-02-02 20:23:34.215000+00:00,leaf8,sg1,,bgp-default,0/RP0/CPU0,43,bgp-defaultnode0_RP0_CPU0,0,0,obt-collector1,60

2020-02-02 20:23:34.215000+00:00,leaf8,sg1,,bundlemgr_distrib,0/RP0/CPU0,0,bundlemgr_distribnode0_RP0_CPU0,0,0,obt-collector1,60

2020-02-02 20:23:44.223000+00:00,leaf8,sg1,,bgp-default,0/RP0/CPU0,43,bgp-defaultnode0_RP0_CPU0,0,0,obt-collector1,60

2020-02-02 20:23:44.223000+00:00,leaf8,sg1,,bundlemgr_distrib,0/RP0/CPU0,0,bundlemgr_distribnode0_RP0_CPU0,0,0,obt-collector1,60

2020-02-02 20:23:44.223000+00:00,leaf8,sg1,,object_tracking,0/RP0/CPU0,0,object_trackingnode0_RP0_CPU0,0,0,obt-collector1,199

2020-02-02 20:23:44.223000+00:00,leaf8,sg1,,ipv4_static,0/RP0/CPU0,0,ipv4_staticnode0_RP0_CPU0,0,0,obt-collector1,60

2020-02-02 20:23:44.223000+00:00,leaf8,sg1,,L2VPN_ATOM,0/RP0/CPU0,0,L2VPN_ATOMnode0_RP0_CPU0,0,0,obt-collector1,120

2020-02-02 20:23:44.223000+00:00,leaf8,sg1,,MPLS-TE,0/RP0/CPU0,0,MPLS-TEnode0_RP0_CPU0,0,0,obt-collector1,180

2020-02-02 20:23:54.234000+00:00,leaf8,sg1,,L2VPN_ATOM,0/RP0/CPU0,0,L2VPN_ATOMnode0_RP0_CPU0,0,0,obt-collector1,120

2020-02-02 20:23:54.235000+00:00,leaf8,sg1,,MPLS-TE,0/RP0/CPU0,0,MPLS-TEnode0_RP0_CPU0,0,0,obt-collector1,180

2020-02-02 20:23:54.235000+00:00,leaf8,sg1,,object_tracking,0/RP0/CPU0,0,object_trackingnode0_RP0_CPU0,0,0,obt-collector1,199

2020-02-02 20:23:54.235000+00:00,leaf8,sg1,,bgp-default,0/RP0/CPU0,43,bgp-defaultnode0_RP0_CPU0,0,0,obt-collector1,60

2020-02-02 20:23:54.235000+00:00,leaf8,sg1,,bundlemgr_distrib,0/RP0/CPU0,0,bundlemgr_distribnode0_RP0_CPU0,0,0,obt-collector1,60

2020-02-02 20:23:54.235000+00:00,leaf8,sg1,,ipv4_static,0/RP0/CPU0,0,ipv4_staticnode0_RP0_CPU0,0,0,obt-collector1,60

2020-02-02 20:24:04.241000+00:00,leaf8,sg1,,bundlemgr_distrib,0/RP0/CPU0,0,bundlemgr_distribnode0_RP0_CPU0,0,0,obt-collector1,60

2020-02-02 20:24:04.241000+00:00,leaf8,sg1,,ipv4_static,0/RP0/CPU0,0,ipv4_staticnode0_RP0_CPU0,0,0,obt-collector1,60

2020-02-02 20:24:04.241000+00:00,leaf8,sg1,,object_tracking,0/RP0/CPU0,0,object_trackingnode0_RP0_CPU0,0,0,obt-collector1,199

2020-02-02 20:24:04.241000+00:00,leaf8,sg1,,L2VPN_ATOM,0/RP0/CPU0,0,L2VPN_ATOMnode0_RP0_CPU0,0,0,obt-collector1,120

2020-02-02 20:24:04.241000+00:00,leaf8,sg1,,MPLS-TE,0/RP0/CPU0,0,MPLS-TEnode0_RP0_CPU0,0,0,obt-collector1,180

2020-02-02 20:24:04.241000+00:00,leaf8,sg1,,bgp-default,0/RP0/CPU0,43,bgp-defaultnode0_RP0_CPU0,0,0,obt-collector1,60

2020-02-02 20:24:14.259000+00:00,leaf8,sg1,,MPLS-TE,0/RP0/CPU0,0,MPLS-TEnode0_RP0_CPU0,0,0,obt-collector1,180

2020-02-02 20:24:14.259000+00:00,leaf8,sg1,,bgp-default,0/RP0/CPU0,43,bgp-defaultnode0_RP0_CPU0,0,0,obt-collector1,60

2020-02-02 20:24:14.259000+00:00,leaf8,sg1,,object_tracking,0/RP0/CPU0,0,object_trackingnode0_RP0_CPU0,0,0,obt-collector1,199

2020-02-02 20:24:14.259000+00:00,leaf8,sg1,,bundlemgr_distrib,0/RP0/CPU0,0,bundlemgr_distribnode0_RP0_CPU0,0,0,obt-collector1,60

2020-02-02 20:24:14.259000+00:00,leaf8,sg1,,ipv4_static,0/RP0/CPU0,0,ipv4_staticnode0_RP0_CPU0,0,0,obt-collector1,60

2020-02-02 20:24:14.259000+00:00,leaf8,sg1,,L2VPN_ATOM,0/RP0/CPU0,0,L2VPN_ATOMnode0_RP0_CPU0,0,0,obt-collector1,120

2020-02-02 20:24:24.265000+00:00,leaf8,sg1,,ipv4_static,0/RP0/CPU0,0,ipv4_staticnode0_RP0_CPU0,0,0,obt-collector1,60

2020-02-02 20:24:24.265000+00:00,leaf8,sg1,,L2VPN_ATOM,0/RP0/CPU0,0,L2VPN_ATOMnode0_RP0_CPU0,0,0,obt-collector1,120

2020-02-02 20:24:24.265000+00:00,leaf8,sg1,,object_tracking,0/RP0/CPU0,0,object_trackingnode0_RP0_CPU0,0,0,obt-collector1,199

2020-02-02 20:24:24.265000+00:00,leaf8,sg1,,MPLS-TE,0/RP0/CPU0,0,MPLS-TEnode0_RP0_CPU0,0,0,obt-collector1,180

2020-02-02 20:24:24.265000+00:00,leaf8,sg1,,bgp-default,0/RP0/CPU0,43,bgp-defaultnode0_RP0_CPU0,0,0,obt-collector1,60

2020-02-02 20:24:24.265000+00:00,leaf8,sg1,,bundlemgr_distrib,0/RP0/CPU0,0,bundlemgr_distribnode0_RP0_CPU0,0,0,obt-collector1,60

2020-02-02 20:24:34.284000+00:00,leaf8,sg1,,bgp-default,0/RP0/CPU0,43,bgp-defaultnode0_RP0_CPU0,0,0,obt-collector1,60

2020-02-02 20:24:34.284000+00:00,leaf8,sg1,,L2VPN_ATOM,0/RP0/CPU0,0,L2VPN_ATOMnode0_RP0_CPU0,0,0,obt-collector1,120

2020-02-02 20:24:34.284000+00:00,leaf8,sg1,,MPLS-TE,0/RP0/CPU0,0,MPLS-TEnode0_RP0_CPU0,0,0,obt-collector1,180

2020-02-02 20:24:34.285000+00:00,leaf8,sg1,,bundlemgr_distrib,0/RP0/CPU0,0,bundlemgr_distribnode0_RP0_CPU0,0,0,obt-collector1,60

2020-02-02 20:24:34.285000+00:00,leaf8,sg1,,ipv4_static,0/RP0/CPU0,0,ipv4_staticnode0_RP0_CPU0,0,0,obt-collector1,60

2020-02-02 20:24:34.285000+00:00,leaf8,sg1,,object_tracking,0/RP0/CPU0,0,object_trackingnode0_RP0_CPU0,0,0,obt-collector1,199

2020-02-02 20:24:44.295000+00:00,leaf8,sg1,,ipv4_static,0/RP0/CPU0,0,ipv4_staticnode0_RP0_CPU0,0,0,obt-collector1,60

2020-02-02 20:24:44.295000+00:00,leaf8,sg1,,object_tracking,0/RP0/CPU0,0,object_trackingnode0_RP0_CPU0,0,0,obt-collector1,199

2020-02-02 20:24:44.295000+00:00,leaf8,sg1,,bundlemgr_distrib,0/RP0/CPU0,0,bundlemgr_distribnode0_RP0_CPU0,0,0,obt-collector1,60

2020-02-02 20:24:44.295000+00:00,leaf8,sg1,,L2VPN_ATOM,0/RP0/CPU0,0,L2VPN_ATOMnode0_RP0_CPU0,0,0,obt-collector1,120

2020-02-02 20:24:44.295000+00:00,leaf8,sg1,,MPLS-TE,0/RP0/CPU0,0,MPLS-TEnode0_RP0_CPU0,0,0,obt-collector1,180

2020-02-02 20:24:44.295000+00:00,leaf8,sg1,,bgp-default,0/RP0/CPU0,43,bgp-defaultnode0_RP0_CPU0,0,0,obt-collector1,60

2020-02-02 20:24:54.301000+00:00,leaf8,sg1,,MPLS-TE,0/RP0/CPU0,0,MPLS-TEnode0_RP0_CPU0,0,0,obt-collector1,180

2020-02-02 20:24:54.301000+00:00,leaf8,sg1,,bgp-default,0/RP0/CPU0,43,bgp-defaultnode0_RP0_CPU0,0,0,obt-collector1,60

2020-02-02 20:24:54.301000+00:00,leaf8,sg1,,bundlemgr_distrib,0/RP0/CPU0,0,bundlemgr_distribnode0_RP0_CPU0,0,0,obt-collector1,60

2020-02-02 20:24:54.301000+00:00,leaf8,sg1,,ipv4_static,0/RP0/CPU0,0,ipv4_staticnode0_RP0_CPU0,0,0,obt-collector1,60

2020-02-02 20:24:54.301000+00:00,leaf8,sg1,,object_tracking,0/RP0/CPU0,0,object_trackingnode0_RP0_CPU0,0,0,obt-collector1,199

2020-02-02 20:24:54.301000+00:00,leaf8,sg1,,L2VPN_ATOM,0/RP0/CPU0,0,L2VPN_ATOMnode0_RP0_CPU0,0,0,obt-collector1,120

2020-02-02 20:25:04.314000+00:00,leaf8,sg1,,object_tracking,0/RP0/CPU0,0,object_trackingnode0_RP0_CPU0,0,0,obt-collector1,199

2020-02-02 20:25:04.314000+00:00,leaf8,sg1,,L2VPN_ATOM,0/RP0/CPU0,0,L2VPN_ATOMnode0_RP0_CPU0,0,0,obt-collector1,120

2020-02-02 20:25:04.314000+00:00,leaf8,sg1,,bundlemgr_distrib,0/RP0/CPU0,0,bundlemgr_distribnode0_RP0_CPU0,0,0,obt-collector1,60

2020-02-02 20:25:04.314000+00:00,leaf8,sg1,,MPLS-TE,0/RP0/CPU0,0,MPLS-TEnode0_RP0_CPU0,0,0,obt-collector1,180

2020-02-02 20:25:04.314000+00:00,leaf8,sg1,,bgp-default,0/RP0/CPU0,43,bgp-defaultnode0_RP0_CPU0,0,0,obt-collector1,60

2020-02-02 20:25:04.314000+00:00,leaf8,sg1,,ipv4_static,0/RP0/CPU0,0,ipv4_staticnode0_RP0_CPU0,0,0,obt-collector1,60

2020-02-02 20:25:14.321000+00:00,leaf8,sg1,,L2VPN_ATOM,0/RP0/CPU0,0,L2VPN_ATOMnode0_RP0_CPU0,0,0,obt-collector1,120

2020-02-02 20:25:14.321000+00:00,leaf8,sg1,,MPLS-TE,0/RP0/CPU0,0,MPLS-TEnode0_RP0_CPU0,0,0,obt-collector1,180

2020-02-02 20:25:14.322000+00:00,leaf8,sg1,,bgp-default,0/RP0/CPU0,43,bgp-defaultnode0_RP0_CPU0,0,0,obt-collector1,60

2020-02-02 20:25:14.322000+00:00,leaf8,sg1,,object_tracking,0/RP0/CPU0,0,object_trackingnode0_RP0_CPU0,0,0,obt-collector1,199

2020-02-02 20:25:14.322000+00:00,leaf8,sg1,,bundlemgr_distrib,0/RP0/CPU0,0,bundlemgr_distribnode0_RP0_CPU0,0,0,obt-collector1,60

2020-02-02 20:25:14.322000+00:00,leaf8,sg1,,ipv4_static,0/RP0/CPU0,0,ipv4_staticnode0_RP0_CPU0,0,0,obt-collector1,60

2020-02-02 20:25:24.327000+00:00,leaf8,sg1,,bundlemgr_distrib,0/RP0/CPU0,0,bundlemgr_distribnode0_RP0_CPU0,0,0,obt-collector1,60

2020-02-02 20:25:24.327000+00:00,leaf8,sg1,,ipv4_static,0/RP0/CPU0,0,ipv4_staticnode0_RP0_CPU0,0,0,obt-collector1,60

2020-02-02 20:25:24.327000+00:00,leaf8,sg1,,bgp-default,0/RP0/CPU0,43,bgp-defaultnode0_RP0_CPU0,0,0,obt-collector1,60

2020-02-02 20:25:24.327000+00:00,leaf8,sg1,,L2VPN_ATOM,0/RP0/CPU0,0,L2VPN_ATOMnode0_RP0_CPU0,0,0,obt-collector1,120

2020-02-02 20:25:24.327000+00:00,leaf8,sg1,,MPLS-TE,0/RP0/CPU0,0,MPLS-TEnode0_RP0_CPU0,0,0,obt-collector1,180

2020-02-02 20:25:24.327000+00:00,leaf8,sg1,,object_tracking,0/RP0/CPU0,0,object_trackingnode0_RP0_CPU0,0,0,obt-collector1,199

2020-02-02 20:25:34.339000+00:00,leaf8,sg1,,L2VPN_ATOM,0/RP0/CPU0,0,L2VPN_ATOMnode0_RP0_CPU0,0,0,obt-collector1,120

2020-02-02 20:25:34.340000+00:00,leaf8,sg1,,object_tracking,0/RP0/CPU0,0,object_trackingnode0_RP0_CPU0,0,0,obt-collector1,199

2020-02-02 20:25:34.340000+00:00,leaf8,sg1,,bgp-default,0/RP0/CPU0,43,bgp-defaultnode0_RP0_CPU0,0,0,obt-collector1,60

2020-02-02 20:25:34.340000+00:00,leaf8,sg1,,bundlemgr_distrib,0/RP0/CPU0,0,bundlemgr_distribnode0_RP0_CPU0,0,0,obt-collector1,60

2020-02-02 20:25:34.340000+00:00,leaf8,sg1,,ipv4_static,0/RP0/CPU0,0,ipv4_staticnode0_RP0_CPU0,0,0,obt-collector1,60

2020-02-02 20:25:34.340000+00:00,leaf8,sg1,,MPLS-TE,0/RP0/CPU0,0,MPLS-TEnode0_RP0_CPU0,0,0,obt-collector1,180

2020-02-02 20:25:44.346000+00:00,leaf8,sg1,,bgp-default,0/RP0/CPU0,43,bgp-defaultnode0_RP0_CPU0,0,0,obt-collector1,60

2020-02-02 20:25:44.346000+00:00,leaf8,sg1,,L2VPN_ATOM,0/RP0/CPU0,0,L2VPN_ATOMnode0_RP0_CPU0,0,0,obt-collector1,120

2020-02-02 20:25:44.346000+00:00,leaf8,sg1,,MPLS-TE,0/RP0/CPU0,0,MPLS-TEnode0_RP0_CPU0,0,0,obt-collector1,180

2020-02-02 20:25:44.347000+00:00,leaf8,sg1,,bundlemgr_distrib,0/RP0/CPU0,0,bundlemgr_distribnode0_RP0_CPU0,0,0,obt-collector1,60

2020-02-02 20:25:44.347000+00:00,leaf8,sg1,,ipv4_static,0/RP0/CPU0,0,ipv4_staticnode0_RP0_CPU0,0,0,obt-collector1,60

2020-02-02 20:25:44.347000+00:00,leaf8,sg1,,object_tracking,0/RP0/CPU0,0,object_trackingnode0_RP0_CPU0,0,0,obt-collector1,199

2020-02-02 20:25:54.357000+00:00,leaf8,sg1,,ipv4_static,0/RP0/CPU0,0,ipv4_staticnode0_RP0_CPU0,0,0,obt-collector1,60

2020-02-02 20:25:54.357000+00:00,leaf8,sg1,,object_tracking,0/RP0/CPU0,0,object_trackingnode0_RP0_CPU0,0,0,obt-collector1,199

2020-02-02 20:25:54.357000+00:00,leaf8,sg1,,bundlemgr_distrib,0/RP0/CPU0,0,bundlemgr_distribnode0_RP0_CPU0,0,0,obt-collector1,60

2020-02-02 20:25:54.357000+00:00,leaf8,sg1,,L2VPN_ATOM,0/RP0/CPU0,0,L2VPN_ATOMnode0_RP0_CPU0,0,0,obt-collector1,120

2020-02-02 20:25:54.357000+00:00,leaf8,sg1,,MPLS-TE,0/RP0/CPU0,0,MPLS-TEnode0_RP0_CPU0,0,0,obt-collector1,180

2020-02-02 20:25:54.357000+00:00,leaf8,sg1,,bgp-default,0/RP0/CPU0,43,bgp-defaultnode0_RP0_CPU0,0,0,obt-collector1,60

2020-02-02 20:26:04.368000+00:00,leaf8,sg1,,L2VPN_ATOM,0/RP0/CPU0,0,L2VPN_ATOMnode0_RP0_CPU0,0,0,obt-collector1,120

2020-02-02 20:26:04.369000+00:00,leaf8,sg1,,bgp-default,0/RP0/CPU0,43,bgp-defaultnode0_RP0_CPU0,0,0,obt-collector1,60

2020-02-02 20:26:04.369000+00:00,leaf8,sg1,,bundlemgr_distrib,0/RP0/CPU0,0,bundlemgr_distribnode0_RP0_CPU0,0,0,obt-collector1,60

2020-02-02 20:26:04.369000+00:00,leaf8,sg1,,ipv4_static,0/RP0/CPU0,0,ipv4_staticnode0_RP0_CPU0,0,0,obt-collector1,60

2020-02-02 20:26:04.369000+00:00,leaf8,sg1,,object_tracking,0/RP0/CPU0,0,object_trackingnode0_RP0_CPU0,0,0,obt-collector1,199

2020-02-02 20:26:04.369000+00:00,leaf8,sg1,,MPLS-TE,0/RP0/CPU0,0,MPLS-TEnode0_RP0_CPU0,0,0,obt-collector1,180

2020-02-02 20:26:14.377000+00:00,leaf8,sg1,,object_tracking,0/RP0/CPU0,0,object_trackingnode0_RP0_CPU0,0,0,obt-collector1,199

2020-02-02 20:26:14.377000+00:00,leaf8,sg1,,MPLS-TE,0/RP0/CPU0,0,MPLS-TEnode0_RP0_CPU0,0,0,obt-collector1,180

2020-02-02 20:26:14.377000+00:00,leaf8,sg1,,bundlemgr_distrib,0/RP0/CPU0,0,bundlemgr_distribnode0_RP0_CPU0,0,0,obt-collector1,60

2020-02-02 20:26:14.377000+00:00,leaf8,sg1,,L2VPN_ATOM,0/RP0/CPU0,0,L2VPN_ATOMnode0_RP0_CPU0,0,0,obt-collector1,120

2020-02-02 20:26:14.377000+00:00,leaf8,sg1,,bgp-default,0/RP0/CPU0,43,bgp-defaultnode0_RP0_CPU0,0,0,obt-collector1,60

2020-02-02 20:26:14.377000+00:00,leaf8,sg1,,ipv4_static,0/RP0/CPU0,0,ipv4_staticnode0_RP0_CPU0,0,0,obt-collector1,60

2020-02-02 20:26:24.384000+00:00,leaf8,sg1,,bgp-default,0/RP0/CPU0,43,bgp-defaultnode0_RP0_CPU0,0,0,obt-collector1,60

2020-02-02 20:26:24.384000+00:00,leaf8,sg1,,MPLS-TE,0/RP0/CPU0,0,MPLS-TEnode0_RP0_CPU0,0,0,obt-collector1,180

2020-02-02 20:26:24.384000+00:00,leaf8,sg1,,L2VPN_ATOM,0/RP0/CPU0,0,L2VPN_ATOMnode0_RP0_CPU0,0,0,obt-collector1,120

2020-02-02 20:26:24.385000+00:00,leaf8,sg1,,ipv4_static,0/RP0/CPU0,0,ipv4_staticnode0_RP0_CPU0,0,0,obt-collector1,60

2020-02-02 20:26:24.385000+00:00,leaf8,sg1,,object_tracking,0/RP0/CPU0,0,object_trackingnode0_RP0_CPU0,0,0,obt-collector1,199

2020-02-02 20:26:24.385000+00:00,leaf8,sg1,,bundlemgr_distrib,0/RP0/CPU0,0,bundlemgr_distribnode0_RP0_CPU0,0,0,obt-collector1,60

2020-02-02 20:26:34.402000+00:00,leaf8,sg1,,L2VPN_ATOM,0/RP0/CPU0,0,L2VPN_ATOMnode0_RP0_CPU0,0,0,obt-collector1,120

2020-02-02 20:26:34.403000+00:00,leaf8,sg1,,bundlemgr_distrib,0/RP0/CPU0,0,bundlemgr_distribnode0_RP0_CPU0,0,0,obt-collector1,60

2020-02-02 20:26:34.403000+00:00,leaf8,sg1,,ipv4_static,0/RP0/CPU0,0,ipv4_staticnode0_RP0_CPU0,0,0,obt-collector1,60

2020-02-02 20:26:34.403000+00:00,leaf8,sg1,,MPLS-TE,0/RP0/CPU0,0,MPLS-TEnode0_RP0_CPU0,0,0,obt-collector1,180

2020-02-02 20:26:34.403000+00:00,leaf8,sg1,,bgp-default,0/RP0/CPU0,43,bgp-defaultnode0_RP0_CPU0,0,0,obt-collector1,60

2020-02-02 20:26:34.403000+00:00,leaf8,sg1,,object_tracking,0/RP0/CPU0,0,object_trackingnode0_RP0_CPU0,0,0,obt-collector1,199

2020-02-02 20:26:44.414000+00:00,leaf8,sg1,,bgp-default,0/RP0/CPU0,43,bgp-defaultnode0_RP0_CPU0,0,0,obt-collector1,60

2020-02-02 20:26:44.414000+00:00,leaf8,sg1,,L2VPN_ATOM,0/RP0/CPU0,0,L2VPN_ATOMnode0_RP0_CPU0,0,0,obt-collector1,120

2020-02-02 20:26:44.414000+00:00,leaf8,sg1,,MPLS-TE,0/RP0/CPU0,0,MPLS-TEnode0_RP0_CPU0,0,0,obt-collector1,180

2020-02-02 20:26:44.415000+00:00,leaf8,sg1,,object_tracking,0/RP0/CPU0,0,object_trackingnode0_RP0_CPU0,0,0,obt-collector1,199

2020-02-02 20:26:44.415000+00:00,leaf8,sg1,,ipv4_static,0/RP0/CPU0,0,ipv4_staticnode0_RP0_CPU0,0,0,obt-collector1,60

2020-02-02 20:26:44.415000+00:00,leaf8,sg1,,bundlemgr_distrib,0/RP0/CPU0,0,bundlemgr_distribnode0_RP0_CPU0,0,0,obt-collector1,60

2020-02-02 20:26:54.420000+00:00,leaf8,sg1,,L2VPN_ATOM,0/RP0/CPU0,0,L2VPN_ATOMnode0_RP0_CPU0,0,0,obt-collector1,120

2020-02-02 20:26:54.421000+00:00,leaf8,sg1,,bundlemgr_distrib,0/RP0/CPU0,0,bundlemgr_distribnode0_RP0_CPU0,0,0,obt-collector1,60

2020-02-02 20:26:54.421000+00:00,leaf8,sg1,,object_tracking,0/RP0/CPU0,0,object_trackingnode0_RP0_CPU0,0,0,obt-collector1,199

2020-02-02 20:26:54.421000+00:00,leaf8,sg1,,bgp-default,0/RP0/CPU0,43,bgp-defaultnode0_RP0_CPU0,0,0,obt-collector1,60

2020-02-02 20:26:54.421000+00:00,leaf8,sg1,,MPLS-TE,0/RP0/CPU0,0,MPLS-TEnode0_RP0_CPU0,0,0,obt-collector1,180

2020-02-02 20:26:54.421000+00:00,leaf8,sg1,,ipv4_static,0/RP0/CPU0,0,ipv4_staticnode0_RP0_CPU0,0,0,obt-collector1,60

2020-02-02 20:27:04.432000+00:00,leaf8,sg1,,L2VPN_ATOM,0/RP0/CPU0,0,L2VPN_ATOMnode0_RP0_CPU0,0,0,obt-collector1,120

2020-02-02 20:27:04.433000+00:00,leaf8,sg1,,ipv4_static,0/RP0/CPU0,0,ipv4_staticnode0_RP0_CPU0,0,0,obt-collector1,60

2020-02-02 20:27:04.433000+00:00,leaf8,sg1,,MPLS-TE,0/RP0/CPU0,0,MPLS-TEnode0_RP0_CPU0,0,0,obt-collector1,180

2020-02-02 20:27:04.433000+00:00,leaf8,sg1,,object_tracking,0/RP0/CPU0,0,object_trackingnode0_RP0_CPU0,0,0,obt-collector1,199

2020-02-02 20:27:04.433000+00:00,leaf8,sg1,,bundlemgr_distrib,0/RP0/CPU0,0,bundlemgr_distribnode0_RP0_CPU0,0,0,obt-collector1,60

2020-02-02 20:27:04.433000+00:00,leaf8,sg1,,bgp-default,0/RP0/CPU0,43,bgp-defaultnode0_RP0_CPU0,0,0,obt-collector1,60

2020-02-02 20:27:14.439000+00:00,leaf8,sg1,,bundlemgr_distrib,0/RP0/CPU0,0,bundlemgr_distribnode0_RP0_CPU0,0,0,obt-collector1,60

2020-02-02 20:27:14.439000+00:00,leaf8,sg1,,bgp-default,0/RP0/CPU0,43,bgp-defaultnode0_RP0_CPU0,0,0,obt-collector1,60

2020-02-02 20:27:14.439000+00:00,leaf8,sg1,,MPLS-TE,0/RP0/CPU0,0,MPLS-TEnode0_RP0_CPU0,0,0,obt-collector1,180

2020-02-02 20:27:14.439000+00:00,leaf8,sg1,,L2VPN_ATOM,0/RP0/CPU0,0,L2VPN_ATOMnode0_RP0_CPU0,0,0,obt-collector1,120

2020-02-02 20:27:14.439000+00:00,leaf8,sg1,,ipv4_static,0/RP0/CPU0,0,ipv4_staticnode0_RP0_CPU0,0,0,obt-collector1,60

2020-02-02 20:27:14.439000+00:00,leaf8,sg1,,object_tracking,0/RP0/CPU0,0,object_trackingnode0_RP0_CPU0,0,0,obt-collector1,199

2020-02-02 20:27:24.456000+00:00,leaf8,sg1,,ipv4_static,0/RP0/CPU0,0,ipv4_staticnode0_RP0_CPU0,0,0,obt-collector1,60

2020-02-02 20:27:24.456000+00:00,leaf8,sg1,,MPLS-TE,0/RP0/CPU0,0,MPLS-TEnode0_RP0_CPU0,0,0,obt-collector1,180

2020-02-02 20:27:24.456000+00:00,leaf8,sg1,,bundlemgr_distrib,0/RP0/CPU0,0,bundlemgr_distribnode0_RP0_CPU0,0,0,obt-collector1,60

2020-02-02 20:27:24.456000+00:00,leaf8,sg1,,bgp-default,0/RP0/CPU0,43,bgp-defaultnode0_RP0_CPU0,0,0,obt-collector1,60

2020-02-02 20:27:24.456000+00:00,leaf8,sg1,,L2VPN_ATOM,0/RP0/CPU0,0,L2VPN_ATOMnode0_RP0_CPU0,0,0,obt-collector1,120

2020-02-02 20:27:24.457000+00:00,leaf8,sg1,,object_tracking,0/RP0/CPU0,0,object_trackingnode0_RP0_CPU0,0,0,obt-collector1,199

2020-02-02 20:27:34.464000+00:00,leaf8,sg1,,L2VPN_ATOM,0/RP0/CPU0,0,L2VPN_ATOMnode0_RP0_CPU0,0,0,obt-collector1,120

2020-02-02 20:27:34.464000+00:00,leaf8,sg1,,object_tracking,0/RP0/CPU0,0,object_trackingnode0_RP0_CPU0,0,0,obt-collector1,199

2020-02-02 20:27:34.464000+00:00,leaf8,sg1,,bgp-default,0/RP0/CPU0,43,bgp-defaultnode0_RP0_CPU0,0,0,obt-collector1,60

2020-02-02 20:27:34.464000+00:00,leaf8,sg1,,MPLS-TE,0/RP0/CPU0,0,MPLS-TEnode0_RP0_CPU0,0,0,obt-collector1,180

2020-02-02 20:27:34.464000+00:00,leaf8,sg1,,ipv4_static,0/RP0/CPU0,0,ipv4_staticnode0_RP0_CPU0,0,0,obt-collector1,60

2020-02-02 20:27:34.464000+00:00,leaf8,sg1,,bundlemgr_distrib,0/RP0/CPU0,0,bundlemgr_distribnode0_RP0_CPU0,0,0,obt-collector1,60

2020-02-02 20:27:44.471000+00:00,leaf8,sg1,,ipv4_static,0/RP0/CPU0,0,ipv4_staticnode0_RP0_CPU0,0,0,obt-collector1,60

2020-02-02 20:27:44.471000+00:00,leaf8,sg1,,bundlemgr_distrib,0/RP0/CPU0,0,bundlemgr_distribnode0_RP0_CPU0,0,0,obt-collector1,60

2020-02-02 20:27:44.471000+00:00,leaf8,sg1,,bgp-default,0/RP0/CPU0,43,bgp-defaultnode0_RP0_CPU0,0,0,obt-collector1,60

2020-02-02 20:27:44.471000+00:00,leaf8,sg1,,L2VPN_ATOM,0/RP0/CPU0,0,L2VPN_ATOMnode0_RP0_CPU0,0,0,obt-collector1,120

2020-02-02 20:27:44.471000+00:00,leaf8,sg1,,object_tracking,0/RP0/CPU0,0,object_trackingnode0_RP0_CPU0,0,0,obt-collector1,199

2020-02-02 20:27:44.471000+00:00,leaf8,sg1,,MPLS-TE,0/RP0/CPU0,0,MPLS-TEnode0_RP0_CPU0,0,0,obt-collector1,180

2020-02-02 20:27:54.479000+00:00,leaf8,sg1,,bgp-default,0/RP0/CPU0,43,bgp-defaultnode0_RP0_CPU0,0,0,obt-collector1,60

2020-02-02 20:27:54.479000+00:00,leaf8,sg1,,MPLS-TE,0/RP0/CPU0,0,MPLS-TEnode0_RP0_CPU0,0,0,obt-collector1,180

2020-02-02 20:27:54.479000+00:00,leaf8,sg1,,L2VPN_ATOM,0/RP0/CPU0,0,L2VPN_ATOMnode0_RP0_CPU0,0,0,obt-collector1,120

2020-02-02 20:27:54.480000+00:00,leaf8,sg1,,object_tracking,0/RP0/CPU0,0,object_trackingnode0_RP0_CPU0,0,0,obt-collector1,199

2020-02-02 20:27:54.480000+00:00,leaf8,sg1,,ipv4_static,0/RP0/CPU0,0,ipv4_staticnode0_RP0_CPU0,0,0,obt-collector1,60

2020-02-02 20:27:54.480000+00:00,leaf8,sg1,,bundlemgr_distrib,0/RP0/CPU0,0,bundlemgr_distribnode0_RP0_CPU0,0,0,obt-collector1,60

2020-02-02 20:28:04.486000+00:00,leaf8,sg1,,MPLS-TE,0/RP0/CPU0,0,MPLS-TEnode0_RP0_CPU0,0,0,obt-collector1,180

2020-02-02 20:28:04.486000+00:00,leaf8,sg1,,bundlemgr_distrib,0/RP0/CPU0,0,bundlemgr_distribnode0_RP0_CPU0,0,0,obt-collector1,60

2020-02-02 20:28:04.486000+00:00,leaf8,sg1,,L2VPN_ATOM,0/RP0/CPU0,0,L2VPN_ATOMnode0_RP0_CPU0,0,0,obt-collector1,120

2020-02-02 20:28:04.486000+00:00,leaf8,sg1,,bgp-default,0/RP0/CPU0,43,bgp-defaultnode0_RP0_CPU0,0,0,obt-collector1,60

2020-02-02 20:28:04.487000+00:00,leaf8,sg1,,object_tracking,0/RP0/CPU0,0,object_trackingnode0_RP0_CPU0,0,0,obt-collector1,199

2020-02-02 20:28:04.487000+00:00,leaf8,sg1,,ipv4_static,0/RP0/CPU0,0,ipv4_staticnode0_RP0_CPU0,0,0,obt-collector1,60

2020-02-02 20:28:14.495000+00:00,leaf8,sg1,,L2VPN_ATOM,0/RP0/CPU0,0,L2VPN_ATOMnode0_RP0_CPU0,0,0,obt-collector1,120

2020-02-02 20:28:14.496000+00:00,leaf8,sg1,,ipv4_static,0/RP0/CPU0,0,ipv4_staticnode0_RP0_CPU0,0,0,obt-collector1,60

2020-02-02 20:28:14.496000+00:00,leaf8,sg1,,bgp-default,0/RP0/CPU0,43,bgp-defaultnode0_RP0_CPU0,0,0,obt-collector1,60

2020-02-02 20:28:14.496000+00:00,leaf8,sg1,,MPLS-TE,0/RP0/CPU0,0,MPLS-TEnode0_RP0_CPU0,0,0,obt-collector1,180

2020-02-02 20:28:14.496000+00:00,leaf8,sg1,,bundlemgr_distrib,0/RP0/CPU0,0,bundlemgr_distribnode0_RP0_CPU0,0,0,obt-collector1,60

2020-02-02 20:28:14.496000+00:00,leaf8,sg1,,object_tracking,0/RP0/CPU0,0,object_trackingnode0_RP0_CPU0,0,0,obt-collector1,199

2020-02-02 20:28:24.502000+00:00,leaf8,sg1,,bundlemgr_distrib,0/RP0/CPU0,0,bundlemgr_distribnode0_RP0_CPU0,0,0,obt-collector1,60

2020-02-02 20:28:24.502000+00:00,leaf8,sg1,,bgp-default,0/RP0/CPU0,43,bgp-defaultnode0_RP0_CPU0,0,0,obt-collector1,60

2020-02-02 20:28:24.502000+00:00,leaf8,sg1,,L2VPN_ATOM,0/RP0/CPU0,0,L2VPN_ATOMnode0_RP0_CPU0,0,0,obt-collector1,120

2020-02-02 20:28:24.502000+00:00,leaf8,sg1,,MPLS-TE,0/RP0/CPU0,0,MPLS-TEnode0_RP0_CPU0,0,0,obt-collector1,180

2020-02-02 20:28:24.503000+00:00,leaf8,sg1,,object_tracking,0/RP0/CPU0,0,object_trackingnode0_RP0_CPU0,0,0,obt-collector1,199

2020-02-02 20:28:24.503000+00:00,leaf8,sg1,,ipv4_static,0/RP0/CPU0,0,ipv4_staticnode0_RP0_CPU0,0,0,obt-collector1,60

2020-02-02 20:28:34.510000+00:00,leaf8,sg1,,object_tracking,0/RP0/CPU0,0,object_trackingnode0_RP0_CPU0,0,0,obt-collector1,199

2020-02-02 20:28:34.510000+00:00,leaf8,sg1,,ipv4_static,0/RP0/CPU0,0,ipv4_staticnode0_RP0_CPU0,0,0,obt-collector1,60

2020-02-02 20:28:34.510000+00:00,leaf8,sg1,,MPLS-TE,0/RP0/CPU0,0,MPLS-TEnode0_RP0_CPU0,0,0,obt-collector1,180

2020-02-02 20:28:34.510000+00:00,leaf8,sg1,,bundlemgr_distrib,0/RP0/CPU0,0,bundlemgr_distribnode0_RP0_CPU0,0,0,obt-collector1,60

2020-02-02 20:28:34.510000+00:00,leaf8,sg1,,L2VPN_ATOM,0/RP0/CPU0,0,L2VPN_ATOMnode0_RP0_CPU0,0,0,obt-collector1,120

2020-02-02 20:28:34.510000+00:00,leaf8,sg1,,bgp-default,0/RP0/CPU0,43,bgp-defaultnode0_RP0_CPU0,0,0,obt-collector1,60

2020-02-02 20:28:44.519000+00:00,leaf8,sg1,,L2VPN_ATOM,0/RP0/CPU0,0,L2VPN_ATOMnode0_RP0_CPU0,0,0,obt-collector1,120

2020-02-02 20:28:44.519000+00:00,leaf8,sg1,,bgp-default,0/RP0/CPU0,43,bgp-defaultnode0_RP0_CPU0,0,0,obt-collector1,60

2020-02-02 20:28:44.519000+00:00,leaf8,sg1,,MPLS-TE,0/RP0/CPU0,0,MPLS-TEnode0_RP0_CPU0,0,0,obt-collector1,180

2020-02-02 20:28:44.519000+00:00,leaf8,sg1,,object_tracking,0/RP0/CPU0,0,object_trackingnode0_RP0_CPU0,0,0,obt-collector1,199

2020-02-02 20:28:44.519000+00:00,leaf8,sg1,,ipv4_static,0/RP0/CPU0,0,ipv4_staticnode0_RP0_CPU0,0,0,obt-collector1,60

2020-02-02 20:28:44.519000+00:00,leaf8,sg1,,bundlemgr_distrib,0/RP0/CPU0,0,bundlemgr_distribnode0_RP0_CPU0,0,0,obt-collector1,60

2020-02-02 20:28:54.526000+00:00,leaf8,sg1,,ipv4_static,0/RP0/CPU0,0,ipv4_staticnode0_RP0_CPU0,0,0,obt-collector1,60

2020-02-02 20:28:54.526000+00:00,leaf8,sg1,,bundlemgr_distrib,0/RP0/CPU0,0,bundlemgr_distribnode0_RP0_CPU0,0,0,obt-collector1,60

2020-02-02 20:28:54.526000+00:00,leaf8,sg1,,MPLS-TE,0/RP0/CPU0,0,MPLS-TEnode0_RP0_CPU0,0,0,obt-collector1,180

2020-02-02 20:28:54.526000+00:00,leaf8,sg1,,L2VPN_ATOM,0/RP0/CPU0,0,L2VPN_ATOMnode0_RP0_CPU0,0,0,obt-collector1,120

2020-02-02 20:28:54.526000+00:00,leaf8,sg1,,bgp-default,0/RP0/CPU0,43,bgp-defaultnode0_RP0_CPU0,0,0,obt-collector1,60

2020-02-02 20:28:54.526000+00:00,leaf8,sg1,,object_tracking,0/RP0/CPU0,0,object_trackingnode0_RP0_CPU0,0,0,obt-collector1,199

2020-02-02 20:29:04.533000+00:00,leaf8,sg1,,bgp-default,0/RP0/CPU0,43,bgp-defaultnode0_RP0_CPU0,0,0,obt-collector1,60

2020-02-02 20:29:04.533000+00:00,leaf8,sg1,,object_tracking,0/RP0/CPU0,0,object_trackingnode0_RP0_CPU0,0,0,obt-collector1,199

2020-02-02 20:29:04.533000+00:00,leaf8,sg1,,MPLS-TE,0/RP0/CPU0,0,MPLS-TEnode0_RP0_CPU0,0,0,obt-collector1,180

2020-02-02 20:29:04.533000+00:00,leaf8,sg1,,ipv4_static,0/RP0/CPU0,0,ipv4_staticnode0_RP0_CPU0,0,0,obt-collector1,60

2020-02-02 20:29:04.533000+00:00,leaf8,sg1,,bundlemgr_distrib,0/RP0/CPU0,0,bundlemgr_distribnode0_RP0_CPU0,0,0,obt-collector1,60

2020-02-02 20:29:04.533000+00:00,leaf8,sg1,,L2VPN_ATOM,0/RP0/CPU0,0,L2VPN_ATOMnode0_RP0_CPU0,0,0,obt-collector1,120

2020-02-02 20:29:14.553000+00:00,leaf8,sg1,,bundlemgr_distrib,0/RP0/CPU0,0,bundlemgr_distribnode0_RP0_CPU0,0,0,obt-collector1,60

2020-02-02 20:29:14.553000+00:00,leaf8,sg1,,L2VPN_ATOM,0/RP0/CPU0,0,L2VPN_ATOMnode0_RP0_CPU0,0,0,obt-collector1,120

2020-02-02 20:29:14.553000+00:00,leaf8,sg1,,MPLS-TE,0/RP0/CPU0,0,MPLS-TEnode0_RP0_CPU0,0,0,obt-collector1,180

2020-02-02 20:29:14.553000+00:00,leaf8,sg1,,bgp-default,0/RP0/CPU0,43,bgp-defaultnode0_RP0_CPU0,0,0,obt-collector1,60

2020-02-02 20:29:14.553000+00:00,leaf8,sg1,,object_tracking,0/RP0/CPU0,0,object_trackingnode0_RP0_CPU0,0,0,obt-collector1,199

2020-02-02 20:29:14.553000+00:00,leaf8,sg1,,ipv4_static,0/RP0/CPU0,0,ipv4_staticnode0_RP0_CPU0,0,0,obt-collector1,60

2020-02-02 20:29:24.557000+00:00,leaf8,sg1,,MPLS-TE,0/RP0/CPU0,0,MPLS-TEnode0_RP0_CPU0,0,0,obt-collector1,180

2020-02-02 20:29:24.557000+00:00,leaf8,sg1,,L2VPN_ATOM,0/RP0/CPU0,0,L2VPN_ATOMnode0_RP0_CPU0,0,0,obt-collector1,120

2020-02-02 20:29:24.558000+00:00,leaf8,sg1,,ipv4_static,0/RP0/CPU0,0,ipv4_staticnode0_RP0_CPU0,0,0,obt-collector1,60

2020-02-02 20:29:24.558000+00:00,leaf8,sg1,,bundlemgr_distrib,0/RP0/CPU0,0,bundlemgr_distribnode0_RP0_CPU0,0,0,obt-collector1,60

2020-02-02 20:29:24.558000+00:00,leaf8,sg1,,object_tracking,0/RP0/CPU0,0,object_trackingnode0_RP0_CPU0,0,0,obt-collector1,199

2020-02-02 20:29:24.558000+00:00,leaf8,sg1,,bgp-default,0/RP0/CPU0,43,bgp-defaultnode0_RP0_CPU0,0,0,obt-collector1,60

2020-02-02 20:29:34.586000+00:00,leaf8,sg1,,object_tracking,0/RP0/CPU0,0,object_trackingnode0_RP0_CPU0,0,0,obt-collector1,199

2020-02-02 20:29:34.586000+00:00,leaf8,sg1,,bgp-default,0/RP0/CPU0,43,bgp-defaultnode0_RP0_CPU0,0,0,obt-collector1,60

2020-02-02 20:29:34.586000+00:00,leaf8,sg1,,ipv4_static,0/RP0/CPU0,0,ipv4_staticnode0_RP0_CPU0,0,0,obt-collector1,60

2020-02-02 20:29:34.586000+00:00,leaf8,sg1,,MPLS-TE,0/RP0/CPU0,0,MPLS-TEnode0_RP0_CPU0,0,0,obt-collector1,180

2020-02-02 20:29:34.586000+00:00,leaf8,sg1,,L2VPN_ATOM,0/RP0/CPU0,0,L2VPN_ATOMnode0_RP0_CPU0,0,0,obt-collector1,120

2020-02-02 20:29:34.586000+00:00,leaf8,sg1,,bundlemgr_distrib,0/RP0/CPU0,0,bundlemgr_distribnode0_RP0_CPU0,0,0,obt-collector1,60

2020-02-02 20:29:44.594000+00:00,leaf8,sg1,,L2VPN_ATOM,0/RP0/CPU0,0,L2VPN_ATOMnode0_RP0_CPU0,0,0,obt-collector1,120

2020-02-02 20:29:44.595000+00:00,leaf8,sg1,,bundlemgr_distrib,0/RP0/CPU0,0,bundlemgr_distribnode0_RP0_CPU0,0,0,obt-collector1,60

2020-02-02 20:29:44.595000+00:00,leaf8,sg1,,ipv4_static,0/RP0/CPU0,0,ipv4_staticnode0_RP0_CPU0,0,0,obt-collector1,60

2020-02-02 20:29:44.595000+00:00,leaf8,sg1,,object_tracking,0/RP0/CPU0,0,object_trackingnode0_RP0_CPU0,0,0,obt-collector1,199

2020-02-02 20:29:44.595000+00:00,leaf8,sg1,,bgp-default,0/RP0/CPU0,43,bgp-defaultnode0_RP0_CPU0,0,0,obt-collector1,60

2020-02-02 20:29:44.595000+00:00,leaf8,sg1,,MPLS-TE,0/RP0/CPU0,0,MPLS-TEnode0_RP0_CPU0,0,0,obt-collector1,180

2020-02-02 20:29:54.599000+00:00,leaf8,sg1,,L2VPN_ATOM,0/RP0/CPU0,0,L2VPN_ATOMnode0_RP0_CPU0,0,0,obt-collector1,120

2020-02-02 20:29:54.600000+00:00,leaf8,sg1,,MPLS-TE,0/RP0/CPU0,0,MPLS-TEnode0_RP0_CPU0,0,0,obt-collector1,180

2020-02-02 20:29:54.600000+00:00,leaf8,sg1,,bgp-default,0/RP0/CPU0,43,bgp-defaultnode0_RP0_CPU0,0,0,obt-collector1,60

2020-02-02 20:29:54.600000+00:00,leaf8,sg1,,ipv4_static,0/RP0/CPU0,0,ipv4_staticnode0_RP0_CPU0,0,0,obt-collector1,60

2020-02-02 20:29:54.600000+00:00,leaf8,sg1,,bundlemgr_distrib,0/RP0/CPU0,0,bundlemgr_distribnode0_RP0_CPU0,0,0,obt-collector1,60

2020-02-02 20:29:54.600000+00:00,leaf8,sg1,,object_tracking,0/RP0/CPU0,0,object_trackingnode0_RP0_CPU0,0,0,obt-collector1,199

2020-02-02 20:30:04.608000+00:00,leaf8,sg1,,bundlemgr_distrib,0/RP0/CPU0,0,bundlemgr_distribnode0_RP0_CPU0,0,0,obt-collector1,60

2020-02-02 20:30:04.608000+00:00,leaf8,sg1,,object_tracking,0/RP0/CPU0,0,object_trackingnode0_RP0_CPU0,0,0,obt-collector1,199

2020-02-02 20:30:04.608000+00:00,leaf8,sg1,,bgp-default,0/RP0/CPU0,43,bgp-defaultnode0_RP0_CPU0,0,0,obt-collector1,60

2020-02-02 20:30:04.608000+00:00,leaf8,sg1,,L2VPN_ATOM,0/RP0/CPU0,0,L2VPN_ATOMnode0_RP0_CPU0,0,0,obt-collector1,120

2020-02-02 20:30:04.608000+00:00,leaf8,sg1,,MPLS-TE,0/RP0/CPU0,0,MPLS-TEnode0_RP0_CPU0,0,0,obt-collector1,180

2020-02-02 20:30:04.608000+00:00,leaf8,sg1,,ipv4_static,0/RP0/CPU0,0,ipv4_staticnode0_RP0_CPU0,0,0,obt-collector1,60

2020-02-02 20:30:14.679000+00:00,leaf8,sg1,,MPLS-TE,0/RP0/CPU0,0,MPLS-TEnode0_RP0_CPU0,0,0,obt-collector1,180

2020-02-02 20:30:14.679000+00:00,leaf8,sg1,,ipv4_static,0/RP0/CPU0,0,ipv4_staticnode0_RP0_CPU0,0,0,obt-collector1,60

2020-02-02 20:30:14.679000+00:00,leaf8,sg1,,bgp-default,0/RP0/CPU0,43,bgp-defaultnode0_RP0_CPU0,0,0,obt-collector1,60

2020-02-02 20:30:14.679000+00:00,leaf8,sg1,,bundlemgr_distrib,0/RP0/CPU0,0,bundlemgr_distribnode0_RP0_CPU0,0,0,obt-collector1,60

2020-02-02 20:30:14.679000+00:00,leaf8,sg1,,object_tracking,0/RP0/CPU0,0,object_trackingnode0_RP0_CPU0,0,0,obt-collector1,199

2020-02-02 20:30:14.679000+00:00,leaf8,sg1,,L2VPN_ATOM,0/RP0/CPU0,0,L2VPN_ATOMnode0_RP0_CPU0,0,0,obt-collector1,120

2020-02-02 20:30:24.691000+00:00,leaf8,sg1,,bgp-default,0/RP0/CPU0,43,bgp-defaultnode0_RP0_CPU0,0,0,obt-collector1,60

2020-02-02 20:30:24.691000+00:00,leaf8,sg1,,L2VPN_ATOM,0/RP0/CPU0,0,L2VPN_ATOMnode0_RP0_CPU0,0,0,obt-collector1,120

2020-02-02 20:30:24.691000+00:00,leaf8,sg1,,MPLS-TE,0/RP0/CPU0,0,MPLS-TEnode0_RP0_CPU0,0,0,obt-collector1,180

2020-02-02 20:30:24.691000+00:00,leaf8,sg1,,ipv4_static,0/RP0/CPU0,0,ipv4_staticnode0_RP0_CPU0,0,0,obt-collector1,60

2020-02-02 20:30:24.691000+00:00,leaf8,sg1,,bundlemgr_distrib,0/RP0/CPU0,0,bundlemgr_distribnode0_RP0_CPU0,0,0,obt-collector1,60

2020-02-02 20:30:24.692000+00:00,leaf8,sg1,,object_tracking,0/RP0/CPU0,0,object_trackingnode0_RP0_CPU0,0,0,obt-collector1,199

2020-02-02 20:30:34.695000+00:00,leaf8,sg1,,bundlemgr_distrib,0/RP0/CPU0,0,bundlemgr_distribnode0_RP0_CPU0,0,0,obt-collector1,60

2020-02-02 20:30:34.695000+00:00,leaf8,sg1,,object_tracking,0/RP0/CPU0,0,object_trackingnode0_RP0_CPU0,0,0,obt-collector1,199

2020-02-02 20:30:34.695000+00:00,leaf8,sg1,,ipv4_static,0/RP0/CPU0,0,ipv4_staticnode0_RP0_CPU0,0,0,obt-collector1,60

2020-02-02 20:30:34.695000+00:00,leaf8,sg1,,L2VPN_ATOM,0/RP0/CPU0,0,L2VPN_ATOMnode0_RP0_CPU0,0,0,obt-collector1,120

2020-02-02 20:30:34.695000+00:00,leaf8,sg1,,bgp-default,0/RP0/CPU0,43,bgp-defaultnode0_RP0_CPU0,0,0,obt-collector1,60

2020-02-02 20:30:34.695000+00:00,leaf8,sg1,,MPLS-TE,0/RP0/CPU0,0,MPLS-TEnode0_RP0_CPU0,0,0,obt-collector1,180

2020-02-02 20:30:44.701000+00:00,leaf8,sg1,,bgp-default,0/RP0/CPU0,43,bgp-defaultnode0_RP0_CPU0,0,0,obt-collector1,60

2020-02-02 20:30:44.701000+00:00,leaf8,sg1,,MPLS-TE,0/RP0/CPU0,0,MPLS-TEnode0_RP0_CPU0,0,0,obt-collector1,180

2020-02-02 20:30:44.701000+00:00,leaf8,sg1,,ipv4_static,0/RP0/CPU0,0,ipv4_staticnode0_RP0_CPU0,0,0,obt-collector1,60

2020-02-02 20:30:44.701000+00:00,leaf8,sg1,,bundlemgr_distrib,0/RP0/CPU0,0,bundlemgr_distribnode0_RP0_CPU0,0,0,obt-collector1,60

2020-02-02 20:30:44.701000+00:00,leaf8,sg1,,object_tracking,0/RP0/CPU0,0,object_trackingnode0_RP0_CPU0,0,0,obt-collector1,199

2020-02-02 20:30:44.701000+00:00,leaf8,sg1,,L2VPN_ATOM,0/RP0/CPU0,0,L2VPN_ATOMnode0_RP0_CPU0,0,0,obt-collector1,120

2020-02-02 20:30:54.707000+00:00,leaf8,sg1,,object_tracking,0/RP0/CPU0,0,object_trackingnode0_RP0_CPU0,0,0,obt-collector1,199

2020-02-02 20:30:54.707000+00:00,leaf8,sg1,,L2VPN_ATOM,0/RP0/CPU0,0,L2VPN_ATOMnode0_RP0_CPU0,0,0,obt-collector1,120

2020-02-02 20:30:54.707000+00:00,leaf8,sg1,,ipv4_static,0/RP0/CPU0,0,ipv4_staticnode0_RP0_CPU0,0,0,obt-collector1,60

2020-02-02 20:30:54.707000+00:00,leaf8,sg1,,bgp-default,0/RP0/CPU0,43,bgp-defaultnode0_RP0_CPU0,0,0,obt-collector1,60

2020-02-02 20:30:54.707000+00:00,leaf8,sg1,,MPLS-TE,0/RP0/CPU0,0,MPLS-TEnode0_RP0_CPU0,0,0,obt-collector1,180

2020-02-02 20:30:54.707000+00:00,leaf8,sg1,,bundlemgr_distrib,0/RP0/CPU0,0,bundlemgr_distribnode0_RP0_CPU0,0,0,obt-collector1,60

2020-02-02 20:31:04.713000+00:00,leaf8,sg1,,MPLS-TE,0/RP0/CPU0,0,MPLS-TEnode0_RP0_CPU0,0,0,obt-collector1,180

2020-02-02 20:31:04.713000+00:00,leaf8,sg1,,L2VPN_ATOM,0/RP0/CPU0,0,L2VPN_ATOMnode0_RP0_CPU0,0,0,obt-collector1,120

2020-02-02 20:31:04.713000+00:00,leaf8,sg1,,bgp-default,0/RP0/CPU0,43,bgp-defaultnode0_RP0_CPU0,0,0,obt-collector1,60

2020-02-02 20:31:04.714000+00:00,leaf8,sg1,,bundlemgr_distrib,0/RP0/CPU0,0,bundlemgr_distribnode0_RP0_CPU0,0,0,obt-collector1,60

2020-02-02 20:31:04.714000+00:00,leaf8,sg1,,object_tracking,0/RP0/CPU0,0,object_trackingnode0_RP0_CPU0,0,0,obt-collector1,199

2020-02-02 20:31:04.714000+00:00,leaf8,sg1,,ipv4_static,0/RP0/CPU0,0,ipv4_staticnode0_RP0_CPU0,0,0,obt-collector1,60

2020-02-02 20:31:14.721000+00:00,leaf8,sg1,,L2VPN_ATOM,0/RP0/CPU0,0,L2VPN_ATOMnode0_RP0_CPU0,0,0,obt-collector1,120

2020-02-02 20:31:14.721000+00:00,leaf8,sg1,,bgp-default,0/RP0/CPU0,43,bgp-defaultnode0_RP0_CPU0,0,0,obt-collector1,60

2020-02-02 20:31:14.721000+00:00,leaf8,sg1,,MPLS-TE,0/RP0/CPU0,0,MPLS-TEnode0_RP0_CPU0,0,0,obt-collector1,180

2020-02-02 20:31:14.722000+00:00,leaf8,sg1,,ipv4_static,0/RP0/CPU0,0,ipv4_staticnode0_RP0_CPU0,0,0,obt-collector1,60

2020-02-02 20:31:14.722000+00:00,leaf8,sg1,,bundlemgr_distrib,0/RP0/CPU0,0,bundlemgr_distribnode0_RP0_CPU0,0,0,obt-collector1,60

2020-02-02 20:31:14.722000+00:00,leaf8,sg1,,object_tracking,0/RP0/CPU0,0,object_trackingnode0_RP0_CPU0,0,0,obt-collector1,199

2020-02-02 20:31:24.727000+00:00,leaf8,sg1,,bundlemgr_distrib,0/RP0/CPU0,0,bundlemgr_distribnode0_RP0_CPU0,0,0,obt-collector1,60

2020-02-02 20:31:24.727000+00:00,leaf8,sg1,,object_tracking,0/RP0/CPU0,0,object_trackingnode0_RP0_CPU0,0,0,obt-collector1,199

2020-02-02 20:31:24.727000+00:00,leaf8,sg1,,ipv4_static,0/RP0/CPU0,0,ipv4_staticnode0_RP0_CPU0,0,0,obt-collector1,60

2020-02-02 20:31:24.727000+00:00,leaf8,sg1,,bgp-default,0/RP0/CPU0,43,bgp-defaultnode0_RP0_CPU0,0,0,obt-collector1,60

2020-02-02 20:31:24.727000+00:00,leaf8,sg1,,MPLS-TE,0/RP0/CPU0,0,MPLS-TEnode0_RP0_CPU0,0,0,obt-collector1,180

2020-02-02 20:31:24.727000+00:00,leaf8,sg1,,L2VPN_ATOM,0/RP0/CPU0,0,L2VPN_ATOMnode0_RP0_CPU0,0,0,obt-collector1,120

2020-02-02 20:31:34.732000+00:00,leaf8,sg1,,MPLS-TE,0/RP0/CPU0,0,MPLS-TEnode0_RP0_CPU0,0,0,obt-collector1,180

2020-02-02 20:31:34.732000+00:00,leaf8,sg1,,L2VPN_ATOM,0/RP0/CPU0,0,L2VPN_ATOMnode0_RP0_CPU0,0,0,obt-collector1,120

2020-02-02 20:31:34.732000+00:00,leaf8,sg1,,bgp-default,0/RP0/CPU0,43,bgp-defaultnode0_RP0_CPU0,0,0,obt-collector1,60

2020-02-02 20:31:34.733000+00:00,leaf8,sg1,,ipv4_static,0/RP0/CPU0,0,ipv4_staticnode0_RP0_CPU0,0,0,obt-collector1,60

2020-02-02 20:31:34.733000+00:00,leaf8,sg1,,bundlemgr_distrib,0/RP0/CPU0,0,bundlemgr_distribnode0_RP0_CPU0,0,0,obt-collector1,60

2020-02-02 20:31:34.733000+00:00,leaf8,sg1,,object_tracking,0/RP0/CPU0,0,object_trackingnode0_RP0_CPU0,0,0,obt-collector1,199

2020-02-02 20:31:44.739000+00:00,leaf8,sg1,,L2VPN_ATOM,0/RP0/CPU0,0,L2VPN_ATOMnode0_RP0_CPU0,0,0,obt-collector1,120

2020-02-02 20:31:44.739000+00:00,leaf8,sg1,,bgp-default,0/RP0/CPU0,43,bgp-defaultnode0_RP0_CPU0,0,0,obt-collector1,60

2020-02-02 20:31:44.739000+00:00,leaf8,sg1,,MPLS-TE,0/RP0/CPU0,0,MPLS-TEnode0_RP0_CPU0,0,0,obt-collector1,180

2020-02-02 20:31:44.740000+00:00,leaf8,sg1,,object_tracking,0/RP0/CPU0,0,object_trackingnode0_RP0_CPU0,0,0,obt-collector1,199

2020-02-02 20:31:44.740000+00:00,leaf8,sg1,,ipv4_static,0/RP0/CPU0,0,ipv4_staticnode0_RP0_CPU0,0,0,obt-collector1,60

2020-02-02 20:31:44.740000+00:00,leaf8,sg1,,bundlemgr_distrib,0/RP0/CPU0,0,bundlemgr_distribnode0_RP0_CPU0,0,0,obt-collector1,60

2020-02-02 20:31:54.748000+00:00,leaf8,sg1,,ipv4_static,0/RP0/CPU0,0,ipv4_staticnode0_RP0_CPU0,0,0,obt-collector1,60

2020-02-02 20:31:54.748000+00:00,leaf8,sg1,,bundlemgr_distrib,0/RP0/CPU0,0,bundlemgr_distribnode0_RP0_CPU0,0,0,obt-collector1,60

2020-02-02 20:31:54.748000+00:00,leaf8,sg1,,object_tracking,0/RP0/CPU0,0,object_trackingnode0_RP0_CPU0,0,0,obt-collector1,199

2020-02-02 20:31:54.748000+00:00,leaf8,sg1,,bgp-default,0/RP0/CPU0,43,bgp-defaultnode0_RP0_CPU0,0,0,obt-collector1,60

2020-02-02 20:31:54.748000+00:00,leaf8,sg1,,MPLS-TE,0/RP0/CPU0,0,MPLS-TEnode0_RP0_CPU0,0,0,obt-collector1,180

2020-02-02 20:31:54.748000+00:00,leaf8,sg1,,L2VPN_ATOM,0/RP0/CPU0,0,L2VPN_ATOMnode0_RP0_CPU0,0,0,obt-collector1,120

2020-02-02 20:32:04.754000+00:00,leaf8,sg1,,MPLS-TE,0/RP0/CPU0,0,MPLS-TEnode0_RP0_CPU0,0,0,obt-collector1,180

2020-02-02 20:32:04.754000+00:00,leaf8,sg1,,L2VPN_ATOM,0/RP0/CPU0,0,L2VPN_ATOMnode0_RP0_CPU0,0,0,obt-collector1,120

2020-02-02 20:32:04.754000+00:00,leaf8,sg1,,object_tracking,0/RP0/CPU0,0,object_trackingnode0_RP0_CPU0,0,0,obt-collector1,199

2020-02-02 20:32:04.754000+00:00,leaf8,sg1,,ipv4_static,0/RP0/CPU0,0,ipv4_staticnode0_RP0_CPU0,0,0,obt-collector1,60

2020-02-02 20:32:04.754000+00:00,leaf8,sg1,,bundlemgr_distrib,0/RP0/CPU0,0,bundlemgr_distribnode0_RP0_CPU0,0,0,obt-collector1,60

2020-02-02 20:32:04.754000+00:00,leaf8,sg1,,bgp-default,0/RP0/CPU0,43,bgp-defaultnode0_RP0_CPU0,0,0,obt-collector1,60

2020-02-02 20:32:14.763000+00:00,leaf8,sg1,,MPLS-TE,0/RP0/CPU0,0,MPLS-TEnode0_RP0_CPU0,0,0,obt-collector1,180

2020-02-02 20:32:14.763000+00:00,leaf8,sg1,,L2VPN_ATOM,0/RP0/CPU0,0,L2VPN_ATOMnode0_RP0_CPU0,0,0,obt-collector1,120

2020-02-02 20:32:14.763000+00:00,leaf8,sg1,,bgp-default,0/RP0/CPU0,43,bgp-defaultnode0_RP0_CPU0,0,0,obt-collector1,60

2020-02-02 20:32:14.764000+00:00,leaf8,sg1,,ipv4_static,0/RP0/CPU0,0,ipv4_staticnode0_RP0_CPU0,0,0,obt-collector1,60

2020-02-02 20:32:14.764000+00:00,leaf8,sg1,,object_tracking,0/RP0/CPU0,0,object_trackingnode0_RP0_CPU0,0,0,obt-collector1,199

2020-02-02 20:32:14.764000+00:00,leaf8,sg1,,bundlemgr_distrib,0/RP0/CPU0,0,bundlemgr_distribnode0_RP0_CPU0,0,0,obt-collector1,60

2020-02-02 20:32:24.770000+00:00,leaf8,sg1,,ipv4_static,0/RP0/CPU0,0,ipv4_staticnode0_RP0_CPU0,0,0,obt-collector1,60

2020-02-02 20:32:24.770000+00:00,leaf8,sg1,,bundlemgr_distrib,0/RP0/CPU0,0,bundlemgr_distribnode0_RP0_CPU0,0,0,obt-collector1,60

2020-02-02 20:32:24.770000+00:00,leaf8,sg1,,L2VPN_ATOM,0/RP0/CPU0,0,L2VPN_ATOMnode0_RP0_CPU0,0,0,obt-collector1,120

2020-02-02 20:32:24.770000+00:00,leaf8,sg1,,bgp-default,0/RP0/CPU0,43,bgp-defaultnode0_RP0_CPU0,0,0,obt-collector1,60

2020-02-02 20:32:24.770000+00:00,leaf8,sg1,,MPLS-TE,0/RP0/CPU0,0,MPLS-TEnode0_RP0_CPU0,0,0,obt-collector1,180

2020-02-02 20:32:24.771000+00:00,leaf8,sg1,,object_tracking,0/RP0/CPU0,0,object_trackingnode0_RP0_CPU0,0,0,obt-collector1,199

2020-02-02 20:32:34.782000+00:00,leaf8,sg1,,MPLS-TE,0/RP0/CPU0,0,MPLS-TEnode0_RP0_CPU0,0,0,obt-collector1,180

2020-02-02 20:32:34.782000+00:00,leaf8,sg1,,bgp-default,0/RP0/CPU0,43,bgp-defaultnode0_RP0_CPU0,0,0,obt-collector1,60

2020-02-02 20:32:34.782000+00:00,leaf8,sg1,,bundlemgr_distrib,0/RP0/CPU0,0,bundlemgr_distribnode0_RP0_CPU0,0,0,obt-collector1,60

2020-02-02 20:32:34.782000+00:00,leaf8,sg1,,ipv4_static,0/RP0/CPU0,0,ipv4_staticnode0_RP0_CPU0,0,0,obt-collector1,60

2020-02-02 20:32:34.782000+00:00,leaf8,sg1,,L2VPN_ATOM,0/RP0/CPU0,0,L2VPN_ATOMnode0_RP0_CPU0,0,0,obt-collector1,120

2020-02-02 20:32:34.783000+00:00,leaf8,sg1,,object_tracking,0/RP0/CPU0,0,object_trackingnode0_RP0_CPU0,0,0,obt-collector1,199

2020-02-02 20:32:44.788000+00:00,leaf8,sg1,,L2VPN_ATOM,0/RP0/CPU0,0,L2VPN_ATOMnode0_RP0_CPU0,0,0,obt-collector1,120

2020-02-02 20:32:44.788000+00:00,leaf8,sg1,,object_tracking,0/RP0/CPU0,0,object_trackingnode0_RP0_CPU0,0,0,obt-collector1,199

2020-02-02 20:32:44.788000+00:00,leaf8,sg1,,ipv4_static,0/RP0/CPU0,0,ipv4_staticnode0_RP0_CPU0,0,0,obt-collector1,60

2020-02-02 20:32:44.788000+00:00,leaf8,sg1,,bgp-default,0/RP0/CPU0,43,bgp-defaultnode0_RP0_CPU0,0,0,obt-collector1,60

2020-02-02 20:32:44.788000+00:00,leaf8,sg1,,MPLS-TE,0/RP0/CPU0,0,MPLS-TEnode0_RP0_CPU0,0,0,obt-collector1,180

2020-02-02 20:32:44.788000+00:00,leaf8,sg1,,bundlemgr_distrib,0/RP0/CPU0,0,bundlemgr_distribnode0_RP0_CPU0,0,0,obt-collector1,60

2020-02-02 20:32:54.796000+00:00,leaf8,sg1,,MPLS-TE,0/RP0/CPU0,0,MPLS-TEnode0_RP0_CPU0,0,0,obt-collector1,180

2020-02-02 20:32:54.796000+00:00,leaf8,sg1,,L2VPN_ATOM,0/RP0/CPU0,0,L2VPN_ATOMnode0_RP0_CPU0,0,0,obt-collector1,120

2020-02-02 20:32:54.796000+00:00,leaf8,sg1,,bgp-default,0/RP0/CPU0,43,bgp-defaultnode0_RP0_CPU0,0,0,obt-collector1,60

2020-02-02 20:32:54.797000+00:00,leaf8,sg1,,bundlemgr_distrib,0/RP0/CPU0,0,bundlemgr_distribnode0_RP0_CPU0,0,0,obt-collector1,60

2020-02-02 20:32:54.797000+00:00,leaf8,sg1,,ipv4_static,0/RP0/CPU0,0,ipv4_staticnode0_RP0_CPU0,0,0,obt-collector1,60

2020-02-02 20:32:54.797000+00:00,leaf8,sg1,,object_tracking,0/RP0/CPU0,0,object_trackingnode0_RP0_CPU0,0,0,obt-collector1,199

2020-02-02 20:33:04.803000+00:00,leaf8,sg1,,L2VPN_ATOM,0/RP0/CPU0,0,L2VPN_ATOMnode0_RP0_CPU0,0,0,obt-collector1,120

2020-02-02 20:33:04.803000+00:00,leaf8,sg1,,MPLS-TE,0/RP0/CPU0,0,MPLS-TEnode0_RP0_CPU0,0,0,obt-collector1,180

2020-02-02 20:33:04.804000+00:00,leaf8,sg1,,ipv4_static,0/RP0/CPU0,0,ipv4_staticnode0_RP0_CPU0,0,0,obt-collector1,60

2020-02-02 20:33:04.804000+00:00,leaf8,sg1,,bundlemgr_distrib,0/RP0/CPU0,0,bundlemgr_distribnode0_RP0_CPU0,0,0,obt-collector1,60

2020-02-02 20:33:04.804000+00:00,leaf8,sg1,,bgp-default,0/RP0/CPU0,43,bgp-defaultnode0_RP0_CPU0,0,0,obt-collector1,60

2020-02-02 20:33:04.804000+00:00,leaf8,sg1,,object_tracking,0/RP0/CPU0,0,object_trackingnode0_RP0_CPU0,0,0,obt-collector1,199

2020-02-02 20:33:14.813000+00:00,leaf8,sg1,,bgp-default,0/RP0/CPU0,43,bgp-defaultnode0_RP0_CPU0,0,0,obt-collector1,60

2020-02-02 20:33:14.813000+00:00,leaf8,sg1,,object_tracking,0/RP0/CPU0,0,object_trackingnode0_RP0_CPU0,0,0,obt-collector1,199

2020-02-02 20:33:14.813000+00:00,leaf8,sg1,,ipv4_static,0/RP0/CPU0,0,ipv4_staticnode0_RP0_CPU0,0,0,obt-collector1,60

2020-02-02 20:33:14.813000+00:00,leaf8,sg1,,L2VPN_ATOM,0/RP0/CPU0,0,L2VPN_ATOMnode0_RP0_CPU0,0,0,obt-collector1,120

2020-02-02 20:33:14.813000+00:00,leaf8,sg1,,MPLS-TE,0/RP0/CPU0,0,MPLS-TEnode0_RP0_CPU0,0,0,obt-collector1,180

2020-02-02 20:33:14.813000+00:00,leaf8,sg1,,bundlemgr_distrib,0/RP0/CPU0,0,bundlemgr_distribnode0_RP0_CPU0,0,0,obt-collector1,60

2020-02-02 20:33:24.819000+00:00,leaf8,sg1,,MPLS-TE,0/RP0/CPU0,0,MPLS-TEnode0_RP0_CPU0,0,0,obt-collector1,180

2020-02-02 20:33:24.819000+00:00,leaf8,sg1,,bundlemgr_distrib,0/RP0/CPU0,0,bundlemgr_distribnode0_RP0_CPU0,0,0,obt-collector1,60

2020-02-02 20:33:24.819000+00:00,leaf8,sg1,,ipv4_static,0/RP0/CPU0,0,ipv4_staticnode0_RP0_CPU0,0,0,obt-collector1,60

2020-02-02 20:33:24.819000+00:00,leaf8,sg1,,bgp-default,0/RP0/CPU0,43,bgp-defaultnode0_RP0_CPU0,0,0,obt-collector1,60

2020-02-02 20:33:24.819000+00:00,leaf8,sg1,,object_tracking,0/RP0/CPU0,0,object_trackingnode0_RP0_CPU0,0,0,obt-collector1,199

2020-02-02 20:33:24.819000+00:00,leaf8,sg1,,L2VPN_ATOM,0/RP0/CPU0,0,L2VPN_ATOMnode0_RP0_CPU0,0,0,obt-collector1,120

2020-02-02 20:33:34.830000+00:00,leaf8,sg1,,object_tracking,0/RP0/CPU0,0,object_trackingnode0_RP0_CPU0,0,0,obt-collector1,199

2020-02-02 20:33:34.830000+00:00,leaf8,sg1,,L2VPN_ATOM,0/RP0/CPU0,0,L2VPN_ATOMnode0_RP0_CPU0,0,0,obt-collector1,120

2020-02-02 20:33:34.830000+00:00,leaf8,sg1,,ipv4_static,0/RP0/CPU0,0,ipv4_staticnode0_RP0_CPU0,0,0,obt-collector1,60

2020-02-02 20:33:34.830000+00:00,leaf8,sg1,,MPLS-TE,0/RP0/CPU0,0,MPLS-TEnode0_RP0_CPU0,0,0,obt-collector1,180

2020-02-02 20:33:34.830000+00:00,leaf8,sg1,,bundlemgr_distrib,0/RP0/CPU0,0,bundlemgr_distribnode0_RP0_CPU0,0,0,obt-collector1,60

2020-02-02 20:33:34.830000+00:00,leaf8,sg1,,bgp-default,0/RP0/CPU0,43,bgp-defaultnode0_RP0_CPU0,0,0,obt-collector1,60

2020-02-02 20:33:44.837000+00:00,leaf8,sg1,,bundlemgr_distrib,0/RP0/CPU0,0,bundlemgr_distribnode0_RP0_CPU0,0,0,obt-collector1,60

2020-02-02 20:33:44.837000+00:00,leaf8,sg1,,bgp-default,0/RP0/CPU0,43,bgp-defaultnode0_RP0_CPU0,0,0,obt-collector1,60

2020-02-02 20:33:44.837000+00:00,leaf8,sg1,,ipv4_static,0/RP0/CPU0,0,ipv4_staticnode0_RP0_CPU0,0,0,obt-collector1,60

2020-02-02 20:33:44.837000+00:00,leaf8,sg1,,object_tracking,0/RP0/CPU0,0,object_trackingnode0_RP0_CPU0,0,0,obt-collector1,199

2020-02-02 20:33:44.837000+00:00,leaf8,sg1,,L2VPN_ATOM,0/RP0/CPU0,0,L2VPN_ATOMnode0_RP0_CPU0,0,0,obt-collector1,120

2020-02-02 20:33:44.837000+00:00,leaf8,sg1,,MPLS-TE,0/RP0/CPU0,0,MPLS-TEnode0_RP0_CPU0,0,0,obt-collector1,180

2020-02-02 20:33:54.844000+00:00,leaf8,sg1,,bundlemgr_distrib,0/RP0/CPU0,0,bundlemgr_distribnode0_RP0_CPU0,0,0,obt-collector1,60

2020-02-02 20:33:54.844000+00:00,leaf8,sg1,,MPLS-TE,0/RP0/CPU0,0,MPLS-TEnode0_RP0_CPU0,0,0,obt-collector1,180

2020-02-02 20:33:54.844000+00:00,leaf8,sg1,,bgp-default,0/RP0/CPU0,43,bgp-defaultnode0_RP0_CPU0,0,0,obt-collector1,60

2020-02-02 20:33:54.844000+00:00,leaf8,sg1,,L2VPN_ATOM,0/RP0/CPU0,0,L2VPN_ATOMnode0_RP0_CPU0,0,0,obt-collector1,120

2020-02-02 20:33:54.845000+00:00,leaf8,sg1,,ipv4_static,0/RP0/CPU0,0,ipv4_staticnode0_RP0_CPU0,0,0,obt-collector1,60

2020-02-02 20:33:54.845000+00:00,leaf8,sg1,,object_tracking,0/RP0/CPU0,0,object_trackingnode0_RP0_CPU0,0,0,obt-collector1,199

2020-02-02 20:34:04.850000+00:00,leaf8,sg1,,ipv4_static,0/RP0/CPU0,0,ipv4_staticnode0_RP0_CPU0,0,0,obt-collector1,60

2020-02-02 20:34:04.850000+00:00,leaf8,sg1,,object_tracking,0/RP0/CPU0,0,object_trackingnode0_RP0_CPU0,0,0,obt-collector1,199

2020-02-02 20:34:04.850000+00:00,leaf8,sg1,,L2VPN_ATOM,0/RP0/CPU0,0,L2VPN_ATOMnode0_RP0_CPU0,0,0,obt-collector1,120

2020-02-02 20:34:04.850000+00:00,leaf8,sg1,,bundlemgr_distrib,0/RP0/CPU0,0,bundlemgr_distribnode0_RP0_CPU0,0,0,obt-collector1,60

2020-02-02 20:34:04.850000+00:00,leaf8,sg1,,bgp-default,0/RP0/CPU0,43,bgp-defaultnode0_RP0_CPU0,0,0,obt-collector1,60

2020-02-02 20:34:04.850000+00:00,leaf8,sg1,,MPLS-TE,0/RP0/CPU0,0,MPLS-TEnode0_RP0_CPU0,0,0,obt-collector1,180

2020-02-02 20:34:14.866000+00:00,leaf8,sg1,,bgp-default,0/RP0/CPU0,43,bgp-defaultnode0_RP0_CPU0,0,0,obt-collector1,60

2020-02-02 20:34:14.866000+00:00,leaf8,sg1,,MPLS-TE,0/RP0/CPU0,0,MPLS-TEnode0_RP0_CPU0,0,0,obt-collector1,180

2020-02-02 20:34:14.866000+00:00,leaf8,sg1,,L2VPN_ATOM,0/RP0/CPU0,0,L2VPN_ATOMnode0_RP0_CPU0,0,0,obt-collector1,120

2020-02-02 20:34:14.866000+00:00,leaf8,sg1,,ipv4_static,0/RP0/CPU0,0,ipv4_staticnode0_RP0_CPU0,0,0,obt-collector1,60

2020-02-02 20:34:14.866000+00:00,leaf8,sg1,,object_tracking,0/RP0/CPU0,0,object_trackingnode0_RP0_CPU0,0,0,obt-collector1,199

2020-02-02 20:34:14.866000+00:00,leaf8,sg1,,bundlemgr_distrib,0/RP0/CPU0,0,bundlemgr_distribnode0_RP0_CPU0,0,0,obt-collector1,60

2020-02-02 20:34:24.874000+00:00,leaf8,sg1,,L2VPN_ATOM,0/RP0/CPU0,0,L2VPN_ATOMnode0_RP0_CPU0,0,0,obt-collector1,120

2020-02-02 20:34:24.874000+00:00,leaf8,sg1,,bgp-default,0/RP0/CPU0,43,bgp-defaultnode0_RP0_CPU0,0,0,obt-collector1,60

2020-02-02 20:34:24.874000+00:00,leaf8,sg1,,MPLS-TE,0/RP0/CPU0,0,MPLS-TEnode0_RP0_CPU0,0,0,obt-collector1,180

2020-02-02 20:34:24.875000+00:00,leaf8,sg1,,object_tracking,0/RP0/CPU0,0,object_trackingnode0_RP0_CPU0,0,0,obt-collector1,199

2020-02-02 20:34:24.875000+00:00,leaf8,sg1,,bundlemgr_distrib,0/RP0/CPU0,0,bundlemgr_distribnode0_RP0_CPU0,0,0,obt-collector1,60

2020-02-02 20:34:24.875000+00:00,leaf8,sg1,,ipv4_static,0/RP0/CPU0,0,ipv4_staticnode0_RP0_CPU0,0,0,obt-collector1,60

2020-02-02 20:34:34.884000+00:00,leaf8,sg1,,bundlemgr_distrib,0/RP0/CPU0,0,bundlemgr_distribnode0_RP0_CPU0,0,0,obt-collector1,60

2020-02-02 20:34:34.884000+00:00,leaf8,sg1,,ipv4_static,0/RP0/CPU0,0,ipv4_staticnode0_RP0_CPU0,0,0,obt-collector1,60

2020-02-02 20:34:34.884000+00:00,leaf8,sg1,,MPLS-TE,0/RP0/CPU0,0,MPLS-TEnode0_RP0_CPU0,0,0,obt-collector1,180

2020-02-02 20:34:34.884000+00:00,leaf8,sg1,,L2VPN_ATOM,0/RP0/CPU0,0,L2VPN_ATOMnode0_RP0_CPU0,0,0,obt-collector1,120

2020-02-02 20:34:34.884000+00:00,leaf8,sg1,,bgp-default,0/RP0/CPU0,43,bgp-defaultnode0_RP0_CPU0,0,0,obt-collector1,60

2020-02-02 20:34:34.884000+00:00,leaf8,sg1,,object_tracking,0/RP0/CPU0,0,object_trackingnode0_RP0_CPU0,0,0,obt-collector1,199

2020-02-02 20:34:44.887000+00:00,leaf8,sg1,,L2VPN_ATOM,0/RP0/CPU0,0,L2VPN_ATOMnode0_RP0_CPU0,0,0,obt-collector1,120

2020-02-02 20:34:44.888000+00:00,leaf8,sg1,,object_tracking,0/RP0/CPU0,0,object_trackingnode0_RP0_CPU0,0,0,obt-collector1,199

2020-02-02 20:34:44.888000+00:00,leaf8,sg1,,MPLS-TE,0/RP0/CPU0,0,MPLS-TEnode0_RP0_CPU0,0,0,obt-collector1,180

2020-02-02 20:34:44.888000+00:00,leaf8,sg1,,bundlemgr_distrib,0/RP0/CPU0,0,bundlemgr_distribnode0_RP0_CPU0,0,0,obt-collector1,60

2020-02-02 20:34:44.888000+00:00,leaf8,sg1,,ipv4_static,0/RP0/CPU0,0,ipv4_staticnode0_RP0_CPU0,0,0,obt-collector1,60

2020-02-02 20:34:44.888000+00:00,leaf8,sg1,,bgp-default,0/RP0/CPU0,43,bgp-defaultnode0_RP0_CPU0,0,0,obt-collector1,60

2020-02-02 20:34:54.894000+00:00,leaf8,sg1,,ipv4_static,0/RP0/CPU0,0,ipv4_staticnode0_RP0_CPU0,0,0,obt-collector1,60

2020-02-02 20:34:54.894000+00:00,leaf8,sg1,,bgp-default,0/RP0/CPU0,43,bgp-defaultnode0_RP0_CPU0,0,0,obt-collector1,60

2020-02-02 20:34:54.894000+00:00,leaf8,sg1,,MPLS-TE,0/RP0/CPU0,0,MPLS-TEnode0_RP0_CPU0,0,0,obt-collector1,180

2020-02-02 20:34:54.894000+00:00,leaf8,sg1,,L2VPN_ATOM,0/RP0/CPU0,0,L2VPN_ATOMnode0_RP0_CPU0,0,0,obt-collector1,120

2020-02-02 20:34:54.894000+00:00,leaf8,sg1,,object_tracking,0/RP0/CPU0,0,object_trackingnode0_RP0_CPU0,0,0,obt-collector1,199

2020-02-02 20:34:54.894000+00:00,leaf8,sg1,,bundlemgr_distrib,0/RP0/CPU0,0,bundlemgr_distribnode0_RP0_CPU0,0,0,obt-collector1,60

2020-02-02 20:35:04.901000+00:00,leaf8,sg1,,object_tracking,0/RP0/CPU0,0,object_trackingnode0_RP0_CPU0,0,0,obt-collector1,199

2020-02-02 20:35:04.901000+00:00,leaf8,sg1,,bundlemgr_distrib,0/RP0/CPU0,0,bundlemgr_distribnode0_RP0_CPU0,0,0,obt-collector1,60

2020-02-02 20:35:04.901000+00:00,leaf8,sg1,,MPLS-TE,0/RP0/CPU0,0,MPLS-TEnode0_RP0_CPU0,0,0,obt-collector1,180

2020-02-02 20:35:04.901000+00:00,leaf8,sg1,,ipv4_static,0/RP0/CPU0,0,ipv4_staticnode0_RP0_CPU0,0,0,obt-collector1,60

2020-02-02 20:35:04.901000+00:00,leaf8,sg1,,bgp-default,0/RP0/CPU0,43,bgp-defaultnode0_RP0_CPU0,0,0,obt-collector1,60

2020-02-02 20:35:04.901000+00:00,leaf8,sg1,,L2VPN_ATOM,0/RP0/CPU0,0,L2VPN_ATOMnode0_RP0_CPU0,0,0,obt-collector1,120

2020-02-02 20:35:14.909000+00:00,leaf8,sg1,,L2VPN_ATOM,0/RP0/CPU0,0,L2VPN_ATOMnode0_RP0_CPU0,0,0,obt-collector1,120

2020-02-02 20:35:14.910000+00:00,leaf8,sg1,,ipv4_static,0/RP0/CPU0,0,ipv4_staticnode0_RP0_CPU0,0,0,obt-collector1,60

2020-02-02 20:35:14.910000+00:00,leaf8,sg1,,MPLS-TE,0/RP0/CPU0,0,MPLS-TEnode0_RP0_CPU0,0,0,obt-collector1,180

2020-02-02 20:35:14.910000+00:00,leaf8,sg1,,object_tracking,0/RP0/CPU0,0,object_trackingnode0_RP0_CPU0,0,0,obt-collector1,199

2020-02-02 20:35:14.910000+00:00,leaf8,sg1,,bundlemgr_distrib,0/RP0/CPU0,0,bundlemgr_distribnode0_RP0_CPU0,0,0,obt-collector1,60

2020-02-02 20:35:14.910000+00:00,leaf8,sg1,,bgp-default,0/RP0/CPU0,43,bgp-defaultnode0_RP0_CPU0,0,0,obt-collector1,60

2020-02-02 20:35:24.918000+00:00,leaf8,sg1,,bundlemgr_distrib,0/RP0/CPU0,0,bundlemgr_distribnode0_RP0_CPU0,0,0,obt-collector1,60

2020-02-02 20:35:24.918000+00:00,leaf8,sg1,,bgp-default,0/RP0/CPU0,43,bgp-defaultnode0_RP0_CPU0,0,0,obt-collector1,60

2020-02-02 20:35:24.918000+00:00,leaf8,sg1,,MPLS-TE,0/RP0/CPU0,0,MPLS-TEnode0_RP0_CPU0,0,0,obt-collector1,180

2020-02-02 20:35:24.918000+00:00,leaf8,sg1,,L2VPN_ATOM,0/RP0/CPU0,0,L2VPN_ATOMnode0_RP0_CPU0,0,0,obt-collector1,120

2020-02-02 20:35:24.918000+00:00,leaf8,sg1,,ipv4_static,0/RP0/CPU0,0,ipv4_staticnode0_RP0_CPU0,0,0,obt-collector1,60

2020-02-02 20:35:24.918000+00:00,leaf8,sg1,,object_tracking,0/RP0/CPU0,0,object_trackingnode0_RP0_CPU0,0,0,obt-collector1,199

2020-02-02 20:35:34.929000+00:00,leaf8,sg1,,MPLS-TE,0/RP0/CPU0,0,MPLS-TEnode0_RP0_CPU0,0,0,obt-collector1,180

2020-02-02 20:35:34.929000+00:00,leaf8,sg1,,bundlemgr_distrib,0/RP0/CPU0,0,bundlemgr_distribnode0_RP0_CPU0,0,0,obt-collector1,60

2020-02-02 20:35:34.929000+00:00,leaf8,sg1,,bgp-default,0/RP0/CPU0,43,bgp-defaultnode0_RP0_CPU0,0,0,obt-collector1,60

2020-02-02 20:35:34.929000+00:00,leaf8,sg1,,L2VPN_ATOM,0/RP0/CPU0,0,L2VPN_ATOMnode0_RP0_CPU0,0,0,obt-collector1,120

2020-02-02 20:35:34.930000+00:00,leaf8,sg1,,ipv4_static,0/RP0/CPU0,0,ipv4_staticnode0_RP0_CPU0,0,0,obt-collector1,60

2020-02-02 20:35:34.930000+00:00,leaf8,sg1,,object_tracking,0/RP0/CPU0,0,object_trackingnode0_RP0_CPU0,0,0,obt-collector1,199

2020-02-02 20:35:44.937000+00:00,leaf8,sg1,,ipv4_static,0/RP0/CPU0,0,ipv4_staticnode0_RP0_CPU0,0,0,obt-collector1,60

2020-02-02 20:35:44.937000+00:00,leaf8,sg1,,object_tracking,0/RP0/CPU0,0,object_trackingnode0_RP0_CPU0,0,0,obt-collector1,199

2020-02-02 20:35:44.937000+00:00,leaf8,sg1,,L2VPN_ATOM,0/RP0/CPU0,0,L2VPN_ATOMnode0_RP0_CPU0,0,0,obt-collector1,120

2020-02-02 20:35:44.937000+00:00,leaf8,sg1,,MPLS-TE,0/RP0/CPU0,0,MPLS-TEnode0_RP0_CPU0,0,0,obt-collector1,180

2020-02-02 20:35:44.937000+00:00,leaf8,sg1,,bgp-default,0/RP0/CPU0,43,bgp-defaultnode0_RP0_CPU0,0,0,obt-collector1,60

2020-02-02 20:35:44.937000+00:00,leaf8,sg1,,bundlemgr_distrib,0/RP0/CPU0,0,bundlemgr_distribnode0_RP0_CPU0,0,0,obt-collector1,60

2020-02-02 20:35:54.948000+00:00,leaf8,sg1,,bgp-default,0/RP0/CPU0,43,bgp-defaultnode0_RP0_CPU0,0,0,obt-collector1,60

2020-02-02 20:35:54.948000+00:00,leaf8,sg1,,bundlemgr_distrib,0/RP0/CPU0,0,bundlemgr_distribnode0_RP0_CPU0,0,0,obt-collector1,60

2020-02-02 20:35:54.948000+00:00,leaf8,sg1,,L2VPN_ATOM,0/RP0/CPU0,0,L2VPN_ATOMnode0_RP0_CPU0,0,0,obt-collector1,120

2020-02-02 20:35:54.948000+00:00,leaf8,sg1,,MPLS-TE,0/RP0/CPU0,0,MPLS-TEnode0_RP0_CPU0,0,0,obt-collector1,180

2020-02-02 20:35:54.949000+00:00,leaf8,sg1,,ipv4_static,0/RP0/CPU0,0,ipv4_staticnode0_RP0_CPU0,0,0,obt-collector1,60

2020-02-02 20:35:54.949000+00:00,leaf8,sg1,,object_tracking,0/RP0/CPU0,0,object_trackingnode0_RP0_CPU0,0,0,obt-collector1,199

2020-02-02 20:36:04.959000+00:00,leaf8,sg1,,MPLS-TE,0/RP0/CPU0,0,MPLS-TEnode0_RP0_CPU0,0,0,obt-collector1,180

2020-02-02 20:36:04.959000+00:00,leaf8,sg1,,bgp-default,0/RP0/CPU0,43,bgp-defaultnode0_RP0_CPU0,0,0,obt-collector1,60

2020-02-02 20:36:04.959000+00:00,leaf8,sg1,,L2VPN_ATOM,0/RP0/CPU0,0,L2VPN_ATOMnode0_RP0_CPU0,0,0,obt-collector1,120

2020-02-02 20:36:04.959000+00:00,leaf8,sg1,,bundlemgr_distrib,0/RP0/CPU0,0,bundlemgr_distribnode0_RP0_CPU0,0,0,obt-collector1,60

2020-02-02 20:36:04.960000+00:00,leaf8,sg1,,ipv4_static,0/RP0/CPU0,0,ipv4_staticnode0_RP0_CPU0,0,0,obt-collector1,60

2020-02-02 20:36:04.960000+00:00,leaf8,sg1,,object_tracking,0/RP0/CPU0,0,object_trackingnode0_RP0_CPU0,0,0,obt-collector1,199

2020-02-02 20:36:14.968000+00:00,leaf8,sg1,,ipv4_static,0/RP0/CPU0,0,ipv4_staticnode0_RP0_CPU0,0,0,obt-collector1,60

2020-02-02 20:36:14.968000+00:00,leaf8,sg1,,object_tracking,0/RP0/CPU0,0,object_trackingnode0_RP0_CPU0,0,0,obt-collector1,199

2020-02-02 20:36:14.968000+00:00,leaf8,sg1,,bundlemgr_distrib,0/RP0/CPU0,0,bundlemgr_distribnode0_RP0_CPU0,0,0,obt-collector1,60

2020-02-02 20:36:14.968000+00:00,leaf8,sg1,,MPLS-TE,0/RP0/CPU0,0,MPLS-TEnode0_RP0_CPU0,0,0,obt-collector1,180

2020-02-02 20:36:14.968000+00:00,leaf8,sg1,,L2VPN_ATOM,0/RP0/CPU0,0,L2VPN_ATOMnode0_RP0_CPU0,0,0,obt-collector1,120

2020-02-02 20:36:14.968000+00:00,leaf8,sg1,,bgp-default,0/RP0/CPU0,43,bgp-defaultnode0_RP0_CPU0,0,0,obt-collector1,60

2020-02-02 20:36:24.986000+00:00,leaf8,sg1,,L2VPN_ATOM,0/RP0/CPU0,0,L2VPN_ATOMnode0_RP0_CPU0,0,0,obt-collector1,120

2020-02-02 20:36:24.986000+00:00,leaf8,sg1,,bgp-default,0/RP0/CPU0,43,bgp-defaultnode0_RP0_CPU0,0,0,obt-collector1,60

2020-02-02 20:36:24.986000+00:00,leaf8,sg1,,bundlemgr_distrib,0/RP0/CPU0,0,bundlemgr_distribnode0_RP0_CPU0,0,0,obt-collector1,60

2020-02-02 20:36:24.986000+00:00,leaf8,sg1,,ipv4_static,0/RP0/CPU0,0,ipv4_staticnode0_RP0_CPU0,0,0,obt-collector1,60

2020-02-02 20:36:24.986000+00:00,leaf8,sg1,,object_tracking,0/RP0/CPU0,0,object_trackingnode0_RP0_CPU0,0,0,obt-collector1,199

2020-02-02 20:36:24.986000+00:00,leaf8,sg1,,MPLS-TE,0/RP0/CPU0,0,MPLS-TEnode0_RP0_CPU0,0,0,obt-collector1,180

2020-02-02 20:36:35.002000+00:00,leaf8,sg1,,L2VPN_ATOM,0/RP0/CPU0,0,L2VPN_ATOMnode0_RP0_CPU0,0,0,obt-collector1,120

2020-02-02 20:36:35.002000+00:00,leaf8,sg1,,MPLS-TE,0/RP0/CPU0,0,MPLS-TEnode0_RP0_CPU0,0,0,obt-collector1,180

2020-02-02 20:36:35.003000+00:00,leaf8,sg1,,object_tracking,0/RP0/CPU0,0,object_trackingnode0_RP0_CPU0,0,0,obt-collector1,199

2020-02-02 20:36:35.003000+00:00,leaf8,sg1,,bundlemgr_distrib,0/RP0/CPU0,0,bundlemgr_distribnode0_RP0_CPU0,0,0,obt-collector1,60

2020-02-02 20:36:35.003000+00:00,leaf8,sg1,,bgp-default,0/RP0/CPU0,43,bgp-defaultnode0_RP0_CPU0,0,0,obt-collector1,60

2020-02-02 20:36:35.003000+00:00,leaf8,sg1,,ipv4_static,0/RP0/CPU0,0,ipv4_staticnode0_RP0_CPU0,0,0,obt-collector1,60

2020-02-02 20:36:45.012000+00:00,leaf8,sg1,,L2VPN_ATOM,0/RP0/CPU0,0,L2VPN_ATOMnode0_RP0_CPU0,0,0,obt-collector1,120

2020-02-02 20:36:45.012000+00:00,leaf8,sg1,,MPLS-TE,0/RP0/CPU0,0,MPLS-TEnode0_RP0_CPU0,0,0,obt-collector1,180

2020-02-02 20:36:45.013000+00:00,leaf8,sg1,,ipv4_static,0/RP0/CPU0,0,ipv4_staticnode0_RP0_CPU0,0,0,obt-collector1,60

2020-02-02 20:36:45.013000+00:00,leaf8,sg1,,object_tracking,0/RP0/CPU0,0,object_trackingnode0_RP0_CPU0,0,0,obt-collector1,199

2020-02-02 20:36:45.013000+00:00,leaf8,sg1,,bgp-default,0/RP0/CPU0,43,bgp-defaultnode0_RP0_CPU0,0,0,obt-collector1,60

2020-02-02 20:36:45.013000+00:00,leaf8,sg1,,bundlemgr_distrib,0/RP0/CPU0,0,bundlemgr_distribnode0_RP0_CPU0,0,0,obt-collector1,60

2020-02-02 20:36:55.020000+00:00,leaf8,sg1,,L2VPN_ATOM,0/RP0/CPU0,0,L2VPN_ATOMnode0_RP0_CPU0,0,0,obt-collector1,120

2020-02-02 20:36:55.020000+00:00,leaf8,sg1,,MPLS-TE,0/RP0/CPU0,0,MPLS-TEnode0_RP0_CPU0,0,0,obt-collector1,180

2020-02-02 20:36:55.020000+00:00,leaf8,sg1,,bgp-default,0/RP0/CPU0,43,bgp-defaultnode0_RP0_CPU0,0,0,obt-collector1,60

2020-02-02 20:36:55.021000+00:00,leaf8,sg1,,bundlemgr_distrib,0/RP0/CPU0,0,bundlemgr_distribnode0_RP0_CPU0,0,0,obt-collector1,60

2020-02-02 20:36:55.021000+00:00,leaf8,sg1,,ipv4_static,0/RP0/CPU0,0,ipv4_staticnode0_RP0_CPU0,0,0,obt-collector1,60

2020-02-02 20:36:55.021000+00:00,leaf8,sg1,,object_tracking,0/RP0/CPU0,0,object_trackingnode0_RP0_CPU0,0,0,obt-collector1,199

2020-02-02 20:37:05.028000+00:00,leaf8,sg1,,ipv4_static,0/RP0/CPU0,0,ipv4_staticnode0_RP0_CPU0,0,0,obt-collector1,60

2020-02-02 20:37:05.028000+00:00,leaf8,sg1,,object_tracking,0/RP0/CPU0,0,object_trackingnode0_RP0_CPU0,0,0,obt-collector1,199

2020-02-02 20:37:05.028000+00:00,leaf8,sg1,,bundlemgr_distrib,0/RP0/CPU0,0,bundlemgr_distribnode0_RP0_CPU0,0,0,obt-collector1,60

2020-02-02 20:37:05.028000+00:00,leaf8,sg1,,MPLS-TE,0/RP0/CPU0,0,MPLS-TEnode0_RP0_CPU0,0,0,obt-collector1,180

2020-02-02 20:37:05.028000+00:00,leaf8,sg1,,bgp-default,0/RP0/CPU0,43,bgp-defaultnode0_RP0_CPU0,0,0,obt-collector1,60

2020-02-02 20:37:05.028000+00:00,leaf8,sg1,,L2VPN_ATOM,0/RP0/CPU0,0,L2VPN_ATOMnode0_RP0_CPU0,0,0,obt-collector1,120

2020-02-02 20:37:15.038000+00:00,leaf8,sg1,,bgp-default,0/RP0/CPU0,43,bgp-defaultnode0_RP0_CPU0,0,0,obt-collector1,60

2020-02-02 20:37:15.038000+00:00,leaf8,sg1,,L2VPN_ATOM,0/RP0/CPU0,0,L2VPN_ATOMnode0_RP0_CPU0,0,0,obt-collector1,120

2020-02-02 20:37:15.038000+00:00,leaf8,sg1,,bundlemgr_distrib,0/RP0/CPU0,0,bundlemgr_distribnode0_RP0_CPU0,0,0,obt-collector1,60

2020-02-02 20:37:15.038000+00:00,leaf8,sg1,,ipv4_static,0/RP0/CPU0,0,ipv4_staticnode0_RP0_CPU0,0,0,obt-collector1,60

2020-02-02 20:37:15.038000+00:00,leaf8,sg1,,object_tracking,0/RP0/CPU0,0,object_trackingnode0_RP0_CPU0,0,0,obt-collector1,199

2020-02-02 20:37:15.038000+00:00,leaf8,sg1,,MPLS-TE,0/RP0/CPU0,0,MPLS-TEnode0_RP0_CPU0,0,0,obt-collector1,180

2020-02-02 20:37:25.050000+00:00,leaf8,sg1,,object_tracking,0/RP0/CPU0,0,object_trackingnode0_RP0_CPU0,0,0,obt-collector1,199

2020-02-02 20:37:25.050000+00:00,leaf8,sg1,,MPLS-TE,0/RP0/CPU0,0,MPLS-TEnode0_RP0_CPU0,0,0,obt-collector1,180

2020-02-02 20:37:25.050000+00:00,leaf8,sg1,,bundlemgr_distrib,0/RP0/CPU0,0,bundlemgr_distribnode0_RP0_CPU0,0,0,obt-collector1,60

2020-02-02 20:37:25.050000+00:00,leaf8,sg1,,bgp-default,0/RP0/CPU0,43,bgp-defaultnode0_RP0_CPU0,0,0,obt-collector1,60

2020-02-02 20:37:25.050000+00:00,leaf8,sg1,,L2VPN_ATOM,0/RP0/CPU0,0,L2VPN_ATOMnode0_RP0_CPU0,0,0,obt-collector1,120

2020-02-02 20:37:25.050000+00:00,leaf8,sg1,,ipv4_static,0/RP0/CPU0,0,ipv4_staticnode0_RP0_CPU0,0,0,obt-collector1,60

2020-02-02 20:37:35.056000+00:00,leaf8,sg1,,MPLS-TE,0/RP0/CPU0,0,MPLS-TEnode0_RP0_CPU0,0,0,obt-collector1,180

2020-02-02 20:37:35.056000+00:00,leaf8,sg1,,L2VPN_ATOM,0/RP0/CPU0,0,L2VPN_ATOMnode0_RP0_CPU0,0,0,obt-collector1,120

2020-02-02 20:37:35.057000+00:00,leaf8,sg1,,bgp-default,0/RP0/CPU0,43,bgp-defaultnode0_RP0_CPU0,0,0,obt-collector1,60

2020-02-02 20:37:35.057000+00:00,leaf8,sg1,,object_tracking,0/RP0/CPU0,0,object_trackingnode0_RP0_CPU0,0,0,obt-collector1,199

2020-02-02 20:37:35.057000+00:00,leaf8,sg1,,bundlemgr_distrib,0/RP0/CPU0,0,bundlemgr_distribnode0_RP0_CPU0,0,0,obt-collector1,60

2020-02-02 20:37:35.057000+00:00,leaf8,sg1,,ipv4_static,0/RP0/CPU0,0,ipv4_staticnode0_RP0_CPU0,0,0,obt-collector1,60

2020-02-02 20:37:45.068000+00:00,leaf8,sg1,,bgp-default,0/RP0/CPU0,43,bgp-defaultnode0_RP0_CPU0,0,0,obt-collector1,60

2020-02-02 20:37:45.068000+00:00,leaf8,sg1,,MPLS-TE,0/RP0/CPU0,0,MPLS-TEnode0_RP0_CPU0,0,0,obt-collector1,180

2020-02-02 20:37:45.068000+00:00,leaf8,sg1,,L2VPN_ATOM,0/RP0/CPU0,0,L2VPN_ATOMnode0_RP0_CPU0,0,0,obt-collector1,120

2020-02-02 20:37:45.069000+00:00,leaf8,sg1,,bundlemgr_distrib,0/RP0/CPU0,0,bundlemgr_distribnode0_RP0_CPU0,0,0,obt-collector1,60

2020-02-02 20:37:45.069000+00:00,leaf8,sg1,,ipv4_static,0/RP0/CPU0,0,ipv4_staticnode0_RP0_CPU0,0,0,obt-collector1,60

2020-02-02 20:37:45.069000+00:00,leaf8,sg1,,object_tracking,0/RP0/CPU0,0,object_trackingnode0_RP0_CPU0,0,0,obt-collector1,199

2020-02-02 20:37:55.075000+00:00,leaf8,sg1,,L2VPN_ATOM,0/RP0/CPU0,0,L2VPN_ATOMnode0_RP0_CPU0,0,0,obt-collector1,120

2020-02-02 20:37:55.076000+00:00,leaf8,sg1,,object_tracking,0/RP0/CPU0,0,object_trackingnode0_RP0_CPU0,0,0,obt-collector1,199

2020-02-02 20:37:55.076000+00:00,leaf8,sg1,,ipv4_static,0/RP0/CPU0,0,ipv4_staticnode0_RP0_CPU0,0,0,obt-collector1,60

2020-02-02 20:37:55.076000+00:00,leaf8,sg1,,bgp-default,0/RP0/CPU0,43,bgp-defaultnode0_RP0_CPU0,0,0,obt-collector1,60

2020-02-02 20:37:55.076000+00:00,leaf8,sg1,,MPLS-TE,0/RP0/CPU0,0,MPLS-TEnode0_RP0_CPU0,0,0,obt-collector1,180

2020-02-02 20:37:55.076000+00:00,leaf8,sg1,,bundlemgr_distrib,0/RP0/CPU0,0,bundlemgr_distribnode0_RP0_CPU0,0,0,obt-collector1,60

