,Producer,Target,ack-only-packets-sent,ack-packets-for-unsent-received,ack-packets-received,ackbytes-received,after-window-bytes-received,after-window-packets-received,bad-checksum-packets-received,bytes-retransmitted,connection-rate-limited,connections-accepted,connections-closed,connections-dropped,connections-established,connections-failed,connections-forcibly-closed,connections-requested,control-packets-sent,data-bytes-received-in-sequence,data-bytes-sent,data-packets-received-in-sequence,data-pakets-sent,delay-ack-packets-sent,duplicate-bytes-received,duplicate-packets-received,duplicated-ack-packets-received,embryonic-connection-dropped,established-connections-reset,high-water-mark-throttle,host,i-qs-total-egpackets,i-qs-total-ingpackets,id,iq-ingress-drops,iq-sock-aborts,iq-sock-retries,iq-sock-writes,iqs-total-egpacket/entry,iqs-total-ingpacket/entry,keep-alive-dropped,keep-alive-probes,keep-alive-timeouts,low-water-mark-throttle,malformed-packets-received,mss-down,mss-up,no-port-packets-received,no-throttle,num-open-sockets,out-of-order-bytes-received,out-of-order-packets-received,packet-failures,packets-received-after-close-packet,packets-retransmitted,partial-duplicate-ack-received,partial-duplicate-bytes-received,paws-dropped,persist-dropped,pulse-errors,reassembly-packets,received-auth-packets-dropped,received-packets-dropped,received-packets-dropped-stale-c-hdr,recovered-packets,retransmit-dropped,retransmit-timeouts,rst-packets-sent,send-auth-packets-dropped,send-packets-dropped,sock-async-double-free-prevent-count,sockbuf-pak-res-cur,sockbuf-pak-res-max,socket-layer-packets,stalled-timer-tickle-count,stalled-timer-tickle-time,syn-cache-aborted,syn-cache-added,syn-cache-bucket-oflow,syn-cache-completed,syn-cache-count,syn-cache-dropped,syn-cache-duplicate-sy-ns,syn-cache-overflow,syn-cache-reset,syn-cache-timed-out,syn-cache-unreach,synacl-match-pkts-dropped,too-short-packets-received,total-i-qs,total-packets-received,total-pakets-sent,truncated-write-iov,try-lock-dropped,urgent-only-packets-sent,window-probe-packets-received,window-probe-packets-sent,window-update-packets-received,window-update-packets-sent

2020-02-02 20:16:54.510000+00:00,leaf8,sg0,28033987,0,113875380,1812371424,0,0,0,95588973,0,23891,133345,39489,113349,118343,0,207814,735692,888643600,1812225943,37540518,195176994,27613820,1208211,52255,56433,19638,11210,0,obt-collector1,,,0/RP0/CPU0,0,0,0,73031398,0,0,19640,14123,250032,45,0,0,0,12630,196472,66,10822,55,0,3,497582,160,5012,0,0,0,0,0,17508,0,0,82,543164,17707,0,0,,0,4000,0,0,0,0,260,0,4,0,0,0,0,256,0,0,0,0,8,144097376,195702936,0,0,0,0,0,113744034,196517

2020-02-02 20:17:04.612000+00:00,leaf8,sg0,28034075,0,113875624,1812764206,0,0,0,95588973,0,23891,133345,39489,113349,118344,0,207814,735692,888646747,1812618725,37540617,195177453,27613908,1208211,52255,56433,19638,11210,0,obt-collector1,,,0/RP0/CPU0,0,0,0,73031593,0,0,19640,14123,250033,45,0,0,0,12630,196472,66,10822,55,0,3,497582,160,5012,0,0,0,0,0,17508,0,0,82,543164,17707,0,0,,0,4000,0,0,0,0,260,0,4,0,0,0,0,256,0,0,0,0,8,144097692,195703395,0,0,0,0,0,113744278,196517

2020-02-02 20:17:14.725000+00:00,leaf8,sg0,28034154,0,113875879,1813154687,0,0,0,95588973,0,23891,133346,39490,113349,118344,0,207815,735693,888648870,1813009643,37540724,195177939,27613987,1208211,52255,56433,19639,11210,0,obt-collector1,,,0/RP0/CPU0,0,0,0,73031831,0,0,19641,14124,250035,45,0,0,0,12630,196472,67,10822,55,0,3,497582,160,5012,0,0,0,0,0,17508,0,0,82,543165,17707,0,0,,0,4000,0,0,0,0,260,0,4,0,0,0,0,256,0,0,0,0,8,144098012,195703882,0,0,0,0,0,113744533,196517

2020-02-02 20:17:24.823000+00:00,leaf8,sg0,28034237,0,113876092,1813544631,0,0,0,95588973,0,23891,133346,39490,113349,118344,0,207815,735694,888651479,1813399587,37540818,195178380,27614069,1208211,52255,56433,19639,11210,0,obt-collector1,,,0/RP0/CPU0,0,0,0,73032012,0,0,19641,14124,250035,45,0,0,0,12630,196473,67,10822,55,0,3,497583,160,5012,0,0,0,0,0,17508,0,0,82,543166,17707,0,0,,0,4000,0,0,0,0,260,0,4,0,0,0,0,256,0,0,0,0,8,144098293,195704324,0,0,0,0,0,113744746,196518

2020-02-02 20:17:34.943000+00:00,leaf8,sg0,28034331,0,113876349,1813942452,0,0,0,95588973,0,23891,133346,39490,113349,118344,0,207815,735695,888653279,1813796971,37540908,195178840,27614163,1208211,52255,56433,19639,11210,0,obt-collector1,,,0/RP0/CPU0,0,0,0,73032188,0,0,19641,14124,250035,45,0,0,0,12630,196473,67,10822,55,0,3,497584,160,5012,0,0,0,0,0,17508,0,0,82,543167,17707,0,0,,0,4000,0,0,0,0,260,0,4,0,0,0,0,256,0,0,0,0,8,144098614,195704785,0,0,0,0,0,113745003,196518

2020-02-02 20:17:45.108000+00:00,leaf8,sg0,28034410,0,113876565,1814332396,0,0,0,95588973,0,23891,133346,39490,113349,118345,0,207815,735696,888655079,1814186915,37540998,195179278,27614242,1208211,52255,56433,19639,11210,0,obt-collector1,,,0/RP0/CPU0,0,0,0,73032364,0,0,19641,14125,250037,45,0,0,0,12630,196473,67,10822,55,0,3,497585,160,5012,0,0,0,0,0,17508,0,0,82,543168,17707,0,0,,0,4000,0,0,0,0,260,0,4,0,0,0,0,256,0,0,0,0,8,144098893,195705225,0,0,0,0,0,113745219,196518

2020-02-02 20:17:55.252000+00:00,leaf8,sg0,28034488,0,113876771,1814722359,0,0,0,95588973,0,23891,133346,39490,113349,118345,0,207816,735698,888656815,1814576878,37541087,195179719,27614320,1208211,52255,56433,19639,11210,0,obt-collector1,,,0/RP0/CPU0,0,0,0,73032541,0,0,19641,14125,250038,45,0,0,0,12630,196473,67,10822,55,0,3,497586,160,5012,0,0,0,0,0,17508,0,0,82,543169,17707,0,0,,0,4000,0,0,0,0,260,0,4,0,0,0,0,256,0,0,0,0,8,144099161,195705667,0,0,0,0,0,113745425,196518

2020-02-02 20:18:05.353000+00:00,leaf8,sg0,28034566,0,113877007,1815112415,0,0,0,95588973,0,23891,133346,39490,113349,118345,0,207816,735700,888658615,1814966934,37541177,195180160,27614398,1208211,52255,56433,19639,11210,0,obt-collector1,,,0/RP0/CPU0,0,0,0,73032717,0,0,19641,14125,250038,45,0,0,0,12630,196473,67,10822,55,0,3,497588,160,5012,0,0,0,0,0,17508,0,0,82,543171,17707,0,0,,0,4000,0,0,0,0,260,0,4,0,0,0,0,256,0,0,0,0,8,144099459,195706110,0,0,0,0,0,113745661,196518

2020-02-02 20:18:15.445000+00:00,leaf8,sg0,28034646,0,113877245,1815503047,0,0,0,95588973,0,23891,133346,39490,113349,118345,0,207816,735700,888660415,1815357566,37541267,195180601,27614477,1208211,52255,56433,19639,11210,0,obt-collector1,,,0/RP0/CPU0,0,0,0,73032893,0,0,19641,14126,250039,45,0,0,0,12630,196474,67,10822,55,0,3,497588,160,5012,0,0,0,0,0,17508,0,0,82,543171,17707,0,0,,0,4000,0,0,0,0,260,0,4,0,0,0,0,256,0,0,0,0,8,144099759,195706552,0,0,0,0,0,113745899,196519

2020-02-02 20:18:25.564000+00:00,leaf8,sg0,28034725,0,113877474,1815892975,0,0,0,95588973,0,23891,133346,39490,113349,118346,0,207817,735701,888662234,1815747494,37541358,195181044,27614556,1208211,52255,56433,19639,11210,0,obt-collector1,,,0/RP0/CPU0,0,0,0,73033070,0,0,19641,14126,250041,45,0,0,0,12630,196474,67,10822,55,0,3,497588,160,5012,0,0,0,0,0,17508,0,0,82,543171,17707,0,0,,0,4000,0,0,0,0,260,0,4,0,0,0,0,256,0,0,0,0,8,144100051,195706995,0,0,0,0,0,113746128,196519

2020-02-02 20:18:35.658000+00:00,leaf8,sg0,28034805,0,113877706,1816282919,0,0,0,95588973,0,23891,133346,39490,113349,118346,0,207817,735703,888664034,1816137438,37541448,195181487,27614636,1208211,52255,56433,19639,11210,0,obt-collector1,,,0/RP0/CPU0,0,0,0,73033246,0,0,19641,14126,250041,45,0,0,0,12630,196474,67,10822,55,0,3,497590,160,5012,0,0,0,0,0,17508,0,0,82,543173,17707,0,0,,0,4000,0,0,0,0,260,0,4,0,0,0,0,256,0,0,0,0,8,144100348,195707440,0,0,0,0,0,113746360,196519

2020-02-02 20:18:45.776000+00:00,leaf8,sg0,28034883,0,113877913,1816672863,0,0,0,95588973,0,23891,133346,39490,113349,118346,0,207817,735704,888665834,1816527382,37541538,195181924,27614714,1208211,52255,56433,19639,11210,0,obt-collector1,,,0/RP0/CPU0,0,0,0,73033422,0,0,19641,14127,250042,45,0,0,0,12630,196474,67,10822,55,0,3,497591,160,5012,0,0,0,0,0,17508,0,0,82,543174,17707,0,0,,0,4000,0,0,0,0,260,0,4,0,0,0,0,256,0,0,0,0,8,144100622,195707879,0,0,0,0,0,113746567,196519

2020-02-02 20:18:55.896000+00:00,leaf8,sg0,28034978,0,113878161,1817065323,0,0,0,95588973,0,23891,133346,39490,113349,118347,0,207817,735714,888670091,1816919842,37541644,195182387,27614808,1208211,52255,56433,19639,11210,0,obt-collector1,,,0/RP0/CPU0,0,0,0,73033620,0,0,19641,14127,250043,45,0,0,0,12630,196475,67,10822,55,0,3,497599,160,5012,0,0,0,0,0,17508,0,0,82,543182,17707,0,0,,0,4000,0,0,0,0,260,0,4,0,0,0,0,256,0,0,0,0,8,144100916,195708350,0,0,0,0,0,113746815,196520

2020-02-02 20:19:06.001000+00:00,leaf8,sg0,28035050,0,113878364,1817455303,0,0,0,95588973,0,23891,133346,39490,113349,118347,0,207818,735719,888671751,1817309822,37541729,195182815,27614880,1208211,52255,56433,19639,11210,0,obt-collector1,,,0/RP0/CPU0,0,0,0,73033788,0,0,19641,14127,250044,45,0,0,0,12630,196475,67,10822,55,0,3,497603,160,5012,0,0,0,0,0,17508,0,0,82,543186,17707,0,0,,0,4000,0,0,0,0,260,0,4,0,0,0,0,256,0,0,0,0,8,144101149,195708782,0,0,0,0,0,113747018,196520

2020-02-02 20:19:16.119000+00:00,leaf8,sg0,28035123,0,113878599,1817845363,0,0,0,95588973,0,23891,133346,39490,113349,118347,0,207818,735722,888673475,1817699882,37541815,195183245,27614953,1208211,52255,56433,19639,11210,0,obt-collector1,,,0/RP0/CPU0,0,0,0,73033956,0,0,19641,14128,250045,45,0,0,0,12630,196475,67,10822,55,0,3,497606,160,5012,0,0,0,0,0,17508,0,0,82,543189,17707,0,0,,0,4000,0,0,0,0,260,0,4,0,0,0,0,256,0,0,0,0,8,144101414,195709216,0,0,0,0,0,113747253,196520

2020-02-02 20:19:26.253000+00:00,leaf8,sg0,28035204,0,113878810,1818236195,0,0,0,95588973,0,23891,133348,39492,113349,118347,0,207818,735724,888678421,1818090714,37541916,195183691,27615033,1208211,52255,56433,19639,11210,0,obt-collector1,,,0/RP0/CPU0,0,0,0,73034146,0,0,19641,14128,250045,45,0,0,0,12630,196476,67,10822,55,0,3,497606,160,5012,0,0,0,0,0,17508,0,0,82,543189,17709,0,0,,0,4000,0,0,0,0,260,0,4,0,0,0,0,256,0,0,0,0,8,144101663,195709662,0,0,0,0,0,113747464,196521

2020-02-02 20:19:36.350000+00:00,leaf8,sg0,28035276,0,113879023,1818626111,0,0,0,95588973,0,23891,133348,39492,113349,118348,0,207819,735726,888680145,1818480630,37542002,195184123,27615105,1208211,52255,56433,19639,11210,0,obt-collector1,,,0/RP0/CPU0,0,0,0,73034314,0,0,19641,14128,250047,45,0,0,0,12630,196477,65,10822,55,0,3,497607,160,5012,0,0,0,0,0,17508,0,0,82,543190,17709,0,0,,0,4000,0,0,0,0,260,0,4,0,0,0,0,256,0,0,0,0,8,144101905,195710095,0,0,0,0,0,113747677,196522

2020-02-02 20:19:46.451000+00:00,leaf8,sg0,28035349,0,113879254,1819015963,0,0,0,95588973,0,23891,133348,39492,113349,118348,0,207819,735727,888681869,1818870482,37542088,195184552,27615178,1208211,52255,56433,19639,11210,0,obt-collector1,,,0/RP0/CPU0,0,0,0,73034482,0,0,19641,14129,250048,45,0,0,0,12630,196477,65,10822,55,0,3,497608,160,5012,0,0,0,0,0,17508,0,0,82,543191,17709,0,0,,0,4000,0,0,0,0,260,0,4,0,0,0,0,256,0,0,0,0,8,144102168,195710526,0,0,0,0,0,113747908,196522

2020-02-02 20:19:56.553000+00:00,leaf8,sg0,28035435,0,113879472,1819405879,0,0,0,95588973,0,23891,133348,39492,113349,118348,0,207819,735728,888686559,1819260398,37542188,195184995,27615264,1208211,52255,56433,19639,11210,0,obt-collector1,,,0/RP0/CPU0,0,0,0,73034664,0,0,19641,14129,250048,45,0,0,0,12630,196477,65,10822,55,0,3,497609,160,5012,0,0,0,0,0,17508,0,0,82,543192,17709,0,0,,0,4000,0,0,0,0,260,0,4,0,0,0,0,256,0,0,0,0,8,144102427,195710970,0,0,0,0,0,113748126,196522

2020-02-02 20:20:06.652000+00:00,leaf8,sg0,28035508,0,113879666,1819795923,0,0,0,95588973,0,23891,133348,39492,113349,118349,0,207819,735728,888688283,1819650442,37542274,195185423,27615335,1208211,52255,56433,19639,11210,0,obt-collector1,,,0/RP0/CPU0,0,0,0,73034832,0,0,19641,14129,250049,45,0,0,0,12630,196479,65,10822,55,0,3,497609,160,5012,0,0,0,0,0,17508,0,0,82,543192,17709,0,0,,0,4000,0,0,0,0,260,0,4,0,0,0,0,256,0,0,0,0,8,144102647,195711398,0,0,0,0,0,113748320,196524

2020-02-02 20:20:16.774000+00:00,leaf8,sg0,28035556,0,113879917,1820189096,0,0,0,95589028,0,23891,133348,39492,113349,118349,0,207820,735731,888690078,1820043615,37542363,195185870,27615383,1208211,52255,56433,19639,11210,0,obt-collector1,,,0/RP0/CPU0,0,0,0,73035048,0,0,19641,14130,250051,45,0,0,0,12630,196479,64,10822,55,0,3,497612,160,5012,0,0,0,0,0,17508,0,0,82,543195,17709,0,0,,0,4000,0,0,0,0,260,0,4,0,0,0,0,256,0,0,0,0,8,144102933,195711849,0,0,0,0,0,113748571,196524

2020-02-02 20:20:26.886000+00:00,leaf8,sg0,28035584,0,113880137,1820578932,0,0,0,95589103,0,23891,133348,39492,113351,118349,0,207822,735734,888694163,1820433524,37542460,195186259,27615407,1208211,52255,56433,19639,11210,0,obt-collector1,,,0/RP0/CPU0,0,0,0,73035230,0,0,19641,14130,250051,45,0,0,0,12630,196481,66,10822,55,0,3,497614,160,5012,0,0,0,0,0,17508,0,0,82,543199,17709,0,0,,0,4000,0,0,0,0,260,0,4,0,0,0,0,256,0,0,0,0,8,144103242,195712240,0,0,0,0,0,113748791,196526

2020-02-02 20:20:36.978000+00:00,leaf8,sg0,28035602,0,113880365,1820976161,0,0,0,95589178,0,23891,133348,39492,113351,118349,0,207822,735734,888702583,1820830678,37542553,195186644,27615424,1208211,52255,56433,19639,11210,0,obt-collector1,,,0/RP0/CPU0,0,0,0,73035412,0,0,19641,14130,250051,45,0,0,0,12630,196482,66,10822,55,0,3,497615,160,5012,0,0,0,0,0,17508,0,0,82,543200,17709,0,0,,0,4000,0,0,0,0,260,0,4,0,0,0,0,256,0,0,0,0,8,144103558,195712626,0,0,0,0,0,113749020,196527

2020-02-02 20:20:47.099000+00:00,leaf8,sg0,28035618,0,113880566,1821366905,0,0,0,95589178,0,23891,133349,39493,113351,118350,0,207822,735734,888704383,1821221422,37542643,195187020,27615440,1208211,52255,56433,19640,11210,0,obt-collector1,,,0/RP0/CPU0,0,0,0,73035591,0,0,19642,14131,250054,45,0,0,0,12630,196482,66,10822,55,0,3,497615,160,5012,0,0,0,0,0,17508,0,0,82,543200,17709,0,0,,0,4000,0,0,0,0,260,0,4,0,0,0,0,256,0,0,0,0,8,144103848,195713003,0,0,0,0,0,113749221,196527

2020-02-02 20:20:57.228000+00:00,leaf8,sg0,28035635,0,113880810,1821767133,0,0,0,95589178,0,23891,133349,39493,113351,118350,0,207823,735736,888706241,1821634809,37542734,195187419,27615456,1208211,52255,56433,19640,11210,0,obt-collector1,,,0/RP0/CPU0,0,0,0,73035769,0,0,19642,14131,250054,45,0,0,0,12630,196483,67,10822,55,0,3,497616,160,5012,0,0,0,0,0,17508,0,0,82,543202,17709,0,0,,0,4000,0,0,0,0,260,0,4,0,0,0,0,256,0,0,0,0,8,144104183,195713403,0,0,0,0,0,113749465,196528

2020-02-02 20:21:07.325000+00:00,leaf8,sg0,28035651,0,113881088,1822339917,0,0,0,95589178,0,23891,133349,39493,113351,118350,0,207823,735737,888708124,1822195409,37542826,195187916,27615472,1208211,52255,56433,19640,11210,0,obt-collector1,,,0/RP0/CPU0,0,0,0,73035946,0,0,19642,14131,250054,45,0,0,0,12630,196483,67,10822,55,0,3,497617,160,5012,0,0,0,0,0,17508,0,0,82,543203,17709,0,0,,0,4000,0,0,0,0,260,0,4,0,0,0,0,256,0,0,0,0,8,144104551,195713901,0,0,0,0,0,113749743,196528

2020-02-02 20:21:17.455000+00:00,leaf8,sg0,28035668,0,113881317,1822730871,0,0,0,95589178,0,23891,133349,39493,113351,118350,0,207823,735737,888709860,1822585388,37542915,195188297,27615489,1208211,52255,56433,19640,11210,0,obt-collector1,,,0/RP0/CPU0,0,0,0,73036123,0,0,19642,14132,250055,45,0,0,0,12630,196483,67,10822,55,0,3,497617,160,5012,0,0,0,0,0,17508,0,0,82,543203,17709,0,0,,0,4000,0,0,0,0,260,0,4,0,0,0,0,256,0,0,0,0,8,144104870,195714283,0,0,0,0,0,113749972,196528

2020-02-02 20:21:27.558000+00:00,leaf8,sg0,28035686,0,113881526,1823120751,0,0,0,95589178,0,23891,133349,39493,113351,118351,0,207824,735739,888711615,1822975268,37543005,195188675,27615507,1208211,52255,56433,19640,11210,0,obt-collector1,,,0/RP0/CPU0,0,0,0,73036300,0,0,19642,14132,250057,45,0,0,0,12630,196483,67,10822,55,0,3,497618,160,5012,0,0,0,0,0,17508,0,0,82,543204,17709,0,0,,0,4000,0,0,0,0,260,0,4,0,0,0,0,256,0,0,0,0,8,144105170,195714662,0,0,0,0,0,113750181,196528

2020-02-02 20:21:37.666000+00:00,leaf8,sg0,28035703,0,113881761,1823510743,0,0,0,95589178,0,23891,133349,39493,113351,118351,0,207824,735741,888713415,1823365260,37543095,195189055,27615524,1208211,52255,56433,19640,11210,0,obt-collector1,,,0/RP0/CPU0,0,0,0,73036476,0,0,19642,14132,250057,45,0,0,0,12630,196483,67,10822,55,0,3,497620,160,5012,0,0,0,0,0,17508,0,0,82,543206,17709,0,0,,0,4000,0,0,0,0,260,0,4,0,0,0,0,256,0,0,0,0,8,144105497,195715044,0,0,0,0,0,113750416,196528

2020-02-02 20:21:47.798000+00:00,leaf8,sg0,28035777,0,113882020,1823903982,0,0,0,95589178,0,23891,133349,39493,113351,118351,0,207824,735752,888718006,1823758499,37543218,195189531,27615596,1208211,52255,56433,19640,11210,0,obt-collector1,,,0/RP0/CPU0,0,0,0,73036731,0,0,19642,14133,250058,45,0,0,0,12630,196485,67,10822,55,0,3,497629,160,5012,0,0,0,0,0,17508,0,0,82,543215,17709,0,0,,0,4000,0,0,0,0,260,0,4,0,0,0,0,256,0,0,0,0,8,144105816,195715530,0,0,0,0,0,113750675,196530

2020-02-02 20:21:57.893000+00:00,leaf8,sg0,28035850,0,113882225,1824293770,0,0,0,95589178,0,23891,133349,39493,113351,118352,0,207824,735754,888719730,1824148287,37543304,195189960,27615669,1208211,52255,56433,19640,11210,0,obt-collector1,,,0/RP0/CPU0,0,0,0,73036899,0,0,19642,14133,250059,45,0,0,0,12630,196485,67,10822,55,0,3,497631,160,5012,0,0,0,0,0,17508,0,0,82,543217,17709,0,0,,0,4000,0,0,0,0,260,0,4,0,0,0,0,256,0,0,0,0,8,144106047,195715961,0,0,0,0,0,113750880,196530

2020-02-02 20:22:07.996000+00:00,leaf8,sg0,28035923,0,113882430,1824683686,0,0,0,95589178,0,23891,133349,39493,113351,118352,0,207825,735759,888721454,1824538203,37543390,195190389,27615742,1208211,52255,56433,19640,11210,0,obt-collector1,,,0/RP0/CPU0,0,0,0,73037067,0,0,19642,14133,250060,45,0,0,0,12630,196485,67,10822,55,0,3,497635,160,5012,0,0,0,0,0,17508,0,0,82,543221,17709,0,0,,0,4000,0,0,0,0,260,0,4,0,0,0,0,256,0,0,0,0,8,144106282,195716394,0,0,0,0,0,113751085,196530

2020-02-02 20:22:18.114000+00:00,leaf8,sg0,28036020,0,113882654,1825075627,0,0,0,95589178,0,23891,133350,39494,113351,118352,0,207825,735762,888726632,1824930144,37543508,195190852,27615838,1208211,52255,56433,19640,11210,0,obt-collector1,,,0/RP0/CPU0,0,0,0,73037277,0,0,19642,14134,250061,45,0,0,0,12630,196486,67,10822,55,0,3,497637,160,5012,0,0,0,0,0,17508,0,0,82,543223,17710,0,0,,0,4000,0,0,0,0,260,0,4,0,0,0,0,256,0,0,0,0,8,144106563,195716860,0,0,0,0,0,113751309,196531

2020-02-02 20:22:28.240000+00:00,leaf8,sg0,28036093,0,113882864,1825465431,0,0,0,95589178,0,23891,133350,39494,113351,118352,0,207825,735762,888728292,1825319948,37543593,195191281,27615911,1208211,52255,56433,19640,11210,0,obt-collector1,,,0/RP0/CPU0,0,0,0,73037445,0,0,19642,14134,250061,45,0,0,0,12630,196486,65,10822,55,0,3,497637,160,5012,0,0,0,0,0,17508,0,0,82,543223,17710,0,0,,0,4000,0,0,0,0,260,0,4,0,0,0,0,256,0,0,0,0,8,144106799,195717289,0,0,0,0,0,113751519,196531

2020-02-02 20:22:38.346000+00:00,leaf8,sg0,28036166,0,113883084,1825855235,0,0,0,95589178,0,23891,133350,39494,113351,118353,0,207826,735764,888730016,1825709752,37543679,195191711,27615984,1208211,52255,56433,19640,11210,0,obt-collector1,,,0/RP0/CPU0,0,0,0,73037613,0,0,19642,14134,250063,45,0,0,0,12630,196486,65,10822,55,0,3,497638,160,5012,0,0,0,0,0,17508,0,0,82,543224,17710,0,0,,0,4000,0,0,0,0,260,0,4,0,0,0,0,256,0,0,0,0,8,144107048,195717720,0,0,0,0,0,113751739,196531

2020-02-02 20:22:48.445000+00:00,leaf8,sg0,28036260,0,113883294,1826247483,0,0,0,95589178,0,23891,133350,39494,113351,118353,0,207826,735765,888734896,1826102000,37543786,195192161,27616075,1208211,52255,56433,19640,11210,0,obt-collector1,,,0/RP0/CPU0,0,0,0,73037803,0,0,19642,14135,250064,45,0,0,0,12630,196489,65,10822,55,0,3,497639,160,5012,0,0,0,0,0,17508,0,0,82,543225,17710,0,0,,0,4000,0,0,0,0,260,0,4,0,0,0,0,256,0,0,0,0,8,144107309,195718172,0,0,0,0,0,113751949,196534

2020-02-02 20:22:58.567000+00:00,leaf8,sg0,28036332,0,113883531,1826637463,0,0,0,95589178,0,23891,133350,39494,113351,118353,0,207826,735767,888736639,1826491980,37543873,195192593,27616147,1208211,52255,56433,19640,11210,0,obt-collector1,,,0/RP0/CPU0,0,0,0,73037972,0,0,19642,14135,250064,45,0,0,0,12630,196489,65,10822,55,0,3,497641,160,5012,0,0,0,0,0,17508,0,0,82,543227,17710,0,0,,0,4000,0,0,0,0,260,0,4,0,0,0,0,256,0,0,0,0,8,144107576,195718606,0,0,0,0,0,113752186,196534

2020-02-02 20:23:08.668000+00:00,leaf8,sg0,28036404,0,113883757,1827027315,0,0,0,95589178,0,23891,133350,39494,113351,118354,0,207826,735767,888738363,1826881832,37543959,195193026,27616219,1208211,52255,56433,19640,11210,0,obt-collector1,,,0/RP0/CPU0,0,0,0,73038140,0,0,19642,14135,250065,45,0,0,0,12630,196489,65,10822,55,0,3,497641,160,5012,0,0,0,0,0,17508,0,0,82,543227,17710,0,0,,0,4000,0,0,0,0,260,0,4,0,0,0,0,256,0,0,0,0,8,144107828,195719039,0,0,0,0,0,113752412,196534

2020-02-02 20:23:18.814000+00:00,leaf8,sg0,28036491,0,113883973,1827419102,0,0,0,95589178,0,23891,133350,39494,113351,118354,0,207827,735770,888743182,1827273619,37544057,195193472,27616305,1208211,52255,56433,19640,11210,0,obt-collector1,,,0/RP0/CPU0,0,0,0,73038321,0,0,19642,14136,250067,45,0,0,0,12630,196490,65,10822,55,0,3,497643,160,5012,0,0,0,0,0,17508,0,0,82,543229,17710,0,0,,0,4000,0,0,0,0,260,0,4,0,0,0,0,256,0,0,0,0,8,144108086,195719488,0,0,0,0,0,113752628,196535

2020-02-02 20:23:28.962000+00:00,leaf8,sg0,28036563,0,113884183,1827808906,0,0,0,95589178,0,23891,133350,39494,113351,118354,0,207827,735771,888744861,1827663423,37544143,195193899,27616377,1208211,52255,56433,19640,11210,0,obt-collector1,,,0/RP0/CPU0,0,0,0,73038490,0,0,19642,14136,250067,45,0,0,0,12630,196490,65,10822,55,0,3,497644,160,5012,0,0,0,0,0,17508,0,0,82,543230,17710,0,0,,0,4000,0,0,0,0,260,0,4,0,0,0,0,256,0,0,0,0,8,144108324,195719916,0,0,0,0,0,113752838,196535

2020-02-02 20:23:39.067000+00:00,leaf8,sg0,28036639,0,113884434,1828200091,0,0,0,95589178,0,23891,133350,39494,113351,118354,0,207827,735771,888746690,1828054608,37544232,195194352,27616453,1208211,52255,56433,19640,11210,0,obt-collector1,,,0/RP0/CPU0,0,0,0,73038684,0,0,19642,14136,250067,45,0,0,0,12630,196490,65,10822,55,0,3,497644,160,5012,0,0,0,0,0,17508,0,0,82,543230,17710,0,0,,0,4000,0,0,0,0,260,0,4,0,0,0,0,256,0,0,0,0,8,144108605,195720369,0,0,0,0,0,113753089,196535

2020-02-02 20:23:49.197000+00:00,leaf8,sg0,28036730,0,113884651,1828590615,0,0,0,95589178,0,23891,133350,39494,113351,118355,0,207828,735773,888750928,1828445132,37544331,195194801,27616543,1208211,52255,56433,19640,11210,0,obt-collector1,,,0/RP0/CPU0,0,0,0,73038864,0,0,19642,14137,250070,45,0,0,0,12630,196491,64,10822,55,0,3,497645,160,5012,0,0,0,0,0,17508,0,0,82,543231,17710,0,0,,0,4000,0,0,0,0,260,0,4,0,0,0,0,256,0,0,0,0,8,144108895,195720820,0,0,0,0,0,113753306,196536

2020-02-02 20:23:59.289000+00:00,leaf8,sg0,28036809,0,113884883,1828980659,0,0,0,95589178,0,23891,133350,39494,113351,118355,0,207828,735775,888752671,1828835176,37544418,195195240,27616621,1208211,52255,56433,19640,11210,0,obt-collector1,,,0/RP0/CPU0,0,0,0,73039033,0,0,19642,14137,250070,45,0,0,0,12630,196492,64,10822,55,0,3,497647,160,5012,0,0,0,0,0,17508,0,0,82,543233,17710,0,0,,0,4000,0,0,0,0,260,0,4,0,0,0,0,256,0,0,0,0,8,144109186,195721261,0,0,0,0,0,113753538,196537

2020-02-02 20:24:09.391000+00:00,leaf8,sg0,28036890,0,113885110,1829371240,0,0,0,95589178,0,23891,133350,39494,113351,118355,0,207828,735776,888754521,1829225757,37544506,195195694,27616700,1208211,52255,56433,19640,11210,0,obt-collector1,,,0/RP0/CPU0,0,0,0,73039218,0,0,19642,14137,250070,45,0,0,0,12630,196494,64,10822,55,0,3,497648,160,5012,0,0,0,0,0,17508,0,0,82,543234,17710,0,0,,0,4000,0,0,0,0,260,0,4,0,0,0,0,256,0,0,0,0,8,144109474,195721716,0,0,0,0,0,113753765,196539

2020-02-02 20:24:19.502000+00:00,leaf8,sg0,28036978,0,113885353,1829763128,0,0,0,95589178,0,23891,133350,39494,113351,118356,0,207828,735776,888759364,1829617645,37544614,195196160,27616787,1208211,52255,56433,19640,11210,0,obt-collector1,,,0/RP0/CPU0,0,0,0,73039428,0,0,19642,14138,250072,45,0,0,0,12630,196495,64,10822,55,0,3,497648,160,5012,0,0,0,0,0,17508,0,0,82,543234,17710,0,0,,0,4000,0,0,0,0,260,0,4,0,0,0,0,256,0,0,0,0,8,144109796,195722183,0,0,0,0,0,113754008,196540

2020-02-02 20:24:29.622000+00:00,leaf8,sg0,28037039,0,113885563,1830152996,0,0,0,95589178,0,23891,133351,39495,113351,118356,0,207829,735777,888761088,1830007513,37544700,195196578,27616848,1208211,52255,56433,19641,11210,0,obt-collector1,,,0/RP0/CPU0,0,0,0,73039599,0,0,19643,14138,250073,45,0,0,0,12630,196495,65,10822,55,0,3,497648,160,5012,0,0,0,0,0,17508,0,0,82,543235,17710,0,0,,0,4000,0,0,0,0,260,0,4,0,0,0,0,256,0,0,0,0,8,144110087,195722601,0,0,0,0,0,113754218,196540

2020-02-02 20:24:39.731000+00:00,leaf8,sg0,28037100,0,113885787,1830542912,0,0,0,95589178,0,23891,133351,39495,113351,118356,0,207829,735778,888763648,1830397429,37544797,195196995,27616908,1208211,52255,56433,19641,11210,0,obt-collector1,,,0/RP0/CPU0,0,0,0,73039779,0,0,19643,14138,250073,45,0,0,0,12630,196496,65,10822,55,0,3,497649,160,5012,0,0,0,0,0,17508,0,0,82,543236,17710,0,0,,0,4000,0,0,0,0,260,0,4,0,0,0,0,256,0,0,0,0,8,144110405,195723019,0,0,0,0,0,113754442,196541

2020-02-02 20:24:49.837000+00:00,leaf8,sg0,28037197,0,113886038,1830935210,0,0,0,95589178,0,23892,133356,39496,113356,118356,0,207833,735788,888769763,1830789718,37544939,195197474,27616995,1208211,52255,56433,19641,11211,0,obt-collector1,,,0/RP0/CPU0,0,0,0,73039990,0,0,19643,14139,250074,45,0,0,0,12630,196498,65,10822,55,0,3,497650,160,5012,0,0,0,0,0,17508,0,0,82,543241,17710,0,0,,0,4000,0,0,0,0,260,0,4,0,0,0,0,256,0,0,0,0,8,144110790,195723500,0,0,0,0,0,113754685,196543

2020-02-02 20:25:00.017000+00:00,leaf8,sg0,28037272,0,113886325,1831325437,0,0,0,95589178,0,23892,133357,39496,113357,118357,0,207834,735792,888771478,1831180247,37545027,195197931,27617067,1208211,52255,56433,19641,11211,0,obt-collector1,,,0/RP0/CPU0,0,0,0,73040180,0,0,19643,14139,250075,45,0,0,0,12630,196499,65,10822,55,0,3,497652,160,5012,0,0,0,0,0,17508,0,0,82,543244,17710,0,0,,0,4000,0,0,0,0,260,0,4,0,0,0,0,256,0,0,0,0,8,144111161,195723959,0,0,0,0,0,113754970,196544

2020-02-02 20:25:10.142000+00:00,leaf8,sg0,28037339,0,113886543,1831715400,0,0,0,95589197,0,23892,133357,39496,113357,118357,0,207835,735795,888776143,1831570134,37545135,195198356,27617133,1208211,52255,56433,19641,11211,0,obt-collector1,,,0/RP0/CPU0,0,0,0,73040371,0,0,19643,14139,250076,45,0,0,0,12630,196500,64,10822,55,0,3,497655,160,5012,0,0,0,0,0,17508,0,0,82,543247,17710,0,0,,0,4000,0,0,0,0,260,0,4,0,0,0,0,256,0,0,0,0,8,144111482,195724387,0,0,0,0,0,113755188,196545

2020-02-02 20:25:20.281000+00:00,leaf8,sg0,28037424,0,113886793,1832105432,0,0,0,95589197,0,23892,133357,39496,113357,118357,0,207835,735796,888778253,1831959938,37545225,195198801,27617217,1208211,52255,56433,19641,11211,0,obt-collector1,,,0/RP0/CPU0,0,0,0,73040543,0,0,19643,14140,250077,45,0,0,0,12630,196502,64,10822,55,0,3,497656,160,5012,0,0,0,0,0,17508,0,0,82,543248,17710,0,0,,0,4000,0,0,0,0,260,0,4,0,0,0,0,256,0,0,0,0,8,144111818,195724834,0,0,0,0,0,113755439,196547

2020-02-02 20:25:30.441000+00:00,leaf8,sg0,28037485,0,113887028,1832495396,0,0,0,95589197,0,23892,133357,39496,113357,118357,0,207835,735796,888779977,1832349902,37545311,195199220,27617278,1208211,52255,56433,19641,11211,0,obt-collector1,,,0/RP0/CPU0,0,0,0,73040711,0,0,19643,14140,250077,45,0,0,0,12630,196502,64,10822,55,0,3,497656,160,5012,0,0,0,0,0,17508,0,0,82,543248,17710,0,0,,0,4000,0,0,0,0,260,0,4,0,0,0,0,256,0,0,0,0,8,144112134,195725253,0,0,0,0,0,113755674,196547

2020-02-02 20:25:40.542000+00:00,leaf8,sg0,28037575,0,113887292,1832887498,0,0,0,95589197,0,23893,133362,39496,113363,118358,0,207841,735810,888786027,1832741992,37545426,195199697,27617352,1208211,52255,56433,19641,11211,0,obt-collector1,,,0/RP0/CPU0,0,0,0,73040895,0,0,19643,14140,250079,45,0,0,0,12630,196507,65,10822,55,0,3,497657,160,5012,0,0,0,0,0,17508,0,0,82,543254,17710,0,0,,0,4000,0,0,0,0,260,0,4,0,0,0,0,256,0,0,0,0,8,144112505,195725731,0,0,0,0,0,113755928,196552

2020-02-02 20:25:50.632000+00:00,leaf8,sg0,28037639,0,113887534,1833277606,0,0,0,95589197,0,23893,133362,39496,113363,118358,0,207841,735811,888788051,1833132100,37545515,195200121,27617416,1208211,52255,56433,19641,11211,0,obt-collector1,,,0/RP0/CPU0,0,0,0,73041066,0,0,19643,14141,250080,45,0,0,0,12630,196507,65,10822,55,0,3,497658,160,5012,0,0,0,0,0,17508,0,0,82,543255,17710,0,0,,0,4000,0,0,0,0,260,0,4,0,0,0,0,256,0,0,0,0,8,144112833,195726157,0,0,0,0,0,113756171,196552

2020-02-02 20:26:00.719000+00:00,leaf8,sg0,28037700,0,113887752,1833667522,0,0,0,95589197,0,23893,133362,39496,113363,118358,0,207841,735813,888789775,1833522016,37545601,195200539,27617477,1208211,52255,56433,19641,11211,0,obt-collector1,,,0/RP0/CPU0,0,0,0,73041234,0,0,19643,14141,250080,45,0,0,0,12630,196507,65,10822,55,0,3,497660,160,5012,0,0,0,0,0,17508,0,0,82,543257,17710,0,0,,0,4000,0,0,0,0,260,0,4,0,0,0,0,256,0,0,0,0,8,144113132,195726577,0,0,0,0,0,113756389,196552

2020-02-02 20:26:10.833000+00:00,leaf8,sg0,28037783,0,113887970,1834057585,0,0,0,95589197,0,23893,133363,39497,113363,118359,0,207841,735813,888794293,1833912079,37545708,195200979,27617556,1208211,52255,56433,19641,11211,0,obt-collector1,,,0/RP0/CPU0,0,0,0,73041425,0,0,19643,14142,250082,45,0,0,0,12630,196511,64,10822,55,0,3,497660,160,5012,0,0,0,0,0,17508,0,0,82,543257,17710,0,0,,0,4000,0,0,0,0,260,0,4,0,0,0,0,256,0,0,0,0,8,144113450,195727018,0,0,0,0,0,113756607,196556

2020-02-02 20:26:20.946000+00:00,leaf8,sg0,28037848,0,113888174,1834447453,0,0,0,95589197,0,23893,133363,39497,113363,118359,0,207842,735816,888796459,1834301947,37545798,195201400,27617620,1208211,52255,56433,19641,11211,0,obt-collector1,,,0/RP0/CPU0,0,0,0,73041597,0,0,19643,14143,250084,45,0,0,0,12630,196512,64,10822,55,0,3,497662,160,5012,0,0,0,0,0,17508,0,0,82,543259,17710,0,0,,0,4000,0,0,0,0,260,0,4,0,0,0,0,256,0,0,0,0,8,144113743,195727442,0,0,0,0,0,113756811,196557

2020-02-02 20:26:31.075000+00:00,leaf8,sg0,28037926,0,113888431,1834901162,0,0,0,95589197,0,23895,133363,39497,113365,118359,0,207842,735819,888798773,1834760034,37545890,195201890,27617697,1208211,52255,56433,19641,11211,0,obt-collector1,,,0/RP0/CPU0,0,0,0,73041771,0,0,19643,14143,250084,45,0,0,0,12630,196513,66,10822,55,0,3,497663,160,5012,0,0,0,0,0,17510,0,0,82,543260,17710,0,0,,0,4000,0,0,0,0,260,0,4,0,0,0,0,256,0,0,0,0,8,144114089,195727933,0,0,0,0,0,113757068,196558

2020-02-02 20:26:41.162000+00:00,leaf8,sg0,28038029,0,113888680,1835422429,0,0,0,95589197,0,23895,133363,39497,113365,118359,0,207842,735827,888803647,1835278381,37545992,195202444,27617795,1208211,52255,56433,19641,11211,0,obt-collector1,,,0/RP0/CPU0,0,0,0,73041966,0,0,19643,14144,250085,45,0,0,0,12630,196516,66,10822,55,0,3,497669,160,5012,0,0,0,0,0,17510,0,0,82,543266,17710,0,0,,0,4000,0,0,0,0,260,0,4,0,0,0,0,256,0,0,0,0,8,144114432,195728494,0,0,0,0,0,113757317,196561

2020-02-02 20:26:51.257000+00:00,leaf8,sg0,28038116,0,113888883,1835814125,0,0,0,95589197,0,23895,133363,39497,113365,118360,0,207843,735833,888805694,1835668617,37546080,195202890,27617882,1208211,52255,56433,19641,11211,0,obt-collector1,,,0/RP0/CPU0,0,0,0,73042137,0,0,19643,14144,250087,45,0,0,0,12630,196516,66,10822,55,0,3,497674,160,5012,0,0,0,0,0,17510,0,0,82,543271,17710,0,0,,0,4000,0,0,0,0,260,0,4,0,0,0,0,256,0,0,0,0,8,144114717,195728945,0,0,0,0,0,113757520,196561

2020-02-02 20:27:01.353000+00:00,leaf8,sg0,28038205,0,113889128,1836211180,0,0,0,95589308,0,23895,133366,39498,113365,118360,0,207843,735837,888807826,1836065670,37546170,195203360,27617970,1208211,52255,56433,19641,11211,0,obt-collector1,,,0/RP0/CPU0,0,0,0,73042332,0,0,19643,14144,250087,45,0,0,0,12630,196516,66,10822,55,0,3,497679,160,5012,0,0,0,0,0,17510,0,0,82,543276,17710,0,0,,0,4000,0,0,0,0,260,0,4,0,0,0,0,256,0,0,0,0,8,144115045,195729420,0,0,0,0,0,113757763,196561

2020-02-02 20:27:11.469000+00:00,leaf8,sg0,28038308,0,113889349,1836601272,0,0,0,95589308,0,23895,133366,39498,113365,118360,0,207843,735838,888812409,1836455762,37546275,195203826,27618071,1208211,52255,56433,19641,11211,0,obt-collector1,,,0/RP0/CPU0,0,0,0,73042519,0,0,19643,14145,250088,45,0,0,0,12630,196518,66,10822,55,0,3,497680,160,5012,0,0,0,0,0,17510,0,0,82,543277,17710,0,0,,0,4000,0,0,0,0,260,0,4,0,0,0,0,256,0,0,0,0,8,144115364,195729888,0,0,0,0,0,113757984,196563

2020-02-02 20:27:21.589000+00:00,leaf8,sg0,28038395,0,113889579,1836991204,0,0,0,95589308,0,23895,133366,39498,113365,118361,0,207843,735838,888814456,1836845694,37546363,195204274,27618158,1208211,52255,56433,19641,11211,0,obt-collector1,,,0/RP0/CPU0,0,0,0,73042690,0,0,19643,14145,250089,45,0,0,0,12630,196518,65,10822,55,0,3,497680,160,5012,0,0,0,0,0,17510,0,0,82,543277,17710,0,0,,0,4000,0,0,0,0,260,0,4,0,0,0,0,256,0,0,0,0,8,144115673,195730336,0,0,0,0,0,113758215,196563

2020-02-02 20:27:31.720000+00:00,leaf8,sg0,28038487,0,113889804,1837385773,0,0,0,95589396,0,23895,133366,39498,113365,118361,0,207844,735841,888817400,1837240890,37546461,195204765,27618249,1208211,52255,56433,19641,11211,0,obt-collector1,,,0/RP0/CPU0,0,0,0,73042913,0,0,19643,14145,250090,45,0,0,0,12630,196519,65,10822,55,0,3,497683,160,5012,0,0,0,0,0,17510,0,0,82,543280,17710,0,0,,0,4000,0,0,0,0,260,0,4,0,0,0,0,256,0,0,0,0,8,144115987,195730830,0,0,0,0,0,113758440,196564

2020-02-02 20:27:41.834000+00:00,leaf8,sg0,28038588,0,113890024,1837775577,0,0,0,95589396,0,23895,133366,39498,113365,118361,0,207844,735842,888823915,1837630694,37546564,195205222,27618348,1208211,52255,56433,19641,11211,0,obt-collector1,,,0/RP0/CPU0,0,0,0,73043098,0,0,19643,14146,250091,45,0,0,0,12630,196521,65,10822,55,0,3,497684,160,5012,0,0,0,0,0,17510,0,0,82,543281,17710,0,0,,0,4000,0,0,0,0,260,0,4,0,0,0,0,256,0,0,0,0,8,144116302,195731289,0,0,0,0,0,113758660,196566

2020-02-02 20:27:51.953000+00:00,leaf8,sg0,28038680,0,113890276,1838166184,0,0,0,95589396,0,23895,133366,39498,113365,118361,0,207844,735842,888826077,1838020674,37546653,195205671,27618440,1208211,52255,56433,19641,11211,0,obt-collector1,,,0/RP0/CPU0,0,0,0,73043269,0,0,19643,14146,250091,45,0,0,0,12630,196521,65,10822,55,0,3,497684,160,5012,0,0,0,0,0,17510,0,0,82,543281,17710,0,0,,0,4000,0,0,0,0,260,0,4,0,0,0,0,256,0,0,0,0,8,144116634,195731738,0,0,0,0,0,113758913,196566

2020-02-02 20:28:02.047000+00:00,leaf8,sg0,28038767,0,113890509,1838559797,0,0,0,95589396,0,23895,133367,39499,113365,118362,0,207845,735843,888828891,1838414287,37546745,195206147,27618527,1208211,52255,56433,19642,11211,0,obt-collector1,,,0/RP0/CPU0,0,0,0,73043481,0,0,19644,14146,250093,45,0,0,0,12630,196521,66,10822,55,0,3,497684,160,5012,0,0,0,0,0,17510,0,0,82,543282,17710,0,0,,0,4000,0,0,0,0,260,0,4,0,0,0,0,256,0,0,0,0,8,144116948,195732214,0,0,0,0,0,113759146,196566

2020-02-02 20:28:12.155000+00:00,leaf8,sg0,28038862,0,113890743,1838949585,0,0,0,95589396,0,23895,133367,39499,113365,118362,0,207845,735845,888835738,1838804075,37546843,195206599,27618622,1208211,52255,56433,19642,11211,0,obt-collector1,,,0/RP0/CPU0,0,0,0,73043661,0,0,19644,14147,250094,45,0,0,0,12630,196521,66,10822,55,0,3,497686,160,5012,0,0,0,0,0,17510,0,0,82,543284,17710,0,0,,0,4000,0,0,0,0,260,0,4,0,0,0,0,256,0,0,0,0,8,144117275,195732669,0,0,0,0,0,113759380,196566

2020-02-02 20:28:22.286000+00:00,leaf8,sg0,28038950,0,113890973,1839339437,0,0,0,95589396,0,23895,133367,39499,113365,118362,0,207845,735845,888838042,1839193927,37546934,195207045,27618710,1208211,52255,56433,19642,11211,0,obt-collector1,,,0/RP0/CPU0,0,0,0,73043834,0,0,19644,14147,250094,45,0,0,0,12630,196521,66,10822,55,0,3,497686,160,5012,0,0,0,0,0,17510,0,0,82,543284,17710,0,0,,0,4000,0,0,0,0,260,0,4,0,0,0,0,256,0,0,0,0,8,144117586,195733115,0,0,0,0,0,113759610,196566

2020-02-02 20:28:32.392000+00:00,leaf8,sg0,28039034,0,113891231,1839732761,0,0,0,95589396,0,23895,133367,39499,113365,118363,0,207845,735846,888840621,1839587251,37547021,195207508,27618792,1208211,52255,56433,19642,11211,0,obt-collector1,,,0/RP0/CPU0,0,0,0,73044022,0,0,19644,14147,250095,45,0,0,0,12630,196523,66,10822,55,0,3,497687,160,5012,0,0,0,0,0,17510,0,0,82,543285,17710,0,0,,0,4000,0,0,0,0,260,0,4,0,0,0,0,256,0,0,0,0,8,144117922,195733579,0,0,0,0,0,113759868,196568

2020-02-02 20:28:42.494000+00:00,leaf8,sg0,28039141,0,113891437,1840122613,0,0,0,95589396,0,23895,133367,39499,113365,118363,0,207846,735849,888846990,1839977103,37547130,195207974,27618897,1208211,52255,56433,19642,11211,0,obt-collector1,,,0/RP0/CPU0,0,0,0,73044214,0,0,19644,14148,250097,45,0,0,0,12630,196525,66,10822,55,0,3,497689,160,5012,0,0,0,0,0,17510,0,0,82,543287,17710,0,0,,0,4000,0,0,0,0,260,0,4,0,0,0,0,256,0,0,0,0,8,144118232,195734048,0,0,0,0,0,113760074,196570

2020-02-02 20:28:52.653000+00:00,leaf8,sg0,28039228,0,113891629,1840512529,0,0,0,95589396,0,23895,133367,39499,113365,118363,0,207846,735850,888849394,1840367019,37547218,195208417,27618983,1208211,52255,56433,19642,11211,0,obt-collector1,,,0/RP0/CPU0,0,0,0,73044384,0,0,19644,14148,250097,45,0,0,0,12630,196526,66,10822,55,0,3,497690,160,5012,0,0,0,0,0,17510,0,0,82,543288,17710,0,0,,0,4000,0,0,0,0,260,0,4,0,0,0,0,256,0,0,0,0,8,144118504,195734492,0,0,0,0,0,113760266,196571

2020-02-02 20:29:02.771000+00:00,leaf8,sg0,28039317,0,113891845,1840905845,0,0,0,95589396,0,23895,133367,39499,113365,118363,0,207846,735850,888852124,1840760335,37547309,195208870,27619071,1208211,52255,56433,19642,11211,0,obt-collector1,,,0/RP0/CPU0,0,0,0,73044564,0,0,19644,14148,250097,45,0,0,0,12630,196527,66,10822,55,0,3,497690,160,5012,0,0,0,0,0,17510,0,0,82,543288,17710,0,0,,0,4000,0,0,0,0,260,0,4,0,0,0,0,256,0,0,0,0,8,144118802,195734945,0,0,0,0,0,113760482,196572

2020-02-02 20:29:12.898000+00:00,leaf8,sg0,28039417,0,113892071,1841295825,0,0,0,95589396,0,23895,133367,39499,113365,118364,0,207847,735852,888858790,1841150315,37547413,195209329,27619171,1208211,52255,56433,19642,11211,0,obt-collector1,,,0/RP0/CPU0,0,0,0,73044751,0,0,19644,14149,250100,45,0,0,0,12630,196527,66,10822,55,0,3,497691,160,5012,0,0,0,0,0,17510,0,0,82,543289,17710,0,0,,0,4000,0,0,0,0,260,0,4,0,0,0,0,256,0,0,0,0,8,144119127,195735406,0,0,0,0,0,113760708,196572

2020-02-02 20:29:23.011000+00:00,leaf8,sg0,28039505,0,113892294,1841686029,0,0,0,95589396,0,23895,133367,39499,113365,118364,0,207847,735854,888861150,1841540519,37547502,195209775,27619259,1208211,52255,56433,19642,11211,0,obt-collector1,,,0/RP0/CPU0,0,0,0,73044922,0,0,19644,14149,250100,45,0,0,0,12630,196527,66,10822,55,0,3,497693,160,5012,0,0,0,0,0,17510,0,0,82,543291,17710,0,0,,0,4000,0,0,0,0,260,0,4,0,0,0,0,256,0,0,0,0,8,144119432,195735854,0,0,0,0,0,113760931,196572

2020-02-02 20:29:33.105000+00:00,leaf8,sg0,28039595,0,113892543,1842080051,0,0,0,95589396,0,23895,133367,39499,113365,118364,0,207847,735854,888863850,1841934541,37547592,195210249,27619348,1208211,52255,56433,19642,11211,0,obt-collector1,,,0/RP0/CPU0,0,0,0,73045119,0,0,19644,14149,250100,45,0,0,0,12630,196528,66,10822,55,0,3,497693,160,5012,0,0,0,0,0,17510,0,0,82,543291,17710,0,0,,0,4000,0,0,0,0,260,0,4,0,0,0,0,256,0,0,0,0,8,144119762,195736328,0,0,0,0,0,113761180,196573

2020-02-02 20:29:43.201000+00:00,leaf8,sg0,28039696,0,113892742,1842469807,0,0,0,95589396,0,23895,133367,39499,113365,118365,0,207847,735854,888870083,1842324297,37547698,195210706,27619448,1208211,52255,56433,19642,11211,0,obt-collector1,,,0/RP0/CPU0,0,0,0,73045307,0,0,19644,14150,250102,45,0,0,0,12630,196529,66,10822,55,0,3,497693,160,5012,0,0,0,0,0,17510,0,0,82,543291,17710,0,0,,0,4000,0,0,0,0,260,0,4,0,0,0,0,256,0,0,0,0,8,144120059,195736786,0,0,0,0,0,113761379,196574

2020-02-02 20:29:53.296000+00:00,leaf8,sg0,28039783,0,113892967,1842859771,0,0,0,95589396,0,23895,133367,39499,113365,118365,0,207848,735857,888872594,1842714261,37547787,195211153,27619533,1208211,52255,56433,19642,11211,0,obt-collector1,,,0/RP0/CPU0,0,0,0,73045478,0,0,19644,14150,250103,45,0,0,0,12630,196531,66,10822,55,0,3,497695,160,5012,0,0,0,0,0,17510,0,0,82,543293,17710,0,0,,0,4000,0,0,0,0,260,0,4,0,0,0,0,256,0,0,0,0,8,144120367,195737235,0,0,0,0,0,113761604,196576

2020-02-02 20:30:03.433000+00:00,leaf8,sg0,28039868,0,113893195,1843253868,0,0,0,95589396,0,23895,133367,39499,113365,118365,0,207848,735858,888875246,1843108358,37547876,195211606,27619617,1208211,52255,56433,19642,11211,0,obt-collector1,,,0/RP0/CPU0,0,0,0,73045664,0,0,19644,14150,250103,45,0,0,0,12630,196532,63,10822,55,0,3,497696,160,5012,0,0,0,0,0,17510,0,0,82,543294,17710,0,0,,0,4000,0,0,0,0,260,0,4,0,0,0,0,256,0,0,0,0,8,144120672,195737689,0,0,0,0,0,113761832,196577

2020-02-02 20:30:13.564000+00:00,leaf8,sg0,28039970,0,113893413,1843643736,0,0,0,95589396,0,23895,133367,39499,113365,118366,0,207848,735858,888879948,1843498226,37547981,195212063,27619718,1208211,52255,56433,19642,11211,0,obt-collector1,,,0/RP0/CPU0,0,0,0,73045851,0,0,19644,14151,250105,45,0,0,0,12630,196533,63,10822,55,0,3,497696,160,5012,0,0,0,0,0,17510,0,0,82,543294,17710,0,0,,0,4000,0,0,0,0,260,0,4,0,0,0,0,256,0,0,0,0,8,144120986,195738147,0,0,0,0,0,113762050,196578

2020-02-02 20:30:23.669000+00:00,leaf8,sg0,28040057,0,113893625,1844033652,0,0,0,95589396,0,23895,133367,39499,113365,118366,0,207849,735860,888882292,1843888142,37548069,195212507,27619805,1208211,52255,56433,19642,11211,0,obt-collector1,,,0/RP0/CPU0,0,0,0,73046022,0,0,19644,14151,250106,45,0,0,0,12630,196533,63,10822,55,0,3,497697,160,5012,0,0,0,0,0,17510,0,0,82,543295,17710,0,0,,0,4000,0,0,0,0,260,0,4,0,0,0,0,256,0,0,0,0,8,144121279,195738592,0,0,0,0,0,113762262,196578

2020-02-02 20:30:33.780000+00:00,leaf8,sg0,28040148,0,113893857,1844427517,0,0,0,95589396,0,23895,133367,39499,113365,118366,0,207849,735862,888885162,1844282007,37548160,195212958,27619896,1208211,52255,56433,19642,11211,0,obt-collector1,,,0/RP0/CPU0,0,0,0,73046197,0,0,19644,14151,250106,45,0,0,0,12630,196533,63,10822,55,0,3,497699,160,5012,0,0,0,0,0,17510,0,0,82,543297,17710,0,0,,0,4000,0,0,0,0,260,0,4,0,0,0,0,256,0,0,0,0,8,144121596,195739045,0,0,0,0,0,113762494,196578

2020-02-02 20:30:43.867000+00:00,leaf8,sg0,28040245,0,113894075,1844817273,0,0,0,95589396,0,23895,133367,39499,113365,118366,0,207849,735862,888889471,1844671763,37548264,195213413,27619993,1208211,52255,56433,19642,11211,0,obt-collector1,,,0/RP0/CPU0,0,0,0,73046382,0,0,19644,14152,250107,45,0,0,0,12630,196533,63,10822,55,0,3,497699,160,5012,0,0,0,0,0,17510,0,0,82,543297,17710,0,0,,0,4000,0,0,0,0,260,0,4,0,0,0,0,256,0,0,0,0,8,144121910,195739501,0,0,0,0,0,113762712,196578

2020-02-02 20:30:53.968000+00:00,leaf8,sg0,28040332,0,113894308,1845207189,0,0,0,95589396,0,23895,133367,39499,113365,118367,0,207850,735863,888892125,1845061679,37548353,195213860,27620079,1208211,52255,56433,19642,11211,0,obt-collector1,,,0/RP0/CPU0,0,0,0,73046553,0,0,19644,14152,250109,45,0,0,0,12630,196534,63,10822,55,0,3,497699,160,5012,0,0,0,0,0,17510,0,0,82,543297,17710,0,0,,0,4000,0,0,0,0,260,0,4,0,0,0,0,256,0,0,0,0,8,144122224,195739948,0,0,0,0,0,113762945,196579

2020-02-02 20:31:04.121000+00:00,leaf8,sg0,28040420,0,113894543,1845601728,0,0,0,95589396,0,23895,133367,39499,113365,118367,0,207850,735865,888894719,1845456218,37548439,195214319,27620165,1208211,52255,56433,19642,11211,0,obt-collector1,,,0/RP0/CPU0,0,0,0,73046737,0,0,19644,14152,250109,45,0,0,0,12630,196536,62,10822,55,0,3,497701,160,5012,0,0,0,0,0,17510,0,0,82,543299,17710,0,0,,0,4000,0,0,0,0,260,0,4,0,0,0,0,256,0,0,0,0,8,144122537,195740409,0,0,0,0,0,113763180,196581

2020-02-02 20:31:14.250000+00:00,leaf8,sg0,28040515,0,113894765,1845991596,0,0,0,95589396,0,23895,133367,39499,113365,118367,0,207850,735866,888898897,1845846086,37548538,195214772,27620259,1208211,52255,56433,19642,11211,0,obt-collector1,,,0/RP0/CPU0,0,0,0,73046918,0,0,19644,14153,250110,45,0,0,0,12630,196537,62,10822,55,0,3,497702,160,5012,0,0,0,0,0,17510,0,0,82,543300,17710,0,0,,0,4000,0,0,0,0,260,0,4,0,0,0,0,256,0,0,0,0,8,144122851,195740864,0,0,0,0,0,113763402,196582

2020-02-02 20:31:24.344000+00:00,leaf8,sg0,28040601,0,113894967,1846381352,0,0,0,95589396,0,23895,133367,39499,113365,118368,0,207850,735866,888901341,1846235842,37548624,195215211,27620344,1208211,52255,56433,19642,11211,0,obt-collector1,,,0/RP0/CPU0,0,0,0,73047088,0,0,19644,14153,250111,45,0,0,0,12630,196538,62,10822,55,0,3,497702,160,5012,0,0,0,0,0,17510,0,0,82,543300,17710,0,0,,0,4000,0,0,0,0,260,0,4,0,0,0,0,256,0,0,0,0,8,144123131,195741303,0,0,0,0,0,113763604,196583

2020-02-02 20:31:34.428000+00:00,leaf8,sg0,28040689,0,113895194,1846773738,0,0,0,95589396,0,23895,133368,39500,113365,118368,0,207851,735868,888903617,1846628228,37548714,195215659,27620432,1208211,52255,56433,19643,11211,0,obt-collector1,,,0/RP0/CPU0,0,0,0,73047264,0,0,19645,14153,250112,45,0,0,0,12630,196538,63,10822,55,0,3,497703,160,5012,0,0,0,0,0,17510,0,0,82,543302,17710,0,0,,0,4000,0,0,0,0,260,0,4,0,0,0,0,256,0,0,0,0,8,144123441,195741752,0,0,0,0,0,113763832,196583

2020-02-02 20:31:44.524000+00:00,leaf8,sg0,28040778,0,113895424,1847163718,0,0,0,95589396,0,23895,133368,39500,113365,118368,0,207851,735869,888906603,1847018208,37548807,195216106,27620521,1208211,52255,56433,19643,11211,0,obt-collector1,,,0/RP0/CPU0,0,0,0,73047439,0,0,19645,14154,250113,45,0,0,0,12630,196538,63,10822,55,0,3,497704,160,5012,0,0,0,0,0,17510,0,0,82,543303,17710,0,0,,0,4000,0,0,0,0,260,0,4,0,0,0,0,256,0,0,0,0,8,144123756,195742201,0,0,0,0,0,113764062,196583

2020-02-02 20:31:54.641000+00:00,leaf8,sg0,28040867,0,113895643,1847553938,0,0,0,95589396,0,23895,133368,39500,113365,118368,0,207851,735869,888909237,1847408428,37548902,195216551,27620608,1208211,52255,56433,19643,11211,0,obt-collector1,,,0/RP0/CPU0,0,0,0,73047616,0,0,19645,14154,250113,45,0,0,0,12630,196540,63,10822,55,0,3,497704,160,5012,0,0,0,0,0,17510,0,0,82,543303,17710,0,0,,0,4000,0,0,0,0,260,0,4,0,0,0,0,256,0,0,0,0,8,144124060,195742646,0,0,0,0,0,113764281,196585

2020-02-02 20:32:04.737000+00:00,leaf8,sg0,28040952,0,113895850,1847944095,0,0,0,95589396,0,23895,133368,39500,113365,118369,0,207852,735871,888911545,1847798585,37548992,195217000,27620693,1208211,52255,56433,19643,11211,0,obt-collector1,,,0/RP0/CPU0,0,0,0,73047797,0,0,19645,14154,250115,45,0,0,0,12630,196540,63,10822,55,0,3,497705,160,5012,0,0,0,0,0,17510,0,0,82,543304,17710,0,0,,0,4000,0,0,0,0,260,0,4,0,0,0,0,256,0,0,0,0,8,144124350,195743096,0,0,0,0,0,113764488,196585

2020-02-02 20:32:14.849000+00:00,leaf8,sg0,28041051,0,113896067,1848334011,0,0,0,95589396,0,23895,133368,39500,113365,118369,0,207852,735873,888914633,1848188501,37549109,195217457,27620791,1208211,52255,56433,19643,11211,0,obt-collector1,,,0/RP0/CPU0,0,0,0,73047996,0,0,19645,14155,250116,45,0,0,0,12630,196541,63,10822,55,0,3,497707,160,5012,0,0,0,0,0,17510,0,0,82,543306,17710,0,0,,0,4000,0,0,0,0,260,0,4,0,0,0,0,256,0,0,0,0,8,144124677,195743556,0,0,0,0,0,113764705,196586

2020-02-02 20:32:24.949000+00:00,leaf8,sg0,28041139,0,113896301,1848723831,0,0,0,95589396,0,23895,133368,39500,113365,118369,0,207852,735874,888916632,1848578321,37549201,195217902,27620879,1208211,52255,56433,19643,11211,0,obt-collector1,,,0/RP0/CPU0,0,0,0,73048170,0,0,19645,14155,250116,45,0,0,0,12630,196541,63,10822,55,0,3,497708,160,5012,0,0,0,0,0,17510,0,0,82,543307,17710,0,0,,0,4000,0,0,0,0,260,0,4,0,0,0,0,256,0,0,0,0,8,144124994,195744002,0,0,0,0,0,113764939,196586

2020-02-02 20:32:35.060000+00:00,leaf8,sg0,28041250,0,113896537,1849113766,0,0,0,95589396,0,23895,133368,39500,113365,118370,0,207852,735874,888918946,1848968256,37549292,195218373,27620990,1208211,52255,56433,19643,11211,0,obt-collector1,,,0/RP0/CPU0,0,0,0,73048345,0,0,19645,14155,250117,45,0,0,0,12630,196541,63,10822,55,0,3,497708,160,5012,0,0,0,0,0,17510,0,0,82,543307,17710,0,0,,0,4000,0,0,0,0,260,0,4,0,0,0,0,256,0,0,0,0,8,144125312,195744473,0,0,0,0,0,113765175,196586

2020-02-02 20:32:45.156000+00:00,leaf8,sg0,28041337,0,113896768,1849503682,0,0,0,95589396,0,23895,133368,39500,113365,118370,0,207853,735877,888920727,1849358172,37549379,195218820,27621077,1208211,52255,56433,19643,11211,0,obt-collector1,,,0/RP0/CPU0,0,0,0,73048515,0,0,19645,14156,250119,45,0,0,0,12630,196541,63,10822,55,0,3,497710,160,5012,0,0,0,0,0,17510,0,0,82,543309,17710,0,0,,0,4000,0,0,0,0,260,0,4,0,0,0,0,256,0,0,0,0,8,144125626,195744923,0,0,0,0,0,113765406,196586

2020-02-02 20:32:55.257000+00:00,leaf8,sg0,28041424,0,113896976,1849893838,0,0,0,95589396,0,23895,133368,39500,113365,118370,0,207853,735878,888922451,1849748328,37549465,195219265,27621163,1208211,52255,56433,19643,11211,0,obt-collector1,,,0/RP0/CPU0,0,0,0,73048683,0,0,19645,14156,250119,45,0,0,0,12630,196542,63,10822,55,0,3,497711,160,5012,0,0,0,0,0,17510,0,0,82,543310,17710,0,0,,0,4000,0,0,0,0,260,0,4,0,0,0,0,256,0,0,0,0,8,144125912,195745369,0,0,0,0,0,113765614,196587

2020-02-02 20:33:05.376000+00:00,leaf8,sg0,28041513,0,113897176,1850283690,0,0,0,95589396,0,23895,133368,39500,113365,118370,0,207853,735878,888924467,1850138180,37549556,195219710,27621252,1208211,52255,56433,19643,11211,0,obt-collector1,,,0/RP0/CPU0,0,0,0,73048856,0,0,19645,14156,250119,45,0,0,0,12630,196542,63,10822,55,0,3,497711,160,5012,0,0,0,0,0,17510,0,0,82,543310,17710,0,0,,0,4000,0,0,0,0,260,0,4,0,0,0,0,256,0,0,0,0,8,144126193,195745814,0,0,0,0,0,113765814,196587

2020-02-02 20:33:15.510000+00:00,leaf8,sg0,28041598,0,113897406,1850673734,0,0,0,95589396,0,23895,133368,39500,113365,118371,0,207854,735880,888926191,1850528224,37549642,195220154,27621337,1208211,52255,56433,19643,11211,0,obt-collector1,,,0/RP0/CPU0,0,0,0,73049024,0,0,19645,14157,250122,45,0,0,0,12630,196542,63,10822,55,0,3,497712,160,5012,0,0,0,0,0,17510,0,0,82,543311,17710,0,0,,0,4000,0,0,0,0,260,0,4,0,0,0,0,256,0,0,0,0,8,144126504,195746260,0,0,0,0,0,113766044,196587

2020-02-02 20:33:25.609000+00:00,leaf8,sg0,28041683,0,113897632,1851063778,0,0,0,95589396,0,23895,133368,39500,113365,118371,0,207854,735881,888927915,1850918268,37549728,195220595,27621422,1208211,52255,56433,19643,11211,0,obt-collector1,,,0/RP0/CPU0,0,0,0,73049192,0,0,19645,14157,250122,45,0,0,0,12630,196542,63,10822,55,0,3,497713,160,5012,0,0,0,0,0,17510,0,0,82,543312,17710,0,0,,0,4000,0,0,0,0,260,0,4,0,0,0,0,256,0,0,0,0,8,144126808,195746702,0,0,0,0,0,113766270,196587

2020-02-02 20:33:35.722000+00:00,leaf8,sg0,28041768,0,113897846,1851453777,0,0,0,95589396,0,23895,133368,39500,113365,118371,0,207854,735882,888929667,1851308267,37549815,195221036,27621507,1208211,52255,56433,19643,11211,0,obt-collector1,,,0/RP0/CPU0,0,0,0,73049362,0,0,19645,14157,250122,45,0,0,0,12630,196542,63,10822,55,0,3,497714,160,5012,0,0,0,0,0,17510,0,0,82,543313,17710,0,0,,0,4000,0,0,0,0,260,0,4,0,0,0,0,256,0,0,0,0,8,144127101,195747144,0,0,0,0,0,113766484,196587

2020-02-02 20:33:45.829000+00:00,leaf8,sg0,28041852,0,113898083,1851843709,0,0,0,95589396,0,23895,133368,39500,113365,118372,0,207854,735882,888931327,1851698199,37549900,195221481,27621590,1208211,52255,56433,19643,11211,0,obt-collector1,,,0/RP0/CPU0,0,0,0,73049530,0,0,19645,14158,250124,45,0,0,0,12630,196543,63,10822,55,0,3,497714,160,5012,0,0,0,0,0,17510,0,0,82,543313,17710,0,0,,0,4000,0,0,0,0,260,0,4,0,0,0,0,256,0,0,0,0,8,144127415,195747590,0,0,0,0,0,113766721,196588

2020-02-02 20:33:55.955000+00:00,leaf8,sg0,28041937,0,113898312,1852233753,0,0,0,95589396,0,23895,133368,39500,113365,118372,0,207855,735885,888933051,1852088243,37549986,195221928,27621674,1208211,52255,56433,19643,11211,0,obt-collector1,,,0/RP0/CPU0,0,0,0,73049698,0,0,19645,14158,250125,45,0,0,0,12630,196544,63,10822,55,0,3,497716,160,5012,0,0,0,0,0,17510,0,0,82,543315,17710,0,0,,0,4000,0,0,0,0,260,0,4,0,0,0,0,256,0,0,0,0,8,144127723,195748039,0,0,0,0,0,113766950,196589

2020-02-02 20:34:06.083000+00:00,leaf8,sg0,28042021,0,113898507,1852623685,0,0,0,95589396,0,23895,133368,39500,113365,118372,0,207855,735886,888934711,1852478175,37550071,195222367,27621757,1208211,52255,56433,19643,11211,0,obt-collector1,,,0/RP0/CPU0,0,0,0,73049866,0,0,19645,14158,250125,45,0,0,0,12630,196545,63,10822,55,0,3,497717,160,5012,0,0,0,0,0,17510,0,0,82,543316,17710,0,0,,0,4000,0,0,0,0,260,0,4,0,0,0,0,256,0,0,0,0,8,144127996,195748479,0,0,0,0,0,113767145,196590

2020-02-02 20:34:16.190000+00:00,leaf8,sg0,28042105,0,113898735,1853013553,0,0,0,95589396,0,23895,133368,39500,113365,118372,0,207855,735886,888936435,1852868043,37550157,195222808,27621841,1208211,52255,56433,19643,11211,0,obt-collector1,,,0/RP0/CPU0,0,0,0,73050034,0,0,19645,14159,250126,45,0,0,0,12630,196545,63,10822,55,0,3,497717,160,5012,0,0,0,0,0,17510,0,0,82,543316,17710,0,0,,0,4000,0,0,0,0,260,0,4,0,0,0,0,256,0,0,0,0,8,144128301,195748921,0,0,0,0,0,113767373,196590

2020-02-02 20:34:26.279000+00:00,leaf8,sg0,28042190,0,113898968,1853403533,0,0,0,95589396,0,23895,133368,39500,113365,118373,0,207856,735888,888938178,1853258023,37550244,195223251,27621926,1208211,52255,56433,19643,11211,0,obt-collector1,,,0/RP0/CPU0,0,0,0,73050203,0,0,19645,14159,250128,45,0,0,0,12630,196545,63,10822,55,0,3,497718,160,5012,0,0,0,0,0,17510,0,0,82,543317,17710,0,0,,0,4000,0,0,0,0,260,0,4,0,0,0,0,256,0,0,0,0,8,144128614,195749365,0,0,0,0,0,113767606,196590

2020-02-02 20:34:36.401000+00:00,leaf8,sg0,28042274,0,113899202,1853793612,0,0,0,95589415,0,23895,133368,39500,113365,118373,0,207856,735889,888939902,1853648102,37550330,195223694,27622010,1208211,52255,56433,19643,11211,0,obt-collector1,,,0/RP0/CPU0,0,0,0,73050372,0,0,19645,14159,250128,45,0,0,0,12630,196545,62,10822,55,0,3,497720,160,5012,0,0,0,0,0,17510,0,0,82,543319,17710,0,0,,0,4000,0,0,0,0,260,0,4,0,0,0,0,256,0,0,0,0,8,144128926,195749810,0,0,0,0,0,113767840,196590

2020-02-02 20:34:46.535000+00:00,leaf8,sg0,28042359,0,113899430,1854183464,0,0,0,95589415,0,23895,133368,39500,113365,118373,0,207856,735890,888941626,1854037954,37550416,195224136,27622095,1208211,52255,56433,19643,11211,0,obt-collector1,,,0/RP0/CPU0,0,0,0,73050540,0,0,19645,14160,250129,45,0,0,0,12630,196545,62,10822,55,0,3,497721,160,5012,0,0,0,0,0,17510,0,0,82,543320,17710,0,0,,0,4000,0,0,0,0,260,0,4,0,0,0,0,256,0,0,0,0,8,144129233,195750254,0,0,0,0,0,113768068,196590

2020-02-02 20:34:56.644000+00:00,leaf8,sg0,28042458,0,113899709,1854572190,0,0,0,95589415,0,23896,133374,39500,113371,118374,0,207861,735902,888944774,1854426668,37550514,195224618,27622183,1208211,52255,56433,19643,11211,0,obt-collector1,,,0/RP0/CPU0,0,0,0,73050708,0,0,19645,14160,250130,45,0,0,0,12630,196545,62,10822,55,0,3,497721,160,5012,0,0,0,0,0,17510,0,0,82,543325,17710,0,0,,0,4000,0,0,0,0,260,0,4,0,0,0,0,256,0,0,0,0,8,144129607,195750736,0,0,0,0,0,113768336,196590

2020-02-02 20:35:06.773000+00:00,leaf8,sg0,28042543,0,113899956,1854962405,0,0,0,95589415,0,23896,133375,39501,113371,118374,0,207862,735903,888946574,1854817510,37550604,195225102,27622268,1208211,52255,56433,19644,11211,0,obt-collector1,,,0/RP0/CPU0,0,0,0,73050925,0,0,19646,14160,250131,45,0,0,0,12630,196545,63,10822,55,0,3,497721,160,5012,0,0,0,0,0,17510,0,0,82,543326,17710,0,0,,0,4000,0,0,0,0,260,0,4,0,0,0,0,256,0,0,0,0,8,144129932,195751220,0,0,0,0,0,113768583,196590

2020-02-02 20:35:16.877000+00:00,leaf8,sg0,28042627,0,113900177,1855352285,0,0,0,95589415,0,23896,133375,39501,113371,118374,0,207862,735904,888948298,1855207314,37550690,195225540,27622352,1208211,52255,56433,19644,11211,0,obt-collector1,,,0/RP0/CPU0,0,0,0,73051093,0,0,19646,14161,250132,45,0,0,0,12630,196546,63,10822,55,0,3,497722,160,5012,0,0,0,0,0,17510,0,0,82,543327,17710,0,0,,0,4000,0,0,0,0,260,0,4,0,0,0,0,256,0,0,0,0,8,144130233,195751660,0,0,0,0,0,113768804,196591

2020-02-02 20:35:26.969000+00:00,leaf8,sg0,28042717,0,113900440,1855742675,0,0,0,95589415,0,23896,133375,39501,113371,118374,0,207862,735905,888950041,1855597153,37550777,195225989,27622441,1208211,52255,56433,19644,11211,0,obt-collector1,,,0/RP0/CPU0,0,0,0,73051263,0,0,19646,14161,250132,45,0,0,0,12630,196547,63,10822,55,0,3,497723,160,5012,0,0,0,0,0,17510,0,0,82,543328,17710,0,0,,0,4000,0,0,0,0,260,0,4,0,0,0,0,256,0,0,0,0,8,144130573,195752110,0,0,0,0,0,113769068,196592

2020-02-02 20:35:37.075000+00:00,leaf8,sg0,28042801,0,113900664,1856132655,0,0,0,95589415,0,23896,133375,39501,113371,118375,0,207862,735906,888951765,1855987133,37550863,195226431,27622525,1208211,52255,56433,19644,11211,0,obt-collector1,,,0/RP0/CPU0,0,0,0,73051431,0,0,19646,14161,250133,45,0,0,0,12630,196547,63,10822,55,0,3,497724,160,5012,0,0,0,0,0,17510,0,0,82,543329,17710,0,0,,0,4000,0,0,0,0,260,0,4,0,0,0,0,256,0,0,0,0,8,144130875,195752553,0,0,0,0,0,113769292,196592

2020-02-02 20:35:47.169000+00:00,leaf8,sg0,28042898,0,113900974,1856524756,0,0,0,95589415,0,23897,133381,39502,113377,118375,0,207868,735920,888954890,1856379223,37550962,195226915,27622612,1208211,52255,56433,19644,11212,0,obt-collector1,,,0/RP0/CPU0,0,0,0,73051599,0,0,19646,14162,250135,45,0,0,0,12630,196547,63,10822,55,0,3,497726,160,5012,0,0,0,0,0,17510,0,0,82,543336,17710,0,0,,0,4000,0,0,0,0,260,0,4,0,0,0,0,256,0,0,0,0,8,144131280,195753040,0,0,0,0,0,113769592,196592

2020-02-02 20:35:57.272000+00:00,leaf8,sg0,28042983,0,113901214,1856914672,0,0,0,95589415,0,23897,133381,39502,113377,118375,0,207868,735921,888956614,1856769139,37551048,195227357,27622697,1208211,52255,56433,19644,11212,0,obt-collector1,,,0/RP0/CPU0,0,0,0,73051767,0,0,19646,14162,250135,45,0,0,0,12630,196547,63,10822,55,0,3,497727,160,5012,0,0,0,0,0,17510,0,0,82,543337,17710,0,0,,0,4000,0,0,0,0,260,0,4,0,0,0,0,256,0,0,0,0,8,144131598,195753483,0,0,0,0,0,113769832,196592

2020-02-02 20:36:07.403000+00:00,leaf8,sg0,28043068,0,113901442,1857304652,0,0,0,95589415,0,23897,133381,39502,113377,118375,0,207868,735921,888958293,1857159119,37551134,195227799,27622782,1208211,52255,56433,19644,11212,0,obt-collector1,,,0/RP0/CPU0,0,0,0,73051936,0,0,19646,14162,250135,45,0,0,0,12630,196547,63,10822,55,0,3,497727,160,5012,0,0,0,0,0,17510,0,0,82,543337,17710,0,0,,0,4000,0,0,0,0,260,0,4,0,0,0,0,256,0,0,0,0,8,144131904,195753925,0,0,0,0,0,113770060,196592

2020-02-02 20:36:17.496000+00:00,leaf8,sg0,28043154,0,113901673,1857694744,0,0,0,95589415,0,23897,133381,39502,113377,118376,0,207869,735923,888960036,1857549211,37551221,195228245,27622868,1208211,52255,56433,19644,11212,0,obt-collector1,,,0/RP0/CPU0,0,0,0,73052105,0,0,19646,14163,250138,45,0,0,0,12630,196547,63,10822,55,0,3,497728,160,5012,0,0,0,0,0,17510,0,0,82,543338,17710,0,0,,0,4000,0,0,0,0,260,0,4,0,0,0,0,256,0,0,0,0,8,144132217,195754373,0,0,0,0,0,113770291,196592

2020-02-02 20:36:27.601000+00:00,leaf8,sg0,28043229,0,113901893,1858087214,0,0,0,95589467,0,23897,133381,39502,113377,118376,0,207869,735924,888964287,1857941681,37551313,195228679,27622942,1208211,52255,56433,19644,11212,0,obt-collector1,,,0/RP0/CPU0,0,0,0,73052280,0,0,19646,14163,250138,45,0,0,0,12630,196548,63,10822,55,0,3,497730,160,5012,0,0,0,0,0,17510,0,0,82,543340,17710,0,0,,0,4000,0,0,0,0,260,0,4,0,0,0,0,256,0,0,0,0,8,144132479,195754809,0,0,0,0,0,113770511,196593

2020-02-02 20:36:37.713000+00:00,leaf8,sg0,28043298,0,113902100,1858477130,0,0,0,95589467,0,23897,133381,39502,113377,118376,0,207869,735925,888966011,1858331597,37551399,195229104,27623011,1208211,52255,56433,19644,11212,0,obt-collector1,,,0/RP0/CPU0,0,0,0,73052448,0,0,19646,14163,250138,45,0,0,0,12630,196548,63,10822,55,0,3,497731,160,5012,0,0,0,0,0,17510,0,0,82,543341,17710,0,0,,0,4000,0,0,0,0,260,0,4,0,0,0,0,256,0,0,0,0,8,144132720,195755235,0,0,0,0,0,113770718,196593

2020-02-02 20:36:47.816000+00:00,leaf8,sg0,28043366,0,113902290,1858866950,0,0,0,95589467,0,23897,133381,39502,113377,118377,0,207869,735925,888967671,1858721417,37551484,195229527,27623079,1208211,52255,56433,19644,11212,0,obt-collector1,,,0/RP0/CPU0,0,0,0,73052616,0,0,19646,14164,250140,45,0,0,0,12630,196548,63,10822,55,0,3,497731,160,5012,0,0,0,0,0,17510,0,0,82,543341,17710,0,0,,0,4000,0,0,0,0,260,0,4,0,0,0,0,256,0,0,0,0,8,144132943,195755659,0,0,0,0,0,113770908,196593

2020-02-02 20:36:57.923000+00:00,leaf8,sg0,28043417,0,113902508,1859256754,0,0,0,95589467,0,23897,133381,39502,113377,118377,0,207870,735928,888969395,1859111221,37551570,195229935,27623130,1208211,52255,56433,19644,11212,0,obt-collector1,,,0/RP0/CPU0,0,0,0,73052784,0,0,19646,14164,250141,45,0,0,0,12630,196548,63,10822,55,0,3,497733,160,5012,0,0,0,0,0,17510,0,0,82,543343,17710,0,0,,0,4000,0,0,0,0,260,0,4,0,0,0,0,256,0,0,0,0,8,144133236,195756069,0,0,0,0,0,113771126,196593

2020-02-02 20:37:08.037000+00:00,leaf8,sg0,28043478,0,113902727,1859646798,0,0,0,95589467,0,23897,133381,39502,113377,118377,0,207870,735929,888971119,1859501265,37551656,195230356,27623189,1208211,52255,56433,19644,11212,0,obt-collector1,,,0/RP0/CPU0,0,0,0,73052952,0,0,19646,14164,250141,45,0,0,0,12630,196550,63,10822,55,0,3,497734,160,5012,0,0,0,0,0,17510,0,0,82,543344,17710,0,0,,0,4000,0,0,0,0,260,0,4,0,0,0,0,256,0,0,0,0,8,144133521,195756491,0,0,0,0,0,113771345,196595

2020-02-02 20:37:18.140000+00:00,leaf8,sg0,28043543,0,113902954,1860036794,0,0,0,95589467,0,23897,133381,39502,113377,118377,0,207870,735929,888972862,1859891261,37551743,195230779,27623254,1208211,52255,56433,19644,11212,0,obt-collector1,,,0/RP0/CPU0,0,0,0,73053121,0,0,19646,14165,250142,45,0,0,0,12630,196550,63,10822,55,0,3,497734,160,5012,0,0,0,0,0,17510,0,0,82,543344,17710,0,0,,0,4000,0,0,0,0,260,0,4,0,0,0,0,256,0,0,0,0,8,144133822,195756915,0,0,0,0,0,113771573,196595

2020-02-02 20:37:28.244000+00:00,leaf8,sg0,28043592,0,113903156,1860426950,0,0,0,95589467,0,23897,133381,39502,113377,118378,0,207871,735931,888975187,1860281930,37551863,195231226,27623302,1208211,52255,56433,19644,11212,0,obt-collector1,,,0/RP0/CPU0,0,0,0,73053367,0,0,19646,14165,250144,45,0,0,0,12630,196551,63,10822,55,0,3,497735,160,5012,0,0,0,0,0,17510,0,0,82,543345,17710,0,0,,0,4000,0,0,0,0,260,0,4,0,0,0,0,256,0,0,0,0,8,144134116,195757363,0,0,0,0,0,113771775,196596

2020-02-02 20:37:38.357000+00:00,leaf8,sg0,28043635,0,113903383,1860816766,0,0,0,95589467,0,23897,133381,39502,113377,118378,0,207871,735932,888976911,1860671670,37551949,195231626,27623345,1208211,52255,56433,19644,11212,0,obt-collector1,,,0/RP0/CPU0,0,0,0,73053535,0,0,19646,14165,250144,45,0,0,0,12630,196551,63,10822,55,0,3,497736,160,5012,0,0,0,0,0,17510,0,0,82,543346,17710,0,0,,0,4000,0,0,0,0,260,0,4,0,0,0,0,256,0,0,0,0,8,144134407,195757764,0,0,0,0,0,113772002,196596

2020-02-02 20:37:48.455000+00:00,leaf8,sg0,28043692,0,113903641,1861207199,0,0,0,95589467,0,23897,133381,39502,113377,118378,0,207871,735933,888978635,1861061666,37552035,195232041,27623402,1208211,52255,56433,19644,11212,0,obt-collector1,,,0/RP0/CPU0,0,0,0,73053703,0,0,19646,14166,250145,45,0,0,0,12630,196551,63,10822,55,0,3,497737,160,5012,0,0,0,0,0,17510,0,0,82,543347,17710,0,0,,0,4000,0,0,0,0,260,0,4,0,0,0,0,256,0,0,0,0,8,144134723,195758181,0,0,0,0,0,113772260,196596

