,Producer,Target,host,icmp/checksum-error-messages,icmp/output-messages,icmp/received-echo-reply-messages,icmp/received-echo-request-messages,icmp/received-hop-count-expired-messages,icmp/received-parameter-error-messages,icmp/received-parameter-header-messages,icmp/received-parameter-option-messages,icmp/received-parameter-unknown-type-messages,icmp/received-reassembly-timeouts,icmp/received-too-big-messages,icmp/received-unknown-timeout-messages,icmp/received-unreachable-address-messages,icmp/received-unreachable-admin-messages,icmp/received-unreachable-neighbor-messages,icmp/received-unreachable-port-messages,icmp/received-unreachable-routing-messages,icmp/received-unreachable-unknown-type-messages,icmp/sent-echo-reply-messages,icmp/sent-echo-request-messages,icmp/sent-hop-count-expired-messages,icmp/sent-parameter-error-messages,icmp/sent-parameter-header-messages,icmp/sent-parameter-option-messages,icmp/sent-parameter-unknown-type-messages,icmp/sent-rate-limited-packets,icmp/sent-reassembly-timeouts,icmp/sent-too-big-messages,icmp/sent-unknown-timeout-messages,icmp/sent-unreachable-address-messages,icmp/sent-unreachable-admin-messages,icmp/sent-unreachable-neighbor-messages,icmp/sent-unreachable-port-messages,icmp/sent-unreachable-routing-messages,icmp/sent-unreachable-unknown-type-messages,icmp/too-short-error-messages,icmp/total-messages,icmp/unknown-error-type-messages,ipv6-node-discovery/received-neighbor-advertisement-messages,ipv6-node-discovery/received-neighbor-solicitation-messages,ipv6-node-discovery/received-redirect-messages,ipv6-node-discovery/received-router-advertisement-messages,ipv6-node-discovery/received-router-solicitation-messages,ipv6-node-discovery/sent-neighbor-advertisement-messages,ipv6-node-discovery/sent-neighbor-solicitation-messages,ipv6-node-discovery/sent-redirect-messages,ipv6-node-discovery/sent-router-advertisement-messages,ipv6-node-discovery/sent-router-solicitation-messages,ipv6/bad-header-packets,ipv6/bad-source-address-packets,ipv6/format-errors,ipv6/forwarded-packets,ipv6/fragment-count,ipv6/fragment-failures,ipv6/fragmented-packets,ipv6/fragments,ipv6/generated-packets,ipv6/hop-count-exceeded-packets,ipv6/io-puntback,ipv6/lisp-decap-errors,ipv6/lisp-encap-errors,ipv6/lisp-v4-decap-packets,ipv6/lisp-v4-encap-packets,ipv6/lisp-v6-decap-packets,ipv6/lisp-v6-encap-packets,ipv6/local-destination-packets,ipv6/miscellaneous-drops,ipv6/no-route-packets,ipv6/reassembled-packets,ipv6/reassembly-failures,ipv6/reassembly-maximum-drops,ipv6/reassembly-timeouts,ipv6/received-multicast-packets,ipv6/sent-multicast-packets,ipv6/source-routed-packets,ipv6/too-big-packets,ipv6/total-packets,ipv6/truncated-packets,ipv6/unknown-option-type-packets,ipv6/unknown-protocol-packets,node-name

2020-02-02 20:16:53.760000+00:00,leaf8,sg2,obt-collector1,0,364183,0,0,0,0,0,0,0,0,0,0,0,0,0,0,0,0,0,0,4450,0,0,0,0,367879,0,0,0,252,0,0,0,359481,0,0,5045,0,599275,548220,0,287690,0,547962,600541,0,306849,0,2853,11653,0,13,0,0,0,0,2208683,0,,0,0,0,0,0,0,10869,0,731348,0,0,0,0,310418,0,0,0,4358264,0,10859,0,0/0/CPU0

2020-02-02 20:16:53.764000+00:00,leaf8,sg2,obt-collector1,0,5361,0,0,0,0,0,0,0,0,0,0,14,0,0,0,8,0,0,0,0,0,0,0,0,109,0,0,0,0,0,0,0,5361,0,0,22,0,0,0,0,0,0,0,0,0,0,0,0,0,0,0,0,0,0,0,30426596,0,,0,0,0,0,0,0,22,0,10801,0,0,0,0,0,0,0,0,31371488,0,0,0,0/RP0/CPU0

2020-02-02 20:17:03.781000+00:00,leaf8,sg2,obt-collector1,0,364183,0,0,0,0,0,0,0,0,0,0,0,0,0,0,0,0,0,0,4450,0,0,0,0,367879,0,0,0,252,0,0,0,359481,0,0,5045,0,599278,548221,0,287693,0,547963,600544,0,306851,0,2853,11653,0,13,0,0,0,0,2208689,0,,0,0,0,0,0,0,10869,0,731348,0,0,0,0,310421,0,0,0,4358283,0,10859,0,0/0/CPU0

2020-02-02 20:17:03.785000+00:00,leaf8,sg2,obt-collector1,0,5361,0,0,0,0,0,0,0,0,0,0,14,0,0,0,8,0,0,0,0,0,0,0,0,109,0,0,0,0,0,0,0,5361,0,0,22,0,0,0,0,0,0,0,0,0,0,0,0,0,0,0,0,0,0,0,30426684,0,,0,0,0,0,0,0,22,0,10801,0,0,0,0,0,0,0,0,31371560,0,0,0,0/RP0/CPU0

2020-02-02 20:17:13.795000+00:00,leaf8,sg2,obt-collector1,0,364183,0,0,0,0,0,0,0,0,0,0,0,0,0,0,0,0,0,0,4450,0,0,0,0,367879,0,0,0,252,0,0,0,359481,0,0,5045,0,599280,548225,0,287695,0,547967,600546,0,306853,0,2853,11653,0,13,0,0,0,0,2208697,0,,0,0,0,0,0,0,10869,0,731348,0,0,0,0,310423,0,0,0,4358301,0,10859,0,0/0/CPU0

2020-02-02 20:17:13.800000+00:00,leaf8,sg2,obt-collector1,0,5361,0,0,0,0,0,0,0,0,0,0,14,0,0,0,8,0,0,0,0,0,0,0,0,109,0,0,0,0,0,0,0,5361,0,0,22,0,0,0,0,0,0,0,0,0,0,0,0,0,0,0,0,0,0,0,30426766,0,,0,0,0,0,0,0,22,0,10801,0,0,0,0,0,0,0,0,31371624,0,0,0,0/RP0/CPU0

2020-02-02 20:17:23.808000+00:00,leaf8,sg2,obt-collector1,0,364183,0,0,0,0,0,0,0,0,0,0,0,0,0,0,0,0,0,0,4450,0,0,0,0,367879,0,0,0,252,0,0,0,359481,0,0,5045,0,599281,548226,0,287697,0,547968,600547,0,306856,0,2853,11653,0,13,0,0,0,0,2208702,0,,0,0,0,0,0,0,10869,0,731348,0,0,0,0,310425,0,0,0,4358317,0,10859,0,0/0/CPU0

2020-02-02 20:17:23.811000+00:00,leaf8,sg2,obt-collector1,0,5361,0,0,0,0,0,0,0,0,0,0,14,0,0,0,8,0,0,0,0,0,0,0,0,109,0,0,0,0,0,0,0,5361,0,0,22,0,0,0,0,0,0,0,0,0,0,0,0,0,0,0,0,0,0,0,30426848,0,,0,0,0,0,0,0,22,0,10801,0,0,0,0,0,0,0,0,31371690,0,0,0,0/RP0/CPU0

2020-02-02 20:17:33.825000+00:00,leaf8,sg2,obt-collector1,0,364183,0,0,0,0,0,0,0,0,0,0,0,0,0,0,0,0,0,0,4450,0,0,0,0,367879,0,0,0,252,0,0,0,359481,0,0,5045,0,599281,548228,0,287699,0,547970,600547,0,306856,0,2853,11653,0,13,0,0,0,0,2208704,0,,0,0,0,0,0,0,10869,0,731348,0,0,0,0,310427,0,0,0,4358331,0,10859,0,0/0/CPU0

2020-02-02 20:17:33.826000+00:00,leaf8,sg2,obt-collector1,0,5361,0,0,0,0,0,0,0,0,0,0,14,0,0,0,8,0,0,0,0,0,0,0,0,109,0,0,0,0,0,0,0,5361,0,0,22,0,0,0,0,0,0,0,0,0,0,0,0,0,0,0,0,0,0,0,30426930,0,,0,0,0,0,0,0,22,0,10801,0,0,0,0,0,0,0,0,31371754,0,0,0,0/RP0/CPU0

2020-02-02 20:17:43.831000+00:00,leaf8,sg2,obt-collector1,0,364183,0,0,0,0,0,0,0,0,0,0,0,0,0,0,0,0,0,0,4450,0,0,0,0,367879,0,0,0,252,0,0,0,359481,0,0,5045,0,599285,548230,0,287700,0,547972,600551,0,306857,0,2853,11653,0,13,0,0,0,0,2208711,0,,0,0,0,0,0,0,10869,0,731348,0,0,0,0,310428,0,0,0,4358350,0,10859,0,0/0/CPU0

2020-02-02 20:17:43.835000+00:00,leaf8,sg2,obt-collector1,0,5361,0,0,0,0,0,0,0,0,0,0,14,0,0,0,8,0,0,0,0,0,0,0,0,109,0,0,0,0,0,0,0,5361,0,0,22,0,0,0,0,0,0,0,0,0,0,0,0,0,0,0,0,0,0,0,30427012,0,,0,0,0,0,0,0,22,0,10801,0,0,0,0,0,0,0,0,31371819,0,0,0,0/RP0/CPU0

2020-02-02 20:17:53.845000+00:00,leaf8,sg2,obt-collector1,0,364183,0,0,0,0,0,0,0,0,0,0,0,0,0,0,0,0,0,0,4450,0,0,0,0,367879,0,0,0,252,0,0,0,359481,0,0,5045,0,599287,548231,0,287700,0,547973,600553,0,306857,0,2853,11653,0,13,0,0,0,0,2208714,0,,0,0,0,0,0,0,10869,0,731348,0,0,0,0,310428,0,0,0,4358363,0,10859,0,0/0/CPU0

2020-02-02 20:17:53.847000+00:00,leaf8,sg2,obt-collector1,0,5361,0,0,0,0,0,0,0,0,0,0,14,0,0,0,8,0,0,0,0,0,0,0,0,109,0,0,0,0,0,0,0,5361,0,0,22,0,0,0,0,0,0,0,0,0,0,0,0,0,0,0,0,0,0,0,30427094,0,,0,0,0,0,0,0,22,0,10801,0,0,0,0,0,0,0,0,31371883,0,0,0,0/RP0/CPU0

2020-02-02 20:18:03.860000+00:00,leaf8,sg2,obt-collector1,0,364183,0,0,0,0,0,0,0,0,0,0,0,0,0,0,0,0,0,0,4450,0,0,0,0,367879,0,0,0,252,0,0,0,359481,0,0,5045,0,599289,548232,0,287702,0,547974,600555,0,306858,0,2853,11653,0,13,0,0,0,0,2208718,0,,0,0,0,0,0,0,10869,0,731348,0,0,0,0,310430,0,0,0,4358380,0,10859,0,0/0/CPU0

2020-02-02 20:18:03.863000+00:00,leaf8,sg2,obt-collector1,0,5361,0,0,0,0,0,0,0,0,0,0,14,0,0,0,8,0,0,0,0,0,0,0,0,109,0,0,0,0,0,0,0,5361,0,0,22,0,0,0,0,0,0,0,0,0,0,0,0,0,0,0,0,0,0,0,30427176,0,,0,0,0,0,0,0,22,0,10801,0,0,0,0,0,0,0,0,31371947,0,0,0,0/RP0/CPU0

2020-02-02 20:18:13.870000+00:00,leaf8,sg2,obt-collector1,0,364183,0,0,0,0,0,0,0,0,0,0,0,0,0,0,0,0,0,0,4450,0,0,0,0,367879,0,0,0,252,0,0,0,359481,0,0,5045,0,599292,548233,0,287702,0,547975,600558,0,306859,0,2853,11653,0,13,0,0,0,0,2208723,0,,0,0,0,0,0,0,10869,0,731348,0,0,0,0,310430,0,0,0,4358394,0,10859,0,0/0/CPU0

2020-02-02 20:18:13.874000+00:00,leaf8,sg2,obt-collector1,0,5361,0,0,0,0,0,0,0,0,0,0,14,0,0,0,8,0,0,0,0,0,0,0,0,109,0,0,0,0,0,0,0,5361,0,0,22,0,0,0,0,0,0,0,0,0,0,0,0,0,0,0,0,0,0,0,30427258,0,,0,0,0,0,0,0,22,0,10801,0,0,0,0,0,0,0,0,31372011,0,0,0,0/RP0/CPU0

2020-02-02 20:18:23.895000+00:00,leaf8,sg2,obt-collector1,0,364183,0,0,0,0,0,0,0,0,0,0,0,0,0,0,0,0,0,0,4450,0,0,0,0,367879,0,0,0,252,0,0,0,359481,0,0,5045,0,599294,548233,0,287703,0,547975,600560,0,306861,0,2853,11653,0,13,0,0,0,0,2208727,0,,0,0,0,0,0,0,10869,0,731348,0,0,0,0,310431,0,0,0,4358409,0,10859,0,0/0/CPU0

2020-02-02 20:18:23.900000+00:00,leaf8,sg2,obt-collector1,0,5361,0,0,0,0,0,0,0,0,0,0,14,0,0,0,8,0,0,0,0,0,0,0,0,109,0,0,0,0,0,0,0,5361,0,0,22,0,0,0,0,0,0,0,0,0,0,0,0,0,0,0,0,0,0,0,30427340,0,,0,0,0,0,0,0,22,0,10801,0,0,0,0,0,0,0,0,31372075,0,0,0,0/RP0/CPU0

2020-02-02 20:18:33.912000+00:00,leaf8,sg2,obt-collector1,0,364183,0,0,0,0,0,0,0,0,0,0,0,0,0,0,0,0,0,0,4450,0,0,0,0,367879,0,0,0,252,0,0,0,359481,0,0,5045,0,599295,548237,0,287704,0,547979,600561,0,306862,0,2853,11653,0,13,0,0,0,0,2208733,0,,0,0,0,0,0,0,10869,0,731348,0,0,0,0,310432,0,0,0,4358425,0,10859,0,0/0/CPU0

2020-02-02 20:18:33.924000+00:00,leaf8,sg2,obt-collector1,0,5361,0,0,0,0,0,0,0,0,0,0,14,0,0,0,8,0,0,0,0,0,0,0,0,109,0,0,0,0,0,0,0,5361,0,0,22,0,0,0,0,0,0,0,0,0,0,0,0,0,0,0,0,0,0,0,30427422,0,,0,0,0,0,0,0,22,0,10801,0,0,0,0,0,0,0,0,31372140,0,0,0,0/RP0/CPU0

2020-02-02 20:18:43.951000+00:00,leaf8,sg2,obt-collector1,0,364183,0,0,0,0,0,0,0,0,0,0,0,0,0,0,0,0,0,0,4450,0,0,0,0,367879,0,0,0,252,0,0,0,359481,0,0,5045,0,599297,548240,0,287705,0,547982,600563,0,306864,0,2853,11653,0,13,0,0,0,0,2208740,0,,0,0,0,0,0,0,10869,0,731348,0,0,0,0,310433,0,0,0,4358443,0,10859,0,0/0/CPU0

2020-02-02 20:18:43.954000+00:00,leaf8,sg2,obt-collector1,0,5361,0,0,0,0,0,0,0,0,0,0,14,0,0,0,8,0,0,0,0,0,0,0,0,109,0,0,0,0,0,0,0,5361,0,0,22,0,0,0,0,0,0,0,0,0,0,0,0,0,0,0,0,0,0,0,30427504,0,,0,0,0,0,0,0,22,0,10801,0,0,0,0,0,0,0,0,31372208,0,0,0,0/RP0/CPU0

2020-02-02 20:18:53.963000+00:00,leaf8,sg2,obt-collector1,0,364183,0,0,0,0,0,0,0,0,0,0,0,0,0,0,0,0,0,0,4450,0,0,0,0,367879,0,0,0,252,0,0,0,359481,0,0,5045,0,599300,548243,0,287705,0,547985,600566,0,306867,0,2853,11653,0,13,0,0,0,0,2208749,0,,0,0,0,0,0,0,10869,0,731348,0,0,0,0,310433,0,0,0,4358459,0,10859,0,0/0/CPU0

2020-02-02 20:18:53.965000+00:00,leaf8,sg2,obt-collector1,0,5363,0,0,0,0,0,0,0,0,0,0,14,0,0,0,8,0,0,0,0,0,0,0,0,109,0,0,0,0,0,0,0,5363,0,0,22,0,0,0,0,0,0,0,0,0,0,0,0,0,0,0,0,0,0,0,30427588,0,,0,0,0,0,0,0,22,0,10805,0,0,0,0,0,0,0,0,31372268,0,0,0,0/RP0/CPU0

2020-02-02 20:19:03.974000+00:00,leaf8,sg2,obt-collector1,0,364183,0,0,0,0,0,0,0,0,0,0,0,0,0,0,0,0,0,0,4450,0,0,0,0,367879,0,0,0,252,0,0,0,359481,0,0,5045,0,599301,548245,0,287706,0,547987,600567,0,306867,0,2853,11653,0,13,0,0,0,0,2208752,0,,0,0,0,0,0,0,10869,0,731348,0,0,0,0,310434,0,0,0,4358475,0,10859,0,0/0/CPU0

2020-02-02 20:19:03.977000+00:00,leaf8,sg2,obt-collector1,0,5365,0,0,0,0,0,0,0,0,0,0,14,0,0,0,8,0,0,0,0,0,0,0,0,109,0,0,0,0,0,0,0,5365,0,0,22,0,0,0,0,0,0,0,0,0,0,0,0,0,0,0,0,0,0,0,30427666,0,,0,0,0,0,0,0,22,0,10809,0,0,0,0,0,0,0,0,31372320,0,0,0,0/RP0/CPU0

2020-02-02 20:19:13.984000+00:00,leaf8,sg2,obt-collector1,0,364183,0,0,0,0,0,0,0,0,0,0,0,0,0,0,0,0,0,0,4450,0,0,0,0,367879,0,0,0,252,0,0,0,359481,0,0,5045,0,599304,548248,0,287707,0,547990,600570,0,306870,0,2853,11653,0,13,0,0,0,0,2208761,0,,0,0,0,0,0,0,10869,0,731348,0,0,0,0,310435,0,0,0,4358492,0,10859,0,0/0/CPU0

2020-02-02 20:19:13.990000+00:00,leaf8,sg2,obt-collector1,0,5366,0,0,0,0,0,0,0,0,0,0,14,0,0,0,8,0,0,0,0,0,0,0,0,109,0,0,0,0,0,0,0,5366,0,0,22,0,0,0,0,0,0,0,0,0,0,0,0,0,0,0,0,0,0,0,30427742,0,,0,0,0,0,0,0,22,0,10811,0,0,0,0,0,0,0,0,31372372,0,0,0,0/RP0/CPU0

2020-02-02 20:19:23.996000+00:00,leaf8,sg2,obt-collector1,0,364183,0,0,0,0,0,0,0,0,0,0,0,0,0,0,0,0,0,0,4450,0,0,0,0,367879,0,0,0,252,0,0,0,359481,0,0,5045,0,599307,548251,0,287707,0,547993,600573,0,306870,0,2853,11653,0,13,0,0,0,0,2208767,0,,0,0,0,0,0,0,10869,0,731348,0,0,0,0,310435,0,0,0,4358510,0,10859,0,0/0/CPU0

2020-02-02 20:19:23.998000+00:00,leaf8,sg2,obt-collector1,0,5367,0,0,0,0,0,0,0,0,0,0,14,0,0,0,8,0,0,0,0,0,0,0,0,109,0,0,0,0,0,0,0,5367,0,0,22,0,0,0,0,0,0,0,0,0,0,0,0,0,0,0,0,0,0,0,30427820,0,,0,0,0,0,0,0,22,0,10813,0,0,0,0,0,0,0,0,31372427,0,0,0,0/RP0/CPU0

2020-02-02 20:19:34.004000+00:00,leaf8,sg2,obt-collector1,0,364183,0,0,0,0,0,0,0,0,0,0,0,0,0,0,0,0,0,0,4450,0,0,0,0,367879,0,0,0,252,0,0,0,359481,0,0,5045,0,599310,548254,0,287709,0,547996,600576,0,306871,0,2853,11653,0,13,0,0,0,0,2208774,0,,0,0,0,0,0,0,10869,0,731348,0,0,0,0,310437,0,0,0,4358528,0,10859,0,0/0/CPU0

2020-02-02 20:19:34.006000+00:00,leaf8,sg2,obt-collector1,0,5367,0,0,0,0,0,0,0,0,0,0,14,0,0,0,8,0,0,0,0,0,0,0,0,109,0,0,0,0,0,0,0,5367,0,0,22,0,0,0,0,0,0,0,0,0,0,0,0,0,0,0,0,0,0,0,30427894,0,,0,0,0,0,0,0,22,0,10813,0,0,0,0,0,0,0,0,31372480,0,0,0,0/RP0/CPU0

2020-02-02 20:19:44.013000+00:00,leaf8,sg2,obt-collector1,0,364183,0,0,0,0,0,0,0,0,0,0,0,0,0,0,0,0,0,0,4450,0,0,0,0,367879,0,0,0,252,0,0,0,359481,0,0,5045,0,599315,548256,0,287710,0,547998,600581,0,306872,0,2853,11653,0,13,0,0,0,0,2208782,0,,0,0,0,0,0,0,10869,0,731348,0,0,0,0,310438,0,0,0,4358546,0,10859,0,0/0/CPU0

2020-02-02 20:19:44.019000+00:00,leaf8,sg2,obt-collector1,0,5367,0,0,0,0,0,0,0,0,0,0,14,0,0,0,8,0,0,0,0,0,0,0,0,109,0,0,0,0,0,0,0,5367,0,0,22,0,0,0,0,0,0,0,0,0,0,0,0,0,0,0,0,0,0,0,30427969,0,,0,0,0,0,0,0,22,0,10813,0,0,0,0,0,0,0,0,31372534,0,0,0,0/RP0/CPU0

2020-02-02 20:19:54.030000+00:00,leaf8,sg2,obt-collector1,0,364183,0,0,0,0,0,0,0,0,0,0,0,0,0,0,0,0,0,0,4450,0,0,0,0,367879,0,0,0,252,0,0,0,359481,0,0,5045,0,599315,548256,0,287713,0,547998,600581,0,306873,0,2853,11653,0,13,0,0,0,0,2208783,0,,0,0,0,0,0,0,10869,0,731348,0,0,0,0,310441,0,0,0,4358561,0,10859,0,0/0/CPU0

2020-02-02 20:19:54.032000+00:00,leaf8,sg2,obt-collector1,0,5367,0,0,0,0,0,0,0,0,0,0,14,0,0,0,8,0,0,0,0,0,0,0,0,109,0,0,0,0,0,0,0,5367,0,0,22,0,0,0,0,0,0,0,0,0,0,0,0,0,0,0,0,0,0,0,30428045,0,,0,0,0,0,0,0,22,0,10813,0,0,0,0,0,0,0,0,31372589,0,0,0,0/RP0/CPU0

2020-02-02 20:20:04.043000+00:00,leaf8,sg2,obt-collector1,0,364183,0,0,0,0,0,0,0,0,0,0,0,0,0,0,0,0,0,0,4450,0,0,0,0,367879,0,0,0,252,0,0,0,359481,0,0,5045,0,599319,548258,0,287713,0,548000,600585,0,306874,0,2853,11653,0,13,0,0,0,0,2208790,0,,0,0,0,0,0,0,10869,0,731348,0,0,0,0,310441,0,0,0,4358579,0,10859,0,0/0/CPU0

2020-02-02 20:20:04.045000+00:00,leaf8,sg2,obt-collector1,0,5367,0,0,0,0,0,0,0,0,0,0,14,0,0,0,8,0,0,0,0,0,0,0,0,109,0,0,0,0,0,0,0,5367,0,0,22,0,0,0,0,0,0,0,0,0,0,0,0,0,0,0,0,0,0,0,30428119,0,,0,0,0,0,0,0,22,0,10813,0,0,0,0,0,0,0,0,31372641,0,0,0,0/RP0/CPU0

2020-02-02 20:20:14.051000+00:00,leaf8,sg2,obt-collector1,0,364183,0,0,0,0,0,0,0,0,0,0,0,0,0,0,0,0,0,0,4450,0,0,0,0,367879,0,0,0,252,0,0,0,359481,0,0,5045,0,599320,548259,0,287715,0,548001,600586,0,306874,0,2853,11653,0,13,0,0,0,0,2208792,0,,0,0,0,0,0,0,10869,0,731348,0,0,0,0,310443,0,0,0,4358593,0,10859,0,0/0/CPU0

2020-02-02 20:20:14.053000+00:00,leaf8,sg2,obt-collector1,0,5367,0,0,0,0,0,0,0,0,0,0,14,0,0,0,8,0,0,0,0,0,0,0,0,109,0,0,0,0,0,0,0,5367,0,0,22,0,0,0,0,0,0,0,0,0,0,0,0,0,0,0,0,0,0,0,30428193,0,,0,0,0,0,0,0,22,0,10813,0,0,0,0,0,0,0,0,31372693,0,0,0,0/RP0/CPU0

2020-02-02 20:20:24.067000+00:00,leaf8,sg2,obt-collector1,0,364183,0,0,0,0,0,0,0,0,0,0,0,0,0,0,0,0,0,0,4450,0,0,0,0,367879,0,0,0,252,0,0,0,359481,0,0,5047,0,599323,548263,0,287717,0,548005,600589,0,306876,0,2854,11657,0,13,0,0,0,0,2208805,0,,0,0,0,0,0,0,10873,0,731349,0,0,0,0,310453,0,0,0,4358618,0,10863,0,0/0/CPU0

2020-02-02 20:20:24.069000+00:00,leaf8,sg2,obt-collector1,0,5367,0,0,0,0,0,0,0,0,0,0,14,0,0,0,8,0,0,0,0,0,0,0,0,109,0,0,0,0,0,0,0,5367,0,0,22,0,0,0,0,0,0,0,0,0,0,0,0,0,0,0,0,0,0,0,30428268,0,,0,0,0,0,0,0,22,0,10813,0,0,0,0,0,0,0,0,31372786,0,0,0,0/RP0/CPU0

2020-02-02 20:20:34.082000+00:00,leaf8,sg2,obt-collector1,0,364183,0,0,0,0,0,0,0,0,0,0,0,0,0,0,0,0,0,0,4450,0,0,0,0,367879,0,0,0,252,0,0,0,359481,0,0,5047,0,599323,548266,0,287720,0,548008,600589,0,306879,0,2854,11657,0,13,0,0,0,0,2208811,0,,0,0,0,0,0,0,10873,0,731349,0,0,0,0,310456,0,0,0,4358634,0,10863,0,0/0/CPU0

2020-02-02 20:20:34.086000+00:00,leaf8,sg2,obt-collector1,0,5367,0,0,0,0,0,0,0,0,0,0,14,0,0,0,8,0,0,0,0,0,0,0,0,109,0,0,0,0,0,0,0,5367,0,0,22,0,0,0,0,0,0,0,0,0,0,0,0,0,0,0,0,0,0,0,30428318,0,,0,0,0,0,0,0,22,0,10813,0,0,0,0,0,0,0,0,31372870,0,0,0,0/RP0/CPU0

2020-02-02 20:20:44.093000+00:00,leaf8,sg2,obt-collector1,0,364183,0,0,0,0,0,0,0,0,0,0,0,0,0,0,0,0,0,0,4450,0,0,0,0,367879,0,0,0,252,0,0,0,359481,0,0,5047,0,599327,548268,0,287722,0,548010,600593,0,306879,0,2854,11657,0,13,0,0,0,0,2208817,0,,0,0,0,0,0,0,10873,0,731349,0,0,0,0,310458,0,0,0,4358654,0,10863,0,0/0/CPU0

2020-02-02 20:20:44.095000+00:00,leaf8,sg2,obt-collector1,0,5367,0,0,0,0,0,0,0,0,0,0,14,0,0,0,8,0,0,0,0,0,0,0,0,109,0,0,0,0,0,0,0,5367,0,0,22,0,0,0,0,0,0,0,0,0,0,0,0,0,0,0,0,0,0,0,30428368,0,,0,0,0,0,0,0,22,0,10813,0,0,0,0,0,0,0,0,31372954,0,0,0,0/RP0/CPU0

2020-02-02 20:20:54.103000+00:00,leaf8,sg2,obt-collector1,0,364183,0,0,0,0,0,0,0,0,0,0,0,0,0,0,0,0,0,0,4450,0,0,0,0,367879,0,0,0,252,0,0,0,359481,0,0,5047,0,599329,548269,0,287725,0,548011,600595,0,306881,0,2854,11657,0,13,0,0,0,0,2208822,0,,0,0,0,0,0,0,10873,0,731349,0,0,0,0,310461,0,0,0,4358672,0,10863,0,0/0/CPU0

2020-02-02 20:20:54.105000+00:00,leaf8,sg2,obt-collector1,0,5367,0,0,0,0,0,0,0,0,0,0,14,0,0,0,8,0,0,0,0,0,0,0,0,109,0,0,0,0,0,0,0,5367,0,0,22,0,0,0,0,0,0,0,0,0,0,0,0,0,0,0,0,0,0,0,30428418,0,,0,0,0,0,0,0,22,0,10813,0,0,0,0,0,0,0,0,31373037,0,0,0,0/RP0/CPU0

2020-02-02 20:21:04.115000+00:00,leaf8,sg2,obt-collector1,0,364183,0,0,0,0,0,0,0,0,0,0,0,0,0,0,0,0,0,0,4450,0,0,0,0,367879,0,0,0,252,0,0,0,359481,0,0,5047,0,599330,548270,0,287725,0,548012,600596,0,306883,0,2854,11657,0,13,0,0,0,0,2208826,0,,0,0,0,0,0,0,10873,0,731349,0,0,0,0,310461,0,0,0,4358684,0,10863,0,0/0/CPU0

2020-02-02 20:21:04.118000+00:00,leaf8,sg2,obt-collector1,0,5367,0,0,0,0,0,0,0,0,0,0,14,0,0,0,8,0,0,0,0,0,0,0,0,109,0,0,0,0,0,0,0,5367,0,0,22,0,0,0,0,0,0,0,0,0,0,0,0,0,0,0,0,0,0,0,30428468,0,,0,0,0,0,0,0,22,0,10813,0,0,0,0,0,0,0,0,31373121,0,0,0,0/RP0/CPU0

2020-02-02 20:21:14.124000+00:00,leaf8,sg2,obt-collector1,0,364183,0,0,0,0,0,0,0,0,0,0,0,0,0,0,0,0,0,0,4450,0,0,0,0,367879,0,0,0,252,0,0,0,359481,0,0,5047,0,599335,548271,0,287725,0,548013,600601,0,306883,0,2854,11657,0,13,0,0,0,0,2208832,0,,0,0,0,0,0,0,10873,0,731349,0,0,0,0,310461,0,0,0,4358702,0,10863,0,0/0/CPU0

2020-02-02 20:21:14.126000+00:00,leaf8,sg2,obt-collector1,0,5367,0,0,0,0,0,0,0,0,0,0,14,0,0,0,8,0,0,0,0,0,0,0,0,109,0,0,0,0,0,0,0,5367,0,0,22,0,0,0,0,0,0,0,0,0,0,0,0,0,0,0,0,0,0,0,30428518,0,,0,0,0,0,0,0,22,0,10813,0,0,0,0,0,0,0,0,31373205,0,0,0,0/RP0/CPU0

2020-02-02 20:21:24.133000+00:00,leaf8,sg2,obt-collector1,0,364183,0,0,0,0,0,0,0,0,0,0,0,0,0,0,0,0,0,0,4450,0,0,0,0,367879,0,0,0,252,0,0,0,359481,0,0,5047,0,599336,548271,0,287725,0,548013,600602,0,306885,0,2854,11657,0,13,0,0,0,0,2208835,0,,0,0,0,0,0,0,10873,0,731349,0,0,0,0,310461,0,0,0,4358713,0,10863,0,0/0/CPU0

2020-02-02 20:21:24.140000+00:00,leaf8,sg2,obt-collector1,0,5367,0,0,0,0,0,0,0,0,0,0,14,0,0,0,8,0,0,0,0,0,0,0,0,109,0,0,0,0,0,0,0,5367,0,0,22,0,0,0,0,0,0,0,0,0,0,0,0,0,0,0,0,0,0,0,30428568,0,,0,0,0,0,0,0,22,0,10813,0,0,0,0,0,0,0,0,31373289,0,0,0,0/RP0/CPU0

2020-02-02 20:21:34.148000+00:00,leaf8,sg2,obt-collector1,0,364183,0,0,0,0,0,0,0,0,0,0,0,0,0,0,0,0,0,0,4450,0,0,0,0,367879,0,0,0,252,0,0,0,359481,0,0,5047,0,599336,548275,0,287726,0,548017,600602,0,306887,0,2854,11657,0,13,0,0,0,0,2208841,0,,0,0,0,0,0,0,10873,0,731349,0,0,0,0,310462,0,0,0,4358730,0,10863,0,0/0/CPU0

2020-02-02 20:21:34.151000+00:00,leaf8,sg2,obt-collector1,0,5367,0,0,0,0,0,0,0,0,0,0,14,0,0,0,8,0,0,0,0,0,0,0,0,109,0,0,0,0,0,0,0,5367,0,0,22,0,0,0,0,0,0,0,0,0,0,0,0,0,0,0,0,0,0,0,30428618,0,,0,0,0,0,0,0,22,0,10813,0,0,0,0,0,0,0,0,31373373,0,0,0,0/RP0/CPU0

2020-02-02 20:21:44.157000+00:00,leaf8,sg2,obt-collector1,0,364183,0,0,0,0,0,0,0,0,0,0,0,0,0,0,0,0,0,0,4450,0,0,0,0,367879,0,0,0,252,0,0,0,359481,0,0,5047,0,599338,548278,0,287726,0,548020,600604,0,306890,0,2854,11657,0,13,0,0,0,0,2208849,0,,0,0,0,0,0,0,10873,0,731349,0,0,0,0,310462,0,0,0,4358745,0,10863,0,0/0/CPU0

2020-02-02 20:21:44.160000+00:00,leaf8,sg2,obt-collector1,0,5367,0,0,0,0,0,0,0,0,0,0,14,0,0,0,8,0,0,0,0,0,0,0,0,109,0,0,0,0,0,0,0,5367,0,0,22,0,0,0,0,0,0,0,0,0,0,0,0,0,0,0,0,0,0,0,30428705,0,,0,0,0,0,0,0,22,0,10813,0,0,0,0,0,0,0,0,31373475,0,0,0,0/RP0/CPU0

2020-02-02 20:21:54.196000+00:00,leaf8,sg2,obt-collector1,0,364183,0,0,0,0,0,0,0,0,0,0,0,0,0,0,0,0,0,0,4450,0,0,0,0,367879,0,0,0,252,0,0,0,359481,0,0,5047,0,599342,548281,0,287727,0,548023,600608,0,306891,0,2854,11657,0,13,0,0,0,0,2208857,0,,0,0,0,0,0,0,10873,0,731349,0,0,0,0,310463,0,0,0,4358765,0,10863,0,0/0/CPU0

2020-02-02 20:21:54.207000+00:00,leaf8,sg2,obt-collector1,0,5367,0,0,0,0,0,0,0,0,0,0,14,0,0,0,8,0,0,0,0,0,0,0,0,109,0,0,0,0,0,0,0,5367,0,0,22,0,0,0,0,0,0,0,0,0,0,0,0,0,0,0,0,0,0,0,30428780,0,,0,0,0,0,0,0,22,0,10813,0,0,0,0,0,0,0,0,31373527,0,0,0,0/RP0/CPU0

2020-02-02 20:22:04.217000+00:00,leaf8,sg2,obt-collector1,0,364183,0,0,0,0,0,0,0,0,0,0,0,0,0,0,0,0,0,0,4450,0,0,0,0,367879,0,0,0,252,0,0,0,359481,0,0,5047,0,599343,548283,0,287727,0,548025,600609,0,306891,0,2854,11657,0,13,0,0,0,0,2208860,0,,0,0,0,0,0,0,10873,0,731349,0,0,0,0,310463,0,0,0,4358778,0,10863,0,0/0/CPU0

2020-02-02 20:22:04.220000+00:00,leaf8,sg2,obt-collector1,0,5367,0,0,0,0,0,0,0,0,0,0,14,0,0,0,8,0,0,0,0,0,0,0,0,109,0,0,0,0,0,0,0,5367,0,0,22,0,0,0,0,0,0,0,0,0,0,0,0,0,0,0,0,0,0,0,30428855,0,,0,0,0,0,0,0,22,0,10813,0,0,0,0,0,0,0,0,31373579,0,0,0,0/RP0/CPU0

2020-02-02 20:22:14.238000+00:00,leaf8,sg2,obt-collector1,0,364183,0,0,0,0,0,0,0,0,0,0,0,0,0,0,0,0,0,0,4450,0,0,0,0,367879,0,0,0,252,0,0,0,359481,0,0,5047,0,599346,548287,0,287728,0,548029,600612,0,306892,0,2854,11657,0,13,0,0,0,0,2208868,0,,0,0,0,0,0,0,10873,0,731349,0,0,0,0,310464,0,0,0,4358798,0,10863,0,0/0/CPU0

2020-02-02 20:22:14.242000+00:00,leaf8,sg2,obt-collector1,0,5367,0,0,0,0,0,0,0,0,0,0,14,0,0,0,8,0,0,0,0,0,0,0,0,109,0,0,0,0,0,0,0,5367,0,0,22,0,0,0,0,0,0,0,0,0,0,0,0,0,0,0,0,0,0,0,30428939,0,,0,0,0,0,0,0,22,0,10813,0,0,0,0,0,0,0,0,31373642,0,0,0,0/RP0/CPU0

2020-02-02 20:22:24.256000+00:00,leaf8,sg2,obt-collector1,0,364183,0,0,0,0,0,0,0,0,0,0,0,0,0,0,0,0,0,0,4450,0,0,0,0,367879,0,0,0,252,0,0,0,359481,0,0,5047,0,599350,548289,0,287729,0,548031,600616,0,306893,0,2854,11657,0,13,0,0,0,0,2208875,0,,0,0,0,0,0,0,10873,0,731349,0,0,0,0,310465,0,0,0,4358815,0,10863,0,0/0/CPU0

2020-02-02 20:22:24.258000+00:00,leaf8,sg2,obt-collector1,0,5367,0,0,0,0,0,0,0,0,0,0,14,0,0,0,8,0,0,0,0,0,0,0,0,109,0,0,0,0,0,0,0,5367,0,0,22,0,0,0,0,0,0,0,0,0,0,0,0,0,0,0,0,0,0,0,30429014,0,,0,0,0,0,0,0,22,0,10813,0,0,0,0,0,0,0,0,31373694,0,0,0,0/RP0/CPU0

2020-02-02 20:22:34.269000+00:00,leaf8,sg2,obt-collector1,0,364183,0,0,0,0,0,0,0,0,0,0,0,0,0,0,0,0,0,0,4450,0,0,0,0,367879,0,0,0,252,0,0,0,359481,0,0,5047,0,599352,548292,0,287729,0,548034,600618,0,306896,0,2854,11657,0,13,0,0,0,0,2208883,0,,0,0,0,0,0,0,10873,0,731349,0,0,0,0,310465,0,0,0,4358832,0,10863,0,0/0/CPU0

2020-02-02 20:22:34.272000+00:00,leaf8,sg2,obt-collector1,0,5367,0,0,0,0,0,0,0,0,0,0,14,0,0,0,8,0,0,0,0,0,0,0,0,109,0,0,0,0,0,0,0,5367,0,0,22,0,0,0,0,0,0,0,0,0,0,0,0,0,0,0,0,0,0,0,30429088,0,,0,0,0,0,0,0,22,0,10813,0,0,0,0,0,0,0,0,31373746,0,0,0,0/RP0/CPU0

2020-02-02 20:22:44.287000+00:00,leaf8,sg2,obt-collector1,0,364183,0,0,0,0,0,0,0,0,0,0,0,0,0,0,0,0,0,0,4450,0,0,0,0,367879,0,0,0,252,0,0,0,359481,0,0,5047,0,599357,548293,0,287732,0,548035,600623,0,306896,0,2854,11657,0,13,0,0,0,0,2208889,0,,0,0,0,0,0,0,10873,0,731349,0,0,0,0,310468,0,0,0,4358851,0,10863,0,0/0/CPU0

2020-02-02 20:22:44.291000+00:00,leaf8,sg2,obt-collector1,0,5367,0,0,0,0,0,0,0,0,0,0,14,0,0,0,8,0,0,0,0,0,0,0,0,109,0,0,0,0,0,0,0,5367,0,0,22,0,0,0,0,0,0,0,0,0,0,0,0,0,0,0,0,0,0,0,30429170,0,,0,0,0,0,0,0,22,0,10813,0,0,0,0,0,0,0,0,31373807,0,0,0,0/RP0/CPU0

2020-02-02 20:22:54.307000+00:00,leaf8,sg2,obt-collector1,0,364183,0,0,0,0,0,0,0,0,0,0,0,0,0,0,0,0,0,0,4450,0,0,0,0,367879,0,0,0,252,0,0,0,359481,0,0,5047,0,599357,548295,0,287735,0,548037,600623,0,306896,0,2854,11657,0,13,0,0,0,0,2208891,0,,0,0,0,0,0,0,10873,0,731349,0,0,0,0,310471,0,0,0,4358868,0,10863,0,0/0/CPU0

2020-02-02 20:22:54.314000+00:00,leaf8,sg2,obt-collector1,0,5367,0,0,0,0,0,0,0,0,0,0,14,0,0,0,8,0,0,0,0,0,0,0,0,109,0,0,0,0,0,0,0,5367,0,0,22,0,0,0,0,0,0,0,0,0,0,0,0,0,0,0,0,0,0,0,30429244,0,,0,0,0,0,0,0,22,0,10813,0,0,0,0,0,0,0,0,31373859,0,0,0,0/RP0/CPU0

2020-02-02 20:23:04.323000+00:00,leaf8,sg2,obt-collector1,0,364183,0,0,0,0,0,0,0,0,0,0,0,0,0,0,0,0,0,0,4450,0,0,0,0,367879,0,0,0,252,0,0,0,359481,0,0,5047,0,599362,548297,0,287735,0,548039,600628,0,306897,0,2854,11657,0,13,0,0,0,0,2208899,0,,0,0,0,0,0,0,10873,0,731349,0,0,0,0,310471,0,0,0,4358885,0,10863,0,0/0/CPU0

2020-02-02 20:23:04.326000+00:00,leaf8,sg2,obt-collector1,0,5367,0,0,0,0,0,0,0,0,0,0,14,0,0,0,8,0,0,0,0,0,0,0,0,109,0,0,0,0,0,0,0,5367,0,0,22,0,0,0,0,0,0,0,0,0,0,0,0,0,0,0,0,0,0,0,30429319,0,,0,0,0,0,0,0,22,0,10813,0,0,0,0,0,0,0,0,31373911,0,0,0,0/RP0/CPU0

2020-02-02 20:23:14.337000+00:00,leaf8,sg2,obt-collector1,0,364183,0,0,0,0,0,0,0,0,0,0,0,0,0,0,0,0,0,0,4450,0,0,0,0,367879,0,0,0,252,0,0,0,359481,0,0,5047,0,599362,548297,0,287735,0,548039,600628,0,306900,0,2854,11657,0,13,0,0,0,0,2208902,0,,0,0,0,0,0,0,10873,0,731349,0,0,0,0,310471,0,0,0,4358897,0,10863,0,0/0/CPU0

2020-02-02 20:23:14.341000+00:00,leaf8,sg2,obt-collector1,0,5367,0,0,0,0,0,0,0,0,0,0,14,0,0,0,8,0,0,0,0,0,0,0,0,109,0,0,0,0,0,0,0,5367,0,0,22,0,0,0,0,0,0,0,0,0,0,0,0,0,0,0,0,0,0,0,30429399,0,,0,0,0,0,0,0,22,0,10813,0,0,0,0,0,0,0,0,31373969,0,0,0,0/RP0/CPU0

2020-02-02 20:23:24.348000+00:00,leaf8,sg2,obt-collector1,0,364183,0,0,0,0,0,0,0,0,0,0,0,0,0,0,0,0,0,0,4450,0,0,0,0,367879,0,0,0,252,0,0,0,359481,0,0,5047,0,599363,548299,0,287736,0,548041,600629,0,306901,0,2854,11657,0,13,0,0,0,0,2208906,0,,0,0,0,0,0,0,10873,0,731349,0,0,0,0,310472,0,0,0,4358911,0,10863,0,0/0/CPU0

2020-02-02 20:23:24.354000+00:00,leaf8,sg2,obt-collector1,0,5367,0,0,0,0,0,0,0,0,0,0,14,0,0,0,8,0,0,0,0,0,0,0,0,109,0,0,0,0,0,0,0,5367,0,0,22,0,0,0,0,0,0,0,0,0,0,0,0,0,0,0,0,0,0,0,30429473,0,,0,0,0,0,0,0,22,0,10813,0,0,0,0,0,0,0,0,31374021,0,0,0,0/RP0/CPU0

2020-02-02 20:23:34.364000+00:00,leaf8,sg2,obt-collector1,0,364183,0,0,0,0,0,0,0,0,0,0,0,0,0,0,0,0,0,0,4450,0,0,0,0,367879,0,0,0,252,0,0,0,359481,0,0,5047,0,599363,548302,0,287738,0,548044,600629,0,306901,0,2854,11657,0,13,0,0,0,0,2208909,0,,0,0,0,0,0,0,10873,0,731349,0,0,0,0,310474,0,0,0,4358928,0,10863,0,0/0/CPU0

2020-02-02 20:23:34.368000+00:00,leaf8,sg2,obt-collector1,0,5367,0,0,0,0,0,0,0,0,0,0,14,0,0,0,8,0,0,0,0,0,0,0,0,109,0,0,0,0,0,0,0,5367,0,0,22,0,0,0,0,0,0,0,0,0,0,0,0,0,0,0,0,0,0,0,30429547,0,,0,0,0,0,0,0,22,0,10813,0,0,0,0,0,0,0,0,31374073,0,0,0,0/RP0/CPU0

2020-02-02 20:23:44.377000+00:00,leaf8,sg2,obt-collector1,0,364183,0,0,0,0,0,0,0,0,0,0,0,0,0,0,0,0,0,0,4450,0,0,0,0,367879,0,0,0,252,0,0,0,359481,0,0,5048,0,599366,548304,0,287741,0,548046,600632,0,306903,0,2854,11657,0,13,0,0,0,0,2208917,0,,0,0,0,0,0,0,10874,0,731349,0,0,0,0,310478,0,0,0,4358947,0,10864,0,0/0/CPU0

2020-02-02 20:23:44.390000+00:00,leaf8,sg2,obt-collector1,0,5367,0,0,0,0,0,0,0,0,0,0,14,0,0,0,8,0,0,0,0,0,0,0,0,109,0,0,0,0,0,0,0,5367,0,0,22,0,0,0,0,0,0,0,0,0,0,0,0,0,0,0,0,0,0,0,30429627,0,,0,0,0,0,0,0,22,0,10813,0,0,0,0,0,0,0,0,31374132,0,0,0,0/RP0/CPU0

2020-02-02 20:23:54.399000+00:00,leaf8,sg2,obt-collector1,0,364183,0,0,0,0,0,0,0,0,0,0,0,0,0,0,0,0,0,0,4450,0,0,0,0,367879,0,0,0,252,0,0,0,359481,0,0,5048,0,599369,548305,0,287742,0,548047,600635,0,306903,0,2854,11657,0,13,0,0,0,0,2208921,0,,0,0,0,0,0,0,10874,0,731349,0,0,0,0,310479,0,0,0,4358962,0,10864,0,0/0/CPU0

2020-02-02 20:23:54.401000+00:00,leaf8,sg2,obt-collector1,0,5367,0,0,0,0,0,0,0,0,0,0,14,0,0,0,8,0,0,0,0,0,0,0,0,109,0,0,0,0,0,0,0,5367,0,0,22,0,0,0,0,0,0,0,0,0,0,0,0,0,0,0,0,0,0,0,30429701,0,,0,0,0,0,0,0,22,0,10813,0,0,0,0,0,0,0,0,31374184,0,0,0,0/RP0/CPU0

2020-02-02 20:24:04.409000+00:00,leaf8,sg2,obt-collector1,0,364183,0,0,0,0,0,0,0,0,0,0,0,0,0,0,0,0,0,0,4450,0,0,0,0,367879,0,0,0,252,0,0,0,359481,0,0,5048,0,599371,548306,0,287742,0,548048,600637,0,306903,0,2854,11657,0,13,0,0,0,0,2208924,0,,0,0,0,0,0,0,10874,0,731349,0,0,0,0,310479,0,0,0,4358977,0,10864,0,0/0/CPU0

2020-02-02 20:24:04.417000+00:00,leaf8,sg2,obt-collector1,0,5368,0,0,0,0,0,0,0,0,0,0,14,0,0,0,8,0,0,0,0,0,0,0,0,109,0,0,0,0,0,0,0,5368,0,0,22,0,0,0,0,0,0,0,0,0,0,0,0,0,0,0,0,0,0,0,30429777,0,,0,0,0,0,0,0,22,0,10815,0,0,0,0,0,0,0,0,31374236,0,0,0,0/RP0/CPU0

2020-02-02 20:24:14.434000+00:00,leaf8,sg2,obt-collector1,0,364183,0,0,0,0,0,0,0,0,0,0,0,0,0,0,0,0,0,0,4450,0,0,0,0,367879,0,0,0,252,0,0,0,359481,0,0,5048,0,599374,548307,0,287743,0,548049,600640,0,306905,0,2854,11657,0,13,0,0,0,0,2208930,0,,0,0,0,0,0,0,10874,0,731349,0,0,0,0,310480,0,0,0,4358992,0,10864,0,0/0/CPU0

2020-02-02 20:24:14.436000+00:00,leaf8,sg2,obt-collector1,0,5368,0,0,0,0,0,0,0,0,0,0,14,0,0,0,8,0,0,0,0,0,0,0,0,109,0,0,0,0,0,0,0,5368,0,0,22,0,0,0,0,0,0,0,0,0,0,0,0,0,0,0,0,0,0,0,30429853,0,,0,0,0,0,0,0,22,0,10815,0,0,0,0,0,0,0,0,31374290,0,0,0,0/RP0/CPU0

2020-02-02 20:24:24.452000+00:00,leaf8,sg2,obt-collector1,0,364183,0,0,0,0,0,0,0,0,0,0,0,0,0,0,0,0,0,0,4450,0,0,0,0,367879,0,0,0,252,0,0,0,359481,0,0,5050,0,599376,548308,0,287743,0,548049,600643,0,306906,0,2854,11659,0,13,0,0,0,0,2208937,0,,0,0,0,0,0,0,10877,0,731349,0,0,0,0,310484,0,0,0,4359010,0,10867,0,0/0/CPU0

2020-02-02 20:24:24.455000+00:00,leaf8,sg2,obt-collector1,0,5368,0,0,0,0,0,0,0,0,0,0,14,0,0,0,8,0,0,0,0,0,0,0,0,109,0,0,0,0,0,0,0,5368,0,0,22,0,0,0,0,0,0,0,0,0,0,0,0,0,0,0,0,0,0,0,30429928,0,,0,0,0,0,0,0,22,0,10815,0,0,0,0,0,0,0,0,31374376,0,0,0,0/RP0/CPU0

2020-02-02 20:24:34.465000+00:00,leaf8,sg2,obt-collector1,0,364183,0,0,0,0,0,0,0,0,0,0,0,0,0,0,0,0,0,0,4450,0,0,0,0,367879,0,0,0,252,0,0,0,359481,0,0,5050,0,599376,548312,0,287744,0,548053,600643,0,306906,0,2854,11659,0,13,0,0,0,0,2208941,0,,0,0,0,0,0,0,10877,0,731349,0,0,0,0,310485,0,0,0,4359025,0,10867,0,0/0/CPU0

2020-02-02 20:24:34.471000+00:00,leaf8,sg2,obt-collector1,0,5368,0,0,0,0,0,0,0,0,0,0,14,0,0,0,8,0,0,0,0,0,0,0,0,109,0,0,0,0,0,0,0,5368,0,0,22,0,0,0,0,0,0,0,0,0,0,0,0,0,0,0,0,0,0,0,30429984,0,,0,0,0,0,0,0,22,0,10815,0,0,0,0,0,0,0,0,31374452,0,0,0,0/RP0/CPU0

2020-02-02 20:24:44.494000+00:00,leaf8,sg2,obt-collector1,0,364183,0,0,0,0,0,0,0,0,0,0,0,0,0,0,0,0,0,0,4450,0,0,0,0,367879,0,0,0,252,0,0,0,359481,0,0,5050,0,599378,548315,0,287744,0,548056,600645,0,306909,0,2854,11659,0,13,0,0,0,0,2208949,0,,0,0,0,0,0,0,10877,0,731349,0,0,0,0,310485,0,0,0,4359042,0,10867,0,0/0/CPU0

2020-02-02 20:24:44.497000+00:00,leaf8,sg2,obt-collector1,0,5368,0,0,0,0,0,0,0,0,0,0,14,0,0,0,8,0,0,0,0,0,0,0,0,109,0,0,0,0,0,0,0,5368,0,0,22,0,0,0,0,0,0,0,0,0,0,0,0,0,0,0,0,0,0,0,30430046,0,,0,0,0,0,0,0,22,0,10815,0,0,0,0,0,0,0,0,31374528,0,0,0,0/RP0/CPU0

2020-02-02 20:24:54.505000+00:00,leaf8,sg2,obt-collector1,0,364183,0,0,0,0,0,0,0,0,0,0,0,0,0,0,0,0,0,0,4450,0,0,0,0,367879,0,0,0,252,0,0,0,359481,0,0,5050,0,599382,548318,0,287745,0,548059,600649,0,306909,0,2854,11659,0,13,0,0,0,0,2208956,0,,0,0,0,0,0,0,10877,0,731349,0,0,0,0,310486,0,0,0,4359060,0,10867,0,0/0/CPU0

2020-02-02 20:24:54.508000+00:00,leaf8,sg2,obt-collector1,0,5368,0,0,0,0,0,0,0,0,0,0,14,0,0,0,8,0,0,0,0,0,0,0,0,109,0,0,0,0,0,0,0,5368,0,0,22,0,0,0,0,0,0,0,0,0,0,0,0,0,0,0,0,0,0,0,30430105,0,,0,0,0,0,0,0,22,0,10815,0,0,0,0,0,0,0,0,31374608,0,0,0,0/RP0/CPU0

2020-02-02 20:25:04.534000+00:00,leaf8,sg2,obt-collector1,0,364183,0,0,0,0,0,0,0,0,0,0,0,0,0,0,0,0,0,0,4450,0,0,0,0,367879,0,0,0,252,0,0,0,359481,0,0,5050,0,599384,548321,0,287745,0,548062,600651,0,306911,0,2854,11659,0,13,0,0,0,0,2208963,0,,0,0,0,0,0,0,10877,0,731349,0,0,0,0,310486,0,0,0,4359077,0,10867,0,0/0/CPU0

2020-02-02 20:25:04.538000+00:00,leaf8,sg2,obt-collector1,0,5369,0,0,0,0,0,0,0,0,0,0,14,0,0,0,8,0,0,0,0,0,0,0,0,109,0,0,0,0,0,0,0,5369,0,0,22,0,0,0,0,0,0,0,0,0,0,0,0,0,0,0,0,0,0,0,30430164,0,,0,0,0,0,0,0,22,0,10817,0,0,0,0,0,0,0,0,31374684,0,0,0,0/RP0/CPU0

2020-02-02 20:25:14.545000+00:00,leaf8,sg2,obt-collector1,0,364183,0,0,0,0,0,0,0,0,0,0,0,0,0,0,0,0,0,0,4450,0,0,0,0,367879,0,0,0,252,0,0,0,359481,0,0,5050,0,599386,548325,0,287746,0,548066,600653,0,306913,0,2854,11659,0,13,0,0,0,0,2208971,0,,0,0,0,0,0,0,10877,0,731349,0,0,0,0,310487,0,0,0,4359094,0,10867,0,0/0/CPU0

2020-02-02 20:25:14.549000+00:00,leaf8,sg2,obt-collector1,0,5369,0,0,0,0,0,0,0,0,0,0,14,0,0,0,8,0,0,0,0,0,0,0,0,109,0,0,0,0,0,0,0,5369,0,0,22,0,0,0,0,0,0,0,0,0,0,0,0,0,0,0,0,0,0,0,30430226,0,,0,0,0,0,0,0,22,0,10817,0,0,0,0,0,0,0,0,31374761,0,0,0,0/RP0/CPU0

2020-02-02 20:25:24.556000+00:00,leaf8,sg2,obt-collector1,0,364183,0,0,0,0,0,0,0,0,0,0,0,0,0,0,0,0,0,0,4450,0,0,0,0,367879,0,0,0,252,0,0,0,359481,0,0,5050,0,599389,548326,0,287746,0,548067,600656,0,306914,0,2854,11659,0,13,0,0,0,0,2208976,0,,0,0,0,0,0,0,10877,0,731349,0,0,0,0,310487,0,0,0,4359110,0,10867,0,0/0/CPU0

2020-02-02 20:25:24.557000+00:00,leaf8,sg2,obt-collector1,0,5369,0,0,0,0,0,0,0,0,0,0,14,0,0,0,8,0,0,0,0,0,0,0,0,109,0,0,0,0,0,0,0,5369,0,0,22,0,0,0,0,0,0,0,0,0,0,0,0,0,0,0,0,0,0,0,30430285,0,,0,0,0,0,0,0,22,0,10817,0,0,0,0,0,0,0,0,31374840,0,0,0,0/RP0/CPU0

2020-02-02 20:25:34.567000+00:00,leaf8,sg2,obt-collector1,0,364183,0,0,0,0,0,0,0,0,0,0,0,0,0,0,0,0,0,0,4450,0,0,0,0,367879,0,0,0,252,0,0,0,359481,0,0,5050,0,599393,548329,0,287748,0,548070,600660,0,306915,0,2854,11659,0,13,0,0,0,0,2208984,0,,0,0,0,0,0,0,10877,0,731349,0,0,0,0,310489,0,0,0,4359129,0,10867,0,0/0/CPU0

2020-02-02 20:25:34.569000+00:00,leaf8,sg2,obt-collector1,0,5369,0,0,0,0,0,0,0,0,0,0,14,0,0,0,8,0,0,0,0,0,0,0,0,109,0,0,0,0,0,0,0,5369,0,0,22,0,0,0,0,0,0,0,0,0,0,0,0,0,0,0,0,0,0,0,30430341,0,,0,0,0,0,0,0,22,0,10817,0,0,0,0,0,0,0,0,31374916,0,0,0,0/RP0/CPU0

2020-02-02 20:25:44.578000+00:00,leaf8,sg2,obt-collector1,0,364183,0,0,0,0,0,0,0,0,0,0,0,0,0,0,0,0,0,0,4450,0,0,0,0,367879,0,0,0,252,0,0,0,359481,0,0,5050,0,599397,548330,0,287752,0,548071,600664,0,306916,0,2854,11659,0,13,0,0,0,0,2208990,0,,0,0,0,0,0,0,10877,0,731349,0,0,0,0,310493,0,0,0,4359148,0,10867,0,0/0/CPU0

2020-02-02 20:25:44.580000+00:00,leaf8,sg2,obt-collector1,0,5369,0,0,0,0,0,0,0,0,0,0,14,0,0,0,8,0,0,0,0,0,0,0,0,109,0,0,0,0,0,0,0,5369,0,0,22,0,0,0,0,0,0,0,0,0,0,0,0,0,0,0,0,0,0,0,30430407,0,,0,0,0,0,0,0,22,0,10817,0,0,0,0,0,0,0,0,31374995,0,0,0,0/RP0/CPU0

2020-02-02 20:25:54.586000+00:00,leaf8,sg2,obt-collector1,0,364183,0,0,0,0,0,0,0,0,0,0,0,0,0,0,0,0,0,0,4450,0,0,0,0,367879,0,0,0,252,0,0,0,359481,0,0,5050,0,599397,548332,0,287753,0,548073,600664,0,306916,0,2854,11659,0,13,0,0,0,0,2208992,0,,0,0,0,0,0,0,10877,0,731349,0,0,0,0,310494,0,0,0,4359163,0,10867,0,0/0/CPU0

2020-02-02 20:25:54.588000+00:00,leaf8,sg2,obt-collector1,0,5369,0,0,0,0,0,0,0,0,0,0,14,0,0,0,8,0,0,0,0,0,0,0,0,109,0,0,0,0,0,0,0,5369,0,0,22,0,0,0,0,0,0,0,0,0,0,0,0,0,0,0,0,0,0,0,30430464,0,,0,0,0,0,0,0,22,0,10817,0,0,0,0,0,0,0,0,31375073,0,0,0,0/RP0/CPU0

2020-02-02 20:26:04.596000+00:00,leaf8,sg2,obt-collector1,0,364183,0,0,0,0,0,0,0,0,0,0,0,0,0,0,0,0,0,0,4450,0,0,0,0,367879,0,0,0,252,0,0,0,359481,0,0,5050,0,599402,548333,0,287754,0,548074,600669,0,306917,0,2854,11659,0,13,0,0,0,0,2208999,0,,0,0,0,0,0,0,10877,0,731349,0,0,0,0,310495,0,0,0,4359180,0,10867,0,0/0/CPU0

2020-02-02 20:26:04.602000+00:00,leaf8,sg2,obt-collector1,0,5370,0,0,0,0,0,0,0,0,0,0,14,0,0,0,8,0,0,0,0,0,0,0,0,109,0,0,0,0,0,0,0,5370,0,0,22,0,0,0,0,0,0,0,0,0,0,0,0,0,0,0,0,0,0,0,30430522,0,,0,0,0,0,0,0,22,0,10819,0,0,0,0,0,0,0,0,31375149,0,0,0,0/RP0/CPU0

2020-02-02 20:26:14.608000+00:00,leaf8,sg2,obt-collector1,0,364183,0,0,0,0,0,0,0,0,0,0,0,0,0,0,0,0,0,0,4450,0,0,0,0,367879,0,0,0,252,0,0,0,359481,0,0,5050,0,599402,548334,0,287755,0,548075,600669,0,306917,0,2854,11659,0,13,0,0,0,0,2209000,0,,0,0,0,0,0,0,10877,0,731349,0,0,0,0,310496,0,0,0,4359194,0,10867,0,0/0/CPU0

2020-02-02 20:26:14.610000+00:00,leaf8,sg2,obt-collector1,0,5370,0,0,0,0,0,0,0,0,0,0,14,0,0,0,8,0,0,0,0,0,0,0,0,109,0,0,0,0,0,0,0,5370,0,0,22,0,0,0,0,0,0,0,0,0,0,0,0,0,0,0,0,0,0,0,30430586,0,,0,0,0,0,0,0,22,0,10819,0,0,0,0,0,0,0,0,31375227,0,0,0,0/RP0/CPU0

2020-02-02 20:26:24.621000+00:00,leaf8,sg2,obt-collector1,0,364183,0,0,0,0,0,0,0,0,0,0,0,0,0,0,0,0,0,0,4450,0,0,0,0,367879,0,0,0,252,0,0,0,359481,0,0,5050,0,599403,548335,0,287757,0,548076,600670,0,306918,0,2854,11659,0,13,0,0,0,0,2209003,0,,0,0,0,0,0,0,10877,0,731349,0,0,0,0,310498,0,0,0,4359208,0,10867,0,0/0/CPU0

2020-02-02 20:26:24.624000+00:00,leaf8,sg2,obt-collector1,0,5370,0,0,0,0,0,0,0,0,0,0,14,0,0,0,8,0,0,0,0,0,0,0,0,109,0,0,0,0,0,0,0,5370,0,0,22,0,0,0,0,0,0,0,0,0,0,0,0,0,0,0,0,0,0,0,30430645,0,,0,0,0,0,0,0,22,0,10819,0,0,0,0,0,0,0,0,31375306,0,0,0,0/RP0/CPU0

2020-02-02 20:26:34.634000+00:00,leaf8,sg2,obt-collector1,0,364183,0,0,0,0,0,0,0,0,0,0,0,0,0,0,0,0,0,0,4450,0,0,0,0,367879,0,0,0,252,0,0,0,359481,0,0,5051,0,599405,548340,0,287759,0,548081,600672,0,306922,0,2855,11663,0,13,0,0,0,0,2209017,0,,0,0,0,0,0,0,10880,0,731350,0,0,0,0,310507,0,0,0,4359232,0,10870,0,0/0/CPU0

2020-02-02 20:26:34.637000+00:00,leaf8,sg2,obt-collector1,0,5370,0,0,0,0,0,0,0,0,0,0,14,0,0,0,8,0,0,0,0,0,0,0,0,109,0,0,0,0,0,0,0,5370,0,0,22,0,0,0,0,0,0,0,0,0,0,0,0,0,0,0,0,0,0,0,30430743,0,,0,0,0,0,0,0,22,0,10819,0,0,0,0,0,0,0,0,31375410,0,0,0,0/RP0/CPU0

2020-02-02 20:26:44.644000+00:00,leaf8,sg2,obt-collector1,0,364183,0,0,0,0,0,0,0,0,0,0,0,0,0,0,0,0,0,0,4450,0,0,0,0,367879,0,0,0,252,0,0,0,359481,0,0,5051,0,599408,548342,0,287761,0,548083,600675,0,306923,0,2855,11663,0,13,0,0,0,0,2209023,0,,0,0,0,0,0,0,10880,0,731350,0,0,0,0,310509,0,0,0,4359249,0,10870,0,0/0/CPU0

2020-02-02 20:26:44.646000+00:00,leaf8,sg2,obt-collector1,0,5374,0,0,0,0,0,0,0,0,0,0,14,0,0,0,8,0,0,0,0,0,0,0,0,109,0,0,0,0,0,0,0,5374,0,0,22,0,0,0,0,0,0,0,0,0,0,0,0,0,0,0,0,0,0,0,30430839,0,,0,0,0,0,0,0,22,0,10827,0,0,0,0,0,0,0,0,31375488,0,0,0,0/RP0/CPU0

2020-02-02 20:26:54.652000+00:00,leaf8,sg2,obt-collector1,0,364183,0,0,0,0,0,0,0,0,0,0,0,0,0,0,0,0,0,0,4450,0,0,0,0,367879,0,0,0,252,0,0,0,359481,0,0,5052,0,599412,548346,0,287762,0,548086,600680,0,306924,0,2855,11665,0,13,0,0,0,0,2209034,0,,0,0,0,0,0,0,10882,0,731350,0,0,0,0,310513,0,0,0,4359272,0,10872,0,0/0/CPU0

2020-02-02 20:26:54.655000+00:00,leaf8,sg2,obt-collector1,0,5375,0,0,0,0,0,0,0,0,0,0,14,0,0,0,8,0,0,0,0,0,0,0,0,109,0,0,0,0,0,0,0,5375,0,0,22,0,0,0,0,0,0,0,0,0,0,0,0,0,0,0,0,0,0,0,30430924,0,,0,0,0,0,0,0,22,0,10829,0,0,0,0,0,0,0,0,31375563,0,0,0,0/RP0/CPU0

2020-02-02 20:27:04.661000+00:00,leaf8,sg2,obt-collector1,0,364183,0,0,0,0,0,0,0,0,0,0,0,0,0,0,0,0,0,0,4450,0,0,0,0,367879,0,0,0,252,0,0,0,359481,0,0,5052,0,599415,548348,0,287765,0,548089,600682,0,306928,0,2856,11667,0,13,0,0,0,0,2209044,0,,0,0,0,0,0,0,10883,0,731351,0,0,0,0,310520,0,0,0,4359291,0,10873,0,0/0/CPU0

2020-02-02 20:27:04.663000+00:00,leaf8,sg2,obt-collector1,0,5375,0,0,0,0,0,0,0,0,0,0,14,0,0,0,8,0,0,0,0,0,0,0,0,109,0,0,0,0,0,0,0,5375,0,0,22,0,0,0,0,0,0,0,0,0,0,0,0,0,0,0,0,0,0,0,30431010,0,,0,0,0,0,0,0,22,0,10829,0,0,0,0,0,0,0,0,31375641,0,0,0,0/RP0/CPU0

2020-02-02 20:27:14.676000+00:00,leaf8,sg2,obt-collector1,0,364183,0,0,0,0,0,0,0,0,0,0,0,0,0,0,0,0,0,0,4450,0,0,0,0,367879,0,0,0,252,0,0,0,359481,0,0,5052,0,599419,548349,0,287765,0,548090,600686,0,306928,0,2856,11667,0,13,0,0,0,0,2209049,0,,0,0,0,0,0,0,10883,0,731351,0,0,0,0,310520,0,0,0,4359306,0,10873,0,0/0/CPU0

2020-02-02 20:27:14.678000+00:00,leaf8,sg2,obt-collector1,0,5375,0,0,0,0,0,0,0,0,0,0,14,0,0,0,8,0,0,0,0,0,0,0,0,109,0,0,0,0,0,0,0,5375,0,0,22,0,0,0,0,0,0,0,0,0,0,0,0,0,0,0,0,0,0,0,30431100,0,,0,0,0,0,0,0,22,0,10829,0,0,0,0,0,0,0,0,31375723,0,0,0,0/RP0/CPU0

2020-02-02 20:27:24.685000+00:00,leaf8,sg2,obt-collector1,0,364183,0,0,0,0,0,0,0,0,0,0,0,0,0,0,0,0,0,0,4450,0,0,0,0,367879,0,0,0,252,0,0,0,359481,0,0,5052,0,599420,548349,0,287765,0,548090,600687,0,306929,0,2856,11667,0,13,0,0,0,0,2209051,0,,0,0,0,0,0,0,10883,0,731351,0,0,0,0,310520,0,0,0,4359319,0,10873,0,0/0/CPU0

2020-02-02 20:27:24.689000+00:00,leaf8,sg2,obt-collector1,0,5375,0,0,0,0,0,0,0,0,0,0,14,0,0,0,8,0,0,0,0,0,0,0,0,109,0,0,0,0,0,0,0,5375,0,0,22,0,0,0,0,0,0,0,0,0,0,0,0,0,0,0,0,0,0,0,30431181,0,,0,0,0,0,0,0,22,0,10829,0,0,0,0,0,0,0,0,31375797,0,0,0,0/RP0/CPU0

2020-02-02 20:27:34.696000+00:00,leaf8,sg2,obt-collector1,0,364183,0,0,0,0,0,0,0,0,0,0,0,0,0,0,0,0,0,0,4450,0,0,0,0,367879,0,0,0,252,0,0,0,359481,0,0,5052,0,599420,548353,0,287766,0,548094,600687,0,306930,0,2856,11667,0,13,0,0,0,0,2209056,0,,0,0,0,0,0,0,10883,0,731351,0,0,0,0,310521,0,0,0,4359336,0,10873,0,0/0/CPU0

2020-02-02 20:27:34.698000+00:00,leaf8,sg2,obt-collector1,0,5375,0,0,0,0,0,0,0,0,0,0,14,0,0,0,8,0,0,0,0,0,0,0,0,109,0,0,0,0,0,0,0,5375,0,0,22,0,0,0,0,0,0,0,0,0,0,0,0,0,0,0,0,0,0,0,30431265,0,,0,0,0,0,0,0,22,0,10829,0,0,0,0,0,0,0,0,31375873,0,0,0,0/RP0/CPU0

2020-02-02 20:27:44.703000+00:00,leaf8,sg2,obt-collector1,0,364183,0,0,0,0,0,0,0,0,0,0,0,0,0,0,0,0,0,0,4450,0,0,0,0,367879,0,0,0,252,0,0,0,359481,0,0,5052,0,599422,548355,0,287767,0,548096,600689,0,306933,0,2856,11667,0,13,0,0,0,0,2209063,0,,0,0,0,0,0,0,10883,0,731351,0,0,0,0,310522,0,0,0,4359351,0,10873,0,0/0/CPU0

2020-02-02 20:27:44.706000+00:00,leaf8,sg2,obt-collector1,0,5375,0,0,0,0,0,0,0,0,0,0,14,0,0,0,8,0,0,0,0,0,0,0,0,109,0,0,0,0,0,0,0,5375,0,0,22,0,0,0,0,0,0,0,0,0,0,0,0,0,0,0,0,0,0,0,30431355,0,,0,0,0,0,0,0,22,0,10829,0,0,0,0,0,0,0,0,31375955,0,0,0,0/RP0/CPU0

2020-02-02 20:27:54.715000+00:00,leaf8,sg2,obt-collector1,0,364183,0,0,0,0,0,0,0,0,0,0,0,0,0,0,0,0,0,0,4450,0,0,0,0,367879,0,0,0,252,0,0,0,359481,0,0,5052,0,599426,548359,0,287767,0,548100,600693,0,306934,0,2856,11667,0,13,0,0,0,0,2209072,0,,0,0,0,0,0,0,10883,0,731351,0,0,0,0,310522,0,0,0,4359369,0,10873,0,0/0/CPU0

2020-02-02 20:27:54.717000+00:00,leaf8,sg2,obt-collector1,0,5375,0,0,0,0,0,0,0,0,0,0,14,0,0,0,8,0,0,0,0,0,0,0,0,109,0,0,0,0,0,0,0,5375,0,0,22,0,0,0,0,0,0,0,0,0,0,0,0,0,0,0,0,0,0,0,30431437,0,,0,0,0,0,0,0,22,0,10829,0,0,0,0,0,0,0,0,31376029,0,0,0,0/RP0/CPU0

2020-02-02 20:28:04.724000+00:00,leaf8,sg2,obt-collector1,0,364183,0,0,0,0,0,0,0,0,0,0,0,0,0,0,0,0,0,0,4450,0,0,0,0,367879,0,0,0,252,0,0,0,359481,0,0,5052,0,599427,548362,0,287768,0,548103,600694,0,306935,0,2856,11667,0,13,0,0,0,0,2209077,0,,0,0,0,0,0,0,10883,0,731351,0,0,0,0,310523,0,0,0,4359386,0,10873,0,0/0/CPU0

2020-02-02 20:28:04.726000+00:00,leaf8,sg2,obt-collector1,0,5375,0,0,0,0,0,0,0,0,0,0,14,0,0,0,8,0,0,0,0,0,0,0,0,109,0,0,0,0,0,0,0,5375,0,0,22,0,0,0,0,0,0,0,0,0,0,0,0,0,0,0,0,0,0,0,30431537,0,,0,0,0,0,0,0,22,0,10829,0,0,0,0,0,0,0,0,31376121,0,0,0,0/RP0/CPU0

2020-02-02 20:28:14.739000+00:00,leaf8,sg2,obt-collector1,0,364183,0,0,0,0,0,0,0,0,0,0,0,0,0,0,0,0,0,0,4450,0,0,0,0,367879,0,0,0,252,0,0,0,359481,0,0,5052,0,599430,548366,0,287768,0,548107,600697,0,306937,0,2856,11667,0,13,0,0,0,0,2209086,0,,0,0,0,0,0,0,10883,0,731351,0,0,0,0,310523,0,0,0,4359405,0,10873,0,0/0/CPU0

2020-02-02 20:28:14.743000+00:00,leaf8,sg2,obt-collector1,0,5375,0,0,0,0,0,0,0,0,0,0,14,0,0,0,8,0,0,0,0,0,0,0,0,109,0,0,0,0,0,0,0,5375,0,0,22,0,0,0,0,0,0,0,0,0,0,0,0,0,0,0,0,0,0,0,30431623,0,,0,0,0,0,0,0,22,0,10829,0,0,0,0,0,0,0,0,31376199,0,0,0,0/RP0/CPU0

2020-02-02 20:28:24.749000+00:00,leaf8,sg2,obt-collector1,0,364183,0,0,0,0,0,0,0,0,0,0,0,0,0,0,0,0,0,0,4450,0,0,0,0,367879,0,0,0,252,0,0,0,359481,0,0,5052,0,599434,548368,0,287769,0,548109,600701,0,306938,0,2856,11667,0,13,0,0,0,0,2209093,0,,0,0,0,0,0,0,10883,0,731351,0,0,0,0,310524,0,0,0,4359422,0,10873,0,0/0/CPU0

2020-02-02 20:28:24.752000+00:00,leaf8,sg2,obt-collector1,0,5375,0,0,0,0,0,0,0,0,0,0,14,0,0,0,8,0,0,0,0,0,0,0,0,109,0,0,0,0,0,0,0,5375,0,0,22,0,0,0,0,0,0,0,0,0,0,0,0,0,0,0,0,0,0,0,30431706,0,,0,0,0,0,0,0,22,0,10829,0,0,0,0,0,0,0,0,31376275,0,0,0,0/RP0/CPU0

2020-02-02 20:28:34.757000+00:00,leaf8,sg2,obt-collector1,0,364183,0,0,0,0,0,0,0,0,0,0,0,0,0,0,0,0,0,0,4450,0,0,0,0,367879,0,0,0,252,0,0,0,359481,0,0,5052,0,599436,548369,0,287773,0,548110,600703,0,306940,0,2856,11667,0,13,0,0,0,0,2209098,0,,0,0,0,0,0,0,10883,0,731351,0,0,0,0,310528,0,0,0,4359441,0,10873,0,0/0/CPU0

2020-02-02 20:28:34.760000+00:00,leaf8,sg2,obt-collector1,0,5375,0,0,0,0,0,0,0,0,0,0,14,0,0,0,8,0,0,0,0,0,0,0,0,109,0,0,0,0,0,0,0,5375,0,0,22,0,0,0,0,0,0,0,0,0,0,0,0,0,0,0,0,0,0,0,30431787,0,,0,0,0,0,0,0,22,0,10829,0,0,0,0,0,0,0,0,31376348,0,0,0,0/RP0/CPU0

2020-02-02 20:28:44.768000+00:00,leaf8,sg2,obt-collector1,0,364183,0,0,0,0,0,0,0,0,0,0,0,0,0,0,0,0,0,0,4450,0,0,0,0,367879,0,0,0,252,0,0,0,359481,0,0,5052,0,599441,548372,0,287774,0,548113,600708,0,306940,0,2856,11667,0,13,0,0,0,0,2209106,0,,0,0,0,0,0,0,10883,0,731351,0,0,0,0,310529,0,0,0,4359460,0,10873,0,0/0/CPU0

2020-02-02 20:28:44.770000+00:00,leaf8,sg2,obt-collector1,0,5375,0,0,0,0,0,0,0,0,0,0,14,0,0,0,8,0,0,0,0,0,0,0,0,109,0,0,0,0,0,0,0,5375,0,0,22,0,0,0,0,0,0,0,0,0,0,0,0,0,0,0,0,0,0,0,30431873,0,,0,0,0,0,0,0,22,0,10829,0,0,0,0,0,0,0,0,31376427,0,0,0,0/RP0/CPU0

2020-02-02 20:28:54.779000+00:00,leaf8,sg2,obt-collector1,0,364183,0,0,0,0,0,0,0,0,0,0,0,0,0,0,0,0,0,0,4450,0,0,0,0,367879,0,0,0,252,0,0,0,359481,0,0,5053,0,599441,548374,0,287775,0,548115,600708,0,306940,0,2856,11667,0,13,0,0,0,0,2209109,0,,0,0,0,0,0,0,10884,0,731351,0,0,0,0,310531,0,0,0,4359476,0,10874,0,0/0/CPU0

2020-02-02 20:28:54.784000+00:00,leaf8,sg2,obt-collector1,0,5375,0,0,0,0,0,0,0,0,0,0,14,0,0,0,8,0,0,0,0,0,0,0,0,109,0,0,0,0,0,0,0,5375,0,0,22,0,0,0,0,0,0,0,0,0,0,0,0,0,0,0,0,0,0,0,30431954,0,,0,0,0,0,0,0,22,0,10829,0,0,0,0,0,0,0,0,31376500,0,0,0,0/RP0/CPU0

2020-02-02 20:29:04.793000+00:00,leaf8,sg2,obt-collector1,0,364183,0,0,0,0,0,0,0,0,0,0,0,0,0,0,0,0,0,0,4450,0,0,0,0,367879,0,0,0,252,0,0,0,359481,0,0,5053,0,599445,548376,0,287775,0,548117,600712,0,306940,0,2856,11667,0,13,0,0,0,0,2209115,0,,0,0,0,0,0,0,10884,0,731351,0,0,0,0,310531,0,0,0,4359492,0,10874,0,0/0/CPU0

2020-02-02 20:29:04.796000+00:00,leaf8,sg2,obt-collector1,0,5375,0,0,0,0,0,0,0,0,0,0,14,0,0,0,8,0,0,0,0,0,0,0,0,109,0,0,0,0,0,0,0,5375,0,0,22,0,0,0,0,0,0,0,0,0,0,0,0,0,0,0,0,0,0,0,30432038,0,,0,0,0,0,0,0,22,0,10829,0,0,0,0,0,0,0,0,31376580,0,0,0,0/RP0/CPU0

2020-02-02 20:29:14.806000+00:00,leaf8,sg2,obt-collector1,0,364183,0,0,0,0,0,0,0,0,0,0,0,0,0,0,0,0,0,0,4450,0,0,0,0,367879,0,0,0,252,0,0,0,359481,0,0,5053,0,599446,548377,0,287776,0,548118,600713,0,306942,0,2856,11667,0,13,0,0,0,0,2209119,0,,0,0,0,0,0,0,10884,0,731351,0,0,0,0,310532,0,0,0,4359507,0,10874,0,0/0/CPU0

2020-02-02 20:29:14.811000+00:00,leaf8,sg2,obt-collector1,0,5375,0,0,0,0,0,0,0,0,0,0,14,0,0,0,8,0,0,0,0,0,0,0,0,109,0,0,0,0,0,0,0,5375,0,0,22,0,0,0,0,0,0,0,0,0,0,0,0,0,0,0,0,0,0,0,30432124,0,,0,0,0,0,0,0,22,0,10829,0,0,0,0,0,0,0,0,31376663,0,0,0,0/RP0/CPU0

2020-02-02 20:29:24.819000+00:00,leaf8,sg2,obt-collector1,0,364183,0,0,0,0,0,0,0,0,0,0,0,0,0,0,0,0,0,0,4450,0,0,0,0,367879,0,0,0,252,0,0,0,359481,0,0,5053,0,599447,548377,0,287776,0,548118,600714,0,306943,0,2856,11667,0,13,0,0,0,0,2209121,0,,0,0,0,0,0,0,10884,0,731351,0,0,0,0,310532,0,0,0,4359518,0,10874,0,0/0/CPU0

2020-02-02 20:29:24.822000+00:00,leaf8,sg2,obt-collector1,0,5375,0,0,0,0,0,0,0,0,0,0,14,0,0,0,8,0,0,0,0,0,0,0,0,109,0,0,0,0,0,0,0,5375,0,0,22,0,0,0,0,0,0,0,0,0,0,0,0,0,0,0,0,0,0,0,30432206,0,,0,0,0,0,0,0,22,0,10829,0,0,0,0,0,0,0,0,31376737,0,0,0,0/RP0/CPU0

2020-02-02 20:29:34.828000+00:00,leaf8,sg2,obt-collector1,0,364183,0,0,0,0,0,0,0,0,0,0,0,0,0,0,0,0,0,0,4450,0,0,0,0,367879,0,0,0,252,0,0,0,359481,0,0,5053,0,599447,548380,0,287778,0,548121,600714,0,306944,0,2856,11667,0,13,0,0,0,0,2209125,0,,0,0,0,0,0,0,10884,0,731351,0,0,0,0,310534,0,0,0,4359535,0,10874,0,0/0/CPU0

2020-02-02 20:29:34.831000+00:00,leaf8,sg2,obt-collector1,0,5375,0,0,0,0,0,0,0,0,0,0,14,0,0,0,8,0,0,0,0,0,0,0,0,109,0,0,0,0,0,0,0,5375,0,0,22,0,0,0,0,0,0,0,0,0,0,0,0,0,0,0,0,0,0,0,30432292,0,,0,0,0,0,0,0,22,0,10829,0,0,0,0,0,0,0,0,31376815,0,0,0,0/RP0/CPU0

2020-02-02 20:29:44.839000+00:00,leaf8,sg2,obt-collector1,0,364183,0,0,0,0,0,0,0,0,0,0,0,0,0,0,0,0,0,0,4450,0,0,0,0,367879,0,0,0,252,0,0,0,359481,0,0,5053,0,599449,548382,0,287780,0,548123,600716,0,306944,0,2856,11667,0,13,0,0,0,0,2209129,0,,0,0,0,0,0,0,10884,0,731351,0,0,0,0,310536,0,0,0,4359551,0,10874,0,0/0/CPU0

2020-02-02 20:29:44.841000+00:00,leaf8,sg2,obt-collector1,0,5375,0,0,0,0,0,0,0,0,0,0,14,0,0,0,8,0,0,0,0,0,0,0,0,109,0,0,0,0,0,0,0,5375,0,0,22,0,0,0,0,0,0,0,0,0,0,0,0,0,0,0,0,0,0,0,30432381,0,,0,0,0,0,0,0,22,0,10829,0,0,0,0,0,0,0,0,31376893,0,0,0,0/RP0/CPU0

2020-02-02 20:29:54.852000+00:00,leaf8,sg2,obt-collector1,0,364183,0,0,0,0,0,0,0,0,0,0,0,0,0,0,0,0,0,0,4450,0,0,0,0,367879,0,0,0,252,0,0,0,359481,0,0,5053,0,599454,548384,0,287781,0,548125,600721,0,306946,0,2856,11667,0,13,0,0,0,0,2209138,0,,0,0,0,0,0,0,10884,0,731351,0,0,0,0,310537,0,0,0,4359571,0,10874,0,0/0/CPU0

2020-02-02 20:29:54.854000+00:00,leaf8,sg2,obt-collector1,0,5375,0,0,0,0,0,0,0,0,0,0,14,0,0,0,8,0,0,0,0,0,0,0,0,109,0,0,0,0,0,0,0,5375,0,0,22,0,0,0,0,0,0,0,0,0,0,0,0,0,0,0,0,0,0,0,30432462,0,,0,0,0,0,0,0,22,0,10829,0,0,0,0,0,0,0,0,31376967,0,0,0,0/RP0/CPU0

2020-02-02 20:30:04.863000+00:00,leaf8,sg2,obt-collector1,0,364183,0,0,0,0,0,0,0,0,0,0,0,0,0,0,0,0,0,0,4450,0,0,0,0,367879,0,0,0,252,0,0,0,359481,0,0,5053,0,599455,548385,0,287782,0,548126,600722,0,306948,0,2856,11667,0,13,0,0,0,0,2209142,0,,0,0,0,0,0,0,10884,0,731351,0,0,0,0,310538,0,0,0,4359584,0,10874,0,0/0/CPU0

2020-02-02 20:30:04.867000+00:00,leaf8,sg2,obt-collector1,0,5375,0,0,0,0,0,0,0,0,0,0,14,0,0,0,8,0,0,0,0,0,0,0,0,109,0,0,0,0,0,0,0,5375,0,0,22,0,0,0,0,0,0,0,0,0,0,0,0,0,0,0,0,0,0,0,30432555,0,,0,0,0,0,0,0,22,0,10829,0,0,0,0,0,0,0,0,31377052,0,0,0,0/RP0/CPU0

2020-02-02 20:30:14.880000+00:00,leaf8,sg2,obt-collector1,0,364183,0,0,0,0,0,0,0,0,0,0,0,0,0,0,0,0,0,0,4450,0,0,0,0,367879,0,0,0,252,0,0,0,359481,0,0,5053,0,599457,548386,0,287783,0,548127,600724,0,306948,0,2856,11667,0,13,0,0,0,0,2209145,0,,0,0,0,0,0,0,10884,0,731351,0,0,0,0,310539,0,0,0,4359600,0,10874,0,0/0/CPU0

2020-02-02 20:30:14.882000+00:00,leaf8,sg2,obt-collector1,0,5375,0,0,0,0,0,0,0,0,0,0,14,0,0,0,8,0,0,0,0,0,0,0,0,109,0,0,0,0,0,0,0,5375,0,0,22,0,0,0,0,0,0,0,0,0,0,0,0,0,0,0,0,0,0,0,30432639,0,,0,0,0,0,0,0,22,0,10829,0,0,0,0,0,0,0,0,31377128,0,0,0,0/RP0/CPU0

2020-02-02 20:30:24.888000+00:00,leaf8,sg2,obt-collector1,0,364183,0,0,0,0,0,0,0,0,0,0,0,0,0,0,0,0,0,0,4450,0,0,0,0,367879,0,0,0,252,0,0,0,359481,0,0,5053,0,599459,548386,0,287783,0,548127,600726,0,306950,0,2856,11667,0,13,0,0,0,0,2209149,0,,0,0,0,0,0,0,10884,0,731351,0,0,0,0,310539,0,0,0,4359612,0,10874,0,0/0/CPU0

2020-02-02 20:30:24.892000+00:00,leaf8,sg2,obt-collector1,0,5375,0,0,0,0,0,0,0,0,0,0,14,0,0,0,8,0,0,0,0,0,0,0,0,109,0,0,0,0,0,0,0,5375,0,0,22,0,0,0,0,0,0,0,0,0,0,0,0,0,0,0,0,0,0,0,30432721,0,,0,0,0,0,0,0,22,0,10829,0,0,0,0,0,0,0,0,31377202,0,0,0,0/RP0/CPU0

2020-02-02 20:30:34.901000+00:00,leaf8,sg2,obt-collector1,0,364183,0,0,0,0,0,0,0,0,0,0,0,0,0,0,0,0,0,0,4450,0,0,0,0,367879,0,0,0,252,0,0,0,359481,0,0,5053,0,599460,548388,0,287784,0,548129,600727,0,306952,0,2856,11667,0,13,0,0,0,0,2209154,0,,0,0,0,0,0,0,10884,0,731351,0,0,0,0,310540,0,0,0,4359628,0,10874,0,0/0/CPU0

2020-02-02 20:30:34.903000+00:00,leaf8,sg2,obt-collector1,0,5375,0,0,0,0,0,0,0,0,0,0,14,0,0,0,8,0,0,0,0,0,0,0,0,109,0,0,0,0,0,0,0,5375,0,0,22,0,0,0,0,0,0,0,0,0,0,0,0,0,0,0,0,0,0,0,30432806,0,,0,0,0,0,0,0,22,0,10829,0,0,0,0,0,0,0,0,31377279,0,0,0,0/RP0/CPU0

2020-02-02 20:30:44.917000+00:00,leaf8,sg2,obt-collector1,0,364183,0,0,0,0,0,0,0,0,0,0,0,0,0,0,0,0,0,0,4450,0,0,0,0,367879,0,0,0,252,0,0,0,359481,0,0,5053,0,599463,548392,0,287784,0,548133,600730,0,306953,0,2856,11667,0,13,0,0,0,0,2209162,0,,0,0,0,0,0,0,10884,0,731351,0,0,0,0,310540,0,0,0,4359645,0,10874,0,0/0/CPU0

2020-02-02 20:30:44.919000+00:00,leaf8,sg2,obt-collector1,0,5375,0,0,0,0,0,0,0,0,0,0,14,0,0,0,8,0,0,0,0,0,0,0,0,109,0,0,0,0,0,0,0,5375,0,0,22,0,0,0,0,0,0,0,0,0,0,0,0,0,0,0,0,0,0,0,30432888,0,,0,0,0,0,0,0,22,0,10829,0,0,0,0,0,0,0,0,31377353,0,0,0,0/RP0/CPU0

2020-02-02 20:30:54.938000+00:00,leaf8,sg2,obt-collector1,0,364183,0,0,0,0,0,0,0,0,0,0,0,0,0,0,0,0,0,0,4450,0,0,0,0,367879,0,0,0,252,0,0,0,359481,0,0,5053,0,599466,548396,0,287787,0,548137,600733,0,306953,0,2856,11667,0,13,0,0,0,0,2209169,0,,0,0,0,0,0,0,10884,0,731351,0,0,0,0,310543,0,0,0,4359667,0,10874,0,0/0/CPU0

2020-02-02 20:30:54.941000+00:00,leaf8,sg2,obt-collector1,0,5375,0,0,0,0,0,0,0,0,0,0,14,0,0,0,8,0,0,0,0,0,0,0,0,109,0,0,0,0,0,0,0,5375,0,0,22,0,0,0,0,0,0,0,0,0,0,0,0,0,0,0,0,0,0,0,30432969,0,,0,0,0,0,0,0,22,0,10829,0,0,0,0,0,0,0,0,31377427,0,0,0,0/RP0/CPU0

2020-02-02 20:31:04.951000+00:00,leaf8,sg2,obt-collector1,0,364183,0,0,0,0,0,0,0,0,0,0,0,0,0,0,0,0,0,0,4450,0,0,0,0,367879,0,0,0,252,0,0,0,359481,0,0,5053,0,599467,548398,0,287787,0,548139,600734,0,306955,0,2856,11667,0,13,0,0,0,0,2209174,0,,0,0,0,0,0,0,10884,0,731351,0,0,0,0,310543,0,0,0,4359680,0,10874,0,0/0/CPU0

2020-02-02 20:31:04.955000+00:00,leaf8,sg2,obt-collector1,0,5375,0,0,0,0,0,0,0,0,0,0,14,0,0,0,8,0,0,0,0,0,0,0,0,109,0,0,0,0,0,0,0,5375,0,0,22,0,0,0,0,0,0,0,0,0,0,0,0,0,0,0,0,0,0,0,30433054,0,,0,0,0,0,0,0,22,0,10829,0,0,0,0,0,0,0,0,31377504,0,0,0,0/RP0/CPU0

2020-02-02 20:31:14.969000+00:00,leaf8,sg2,obt-collector1,0,364183,0,0,0,0,0,0,0,0,0,0,0,0,0,0,0,0,0,0,4450,0,0,0,0,367879,0,0,0,252,0,0,0,359481,0,0,5053,0,599470,548402,0,287788,0,548143,600737,0,306956,0,2856,11667,0,13,0,0,0,0,2209182,0,,0,0,0,0,0,0,10884,0,731351,0,0,0,0,310544,0,0,0,4359700,0,10874,0,0/0/CPU0

2020-02-02 20:31:14.973000+00:00,leaf8,sg2,obt-collector1,0,5375,0,0,0,0,0,0,0,0,0,0,14,0,0,0,8,0,0,0,0,0,0,0,0,109,0,0,0,0,0,0,0,5375,0,0,22,0,0,0,0,0,0,0,0,0,0,0,0,0,0,0,0,0,0,0,30433136,0,,0,0,0,0,0,0,22,0,10829,0,0,0,0,0,0,0,0,31377579,0,0,0,0/RP0/CPU0

2020-02-02 20:31:24.980000+00:00,leaf8,sg2,obt-collector1,0,364183,0,0,0,0,0,0,0,0,0,0,0,0,0,0,0,0,0,0,4450,0,0,0,0,367879,0,0,0,252,0,0,0,359481,0,0,5053,0,599471,548404,0,287790,0,548145,600738,0,306957,0,2856,11667,0,13,0,0,0,0,2209186,0,,0,0,0,0,0,0,10884,0,731351,0,0,0,0,310546,0,0,0,4359715,0,10874,0,0/0/CPU0

2020-02-02 20:31:24.982000+00:00,leaf8,sg2,obt-collector1,0,5375,0,0,0,0,0,0,0,0,0,0,14,0,0,0,8,0,0,0,0,0,0,0,0,109,0,0,0,0,0,0,0,5375,0,0,22,0,0,0,0,0,0,0,0,0,0,0,0,0,0,0,0,0,0,0,30433217,0,,0,0,0,0,0,0,22,0,10829,0,0,0,0,0,0,0,0,31377652,0,0,0,0/RP0/CPU0

2020-02-02 20:31:34.989000+00:00,leaf8,sg2,obt-collector1,0,364183,0,0,0,0,0,0,0,0,0,0,0,0,0,0,0,0,0,0,4450,0,0,0,0,367879,0,0,0,252,0,0,0,359481,0,0,5053,0,599476,548404,0,287791,0,548145,600743,0,306958,0,2856,11667,0,13,0,0,0,0,2209192,0,,0,0,0,0,0,0,10884,0,731351,0,0,0,0,310547,0,0,0,4359731,0,10874,0,0/0/CPU0

2020-02-02 20:31:34.991000+00:00,leaf8,sg2,obt-collector1,0,5375,0,0,0,0,0,0,0,0,0,0,14,0,0,0,8,0,0,0,0,0,0,0,0,109,0,0,0,0,0,0,0,5375,0,0,22,0,0,0,0,0,0,0,0,0,0,0,0,0,0,0,0,0,0,0,30433301,0,,0,0,0,0,0,0,22,0,10829,0,0,0,0,0,0,0,0,31377730,0,0,0,0/RP0/CPU0

2020-02-02 20:31:45.002000+00:00,leaf8,sg2,obt-collector1,0,364183,0,0,0,0,0,0,0,0,0,0,0,0,0,0,0,0,0,0,4450,0,0,0,0,367879,0,0,0,252,0,0,0,359481,0,0,5053,0,599479,548408,0,287794,0,548149,600746,0,306959,0,2856,11667,0,13,0,0,0,0,2209200,0,,0,0,0,0,0,0,10884,0,731351,0,0,0,0,310550,0,0,0,4359753,0,10874,0,0/0/CPU0

2020-02-02 20:31:45.004000+00:00,leaf8,sg2,obt-collector1,0,5375,0,0,0,0,0,0,0,0,0,0,14,0,0,0,8,0,0,0,0,0,0,0,0,109,0,0,0,0,0,0,0,5375,0,0,22,0,0,0,0,0,0,0,0,0,0,0,0,0,0,0,0,0,0,0,30433387,0,,0,0,0,0,0,0,22,0,10829,0,0,0,0,0,0,0,0,31377808,0,0,0,0/RP0/CPU0

2020-02-02 20:31:55.011000+00:00,leaf8,sg2,obt-collector1,0,364183,0,0,0,0,0,0,0,0,0,0,0,0,0,0,0,0,0,0,4450,0,0,0,0,367879,0,0,0,252,0,0,0,359481,0,0,5053,0,599481,548409,0,287794,0,548150,600748,0,306961,0,2856,11667,0,13,0,0,0,0,2209205,0,,0,0,0,0,0,0,10884,0,731351,0,0,0,0,310550,0,0,0,4359768,0,10874,0,0/0/CPU0

2020-02-02 20:31:55.014000+00:00,leaf8,sg2,obt-collector1,0,5375,0,0,0,0,0,0,0,0,0,0,14,0,0,0,8,0,0,0,0,0,0,0,0,109,0,0,0,0,0,0,0,5375,0,0,22,0,0,0,0,0,0,0,0,0,0,0,0,0,0,0,0,0,0,0,30433474,0,,0,0,0,0,0,0,22,0,10829,0,0,0,0,0,0,0,0,31377882,0,0,0,0/RP0/CPU0

2020-02-02 20:32:05.038000+00:00,leaf8,sg2,obt-collector1,0,364183,0,0,0,0,0,0,0,0,0,0,0,0,0,0,0,0,0,0,4450,0,0,0,0,367879,0,0,0,252,0,0,0,359481,0,0,5053,0,599483,548412,0,287794,0,548153,600750,0,306961,0,2856,11667,0,13,0,0,0,0,2209210,0,,0,0,0,0,0,0,10884,0,731351,0,0,0,0,310550,0,0,0,4359783,0,10874,0,0/0/CPU0

2020-02-02 20:32:05.046000+00:00,leaf8,sg2,obt-collector1,0,5375,0,0,0,0,0,0,0,0,0,0,14,0,0,0,8,0,0,0,0,0,0,0,0,109,0,0,0,0,0,0,0,5375,0,0,22,0,0,0,0,0,0,0,0,0,0,0,0,0,0,0,0,0,0,0,30433554,0,,0,0,0,0,0,0,22,0,10829,0,0,0,0,0,0,0,0,31377954,0,0,0,0/RP0/CPU0

2020-02-02 20:32:15.053000+00:00,leaf8,sg2,obt-collector1,0,364183,0,0,0,0,0,0,0,0,0,0,0,0,0,0,0,0,0,0,4450,0,0,0,0,367879,0,0,0,252,0,0,0,359481,0,0,5053,0,599486,548413,0,287795,0,548154,600753,0,306961,0,2856,11667,0,13,0,0,0,0,2209214,0,,0,0,0,0,0,0,10884,0,731351,0,0,0,0,310551,0,0,0,4359800,0,10874,0,0/0/CPU0

2020-02-02 20:32:15.056000+00:00,leaf8,sg2,obt-collector1,0,5375,0,0,0,0,0,0,0,0,0,0,14,0,0,0,8,0,0,0,0,0,0,0,0,109,0,0,0,0,0,0,0,5375,0,0,22,0,0,0,0,0,0,0,0,0,0,0,0,0,0,0,0,0,0,0,30433636,0,,0,0,0,0,0,0,22,0,10829,0,0,0,0,0,0,0,0,31378031,0,0,0,0/RP0/CPU0

2020-02-02 20:32:25.063000+00:00,leaf8,sg2,obt-collector1,0,364183,0,0,0,0,0,0,0,0,0,0,0,0,0,0,0,0,0,0,4450,0,0,0,0,367879,0,0,0,252,0,0,0,359481,0,0,5053,0,599487,548414,0,287796,0,548155,600754,0,306962,0,2856,11667,0,13,0,0,0,0,2209217,0,,0,0,0,0,0,0,10884,0,731351,0,0,0,0,310552,0,0,0,4359813,0,10874,0,0/0/CPU0

2020-02-02 20:32:25.066000+00:00,leaf8,sg2,obt-collector1,0,5375,0,0,0,0,0,0,0,0,0,0,14,0,0,0,8,0,0,0,0,0,0,0,0,109,0,0,0,0,0,0,0,5375,0,0,22,0,0,0,0,0,0,0,0,0,0,0,0,0,0,0,0,0,0,0,30433719,0,,0,0,0,0,0,0,22,0,10829,0,0,0,0,0,0,0,0,31378105,0,0,0,0/RP0/CPU0

2020-02-02 20:32:35.075000+00:00,leaf8,sg2,obt-collector1,0,364183,0,0,0,0,0,0,0,0,0,0,0,0,0,0,0,0,0,0,4450,0,0,0,0,367879,0,0,0,252,0,0,0,359481,0,0,5053,0,599487,548417,0,287798,0,548158,600754,0,306963,0,2856,11667,0,13,0,0,0,0,2209221,0,,0,0,0,0,0,0,10884,0,731351,0,0,0,0,310554,0,0,0,4359828,0,10874,0,0/0/CPU0

2020-02-02 20:32:35.077000+00:00,leaf8,sg2,obt-collector1,0,5375,0,0,0,0,0,0,0,0,0,0,14,0,0,0,8,0,0,0,0,0,0,0,0,109,0,0,0,0,0,0,0,5375,0,0,22,0,0,0,0,0,0,0,0,0,0,0,0,0,0,0,0,0,0,0,30433803,0,,0,0,0,0,0,0,22,0,10829,0,0,0,0,0,0,0,0,31378181,0,0,0,0/RP0/CPU0

2020-02-02 20:32:45.083000+00:00,leaf8,sg2,obt-collector1,0,364183,0,0,0,0,0,0,0,0,0,0,0,0,0,0,0,0,0,0,4450,0,0,0,0,367879,0,0,0,252,0,0,0,359481,0,0,5053,0,599488,548418,0,287800,0,548159,600755,0,306964,0,2856,11667,0,13,0,0,0,0,2209224,0,,0,0,0,0,0,0,10884,0,731351,0,0,0,0,310556,0,0,0,4359844,0,10874,0,0/0/CPU0

2020-02-02 20:32:45.085000+00:00,leaf8,sg2,obt-collector1,0,5375,0,0,0,0,0,0,0,0,0,0,14,0,0,0,8,0,0,0,0,0,0,0,0,109,0,0,0,0,0,0,0,5375,0,0,22,0,0,0,0,0,0,0,0,0,0,0,0,0,0,0,0,0,0,0,30433885,0,,0,0,0,0,0,0,22,0,10829,0,0,0,0,0,0,0,0,31378255,0,0,0,0/RP0/CPU0

2020-02-02 20:32:55.096000+00:00,leaf8,sg2,obt-collector1,0,364183,0,0,0,0,0,0,0,0,0,0,0,0,0,0,0,0,0,0,4450,0,0,0,0,367879,0,0,0,252,0,0,0,359481,0,0,5053,0,599493,548420,0,287801,0,548161,600760,0,306968,0,2856,11667,0,13,0,0,0,0,2209235,0,,0,0,0,0,0,0,10884,0,731351,0,0,0,0,310557,0,0,0,4359862,0,10874,0,0/0/CPU0

2020-02-02 20:32:55.098000+00:00,leaf8,sg2,obt-collector1,0,5375,0,0,0,0,0,0,0,0,0,0,14,0,0,0,8,0,0,0,0,0,0,0,0,109,0,0,0,0,0,0,0,5375,0,0,22,0,0,0,0,0,0,0,0,0,0,0,0,0,0,0,0,0,0,0,30433965,0,,0,0,0,0,0,0,22,0,10829,0,0,0,0,0,0,0,0,31378327,0,0,0,0/RP0/CPU0

2020-02-02 20:33:05.108000+00:00,leaf8,sg2,obt-collector1,0,364183,0,0,0,0,0,0,0,0,0,0,0,0,0,0,0,0,0,0,4450,0,0,0,0,367879,0,0,0,252,0,0,0,359481,0,0,5053,0,599495,548421,0,287802,0,548162,600762,0,306969,0,2856,11667,0,13,0,0,0,0,2209239,0,,0,0,0,0,0,0,10884,0,731351,0,0,0,0,310558,0,0,0,4359878,0,10874,0,0/0/CPU0

2020-02-02 20:33:05.111000+00:00,leaf8,sg2,obt-collector1,0,5375,0,0,0,0,0,0,0,0,0,0,14,0,0,0,8,0,0,0,0,0,0,0,0,109,0,0,0,0,0,0,0,5375,0,0,22,0,0,0,0,0,0,0,0,0,0,0,0,0,0,0,0,0,0,0,30434049,0,,0,0,0,0,0,0,22,0,10829,0,0,0,0,0,0,0,0,31378403,0,0,0,0/RP0/CPU0

2020-02-02 20:33:15.128000+00:00,leaf8,sg2,obt-collector1,0,364183,0,0,0,0,0,0,0,0,0,0,0,0,0,0,0,0,0,0,4450,0,0,0,0,367879,0,0,0,252,0,0,0,359481,0,0,5053,0,599497,548422,0,287802,0,548163,600764,0,306969,0,2856,11667,0,13,0,0,0,0,2209242,0,,0,0,0,0,0,0,10884,0,731351,0,0,0,0,310558,0,0,0,4359891,0,10874,0,0/0/CPU0

2020-02-02 20:33:15.132000+00:00,leaf8,sg2,obt-collector1,0,5375,0,0,0,0,0,0,0,0,0,0,14,0,0,0,8,0,0,0,0,0,0,0,0,109,0,0,0,0,0,0,0,5375,0,0,22,0,0,0,0,0,0,0,0,0,0,0,0,0,0,0,0,0,0,0,30434129,0,,0,0,0,0,0,0,22,0,10829,0,0,0,0,0,0,0,0,31378475,0,0,0,0/RP0/CPU0

2020-02-02 20:33:25.140000+00:00,leaf8,sg2,obt-collector1,0,364183,0,0,0,0,0,0,0,0,0,0,0,0,0,0,0,0,0,0,4450,0,0,0,0,367879,0,0,0,252,0,0,0,359481,0,0,5053,0,599499,548422,0,287803,0,548163,600766,0,306970,0,2856,11667,0,13,0,0,0,0,2209245,0,,0,0,0,0,0,0,10884,0,731351,0,0,0,0,310559,0,0,0,4359906,0,10874,0,0/0/CPU0

2020-02-02 20:33:25.142000+00:00,leaf8,sg2,obt-collector1,0,5375,0,0,0,0,0,0,0,0,0,0,14,0,0,0,8,0,0,0,0,0,0,0,0,109,0,0,0,0,0,0,0,5375,0,0,22,0,0,0,0,0,0,0,0,0,0,0,0,0,0,0,0,0,0,0,30434209,0,,0,0,0,0,0,0,22,0,10829,0,0,0,0,0,0,0,0,31378547,0,0,0,0/RP0/CPU0

2020-02-02 20:33:35.161000+00:00,leaf8,sg2,obt-collector1,0,364183,0,0,0,0,0,0,0,0,0,0,0,0,0,0,0,0,0,0,4450,0,0,0,0,367879,0,0,0,252,0,0,0,359481,0,0,5053,0,599500,548427,0,287806,0,548168,600767,0,306971,0,2856,11667,0,13,0,0,0,0,2209252,0,,0,0,0,0,0,0,10884,0,731351,0,0,0,0,310562,0,0,0,4359925,0,10874,0,0/0/CPU0

2020-02-02 20:33:35.172000+00:00,leaf8,sg2,obt-collector1,0,5375,0,0,0,0,0,0,0,0,0,0,14,0,0,0,8,0,0,0,0,0,0,0,0,109,0,0,0,0,0,0,0,5375,0,0,22,0,0,0,0,0,0,0,0,0,0,0,0,0,0,0,0,0,0,0,30434289,0,,0,0,0,0,0,0,22,0,10829,0,0,0,0,0,0,0,0,31378619,0,0,0,0/RP0/CPU0

2020-02-02 20:33:45.185000+00:00,leaf8,sg2,obt-collector1,0,364183,0,0,0,0,0,0,0,0,0,0,0,0,0,0,0,0,0,0,4450,0,0,0,0,367879,0,0,0,252,0,0,0,359481,0,0,5053,0,599503,548428,0,287806,0,548169,600770,0,306972,0,2856,11667,0,13,0,0,0,0,2209257,0,,0,0,0,0,0,0,10884,0,731351,0,0,0,0,310562,0,0,0,4359939,0,10874,0,0/0/CPU0

2020-02-02 20:33:45.189000+00:00,leaf8,sg2,obt-collector1,0,5375,0,0,0,0,0,0,0,0,0,0,14,0,0,0,8,0,0,0,0,0,0,0,0,109,0,0,0,0,0,0,0,5375,0,0,22,0,0,0,0,0,0,0,0,0,0,0,0,0,0,0,0,0,0,0,30434369,0,,0,0,0,0,0,0,22,0,10829,0,0,0,0,0,0,0,0,31378691,0,0,0,0/RP0/CPU0

2020-02-02 20:33:55.202000+00:00,leaf8,sg2,obt-collector1,0,364183,0,0,0,0,0,0,0,0,0,0,0,0,0,0,0,0,0,0,4450,0,0,0,0,367879,0,0,0,252,0,0,0,359481,0,0,5053,0,599506,548432,0,287806,0,548173,600773,0,306973,0,2856,11667,0,13,0,0,0,0,2209265,0,,0,0,0,0,0,0,10884,0,731351,0,0,0,0,310562,0,0,0,4359958,0,10874,0,0/0/CPU0

2020-02-02 20:33:55.204000+00:00,leaf8,sg2,obt-collector1,0,5375,0,0,0,0,0,0,0,0,0,0,14,0,0,0,8,0,0,0,0,0,0,0,0,109,0,0,0,0,0,0,0,5375,0,0,22,0,0,0,0,0,0,0,0,0,0,0,0,0,0,0,0,0,0,0,30434451,0,,0,0,0,0,0,0,22,0,10829,0,0,0,0,0,0,0,0,31378763,0,0,0,0/RP0/CPU0

2020-02-02 20:34:05.216000+00:00,leaf8,sg2,obt-collector1,0,364183,0,0,0,0,0,0,0,0,0,0,0,0,0,0,0,0,0,0,4450,0,0,0,0,367879,0,0,0,252,0,0,0,359481,0,0,5053,0,599508,548434,0,287806,0,548175,600775,0,306976,0,2856,11667,0,13,0,0,0,0,2209272,0,,0,0,0,0,0,0,10884,0,731351,0,0,0,0,310562,0,0,0,4359972,0,10874,0,0/0/CPU0

2020-02-02 20:34:05.219000+00:00,leaf8,sg2,obt-collector1,0,5375,0,0,0,0,0,0,0,0,0,0,14,0,0,0,8,0,0,0,0,0,0,0,0,109,0,0,0,0,0,0,0,5375,0,0,22,0,0,0,0,0,0,0,0,0,0,0,0,0,0,0,0,0,0,0,30434531,0,,0,0,0,0,0,0,22,0,10829,0,0,0,0,0,0,0,0,31378836,0,0,0,0/RP0/CPU0

2020-02-02 20:34:15.229000+00:00,leaf8,sg2,obt-collector1,0,364183,0,0,0,0,0,0,0,0,0,0,0,0,0,0,0,0,0,0,4450,0,0,0,0,367879,0,0,0,252,0,0,0,359481,0,0,5053,0,599510,548439,0,287809,0,548180,600777,0,306977,0,2856,11667,0,13,0,0,0,0,2209280,0,,0,0,0,0,0,0,10884,0,731351,0,0,0,0,310565,0,0,0,4359994,0,10874,0,0/0/CPU0

2020-02-02 20:34:15.232000+00:00,leaf8,sg2,obt-collector1,0,5375,0,0,0,0,0,0,0,0,0,0,14,0,0,0,8,0,0,0,0,0,0,0,0,109,0,0,0,0,0,0,0,5375,0,0,22,0,0,0,0,0,0,0,0,0,0,0,0,0,0,0,0,0,0,0,30434611,0,,0,0,0,0,0,0,22,0,10829,0,0,0,0,0,0,0,0,31378908,0,0,0,0/RP0/CPU0

2020-02-02 20:34:25.238000+00:00,leaf8,sg2,obt-collector1,0,364183,0,0,0,0,0,0,0,0,0,0,0,0,0,0,0,0,0,0,4450,0,0,0,0,367879,0,0,0,252,0,0,0,359481,0,0,5053,0,599512,548439,0,287811,0,548180,600779,0,306978,0,2856,11667,0,13,0,0,0,0,2209283,0,,0,0,0,0,0,0,10884,0,731351,0,0,0,0,310567,0,0,0,4360008,0,10874,0,0/0/CPU0

2020-02-02 20:34:25.241000+00:00,leaf8,sg2,obt-collector1,0,5375,0,0,0,0,0,0,0,0,0,0,14,0,0,0,8,0,0,0,0,0,0,0,0,109,0,0,0,0,0,0,0,5375,0,0,22,0,0,0,0,0,0,0,0,0,0,0,0,0,0,0,0,0,0,0,30434691,0,,0,0,0,0,0,0,22,0,10829,0,0,0,0,0,0,0,0,31378980,0,0,0,0/RP0/CPU0

2020-02-02 20:34:35.247000+00:00,leaf8,sg2,obt-collector1,0,364183,0,0,0,0,0,0,0,0,0,0,0,0,0,0,0,0,0,0,4450,0,0,0,0,367879,0,0,0,252,0,0,0,359481,0,0,5053,0,599516,548442,0,287812,0,548183,600783,0,306979,0,2856,11667,0,13,0,0,0,0,2209291,0,,0,0,0,0,0,0,10884,0,731351,0,0,0,0,310568,0,0,0,4360028,0,10874,0,0/0/CPU0

2020-02-02 20:34:35.251000+00:00,leaf8,sg2,obt-collector1,0,5375,0,0,0,0,0,0,0,0,0,0,14,0,0,0,8,0,0,0,0,0,0,0,0,109,0,0,0,0,0,0,0,5375,0,0,22,0,0,0,0,0,0,0,0,0,0,0,0,0,0,0,0,0,0,0,30434771,0,,0,0,0,0,0,0,22,0,10829,0,0,0,0,0,0,0,0,31379052,0,0,0,0/RP0/CPU0

2020-02-02 20:34:45.258000+00:00,leaf8,sg2,obt-collector1,0,364183,0,0,0,0,0,0,0,0,0,0,0,0,0,0,0,0,0,0,4450,0,0,0,0,367879,0,0,0,252,0,0,0,359481,0,0,5053,0,599519,548444,0,287812,0,548185,600786,0,306980,0,2856,11667,0,13,0,0,0,0,2209297,0,,0,0,0,0,0,0,10884,0,731351,0,0,0,0,310568,0,0,0,4360043,0,10874,0,0/0/CPU0

2020-02-02 20:34:45.261000+00:00,leaf8,sg2,obt-collector1,0,5375,0,0,0,0,0,0,0,0,0,0,14,0,0,0,8,0,0,0,0,0,0,0,0,109,0,0,0,0,0,0,0,5375,0,0,22,0,0,0,0,0,0,0,0,0,0,0,0,0,0,0,0,0,0,0,30434851,0,,0,0,0,0,0,0,22,0,10829,0,0,0,0,0,0,0,0,31379124,0,0,0,0/RP0/CPU0

2020-02-02 20:34:55.274000+00:00,leaf8,sg2,obt-collector1,0,364183,0,0,0,0,0,0,0,0,0,0,0,0,0,0,0,0,0,0,4450,0,0,0,0,367879,0,0,0,252,0,0,0,359481,0,0,5053,0,599522,548446,0,287812,0,548187,600789,0,306980,0,2856,11667,0,13,0,0,0,0,2209302,0,,0,0,0,0,0,0,10884,0,731351,0,0,0,0,310568,0,0,0,4360060,0,10874,0,0/0/CPU0

2020-02-02 20:34:55.276000+00:00,leaf8,sg2,obt-collector1,0,5375,0,0,0,0,0,0,0,0,0,0,14,0,0,0,8,0,0,0,0,0,0,0,0,109,0,0,0,0,0,0,0,5375,0,0,22,0,0,0,0,0,0,0,0,0,0,0,0,0,0,0,0,0,0,0,30434931,0,,0,0,0,0,0,0,22,0,10829,0,0,0,0,0,0,0,0,31379197,0,0,0,0/RP0/CPU0

2020-02-02 20:35:05.283000+00:00,leaf8,sg2,obt-collector1,0,364183,0,0,0,0,0,0,0,0,0,0,0,0,0,0,0,0,0,0,4450,0,0,0,0,367879,0,0,0,252,0,0,0,359481,0,0,5053,0,599524,548449,0,287813,0,548190,600791,0,306981,0,2856,11667,0,13,0,0,0,0,2209308,0,,0,0,0,0,0,0,10884,0,731351,0,0,0,0,310569,0,0,0,4360076,0,10874,0,0/0/CPU0

2020-02-02 20:35:05.285000+00:00,leaf8,sg2,obt-collector1,0,5375,0,0,0,0,0,0,0,0,0,0,14,0,0,0,8,0,0,0,0,0,0,0,0,109,0,0,0,0,0,0,0,5375,0,0,22,0,0,0,0,0,0,0,0,0,0,0,0,0,0,0,0,0,0,0,30435011,0,,0,0,0,0,0,0,22,0,10829,0,0,0,0,0,0,0,0,31379269,0,0,0,0/RP0/CPU0

2020-02-02 20:35:15.295000+00:00,leaf8,sg2,obt-collector1,0,364183,0,0,0,0,0,0,0,0,0,0,0,0,0,0,0,0,0,0,4450,0,0,0,0,367879,0,0,0,252,0,0,0,359481,0,0,5053,0,599526,548450,0,287814,0,548191,600793,0,306981,0,2856,11667,0,13,0,0,0,0,2209311,0,,0,0,0,0,0,0,10884,0,731351,0,0,0,0,310570,0,0,0,4360090,0,10874,0,0/0/CPU0

2020-02-02 20:35:15.297000+00:00,leaf8,sg2,obt-collector1,0,5375,0,0,0,0,0,0,0,0,0,0,14,0,0,0,8,0,0,0,0,0,0,0,0,109,0,0,0,0,0,0,0,5375,0,0,22,0,0,0,0,0,0,0,0,0,0,0,0,0,0,0,0,0,0,0,30435091,0,,0,0,0,0,0,0,22,0,10829,0,0,0,0,0,0,0,0,31379341,0,0,0,0/RP0/CPU0

2020-02-02 20:35:25.321000+00:00,leaf8,sg2,obt-collector1,0,364183,0,0,0,0,0,0,0,0,0,0,0,0,0,0,0,0,0,0,4450,0,0,0,0,367879,0,0,0,252,0,0,0,359481,0,0,5053,0,599527,548451,0,287814,0,548192,600794,0,306983,0,2856,11667,0,13,0,0,0,0,2209315,0,,0,0,0,0,0,0,10884,0,731351,0,0,0,0,310570,0,0,0,4360104,0,10874,0,0/0/CPU0

2020-02-02 20:35:25.323000+00:00,leaf8,sg2,obt-collector1,0,5375,0,0,0,0,0,0,0,0,0,0,14,0,0,0,8,0,0,0,0,0,0,0,0,109,0,0,0,0,0,0,0,5375,0,0,22,0,0,0,0,0,0,0,0,0,0,0,0,0,0,0,0,0,0,0,30435171,0,,0,0,0,0,0,0,22,0,10829,0,0,0,0,0,0,0,0,31379413,0,0,0,0/RP0/CPU0

2020-02-02 20:35:35.371000+00:00,leaf8,sg2,obt-collector1,0,364183,0,0,0,0,0,0,0,0,0,0,0,0,0,0,0,0,0,0,4450,0,0,0,0,367879,0,0,0,252,0,0,0,359481,0,0,5053,0,599527,548454,0,287815,0,548195,600794,0,306983,0,2856,11667,0,13,0,0,0,0,2209318,0,,0,0,0,0,0,0,10884,0,731351,0,0,0,0,310571,0,0,0,4360120,0,10874,0,0/0/CPU0

2020-02-02 20:35:35.374000+00:00,leaf8,sg2,obt-collector1,0,5375,0,0,0,0,0,0,0,0,0,0,14,0,0,0,8,0,0,0,0,0,0,0,0,109,0,0,0,0,0,0,0,5375,0,0,22,0,0,0,0,0,0,0,0,0,0,0,0,0,0,0,0,0,0,0,30435251,0,,0,0,0,0,0,0,22,0,10829,0,0,0,0,0,0,0,0,31379485,0,0,0,0/RP0/CPU0

2020-02-02 20:35:45.382000+00:00,leaf8,sg2,obt-collector1,0,364183,0,0,0,0,0,0,0,0,0,0,0,0,0,0,0,0,0,0,4450,0,0,0,0,367879,0,0,0,252,0,0,0,359481,0,0,5053,0,599528,548455,0,287817,0,548196,600795,0,306983,0,2856,11667,0,13,0,0,0,0,2209320,0,,0,0,0,0,0,0,10884,0,731351,0,0,0,0,310573,0,0,0,4360134,0,10874,0,0/0/CPU0

2020-02-02 20:35:45.385000+00:00,leaf8,sg2,obt-collector1,0,5375,0,0,0,0,0,0,0,0,0,0,14,0,0,0,8,0,0,0,0,0,0,0,0,109,0,0,0,0,0,0,0,5375,0,0,22,0,0,0,0,0,0,0,0,0,0,0,0,0,0,0,0,0,0,0,30435331,0,,0,0,0,0,0,0,22,0,10829,0,0,0,0,0,0,0,0,31379557,0,0,0,0/RP0/CPU0

2020-02-02 20:35:55.406000+00:00,leaf8,sg2,obt-collector1,0,364183,0,0,0,0,0,0,0,0,0,0,0,0,0,0,0,0,0,0,4450,0,0,0,0,367879,0,0,0,252,0,0,0,359481,0,0,5053,0,599532,548457,0,287821,0,548198,600799,0,306988,0,2856,11667,0,13,0,0,0,0,2209331,0,,0,0,0,0,0,0,10884,0,731351,0,0,0,0,310577,0,0,0,4360154,0,10874,0,0/0/CPU0

2020-02-02 20:35:55.410000+00:00,leaf8,sg2,obt-collector1,0,5375,0,0,0,0,0,0,0,0,0,0,14,0,0,0,8,0,0,0,0,0,0,0,0,109,0,0,0,0,0,0,0,5375,0,0,22,0,0,0,0,0,0,0,0,0,0,0,0,0,0,0,0,0,0,0,30435411,0,,0,0,0,0,0,0,22,0,10829,0,0,0,0,0,0,0,0,31379629,0,0,0,0/RP0/CPU0

2020-02-02 20:36:05.420000+00:00,leaf8,sg2,obt-collector1,0,364183,0,0,0,0,0,0,0,0,0,0,0,0,0,0,0,0,0,0,4450,0,0,0,0,367879,0,0,0,252,0,0,0,359481,0,0,5053,0,599536,548458,0,287821,0,548199,600803,0,306988,0,2856,11667,0,13,0,0,0,0,2209336,0,,0,0,0,0,0,0,10884,0,731351,0,0,0,0,310577,0,0,0,4360171,0,10874,0,0/0/CPU0

2020-02-02 20:36:05.423000+00:00,leaf8,sg2,obt-collector1,0,5375,0,0,0,0,0,0,0,0,0,0,14,0,0,0,8,0,0,0,0,0,0,0,0,109,0,0,0,0,0,0,0,5375,0,0,22,0,0,0,0,0,0,0,0,0,0,0,0,0,0,0,0,0,0,0,30435491,0,,0,0,0,0,0,0,22,0,10829,0,0,0,0,0,0,0,0,31379701,0,0,0,0/RP0/CPU0

2020-02-02 20:36:15.429000+00:00,leaf8,sg2,obt-collector1,0,364183,0,0,0,0,0,0,0,0,0,0,0,0,0,0,0,0,0,0,4450,0,0,0,0,367879,0,0,0,252,0,0,0,359481,0,0,5053,0,599537,548459,0,287822,0,548200,600804,0,306989,0,2856,11667,0,13,0,0,0,0,2209339,0,,0,0,0,0,0,0,10884,0,731351,0,0,0,0,310578,0,0,0,4360184,0,10874,0,0/0/CPU0

2020-02-02 20:36:15.431000+00:00,leaf8,sg2,obt-collector1,0,5375,0,0,0,0,0,0,0,0,0,0,14,0,0,0,8,0,0,0,0,0,0,0,0,109,0,0,0,0,0,0,0,5375,0,0,22,0,0,0,0,0,0,0,0,0,0,0,0,0,0,0,0,0,0,0,30435571,0,,0,0,0,0,0,0,22,0,10829,0,0,0,0,0,0,0,0,31379773,0,0,0,0/RP0/CPU0

2020-02-02 20:36:25.437000+00:00,leaf8,sg2,obt-collector1,0,364183,0,0,0,0,0,0,0,0,0,0,0,0,0,0,0,0,0,0,4450,0,0,0,0,367879,0,0,0,252,0,0,0,359481,0,0,5053,0,599539,548459,0,287824,0,548200,600806,0,306989,0,2856,11667,0,13,0,0,0,0,2209341,0,,0,0,0,0,0,0,10884,0,731351,0,0,0,0,310580,0,0,0,4360200,0,10874,0,0/0/CPU0

2020-02-02 20:36:25.441000+00:00,leaf8,sg2,obt-collector1,0,5375,0,0,0,0,0,0,0,0,0,0,14,0,0,0,8,0,0,0,0,0,0,0,0,109,0,0,0,0,0,0,0,5375,0,0,22,0,0,0,0,0,0,0,0,0,0,0,0,0,0,0,0,0,0,0,30435667,0,,0,0,0,0,0,0,22,0,10829,0,0,0,0,0,0,0,0,31379848,0,0,0,0/RP0/CPU0

2020-02-02 20:36:35.460000+00:00,leaf8,sg2,obt-collector1,0,364183,0,0,0,0,0,0,0,0,0,0,0,0,0,0,0,0,0,0,4450,0,0,0,0,367879,0,0,0,252,0,0,0,359481,0,0,5053,0,599541,548463,0,287824,0,548204,600808,0,306989,0,2856,11667,0,13,0,0,0,0,2209347,0,,0,0,0,0,0,0,10884,0,731351,0,0,0,0,310580,0,0,0,4360216,0,10874,0,0/0/CPU0

2020-02-02 20:36:35.464000+00:00,leaf8,sg2,obt-collector1,0,5375,0,0,0,0,0,0,0,0,0,0,14,0,0,0,8,0,0,0,0,0,0,0,0,109,0,0,0,0,0,0,0,5375,0,0,22,0,0,0,0,0,0,0,0,0,0,0,0,0,0,0,0,0,0,0,30435739,0,,0,0,0,0,0,0,22,0,10829,0,0,0,0,0,0,0,0,31379902,0,0,0,0/RP0/CPU0

2020-02-02 20:36:45.471000+00:00,leaf8,sg2,obt-collector1,0,364183,0,0,0,0,0,0,0,0,0,0,0,0,0,0,0,0,0,0,4450,0,0,0,0,367879,0,0,0,252,0,0,0,359481,0,0,5053,0,599543,548465,0,287825,0,548206,600810,0,306992,0,2856,11667,0,13,0,0,0,0,2209354,0,,0,0,0,0,0,0,10884,0,731351,0,0,0,0,310581,0,0,0,4360233,0,10874,0,0/0/CPU0

2020-02-02 20:36:45.474000+00:00,leaf8,sg2,obt-collector1,0,5375,0,0,0,0,0,0,0,0,0,0,14,0,0,0,8,0,0,0,0,0,0,0,0,109,0,0,0,0,0,0,0,5375,0,0,22,0,0,0,0,0,0,0,0,0,0,0,0,0,0,0,0,0,0,0,30435811,0,,0,0,0,0,0,0,22,0,10829,0,0,0,0,0,0,0,0,31379956,0,0,0,0/RP0/CPU0

2020-02-02 20:36:55.482000+00:00,leaf8,sg2,obt-collector1,0,364183,0,0,0,0,0,0,0,0,0,0,0,0,0,0,0,0,0,0,4450,0,0,0,0,367879,0,0,0,252,0,0,0,359481,0,0,5053,0,599546,548468,0,287825,0,548209,600813,0,306993,0,2856,11667,0,13,0,0,0,0,2209361,0,,0,0,0,0,0,0,10884,0,731351,0,0,0,0,310581,0,0,0,4360249,0,10874,0,0/0/CPU0

2020-02-02 20:36:55.486000+00:00,leaf8,sg2,obt-collector1,0,5375,0,0,0,0,0,0,0,0,0,0,14,0,0,0,8,0,0,0,0,0,0,0,0,109,0,0,0,0,0,0,0,5375,0,0,22,0,0,0,0,0,0,0,0,0,0,0,0,0,0,0,0,0,0,0,30435875,0,,0,0,0,0,0,0,22,0,10829,0,0,0,0,0,0,0,0,31380029,0,0,0,0/RP0/CPU0

2020-02-02 20:37:05.494000+00:00,leaf8,sg2,obt-collector1,0,364183,0,0,0,0,0,0,0,0,0,0,0,0,0,0,0,0,0,0,4450,0,0,0,0,367879,0,0,0,252,0,0,0,359481,0,0,5053,0,599548,548471,0,287826,0,548212,600815,0,306994,0,2856,11667,0,13,0,0,0,0,2209367,0,,0,0,0,0,0,0,10884,0,731351,0,0,0,0,310582,0,0,0,4360265,0,10874,0,0/0/CPU0

2020-02-02 20:37:05.496000+00:00,leaf8,sg2,obt-collector1,0,5375,0,0,0,0,0,0,0,0,0,0,14,0,0,0,8,0,0,0,0,0,0,0,0,109,0,0,0,0,0,0,0,5375,0,0,22,0,0,0,0,0,0,0,0,0,0,0,0,0,0,0,0,0,0,0,30435947,0,,0,0,0,0,0,0,22,0,10829,0,0,0,0,0,0,0,0,31380099,0,0,0,0/RP0/CPU0

2020-02-02 20:37:15.510000+00:00,leaf8,sg2,obt-collector1,0,364183,0,0,0,0,0,0,0,0,0,0,0,0,0,0,0,0,0,0,4450,0,0,0,0,367879,0,0,0,252,0,0,0,359481,0,0,5053,0,599550,548476,0,287828,0,548217,600817,0,306996,0,2856,11667,0,13,0,0,0,0,2209376,0,,0,0,0,0,0,0,10884,0,731351,0,0,0,0,310584,0,0,0,4360286,0,10874,0,0/0/CPU0

2020-02-02 20:37:15.514000+00:00,leaf8,sg2,obt-collector1,0,5375,0,0,0,0,0,0,0,0,0,0,14,0,0,0,8,0,0,0,0,0,0,0,0,109,0,0,0,0,0,0,0,5375,0,0,22,0,0,0,0,0,0,0,0,0,0,0,0,0,0,0,0,0,0,0,30436019,0,,0,0,0,0,0,0,22,0,10829,0,0,0,0,0,0,0,0,31380173,0,0,0,0/RP0/CPU0

2020-02-02 20:37:25.520000+00:00,leaf8,sg2,obt-collector1,0,364183,0,0,0,0,0,0,0,0,0,0,0,0,0,0,0,0,0,0,4450,0,0,0,0,367879,0,0,0,252,0,0,0,359481,0,0,5053,0,599551,548477,0,287829,0,548218,600818,0,306998,0,2856,11667,0,13,0,0,0,0,2209380,0,,0,0,0,0,0,0,10884,0,731351,0,0,0,0,310585,0,0,0,4360301,0,10874,0,0/0/CPU0

2020-02-02 20:37:25.523000+00:00,leaf8,sg2,obt-collector1,0,5375,0,0,0,0,0,0,0,0,0,0,14,0,0,0,8,0,0,0,0,0,0,0,0,109,0,0,0,0,0,0,0,5375,0,0,22,0,0,0,0,0,0,0,0,0,0,0,0,0,0,0,0,0,0,0,30436083,0,,0,0,0,0,0,0,22,0,10829,0,0,0,0,0,0,0,0,31380243,0,0,0,0/RP0/CPU0

2020-02-02 20:37:35.528000+00:00,leaf8,sg2,obt-collector1,0,364183,0,0,0,0,0,0,0,0,0,0,0,0,0,0,0,0,0,0,4450,0,0,0,0,367879,0,0,0,252,0,0,0,359481,0,0,5053,0,599555,548479,0,287831,0,548220,600822,0,306999,0,2856,11667,0,13,0,0,0,0,2209387,0,,0,0,0,0,0,0,10884,0,731351,0,0,0,0,310587,0,0,0,4360319,0,10874,0,0/0/CPU0

2020-02-02 20:37:35.530000+00:00,leaf8,sg2,obt-collector1,0,5375,0,0,0,0,0,0,0,0,0,0,14,0,0,0,8,0,0,0,0,0,0,0,0,109,0,0,0,0,0,0,0,5375,0,0,22,0,0,0,0,0,0,0,0,0,0,0,0,0,0,0,0,0,0,0,30436139,0,,0,0,0,0,0,0,22,0,10829,0,0,0,0,0,0,0,0,31380314,0,0,0,0/RP0/CPU0

2020-02-02 20:37:45.549000+00:00,leaf8,sg2,obt-collector1,0,364183,0,0,0,0,0,0,0,0,0,0,0,0,0,0,0,0,0,0,4450,0,0,0,0,367879,0,0,0,252,0,0,0,359481,0,0,5053,0,599560,548480,0,287832,0,548221,600827,0,307000,0,2856,11667,0,13,0,0,0,0,2209394,0,,0,0,0,0,0,0,10884,0,731351,0,0,0,0,310588,0,0,0,4360338,0,10874,0,0/0/CPU0

2020-02-02 20:37:45.555000+00:00,leaf8,sg2,obt-collector1,0,5375,0,0,0,0,0,0,0,0,0,0,14,0,0,0,8,0,0,0,0,0,0,0,0,109,0,0,0,0,0,0,0,5375,0,0,22,0,0,0,0,0,0,0,0,0,0,0,0,0,0,0,0,0,0,0,30436196,0,,0,0,0,0,0,0,22,0,10829,0,0,0,0,0,0,0,0,31380384,0,0,0,0/RP0/CPU0

2020-02-02 20:37:55.562000+00:00,leaf8,sg2,obt-collector1,0,364183,0,0,0,0,0,0,0,0,0,0,0,0,0,0,0,0,0,0,4450,0,0,0,0,367879,0,0,0,252,0,0,0,359481,0,0,5053,0,599561,548482,0,287832,0,548223,600828,0,307000,0,2856,11667,0,13,0,0,0,0,2209397,0,,0,0,0,0,0,0,10884,0,731351,0,0,0,0,310588,0,0,0,4360351,0,10874,0,0/0/CPU0

2020-02-02 20:37:55.565000+00:00,leaf8,sg2,obt-collector1,0,5375,0,0,0,0,0,0,0,0,0,0,14,0,0,0,8,0,0,0,0,0,0,0,0,109,0,0,0,0,0,0,0,5375,0,0,22,0,0,0,0,0,0,0,0,0,0,0,0,0,0,0,0,0,0,0,30436252,0,,0,0,0,0,0,0,22,0,10829,0,0,0,0,0,0,0,0,31380456,0,0,0,0/RP0/CPU0

