,Producer,Target,host,node-name,protocol-name,sesa-num-client,sesa-pl-sum/sep-num-ecd-pathlist,sesa-pl-sum/sep-num-ecd-pl-per-interest/entry,sesa-pl-sum/sep-num-ecd-pl-unresolved

2020-02-06 19:40:15.933000+00:00,spine3,sg4,obt-collector1,0/0/CPU0,ipv4,9,28,0,0

2020-02-06 19:40:15.935000+00:00,spine3,sg4,obt-collector1,0/0/CPU0,ipv6,6,32,0,0

2020-02-06 19:40:15.936000+00:00,spine3,sg4,obt-collector1,0/0/CPU0,mpls,0,0,0,0

2020-02-06 19:40:15.938000+00:00,spine3,sg4,obt-collector1,0/RP0/CPU0,ipv4,8,0,0,0

2020-02-06 19:40:15.940000+00:00,spine3,sg4,obt-collector1,0/RP0/CPU0,ipv6,2,0,0,0

2020-02-06 19:40:15.941000+00:00,spine3,sg4,obt-collector1,0/RP0/CPU0,mpls,0,0,0,0

2020-02-06 19:40:19.566000+00:00,spine3,sg4,obt-collector1,0/0/CPU0,ipv4,9,28,0,0

2020-02-06 19:40:19.567000+00:00,spine3,sg4,obt-collector1,0/0/CPU0,ipv6,6,32,0,0

2020-02-06 19:40:19.568000+00:00,spine3,sg4,obt-collector1,0/0/CPU0,mpls,0,0,0,0

2020-02-06 19:40:19.571000+00:00,spine3,sg4,obt-collector1,0/RP0/CPU0,ipv4,8,0,0,0

2020-02-06 19:40:19.572000+00:00,spine3,sg4,obt-collector1,0/RP0/CPU0,ipv6,2,0,0,0

2020-02-06 19:40:19.573000+00:00,spine3,sg4,obt-collector1,0/RP0/CPU0,mpls,0,0,0,0

2020-02-06 19:40:27.174000+00:00,spine3,sg4,obt-collector1,0/0/CPU0,ipv4,9,28,0,0

2020-02-06 19:40:27.175000+00:00,spine3,sg4,obt-collector1,0/0/CPU0,ipv6,6,32,0,0

2020-02-06 19:40:27.177000+00:00,spine3,sg4,obt-collector1,0/0/CPU0,mpls,0,0,0,0

2020-02-06 19:40:27.179000+00:00,spine3,sg4,obt-collector1,0/RP0/CPU0,ipv4,8,0,0,0

2020-02-06 19:40:27.180000+00:00,spine3,sg4,obt-collector1,0/RP0/CPU0,ipv6,2,0,0,0

2020-02-06 19:40:27.181000+00:00,spine3,sg4,obt-collector1,0/RP0/CPU0,mpls,0,0,0,0

2020-02-06 19:40:54.550000+00:00,spine3,sg4,obt-collector1,0/0/CPU0,ipv4,9,28,0,0

2020-02-06 19:40:54.551000+00:00,spine3,sg4,obt-collector1,0/0/CPU0,ipv6,6,32,0,0

2020-02-06 19:40:54.552000+00:00,spine3,sg4,obt-collector1,0/0/CPU0,mpls,0,0,0,0

2020-02-06 19:40:54.555000+00:00,spine3,sg4,obt-collector1,0/RP0/CPU0,ipv4,8,0,0,0

2020-02-06 19:40:54.556000+00:00,spine3,sg4,obt-collector1,0/RP0/CPU0,ipv6,2,0,0,0

2020-02-06 19:40:54.557000+00:00,spine3,sg4,obt-collector1,0/RP0/CPU0,mpls,0,0,0,0

2020-02-06 19:41:09.424000+00:00,spine3,sg4,obt-collector1,0/0/CPU0,ipv4,9,28,0,0

2020-02-06 19:41:09.425000+00:00,spine3,sg4,obt-collector1,0/0/CPU0,ipv6,6,32,0,0

2020-02-06 19:41:09.426000+00:00,spine3,sg4,obt-collector1,0/0/CPU0,mpls,0,0,0,0

2020-02-06 19:41:09.429000+00:00,spine3,sg4,obt-collector1,0/RP0/CPU0,ipv4,8,0,0,0

2020-02-06 19:41:09.430000+00:00,spine3,sg4,obt-collector1,0/RP0/CPU0,ipv6,2,0,0,0

2020-02-06 19:41:09.431000+00:00,spine3,sg4,obt-collector1,0/RP0/CPU0,mpls,0,0,0,0

2020-02-06 19:41:13.292000+00:00,spine3,sg4,obt-collector1,0/0/CPU0,ipv4,9,28,0,0

2020-02-06 19:41:13.293000+00:00,spine3,sg4,obt-collector1,0/0/CPU0,ipv6,6,32,0,0

2020-02-06 19:41:13.294000+00:00,spine3,sg4,obt-collector1,0/0/CPU0,mpls,0,0,0,0

2020-02-06 19:41:13.297000+00:00,spine3,sg4,obt-collector1,0/RP0/CPU0,ipv4,8,0,0,0

2020-02-06 19:41:13.299000+00:00,spine3,sg4,obt-collector1,0/RP0/CPU0,ipv6,2,0,0,0

2020-02-06 19:41:13.300000+00:00,spine3,sg4,obt-collector1,0/RP0/CPU0,mpls,0,0,0,0

2020-02-06 19:41:25.052000+00:00,spine3,sg4,obt-collector1,0/0/CPU0,ipv4,9,28,0,0

2020-02-06 19:41:25.053000+00:00,spine3,sg4,obt-collector1,0/0/CPU0,ipv6,6,32,0,0

2020-02-06 19:41:25.054000+00:00,spine3,sg4,obt-collector1,0/0/CPU0,mpls,0,0,0,0

2020-02-06 19:41:25.057000+00:00,spine3,sg4,obt-collector1,0/RP0/CPU0,ipv4,8,0,0,0

2020-02-06 19:41:25.058000+00:00,spine3,sg4,obt-collector1,0/RP0/CPU0,ipv6,2,0,0,0

2020-02-06 19:41:25.059000+00:00,spine3,sg4,obt-collector1,0/RP0/CPU0,mpls,0,0,0,0

2020-02-06 19:41:39.919000+00:00,spine3,sg4,obt-collector1,0/0/CPU0,ipv4,9,28,0,0

2020-02-06 19:41:39.920000+00:00,spine3,sg4,obt-collector1,0/0/CPU0,ipv6,6,32,0,0

2020-02-06 19:41:39.921000+00:00,spine3,sg4,obt-collector1,0/0/CPU0,mpls,0,0,0,0

2020-02-06 19:41:39.926000+00:00,spine3,sg4,obt-collector1,0/RP0/CPU0,ipv4,8,0,0,0

2020-02-06 19:41:39.927000+00:00,spine3,sg4,obt-collector1,0/RP0/CPU0,ipv6,2,0,0,0

2020-02-06 19:41:39.928000+00:00,spine3,sg4,obt-collector1,0/RP0/CPU0,mpls,0,0,0,0

2020-02-06 19:41:44.241000+00:00,spine3,sg4,obt-collector1,0/0/CPU0,ipv4,9,28,0,0

2020-02-06 19:41:44.242000+00:00,spine3,sg4,obt-collector1,0/0/CPU0,ipv6,6,32,0,0

2020-02-06 19:41:44.243000+00:00,spine3,sg4,obt-collector1,0/0/CPU0,mpls,0,0,0,0

2020-02-06 19:41:44.246000+00:00,spine3,sg4,obt-collector1,0/RP0/CPU0,ipv4,8,0,0,0

2020-02-06 19:41:44.247000+00:00,spine3,sg4,obt-collector1,0/RP0/CPU0,ipv6,2,0,0,0

2020-02-06 19:41:44.249000+00:00,spine3,sg4,obt-collector1,0/RP0/CPU0,mpls,0,0,0,0

2020-02-06 19:41:48.031000+00:00,spine3,sg4,obt-collector1,0/0/CPU0,ipv4,9,28,0,0

2020-02-06 19:41:48.032000+00:00,spine3,sg4,obt-collector1,0/0/CPU0,ipv6,6,32,0,0

2020-02-06 19:41:48.033000+00:00,spine3,sg4,obt-collector1,0/0/CPU0,mpls,0,0,0,0

2020-02-06 19:41:48.036000+00:00,spine3,sg4,obt-collector1,0/RP0/CPU0,ipv4,8,0,0,0

2020-02-06 19:41:48.037000+00:00,spine3,sg4,obt-collector1,0/RP0/CPU0,ipv6,2,0,0,0

2020-02-06 19:41:48.038000+00:00,spine3,sg4,obt-collector1,0/RP0/CPU0,mpls,0,0,0,0

2020-02-06 19:42:26.461000+00:00,spine3,sg4,obt-collector1,0/0/CPU0,ipv4,9,28,0,0

2020-02-06 19:42:26.462000+00:00,spine3,sg4,obt-collector1,0/0/CPU0,ipv6,6,32,0,0

2020-02-06 19:42:26.463000+00:00,spine3,sg4,obt-collector1,0/0/CPU0,mpls,0,0,0,0

2020-02-06 19:42:26.466000+00:00,spine3,sg4,obt-collector1,0/RP0/CPU0,ipv4,8,0,0,0

2020-02-06 19:42:26.468000+00:00,spine3,sg4,obt-collector1,0/RP0/CPU0,ipv6,2,0,0,0

2020-02-06 19:42:26.470000+00:00,spine3,sg4,obt-collector1,0/RP0/CPU0,mpls,0,0,0,0

2020-02-06 19:42:56.773000+00:00,spine3,sg4,obt-collector1,0/0/CPU0,ipv4,9,28,0,0

2020-02-06 19:42:56.776000+00:00,spine3,sg4,obt-collector1,0/0/CPU0,ipv6,6,32,0,0

2020-02-06 19:42:56.777000+00:00,spine3,sg4,obt-collector1,0/0/CPU0,mpls,0,0,0,0

2020-02-06 19:42:56.780000+00:00,spine3,sg4,obt-collector1,0/RP0/CPU0,ipv4,8,0,0,0

2020-02-06 19:42:56.781000+00:00,spine3,sg4,obt-collector1,0/RP0/CPU0,ipv6,2,0,0,0

2020-02-06 19:42:56.782000+00:00,spine3,sg4,obt-collector1,0/RP0/CPU0,mpls,0,0,0,0

2020-02-06 19:43:12.743000+00:00,spine3,sg4,obt-collector1,0/0/CPU0,ipv4,9,28,0,0

2020-02-06 19:43:12.745000+00:00,spine3,sg4,obt-collector1,0/0/CPU0,ipv6,6,32,0,0

2020-02-06 19:43:12.746000+00:00,spine3,sg4,obt-collector1,0/0/CPU0,mpls,0,0,0,0

2020-02-06 19:43:12.749000+00:00,spine3,sg4,obt-collector1,0/RP0/CPU0,ipv4,8,0,0,0

2020-02-06 19:43:12.750000+00:00,spine3,sg4,obt-collector1,0/RP0/CPU0,ipv6,2,0,0,0

2020-02-06 19:43:12.751000+00:00,spine3,sg4,obt-collector1,0/RP0/CPU0,mpls,0,0,0,0

2020-02-06 19:43:24.550000+00:00,spine3,sg4,obt-collector1,0/0/CPU0,ipv4,9,28,0,0

2020-02-06 19:43:24.552000+00:00,spine3,sg4,obt-collector1,0/0/CPU0,ipv6,6,32,0,0

2020-02-06 19:43:24.553000+00:00,spine3,sg4,obt-collector1,0/0/CPU0,mpls,0,0,0,0

2020-02-06 19:43:24.556000+00:00,spine3,sg4,obt-collector1,0/RP0/CPU0,ipv4,8,0,0,0

2020-02-06 19:43:24.575000+00:00,spine3,sg4,obt-collector1,0/RP0/CPU0,ipv6,2,0,0,0

2020-02-06 19:43:24.598000+00:00,spine3,sg4,obt-collector1,0/RP0/CPU0,mpls,0,0,0,0

2020-02-06 19:43:39.759000+00:00,spine3,sg4,obt-collector1,0/0/CPU0,ipv4,9,28,0,0

2020-02-06 19:43:39.760000+00:00,spine3,sg4,obt-collector1,0/0/CPU0,ipv6,6,32,0,0

2020-02-06 19:43:39.761000+00:00,spine3,sg4,obt-collector1,0/0/CPU0,mpls,0,0,0,0

2020-02-06 19:43:39.764000+00:00,spine3,sg4,obt-collector1,0/RP0/CPU0,ipv4,8,0,0,0

2020-02-06 19:43:39.765000+00:00,spine3,sg4,obt-collector1,0/RP0/CPU0,ipv6,2,0,0,0

2020-02-06 19:43:39.766000+00:00,spine3,sg4,obt-collector1,0/RP0/CPU0,mpls,0,0,0,0

2020-02-06 19:43:55.400000+00:00,spine3,sg4,obt-collector1,0/0/CPU0,ipv4,9,28,0,0

2020-02-06 19:43:55.401000+00:00,spine3,sg4,obt-collector1,0/0/CPU0,ipv6,6,32,0,0

2020-02-06 19:43:55.402000+00:00,spine3,sg4,obt-collector1,0/0/CPU0,mpls,0,0,0,0

2020-02-06 19:43:55.405000+00:00,spine3,sg4,obt-collector1,0/RP0/CPU0,ipv4,8,0,0,0

2020-02-06 19:43:55.406000+00:00,spine3,sg4,obt-collector1,0/RP0/CPU0,ipv6,2,0,0,0

2020-02-06 19:43:55.408000+00:00,spine3,sg4,obt-collector1,0/RP0/CPU0,mpls,0,0,0,0

2020-02-06 19:44:10.803000+00:00,spine3,sg4,obt-collector1,0/0/CPU0,ipv4,9,28,0,0

2020-02-06 19:44:10.806000+00:00,spine3,sg4,obt-collector1,0/0/CPU0,ipv6,6,32,0,0

2020-02-06 19:44:10.811000+00:00,spine3,sg4,obt-collector1,0/0/CPU0,mpls,0,0,0,0

2020-02-06 19:44:10.818000+00:00,spine3,sg4,obt-collector1,0/RP0/CPU0,ipv4,8,0,0,0

2020-02-06 19:44:10.820000+00:00,spine3,sg4,obt-collector1,0/RP0/CPU0,ipv6,2,0,0,0

2020-02-06 19:44:10.821000+00:00,spine3,sg4,obt-collector1,0/RP0/CPU0,mpls,0,0,0,0

2020-02-06 19:44:23.358000+00:00,spine3,sg4,obt-collector1,0/0/CPU0,ipv4,9,28,0,0

2020-02-06 19:44:23.359000+00:00,spine3,sg4,obt-collector1,0/0/CPU0,ipv6,6,32,0,0

2020-02-06 19:44:23.360000+00:00,spine3,sg4,obt-collector1,0/0/CPU0,mpls,0,0,0,0

2020-02-06 19:44:23.363000+00:00,spine3,sg4,obt-collector1,0/RP0/CPU0,ipv4,8,0,0,0

2020-02-06 19:44:23.364000+00:00,spine3,sg4,obt-collector1,0/RP0/CPU0,ipv6,2,0,0,0

2020-02-06 19:44:23.366000+00:00,spine3,sg4,obt-collector1,0/RP0/CPU0,mpls,0,0,0,0

2020-02-06 19:44:57.523000+00:00,spine3,sg4,obt-collector1,0/0/CPU0,ipv4,9,28,0,0

2020-02-06 19:44:57.525000+00:00,spine3,sg4,obt-collector1,0/0/CPU0,ipv6,6,32,0,0

2020-02-06 19:44:57.526000+00:00,spine3,sg4,obt-collector1,0/0/CPU0,mpls,0,0,0,0

2020-02-06 19:44:57.529000+00:00,spine3,sg4,obt-collector1,0/RP0/CPU0,ipv4,8,0,0,0

2020-02-06 19:44:57.531000+00:00,spine3,sg4,obt-collector1,0/RP0/CPU0,ipv6,2,0,0,0

2020-02-06 19:44:57.532000+00:00,spine3,sg4,obt-collector1,0/RP0/CPU0,mpls,0,0,0,0

2020-02-06 19:45:05.196000+00:00,spine3,sg4,obt-collector1,0/0/CPU0,ipv4,9,28,0,0

2020-02-06 19:45:05.197000+00:00,spine3,sg4,obt-collector1,0/0/CPU0,ipv6,6,32,0,0

2020-02-06 19:45:05.198000+00:00,spine3,sg4,obt-collector1,0/0/CPU0,mpls,0,0,0,0

2020-02-06 19:45:05.201000+00:00,spine3,sg4,obt-collector1,0/RP0/CPU0,ipv4,8,0,0,0

2020-02-06 19:45:05.202000+00:00,spine3,sg4,obt-collector1,0/RP0/CPU0,ipv6,2,0,0,0

2020-02-06 19:45:05.203000+00:00,spine3,sg4,obt-collector1,0/RP0/CPU0,mpls,0,0,0,0

2020-02-06 19:46:03.037000+00:00,spine3,sg4,obt-collector1,0/0/CPU0,ipv4,9,28,0,0

2020-02-06 19:46:03.038000+00:00,spine3,sg4,obt-collector1,0/0/CPU0,ipv6,6,32,0,0

2020-02-06 19:46:03.039000+00:00,spine3,sg4,obt-collector1,0/0/CPU0,mpls,0,0,0,0

2020-02-06 19:46:03.042000+00:00,spine3,sg4,obt-collector1,0/RP0/CPU0,ipv4,8,0,0,0

2020-02-06 19:46:03.043000+00:00,spine3,sg4,obt-collector1,0/RP0/CPU0,ipv6,2,0,0,0

2020-02-06 19:46:03.044000+00:00,spine3,sg4,obt-collector1,0/RP0/CPU0,mpls,0,0,0,0

2020-02-06 19:46:10.251000+00:00,spine3,sg4,obt-collector1,0/0/CPU0,ipv4,9,28,0,0

2020-02-06 19:46:10.252000+00:00,spine3,sg4,obt-collector1,0/0/CPU0,ipv6,6,32,0,0

2020-02-06 19:46:10.253000+00:00,spine3,sg4,obt-collector1,0/0/CPU0,mpls,0,0,0,0

2020-02-06 19:46:10.256000+00:00,spine3,sg4,obt-collector1,0/RP0/CPU0,ipv4,8,0,0,0

2020-02-06 19:46:10.258000+00:00,spine3,sg4,obt-collector1,0/RP0/CPU0,ipv6,2,0,0,0

2020-02-06 19:46:10.259000+00:00,spine3,sg4,obt-collector1,0/RP0/CPU0,mpls,0,0,0,0

2020-02-06 19:46:14.459000+00:00,spine3,sg4,obt-collector1,0/0/CPU0,ipv4,9,28,0,0

2020-02-06 19:46:14.460000+00:00,spine3,sg4,obt-collector1,0/0/CPU0,ipv6,6,32,0,0

2020-02-06 19:46:14.461000+00:00,spine3,sg4,obt-collector1,0/0/CPU0,mpls,0,0,0,0

2020-02-06 19:46:14.464000+00:00,spine3,sg4,obt-collector1,0/RP0/CPU0,ipv4,8,0,0,0

2020-02-06 19:46:14.465000+00:00,spine3,sg4,obt-collector1,0/RP0/CPU0,ipv6,2,0,0,0

2020-02-06 19:46:14.466000+00:00,spine3,sg4,obt-collector1,0/RP0/CPU0,mpls,0,0,0,0

2020-02-06 19:46:45.823000+00:00,spine3,sg4,obt-collector1,0/0/CPU0,ipv4,9,28,0,0

2020-02-06 19:46:45.824000+00:00,spine3,sg4,obt-collector1,0/0/CPU0,ipv6,6,32,0,0

2020-02-06 19:46:45.825000+00:00,spine3,sg4,obt-collector1,0/0/CPU0,mpls,0,0,0,0

2020-02-06 19:46:45.828000+00:00,spine3,sg4,obt-collector1,0/RP0/CPU0,ipv4,8,0,0,0

2020-02-06 19:46:45.829000+00:00,spine3,sg4,obt-collector1,0/RP0/CPU0,ipv6,2,0,0,0

2020-02-06 19:46:45.830000+00:00,spine3,sg4,obt-collector1,0/RP0/CPU0,mpls,0,0,0,0

2020-02-06 19:47:05.116000+00:00,spine3,sg4,obt-collector1,0/0/CPU0,ipv4,9,28,0,0

2020-02-06 19:47:05.117000+00:00,spine3,sg4,obt-collector1,0/0/CPU0,ipv6,6,32,0,0

2020-02-06 19:47:05.118000+00:00,spine3,sg4,obt-collector1,0/0/CPU0,mpls,0,0,0,0

2020-02-06 19:47:05.121000+00:00,spine3,sg4,obt-collector1,0/RP0/CPU0,ipv4,8,0,0,0

2020-02-06 19:47:05.122000+00:00,spine3,sg4,obt-collector1,0/RP0/CPU0,ipv6,2,0,0,0

2020-02-06 19:47:05.124000+00:00,spine3,sg4,obt-collector1,0/RP0/CPU0,mpls,0,0,0,0

2020-02-06 19:47:16.802000+00:00,spine3,sg4,obt-collector1,0/0/CPU0,ipv4,9,28,0,0

2020-02-06 19:47:16.803000+00:00,spine3,sg4,obt-collector1,0/0/CPU0,ipv6,6,32,0,0

2020-02-06 19:47:16.804000+00:00,spine3,sg4,obt-collector1,0/0/CPU0,mpls,0,0,0,0

2020-02-06 19:47:16.807000+00:00,spine3,sg4,obt-collector1,0/RP0/CPU0,ipv4,8,0,0,0

2020-02-06 19:47:16.809000+00:00,spine3,sg4,obt-collector1,0/RP0/CPU0,ipv6,2,0,0,0

2020-02-06 19:47:16.810000+00:00,spine3,sg4,obt-collector1,0/RP0/CPU0,mpls,0,0,0,0

2020-02-06 19:47:40.544000+00:00,spine3,sg4,obt-collector1,0/0/CPU0,ipv4,9,28,0,0

2020-02-06 19:47:40.545000+00:00,spine3,sg4,obt-collector1,0/0/CPU0,ipv6,6,32,0,0

2020-02-06 19:47:40.546000+00:00,spine3,sg4,obt-collector1,0/0/CPU0,mpls,0,0,0,0

2020-02-06 19:47:40.549000+00:00,spine3,sg4,obt-collector1,0/RP0/CPU0,ipv4,8,0,0,0

2020-02-06 19:47:40.550000+00:00,spine3,sg4,obt-collector1,0/RP0/CPU0,ipv6,2,0,0,0

2020-02-06 19:47:40.551000+00:00,spine3,sg4,obt-collector1,0/RP0/CPU0,mpls,0,0,0,0

2020-02-06 19:47:52.846000+00:00,spine3,sg4,obt-collector1,0/0/CPU0,ipv4,9,28,0,0

2020-02-06 19:47:52.847000+00:00,spine3,sg4,obt-collector1,0/0/CPU0,ipv6,6,32,0,0

2020-02-06 19:47:52.848000+00:00,spine3,sg4,obt-collector1,0/0/CPU0,mpls,0,0,0,0

2020-02-06 19:47:52.851000+00:00,spine3,sg4,obt-collector1,0/RP0/CPU0,ipv4,8,0,0,0

2020-02-06 19:47:52.852000+00:00,spine3,sg4,obt-collector1,0/RP0/CPU0,ipv6,2,0,0,0

2020-02-06 19:47:52.854000+00:00,spine3,sg4,obt-collector1,0/RP0/CPU0,mpls,0,0,0,0

2020-02-06 19:48:04.318000+00:00,spine3,sg4,obt-collector1,0/0/CPU0,ipv4,9,28,0,0

2020-02-06 19:48:04.319000+00:00,spine3,sg4,obt-collector1,0/0/CPU0,ipv6,6,32,0,0

2020-02-06 19:48:04.320000+00:00,spine3,sg4,obt-collector1,0/0/CPU0,mpls,0,0,0,0

2020-02-06 19:48:04.323000+00:00,spine3,sg4,obt-collector1,0/RP0/CPU0,ipv4,8,0,0,0

2020-02-06 19:48:04.324000+00:00,spine3,sg4,obt-collector1,0/RP0/CPU0,ipv6,2,0,0,0

2020-02-06 19:48:04.325000+00:00,spine3,sg4,obt-collector1,0/RP0/CPU0,mpls,0,0,0,0

2020-02-06 19:48:15.526000+00:00,spine3,sg4,obt-collector1,0/0/CPU0,ipv4,9,28,0,0

2020-02-06 19:48:15.528000+00:00,spine3,sg4,obt-collector1,0/0/CPU0,ipv6,6,32,0,0

2020-02-06 19:48:15.529000+00:00,spine3,sg4,obt-collector1,0/0/CPU0,mpls,0,0,0,0

2020-02-06 19:48:15.532000+00:00,spine3,sg4,obt-collector1,0/RP0/CPU0,ipv4,8,0,0,0

2020-02-06 19:48:15.533000+00:00,spine3,sg4,obt-collector1,0/RP0/CPU0,ipv6,2,0,0,0

2020-02-06 19:48:15.534000+00:00,spine3,sg4,obt-collector1,0/RP0/CPU0,mpls,0,0,0,0

2020-02-06 19:48:42.601000+00:00,spine3,sg4,obt-collector1,0/0/CPU0,ipv4,9,28,0,0

2020-02-06 19:48:42.602000+00:00,spine3,sg4,obt-collector1,0/0/CPU0,ipv6,6,32,0,0

2020-02-06 19:48:42.603000+00:00,spine3,sg4,obt-collector1,0/0/CPU0,mpls,0,0,0,0

2020-02-06 19:48:42.606000+00:00,spine3,sg4,obt-collector1,0/RP0/CPU0,ipv4,8,0,0,0

2020-02-06 19:48:42.607000+00:00,spine3,sg4,obt-collector1,0/RP0/CPU0,ipv6,2,0,0,0

2020-02-06 19:48:42.608000+00:00,spine3,sg4,obt-collector1,0/RP0/CPU0,mpls,0,0,0,0

2020-02-06 19:48:57.590000+00:00,spine3,sg4,obt-collector1,0/0/CPU0,ipv4,9,28,0,0

2020-02-06 19:48:57.591000+00:00,spine3,sg4,obt-collector1,0/0/CPU0,ipv6,6,32,0,0

2020-02-06 19:48:57.592000+00:00,spine3,sg4,obt-collector1,0/0/CPU0,mpls,0,0,0,0

2020-02-06 19:48:57.595000+00:00,spine3,sg4,obt-collector1,0/RP0/CPU0,ipv4,8,0,0,0

2020-02-06 19:48:57.596000+00:00,spine3,sg4,obt-collector1,0/RP0/CPU0,ipv6,2,0,0,0

2020-02-06 19:48:57.597000+00:00,spine3,sg4,obt-collector1,0/RP0/CPU0,mpls,0,0,0,0

2020-02-06 19:49:01.733000+00:00,spine3,sg4,obt-collector1,0/0/CPU0,ipv4,9,28,0,0

2020-02-06 19:49:01.736000+00:00,spine3,sg4,obt-collector1,0/0/CPU0,ipv6,6,32,0,0

2020-02-06 19:49:01.737000+00:00,spine3,sg4,obt-collector1,0/0/CPU0,mpls,0,0,0,0

2020-02-06 19:49:01.745000+00:00,spine3,sg4,obt-collector1,0/RP0/CPU0,ipv4,8,0,0,0

2020-02-06 19:49:01.746000+00:00,spine3,sg4,obt-collector1,0/RP0/CPU0,ipv6,2,0,0,0

2020-02-06 19:49:01.748000+00:00,spine3,sg4,obt-collector1,0/RP0/CPU0,mpls,0,0,0,0

2020-02-06 19:50:16.179000+00:00,spine3,sg4,obt-collector1,0/0/CPU0,ipv4,9,28,0,0

2020-02-06 19:50:16.180000+00:00,spine3,sg4,obt-collector1,0/0/CPU0,ipv6,6,32,0,0

2020-02-06 19:50:16.181000+00:00,spine3,sg4,obt-collector1,0/0/CPU0,mpls,0,0,0,0

2020-02-06 19:50:16.184000+00:00,spine3,sg4,obt-collector1,0/RP0/CPU0,ipv4,8,0,0,0

2020-02-06 19:50:16.185000+00:00,spine3,sg4,obt-collector1,0/RP0/CPU0,ipv6,2,0,0,0

2020-02-06 19:50:16.186000+00:00,spine3,sg4,obt-collector1,0/RP0/CPU0,mpls,0,0,0,0

2020-02-06 19:50:43.414000+00:00,spine3,sg4,obt-collector1,0/0/CPU0,ipv4,9,28,0,0

2020-02-06 19:50:43.417000+00:00,spine3,sg4,obt-collector1,0/0/CPU0,ipv6,6,32,0,0

2020-02-06 19:50:43.418000+00:00,spine3,sg4,obt-collector1,0/0/CPU0,mpls,0,0,0,0

2020-02-06 19:50:43.421000+00:00,spine3,sg4,obt-collector1,0/RP0/CPU0,ipv4,8,0,0,0

2020-02-06 19:50:43.422000+00:00,spine3,sg4,obt-collector1,0/RP0/CPU0,ipv6,2,0,0,0

2020-02-06 19:50:43.423000+00:00,spine3,sg4,obt-collector1,0/RP0/CPU0,mpls,0,0,0,0

2020-02-06 19:51:37.976000+00:00,spine3,sg4,obt-collector1,0/0/CPU0,ipv4,9,28,0,0

2020-02-06 19:51:37.977000+00:00,spine3,sg4,obt-collector1,0/0/CPU0,ipv6,6,32,0,0

2020-02-06 19:51:37.978000+00:00,spine3,sg4,obt-collector1,0/0/CPU0,mpls,0,0,0,0

2020-02-06 19:51:37.981000+00:00,spine3,sg4,obt-collector1,0/RP0/CPU0,ipv4,8,0,0,0

2020-02-06 19:51:37.982000+00:00,spine3,sg4,obt-collector1,0/RP0/CPU0,ipv6,2,0,0,0

2020-02-06 19:51:37.983000+00:00,spine3,sg4,obt-collector1,0/RP0/CPU0,mpls,0,0,0,0

2020-02-06 19:51:49.430000+00:00,spine3,sg4,obt-collector1,0/0/CPU0,ipv4,9,28,0,0

2020-02-06 19:51:49.431000+00:00,spine3,sg4,obt-collector1,0/0/CPU0,ipv6,6,32,0,0

2020-02-06 19:51:49.432000+00:00,spine3,sg4,obt-collector1,0/0/CPU0,mpls,0,0,0,0

2020-02-06 19:51:49.435000+00:00,spine3,sg4,obt-collector1,0/RP0/CPU0,ipv4,8,0,0,0

2020-02-06 19:51:49.436000+00:00,spine3,sg4,obt-collector1,0/RP0/CPU0,ipv6,2,0,0,0

2020-02-06 19:51:49.437000+00:00,spine3,sg4,obt-collector1,0/RP0/CPU0,mpls,0,0,0,0

2020-02-06 19:52:04.989000+00:00,spine3,sg4,obt-collector1,0/0/CPU0,ipv4,9,28,0,0

2020-02-06 19:52:04.990000+00:00,spine3,sg4,obt-collector1,0/0/CPU0,ipv6,6,32,0,0

2020-02-06 19:52:04.991000+00:00,spine3,sg4,obt-collector1,0/0/CPU0,mpls,0,0,0,0

2020-02-06 19:52:04.995000+00:00,spine3,sg4,obt-collector1,0/RP0/CPU0,ipv4,8,0,0,0

2020-02-06 19:52:04.996000+00:00,spine3,sg4,obt-collector1,0/RP0/CPU0,ipv6,2,0,0,0

2020-02-06 19:52:04.997000+00:00,spine3,sg4,obt-collector1,0/RP0/CPU0,mpls,0,0,0,0

2020-02-06 19:52:27.828000+00:00,spine3,sg4,obt-collector1,0/0/CPU0,ipv4,9,28,0,0

2020-02-06 19:52:27.829000+00:00,spine3,sg4,obt-collector1,0/0/CPU0,ipv6,6,32,0,0

2020-02-06 19:52:27.830000+00:00,spine3,sg4,obt-collector1,0/0/CPU0,mpls,0,0,0,0

2020-02-06 19:52:27.833000+00:00,spine3,sg4,obt-collector1,0/RP0/CPU0,ipv4,8,0,0,0

2020-02-06 19:52:27.834000+00:00,spine3,sg4,obt-collector1,0/RP0/CPU0,ipv6,2,0,0,0

2020-02-06 19:52:27.835000+00:00,spine3,sg4,obt-collector1,0/RP0/CPU0,mpls,0,0,0,0

2020-02-06 19:52:39.741000+00:00,spine3,sg4,obt-collector1,0/0/CPU0,ipv4,9,28,0,0

2020-02-06 19:52:39.742000+00:00,spine3,sg4,obt-collector1,0/0/CPU0,ipv6,6,32,0,0

2020-02-06 19:52:39.743000+00:00,spine3,sg4,obt-collector1,0/0/CPU0,mpls,0,0,0,0

2020-02-06 19:52:39.746000+00:00,spine3,sg4,obt-collector1,0/RP0/CPU0,ipv4,8,0,0,0

2020-02-06 19:52:39.747000+00:00,spine3,sg4,obt-collector1,0/RP0/CPU0,ipv6,2,0,0,0

2020-02-06 19:52:39.748000+00:00,spine3,sg4,obt-collector1,0/RP0/CPU0,mpls,0,0,0,0

2020-02-06 19:54:42.204000+00:00,spine3,sg4,obt-collector1,0/0/CPU0,ipv4,9,28,0,0

2020-02-06 19:54:42.205000+00:00,spine3,sg4,obt-collector1,0/0/CPU0,ipv6,6,32,0,0

2020-02-06 19:54:42.206000+00:00,spine3,sg4,obt-collector1,0/0/CPU0,mpls,0,0,0,0

2020-02-06 19:54:42.209000+00:00,spine3,sg4,obt-collector1,0/RP0/CPU0,ipv4,8,0,0,0

2020-02-06 19:54:42.210000+00:00,spine3,sg4,obt-collector1,0/RP0/CPU0,ipv6,2,0,0,0

2020-02-06 19:54:42.211000+00:00,spine3,sg4,obt-collector1,0/RP0/CPU0,mpls,0,0,0,0

2020-02-06 19:54:45.519000+00:00,spine3,sg4,obt-collector1,0/0/CPU0,ipv4,9,28,0,0

2020-02-06 19:54:45.520000+00:00,spine3,sg4,obt-collector1,0/0/CPU0,ipv6,6,32,0,0

2020-02-06 19:54:45.521000+00:00,spine3,sg4,obt-collector1,0/0/CPU0,mpls,0,0,0,0

2020-02-06 19:54:45.524000+00:00,spine3,sg4,obt-collector1,0/RP0/CPU0,ipv4,8,0,0,0

2020-02-06 19:54:45.525000+00:00,spine3,sg4,obt-collector1,0/RP0/CPU0,ipv6,2,0,0,0

2020-02-06 19:54:45.526000+00:00,spine3,sg4,obt-collector1,0/RP0/CPU0,mpls,0,0,0,0

2020-02-06 19:55:18.066000+00:00,spine3,sg4,obt-collector1,0/0/CPU0,ipv4,9,28,0,0

2020-02-06 19:55:18.067000+00:00,spine3,sg4,obt-collector1,0/0/CPU0,ipv6,6,32,0,0

2020-02-06 19:55:18.068000+00:00,spine3,sg4,obt-collector1,0/0/CPU0,mpls,0,0,0,0

2020-02-06 19:55:18.071000+00:00,spine3,sg4,obt-collector1,0/RP0/CPU0,ipv4,8,0,0,0

2020-02-06 19:55:18.072000+00:00,spine3,sg4,obt-collector1,0/RP0/CPU0,ipv6,2,0,0,0

2020-02-06 19:55:18.073000+00:00,spine3,sg4,obt-collector1,0/RP0/CPU0,mpls,0,0,0,0

2020-02-06 19:55:49.043000+00:00,spine3,sg4,obt-collector1,0/0/CPU0,ipv4,9,28,0,0

2020-02-06 19:55:49.044000+00:00,spine3,sg4,obt-collector1,0/0/CPU0,ipv6,6,32,0,0

2020-02-06 19:55:49.045000+00:00,spine3,sg4,obt-collector1,0/0/CPU0,mpls,0,0,0,0

2020-02-06 19:55:49.048000+00:00,spine3,sg4,obt-collector1,0/RP0/CPU0,ipv4,8,0,0,0

2020-02-06 19:55:49.049000+00:00,spine3,sg4,obt-collector1,0/RP0/CPU0,ipv6,2,0,0,0

2020-02-06 19:55:49.050000+00:00,spine3,sg4,obt-collector1,0/RP0/CPU0,mpls,0,0,0,0

2020-02-06 19:56:44.080000+00:00,spine3,sg4,obt-collector1,0/0/CPU0,ipv4,9,28,0,0

2020-02-06 19:56:44.081000+00:00,spine3,sg4,obt-collector1,0/0/CPU0,ipv6,6,32,0,0

2020-02-06 19:56:44.083000+00:00,spine3,sg4,obt-collector1,0/0/CPU0,mpls,0,0,0,0

2020-02-06 19:56:44.085000+00:00,spine3,sg4,obt-collector1,0/RP0/CPU0,ipv4,8,0,0,0

2020-02-06 19:56:44.086000+00:00,spine3,sg4,obt-collector1,0/RP0/CPU0,ipv6,2,0,0,0

2020-02-06 19:56:44.087000+00:00,spine3,sg4,obt-collector1,0/RP0/CPU0,mpls,0,0,0,0

2020-02-06 19:56:51.729000+00:00,spine3,sg4,obt-collector1,0/0/CPU0,ipv4,9,28,0,0

2020-02-06 19:56:51.730000+00:00,spine3,sg4,obt-collector1,0/0/CPU0,ipv6,6,32,0,0

2020-02-06 19:56:51.733000+00:00,spine3,sg4,obt-collector1,0/0/CPU0,mpls,0,0,0,0

2020-02-06 19:56:51.737000+00:00,spine3,sg4,obt-collector1,0/RP0/CPU0,ipv4,8,0,0,0

2020-02-06 19:56:51.738000+00:00,spine3,sg4,obt-collector1,0/RP0/CPU0,ipv6,2,0,0,0

2020-02-06 19:56:51.739000+00:00,spine3,sg4,obt-collector1,0/RP0/CPU0,mpls,0,0,0,0

2020-02-06 19:57:18.100000+00:00,spine3,sg4,obt-collector1,0/0/CPU0,ipv4,9,28,0,0

2020-02-06 19:57:18.101000+00:00,spine3,sg4,obt-collector1,0/0/CPU0,ipv6,6,32,0,0

2020-02-06 19:57:18.102000+00:00,spine3,sg4,obt-collector1,0/0/CPU0,mpls,0,0,0,0

2020-02-06 19:57:18.105000+00:00,spine3,sg4,obt-collector1,0/RP0/CPU0,ipv4,8,0,0,0

2020-02-06 19:57:18.106000+00:00,spine3,sg4,obt-collector1,0/RP0/CPU0,ipv6,2,0,0,0

2020-02-06 19:57:18.107000+00:00,spine3,sg4,obt-collector1,0/RP0/CPU0,mpls,0,0,0,0

2020-02-06 19:57:25.695000+00:00,spine3,sg4,obt-collector1,0/0/CPU0,ipv4,9,28,0,0

2020-02-06 19:57:25.696000+00:00,spine3,sg4,obt-collector1,0/0/CPU0,ipv6,6,32,0,0

2020-02-06 19:57:25.697000+00:00,spine3,sg4,obt-collector1,0/0/CPU0,mpls,0,0,0,0

2020-02-06 19:57:25.700000+00:00,spine3,sg4,obt-collector1,0/RP0/CPU0,ipv4,8,0,0,0

2020-02-06 19:57:25.701000+00:00,spine3,sg4,obt-collector1,0/RP0/CPU0,ipv6,2,0,0,0

2020-02-06 19:57:25.702000+00:00,spine3,sg4,obt-collector1,0/RP0/CPU0,mpls,0,0,0,0

2020-02-06 19:57:37.929000+00:00,spine3,sg4,obt-collector1,0/0/CPU0,ipv4,9,28,0,0

2020-02-06 19:57:37.930000+00:00,spine3,sg4,obt-collector1,0/0/CPU0,ipv6,6,32,0,0

2020-02-06 19:57:37.931000+00:00,spine3,sg4,obt-collector1,0/0/CPU0,mpls,0,0,0,0

2020-02-06 19:57:37.934000+00:00,spine3,sg4,obt-collector1,0/RP0/CPU0,ipv4,8,0,0,0

2020-02-06 19:57:37.935000+00:00,spine3,sg4,obt-collector1,0/RP0/CPU0,ipv6,2,0,0,0

2020-02-06 19:57:37.936000+00:00,spine3,sg4,obt-collector1,0/RP0/CPU0,mpls,0,0,0,0

