,Producer,Target,host,interface-counts/admin-down-interface-count,interface-counts/down-interface-count,interface-counts/interface-count,interface-counts/up-interface-count,interface-type-list/interface-counts/admin-down-interface-count,interface-type-list/interface-counts/down-interface-count,interface-type-list/interface-counts/interface-count,interface-type-list/interface-counts/up-interface-count,interface-type-list/interface-type-description,interface-type-list/interface-type-name,interface-type/interface-counts/admin-down-interface-count,interface-type/interface-counts/down-interface-count,interface-type/interface-counts/interface-count,interface-type/interface-counts/up-interface-count,interface-type/interface-type-description,interface-type/interface-type-name

2020-02-06 19:40:35.870000+00:00,spine3,sg10,obt-collector1,3,1,39,35,,,,,,,0,0,1,1,Null interface,IFT_NULL

2020-02-06 19:40:43.536000+00:00,spine3,sg10,obt-collector1,3,1,39,35,,,,,,,0,0,1,1,Null interface,IFT_NULL

2020-02-06 19:40:58.798000+00:00,spine3,sg10,obt-collector1,3,1,39,35,,,,,,,0,0,1,1,Null interface,IFT_NULL

2020-02-06 19:41:06.369000+00:00,spine3,sg10,obt-collector1,3,1,39,35,,,,,,,0,0,1,1,Null interface,IFT_NULL

2020-02-06 19:41:29.218000+00:00,spine3,sg10,obt-collector1,3,1,39,35,,,,,,,0,0,1,1,Null interface,IFT_NULL

2020-02-06 19:41:36.858000+00:00,spine3,sg10,obt-collector1,3,1,39,35,,,,,,,0,0,1,1,Null interface,IFT_NULL

2020-02-06 19:41:52.555000+00:00,spine3,sg10,obt-collector1,3,1,39,35,,,,,,,0,0,1,1,Null interface,IFT_NULL

2020-02-06 19:41:56.263000+00:00,spine3,sg10,obt-collector1,3,1,39,35,,,,,,,0,0,1,1,Null interface,IFT_NULL

2020-02-06 19:42:15.662000+00:00,spine3,sg10,obt-collector1,3,1,39,35,,,,,,,0,0,1,1,Null interface,IFT_NULL

2020-02-06 19:42:19.384000+00:00,spine3,sg10,obt-collector1,3,1,39,35,,,,,,,0,0,1,1,Null interface,IFT_NULL

2020-02-06 19:42:34.954000+00:00,spine3,sg10,obt-collector1,3,1,39,35,,,,,,,0,0,1,1,Null interface,IFT_NULL

2020-02-06 19:42:42.537000+00:00,spine3,sg10,obt-collector1,3,1,39,35,,,,,,,0,0,1,1,Null interface,IFT_NULL

2020-02-06 19:42:53.754000+00:00,spine3,sg10,obt-collector1,3,1,39,35,,,,,,,0,0,1,1,Null interface,IFT_NULL

2020-02-06 19:43:48.068000+00:00,spine3,sg10,obt-collector1,3,1,39,35,,,,,,,0,0,1,1,Null interface,IFT_NULL

2020-02-06 19:43:52.243000+00:00,spine3,sg10,obt-collector1,3,1,39,35,,,,,,,0,0,1,1,Null interface,IFT_NULL

2020-02-06 19:44:12.018000+00:00,spine3,sg10,obt-collector1,3,1,39,35,,,,,,,0,0,1,1,Null interface,IFT_NULL

2020-02-06 19:44:35.633000+00:00,spine3,sg10,obt-collector1,3,1,39,35,,,,,,,0,0,1,1,Null interface,IFT_NULL

2020-02-06 19:45:21.921000+00:00,spine3,sg10,obt-collector1,3,1,39,35,,,,,,,0,0,1,1,Null interface,IFT_NULL

2020-02-06 19:45:25.527000+00:00,spine3,sg10,obt-collector1,3,1,39,35,,,,,,,0,0,1,1,Null interface,IFT_NULL

2020-02-06 19:45:33.175000+00:00,spine3,sg10,obt-collector1,3,1,39,35,,,,,,,0,0,1,1,Null interface,IFT_NULL

2020-02-06 19:45:40.597000+00:00,spine3,sg10,obt-collector1,3,1,39,35,,,,,,,0,0,1,1,Null interface,IFT_NULL

2020-02-06 19:45:48.375000+00:00,spine3,sg10,obt-collector1,3,1,39,35,,,,,,,0,0,1,1,Null interface,IFT_NULL

2020-02-06 19:46:07.228000+00:00,spine3,sg10,obt-collector1,3,1,39,35,,,,,,,0,0,1,1,Null interface,IFT_NULL

2020-02-06 19:46:54.036000+00:00,spine3,sg10,obt-collector1,3,1,39,35,,,,,,,0,0,1,1,Null interface,IFT_NULL

2020-02-06 19:46:57.730000+00:00,spine3,sg10,obt-collector1,3,1,39,35,,,,,,,0,0,1,1,Null interface,IFT_NULL

2020-02-06 19:47:02.121000+00:00,spine3,sg10,obt-collector1,3,1,39,35,,,,,,,0,0,1,1,Null interface,IFT_NULL

2020-02-06 19:47:09.536000+00:00,spine3,sg10,obt-collector1,3,1,39,35,,,,,,,0,0,1,1,Null interface,IFT_NULL

2020-02-06 19:47:13.755000+00:00,spine3,sg10,obt-collector1,3,1,39,35,,,,,,,0,0,1,1,Null interface,IFT_NULL

2020-02-06 19:47:22.020000+00:00,spine3,sg10,obt-collector1,3,1,39,35,,,,,,,0,0,1,1,Null interface,IFT_NULL

2020-02-06 19:47:33.769000+00:00,spine3,sg10,obt-collector1,3,1,39,35,,,,,,,0,0,1,1,Null interface,IFT_NULL

2020-02-06 19:49:09.838000+00:00,spine3,sg10,obt-collector1,3,1,39,35,,,,,,,0,0,1,1,Null interface,IFT_NULL

2020-02-06 19:49:21.957000+00:00,spine3,sg10,obt-collector1,3,1,39,35,,,,,,,0,0,1,1,Null interface,IFT_NULL

2020-02-06 19:49:29.658000+00:00,spine3,sg10,obt-collector1,3,1,39,35,,,,,,,0,0,1,1,Null interface,IFT_NULL

2020-02-06 19:50:28.978000+00:00,spine3,sg10,obt-collector1,3,1,39,35,,,,,,,0,0,1,1,Null interface,IFT_NULL

2020-02-06 19:50:32.975000+00:00,spine3,sg10,obt-collector1,3,1,39,35,,,,,,,0,0,1,1,Null interface,IFT_NULL

2020-02-06 19:50:47.595000+00:00,spine3,sg10,obt-collector1,3,1,39,35,,,,,,,0,0,1,1,Null interface,IFT_NULL

2020-02-06 19:51:10.497000+00:00,spine3,sg10,obt-collector1,3,1,39,35,,,,,,,0,0,1,1,Null interface,IFT_NULL

2020-02-06 19:51:14.457000+00:00,spine3,sg10,obt-collector1,3,1,39,35,,,,,,,0,0,1,1,Null interface,IFT_NULL

2020-02-06 19:51:34.964000+00:00,spine3,sg10,obt-collector1,3,1,39,35,,,,,,,0,0,1,1,Null interface,IFT_NULL

2020-02-06 19:51:42.826000+00:00,spine3,sg10,obt-collector1,3,1,39,35,,,,,,,0,0,1,1,Null interface,IFT_NULL

2020-02-06 19:52:09.304000+00:00,spine3,sg10,obt-collector1,3,1,39,35,,,,,,,0,0,1,1,Null interface,IFT_NULL

2020-02-06 19:52:13.370000+00:00,spine3,sg10,obt-collector1,3,1,39,35,,,,,,,0,0,1,1,Null interface,IFT_NULL

2020-02-06 19:52:16.977000+00:00,spine3,sg10,obt-collector1,3,1,39,35,,,,,,,0,0,1,1,Null interface,IFT_NULL

2020-02-06 19:52:33.043000+00:00,spine3,sg10,obt-collector1,3,1,39,35,,,,,,,0,0,1,1,Null interface,IFT_NULL

2020-02-06 19:52:36.662000+00:00,spine3,sg10,obt-collector1,3,1,39,35,,,,,,,0,0,1,1,Null interface,IFT_NULL

2020-02-06 19:55:03.458000+00:00,spine3,sg10,obt-collector1,3,1,39,35,,,,,,,0,0,1,1,Null interface,IFT_NULL

2020-02-06 19:55:07.158000+00:00,spine3,sg10,obt-collector1,3,1,39,35,,,,,,,0,0,1,1,Null interface,IFT_NULL

2020-02-06 19:55:26.225000+00:00,spine3,sg10,obt-collector1,3,1,39,35,,,,,,,0,0,1,1,Null interface,IFT_NULL

2020-02-06 19:55:46.028000+00:00,spine3,sg10,obt-collector1,3,1,39,35,,,,,,,0,0,1,1,Null interface,IFT_NULL

2020-02-06 19:56:01.611000+00:00,spine3,sg10,obt-collector1,3,1,39,35,,,,,,,0,0,1,1,Null interface,IFT_NULL

2020-02-06 19:56:32.075000+00:00,spine3,sg10,obt-collector1,3,1,39,35,,,,,,,0,0,1,1,Null interface,IFT_NULL

2020-02-06 19:56:48.370000+00:00,spine3,sg10,obt-collector1,3,1,39,35,,,,,,,0,0,1,1,Null interface,IFT_NULL

2020-02-06 19:56:52.329000+00:00,spine3,sg10,obt-collector1,3,1,39,35,,,,,,,0,0,1,1,Null interface,IFT_NULL

2020-02-06 19:57:22.693000+00:00,spine3,sg10,obt-collector1,3,1,39,35,,,,,,,0,0,1,1,Null interface,IFT_NULL

