,Producer,Target,address-family,audit-end-time,audit-seq-number,audit-start-time,host,id,init-sync-end-time,init-sync-ready-end-time,init-sync-ready-start-time,init-sync-start-time,init-sync-timer,is-audit-in-progress,is-init-sync-error-local,is-init-sync-in-progress,is-init-sync-second-phase,is-sscb-init-sync-ready,local-instance,local-node,mode,nsr-reset-time,number-of-init-synced-sessions,number-of-sessions,number-of-sessions-init-sync-failed,number-of-synced-sessions-down-stream,number-of-synced-sessions-up-stream,pid,protect-instance,sequence-number-of-init-sync,set-id,sscb,sso-role,total-number-of-init-sync-sessions,well-known-port

2020-02-06 18:55:09.614000+00:00,leaf8,sg0,internetwork,0,0,0,obt-collector1,7f1718022418,0,0,1576487438,0,0,false,false,false,false,true,1,0/RP0/CPU0,1,0,0,0,0,0,0,6148,1,0,646,139737163768856,1,0,646

2020-02-06 18:55:09.614000+00:00,leaf8,sg0,ip-version6,0,0,0,obt-collector1,7f1718022688,0,0,1576487438,0,0,false,false,false,false,true,1,0/RP0/CPU0,1,0,0,0,0,0,0,6148,1,0,647,139737163769480,1,0,646

2020-02-06 18:56:10.263000+00:00,leaf8,sg0,internetwork,0,0,0,obt-collector1,7f1718022418,0,0,1576487438,0,0,false,false,false,false,true,1,0/RP0/CPU0,1,0,0,0,0,0,0,6148,1,0,646,139737163768856,1,0,646

2020-02-06 18:56:10.263000+00:00,leaf8,sg0,ip-version6,0,0,0,obt-collector1,7f1718022688,0,0,1576487438,0,0,false,false,false,false,true,1,0/RP0/CPU0,1,0,0,0,0,0,0,6148,1,0,647,139737163769480,1,0,646

2020-02-06 18:56:30.422000+00:00,leaf8,sg0,internetwork,0,0,0,obt-collector1,7f1718022418,0,0,1576487438,0,0,false,false,false,false,true,1,0/RP0/CPU0,1,0,0,0,0,0,0,6148,1,0,646,139737163768856,1,0,646

2020-02-06 18:56:30.422000+00:00,leaf8,sg0,ip-version6,0,0,0,obt-collector1,7f1718022688,0,0,1576487438,0,0,false,false,false,false,true,1,0/RP0/CPU0,1,0,0,0,0,0,0,6148,1,0,647,139737163769480,1,0,646

2020-02-06 18:56:40.498000+00:00,leaf8,sg0,internetwork,0,0,0,obt-collector1,7f1718022418,0,0,1576487438,0,0,false,false,false,false,true,1,0/RP0/CPU0,1,0,0,0,0,0,0,6148,1,0,646,139737163768856,1,0,646

2020-02-06 18:56:40.498000+00:00,leaf8,sg0,ip-version6,0,0,0,obt-collector1,7f1718022688,0,0,1576487438,0,0,false,false,false,false,true,1,0/RP0/CPU0,1,0,0,0,0,0,0,6148,1,0,647,139737163769480,1,0,646

2020-02-06 18:57:00.665000+00:00,leaf8,sg0,internetwork,0,0,0,obt-collector1,7f1718022418,0,0,1576487438,0,0,false,false,false,false,true,1,0/RP0/CPU0,1,0,0,0,0,0,0,6148,1,0,646,139737163768856,1,0,646

2020-02-06 18:57:00.665000+00:00,leaf8,sg0,ip-version6,0,0,0,obt-collector1,7f1718022688,0,0,1576487438,0,0,false,false,false,false,true,1,0/RP0/CPU0,1,0,0,0,0,0,0,6148,1,0,647,139737163769480,1,0,646

2020-02-06 18:57:10.739000+00:00,leaf8,sg0,internetwork,0,0,0,obt-collector1,7f1718022418,0,0,1576487438,0,0,false,false,false,false,true,1,0/RP0/CPU0,1,0,0,0,0,0,0,6148,1,0,646,139737163768856,1,0,646

2020-02-06 18:57:10.739000+00:00,leaf8,sg0,ip-version6,0,0,0,obt-collector1,7f1718022688,0,0,1576487438,0,0,false,false,false,false,true,1,0/RP0/CPU0,1,0,0,0,0,0,0,6148,1,0,647,139737163769480,1,0,646

2020-02-06 18:57:51.196000+00:00,leaf8,sg0,internetwork,0,0,0,obt-collector1,7f1718022418,0,0,1576487438,0,0,false,false,false,false,true,1,0/RP0/CPU0,1,0,0,0,0,0,0,6148,1,0,646,139737163768856,1,0,646

2020-02-06 18:57:51.196000+00:00,leaf8,sg0,ip-version6,0,0,0,obt-collector1,7f1718022688,0,0,1576487438,0,0,false,false,false,false,true,1,0/RP0/CPU0,1,0,0,0,0,0,0,6148,1,0,647,139737163769480,1,0,646

2020-02-06 18:58:41.613000+00:00,leaf8,sg0,internetwork,0,0,0,obt-collector1,7f1718022418,0,0,1576487438,0,0,false,false,false,false,true,1,0/RP0/CPU0,1,0,0,0,0,0,0,6148,1,0,646,139737163768856,1,0,646

2020-02-06 18:58:41.613000+00:00,leaf8,sg0,ip-version6,0,0,0,obt-collector1,7f1718022688,0,0,1576487438,0,0,false,false,false,false,true,1,0/RP0/CPU0,1,0,0,0,0,0,0,6148,1,0,647,139737163769480,1,0,646

2020-02-06 18:59:43.147000+00:00,leaf8,sg0,internetwork,0,0,0,obt-collector1,7f1718022418,0,0,1576487438,0,0,false,false,false,false,true,1,0/RP0/CPU0,1,0,0,0,0,0,0,6148,1,0,646,139737163768856,1,0,646

2020-02-06 18:59:43.147000+00:00,leaf8,sg0,ip-version6,0,0,0,obt-collector1,7f1718022688,0,0,1576487438,0,0,false,false,false,false,true,1,0/RP0/CPU0,1,0,0,0,0,0,0,6148,1,0,647,139737163769480,1,0,646

2020-02-06 19:00:03.288000+00:00,leaf8,sg0,internetwork,0,0,0,obt-collector1,7f1718022418,0,0,1576487438,0,0,false,false,false,false,true,1,0/RP0/CPU0,1,0,0,0,0,0,0,6148,1,0,646,139737163768856,1,0,646

2020-02-06 19:00:03.288000+00:00,leaf8,sg0,ip-version6,0,0,0,obt-collector1,7f1718022688,0,0,1576487438,0,0,false,false,false,false,true,1,0/RP0/CPU0,1,0,0,0,0,0,0,6148,1,0,647,139737163769480,1,0,646

2020-02-06 19:00:13.372000+00:00,leaf8,sg0,internetwork,0,0,0,obt-collector1,7f1718022418,0,0,1576487438,0,0,false,false,false,false,true,1,0/RP0/CPU0,1,0,0,0,0,0,0,6148,1,0,646,139737163768856,1,0,646

2020-02-06 19:00:13.372000+00:00,leaf8,sg0,ip-version6,0,0,0,obt-collector1,7f1718022688,0,0,1576487438,0,0,false,false,false,false,true,1,0/RP0/CPU0,1,0,0,0,0,0,0,6148,1,0,647,139737163769480,1,0,646

2020-02-06 19:00:23.455000+00:00,leaf8,sg0,internetwork,0,0,0,obt-collector1,7f1718022418,0,0,1576487438,0,0,false,false,false,false,true,1,0/RP0/CPU0,1,0,0,0,0,0,0,6148,1,0,646,139737163768856,1,0,646

2020-02-06 19:00:23.455000+00:00,leaf8,sg0,ip-version6,0,0,0,obt-collector1,7f1718022688,0,0,1576487438,0,0,false,false,false,false,true,1,0/RP0/CPU0,1,0,0,0,0,0,0,6148,1,0,647,139737163769480,1,0,646

2020-02-06 19:00:33.523000+00:00,leaf8,sg0,internetwork,0,0,0,obt-collector1,7f1718022418,0,0,1576487438,0,0,false,false,false,false,true,1,0/RP0/CPU0,1,0,0,0,0,0,0,6148,1,0,646,139737163768856,1,0,646

2020-02-06 19:00:33.523000+00:00,leaf8,sg0,ip-version6,0,0,0,obt-collector1,7f1718022688,0,0,1576487438,0,0,false,false,false,false,true,1,0/RP0/CPU0,1,0,0,0,0,0,0,6148,1,0,647,139737163769480,1,0,646

2020-02-06 19:01:34.020000+00:00,leaf8,sg0,internetwork,0,0,0,obt-collector1,7f1718022418,0,0,1576487438,0,0,false,false,false,false,true,1,0/RP0/CPU0,1,0,0,0,0,0,0,6148,1,0,646,139737163768856,1,0,646

2020-02-06 19:01:34.020000+00:00,leaf8,sg0,ip-version6,0,0,0,obt-collector1,7f1718022688,0,0,1576487438,0,0,false,false,false,false,true,1,0/RP0/CPU0,1,0,0,0,0,0,0,6148,1,0,647,139737163769480,1,0,646

2020-02-06 19:01:54.171000+00:00,leaf8,sg0,internetwork,0,0,0,obt-collector1,7f1718022418,0,0,1576487438,0,0,false,false,false,false,true,1,0/RP0/CPU0,1,0,0,0,0,0,0,6148,1,0,646,139737163768856,1,0,646

2020-02-06 19:01:54.172000+00:00,leaf8,sg0,ip-version6,0,0,0,obt-collector1,7f1718022688,0,0,1576487438,0,0,false,false,false,false,true,1,0/RP0/CPU0,1,0,0,0,0,0,0,6148,1,0,647,139737163769480,1,0,646

2020-02-06 19:02:04.251000+00:00,leaf8,sg0,internetwork,0,0,0,obt-collector1,7f1718022418,0,0,1576487438,0,0,false,false,false,false,true,1,0/RP0/CPU0,1,0,0,0,0,0,0,6148,1,0,646,139737163768856,1,0,646

2020-02-06 19:02:04.251000+00:00,leaf8,sg0,ip-version6,0,0,0,obt-collector1,7f1718022688,0,0,1576487438,0,0,false,false,false,false,true,1,0/RP0/CPU0,1,0,0,0,0,0,0,6148,1,0,647,139737163769480,1,0,646

2020-02-06 19:02:14.324000+00:00,leaf8,sg0,internetwork,0,0,0,obt-collector1,7f1718022418,0,0,1576487438,0,0,false,false,false,false,true,1,0/RP0/CPU0,1,0,0,0,0,0,0,6148,1,0,646,139737163768856,1,0,646

2020-02-06 19:02:14.324000+00:00,leaf8,sg0,ip-version6,0,0,0,obt-collector1,7f1718022688,0,0,1576487438,0,0,false,false,false,false,true,1,0/RP0/CPU0,1,0,0,0,0,0,0,6148,1,0,647,139737163769480,1,0,646

2020-02-06 19:03:05.282000+00:00,leaf8,sg0,internetwork,0,0,0,obt-collector1,7f1718022418,0,0,1576487438,0,0,false,false,false,false,true,1,0/RP0/CPU0,1,0,0,0,0,0,0,6148,1,0,646,139737163768856,1,0,646

2020-02-06 19:03:05.282000+00:00,leaf8,sg0,ip-version6,0,0,0,obt-collector1,7f1718022688,0,0,1576487438,0,0,false,false,false,false,true,1,0/RP0/CPU0,1,0,0,0,0,0,0,6148,1,0,647,139737163769480,1,0,646

2020-02-06 19:03:35.975000+00:00,leaf8,sg0,internetwork,0,0,0,obt-collector1,7f1718022418,0,0,1576487438,0,0,false,false,false,false,true,1,0/RP0/CPU0,1,0,0,0,0,0,0,6148,1,0,646,139737163768856,1,0,646

2020-02-06 19:03:35.975000+00:00,leaf8,sg0,ip-version6,0,0,0,obt-collector1,7f1718022688,0,0,1576487438,0,0,false,false,false,false,true,1,0/RP0/CPU0,1,0,0,0,0,0,0,6148,1,0,647,139737163769480,1,0,646

2020-02-06 19:03:56.151000+00:00,leaf8,sg0,internetwork,0,0,0,obt-collector1,7f1718022418,0,0,1576487438,0,0,false,false,false,false,true,1,0/RP0/CPU0,1,0,0,0,0,0,0,6148,1,0,646,139737163768856,1,0,646

2020-02-06 19:03:56.151000+00:00,leaf8,sg0,ip-version6,0,0,0,obt-collector1,7f1718022688,0,0,1576487438,0,0,false,false,false,false,true,1,0/RP0/CPU0,1,0,0,0,0,0,0,6148,1,0,647,139737163769480,1,0,646

2020-02-06 19:05:06.992000+00:00,leaf8,sg0,internetwork,0,0,0,obt-collector1,7f1718022418,0,0,1576487438,0,0,false,false,false,false,true,1,0/RP0/CPU0,1,0,0,0,0,0,0,6148,1,0,646,139737163768856,1,0,646

2020-02-06 19:05:06.992000+00:00,leaf8,sg0,ip-version6,0,0,0,obt-collector1,7f1718022688,0,0,1576487438,0,0,false,false,false,false,true,1,0/RP0/CPU0,1,0,0,0,0,0,0,6148,1,0,647,139737163769480,1,0,646

2020-02-06 19:05:17.078000+00:00,leaf8,sg0,internetwork,0,0,0,obt-collector1,7f1718022418,0,0,1576487438,0,0,false,false,false,false,true,1,0/RP0/CPU0,1,0,0,0,0,0,0,6148,1,0,646,139737163768856,1,0,646

2020-02-06 19:05:17.078000+00:00,leaf8,sg0,ip-version6,0,0,0,obt-collector1,7f1718022688,0,0,1576487438,0,0,false,false,false,false,true,1,0/RP0/CPU0,1,0,0,0,0,0,0,6148,1,0,647,139737163769480,1,0,646

2020-02-06 19:06:17.573000+00:00,leaf8,sg0,internetwork,0,0,0,obt-collector1,7f1718022418,0,0,1576487438,0,0,false,false,false,false,true,1,0/RP0/CPU0,1,0,0,0,0,0,0,6148,1,0,646,139737163768856,1,0,646

2020-02-06 19:06:17.574000+00:00,leaf8,sg0,ip-version6,0,0,0,obt-collector1,7f1718022688,0,0,1576487438,0,0,false,false,false,false,true,1,0/RP0/CPU0,1,0,0,0,0,0,0,6148,1,0,647,139737163769480,1,0,646

2020-02-06 19:06:27.656000+00:00,leaf8,sg0,internetwork,0,0,0,obt-collector1,7f1718022418,0,0,1576487438,0,0,false,false,false,false,true,1,0/RP0/CPU0,1,0,0,0,0,0,0,6148,1,0,646,139737163768856,1,0,646

2020-02-06 19:06:27.656000+00:00,leaf8,sg0,ip-version6,0,0,0,obt-collector1,7f1718022688,0,0,1576487438,0,0,false,false,false,false,true,1,0/RP0/CPU0,1,0,0,0,0,0,0,6148,1,0,647,139737163769480,1,0,646

2020-02-06 19:07:19.390000+00:00,leaf8,sg0,internetwork,0,0,0,obt-collector1,7f1718022418,0,0,1576487438,0,0,false,false,false,false,true,1,0/RP0/CPU0,1,0,0,0,0,0,0,6148,1,0,646,139737163768856,1,0,646

2020-02-06 19:07:19.390000+00:00,leaf8,sg0,ip-version6,0,0,0,obt-collector1,7f1718022688,0,0,1576487438,0,0,false,false,false,false,true,1,0/RP0/CPU0,1,0,0,0,0,0,0,6148,1,0,647,139737163769480,1,0,646

2020-02-06 19:07:59.707000+00:00,leaf8,sg0,internetwork,0,0,0,obt-collector1,7f1718022418,0,0,1576487438,0,0,false,false,false,false,true,1,0/RP0/CPU0,1,0,0,0,0,0,0,6148,1,0,646,139737163768856,1,0,646

2020-02-06 19:07:59.707000+00:00,leaf8,sg0,ip-version6,0,0,0,obt-collector1,7f1718022688,0,0,1576487438,0,0,false,false,false,false,true,1,0/RP0/CPU0,1,0,0,0,0,0,0,6148,1,0,647,139737163769480,1,0,646

