,Producer,Target,host,node-name,protocol-name,sesa-num-client,sesa-pl-sum/sep-num-ecd-pathlist,sesa-pl-sum/sep-num-ecd-pl-per-interest/entry,sesa-pl-sum/sep-num-ecd-pl-unresolved

2020-02-06 18:54:52.633000+00:00,leaf8,sg4,obt-collector1,0/0/CPU0,ipv4,6,23,0,0

2020-02-06 18:54:52.635000+00:00,leaf8,sg4,obt-collector1,0/0/CPU0,ipv6,4,0,0,0

2020-02-06 18:54:52.637000+00:00,leaf8,sg4,obt-collector1,0/0/CPU0,mpls,0,0,0,0

2020-02-06 18:54:52.647000+00:00,leaf8,sg4,obt-collector1,0/RP0/CPU0,ipv4,6,0,0,0

2020-02-06 18:54:52.649000+00:00,leaf8,sg4,obt-collector1,0/RP0/CPU0,ipv6,1,0,0,0

2020-02-06 18:54:52.653000+00:00,leaf8,sg4,obt-collector1,0/RP0/CPU0,mpls,0,0,0,0

2020-02-06 18:55:06.343000+00:00,leaf8,sg4,obt-collector1,0/0/CPU0,ipv4,6,23,0,0

2020-02-06 18:55:06.344000+00:00,leaf8,sg4,obt-collector1,0/0/CPU0,ipv6,4,0,0,0

2020-02-06 18:55:06.346000+00:00,leaf8,sg4,obt-collector1,0/0/CPU0,mpls,0,0,0,0

2020-02-06 18:55:06.350000+00:00,leaf8,sg4,obt-collector1,0/RP0/CPU0,ipv4,6,0,0,0

2020-02-06 18:55:06.351000+00:00,leaf8,sg4,obt-collector1,0/RP0/CPU0,ipv6,1,0,0,0

2020-02-06 18:55:06.352000+00:00,leaf8,sg4,obt-collector1,0/RP0/CPU0,mpls,0,0,0,0

2020-02-06 18:55:20.555000+00:00,leaf8,sg4,obt-collector1,0/0/CPU0,ipv4,6,23,0,0

2020-02-06 18:55:20.557000+00:00,leaf8,sg4,obt-collector1,0/0/CPU0,ipv6,4,0,0,0

2020-02-06 18:55:20.560000+00:00,leaf8,sg4,obt-collector1,0/0/CPU0,mpls,0,0,0,0

2020-02-06 18:55:20.566000+00:00,leaf8,sg4,obt-collector1,0/RP0/CPU0,ipv4,6,0,0,0

2020-02-06 18:55:20.568000+00:00,leaf8,sg4,obt-collector1,0/RP0/CPU0,ipv6,1,0,0,0

2020-02-06 18:55:20.569000+00:00,leaf8,sg4,obt-collector1,0/RP0/CPU0,mpls,0,0,0,0

2020-02-06 18:55:34.710000+00:00,leaf8,sg4,obt-collector1,0/0/CPU0,ipv4,6,23,0,0

2020-02-06 18:55:34.712000+00:00,leaf8,sg4,obt-collector1,0/0/CPU0,ipv6,4,0,0,0

2020-02-06 18:55:34.714000+00:00,leaf8,sg4,obt-collector1,0/0/CPU0,mpls,0,0,0,0

2020-02-06 18:55:34.720000+00:00,leaf8,sg4,obt-collector1,0/RP0/CPU0,ipv4,6,0,0,0

2020-02-06 18:55:34.721000+00:00,leaf8,sg4,obt-collector1,0/RP0/CPU0,ipv6,1,0,0,0

2020-02-06 18:55:34.724000+00:00,leaf8,sg4,obt-collector1,0/RP0/CPU0,mpls,0,0,0,0

2020-02-06 18:55:48.766000+00:00,leaf8,sg4,obt-collector1,0/0/CPU0,ipv4,6,23,0,0

2020-02-06 18:55:48.768000+00:00,leaf8,sg4,obt-collector1,0/0/CPU0,ipv6,4,0,0,0

2020-02-06 18:55:48.774000+00:00,leaf8,sg4,obt-collector1,0/0/CPU0,mpls,0,0,0,0

2020-02-06 18:55:48.779000+00:00,leaf8,sg4,obt-collector1,0/RP0/CPU0,ipv4,6,0,0,0

2020-02-06 18:55:48.780000+00:00,leaf8,sg4,obt-collector1,0/RP0/CPU0,ipv6,1,0,0,0

2020-02-06 18:55:48.782000+00:00,leaf8,sg4,obt-collector1,0/RP0/CPU0,mpls,0,0,0,0

2020-02-06 18:56:02.588000+00:00,leaf8,sg4,obt-collector1,0/0/CPU0,ipv4,6,23,0,0

2020-02-06 18:56:02.590000+00:00,leaf8,sg4,obt-collector1,0/0/CPU0,ipv6,4,0,0,0

2020-02-06 18:56:02.591000+00:00,leaf8,sg4,obt-collector1,0/0/CPU0,mpls,0,0,0,0

2020-02-06 18:56:02.594000+00:00,leaf8,sg4,obt-collector1,0/RP0/CPU0,ipv4,6,0,0,0

2020-02-06 18:56:02.595000+00:00,leaf8,sg4,obt-collector1,0/RP0/CPU0,ipv6,1,0,0,0

2020-02-06 18:56:02.596000+00:00,leaf8,sg4,obt-collector1,0/RP0/CPU0,mpls,0,0,0,0

2020-02-06 18:56:16.458000+00:00,leaf8,sg4,obt-collector1,0/0/CPU0,ipv4,6,23,0,0

2020-02-06 18:56:16.460000+00:00,leaf8,sg4,obt-collector1,0/0/CPU0,ipv6,4,0,0,0

2020-02-06 18:56:16.463000+00:00,leaf8,sg4,obt-collector1,0/0/CPU0,mpls,0,0,0,0

2020-02-06 18:56:16.467000+00:00,leaf8,sg4,obt-collector1,0/RP0/CPU0,ipv4,6,0,0,0

2020-02-06 18:56:16.469000+00:00,leaf8,sg4,obt-collector1,0/RP0/CPU0,ipv6,1,0,0,0

2020-02-06 18:56:16.470000+00:00,leaf8,sg4,obt-collector1,0/RP0/CPU0,mpls,0,0,0,0

2020-02-06 18:56:30.060000+00:00,leaf8,sg4,obt-collector1,0/0/CPU0,ipv4,6,23,0,0

2020-02-06 18:56:30.062000+00:00,leaf8,sg4,obt-collector1,0/0/CPU0,ipv6,4,0,0,0

2020-02-06 18:56:30.063000+00:00,leaf8,sg4,obt-collector1,0/0/CPU0,mpls,0,0,0,0

2020-02-06 18:56:30.066000+00:00,leaf8,sg4,obt-collector1,0/RP0/CPU0,ipv4,6,0,0,0

2020-02-06 18:56:30.067000+00:00,leaf8,sg4,obt-collector1,0/RP0/CPU0,ipv6,1,0,0,0

2020-02-06 18:56:30.068000+00:00,leaf8,sg4,obt-collector1,0/RP0/CPU0,mpls,0,0,0,0

2020-02-06 18:57:25.836000+00:00,leaf8,sg4,obt-collector1,0/0/CPU0,ipv4,6,23,0,0

2020-02-06 18:57:25.837000+00:00,leaf8,sg4,obt-collector1,0/0/CPU0,ipv6,4,0,0,0

2020-02-06 18:57:25.838000+00:00,leaf8,sg4,obt-collector1,0/0/CPU0,mpls,0,0,0,0

2020-02-06 18:57:25.845000+00:00,leaf8,sg4,obt-collector1,0/RP0/CPU0,ipv4,6,0,0,0

2020-02-06 18:57:25.846000+00:00,leaf8,sg4,obt-collector1,0/RP0/CPU0,ipv6,1,0,0,0

2020-02-06 18:57:25.848000+00:00,leaf8,sg4,obt-collector1,0/RP0/CPU0,mpls,0,0,0,0

2020-02-06 18:57:39.692000+00:00,leaf8,sg4,obt-collector1,0/0/CPU0,ipv4,6,23,0,0

2020-02-06 18:57:39.693000+00:00,leaf8,sg4,obt-collector1,0/0/CPU0,ipv6,4,0,0,0

2020-02-06 18:57:39.694000+00:00,leaf8,sg4,obt-collector1,0/0/CPU0,mpls,0,0,0,0

2020-02-06 18:57:39.697000+00:00,leaf8,sg4,obt-collector1,0/RP0/CPU0,ipv4,6,0,0,0

2020-02-06 18:57:39.698000+00:00,leaf8,sg4,obt-collector1,0/RP0/CPU0,ipv6,1,0,0,0

2020-02-06 18:57:39.699000+00:00,leaf8,sg4,obt-collector1,0/RP0/CPU0,mpls,0,0,0,0

2020-02-06 18:57:53.701000+00:00,leaf8,sg4,obt-collector1,0/0/CPU0,ipv4,6,23,0,0

2020-02-06 18:57:53.703000+00:00,leaf8,sg4,obt-collector1,0/0/CPU0,ipv6,4,0,0,0

2020-02-06 18:57:53.704000+00:00,leaf8,sg4,obt-collector1,0/0/CPU0,mpls,0,0,0,0

2020-02-06 18:57:53.709000+00:00,leaf8,sg4,obt-collector1,0/RP0/CPU0,ipv4,6,0,0,0

2020-02-06 18:57:53.710000+00:00,leaf8,sg4,obt-collector1,0/RP0/CPU0,ipv6,1,0,0,0

2020-02-06 18:57:53.711000+00:00,leaf8,sg4,obt-collector1,0/RP0/CPU0,mpls,0,0,0,0

2020-02-06 18:58:48.850000+00:00,leaf8,sg4,obt-collector1,0/0/CPU0,ipv4,6,23,0,0

2020-02-06 18:58:48.851000+00:00,leaf8,sg4,obt-collector1,0/0/CPU0,ipv6,4,0,0,0

2020-02-06 18:58:48.853000+00:00,leaf8,sg4,obt-collector1,0/0/CPU0,mpls,0,0,0,0

2020-02-06 18:58:48.857000+00:00,leaf8,sg4,obt-collector1,0/RP0/CPU0,ipv4,6,0,0,0

2020-02-06 18:58:48.859000+00:00,leaf8,sg4,obt-collector1,0/RP0/CPU0,ipv6,1,0,0,0

2020-02-06 18:58:48.860000+00:00,leaf8,sg4,obt-collector1,0/RP0/CPU0,mpls,0,0,0,0

2020-02-06 18:59:16.906000+00:00,leaf8,sg4,obt-collector1,0/0/CPU0,ipv4,6,23,0,0

2020-02-06 18:59:16.907000+00:00,leaf8,sg4,obt-collector1,0/0/CPU0,ipv6,4,0,0,0

2020-02-06 18:59:16.909000+00:00,leaf8,sg4,obt-collector1,0/0/CPU0,mpls,0,0,0,0

2020-02-06 18:59:16.913000+00:00,leaf8,sg4,obt-collector1,0/RP0/CPU0,ipv4,6,0,0,0

2020-02-06 18:59:16.917000+00:00,leaf8,sg4,obt-collector1,0/RP0/CPU0,ipv6,1,0,0,0

2020-02-06 18:59:16.920000+00:00,leaf8,sg4,obt-collector1,0/RP0/CPU0,mpls,0,0,0,0

2020-02-06 19:01:23.645000+00:00,leaf8,sg4,obt-collector1,0/0/CPU0,ipv4,6,23,0,0

2020-02-06 19:01:23.646000+00:00,leaf8,sg4,obt-collector1,0/0/CPU0,ipv6,4,0,0,0

2020-02-06 19:01:23.648000+00:00,leaf8,sg4,obt-collector1,0/0/CPU0,mpls,0,0,0,0

2020-02-06 19:01:23.651000+00:00,leaf8,sg4,obt-collector1,0/RP0/CPU0,ipv4,6,0,0,0

2020-02-06 19:01:23.652000+00:00,leaf8,sg4,obt-collector1,0/RP0/CPU0,ipv6,1,0,0,0

2020-02-06 19:01:23.654000+00:00,leaf8,sg4,obt-collector1,0/RP0/CPU0,mpls,0,0,0,0

2020-02-06 19:05:36.964000+00:00,leaf8,sg4,obt-collector1,0/0/CPU0,ipv4,6,23,0,0

2020-02-06 19:05:36.966000+00:00,leaf8,sg4,obt-collector1,0/0/CPU0,ipv6,4,0,0,0

2020-02-06 19:05:36.968000+00:00,leaf8,sg4,obt-collector1,0/0/CPU0,mpls,0,0,0,0

2020-02-06 19:05:36.972000+00:00,leaf8,sg4,obt-collector1,0/RP0/CPU0,ipv4,6,0,0,0

2020-02-06 19:05:36.973000+00:00,leaf8,sg4,obt-collector1,0/RP0/CPU0,ipv6,1,0,0,0

2020-02-06 19:05:36.975000+00:00,leaf8,sg4,obt-collector1,0/RP0/CPU0,mpls,0,0,0,0

2020-02-06 19:06:05.980000+00:00,leaf8,sg4,obt-collector1,0/0/CPU0,ipv4,6,23,0,0

2020-02-06 19:06:05.982000+00:00,leaf8,sg4,obt-collector1,0/0/CPU0,ipv6,4,0,0,0

2020-02-06 19:06:05.984000+00:00,leaf8,sg4,obt-collector1,0/0/CPU0,mpls,0,0,0,0

2020-02-06 19:06:05.989000+00:00,leaf8,sg4,obt-collector1,0/RP0/CPU0,ipv4,6,0,0,0

2020-02-06 19:06:05.990000+00:00,leaf8,sg4,obt-collector1,0/RP0/CPU0,ipv6,1,0,0,0

2020-02-06 19:06:05.992000+00:00,leaf8,sg4,obt-collector1,0/RP0/CPU0,mpls,0,0,0,0

2020-02-06 19:07:15.925000+00:00,leaf8,sg4,obt-collector1,0/0/CPU0,ipv4,6,23,0,0

2020-02-06 19:07:15.926000+00:00,leaf8,sg4,obt-collector1,0/0/CPU0,ipv6,4,0,0,0

2020-02-06 19:07:15.939000+00:00,leaf8,sg4,obt-collector1,0/0/CPU0,mpls,0,0,0,0

2020-02-06 19:07:15.943000+00:00,leaf8,sg4,obt-collector1,0/RP0/CPU0,ipv4,6,0,0,0

2020-02-06 19:07:15.945000+00:00,leaf8,sg4,obt-collector1,0/RP0/CPU0,ipv6,1,0,0,0

2020-02-06 19:07:15.946000+00:00,leaf8,sg4,obt-collector1,0/RP0/CPU0,mpls,0,0,0,0

2020-02-06 19:07:29.796000+00:00,leaf8,sg4,obt-collector1,0/0/CPU0,ipv4,6,23,0,0

2020-02-06 19:07:29.797000+00:00,leaf8,sg4,obt-collector1,0/0/CPU0,ipv6,4,0,0,0

2020-02-06 19:07:29.799000+00:00,leaf8,sg4,obt-collector1,0/0/CPU0,mpls,0,0,0,0

2020-02-06 19:07:29.804000+00:00,leaf8,sg4,obt-collector1,0/RP0/CPU0,ipv4,6,0,0,0

2020-02-06 19:07:29.806000+00:00,leaf8,sg4,obt-collector1,0/RP0/CPU0,ipv6,1,0,0,0

2020-02-06 19:07:29.807000+00:00,leaf8,sg4,obt-collector1,0/RP0/CPU0,mpls,0,0,0,0

2020-02-06 19:07:43.728000+00:00,leaf8,sg4,obt-collector1,0/0/CPU0,ipv4,6,23,0,0

2020-02-06 19:07:43.729000+00:00,leaf8,sg4,obt-collector1,0/0/CPU0,ipv6,4,0,0,0

2020-02-06 19:07:43.731000+00:00,leaf8,sg4,obt-collector1,0/0/CPU0,mpls,0,0,0,0

2020-02-06 19:07:43.749000+00:00,leaf8,sg4,obt-collector1,0/RP0/CPU0,ipv4,6,0,0,0

2020-02-06 19:07:43.751000+00:00,leaf8,sg4,obt-collector1,0/RP0/CPU0,ipv6,1,0,0,0

2020-02-06 19:07:43.754000+00:00,leaf8,sg4,obt-collector1,0/RP0/CPU0,mpls,0,0,0,0

