,Producer,Target,cntr-engine/apps-info/app-type,cntr-engine/apps-info/num-cntrs-for-app,cntr-engine/apps-info/num-cntrs-used,cntr-engine/core-id,cntr-engine/state,host,next-avail-cp-id,node-name,num-cntr-engines,resource,sys-cp-cnfg-prof

2020-02-06 18:56:26.693000+00:00,leaf8,sg15,Interface TX,16384,0,1,In use,obt-collector1,4,0/0/CPU0,16,encap,0

2020-02-06 18:56:26.693000+00:00,leaf8,sg15,Interface TX,16384,0,1,In use,obt-collector1,4,0/0/CPU0,16,lpm,0

2020-02-06 18:56:26.693000+00:00,leaf8,sg15,Interface TX,16384,0,1,In use,obt-collector1,4,0/0/CPU0,16,ext-tcam-ipv4,0

2020-02-06 18:56:26.693000+00:00,leaf8,sg15,Interface TX,16384,0,1,In use,obt-collector1,4,0/0/CPU0,16,lem,0

2020-02-06 18:57:15.744000+00:00,leaf8,sg15,Interface TX,16384,0,1,In use,obt-collector1,4,0/0/CPU0,16,ext-tcam-ipv4,0

2020-02-06 18:57:15.744000+00:00,leaf8,sg15,Interface TX,16384,0,1,In use,obt-collector1,4,0/0/CPU0,16,lem,0

2020-02-06 18:57:15.744000+00:00,leaf8,sg15,Interface TX,16384,0,1,In use,obt-collector1,4,0/0/CPU0,16,encap,0

2020-02-06 18:57:15.744000+00:00,leaf8,sg15,Interface TX,16384,0,1,In use,obt-collector1,4,0/0/CPU0,16,lpm,0

2020-02-06 18:57:28.218000+00:00,leaf8,sg15,Interface TX,16384,0,1,In use,obt-collector1,4,0/0/CPU0,16,encap,0

2020-02-06 18:57:28.218000+00:00,leaf8,sg15,Interface TX,16384,0,1,In use,obt-collector1,4,0/0/CPU0,16,lpm,0

2020-02-06 18:57:28.218000+00:00,leaf8,sg15,Interface TX,16384,0,1,In use,obt-collector1,4,0/0/CPU0,16,ext-tcam-ipv4,0

2020-02-06 18:57:28.218000+00:00,leaf8,sg15,Interface TX,16384,0,1,In use,obt-collector1,4,0/0/CPU0,16,lem,0

2020-02-06 18:58:18.981000+00:00,leaf8,sg15,Interface TX,16384,0,1,In use,obt-collector1,4,0/0/CPU0,16,ext-tcam-ipv4,0

2020-02-06 18:58:18.981000+00:00,leaf8,sg15,Interface TX,16384,0,1,In use,obt-collector1,4,0/0/CPU0,16,lem,0

2020-02-06 18:58:18.981000+00:00,leaf8,sg15,Interface TX,16384,0,1,In use,obt-collector1,4,0/0/CPU0,16,encap,0

2020-02-06 18:58:18.981000+00:00,leaf8,sg15,Interface TX,16384,0,1,In use,obt-collector1,4,0/0/CPU0,16,lpm,0

2020-02-06 18:58:31.318000+00:00,leaf8,sg15,Interface TX,16384,0,1,In use,obt-collector1,4,0/0/CPU0,16,encap,0

2020-02-06 18:58:31.318000+00:00,leaf8,sg15,Interface TX,16384,0,1,In use,obt-collector1,4,0/0/CPU0,16,lpm,0

2020-02-06 18:58:31.318000+00:00,leaf8,sg15,Interface TX,16384,0,1,In use,obt-collector1,4,0/0/CPU0,16,ext-tcam-ipv4,0

2020-02-06 18:58:31.318000+00:00,leaf8,sg15,Interface TX,16384,0,1,In use,obt-collector1,4,0/0/CPU0,16,lem,0

2020-02-06 18:59:07.458000+00:00,leaf8,sg15,Interface TX,16384,0,1,In use,obt-collector1,4,0/0/CPU0,16,ext-tcam-ipv4,0

2020-02-06 18:59:07.458000+00:00,leaf8,sg15,Interface TX,16384,0,1,In use,obt-collector1,4,0/0/CPU0,16,lem,0

2020-02-06 18:59:07.458000+00:00,leaf8,sg15,Interface TX,16384,0,1,In use,obt-collector1,4,0/0/CPU0,16,encap,0

2020-02-06 18:59:07.458000+00:00,leaf8,sg15,Interface TX,16384,0,1,In use,obt-collector1,4,0/0/CPU0,16,lpm,0

2020-02-06 18:59:33.670000+00:00,leaf8,sg15,Interface TX,16384,0,1,In use,obt-collector1,4,0/0/CPU0,16,encap,0

2020-02-06 18:59:33.670000+00:00,leaf8,sg15,Interface TX,16384,0,1,In use,obt-collector1,4,0/0/CPU0,16,lpm,0

2020-02-06 18:59:33.670000+00:00,leaf8,sg15,Interface TX,16384,0,1,In use,obt-collector1,4,0/0/CPU0,16,ext-tcam-ipv4,0

2020-02-06 18:59:33.670000+00:00,leaf8,sg15,Interface TX,16384,0,1,In use,obt-collector1,4,0/0/CPU0,16,lem,0

2020-02-06 19:00:09.593000+00:00,leaf8,sg15,Interface TX,16384,0,1,In use,obt-collector1,4,0/0/CPU0,16,ext-tcam-ipv4,0

2020-02-06 19:00:09.593000+00:00,leaf8,sg15,Interface TX,16384,0,1,In use,obt-collector1,4,0/0/CPU0,16,lem,0

2020-02-06 19:00:09.593000+00:00,leaf8,sg15,Interface TX,16384,0,1,In use,obt-collector1,4,0/0/CPU0,16,encap,0

2020-02-06 19:00:09.593000+00:00,leaf8,sg15,Interface TX,16384,0,1,In use,obt-collector1,4,0/0/CPU0,16,lpm,0

2020-02-06 19:00:33.887000+00:00,leaf8,sg15,Interface TX,16384,0,1,In use,obt-collector1,4,0/0/CPU0,16,encap,0

2020-02-06 19:00:33.887000+00:00,leaf8,sg15,Interface TX,16384,0,1,In use,obt-collector1,4,0/0/CPU0,16,lpm,0

2020-02-06 19:00:33.887000+00:00,leaf8,sg15,Interface TX,16384,0,1,In use,obt-collector1,4,0/0/CPU0,16,ext-tcam-ipv4,0

2020-02-06 19:00:33.887000+00:00,leaf8,sg15,Interface TX,16384,0,1,In use,obt-collector1,4,0/0/CPU0,16,lem,0

2020-02-06 19:01:11.729000+00:00,leaf8,sg15,Interface TX,16384,0,1,In use,obt-collector1,4,0/0/CPU0,16,ext-tcam-ipv4,0

2020-02-06 19:01:11.729000+00:00,leaf8,sg15,Interface TX,16384,0,1,In use,obt-collector1,4,0/0/CPU0,16,lem,0

2020-02-06 19:01:11.729000+00:00,leaf8,sg15,Interface TX,16384,0,1,In use,obt-collector1,4,0/0/CPU0,16,encap,0

2020-02-06 19:01:11.729000+00:00,leaf8,sg15,Interface TX,16384,0,1,In use,obt-collector1,4,0/0/CPU0,16,lpm,0

2020-02-06 19:01:22.977000+00:00,leaf8,sg15,Interface TX,16384,0,1,In use,obt-collector1,4,0/0/CPU0,16,encap,0

2020-02-06 19:01:22.977000+00:00,leaf8,sg15,Interface TX,16384,0,1,In use,obt-collector1,4,0/0/CPU0,16,lpm,0

2020-02-06 19:01:22.977000+00:00,leaf8,sg15,Interface TX,16384,0,1,In use,obt-collector1,4,0/0/CPU0,16,ext-tcam-ipv4,0

2020-02-06 19:01:22.977000+00:00,leaf8,sg15,Interface TX,16384,0,1,In use,obt-collector1,4,0/0/CPU0,16,lem,0

2020-02-06 19:01:36.535000+00:00,leaf8,sg15,Interface TX,16384,0,1,In use,obt-collector1,4,0/0/CPU0,16,encap,0

2020-02-06 19:01:36.535000+00:00,leaf8,sg15,Interface TX,16384,0,1,In use,obt-collector1,4,0/0/CPU0,16,lem,0

2020-02-06 19:01:36.535000+00:00,leaf8,sg15,Interface TX,16384,0,1,In use,obt-collector1,4,0/0/CPU0,16,lpm,0

2020-02-06 19:01:36.536000+00:00,leaf8,sg15,Interface TX,16384,0,1,In use,obt-collector1,4,0/0/CPU0,16,ext-tcam-ipv4,0

2020-02-06 19:02:49.957000+00:00,leaf8,sg15,Interface TX,16384,0,1,In use,obt-collector1,4,0/0/CPU0,16,lpm,0

2020-02-06 19:02:49.957000+00:00,leaf8,sg15,Interface TX,16384,0,1,In use,obt-collector1,4,0/0/CPU0,16,ext-tcam-ipv4,0

2020-02-06 19:02:49.957000+00:00,leaf8,sg15,Interface TX,16384,0,1,In use,obt-collector1,4,0/0/CPU0,16,lem,0

2020-02-06 19:02:49.957000+00:00,leaf8,sg15,Interface TX,16384,0,1,In use,obt-collector1,4,0/0/CPU0,16,encap,0

2020-02-06 19:03:38.306000+00:00,leaf8,sg15,Interface TX,16384,0,1,In use,obt-collector1,4,0/0/CPU0,16,lem,0

2020-02-06 19:03:38.306000+00:00,leaf8,sg15,Interface TX,16384,0,1,In use,obt-collector1,4,0/0/CPU0,16,encap,0

2020-02-06 19:03:38.306000+00:00,leaf8,sg15,Interface TX,16384,0,1,In use,obt-collector1,4,0/0/CPU0,16,lpm,0

2020-02-06 19:03:38.306000+00:00,leaf8,sg15,Interface TX,16384,0,1,In use,obt-collector1,4,0/0/CPU0,16,ext-tcam-ipv4,0

2020-02-06 19:03:50.382000+00:00,leaf8,sg15,Interface TX,16384,0,1,In use,obt-collector1,4,0/0/CPU0,16,lpm,0

2020-02-06 19:03:50.382000+00:00,leaf8,sg15,Interface TX,16384,0,1,In use,obt-collector1,4,0/0/CPU0,16,ext-tcam-ipv4,0

2020-02-06 19:03:50.382000+00:00,leaf8,sg15,Interface TX,16384,0,1,In use,obt-collector1,4,0/0/CPU0,16,lem,0

2020-02-06 19:03:50.382000+00:00,leaf8,sg15,Interface TX,16384,0,1,In use,obt-collector1,4,0/0/CPU0,16,encap,0

2020-02-06 19:04:38.865000+00:00,leaf8,sg15,Interface TX,16384,0,1,In use,obt-collector1,4,0/0/CPU0,16,lem,0

2020-02-06 19:04:38.866000+00:00,leaf8,sg15,Interface TX,16384,0,1,In use,obt-collector1,4,0/0/CPU0,16,encap,0

2020-02-06 19:04:38.866000+00:00,leaf8,sg15,Interface TX,16384,0,1,In use,obt-collector1,4,0/0/CPU0,16,lpm,0

2020-02-06 19:04:38.866000+00:00,leaf8,sg15,Interface TX,16384,0,1,In use,obt-collector1,4,0/0/CPU0,16,ext-tcam-ipv4,0

2020-02-06 19:04:50.957000+00:00,leaf8,sg15,Interface TX,16384,0,1,In use,obt-collector1,4,0/0/CPU0,16,lpm,0

2020-02-06 19:04:50.957000+00:00,leaf8,sg15,Interface TX,16384,0,1,In use,obt-collector1,4,0/0/CPU0,16,ext-tcam-ipv4,0

2020-02-06 19:04:50.957000+00:00,leaf8,sg15,Interface TX,16384,0,1,In use,obt-collector1,4,0/0/CPU0,16,lem,0

2020-02-06 19:04:50.957000+00:00,leaf8,sg15,Interface TX,16384,0,1,In use,obt-collector1,4,0/0/CPU0,16,encap,0

2020-02-06 19:05:03.176000+00:00,leaf8,sg15,Interface TX,16384,0,1,In use,obt-collector1,4,0/0/CPU0,16,lem,0

2020-02-06 19:05:03.176000+00:00,leaf8,sg15,Interface TX,16384,0,1,In use,obt-collector1,4,0/0/CPU0,16,encap,0

2020-02-06 19:05:03.176000+00:00,leaf8,sg15,Interface TX,16384,0,1,In use,obt-collector1,4,0/0/CPU0,16,lpm,0

2020-02-06 19:05:03.176000+00:00,leaf8,sg15,Interface TX,16384,0,1,In use,obt-collector1,4,0/0/CPU0,16,ext-tcam-ipv4,0

2020-02-06 19:05:27.348000+00:00,leaf8,sg15,Interface TX,16384,0,1,In use,obt-collector1,4,0/0/CPU0,16,lpm,0

2020-02-06 19:05:27.348000+00:00,leaf8,sg15,Interface TX,16384,0,1,In use,obt-collector1,4,0/0/CPU0,16,ext-tcam-ipv4,0

2020-02-06 19:05:27.348000+00:00,leaf8,sg15,Interface TX,16384,0,1,In use,obt-collector1,4,0/0/CPU0,16,lem,0

2020-02-06 19:05:27.348000+00:00,leaf8,sg15,Interface TX,16384,0,1,In use,obt-collector1,4,0/0/CPU0,16,encap,0

2020-02-06 19:05:52.041000+00:00,leaf8,sg15,Interface TX,16384,0,1,In use,obt-collector1,4,0/0/CPU0,16,lem,0

2020-02-06 19:05:52.041000+00:00,leaf8,sg15,Interface TX,16384,0,1,In use,obt-collector1,4,0/0/CPU0,16,encap,0

2020-02-06 19:05:52.041000+00:00,leaf8,sg15,Interface TX,16384,0,1,In use,obt-collector1,4,0/0/CPU0,16,lpm,0

2020-02-06 19:05:52.041000+00:00,leaf8,sg15,Interface TX,16384,0,1,In use,obt-collector1,4,0/0/CPU0,16,ext-tcam-ipv4,0

2020-02-06 19:06:15.769000+00:00,leaf8,sg15,Interface TX,16384,0,1,In use,obt-collector1,4,0/0/CPU0,16,lpm,0

2020-02-06 19:06:15.769000+00:00,leaf8,sg15,Interface TX,16384,0,1,In use,obt-collector1,4,0/0/CPU0,16,ext-tcam-ipv4,0

2020-02-06 19:06:15.769000+00:00,leaf8,sg15,Interface TX,16384,0,1,In use,obt-collector1,4,0/0/CPU0,16,lem,0

2020-02-06 19:06:15.769000+00:00,leaf8,sg15,Interface TX,16384,0,1,In use,obt-collector1,4,0/0/CPU0,16,encap,0

2020-02-06 19:06:39.997000+00:00,leaf8,sg15,Interface TX,16384,0,1,In use,obt-collector1,4,0/0/CPU0,16,lem,0

2020-02-06 19:06:39.997000+00:00,leaf8,sg15,Interface TX,16384,0,1,In use,obt-collector1,4,0/0/CPU0,16,encap,0

2020-02-06 19:06:39.997000+00:00,leaf8,sg15,Interface TX,16384,0,1,In use,obt-collector1,4,0/0/CPU0,16,lpm,0

2020-02-06 19:06:39.997000+00:00,leaf8,sg15,Interface TX,16384,0,1,In use,obt-collector1,4,0/0/CPU0,16,ext-tcam-ipv4,0

2020-02-06 19:07:16.916000+00:00,leaf8,sg15,Interface TX,16384,0,1,In use,obt-collector1,4,0/0/CPU0,16,lpm,0

2020-02-06 19:07:16.916000+00:00,leaf8,sg15,Interface TX,16384,0,1,In use,obt-collector1,4,0/0/CPU0,16,ext-tcam-ipv4,0

2020-02-06 19:07:16.916000+00:00,leaf8,sg15,Interface TX,16384,0,1,In use,obt-collector1,4,0/0/CPU0,16,lem,0

2020-02-06 19:07:16.916000+00:00,leaf8,sg15,Interface TX,16384,0,1,In use,obt-collector1,4,0/0/CPU0,16,encap,0

2020-02-06 19:07:28.539000+00:00,leaf8,sg15,Interface TX,16384,0,1,In use,obt-collector1,4,0/0/CPU0,16,lem,0

2020-02-06 19:07:28.539000+00:00,leaf8,sg15,Interface TX,16384,0,1,In use,obt-collector1,4,0/0/CPU0,16,encap,0

2020-02-06 19:07:28.539000+00:00,leaf8,sg15,Interface TX,16384,0,1,In use,obt-collector1,4,0/0/CPU0,16,lpm,0

2020-02-06 19:07:28.539000+00:00,leaf8,sg15,Interface TX,16384,0,1,In use,obt-collector1,4,0/0/CPU0,16,ext-tcam-ipv4,0

2020-02-06 19:08:05.303000+00:00,leaf8,sg15,Interface TX,16384,0,1,In use,obt-collector1,4,0/0/CPU0,16,lpm,0

2020-02-06 19:08:05.303000+00:00,leaf8,sg15,Interface TX,16384,0,1,In use,obt-collector1,4,0/0/CPU0,16,ext-tcam-ipv4,0

2020-02-06 19:08:05.303000+00:00,leaf8,sg15,Interface TX,16384,0,1,In use,obt-collector1,4,0/0/CPU0,16,lem,0

2020-02-06 19:08:05.303000+00:00,leaf8,sg15,Interface TX,16384,0,1,In use,obt-collector1,4,0/0/CPU0,16,encap,0

