,Producer,Target,encap-hop-limit/do-propagate,encap-hop-limit/use-default,encap-hop-limit/value,encap-source-address,host,locator-count,node-name,protocol-name,srv6-enabled

2020-02-06 18:55:24.268000+00:00,leaf8,sg4,,,,::,obt-collector1,0,0/0/CPU0,ipv6,false

2020-02-06 18:55:24.274000+00:00,leaf8,sg4,,,,::,obt-collector1,0,0/RP0/CPU0,ipv6,false

2020-02-06 18:55:52.258000+00:00,leaf8,sg4,,,,::,obt-collector1,0,0/0/CPU0,ipv6,false

2020-02-06 18:55:52.265000+00:00,leaf8,sg4,,,,::,obt-collector1,0,0/RP0/CPU0,ipv6,false

2020-02-06 18:56:33.753000+00:00,leaf8,sg4,,,,::,obt-collector1,0,0/0/CPU0,ipv6,false

2020-02-06 18:56:33.759000+00:00,leaf8,sg4,,,,::,obt-collector1,0,0/RP0/CPU0,ipv6,false

2020-02-06 18:56:47.392000+00:00,leaf8,sg4,,,,::,obt-collector1,0,0/0/CPU0,ipv6,false

2020-02-06 18:56:47.405000+00:00,leaf8,sg4,,,,::,obt-collector1,0,0/RP0/CPU0,ipv6,false

2020-02-06 18:57:15.416000+00:00,leaf8,sg4,,,,::,obt-collector1,0,0/0/CPU0,ipv6,false

2020-02-06 18:57:15.425000+00:00,leaf8,sg4,,,,::,obt-collector1,0,0/RP0/CPU0,ipv6,false

2020-02-06 18:57:29.332000+00:00,leaf8,sg4,,,,::,obt-collector1,0,0/0/CPU0,ipv6,false

2020-02-06 18:57:29.349000+00:00,leaf8,sg4,,,,::,obt-collector1,0,0/RP0/CPU0,ipv6,false

2020-02-06 18:59:48.180000+00:00,leaf8,sg4,,,,::,obt-collector1,0,0/0/CPU0,ipv6,false

2020-02-06 18:59:48.188000+00:00,leaf8,sg4,,,,::,obt-collector1,0,0/RP0/CPU0,ipv6,false

2020-02-06 19:00:02.673000+00:00,leaf8,sg4,,,,::,obt-collector1,0,0/0/CPU0,ipv6,false

2020-02-06 19:00:02.679000+00:00,leaf8,sg4,,,,::,obt-collector1,0,0/RP0/CPU0,ipv6,false

2020-02-06 19:00:16.737000+00:00,leaf8,sg4,,,,::,obt-collector1,0,0/0/CPU0,ipv6,false

2020-02-06 19:00:16.748000+00:00,leaf8,sg4,,,,::,obt-collector1,0,0/RP0/CPU0,ipv6,false

2020-02-06 19:01:54.690000+00:00,leaf8,sg4,,,,::,obt-collector1,0,0/0/CPU0,ipv6,false

2020-02-06 19:01:54.700000+00:00,leaf8,sg4,,,,::,obt-collector1,0,0/RP0/CPU0,ipv6,false

2020-02-06 19:04:17.170000+00:00,leaf8,sg4,,,,::,obt-collector1,0,0/0/CPU0,ipv6,false

2020-02-06 19:04:17.176000+00:00,leaf8,sg4,,,,::,obt-collector1,0,0/RP0/CPU0,ipv6,false

2020-02-06 19:04:31.084000+00:00,leaf8,sg4,,,,::,obt-collector1,0,0/0/CPU0,ipv6,false

2020-02-06 19:04:31.090000+00:00,leaf8,sg4,,,,::,obt-collector1,0,0/RP0/CPU0,ipv6,false

2020-02-06 19:05:26.447000+00:00,leaf8,sg4,,,,::,obt-collector1,0,0/0/CPU0,ipv6,false

2020-02-06 19:05:26.467000+00:00,leaf8,sg4,,,,::,obt-collector1,0,0/RP0/CPU0,ipv6,false

2020-02-06 19:06:51.381000+00:00,leaf8,sg4,,,,::,obt-collector1,0,0/0/CPU0,ipv6,false

2020-02-06 19:06:51.391000+00:00,leaf8,sg4,,,,::,obt-collector1,0,0/RP0/CPU0,ipv6,false

2020-02-06 19:07:05.531000+00:00,leaf8,sg4,,,,::,obt-collector1,0,0/0/CPU0,ipv6,false

2020-02-06 19:07:05.540000+00:00,leaf8,sg4,,,,::,obt-collector1,0,0/RP0/CPU0,ipv6,false

2020-02-06 19:07:47.155000+00:00,leaf8,sg4,,,,::,obt-collector1,0,0/0/CPU0,ipv6,false

2020-02-06 19:07:47.166000+00:00,leaf8,sg4,,,,::,obt-collector1,0,0/RP0/CPU0,ipv6,false

2020-02-06 19:08:01.116000+00:00,leaf8,sg4,,,,::,obt-collector1,0,0/0/CPU0,ipv6,false

2020-02-06 19:08:01.136000+00:00,leaf8,sg4,,,,::,obt-collector1,0,0/RP0/CPU0,ipv6,false

