,Producer,Target,active-routes-count,af-name,backup-routes-count,deleted-routes-count,host,paths-count,protocol-clients-count,protocol-names,protocol-route-memory,redistribution-client-count,route-table-name,routes-counts,saf-name,version,vrf-name

2020-02-06 18:54:57.932000+00:00,leaf8,sg12,0,IPv4,0,0,obt-collector1,0,2,dagr,0,1,default,0,Unicast,0,default

2020-02-06 18:56:43.851000+00:00,leaf8,sg12,0,IPv4,0,0,obt-collector1,0,2,dagr,0,1,default,0,Unicast,0,default

2020-02-06 18:58:15.324000+00:00,leaf8,sg12,0,IPv4,0,0,obt-collector1,0,2,dagr,0,1,default,0,Unicast,0,default

2020-02-06 18:58:49.380000+00:00,leaf8,sg12,0,IPv4,0,0,obt-collector1,0,2,dagr,0,1,default,0,Unicast,0,default

2020-02-06 19:00:09.640000+00:00,leaf8,sg12,0,IPv4,0,0,obt-collector1,0,2,dagr,0,1,default,0,Unicast,0,default

2020-02-06 19:01:21.849000+00:00,leaf8,sg12,0,IPv4,0,0,obt-collector1,0,2,dagr,0,1,default,0,Unicast,0,default

2020-02-06 19:01:45.198000+00:00,leaf8,sg12,0,IPv4,0,0,obt-collector1,0,2,dagr,0,1,default,0,Unicast,0,default

2020-02-06 19:02:08.215000+00:00,leaf8,sg12,0,IPv4,0,0,obt-collector1,0,2,dagr,0,1,default,0,Unicast,0,default

2020-02-06 19:02:31.889000+00:00,leaf8,sg12,0,IPv4,0,0,obt-collector1,0,2,dagr,0,1,default,0,Unicast,0,default

2020-02-06 19:02:54.565000+00:00,leaf8,sg12,0,IPv4,0,0,obt-collector1,0,2,dagr,0,1,default,0,Unicast,0,default

2020-02-06 19:03:52.304000+00:00,leaf8,sg12,0,IPv4,0,0,obt-collector1,0,2,dagr,0,1,default,0,Unicast,0,default

2020-02-06 19:04:51.649000+00:00,leaf8,sg12,0,IPv4,0,0,obt-collector1,0,2,dagr,0,1,default,0,Unicast,0,default

2020-02-06 19:05:50.485000+00:00,leaf8,sg12,0,IPv4,0,0,obt-collector1,0,2,dagr,0,1,default,0,Unicast,0,default

2020-02-06 19:06:02.495000+00:00,leaf8,sg12,0,IPv4,0,0,obt-collector1,0,2,dagr,0,1,default,0,Unicast,0,default

2020-02-06 19:06:37.429000+00:00,leaf8,sg12,0,IPv4,0,0,obt-collector1,0,2,dagr,0,1,default,0,Unicast,0,default

2020-02-06 19:07:14.162000+00:00,leaf8,sg12,0,IPv4,0,0,obt-collector1,0,2,dagr,0,1,default,0,Unicast,0,default

2020-02-06 19:07:26.024000+00:00,leaf8,sg12,0,IPv4,0,0,obt-collector1,0,2,dagr,0,1,default,0,Unicast,0,default

