,Producer,Target,common-info/count,host,node-name,total-counters/array-number-of-object/num-objects,total-counters/array-number-of-object/object-type,total-counters/array-number-of-retry/num-retries,total-counters/array-number-of-retry/retry-object-type,total-counters/num-retry-ojbects,total-counters/num-retry-timeouts

2020-02-06 18:55:06.191000+00:00,leaf8,sg4,0,obt-collector1,0/0/CPU0,0,DATA_TYPE_TEP,0,MOP-NOTIFY-OC-AFT,0,19747

2020-02-06 18:55:06.193000+00:00,leaf8,sg4,0,obt-collector1,0/RP0/CPU0,0,DATA_TYPE_TEP,0,MOP-NOTIFY-OC-AFT,0,50514

2020-02-06 18:56:16.189000+00:00,leaf8,sg4,0,obt-collector1,0/0/CPU0,0,DATA_TYPE_TEP,0,MOP-NOTIFY-OC-AFT,0,19747

2020-02-06 18:56:16.191000+00:00,leaf8,sg4,0,obt-collector1,0/RP0/CPU0,0,DATA_TYPE_TEP,0,MOP-NOTIFY-OC-AFT,0,50514

2020-02-06 18:56:43.925000+00:00,leaf8,sg4,0,obt-collector1,0/0/CPU0,0,DATA_TYPE_TEP,0,MOP-NOTIFY-OC-AFT,0,19747

2020-02-06 18:56:43.926000+00:00,leaf8,sg4,0,obt-collector1,0/RP0/CPU0,0,DATA_TYPE_TEP,0,MOP-NOTIFY-OC-AFT,0,50514

2020-02-06 18:56:57.583000+00:00,leaf8,sg4,0,obt-collector1,0/0/CPU0,0,DATA_TYPE_TEP,0,MOP-NOTIFY-OC-AFT,0,19747

2020-02-06 18:56:57.585000+00:00,leaf8,sg4,0,obt-collector1,0/RP0/CPU0,0,DATA_TYPE_TEP,0,MOP-NOTIFY-OC-AFT,0,50514

2020-02-06 18:57:25.664000+00:00,leaf8,sg4,0,obt-collector1,0/0/CPU0,0,DATA_TYPE_TEP,0,MOP-NOTIFY-OC-AFT,0,19747

2020-02-06 18:57:25.666000+00:00,leaf8,sg4,0,obt-collector1,0/RP0/CPU0,0,DATA_TYPE_TEP,0,MOP-NOTIFY-OC-AFT,0,50514

2020-02-06 18:58:07.367000+00:00,leaf8,sg4,0,obt-collector1,0/0/CPU0,0,DATA_TYPE_TEP,0,MOP-NOTIFY-OC-AFT,0,19747

2020-02-06 18:58:07.369000+00:00,leaf8,sg4,0,obt-collector1,0/RP0/CPU0,0,DATA_TYPE_TEP,0,MOP-NOTIFY-OC-AFT,0,50514

2020-02-06 18:59:02.477000+00:00,leaf8,sg4,0,obt-collector1,0/0/CPU0,0,DATA_TYPE_TEP,0,MOP-NOTIFY-OC-AFT,0,19747

2020-02-06 18:59:02.479000+00:00,leaf8,sg4,0,obt-collector1,0/RP0/CPU0,0,DATA_TYPE_TEP,0,MOP-NOTIFY-OC-AFT,0,50514

2020-02-06 18:59:16.707000+00:00,leaf8,sg4,0,obt-collector1,0/0/CPU0,0,DATA_TYPE_TEP,0,MOP-NOTIFY-OC-AFT,0,19747

2020-02-06 18:59:16.709000+00:00,leaf8,sg4,0,obt-collector1,0/RP0/CPU0,0,DATA_TYPE_TEP,0,MOP-NOTIFY-OC-AFT,0,50514

2020-02-06 19:00:26.931000+00:00,leaf8,sg4,0,obt-collector1,0/0/CPU0,0,DATA_TYPE_TEP,0,MOP-NOTIFY-OC-AFT,0,19747

2020-02-06 19:00:26.933000+00:00,leaf8,sg4,0,obt-collector1,0/RP0/CPU0,0,DATA_TYPE_TEP,0,MOP-NOTIFY-OC-AFT,0,50514

2020-02-06 19:00:40.591000+00:00,leaf8,sg4,0,obt-collector1,0/0/CPU0,0,DATA_TYPE_TEP,0,MOP-NOTIFY-OC-AFT,0,19747

2020-02-06 19:00:40.595000+00:00,leaf8,sg4,0,obt-collector1,0/RP0/CPU0,0,DATA_TYPE_TEP,0,MOP-NOTIFY-OC-AFT,0,50514

2020-02-06 19:03:14.754000+00:00,leaf8,sg4,0,obt-collector1,0/0/CPU0,0,DATA_TYPE_TEP,0,MOP-NOTIFY-OC-AFT,0,19747

2020-02-06 19:03:14.755000+00:00,leaf8,sg4,0,obt-collector1,0/RP0/CPU0,0,DATA_TYPE_TEP,0,MOP-NOTIFY-OC-AFT,0,50514

2020-02-06 19:03:42.893000+00:00,leaf8,sg4,0,obt-collector1,0/0/CPU0,0,DATA_TYPE_TEP,0,MOP-NOTIFY-OC-AFT,0,19747

2020-02-06 19:03:42.895000+00:00,leaf8,sg4,0,obt-collector1,0/RP0/CPU0,0,DATA_TYPE_TEP,0,MOP-NOTIFY-OC-AFT,0,50514

2020-02-06 19:03:57.733000+00:00,leaf8,sg4,0,obt-collector1,0/0/CPU0,0,DATA_TYPE_TEP,0,MOP-NOTIFY-OC-AFT,0,19747

2020-02-06 19:03:57.737000+00:00,leaf8,sg4,0,obt-collector1,0/RP0/CPU0,0,DATA_TYPE_TEP,0,MOP-NOTIFY-OC-AFT,0,50514

2020-02-06 19:05:08.776000+00:00,leaf8,sg4,0,obt-collector1,0/0/CPU0,0,DATA_TYPE_TEP,0,MOP-NOTIFY-OC-AFT,0,19747

2020-02-06 19:05:08.778000+00:00,leaf8,sg4,0,obt-collector1,0/RP0/CPU0,0,DATA_TYPE_TEP,0,MOP-NOTIFY-OC-AFT,0,50514

2020-02-06 19:07:01.630000+00:00,leaf8,sg4,0,obt-collector1,0/0/CPU0,0,DATA_TYPE_TEP,0,MOP-NOTIFY-OC-AFT,0,19747

2020-02-06 19:07:01.633000+00:00,leaf8,sg4,0,obt-collector1,0/RP0/CPU0,0,DATA_TYPE_TEP,0,MOP-NOTIFY-OC-AFT,0,50514

2020-02-06 19:07:57.317000+00:00,leaf8,sg4,0,obt-collector1,0/0/CPU0,0,DATA_TYPE_TEP,0,MOP-NOTIFY-OC-AFT,0,19747

2020-02-06 19:07:57.319000+00:00,leaf8,sg4,0,obt-collector1,0/RP0/CPU0,0,DATA_TYPE_TEP,0,MOP-NOTIFY-OC-AFT,0,50514

