,Producer,Target,asic-instance,chip-version,host,node-name,npu-id,rack-number,slot-number,statistics/egq-deleted-pkt-cnt,statistics/egq-ehp-mc-high-discard-cnt,statistics/egq-ehp-mc-high-pkt-cnt,statistics/egq-ehp-mc-low-discard-cnt,statistics/egq-ehp-mc-low-pkt-cnt,statistics/egq-ehp-uc-pkt-cnt,statistics/egq-erpp-lag-pruning-discard-cnt,statistics/egq-erpp-pmf-discard-cnt,statistics/egq-erpp-vlan-mbr-discard-cnt,statistics/egq-fqp-pkt-cnt,statistics/egq-pqp-discard-mc-pkt-cnt,statistics/egq-pqp-discard-uc-pkt-cnt,statistics/egq-pqp-mc-bytes-cnt,statistics/egq-pqp-mc-pkt-cnt,statistics/egq-pqp-uc-bytes-cnt,statistics/egq-pqp-uc-pkt-cnt,statistics/epni-epe-byte-cnt,statistics/epni-epe-discard-cnt,statistics/epni-epe-pkt-cnt,statistics/fda-cells-in-cnt-p1,statistics/fda-cells-in-cnt-p2,statistics/fda-cells-in-cnt-p3,statistics/fda-cells-in-ipt-cnt,statistics/fda-cells-in-meshmc-cnt,statistics/fda-cells-in-tdm-cnt,statistics/fda-cells-out-cnt-p1,statistics/fda-cells-out-cnt-p2,statistics/fda-cells-out-cnt-p3,statistics/fda-cells-out-ipt-cnt,statistics/fda-cells-out-meshmc-cnt,statistics/fda-cells-out-tdm-cnt,statistics/fda-egq-drop-cnt,statistics/fda-egq-meshmc-drop-cnt,statistics/fdr-cell-in-cnt-total,statistics/fdr-p1-cell-in-cnt,statistics/fdr-p2-cell-in-cnt,statistics/fdr-p3-cell-in-cnt,statistics/fdt-ipt-desc-cell-cnt,statistics/fdt-ire-desc-cell-cnt,statistics/fdt-transmitted-data-cells-cnt,statistics/idr-mmu-if-cnt,statistics/idr-ocb-if-cnt,statistics/ipt-cfg-byte-cnt,statistics/ipt-cfg-event-cnt,statistics/ipt-egq-pkt-cnt,statistics/ipt-enq-pkt-cnt,statistics/ipt-fdt-pkt-cnt,statistics/iqm-deleted-pkt-cnt,statistics/iqm-dequeue-pkt-cnt,statistics/iqm-enq-discarded-pkt-cnt,statistics/iqm-enqueue-pkt-cnt,statistics/ire-cpu-pkt-cnt,statistics/ire-fdt-if-cnt,statistics/ire-nif-pkt-cnt,statistics/ire-oamp-pkt-cnt,statistics/ire-olp-pkt-cnt,statistics/ire-rcy-pkt-cnt,statistics/nbi-rx-total-byte-cnt,statistics/nbi-rx-total-pkt-cnt,statistics/nbi-tx-total-byte-cnt,statistics/nbi-tx-total-pkt-cnt,valid

2020-02-06 18:54:58.957000+00:00,leaf8,sg15,0,0,obt-collector1,0/0/CPU0,0,0,0,0,0,0,0,0,3997480604385,0,0,0,3997480604423,0,0,0,0,4961037876027057,3997480604499,4840936218289184,0,3997480604734,9973592089360,0,0,12876430502957,0,0,9973592087631,0,0,12876430504066,0,0,0,0,9973592089371,9973592089371,0,0,30488655618467,0,30383193848948,7132004215,1,9519162889615928,6681958396500,2189161498809,6682319181193,4585778470027,5,6682319181626,85908769,6682319181754,12059837225,128,6589065405757,63134895,2403,132891438,0,6589065406999,0,3916094422063,true

2020-02-06 18:54:58.958000+00:00,leaf8,sg15,1,0,obt-collector1,0/0/CPU0,1,0,0,0,0,0,0,0,5705497798216,0,0,0,5705497798266,0,0,0,0,8232876475385355,5705497798310,8064999224121432,2,5705497798585,37128467639751,0,0,191664278793,0,0,37128467636749,0,0,191664278806,0,0,0,0,37128467640350,37128467640357,0,0,2139803602335,0,2134280085537,3819732549,1,421734351874750,1031128841807,191664046750,1031864533485,840200473821,371,1031864533593,18914410119,1031864533993,103526796,128,840300481771,76716646,11608,182346654,0,840300481935,0,5514015000514,true

2020-02-06 18:54:58.959000+00:00,leaf8,sg15,2,0,obt-collector1,0/0/CPU0,2,0,0,0,0,0,0,0,2055916779410,0,0,0,2055916779431,0,5,0,0,2945023354872236,2055916779520,2884927182387375,0,2055916779726,13281251265579,0,0,85747469656,0,0,13281251263510,0,0,85747469662,0,0,0,0,13281251266042,13281251266216,0,0,750747064848,0,749198600215,13242395194,1,148206939280183,369698299585,82876932665,374391352441,291585492222,43447,374391352563,1453423697,374391396036,74864098,128,297876983891,34411065,6087,5801721529,0,297876984031,0,1973725364359,true

2020-02-06 18:54:58.961000+00:00,leaf8,sg15,3,0,obt-collector1,0/0/CPU0,3,0,0,0,0,0,0,0,852624288380,0,0,0,852624288386,0,0,0,0,344335827394083,852624288409,329856056334175,0,852624288485,1614236381738,0,0,254393771201,0,0,1614236381546,0,0,254393771220,0,0,0,0,1614236381749,1614236381749,0,0,28828396880067,0,28730875289167,26123301,1,6385905901610819,4522915087177,254384823606,4522944469501,4268559661774,0,4522944470485,812530013007,4522944503455,25247493,128,4268594098581,26977029,1667,52835926,0,4268594100285,0,598293409407,true

2020-02-06 18:55:47.351000+00:00,leaf8,sg15,0,0,obt-collector1,0/0/CPU0,0,0,0,0,0,0,0,0,3997566714964,0,0,0,3997566715038,0,0,0,0,4961152913398273,3997566715094,4841048659382091,0,3997566715279,9973941303099,0,0,12876607454924,0,0,9973941301550,0,0,12876607454954,0,0,0,0,9973941303114,9973941303114,0,0,30489074445121,0,30383611369651,7132005546,1,9519293458691276,6682051441207,2189191179414,6682412227507,4585842740903,5,6682412228043,85908769,6682412228096,12059838525,128,6589156894548,63136162,2403,132894144,0,6589156895810,0,3916178969961,true

2020-02-06 18:55:47.353000+00:00,leaf8,sg15,1,0,obt-collector1,0/0/CPU0,1,0,0,0,0,0,0,0,5705635331503,0,0,0,5705635331569,0,0,0,0,8233075544546622,5705635331656,8065194235763078,2,5705635332030,37129366195084,0,0,191668666478,0,0,37129366191900,0,0,191668666481,0,0,0,0,37129366195210,37129366195301,0,0,2139845691067,0,2134322079183,3819734742,1,421742537130112,1031150732314,191668434424,1031886426650,840217979313,371,1031886426813,18914410119,1031886427195,103528921,128,840317989371,76718275,11608,182350489,0,840317989600,0,5514148150492,true

2020-02-06 18:55:47.355000+00:00,leaf8,sg15,2,0,obt-collector1,0/0/CPU0,2,0,0,0,0,0,0,0,2055962697758,0,0,0,2055962697765,0,5,0,0,2945089843207988,2055962697804,2884992314491561,0,2055962697912,13281551393892,0,0,85748911554,0,0,13281551392811,0,0,85748911555,0,0,0,0,13281551393896,13281551393896,0,0,750776333435,0,749227800472,13242395699,1,148212465590982,369711866916,82878370175,374404920389,291597622750,43447,374404920526,1453423697,374404963978,74865720,128,297889115353,34411789,6087,5801722808,0,297889115461,0,1973769846952,true

2020-02-06 18:55:47.356000+00:00,leaf8,sg15,3,0,obt-collector1,0/0/CPU0,3,0,0,0,0,0,0,0,852659226105,0,0,0,852659226128,0,0,0,0,344348751042839,852659226148,329868341345397,0,852659226259,1614299529549,0,0,254403228417,0,0,1614299529407,0,0,254403228437,0,0,0,0,1614299529560,1614299529561,0,0,28829522970127,0,28731997704008,26123802,1,6386155157016261,4523091089968,254394280832,4523120472937,4268726208038,0,4523120474280,812562190519,4523120507286,25247994,128,4268760646041,26977575,1667,52836971,0,4268760647766,0,598318890984,true

2020-02-06 18:56:01.182000+00:00,leaf8,sg15,0,0,obt-collector1,0/0/CPU0,0,0,0,0,0,0,0,0,3997566714964,0,0,0,3997566715038,0,0,0,0,4961152913398273,3997566715094,4841048659382091,0,3997566715279,9973941303099,0,0,12876607454924,0,0,9973941301550,0,0,12876607454954,0,0,0,0,9973941303114,9973941303114,0,0,30489074445121,0,30383611369651,7132005546,1,9519293458691276,6682051441207,2189191179414,6682412227507,4585842740903,5,6682412228043,85908769,6682412228096,12059838525,128,6589156894548,63136162,2403,132894144,0,6589156895810,0,3916178969961,true

2020-02-06 18:56:01.184000+00:00,leaf8,sg15,1,0,obt-collector1,0/0/CPU0,1,0,0,0,0,0,0,0,5705635331503,0,0,0,5705635331569,0,0,0,0,8233075544546622,5705635331656,8065194235763078,2,5705635332030,37129366195084,0,0,191668666478,0,0,37129366191900,0,0,191668666481,0,0,0,0,37129366195210,37129366195301,0,0,2139845691067,0,2134322079183,3819734742,1,421742537130112,1031150732314,191668434424,1031886426650,840217979313,371,1031886426813,18914410119,1031886427195,103528921,128,840317989371,76718275,11608,182350489,0,840317989600,0,5514148150492,true

2020-02-06 18:56:01.186000+00:00,leaf8,sg15,2,0,obt-collector1,0/0/CPU0,2,0,0,0,0,0,0,0,2055962697758,0,0,0,2055962697765,0,5,0,0,2945089843207988,2055962697804,2884992314491561,0,2055962697912,13281551393892,0,0,85748911554,0,0,13281551392811,0,0,85748911555,0,0,0,0,13281551393896,13281551393896,0,0,750776333435,0,749227800472,13242395699,1,148212465590982,369711866916,82878370175,374404920389,291597622750,43447,374404920526,1453423697,374404963978,74865720,128,297889115353,34411789,6087,5801722808,0,297889115461,0,1973769846952,true

2020-02-06 18:56:01.187000+00:00,leaf8,sg15,3,0,obt-collector1,0/0/CPU0,3,0,0,0,0,0,0,0,852659226105,0,0,0,852659226128,0,0,0,0,344348751042839,852659226148,329868341345397,0,852659226259,1614299529549,0,0,254403228417,0,0,1614299529407,0,0,254403228437,0,0,0,0,1614299529560,1614299529561,0,0,28829522970127,0,28731997704008,26123802,1,6386155157016261,4523091089968,254394280832,4523120472937,4268726208038,0,4523120474280,812562190519,4523120507286,25247994,128,4268760646041,26977575,1667,52836971,0,4268760647766,0,598318890984,true

2020-02-06 18:56:26.310000+00:00,leaf8,sg15,0,0,obt-collector1,0/0/CPU0,0,0,0,0,0,0,0,0,3997609470561,0,0,0,3997609470628,0,0,0,0,4961209957640184,3997609470645,4841104414885077,0,3997609470763,9974115516262,0,0,12876694181759,0,0,9974115515600,0,0,12876694181802,0,0,0,0,9974115516336,9974115516410,0,0,30489283858345,0,30383820130202,7132006208,1,9519358358374976,6682097705452,2189205745512,6682458492474,4585874887497,5,6682458493010,85908769,6682458493126,12059839182,128,6589202376771,63136792,2403,132895500,0,6589202377862,0,3916220941592,true

2020-02-06 18:56:26.312000+00:00,leaf8,sg15,1,0,obt-collector1,0/0/CPU0,1,0,0,0,0,0,0,0,5705703449429,0,0,0,5705703449465,0,0,0,0,8233174118275285,5705703449546,8065290800173589,2,5705703449770,37129811133005,0,0,191670851126,0,0,37129811128943,0,0,191670851133,0,0,0,0,37129811133618,37129811133842,0,0,2139866675760,0,2134343016402,3819735839,1,421746618548787,1031161636762,191670619077,1031897332418,840226700424,371,1031897332588,18914410119,1031897332975,103529997,128,840326711495,76719085,11608,182352408,0,840326711679,0,5514214085351,true

2020-02-06 18:56:26.313000+00:00,leaf8,sg15,2,0,obt-collector1,0/0/CPU0,2,0,0,0,0,0,0,0,2055985927256,0,0,0,2055985927294,0,5,0,0,2945123503406877,2055985927373,2885025288295972,0,2055985927430,13281703331604,0,0,85749634992,0,0,13281703330361,0,0,85749634995,0,0,0,0,13281703331682,13281703331682,0,0,750790904782,0,749242338069,13242395951,1,148215213241107,369718655513,82879091457,374411709277,291603690389,43447,374411709367,1453423697,374411752821,74866471,128,297895183374,34412149,6087,5801723445,0,297895183516,0,1973792355848,true

2020-02-06 18:56:26.316000+00:00,leaf8,sg15,3,0,obt-collector1,0/0/CPU0,3,0,0,0,0,0,0,0,852676641129,0,0,0,852676641150,0,0,0,0,344355190000895,852676641181,329874462416223,0,852676641276,1614330983892,0,0,254407952464,0,0,1614330983711,0,0,254407952474,0,0,0,0,1614330983899,1614330983900,0,0,28830083003291,0,28732555909143,26124058,1,6386279120996489,4523178633495,254399004859,4523208016604,4268809027592,0,4523208017600,812578178249,4523208050458,25248245,128,4268843465358,26977845,1667,52837502,0,4268843467336,0,598331582572,true

2020-02-06 18:56:38.426000+00:00,leaf8,sg15,0,0,obt-collector1,0/0/CPU0,0,0,0,0,0,0,0,0,3997654182924,0,0,0,3997654182964,0,0,0,0,4961269519338055,3997654183046,4841162629212532,0,3997654183303,9974296266978,0,0,12876785938175,0,0,9974296265840,0,0,12876785938464,0,0,0,0,9974296267116,9974296267151,0,0,30489505615167,0,30384041195036,7132006934,1,9519427068885744,6682146662174,2189221155171,6682507450023,4585908908939,5,6682507450304,85908769,6682507450391,12059839873,128,6589250515357,63137464,2403,132896953,0,6589250516123,0,3916264834262,true

2020-02-06 18:56:38.427000+00:00,leaf8,sg15,1,0,obt-collector1,0/0/CPU0,1,0,0,0,0,0,0,0,5705776261169,0,0,0,5705776261251,0,0,0,0,8233279501460420,5705776261342,8065394035413459,2,5705776261724,37130286812090,0,0,191673174134,0,0,37130286806766,0,0,191673174142,0,0,0,0,37130286812164,37130286812241,0,0,2139889020582,0,2134365310564,3819737015,1,421750964857751,1031173234952,191672942068,1031908932039,840235977055,371,1031908932169,18914410119,1031908932547,103531134,128,840335989188,76719949,11608,182354456,0,840335989383,0,5514284578521,true

2020-02-06 18:56:38.428000+00:00,leaf8,sg15,2,0,obt-collector1,0/0/CPU0,2,0,0,0,0,0,0,0,2056010337284,0,0,0,2056010337314,0,5,0,0,2945158855517704,2056010337353,2885059919753991,0,2056010337482,13281862906931,0,0,85750404487,0,0,13281862905007,0,0,85750404489,0,0,0,0,13281862907110,13281862907110,0,0,750806512862,0,749257909699,13242396224,1,148218160467618,369725886767,82879858093,374418940853,291610155369,43447,374418940927,1453423697,374418984380,74867517,128,297901648845,34412533,6087,5801724127,0,297901648951,0,1973816001808,true

2020-02-06 18:56:38.430000+00:00,leaf8,sg15,3,0,obt-collector1,0/0/CPU0,3,0,0,0,0,0,0,0,852695190112,0,0,0,852695190134,0,0,0,0,344362084516597,852695190161,329881017741936,0,852695190279,1614364653569,0,0,254412971167,0,0,1614364653014,0,0,254412971177,0,0,0,0,1614364653574,1614364653576,0,0,28830675754366,0,28733146727898,26124337,1,6386410326520792,4523271340218,254404023572,4523300723602,4268896715904,0,4523300724979,812595079109,4523300757963,25248507,128,4268931155329,26978133,1667,52838069,0,4268931157034,0,598345113367,true

2020-02-06 18:56:50.419000+00:00,leaf8,sg15,0,0,obt-collector1,0/0/CPU0,0,0,0,0,0,0,0,0,3997654182924,0,0,0,3997654182964,0,0,0,0,4961269519338055,3997654183046,4841162629212532,0,3997654183303,9974296266978,0,0,12876785938175,0,0,9974296265840,0,0,12876785938464,0,0,0,0,9974296267116,9974296267151,0,0,30489505615167,0,30384041195036,7132006934,1,9519427068885744,6682146662174,2189221155171,6682507450023,4585908908939,5,6682507450304,85908769,6682507450391,12059839873,128,6589250515357,63137464,2403,132896953,0,6589250516123,0,3916264834262,true

2020-02-06 18:56:50.423000+00:00,leaf8,sg15,1,0,obt-collector1,0/0/CPU0,1,0,0,0,0,0,0,0,5705776261169,0,0,0,5705776261251,0,0,0,0,8233279501460420,5705776261342,8065394035413459,2,5705776261724,37130286812090,0,0,191673174134,0,0,37130286806766,0,0,191673174142,0,0,0,0,37130286812164,37130286812241,0,0,2139889020582,0,2134365310564,3819737015,1,421750964857751,1031173234952,191672942068,1031908932039,840235977055,371,1031908932169,18914410119,1031908932547,103531134,128,840335989188,76719949,11608,182354456,0,840335989383,0,5514284578521,true

2020-02-06 18:56:50.425000+00:00,leaf8,sg15,2,0,obt-collector1,0/0/CPU0,2,0,0,0,0,0,0,0,2056010337284,0,0,0,2056010337314,0,5,0,0,2945158855517704,2056010337353,2885059919753991,0,2056010337482,13281862906931,0,0,85750404487,0,0,13281862905007,0,0,85750404489,0,0,0,0,13281862907110,13281862907110,0,0,750806512862,0,749257909699,13242396224,1,148218160467618,369725886767,82879858093,374418940853,291610155369,43447,374418940927,1453423697,374418984380,74867517,128,297901648845,34412533,6087,5801724127,0,297901648951,0,1973816001808,true

2020-02-06 18:56:50.428000+00:00,leaf8,sg15,3,0,obt-collector1,0/0/CPU0,3,0,0,0,0,0,0,0,852695190112,0,0,0,852695190134,0,0,0,0,344362084516597,852695190161,329881017741936,0,852695190279,1614364653569,0,0,254412971167,0,0,1614364653014,0,0,254412971177,0,0,0,0,1614364653574,1614364653576,0,0,28830675754366,0,28733146727898,26124337,1,6386410326520792,4523271340218,254404023572,4523300723602,4268896715904,0,4523300724979,812595079109,4523300757963,25248507,128,4268931155329,26978133,1667,52838069,0,4268931157034,0,598345113367,true

2020-02-06 18:57:03.087000+00:00,leaf8,sg15,0,0,obt-collector1,0/0/CPU0,0,0,0,0,0,0,0,0,3997654182924,0,0,0,3997654182964,0,0,0,0,4961269519338055,3997654183046,4841162629212532,0,3997654183303,9974296266978,0,0,12876785938175,0,0,9974296265840,0,0,12876785938464,0,0,0,0,9974296267116,9974296267151,0,0,30489505615167,0,30384041195036,7132006934,1,9519427068885744,6682146662174,2189221155171,6682507450023,4585908908939,5,6682507450304,85908769,6682507450391,12059839873,128,6589250515357,63137464,2403,132896953,0,6589250516123,0,3916264834262,true

2020-02-06 18:57:03.088000+00:00,leaf8,sg15,1,0,obt-collector1,0/0/CPU0,1,0,0,0,0,0,0,0,5705776261169,0,0,0,5705776261251,0,0,0,0,8233279501460420,5705776261342,8065394035413459,2,5705776261724,37130286812090,0,0,191673174134,0,0,37130286806766,0,0,191673174142,0,0,0,0,37130286812164,37130286812241,0,0,2139889020582,0,2134365310564,3819737015,1,421750964857751,1031173234952,191672942068,1031908932039,840235977055,371,1031908932169,18914410119,1031908932547,103531134,128,840335989188,76719949,11608,182354456,0,840335989383,0,5514284578521,true

2020-02-06 18:57:03.089000+00:00,leaf8,sg15,2,0,obt-collector1,0/0/CPU0,2,0,0,0,0,0,0,0,2056010337284,0,0,0,2056010337314,0,5,0,0,2945158855517704,2056010337353,2885059919753991,0,2056010337482,13281862906931,0,0,85750404487,0,0,13281862905007,0,0,85750404489,0,0,0,0,13281862907110,13281862907110,0,0,750806512862,0,749257909699,13242396224,1,148218160467618,369725886767,82879858093,374418940853,291610155369,43447,374418940927,1453423697,374418984380,74867517,128,297901648845,34412533,6087,5801724127,0,297901648951,0,1973816001808,true

2020-02-06 18:57:03.090000+00:00,leaf8,sg15,3,0,obt-collector1,0/0/CPU0,3,0,0,0,0,0,0,0,852695190112,0,0,0,852695190134,0,0,0,0,344362084516597,852695190161,329881017741936,0,852695190279,1614364653569,0,0,254412971167,0,0,1614364653014,0,0,254412971177,0,0,0,0,1614364653574,1614364653576,0,0,28830675754366,0,28733146727898,26124337,1,6386410326520792,4523271340218,254404023572,4523300723602,4268896715904,0,4523300724979,812595079109,4523300757963,25248507,128,4268931155329,26978133,1667,52838069,0,4268931157034,0,598345113367,true

2020-02-06 18:57:15.189000+00:00,leaf8,sg15,0,0,obt-collector1,0/0/CPU0,0,0,0,0,0,0,0,0,3997697516778,0,0,0,3997697516843,0,0,0,0,4961327401233047,3997697516935,4841219204170112,0,3997697517243,9974470686883,0,0,12876876274433,0,0,9974470685297,0,0,12876876274886,0,0,0,0,9974470686955,9974470686975,0,0,30489716511558,0,30384251435770,7132007602,1,9519493094762732,6682193654089,2189236249250,6682554442759,4585941261877,5,6682554443259,85908769,6682554443343,12059840525,128,6589296735499,63138101,2403,132898305,0,6589296736464,0,3916307395093,true

2020-02-06 18:57:15.193000+00:00,leaf8,sg15,1,0,obt-collector1,0/0/CPU0,1,0,0,0,0,0,0,0,5705845135084,0,0,0,5705845135272,0,0,0,0,8233379163272555,5705845135401,8065491665638708,2,5705845135805,37130736669342,0,0,191675380201,0,0,37130736665394,0,0,191675380207,0,0,0,0,37130736669574,37130736669681,0,0,2139910254748,0,2134386496862,3819738111,1,421755097191659,1031184242774,191675148145,1031919941162,840244780101,371,1031919941279,18914410119,1031919941665,103532193,128,840344793248,76720768,11608,182356377,0,840344793383,0,5514351246711,true

2020-02-06 18:57:15.194000+00:00,leaf8,sg15,2,0,obt-collector1,0/0/CPU0,2,0,0,0,0,0,0,0,2056033370123,0,0,0,2056033370130,0,5,0,0,2945192204050738,2056033370149,2885092588179717,0,2056033370205,13282013439296,0,0,85751132134,0,0,13282013437211,0,0,85751132134,0,0,0,0,13282013439317,13282013439318,0,0,750821254069,0,749272616616,13242396477,1,148220946291044,369732702808,82880583330,374425757203,291616246518,43447,374425757294,1453423697,374425800751,74868361,128,297907740478,34412897,6087,5801724763,0,297907740639,0,1973838310714,true

2020-02-06 18:57:15.196000+00:00,leaf8,sg15,3,0,obt-collector1,0/0/CPU0,3,0,0,0,0,0,0,0,852712642238,0,0,0,852712642269,0,0,0,0,344368584986012,852712642294,329887199144572,0,852712642422,1614396385545,0,0,254417694737,0,0,1614396385262,0,0,254417694757,0,0,0,0,1614396385552,1614396385553,0,0,28831238060830,0,28733707201626,26124595,1,6386534790471098,4523359223841,254408747142,4523388607448,4268979876149,0,4523388608772,812611141448,4523388641721,25248752,128,4269014315305,26978406,1667,52838601,0,4269014317050,0,598357842608,true

2020-02-06 18:57:53.072000+00:00,leaf8,sg15,0,0,obt-collector1,0/0/CPU0,0,0,0,0,0,0,0,0,3997743152994,0,0,0,3997743153043,0,0,0,0,4961388256764592,3997743153098,4841278684513059,0,3997743153579,9974656559899,0,0,12876968792232,0,0,9974656558365,0,0,12876968792302,0,0,0,0,9974656560008,9974656560015,0,0,30489944011120,0,30384478224886,7132008310,1,9519563231323980,6682243615057,2189251792849,6682604404781,4585976159604,5,6682604405282,85908769,6682604405610,12059841210,128,6589345862181,63138787,2403,132899759,0,6589345864390,0,3916352194554,true

2020-02-06 18:57:53.076000+00:00,leaf8,sg15,1,0,obt-collector1,0/0/CPU0,1,0,0,0,0,0,0,0,5705919236894,0,0,0,5705919237006,0,0,0,0,8233486441044288,5705919237183,8065596757025117,2,5705919237741,37131220915434,0,0,191677735506,0,0,37131220903787,0,0,191677735518,0,0,0,0,37131220915666,37131220915708,0,0,2139932948950,0,2134409139612,3819739282,1,421759515611259,1031195991605,191677503493,1031931691398,840254175010,371,1031931691652,18914410119,1031931692054,103533326,128,840354189455,76721650,11608,182358435,0,840354189895,0,5514423004227,true

2020-02-06 18:57:53.081000+00:00,leaf8,sg15,2,0,obt-collector1,0/0/CPU0,2,0,0,0,0,0,0,0,2056057805797,0,0,0,2056057805835,0,5,0,0,2945227547735230,2056057805888,2885127211441849,0,2056057806229,13282172985841,0,0,85751915522,0,0,13282172982288,0,0,85751915523,0,0,0,0,13282172986107,13282172986137,0,0,750837091703,0,749288417603,13242396747,1,148223934259091,369740062203,82881364831,374433116937,291622824794,43447,374433117225,1453423697,374433160713,74869046,128,297914319491,34413289,6087,5801725448,0,297914319717,0,1973861969056,true

2020-02-06 18:57:53.082000+00:00,leaf8,sg15,3,0,obt-collector1,0/0/CPU0,3,0,0,0,0,0,0,0,852731476026,0,0,0,852731476074,0,0,0,0,344375569879288,852731476120,329893840130996,0,852731476280,1614430497907,0,0,254422800018,0,0,1614430497632,0,0,254422800058,0,0,0,0,1614430497912,1614430497918,0,0,28831839358860,0,28734306541160,26124867,1,6386667889892872,4523453271009,254413852533,4523482654995,4269068818330,0,4523482656820,812628276556,4523482689760,25249018,128,4269103259663,26978700,1667,52839170,0,4269103262473,0,598371572634,true

2020-02-06 18:58:30.767000+00:00,leaf8,sg15,0,0,obt-collector1,0/0/CPU0,0,0,0,0,0,0,0,0,3997786601019,0,0,0,3997786601090,0,0,0,0,4961446334216274,3997786601120,4841335451325127,0,3997786601478,9974831557072,0,0,12877059425089,0,0,9974831554597,0,0,12877059425858,0,0,0,0,9974831557081,9974831557083,0,0,30490157329324,0,30384690877738,7132008973,1,9519629857611511,6682290996200,2189266915469,6682651786713,4586008872403,5,6682651787708,85908769,6682651787856,12059841864,128,6589392469844,63139417,2403,132901105,0,6589392470585,0,3916394868035,true

2020-02-06 18:58:30.770000+00:00,leaf8,sg15,1,0,obt-collector1,0/0/CPU0,1,0,0,0,0,0,0,0,5705988236867,0,0,0,5705988237089,0,0,0,0,8233586320328510,5705988237507,8065694602569901,2,5705988239622,37131671759109,0,0,191679930964,0,0,37131671751752,0,0,191679930975,0,0,0,0,37131671759421,37131671759526,0,0,2139953870574,0,2134430014674,3819740376,1,421763578632035,1031206938258,191679698939,1031942639370,840262927516,371,1031942639514,18914410119,1031942639900,103534399,128,840362942850,76722460,11608,182360352,0,840362942992,0,5514489804799,true

2020-02-06 18:58:30.775000+00:00,leaf8,sg15,2,0,obt-collector1,0/0/CPU0,2,0,0,0,0,0,0,0,2056080974539,0,0,0,2056080974542,0,5,0,0,2945261105371723,2056080974582,2885160084364180,0,2056080974629,13282324461493,0,0,85752641498,0,0,13282324460455,0,0,85752641499,0,0,0,0,13282324461544,13282324461544,0,0,750851668748,0,749302960929,13242397001,1,148226684169278,369746848395,82882088714,374439903435,291628887446,43447,374439903561,1453423697,374439947018,74869783,128,297920382381,34413649,6087,5801726089,0,297920382515,0,1973884411774,true

2020-02-06 18:58:30.776000+00:00,leaf8,sg15,3,0,obt-collector1,0/0/CPU0,3,0,0,0,0,0,0,0,852748884962,0,0,0,852748884990,0,0,0,0,344381990896846,852748885001,329899943598390,0,852748885098,1614461869111,0,0,254427527569,0,0,1614461868796,0,0,254427527589,0,0,0,0,1614461869113,1614461869114,0,0,28832401133134,0,28734866482414,26125124,1,6386792234938033,4523541088397,254418579974,4523570472620,4269151908497,0,4523570474229,812644319614,4523570507038,25249262,128,4269186349050,26978970,1667,52839700,0,4269186352138,0,598384253613,true

2020-02-06 18:58:55.060000+00:00,leaf8,sg15,0,0,obt-collector1,0/0/CPU0,0,0,0,0,0,0,0,0,3997832217021,0,0,0,3997832217081,0,0,0,0,4961507189426726,3997832217162,4841394930945553,0,3997832217369,9975015956567,0,0,12877153403828,0,0,9975015954491,0,0,12877153404061,0,0,0,0,9975015956568,9975015956570,0,0,30490384203367,0,30384917043426,7132009686,1,9519700185388125,6682341040675,2189282670616,6682701831884,4586043646277,5,6682701832554,85908769,6682701832683,12059842556,128,6589441691281,63140089,2403,132902553,0,6589441692762,0,3916439657237,true

2020-02-06 18:58:55.062000+00:00,leaf8,sg15,1,0,obt-collector1,0/0/CPU0,1,0,0,0,0,0,0,0,5706061571339,0,0,0,5706061571446,0,0,0,0,8233692432873244,5706061571592,8065798549388544,2,5706061572046,37132150718352,0,0,191682273870,0,0,37132150713392,0,0,191682273879,0,0,0,0,37132150718778,37132150718815,0,0,2139976586504,0,2134452678912,3819741557,1,421768008299347,1031218625273,191682041840,1031954327784,840272273029,371,1031954327964,18914410119,1031954328355,103535528,128,840372289481,76723324,11608,182362405,0,840372289669,0,5514560796485,true

2020-02-06 18:58:55.063000+00:00,leaf8,sg15,2,0,obt-collector1,0/0/CPU0,2,0,0,0,0,0,0,0,2056105547345,0,0,0,2056105547437,0,5,0,0,2945296687784134,2056105547454,2885194941188518,0,2056105547608,13282485081061,0,0,85753412116,0,0,13282485080294,0,0,85753412119,0,0,0,0,13282485081159,13282485081189,0,0,750867402366,0,749318657990,13242397273,1,148229659788040,369754099179,82882857395,374447154525,291635369893,43447,374447154629,1453423697,374447198085,74870562,128,297926865275,34414033,6087,5801726770,0,297926865376,0,1973908216879,true

2020-02-06 18:58:55.064000+00:00,leaf8,sg15,3,0,obt-collector1,0/0/CPU0,3,0,0,0,0,0,0,0,852767454338,0,0,0,852767454381,0,0,0,0,344388967662010,852767454400,329906580371266,0,852767454544,1614495891779,0,0,254432541338,0,0,1614495891448,0,0,254432541348,0,0,0,0,1614495891791,1614495891793,0,0,28832996339134,0,28735459746771,26125401,1,6386923978797801,4523634162345,254423593743,4523663546864,4269239968987,0,4523663548171,812661322184,4523663581037,25249524,128,4269274409103,26979258,1667,52840266,0,4269274410669,0,598397809828,true

2020-02-06 18:59:07.130000+00:00,leaf8,sg15,0,0,obt-collector1,0/0/CPU0,0,0,0,0,0,0,0,0,3997832217021,0,0,0,3997832217081,0,0,0,0,4961507189426726,3997832217162,4841394930945553,0,3997832217369,9975015956567,0,0,12877153403828,0,0,9975015954491,0,0,12877153404061,0,0,0,0,9975015956568,9975015956570,0,0,30490384203367,0,30384917043426,7132009686,1,9519700185388125,6682341040675,2189282670616,6682701831884,4586043646277,5,6682701832554,85908769,6682701832683,12059842556,128,6589441691281,63140089,2403,132902553,0,6589441692762,0,3916439657237,true

2020-02-06 18:59:07.131000+00:00,leaf8,sg15,1,0,obt-collector1,0/0/CPU0,1,0,0,0,0,0,0,0,5706061571339,0,0,0,5706061571446,0,0,0,0,8233692432873244,5706061571592,8065798549388544,2,5706061572046,37132150718352,0,0,191682273870,0,0,37132150713392,0,0,191682273879,0,0,0,0,37132150718778,37132150718815,0,0,2139976586504,0,2134452678912,3819741557,1,421768008299347,1031218625273,191682041840,1031954327784,840272273029,371,1031954327964,18914410119,1031954328355,103535528,128,840372289481,76723324,11608,182362405,0,840372289669,0,5514560796485,true

2020-02-06 18:59:07.133000+00:00,leaf8,sg15,2,0,obt-collector1,0/0/CPU0,2,0,0,0,0,0,0,0,2056105547345,0,0,0,2056105547437,0,5,0,0,2945296687784134,2056105547454,2885194941188518,0,2056105547608,13282485081061,0,0,85753412116,0,0,13282485080294,0,0,85753412119,0,0,0,0,13282485081159,13282485081189,0,0,750867402366,0,749318657990,13242397273,1,148229659788040,369754099179,82882857395,374447154525,291635369893,43447,374447154629,1453423697,374447198085,74870562,128,297926865275,34414033,6087,5801726770,0,297926865376,0,1973908216879,true

2020-02-06 18:59:07.135000+00:00,leaf8,sg15,3,0,obt-collector1,0/0/CPU0,3,0,0,0,0,0,0,0,852767454338,0,0,0,852767454381,0,0,0,0,344388967662010,852767454400,329906580371266,0,852767454544,1614495891779,0,0,254432541338,0,0,1614495891448,0,0,254432541348,0,0,0,0,1614495891791,1614495891793,0,0,28832996339134,0,28735459746771,26125401,1,6386923978797801,4523634162345,254423593743,4523663546864,4269239968987,0,4523663548171,812661322184,4523663581037,25249524,128,4269274409103,26979258,1667,52840266,0,4269274410669,0,598397809828,true

2020-02-06 19:00:45.604000+00:00,leaf8,sg15,0,0,obt-collector1,0/0/CPU0,0,0,0,0,0,0,0,0,3998006734699,0,0,0,3998006734784,0,0,0,0,4961740164762049,3998006734837,4841622644883968,0,3998006735030,9975724489990,0,0,12877510539933,0,0,9975724488968,0,0,12877510540022,0,0,0,0,9975724490130,9975724490132,0,0,30491244230021,0,30385774389692,7132012383,1,9519966952670206,6682531019621,2189342558290,6682891814038,4586175579385,5,6682891814481,85908769,6682891814527,12059845175,128,6589628510708,63142672,2403,132908050,0,6589628512036,0,3916611005542,true

2020-02-06 19:00:45.606000+00:00,leaf8,sg15,1,0,obt-collector1,0/0/CPU0,1,0,0,0,0,0,0,0,5706341244550,0,0,0,5706341244595,0,0,0,0,8234097137530662,5706341244706,8066195003817218,2,5706341245081,37133977488449,0,0,191691219201,0,0,37133977480144,0,0,191691219206,0,0,0,0,37133977489046,37133977489131,0,0,2140062528242,0,2134538426566,3819746020,1,421784727921129,1031263252340,191690987153,1031998960251,840307960182,371,1031998960350,18914410119,1031998960741,103539864,128,840407980760,76726645,11608,182370214,0,840407980919,0,5514831532601,true

2020-02-06 19:00:45.609000+00:00,leaf8,sg15,2,0,obt-collector1,0/0/CPU0,2,0,0,0,0,0,0,0,2056200231408,0,0,0,2056200231439,0,5,0,0,2945433867333204,2056200231468,2885329322726189,0,2056200231568,13283104315022,0,0,85756352188,0,0,13283104314157,0,0,85756352194,0,0,0,0,13283104315092,13283104315092,0,0,750927004276,0,749378121282,13242398301,1,148240906957593,369781778172,82885784760,374474834721,291660122931,43447,374474834808,1453423697,374474878264,74874788,128,297951620150,34415509,6087,5801729365,0,297951620265,0,1973999979153,true

2020-02-06 19:00:45.610000+00:00,leaf8,sg15,3,0,obt-collector1,0/0/CPU0,3,0,0,0,0,0,0,0,852838592038,0,0,0,852838592061,0,0,0,0,344415329062572,852838592069,329931641167050,0,852838592131,1614624668818,0,0,254451795054,0,0,1614624668594,0,0,254451795074,0,0,0,0,1614624668823,1614624668824,0,0,28835284731219,0,28737740671353,26126460,1,6387430500353190,4523991903693,254442847469,4524021289505,4269578457911,0,4524021291300,812726699011,4524021324218,25250500,128,4269612899926,26980365,1667,52842440,0,4269612902556,0,598449695460,true

2020-02-06 19:01:36.100000+00:00,leaf8,sg15,0,0,obt-collector1,0/0/CPU0,0,0,0,0,0,0,0,0,3998049614598,0,0,0,3998049614608,0,0,0,0,4961797334163754,3998049614633,4841678522005057,0,3998049614823,9975897573995,0,0,12877598996015,0,0,9975897572092,0,0,12877598996043,0,0,0,0,9975897573997,9975897574102,0,0,30491455688511,0,30385985189336,7132013051,1,9520032677684589,6682577872813,2189357404019,6682938667965,4586208039910,5,6682938668473,85908769,6682938668480,12059845813,128,6589674577999,63143309,2403,132909405,0,6589674578797,0,3916653097728,true

2020-02-06 19:01:36.101000+00:00,leaf8,sg15,1,0,obt-collector1,0/0/CPU0,1,0,0,0,0,0,0,0,5706409578443,0,0,0,5706409578621,0,0,0,0,8234196001828932,5706409578754,8066291853352405,2,5706409579456,37134423747905,0,0,191693416460,0,0,37134423741167,0,0,191693416466,0,0,0,0,37134423748355,37134423748498,0,0,2140083599432,0,2134559450351,3819747120,1,421788824419425,1031274223037,191693184417,1032009932290,840316734960,371,1032009932454,18914410119,1032009932842,103540921,128,840416756589,76727464,11608,182372139,0,840416756759,0,5514897671234,true

2020-02-06 19:01:36.102000+00:00,leaf8,sg15,2,0,obt-collector1,0/0/CPU0,2,0,0,0,0,0,0,0,2056223530230,0,0,0,2056223530268,0,5,0,0,2945467621574456,2056223530291,2885362388677887,0,2056223530376,13283256681705,0,0,85757078029,0,0,13283256680287,0,0,85757078030,0,0,0,0,13283256681816,13283256681816,0,0,750941684353,0,749392767443,13242398555,1,148243675633298,369788608875,82886509581,374481665732,291666229143,43447,374481665847,1453423697,374481709306,74875266,128,297957726842,34415873,6087,5801730003,0,297957726997,0,1974022554629,true

2020-02-06 19:01:36.104000+00:00,leaf8,sg15,3,0,obt-collector1,0/0/CPU0,3,0,0,0,0,0,0,0,852856085993,0,0,0,852856086000,0,0,0,0,344421779841250,852856086023,329937771653745,0,852856086119,1614656217305,0,0,254456519440,0,0,1614656216956,0,0,254456519458,0,0,0,0,1614656217319,1614656217319,0,0,28835843251500,0,28738297368832,26126728,1,6387554128483684,4524079238724,254447571853,4524108624584,4269661068614,0,4524108626135,812742624647,4524108659070,25250733,128,4269695510663,26980635,1667,52842980,0,4269695512735,0,598462465715,true

2020-02-06 19:02:12.428000+00:00,leaf8,sg15,0,0,obt-collector1,0/0/CPU0,0,0,0,0,0,0,0,0,3998092395585,0,0,0,3998092395670,0,0,0,0,4961854486007524,3998092395708,4841734383751907,0,3998092395852,9976071899543,0,0,12877686062347,0,0,9976071898135,0,0,12877686062529,0,0,0,0,9976071899679,9976071899680,0,0,30491666861720,0,30386195703865,7132013713,1,9520098043711342,6682624424425,2189372027580,6682985220353,4586240418376,5,6682985220659,85908769,6682985220702,12059846449,128,6589720360784,63143939,2403,132910750,0,6589720361894,0,3916695107779,true

2020-02-06 19:02:12.429000+00:00,leaf8,sg15,1,0,obt-collector1,0/0/CPU0,1,0,0,0,0,0,0,0,5706478085231,0,0,0,5706478085400,0,0,0,0,8234295169574330,5706478085495,8066388999837773,2,5706478086010,37134871355858,0,0,191695604529,0,0,37134871348811,0,0,191695604540,0,0,0,0,37134871356199,37134871356479,0,0,2140104514899,0,2134580319081,3819748221,1,421792888424865,1031285139631,191695372512,1032020850218,840325464787,371,1032020850376,18914410119,1032020850760,103541984,128,840425487417,76728274,11608,182374055,0,840425487559,0,5514963990793,true

2020-02-06 19:02:12.430000+00:00,leaf8,sg15,2,0,obt-collector1,0/0/CPU0,2,0,0,0,0,0,0,0,2056246198367,0,0,0,2056246198393,0,5,0,0,2945500455822590,2056246198444,2885394553408030,0,2056246198502,13283404890887,0,0,85757788077,0,0,13283404889994,0,0,85757788079,0,0,0,0,13283404890888,13283404890909,0,0,750956236536,0,749407286096,13242398810,1,148246417693452,369795381410,82887218020,374488438570,291672293578,43447,374488438682,1453423697,374488482157,74876003,128,297963791791,34416233,6087,5801730644,0,297963791873,0,1974044515533,true

2020-02-06 19:02:12.432000+00:00,leaf8,sg15,3,0,obt-collector1,0/0/CPU0,3,0,0,0,0,0,0,0,852873505851,0,0,0,852873505871,0,0,0,0,344428189698428,852873505879,329943863475211,0,852873505999,1614687553438,0,0,254461243315,0,0,1614687553141,0,0,254461243335,0,0,0,0,1614687553448,1614687553449,0,0,28836400523997,0,28738852825485,26126996,1,6387677492798918,4524166354542,254452295729,4524195740793,4269743460937,0,4524195741656,812758503320,4524195774533,25250964,128,4269777902642,26980908,1667,52843521,0,4269777904186,0,598475162108,true

2020-02-06 19:03:13.562000+00:00,leaf8,sg15,0,0,obt-collector1,0/0/CPU0,0,0,0,0,0,0,0,0,3998177941710,0,0,0,3998177941778,0,0,0,0,4961968446470663,3998177941892,4841845766967766,0,3998177942200,9976413278309,0,0,12877866077988,0,0,9976413277078,0,0,12877866078266,0,0,0,0,9976413278354,9976413278368,0,0,30492090015925,0,30386617537911,7132015037,1,9520230243061212,6682718596766,2189402186428,6683079394213,4586305362328,5,6683079394766,85908769,6683079394897,12059847691,128,6589812952503,63145206,2403,132913450,0,6589812953369,0,3916779069382,true

2020-02-06 19:03:13.563000+00:00,leaf8,sg15,1,0,obt-collector1,0/0/CPU0,1,0,0,0,0,0,0,0,5706615671420,0,0,0,5706615671522,0,0,0,0,8234494127809818,5706615671613,8066583901512156,2,5706615672080,37135769430778,0,0,191700051793,0,0,37135769426586,0,0,191700051800,0,0,0,0,37135769431080,37135769431081,0,0,2140147494453,0,2134623201404,3819750437,1,421801262043967,1031307330056,191699819764,1032043043279,840343210599,371,1032043043452,18914410119,1032043043835,103544100,128,840443235326,76729903,11608,182377919,0,840443235479,0,5515097131679,true

2020-02-06 19:03:13.565000+00:00,leaf8,sg15,2,0,obt-collector1,0/0/CPU0,2,0,0,0,0,0,0,0,2056291852514,0,0,0,2056291852532,0,5,0,0,2945566496080571,2056291852550,2885459246991428,0,2056291852690,13283702989218,0,0,85759253342,0,0,13283702988225,0,0,85759253344,0,0,0,0,13283702989346,13283702989396,0,0,750986033205,0,749437012775,13242399317,1,148252053287624,369809121118,82888678326,374502178890,291684573680,43447,374502178972,1453423697,374502222424,74877677,128,297976072762,34416957,6087,5801731919,0,297976072924,0,1974088712532,true

2020-02-06 19:03:13.566000+00:00,leaf8,sg15,3,0,obt-collector1,0/0/CPU0,3,0,0,0,0,0,0,0,852908753497,0,0,0,852908753515,0,0,0,0,344441369445952,852908753533,329956394609307,0,852908753639,1614751946067,0,0,254470693654,0,0,1614751945699,0,0,254470693674,0,0,0,0,1614751946187,1614751946191,0,0,28837511705812,0,28739960400136,26127529,1,6387923438912372,4524340289827,254461746068,4524369676522,4269907946361,0,4524369677546,812790177381,4524369710432,25251425,128,4269942388777,26981451,1667,52844599,0,4269942390475,0,598500960772,true

2020-02-06 19:04:14.292000+00:00,leaf8,sg15,0,0,obt-collector1,0/0/CPU0,0,0,0,0,0,0,0,0,3998263678627,0,0,0,3998263678761,0,0,0,0,4962082513589405,3998263678850,4841957250393899,0,3998263679034,9976757704970,0,0,12878043596561,0,0,9976757703770,0,0,12878043596822,0,0,0,0,9976757705140,9976757705143,0,0,30492510157274,0,30387036368804,7132016367,1,9520361209937486,6682812046070,2189432009301,6683172845273,4586369918812,5,6683172845921,85908769,6683172845986,12059848947,128,6589904822431,63146473,2403,132916157,0,6589904823536,0,3916863221977,true

2020-02-06 19:04:14.293000+00:00,leaf8,sg15,1,0,obt-collector1,0/0/CPU0,1,0,0,0,0,0,0,0,5706753132208,0,0,0,5706753132324,0,0,0,0,8234692759055030,5706753132437,8066778481003332,2,5706753132791,37136666067823,0,0,191704521233,0,0,37136666063481,0,0,191704521243,0,0,0,0,37136666067947,37136666068078,0,0,2140190759390,0,2134666368024,3819752649,1,421809694551717,1031329636575,191704289200,1032065352497,840361050376,371,1032065352676,18914410119,1032065353066,103546214,128,840461077160,76731532,11608,182381772,0,840461077346,0,5515230127864,true

2020-02-06 19:04:14.294000+00:00,leaf8,sg15,2,0,obt-collector1,0/0/CPU0,2,0,0,0,0,0,0,0,2056337797440,0,0,0,2056337797472,0,5,0,0,2945632893423579,2056337797506,2885524289105883,0,2056337797547,13284002723263,0,0,85760734666,0,0,13284002721719,0,0,85760734668,0,0,0,0,13284002723305,13284002723306,0,0,751016127560,0,749467036476,13242399823,1,148257743099235,369823015977,82890154381,374516074338,291696993156,43447,374516074417,1453423697,374516117871,74879489,128,297988493141,34417681,6087,5801733196,0,297988493237,0,1974133183006,true

2020-02-06 19:04:14.296000+00:00,leaf8,sg15,3,0,obt-collector1,0/0/CPU0,3,0,0,0,0,0,0,0,852944116938,0,0,0,852944116961,0,0,0,0,344454623244743,852944116979,329968996252187,0,852944117104,1614816707971,0,0,254480144132,0,0,1614816707494,0,0,254480144142,0,0,0,0,1614816707998,1614816708035,0,0,28838628832144,0,28741073900656,26128062,1,6388170689262971,4524515135720,254471196546,4524544522996,4270073342316,0,4524544523979,812822088284,4524544556862,25251895,128,4270107785062,26981994,1667,52845681,0,4270107785917,0,598526874736,true

2020-02-06 19:04:26.408000+00:00,leaf8,sg15,0,0,obt-collector1,0/0/CPU0,0,0,0,0,0,0,0,0,3998306072751,0,0,0,3998306072797,0,0,0,0,4962138748667391,3998306072866,4842012211254625,0,3998306073128,9976930769145,0,0,12878127916311,0,0,9976930765721,0,0,12878127916713,0,0,0,0,9976930769759,9976930769927,0,0,30492718693918,0,30387244256484,7132017040,1,9520425347039532,6682858102070,2189446370111,6683218901955,4586402082779,5,6683218902397,85908769,6683218902486,12059849606,128,6589950030228,63147110,2403,132917518,0,6589950031312,0,3916904767819,true

2020-02-06 19:04:26.409000+00:00,leaf8,sg15,1,0,obt-collector1,0/0/CPU0,1,0,0,0,0,0,0,0,5706821224998,0,0,0,5706821225018,0,0,0,0,8234791114943588,5706821225084,8066874831059550,2,5706821225385,37137110045148,0,0,191706760333,0,0,37137110040592,0,0,191706760338,0,0,0,0,37137110045390,37137110045462,0,0,2140212452310,0,2134688011654,3819753764,1,421813923935407,1031340805835,191706528276,1032076523062,840369981871,371,1032076523240,18914410119,1032076523646,103547256,128,840470009792,76732351,11608,182383711,0,840470010023,0,5515295982340,true

2020-02-06 19:04:26.410000+00:00,leaf8,sg15,2,0,obt-collector1,0/0/CPU0,2,0,0,0,0,0,0,0,2056360612433,0,0,0,2056360612459,0,5,0,0,2945665882631388,2056360612486,2885556605437179,0,2056360612748,13284151650423,0,0,85761463237,0,0,13284151647809,0,0,85761463238,0,0,0,0,13284151650424,13284151650424,0,0,751031105386,0,749481979101,13242400078,1,148260578711892,369829891300,82890881033,374522949964,291703142165,43447,374522950087,1453423697,374522993544,74880200,128,297994642682,34418045,6087,5801733836,0,297994642875,0,1974155273570,true

2020-02-06 19:04:26.412000+00:00,leaf8,sg15,3,0,obt-collector1,0/0/CPU0,3,0,0,0,0,0,0,0,852962012040,0,0,0,852962012070,0,0,0,0,344461375919108,852962012092,329975416201365,0,852962012237,1614849733370,0,0,254484868874,0,0,1614849733086,0,0,254484868884,0,0,0,0,1614849733387,1614849733395,0,0,28839185387126,0,28741628652169,26128330,1,6388293872916688,4524602261983,254475921288,4524631649753,4270155744300,0,4524631650989,812837959082,4524631684029,25252140,128,4270190188608,26982264,1667,52846221,0,4270190191070,0,598540045712,true

2020-02-06 19:04:38.483000+00:00,leaf8,sg15,0,0,obt-collector1,0/0/CPU0,0,0,0,0,0,0,0,0,3998306072751,0,0,0,3998306072797,0,0,0,0,4962138748667391,3998306072866,4842012211254625,0,3998306073128,9976930769145,0,0,12878127916311,0,0,9976930765721,0,0,12878127916713,0,0,0,0,9976930769759,9976930769927,0,0,30492718693918,0,30387244256484,7132017040,1,9520425347039532,6682858102070,2189446370111,6683218901955,4586402082779,5,6683218902397,85908769,6683218902486,12059849606,128,6589950030228,63147110,2403,132917518,0,6589950031312,0,3916904767819,true

2020-02-06 19:04:38.485000+00:00,leaf8,sg15,1,0,obt-collector1,0/0/CPU0,1,0,0,0,0,0,0,0,5706821224998,0,0,0,5706821225018,0,0,0,0,8234791114943588,5706821225084,8066874831059550,2,5706821225385,37137110045148,0,0,191706760333,0,0,37137110040592,0,0,191706760338,0,0,0,0,37137110045390,37137110045462,0,0,2140212452310,0,2134688011654,3819753764,1,421813923935407,1031340805835,191706528276,1032076523062,840369981871,371,1032076523240,18914410119,1032076523646,103547256,128,840470009792,76732351,11608,182383711,0,840470010023,0,5515295982340,true

2020-02-06 19:04:38.501000+00:00,leaf8,sg15,2,0,obt-collector1,0/0/CPU0,2,0,0,0,0,0,0,0,2056360612433,0,0,0,2056360612459,0,5,0,0,2945665882631388,2056360612486,2885556605437179,0,2056360612748,13284151650423,0,0,85761463237,0,0,13284151647809,0,0,85761463238,0,0,0,0,13284151650424,13284151650424,0,0,751031105386,0,749481979101,13242400078,1,148260578711892,369829891300,82890881033,374522949964,291703142165,43447,374522950087,1453423697,374522993544,74880200,128,297994642682,34418045,6087,5801733836,0,297994642875,0,1974155273570,true

2020-02-06 19:04:38.509000+00:00,leaf8,sg15,3,0,obt-collector1,0/0/CPU0,3,0,0,0,0,0,0,0,852962012040,0,0,0,852962012070,0,0,0,0,344461375919108,852962012092,329975416201365,0,852962012237,1614849733370,0,0,254484868874,0,0,1614849733086,0,0,254484868884,0,0,0,0,1614849733387,1614849733395,0,0,28839185387126,0,28741628652169,26128330,1,6388293872916688,4524602261983,254475921288,4524631649753,4270155744300,0,4524631650989,812837959082,4524631684029,25252140,128,4270190188608,26982264,1667,52846221,0,4270190191070,0,598540045712,true

2020-02-06 19:06:15.361000+00:00,leaf8,sg15,0,0,obt-collector1,0/0/CPU0,0,0,0,0,0,0,0,0,3998436063901,0,0,0,3998436063963,0,0,0,0,4962311058628119,3998436063997,4842180621627174,0,3998436064139,9977454233693,0,0,12878393152890,0,0,9977454232526,0,0,12878393152928,0,0,0,0,9977454233787,9977454233788,0,0,30493346307483,0,30387869917878,7132019074,1,9520620810835659,6682999095933,2189491630179,6683359898200,4586499261159,5,6683359898617,85908769,6683359898646,12059851703,128,6590088254679,63149007,2403,132921611,0,6590088255526,0,3917031981503,true

2020-02-06 19:06:15.363000+00:00,leaf8,sg15,1,0,obt-collector1,0/0/CPU0,1,0,0,0,0,0,0,0,5707026882865,0,0,0,5707026882915,0,0,0,0,8235088170727472,5707026882964,8067165829842093,2,5707026883302,37138450933780,0,0,191713543343,0,0,37138450928722,0,0,191713543345,0,0,0,0,37138450934030,37138450934051,0,0,2140277959258,0,2134753369068,3819757145,1,421826684214441,1031374656750,191713311284,1032110378072,840397053872,371,1032110378197,18914410119,1032110378592,103550383,128,840497084869,76734790,11608,182389556,0,840497085042,0,5515494863502,true

2020-02-06 19:06:15.365000+00:00,leaf8,sg15,2,0,obt-collector1,0/0/CPU0,2,0,0,0,0,0,0,0,2056429877967,0,0,0,2056429877984,0,5,0,0,2945766073760883,2056429877995,2885654751659282,0,2056429878103,13284603938105,0,0,85763660967,0,0,13284603935690,0,0,85763660969,0,0,0,0,13284603938113,13284603938114,0,0,751075955834,0,749526724583,13242400846,1,148269057144112,369850595262,82893068576,374543654834,291721659643,43447,374543654972,1453423697,374543698428,74883463,128,298013161586,34419129,6087,5801735756,0,298013161709,0,1974222355541,true

2020-02-06 19:06:15.373000+00:00,leaf8,sg15,3,0,obt-collector1,0/0/CPU0,3,0,0,0,0,0,0,0,853016583040,0,0,0,853016583080,0,0,0,0,344481926701255,853016583158,329994941776019,0,853016583446,1614950517490,0,0,254499050999,0,0,1614950516670,0,0,254499051029,0,0,0,0,1614950517498,1614950517499,0,0,28840872395790,0,28743310182018,26129141,1,6388667247239063,4524866170072,254490103493,4524895558566,4270405470963,0,4524895560365,812886222695,4524895593321,25252929,128,4270439917502,26983080,1667,52847850,0,4270439922138,0,598580437565,true

2020-02-06 19:06:51.771000+00:00,leaf8,sg15,0,0,obt-collector1,0/0/CPU0,0,0,0,0,0,0,0,0,3998521995787,0,0,0,3998521995870,0,0,0,0,4962424799152714,3998521995929,4842291785257204,0,3998521996106,9977802443656,0,0,12878565627332,0,0,9977802439740,0,0,12878565627525,0,0,0,0,9977802443733,9977802443769,0,0,30493767132611,0,30388289434026,7132020422,1,9520750691296056,6683092825016,2189521189044,6683453628993,4586564394691,5,6683453629753,85908769,6683453629928,12059853133,128,6590180137335,63150274,2403,132924340,0,6590180138598,0,3917116065174,true

2020-02-06 19:06:51.772000+00:00,leaf8,sg15,1,0,obt-collector1,0/0/CPU0,1,0,0,0,0,0,0,0,5707164861464,0,0,0,5707164861657,0,0,0,0,8235287568094623,5707164861825,8067361161627119,2,5707164862266,37139351006941,0,0,191718052914,0,0,37139351001629,0,0,191718052926,0,0,0,0,37139351008726,37139351008726,0,0,2140321521859,0,2134796831735,3819759408,1,421835170800867,1031397159341,191717820895,1032132883420,840415049617,371,1032132883730,18914410119,1032132884114,103552500,128,840515083016,76736419,11608,182393460,0,840515083184,0,5515628341316,true

2020-02-06 19:06:51.774000+00:00,leaf8,sg15,2,0,obt-collector1,0/0/CPU0,2,0,0,0,0,0,0,0,2056476243774,0,0,0,2056476243967,0,5,0,0,2945833161360316,2056476243973,2885720470318847,0,2056476244203,13284906795320,0,0,85765119893,0,0,13284906793221,0,0,85765119898,0,0,0,0,13284906795781,13284906795781,0,0,751105922746,0,749556621102,13242401365,1,148274721233360,369864417541,82894523417,374557477692,291734027732,43447,374557477916,1453423697,374557521384,74884991,128,298025530648,34419853,6087,5801737045,0,298025530845,0,1974267270796,true

2020-02-06 19:06:51.776000+00:00,leaf8,sg15,3,0,obt-collector1,0/0/CPU0,3,0,0,0,0,0,0,0,853052907450,0,0,0,853052907529,0,0,0,0,344495591219190,853052907555,330007924432351,0,853052907780,1615017526586,0,0,254508505982,0,0,1615017526054,0,0,254508506012,0,0,0,0,1615017526631,1615017526632,0,0,28842001734005,0,28744435851989,26129677,1,6388917196705461,4525042770745,254499558497,4525072159817,4270572617211,0,4525072160911,812918553189,4525072194013,25253464,128,4270607062865,26983623,1667,52848935,0,4270607064943,0,598607306927,true

2020-02-06 19:07:16.072000+00:00,leaf8,sg15,0,0,obt-collector1,0/0/CPU0,0,0,0,0,0,0,0,0,3998521995787,0,0,0,3998521995870,0,0,0,0,4962424799152714,3998521995929,4842291785257204,0,3998521996106,9977802443656,0,0,12878565627332,0,0,9977802439740,0,0,12878565627525,0,0,0,0,9977802443733,9977802443769,0,0,30493767132611,0,30388289434026,7132020422,1,9520750691296056,6683092825016,2189521189044,6683453628993,4586564394691,5,6683453629753,85908769,6683453629928,12059853133,128,6590180137335,63150274,2403,132924340,0,6590180138598,0,3917116065174,true

2020-02-06 19:07:16.074000+00:00,leaf8,sg15,1,0,obt-collector1,0/0/CPU0,1,0,0,0,0,0,0,0,5707164861464,0,0,0,5707164861657,0,0,0,0,8235287568094623,5707164861825,8067361161627119,2,5707164862266,37139351006941,0,0,191718052914,0,0,37139351001629,0,0,191718052926,0,0,0,0,37139351008726,37139351008726,0,0,2140321521859,0,2134796831735,3819759408,1,421835170800867,1031397159341,191717820895,1032132883420,840415049617,371,1032132883730,18914410119,1032132884114,103552500,128,840515083016,76736419,11608,182393460,0,840515083184,0,5515628341316,true

2020-02-06 19:07:16.075000+00:00,leaf8,sg15,2,0,obt-collector1,0/0/CPU0,2,0,0,0,0,0,0,0,2056476243774,0,0,0,2056476243967,0,5,0,0,2945833161360316,2056476243973,2885720470318847,0,2056476244203,13284906795320,0,0,85765119893,0,0,13284906793221,0,0,85765119898,0,0,0,0,13284906795781,13284906795781,0,0,751105922746,0,749556621102,13242401365,1,148274721233360,369864417541,82894523417,374557477692,291734027732,43447,374557477916,1453423697,374557521384,74884991,128,298025530648,34419853,6087,5801737045,0,298025530845,0,1974267270796,true

2020-02-06 19:07:16.076000+00:00,leaf8,sg15,3,0,obt-collector1,0/0/CPU0,3,0,0,0,0,0,0,0,853052907450,0,0,0,853052907529,0,0,0,0,344495591219190,853052907555,330007924432351,0,853052907780,1615017526586,0,0,254508505982,0,0,1615017526054,0,0,254508506012,0,0,0,0,1615017526631,1615017526632,0,0,28842001734005,0,28744435851989,26129677,1,6388917196705461,4525042770745,254499558497,4525072159817,4270572617211,0,4525072160911,812918553189,4525072194013,25253464,128,4270607062865,26983623,1667,52848935,0,4270607064943,0,598607306927,true

2020-02-06 19:07:40.736000+00:00,leaf8,sg15,0,0,obt-collector1,0/0/CPU0,0,0,0,0,0,0,0,0,3998565810685,0,0,0,3998565810692,0,0,0,0,4962482915181218,3998565810709,4842348586127000,0,3998565810773,9977978236496,0,0,12878655827100,0,0,9977978236039,0,0,12878655827105,0,0,0,0,9977978236574,9977978236625,0,0,30493979203226,0,30388500843578,7132021098,1,9520816873822723,6683140482379,2189536542365,6683501287130,4586597185480,5,6683501287424,85908769,6683501287536,12059853837,128,6590226874215,63150911,2403,132925703,0,6590226875223,0,3917158953936,true

2020-02-06 19:07:40.738000+00:00,leaf8,sg15,1,0,obt-collector1,0/0/CPU0,1,0,0,0,0,0,0,0,5707233535940,0,0,0,5707233536027,0,0,0,0,8235386742917316,5707233536082,8067458313995905,2,5707233536361,37139798664078,0,0,191720326437,0,0,37139798661902,0,0,191720326445,0,0,0,0,37139798664078,37139798664078,0,0,2140343598853,0,2134818858094,3819760552,1,421839477085555,1031408506194,191720094395,1032144231625,840424124307,371,1032144231753,18914410119,1032144232147,103553556,128,840524158483,76737238,11608,182395428,0,840524158668,0,5515694737455,true

2020-02-06 19:07:40.739000+00:00,leaf8,sg15,2,0,obt-collector1,0/0/CPU0,2,0,0,0,0,0,0,0,2056499202842,0,0,0,2056499202865,0,5,0,0,2945866352759085,2056499202886,2885752984009208,0,2056499202897,13285056628985,0,0,85765853488,0,0,13285056628276,0,0,85765853491,0,0,0,0,13285056629049,13285056629050,0,0,751121010807,0,749571673780,13242401624,1,148277578356388,369871336805,82895255341,374564397270,291740215439,43447,374564397431,1453423697,374564440893,74885744,128,298031718738,34420217,6087,5801737691,0,298031718831,0,1974289495641,true

2020-02-06 19:07:40.741000+00:00,leaf8,sg15,3,0,obt-collector1,0/0/CPU0,3,0,0,0,0,0,0,0,853071065160,0,0,0,853071065192,0,0,0,0,344502463153348,853071065216,330014455517330,0,853071065363,1615051193202,0,0,254513230333,0,0,1615051193031,0,0,254513230342,0,0,0,0,1615051193213,1615051193215,0,0,28842561569946,0,28744993871783,26129954,1,6389041100125161,4525130382834,254504282738,4525159772228,4270655505377,0,4525159773351,812934543125,4525159806319,25253731,128,4270689950921,26983896,1667,52849484,0,4270689952533,0,598620740525,true

