,Producer,Target,host,node-name,npu-tcam/npu-id,npu-tcam/tcam-bank/bank-db/db-id,npu-tcam/tcam-bank/bank-db/db-inuse-entries,npu-tcam/tcam-bank/bank-db/db-prefix,npu-tcam/tcam-bank/bank-free-entries,npu-tcam/tcam-bank/bank-id,npu-tcam/tcam-bank/bank-inuse-entries,npu-tcam/tcam-bank/bank-key-size,npu-tcam/tcam-bank/nof-dbs,npu-tcam/tcam-bank/owner,npu-tcam/tcam-banks/bank-dbs/db-id,npu-tcam/tcam-banks/bank-dbs/db-inuse-entries,npu-tcam/tcam-banks/bank-dbs/db-prefix,npu-tcam/tcam-banks/bank-free-entries,npu-tcam/tcam-banks/bank-id,npu-tcam/tcam-banks/bank-inuse-entries,npu-tcam/tcam-banks/bank-key-size,npu-tcam/tcam-banks/nof-dbs,npu-tcam/tcam-banks/owner

2020-02-06 18:54:58.932000+00:00,leaf8,sg14,obt-collector1,0/0/CPU0,3,35,1,INGRESS_EVPN_AA_ESI_TO_FBN_DB,128,15,0,160b,0,Free,,,,,,,,,

2020-02-06 18:55:35.215000+00:00,leaf8,sg14,obt-collector1,0/0/CPU0,3,35,1,INGRESS_EVPN_AA_ESI_TO_FBN_DB,128,15,0,160b,0,Free,,,,,,,,,

2020-02-06 18:56:26.276000+00:00,leaf8,sg14,obt-collector1,0/0/CPU0,3,35,1,INGRESS_EVPN_AA_ESI_TO_FBN_DB,128,15,0,160b,0,Free,,,,,,,,,

2020-02-06 18:56:50.393000+00:00,leaf8,sg14,obt-collector1,0/0/CPU0,3,35,1,INGRESS_EVPN_AA_ESI_TO_FBN_DB,128,15,0,160b,0,Free,,,,,,,,,

2020-02-06 18:57:02.996000+00:00,leaf8,sg14,obt-collector1,0/0/CPU0,3,35,1,INGRESS_EVPN_AA_ESI_TO_FBN_DB,128,15,0,160b,0,Free,,,,,,,,,

2020-02-06 18:57:15.160000+00:00,leaf8,sg14,obt-collector1,0/0/CPU0,3,35,1,INGRESS_EVPN_AA_ESI_TO_FBN_DB,128,15,0,160b,0,Free,,,,,,,,,

2020-02-06 18:57:53.048000+00:00,leaf8,sg14,obt-collector1,0/0/CPU0,3,35,1,INGRESS_EVPN_AA_ESI_TO_FBN_DB,128,15,0,160b,0,Free,,,,,,,,,

2020-02-06 18:58:55.015000+00:00,leaf8,sg14,obt-collector1,0/0/CPU0,3,35,1,INGRESS_EVPN_AA_ESI_TO_FBN_DB,128,15,0,160b,0,Free,,,,,,,,,

2020-02-06 18:59:07.105000+00:00,leaf8,sg14,obt-collector1,0/0/CPU0,3,35,1,INGRESS_EVPN_AA_ESI_TO_FBN_DB,128,15,0,160b,0,Free,,,,,,,,,

2020-02-06 19:00:33.338000+00:00,leaf8,sg14,obt-collector1,0/0/CPU0,3,35,1,INGRESS_EVPN_AA_ESI_TO_FBN_DB,128,15,0,160b,0,Free,,,,,,,,,

2020-02-06 19:00:45.489000+00:00,leaf8,sg14,obt-collector1,0/0/CPU0,3,35,1,INGRESS_EVPN_AA_ESI_TO_FBN_DB,128,15,0,160b,0,Free,,,,,,,,,

2020-02-06 19:01:36.075000+00:00,leaf8,sg14,obt-collector1,0/0/CPU0,3,35,1,INGRESS_EVPN_AA_ESI_TO_FBN_DB,128,15,0,160b,0,Free,,,,,,,,,

2020-02-06 19:02:12.389000+00:00,leaf8,sg14,obt-collector1,0/0/CPU0,3,35,1,INGRESS_EVPN_AA_ESI_TO_FBN_DB,128,15,0,160b,0,Free,,,,,,,,,

2020-02-06 19:03:13.537000+00:00,leaf8,sg14,obt-collector1,0/0/CPU0,3,35,1,INGRESS_EVPN_AA_ESI_TO_FBN_DB,128,15,0,160b,0,Free,,,,,,,,,

2020-02-06 19:04:26.364000+00:00,leaf8,sg14,obt-collector1,0/0/CPU0,3,35,1,INGRESS_EVPN_AA_ESI_TO_FBN_DB,128,15,0,160b,0,Free,,,,,,,,,

2020-02-06 19:05:02.657000+00:00,leaf8,sg14,obt-collector1,0/0/CPU0,3,35,1,INGRESS_EVPN_AA_ESI_TO_FBN_DB,128,15,0,160b,0,Free,,,,,,,,,

2020-02-06 19:05:38.984000+00:00,leaf8,sg14,obt-collector1,0/0/CPU0,3,35,1,INGRESS_EVPN_AA_ESI_TO_FBN_DB,128,15,0,160b,0,Free,,,,,,,,,

2020-02-06 19:06:51.728000+00:00,leaf8,sg14,obt-collector1,0/0/CPU0,3,35,1,INGRESS_EVPN_AA_ESI_TO_FBN_DB,128,15,0,160b,0,Free,,,,,,,,,

2020-02-06 19:07:16.028000+00:00,leaf8,sg14,obt-collector1,0/0/CPU0,3,35,1,INGRESS_EVPN_AA_ESI_TO_FBN_DB,128,15,0,160b,0,Free,,,,,,,,,

2020-02-06 19:07:40.695000+00:00,leaf8,sg14,obt-collector1,0/0/CPU0,3,35,1,INGRESS_EVPN_AA_ESI_TO_FBN_DB,128,15,0,160b,0,Free,,,,,,,,,

2020-02-06 19:07:52.803000+00:00,leaf8,sg14,obt-collector1,0/0/CPU0,3,35,1,INGRESS_EVPN_AA_ESI_TO_FBN_DB,128,15,0,160b,0,Free,,,,,,,,,

