,Producer,Target,host,icmp/checksum-error-messages,icmp/output-messages,icmp/received-echo-reply-messages,icmp/received-echo-request-messages,icmp/received-hop-count-expired-messages,icmp/received-parameter-error-messages,icmp/received-parameter-header-messages,icmp/received-parameter-option-messages,icmp/received-parameter-unknown-type-messages,icmp/received-reassembly-timeouts,icmp/received-too-big-messages,icmp/received-unknown-timeout-messages,icmp/received-unreachable-address-messages,icmp/received-unreachable-admin-messages,icmp/received-unreachable-neighbor-messages,icmp/received-unreachable-port-messages,icmp/received-unreachable-routing-messages,icmp/received-unreachable-unknown-type-messages,icmp/sent-echo-reply-messages,icmp/sent-echo-request-messages,icmp/sent-hop-count-expired-messages,icmp/sent-parameter-error-messages,icmp/sent-parameter-header-messages,icmp/sent-parameter-option-messages,icmp/sent-parameter-unknown-type-messages,icmp/sent-rate-limited-packets,icmp/sent-reassembly-timeouts,icmp/sent-too-big-messages,icmp/sent-unknown-timeout-messages,icmp/sent-unreachable-address-messages,icmp/sent-unreachable-admin-messages,icmp/sent-unreachable-neighbor-messages,icmp/sent-unreachable-port-messages,icmp/sent-unreachable-routing-messages,icmp/sent-unreachable-unknown-type-messages,icmp/too-short-error-messages,icmp/total-messages,icmp/unknown-error-type-messages,ipv6-node-discovery/received-neighbor-advertisement-messages,ipv6-node-discovery/received-neighbor-solicitation-messages,ipv6-node-discovery/received-redirect-messages,ipv6-node-discovery/received-router-advertisement-messages,ipv6-node-discovery/received-router-solicitation-messages,ipv6-node-discovery/sent-neighbor-advertisement-messages,ipv6-node-discovery/sent-neighbor-solicitation-messages,ipv6-node-discovery/sent-redirect-messages,ipv6-node-discovery/sent-router-advertisement-messages,ipv6-node-discovery/sent-router-solicitation-messages,ipv6/bad-header-packets,ipv6/bad-source-address-packets,ipv6/format-errors,ipv6/forwarded-packets,ipv6/fragment-count,ipv6/fragment-failures,ipv6/fragmented-packets,ipv6/fragments,ipv6/generated-packets,ipv6/hop-count-exceeded-packets,ipv6/io-puntback,ipv6/lisp-decap-errors,ipv6/lisp-encap-errors,ipv6/lisp-v4-decap-packets,ipv6/lisp-v4-encap-packets,ipv6/lisp-v6-decap-packets,ipv6/lisp-v6-encap-packets,ipv6/local-destination-packets,ipv6/miscellaneous-drops,ipv6/no-route-packets,ipv6/reassembled-packets,ipv6/reassembly-failures,ipv6/reassembly-maximum-drops,ipv6/reassembly-timeouts,ipv6/received-multicast-packets,ipv6/sent-multicast-packets,ipv6/source-routed-packets,ipv6/too-big-packets,ipv6/total-packets,ipv6/truncated-packets,ipv6/unknown-option-type-packets,ipv6/unknown-protocol-packets,node-name

2020-02-05 01:51:25.672000+00:00,leaf4,sg2,obt-collector1,1,48,0,0,0,0,0,0,0,0,0,0,0,0,0,0,0,0,0,0,0,0,0,0,0,0,0,0,0,0,0,0,48,0,0,0,58,0,22663,20673,0,10767,1,20695,22666,0,11977,0,20,84,0,48,0,0,0,0,55439,0,0,0,0,0,0,0,0,95,0,20,0,0,0,0,10969,0,0,0,171095,0,91,0,0/0/CPU0

2020-02-05 01:51:25.673000+00:00,leaf4,sg2,obt-collector1,0,0,0,0,0,0,0,0,0,0,0,0,0,0,0,0,0,0,0,0,0,0,0,0,0,60,0,0,0,0,0,0,0,0,0,0,0,0,0,0,0,0,0,0,0,0,0,0,0,0,0,0,0,0,0,0,706878,0,0,0,0,0,0,0,0,0,0,0,0,0,0,0,0,0,0,0,712269,0,0,0,0/RP0/CPU0

2020-02-05 01:51:35.669000+00:00,leaf4,sg2,obt-collector1,1,48,0,0,0,0,0,0,0,0,0,0,0,0,0,0,0,0,0,0,0,0,0,0,0,0,0,0,0,0,0,0,48,0,0,0,58,0,22664,20674,0,10770,1,20696,22667,0,11978,0,20,84,0,48,0,0,0,0,55442,0,0,0,0,0,0,0,0,95,0,20,0,0,0,0,10972,0,0,0,171112,0,91,0,0/0/CPU0

2020-02-05 01:51:35.671000+00:00,leaf4,sg2,obt-collector1,0,0,0,0,0,0,0,0,0,0,0,0,0,0,0,0,0,0,0,0,0,0,0,0,0,60,0,0,0,0,0,0,0,0,0,0,0,0,0,0,0,0,0,0,0,0,0,0,0,0,0,0,0,0,0,0,706953,0,0,0,0,0,0,0,0,0,0,0,0,0,0,0,0,0,0,0,712334,0,0,0,0/RP0/CPU0

2020-02-05 01:51:45.671000+00:00,leaf4,sg2,obt-collector1,1,48,0,0,0,0,0,0,0,0,0,0,0,0,0,0,0,0,0,0,0,0,0,0,0,0,0,0,0,0,0,0,48,0,0,0,58,0,22665,20680,0,10771,1,20702,22668,0,11978,0,20,84,0,48,0,0,0,0,55449,0,0,0,0,0,0,0,0,95,0,20,0,0,0,0,10973,0,0,0,171131,0,91,0,0/0/CPU0

2020-02-05 01:51:45.672000+00:00,leaf4,sg2,obt-collector1,0,0,0,0,0,0,0,0,0,0,0,0,0,0,0,0,0,0,0,0,0,0,0,0,0,60,0,0,0,0,0,0,0,0,0,0,0,0,0,0,0,0,0,0,0,0,0,0,0,0,0,0,0,0,0,0,707017,0,0,0,0,0,0,0,0,0,0,0,0,0,0,0,0,0,0,0,712396,0,0,0,0/RP0/CPU0

2020-02-05 01:51:55.683000+00:00,leaf4,sg2,obt-collector1,1,48,0,0,0,0,0,0,0,0,0,0,0,0,0,0,0,0,0,0,0,0,0,0,0,0,0,0,0,0,0,0,48,0,0,0,58,0,22666,20683,0,10771,1,20705,22669,0,11981,0,20,84,0,48,0,0,0,0,55456,0,0,0,0,0,0,0,0,95,0,20,0,0,0,0,10973,0,0,0,171146,0,91,0,0/0/CPU0

2020-02-05 01:51:55.685000+00:00,leaf4,sg2,obt-collector1,0,0,0,0,0,0,0,0,0,0,0,0,0,0,0,0,0,0,0,0,0,0,0,0,0,60,0,0,0,0,0,0,0,0,0,0,0,0,0,0,0,0,0,0,0,0,0,0,0,0,0,0,0,0,0,0,707077,0,0,0,0,0,0,0,0,0,0,0,0,0,0,0,0,0,0,0,712462,0,0,0,0/RP0/CPU0

2020-02-05 01:52:05.678000+00:00,leaf4,sg2,obt-collector1,1,48,0,0,0,0,0,0,0,0,0,0,0,0,0,0,0,0,0,0,0,0,0,0,0,0,0,0,0,0,0,0,48,0,0,0,58,0,22671,20687,0,10773,1,20709,22674,0,11982,0,20,84,0,48,0,0,0,0,55466,0,0,0,0,0,0,0,0,95,0,20,0,0,0,0,10975,0,0,0,171168,0,91,0,0/0/CPU0

2020-02-05 01:52:05.679000+00:00,leaf4,sg2,obt-collector1,0,0,0,0,0,0,0,0,0,0,0,0,0,0,0,0,0,0,0,0,0,0,0,0,0,60,0,0,0,0,0,0,0,0,0,0,0,0,0,0,0,0,0,0,0,0,0,0,0,0,0,0,0,0,0,0,707146,0,0,0,0,0,0,0,0,0,0,0,0,0,0,0,0,0,0,0,712532,0,0,0,0/RP0/CPU0

2020-02-05 01:52:15.680000+00:00,leaf4,sg2,obt-collector1,1,48,0,0,0,0,0,0,0,0,0,0,0,0,0,0,0,0,0,0,0,0,0,0,0,0,0,0,0,0,0,0,48,0,0,0,58,0,22672,20687,0,10775,1,20709,22675,0,11982,0,20,84,0,48,0,0,0,0,55467,0,0,0,0,0,0,0,0,95,0,20,0,0,0,0,10977,0,0,0,171183,0,91,0,0/0/CPU0

2020-02-05 01:52:15.681000+00:00,leaf4,sg2,obt-collector1,0,0,0,0,0,0,0,0,0,0,0,0,0,0,0,0,0,0,0,0,0,0,0,0,0,60,0,0,0,0,0,0,0,0,0,0,0,0,0,0,0,0,0,0,0,0,0,0,0,0,0,0,0,0,0,0,707208,0,0,0,0,0,0,0,0,0,0,0,0,0,0,0,0,0,0,0,712596,0,0,0,0/RP0/CPU0

2020-02-05 01:52:25.679000+00:00,leaf4,sg2,obt-collector1,1,48,0,0,0,0,0,0,0,0,0,0,0,0,0,0,0,0,0,0,0,0,0,0,0,0,0,0,0,0,0,0,48,0,0,0,58,0,22675,20690,0,10777,1,20712,22678,0,11982,0,20,84,0,48,0,0,0,0,55473,0,0,0,0,0,0,0,0,95,0,20,0,0,0,0,10979,0,0,0,171203,0,91,0,0/0/CPU0

2020-02-05 01:52:25.681000+00:00,leaf4,sg2,obt-collector1,0,0,0,0,0,0,0,0,0,0,0,0,0,0,0,0,0,0,0,0,0,0,0,0,0,60,0,0,0,0,0,0,0,0,0,0,0,0,0,0,0,0,0,0,0,0,0,0,0,0,0,0,0,0,0,0,707270,0,0,0,0,0,0,0,0,0,0,0,0,0,0,0,0,0,0,0,712660,0,0,0,0/RP0/CPU0

2020-02-05 01:52:35.669000+00:00,leaf4,sg2,obt-collector1,1,48,0,0,0,0,0,0,0,0,0,0,0,0,0,0,0,0,0,0,0,0,0,0,0,0,0,0,0,0,0,0,48,0,0,0,58,0,22676,20693,0,10778,1,20715,22679,0,11983,0,20,84,0,48,0,0,0,0,55478,0,0,0,0,0,0,0,0,95,0,20,0,0,0,0,10980,0,0,0,171219,0,91,0,0/0/CPU0

2020-02-05 01:52:35.671000+00:00,leaf4,sg2,obt-collector1,0,0,0,0,0,0,0,0,0,0,0,0,0,0,0,0,0,0,0,0,0,0,0,0,0,60,0,0,0,0,0,0,0,0,0,0,0,0,0,0,0,0,0,0,0,0,0,0,0,0,0,0,0,0,0,0,707335,0,0,0,0,0,0,0,0,0,0,0,0,0,0,0,0,0,0,0,712727,0,0,0,0/RP0/CPU0

2020-02-05 01:52:45.682000+00:00,leaf4,sg2,obt-collector1,1,48,0,0,0,0,0,0,0,0,0,0,0,0,0,0,0,0,0,0,0,0,0,0,0,0,0,0,0,0,0,0,48,0,0,0,58,0,22676,20695,0,10778,1,20717,22679,0,11985,0,20,84,0,48,0,0,0,0,55482,0,0,0,0,0,0,0,0,95,0,20,0,0,0,0,10980,0,0,0,171232,0,91,0,0/0/CPU0

2020-02-05 01:52:45.683000+00:00,leaf4,sg2,obt-collector1,0,0,0,0,0,0,0,0,0,0,0,0,0,0,0,0,0,0,0,0,0,0,0,0,0,60,0,0,0,0,0,0,0,0,0,0,0,0,0,0,0,0,0,0,0,0,0,0,0,0,0,0,0,0,0,0,707397,0,0,0,0,0,0,0,0,0,0,0,0,0,0,0,0,0,0,0,712791,0,0,0,0/RP0/CPU0

2020-02-05 01:52:55.671000+00:00,leaf4,sg2,obt-collector1,1,48,0,0,0,0,0,0,0,0,0,0,0,0,0,0,0,0,0,0,0,0,0,0,0,0,0,0,0,0,0,0,48,0,0,0,58,0,22677,20697,0,10779,1,20719,22680,0,11986,0,20,84,0,48,0,0,0,0,55486,0,0,0,0,0,0,0,0,95,0,20,0,0,0,0,10981,0,0,0,171248,0,91,0,0/0/CPU0

2020-02-05 01:52:55.672000+00:00,leaf4,sg2,obt-collector1,0,0,0,0,0,0,0,0,0,0,0,0,0,0,0,0,0,0,0,0,0,0,0,0,0,60,0,0,0,0,0,0,0,0,0,0,0,0,0,0,0,0,0,0,0,0,0,0,0,0,0,0,0,0,0,0,707459,0,0,0,0,0,0,0,0,0,0,0,0,0,0,0,0,0,0,0,712855,0,0,0,0/RP0/CPU0

2020-02-05 01:53:05.683000+00:00,leaf4,sg2,obt-collector1,1,48,0,0,0,0,0,0,0,0,0,0,0,0,0,0,0,0,0,0,0,0,0,0,0,0,0,0,0,0,0,0,48,0,0,0,58,0,22681,20698,0,10779,1,20720,22684,0,11987,0,20,84,0,48,0,0,0,0,55492,0,0,0,0,0,0,0,0,95,0,20,0,0,0,0,10981,0,0,0,171265,0,91,0,0/0/CPU0

2020-02-05 01:53:05.684000+00:00,leaf4,sg2,obt-collector1,0,0,0,0,0,0,0,0,0,0,0,0,0,0,0,0,0,0,0,0,0,0,0,0,0,60,0,0,0,0,0,0,0,0,0,0,0,0,0,0,0,0,0,0,0,0,0,0,0,0,0,0,0,0,0,0,707524,0,0,0,0,0,0,0,0,0,0,0,0,0,0,0,0,0,0,0,712926,0,0,0,0/RP0/CPU0

2020-02-05 01:53:18.708000+00:00,leaf4,sg2,obt-collector1,1,48,0,0,0,0,0,0,0,0,0,0,0,0,0,0,0,0,0,0,0,0,0,0,0,0,0,0,0,0,0,0,48,0,0,0,58,0,22687,20701,0,10782,1,20723,22690,0,11987,0,20,84,0,48,0,0,0,0,55501,0,0,0,0,0,0,0,0,95,0,20,0,0,0,0,10984,0,0,0,171292,0,91,0,0/0/CPU0

2020-02-05 01:53:18.710000+00:00,leaf4,sg2,obt-collector1,0,0,0,0,0,0,0,0,0,0,0,0,0,0,0,0,0,0,0,0,0,0,0,0,0,60,0,0,0,0,0,0,0,0,0,0,0,0,0,0,0,0,0,0,0,0,0,0,0,0,0,0,0,0,0,0,707589,0,0,0,0,0,0,0,0,0,0,0,0,0,0,0,0,0,0,0,712993,0,0,0,0/RP0/CPU0

2020-02-05 01:53:25.691000+00:00,leaf4,sg2,obt-collector1,1,48,0,0,0,0,0,0,0,0,0,0,0,0,0,0,0,0,0,0,0,0,0,0,0,0,0,0,0,0,0,0,48,0,0,0,58,0,22690,20701,0,10782,1,20723,22693,0,11989,0,20,84,0,48,0,0,0,0,55506,0,0,0,0,0,0,0,0,95,0,20,0,0,0,0,10984,0,0,0,171303,0,91,0,0/0/CPU0

2020-02-05 01:53:25.692000+00:00,leaf4,sg2,obt-collector1,0,0,0,0,0,0,0,0,0,0,0,0,0,0,0,0,0,0,0,0,0,0,0,0,0,60,0,0,0,0,0,0,0,0,0,0,0,0,0,0,0,0,0,0,0,0,0,0,0,0,0,0,0,0,0,0,707648,0,0,0,0,0,0,0,0,0,0,0,0,0,0,0,0,0,0,0,713054,0,0,0,0/RP0/CPU0

2020-02-05 01:53:35.674000+00:00,leaf4,sg2,obt-collector1,1,48,0,0,0,0,0,0,0,0,0,0,0,0,0,0,0,0,0,0,0,0,0,0,0,0,0,0,0,0,0,0,48,0,0,0,58,0,22694,20704,0,10783,1,20726,22697,0,11991,0,20,84,0,48,0,0,0,0,55515,0,0,0,0,0,0,0,0,95,0,20,0,0,0,0,10985,0,0,0,171321,0,91,0,0/0/CPU0

2020-02-05 01:53:35.676000+00:00,leaf4,sg2,obt-collector1,0,0,0,0,0,0,0,0,0,0,0,0,0,0,0,0,0,0,0,0,0,0,0,0,0,60,0,0,0,0,0,0,0,0,0,0,0,0,0,0,0,0,0,0,0,0,0,0,0,0,0,0,0,0,0,0,707722,0,0,0,0,0,0,0,0,0,0,0,0,0,0,0,0,0,0,0,713134,0,0,0,0/RP0/CPU0

2020-02-05 01:53:45.672000+00:00,leaf4,sg2,obt-collector1,1,48,0,0,0,0,0,0,0,0,0,0,0,0,0,0,0,0,0,0,0,0,0,0,0,0,0,0,0,0,0,0,48,0,0,0,58,0,22696,20704,0,10783,1,20726,22699,0,11992,0,20,84,0,48,0,0,0,0,55518,0,0,0,0,0,0,0,0,95,0,20,0,0,0,0,10985,0,0,0,171335,0,91,0,0/0/CPU0

2020-02-05 01:53:45.674000+00:00,leaf4,sg2,obt-collector1,0,0,0,0,0,0,0,0,0,0,0,0,0,0,0,0,0,0,0,0,0,0,0,0,0,60,0,0,0,0,0,0,0,0,0,0,0,0,0,0,0,0,0,0,0,0,0,0,0,0,0,0,0,0,0,0,707784,0,0,0,0,0,0,0,0,0,0,0,0,0,0,0,0,0,0,0,713198,0,0,0,0/RP0/CPU0

2020-02-05 01:53:55.681000+00:00,leaf4,sg2,obt-collector1,1,48,0,0,0,0,0,0,0,0,0,0,0,0,0,0,0,0,0,0,0,0,0,0,0,0,0,0,0,0,0,0,48,0,0,0,58,0,22698,20707,0,10783,1,20729,22701,0,11993,0,20,84,0,48,0,0,0,0,55524,0,0,0,0,0,0,0,0,95,0,20,0,0,0,0,10985,0,0,0,171351,0,91,0,0/0/CPU0

2020-02-05 01:53:55.682000+00:00,leaf4,sg2,obt-collector1,0,0,0,0,0,0,0,0,0,0,0,0,0,0,0,0,0,0,0,0,0,0,0,0,0,60,0,0,0,0,0,0,0,0,0,0,0,0,0,0,0,0,0,0,0,0,0,0,0,0,0,0,0,0,0,0,707854,0,0,0,0,0,0,0,0,0,0,0,0,0,0,0,0,0,0,0,713262,0,0,0,0/RP0/CPU0

2020-02-05 01:54:05.694000+00:00,leaf4,sg2,obt-collector1,1,48,0,0,0,0,0,0,0,0,0,0,0,0,0,0,0,0,0,0,0,0,0,0,0,0,0,0,0,0,0,0,48,0,0,0,58,0,22700,20708,0,10783,1,20730,22703,0,11994,0,20,84,0,48,0,0,0,0,55528,0,0,0,0,0,0,0,0,95,0,20,0,0,0,0,10985,0,0,0,171365,0,91,0,0/0/CPU0

2020-02-05 01:54:05.696000+00:00,leaf4,sg2,obt-collector1,0,0,0,0,0,0,0,0,0,0,0,0,0,0,0,0,0,0,0,0,0,0,0,0,0,60,0,0,0,0,0,0,0,0,0,0,0,0,0,0,0,0,0,0,0,0,0,0,0,0,0,0,0,0,0,0,707925,0,0,0,0,0,0,0,0,0,0,0,0,0,0,0,0,0,0,0,713343,0,0,0,0/RP0/CPU0

2020-02-05 01:54:15.681000+00:00,leaf4,sg2,obt-collector1,1,48,0,0,0,0,0,0,0,0,0,0,0,0,0,0,0,0,0,0,0,0,0,0,0,0,0,0,0,0,0,0,48,0,0,0,58,0,22703,20710,0,10785,1,20732,22706,0,11996,0,20,84,0,48,0,0,0,0,55535,0,0,0,0,0,0,0,0,95,0,20,0,0,0,0,10987,0,0,0,171383,0,91,0,0/0/CPU0

2020-02-05 01:54:15.683000+00:00,leaf4,sg2,obt-collector1,0,0,0,0,0,0,0,0,0,0,0,0,0,0,0,0,0,0,0,0,0,0,0,0,0,60,0,0,0,0,0,0,0,0,0,0,0,0,0,0,0,0,0,0,0,0,0,0,0,0,0,0,0,0,0,0,707979,0,0,0,0,0,0,0,0,0,0,0,0,0,0,0,0,0,0,0,713415,0,0,0,0/RP0/CPU0

2020-02-05 01:54:25.671000+00:00,leaf4,sg2,obt-collector1,1,48,0,0,0,0,0,0,0,0,0,0,0,0,0,0,0,0,0,0,0,0,0,0,0,0,0,0,0,0,0,0,48,0,0,0,58,0,22703,20710,0,10786,1,20732,22706,0,11998,0,20,84,0,48,0,0,0,0,55537,0,0,0,0,0,0,0,0,95,0,20,0,0,0,0,10988,0,0,0,171395,0,91,0,0/0/CPU0

2020-02-05 01:54:25.673000+00:00,leaf4,sg2,obt-collector1,0,0,0,0,0,0,0,0,0,0,0,0,0,0,0,0,0,0,0,0,0,0,0,0,0,60,0,0,0,0,0,0,0,0,0,0,0,0,0,0,0,0,0,0,0,0,0,0,0,0,0,0,0,0,0,0,708033,0,0,0,0,0,0,0,0,0,0,0,0,0,0,0,0,0,0,0,713487,0,0,0,0/RP0/CPU0

2020-02-05 01:54:35.672000+00:00,leaf4,sg2,obt-collector1,1,48,0,0,0,0,0,0,0,0,0,0,0,0,0,0,0,0,0,0,0,0,0,0,0,0,0,0,0,0,0,0,48,0,0,0,58,0,22703,20711,0,10788,1,20733,22706,0,11998,0,20,84,0,48,0,0,0,0,55538,0,0,0,0,0,0,0,0,95,0,20,0,0,0,0,10990,0,0,0,171410,0,91,0,0/0/CPU0

2020-02-05 01:54:35.673000+00:00,leaf4,sg2,obt-collector1,0,0,0,0,0,0,0,0,0,0,0,0,0,0,0,0,0,0,0,0,0,0,0,0,0,60,0,0,0,0,0,0,0,0,0,0,0,0,0,0,0,0,0,0,0,0,0,0,0,0,0,0,0,0,0,0,708102,0,0,0,0,0,0,0,0,0,0,0,0,0,0,0,0,0,0,0,713558,0,0,0,0/RP0/CPU0

2020-02-05 01:54:45.673000+00:00,leaf4,sg2,obt-collector1,1,48,0,0,0,0,0,0,0,0,0,0,0,0,0,0,0,0,0,0,0,0,0,0,0,0,0,0,0,0,0,0,48,0,0,0,58,0,22705,20717,0,10790,1,20739,22708,0,11999,0,20,84,0,48,0,0,0,0,55547,0,0,0,0,0,0,0,0,95,0,20,0,0,0,0,10992,0,0,0,171432,0,91,0,0/0/CPU0

2020-02-05 01:54:45.675000+00:00,leaf4,sg2,obt-collector1,0,0,0,0,0,0,0,0,0,0,0,0,0,0,0,0,0,0,0,0,0,0,0,0,0,60,0,0,0,0,0,0,0,0,0,0,0,0,0,0,0,0,0,0,0,0,0,0,0,0,0,0,0,0,0,0,708164,0,0,0,0,0,0,0,0,0,0,0,0,0,0,0,0,0,0,0,713622,0,0,0,0/RP0/CPU0

2020-02-05 01:54:55.672000+00:00,leaf4,sg2,obt-collector1,1,48,0,0,0,0,0,0,0,0,0,0,0,0,0,0,0,0,0,0,0,0,0,0,0,0,0,0,0,0,0,0,48,0,0,0,58,0,22706,20719,0,10792,1,20741,22709,0,12002,0,20,84,0,48,0,0,0,0,55553,0,0,0,0,0,0,0,0,95,0,20,0,0,0,0,10994,0,0,0,171448,0,91,0,0/0/CPU0

2020-02-05 01:54:55.673000+00:00,leaf4,sg2,obt-collector1,0,0,0,0,0,0,0,0,0,0,0,0,0,0,0,0,0,0,0,0,0,0,0,0,0,60,0,0,0,0,0,0,0,0,0,0,0,0,0,0,0,0,0,0,0,0,0,0,0,0,0,0,0,0,0,0,708226,0,0,0,0,0,0,0,0,0,0,0,0,0,0,0,0,0,0,0,713686,0,0,0,0/RP0/CPU0

2020-02-05 01:55:05.672000+00:00,leaf4,sg2,obt-collector1,1,48,0,0,0,0,0,0,0,0,0,0,0,0,0,0,0,0,0,0,0,0,0,0,0,0,0,0,0,0,0,0,48,0,0,0,58,0,22710,20723,0,10794,1,20745,22713,0,12003,0,20,84,0,48,0,0,0,0,55562,0,0,0,0,0,0,0,0,95,0,20,0,0,0,0,10996,0,0,0,171469,0,91,0,0/0/CPU0

2020-02-05 01:55:05.673000+00:00,leaf4,sg2,obt-collector1,0,0,0,0,0,0,0,0,0,0,0,0,0,0,0,0,0,0,0,0,0,0,0,0,0,60,0,0,0,0,0,0,0,0,0,0,0,0,0,0,0,0,0,0,0,0,0,0,0,0,0,0,0,0,0,0,708293,0,0,0,0,0,0,0,0,0,0,0,0,0,0,0,0,0,0,0,713751,0,0,0,0/RP0/CPU0

2020-02-05 01:55:15.674000+00:00,leaf4,sg2,obt-collector1,1,48,0,0,0,0,0,0,0,0,0,0,0,0,0,0,0,0,0,0,0,0,0,0,0,0,0,0,0,0,0,0,48,0,0,0,58,0,22712,20724,0,10796,1,20746,22715,0,12003,0,20,84,0,48,0,0,0,0,55565,0,0,0,0,0,0,0,0,95,0,20,0,0,0,0,10998,0,0,0,171485,0,91,0,0/0/CPU0

2020-02-05 01:55:15.676000+00:00,leaf4,sg2,obt-collector1,0,0,0,0,0,0,0,0,0,0,0,0,0,0,0,0,0,0,0,0,0,0,0,0,0,60,0,0,0,0,0,0,0,0,0,0,0,0,0,0,0,0,0,0,0,0,0,0,0,0,0,0,0,0,0,0,708355,0,0,0,0,0,0,0,0,0,0,0,0,0,0,0,0,0,0,0,713815,0,0,0,0/RP0/CPU0

2020-02-05 01:55:25.678000+00:00,leaf4,sg2,obt-collector1,1,48,0,0,0,0,0,0,0,0,0,0,0,0,0,0,0,0,0,0,0,0,0,0,0,0,0,0,0,0,0,0,48,0,0,0,58,0,22714,20727,0,10797,1,20749,22717,0,12003,0,20,84,0,48,0,0,0,0,55570,0,0,0,0,0,0,0,0,95,0,20,0,0,0,0,10999,0,0,0,171503,0,91,0,0/0/CPU0

2020-02-05 01:55:25.680000+00:00,leaf4,sg2,obt-collector1,0,0,0,0,0,0,0,0,0,0,0,0,0,0,0,0,0,0,0,0,0,0,0,0,0,60,0,0,0,0,0,0,0,0,0,0,0,0,0,0,0,0,0,0,0,0,0,0,0,0,0,0,0,0,0,0,708417,0,0,0,0,0,0,0,0,0,0,0,0,0,0,0,0,0,0,0,713879,0,0,0,0/RP0/CPU0

2020-02-05 01:55:35.691000+00:00,leaf4,sg2,obt-collector1,1,48,0,0,0,0,0,0,0,0,0,0,0,0,0,0,0,0,0,0,0,0,0,0,0,0,0,0,0,0,0,0,48,0,0,0,58,0,22716,20729,0,10798,1,20751,22719,0,12004,0,20,84,0,48,0,0,0,0,55575,0,0,0,0,0,0,0,0,95,0,20,0,0,0,0,11000,0,0,0,171519,0,91,0,0/0/CPU0

2020-02-05 01:55:35.692000+00:00,leaf4,sg2,obt-collector1,0,0,0,0,0,0,0,0,0,0,0,0,0,0,0,0,0,0,0,0,0,0,0,0,0,60,0,0,0,0,0,0,0,0,0,0,0,0,0,0,0,0,0,0,0,0,0,0,0,0,0,0,0,0,0,0,708485,0,0,0,0,0,0,0,0,0,0,0,0,0,0,0,0,0,0,0,713949,0,0,0,0/RP0/CPU0

2020-02-05 01:55:45.680000+00:00,leaf4,sg2,obt-collector1,1,48,0,0,0,0,0,0,0,0,0,0,0,0,0,0,0,0,0,0,0,0,0,0,0,0,0,0,0,0,0,0,48,0,0,0,58,0,22716,20732,0,10798,1,20754,22719,0,12006,0,20,84,0,48,0,0,0,0,55580,0,0,0,0,0,0,0,0,95,0,20,0,0,0,0,11000,0,0,0,171534,0,91,0,0/0/CPU0

2020-02-05 01:55:45.682000+00:00,leaf4,sg2,obt-collector1,0,0,0,0,0,0,0,0,0,0,0,0,0,0,0,0,0,0,0,0,0,0,0,0,0,60,0,0,0,0,0,0,0,0,0,0,0,0,0,0,0,0,0,0,0,0,0,0,0,0,0,0,0,0,0,0,708547,0,0,0,0,0,0,0,0,0,0,0,0,0,0,0,0,0,0,0,714013,0,0,0,0/RP0/CPU0

2020-02-05 01:55:55.678000+00:00,leaf4,sg2,obt-collector1,1,48,0,0,0,0,0,0,0,0,0,0,0,0,0,0,0,0,0,0,0,0,0,0,0,0,0,0,0,0,0,0,48,0,0,0,58,0,22717,20734,0,10798,1,20756,22720,0,12007,0,20,84,0,48,0,0,0,0,55584,0,0,0,0,0,0,0,0,95,0,20,0,0,0,0,11000,0,0,0,171548,0,91,0,0/0/CPU0

2020-02-05 01:55:55.680000+00:00,leaf4,sg2,obt-collector1,0,0,0,0,0,0,0,0,0,0,0,0,0,0,0,0,0,0,0,0,0,0,0,0,0,60,0,0,0,0,0,0,0,0,0,0,0,0,0,0,0,0,0,0,0,0,0,0,0,0,0,0,0,0,0,0,708609,0,0,0,0,0,0,0,0,0,0,0,0,0,0,0,0,0,0,0,714077,0,0,0,0/RP0/CPU0

2020-02-05 01:56:05.684000+00:00,leaf4,sg2,obt-collector1,1,48,0,0,0,0,0,0,0,0,0,0,0,0,0,0,0,0,0,0,0,0,0,0,0,0,0,0,0,0,0,0,48,0,0,0,58,0,22722,20735,0,10800,1,20757,22725,0,12008,0,20,84,0,48,0,0,0,0,55591,0,0,0,0,0,0,0,0,95,0,20,0,0,0,0,11002,0,0,0,171567,0,91,0,0/0/CPU0

2020-02-05 01:56:05.685000+00:00,leaf4,sg2,obt-collector1,0,0,0,0,0,0,0,0,0,0,0,0,0,0,0,0,0,0,0,0,0,0,0,0,0,60,0,0,0,0,0,0,0,0,0,0,0,0,0,0,0,0,0,0,0,0,0,0,0,0,0,0,0,0,0,0,708671,0,0,0,0,0,0,0,0,0,0,0,0,0,0,0,0,0,0,0,714141,0,0,0,0/RP0/CPU0

2020-02-05 01:56:18.746000+00:00,leaf4,sg2,obt-collector1,1,48,0,0,0,0,0,0,0,0,0,0,0,0,0,0,0,0,0,0,0,0,0,0,0,0,0,0,0,0,0,0,48,0,0,0,58,0,22726,20737,0,10801,1,20759,22729,0,12010,0,20,84,0,48,0,0,0,0,55599,0,0,0,0,0,0,0,0,95,0,20,0,0,0,0,11003,0,0,0,171589,0,91,0,0/0/CPU0

2020-02-05 01:56:18.747000+00:00,leaf4,sg2,obt-collector1,0,0,0,0,0,0,0,0,0,0,0,0,0,0,0,0,0,0,0,0,0,0,0,0,0,60,0,0,0,0,0,0,0,0,0,0,0,0,0,0,0,0,0,0,0,0,0,0,0,0,0,0,0,0,0,0,708736,0,0,0,0,0,0,0,0,0,0,0,0,0,0,0,0,0,0,0,714208,0,0,0,0/RP0/CPU0

2020-02-05 01:56:25.674000+00:00,leaf4,sg2,obt-collector1,1,48,0,0,0,0,0,0,0,0,0,0,0,0,0,0,0,0,0,0,0,0,0,0,0,0,0,0,0,0,0,0,48,0,0,0,58,0,22728,20737,0,10802,1,20759,22731,0,12010,0,20,84,0,48,0,0,0,0,55601,0,0,0,0,0,0,0,0,95,0,20,0,0,0,0,11004,0,0,0,171600,0,91,0,0/0/CPU0

2020-02-05 01:56:25.676000+00:00,leaf4,sg2,obt-collector1,0,0,0,0,0,0,0,0,0,0,0,0,0,0,0,0,0,0,0,0,0,0,0,0,0,60,0,0,0,0,0,0,0,0,0,0,0,0,0,0,0,0,0,0,0,0,0,0,0,0,0,0,0,0,0,0,708795,0,0,0,0,0,0,0,0,0,0,0,0,0,0,0,0,0,0,0,714269,0,0,0,0/RP0/CPU0

2020-02-05 01:56:35.674000+00:00,leaf4,sg2,obt-collector1,1,48,0,0,0,0,0,0,0,0,0,0,0,0,0,0,0,0,0,0,0,0,0,0,0,0,0,0,0,0,0,0,48,0,0,0,58,0,22733,20738,0,10803,1,20760,22736,0,12013,0,20,84,0,48,0,0,0,0,55610,0,0,0,0,0,0,0,0,95,0,20,0,0,0,0,11005,0,0,0,171619,0,91,0,0/0/CPU0

2020-02-05 01:56:35.676000+00:00,leaf4,sg2,obt-collector1,0,0,0,0,0,0,0,0,0,0,0,0,0,0,0,0,0,0,0,0,0,0,0,0,0,60,0,0,0,0,0,0,0,0,0,0,0,0,0,0,0,0,0,0,0,0,0,0,0,0,0,0,0,0,0,0,708857,0,0,0,0,0,0,0,0,0,0,0,0,0,0,0,0,0,0,0,714333,0,0,0,0/RP0/CPU0

2020-02-05 01:56:45.674000+00:00,leaf4,sg2,obt-collector1,1,48,0,0,0,0,0,0,0,0,0,0,0,0,0,0,0,0,0,0,0,0,0,0,0,0,0,0,0,0,0,0,48,0,0,0,58,0,22735,20740,0,10803,1,20762,22738,0,12013,0,20,84,0,48,0,0,0,0,55614,0,0,0,0,0,0,0,0,95,0,20,0,0,0,0,11005,0,0,0,171634,0,91,0,0/0/CPU0

2020-02-05 01:56:45.676000+00:00,leaf4,sg2,obt-collector1,0,0,0,0,0,0,0,0,0,0,0,0,0,0,0,0,0,0,0,0,0,0,0,0,0,60,0,0,0,0,0,0,0,0,0,0,0,0,0,0,0,0,0,0,0,0,0,0,0,0,0,0,0,0,0,0,708919,0,0,0,0,0,0,0,0,0,0,0,0,0,0,0,0,0,0,0,714397,0,0,0,0/RP0/CPU0

2020-02-05 01:56:55.674000+00:00,leaf4,sg2,obt-collector1,1,48,0,0,0,0,0,0,0,0,0,0,0,0,0,0,0,0,0,0,0,0,0,0,0,0,0,0,0,0,0,0,48,0,0,0,58,0,22738,20742,0,10803,1,20764,22741,0,12014,0,20,84,0,48,0,0,0,0,55620,0,0,0,0,0,0,0,0,95,0,20,0,0,0,0,11005,0,0,0,171650,0,91,0,0/0/CPU0

2020-02-05 01:56:55.675000+00:00,leaf4,sg2,obt-collector1,0,0,0,0,0,0,0,0,0,0,0,0,0,0,0,0,0,0,0,0,0,0,0,0,0,60,0,0,0,0,0,0,0,0,0,0,0,0,0,0,0,0,0,0,0,0,0,0,0,0,0,0,0,0,0,0,708981,0,0,0,0,0,0,0,0,0,0,0,0,0,0,0,0,0,0,0,714461,0,0,0,0/RP0/CPU0

2020-02-05 01:57:05.686000+00:00,leaf4,sg2,obt-collector1,1,48,0,0,0,0,0,0,0,0,0,0,0,0,0,0,0,0,0,0,0,0,0,0,0,0,0,0,0,0,0,0,48,0,0,0,58,0,22740,20743,0,10803,1,20765,22743,0,12015,0,20,84,0,48,0,0,0,0,55624,0,0,0,0,0,0,0,0,95,0,20,0,0,0,0,11005,0,0,0,171665,0,91,0,0/0/CPU0

2020-02-05 01:57:05.687000+00:00,leaf4,sg2,obt-collector1,0,0,0,0,0,0,0,0,0,0,0,0,0,0,0,0,0,0,0,0,0,0,0,0,0,60,0,0,0,0,0,0,0,0,0,0,0,0,0,0,0,0,0,0,0,0,0,0,0,0,0,0,0,0,0,0,709043,0,0,0,0,0,0,0,0,0,0,0,0,0,0,0,0,0,0,0,714525,0,0,0,0/RP0/CPU0

2020-02-05 01:57:15.674000+00:00,leaf4,sg2,obt-collector1,1,48,0,0,0,0,0,0,0,0,0,0,0,0,0,0,0,0,0,0,0,0,0,0,0,0,0,0,0,0,0,0,48,0,0,0,58,0,22743,20746,0,10803,1,20768,22746,0,12016,0,20,84,0,48,0,0,0,0,55631,0,0,0,0,0,0,0,0,95,0,20,0,0,0,0,11005,0,0,0,171683,0,91,0,0/0/CPU0

2020-02-05 01:57:15.675000+00:00,leaf4,sg2,obt-collector1,0,0,0,0,0,0,0,0,0,0,0,0,0,0,0,0,0,0,0,0,0,0,0,0,0,60,0,0,0,0,0,0,0,0,0,0,0,0,0,0,0,0,0,0,0,0,0,0,0,0,0,0,0,0,0,0,709105,0,0,0,0,0,0,0,0,0,0,0,0,0,0,0,0,0,0,0,714589,0,0,0,0/RP0/CPU0

2020-02-05 01:57:25.698000+00:00,leaf4,sg2,obt-collector1,1,48,0,0,0,0,0,0,0,0,0,0,0,0,0,0,0,0,0,0,0,0,0,0,0,0,0,0,0,0,0,0,48,0,0,0,58,0,22743,20746,0,10805,1,20768,22746,0,12019,0,20,84,0,48,0,0,0,0,55634,0,0,0,0,0,0,0,0,95,0,20,0,0,0,0,11007,0,0,0,171696,0,91,0,0/0/CPU0

2020-02-05 01:57:25.699000+00:00,leaf4,sg2,obt-collector1,0,0,0,0,0,0,0,0,0,0,0,0,0,0,0,0,0,0,0,0,0,0,0,0,0,60,0,0,0,0,0,0,0,0,0,0,0,0,0,0,0,0,0,0,0,0,0,0,0,0,0,0,0,0,0,0,709167,0,0,0,0,0,0,0,0,0,0,0,0,0,0,0,0,0,0,0,714653,0,0,0,0/RP0/CPU0

2020-02-05 01:57:35.687000+00:00,leaf4,sg2,obt-collector1,1,48,0,0,0,0,0,0,0,0,0,0,0,0,0,0,0,0,0,0,0,0,0,0,0,0,0,0,0,0,0,0,48,0,0,0,58,0,22743,20747,0,10807,1,20769,22746,0,12020,0,20,84,0,48,0,0,0,0,55636,0,0,0,0,0,0,0,0,95,0,20,0,0,0,0,11009,0,0,0,171710,0,91,0,0/0/CPU0

2020-02-05 01:57:35.689000+00:00,leaf4,sg2,obt-collector1,0,0,0,0,0,0,0,0,0,0,0,0,0,0,0,0,0,0,0,0,0,0,0,0,0,60,0,0,0,0,0,0,0,0,0,0,0,0,0,0,0,0,0,0,0,0,0,0,0,0,0,0,0,0,0,0,709229,0,0,0,0,0,0,0,0,0,0,0,0,0,0,0,0,0,0,0,714717,0,0,0,0/RP0/CPU0

2020-02-05 01:57:45.674000+00:00,leaf4,sg2,obt-collector1,1,48,0,0,0,0,0,0,0,0,0,0,0,0,0,0,0,0,0,0,0,0,0,0,0,0,0,0,0,0,0,0,48,0,0,0,58,0,22745,20752,0,10808,1,20774,22748,0,12020,0,20,84,0,48,0,0,0,0,55643,0,0,0,0,0,0,0,0,95,0,20,0,0,0,0,11010,0,0,0,171730,0,91,0,0/0/CPU0

2020-02-05 01:57:45.676000+00:00,leaf4,sg2,obt-collector1,0,0,0,0,0,0,0,0,0,0,0,0,0,0,0,0,0,0,0,0,0,0,0,0,0,60,0,0,0,0,0,0,0,0,0,0,0,0,0,0,0,0,0,0,0,0,0,0,0,0,0,0,0,0,0,0,709295,0,0,0,0,0,0,0,0,0,0,0,0,0,0,0,0,0,0,0,714781,0,0,0,0/RP0/CPU0

2020-02-05 01:57:55.686000+00:00,leaf4,sg2,obt-collector1,1,48,0,0,0,0,0,0,0,0,0,0,0,0,0,0,0,0,0,0,0,0,0,0,0,0,0,0,0,0,0,0,48,0,0,0,58,0,22746,20756,0,10809,1,20778,22749,0,12023,0,20,84,0,48,0,0,0,0,55651,0,0,0,0,0,0,0,0,95,0,20,0,0,0,0,11011,0,0,0,171747,0,91,0,0/0/CPU0

2020-02-05 01:57:55.687000+00:00,leaf4,sg2,obt-collector1,0,0,0,0,0,0,0,0,0,0,0,0,0,0,0,0,0,0,0,0,0,0,0,0,0,60,0,0,0,0,0,0,0,0,0,0,0,0,0,0,0,0,0,0,0,0,0,0,0,0,0,0,0,0,0,0,709357,0,0,0,0,0,0,0,0,0,0,0,0,0,0,0,0,0,0,0,714845,0,0,0,0/RP0/CPU0

2020-02-05 01:58:05.673000+00:00,leaf4,sg2,obt-collector1,1,48,0,0,0,0,0,0,0,0,0,0,0,0,0,0,0,0,0,0,0,0,0,0,0,0,0,0,0,0,0,0,48,0,0,0,58,0,22749,20760,0,10813,1,20782,22752,0,12024,0,20,84,0,48,0,0,0,0,55659,0,0,0,0,0,0,0,0,95,0,20,0,0,0,0,11015,0,0,0,171769,0,91,0,0/0/CPU0

2020-02-05 01:58:05.674000+00:00,leaf4,sg2,obt-collector1,0,0,0,0,0,0,0,0,0,0,0,0,0,0,0,0,0,0,0,0,0,0,0,0,0,60,0,0,0,0,0,0,0,0,0,0,0,0,0,0,0,0,0,0,0,0,0,0,0,0,0,0,0,0,0,0,709419,0,0,0,0,0,0,0,0,0,0,0,0,0,0,0,0,0,0,0,714909,0,0,0,0/RP0/CPU0

2020-02-05 01:58:15.674000+00:00,leaf4,sg2,obt-collector1,1,48,0,0,0,0,0,0,0,0,0,0,0,0,0,0,0,0,0,0,0,0,0,0,0,0,0,0,0,0,0,0,48,0,0,0,58,0,22752,20760,0,10815,1,20782,22755,0,12024,0,20,84,0,48,0,0,0,0,55662,0,0,0,0,0,0,0,0,95,0,20,0,0,0,0,11017,0,0,0,171786,0,91,0,0/0/CPU0

2020-02-05 01:58:15.675000+00:00,leaf4,sg2,obt-collector1,0,0,0,0,0,0,0,0,0,0,0,0,0,0,0,0,0,0,0,0,0,0,0,0,0,60,0,0,0,0,0,0,0,0,0,0,0,0,0,0,0,0,0,0,0,0,0,0,0,0,0,0,0,0,0,0,709481,0,0,0,0,0,0,0,0,0,0,0,0,0,0,0,0,0,0,0,714973,0,0,0,0/RP0/CPU0

2020-02-05 01:58:25.685000+00:00,leaf4,sg2,obt-collector1,1,48,0,0,0,0,0,0,0,0,0,0,0,0,0,0,0,0,0,0,0,0,0,0,0,0,0,0,0,0,0,0,48,0,0,0,58,0,22754,20762,0,10816,1,20784,22757,0,12024,0,20,84,0,48,0,0,0,0,55666,0,0,0,0,0,0,0,0,95,0,20,0,0,0,0,11018,0,0,0,171803,0,91,0,0/0/CPU0

2020-02-05 01:58:25.687000+00:00,leaf4,sg2,obt-collector1,0,0,0,0,0,0,0,0,0,0,0,0,0,0,0,0,0,0,0,0,0,0,0,0,0,60,0,0,0,0,0,0,0,0,0,0,0,0,0,0,0,0,0,0,0,0,0,0,0,0,0,0,0,0,0,0,709543,0,0,0,0,0,0,0,0,0,0,0,0,0,0,0,0,0,0,0,715037,0,0,0,0/RP0/CPU0

2020-02-05 01:58:35.678000+00:00,leaf4,sg2,obt-collector1,1,48,0,0,0,0,0,0,0,0,0,0,0,0,0,0,0,0,0,0,0,0,0,0,0,0,0,0,0,0,0,0,48,0,0,0,58,0,22756,20764,0,10817,1,20786,22759,0,12024,0,20,84,0,48,0,0,0,0,55670,0,0,0,0,0,0,0,0,95,0,20,0,0,0,0,11019,0,0,0,171820,0,91,0,0/0/CPU0

2020-02-05 01:58:35.680000+00:00,leaf4,sg2,obt-collector1,0,0,0,0,0,0,0,0,0,0,0,0,0,0,0,0,0,0,0,0,0,0,0,0,0,60,0,0,0,0,0,0,0,0,0,0,0,0,0,0,0,0,0,0,0,0,0,0,0,0,0,0,0,0,0,0,709605,0,0,0,0,0,0,0,0,0,0,0,0,0,0,0,0,0,0,0,715101,0,0,0,0/RP0/CPU0

2020-02-05 01:58:45.673000+00:00,leaf4,sg2,obt-collector1,1,48,0,0,0,0,0,0,0,0,0,0,0,0,0,0,0,0,0,0,0,0,0,0,0,0,0,0,0,0,0,0,48,0,0,0,58,0,22757,20767,0,10818,1,20789,22760,0,12026,0,20,84,0,48,0,0,0,0,55676,0,0,0,0,0,0,0,0,95,0,20,0,0,0,0,11020,0,0,0,171835,0,91,0,0/0/CPU0

2020-02-05 01:58:45.674000+00:00,leaf4,sg2,obt-collector1,0,0,0,0,0,0,0,0,0,0,0,0,0,0,0,0,0,0,0,0,0,0,0,0,0,60,0,0,0,0,0,0,0,0,0,0,0,0,0,0,0,0,0,0,0,0,0,0,0,0,0,0,0,0,0,0,709667,0,0,0,0,0,0,0,0,0,0,0,0,0,0,0,0,0,0,0,715165,0,0,0,0/RP0/CPU0

2020-02-05 01:58:55.675000+00:00,leaf4,sg2,obt-collector1,1,48,0,0,0,0,0,0,0,0,0,0,0,0,0,0,0,0,0,0,0,0,0,0,0,0,0,0,0,0,0,0,48,0,0,0,58,0,22757,20769,0,10818,1,20791,22760,0,12028,0,20,84,0,48,0,0,0,0,55680,0,0,0,0,0,0,0,0,95,0,20,0,0,0,0,11020,0,0,0,171848,0,91,0,0/0/CPU0

2020-02-05 01:58:55.676000+00:00,leaf4,sg2,obt-collector1,0,0,0,0,0,0,0,0,0,0,0,0,0,0,0,0,0,0,0,0,0,0,0,0,0,60,0,0,0,0,0,0,0,0,0,0,0,0,0,0,0,0,0,0,0,0,0,0,0,0,0,0,0,0,0,0,709729,0,0,0,0,0,0,0,0,0,0,0,0,0,0,0,0,0,0,0,715229,0,0,0,0/RP0/CPU0

2020-02-05 01:59:05.678000+00:00,leaf4,sg2,obt-collector1,1,48,0,0,0,0,0,0,0,0,0,0,0,0,0,0,0,0,0,0,0,0,0,0,0,0,0,0,0,0,0,0,48,0,0,0,58,0,22761,20771,0,10818,1,20793,22764,0,12028,0,20,84,0,48,0,0,0,0,55686,0,0,0,0,0,0,0,0,95,0,20,0,0,0,0,11020,0,0,0,171866,0,91,0,0/0/CPU0

2020-02-05 01:59:05.680000+00:00,leaf4,sg2,obt-collector1,0,0,0,0,0,0,0,0,0,0,0,0,0,0,0,0,0,0,0,0,0,0,0,0,0,60,0,0,0,0,0,0,0,0,0,0,0,0,0,0,0,0,0,0,0,0,0,0,0,0,0,0,0,0,0,0,709791,0,0,0,0,0,0,0,0,0,0,0,0,0,0,0,0,0,0,0,715293,0,0,0,0/RP0/CPU0

2020-02-05 01:59:18.891000+00:00,leaf4,sg2,obt-collector1,1,48,0,0,0,0,0,0,0,0,0,0,0,0,0,0,0,0,0,0,0,0,0,0,0,0,0,0,0,0,0,0,48,0,0,0,58,0,22766,20773,0,10821,1,20795,22769,0,12031,0,20,84,0,48,0,0,0,0,55696,0,0,0,0,0,0,0,0,95,0,20,0,0,0,0,11023,0,0,0,171891,0,91,0,0/0/CPU0

2020-02-05 01:59:18.893000+00:00,leaf4,sg2,obt-collector1,0,0,0,0,0,0,0,0,0,0,0,0,0,0,0,0,0,0,0,0,0,0,0,0,0,60,0,0,0,0,0,0,0,0,0,0,0,0,0,0,0,0,0,0,0,0,0,0,0,0,0,0,0,0,0,0,709876,0,0,0,0,0,0,0,0,0,0,0,0,0,0,0,0,0,0,0,715379,0,0,0,0/RP0/CPU0

2020-02-05 01:59:25.679000+00:00,leaf4,sg2,obt-collector1,1,48,0,0,0,0,0,0,0,0,0,0,0,0,0,0,0,0,0,0,0,0,0,0,0,0,0,0,0,0,0,0,48,0,0,0,58,0,22768,20773,0,10821,1,20795,22771,0,12033,0,20,84,0,48,0,0,0,0,55700,0,0,0,0,0,0,0,0,95,0,20,0,0,0,0,11023,0,0,0,171901,0,91,0,0/0/CPU0

2020-02-05 01:59:25.681000+00:00,leaf4,sg2,obt-collector1,0,0,0,0,0,0,0,0,0,0,0,0,0,0,0,0,0,0,0,0,0,0,0,0,0,60,0,0,0,0,0,0,0,0,0,0,0,0,0,0,0,0,0,0,0,0,0,0,0,0,0,0,0,0,0,0,709915,0,0,0,0,0,0,0,0,0,0,0,0,0,0,0,0,0,0,0,715421,0,0,0,0/RP0/CPU0

2020-02-05 01:59:35.681000+00:00,leaf4,sg2,obt-collector1,1,48,0,0,0,0,0,0,0,0,0,0,0,0,0,0,0,0,0,0,0,0,0,0,0,0,0,0,0,0,0,0,48,0,0,0,58,0,22773,20775,0,10821,1,20797,22776,0,12034,0,20,84,0,48,0,0,0,0,55708,0,0,0,0,0,0,0,0,95,0,20,0,0,0,0,11023,0,0,0,171920,0,91,0,0/0/CPU0

2020-02-05 01:59:35.683000+00:00,leaf4,sg2,obt-collector1,0,0,0,0,0,0,0,0,0,0,0,0,0,0,0,0,0,0,0,0,0,0,0,0,0,60,0,0,0,0,0,0,0,0,0,0,0,0,0,0,0,0,0,0,0,0,0,0,0,0,0,0,0,0,0,0,709977,0,0,0,0,0,0,0,0,0,0,0,0,0,0,0,0,0,0,0,715485,0,0,0,0/RP0/CPU0

2020-02-05 01:59:45.684000+00:00,leaf4,sg2,obt-collector1,1,48,0,0,0,0,0,0,0,0,0,0,0,0,0,0,0,0,0,0,0,0,0,0,0,0,0,0,0,0,0,0,48,0,0,0,58,0,22775,20777,0,10821,1,20799,22778,0,12034,0,20,84,0,48,0,0,0,0,55712,0,0,0,0,0,0,0,0,95,0,20,0,0,0,0,11023,0,0,0,171935,0,91,0,0/0/CPU0

2020-02-05 01:59:45.686000+00:00,leaf4,sg2,obt-collector1,0,0,0,0,0,0,0,0,0,0,0,0,0,0,0,0,0,0,0,0,0,0,0,0,0,60,0,0,0,0,0,0,0,0,0,0,0,0,0,0,0,0,0,0,0,0,0,0,0,0,0,0,0,0,0,0,710039,0,0,0,0,0,0,0,0,0,0,0,0,0,0,0,0,0,0,0,715549,0,0,0,0/RP0/CPU0

2020-02-05 01:59:55.677000+00:00,leaf4,sg2,obt-collector1,1,48,0,0,0,0,0,0,0,0,0,0,0,0,0,0,0,0,0,0,0,0,0,0,0,0,0,0,0,0,0,0,48,0,0,0,58,0,22778,20778,0,10822,1,20800,22781,0,12035,0,20,84,0,48,0,0,0,0,55717,0,0,0,0,0,0,0,0,95,0,20,0,0,0,0,11024,0,0,0,171951,0,91,0,0/0/CPU0

2020-02-05 01:59:55.678000+00:00,leaf4,sg2,obt-collector1,0,0,0,0,0,0,0,0,0,0,0,0,0,0,0,0,0,0,0,0,0,0,0,0,0,60,0,0,0,0,0,0,0,0,0,0,0,0,0,0,0,0,0,0,0,0,0,0,0,0,0,0,0,0,0,0,710101,0,0,0,0,0,0,0,0,0,0,0,0,0,0,0,0,0,0,0,715613,0,0,0,0/RP0/CPU0

2020-02-05 02:00:05.681000+00:00,leaf4,sg2,obt-collector1,1,48,0,0,0,0,0,0,0,0,0,0,0,0,0,0,0,0,0,0,0,0,0,0,0,0,0,0,0,0,0,0,48,0,0,0,58,0,22781,20779,0,10822,1,20801,22784,0,12036,0,20,84,0,48,0,0,0,0,55722,0,0,0,0,0,0,0,0,95,0,20,0,0,0,0,11024,0,0,0,171967,0,91,0,0/0/CPU0

2020-02-05 02:00:05.683000+00:00,leaf4,sg2,obt-collector1,0,0,0,0,0,0,0,0,0,0,0,0,0,0,0,0,0,0,0,0,0,0,0,0,0,60,0,0,0,0,0,0,0,0,0,0,0,0,0,0,0,0,0,0,0,0,0,0,0,0,0,0,0,0,0,0,710163,0,0,0,0,0,0,0,0,0,0,0,0,0,0,0,0,0,0,0,715677,0,0,0,0/RP0/CPU0

2020-02-05 02:00:15.677000+00:00,leaf4,sg2,obt-collector1,1,48,0,0,0,0,0,0,0,0,0,0,0,0,0,0,0,0,0,0,0,0,0,0,0,0,0,0,0,0,0,0,48,0,0,0,58,0,22783,20783,0,10823,1,20805,22786,0,12038,0,20,84,0,48,0,0,0,0,55730,0,0,0,0,0,0,0,0,95,0,20,0,0,0,0,11025,0,0,0,171985,0,91,0,0/0/CPU0

2020-02-05 02:00:15.679000+00:00,leaf4,sg2,obt-collector1,0,0,0,0,0,0,0,0,0,0,0,0,0,0,0,0,0,0,0,0,0,0,0,0,0,60,0,0,0,0,0,0,0,0,0,0,0,0,0,0,0,0,0,0,0,0,0,0,0,0,0,0,0,0,0,0,710225,0,0,0,0,0,0,0,0,0,0,0,0,0,0,0,0,0,0,0,715741,0,0,0,0/RP0/CPU0

2020-02-05 02:00:25.682000+00:00,leaf4,sg2,obt-collector1,1,48,0,0,0,0,0,0,0,0,0,0,0,0,0,0,0,0,0,0,0,0,0,0,0,0,0,0,0,0,0,0,48,0,0,0,58,0,22783,20783,0,10824,1,20805,22786,0,12039,0,20,84,0,48,0,0,0,0,55731,0,0,0,0,0,0,0,0,95,0,20,0,0,0,0,11026,0,0,0,171997,0,91,0,0/0/CPU0

2020-02-05 02:00:25.684000+00:00,leaf4,sg2,obt-collector1,0,0,0,0,0,0,0,0,0,0,0,0,0,0,0,0,0,0,0,0,0,0,0,0,0,60,0,0,0,0,0,0,0,0,0,0,0,0,0,0,0,0,0,0,0,0,0,0,0,0,0,0,0,0,0,0,710287,0,0,0,0,0,0,0,0,0,0,0,0,0,0,0,0,0,0,0,715805,0,0,0,0/RP0/CPU0

2020-02-05 02:00:35.685000+00:00,leaf4,sg2,obt-collector1,1,48,0,0,0,0,0,0,0,0,0,0,0,0,0,0,0,0,0,0,0,0,0,0,0,0,0,0,0,0,0,0,48,0,0,0,58,0,22783,20785,0,10827,1,20807,22786,0,12041,0,20,84,0,48,0,0,0,0,55735,0,0,0,0,0,0,0,0,95,0,20,0,0,0,0,11029,0,0,0,172014,0,91,0,0/0/CPU0

2020-02-05 02:00:35.687000+00:00,leaf4,sg2,obt-collector1,0,0,0,0,0,0,0,0,0,0,0,0,0,0,0,0,0,0,0,0,0,0,0,0,0,60,0,0,0,0,0,0,0,0,0,0,0,0,0,0,0,0,0,0,0,0,0,0,0,0,0,0,0,0,0,0,710349,0,0,0,0,0,0,0,0,0,0,0,0,0,0,0,0,0,0,0,715869,0,0,0,0/RP0/CPU0

2020-02-05 02:00:45.677000+00:00,leaf4,sg2,obt-collector1,1,48,0,0,0,0,0,0,0,0,0,0,0,0,0,0,0,0,0,0,0,0,0,0,0,0,0,0,0,0,0,0,48,0,0,0,58,0,22785,20790,0,10829,1,20812,22788,0,12042,0,20,84,0,48,0,0,0,0,55743,0,0,0,0,0,0,0,0,95,0,20,0,0,0,0,11031,0,0,0,172033,0,91,0,0/0/CPU0

2020-02-05 02:00:45.679000+00:00,leaf4,sg2,obt-collector1,0,0,0,0,0,0,0,0,0,0,0,0,0,0,0,0,0,0,0,0,0,0,0,0,0,60,0,0,0,0,0,0,0,0,0,0,0,0,0,0,0,0,0,0,0,0,0,0,0,0,0,0,0,0,0,0,710411,0,0,0,0,0,0,0,0,0,0,0,0,0,0,0,0,0,0,0,715933,0,0,0,0/RP0/CPU0

2020-02-05 02:00:55.678000+00:00,leaf4,sg2,obt-collector1,1,48,0,0,0,0,0,0,0,0,0,0,0,0,0,0,0,0,0,0,0,0,0,0,0,0,0,0,0,0,0,0,48,0,0,0,58,0,22786,20793,0,10830,1,20815,22789,0,12043,0,20,84,0,48,0,0,0,0,55748,0,0,0,0,0,0,0,0,95,0,20,0,0,0,0,11032,0,0,0,172050,0,91,0,0/0/CPU0

2020-02-05 02:00:55.679000+00:00,leaf4,sg2,obt-collector1,0,0,0,0,0,0,0,0,0,0,0,0,0,0,0,0,0,0,0,0,0,0,0,0,0,60,0,0,0,0,0,0,0,0,0,0,0,0,0,0,0,0,0,0,0,0,0,0,0,0,0,0,0,0,0,0,710485,0,0,0,0,0,0,0,0,0,0,0,0,0,0,0,0,0,0,0,716005,0,0,0,0/RP0/CPU0

2020-02-05 02:01:05.678000+00:00,leaf4,sg2,obt-collector1,1,48,0,0,0,0,0,0,0,0,0,0,0,0,0,0,0,0,0,0,0,0,0,0,0,0,0,0,0,0,0,0,48,0,0,0,58,0,22789,20796,0,10830,1,20818,22792,0,12044,0,20,84,0,48,0,0,0,0,55755,0,0,0,0,0,0,0,0,95,0,20,0,0,0,0,11032,0,0,0,172068,0,91,0,0/0/CPU0

2020-02-05 02:01:05.680000+00:00,leaf4,sg2,obt-collector1,0,0,0,0,0,0,0,0,0,0,0,0,0,0,0,0,0,0,0,0,0,0,0,0,0,60,0,0,0,0,0,0,0,0,0,0,0,0,0,0,0,0,0,0,0,0,0,0,0,0,0,0,0,0,0,0,710557,0,0,0,0,0,0,0,0,0,0,0,0,0,0,0,0,0,0,0,716075,0,0,0,0/RP0/CPU0

2020-02-05 02:01:15.676000+00:00,leaf4,sg2,obt-collector1,1,48,0,0,0,0,0,0,0,0,0,0,0,0,0,0,0,0,0,0,0,0,0,0,0,0,0,0,0,0,0,0,48,0,0,0,58,0,22792,20797,0,10833,1,20819,22795,0,12045,0,20,84,0,48,0,0,0,0,55760,0,0,0,0,0,0,0,0,95,0,20,0,0,0,0,11035,0,0,0,172085,0,91,0,0/0/CPU0

2020-02-05 02:01:15.677000+00:00,leaf4,sg2,obt-collector1,0,0,0,0,0,0,0,0,0,0,0,0,0,0,0,0,0,0,0,0,0,0,0,0,0,60,0,0,0,0,0,0,0,0,0,0,0,0,0,0,0,0,0,0,0,0,0,0,0,0,0,0,0,0,0,0,710613,0,0,0,0,0,0,0,0,0,0,0,0,0,0,0,0,0,0,0,716145,0,0,0,0/RP0/CPU0

2020-02-05 02:01:25.676000+00:00,leaf4,sg2,obt-collector1,1,48,0,0,0,0,0,0,0,0,0,0,0,0,0,0,0,0,0,0,0,0,0,0,0,0,0,0,0,0,0,0,48,0,0,0,58,0,22793,20799,0,10834,1,20821,22796,0,12045,0,20,84,0,48,0,0,0,0,55763,0,0,0,0,0,0,0,0,95,0,20,0,0,0,0,11036,0,0,0,172101,0,91,0,0/0/CPU0

2020-02-05 02:01:25.678000+00:00,leaf4,sg2,obt-collector1,0,0,0,0,0,0,0,0,0,0,0,0,0,0,0,0,0,0,0,0,0,0,0,0,0,60,0,0,0,0,0,0,0,0,0,0,0,0,0,0,0,0,0,0,0,0,0,0,0,0,0,0,0,0,0,0,710669,0,0,0,0,0,0,0,0,0,0,0,0,0,0,0,0,0,0,0,716215,0,0,0,0/RP0/CPU0

2020-02-05 02:01:35.687000+00:00,leaf4,sg2,obt-collector1,1,48,0,0,0,0,0,0,0,0,0,0,0,0,0,0,0,0,0,0,0,0,0,0,0,0,0,0,0,0,0,0,48,0,0,0,58,0,22796,20802,0,10835,1,20824,22799,0,12047,0,20,84,0,48,0,0,0,0,55771,0,0,0,0,0,0,0,0,95,0,20,0,0,0,0,11037,0,0,0,172119,0,91,0,0/0/CPU0

2020-02-05 02:01:35.688000+00:00,leaf4,sg2,obt-collector1,0,0,0,0,0,0,0,0,0,0,0,0,0,0,0,0,0,0,0,0,0,0,0,0,0,60,0,0,0,0,0,0,0,0,0,0,0,0,0,0,0,0,0,0,0,0,0,0,0,0,0,0,0,0,0,0,710733,0,0,0,0,0,0,0,0,0,0,0,0,0,0,0,0,0,0,0,716277,0,0,0,0/RP0/CPU0

2020-02-05 02:01:45.680000+00:00,leaf4,sg2,obt-collector1,1,48,0,0,0,0,0,0,0,0,0,0,0,0,0,0,0,0,0,0,0,0,0,0,0,0,0,0,0,0,0,0,48,0,0,0,58,0,22797,20803,0,10835,1,20825,22800,0,12048,0,20,84,0,48,0,0,0,0,55774,0,0,0,0,0,0,0,0,95,0,20,0,0,0,0,11037,0,0,0,172133,0,91,0,0/0/CPU0

2020-02-05 02:01:45.681000+00:00,leaf4,sg2,obt-collector1,0,0,0,0,0,0,0,0,0,0,0,0,0,0,0,0,0,0,0,0,0,0,0,0,0,60,0,0,0,0,0,0,0,0,0,0,0,0,0,0,0,0,0,0,0,0,0,0,0,0,0,0,0,0,0,0,710797,0,0,0,0,0,0,0,0,0,0,0,0,0,0,0,0,0,0,0,716339,0,0,0,0/RP0/CPU0

2020-02-05 02:01:55.688000+00:00,leaf4,sg2,obt-collector1,1,48,0,0,0,0,0,0,0,0,0,0,0,0,0,0,0,0,0,0,0,0,0,0,0,0,0,0,0,0,0,0,48,0,0,0,58,0,22797,20806,0,10837,1,20828,22800,0,12048,0,20,84,0,48,0,0,0,0,55777,0,0,0,0,0,0,0,0,95,0,20,0,0,0,0,11039,0,0,0,172149,0,91,0,0/0/CPU0

2020-02-05 02:01:55.690000+00:00,leaf4,sg2,obt-collector1,0,0,0,0,0,0,0,0,0,0,0,0,0,0,0,0,0,0,0,0,0,0,0,0,0,60,0,0,0,0,0,0,0,0,0,0,0,0,0,0,0,0,0,0,0,0,0,0,0,0,0,0,0,0,0,0,710861,0,0,0,0,0,0,0,0,0,0,0,0,0,0,0,0,0,0,0,716401,0,0,0,0/RP0/CPU0

2020-02-05 02:02:05.677000+00:00,leaf4,sg2,obt-collector1,1,48,0,0,0,0,0,0,0,0,0,0,0,0,0,0,0,0,0,0,0,0,0,0,0,0,0,0,0,0,0,0,48,0,0,0,58,0,22800,20808,0,10837,1,20830,22803,0,12049,0,20,84,0,48,0,0,0,0,55783,0,0,0,0,0,0,0,0,95,0,20,0,0,0,0,11039,0,0,0,172166,0,91,0,0/0/CPU0

2020-02-05 02:02:05.679000+00:00,leaf4,sg2,obt-collector1,0,0,0,0,0,0,0,0,0,0,0,0,0,0,0,0,0,0,0,0,0,0,0,0,0,60,0,0,0,0,0,0,0,0,0,0,0,0,0,0,0,0,0,0,0,0,0,0,0,0,0,0,0,0,0,0,710925,0,0,0,0,0,0,0,0,0,0,0,0,0,0,0,0,0,0,0,716463,0,0,0,0/RP0/CPU0

2020-02-05 02:02:19.255000+00:00,leaf4,sg2,obt-collector1,1,48,0,0,0,0,0,0,0,0,0,0,0,0,0,0,0,0,0,0,0,0,0,0,0,0,0,0,0,0,0,0,48,0,0,0,58,0,22804,20810,0,10838,1,20832,22807,0,12050,0,20,84,0,48,0,0,0,0,55790,0,0,0,0,0,0,0,0,95,0,20,0,0,0,0,11040,0,0,0,172189,0,91,0,0/0/CPU0

2020-02-05 02:02:19.256000+00:00,leaf4,sg2,obt-collector1,0,0,0,0,0,0,0,0,0,0,0,0,0,0,0,0,0,0,0,0,0,0,0,0,0,60,0,0,0,0,0,0,0,0,0,0,0,0,0,0,0,0,0,0,0,0,0,0,0,0,0,0,0,0,0,0,711019,0,0,0,0,0,0,0,0,0,0,0,0,0,0,0,0,0,0,0,716554,0,0,0,0/RP0/CPU0

2020-02-05 02:02:25.679000+00:00,leaf4,sg2,obt-collector1,1,48,0,0,0,0,0,0,0,0,0,0,0,0,0,0,0,0,0,0,0,0,0,0,0,0,0,0,0,0,0,0,48,0,0,0,58,0,22809,20810,0,10838,1,20832,22812,0,12051,0,20,84,0,48,0,0,0,0,55796,0,0,0,0,0,0,0,0,95,0,20,0,0,0,0,11040,0,0,0,172201,0,91,0,0/0/CPU0

2020-02-05 02:02:25.681000+00:00,leaf4,sg2,obt-collector1,0,0,0,0,0,0,0,0,0,0,0,0,0,0,0,0,0,0,0,0,0,0,0,0,0,60,0,0,0,0,0,0,0,0,0,0,0,0,0,0,0,0,0,0,0,0,0,0,0,0,0,0,0,0,0,0,711053,0,0,0,0,0,0,0,0,0,0,0,0,0,0,0,0,0,0,0,716587,0,0,0,0/RP0/CPU0

2020-02-05 02:02:35.682000+00:00,leaf4,sg2,obt-collector1,1,48,0,0,0,0,0,0,0,0,0,0,0,0,0,0,0,0,0,0,0,0,0,0,0,0,0,0,0,0,0,0,48,0,0,0,58,0,22812,20811,0,10840,1,20833,22815,0,12054,0,20,84,0,48,0,0,0,0,55803,0,0,0,0,0,0,0,0,95,0,20,0,0,0,0,11042,0,0,0,172218,0,91,0,0/0/CPU0

2020-02-05 02:02:35.684000+00:00,leaf4,sg2,obt-collector1,0,0,0,0,0,0,0,0,0,0,0,0,0,0,0,0,0,0,0,0,0,0,0,0,0,60,0,0,0,0,0,0,0,0,0,0,0,0,0,0,0,0,0,0,0,0,0,0,0,0,0,0,0,0,0,0,711117,0,0,0,0,0,0,0,0,0,0,0,0,0,0,0,0,0,0,0,716649,0,0,0,0/RP0/CPU0

2020-02-05 02:02:45.679000+00:00,leaf4,sg2,obt-collector1,1,48,0,0,0,0,0,0,0,0,0,0,0,0,0,0,0,0,0,0,0,0,0,0,0,0,0,0,0,0,0,0,48,0,0,0,58,0,22815,20815,0,10840,1,20837,22818,0,12056,0,20,84,0,48,0,0,0,0,55812,0,0,0,0,0,0,0,0,95,0,20,0,0,0,0,11042,0,0,0,172237,0,91,0,0/0/CPU0

2020-02-05 02:02:45.680000+00:00,leaf4,sg2,obt-collector1,0,0,0,0,0,0,0,0,0,0,0,0,0,0,0,0,0,0,0,0,0,0,0,0,0,60,0,0,0,0,0,0,0,0,0,0,0,0,0,0,0,0,0,0,0,0,0,0,0,0,0,0,0,0,0,0,711181,0,0,0,0,0,0,0,0,0,0,0,0,0,0,0,0,0,0,0,716711,0,0,0,0/RP0/CPU0

2020-02-05 02:02:55.679000+00:00,leaf4,sg2,obt-collector1,1,48,0,0,0,0,0,0,0,0,0,0,0,0,0,0,0,0,0,0,0,0,0,0,0,0,0,0,0,0,0,0,48,0,0,0,58,0,22816,20816,0,10840,1,20838,22819,0,12056,0,20,84,0,48,0,0,0,0,55814,0,0,0,0,0,0,0,0,95,0,20,0,0,0,0,11042,0,0,0,172251,0,91,0,0/0/CPU0

2020-02-05 02:02:55.681000+00:00,leaf4,sg2,obt-collector1,0,0,0,0,0,0,0,0,0,0,0,0,0,0,0,0,0,0,0,0,0,0,0,0,0,60,0,0,0,0,0,0,0,0,0,0,0,0,0,0,0,0,0,0,0,0,0,0,0,0,0,0,0,0,0,0,711245,0,0,0,0,0,0,0,0,0,0,0,0,0,0,0,0,0,0,0,716773,0,0,0,0/RP0/CPU0

2020-02-05 02:03:05.678000+00:00,leaf4,sg2,obt-collector1,1,48,0,0,0,0,0,0,0,0,0,0,0,0,0,0,0,0,0,0,0,0,0,0,0,0,0,0,0,0,0,0,48,0,0,0,58,0,22821,20817,0,10840,1,20839,22824,0,12057,0,20,84,0,48,0,0,0,0,55821,0,0,0,0,0,0,0,0,95,0,20,0,0,0,0,11042,0,0,0,172268,0,91,0,0/0/CPU0

2020-02-05 02:03:05.679000+00:00,leaf4,sg2,obt-collector1,0,0,0,0,0,0,0,0,0,0,0,0,0,0,0,0,0,0,0,0,0,0,0,0,0,60,0,0,0,0,0,0,0,0,0,0,0,0,0,0,0,0,0,0,0,0,0,0,0,0,0,0,0,0,0,0,711308,0,0,0,0,0,0,0,0,0,0,0,0,0,0,0,0,0,0,0,716840,0,0,0,0/RP0/CPU0

2020-02-05 02:03:15.678000+00:00,leaf4,sg2,obt-collector1,1,48,0,0,0,0,0,0,0,0,0,0,0,0,0,0,0,0,0,0,0,0,0,0,0,0,0,0,0,0,0,0,48,0,0,0,58,0,22823,20820,0,10840,1,20842,22826,0,12058,0,20,84,0,48,0,0,0,0,55827,0,0,0,0,0,0,0,0,95,0,20,0,0,0,0,11042,0,0,0,172284,0,91,0,0/0/CPU0

2020-02-05 02:03:15.680000+00:00,leaf4,sg2,obt-collector1,0,0,0,0,0,0,0,0,0,0,0,0,0,0,0,0,0,0,0,0,0,0,0,0,0,60,0,0,0,0,0,0,0,0,0,0,0,0,0,0,0,0,0,0,0,0,0,0,0,0,0,0,0,0,0,0,711366,0,0,0,0,0,0,0,0,0,0,0,0,0,0,0,0,0,0,0,716912,0,0,0,0/RP0/CPU0

2020-02-05 02:03:25.679000+00:00,leaf4,sg2,obt-collector1,1,48,0,0,0,0,0,0,0,0,0,0,0,0,0,0,0,0,0,0,0,0,0,0,0,0,0,0,0,0,0,0,48,0,0,0,58,0,22823,20820,0,10844,1,20842,22826,0,12060,0,20,84,0,48,0,0,0,0,55829,0,0,0,0,0,0,0,0,95,0,20,0,0,0,0,11046,0,0,0,172299,0,91,0,0/0/CPU0

2020-02-05 02:03:25.681000+00:00,leaf4,sg2,obt-collector1,0,0,0,0,0,0,0,0,0,0,0,0,0,0,0,0,0,0,0,0,0,0,0,0,0,60,0,0,0,0,0,0,0,0,0,0,0,0,0,0,0,0,0,0,0,0,0,0,0,0,0,0,0,0,0,0,711424,0,0,0,0,0,0,0,0,0,0,0,0,0,0,0,0,0,0,0,716984,0,0,0,0/RP0/CPU0

2020-02-05 02:03:35.678000+00:00,leaf4,sg2,obt-collector1,1,48,0,0,0,0,0,0,0,0,0,0,0,0,0,0,0,0,0,0,0,0,0,0,0,0,0,0,0,0,0,0,48,0,0,0,58,0,22823,20822,0,10847,1,20844,22826,0,12062,0,20,84,0,48,0,0,0,0,55833,0,0,0,0,0,0,0,0,95,0,20,0,0,0,0,11049,0,0,0,172316,0,91,0,0/0/CPU0

2020-02-05 02:03:35.680000+00:00,leaf4,sg2,obt-collector1,0,0,0,0,0,0,0,0,0,0,0,0,0,0,0,0,0,0,0,0,0,0,0,0,0,60,0,0,0,0,0,0,0,0,0,0,0,0,0,0,0,0,0,0,0,0,0,0,0,0,0,0,0,0,0,0,711490,0,0,0,0,0,0,0,0,0,0,0,0,0,0,0,0,0,0,0,717056,0,0,0,0/RP0/CPU0

2020-02-05 02:03:45.684000+00:00,leaf4,sg2,obt-collector1,1,48,0,0,0,0,0,0,0,0,0,0,0,0,0,0,0,0,0,0,0,0,0,0,0,0,0,0,0,0,0,0,48,0,0,0,58,0,22825,20826,0,10848,1,20848,22828,0,12062,0,20,84,0,48,0,0,0,0,55839,0,0,0,0,0,0,0,0,95,0,20,0,0,0,0,11050,0,0,0,172335,0,91,0,0/0/CPU0

2020-02-05 02:03:45.686000+00:00,leaf4,sg2,obt-collector1,0,0,0,0,0,0,0,0,0,0,0,0,0,0,0,0,0,0,0,0,0,0,0,0,0,60,0,0,0,0,0,0,0,0,0,0,0,0,0,0,0,0,0,0,0,0,0,0,0,0,0,0,0,0,0,0,711556,0,0,0,0,0,0,0,0,0,0,0,0,0,0,0,0,0,0,0,717126,0,0,0,0/RP0/CPU0

2020-02-05 02:03:55.680000+00:00,leaf4,sg2,obt-collector1,1,48,0,0,0,0,0,0,0,0,0,0,0,0,0,0,0,0,0,0,0,0,0,0,0,0,0,0,0,0,0,0,48,0,0,0,58,0,22826,20830,0,10849,1,20852,22829,0,12064,0,20,84,0,48,0,0,0,0,55846,0,0,0,0,0,0,0,0,95,0,20,0,0,0,0,11051,0,0,0,172353,0,91,0,0/0/CPU0

2020-02-05 02:03:55.682000+00:00,leaf4,sg2,obt-collector1,0,0,0,0,0,0,0,0,0,0,0,0,0,0,0,0,0,0,0,0,0,0,0,0,0,60,0,0,0,0,0,0,0,0,0,0,0,0,0,0,0,0,0,0,0,0,0,0,0,0,0,0,0,0,0,0,711614,0,0,0,0,0,0,0,0,0,0,0,0,0,0,0,0,0,0,0,717198,0,0,0,0/RP0/CPU0

2020-02-05 02:04:05.687000+00:00,leaf4,sg2,obt-collector1,1,48,0,0,0,0,0,0,0,0,0,0,0,0,0,0,0,0,0,0,0,0,0,0,0,0,0,0,0,0,0,0,48,0,0,0,58,0,22830,20833,0,10850,1,20855,22833,0,12066,0,20,84,0,48,0,0,0,0,55855,0,0,0,0,0,0,0,0,95,0,20,0,0,0,0,11052,0,0,0,172372,0,91,0,0/0/CPU0

2020-02-05 02:04:05.689000+00:00,leaf4,sg2,obt-collector1,0,0,0,0,0,0,0,0,0,0,0,0,0,0,0,0,0,0,0,0,0,0,0,0,0,60,0,0,0,0,0,0,0,0,0,0,0,0,0,0,0,0,0,0,0,0,0,0,0,0,0,0,0,0,0,0,711672,0,0,0,0,0,0,0,0,0,0,0,0,0,0,0,0,0,0,0,717270,0,0,0,0/RP0/CPU0

2020-02-05 02:04:15.680000+00:00,leaf4,sg2,obt-collector1,1,48,0,0,0,0,0,0,0,0,0,0,0,0,0,0,0,0,0,0,0,0,0,0,0,0,0,0,0,0,0,0,48,0,0,0,58,0,22831,20834,0,10852,1,20856,22834,0,12066,0,20,84,0,48,0,0,0,0,55857,0,0,0,0,0,0,0,0,95,0,20,0,0,0,0,11054,0,0,0,172389,0,91,0,0/0/CPU0

2020-02-05 02:04:15.682000+00:00,leaf4,sg2,obt-collector1,0,0,0,0,0,0,0,0,0,0,0,0,0,0,0,0,0,0,0,0,0,0,0,0,0,60,0,0,0,0,0,0,0,0,0,0,0,0,0,0,0,0,0,0,0,0,0,0,0,0,0,0,0,0,0,0,711742,0,0,0,0,0,0,0,0,0,0,0,0,0,0,0,0,0,0,0,717338,0,0,0,0/RP0/CPU0

2020-02-05 02:04:25.678000+00:00,leaf4,sg2,obt-collector1,1,48,0,0,0,0,0,0,0,0,0,0,0,0,0,0,0,0,0,0,0,0,0,0,0,0,0,0,0,0,0,0,48,0,0,0,58,0,22834,20837,0,10853,1,20859,22837,0,12066,0,20,84,0,48,0,0,0,0,55863,0,0,0,0,0,0,0,0,95,0,20,0,0,0,0,11055,0,0,0,172406,0,91,0,0/0/CPU0

2020-02-05 02:04:25.680000+00:00,leaf4,sg2,obt-collector1,0,0,0,0,0,0,0,0,0,0,0,0,0,0,0,0,0,0,0,0,0,0,0,0,0,60,0,0,0,0,0,0,0,0,0,0,0,0,0,0,0,0,0,0,0,0,0,0,0,0,0,0,0,0,0,0,711806,0,0,0,0,0,0,0,0,0,0,0,0,0,0,0,0,0,0,0,717406,0,0,0,0/RP0/CPU0

2020-02-05 02:04:35.682000+00:00,leaf4,sg2,obt-collector1,1,48,0,0,0,0,0,0,0,0,0,0,0,0,0,0,0,0,0,0,0,0,0,0,0,0,0,0,0,0,0,0,48,0,0,0,58,0,22835,20840,0,10854,1,20862,22838,0,12066,0,20,84,0,48,0,0,0,0,55867,0,0,0,0,0,0,0,0,95,0,20,0,0,0,0,11056,0,0,0,172423,0,91,0,0/0/CPU0

2020-02-05 02:04:35.684000+00:00,leaf4,sg2,obt-collector1,0,0,0,0,0,0,0,0,0,0,0,0,0,0,0,0,0,0,0,0,0,0,0,0,0,60,0,0,0,0,0,0,0,0,0,0,0,0,0,0,0,0,0,0,0,0,0,0,0,0,0,0,0,0,0,0,711872,0,0,0,0,0,0,0,0,0,0,0,0,0,0,0,0,0,0,0,717474,0,0,0,0/RP0/CPU0

2020-02-05 02:04:45.678000+00:00,leaf4,sg2,obt-collector1,1,48,0,0,0,0,0,0,0,0,0,0,0,0,0,0,0,0,0,0,0,0,0,0,0,0,0,0,0,0,0,0,48,0,0,0,58,0,22837,20840,0,10855,1,20862,22840,0,12069,0,20,84,0,48,0,0,0,0,55872,0,0,0,0,0,0,0,0,95,0,20,0,0,0,0,11057,0,0,0,172437,0,91,0,0/0/CPU0

2020-02-05 02:04:45.680000+00:00,leaf4,sg2,obt-collector1,0,0,0,0,0,0,0,0,0,0,0,0,0,0,0,0,0,0,0,0,0,0,0,0,0,60,0,0,0,0,0,0,0,0,0,0,0,0,0,0,0,0,0,0,0,0,0,0,0,0,0,0,0,0,0,0,711939,0,0,0,0,0,0,0,0,0,0,0,0,0,0,0,0,0,0,0,717542,0,0,0,0/RP0/CPU0

2020-02-05 02:04:55.688000+00:00,leaf4,sg2,obt-collector1,1,48,0,0,0,0,0,0,0,0,0,0,0,0,0,0,0,0,0,0,0,0,0,0,0,0,0,0,0,0,0,0,48,0,0,0,58,0,22837,20843,0,10855,1,20865,22840,0,12070,0,20,84,0,48,0,0,0,0,55876,0,0,0,0,0,0,0,0,95,0,20,0,0,0,0,11057,0,0,0,172452,0,91,0,0/0/CPU0

2020-02-05 02:04:55.690000+00:00,leaf4,sg2,obt-collector1,0,0,0,0,0,0,0,0,0,0,0,0,0,0,0,0,0,0,0,0,0,0,0,0,0,60,0,0,0,0,0,0,0,0,0,0,0,0,0,0,0,0,0,0,0,0,0,0,0,0,0,0,0,0,0,0,712007,0,0,0,0,0,0,0,0,0,0,0,0,0,0,0,0,0,0,0,717606,0,0,0,0/RP0/CPU0

2020-02-05 02:05:05.686000+00:00,leaf4,sg2,obt-collector1,1,48,0,0,0,0,0,0,0,0,0,0,0,0,0,0,0,0,0,0,0,0,0,0,0,0,0,0,0,0,0,0,48,0,0,0,58,0,22840,20844,0,10855,1,20866,22843,0,12070,0,20,84,0,48,0,0,0,0,55880,0,0,0,0,0,0,0,0,95,0,20,0,0,0,0,11057,0,0,0,172467,0,91,0,0/0/CPU0

2020-02-05 02:05:05.688000+00:00,leaf4,sg2,obt-collector1,0,0,0,0,0,0,0,0,0,0,0,0,0,0,0,0,0,0,0,0,0,0,0,0,0,60,0,0,0,0,0,0,0,0,0,0,0,0,0,0,0,0,0,0,0,0,0,0,0,0,0,0,0,0,0,0,712077,0,0,0,0,0,0,0,0,0,0,0,0,0,0,0,0,0,0,0,717662,0,0,0,0/RP0/CPU0

2020-02-05 02:05:19.123000+00:00,leaf4,sg2,obt-collector1,1,48,0,0,0,0,0,0,0,0,0,0,0,0,0,0,0,0,0,0,0,0,0,0,0,0,0,0,0,0,0,0,48,0,0,0,58,0,22844,20847,0,10857,1,20869,22847,0,12072,0,20,84,0,48,0,0,0,0,55889,0,0,0,0,0,0,0,0,95,0,20,0,0,0,0,11059,0,0,0,172491,0,91,0,0/0/CPU0

2020-02-05 02:05:19.125000+00:00,leaf4,sg2,obt-collector1,0,0,0,0,0,0,0,0,0,0,0,0,0,0,0,0,0,0,0,0,0,0,0,0,0,60,0,0,0,0,0,0,0,0,0,0,0,0,0,0,0,0,0,0,0,0,0,0,0,0,0,0,0,0,0,0,712180,0,0,0,0,0,0,0,0,0,0,0,0,0,0,0,0,0,0,0,717750,0,0,0,0/RP0/CPU0

2020-02-05 02:05:25.684000+00:00,leaf4,sg2,obt-collector1,1,48,0,0,0,0,0,0,0,0,0,0,0,0,0,0,0,0,0,0,0,0,0,0,0,0,0,0,0,0,0,0,48,0,0,0,58,0,22848,20847,0,10858,1,20869,22851,0,12074,0,20,84,0,48,0,0,0,0,55895,0,0,0,0,0,0,0,0,95,0,20,0,0,0,0,11060,0,0,0,172504,0,91,0,0/0/CPU0

2020-02-05 02:05:25.686000+00:00,leaf4,sg2,obt-collector1,0,0,0,0,0,0,0,0,0,0,0,0,0,0,0,0,0,0,0,0,0,0,0,0,0,60,0,0,0,0,0,0,0,0,0,0,0,0,0,0,0,0,0,0,0,0,0,0,0,0,0,0,0,0,0,0,712217,0,0,0,0,0,0,0,0,0,0,0,0,0,0,0,0,0,0,0,717782,0,0,0,0/RP0/CPU0

2020-02-05 02:05:35.698000+00:00,leaf4,sg2,obt-collector1,1,48,0,0,0,0,0,0,0,0,0,0,0,0,0,0,0,0,0,0,0,0,0,0,0,0,0,0,0,0,0,0,48,0,0,0,58,0,22851,20847,0,10859,1,20869,22854,0,12075,0,20,84,0,48,0,0,0,0,55899,0,0,0,0,0,0,0,0,95,0,20,0,0,0,0,11061,0,0,0,172520,0,91,0,0/0/CPU0

2020-02-05 02:05:35.700000+00:00,leaf4,sg2,obt-collector1,0,0,0,0,0,0,0,0,0,0,0,0,0,0,0,0,0,0,0,0,0,0,0,0,0,60,0,0,0,0,0,0,0,0,0,0,0,0,0,0,0,0,0,0,0,0,0,0,0,0,0,0,0,0,0,0,712287,0,0,0,0,0,0,0,0,0,0,0,0,0,0,0,0,0,0,0,717840,0,0,0,0/RP0/CPU0

2020-02-05 02:05:45.707000+00:00,leaf4,sg2,obt-collector1,1,48,0,0,0,0,0,0,0,0,0,0,0,0,0,0,0,0,0,0,0,0,0,0,0,0,0,0,0,0,0,0,48,0,0,0,58,0,22854,20850,0,10859,1,20872,22857,0,12075,0,20,84,0,48,0,0,0,0,55905,0,0,0,0,0,0,0,0,95,0,20,0,0,0,0,11061,0,0,0,172536,0,91,0,0/0/CPU0

2020-02-05 02:05:45.709000+00:00,leaf4,sg2,obt-collector1,0,0,0,0,0,0,0,0,0,0,0,0,0,0,0,0,0,0,0,0,0,0,0,0,0,60,0,0,0,0,0,0,0,0,0,0,0,0,0,0,0,0,0,0,0,0,0,0,0,0,0,0,0,0,0,0,712357,0,0,0,0,0,0,0,0,0,0,0,0,0,0,0,0,0,0,0,717896,0,0,0,0/RP0/CPU0

2020-02-05 02:05:55.684000+00:00,leaf4,sg2,obt-collector1,1,48,0,0,0,0,0,0,0,0,0,0,0,0,0,0,0,0,0,0,0,0,0,0,0,0,0,0,0,0,0,0,48,0,0,0,58,0,22856,20852,0,10859,1,20874,22859,0,12078,0,20,84,0,48,0,0,0,0,55912,0,0,0,0,0,0,0,0,95,0,20,0,0,0,0,11061,0,0,0,172552,0,91,0,0/0/CPU0

2020-02-05 02:05:55.685000+00:00,leaf4,sg2,obt-collector1,0,0,0,0,0,0,0,0,0,0,0,0,0,0,0,0,0,0,0,0,0,0,0,0,0,60,0,0,0,0,0,0,0,0,0,0,0,0,0,0,0,0,0,0,0,0,0,0,0,0,0,0,0,0,0,0,712427,0,0,0,0,0,0,0,0,0,0,0,0,0,0,0,0,0,0,0,717952,0,0,0,0/RP0/CPU0

2020-02-05 02:06:05.698000+00:00,leaf4,sg2,obt-collector1,1,48,0,0,0,0,0,0,0,0,0,0,0,0,0,0,0,0,0,0,0,0,0,0,0,0,0,0,0,0,0,0,48,0,0,0,58,0,22860,20853,0,10859,1,20875,22863,0,12079,0,20,84,0,48,0,0,0,0,55918,0,0,0,0,0,0,0,0,95,0,20,0,0,0,0,11061,0,0,0,172569,0,91,0,0/0/CPU0

2020-02-05 02:06:05.699000+00:00,leaf4,sg2,obt-collector1,0,0,0,0,0,0,0,0,0,0,0,0,0,0,0,0,0,0,0,0,0,0,0,0,0,60,0,0,0,0,0,0,0,0,0,0,0,0,0,0,0,0,0,0,0,0,0,0,0,0,0,0,0,0,0,0,712497,0,0,0,0,0,0,0,0,0,0,0,0,0,0,0,0,0,0,0,718008,0,0,0,0/RP0/CPU0

2020-02-05 02:06:15.686000+00:00,leaf4,sg2,obt-collector1,1,48,0,0,0,0,0,0,0,0,0,0,0,0,0,0,0,0,0,0,0,0,0,0,0,0,0,0,0,0,0,0,48,0,0,0,58,0,22863,20854,0,10859,1,20876,22866,0,12080,0,20,84,0,48,0,0,0,0,55923,0,0,0,0,0,0,0,0,95,0,20,0,0,0,0,11061,0,0,0,172585,0,91,0,0/0/CPU0

2020-02-05 02:06:15.687000+00:00,leaf4,sg2,obt-collector1,0,0,0,0,0,0,0,0,0,0,0,0,0,0,0,0,0,0,0,0,0,0,0,0,0,60,0,0,0,0,0,0,0,0,0,0,0,0,0,0,0,0,0,0,0,0,0,0,0,0,0,0,0,0,0,0,712567,0,0,0,0,0,0,0,0,0,0,0,0,0,0,0,0,0,0,0,718064,0,0,0,0/RP0/CPU0

2020-02-05 02:06:25.685000+00:00,leaf4,sg2,obt-collector1,1,48,0,0,0,0,0,0,0,0,0,0,0,0,0,0,0,0,0,0,0,0,0,0,0,0,0,0,0,0,0,0,48,0,0,0,58,0,22863,20856,0,10859,1,20878,22866,0,12081,0,20,84,0,48,0,0,0,0,55926,0,0,0,0,0,0,0,0,95,0,20,0,0,0,0,11061,0,0,0,172597,0,91,0,0/0/CPU0

2020-02-05 02:06:25.687000+00:00,leaf4,sg2,obt-collector1,0,0,0,0,0,0,0,0,0,0,0,0,0,0,0,0,0,0,0,0,0,0,0,0,0,60,0,0,0,0,0,0,0,0,0,0,0,0,0,0,0,0,0,0,0,0,0,0,0,0,0,0,0,0,0,0,712637,0,0,0,0,0,0,0,0,0,0,0,0,0,0,0,0,0,0,0,718120,0,0,0,0/RP0/CPU0

2020-02-05 02:06:35.679000+00:00,leaf4,sg2,obt-collector1,1,48,0,0,0,0,0,0,0,0,0,0,0,0,0,0,0,0,0,0,0,0,0,0,0,0,0,0,0,0,0,0,48,0,0,0,58,0,22863,20856,0,10866,1,20878,22866,0,12084,0,20,84,0,48,0,0,0,0,55929,0,0,0,0,0,0,0,0,95,0,20,0,0,0,0,11068,0,0,0,172616,0,91,0,0/0/CPU0

2020-02-05 02:06:35.681000+00:00,leaf4,sg2,obt-collector1,0,0,0,0,0,0,0,0,0,0,0,0,0,0,0,0,0,0,0,0,0,0,0,0,0,60,0,0,0,0,0,0,0,0,0,0,0,0,0,0,0,0,0,0,0,0,0,0,0,0,0,0,0,0,0,0,712707,0,0,0,0,0,0,0,0,0,0,0,0,0,0,0,0,0,0,0,718176,0,0,0,0/RP0/CPU0

2020-02-05 02:06:45.690000+00:00,leaf4,sg2,obt-collector1,1,48,0,0,0,0,0,0,0,0,0,0,0,0,0,0,0,0,0,0,0,0,0,0,0,0,0,0,0,0,0,0,48,0,0,0,58,0,22865,20861,0,10867,1,20883,22868,0,12086,0,20,84,0,48,0,0,0,0,55938,0,0,0,0,0,0,0,0,95,0,20,0,0,0,0,11069,0,0,0,172636,0,91,0,0/0/CPU0

2020-02-05 02:06:45.692000+00:00,leaf4,sg2,obt-collector1,0,0,0,0,0,0,0,0,0,0,0,0,0,0,0,0,0,0,0,0,0,0,0,0,0,60,0,0,0,0,0,0,0,0,0,0,0,0,0,0,0,0,0,0,0,0,0,0,0,0,0,0,0,0,0,0,712777,0,0,0,0,0,0,0,0,0,0,0,0,0,0,0,0,0,0,0,718232,0,0,0,0/RP0/CPU0

2020-02-05 02:06:55.681000+00:00,leaf4,sg2,obt-collector1,1,48,0,0,0,0,0,0,0,0,0,0,0,0,0,0,0,0,0,0,0,0,0,0,0,0,0,0,0,0,0,0,48,0,0,0,58,0,22866,20866,0,10869,1,20888,22869,0,12086,0,20,84,0,48,0,0,0,0,55944,0,0,0,0,0,0,0,0,95,0,20,0,0,0,0,11071,0,0,0,172656,0,91,0,0/0/CPU0

2020-02-05 02:06:55.683000+00:00,leaf4,sg2,obt-collector1,0,0,0,0,0,0,0,0,0,0,0,0,0,0,0,0,0,0,0,0,0,0,0,0,0,60,0,0,0,0,0,0,0,0,0,0,0,0,0,0,0,0,0,0,0,0,0,0,0,0,0,0,0,0,0,0,712847,0,0,0,0,0,0,0,0,0,0,0,0,0,0,0,0,0,0,0,718288,0,0,0,0/RP0/CPU0

2020-02-05 02:07:05.685000+00:00,leaf4,sg2,obt-collector1,1,48,0,0,0,0,0,0,0,0,0,0,0,0,0,0,0,0,0,0,0,0,0,0,0,0,0,0,0,0,0,0,48,0,0,0,58,0,22870,20869,0,10870,1,20891,22873,0,12087,0,20,84,0,48,0,0,0,0,55952,0,0,0,0,0,0,0,0,95,0,20,0,0,0,0,11072,0,0,0,172675,0,91,0,0/0/CPU0

2020-02-05 02:07:05.687000+00:00,leaf4,sg2,obt-collector1,0,0,0,0,0,0,0,0,0,0,0,0,0,0,0,0,0,0,0,0,0,0,0,0,0,60,0,0,0,0,0,0,0,0,0,0,0,0,0,0,0,0,0,0,0,0,0,0,0,0,0,0,0,0,0,0,712917,0,0,0,0,0,0,0,0,0,0,0,0,0,0,0,0,0,0,0,718344,0,0,0,0/RP0/CPU0

2020-02-05 02:07:15.681000+00:00,leaf4,sg2,obt-collector1,1,48,0,0,0,0,0,0,0,0,0,0,0,0,0,0,0,0,0,0,0,0,0,0,0,0,0,0,0,0,0,0,48,0,0,0,58,0,22871,20870,0,10871,1,20892,22874,0,12087,0,20,84,0,48,0,0,0,0,55954,0,0,0,0,0,0,0,0,95,0,20,0,0,0,0,11073,0,0,0,172690,0,91,0,0/0/CPU0

2020-02-05 02:07:15.682000+00:00,leaf4,sg2,obt-collector1,0,0,0,0,0,0,0,0,0,0,0,0,0,0,0,0,0,0,0,0,0,0,0,0,0,60,0,0,0,0,0,0,0,0,0,0,0,0,0,0,0,0,0,0,0,0,0,0,0,0,0,0,0,0,0,0,712987,0,0,0,0,0,0,0,0,0,0,0,0,0,0,0,0,0,0,0,718400,0,0,0,0/RP0/CPU0

2020-02-05 02:07:25.687000+00:00,leaf4,sg2,obt-collector1,1,48,0,0,0,0,0,0,0,0,0,0,0,0,0,0,0,0,0,0,0,0,0,0,0,0,0,0,0,0,0,0,48,0,0,0,58,0,22874,20872,0,10872,1,20894,22877,0,12087,0,20,84,0,48,0,0,0,0,55959,0,0,0,0,0,0,0,0,95,0,20,0,0,0,0,11074,0,0,0,172708,0,91,0,0/0/CPU0

2020-02-05 02:07:25.689000+00:00,leaf4,sg2,obt-collector1,0,0,0,0,0,0,0,0,0,0,0,0,0,0,0,0,0,0,0,0,0,0,0,0,0,60,0,0,0,0,0,0,0,0,0,0,0,0,0,0,0,0,0,0,0,0,0,0,0,0,0,0,0,0,0,0,713057,0,0,0,0,0,0,0,0,0,0,0,0,0,0,0,0,0,0,0,718456,0,0,0,0/RP0/CPU0

2020-02-05 02:07:35.687000+00:00,leaf4,sg2,obt-collector1,1,48,0,0,0,0,0,0,0,0,0,0,0,0,0,0,0,0,0,0,0,0,0,0,0,0,0,0,0,0,0,0,48,0,0,0,58,0,22876,20876,0,10872,1,20898,22879,0,12088,0,20,84,0,48,0,0,0,0,55966,0,0,0,0,0,0,0,0,95,0,20,0,0,0,0,11074,0,0,0,172725,0,91,0,0/0/CPU0

2020-02-05 02:07:35.688000+00:00,leaf4,sg2,obt-collector1,0,0,0,0,0,0,0,0,0,0,0,0,0,0,0,0,0,0,0,0,0,0,0,0,0,60,0,0,0,0,0,0,0,0,0,0,0,0,0,0,0,0,0,0,0,0,0,0,0,0,0,0,0,0,0,0,713127,0,0,0,0,0,0,0,0,0,0,0,0,0,0,0,0,0,0,0,718513,0,0,0,0/RP0/CPU0

2020-02-05 02:07:45.686000+00:00,leaf4,sg2,obt-collector1,1,48,0,0,0,0,0,0,0,0,0,0,0,0,0,0,0,0,0,0,0,0,0,0,0,0,0,0,0,0,0,0,48,0,0,0,58,0,22877,20877,0,10873,1,20899,22880,0,12090,0,20,84,0,48,0,0,0,0,55970,0,0,0,0,0,0,0,0,95,0,20,0,0,0,0,11075,0,0,0,172740,0,91,0,0/0/CPU0

2020-02-05 02:07:45.688000+00:00,leaf4,sg2,obt-collector1,0,0,0,0,0,0,0,0,0,0,0,0,0,0,0,0,0,0,0,0,0,0,0,0,0,60,0,0,0,0,0,0,0,0,0,0,0,0,0,0,0,0,0,0,0,0,0,0,0,0,0,0,0,0,0,0,713197,0,0,0,0,0,0,0,0,0,0,0,0,0,0,0,0,0,0,0,718571,0,0,0,0/RP0/CPU0

2020-02-05 02:07:55.686000+00:00,leaf4,sg2,obt-collector1,1,48,0,0,0,0,0,0,0,0,0,0,0,0,0,0,0,0,0,0,0,0,0,0,0,0,0,0,0,0,0,0,48,0,0,0,58,0,22877,20879,0,10874,1,20901,22880,0,12091,0,20,84,0,48,0,0,0,0,55973,0,0,0,0,0,0,0,0,95,0,20,0,0,0,0,11076,0,0,0,172754,0,91,0,0/0/CPU0

2020-02-05 02:07:55.688000+00:00,leaf4,sg2,obt-collector1,0,0,0,0,0,0,0,0,0,0,0,0,0,0,0,0,0,0,0,0,0,0,0,0,0,60,0,0,0,0,0,0,0,0,0,0,0,0,0,0,0,0,0,0,0,0,0,0,0,0,0,0,0,0,0,0,713267,0,0,0,0,0,0,0,0,0,0,0,0,0,0,0,0,0,0,0,718628,0,0,0,0/RP0/CPU0

2020-02-05 02:08:05.681000+00:00,leaf4,sg2,obt-collector1,1,48,0,0,0,0,0,0,0,0,0,0,0,0,0,0,0,0,0,0,0,0,0,0,0,0,0,0,0,0,0,0,48,0,0,0,58,0,22880,20880,0,10874,1,20902,22883,0,12091,0,20,84,0,48,0,0,0,0,55977,0,0,0,0,0,0,0,0,95,0,20,0,0,0,0,11076,0,0,0,172770,0,91,0,0/0/CPU0

2020-02-05 02:08:05.683000+00:00,leaf4,sg2,obt-collector1,0,0,0,0,0,0,0,0,0,0,0,0,0,0,0,0,0,0,0,0,0,0,0,0,0,60,0,0,0,0,0,0,0,0,0,0,0,0,0,0,0,0,0,0,0,0,0,0,0,0,0,0,0,0,0,0,713337,0,0,0,0,0,0,0,0,0,0,0,0,0,0,0,0,0,0,0,718686,0,0,0,0/RP0/CPU0

2020-02-05 02:08:19.218000+00:00,leaf4,sg2,obt-collector1,1,48,0,0,0,0,0,0,0,0,0,0,0,0,0,0,0,0,0,0,0,0,0,0,0,0,0,0,0,0,0,0,48,0,0,0,58,0,22884,20882,0,10876,1,20904,22887,0,12092,0,20,84,0,48,0,0,0,0,55984,0,0,0,0,0,0,0,0,95,0,20,0,0,0,0,11078,0,0,0,172792,0,91,0,0/0/CPU0

2020-02-05 02:08:19.219000+00:00,leaf4,sg2,obt-collector1,0,0,0,0,0,0,0,0,0,0,0,0,0,0,0,0,0,0,0,0,0,0,0,0,0,60,0,0,0,0,0,0,0,0,0,0,0,0,0,0,0,0,0,0,0,0,0,0,0,0,0,0,0,0,0,0,713437,0,0,0,0,0,0,0,0,0,0,0,0,0,0,0,0,0,0,0,718780,0,0,0,0/RP0/CPU0

2020-02-05 02:08:25.685000+00:00,leaf4,sg2,obt-collector1,1,48,0,0,0,0,0,0,0,0,0,0,0,0,0,0,0,0,0,0,0,0,0,0,0,0,0,0,0,0,0,0,48,0,0,0,58,0,22887,20883,0,10877,1,20905,22890,0,12093,0,20,84,0,48,0,0,0,0,55989,0,0,0,0,0,0,0,0,95,0,20,0,0,0,0,11079,0,0,0,172804,0,91,0,0/0/CPU0

2020-02-05 02:08:25.686000+00:00,leaf4,sg2,obt-collector1,0,0,0,0,0,0,0,0,0,0,0,0,0,0,0,0,0,0,0,0,0,0,0,0,0,60,0,0,0,0,0,0,0,0,0,0,0,0,0,0,0,0,0,0,0,0,0,0,0,0,0,0,0,0,0,0,713472,0,0,0,0,0,0,0,0,0,0,0,0,0,0,0,0,0,0,0,718814,0,0,0,0/RP0/CPU0

2020-02-05 02:08:35.689000+00:00,leaf4,sg2,obt-collector1,1,48,0,0,0,0,0,0,0,0,0,0,0,0,0,0,0,0,0,0,0,0,0,0,0,0,0,0,0,0,0,0,48,0,0,0,58,0,22891,20885,0,10878,1,20907,22894,0,12096,0,20,84,0,48,0,0,0,0,55998,0,0,0,0,0,0,0,0,95,0,20,0,0,0,0,11080,0,0,0,172823,0,91,0,0/0/CPU0

2020-02-05 02:08:35.690000+00:00,leaf4,sg2,obt-collector1,0,0,0,0,0,0,0,0,0,0,0,0,0,0,0,0,0,0,0,0,0,0,0,0,0,60,0,0,0,0,0,0,0,0,0,0,0,0,0,0,0,0,0,0,0,0,0,0,0,0,0,0,0,0,0,0,713539,0,0,0,0,0,0,0,0,0,0,0,0,0,0,0,0,0,0,0,718878,0,0,0,0/RP0/CPU0

2020-02-05 02:08:45.708000+00:00,leaf4,sg2,obt-collector1,1,48,0,0,0,0,0,0,0,0,0,0,0,0,0,0,0,0,0,0,0,0,0,0,0,0,0,0,0,0,0,0,48,0,0,0,58,0,22895,20886,0,10878,1,20908,22898,0,12097,0,20,84,0,48,0,0,0,0,56004,0,0,0,0,0,0,0,0,95,0,20,0,0,0,0,11080,0,0,0,172840,0,91,0,0/0/CPU0

2020-02-05 02:08:45.709000+00:00,leaf4,sg2,obt-collector1,0,0,0,0,0,0,0,0,0,0,0,0,0,0,0,0,0,0,0,0,0,0,0,0,0,60,0,0,0,0,0,0,0,0,0,0,0,0,0,0,0,0,0,0,0,0,0,0,0,0,0,0,0,0,0,0,713608,0,0,0,0,0,0,0,0,0,0,0,0,0,0,0,0,0,0,0,718942,0,0,0,0/RP0/CPU0

2020-02-05 02:08:55.687000+00:00,leaf4,sg2,obt-collector1,1,48,0,0,0,0,0,0,0,0,0,0,0,0,0,0,0,0,0,0,0,0,0,0,0,0,0,0,0,0,0,0,48,0,0,0,58,0,22896,20888,0,10878,1,20910,22899,0,12098,0,20,84,0,48,0,0,0,0,56008,0,0,0,0,0,0,0,0,95,0,20,0,0,0,0,11080,0,0,0,172854,0,91,0,0/0/CPU0

2020-02-05 02:08:55.689000+00:00,leaf4,sg2,obt-collector1,0,0,0,0,0,0,0,0,0,0,0,0,0,0,0,0,0,0,0,0,0,0,0,0,0,60,0,0,0,0,0,0,0,0,0,0,0,0,0,0,0,0,0,0,0,0,0,0,0,0,0,0,0,0,0,0,713675,0,0,0,0,0,0,0,0,0,0,0,0,0,0,0,0,0,0,0,719006,0,0,0,0/RP0/CPU0

2020-02-05 02:09:05.686000+00:00,leaf4,sg2,obt-collector1,1,48,0,0,0,0,0,0,0,0,0,0,0,0,0,0,0,0,0,0,0,0,0,0,0,0,0,0,0,0,0,0,48,0,0,0,58,0,22900,20888,0,10878,1,20910,22903,0,12099,0,20,84,0,48,0,0,0,0,56013,0,0,0,0,0,0,0,0,95,0,20,0,0,0,0,11080,0,0,0,172869,0,91,0,0/0/CPU0

2020-02-05 02:09:05.687000+00:00,leaf4,sg2,obt-collector1,0,0,0,0,0,0,0,0,0,0,0,0,0,0,0,0,0,0,0,0,0,0,0,0,0,60,0,0,0,0,0,0,0,0,0,0,0,0,0,0,0,0,0,0,0,0,0,0,0,0,0,0,0,0,0,0,713743,0,0,0,0,0,0,0,0,0,0,0,0,0,0,0,0,0,0,0,719067,0,0,0,0/RP0/CPU0

2020-02-05 02:09:15.696000+00:00,leaf4,sg2,obt-collector1,1,48,0,0,0,0,0,0,0,0,0,0,0,0,0,0,0,0,0,0,0,0,0,0,0,0,0,0,0,0,0,0,48,0,0,0,58,0,22903,20890,0,10879,1,20912,22906,0,12101,0,20,84,0,48,0,0,0,0,56020,0,0,0,0,0,0,0,0,95,0,20,0,0,0,0,11081,0,0,0,172887,0,91,0,0/0/CPU0

2020-02-05 02:09:15.698000+00:00,leaf4,sg2,obt-collector1,0,0,0,0,0,0,0,0,0,0,0,0,0,0,0,0,0,0,0,0,0,0,0,0,0,60,0,0,0,0,0,0,0,0,0,0,0,0,0,0,0,0,0,0,0,0,0,0,0,0,0,0,0,0,0,0,713811,0,0,0,0,0,0,0,0,0,0,0,0,0,0,0,0,0,0,0,719125,0,0,0,0/RP0/CPU0

2020-02-05 02:09:25.684000+00:00,leaf4,sg2,obt-collector1,1,48,0,0,0,0,0,0,0,0,0,0,0,0,0,0,0,0,0,0,0,0,0,0,0,0,0,0,0,0,0,0,48,0,0,0,58,0,22903,20892,0,10881,1,20914,22906,0,12105,0,20,84,0,48,0,0,0,0,56026,0,0,0,0,0,0,0,0,95,0,20,0,0,0,0,11083,0,0,0,172902,0,91,0,0/0/CPU0

2020-02-05 02:09:25.686000+00:00,leaf4,sg2,obt-collector1,0,0,0,0,0,0,0,0,0,0,0,0,0,0,0,0,0,0,0,0,0,0,0,0,0,60,0,0,0,0,0,0,0,0,0,0,0,0,0,0,0,0,0,0,0,0,0,0,0,0,0,0,0,0,0,0,713875,0,0,0,0,0,0,0,0,0,0,0,0,0,0,0,0,0,0,0,719187,0,0,0,0/RP0/CPU0

2020-02-05 02:09:35.682000+00:00,leaf4,sg2,obt-collector1,1,48,0,0,0,0,0,0,0,0,0,0,0,0,0,0,0,0,0,0,0,0,0,0,0,0,0,0,0,0,0,0,48,0,0,0,58,0,22903,20893,0,10882,1,20915,22906,0,12105,0,20,84,0,48,0,0,0,0,56027,0,0,0,0,0,0,0,0,95,0,20,0,0,0,0,11084,0,0,0,172916,0,91,0,0/0/CPU0

2020-02-05 02:09:35.684000+00:00,leaf4,sg2,obt-collector1,0,0,0,0,0,0,0,0,0,0,0,0,0,0,0,0,0,0,0,0,0,0,0,0,0,60,0,0,0,0,0,0,0,0,0,0,0,0,0,0,0,0,0,0,0,0,0,0,0,0,0,0,0,0,0,0,713939,0,0,0,0,0,0,0,0,0,0,0,0,0,0,0,0,0,0,0,719249,0,0,0,0/RP0/CPU0

2020-02-05 02:09:45.694000+00:00,leaf4,sg2,obt-collector1,1,48,0,0,0,0,0,0,0,0,0,0,0,0,0,0,0,0,0,0,0,0,0,0,0,0,0,0,0,0,0,0,48,0,0,0,58,0,22905,20897,0,10884,1,20919,22908,0,12105,0,20,84,0,48,0,0,0,0,56033,0,0,0,0,0,0,0,0,95,0,20,0,0,0,0,11086,0,0,0,172934,0,91,0,0/0/CPU0

2020-02-05 02:09:45.696000+00:00,leaf4,sg2,obt-collector1,0,0,0,0,0,0,0,0,0,0,0,0,0,0,0,0,0,0,0,0,0,0,0,0,0,60,0,0,0,0,0,0,0,0,0,0,0,0,0,0,0,0,0,0,0,0,0,0,0,0,0,0,0,0,0,0,714004,0,0,0,0,0,0,0,0,0,0,0,0,0,0,0,0,0,0,0,719311,0,0,0,0/RP0/CPU0

2020-02-05 02:09:55.682000+00:00,leaf4,sg2,obt-collector1,1,48,0,0,0,0,0,0,0,0,0,0,0,0,0,0,0,0,0,0,0,0,0,0,0,0,0,0,0,0,0,0,48,0,0,0,58,0,22906,20904,0,10887,1,20926,22909,0,12107,0,20,84,0,48,0,0,0,0,56043,0,0,0,0,0,0,0,0,95,0,20,0,0,0,0,11089,0,0,0,172956,0,91,0,0/0/CPU0

2020-02-05 02:09:55.684000+00:00,leaf4,sg2,obt-collector1,0,0,0,0,0,0,0,0,0,0,0,0,0,0,0,0,0,0,0,0,0,0,0,0,0,60,0,0,0,0,0,0,0,0,0,0,0,0,0,0,0,0,0,0,0,0,0,0,0,0,0,0,0,0,0,0,714068,0,0,0,0,0,0,0,0,0,0,0,0,0,0,0,0,0,0,0,719373,0,0,0,0/RP0/CPU0

2020-02-05 02:10:05.689000+00:00,leaf4,sg2,obt-collector1,1,48,0,0,0,0,0,0,0,0,0,0,0,0,0,0,0,0,0,0,0,0,0,0,0,0,0,0,0,0,0,0,48,0,0,0,58,0,22909,20905,0,10888,1,20927,22912,0,12108,0,20,84,0,48,0,0,0,0,56048,0,0,0,0,0,0,0,0,95,0,20,0,0,0,0,11090,0,0,0,172973,0,91,0,0/0/CPU0

2020-02-05 02:10:05.690000+00:00,leaf4,sg2,obt-collector1,0,0,0,0,0,0,0,0,0,0,0,0,0,0,0,0,0,0,0,0,0,0,0,0,0,60,0,0,0,0,0,0,0,0,0,0,0,0,0,0,0,0,0,0,0,0,0,0,0,0,0,0,0,0,0,0,714132,0,0,0,0,0,0,0,0,0,0,0,0,0,0,0,0,0,0,0,719435,0,0,0,0/RP0/CPU0

2020-02-05 02:10:15.687000+00:00,leaf4,sg2,obt-collector1,1,48,0,0,0,0,0,0,0,0,0,0,0,0,0,0,0,0,0,0,0,0,0,0,0,0,0,0,0,0,0,0,48,0,0,0,58,0,22911,20906,0,10889,1,20928,22914,0,12108,0,20,84,0,48,0,0,0,0,56051,0,0,0,0,0,0,0,0,95,0,20,0,0,0,0,11091,0,0,0,172988,0,91,0,0/0/CPU0

2020-02-05 02:10:15.689000+00:00,leaf4,sg2,obt-collector1,0,0,0,0,0,0,0,0,0,0,0,0,0,0,0,0,0,0,0,0,0,0,0,0,0,60,0,0,0,0,0,0,0,0,0,0,0,0,0,0,0,0,0,0,0,0,0,0,0,0,0,0,0,0,0,0,714196,0,0,0,0,0,0,0,0,0,0,0,0,0,0,0,0,0,0,0,719497,0,0,0,0/RP0/CPU0

2020-02-05 02:10:25.684000+00:00,leaf4,sg2,obt-collector1,1,48,0,0,0,0,0,0,0,0,0,0,0,0,0,0,0,0,0,0,0,0,0,0,0,0,0,0,0,0,0,0,48,0,0,0,58,0,22912,20907,0,10890,1,20929,22915,0,12110,0,20,84,0,48,0,0,0,0,56055,0,0,0,0,0,0,0,0,95,0,20,0,0,0,0,11092,0,0,0,173003,0,91,0,0/0/CPU0

2020-02-05 02:10:25.685000+00:00,leaf4,sg2,obt-collector1,0,0,0,0,0,0,0,0,0,0,0,0,0,0,0,0,0,0,0,0,0,0,0,0,0,60,0,0,0,0,0,0,0,0,0,0,0,0,0,0,0,0,0,0,0,0,0,0,0,0,0,0,0,0,0,0,714261,0,0,0,0,0,0,0,0,0,0,0,0,0,0,0,0,0,0,0,719558,0,0,0,0/RP0/CPU0

