,EncodingPath,Producer,Target,host,interface-counts__admin-down-interface-count,interface-counts__down-interface-count,interface-counts__interface-count,interface-counts__up-interface-count

2020-02-06 19:32:00.917000+00:00,Cisco-IOS-XR-pfi-im-cmd-oper:interfaces/interface-summary,spine2,,,3,0,39,36

2020-02-06 19:32:10.934000+00:00,Cisco-IOS-XR-pfi-im-cmd-oper:interfaces/interface-summary,spine2,,,3,0,39,36

2020-02-06 19:32:20.916000+00:00,Cisco-IOS-XR-pfi-im-cmd-oper:interfaces/interface-summary,spine2,,,3,0,39,36

2020-02-06 19:32:31.036000+00:00,Cisco-IOS-XR-pfi-im-cmd-oper:interfaces/interface-summary,spine2,,,3,0,39,36

2020-02-06 19:32:40.928000+00:00,Cisco-IOS-XR-pfi-im-cmd-oper:interfaces/interface-summary,spine2,,,3,0,39,36

2020-02-06 19:32:50.917000+00:00,Cisco-IOS-XR-pfi-im-cmd-oper:interfaces/interface-summary,spine2,,,3,0,39,36

2020-02-06 19:33:00.924000+00:00,Cisco-IOS-XR-pfi-im-cmd-oper:interfaces/interface-summary,spine2,,,3,0,39,36

2020-02-06 19:33:10.920000+00:00,Cisco-IOS-XR-pfi-im-cmd-oper:interfaces/interface-summary,spine2,,,3,0,39,36

2020-02-06 19:33:20.922000+00:00,Cisco-IOS-XR-pfi-im-cmd-oper:interfaces/interface-summary,spine2,,,3,0,39,36

2020-02-06 19:33:30.923000+00:00,Cisco-IOS-XR-pfi-im-cmd-oper:interfaces/interface-summary,spine2,,,3,0,39,36

2020-02-06 19:33:40.921000+00:00,Cisco-IOS-XR-pfi-im-cmd-oper:interfaces/interface-summary,spine2,,,3,0,39,36

2020-02-06 19:33:50.917000+00:00,Cisco-IOS-XR-pfi-im-cmd-oper:interfaces/interface-summary,spine2,,,3,0,39,36

2020-02-06 19:34:00.924000+00:00,Cisco-IOS-XR-pfi-im-cmd-oper:interfaces/interface-summary,spine2,,,3,0,39,36

2020-02-06 19:34:10.927000+00:00,Cisco-IOS-XR-pfi-im-cmd-oper:interfaces/interface-summary,spine2,,,3,0,39,36

2020-02-06 19:34:21.013000+00:00,Cisco-IOS-XR-pfi-im-cmd-oper:interfaces/interface-summary,spine2,,,3,0,39,36

2020-02-06 19:34:30.917000+00:00,Cisco-IOS-XR-pfi-im-cmd-oper:interfaces/interface-summary,spine2,,,3,0,39,36

2020-02-06 19:34:40.921000+00:00,Cisco-IOS-XR-pfi-im-cmd-oper:interfaces/interface-summary,spine2,,,3,0,39,36

2020-02-06 19:34:50.923000+00:00,Cisco-IOS-XR-pfi-im-cmd-oper:interfaces/interface-summary,spine2,,,3,0,39,36

2020-02-06 19:35:00.923000+00:00,Cisco-IOS-XR-pfi-im-cmd-oper:interfaces/interface-summary,spine2,,,3,0,39,36

2020-02-06 19:35:10.933000+00:00,Cisco-IOS-XR-pfi-im-cmd-oper:interfaces/interface-summary,spine2,,,3,0,39,36

2020-02-06 19:35:20.917000+00:00,Cisco-IOS-XR-pfi-im-cmd-oper:interfaces/interface-summary,spine2,,,3,0,39,36

2020-02-06 19:35:30.932000+00:00,Cisco-IOS-XR-pfi-im-cmd-oper:interfaces/interface-summary,spine2,,,3,0,39,36

2020-02-06 19:35:40.922000+00:00,Cisco-IOS-XR-pfi-im-cmd-oper:interfaces/interface-summary,spine2,,,3,0,39,36

2020-02-06 19:35:50.935000+00:00,Cisco-IOS-XR-pfi-im-cmd-oper:interfaces/interface-summary,spine2,,,3,0,39,36

2020-02-06 19:36:00.920000+00:00,Cisco-IOS-XR-pfi-im-cmd-oper:interfaces/interface-summary,spine2,,,3,0,39,36

2020-02-06 19:36:11.005000+00:00,Cisco-IOS-XR-pfi-im-cmd-oper:interfaces/interface-summary,spine2,,,3,0,39,36

2020-02-06 19:36:20.922000+00:00,Cisco-IOS-XR-pfi-im-cmd-oper:interfaces/interface-summary,spine2,,,3,0,39,36

2020-02-06 19:36:30.922000+00:00,Cisco-IOS-XR-pfi-im-cmd-oper:interfaces/interface-summary,spine2,,,3,0,39,36

2020-02-06 19:36:40.919000+00:00,Cisco-IOS-XR-pfi-im-cmd-oper:interfaces/interface-summary,spine2,,,3,0,39,36

2020-02-06 19:36:50.918000+00:00,Cisco-IOS-XR-pfi-im-cmd-oper:interfaces/interface-summary,spine2,,,3,0,39,36

2020-02-06 19:37:00.930000+00:00,Cisco-IOS-XR-pfi-im-cmd-oper:interfaces/interface-summary,spine2,,,3,0,39,36

2020-02-06 19:37:10.921000+00:00,Cisco-IOS-XR-pfi-im-cmd-oper:interfaces/interface-summary,spine2,,,3,0,39,36

2020-02-06 19:37:20.930000+00:00,Cisco-IOS-XR-pfi-im-cmd-oper:interfaces/interface-summary,spine2,,,3,0,39,36

2020-02-06 19:37:30.925000+00:00,Cisco-IOS-XR-pfi-im-cmd-oper:interfaces/interface-summary,spine2,,,3,0,39,36

2020-02-06 19:37:40.920000+00:00,Cisco-IOS-XR-pfi-im-cmd-oper:interfaces/interface-summary,spine2,,,3,0,39,36

2020-02-06 19:37:50.921000+00:00,Cisco-IOS-XR-pfi-im-cmd-oper:interfaces/interface-summary,spine2,,,3,0,39,36

2020-02-06 19:38:01.008000+00:00,Cisco-IOS-XR-pfi-im-cmd-oper:interfaces/interface-summary,spine2,,,3,0,39,36

2020-02-06 19:38:10.940000+00:00,Cisco-IOS-XR-pfi-im-cmd-oper:interfaces/interface-summary,spine2,,,3,0,39,36

2020-02-06 19:38:20.927000+00:00,Cisco-IOS-XR-pfi-im-cmd-oper:interfaces/interface-summary,spine2,,,3,0,39,36

2020-02-06 19:38:30.928000+00:00,Cisco-IOS-XR-pfi-im-cmd-oper:interfaces/interface-summary,spine2,,,3,0,39,36

2020-02-06 19:38:40.920000+00:00,Cisco-IOS-XR-pfi-im-cmd-oper:interfaces/interface-summary,spine2,,,3,0,39,36

2020-02-06 19:38:50.929000+00:00,Cisco-IOS-XR-pfi-im-cmd-oper:interfaces/interface-summary,spine2,,,3,0,39,36

2020-02-06 19:39:00.918000+00:00,Cisco-IOS-XR-pfi-im-cmd-oper:interfaces/interface-summary,spine2,,,3,0,39,36

2020-02-06 19:39:10.931000+00:00,Cisco-IOS-XR-pfi-im-cmd-oper:interfaces/interface-summary,spine2,,,3,0,39,36

2020-02-06 19:39:20.920000+00:00,Cisco-IOS-XR-pfi-im-cmd-oper:interfaces/interface-summary,spine2,,,3,0,39,36

2020-02-06 19:39:30.926000+00:00,Cisco-IOS-XR-pfi-im-cmd-oper:interfaces/interface-summary,spine2,,,3,0,39,36

2020-02-06 19:39:40.925000+00:00,Cisco-IOS-XR-pfi-im-cmd-oper:interfaces/interface-summary,spine2,,,3,0,39,36

2020-02-06 19:39:50.996000+00:00,Cisco-IOS-XR-pfi-im-cmd-oper:interfaces/interface-summary,spine2,,,3,0,39,36

2020-02-06 19:40:00.930000+00:00,Cisco-IOS-XR-pfi-im-cmd-oper:interfaces/interface-summary,spine2,,,3,0,39,36

2020-02-06 19:40:10.921000+00:00,Cisco-IOS-XR-pfi-im-cmd-oper:interfaces/interface-summary,spine2,,,3,0,39,36

2020-02-06 19:40:20.935000+00:00,Cisco-IOS-XR-pfi-im-cmd-oper:interfaces/interface-summary,spine2,,,3,0,39,36

2020-02-06 19:40:30.924000+00:00,Cisco-IOS-XR-pfi-im-cmd-oper:interfaces/interface-summary,spine2,,,3,0,39,36

2020-02-06 19:40:40.925000+00:00,Cisco-IOS-XR-pfi-im-cmd-oper:interfaces/interface-summary,spine2,,,3,0,39,36

2020-02-06 19:40:50.924000+00:00,Cisco-IOS-XR-pfi-im-cmd-oper:interfaces/interface-summary,spine2,,,3,0,39,36

2020-02-06 19:41:00.932000+00:00,Cisco-IOS-XR-pfi-im-cmd-oper:interfaces/interface-summary,spine2,,,3,0,39,36

2020-02-06 19:41:10.927000+00:00,Cisco-IOS-XR-pfi-im-cmd-oper:interfaces/interface-summary,spine2,,,3,0,39,36

2020-02-06 19:41:20.933000+00:00,Cisco-IOS-XR-pfi-im-cmd-oper:interfaces/interface-summary,spine2,,,3,0,39,36

2020-02-06 19:41:30.927000+00:00,Cisco-IOS-XR-pfi-im-cmd-oper:interfaces/interface-summary,spine2,,,3,0,39,36

2020-02-06 19:41:40.981000+00:00,Cisco-IOS-XR-pfi-im-cmd-oper:interfaces/interface-summary,spine2,,,3,0,39,36

2020-02-06 19:41:50.922000+00:00,Cisco-IOS-XR-pfi-im-cmd-oper:interfaces/interface-summary,spine2,,,3,0,39,36

2020-02-06 19:42:00.924000+00:00,Cisco-IOS-XR-pfi-im-cmd-oper:interfaces/interface-summary,spine2,,,3,0,39,36

2020-02-06 19:42:10.932000+00:00,Cisco-IOS-XR-pfi-im-cmd-oper:interfaces/interface-summary,spine2,,,3,0,39,36

2020-02-06 19:42:20.924000+00:00,Cisco-IOS-XR-pfi-im-cmd-oper:interfaces/interface-summary,spine2,,,3,0,39,36

2020-02-06 19:42:30.938000+00:00,Cisco-IOS-XR-pfi-im-cmd-oper:interfaces/interface-summary,spine2,,,3,0,39,36

2020-02-06 19:42:40.925000+00:00,Cisco-IOS-XR-pfi-im-cmd-oper:interfaces/interface-summary,spine2,,,3,0,39,36

2020-02-06 19:42:50.938000+00:00,Cisco-IOS-XR-pfi-im-cmd-oper:interfaces/interface-summary,spine2,,,3,0,39,36

2020-02-06 19:43:00.928000+00:00,Cisco-IOS-XR-pfi-im-cmd-oper:interfaces/interface-summary,spine2,,,3,0,39,36

2020-02-06 19:43:10.932000+00:00,Cisco-IOS-XR-pfi-im-cmd-oper:interfaces/interface-summary,spine2,,,3,0,39,36

2020-02-06 19:43:20.926000+00:00,Cisco-IOS-XR-pfi-im-cmd-oper:interfaces/interface-summary,spine2,,,3,0,39,36

2020-02-06 19:43:30.983000+00:00,Cisco-IOS-XR-pfi-im-cmd-oper:interfaces/interface-summary,spine2,,,3,0,39,36

2020-02-06 19:43:40.928000+00:00,Cisco-IOS-XR-pfi-im-cmd-oper:interfaces/interface-summary,spine2,,,3,0,39,36

2020-02-06 19:43:50.930000+00:00,Cisco-IOS-XR-pfi-im-cmd-oper:interfaces/interface-summary,spine2,,,3,0,39,36

2020-02-06 19:44:00.932000+00:00,Cisco-IOS-XR-pfi-im-cmd-oper:interfaces/interface-summary,spine2,,,3,0,39,36

2020-02-06 19:44:10.923000+00:00,Cisco-IOS-XR-pfi-im-cmd-oper:interfaces/interface-summary,spine2,,,3,0,39,36

2020-02-06 19:44:20.932000+00:00,Cisco-IOS-XR-pfi-im-cmd-oper:interfaces/interface-summary,spine2,,,3,0,39,36

2020-02-06 19:44:30.930000+00:00,Cisco-IOS-XR-pfi-im-cmd-oper:interfaces/interface-summary,spine2,,,3,0,39,36

2020-02-06 19:44:40.928000+00:00,Cisco-IOS-XR-pfi-im-cmd-oper:interfaces/interface-summary,spine2,,,3,0,39,36

2020-02-06 19:44:50.930000+00:00,Cisco-IOS-XR-pfi-im-cmd-oper:interfaces/interface-summary,spine2,,,3,0,39,36

2020-02-06 19:45:00.930000+00:00,Cisco-IOS-XR-pfi-im-cmd-oper:interfaces/interface-summary,spine2,,,3,0,39,36

2020-02-06 19:45:10.930000+00:00,Cisco-IOS-XR-pfi-im-cmd-oper:interfaces/interface-summary,spine2,,,3,0,39,36

