,Producer,Target,clientid,host,insync,proto-id,proto-instance,protocol-names,table-id,updatemode

2020-02-06 19:04:59.315000+00:00,dr02,sg12,15,obt-collector1,true,2,,static,-536870912,10

2020-02-06 19:04:59.318000+00:00,dr02,sg12,16,obt-collector1,true,1,,connected,-536870912,2

2020-02-06 19:04:59.318000+00:00,dr02,sg12,16,obt-collector1,true,2,,static,-536870912,2

2020-02-06 19:04:59.324000+00:00,dr02,sg12,19,obt-collector1,true,1,,connected,-536870912,10

2020-02-06 19:05:49.345000+00:00,dr02,sg12,15,obt-collector1,true,2,,static,-536870912,10

2020-02-06 19:05:49.347000+00:00,dr02,sg12,16,obt-collector1,true,1,,connected,-536870912,2

2020-02-06 19:05:49.347000+00:00,dr02,sg12,16,obt-collector1,true,2,,static,-536870912,2

2020-02-06 19:05:49.353000+00:00,dr02,sg12,19,obt-collector1,true,1,,connected,-536870912,10

2020-02-06 19:06:30.342000+00:00,dr02,sg12,15,obt-collector1,true,2,,static,-536870912,10

2020-02-06 19:06:30.345000+00:00,dr02,sg12,16,obt-collector1,true,1,,connected,-536870912,2

2020-02-06 19:06:30.345000+00:00,dr02,sg12,16,obt-collector1,true,2,,static,-536870912,2

2020-02-06 19:06:30.351000+00:00,dr02,sg12,19,obt-collector1,true,1,,connected,-536870912,10

2020-02-06 19:07:06.018000+00:00,dr02,sg12,15,obt-collector1,true,2,,static,-536870912,10

2020-02-06 19:07:06.021000+00:00,dr02,sg12,16,obt-collector1,true,1,,connected,-536870912,2

2020-02-06 19:07:06.021000+00:00,dr02,sg12,16,obt-collector1,true,2,,static,-536870912,2

2020-02-06 19:07:06.026000+00:00,dr02,sg12,19,obt-collector1,true,1,,connected,-536870912,10

2020-02-06 19:07:14.211000+00:00,dr02,sg12,15,obt-collector1,true,2,,static,-536870912,10

2020-02-06 19:07:14.214000+00:00,dr02,sg12,16,obt-collector1,true,1,,connected,-536870912,2

2020-02-06 19:07:14.214000+00:00,dr02,sg12,16,obt-collector1,true,2,,static,-536870912,2

2020-02-06 19:07:14.220000+00:00,dr02,sg12,19,obt-collector1,true,1,,connected,-536870912,10

2020-02-06 19:07:38.876000+00:00,dr02,sg12,15,obt-collector1,true,2,,static,-536870912,10

2020-02-06 19:07:38.879000+00:00,dr02,sg12,16,obt-collector1,true,1,,connected,-536870912,2

2020-02-06 19:07:38.879000+00:00,dr02,sg12,16,obt-collector1,true,2,,static,-536870912,2

2020-02-06 19:07:38.885000+00:00,dr02,sg12,19,obt-collector1,true,1,,connected,-536870912,10

2020-02-06 19:07:49.031000+00:00,dr02,sg12,15,obt-collector1,true,2,,static,-536870912,10

2020-02-06 19:07:49.034000+00:00,dr02,sg12,16,obt-collector1,true,1,,connected,-536870912,2

2020-02-06 19:07:49.034000+00:00,dr02,sg12,16,obt-collector1,true,2,,static,-536870912,2

2020-02-06 19:07:49.039000+00:00,dr02,sg12,19,obt-collector1,true,1,,connected,-536870912,10

2020-02-06 19:07:57.260000+00:00,dr02,sg12,15,obt-collector1,true,2,,static,-536870912,10

2020-02-06 19:07:57.263000+00:00,dr02,sg12,16,obt-collector1,true,1,,connected,-536870912,2

2020-02-06 19:07:57.263000+00:00,dr02,sg12,16,obt-collector1,true,2,,static,-536870912,2

2020-02-06 19:07:57.269000+00:00,dr02,sg12,19,obt-collector1,true,1,,connected,-536870912,10

2020-02-06 19:08:05.411000+00:00,dr02,sg12,15,obt-collector1,true,2,,static,-536870912,10

2020-02-06 19:08:05.414000+00:00,dr02,sg12,16,obt-collector1,true,1,,connected,-536870912,2

2020-02-06 19:08:05.414000+00:00,dr02,sg12,16,obt-collector1,true,2,,static,-536870912,2

2020-02-06 19:08:05.420000+00:00,dr02,sg12,19,obt-collector1,true,1,,connected,-536870912,10

2020-02-06 19:08:38.440000+00:00,dr02,sg12,15,obt-collector1,true,2,,static,-536870912,10

2020-02-06 19:08:38.443000+00:00,dr02,sg12,16,obt-collector1,true,1,,connected,-536870912,2

2020-02-06 19:08:38.443000+00:00,dr02,sg12,16,obt-collector1,true,2,,static,-536870912,2

2020-02-06 19:08:38.449000+00:00,dr02,sg12,19,obt-collector1,true,1,,connected,-536870912,10

2020-02-06 19:08:55.520000+00:00,dr02,sg12,15,obt-collector1,true,2,,static,-536870912,10

2020-02-06 19:08:55.523000+00:00,dr02,sg12,16,obt-collector1,true,1,,connected,-536870912,2

2020-02-06 19:08:55.523000+00:00,dr02,sg12,16,obt-collector1,true,2,,static,-536870912,2

2020-02-06 19:08:55.529000+00:00,dr02,sg12,19,obt-collector1,true,1,,connected,-536870912,10

2020-02-06 19:09:20.033000+00:00,dr02,sg12,15,obt-collector1,true,2,,static,-536870912,10

2020-02-06 19:09:20.036000+00:00,dr02,sg12,16,obt-collector1,true,1,,connected,-536870912,2

2020-02-06 19:09:20.036000+00:00,dr02,sg12,16,obt-collector1,true,2,,static,-536870912,2

2020-02-06 19:09:20.042000+00:00,dr02,sg12,19,obt-collector1,true,1,,connected,-536870912,10

2020-02-06 19:10:36.136000+00:00,dr02,sg12,15,obt-collector1,true,2,,static,-536870912,10

2020-02-06 19:10:36.139000+00:00,dr02,sg12,16,obt-collector1,true,1,,connected,-536870912,2

2020-02-06 19:10:36.139000+00:00,dr02,sg12,16,obt-collector1,true,2,,static,-536870912,2

2020-02-06 19:10:36.145000+00:00,dr02,sg12,19,obt-collector1,true,1,,connected,-536870912,10

2020-02-06 19:10:44.356000+00:00,dr02,sg12,15,obt-collector1,true,2,,static,-536870912,10

2020-02-06 19:10:44.359000+00:00,dr02,sg12,16,obt-collector1,true,1,,connected,-536870912,2

2020-02-06 19:10:44.359000+00:00,dr02,sg12,16,obt-collector1,true,2,,static,-536870912,2

2020-02-06 19:10:44.365000+00:00,dr02,sg12,19,obt-collector1,true,1,,connected,-536870912,10

2020-02-06 19:10:54.807000+00:00,dr02,sg12,15,obt-collector1,true,2,,static,-536870912,10

2020-02-06 19:10:54.810000+00:00,dr02,sg12,16,obt-collector1,true,1,,connected,-536870912,2

2020-02-06 19:10:54.810000+00:00,dr02,sg12,16,obt-collector1,true,2,,static,-536870912,2

2020-02-06 19:10:54.816000+00:00,dr02,sg12,19,obt-collector1,true,1,,connected,-536870912,10

2020-02-06 19:11:11.233000+00:00,dr02,sg12,15,obt-collector1,true,2,,static,-536870912,10

2020-02-06 19:11:11.236000+00:00,dr02,sg12,16,obt-collector1,true,1,,connected,-536870912,2

2020-02-06 19:11:11.236000+00:00,dr02,sg12,16,obt-collector1,true,2,,static,-536870912,2

2020-02-06 19:11:11.242000+00:00,dr02,sg12,19,obt-collector1,true,1,,connected,-536870912,10

2020-02-06 19:11:27.642000+00:00,dr02,sg12,15,obt-collector1,true,2,,static,-536870912,10

2020-02-06 19:11:27.645000+00:00,dr02,sg12,16,obt-collector1,true,1,,connected,-536870912,2

2020-02-06 19:11:27.645000+00:00,dr02,sg12,16,obt-collector1,true,2,,static,-536870912,2

2020-02-06 19:11:27.651000+00:00,dr02,sg12,19,obt-collector1,true,1,,connected,-536870912,10

2020-02-06 19:11:45.294000+00:00,dr02,sg12,15,obt-collector1,true,2,,static,-536870912,10

2020-02-06 19:11:45.297000+00:00,dr02,sg12,16,obt-collector1,true,1,,connected,-536870912,2

2020-02-06 19:11:45.297000+00:00,dr02,sg12,16,obt-collector1,true,2,,static,-536870912,2

2020-02-06 19:11:45.303000+00:00,dr02,sg12,19,obt-collector1,true,1,,connected,-536870912,10

2020-02-06 19:11:53.517000+00:00,dr02,sg12,15,obt-collector1,true,2,,static,-536870912,10

2020-02-06 19:11:53.520000+00:00,dr02,sg12,16,obt-collector1,true,1,,connected,-536870912,2

2020-02-06 19:11:53.520000+00:00,dr02,sg12,16,obt-collector1,true,2,,static,-536870912,2

2020-02-06 19:11:53.526000+00:00,dr02,sg12,19,obt-collector1,true,1,,connected,-536870912,10

2020-02-06 19:12:26.358000+00:00,dr02,sg12,15,obt-collector1,true,2,,static,-536870912,10

2020-02-06 19:12:26.361000+00:00,dr02,sg12,16,obt-collector1,true,1,,connected,-536870912,2

2020-02-06 19:12:26.361000+00:00,dr02,sg12,16,obt-collector1,true,2,,static,-536870912,2

2020-02-06 19:12:26.367000+00:00,dr02,sg12,19,obt-collector1,true,1,,connected,-536870912,10

2020-02-06 19:13:01.416000+00:00,dr02,sg12,15,obt-collector1,true,2,,static,-536870912,10

2020-02-06 19:13:01.419000+00:00,dr02,sg12,16,obt-collector1,true,1,,connected,-536870912,2

2020-02-06 19:13:01.419000+00:00,dr02,sg12,16,obt-collector1,true,2,,static,-536870912,2

2020-02-06 19:13:01.426000+00:00,dr02,sg12,19,obt-collector1,true,1,,connected,-536870912,10

2020-02-06 19:13:42.298000+00:00,dr02,sg12,15,obt-collector1,true,2,,static,-536870912,10

2020-02-06 19:13:42.301000+00:00,dr02,sg12,16,obt-collector1,true,1,,connected,-536870912,2

2020-02-06 19:13:42.301000+00:00,dr02,sg12,16,obt-collector1,true,2,,static,-536870912,2

2020-02-06 19:13:42.307000+00:00,dr02,sg12,19,obt-collector1,true,1,,connected,-536870912,10

2020-02-06 19:14:00.954000+00:00,dr02,sg12,15,obt-collector1,true,2,,static,-536870912,10

2020-02-06 19:14:00.956000+00:00,dr02,sg12,16,obt-collector1,true,1,,connected,-536870912,2

2020-02-06 19:14:00.956000+00:00,dr02,sg12,16,obt-collector1,true,2,,static,-536870912,2

2020-02-06 19:14:00.962000+00:00,dr02,sg12,19,obt-collector1,true,1,,connected,-536870912,10

2020-02-06 19:14:25.566000+00:00,dr02,sg12,15,obt-collector1,true,2,,static,-536870912,10

2020-02-06 19:14:25.569000+00:00,dr02,sg12,16,obt-collector1,true,1,,connected,-536870912,2

2020-02-06 19:14:25.569000+00:00,dr02,sg12,16,obt-collector1,true,2,,static,-536870912,2

2020-02-06 19:14:25.575000+00:00,dr02,sg12,19,obt-collector1,true,1,,connected,-536870912,10

2020-02-06 19:14:41.885000+00:00,dr02,sg12,15,obt-collector1,true,2,,static,-536870912,10

2020-02-06 19:14:41.888000+00:00,dr02,sg12,16,obt-collector1,true,1,,connected,-536870912,2

2020-02-06 19:14:41.888000+00:00,dr02,sg12,16,obt-collector1,true,2,,static,-536870912,2

2020-02-06 19:14:41.894000+00:00,dr02,sg12,19,obt-collector1,true,1,,connected,-536870912,10

2020-02-06 19:14:58.319000+00:00,dr02,sg12,15,obt-collector1,true,2,,static,-536870912,10

2020-02-06 19:14:58.322000+00:00,dr02,sg12,16,obt-collector1,true,1,,connected,-536870912,2

2020-02-06 19:14:58.322000+00:00,dr02,sg12,16,obt-collector1,true,2,,static,-536870912,2

2020-02-06 19:14:58.327000+00:00,dr02,sg12,19,obt-collector1,true,1,,connected,-536870912,10

2020-02-06 19:15:23.524000+00:00,dr02,sg12,15,obt-collector1,true,2,,static,-536870912,10

2020-02-06 19:15:23.527000+00:00,dr02,sg12,16,obt-collector1,true,1,,connected,-536870912,2

2020-02-06 19:15:23.527000+00:00,dr02,sg12,16,obt-collector1,true,2,,static,-536870912,2

2020-02-06 19:15:23.533000+00:00,dr02,sg12,19,obt-collector1,true,1,,connected,-536870912,10

2020-02-06 19:15:31.750000+00:00,dr02,sg12,15,obt-collector1,true,2,,static,-536870912,10

2020-02-06 19:15:31.752000+00:00,dr02,sg12,16,obt-collector1,true,1,,connected,-536870912,2

2020-02-06 19:15:31.752000+00:00,dr02,sg12,16,obt-collector1,true,2,,static,-536870912,2

2020-02-06 19:15:31.758000+00:00,dr02,sg12,19,obt-collector1,true,1,,connected,-536870912,10

2020-02-06 19:15:39.957000+00:00,dr02,sg12,15,obt-collector1,true,2,,static,-536870912,10

2020-02-06 19:15:39.960000+00:00,dr02,sg12,16,obt-collector1,true,1,,connected,-536870912,2

2020-02-06 19:15:39.960000+00:00,dr02,sg12,16,obt-collector1,true,2,,static,-536870912,2

2020-02-06 19:15:39.967000+00:00,dr02,sg12,19,obt-collector1,true,1,,connected,-536870912,10

2020-02-06 19:15:48.154000+00:00,dr02,sg12,15,obt-collector1,true,2,,static,-536870912,10

2020-02-06 19:15:48.157000+00:00,dr02,sg12,16,obt-collector1,true,1,,connected,-536870912,2

2020-02-06 19:15:48.157000+00:00,dr02,sg12,16,obt-collector1,true,2,,static,-536870912,2

2020-02-06 19:15:48.163000+00:00,dr02,sg12,19,obt-collector1,true,1,,connected,-536870912,10

2020-02-06 19:15:56.362000+00:00,dr02,sg12,15,obt-collector1,true,2,,static,-536870912,10

2020-02-06 19:15:56.365000+00:00,dr02,sg12,16,obt-collector1,true,1,,connected,-536870912,2

2020-02-06 19:15:56.365000+00:00,dr02,sg12,16,obt-collector1,true,2,,static,-536870912,2

2020-02-06 19:15:56.371000+00:00,dr02,sg12,19,obt-collector1,true,1,,connected,-536870912,10

2020-02-06 19:17:04.231000+00:00,dr02,sg12,15,obt-collector1,true,2,,static,-536870912,10

2020-02-06 19:17:04.234000+00:00,dr02,sg12,16,obt-collector1,true,1,,connected,-536870912,2

2020-02-06 19:17:04.234000+00:00,dr02,sg12,16,obt-collector1,true,2,,static,-536870912,2

2020-02-06 19:17:04.240000+00:00,dr02,sg12,19,obt-collector1,true,1,,connected,-536870912,10

2020-02-06 19:18:28.537000+00:00,dr02,sg12,15,obt-collector1,true,2,,static,-536870912,10

2020-02-06 19:18:28.540000+00:00,dr02,sg12,16,obt-collector1,true,1,,connected,-536870912,2

2020-02-06 19:18:28.540000+00:00,dr02,sg12,16,obt-collector1,true,2,,static,-536870912,2

2020-02-06 19:18:28.546000+00:00,dr02,sg12,19,obt-collector1,true,1,,connected,-536870912,10

2020-02-06 19:18:44.960000+00:00,dr02,sg12,15,obt-collector1,true,2,,static,-536870912,10

2020-02-06 19:18:44.963000+00:00,dr02,sg12,16,obt-collector1,true,1,,connected,-536870912,2

2020-02-06 19:18:44.963000+00:00,dr02,sg12,16,obt-collector1,true,2,,static,-536870912,2

2020-02-06 19:18:44.969000+00:00,dr02,sg12,19,obt-collector1,true,1,,connected,-536870912,10

