,Producer,Target,common-info/count,host,node-name,total-counters/array-number-of-object/num-objects,total-counters/array-number-of-object/object-type,total-counters/array-number-of-retry/num-retries,total-counters/array-number-of-retry/retry-object-type,total-counters/num-retry-ojbects,total-counters/num-retry-timeouts

2020-02-06 19:05:05.138000+00:00,dr02,sg4,0,obt-collector1,0/0/CPU0,0,DATA_TYPE_ENCAP_ID,0,,0,448

2020-02-06 19:05:05.141000+00:00,dr02,sg4,0,obt-collector1,0/1/CPU0,0,DATA_TYPE_ENCAP_ID,0,,0,176

2020-02-06 19:05:05.143000+00:00,dr02,sg4,0,obt-collector1,0/RP0/CPU0,0,DATA_TYPE_ENCAP_ID,0,,0,1438

2020-02-06 19:06:55.372000+00:00,dr02,sg4,0,obt-collector1,0/0/CPU0,0,DATA_TYPE_ENCAP_ID,0,,0,448

2020-02-06 19:06:55.376000+00:00,dr02,sg4,0,obt-collector1,0/1/CPU0,0,DATA_TYPE_ENCAP_ID,0,,0,176

2020-02-06 19:06:55.378000+00:00,dr02,sg4,0,obt-collector1,0/RP0/CPU0,0,DATA_TYPE_ENCAP_ID,0,,0,1438

2020-02-06 19:07:11.798000+00:00,dr02,sg4,0,obt-collector1,0/0/CPU0,0,DATA_TYPE_ENCAP_ID,0,,0,448

2020-02-06 19:07:11.801000+00:00,dr02,sg4,0,obt-collector1,0/1/CPU0,0,DATA_TYPE_ENCAP_ID,0,,0,176

2020-02-06 19:07:11.803000+00:00,dr02,sg4,0,obt-collector1,0/RP0/CPU0,0,DATA_TYPE_ENCAP_ID,0,,0,1438

2020-02-06 19:08:11.311000+00:00,dr02,sg4,0,obt-collector1,0/0/CPU0,0,DATA_TYPE_ENCAP_ID,0,,0,448

2020-02-06 19:08:11.314000+00:00,dr02,sg4,0,obt-collector1,0/1/CPU0,0,DATA_TYPE_ENCAP_ID,0,,0,176

2020-02-06 19:08:11.316000+00:00,dr02,sg4,0,obt-collector1,0/RP0/CPU0,0,DATA_TYPE_ENCAP_ID,0,,0,1438

2020-02-06 19:09:52.507000+00:00,dr02,sg4,0,obt-collector1,0/0/CPU0,0,DATA_TYPE_ENCAP_ID,0,,0,448

2020-02-06 19:09:52.509000+00:00,dr02,sg4,0,obt-collector1,0/1/CPU0,0,DATA_TYPE_ENCAP_ID,0,,0,176

2020-02-06 19:09:52.511000+00:00,dr02,sg4,0,obt-collector1,0/RP0/CPU0,0,DATA_TYPE_ENCAP_ID,0,,0,1438

2020-02-06 19:10:17.236000+00:00,dr02,sg4,0,obt-collector1,0/0/CPU0,0,DATA_TYPE_ENCAP_ID,0,,0,448

2020-02-06 19:10:17.239000+00:00,dr02,sg4,0,obt-collector1,0/1/CPU0,0,DATA_TYPE_ENCAP_ID,0,,0,176

2020-02-06 19:10:17.241000+00:00,dr02,sg4,0,obt-collector1,0/RP0/CPU0,0,DATA_TYPE_ENCAP_ID,0,,0,1438

2020-02-06 19:10:25.467000+00:00,dr02,sg4,0,obt-collector1,0/0/CPU0,0,DATA_TYPE_ENCAP_ID,0,,0,448

2020-02-06 19:10:25.469000+00:00,dr02,sg4,0,obt-collector1,0/1/CPU0,0,DATA_TYPE_ENCAP_ID,0,,0,176

2020-02-06 19:10:25.472000+00:00,dr02,sg4,0,obt-collector1,0/RP0/CPU0,0,DATA_TYPE_ENCAP_ID,0,,0,1438

2020-02-06 19:11:08.854000+00:00,dr02,sg4,0,obt-collector1,0/0/CPU0,0,DATA_TYPE_ENCAP_ID,0,,0,448

2020-02-06 19:11:08.857000+00:00,dr02,sg4,0,obt-collector1,0/1/CPU0,0,DATA_TYPE_ENCAP_ID,0,,0,176

2020-02-06 19:11:08.860000+00:00,dr02,sg4,0,obt-collector1,0/RP0/CPU0,0,DATA_TYPE_ENCAP_ID,0,,0,1438

2020-02-06 19:11:51.060000+00:00,dr02,sg4,0,obt-collector1,0/0/CPU0,0,DATA_TYPE_ENCAP_ID,0,,0,448

2020-02-06 19:11:51.063000+00:00,dr02,sg4,0,obt-collector1,0/1/CPU0,0,DATA_TYPE_ENCAP_ID,0,,0,176

2020-02-06 19:11:51.065000+00:00,dr02,sg4,0,obt-collector1,0/RP0/CPU0,0,DATA_TYPE_ENCAP_ID,0,,0,1438

2020-02-06 19:12:15.772000+00:00,dr02,sg4,0,obt-collector1,0/0/CPU0,0,DATA_TYPE_ENCAP_ID,0,,0,448

2020-02-06 19:12:15.774000+00:00,dr02,sg4,0,obt-collector1,0/1/CPU0,0,DATA_TYPE_ENCAP_ID,0,,0,176

2020-02-06 19:12:15.776000+00:00,dr02,sg4,0,obt-collector1,0/RP0/CPU0,0,DATA_TYPE_ENCAP_ID,0,,0,1438

2020-02-06 19:12:40.238000+00:00,dr02,sg4,0,obt-collector1,0/0/CPU0,0,DATA_TYPE_ENCAP_ID,0,,0,448

2020-02-06 19:12:40.241000+00:00,dr02,sg4,0,obt-collector1,0/1/CPU0,0,DATA_TYPE_ENCAP_ID,0,,0,176

2020-02-06 19:12:40.243000+00:00,dr02,sg4,0,obt-collector1,0/RP0/CPU0,0,DATA_TYPE_ENCAP_ID,0,,0,1438

2020-02-06 19:12:58.996000+00:00,dr02,sg4,0,obt-collector1,0/0/CPU0,0,DATA_TYPE_ENCAP_ID,0,,0,448

2020-02-06 19:12:58.998000+00:00,dr02,sg4,0,obt-collector1,0/1/CPU0,0,DATA_TYPE_ENCAP_ID,0,,0,176

2020-02-06 19:12:59+00:00,dr02,sg4,0,obt-collector1,0/RP0/CPU0,0,DATA_TYPE_ENCAP_ID,0,,0,1438

2020-02-06 19:13:15.301000+00:00,dr02,sg4,0,obt-collector1,0/0/CPU0,0,DATA_TYPE_ENCAP_ID,0,,0,448

2020-02-06 19:13:15.305000+00:00,dr02,sg4,0,obt-collector1,0/1/CPU0,0,DATA_TYPE_ENCAP_ID,0,,0,176

2020-02-06 19:13:15.307000+00:00,dr02,sg4,0,obt-collector1,0/RP0/CPU0,0,DATA_TYPE_ENCAP_ID,0,,0,1438

2020-02-06 19:13:31.650000+00:00,dr02,sg4,0,obt-collector1,0/0/CPU0,0,DATA_TYPE_ENCAP_ID,0,,0,448

2020-02-06 19:13:31.652000+00:00,dr02,sg4,0,obt-collector1,0/1/CPU0,0,DATA_TYPE_ENCAP_ID,0,,0,176

2020-02-06 19:13:31.655000+00:00,dr02,sg4,0,obt-collector1,0/RP0/CPU0,0,DATA_TYPE_ENCAP_ID,0,,0,1438

2020-02-06 19:13:58.583000+00:00,dr02,sg4,0,obt-collector1,0/0/CPU0,0,DATA_TYPE_ENCAP_ID,0,,0,448

2020-02-06 19:13:58.585000+00:00,dr02,sg4,0,obt-collector1,0/1/CPU0,0,DATA_TYPE_ENCAP_ID,0,,0,176

2020-02-06 19:13:58.588000+00:00,dr02,sg4,0,obt-collector1,0/RP0/CPU0,0,DATA_TYPE_ENCAP_ID,0,,0,1438

2020-02-06 19:14:06.697000+00:00,dr02,sg4,0,obt-collector1,0/0/CPU0,0,DATA_TYPE_ENCAP_ID,0,,0,448

2020-02-06 19:14:06.701000+00:00,dr02,sg4,0,obt-collector1,0/1/CPU0,0,DATA_TYPE_ENCAP_ID,0,,0,176

2020-02-06 19:14:06.704000+00:00,dr02,sg4,0,obt-collector1,0/RP0/CPU0,0,DATA_TYPE_ENCAP_ID,0,,0,1438

2020-02-06 19:14:14.985000+00:00,dr02,sg4,0,obt-collector1,0/0/CPU0,0,DATA_TYPE_ENCAP_ID,0,,0,448

2020-02-06 19:14:14.987000+00:00,dr02,sg4,0,obt-collector1,0/1/CPU0,0,DATA_TYPE_ENCAP_ID,0,,0,176

2020-02-06 19:14:14.990000+00:00,dr02,sg4,0,obt-collector1,0/RP0/CPU0,0,DATA_TYPE_ENCAP_ID,0,,0,1438

2020-02-06 19:14:23.151000+00:00,dr02,sg4,0,obt-collector1,0/0/CPU0,0,DATA_TYPE_ENCAP_ID,0,,0,448

2020-02-06 19:14:23.153000+00:00,dr02,sg4,0,obt-collector1,0/1/CPU0,0,DATA_TYPE_ENCAP_ID,0,,0,176

2020-02-06 19:14:23.156000+00:00,dr02,sg4,0,obt-collector1,0/RP0/CPU0,0,DATA_TYPE_ENCAP_ID,0,,0,1438

2020-02-06 19:14:31.304000+00:00,dr02,sg4,0,obt-collector1,0/0/CPU0,0,DATA_TYPE_ENCAP_ID,0,,0,448

2020-02-06 19:14:31.306000+00:00,dr02,sg4,0,obt-collector1,0/1/CPU0,0,DATA_TYPE_ENCAP_ID,0,,0,176

2020-02-06 19:14:31.308000+00:00,dr02,sg4,0,obt-collector1,0/RP0/CPU0,0,DATA_TYPE_ENCAP_ID,0,,0,1438

2020-02-06 19:14:39.463000+00:00,dr02,sg4,0,obt-collector1,0/0/CPU0,0,DATA_TYPE_ENCAP_ID,0,,0,448

2020-02-06 19:14:39.466000+00:00,dr02,sg4,0,obt-collector1,0/1/CPU0,0,DATA_TYPE_ENCAP_ID,0,,0,176

2020-02-06 19:14:39.468000+00:00,dr02,sg4,0,obt-collector1,0/RP0/CPU0,0,DATA_TYPE_ENCAP_ID,0,,0,1438

2020-02-06 19:15:04.772000+00:00,dr02,sg4,0,obt-collector1,0/0/CPU0,0,DATA_TYPE_ENCAP_ID,0,,0,448

2020-02-06 19:15:04.775000+00:00,dr02,sg4,0,obt-collector1,0/1/CPU0,0,DATA_TYPE_ENCAP_ID,0,,0,176

2020-02-06 19:15:04.777000+00:00,dr02,sg4,0,obt-collector1,0/RP0/CPU0,0,DATA_TYPE_ENCAP_ID,0,,0,1438

2020-02-06 19:15:21.135000+00:00,dr02,sg4,0,obt-collector1,0/0/CPU0,0,DATA_TYPE_ENCAP_ID,0,,0,448

2020-02-06 19:15:21.137000+00:00,dr02,sg4,0,obt-collector1,0/1/CPU0,0,DATA_TYPE_ENCAP_ID,0,,0,176

2020-02-06 19:15:21.139000+00:00,dr02,sg4,0,obt-collector1,0/RP0/CPU0,0,DATA_TYPE_ENCAP_ID,0,,0,1438

2020-02-06 19:15:45.715000+00:00,dr02,sg4,0,obt-collector1,0/0/CPU0,0,DATA_TYPE_ENCAP_ID,0,,0,448

2020-02-06 19:15:45.718000+00:00,dr02,sg4,0,obt-collector1,0/1/CPU0,0,DATA_TYPE_ENCAP_ID,0,,0,176

2020-02-06 19:15:45.720000+00:00,dr02,sg4,0,obt-collector1,0/RP0/CPU0,0,DATA_TYPE_ENCAP_ID,0,,0,1438

2020-02-06 19:17:18.116000+00:00,dr02,sg4,0,obt-collector1,0/0/CPU0,0,DATA_TYPE_ENCAP_ID,0,,0,448

2020-02-06 19:17:18.120000+00:00,dr02,sg4,0,obt-collector1,0/1/CPU0,0,DATA_TYPE_ENCAP_ID,0,,0,176

2020-02-06 19:17:18.123000+00:00,dr02,sg4,0,obt-collector1,0/RP0/CPU0,0,DATA_TYPE_ENCAP_ID,0,,0,1438

2020-02-06 19:17:34.669000+00:00,dr02,sg4,0,obt-collector1,0/0/CPU0,0,DATA_TYPE_ENCAP_ID,0,,0,448

2020-02-06 19:17:34.673000+00:00,dr02,sg4,0,obt-collector1,0/1/CPU0,0,DATA_TYPE_ENCAP_ID,0,,0,176

2020-02-06 19:17:34.675000+00:00,dr02,sg4,0,obt-collector1,0/RP0/CPU0,0,DATA_TYPE_ENCAP_ID,0,,0,1438

2020-02-06 19:18:34.317000+00:00,dr02,sg4,0,obt-collector1,0/0/CPU0,0,DATA_TYPE_ENCAP_ID,0,,0,448

2020-02-06 19:18:34.320000+00:00,dr02,sg4,0,obt-collector1,0/1/CPU0,0,DATA_TYPE_ENCAP_ID,0,,0,176

2020-02-06 19:18:34.322000+00:00,dr02,sg4,0,obt-collector1,0/RP0/CPU0,0,DATA_TYPE_ENCAP_ID,0,,0,1438

