,Producer,Target,brief/name,brief/name-xr,brief/node-id,brief/session-count,client-name,flags/is-recreate-state,flags/is-zombie-state,host,recreate-time

2020-02-06 19:05:08.475000+00:00,dr02,sg1,,MPLS-TE,0/RP0/CPU0,0,MPLS-TEnode0_RP0_CPU0,0,0,obt-collector1,180

2020-02-06 19:05:08.475000+00:00,dr02,sg1,,bundlemgr_distrib,0/RP0/CPU0,0,bundlemgr_distribnode0_RP0_CPU0,0,0,obt-collector1,60

2020-02-06 19:05:08.475000+00:00,dr02,sg1,,XTC,0/RP0/CPU0,0,XTCnode0_RP0_CPU0,0,0,obt-collector1,180

2020-02-06 19:05:08.475000+00:00,dr02,sg1,,L2VPN_ATOM,0/RP0/CPU0,0,L2VPN_ATOMnode0_RP0_CPU0,0,0,obt-collector1,120

2020-02-06 19:05:08.475000+00:00,dr02,sg1,,bgp-default,0/RP0/CPU0,36,bgp-defaultnode0_RP0_CPU0,0,0,obt-collector1,60

2020-02-06 19:05:08.476000+00:00,dr02,sg1,,object_tracking,0/RP0/CPU0,0,object_trackingnode0_RP0_CPU0,0,0,obt-collector1,199

2020-02-06 19:05:08.476000+00:00,dr02,sg1,,ipv4_static,0/RP0/CPU0,0,ipv4_staticnode0_RP0_CPU0,0,0,obt-collector1,60

2020-02-06 19:05:08.476000+00:00,dr02,sg1,,isis-SAIN,0/RP0/CPU0,0,isis-SAINnode0_RP0_CPU0,0,0,obt-collector1,60

2020-02-06 19:05:08.476000+00:00,dr02,sg1,,pim,0/RP0/CPU0,0,pimnode0_RP0_CPU0,0,0,obt-collector1,199

2020-02-06 19:05:08.476000+00:00,dr02,sg1,,pim6,0/RP0/CPU0,0,pim6node0_RP0_CPU0,0,0,obt-collector1,199

2020-02-06 19:05:33.049000+00:00,dr02,sg1,,bgp-default,0/RP0/CPU0,36,bgp-defaultnode0_RP0_CPU0,0,0,obt-collector1,60

2020-02-06 19:05:33.049000+00:00,dr02,sg1,,MPLS-TE,0/RP0/CPU0,0,MPLS-TEnode0_RP0_CPU0,0,0,obt-collector1,180

2020-02-06 19:05:33.049000+00:00,dr02,sg1,,L2VPN_ATOM,0/RP0/CPU0,0,L2VPN_ATOMnode0_RP0_CPU0,0,0,obt-collector1,120

2020-02-06 19:05:33.049000+00:00,dr02,sg1,,XTC,0/RP0/CPU0,0,XTCnode0_RP0_CPU0,0,0,obt-collector1,180

2020-02-06 19:05:33.049000+00:00,dr02,sg1,,bundlemgr_distrib,0/RP0/CPU0,0,bundlemgr_distribnode0_RP0_CPU0,0,0,obt-collector1,60

2020-02-06 19:05:33.050000+00:00,dr02,sg1,,pim6,0/RP0/CPU0,0,pim6node0_RP0_CPU0,0,0,obt-collector1,199

2020-02-06 19:05:33.050000+00:00,dr02,sg1,,ipv4_static,0/RP0/CPU0,0,ipv4_staticnode0_RP0_CPU0,0,0,obt-collector1,60

2020-02-06 19:05:33.050000+00:00,dr02,sg1,,pim,0/RP0/CPU0,0,pimnode0_RP0_CPU0,0,0,obt-collector1,199

2020-02-06 19:05:33.050000+00:00,dr02,sg1,,object_tracking,0/RP0/CPU0,0,object_trackingnode0_RP0_CPU0,0,0,obt-collector1,199

2020-02-06 19:05:33.050000+00:00,dr02,sg1,,isis-SAIN,0/RP0/CPU0,0,isis-SAINnode0_RP0_CPU0,0,0,obt-collector1,60

2020-02-06 19:06:06.606000+00:00,dr02,sg1,,bundlemgr_distrib,0/RP0/CPU0,0,bundlemgr_distribnode0_RP0_CPU0,0,0,obt-collector1,60

2020-02-06 19:06:06.606000+00:00,dr02,sg1,,isis-SAIN,0/RP0/CPU0,0,isis-SAINnode0_RP0_CPU0,0,0,obt-collector1,60

2020-02-06 19:06:06.606000+00:00,dr02,sg1,,bgp-default,0/RP0/CPU0,36,bgp-defaultnode0_RP0_CPU0,0,0,obt-collector1,60

2020-02-06 19:06:06.606000+00:00,dr02,sg1,,XTC,0/RP0/CPU0,0,XTCnode0_RP0_CPU0,0,0,obt-collector1,180

2020-02-06 19:06:06.606000+00:00,dr02,sg1,,ipv4_static,0/RP0/CPU0,0,ipv4_staticnode0_RP0_CPU0,0,0,obt-collector1,60

2020-02-06 19:06:06.606000+00:00,dr02,sg1,,L2VPN_ATOM,0/RP0/CPU0,0,L2VPN_ATOMnode0_RP0_CPU0,0,0,obt-collector1,120

2020-02-06 19:06:06.606000+00:00,dr02,sg1,,MPLS-TE,0/RP0/CPU0,0,MPLS-TEnode0_RP0_CPU0,0,0,obt-collector1,180

2020-02-06 19:06:06.607000+00:00,dr02,sg1,,pim6,0/RP0/CPU0,0,pim6node0_RP0_CPU0,0,0,obt-collector1,199

2020-02-06 19:06:06.607000+00:00,dr02,sg1,,object_tracking,0/RP0/CPU0,0,object_trackingnode0_RP0_CPU0,0,0,obt-collector1,199

2020-02-06 19:06:06.607000+00:00,dr02,sg1,,pim,0/RP0/CPU0,0,pimnode0_RP0_CPU0,0,0,obt-collector1,199

2020-02-06 19:06:14.797000+00:00,dr02,sg1,,MPLS-TE,0/RP0/CPU0,0,MPLS-TEnode0_RP0_CPU0,0,0,obt-collector1,180

2020-02-06 19:06:14.797000+00:00,dr02,sg1,,L2VPN_ATOM,0/RP0/CPU0,0,L2VPN_ATOMnode0_RP0_CPU0,0,0,obt-collector1,120

2020-02-06 19:06:14.797000+00:00,dr02,sg1,,bundlemgr_distrib,0/RP0/CPU0,0,bundlemgr_distribnode0_RP0_CPU0,0,0,obt-collector1,60

2020-02-06 19:06:14.797000+00:00,dr02,sg1,,bgp-default,0/RP0/CPU0,36,bgp-defaultnode0_RP0_CPU0,0,0,obt-collector1,60

2020-02-06 19:06:14.797000+00:00,dr02,sg1,,XTC,0/RP0/CPU0,0,XTCnode0_RP0_CPU0,0,0,obt-collector1,180

2020-02-06 19:06:14.798000+00:00,dr02,sg1,,pim,0/RP0/CPU0,0,pimnode0_RP0_CPU0,0,0,obt-collector1,199

2020-02-06 19:06:14.798000+00:00,dr02,sg1,,object_tracking,0/RP0/CPU0,0,object_trackingnode0_RP0_CPU0,0,0,obt-collector1,199

2020-02-06 19:06:14.798000+00:00,dr02,sg1,,isis-SAIN,0/RP0/CPU0,0,isis-SAINnode0_RP0_CPU0,0,0,obt-collector1,60

2020-02-06 19:06:14.798000+00:00,dr02,sg1,,ipv4_static,0/RP0/CPU0,0,ipv4_staticnode0_RP0_CPU0,0,0,obt-collector1,60

2020-02-06 19:06:14.798000+00:00,dr02,sg1,,pim6,0/RP0/CPU0,0,pim6node0_RP0_CPU0,0,0,obt-collector1,199

2020-02-06 19:06:58.625000+00:00,dr02,sg1,,XTC,0/RP0/CPU0,0,XTCnode0_RP0_CPU0,0,0,obt-collector1,180

2020-02-06 19:06:58.625000+00:00,dr02,sg1,,L2VPN_ATOM,0/RP0/CPU0,0,L2VPN_ATOMnode0_RP0_CPU0,0,0,obt-collector1,120

2020-02-06 19:06:58.625000+00:00,dr02,sg1,,bgp-default,0/RP0/CPU0,36,bgp-defaultnode0_RP0_CPU0,0,0,obt-collector1,60

2020-02-06 19:06:58.625000+00:00,dr02,sg1,,MPLS-TE,0/RP0/CPU0,0,MPLS-TEnode0_RP0_CPU0,0,0,obt-collector1,180

2020-02-06 19:06:58.626000+00:00,dr02,sg1,,pim6,0/RP0/CPU0,0,pim6node0_RP0_CPU0,0,0,obt-collector1,199

2020-02-06 19:06:58.626000+00:00,dr02,sg1,,pim,0/RP0/CPU0,0,pimnode0_RP0_CPU0,0,0,obt-collector1,199

2020-02-06 19:06:58.626000+00:00,dr02,sg1,,ipv4_static,0/RP0/CPU0,0,ipv4_staticnode0_RP0_CPU0,0,0,obt-collector1,60

2020-02-06 19:06:58.626000+00:00,dr02,sg1,,isis-SAIN,0/RP0/CPU0,0,isis-SAINnode0_RP0_CPU0,0,0,obt-collector1,60

2020-02-06 19:06:58.626000+00:00,dr02,sg1,,bundlemgr_distrib,0/RP0/CPU0,0,bundlemgr_distribnode0_RP0_CPU0,0,0,obt-collector1,60

2020-02-06 19:06:58.626000+00:00,dr02,sg1,,object_tracking,0/RP0/CPU0,0,object_trackingnode0_RP0_CPU0,0,0,obt-collector1,199

2020-02-06 19:07:15.054000+00:00,dr02,sg1,,L2VPN_ATOM,0/RP0/CPU0,0,L2VPN_ATOMnode0_RP0_CPU0,0,0,obt-collector1,120

2020-02-06 19:07:15.055000+00:00,dr02,sg1,,object_tracking,0/RP0/CPU0,0,object_trackingnode0_RP0_CPU0,0,0,obt-collector1,199

2020-02-06 19:07:15.055000+00:00,dr02,sg1,,bundlemgr_distrib,0/RP0/CPU0,0,bundlemgr_distribnode0_RP0_CPU0,0,0,obt-collector1,60

2020-02-06 19:07:15.055000+00:00,dr02,sg1,,MPLS-TE,0/RP0/CPU0,0,MPLS-TEnode0_RP0_CPU0,0,0,obt-collector1,180

2020-02-06 19:07:15.055000+00:00,dr02,sg1,,XTC,0/RP0/CPU0,0,XTCnode0_RP0_CPU0,0,0,obt-collector1,180

2020-02-06 19:07:15.055000+00:00,dr02,sg1,,bgp-default,0/RP0/CPU0,36,bgp-defaultnode0_RP0_CPU0,0,0,obt-collector1,60

2020-02-06 19:07:15.055000+00:00,dr02,sg1,,pim6,0/RP0/CPU0,0,pim6node0_RP0_CPU0,0,0,obt-collector1,199

2020-02-06 19:07:15.055000+00:00,dr02,sg1,,isis-SAIN,0/RP0/CPU0,0,isis-SAINnode0_RP0_CPU0,0,0,obt-collector1,60

2020-02-06 19:07:15.055000+00:00,dr02,sg1,,pim,0/RP0/CPU0,0,pimnode0_RP0_CPU0,0,0,obt-collector1,199

2020-02-06 19:07:15.055000+00:00,dr02,sg1,,ipv4_static,0/RP0/CPU0,0,ipv4_staticnode0_RP0_CPU0,0,0,obt-collector1,60

2020-02-06 19:07:23.249000+00:00,dr02,sg1,,XTC,0/RP0/CPU0,0,XTCnode0_RP0_CPU0,0,0,obt-collector1,180

2020-02-06 19:07:23.249000+00:00,dr02,sg1,,ipv4_static,0/RP0/CPU0,0,ipv4_staticnode0_RP0_CPU0,0,0,obt-collector1,60

2020-02-06 19:07:23.249000+00:00,dr02,sg1,,bundlemgr_distrib,0/RP0/CPU0,0,bundlemgr_distribnode0_RP0_CPU0,0,0,obt-collector1,60

2020-02-06 19:07:23.249000+00:00,dr02,sg1,,L2VPN_ATOM,0/RP0/CPU0,0,L2VPN_ATOMnode0_RP0_CPU0,0,0,obt-collector1,120

2020-02-06 19:07:23.249000+00:00,dr02,sg1,,MPLS-TE,0/RP0/CPU0,0,MPLS-TEnode0_RP0_CPU0,0,0,obt-collector1,180

2020-02-06 19:07:23.249000+00:00,dr02,sg1,,bgp-default,0/RP0/CPU0,36,bgp-defaultnode0_RP0_CPU0,0,0,obt-collector1,60

2020-02-06 19:07:23.250000+00:00,dr02,sg1,,pim,0/RP0/CPU0,0,pimnode0_RP0_CPU0,0,0,obt-collector1,199

2020-02-06 19:07:23.250000+00:00,dr02,sg1,,object_tracking,0/RP0/CPU0,0,object_trackingnode0_RP0_CPU0,0,0,obt-collector1,199

2020-02-06 19:07:23.250000+00:00,dr02,sg1,,isis-SAIN,0/RP0/CPU0,0,isis-SAINnode0_RP0_CPU0,0,0,obt-collector1,60

2020-02-06 19:07:23.250000+00:00,dr02,sg1,,pim6,0/RP0/CPU0,0,pim6node0_RP0_CPU0,0,0,obt-collector1,199

2020-02-06 19:07:39.707000+00:00,dr02,sg1,,bgp-default,0/RP0/CPU0,36,bgp-defaultnode0_RP0_CPU0,0,0,obt-collector1,60

2020-02-06 19:07:39.707000+00:00,dr02,sg1,,MPLS-TE,0/RP0/CPU0,0,MPLS-TEnode0_RP0_CPU0,0,0,obt-collector1,180

2020-02-06 19:07:39.707000+00:00,dr02,sg1,,XTC,0/RP0/CPU0,0,XTCnode0_RP0_CPU0,0,0,obt-collector1,180

2020-02-06 19:07:39.707000+00:00,dr02,sg1,,bundlemgr_distrib,0/RP0/CPU0,0,bundlemgr_distribnode0_RP0_CPU0,0,0,obt-collector1,60

2020-02-06 19:07:39.707000+00:00,dr02,sg1,,ipv4_static,0/RP0/CPU0,0,ipv4_staticnode0_RP0_CPU0,0,0,obt-collector1,60

2020-02-06 19:07:39.707000+00:00,dr02,sg1,,L2VPN_ATOM,0/RP0/CPU0,0,L2VPN_ATOMnode0_RP0_CPU0,0,0,obt-collector1,120

2020-02-06 19:07:39.708000+00:00,dr02,sg1,,isis-SAIN,0/RP0/CPU0,0,isis-SAINnode0_RP0_CPU0,0,0,obt-collector1,60

2020-02-06 19:07:39.708000+00:00,dr02,sg1,,pim6,0/RP0/CPU0,0,pim6node0_RP0_CPU0,0,0,obt-collector1,199

2020-02-06 19:07:39.708000+00:00,dr02,sg1,,object_tracking,0/RP0/CPU0,0,object_trackingnode0_RP0_CPU0,0,0,obt-collector1,199

2020-02-06 19:07:39.708000+00:00,dr02,sg1,,pim,0/RP0/CPU0,0,pimnode0_RP0_CPU0,0,0,obt-collector1,199

2020-02-06 19:08:14.525000+00:00,dr02,sg1,,L2VPN_ATOM,0/RP0/CPU0,0,L2VPN_ATOMnode0_RP0_CPU0,0,0,obt-collector1,120

2020-02-06 19:08:14.525000+00:00,dr02,sg1,,bgp-default,0/RP0/CPU0,36,bgp-defaultnode0_RP0_CPU0,0,0,obt-collector1,60

2020-02-06 19:08:14.525000+00:00,dr02,sg1,,XTC,0/RP0/CPU0,0,XTCnode0_RP0_CPU0,0,0,obt-collector1,180

2020-02-06 19:08:14.525000+00:00,dr02,sg1,,MPLS-TE,0/RP0/CPU0,0,MPLS-TEnode0_RP0_CPU0,0,0,obt-collector1,180

2020-02-06 19:08:14.526000+00:00,dr02,sg1,,pim,0/RP0/CPU0,0,pimnode0_RP0_CPU0,0,0,obt-collector1,199

2020-02-06 19:08:14.526000+00:00,dr02,sg1,,ipv4_static,0/RP0/CPU0,0,ipv4_staticnode0_RP0_CPU0,0,0,obt-collector1,60

2020-02-06 19:08:14.526000+00:00,dr02,sg1,,object_tracking,0/RP0/CPU0,0,object_trackingnode0_RP0_CPU0,0,0,obt-collector1,199

2020-02-06 19:08:14.526000+00:00,dr02,sg1,,pim6,0/RP0/CPU0,0,pim6node0_RP0_CPU0,0,0,obt-collector1,199

2020-02-06 19:08:14.526000+00:00,dr02,sg1,,bundlemgr_distrib,0/RP0/CPU0,0,bundlemgr_distribnode0_RP0_CPU0,0,0,obt-collector1,60

2020-02-06 19:08:14.526000+00:00,dr02,sg1,,isis-SAIN,0/RP0/CPU0,0,isis-SAINnode0_RP0_CPU0,0,0,obt-collector1,60

2020-02-06 19:09:12.679000+00:00,dr02,sg1,,MPLS-TE,0/RP0/CPU0,0,MPLS-TEnode0_RP0_CPU0,0,0,obt-collector1,180

2020-02-06 19:09:12.679000+00:00,dr02,sg1,,XTC,0/RP0/CPU0,0,XTCnode0_RP0_CPU0,0,0,obt-collector1,180

2020-02-06 19:09:12.679000+00:00,dr02,sg1,,L2VPN_ATOM,0/RP0/CPU0,0,L2VPN_ATOMnode0_RP0_CPU0,0,0,obt-collector1,120

2020-02-06 19:09:12.680000+00:00,dr02,sg1,,bundlemgr_distrib,0/RP0/CPU0,0,bundlemgr_distribnode0_RP0_CPU0,0,0,obt-collector1,60

2020-02-06 19:09:12.680000+00:00,dr02,sg1,,bgp-default,0/RP0/CPU0,36,bgp-defaultnode0_RP0_CPU0,0,0,obt-collector1,60

2020-02-06 19:09:12.680000+00:00,dr02,sg1,,pim,0/RP0/CPU0,0,pimnode0_RP0_CPU0,0,0,obt-collector1,199

2020-02-06 19:09:12.680000+00:00,dr02,sg1,,isis-SAIN,0/RP0/CPU0,0,isis-SAINnode0_RP0_CPU0,0,0,obt-collector1,60

2020-02-06 19:09:12.680000+00:00,dr02,sg1,,pim6,0/RP0/CPU0,0,pim6node0_RP0_CPU0,0,0,obt-collector1,199

2020-02-06 19:09:12.680000+00:00,dr02,sg1,,ipv4_static,0/RP0/CPU0,0,ipv4_staticnode0_RP0_CPU0,0,0,obt-collector1,60

2020-02-06 19:09:12.680000+00:00,dr02,sg1,,object_tracking,0/RP0/CPU0,0,object_trackingnode0_RP0_CPU0,0,0,obt-collector1,199

2020-02-06 19:09:29.011000+00:00,dr02,sg1,,L2VPN_ATOM,0/RP0/CPU0,0,L2VPN_ATOMnode0_RP0_CPU0,0,0,obt-collector1,120

2020-02-06 19:09:29.011000+00:00,dr02,sg1,,MPLS-TE,0/RP0/CPU0,0,MPLS-TEnode0_RP0_CPU0,0,0,obt-collector1,180

2020-02-06 19:09:29.011000+00:00,dr02,sg1,,XTC,0/RP0/CPU0,0,XTCnode0_RP0_CPU0,0,0,obt-collector1,180

2020-02-06 19:09:29.012000+00:00,dr02,sg1,,object_tracking,0/RP0/CPU0,0,object_trackingnode0_RP0_CPU0,0,0,obt-collector1,199

2020-02-06 19:09:29.012000+00:00,dr02,sg1,,bgp-default,0/RP0/CPU0,36,bgp-defaultnode0_RP0_CPU0,0,0,obt-collector1,60

2020-02-06 19:09:29.012000+00:00,dr02,sg1,,ipv4_static,0/RP0/CPU0,0,ipv4_staticnode0_RP0_CPU0,0,0,obt-collector1,60

2020-02-06 19:09:29.012000+00:00,dr02,sg1,,bundlemgr_distrib,0/RP0/CPU0,0,bundlemgr_distribnode0_RP0_CPU0,0,0,obt-collector1,60

2020-02-06 19:09:29.012000+00:00,dr02,sg1,,pim6,0/RP0/CPU0,0,pim6node0_RP0_CPU0,0,0,obt-collector1,199

2020-02-06 19:09:29.012000+00:00,dr02,sg1,,pim,0/RP0/CPU0,0,pimnode0_RP0_CPU0,0,0,obt-collector1,199

2020-02-06 19:09:29.012000+00:00,dr02,sg1,,isis-SAIN,0/RP0/CPU0,0,isis-SAINnode0_RP0_CPU0,0,0,obt-collector1,60

2020-02-06 19:09:37.348000+00:00,dr02,sg1,,L2VPN_ATOM,0/RP0/CPU0,0,L2VPN_ATOMnode0_RP0_CPU0,0,0,obt-collector1,120

2020-02-06 19:09:37.349000+00:00,dr02,sg1,,isis-SAIN,0/RP0/CPU0,0,isis-SAINnode0_RP0_CPU0,0,0,obt-collector1,60

2020-02-06 19:09:37.349000+00:00,dr02,sg1,,pim,0/RP0/CPU0,0,pimnode0_RP0_CPU0,0,0,obt-collector1,199

2020-02-06 19:09:37.349000+00:00,dr02,sg1,,bgp-default,0/RP0/CPU0,36,bgp-defaultnode0_RP0_CPU0,0,0,obt-collector1,60

2020-02-06 19:09:37.349000+00:00,dr02,sg1,,XTC,0/RP0/CPU0,0,XTCnode0_RP0_CPU0,0,0,obt-collector1,180

2020-02-06 19:09:37.349000+00:00,dr02,sg1,,MPLS-TE,0/RP0/CPU0,0,MPLS-TEnode0_RP0_CPU0,0,0,obt-collector1,180

2020-02-06 19:09:37.349000+00:00,dr02,sg1,,object_tracking,0/RP0/CPU0,0,object_trackingnode0_RP0_CPU0,0,0,obt-collector1,199

2020-02-06 19:09:37.349000+00:00,dr02,sg1,,pim6,0/RP0/CPU0,0,pim6node0_RP0_CPU0,0,0,obt-collector1,199

2020-02-06 19:09:37.349000+00:00,dr02,sg1,,ipv4_static,0/RP0/CPU0,0,ipv4_staticnode0_RP0_CPU0,0,0,obt-collector1,60

2020-02-06 19:09:37.349000+00:00,dr02,sg1,,bundlemgr_distrib,0/RP0/CPU0,0,bundlemgr_distribnode0_RP0_CPU0,0,0,obt-collector1,60

2020-02-06 19:09:55.753000+00:00,dr02,sg1,,XTC,0/RP0/CPU0,0,XTCnode0_RP0_CPU0,0,0,obt-collector1,180

2020-02-06 19:09:55.753000+00:00,dr02,sg1,,bundlemgr_distrib,0/RP0/CPU0,0,bundlemgr_distribnode0_RP0_CPU0,0,0,obt-collector1,60

2020-02-06 19:09:55.753000+00:00,dr02,sg1,,L2VPN_ATOM,0/RP0/CPU0,0,L2VPN_ATOMnode0_RP0_CPU0,0,0,obt-collector1,120

2020-02-06 19:09:55.753000+00:00,dr02,sg1,,bgp-default,0/RP0/CPU0,36,bgp-defaultnode0_RP0_CPU0,0,0,obt-collector1,60

2020-02-06 19:09:55.753000+00:00,dr02,sg1,,MPLS-TE,0/RP0/CPU0,0,MPLS-TEnode0_RP0_CPU0,0,0,obt-collector1,180

2020-02-06 19:09:55.754000+00:00,dr02,sg1,,ipv4_static,0/RP0/CPU0,0,ipv4_staticnode0_RP0_CPU0,0,0,obt-collector1,60

2020-02-06 19:09:55.754000+00:00,dr02,sg1,,pim,0/RP0/CPU0,0,pimnode0_RP0_CPU0,0,0,obt-collector1,199

2020-02-06 19:09:55.754000+00:00,dr02,sg1,,isis-SAIN,0/RP0/CPU0,0,isis-SAINnode0_RP0_CPU0,0,0,obt-collector1,60

2020-02-06 19:09:55.754000+00:00,dr02,sg1,,pim6,0/RP0/CPU0,0,pim6node0_RP0_CPU0,0,0,obt-collector1,199

2020-02-06 19:09:55.754000+00:00,dr02,sg1,,object_tracking,0/RP0/CPU0,0,object_trackingnode0_RP0_CPU0,0,0,obt-collector1,199

2020-02-06 19:11:20.321000+00:00,dr02,sg1,,L2VPN_ATOM,0/RP0/CPU0,0,L2VPN_ATOMnode0_RP0_CPU0,0,0,obt-collector1,120

2020-02-06 19:11:20.322000+00:00,dr02,sg1,,object_tracking,0/RP0/CPU0,0,object_trackingnode0_RP0_CPU0,0,0,obt-collector1,199

2020-02-06 19:11:20.322000+00:00,dr02,sg1,,pim6,0/RP0/CPU0,0,pim6node0_RP0_CPU0,0,0,obt-collector1,199

2020-02-06 19:11:20.322000+00:00,dr02,sg1,,MPLS-TE,0/RP0/CPU0,0,MPLS-TEnode0_RP0_CPU0,0,0,obt-collector1,180

2020-02-06 19:11:20.322000+00:00,dr02,sg1,,bundlemgr_distrib,0/RP0/CPU0,0,bundlemgr_distribnode0_RP0_CPU0,0,0,obt-collector1,60

2020-02-06 19:11:20.322000+00:00,dr02,sg1,,bgp-default,0/RP0/CPU0,36,bgp-defaultnode0_RP0_CPU0,0,0,obt-collector1,60

2020-02-06 19:11:20.322000+00:00,dr02,sg1,,ipv4_static,0/RP0/CPU0,0,ipv4_staticnode0_RP0_CPU0,0,0,obt-collector1,60

2020-02-06 19:11:20.322000+00:00,dr02,sg1,,isis-SAIN,0/RP0/CPU0,0,isis-SAINnode0_RP0_CPU0,0,0,obt-collector1,60

2020-02-06 19:11:20.322000+00:00,dr02,sg1,,XTC,0/RP0/CPU0,0,XTCnode0_RP0_CPU0,0,0,obt-collector1,180

2020-02-06 19:11:20.322000+00:00,dr02,sg1,,pim,0/RP0/CPU0,0,pimnode0_RP0_CPU0,0,0,obt-collector1,199

2020-02-06 19:12:10.842000+00:00,dr02,sg1,,XTC,0/RP0/CPU0,0,XTCnode0_RP0_CPU0,0,0,obt-collector1,180

2020-02-06 19:12:10.842000+00:00,dr02,sg1,,L2VPN_ATOM,0/RP0/CPU0,0,L2VPN_ATOMnode0_RP0_CPU0,0,0,obt-collector1,120

2020-02-06 19:12:10.842000+00:00,dr02,sg1,,MPLS-TE,0/RP0/CPU0,0,MPLS-TEnode0_RP0_CPU0,0,0,obt-collector1,180

2020-02-06 19:12:10.842000+00:00,dr02,sg1,,bgp-default,0/RP0/CPU0,36,bgp-defaultnode0_RP0_CPU0,0,0,obt-collector1,60

2020-02-06 19:12:10.843000+00:00,dr02,sg1,,bundlemgr_distrib,0/RP0/CPU0,0,bundlemgr_distribnode0_RP0_CPU0,0,0,obt-collector1,60

2020-02-06 19:12:10.843000+00:00,dr02,sg1,,pim6,0/RP0/CPU0,0,pim6node0_RP0_CPU0,0,0,obt-collector1,199

2020-02-06 19:12:10.843000+00:00,dr02,sg1,,object_tracking,0/RP0/CPU0,0,object_trackingnode0_RP0_CPU0,0,0,obt-collector1,199

2020-02-06 19:12:10.843000+00:00,dr02,sg1,,pim,0/RP0/CPU0,0,pimnode0_RP0_CPU0,0,0,obt-collector1,199

2020-02-06 19:12:10.843000+00:00,dr02,sg1,,isis-SAIN,0/RP0/CPU0,0,isis-SAINnode0_RP0_CPU0,0,0,obt-collector1,60

2020-02-06 19:12:10.843000+00:00,dr02,sg1,,ipv4_static,0/RP0/CPU0,0,ipv4_staticnode0_RP0_CPU0,0,0,obt-collector1,60

2020-02-06 19:12:19.003000+00:00,dr02,sg1,,bgp-default,0/RP0/CPU0,36,bgp-defaultnode0_RP0_CPU0,0,0,obt-collector1,60

2020-02-06 19:12:19.003000+00:00,dr02,sg1,,XTC,0/RP0/CPU0,0,XTCnode0_RP0_CPU0,0,0,obt-collector1,180

2020-02-06 19:12:19.003000+00:00,dr02,sg1,,MPLS-TE,0/RP0/CPU0,0,MPLS-TEnode0_RP0_CPU0,0,0,obt-collector1,180

2020-02-06 19:12:19.003000+00:00,dr02,sg1,,L2VPN_ATOM,0/RP0/CPU0,0,L2VPN_ATOMnode0_RP0_CPU0,0,0,obt-collector1,120

2020-02-06 19:12:19.004000+00:00,dr02,sg1,,ipv4_static,0/RP0/CPU0,0,ipv4_staticnode0_RP0_CPU0,0,0,obt-collector1,60

2020-02-06 19:12:19.004000+00:00,dr02,sg1,,pim6,0/RP0/CPU0,0,pim6node0_RP0_CPU0,0,0,obt-collector1,199

2020-02-06 19:12:19.004000+00:00,dr02,sg1,,isis-SAIN,0/RP0/CPU0,0,isis-SAINnode0_RP0_CPU0,0,0,obt-collector1,60

2020-02-06 19:12:19.004000+00:00,dr02,sg1,,bundlemgr_distrib,0/RP0/CPU0,0,bundlemgr_distribnode0_RP0_CPU0,0,0,obt-collector1,60

2020-02-06 19:12:19.004000+00:00,dr02,sg1,,pim,0/RP0/CPU0,0,pimnode0_RP0_CPU0,0,0,obt-collector1,199

2020-02-06 19:12:19.004000+00:00,dr02,sg1,,object_tracking,0/RP0/CPU0,0,object_trackingnode0_RP0_CPU0,0,0,obt-collector1,199

2020-02-06 19:12:27.200000+00:00,dr02,sg1,,L2VPN_ATOM,0/RP0/CPU0,0,L2VPN_ATOMnode0_RP0_CPU0,0,0,obt-collector1,120

2020-02-06 19:12:27.201000+00:00,dr02,sg1,,object_tracking,0/RP0/CPU0,0,object_trackingnode0_RP0_CPU0,0,0,obt-collector1,199

2020-02-06 19:12:27.201000+00:00,dr02,sg1,,pim,0/RP0/CPU0,0,pimnode0_RP0_CPU0,0,0,obt-collector1,199

2020-02-06 19:12:27.201000+00:00,dr02,sg1,,pim6,0/RP0/CPU0,0,pim6node0_RP0_CPU0,0,0,obt-collector1,199

2020-02-06 19:12:27.201000+00:00,dr02,sg1,,bgp-default,0/RP0/CPU0,36,bgp-defaultnode0_RP0_CPU0,0,0,obt-collector1,60

2020-02-06 19:12:27.201000+00:00,dr02,sg1,,MPLS-TE,0/RP0/CPU0,0,MPLS-TEnode0_RP0_CPU0,0,0,obt-collector1,180

2020-02-06 19:12:27.201000+00:00,dr02,sg1,,ipv4_static,0/RP0/CPU0,0,ipv4_staticnode0_RP0_CPU0,0,0,obt-collector1,60

2020-02-06 19:12:27.201000+00:00,dr02,sg1,,bundlemgr_distrib,0/RP0/CPU0,0,bundlemgr_distribnode0_RP0_CPU0,0,0,obt-collector1,60

2020-02-06 19:12:27.201000+00:00,dr02,sg1,,XTC,0/RP0/CPU0,0,XTCnode0_RP0_CPU0,0,0,obt-collector1,180

2020-02-06 19:12:27.201000+00:00,dr02,sg1,,isis-SAIN,0/RP0/CPU0,0,isis-SAINnode0_RP0_CPU0,0,0,obt-collector1,60

2020-02-06 19:13:18.580000+00:00,dr02,sg1,,XTC,0/RP0/CPU0,0,XTCnode0_RP0_CPU0,0,0,obt-collector1,180

2020-02-06 19:13:18.580000+00:00,dr02,sg1,,L2VPN_ATOM,0/RP0/CPU0,0,L2VPN_ATOMnode0_RP0_CPU0,0,0,obt-collector1,120

2020-02-06 19:13:18.580000+00:00,dr02,sg1,,bgp-default,0/RP0/CPU0,36,bgp-defaultnode0_RP0_CPU0,0,0,obt-collector1,60

2020-02-06 19:13:18.580000+00:00,dr02,sg1,,bundlemgr_distrib,0/RP0/CPU0,0,bundlemgr_distribnode0_RP0_CPU0,0,0,obt-collector1,60

2020-02-06 19:13:18.580000+00:00,dr02,sg1,,MPLS-TE,0/RP0/CPU0,0,MPLS-TEnode0_RP0_CPU0,0,0,obt-collector1,180

2020-02-06 19:13:18.580000+00:00,dr02,sg1,,ipv4_static,0/RP0/CPU0,0,ipv4_staticnode0_RP0_CPU0,0,0,obt-collector1,60

2020-02-06 19:13:18.581000+00:00,dr02,sg1,,pim6,0/RP0/CPU0,0,pim6node0_RP0_CPU0,0,0,obt-collector1,199

2020-02-06 19:13:18.581000+00:00,dr02,sg1,,pim,0/RP0/CPU0,0,pimnode0_RP0_CPU0,0,0,obt-collector1,199

2020-02-06 19:13:18.581000+00:00,dr02,sg1,,object_tracking,0/RP0/CPU0,0,object_trackingnode0_RP0_CPU0,0,0,obt-collector1,199

2020-02-06 19:13:18.581000+00:00,dr02,sg1,,isis-SAIN,0/RP0/CPU0,0,isis-SAINnode0_RP0_CPU0,0,0,obt-collector1,60

2020-02-06 19:13:34.891000+00:00,dr02,sg1,,XTC,0/RP0/CPU0,0,XTCnode0_RP0_CPU0,0,0,obt-collector1,180

2020-02-06 19:13:34.891000+00:00,dr02,sg1,,MPLS-TE,0/RP0/CPU0,0,MPLS-TEnode0_RP0_CPU0,0,0,obt-collector1,180

2020-02-06 19:13:34.891000+00:00,dr02,sg1,,L2VPN_ATOM,0/RP0/CPU0,0,L2VPN_ATOMnode0_RP0_CPU0,0,0,obt-collector1,120

2020-02-06 19:13:34.891000+00:00,dr02,sg1,,bgp-default,0/RP0/CPU0,36,bgp-defaultnode0_RP0_CPU0,0,0,obt-collector1,60

2020-02-06 19:13:34.892000+00:00,dr02,sg1,,isis-SAIN,0/RP0/CPU0,0,isis-SAINnode0_RP0_CPU0,0,0,obt-collector1,60

2020-02-06 19:13:34.892000+00:00,dr02,sg1,,object_tracking,0/RP0/CPU0,0,object_trackingnode0_RP0_CPU0,0,0,obt-collector1,199

2020-02-06 19:13:34.892000+00:00,dr02,sg1,,ipv4_static,0/RP0/CPU0,0,ipv4_staticnode0_RP0_CPU0,0,0,obt-collector1,60

2020-02-06 19:13:34.892000+00:00,dr02,sg1,,pim,0/RP0/CPU0,0,pimnode0_RP0_CPU0,0,0,obt-collector1,199

2020-02-06 19:13:34.892000+00:00,dr02,sg1,,pim6,0/RP0/CPU0,0,pim6node0_RP0_CPU0,0,0,obt-collector1,199

2020-02-06 19:13:34.892000+00:00,dr02,sg1,,bundlemgr_distrib,0/RP0/CPU0,0,bundlemgr_distribnode0_RP0_CPU0,0,0,obt-collector1,60

2020-02-06 19:15:24.352000+00:00,dr02,sg1,,isis-SAIN,0/RP0/CPU0,0,isis-SAINnode0_RP0_CPU0,0,0,obt-collector1,60

2020-02-06 19:15:24.352000+00:00,dr02,sg1,,bundlemgr_distrib,0/RP0/CPU0,0,bundlemgr_distribnode0_RP0_CPU0,0,0,obt-collector1,60

2020-02-06 19:15:24.352000+00:00,dr02,sg1,,L2VPN_ATOM,0/RP0/CPU0,0,L2VPN_ATOMnode0_RP0_CPU0,0,0,obt-collector1,120

2020-02-06 19:15:24.352000+00:00,dr02,sg1,,bgp-default,0/RP0/CPU0,36,bgp-defaultnode0_RP0_CPU0,0,0,obt-collector1,60

2020-02-06 19:15:24.352000+00:00,dr02,sg1,,ipv4_static,0/RP0/CPU0,0,ipv4_staticnode0_RP0_CPU0,0,0,obt-collector1,60

2020-02-06 19:15:24.352000+00:00,dr02,sg1,,MPLS-TE,0/RP0/CPU0,0,MPLS-TEnode0_RP0_CPU0,0,0,obt-collector1,180

2020-02-06 19:15:24.352000+00:00,dr02,sg1,,XTC,0/RP0/CPU0,0,XTCnode0_RP0_CPU0,0,0,obt-collector1,180

2020-02-06 19:15:24.353000+00:00,dr02,sg1,,object_tracking,0/RP0/CPU0,0,object_trackingnode0_RP0_CPU0,0,0,obt-collector1,199

2020-02-06 19:15:24.353000+00:00,dr02,sg1,,pim6,0/RP0/CPU0,0,pim6node0_RP0_CPU0,0,0,obt-collector1,199

2020-02-06 19:15:24.353000+00:00,dr02,sg1,,pim,0/RP0/CPU0,0,pimnode0_RP0_CPU0,0,0,obt-collector1,199

2020-02-06 19:15:40.790000+00:00,dr02,sg1,,L2VPN_ATOM,0/RP0/CPU0,0,L2VPN_ATOMnode0_RP0_CPU0,0,0,obt-collector1,120

2020-02-06 19:15:40.791000+00:00,dr02,sg1,,pim,0/RP0/CPU0,0,pimnode0_RP0_CPU0,0,0,obt-collector1,199

2020-02-06 19:15:40.791000+00:00,dr02,sg1,,pim6,0/RP0/CPU0,0,pim6node0_RP0_CPU0,0,0,obt-collector1,199

2020-02-06 19:15:40.791000+00:00,dr02,sg1,,MPLS-TE,0/RP0/CPU0,0,MPLS-TEnode0_RP0_CPU0,0,0,obt-collector1,180

2020-02-06 19:15:40.791000+00:00,dr02,sg1,,isis-SAIN,0/RP0/CPU0,0,isis-SAINnode0_RP0_CPU0,0,0,obt-collector1,60

2020-02-06 19:15:40.791000+00:00,dr02,sg1,,bundlemgr_distrib,0/RP0/CPU0,0,bundlemgr_distribnode0_RP0_CPU0,0,0,obt-collector1,60

2020-02-06 19:15:40.791000+00:00,dr02,sg1,,XTC,0/RP0/CPU0,0,XTCnode0_RP0_CPU0,0,0,obt-collector1,180

2020-02-06 19:15:40.791000+00:00,dr02,sg1,,object_tracking,0/RP0/CPU0,0,object_trackingnode0_RP0_CPU0,0,0,obt-collector1,199

2020-02-06 19:15:40.791000+00:00,dr02,sg1,,ipv4_static,0/RP0/CPU0,0,ipv4_staticnode0_RP0_CPU0,0,0,obt-collector1,60

2020-02-06 19:15:40.791000+00:00,dr02,sg1,,bgp-default,0/RP0/CPU0,36,bgp-defaultnode0_RP0_CPU0,0,0,obt-collector1,60

2020-02-06 19:15:48.992000+00:00,dr02,sg1,,L2VPN_ATOM,0/RP0/CPU0,0,L2VPN_ATOMnode0_RP0_CPU0,0,0,obt-collector1,120

2020-02-06 19:15:48.992000+00:00,dr02,sg1,,MPLS-TE,0/RP0/CPU0,0,MPLS-TEnode0_RP0_CPU0,0,0,obt-collector1,180

2020-02-06 19:15:48.992000+00:00,dr02,sg1,,bgp-default,0/RP0/CPU0,36,bgp-defaultnode0_RP0_CPU0,0,0,obt-collector1,60

2020-02-06 19:15:48.992000+00:00,dr02,sg1,,XTC,0/RP0/CPU0,0,XTCnode0_RP0_CPU0,0,0,obt-collector1,180

2020-02-06 19:15:48.993000+00:00,dr02,sg1,,isis-SAIN,0/RP0/CPU0,0,isis-SAINnode0_RP0_CPU0,0,0,obt-collector1,60

2020-02-06 19:15:48.993000+00:00,dr02,sg1,,pim6,0/RP0/CPU0,0,pim6node0_RP0_CPU0,0,0,obt-collector1,199

2020-02-06 19:15:48.993000+00:00,dr02,sg1,,pim,0/RP0/CPU0,0,pimnode0_RP0_CPU0,0,0,obt-collector1,199

2020-02-06 19:15:48.993000+00:00,dr02,sg1,,ipv4_static,0/RP0/CPU0,0,ipv4_staticnode0_RP0_CPU0,0,0,obt-collector1,60

2020-02-06 19:15:48.993000+00:00,dr02,sg1,,bundlemgr_distrib,0/RP0/CPU0,0,bundlemgr_distribnode0_RP0_CPU0,0,0,obt-collector1,60

2020-02-06 19:15:48.993000+00:00,dr02,sg1,,object_tracking,0/RP0/CPU0,0,object_trackingnode0_RP0_CPU0,0,0,obt-collector1,199

2020-02-06 19:16:15.638000+00:00,dr02,sg1,,XTC,0/RP0/CPU0,0,XTCnode0_RP0_CPU0,0,0,obt-collector1,180

2020-02-06 19:16:15.638000+00:00,dr02,sg1,,L2VPN_ATOM,0/RP0/CPU0,0,L2VPN_ATOMnode0_RP0_CPU0,0,0,obt-collector1,120

2020-02-06 19:16:15.638000+00:00,dr02,sg1,,MPLS-TE,0/RP0/CPU0,0,MPLS-TEnode0_RP0_CPU0,0,0,obt-collector1,180

2020-02-06 19:16:15.639000+00:00,dr02,sg1,,object_tracking,0/RP0/CPU0,0,object_trackingnode0_RP0_CPU0,0,0,obt-collector1,199

2020-02-06 19:16:15.639000+00:00,dr02,sg1,,bundlemgr_distrib,0/RP0/CPU0,0,bundlemgr_distribnode0_RP0_CPU0,0,0,obt-collector1,60

2020-02-06 19:16:15.639000+00:00,dr02,sg1,,pim6,0/RP0/CPU0,0,pim6node0_RP0_CPU0,0,0,obt-collector1,199

2020-02-06 19:16:15.639000+00:00,dr02,sg1,,bgp-default,0/RP0/CPU0,36,bgp-defaultnode0_RP0_CPU0,0,0,obt-collector1,60

2020-02-06 19:16:15.639000+00:00,dr02,sg1,,isis-SAIN,0/RP0/CPU0,0,isis-SAINnode0_RP0_CPU0,0,0,obt-collector1,60

2020-02-06 19:16:15.639000+00:00,dr02,sg1,,ipv4_static,0/RP0/CPU0,0,ipv4_staticnode0_RP0_CPU0,0,0,obt-collector1,60

2020-02-06 19:16:15.639000+00:00,dr02,sg1,,pim,0/RP0/CPU0,0,pimnode0_RP0_CPU0,0,0,obt-collector1,199

2020-02-06 19:16:32.055000+00:00,dr02,sg1,,L2VPN_ATOM,0/RP0/CPU0,0,L2VPN_ATOMnode0_RP0_CPU0,0,0,obt-collector1,120

2020-02-06 19:16:32.055000+00:00,dr02,sg1,,MPLS-TE,0/RP0/CPU0,0,MPLS-TEnode0_RP0_CPU0,0,0,obt-collector1,180

2020-02-06 19:16:32.055000+00:00,dr02,sg1,,XTC,0/RP0/CPU0,0,XTCnode0_RP0_CPU0,0,0,obt-collector1,180

2020-02-06 19:16:32.056000+00:00,dr02,sg1,,pim,0/RP0/CPU0,0,pimnode0_RP0_CPU0,0,0,obt-collector1,199

2020-02-06 19:16:32.056000+00:00,dr02,sg1,,ipv4_static,0/RP0/CPU0,0,ipv4_staticnode0_RP0_CPU0,0,0,obt-collector1,60

2020-02-06 19:16:32.056000+00:00,dr02,sg1,,object_tracking,0/RP0/CPU0,0,object_trackingnode0_RP0_CPU0,0,0,obt-collector1,199

2020-02-06 19:16:32.056000+00:00,dr02,sg1,,pim6,0/RP0/CPU0,0,pim6node0_RP0_CPU0,0,0,obt-collector1,199

2020-02-06 19:16:32.056000+00:00,dr02,sg1,,bundlemgr_distrib,0/RP0/CPU0,0,bundlemgr_distribnode0_RP0_CPU0,0,0,obt-collector1,60

2020-02-06 19:16:32.056000+00:00,dr02,sg1,,isis-SAIN,0/RP0/CPU0,0,isis-SAINnode0_RP0_CPU0,0,0,obt-collector1,60

2020-02-06 19:16:32.056000+00:00,dr02,sg1,,bgp-default,0/RP0/CPU0,36,bgp-defaultnode0_RP0_CPU0,0,0,obt-collector1,60

2020-02-06 19:16:40.425000+00:00,dr02,sg1,,L2VPN_ATOM,0/RP0/CPU0,0,L2VPN_ATOMnode0_RP0_CPU0,0,0,obt-collector1,120

2020-02-06 19:16:40.426000+00:00,dr02,sg1,,bgp-default,0/RP0/CPU0,36,bgp-defaultnode0_RP0_CPU0,0,0,obt-collector1,60

2020-02-06 19:16:40.426000+00:00,dr02,sg1,,object_tracking,0/RP0/CPU0,0,object_trackingnode0_RP0_CPU0,0,0,obt-collector1,199

2020-02-06 19:16:40.426000+00:00,dr02,sg1,,pim,0/RP0/CPU0,0,pimnode0_RP0_CPU0,0,0,obt-collector1,199

2020-02-06 19:16:40.426000+00:00,dr02,sg1,,MPLS-TE,0/RP0/CPU0,0,MPLS-TEnode0_RP0_CPU0,0,0,obt-collector1,180

2020-02-06 19:16:40.426000+00:00,dr02,sg1,,XTC,0/RP0/CPU0,0,XTCnode0_RP0_CPU0,0,0,obt-collector1,180

2020-02-06 19:16:40.426000+00:00,dr02,sg1,,ipv4_static,0/RP0/CPU0,0,ipv4_staticnode0_RP0_CPU0,0,0,obt-collector1,60

2020-02-06 19:16:40.426000+00:00,dr02,sg1,,isis-SAIN,0/RP0/CPU0,0,isis-SAINnode0_RP0_CPU0,0,0,obt-collector1,60

2020-02-06 19:16:40.426000+00:00,dr02,sg1,,bundlemgr_distrib,0/RP0/CPU0,0,bundlemgr_distribnode0_RP0_CPU0,0,0,obt-collector1,60

2020-02-06 19:16:40.426000+00:00,dr02,sg1,,pim6,0/RP0/CPU0,0,pim6node0_RP0_CPU0,0,0,obt-collector1,199

2020-02-06 19:16:48.576000+00:00,dr02,sg1,,bundlemgr_distrib,0/RP0/CPU0,0,bundlemgr_distribnode0_RP0_CPU0,0,0,obt-collector1,60

2020-02-06 19:16:48.576000+00:00,dr02,sg1,,object_tracking,0/RP0/CPU0,0,object_trackingnode0_RP0_CPU0,0,0,obt-collector1,199

2020-02-06 19:16:48.576000+00:00,dr02,sg1,,L2VPN_ATOM,0/RP0/CPU0,0,L2VPN_ATOMnode0_RP0_CPU0,0,0,obt-collector1,120

2020-02-06 19:16:48.576000+00:00,dr02,sg1,,bgp-default,0/RP0/CPU0,36,bgp-defaultnode0_RP0_CPU0,0,0,obt-collector1,60

2020-02-06 19:16:48.576000+00:00,dr02,sg1,,MPLS-TE,0/RP0/CPU0,0,MPLS-TEnode0_RP0_CPU0,0,0,obt-collector1,180

2020-02-06 19:16:48.576000+00:00,dr02,sg1,,isis-SAIN,0/RP0/CPU0,0,isis-SAINnode0_RP0_CPU0,0,0,obt-collector1,60

2020-02-06 19:16:48.576000+00:00,dr02,sg1,,XTC,0/RP0/CPU0,0,XTCnode0_RP0_CPU0,0,0,obt-collector1,180

2020-02-06 19:16:48.576000+00:00,dr02,sg1,,ipv4_static,0/RP0/CPU0,0,ipv4_staticnode0_RP0_CPU0,0,0,obt-collector1,60

2020-02-06 19:16:48.577000+00:00,dr02,sg1,,pim,0/RP0/CPU0,0,pimnode0_RP0_CPU0,0,0,obt-collector1,199

2020-02-06 19:16:48.577000+00:00,dr02,sg1,,pim6,0/RP0/CPU0,0,pim6node0_RP0_CPU0,0,0,obt-collector1,199

2020-02-06 19:16:56.762000+00:00,dr02,sg1,,ipv4_static,0/RP0/CPU0,0,ipv4_staticnode0_RP0_CPU0,0,0,obt-collector1,60

2020-02-06 19:16:56.762000+00:00,dr02,sg1,,XTC,0/RP0/CPU0,0,XTCnode0_RP0_CPU0,0,0,obt-collector1,180

2020-02-06 19:16:56.762000+00:00,dr02,sg1,,bundlemgr_distrib,0/RP0/CPU0,0,bundlemgr_distribnode0_RP0_CPU0,0,0,obt-collector1,60

2020-02-06 19:16:56.762000+00:00,dr02,sg1,,L2VPN_ATOM,0/RP0/CPU0,0,L2VPN_ATOMnode0_RP0_CPU0,0,0,obt-collector1,120

2020-02-06 19:16:56.762000+00:00,dr02,sg1,,bgp-default,0/RP0/CPU0,36,bgp-defaultnode0_RP0_CPU0,0,0,obt-collector1,60

2020-02-06 19:16:56.762000+00:00,dr02,sg1,,MPLS-TE,0/RP0/CPU0,0,MPLS-TEnode0_RP0_CPU0,0,0,obt-collector1,180

2020-02-06 19:16:56.763000+00:00,dr02,sg1,,pim6,0/RP0/CPU0,0,pim6node0_RP0_CPU0,0,0,obt-collector1,199

2020-02-06 19:16:56.763000+00:00,dr02,sg1,,pim,0/RP0/CPU0,0,pimnode0_RP0_CPU0,0,0,obt-collector1,199

2020-02-06 19:16:56.763000+00:00,dr02,sg1,,object_tracking,0/RP0/CPU0,0,object_trackingnode0_RP0_CPU0,0,0,obt-collector1,199

2020-02-06 19:16:56.763000+00:00,dr02,sg1,,isis-SAIN,0/RP0/CPU0,0,isis-SAINnode0_RP0_CPU0,0,0,obt-collector1,60

2020-02-06 19:17:29.705000+00:00,dr02,sg1,,MPLS-TE,0/RP0/CPU0,0,MPLS-TEnode0_RP0_CPU0,0,0,obt-collector1,180

2020-02-06 19:17:29.705000+00:00,dr02,sg1,,L2VPN_ATOM,0/RP0/CPU0,0,L2VPN_ATOMnode0_RP0_CPU0,0,0,obt-collector1,120

2020-02-06 19:17:29.706000+00:00,dr02,sg1,,isis-SAIN,0/RP0/CPU0,0,isis-SAINnode0_RP0_CPU0,0,0,obt-collector1,60

2020-02-06 19:17:29.706000+00:00,dr02,sg1,,pim6,0/RP0/CPU0,0,pim6node0_RP0_CPU0,0,0,obt-collector1,199

2020-02-06 19:17:29.706000+00:00,dr02,sg1,,XTC,0/RP0/CPU0,0,XTCnode0_RP0_CPU0,0,0,obt-collector1,180

2020-02-06 19:17:29.706000+00:00,dr02,sg1,,bgp-default,0/RP0/CPU0,36,bgp-defaultnode0_RP0_CPU0,0,0,obt-collector1,60

2020-02-06 19:17:29.706000+00:00,dr02,sg1,,object_tracking,0/RP0/CPU0,0,object_trackingnode0_RP0_CPU0,0,0,obt-collector1,199

2020-02-06 19:17:29.706000+00:00,dr02,sg1,,pim,0/RP0/CPU0,0,pimnode0_RP0_CPU0,0,0,obt-collector1,199

2020-02-06 19:17:29.706000+00:00,dr02,sg1,,ipv4_static,0/RP0/CPU0,0,ipv4_staticnode0_RP0_CPU0,0,0,obt-collector1,60

2020-02-06 19:17:29.706000+00:00,dr02,sg1,,bundlemgr_distrib,0/RP0/CPU0,0,bundlemgr_distribnode0_RP0_CPU0,0,0,obt-collector1,60

2020-02-06 19:18:02.767000+00:00,dr02,sg1,,MPLS-TE,0/RP0/CPU0,0,MPLS-TEnode0_RP0_CPU0,0,0,obt-collector1,180

2020-02-06 19:18:02.767000+00:00,dr02,sg1,,L2VPN_ATOM,0/RP0/CPU0,0,L2VPN_ATOMnode0_RP0_CPU0,0,0,obt-collector1,120

2020-02-06 19:18:02.767000+00:00,dr02,sg1,,XTC,0/RP0/CPU0,0,XTCnode0_RP0_CPU0,0,0,obt-collector1,180

2020-02-06 19:18:02.768000+00:00,dr02,sg1,,ipv4_static,0/RP0/CPU0,0,ipv4_staticnode0_RP0_CPU0,0,0,obt-collector1,60

2020-02-06 19:18:02.768000+00:00,dr02,sg1,,isis-SAIN,0/RP0/CPU0,0,isis-SAINnode0_RP0_CPU0,0,0,obt-collector1,60

2020-02-06 19:18:02.768000+00:00,dr02,sg1,,pim6,0/RP0/CPU0,0,pim6node0_RP0_CPU0,0,0,obt-collector1,199

2020-02-06 19:18:02.768000+00:00,dr02,sg1,,bundlemgr_distrib,0/RP0/CPU0,0,bundlemgr_distribnode0_RP0_CPU0,0,0,obt-collector1,60

2020-02-06 19:18:02.768000+00:00,dr02,sg1,,pim,0/RP0/CPU0,0,pimnode0_RP0_CPU0,0,0,obt-collector1,199

2020-02-06 19:18:02.768000+00:00,dr02,sg1,,bgp-default,0/RP0/CPU0,36,bgp-defaultnode0_RP0_CPU0,0,0,obt-collector1,60

2020-02-06 19:18:02.768000+00:00,dr02,sg1,,object_tracking,0/RP0/CPU0,0,object_trackingnode0_RP0_CPU0,0,0,obt-collector1,199

2020-02-06 19:18:37.664000+00:00,dr02,sg1,,bgp-default,0/RP0/CPU0,36,bgp-defaultnode0_RP0_CPU0,0,0,obt-collector1,60

2020-02-06 19:18:37.664000+00:00,dr02,sg1,,object_tracking,0/RP0/CPU0,0,object_trackingnode0_RP0_CPU0,0,0,obt-collector1,199

2020-02-06 19:18:37.664000+00:00,dr02,sg1,,isis-SAIN,0/RP0/CPU0,0,isis-SAINnode0_RP0_CPU0,0,0,obt-collector1,60

2020-02-06 19:18:37.664000+00:00,dr02,sg1,,XTC,0/RP0/CPU0,0,XTCnode0_RP0_CPU0,0,0,obt-collector1,180

2020-02-06 19:18:37.664000+00:00,dr02,sg1,,MPLS-TE,0/RP0/CPU0,0,MPLS-TEnode0_RP0_CPU0,0,0,obt-collector1,180

2020-02-06 19:18:37.664000+00:00,dr02,sg1,,L2VPN_ATOM,0/RP0/CPU0,0,L2VPN_ATOMnode0_RP0_CPU0,0,0,obt-collector1,120

2020-02-06 19:18:37.664000+00:00,dr02,sg1,,ipv4_static,0/RP0/CPU0,0,ipv4_staticnode0_RP0_CPU0,0,0,obt-collector1,60

2020-02-06 19:18:37.664000+00:00,dr02,sg1,,pim,0/RP0/CPU0,0,pimnode0_RP0_CPU0,0,0,obt-collector1,199

2020-02-06 19:18:37.664000+00:00,dr02,sg1,,pim6,0/RP0/CPU0,0,pim6node0_RP0_CPU0,0,0,obt-collector1,199

2020-02-06 19:18:37.664000+00:00,dr02,sg1,,bundlemgr_distrib,0/RP0/CPU0,0,bundlemgr_distribnode0_RP0_CPU0,0,0,obt-collector1,60

2020-02-06 19:18:53.962000+00:00,dr02,sg1,,MPLS-TE,0/RP0/CPU0,0,MPLS-TEnode0_RP0_CPU0,0,0,obt-collector1,180

2020-02-06 19:18:53.962000+00:00,dr02,sg1,,bundlemgr_distrib,0/RP0/CPU0,0,bundlemgr_distribnode0_RP0_CPU0,0,0,obt-collector1,60

2020-02-06 19:18:53.962000+00:00,dr02,sg1,,isis-SAIN,0/RP0/CPU0,0,isis-SAINnode0_RP0_CPU0,0,0,obt-collector1,60

2020-02-06 19:18:53.962000+00:00,dr02,sg1,,bgp-default,0/RP0/CPU0,36,bgp-defaultnode0_RP0_CPU0,0,0,obt-collector1,60

2020-02-06 19:18:53.962000+00:00,dr02,sg1,,XTC,0/RP0/CPU0,0,XTCnode0_RP0_CPU0,0,0,obt-collector1,180

2020-02-06 19:18:53.962000+00:00,dr02,sg1,,L2VPN_ATOM,0/RP0/CPU0,0,L2VPN_ATOMnode0_RP0_CPU0,0,0,obt-collector1,120

2020-02-06 19:18:53.962000+00:00,dr02,sg1,,ipv4_static,0/RP0/CPU0,0,ipv4_staticnode0_RP0_CPU0,0,0,obt-collector1,60

2020-02-06 19:18:53.963000+00:00,dr02,sg1,,pim6,0/RP0/CPU0,0,pim6node0_RP0_CPU0,0,0,obt-collector1,199

2020-02-06 19:18:53.963000+00:00,dr02,sg1,,object_tracking,0/RP0/CPU0,0,object_trackingnode0_RP0_CPU0,0,0,obt-collector1,199

2020-02-06 19:18:53.963000+00:00,dr02,sg1,,pim,0/RP0/CPU0,0,pimnode0_RP0_CPU0,0,0,obt-collector1,199

