,Producer,Target,host,icmp/checksum-error-messages,icmp/output-messages,icmp/received-echo-reply-messages,icmp/received-echo-request-messages,icmp/received-hop-count-expired-messages,icmp/received-parameter-error-messages,icmp/received-parameter-header-messages,icmp/received-parameter-option-messages,icmp/received-parameter-unknown-type-messages,icmp/received-reassembly-timeouts,icmp/received-too-big-messages,icmp/received-unknown-timeout-messages,icmp/received-unreachable-address-messages,icmp/received-unreachable-admin-messages,icmp/received-unreachable-neighbor-messages,icmp/received-unreachable-port-messages,icmp/received-unreachable-routing-messages,icmp/received-unreachable-unknown-type-messages,icmp/sent-echo-reply-messages,icmp/sent-echo-request-messages,icmp/sent-hop-count-expired-messages,icmp/sent-parameter-error-messages,icmp/sent-parameter-header-messages,icmp/sent-parameter-option-messages,icmp/sent-parameter-unknown-type-messages,icmp/sent-rate-limited-packets,icmp/sent-reassembly-timeouts,icmp/sent-too-big-messages,icmp/sent-unknown-timeout-messages,icmp/sent-unreachable-address-messages,icmp/sent-unreachable-admin-messages,icmp/sent-unreachable-neighbor-messages,icmp/sent-unreachable-port-messages,icmp/sent-unreachable-routing-messages,icmp/sent-unreachable-unknown-type-messages,icmp/too-short-error-messages,icmp/total-messages,icmp/unknown-error-type-messages,ipv6-node-discovery/received-neighbor-advertisement-messages,ipv6-node-discovery/received-neighbor-solicitation-messages,ipv6-node-discovery/received-redirect-messages,ipv6-node-discovery/received-router-advertisement-messages,ipv6-node-discovery/received-router-solicitation-messages,ipv6-node-discovery/sent-neighbor-advertisement-messages,ipv6-node-discovery/sent-neighbor-solicitation-messages,ipv6-node-discovery/sent-redirect-messages,ipv6-node-discovery/sent-router-advertisement-messages,ipv6-node-discovery/sent-router-solicitation-messages,ipv6/bad-header-packets,ipv6/bad-source-address-packets,ipv6/format-errors,ipv6/forwarded-packets,ipv6/fragment-count,ipv6/fragment-failures,ipv6/fragmented-packets,ipv6/fragments,ipv6/generated-packets,ipv6/hop-count-exceeded-packets,ipv6/io-puntback,ipv6/lisp-decap-errors,ipv6/lisp-encap-errors,ipv6/lisp-v4-decap-packets,ipv6/lisp-v4-encap-packets,ipv6/lisp-v6-decap-packets,ipv6/lisp-v6-encap-packets,ipv6/local-destination-packets,ipv6/miscellaneous-drops,ipv6/no-route-packets,ipv6/reassembled-packets,ipv6/reassembly-failures,ipv6/reassembly-maximum-drops,ipv6/reassembly-timeouts,ipv6/received-multicast-packets,ipv6/sent-multicast-packets,ipv6/source-routed-packets,ipv6/too-big-packets,ipv6/total-packets,ipv6/truncated-packets,ipv6/unknown-option-type-packets,ipv6/unknown-protocol-packets,node-name

2020-02-06 19:05:08.484000+00:00,dr02,sg2,obt-collector1,0,245,0,0,0,0,0,0,0,0,0,0,0,0,0,0,0,0,0,0,155,0,0,0,0,0,0,0,0,0,0,0,82,8,0,0,28,0,92872,65861,0,38117,0,65874,92863,0,46633,0,0,80,0,82,0,0,0,0,205613,0,0,0,0,0,0,0,0,64,0,16,0,0,0,0,38313,0,0,0,1796450,0,64,0,0/0/CPU0

2020-02-06 19:05:08.489000+00:00,dr02,sg2,obt-collector1,0,33442,0,0,0,0,0,0,0,0,0,0,0,0,0,0,0,0,0,0,0,0,0,0,0,0,0,0,0,33428,0,0,14,0,0,0,9,0,50359,32400,0,20825,0,32411,77940,0,31112,0,3,20,0,14,0,0,0,0,174915,0,0,0,0,0,0,0,0,16,0,3,0,0,0,0,20875,0,0,0,1302781,0,16,0,0/1/CPU0

2020-02-06 19:05:08.491000+00:00,dr02,sg2,obt-collector1,0,304,0,0,0,0,0,0,0,0,0,0,227895,0,0,0,0,0,0,0,0,0,0,0,0,404,0,0,0,0,0,0,0,304,0,0,227895,0,0,0,0,0,0,0,0,0,0,0,0,0,0,0,0,0,0,0,30735964,0,0,0,0,0,0,0,0,227895,0,835,0,0,0,0,0,0,0,0,31242584,0,0,0,0/RP0/CPU0

2020-02-06 19:05:33.058000+00:00,dr02,sg2,obt-collector1,0,245,0,0,0,0,0,0,0,0,0,0,0,0,0,0,0,0,0,0,155,0,0,0,0,0,0,0,0,0,0,0,82,8,0,0,28,0,92873,65863,0,38117,0,65876,92864,0,46635,0,0,80,0,82,0,0,0,0,205618,0,0,0,0,0,0,0,0,64,0,16,0,0,0,0,38313,0,0,0,1796510,0,64,0,0/0/CPU0

2020-02-06 19:05:33.062000+00:00,dr02,sg2,obt-collector1,0,33442,0,0,0,0,0,0,0,0,0,0,0,0,0,0,0,0,0,0,0,0,0,0,0,0,0,0,0,33428,0,0,14,0,0,0,9,0,50364,32400,0,20825,0,32411,77948,0,31112,0,3,20,0,14,0,0,0,0,174923,0,0,0,0,0,0,0,0,16,0,3,0,0,0,0,20875,0,0,0,1302829,0,16,0,0/1/CPU0

2020-02-06 19:05:33.065000+00:00,dr02,sg2,obt-collector1,0,304,0,0,0,0,0,0,0,0,0,0,227895,0,0,0,0,0,0,0,0,0,0,0,0,404,0,0,0,0,0,0,0,304,0,0,227895,0,0,0,0,0,0,0,0,0,0,0,0,0,0,0,0,0,0,0,30736140,0,0,0,0,0,0,0,0,227895,0,835,0,0,0,0,0,0,0,0,31242766,0,0,0,0/RP0/CPU0

2020-02-06 19:05:41.219000+00:00,dr02,sg2,obt-collector1,0,245,0,0,0,0,0,0,0,0,0,0,0,0,0,0,0,0,0,0,155,0,0,0,0,0,0,0,0,0,0,0,82,8,0,0,28,0,92874,65865,0,38117,0,65878,92865,0,46636,0,0,80,0,82,0,0,0,0,205622,0,0,0,0,0,0,0,0,64,0,16,0,0,0,0,38313,0,0,0,1796531,0,64,0,0/0/CPU0

2020-02-06 19:05:41.223000+00:00,dr02,sg2,obt-collector1,0,33446,0,0,0,0,0,0,0,0,0,0,0,0,0,0,0,0,0,0,0,0,0,0,0,0,0,0,0,33432,0,0,14,0,0,0,9,0,50364,32401,0,20826,0,32412,77948,0,31113,0,3,20,0,14,0,0,0,0,174929,0,0,0,0,0,0,0,0,16,0,3,0,0,0,0,20876,0,0,0,1302845,0,16,0,0/1/CPU0

2020-02-06 19:05:41.226000+00:00,dr02,sg2,obt-collector1,0,304,0,0,0,0,0,0,0,0,0,0,227899,0,0,0,0,0,0,0,0,0,0,0,0,404,0,0,0,0,0,0,0,304,0,0,227899,0,0,0,0,0,0,0,0,0,0,0,0,0,0,0,0,0,0,0,30736202,0,0,0,0,0,0,0,0,227899,0,835,0,0,0,0,0,0,0,0,31242825,0,0,0,0/RP0/CPU0

2020-02-06 19:05:58.408000+00:00,dr02,sg2,obt-collector1,0,245,0,0,0,0,0,0,0,0,0,0,0,0,0,0,0,0,0,0,155,0,0,0,0,0,0,0,0,0,0,0,82,8,0,0,28,0,92876,65867,0,38117,0,65880,92867,0,46638,0,0,80,0,82,0,0,0,0,205628,0,0,0,0,0,0,0,0,64,0,16,0,0,0,0,38313,0,0,0,1796574,0,64,0,0/0/CPU0

2020-02-06 19:05:58.412000+00:00,dr02,sg2,obt-collector1,0,33446,0,0,0,0,0,0,0,0,0,0,0,0,0,0,0,0,0,0,0,0,0,0,0,0,0,0,0,33432,0,0,14,0,0,0,9,0,50364,32401,0,20826,0,32412,77948,0,31113,0,3,20,0,14,0,0,0,0,174929,0,0,0,0,0,0,0,0,16,0,3,0,0,0,0,20876,0,0,0,1302874,0,16,0,0/1/CPU0

2020-02-06 19:05:58.415000+00:00,dr02,sg2,obt-collector1,0,304,0,0,0,0,0,0,0,0,0,0,227899,0,0,0,0,0,0,0,0,0,0,0,0,404,0,0,0,0,0,0,0,304,0,0,227899,0,0,0,0,0,0,0,0,0,0,0,0,0,0,0,0,0,0,0,30736310,0,0,0,0,0,0,0,0,227899,0,835,0,0,0,0,0,0,0,0,31242950,0,0,0,0/RP0/CPU0

2020-02-06 19:06:06.615000+00:00,dr02,sg2,obt-collector1,0,245,0,0,0,0,0,0,0,0,0,0,0,0,0,0,0,0,0,0,155,0,0,0,0,0,0,0,0,0,0,0,82,8,0,0,28,0,92876,65868,0,38117,0,65881,92867,0,46638,0,0,80,0,82,0,0,0,0,205629,0,0,0,0,0,0,0,0,64,0,16,0,0,0,0,38313,0,0,0,1796594,0,64,0,0/0/CPU0

2020-02-06 19:06:06.619000+00:00,dr02,sg2,obt-collector1,0,33446,0,0,0,0,0,0,0,0,0,0,0,0,0,0,0,0,0,0,0,0,0,0,0,0,0,0,0,33432,0,0,14,0,0,0,9,0,50364,32402,0,20826,0,32413,77948,0,31113,0,3,20,0,14,0,0,0,0,174930,0,0,0,0,0,0,0,0,16,0,3,0,0,0,0,20876,0,0,0,1302888,0,16,0,0/1/CPU0

2020-02-06 19:06:06.622000+00:00,dr02,sg2,obt-collector1,0,304,0,0,0,0,0,0,0,0,0,0,227899,0,0,0,0,0,0,0,0,0,0,0,0,404,0,0,0,0,0,0,0,304,0,0,227899,0,0,0,0,0,0,0,0,0,0,0,0,0,0,0,0,0,0,0,30736388,0,0,0,0,0,0,0,0,227899,0,835,0,0,0,0,0,0,0,0,31243028,0,0,0,0/RP0/CPU0

2020-02-06 19:06:14.807000+00:00,dr02,sg2,obt-collector1,0,245,0,0,0,0,0,0,0,0,0,0,0,0,0,0,0,0,0,0,155,0,0,0,0,0,0,0,0,0,0,0,82,8,0,0,28,0,92877,65871,0,38117,0,65884,92868,0,46638,0,0,80,0,82,0,0,0,0,205633,0,0,0,0,0,0,0,0,64,0,16,0,0,0,0,38313,0,0,0,1796617,0,64,0,0/0/CPU0

2020-02-06 19:06:14.811000+00:00,dr02,sg2,obt-collector1,0,33446,0,0,0,0,0,0,0,0,0,0,0,0,0,0,0,0,0,0,0,0,0,0,0,0,0,0,0,33432,0,0,14,0,0,0,9,0,50364,32402,0,20826,0,32413,77948,0,31113,0,3,20,0,14,0,0,0,0,174930,0,0,0,0,0,0,0,0,16,0,3,0,0,0,0,20876,0,0,0,1302902,0,16,0,0/1/CPU0

2020-02-06 19:06:14.813000+00:00,dr02,sg2,obt-collector1,0,304,0,0,0,0,0,0,0,0,0,0,227899,0,0,0,0,0,0,0,0,0,0,0,0,404,0,0,0,0,0,0,0,304,0,0,227899,0,0,0,0,0,0,0,0,0,0,0,0,0,0,0,0,0,0,0,30736422,0,0,0,0,0,0,0,0,227899,0,835,0,0,0,0,0,0,0,0,31243064,0,0,0,0/RP0/CPU0

2020-02-06 19:06:58.635000+00:00,dr02,sg2,obt-collector1,0,245,0,0,0,0,0,0,0,0,0,0,0,0,0,0,0,0,0,0,155,0,0,0,0,0,0,0,0,0,0,0,82,8,0,0,28,0,92884,65873,0,38121,0,65886,92875,0,46640,0,0,80,0,82,0,0,0,0,205644,0,0,0,0,0,0,0,0,64,0,16,0,0,0,0,38317,0,0,0,1796729,0,64,0,0/0/CPU0

2020-02-06 19:06:58.639000+00:00,dr02,sg2,obt-collector1,0,33450,0,0,0,0,0,0,0,0,0,0,0,0,0,0,0,0,0,0,0,0,0,0,0,0,0,0,0,33436,0,0,14,0,0,0,9,0,50365,32403,0,20826,0,32414,77952,0,31115,0,3,20,0,14,0,0,0,0,174941,0,0,0,0,0,0,0,0,16,0,3,0,0,0,0,20876,0,0,0,1302980,0,16,0,0/1/CPU0

2020-02-06 19:06:58.641000+00:00,dr02,sg2,obt-collector1,0,304,0,0,0,0,0,0,0,0,0,0,227903,0,0,0,0,0,0,0,0,0,0,0,0,404,0,0,0,0,0,0,0,304,0,0,227903,0,0,0,0,0,0,0,0,0,0,0,0,0,0,0,0,0,0,0,30736747,0,0,0,0,0,0,0,0,227903,0,835,0,0,0,0,0,0,0,0,31243401,0,0,0,0/RP0/CPU0

2020-02-06 19:07:15.064000+00:00,dr02,sg2,obt-collector1,0,245,0,0,0,0,0,0,0,0,0,0,0,0,0,0,0,0,0,0,155,0,0,0,0,0,0,0,0,0,0,0,82,8,0,0,28,0,92887,65873,0,38123,0,65886,92878,0,46643,0,0,80,0,82,0,0,0,0,205650,0,0,0,0,0,0,0,0,64,0,16,0,0,0,0,38319,0,0,0,1796771,0,64,0,0/0/CPU0

2020-02-06 19:07:15.068000+00:00,dr02,sg2,obt-collector1,0,33450,0,0,0,0,0,0,0,0,0,0,0,0,0,0,0,0,0,0,0,0,0,0,0,0,0,0,0,33436,0,0,14,0,0,0,9,0,50366,32403,0,20827,0,32414,77953,0,31117,0,3,20,0,14,0,0,0,0,174944,0,0,0,0,0,0,0,0,16,0,3,0,0,0,0,20877,0,0,0,1303011,0,16,0,0/1/CPU0

2020-02-06 19:07:15.071000+00:00,dr02,sg2,obt-collector1,0,304,0,0,0,0,0,0,0,0,0,0,227903,0,0,0,0,0,0,0,0,0,0,0,0,404,0,0,0,0,0,0,0,304,0,0,227903,0,0,0,0,0,0,0,0,0,0,0,0,0,0,0,0,0,0,0,30736865,0,0,0,0,0,0,0,0,227903,0,835,0,0,0,0,0,0,0,0,31243521,0,0,0,0/RP0/CPU0

2020-02-06 19:07:23.258000+00:00,dr02,sg2,obt-collector1,0,245,0,0,0,0,0,0,0,0,0,0,0,0,0,0,0,0,0,0,155,0,0,0,0,0,0,0,0,0,0,0,82,8,0,0,28,0,92888,65873,0,38124,0,65886,92879,0,46643,0,0,80,0,82,0,0,0,0,205651,0,0,0,0,0,0,0,0,64,0,16,0,0,0,0,38320,0,0,0,1796791,0,64,0,0/0/CPU0

2020-02-06 19:07:23.262000+00:00,dr02,sg2,obt-collector1,0,33450,0,0,0,0,0,0,0,0,0,0,0,0,0,0,0,0,0,0,0,0,0,0,0,0,0,0,0,33436,0,0,14,0,0,0,9,0,50366,32403,0,20827,0,32414,77953,0,31119,0,3,20,0,14,0,0,0,0,174946,0,0,0,0,0,0,0,0,16,0,3,0,0,0,0,20877,0,0,0,1303024,0,16,0,0/1/CPU0

2020-02-06 19:07:23.265000+00:00,dr02,sg2,obt-collector1,0,304,0,0,0,0,0,0,0,0,0,0,227903,0,0,0,0,0,0,0,0,0,0,0,0,404,0,0,0,0,0,0,0,304,0,0,227903,0,0,0,0,0,0,0,0,0,0,0,0,0,0,0,0,0,0,0,30736933,0,0,0,0,0,0,0,0,227903,0,835,0,0,0,0,0,0,0,0,31243593,0,0,0,0/RP0/CPU0

2020-02-06 19:07:39.716000+00:00,dr02,sg2,obt-collector1,0,245,0,0,0,0,0,0,0,0,0,0,0,0,0,0,0,0,0,0,155,0,0,0,0,0,0,0,0,0,0,0,82,8,0,0,28,0,92890,65873,0,38124,0,65886,92881,0,46643,0,0,80,0,82,0,0,0,0,205653,0,0,0,0,0,0,0,0,64,0,16,0,0,0,0,38320,0,0,0,1796832,0,64,0,0/0/CPU0

2020-02-06 19:07:39.721000+00:00,dr02,sg2,obt-collector1,0,33450,0,0,0,0,0,0,0,0,0,0,0,0,0,0,0,0,0,0,0,0,0,0,0,0,0,0,0,33436,0,0,14,0,0,0,9,0,50367,32403,0,20828,0,32414,77954,0,31120,0,3,20,0,14,0,0,0,0,174948,0,0,0,0,0,0,0,0,16,0,3,0,0,0,0,20878,0,0,0,1303054,0,16,0,0/1/CPU0

2020-02-06 19:07:39.723000+00:00,dr02,sg2,obt-collector1,0,304,0,0,0,0,0,0,0,0,0,0,227903,0,0,0,0,0,0,0,0,0,0,0,0,404,0,0,0,0,0,0,0,304,0,0,227903,0,0,0,0,0,0,0,0,0,0,0,0,0,0,0,0,0,0,0,30737037,0,0,0,0,0,0,0,0,227903,0,835,0,0,0,0,0,0,0,0,31243703,0,0,0,0/RP0/CPU0

2020-02-06 19:09:12.689000+00:00,dr02,sg2,obt-collector1,0,245,0,0,0,0,0,0,0,0,0,0,0,0,0,0,0,0,0,0,155,0,0,0,0,0,0,0,0,0,0,0,82,8,0,0,28,0,92901,65888,0,38129,0,65901,92892,0,46651,0,0,80,0,82,0,0,0,0,205687,0,0,0,0,0,0,0,0,64,0,16,0,0,0,0,38325,0,0,0,1797079,0,64,0,0/0/CPU0

2020-02-06 19:09:12.692000+00:00,dr02,sg2,obt-collector1,0,33454,0,0,0,0,0,0,0,0,0,0,0,0,0,0,0,0,0,0,0,0,0,0,0,0,0,0,0,33440,0,0,14,0,0,0,9,0,50377,32409,0,20833,0,32420,77967,0,31121,0,3,20,0,14,0,0,0,0,174972,0,0,0,0,0,0,0,0,16,0,3,0,0,0,0,20883,0,0,0,1303235,0,16,0,0/1/CPU0

2020-02-06 19:09:12.695000+00:00,dr02,sg2,obt-collector1,0,304,0,0,0,0,0,0,0,0,0,0,227907,0,0,0,0,0,0,0,0,0,0,0,0,404,0,0,0,0,0,0,0,304,0,0,227907,0,0,0,0,0,0,0,0,0,0,0,0,0,0,0,0,0,0,0,30737711,0,0,0,0,0,0,0,0,227907,0,835,0,0,0,0,0,0,0,0,31244409,0,0,0,0/RP0/CPU0

2020-02-06 19:09:29.021000+00:00,dr02,sg2,obt-collector1,0,245,0,0,0,0,0,0,0,0,0,0,0,0,0,0,0,0,0,0,155,0,0,0,0,0,0,0,0,0,0,0,82,8,0,0,28,0,92902,65890,0,38130,0,65903,92893,0,46651,0,0,80,0,82,0,0,0,0,205690,0,0,0,0,0,0,0,0,64,0,16,0,0,0,0,38326,0,0,0,1797121,0,64,0,0/0/CPU0

2020-02-06 19:09:29.024000+00:00,dr02,sg2,obt-collector1,0,33454,0,0,0,0,0,0,0,0,0,0,0,0,0,0,0,0,0,0,0,0,0,0,0,0,0,0,0,33440,0,0,14,0,0,0,9,0,50377,32410,0,20833,0,32421,77967,0,31121,0,3,20,0,14,0,0,0,0,174973,0,0,0,0,0,0,0,0,16,0,3,0,0,0,0,20883,0,0,0,1303264,0,16,0,0/1/CPU0

2020-02-06 19:09:29.027000+00:00,dr02,sg2,obt-collector1,0,304,0,0,0,0,0,0,0,0,0,0,227907,0,0,0,0,0,0,0,0,0,0,0,0,404,0,0,0,0,0,0,0,304,0,0,227907,0,0,0,0,0,0,0,0,0,0,0,0,0,0,0,0,0,0,0,30737813,0,0,0,0,0,0,0,0,227907,0,835,0,0,0,0,0,0,0,0,31244517,0,0,0,0/RP0/CPU0

2020-02-06 19:09:37.358000+00:00,dr02,sg2,obt-collector1,0,245,0,0,0,0,0,0,0,0,0,0,0,0,0,0,0,0,0,0,155,0,0,0,0,0,0,0,0,0,0,0,82,8,0,0,28,0,92904,65890,0,38131,0,65903,92895,0,46651,0,0,80,0,82,0,0,0,0,205692,0,0,0,0,0,0,0,0,64,0,16,0,0,0,0,38327,0,0,0,1797143,0,64,0,0/0/CPU0

2020-02-06 19:09:37.362000+00:00,dr02,sg2,obt-collector1,0,33454,0,0,0,0,0,0,0,0,0,0,0,0,0,0,0,0,0,0,0,0,0,0,0,0,0,0,0,33440,0,0,14,0,0,0,9,0,50377,32410,0,20833,0,32421,77967,0,31121,0,3,20,0,14,0,0,0,0,174973,0,0,0,0,0,0,0,0,16,0,3,0,0,0,0,20883,0,0,0,1303279,0,16,0,0/1/CPU0

2020-02-06 19:09:37.365000+00:00,dr02,sg2,obt-collector1,0,304,0,0,0,0,0,0,0,0,0,0,227907,0,0,0,0,0,0,0,0,0,0,0,0,404,0,0,0,0,0,0,0,304,0,0,227907,0,0,0,0,0,0,0,0,0,0,0,0,0,0,0,0,0,0,0,30737881,0,0,0,0,0,0,0,0,227907,0,835,0,0,0,0,0,0,0,0,31244589,0,0,0,0/RP0/CPU0

2020-02-06 19:09:55.762000+00:00,dr02,sg2,obt-collector1,0,245,0,0,0,0,0,0,0,0,0,0,0,0,0,0,0,0,0,0,155,0,0,0,0,0,0,0,0,0,0,0,82,8,0,0,28,0,92906,65890,0,38132,0,65903,92897,0,46652,0,0,80,0,82,0,0,0,0,205695,0,0,0,0,0,0,0,0,64,0,16,0,0,0,0,38328,0,0,0,1797188,0,64,0,0/0/CPU0

2020-02-06 19:09:55.766000+00:00,dr02,sg2,obt-collector1,0,33454,0,0,0,0,0,0,0,0,0,0,0,0,0,0,0,0,0,0,0,0,0,0,0,0,0,0,0,33440,0,0,14,0,0,0,9,0,50377,32410,0,20833,0,32421,77970,0,31123,0,3,20,0,14,0,0,0,0,174978,0,0,0,0,0,0,0,0,16,0,3,0,0,0,0,20883,0,0,0,1303312,0,16,0,0/1/CPU0

2020-02-06 19:09:55.769000+00:00,dr02,sg2,obt-collector1,0,304,0,0,0,0,0,0,0,0,0,0,227907,0,0,0,0,0,0,0,0,0,0,0,0,404,0,0,0,0,0,0,0,304,0,0,227907,0,0,0,0,0,0,0,0,0,0,0,0,0,0,0,0,0,0,0,30737992,0,0,0,0,0,0,0,0,227907,0,835,0,0,0,0,0,0,0,0,31244707,0,0,0,0/RP0/CPU0

2020-02-06 19:10:20.509000+00:00,dr02,sg2,obt-collector1,0,245,0,0,0,0,0,0,0,0,0,0,0,0,0,0,0,0,0,0,155,0,0,0,0,0,0,0,0,0,0,0,82,8,0,0,28,0,92911,65890,0,38133,0,65903,92902,0,46654,0,0,80,0,82,0,0,0,0,205702,0,0,0,0,0,0,0,0,64,0,16,0,0,0,0,38329,0,0,0,1797250,0,64,0,0/0/CPU0

2020-02-06 19:10:20.512000+00:00,dr02,sg2,obt-collector1,0,33457,0,0,0,0,0,0,0,0,0,0,0,0,0,0,0,0,0,0,0,0,0,0,0,0,0,0,0,33443,0,0,14,0,0,0,9,0,50379,32412,0,20834,0,32423,77974,0,31126,0,3,20,0,14,0,0,0,0,174990,0,0,0,0,0,0,0,0,16,0,3,0,0,0,0,20884,0,0,0,1303358,0,16,0,0/1/CPU0

2020-02-06 19:10:20.515000+00:00,dr02,sg2,obt-collector1,0,304,0,0,0,0,0,0,0,0,0,0,227910,0,0,0,0,0,0,0,0,0,0,0,0,404,0,0,0,0,0,0,0,304,0,0,227910,0,0,0,0,0,0,0,0,0,0,0,0,0,0,0,0,0,0,0,30738160,0,0,0,0,0,0,0,0,227910,0,835,0,0,0,0,0,0,0,0,31244887,0,0,0,0/RP0/CPU0

2020-02-06 19:11:20.332000+00:00,dr02,sg2,obt-collector1,0,245,0,0,0,0,0,0,0,0,0,0,0,0,0,0,0,0,0,0,155,0,0,0,0,0,0,0,0,0,0,0,82,8,0,0,28,0,92920,65897,0,38138,0,65910,92911,0,46658,0,0,80,0,82,0,0,0,0,205722,0,0,0,0,0,0,0,0,64,0,16,0,0,0,0,38334,0,0,0,1797406,0,64,0,0/0/CPU0

2020-02-06 19:11:20.336000+00:00,dr02,sg2,obt-collector1,0,33458,0,0,0,0,0,0,0,0,0,0,0,0,0,0,0,0,0,0,0,0,0,0,0,0,0,0,0,33444,0,0,14,0,0,0,9,0,50387,32417,0,20836,0,32428,77986,0,31128,0,3,20,0,14,0,0,0,0,175010,0,0,0,0,0,0,0,0,16,0,3,0,0,0,0,20886,0,0,0,1303475,0,16,0,0/1/CPU0

2020-02-06 19:11:20.338000+00:00,dr02,sg2,obt-collector1,0,304,0,0,0,0,0,0,0,0,0,0,227911,0,0,0,0,0,0,0,0,0,0,0,0,404,0,0,0,0,0,0,0,304,0,0,227911,0,0,0,0,0,0,0,0,0,0,0,0,0,0,0,0,0,0,0,30738569,0,0,0,0,0,0,0,0,227911,0,835,0,0,0,0,0,0,0,0,31245316,0,0,0,0/RP0/CPU0

2020-02-06 19:12:10.852000+00:00,dr02,sg2,obt-collector1,0,245,0,0,0,0,0,0,0,0,0,0,0,0,0,0,0,0,0,0,155,0,0,0,0,0,0,0,0,0,0,0,82,8,0,0,28,0,92925,65902,0,38140,0,65915,92916,0,46663,0,0,80,0,82,0,0,0,0,205737,0,0,0,0,0,0,0,0,64,0,16,0,0,0,0,38336,0,0,0,1797536,0,64,0,0/0/CPU0

2020-02-06 19:12:10.856000+00:00,dr02,sg2,obt-collector1,0,33462,0,0,0,0,0,0,0,0,0,0,0,0,0,0,0,0,0,0,0,0,0,0,0,0,0,0,0,33448,0,0,14,0,0,0,9,0,50390,32419,0,20838,0,32430,77989,0,31129,0,3,20,0,14,0,0,0,0,175020,0,0,0,0,0,0,0,0,16,0,3,0,0,0,0,20888,0,0,0,1303567,0,16,0,0/1/CPU0

2020-02-06 19:12:10.859000+00:00,dr02,sg2,obt-collector1,0,304,0,0,0,0,0,0,0,0,0,0,227915,0,0,0,0,0,0,0,0,0,0,0,0,404,0,0,0,0,0,0,0,304,0,0,227915,0,0,0,0,0,0,0,0,0,0,0,0,0,0,0,0,0,0,0,30738916,0,0,0,0,0,0,0,0,227915,0,835,0,0,0,0,0,0,0,0,31245687,0,0,0,0/RP0/CPU0

2020-02-06 19:12:27.210000+00:00,dr02,sg2,obt-collector1,0,245,0,0,0,0,0,0,0,0,0,0,0,0,0,0,0,0,0,0,155,0,0,0,0,0,0,0,0,0,0,0,82,8,0,0,28,0,92926,65906,0,38140,0,65919,92917,0,46664,0,0,80,0,82,0,0,0,0,205743,0,0,0,0,0,0,0,0,64,0,16,0,0,0,0,38336,0,0,0,1797578,0,64,0,0/0/CPU0

2020-02-06 19:12:27.213000+00:00,dr02,sg2,obt-collector1,0,33462,0,0,0,0,0,0,0,0,0,0,0,0,0,0,0,0,0,0,0,0,0,0,0,0,0,0,0,33448,0,0,14,0,0,0,9,0,50390,32419,0,20838,0,32430,77991,0,31129,0,3,20,0,14,0,0,0,0,175022,0,0,0,0,0,0,0,0,16,0,3,0,0,0,0,20888,0,0,0,1303594,0,16,0,0/1/CPU0

2020-02-06 19:12:27.216000+00:00,dr02,sg2,obt-collector1,0,304,0,0,0,0,0,0,0,0,0,0,227915,0,0,0,0,0,0,0,0,0,0,0,0,404,0,0,0,0,0,0,0,304,0,0,227915,0,0,0,0,0,0,0,0,0,0,0,0,0,0,0,0,0,0,0,30739047,0,0,0,0,0,0,0,0,227915,0,835,0,0,0,0,0,0,0,0,31245821,0,0,0,0/RP0/CPU0

2020-02-06 19:12:43.506000+00:00,dr02,sg2,obt-collector1,0,245,0,0,0,0,0,0,0,0,0,0,0,0,0,0,0,0,0,0,155,0,0,0,0,0,0,0,0,0,0,0,82,8,0,0,28,0,92928,65906,0,38142,0,65919,92919,0,46665,0,0,80,0,82,0,0,0,0,205746,0,0,0,0,0,0,0,0,64,0,16,0,0,0,0,38338,0,0,0,1797619,0,64,0,0/0/CPU0

2020-02-06 19:12:43.510000+00:00,dr02,sg2,obt-collector1,0,33466,0,0,0,0,0,0,0,0,0,0,0,0,0,0,0,0,0,0,0,0,0,0,0,0,0,0,0,33452,0,0,14,0,0,0,9,0,50390,32420,0,20838,0,32431,77992,0,31129,0,3,20,0,14,0,0,0,0,175028,0,0,0,0,0,0,0,0,16,0,3,0,0,0,0,20888,0,0,0,1303623,0,16,0,0/1/CPU0

2020-02-06 19:12:43.513000+00:00,dr02,sg2,obt-collector1,0,304,0,0,0,0,0,0,0,0,0,0,227919,0,0,0,0,0,0,0,0,0,0,0,0,404,0,0,0,0,0,0,0,304,0,0,227919,0,0,0,0,0,0,0,0,0,0,0,0,0,0,0,0,0,0,0,30739151,0,0,0,0,0,0,0,0,227919,0,835,0,0,0,0,0,0,0,0,31245933,0,0,0,0/RP0/CPU0

2020-02-06 19:13:18.589000+00:00,dr02,sg2,obt-collector1,0,245,0,0,0,0,0,0,0,0,0,0,0,0,0,0,0,0,0,0,155,0,0,0,0,0,0,0,0,0,0,0,82,8,0,0,28,0,92935,65906,0,38145,0,65919,92926,0,46666,0,0,80,0,82,0,0,0,0,205754,0,0,0,0,0,0,0,0,64,0,16,0,0,0,0,38341,0,0,0,1797710,0,64,0,0/0/CPU0

2020-02-06 19:13:18.594000+00:00,dr02,sg2,obt-collector1,0,33466,0,0,0,0,0,0,0,0,0,0,0,0,0,0,0,0,0,0,0,0,0,0,0,0,0,0,0,33452,0,0,14,0,0,0,9,0,50392,32420,0,20838,0,32431,77994,0,31136,0,3,20,0,14,0,0,0,0,175037,0,0,0,0,0,0,0,0,16,0,3,0,0,0,0,20888,0,0,0,1303687,0,16,0,0/1/CPU0

2020-02-06 19:13:18.597000+00:00,dr02,sg2,obt-collector1,0,304,0,0,0,0,0,0,0,0,0,0,227919,0,0,0,0,0,0,0,0,0,0,0,0,404,0,0,0,0,0,0,0,304,0,0,227919,0,0,0,0,0,0,0,0,0,0,0,0,0,0,0,0,0,0,0,30739389,0,0,0,0,0,0,0,0,227919,0,835,0,0,0,0,0,0,0,0,31246185,0,0,0,0/RP0/CPU0

2020-02-06 19:13:34.902000+00:00,dr02,sg2,obt-collector1,0,245,0,0,0,0,0,0,0,0,0,0,0,0,0,0,0,0,0,0,155,0,0,0,0,0,0,0,0,0,0,0,82,8,0,0,28,0,92938,65906,0,38145,0,65919,92929,0,46667,0,0,80,0,82,0,0,0,0,205758,0,0,0,0,0,0,0,0,64,0,16,0,0,0,0,38341,0,0,0,1797749,0,64,0,0/0/CPU0

2020-02-06 19:13:34.905000+00:00,dr02,sg2,obt-collector1,0,33466,0,0,0,0,0,0,0,0,0,0,0,0,0,0,0,0,0,0,0,0,0,0,0,0,0,0,0,33452,0,0,14,0,0,0,9,0,50393,32420,0,20840,0,32431,77995,0,31136,0,3,20,0,14,0,0,0,0,175038,0,0,0,0,0,0,0,0,16,0,3,0,0,0,0,20890,0,0,0,1303718,0,16,0,0/1/CPU0

2020-02-06 19:13:34.908000+00:00,dr02,sg2,obt-collector1,0,304,0,0,0,0,0,0,0,0,0,0,227919,0,0,0,0,0,0,0,0,0,0,0,0,404,0,0,0,0,0,0,0,304,0,0,227919,0,0,0,0,0,0,0,0,0,0,0,0,0,0,0,0,0,0,0,30739491,0,0,0,0,0,0,0,0,227919,0,835,0,0,0,0,0,0,0,0,31246293,0,0,0,0/RP0/CPU0

2020-02-06 19:15:16.206000+00:00,dr02,sg2,obt-collector1,0,245,0,0,0,0,0,0,0,0,0,0,0,0,0,0,0,0,0,0,155,0,0,0,0,0,0,0,0,0,0,0,82,8,0,0,28,0,92949,65920,0,38150,0,65933,92940,0,46676,0,0,80,0,82,0,0,0,0,205792,0,0,0,0,0,0,0,0,64,0,16,0,0,0,0,38346,0,0,0,1798011,0,64,0,0/0/CPU0

2020-02-06 19:15:16.209000+00:00,dr02,sg2,obt-collector1,0,33470,0,0,0,0,0,0,0,0,0,0,0,0,0,0,0,0,0,0,0,0,0,0,0,0,0,0,0,33456,0,0,14,0,0,0,9,0,50403,32426,0,20843,0,32437,78011,0,31137,0,3,20,0,14,0,0,0,0,175065,0,0,0,0,0,0,0,0,16,0,3,0,0,0,0,20893,0,0,0,1303910,0,16,0,0/1/CPU0

2020-02-06 19:15:16.213000+00:00,dr02,sg2,obt-collector1,0,304,0,0,0,0,0,0,0,0,0,0,227923,0,0,0,0,0,0,0,0,0,0,0,0,404,0,0,0,0,0,0,0,304,0,0,227923,0,0,0,0,0,0,0,0,0,0,0,0,0,0,0,0,0,0,0,30740214,0,0,0,0,0,0,0,0,227923,0,835,0,0,0,0,0,0,0,0,31246965,0,0,0,0/RP0/CPU0

2020-02-06 19:15:40.800000+00:00,dr02,sg2,obt-collector1,0,245,0,0,0,0,0,0,0,0,0,0,0,0,0,0,0,0,0,0,155,0,0,0,0,0,0,0,0,0,0,0,82,8,0,0,28,0,92952,65922,0,38151,0,65935,92943,0,46677,0,0,80,0,82,0,0,0,0,205798,0,0,0,0,0,0,0,0,64,0,16,0,0,0,0,38347,0,0,0,1798073,0,64,0,0/0/CPU0

2020-02-06 19:15:40.804000+00:00,dr02,sg2,obt-collector1,0,33474,0,0,0,0,0,0,0,0,0,0,0,0,0,0,0,0,0,0,0,0,0,0,0,0,0,0,0,33460,0,0,14,0,0,0,9,0,50403,32428,0,20843,0,32439,78011,0,31137,0,3,20,0,14,0,0,0,0,175071,0,0,0,0,0,0,0,0,16,0,3,0,0,0,0,20893,0,0,0,1303954,0,16,0,0/1/CPU0

2020-02-06 19:15:40.808000+00:00,dr02,sg2,obt-collector1,0,304,0,0,0,0,0,0,0,0,0,0,227927,0,0,0,0,0,0,0,0,0,0,0,0,404,0,0,0,0,0,0,0,304,0,0,227927,0,0,0,0,0,0,0,0,0,0,0,0,0,0,0,0,0,0,0,30740378,0,0,0,0,0,0,0,0,227927,0,835,0,0,0,0,0,0,0,0,31247116,0,0,0,0/RP0/CPU0

2020-02-06 19:16:15.648000+00:00,dr02,sg2,obt-collector1,0,245,0,0,0,0,0,0,0,0,0,0,0,0,0,0,0,0,0,0,155,0,0,0,0,0,0,0,0,0,0,0,82,8,0,0,28,0,92959,65922,0,38154,0,65935,92950,0,46678,0,0,80,0,82,0,0,0,0,205806,0,0,0,0,0,0,0,0,64,0,16,0,0,0,0,38350,0,0,0,1798162,0,64,0,0/0/CPU0

2020-02-06 19:16:15.651000+00:00,dr02,sg2,obt-collector1,0,33474,0,0,0,0,0,0,0,0,0,0,0,0,0,0,0,0,0,0,0,0,0,0,0,0,0,0,0,33460,0,0,14,0,0,0,9,0,50405,32428,0,20843,0,32439,78013,0,31144,0,3,20,0,14,0,0,0,0,175080,0,0,0,0,0,0,0,0,16,0,3,0,0,0,0,20893,0,0,0,1304016,0,16,0,0/1/CPU0

2020-02-06 19:16:15.654000+00:00,dr02,sg2,obt-collector1,0,304,0,0,0,0,0,0,0,0,0,0,227927,0,0,0,0,0,0,0,0,0,0,0,0,404,0,0,0,0,0,0,0,304,0,0,227927,0,0,0,0,0,0,0,0,0,0,0,0,0,0,0,0,0,0,0,30740616,0,0,0,0,0,0,0,0,227927,0,835,0,0,0,0,0,0,0,0,31247322,0,0,0,0/RP0/CPU0

2020-02-06 19:16:32.065000+00:00,dr02,sg2,obt-collector1,0,245,0,0,0,0,0,0,0,0,0,0,0,0,0,0,0,0,0,0,155,0,0,0,0,0,0,0,0,0,0,0,82,8,0,0,28,0,92962,65922,0,38155,0,65935,92953,0,46679,0,0,80,0,82,0,0,0,0,205810,0,0,0,0,0,0,0,0,64,0,16,0,0,0,0,38351,0,0,0,1798204,0,64,0,0/0/CPU0

2020-02-06 19:16:32.069000+00:00,dr02,sg2,obt-collector1,0,33474,0,0,0,0,0,0,0,0,0,0,0,0,0,0,0,0,0,0,0,0,0,0,0,0,0,0,0,33460,0,0,14,0,0,0,9,0,50406,32428,0,20845,0,32439,78016,0,31144,0,3,20,0,14,0,0,0,0,175083,0,0,0,0,0,0,0,0,16,0,3,0,0,0,0,20895,0,0,0,1304048,0,16,0,0/1/CPU0

2020-02-06 19:16:32.072000+00:00,dr02,sg2,obt-collector1,0,304,0,0,0,0,0,0,0,0,0,0,227927,0,0,0,0,0,0,0,0,0,0,0,0,404,0,0,0,0,0,0,0,304,0,0,227927,0,0,0,0,0,0,0,0,0,0,0,0,0,0,0,0,0,0,0,30740728,0,0,0,0,0,0,0,0,227927,0,835,0,0,0,0,0,0,0,0,31247419,0,0,0,0/RP0/CPU0

2020-02-06 19:16:40.436000+00:00,dr02,sg2,obt-collector1,0,245,0,0,0,0,0,0,0,0,0,0,0,0,0,0,0,0,0,0,155,0,0,0,0,0,0,0,0,0,0,0,82,8,0,0,28,0,92962,65922,0,38155,0,65935,92953,0,46680,0,0,80,0,82,0,0,0,0,205811,0,0,0,0,0,0,0,0,64,0,16,0,0,0,0,38351,0,0,0,1798224,0,64,0,0/0/CPU0

2020-02-06 19:16:40.440000+00:00,dr02,sg2,obt-collector1,0,33474,0,0,0,0,0,0,0,0,0,0,0,0,0,0,0,0,0,0,0,0,0,0,0,0,0,0,0,33460,0,0,14,0,0,0,9,0,50407,32428,0,20845,0,32439,78018,0,31144,0,3,20,0,14,0,0,0,0,175085,0,0,0,0,0,0,0,0,16,0,3,0,0,0,0,20895,0,0,0,1304063,0,16,0,0/1/CPU0

2020-02-06 19:16:40.444000+00:00,dr02,sg2,obt-collector1,0,304,0,0,0,0,0,0,0,0,0,0,227927,0,0,0,0,0,0,0,0,0,0,0,0,404,0,0,0,0,0,0,0,304,0,0,227927,0,0,0,0,0,0,0,0,0,0,0,0,0,0,0,0,0,0,0,30740790,0,0,0,0,0,0,0,0,227927,0,835,0,0,0,0,0,0,0,0,31247472,0,0,0,0/RP0/CPU0

2020-02-06 19:16:48.585000+00:00,dr02,sg2,obt-collector1,0,245,0,0,0,0,0,0,0,0,0,0,0,0,0,0,0,0,0,0,155,0,0,0,0,0,0,0,0,0,0,0,82,8,0,0,28,0,92964,65924,0,38156,0,65937,92955,0,46681,0,0,80,0,82,0,0,0,0,205816,0,0,0,0,0,0,0,0,64,0,16,0,0,0,0,38352,0,0,0,1798248,0,64,0,0/0/CPU0

2020-02-06 19:16:48.589000+00:00,dr02,sg2,obt-collector1,0,33478,0,0,0,0,0,0,0,0,0,0,0,0,0,0,0,0,0,0,0,0,0,0,0,0,0,0,0,33464,0,0,14,0,0,0,9,0,50408,32430,0,20846,0,32441,78019,0,31144,0,3,20,0,14,0,0,0,0,175092,0,0,0,0,0,0,0,0,16,0,3,0,0,0,0,20896,0,0,0,1304081,0,16,0,0/1/CPU0

2020-02-06 19:16:48.592000+00:00,dr02,sg2,obt-collector1,0,304,0,0,0,0,0,0,0,0,0,0,227931,0,0,0,0,0,0,0,0,0,0,0,0,404,0,0,0,0,0,0,0,304,0,0,227931,0,0,0,0,0,0,0,0,0,0,0,0,0,0,0,0,0,0,0,30740855,0,0,0,0,0,0,0,0,227931,0,835,0,0,0,0,0,0,0,0,31247533,0,0,0,0/RP0/CPU0

2020-02-06 19:16:56.771000+00:00,dr02,sg2,obt-collector1,0,245,0,0,0,0,0,0,0,0,0,0,0,0,0,0,0,0,0,0,155,0,0,0,0,0,0,0,0,0,0,0,82,8,0,0,28,0,92965,65926,0,38157,0,65939,92956,0,46683,0,0,80,0,82,0,0,0,0,205821,0,0,0,0,0,0,0,0,64,0,16,0,0,0,0,38353,0,0,0,1798271,0,64,0,0/0/CPU0

2020-02-06 19:16:56.775000+00:00,dr02,sg2,obt-collector1,0,33478,0,0,0,0,0,0,0,0,0,0,0,0,0,0,0,0,0,0,0,0,0,0,0,0,0,0,0,33464,0,0,14,0,0,0,9,0,50409,32431,0,20846,0,32442,78020,0,31144,0,3,20,0,14,0,0,0,0,175094,0,0,0,0,0,0,0,0,16,0,3,0,0,0,0,20896,0,0,0,1304097,0,16,0,0/1/CPU0

2020-02-06 19:16:56.778000+00:00,dr02,sg2,obt-collector1,0,304,0,0,0,0,0,0,0,0,0,0,227931,0,0,0,0,0,0,0,0,0,0,0,0,404,0,0,0,0,0,0,0,304,0,0,227931,0,0,0,0,0,0,0,0,0,0,0,0,0,0,0,0,0,0,0,30740899,0,0,0,0,0,0,0,0,227931,0,835,0,0,0,0,0,0,0,0,31247573,0,0,0,0/RP0/CPU0

2020-02-06 19:17:29.715000+00:00,dr02,sg2,obt-collector1,0,245,0,0,0,0,0,0,0,0,0,0,0,0,0,0,0,0,0,0,155,0,0,0,0,0,0,0,0,0,0,0,82,8,0,0,28,0,92968,65929,0,38157,0,65942,92959,0,46683,0,0,80,0,82,0,0,0,0,205827,0,0,0,0,0,0,0,0,64,0,16,0,0,0,0,38353,0,0,0,1798354,0,64,0,0/0/CPU0

2020-02-06 19:17:29.719000+00:00,dr02,sg2,obt-collector1,0,33478,0,0,0,0,0,0,0,0,0,0,0,0,0,0,0,0,0,0,0,0,0,0,0,0,0,0,0,33464,0,0,14,0,0,0,9,0,50414,32433,0,20847,0,32444,78025,0,31145,0,3,20,0,14,0,0,0,0,175102,0,0,0,0,0,0,0,0,16,0,3,0,0,0,0,20897,0,0,0,1304162,0,16,0,0/1/CPU0

2020-02-06 19:17:29.722000+00:00,dr02,sg2,obt-collector1,0,304,0,0,0,0,0,0,0,0,0,0,227931,0,0,0,0,0,0,0,0,0,0,0,0,404,0,0,0,0,0,0,0,304,0,0,227931,0,0,0,0,0,0,0,0,0,0,0,0,0,0,0,0,0,0,0,30741127,0,0,0,0,0,0,0,0,227931,0,835,0,0,0,0,0,0,0,0,31247773,0,0,0,0/RP0/CPU0

2020-02-06 19:18:02.777000+00:00,dr02,sg2,obt-collector1,0,245,0,0,0,0,0,0,0,0,0,0,0,0,0,0,0,0,0,0,155,0,0,0,0,0,0,0,0,0,0,0,82,8,0,0,28,0,92972,65933,0,38158,0,65946,92963,0,46685,0,0,80,0,82,0,0,0,0,205837,0,0,0,0,0,0,0,0,64,0,16,0,0,0,0,38354,0,0,0,1798437,0,64,0,0/0/CPU0

2020-02-06 19:18:02.781000+00:00,dr02,sg2,obt-collector1,0,33482,0,0,0,0,0,0,0,0,0,0,0,0,0,0,0,0,0,0,0,0,0,0,0,0,0,0,0,33468,0,0,14,0,0,0,9,0,50416,32434,0,20848,0,32445,78030,0,31145,0,3,20,0,14,0,0,0,0,175112,0,0,0,0,0,0,0,0,16,0,3,0,0,0,0,20898,0,0,0,1304224,0,16,0,0/1/CPU0

2020-02-06 19:18:02.785000+00:00,dr02,sg2,obt-collector1,0,304,0,0,0,0,0,0,0,0,0,0,227935,0,0,0,0,0,0,0,0,0,0,0,0,404,0,0,0,0,0,0,0,304,0,0,227935,0,0,0,0,0,0,0,0,0,0,0,0,0,0,0,0,0,0,0,30741369,0,0,0,0,0,0,0,0,227935,0,835,0,0,0,0,0,0,0,0,31247987,0,0,0,0/RP0/CPU0

2020-02-06 19:18:21.244000+00:00,dr02,sg2,obt-collector1,0,245,0,0,0,0,0,0,0,0,0,0,0,0,0,0,0,0,0,0,155,0,0,0,0,0,0,0,0,0,0,0,82,8,0,0,28,0,92973,65937,0,38160,0,65950,92964,0,46688,0,0,80,0,82,0,0,0,0,205845,0,0,0,0,0,0,0,0,64,0,16,0,0,0,0,38356,0,0,0,1798487,0,64,0,0/0/CPU0

2020-02-06 19:18:21.248000+00:00,dr02,sg2,obt-collector1,0,33482,0,0,0,0,0,0,0,0,0,0,0,0,0,0,0,0,0,0,0,0,0,0,0,0,0,0,0,33468,0,0,14,0,0,0,9,0,50416,32435,0,20848,0,32446,78030,0,31145,0,3,20,0,14,0,0,0,0,175113,0,0,0,0,0,0,0,0,16,0,3,0,0,0,0,20898,0,0,0,1304256,0,16,0,0/1/CPU0

2020-02-06 19:18:21.251000+00:00,dr02,sg2,obt-collector1,0,304,0,0,0,0,0,0,0,0,0,0,227935,0,0,0,0,0,0,0,0,0,0,0,0,404,0,0,0,0,0,0,0,304,0,0,227935,0,0,0,0,0,0,0,0,0,0,0,0,0,0,0,0,0,0,0,30741478,0,0,0,0,0,0,0,0,227935,0,835,0,0,0,0,0,0,0,0,31248087,0,0,0,0/RP0/CPU0

2020-02-06 19:18:37.673000+00:00,dr02,sg2,obt-collector1,0,245,0,0,0,0,0,0,0,0,0,0,0,0,0,0,0,0,0,0,155,0,0,0,0,0,0,0,0,0,0,0,82,8,0,0,28,0,92976,65938,0,38160,0,65951,92967,0,46688,0,0,80,0,82,0,0,0,0,205849,0,0,0,0,0,0,0,0,64,0,16,0,0,0,0,38356,0,0,0,1798529,0,64,0,0/0/CPU0

2020-02-06 19:18:37.677000+00:00,dr02,sg2,obt-collector1,0,33482,0,0,0,0,0,0,0,0,0,0,0,0,0,0,0,0,0,0,0,0,0,0,0,0,0,0,0,33468,0,0,14,0,0,0,9,0,50416,32436,0,20848,0,32447,78030,0,31146,0,3,20,0,14,0,0,0,0,175115,0,0,0,0,0,0,0,0,16,0,3,0,0,0,0,20898,0,0,0,1304286,0,16,0,0/1/CPU0

2020-02-06 19:18:37.680000+00:00,dr02,sg2,obt-collector1,0,304,0,0,0,0,0,0,0,0,0,0,227935,0,0,0,0,0,0,0,0,0,0,0,0,404,0,0,0,0,0,0,0,304,0,0,227935,0,0,0,0,0,0,0,0,0,0,0,0,0,0,0,0,0,0,0,30741607,0,0,0,0,0,0,0,0,227935,0,835,0,0,0,0,0,0,0,0,31248197,0,0,0,0/RP0/CPU0

2020-02-06 19:18:53.972000+00:00,dr02,sg2,obt-collector1,0,245,0,0,0,0,0,0,0,0,0,0,0,0,0,0,0,0,0,0,155,0,0,0,0,0,0,0,0,0,0,0,82,8,0,0,28,0,92977,65938,0,38162,0,65951,92968,0,46690,0,0,80,0,82,0,0,0,0,205852,0,0,0,0,0,0,0,0,64,0,16,0,0,0,0,38358,0,0,0,1798569,0,64,0,0/0/CPU0

2020-02-06 19:18:53.976000+00:00,dr02,sg2,obt-collector1,0,33482,0,0,0,0,0,0,0,0,0,0,0,0,0,0,0,0,0,0,0,0,0,0,0,0,0,0,0,33468,0,0,14,0,0,0,9,0,50416,32436,0,20848,0,32447,78030,0,31148,0,3,20,0,14,0,0,0,0,175117,0,0,0,0,0,0,0,0,16,0,3,0,0,0,0,20898,0,0,0,1304313,0,16,0,0/1/CPU0

2020-02-06 19:18:53.979000+00:00,dr02,sg2,obt-collector1,0,304,0,0,0,0,0,0,0,0,0,0,227935,0,0,0,0,0,0,0,0,0,0,0,0,404,0,0,0,0,0,0,0,304,0,0,227935,0,0,0,0,0,0,0,0,0,0,0,0,0,0,0,0,0,0,0,30741709,0,0,0,0,0,0,0,0,227935,0,835,0,0,0,0,0,0,0,0,31248287,0,0,0,0/RP0/CPU0

