,EncodingPath,Producer,Target,global__established-neighbors-count-total,global__neighbors-count-total,global__nexthop-count,global__restart-count,host,instance-name,performance-statistics__global__configuration-items-processed,performance-statistics__global__ipv4rib-server__is-rib-connection-up,performance-statistics__global__ipv4rib-server__rib-connection-up-count,performance-statistics__vrf__inbound-update-messages,vrf-name,vrf__neighbors-count,vrf__network-count,vrf__path-count,vrf__update-messages-received

2020-02-02 20:16:49.658000+00:00,Cisco-IOS-XR-ipv4-bgp-oper:bgp/instances/instance/instance-active/default-vrf/process-info,spine2,,61,64,231,2,,default,1,true,1,2039799,default,64,429,11308,2039799

2020-02-02 20:16:55.564000+00:00,Cisco-IOS-XR-ipv4-bgp-oper:bgp/instances/instance/instance-active/default-vrf/process-info,spine2,,61,64,231,2,,default,1,true,1,2039815,default,64,429,11312,2039815

2020-02-02 20:16:59.671000+00:00,Cisco-IOS-XR-ipv4-bgp-oper:bgp/instances/instance/instance-active/default-vrf/process-info,spine2,,61,64,231,2,,default,1,true,1,2039815,default,64,429,11312,2039815

2020-02-02 20:17:05.559000+00:00,Cisco-IOS-XR-ipv4-bgp-oper:bgp/instances/instance/instance-active/default-vrf/process-info,spine2,,61,64,231,2,,default,1,true,1,2039815,default,64,429,11312,2039815

2020-02-02 20:17:09.661000+00:00,Cisco-IOS-XR-ipv4-bgp-oper:bgp/instances/instance/instance-active/default-vrf/process-info,spine2,,61,64,231,2,,default,1,true,1,2039815,default,64,429,11312,2039815

2020-02-02 20:17:15.559000+00:00,Cisco-IOS-XR-ipv4-bgp-oper:bgp/instances/instance/instance-active/default-vrf/process-info,spine2,,61,64,231,2,,default,1,true,1,2039815,default,64,429,11312,2039815

2020-02-02 20:17:20.685000+00:00,Cisco-IOS-XR-ipv4-bgp-oper:bgp/instances/instance/instance-active/default-vrf/process-info,spine2,,61,64,231,2,,default,1,true,1,2039860,default,64,429,11325,2039860

2020-02-02 20:17:25.557000+00:00,Cisco-IOS-XR-ipv4-bgp-oper:bgp/instances/instance/instance-active/default-vrf/process-info,spine2,,61,64,231,2,,default,1,true,1,2039860,default,64,429,11325,2039860

2020-02-02 20:17:29.668000+00:00,Cisco-IOS-XR-ipv4-bgp-oper:bgp/instances/instance/instance-active/default-vrf/process-info,spine2,,61,64,231,2,,default,1,true,1,2039860,default,64,429,11325,2039860

2020-02-02 20:17:35.581000+00:00,Cisco-IOS-XR-ipv4-bgp-oper:bgp/instances/instance/instance-active/default-vrf/process-info,spine2,,61,64,231,2,,default,1,true,1,2039860,default,64,429,11325,2039860

2020-02-02 20:17:39.674000+00:00,Cisco-IOS-XR-ipv4-bgp-oper:bgp/instances/instance/instance-active/default-vrf/process-info,spine2,,61,64,231,2,,default,1,true,1,2039860,default,64,429,11325,2039860

2020-02-02 20:17:45.564000+00:00,Cisco-IOS-XR-ipv4-bgp-oper:bgp/instances/instance/instance-active/default-vrf/process-info,spine2,,61,64,231,2,,default,1,true,1,2039860,default,64,429,11325,2039860

2020-02-02 20:17:49.669000+00:00,Cisco-IOS-XR-ipv4-bgp-oper:bgp/instances/instance/instance-active/default-vrf/process-info,spine2,,61,64,231,2,,default,1,true,1,2039860,default,64,429,11325,2039860

2020-02-02 20:17:55.628000+00:00,Cisco-IOS-XR-ipv4-bgp-oper:bgp/instances/instance/instance-active/default-vrf/process-info,spine2,,61,64,231,2,,default,1,true,1,2039860,default,64,429,11325,2039860

2020-02-02 20:17:59.657000+00:00,Cisco-IOS-XR-ipv4-bgp-oper:bgp/instances/instance/instance-active/default-vrf/process-info,spine2,,61,64,231,2,,default,1,true,1,2039860,default,64,429,11325,2039860

2020-02-02 20:18:05.563000+00:00,Cisco-IOS-XR-ipv4-bgp-oper:bgp/instances/instance/instance-active/default-vrf/process-info,spine2,,61,64,231,2,,default,1,true,1,2039860,default,64,429,11325,2039860

2020-02-02 20:18:09.677000+00:00,Cisco-IOS-XR-ipv4-bgp-oper:bgp/instances/instance/instance-active/default-vrf/process-info,spine2,,61,64,231,2,,default,1,true,1,2039860,default,64,429,11325,2039860

2020-02-02 20:18:15.596000+00:00,Cisco-IOS-XR-ipv4-bgp-oper:bgp/instances/instance/instance-active/default-vrf/process-info,spine2,,61,64,231,2,,default,1,true,1,2039860,default,64,429,11325,2039860

2020-02-02 20:18:19.666000+00:00,Cisco-IOS-XR-ipv4-bgp-oper:bgp/instances/instance/instance-active/default-vrf/process-info,spine2,,61,64,231,2,,default,1,true,1,2039860,default,64,429,11325,2039860

2020-02-02 20:18:25.581000+00:00,Cisco-IOS-XR-ipv4-bgp-oper:bgp/instances/instance/instance-active/default-vrf/process-info,spine2,,61,64,231,2,,default,1,true,1,2039860,default,64,429,11325,2039860

2020-02-02 20:18:29.674000+00:00,Cisco-IOS-XR-ipv4-bgp-oper:bgp/instances/instance/instance-active/default-vrf/process-info,spine2,,61,64,231,2,,default,1,true,1,2039860,default,64,429,11325,2039860

2020-02-02 20:18:35.643000+00:00,Cisco-IOS-XR-ipv4-bgp-oper:bgp/instances/instance/instance-active/default-vrf/process-info,spine2,,61,64,231,2,,default,1,true,1,2039860,default,64,429,11325,2039860

2020-02-02 20:18:39.666000+00:00,Cisco-IOS-XR-ipv4-bgp-oper:bgp/instances/instance/instance-active/default-vrf/process-info,spine2,,61,64,231,2,,default,1,true,1,2039860,default,64,429,11325,2039860

2020-02-02 20:18:46.658000+00:00,Cisco-IOS-XR-ipv4-bgp-oper:bgp/instances/instance/instance-active/default-vrf/process-info,spine2,,61,64,231,2,,default,1,true,1,2039860,default,64,429,11325,2039860

2020-02-02 20:18:49.674000+00:00,Cisco-IOS-XR-ipv4-bgp-oper:bgp/instances/instance/instance-active/default-vrf/process-info,spine2,,61,64,231,2,,default,1,true,1,2039921,default,64,429,11325,2039921

2020-02-02 20:18:55.632000+00:00,Cisco-IOS-XR-ipv4-bgp-oper:bgp/instances/instance/instance-active/default-vrf/process-info,spine2,,61,64,231,2,,default,1,true,1,2039921,default,64,429,11325,2039921

2020-02-02 20:18:59.671000+00:00,Cisco-IOS-XR-ipv4-bgp-oper:bgp/instances/instance/instance-active/default-vrf/process-info,spine2,,61,64,231,2,,default,1,true,1,2039921,default,64,429,11325,2039921

2020-02-02 20:19:05.565000+00:00,Cisco-IOS-XR-ipv4-bgp-oper:bgp/instances/instance/instance-active/default-vrf/process-info,spine2,,61,64,231,2,,default,1,true,1,2039921,default,64,429,11325,2039921

2020-02-02 20:19:09.667000+00:00,Cisco-IOS-XR-ipv4-bgp-oper:bgp/instances/instance/instance-active/default-vrf/process-info,spine2,,61,64,231,2,,default,1,true,1,2039921,default,64,429,11325,2039921

2020-02-02 20:19:15.557000+00:00,Cisco-IOS-XR-ipv4-bgp-oper:bgp/instances/instance/instance-active/default-vrf/process-info,spine2,,61,64,231,2,,default,1,true,1,2039921,default,64,429,11325,2039921

2020-02-02 20:19:19.666000+00:00,Cisco-IOS-XR-ipv4-bgp-oper:bgp/instances/instance/instance-active/default-vrf/process-info,spine2,,61,64,231,2,,default,1,true,1,2039978,default,64,429,11317,2039978

2020-02-02 20:19:25.572000+00:00,Cisco-IOS-XR-ipv4-bgp-oper:bgp/instances/instance/instance-active/default-vrf/process-info,spine2,,61,64,231,2,,default,1,true,1,2039982,default,64,429,11317,2039982

2020-02-02 20:19:29.673000+00:00,Cisco-IOS-XR-ipv4-bgp-oper:bgp/instances/instance/instance-active/default-vrf/process-info,spine2,,61,64,231,2,,default,1,true,1,2039982,default,64,429,11317,2039982

2020-02-02 20:19:35.579000+00:00,Cisco-IOS-XR-ipv4-bgp-oper:bgp/instances/instance/instance-active/default-vrf/process-info,spine2,,61,64,231,2,,default,1,true,1,2039982,default,64,429,11317,2039982

2020-02-02 20:19:39.670000+00:00,Cisco-IOS-XR-ipv4-bgp-oper:bgp/instances/instance/instance-active/default-vrf/process-info,spine2,,61,64,231,2,,default,1,true,1,2039982,default,64,429,11317,2039982

2020-02-02 20:19:45.594000+00:00,Cisco-IOS-XR-ipv4-bgp-oper:bgp/instances/instance/instance-active/default-vrf/process-info,spine2,,61,64,231,2,,default,1,true,1,2039982,default,64,429,11317,2039982

2020-02-02 20:19:49.664000+00:00,Cisco-IOS-XR-ipv4-bgp-oper:bgp/instances/instance/instance-active/default-vrf/process-info,spine2,,61,64,231,2,,default,1,true,1,2040031,default,64,429,11317,2040031

2020-02-02 20:19:55.559000+00:00,Cisco-IOS-XR-ipv4-bgp-oper:bgp/instances/instance/instance-active/default-vrf/process-info,spine2,,61,64,231,2,,default,1,true,1,2040035,default,64,429,11317,2040035

2020-02-02 20:19:59.672000+00:00,Cisco-IOS-XR-ipv4-bgp-oper:bgp/instances/instance/instance-active/default-vrf/process-info,spine2,,61,64,231,2,,default,1,true,1,2040035,default,64,429,11317,2040035

2020-02-02 20:20:05.573000+00:00,Cisco-IOS-XR-ipv4-bgp-oper:bgp/instances/instance/instance-active/default-vrf/process-info,spine2,,61,64,231,2,,default,1,true,1,2040035,default,64,429,11317,2040035

2020-02-02 20:20:09.667000+00:00,Cisco-IOS-XR-ipv4-bgp-oper:bgp/instances/instance/instance-active/default-vrf/process-info,spine2,,61,64,231,2,,default,1,true,1,2040035,default,64,429,11317,2040035

2020-02-02 20:20:15.557000+00:00,Cisco-IOS-XR-ipv4-bgp-oper:bgp/instances/instance/instance-active/default-vrf/process-info,spine2,,61,64,231,2,,default,1,true,1,2040043,default,64,429,11325,2040043

2020-02-02 20:20:19.672000+00:00,Cisco-IOS-XR-ipv4-bgp-oper:bgp/instances/instance/instance-active/default-vrf/process-info,spine2,,61,64,231,2,,default,1,true,1,2040096,default,64,429,11325,2040096

2020-02-02 20:20:26.081000+00:00,Cisco-IOS-XR-ipv4-bgp-oper:bgp/instances/instance/instance-active/default-vrf/process-info,spine2,,61,64,231,2,,default,1,true,1,2040096,default,64,429,11325,2040096

2020-02-02 20:20:29.669000+00:00,Cisco-IOS-XR-ipv4-bgp-oper:bgp/instances/instance/instance-active/default-vrf/process-info,spine2,,61,64,231,2,,default,1,true,1,2040096,default,64,429,11325,2040096

2020-02-02 20:20:35.576000+00:00,Cisco-IOS-XR-ipv4-bgp-oper:bgp/instances/instance/instance-active/default-vrf/process-info,spine2,,61,64,231,2,,default,1,true,1,2040096,default,64,429,11325,2040096

2020-02-02 20:20:39.670000+00:00,Cisco-IOS-XR-ipv4-bgp-oper:bgp/instances/instance/instance-active/default-vrf/process-info,spine2,,61,64,231,2,,default,1,true,1,2040096,default,64,429,11325,2040096

2020-02-02 20:20:45.550000+00:00,Cisco-IOS-XR-ipv4-bgp-oper:bgp/instances/instance/instance-active/default-vrf/process-info,spine2,,61,64,231,2,,default,1,true,1,2040096,default,64,429,11325,2040096

2020-02-02 20:20:50.402000+00:00,Cisco-IOS-XR-ipv4-bgp-oper:bgp/instances/instance/instance-active/default-vrf/process-info,spine2,,61,64,231,2,,default,1,true,1,2040104,default,64,429,11325,2040104

2020-02-02 20:20:55.780000+00:00,Cisco-IOS-XR-ipv4-bgp-oper:bgp/instances/instance/instance-active/default-vrf/process-info,spine2,,61,64,231,2,,default,1,true,1,2040104,default,64,429,11325,2040104

2020-02-02 20:20:59.678000+00:00,Cisco-IOS-XR-ipv4-bgp-oper:bgp/instances/instance/instance-active/default-vrf/process-info,spine2,,61,64,231,2,,default,1,true,1,2040104,default,64,429,11325,2040104

2020-02-02 20:21:05.553000+00:00,Cisco-IOS-XR-ipv4-bgp-oper:bgp/instances/instance/instance-active/default-vrf/process-info,spine2,,61,64,231,2,,default,1,true,1,2040104,default,64,429,11325,2040104

2020-02-02 20:21:09.691000+00:00,Cisco-IOS-XR-ipv4-bgp-oper:bgp/instances/instance/instance-active/default-vrf/process-info,spine2,,61,64,231,2,,default,1,true,1,2040104,default,64,429,11325,2040104

2020-02-02 20:21:15.579000+00:00,Cisco-IOS-XR-ipv4-bgp-oper:bgp/instances/instance/instance-active/default-vrf/process-info,spine2,,61,64,231,2,,default,1,true,1,2040104,default,64,429,11325,2040104

2020-02-02 20:21:19.677000+00:00,Cisco-IOS-XR-ipv4-bgp-oper:bgp/instances/instance/instance-active/default-vrf/process-info,spine2,,61,64,231,2,,default,1,true,1,2040104,default,64,429,11325,2040104

2020-02-02 20:21:25.563000+00:00,Cisco-IOS-XR-ipv4-bgp-oper:bgp/instances/instance/instance-active/default-vrf/process-info,spine2,,61,64,231,2,,default,1,true,1,2040104,default,64,429,11325,2040104

2020-02-02 20:21:29.677000+00:00,Cisco-IOS-XR-ipv4-bgp-oper:bgp/instances/instance/instance-active/default-vrf/process-info,spine2,,61,64,231,2,,default,1,true,1,2040104,default,64,429,11325,2040104

2020-02-02 20:21:35.593000+00:00,Cisco-IOS-XR-ipv4-bgp-oper:bgp/instances/instance/instance-active/default-vrf/process-info,spine2,,61,64,231,2,,default,1,true,1,2040104,default,64,429,11325,2040104

2020-02-02 20:21:39.673000+00:00,Cisco-IOS-XR-ipv4-bgp-oper:bgp/instances/instance/instance-active/default-vrf/process-info,spine2,,61,64,231,2,,default,1,true,1,2040150,default,64,429,11325,2040150

2020-02-02 20:21:45.562000+00:00,Cisco-IOS-XR-ipv4-bgp-oper:bgp/instances/instance/instance-active/default-vrf/process-info,spine2,,61,64,231,2,,default,1,true,1,2040165,default,64,429,11325,2040165

2020-02-02 20:21:49.687000+00:00,Cisco-IOS-XR-ipv4-bgp-oper:bgp/instances/instance/instance-active/default-vrf/process-info,spine2,,61,64,231,2,,default,1,true,1,2040165,default,64,429,11325,2040165

2020-02-02 20:21:55.563000+00:00,Cisco-IOS-XR-ipv4-bgp-oper:bgp/instances/instance/instance-active/default-vrf/process-info,spine2,,61,64,231,2,,default,1,true,1,2040165,default,64,429,11325,2040165

2020-02-02 20:21:59.667000+00:00,Cisco-IOS-XR-ipv4-bgp-oper:bgp/instances/instance/instance-active/default-vrf/process-info,spine2,,61,64,231,2,,default,1,true,1,2040165,default,64,429,11325,2040165

2020-02-02 20:22:05.570000+00:00,Cisco-IOS-XR-ipv4-bgp-oper:bgp/instances/instance/instance-active/default-vrf/process-info,spine2,,61,64,231,2,,default,1,true,1,2040165,default,64,429,11325,2040165

2020-02-02 20:22:09.679000+00:00,Cisco-IOS-XR-ipv4-bgp-oper:bgp/instances/instance/instance-active/default-vrf/process-info,spine2,,61,64,231,2,,default,1,true,1,2040221,default,64,429,11321,2040221

2020-02-02 20:22:15.620000+00:00,Cisco-IOS-XR-ipv4-bgp-oper:bgp/instances/instance/instance-active/default-vrf/process-info,spine2,,61,64,231,2,,default,1,true,1,2040226,default,64,429,11321,2040226

2020-02-02 20:22:19.670000+00:00,Cisco-IOS-XR-ipv4-bgp-oper:bgp/instances/instance/instance-active/default-vrf/process-info,spine2,,61,64,231,2,,default,1,true,1,2040226,default,64,429,11321,2040226

2020-02-02 20:22:25.568000+00:00,Cisco-IOS-XR-ipv4-bgp-oper:bgp/instances/instance/instance-active/default-vrf/process-info,spine2,,61,64,231,2,,default,1,true,1,2040226,default,64,429,11321,2040226

2020-02-02 20:22:29.750000+00:00,Cisco-IOS-XR-ipv4-bgp-oper:bgp/instances/instance/instance-active/default-vrf/process-info,spine2,,61,64,231,2,,default,1,true,1,2040226,default,64,429,11321,2040226

2020-02-02 20:22:35.560000+00:00,Cisco-IOS-XR-ipv4-bgp-oper:bgp/instances/instance/instance-active/default-vrf/process-info,spine2,,61,64,231,2,,default,1,true,1,2040226,default,64,429,11321,2040226

2020-02-02 20:22:39.674000+00:00,Cisco-IOS-XR-ipv4-bgp-oper:bgp/instances/instance/instance-active/default-vrf/process-info,spine2,,61,64,231,2,,default,1,true,1,2040275,default,64,429,11313,2040275

2020-02-02 20:22:45.606000+00:00,Cisco-IOS-XR-ipv4-bgp-oper:bgp/instances/instance/instance-active/default-vrf/process-info,spine2,,61,64,231,2,,default,1,true,1,2040283,default,64,429,11313,2040283

2020-02-02 20:22:49.681000+00:00,Cisco-IOS-XR-ipv4-bgp-oper:bgp/instances/instance/instance-active/default-vrf/process-info,spine2,,61,64,231,2,,default,1,true,1,2040283,default,64,429,11313,2040283

2020-02-02 20:22:55.576000+00:00,Cisco-IOS-XR-ipv4-bgp-oper:bgp/instances/instance/instance-active/default-vrf/process-info,spine2,,61,64,231,2,,default,1,true,1,2040283,default,64,429,11313,2040283

2020-02-02 20:22:59.688000+00:00,Cisco-IOS-XR-ipv4-bgp-oper:bgp/instances/instance/instance-active/default-vrf/process-info,spine2,,61,64,231,2,,default,1,true,1,2040283,default,64,429,11313,2040283

2020-02-02 20:23:05.587000+00:00,Cisco-IOS-XR-ipv4-bgp-oper:bgp/instances/instance/instance-active/default-vrf/process-info,spine2,,61,64,231,2,,default,1,true,1,2040283,default,64,429,11313,2040283

2020-02-02 20:23:09.687000+00:00,Cisco-IOS-XR-ipv4-bgp-oper:bgp/instances/instance/instance-active/default-vrf/process-info,spine2,,61,64,231,2,,default,1,true,1,2040332,default,64,429,11317,2040332

2020-02-02 20:23:15.573000+00:00,Cisco-IOS-XR-ipv4-bgp-oper:bgp/instances/instance/instance-active/default-vrf/process-info,spine2,,61,64,231,2,,default,1,true,1,2040340,default,64,429,11317,2040340

2020-02-02 20:23:19.680000+00:00,Cisco-IOS-XR-ipv4-bgp-oper:bgp/instances/instance/instance-active/default-vrf/process-info,spine2,,61,64,231,2,,default,1,true,1,2040340,default,64,429,11317,2040340

2020-02-02 20:23:25.580000+00:00,Cisco-IOS-XR-ipv4-bgp-oper:bgp/instances/instance/instance-active/default-vrf/process-info,spine2,,61,64,231,2,,default,1,true,1,2040340,default,64,429,11317,2040340

2020-02-02 20:23:29.677000+00:00,Cisco-IOS-XR-ipv4-bgp-oper:bgp/instances/instance/instance-active/default-vrf/process-info,spine2,,61,64,231,2,,default,1,true,1,2040340,default,64,429,11317,2040340

2020-02-02 20:23:35.571000+00:00,Cisco-IOS-XR-ipv4-bgp-oper:bgp/instances/instance/instance-active/default-vrf/process-info,spine2,,61,64,231,2,,default,1,true,1,2040340,default,64,429,11317,2040340

2020-02-02 20:23:39.686000+00:00,Cisco-IOS-XR-ipv4-bgp-oper:bgp/instances/instance/instance-active/default-vrf/process-info,spine2,,61,64,231,2,,default,1,true,1,2040391,default,64,429,11321,2040391

2020-02-02 20:23:45.580000+00:00,Cisco-IOS-XR-ipv4-bgp-oper:bgp/instances/instance/instance-active/default-vrf/process-info,spine2,,61,64,231,2,,default,1,true,1,2040401,default,64,429,11321,2040401

2020-02-02 20:23:49.677000+00:00,Cisco-IOS-XR-ipv4-bgp-oper:bgp/instances/instance/instance-active/default-vrf/process-info,spine2,,61,64,231,2,,default,1,true,1,2040401,default,64,429,11321,2040401

2020-02-02 20:23:56.049000+00:00,Cisco-IOS-XR-ipv4-bgp-oper:bgp/instances/instance/instance-active/default-vrf/process-info,spine2,,61,64,231,2,,default,1,true,1,2040401,default,64,429,11321,2040401

2020-02-02 20:23:59.676000+00:00,Cisco-IOS-XR-ipv4-bgp-oper:bgp/instances/instance/instance-active/default-vrf/process-info,spine2,,61,64,231,2,,default,1,true,1,2040401,default,64,429,11321,2040401

2020-02-02 20:24:05.602000+00:00,Cisco-IOS-XR-ipv4-bgp-oper:bgp/instances/instance/instance-active/default-vrf/process-info,spine2,,61,64,231,2,,default,1,true,1,2040401,default,64,429,11321,2040401

2020-02-02 20:24:09.669000+00:00,Cisco-IOS-XR-ipv4-bgp-oper:bgp/instances/instance/instance-active/default-vrf/process-info,spine2,,61,64,231,2,,default,1,true,1,2040445,default,64,429,11313,2040445

2020-02-02 20:24:15.589000+00:00,Cisco-IOS-XR-ipv4-bgp-oper:bgp/instances/instance/instance-active/default-vrf/process-info,spine2,,61,64,231,2,,default,1,true,1,2040462,default,64,429,11317,2040462

2020-02-02 20:24:19.684000+00:00,Cisco-IOS-XR-ipv4-bgp-oper:bgp/instances/instance/instance-active/default-vrf/process-info,spine2,,61,64,231,2,,default,1,true,1,2040462,default,64,429,11317,2040462

2020-02-02 20:24:25.563000+00:00,Cisco-IOS-XR-ipv4-bgp-oper:bgp/instances/instance/instance-active/default-vrf/process-info,spine2,,61,64,231,2,,default,1,true,1,2040462,default,64,429,11317,2040462

2020-02-02 20:24:29.674000+00:00,Cisco-IOS-XR-ipv4-bgp-oper:bgp/instances/instance/instance-active/default-vrf/process-info,spine2,,61,64,231,2,,default,1,true,1,2040462,default,64,429,11317,2040462

2020-02-02 20:24:35.577000+00:00,Cisco-IOS-XR-ipv4-bgp-oper:bgp/instances/instance/instance-active/default-vrf/process-info,spine2,,61,64,231,2,,default,1,true,1,2040462,default,64,429,11317,2040462

2020-02-02 20:24:39.688000+00:00,Cisco-IOS-XR-ipv4-bgp-oper:bgp/instances/instance/instance-active/default-vrf/process-info,spine2,,61,64,231,2,,default,1,true,1,2040511,default,64,429,11321,2040511

2020-02-02 20:24:45.573000+00:00,Cisco-IOS-XR-ipv4-bgp-oper:bgp/instances/instance/instance-active/default-vrf/process-info,spine2,,61,64,231,2,,default,1,true,1,2040519,default,64,429,11317,2040519

2020-02-02 20:24:49.686000+00:00,Cisco-IOS-XR-ipv4-bgp-oper:bgp/instances/instance/instance-active/default-vrf/process-info,spine2,,61,64,231,2,,default,1,true,1,2040519,default,64,429,11317,2040519

2020-02-02 20:24:55.587000+00:00,Cisco-IOS-XR-ipv4-bgp-oper:bgp/instances/instance/instance-active/default-vrf/process-info,spine2,,61,64,231,2,,default,1,true,1,2040519,default,64,429,11317,2040519

2020-02-02 20:24:59.688000+00:00,Cisco-IOS-XR-ipv4-bgp-oper:bgp/instances/instance/instance-active/default-vrf/process-info,spine2,,61,64,231,2,,default,1,true,1,2040519,default,64,429,11317,2040519

2020-02-02 20:25:05.617000+00:00,Cisco-IOS-XR-ipv4-bgp-oper:bgp/instances/instance/instance-active/default-vrf/process-info,spine2,,61,64,231,2,,default,1,true,1,2040519,default,64,429,11317,2040519

2020-02-02 20:25:09.698000+00:00,Cisco-IOS-XR-ipv4-bgp-oper:bgp/instances/instance/instance-active/default-vrf/process-info,spine2,,61,64,231,2,,default,1,true,1,2040562,default,64,429,11297,2040562

2020-02-02 20:25:15.592000+00:00,Cisco-IOS-XR-ipv4-bgp-oper:bgp/instances/instance/instance-active/default-vrf/process-info,spine2,,61,64,231,2,,default,1,true,1,2040572,default,64,429,11296,2040572

2020-02-02 20:25:19.680000+00:00,Cisco-IOS-XR-ipv4-bgp-oper:bgp/instances/instance/instance-active/default-vrf/process-info,spine2,,61,64,231,2,,default,1,true,1,2040572,default,64,429,11296,2040572

2020-02-02 20:25:25.567000+00:00,Cisco-IOS-XR-ipv4-bgp-oper:bgp/instances/instance/instance-active/default-vrf/process-info,spine2,,61,64,231,2,,default,1,true,1,2040572,default,64,429,11296,2040572

2020-02-02 20:25:29.691000+00:00,Cisco-IOS-XR-ipv4-bgp-oper:bgp/instances/instance/instance-active/default-vrf/process-info,spine2,,61,64,231,2,,default,1,true,1,2040572,default,64,429,11296,2040572

2020-02-02 20:25:35.680000+00:00,Cisco-IOS-XR-ipv4-bgp-oper:bgp/instances/instance/instance-active/default-vrf/process-info,spine2,,61,64,231,2,,default,1,true,1,2040572,default,64,429,11296,2040572

2020-02-02 20:25:39.676000+00:00,Cisco-IOS-XR-ipv4-bgp-oper:bgp/instances/instance/instance-active/default-vrf/process-info,spine2,,61,64,231,2,,default,1,true,1,2040624,default,64,429,11296,2040624

2020-02-02 20:25:45.585000+00:00,Cisco-IOS-XR-ipv4-bgp-oper:bgp/instances/instance/instance-active/default-vrf/process-info,spine2,,61,64,231,2,,default,1,true,1,2040625,default,64,429,11297,2040625

2020-02-02 20:25:49.693000+00:00,Cisco-IOS-XR-ipv4-bgp-oper:bgp/instances/instance/instance-active/default-vrf/process-info,spine2,,61,64,231,2,,default,1,true,1,2040625,default,64,429,11297,2040625

2020-02-02 20:25:55.608000+00:00,Cisco-IOS-XR-ipv4-bgp-oper:bgp/instances/instance/instance-active/default-vrf/process-info,spine2,,61,64,231,2,,default,1,true,1,2040625,default,64,429,11297,2040625

2020-02-02 20:25:59.971000+00:00,Cisco-IOS-XR-ipv4-bgp-oper:bgp/instances/instance/instance-active/default-vrf/process-info,spine2,,61,64,231,2,,default,1,true,1,2040625,default,64,429,11297,2040625

2020-02-02 20:26:05.575000+00:00,Cisco-IOS-XR-ipv4-bgp-oper:bgp/instances/instance/instance-active/default-vrf/process-info,spine2,,61,64,231,2,,default,1,true,1,2040625,default,64,429,11297,2040625

2020-02-02 20:26:09.689000+00:00,Cisco-IOS-XR-ipv4-bgp-oper:bgp/instances/instance/instance-active/default-vrf/process-info,spine2,,61,64,231,2,,default,1,true,1,2040674,default,64,429,11284,2040674

2020-02-02 20:26:15.599000+00:00,Cisco-IOS-XR-ipv4-bgp-oper:bgp/instances/instance/instance-active/default-vrf/process-info,spine2,,61,64,231,2,,default,1,true,1,2040678,default,64,428,11284,2040678

2020-02-02 20:26:19.680000+00:00,Cisco-IOS-XR-ipv4-bgp-oper:bgp/instances/instance/instance-active/default-vrf/process-info,spine2,,61,64,231,2,,default,1,true,1,2040678,default,64,428,11284,2040678

2020-02-02 20:26:25.574000+00:00,Cisco-IOS-XR-ipv4-bgp-oper:bgp/instances/instance/instance-active/default-vrf/process-info,spine2,,61,64,231,2,,default,1,true,1,2040678,default,64,428,11284,2040678

2020-02-02 20:26:29.689000+00:00,Cisco-IOS-XR-ipv4-bgp-oper:bgp/instances/instance/instance-active/default-vrf/process-info,spine2,,61,64,231,2,,default,1,true,1,2040686,default,64,429,11292,2040686

2020-02-02 20:26:35.585000+00:00,Cisco-IOS-XR-ipv4-bgp-oper:bgp/instances/instance/instance-active/default-vrf/process-info,spine2,,61,64,231,2,,default,1,true,1,2040686,default,64,429,11292,2040686

2020-02-02 20:26:39.693000+00:00,Cisco-IOS-XR-ipv4-bgp-oper:bgp/instances/instance/instance-active/default-vrf/process-info,spine2,,61,64,231,2,,default,1,true,1,2040739,default,64,429,11317,2040739

2020-02-02 20:26:45.597000+00:00,Cisco-IOS-XR-ipv4-bgp-oper:bgp/instances/instance/instance-active/default-vrf/process-info,spine2,,61,64,231,2,,default,1,true,1,2040747,default,64,429,11325,2040747

2020-02-02 20:26:49.686000+00:00,Cisco-IOS-XR-ipv4-bgp-oper:bgp/instances/instance/instance-active/default-vrf/process-info,spine2,,61,64,231,2,,default,1,true,1,2040747,default,64,429,11325,2040747

2020-02-02 20:26:55.570000+00:00,Cisco-IOS-XR-ipv4-bgp-oper:bgp/instances/instance/instance-active/default-vrf/process-info,spine2,,61,64,231,2,,default,1,true,1,2040747,default,64,429,11325,2040747

2020-02-02 20:26:59.693000+00:00,Cisco-IOS-XR-ipv4-bgp-oper:bgp/instances/instance/instance-active/default-vrf/process-info,spine2,,61,64,231,2,,default,1,true,1,2040763,default,64,429,11325,2040763

2020-02-02 20:27:05.578000+00:00,Cisco-IOS-XR-ipv4-bgp-oper:bgp/instances/instance/instance-active/default-vrf/process-info,spine2,,61,64,231,2,,default,1,true,1,2040763,default,64,429,11325,2040763

2020-02-02 20:27:09.684000+00:00,Cisco-IOS-XR-ipv4-bgp-oper:bgp/instances/instance/instance-active/default-vrf/process-info,spine2,,61,64,231,2,,default,1,true,1,2040807,default,64,429,11325,2040807

2020-02-02 20:27:15.577000+00:00,Cisco-IOS-XR-ipv4-bgp-oper:bgp/instances/instance/instance-active/default-vrf/process-info,spine2,,61,64,231,2,,default,1,true,1,2040829,default,64,429,11325,2040829

2020-02-02 20:27:19.693000+00:00,Cisco-IOS-XR-ipv4-bgp-oper:bgp/instances/instance/instance-active/default-vrf/process-info,spine2,,61,64,231,2,,default,1,true,1,2040829,default,64,429,11325,2040829

2020-02-02 20:27:25.711000+00:00,Cisco-IOS-XR-ipv4-bgp-oper:bgp/instances/instance/instance-active/default-vrf/process-info,spine2,,61,64,231,2,,default,1,true,1,2040829,default,64,429,11325,2040829

2020-02-02 20:27:29.682000+00:00,Cisco-IOS-XR-ipv4-bgp-oper:bgp/instances/instance/instance-active/default-vrf/process-info,spine2,,61,64,231,2,,default,1,true,1,2040845,default,64,429,11317,2040845

2020-02-02 20:27:35.576000+00:00,Cisco-IOS-XR-ipv4-bgp-oper:bgp/instances/instance/instance-active/default-vrf/process-info,spine2,,61,64,231,2,,default,1,true,1,2040845,default,64,429,11317,2040845

2020-02-02 20:27:39.770000+00:00,Cisco-IOS-XR-ipv4-bgp-oper:bgp/instances/instance/instance-active/default-vrf/process-info,spine2,,61,64,231,2,,default,1,true,1,2040897,default,64,429,11297,2040897

2020-02-02 20:27:45.581000+00:00,Cisco-IOS-XR-ipv4-bgp-oper:bgp/instances/instance/instance-active/default-vrf/process-info,spine2,,61,64,231,2,,default,1,true,1,2040938,default,64,429,11281,2040938

2020-02-02 20:27:49.688000+00:00,Cisco-IOS-XR-ipv4-bgp-oper:bgp/instances/instance/instance-active/default-vrf/process-info,spine2,,61,64,231,2,,default,1,true,1,2040938,default,64,429,11281,2040938

2020-02-02 20:27:55.592000+00:00,Cisco-IOS-XR-ipv4-bgp-oper:bgp/instances/instance/instance-active/default-vrf/process-info,spine2,,61,64,231,2,,default,1,true,1,2040938,default,64,429,11281,2040938

2020-02-02 20:27:59.683000+00:00,Cisco-IOS-XR-ipv4-bgp-oper:bgp/instances/instance/instance-active/default-vrf/process-info,spine2,,61,64,231,2,,default,1,true,1,2040946,default,64,429,11281,2040946

2020-02-02 20:28:05.576000+00:00,Cisco-IOS-XR-ipv4-bgp-oper:bgp/instances/instance/instance-active/default-vrf/process-info,spine2,,61,64,231,2,,default,1,true,1,2040946,default,64,429,11281,2040946

2020-02-02 20:28:09.687000+00:00,Cisco-IOS-XR-ipv4-bgp-oper:bgp/instances/instance/instance-active/default-vrf/process-info,spine2,,61,64,231,2,,default,1,true,1,2041018,default,64,429,11273,2041018

2020-02-02 20:28:15.591000+00:00,Cisco-IOS-XR-ipv4-bgp-oper:bgp/instances/instance/instance-active/default-vrf/process-info,spine2,,61,64,231,2,,default,1,true,1,2041052,default,64,429,11273,2041052

2020-02-02 20:28:19.688000+00:00,Cisco-IOS-XR-ipv4-bgp-oper:bgp/instances/instance/instance-active/default-vrf/process-info,spine2,,61,64,231,2,,default,1,true,1,2041052,default,64,429,11273,2041052

2020-02-02 20:28:25.568000+00:00,Cisco-IOS-XR-ipv4-bgp-oper:bgp/instances/instance/instance-active/default-vrf/process-info,spine2,,61,64,231,2,,default,1,true,1,2041052,default,64,429,11273,2041052

2020-02-02 20:28:29.676000+00:00,Cisco-IOS-XR-ipv4-bgp-oper:bgp/instances/instance/instance-active/default-vrf/process-info,spine2,,61,64,231,2,,default,1,true,1,2041060,default,64,429,11273,2041060

2020-02-02 20:28:35.722000+00:00,Cisco-IOS-XR-ipv4-bgp-oper:bgp/instances/instance/instance-active/default-vrf/process-info,spine2,,61,64,231,2,,default,1,true,1,2041060,default,64,429,11273,2041060

2020-02-02 20:28:39.681000+00:00,Cisco-IOS-XR-ipv4-bgp-oper:bgp/instances/instance/instance-active/default-vrf/process-info,spine2,,61,64,231,2,,default,1,true,1,2041130,default,64,429,11257,2041130

2020-02-02 20:28:45.568000+00:00,Cisco-IOS-XR-ipv4-bgp-oper:bgp/instances/instance/instance-active/default-vrf/process-info,spine2,,61,64,231,2,,default,1,true,1,2041162,default,64,429,11249,2041162

2020-02-02 20:28:49.685000+00:00,Cisco-IOS-XR-ipv4-bgp-oper:bgp/instances/instance/instance-active/default-vrf/process-info,spine2,,61,64,231,2,,default,1,true,1,2041162,default,64,429,11249,2041162

2020-02-02 20:28:55.599000+00:00,Cisco-IOS-XR-ipv4-bgp-oper:bgp/instances/instance/instance-active/default-vrf/process-info,spine2,,61,64,231,2,,default,1,true,1,2041162,default,64,429,11249,2041162

2020-02-02 20:28:59.675000+00:00,Cisco-IOS-XR-ipv4-bgp-oper:bgp/instances/instance/instance-active/default-vrf/process-info,spine2,,61,64,231,2,,default,1,true,1,2041170,default,64,429,11245,2041170

2020-02-02 20:29:05.917000+00:00,Cisco-IOS-XR-ipv4-bgp-oper:bgp/instances/instance/instance-active/default-vrf/process-info,spine2,,61,64,231,2,,default,1,true,1,2041170,default,64,429,11245,2041170

2020-02-02 20:29:09.679000+00:00,Cisco-IOS-XR-ipv4-bgp-oper:bgp/instances/instance/instance-active/default-vrf/process-info,spine2,,61,64,231,2,,default,1,true,1,2041256,default,64,429,11237,2041256

2020-02-02 20:29:15.694000+00:00,Cisco-IOS-XR-ipv4-bgp-oper:bgp/instances/instance/instance-active/default-vrf/process-info,spine2,,61,64,231,2,,default,1,true,1,2041272,default,64,427,11233,2041272

2020-02-02 20:29:19.680000+00:00,Cisco-IOS-XR-ipv4-bgp-oper:bgp/instances/instance/instance-active/default-vrf/process-info,spine2,,61,64,231,2,,default,1,true,1,2041272,default,64,427,11233,2041272

2020-02-02 20:29:25.577000+00:00,Cisco-IOS-XR-ipv4-bgp-oper:bgp/instances/instance/instance-active/default-vrf/process-info,spine2,,61,64,231,2,,default,1,true,1,2041272,default,64,427,11233,2041272

2020-02-02 20:29:29.682000+00:00,Cisco-IOS-XR-ipv4-bgp-oper:bgp/instances/instance/instance-active/default-vrf/process-info,spine2,,61,64,231,2,,default,1,true,1,2041280,default,64,427,11229,2041280

2020-02-02 20:29:35.570000+00:00,Cisco-IOS-XR-ipv4-bgp-oper:bgp/instances/instance/instance-active/default-vrf/process-info,spine2,,61,64,231,2,,default,1,true,1,2041280,default,64,427,11229,2041280

2020-02-02 20:29:39.679000+00:00,Cisco-IOS-XR-ipv4-bgp-oper:bgp/instances/instance/instance-active/default-vrf/process-info,spine2,,61,64,231,2,,default,1,true,1,2041342,default,64,427,11217,2041342

2020-02-02 20:29:45.565000+00:00,Cisco-IOS-XR-ipv4-bgp-oper:bgp/instances/instance/instance-active/default-vrf/process-info,spine2,,61,64,231,2,,default,1,true,1,2041370,default,64,427,11213,2041370

2020-02-02 20:29:49.688000+00:00,Cisco-IOS-XR-ipv4-bgp-oper:bgp/instances/instance/instance-active/default-vrf/process-info,spine2,,61,64,231,2,,default,1,true,1,2041370,default,64,427,11213,2041370

2020-02-02 20:29:55.578000+00:00,Cisco-IOS-XR-ipv4-bgp-oper:bgp/instances/instance/instance-active/default-vrf/process-info,spine2,,61,64,231,2,,default,1,true,1,2041370,default,64,427,11213,2041370

2020-02-02 20:29:59.690000+00:00,Cisco-IOS-XR-ipv4-bgp-oper:bgp/instances/instance/instance-active/default-vrf/process-info,spine2,,61,64,231,2,,default,1,true,1,2041378,default,64,427,11213,2041378

2020-02-02 20:30:05.706000+00:00,Cisco-IOS-XR-ipv4-bgp-oper:bgp/instances/instance/instance-active/default-vrf/process-info,spine2,,61,64,231,2,,default,1,true,1,2041378,default,64,427,11213,2041378

2020-02-02 20:30:09.694000+00:00,Cisco-IOS-XR-ipv4-bgp-oper:bgp/instances/instance/instance-active/default-vrf/process-info,spine2,,61,64,231,2,,default,1,true,1,2041430,default,64,427,11205,2041430

2020-02-02 20:30:15.574000+00:00,Cisco-IOS-XR-ipv4-bgp-oper:bgp/instances/instance/instance-active/default-vrf/process-info,spine2,,61,64,231,2,,default,1,true,1,2041456,default,64,427,11203,2041456

2020-02-02 20:30:19.689000+00:00,Cisco-IOS-XR-ipv4-bgp-oper:bgp/instances/instance/instance-active/default-vrf/process-info,spine2,,61,64,231,2,,default,1,true,1,2041456,default,64,427,11203,2041456

2020-02-02 20:30:25.714000+00:00,Cisco-IOS-XR-ipv4-bgp-oper:bgp/instances/instance/instance-active/default-vrf/process-info,spine2,,61,64,231,2,,default,1,true,1,2041456,default,64,427,11203,2041456

2020-02-02 20:30:29.681000+00:00,Cisco-IOS-XR-ipv4-bgp-oper:bgp/instances/instance/instance-active/default-vrf/process-info,spine2,,61,64,231,2,,default,1,true,1,2041464,default,64,427,11203,2041464

2020-02-02 20:30:35.569000+00:00,Cisco-IOS-XR-ipv4-bgp-oper:bgp/instances/instance/instance-active/default-vrf/process-info,spine2,,61,64,231,2,,default,1,true,1,2041464,default,64,427,11203,2041464

2020-02-02 20:30:39.690000+00:00,Cisco-IOS-XR-ipv4-bgp-oper:bgp/instances/instance/instance-active/default-vrf/process-info,spine2,,61,64,231,2,,default,1,true,1,2041504,default,64,427,11203,2041504

2020-02-02 20:30:45.901000+00:00,Cisco-IOS-XR-ipv4-bgp-oper:bgp/instances/instance/instance-active/default-vrf/process-info,spine2,,61,64,231,2,,default,1,true,1,2041526,default,64,427,11203,2041526

2020-02-02 20:30:49.688000+00:00,Cisco-IOS-XR-ipv4-bgp-oper:bgp/instances/instance/instance-active/default-vrf/process-info,spine2,,61,64,231,2,,default,1,true,1,2041526,default,64,427,11203,2041526

2020-02-02 20:30:55.565000+00:00,Cisco-IOS-XR-ipv4-bgp-oper:bgp/instances/instance/instance-active/default-vrf/process-info,spine2,,61,64,231,2,,default,1,true,1,2041526,default,64,427,11203,2041526

2020-02-02 20:30:59.685000+00:00,Cisco-IOS-XR-ipv4-bgp-oper:bgp/instances/instance/instance-active/default-vrf/process-info,spine2,,61,64,231,2,,default,1,true,1,2041534,default,64,427,11203,2041534

2020-02-02 20:31:05.680000+00:00,Cisco-IOS-XR-ipv4-bgp-oper:bgp/instances/instance/instance-active/default-vrf/process-info,spine2,,61,64,231,2,,default,1,true,1,2041534,default,64,427,11203,2041534

2020-02-02 20:31:10.068000+00:00,Cisco-IOS-XR-ipv4-bgp-oper:bgp/instances/instance/instance-active/default-vrf/process-info,spine2,,61,64,231,2,,default,1,true,1,2041596,default,64,427,11203,2041596

2020-02-02 20:31:15.576000+00:00,Cisco-IOS-XR-ipv4-bgp-oper:bgp/instances/instance/instance-active/default-vrf/process-info,spine2,,61,64,231,2,,default,1,true,1,2041596,default,64,425,11203,2041596

2020-02-02 20:31:19.688000+00:00,Cisco-IOS-XR-ipv4-bgp-oper:bgp/instances/instance/instance-active/default-vrf/process-info,spine2,,61,64,231,2,,default,1,true,1,2041596,default,64,425,11203,2041596

2020-02-02 20:31:25.569000+00:00,Cisco-IOS-XR-ipv4-bgp-oper:bgp/instances/instance/instance-active/default-vrf/process-info,spine2,,61,64,231,2,,default,1,true,1,2041596,default,64,425,11203,2041596

2020-02-02 20:31:29.680000+00:00,Cisco-IOS-XR-ipv4-bgp-oper:bgp/instances/instance/instance-active/default-vrf/process-info,spine2,,61,64,231,2,,default,1,true,1,2041604,default,64,425,11203,2041604

2020-02-02 20:31:35.576000+00:00,Cisco-IOS-XR-ipv4-bgp-oper:bgp/instances/instance/instance-active/default-vrf/process-info,spine2,,61,64,231,2,,default,1,true,1,2041604,default,64,425,11203,2041604

2020-02-02 20:31:39.683000+00:00,Cisco-IOS-XR-ipv4-bgp-oper:bgp/instances/instance/instance-active/default-vrf/process-info,spine2,,61,64,231,2,,default,1,true,1,2041636,default,64,425,11203,2041636

2020-02-02 20:31:45.571000+00:00,Cisco-IOS-XR-ipv4-bgp-oper:bgp/instances/instance/instance-active/default-vrf/process-info,spine2,,61,64,231,2,,default,1,true,1,2041657,default,64,425,11203,2041657

2020-02-02 20:31:49.692000+00:00,Cisco-IOS-XR-ipv4-bgp-oper:bgp/instances/instance/instance-active/default-vrf/process-info,spine2,,61,64,231,2,,default,1,true,1,2041657,default,64,425,11203,2041657

2020-02-02 20:31:55.601000+00:00,Cisco-IOS-XR-ipv4-bgp-oper:bgp/instances/instance/instance-active/default-vrf/process-info,spine2,,61,64,231,2,,default,1,true,1,2041657,default,64,425,11203,2041657

2020-02-02 20:31:59.698000+00:00,Cisco-IOS-XR-ipv4-bgp-oper:bgp/instances/instance/instance-active/default-vrf/process-info,spine2,,61,64,231,2,,default,1,true,1,2041661,default,64,425,11203,2041661

2020-02-02 20:32:05.568000+00:00,Cisco-IOS-XR-ipv4-bgp-oper:bgp/instances/instance/instance-active/default-vrf/process-info,spine2,,61,64,231,2,,default,1,true,1,2041661,default,64,425,11203,2041661

2020-02-02 20:32:09.703000+00:00,Cisco-IOS-XR-ipv4-bgp-oper:bgp/instances/instance/instance-active/default-vrf/process-info,spine2,,61,64,231,2,,default,1,true,1,2041694,default,64,425,11203,2041694

2020-02-02 20:32:15.704000+00:00,Cisco-IOS-XR-ipv4-bgp-oper:bgp/instances/instance/instance-active/default-vrf/process-info,spine2,,61,64,231,2,,default,1,true,1,2041698,default,64,425,11203,2041698

2020-02-02 20:32:19.687000+00:00,Cisco-IOS-XR-ipv4-bgp-oper:bgp/instances/instance/instance-active/default-vrf/process-info,spine2,,61,64,231,2,,default,1,true,1,2041698,default,64,425,11203,2041698

2020-02-02 20:32:25.579000+00:00,Cisco-IOS-XR-ipv4-bgp-oper:bgp/instances/instance/instance-active/default-vrf/process-info,spine2,,61,64,231,2,,default,1,true,1,2041698,default,64,425,11203,2041698

2020-02-02 20:32:29.695000+00:00,Cisco-IOS-XR-ipv4-bgp-oper:bgp/instances/instance/instance-active/default-vrf/process-info,spine2,,61,64,231,2,,default,1,true,1,2041698,default,64,425,11203,2041698

2020-02-02 20:32:35.571000+00:00,Cisco-IOS-XR-ipv4-bgp-oper:bgp/instances/instance/instance-active/default-vrf/process-info,spine2,,61,64,231,2,,default,1,true,1,2041698,default,64,425,11203,2041698

2020-02-02 20:32:39.684000+00:00,Cisco-IOS-XR-ipv4-bgp-oper:bgp/instances/instance/instance-active/default-vrf/process-info,spine2,,61,64,231,2,,default,1,true,1,2041718,default,64,425,11203,2041718

2020-02-02 20:32:45.577000+00:00,Cisco-IOS-XR-ipv4-bgp-oper:bgp/instances/instance/instance-active/default-vrf/process-info,spine2,,61,64,231,2,,default,1,true,1,2041718,default,64,425,11203,2041718

2020-02-02 20:32:49.734000+00:00,Cisco-IOS-XR-ipv4-bgp-oper:bgp/instances/instance/instance-active/default-vrf/process-info,spine2,,61,64,231,2,,default,1,true,1,2041718,default,64,425,11203,2041718

2020-02-02 20:32:55.676000+00:00,Cisco-IOS-XR-ipv4-bgp-oper:bgp/instances/instance/instance-active/default-vrf/process-info,spine2,,61,64,231,2,,default,1,true,1,2041718,default,64,425,11203,2041718

2020-02-02 20:32:59.682000+00:00,Cisco-IOS-XR-ipv4-bgp-oper:bgp/instances/instance/instance-active/default-vrf/process-info,spine2,,61,64,231,2,,default,1,true,1,2041718,default,64,425,11203,2041718

2020-02-02 20:33:05.562000+00:00,Cisco-IOS-XR-ipv4-bgp-oper:bgp/instances/instance/instance-active/default-vrf/process-info,spine2,,61,64,231,2,,default,1,true,1,2041718,default,64,425,11203,2041718

2020-02-02 20:33:09.687000+00:00,Cisco-IOS-XR-ipv4-bgp-oper:bgp/instances/instance/instance-active/default-vrf/process-info,spine2,,61,64,231,2,,default,1,true,1,2041718,default,64,425,11203,2041718

2020-02-02 20:33:15.578000+00:00,Cisco-IOS-XR-ipv4-bgp-oper:bgp/instances/instance/instance-active/default-vrf/process-info,spine2,,61,64,231,2,,default,1,true,1,2041722,default,64,425,11203,2041722

2020-02-02 20:33:19.684000+00:00,Cisco-IOS-XR-ipv4-bgp-oper:bgp/instances/instance/instance-active/default-vrf/process-info,spine2,,61,64,231,2,,default,1,true,1,2041722,default,64,425,11203,2041722

2020-02-02 20:33:25.579000+00:00,Cisco-IOS-XR-ipv4-bgp-oper:bgp/instances/instance/instance-active/default-vrf/process-info,spine2,,61,64,231,2,,default,1,true,1,2041722,default,64,425,11203,2041722

2020-02-02 20:33:29.694000+00:00,Cisco-IOS-XR-ipv4-bgp-oper:bgp/instances/instance/instance-active/default-vrf/process-info,spine2,,61,64,231,2,,default,1,true,1,2041722,default,64,425,11203,2041722

2020-02-02 20:33:35.587000+00:00,Cisco-IOS-XR-ipv4-bgp-oper:bgp/instances/instance/instance-active/default-vrf/process-info,spine2,,61,64,231,2,,default,1,true,1,2041722,default,64,425,11203,2041722

2020-02-02 20:33:39.685000+00:00,Cisco-IOS-XR-ipv4-bgp-oper:bgp/instances/instance/instance-active/default-vrf/process-info,spine2,,61,64,231,2,,default,1,true,1,2041722,default,64,425,11203,2041722

2020-02-02 20:33:45.596000+00:00,Cisco-IOS-XR-ipv4-bgp-oper:bgp/instances/instance/instance-active/default-vrf/process-info,spine2,,61,64,231,2,,default,1,true,1,2041722,default,64,425,11203,2041722

2020-02-02 20:33:49.685000+00:00,Cisco-IOS-XR-ipv4-bgp-oper:bgp/instances/instance/instance-active/default-vrf/process-info,spine2,,61,64,231,2,,default,1,true,1,2041722,default,64,425,11203,2041722

2020-02-02 20:33:55.567000+00:00,Cisco-IOS-XR-ipv4-bgp-oper:bgp/instances/instance/instance-active/default-vrf/process-info,spine2,,61,64,231,2,,default,1,true,1,2041722,default,64,425,11203,2041722

2020-02-02 20:33:59.687000+00:00,Cisco-IOS-XR-ipv4-bgp-oper:bgp/instances/instance/instance-active/default-vrf/process-info,spine2,,61,64,231,2,,default,1,true,1,2041722,default,64,425,11203,2041722

2020-02-02 20:34:05.684000+00:00,Cisco-IOS-XR-ipv4-bgp-oper:bgp/instances/instance/instance-active/default-vrf/process-info,spine2,,61,64,231,2,,default,1,true,1,2041722,default,64,425,11203,2041722

2020-02-02 20:34:09.689000+00:00,Cisco-IOS-XR-ipv4-bgp-oper:bgp/instances/instance/instance-active/default-vrf/process-info,spine2,,61,64,231,2,,default,1,true,1,2041722,default,64,425,11203,2041722

2020-02-02 20:34:16.010000+00:00,Cisco-IOS-XR-ipv4-bgp-oper:bgp/instances/instance/instance-active/default-vrf/process-info,spine2,,61,64,231,2,,default,1,true,1,2041722,default,64,425,11203,2041722

2020-02-02 20:34:19.696000+00:00,Cisco-IOS-XR-ipv4-bgp-oper:bgp/instances/instance/instance-active/default-vrf/process-info,spine2,,61,64,231,2,,default,1,true,1,2041722,default,64,425,11203,2041722

2020-02-02 20:34:25.572000+00:00,Cisco-IOS-XR-ipv4-bgp-oper:bgp/instances/instance/instance-active/default-vrf/process-info,spine2,,61,64,231,2,,default,1,true,1,2041722,default,64,425,11203,2041722

2020-02-02 20:34:29.689000+00:00,Cisco-IOS-XR-ipv4-bgp-oper:bgp/instances/instance/instance-active/default-vrf/process-info,spine2,,61,64,231,2,,default,1,true,1,2041722,default,64,425,11203,2041722

2020-02-02 20:34:35.582000+00:00,Cisco-IOS-XR-ipv4-bgp-oper:bgp/instances/instance/instance-active/default-vrf/process-info,spine2,,61,64,231,2,,default,1,true,1,2041722,default,64,425,11203,2041722

2020-02-02 20:34:39.697000+00:00,Cisco-IOS-XR-ipv4-bgp-oper:bgp/instances/instance/instance-active/default-vrf/process-info,spine2,,61,64,231,2,,default,1,true,1,2041722,default,64,425,11203,2041722

2020-02-02 20:34:45.664000+00:00,Cisco-IOS-XR-ipv4-bgp-oper:bgp/instances/instance/instance-active/default-vrf/process-info,spine2,,61,64,231,2,,default,1,true,1,2041722,default,64,425,11203,2041722

2020-02-02 20:34:49.697000+00:00,Cisco-IOS-XR-ipv4-bgp-oper:bgp/instances/instance/instance-active/default-vrf/process-info,spine2,,61,64,231,2,,default,1,true,1,2041722,default,64,425,11203,2041722

2020-02-02 20:34:55.582000+00:00,Cisco-IOS-XR-ipv4-bgp-oper:bgp/instances/instance/instance-active/default-vrf/process-info,spine2,,61,64,231,2,,default,1,true,1,2041722,default,64,425,11203,2041722

2020-02-02 20:34:59.701000+00:00,Cisco-IOS-XR-ipv4-bgp-oper:bgp/instances/instance/instance-active/default-vrf/process-info,spine2,,61,64,231,2,,default,1,true,1,2041722,default,64,425,11203,2041722

2020-02-02 20:35:05.595000+00:00,Cisco-IOS-XR-ipv4-bgp-oper:bgp/instances/instance/instance-active/default-vrf/process-info,spine2,,61,64,231,2,,default,1,true,1,2041722,default,64,425,11203,2041722

2020-02-02 20:35:09.695000+00:00,Cisco-IOS-XR-ipv4-bgp-oper:bgp/instances/instance/instance-active/default-vrf/process-info,spine2,,61,64,231,2,,default,1,true,1,2041722,default,64,425,11203,2041722

2020-02-02 20:35:15.585000+00:00,Cisco-IOS-XR-ipv4-bgp-oper:bgp/instances/instance/instance-active/default-vrf/process-info,spine2,,61,64,231,2,,default,1,true,1,2041722,default,64,425,11203,2041722

2020-02-02 20:35:19.696000+00:00,Cisco-IOS-XR-ipv4-bgp-oper:bgp/instances/instance/instance-active/default-vrf/process-info,spine2,,61,64,231,2,,default,1,true,1,2041722,default,64,425,11203,2041722

2020-02-02 20:35:25.578000+00:00,Cisco-IOS-XR-ipv4-bgp-oper:bgp/instances/instance/instance-active/default-vrf/process-info,spine2,,61,64,231,2,,default,1,true,1,2041722,default,64,425,11203,2041722

2020-02-02 20:35:29.695000+00:00,Cisco-IOS-XR-ipv4-bgp-oper:bgp/instances/instance/instance-active/default-vrf/process-info,spine2,,61,64,231,2,,default,1,true,1,2041722,default,64,425,11203,2041722

2020-02-02 20:35:35.590000+00:00,Cisco-IOS-XR-ipv4-bgp-oper:bgp/instances/instance/instance-active/default-vrf/process-info,spine2,,61,64,231,2,,default,1,true,1,2041722,default,64,425,11203,2041722

2020-02-02 20:35:39.700000+00:00,Cisco-IOS-XR-ipv4-bgp-oper:bgp/instances/instance/instance-active/default-vrf/process-info,spine2,,61,64,231,2,,default,1,true,1,2041722,default,64,425,11203,2041722

2020-02-02 20:35:45.575000+00:00,Cisco-IOS-XR-ipv4-bgp-oper:bgp/instances/instance/instance-active/default-vrf/process-info,spine2,,61,64,231,2,,default,1,true,1,2041722,default,64,425,11203,2041722

2020-02-02 20:35:49.697000+00:00,Cisco-IOS-XR-ipv4-bgp-oper:bgp/instances/instance/instance-active/default-vrf/process-info,spine2,,61,64,231,2,,default,1,true,1,2041722,default,64,425,11203,2041722

2020-02-02 20:35:55.691000+00:00,Cisco-IOS-XR-ipv4-bgp-oper:bgp/instances/instance/instance-active/default-vrf/process-info,spine2,,61,64,231,2,,default,1,true,1,2041722,default,64,425,11203,2041722

2020-02-02 20:35:59.688000+00:00,Cisco-IOS-XR-ipv4-bgp-oper:bgp/instances/instance/instance-active/default-vrf/process-info,spine2,,61,64,231,2,,default,1,true,1,2041722,default,64,425,11203,2041722

2020-02-02 20:36:05.585000+00:00,Cisco-IOS-XR-ipv4-bgp-oper:bgp/instances/instance/instance-active/default-vrf/process-info,spine2,,61,64,231,2,,default,1,true,1,2041722,default,64,425,11203,2041722

2020-02-02 20:36:09.701000+00:00,Cisco-IOS-XR-ipv4-bgp-oper:bgp/instances/instance/instance-active/default-vrf/process-info,spine2,,61,64,231,2,,default,1,true,1,2041722,default,64,425,11203,2041722

2020-02-02 20:36:15.586000+00:00,Cisco-IOS-XR-ipv4-bgp-oper:bgp/instances/instance/instance-active/default-vrf/process-info,spine2,,61,64,231,2,,default,1,true,1,2041722,default,64,425,11203,2041722

2020-02-02 20:36:19.947000+00:00,Cisco-IOS-XR-ipv4-bgp-oper:bgp/instances/instance/instance-active/default-vrf/process-info,spine2,,61,64,231,2,,default,1,true,1,2041783,default,64,427,11264,2041783

2020-02-02 20:36:25.581000+00:00,Cisco-IOS-XR-ipv4-bgp-oper:bgp/instances/instance/instance-active/default-vrf/process-info,spine2,,61,64,231,2,,default,1,true,1,2041783,default,64,427,11264,2041783

2020-02-02 20:36:29.691000+00:00,Cisco-IOS-XR-ipv4-bgp-oper:bgp/instances/instance/instance-active/default-vrf/process-info,spine2,,61,64,231,2,,default,1,true,1,2041783,default,64,427,11264,2041783

2020-02-02 20:36:35.695000+00:00,Cisco-IOS-XR-ipv4-bgp-oper:bgp/instances/instance/instance-active/default-vrf/process-info,spine2,,61,64,231,2,,default,1,true,1,2041783,default,64,427,11264,2041783

2020-02-02 20:36:39.689000+00:00,Cisco-IOS-XR-ipv4-bgp-oper:bgp/instances/instance/instance-active/default-vrf/process-info,spine2,,61,64,231,2,,default,1,true,1,2041783,default,64,427,11264,2041783

2020-02-02 20:36:45.589000+00:00,Cisco-IOS-XR-ipv4-bgp-oper:bgp/instances/instance/instance-active/default-vrf/process-info,spine2,,61,64,231,2,,default,1,true,1,2041783,default,64,427,11264,2041783

2020-02-02 20:36:49.691000+00:00,Cisco-IOS-XR-ipv4-bgp-oper:bgp/instances/instance/instance-active/default-vrf/process-info,spine2,,61,64,231,2,,default,1,true,1,2041783,default,64,427,11264,2041783

2020-02-02 20:36:55.565000+00:00,Cisco-IOS-XR-ipv4-bgp-oper:bgp/instances/instance/instance-active/default-vrf/process-info,spine2,,61,64,231,2,,default,1,true,1,2041783,default,64,427,11264,2041783

2020-02-02 20:36:59.688000+00:00,Cisco-IOS-XR-ipv4-bgp-oper:bgp/instances/instance/instance-active/default-vrf/process-info,spine2,,61,64,231,2,,default,1,true,1,2041783,default,64,427,11264,2041783

2020-02-02 20:37:05.589000+00:00,Cisco-IOS-XR-ipv4-bgp-oper:bgp/instances/instance/instance-active/default-vrf/process-info,spine2,,61,64,231,2,,default,1,true,1,2041783,default,64,427,11264,2041783

2020-02-02 20:37:09.697000+00:00,Cisco-IOS-XR-ipv4-bgp-oper:bgp/instances/instance/instance-active/default-vrf/process-info,spine2,,61,64,231,2,,default,1,true,1,2041783,default,64,427,11264,2041783

2020-02-02 20:37:15.579000+00:00,Cisco-IOS-XR-ipv4-bgp-oper:bgp/instances/instance/instance-active/default-vrf/process-info,spine2,,61,64,231,2,,default,1,true,1,2041783,default,64,427,11264,2041783

2020-02-02 20:37:19.708000+00:00,Cisco-IOS-XR-ipv4-bgp-oper:bgp/instances/instance/instance-active/default-vrf/process-info,spine2,,61,64,231,2,,default,1,true,1,2041783,default,64,427,11264,2041783

2020-02-02 20:37:25.591000+00:00,Cisco-IOS-XR-ipv4-bgp-oper:bgp/instances/instance/instance-active/default-vrf/process-info,spine2,,61,64,231,2,,default,1,true,1,2041783,default,64,427,11264,2041783

2020-02-02 20:37:29.689000+00:00,Cisco-IOS-XR-ipv4-bgp-oper:bgp/instances/instance/instance-active/default-vrf/process-info,spine2,,61,64,231,2,,default,1,true,1,2041783,default,64,427,11264,2041783

2020-02-02 20:37:35.574000+00:00,Cisco-IOS-XR-ipv4-bgp-oper:bgp/instances/instance/instance-active/default-vrf/process-info,spine2,,61,64,231,2,,default,1,true,1,2041783,default,64,427,11264,2041783

2020-02-02 20:37:39.691000+00:00,Cisco-IOS-XR-ipv4-bgp-oper:bgp/instances/instance/instance-active/default-vrf/process-info,spine2,,61,64,231,2,,default,1,true,1,2041783,default,64,427,11264,2041783

2020-02-02 20:37:45.659000+00:00,Cisco-IOS-XR-ipv4-bgp-oper:bgp/instances/instance/instance-active/default-vrf/process-info,spine2,,61,64,231,2,,default,1,true,1,2041783,default,64,427,11264,2041783

2020-02-02 20:37:49.693000+00:00,Cisco-IOS-XR-ipv4-bgp-oper:bgp/instances/instance/instance-active/default-vrf/process-info,spine2,,61,64,231,2,,default,1,true,1,2041783,default,64,427,11264,2041783

2020-02-02 20:37:55.641000+00:00,Cisco-IOS-XR-ipv4-bgp-oper:bgp/instances/instance/instance-active/default-vrf/process-info,spine2,,61,64,231,2,,default,1,true,1,2041783,default,64,427,11264,2041783

