,Producer,Target,host,session-state/down-count,session-state/total-count,session-state/unknown-count,session-state/up-count

2020-02-06 18:54:58.338000+00:00,spine2,wadjet-t-sg0,obt-collector1,0,29,0,29

2020-02-06 18:55:08.344000+00:00,spine2,wadjet-t-sg0,obt-collector1,0,29,0,29

2020-02-06 18:55:18.340000+00:00,spine2,wadjet-t-sg0,obt-collector1,0,29,0,29

2020-02-06 18:55:28.339000+00:00,spine2,wadjet-t-sg0,obt-collector1,0,29,0,29

2020-02-06 18:55:38.340000+00:00,spine2,wadjet-t-sg0,obt-collector1,0,29,0,29

2020-02-06 18:55:48.339000+00:00,spine2,wadjet-t-sg0,obt-collector1,0,29,0,29

2020-02-06 18:55:58.339000+00:00,spine2,wadjet-t-sg0,obt-collector1,0,29,0,29

2020-02-06 18:56:08.343000+00:00,spine2,wadjet-t-sg0,obt-collector1,0,29,0,29

2020-02-06 18:56:18.341000+00:00,spine2,wadjet-t-sg0,obt-collector1,0,29,0,29

2020-02-06 18:56:28.340000+00:00,spine2,wadjet-t-sg0,obt-collector1,0,29,0,29

2020-02-06 18:56:38.350000+00:00,spine2,wadjet-t-sg0,obt-collector1,0,29,0,29

2020-02-06 18:56:48.340000+00:00,spine2,wadjet-t-sg0,obt-collector1,0,29,0,29

2020-02-06 18:56:58.341000+00:00,spine2,wadjet-t-sg0,obt-collector1,0,29,0,29

2020-02-06 18:57:08.340000+00:00,spine2,wadjet-t-sg0,obt-collector1,0,29,0,29

2020-02-06 18:57:18.342000+00:00,spine2,wadjet-t-sg0,obt-collector1,0,29,0,29

2020-02-06 18:57:28.339000+00:00,spine2,wadjet-t-sg0,obt-collector1,0,29,0,29

2020-02-06 18:57:38.344000+00:00,spine2,wadjet-t-sg0,obt-collector1,0,29,0,29

2020-02-06 18:57:48.344000+00:00,spine2,wadjet-t-sg0,obt-collector1,0,29,0,29

2020-02-06 18:57:58.341000+00:00,spine2,wadjet-t-sg0,obt-collector1,0,29,0,29

2020-02-06 18:58:08.345000+00:00,spine2,wadjet-t-sg0,obt-collector1,0,29,0,29

2020-02-06 18:58:18.342000+00:00,spine2,wadjet-t-sg0,obt-collector1,0,29,0,29

2020-02-06 18:58:28.342000+00:00,spine2,wadjet-t-sg0,obt-collector1,0,29,0,29

2020-02-06 18:58:38.342000+00:00,spine2,wadjet-t-sg0,obt-collector1,0,29,0,29

2020-02-06 18:58:48.341000+00:00,spine2,wadjet-t-sg0,obt-collector1,0,29,0,29

2020-02-06 18:58:58.342000+00:00,spine2,wadjet-t-sg0,obt-collector1,0,29,0,29

2020-02-06 18:59:08.344000+00:00,spine2,wadjet-t-sg0,obt-collector1,0,29,0,29

2020-02-06 18:59:18.342000+00:00,spine2,wadjet-t-sg0,obt-collector1,0,29,0,29

2020-02-06 18:59:28.345000+00:00,spine2,wadjet-t-sg0,obt-collector1,0,29,0,29

2020-02-06 18:59:38.343000+00:00,spine2,wadjet-t-sg0,obt-collector1,0,29,0,29

2020-02-06 18:59:48.350000+00:00,spine2,wadjet-t-sg0,obt-collector1,0,29,0,29

2020-02-06 18:59:58.341000+00:00,spine2,wadjet-t-sg0,obt-collector1,0,29,0,29

2020-02-06 19:00:08.343000+00:00,spine2,wadjet-t-sg0,obt-collector1,0,29,0,29

2020-02-06 19:00:18.345000+00:00,spine2,wadjet-t-sg0,obt-collector1,0,29,0,29

2020-02-06 19:00:28.342000+00:00,spine2,wadjet-t-sg0,obt-collector1,0,29,0,29

2020-02-06 19:00:38.344000+00:00,spine2,wadjet-t-sg0,obt-collector1,0,29,0,29

2020-02-06 19:00:48.345000+00:00,spine2,wadjet-t-sg0,obt-collector1,0,29,0,29

2020-02-06 19:00:58.342000+00:00,spine2,wadjet-t-sg0,obt-collector1,0,29,0,29

2020-02-06 19:01:08.342000+00:00,spine2,wadjet-t-sg0,obt-collector1,0,29,0,29

2020-02-06 19:01:18.345000+00:00,spine2,wadjet-t-sg0,obt-collector1,0,29,0,29

2020-02-06 19:01:28.342000+00:00,spine2,wadjet-t-sg0,obt-collector1,0,29,0,29

2020-02-06 19:01:38.346000+00:00,spine2,wadjet-t-sg0,obt-collector1,0,29,0,29

2020-02-06 19:01:48.345000+00:00,spine2,wadjet-t-sg0,obt-collector1,0,29,0,29

2020-02-06 19:01:58.342000+00:00,spine2,wadjet-t-sg0,obt-collector1,0,29,0,29

2020-02-06 19:02:08.345000+00:00,spine2,wadjet-t-sg0,obt-collector1,0,29,0,29

2020-02-06 19:02:18.346000+00:00,spine2,wadjet-t-sg0,obt-collector1,0,29,0,29

2020-02-06 19:02:28.344000+00:00,spine2,wadjet-t-sg0,obt-collector1,0,29,0,29

2020-02-06 19:02:38.344000+00:00,spine2,wadjet-t-sg0,obt-collector1,0,29,0,29

2020-02-06 19:02:48.345000+00:00,spine2,wadjet-t-sg0,obt-collector1,0,29,0,29

2020-02-06 19:02:58.344000+00:00,spine2,wadjet-t-sg0,obt-collector1,0,29,0,29

2020-02-06 19:03:08.346000+00:00,spine2,wadjet-t-sg0,obt-collector1,0,29,0,29

2020-02-06 19:03:18.345000+00:00,spine2,wadjet-t-sg0,obt-collector1,0,29,0,29

2020-02-06 19:03:28.345000+00:00,spine2,wadjet-t-sg0,obt-collector1,0,29,0,29

2020-02-06 19:03:38.345000+00:00,spine2,wadjet-t-sg0,obt-collector1,0,29,0,29

2020-02-06 19:03:48.345000+00:00,spine2,wadjet-t-sg0,obt-collector1,0,29,0,29

2020-02-06 19:03:58.345000+00:00,spine2,wadjet-t-sg0,obt-collector1,0,29,0,29

2020-02-06 19:04:08.344000+00:00,spine2,wadjet-t-sg0,obt-collector1,1,29,0,28

2020-02-06 19:04:18.348000+00:00,spine2,wadjet-t-sg0,obt-collector1,1,29,0,28

2020-02-06 19:04:28.361000+00:00,spine2,wadjet-t-sg0,obt-collector1,1,29,0,28

2020-02-06 19:04:38.347000+00:00,spine2,wadjet-t-sg0,obt-collector1,1,29,0,28

2020-02-06 19:04:48.345000+00:00,spine2,wadjet-t-sg0,obt-collector1,1,29,0,28

2020-02-06 19:04:58.345000+00:00,spine2,wadjet-t-sg0,obt-collector1,1,29,0,28

2020-02-06 19:05:08.347000+00:00,spine2,wadjet-t-sg0,obt-collector1,1,29,0,28

2020-02-06 19:05:18.349000+00:00,spine2,wadjet-t-sg0,obt-collector1,1,29,0,28

2020-02-06 19:05:28.344000+00:00,spine2,wadjet-t-sg0,obt-collector1,1,29,0,28

2020-02-06 19:05:38.347000+00:00,spine2,wadjet-t-sg0,obt-collector1,1,29,0,28

2020-02-06 19:05:48.346000+00:00,spine2,wadjet-t-sg0,obt-collector1,1,29,0,28

2020-02-06 19:05:58.346000+00:00,spine2,wadjet-t-sg0,obt-collector1,1,29,0,28

2020-02-06 19:06:08.347000+00:00,spine2,wadjet-t-sg0,obt-collector1,1,29,0,28

2020-02-06 19:06:18.348000+00:00,spine2,wadjet-t-sg0,obt-collector1,1,29,0,28

2020-02-06 19:06:28.345000+00:00,spine2,wadjet-t-sg0,obt-collector1,1,29,0,28

2020-02-06 19:06:38.348000+00:00,spine2,wadjet-t-sg0,obt-collector1,1,29,0,28

2020-02-06 19:06:48.347000+00:00,spine2,wadjet-t-sg0,obt-collector1,1,29,0,28

2020-02-06 19:06:58.347000+00:00,spine2,wadjet-t-sg0,obt-collector1,1,29,0,28

2020-02-06 19:07:08.360000+00:00,spine2,wadjet-t-sg0,obt-collector1,1,29,0,28

2020-02-06 19:07:18.351000+00:00,spine2,wadjet-t-sg0,obt-collector1,1,29,0,28

2020-02-06 19:07:28.347000+00:00,spine2,wadjet-t-sg0,obt-collector1,1,29,0,28

2020-02-06 19:07:38.349000+00:00,spine2,wadjet-t-sg0,obt-collector1,1,29,0,28

2020-02-06 19:07:48.348000+00:00,spine2,wadjet-t-sg0,obt-collector1,1,29,0,28

2020-02-06 19:07:58.364000+00:00,spine2,wadjet-t-sg0,obt-collector1,1,29,0,28

2020-02-06 19:08:08.347000+00:00,spine2,wadjet-t-sg0,obt-collector1,1,29,0,28

