,Producer,Target,brief/name,brief/name-xr,brief/node-id,brief/session-count,client-name,flags/is-recreate-state,flags/is-zombie-state,host,recreate-time

2020-02-06 18:54:58.322000+00:00,spine2,wadjet-t-sg0,,L2VPN_ATOM,0/RP0/CPU0,0,L2VPN_ATOMnode0_RP0_CPU0,0,0,obt-collector1,120

2020-02-06 18:54:58.322000+00:00,spine2,wadjet-t-sg0,,ipv4_static,0/RP0/CPU0,0,ipv4_staticnode0_RP0_CPU0,0,0,obt-collector1,60

2020-02-06 18:54:58.322000+00:00,spine2,wadjet-t-sg0,,object_tracking,0/RP0/CPU0,0,object_trackingnode0_RP0_CPU0,0,0,obt-collector1,199

2020-02-06 18:54:58.322000+00:00,spine2,wadjet-t-sg0,,bgp-default,0/RP0/CPU0,61,bgp-defaultnode0_RP0_CPU0,0,0,obt-collector1,60

2020-02-06 18:54:58.322000+00:00,spine2,wadjet-t-sg0,,XTC,0/RP0/CPU0,0,XTCnode0_RP0_CPU0,0,0,obt-collector1,180

2020-02-06 18:54:58.322000+00:00,spine2,wadjet-t-sg0,,bundlemgr_distrib,0/RP0/CPU0,0,bundlemgr_distribnode0_RP0_CPU0,0,0,obt-collector1,60

2020-02-06 18:54:58.323000+00:00,spine2,wadjet-t-sg0,,pim6,0/RP0/CPU0,0,pim6node0_RP0_CPU0,0,0,obt-collector1,199

2020-02-06 18:54:58.323000+00:00,spine2,wadjet-t-sg0,,pim,0/RP0/CPU0,0,pimnode0_RP0_CPU0,0,0,obt-collector1,199

2020-02-06 18:55:08.323000+00:00,spine2,wadjet-t-sg0,,XTC,0/RP0/CPU0,0,XTCnode0_RP0_CPU0,0,0,obt-collector1,180

2020-02-06 18:55:08.323000+00:00,spine2,wadjet-t-sg0,,bgp-default,0/RP0/CPU0,61,bgp-defaultnode0_RP0_CPU0,0,0,obt-collector1,60

2020-02-06 18:55:08.323000+00:00,spine2,wadjet-t-sg0,,L2VPN_ATOM,0/RP0/CPU0,0,L2VPN_ATOMnode0_RP0_CPU0,0,0,obt-collector1,120

2020-02-06 18:55:08.323000+00:00,spine2,wadjet-t-sg0,,bundlemgr_distrib,0/RP0/CPU0,0,bundlemgr_distribnode0_RP0_CPU0,0,0,obt-collector1,60

2020-02-06 18:55:08.324000+00:00,spine2,wadjet-t-sg0,,pim6,0/RP0/CPU0,0,pim6node0_RP0_CPU0,0,0,obt-collector1,199

2020-02-06 18:55:08.324000+00:00,spine2,wadjet-t-sg0,,pim,0/RP0/CPU0,0,pimnode0_RP0_CPU0,0,0,obt-collector1,199

2020-02-06 18:55:08.324000+00:00,spine2,wadjet-t-sg0,,ipv4_static,0/RP0/CPU0,0,ipv4_staticnode0_RP0_CPU0,0,0,obt-collector1,60

2020-02-06 18:55:08.324000+00:00,spine2,wadjet-t-sg0,,object_tracking,0/RP0/CPU0,0,object_trackingnode0_RP0_CPU0,0,0,obt-collector1,199

2020-02-06 18:55:18.324000+00:00,spine2,wadjet-t-sg0,,ipv4_static,0/RP0/CPU0,0,ipv4_staticnode0_RP0_CPU0,0,0,obt-collector1,60

2020-02-06 18:55:18.324000+00:00,spine2,wadjet-t-sg0,,object_tracking,0/RP0/CPU0,0,object_trackingnode0_RP0_CPU0,0,0,obt-collector1,199

2020-02-06 18:55:18.324000+00:00,spine2,wadjet-t-sg0,,bundlemgr_distrib,0/RP0/CPU0,0,bundlemgr_distribnode0_RP0_CPU0,0,0,obt-collector1,60

2020-02-06 18:55:18.324000+00:00,spine2,wadjet-t-sg0,,XTC,0/RP0/CPU0,0,XTCnode0_RP0_CPU0,0,0,obt-collector1,180

2020-02-06 18:55:18.324000+00:00,spine2,wadjet-t-sg0,,L2VPN_ATOM,0/RP0/CPU0,0,L2VPN_ATOMnode0_RP0_CPU0,0,0,obt-collector1,120

2020-02-06 18:55:18.324000+00:00,spine2,wadjet-t-sg0,,bgp-default,0/RP0/CPU0,61,bgp-defaultnode0_RP0_CPU0,0,0,obt-collector1,60

2020-02-06 18:55:18.324000+00:00,spine2,wadjet-t-sg0,,pim6,0/RP0/CPU0,0,pim6node0_RP0_CPU0,0,0,obt-collector1,199

2020-02-06 18:55:18.325000+00:00,spine2,wadjet-t-sg0,,pim,0/RP0/CPU0,0,pimnode0_RP0_CPU0,0,0,obt-collector1,199

2020-02-06 18:55:28.324000+00:00,spine2,wadjet-t-sg0,,pim6,0/RP0/CPU0,0,pim6node0_RP0_CPU0,0,0,obt-collector1,199

2020-02-06 18:55:28.324000+00:00,spine2,wadjet-t-sg0,,pim,0/RP0/CPU0,0,pimnode0_RP0_CPU0,0,0,obt-collector1,199

2020-02-06 18:55:28.324000+00:00,spine2,wadjet-t-sg0,,bundlemgr_distrib,0/RP0/CPU0,0,bundlemgr_distribnode0_RP0_CPU0,0,0,obt-collector1,60

2020-02-06 18:55:28.324000+00:00,spine2,wadjet-t-sg0,,ipv4_static,0/RP0/CPU0,0,ipv4_staticnode0_RP0_CPU0,0,0,obt-collector1,60

2020-02-06 18:55:28.324000+00:00,spine2,wadjet-t-sg0,,object_tracking,0/RP0/CPU0,0,object_trackingnode0_RP0_CPU0,0,0,obt-collector1,199

2020-02-06 18:55:28.324000+00:00,spine2,wadjet-t-sg0,,bgp-default,0/RP0/CPU0,61,bgp-defaultnode0_RP0_CPU0,0,0,obt-collector1,60

2020-02-06 18:55:28.324000+00:00,spine2,wadjet-t-sg0,,L2VPN_ATOM,0/RP0/CPU0,0,L2VPN_ATOMnode0_RP0_CPU0,0,0,obt-collector1,120

2020-02-06 18:55:28.324000+00:00,spine2,wadjet-t-sg0,,XTC,0/RP0/CPU0,0,XTCnode0_RP0_CPU0,0,0,obt-collector1,180

2020-02-06 18:55:38.324000+00:00,spine2,wadjet-t-sg0,,L2VPN_ATOM,0/RP0/CPU0,0,L2VPN_ATOMnode0_RP0_CPU0,0,0,obt-collector1,120

2020-02-06 18:55:38.324000+00:00,spine2,wadjet-t-sg0,,XTC,0/RP0/CPU0,0,XTCnode0_RP0_CPU0,0,0,obt-collector1,180

2020-02-06 18:55:38.324000+00:00,spine2,wadjet-t-sg0,,bundlemgr_distrib,0/RP0/CPU0,0,bundlemgr_distribnode0_RP0_CPU0,0,0,obt-collector1,60

2020-02-06 18:55:38.324000+00:00,spine2,wadjet-t-sg0,,pim6,0/RP0/CPU0,0,pim6node0_RP0_CPU0,0,0,obt-collector1,199

2020-02-06 18:55:38.324000+00:00,spine2,wadjet-t-sg0,,pim,0/RP0/CPU0,0,pimnode0_RP0_CPU0,0,0,obt-collector1,199

2020-02-06 18:55:38.324000+00:00,spine2,wadjet-t-sg0,,bgp-default,0/RP0/CPU0,61,bgp-defaultnode0_RP0_CPU0,0,0,obt-collector1,60

2020-02-06 18:55:38.324000+00:00,spine2,wadjet-t-sg0,,ipv4_static,0/RP0/CPU0,0,ipv4_staticnode0_RP0_CPU0,0,0,obt-collector1,60

2020-02-06 18:55:38.324000+00:00,spine2,wadjet-t-sg0,,object_tracking,0/RP0/CPU0,0,object_trackingnode0_RP0_CPU0,0,0,obt-collector1,199

2020-02-06 18:55:48.324000+00:00,spine2,wadjet-t-sg0,,ipv4_static,0/RP0/CPU0,0,ipv4_staticnode0_RP0_CPU0,0,0,obt-collector1,60

2020-02-06 18:55:48.324000+00:00,spine2,wadjet-t-sg0,,bundlemgr_distrib,0/RP0/CPU0,0,bundlemgr_distribnode0_RP0_CPU0,0,0,obt-collector1,60

2020-02-06 18:55:48.324000+00:00,spine2,wadjet-t-sg0,,L2VPN_ATOM,0/RP0/CPU0,0,L2VPN_ATOMnode0_RP0_CPU0,0,0,obt-collector1,120

2020-02-06 18:55:48.324000+00:00,spine2,wadjet-t-sg0,,XTC,0/RP0/CPU0,0,XTCnode0_RP0_CPU0,0,0,obt-collector1,180

2020-02-06 18:55:48.324000+00:00,spine2,wadjet-t-sg0,,bgp-default,0/RP0/CPU0,61,bgp-defaultnode0_RP0_CPU0,0,0,obt-collector1,60

2020-02-06 18:55:48.325000+00:00,spine2,wadjet-t-sg0,,object_tracking,0/RP0/CPU0,0,object_trackingnode0_RP0_CPU0,0,0,obt-collector1,199

2020-02-06 18:55:48.325000+00:00,spine2,wadjet-t-sg0,,pim6,0/RP0/CPU0,0,pim6node0_RP0_CPU0,0,0,obt-collector1,199

2020-02-06 18:55:48.325000+00:00,spine2,wadjet-t-sg0,,pim,0/RP0/CPU0,0,pimnode0_RP0_CPU0,0,0,obt-collector1,199

2020-02-06 18:55:58.324000+00:00,spine2,wadjet-t-sg0,,XTC,0/RP0/CPU0,0,XTCnode0_RP0_CPU0,0,0,obt-collector1,180

2020-02-06 18:55:58.324000+00:00,spine2,wadjet-t-sg0,,bundlemgr_distrib,0/RP0/CPU0,0,bundlemgr_distribnode0_RP0_CPU0,0,0,obt-collector1,60

2020-02-06 18:55:58.324000+00:00,spine2,wadjet-t-sg0,,ipv4_static,0/RP0/CPU0,0,ipv4_staticnode0_RP0_CPU0,0,0,obt-collector1,60

2020-02-06 18:55:58.324000+00:00,spine2,wadjet-t-sg0,,L2VPN_ATOM,0/RP0/CPU0,0,L2VPN_ATOMnode0_RP0_CPU0,0,0,obt-collector1,120

2020-02-06 18:55:58.324000+00:00,spine2,wadjet-t-sg0,,bgp-default,0/RP0/CPU0,61,bgp-defaultnode0_RP0_CPU0,0,0,obt-collector1,60

2020-02-06 18:55:58.325000+00:00,spine2,wadjet-t-sg0,,pim6,0/RP0/CPU0,0,pim6node0_RP0_CPU0,0,0,obt-collector1,199

2020-02-06 18:55:58.325000+00:00,spine2,wadjet-t-sg0,,pim,0/RP0/CPU0,0,pimnode0_RP0_CPU0,0,0,obt-collector1,199

2020-02-06 18:55:58.325000+00:00,spine2,wadjet-t-sg0,,object_tracking,0/RP0/CPU0,0,object_trackingnode0_RP0_CPU0,0,0,obt-collector1,199

2020-02-06 18:56:08.325000+00:00,spine2,wadjet-t-sg0,,pim,0/RP0/CPU0,0,pimnode0_RP0_CPU0,0,0,obt-collector1,199

2020-02-06 18:56:08.325000+00:00,spine2,wadjet-t-sg0,,object_tracking,0/RP0/CPU0,0,object_trackingnode0_RP0_CPU0,0,0,obt-collector1,199

2020-02-06 18:56:08.325000+00:00,spine2,wadjet-t-sg0,,bgp-default,0/RP0/CPU0,61,bgp-defaultnode0_RP0_CPU0,0,0,obt-collector1,60

2020-02-06 18:56:08.325000+00:00,spine2,wadjet-t-sg0,,XTC,0/RP0/CPU0,0,XTCnode0_RP0_CPU0,0,0,obt-collector1,180

2020-02-06 18:56:08.325000+00:00,spine2,wadjet-t-sg0,,L2VPN_ATOM,0/RP0/CPU0,0,L2VPN_ATOMnode0_RP0_CPU0,0,0,obt-collector1,120

2020-02-06 18:56:08.325000+00:00,spine2,wadjet-t-sg0,,pim6,0/RP0/CPU0,0,pim6node0_RP0_CPU0,0,0,obt-collector1,199

2020-02-06 18:56:08.325000+00:00,spine2,wadjet-t-sg0,,ipv4_static,0/RP0/CPU0,0,ipv4_staticnode0_RP0_CPU0,0,0,obt-collector1,60

2020-02-06 18:56:08.325000+00:00,spine2,wadjet-t-sg0,,bundlemgr_distrib,0/RP0/CPU0,0,bundlemgr_distribnode0_RP0_CPU0,0,0,obt-collector1,60

2020-02-06 18:56:18.324000+00:00,spine2,wadjet-t-sg0,,L2VPN_ATOM,0/RP0/CPU0,0,L2VPN_ATOMnode0_RP0_CPU0,0,0,obt-collector1,120

2020-02-06 18:56:18.325000+00:00,spine2,wadjet-t-sg0,,bundlemgr_distrib,0/RP0/CPU0,0,bundlemgr_distribnode0_RP0_CPU0,0,0,obt-collector1,60

2020-02-06 18:56:18.325000+00:00,spine2,wadjet-t-sg0,,ipv4_static,0/RP0/CPU0,0,ipv4_staticnode0_RP0_CPU0,0,0,obt-collector1,60

2020-02-06 18:56:18.325000+00:00,spine2,wadjet-t-sg0,,bgp-default,0/RP0/CPU0,61,bgp-defaultnode0_RP0_CPU0,0,0,obt-collector1,60

2020-02-06 18:56:18.325000+00:00,spine2,wadjet-t-sg0,,object_tracking,0/RP0/CPU0,0,object_trackingnode0_RP0_CPU0,0,0,obt-collector1,199

2020-02-06 18:56:18.325000+00:00,spine2,wadjet-t-sg0,,pim6,0/RP0/CPU0,0,pim6node0_RP0_CPU0,0,0,obt-collector1,199

2020-02-06 18:56:18.325000+00:00,spine2,wadjet-t-sg0,,XTC,0/RP0/CPU0,0,XTCnode0_RP0_CPU0,0,0,obt-collector1,180

2020-02-06 18:56:18.325000+00:00,spine2,wadjet-t-sg0,,pim,0/RP0/CPU0,0,pimnode0_RP0_CPU0,0,0,obt-collector1,199

2020-02-06 18:56:28.325000+00:00,spine2,wadjet-t-sg0,,XTC,0/RP0/CPU0,0,XTCnode0_RP0_CPU0,0,0,obt-collector1,180

2020-02-06 18:56:28.325000+00:00,spine2,wadjet-t-sg0,,L2VPN_ATOM,0/RP0/CPU0,0,L2VPN_ATOMnode0_RP0_CPU0,0,0,obt-collector1,120

2020-02-06 18:56:28.325000+00:00,spine2,wadjet-t-sg0,,bgp-default,0/RP0/CPU0,61,bgp-defaultnode0_RP0_CPU0,0,0,obt-collector1,60

2020-02-06 18:56:28.325000+00:00,spine2,wadjet-t-sg0,,bundlemgr_distrib,0/RP0/CPU0,0,bundlemgr_distribnode0_RP0_CPU0,0,0,obt-collector1,60

2020-02-06 18:56:28.326000+00:00,spine2,wadjet-t-sg0,,pim,0/RP0/CPU0,0,pimnode0_RP0_CPU0,0,0,obt-collector1,199

2020-02-06 18:56:28.326000+00:00,spine2,wadjet-t-sg0,,pim6,0/RP0/CPU0,0,pim6node0_RP0_CPU0,0,0,obt-collector1,199

2020-02-06 18:56:28.326000+00:00,spine2,wadjet-t-sg0,,ipv4_static,0/RP0/CPU0,0,ipv4_staticnode0_RP0_CPU0,0,0,obt-collector1,60

2020-02-06 18:56:28.326000+00:00,spine2,wadjet-t-sg0,,object_tracking,0/RP0/CPU0,0,object_trackingnode0_RP0_CPU0,0,0,obt-collector1,199

2020-02-06 18:56:38.325000+00:00,spine2,wadjet-t-sg0,,ipv4_static,0/RP0/CPU0,0,ipv4_staticnode0_RP0_CPU0,0,0,obt-collector1,60

2020-02-06 18:56:38.325000+00:00,spine2,wadjet-t-sg0,,object_tracking,0/RP0/CPU0,0,object_trackingnode0_RP0_CPU0,0,0,obt-collector1,199

2020-02-06 18:56:38.325000+00:00,spine2,wadjet-t-sg0,,bgp-default,0/RP0/CPU0,61,bgp-defaultnode0_RP0_CPU0,0,0,obt-collector1,60

2020-02-06 18:56:38.325000+00:00,spine2,wadjet-t-sg0,,L2VPN_ATOM,0/RP0/CPU0,0,L2VPN_ATOMnode0_RP0_CPU0,0,0,obt-collector1,120

2020-02-06 18:56:38.325000+00:00,spine2,wadjet-t-sg0,,XTC,0/RP0/CPU0,0,XTCnode0_RP0_CPU0,0,0,obt-collector1,180

2020-02-06 18:56:38.325000+00:00,spine2,wadjet-t-sg0,,bundlemgr_distrib,0/RP0/CPU0,0,bundlemgr_distribnode0_RP0_CPU0,0,0,obt-collector1,60

2020-02-06 18:56:38.326000+00:00,spine2,wadjet-t-sg0,,pim6,0/RP0/CPU0,0,pim6node0_RP0_CPU0,0,0,obt-collector1,199

2020-02-06 18:56:38.326000+00:00,spine2,wadjet-t-sg0,,pim,0/RP0/CPU0,0,pimnode0_RP0_CPU0,0,0,obt-collector1,199

2020-02-06 18:56:48.325000+00:00,spine2,wadjet-t-sg0,,pim6,0/RP0/CPU0,0,pim6node0_RP0_CPU0,0,0,obt-collector1,199

2020-02-06 18:56:48.325000+00:00,spine2,wadjet-t-sg0,,pim,0/RP0/CPU0,0,pimnode0_RP0_CPU0,0,0,obt-collector1,199

2020-02-06 18:56:48.325000+00:00,spine2,wadjet-t-sg0,,bgp-default,0/RP0/CPU0,61,bgp-defaultnode0_RP0_CPU0,0,0,obt-collector1,60

2020-02-06 18:56:48.325000+00:00,spine2,wadjet-t-sg0,,ipv4_static,0/RP0/CPU0,0,ipv4_staticnode0_RP0_CPU0,0,0,obt-collector1,60

2020-02-06 18:56:48.325000+00:00,spine2,wadjet-t-sg0,,object_tracking,0/RP0/CPU0,0,object_trackingnode0_RP0_CPU0,0,0,obt-collector1,199

2020-02-06 18:56:48.325000+00:00,spine2,wadjet-t-sg0,,bundlemgr_distrib,0/RP0/CPU0,0,bundlemgr_distribnode0_RP0_CPU0,0,0,obt-collector1,60

2020-02-06 18:56:48.325000+00:00,spine2,wadjet-t-sg0,,L2VPN_ATOM,0/RP0/CPU0,0,L2VPN_ATOMnode0_RP0_CPU0,0,0,obt-collector1,120

2020-02-06 18:56:48.325000+00:00,spine2,wadjet-t-sg0,,XTC,0/RP0/CPU0,0,XTCnode0_RP0_CPU0,0,0,obt-collector1,180

2020-02-06 18:56:58.326000+00:00,spine2,wadjet-t-sg0,,L2VPN_ATOM,0/RP0/CPU0,0,L2VPN_ATOMnode0_RP0_CPU0,0,0,obt-collector1,120

2020-02-06 18:56:58.326000+00:00,spine2,wadjet-t-sg0,,XTC,0/RP0/CPU0,0,XTCnode0_RP0_CPU0,0,0,obt-collector1,180

2020-02-06 18:56:58.326000+00:00,spine2,wadjet-t-sg0,,bgp-default,0/RP0/CPU0,61,bgp-defaultnode0_RP0_CPU0,0,0,obt-collector1,60

2020-02-06 18:56:58.326000+00:00,spine2,wadjet-t-sg0,,pim6,0/RP0/CPU0,0,pim6node0_RP0_CPU0,0,0,obt-collector1,199

2020-02-06 18:56:58.326000+00:00,spine2,wadjet-t-sg0,,pim,0/RP0/CPU0,0,pimnode0_RP0_CPU0,0,0,obt-collector1,199

2020-02-06 18:56:58.326000+00:00,spine2,wadjet-t-sg0,,bundlemgr_distrib,0/RP0/CPU0,0,bundlemgr_distribnode0_RP0_CPU0,0,0,obt-collector1,60

2020-02-06 18:56:58.326000+00:00,spine2,wadjet-t-sg0,,ipv4_static,0/RP0/CPU0,0,ipv4_staticnode0_RP0_CPU0,0,0,obt-collector1,60

2020-02-06 18:56:58.326000+00:00,spine2,wadjet-t-sg0,,object_tracking,0/RP0/CPU0,0,object_trackingnode0_RP0_CPU0,0,0,obt-collector1,199

2020-02-06 18:57:08.325000+00:00,spine2,wadjet-t-sg0,,ipv4_static,0/RP0/CPU0,0,ipv4_staticnode0_RP0_CPU0,0,0,obt-collector1,60

2020-02-06 18:57:08.325000+00:00,spine2,wadjet-t-sg0,,object_tracking,0/RP0/CPU0,0,object_trackingnode0_RP0_CPU0,0,0,obt-collector1,199

2020-02-06 18:57:08.325000+00:00,spine2,wadjet-t-sg0,,bgp-default,0/RP0/CPU0,61,bgp-defaultnode0_RP0_CPU0,0,0,obt-collector1,60

2020-02-06 18:57:08.325000+00:00,spine2,wadjet-t-sg0,,L2VPN_ATOM,0/RP0/CPU0,0,L2VPN_ATOMnode0_RP0_CPU0,0,0,obt-collector1,120

2020-02-06 18:57:08.325000+00:00,spine2,wadjet-t-sg0,,XTC,0/RP0/CPU0,0,XTCnode0_RP0_CPU0,0,0,obt-collector1,180

2020-02-06 18:57:08.325000+00:00,spine2,wadjet-t-sg0,,bundlemgr_distrib,0/RP0/CPU0,0,bundlemgr_distribnode0_RP0_CPU0,0,0,obt-collector1,60

2020-02-06 18:57:08.326000+00:00,spine2,wadjet-t-sg0,,pim6,0/RP0/CPU0,0,pim6node0_RP0_CPU0,0,0,obt-collector1,199

2020-02-06 18:57:08.326000+00:00,spine2,wadjet-t-sg0,,pim,0/RP0/CPU0,0,pimnode0_RP0_CPU0,0,0,obt-collector1,199

2020-02-06 18:57:18.325000+00:00,spine2,wadjet-t-sg0,,L2VPN_ATOM,0/RP0/CPU0,0,L2VPN_ATOMnode0_RP0_CPU0,0,0,obt-collector1,120

2020-02-06 18:57:18.325000+00:00,spine2,wadjet-t-sg0,,XTC,0/RP0/CPU0,0,XTCnode0_RP0_CPU0,0,0,obt-collector1,180

2020-02-06 18:57:18.326000+00:00,spine2,wadjet-t-sg0,,pim,0/RP0/CPU0,0,pimnode0_RP0_CPU0,0,0,obt-collector1,199

2020-02-06 18:57:18.326000+00:00,spine2,wadjet-t-sg0,,pim6,0/RP0/CPU0,0,pim6node0_RP0_CPU0,0,0,obt-collector1,199

2020-02-06 18:57:18.326000+00:00,spine2,wadjet-t-sg0,,object_tracking,0/RP0/CPU0,0,object_trackingnode0_RP0_CPU0,0,0,obt-collector1,199

2020-02-06 18:57:18.326000+00:00,spine2,wadjet-t-sg0,,bundlemgr_distrib,0/RP0/CPU0,0,bundlemgr_distribnode0_RP0_CPU0,0,0,obt-collector1,60

2020-02-06 18:57:18.326000+00:00,spine2,wadjet-t-sg0,,ipv4_static,0/RP0/CPU0,0,ipv4_staticnode0_RP0_CPU0,0,0,obt-collector1,60

2020-02-06 18:57:18.326000+00:00,spine2,wadjet-t-sg0,,bgp-default,0/RP0/CPU0,61,bgp-defaultnode0_RP0_CPU0,0,0,obt-collector1,60

2020-02-06 18:57:28.325000+00:00,spine2,wadjet-t-sg0,,ipv4_static,0/RP0/CPU0,0,ipv4_staticnode0_RP0_CPU0,0,0,obt-collector1,60

2020-02-06 18:57:28.325000+00:00,spine2,wadjet-t-sg0,,bgp-default,0/RP0/CPU0,61,bgp-defaultnode0_RP0_CPU0,0,0,obt-collector1,60

2020-02-06 18:57:28.325000+00:00,spine2,wadjet-t-sg0,,L2VPN_ATOM,0/RP0/CPU0,0,L2VPN_ATOMnode0_RP0_CPU0,0,0,obt-collector1,120

2020-02-06 18:57:28.325000+00:00,spine2,wadjet-t-sg0,,object_tracking,0/RP0/CPU0,0,object_trackingnode0_RP0_CPU0,0,0,obt-collector1,199

2020-02-06 18:57:28.325000+00:00,spine2,wadjet-t-sg0,,XTC,0/RP0/CPU0,0,XTCnode0_RP0_CPU0,0,0,obt-collector1,180

2020-02-06 18:57:28.325000+00:00,spine2,wadjet-t-sg0,,bundlemgr_distrib,0/RP0/CPU0,0,bundlemgr_distribnode0_RP0_CPU0,0,0,obt-collector1,60

2020-02-06 18:57:28.326000+00:00,spine2,wadjet-t-sg0,,pim6,0/RP0/CPU0,0,pim6node0_RP0_CPU0,0,0,obt-collector1,199

2020-02-06 18:57:28.326000+00:00,spine2,wadjet-t-sg0,,pim,0/RP0/CPU0,0,pimnode0_RP0_CPU0,0,0,obt-collector1,199

2020-02-06 18:57:38.325000+00:00,spine2,wadjet-t-sg0,,L2VPN_ATOM,0/RP0/CPU0,0,L2VPN_ATOMnode0_RP0_CPU0,0,0,obt-collector1,120

2020-02-06 18:57:38.326000+00:00,spine2,wadjet-t-sg0,,pim,0/RP0/CPU0,0,pimnode0_RP0_CPU0,0,0,obt-collector1,199

2020-02-06 18:57:38.326000+00:00,spine2,wadjet-t-sg0,,pim6,0/RP0/CPU0,0,pim6node0_RP0_CPU0,0,0,obt-collector1,199

2020-02-06 18:57:38.326000+00:00,spine2,wadjet-t-sg0,,ipv4_static,0/RP0/CPU0,0,ipv4_staticnode0_RP0_CPU0,0,0,obt-collector1,60

2020-02-06 18:57:38.326000+00:00,spine2,wadjet-t-sg0,,bgp-default,0/RP0/CPU0,61,bgp-defaultnode0_RP0_CPU0,0,0,obt-collector1,60

2020-02-06 18:57:38.326000+00:00,spine2,wadjet-t-sg0,,bundlemgr_distrib,0/RP0/CPU0,0,bundlemgr_distribnode0_RP0_CPU0,0,0,obt-collector1,60

2020-02-06 18:57:38.326000+00:00,spine2,wadjet-t-sg0,,object_tracking,0/RP0/CPU0,0,object_trackingnode0_RP0_CPU0,0,0,obt-collector1,199

2020-02-06 18:57:38.326000+00:00,spine2,wadjet-t-sg0,,XTC,0/RP0/CPU0,0,XTCnode0_RP0_CPU0,0,0,obt-collector1,180

2020-02-06 18:57:48.326000+00:00,spine2,wadjet-t-sg0,,object_tracking,0/RP0/CPU0,0,object_trackingnode0_RP0_CPU0,0,0,obt-collector1,199

2020-02-06 18:57:48.326000+00:00,spine2,wadjet-t-sg0,,XTC,0/RP0/CPU0,0,XTCnode0_RP0_CPU0,0,0,obt-collector1,180

2020-02-06 18:57:48.326000+00:00,spine2,wadjet-t-sg0,,pim6,0/RP0/CPU0,0,pim6node0_RP0_CPU0,0,0,obt-collector1,199

2020-02-06 18:57:48.326000+00:00,spine2,wadjet-t-sg0,,L2VPN_ATOM,0/RP0/CPU0,0,L2VPN_ATOMnode0_RP0_CPU0,0,0,obt-collector1,120

2020-02-06 18:57:48.326000+00:00,spine2,wadjet-t-sg0,,pim,0/RP0/CPU0,0,pimnode0_RP0_CPU0,0,0,obt-collector1,199

2020-02-06 18:57:48.326000+00:00,spine2,wadjet-t-sg0,,bundlemgr_distrib,0/RP0/CPU0,0,bundlemgr_distribnode0_RP0_CPU0,0,0,obt-collector1,60

2020-02-06 18:57:48.326000+00:00,spine2,wadjet-t-sg0,,ipv4_static,0/RP0/CPU0,0,ipv4_staticnode0_RP0_CPU0,0,0,obt-collector1,60

2020-02-06 18:57:48.326000+00:00,spine2,wadjet-t-sg0,,bgp-default,0/RP0/CPU0,61,bgp-defaultnode0_RP0_CPU0,0,0,obt-collector1,60

2020-02-06 18:57:58.326000+00:00,spine2,wadjet-t-sg0,,ipv4_static,0/RP0/CPU0,0,ipv4_staticnode0_RP0_CPU0,0,0,obt-collector1,60

2020-02-06 18:57:58.326000+00:00,spine2,wadjet-t-sg0,,bgp-default,0/RP0/CPU0,61,bgp-defaultnode0_RP0_CPU0,0,0,obt-collector1,60

2020-02-06 18:57:58.326000+00:00,spine2,wadjet-t-sg0,,pim6,0/RP0/CPU0,0,pim6node0_RP0_CPU0,0,0,obt-collector1,199

2020-02-06 18:57:58.326000+00:00,spine2,wadjet-t-sg0,,object_tracking,0/RP0/CPU0,0,object_trackingnode0_RP0_CPU0,0,0,obt-collector1,199

2020-02-06 18:57:58.326000+00:00,spine2,wadjet-t-sg0,,XTC,0/RP0/CPU0,0,XTCnode0_RP0_CPU0,0,0,obt-collector1,180

2020-02-06 18:57:58.326000+00:00,spine2,wadjet-t-sg0,,bundlemgr_distrib,0/RP0/CPU0,0,bundlemgr_distribnode0_RP0_CPU0,0,0,obt-collector1,60

2020-02-06 18:57:58.326000+00:00,spine2,wadjet-t-sg0,,L2VPN_ATOM,0/RP0/CPU0,0,L2VPN_ATOMnode0_RP0_CPU0,0,0,obt-collector1,120

2020-02-06 18:57:58.326000+00:00,spine2,wadjet-t-sg0,,pim,0/RP0/CPU0,0,pimnode0_RP0_CPU0,0,0,obt-collector1,199

2020-02-06 18:58:08.326000+00:00,spine2,wadjet-t-sg0,,L2VPN_ATOM,0/RP0/CPU0,0,L2VPN_ATOMnode0_RP0_CPU0,0,0,obt-collector1,120

2020-02-06 18:58:08.326000+00:00,spine2,wadjet-t-sg0,,bgp-default,0/RP0/CPU0,61,bgp-defaultnode0_RP0_CPU0,0,0,obt-collector1,60

2020-02-06 18:58:08.326000+00:00,spine2,wadjet-t-sg0,,XTC,0/RP0/CPU0,0,XTCnode0_RP0_CPU0,0,0,obt-collector1,180

2020-02-06 18:58:08.326000+00:00,spine2,wadjet-t-sg0,,bundlemgr_distrib,0/RP0/CPU0,0,bundlemgr_distribnode0_RP0_CPU0,0,0,obt-collector1,60

2020-02-06 18:58:08.327000+00:00,spine2,wadjet-t-sg0,,pim,0/RP0/CPU0,0,pimnode0_RP0_CPU0,0,0,obt-collector1,199

2020-02-06 18:58:08.327000+00:00,spine2,wadjet-t-sg0,,ipv4_static,0/RP0/CPU0,0,ipv4_staticnode0_RP0_CPU0,0,0,obt-collector1,60

2020-02-06 18:58:08.327000+00:00,spine2,wadjet-t-sg0,,object_tracking,0/RP0/CPU0,0,object_trackingnode0_RP0_CPU0,0,0,obt-collector1,199

2020-02-06 18:58:08.327000+00:00,spine2,wadjet-t-sg0,,pim6,0/RP0/CPU0,0,pim6node0_RP0_CPU0,0,0,obt-collector1,199

2020-02-06 18:58:18.326000+00:00,spine2,wadjet-t-sg0,,object_tracking,0/RP0/CPU0,0,object_trackingnode0_RP0_CPU0,0,0,obt-collector1,199

2020-02-06 18:58:18.326000+00:00,spine2,wadjet-t-sg0,,pim6,0/RP0/CPU0,0,pim6node0_RP0_CPU0,0,0,obt-collector1,199

2020-02-06 18:58:18.326000+00:00,spine2,wadjet-t-sg0,,bundlemgr_distrib,0/RP0/CPU0,0,bundlemgr_distribnode0_RP0_CPU0,0,0,obt-collector1,60

2020-02-06 18:58:18.326000+00:00,spine2,wadjet-t-sg0,,L2VPN_ATOM,0/RP0/CPU0,0,L2VPN_ATOMnode0_RP0_CPU0,0,0,obt-collector1,120

2020-02-06 18:58:18.326000+00:00,spine2,wadjet-t-sg0,,XTC,0/RP0/CPU0,0,XTCnode0_RP0_CPU0,0,0,obt-collector1,180

2020-02-06 18:58:18.326000+00:00,spine2,wadjet-t-sg0,,ipv4_static,0/RP0/CPU0,0,ipv4_staticnode0_RP0_CPU0,0,0,obt-collector1,60

2020-02-06 18:58:18.326000+00:00,spine2,wadjet-t-sg0,,bgp-default,0/RP0/CPU0,61,bgp-defaultnode0_RP0_CPU0,0,0,obt-collector1,60

2020-02-06 18:58:18.326000+00:00,spine2,wadjet-t-sg0,,pim,0/RP0/CPU0,0,pimnode0_RP0_CPU0,0,0,obt-collector1,199

2020-02-06 18:58:28.326000+00:00,spine2,wadjet-t-sg0,,L2VPN_ATOM,0/RP0/CPU0,0,L2VPN_ATOMnode0_RP0_CPU0,0,0,obt-collector1,120

2020-02-06 18:58:28.327000+00:00,spine2,wadjet-t-sg0,,pim,0/RP0/CPU0,0,pimnode0_RP0_CPU0,0,0,obt-collector1,199

2020-02-06 18:58:28.327000+00:00,spine2,wadjet-t-sg0,,bgp-default,0/RP0/CPU0,61,bgp-defaultnode0_RP0_CPU0,0,0,obt-collector1,60

2020-02-06 18:58:28.327000+00:00,spine2,wadjet-t-sg0,,bundlemgr_distrib,0/RP0/CPU0,0,bundlemgr_distribnode0_RP0_CPU0,0,0,obt-collector1,60

2020-02-06 18:58:28.327000+00:00,spine2,wadjet-t-sg0,,pim6,0/RP0/CPU0,0,pim6node0_RP0_CPU0,0,0,obt-collector1,199

2020-02-06 18:58:28.327000+00:00,spine2,wadjet-t-sg0,,ipv4_static,0/RP0/CPU0,0,ipv4_staticnode0_RP0_CPU0,0,0,obt-collector1,60

2020-02-06 18:58:28.327000+00:00,spine2,wadjet-t-sg0,,object_tracking,0/RP0/CPU0,0,object_trackingnode0_RP0_CPU0,0,0,obt-collector1,199

2020-02-06 18:58:28.327000+00:00,spine2,wadjet-t-sg0,,XTC,0/RP0/CPU0,0,XTCnode0_RP0_CPU0,0,0,obt-collector1,180

2020-02-06 18:58:38.326000+00:00,spine2,wadjet-t-sg0,,object_tracking,0/RP0/CPU0,0,object_trackingnode0_RP0_CPU0,0,0,obt-collector1,199

2020-02-06 18:58:38.326000+00:00,spine2,wadjet-t-sg0,,XTC,0/RP0/CPU0,0,XTCnode0_RP0_CPU0,0,0,obt-collector1,180

2020-02-06 18:58:38.326000+00:00,spine2,wadjet-t-sg0,,bgp-default,0/RP0/CPU0,61,bgp-defaultnode0_RP0_CPU0,0,0,obt-collector1,60

2020-02-06 18:58:38.326000+00:00,spine2,wadjet-t-sg0,,L2VPN_ATOM,0/RP0/CPU0,0,L2VPN_ATOMnode0_RP0_CPU0,0,0,obt-collector1,120

2020-02-06 18:58:38.326000+00:00,spine2,wadjet-t-sg0,,pim,0/RP0/CPU0,0,pimnode0_RP0_CPU0,0,0,obt-collector1,199

2020-02-06 18:58:38.326000+00:00,spine2,wadjet-t-sg0,,ipv4_static,0/RP0/CPU0,0,ipv4_staticnode0_RP0_CPU0,0,0,obt-collector1,60

2020-02-06 18:58:38.326000+00:00,spine2,wadjet-t-sg0,,bundlemgr_distrib,0/RP0/CPU0,0,bundlemgr_distribnode0_RP0_CPU0,0,0,obt-collector1,60

2020-02-06 18:58:38.326000+00:00,spine2,wadjet-t-sg0,,pim6,0/RP0/CPU0,0,pim6node0_RP0_CPU0,0,0,obt-collector1,199

2020-02-06 18:58:48.326000+00:00,spine2,wadjet-t-sg0,,bundlemgr_distrib,0/RP0/CPU0,0,bundlemgr_distribnode0_RP0_CPU0,0,0,obt-collector1,60

2020-02-06 18:58:48.326000+00:00,spine2,wadjet-t-sg0,,pim6,0/RP0/CPU0,0,pim6node0_RP0_CPU0,0,0,obt-collector1,199

2020-02-06 18:58:48.326000+00:00,spine2,wadjet-t-sg0,,bgp-default,0/RP0/CPU0,61,bgp-defaultnode0_RP0_CPU0,0,0,obt-collector1,60

2020-02-06 18:58:48.326000+00:00,spine2,wadjet-t-sg0,,object_tracking,0/RP0/CPU0,0,object_trackingnode0_RP0_CPU0,0,0,obt-collector1,199

2020-02-06 18:58:48.326000+00:00,spine2,wadjet-t-sg0,,XTC,0/RP0/CPU0,0,XTCnode0_RP0_CPU0,0,0,obt-collector1,180

2020-02-06 18:58:48.326000+00:00,spine2,wadjet-t-sg0,,ipv4_static,0/RP0/CPU0,0,ipv4_staticnode0_RP0_CPU0,0,0,obt-collector1,60

2020-02-06 18:58:48.326000+00:00,spine2,wadjet-t-sg0,,L2VPN_ATOM,0/RP0/CPU0,0,L2VPN_ATOMnode0_RP0_CPU0,0,0,obt-collector1,120

2020-02-06 18:58:48.327000+00:00,spine2,wadjet-t-sg0,,pim,0/RP0/CPU0,0,pimnode0_RP0_CPU0,0,0,obt-collector1,199

2020-02-06 18:58:58.326000+00:00,spine2,wadjet-t-sg0,,L2VPN_ATOM,0/RP0/CPU0,0,L2VPN_ATOMnode0_RP0_CPU0,0,0,obt-collector1,120

2020-02-06 18:58:58.326000+00:00,spine2,wadjet-t-sg0,,bgp-default,0/RP0/CPU0,61,bgp-defaultnode0_RP0_CPU0,0,0,obt-collector1,60

2020-02-06 18:58:58.326000+00:00,spine2,wadjet-t-sg0,,bundlemgr_distrib,0/RP0/CPU0,0,bundlemgr_distribnode0_RP0_CPU0,0,0,obt-collector1,60

2020-02-06 18:58:58.326000+00:00,spine2,wadjet-t-sg0,,ipv4_static,0/RP0/CPU0,0,ipv4_staticnode0_RP0_CPU0,0,0,obt-collector1,60

2020-02-06 18:58:58.326000+00:00,spine2,wadjet-t-sg0,,object_tracking,0/RP0/CPU0,0,object_trackingnode0_RP0_CPU0,0,0,obt-collector1,199

2020-02-06 18:58:58.326000+00:00,spine2,wadjet-t-sg0,,XTC,0/RP0/CPU0,0,XTCnode0_RP0_CPU0,0,0,obt-collector1,180

2020-02-06 18:58:58.327000+00:00,spine2,wadjet-t-sg0,,pim,0/RP0/CPU0,0,pimnode0_RP0_CPU0,0,0,obt-collector1,199

2020-02-06 18:58:58.327000+00:00,spine2,wadjet-t-sg0,,pim6,0/RP0/CPU0,0,pim6node0_RP0_CPU0,0,0,obt-collector1,199

2020-02-06 18:59:08.327000+00:00,spine2,wadjet-t-sg0,,pim,0/RP0/CPU0,0,pimnode0_RP0_CPU0,0,0,obt-collector1,199

2020-02-06 18:59:08.327000+00:00,spine2,wadjet-t-sg0,,pim6,0/RP0/CPU0,0,pim6node0_RP0_CPU0,0,0,obt-collector1,199

2020-02-06 18:59:08.327000+00:00,spine2,wadjet-t-sg0,,XTC,0/RP0/CPU0,0,XTCnode0_RP0_CPU0,0,0,obt-collector1,180

2020-02-06 18:59:08.327000+00:00,spine2,wadjet-t-sg0,,L2VPN_ATOM,0/RP0/CPU0,0,L2VPN_ATOMnode0_RP0_CPU0,0,0,obt-collector1,120

2020-02-06 18:59:08.327000+00:00,spine2,wadjet-t-sg0,,object_tracking,0/RP0/CPU0,0,object_trackingnode0_RP0_CPU0,0,0,obt-collector1,199

2020-02-06 18:59:08.327000+00:00,spine2,wadjet-t-sg0,,ipv4_static,0/RP0/CPU0,0,ipv4_staticnode0_RP0_CPU0,0,0,obt-collector1,60

2020-02-06 18:59:08.327000+00:00,spine2,wadjet-t-sg0,,bgp-default,0/RP0/CPU0,61,bgp-defaultnode0_RP0_CPU0,0,0,obt-collector1,60

2020-02-06 18:59:08.327000+00:00,spine2,wadjet-t-sg0,,bundlemgr_distrib,0/RP0/CPU0,0,bundlemgr_distribnode0_RP0_CPU0,0,0,obt-collector1,60

2020-02-06 18:59:18.326000+00:00,spine2,wadjet-t-sg0,,L2VPN_ATOM,0/RP0/CPU0,0,L2VPN_ATOMnode0_RP0_CPU0,0,0,obt-collector1,120

2020-02-06 18:59:18.327000+00:00,spine2,wadjet-t-sg0,,bundlemgr_distrib,0/RP0/CPU0,0,bundlemgr_distribnode0_RP0_CPU0,0,0,obt-collector1,60

2020-02-06 18:59:18.327000+00:00,spine2,wadjet-t-sg0,,bgp-default,0/RP0/CPU0,61,bgp-defaultnode0_RP0_CPU0,0,0,obt-collector1,60

2020-02-06 18:59:18.327000+00:00,spine2,wadjet-t-sg0,,XTC,0/RP0/CPU0,0,XTCnode0_RP0_CPU0,0,0,obt-collector1,180

2020-02-06 18:59:18.327000+00:00,spine2,wadjet-t-sg0,,pim6,0/RP0/CPU0,0,pim6node0_RP0_CPU0,0,0,obt-collector1,199

2020-02-06 18:59:18.327000+00:00,spine2,wadjet-t-sg0,,ipv4_static,0/RP0/CPU0,0,ipv4_staticnode0_RP0_CPU0,0,0,obt-collector1,60

2020-02-06 18:59:18.327000+00:00,spine2,wadjet-t-sg0,,pim,0/RP0/CPU0,0,pimnode0_RP0_CPU0,0,0,obt-collector1,199

2020-02-06 18:59:18.327000+00:00,spine2,wadjet-t-sg0,,object_tracking,0/RP0/CPU0,0,object_trackingnode0_RP0_CPU0,0,0,obt-collector1,199

2020-02-06 18:59:28.327000+00:00,spine2,wadjet-t-sg0,,bgp-default,0/RP0/CPU0,61,bgp-defaultnode0_RP0_CPU0,0,0,obt-collector1,60

2020-02-06 18:59:28.327000+00:00,spine2,wadjet-t-sg0,,L2VPN_ATOM,0/RP0/CPU0,0,L2VPN_ATOMnode0_RP0_CPU0,0,0,obt-collector1,120

2020-02-06 18:59:28.327000+00:00,spine2,wadjet-t-sg0,,bundlemgr_distrib,0/RP0/CPU0,0,bundlemgr_distribnode0_RP0_CPU0,0,0,obt-collector1,60

2020-02-06 18:59:28.327000+00:00,spine2,wadjet-t-sg0,,ipv4_static,0/RP0/CPU0,0,ipv4_staticnode0_RP0_CPU0,0,0,obt-collector1,60

2020-02-06 18:59:28.327000+00:00,spine2,wadjet-t-sg0,,XTC,0/RP0/CPU0,0,XTCnode0_RP0_CPU0,0,0,obt-collector1,180

2020-02-06 18:59:28.328000+00:00,spine2,wadjet-t-sg0,,pim,0/RP0/CPU0,0,pimnode0_RP0_CPU0,0,0,obt-collector1,199

2020-02-06 18:59:28.328000+00:00,spine2,wadjet-t-sg0,,object_tracking,0/RP0/CPU0,0,object_trackingnode0_RP0_CPU0,0,0,obt-collector1,199

2020-02-06 18:59:28.328000+00:00,spine2,wadjet-t-sg0,,pim6,0/RP0/CPU0,0,pim6node0_RP0_CPU0,0,0,obt-collector1,199

2020-02-06 18:59:38.326000+00:00,spine2,wadjet-t-sg0,,XTC,0/RP0/CPU0,0,XTCnode0_RP0_CPU0,0,0,obt-collector1,180

2020-02-06 18:59:38.326000+00:00,spine2,wadjet-t-sg0,,L2VPN_ATOM,0/RP0/CPU0,0,L2VPN_ATOMnode0_RP0_CPU0,0,0,obt-collector1,120

2020-02-06 18:59:38.327000+00:00,spine2,wadjet-t-sg0,,pim6,0/RP0/CPU0,0,pim6node0_RP0_CPU0,0,0,obt-collector1,199

2020-02-06 18:59:38.327000+00:00,spine2,wadjet-t-sg0,,object_tracking,0/RP0/CPU0,0,object_trackingnode0_RP0_CPU0,0,0,obt-collector1,199

2020-02-06 18:59:38.327000+00:00,spine2,wadjet-t-sg0,,ipv4_static,0/RP0/CPU0,0,ipv4_staticnode0_RP0_CPU0,0,0,obt-collector1,60

2020-02-06 18:59:38.327000+00:00,spine2,wadjet-t-sg0,,pim,0/RP0/CPU0,0,pimnode0_RP0_CPU0,0,0,obt-collector1,199

2020-02-06 18:59:38.327000+00:00,spine2,wadjet-t-sg0,,bgp-default,0/RP0/CPU0,61,bgp-defaultnode0_RP0_CPU0,0,0,obt-collector1,60

2020-02-06 18:59:38.327000+00:00,spine2,wadjet-t-sg0,,bundlemgr_distrib,0/RP0/CPU0,0,bundlemgr_distribnode0_RP0_CPU0,0,0,obt-collector1,60

2020-02-06 18:59:48.327000+00:00,spine2,wadjet-t-sg0,,bgp-default,0/RP0/CPU0,61,bgp-defaultnode0_RP0_CPU0,0,0,obt-collector1,60

2020-02-06 18:59:48.327000+00:00,spine2,wadjet-t-sg0,,bundlemgr_distrib,0/RP0/CPU0,0,bundlemgr_distribnode0_RP0_CPU0,0,0,obt-collector1,60

2020-02-06 18:59:48.327000+00:00,spine2,wadjet-t-sg0,,pim6,0/RP0/CPU0,0,pim6node0_RP0_CPU0,0,0,obt-collector1,199

2020-02-06 18:59:48.327000+00:00,spine2,wadjet-t-sg0,,XTC,0/RP0/CPU0,0,XTCnode0_RP0_CPU0,0,0,obt-collector1,180

2020-02-06 18:59:48.327000+00:00,spine2,wadjet-t-sg0,,L2VPN_ATOM,0/RP0/CPU0,0,L2VPN_ATOMnode0_RP0_CPU0,0,0,obt-collector1,120

2020-02-06 18:59:48.327000+00:00,spine2,wadjet-t-sg0,,pim,0/RP0/CPU0,0,pimnode0_RP0_CPU0,0,0,obt-collector1,199

2020-02-06 18:59:48.327000+00:00,spine2,wadjet-t-sg0,,object_tracking,0/RP0/CPU0,0,object_trackingnode0_RP0_CPU0,0,0,obt-collector1,199

2020-02-06 18:59:48.327000+00:00,spine2,wadjet-t-sg0,,ipv4_static,0/RP0/CPU0,0,ipv4_staticnode0_RP0_CPU0,0,0,obt-collector1,60

2020-02-06 18:59:58.326000+00:00,spine2,wadjet-t-sg0,,L2VPN_ATOM,0/RP0/CPU0,0,L2VPN_ATOMnode0_RP0_CPU0,0,0,obt-collector1,120

2020-02-06 18:59:58.327000+00:00,spine2,wadjet-t-sg0,,ipv4_static,0/RP0/CPU0,0,ipv4_staticnode0_RP0_CPU0,0,0,obt-collector1,60

2020-02-06 18:59:58.327000+00:00,spine2,wadjet-t-sg0,,object_tracking,0/RP0/CPU0,0,object_trackingnode0_RP0_CPU0,0,0,obt-collector1,199

2020-02-06 18:59:58.327000+00:00,spine2,wadjet-t-sg0,,pim6,0/RP0/CPU0,0,pim6node0_RP0_CPU0,0,0,obt-collector1,199

2020-02-06 18:59:58.327000+00:00,spine2,wadjet-t-sg0,,bundlemgr_distrib,0/RP0/CPU0,0,bundlemgr_distribnode0_RP0_CPU0,0,0,obt-collector1,60

2020-02-06 18:59:58.327000+00:00,spine2,wadjet-t-sg0,,pim,0/RP0/CPU0,0,pimnode0_RP0_CPU0,0,0,obt-collector1,199

2020-02-06 18:59:58.327000+00:00,spine2,wadjet-t-sg0,,XTC,0/RP0/CPU0,0,XTCnode0_RP0_CPU0,0,0,obt-collector1,180

2020-02-06 18:59:58.327000+00:00,spine2,wadjet-t-sg0,,bgp-default,0/RP0/CPU0,61,bgp-defaultnode0_RP0_CPU0,0,0,obt-collector1,60

2020-02-06 19:00:08.326000+00:00,spine2,wadjet-t-sg0,,L2VPN_ATOM,0/RP0/CPU0,0,L2VPN_ATOMnode0_RP0_CPU0,0,0,obt-collector1,120

2020-02-06 19:00:08.326000+00:00,spine2,wadjet-t-sg0,,XTC,0/RP0/CPU0,0,XTCnode0_RP0_CPU0,0,0,obt-collector1,180

2020-02-06 19:00:08.326000+00:00,spine2,wadjet-t-sg0,,bgp-default,0/RP0/CPU0,61,bgp-defaultnode0_RP0_CPU0,0,0,obt-collector1,60

2020-02-06 19:00:08.327000+00:00,spine2,wadjet-t-sg0,,object_tracking,0/RP0/CPU0,0,object_trackingnode0_RP0_CPU0,0,0,obt-collector1,199

2020-02-06 19:00:08.327000+00:00,spine2,wadjet-t-sg0,,ipv4_static,0/RP0/CPU0,0,ipv4_staticnode0_RP0_CPU0,0,0,obt-collector1,60

2020-02-06 19:00:08.327000+00:00,spine2,wadjet-t-sg0,,pim,0/RP0/CPU0,0,pimnode0_RP0_CPU0,0,0,obt-collector1,199

2020-02-06 19:00:08.327000+00:00,spine2,wadjet-t-sg0,,pim6,0/RP0/CPU0,0,pim6node0_RP0_CPU0,0,0,obt-collector1,199

2020-02-06 19:00:08.327000+00:00,spine2,wadjet-t-sg0,,bundlemgr_distrib,0/RP0/CPU0,0,bundlemgr_distribnode0_RP0_CPU0,0,0,obt-collector1,60

2020-02-06 19:00:18.327000+00:00,spine2,wadjet-t-sg0,,bgp-default,0/RP0/CPU0,61,bgp-defaultnode0_RP0_CPU0,0,0,obt-collector1,60

2020-02-06 19:00:18.327000+00:00,spine2,wadjet-t-sg0,,L2VPN_ATOM,0/RP0/CPU0,0,L2VPN_ATOMnode0_RP0_CPU0,0,0,obt-collector1,120

2020-02-06 19:00:18.327000+00:00,spine2,wadjet-t-sg0,,bundlemgr_distrib,0/RP0/CPU0,0,bundlemgr_distribnode0_RP0_CPU0,0,0,obt-collector1,60

2020-02-06 19:00:18.327000+00:00,spine2,wadjet-t-sg0,,XTC,0/RP0/CPU0,0,XTCnode0_RP0_CPU0,0,0,obt-collector1,180

2020-02-06 19:00:18.328000+00:00,spine2,wadjet-t-sg0,,pim6,0/RP0/CPU0,0,pim6node0_RP0_CPU0,0,0,obt-collector1,199

2020-02-06 19:00:18.328000+00:00,spine2,wadjet-t-sg0,,pim,0/RP0/CPU0,0,pimnode0_RP0_CPU0,0,0,obt-collector1,199

2020-02-06 19:00:18.328000+00:00,spine2,wadjet-t-sg0,,object_tracking,0/RP0/CPU0,0,object_trackingnode0_RP0_CPU0,0,0,obt-collector1,199

2020-02-06 19:00:18.328000+00:00,spine2,wadjet-t-sg0,,ipv4_static,0/RP0/CPU0,0,ipv4_staticnode0_RP0_CPU0,0,0,obt-collector1,60

2020-02-06 19:00:28.327000+00:00,spine2,wadjet-t-sg0,,bundlemgr_distrib,0/RP0/CPU0,0,bundlemgr_distribnode0_RP0_CPU0,0,0,obt-collector1,60

2020-02-06 19:00:28.327000+00:00,spine2,wadjet-t-sg0,,L2VPN_ATOM,0/RP0/CPU0,0,L2VPN_ATOMnode0_RP0_CPU0,0,0,obt-collector1,120

2020-02-06 19:00:28.327000+00:00,spine2,wadjet-t-sg0,,ipv4_static,0/RP0/CPU0,0,ipv4_staticnode0_RP0_CPU0,0,0,obt-collector1,60

2020-02-06 19:00:28.327000+00:00,spine2,wadjet-t-sg0,,bgp-default,0/RP0/CPU0,61,bgp-defaultnode0_RP0_CPU0,0,0,obt-collector1,60

2020-02-06 19:00:28.327000+00:00,spine2,wadjet-t-sg0,,XTC,0/RP0/CPU0,0,XTCnode0_RP0_CPU0,0,0,obt-collector1,180

2020-02-06 19:00:28.328000+00:00,spine2,wadjet-t-sg0,,object_tracking,0/RP0/CPU0,0,object_trackingnode0_RP0_CPU0,0,0,obt-collector1,199

2020-02-06 19:00:28.328000+00:00,spine2,wadjet-t-sg0,,pim,0/RP0/CPU0,0,pimnode0_RP0_CPU0,0,0,obt-collector1,199

2020-02-06 19:00:28.328000+00:00,spine2,wadjet-t-sg0,,pim6,0/RP0/CPU0,0,pim6node0_RP0_CPU0,0,0,obt-collector1,199

2020-02-06 19:00:38.327000+00:00,spine2,wadjet-t-sg0,,bgp-default,0/RP0/CPU0,61,bgp-defaultnode0_RP0_CPU0,0,0,obt-collector1,60

2020-02-06 19:00:38.327000+00:00,spine2,wadjet-t-sg0,,L2VPN_ATOM,0/RP0/CPU0,0,L2VPN_ATOMnode0_RP0_CPU0,0,0,obt-collector1,120

2020-02-06 19:00:38.327000+00:00,spine2,wadjet-t-sg0,,bundlemgr_distrib,0/RP0/CPU0,0,bundlemgr_distribnode0_RP0_CPU0,0,0,obt-collector1,60

2020-02-06 19:00:38.327000+00:00,spine2,wadjet-t-sg0,,ipv4_static,0/RP0/CPU0,0,ipv4_staticnode0_RP0_CPU0,0,0,obt-collector1,60

2020-02-06 19:00:38.327000+00:00,spine2,wadjet-t-sg0,,XTC,0/RP0/CPU0,0,XTCnode0_RP0_CPU0,0,0,obt-collector1,180

2020-02-06 19:00:38.328000+00:00,spine2,wadjet-t-sg0,,pim,0/RP0/CPU0,0,pimnode0_RP0_CPU0,0,0,obt-collector1,199

2020-02-06 19:00:38.328000+00:00,spine2,wadjet-t-sg0,,pim6,0/RP0/CPU0,0,pim6node0_RP0_CPU0,0,0,obt-collector1,199

2020-02-06 19:00:38.328000+00:00,spine2,wadjet-t-sg0,,object_tracking,0/RP0/CPU0,0,object_trackingnode0_RP0_CPU0,0,0,obt-collector1,199

2020-02-06 19:00:48.328000+00:00,spine2,wadjet-t-sg0,,XTC,0/RP0/CPU0,0,XTCnode0_RP0_CPU0,0,0,obt-collector1,180

2020-02-06 19:00:48.328000+00:00,spine2,wadjet-t-sg0,,bgp-default,0/RP0/CPU0,61,bgp-defaultnode0_RP0_CPU0,0,0,obt-collector1,60

2020-02-06 19:00:48.328000+00:00,spine2,wadjet-t-sg0,,object_tracking,0/RP0/CPU0,0,object_trackingnode0_RP0_CPU0,0,0,obt-collector1,199

2020-02-06 19:00:48.328000+00:00,spine2,wadjet-t-sg0,,ipv4_static,0/RP0/CPU0,0,ipv4_staticnode0_RP0_CPU0,0,0,obt-collector1,60

2020-02-06 19:00:48.328000+00:00,spine2,wadjet-t-sg0,,bundlemgr_distrib,0/RP0/CPU0,0,bundlemgr_distribnode0_RP0_CPU0,0,0,obt-collector1,60

2020-02-06 19:00:48.328000+00:00,spine2,wadjet-t-sg0,,L2VPN_ATOM,0/RP0/CPU0,0,L2VPN_ATOMnode0_RP0_CPU0,0,0,obt-collector1,120

2020-02-06 19:00:48.329000+00:00,spine2,wadjet-t-sg0,,pim6,0/RP0/CPU0,0,pim6node0_RP0_CPU0,0,0,obt-collector1,199

2020-02-06 19:00:48.329000+00:00,spine2,wadjet-t-sg0,,pim,0/RP0/CPU0,0,pimnode0_RP0_CPU0,0,0,obt-collector1,199

2020-02-06 19:00:58.327000+00:00,spine2,wadjet-t-sg0,,bundlemgr_distrib,0/RP0/CPU0,0,bundlemgr_distribnode0_RP0_CPU0,0,0,obt-collector1,60

2020-02-06 19:00:58.327000+00:00,spine2,wadjet-t-sg0,,bgp-default,0/RP0/CPU0,61,bgp-defaultnode0_RP0_CPU0,0,0,obt-collector1,60

2020-02-06 19:00:58.327000+00:00,spine2,wadjet-t-sg0,,XTC,0/RP0/CPU0,0,XTCnode0_RP0_CPU0,0,0,obt-collector1,180

2020-02-06 19:00:58.327000+00:00,spine2,wadjet-t-sg0,,L2VPN_ATOM,0/RP0/CPU0,0,L2VPN_ATOMnode0_RP0_CPU0,0,0,obt-collector1,120

2020-02-06 19:00:58.328000+00:00,spine2,wadjet-t-sg0,,pim6,0/RP0/CPU0,0,pim6node0_RP0_CPU0,0,0,obt-collector1,199

2020-02-06 19:00:58.328000+00:00,spine2,wadjet-t-sg0,,pim,0/RP0/CPU0,0,pimnode0_RP0_CPU0,0,0,obt-collector1,199

2020-02-06 19:00:58.328000+00:00,spine2,wadjet-t-sg0,,ipv4_static,0/RP0/CPU0,0,ipv4_staticnode0_RP0_CPU0,0,0,obt-collector1,60

2020-02-06 19:00:58.328000+00:00,spine2,wadjet-t-sg0,,object_tracking,0/RP0/CPU0,0,object_trackingnode0_RP0_CPU0,0,0,obt-collector1,199

2020-02-06 19:01:08.327000+00:00,spine2,wadjet-t-sg0,,ipv4_static,0/RP0/CPU0,0,ipv4_staticnode0_RP0_CPU0,0,0,obt-collector1,60

2020-02-06 19:01:08.327000+00:00,spine2,wadjet-t-sg0,,L2VPN_ATOM,0/RP0/CPU0,0,L2VPN_ATOMnode0_RP0_CPU0,0,0,obt-collector1,120

2020-02-06 19:01:08.327000+00:00,spine2,wadjet-t-sg0,,bundlemgr_distrib,0/RP0/CPU0,0,bundlemgr_distribnode0_RP0_CPU0,0,0,obt-collector1,60

2020-02-06 19:01:08.327000+00:00,spine2,wadjet-t-sg0,,XTC,0/RP0/CPU0,0,XTCnode0_RP0_CPU0,0,0,obt-collector1,180

2020-02-06 19:01:08.327000+00:00,spine2,wadjet-t-sg0,,bgp-default,0/RP0/CPU0,61,bgp-defaultnode0_RP0_CPU0,0,0,obt-collector1,60

2020-02-06 19:01:08.328000+00:00,spine2,wadjet-t-sg0,,object_tracking,0/RP0/CPU0,0,object_trackingnode0_RP0_CPU0,0,0,obt-collector1,199

2020-02-06 19:01:08.328000+00:00,spine2,wadjet-t-sg0,,pim,0/RP0/CPU0,0,pimnode0_RP0_CPU0,0,0,obt-collector1,199

2020-02-06 19:01:08.328000+00:00,spine2,wadjet-t-sg0,,pim6,0/RP0/CPU0,0,pim6node0_RP0_CPU0,0,0,obt-collector1,199

2020-02-06 19:01:18.328000+00:00,spine2,wadjet-t-sg0,,XTC,0/RP0/CPU0,0,XTCnode0_RP0_CPU0,0,0,obt-collector1,180

2020-02-06 19:01:18.328000+00:00,spine2,wadjet-t-sg0,,L2VPN_ATOM,0/RP0/CPU0,0,L2VPN_ATOMnode0_RP0_CPU0,0,0,obt-collector1,120

2020-02-06 19:01:18.329000+00:00,spine2,wadjet-t-sg0,,pim6,0/RP0/CPU0,0,pim6node0_RP0_CPU0,0,0,obt-collector1,199

2020-02-06 19:01:18.329000+00:00,spine2,wadjet-t-sg0,,pim,0/RP0/CPU0,0,pimnode0_RP0_CPU0,0,0,obt-collector1,199

2020-02-06 19:01:18.329000+00:00,spine2,wadjet-t-sg0,,ipv4_static,0/RP0/CPU0,0,ipv4_staticnode0_RP0_CPU0,0,0,obt-collector1,60

2020-02-06 19:01:18.329000+00:00,spine2,wadjet-t-sg0,,object_tracking,0/RP0/CPU0,0,object_trackingnode0_RP0_CPU0,0,0,obt-collector1,199

2020-02-06 19:01:18.329000+00:00,spine2,wadjet-t-sg0,,bundlemgr_distrib,0/RP0/CPU0,0,bundlemgr_distribnode0_RP0_CPU0,0,0,obt-collector1,60

2020-02-06 19:01:18.329000+00:00,spine2,wadjet-t-sg0,,bgp-default,0/RP0/CPU0,61,bgp-defaultnode0_RP0_CPU0,0,0,obt-collector1,60

2020-02-06 19:01:28.328000+00:00,spine2,wadjet-t-sg0,,bundlemgr_distrib,0/RP0/CPU0,0,bundlemgr_distribnode0_RP0_CPU0,0,0,obt-collector1,60

2020-02-06 19:01:28.328000+00:00,spine2,wadjet-t-sg0,,bgp-default,0/RP0/CPU0,61,bgp-defaultnode0_RP0_CPU0,0,0,obt-collector1,60

2020-02-06 19:01:28.328000+00:00,spine2,wadjet-t-sg0,,pim6,0/RP0/CPU0,0,pim6node0_RP0_CPU0,0,0,obt-collector1,199

2020-02-06 19:01:28.328000+00:00,spine2,wadjet-t-sg0,,XTC,0/RP0/CPU0,0,XTCnode0_RP0_CPU0,0,0,obt-collector1,180

2020-02-06 19:01:28.328000+00:00,spine2,wadjet-t-sg0,,L2VPN_ATOM,0/RP0/CPU0,0,L2VPN_ATOMnode0_RP0_CPU0,0,0,obt-collector1,120

2020-02-06 19:01:28.328000+00:00,spine2,wadjet-t-sg0,,object_tracking,0/RP0/CPU0,0,object_trackingnode0_RP0_CPU0,0,0,obt-collector1,199

2020-02-06 19:01:28.328000+00:00,spine2,wadjet-t-sg0,,pim,0/RP0/CPU0,0,pimnode0_RP0_CPU0,0,0,obt-collector1,199

2020-02-06 19:01:28.328000+00:00,spine2,wadjet-t-sg0,,ipv4_static,0/RP0/CPU0,0,ipv4_staticnode0_RP0_CPU0,0,0,obt-collector1,60

2020-02-06 19:01:38.328000+00:00,spine2,wadjet-t-sg0,,bundlemgr_distrib,0/RP0/CPU0,0,bundlemgr_distribnode0_RP0_CPU0,0,0,obt-collector1,60

2020-02-06 19:01:38.328000+00:00,spine2,wadjet-t-sg0,,XTC,0/RP0/CPU0,0,XTCnode0_RP0_CPU0,0,0,obt-collector1,180

2020-02-06 19:01:38.328000+00:00,spine2,wadjet-t-sg0,,ipv4_static,0/RP0/CPU0,0,ipv4_staticnode0_RP0_CPU0,0,0,obt-collector1,60

2020-02-06 19:01:38.328000+00:00,spine2,wadjet-t-sg0,,bgp-default,0/RP0/CPU0,61,bgp-defaultnode0_RP0_CPU0,0,0,obt-collector1,60

2020-02-06 19:01:38.328000+00:00,spine2,wadjet-t-sg0,,object_tracking,0/RP0/CPU0,0,object_trackingnode0_RP0_CPU0,0,0,obt-collector1,199

2020-02-06 19:01:38.328000+00:00,spine2,wadjet-t-sg0,,L2VPN_ATOM,0/RP0/CPU0,0,L2VPN_ATOMnode0_RP0_CPU0,0,0,obt-collector1,120

2020-02-06 19:01:38.329000+00:00,spine2,wadjet-t-sg0,,pim,0/RP0/CPU0,0,pimnode0_RP0_CPU0,0,0,obt-collector1,199

2020-02-06 19:01:38.329000+00:00,spine2,wadjet-t-sg0,,pim6,0/RP0/CPU0,0,pim6node0_RP0_CPU0,0,0,obt-collector1,199

2020-02-06 19:01:48.328000+00:00,spine2,wadjet-t-sg0,,object_tracking,0/RP0/CPU0,0,object_trackingnode0_RP0_CPU0,0,0,obt-collector1,199

2020-02-06 19:01:48.328000+00:00,spine2,wadjet-t-sg0,,XTC,0/RP0/CPU0,0,XTCnode0_RP0_CPU0,0,0,obt-collector1,180

2020-02-06 19:01:48.328000+00:00,spine2,wadjet-t-sg0,,pim6,0/RP0/CPU0,0,pim6node0_RP0_CPU0,0,0,obt-collector1,199

2020-02-06 19:01:48.328000+00:00,spine2,wadjet-t-sg0,,bundlemgr_distrib,0/RP0/CPU0,0,bundlemgr_distribnode0_RP0_CPU0,0,0,obt-collector1,60

2020-02-06 19:01:48.328000+00:00,spine2,wadjet-t-sg0,,L2VPN_ATOM,0/RP0/CPU0,0,L2VPN_ATOMnode0_RP0_CPU0,0,0,obt-collector1,120

2020-02-06 19:01:48.328000+00:00,spine2,wadjet-t-sg0,,bgp-default,0/RP0/CPU0,61,bgp-defaultnode0_RP0_CPU0,0,0,obt-collector1,60

2020-02-06 19:01:48.328000+00:00,spine2,wadjet-t-sg0,,ipv4_static,0/RP0/CPU0,0,ipv4_staticnode0_RP0_CPU0,0,0,obt-collector1,60

2020-02-06 19:01:48.329000+00:00,spine2,wadjet-t-sg0,,pim,0/RP0/CPU0,0,pimnode0_RP0_CPU0,0,0,obt-collector1,199

2020-02-06 19:01:58.328000+00:00,spine2,wadjet-t-sg0,,ipv4_static,0/RP0/CPU0,0,ipv4_staticnode0_RP0_CPU0,0,0,obt-collector1,60

2020-02-06 19:01:58.328000+00:00,spine2,wadjet-t-sg0,,bgp-default,0/RP0/CPU0,61,bgp-defaultnode0_RP0_CPU0,0,0,obt-collector1,60

2020-02-06 19:01:58.328000+00:00,spine2,wadjet-t-sg0,,XTC,0/RP0/CPU0,0,XTCnode0_RP0_CPU0,0,0,obt-collector1,180

2020-02-06 19:01:58.328000+00:00,spine2,wadjet-t-sg0,,object_tracking,0/RP0/CPU0,0,object_trackingnode0_RP0_CPU0,0,0,obt-collector1,199

2020-02-06 19:01:58.328000+00:00,spine2,wadjet-t-sg0,,L2VPN_ATOM,0/RP0/CPU0,0,L2VPN_ATOMnode0_RP0_CPU0,0,0,obt-collector1,120

2020-02-06 19:01:58.328000+00:00,spine2,wadjet-t-sg0,,pim6,0/RP0/CPU0,0,pim6node0_RP0_CPU0,0,0,obt-collector1,199

2020-02-06 19:01:58.328000+00:00,spine2,wadjet-t-sg0,,bundlemgr_distrib,0/RP0/CPU0,0,bundlemgr_distribnode0_RP0_CPU0,0,0,obt-collector1,60

2020-02-06 19:01:58.329000+00:00,spine2,wadjet-t-sg0,,pim,0/RP0/CPU0,0,pimnode0_RP0_CPU0,0,0,obt-collector1,199

2020-02-06 19:02:08.328000+00:00,spine2,wadjet-t-sg0,,bundlemgr_distrib,0/RP0/CPU0,0,bundlemgr_distribnode0_RP0_CPU0,0,0,obt-collector1,60

2020-02-06 19:02:08.328000+00:00,spine2,wadjet-t-sg0,,pim6,0/RP0/CPU0,0,pim6node0_RP0_CPU0,0,0,obt-collector1,199

2020-02-06 19:02:08.328000+00:00,spine2,wadjet-t-sg0,,bgp-default,0/RP0/CPU0,61,bgp-defaultnode0_RP0_CPU0,0,0,obt-collector1,60

2020-02-06 19:02:08.328000+00:00,spine2,wadjet-t-sg0,,ipv4_static,0/RP0/CPU0,0,ipv4_staticnode0_RP0_CPU0,0,0,obt-collector1,60

2020-02-06 19:02:08.328000+00:00,spine2,wadjet-t-sg0,,L2VPN_ATOM,0/RP0/CPU0,0,L2VPN_ATOMnode0_RP0_CPU0,0,0,obt-collector1,120

2020-02-06 19:02:08.328000+00:00,spine2,wadjet-t-sg0,,XTC,0/RP0/CPU0,0,XTCnode0_RP0_CPU0,0,0,obt-collector1,180

2020-02-06 19:02:08.328000+00:00,spine2,wadjet-t-sg0,,object_tracking,0/RP0/CPU0,0,object_trackingnode0_RP0_CPU0,0,0,obt-collector1,199

2020-02-06 19:02:08.329000+00:00,spine2,wadjet-t-sg0,,pim,0/RP0/CPU0,0,pimnode0_RP0_CPU0,0,0,obt-collector1,199

2020-02-06 19:02:18.329000+00:00,spine2,wadjet-t-sg0,,object_tracking,0/RP0/CPU0,0,object_trackingnode0_RP0_CPU0,0,0,obt-collector1,199

2020-02-06 19:02:18.329000+00:00,spine2,wadjet-t-sg0,,XTC,0/RP0/CPU0,0,XTCnode0_RP0_CPU0,0,0,obt-collector1,180

2020-02-06 19:02:18.329000+00:00,spine2,wadjet-t-sg0,,bgp-default,0/RP0/CPU0,61,bgp-defaultnode0_RP0_CPU0,0,0,obt-collector1,60

2020-02-06 19:02:18.329000+00:00,spine2,wadjet-t-sg0,,bundlemgr_distrib,0/RP0/CPU0,0,bundlemgr_distribnode0_RP0_CPU0,0,0,obt-collector1,60

2020-02-06 19:02:18.329000+00:00,spine2,wadjet-t-sg0,,L2VPN_ATOM,0/RP0/CPU0,0,L2VPN_ATOMnode0_RP0_CPU0,0,0,obt-collector1,120

2020-02-06 19:02:18.329000+00:00,spine2,wadjet-t-sg0,,ipv4_static,0/RP0/CPU0,0,ipv4_staticnode0_RP0_CPU0,0,0,obt-collector1,60

2020-02-06 19:02:18.330000+00:00,spine2,wadjet-t-sg0,,pim,0/RP0/CPU0,0,pimnode0_RP0_CPU0,0,0,obt-collector1,199

2020-02-06 19:02:18.330000+00:00,spine2,wadjet-t-sg0,,pim6,0/RP0/CPU0,0,pim6node0_RP0_CPU0,0,0,obt-collector1,199

2020-02-06 19:02:28.329000+00:00,spine2,wadjet-t-sg0,,L2VPN_ATOM,0/RP0/CPU0,0,L2VPN_ATOMnode0_RP0_CPU0,0,0,obt-collector1,120

2020-02-06 19:02:28.329000+00:00,spine2,wadjet-t-sg0,,XTC,0/RP0/CPU0,0,XTCnode0_RP0_CPU0,0,0,obt-collector1,180

2020-02-06 19:02:28.329000+00:00,spine2,wadjet-t-sg0,,pim6,0/RP0/CPU0,0,pim6node0_RP0_CPU0,0,0,obt-collector1,199

2020-02-06 19:02:28.329000+00:00,spine2,wadjet-t-sg0,,object_tracking,0/RP0/CPU0,0,object_trackingnode0_RP0_CPU0,0,0,obt-collector1,199

2020-02-06 19:02:28.329000+00:00,spine2,wadjet-t-sg0,,ipv4_static,0/RP0/CPU0,0,ipv4_staticnode0_RP0_CPU0,0,0,obt-collector1,60

2020-02-06 19:02:28.329000+00:00,spine2,wadjet-t-sg0,,bundlemgr_distrib,0/RP0/CPU0,0,bundlemgr_distribnode0_RP0_CPU0,0,0,obt-collector1,60

2020-02-06 19:02:28.329000+00:00,spine2,wadjet-t-sg0,,bgp-default,0/RP0/CPU0,61,bgp-defaultnode0_RP0_CPU0,0,0,obt-collector1,60

2020-02-06 19:02:28.330000+00:00,spine2,wadjet-t-sg0,,pim,0/RP0/CPU0,0,pimnode0_RP0_CPU0,0,0,obt-collector1,199

2020-02-06 19:02:38.329000+00:00,spine2,wadjet-t-sg0,,bgp-default,0/RP0/CPU0,61,bgp-defaultnode0_RP0_CPU0,0,0,obt-collector1,60

2020-02-06 19:02:38.329000+00:00,spine2,wadjet-t-sg0,,bundlemgr_distrib,0/RP0/CPU0,0,bundlemgr_distribnode0_RP0_CPU0,0,0,obt-collector1,60

2020-02-06 19:02:38.329000+00:00,spine2,wadjet-t-sg0,,XTC,0/RP0/CPU0,0,XTCnode0_RP0_CPU0,0,0,obt-collector1,180

2020-02-06 19:02:38.329000+00:00,spine2,wadjet-t-sg0,,L2VPN_ATOM,0/RP0/CPU0,0,L2VPN_ATOMnode0_RP0_CPU0,0,0,obt-collector1,120

2020-02-06 19:02:38.329000+00:00,spine2,wadjet-t-sg0,,ipv4_static,0/RP0/CPU0,0,ipv4_staticnode0_RP0_CPU0,0,0,obt-collector1,60

2020-02-06 19:02:38.329000+00:00,spine2,wadjet-t-sg0,,object_tracking,0/RP0/CPU0,0,object_trackingnode0_RP0_CPU0,0,0,obt-collector1,199

2020-02-06 19:02:38.330000+00:00,spine2,wadjet-t-sg0,,pim,0/RP0/CPU0,0,pimnode0_RP0_CPU0,0,0,obt-collector1,199

2020-02-06 19:02:38.330000+00:00,spine2,wadjet-t-sg0,,pim6,0/RP0/CPU0,0,pim6node0_RP0_CPU0,0,0,obt-collector1,199

2020-02-06 19:02:48.328000+00:00,spine2,wadjet-t-sg0,,L2VPN_ATOM,0/RP0/CPU0,0,L2VPN_ATOMnode0_RP0_CPU0,0,0,obt-collector1,120

2020-02-06 19:02:48.329000+00:00,spine2,wadjet-t-sg0,,pim6,0/RP0/CPU0,0,pim6node0_RP0_CPU0,0,0,obt-collector1,199

2020-02-06 19:02:48.329000+00:00,spine2,wadjet-t-sg0,,pim,0/RP0/CPU0,0,pimnode0_RP0_CPU0,0,0,obt-collector1,199

2020-02-06 19:02:48.329000+00:00,spine2,wadjet-t-sg0,,ipv4_static,0/RP0/CPU0,0,ipv4_staticnode0_RP0_CPU0,0,0,obt-collector1,60

2020-02-06 19:02:48.329000+00:00,spine2,wadjet-t-sg0,,bgp-default,0/RP0/CPU0,61,bgp-defaultnode0_RP0_CPU0,0,0,obt-collector1,60

2020-02-06 19:02:48.329000+00:00,spine2,wadjet-t-sg0,,object_tracking,0/RP0/CPU0,0,object_trackingnode0_RP0_CPU0,0,0,obt-collector1,199

2020-02-06 19:02:48.329000+00:00,spine2,wadjet-t-sg0,,bundlemgr_distrib,0/RP0/CPU0,0,bundlemgr_distribnode0_RP0_CPU0,0,0,obt-collector1,60

2020-02-06 19:02:48.329000+00:00,spine2,wadjet-t-sg0,,XTC,0/RP0/CPU0,0,XTCnode0_RP0_CPU0,0,0,obt-collector1,180

2020-02-06 19:02:58.328000+00:00,spine2,wadjet-t-sg0,,L2VPN_ATOM,0/RP0/CPU0,0,L2VPN_ATOMnode0_RP0_CPU0,0,0,obt-collector1,120

2020-02-06 19:02:58.328000+00:00,spine2,wadjet-t-sg0,,XTC,0/RP0/CPU0,0,XTCnode0_RP0_CPU0,0,0,obt-collector1,180

2020-02-06 19:02:58.329000+00:00,spine2,wadjet-t-sg0,,pim,0/RP0/CPU0,0,pimnode0_RP0_CPU0,0,0,obt-collector1,199

2020-02-06 19:02:58.329000+00:00,spine2,wadjet-t-sg0,,bundlemgr_distrib,0/RP0/CPU0,0,bundlemgr_distribnode0_RP0_CPU0,0,0,obt-collector1,60

2020-02-06 19:02:58.329000+00:00,spine2,wadjet-t-sg0,,pim6,0/RP0/CPU0,0,pim6node0_RP0_CPU0,0,0,obt-collector1,199

2020-02-06 19:02:58.329000+00:00,spine2,wadjet-t-sg0,,object_tracking,0/RP0/CPU0,0,object_trackingnode0_RP0_CPU0,0,0,obt-collector1,199

2020-02-06 19:02:58.329000+00:00,spine2,wadjet-t-sg0,,ipv4_static,0/RP0/CPU0,0,ipv4_staticnode0_RP0_CPU0,0,0,obt-collector1,60

2020-02-06 19:02:58.329000+00:00,spine2,wadjet-t-sg0,,bgp-default,0/RP0/CPU0,61,bgp-defaultnode0_RP0_CPU0,0,0,obt-collector1,60

2020-02-06 19:03:08.328000+00:00,spine2,wadjet-t-sg0,,L2VPN_ATOM,0/RP0/CPU0,0,L2VPN_ATOMnode0_RP0_CPU0,0,0,obt-collector1,120

2020-02-06 19:03:08.328000+00:00,spine2,wadjet-t-sg0,,XTC,0/RP0/CPU0,0,XTCnode0_RP0_CPU0,0,0,obt-collector1,180

2020-02-06 19:03:08.329000+00:00,spine2,wadjet-t-sg0,,bgp-default,0/RP0/CPU0,61,bgp-defaultnode0_RP0_CPU0,0,0,obt-collector1,60

2020-02-06 19:03:08.329000+00:00,spine2,wadjet-t-sg0,,pim,0/RP0/CPU0,0,pimnode0_RP0_CPU0,0,0,obt-collector1,199

2020-02-06 19:03:08.329000+00:00,spine2,wadjet-t-sg0,,ipv4_static,0/RP0/CPU0,0,ipv4_staticnode0_RP0_CPU0,0,0,obt-collector1,60

2020-02-06 19:03:08.329000+00:00,spine2,wadjet-t-sg0,,object_tracking,0/RP0/CPU0,0,object_trackingnode0_RP0_CPU0,0,0,obt-collector1,199

2020-02-06 19:03:08.329000+00:00,spine2,wadjet-t-sg0,,bundlemgr_distrib,0/RP0/CPU0,0,bundlemgr_distribnode0_RP0_CPU0,0,0,obt-collector1,60

2020-02-06 19:03:08.329000+00:00,spine2,wadjet-t-sg0,,pim6,0/RP0/CPU0,0,pim6node0_RP0_CPU0,0,0,obt-collector1,199

2020-02-06 19:03:18.329000+00:00,spine2,wadjet-t-sg0,,bundlemgr_distrib,0/RP0/CPU0,0,bundlemgr_distribnode0_RP0_CPU0,0,0,obt-collector1,60

2020-02-06 19:03:18.329000+00:00,spine2,wadjet-t-sg0,,pim6,0/RP0/CPU0,0,pim6node0_RP0_CPU0,0,0,obt-collector1,199

2020-02-06 19:03:18.329000+00:00,spine2,wadjet-t-sg0,,bgp-default,0/RP0/CPU0,61,bgp-defaultnode0_RP0_CPU0,0,0,obt-collector1,60

2020-02-06 19:03:18.329000+00:00,spine2,wadjet-t-sg0,,L2VPN_ATOM,0/RP0/CPU0,0,L2VPN_ATOMnode0_RP0_CPU0,0,0,obt-collector1,120

2020-02-06 19:03:18.329000+00:00,spine2,wadjet-t-sg0,,XTC,0/RP0/CPU0,0,XTCnode0_RP0_CPU0,0,0,obt-collector1,180

2020-02-06 19:03:18.329000+00:00,spine2,wadjet-t-sg0,,object_tracking,0/RP0/CPU0,0,object_trackingnode0_RP0_CPU0,0,0,obt-collector1,199

2020-02-06 19:03:18.329000+00:00,spine2,wadjet-t-sg0,,pim,0/RP0/CPU0,0,pimnode0_RP0_CPU0,0,0,obt-collector1,199

2020-02-06 19:03:18.329000+00:00,spine2,wadjet-t-sg0,,ipv4_static,0/RP0/CPU0,0,ipv4_staticnode0_RP0_CPU0,0,0,obt-collector1,60

2020-02-06 19:03:28.330000+00:00,spine2,wadjet-t-sg0,,pim,0/RP0/CPU0,0,pimnode0_RP0_CPU0,0,0,obt-collector1,199

2020-02-06 19:03:28.330000+00:00,spine2,wadjet-t-sg0,,ipv4_static,0/RP0/CPU0,0,ipv4_staticnode0_RP0_CPU0,0,0,obt-collector1,60

2020-02-06 19:03:28.330000+00:00,spine2,wadjet-t-sg0,,bgp-default,0/RP0/CPU0,61,bgp-defaultnode0_RP0_CPU0,0,0,obt-collector1,60

2020-02-06 19:03:28.330000+00:00,spine2,wadjet-t-sg0,,bundlemgr_distrib,0/RP0/CPU0,0,bundlemgr_distribnode0_RP0_CPU0,0,0,obt-collector1,60

2020-02-06 19:03:28.330000+00:00,spine2,wadjet-t-sg0,,pim6,0/RP0/CPU0,0,pim6node0_RP0_CPU0,0,0,obt-collector1,199

2020-02-06 19:03:28.330000+00:00,spine2,wadjet-t-sg0,,object_tracking,0/RP0/CPU0,0,object_trackingnode0_RP0_CPU0,0,0,obt-collector1,199

2020-02-06 19:03:28.330000+00:00,spine2,wadjet-t-sg0,,L2VPN_ATOM,0/RP0/CPU0,0,L2VPN_ATOMnode0_RP0_CPU0,0,0,obt-collector1,120

2020-02-06 19:03:28.330000+00:00,spine2,wadjet-t-sg0,,XTC,0/RP0/CPU0,0,XTCnode0_RP0_CPU0,0,0,obt-collector1,180

2020-02-06 19:03:38.329000+00:00,spine2,wadjet-t-sg0,,L2VPN_ATOM,0/RP0/CPU0,0,L2VPN_ATOMnode0_RP0_CPU0,0,0,obt-collector1,120

2020-02-06 19:03:38.329000+00:00,spine2,wadjet-t-sg0,,XTC,0/RP0/CPU0,0,XTCnode0_RP0_CPU0,0,0,obt-collector1,180

2020-02-06 19:03:38.330000+00:00,spine2,wadjet-t-sg0,,bgp-default,0/RP0/CPU0,61,bgp-defaultnode0_RP0_CPU0,0,0,obt-collector1,60

2020-02-06 19:03:38.330000+00:00,spine2,wadjet-t-sg0,,pim,0/RP0/CPU0,0,pimnode0_RP0_CPU0,0,0,obt-collector1,199

2020-02-06 19:03:38.330000+00:00,spine2,wadjet-t-sg0,,ipv4_static,0/RP0/CPU0,0,ipv4_staticnode0_RP0_CPU0,0,0,obt-collector1,60

2020-02-06 19:03:38.330000+00:00,spine2,wadjet-t-sg0,,object_tracking,0/RP0/CPU0,0,object_trackingnode0_RP0_CPU0,0,0,obt-collector1,199

2020-02-06 19:03:38.330000+00:00,spine2,wadjet-t-sg0,,bundlemgr_distrib,0/RP0/CPU0,0,bundlemgr_distribnode0_RP0_CPU0,0,0,obt-collector1,60

2020-02-06 19:03:38.330000+00:00,spine2,wadjet-t-sg0,,pim6,0/RP0/CPU0,0,pim6node0_RP0_CPU0,0,0,obt-collector1,199

2020-02-06 19:03:48.330000+00:00,spine2,wadjet-t-sg0,,bundlemgr_distrib,0/RP0/CPU0,0,bundlemgr_distribnode0_RP0_CPU0,0,0,obt-collector1,60

2020-02-06 19:03:48.330000+00:00,spine2,wadjet-t-sg0,,pim6,0/RP0/CPU0,0,pim6node0_RP0_CPU0,0,0,obt-collector1,199

2020-02-06 19:03:48.330000+00:00,spine2,wadjet-t-sg0,,bgp-default,0/RP0/CPU0,61,bgp-defaultnode0_RP0_CPU0,0,0,obt-collector1,60

2020-02-06 19:03:48.330000+00:00,spine2,wadjet-t-sg0,,L2VPN_ATOM,0/RP0/CPU0,0,L2VPN_ATOMnode0_RP0_CPU0,0,0,obt-collector1,120

2020-02-06 19:03:48.330000+00:00,spine2,wadjet-t-sg0,,XTC,0/RP0/CPU0,0,XTCnode0_RP0_CPU0,0,0,obt-collector1,180

2020-02-06 19:03:48.330000+00:00,spine2,wadjet-t-sg0,,object_tracking,0/RP0/CPU0,0,object_trackingnode0_RP0_CPU0,0,0,obt-collector1,199

2020-02-06 19:03:48.330000+00:00,spine2,wadjet-t-sg0,,ipv4_static,0/RP0/CPU0,0,ipv4_staticnode0_RP0_CPU0,0,0,obt-collector1,60

2020-02-06 19:03:48.331000+00:00,spine2,wadjet-t-sg0,,pim,0/RP0/CPU0,0,pimnode0_RP0_CPU0,0,0,obt-collector1,199

2020-02-06 19:03:58.330000+00:00,spine2,wadjet-t-sg0,,ipv4_static,0/RP0/CPU0,0,ipv4_staticnode0_RP0_CPU0,0,0,obt-collector1,60

2020-02-06 19:03:58.330000+00:00,spine2,wadjet-t-sg0,,pim,0/RP0/CPU0,0,pimnode0_RP0_CPU0,0,0,obt-collector1,199

2020-02-06 19:03:58.330000+00:00,spine2,wadjet-t-sg0,,bgp-default,0/RP0/CPU0,61,bgp-defaultnode0_RP0_CPU0,0,0,obt-collector1,60

2020-02-06 19:03:58.330000+00:00,spine2,wadjet-t-sg0,,bundlemgr_distrib,0/RP0/CPU0,0,bundlemgr_distribnode0_RP0_CPU0,0,0,obt-collector1,60

2020-02-06 19:03:58.330000+00:00,spine2,wadjet-t-sg0,,pim6,0/RP0/CPU0,0,pim6node0_RP0_CPU0,0,0,obt-collector1,199

2020-02-06 19:03:58.330000+00:00,spine2,wadjet-t-sg0,,object_tracking,0/RP0/CPU0,0,object_trackingnode0_RP0_CPU0,0,0,obt-collector1,199

2020-02-06 19:03:58.330000+00:00,spine2,wadjet-t-sg0,,XTC,0/RP0/CPU0,0,XTCnode0_RP0_CPU0,0,0,obt-collector1,180

2020-02-06 19:03:58.330000+00:00,spine2,wadjet-t-sg0,,L2VPN_ATOM,0/RP0/CPU0,0,L2VPN_ATOMnode0_RP0_CPU0,0,0,obt-collector1,120

2020-02-06 19:04:08.330000+00:00,spine2,wadjet-t-sg0,,XTC,0/RP0/CPU0,0,XTCnode0_RP0_CPU0,0,0,obt-collector1,180

2020-02-06 19:04:08.330000+00:00,spine2,wadjet-t-sg0,,L2VPN_ATOM,0/RP0/CPU0,0,L2VPN_ATOMnode0_RP0_CPU0,0,0,obt-collector1,120

2020-02-06 19:04:08.330000+00:00,spine2,wadjet-t-sg0,,bgp-default,0/RP0/CPU0,61,bgp-defaultnode0_RP0_CPU0,0,0,obt-collector1,60

2020-02-06 19:04:08.330000+00:00,spine2,wadjet-t-sg0,,ipv4_static,0/RP0/CPU0,0,ipv4_staticnode0_RP0_CPU0,0,0,obt-collector1,60

2020-02-06 19:04:08.330000+00:00,spine2,wadjet-t-sg0,,pim,0/RP0/CPU0,0,pimnode0_RP0_CPU0,0,0,obt-collector1,199

2020-02-06 19:04:08.330000+00:00,spine2,wadjet-t-sg0,,object_tracking,0/RP0/CPU0,0,object_trackingnode0_RP0_CPU0,0,0,obt-collector1,199

2020-02-06 19:04:08.330000+00:00,spine2,wadjet-t-sg0,,bundlemgr_distrib,0/RP0/CPU0,0,bundlemgr_distribnode0_RP0_CPU0,0,0,obt-collector1,60

2020-02-06 19:04:08.330000+00:00,spine2,wadjet-t-sg0,,pim6,0/RP0/CPU0,0,pim6node0_RP0_CPU0,0,0,obt-collector1,199

2020-02-06 19:04:18.330000+00:00,spine2,wadjet-t-sg0,,bundlemgr_distrib,0/RP0/CPU0,0,bundlemgr_distribnode0_RP0_CPU0,0,0,obt-collector1,60

2020-02-06 19:04:18.330000+00:00,spine2,wadjet-t-sg0,,pim6,0/RP0/CPU0,0,pim6node0_RP0_CPU0,0,0,obt-collector1,199

2020-02-06 19:04:18.330000+00:00,spine2,wadjet-t-sg0,,bgp-default,0/RP0/CPU0,61,bgp-defaultnode0_RP0_CPU0,0,0,obt-collector1,60

2020-02-06 19:04:18.330000+00:00,spine2,wadjet-t-sg0,,XTC,0/RP0/CPU0,0,XTCnode0_RP0_CPU0,0,0,obt-collector1,180

2020-02-06 19:04:18.330000+00:00,spine2,wadjet-t-sg0,,L2VPN_ATOM,0/RP0/CPU0,0,L2VPN_ATOMnode0_RP0_CPU0,0,0,obt-collector1,120

2020-02-06 19:04:18.330000+00:00,spine2,wadjet-t-sg0,,object_tracking,0/RP0/CPU0,0,object_trackingnode0_RP0_CPU0,0,0,obt-collector1,199

2020-02-06 19:04:18.330000+00:00,spine2,wadjet-t-sg0,,ipv4_static,0/RP0/CPU0,0,ipv4_staticnode0_RP0_CPU0,0,0,obt-collector1,60

2020-02-06 19:04:18.330000+00:00,spine2,wadjet-t-sg0,,pim,0/RP0/CPU0,0,pimnode0_RP0_CPU0,0,0,obt-collector1,199

2020-02-06 19:04:28.330000+00:00,spine2,wadjet-t-sg0,,bgp-default,0/RP0/CPU0,61,bgp-defaultnode0_RP0_CPU0,0,0,obt-collector1,60

2020-02-06 19:04:28.330000+00:00,spine2,wadjet-t-sg0,,bundlemgr_distrib,0/RP0/CPU0,0,bundlemgr_distribnode0_RP0_CPU0,0,0,obt-collector1,60

2020-02-06 19:04:28.330000+00:00,spine2,wadjet-t-sg0,,XTC,0/RP0/CPU0,0,XTCnode0_RP0_CPU0,0,0,obt-collector1,180

2020-02-06 19:04:28.330000+00:00,spine2,wadjet-t-sg0,,L2VPN_ATOM,0/RP0/CPU0,0,L2VPN_ATOMnode0_RP0_CPU0,0,0,obt-collector1,120

2020-02-06 19:04:28.331000+00:00,spine2,wadjet-t-sg0,,pim,0/RP0/CPU0,0,pimnode0_RP0_CPU0,0,0,obt-collector1,199

2020-02-06 19:04:28.331000+00:00,spine2,wadjet-t-sg0,,ipv4_static,0/RP0/CPU0,0,ipv4_staticnode0_RP0_CPU0,0,0,obt-collector1,60

2020-02-06 19:04:28.331000+00:00,spine2,wadjet-t-sg0,,pim6,0/RP0/CPU0,0,pim6node0_RP0_CPU0,0,0,obt-collector1,199

2020-02-06 19:04:28.331000+00:00,spine2,wadjet-t-sg0,,object_tracking,0/RP0/CPU0,0,object_trackingnode0_RP0_CPU0,0,0,obt-collector1,199

2020-02-06 19:04:38.330000+00:00,spine2,wadjet-t-sg0,,XTC,0/RP0/CPU0,0,XTCnode0_RP0_CPU0,0,0,obt-collector1,180

2020-02-06 19:04:38.330000+00:00,spine2,wadjet-t-sg0,,L2VPN_ATOM,0/RP0/CPU0,0,L2VPN_ATOMnode0_RP0_CPU0,0,0,obt-collector1,120

2020-02-06 19:04:38.330000+00:00,spine2,wadjet-t-sg0,,bundlemgr_distrib,0/RP0/CPU0,0,bundlemgr_distribnode0_RP0_CPU0,0,0,obt-collector1,60

2020-02-06 19:04:38.330000+00:00,spine2,wadjet-t-sg0,,bgp-default,0/RP0/CPU0,61,bgp-defaultnode0_RP0_CPU0,0,0,obt-collector1,60

2020-02-06 19:04:38.331000+00:00,spine2,wadjet-t-sg0,,object_tracking,0/RP0/CPU0,0,object_trackingnode0_RP0_CPU0,0,0,obt-collector1,199

2020-02-06 19:04:38.331000+00:00,spine2,wadjet-t-sg0,,pim,0/RP0/CPU0,0,pimnode0_RP0_CPU0,0,0,obt-collector1,199

2020-02-06 19:04:38.331000+00:00,spine2,wadjet-t-sg0,,pim6,0/RP0/CPU0,0,pim6node0_RP0_CPU0,0,0,obt-collector1,199

2020-02-06 19:04:38.331000+00:00,spine2,wadjet-t-sg0,,ipv4_static,0/RP0/CPU0,0,ipv4_staticnode0_RP0_CPU0,0,0,obt-collector1,60

2020-02-06 19:04:48.330000+00:00,spine2,wadjet-t-sg0,,pim6,0/RP0/CPU0,0,pim6node0_RP0_CPU0,0,0,obt-collector1,199

2020-02-06 19:04:48.330000+00:00,spine2,wadjet-t-sg0,,ipv4_static,0/RP0/CPU0,0,ipv4_staticnode0_RP0_CPU0,0,0,obt-collector1,60

2020-02-06 19:04:48.330000+00:00,spine2,wadjet-t-sg0,,object_tracking,0/RP0/CPU0,0,object_trackingnode0_RP0_CPU0,0,0,obt-collector1,199

2020-02-06 19:04:48.330000+00:00,spine2,wadjet-t-sg0,,bundlemgr_distrib,0/RP0/CPU0,0,bundlemgr_distribnode0_RP0_CPU0,0,0,obt-collector1,60

2020-02-06 19:04:48.330000+00:00,spine2,wadjet-t-sg0,,bgp-default,0/RP0/CPU0,61,bgp-defaultnode0_RP0_CPU0,0,0,obt-collector1,60

2020-02-06 19:04:48.330000+00:00,spine2,wadjet-t-sg0,,pim,0/RP0/CPU0,0,pimnode0_RP0_CPU0,0,0,obt-collector1,199

2020-02-06 19:04:48.330000+00:00,spine2,wadjet-t-sg0,,L2VPN_ATOM,0/RP0/CPU0,0,L2VPN_ATOMnode0_RP0_CPU0,0,0,obt-collector1,120

2020-02-06 19:04:48.330000+00:00,spine2,wadjet-t-sg0,,XTC,0/RP0/CPU0,0,XTCnode0_RP0_CPU0,0,0,obt-collector1,180

2020-02-06 19:04:58.330000+00:00,spine2,wadjet-t-sg0,,L2VPN_ATOM,0/RP0/CPU0,0,L2VPN_ATOMnode0_RP0_CPU0,0,0,obt-collector1,120

2020-02-06 19:04:58.331000+00:00,spine2,wadjet-t-sg0,,XTC,0/RP0/CPU0,0,XTCnode0_RP0_CPU0,0,0,obt-collector1,180

2020-02-06 19:04:58.331000+00:00,spine2,wadjet-t-sg0,,pim6,0/RP0/CPU0,0,pim6node0_RP0_CPU0,0,0,obt-collector1,199

2020-02-06 19:04:58.331000+00:00,spine2,wadjet-t-sg0,,object_tracking,0/RP0/CPU0,0,object_trackingnode0_RP0_CPU0,0,0,obt-collector1,199

2020-02-06 19:04:58.331000+00:00,spine2,wadjet-t-sg0,,ipv4_static,0/RP0/CPU0,0,ipv4_staticnode0_RP0_CPU0,0,0,obt-collector1,60

2020-02-06 19:04:58.331000+00:00,spine2,wadjet-t-sg0,,pim,0/RP0/CPU0,0,pimnode0_RP0_CPU0,0,0,obt-collector1,199

2020-02-06 19:04:58.331000+00:00,spine2,wadjet-t-sg0,,bundlemgr_distrib,0/RP0/CPU0,0,bundlemgr_distribnode0_RP0_CPU0,0,0,obt-collector1,60

2020-02-06 19:04:58.331000+00:00,spine2,wadjet-t-sg0,,bgp-default,0/RP0/CPU0,61,bgp-defaultnode0_RP0_CPU0,0,0,obt-collector1,60

2020-02-06 19:05:08.330000+00:00,spine2,wadjet-t-sg0,,bundlemgr_distrib,0/RP0/CPU0,0,bundlemgr_distribnode0_RP0_CPU0,0,0,obt-collector1,60

2020-02-06 19:05:08.330000+00:00,spine2,wadjet-t-sg0,,bgp-default,0/RP0/CPU0,61,bgp-defaultnode0_RP0_CPU0,0,0,obt-collector1,60

2020-02-06 19:05:08.330000+00:00,spine2,wadjet-t-sg0,,pim6,0/RP0/CPU0,0,pim6node0_RP0_CPU0,0,0,obt-collector1,199

2020-02-06 19:05:08.330000+00:00,spine2,wadjet-t-sg0,,L2VPN_ATOM,0/RP0/CPU0,0,L2VPN_ATOMnode0_RP0_CPU0,0,0,obt-collector1,120

2020-02-06 19:05:08.330000+00:00,spine2,wadjet-t-sg0,,XTC,0/RP0/CPU0,0,XTCnode0_RP0_CPU0,0,0,obt-collector1,180

2020-02-06 19:05:08.330000+00:00,spine2,wadjet-t-sg0,,pim,0/RP0/CPU0,0,pimnode0_RP0_CPU0,0,0,obt-collector1,199

2020-02-06 19:05:08.330000+00:00,spine2,wadjet-t-sg0,,object_tracking,0/RP0/CPU0,0,object_trackingnode0_RP0_CPU0,0,0,obt-collector1,199

2020-02-06 19:05:08.330000+00:00,spine2,wadjet-t-sg0,,ipv4_static,0/RP0/CPU0,0,ipv4_staticnode0_RP0_CPU0,0,0,obt-collector1,60

2020-02-06 19:05:18.330000+00:00,spine2,wadjet-t-sg0,,bundlemgr_distrib,0/RP0/CPU0,0,bundlemgr_distribnode0_RP0_CPU0,0,0,obt-collector1,60

2020-02-06 19:05:18.330000+00:00,spine2,wadjet-t-sg0,,L2VPN_ATOM,0/RP0/CPU0,0,L2VPN_ATOMnode0_RP0_CPU0,0,0,obt-collector1,120

2020-02-06 19:05:18.330000+00:00,spine2,wadjet-t-sg0,,bgp-default,0/RP0/CPU0,61,bgp-defaultnode0_RP0_CPU0,0,0,obt-collector1,60

2020-02-06 19:05:18.330000+00:00,spine2,wadjet-t-sg0,,XTC,0/RP0/CPU0,0,XTCnode0_RP0_CPU0,0,0,obt-collector1,180

2020-02-06 19:05:18.331000+00:00,spine2,wadjet-t-sg0,,object_tracking,0/RP0/CPU0,0,object_trackingnode0_RP0_CPU0,0,0,obt-collector1,199

2020-02-06 19:05:18.331000+00:00,spine2,wadjet-t-sg0,,ipv4_static,0/RP0/CPU0,0,ipv4_staticnode0_RP0_CPU0,0,0,obt-collector1,60

2020-02-06 19:05:18.331000+00:00,spine2,wadjet-t-sg0,,pim6,0/RP0/CPU0,0,pim6node0_RP0_CPU0,0,0,obt-collector1,199

2020-02-06 19:05:18.331000+00:00,spine2,wadjet-t-sg0,,pim,0/RP0/CPU0,0,pimnode0_RP0_CPU0,0,0,obt-collector1,199

2020-02-06 19:05:28.330000+00:00,spine2,wadjet-t-sg0,,pim6,0/RP0/CPU0,0,pim6node0_RP0_CPU0,0,0,obt-collector1,199

2020-02-06 19:05:28.330000+00:00,spine2,wadjet-t-sg0,,XTC,0/RP0/CPU0,0,XTCnode0_RP0_CPU0,0,0,obt-collector1,180

2020-02-06 19:05:28.330000+00:00,spine2,wadjet-t-sg0,,bundlemgr_distrib,0/RP0/CPU0,0,bundlemgr_distribnode0_RP0_CPU0,0,0,obt-collector1,60

2020-02-06 19:05:28.330000+00:00,spine2,wadjet-t-sg0,,bgp-default,0/RP0/CPU0,61,bgp-defaultnode0_RP0_CPU0,0,0,obt-collector1,60

2020-02-06 19:05:28.330000+00:00,spine2,wadjet-t-sg0,,ipv4_static,0/RP0/CPU0,0,ipv4_staticnode0_RP0_CPU0,0,0,obt-collector1,60

2020-02-06 19:05:28.330000+00:00,spine2,wadjet-t-sg0,,L2VPN_ATOM,0/RP0/CPU0,0,L2VPN_ATOMnode0_RP0_CPU0,0,0,obt-collector1,120

2020-02-06 19:05:28.330000+00:00,spine2,wadjet-t-sg0,,object_tracking,0/RP0/CPU0,0,object_trackingnode0_RP0_CPU0,0,0,obt-collector1,199

2020-02-06 19:05:28.331000+00:00,spine2,wadjet-t-sg0,,pim,0/RP0/CPU0,0,pimnode0_RP0_CPU0,0,0,obt-collector1,199

2020-02-06 19:05:38.331000+00:00,spine2,wadjet-t-sg0,,object_tracking,0/RP0/CPU0,0,object_trackingnode0_RP0_CPU0,0,0,obt-collector1,199

2020-02-06 19:05:38.331000+00:00,spine2,wadjet-t-sg0,,pim,0/RP0/CPU0,0,pimnode0_RP0_CPU0,0,0,obt-collector1,199

2020-02-06 19:05:38.331000+00:00,spine2,wadjet-t-sg0,,L2VPN_ATOM,0/RP0/CPU0,0,L2VPN_ATOMnode0_RP0_CPU0,0,0,obt-collector1,120

2020-02-06 19:05:38.331000+00:00,spine2,wadjet-t-sg0,,XTC,0/RP0/CPU0,0,XTCnode0_RP0_CPU0,0,0,obt-collector1,180

2020-02-06 19:05:38.331000+00:00,spine2,wadjet-t-sg0,,pim6,0/RP0/CPU0,0,pim6node0_RP0_CPU0,0,0,obt-collector1,199

2020-02-06 19:05:38.331000+00:00,spine2,wadjet-t-sg0,,ipv4_static,0/RP0/CPU0,0,ipv4_staticnode0_RP0_CPU0,0,0,obt-collector1,60

2020-02-06 19:05:38.331000+00:00,spine2,wadjet-t-sg0,,bundlemgr_distrib,0/RP0/CPU0,0,bundlemgr_distribnode0_RP0_CPU0,0,0,obt-collector1,60

2020-02-06 19:05:38.331000+00:00,spine2,wadjet-t-sg0,,bgp-default,0/RP0/CPU0,61,bgp-defaultnode0_RP0_CPU0,0,0,obt-collector1,60

2020-02-06 19:05:48.330000+00:00,spine2,wadjet-t-sg0,,L2VPN_ATOM,0/RP0/CPU0,0,L2VPN_ATOMnode0_RP0_CPU0,0,0,obt-collector1,120

2020-02-06 19:05:48.330000+00:00,spine2,wadjet-t-sg0,,XTC,0/RP0/CPU0,0,XTCnode0_RP0_CPU0,0,0,obt-collector1,180

2020-02-06 19:05:48.331000+00:00,spine2,wadjet-t-sg0,,bgp-default,0/RP0/CPU0,61,bgp-defaultnode0_RP0_CPU0,0,0,obt-collector1,60

2020-02-06 19:05:48.331000+00:00,spine2,wadjet-t-sg0,,bundlemgr_distrib,0/RP0/CPU0,0,bundlemgr_distribnode0_RP0_CPU0,0,0,obt-collector1,60

2020-02-06 19:05:48.331000+00:00,spine2,wadjet-t-sg0,,pim,0/RP0/CPU0,0,pimnode0_RP0_CPU0,0,0,obt-collector1,199

2020-02-06 19:05:48.331000+00:00,spine2,wadjet-t-sg0,,ipv4_static,0/RP0/CPU0,0,ipv4_staticnode0_RP0_CPU0,0,0,obt-collector1,60

2020-02-06 19:05:48.331000+00:00,spine2,wadjet-t-sg0,,object_tracking,0/RP0/CPU0,0,object_trackingnode0_RP0_CPU0,0,0,obt-collector1,199

2020-02-06 19:05:48.331000+00:00,spine2,wadjet-t-sg0,,pim6,0/RP0/CPU0,0,pim6node0_RP0_CPU0,0,0,obt-collector1,199

2020-02-06 19:05:58.330000+00:00,spine2,wadjet-t-sg0,,L2VPN_ATOM,0/RP0/CPU0,0,L2VPN_ATOMnode0_RP0_CPU0,0,0,obt-collector1,120

2020-02-06 19:05:58.330000+00:00,spine2,wadjet-t-sg0,,XTC,0/RP0/CPU0,0,XTCnode0_RP0_CPU0,0,0,obt-collector1,180

2020-02-06 19:05:58.331000+00:00,spine2,wadjet-t-sg0,,pim6,0/RP0/CPU0,0,pim6node0_RP0_CPU0,0,0,obt-collector1,199

2020-02-06 19:05:58.331000+00:00,spine2,wadjet-t-sg0,,bgp-default,0/RP0/CPU0,61,bgp-defaultnode0_RP0_CPU0,0,0,obt-collector1,60

2020-02-06 19:05:58.331000+00:00,spine2,wadjet-t-sg0,,object_tracking,0/RP0/CPU0,0,object_trackingnode0_RP0_CPU0,0,0,obt-collector1,199

2020-02-06 19:05:58.331000+00:00,spine2,wadjet-t-sg0,,ipv4_static,0/RP0/CPU0,0,ipv4_staticnode0_RP0_CPU0,0,0,obt-collector1,60

2020-02-06 19:05:58.331000+00:00,spine2,wadjet-t-sg0,,bundlemgr_distrib,0/RP0/CPU0,0,bundlemgr_distribnode0_RP0_CPU0,0,0,obt-collector1,60

2020-02-06 19:05:58.331000+00:00,spine2,wadjet-t-sg0,,pim,0/RP0/CPU0,0,pimnode0_RP0_CPU0,0,0,obt-collector1,199

2020-02-06 19:06:08.331000+00:00,spine2,wadjet-t-sg0,,bundlemgr_distrib,0/RP0/CPU0,0,bundlemgr_distribnode0_RP0_CPU0,0,0,obt-collector1,60

2020-02-06 19:06:08.331000+00:00,spine2,wadjet-t-sg0,,pim,0/RP0/CPU0,0,pimnode0_RP0_CPU0,0,0,obt-collector1,199

2020-02-06 19:06:08.331000+00:00,spine2,wadjet-t-sg0,,pim6,0/RP0/CPU0,0,pim6node0_RP0_CPU0,0,0,obt-collector1,199

2020-02-06 19:06:08.331000+00:00,spine2,wadjet-t-sg0,,L2VPN_ATOM,0/RP0/CPU0,0,L2VPN_ATOMnode0_RP0_CPU0,0,0,obt-collector1,120

2020-02-06 19:06:08.331000+00:00,spine2,wadjet-t-sg0,,XTC,0/RP0/CPU0,0,XTCnode0_RP0_CPU0,0,0,obt-collector1,180

2020-02-06 19:06:08.331000+00:00,spine2,wadjet-t-sg0,,ipv4_static,0/RP0/CPU0,0,ipv4_staticnode0_RP0_CPU0,0,0,obt-collector1,60

2020-02-06 19:06:08.331000+00:00,spine2,wadjet-t-sg0,,bgp-default,0/RP0/CPU0,61,bgp-defaultnode0_RP0_CPU0,0,0,obt-collector1,60

2020-02-06 19:06:08.331000+00:00,spine2,wadjet-t-sg0,,object_tracking,0/RP0/CPU0,0,object_trackingnode0_RP0_CPU0,0,0,obt-collector1,199

2020-02-06 19:06:18.331000+00:00,spine2,wadjet-t-sg0,,bgp-default,0/RP0/CPU0,61,bgp-defaultnode0_RP0_CPU0,0,0,obt-collector1,60

2020-02-06 19:06:18.331000+00:00,spine2,wadjet-t-sg0,,object_tracking,0/RP0/CPU0,0,object_trackingnode0_RP0_CPU0,0,0,obt-collector1,199

2020-02-06 19:06:18.331000+00:00,spine2,wadjet-t-sg0,,pim6,0/RP0/CPU0,0,pim6node0_RP0_CPU0,0,0,obt-collector1,199

2020-02-06 19:06:18.331000+00:00,spine2,wadjet-t-sg0,,bundlemgr_distrib,0/RP0/CPU0,0,bundlemgr_distribnode0_RP0_CPU0,0,0,obt-collector1,60

2020-02-06 19:06:18.331000+00:00,spine2,wadjet-t-sg0,,ipv4_static,0/RP0/CPU0,0,ipv4_staticnode0_RP0_CPU0,0,0,obt-collector1,60

2020-02-06 19:06:18.331000+00:00,spine2,wadjet-t-sg0,,L2VPN_ATOM,0/RP0/CPU0,0,L2VPN_ATOMnode0_RP0_CPU0,0,0,obt-collector1,120

2020-02-06 19:06:18.331000+00:00,spine2,wadjet-t-sg0,,XTC,0/RP0/CPU0,0,XTCnode0_RP0_CPU0,0,0,obt-collector1,180

2020-02-06 19:06:18.332000+00:00,spine2,wadjet-t-sg0,,pim,0/RP0/CPU0,0,pimnode0_RP0_CPU0,0,0,obt-collector1,199

2020-02-06 19:06:28.330000+00:00,spine2,wadjet-t-sg0,,L2VPN_ATOM,0/RP0/CPU0,0,L2VPN_ATOMnode0_RP0_CPU0,0,0,obt-collector1,120

2020-02-06 19:06:28.331000+00:00,spine2,wadjet-t-sg0,,pim,0/RP0/CPU0,0,pimnode0_RP0_CPU0,0,0,obt-collector1,199

2020-02-06 19:06:28.331000+00:00,spine2,wadjet-t-sg0,,XTC,0/RP0/CPU0,0,XTCnode0_RP0_CPU0,0,0,obt-collector1,180

2020-02-06 19:06:28.331000+00:00,spine2,wadjet-t-sg0,,bgp-default,0/RP0/CPU0,61,bgp-defaultnode0_RP0_CPU0,0,0,obt-collector1,60

2020-02-06 19:06:28.331000+00:00,spine2,wadjet-t-sg0,,object_tracking,0/RP0/CPU0,0,object_trackingnode0_RP0_CPU0,0,0,obt-collector1,199

2020-02-06 19:06:28.331000+00:00,spine2,wadjet-t-sg0,,ipv4_static,0/RP0/CPU0,0,ipv4_staticnode0_RP0_CPU0,0,0,obt-collector1,60

2020-02-06 19:06:28.331000+00:00,spine2,wadjet-t-sg0,,pim6,0/RP0/CPU0,0,pim6node0_RP0_CPU0,0,0,obt-collector1,199

2020-02-06 19:06:28.331000+00:00,spine2,wadjet-t-sg0,,bundlemgr_distrib,0/RP0/CPU0,0,bundlemgr_distribnode0_RP0_CPU0,0,0,obt-collector1,60

2020-02-06 19:06:38.331000+00:00,spine2,wadjet-t-sg0,,pim6,0/RP0/CPU0,0,pim6node0_RP0_CPU0,0,0,obt-collector1,199

2020-02-06 19:06:38.331000+00:00,spine2,wadjet-t-sg0,,bundlemgr_distrib,0/RP0/CPU0,0,bundlemgr_distribnode0_RP0_CPU0,0,0,obt-collector1,60

2020-02-06 19:06:38.331000+00:00,spine2,wadjet-t-sg0,,XTC,0/RP0/CPU0,0,XTCnode0_RP0_CPU0,0,0,obt-collector1,180

2020-02-06 19:06:38.331000+00:00,spine2,wadjet-t-sg0,,L2VPN_ATOM,0/RP0/CPU0,0,L2VPN_ATOMnode0_RP0_CPU0,0,0,obt-collector1,120

2020-02-06 19:06:38.331000+00:00,spine2,wadjet-t-sg0,,pim,0/RP0/CPU0,0,pimnode0_RP0_CPU0,0,0,obt-collector1,199

2020-02-06 19:06:38.331000+00:00,spine2,wadjet-t-sg0,,ipv4_static,0/RP0/CPU0,0,ipv4_staticnode0_RP0_CPU0,0,0,obt-collector1,60

2020-02-06 19:06:38.331000+00:00,spine2,wadjet-t-sg0,,bgp-default,0/RP0/CPU0,61,bgp-defaultnode0_RP0_CPU0,0,0,obt-collector1,60

2020-02-06 19:06:38.331000+00:00,spine2,wadjet-t-sg0,,object_tracking,0/RP0/CPU0,0,object_trackingnode0_RP0_CPU0,0,0,obt-collector1,199

2020-02-06 19:06:48.331000+00:00,spine2,wadjet-t-sg0,,bgp-default,0/RP0/CPU0,61,bgp-defaultnode0_RP0_CPU0,0,0,obt-collector1,60

2020-02-06 19:06:48.331000+00:00,spine2,wadjet-t-sg0,,object_tracking,0/RP0/CPU0,0,object_trackingnode0_RP0_CPU0,0,0,obt-collector1,199

2020-02-06 19:06:48.331000+00:00,spine2,wadjet-t-sg0,,XTC,0/RP0/CPU0,0,XTCnode0_RP0_CPU0,0,0,obt-collector1,180

2020-02-06 19:06:48.331000+00:00,spine2,wadjet-t-sg0,,pim6,0/RP0/CPU0,0,pim6node0_RP0_CPU0,0,0,obt-collector1,199

2020-02-06 19:06:48.331000+00:00,spine2,wadjet-t-sg0,,bundlemgr_distrib,0/RP0/CPU0,0,bundlemgr_distribnode0_RP0_CPU0,0,0,obt-collector1,60

2020-02-06 19:06:48.331000+00:00,spine2,wadjet-t-sg0,,ipv4_static,0/RP0/CPU0,0,ipv4_staticnode0_RP0_CPU0,0,0,obt-collector1,60

2020-02-06 19:06:48.331000+00:00,spine2,wadjet-t-sg0,,L2VPN_ATOM,0/RP0/CPU0,0,L2VPN_ATOMnode0_RP0_CPU0,0,0,obt-collector1,120

2020-02-06 19:06:48.332000+00:00,spine2,wadjet-t-sg0,,pim,0/RP0/CPU0,0,pimnode0_RP0_CPU0,0,0,obt-collector1,199

2020-02-06 19:06:58.332000+00:00,spine2,wadjet-t-sg0,,L2VPN_ATOM,0/RP0/CPU0,0,L2VPN_ATOMnode0_RP0_CPU0,0,0,obt-collector1,120

2020-02-06 19:06:58.332000+00:00,spine2,wadjet-t-sg0,,pim,0/RP0/CPU0,0,pimnode0_RP0_CPU0,0,0,obt-collector1,199

2020-02-06 19:06:58.332000+00:00,spine2,wadjet-t-sg0,,XTC,0/RP0/CPU0,0,XTCnode0_RP0_CPU0,0,0,obt-collector1,180

2020-02-06 19:06:58.332000+00:00,spine2,wadjet-t-sg0,,bgp-default,0/RP0/CPU0,61,bgp-defaultnode0_RP0_CPU0,0,0,obt-collector1,60

2020-02-06 19:06:58.332000+00:00,spine2,wadjet-t-sg0,,object_tracking,0/RP0/CPU0,0,object_trackingnode0_RP0_CPU0,0,0,obt-collector1,199

2020-02-06 19:06:58.332000+00:00,spine2,wadjet-t-sg0,,ipv4_static,0/RP0/CPU0,0,ipv4_staticnode0_RP0_CPU0,0,0,obt-collector1,60

2020-02-06 19:06:58.332000+00:00,spine2,wadjet-t-sg0,,pim6,0/RP0/CPU0,0,pim6node0_RP0_CPU0,0,0,obt-collector1,199

2020-02-06 19:06:58.332000+00:00,spine2,wadjet-t-sg0,,bundlemgr_distrib,0/RP0/CPU0,0,bundlemgr_distribnode0_RP0_CPU0,0,0,obt-collector1,60

2020-02-06 19:07:08.332000+00:00,spine2,wadjet-t-sg0,,pim6,0/RP0/CPU0,0,pim6node0_RP0_CPU0,0,0,obt-collector1,199

2020-02-06 19:07:08.332000+00:00,spine2,wadjet-t-sg0,,bundlemgr_distrib,0/RP0/CPU0,0,bundlemgr_distribnode0_RP0_CPU0,0,0,obt-collector1,60

2020-02-06 19:07:08.332000+00:00,spine2,wadjet-t-sg0,,XTC,0/RP0/CPU0,0,XTCnode0_RP0_CPU0,0,0,obt-collector1,180

2020-02-06 19:07:08.332000+00:00,spine2,wadjet-t-sg0,,L2VPN_ATOM,0/RP0/CPU0,0,L2VPN_ATOMnode0_RP0_CPU0,0,0,obt-collector1,120

2020-02-06 19:07:08.332000+00:00,spine2,wadjet-t-sg0,,ipv4_static,0/RP0/CPU0,0,ipv4_staticnode0_RP0_CPU0,0,0,obt-collector1,60

2020-02-06 19:07:08.332000+00:00,spine2,wadjet-t-sg0,,bgp-default,0/RP0/CPU0,61,bgp-defaultnode0_RP0_CPU0,0,0,obt-collector1,60

2020-02-06 19:07:08.332000+00:00,spine2,wadjet-t-sg0,,object_tracking,0/RP0/CPU0,0,object_trackingnode0_RP0_CPU0,0,0,obt-collector1,199

2020-02-06 19:07:08.333000+00:00,spine2,wadjet-t-sg0,,pim,0/RP0/CPU0,0,pimnode0_RP0_CPU0,0,0,obt-collector1,199

2020-02-06 19:07:18.332000+00:00,spine2,wadjet-t-sg0,,object_tracking,0/RP0/CPU0,0,object_trackingnode0_RP0_CPU0,0,0,obt-collector1,199

2020-02-06 19:07:18.332000+00:00,spine2,wadjet-t-sg0,,pim,0/RP0/CPU0,0,pimnode0_RP0_CPU0,0,0,obt-collector1,199

2020-02-06 19:07:18.332000+00:00,spine2,wadjet-t-sg0,,bgp-default,0/RP0/CPU0,61,bgp-defaultnode0_RP0_CPU0,0,0,obt-collector1,60

2020-02-06 19:07:18.332000+00:00,spine2,wadjet-t-sg0,,pim6,0/RP0/CPU0,0,pim6node0_RP0_CPU0,0,0,obt-collector1,199

2020-02-06 19:07:18.332000+00:00,spine2,wadjet-t-sg0,,bundlemgr_distrib,0/RP0/CPU0,0,bundlemgr_distribnode0_RP0_CPU0,0,0,obt-collector1,60

2020-02-06 19:07:18.332000+00:00,spine2,wadjet-t-sg0,,ipv4_static,0/RP0/CPU0,0,ipv4_staticnode0_RP0_CPU0,0,0,obt-collector1,60

2020-02-06 19:07:18.332000+00:00,spine2,wadjet-t-sg0,,XTC,0/RP0/CPU0,0,XTCnode0_RP0_CPU0,0,0,obt-collector1,180

2020-02-06 19:07:18.332000+00:00,spine2,wadjet-t-sg0,,L2VPN_ATOM,0/RP0/CPU0,0,L2VPN_ATOMnode0_RP0_CPU0,0,0,obt-collector1,120

2020-02-06 19:07:28.331000+00:00,spine2,wadjet-t-sg0,,bgp-default,0/RP0/CPU0,61,bgp-defaultnode0_RP0_CPU0,0,0,obt-collector1,60

2020-02-06 19:07:28.331000+00:00,spine2,wadjet-t-sg0,,XTC,0/RP0/CPU0,0,XTCnode0_RP0_CPU0,0,0,obt-collector1,180

2020-02-06 19:07:28.331000+00:00,spine2,wadjet-t-sg0,,L2VPN_ATOM,0/RP0/CPU0,0,L2VPN_ATOMnode0_RP0_CPU0,0,0,obt-collector1,120

2020-02-06 19:07:28.332000+00:00,spine2,wadjet-t-sg0,,object_tracking,0/RP0/CPU0,0,object_trackingnode0_RP0_CPU0,0,0,obt-collector1,199

2020-02-06 19:07:28.332000+00:00,spine2,wadjet-t-sg0,,pim,0/RP0/CPU0,0,pimnode0_RP0_CPU0,0,0,obt-collector1,199

2020-02-06 19:07:28.332000+00:00,spine2,wadjet-t-sg0,,ipv4_static,0/RP0/CPU0,0,ipv4_staticnode0_RP0_CPU0,0,0,obt-collector1,60

2020-02-06 19:07:28.332000+00:00,spine2,wadjet-t-sg0,,pim6,0/RP0/CPU0,0,pim6node0_RP0_CPU0,0,0,obt-collector1,199

2020-02-06 19:07:28.332000+00:00,spine2,wadjet-t-sg0,,bundlemgr_distrib,0/RP0/CPU0,0,bundlemgr_distribnode0_RP0_CPU0,0,0,obt-collector1,60

2020-02-06 19:07:38.331000+00:00,spine2,wadjet-t-sg0,,L2VPN_ATOM,0/RP0/CPU0,0,L2VPN_ATOMnode0_RP0_CPU0,0,0,obt-collector1,120

2020-02-06 19:07:38.331000+00:00,spine2,wadjet-t-sg0,,bgp-default,0/RP0/CPU0,61,bgp-defaultnode0_RP0_CPU0,0,0,obt-collector1,60

2020-02-06 19:07:38.331000+00:00,spine2,wadjet-t-sg0,,XTC,0/RP0/CPU0,0,XTCnode0_RP0_CPU0,0,0,obt-collector1,180

2020-02-06 19:07:38.332000+00:00,spine2,wadjet-t-sg0,,pim6,0/RP0/CPU0,0,pim6node0_RP0_CPU0,0,0,obt-collector1,199

2020-02-06 19:07:38.332000+00:00,spine2,wadjet-t-sg0,,bundlemgr_distrib,0/RP0/CPU0,0,bundlemgr_distribnode0_RP0_CPU0,0,0,obt-collector1,60

2020-02-06 19:07:38.332000+00:00,spine2,wadjet-t-sg0,,ipv4_static,0/RP0/CPU0,0,ipv4_staticnode0_RP0_CPU0,0,0,obt-collector1,60

2020-02-06 19:07:38.332000+00:00,spine2,wadjet-t-sg0,,object_tracking,0/RP0/CPU0,0,object_trackingnode0_RP0_CPU0,0,0,obt-collector1,199

2020-02-06 19:07:38.332000+00:00,spine2,wadjet-t-sg0,,pim,0/RP0/CPU0,0,pimnode0_RP0_CPU0,0,0,obt-collector1,199

2020-02-06 19:07:48.332000+00:00,spine2,wadjet-t-sg0,,object_tracking,0/RP0/CPU0,0,object_trackingnode0_RP0_CPU0,0,0,obt-collector1,199

2020-02-06 19:07:48.332000+00:00,spine2,wadjet-t-sg0,,pim,0/RP0/CPU0,0,pimnode0_RP0_CPU0,0,0,obt-collector1,199

2020-02-06 19:07:48.332000+00:00,spine2,wadjet-t-sg0,,XTC,0/RP0/CPU0,0,XTCnode0_RP0_CPU0,0,0,obt-collector1,180

2020-02-06 19:07:48.332000+00:00,spine2,wadjet-t-sg0,,L2VPN_ATOM,0/RP0/CPU0,0,L2VPN_ATOMnode0_RP0_CPU0,0,0,obt-collector1,120

2020-02-06 19:07:48.332000+00:00,spine2,wadjet-t-sg0,,bgp-default,0/RP0/CPU0,61,bgp-defaultnode0_RP0_CPU0,0,0,obt-collector1,60

2020-02-06 19:07:48.332000+00:00,spine2,wadjet-t-sg0,,ipv4_static,0/RP0/CPU0,0,ipv4_staticnode0_RP0_CPU0,0,0,obt-collector1,60

2020-02-06 19:07:48.332000+00:00,spine2,wadjet-t-sg0,,pim6,0/RP0/CPU0,0,pim6node0_RP0_CPU0,0,0,obt-collector1,199

2020-02-06 19:07:48.332000+00:00,spine2,wadjet-t-sg0,,bundlemgr_distrib,0/RP0/CPU0,0,bundlemgr_distribnode0_RP0_CPU0,0,0,obt-collector1,60

2020-02-06 19:07:58.333000+00:00,spine2,wadjet-t-sg0,,pim6,0/RP0/CPU0,0,pim6node0_RP0_CPU0,0,0,obt-collector1,199

2020-02-06 19:07:58.333000+00:00,spine2,wadjet-t-sg0,,bundlemgr_distrib,0/RP0/CPU0,0,bundlemgr_distribnode0_RP0_CPU0,0,0,obt-collector1,60

2020-02-06 19:07:58.333000+00:00,spine2,wadjet-t-sg0,,XTC,0/RP0/CPU0,0,XTCnode0_RP0_CPU0,0,0,obt-collector1,180

2020-02-06 19:07:58.333000+00:00,spine2,wadjet-t-sg0,,object_tracking,0/RP0/CPU0,0,object_trackingnode0_RP0_CPU0,0,0,obt-collector1,199

2020-02-06 19:07:58.333000+00:00,spine2,wadjet-t-sg0,,pim,0/RP0/CPU0,0,pimnode0_RP0_CPU0,0,0,obt-collector1,199

2020-02-06 19:07:58.333000+00:00,spine2,wadjet-t-sg0,,ipv4_static,0/RP0/CPU0,0,ipv4_staticnode0_RP0_CPU0,0,0,obt-collector1,60

2020-02-06 19:07:58.333000+00:00,spine2,wadjet-t-sg0,,L2VPN_ATOM,0/RP0/CPU0,0,L2VPN_ATOMnode0_RP0_CPU0,0,0,obt-collector1,120

2020-02-06 19:07:58.333000+00:00,spine2,wadjet-t-sg0,,bgp-default,0/RP0/CPU0,61,bgp-defaultnode0_RP0_CPU0,0,0,obt-collector1,60

2020-02-06 19:08:08.331000+00:00,spine2,wadjet-t-sg0,,XTC,0/RP0/CPU0,0,XTCnode0_RP0_CPU0,0,0,obt-collector1,180

2020-02-06 19:08:08.331000+00:00,spine2,wadjet-t-sg0,,L2VPN_ATOM,0/RP0/CPU0,0,L2VPN_ATOMnode0_RP0_CPU0,0,0,obt-collector1,120

2020-02-06 19:08:08.332000+00:00,spine2,wadjet-t-sg0,,bgp-default,0/RP0/CPU0,61,bgp-defaultnode0_RP0_CPU0,0,0,obt-collector1,60

2020-02-06 19:08:08.332000+00:00,spine2,wadjet-t-sg0,,pim6,0/RP0/CPU0,0,pim6node0_RP0_CPU0,0,0,obt-collector1,199

2020-02-06 19:08:08.332000+00:00,spine2,wadjet-t-sg0,,bundlemgr_distrib,0/RP0/CPU0,0,bundlemgr_distribnode0_RP0_CPU0,0,0,obt-collector1,60

2020-02-06 19:08:08.332000+00:00,spine2,wadjet-t-sg0,,ipv4_static,0/RP0/CPU0,0,ipv4_staticnode0_RP0_CPU0,0,0,obt-collector1,60

2020-02-06 19:08:08.332000+00:00,spine2,wadjet-t-sg0,,object_tracking,0/RP0/CPU0,0,object_trackingnode0_RP0_CPU0,0,0,obt-collector1,199

2020-02-06 19:08:08.332000+00:00,spine2,wadjet-t-sg0,,pim,0/RP0/CPU0,0,pimnode0_RP0_CPU0,0,0,obt-collector1,199

