,EncodingPath,Producer,active-routes-count,af-name,as,backup-routes-count,deleted-routes-count,paths-count,protocol-route-memory,route-table-name,routes-counts,saf-name,vrf-name

2020-02-06 18:54:58.561000+00:00,Cisco-IOS-XR-ip-rib-ipv4-oper:rib/vrfs/vrf/afs/af/safs/saf/ip-rib-route-table-names/ip-rib-route-table-name/protocol/bgp/as/information,spine2,210,IPv4,65012,0,0,1423,187936,default,210,Unicast,default

2020-02-06 18:55:08.568000+00:00,Cisco-IOS-XR-ip-rib-ipv4-oper:rib/vrfs/vrf/afs/af/safs/saf/ip-rib-route-table-names/ip-rib-route-table-name/protocol/bgp/as/information,spine2,210,IPv4,65012,0,0,1423,187936,default,210,Unicast,default

2020-02-06 18:55:18.561000+00:00,Cisco-IOS-XR-ip-rib-ipv4-oper:rib/vrfs/vrf/afs/af/safs/saf/ip-rib-route-table-names/ip-rib-route-table-name/protocol/bgp/as/information,spine2,210,IPv4,65012,0,0,1423,187936,default,210,Unicast,default

2020-02-06 18:55:28.566000+00:00,Cisco-IOS-XR-ip-rib-ipv4-oper:rib/vrfs/vrf/afs/af/safs/saf/ip-rib-route-table-names/ip-rib-route-table-name/protocol/bgp/as/information,spine2,210,IPv4,65012,0,0,1423,187936,default,210,Unicast,default

2020-02-06 18:55:38.560000+00:00,Cisco-IOS-XR-ip-rib-ipv4-oper:rib/vrfs/vrf/afs/af/safs/saf/ip-rib-route-table-names/ip-rib-route-table-name/protocol/bgp/as/information,spine2,210,IPv4,65012,0,0,1423,187936,default,210,Unicast,default

2020-02-06 18:55:48.565000+00:00,Cisco-IOS-XR-ip-rib-ipv4-oper:rib/vrfs/vrf/afs/af/safs/saf/ip-rib-route-table-names/ip-rib-route-table-name/protocol/bgp/as/information,spine2,210,IPv4,65012,0,0,1423,187936,default,210,Unicast,default

2020-02-06 18:55:58.559000+00:00,Cisco-IOS-XR-ip-rib-ipv4-oper:rib/vrfs/vrf/afs/af/safs/saf/ip-rib-route-table-names/ip-rib-route-table-name/protocol/bgp/as/information,spine2,210,IPv4,65012,0,0,1423,187936,default,210,Unicast,default

2020-02-06 18:56:08.616000+00:00,Cisco-IOS-XR-ip-rib-ipv4-oper:rib/vrfs/vrf/afs/af/safs/saf/ip-rib-route-table-names/ip-rib-route-table-name/protocol/bgp/as/information,spine2,210,IPv4,65012,0,0,1423,187936,default,210,Unicast,default

2020-02-06 18:56:18.561000+00:00,Cisco-IOS-XR-ip-rib-ipv4-oper:rib/vrfs/vrf/afs/af/safs/saf/ip-rib-route-table-names/ip-rib-route-table-name/protocol/bgp/as/information,spine2,210,IPv4,65012,0,0,1423,187936,default,210,Unicast,default

2020-02-06 18:56:28.566000+00:00,Cisco-IOS-XR-ip-rib-ipv4-oper:rib/vrfs/vrf/afs/af/safs/saf/ip-rib-route-table-names/ip-rib-route-table-name/protocol/bgp/as/information,spine2,210,IPv4,65012,0,0,1423,187936,default,210,Unicast,default

2020-02-06 18:56:38.570000+00:00,Cisco-IOS-XR-ip-rib-ipv4-oper:rib/vrfs/vrf/afs/af/safs/saf/ip-rib-route-table-names/ip-rib-route-table-name/protocol/bgp/as/information,spine2,210,IPv4,65012,0,0,1423,187936,default,210,Unicast,default

2020-02-06 18:56:48.565000+00:00,Cisco-IOS-XR-ip-rib-ipv4-oper:rib/vrfs/vrf/afs/af/safs/saf/ip-rib-route-table-names/ip-rib-route-table-name/protocol/bgp/as/information,spine2,210,IPv4,65012,0,0,1423,187936,default,210,Unicast,default

2020-02-06 18:56:58.562000+00:00,Cisco-IOS-XR-ip-rib-ipv4-oper:rib/vrfs/vrf/afs/af/safs/saf/ip-rib-route-table-names/ip-rib-route-table-name/protocol/bgp/as/information,spine2,210,IPv4,65012,0,0,1423,187936,default,210,Unicast,default

2020-02-06 18:57:08.565000+00:00,Cisco-IOS-XR-ip-rib-ipv4-oper:rib/vrfs/vrf/afs/af/safs/saf/ip-rib-route-table-names/ip-rib-route-table-name/protocol/bgp/as/information,spine2,210,IPv4,65012,0,0,1423,187936,default,210,Unicast,default

2020-02-06 18:57:18.574000+00:00,Cisco-IOS-XR-ip-rib-ipv4-oper:rib/vrfs/vrf/afs/af/safs/saf/ip-rib-route-table-names/ip-rib-route-table-name/protocol/bgp/as/information,spine2,210,IPv4,65012,0,0,1423,187936,default,210,Unicast,default

2020-02-06 18:57:28.567000+00:00,Cisco-IOS-XR-ip-rib-ipv4-oper:rib/vrfs/vrf/afs/af/safs/saf/ip-rib-route-table-names/ip-rib-route-table-name/protocol/bgp/as/information,spine2,210,IPv4,65012,0,0,1423,187936,default,210,Unicast,default

2020-02-06 18:57:38.572000+00:00,Cisco-IOS-XR-ip-rib-ipv4-oper:rib/vrfs/vrf/afs/af/safs/saf/ip-rib-route-table-names/ip-rib-route-table-name/protocol/bgp/as/information,spine2,210,IPv4,65012,0,0,1423,187936,default,210,Unicast,default

2020-02-06 18:57:48.573000+00:00,Cisco-IOS-XR-ip-rib-ipv4-oper:rib/vrfs/vrf/afs/af/safs/saf/ip-rib-route-table-names/ip-rib-route-table-name/protocol/bgp/as/information,spine2,210,IPv4,65012,0,0,1423,187936,default,210,Unicast,default

2020-02-06 18:57:58.622000+00:00,Cisco-IOS-XR-ip-rib-ipv4-oper:rib/vrfs/vrf/afs/af/safs/saf/ip-rib-route-table-names/ip-rib-route-table-name/protocol/bgp/as/information,spine2,210,IPv4,65012,0,0,1423,187936,default,210,Unicast,default

2020-02-06 18:58:08.574000+00:00,Cisco-IOS-XR-ip-rib-ipv4-oper:rib/vrfs/vrf/afs/af/safs/saf/ip-rib-route-table-names/ip-rib-route-table-name/protocol/bgp/as/information,spine2,210,IPv4,65012,0,0,1423,187936,default,210,Unicast,default

2020-02-06 18:58:18.560000+00:00,Cisco-IOS-XR-ip-rib-ipv4-oper:rib/vrfs/vrf/afs/af/safs/saf/ip-rib-route-table-names/ip-rib-route-table-name/protocol/bgp/as/information,spine2,210,IPv4,65012,0,0,1423,187936,default,210,Unicast,default

2020-02-06 18:58:28.567000+00:00,Cisco-IOS-XR-ip-rib-ipv4-oper:rib/vrfs/vrf/afs/af/safs/saf/ip-rib-route-table-names/ip-rib-route-table-name/protocol/bgp/as/information,spine2,210,IPv4,65012,0,0,1423,187936,default,210,Unicast,default

2020-02-06 18:58:38.559000+00:00,Cisco-IOS-XR-ip-rib-ipv4-oper:rib/vrfs/vrf/afs/af/safs/saf/ip-rib-route-table-names/ip-rib-route-table-name/protocol/bgp/as/information,spine2,210,IPv4,65012,0,0,1423,187936,default,210,Unicast,default

2020-02-06 18:58:48.558000+00:00,Cisco-IOS-XR-ip-rib-ipv4-oper:rib/vrfs/vrf/afs/af/safs/saf/ip-rib-route-table-names/ip-rib-route-table-name/protocol/bgp/as/information,spine2,210,IPv4,65012,0,0,1423,187936,default,210,Unicast,default

2020-02-06 18:58:58.563000+00:00,Cisco-IOS-XR-ip-rib-ipv4-oper:rib/vrfs/vrf/afs/af/safs/saf/ip-rib-route-table-names/ip-rib-route-table-name/protocol/bgp/as/information,spine2,210,IPv4,65012,0,0,1423,187936,default,210,Unicast,default

2020-02-06 18:59:08.570000+00:00,Cisco-IOS-XR-ip-rib-ipv4-oper:rib/vrfs/vrf/afs/af/safs/saf/ip-rib-route-table-names/ip-rib-route-table-name/protocol/bgp/as/information,spine2,210,IPv4,65012,0,0,1423,187936,default,210,Unicast,default

2020-02-06 18:59:18.565000+00:00,Cisco-IOS-XR-ip-rib-ipv4-oper:rib/vrfs/vrf/afs/af/safs/saf/ip-rib-route-table-names/ip-rib-route-table-name/protocol/bgp/as/information,spine2,210,IPv4,65012,0,0,1423,187936,default,210,Unicast,default

2020-02-06 18:59:28.566000+00:00,Cisco-IOS-XR-ip-rib-ipv4-oper:rib/vrfs/vrf/afs/af/safs/saf/ip-rib-route-table-names/ip-rib-route-table-name/protocol/bgp/as/information,spine2,210,IPv4,65012,0,0,1423,187936,default,210,Unicast,default

2020-02-06 18:59:38.570000+00:00,Cisco-IOS-XR-ip-rib-ipv4-oper:rib/vrfs/vrf/afs/af/safs/saf/ip-rib-route-table-names/ip-rib-route-table-name/protocol/bgp/as/information,spine2,210,IPv4,65012,0,0,1423,187936,default,210,Unicast,default

2020-02-06 18:59:48.600000+00:00,Cisco-IOS-XR-ip-rib-ipv4-oper:rib/vrfs/vrf/afs/af/safs/saf/ip-rib-route-table-names/ip-rib-route-table-name/protocol/bgp/as/information,spine2,210,IPv4,65012,0,0,1423,187936,default,210,Unicast,default

2020-02-06 18:59:58.566000+00:00,Cisco-IOS-XR-ip-rib-ipv4-oper:rib/vrfs/vrf/afs/af/safs/saf/ip-rib-route-table-names/ip-rib-route-table-name/protocol/bgp/as/information,spine2,210,IPv4,65012,0,0,1423,187936,default,210,Unicast,default

2020-02-06 19:00:08.567000+00:00,Cisco-IOS-XR-ip-rib-ipv4-oper:rib/vrfs/vrf/afs/af/safs/saf/ip-rib-route-table-names/ip-rib-route-table-name/protocol/bgp/as/information,spine2,210,IPv4,65012,0,0,1423,187936,default,210,Unicast,default

2020-02-06 19:00:18.574000+00:00,Cisco-IOS-XR-ip-rib-ipv4-oper:rib/vrfs/vrf/afs/af/safs/saf/ip-rib-route-table-names/ip-rib-route-table-name/protocol/bgp/as/information,spine2,210,IPv4,65012,0,0,1423,187936,default,210,Unicast,default

2020-02-06 19:00:28.562000+00:00,Cisco-IOS-XR-ip-rib-ipv4-oper:rib/vrfs/vrf/afs/af/safs/saf/ip-rib-route-table-names/ip-rib-route-table-name/protocol/bgp/as/information,spine2,210,IPv4,65012,0,0,1423,187936,default,210,Unicast,default

2020-02-06 19:00:38.568000+00:00,Cisco-IOS-XR-ip-rib-ipv4-oper:rib/vrfs/vrf/afs/af/safs/saf/ip-rib-route-table-names/ip-rib-route-table-name/protocol/bgp/as/information,spine2,210,IPv4,65012,0,0,1423,187936,default,210,Unicast,default

2020-02-06 19:00:48.565000+00:00,Cisco-IOS-XR-ip-rib-ipv4-oper:rib/vrfs/vrf/afs/af/safs/saf/ip-rib-route-table-names/ip-rib-route-table-name/protocol/bgp/as/information,spine2,210,IPv4,65012,0,0,1423,187936,default,210,Unicast,default

2020-02-06 19:00:58.564000+00:00,Cisco-IOS-XR-ip-rib-ipv4-oper:rib/vrfs/vrf/afs/af/safs/saf/ip-rib-route-table-names/ip-rib-route-table-name/protocol/bgp/as/information,spine2,210,IPv4,65012,0,0,1423,187936,default,210,Unicast,default

2020-02-06 19:01:08.566000+00:00,Cisco-IOS-XR-ip-rib-ipv4-oper:rib/vrfs/vrf/afs/af/safs/saf/ip-rib-route-table-names/ip-rib-route-table-name/protocol/bgp/as/information,spine2,210,IPv4,65012,0,0,1423,187936,default,210,Unicast,default

2020-02-06 19:01:18.566000+00:00,Cisco-IOS-XR-ip-rib-ipv4-oper:rib/vrfs/vrf/afs/af/safs/saf/ip-rib-route-table-names/ip-rib-route-table-name/protocol/bgp/as/information,spine2,210,IPv4,65012,0,0,1423,187936,default,210,Unicast,default

2020-02-06 19:01:28.566000+00:00,Cisco-IOS-XR-ip-rib-ipv4-oper:rib/vrfs/vrf/afs/af/safs/saf/ip-rib-route-table-names/ip-rib-route-table-name/protocol/bgp/as/information,spine2,210,IPv4,65012,0,0,1423,187936,default,210,Unicast,default

2020-02-06 19:01:38.602000+00:00,Cisco-IOS-XR-ip-rib-ipv4-oper:rib/vrfs/vrf/afs/af/safs/saf/ip-rib-route-table-names/ip-rib-route-table-name/protocol/bgp/as/information,spine2,210,IPv4,65012,0,0,1423,187936,default,210,Unicast,default

2020-02-06 19:01:48.570000+00:00,Cisco-IOS-XR-ip-rib-ipv4-oper:rib/vrfs/vrf/afs/af/safs/saf/ip-rib-route-table-names/ip-rib-route-table-name/protocol/bgp/as/information,spine2,210,IPv4,65012,0,0,1423,187936,default,210,Unicast,default

2020-02-06 19:01:58.565000+00:00,Cisco-IOS-XR-ip-rib-ipv4-oper:rib/vrfs/vrf/afs/af/safs/saf/ip-rib-route-table-names/ip-rib-route-table-name/protocol/bgp/as/information,spine2,210,IPv4,65012,0,0,1423,187936,default,210,Unicast,default

2020-02-06 19:02:08.568000+00:00,Cisco-IOS-XR-ip-rib-ipv4-oper:rib/vrfs/vrf/afs/af/safs/saf/ip-rib-route-table-names/ip-rib-route-table-name/protocol/bgp/as/information,spine2,210,IPv4,65012,0,0,1423,187936,default,210,Unicast,default

2020-02-06 19:02:18.567000+00:00,Cisco-IOS-XR-ip-rib-ipv4-oper:rib/vrfs/vrf/afs/af/safs/saf/ip-rib-route-table-names/ip-rib-route-table-name/protocol/bgp/as/information,spine2,210,IPv4,65012,0,0,1423,187936,default,210,Unicast,default

2020-02-06 19:02:28.563000+00:00,Cisco-IOS-XR-ip-rib-ipv4-oper:rib/vrfs/vrf/afs/af/safs/saf/ip-rib-route-table-names/ip-rib-route-table-name/protocol/bgp/as/information,spine2,210,IPv4,65012,0,0,1423,187936,default,210,Unicast,default

2020-02-06 19:02:38.558000+00:00,Cisco-IOS-XR-ip-rib-ipv4-oper:rib/vrfs/vrf/afs/af/safs/saf/ip-rib-route-table-names/ip-rib-route-table-name/protocol/bgp/as/information,spine2,210,IPv4,65012,0,0,1423,187936,default,210,Unicast,default

2020-02-06 19:02:48.568000+00:00,Cisco-IOS-XR-ip-rib-ipv4-oper:rib/vrfs/vrf/afs/af/safs/saf/ip-rib-route-table-names/ip-rib-route-table-name/protocol/bgp/as/information,spine2,210,IPv4,65012,0,0,1423,187936,default,210,Unicast,default

2020-02-06 19:02:58.563000+00:00,Cisco-IOS-XR-ip-rib-ipv4-oper:rib/vrfs/vrf/afs/af/safs/saf/ip-rib-route-table-names/ip-rib-route-table-name/protocol/bgp/as/information,spine2,210,IPv4,65012,0,0,1423,187936,default,210,Unicast,default

2020-02-06 19:03:08.579000+00:00,Cisco-IOS-XR-ip-rib-ipv4-oper:rib/vrfs/vrf/afs/af/safs/saf/ip-rib-route-table-names/ip-rib-route-table-name/protocol/bgp/as/information,spine2,210,IPv4,65012,0,0,1423,187936,default,210,Unicast,default

2020-02-06 19:03:18.566000+00:00,Cisco-IOS-XR-ip-rib-ipv4-oper:rib/vrfs/vrf/afs/af/safs/saf/ip-rib-route-table-names/ip-rib-route-table-name/protocol/bgp/as/information,spine2,210,IPv4,65012,0,0,1423,187936,default,210,Unicast,default

2020-02-06 19:03:28.631000+00:00,Cisco-IOS-XR-ip-rib-ipv4-oper:rib/vrfs/vrf/afs/af/safs/saf/ip-rib-route-table-names/ip-rib-route-table-name/protocol/bgp/as/information,spine2,210,IPv4,65012,0,0,1423,187936,default,210,Unicast,default

2020-02-06 19:03:38.566000+00:00,Cisco-IOS-XR-ip-rib-ipv4-oper:rib/vrfs/vrf/afs/af/safs/saf/ip-rib-route-table-names/ip-rib-route-table-name/protocol/bgp/as/information,spine2,210,IPv4,65012,0,0,1423,187936,default,210,Unicast,default

2020-02-06 19:03:48.562000+00:00,Cisco-IOS-XR-ip-rib-ipv4-oper:rib/vrfs/vrf/afs/af/safs/saf/ip-rib-route-table-names/ip-rib-route-table-name/protocol/bgp/as/information,spine2,210,IPv4,65012,0,0,1423,187936,default,210,Unicast,default

2020-02-06 19:03:58.605000+00:00,Cisco-IOS-XR-ip-rib-ipv4-oper:rib/vrfs/vrf/afs/af/safs/saf/ip-rib-route-table-names/ip-rib-route-table-name/protocol/bgp/as/information,spine2,210,IPv4,65012,0,0,1423,187936,default,210,Unicast,default

2020-02-06 19:04:08.559000+00:00,Cisco-IOS-XR-ip-rib-ipv4-oper:rib/vrfs/vrf/afs/af/safs/saf/ip-rib-route-table-names/ip-rib-route-table-name/protocol/bgp/as/information,spine2,210,IPv4,65012,0,1,1384,183704,default,211,Unicast,default

2020-02-06 19:04:18.572000+00:00,Cisco-IOS-XR-ip-rib-ipv4-oper:rib/vrfs/vrf/afs/af/safs/saf/ip-rib-route-table-names/ip-rib-route-table-name/protocol/bgp/as/information,spine2,210,IPv4,65012,0,0,1384,183568,default,210,Unicast,default

2020-02-06 19:04:28.574000+00:00,Cisco-IOS-XR-ip-rib-ipv4-oper:rib/vrfs/vrf/afs/af/safs/saf/ip-rib-route-table-names/ip-rib-route-table-name/protocol/bgp/as/information,spine2,210,IPv4,65012,0,0,1384,183568,default,210,Unicast,default

2020-02-06 19:04:38.565000+00:00,Cisco-IOS-XR-ip-rib-ipv4-oper:rib/vrfs/vrf/afs/af/safs/saf/ip-rib-route-table-names/ip-rib-route-table-name/protocol/bgp/as/information,spine2,210,IPv4,65012,0,0,1384,183568,default,210,Unicast,default

2020-02-06 19:04:48.569000+00:00,Cisco-IOS-XR-ip-rib-ipv4-oper:rib/vrfs/vrf/afs/af/safs/saf/ip-rib-route-table-names/ip-rib-route-table-name/protocol/bgp/as/information,spine2,210,IPv4,65012,0,0,1384,183568,default,210,Unicast,default

2020-02-06 19:04:58.609000+00:00,Cisco-IOS-XR-ip-rib-ipv4-oper:rib/vrfs/vrf/afs/af/safs/saf/ip-rib-route-table-names/ip-rib-route-table-name/protocol/bgp/as/information,spine2,210,IPv4,65012,0,0,1384,183568,default,210,Unicast,default

2020-02-06 19:05:08.578000+00:00,Cisco-IOS-XR-ip-rib-ipv4-oper:rib/vrfs/vrf/afs/af/safs/saf/ip-rib-route-table-names/ip-rib-route-table-name/protocol/bgp/as/information,spine2,210,IPv4,65012,0,0,1384,183568,default,210,Unicast,default

2020-02-06 19:05:18.610000+00:00,Cisco-IOS-XR-ip-rib-ipv4-oper:rib/vrfs/vrf/afs/af/safs/saf/ip-rib-route-table-names/ip-rib-route-table-name/protocol/bgp/as/information,spine2,210,IPv4,65012,0,0,1384,183568,default,210,Unicast,default

2020-02-06 19:05:28.564000+00:00,Cisco-IOS-XR-ip-rib-ipv4-oper:rib/vrfs/vrf/afs/af/safs/saf/ip-rib-route-table-names/ip-rib-route-table-name/protocol/bgp/as/information,spine2,210,IPv4,65012,0,0,1384,183568,default,210,Unicast,default

2020-02-06 19:05:38.562000+00:00,Cisco-IOS-XR-ip-rib-ipv4-oper:rib/vrfs/vrf/afs/af/safs/saf/ip-rib-route-table-names/ip-rib-route-table-name/protocol/bgp/as/information,spine2,210,IPv4,65012,0,0,1384,183568,default,210,Unicast,default

2020-02-06 19:05:48.567000+00:00,Cisco-IOS-XR-ip-rib-ipv4-oper:rib/vrfs/vrf/afs/af/safs/saf/ip-rib-route-table-names/ip-rib-route-table-name/protocol/bgp/as/information,spine2,210,IPv4,65012,0,0,1384,183568,default,210,Unicast,default

2020-02-06 19:05:58.563000+00:00,Cisco-IOS-XR-ip-rib-ipv4-oper:rib/vrfs/vrf/afs/af/safs/saf/ip-rib-route-table-names/ip-rib-route-table-name/protocol/bgp/as/information,spine2,210,IPv4,65012,0,0,1384,183568,default,210,Unicast,default

2020-02-06 19:06:08.571000+00:00,Cisco-IOS-XR-ip-rib-ipv4-oper:rib/vrfs/vrf/afs/af/safs/saf/ip-rib-route-table-names/ip-rib-route-table-name/protocol/bgp/as/information,spine2,210,IPv4,65012,0,0,1384,183568,default,210,Unicast,default

2020-02-06 19:06:18.573000+00:00,Cisco-IOS-XR-ip-rib-ipv4-oper:rib/vrfs/vrf/afs/af/safs/saf/ip-rib-route-table-names/ip-rib-route-table-name/protocol/bgp/as/information,spine2,210,IPv4,65012,0,0,1384,183568,default,210,Unicast,default

2020-02-06 19:06:28.562000+00:00,Cisco-IOS-XR-ip-rib-ipv4-oper:rib/vrfs/vrf/afs/af/safs/saf/ip-rib-route-table-names/ip-rib-route-table-name/protocol/bgp/as/information,spine2,210,IPv4,65012,0,0,1384,183568,default,210,Unicast,default

2020-02-06 19:06:38.567000+00:00,Cisco-IOS-XR-ip-rib-ipv4-oper:rib/vrfs/vrf/afs/af/safs/saf/ip-rib-route-table-names/ip-rib-route-table-name/protocol/bgp/as/information,spine2,210,IPv4,65012,0,0,1384,183568,default,210,Unicast,default

2020-02-06 19:06:48.565000+00:00,Cisco-IOS-XR-ip-rib-ipv4-oper:rib/vrfs/vrf/afs/af/safs/saf/ip-rib-route-table-names/ip-rib-route-table-name/protocol/bgp/as/information,spine2,210,IPv4,65012,0,0,1384,183568,default,210,Unicast,default

2020-02-06 19:06:58.571000+00:00,Cisco-IOS-XR-ip-rib-ipv4-oper:rib/vrfs/vrf/afs/af/safs/saf/ip-rib-route-table-names/ip-rib-route-table-name/protocol/bgp/as/information,spine2,210,IPv4,65012,0,0,1384,183568,default,210,Unicast,default

2020-02-06 19:07:08.609000+00:00,Cisco-IOS-XR-ip-rib-ipv4-oper:rib/vrfs/vrf/afs/af/safs/saf/ip-rib-route-table-names/ip-rib-route-table-name/protocol/bgp/as/information,spine2,210,IPv4,65012,0,0,1384,183568,default,210,Unicast,default

2020-02-06 19:07:18.576000+00:00,Cisco-IOS-XR-ip-rib-ipv4-oper:rib/vrfs/vrf/afs/af/safs/saf/ip-rib-route-table-names/ip-rib-route-table-name/protocol/bgp/as/information,spine2,210,IPv4,65012,0,0,1384,183568,default,210,Unicast,default

2020-02-06 19:07:28.563000+00:00,Cisco-IOS-XR-ip-rib-ipv4-oper:rib/vrfs/vrf/afs/af/safs/saf/ip-rib-route-table-names/ip-rib-route-table-name/protocol/bgp/as/information,spine2,210,IPv4,65012,0,0,1384,183568,default,210,Unicast,default

2020-02-06 19:07:38.578000+00:00,Cisco-IOS-XR-ip-rib-ipv4-oper:rib/vrfs/vrf/afs/af/safs/saf/ip-rib-route-table-names/ip-rib-route-table-name/protocol/bgp/as/information,spine2,210,IPv4,65012,0,0,1384,183568,default,210,Unicast,default

2020-02-06 19:07:48.570000+00:00,Cisco-IOS-XR-ip-rib-ipv4-oper:rib/vrfs/vrf/afs/af/safs/saf/ip-rib-route-table-names/ip-rib-route-table-name/protocol/bgp/as/information,spine2,210,IPv4,65012,0,0,1384,183568,default,210,Unicast,default

2020-02-06 19:07:58.569000+00:00,Cisco-IOS-XR-ip-rib-ipv4-oper:rib/vrfs/vrf/afs/af/safs/saf/ip-rib-route-table-names/ip-rib-route-table-name/protocol/bgp/as/information,spine2,210,IPv4,65012,0,0,1384,183568,default,210,Unicast,default

2020-02-06 19:08:08.564000+00:00,Cisco-IOS-XR-ip-rib-ipv4-oper:rib/vrfs/vrf/afs/af/safs/saf/ip-rib-route-table-names/ip-rib-route-table-name/protocol/bgp/as/information,spine2,210,IPv4,65012,0,0,1384,183568,default,210,Unicast,default

