,EncodingPath,Producer,Target,host,node-name,total-cpu-fifteen-minute,total-cpu-five-minute,total-cpu-one-minute

2020-02-06 18:54:53.643000+00:00,Cisco-IOS-XR-wdsysmon-fd-oper:system-monitoring/cpu-utilization,spine2,,,0/RP0/CPU0,5,5,5

2020-02-06 18:54:54.109000+00:00,Cisco-IOS-XR-wdsysmon-fd-oper:system-monitoring/cpu-utilization,spine2,,,0/0/CPU0,5,5,5

2020-02-06 18:54:59.532000+00:00,Cisco-IOS-XR-wdsysmon-fd-oper:system-monitoring/cpu-utilization,spine2,,,0/RP0/CPU0,5,5,5

2020-02-06 18:54:59.998000+00:00,Cisco-IOS-XR-wdsysmon-fd-oper:system-monitoring/cpu-utilization,spine2,,,0/0/CPU0,5,5,5

2020-02-06 18:55:03.638000+00:00,Cisco-IOS-XR-wdsysmon-fd-oper:system-monitoring/cpu-utilization,spine2,,,0/RP0/CPU0,5,5,5

2020-02-06 18:55:04.104000+00:00,Cisco-IOS-XR-wdsysmon-fd-oper:system-monitoring/cpu-utilization,spine2,,,0/0/CPU0,5,5,5

2020-02-06 18:55:09.553000+00:00,Cisco-IOS-XR-wdsysmon-fd-oper:system-monitoring/cpu-utilization,spine2,,,0/RP0/CPU0,5,5,5

2020-02-06 18:55:10.020000+00:00,Cisco-IOS-XR-wdsysmon-fd-oper:system-monitoring/cpu-utilization,spine2,,,0/0/CPU0,5,5,5

2020-02-06 18:55:13.647000+00:00,Cisco-IOS-XR-wdsysmon-fd-oper:system-monitoring/cpu-utilization,spine2,,,0/RP0/CPU0,5,5,5

2020-02-06 18:55:14.112000+00:00,Cisco-IOS-XR-wdsysmon-fd-oper:system-monitoring/cpu-utilization,spine2,,,0/0/CPU0,5,5,5

2020-02-06 18:55:19.554000+00:00,Cisco-IOS-XR-wdsysmon-fd-oper:system-monitoring/cpu-utilization,spine2,,,0/RP0/CPU0,5,5,5

2020-02-06 18:55:20.019000+00:00,Cisco-IOS-XR-wdsysmon-fd-oper:system-monitoring/cpu-utilization,spine2,,,0/0/CPU0,5,5,5

2020-02-06 18:55:23.649000+00:00,Cisco-IOS-XR-wdsysmon-fd-oper:system-monitoring/cpu-utilization,spine2,,,0/RP0/CPU0,5,5,5

2020-02-06 18:55:24.106000+00:00,Cisco-IOS-XR-wdsysmon-fd-oper:system-monitoring/cpu-utilization,spine2,,,0/0/CPU0,5,5,5

2020-02-06 18:55:29.575000+00:00,Cisco-IOS-XR-wdsysmon-fd-oper:system-monitoring/cpu-utilization,spine2,,,0/RP0/CPU0,5,5,5

2020-02-06 18:55:30.033000+00:00,Cisco-IOS-XR-wdsysmon-fd-oper:system-monitoring/cpu-utilization,spine2,,,0/0/CPU0,5,5,5

2020-02-06 18:55:33.644000+00:00,Cisco-IOS-XR-wdsysmon-fd-oper:system-monitoring/cpu-utilization,spine2,,,0/RP0/CPU0,5,5,5

2020-02-06 18:55:34.102000+00:00,Cisco-IOS-XR-wdsysmon-fd-oper:system-monitoring/cpu-utilization,spine2,,,0/0/CPU0,5,5,5

2020-02-06 18:55:39.550000+00:00,Cisco-IOS-XR-wdsysmon-fd-oper:system-monitoring/cpu-utilization,spine2,,,0/RP0/CPU0,5,5,5

2020-02-06 18:55:40.007000+00:00,Cisco-IOS-XR-wdsysmon-fd-oper:system-monitoring/cpu-utilization,spine2,,,0/0/CPU0,5,5,5

2020-02-06 18:55:43.646000+00:00,Cisco-IOS-XR-wdsysmon-fd-oper:system-monitoring/cpu-utilization,spine2,,,0/RP0/CPU0,5,5,5

2020-02-06 18:55:44.103000+00:00,Cisco-IOS-XR-wdsysmon-fd-oper:system-monitoring/cpu-utilization,spine2,,,0/0/CPU0,5,5,5

2020-02-06 18:55:49.549000+00:00,Cisco-IOS-XR-wdsysmon-fd-oper:system-monitoring/cpu-utilization,spine2,,,0/RP0/CPU0,5,5,5

2020-02-06 18:55:50.007000+00:00,Cisco-IOS-XR-wdsysmon-fd-oper:system-monitoring/cpu-utilization,spine2,,,0/0/CPU0,5,5,5

2020-02-06 18:55:53.646000+00:00,Cisco-IOS-XR-wdsysmon-fd-oper:system-monitoring/cpu-utilization,spine2,,,0/RP0/CPU0,5,5,5

2020-02-06 18:55:54.104000+00:00,Cisco-IOS-XR-wdsysmon-fd-oper:system-monitoring/cpu-utilization,spine2,,,0/0/CPU0,5,5,5

2020-02-06 18:55:59.544000+00:00,Cisco-IOS-XR-wdsysmon-fd-oper:system-monitoring/cpu-utilization,spine2,,,0/RP0/CPU0,5,5,5

2020-02-06 18:56:00.001000+00:00,Cisco-IOS-XR-wdsysmon-fd-oper:system-monitoring/cpu-utilization,spine2,,,0/0/CPU0,5,5,5

2020-02-06 18:56:03.648000+00:00,Cisco-IOS-XR-wdsysmon-fd-oper:system-monitoring/cpu-utilization,spine2,,,0/RP0/CPU0,5,5,5

2020-02-06 18:56:04.105000+00:00,Cisco-IOS-XR-wdsysmon-fd-oper:system-monitoring/cpu-utilization,spine2,,,0/0/CPU0,5,5,5

2020-02-06 18:56:09.588000+00:00,Cisco-IOS-XR-wdsysmon-fd-oper:system-monitoring/cpu-utilization,spine2,,,0/RP0/CPU0,5,5,5

2020-02-06 18:56:10.046000+00:00,Cisco-IOS-XR-wdsysmon-fd-oper:system-monitoring/cpu-utilization,spine2,,,0/0/CPU0,5,5,5

2020-02-06 18:56:13.644000+00:00,Cisco-IOS-XR-wdsysmon-fd-oper:system-monitoring/cpu-utilization,spine2,,,0/RP0/CPU0,5,5,5

2020-02-06 18:56:14.104000+00:00,Cisco-IOS-XR-wdsysmon-fd-oper:system-monitoring/cpu-utilization,spine2,,,0/0/CPU0,5,5,5

2020-02-06 18:56:19.537000+00:00,Cisco-IOS-XR-wdsysmon-fd-oper:system-monitoring/cpu-utilization,spine2,,,0/RP0/CPU0,5,5,5

2020-02-06 18:56:19.994000+00:00,Cisco-IOS-XR-wdsysmon-fd-oper:system-monitoring/cpu-utilization,spine2,,,0/0/CPU0,5,5,5

2020-02-06 18:56:23.651000+00:00,Cisco-IOS-XR-wdsysmon-fd-oper:system-monitoring/cpu-utilization,spine2,,,0/RP0/CPU0,5,5,5

2020-02-06 18:56:24.108000+00:00,Cisco-IOS-XR-wdsysmon-fd-oper:system-monitoring/cpu-utilization,spine2,,,0/0/CPU0,5,5,5

2020-02-06 18:56:29.535000+00:00,Cisco-IOS-XR-wdsysmon-fd-oper:system-monitoring/cpu-utilization,spine2,,,0/RP0/CPU0,5,5,5

2020-02-06 18:56:29.993000+00:00,Cisco-IOS-XR-wdsysmon-fd-oper:system-monitoring/cpu-utilization,spine2,,,0/0/CPU0,5,5,5

2020-02-06 18:56:33.645000+00:00,Cisco-IOS-XR-wdsysmon-fd-oper:system-monitoring/cpu-utilization,spine2,,,0/RP0/CPU0,5,5,5

2020-02-06 18:56:34.103000+00:00,Cisco-IOS-XR-wdsysmon-fd-oper:system-monitoring/cpu-utilization,spine2,,,0/0/CPU0,5,5,5

2020-02-06 18:56:39.550000+00:00,Cisco-IOS-XR-wdsysmon-fd-oper:system-monitoring/cpu-utilization,spine2,,,0/RP0/CPU0,5,5,5

2020-02-06 18:56:40.007000+00:00,Cisco-IOS-XR-wdsysmon-fd-oper:system-monitoring/cpu-utilization,spine2,,,0/0/CPU0,5,5,5

2020-02-06 18:56:43.643000+00:00,Cisco-IOS-XR-wdsysmon-fd-oper:system-monitoring/cpu-utilization,spine2,,,0/RP0/CPU0,5,5,5

2020-02-06 18:56:44.100000+00:00,Cisco-IOS-XR-wdsysmon-fd-oper:system-monitoring/cpu-utilization,spine2,,,0/0/CPU0,5,5,5

2020-02-06 18:56:49.667000+00:00,Cisco-IOS-XR-wdsysmon-fd-oper:system-monitoring/cpu-utilization,spine2,,,0/RP0/CPU0,5,5,5

2020-02-06 18:56:50.125000+00:00,Cisco-IOS-XR-wdsysmon-fd-oper:system-monitoring/cpu-utilization,spine2,,,0/0/CPU0,5,5,5

2020-02-06 18:56:53.648000+00:00,Cisco-IOS-XR-wdsysmon-fd-oper:system-monitoring/cpu-utilization,spine2,,,0/RP0/CPU0,5,5,5

2020-02-06 18:56:54.106000+00:00,Cisco-IOS-XR-wdsysmon-fd-oper:system-monitoring/cpu-utilization,spine2,,,0/0/CPU0,5,5,5

2020-02-06 18:56:59.549000+00:00,Cisco-IOS-XR-wdsysmon-fd-oper:system-monitoring/cpu-utilization,spine2,,,0/RP0/CPU0,5,5,5

2020-02-06 18:57:00.009000+00:00,Cisco-IOS-XR-wdsysmon-fd-oper:system-monitoring/cpu-utilization,spine2,,,0/0/CPU0,5,5,5

2020-02-06 18:57:03.655000+00:00,Cisco-IOS-XR-wdsysmon-fd-oper:system-monitoring/cpu-utilization,spine2,,,0/RP0/CPU0,5,5,5

2020-02-06 18:57:04.120000+00:00,Cisco-IOS-XR-wdsysmon-fd-oper:system-monitoring/cpu-utilization,spine2,,,0/0/CPU0,5,5,5

2020-02-06 18:57:09.540000+00:00,Cisco-IOS-XR-wdsysmon-fd-oper:system-monitoring/cpu-utilization,spine2,,,0/RP0/CPU0,5,5,5

2020-02-06 18:57:10.005000+00:00,Cisco-IOS-XR-wdsysmon-fd-oper:system-monitoring/cpu-utilization,spine2,,,0/0/CPU0,5,5,5

2020-02-06 18:57:13.649000+00:00,Cisco-IOS-XR-wdsysmon-fd-oper:system-monitoring/cpu-utilization,spine2,,,0/RP0/CPU0,5,5,5

2020-02-06 18:57:14.114000+00:00,Cisco-IOS-XR-wdsysmon-fd-oper:system-monitoring/cpu-utilization,spine2,,,0/0/CPU0,5,5,5

2020-02-06 18:57:19.552000+00:00,Cisco-IOS-XR-wdsysmon-fd-oper:system-monitoring/cpu-utilization,spine2,,,0/RP0/CPU0,5,5,5

2020-02-06 18:57:20.015000+00:00,Cisco-IOS-XR-wdsysmon-fd-oper:system-monitoring/cpu-utilization,spine2,,,0/0/CPU0,5,5,5

2020-02-06 18:57:23.645000+00:00,Cisco-IOS-XR-wdsysmon-fd-oper:system-monitoring/cpu-utilization,spine2,,,0/RP0/CPU0,5,5,5

2020-02-06 18:57:24.109000+00:00,Cisco-IOS-XR-wdsysmon-fd-oper:system-monitoring/cpu-utilization,spine2,,,0/0/CPU0,5,5,5

2020-02-06 18:57:29.554000+00:00,Cisco-IOS-XR-wdsysmon-fd-oper:system-monitoring/cpu-utilization,spine2,,,0/RP0/CPU0,5,5,5

2020-02-06 18:57:30.018000+00:00,Cisco-IOS-XR-wdsysmon-fd-oper:system-monitoring/cpu-utilization,spine2,,,0/0/CPU0,5,5,5

2020-02-06 18:57:33.656000+00:00,Cisco-IOS-XR-wdsysmon-fd-oper:system-monitoring/cpu-utilization,spine2,,,0/RP0/CPU0,5,5,5

2020-02-06 18:57:34.120000+00:00,Cisco-IOS-XR-wdsysmon-fd-oper:system-monitoring/cpu-utilization,spine2,,,0/0/CPU0,5,5,5

2020-02-06 18:57:39.553000+00:00,Cisco-IOS-XR-wdsysmon-fd-oper:system-monitoring/cpu-utilization,spine2,,,0/RP0/CPU0,5,5,5

2020-02-06 18:57:40.017000+00:00,Cisco-IOS-XR-wdsysmon-fd-oper:system-monitoring/cpu-utilization,spine2,,,0/0/CPU0,5,5,5

2020-02-06 18:57:43.653000+00:00,Cisco-IOS-XR-wdsysmon-fd-oper:system-monitoring/cpu-utilization,spine2,,,0/RP0/CPU0,5,5,5

2020-02-06 18:57:45.177000+00:00,Cisco-IOS-XR-wdsysmon-fd-oper:system-monitoring/cpu-utilization,spine2,,,0/0/CPU0,5,5,5

2020-02-06 18:57:50.517000+00:00,Cisco-IOS-XR-wdsysmon-fd-oper:system-monitoring/cpu-utilization,spine2,,,0/RP0/CPU0,5,5,5

2020-02-06 18:57:50.982000+00:00,Cisco-IOS-XR-wdsysmon-fd-oper:system-monitoring/cpu-utilization,spine2,,,0/0/CPU0,5,5,5

2020-02-06 18:57:53.650000+00:00,Cisco-IOS-XR-wdsysmon-fd-oper:system-monitoring/cpu-utilization,spine2,,,0/RP0/CPU0,5,5,5

2020-02-06 18:57:54.115000+00:00,Cisco-IOS-XR-wdsysmon-fd-oper:system-monitoring/cpu-utilization,spine2,,,0/0/CPU0,5,5,5

2020-02-06 18:57:59.600000+00:00,Cisco-IOS-XR-wdsysmon-fd-oper:system-monitoring/cpu-utilization,spine2,,,0/RP0/CPU0,5,5,5

2020-02-06 18:58:00.066000+00:00,Cisco-IOS-XR-wdsysmon-fd-oper:system-monitoring/cpu-utilization,spine2,,,0/0/CPU0,5,5,5

2020-02-06 18:58:03.647000+00:00,Cisco-IOS-XR-wdsysmon-fd-oper:system-monitoring/cpu-utilization,spine2,,,0/RP0/CPU0,5,5,5

2020-02-06 18:58:04.112000+00:00,Cisco-IOS-XR-wdsysmon-fd-oper:system-monitoring/cpu-utilization,spine2,,,0/0/CPU0,5,5,5

2020-02-06 18:58:09.545000+00:00,Cisco-IOS-XR-wdsysmon-fd-oper:system-monitoring/cpu-utilization,spine2,,,0/RP0/CPU0,5,5,5

2020-02-06 18:58:10.014000+00:00,Cisco-IOS-XR-wdsysmon-fd-oper:system-monitoring/cpu-utilization,spine2,,,0/0/CPU0,5,5,5

2020-02-06 18:58:13.650000+00:00,Cisco-IOS-XR-wdsysmon-fd-oper:system-monitoring/cpu-utilization,spine2,,,0/RP0/CPU0,5,5,5

2020-02-06 18:58:14.116000+00:00,Cisco-IOS-XR-wdsysmon-fd-oper:system-monitoring/cpu-utilization,spine2,,,0/0/CPU0,5,5,5

2020-02-06 18:58:19.532000+00:00,Cisco-IOS-XR-wdsysmon-fd-oper:system-monitoring/cpu-utilization,spine2,,,0/RP0/CPU0,5,5,5

2020-02-06 18:58:19.991000+00:00,Cisco-IOS-XR-wdsysmon-fd-oper:system-monitoring/cpu-utilization,spine2,,,0/0/CPU0,5,5,5

2020-02-06 18:58:23.650000+00:00,Cisco-IOS-XR-wdsysmon-fd-oper:system-monitoring/cpu-utilization,spine2,,,0/RP0/CPU0,5,5,5

2020-02-06 18:58:24.112000+00:00,Cisco-IOS-XR-wdsysmon-fd-oper:system-monitoring/cpu-utilization,spine2,,,0/0/CPU0,5,5,5

2020-02-06 18:58:29.543000+00:00,Cisco-IOS-XR-wdsysmon-fd-oper:system-monitoring/cpu-utilization,spine2,,,0/RP0/CPU0,5,5,5

2020-02-06 18:58:30.005000+00:00,Cisco-IOS-XR-wdsysmon-fd-oper:system-monitoring/cpu-utilization,spine2,,,0/0/CPU0,5,5,5

2020-02-06 18:58:33.656000+00:00,Cisco-IOS-XR-wdsysmon-fd-oper:system-monitoring/cpu-utilization,spine2,,,0/RP0/CPU0,5,5,5

2020-02-06 18:58:34.118000+00:00,Cisco-IOS-XR-wdsysmon-fd-oper:system-monitoring/cpu-utilization,spine2,,,0/0/CPU0,5,5,5

2020-02-06 18:58:39.542000+00:00,Cisco-IOS-XR-wdsysmon-fd-oper:system-monitoring/cpu-utilization,spine2,,,0/RP0/CPU0,5,5,5

2020-02-06 18:58:40.004000+00:00,Cisco-IOS-XR-wdsysmon-fd-oper:system-monitoring/cpu-utilization,spine2,,,0/0/CPU0,5,5,5

2020-02-06 18:58:43.651000+00:00,Cisco-IOS-XR-wdsysmon-fd-oper:system-monitoring/cpu-utilization,spine2,,,0/RP0/CPU0,5,5,5

2020-02-06 18:58:44.112000+00:00,Cisco-IOS-XR-wdsysmon-fd-oper:system-monitoring/cpu-utilization,spine2,,,0/0/CPU0,5,5,5

2020-02-06 18:58:49.568000+00:00,Cisco-IOS-XR-wdsysmon-fd-oper:system-monitoring/cpu-utilization,spine2,,,0/RP0/CPU0,5,5,5

2020-02-06 18:58:50.031000+00:00,Cisco-IOS-XR-wdsysmon-fd-oper:system-monitoring/cpu-utilization,spine2,,,0/0/CPU0,5,5,5

2020-02-06 18:58:53.654000+00:00,Cisco-IOS-XR-wdsysmon-fd-oper:system-monitoring/cpu-utilization,spine2,,,0/RP0/CPU0,5,5,5

2020-02-06 18:58:54.117000+00:00,Cisco-IOS-XR-wdsysmon-fd-oper:system-monitoring/cpu-utilization,spine2,,,0/0/CPU0,5,5,5

2020-02-06 18:58:59.546000+00:00,Cisco-IOS-XR-wdsysmon-fd-oper:system-monitoring/cpu-utilization,spine2,,,0/RP0/CPU0,5,5,5

2020-02-06 18:59:00.007000+00:00,Cisco-IOS-XR-wdsysmon-fd-oper:system-monitoring/cpu-utilization,spine2,,,0/0/CPU0,5,5,5

2020-02-06 18:59:03.645000+00:00,Cisco-IOS-XR-wdsysmon-fd-oper:system-monitoring/cpu-utilization,spine2,,,0/RP0/CPU0,5,5,5

2020-02-06 18:59:04.107000+00:00,Cisco-IOS-XR-wdsysmon-fd-oper:system-monitoring/cpu-utilization,spine2,,,0/0/CPU0,5,5,5

2020-02-06 18:59:09.553000+00:00,Cisco-IOS-XR-wdsysmon-fd-oper:system-monitoring/cpu-utilization,spine2,,,0/RP0/CPU0,5,5,5

2020-02-06 18:59:10.014000+00:00,Cisco-IOS-XR-wdsysmon-fd-oper:system-monitoring/cpu-utilization,spine2,,,0/0/CPU0,5,5,5

2020-02-06 18:59:13.645000+00:00,Cisco-IOS-XR-wdsysmon-fd-oper:system-monitoring/cpu-utilization,spine2,,,0/RP0/CPU0,5,5,5

2020-02-06 18:59:14.106000+00:00,Cisco-IOS-XR-wdsysmon-fd-oper:system-monitoring/cpu-utilization,spine2,,,0/0/CPU0,5,5,5

2020-02-06 18:59:19.554000+00:00,Cisco-IOS-XR-wdsysmon-fd-oper:system-monitoring/cpu-utilization,spine2,,,0/RP0/CPU0,5,5,5

2020-02-06 18:59:20.014000+00:00,Cisco-IOS-XR-wdsysmon-fd-oper:system-monitoring/cpu-utilization,spine2,,,0/0/CPU0,5,5,5

2020-02-06 18:59:23.652000+00:00,Cisco-IOS-XR-wdsysmon-fd-oper:system-monitoring/cpu-utilization,spine2,,,0/RP0/CPU0,5,5,5

2020-02-06 18:59:24.114000+00:00,Cisco-IOS-XR-wdsysmon-fd-oper:system-monitoring/cpu-utilization,spine2,,,0/0/CPU0,5,5,5

2020-02-06 18:59:29.540000+00:00,Cisco-IOS-XR-wdsysmon-fd-oper:system-monitoring/cpu-utilization,spine2,,,0/RP0/CPU0,5,5,5

2020-02-06 18:59:30.001000+00:00,Cisco-IOS-XR-wdsysmon-fd-oper:system-monitoring/cpu-utilization,spine2,,,0/0/CPU0,5,5,5

2020-02-06 18:59:33.649000+00:00,Cisco-IOS-XR-wdsysmon-fd-oper:system-monitoring/cpu-utilization,spine2,,,0/RP0/CPU0,5,5,5

2020-02-06 18:59:34.110000+00:00,Cisco-IOS-XR-wdsysmon-fd-oper:system-monitoring/cpu-utilization,spine2,,,0/0/CPU0,5,5,5

2020-02-06 18:59:39.557000+00:00,Cisco-IOS-XR-wdsysmon-fd-oper:system-monitoring/cpu-utilization,spine2,,,0/RP0/CPU0,5,5,5

2020-02-06 18:59:40.018000+00:00,Cisco-IOS-XR-wdsysmon-fd-oper:system-monitoring/cpu-utilization,spine2,,,0/0/CPU0,5,5,5

2020-02-06 18:59:43.651000+00:00,Cisco-IOS-XR-wdsysmon-fd-oper:system-monitoring/cpu-utilization,spine2,,,0/RP0/CPU0,5,5,5

2020-02-06 18:59:44.113000+00:00,Cisco-IOS-XR-wdsysmon-fd-oper:system-monitoring/cpu-utilization,spine2,,,0/0/CPU0,5,5,5

2020-02-06 18:59:49.576000+00:00,Cisco-IOS-XR-wdsysmon-fd-oper:system-monitoring/cpu-utilization,spine2,,,0/RP0/CPU0,5,5,5

2020-02-06 18:59:50.037000+00:00,Cisco-IOS-XR-wdsysmon-fd-oper:system-monitoring/cpu-utilization,spine2,,,0/0/CPU0,5,5,5

2020-02-06 18:59:53.650000+00:00,Cisco-IOS-XR-wdsysmon-fd-oper:system-monitoring/cpu-utilization,spine2,,,0/RP0/CPU0,5,5,5

2020-02-06 18:59:54.112000+00:00,Cisco-IOS-XR-wdsysmon-fd-oper:system-monitoring/cpu-utilization,spine2,,,0/0/CPU0,5,5,5

2020-02-06 18:59:59.542000+00:00,Cisco-IOS-XR-wdsysmon-fd-oper:system-monitoring/cpu-utilization,spine2,,,0/RP0/CPU0,5,5,5

2020-02-06 19:00:00.004000+00:00,Cisco-IOS-XR-wdsysmon-fd-oper:system-monitoring/cpu-utilization,spine2,,,0/0/CPU0,5,5,5

2020-02-06 19:00:03.656000+00:00,Cisco-IOS-XR-wdsysmon-fd-oper:system-monitoring/cpu-utilization,spine2,,,0/RP0/CPU0,5,5,5

2020-02-06 19:00:04.118000+00:00,Cisco-IOS-XR-wdsysmon-fd-oper:system-monitoring/cpu-utilization,spine2,,,0/0/CPU0,5,5,5

2020-02-06 19:00:09.555000+00:00,Cisco-IOS-XR-wdsysmon-fd-oper:system-monitoring/cpu-utilization,spine2,,,0/RP0/CPU0,5,5,5

2020-02-06 19:00:10.017000+00:00,Cisco-IOS-XR-wdsysmon-fd-oper:system-monitoring/cpu-utilization,spine2,,,0/0/CPU0,5,5,5

2020-02-06 19:00:13.649000+00:00,Cisco-IOS-XR-wdsysmon-fd-oper:system-monitoring/cpu-utilization,spine2,,,0/RP0/CPU0,5,5,5

2020-02-06 19:00:14.111000+00:00,Cisco-IOS-XR-wdsysmon-fd-oper:system-monitoring/cpu-utilization,spine2,,,0/0/CPU0,5,5,5

2020-02-06 19:00:19.555000+00:00,Cisco-IOS-XR-wdsysmon-fd-oper:system-monitoring/cpu-utilization,spine2,,,0/RP0/CPU0,5,5,5

2020-02-06 19:00:20.017000+00:00,Cisco-IOS-XR-wdsysmon-fd-oper:system-monitoring/cpu-utilization,spine2,,,0/0/CPU0,5,5,5

2020-02-06 19:00:23.648000+00:00,Cisco-IOS-XR-wdsysmon-fd-oper:system-monitoring/cpu-utilization,spine2,,,0/RP0/CPU0,5,5,5

2020-02-06 19:00:24.110000+00:00,Cisco-IOS-XR-wdsysmon-fd-oper:system-monitoring/cpu-utilization,spine2,,,0/0/CPU0,5,5,5

2020-02-06 19:00:29.543000+00:00,Cisco-IOS-XR-wdsysmon-fd-oper:system-monitoring/cpu-utilization,spine2,,,0/RP0/CPU0,5,5,5

2020-02-06 19:00:30.004000+00:00,Cisco-IOS-XR-wdsysmon-fd-oper:system-monitoring/cpu-utilization,spine2,,,0/0/CPU0,5,5,5

2020-02-06 19:00:33.656000+00:00,Cisco-IOS-XR-wdsysmon-fd-oper:system-monitoring/cpu-utilization,spine2,,,0/RP0/CPU0,5,5,5

2020-02-06 19:00:34.118000+00:00,Cisco-IOS-XR-wdsysmon-fd-oper:system-monitoring/cpu-utilization,spine2,,,0/0/CPU0,5,5,5

2020-02-06 19:00:39.582000+00:00,Cisco-IOS-XR-wdsysmon-fd-oper:system-monitoring/cpu-utilization,spine2,,,0/RP0/CPU0,5,5,5

2020-02-06 19:00:40.043000+00:00,Cisco-IOS-XR-wdsysmon-fd-oper:system-monitoring/cpu-utilization,spine2,,,0/0/CPU0,5,5,5

2020-02-06 19:00:43.651000+00:00,Cisco-IOS-XR-wdsysmon-fd-oper:system-monitoring/cpu-utilization,spine2,,,0/RP0/CPU0,5,5,5

2020-02-06 19:00:44.112000+00:00,Cisco-IOS-XR-wdsysmon-fd-oper:system-monitoring/cpu-utilization,spine2,,,0/0/CPU0,5,5,5

2020-02-06 19:00:49.561000+00:00,Cisco-IOS-XR-wdsysmon-fd-oper:system-monitoring/cpu-utilization,spine2,,,0/RP0/CPU0,5,5,5

2020-02-06 19:00:50.023000+00:00,Cisco-IOS-XR-wdsysmon-fd-oper:system-monitoring/cpu-utilization,spine2,,,0/0/CPU0,5,5,5

2020-02-06 19:00:53.649000+00:00,Cisco-IOS-XR-wdsysmon-fd-oper:system-monitoring/cpu-utilization,spine2,,,0/RP0/CPU0,5,5,5

2020-02-06 19:00:54.112000+00:00,Cisco-IOS-XR-wdsysmon-fd-oper:system-monitoring/cpu-utilization,spine2,,,0/0/CPU0,5,5,5

2020-02-06 19:00:59.554000+00:00,Cisco-IOS-XR-wdsysmon-fd-oper:system-monitoring/cpu-utilization,spine2,,,0/RP0/CPU0,5,5,5

2020-02-06 19:01:00.016000+00:00,Cisco-IOS-XR-wdsysmon-fd-oper:system-monitoring/cpu-utilization,spine2,,,0/0/CPU0,5,5,5

2020-02-06 19:01:03.649000+00:00,Cisco-IOS-XR-wdsysmon-fd-oper:system-monitoring/cpu-utilization,spine2,,,0/RP0/CPU0,5,5,5

2020-02-06 19:01:04.114000+00:00,Cisco-IOS-XR-wdsysmon-fd-oper:system-monitoring/cpu-utilization,spine2,,,0/0/CPU0,5,5,5

2020-02-06 19:01:09.546000+00:00,Cisco-IOS-XR-wdsysmon-fd-oper:system-monitoring/cpu-utilization,spine2,,,0/RP0/CPU0,5,5,5

2020-02-06 19:01:10.011000+00:00,Cisco-IOS-XR-wdsysmon-fd-oper:system-monitoring/cpu-utilization,spine2,,,0/0/CPU0,5,5,5

2020-02-06 19:01:13.651000+00:00,Cisco-IOS-XR-wdsysmon-fd-oper:system-monitoring/cpu-utilization,spine2,,,0/RP0/CPU0,5,5,5

2020-02-06 19:01:14.116000+00:00,Cisco-IOS-XR-wdsysmon-fd-oper:system-monitoring/cpu-utilization,spine2,,,0/0/CPU0,5,5,5

2020-02-06 19:01:19.546000+00:00,Cisco-IOS-XR-wdsysmon-fd-oper:system-monitoring/cpu-utilization,spine2,,,0/RP0/CPU0,5,5,5

2020-02-06 19:01:20.011000+00:00,Cisco-IOS-XR-wdsysmon-fd-oper:system-monitoring/cpu-utilization,spine2,,,0/0/CPU0,5,5,5

2020-02-06 19:01:23.652000+00:00,Cisco-IOS-XR-wdsysmon-fd-oper:system-monitoring/cpu-utilization,spine2,,,0/RP0/CPU0,5,5,5

2020-02-06 19:01:24.117000+00:00,Cisco-IOS-XR-wdsysmon-fd-oper:system-monitoring/cpu-utilization,spine2,,,0/0/CPU0,5,5,5

2020-02-06 19:01:29.543000+00:00,Cisco-IOS-XR-wdsysmon-fd-oper:system-monitoring/cpu-utilization,spine2,,,0/RP0/CPU0,5,5,5

2020-02-06 19:01:30.008000+00:00,Cisco-IOS-XR-wdsysmon-fd-oper:system-monitoring/cpu-utilization,spine2,,,0/0/CPU0,5,5,5

2020-02-06 19:01:33.654000+00:00,Cisco-IOS-XR-wdsysmon-fd-oper:system-monitoring/cpu-utilization,spine2,,,0/RP0/CPU0,5,5,5

2020-02-06 19:01:34.119000+00:00,Cisco-IOS-XR-wdsysmon-fd-oper:system-monitoring/cpu-utilization,spine2,,,0/0/CPU0,5,5,5

2020-02-06 19:01:39.592000+00:00,Cisco-IOS-XR-wdsysmon-fd-oper:system-monitoring/cpu-utilization,spine2,,,0/RP0/CPU0,5,5,5

2020-02-06 19:01:40.057000+00:00,Cisco-IOS-XR-wdsysmon-fd-oper:system-monitoring/cpu-utilization,spine2,,,0/0/CPU0,5,5,5

2020-02-06 19:01:43.653000+00:00,Cisco-IOS-XR-wdsysmon-fd-oper:system-monitoring/cpu-utilization,spine2,,,0/RP0/CPU0,5,5,5

2020-02-06 19:01:44.117000+00:00,Cisco-IOS-XR-wdsysmon-fd-oper:system-monitoring/cpu-utilization,spine2,,,0/0/CPU0,5,5,5

2020-02-06 19:01:49.574000+00:00,Cisco-IOS-XR-wdsysmon-fd-oper:system-monitoring/cpu-utilization,spine2,,,0/RP0/CPU0,5,5,5

2020-02-06 19:01:50.913000+00:00,Cisco-IOS-XR-wdsysmon-fd-oper:system-monitoring/cpu-utilization,spine2,,,0/0/CPU0,5,5,5

2020-02-06 19:01:54.466000+00:00,Cisco-IOS-XR-wdsysmon-fd-oper:system-monitoring/cpu-utilization,spine2,,,0/RP0/CPU0,5,5,5

2020-02-06 19:01:54.931000+00:00,Cisco-IOS-XR-wdsysmon-fd-oper:system-monitoring/cpu-utilization,spine2,,,0/0/CPU0,5,5,5

2020-02-06 19:01:59.543000+00:00,Cisco-IOS-XR-wdsysmon-fd-oper:system-monitoring/cpu-utilization,spine2,,,0/RP0/CPU0,5,5,5

2020-02-06 19:02:00.008000+00:00,Cisco-IOS-XR-wdsysmon-fd-oper:system-monitoring/cpu-utilization,spine2,,,0/0/CPU0,5,5,5

2020-02-06 19:02:03.652000+00:00,Cisco-IOS-XR-wdsysmon-fd-oper:system-monitoring/cpu-utilization,spine2,,,0/RP0/CPU0,5,5,5

2020-02-06 19:02:04.117000+00:00,Cisco-IOS-XR-wdsysmon-fd-oper:system-monitoring/cpu-utilization,spine2,,,0/0/CPU0,5,5,5

2020-02-06 19:02:09.545000+00:00,Cisco-IOS-XR-wdsysmon-fd-oper:system-monitoring/cpu-utilization,spine2,,,0/RP0/CPU0,5,5,5

2020-02-06 19:02:10.010000+00:00,Cisco-IOS-XR-wdsysmon-fd-oper:system-monitoring/cpu-utilization,spine2,,,0/0/CPU0,5,5,5

2020-02-06 19:02:13.655000+00:00,Cisco-IOS-XR-wdsysmon-fd-oper:system-monitoring/cpu-utilization,spine2,,,0/RP0/CPU0,5,5,5

2020-02-06 19:02:14.120000+00:00,Cisco-IOS-XR-wdsysmon-fd-oper:system-monitoring/cpu-utilization,spine2,,,0/0/CPU0,5,5,5

2020-02-06 19:02:19.547000+00:00,Cisco-IOS-XR-wdsysmon-fd-oper:system-monitoring/cpu-utilization,spine2,,,0/RP0/CPU0,5,5,5

2020-02-06 19:02:20.009000+00:00,Cisco-IOS-XR-wdsysmon-fd-oper:system-monitoring/cpu-utilization,spine2,,,0/0/CPU0,5,5,5

2020-02-06 19:02:23.653000+00:00,Cisco-IOS-XR-wdsysmon-fd-oper:system-monitoring/cpu-utilization,spine2,,,0/RP0/CPU0,5,5,5

2020-02-06 19:02:24.115000+00:00,Cisco-IOS-XR-wdsysmon-fd-oper:system-monitoring/cpu-utilization,spine2,,,0/0/CPU0,5,5,5

2020-02-06 19:02:29.540000+00:00,Cisco-IOS-XR-wdsysmon-fd-oper:system-monitoring/cpu-utilization,spine2,,,0/RP0/CPU0,5,5,5

2020-02-06 19:02:30.002000+00:00,Cisco-IOS-XR-wdsysmon-fd-oper:system-monitoring/cpu-utilization,spine2,,,0/0/CPU0,5,5,5

2020-02-06 19:02:33.655000+00:00,Cisco-IOS-XR-wdsysmon-fd-oper:system-monitoring/cpu-utilization,spine2,,,0/RP0/CPU0,5,5,5

2020-02-06 19:02:34.118000+00:00,Cisco-IOS-XR-wdsysmon-fd-oper:system-monitoring/cpu-utilization,spine2,,,0/0/CPU0,5,5,5

2020-02-06 19:02:39.531000+00:00,Cisco-IOS-XR-wdsysmon-fd-oper:system-monitoring/cpu-utilization,spine2,,,0/RP0/CPU0,5,5,5

2020-02-06 19:02:39.994000+00:00,Cisco-IOS-XR-wdsysmon-fd-oper:system-monitoring/cpu-utilization,spine2,,,0/0/CPU0,5,5,5

2020-02-06 19:02:43.654000+00:00,Cisco-IOS-XR-wdsysmon-fd-oper:system-monitoring/cpu-utilization,spine2,,,0/RP0/CPU0,5,5,5

2020-02-06 19:02:44.116000+00:00,Cisco-IOS-XR-wdsysmon-fd-oper:system-monitoring/cpu-utilization,spine2,,,0/0/CPU0,5,5,5

2020-02-06 19:02:49.547000+00:00,Cisco-IOS-XR-wdsysmon-fd-oper:system-monitoring/cpu-utilization,spine2,,,0/RP0/CPU0,5,5,5

2020-02-06 19:02:50.010000+00:00,Cisco-IOS-XR-wdsysmon-fd-oper:system-monitoring/cpu-utilization,spine2,,,0/0/CPU0,5,5,5

2020-02-06 19:02:53.653000+00:00,Cisco-IOS-XR-wdsysmon-fd-oper:system-monitoring/cpu-utilization,spine2,,,0/RP0/CPU0,5,5,5

2020-02-06 19:02:54.115000+00:00,Cisco-IOS-XR-wdsysmon-fd-oper:system-monitoring/cpu-utilization,spine2,,,0/0/CPU0,5,5,5

2020-02-06 19:02:59.548000+00:00,Cisco-IOS-XR-wdsysmon-fd-oper:system-monitoring/cpu-utilization,spine2,,,0/RP0/CPU0,5,5,5

2020-02-06 19:03:00.011000+00:00,Cisco-IOS-XR-wdsysmon-fd-oper:system-monitoring/cpu-utilization,spine2,,,0/0/CPU0,5,5,5

2020-02-06 19:03:03.657000+00:00,Cisco-IOS-XR-wdsysmon-fd-oper:system-monitoring/cpu-utilization,spine2,,,0/RP0/CPU0,5,5,5

2020-02-06 19:03:04.120000+00:00,Cisco-IOS-XR-wdsysmon-fd-oper:system-monitoring/cpu-utilization,spine2,,,0/0/CPU0,5,5,5

2020-02-06 19:03:09.557000+00:00,Cisco-IOS-XR-wdsysmon-fd-oper:system-monitoring/cpu-utilization,spine2,,,0/RP0/CPU0,5,5,5

2020-02-06 19:03:10.020000+00:00,Cisco-IOS-XR-wdsysmon-fd-oper:system-monitoring/cpu-utilization,spine2,,,0/0/CPU0,5,5,5

2020-02-06 19:03:13.653000+00:00,Cisco-IOS-XR-wdsysmon-fd-oper:system-monitoring/cpu-utilization,spine2,,,0/RP0/CPU0,5,5,5

2020-02-06 19:03:14.118000+00:00,Cisco-IOS-XR-wdsysmon-fd-oper:system-monitoring/cpu-utilization,spine2,,,0/0/CPU0,5,5,5

2020-02-06 19:03:19.542000+00:00,Cisco-IOS-XR-wdsysmon-fd-oper:system-monitoring/cpu-utilization,spine2,,,0/RP0/CPU0,5,5,5

2020-02-06 19:03:20.007000+00:00,Cisco-IOS-XR-wdsysmon-fd-oper:system-monitoring/cpu-utilization,spine2,,,0/0/CPU0,5,5,5

2020-02-06 19:03:23.664000+00:00,Cisco-IOS-XR-wdsysmon-fd-oper:system-monitoring/cpu-utilization,spine2,,,0/RP0/CPU0,5,5,5

2020-02-06 19:03:24.129000+00:00,Cisco-IOS-XR-wdsysmon-fd-oper:system-monitoring/cpu-utilization,spine2,,,0/0/CPU0,5,5,5

2020-02-06 19:03:29.612000+00:00,Cisco-IOS-XR-wdsysmon-fd-oper:system-monitoring/cpu-utilization,spine2,,,0/RP0/CPU0,5,5,5

2020-02-06 19:03:30.077000+00:00,Cisco-IOS-XR-wdsysmon-fd-oper:system-monitoring/cpu-utilization,spine2,,,0/0/CPU0,5,5,5

2020-02-06 19:03:33.654000+00:00,Cisco-IOS-XR-wdsysmon-fd-oper:system-monitoring/cpu-utilization,spine2,,,0/RP0/CPU0,5,5,5

2020-02-06 19:03:34.119000+00:00,Cisco-IOS-XR-wdsysmon-fd-oper:system-monitoring/cpu-utilization,spine2,,,0/0/CPU0,5,5,5

2020-02-06 19:03:39.542000+00:00,Cisco-IOS-XR-wdsysmon-fd-oper:system-monitoring/cpu-utilization,spine2,,,0/RP0/CPU0,5,5,5

2020-02-06 19:03:40.006000+00:00,Cisco-IOS-XR-wdsysmon-fd-oper:system-monitoring/cpu-utilization,spine2,,,0/0/CPU0,5,5,5

2020-02-06 19:03:43.665000+00:00,Cisco-IOS-XR-wdsysmon-fd-oper:system-monitoring/cpu-utilization,spine2,,,0/RP0/CPU0,5,5,5

2020-02-06 19:03:44.129000+00:00,Cisco-IOS-XR-wdsysmon-fd-oper:system-monitoring/cpu-utilization,spine2,,,0/0/CPU0,5,5,5

2020-02-06 19:03:49.543000+00:00,Cisco-IOS-XR-wdsysmon-fd-oper:system-monitoring/cpu-utilization,spine2,,,0/RP0/CPU0,5,5,5

2020-02-06 19:03:50.007000+00:00,Cisco-IOS-XR-wdsysmon-fd-oper:system-monitoring/cpu-utilization,spine2,,,0/0/CPU0,5,5,5

2020-02-06 19:03:53.653000+00:00,Cisco-IOS-XR-wdsysmon-fd-oper:system-monitoring/cpu-utilization,spine2,,,0/RP0/CPU0,5,5,5

2020-02-06 19:03:54.118000+00:00,Cisco-IOS-XR-wdsysmon-fd-oper:system-monitoring/cpu-utilization,spine2,,,0/0/CPU0,5,5,5

2020-02-06 19:03:59.623000+00:00,Cisco-IOS-XR-wdsysmon-fd-oper:system-monitoring/cpu-utilization,spine2,,,0/RP0/CPU0,5,5,5

2020-02-06 19:04:00.089000+00:00,Cisco-IOS-XR-wdsysmon-fd-oper:system-monitoring/cpu-utilization,spine2,,,0/0/CPU0,5,5,5

2020-02-06 19:04:03.662000+00:00,Cisco-IOS-XR-wdsysmon-fd-oper:system-monitoring/cpu-utilization,spine2,,,0/RP0/CPU0,5,5,5

2020-02-06 19:04:04.127000+00:00,Cisco-IOS-XR-wdsysmon-fd-oper:system-monitoring/cpu-utilization,spine2,,,0/0/CPU0,5,5,5

2020-02-06 19:04:09.526000+00:00,Cisco-IOS-XR-wdsysmon-fd-oper:system-monitoring/cpu-utilization,spine2,,,0/RP0/CPU0,5,5,5

2020-02-06 19:04:09.991000+00:00,Cisco-IOS-XR-wdsysmon-fd-oper:system-monitoring/cpu-utilization,spine2,,,0/0/CPU0,5,5,5

2020-02-06 19:04:13.658000+00:00,Cisco-IOS-XR-wdsysmon-fd-oper:system-monitoring/cpu-utilization,spine2,,,0/RP0/CPU0,5,5,5

2020-02-06 19:04:14.123000+00:00,Cisco-IOS-XR-wdsysmon-fd-oper:system-monitoring/cpu-utilization,spine2,,,0/0/CPU0,5,5,5

2020-02-06 19:04:19.565000+00:00,Cisco-IOS-XR-wdsysmon-fd-oper:system-monitoring/cpu-utilization,spine2,,,0/RP0/CPU0,5,5,5

2020-02-06 19:04:20.030000+00:00,Cisco-IOS-XR-wdsysmon-fd-oper:system-monitoring/cpu-utilization,spine2,,,0/0/CPU0,5,5,5

2020-02-06 19:04:23.661000+00:00,Cisco-IOS-XR-wdsysmon-fd-oper:system-monitoring/cpu-utilization,spine2,,,0/RP0/CPU0,5,5,5

2020-02-06 19:04:24.127000+00:00,Cisco-IOS-XR-wdsysmon-fd-oper:system-monitoring/cpu-utilization,spine2,,,0/0/CPU0,5,5,5

2020-02-06 19:04:29.543000+00:00,Cisco-IOS-XR-wdsysmon-fd-oper:system-monitoring/cpu-utilization,spine2,,,0/RP0/CPU0,5,5,5

2020-02-06 19:04:30.003000+00:00,Cisco-IOS-XR-wdsysmon-fd-oper:system-monitoring/cpu-utilization,spine2,,,0/0/CPU0,5,5,5

2020-02-06 19:04:33.663000+00:00,Cisco-IOS-XR-wdsysmon-fd-oper:system-monitoring/cpu-utilization,spine2,,,0/RP0/CPU0,5,5,5

2020-02-06 19:04:34.124000+00:00,Cisco-IOS-XR-wdsysmon-fd-oper:system-monitoring/cpu-utilization,spine2,,,0/0/CPU0,5,5,5

2020-02-06 19:04:39.561000+00:00,Cisco-IOS-XR-wdsysmon-fd-oper:system-monitoring/cpu-utilization,spine2,,,0/RP0/CPU0,5,5,5

2020-02-06 19:04:40.021000+00:00,Cisco-IOS-XR-wdsysmon-fd-oper:system-monitoring/cpu-utilization,spine2,,,0/0/CPU0,5,5,5

2020-02-06 19:04:43.654000+00:00,Cisco-IOS-XR-wdsysmon-fd-oper:system-monitoring/cpu-utilization,spine2,,,0/RP0/CPU0,5,5,5

2020-02-06 19:04:44.114000+00:00,Cisco-IOS-XR-wdsysmon-fd-oper:system-monitoring/cpu-utilization,spine2,,,0/0/CPU0,5,5,5

2020-02-06 19:04:49.533000+00:00,Cisco-IOS-XR-wdsysmon-fd-oper:system-monitoring/cpu-utilization,spine2,,,0/RP0/CPU0,5,5,5

2020-02-06 19:04:49.999000+00:00,Cisco-IOS-XR-wdsysmon-fd-oper:system-monitoring/cpu-utilization,spine2,,,0/0/CPU0,5,5,5

2020-02-06 19:04:53.667000+00:00,Cisco-IOS-XR-wdsysmon-fd-oper:system-monitoring/cpu-utilization,spine2,,,0/RP0/CPU0,5,5,5

2020-02-06 19:04:55.218000+00:00,Cisco-IOS-XR-wdsysmon-fd-oper:system-monitoring/cpu-utilization,spine2,,,0/0/CPU0,5,5,5

2020-02-06 19:04:59.577000+00:00,Cisco-IOS-XR-wdsysmon-fd-oper:system-monitoring/cpu-utilization,spine2,,,0/RP0/CPU0,5,5,5

2020-02-06 19:05:00.035000+00:00,Cisco-IOS-XR-wdsysmon-fd-oper:system-monitoring/cpu-utilization,spine2,,,0/0/CPU0,5,5,5

2020-02-06 19:05:03.663000+00:00,Cisco-IOS-XR-wdsysmon-fd-oper:system-monitoring/cpu-utilization,spine2,,,0/RP0/CPU0,5,5,5

2020-02-06 19:05:04.122000+00:00,Cisco-IOS-XR-wdsysmon-fd-oper:system-monitoring/cpu-utilization,spine2,,,0/0/CPU0,5,5,5

2020-02-06 19:05:09.557000+00:00,Cisco-IOS-XR-wdsysmon-fd-oper:system-monitoring/cpu-utilization,spine2,,,0/RP0/CPU0,5,5,5

2020-02-06 19:05:10.015000+00:00,Cisco-IOS-XR-wdsysmon-fd-oper:system-monitoring/cpu-utilization,spine2,,,0/0/CPU0,5,5,5

2020-02-06 19:05:13.658000+00:00,Cisco-IOS-XR-wdsysmon-fd-oper:system-monitoring/cpu-utilization,spine2,,,0/RP0/CPU0,5,5,5

2020-02-06 19:05:14.119000+00:00,Cisco-IOS-XR-wdsysmon-fd-oper:system-monitoring/cpu-utilization,spine2,,,0/0/CPU0,5,5,5

2020-02-06 19:05:19.591000+00:00,Cisco-IOS-XR-wdsysmon-fd-oper:system-monitoring/cpu-utilization,spine2,,,0/RP0/CPU0,5,5,5

2020-02-06 19:05:20.056000+00:00,Cisco-IOS-XR-wdsysmon-fd-oper:system-monitoring/cpu-utilization,spine2,,,0/0/CPU0,5,5,5

2020-02-06 19:05:23.654000+00:00,Cisco-IOS-XR-wdsysmon-fd-oper:system-monitoring/cpu-utilization,spine2,,,0/RP0/CPU0,5,5,5

2020-02-06 19:05:24.119000+00:00,Cisco-IOS-XR-wdsysmon-fd-oper:system-monitoring/cpu-utilization,spine2,,,0/0/CPU0,5,5,5

2020-02-06 19:05:29.542000+00:00,Cisco-IOS-XR-wdsysmon-fd-oper:system-monitoring/cpu-utilization,spine2,,,0/RP0/CPU0,5,5,5

2020-02-06 19:05:30.006000+00:00,Cisco-IOS-XR-wdsysmon-fd-oper:system-monitoring/cpu-utilization,spine2,,,0/0/CPU0,5,5,5

2020-02-06 19:05:33.662000+00:00,Cisco-IOS-XR-wdsysmon-fd-oper:system-monitoring/cpu-utilization,spine2,,,0/RP0/CPU0,5,5,5

2020-02-06 19:05:34.126000+00:00,Cisco-IOS-XR-wdsysmon-fd-oper:system-monitoring/cpu-utilization,spine2,,,0/0/CPU0,5,5,5

2020-02-06 19:05:39.527000+00:00,Cisco-IOS-XR-wdsysmon-fd-oper:system-monitoring/cpu-utilization,spine2,,,0/RP0/CPU0,5,5,5

2020-02-06 19:05:39.993000+00:00,Cisco-IOS-XR-wdsysmon-fd-oper:system-monitoring/cpu-utilization,spine2,,,0/0/CPU0,5,5,5

2020-02-06 19:05:43.657000+00:00,Cisco-IOS-XR-wdsysmon-fd-oper:system-monitoring/cpu-utilization,spine2,,,0/RP0/CPU0,5,5,5

2020-02-06 19:05:44.122000+00:00,Cisco-IOS-XR-wdsysmon-fd-oper:system-monitoring/cpu-utilization,spine2,,,0/0/CPU0,5,5,5

2020-02-06 19:05:49.538000+00:00,Cisco-IOS-XR-wdsysmon-fd-oper:system-monitoring/cpu-utilization,spine2,,,0/RP0/CPU0,5,5,5

2020-02-06 19:05:50.003000+00:00,Cisco-IOS-XR-wdsysmon-fd-oper:system-monitoring/cpu-utilization,spine2,,,0/0/CPU0,5,5,5

2020-02-06 19:05:53.661000+00:00,Cisco-IOS-XR-wdsysmon-fd-oper:system-monitoring/cpu-utilization,spine2,,,0/RP0/CPU0,5,5,5

2020-02-06 19:05:54.119000+00:00,Cisco-IOS-XR-wdsysmon-fd-oper:system-monitoring/cpu-utilization,spine2,,,0/0/CPU0,5,5,5

2020-02-06 19:05:59.533000+00:00,Cisco-IOS-XR-wdsysmon-fd-oper:system-monitoring/cpu-utilization,spine2,,,0/RP0/CPU0,5,5,5

2020-02-06 19:05:59.996000+00:00,Cisco-IOS-XR-wdsysmon-fd-oper:system-monitoring/cpu-utilization,spine2,,,0/0/CPU0,5,5,5

2020-02-06 19:06:03.663000+00:00,Cisco-IOS-XR-wdsysmon-fd-oper:system-monitoring/cpu-utilization,spine2,,,0/RP0/CPU0,5,5,5

2020-02-06 19:06:04.129000+00:00,Cisco-IOS-XR-wdsysmon-fd-oper:system-monitoring/cpu-utilization,spine2,,,0/0/CPU0,5,5,5

2020-02-06 19:06:09.549000+00:00,Cisco-IOS-XR-wdsysmon-fd-oper:system-monitoring/cpu-utilization,spine2,,,0/RP0/CPU0,5,5,5

2020-02-06 19:06:10.011000+00:00,Cisco-IOS-XR-wdsysmon-fd-oper:system-monitoring/cpu-utilization,spine2,,,0/0/CPU0,5,5,5

2020-02-06 19:06:13.664000+00:00,Cisco-IOS-XR-wdsysmon-fd-oper:system-monitoring/cpu-utilization,spine2,,,0/RP0/CPU0,5,5,5

2020-02-06 19:06:14.127000+00:00,Cisco-IOS-XR-wdsysmon-fd-oper:system-monitoring/cpu-utilization,spine2,,,0/0/CPU0,5,5,5

2020-02-06 19:06:19.539000+00:00,Cisco-IOS-XR-wdsysmon-fd-oper:system-monitoring/cpu-utilization,spine2,,,0/RP0/CPU0,5,5,5

2020-02-06 19:06:20.002000+00:00,Cisco-IOS-XR-wdsysmon-fd-oper:system-monitoring/cpu-utilization,spine2,,,0/0/CPU0,5,5,5

2020-02-06 19:06:23.661000+00:00,Cisco-IOS-XR-wdsysmon-fd-oper:system-monitoring/cpu-utilization,spine2,,,0/RP0/CPU0,5,5,5

2020-02-06 19:06:24.126000+00:00,Cisco-IOS-XR-wdsysmon-fd-oper:system-monitoring/cpu-utilization,spine2,,,0/0/CPU0,5,5,5

2020-02-06 19:06:29.564000+00:00,Cisco-IOS-XR-wdsysmon-fd-oper:system-monitoring/cpu-utilization,spine2,,,0/RP0/CPU0,5,5,5

2020-02-06 19:06:30.029000+00:00,Cisco-IOS-XR-wdsysmon-fd-oper:system-monitoring/cpu-utilization,spine2,,,0/0/CPU0,5,5,5

2020-02-06 19:06:33.657000+00:00,Cisco-IOS-XR-wdsysmon-fd-oper:system-monitoring/cpu-utilization,spine2,,,0/RP0/CPU0,5,5,5

2020-02-06 19:06:34.122000+00:00,Cisco-IOS-XR-wdsysmon-fd-oper:system-monitoring/cpu-utilization,spine2,,,0/0/CPU0,5,5,5

2020-02-06 19:06:39.549000+00:00,Cisco-IOS-XR-wdsysmon-fd-oper:system-monitoring/cpu-utilization,spine2,,,0/RP0/CPU0,5,5,5

2020-02-06 19:06:40.014000+00:00,Cisco-IOS-XR-wdsysmon-fd-oper:system-monitoring/cpu-utilization,spine2,,,0/0/CPU0,5,5,5

2020-02-06 19:06:43.662000+00:00,Cisco-IOS-XR-wdsysmon-fd-oper:system-monitoring/cpu-utilization,spine2,,,0/RP0/CPU0,5,5,5

2020-02-06 19:06:44.127000+00:00,Cisco-IOS-XR-wdsysmon-fd-oper:system-monitoring/cpu-utilization,spine2,,,0/0/CPU0,5,5,5

2020-02-06 19:06:49.533000+00:00,Cisco-IOS-XR-wdsysmon-fd-oper:system-monitoring/cpu-utilization,spine2,,,0/RP0/CPU0,5,5,5

2020-02-06 19:06:49.998000+00:00,Cisco-IOS-XR-wdsysmon-fd-oper:system-monitoring/cpu-utilization,spine2,,,0/0/CPU0,5,5,5

2020-02-06 19:06:53.658000+00:00,Cisco-IOS-XR-wdsysmon-fd-oper:system-monitoring/cpu-utilization,spine2,,,0/RP0/CPU0,5,5,5

2020-02-06 19:06:54.124000+00:00,Cisco-IOS-XR-wdsysmon-fd-oper:system-monitoring/cpu-utilization,spine2,,,0/0/CPU0,5,5,5

2020-02-06 19:06:59.602000+00:00,Cisco-IOS-XR-wdsysmon-fd-oper:system-monitoring/cpu-utilization,spine2,,,0/RP0/CPU0,5,5,5

2020-02-06 19:07:00.067000+00:00,Cisco-IOS-XR-wdsysmon-fd-oper:system-monitoring/cpu-utilization,spine2,,,0/0/CPU0,5,5,5

2020-02-06 19:07:03.666000+00:00,Cisco-IOS-XR-wdsysmon-fd-oper:system-monitoring/cpu-utilization,spine2,,,0/RP0/CPU0,5,5,5

2020-02-06 19:07:04.132000+00:00,Cisco-IOS-XR-wdsysmon-fd-oper:system-monitoring/cpu-utilization,spine2,,,0/0/CPU0,5,5,5

2020-02-06 19:07:09.571000+00:00,Cisco-IOS-XR-wdsysmon-fd-oper:system-monitoring/cpu-utilization,spine2,,,0/RP0/CPU0,5,5,5

2020-02-06 19:07:10.037000+00:00,Cisco-IOS-XR-wdsysmon-fd-oper:system-monitoring/cpu-utilization,spine2,,,0/0/CPU0,5,5,5

2020-02-06 19:07:13.660000+00:00,Cisco-IOS-XR-wdsysmon-fd-oper:system-monitoring/cpu-utilization,spine2,,,0/RP0/CPU0,5,5,5

2020-02-06 19:07:14.125000+00:00,Cisco-IOS-XR-wdsysmon-fd-oper:system-monitoring/cpu-utilization,spine2,,,0/0/CPU0,5,5,5

2020-02-06 19:07:19.546000+00:00,Cisco-IOS-XR-wdsysmon-fd-oper:system-monitoring/cpu-utilization,spine2,,,0/RP0/CPU0,5,5,5

2020-02-06 19:07:20.011000+00:00,Cisco-IOS-XR-wdsysmon-fd-oper:system-monitoring/cpu-utilization,spine2,,,0/0/CPU0,5,5,5

2020-02-06 19:07:23.666000+00:00,Cisco-IOS-XR-wdsysmon-fd-oper:system-monitoring/cpu-utilization,spine2,,,0/RP0/CPU0,5,5,5

2020-02-06 19:07:24.132000+00:00,Cisco-IOS-XR-wdsysmon-fd-oper:system-monitoring/cpu-utilization,spine2,,,0/0/CPU0,5,5,5

2020-02-06 19:07:29.552000+00:00,Cisco-IOS-XR-wdsysmon-fd-oper:system-monitoring/cpu-utilization,spine2,,,0/RP0/CPU0,5,5,5

2020-02-06 19:07:30.018000+00:00,Cisco-IOS-XR-wdsysmon-fd-oper:system-monitoring/cpu-utilization,spine2,,,0/0/CPU0,5,5,5

2020-02-06 19:07:33.661000+00:00,Cisco-IOS-XR-wdsysmon-fd-oper:system-monitoring/cpu-utilization,spine2,,,0/RP0/CPU0,5,5,5

2020-02-06 19:07:34.126000+00:00,Cisco-IOS-XR-wdsysmon-fd-oper:system-monitoring/cpu-utilization,spine2,,,0/0/CPU0,5,5,5

2020-02-06 19:07:39.546000+00:00,Cisco-IOS-XR-wdsysmon-fd-oper:system-monitoring/cpu-utilization,spine2,,,0/RP0/CPU0,5,5,5

2020-02-06 19:07:40.011000+00:00,Cisco-IOS-XR-wdsysmon-fd-oper:system-monitoring/cpu-utilization,spine2,,,0/0/CPU0,5,5,5

2020-02-06 19:07:43.667000+00:00,Cisco-IOS-XR-wdsysmon-fd-oper:system-monitoring/cpu-utilization,spine2,,,0/RP0/CPU0,5,5,5

2020-02-06 19:07:44.132000+00:00,Cisco-IOS-XR-wdsysmon-fd-oper:system-monitoring/cpu-utilization,spine2,,,0/0/CPU0,5,5,5

2020-02-06 19:07:49.538000+00:00,Cisco-IOS-XR-wdsysmon-fd-oper:system-monitoring/cpu-utilization,spine2,,,0/RP0/CPU0,5,5,5

2020-02-06 19:07:50.003000+00:00,Cisco-IOS-XR-wdsysmon-fd-oper:system-monitoring/cpu-utilization,spine2,,,0/0/CPU0,5,5,5

2020-02-06 19:07:53.664000+00:00,Cisco-IOS-XR-wdsysmon-fd-oper:system-monitoring/cpu-utilization,spine2,,,0/RP0/CPU0,5,5,5

2020-02-06 19:07:54.129000+00:00,Cisco-IOS-XR-wdsysmon-fd-oper:system-monitoring/cpu-utilization,spine2,,,0/0/CPU0,5,5,5

2020-02-06 19:08:00.422000+00:00,Cisco-IOS-XR-wdsysmon-fd-oper:system-monitoring/cpu-utilization,spine2,,,0/RP0/CPU0,5,5,5

2020-02-06 19:08:00.882000+00:00,Cisco-IOS-XR-wdsysmon-fd-oper:system-monitoring/cpu-utilization,spine2,,,0/0/CPU0,5,5,5

2020-02-06 19:08:03.668000+00:00,Cisco-IOS-XR-wdsysmon-fd-oper:system-monitoring/cpu-utilization,spine2,,,0/RP0/CPU0,5,5,5

2020-02-06 19:08:04.127000+00:00,Cisco-IOS-XR-wdsysmon-fd-oper:system-monitoring/cpu-utilization,spine2,,,0/0/CPU0,5,5,5

2020-02-06 19:08:09.531000+00:00,Cisco-IOS-XR-wdsysmon-fd-oper:system-monitoring/cpu-utilization,spine2,,,0/RP0/CPU0,5,5,5

2020-02-06 19:08:09.990000+00:00,Cisco-IOS-XR-wdsysmon-fd-oper:system-monitoring/cpu-utilization,spine2,,,0/0/CPU0,5,5,5

