{"constants":[{"column":"n0:Cisco-IOS-XR-nto-misc-oper:memory-summary_nodes_node_summary.csv:0/0/CPU0:Producer","type":"constant","value":"dr03"},{"column":"n0:Cisco-IOS-XR-nto-misc-oper:memory-summary_nodes_node_summary.csv:0/0/CPU0:Target","type":"constant","value":"testsub"},{"column":"n0:Cisco-IOS-XR-nto-misc-oper:memory-summary_nodes_node_summary.csv:0/0/CPU0:boot-ram-size","type":"constant","value":0},{"column":"n0:Cisco-IOS-XR-nto-misc-oper:memory-summary_nodes_node_summary.csv:0/0/CPU0:flash-system","type":"constant","value":0},{"column":"n0:Cisco-IOS-XR-nto-misc-oper:memory-summary_nodes_node_summary.csv:0/0/CPU0:host","type":"constant","value":"obt-collector1"},{"column":"n0:Cisco-IOS-XR-nto-misc-oper:memory-summary_nodes_node_summary.csv:0/0/CPU0:image-memory","type":"constant","value":4194304},{"column":"n0:Cisco-IOS-XR-nto-misc-oper:memory-summary_nodes_node_summary.csv:0/0/CPU0:io-memory","type":"constant","value":0},{"column":"n0:Cisco-IOS-XR-nto-misc-oper:memory-summary_nodes_node_summary.csv:0/0/CPU0:page-size","type":"constant","value":4096},{"column":"n0:Cisco-IOS-XR-nto-misc-oper:memory-summary_nodes_node_summary.csv:0/0/CPU0:ram-memory","type":"constant","value":14165213184},{"column":"n0:Cisco-IOS-XR-nto-misc-oper:memory-summary_nodes_node_summary.csv:0/0/CPU0:reserved-memory","type":"constant","value":0},{"column":"n0:Cisco-IOS-XR-nto-misc-oper:memory-summary_nodes_node_summary.csv:0/0/CPU0:system-ram-memory","type":"constant","value":14165213184},{"column":"n0:Cisco-IOS-XR-nto-misc-oper:memory-summary_nodes_node_summary.csv:0/1/CPU0:Producer","type":"constant","value":"dr03"},{"column":"n0:Cisco-IOS-XR-nto-misc-oper:memory-summary_nodes_node_summary.csv:0/1/CPU0:Target","type":"constant","value":"testsub"},{"column":"n0:Cisco-IOS-XR-nto-misc-oper:memory-summary_nodes_node_summary.csv:0/1/CPU0:boot-ram-size","type":"constant","value":0},{"column":"n0:Cisco-IOS-XR-nto-misc-oper:memory-summary_nodes_node_summary.csv:0/1/CPU0:flash-system","type":"constant","value":0},{"column":"n0:Cisco-IOS-XR-nto-misc-oper:memory-summary_nodes_node_summary.csv:0/1/CPU0:host","type":"constant","value":"obt-collector1"},{"column":"n0:Cisco-IOS-XR-nto-misc-oper:memory-summary_nodes_node_summary.csv:0/1/CPU0:image-memory","type":"constant","value":4194304},{"column":"n0:Cisco-IOS-XR-nto-misc-oper:memory-summary_nodes_node_summary.csv:0/1/CPU0:io-memory","type":"constant","value":0},{"column":"n0:Cisco-IOS-XR-nto-misc-oper:memory-summary_nodes_node_summary.csv:0/1/CPU0:page-size","type":"constant","value":4096},{"column":"n0:Cisco-IOS-XR-nto-misc-oper:memory-summary_nodes_node_summary.csv:0/1/CPU0:ram-memory","type":"constant","value":14165213184},{"column":"n0:Cisco-IOS-XR-nto-misc-oper:memory-summary_nodes_node_summary.csv:0/1/CPU0:reserved-memory","type":"constant","value":0},{"column":"n0:Cisco-IOS-XR-nto-misc-oper:memory-summary_nodes_node_summary.csv:0/1/CPU0:system-ram-memory","type":"constant","value":14165213184},{"column":"n0:Cisco-IOS-XR-nto-misc-oper:memory-summary_nodes_node_summary.csv:0/RP0/CPU0:Producer","type":"constant","value":"dr03"},{"column":"n0:Cisco-IOS-XR-nto-misc-oper:memory-summary_nodes_node_summary.csv:0/RP0/CPU0:Target","type":"constant","value":"testsub"},{"column":"n0:Cisco-IOS-XR-nto-misc-oper:memory-summary_nodes_node_summary.csv:0/RP0/CPU0:boot-ram-size","type":"constant","value":0},{"column":"n0:Cisco-IOS-XR-nto-misc-oper:memory-summary_nodes_node_summary.csv:0/RP0/CPU0:flash-system","type":"constant","value":0},{"column":"n0:Cisco-IOS-XR-nto-misc-oper:memory-summary_nodes_node_summary.csv:0/RP0/CPU0:host","type":"constant","value":"obt-collector1"},{"column":"n0:Cisco-IOS-XR-nto-misc-oper:memory-summary_nodes_node_summary.csv:0/RP0/CPU0:image-memory","type":"constant","value":4194304},{"column":"n0:Cisco-IOS-XR-nto-misc-oper:memory-summary_nodes_node_summary.csv:0/RP0/CPU0:io-memory","type":"constant","value":0},{"column":"n0:Cisco-IOS-XR-nto-misc-oper:memory-summary_nodes_node_summary.csv:0/RP0/CPU0:page-size","type":"constant","value":4096},{"column":"n0:Cisco-IOS-XR-nto-misc-oper:memory-summary_nodes_node_summary.csv:0/RP0/CPU0:ram-memory","type":"constant","value":19473104896},{"column":"n0:Cisco-IOS-XR-nto-misc-oper:memory-summary_nodes_node_summary.csv:0/RP0/CPU0:reserved-memory","type":"constant","value":0},{"column":"n0:Cisco-IOS-XR-nto-misc-oper:memory-summary_nodes_node_summary.csv:0/RP0/CPU0:system-ram-memory","type":"constant","value":19473104896},{"column":"n1:Cisco-IOS-XR-wdsysmon-fd-oper:system-monitoring_cpu-utilization.csv:0/RP0/CPU0:29506:sleep:Producer","type":"constant","value":"dr03"},{"column":"n1:Cisco-IOS-XR-wdsysmon-fd-oper:system-monitoring_cpu-utilization.csv:0/RP0/CPU0:29506:sleep:Target","type":"constant","value":"testsub"},{"column":"n1:Cisco-IOS-XR-wdsysmon-fd-oper:system-monitoring_cpu-utilization.csv:0/RP0/CPU0:29506:sleep:host","type":"constant","value":"obt-collector1"},{"column":"n1:Cisco-IOS-XR-wdsysmon-fd-oper:system-monitoring_cpu-utilization.csv:0/RP0/CPU0:29506:sleep:process-cpu/process-cpu-fifteen-minute","type":"constant","value":0},{"column":"n1:Cisco-IOS-XR-wdsysmon-fd-oper:system-monitoring_cpu-utilization.csv:0/RP0/CPU0:29506:sleep:process-cpu/process-cpu-five-minute","type":"constant","value":0},{"column":"n1:Cisco-IOS-XR-wdsysmon-fd-oper:system-monitoring_cpu-utilization.csv:0/RP0/CPU0:29506:sleep:process-cpu/process-cpu-one-minute","type":"constant","value":0},{"column":"n1:Cisco-IOS-XR-wdsysmon-fd-oper:system-monitoring_cpu-utilization.csv:0/RP0/CPU0:29506:sleep:total-cpu-fifteen-minute","type":"constant","value":1},{"column":"n1:Cisco-IOS-XR-wdsysmon-fd-oper:system-monitoring_cpu-utilization.csv:0/RP0/CPU0:29506:sleep:total-cpu-five-minute","type":"constant","value":1},{"column":"n1:Cisco-IOS-XR-wdsysmon-fd-oper:system-monitoring_cpu-utilization.csv:0/RP0/CPU0:29506:sleep:total-cpu-one-minute","type":"constant","value":1},{"column":"n1:Cisco-IOS-XR-wdsysmon-fd-oper:system-monitoring_cpu-utilization.csv:0/0/CPU0:29807:udp:Producer","type":"constant","value":"dr03"},{"column":"n1:Cisco-IOS-XR-wdsysmon-fd-oper:system-monitoring_cpu-utilization.csv:0/0/CPU0:29807:udp:Target","type":"constant","value":"testsub"},{"column":"n1:Cisco-IOS-XR-wdsysmon-fd-oper:system-monitoring_cpu-utilization.csv:0/0/CPU0:29807:udp:host","type":"constant","value":"obt-collector1"},{"column":"n1:Cisco-IOS-XR-wdsysmon-fd-oper:system-monitoring_cpu-utilization.csv:0/0/CPU0:29807:udp:process-cpu/process-cpu-fifteen-minute","type":"constant","value":0},{"column":"n1:Cisco-IOS-XR-wdsysmon-fd-oper:system-monitoring_cpu-utilization.csv:0/0/CPU0:29807:udp:process-cpu/process-cpu-five-minute","type":"constant","value":0},{"column":"n1:Cisco-IOS-XR-wdsysmon-fd-oper:system-monitoring_cpu-utilization.csv:0/0/CPU0:29807:udp:process-cpu/process-cpu-one-minute","type":"constant","value":0},{"column":"n1:Cisco-IOS-XR-wdsysmon-fd-oper:system-monitoring_cpu-utilization.csv:0/0/CPU0:29807:udp:total-cpu-fifteen-minute","type":"constant","value":1},{"column":"n1:Cisco-IOS-XR-wdsysmon-fd-oper:system-monitoring_cpu-utilization.csv:0/0/CPU0:29807:udp:total-cpu-five-minute","type":"constant","value":1},{"column":"n1:Cisco-IOS-XR-wdsysmon-fd-oper:system-monitoring_cpu-utilization.csv:0/1/CPU0:14733:udp:Producer","type":"constant","value":"dr03"},{"column":"n1:Cisco-IOS-XR-wdsysmon-fd-oper:system-monitoring_cpu-utilization.csv:0/1/CPU0:14733:udp:Target","type":"constant","value":"testsub"},{"column":"n1:Cisco-IOS-XR-wdsysmon-fd-oper:system-monitoring_cpu-utilization.csv:0/1/CPU0:14733:udp:host","type":"constant","value":"obt-collector1"},{"column":"n1:Cisco-IOS-XR-wdsysmon-fd-oper:system-monitoring_cpu-utilization.csv:0/1/CPU0:14733:udp:process-cpu/process-cpu-fifteen-minute","type":"constant","value":0},{"column":"n1:Cisco-IOS-XR-wdsysmon-fd-oper:system-monitoring_cpu-utilization.csv:0/1/CPU0:14733:udp:process-cpu/process-cpu-five-minute","type":"constant","value":0},{"column":"n1:Cisco-IOS-XR-wdsysmon-fd-oper:system-monitoring_cpu-utilization.csv:0/1/CPU0:14733:udp:process-cpu/process-cpu-one-minute","type":"constant","value":0},{"column":"n1:Cisco-IOS-XR-wdsysmon-fd-oper:system-monitoring_cpu-utilization.csv:0/1/CPU0:14733:udp:total-cpu-fifteen-minute","type":"constant","value":1},{"column":"n1:Cisco-IOS-XR-wdsysmon-fd-oper:system-monitoring_cpu-utilization.csv:0/1/CPU0:14733:udp:total-cpu-five-minute","type":"constant","value":1},{"column":"n1:Cisco-IOS-XR-wdsysmon-fd-oper:system-monitoring_cpu-utilization.csv:0/RP0/CPU0:29514:sleep:Producer","type":"constant","value":"dr03"},{"column":"n1:Cisco-IOS-XR-wdsysmon-fd-oper:system-monitoring_cpu-utilization.csv:0/RP0/CPU0:29514:sleep:Target","type":"constant","value":"testsub"},{"column":"n1:Cisco-IOS-XR-wdsysmon-fd-oper:system-monitoring_cpu-utilization.csv:0/RP0/CPU0:29514:sleep:host","type":"constant","value":"obt-collector1"},{"column":"n1:Cisco-IOS-XR-wdsysmon-fd-oper:system-monitoring_cpu-utilization.csv:0/RP0/CPU0:29514:sleep:process-cpu/process-cpu-fifteen-minute","type":"constant","value":0},{"column":"n1:Cisco-IOS-XR-wdsysmon-fd-oper:system-monitoring_cpu-utilization.csv:0/RP0/CPU0:29514:sleep:process-cpu/process-cpu-five-minute","type":"constant","value":0},{"column":"n1:Cisco-IOS-XR-wdsysmon-fd-oper:system-monitoring_cpu-utilization.csv:0/RP0/CPU0:29514:sleep:process-cpu/process-cpu-one-minute","type":"constant","value":0},{"column":"n1:Cisco-IOS-XR-wdsysmon-fd-oper:system-monitoring_cpu-utilization.csv:0/RP0/CPU0:29514:sleep:total-cpu-fifteen-minute","type":"constant","value":1},{"column":"n1:Cisco-IOS-XR-wdsysmon-fd-oper:system-monitoring_cpu-utilization.csv:0/RP0/CPU0:29514:sleep:total-cpu-five-minute","type":"constant","value":1},{"column":"n1:Cisco-IOS-XR-wdsysmon-fd-oper:system-monitoring_cpu-utilization.csv:0/RP0/CPU0:29514:sleep:total-cpu-one-minute","type":"constant","value":1},{"column":"n1:Cisco-IOS-XR-wdsysmon-fd-oper:system-monitoring_cpu-utilization.csv:0/RP0/CPU0:29521:sleep:Producer","type":"constant","value":"dr03"},{"column":"n1:Cisco-IOS-XR-wdsysmon-fd-oper:system-monitoring_cpu-utilization.csv:0/RP0/CPU0:29521:sleep:Target","type":"constant","value":"testsub"},{"column":"n1:Cisco-IOS-XR-wdsysmon-fd-oper:system-monitoring_cpu-utilization.csv:0/RP0/CPU0:29521:sleep:host","type":"constant","value":"obt-collector1"},{"column":"n1:Cisco-IOS-XR-wdsysmon-fd-oper:system-monitoring_cpu-utilization.csv:0/RP0/CPU0:29521:sleep:process-cpu/process-cpu-fifteen-minute","type":"constant","value":0},{"column":"n1:Cisco-IOS-XR-wdsysmon-fd-oper:system-monitoring_cpu-utilization.csv:0/RP0/CPU0:29521:sleep:process-cpu/process-cpu-five-minute","type":"constant","value":0},{"column":"n1:Cisco-IOS-XR-wdsysmon-fd-oper:system-monitoring_cpu-utilization.csv:0/RP0/CPU0:29521:sleep:process-cpu/process-cpu-one-minute","type":"constant","value":0},{"column":"n1:Cisco-IOS-XR-wdsysmon-fd-oper:system-monitoring_cpu-utilization.csv:0/RP0/CPU0:29521:sleep:total-cpu-fifteen-minute","type":"constant","value":1},{"column":"n1:Cisco-IOS-XR-wdsysmon-fd-oper:system-monitoring_cpu-utilization.csv:0/RP0/CPU0:29521:sleep:total-cpu-five-minute","type":"constant","value":1},{"column":"n1:Cisco-IOS-XR-wdsysmon-fd-oper:system-monitoring_cpu-utilization.csv:0/RP0/CPU0:29521:sleep:total-cpu-one-minute","type":"constant","value":1},{"column":"n1:Cisco-IOS-XR-wdsysmon-fd-oper:system-monitoring_cpu-utilization.csv:0/RP0/CPU0:29529:sleep:Producer","type":"constant","value":"dr03"},{"column":"n1:Cisco-IOS-XR-wdsysmon-fd-oper:system-monitoring_cpu-utilization.csv:0/RP0/CPU0:29529:sleep:Target","type":"constant","value":"testsub"},{"column":"n1:Cisco-IOS-XR-wdsysmon-fd-oper:system-monitoring_cpu-utilization.csv:0/RP0/CPU0:29529:sleep:host","type":"constant","value":"obt-collector1"},{"column":"n1:Cisco-IOS-XR-wdsysmon-fd-oper:system-monitoring_cpu-utilization.csv:0/RP0/CPU0:29529:sleep:process-cpu/process-cpu-fifteen-minute","type":"constant","value":0},{"column":"n1:Cisco-IOS-XR-wdsysmon-fd-oper:system-monitoring_cpu-utilization.csv:0/RP0/CPU0:29529:sleep:process-cpu/process-cpu-five-minute","type":"constant","value":0},{"column":"n1:Cisco-IOS-XR-wdsysmon-fd-oper:system-monitoring_cpu-utilization.csv:0/RP0/CPU0:29529:sleep:process-cpu/process-cpu-one-minute","type":"constant","value":0},{"column":"n1:Cisco-IOS-XR-wdsysmon-fd-oper:system-monitoring_cpu-utilization.csv:0/RP0/CPU0:29529:sleep:total-cpu-fifteen-minute","type":"constant","value":1},{"column":"n1:Cisco-IOS-XR-wdsysmon-fd-oper:system-monitoring_cpu-utilization.csv:0/RP0/CPU0:29529:sleep:total-cpu-five-minute","type":"constant","value":1},{"column":"n1:Cisco-IOS-XR-wdsysmon-fd-oper:system-monitoring_cpu-utilization.csv:0/RP0/CPU0:29529:sleep:total-cpu-one-minute","type":"constant","value":1},{"column":"n1:Cisco-IOS-XR-wdsysmon-fd-oper:system-monitoring_cpu-utilization.csv:0/RP0/CPU0:29605:sleep:Producer","type":"constant","value":"dr03"},{"column":"n1:Cisco-IOS-XR-wdsysmon-fd-oper:system-monitoring_cpu-utilization.csv:0/RP0/CPU0:29605:sleep:Target","type":"constant","value":"testsub"},{"column":"n1:Cisco-IOS-XR-wdsysmon-fd-oper:system-monitoring_cpu-utilization.csv:0/RP0/CPU0:29605:sleep:host","type":"constant","value":"obt-collector1"},{"column":"n1:Cisco-IOS-XR-wdsysmon-fd-oper:system-monitoring_cpu-utilization.csv:0/RP0/CPU0:29605:sleep:process-cpu/process-cpu-fifteen-minute","type":"constant","value":0},{"column":"n1:Cisco-IOS-XR-wdsysmon-fd-oper:system-monitoring_cpu-utilization.csv:0/RP0/CPU0:29605:sleep:process-cpu/process-cpu-five-minute","type":"constant","value":0},{"column":"n1:Cisco-IOS-XR-wdsysmon-fd-oper:system-monitoring_cpu-utilization.csv:0/RP0/CPU0:29605:sleep:process-cpu/process-cpu-one-minute","type":"constant","value":0},{"column":"n1:Cisco-IOS-XR-wdsysmon-fd-oper:system-monitoring_cpu-utilization.csv:0/RP0/CPU0:29605:sleep:total-cpu-fifteen-minute","type":"constant","value":1},{"column":"n1:Cisco-IOS-XR-wdsysmon-fd-oper:system-monitoring_cpu-utilization.csv:0/RP0/CPU0:29605:sleep:total-cpu-five-minute","type":"constant","value":1},{"column":"n1:Cisco-IOS-XR-wdsysmon-fd-oper:system-monitoring_cpu-utilization.csv:0/RP0/CPU0:29605:sleep:total-cpu-one-minute","type":"constant","value":2},{"column":"n1:Cisco-IOS-XR-wdsysmon-fd-oper:system-monitoring_cpu-utilization.csv:0/RP0/CPU0:29612:sleep:Producer","type":"constant","value":"dr03"},{"column":"n1:Cisco-IOS-XR-wdsysmon-fd-oper:system-monitoring_cpu-utilization.csv:0/RP0/CPU0:29612:sleep:Target","type":"constant","value":"testsub"},{"column":"n1:Cisco-IOS-XR-wdsysmon-fd-oper:system-monitoring_cpu-utilization.csv:0/RP0/CPU0:29612:sleep:host","type":"constant","value":"obt-collector1"},{"column":"n1:Cisco-IOS-XR-wdsysmon-fd-oper:system-monitoring_cpu-utilization.csv:0/RP0/CPU0:29612:sleep:process-cpu/process-cpu-fifteen-minute","type":"constant","value":0},{"column":"n1:Cisco-IOS-XR-wdsysmon-fd-oper:system-monitoring_cpu-utilization.csv:0/RP0/CPU0:29612:sleep:process-cpu/process-cpu-five-minute","type":"constant","value":0},{"column":"n1:Cisco-IOS-XR-wdsysmon-fd-oper:system-monitoring_cpu-utilization.csv:0/RP0/CPU0:29612:sleep:process-cpu/process-cpu-one-minute","type":"constant","value":0},{"column":"n1:Cisco-IOS-XR-wdsysmon-fd-oper:system-monitoring_cpu-utilization.csv:0/RP0/CPU0:29612:sleep:total-cpu-fifteen-minute","type":"constant","value":1},{"column":"n1:Cisco-IOS-XR-wdsysmon-fd-oper:system-monitoring_cpu-utilization.csv:0/RP0/CPU0:29612:sleep:total-cpu-five-minute","type":"constant","value":1},{"column":"n1:Cisco-IOS-XR-wdsysmon-fd-oper:system-monitoring_cpu-utilization.csv:0/RP0/CPU0:29612:sleep:total-cpu-one-minute","type":"constant","value":1},{"column":"n1:Cisco-IOS-XR-wdsysmon-fd-oper:system-monitoring_cpu-utilization.csv:0/RP0/CPU0:29620:sleep:Producer","type":"constant","value":"dr03"},{"column":"n1:Cisco-IOS-XR-wdsysmon-fd-oper:system-monitoring_cpu-utilization.csv:0/RP0/CPU0:29620:sleep:Target","type":"constant","value":"testsub"},{"column":"n1:Cisco-IOS-XR-wdsysmon-fd-oper:system-monitoring_cpu-utilization.csv:0/RP0/CPU0:29620:sleep:host","type":"constant","value":"obt-collector1"},{"column":"n1:Cisco-IOS-XR-wdsysmon-fd-oper:system-monitoring_cpu-utilization.csv:0/RP0/CPU0:29620:sleep:process-cpu/process-cpu-fifteen-minute","type":"constant","value":0},{"column":"n1:Cisco-IOS-XR-wdsysmon-fd-oper:system-monitoring_cpu-utilization.csv:0/RP0/CPU0:29620:sleep:process-cpu/process-cpu-five-minute","type":"constant","value":0},{"column":"n1:Cisco-IOS-XR-wdsysmon-fd-oper:system-monitoring_cpu-utilization.csv:0/RP0/CPU0:29620:sleep:process-cpu/process-cpu-one-minute","type":"constant","value":0},{"column":"n1:Cisco-IOS-XR-wdsysmon-fd-oper:system-monitoring_cpu-utilization.csv:0/RP0/CPU0:29620:sleep:total-cpu-fifteen-minute","type":"constant","value":1},{"column":"n1:Cisco-IOS-XR-wdsysmon-fd-oper:system-monitoring_cpu-utilization.csv:0/RP0/CPU0:29620:sleep:total-cpu-five-minute","type":"constant","value":1},{"column":"n1:Cisco-IOS-XR-wdsysmon-fd-oper:system-monitoring_cpu-utilization.csv:0/RP0/CPU0:29620:sleep:total-cpu-one-minute","type":"constant","value":1},{"column":"n1:Cisco-IOS-XR-wdsysmon-fd-oper:system-monitoring_cpu-utilization.csv:0/RP0/CPU0:29627:sleep:Producer","type":"constant","value":"dr03"},{"column":"n1:Cisco-IOS-XR-wdsysmon-fd-oper:system-monitoring_cpu-utilization.csv:0/RP0/CPU0:29627:sleep:Target","type":"constant","value":"testsub"},{"column":"n1:Cisco-IOS-XR-wdsysmon-fd-oper:system-monitoring_cpu-utilization.csv:0/RP0/CPU0:29627:sleep:host","type":"constant","value":"obt-collector1"},{"column":"n1:Cisco-IOS-XR-wdsysmon-fd-oper:system-monitoring_cpu-utilization.csv:0/RP0/CPU0:29627:sleep:process-cpu/process-cpu-fifteen-minute","type":"constant","value":0},{"column":"n1:Cisco-IOS-XR-wdsysmon-fd-oper:system-monitoring_cpu-utilization.csv:0/RP0/CPU0:29627:sleep:process-cpu/process-cpu-five-minute","type":"constant","value":0},{"column":"n1:Cisco-IOS-XR-wdsysmon-fd-oper:system-monitoring_cpu-utilization.csv:0/RP0/CPU0:29627:sleep:process-cpu/process-cpu-one-minute","type":"constant","value":0},{"column":"n1:Cisco-IOS-XR-wdsysmon-fd-oper:system-monitoring_cpu-utilization.csv:0/RP0/CPU0:29627:sleep:total-cpu-fifteen-minute","type":"constant","value":1},{"column":"n1:Cisco-IOS-XR-wdsysmon-fd-oper:system-monitoring_cpu-utilization.csv:0/RP0/CPU0:29627:sleep:total-cpu-five-minute","type":"constant","value":1},{"column":"n1:Cisco-IOS-XR-wdsysmon-fd-oper:system-monitoring_cpu-utilization.csv:0/RP0/CPU0:29627:sleep:total-cpu-one-minute","type":"constant","value":1},{"column":"n1:Cisco-IOS-XR-wdsysmon-fd-oper:system-monitoring_cpu-utilization.csv:0/RP0/CPU0:29658:sleep:Producer","type":"constant","value":"dr03"},{"column":"n1:Cisco-IOS-XR-wdsysmon-fd-oper:system-monitoring_cpu-utilization.csv:0/RP0/CPU0:29658:sleep:Target","type":"constant","value":"testsub"},{"column":"n1:Cisco-IOS-XR-wdsysmon-fd-oper:system-monitoring_cpu-utilization.csv:0/RP0/CPU0:29658:sleep:host","type":"constant","value":"obt-collector1"},{"column":"n1:Cisco-IOS-XR-wdsysmon-fd-oper:system-monitoring_cpu-utilization.csv:0/RP0/CPU0:29658:sleep:process-cpu/process-cpu-fifteen-minute","type":"constant","value":0},{"column":"n1:Cisco-IOS-XR-wdsysmon-fd-oper:system-monitoring_cpu-utilization.csv:0/RP0/CPU0:29658:sleep:process-cpu/process-cpu-five-minute","type":"constant","value":0},{"column":"n1:Cisco-IOS-XR-wdsysmon-fd-oper:system-monitoring_cpu-utilization.csv:0/RP0/CPU0:29658:sleep:process-cpu/process-cpu-one-minute","type":"constant","value":0},{"column":"n1:Cisco-IOS-XR-wdsysmon-fd-oper:system-monitoring_cpu-utilization.csv:0/RP0/CPU0:29658:sleep:total-cpu-fifteen-minute","type":"constant","value":1},{"column":"n1:Cisco-IOS-XR-wdsysmon-fd-oper:system-monitoring_cpu-utilization.csv:0/RP0/CPU0:29658:sleep:total-cpu-five-minute","type":"constant","value":1},{"column":"n1:Cisco-IOS-XR-wdsysmon-fd-oper:system-monitoring_cpu-utilization.csv:0/RP0/CPU0:29658:sleep:total-cpu-one-minute","type":"constant","value":1},{"column":"n1:Cisco-IOS-XR-wdsysmon-fd-oper:system-monitoring_cpu-utilization.csv:0/RP0/CPU0:29686:sleep:Producer","type":"constant","value":"dr03"},{"column":"n1:Cisco-IOS-XR-wdsysmon-fd-oper:system-monitoring_cpu-utilization.csv:0/RP0/CPU0:29686:sleep:Target","type":"constant","value":"testsub"},{"column":"n1:Cisco-IOS-XR-wdsysmon-fd-oper:system-monitoring_cpu-utilization.csv:0/RP0/CPU0:29686:sleep:host","type":"constant","value":"obt-collector1"},{"column":"n1:Cisco-IOS-XR-wdsysmon-fd-oper:system-monitoring_cpu-utilization.csv:0/RP0/CPU0:29686:sleep:process-cpu/process-cpu-fifteen-minute","type":"constant","value":0},{"column":"n1:Cisco-IOS-XR-wdsysmon-fd-oper:system-monitoring_cpu-utilization.csv:0/RP0/CPU0:29686:sleep:process-cpu/process-cpu-five-minute","type":"constant","value":0},{"column":"n1:Cisco-IOS-XR-wdsysmon-fd-oper:system-monitoring_cpu-utilization.csv:0/RP0/CPU0:29686:sleep:process-cpu/process-cpu-one-minute","type":"constant","value":0},{"column":"n1:Cisco-IOS-XR-wdsysmon-fd-oper:system-monitoring_cpu-utilization.csv:0/RP0/CPU0:29686:sleep:total-cpu-fifteen-minute","type":"constant","value":1},{"column":"n1:Cisco-IOS-XR-wdsysmon-fd-oper:system-monitoring_cpu-utilization.csv:0/RP0/CPU0:29686:sleep:total-cpu-five-minute","type":"constant","value":1},{"column":"n1:Cisco-IOS-XR-wdsysmon-fd-oper:system-monitoring_cpu-utilization.csv:0/RP0/CPU0:29686:sleep:total-cpu-one-minute","type":"constant","value":1},{"column":"n1:Cisco-IOS-XR-wdsysmon-fd-oper:system-monitoring_cpu-utilization.csv:0/RP0/CPU0:29694:sleep:Producer","type":"constant","value":"dr03"},{"column":"n1:Cisco-IOS-XR-wdsysmon-fd-oper:system-monitoring_cpu-utilization.csv:0/RP0/CPU0:29694:sleep:Target","type":"constant","value":"testsub"},{"column":"n1:Cisco-IOS-XR-wdsysmon-fd-oper:system-monitoring_cpu-utilization.csv:0/RP0/CPU0:29694:sleep:host","type":"constant","value":"obt-collector1"},{"column":"n1:Cisco-IOS-XR-wdsysmon-fd-oper:system-monitoring_cpu-utilization.csv:0/RP0/CPU0:29694:sleep:process-cpu/process-cpu-fifteen-minute","type":"constant","value":0},{"column":"n1:Cisco-IOS-XR-wdsysmon-fd-oper:system-monitoring_cpu-utilization.csv:0/RP0/CPU0:29694:sleep:process-cpu/process-cpu-five-minute","type":"constant","value":0},{"column":"n1:Cisco-IOS-XR-wdsysmon-fd-oper:system-monitoring_cpu-utilization.csv:0/RP0/CPU0:29694:sleep:process-cpu/process-cpu-one-minute","type":"constant","value":0},{"column":"n1:Cisco-IOS-XR-wdsysmon-fd-oper:system-monitoring_cpu-utilization.csv:0/RP0/CPU0:29694:sleep:total-cpu-fifteen-minute","type":"constant","value":1},{"column":"n1:Cisco-IOS-XR-wdsysmon-fd-oper:system-monitoring_cpu-utilization.csv:0/RP0/CPU0:29694:sleep:total-cpu-five-minute","type":"constant","value":1},{"column":"n1:Cisco-IOS-XR-wdsysmon-fd-oper:system-monitoring_cpu-utilization.csv:0/RP0/CPU0:29694:sleep:total-cpu-one-minute","type":"constant","value":1},{"column":"n1:Cisco-IOS-XR-wdsysmon-fd-oper:system-monitoring_cpu-utilization.csv:0/RP0/CPU0:29701:sleep:Producer","type":"constant","value":"dr03"},{"column":"n1:Cisco-IOS-XR-wdsysmon-fd-oper:system-monitoring_cpu-utilization.csv:0/RP0/CPU0:29701:sleep:Target","type":"constant","value":"testsub"},{"column":"n1:Cisco-IOS-XR-wdsysmon-fd-oper:system-monitoring_cpu-utilization.csv:0/RP0/CPU0:29701:sleep:host","type":"constant","value":"obt-collector1"},{"column":"n1:Cisco-IOS-XR-wdsysmon-fd-oper:system-monitoring_cpu-utilization.csv:0/RP0/CPU0:29701:sleep:process-cpu/process-cpu-fifteen-minute","type":"constant","value":0},{"column":"n1:Cisco-IOS-XR-wdsysmon-fd-oper:system-monitoring_cpu-utilization.csv:0/RP0/CPU0:29701:sleep:process-cpu/process-cpu-five-minute","type":"constant","value":0},{"column":"n1:Cisco-IOS-XR-wdsysmon-fd-oper:system-monitoring_cpu-utilization.csv:0/RP0/CPU0:29701:sleep:process-cpu/process-cpu-one-minute","type":"constant","value":0},{"column":"n1:Cisco-IOS-XR-wdsysmon-fd-oper:system-monitoring_cpu-utilization.csv:0/RP0/CPU0:29701:sleep:total-cpu-fifteen-minute","type":"constant","value":1},{"column":"n1:Cisco-IOS-XR-wdsysmon-fd-oper:system-monitoring_cpu-utilization.csv:0/RP0/CPU0:29701:sleep:total-cpu-five-minute","type":"constant","value":1},{"column":"n1:Cisco-IOS-XR-wdsysmon-fd-oper:system-monitoring_cpu-utilization.csv:0/RP0/CPU0:29701:sleep:total-cpu-one-minute","type":"constant","value":1},{"column":"n1:Cisco-IOS-XR-wdsysmon-fd-oper:system-monitoring_cpu-utilization.csv:0/RP0/CPU0:29709:sleep:Producer","type":"constant","value":"dr03"},{"column":"n1:Cisco-IOS-XR-wdsysmon-fd-oper:system-monitoring_cpu-utilization.csv:0/RP0/CPU0:29709:sleep:Target","type":"constant","value":"testsub"},{"column":"n1:Cisco-IOS-XR-wdsysmon-fd-oper:system-monitoring_cpu-utilization.csv:0/RP0/CPU0:29709:sleep:host","type":"constant","value":"obt-collector1"},{"column":"n1:Cisco-IOS-XR-wdsysmon-fd-oper:system-monitoring_cpu-utilization.csv:0/RP0/CPU0:29709:sleep:process-cpu/process-cpu-fifteen-minute","type":"constant","value":0},{"column":"n1:Cisco-IOS-XR-wdsysmon-fd-oper:system-monitoring_cpu-utilization.csv:0/RP0/CPU0:29709:sleep:process-cpu/process-cpu-five-minute","type":"constant","value":0},{"column":"n1:Cisco-IOS-XR-wdsysmon-fd-oper:system-monitoring_cpu-utilization.csv:0/RP0/CPU0:29709:sleep:process-cpu/process-cpu-one-minute","type":"constant","value":0},{"column":"n1:Cisco-IOS-XR-wdsysmon-fd-oper:system-monitoring_cpu-utilization.csv:0/RP0/CPU0:29709:sleep:total-cpu-fifteen-minute","type":"constant","value":1},{"column":"n1:Cisco-IOS-XR-wdsysmon-fd-oper:system-monitoring_cpu-utilization.csv:0/RP0/CPU0:29709:sleep:total-cpu-five-minute","type":"constant","value":1},{"column":"n1:Cisco-IOS-XR-wdsysmon-fd-oper:system-monitoring_cpu-utilization.csv:0/RP0/CPU0:29709:sleep:total-cpu-one-minute","type":"constant","value":1},{"column":"n1:Cisco-IOS-XR-wdsysmon-fd-oper:system-monitoring_cpu-utilization.csv:0/RP0/CPU0:29730:sleep:Producer","type":"constant","value":"dr03"},{"column":"n1:Cisco-IOS-XR-wdsysmon-fd-oper:system-monitoring_cpu-utilization.csv:0/RP0/CPU0:29730:sleep:Target","type":"constant","value":"testsub"},{"column":"n1:Cisco-IOS-XR-wdsysmon-fd-oper:system-monitoring_cpu-utilization.csv:0/RP0/CPU0:29730:sleep:host","type":"constant","value":"obt-collector1"},{"column":"n1:Cisco-IOS-XR-wdsysmon-fd-oper:system-monitoring_cpu-utilization.csv:0/RP0/CPU0:29730:sleep:process-cpu/process-cpu-fifteen-minute","type":"constant","value":0},{"column":"n1:Cisco-IOS-XR-wdsysmon-fd-oper:system-monitoring_cpu-utilization.csv:0/RP0/CPU0:29730:sleep:process-cpu/process-cpu-five-minute","type":"constant","value":0},{"column":"n1:Cisco-IOS-XR-wdsysmon-fd-oper:system-monitoring_cpu-utilization.csv:0/RP0/CPU0:29730:sleep:process-cpu/process-cpu-one-minute","type":"constant","value":0},{"column":"n1:Cisco-IOS-XR-wdsysmon-fd-oper:system-monitoring_cpu-utilization.csv:0/RP0/CPU0:29730:sleep:total-cpu-fifteen-minute","type":"constant","value":1},{"column":"n1:Cisco-IOS-XR-wdsysmon-fd-oper:system-monitoring_cpu-utilization.csv:0/RP0/CPU0:29730:sleep:total-cpu-five-minute","type":"constant","value":1},{"column":"n1:Cisco-IOS-XR-wdsysmon-fd-oper:system-monitoring_cpu-utilization.csv:0/RP0/CPU0:29730:sleep:total-cpu-one-minute","type":"constant","value":1},{"column":"n1:Cisco-IOS-XR-wdsysmon-fd-oper:system-monitoring_cpu-utilization.csv:0/RP0/CPU0:29737:sleep:Producer","type":"constant","value":"dr03"},{"column":"n1:Cisco-IOS-XR-wdsysmon-fd-oper:system-monitoring_cpu-utilization.csv:0/RP0/CPU0:29737:sleep:Target","type":"constant","value":"testsub"},{"column":"n1:Cisco-IOS-XR-wdsysmon-fd-oper:system-monitoring_cpu-utilization.csv:0/RP0/CPU0:29737:sleep:host","type":"constant","value":"obt-collector1"},{"column":"n1:Cisco-IOS-XR-wdsysmon-fd-oper:system-monitoring_cpu-utilization.csv:0/RP0/CPU0:29737:sleep:process-cpu/process-cpu-fifteen-minute","type":"constant","value":0},{"column":"n1:Cisco-IOS-XR-wdsysmon-fd-oper:system-monitoring_cpu-utilization.csv:0/RP0/CPU0:29737:sleep:process-cpu/process-cpu-five-minute","type":"constant","value":0},{"column":"n1:Cisco-IOS-XR-wdsysmon-fd-oper:system-monitoring_cpu-utilization.csv:0/RP0/CPU0:29737:sleep:process-cpu/process-cpu-one-minute","type":"constant","value":0},{"column":"n1:Cisco-IOS-XR-wdsysmon-fd-oper:system-monitoring_cpu-utilization.csv:0/RP0/CPU0:29737:sleep:total-cpu-fifteen-minute","type":"constant","value":1},{"column":"n1:Cisco-IOS-XR-wdsysmon-fd-oper:system-monitoring_cpu-utilization.csv:0/RP0/CPU0:29737:sleep:total-cpu-five-minute","type":"constant","value":1},{"column":"n1:Cisco-IOS-XR-wdsysmon-fd-oper:system-monitoring_cpu-utilization.csv:0/RP0/CPU0:29737:sleep:total-cpu-one-minute","type":"constant","value":1}],"prefix_map":{"n0":"S-200206_1929_evtmix-2/yang_models/dr03/Cisco-IOS-XR-nto-misc-oper:memory-summary_nodes_node_summary.csv","n1":"S-200206_1929_evtmix-2/yang_models/dr03/Cisco-IOS-XR-wdsysmon-fd-oper:system-monitoring_cpu-utilization.csv"}}
