,EncodingPath,Producer,Target,host,interface-counts__admin-down-interface-count,interface-counts__down-interface-count,interface-counts__interface-count,interface-counts__up-interface-count
2020-01-21 08:05:15.219000+00:00,Cisco-IOS-XR-pfi-im-cmd-oper:interfaces/interface-summary,spine1,,,3,0,39,36
2020-01-21 08:05:26.385000+00:00,Cisco-IOS-XR-pfi-im-cmd-oper:interfaces/interface-summary,spine1,,,3,0,39,36
2020-01-21 08:05:37.645000+00:00,Cisco-IOS-XR-pfi-im-cmd-oper:interfaces/interface-summary,spine1,,,3,0,39,36
2020-01-21 08:05:49.018000+00:00,Cisco-IOS-XR-pfi-im-cmd-oper:interfaces/interface-summary,spine1,,,3,0,39,36
2020-01-21 08:06:00.429000+00:00,Cisco-IOS-XR-pfi-im-cmd-oper:interfaces/interface-summary,spine1,,,3,0,39,36
2020-01-21 08:06:11.823000+00:00,Cisco-IOS-XR-pfi-im-cmd-oper:interfaces/interface-summary,spine1,,,3,0,39,36
2020-01-21 08:06:23.225000+00:00,Cisco-IOS-XR-pfi-im-cmd-oper:interfaces/interface-summary,spine1,,,3,0,39,36
2020-01-21 08:06:34.633000+00:00,Cisco-IOS-XR-pfi-im-cmd-oper:interfaces/interface-summary,spine1,,,3,0,39,36
2020-01-21 08:06:46.089000+00:00,Cisco-IOS-XR-pfi-im-cmd-oper:interfaces/interface-summary,spine1,,,3,0,39,36
2020-01-21 08:06:57.491000+00:00,Cisco-IOS-XR-pfi-im-cmd-oper:interfaces/interface-summary,spine1,,,3,0,39,36
2020-01-21 08:07:08.896000+00:00,Cisco-IOS-XR-pfi-im-cmd-oper:interfaces/interface-summary,spine1,,,3,0,39,36
2020-01-21 08:07:20.284000+00:00,Cisco-IOS-XR-pfi-im-cmd-oper:interfaces/interface-summary,spine1,,,3,0,39,36
2020-01-21 08:07:31.761000+00:00,Cisco-IOS-XR-pfi-im-cmd-oper:interfaces/interface-summary,spine1,,,3,0,39,36
2020-01-21 08:07:43.253000+00:00,Cisco-IOS-XR-pfi-im-cmd-oper:interfaces/interface-summary,spine1,,,3,0,39,36
2020-01-21 08:07:54.682000+00:00,Cisco-IOS-XR-pfi-im-cmd-oper:interfaces/interface-summary,spine1,,,3,0,39,36
2020-01-21 08:08:06.107000+00:00,Cisco-IOS-XR-pfi-im-cmd-oper:interfaces/interface-summary,spine1,,,3,0,39,36
2020-01-21 08:08:17.526000+00:00,Cisco-IOS-XR-pfi-im-cmd-oper:interfaces/interface-summary,spine1,,,3,0,39,36
2020-01-21 08:08:28.994000+00:00,Cisco-IOS-XR-pfi-im-cmd-oper:interfaces/interface-summary,spine1,,,3,0,39,36
2020-01-21 08:08:40.472000+00:00,Cisco-IOS-XR-pfi-im-cmd-oper:interfaces/interface-summary,spine1,,,3,0,39,36
2020-01-21 08:08:51.888000+00:00,Cisco-IOS-XR-pfi-im-cmd-oper:interfaces/interface-summary,spine1,,,3,0,39,36
2020-01-21 08:09:03.328000+00:00,Cisco-IOS-XR-pfi-im-cmd-oper:interfaces/interface-summary,spine1,,,3,0,39,36
2020-01-21 08:09:14.767000+00:00,Cisco-IOS-XR-pfi-im-cmd-oper:interfaces/interface-summary,spine1,,,3,0,39,36
2020-01-21 08:09:26.209000+00:00,Cisco-IOS-XR-pfi-im-cmd-oper:interfaces/interface-summary,spine1,,,3,0,39,36
2020-01-21 08:09:37.642000+00:00,Cisco-IOS-XR-pfi-im-cmd-oper:interfaces/interface-summary,spine1,,,3,0,39,36
2020-01-21 08:09:49.064000+00:00,Cisco-IOS-XR-pfi-im-cmd-oper:interfaces/interface-summary,spine1,,,3,0,39,36
2020-01-21 08:10:00.492000+00:00,Cisco-IOS-XR-pfi-im-cmd-oper:interfaces/interface-summary,spine1,,,3,0,39,36
2020-01-21 08:10:11.913000+00:00,Cisco-IOS-XR-pfi-im-cmd-oper:interfaces/interface-summary,spine1,,,3,0,39,36
2020-01-21 08:10:23.357000+00:00,Cisco-IOS-XR-pfi-im-cmd-oper:interfaces/interface-summary,spine1,,,3,0,39,36
2020-01-21 08:10:34.774000+00:00,Cisco-IOS-XR-pfi-im-cmd-oper:interfaces/interface-summary,spine1,,,3,0,39,36
2020-01-21 08:10:46.191000+00:00,Cisco-IOS-XR-pfi-im-cmd-oper:interfaces/interface-summary,spine1,,,3,0,39,36
2020-01-21 08:10:57.637000+00:00,Cisco-IOS-XR-pfi-im-cmd-oper:interfaces/interface-summary,spine1,,,3,0,39,36
2020-01-21 08:11:09.075000+00:00,Cisco-IOS-XR-pfi-im-cmd-oper:interfaces/interface-summary,spine1,,,3,0,39,36
2020-01-21 08:11:20.492000+00:00,Cisco-IOS-XR-pfi-im-cmd-oper:interfaces/interface-summary,spine1,,,3,0,39,36
2020-01-21 08:11:31.923000+00:00,Cisco-IOS-XR-pfi-im-cmd-oper:interfaces/interface-summary,spine1,,,3,0,39,36
2020-01-21 08:11:43.363000+00:00,Cisco-IOS-XR-pfi-im-cmd-oper:interfaces/interface-summary,spine1,,,3,0,39,36
2020-01-21 08:11:54.799000+00:00,Cisco-IOS-XR-pfi-im-cmd-oper:interfaces/interface-summary,spine1,,,3,0,39,36
2020-01-21 08:12:06.290000+00:00,Cisco-IOS-XR-pfi-im-cmd-oper:interfaces/interface-summary,spine1,,,3,0,39,36
2020-01-21 08:12:17.755000+00:00,Cisco-IOS-XR-pfi-im-cmd-oper:interfaces/interface-summary,spine1,,,3,0,39,36
2020-01-21 08:12:29.163000+00:00,Cisco-IOS-XR-pfi-im-cmd-oper:interfaces/interface-summary,spine1,,,3,0,39,36
2020-01-21 08:12:40.622000+00:00,Cisco-IOS-XR-pfi-im-cmd-oper:interfaces/interface-summary,spine1,,,3,0,39,36
2020-01-21 08:12:52.046000+00:00,Cisco-IOS-XR-pfi-im-cmd-oper:interfaces/interface-summary,spine1,,,3,0,39,36
2020-01-21 08:13:03.465000+00:00,Cisco-IOS-XR-pfi-im-cmd-oper:interfaces/interface-summary,spine1,,,3,0,39,36
2020-01-21 08:13:14.887000+00:00,Cisco-IOS-XR-pfi-im-cmd-oper:interfaces/interface-summary,spine1,,,3,0,39,36
2020-01-21 08:13:26.311000+00:00,Cisco-IOS-XR-pfi-im-cmd-oper:interfaces/interface-summary,spine1,,,3,0,39,36
2020-01-21 08:13:37.739000+00:00,Cisco-IOS-XR-pfi-im-cmd-oper:interfaces/interface-summary,spine1,,,3,0,39,36
2020-01-21 08:13:49.204000+00:00,Cisco-IOS-XR-pfi-im-cmd-oper:interfaces/interface-summary,spine1,,,3,0,39,36
2020-01-21 08:14:00.626000+00:00,Cisco-IOS-XR-pfi-im-cmd-oper:interfaces/interface-summary,spine1,,,3,0,39,36
2020-01-21 08:14:12.071000+00:00,Cisco-IOS-XR-pfi-im-cmd-oper:interfaces/interface-summary,spine1,,,3,0,39,36
2020-01-21 08:14:23.514000+00:00,Cisco-IOS-XR-pfi-im-cmd-oper:interfaces/interface-summary,spine1,,,3,0,39,36
2020-01-21 08:14:34.938000+00:00,Cisco-IOS-XR-pfi-im-cmd-oper:interfaces/interface-summary,spine1,,,3,0,39,36
2020-01-21 08:14:46.380000+00:00,Cisco-IOS-XR-pfi-im-cmd-oper:interfaces/interface-summary,spine1,,,3,0,39,36
2020-01-21 08:14:57.800000+00:00,Cisco-IOS-XR-pfi-im-cmd-oper:interfaces/interface-summary,spine1,,,3,0,39,36
2020-01-21 08:15:09.241000+00:00,Cisco-IOS-XR-pfi-im-cmd-oper:interfaces/interface-summary,spine1,,,3,0,39,36
2020-01-21 08:15:20.686000+00:00,Cisco-IOS-XR-pfi-im-cmd-oper:interfaces/interface-summary,spine1,,,3,0,39,36
2020-01-21 08:15:32.121000+00:00,Cisco-IOS-XR-pfi-im-cmd-oper:interfaces/interface-summary,spine1,,,3,0,39,36
2020-01-21 08:15:43.562000+00:00,Cisco-IOS-XR-pfi-im-cmd-oper:interfaces/interface-summary,spine1,,,3,0,39,36
2020-01-21 08:15:54.990000+00:00,Cisco-IOS-XR-pfi-im-cmd-oper:interfaces/interface-summary,spine1,,,3,0,39,36
2020-01-21 08:16:06.419000+00:00,Cisco-IOS-XR-pfi-im-cmd-oper:interfaces/interface-summary,spine1,,,3,0,39,36
2020-01-21 08:16:17.854000+00:00,Cisco-IOS-XR-pfi-im-cmd-oper:interfaces/interface-summary,spine1,,,3,0,39,36
2020-01-21 08:16:29.327000+00:00,Cisco-IOS-XR-pfi-im-cmd-oper:interfaces/interface-summary,spine1,,,3,0,39,36
2020-01-21 08:16:40.737000+00:00,Cisco-IOS-XR-pfi-im-cmd-oper:interfaces/interface-summary,spine1,,,3,0,39,36
2020-01-21 08:16:52.174000+00:00,Cisco-IOS-XR-pfi-im-cmd-oper:interfaces/interface-summary,spine1,,,3,0,39,36
2020-01-21 08:17:03.613000+00:00,Cisco-IOS-XR-pfi-im-cmd-oper:interfaces/interface-summary,spine1,,,3,0,39,36
2020-01-21 08:17:15.052000+00:00,Cisco-IOS-XR-pfi-im-cmd-oper:interfaces/interface-summary,spine1,,,3,0,39,36
2020-01-21 08:17:26.474000+00:00,Cisco-IOS-XR-pfi-im-cmd-oper:interfaces/interface-summary,spine1,,,3,0,39,36
2020-01-21 08:17:37.919000+00:00,Cisco-IOS-XR-pfi-im-cmd-oper:interfaces/interface-summary,spine1,,,3,0,39,36
2020-01-21 08:17:49.345000+00:00,Cisco-IOS-XR-pfi-im-cmd-oper:interfaces/interface-summary,spine1,,,3,0,39,36
2020-01-21 08:18:00.810000+00:00,Cisco-IOS-XR-pfi-im-cmd-oper:interfaces/interface-summary,spine1,,,3,0,39,36
2020-01-21 08:18:12.238000+00:00,Cisco-IOS-XR-pfi-im-cmd-oper:interfaces/interface-summary,spine1,,,3,0,39,36
2020-01-21 08:18:23.704000+00:00,Cisco-IOS-XR-pfi-im-cmd-oper:interfaces/interface-summary,spine1,,,3,0,39,36
2020-01-21 08:18:35.156000+00:00,Cisco-IOS-XR-pfi-im-cmd-oper:interfaces/interface-summary,spine1,,,3,0,39,36
2020-01-21 08:18:46.619000+00:00,Cisco-IOS-XR-pfi-im-cmd-oper:interfaces/interface-summary,spine1,,,3,0,39,36
2020-01-21 08:18:58.076000+00:00,Cisco-IOS-XR-pfi-im-cmd-oper:interfaces/interface-summary,spine1,,,3,0,39,36
2020-01-21 08:19:09.559000+00:00,Cisco-IOS-XR-pfi-im-cmd-oper:interfaces/interface-summary,spine1,,,3,0,39,36
2020-01-21 08:19:21.010000+00:00,Cisco-IOS-XR-pfi-im-cmd-oper:interfaces/interface-summary,spine1,,,3,0,39,36
2020-01-21 08:19:32.445000+00:00,Cisco-IOS-XR-pfi-im-cmd-oper:interfaces/interface-summary,spine1,,,3,0,39,36
2020-01-21 08:19:43.902000+00:00,Cisco-IOS-XR-pfi-im-cmd-oper:interfaces/interface-summary,spine1,,,3,0,39,36
2020-01-21 08:19:55.365000+00:00,Cisco-IOS-XR-pfi-im-cmd-oper:interfaces/interface-summary,spine1,,,3,0,39,36
2020-01-21 08:20:06.791000+00:00,Cisco-IOS-XR-pfi-im-cmd-oper:interfaces/interface-summary,spine1,,,3,0,39,36
2020-01-21 08:20:18.238000+00:00,Cisco-IOS-XR-pfi-im-cmd-oper:interfaces/interface-summary,spine1,,,3,0,39,36
2020-01-21 08:20:29.655000+00:00,Cisco-IOS-XR-pfi-im-cmd-oper:interfaces/interface-summary,spine1,,,3,0,39,36
2020-01-21 08:20:41.074000+00:00,Cisco-IOS-XR-pfi-im-cmd-oper:interfaces/interface-summary,spine1,,,3,0,39,36
2020-01-21 08:20:52.505000+00:00,Cisco-IOS-XR-pfi-im-cmd-oper:interfaces/interface-summary,spine1,,,3,0,39,36
2020-01-21 08:21:03.930000+00:00,Cisco-IOS-XR-pfi-im-cmd-oper:interfaces/interface-summary,spine1,,,3,0,39,36
2020-01-21 08:21:15.359000+00:00,Cisco-IOS-XR-pfi-im-cmd-oper:interfaces/interface-summary,spine1,,,3,0,39,36
2020-01-21 08:21:26.803000+00:00,Cisco-IOS-XR-pfi-im-cmd-oper:interfaces/interface-summary,spine1,,,3,0,39,36
2020-01-21 08:21:38.252000+00:00,Cisco-IOS-XR-pfi-im-cmd-oper:interfaces/interface-summary,spine1,,,3,0,39,36
2020-01-21 08:21:49.702000+00:00,Cisco-IOS-XR-pfi-im-cmd-oper:interfaces/interface-summary,spine1,,,3,0,39,36
2020-01-21 08:22:01.128000+00:00,Cisco-IOS-XR-pfi-im-cmd-oper:interfaces/interface-summary,spine1,,,3,0,39,36
2020-01-21 08:22:12.565000+00:00,Cisco-IOS-XR-pfi-im-cmd-oper:interfaces/interface-summary,spine1,,,3,0,39,36
2020-01-21 08:22:24.001000+00:00,Cisco-IOS-XR-pfi-im-cmd-oper:interfaces/interface-summary,spine1,,,3,0,39,36
2020-01-21 08:22:35.432000+00:00,Cisco-IOS-XR-pfi-im-cmd-oper:interfaces/interface-summary,spine1,,,3,0,39,36
2020-01-21 08:22:46.861000+00:00,Cisco-IOS-XR-pfi-im-cmd-oper:interfaces/interface-summary,spine1,,,3,0,39,36
2020-01-21 08:22:58.288000+00:00,Cisco-IOS-XR-pfi-im-cmd-oper:interfaces/interface-summary,spine1,,,3,0,39,36
2020-01-21 08:23:09.716000+00:00,Cisco-IOS-XR-pfi-im-cmd-oper:interfaces/interface-summary,spine1,,,3,0,39,36
2020-01-21 08:23:21.149000+00:00,Cisco-IOS-XR-pfi-im-cmd-oper:interfaces/interface-summary,spine1,,,3,0,39,36
2020-01-21 08:23:32.585000+00:00,Cisco-IOS-XR-pfi-im-cmd-oper:interfaces/interface-summary,spine1,,,3,0,39,36
2020-01-21 08:23:44.009000+00:00,Cisco-IOS-XR-pfi-im-cmd-oper:interfaces/interface-summary,spine1,,,3,0,39,36
2020-01-21 08:23:55.448000+00:00,Cisco-IOS-XR-pfi-im-cmd-oper:interfaces/interface-summary,spine1,,,3,0,39,36
2020-01-21 08:24:06.898000+00:00,Cisco-IOS-XR-pfi-im-cmd-oper:interfaces/interface-summary,spine1,,,3,0,39,36
2020-01-21 08:24:18.350000+00:00,Cisco-IOS-XR-pfi-im-cmd-oper:interfaces/interface-summary,spine1,,,3,0,39,36
2020-01-21 08:24:29.789000+00:00,Cisco-IOS-XR-pfi-im-cmd-oper:interfaces/interface-summary,spine1,,,3,0,39,36
2020-01-21 08:24:41.263000+00:00,Cisco-IOS-XR-pfi-im-cmd-oper:interfaces/interface-summary,spine1,,,3,0,39,36
2020-01-21 08:24:52.680000+00:00,Cisco-IOS-XR-pfi-im-cmd-oper:interfaces/interface-summary,spine1,,,3,0,39,36
2020-01-21 08:25:04.129000+00:00,Cisco-IOS-XR-pfi-im-cmd-oper:interfaces/interface-summary,spine1,,,3,0,39,36
2020-01-21 08:25:15.566000+00:00,Cisco-IOS-XR-pfi-im-cmd-oper:interfaces/interface-summary,spine1,,,3,0,39,36
2020-01-21 08:25:26.991000+00:00,Cisco-IOS-XR-pfi-im-cmd-oper:interfaces/interface-summary,spine1,,,3,0,39,36
2020-01-21 08:25:38.471000+00:00,Cisco-IOS-XR-pfi-im-cmd-oper:interfaces/interface-summary,spine1,,,3,0,39,36
2020-01-21 08:25:49.926000+00:00,Cisco-IOS-XR-pfi-im-cmd-oper:interfaces/interface-summary,spine1,,,3,0,39,36
2020-01-21 08:26:01.342000+00:00,Cisco-IOS-XR-pfi-im-cmd-oper:interfaces/interface-summary,spine1,,,3,0,39,36
2020-01-21 08:26:12.768000+00:00,Cisco-IOS-XR-pfi-im-cmd-oper:interfaces/interface-summary,spine1,,,3,0,39,36
2020-01-21 08:26:24.241000+00:00,Cisco-IOS-XR-pfi-im-cmd-oper:interfaces/interface-summary,spine1,,,3,0,39,36
2020-01-21 08:26:35.675000+00:00,Cisco-IOS-XR-pfi-im-cmd-oper:interfaces/interface-summary,spine1,,,3,0,39,36
2020-01-21 08:26:47.140000+00:00,Cisco-IOS-XR-pfi-im-cmd-oper:interfaces/interface-summary,spine1,,,3,0,39,36
2020-01-21 08:26:58.609000+00:00,Cisco-IOS-XR-pfi-im-cmd-oper:interfaces/interface-summary,spine1,,,3,0,39,36
2020-01-21 08:27:10.040000+00:00,Cisco-IOS-XR-pfi-im-cmd-oper:interfaces/interface-summary,spine1,,,3,0,39,36
2020-01-21 08:27:21.497000+00:00,Cisco-IOS-XR-pfi-im-cmd-oper:interfaces/interface-summary,spine1,,,3,0,39,36
2020-01-21 08:27:32.938000+00:00,Cisco-IOS-XR-pfi-im-cmd-oper:interfaces/interface-summary,spine1,,,3,0,39,36
2020-01-21 08:27:44.366000+00:00,Cisco-IOS-XR-pfi-im-cmd-oper:interfaces/interface-summary,spine1,,,3,0,39,36
2020-01-21 08:27:55.802000+00:00,Cisco-IOS-XR-pfi-im-cmd-oper:interfaces/interface-summary,spine1,,,3,0,39,36
2020-01-21 08:28:07.244000+00:00,Cisco-IOS-XR-pfi-im-cmd-oper:interfaces/interface-summary,spine1,,,3,0,39,36
2020-01-21 08:28:18.692000+00:00,Cisco-IOS-XR-pfi-im-cmd-oper:interfaces/interface-summary,spine1,,,3,0,39,36
2020-01-21 08:28:30.113000+00:00,Cisco-IOS-XR-pfi-im-cmd-oper:interfaces/interface-summary,spine1,,,3,0,39,36
2020-01-21 08:28:41.535000+00:00,Cisco-IOS-XR-pfi-im-cmd-oper:interfaces/interface-summary,spine1,,,3,0,39,36
2020-01-21 08:28:52.998000+00:00,Cisco-IOS-XR-pfi-im-cmd-oper:interfaces/interface-summary,spine1,,,3,0,39,36
2020-01-21 08:29:04.411000+00:00,Cisco-IOS-XR-pfi-im-cmd-oper:interfaces/interface-summary,spine1,,,3,0,39,36
2020-01-21 08:29:15.841000+00:00,Cisco-IOS-XR-pfi-im-cmd-oper:interfaces/interface-summary,spine1,,,3,0,39,36
2020-01-21 08:29:27.268000+00:00,Cisco-IOS-XR-pfi-im-cmd-oper:interfaces/interface-summary,spine1,,,3,0,39,36
2020-01-21 08:29:38.726000+00:00,Cisco-IOS-XR-pfi-im-cmd-oper:interfaces/interface-summary,spine1,,,3,0,39,36
2020-01-21 08:29:50.166000+00:00,Cisco-IOS-XR-pfi-im-cmd-oper:interfaces/interface-summary,spine1,,,3,0,39,36
2020-01-21 08:30:01.605000+00:00,Cisco-IOS-XR-pfi-im-cmd-oper:interfaces/interface-summary,spine1,,,3,0,39,36
2020-01-21 08:30:13.059000+00:00,Cisco-IOS-XR-pfi-im-cmd-oper:interfaces/interface-summary,spine1,,,3,0,39,36
2020-01-21 08:30:24.620000+00:00,Cisco-IOS-XR-pfi-im-cmd-oper:interfaces/interface-summary,spine1,,,3,0,39,36
2020-01-21 08:30:36.051000+00:00,Cisco-IOS-XR-pfi-im-cmd-oper:interfaces/interface-summary,spine1,,,3,0,39,36
2020-01-21 08:30:47.486000+00:00,Cisco-IOS-XR-pfi-im-cmd-oper:interfaces/interface-summary,spine1,,,3,0,39,36
2020-01-21 08:30:58.928000+00:00,Cisco-IOS-XR-pfi-im-cmd-oper:interfaces/interface-summary,spine1,,,3,0,39,36
2020-01-21 08:31:10.386000+00:00,Cisco-IOS-XR-pfi-im-cmd-oper:interfaces/interface-summary,spine1,,,3,0,39,36
2020-01-21 08:31:21.800000+00:00,Cisco-IOS-XR-pfi-im-cmd-oper:interfaces/interface-summary,spine1,,,3,0,39,36
2020-01-21 08:31:33.257000+00:00,Cisco-IOS-XR-pfi-im-cmd-oper:interfaces/interface-summary,spine1,,,3,0,39,36
2020-01-21 08:31:44.682000+00:00,Cisco-IOS-XR-pfi-im-cmd-oper:interfaces/interface-summary,spine1,,,3,0,39,36
2020-01-21 08:31:56.090000+00:00,Cisco-IOS-XR-pfi-im-cmd-oper:interfaces/interface-summary,spine1,,,3,0,39,36
2020-01-21 08:32:07.530000+00:00,Cisco-IOS-XR-pfi-im-cmd-oper:interfaces/interface-summary,spine1,,,3,0,39,36
2020-01-21 08:32:18.983000+00:00,Cisco-IOS-XR-pfi-im-cmd-oper:interfaces/interface-summary,spine1,,,3,0,39,36
2020-01-21 08:32:30.445000+00:00,Cisco-IOS-XR-pfi-im-cmd-oper:interfaces/interface-summary,spine1,,,3,0,39,36
2020-01-21 08:32:41.876000+00:00,Cisco-IOS-XR-pfi-im-cmd-oper:interfaces/interface-summary,spine1,,,3,0,39,36
2020-01-21 08:32:53.333000+00:00,Cisco-IOS-XR-pfi-im-cmd-oper:interfaces/interface-summary,spine1,,,3,0,39,36
2020-01-21 08:33:04.766000+00:00,Cisco-IOS-XR-pfi-im-cmd-oper:interfaces/interface-summary,spine1,,,3,0,39,36
2020-01-21 08:33:16.252000+00:00,Cisco-IOS-XR-pfi-im-cmd-oper:interfaces/interface-summary,spine1,,,3,0,39,36
2020-01-21 08:33:27.711000+00:00,Cisco-IOS-XR-pfi-im-cmd-oper:interfaces/interface-summary,spine1,,,3,0,39,36
2020-01-21 08:33:39.119000+00:00,Cisco-IOS-XR-pfi-im-cmd-oper:interfaces/interface-summary,spine1,,,3,0,39,36
2020-01-21 08:33:50.596000+00:00,Cisco-IOS-XR-pfi-im-cmd-oper:interfaces/interface-summary,spine1,,,3,0,39,36
2020-01-21 08:34:02.019000+00:00,Cisco-IOS-XR-pfi-im-cmd-oper:interfaces/interface-summary,spine1,,,3,0,39,36
2020-01-21 08:34:13.446000+00:00,Cisco-IOS-XR-pfi-im-cmd-oper:interfaces/interface-summary,spine1,,,3,0,39,36
2020-01-21 08:34:24.905000+00:00,Cisco-IOS-XR-pfi-im-cmd-oper:interfaces/interface-summary,spine1,,,3,0,39,36
2020-01-21 08:34:36.328000+00:00,Cisco-IOS-XR-pfi-im-cmd-oper:interfaces/interface-summary,spine1,,,3,0,39,36
2020-01-21 08:34:47.747000+00:00,Cisco-IOS-XR-pfi-im-cmd-oper:interfaces/interface-summary,spine1,,,3,0,39,36
2020-01-21 08:34:59.190000+00:00,Cisco-IOS-XR-pfi-im-cmd-oper:interfaces/interface-summary,spine1,,,3,0,39,36
