,EncodingPath,Producer,acl-in-rpf-packets,checksum-error-packets,df-unreachable-packets,discard-packets,encapsulation-failure-packets,fragmenation-consumed-packets,fragmenation-failure-packets,gre-error-drop,gre-lookup-failed-drop,incomplete-adjacency-packets,lisp-decap-error-drops,lisp-encap-error-drops,lisp-punt-drops,mpls-disabled-interface,multi-label-drops,no-route-packets,node-name,null-packets,punt-unreachable-packets,rp-destination-drop-packets,rpf-check-failure-packets,total-number-of-drop-packets,unresolved-prefix-packets,unsupported-feature-packets
2020-01-21 08:05:13.369000+00:00,Cisco-IOS-XR-fib-common-oper:fib-statistics/nodes/node/drops,spine1,0,0,0,0,0,0,0,0,0,3509,0,0,0,0,0,232,0/0/CPU0,0,0,0,0,0,0,0
2020-01-21 08:05:13.371000+00:00,Cisco-IOS-XR-fib-common-oper:fib-statistics/nodes/node/drops,spine1,0,0,0,0,0,0,0,0,0,0,0,0,0,0,0,0,0/RP0/CPU0,0,0,0,0,0,0,0
2020-01-21 08:05:23.382000+00:00,Cisco-IOS-XR-fib-common-oper:fib-statistics/nodes/node/drops,spine1,0,0,0,0,0,0,0,0,0,3509,0,0,0,0,0,232,0/0/CPU0,0,0,0,0,0,0,0
2020-01-21 08:05:23.384000+00:00,Cisco-IOS-XR-fib-common-oper:fib-statistics/nodes/node/drops,spine1,0,0,0,0,0,0,0,0,0,0,0,0,0,0,0,0,0/RP0/CPU0,0,0,0,0,0,0,0
2020-01-21 08:05:33.395000+00:00,Cisco-IOS-XR-fib-common-oper:fib-statistics/nodes/node/drops,spine1,0,0,0,0,0,0,0,0,0,3509,0,0,0,0,0,232,0/0/CPU0,0,0,0,0,0,0,0
2020-01-21 08:05:33.397000+00:00,Cisco-IOS-XR-fib-common-oper:fib-statistics/nodes/node/drops,spine1,0,0,0,0,0,0,0,0,0,0,0,0,0,0,0,0,0/RP0/CPU0,0,0,0,0,0,0,0
2020-01-21 08:05:43.407000+00:00,Cisco-IOS-XR-fib-common-oper:fib-statistics/nodes/node/drops,spine1,0,0,0,0,0,0,0,0,0,3509,0,0,0,0,0,232,0/0/CPU0,0,0,0,0,0,0,0
2020-01-21 08:05:43.409000+00:00,Cisco-IOS-XR-fib-common-oper:fib-statistics/nodes/node/drops,spine1,0,0,0,0,0,0,0,0,0,0,0,0,0,0,0,0,0/RP0/CPU0,0,0,0,0,0,0,0
2020-01-21 08:05:53.419000+00:00,Cisco-IOS-XR-fib-common-oper:fib-statistics/nodes/node/drops,spine1,0,0,0,0,0,0,0,0,0,3509,0,0,0,0,0,232,0/0/CPU0,0,0,0,0,0,0,0
2020-01-21 08:05:53.420000+00:00,Cisco-IOS-XR-fib-common-oper:fib-statistics/nodes/node/drops,spine1,0,0,0,0,0,0,0,0,0,0,0,0,0,0,0,0,0/RP0/CPU0,0,0,0,0,0,0,0
2020-01-21 08:06:03.429000+00:00,Cisco-IOS-XR-fib-common-oper:fib-statistics/nodes/node/drops,spine1,0,0,0,0,0,0,0,0,0,3509,0,0,0,0,0,232,0/0/CPU0,0,0,0,0,0,0,0
2020-01-21 08:06:03.431000+00:00,Cisco-IOS-XR-fib-common-oper:fib-statistics/nodes/node/drops,spine1,0,0,0,0,0,0,0,0,0,0,0,0,0,0,0,0,0/RP0/CPU0,0,0,0,0,0,0,0
2020-01-21 08:06:13.444000+00:00,Cisco-IOS-XR-fib-common-oper:fib-statistics/nodes/node/drops,spine1,0,0,0,0,0,0,0,0,0,3509,0,0,0,0,0,232,0/0/CPU0,0,0,0,0,0,0,0
2020-01-21 08:06:13.445000+00:00,Cisco-IOS-XR-fib-common-oper:fib-statistics/nodes/node/drops,spine1,0,0,0,0,0,0,0,0,0,0,0,0,0,0,0,0,0/RP0/CPU0,0,0,0,0,0,0,0
2020-01-21 08:06:24.061000+00:00,Cisco-IOS-XR-fib-common-oper:fib-statistics/nodes/node/drops,spine1,0,0,0,0,0,0,0,0,0,3509,0,0,0,0,0,232,0/0/CPU0,0,0,0,0,0,0,0
2020-01-21 08:06:24.062000+00:00,Cisco-IOS-XR-fib-common-oper:fib-statistics/nodes/node/drops,spine1,0,0,0,0,0,0,0,0,0,0,0,0,0,0,0,0,0/RP0/CPU0,0,0,0,0,0,0,0
2020-01-21 08:06:36.134000+00:00,Cisco-IOS-XR-fib-common-oper:fib-statistics/nodes/node/drops,spine1,0,0,0,0,0,0,0,0,0,3509,0,0,0,0,0,232,0/0/CPU0,0,0,0,0,0,0,0
2020-01-21 08:06:36.136000+00:00,Cisco-IOS-XR-fib-common-oper:fib-statistics/nodes/node/drops,spine1,0,0,0,0,0,0,0,0,0,0,0,0,0,0,0,0,0/RP0/CPU0,0,0,0,0,0,0,0
2020-01-21 08:06:46.929000+00:00,Cisco-IOS-XR-fib-common-oper:fib-statistics/nodes/node/drops,spine1,0,0,0,0,0,0,0,0,0,3509,0,0,0,0,0,232,0/0/CPU0,0,0,0,0,0,0,0
2020-01-21 08:06:46.930000+00:00,Cisco-IOS-XR-fib-common-oper:fib-statistics/nodes/node/drops,spine1,0,0,0,0,0,0,0,0,0,0,0,0,0,0,0,0,0/RP0/CPU0,0,0,0,0,0,0,0
2020-01-21 08:06:58.710000+00:00,Cisco-IOS-XR-fib-common-oper:fib-statistics/nodes/node/drops,spine1,0,0,0,0,0,0,0,0,0,3509,0,0,0,0,0,232,0/0/CPU0,0,0,0,0,0,0,0
2020-01-21 08:06:58.711000+00:00,Cisco-IOS-XR-fib-common-oper:fib-statistics/nodes/node/drops,spine1,0,0,0,0,0,0,0,0,0,0,0,0,0,0,0,0,0/RP0/CPU0,0,0,0,0,0,0,0
2020-01-21 08:07:09.750000+00:00,Cisco-IOS-XR-fib-common-oper:fib-statistics/nodes/node/drops,spine1,0,0,0,0,0,0,0,0,0,3509,0,0,0,0,0,232,0/0/CPU0,0,0,0,0,0,0,0
2020-01-21 08:07:09.752000+00:00,Cisco-IOS-XR-fib-common-oper:fib-statistics/nodes/node/drops,spine1,0,0,0,0,0,0,0,0,0,0,0,0,0,0,0,0,0/RP0/CPU0,0,0,0,0,0,0,0
2020-01-21 08:07:21.129000+00:00,Cisco-IOS-XR-fib-common-oper:fib-statistics/nodes/node/drops,spine1,0,0,0,0,0,0,0,0,0,3509,0,0,0,0,0,232,0/0/CPU0,0,0,0,0,0,0,0
2020-01-21 08:07:21.130000+00:00,Cisco-IOS-XR-fib-common-oper:fib-statistics/nodes/node/drops,spine1,0,0,0,0,0,0,0,0,0,0,0,0,0,0,0,0,0/RP0/CPU0,0,0,0,0,0,0,0
2020-01-21 08:07:32.618000+00:00,Cisco-IOS-XR-fib-common-oper:fib-statistics/nodes/node/drops,spine1,0,0,0,0,0,0,0,0,0,3509,0,0,0,0,0,232,0/0/CPU0,0,0,0,0,0,0,0
2020-01-21 08:07:32.620000+00:00,Cisco-IOS-XR-fib-common-oper:fib-statistics/nodes/node/drops,spine1,0,0,0,0,0,0,0,0,0,0,0,0,0,0,0,0,0/RP0/CPU0,0,0,0,0,0,0,0
2020-01-21 08:07:44.229000+00:00,Cisco-IOS-XR-fib-common-oper:fib-statistics/nodes/node/drops,spine1,0,0,0,0,0,0,0,0,0,3509,0,0,0,0,0,232,0/0/CPU0,0,0,0,0,0,0,0
2020-01-21 08:07:44.231000+00:00,Cisco-IOS-XR-fib-common-oper:fib-statistics/nodes/node/drops,spine1,0,0,0,0,0,0,0,0,0,0,0,0,0,0,0,0,0/RP0/CPU0,0,0,0,0,0,0,0
2020-01-21 08:07:56.143000+00:00,Cisco-IOS-XR-fib-common-oper:fib-statistics/nodes/node/drops,spine1,0,0,0,0,0,0,0,0,0,3509,0,0,0,0,0,232,0/0/CPU0,0,0,0,0,0,0,0
2020-01-21 08:07:56.144000+00:00,Cisco-IOS-XR-fib-common-oper:fib-statistics/nodes/node/drops,spine1,0,0,0,0,0,0,0,0,0,0,0,0,0,0,0,0,0/RP0/CPU0,0,0,0,0,0,0,0
2020-01-21 08:08:06.940000+00:00,Cisco-IOS-XR-fib-common-oper:fib-statistics/nodes/node/drops,spine1,0,0,0,0,0,0,0,0,0,3509,0,0,0,0,0,232,0/0/CPU0,0,0,0,0,0,0,0
2020-01-21 08:08:06.941000+00:00,Cisco-IOS-XR-fib-common-oper:fib-statistics/nodes/node/drops,spine1,0,0,0,0,0,0,0,0,0,0,0,0,0,0,0,0,0/RP0/CPU0,0,0,0,0,0,0,0
2020-01-21 08:08:18.375000+00:00,Cisco-IOS-XR-fib-common-oper:fib-statistics/nodes/node/drops,spine1,0,0,0,0,0,0,0,0,0,3509,0,0,0,0,0,232,0/0/CPU0,0,0,0,0,0,0,0
2020-01-21 08:08:18.377000+00:00,Cisco-IOS-XR-fib-common-oper:fib-statistics/nodes/node/drops,spine1,0,0,0,0,0,0,0,0,0,0,0,0,0,0,0,0,0/RP0/CPU0,0,0,0,0,0,0,0
2020-01-21 08:08:29.834000+00:00,Cisco-IOS-XR-fib-common-oper:fib-statistics/nodes/node/drops,spine1,0,0,0,0,0,0,0,0,0,3509,0,0,0,0,0,232,0/0/CPU0,0,0,0,0,0,0,0
2020-01-21 08:08:29.836000+00:00,Cisco-IOS-XR-fib-common-oper:fib-statistics/nodes/node/drops,spine1,0,0,0,0,0,0,0,0,0,0,0,0,0,0,0,0,0/RP0/CPU0,0,0,0,0,0,0,0
2020-01-21 08:08:41.550000+00:00,Cisco-IOS-XR-fib-common-oper:fib-statistics/nodes/node/drops,spine1,0,0,0,0,0,0,0,0,0,3509,0,0,0,0,0,232,0/0/CPU0,0,0,0,0,0,0,0
2020-01-21 08:08:41.551000+00:00,Cisco-IOS-XR-fib-common-oper:fib-statistics/nodes/node/drops,spine1,0,0,0,0,0,0,0,0,0,0,0,0,0,0,0,0,0/RP0/CPU0,0,0,0,0,0,0,0
2020-01-21 08:08:52.737000+00:00,Cisco-IOS-XR-fib-common-oper:fib-statistics/nodes/node/drops,spine1,0,0,0,0,0,0,0,0,0,3509,0,0,0,0,0,232,0/0/CPU0,0,0,0,0,0,0,0
2020-01-21 08:08:52.738000+00:00,Cisco-IOS-XR-fib-common-oper:fib-statistics/nodes/node/drops,spine1,0,0,0,0,0,0,0,0,0,0,0,0,0,0,0,0,0/RP0/CPU0,0,0,0,0,0,0,0
2020-01-21 08:09:04.187000+00:00,Cisco-IOS-XR-fib-common-oper:fib-statistics/nodes/node/drops,spine1,0,0,0,0,0,0,0,0,0,3509,0,0,0,0,0,232,0/0/CPU0,0,0,0,0,0,0,0
2020-01-21 08:09:04.188000+00:00,Cisco-IOS-XR-fib-common-oper:fib-statistics/nodes/node/drops,spine1,0,0,0,0,0,0,0,0,0,0,0,0,0,0,0,0,0/RP0/CPU0,0,0,0,0,0,0,0
2020-01-21 08:09:15.622000+00:00,Cisco-IOS-XR-fib-common-oper:fib-statistics/nodes/node/drops,spine1,0,0,0,0,0,0,0,0,0,3509,0,0,0,0,0,232,0/0/CPU0,0,0,0,0,0,0,0
2020-01-21 08:09:15.623000+00:00,Cisco-IOS-XR-fib-common-oper:fib-statistics/nodes/node/drops,spine1,0,0,0,0,0,0,0,0,0,0,0,0,0,0,0,0,0/RP0/CPU0,0,0,0,0,0,0,0
2020-01-21 08:09:27.079000+00:00,Cisco-IOS-XR-fib-common-oper:fib-statistics/nodes/node/drops,spine1,0,0,0,0,0,0,0,0,0,3509,0,0,0,0,0,232,0/0/CPU0,0,0,0,0,0,0,0
2020-01-21 08:09:27.080000+00:00,Cisco-IOS-XR-fib-common-oper:fib-statistics/nodes/node/drops,spine1,0,0,0,0,0,0,0,0,0,0,0,0,0,0,0,0,0/RP0/CPU0,0,0,0,0,0,0,0
2020-01-21 08:09:38.864000+00:00,Cisco-IOS-XR-fib-common-oper:fib-statistics/nodes/node/drops,spine1,0,0,0,0,0,0,0,0,0,3509,0,0,0,0,0,232,0/0/CPU0,0,0,0,0,0,0,0
2020-01-21 08:09:38.865000+00:00,Cisco-IOS-XR-fib-common-oper:fib-statistics/nodes/node/drops,spine1,0,0,0,0,0,0,0,0,0,0,0,0,0,0,0,0,0/RP0/CPU0,0,0,0,0,0,0,0
2020-01-21 08:09:49.923000+00:00,Cisco-IOS-XR-fib-common-oper:fib-statistics/nodes/node/drops,spine1,0,0,0,0,0,0,0,0,0,3509,0,0,0,0,0,232,0/0/CPU0,0,0,0,0,0,0,0
2020-01-21 08:09:49.924000+00:00,Cisco-IOS-XR-fib-common-oper:fib-statistics/nodes/node/drops,spine1,0,0,0,0,0,0,0,0,0,0,0,0,0,0,0,0,0/RP0/CPU0,0,0,0,0,0,0,0
2020-01-21 08:10:01.357000+00:00,Cisco-IOS-XR-fib-common-oper:fib-statistics/nodes/node/drops,spine1,0,0,0,0,0,0,0,0,0,3509,0,0,0,0,0,232,0/0/CPU0,0,0,0,0,0,0,0
2020-01-21 08:10:01.358000+00:00,Cisco-IOS-XR-fib-common-oper:fib-statistics/nodes/node/drops,spine1,0,0,0,0,0,0,0,0,0,0,0,0,0,0,0,0,0/RP0/CPU0,0,0,0,0,0,0,0
2020-01-21 08:10:12.756000+00:00,Cisco-IOS-XR-fib-common-oper:fib-statistics/nodes/node/drops,spine1,0,0,0,0,0,0,0,0,0,3509,0,0,0,0,0,232,0/0/CPU0,0,0,0,0,0,0,0
2020-01-21 08:10:12.758000+00:00,Cisco-IOS-XR-fib-common-oper:fib-statistics/nodes/node/drops,spine1,0,0,0,0,0,0,0,0,0,0,0,0,0,0,0,0,0/RP0/CPU0,0,0,0,0,0,0,0
2020-01-21 08:10:24.243000+00:00,Cisco-IOS-XR-fib-common-oper:fib-statistics/nodes/node/drops,spine1,0,0,0,0,0,0,0,0,0,3509,0,0,0,0,0,232,0/0/CPU0,0,0,0,0,0,0,0
2020-01-21 08:10:24.245000+00:00,Cisco-IOS-XR-fib-common-oper:fib-statistics/nodes/node/drops,spine1,0,0,0,0,0,0,0,0,0,0,0,0,0,0,0,0,0/RP0/CPU0,0,0,0,0,0,0,0
2020-01-21 08:10:36.015000+00:00,Cisco-IOS-XR-fib-common-oper:fib-statistics/nodes/node/drops,spine1,0,0,0,0,0,0,0,0,0,3509,0,0,0,0,0,232,0/0/CPU0,0,0,0,0,0,0,0
2020-01-21 08:10:36.016000+00:00,Cisco-IOS-XR-fib-common-oper:fib-statistics/nodes/node/drops,spine1,0,0,0,0,0,0,0,0,0,0,0,0,0,0,0,0,0/RP0/CPU0,0,0,0,0,0,0,0
2020-01-21 08:10:47.036000+00:00,Cisco-IOS-XR-fib-common-oper:fib-statistics/nodes/node/drops,spine1,0,0,0,0,0,0,0,0,0,3509,0,0,0,0,0,232,0/0/CPU0,0,0,0,0,0,0,0
2020-01-21 08:10:47.037000+00:00,Cisco-IOS-XR-fib-common-oper:fib-statistics/nodes/node/drops,spine1,0,0,0,0,0,0,0,0,0,0,0,0,0,0,0,0,0/RP0/CPU0,0,0,0,0,0,0,0
2020-01-21 08:10:58.470000+00:00,Cisco-IOS-XR-fib-common-oper:fib-statistics/nodes/node/drops,spine1,0,0,0,0,0,0,0,0,0,3509,0,0,0,0,0,232,0/0/CPU0,0,0,0,0,0,0,0
2020-01-21 08:10:58.472000+00:00,Cisco-IOS-XR-fib-common-oper:fib-statistics/nodes/node/drops,spine1,0,0,0,0,0,0,0,0,0,0,0,0,0,0,0,0,0/RP0/CPU0,0,0,0,0,0,0,0
2020-01-21 08:11:09.929000+00:00,Cisco-IOS-XR-fib-common-oper:fib-statistics/nodes/node/drops,spine1,0,0,0,0,0,0,0,0,0,3509,0,0,0,0,0,232,0/0/CPU0,0,0,0,0,0,0,0
2020-01-21 08:11:09.930000+00:00,Cisco-IOS-XR-fib-common-oper:fib-statistics/nodes/node/drops,spine1,0,0,0,0,0,0,0,0,0,0,0,0,0,0,0,0,0/RP0/CPU0,0,0,0,0,0,0,0
2020-01-21 08:11:21.570000+00:00,Cisco-IOS-XR-fib-common-oper:fib-statistics/nodes/node/drops,spine1,0,0,0,0,0,0,0,0,0,3509,0,0,0,0,0,232,0/0/CPU0,0,0,0,0,0,0,0
2020-01-21 08:11:21.571000+00:00,Cisco-IOS-XR-fib-common-oper:fib-statistics/nodes/node/drops,spine1,0,0,0,0,0,0,0,0,0,0,0,0,0,0,0,0,0/RP0/CPU0,0,0,0,0,0,0,0
2020-01-21 08:11:32.764000+00:00,Cisco-IOS-XR-fib-common-oper:fib-statistics/nodes/node/drops,spine1,0,0,0,0,0,0,0,0,0,3509,0,0,0,0,0,232,0/0/CPU0,0,0,0,0,0,0,0
2020-01-21 08:11:32.766000+00:00,Cisco-IOS-XR-fib-common-oper:fib-statistics/nodes/node/drops,spine1,0,0,0,0,0,0,0,0,0,0,0,0,0,0,0,0,0/RP0/CPU0,0,0,0,0,0,0,0
2020-01-21 08:11:44.203000+00:00,Cisco-IOS-XR-fib-common-oper:fib-statistics/nodes/node/drops,spine1,0,0,0,0,0,0,0,0,0,3509,0,0,0,0,0,232,0/0/CPU0,0,0,0,0,0,0,0
2020-01-21 08:11:44.205000+00:00,Cisco-IOS-XR-fib-common-oper:fib-statistics/nodes/node/drops,spine1,0,0,0,0,0,0,0,0,0,0,0,0,0,0,0,0,0/RP0/CPU0,0,0,0,0,0,0,0
2020-01-21 08:11:55.640000+00:00,Cisco-IOS-XR-fib-common-oper:fib-statistics/nodes/node/drops,spine1,0,0,0,0,0,0,0,0,0,3509,0,0,0,0,0,232,0/0/CPU0,0,0,0,0,0,0,0
2020-01-21 08:11:55.641000+00:00,Cisco-IOS-XR-fib-common-oper:fib-statistics/nodes/node/drops,spine1,0,0,0,0,0,0,0,0,0,0,0,0,0,0,0,0,0/RP0/CPU0,0,0,0,0,0,0,0
2020-01-21 08:12:07.145000+00:00,Cisco-IOS-XR-fib-common-oper:fib-statistics/nodes/node/drops,spine1,0,0,0,0,0,0,0,0,0,3509,0,0,0,0,0,232,0/0/CPU0,0,0,0,0,0,0,0
2020-01-21 08:12:07.146000+00:00,Cisco-IOS-XR-fib-common-oper:fib-statistics/nodes/node/drops,spine1,0,0,0,0,0,0,0,0,0,0,0,0,0,0,0,0,0/RP0/CPU0,0,0,0,0,0,0,0
2020-01-21 08:12:18.941000+00:00,Cisco-IOS-XR-fib-common-oper:fib-statistics/nodes/node/drops,spine1,0,0,0,0,0,0,0,0,0,3509,0,0,0,0,0,232,0/0/CPU0,0,0,0,0,0,0,0
2020-01-21 08:12:18.942000+00:00,Cisco-IOS-XR-fib-common-oper:fib-statistics/nodes/node/drops,spine1,0,0,0,0,0,0,0,0,0,0,0,0,0,0,0,0,0/RP0/CPU0,0,0,0,0,0,0,0
2020-01-21 08:12:30.021000+00:00,Cisco-IOS-XR-fib-common-oper:fib-statistics/nodes/node/drops,spine1,0,0,0,0,0,0,0,0,0,3509,0,0,0,0,0,232,0/0/CPU0,0,0,0,0,0,0,0
2020-01-21 08:12:30.022000+00:00,Cisco-IOS-XR-fib-common-oper:fib-statistics/nodes/node/drops,spine1,0,0,0,0,0,0,0,0,0,0,0,0,0,0,0,0,0/RP0/CPU0,0,0,0,0,0,0,0
2020-01-21 08:12:41.483000+00:00,Cisco-IOS-XR-fib-common-oper:fib-statistics/nodes/node/drops,spine1,0,0,0,0,0,0,0,0,0,3509,0,0,0,0,0,232,0/0/CPU0,0,0,0,0,0,0,0
2020-01-21 08:12:41.484000+00:00,Cisco-IOS-XR-fib-common-oper:fib-statistics/nodes/node/drops,spine1,0,0,0,0,0,0,0,0,0,0,0,0,0,0,0,0,0/RP0/CPU0,0,0,0,0,0,0,0
2020-01-21 08:12:52.898000+00:00,Cisco-IOS-XR-fib-common-oper:fib-statistics/nodes/node/drops,spine1,0,0,0,0,0,0,0,0,0,3509,0,0,0,0,0,232,0/0/CPU0,0,0,0,0,0,0,0
2020-01-21 08:12:52.900000+00:00,Cisco-IOS-XR-fib-common-oper:fib-statistics/nodes/node/drops,spine1,0,0,0,0,0,0,0,0,0,0,0,0,0,0,0,0,0/RP0/CPU0,0,0,0,0,0,0,0
2020-01-21 08:13:04.365000+00:00,Cisco-IOS-XR-fib-common-oper:fib-statistics/nodes/node/drops,spine1,0,0,0,0,0,0,0,0,0,3509,0,0,0,0,0,232,0/0/CPU0,0,0,0,0,0,0,0
2020-01-21 08:13:04.366000+00:00,Cisco-IOS-XR-fib-common-oper:fib-statistics/nodes/node/drops,spine1,0,0,0,0,0,0,0,0,0,0,0,0,0,0,0,0,0/RP0/CPU0,0,0,0,0,0,0,0
2020-01-21 08:13:15.984000+00:00,Cisco-IOS-XR-fib-common-oper:fib-statistics/nodes/node/drops,spine1,0,0,0,0,0,0,0,0,0,3509,0,0,0,0,0,232,0/0/CPU0,0,0,0,0,0,0,0
2020-01-21 08:13:15.985000+00:00,Cisco-IOS-XR-fib-common-oper:fib-statistics/nodes/node/drops,spine1,0,0,0,0,0,0,0,0,0,0,0,0,0,0,0,0,0/RP0/CPU0,0,0,0,0,0,0,0
2020-01-21 08:13:27.152000+00:00,Cisco-IOS-XR-fib-common-oper:fib-statistics/nodes/node/drops,spine1,0,0,0,0,0,0,0,0,0,3509,0,0,0,0,0,232,0/0/CPU0,0,0,0,0,0,0,0
2020-01-21 08:13:27.154000+00:00,Cisco-IOS-XR-fib-common-oper:fib-statistics/nodes/node/drops,spine1,0,0,0,0,0,0,0,0,0,0,0,0,0,0,0,0,0/RP0/CPU0,0,0,0,0,0,0,0
2020-01-21 08:13:38.578000+00:00,Cisco-IOS-XR-fib-common-oper:fib-statistics/nodes/node/drops,spine1,0,0,0,0,0,0,0,0,0,3509,0,0,0,0,0,232,0/0/CPU0,0,0,0,0,0,0,0
2020-01-21 08:13:38.579000+00:00,Cisco-IOS-XR-fib-common-oper:fib-statistics/nodes/node/drops,spine1,0,0,0,0,0,0,0,0,0,0,0,0,0,0,0,0,0/RP0/CPU0,0,0,0,0,0,0,0
2020-01-21 08:13:50.071000+00:00,Cisco-IOS-XR-fib-common-oper:fib-statistics/nodes/node/drops,spine1,0,0,0,0,0,0,0,0,0,3509,0,0,0,0,0,232,0/0/CPU0,0,0,0,0,0,0,0
2020-01-21 08:13:50.072000+00:00,Cisco-IOS-XR-fib-common-oper:fib-statistics/nodes/node/drops,spine1,0,0,0,0,0,0,0,0,0,0,0,0,0,0,0,0,0/RP0/CPU0,0,0,0,0,0,0,0
2020-01-21 08:14:01.705000+00:00,Cisco-IOS-XR-fib-common-oper:fib-statistics/nodes/node/drops,spine1,0,0,0,0,0,0,0,0,0,3509,0,0,0,0,0,232,0/0/CPU0,0,0,0,0,0,0,0
2020-01-21 08:14:01.706000+00:00,Cisco-IOS-XR-fib-common-oper:fib-statistics/nodes/node/drops,spine1,0,0,0,0,0,0,0,0,0,0,0,0,0,0,0,0,0/RP0/CPU0,0,0,0,0,0,0,0
2020-01-21 08:14:12.917000+00:00,Cisco-IOS-XR-fib-common-oper:fib-statistics/nodes/node/drops,spine1,0,0,0,0,0,0,0,0,0,3509,0,0,0,0,0,232,0/0/CPU0,0,0,0,0,0,0,0
2020-01-21 08:14:12.918000+00:00,Cisco-IOS-XR-fib-common-oper:fib-statistics/nodes/node/drops,spine1,0,0,0,0,0,0,0,0,0,0,0,0,0,0,0,0,0/RP0/CPU0,0,0,0,0,0,0,0
2020-01-21 08:14:24.562000+00:00,Cisco-IOS-XR-fib-common-oper:fib-statistics/nodes/node/drops,spine1,0,0,0,0,0,0,0,0,0,3509,0,0,0,0,0,232,0/0/CPU0,0,0,0,0,0,0,0
2020-01-21 08:14:24.563000+00:00,Cisco-IOS-XR-fib-common-oper:fib-statistics/nodes/node/drops,spine1,0,0,0,0,0,0,0,0,0,0,0,0,0,0,0,0,0/RP0/CPU0,0,0,0,0,0,0,0
2020-01-21 08:14:35.790000+00:00,Cisco-IOS-XR-fib-common-oper:fib-statistics/nodes/node/drops,spine1,0,0,0,0,0,0,0,0,0,3509,0,0,0,0,0,232,0/0/CPU0,0,0,0,0,0,0,0
2020-01-21 08:14:35.791000+00:00,Cisco-IOS-XR-fib-common-oper:fib-statistics/nodes/node/drops,spine1,0,0,0,0,0,0,0,0,0,0,0,0,0,0,0,0,0/RP0/CPU0,0,0,0,0,0,0,0
2020-01-21 08:14:47.225000+00:00,Cisco-IOS-XR-fib-common-oper:fib-statistics/nodes/node/drops,spine1,0,0,0,0,0,0,0,0,0,3509,0,0,0,0,0,232,0/0/CPU0,0,0,0,0,0,0,0
2020-01-21 08:14:47.226000+00:00,Cisco-IOS-XR-fib-common-oper:fib-statistics/nodes/node/drops,spine1,0,0,0,0,0,0,0,0,0,0,0,0,0,0,0,0,0/RP0/CPU0,0,0,0,0,0,0,0
2020-01-21 08:14:59.003000+00:00,Cisco-IOS-XR-fib-common-oper:fib-statistics/nodes/node/drops,spine1,0,0,0,0,0,0,0,0,0,3509,0,0,0,0,0,232,0/0/CPU0,0,0,0,0,0,0,0
2020-01-21 08:14:59.004000+00:00,Cisco-IOS-XR-fib-common-oper:fib-statistics/nodes/node/drops,spine1,0,0,0,0,0,0,0,0,0,0,0,0,0,0,0,0,0/RP0/CPU0,0,0,0,0,0,0,0
2020-01-21 08:15:10.087000+00:00,Cisco-IOS-XR-fib-common-oper:fib-statistics/nodes/node/drops,spine1,0,0,0,0,0,0,0,0,0,3509,0,0,0,0,0,232,0/0/CPU0,0,0,0,0,0,0,0
2020-01-21 08:15:10.088000+00:00,Cisco-IOS-XR-fib-common-oper:fib-statistics/nodes/node/drops,spine1,0,0,0,0,0,0,0,0,0,0,0,0,0,0,0,0,0/RP0/CPU0,0,0,0,0,0,0,0
2020-01-21 08:15:21.526000+00:00,Cisco-IOS-XR-fib-common-oper:fib-statistics/nodes/node/drops,spine1,0,0,0,0,0,0,0,0,0,3509,0,0,0,0,0,232,0/0/CPU0,0,0,0,0,0,0,0
2020-01-21 08:15:21.527000+00:00,Cisco-IOS-XR-fib-common-oper:fib-statistics/nodes/node/drops,spine1,0,0,0,0,0,0,0,0,0,0,0,0,0,0,0,0,0/RP0/CPU0,0,0,0,0,0,0,0
2020-01-21 08:15:32.971000+00:00,Cisco-IOS-XR-fib-common-oper:fib-statistics/nodes/node/drops,spine1,0,0,0,0,0,0,0,0,0,3509,0,0,0,0,0,232,0/0/CPU0,0,0,0,0,0,0,0
2020-01-21 08:15:32.972000+00:00,Cisco-IOS-XR-fib-common-oper:fib-statistics/nodes/node/drops,spine1,0,0,0,0,0,0,0,0,0,0,0,0,0,0,0,0,0/RP0/CPU0,0,0,0,0,0,0,0
2020-01-21 08:15:44.474000+00:00,Cisco-IOS-XR-fib-common-oper:fib-statistics/nodes/node/drops,spine1,0,0,0,0,0,0,0,0,0,3509,0,0,0,0,0,232,0/0/CPU0,0,0,0,0,0,0,0
2020-01-21 08:15:44.475000+00:00,Cisco-IOS-XR-fib-common-oper:fib-statistics/nodes/node/drops,spine1,0,0,0,0,0,0,0,0,0,0,0,0,0,0,0,0,0/RP0/CPU0,0,0,0,0,0,0,0
2020-01-21 08:15:56.216000+00:00,Cisco-IOS-XR-fib-common-oper:fib-statistics/nodes/node/drops,spine1,0,0,0,0,0,0,0,0,0,3509,0,0,0,0,0,232,0/0/CPU0,0,0,0,0,0,0,0
2020-01-21 08:15:56.218000+00:00,Cisco-IOS-XR-fib-common-oper:fib-statistics/nodes/node/drops,spine1,0,0,0,0,0,0,0,0,0,0,0,0,0,0,0,0,0/RP0/CPU0,0,0,0,0,0,0,0
2020-01-21 08:16:07.295000+00:00,Cisco-IOS-XR-fib-common-oper:fib-statistics/nodes/node/drops,spine1,0,0,0,0,0,0,0,0,0,3509,0,0,0,0,0,232,0/0/CPU0,0,0,0,0,0,0,0
2020-01-21 08:16:07.296000+00:00,Cisco-IOS-XR-fib-common-oper:fib-statistics/nodes/node/drops,spine1,0,0,0,0,0,0,0,0,0,0,0,0,0,0,0,0,0/RP0/CPU0,0,0,0,0,0,0,0
2020-01-21 08:16:18.697000+00:00,Cisco-IOS-XR-fib-common-oper:fib-statistics/nodes/node/drops,spine1,0,0,0,0,0,0,0,0,0,3509,0,0,0,0,0,232,0/0/CPU0,0,0,0,0,0,0,0
2020-01-21 08:16:18.699000+00:00,Cisco-IOS-XR-fib-common-oper:fib-statistics/nodes/node/drops,spine1,0,0,0,0,0,0,0,0,0,0,0,0,0,0,0,0,0/RP0/CPU0,0,0,0,0,0,0,0
2020-01-21 08:16:30.165000+00:00,Cisco-IOS-XR-fib-common-oper:fib-statistics/nodes/node/drops,spine1,0,0,0,0,0,0,0,0,0,3509,0,0,0,0,0,232,0/0/CPU0,0,0,0,0,0,0,0
2020-01-21 08:16:30.167000+00:00,Cisco-IOS-XR-fib-common-oper:fib-statistics/nodes/node/drops,spine1,0,0,0,0,0,0,0,0,0,0,0,0,0,0,0,0,0/RP0/CPU0,0,0,0,0,0,0,0
2020-01-21 08:16:41.781000+00:00,Cisco-IOS-XR-fib-common-oper:fib-statistics/nodes/node/drops,spine1,0,0,0,0,0,0,0,0,0,3509,0,0,0,0,0,232,0/0/CPU0,0,0,0,0,0,0,0
2020-01-21 08:16:41.782000+00:00,Cisco-IOS-XR-fib-common-oper:fib-statistics/nodes/node/drops,spine1,0,0,0,0,0,0,0,0,0,0,0,0,0,0,0,0,0/RP0/CPU0,0,0,0,0,0,0,0
2020-01-21 08:16:53.326000+00:00,Cisco-IOS-XR-fib-common-oper:fib-statistics/nodes/node/drops,spine1,0,0,0,0,0,0,0,0,0,3509,0,0,0,0,0,232,0/0/CPU0,0,0,0,0,0,0,0
2020-01-21 08:16:53.328000+00:00,Cisco-IOS-XR-fib-common-oper:fib-statistics/nodes/node/drops,spine1,0,0,0,0,0,0,0,0,0,0,0,0,0,0,0,0,0/RP0/CPU0,0,0,0,0,0,0,0
2020-01-21 08:17:04.463000+00:00,Cisco-IOS-XR-fib-common-oper:fib-statistics/nodes/node/drops,spine1,0,0,0,0,0,0,0,0,0,3509,0,0,0,0,0,232,0/0/CPU0,0,0,0,0,0,0,0
2020-01-21 08:17:04.464000+00:00,Cisco-IOS-XR-fib-common-oper:fib-statistics/nodes/node/drops,spine1,0,0,0,0,0,0,0,0,0,0,0,0,0,0,0,0,0/RP0/CPU0,0,0,0,0,0,0,0
2020-01-21 08:17:15.889000+00:00,Cisco-IOS-XR-fib-common-oper:fib-statistics/nodes/node/drops,spine1,0,0,0,0,0,0,0,0,0,3509,0,0,0,0,0,232,0/0/CPU0,0,0,0,0,0,0,0
2020-01-21 08:17:15.890000+00:00,Cisco-IOS-XR-fib-common-oper:fib-statistics/nodes/node/drops,spine1,0,0,0,0,0,0,0,0,0,0,0,0,0,0,0,0,0/RP0/CPU0,0,0,0,0,0,0,0
2020-01-21 08:17:27.329000+00:00,Cisco-IOS-XR-fib-common-oper:fib-statistics/nodes/node/drops,spine1,0,0,0,0,0,0,0,0,0,3509,0,0,0,0,0,232,0/0/CPU0,0,0,0,0,0,0,0
2020-01-21 08:17:27.331000+00:00,Cisco-IOS-XR-fib-common-oper:fib-statistics/nodes/node/drops,spine1,0,0,0,0,0,0,0,0,0,0,0,0,0,0,0,0,0/RP0/CPU0,0,0,0,0,0,0,0
2020-01-21 08:17:39.086000+00:00,Cisco-IOS-XR-fib-common-oper:fib-statistics/nodes/node/drops,spine1,0,0,0,0,0,0,0,0,0,3509,0,0,0,0,0,232,0/0/CPU0,0,0,0,0,0,0,0
2020-01-21 08:17:39.087000+00:00,Cisco-IOS-XR-fib-common-oper:fib-statistics/nodes/node/drops,spine1,0,0,0,0,0,0,0,0,0,0,0,0,0,0,0,0,0/RP0/CPU0,0,0,0,0,0,0,0
2020-01-21 08:17:50.199000+00:00,Cisco-IOS-XR-fib-common-oper:fib-statistics/nodes/node/drops,spine1,0,0,0,0,0,0,0,0,0,3509,0,0,0,0,0,232,0/0/CPU0,0,0,0,0,0,0,0
2020-01-21 08:17:50.200000+00:00,Cisco-IOS-XR-fib-common-oper:fib-statistics/nodes/node/drops,spine1,0,0,0,0,0,0,0,0,0,0,0,0,0,0,0,0,0/RP0/CPU0,0,0,0,0,0,0,0
2020-01-21 08:18:01.655000+00:00,Cisco-IOS-XR-fib-common-oper:fib-statistics/nodes/node/drops,spine1,0,0,0,0,0,0,0,0,0,3509,0,0,0,0,0,232,0/0/CPU0,0,0,0,0,0,0,0
2020-01-21 08:18:01.656000+00:00,Cisco-IOS-XR-fib-common-oper:fib-statistics/nodes/node/drops,spine1,0,0,0,0,0,0,0,0,0,0,0,0,0,0,0,0,0/RP0/CPU0,0,0,0,0,0,0,0
2020-01-21 08:18:13.084000+00:00,Cisco-IOS-XR-fib-common-oper:fib-statistics/nodes/node/drops,spine1,0,0,0,0,0,0,0,0,0,3509,0,0,0,0,0,232,0/0/CPU0,0,0,0,0,0,0,0
2020-01-21 08:18:13.086000+00:00,Cisco-IOS-XR-fib-common-oper:fib-statistics/nodes/node/drops,spine1,0,0,0,0,0,0,0,0,0,0,0,0,0,0,0,0,0/RP0/CPU0,0,0,0,0,0,0,0
2020-01-21 08:18:24.543000+00:00,Cisco-IOS-XR-fib-common-oper:fib-statistics/nodes/node/drops,spine1,0,0,0,0,0,0,0,0,0,3509,0,0,0,0,0,232,0/0/CPU0,0,0,0,0,0,0,0
2020-01-21 08:18:24.545000+00:00,Cisco-IOS-XR-fib-common-oper:fib-statistics/nodes/node/drops,spine1,0,0,0,0,0,0,0,0,0,0,0,0,0,0,0,0,0/RP0/CPU0,0,0,0,0,0,0,0
2020-01-21 08:18:36.389000+00:00,Cisco-IOS-XR-fib-common-oper:fib-statistics/nodes/node/drops,spine1,0,0,0,0,0,0,0,0,0,3509,0,0,0,0,0,232,0/0/CPU0,0,0,0,0,0,0,0
2020-01-21 08:18:36.390000+00:00,Cisco-IOS-XR-fib-common-oper:fib-statistics/nodes/node/drops,spine1,0,0,0,0,0,0,0,0,0,0,0,0,0,0,0,0,0/RP0/CPU0,0,0,0,0,0,0,0
2020-01-21 08:18:47.469000+00:00,Cisco-IOS-XR-fib-common-oper:fib-statistics/nodes/node/drops,spine1,0,0,0,0,0,0,0,0,0,3509,0,0,0,0,0,232,0/0/CPU0,0,0,0,0,0,0,0
2020-01-21 08:18:47.470000+00:00,Cisco-IOS-XR-fib-common-oper:fib-statistics/nodes/node/drops,spine1,0,0,0,0,0,0,0,0,0,0,0,0,0,0,0,0,0/RP0/CPU0,0,0,0,0,0,0,0
2020-01-21 08:18:58.927000+00:00,Cisco-IOS-XR-fib-common-oper:fib-statistics/nodes/node/drops,spine1,0,0,0,0,0,0,0,0,0,3509,0,0,0,0,0,232,0/0/CPU0,0,0,0,0,0,0,0
2020-01-21 08:18:58.929000+00:00,Cisco-IOS-XR-fib-common-oper:fib-statistics/nodes/node/drops,spine1,0,0,0,0,0,0,0,0,0,0,0,0,0,0,0,0,0/RP0/CPU0,0,0,0,0,0,0,0
2020-01-21 08:19:10.404000+00:00,Cisco-IOS-XR-fib-common-oper:fib-statistics/nodes/node/drops,spine1,0,0,0,0,0,0,0,0,0,3509,0,0,0,0,0,232,0/0/CPU0,0,0,0,0,0,0,0
2020-01-21 08:19:10.405000+00:00,Cisco-IOS-XR-fib-common-oper:fib-statistics/nodes/node/drops,spine1,0,0,0,0,0,0,0,0,0,0,0,0,0,0,0,0,0/RP0/CPU0,0,0,0,0,0,0,0
2020-01-21 08:19:21.857000+00:00,Cisco-IOS-XR-fib-common-oper:fib-statistics/nodes/node/drops,spine1,0,0,0,0,0,0,0,0,0,3509,0,0,0,0,0,232,0/0/CPU0,0,0,0,0,0,0,0
2020-01-21 08:19:21.859000+00:00,Cisco-IOS-XR-fib-common-oper:fib-statistics/nodes/node/drops,spine1,0,0,0,0,0,0,0,0,0,0,0,0,0,0,0,0,0/RP0/CPU0,0,0,0,0,0,0,0
2020-01-21 08:19:33.685000+00:00,Cisco-IOS-XR-fib-common-oper:fib-statistics/nodes/node/drops,spine1,0,0,0,0,0,0,0,0,0,3509,0,0,0,0,0,232,0/0/CPU0,0,0,0,0,0,0,0
2020-01-21 08:19:33.686000+00:00,Cisco-IOS-XR-fib-common-oper:fib-statistics/nodes/node/drops,spine1,0,0,0,0,0,0,0,0,0,0,0,0,0,0,0,0,0/RP0/CPU0,0,0,0,0,0,0,0
2020-01-21 08:19:44.754000+00:00,Cisco-IOS-XR-fib-common-oper:fib-statistics/nodes/node/drops,spine1,0,0,0,0,0,0,0,0,0,3509,0,0,0,0,0,232,0/0/CPU0,0,0,0,0,0,0,0
2020-01-21 08:19:44.755000+00:00,Cisco-IOS-XR-fib-common-oper:fib-statistics/nodes/node/drops,spine1,0,0,0,0,0,0,0,0,0,0,0,0,0,0,0,0,0/RP0/CPU0,0,0,0,0,0,0,0
2020-01-21 08:19:56.205000+00:00,Cisco-IOS-XR-fib-common-oper:fib-statistics/nodes/node/drops,spine1,0,0,0,0,0,0,0,0,0,3509,0,0,0,0,0,232,0/0/CPU0,0,0,0,0,0,0,0
2020-01-21 08:19:56.206000+00:00,Cisco-IOS-XR-fib-common-oper:fib-statistics/nodes/node/drops,spine1,0,0,0,0,0,0,0,0,0,0,0,0,0,0,0,0,0/RP0/CPU0,0,0,0,0,0,0,0
2020-01-21 08:20:07.639000+00:00,Cisco-IOS-XR-fib-common-oper:fib-statistics/nodes/node/drops,spine1,0,0,0,0,0,0,0,0,0,3509,0,0,0,0,0,232,0/0/CPU0,0,0,0,0,0,0,0
2020-01-21 08:20:07.640000+00:00,Cisco-IOS-XR-fib-common-oper:fib-statistics/nodes/node/drops,spine1,0,0,0,0,0,0,0,0,0,0,0,0,0,0,0,0,0/RP0/CPU0,0,0,0,0,0,0,0
2020-01-21 08:20:19.090000+00:00,Cisco-IOS-XR-fib-common-oper:fib-statistics/nodes/node/drops,spine1,0,0,0,0,0,0,0,0,0,3509,0,0,0,0,0,232,0/0/CPU0,0,0,0,0,0,0,0
2020-01-21 08:20:19.092000+00:00,Cisco-IOS-XR-fib-common-oper:fib-statistics/nodes/node/drops,spine1,0,0,0,0,0,0,0,0,0,0,0,0,0,0,0,0,0/RP0/CPU0,0,0,0,0,0,0,0
2020-01-21 08:20:30.891000+00:00,Cisco-IOS-XR-fib-common-oper:fib-statistics/nodes/node/drops,spine1,0,0,0,0,0,0,0,0,0,3509,0,0,0,0,0,232,0/0/CPU0,0,0,0,0,0,0,0
2020-01-21 08:20:30.893000+00:00,Cisco-IOS-XR-fib-common-oper:fib-statistics/nodes/node/drops,spine1,0,0,0,0,0,0,0,0,0,0,0,0,0,0,0,0,0/RP0/CPU0,0,0,0,0,0,0,0
2020-01-21 08:20:41.932000+00:00,Cisco-IOS-XR-fib-common-oper:fib-statistics/nodes/node/drops,spine1,0,0,0,0,0,0,0,0,0,3509,0,0,0,0,0,232,0/0/CPU0,0,0,0,0,0,0,0
2020-01-21 08:20:41.933000+00:00,Cisco-IOS-XR-fib-common-oper:fib-statistics/nodes/node/drops,spine1,0,0,0,0,0,0,0,0,0,0,0,0,0,0,0,0,0/RP0/CPU0,0,0,0,0,0,0,0
2020-01-21 08:20:53.346000+00:00,Cisco-IOS-XR-fib-common-oper:fib-statistics/nodes/node/drops,spine1,0,0,0,0,0,0,0,0,0,3509,0,0,0,0,0,232,0/0/CPU0,0,0,0,0,0,0,0
2020-01-21 08:20:53.347000+00:00,Cisco-IOS-XR-fib-common-oper:fib-statistics/nodes/node/drops,spine1,0,0,0,0,0,0,0,0,0,0,0,0,0,0,0,0,0/RP0/CPU0,0,0,0,0,0,0,0
2020-01-21 08:21:04.815000+00:00,Cisco-IOS-XR-fib-common-oper:fib-statistics/nodes/node/drops,spine1,0,0,0,0,0,0,0,0,0,3509,0,0,0,0,0,232,0/0/CPU0,0,0,0,0,0,0,0
2020-01-21 08:21:04.817000+00:00,Cisco-IOS-XR-fib-common-oper:fib-statistics/nodes/node/drops,spine1,0,0,0,0,0,0,0,0,0,0,0,0,0,0,0,0,0/RP0/CPU0,0,0,0,0,0,0,0
2020-01-21 08:21:16.469000+00:00,Cisco-IOS-XR-fib-common-oper:fib-statistics/nodes/node/drops,spine1,0,0,0,0,0,0,0,0,0,3509,0,0,0,0,0,232,0/0/CPU0,0,0,0,0,0,0,0
2020-01-21 08:21:16.470000+00:00,Cisco-IOS-XR-fib-common-oper:fib-statistics/nodes/node/drops,spine1,0,0,0,0,0,0,0,0,0,0,0,0,0,0,0,0,0/RP0/CPU0,0,0,0,0,0,0,0
2020-01-21 08:21:27.657000+00:00,Cisco-IOS-XR-fib-common-oper:fib-statistics/nodes/node/drops,spine1,0,0,0,0,0,0,0,0,0,3509,0,0,0,0,0,232,0/0/CPU0,0,0,0,0,0,0,0
2020-01-21 08:21:27.658000+00:00,Cisco-IOS-XR-fib-common-oper:fib-statistics/nodes/node/drops,spine1,0,0,0,0,0,0,0,0,0,0,0,0,0,0,0,0,0/RP0/CPU0,0,0,0,0,0,0,0
2020-01-21 08:21:39.093000+00:00,Cisco-IOS-XR-fib-common-oper:fib-statistics/nodes/node/drops,spine1,0,0,0,0,0,0,0,0,0,3509,0,0,0,0,0,232,0/0/CPU0,0,0,0,0,0,0,0
2020-01-21 08:21:39.094000+00:00,Cisco-IOS-XR-fib-common-oper:fib-statistics/nodes/node/drops,spine1,0,0,0,0,0,0,0,0,0,0,0,0,0,0,0,0,0/RP0/CPU0,0,0,0,0,0,0,0
2020-01-21 08:21:50.570000+00:00,Cisco-IOS-XR-fib-common-oper:fib-statistics/nodes/node/drops,spine1,0,0,0,0,0,0,0,0,0,3509,0,0,0,0,0,232,0/0/CPU0,0,0,0,0,0,0,0
2020-01-21 08:21:50.571000+00:00,Cisco-IOS-XR-fib-common-oper:fib-statistics/nodes/node/drops,spine1,0,0,0,0,0,0,0,0,0,0,0,0,0,0,0,0,0/RP0/CPU0,0,0,0,0,0,0,0
2020-01-21 08:22:01.981000+00:00,Cisco-IOS-XR-fib-common-oper:fib-statistics/nodes/node/drops,spine1,0,0,0,0,0,0,0,0,0,3509,0,0,0,0,0,232,0/0/CPU0,0,0,0,0,0,0,0
2020-01-21 08:22:01.983000+00:00,Cisco-IOS-XR-fib-common-oper:fib-statistics/nodes/node/drops,spine1,0,0,0,0,0,0,0,0,0,0,0,0,0,0,0,0,0/RP0/CPU0,0,0,0,0,0,0,0
2020-01-21 08:22:13.784000+00:00,Cisco-IOS-XR-fib-common-oper:fib-statistics/nodes/node/drops,spine1,0,0,0,0,0,0,0,0,0,3509,0,0,0,0,0,232,0/0/CPU0,0,0,0,0,0,0,0
2020-01-21 08:22:13.785000+00:00,Cisco-IOS-XR-fib-common-oper:fib-statistics/nodes/node/drops,spine1,0,0,0,0,0,0,0,0,0,0,0,0,0,0,0,0,0/RP0/CPU0,0,0,0,0,0,0,0
2020-01-21 08:22:24.854000+00:00,Cisco-IOS-XR-fib-common-oper:fib-statistics/nodes/node/drops,spine1,0,0,0,0,0,0,0,0,0,3509,0,0,0,0,0,232,0/0/CPU0,0,0,0,0,0,0,0
2020-01-21 08:22:24.855000+00:00,Cisco-IOS-XR-fib-common-oper:fib-statistics/nodes/node/drops,spine1,0,0,0,0,0,0,0,0,0,0,0,0,0,0,0,0,0/RP0/CPU0,0,0,0,0,0,0,0
2020-01-21 08:22:36.274000+00:00,Cisco-IOS-XR-fib-common-oper:fib-statistics/nodes/node/drops,spine1,0,0,0,0,0,0,0,0,0,3509,0,0,0,0,0,232,0/0/CPU0,0,0,0,0,0,0,0
2020-01-21 08:22:36.275000+00:00,Cisco-IOS-XR-fib-common-oper:fib-statistics/nodes/node/drops,spine1,0,0,0,0,0,0,0,0,0,0,0,0,0,0,0,0,0/RP0/CPU0,0,0,0,0,0,0,0
2020-01-21 08:22:47.708000+00:00,Cisco-IOS-XR-fib-common-oper:fib-statistics/nodes/node/drops,spine1,0,0,0,0,0,0,0,0,0,3509,0,0,0,0,0,232,0/0/CPU0,0,0,0,0,0,0,0
2020-01-21 08:22:47.709000+00:00,Cisco-IOS-XR-fib-common-oper:fib-statistics/nodes/node/drops,spine1,0,0,0,0,0,0,0,0,0,0,0,0,0,0,0,0,0/RP0/CPU0,0,0,0,0,0,0,0
2020-01-21 08:22:59.160000+00:00,Cisco-IOS-XR-fib-common-oper:fib-statistics/nodes/node/drops,spine1,0,0,0,0,0,0,0,0,0,3509,0,0,0,0,0,232,0/0/CPU0,0,0,0,0,0,0,0
2020-01-21 08:22:59.161000+00:00,Cisco-IOS-XR-fib-common-oper:fib-statistics/nodes/node/drops,spine1,0,0,0,0,0,0,0,0,0,0,0,0,0,0,0,0,0/RP0/CPU0,0,0,0,0,0,0,0
2020-01-21 08:23:10.942000+00:00,Cisco-IOS-XR-fib-common-oper:fib-statistics/nodes/node/drops,spine1,0,0,0,0,0,0,0,0,0,3509,0,0,0,0,0,232,0/0/CPU0,0,0,0,0,0,0,0
2020-01-21 08:23:10.944000+00:00,Cisco-IOS-XR-fib-common-oper:fib-statistics/nodes/node/drops,spine1,0,0,0,0,0,0,0,0,0,0,0,0,0,0,0,0,0/RP0/CPU0,0,0,0,0,0,0,0
2020-01-21 08:23:22.275000+00:00,Cisco-IOS-XR-fib-common-oper:fib-statistics/nodes/node/drops,spine1,0,0,0,0,0,0,0,0,0,3509,0,0,0,0,0,232,0/0/CPU0,0,0,0,0,0,0,0
2020-01-21 08:23:22.276000+00:00,Cisco-IOS-XR-fib-common-oper:fib-statistics/nodes/node/drops,spine1,0,0,0,0,0,0,0,0,0,0,0,0,0,0,0,0,0/RP0/CPU0,0,0,0,0,0,0,0
2020-01-21 08:23:33.431000+00:00,Cisco-IOS-XR-fib-common-oper:fib-statistics/nodes/node/drops,spine1,0,0,0,0,0,0,0,0,0,3509,0,0,0,0,0,232,0/0/CPU0,0,0,0,0,0,0,0
2020-01-21 08:23:33.432000+00:00,Cisco-IOS-XR-fib-common-oper:fib-statistics/nodes/node/drops,spine1,0,0,0,0,0,0,0,0,0,0,0,0,0,0,0,0,0/RP0/CPU0,0,0,0,0,0,0,0
2020-01-21 08:23:44.856000+00:00,Cisco-IOS-XR-fib-common-oper:fib-statistics/nodes/node/drops,spine1,0,0,0,0,0,0,0,0,0,3509,0,0,0,0,0,232,0/0/CPU0,0,0,0,0,0,0,0
2020-01-21 08:23:44.858000+00:00,Cisco-IOS-XR-fib-common-oper:fib-statistics/nodes/node/drops,spine1,0,0,0,0,0,0,0,0,0,0,0,0,0,0,0,0,0/RP0/CPU0,0,0,0,0,0,0,0
2020-01-21 08:23:56.465000+00:00,Cisco-IOS-XR-fib-common-oper:fib-statistics/nodes/node/drops,spine1,0,0,0,0,0,0,0,0,0,3509,0,0,0,0,0,232,0/0/CPU0,0,0,0,0,0,0,0
2020-01-21 08:23:56.467000+00:00,Cisco-IOS-XR-fib-common-oper:fib-statistics/nodes/node/drops,spine1,0,0,0,0,0,0,0,0,0,0,0,0,0,0,0,0,0/RP0/CPU0,0,0,0,0,0,0,0
2020-01-21 08:24:08.086000+00:00,Cisco-IOS-XR-fib-common-oper:fib-statistics/nodes/node/drops,spine1,0,0,0,0,0,0,0,0,0,3509,0,0,0,0,0,232,0/0/CPU0,0,0,0,0,0,0,0
2020-01-21 08:24:08.088000+00:00,Cisco-IOS-XR-fib-common-oper:fib-statistics/nodes/node/drops,spine1,0,0,0,0,0,0,0,0,0,0,0,0,0,0,0,0,0/RP0/CPU0,0,0,0,0,0,0,0
2020-01-21 08:24:19.211000+00:00,Cisco-IOS-XR-fib-common-oper:fib-statistics/nodes/node/drops,spine1,0,0,0,0,0,0,0,0,0,3509,0,0,0,0,0,232,0/0/CPU0,0,0,0,0,0,0,0
2020-01-21 08:24:19.212000+00:00,Cisco-IOS-XR-fib-common-oper:fib-statistics/nodes/node/drops,spine1,0,0,0,0,0,0,0,0,0,0,0,0,0,0,0,0,0/RP0/CPU0,0,0,0,0,0,0,0
2020-01-21 08:24:30.634000+00:00,Cisco-IOS-XR-fib-common-oper:fib-statistics/nodes/node/drops,spine1,0,0,0,0,0,0,0,0,0,3509,0,0,0,0,0,232,0/0/CPU0,0,0,0,0,0,0,0
2020-01-21 08:24:30.635000+00:00,Cisco-IOS-XR-fib-common-oper:fib-statistics/nodes/node/drops,spine1,0,0,0,0,0,0,0,0,0,0,0,0,0,0,0,0,0/RP0/CPU0,0,0,0,0,0,0,0
2020-01-21 08:24:42.113000+00:00,Cisco-IOS-XR-fib-common-oper:fib-statistics/nodes/node/drops,spine1,0,0,0,0,0,0,0,0,0,3509,0,0,0,0,0,232,0/0/CPU0,0,0,0,0,0,0,0
2020-01-21 08:24:42.115000+00:00,Cisco-IOS-XR-fib-common-oper:fib-statistics/nodes/node/drops,spine1,0,0,0,0,0,0,0,0,0,0,0,0,0,0,0,0,0/RP0/CPU0,0,0,0,0,0,0,0
2020-01-21 08:24:53.761000+00:00,Cisco-IOS-XR-fib-common-oper:fib-statistics/nodes/node/drops,spine1,0,0,0,0,0,0,0,0,0,3509,0,0,0,0,0,232,0/0/CPU0,0,0,0,0,0,0,0
2020-01-21 08:24:53.762000+00:00,Cisco-IOS-XR-fib-common-oper:fib-statistics/nodes/node/drops,spine1,0,0,0,0,0,0,0,0,0,0,0,0,0,0,0,0,0/RP0/CPU0,0,0,0,0,0,0,0
2020-01-21 08:25:04.975000+00:00,Cisco-IOS-XR-fib-common-oper:fib-statistics/nodes/node/drops,spine1,0,0,0,0,0,0,0,0,0,3509,0,0,0,0,0,232,0/0/CPU0,0,0,0,0,0,0,0
2020-01-21 08:25:04.976000+00:00,Cisco-IOS-XR-fib-common-oper:fib-statistics/nodes/node/drops,spine1,0,0,0,0,0,0,0,0,0,0,0,0,0,0,0,0,0/RP0/CPU0,0,0,0,0,0,0,0
2020-01-21 08:25:16.407000+00:00,Cisco-IOS-XR-fib-common-oper:fib-statistics/nodes/node/drops,spine1,0,0,0,0,0,0,0,0,0,3509,0,0,0,0,0,232,0/0/CPU0,0,0,0,0,0,0,0
2020-01-21 08:25:16.408000+00:00,Cisco-IOS-XR-fib-common-oper:fib-statistics/nodes/node/drops,spine1,0,0,0,0,0,0,0,0,0,0,0,0,0,0,0,0,0/RP0/CPU0,0,0,0,0,0,0,0
2020-01-21 08:25:27.842000+00:00,Cisco-IOS-XR-fib-common-oper:fib-statistics/nodes/node/drops,spine1,0,0,0,0,0,0,0,0,0,3509,0,0,0,0,0,232,0/0/CPU0,0,0,0,0,0,0,0
2020-01-21 08:25:27.843000+00:00,Cisco-IOS-XR-fib-common-oper:fib-statistics/nodes/node/drops,spine1,0,0,0,0,0,0,0,0,0,0,0,0,0,0,0,0,0/RP0/CPU0,0,0,0,0,0,0,0
2020-01-21 08:25:39.322000+00:00,Cisco-IOS-XR-fib-common-oper:fib-statistics/nodes/node/drops,spine1,0,0,0,0,0,0,0,0,0,3509,0,0,0,0,0,232,0/0/CPU0,0,0,0,0,0,0,0
2020-01-21 08:25:39.323000+00:00,Cisco-IOS-XR-fib-common-oper:fib-statistics/nodes/node/drops,spine1,0,0,0,0,0,0,0,0,0,0,0,0,0,0,0,0,0/RP0/CPU0,0,0,0,0,0,0,0
2020-01-21 08:25:51.084000+00:00,Cisco-IOS-XR-fib-common-oper:fib-statistics/nodes/node/drops,spine1,0,0,0,0,0,0,0,0,0,3509,0,0,0,0,0,232,0/0/CPU0,0,0,0,0,0,0,0
2020-01-21 08:25:51.085000+00:00,Cisco-IOS-XR-fib-common-oper:fib-statistics/nodes/node/drops,spine1,0,0,0,0,0,0,0,0,0,0,0,0,0,0,0,0,0/RP0/CPU0,0,0,0,0,0,0,0
2020-01-21 08:26:02.209000+00:00,Cisco-IOS-XR-fib-common-oper:fib-statistics/nodes/node/drops,spine1,0,0,0,0,0,0,0,0,0,3509,0,0,0,0,0,232,0/0/CPU0,0,0,0,0,0,0,0
2020-01-21 08:26:02.210000+00:00,Cisco-IOS-XR-fib-common-oper:fib-statistics/nodes/node/drops,spine1,0,0,0,0,0,0,0,0,0,0,0,0,0,0,0,0,0/RP0/CPU0,0,0,0,0,0,0,0
2020-01-21 08:26:13.629000+00:00,Cisco-IOS-XR-fib-common-oper:fib-statistics/nodes/node/drops,spine1,0,0,0,0,0,0,0,0,0,3509,0,0,0,0,0,232,0/0/CPU0,0,0,0,0,0,0,0
2020-01-21 08:26:13.630000+00:00,Cisco-IOS-XR-fib-common-oper:fib-statistics/nodes/node/drops,spine1,0,0,0,0,0,0,0,0,0,0,0,0,0,0,0,0,0/RP0/CPU0,0,0,0,0,0,0,0
2020-01-21 08:26:25.093000+00:00,Cisco-IOS-XR-fib-common-oper:fib-statistics/nodes/node/drops,spine1,0,0,0,0,0,0,0,0,0,3509,0,0,0,0,0,232,0/0/CPU0,0,0,0,0,0,0,0
2020-01-21 08:26:25.094000+00:00,Cisco-IOS-XR-fib-common-oper:fib-statistics/nodes/node/drops,spine1,0,0,0,0,0,0,0,0,0,0,0,0,0,0,0,0,0/RP0/CPU0,0,0,0,0,0,0,0
2020-01-21 08:26:36.535000+00:00,Cisco-IOS-XR-fib-common-oper:fib-statistics/nodes/node/drops,spine1,0,0,0,0,0,0,0,0,0,3509,0,0,0,0,0,232,0/0/CPU0,0,0,0,0,0,0,0
2020-01-21 08:26:36.536000+00:00,Cisco-IOS-XR-fib-common-oper:fib-statistics/nodes/node/drops,spine1,0,0,0,0,0,0,0,0,0,0,0,0,0,0,0,0,0/RP0/CPU0,0,0,0,0,0,0,0
2020-01-21 08:26:48.368000+00:00,Cisco-IOS-XR-fib-common-oper:fib-statistics/nodes/node/drops,spine1,0,0,0,0,0,0,0,0,0,3509,0,0,0,0,0,232,0/0/CPU0,0,0,0,0,0,0,0
2020-01-21 08:26:48.369000+00:00,Cisco-IOS-XR-fib-common-oper:fib-statistics/nodes/node/drops,spine1,0,0,0,0,0,0,0,0,0,0,0,0,0,0,0,0,0/RP0/CPU0,0,0,0,0,0,0,0
2020-01-21 08:26:59.461000+00:00,Cisco-IOS-XR-fib-common-oper:fib-statistics/nodes/node/drops,spine1,0,0,0,0,0,0,0,0,0,3509,0,0,0,0,0,232,0/0/CPU0,0,0,0,0,0,0,0
2020-01-21 08:26:59.463000+00:00,Cisco-IOS-XR-fib-common-oper:fib-statistics/nodes/node/drops,spine1,0,0,0,0,0,0,0,0,0,0,0,0,0,0,0,0,0/RP0/CPU0,0,0,0,0,0,0,0
2020-01-21 08:27:10.867000+00:00,Cisco-IOS-XR-fib-common-oper:fib-statistics/nodes/node/drops,spine1,0,0,0,0,0,0,0,0,0,3509,0,0,0,0,0,232,0/0/CPU0,0,0,0,0,0,0,0
2020-01-21 08:27:10.868000+00:00,Cisco-IOS-XR-fib-common-oper:fib-statistics/nodes/node/drops,spine1,0,0,0,0,0,0,0,0,0,0,0,0,0,0,0,0,0/RP0/CPU0,0,0,0,0,0,0,0
2020-01-21 08:27:22.338000+00:00,Cisco-IOS-XR-fib-common-oper:fib-statistics/nodes/node/drops,spine1,0,0,0,0,0,0,0,0,0,3509,0,0,0,0,0,232,0/0/CPU0,0,0,0,0,0,0,0
2020-01-21 08:27:22.339000+00:00,Cisco-IOS-XR-fib-common-oper:fib-statistics/nodes/node/drops,spine1,0,0,0,0,0,0,0,0,0,0,0,0,0,0,0,0,0/RP0/CPU0,0,0,0,0,0,0,0
2020-01-21 08:27:33.849000+00:00,Cisco-IOS-XR-fib-common-oper:fib-statistics/nodes/node/drops,spine1,0,0,0,0,0,0,0,0,0,3509,0,0,0,0,0,232,0/0/CPU0,0,0,0,0,0,0,0
2020-01-21 08:27:33.851000+00:00,Cisco-IOS-XR-fib-common-oper:fib-statistics/nodes/node/drops,spine1,0,0,0,0,0,0,0,0,0,0,0,0,0,0,0,0,0/RP0/CPU0,0,0,0,0,0,0,0
2020-01-21 08:27:45.462000+00:00,Cisco-IOS-XR-fib-common-oper:fib-statistics/nodes/node/drops,spine1,0,0,0,0,0,0,0,0,0,3509,0,0,0,0,0,232,0/0/CPU0,0,0,0,0,0,0,0
2020-01-21 08:27:45.464000+00:00,Cisco-IOS-XR-fib-common-oper:fib-statistics/nodes/node/drops,spine1,0,0,0,0,0,0,0,0,0,0,0,0,0,0,0,0,0/RP0/CPU0,0,0,0,0,0,0,0
2020-01-21 08:27:56.645000+00:00,Cisco-IOS-XR-fib-common-oper:fib-statistics/nodes/node/drops,spine1,0,0,0,0,0,0,0,0,0,3509,0,0,0,0,0,232,0/0/CPU0,0,0,0,0,0,0,0
2020-01-21 08:27:56.647000+00:00,Cisco-IOS-XR-fib-common-oper:fib-statistics/nodes/node/drops,spine1,0,0,0,0,0,0,0,0,0,0,0,0,0,0,0,0,0/RP0/CPU0,0,0,0,0,0,0,0
2020-01-21 08:28:08.144000+00:00,Cisco-IOS-XR-fib-common-oper:fib-statistics/nodes/node/drops,spine1,0,0,0,0,0,0,0,0,0,3509,0,0,0,0,0,232,0/0/CPU0,0,0,0,0,0,0,0
2020-01-21 08:28:08.145000+00:00,Cisco-IOS-XR-fib-common-oper:fib-statistics/nodes/node/drops,spine1,0,0,0,0,0,0,0,0,0,0,0,0,0,0,0,0,0/RP0/CPU0,0,0,0,0,0,0,0
2020-01-21 08:28:19.588000+00:00,Cisco-IOS-XR-fib-common-oper:fib-statistics/nodes/node/drops,spine1,0,0,0,0,0,0,0,0,0,3509,0,0,0,0,0,232,0/0/CPU0,0,0,0,0,0,0,0
2020-01-21 08:28:19.589000+00:00,Cisco-IOS-XR-fib-common-oper:fib-statistics/nodes/node/drops,spine1,0,0,0,0,0,0,0,0,0,0,0,0,0,0,0,0,0/RP0/CPU0,0,0,0,0,0,0,0
2020-01-21 08:28:31.181000+00:00,Cisco-IOS-XR-fib-common-oper:fib-statistics/nodes/node/drops,spine1,0,0,0,0,0,0,0,0,0,3509,0,0,0,0,0,232,0/0/CPU0,0,0,0,0,0,0,0
2020-01-21 08:28:31.183000+00:00,Cisco-IOS-XR-fib-common-oper:fib-statistics/nodes/node/drops,spine1,0,0,0,0,0,0,0,0,0,0,0,0,0,0,0,0,0/RP0/CPU0,0,0,0,0,0,0,0
2020-01-21 08:28:42.384000+00:00,Cisco-IOS-XR-fib-common-oper:fib-statistics/nodes/node/drops,spine1,0,0,0,0,0,0,0,0,0,3509,0,0,0,0,0,232,0/0/CPU0,0,0,0,0,0,0,0
2020-01-21 08:28:42.385000+00:00,Cisco-IOS-XR-fib-common-oper:fib-statistics/nodes/node/drops,spine1,0,0,0,0,0,0,0,0,0,0,0,0,0,0,0,0,0/RP0/CPU0,0,0,0,0,0,0,0
2020-01-21 08:28:53.840000+00:00,Cisco-IOS-XR-fib-common-oper:fib-statistics/nodes/node/drops,spine1,0,0,0,0,0,0,0,0,0,3509,0,0,0,0,0,232,0/0/CPU0,0,0,0,0,0,0,0
2020-01-21 08:28:53.841000+00:00,Cisco-IOS-XR-fib-common-oper:fib-statistics/nodes/node/drops,spine1,0,0,0,0,0,0,0,0,0,0,0,0,0,0,0,0,0/RP0/CPU0,0,0,0,0,0,0,0
2020-01-21 08:29:05.280000+00:00,Cisco-IOS-XR-fib-common-oper:fib-statistics/nodes/node/drops,spine1,0,0,0,0,0,0,0,0,0,3509,0,0,0,0,0,232,0/0/CPU0,0,0,0,0,0,0,0
2020-01-21 08:29:05.281000+00:00,Cisco-IOS-XR-fib-common-oper:fib-statistics/nodes/node/drops,spine1,0,0,0,0,0,0,0,0,0,0,0,0,0,0,0,0,0/RP0/CPU0,0,0,0,0,0,0,0
2020-01-21 08:29:16.679000+00:00,Cisco-IOS-XR-fib-common-oper:fib-statistics/nodes/node/drops,spine1,0,0,0,0,0,0,0,0,0,3509,0,0,0,0,0,232,0/0/CPU0,0,0,0,0,0,0,0
2020-01-21 08:29:16.681000+00:00,Cisco-IOS-XR-fib-common-oper:fib-statistics/nodes/node/drops,spine1,0,0,0,0,0,0,0,0,0,0,0,0,0,0,0,0,0/RP0/CPU0,0,0,0,0,0,0,0
2020-01-21 08:29:28.506000+00:00,Cisco-IOS-XR-fib-common-oper:fib-statistics/nodes/node/drops,spine1,0,0,0,0,0,0,0,0,0,3509,0,0,0,0,0,232,0/0/CPU0,0,0,0,0,0,0,0
2020-01-21 08:29:28.508000+00:00,Cisco-IOS-XR-fib-common-oper:fib-statistics/nodes/node/drops,spine1,0,0,0,0,0,0,0,0,0,0,0,0,0,0,0,0,0/RP0/CPU0,0,0,0,0,0,0,0
2020-01-21 08:29:39.563000+00:00,Cisco-IOS-XR-fib-common-oper:fib-statistics/nodes/node/drops,spine1,0,0,0,0,0,0,0,0,0,3509,0,0,0,0,0,232,0/0/CPU0,0,0,0,0,0,0,0
2020-01-21 08:29:39.565000+00:00,Cisco-IOS-XR-fib-common-oper:fib-statistics/nodes/node/drops,spine1,0,0,0,0,0,0,0,0,0,0,0,0,0,0,0,0,0/RP0/CPU0,0,0,0,0,0,0,0
2020-01-21 08:29:51.015000+00:00,Cisco-IOS-XR-fib-common-oper:fib-statistics/nodes/node/drops,spine1,0,0,0,0,0,0,0,0,0,3509,0,0,0,0,0,232,0/0/CPU0,0,0,0,0,0,0,0
2020-01-21 08:29:51.016000+00:00,Cisco-IOS-XR-fib-common-oper:fib-statistics/nodes/node/drops,spine1,0,0,0,0,0,0,0,0,0,0,0,0,0,0,0,0,0/RP0/CPU0,0,0,0,0,0,0,0
2020-01-21 08:30:02.513000+00:00,Cisco-IOS-XR-fib-common-oper:fib-statistics/nodes/node/drops,spine1,0,0,0,0,0,0,0,0,0,3509,0,0,0,0,0,232,0/0/CPU0,0,0,0,0,0,0,0
2020-01-21 08:30:02.514000+00:00,Cisco-IOS-XR-fib-common-oper:fib-statistics/nodes/node/drops,spine1,0,0,0,0,0,0,0,0,0,0,0,0,0,0,0,0,0/RP0/CPU0,0,0,0,0,0,0,0
2020-01-21 08:30:13.918000+00:00,Cisco-IOS-XR-fib-common-oper:fib-statistics/nodes/node/drops,spine1,0,0,0,0,0,0,0,0,0,3509,0,0,0,0,0,232,0/0/CPU0,0,0,0,0,0,0,0
2020-01-21 08:30:13.919000+00:00,Cisco-IOS-XR-fib-common-oper:fib-statistics/nodes/node/drops,spine1,0,0,0,0,0,0,0,0,0,0,0,0,0,0,0,0,0/RP0/CPU0,0,0,0,0,0,0,0
2020-01-21 08:30:25.830000+00:00,Cisco-IOS-XR-fib-common-oper:fib-statistics/nodes/node/drops,spine1,0,0,0,0,0,0,0,0,0,3509,0,0,0,0,0,232,0/0/CPU0,0,0,0,0,0,0,0
2020-01-21 08:30:25.831000+00:00,Cisco-IOS-XR-fib-common-oper:fib-statistics/nodes/node/drops,spine1,0,0,0,0,0,0,0,0,0,0,0,0,0,0,0,0,0/RP0/CPU0,0,0,0,0,0,0,0
2020-01-21 08:30:36.910000+00:00,Cisco-IOS-XR-fib-common-oper:fib-statistics/nodes/node/drops,spine1,0,0,0,0,0,0,0,0,0,3509,0,0,0,0,0,232,0/0/CPU0,0,0,0,0,0,0,0
2020-01-21 08:30:36.912000+00:00,Cisco-IOS-XR-fib-common-oper:fib-statistics/nodes/node/drops,spine1,0,0,0,0,0,0,0,0,0,0,0,0,0,0,0,0,0/RP0/CPU0,0,0,0,0,0,0,0
2020-01-21 08:30:48.329000+00:00,Cisco-IOS-XR-fib-common-oper:fib-statistics/nodes/node/drops,spine1,0,0,0,0,0,0,0,0,0,3509,0,0,0,0,0,232,0/0/CPU0,0,0,0,0,0,0,0
2020-01-21 08:30:48.330000+00:00,Cisco-IOS-XR-fib-common-oper:fib-statistics/nodes/node/drops,spine1,0,0,0,0,0,0,0,0,0,0,0,0,0,0,0,0,0/RP0/CPU0,0,0,0,0,0,0,0
2020-01-21 08:30:59.776000+00:00,Cisco-IOS-XR-fib-common-oper:fib-statistics/nodes/node/drops,spine1,0,0,0,0,0,0,0,0,0,3509,0,0,0,0,0,232,0/0/CPU0,0,0,0,0,0,0,0
2020-01-21 08:30:59.778000+00:00,Cisco-IOS-XR-fib-common-oper:fib-statistics/nodes/node/drops,spine1,0,0,0,0,0,0,0,0,0,0,0,0,0,0,0,0,0/RP0/CPU0,0,0,0,0,0,0,0
2020-01-21 08:31:11.381000+00:00,Cisco-IOS-XR-fib-common-oper:fib-statistics/nodes/node/drops,spine1,0,0,0,0,0,0,0,0,0,3509,0,0,0,0,0,232,0/0/CPU0,0,0,0,0,0,0,0
2020-01-21 08:31:11.382000+00:00,Cisco-IOS-XR-fib-common-oper:fib-statistics/nodes/node/drops,spine1,0,0,0,0,0,0,0,0,0,0,0,0,0,0,0,0,0/RP0/CPU0,0,0,0,0,0,0,0
2020-01-21 08:31:22.808000+00:00,Cisco-IOS-XR-fib-common-oper:fib-statistics/nodes/node/drops,spine1,0,0,0,0,0,0,0,0,0,3509,0,0,0,0,0,232,0/0/CPU0,0,0,0,0,0,0,0
2020-01-21 08:31:22.809000+00:00,Cisco-IOS-XR-fib-common-oper:fib-statistics/nodes/node/drops,spine1,0,0,0,0,0,0,0,0,0,0,0,0,0,0,0,0,0/RP0/CPU0,0,0,0,0,0,0,0
2020-01-21 08:31:34.100000+00:00,Cisco-IOS-XR-fib-common-oper:fib-statistics/nodes/node/drops,spine1,0,0,0,0,0,0,0,0,0,3509,0,0,0,0,0,232,0/0/CPU0,0,0,0,0,0,0,0
2020-01-21 08:31:34.101000+00:00,Cisco-IOS-XR-fib-common-oper:fib-statistics/nodes/node/drops,spine1,0,0,0,0,0,0,0,0,0,0,0,0,0,0,0,0,0/RP0/CPU0,0,0,0,0,0,0,0
2020-01-21 08:31:45.529000+00:00,Cisco-IOS-XR-fib-common-oper:fib-statistics/nodes/node/drops,spine1,0,0,0,0,0,0,0,0,0,3509,0,0,0,0,0,232,0/0/CPU0,0,0,0,0,0,0,0
2020-01-21 08:31:45.530000+00:00,Cisco-IOS-XR-fib-common-oper:fib-statistics/nodes/node/drops,spine1,0,0,0,0,0,0,0,0,0,0,0,0,0,0,0,0,0/RP0/CPU0,0,0,0,0,0,0,0
2020-01-21 08:31:56.929000+00:00,Cisco-IOS-XR-fib-common-oper:fib-statistics/nodes/node/drops,spine1,0,0,0,0,0,0,0,0,0,3509,0,0,0,0,0,232,0/0/CPU0,0,0,0,0,0,0,0
2020-01-21 08:31:56.930000+00:00,Cisco-IOS-XR-fib-common-oper:fib-statistics/nodes/node/drops,spine1,0,0,0,0,0,0,0,0,0,0,0,0,0,0,0,0,0/RP0/CPU0,0,0,0,0,0,0,0
2020-01-21 08:32:08.718000+00:00,Cisco-IOS-XR-fib-common-oper:fib-statistics/nodes/node/drops,spine1,0,0,0,0,0,0,0,0,0,3509,0,0,0,0,0,232,0/0/CPU0,0,0,0,0,0,0,0
2020-01-21 08:32:08.719000+00:00,Cisco-IOS-XR-fib-common-oper:fib-statistics/nodes/node/drops,spine1,0,0,0,0,0,0,0,0,0,0,0,0,0,0,0,0,0/RP0/CPU0,0,0,0,0,0,0,0
2020-01-21 08:32:20.865000+00:00,Cisco-IOS-XR-fib-common-oper:fib-statistics/nodes/node/drops,spine1,0,0,0,0,0,0,0,0,0,3509,0,0,0,0,0,232,0/0/CPU0,0,0,0,0,0,0,0
2020-01-21 08:32:20.866000+00:00,Cisco-IOS-XR-fib-common-oper:fib-statistics/nodes/node/drops,spine1,0,0,0,0,0,0,0,0,0,0,0,0,0,0,0,0,0/RP0/CPU0,0,0,0,0,0,0,0
2020-01-21 08:32:31.304000+00:00,Cisco-IOS-XR-fib-common-oper:fib-statistics/nodes/node/drops,spine1,0,0,0,0,0,0,0,0,0,3509,0,0,0,0,0,232,0/0/CPU0,0,0,0,0,0,0,0
2020-01-21 08:32:31.306000+00:00,Cisco-IOS-XR-fib-common-oper:fib-statistics/nodes/node/drops,spine1,0,0,0,0,0,0,0,0,0,0,0,0,0,0,0,0,0/RP0/CPU0,0,0,0,0,0,0,0
2020-01-21 08:32:42.715000+00:00,Cisco-IOS-XR-fib-common-oper:fib-statistics/nodes/node/drops,spine1,0,0,0,0,0,0,0,0,0,3509,0,0,0,0,0,232,0/0/CPU0,0,0,0,0,0,0,0
2020-01-21 08:32:42.717000+00:00,Cisco-IOS-XR-fib-common-oper:fib-statistics/nodes/node/drops,spine1,0,0,0,0,0,0,0,0,0,0,0,0,0,0,0,0,0/RP0/CPU0,0,0,0,0,0,0,0
2020-01-21 08:32:54.170000+00:00,Cisco-IOS-XR-fib-common-oper:fib-statistics/nodes/node/drops,spine1,0,0,0,0,0,0,0,0,0,3509,0,0,0,0,0,232,0/0/CPU0,0,0,0,0,0,0,0
2020-01-21 08:32:54.172000+00:00,Cisco-IOS-XR-fib-common-oper:fib-statistics/nodes/node/drops,spine1,0,0,0,0,0,0,0,0,0,0,0,0,0,0,0,0,0/RP0/CPU0,0,0,0,0,0,0,0
2020-01-21 08:33:05.997000+00:00,Cisco-IOS-XR-fib-common-oper:fib-statistics/nodes/node/drops,spine1,0,0,0,0,0,0,0,0,0,3509,0,0,0,0,0,232,0/0/CPU0,0,0,0,0,0,0,0
2020-01-21 08:33:05.998000+00:00,Cisco-IOS-XR-fib-common-oper:fib-statistics/nodes/node/drops,spine1,0,0,0,0,0,0,0,0,0,0,0,0,0,0,0,0,0/RP0/CPU0,0,0,0,0,0,0,0
2020-01-21 08:33:17.476000+00:00,Cisco-IOS-XR-fib-common-oper:fib-statistics/nodes/node/drops,spine1,0,0,0,0,0,0,0,0,0,3509,0,0,0,0,0,232,0/0/CPU0,0,0,0,0,0,0,0
2020-01-21 08:33:17.477000+00:00,Cisco-IOS-XR-fib-common-oper:fib-statistics/nodes/node/drops,spine1,0,0,0,0,0,0,0,0,0,0,0,0,0,0,0,0,0/RP0/CPU0,0,0,0,0,0,0,0
2020-01-21 08:33:28.559000+00:00,Cisco-IOS-XR-fib-common-oper:fib-statistics/nodes/node/drops,spine1,0,0,0,0,0,0,0,0,0,3509,0,0,0,0,0,232,0/0/CPU0,0,0,0,0,0,0,0
2020-01-21 08:33:28.560000+00:00,Cisco-IOS-XR-fib-common-oper:fib-statistics/nodes/node/drops,spine1,0,0,0,0,0,0,0,0,0,0,0,0,0,0,0,0,0/RP0/CPU0,0,0,0,0,0,0,0
2020-01-21 08:33:39.962000+00:00,Cisco-IOS-XR-fib-common-oper:fib-statistics/nodes/node/drops,spine1,0,0,0,0,0,0,0,0,0,3509,0,0,0,0,0,232,0/0/CPU0,0,0,0,0,0,0,0
2020-01-21 08:33:39.963000+00:00,Cisco-IOS-XR-fib-common-oper:fib-statistics/nodes/node/drops,spine1,0,0,0,0,0,0,0,0,0,0,0,0,0,0,0,0,0/RP0/CPU0,0,0,0,0,0,0,0
2020-01-21 08:33:51.459000+00:00,Cisco-IOS-XR-fib-common-oper:fib-statistics/nodes/node/drops,spine1,0,0,0,0,0,0,0,0,0,3509,0,0,0,0,0,232,0/0/CPU0,0,0,0,0,0,0,0
2020-01-21 08:33:51.460000+00:00,Cisco-IOS-XR-fib-common-oper:fib-statistics/nodes/node/drops,spine1,0,0,0,0,0,0,0,0,0,0,0,0,0,0,0,0,0/RP0/CPU0,0,0,0,0,0,0,0
2020-01-21 08:34:03.242000+00:00,Cisco-IOS-XR-fib-common-oper:fib-statistics/nodes/node/drops,spine1,0,0,0,0,0,0,0,0,0,3509,0,0,0,0,0,232,0/0/CPU0,0,0,0,0,0,0,0
2020-01-21 08:34:03.243000+00:00,Cisco-IOS-XR-fib-common-oper:fib-statistics/nodes/node/drops,spine1,0,0,0,0,0,0,0,0,0,0,0,0,0,0,0,0,0/RP0/CPU0,0,0,0,0,0,0,0
2020-01-21 08:34:14.798000+00:00,Cisco-IOS-XR-fib-common-oper:fib-statistics/nodes/node/drops,spine1,0,0,0,0,0,0,0,0,0,3509,0,0,0,0,0,232,0/0/CPU0,0,0,0,0,0,0,0
2020-01-21 08:34:14.800000+00:00,Cisco-IOS-XR-fib-common-oper:fib-statistics/nodes/node/drops,spine1,0,0,0,0,0,0,0,0,0,0,0,0,0,0,0,0,0/RP0/CPU0,0,0,0,0,0,0,0
2020-01-21 08:34:25.961000+00:00,Cisco-IOS-XR-fib-common-oper:fib-statistics/nodes/node/drops,spine1,0,0,0,0,0,0,0,0,0,3509,0,0,0,0,0,232,0/0/CPU0,0,0,0,0,0,0,0
2020-01-21 08:34:25.962000+00:00,Cisco-IOS-XR-fib-common-oper:fib-statistics/nodes/node/drops,spine1,0,0,0,0,0,0,0,0,0,0,0,0,0,0,0,0,0/RP0/CPU0,0,0,0,0,0,0,0
2020-01-21 08:34:37.185000+00:00,Cisco-IOS-XR-fib-common-oper:fib-statistics/nodes/node/drops,spine1,0,0,0,0,0,0,0,0,0,3509,0,0,0,0,0,232,0/0/CPU0,0,0,0,0,0,0,0
2020-01-21 08:34:37.186000+00:00,Cisco-IOS-XR-fib-common-oper:fib-statistics/nodes/node/drops,spine1,0,0,0,0,0,0,0,0,0,0,0,0,0,0,0,0,0/RP0/CPU0,0,0,0,0,0,0,0
2020-01-21 08:34:48.805000+00:00,Cisco-IOS-XR-fib-common-oper:fib-statistics/nodes/node/drops,spine1,0,0,0,0,0,0,0,0,0,3509,0,0,0,0,0,232,0/0/CPU0,0,0,0,0,0,0,0
2020-01-21 08:34:48.806000+00:00,Cisco-IOS-XR-fib-common-oper:fib-statistics/nodes/node/drops,spine1,0,0,0,0,0,0,0,0,0,0,0,0,0,0,0,0,0/RP0/CPU0,0,0,0,0,0,0,0
2020-01-21 08:35:00.206000+00:00,Cisco-IOS-XR-fib-common-oper:fib-statistics/nodes/node/drops,spine1,0,0,0,0,0,0,0,0,0,3509,0,0,0,0,0,232,0/0/CPU0,0,0,0,0,0,0,0
2020-01-21 08:35:00.207000+00:00,Cisco-IOS-XR-fib-common-oper:fib-statistics/nodes/node/drops,spine1,0,0,0,0,0,0,0,0,0,0,0,0,0,0,0,0,0/RP0/CPU0,0,0,0,0,0,0,0
