,EncodingPath,Producer,Target,host,node-name,total-cpu-fifteen-minute,total-cpu-five-minute,total-cpu-one-minute

2020-02-06 19:04:52.302000+00:00,Cisco-IOS-XR-wdsysmon-fd-oper:system-monitoring/cpu-utilization,spine1,,,0/RP0/CPU0,3,3,3

2020-02-06 19:04:52.330000+00:00,Cisco-IOS-XR-wdsysmon-fd-oper:system-monitoring/cpu-utilization,spine1,,,0/0/CPU0,4,4,4

2020-02-06 19:04:57.453000+00:00,Cisco-IOS-XR-wdsysmon-fd-oper:system-monitoring/cpu-utilization,spine1,,,0/RP0/CPU0,3,3,3

2020-02-06 19:04:57.477000+00:00,Cisco-IOS-XR-wdsysmon-fd-oper:system-monitoring/cpu-utilization,spine1,,,0/0/CPU0,4,4,4

2020-02-06 19:05:03.767000+00:00,Cisco-IOS-XR-wdsysmon-fd-oper:system-monitoring/cpu-utilization,spine1,,,0/RP0/CPU0,3,3,3

2020-02-06 19:05:03.799000+00:00,Cisco-IOS-XR-wdsysmon-fd-oper:system-monitoring/cpu-utilization,spine1,,,0/0/CPU0,4,4,4

2020-02-06 19:05:08.923000+00:00,Cisco-IOS-XR-wdsysmon-fd-oper:system-monitoring/cpu-utilization,spine1,,,0/RP0/CPU0,3,3,3

2020-02-06 19:05:08.947000+00:00,Cisco-IOS-XR-wdsysmon-fd-oper:system-monitoring/cpu-utilization,spine1,,,0/0/CPU0,4,4,4

2020-02-06 19:05:15.212000+00:00,Cisco-IOS-XR-wdsysmon-fd-oper:system-monitoring/cpu-utilization,spine1,,,0/RP0/CPU0,3,3,3

2020-02-06 19:05:15.235000+00:00,Cisco-IOS-XR-wdsysmon-fd-oper:system-monitoring/cpu-utilization,spine1,,,0/0/CPU0,4,4,4

2020-02-06 19:05:20.353000+00:00,Cisco-IOS-XR-wdsysmon-fd-oper:system-monitoring/cpu-utilization,spine1,,,0/RP0/CPU0,3,3,3

2020-02-06 19:05:20.377000+00:00,Cisco-IOS-XR-wdsysmon-fd-oper:system-monitoring/cpu-utilization,spine1,,,0/0/CPU0,4,4,4

2020-02-06 19:05:26.692000+00:00,Cisco-IOS-XR-wdsysmon-fd-oper:system-monitoring/cpu-utilization,spine1,,,0/RP0/CPU0,3,3,3

2020-02-06 19:05:26.728000+00:00,Cisco-IOS-XR-wdsysmon-fd-oper:system-monitoring/cpu-utilization,spine1,,,0/0/CPU0,4,4,4

2020-02-06 19:05:31.843000+00:00,Cisco-IOS-XR-wdsysmon-fd-oper:system-monitoring/cpu-utilization,spine1,,,0/RP0/CPU0,3,3,3

2020-02-06 19:05:31.867000+00:00,Cisco-IOS-XR-wdsysmon-fd-oper:system-monitoring/cpu-utilization,spine1,,,0/0/CPU0,4,4,4

2020-02-06 19:05:38.180000+00:00,Cisco-IOS-XR-wdsysmon-fd-oper:system-monitoring/cpu-utilization,spine1,,,0/RP0/CPU0,3,3,3

2020-02-06 19:05:38.204000+00:00,Cisco-IOS-XR-wdsysmon-fd-oper:system-monitoring/cpu-utilization,spine1,,,0/0/CPU0,4,4,4

2020-02-06 19:05:43.328000+00:00,Cisco-IOS-XR-wdsysmon-fd-oper:system-monitoring/cpu-utilization,spine1,,,0/RP0/CPU0,3,3,3

2020-02-06 19:05:43.352000+00:00,Cisco-IOS-XR-wdsysmon-fd-oper:system-monitoring/cpu-utilization,spine1,,,0/0/CPU0,4,4,4

2020-02-06 19:05:49.626000+00:00,Cisco-IOS-XR-wdsysmon-fd-oper:system-monitoring/cpu-utilization,spine1,,,0/RP0/CPU0,3,3,3

2020-02-06 19:05:49.650000+00:00,Cisco-IOS-XR-wdsysmon-fd-oper:system-monitoring/cpu-utilization,spine1,,,0/0/CPU0,4,4,4

2020-02-06 19:05:54.770000+00:00,Cisco-IOS-XR-wdsysmon-fd-oper:system-monitoring/cpu-utilization,spine1,,,0/RP0/CPU0,3,3,3

2020-02-06 19:05:54.794000+00:00,Cisco-IOS-XR-wdsysmon-fd-oper:system-monitoring/cpu-utilization,spine1,,,0/0/CPU0,4,4,4

2020-02-06 19:06:01.079000+00:00,Cisco-IOS-XR-wdsysmon-fd-oper:system-monitoring/cpu-utilization,spine1,,,0/RP0/CPU0,3,3,3

2020-02-06 19:06:01.102000+00:00,Cisco-IOS-XR-wdsysmon-fd-oper:system-monitoring/cpu-utilization,spine1,,,0/0/CPU0,4,4,4

2020-02-06 19:06:06.229000+00:00,Cisco-IOS-XR-wdsysmon-fd-oper:system-monitoring/cpu-utilization,spine1,,,0/RP0/CPU0,3,3,3

2020-02-06 19:06:06.253000+00:00,Cisco-IOS-XR-wdsysmon-fd-oper:system-monitoring/cpu-utilization,spine1,,,0/0/CPU0,4,4,4

2020-02-06 19:06:12.552000+00:00,Cisco-IOS-XR-wdsysmon-fd-oper:system-monitoring/cpu-utilization,spine1,,,0/RP0/CPU0,3,3,3

2020-02-06 19:06:12.575000+00:00,Cisco-IOS-XR-wdsysmon-fd-oper:system-monitoring/cpu-utilization,spine1,,,0/0/CPU0,4,4,4

2020-02-06 19:06:17.693000+00:00,Cisco-IOS-XR-wdsysmon-fd-oper:system-monitoring/cpu-utilization,spine1,,,0/RP0/CPU0,3,3,3

2020-02-06 19:06:17.717000+00:00,Cisco-IOS-XR-wdsysmon-fd-oper:system-monitoring/cpu-utilization,spine1,,,0/0/CPU0,4,4,4

2020-02-06 19:06:24.006000+00:00,Cisco-IOS-XR-wdsysmon-fd-oper:system-monitoring/cpu-utilization,spine1,,,0/RP0/CPU0,3,3,3

2020-02-06 19:06:24.029000+00:00,Cisco-IOS-XR-wdsysmon-fd-oper:system-monitoring/cpu-utilization,spine1,,,0/0/CPU0,4,4,4

2020-02-06 19:06:29.144000+00:00,Cisco-IOS-XR-wdsysmon-fd-oper:system-monitoring/cpu-utilization,spine1,,,0/RP0/CPU0,3,3,3

2020-02-06 19:06:29.167000+00:00,Cisco-IOS-XR-wdsysmon-fd-oper:system-monitoring/cpu-utilization,spine1,,,0/0/CPU0,4,4,4

2020-02-06 19:06:35.437000+00:00,Cisco-IOS-XR-wdsysmon-fd-oper:system-monitoring/cpu-utilization,spine1,,,0/RP0/CPU0,3,3,3

2020-02-06 19:06:35.461000+00:00,Cisco-IOS-XR-wdsysmon-fd-oper:system-monitoring/cpu-utilization,spine1,,,0/0/CPU0,4,4,4

2020-02-06 19:06:40.584000+00:00,Cisco-IOS-XR-wdsysmon-fd-oper:system-monitoring/cpu-utilization,spine1,,,0/RP0/CPU0,3,3,3

2020-02-06 19:06:40.607000+00:00,Cisco-IOS-XR-wdsysmon-fd-oper:system-monitoring/cpu-utilization,spine1,,,0/0/CPU0,4,4,4

2020-02-06 19:06:46.887000+00:00,Cisco-IOS-XR-wdsysmon-fd-oper:system-monitoring/cpu-utilization,spine1,,,0/RP0/CPU0,3,3,3

2020-02-06 19:06:46.910000+00:00,Cisco-IOS-XR-wdsysmon-fd-oper:system-monitoring/cpu-utilization,spine1,,,0/0/CPU0,4,4,4

2020-02-06 19:06:52.033000+00:00,Cisco-IOS-XR-wdsysmon-fd-oper:system-monitoring/cpu-utilization,spine1,,,0/RP0/CPU0,3,3,4

2020-02-06 19:06:52.056000+00:00,Cisco-IOS-XR-wdsysmon-fd-oper:system-monitoring/cpu-utilization,spine1,,,0/0/CPU0,4,4,4

2020-02-06 19:06:58.320000+00:00,Cisco-IOS-XR-wdsysmon-fd-oper:system-monitoring/cpu-utilization,spine1,,,0/RP0/CPU0,3,3,4

2020-02-06 19:06:58.345000+00:00,Cisco-IOS-XR-wdsysmon-fd-oper:system-monitoring/cpu-utilization,spine1,,,0/0/CPU0,4,4,4

2020-02-06 19:07:03.466000+00:00,Cisco-IOS-XR-wdsysmon-fd-oper:system-monitoring/cpu-utilization,spine1,,,0/RP0/CPU0,3,3,4

2020-02-06 19:07:03.490000+00:00,Cisco-IOS-XR-wdsysmon-fd-oper:system-monitoring/cpu-utilization,spine1,,,0/0/CPU0,4,4,4

2020-02-06 19:07:09.798000+00:00,Cisco-IOS-XR-wdsysmon-fd-oper:system-monitoring/cpu-utilization,spine1,,,0/RP0/CPU0,3,3,4

2020-02-06 19:07:09.825000+00:00,Cisco-IOS-XR-wdsysmon-fd-oper:system-monitoring/cpu-utilization,spine1,,,0/0/CPU0,4,4,4

2020-02-06 19:07:14.942000+00:00,Cisco-IOS-XR-wdsysmon-fd-oper:system-monitoring/cpu-utilization,spine1,,,0/RP0/CPU0,3,3,4

2020-02-06 19:07:14.965000+00:00,Cisco-IOS-XR-wdsysmon-fd-oper:system-monitoring/cpu-utilization,spine1,,,0/0/CPU0,4,4,4

2020-02-06 19:07:21.277000+00:00,Cisco-IOS-XR-wdsysmon-fd-oper:system-monitoring/cpu-utilization,spine1,,,0/RP0/CPU0,3,3,4

2020-02-06 19:07:21.301000+00:00,Cisco-IOS-XR-wdsysmon-fd-oper:system-monitoring/cpu-utilization,spine1,,,0/0/CPU0,4,4,4

2020-02-06 19:07:26.420000+00:00,Cisco-IOS-XR-wdsysmon-fd-oper:system-monitoring/cpu-utilization,spine1,,,0/RP0/CPU0,3,3,4

2020-02-06 19:07:26.444000+00:00,Cisco-IOS-XR-wdsysmon-fd-oper:system-monitoring/cpu-utilization,spine1,,,0/0/CPU0,4,4,4

2020-02-06 19:07:32.747000+00:00,Cisco-IOS-XR-wdsysmon-fd-oper:system-monitoring/cpu-utilization,spine1,,,0/RP0/CPU0,3,3,4

2020-02-06 19:07:32.771000+00:00,Cisco-IOS-XR-wdsysmon-fd-oper:system-monitoring/cpu-utilization,spine1,,,0/0/CPU0,4,4,4

2020-02-06 19:07:37.895000+00:00,Cisco-IOS-XR-wdsysmon-fd-oper:system-monitoring/cpu-utilization,spine1,,,0/RP0/CPU0,3,3,4

2020-02-06 19:07:37.919000+00:00,Cisco-IOS-XR-wdsysmon-fd-oper:system-monitoring/cpu-utilization,spine1,,,0/0/CPU0,4,4,4

2020-02-06 19:07:44.201000+00:00,Cisco-IOS-XR-wdsysmon-fd-oper:system-monitoring/cpu-utilization,spine1,,,0/RP0/CPU0,3,3,4

2020-02-06 19:07:44.226000+00:00,Cisco-IOS-XR-wdsysmon-fd-oper:system-monitoring/cpu-utilization,spine1,,,0/0/CPU0,4,4,4

2020-02-06 19:07:49.632000+00:00,Cisco-IOS-XR-wdsysmon-fd-oper:system-monitoring/cpu-utilization,spine1,,,0/RP0/CPU0,3,3,3

2020-02-06 19:07:49.655000+00:00,Cisco-IOS-XR-wdsysmon-fd-oper:system-monitoring/cpu-utilization,spine1,,,0/0/CPU0,4,4,4

2020-02-06 19:07:56.057000+00:00,Cisco-IOS-XR-wdsysmon-fd-oper:system-monitoring/cpu-utilization,spine1,,,0/RP0/CPU0,3,3,3

2020-02-06 19:07:56.080000+00:00,Cisco-IOS-XR-wdsysmon-fd-oper:system-monitoring/cpu-utilization,spine1,,,0/0/CPU0,4,4,4

2020-02-06 19:08:01.206000+00:00,Cisco-IOS-XR-wdsysmon-fd-oper:system-monitoring/cpu-utilization,spine1,,,0/RP0/CPU0,3,3,3

2020-02-06 19:08:01.229000+00:00,Cisco-IOS-XR-wdsysmon-fd-oper:system-monitoring/cpu-utilization,spine1,,,0/0/CPU0,4,4,4

2020-02-06 19:08:07.712000+00:00,Cisco-IOS-XR-wdsysmon-fd-oper:system-monitoring/cpu-utilization,spine1,,,0/RP0/CPU0,3,3,3

2020-02-06 19:08:07.736000+00:00,Cisco-IOS-XR-wdsysmon-fd-oper:system-monitoring/cpu-utilization,spine1,,,0/0/CPU0,4,4,4

2020-02-06 19:08:12.861000+00:00,Cisco-IOS-XR-wdsysmon-fd-oper:system-monitoring/cpu-utilization,spine1,,,0/RP0/CPU0,3,3,3

2020-02-06 19:08:12.884000+00:00,Cisco-IOS-XR-wdsysmon-fd-oper:system-monitoring/cpu-utilization,spine1,,,0/0/CPU0,4,4,4

2020-02-06 19:08:19.310000+00:00,Cisco-IOS-XR-wdsysmon-fd-oper:system-monitoring/cpu-utilization,spine1,,,0/RP0/CPU0,3,3,3

2020-02-06 19:08:19.339000+00:00,Cisco-IOS-XR-wdsysmon-fd-oper:system-monitoring/cpu-utilization,spine1,,,0/0/CPU0,4,4,4

2020-02-06 19:08:24.457000+00:00,Cisco-IOS-XR-wdsysmon-fd-oper:system-monitoring/cpu-utilization,spine1,,,0/RP0/CPU0,3,3,3

2020-02-06 19:08:24.480000+00:00,Cisco-IOS-XR-wdsysmon-fd-oper:system-monitoring/cpu-utilization,spine1,,,0/0/CPU0,4,4,4

2020-02-06 19:08:30.413000+00:00,Cisco-IOS-XR-wdsysmon-fd-oper:system-monitoring/cpu-utilization,spine1,,,0/RP0/CPU0,3,3,3

2020-02-06 19:08:30.438000+00:00,Cisco-IOS-XR-wdsysmon-fd-oper:system-monitoring/cpu-utilization,spine1,,,0/0/CPU0,4,4,4

2020-02-06 19:08:35.636000+00:00,Cisco-IOS-XR-wdsysmon-fd-oper:system-monitoring/cpu-utilization,spine1,,,0/RP0/CPU0,3,3,3

2020-02-06 19:08:35.659000+00:00,Cisco-IOS-XR-wdsysmon-fd-oper:system-monitoring/cpu-utilization,spine1,,,0/0/CPU0,4,4,4

2020-02-06 19:08:41.891000+00:00,Cisco-IOS-XR-wdsysmon-fd-oper:system-monitoring/cpu-utilization,spine1,,,0/RP0/CPU0,3,3,3

2020-02-06 19:08:41.914000+00:00,Cisco-IOS-XR-wdsysmon-fd-oper:system-monitoring/cpu-utilization,spine1,,,0/0/CPU0,4,4,4

2020-02-06 19:08:47.038000+00:00,Cisco-IOS-XR-wdsysmon-fd-oper:system-monitoring/cpu-utilization,spine1,,,0/RP0/CPU0,3,3,3

2020-02-06 19:08:47.061000+00:00,Cisco-IOS-XR-wdsysmon-fd-oper:system-monitoring/cpu-utilization,spine1,,,0/0/CPU0,4,4,4

2020-02-06 19:08:53.323000+00:00,Cisco-IOS-XR-wdsysmon-fd-oper:system-monitoring/cpu-utilization,spine1,,,0/RP0/CPU0,3,3,3

2020-02-06 19:08:53.347000+00:00,Cisco-IOS-XR-wdsysmon-fd-oper:system-monitoring/cpu-utilization,spine1,,,0/0/CPU0,4,4,4

2020-02-06 19:08:58.463000+00:00,Cisco-IOS-XR-wdsysmon-fd-oper:system-monitoring/cpu-utilization,spine1,,,0/RP0/CPU0,3,3,3

2020-02-06 19:08:58.487000+00:00,Cisco-IOS-XR-wdsysmon-fd-oper:system-monitoring/cpu-utilization,spine1,,,0/0/CPU0,4,4,4

2020-02-06 19:09:05.017000+00:00,Cisco-IOS-XR-wdsysmon-fd-oper:system-monitoring/cpu-utilization,spine1,,,0/RP0/CPU0,3,3,3

2020-02-06 19:09:05.040000+00:00,Cisco-IOS-XR-wdsysmon-fd-oper:system-monitoring/cpu-utilization,spine1,,,0/0/CPU0,4,4,4

2020-02-06 19:09:10.164000+00:00,Cisco-IOS-XR-wdsysmon-fd-oper:system-monitoring/cpu-utilization,spine1,,,0/RP0/CPU0,3,3,3

2020-02-06 19:09:10.187000+00:00,Cisco-IOS-XR-wdsysmon-fd-oper:system-monitoring/cpu-utilization,spine1,,,0/0/CPU0,4,4,4

2020-02-06 19:09:16.250000+00:00,Cisco-IOS-XR-wdsysmon-fd-oper:system-monitoring/cpu-utilization,spine1,,,0/RP0/CPU0,3,3,3

2020-02-06 19:09:16.273000+00:00,Cisco-IOS-XR-wdsysmon-fd-oper:system-monitoring/cpu-utilization,spine1,,,0/0/CPU0,4,4,4

2020-02-06 19:09:21.390000+00:00,Cisco-IOS-XR-wdsysmon-fd-oper:system-monitoring/cpu-utilization,spine1,,,0/RP0/CPU0,3,3,3

2020-02-06 19:09:21.414000+00:00,Cisco-IOS-XR-wdsysmon-fd-oper:system-monitoring/cpu-utilization,spine1,,,0/0/CPU0,4,4,4

2020-02-06 19:09:27.705000+00:00,Cisco-IOS-XR-wdsysmon-fd-oper:system-monitoring/cpu-utilization,spine1,,,0/RP0/CPU0,3,3,3

2020-02-06 19:09:27.728000+00:00,Cisco-IOS-XR-wdsysmon-fd-oper:system-monitoring/cpu-utilization,spine1,,,0/0/CPU0,4,4,4

2020-02-06 19:09:32.852000+00:00,Cisco-IOS-XR-wdsysmon-fd-oper:system-monitoring/cpu-utilization,spine1,,,0/RP0/CPU0,3,3,3

2020-02-06 19:09:32.875000+00:00,Cisco-IOS-XR-wdsysmon-fd-oper:system-monitoring/cpu-utilization,spine1,,,0/0/CPU0,4,4,4

2020-02-06 19:09:39.174000+00:00,Cisco-IOS-XR-wdsysmon-fd-oper:system-monitoring/cpu-utilization,spine1,,,0/RP0/CPU0,3,3,3

2020-02-06 19:09:39.198000+00:00,Cisco-IOS-XR-wdsysmon-fd-oper:system-monitoring/cpu-utilization,spine1,,,0/0/CPU0,4,4,4

2020-02-06 19:09:44.327000+00:00,Cisco-IOS-XR-wdsysmon-fd-oper:system-monitoring/cpu-utilization,spine1,,,0/RP0/CPU0,3,3,3

2020-02-06 19:09:44.350000+00:00,Cisco-IOS-XR-wdsysmon-fd-oper:system-monitoring/cpu-utilization,spine1,,,0/0/CPU0,4,4,4

2020-02-06 19:09:50.686000+00:00,Cisco-IOS-XR-wdsysmon-fd-oper:system-monitoring/cpu-utilization,spine1,,,0/RP0/CPU0,3,3,5

2020-02-06 19:09:50.709000+00:00,Cisco-IOS-XR-wdsysmon-fd-oper:system-monitoring/cpu-utilization,spine1,,,0/0/CPU0,4,4,4

2020-02-06 19:09:55.828000+00:00,Cisco-IOS-XR-wdsysmon-fd-oper:system-monitoring/cpu-utilization,spine1,,,0/RP0/CPU0,3,3,5

2020-02-06 19:09:55.852000+00:00,Cisco-IOS-XR-wdsysmon-fd-oper:system-monitoring/cpu-utilization,spine1,,,0/0/CPU0,4,4,4

2020-02-06 19:10:02.379000+00:00,Cisco-IOS-XR-wdsysmon-fd-oper:system-monitoring/cpu-utilization,spine1,,,0/RP0/CPU0,3,3,5

2020-02-06 19:10:02.403000+00:00,Cisco-IOS-XR-wdsysmon-fd-oper:system-monitoring/cpu-utilization,spine1,,,0/0/CPU0,4,4,4

2020-02-06 19:10:07.524000+00:00,Cisco-IOS-XR-wdsysmon-fd-oper:system-monitoring/cpu-utilization,spine1,,,0/RP0/CPU0,3,3,5

2020-02-06 19:10:07.548000+00:00,Cisco-IOS-XR-wdsysmon-fd-oper:system-monitoring/cpu-utilization,spine1,,,0/0/CPU0,4,4,4

2020-02-06 19:10:13.970000+00:00,Cisco-IOS-XR-wdsysmon-fd-oper:system-monitoring/cpu-utilization,spine1,,,0/RP0/CPU0,3,3,5

2020-02-06 19:10:13.993000+00:00,Cisco-IOS-XR-wdsysmon-fd-oper:system-monitoring/cpu-utilization,spine1,,,0/0/CPU0,4,4,4

2020-02-06 19:10:19.108000+00:00,Cisco-IOS-XR-wdsysmon-fd-oper:system-monitoring/cpu-utilization,spine1,,,0/RP0/CPU0,3,3,5

2020-02-06 19:10:19.131000+00:00,Cisco-IOS-XR-wdsysmon-fd-oper:system-monitoring/cpu-utilization,spine1,,,0/0/CPU0,4,4,4

2020-02-06 19:10:25.089000+00:00,Cisco-IOS-XR-wdsysmon-fd-oper:system-monitoring/cpu-utilization,spine1,,,0/RP0/CPU0,3,3,5

2020-02-06 19:10:25.112000+00:00,Cisco-IOS-XR-wdsysmon-fd-oper:system-monitoring/cpu-utilization,spine1,,,0/0/CPU0,4,4,4

2020-02-06 19:10:30.234000+00:00,Cisco-IOS-XR-wdsysmon-fd-oper:system-monitoring/cpu-utilization,spine1,,,0/RP0/CPU0,3,3,5

2020-02-06 19:10:30.257000+00:00,Cisco-IOS-XR-wdsysmon-fd-oper:system-monitoring/cpu-utilization,spine1,,,0/0/CPU0,4,4,4

2020-02-06 19:10:36.544000+00:00,Cisco-IOS-XR-wdsysmon-fd-oper:system-monitoring/cpu-utilization,spine1,,,0/RP0/CPU0,3,3,5

2020-02-06 19:10:36.568000+00:00,Cisco-IOS-XR-wdsysmon-fd-oper:system-monitoring/cpu-utilization,spine1,,,0/0/CPU0,4,4,4

2020-02-06 19:10:41.692000+00:00,Cisco-IOS-XR-wdsysmon-fd-oper:system-monitoring/cpu-utilization,spine1,,,0/RP0/CPU0,3,3,5

2020-02-06 19:10:41.716000+00:00,Cisco-IOS-XR-wdsysmon-fd-oper:system-monitoring/cpu-utilization,spine1,,,0/0/CPU0,4,4,4

2020-02-06 19:10:47.972000+00:00,Cisco-IOS-XR-wdsysmon-fd-oper:system-monitoring/cpu-utilization,spine1,,,0/RP0/CPU0,3,3,5

2020-02-06 19:10:47.995000+00:00,Cisco-IOS-XR-wdsysmon-fd-oper:system-monitoring/cpu-utilization,spine1,,,0/0/CPU0,4,4,4

2020-02-06 19:10:53.119000+00:00,Cisco-IOS-XR-wdsysmon-fd-oper:system-monitoring/cpu-utilization,spine1,,,0/RP0/CPU0,3,3,4

2020-02-06 19:10:53.142000+00:00,Cisco-IOS-XR-wdsysmon-fd-oper:system-monitoring/cpu-utilization,spine1,,,0/0/CPU0,4,4,4

2020-02-06 19:10:59.679000+00:00,Cisco-IOS-XR-wdsysmon-fd-oper:system-monitoring/cpu-utilization,spine1,,,0/RP0/CPU0,3,3,4

2020-02-06 19:10:59.702000+00:00,Cisco-IOS-XR-wdsysmon-fd-oper:system-monitoring/cpu-utilization,spine1,,,0/0/CPU0,4,4,4

2020-02-06 19:11:04.827000+00:00,Cisco-IOS-XR-wdsysmon-fd-oper:system-monitoring/cpu-utilization,spine1,,,0/RP0/CPU0,3,3,4

2020-02-06 19:11:04.851000+00:00,Cisco-IOS-XR-wdsysmon-fd-oper:system-monitoring/cpu-utilization,spine1,,,0/0/CPU0,4,4,4

2020-02-06 19:11:10.857000+00:00,Cisco-IOS-XR-wdsysmon-fd-oper:system-monitoring/cpu-utilization,spine1,,,0/RP0/CPU0,3,3,4

2020-02-06 19:11:10.880000+00:00,Cisco-IOS-XR-wdsysmon-fd-oper:system-monitoring/cpu-utilization,spine1,,,0/0/CPU0,4,4,4

2020-02-06 19:11:15.999000+00:00,Cisco-IOS-XR-wdsysmon-fd-oper:system-monitoring/cpu-utilization,spine1,,,0/RP0/CPU0,3,3,4

2020-02-06 19:11:16.023000+00:00,Cisco-IOS-XR-wdsysmon-fd-oper:system-monitoring/cpu-utilization,spine1,,,0/0/CPU0,4,4,4

2020-02-06 19:11:22.314000+00:00,Cisco-IOS-XR-wdsysmon-fd-oper:system-monitoring/cpu-utilization,spine1,,,0/RP0/CPU0,3,3,4

2020-02-06 19:11:22.337000+00:00,Cisco-IOS-XR-wdsysmon-fd-oper:system-monitoring/cpu-utilization,spine1,,,0/0/CPU0,4,4,4

2020-02-06 19:11:27.462000+00:00,Cisco-IOS-XR-wdsysmon-fd-oper:system-monitoring/cpu-utilization,spine1,,,0/RP0/CPU0,3,3,4

2020-02-06 19:11:27.486000+00:00,Cisco-IOS-XR-wdsysmon-fd-oper:system-monitoring/cpu-utilization,spine1,,,0/0/CPU0,4,4,4

2020-02-06 19:11:33.830000+00:00,Cisco-IOS-XR-wdsysmon-fd-oper:system-monitoring/cpu-utilization,spine1,,,0/RP0/CPU0,3,3,4

2020-02-06 19:11:33.854000+00:00,Cisco-IOS-XR-wdsysmon-fd-oper:system-monitoring/cpu-utilization,spine1,,,0/0/CPU0,4,4,4

2020-02-06 19:11:38.978000+00:00,Cisco-IOS-XR-wdsysmon-fd-oper:system-monitoring/cpu-utilization,spine1,,,0/RP0/CPU0,3,3,4

2020-02-06 19:11:39.002000+00:00,Cisco-IOS-XR-wdsysmon-fd-oper:system-monitoring/cpu-utilization,spine1,,,0/0/CPU0,4,4,4

2020-02-06 19:11:45.280000+00:00,Cisco-IOS-XR-wdsysmon-fd-oper:system-monitoring/cpu-utilization,spine1,,,0/RP0/CPU0,3,3,4

2020-02-06 19:11:45.312000+00:00,Cisco-IOS-XR-wdsysmon-fd-oper:system-monitoring/cpu-utilization,spine1,,,0/0/CPU0,4,4,4

2020-02-06 19:11:50.434000+00:00,Cisco-IOS-XR-wdsysmon-fd-oper:system-monitoring/cpu-utilization,spine1,,,0/RP0/CPU0,3,3,4

2020-02-06 19:11:50.457000+00:00,Cisco-IOS-XR-wdsysmon-fd-oper:system-monitoring/cpu-utilization,spine1,,,0/0/CPU0,4,4,4

2020-02-06 19:11:56.992000+00:00,Cisco-IOS-XR-wdsysmon-fd-oper:system-monitoring/cpu-utilization,spine1,,,0/RP0/CPU0,3,3,3

2020-02-06 19:11:57.016000+00:00,Cisco-IOS-XR-wdsysmon-fd-oper:system-monitoring/cpu-utilization,spine1,,,0/0/CPU0,4,4,4

2020-02-06 19:12:02.134000+00:00,Cisco-IOS-XR-wdsysmon-fd-oper:system-monitoring/cpu-utilization,spine1,,,0/RP0/CPU0,3,3,3

2020-02-06 19:12:02.158000+00:00,Cisco-IOS-XR-wdsysmon-fd-oper:system-monitoring/cpu-utilization,spine1,,,0/0/CPU0,4,4,4

2020-02-06 19:12:08.190000+00:00,Cisco-IOS-XR-wdsysmon-fd-oper:system-monitoring/cpu-utilization,spine1,,,0/RP0/CPU0,3,3,3

2020-02-06 19:12:08.214000+00:00,Cisco-IOS-XR-wdsysmon-fd-oper:system-monitoring/cpu-utilization,spine1,,,0/0/CPU0,4,4,4

2020-02-06 19:12:13.329000+00:00,Cisco-IOS-XR-wdsysmon-fd-oper:system-monitoring/cpu-utilization,spine1,,,0/RP0/CPU0,3,3,3

2020-02-06 19:12:13.352000+00:00,Cisco-IOS-XR-wdsysmon-fd-oper:system-monitoring/cpu-utilization,spine1,,,0/0/CPU0,4,4,4

2020-02-06 19:12:19.682000+00:00,Cisco-IOS-XR-wdsysmon-fd-oper:system-monitoring/cpu-utilization,spine1,,,0/RP0/CPU0,3,3,3

2020-02-06 19:12:19.705000+00:00,Cisco-IOS-XR-wdsysmon-fd-oper:system-monitoring/cpu-utilization,spine1,,,0/0/CPU0,4,4,4

2020-02-06 19:12:24.831000+00:00,Cisco-IOS-XR-wdsysmon-fd-oper:system-monitoring/cpu-utilization,spine1,,,0/RP0/CPU0,3,3,3

2020-02-06 19:12:24.855000+00:00,Cisco-IOS-XR-wdsysmon-fd-oper:system-monitoring/cpu-utilization,spine1,,,0/0/CPU0,4,4,4

2020-02-06 19:12:31.121000+00:00,Cisco-IOS-XR-wdsysmon-fd-oper:system-monitoring/cpu-utilization,spine1,,,0/RP0/CPU0,3,3,3

2020-02-06 19:12:31.145000+00:00,Cisco-IOS-XR-wdsysmon-fd-oper:system-monitoring/cpu-utilization,spine1,,,0/0/CPU0,4,4,4

2020-02-06 19:12:36.269000+00:00,Cisco-IOS-XR-wdsysmon-fd-oper:system-monitoring/cpu-utilization,spine1,,,0/RP0/CPU0,3,3,3

2020-02-06 19:12:36.293000+00:00,Cisco-IOS-XR-wdsysmon-fd-oper:system-monitoring/cpu-utilization,spine1,,,0/0/CPU0,4,4,4

2020-02-06 19:12:42.591000+00:00,Cisco-IOS-XR-wdsysmon-fd-oper:system-monitoring/cpu-utilization,spine1,,,0/RP0/CPU0,3,3,3

2020-02-06 19:12:42.614000+00:00,Cisco-IOS-XR-wdsysmon-fd-oper:system-monitoring/cpu-utilization,spine1,,,0/0/CPU0,4,4,4

2020-02-06 19:12:47.738000+00:00,Cisco-IOS-XR-wdsysmon-fd-oper:system-monitoring/cpu-utilization,spine1,,,0/RP0/CPU0,3,3,3

2020-02-06 19:12:47.762000+00:00,Cisco-IOS-XR-wdsysmon-fd-oper:system-monitoring/cpu-utilization,spine1,,,0/0/CPU0,4,4,4

2020-02-06 19:12:54.337000+00:00,Cisco-IOS-XR-wdsysmon-fd-oper:system-monitoring/cpu-utilization,spine1,,,0/RP0/CPU0,3,3,3

2020-02-06 19:12:54.361000+00:00,Cisco-IOS-XR-wdsysmon-fd-oper:system-monitoring/cpu-utilization,spine1,,,0/0/CPU0,4,4,4

2020-02-06 19:12:59.487000+00:00,Cisco-IOS-XR-wdsysmon-fd-oper:system-monitoring/cpu-utilization,spine1,,,0/RP0/CPU0,3,3,3

2020-02-06 19:12:59.511000+00:00,Cisco-IOS-XR-wdsysmon-fd-oper:system-monitoring/cpu-utilization,spine1,,,0/0/CPU0,4,4,4

2020-02-06 19:13:05.520000+00:00,Cisco-IOS-XR-wdsysmon-fd-oper:system-monitoring/cpu-utilization,spine1,,,0/RP0/CPU0,3,3,3

2020-02-06 19:13:05.544000+00:00,Cisco-IOS-XR-wdsysmon-fd-oper:system-monitoring/cpu-utilization,spine1,,,0/0/CPU0,4,4,4

2020-02-06 19:13:10.660000+00:00,Cisco-IOS-XR-wdsysmon-fd-oper:system-monitoring/cpu-utilization,spine1,,,0/RP0/CPU0,3,3,3

2020-02-06 19:13:10.684000+00:00,Cisco-IOS-XR-wdsysmon-fd-oper:system-monitoring/cpu-utilization,spine1,,,0/0/CPU0,4,4,4

2020-02-06 19:13:17.140000+00:00,Cisco-IOS-XR-wdsysmon-fd-oper:system-monitoring/cpu-utilization,spine1,,,0/RP0/CPU0,3,3,3

2020-02-06 19:13:17.163000+00:00,Cisco-IOS-XR-wdsysmon-fd-oper:system-monitoring/cpu-utilization,spine1,,,0/0/CPU0,4,4,4

2020-02-06 19:13:22.283000+00:00,Cisco-IOS-XR-wdsysmon-fd-oper:system-monitoring/cpu-utilization,spine1,,,0/RP0/CPU0,3,3,3

2020-02-06 19:13:22.306000+00:00,Cisco-IOS-XR-wdsysmon-fd-oper:system-monitoring/cpu-utilization,spine1,,,0/0/CPU0,4,4,4

2020-02-06 19:13:28.659000+00:00,Cisco-IOS-XR-wdsysmon-fd-oper:system-monitoring/cpu-utilization,spine1,,,0/RP0/CPU0,3,3,3

2020-02-06 19:13:28.682000+00:00,Cisco-IOS-XR-wdsysmon-fd-oper:system-monitoring/cpu-utilization,spine1,,,0/0/CPU0,4,4,4

2020-02-06 19:13:33.807000+00:00,Cisco-IOS-XR-wdsysmon-fd-oper:system-monitoring/cpu-utilization,spine1,,,0/RP0/CPU0,3,3,3

2020-02-06 19:13:33.830000+00:00,Cisco-IOS-XR-wdsysmon-fd-oper:system-monitoring/cpu-utilization,spine1,,,0/0/CPU0,4,4,4

2020-02-06 19:13:40.096000+00:00,Cisco-IOS-XR-wdsysmon-fd-oper:system-monitoring/cpu-utilization,spine1,,,0/RP0/CPU0,3,3,3

2020-02-06 19:13:40.119000+00:00,Cisco-IOS-XR-wdsysmon-fd-oper:system-monitoring/cpu-utilization,spine1,,,0/0/CPU0,4,4,4

2020-02-06 19:13:45.244000+00:00,Cisco-IOS-XR-wdsysmon-fd-oper:system-monitoring/cpu-utilization,spine1,,,0/RP0/CPU0,3,3,3

2020-02-06 19:13:45.268000+00:00,Cisco-IOS-XR-wdsysmon-fd-oper:system-monitoring/cpu-utilization,spine1,,,0/0/CPU0,4,4,4

2020-02-06 19:13:51.649000+00:00,Cisco-IOS-XR-wdsysmon-fd-oper:system-monitoring/cpu-utilization,spine1,,,0/RP0/CPU0,3,3,3

2020-02-06 19:13:51.672000+00:00,Cisco-IOS-XR-wdsysmon-fd-oper:system-monitoring/cpu-utilization,spine1,,,0/0/CPU0,4,4,4

2020-02-06 19:13:56.789000+00:00,Cisco-IOS-XR-wdsysmon-fd-oper:system-monitoring/cpu-utilization,spine1,,,0/RP0/CPU0,3,3,4

2020-02-06 19:13:56.813000+00:00,Cisco-IOS-XR-wdsysmon-fd-oper:system-monitoring/cpu-utilization,spine1,,,0/0/CPU0,4,4,4

2020-02-06 19:14:03.405000+00:00,Cisco-IOS-XR-wdsysmon-fd-oper:system-monitoring/cpu-utilization,spine1,,,0/RP0/CPU0,3,3,4

2020-02-06 19:14:03.429000+00:00,Cisco-IOS-XR-wdsysmon-fd-oper:system-monitoring/cpu-utilization,spine1,,,0/0/CPU0,4,4,4

2020-02-06 19:14:08.551000+00:00,Cisco-IOS-XR-wdsysmon-fd-oper:system-monitoring/cpu-utilization,spine1,,,0/RP0/CPU0,3,3,4

2020-02-06 19:14:08.575000+00:00,Cisco-IOS-XR-wdsysmon-fd-oper:system-monitoring/cpu-utilization,spine1,,,0/0/CPU0,4,4,4

2020-02-06 19:14:14.484000+00:00,Cisco-IOS-XR-wdsysmon-fd-oper:system-monitoring/cpu-utilization,spine1,,,0/RP0/CPU0,3,3,4

2020-02-06 19:14:14.508000+00:00,Cisco-IOS-XR-wdsysmon-fd-oper:system-monitoring/cpu-utilization,spine1,,,0/0/CPU0,4,4,4

2020-02-06 19:14:19.624000+00:00,Cisco-IOS-XR-wdsysmon-fd-oper:system-monitoring/cpu-utilization,spine1,,,0/RP0/CPU0,3,3,4

2020-02-06 19:14:19.647000+00:00,Cisco-IOS-XR-wdsysmon-fd-oper:system-monitoring/cpu-utilization,spine1,,,0/0/CPU0,4,4,4

2020-02-06 19:14:25.928000+00:00,Cisco-IOS-XR-wdsysmon-fd-oper:system-monitoring/cpu-utilization,spine1,,,0/RP0/CPU0,3,3,4

2020-02-06 19:14:25.952000+00:00,Cisco-IOS-XR-wdsysmon-fd-oper:system-monitoring/cpu-utilization,spine1,,,0/0/CPU0,4,4,4

2020-02-06 19:14:31.076000+00:00,Cisco-IOS-XR-wdsysmon-fd-oper:system-monitoring/cpu-utilization,spine1,,,0/RP0/CPU0,3,3,4

2020-02-06 19:14:31.099000+00:00,Cisco-IOS-XR-wdsysmon-fd-oper:system-monitoring/cpu-utilization,spine1,,,0/0/CPU0,4,4,4

2020-02-06 19:14:37.452000+00:00,Cisco-IOS-XR-wdsysmon-fd-oper:system-monitoring/cpu-utilization,spine1,,,0/RP0/CPU0,3,3,4

2020-02-06 19:14:37.476000+00:00,Cisco-IOS-XR-wdsysmon-fd-oper:system-monitoring/cpu-utilization,spine1,,,0/0/CPU0,4,4,4

2020-02-06 19:14:42.602000+00:00,Cisco-IOS-XR-wdsysmon-fd-oper:system-monitoring/cpu-utilization,spine1,,,0/RP0/CPU0,3,3,4

2020-02-06 19:14:42.626000+00:00,Cisco-IOS-XR-wdsysmon-fd-oper:system-monitoring/cpu-utilization,spine1,,,0/0/CPU0,4,4,4

2020-02-06 19:14:48.932000+00:00,Cisco-IOS-XR-wdsysmon-fd-oper:system-monitoring/cpu-utilization,spine1,,,0/RP0/CPU0,3,3,4

2020-02-06 19:14:48.955000+00:00,Cisco-IOS-XR-wdsysmon-fd-oper:system-monitoring/cpu-utilization,spine1,,,0/0/CPU0,4,4,4

2020-02-06 19:14:54.077000+00:00,Cisco-IOS-XR-wdsysmon-fd-oper:system-monitoring/cpu-utilization,spine1,,,0/RP0/CPU0,3,3,3

2020-02-06 19:14:54.100000+00:00,Cisco-IOS-XR-wdsysmon-fd-oper:system-monitoring/cpu-utilization,spine1,,,0/0/CPU0,4,4,4

2020-02-06 19:15:00.712000+00:00,Cisco-IOS-XR-wdsysmon-fd-oper:system-monitoring/cpu-utilization,spine1,,,0/RP0/CPU0,3,3,3

2020-02-06 19:15:00.735000+00:00,Cisco-IOS-XR-wdsysmon-fd-oper:system-monitoring/cpu-utilization,spine1,,,0/0/CPU0,4,4,4

2020-02-06 19:15:05.857000+00:00,Cisco-IOS-XR-wdsysmon-fd-oper:system-monitoring/cpu-utilization,spine1,,,0/RP0/CPU0,3,3,3

2020-02-06 19:15:05.881000+00:00,Cisco-IOS-XR-wdsysmon-fd-oper:system-monitoring/cpu-utilization,spine1,,,0/0/CPU0,4,4,4

2020-02-06 19:15:11.804000+00:00,Cisco-IOS-XR-wdsysmon-fd-oper:system-monitoring/cpu-utilization,spine1,,,0/RP0/CPU0,3,3,3

2020-02-06 19:15:11.827000+00:00,Cisco-IOS-XR-wdsysmon-fd-oper:system-monitoring/cpu-utilization,spine1,,,0/0/CPU0,4,4,4

2020-02-06 19:15:16.942000+00:00,Cisco-IOS-XR-wdsysmon-fd-oper:system-monitoring/cpu-utilization,spine1,,,0/RP0/CPU0,3,3,3

2020-02-06 19:15:16.966000+00:00,Cisco-IOS-XR-wdsysmon-fd-oper:system-monitoring/cpu-utilization,spine1,,,0/0/CPU0,4,4,4

2020-02-06 19:15:23.303000+00:00,Cisco-IOS-XR-wdsysmon-fd-oper:system-monitoring/cpu-utilization,spine1,,,0/RP0/CPU0,3,3,3

2020-02-06 19:15:23.328000+00:00,Cisco-IOS-XR-wdsysmon-fd-oper:system-monitoring/cpu-utilization,spine1,,,0/0/CPU0,4,4,4

2020-02-06 19:15:28.445000+00:00,Cisco-IOS-XR-wdsysmon-fd-oper:system-monitoring/cpu-utilization,spine1,,,0/RP0/CPU0,3,3,3

2020-02-06 19:15:28.468000+00:00,Cisco-IOS-XR-wdsysmon-fd-oper:system-monitoring/cpu-utilization,spine1,,,0/0/CPU0,4,4,4

2020-02-06 19:15:34.728000+00:00,Cisco-IOS-XR-wdsysmon-fd-oper:system-monitoring/cpu-utilization,spine1,,,0/RP0/CPU0,3,3,3

2020-02-06 19:15:34.751000+00:00,Cisco-IOS-XR-wdsysmon-fd-oper:system-monitoring/cpu-utilization,spine1,,,0/0/CPU0,4,4,4

2020-02-06 19:15:39.876000+00:00,Cisco-IOS-XR-wdsysmon-fd-oper:system-monitoring/cpu-utilization,spine1,,,0/RP0/CPU0,3,3,3

2020-02-06 19:15:39.900000+00:00,Cisco-IOS-XR-wdsysmon-fd-oper:system-monitoring/cpu-utilization,spine1,,,0/0/CPU0,4,4,4

2020-02-06 19:15:46.237000+00:00,Cisco-IOS-XR-wdsysmon-fd-oper:system-monitoring/cpu-utilization,spine1,,,0/RP0/CPU0,3,3,3

2020-02-06 19:15:46.261000+00:00,Cisco-IOS-XR-wdsysmon-fd-oper:system-monitoring/cpu-utilization,spine1,,,0/0/CPU0,4,4,4

2020-02-06 19:15:51.380000+00:00,Cisco-IOS-XR-wdsysmon-fd-oper:system-monitoring/cpu-utilization,spine1,,,0/RP0/CPU0,3,3,3

2020-02-06 19:15:51.404000+00:00,Cisco-IOS-XR-wdsysmon-fd-oper:system-monitoring/cpu-utilization,spine1,,,0/0/CPU0,4,4,4

2020-02-06 19:15:58.041000+00:00,Cisco-IOS-XR-wdsysmon-fd-oper:system-monitoring/cpu-utilization,spine1,,,0/RP0/CPU0,3,3,5

2020-02-06 19:15:58.078000+00:00,Cisco-IOS-XR-wdsysmon-fd-oper:system-monitoring/cpu-utilization,spine1,,,0/0/CPU0,4,4,4

2020-02-06 19:16:03.204000+00:00,Cisco-IOS-XR-wdsysmon-fd-oper:system-monitoring/cpu-utilization,spine1,,,0/RP0/CPU0,3,3,5

2020-02-06 19:16:03.228000+00:00,Cisco-IOS-XR-wdsysmon-fd-oper:system-monitoring/cpu-utilization,spine1,,,0/0/CPU0,4,4,4

2020-02-06 19:16:09.102000+00:00,Cisco-IOS-XR-wdsysmon-fd-oper:system-monitoring/cpu-utilization,spine1,,,0/RP0/CPU0,3,3,5

2020-02-06 19:16:09.129000+00:00,Cisco-IOS-XR-wdsysmon-fd-oper:system-monitoring/cpu-utilization,spine1,,,0/0/CPU0,4,4,4

2020-02-06 19:16:14.248000+00:00,Cisco-IOS-XR-wdsysmon-fd-oper:system-monitoring/cpu-utilization,spine1,,,0/RP0/CPU0,3,3,5

2020-02-06 19:16:14.271000+00:00,Cisco-IOS-XR-wdsysmon-fd-oper:system-monitoring/cpu-utilization,spine1,,,0/0/CPU0,4,4,4

2020-02-06 19:16:20.576000+00:00,Cisco-IOS-XR-wdsysmon-fd-oper:system-monitoring/cpu-utilization,spine1,,,0/RP0/CPU0,3,3,5

2020-02-06 19:16:20.599000+00:00,Cisco-IOS-XR-wdsysmon-fd-oper:system-monitoring/cpu-utilization,spine1,,,0/0/CPU0,4,4,4

2020-02-06 19:16:25.721000+00:00,Cisco-IOS-XR-wdsysmon-fd-oper:system-monitoring/cpu-utilization,spine1,,,0/RP0/CPU0,3,3,5

2020-02-06 19:16:25.744000+00:00,Cisco-IOS-XR-wdsysmon-fd-oper:system-monitoring/cpu-utilization,spine1,,,0/0/CPU0,4,4,4

2020-02-06 19:16:32.019000+00:00,Cisco-IOS-XR-wdsysmon-fd-oper:system-monitoring/cpu-utilization,spine1,,,0/RP0/CPU0,3,3,5

2020-02-06 19:16:32.042000+00:00,Cisco-IOS-XR-wdsysmon-fd-oper:system-monitoring/cpu-utilization,spine1,,,0/0/CPU0,4,4,4

2020-02-06 19:16:37.160000+00:00,Cisco-IOS-XR-wdsysmon-fd-oper:system-monitoring/cpu-utilization,spine1,,,0/RP0/CPU0,3,3,5

2020-02-06 19:16:37.183000+00:00,Cisco-IOS-XR-wdsysmon-fd-oper:system-monitoring/cpu-utilization,spine1,,,0/0/CPU0,4,4,4

2020-02-06 19:16:43.530000+00:00,Cisco-IOS-XR-wdsysmon-fd-oper:system-monitoring/cpu-utilization,spine1,,,0/RP0/CPU0,3,3,5

2020-02-06 19:16:43.559000+00:00,Cisco-IOS-XR-wdsysmon-fd-oper:system-monitoring/cpu-utilization,spine1,,,0/0/CPU0,4,4,4

2020-02-06 19:16:48.685000+00:00,Cisco-IOS-XR-wdsysmon-fd-oper:system-monitoring/cpu-utilization,spine1,,,0/RP0/CPU0,3,3,5

2020-02-06 19:16:48.708000+00:00,Cisco-IOS-XR-wdsysmon-fd-oper:system-monitoring/cpu-utilization,spine1,,,0/0/CPU0,4,4,4

2020-02-06 19:16:55.359000+00:00,Cisco-IOS-XR-wdsysmon-fd-oper:system-monitoring/cpu-utilization,spine1,,,0/RP0/CPU0,3,3,3

2020-02-06 19:16:55.382000+00:00,Cisco-IOS-XR-wdsysmon-fd-oper:system-monitoring/cpu-utilization,spine1,,,0/0/CPU0,4,4,4

2020-02-06 19:17:00.505000+00:00,Cisco-IOS-XR-wdsysmon-fd-oper:system-monitoring/cpu-utilization,spine1,,,0/RP0/CPU0,3,3,3

2020-02-06 19:17:00.528000+00:00,Cisco-IOS-XR-wdsysmon-fd-oper:system-monitoring/cpu-utilization,spine1,,,0/0/CPU0,4,4,4

2020-02-06 19:17:06.428000+00:00,Cisco-IOS-XR-wdsysmon-fd-oper:system-monitoring/cpu-utilization,spine1,,,0/RP0/CPU0,3,3,3

2020-02-06 19:17:06.451000+00:00,Cisco-IOS-XR-wdsysmon-fd-oper:system-monitoring/cpu-utilization,spine1,,,0/0/CPU0,4,4,4

2020-02-06 19:17:11.573000+00:00,Cisco-IOS-XR-wdsysmon-fd-oper:system-monitoring/cpu-utilization,spine1,,,0/RP0/CPU0,3,3,3

2020-02-06 19:17:11.598000+00:00,Cisco-IOS-XR-wdsysmon-fd-oper:system-monitoring/cpu-utilization,spine1,,,0/0/CPU0,4,4,4

2020-02-06 19:17:17.887000+00:00,Cisco-IOS-XR-wdsysmon-fd-oper:system-monitoring/cpu-utilization,spine1,,,0/RP0/CPU0,3,3,3

2020-02-06 19:17:17.910000+00:00,Cisco-IOS-XR-wdsysmon-fd-oper:system-monitoring/cpu-utilization,spine1,,,0/0/CPU0,4,4,4

2020-02-06 19:17:23.034000+00:00,Cisco-IOS-XR-wdsysmon-fd-oper:system-monitoring/cpu-utilization,spine1,,,0/RP0/CPU0,3,3,3

2020-02-06 19:17:23.058000+00:00,Cisco-IOS-XR-wdsysmon-fd-oper:system-monitoring/cpu-utilization,spine1,,,0/0/CPU0,4,4,4

2020-02-06 19:17:29.374000+00:00,Cisco-IOS-XR-wdsysmon-fd-oper:system-monitoring/cpu-utilization,spine1,,,0/RP0/CPU0,3,3,3

2020-02-06 19:17:29.397000+00:00,Cisco-IOS-XR-wdsysmon-fd-oper:system-monitoring/cpu-utilization,spine1,,,0/0/CPU0,4,4,4

2020-02-06 19:17:34.521000+00:00,Cisco-IOS-XR-wdsysmon-fd-oper:system-monitoring/cpu-utilization,spine1,,,0/RP0/CPU0,3,3,3

2020-02-06 19:17:34.545000+00:00,Cisco-IOS-XR-wdsysmon-fd-oper:system-monitoring/cpu-utilization,spine1,,,0/0/CPU0,4,4,4

2020-02-06 19:17:40.865000+00:00,Cisco-IOS-XR-wdsysmon-fd-oper:system-monitoring/cpu-utilization,spine1,,,0/RP0/CPU0,3,3,3

2020-02-06 19:17:40.888000+00:00,Cisco-IOS-XR-wdsysmon-fd-oper:system-monitoring/cpu-utilization,spine1,,,0/0/CPU0,4,4,4

2020-02-06 19:17:46.013000+00:00,Cisco-IOS-XR-wdsysmon-fd-oper:system-monitoring/cpu-utilization,spine1,,,0/RP0/CPU0,3,3,3

2020-02-06 19:17:46.036000+00:00,Cisco-IOS-XR-wdsysmon-fd-oper:system-monitoring/cpu-utilization,spine1,,,0/0/CPU0,4,4,4

2020-02-06 19:17:52.693000+00:00,Cisco-IOS-XR-wdsysmon-fd-oper:system-monitoring/cpu-utilization,spine1,,,0/RP0/CPU0,3,3,3

2020-02-06 19:17:52.716000+00:00,Cisco-IOS-XR-wdsysmon-fd-oper:system-monitoring/cpu-utilization,spine1,,,0/0/CPU0,4,4,4

2020-02-06 19:17:57.833000+00:00,Cisco-IOS-XR-wdsysmon-fd-oper:system-monitoring/cpu-utilization,spine1,,,0/RP0/CPU0,3,3,4

2020-02-06 19:17:57.856000+00:00,Cisco-IOS-XR-wdsysmon-fd-oper:system-monitoring/cpu-utilization,spine1,,,0/0/CPU0,4,4,4

2020-02-06 19:18:03.743000+00:00,Cisco-IOS-XR-wdsysmon-fd-oper:system-monitoring/cpu-utilization,spine1,,,0/RP0/CPU0,3,3,4

2020-02-06 19:18:03.767000+00:00,Cisco-IOS-XR-wdsysmon-fd-oper:system-monitoring/cpu-utilization,spine1,,,0/0/CPU0,4,4,4

2020-02-06 19:18:08.882000+00:00,Cisco-IOS-XR-wdsysmon-fd-oper:system-monitoring/cpu-utilization,spine1,,,0/RP0/CPU0,3,3,4

2020-02-06 19:18:08.905000+00:00,Cisco-IOS-XR-wdsysmon-fd-oper:system-monitoring/cpu-utilization,spine1,,,0/0/CPU0,4,4,4

2020-02-06 19:18:15.209000+00:00,Cisco-IOS-XR-wdsysmon-fd-oper:system-monitoring/cpu-utilization,spine1,,,0/RP0/CPU0,3,3,4

2020-02-06 19:18:15.233000+00:00,Cisco-IOS-XR-wdsysmon-fd-oper:system-monitoring/cpu-utilization,spine1,,,0/0/CPU0,4,4,4

2020-02-06 19:18:20.357000+00:00,Cisco-IOS-XR-wdsysmon-fd-oper:system-monitoring/cpu-utilization,spine1,,,0/RP0/CPU0,3,3,4

2020-02-06 19:18:20.381000+00:00,Cisco-IOS-XR-wdsysmon-fd-oper:system-monitoring/cpu-utilization,spine1,,,0/0/CPU0,4,4,4

2020-02-06 19:18:26.721000+00:00,Cisco-IOS-XR-wdsysmon-fd-oper:system-monitoring/cpu-utilization,spine1,,,0/RP0/CPU0,3,3,4

2020-02-06 19:18:26.745000+00:00,Cisco-IOS-XR-wdsysmon-fd-oper:system-monitoring/cpu-utilization,spine1,,,0/0/CPU0,4,4,4

2020-02-06 19:18:31.870000+00:00,Cisco-IOS-XR-wdsysmon-fd-oper:system-monitoring/cpu-utilization,spine1,,,0/RP0/CPU0,3,3,4

2020-02-06 19:18:31.894000+00:00,Cisco-IOS-XR-wdsysmon-fd-oper:system-monitoring/cpu-utilization,spine1,,,0/0/CPU0,4,4,4

2020-02-06 19:18:38.229000+00:00,Cisco-IOS-XR-wdsysmon-fd-oper:system-monitoring/cpu-utilization,spine1,,,0/RP0/CPU0,3,3,4

2020-02-06 19:18:38.252000+00:00,Cisco-IOS-XR-wdsysmon-fd-oper:system-monitoring/cpu-utilization,spine1,,,0/0/CPU0,4,4,4

2020-02-06 19:18:43.369000+00:00,Cisco-IOS-XR-wdsysmon-fd-oper:system-monitoring/cpu-utilization,spine1,,,0/RP0/CPU0,3,3,4

2020-02-06 19:18:43.392000+00:00,Cisco-IOS-XR-wdsysmon-fd-oper:system-monitoring/cpu-utilization,spine1,,,0/0/CPU0,4,4,4

2020-02-06 19:18:50.106000+00:00,Cisco-IOS-XR-wdsysmon-fd-oper:system-monitoring/cpu-utilization,spine1,,,0/RP0/CPU0,3,3,4

2020-02-06 19:18:50.130000+00:00,Cisco-IOS-XR-wdsysmon-fd-oper:system-monitoring/cpu-utilization,spine1,,,0/0/CPU0,4,4,4

2020-02-06 19:18:55.255000+00:00,Cisco-IOS-XR-wdsysmon-fd-oper:system-monitoring/cpu-utilization,spine1,,,0/RP0/CPU0,3,3,4

2020-02-06 19:18:55.278000+00:00,Cisco-IOS-XR-wdsysmon-fd-oper:system-monitoring/cpu-utilization,spine1,,,0/0/CPU0,4,4,4

