,Producer,Target,host,icmp-stats/admin-unreachable-received,icmp-stats/admin-unreachable-sent,icmp-stats/checksum-error,icmp-stats/echo-reply-received,icmp-stats/echo-reply-sent,icmp-stats/echo-request-received,icmp-stats/echo-request-sent,icmp-stats/fragment-unreachable-received,icmp-stats/fragment-unreachable-sent,icmp-stats/hopcount-received,icmp-stats/hopcount-sent,icmp-stats/host-unreachable-received,icmp-stats/host-unreachable-sent,icmp-stats/mask-reply-received,icmp-stats/mask-reply-sent,icmp-stats/mask-request-received,icmp-stats/mask-request-sent,icmp-stats/network-unreachable-received,icmp-stats/network-unreachable-sent,icmp-stats/output,icmp-stats/param-error-received,icmp-stats/param-error-send,icmp-stats/port-unreachable-received,icmp-stats/port-unreachable-sent,icmp-stats/protocol-unreachable-received,icmp-stats/protocol-unreachable-sent,icmp-stats/reassebly-received,icmp-stats/reassembly-sent,icmp-stats/received,icmp-stats/redirect-received,icmp-stats/redirect-send,icmp-stats/router-advert-received,icmp-stats/router-solicit-received,icmp-stats/source-quench-received,icmp-stats/timestamp-received,icmp-stats/timestamp-reply-received,icmp-stats/unknown,ipv4-stats/bad-header,ipv4-stats/bad-hop-count,ipv4-stats/bad-option,ipv4-stats/bad-security-option,ipv4-stats/bad-source-address,ipv4-stats/basic-security-option,ipv4-stats/broadcast-in,ipv4-stats/broadcast-out,ipv4-stats/cipso-option,ipv4-stats/encapsulation-failed,ipv4-stats/end-option,ipv4-stats/extended-security-option,ipv4-stats/format-errors,ipv4-stats/fragment-count,ipv4-stats/input-packets,ipv4-stats/lisp-decap-error,ipv4-stats/lisp-encap-error,ipv4-stats/lisp-v4-decap,ipv4-stats/lisp-v4-encap,ipv4-stats/lisp-v6-decap,ipv4-stats/lisp-v6-encap,ipv4-stats/loose-source-route-option,ipv4-stats/multicast-in,ipv4-stats/multicast-out,ipv4-stats/no-gateway,ipv4-stats/no-protocol,ipv4-stats/no-router,ipv4-stats/noop-option,ipv4-stats/options-present,ipv4-stats/packet-too-big,ipv4-stats/packets-forwarded,ipv4-stats/packets-fragmented,ipv4-stats/packets-output,ipv4-stats/reassemble-failed,ipv4-stats/reassemble-input,ipv4-stats/reassemble-max-drop,ipv4-stats/reassemble-timeout,ipv4-stats/reassembled,ipv4-stats/received-packets,ipv4-stats/record-route-option,ipv4-stats/router-alert-option,ipv4-stats/sid-option,ipv4-stats/strict-source-route-option,ipv4-stats/timestamp-option,ipv4-stats/unknown-option,node-name

2020-02-02 20:16:53.745000+00:00,leaf5,sg3,obt-collector1,0,0,0,0,0,0,0,0,0,0,118,0,0,0,0,0,0,0,0,118,0,0,0,0,0,0,0,0,0,0,0,0,0,0,0,0,0,0,0,0,0,0,0,0,0,0,0,0,0,0,0,0,0,0,0,0,0,0,0,0,0,0,0,0,0,0,0,0,0,170844,0,0,0,0,0,0,0,0,0,0,0,0,0/0/CPU0

2020-02-02 20:16:53.747000+00:00,leaf5,sg3,obt-collector1,0,0,0,5,14114,14114,5,16,0,0,0,363,0,0,0,27,0,0,1,15121,0,0,502,977,16,24,0,0,15072,0,0,0,0,0,29,0,0,0,0,0,0,0,0,0,0,0,0,0,0,0,0,38528788,0,0,0,0,0,0,0,0,0,0,27,2,0,69991,0,0,0,41831986,0,0,0,0,0,38463275,0,69991,0,0,0,0,0/RP0/CPU0

2020-02-02 20:17:03.713000+00:00,leaf5,sg3,obt-collector1,0,0,0,0,0,0,0,0,0,0,118,0,0,0,0,0,0,0,0,118,0,0,0,0,0,0,0,0,0,0,0,0,0,0,0,0,0,0,0,0,0,0,0,0,0,0,0,0,0,0,0,0,0,0,0,0,0,0,0,0,0,0,0,0,0,0,0,0,0,170844,0,0,0,0,0,0,0,0,0,0,0,0,0/0/CPU0

2020-02-02 20:17:03.715000+00:00,leaf5,sg3,obt-collector1,0,0,0,5,14114,14114,5,16,0,0,0,363,0,0,0,27,0,0,1,15121,0,0,502,977,16,24,0,0,15072,0,0,0,0,0,29,0,0,0,0,0,0,0,0,0,0,0,0,0,0,0,0,38528987,0,0,0,0,0,0,0,0,0,0,27,2,0,69991,0,0,0,41833169,0,0,0,0,0,38463474,0,69991,0,0,0,0,0/RP0/CPU0

2020-02-02 20:17:13.706000+00:00,leaf5,sg3,obt-collector1,0,0,0,0,0,0,0,0,0,0,118,0,0,0,0,0,0,0,0,118,0,0,0,0,0,0,0,0,0,0,0,0,0,0,0,0,0,0,0,0,0,0,0,0,0,0,0,0,0,0,0,0,0,0,0,0,0,0,0,0,0,0,0,0,0,0,0,0,0,170844,0,0,0,0,0,0,0,0,0,0,0,0,0/0/CPU0

2020-02-02 20:17:13.708000+00:00,leaf5,sg3,obt-collector1,0,0,0,5,14114,14114,5,16,0,0,0,363,0,0,0,27,0,0,1,15121,0,0,502,977,16,24,0,0,15072,0,0,0,0,0,29,0,0,0,0,0,0,0,0,0,0,0,0,0,0,0,0,38529184,0,0,0,0,0,0,0,0,0,0,27,2,0,69991,0,0,0,41834348,0,0,0,0,0,38463671,0,69991,0,0,0,0,0/RP0/CPU0

2020-02-02 20:17:23.700000+00:00,leaf5,sg3,obt-collector1,0,0,0,0,0,0,0,0,0,0,118,0,0,0,0,0,0,0,0,118,0,0,0,0,0,0,0,0,0,0,0,0,0,0,0,0,0,0,0,0,0,0,0,0,0,0,0,0,0,0,0,0,0,0,0,0,0,0,0,0,0,0,0,0,0,0,0,0,0,170844,0,0,0,0,0,0,0,0,0,0,0,0,0/0/CPU0

2020-02-02 20:17:23.702000+00:00,leaf5,sg3,obt-collector1,0,0,0,5,14114,14114,5,16,0,0,0,363,0,0,0,27,0,0,1,15121,0,0,502,977,16,24,0,0,15072,0,0,0,0,0,29,0,0,0,0,0,0,0,0,0,0,0,0,0,0,0,0,38529389,0,0,0,0,0,0,0,0,0,0,27,2,0,69991,0,0,0,41835534,0,0,0,0,0,38463876,0,69991,0,0,0,0,0/RP0/CPU0

2020-02-02 20:17:33.708000+00:00,leaf5,sg3,obt-collector1,0,0,0,0,0,0,0,0,0,0,118,0,0,0,0,0,0,0,0,118,0,0,0,0,0,0,0,0,0,0,0,0,0,0,0,0,0,0,0,0,0,0,0,0,0,0,0,0,0,0,0,0,0,0,0,0,0,0,0,0,0,0,0,0,0,0,0,0,0,170844,0,0,0,0,0,0,0,0,0,0,0,0,0/0/CPU0

2020-02-02 20:17:33.710000+00:00,leaf5,sg3,obt-collector1,0,0,0,5,14114,14114,5,16,0,0,0,363,0,0,0,27,0,0,1,15121,0,0,502,977,16,24,0,0,15072,0,0,0,0,0,29,0,0,0,0,0,0,0,0,0,0,0,0,0,0,0,0,38529599,0,0,0,0,0,0,0,0,0,0,27,2,0,69991,0,0,0,41836722,0,0,0,0,0,38464086,0,69991,0,0,0,0,0/RP0/CPU0

2020-02-02 20:17:43.693000+00:00,leaf5,sg3,obt-collector1,0,0,0,0,0,0,0,0,0,0,118,0,0,0,0,0,0,0,0,118,0,0,0,0,0,0,0,0,0,0,0,0,0,0,0,0,0,0,0,0,0,0,0,0,0,0,0,0,0,0,0,0,0,0,0,0,0,0,0,0,0,0,0,0,0,0,0,0,0,170844,0,0,0,0,0,0,0,0,0,0,0,0,0/0/CPU0

2020-02-02 20:17:43.698000+00:00,leaf5,sg3,obt-collector1,0,0,0,5,14114,14114,5,16,0,0,0,363,0,0,0,27,0,0,1,15121,0,0,502,977,16,24,0,0,15072,0,0,0,0,0,29,0,0,0,0,0,0,0,0,0,0,0,0,0,0,0,0,38529807,0,0,0,0,0,0,0,0,0,0,27,2,0,69991,0,0,0,41837909,0,0,0,0,0,38464294,0,69991,0,0,0,0,0/RP0/CPU0

2020-02-02 20:17:53.707000+00:00,leaf5,sg3,obt-collector1,0,0,0,0,0,0,0,0,0,0,118,0,0,0,0,0,0,0,0,118,0,0,0,0,0,0,0,0,0,0,0,0,0,0,0,0,0,0,0,0,0,0,0,0,0,0,0,0,0,0,0,0,0,0,0,0,0,0,0,0,0,0,0,0,0,0,0,0,0,170844,0,0,0,0,0,0,0,0,0,0,0,0,0/0/CPU0

2020-02-02 20:17:53.710000+00:00,leaf5,sg3,obt-collector1,0,0,0,5,14114,14114,5,16,0,0,0,363,0,0,0,27,0,0,1,15121,0,0,502,977,16,24,0,0,15072,0,0,0,0,0,29,0,0,0,0,0,0,0,0,0,0,0,0,0,0,0,0,38530016,0,0,0,0,0,0,0,0,0,0,27,2,0,69992,0,0,0,41839091,0,0,0,0,0,38464502,0,69992,0,0,0,0,0/RP0/CPU0

2020-02-02 20:18:03.706000+00:00,leaf5,sg3,obt-collector1,0,0,0,0,0,0,0,0,0,0,118,0,0,0,0,0,0,0,0,118,0,0,0,0,0,0,0,0,0,0,0,0,0,0,0,0,0,0,0,0,0,0,0,0,0,0,0,0,0,0,0,0,0,0,0,0,0,0,0,0,0,0,0,0,0,0,0,0,0,170844,0,0,0,0,0,0,0,0,0,0,0,0,0/0/CPU0

2020-02-02 20:18:03.708000+00:00,leaf5,sg3,obt-collector1,0,0,0,5,14114,14114,5,16,0,0,0,363,0,0,0,27,0,0,1,15121,0,0,502,977,16,24,0,0,15072,0,0,0,0,0,29,0,0,0,0,0,0,0,0,0,0,0,0,0,0,0,0,38530226,0,0,0,0,0,0,0,0,0,0,27,2,0,69992,0,0,0,41840277,0,0,0,0,0,38464712,0,69992,0,0,0,0,0/RP0/CPU0

2020-02-02 20:18:13.746000+00:00,leaf5,sg3,obt-collector1,0,0,0,0,0,0,0,0,0,0,118,0,0,0,0,0,0,0,0,118,0,0,0,0,0,0,0,0,0,0,0,0,0,0,0,0,0,0,0,0,0,0,0,0,0,0,0,0,0,0,0,0,0,0,0,0,0,0,0,0,0,0,0,0,0,0,0,0,0,170844,0,0,0,0,0,0,0,0,0,0,0,0,0/0/CPU0

2020-02-02 20:18:13.749000+00:00,leaf5,sg3,obt-collector1,0,0,0,5,14114,14114,5,16,0,0,0,363,0,0,0,27,0,0,1,15121,0,0,502,977,16,24,0,0,15072,0,0,0,0,0,29,0,0,0,0,0,0,0,0,0,0,0,0,0,0,0,0,38530444,0,0,0,0,0,0,0,0,0,0,27,2,0,69992,0,0,0,41841466,0,0,0,0,0,38464930,0,69992,0,0,0,0,0/RP0/CPU0

2020-02-02 20:18:23.693000+00:00,leaf5,sg3,obt-collector1,0,0,0,0,0,0,0,0,0,0,118,0,0,0,0,0,0,0,0,118,0,0,0,0,0,0,0,0,0,0,0,0,0,0,0,0,0,0,0,0,0,0,0,0,0,0,0,0,0,0,0,0,0,0,0,0,0,0,0,0,0,0,0,0,0,0,0,0,0,170844,0,0,0,0,0,0,0,0,0,0,0,0,0/0/CPU0

2020-02-02 20:18:23.696000+00:00,leaf5,sg3,obt-collector1,0,0,0,5,14115,14115,5,16,0,0,0,363,0,0,0,27,0,0,1,15122,0,0,502,977,16,24,0,0,15073,0,0,0,0,0,29,0,0,0,0,0,0,0,0,0,0,0,0,0,0,0,0,38530690,0,0,0,0,0,0,0,0,0,0,27,2,0,69992,0,0,0,41842690,0,0,0,0,0,38465176,0,69992,0,0,0,0,0/RP0/CPU0

2020-02-02 20:18:33.724000+00:00,leaf5,sg3,obt-collector1,0,0,0,0,0,0,0,0,0,0,118,0,0,0,0,0,0,0,0,118,0,0,0,0,0,0,0,0,0,0,0,0,0,0,0,0,0,0,0,0,0,0,0,0,0,0,0,0,0,0,0,0,0,0,0,0,0,0,0,0,0,0,0,0,0,0,0,0,0,170844,0,0,0,0,0,0,0,0,0,0,0,0,0/0/CPU0

2020-02-02 20:18:33.726000+00:00,leaf5,sg3,obt-collector1,0,0,0,5,14115,14115,5,16,0,0,0,363,0,0,0,27,0,0,1,15122,0,0,502,977,16,24,0,0,15073,0,0,0,0,0,29,0,0,0,0,0,0,0,0,0,0,0,0,0,0,0,0,38530902,0,0,0,0,0,0,0,0,0,0,27,2,0,69992,0,0,0,41843868,0,0,0,0,0,38465388,0,69992,0,0,0,0,0/RP0/CPU0

2020-02-02 20:18:43.726000+00:00,leaf5,sg3,obt-collector1,0,0,0,0,0,0,0,0,0,0,118,0,0,0,0,0,0,0,0,118,0,0,0,0,0,0,0,0,0,0,0,0,0,0,0,0,0,0,0,0,0,0,0,0,0,0,0,0,0,0,0,0,0,0,0,0,0,0,0,0,0,0,0,0,0,0,0,0,0,170844,0,0,0,0,0,0,0,0,0,0,0,0,0/0/CPU0

2020-02-02 20:18:43.729000+00:00,leaf5,sg3,obt-collector1,0,0,0,5,14115,14115,5,16,0,0,0,363,0,0,0,27,0,0,1,15122,0,0,502,977,16,24,0,0,15073,0,0,0,0,0,29,0,0,0,0,0,0,0,0,0,0,0,0,0,0,0,0,38531117,0,0,0,0,0,0,0,0,0,0,27,2,0,69992,0,0,0,41845053,0,0,0,0,0,38465603,0,69992,0,0,0,0,0/RP0/CPU0

2020-02-02 20:18:53.730000+00:00,leaf5,sg3,obt-collector1,0,0,0,0,0,0,0,0,0,0,118,0,0,0,0,0,0,0,0,118,0,0,0,0,0,0,0,0,0,0,0,0,0,0,0,0,0,0,0,0,0,0,0,0,0,0,0,0,0,0,0,0,0,0,0,0,0,0,0,0,0,0,0,0,0,0,0,0,0,170844,0,0,0,0,0,0,0,0,0,0,0,0,0/0/CPU0

2020-02-02 20:18:53.731000+00:00,leaf5,sg3,obt-collector1,0,0,0,5,14115,14115,5,16,0,0,0,363,0,0,0,27,0,0,1,15122,0,0,502,977,16,24,0,0,15073,0,0,0,0,0,29,0,0,0,0,0,0,0,0,0,0,0,0,0,0,0,0,38531340,0,0,0,0,0,0,0,0,0,0,27,2,0,69993,0,0,0,41846236,0,0,0,0,0,38465825,0,69993,0,0,0,0,0/RP0/CPU0

2020-02-02 20:19:03.721000+00:00,leaf5,sg3,obt-collector1,0,0,0,0,0,0,0,0,0,0,118,0,0,0,0,0,0,0,0,118,0,0,0,0,0,0,0,0,0,0,0,0,0,0,0,0,0,0,0,0,0,0,0,0,0,0,0,0,0,0,0,0,0,0,0,0,0,0,0,0,0,0,0,0,0,0,0,0,0,170844,0,0,0,0,0,0,0,0,0,0,0,0,0/0/CPU0

2020-02-02 20:19:03.724000+00:00,leaf5,sg3,obt-collector1,0,0,0,5,14115,14115,5,16,0,0,0,363,0,0,0,27,0,0,1,15122,0,0,502,977,16,24,0,0,15073,0,0,0,0,0,29,0,0,0,0,0,0,0,0,0,0,0,0,0,0,0,0,38531551,0,0,0,0,0,0,0,0,0,0,27,2,0,69993,0,0,0,41847412,0,0,0,0,0,38466036,0,69993,0,0,0,0,0/RP0/CPU0

2020-02-02 20:19:13.728000+00:00,leaf5,sg3,obt-collector1,0,0,0,0,0,0,0,0,0,0,118,0,0,0,0,0,0,0,0,118,0,0,0,0,0,0,0,0,0,0,0,0,0,0,0,0,0,0,0,0,0,0,0,0,0,0,0,0,0,0,0,0,0,0,0,0,0,0,0,0,0,0,0,0,0,0,0,0,0,170844,0,0,0,0,0,0,0,0,0,0,0,0,0/0/CPU0

2020-02-02 20:19:13.730000+00:00,leaf5,sg3,obt-collector1,0,0,0,5,14115,14115,5,16,0,0,0,363,0,0,0,27,0,0,1,15122,0,0,502,977,16,24,0,0,15073,0,0,0,0,0,29,0,0,0,0,0,0,0,0,0,0,0,0,0,0,0,0,38532017,0,0,0,0,0,0,0,0,0,0,27,2,0,69993,0,0,0,41848841,0,0,0,0,0,38466502,0,69993,0,0,0,0,0/RP0/CPU0

2020-02-02 20:19:23.701000+00:00,leaf5,sg3,obt-collector1,0,0,0,0,0,0,0,0,0,0,118,0,0,0,0,0,0,0,0,118,0,0,0,0,0,0,0,0,0,0,0,0,0,0,0,0,0,0,0,0,0,0,0,0,0,0,0,0,0,0,0,0,0,0,0,0,0,0,0,0,0,0,0,0,0,0,0,0,0,170844,0,0,0,0,0,0,0,0,0,0,0,0,0/0/CPU0

2020-02-02 20:19:23.703000+00:00,leaf5,sg3,obt-collector1,0,0,0,5,14115,14115,5,16,0,0,0,363,0,0,0,27,0,0,1,15122,0,0,502,977,16,24,0,0,15073,0,0,0,0,0,29,0,0,0,0,0,0,0,0,0,0,0,0,0,0,0,0,38532315,0,0,0,0,0,0,0,0,0,0,27,2,0,69993,0,0,0,41850101,0,0,0,0,0,38466800,0,69993,0,0,0,0,0/RP0/CPU0

2020-02-02 20:19:33.704000+00:00,leaf5,sg3,obt-collector1,0,0,0,0,0,0,0,0,0,0,118,0,0,0,0,0,0,0,0,118,0,0,0,0,0,0,0,0,0,0,0,0,0,0,0,0,0,0,0,0,0,0,0,0,0,0,0,0,0,0,0,0,0,0,0,0,0,0,0,0,0,0,0,0,0,0,0,0,0,170844,0,0,0,0,0,0,0,0,0,0,0,0,0/0/CPU0

2020-02-02 20:19:33.706000+00:00,leaf5,sg3,obt-collector1,0,0,0,5,14115,14115,5,16,0,0,0,363,0,0,0,27,0,0,1,15122,0,0,502,977,16,24,0,0,15073,0,0,0,0,0,29,0,0,0,0,0,0,0,0,0,0,0,0,0,0,0,0,38532544,0,0,0,0,0,0,0,0,0,0,27,2,0,69993,0,0,0,41851291,0,0,0,0,0,38467029,0,69993,0,0,0,0,0/RP0/CPU0

2020-02-02 20:19:43.710000+00:00,leaf5,sg3,obt-collector1,0,0,0,0,0,0,0,0,0,0,118,0,0,0,0,0,0,0,0,118,0,0,0,0,0,0,0,0,0,0,0,0,0,0,0,0,0,0,0,0,0,0,0,0,0,0,0,0,0,0,0,0,0,0,0,0,0,0,0,0,0,0,0,0,0,0,0,0,0,170844,0,0,0,0,0,0,0,0,0,0,0,0,0/0/CPU0

2020-02-02 20:19:43.712000+00:00,leaf5,sg3,obt-collector1,0,0,0,5,14115,14115,5,16,0,0,0,363,0,0,0,27,0,0,1,15122,0,0,502,977,16,24,0,0,15073,0,0,0,0,0,29,0,0,0,0,0,0,0,0,0,0,0,0,0,0,0,0,38532759,0,0,0,0,0,0,0,0,0,0,27,2,0,69993,0,0,0,41852471,0,0,0,0,0,38467244,0,69993,0,0,0,0,0/RP0/CPU0

2020-02-02 20:19:53.718000+00:00,leaf5,sg3,obt-collector1,0,0,0,0,0,0,0,0,0,0,118,0,0,0,0,0,0,0,0,118,0,0,0,0,0,0,0,0,0,0,0,0,0,0,0,0,0,0,0,0,0,0,0,0,0,0,0,0,0,0,0,0,0,0,0,0,0,0,0,0,0,0,0,0,0,0,0,0,0,170844,0,0,0,0,0,0,0,0,0,0,0,0,0/0/CPU0

2020-02-02 20:19:53.720000+00:00,leaf5,sg3,obt-collector1,0,0,0,5,14115,14115,5,16,0,0,0,363,0,0,0,27,0,0,1,15122,0,0,502,977,16,24,0,0,15073,0,0,0,0,0,29,0,0,0,0,0,0,0,0,0,0,0,0,0,0,0,0,38532998,0,0,0,0,0,0,0,0,0,0,27,2,0,69994,0,0,0,41853658,0,0,0,0,0,38467483,0,69994,0,0,0,0,0/RP0/CPU0

2020-02-02 20:20:03.723000+00:00,leaf5,sg3,obt-collector1,0,0,0,0,0,0,0,0,0,0,118,0,0,0,0,0,0,0,0,118,0,0,0,0,0,0,0,0,0,0,0,0,0,0,0,0,0,0,0,0,0,0,0,0,0,0,0,0,0,0,0,0,0,0,0,0,0,0,0,0,0,0,0,0,0,0,0,0,0,170844,0,0,0,0,0,0,0,0,0,0,0,0,0/0/CPU0

2020-02-02 20:20:03.726000+00:00,leaf5,sg3,obt-collector1,0,0,0,5,14115,14115,5,16,0,0,0,363,0,0,0,27,0,0,1,15122,0,0,502,977,16,24,0,0,15073,0,0,0,0,0,29,0,0,0,0,0,0,0,0,0,0,0,0,0,0,0,0,38533217,0,0,0,0,0,0,0,0,0,0,27,2,0,69994,0,0,0,41854839,0,0,0,0,0,38467701,0,69994,0,0,0,0,0/RP0/CPU0

2020-02-02 20:20:13.716000+00:00,leaf5,sg3,obt-collector1,0,0,0,0,0,0,0,0,0,0,118,0,0,0,0,0,0,0,0,118,0,0,0,0,0,0,0,0,0,0,0,0,0,0,0,0,0,0,0,0,0,0,0,0,0,0,0,0,0,0,0,0,0,0,0,0,0,0,0,0,0,0,0,0,0,0,0,0,0,170844,0,0,0,0,0,0,0,0,0,0,0,0,0/0/CPU0

2020-02-02 20:20:13.719000+00:00,leaf5,sg3,obt-collector1,0,0,0,5,14115,14115,5,16,0,0,0,363,0,0,0,27,0,0,1,15122,0,0,502,977,16,24,0,0,15073,0,0,0,0,0,29,0,0,0,0,0,0,0,0,0,0,0,0,0,0,0,0,38533446,0,0,0,0,0,0,0,0,0,0,27,2,0,69994,0,0,0,41856024,0,0,0,0,0,38467930,0,69994,0,0,0,0,0/RP0/CPU0

2020-02-02 20:20:23.720000+00:00,leaf5,sg3,obt-collector1,0,0,0,0,0,0,0,0,0,0,118,0,0,0,0,0,0,0,0,118,0,0,0,0,0,0,0,0,0,0,0,0,0,0,0,0,0,0,0,0,0,0,0,0,0,0,0,0,0,0,0,0,0,0,0,0,0,0,0,0,0,0,0,0,0,0,0,0,0,170844,0,0,0,0,0,0,0,0,0,0,0,0,0/0/CPU0

2020-02-02 20:20:23.724000+00:00,leaf5,sg3,obt-collector1,0,0,0,5,14115,14115,5,16,0,0,0,363,0,0,0,27,0,0,1,15122,0,0,502,977,16,24,0,0,15073,0,0,0,0,0,29,0,0,0,0,0,0,0,0,0,0,0,0,0,0,0,0,38533676,0,0,0,0,0,0,0,0,0,0,27,2,0,69994,0,0,0,41857201,0,0,0,0,0,38468160,0,69994,0,0,0,0,0/RP0/CPU0

2020-02-02 20:20:33.712000+00:00,leaf5,sg3,obt-collector1,0,0,0,0,0,0,0,0,0,0,118,0,0,0,0,0,0,0,0,118,0,0,0,0,0,0,0,0,0,0,0,0,0,0,0,0,0,0,0,0,0,0,0,0,0,0,0,0,0,0,0,0,0,0,0,0,0,0,0,0,0,0,0,0,0,0,0,0,0,170844,0,0,0,0,0,0,0,0,0,0,0,0,0/0/CPU0

2020-02-02 20:20:33.715000+00:00,leaf5,sg3,obt-collector1,0,0,0,5,14115,14115,5,16,0,0,0,363,0,0,0,27,0,0,1,15122,0,0,502,977,16,24,0,0,15073,0,0,0,0,0,29,0,0,0,0,0,0,0,0,0,0,0,0,0,0,0,0,38533907,0,0,0,0,0,0,0,0,0,0,27,2,0,69994,0,0,0,41858386,0,0,0,0,0,38468391,0,69994,0,0,0,0,0/RP0/CPU0

2020-02-02 20:20:43.708000+00:00,leaf5,sg3,obt-collector1,0,0,0,0,0,0,0,0,0,0,118,0,0,0,0,0,0,0,0,118,0,0,0,0,0,0,0,0,0,0,0,0,0,0,0,0,0,0,0,0,0,0,0,0,0,0,0,0,0,0,0,0,0,0,0,0,0,0,0,0,0,0,0,0,0,0,0,0,0,170844,0,0,0,0,0,0,0,0,0,0,0,0,0/0/CPU0

2020-02-02 20:20:43.711000+00:00,leaf5,sg3,obt-collector1,0,0,0,5,14115,14115,5,16,0,0,0,363,0,0,0,27,0,0,1,15122,0,0,502,977,16,24,0,0,15073,0,0,0,0,0,29,0,0,0,0,0,0,0,0,0,0,0,0,0,0,0,0,38534133,0,0,0,0,0,0,0,0,0,0,27,2,0,69994,0,0,0,41859564,0,0,0,0,0,38468617,0,69994,0,0,0,0,0/RP0/CPU0

2020-02-02 20:20:53.703000+00:00,leaf5,sg3,obt-collector1,0,0,0,0,0,0,0,0,0,0,118,0,0,0,0,0,0,0,0,118,0,0,0,0,0,0,0,0,0,0,0,0,0,0,0,0,0,0,0,0,0,0,0,0,0,0,0,0,0,0,0,0,0,0,0,0,0,0,0,0,0,0,0,0,0,0,0,0,0,170844,0,0,0,0,0,0,0,0,0,0,0,0,0/0/CPU0

2020-02-02 20:20:53.706000+00:00,leaf5,sg3,obt-collector1,0,0,0,5,14115,14115,5,16,0,0,0,363,0,0,0,27,0,0,1,15122,0,0,502,977,16,24,0,0,15073,0,0,0,0,0,29,0,0,0,0,0,0,0,0,0,0,0,0,0,0,0,0,38534357,0,0,0,0,0,0,0,0,0,0,27,2,0,69995,0,0,0,41860738,0,0,0,0,0,38468841,0,69995,0,0,0,0,0/RP0/CPU0

2020-02-02 20:21:03.715000+00:00,leaf5,sg3,obt-collector1,0,0,0,0,0,0,0,0,0,0,118,0,0,0,0,0,0,0,0,118,0,0,0,0,0,0,0,0,0,0,0,0,0,0,0,0,0,0,0,0,0,0,0,0,0,0,0,0,0,0,0,0,0,0,0,0,0,0,0,0,0,0,0,0,0,0,0,0,0,170844,0,0,0,0,0,0,0,0,0,0,0,0,0/0/CPU0

2020-02-02 20:21:03.717000+00:00,leaf5,sg3,obt-collector1,0,0,0,5,14115,14115,5,16,0,0,0,363,0,0,0,27,0,0,1,15122,0,0,502,977,16,24,0,0,15073,0,0,0,0,0,29,0,0,0,0,0,0,0,0,0,0,0,0,0,0,0,0,38534541,0,0,0,0,0,0,0,0,0,0,27,2,0,69995,0,0,0,41861924,0,0,0,0,0,38469024,0,69995,0,0,0,0,0/RP0/CPU0

2020-02-02 20:21:13.743000+00:00,leaf5,sg3,obt-collector1,0,0,0,0,0,0,0,0,0,0,118,0,0,0,0,0,0,0,0,118,0,0,0,0,0,0,0,0,0,0,0,0,0,0,0,0,0,0,0,0,0,0,0,0,0,0,0,0,0,0,0,0,0,0,0,0,0,0,0,0,0,0,0,0,0,0,0,0,0,170844,0,0,0,0,0,0,0,0,0,0,0,0,0/0/CPU0

2020-02-02 20:21:13.747000+00:00,leaf5,sg3,obt-collector1,0,0,0,5,14115,14115,5,16,0,0,0,363,0,0,0,27,0,0,1,15122,0,0,502,977,16,24,0,0,15073,0,0,0,0,0,29,0,0,0,0,0,0,0,0,0,0,0,0,0,0,0,0,38534724,0,0,0,0,0,0,0,0,0,0,27,2,0,69995,0,0,0,41863100,0,0,0,0,0,38469207,0,69995,0,0,0,0,0/RP0/CPU0

2020-02-02 20:21:23.708000+00:00,leaf5,sg3,obt-collector1,0,0,0,0,0,0,0,0,0,0,118,0,0,0,0,0,0,0,0,118,0,0,0,0,0,0,0,0,0,0,0,0,0,0,0,0,0,0,0,0,0,0,0,0,0,0,0,0,0,0,0,0,0,0,0,0,0,0,0,0,0,0,0,0,0,0,0,0,0,170844,0,0,0,0,0,0,0,0,0,0,0,0,0/0/CPU0

2020-02-02 20:21:23.711000+00:00,leaf5,sg3,obt-collector1,0,0,0,5,14115,14115,5,16,0,0,0,363,0,0,0,27,0,0,1,15122,0,0,502,977,16,24,0,0,15073,0,0,0,0,0,29,0,0,0,0,0,0,0,0,0,0,0,0,0,0,0,0,38534912,0,0,0,0,0,0,0,0,0,0,27,2,0,69995,0,0,0,41864275,0,0,0,0,0,38469395,0,69995,0,0,0,0,0/RP0/CPU0

2020-02-02 20:21:33.714000+00:00,leaf5,sg3,obt-collector1,0,0,0,0,0,0,0,0,0,0,118,0,0,0,0,0,0,0,0,118,0,0,0,0,0,0,0,0,0,0,0,0,0,0,0,0,0,0,0,0,0,0,0,0,0,0,0,0,0,0,0,0,0,0,0,0,0,0,0,0,0,0,0,0,0,0,0,0,0,170844,0,0,0,0,0,0,0,0,0,0,0,0,0/0/CPU0

2020-02-02 20:21:33.723000+00:00,leaf5,sg3,obt-collector1,0,0,0,5,14115,14115,5,16,0,0,0,363,0,0,0,27,0,0,1,15122,0,0,502,977,16,24,0,0,15073,0,0,0,0,0,29,0,0,0,0,0,0,0,0,0,0,0,0,0,0,0,0,38535098,0,0,0,0,0,0,0,0,0,0,27,2,0,69995,0,0,0,41865451,0,0,0,0,0,38469581,0,69995,0,0,0,0,0/RP0/CPU0

2020-02-02 20:21:43.721000+00:00,leaf5,sg3,obt-collector1,0,0,0,0,0,0,0,0,0,0,118,0,0,0,0,0,0,0,0,118,0,0,0,0,0,0,0,0,0,0,0,0,0,0,0,0,0,0,0,0,0,0,0,0,0,0,0,0,0,0,0,0,0,0,0,0,0,0,0,0,0,0,0,0,0,0,0,0,0,170844,0,0,0,0,0,0,0,0,0,0,0,0,0/0/CPU0

2020-02-02 20:21:43.723000+00:00,leaf5,sg3,obt-collector1,0,0,0,5,14115,14115,5,16,0,0,0,363,0,0,0,27,0,0,1,15122,0,0,502,977,16,24,0,0,15073,0,0,0,0,0,29,0,0,0,0,0,0,0,0,0,0,0,0,0,0,0,0,38535311,0,0,0,0,0,0,0,0,0,0,27,2,0,69995,0,0,0,41866655,0,0,0,0,0,38469794,0,69995,0,0,0,0,0/RP0/CPU0

2020-02-02 20:21:53.716000+00:00,leaf5,sg3,obt-collector1,0,0,0,0,0,0,0,0,0,0,118,0,0,0,0,0,0,0,0,118,0,0,0,0,0,0,0,0,0,0,0,0,0,0,0,0,0,0,0,0,0,0,0,0,0,0,0,0,0,0,0,0,0,0,0,0,0,0,0,0,0,0,0,0,0,0,0,0,0,170844,0,0,0,0,0,0,0,0,0,0,0,0,0/0/CPU0

2020-02-02 20:21:53.719000+00:00,leaf5,sg3,obt-collector1,0,0,0,5,14115,14115,5,16,0,0,0,363,0,0,0,27,0,0,1,15122,0,0,502,977,16,24,0,0,15073,0,0,0,0,0,29,0,0,0,0,0,0,0,0,0,0,0,0,0,0,0,0,38535498,0,0,0,0,0,0,0,0,0,0,27,2,0,69996,0,0,0,41867829,0,0,0,0,0,38469981,0,69996,0,0,0,0,0/RP0/CPU0

2020-02-02 20:22:03.715000+00:00,leaf5,sg3,obt-collector1,0,0,0,0,0,0,0,0,0,0,118,0,0,0,0,0,0,0,0,118,0,0,0,0,0,0,0,0,0,0,0,0,0,0,0,0,0,0,0,0,0,0,0,0,0,0,0,0,0,0,0,0,0,0,0,0,0,0,0,0,0,0,0,0,0,0,0,0,0,170844,0,0,0,0,0,0,0,0,0,0,0,0,0/0/CPU0

2020-02-02 20:22:03.720000+00:00,leaf5,sg3,obt-collector1,0,0,0,5,14115,14115,5,16,0,0,0,363,0,0,0,27,0,0,1,15122,0,0,502,977,16,24,0,0,15073,0,0,0,0,0,29,0,0,0,0,0,0,0,0,0,0,0,0,0,0,0,0,38535705,0,0,0,0,0,0,0,0,0,0,27,2,0,69996,0,0,0,41869004,0,0,0,0,0,38470187,0,69996,0,0,0,0,0/RP0/CPU0

2020-02-02 20:22:13.711000+00:00,leaf5,sg3,obt-collector1,0,0,0,0,0,0,0,0,0,0,118,0,0,0,0,0,0,0,0,118,0,0,0,0,0,0,0,0,0,0,0,0,0,0,0,0,0,0,0,0,0,0,0,0,0,0,0,0,0,0,0,0,0,0,0,0,0,0,0,0,0,0,0,0,0,0,0,0,0,170844,0,0,0,0,0,0,0,0,0,0,0,0,0/0/CPU0

2020-02-02 20:22:13.713000+00:00,leaf5,sg3,obt-collector1,0,0,0,5,14115,14115,5,16,0,0,0,363,0,0,0,27,0,0,1,15122,0,0,502,977,16,24,0,0,15073,0,0,0,0,0,29,0,0,0,0,0,0,0,0,0,0,0,0,0,0,0,0,38535919,0,0,0,0,0,0,0,0,0,0,27,2,0,69996,0,0,0,41870202,0,0,0,0,0,38470401,0,69996,0,0,0,0,0/RP0/CPU0

2020-02-02 20:22:23.710000+00:00,leaf5,sg3,obt-collector1,0,0,0,0,0,0,0,0,0,0,118,0,0,0,0,0,0,0,0,118,0,0,0,0,0,0,0,0,0,0,0,0,0,0,0,0,0,0,0,0,0,0,0,0,0,0,0,0,0,0,0,0,0,0,0,0,0,0,0,0,0,0,0,0,0,0,0,0,0,170844,0,0,0,0,0,0,0,0,0,0,0,0,0/0/CPU0

2020-02-02 20:22:23.712000+00:00,leaf5,sg3,obt-collector1,0,0,0,5,14115,14115,5,16,0,0,0,363,0,0,0,27,0,0,1,15122,0,0,502,977,16,24,0,0,15073,0,0,0,0,0,29,0,0,0,0,0,0,0,0,0,0,0,0,0,0,0,0,38536113,0,0,0,0,0,0,0,0,0,0,27,2,0,69996,0,0,0,41871380,0,0,0,0,0,38470595,0,69996,0,0,0,0,0/RP0/CPU0

2020-02-02 20:22:33.716000+00:00,leaf5,sg3,obt-collector1,0,0,0,0,0,0,0,0,0,0,118,0,0,0,0,0,0,0,0,118,0,0,0,0,0,0,0,0,0,0,0,0,0,0,0,0,0,0,0,0,0,0,0,0,0,0,0,0,0,0,0,0,0,0,0,0,0,0,0,0,0,0,0,0,0,0,0,0,0,170844,0,0,0,0,0,0,0,0,0,0,0,0,0/0/CPU0

2020-02-02 20:22:33.719000+00:00,leaf5,sg3,obt-collector1,0,0,0,5,14115,14115,5,16,0,0,0,363,0,0,0,27,0,0,1,15122,0,0,502,977,16,24,0,0,15073,0,0,0,0,0,29,0,0,0,0,0,0,0,0,0,0,0,0,0,0,0,0,38536303,0,0,0,0,0,0,0,0,0,0,27,2,0,69996,0,0,0,41872559,0,0,0,0,0,38470785,0,69996,0,0,0,0,0/RP0/CPU0

2020-02-02 20:22:43.717000+00:00,leaf5,sg3,obt-collector1,0,0,0,0,0,0,0,0,0,0,118,0,0,0,0,0,0,0,0,118,0,0,0,0,0,0,0,0,0,0,0,0,0,0,0,0,0,0,0,0,0,0,0,0,0,0,0,0,0,0,0,0,0,0,0,0,0,0,0,0,0,0,0,0,0,0,0,0,0,170844,0,0,0,0,0,0,0,0,0,0,0,0,0/0/CPU0

2020-02-02 20:22:43.722000+00:00,leaf5,sg3,obt-collector1,0,0,0,5,14115,14115,5,16,0,0,0,363,0,0,0,27,0,0,1,15122,0,0,502,977,16,24,0,0,15073,0,0,0,0,0,29,0,0,0,0,0,0,0,0,0,0,0,0,0,0,0,0,38536513,0,0,0,0,0,0,0,0,0,0,27,2,0,69996,0,0,0,41873752,0,0,0,0,0,38470995,0,69996,0,0,0,0,0/RP0/CPU0

2020-02-02 20:22:53.710000+00:00,leaf5,sg3,obt-collector1,0,0,0,0,0,0,0,0,0,0,118,0,0,0,0,0,0,0,0,118,0,0,0,0,0,0,0,0,0,0,0,0,0,0,0,0,0,0,0,0,0,0,0,0,0,0,0,0,0,0,0,0,0,0,0,0,0,0,0,0,0,0,0,0,0,0,0,0,0,170844,0,0,0,0,0,0,0,0,0,0,0,0,0/0/CPU0

2020-02-02 20:22:53.713000+00:00,leaf5,sg3,obt-collector1,0,0,0,5,14115,14115,5,16,0,0,0,363,0,0,0,27,0,0,1,15122,0,0,502,977,16,24,0,0,15073,0,0,0,0,0,29,0,0,0,0,0,0,0,0,0,0,0,0,0,0,0,0,38536703,0,0,0,0,0,0,0,0,0,0,27,2,0,69997,0,0,0,41874930,0,0,0,0,0,38471185,0,69997,0,0,0,0,0/RP0/CPU0

2020-02-02 20:23:03.726000+00:00,leaf5,sg3,obt-collector1,0,0,0,0,0,0,0,0,0,0,118,0,0,0,0,0,0,0,0,118,0,0,0,0,0,0,0,0,0,0,0,0,0,0,0,0,0,0,0,0,0,0,0,0,0,0,0,0,0,0,0,0,0,0,0,0,0,0,0,0,0,0,0,0,0,0,0,0,0,170844,0,0,0,0,0,0,0,0,0,0,0,0,0/0/CPU0

2020-02-02 20:23:03.730000+00:00,leaf5,sg3,obt-collector1,0,0,0,5,14115,14115,5,16,0,0,0,363,0,0,0,27,0,0,1,15122,0,0,502,977,16,24,0,0,15073,0,0,0,0,0,29,0,0,0,0,0,0,0,0,0,0,0,0,0,0,0,0,38536897,0,0,0,0,0,0,0,0,0,0,27,2,0,69997,0,0,0,41876105,0,0,0,0,0,38471379,0,69997,0,0,0,0,0/RP0/CPU0

2020-02-02 20:23:13.728000+00:00,leaf5,sg3,obt-collector1,0,0,0,0,0,0,0,0,0,0,118,0,0,0,0,0,0,0,0,118,0,0,0,0,0,0,0,0,0,0,0,0,0,0,0,0,0,0,0,0,0,0,0,0,0,0,0,0,0,0,0,0,0,0,0,0,0,0,0,0,0,0,0,0,0,0,0,0,0,170844,0,0,0,0,0,0,0,0,0,0,0,0,0/0/CPU0

2020-02-02 20:23:13.731000+00:00,leaf5,sg3,obt-collector1,0,0,0,5,14115,14115,5,16,0,0,0,363,0,0,0,27,0,0,1,15122,0,0,502,977,16,24,0,0,15073,0,0,0,0,0,29,0,0,0,0,0,0,0,0,0,0,0,0,0,0,0,0,38537104,0,0,0,0,0,0,0,0,0,0,27,2,0,69997,0,0,0,41877290,0,0,0,0,0,38471585,0,69997,0,0,0,0,0/RP0/CPU0

2020-02-02 20:23:23.735000+00:00,leaf5,sg3,obt-collector1,0,0,0,0,0,0,0,0,0,0,118,0,0,0,0,0,0,0,0,118,0,0,0,0,0,0,0,0,0,0,0,0,0,0,0,0,0,0,0,0,0,0,0,0,0,0,0,0,0,0,0,0,0,0,0,0,0,0,0,0,0,0,0,0,0,0,0,0,0,170844,0,0,0,0,0,0,0,0,0,0,0,0,0/0/CPU0

2020-02-02 20:23:23.737000+00:00,leaf5,sg3,obt-collector1,0,0,0,5,14115,14115,5,16,0,0,0,363,0,0,0,27,0,0,1,15122,0,0,502,977,16,24,0,0,15073,0,0,0,0,0,29,0,0,0,0,0,0,0,0,0,0,0,0,0,0,0,0,38537311,0,0,0,0,0,0,0,0,0,0,27,2,0,69997,0,0,0,41878472,0,0,0,0,0,38471792,0,69997,0,0,0,0,0/RP0/CPU0

2020-02-02 20:23:33.733000+00:00,leaf5,sg3,obt-collector1,0,0,0,0,0,0,0,0,0,0,118,0,0,0,0,0,0,0,0,118,0,0,0,0,0,0,0,0,0,0,0,0,0,0,0,0,0,0,0,0,0,0,0,0,0,0,0,0,0,0,0,0,0,0,0,0,0,0,0,0,0,0,0,0,0,0,0,0,0,170844,0,0,0,0,0,0,0,0,0,0,0,0,0/0/CPU0

2020-02-02 20:23:33.736000+00:00,leaf5,sg3,obt-collector1,0,0,0,5,14115,14115,5,16,0,0,0,363,0,0,0,27,0,0,1,15122,0,0,502,977,16,24,0,0,15073,0,0,0,0,0,29,0,0,0,0,0,0,0,0,0,0,0,0,0,0,0,0,38537511,0,0,0,0,0,0,0,0,0,0,27,2,0,69997,0,0,0,41879640,0,0,0,0,0,38471992,0,69997,0,0,0,0,0/RP0/CPU0

2020-02-02 20:23:43.730000+00:00,leaf5,sg3,obt-collector1,0,0,0,0,0,0,0,0,0,0,118,0,0,0,0,0,0,0,0,118,0,0,0,0,0,0,0,0,0,0,0,0,0,0,0,0,0,0,0,0,0,0,0,0,0,0,0,0,0,0,0,0,0,0,0,0,0,0,0,0,0,0,0,0,0,0,0,0,0,170844,0,0,0,0,0,0,0,0,0,0,0,0,0/0/CPU0

2020-02-02 20:23:43.732000+00:00,leaf5,sg3,obt-collector1,0,0,0,5,14115,14115,5,16,0,0,0,363,0,0,0,27,0,0,1,15122,0,0,502,977,16,24,0,0,15073,0,0,0,0,0,29,0,0,0,0,0,0,0,0,0,0,0,0,0,0,0,0,38537729,0,0,0,0,0,0,0,0,0,0,27,2,0,69997,0,0,0,41880835,0,0,0,0,0,38472210,0,69997,0,0,0,0,0/RP0/CPU0

2020-02-02 20:23:53.727000+00:00,leaf5,sg3,obt-collector1,0,0,0,0,0,0,0,0,0,0,118,0,0,0,0,0,0,0,0,118,0,0,0,0,0,0,0,0,0,0,0,0,0,0,0,0,0,0,0,0,0,0,0,0,0,0,0,0,0,0,0,0,0,0,0,0,0,0,0,0,0,0,0,0,0,0,0,0,0,170844,0,0,0,0,0,0,0,0,0,0,0,0,0/0/CPU0

2020-02-02 20:23:53.729000+00:00,leaf5,sg3,obt-collector1,0,0,0,5,14115,14115,5,16,0,0,0,363,0,0,0,27,0,0,1,15122,0,0,502,977,16,24,0,0,15073,0,0,0,0,0,29,0,0,0,0,0,0,0,0,0,0,0,0,0,0,0,0,38537925,0,0,0,0,0,0,0,0,0,0,27,2,0,69998,0,0,0,41882008,0,0,0,0,0,38472406,0,69998,0,0,0,0,0/RP0/CPU0

2020-02-02 20:24:03.729000+00:00,leaf5,sg3,obt-collector1,0,0,0,0,0,0,0,0,0,0,118,0,0,0,0,0,0,0,0,118,0,0,0,0,0,0,0,0,0,0,0,0,0,0,0,0,0,0,0,0,0,0,0,0,0,0,0,0,0,0,0,0,0,0,0,0,0,0,0,0,0,0,0,0,0,0,0,0,0,170844,0,0,0,0,0,0,0,0,0,0,0,0,0/0/CPU0

2020-02-02 20:24:03.731000+00:00,leaf5,sg3,obt-collector1,0,0,0,5,14115,14115,5,16,0,0,0,363,0,0,0,27,0,0,1,15122,0,0,502,977,16,24,0,0,15073,0,0,0,0,0,29,0,0,0,0,0,0,0,0,0,0,0,0,0,0,0,0,38538129,0,0,0,0,0,0,0,0,0,0,27,2,0,69998,0,0,0,41883187,0,0,0,0,0,38472610,0,69998,0,0,0,0,0/RP0/CPU0

2020-02-02 20:24:13.720000+00:00,leaf5,sg3,obt-collector1,0,0,0,0,0,0,0,0,0,0,118,0,0,0,0,0,0,0,0,118,0,0,0,0,0,0,0,0,0,0,0,0,0,0,0,0,0,0,0,0,0,0,0,0,0,0,0,0,0,0,0,0,0,0,0,0,0,0,0,0,0,0,0,0,0,0,0,0,0,170844,0,0,0,0,0,0,0,0,0,0,0,0,0/0/CPU0

2020-02-02 20:24:13.722000+00:00,leaf5,sg3,obt-collector1,0,0,0,5,14115,14115,5,16,0,0,0,363,0,0,0,27,0,0,1,15122,0,0,502,977,16,24,0,0,15073,0,0,0,0,0,29,0,0,0,0,0,0,0,0,0,0,0,0,0,0,0,0,38538350,0,0,0,0,0,0,0,0,0,0,27,2,0,69998,0,0,0,41884375,0,0,0,0,0,38472830,0,69998,0,0,0,0,0/RP0/CPU0

2020-02-02 20:24:23.716000+00:00,leaf5,sg3,obt-collector1,0,0,0,0,0,0,0,0,0,0,118,0,0,0,0,0,0,0,0,118,0,0,0,0,0,0,0,0,0,0,0,0,0,0,0,0,0,0,0,0,0,0,0,0,0,0,0,0,0,0,0,0,0,0,0,0,0,0,0,0,0,0,0,0,0,0,0,0,0,170844,0,0,0,0,0,0,0,0,0,0,0,0,0/0/CPU0

2020-02-02 20:24:23.719000+00:00,leaf5,sg3,obt-collector1,0,0,0,5,14115,14115,5,16,0,0,0,363,0,0,0,27,0,0,1,15122,0,0,502,977,16,24,0,0,15073,0,0,0,0,0,29,0,0,0,0,0,0,0,0,0,0,0,0,0,0,0,0,38538562,0,0,0,0,0,0,0,0,0,0,27,2,0,69998,0,0,0,41885547,0,0,0,0,0,38473042,0,69998,0,0,0,0,0/RP0/CPU0

2020-02-02 20:24:33.717000+00:00,leaf5,sg3,obt-collector1,0,0,0,0,0,0,0,0,0,0,118,0,0,0,0,0,0,0,0,118,0,0,0,0,0,0,0,0,0,0,0,0,0,0,0,0,0,0,0,0,0,0,0,0,0,0,0,0,0,0,0,0,0,0,0,0,0,0,0,0,0,0,0,0,0,0,0,0,0,170844,0,0,0,0,0,0,0,0,0,0,0,0,0/0/CPU0

2020-02-02 20:24:33.720000+00:00,leaf5,sg3,obt-collector1,0,0,0,5,14116,14116,5,16,0,0,0,363,0,0,0,27,0,0,1,15123,0,0,502,977,16,24,0,0,15074,0,0,0,0,0,29,0,0,0,0,0,0,0,0,0,0,0,0,0,0,0,0,38538805,0,0,0,0,0,0,0,0,0,0,27,2,0,69998,0,0,0,41886754,0,0,0,0,0,38473285,0,69998,0,0,0,0,0/RP0/CPU0

2020-02-02 20:24:43.731000+00:00,leaf5,sg3,obt-collector1,0,0,0,0,0,0,0,0,0,0,118,0,0,0,0,0,0,0,0,118,0,0,0,0,0,0,0,0,0,0,0,0,0,0,0,0,0,0,0,0,0,0,0,0,0,0,0,0,0,0,0,0,0,0,0,0,0,0,0,0,0,0,0,0,0,0,0,0,0,170844,0,0,0,0,0,0,0,0,0,0,0,0,0/0/CPU0

2020-02-02 20:24:43.734000+00:00,leaf5,sg3,obt-collector1,0,0,0,5,14116,14116,5,16,0,0,0,363,0,0,0,27,0,0,1,15123,0,0,502,977,16,24,0,0,15074,0,0,0,0,0,29,0,0,0,0,0,0,0,0,0,0,0,0,0,0,0,0,38539032,0,0,0,0,0,0,0,0,0,0,27,2,0,69998,0,0,0,41887952,0,0,0,0,0,38473512,0,69998,0,0,0,0,0/RP0/CPU0

2020-02-02 20:24:53.732000+00:00,leaf5,sg3,obt-collector1,0,0,0,0,0,0,0,0,0,0,118,0,0,0,0,0,0,0,0,118,0,0,0,0,0,0,0,0,0,0,0,0,0,0,0,0,0,0,0,0,0,0,0,0,0,0,0,0,0,0,0,0,0,0,0,0,0,0,0,0,0,0,0,0,0,0,0,0,0,170844,0,0,0,0,0,0,0,0,0,0,0,0,0/0/CPU0

2020-02-02 20:24:53.735000+00:00,leaf5,sg3,obt-collector1,0,0,0,5,14116,14116,5,16,0,0,0,363,0,0,0,27,0,0,1,15123,0,0,502,977,16,24,0,0,15074,0,0,0,0,0,29,0,0,0,0,0,0,0,0,0,0,0,0,0,0,0,0,38539170,0,0,0,0,0,0,0,0,0,0,27,2,0,69999,0,0,0,41889014,0,0,0,0,0,38473650,0,69999,0,0,0,0,0/RP0/CPU0

2020-02-02 20:25:03.717000+00:00,leaf5,sg3,obt-collector1,0,0,0,0,0,0,0,0,0,0,118,0,0,0,0,0,0,0,0,118,0,0,0,0,0,0,0,0,0,0,0,0,0,0,0,0,0,0,0,0,0,0,0,0,0,0,0,0,0,0,0,0,0,0,0,0,0,0,0,0,0,0,0,0,0,0,0,0,0,170844,0,0,0,0,0,0,0,0,0,0,0,0,0/0/CPU0

2020-02-02 20:25:03.720000+00:00,leaf5,sg3,obt-collector1,0,0,0,5,14116,14116,5,16,0,0,0,363,0,0,0,27,0,0,1,15123,0,0,502,977,16,24,0,0,15074,0,0,0,0,0,29,0,0,0,0,0,0,0,0,0,0,0,0,0,0,0,0,38539320,0,0,0,0,0,0,0,0,0,0,27,2,0,69999,0,0,0,41890116,0,0,0,0,0,38473800,0,69999,0,0,0,0,0/RP0/CPU0

2020-02-02 20:25:13.746000+00:00,leaf5,sg3,obt-collector1,0,0,0,0,0,0,0,0,0,0,118,0,0,0,0,0,0,0,0,118,0,0,0,0,0,0,0,0,0,0,0,0,0,0,0,0,0,0,0,0,0,0,0,0,0,0,0,0,0,0,0,0,0,0,0,0,0,0,0,0,0,0,0,0,0,0,0,0,0,170844,0,0,0,0,0,0,0,0,0,0,0,0,0/0/CPU0

2020-02-02 20:25:13.748000+00:00,leaf5,sg3,obt-collector1,0,0,0,5,14116,14116,5,16,0,0,0,363,0,0,0,27,0,0,1,15123,0,0,502,977,16,24,0,0,15074,0,0,0,0,0,29,0,0,0,0,0,0,0,0,0,0,0,0,0,0,0,0,38539657,0,0,0,0,0,0,0,0,0,0,27,2,0,69999,0,0,0,41891419,0,0,0,0,0,38474137,0,69999,0,0,0,0,0/RP0/CPU0

2020-02-02 20:25:23.726000+00:00,leaf5,sg3,obt-collector1,0,0,0,0,0,0,0,0,0,0,118,0,0,0,0,0,0,0,0,118,0,0,0,0,0,0,0,0,0,0,0,0,0,0,0,0,0,0,0,0,0,0,0,0,0,0,0,0,0,0,0,0,0,0,0,0,0,0,0,0,0,0,0,0,0,0,0,0,0,170844,0,0,0,0,0,0,0,0,0,0,0,0,0/0/CPU0

2020-02-02 20:25:23.728000+00:00,leaf5,sg3,obt-collector1,0,0,0,5,14116,14116,5,16,0,0,0,363,0,0,0,27,0,0,1,15123,0,0,502,977,16,24,0,0,15074,0,0,0,0,0,29,0,0,0,0,0,0,0,0,0,0,0,0,0,0,0,0,38540091,0,0,0,0,0,0,0,0,0,0,27,2,0,69999,0,0,0,41892767,0,0,0,0,0,38474570,0,69999,0,0,0,0,0/RP0/CPU0

2020-02-02 20:25:33.742000+00:00,leaf5,sg3,obt-collector1,0,0,0,0,0,0,0,0,0,0,118,0,0,0,0,0,0,0,0,118,0,0,0,0,0,0,0,0,0,0,0,0,0,0,0,0,0,0,0,0,0,0,0,0,0,0,0,0,0,0,0,0,0,0,0,0,0,0,0,0,0,0,0,0,0,0,0,0,0,170844,0,0,0,0,0,0,0,0,0,0,0,0,0/0/CPU0

2020-02-02 20:25:33.743000+00:00,leaf5,sg3,obt-collector1,0,0,0,5,14116,14116,5,16,0,0,0,363,0,0,0,27,0,0,1,15123,0,0,502,977,16,24,0,0,15074,0,0,0,0,0,29,0,0,0,0,0,0,0,0,0,0,0,0,0,0,0,0,38540384,0,0,0,0,0,0,0,0,0,0,27,2,0,69999,0,0,0,41894044,0,0,0,0,0,38474863,0,69999,0,0,0,0,0/RP0/CPU0

2020-02-02 20:25:43.717000+00:00,leaf5,sg3,obt-collector1,0,0,0,0,0,0,0,0,0,0,118,0,0,0,0,0,0,0,0,118,0,0,0,0,0,0,0,0,0,0,0,0,0,0,0,0,0,0,0,0,0,0,0,0,0,0,0,0,0,0,0,0,0,0,0,0,0,0,0,0,0,0,0,0,0,0,0,0,0,170844,0,0,0,0,0,0,0,0,0,0,0,0,0/0/CPU0

2020-02-02 20:25:43.720000+00:00,leaf5,sg3,obt-collector1,0,0,0,5,14116,14116,5,16,0,0,0,363,0,0,0,27,0,0,1,15123,0,0,502,977,16,24,0,0,15074,0,0,0,0,0,29,0,0,0,0,0,0,0,0,0,0,0,0,0,0,0,0,38540584,0,0,0,0,0,0,0,0,0,0,27,2,0,69999,0,0,0,41895233,0,0,0,0,0,38475063,0,69999,0,0,0,0,0/RP0/CPU0

2020-02-02 20:25:53.726000+00:00,leaf5,sg3,obt-collector1,0,0,0,0,0,0,0,0,0,0,118,0,0,0,0,0,0,0,0,118,0,0,0,0,0,0,0,0,0,0,0,0,0,0,0,0,0,0,0,0,0,0,0,0,0,0,0,0,0,0,0,0,0,0,0,0,0,0,0,0,0,0,0,0,0,0,0,0,0,170844,0,0,0,0,0,0,0,0,0,0,0,0,0/0/CPU0

2020-02-02 20:25:53.728000+00:00,leaf5,sg3,obt-collector1,0,0,0,5,14116,14116,5,16,0,0,0,363,0,0,0,27,0,0,1,15123,0,0,502,977,16,24,0,0,15074,0,0,0,0,0,29,0,0,0,0,0,0,0,0,0,0,0,0,0,0,0,0,38540779,0,0,0,0,0,0,0,0,0,0,27,2,0,70000,0,0,0,41896420,0,0,0,0,0,38475258,0,70000,0,0,0,0,0/RP0/CPU0

2020-02-02 20:26:03.723000+00:00,leaf5,sg3,obt-collector1,0,0,0,0,0,0,0,0,0,0,118,0,0,0,0,0,0,0,0,118,0,0,0,0,0,0,0,0,0,0,0,0,0,0,0,0,0,0,0,0,0,0,0,0,0,0,0,0,0,0,0,0,0,0,0,0,0,0,0,0,0,0,0,0,0,0,0,0,0,170844,0,0,0,0,0,0,0,0,0,0,0,0,0/0/CPU0

2020-02-02 20:26:03.724000+00:00,leaf5,sg3,obt-collector1,0,0,0,5,14116,14116,5,16,0,0,0,363,0,0,0,27,0,0,1,15123,0,0,502,977,16,24,0,0,15074,0,0,0,0,0,29,0,0,0,0,0,0,0,0,0,0,0,0,0,0,0,0,38540964,0,0,0,0,0,0,0,0,0,0,27,2,0,70000,0,0,0,41897598,0,0,0,0,0,38475443,0,70000,0,0,0,0,0/RP0/CPU0

2020-02-02 20:26:13.711000+00:00,leaf5,sg3,obt-collector1,0,0,0,0,0,0,0,0,0,0,118,0,0,0,0,0,0,0,0,118,0,0,0,0,0,0,0,0,0,0,0,0,0,0,0,0,0,0,0,0,0,0,0,0,0,0,0,0,0,0,0,0,0,0,0,0,0,0,0,0,0,0,0,0,0,0,0,0,0,170844,0,0,0,0,0,0,0,0,0,0,0,0,0/0/CPU0

2020-02-02 20:26:13.713000+00:00,leaf5,sg3,obt-collector1,0,0,0,5,14116,14116,5,16,0,0,0,363,0,0,0,27,0,0,1,15123,0,0,502,977,16,24,0,0,15074,0,0,0,0,0,29,0,0,0,0,0,0,0,0,0,0,0,0,0,0,0,0,38541175,0,0,0,0,0,0,0,0,0,0,27,2,0,70000,0,0,0,41898795,0,0,0,0,0,38475654,0,70000,0,0,0,0,0/RP0/CPU0

2020-02-02 20:26:23.734000+00:00,leaf5,sg3,obt-collector1,0,0,0,0,0,0,0,0,0,0,118,0,0,0,0,0,0,0,0,118,0,0,0,0,0,0,0,0,0,0,0,0,0,0,0,0,0,0,0,0,0,0,0,0,0,0,0,0,0,0,0,0,0,0,0,0,0,0,0,0,0,0,0,0,0,0,0,0,0,170844,0,0,0,0,0,0,0,0,0,0,0,0,0/0/CPU0

2020-02-02 20:26:23.737000+00:00,leaf5,sg3,obt-collector1,0,0,0,5,14116,14116,5,16,0,0,0,363,0,0,0,27,0,0,1,15123,0,0,502,977,16,24,0,0,15074,0,0,0,0,0,29,0,0,0,0,0,0,0,0,0,0,0,0,0,0,0,0,38541365,0,0,0,0,0,0,0,0,0,0,27,2,0,70000,0,0,0,41899974,0,0,0,0,0,38475843,0,70000,0,0,0,0,0/RP0/CPU0

2020-02-02 20:26:33.720000+00:00,leaf5,sg3,obt-collector1,0,0,0,0,0,0,0,0,0,0,118,0,0,0,0,0,0,0,0,118,0,0,0,0,0,0,0,0,0,0,0,0,0,0,0,0,0,0,0,0,0,0,0,0,0,0,0,0,0,0,0,0,0,0,0,0,0,0,0,0,0,0,0,0,0,0,0,0,0,170844,0,0,0,0,0,0,0,0,0,0,0,0,0/0/CPU0

2020-02-02 20:26:33.722000+00:00,leaf5,sg3,obt-collector1,0,0,0,5,14116,14116,5,16,0,0,0,363,0,0,0,27,0,0,1,15123,0,0,502,977,16,24,0,0,15074,0,0,0,0,0,29,0,0,0,0,0,0,0,0,0,0,0,0,0,0,0,0,38541559,0,0,0,0,0,0,0,0,0,0,27,2,0,70000,0,0,0,41901152,0,0,0,0,0,38476037,0,70000,0,0,0,0,0/RP0/CPU0

2020-02-02 20:26:43.726000+00:00,leaf5,sg3,obt-collector1,0,0,0,0,0,0,0,0,0,0,118,0,0,0,0,0,0,0,0,118,0,0,0,0,0,0,0,0,0,0,0,0,0,0,0,0,0,0,0,0,0,0,0,0,0,0,0,0,0,0,0,0,0,0,0,0,0,0,0,0,0,0,0,0,0,0,0,0,0,170844,0,0,0,0,0,0,0,0,0,0,0,0,0/0/CPU0

2020-02-02 20:26:43.733000+00:00,leaf5,sg3,obt-collector1,0,0,0,5,14116,14116,5,16,0,0,0,363,0,0,0,27,0,0,1,15123,0,0,502,977,16,24,0,0,15074,0,0,0,0,0,29,0,0,0,0,0,0,0,0,0,0,0,0,0,0,0,0,38541764,0,0,0,0,0,0,0,0,0,0,27,2,0,70000,0,0,0,41902346,0,0,0,0,0,38476242,0,70000,0,0,0,0,0/RP0/CPU0

2020-02-02 20:26:53.723000+00:00,leaf5,sg3,obt-collector1,0,0,0,0,0,0,0,0,0,0,118,0,0,0,0,0,0,0,0,118,0,0,0,0,0,0,0,0,0,0,0,0,0,0,0,0,0,0,0,0,0,0,0,0,0,0,0,0,0,0,0,0,0,0,0,0,0,0,0,0,0,0,0,0,0,0,0,0,0,170844,0,0,0,0,0,0,0,0,0,0,0,0,0/0/CPU0

2020-02-02 20:26:53.725000+00:00,leaf5,sg3,obt-collector1,0,0,0,5,14116,14116,5,16,0,0,0,363,0,0,0,27,0,0,1,15123,0,0,502,977,16,24,0,0,15074,0,0,0,0,0,29,0,0,0,0,0,0,0,0,0,0,0,0,0,0,0,0,38541956,0,0,0,0,0,0,0,0,0,0,27,2,0,70001,0,0,0,41903524,0,0,0,0,0,38476434,0,70001,0,0,0,0,0/RP0/CPU0

2020-02-02 20:27:03.724000+00:00,leaf5,sg3,obt-collector1,0,0,0,0,0,0,0,0,0,0,118,0,0,0,0,0,0,0,0,118,0,0,0,0,0,0,0,0,0,0,0,0,0,0,0,0,0,0,0,0,0,0,0,0,0,0,0,0,0,0,0,0,0,0,0,0,0,0,0,0,0,0,0,0,0,0,0,0,0,170844,0,0,0,0,0,0,0,0,0,0,0,0,0/0/CPU0

2020-02-02 20:27:03.726000+00:00,leaf5,sg3,obt-collector1,0,0,0,5,14116,14116,5,16,0,0,0,363,0,0,0,27,0,0,1,15123,0,0,502,977,16,24,0,0,15074,0,0,0,0,0,29,0,0,0,0,0,0,0,0,0,0,0,0,0,0,0,0,38542153,0,0,0,0,0,0,0,0,0,0,27,2,0,70001,0,0,0,41904701,0,0,0,0,0,38476631,0,70001,0,0,0,0,0/RP0/CPU0

2020-02-02 20:27:13.737000+00:00,leaf5,sg3,obt-collector1,0,0,0,0,0,0,0,0,0,0,118,0,0,0,0,0,0,0,0,118,0,0,0,0,0,0,0,0,0,0,0,0,0,0,0,0,0,0,0,0,0,0,0,0,0,0,0,0,0,0,0,0,0,0,0,0,0,0,0,0,0,0,0,0,0,0,0,0,0,170844,0,0,0,0,0,0,0,0,0,0,0,0,0/0/CPU0

2020-02-02 20:27:13.740000+00:00,leaf5,sg3,obt-collector1,0,0,0,5,14116,14116,5,16,0,0,0,363,0,0,0,27,0,0,1,15123,0,0,502,977,16,24,0,0,15074,0,0,0,0,0,29,0,0,0,0,0,0,0,0,0,0,0,0,0,0,0,0,38542369,0,0,0,0,0,0,0,0,0,0,27,2,0,70001,0,0,0,41905891,0,0,0,0,0,38476847,0,70001,0,0,0,0,0/RP0/CPU0

2020-02-02 20:27:23.740000+00:00,leaf5,sg3,obt-collector1,0,0,0,0,0,0,0,0,0,0,118,0,0,0,0,0,0,0,0,118,0,0,0,0,0,0,0,0,0,0,0,0,0,0,0,0,0,0,0,0,0,0,0,0,0,0,0,0,0,0,0,0,0,0,0,0,0,0,0,0,0,0,0,0,0,0,0,0,0,170844,0,0,0,0,0,0,0,0,0,0,0,0,0/0/CPU0

2020-02-02 20:27:23.743000+00:00,leaf5,sg3,obt-collector1,0,0,0,5,14116,14116,5,16,0,0,0,363,0,0,0,27,0,0,1,15123,0,0,502,977,16,24,0,0,15074,0,0,0,0,0,29,0,0,0,0,0,0,0,0,0,0,0,0,0,0,0,0,38542568,0,0,0,0,0,0,0,0,0,0,27,2,0,70001,0,0,0,41907072,0,0,0,0,0,38477045,0,70001,0,0,0,0,0/RP0/CPU0

2020-02-02 20:27:33.733000+00:00,leaf5,sg3,obt-collector1,0,0,0,0,0,0,0,0,0,0,118,0,0,0,0,0,0,0,0,118,0,0,0,0,0,0,0,0,0,0,0,0,0,0,0,0,0,0,0,0,0,0,0,0,0,0,0,0,0,0,0,0,0,0,0,0,0,0,0,0,0,0,0,0,0,0,0,0,0,170844,0,0,0,0,0,0,0,0,0,0,0,0,0/0/CPU0

2020-02-02 20:27:33.735000+00:00,leaf5,sg3,obt-collector1,0,0,0,5,14116,14116,5,16,0,0,0,363,0,0,0,27,0,0,1,15123,0,0,502,977,16,24,0,0,15074,0,0,0,0,0,29,0,0,0,0,0,0,0,0,0,0,0,0,0,0,0,0,38542772,0,0,0,0,0,0,0,0,0,0,27,2,0,70001,0,0,0,41908256,0,0,0,0,0,38477249,0,70001,0,0,0,0,0/RP0/CPU0

2020-02-02 20:27:43.722000+00:00,leaf5,sg3,obt-collector1,0,0,0,0,0,0,0,0,0,0,118,0,0,0,0,0,0,0,0,118,0,0,0,0,0,0,0,0,0,0,0,0,0,0,0,0,0,0,0,0,0,0,0,0,0,0,0,0,0,0,0,0,0,0,0,0,0,0,0,0,0,0,0,0,0,0,0,0,0,170844,0,0,0,0,0,0,0,0,0,0,0,0,0/0/CPU0

2020-02-02 20:27:43.724000+00:00,leaf5,sg3,obt-collector1,0,0,0,5,14116,14116,5,16,0,0,0,363,0,0,0,27,0,0,1,15123,0,0,502,977,16,24,0,0,15074,0,0,0,0,0,29,0,0,0,0,0,0,0,0,0,0,0,0,0,0,0,0,38542988,0,0,0,0,0,0,0,0,0,0,27,2,0,70001,0,0,0,41909448,0,0,0,0,0,38477465,0,70001,0,0,0,0,0/RP0/CPU0

2020-02-02 20:27:53.719000+00:00,leaf5,sg3,obt-collector1,0,0,0,0,0,0,0,0,0,0,118,0,0,0,0,0,0,0,0,118,0,0,0,0,0,0,0,0,0,0,0,0,0,0,0,0,0,0,0,0,0,0,0,0,0,0,0,0,0,0,0,0,0,0,0,0,0,0,0,0,0,0,0,0,0,0,0,0,0,170844,0,0,0,0,0,0,0,0,0,0,0,0,0/0/CPU0

2020-02-02 20:27:53.721000+00:00,leaf5,sg3,obt-collector1,0,0,0,5,14116,14116,5,16,0,0,0,363,0,0,0,27,0,0,1,15123,0,0,502,977,16,24,0,0,15074,0,0,0,0,0,29,0,0,0,0,0,0,0,0,0,0,0,0,0,0,0,0,38543191,0,0,0,0,0,0,0,0,0,0,27,2,0,70002,0,0,0,41910630,0,0,0,0,0,38477668,0,70002,0,0,0,0,0/RP0/CPU0

2020-02-02 20:28:03.718000+00:00,leaf5,sg3,obt-collector1,0,0,0,0,0,0,0,0,0,0,118,0,0,0,0,0,0,0,0,118,0,0,0,0,0,0,0,0,0,0,0,0,0,0,0,0,0,0,0,0,0,0,0,0,0,0,0,0,0,0,0,0,0,0,0,0,0,0,0,0,0,0,0,0,0,0,0,0,0,170844,0,0,0,0,0,0,0,0,0,0,0,0,0/0/CPU0

2020-02-02 20:28:03.720000+00:00,leaf5,sg3,obt-collector1,0,0,0,5,14116,14116,5,16,0,0,0,363,0,0,0,27,0,0,1,15123,0,0,502,977,16,24,0,0,15074,0,0,0,0,0,29,0,0,0,0,0,0,0,0,0,0,0,0,0,0,0,0,38543388,0,0,0,0,0,0,0,0,0,0,27,2,0,70002,0,0,0,41911803,0,0,0,0,0,38477865,0,70002,0,0,0,0,0/RP0/CPU0

2020-02-02 20:28:13.760000+00:00,leaf5,sg3,obt-collector1,0,0,0,0,0,0,0,0,0,0,118,0,0,0,0,0,0,0,0,118,0,0,0,0,0,0,0,0,0,0,0,0,0,0,0,0,0,0,0,0,0,0,0,0,0,0,0,0,0,0,0,0,0,0,0,0,0,0,0,0,0,0,0,0,0,0,0,0,0,170844,0,0,0,0,0,0,0,0,0,0,0,0,0/0/CPU0

2020-02-02 20:28:13.763000+00:00,leaf5,sg3,obt-collector1,0,0,0,5,14116,14116,5,16,0,0,0,363,0,0,0,27,0,0,1,15123,0,0,502,977,16,24,0,0,15074,0,0,0,0,0,29,0,0,0,0,0,0,0,0,0,0,0,0,0,0,0,0,38543610,0,0,0,0,0,0,0,0,0,0,27,2,0,70002,0,0,0,41912999,0,0,0,0,0,38478087,0,70002,0,0,0,0,0/RP0/CPU0

2020-02-02 20:28:23.757000+00:00,leaf5,sg3,obt-collector1,0,0,0,0,0,0,0,0,0,0,118,0,0,0,0,0,0,0,0,118,0,0,0,0,0,0,0,0,0,0,0,0,0,0,0,0,0,0,0,0,0,0,0,0,0,0,0,0,0,0,0,0,0,0,0,0,0,0,0,0,0,0,0,0,0,0,0,0,0,170844,0,0,0,0,0,0,0,0,0,0,0,0,0/0/CPU0

2020-02-02 20:28:23.760000+00:00,leaf5,sg3,obt-collector1,0,0,0,5,14116,14116,5,16,0,0,0,363,0,0,0,27,0,0,1,15123,0,0,502,977,16,24,0,0,15074,0,0,0,0,0,29,0,0,0,0,0,0,0,0,0,0,0,0,0,0,0,0,38543817,0,0,0,0,0,0,0,0,0,0,27,2,0,70002,0,0,0,41914175,0,0,0,0,0,38478294,0,70002,0,0,0,0,0/RP0/CPU0

2020-02-02 20:28:33.730000+00:00,leaf5,sg3,obt-collector1,0,0,0,0,0,0,0,0,0,0,118,0,0,0,0,0,0,0,0,118,0,0,0,0,0,0,0,0,0,0,0,0,0,0,0,0,0,0,0,0,0,0,0,0,0,0,0,0,0,0,0,0,0,0,0,0,0,0,0,0,0,0,0,0,0,0,0,0,0,170844,0,0,0,0,0,0,0,0,0,0,0,0,0/0/CPU0

2020-02-02 20:28:33.733000+00:00,leaf5,sg3,obt-collector1,0,0,0,5,14116,14116,5,16,0,0,0,363,0,0,0,27,0,0,1,15123,0,0,502,977,16,24,0,0,15074,0,0,0,0,0,29,0,0,0,0,0,0,0,0,0,0,0,0,0,0,0,0,38544027,0,0,0,0,0,0,0,0,0,0,27,2,0,70002,0,0,0,41915354,0,0,0,0,0,38478503,0,70002,0,0,0,0,0/RP0/CPU0

2020-02-02 20:28:43.713000+00:00,leaf5,sg3,obt-collector1,0,0,0,0,0,0,0,0,0,0,118,0,0,0,0,0,0,0,0,118,0,0,0,0,0,0,0,0,0,0,0,0,0,0,0,0,0,0,0,0,0,0,0,0,0,0,0,0,0,0,0,0,0,0,0,0,0,0,0,0,0,0,0,0,0,0,0,0,0,170844,0,0,0,0,0,0,0,0,0,0,0,0,0/0/CPU0

2020-02-02 20:28:43.716000+00:00,leaf5,sg3,obt-collector1,0,0,0,5,14116,14116,5,16,0,0,0,363,0,0,0,27,0,0,1,15123,0,0,502,977,16,24,0,0,15074,0,0,0,0,0,29,0,0,0,0,0,0,0,0,0,0,0,0,0,0,0,0,38544257,0,0,0,0,0,0,0,0,0,0,27,2,0,70002,0,0,0,41916550,0,0,0,0,0,38478733,0,70002,0,0,0,0,0/RP0/CPU0

2020-02-02 20:28:53.728000+00:00,leaf5,sg3,obt-collector1,0,0,0,0,0,0,0,0,0,0,118,0,0,0,0,0,0,0,0,118,0,0,0,0,0,0,0,0,0,0,0,0,0,0,0,0,0,0,0,0,0,0,0,0,0,0,0,0,0,0,0,0,0,0,0,0,0,0,0,0,0,0,0,0,0,0,0,0,0,170844,0,0,0,0,0,0,0,0,0,0,0,0,0/0/CPU0

2020-02-02 20:28:53.730000+00:00,leaf5,sg3,obt-collector1,0,0,0,5,14116,14116,5,16,0,0,0,363,0,0,0,27,0,0,1,15123,0,0,502,977,16,24,0,0,15074,0,0,0,0,0,29,0,0,0,0,0,0,0,0,0,0,0,0,0,0,0,0,38544475,0,0,0,0,0,0,0,0,0,0,27,2,0,70003,0,0,0,41917721,0,0,0,0,0,38478951,0,70003,0,0,0,0,0/RP0/CPU0

2020-02-02 20:29:03.747000+00:00,leaf5,sg3,obt-collector1,0,0,0,0,0,0,0,0,0,0,118,0,0,0,0,0,0,0,0,118,0,0,0,0,0,0,0,0,0,0,0,0,0,0,0,0,0,0,0,0,0,0,0,0,0,0,0,0,0,0,0,0,0,0,0,0,0,0,0,0,0,0,0,0,0,0,0,0,0,170844,0,0,0,0,0,0,0,0,0,0,0,0,0/0/CPU0

2020-02-02 20:29:03.749000+00:00,leaf5,sg3,obt-collector1,0,0,0,5,14116,14116,5,16,0,0,0,363,0,0,0,27,0,0,1,15123,0,0,502,977,16,24,0,0,15074,0,0,0,0,0,29,0,0,0,0,0,0,0,0,0,0,0,0,0,0,0,0,38544685,0,0,0,0,0,0,0,0,0,0,27,2,0,70003,0,0,0,41918894,0,0,0,0,0,38479161,0,70003,0,0,0,0,0/RP0/CPU0

2020-02-02 20:29:13.739000+00:00,leaf5,sg3,obt-collector1,0,0,0,0,0,0,0,0,0,0,118,0,0,0,0,0,0,0,0,118,0,0,0,0,0,0,0,0,0,0,0,0,0,0,0,0,0,0,0,0,0,0,0,0,0,0,0,0,0,0,0,0,0,0,0,0,0,0,0,0,0,0,0,0,0,0,0,0,0,170844,0,0,0,0,0,0,0,0,0,0,0,0,0/0/CPU0

2020-02-02 20:29:13.742000+00:00,leaf5,sg3,obt-collector1,0,0,0,5,14116,14116,5,16,0,0,0,363,0,0,0,27,0,0,1,15123,0,0,502,977,16,24,0,0,15074,0,0,0,0,0,29,0,0,0,0,0,0,0,0,0,0,0,0,0,0,0,0,38544917,0,0,0,0,0,0,0,0,0,0,27,2,0,70003,0,0,0,41920086,0,0,0,0,0,38479393,0,70003,0,0,0,0,0/RP0/CPU0

2020-02-02 20:29:23.762000+00:00,leaf5,sg3,obt-collector1,0,0,0,0,0,0,0,0,0,0,118,0,0,0,0,0,0,0,0,118,0,0,0,0,0,0,0,0,0,0,0,0,0,0,0,0,0,0,0,0,0,0,0,0,0,0,0,0,0,0,0,0,0,0,0,0,0,0,0,0,0,0,0,0,0,0,0,0,0,170844,0,0,0,0,0,0,0,0,0,0,0,0,0/0/CPU0

2020-02-02 20:29:23.764000+00:00,leaf5,sg3,obt-collector1,0,0,0,5,14116,14116,5,16,0,0,0,363,0,0,0,27,0,0,1,15123,0,0,502,977,16,24,0,0,15074,0,0,0,0,0,29,0,0,0,0,0,0,0,0,0,0,0,0,0,0,0,0,38545127,0,0,0,0,0,0,0,0,0,0,27,2,0,70003,0,0,0,41921259,0,0,0,0,0,38479603,0,70003,0,0,0,0,0/RP0/CPU0

2020-02-02 20:29:33.718000+00:00,leaf5,sg3,obt-collector1,0,0,0,0,0,0,0,0,0,0,118,0,0,0,0,0,0,0,0,118,0,0,0,0,0,0,0,0,0,0,0,0,0,0,0,0,0,0,0,0,0,0,0,0,0,0,0,0,0,0,0,0,0,0,0,0,0,0,0,0,0,0,0,0,0,0,0,0,0,170844,0,0,0,0,0,0,0,0,0,0,0,0,0/0/CPU0

2020-02-02 20:29:33.721000+00:00,leaf5,sg3,obt-collector1,0,0,0,5,14116,14116,5,16,0,0,0,363,0,0,0,27,0,0,1,15123,0,0,502,977,16,24,0,0,15074,0,0,0,0,0,29,0,0,0,0,0,0,0,0,0,0,0,0,0,0,0,0,38545341,0,0,0,0,0,0,0,0,0,0,27,2,0,70003,0,0,0,41922438,0,0,0,0,0,38479816,0,70003,0,0,0,0,0/RP0/CPU0

2020-02-02 20:29:43.738000+00:00,leaf5,sg3,obt-collector1,0,0,0,0,0,0,0,0,0,0,118,0,0,0,0,0,0,0,0,118,0,0,0,0,0,0,0,0,0,0,0,0,0,0,0,0,0,0,0,0,0,0,0,0,0,0,0,0,0,0,0,0,0,0,0,0,0,0,0,0,0,0,0,0,0,0,0,0,0,170844,0,0,0,0,0,0,0,0,0,0,0,0,0/0/CPU0

2020-02-02 20:29:43.742000+00:00,leaf5,sg3,obt-collector1,0,0,0,5,14117,14117,5,16,0,0,0,363,0,0,0,27,0,0,1,15124,0,0,502,977,16,24,0,0,15075,0,0,0,0,0,29,0,0,0,0,0,0,0,0,0,0,0,0,0,0,0,0,38545608,0,0,0,0,0,0,0,0,0,0,27,2,0,70003,0,0,0,41923657,0,0,0,0,0,38480083,0,70003,0,0,0,0,0/RP0/CPU0

2020-02-02 20:29:53.743000+00:00,leaf5,sg3,obt-collector1,0,0,0,0,0,0,0,0,0,0,118,0,0,0,0,0,0,0,0,118,0,0,0,0,0,0,0,0,0,0,0,0,0,0,0,0,0,0,0,0,0,0,0,0,0,0,0,0,0,0,0,0,0,0,0,0,0,0,0,0,0,0,0,0,0,0,0,0,0,170844,0,0,0,0,0,0,0,0,0,0,0,0,0/0/CPU0

2020-02-02 20:29:53.745000+00:00,leaf5,sg3,obt-collector1,0,0,0,5,14117,14117,5,16,0,0,0,363,0,0,0,27,0,0,1,15124,0,0,502,977,16,24,0,0,15075,0,0,0,0,0,29,0,0,0,0,0,0,0,0,0,0,0,0,0,0,0,0,38545833,0,0,0,0,0,0,0,0,0,0,27,2,0,70004,0,0,0,41924839,0,0,0,0,0,38480308,0,70004,0,0,0,0,0/RP0/CPU0

2020-02-02 20:30:03.741000+00:00,leaf5,sg3,obt-collector1,0,0,0,0,0,0,0,0,0,0,118,0,0,0,0,0,0,0,0,118,0,0,0,0,0,0,0,0,0,0,0,0,0,0,0,0,0,0,0,0,0,0,0,0,0,0,0,0,0,0,0,0,0,0,0,0,0,0,0,0,0,0,0,0,0,0,0,0,0,170844,0,0,0,0,0,0,0,0,0,0,0,0,0/0/CPU0

2020-02-02 20:30:03.743000+00:00,leaf5,sg3,obt-collector1,0,0,0,5,14117,14117,5,16,0,0,0,363,0,0,0,27,0,0,1,15124,0,0,502,977,16,24,0,0,15075,0,0,0,0,0,29,0,0,0,0,0,0,0,0,0,0,0,0,0,0,0,0,38546060,0,0,0,0,0,0,0,0,0,0,27,2,0,70004,0,0,0,41926020,0,0,0,0,0,38480535,0,70004,0,0,0,0,0/RP0/CPU0

2020-02-02 20:30:13.732000+00:00,leaf5,sg3,obt-collector1,0,0,0,0,0,0,0,0,0,0,118,0,0,0,0,0,0,0,0,118,0,0,0,0,0,0,0,0,0,0,0,0,0,0,0,0,0,0,0,0,0,0,0,0,0,0,0,0,0,0,0,0,0,0,0,0,0,0,0,0,0,0,0,0,0,0,0,0,0,170844,0,0,0,0,0,0,0,0,0,0,0,0,0/0/CPU0

2020-02-02 20:30:13.735000+00:00,leaf5,sg3,obt-collector1,0,0,0,5,14117,14117,5,16,0,0,0,363,0,0,0,27,0,0,1,15124,0,0,502,977,16,24,0,0,15075,0,0,0,0,0,29,0,0,0,0,0,0,0,0,0,0,0,0,0,0,0,0,38546293,0,0,0,0,0,0,0,0,0,0,27,2,0,70004,0,0,0,41927203,0,0,0,0,0,38480768,0,70004,0,0,0,0,0/RP0/CPU0

2020-02-02 20:30:23.730000+00:00,leaf5,sg3,obt-collector1,0,0,0,0,0,0,0,0,0,0,118,0,0,0,0,0,0,0,0,118,0,0,0,0,0,0,0,0,0,0,0,0,0,0,0,0,0,0,0,0,0,0,0,0,0,0,0,0,0,0,0,0,0,0,0,0,0,0,0,0,0,0,0,0,0,0,0,0,0,170844,0,0,0,0,0,0,0,0,0,0,0,0,0/0/CPU0

2020-02-02 20:30:23.733000+00:00,leaf5,sg3,obt-collector1,0,0,0,5,14117,14117,5,16,0,0,0,363,0,0,0,27,0,0,1,15124,0,0,502,977,16,24,0,0,15075,0,0,0,0,0,29,0,0,0,0,0,0,0,0,0,0,0,0,0,0,0,0,38546531,0,0,0,0,0,0,0,0,0,0,27,2,0,70004,0,0,0,41928387,0,0,0,0,0,38481006,0,70004,0,0,0,0,0/RP0/CPU0

2020-02-02 20:30:33.736000+00:00,leaf5,sg3,obt-collector1,0,0,0,0,0,0,0,0,0,0,118,0,0,0,0,0,0,0,0,118,0,0,0,0,0,0,0,0,0,0,0,0,0,0,0,0,0,0,0,0,0,0,0,0,0,0,0,0,0,0,0,0,0,0,0,0,0,0,0,0,0,0,0,0,0,0,0,0,0,170844,0,0,0,0,0,0,0,0,0,0,0,0,0/0/CPU0

2020-02-02 20:30:33.737000+00:00,leaf5,sg3,obt-collector1,0,0,0,5,14117,14117,5,16,0,0,0,363,0,0,0,27,0,0,1,15124,0,0,502,977,16,24,0,0,15075,0,0,0,0,0,29,0,0,0,0,0,0,0,0,0,0,0,0,0,0,0,0,38547086,0,0,0,0,0,0,0,0,0,0,27,2,0,70004,0,0,0,41929891,0,0,0,0,0,38481560,0,70004,0,0,0,0,0/RP0/CPU0

2020-02-02 20:30:43.723000+00:00,leaf5,sg3,obt-collector1,0,0,0,0,0,0,0,0,0,0,118,0,0,0,0,0,0,0,0,118,0,0,0,0,0,0,0,0,0,0,0,0,0,0,0,0,0,0,0,0,0,0,0,0,0,0,0,0,0,0,0,0,0,0,0,0,0,0,0,0,0,0,0,0,0,0,0,0,0,170844,0,0,0,0,0,0,0,0,0,0,0,0,0/0/CPU0

2020-02-02 20:30:43.725000+00:00,leaf5,sg3,obt-collector1,0,0,0,5,14117,14117,5,16,0,0,0,363,0,0,0,27,0,0,1,15124,0,0,502,977,16,24,0,0,15075,0,0,0,0,0,29,0,0,0,0,0,0,0,0,0,0,0,0,0,0,0,0,38547351,0,0,0,0,0,0,0,0,0,0,27,2,0,70004,0,0,0,41931103,0,0,0,0,0,38481825,0,70004,0,0,0,0,0/RP0/CPU0

2020-02-02 20:30:53.729000+00:00,leaf5,sg3,obt-collector1,0,0,0,0,0,0,0,0,0,0,118,0,0,0,0,0,0,0,0,118,0,0,0,0,0,0,0,0,0,0,0,0,0,0,0,0,0,0,0,0,0,0,0,0,0,0,0,0,0,0,0,0,0,0,0,0,0,0,0,0,0,0,0,0,0,0,0,0,0,170844,0,0,0,0,0,0,0,0,0,0,0,0,0/0/CPU0

2020-02-02 20:30:53.731000+00:00,leaf5,sg3,obt-collector1,0,0,0,5,14117,14117,5,16,0,0,0,363,0,0,0,27,0,0,1,15124,0,0,502,977,16,24,0,0,15075,0,0,0,0,0,29,0,0,0,0,0,0,0,0,0,0,0,0,0,0,0,0,38547542,0,0,0,0,0,0,0,0,0,0,27,2,0,70005,0,0,0,41932278,0,0,0,0,0,38482016,0,70005,0,0,0,0,0/RP0/CPU0

2020-02-02 20:31:03.732000+00:00,leaf5,sg3,obt-collector1,0,0,0,0,0,0,0,0,0,0,118,0,0,0,0,0,0,0,0,118,0,0,0,0,0,0,0,0,0,0,0,0,0,0,0,0,0,0,0,0,0,0,0,0,0,0,0,0,0,0,0,0,0,0,0,0,0,0,0,0,0,0,0,0,0,0,0,0,0,170844,0,0,0,0,0,0,0,0,0,0,0,0,0/0/CPU0

2020-02-02 20:31:03.735000+00:00,leaf5,sg3,obt-collector1,0,0,0,5,14117,14117,5,16,0,0,0,363,0,0,0,27,0,0,1,15124,0,0,502,977,16,24,0,0,15075,0,0,0,0,0,29,0,0,0,0,0,0,0,0,0,0,0,0,0,0,0,0,38547732,0,0,0,0,0,0,0,0,0,0,27,2,0,70005,0,0,0,41933459,0,0,0,0,0,38482206,0,70005,0,0,0,0,0/RP0/CPU0

2020-02-02 20:31:13.740000+00:00,leaf5,sg3,obt-collector1,0,0,0,0,0,0,0,0,0,0,118,0,0,0,0,0,0,0,0,118,0,0,0,0,0,0,0,0,0,0,0,0,0,0,0,0,0,0,0,0,0,0,0,0,0,0,0,0,0,0,0,0,0,0,0,0,0,0,0,0,0,0,0,0,0,0,0,0,0,170844,0,0,0,0,0,0,0,0,0,0,0,0,0/0/CPU0

2020-02-02 20:31:13.741000+00:00,leaf5,sg3,obt-collector1,0,0,0,5,14117,14117,5,16,0,0,0,363,0,0,0,27,0,0,1,15124,0,0,502,977,16,24,0,0,15075,0,0,0,0,0,29,0,0,0,0,0,0,0,0,0,0,0,0,0,0,0,0,38547935,0,0,0,0,0,0,0,0,0,0,27,2,0,70005,0,0,0,41934643,0,0,0,0,0,38482409,0,70005,0,0,0,0,0/RP0/CPU0

2020-02-02 20:31:23.741000+00:00,leaf5,sg3,obt-collector1,0,0,0,0,0,0,0,0,0,0,118,0,0,0,0,0,0,0,0,118,0,0,0,0,0,0,0,0,0,0,0,0,0,0,0,0,0,0,0,0,0,0,0,0,0,0,0,0,0,0,0,0,0,0,0,0,0,0,0,0,0,0,0,0,0,0,0,0,0,170844,0,0,0,0,0,0,0,0,0,0,0,0,0/0/CPU0

2020-02-02 20:31:23.744000+00:00,leaf5,sg3,obt-collector1,0,0,0,5,14117,14117,5,16,0,0,0,363,0,0,0,27,0,0,1,15124,0,0,502,977,16,24,0,0,15075,0,0,0,0,0,29,0,0,0,0,0,0,0,0,0,0,0,0,0,0,0,0,38548129,0,0,0,0,0,0,0,0,0,0,27,2,0,70005,0,0,0,41935823,0,0,0,0,0,38482603,0,70005,0,0,0,0,0/RP0/CPU0

2020-02-02 20:31:33.744000+00:00,leaf5,sg3,obt-collector1,0,0,0,0,0,0,0,0,0,0,118,0,0,0,0,0,0,0,0,118,0,0,0,0,0,0,0,0,0,0,0,0,0,0,0,0,0,0,0,0,0,0,0,0,0,0,0,0,0,0,0,0,0,0,0,0,0,0,0,0,0,0,0,0,0,0,0,0,0,170844,0,0,0,0,0,0,0,0,0,0,0,0,0/0/CPU0

2020-02-02 20:31:33.746000+00:00,leaf5,sg3,obt-collector1,0,0,0,5,14117,14117,5,16,0,0,0,363,0,0,0,27,0,0,1,15124,0,0,502,977,16,24,0,0,15075,0,0,0,0,0,29,0,0,0,0,0,0,0,0,0,0,0,0,0,0,0,0,38548320,0,0,0,0,0,0,0,0,0,0,27,2,0,70005,0,0,0,41936999,0,0,0,0,0,38482794,0,70005,0,0,0,0,0/RP0/CPU0

2020-02-02 20:31:43.744000+00:00,leaf5,sg3,obt-collector1,0,0,0,0,0,0,0,0,0,0,118,0,0,0,0,0,0,0,0,118,0,0,0,0,0,0,0,0,0,0,0,0,0,0,0,0,0,0,0,0,0,0,0,0,0,0,0,0,0,0,0,0,0,0,0,0,0,0,0,0,0,0,0,0,0,0,0,0,0,170844,0,0,0,0,0,0,0,0,0,0,0,0,0/0/CPU0

2020-02-02 20:31:43.746000+00:00,leaf5,sg3,obt-collector1,0,0,0,5,14117,14117,5,16,0,0,0,363,0,0,0,27,0,0,1,15124,0,0,502,977,16,24,0,0,15075,0,0,0,0,0,29,0,0,0,0,0,0,0,0,0,0,0,0,0,0,0,0,38548518,0,0,0,0,0,0,0,0,0,0,27,2,0,70005,0,0,0,41938180,0,0,0,0,0,38482991,0,70005,0,0,0,0,0/RP0/CPU0

2020-02-02 20:31:53.750000+00:00,leaf5,sg3,obt-collector1,0,0,0,0,0,0,0,0,0,0,118,0,0,0,0,0,0,0,0,118,0,0,0,0,0,0,0,0,0,0,0,0,0,0,0,0,0,0,0,0,0,0,0,0,0,0,0,0,0,0,0,0,0,0,0,0,0,0,0,0,0,0,0,0,0,0,0,0,0,170844,0,0,0,0,0,0,0,0,0,0,0,0,0/0/CPU0

2020-02-02 20:31:53.752000+00:00,leaf5,sg3,obt-collector1,0,0,0,5,14117,14117,5,16,0,0,0,363,0,0,0,27,0,0,1,15124,0,0,502,977,16,24,0,0,15075,0,0,0,0,0,29,0,0,0,0,0,0,0,0,0,0,0,0,0,0,0,0,38548713,0,0,0,0,0,0,0,0,0,0,27,2,0,70006,0,0,0,41939355,0,0,0,0,0,38483186,0,70006,0,0,0,0,0/RP0/CPU0

2020-02-02 20:32:03.726000+00:00,leaf5,sg3,obt-collector1,0,0,0,0,0,0,0,0,0,0,118,0,0,0,0,0,0,0,0,118,0,0,0,0,0,0,0,0,0,0,0,0,0,0,0,0,0,0,0,0,0,0,0,0,0,0,0,0,0,0,0,0,0,0,0,0,0,0,0,0,0,0,0,0,0,0,0,0,0,170844,0,0,0,0,0,0,0,0,0,0,0,0,0/0/CPU0

2020-02-02 20:32:03.729000+00:00,leaf5,sg3,obt-collector1,0,0,0,5,14117,14117,5,16,0,0,0,363,0,0,0,27,0,0,1,15124,0,0,502,977,16,24,0,0,15075,0,0,0,0,0,29,0,0,0,0,0,0,0,0,0,0,0,0,0,0,0,0,38548909,0,0,0,0,0,0,0,0,0,0,27,2,0,70006,0,0,0,41940540,0,0,0,0,0,38483382,0,70006,0,0,0,0,0/RP0/CPU0

2020-02-02 20:32:13.738000+00:00,leaf5,sg3,obt-collector1,0,0,0,0,0,0,0,0,0,0,118,0,0,0,0,0,0,0,0,118,0,0,0,0,0,0,0,0,0,0,0,0,0,0,0,0,0,0,0,0,0,0,0,0,0,0,0,0,0,0,0,0,0,0,0,0,0,0,0,0,0,0,0,0,0,0,0,0,0,170844,0,0,0,0,0,0,0,0,0,0,0,0,0/0/CPU0

2020-02-02 20:32:13.741000+00:00,leaf5,sg3,obt-collector1,0,0,0,5,14117,14117,5,16,0,0,0,363,0,0,0,27,0,0,1,15124,0,0,502,977,16,24,0,0,15075,0,0,0,0,0,29,0,0,0,0,0,0,0,0,0,0,0,0,0,0,0,0,38549111,0,0,0,0,0,0,0,0,0,0,27,2,0,70006,0,0,0,41941711,0,0,0,0,0,38483584,0,70006,0,0,0,0,0/RP0/CPU0

2020-02-02 20:32:23.739000+00:00,leaf5,sg3,obt-collector1,0,0,0,0,0,0,0,0,0,0,118,0,0,0,0,0,0,0,0,118,0,0,0,0,0,0,0,0,0,0,0,0,0,0,0,0,0,0,0,0,0,0,0,0,0,0,0,0,0,0,0,0,0,0,0,0,0,0,0,0,0,0,0,0,0,0,0,0,0,170844,0,0,0,0,0,0,0,0,0,0,0,0,0/0/CPU0

2020-02-02 20:32:23.741000+00:00,leaf5,sg3,obt-collector1,0,0,0,5,14117,14117,5,16,0,0,0,363,0,0,0,27,0,0,1,15124,0,0,502,977,16,24,0,0,15075,0,0,0,0,0,29,0,0,0,0,0,0,0,0,0,0,0,0,0,0,0,0,38549331,0,0,0,0,0,0,0,0,0,0,27,2,0,70006,0,0,0,41942888,0,0,0,0,0,38483804,0,70006,0,0,0,0,0/RP0/CPU0

2020-02-02 20:32:33.742000+00:00,leaf5,sg3,obt-collector1,0,0,0,0,0,0,0,0,0,0,118,0,0,0,0,0,0,0,0,118,0,0,0,0,0,0,0,0,0,0,0,0,0,0,0,0,0,0,0,0,0,0,0,0,0,0,0,0,0,0,0,0,0,0,0,0,0,0,0,0,0,0,0,0,0,0,0,0,0,170844,0,0,0,0,0,0,0,0,0,0,0,0,0/0/CPU0

2020-02-02 20:32:33.743000+00:00,leaf5,sg3,obt-collector1,0,0,0,5,14117,14117,5,16,0,0,0,363,0,0,0,27,0,0,1,15124,0,0,502,977,16,24,0,0,15075,0,0,0,0,0,29,0,0,0,0,0,0,0,0,0,0,0,0,0,0,0,0,38549526,0,0,0,0,0,0,0,0,0,0,27,2,0,70006,0,0,0,41944063,0,0,0,0,0,38483999,0,70006,0,0,0,0,0/RP0/CPU0

2020-02-02 20:32:43.736000+00:00,leaf5,sg3,obt-collector1,0,0,0,0,0,0,0,0,0,0,118,0,0,0,0,0,0,0,0,118,0,0,0,0,0,0,0,0,0,0,0,0,0,0,0,0,0,0,0,0,0,0,0,0,0,0,0,0,0,0,0,0,0,0,0,0,0,0,0,0,0,0,0,0,0,0,0,0,0,170844,0,0,0,0,0,0,0,0,0,0,0,0,0/0/CPU0

2020-02-02 20:32:43.740000+00:00,leaf5,sg3,obt-collector1,0,0,0,5,14117,14117,5,16,0,0,0,363,0,0,0,27,0,0,1,15124,0,0,502,977,16,24,0,0,15075,0,0,0,0,0,29,0,0,0,0,0,0,0,0,0,0,0,0,0,0,0,0,38549725,0,0,0,0,0,0,0,0,0,0,27,2,0,70006,0,0,0,41945239,0,0,0,0,0,38484197,0,70006,0,0,0,0,0/RP0/CPU0

2020-02-02 20:32:53.733000+00:00,leaf5,sg3,obt-collector1,0,0,0,0,0,0,0,0,0,0,118,0,0,0,0,0,0,0,0,118,0,0,0,0,0,0,0,0,0,0,0,0,0,0,0,0,0,0,0,0,0,0,0,0,0,0,0,0,0,0,0,0,0,0,0,0,0,0,0,0,0,0,0,0,0,0,0,0,0,170844,0,0,0,0,0,0,0,0,0,0,0,0,0/0/CPU0

2020-02-02 20:32:53.735000+00:00,leaf5,sg3,obt-collector1,0,0,0,5,14117,14117,5,16,0,0,0,363,0,0,0,27,0,0,1,15124,0,0,502,977,16,24,0,0,15075,0,0,0,0,0,29,0,0,0,0,0,0,0,0,0,0,0,0,0,0,0,0,38549919,0,0,0,0,0,0,0,0,0,0,27,2,0,70007,0,0,0,41946408,0,0,0,0,0,38484391,0,70007,0,0,0,0,0/RP0/CPU0

2020-02-02 20:33:03.749000+00:00,leaf5,sg3,obt-collector1,0,0,0,0,0,0,0,0,0,0,118,0,0,0,0,0,0,0,0,118,0,0,0,0,0,0,0,0,0,0,0,0,0,0,0,0,0,0,0,0,0,0,0,0,0,0,0,0,0,0,0,0,0,0,0,0,0,0,0,0,0,0,0,0,0,0,0,0,0,170844,0,0,0,0,0,0,0,0,0,0,0,0,0/0/CPU0

2020-02-02 20:33:03.751000+00:00,leaf5,sg3,obt-collector1,0,0,0,5,14117,14117,5,16,0,0,0,363,0,0,0,27,0,0,1,15124,0,0,502,977,16,24,0,0,15075,0,0,0,0,0,29,0,0,0,0,0,0,0,0,0,0,0,0,0,0,0,0,38550114,0,0,0,0,0,0,0,0,0,0,27,2,0,70007,0,0,0,41947569,0,0,0,0,0,38484586,0,70007,0,0,0,0,0/RP0/CPU0

2020-02-02 20:33:13.730000+00:00,leaf5,sg3,obt-collector1,0,0,0,0,0,0,0,0,0,0,118,0,0,0,0,0,0,0,0,118,0,0,0,0,0,0,0,0,0,0,0,0,0,0,0,0,0,0,0,0,0,0,0,0,0,0,0,0,0,0,0,0,0,0,0,0,0,0,0,0,0,0,0,0,0,0,0,0,0,170844,0,0,0,0,0,0,0,0,0,0,0,0,0/0/CPU0

2020-02-02 20:33:13.733000+00:00,leaf5,sg3,obt-collector1,0,0,0,5,14117,14117,5,16,0,0,0,363,0,0,0,27,0,0,1,15124,0,0,502,977,16,24,0,0,15075,0,0,0,0,0,29,0,0,0,0,0,0,0,0,0,0,0,0,0,0,0,0,38550235,0,0,0,0,0,0,0,0,0,0,27,2,0,70007,0,0,0,41948615,0,0,0,0,0,38484707,0,70007,0,0,0,0,0/RP0/CPU0

2020-02-02 20:33:23.724000+00:00,leaf5,sg3,obt-collector1,0,0,0,0,0,0,0,0,0,0,118,0,0,0,0,0,0,0,0,118,0,0,0,0,0,0,0,0,0,0,0,0,0,0,0,0,0,0,0,0,0,0,0,0,0,0,0,0,0,0,0,0,0,0,0,0,0,0,0,0,0,0,0,0,0,0,0,0,0,170844,0,0,0,0,0,0,0,0,0,0,0,0,0/0/CPU0

2020-02-02 20:33:23.726000+00:00,leaf5,sg3,obt-collector1,0,0,0,5,14117,14117,5,16,0,0,0,363,0,0,0,27,0,0,1,15124,0,0,502,977,16,24,0,0,15075,0,0,0,0,0,29,0,0,0,0,0,0,0,0,0,0,0,0,0,0,0,0,38550404,0,0,0,0,0,0,0,0,0,0,27,2,0,70007,0,0,0,41949751,0,0,0,0,0,38484876,0,70007,0,0,0,0,0/RP0/CPU0

2020-02-02 20:33:33.747000+00:00,leaf5,sg3,obt-collector1,0,0,0,0,0,0,0,0,0,0,118,0,0,0,0,0,0,0,0,118,0,0,0,0,0,0,0,0,0,0,0,0,0,0,0,0,0,0,0,0,0,0,0,0,0,0,0,0,0,0,0,0,0,0,0,0,0,0,0,0,0,0,0,0,0,0,0,0,0,170844,0,0,0,0,0,0,0,0,0,0,0,0,0/0/CPU0

2020-02-02 20:33:33.749000+00:00,leaf5,sg3,obt-collector1,0,0,0,5,14117,14117,5,16,0,0,0,363,0,0,0,27,0,0,1,15124,0,0,502,977,16,24,0,0,15075,0,0,0,0,0,29,0,0,0,0,0,0,0,0,0,0,0,0,0,0,0,0,38550606,0,0,0,0,0,0,0,0,0,0,27,2,0,70007,0,0,0,41950926,0,0,0,0,0,38485078,0,70007,0,0,0,0,0/RP0/CPU0

2020-02-02 20:33:43.737000+00:00,leaf5,sg3,obt-collector1,0,0,0,0,0,0,0,0,0,0,118,0,0,0,0,0,0,0,0,118,0,0,0,0,0,0,0,0,0,0,0,0,0,0,0,0,0,0,0,0,0,0,0,0,0,0,0,0,0,0,0,0,0,0,0,0,0,0,0,0,0,0,0,0,0,0,0,0,0,170844,0,0,0,0,0,0,0,0,0,0,0,0,0/0/CPU0

2020-02-02 20:33:43.740000+00:00,leaf5,sg3,obt-collector1,0,0,0,5,14117,14117,5,16,0,0,0,363,0,0,0,27,0,0,1,15124,0,0,502,977,16,24,0,0,15075,0,0,0,0,0,29,0,0,0,0,0,0,0,0,0,0,0,0,0,0,0,0,38550819,0,0,0,0,0,0,0,0,0,0,27,2,0,70007,0,0,0,41952113,0,0,0,0,0,38485291,0,70007,0,0,0,0,0/RP0/CPU0

2020-02-02 20:33:53.742000+00:00,leaf5,sg3,obt-collector1,0,0,0,0,0,0,0,0,0,0,118,0,0,0,0,0,0,0,0,118,0,0,0,0,0,0,0,0,0,0,0,0,0,0,0,0,0,0,0,0,0,0,0,0,0,0,0,0,0,0,0,0,0,0,0,0,0,0,0,0,0,0,0,0,0,0,0,0,0,170844,0,0,0,0,0,0,0,0,0,0,0,0,0/0/CPU0

2020-02-02 20:33:53.745000+00:00,leaf5,sg3,obt-collector1,0,0,0,5,14117,14117,5,16,0,0,0,363,0,0,0,27,0,0,1,15124,0,0,502,977,16,24,0,0,15075,0,0,0,0,0,29,0,0,0,0,0,0,0,0,0,0,0,0,0,0,0,0,38551025,0,0,0,0,0,0,0,0,0,0,27,2,0,70008,0,0,0,41953288,0,0,0,0,0,38485496,0,70008,0,0,0,0,0/RP0/CPU0

2020-02-02 20:34:03.725000+00:00,leaf5,sg3,obt-collector1,0,0,0,0,0,0,0,0,0,0,118,0,0,0,0,0,0,0,0,118,0,0,0,0,0,0,0,0,0,0,0,0,0,0,0,0,0,0,0,0,0,0,0,0,0,0,0,0,0,0,0,0,0,0,0,0,0,0,0,0,0,0,0,0,0,0,0,0,0,170844,0,0,0,0,0,0,0,0,0,0,0,0,0/0/CPU0

2020-02-02 20:34:03.727000+00:00,leaf5,sg3,obt-collector1,0,0,0,5,14117,14117,5,16,0,0,0,363,0,0,0,27,0,0,1,15124,0,0,502,977,16,24,0,0,15075,0,0,0,0,0,29,0,0,0,0,0,0,0,0,0,0,0,0,0,0,0,0,38551232,0,0,0,0,0,0,0,0,0,0,27,2,0,70008,0,0,0,41954469,0,0,0,0,0,38485703,0,70008,0,0,0,0,0/RP0/CPU0

2020-02-02 20:34:13.736000+00:00,leaf5,sg3,obt-collector1,0,0,0,0,0,0,0,0,0,0,118,0,0,0,0,0,0,0,0,118,0,0,0,0,0,0,0,0,0,0,0,0,0,0,0,0,0,0,0,0,0,0,0,0,0,0,0,0,0,0,0,0,0,0,0,0,0,0,0,0,0,0,0,0,0,0,0,0,0,170844,0,0,0,0,0,0,0,0,0,0,0,0,0/0/CPU0

2020-02-02 20:34:13.739000+00:00,leaf5,sg3,obt-collector1,0,0,0,5,14117,14117,5,16,0,0,0,363,0,0,0,27,0,0,1,15124,0,0,502,977,16,24,0,0,15075,0,0,0,0,0,29,0,0,0,0,0,0,0,0,0,0,0,0,0,0,0,0,38551434,0,0,0,0,0,0,0,0,0,0,27,2,0,70008,0,0,0,41955643,0,0,0,0,0,38485905,0,70008,0,0,0,0,0/RP0/CPU0

2020-02-02 20:34:23.759000+00:00,leaf5,sg3,obt-collector1,0,0,0,0,0,0,0,0,0,0,118,0,0,0,0,0,0,0,0,118,0,0,0,0,0,0,0,0,0,0,0,0,0,0,0,0,0,0,0,0,0,0,0,0,0,0,0,0,0,0,0,0,0,0,0,0,0,0,0,0,0,0,0,0,0,0,0,0,0,170844,0,0,0,0,0,0,0,0,0,0,0,0,0/0/CPU0

2020-02-02 20:34:23.762000+00:00,leaf5,sg3,obt-collector1,0,0,0,5,14117,14117,5,16,0,0,0,363,0,0,0,27,0,0,1,15124,0,0,502,977,16,24,0,0,15075,0,0,0,0,0,29,0,0,0,0,0,0,0,0,0,0,0,0,0,0,0,0,38551639,0,0,0,0,0,0,0,0,0,0,27,2,0,70008,0,0,0,41956815,0,0,0,0,0,38486110,0,70008,0,0,0,0,0/RP0/CPU0

2020-02-02 20:34:33.742000+00:00,leaf5,sg3,obt-collector1,0,0,0,0,0,0,0,0,0,0,118,0,0,0,0,0,0,0,0,118,0,0,0,0,0,0,0,0,0,0,0,0,0,0,0,0,0,0,0,0,0,0,0,0,0,0,0,0,0,0,0,0,0,0,0,0,0,0,0,0,0,0,0,0,0,0,0,0,0,170844,0,0,0,0,0,0,0,0,0,0,0,0,0/0/CPU0

2020-02-02 20:34:33.744000+00:00,leaf5,sg3,obt-collector1,0,0,0,5,14117,14117,5,16,0,0,0,363,0,0,0,27,0,0,1,15124,0,0,502,977,16,24,0,0,15075,0,0,0,0,0,29,0,0,0,0,0,0,0,0,0,0,0,0,0,0,0,0,38551842,0,0,0,0,0,0,0,0,0,0,27,2,0,70008,0,0,0,41957991,0,0,0,0,0,38486313,0,70008,0,0,0,0,0/RP0/CPU0

2020-02-02 20:34:43.741000+00:00,leaf5,sg3,obt-collector1,0,0,0,0,0,0,0,0,0,0,118,0,0,0,0,0,0,0,0,118,0,0,0,0,0,0,0,0,0,0,0,0,0,0,0,0,0,0,0,0,0,0,0,0,0,0,0,0,0,0,0,0,0,0,0,0,0,0,0,0,0,0,0,0,0,0,0,0,0,170844,0,0,0,0,0,0,0,0,0,0,0,0,0/0/CPU0

2020-02-02 20:34:43.743000+00:00,leaf5,sg3,obt-collector1,0,0,0,5,14117,14117,5,16,0,0,0,363,0,0,0,27,0,0,1,15124,0,0,502,977,16,24,0,0,15075,0,0,0,0,0,29,0,0,0,0,0,0,0,0,0,0,0,0,0,0,0,0,38552059,0,0,0,0,0,0,0,0,0,0,27,2,0,70008,0,0,0,41959169,0,0,0,0,0,38486530,0,70008,0,0,0,0,0/RP0/CPU0

2020-02-02 20:34:53.759000+00:00,leaf5,sg3,obt-collector1,0,0,0,0,0,0,0,0,0,0,118,0,0,0,0,0,0,0,0,118,0,0,0,0,0,0,0,0,0,0,0,0,0,0,0,0,0,0,0,0,0,0,0,0,0,0,0,0,0,0,0,0,0,0,0,0,0,0,0,0,0,0,0,0,0,0,0,0,0,170844,0,0,0,0,0,0,0,0,0,0,0,0,0/0/CPU0

2020-02-02 20:34:53.762000+00:00,leaf5,sg3,obt-collector1,0,0,0,5,14117,14117,5,16,0,0,0,363,0,0,0,27,0,0,1,15124,0,0,502,977,16,24,0,0,15075,0,0,0,0,0,29,0,0,0,0,0,0,0,0,0,0,0,0,0,0,0,0,38552274,0,0,0,0,0,0,0,0,0,0,27,2,0,70009,0,0,0,41960346,0,0,0,0,0,38486744,0,70009,0,0,0,0,0/RP0/CPU0

2020-02-02 20:35:03.737000+00:00,leaf5,sg3,obt-collector1,0,0,0,0,0,0,0,0,0,0,118,0,0,0,0,0,0,0,0,118,0,0,0,0,0,0,0,0,0,0,0,0,0,0,0,0,0,0,0,0,0,0,0,0,0,0,0,0,0,0,0,0,0,0,0,0,0,0,0,0,0,0,0,0,0,0,0,0,0,170844,0,0,0,0,0,0,0,0,0,0,0,0,0/0/CPU0

2020-02-02 20:35:03.740000+00:00,leaf5,sg3,obt-collector1,0,0,0,5,14117,14117,5,16,0,0,0,363,0,0,0,27,0,0,1,15124,0,0,502,977,16,24,0,0,15075,0,0,0,0,0,29,0,0,0,0,0,0,0,0,0,0,0,0,0,0,0,0,38552488,0,0,0,0,0,0,0,0,0,0,27,2,0,70009,0,0,0,41961522,0,0,0,0,0,38486958,0,70009,0,0,0,0,0/RP0/CPU0

2020-02-02 20:35:13.737000+00:00,leaf5,sg3,obt-collector1,0,0,0,0,0,0,0,0,0,0,118,0,0,0,0,0,0,0,0,118,0,0,0,0,0,0,0,0,0,0,0,0,0,0,0,0,0,0,0,0,0,0,0,0,0,0,0,0,0,0,0,0,0,0,0,0,0,0,0,0,0,0,0,0,0,0,0,0,0,170844,0,0,0,0,0,0,0,0,0,0,0,0,0/0/CPU0

2020-02-02 20:35:13.739000+00:00,leaf5,sg3,obt-collector1,0,0,0,5,14117,14117,5,16,0,0,0,363,0,0,0,27,0,0,1,15124,0,0,502,977,16,24,0,0,15075,0,0,0,0,0,29,0,0,0,0,0,0,0,0,0,0,0,0,0,0,0,0,38552712,0,0,0,0,0,0,0,0,0,0,27,2,0,70009,0,0,0,41962705,0,0,0,0,0,38487182,0,70009,0,0,0,0,0/RP0/CPU0

2020-02-02 20:35:23.731000+00:00,leaf5,sg3,obt-collector1,0,0,0,0,0,0,0,0,0,0,118,0,0,0,0,0,0,0,0,118,0,0,0,0,0,0,0,0,0,0,0,0,0,0,0,0,0,0,0,0,0,0,0,0,0,0,0,0,0,0,0,0,0,0,0,0,0,0,0,0,0,0,0,0,0,0,0,0,0,170844,0,0,0,0,0,0,0,0,0,0,0,0,0/0/CPU0

2020-02-02 20:35:23.735000+00:00,leaf5,sg3,obt-collector1,0,0,0,5,14117,14117,5,16,0,0,0,363,0,0,0,27,0,0,1,15124,0,0,502,977,16,24,0,0,15075,0,0,0,0,0,29,0,0,0,0,0,0,0,0,0,0,0,0,0,0,0,0,38553015,0,0,0,0,0,0,0,0,0,0,27,2,0,70009,0,0,0,41963926,0,0,0,0,0,38487485,0,70009,0,0,0,0,0/RP0/CPU0

2020-02-02 20:35:33.742000+00:00,leaf5,sg3,obt-collector1,0,0,0,0,0,0,0,0,0,0,118,0,0,0,0,0,0,0,0,118,0,0,0,0,0,0,0,0,0,0,0,0,0,0,0,0,0,0,0,0,0,0,0,0,0,0,0,0,0,0,0,0,0,0,0,0,0,0,0,0,0,0,0,0,0,0,0,0,0,170844,0,0,0,0,0,0,0,0,0,0,0,0,0/0/CPU0

2020-02-02 20:35:33.744000+00:00,leaf5,sg3,obt-collector1,0,0,0,5,14117,14117,5,16,0,0,0,363,0,0,0,27,0,0,1,15124,0,0,502,977,16,24,0,0,15075,0,0,0,0,0,29,0,0,0,0,0,0,0,0,0,0,0,0,0,0,0,0,38553228,0,0,0,0,0,0,0,0,0,0,27,2,0,70009,0,0,0,41965109,0,0,0,0,0,38487698,0,70009,0,0,0,0,0/RP0/CPU0

2020-02-02 20:35:43.736000+00:00,leaf5,sg3,obt-collector1,0,0,0,0,0,0,0,0,0,0,118,0,0,0,0,0,0,0,0,118,0,0,0,0,0,0,0,0,0,0,0,0,0,0,0,0,0,0,0,0,0,0,0,0,0,0,0,0,0,0,0,0,0,0,0,0,0,0,0,0,0,0,0,0,0,0,0,0,0,170844,0,0,0,0,0,0,0,0,0,0,0,0,0/0/CPU0

2020-02-02 20:35:43.738000+00:00,leaf5,sg3,obt-collector1,0,0,0,5,14117,14117,5,16,0,0,0,363,0,0,0,27,0,0,1,15124,0,0,502,977,16,24,0,0,15075,0,0,0,0,0,29,0,0,0,0,0,0,0,0,0,0,0,0,0,0,0,0,38553441,0,0,0,0,0,0,0,0,0,0,27,2,0,70009,0,0,0,41966281,0,0,0,0,0,38487911,0,70009,0,0,0,0,0/RP0/CPU0

2020-02-02 20:35:53.733000+00:00,leaf5,sg3,obt-collector1,0,0,0,0,0,0,0,0,0,0,118,0,0,0,0,0,0,0,0,118,0,0,0,0,0,0,0,0,0,0,0,0,0,0,0,0,0,0,0,0,0,0,0,0,0,0,0,0,0,0,0,0,0,0,0,0,0,0,0,0,0,0,0,0,0,0,0,0,0,170844,0,0,0,0,0,0,0,0,0,0,0,0,0/0/CPU0

2020-02-02 20:35:53.736000+00:00,leaf5,sg3,obt-collector1,0,0,0,5,14118,14118,5,16,0,0,0,363,0,0,0,27,0,0,1,15125,0,0,502,977,16,24,0,0,15076,0,0,0,0,0,29,0,0,0,0,0,0,0,0,0,0,0,0,0,0,0,0,38553667,0,0,0,0,0,0,0,0,0,0,27,2,0,70010,0,0,0,41967494,0,0,0,0,0,38488137,0,70010,0,0,0,0,0/RP0/CPU0

2020-02-02 20:36:03.721000+00:00,leaf5,sg3,obt-collector1,0,0,0,0,0,0,0,0,0,0,118,0,0,0,0,0,0,0,0,118,0,0,0,0,0,0,0,0,0,0,0,0,0,0,0,0,0,0,0,0,0,0,0,0,0,0,0,0,0,0,0,0,0,0,0,0,0,0,0,0,0,0,0,0,0,0,0,0,0,170844,0,0,0,0,0,0,0,0,0,0,0,0,0/0/CPU0

2020-02-02 20:36:03.723000+00:00,leaf5,sg3,obt-collector1,0,0,0,5,14118,14118,5,16,0,0,0,363,0,0,0,27,0,0,1,15125,0,0,502,977,16,24,0,0,15076,0,0,0,0,0,29,0,0,0,0,0,0,0,0,0,0,0,0,0,0,0,0,38553859,0,0,0,0,0,0,0,0,0,0,27,2,0,70010,0,0,0,41968679,0,0,0,0,0,38488328,0,70010,0,0,0,0,0/RP0/CPU0

2020-02-02 20:36:13.734000+00:00,leaf5,sg3,obt-collector1,0,0,0,0,0,0,0,0,0,0,118,0,0,0,0,0,0,0,0,118,0,0,0,0,0,0,0,0,0,0,0,0,0,0,0,0,0,0,0,0,0,0,0,0,0,0,0,0,0,0,0,0,0,0,0,0,0,0,0,0,0,0,0,0,0,0,0,0,0,170844,0,0,0,0,0,0,0,0,0,0,0,0,0/0/CPU0

2020-02-02 20:36:13.735000+00:00,leaf5,sg3,obt-collector1,0,0,0,5,14118,14118,5,16,0,0,0,363,0,0,0,27,0,0,1,15125,0,0,502,977,16,24,0,0,15076,0,0,0,0,0,29,0,0,0,0,0,0,0,0,0,0,0,0,0,0,0,0,38554051,0,0,0,0,0,0,0,0,0,0,27,2,0,70010,0,0,0,41969859,0,0,0,0,0,38488520,0,70010,0,0,0,0,0/RP0/CPU0

2020-02-02 20:36:23.744000+00:00,leaf5,sg3,obt-collector1,0,0,0,0,0,0,0,0,0,0,118,0,0,0,0,0,0,0,0,118,0,0,0,0,0,0,0,0,0,0,0,0,0,0,0,0,0,0,0,0,0,0,0,0,0,0,0,0,0,0,0,0,0,0,0,0,0,0,0,0,0,0,0,0,0,0,0,0,0,170844,0,0,0,0,0,0,0,0,0,0,0,0,0/0/CPU0

2020-02-02 20:36:23.746000+00:00,leaf5,sg3,obt-collector1,0,0,0,5,14118,14118,5,16,0,0,0,363,0,0,0,27,0,0,1,15125,0,0,502,977,16,24,0,0,15076,0,0,0,0,0,29,0,0,0,0,0,0,0,0,0,0,0,0,0,0,0,0,38554271,0,0,0,0,0,0,0,0,0,0,27,2,0,70010,0,0,0,41971077,0,0,0,0,0,38488740,0,70010,0,0,0,0,0/RP0/CPU0

2020-02-02 20:36:33.732000+00:00,leaf5,sg3,obt-collector1,0,0,0,0,0,0,0,0,0,0,118,0,0,0,0,0,0,0,0,118,0,0,0,0,0,0,0,0,0,0,0,0,0,0,0,0,0,0,0,0,0,0,0,0,0,0,0,0,0,0,0,0,0,0,0,0,0,0,0,0,0,0,0,0,0,0,0,0,0,170844,0,0,0,0,0,0,0,0,0,0,0,0,0/0/CPU0

2020-02-02 20:36:33.735000+00:00,leaf5,sg3,obt-collector1,0,0,0,5,14118,14118,5,16,0,0,0,363,0,0,0,27,0,0,1,15125,0,0,502,977,16,24,0,0,15076,0,0,0,0,0,29,0,0,0,0,0,0,0,0,0,0,0,0,0,0,0,0,38554466,0,0,0,0,0,0,0,0,0,0,27,2,0,70010,0,0,0,41972258,0,0,0,0,0,38488935,0,70010,0,0,0,0,0/RP0/CPU0

2020-02-02 20:36:43.749000+00:00,leaf5,sg3,obt-collector1,0,0,0,0,0,0,0,0,0,0,118,0,0,0,0,0,0,0,0,118,0,0,0,0,0,0,0,0,0,0,0,0,0,0,0,0,0,0,0,0,0,0,0,0,0,0,0,0,0,0,0,0,0,0,0,0,0,0,0,0,0,0,0,0,0,0,0,0,0,170844,0,0,0,0,0,0,0,0,0,0,0,0,0/0/CPU0

2020-02-02 20:36:43.751000+00:00,leaf5,sg3,obt-collector1,0,0,0,5,14118,14118,5,16,0,0,0,363,0,0,0,27,0,0,1,15125,0,0,502,977,16,24,0,0,15076,0,0,0,0,0,29,0,0,0,0,0,0,0,0,0,0,0,0,0,0,0,0,38554663,0,0,0,0,0,0,0,0,0,0,27,2,0,70010,0,0,0,41973442,0,0,0,0,0,38489132,0,70010,0,0,0,0,0/RP0/CPU0

2020-02-02 20:36:53.744000+00:00,leaf5,sg3,obt-collector1,0,0,0,0,0,0,0,0,0,0,118,0,0,0,0,0,0,0,0,118,0,0,0,0,0,0,0,0,0,0,0,0,0,0,0,0,0,0,0,0,0,0,0,0,0,0,0,0,0,0,0,0,0,0,0,0,0,0,0,0,0,0,0,0,0,0,0,0,0,170844,0,0,0,0,0,0,0,0,0,0,0,0,0/0/CPU0

2020-02-02 20:36:53.746000+00:00,leaf5,sg3,obt-collector1,0,0,0,5,14118,14118,5,16,0,0,0,363,0,0,0,27,0,0,1,15125,0,0,502,977,16,24,0,0,15076,0,0,0,0,0,29,0,0,0,0,0,0,0,0,0,0,0,0,0,0,0,0,38555096,0,0,0,0,0,0,0,0,0,0,27,2,0,70011,0,0,0,41974853,0,0,0,0,0,38489565,0,70011,0,0,0,0,0/RP0/CPU0

2020-02-02 20:37:03.770000+00:00,leaf5,sg3,obt-collector1,0,0,0,0,0,0,0,0,0,0,118,0,0,0,0,0,0,0,0,118,0,0,0,0,0,0,0,0,0,0,0,0,0,0,0,0,0,0,0,0,0,0,0,0,0,0,0,0,0,0,0,0,0,0,0,0,0,0,0,0,0,0,0,0,0,0,0,0,0,170844,0,0,0,0,0,0,0,0,0,0,0,0,0/0/CPU0

2020-02-02 20:37:03.771000+00:00,leaf5,sg3,obt-collector1,0,0,0,5,14118,14118,5,16,0,0,0,363,0,0,0,27,0,0,1,15125,0,0,502,977,16,24,0,0,15076,0,0,0,0,0,29,0,0,0,0,0,0,0,0,0,0,0,0,0,0,0,0,38555380,0,0,0,0,0,0,0,0,0,0,27,2,0,70011,0,0,0,41976121,0,0,0,0,0,38489848,0,70011,0,0,0,0,0/RP0/CPU0

2020-02-02 20:37:13.748000+00:00,leaf5,sg3,obt-collector1,0,0,0,0,0,0,0,0,0,0,118,0,0,0,0,0,0,0,0,118,0,0,0,0,0,0,0,0,0,0,0,0,0,0,0,0,0,0,0,0,0,0,0,0,0,0,0,0,0,0,0,0,0,0,0,0,0,0,0,0,0,0,0,0,0,0,0,0,0,170844,0,0,0,0,0,0,0,0,0,0,0,0,0/0/CPU0

2020-02-02 20:37:13.750000+00:00,leaf5,sg3,obt-collector1,0,0,0,5,14118,14118,5,16,0,0,0,363,0,0,0,27,0,0,1,15125,0,0,502,977,16,24,0,0,15076,0,0,0,0,0,29,0,0,0,0,0,0,0,0,0,0,0,0,0,0,0,0,38555595,0,0,0,0,0,0,0,0,0,0,27,2,0,70011,0,0,0,41977317,0,0,0,0,0,38490063,0,70011,0,0,0,0,0/RP0/CPU0

2020-02-02 20:37:23.729000+00:00,leaf5,sg3,obt-collector1,0,0,0,0,0,0,0,0,0,0,118,0,0,0,0,0,0,0,0,118,0,0,0,0,0,0,0,0,0,0,0,0,0,0,0,0,0,0,0,0,0,0,0,0,0,0,0,0,0,0,0,0,0,0,0,0,0,0,0,0,0,0,0,0,0,0,0,0,0,170844,0,0,0,0,0,0,0,0,0,0,0,0,0/0/CPU0

2020-02-02 20:37:23.732000+00:00,leaf5,sg3,obt-collector1,0,0,0,5,14118,14118,5,16,0,0,0,363,0,0,0,27,0,0,1,15125,0,0,502,977,16,24,0,0,15076,0,0,0,0,0,29,0,0,0,0,0,0,0,0,0,0,0,0,0,0,0,0,38555792,0,0,0,0,0,0,0,0,0,0,27,2,0,70011,0,0,0,41978491,0,0,0,0,0,38490260,0,70011,0,0,0,0,0/RP0/CPU0

2020-02-02 20:37:33.755000+00:00,leaf5,sg3,obt-collector1,0,0,0,0,0,0,0,0,0,0,118,0,0,0,0,0,0,0,0,118,0,0,0,0,0,0,0,0,0,0,0,0,0,0,0,0,0,0,0,0,0,0,0,0,0,0,0,0,0,0,0,0,0,0,0,0,0,0,0,0,0,0,0,0,0,0,0,0,0,170844,0,0,0,0,0,0,0,0,0,0,0,0,0/0/CPU0

2020-02-02 20:37:33.757000+00:00,leaf5,sg3,obt-collector1,0,0,0,5,14118,14118,5,16,0,0,0,363,0,0,0,27,0,0,1,15125,0,0,502,977,16,24,0,0,15076,0,0,0,0,0,29,0,0,0,0,0,0,0,0,0,0,0,0,0,0,0,0,38555994,0,0,0,0,0,0,0,0,0,0,27,2,0,70011,0,0,0,41979669,0,0,0,0,0,38490462,0,70011,0,0,0,0,0/RP0/CPU0

2020-02-02 20:37:43.740000+00:00,leaf5,sg3,obt-collector1,0,0,0,0,0,0,0,0,0,0,118,0,0,0,0,0,0,0,0,118,0,0,0,0,0,0,0,0,0,0,0,0,0,0,0,0,0,0,0,0,0,0,0,0,0,0,0,0,0,0,0,0,0,0,0,0,0,0,0,0,0,0,0,0,0,0,0,0,0,170844,0,0,0,0,0,0,0,0,0,0,0,0,0/0/CPU0

2020-02-02 20:37:43.742000+00:00,leaf5,sg3,obt-collector1,0,0,0,5,14118,14118,5,16,0,0,0,363,0,0,0,27,0,0,1,15125,0,0,502,977,16,24,0,0,15076,0,0,0,0,0,29,0,0,0,0,0,0,0,0,0,0,0,0,0,0,0,0,38556193,0,0,0,0,0,0,0,0,0,0,27,2,0,70011,0,0,0,41980846,0,0,0,0,0,38490661,0,70011,0,0,0,0,0/RP0/CPU0

2020-02-02 20:37:53.743000+00:00,leaf5,sg3,obt-collector1,0,0,0,0,0,0,0,0,0,0,118,0,0,0,0,0,0,0,0,118,0,0,0,0,0,0,0,0,0,0,0,0,0,0,0,0,0,0,0,0,0,0,0,0,0,0,0,0,0,0,0,0,0,0,0,0,0,0,0,0,0,0,0,0,0,0,0,0,0,170844,0,0,0,0,0,0,0,0,0,0,0,0,0/0/CPU0

2020-02-02 20:37:53.745000+00:00,leaf5,sg3,obt-collector1,0,0,0,5,14118,14118,5,16,0,0,0,363,0,0,0,27,0,0,1,15125,0,0,502,977,16,24,0,0,15076,0,0,0,0,0,29,0,0,0,0,0,0,0,0,0,0,0,0,0,0,0,0,38556400,0,0,0,0,0,0,0,0,0,0,27,2,0,70012,0,0,0,41982036,0,0,0,0,0,38490868,0,70012,0,0,0,0,0/RP0/CPU0

