,Producer,Target,brief/name,brief/name-xr,brief/node-id,brief/session-count,client-name,flags/is-recreate-state,flags/is-zombie-state,host,recreate-time

2020-02-06 18:54:51.333000+00:00,dr03,wadjet-t-sg0,L2VPN_ATOM,,0/RP0/CPU0,0,L2VPN_ATOMnode0_RP0_CPU0,0,0,obt-collector1,120

2020-02-06 18:54:51.333000+00:00,dr03,wadjet-t-sg0,bgp-default,,0/RP0/CPU0,18,bgp-defaultnode0_RP0_CPU0,0,0,obt-collector1,60

2020-02-06 18:54:51.333000+00:00,dr03,wadjet-t-sg0,bundlemgr_distrib,,0/RP0/CPU0,0,bundlemgr_distribnode0_RP0_CPU0,0,0,obt-collector1,60

2020-02-06 18:54:51.333000+00:00,dr03,wadjet-t-sg0,ipv4_static,,0/RP0/CPU0,0,ipv4_staticnode0_RP0_CPU0,0,0,obt-collector1,60

2020-02-06 18:54:51.333000+00:00,dr03,wadjet-t-sg0,object_tracking,,0/RP0/CPU0,0,object_trackingnode0_RP0_CPU0,0,0,obt-collector1,199

2020-02-06 18:54:51.333000+00:00,dr03,wadjet-t-sg0,pim,,0/RP0/CPU0,0,pimnode0_RP0_CPU0,0,0,obt-collector1,199

2020-02-06 18:54:51.333000+00:00,dr03,wadjet-t-sg0,pim6,,0/RP0/CPU0,0,pim6node0_RP0_CPU0,0,0,obt-collector1,199

2020-02-06 18:55:01.341000+00:00,dr03,wadjet-t-sg0,L2VPN_ATOM,,0/RP0/CPU0,0,L2VPN_ATOMnode0_RP0_CPU0,0,0,obt-collector1,120

2020-02-06 18:55:01.341000+00:00,dr03,wadjet-t-sg0,bgp-default,,0/RP0/CPU0,18,bgp-defaultnode0_RP0_CPU0,0,0,obt-collector1,60

2020-02-06 18:55:01.341000+00:00,dr03,wadjet-t-sg0,bundlemgr_distrib,,0/RP0/CPU0,0,bundlemgr_distribnode0_RP0_CPU0,0,0,obt-collector1,60

2020-02-06 18:55:01.341000+00:00,dr03,wadjet-t-sg0,ipv4_static,,0/RP0/CPU0,0,ipv4_staticnode0_RP0_CPU0,0,0,obt-collector1,60

2020-02-06 18:55:01.342000+00:00,dr03,wadjet-t-sg0,object_tracking,,0/RP0/CPU0,0,object_trackingnode0_RP0_CPU0,0,0,obt-collector1,199

2020-02-06 18:55:01.342000+00:00,dr03,wadjet-t-sg0,pim,,0/RP0/CPU0,0,pimnode0_RP0_CPU0,0,0,obt-collector1,199

2020-02-06 18:55:01.342000+00:00,dr03,wadjet-t-sg0,pim6,,0/RP0/CPU0,0,pim6node0_RP0_CPU0,0,0,obt-collector1,199

2020-02-06 18:55:11.351000+00:00,dr03,wadjet-t-sg0,L2VPN_ATOM,,0/RP0/CPU0,0,L2VPN_ATOMnode0_RP0_CPU0,0,0,obt-collector1,120

2020-02-06 18:55:11.351000+00:00,dr03,wadjet-t-sg0,bgp-default,,0/RP0/CPU0,18,bgp-defaultnode0_RP0_CPU0,0,0,obt-collector1,60

2020-02-06 18:55:11.351000+00:00,dr03,wadjet-t-sg0,bundlemgr_distrib,,0/RP0/CPU0,0,bundlemgr_distribnode0_RP0_CPU0,0,0,obt-collector1,60

2020-02-06 18:55:11.351000+00:00,dr03,wadjet-t-sg0,ipv4_static,,0/RP0/CPU0,0,ipv4_staticnode0_RP0_CPU0,0,0,obt-collector1,60

2020-02-06 18:55:11.351000+00:00,dr03,wadjet-t-sg0,object_tracking,,0/RP0/CPU0,0,object_trackingnode0_RP0_CPU0,0,0,obt-collector1,199

2020-02-06 18:55:11.351000+00:00,dr03,wadjet-t-sg0,pim,,0/RP0/CPU0,0,pimnode0_RP0_CPU0,0,0,obt-collector1,199

2020-02-06 18:55:11.351000+00:00,dr03,wadjet-t-sg0,pim6,,0/RP0/CPU0,0,pim6node0_RP0_CPU0,0,0,obt-collector1,199

2020-02-06 18:55:21.360000+00:00,dr03,wadjet-t-sg0,L2VPN_ATOM,,0/RP0/CPU0,0,L2VPN_ATOMnode0_RP0_CPU0,0,0,obt-collector1,120

2020-02-06 18:55:21.360000+00:00,dr03,wadjet-t-sg0,bgp-default,,0/RP0/CPU0,18,bgp-defaultnode0_RP0_CPU0,0,0,obt-collector1,60

2020-02-06 18:55:21.360000+00:00,dr03,wadjet-t-sg0,bundlemgr_distrib,,0/RP0/CPU0,0,bundlemgr_distribnode0_RP0_CPU0,0,0,obt-collector1,60

2020-02-06 18:55:21.360000+00:00,dr03,wadjet-t-sg0,ipv4_static,,0/RP0/CPU0,0,ipv4_staticnode0_RP0_CPU0,0,0,obt-collector1,60

2020-02-06 18:55:21.360000+00:00,dr03,wadjet-t-sg0,object_tracking,,0/RP0/CPU0,0,object_trackingnode0_RP0_CPU0,0,0,obt-collector1,199

2020-02-06 18:55:21.360000+00:00,dr03,wadjet-t-sg0,pim,,0/RP0/CPU0,0,pimnode0_RP0_CPU0,0,0,obt-collector1,199

2020-02-06 18:55:21.360000+00:00,dr03,wadjet-t-sg0,pim6,,0/RP0/CPU0,0,pim6node0_RP0_CPU0,0,0,obt-collector1,199

2020-02-06 18:55:31.370000+00:00,dr03,wadjet-t-sg0,L2VPN_ATOM,,0/RP0/CPU0,0,L2VPN_ATOMnode0_RP0_CPU0,0,0,obt-collector1,120

2020-02-06 18:55:31.370000+00:00,dr03,wadjet-t-sg0,bgp-default,,0/RP0/CPU0,18,bgp-defaultnode0_RP0_CPU0,0,0,obt-collector1,60

2020-02-06 18:55:31.370000+00:00,dr03,wadjet-t-sg0,bundlemgr_distrib,,0/RP0/CPU0,0,bundlemgr_distribnode0_RP0_CPU0,0,0,obt-collector1,60

2020-02-06 18:55:31.370000+00:00,dr03,wadjet-t-sg0,ipv4_static,,0/RP0/CPU0,0,ipv4_staticnode0_RP0_CPU0,0,0,obt-collector1,60

2020-02-06 18:55:31.370000+00:00,dr03,wadjet-t-sg0,object_tracking,,0/RP0/CPU0,0,object_trackingnode0_RP0_CPU0,0,0,obt-collector1,199

2020-02-06 18:55:31.370000+00:00,dr03,wadjet-t-sg0,pim,,0/RP0/CPU0,0,pimnode0_RP0_CPU0,0,0,obt-collector1,199

2020-02-06 18:55:31.370000+00:00,dr03,wadjet-t-sg0,pim6,,0/RP0/CPU0,0,pim6node0_RP0_CPU0,0,0,obt-collector1,199

2020-02-06 18:55:41.379000+00:00,dr03,wadjet-t-sg0,L2VPN_ATOM,,0/RP0/CPU0,0,L2VPN_ATOMnode0_RP0_CPU0,0,0,obt-collector1,120

2020-02-06 18:55:41.379000+00:00,dr03,wadjet-t-sg0,bgp-default,,0/RP0/CPU0,18,bgp-defaultnode0_RP0_CPU0,0,0,obt-collector1,60

2020-02-06 18:55:41.379000+00:00,dr03,wadjet-t-sg0,bundlemgr_distrib,,0/RP0/CPU0,0,bundlemgr_distribnode0_RP0_CPU0,0,0,obt-collector1,60

2020-02-06 18:55:41.379000+00:00,dr03,wadjet-t-sg0,ipv4_static,,0/RP0/CPU0,0,ipv4_staticnode0_RP0_CPU0,0,0,obt-collector1,60

2020-02-06 18:55:41.380000+00:00,dr03,wadjet-t-sg0,object_tracking,,0/RP0/CPU0,0,object_trackingnode0_RP0_CPU0,0,0,obt-collector1,199

2020-02-06 18:55:41.380000+00:00,dr03,wadjet-t-sg0,pim,,0/RP0/CPU0,0,pimnode0_RP0_CPU0,0,0,obt-collector1,199

2020-02-06 18:55:41.380000+00:00,dr03,wadjet-t-sg0,pim6,,0/RP0/CPU0,0,pim6node0_RP0_CPU0,0,0,obt-collector1,199

2020-02-06 18:55:51.389000+00:00,dr03,wadjet-t-sg0,L2VPN_ATOM,,0/RP0/CPU0,0,L2VPN_ATOMnode0_RP0_CPU0,0,0,obt-collector1,120

2020-02-06 18:55:51.389000+00:00,dr03,wadjet-t-sg0,bgp-default,,0/RP0/CPU0,18,bgp-defaultnode0_RP0_CPU0,0,0,obt-collector1,60

2020-02-06 18:55:51.389000+00:00,dr03,wadjet-t-sg0,bundlemgr_distrib,,0/RP0/CPU0,0,bundlemgr_distribnode0_RP0_CPU0,0,0,obt-collector1,60

2020-02-06 18:55:51.390000+00:00,dr03,wadjet-t-sg0,ipv4_static,,0/RP0/CPU0,0,ipv4_staticnode0_RP0_CPU0,0,0,obt-collector1,60

2020-02-06 18:55:51.390000+00:00,dr03,wadjet-t-sg0,object_tracking,,0/RP0/CPU0,0,object_trackingnode0_RP0_CPU0,0,0,obt-collector1,199

2020-02-06 18:55:51.390000+00:00,dr03,wadjet-t-sg0,pim,,0/RP0/CPU0,0,pimnode0_RP0_CPU0,0,0,obt-collector1,199

2020-02-06 18:55:51.390000+00:00,dr03,wadjet-t-sg0,pim6,,0/RP0/CPU0,0,pim6node0_RP0_CPU0,0,0,obt-collector1,199

2020-02-06 18:56:01.399000+00:00,dr03,wadjet-t-sg0,L2VPN_ATOM,,0/RP0/CPU0,0,L2VPN_ATOMnode0_RP0_CPU0,0,0,obt-collector1,120

2020-02-06 18:56:01.400000+00:00,dr03,wadjet-t-sg0,bgp-default,,0/RP0/CPU0,18,bgp-defaultnode0_RP0_CPU0,0,0,obt-collector1,60

2020-02-06 18:56:01.400000+00:00,dr03,wadjet-t-sg0,bundlemgr_distrib,,0/RP0/CPU0,0,bundlemgr_distribnode0_RP0_CPU0,0,0,obt-collector1,60

2020-02-06 18:56:01.400000+00:00,dr03,wadjet-t-sg0,ipv4_static,,0/RP0/CPU0,0,ipv4_staticnode0_RP0_CPU0,0,0,obt-collector1,60

2020-02-06 18:56:01.400000+00:00,dr03,wadjet-t-sg0,object_tracking,,0/RP0/CPU0,0,object_trackingnode0_RP0_CPU0,0,0,obt-collector1,199

2020-02-06 18:56:01.400000+00:00,dr03,wadjet-t-sg0,pim,,0/RP0/CPU0,0,pimnode0_RP0_CPU0,0,0,obt-collector1,199

2020-02-06 18:56:01.400000+00:00,dr03,wadjet-t-sg0,pim6,,0/RP0/CPU0,0,pim6node0_RP0_CPU0,0,0,obt-collector1,199

2020-02-06 18:56:11.409000+00:00,dr03,wadjet-t-sg0,L2VPN_ATOM,,0/RP0/CPU0,0,L2VPN_ATOMnode0_RP0_CPU0,0,0,obt-collector1,120

2020-02-06 18:56:11.409000+00:00,dr03,wadjet-t-sg0,bgp-default,,0/RP0/CPU0,18,bgp-defaultnode0_RP0_CPU0,0,0,obt-collector1,60

2020-02-06 18:56:11.409000+00:00,dr03,wadjet-t-sg0,bundlemgr_distrib,,0/RP0/CPU0,0,bundlemgr_distribnode0_RP0_CPU0,0,0,obt-collector1,60

2020-02-06 18:56:11.409000+00:00,dr03,wadjet-t-sg0,ipv4_static,,0/RP0/CPU0,0,ipv4_staticnode0_RP0_CPU0,0,0,obt-collector1,60

2020-02-06 18:56:11.409000+00:00,dr03,wadjet-t-sg0,object_tracking,,0/RP0/CPU0,0,object_trackingnode0_RP0_CPU0,0,0,obt-collector1,199

2020-02-06 18:56:11.409000+00:00,dr03,wadjet-t-sg0,pim,,0/RP0/CPU0,0,pimnode0_RP0_CPU0,0,0,obt-collector1,199

2020-02-06 18:56:11.409000+00:00,dr03,wadjet-t-sg0,pim6,,0/RP0/CPU0,0,pim6node0_RP0_CPU0,0,0,obt-collector1,199

2020-02-06 18:56:21.421000+00:00,dr03,wadjet-t-sg0,L2VPN_ATOM,,0/RP0/CPU0,0,L2VPN_ATOMnode0_RP0_CPU0,0,0,obt-collector1,120

2020-02-06 18:56:21.422000+00:00,dr03,wadjet-t-sg0,bgp-default,,0/RP0/CPU0,18,bgp-defaultnode0_RP0_CPU0,0,0,obt-collector1,60

2020-02-06 18:56:21.422000+00:00,dr03,wadjet-t-sg0,bundlemgr_distrib,,0/RP0/CPU0,0,bundlemgr_distribnode0_RP0_CPU0,0,0,obt-collector1,60

2020-02-06 18:56:21.422000+00:00,dr03,wadjet-t-sg0,ipv4_static,,0/RP0/CPU0,0,ipv4_staticnode0_RP0_CPU0,0,0,obt-collector1,60

2020-02-06 18:56:21.422000+00:00,dr03,wadjet-t-sg0,object_tracking,,0/RP0/CPU0,0,object_trackingnode0_RP0_CPU0,0,0,obt-collector1,199

2020-02-06 18:56:21.422000+00:00,dr03,wadjet-t-sg0,pim,,0/RP0/CPU0,0,pimnode0_RP0_CPU0,0,0,obt-collector1,199

2020-02-06 18:56:21.422000+00:00,dr03,wadjet-t-sg0,pim6,,0/RP0/CPU0,0,pim6node0_RP0_CPU0,0,0,obt-collector1,199

2020-02-06 18:56:31.430000+00:00,dr03,wadjet-t-sg0,L2VPN_ATOM,,0/RP0/CPU0,0,L2VPN_ATOMnode0_RP0_CPU0,0,0,obt-collector1,120

2020-02-06 18:56:31.430000+00:00,dr03,wadjet-t-sg0,bgp-default,,0/RP0/CPU0,18,bgp-defaultnode0_RP0_CPU0,0,0,obt-collector1,60

2020-02-06 18:56:31.430000+00:00,dr03,wadjet-t-sg0,bundlemgr_distrib,,0/RP0/CPU0,0,bundlemgr_distribnode0_RP0_CPU0,0,0,obt-collector1,60

2020-02-06 18:56:31.431000+00:00,dr03,wadjet-t-sg0,ipv4_static,,0/RP0/CPU0,0,ipv4_staticnode0_RP0_CPU0,0,0,obt-collector1,60

2020-02-06 18:56:31.431000+00:00,dr03,wadjet-t-sg0,object_tracking,,0/RP0/CPU0,0,object_trackingnode0_RP0_CPU0,0,0,obt-collector1,199

2020-02-06 18:56:31.431000+00:00,dr03,wadjet-t-sg0,pim,,0/RP0/CPU0,0,pimnode0_RP0_CPU0,0,0,obt-collector1,199

2020-02-06 18:56:31.431000+00:00,dr03,wadjet-t-sg0,pim6,,0/RP0/CPU0,0,pim6node0_RP0_CPU0,0,0,obt-collector1,199

2020-02-06 18:56:41.440000+00:00,dr03,wadjet-t-sg0,L2VPN_ATOM,,0/RP0/CPU0,0,L2VPN_ATOMnode0_RP0_CPU0,0,0,obt-collector1,120

2020-02-06 18:56:41.440000+00:00,dr03,wadjet-t-sg0,bgp-default,,0/RP0/CPU0,18,bgp-defaultnode0_RP0_CPU0,0,0,obt-collector1,60

2020-02-06 18:56:41.440000+00:00,dr03,wadjet-t-sg0,bundlemgr_distrib,,0/RP0/CPU0,0,bundlemgr_distribnode0_RP0_CPU0,0,0,obt-collector1,60

2020-02-06 18:56:41.440000+00:00,dr03,wadjet-t-sg0,ipv4_static,,0/RP0/CPU0,0,ipv4_staticnode0_RP0_CPU0,0,0,obt-collector1,60

2020-02-06 18:56:41.440000+00:00,dr03,wadjet-t-sg0,object_tracking,,0/RP0/CPU0,0,object_trackingnode0_RP0_CPU0,0,0,obt-collector1,199

2020-02-06 18:56:41.440000+00:00,dr03,wadjet-t-sg0,pim,,0/RP0/CPU0,0,pimnode0_RP0_CPU0,0,0,obt-collector1,199

2020-02-06 18:56:41.440000+00:00,dr03,wadjet-t-sg0,pim6,,0/RP0/CPU0,0,pim6node0_RP0_CPU0,0,0,obt-collector1,199

2020-02-06 18:56:51.448000+00:00,dr03,wadjet-t-sg0,L2VPN_ATOM,,0/RP0/CPU0,0,L2VPN_ATOMnode0_RP0_CPU0,0,0,obt-collector1,120

2020-02-06 18:56:51.449000+00:00,dr03,wadjet-t-sg0,bgp-default,,0/RP0/CPU0,18,bgp-defaultnode0_RP0_CPU0,0,0,obt-collector1,60

2020-02-06 18:56:51.449000+00:00,dr03,wadjet-t-sg0,bundlemgr_distrib,,0/RP0/CPU0,0,bundlemgr_distribnode0_RP0_CPU0,0,0,obt-collector1,60

2020-02-06 18:56:51.449000+00:00,dr03,wadjet-t-sg0,ipv4_static,,0/RP0/CPU0,0,ipv4_staticnode0_RP0_CPU0,0,0,obt-collector1,60

2020-02-06 18:56:51.449000+00:00,dr03,wadjet-t-sg0,object_tracking,,0/RP0/CPU0,0,object_trackingnode0_RP0_CPU0,0,0,obt-collector1,199

2020-02-06 18:56:51.449000+00:00,dr03,wadjet-t-sg0,pim,,0/RP0/CPU0,0,pimnode0_RP0_CPU0,0,0,obt-collector1,199

2020-02-06 18:56:51.449000+00:00,dr03,wadjet-t-sg0,pim6,,0/RP0/CPU0,0,pim6node0_RP0_CPU0,0,0,obt-collector1,199

2020-02-06 18:57:01.459000+00:00,dr03,wadjet-t-sg0,L2VPN_ATOM,,0/RP0/CPU0,0,L2VPN_ATOMnode0_RP0_CPU0,0,0,obt-collector1,120

2020-02-06 18:57:01.459000+00:00,dr03,wadjet-t-sg0,bgp-default,,0/RP0/CPU0,18,bgp-defaultnode0_RP0_CPU0,0,0,obt-collector1,60

2020-02-06 18:57:01.459000+00:00,dr03,wadjet-t-sg0,bundlemgr_distrib,,0/RP0/CPU0,0,bundlemgr_distribnode0_RP0_CPU0,0,0,obt-collector1,60

2020-02-06 18:57:01.459000+00:00,dr03,wadjet-t-sg0,ipv4_static,,0/RP0/CPU0,0,ipv4_staticnode0_RP0_CPU0,0,0,obt-collector1,60

2020-02-06 18:57:01.459000+00:00,dr03,wadjet-t-sg0,object_tracking,,0/RP0/CPU0,0,object_trackingnode0_RP0_CPU0,0,0,obt-collector1,199

2020-02-06 18:57:01.459000+00:00,dr03,wadjet-t-sg0,pim,,0/RP0/CPU0,0,pimnode0_RP0_CPU0,0,0,obt-collector1,199

2020-02-06 18:57:01.459000+00:00,dr03,wadjet-t-sg0,pim6,,0/RP0/CPU0,0,pim6node0_RP0_CPU0,0,0,obt-collector1,199

2020-02-06 18:57:11.469000+00:00,dr03,wadjet-t-sg0,L2VPN_ATOM,,0/RP0/CPU0,0,L2VPN_ATOMnode0_RP0_CPU0,0,0,obt-collector1,120

2020-02-06 18:57:11.469000+00:00,dr03,wadjet-t-sg0,bgp-default,,0/RP0/CPU0,18,bgp-defaultnode0_RP0_CPU0,0,0,obt-collector1,60

2020-02-06 18:57:11.469000+00:00,dr03,wadjet-t-sg0,bundlemgr_distrib,,0/RP0/CPU0,0,bundlemgr_distribnode0_RP0_CPU0,0,0,obt-collector1,60

2020-02-06 18:57:11.469000+00:00,dr03,wadjet-t-sg0,ipv4_static,,0/RP0/CPU0,0,ipv4_staticnode0_RP0_CPU0,0,0,obt-collector1,60

2020-02-06 18:57:11.469000+00:00,dr03,wadjet-t-sg0,object_tracking,,0/RP0/CPU0,0,object_trackingnode0_RP0_CPU0,0,0,obt-collector1,199

2020-02-06 18:57:11.469000+00:00,dr03,wadjet-t-sg0,pim6,,0/RP0/CPU0,0,pim6node0_RP0_CPU0,0,0,obt-collector1,199

2020-02-06 18:57:11.470000+00:00,dr03,wadjet-t-sg0,pim,,0/RP0/CPU0,0,pimnode0_RP0_CPU0,0,0,obt-collector1,199

2020-02-06 18:57:21.477000+00:00,dr03,wadjet-t-sg0,L2VPN_ATOM,,0/RP0/CPU0,0,L2VPN_ATOMnode0_RP0_CPU0,0,0,obt-collector1,120

2020-02-06 18:57:21.477000+00:00,dr03,wadjet-t-sg0,bgp-default,,0/RP0/CPU0,18,bgp-defaultnode0_RP0_CPU0,0,0,obt-collector1,60

2020-02-06 18:57:21.477000+00:00,dr03,wadjet-t-sg0,bundlemgr_distrib,,0/RP0/CPU0,0,bundlemgr_distribnode0_RP0_CPU0,0,0,obt-collector1,60

2020-02-06 18:57:21.477000+00:00,dr03,wadjet-t-sg0,ipv4_static,,0/RP0/CPU0,0,ipv4_staticnode0_RP0_CPU0,0,0,obt-collector1,60

2020-02-06 18:57:21.477000+00:00,dr03,wadjet-t-sg0,object_tracking,,0/RP0/CPU0,0,object_trackingnode0_RP0_CPU0,0,0,obt-collector1,199

2020-02-06 18:57:21.478000+00:00,dr03,wadjet-t-sg0,pim,,0/RP0/CPU0,0,pimnode0_RP0_CPU0,0,0,obt-collector1,199

2020-02-06 18:57:21.478000+00:00,dr03,wadjet-t-sg0,pim6,,0/RP0/CPU0,0,pim6node0_RP0_CPU0,0,0,obt-collector1,199

2020-02-06 18:57:31.487000+00:00,dr03,wadjet-t-sg0,L2VPN_ATOM,,0/RP0/CPU0,0,L2VPN_ATOMnode0_RP0_CPU0,0,0,obt-collector1,120

2020-02-06 18:57:31.488000+00:00,dr03,wadjet-t-sg0,bgp-default,,0/RP0/CPU0,18,bgp-defaultnode0_RP0_CPU0,0,0,obt-collector1,60

2020-02-06 18:57:31.488000+00:00,dr03,wadjet-t-sg0,bundlemgr_distrib,,0/RP0/CPU0,0,bundlemgr_distribnode0_RP0_CPU0,0,0,obt-collector1,60

2020-02-06 18:57:31.488000+00:00,dr03,wadjet-t-sg0,ipv4_static,,0/RP0/CPU0,0,ipv4_staticnode0_RP0_CPU0,0,0,obt-collector1,60

2020-02-06 18:57:31.488000+00:00,dr03,wadjet-t-sg0,object_tracking,,0/RP0/CPU0,0,object_trackingnode0_RP0_CPU0,0,0,obt-collector1,199

2020-02-06 18:57:31.488000+00:00,dr03,wadjet-t-sg0,pim,,0/RP0/CPU0,0,pimnode0_RP0_CPU0,0,0,obt-collector1,199

2020-02-06 18:57:31.488000+00:00,dr03,wadjet-t-sg0,pim6,,0/RP0/CPU0,0,pim6node0_RP0_CPU0,0,0,obt-collector1,199

2020-02-06 18:57:41.498000+00:00,dr03,wadjet-t-sg0,L2VPN_ATOM,,0/RP0/CPU0,0,L2VPN_ATOMnode0_RP0_CPU0,0,0,obt-collector1,120

2020-02-06 18:57:41.498000+00:00,dr03,wadjet-t-sg0,bgp-default,,0/RP0/CPU0,18,bgp-defaultnode0_RP0_CPU0,0,0,obt-collector1,60

2020-02-06 18:57:41.498000+00:00,dr03,wadjet-t-sg0,bundlemgr_distrib,,0/RP0/CPU0,0,bundlemgr_distribnode0_RP0_CPU0,0,0,obt-collector1,60

2020-02-06 18:57:41.498000+00:00,dr03,wadjet-t-sg0,ipv4_static,,0/RP0/CPU0,0,ipv4_staticnode0_RP0_CPU0,0,0,obt-collector1,60

2020-02-06 18:57:41.498000+00:00,dr03,wadjet-t-sg0,object_tracking,,0/RP0/CPU0,0,object_trackingnode0_RP0_CPU0,0,0,obt-collector1,199

2020-02-06 18:57:41.498000+00:00,dr03,wadjet-t-sg0,pim,,0/RP0/CPU0,0,pimnode0_RP0_CPU0,0,0,obt-collector1,199

2020-02-06 18:57:41.498000+00:00,dr03,wadjet-t-sg0,pim6,,0/RP0/CPU0,0,pim6node0_RP0_CPU0,0,0,obt-collector1,199

2020-02-06 18:57:51.508000+00:00,dr03,wadjet-t-sg0,L2VPN_ATOM,,0/RP0/CPU0,0,L2VPN_ATOMnode0_RP0_CPU0,0,0,obt-collector1,120

2020-02-06 18:57:51.508000+00:00,dr03,wadjet-t-sg0,bgp-default,,0/RP0/CPU0,18,bgp-defaultnode0_RP0_CPU0,0,0,obt-collector1,60

2020-02-06 18:57:51.508000+00:00,dr03,wadjet-t-sg0,bundlemgr_distrib,,0/RP0/CPU0,0,bundlemgr_distribnode0_RP0_CPU0,0,0,obt-collector1,60

2020-02-06 18:57:51.508000+00:00,dr03,wadjet-t-sg0,ipv4_static,,0/RP0/CPU0,0,ipv4_staticnode0_RP0_CPU0,0,0,obt-collector1,60

2020-02-06 18:57:51.508000+00:00,dr03,wadjet-t-sg0,object_tracking,,0/RP0/CPU0,0,object_trackingnode0_RP0_CPU0,0,0,obt-collector1,199

2020-02-06 18:57:51.508000+00:00,dr03,wadjet-t-sg0,pim,,0/RP0/CPU0,0,pimnode0_RP0_CPU0,0,0,obt-collector1,199

2020-02-06 18:57:51.508000+00:00,dr03,wadjet-t-sg0,pim6,,0/RP0/CPU0,0,pim6node0_RP0_CPU0,0,0,obt-collector1,199

2020-02-06 18:58:01.517000+00:00,dr03,wadjet-t-sg0,L2VPN_ATOM,,0/RP0/CPU0,0,L2VPN_ATOMnode0_RP0_CPU0,0,0,obt-collector1,120

2020-02-06 18:58:01.517000+00:00,dr03,wadjet-t-sg0,bgp-default,,0/RP0/CPU0,18,bgp-defaultnode0_RP0_CPU0,0,0,obt-collector1,60

2020-02-06 18:58:01.517000+00:00,dr03,wadjet-t-sg0,bundlemgr_distrib,,0/RP0/CPU0,0,bundlemgr_distribnode0_RP0_CPU0,0,0,obt-collector1,60

2020-02-06 18:58:01.518000+00:00,dr03,wadjet-t-sg0,ipv4_static,,0/RP0/CPU0,0,ipv4_staticnode0_RP0_CPU0,0,0,obt-collector1,60

2020-02-06 18:58:01.518000+00:00,dr03,wadjet-t-sg0,object_tracking,,0/RP0/CPU0,0,object_trackingnode0_RP0_CPU0,0,0,obt-collector1,199

2020-02-06 18:58:01.518000+00:00,dr03,wadjet-t-sg0,pim,,0/RP0/CPU0,0,pimnode0_RP0_CPU0,0,0,obt-collector1,199

2020-02-06 18:58:01.518000+00:00,dr03,wadjet-t-sg0,pim6,,0/RP0/CPU0,0,pim6node0_RP0_CPU0,0,0,obt-collector1,199

2020-02-06 18:58:11.528000+00:00,dr03,wadjet-t-sg0,L2VPN_ATOM,,0/RP0/CPU0,0,L2VPN_ATOMnode0_RP0_CPU0,0,0,obt-collector1,120

2020-02-06 18:58:11.528000+00:00,dr03,wadjet-t-sg0,bgp-default,,0/RP0/CPU0,18,bgp-defaultnode0_RP0_CPU0,0,0,obt-collector1,60

2020-02-06 18:58:11.528000+00:00,dr03,wadjet-t-sg0,bundlemgr_distrib,,0/RP0/CPU0,0,bundlemgr_distribnode0_RP0_CPU0,0,0,obt-collector1,60

2020-02-06 18:58:11.528000+00:00,dr03,wadjet-t-sg0,ipv4_static,,0/RP0/CPU0,0,ipv4_staticnode0_RP0_CPU0,0,0,obt-collector1,60

2020-02-06 18:58:11.528000+00:00,dr03,wadjet-t-sg0,object_tracking,,0/RP0/CPU0,0,object_trackingnode0_RP0_CPU0,0,0,obt-collector1,199

2020-02-06 18:58:11.528000+00:00,dr03,wadjet-t-sg0,pim,,0/RP0/CPU0,0,pimnode0_RP0_CPU0,0,0,obt-collector1,199

2020-02-06 18:58:11.528000+00:00,dr03,wadjet-t-sg0,pim6,,0/RP0/CPU0,0,pim6node0_RP0_CPU0,0,0,obt-collector1,199

2020-02-06 18:58:21.536000+00:00,dr03,wadjet-t-sg0,L2VPN_ATOM,,0/RP0/CPU0,0,L2VPN_ATOMnode0_RP0_CPU0,0,0,obt-collector1,120

2020-02-06 18:58:21.536000+00:00,dr03,wadjet-t-sg0,bgp-default,,0/RP0/CPU0,18,bgp-defaultnode0_RP0_CPU0,0,0,obt-collector1,60

2020-02-06 18:58:21.536000+00:00,dr03,wadjet-t-sg0,bundlemgr_distrib,,0/RP0/CPU0,0,bundlemgr_distribnode0_RP0_CPU0,0,0,obt-collector1,60

2020-02-06 18:58:21.536000+00:00,dr03,wadjet-t-sg0,ipv4_static,,0/RP0/CPU0,0,ipv4_staticnode0_RP0_CPU0,0,0,obt-collector1,60

2020-02-06 18:58:21.536000+00:00,dr03,wadjet-t-sg0,object_tracking,,0/RP0/CPU0,0,object_trackingnode0_RP0_CPU0,0,0,obt-collector1,199

2020-02-06 18:58:21.536000+00:00,dr03,wadjet-t-sg0,pim,,0/RP0/CPU0,0,pimnode0_RP0_CPU0,0,0,obt-collector1,199

2020-02-06 18:58:21.536000+00:00,dr03,wadjet-t-sg0,pim6,,0/RP0/CPU0,0,pim6node0_RP0_CPU0,0,0,obt-collector1,199

2020-02-06 18:58:31.546000+00:00,dr03,wadjet-t-sg0,L2VPN_ATOM,,0/RP0/CPU0,0,L2VPN_ATOMnode0_RP0_CPU0,0,0,obt-collector1,120

2020-02-06 18:58:31.546000+00:00,dr03,wadjet-t-sg0,bgp-default,,0/RP0/CPU0,18,bgp-defaultnode0_RP0_CPU0,0,0,obt-collector1,60

2020-02-06 18:58:31.546000+00:00,dr03,wadjet-t-sg0,bundlemgr_distrib,,0/RP0/CPU0,0,bundlemgr_distribnode0_RP0_CPU0,0,0,obt-collector1,60

2020-02-06 18:58:31.546000+00:00,dr03,wadjet-t-sg0,ipv4_static,,0/RP0/CPU0,0,ipv4_staticnode0_RP0_CPU0,0,0,obt-collector1,60

2020-02-06 18:58:31.546000+00:00,dr03,wadjet-t-sg0,object_tracking,,0/RP0/CPU0,0,object_trackingnode0_RP0_CPU0,0,0,obt-collector1,199

2020-02-06 18:58:31.546000+00:00,dr03,wadjet-t-sg0,pim,,0/RP0/CPU0,0,pimnode0_RP0_CPU0,0,0,obt-collector1,199

2020-02-06 18:58:31.546000+00:00,dr03,wadjet-t-sg0,pim6,,0/RP0/CPU0,0,pim6node0_RP0_CPU0,0,0,obt-collector1,199

2020-02-06 18:58:41.556000+00:00,dr03,wadjet-t-sg0,L2VPN_ATOM,,0/RP0/CPU0,0,L2VPN_ATOMnode0_RP0_CPU0,0,0,obt-collector1,120

2020-02-06 18:58:41.556000+00:00,dr03,wadjet-t-sg0,bgp-default,,0/RP0/CPU0,18,bgp-defaultnode0_RP0_CPU0,0,0,obt-collector1,60

2020-02-06 18:58:41.556000+00:00,dr03,wadjet-t-sg0,bundlemgr_distrib,,0/RP0/CPU0,0,bundlemgr_distribnode0_RP0_CPU0,0,0,obt-collector1,60

2020-02-06 18:58:41.556000+00:00,dr03,wadjet-t-sg0,ipv4_static,,0/RP0/CPU0,0,ipv4_staticnode0_RP0_CPU0,0,0,obt-collector1,60

2020-02-06 18:58:41.556000+00:00,dr03,wadjet-t-sg0,object_tracking,,0/RP0/CPU0,0,object_trackingnode0_RP0_CPU0,0,0,obt-collector1,199

2020-02-06 18:58:41.556000+00:00,dr03,wadjet-t-sg0,pim6,,0/RP0/CPU0,0,pim6node0_RP0_CPU0,0,0,obt-collector1,199

2020-02-06 18:58:41.557000+00:00,dr03,wadjet-t-sg0,pim,,0/RP0/CPU0,0,pimnode0_RP0_CPU0,0,0,obt-collector1,199

2020-02-06 18:58:51.564000+00:00,dr03,wadjet-t-sg0,L2VPN_ATOM,,0/RP0/CPU0,0,L2VPN_ATOMnode0_RP0_CPU0,0,0,obt-collector1,120

2020-02-06 18:58:51.564000+00:00,dr03,wadjet-t-sg0,bgp-default,,0/RP0/CPU0,18,bgp-defaultnode0_RP0_CPU0,0,0,obt-collector1,60

2020-02-06 18:58:51.564000+00:00,dr03,wadjet-t-sg0,bundlemgr_distrib,,0/RP0/CPU0,0,bundlemgr_distribnode0_RP0_CPU0,0,0,obt-collector1,60

2020-02-06 18:58:51.564000+00:00,dr03,wadjet-t-sg0,ipv4_static,,0/RP0/CPU0,0,ipv4_staticnode0_RP0_CPU0,0,0,obt-collector1,60

2020-02-06 18:58:51.565000+00:00,dr03,wadjet-t-sg0,object_tracking,,0/RP0/CPU0,0,object_trackingnode0_RP0_CPU0,0,0,obt-collector1,199

2020-02-06 18:58:51.565000+00:00,dr03,wadjet-t-sg0,pim,,0/RP0/CPU0,0,pimnode0_RP0_CPU0,0,0,obt-collector1,199

2020-02-06 18:58:51.565000+00:00,dr03,wadjet-t-sg0,pim6,,0/RP0/CPU0,0,pim6node0_RP0_CPU0,0,0,obt-collector1,199

2020-02-06 18:59:01.574000+00:00,dr03,wadjet-t-sg0,L2VPN_ATOM,,0/RP0/CPU0,0,L2VPN_ATOMnode0_RP0_CPU0,0,0,obt-collector1,120

2020-02-06 18:59:01.575000+00:00,dr03,wadjet-t-sg0,bgp-default,,0/RP0/CPU0,18,bgp-defaultnode0_RP0_CPU0,0,0,obt-collector1,60

2020-02-06 18:59:01.575000+00:00,dr03,wadjet-t-sg0,bundlemgr_distrib,,0/RP0/CPU0,0,bundlemgr_distribnode0_RP0_CPU0,0,0,obt-collector1,60

2020-02-06 18:59:01.575000+00:00,dr03,wadjet-t-sg0,ipv4_static,,0/RP0/CPU0,0,ipv4_staticnode0_RP0_CPU0,0,0,obt-collector1,60

2020-02-06 18:59:01.575000+00:00,dr03,wadjet-t-sg0,object_tracking,,0/RP0/CPU0,0,object_trackingnode0_RP0_CPU0,0,0,obt-collector1,199

2020-02-06 18:59:01.575000+00:00,dr03,wadjet-t-sg0,pim,,0/RP0/CPU0,0,pimnode0_RP0_CPU0,0,0,obt-collector1,199

2020-02-06 18:59:01.575000+00:00,dr03,wadjet-t-sg0,pim6,,0/RP0/CPU0,0,pim6node0_RP0_CPU0,0,0,obt-collector1,199

2020-02-06 18:59:11.585000+00:00,dr03,wadjet-t-sg0,L2VPN_ATOM,,0/RP0/CPU0,0,L2VPN_ATOMnode0_RP0_CPU0,0,0,obt-collector1,120

2020-02-06 18:59:11.585000+00:00,dr03,wadjet-t-sg0,bgp-default,,0/RP0/CPU0,18,bgp-defaultnode0_RP0_CPU0,0,0,obt-collector1,60

2020-02-06 18:59:11.585000+00:00,dr03,wadjet-t-sg0,bundlemgr_distrib,,0/RP0/CPU0,0,bundlemgr_distribnode0_RP0_CPU0,0,0,obt-collector1,60

2020-02-06 18:59:11.585000+00:00,dr03,wadjet-t-sg0,ipv4_static,,0/RP0/CPU0,0,ipv4_staticnode0_RP0_CPU0,0,0,obt-collector1,60

2020-02-06 18:59:11.585000+00:00,dr03,wadjet-t-sg0,object_tracking,,0/RP0/CPU0,0,object_trackingnode0_RP0_CPU0,0,0,obt-collector1,199

2020-02-06 18:59:11.585000+00:00,dr03,wadjet-t-sg0,pim,,0/RP0/CPU0,0,pimnode0_RP0_CPU0,0,0,obt-collector1,199

2020-02-06 18:59:11.585000+00:00,dr03,wadjet-t-sg0,pim6,,0/RP0/CPU0,0,pim6node0_RP0_CPU0,0,0,obt-collector1,199

2020-02-06 18:59:21.592000+00:00,dr03,wadjet-t-sg0,L2VPN_ATOM,,0/RP0/CPU0,0,L2VPN_ATOMnode0_RP0_CPU0,0,0,obt-collector1,120

2020-02-06 18:59:21.593000+00:00,dr03,wadjet-t-sg0,bgp-default,,0/RP0/CPU0,18,bgp-defaultnode0_RP0_CPU0,0,0,obt-collector1,60

2020-02-06 18:59:21.593000+00:00,dr03,wadjet-t-sg0,bundlemgr_distrib,,0/RP0/CPU0,0,bundlemgr_distribnode0_RP0_CPU0,0,0,obt-collector1,60

2020-02-06 18:59:21.593000+00:00,dr03,wadjet-t-sg0,ipv4_static,,0/RP0/CPU0,0,ipv4_staticnode0_RP0_CPU0,0,0,obt-collector1,60

2020-02-06 18:59:21.593000+00:00,dr03,wadjet-t-sg0,object_tracking,,0/RP0/CPU0,0,object_trackingnode0_RP0_CPU0,0,0,obt-collector1,199

2020-02-06 18:59:21.593000+00:00,dr03,wadjet-t-sg0,pim,,0/RP0/CPU0,0,pimnode0_RP0_CPU0,0,0,obt-collector1,199

2020-02-06 18:59:21.593000+00:00,dr03,wadjet-t-sg0,pim6,,0/RP0/CPU0,0,pim6node0_RP0_CPU0,0,0,obt-collector1,199

2020-02-06 18:59:31.603000+00:00,dr03,wadjet-t-sg0,L2VPN_ATOM,,0/RP0/CPU0,0,L2VPN_ATOMnode0_RP0_CPU0,0,0,obt-collector1,120

2020-02-06 18:59:31.603000+00:00,dr03,wadjet-t-sg0,bgp-default,,0/RP0/CPU0,18,bgp-defaultnode0_RP0_CPU0,0,0,obt-collector1,60

2020-02-06 18:59:31.603000+00:00,dr03,wadjet-t-sg0,bundlemgr_distrib,,0/RP0/CPU0,0,bundlemgr_distribnode0_RP0_CPU0,0,0,obt-collector1,60

2020-02-06 18:59:31.603000+00:00,dr03,wadjet-t-sg0,ipv4_static,,0/RP0/CPU0,0,ipv4_staticnode0_RP0_CPU0,0,0,obt-collector1,60

2020-02-06 18:59:31.603000+00:00,dr03,wadjet-t-sg0,object_tracking,,0/RP0/CPU0,0,object_trackingnode0_RP0_CPU0,0,0,obt-collector1,199

2020-02-06 18:59:31.603000+00:00,dr03,wadjet-t-sg0,pim,,0/RP0/CPU0,0,pimnode0_RP0_CPU0,0,0,obt-collector1,199

2020-02-06 18:59:31.603000+00:00,dr03,wadjet-t-sg0,pim6,,0/RP0/CPU0,0,pim6node0_RP0_CPU0,0,0,obt-collector1,199

2020-02-06 18:59:41.612000+00:00,dr03,wadjet-t-sg0,L2VPN_ATOM,,0/RP0/CPU0,0,L2VPN_ATOMnode0_RP0_CPU0,0,0,obt-collector1,120

2020-02-06 18:59:41.613000+00:00,dr03,wadjet-t-sg0,bgp-default,,0/RP0/CPU0,18,bgp-defaultnode0_RP0_CPU0,0,0,obt-collector1,60

2020-02-06 18:59:41.613000+00:00,dr03,wadjet-t-sg0,bundlemgr_distrib,,0/RP0/CPU0,0,bundlemgr_distribnode0_RP0_CPU0,0,0,obt-collector1,60

2020-02-06 18:59:41.613000+00:00,dr03,wadjet-t-sg0,ipv4_static,,0/RP0/CPU0,0,ipv4_staticnode0_RP0_CPU0,0,0,obt-collector1,60

2020-02-06 18:59:41.613000+00:00,dr03,wadjet-t-sg0,object_tracking,,0/RP0/CPU0,0,object_trackingnode0_RP0_CPU0,0,0,obt-collector1,199

2020-02-06 18:59:41.613000+00:00,dr03,wadjet-t-sg0,pim,,0/RP0/CPU0,0,pimnode0_RP0_CPU0,0,0,obt-collector1,199

2020-02-06 18:59:41.613000+00:00,dr03,wadjet-t-sg0,pim6,,0/RP0/CPU0,0,pim6node0_RP0_CPU0,0,0,obt-collector1,199

2020-02-06 18:59:51.620000+00:00,dr03,wadjet-t-sg0,L2VPN_ATOM,,0/RP0/CPU0,0,L2VPN_ATOMnode0_RP0_CPU0,0,0,obt-collector1,120

2020-02-06 18:59:51.620000+00:00,dr03,wadjet-t-sg0,bgp-default,,0/RP0/CPU0,18,bgp-defaultnode0_RP0_CPU0,0,0,obt-collector1,60

2020-02-06 18:59:51.620000+00:00,dr03,wadjet-t-sg0,bundlemgr_distrib,,0/RP0/CPU0,0,bundlemgr_distribnode0_RP0_CPU0,0,0,obt-collector1,60

2020-02-06 18:59:51.621000+00:00,dr03,wadjet-t-sg0,ipv4_static,,0/RP0/CPU0,0,ipv4_staticnode0_RP0_CPU0,0,0,obt-collector1,60

2020-02-06 18:59:51.621000+00:00,dr03,wadjet-t-sg0,object_tracking,,0/RP0/CPU0,0,object_trackingnode0_RP0_CPU0,0,0,obt-collector1,199

2020-02-06 18:59:51.621000+00:00,dr03,wadjet-t-sg0,pim,,0/RP0/CPU0,0,pimnode0_RP0_CPU0,0,0,obt-collector1,199

2020-02-06 18:59:51.621000+00:00,dr03,wadjet-t-sg0,pim6,,0/RP0/CPU0,0,pim6node0_RP0_CPU0,0,0,obt-collector1,199

2020-02-06 19:00:01.630000+00:00,dr03,wadjet-t-sg0,L2VPN_ATOM,,0/RP0/CPU0,0,L2VPN_ATOMnode0_RP0_CPU0,0,0,obt-collector1,120

2020-02-06 19:00:01.630000+00:00,dr03,wadjet-t-sg0,bgp-default,,0/RP0/CPU0,18,bgp-defaultnode0_RP0_CPU0,0,0,obt-collector1,60

2020-02-06 19:00:01.630000+00:00,dr03,wadjet-t-sg0,bundlemgr_distrib,,0/RP0/CPU0,0,bundlemgr_distribnode0_RP0_CPU0,0,0,obt-collector1,60

2020-02-06 19:00:01.630000+00:00,dr03,wadjet-t-sg0,ipv4_static,,0/RP0/CPU0,0,ipv4_staticnode0_RP0_CPU0,0,0,obt-collector1,60

2020-02-06 19:00:01.630000+00:00,dr03,wadjet-t-sg0,object_tracking,,0/RP0/CPU0,0,object_trackingnode0_RP0_CPU0,0,0,obt-collector1,199

2020-02-06 19:00:01.630000+00:00,dr03,wadjet-t-sg0,pim,,0/RP0/CPU0,0,pimnode0_RP0_CPU0,0,0,obt-collector1,199

2020-02-06 19:00:01.630000+00:00,dr03,wadjet-t-sg0,pim6,,0/RP0/CPU0,0,pim6node0_RP0_CPU0,0,0,obt-collector1,199

2020-02-06 19:00:11.640000+00:00,dr03,wadjet-t-sg0,L2VPN_ATOM,,0/RP0/CPU0,0,L2VPN_ATOMnode0_RP0_CPU0,0,0,obt-collector1,120

2020-02-06 19:00:11.640000+00:00,dr03,wadjet-t-sg0,bgp-default,,0/RP0/CPU0,18,bgp-defaultnode0_RP0_CPU0,0,0,obt-collector1,60

2020-02-06 19:00:11.641000+00:00,dr03,wadjet-t-sg0,bundlemgr_distrib,,0/RP0/CPU0,0,bundlemgr_distribnode0_RP0_CPU0,0,0,obt-collector1,60

2020-02-06 19:00:11.641000+00:00,dr03,wadjet-t-sg0,ipv4_static,,0/RP0/CPU0,0,ipv4_staticnode0_RP0_CPU0,0,0,obt-collector1,60

2020-02-06 19:00:11.641000+00:00,dr03,wadjet-t-sg0,object_tracking,,0/RP0/CPU0,0,object_trackingnode0_RP0_CPU0,0,0,obt-collector1,199

2020-02-06 19:00:11.641000+00:00,dr03,wadjet-t-sg0,pim,,0/RP0/CPU0,0,pimnode0_RP0_CPU0,0,0,obt-collector1,199

2020-02-06 19:00:11.641000+00:00,dr03,wadjet-t-sg0,pim6,,0/RP0/CPU0,0,pim6node0_RP0_CPU0,0,0,obt-collector1,199

2020-02-06 19:00:21.649000+00:00,dr03,wadjet-t-sg0,L2VPN_ATOM,,0/RP0/CPU0,0,L2VPN_ATOMnode0_RP0_CPU0,0,0,obt-collector1,120

2020-02-06 19:00:21.649000+00:00,dr03,wadjet-t-sg0,bgp-default,,0/RP0/CPU0,18,bgp-defaultnode0_RP0_CPU0,0,0,obt-collector1,60

2020-02-06 19:00:21.649000+00:00,dr03,wadjet-t-sg0,bundlemgr_distrib,,0/RP0/CPU0,0,bundlemgr_distribnode0_RP0_CPU0,0,0,obt-collector1,60

2020-02-06 19:00:21.649000+00:00,dr03,wadjet-t-sg0,ipv4_static,,0/RP0/CPU0,0,ipv4_staticnode0_RP0_CPU0,0,0,obt-collector1,60

2020-02-06 19:00:21.649000+00:00,dr03,wadjet-t-sg0,object_tracking,,0/RP0/CPU0,0,object_trackingnode0_RP0_CPU0,0,0,obt-collector1,199

2020-02-06 19:00:21.649000+00:00,dr03,wadjet-t-sg0,pim,,0/RP0/CPU0,0,pimnode0_RP0_CPU0,0,0,obt-collector1,199

2020-02-06 19:00:21.649000+00:00,dr03,wadjet-t-sg0,pim6,,0/RP0/CPU0,0,pim6node0_RP0_CPU0,0,0,obt-collector1,199

2020-02-06 19:00:31.660000+00:00,dr03,wadjet-t-sg0,L2VPN_ATOM,,0/RP0/CPU0,0,L2VPN_ATOMnode0_RP0_CPU0,0,0,obt-collector1,120

2020-02-06 19:00:31.660000+00:00,dr03,wadjet-t-sg0,bgp-default,,0/RP0/CPU0,18,bgp-defaultnode0_RP0_CPU0,0,0,obt-collector1,60

2020-02-06 19:00:31.660000+00:00,dr03,wadjet-t-sg0,bundlemgr_distrib,,0/RP0/CPU0,0,bundlemgr_distribnode0_RP0_CPU0,0,0,obt-collector1,60

2020-02-06 19:00:31.660000+00:00,dr03,wadjet-t-sg0,ipv4_static,,0/RP0/CPU0,0,ipv4_staticnode0_RP0_CPU0,0,0,obt-collector1,60

2020-02-06 19:00:31.660000+00:00,dr03,wadjet-t-sg0,object_tracking,,0/RP0/CPU0,0,object_trackingnode0_RP0_CPU0,0,0,obt-collector1,199

2020-02-06 19:00:31.660000+00:00,dr03,wadjet-t-sg0,pim6,,0/RP0/CPU0,0,pim6node0_RP0_CPU0,0,0,obt-collector1,199

2020-02-06 19:00:31.661000+00:00,dr03,wadjet-t-sg0,pim,,0/RP0/CPU0,0,pimnode0_RP0_CPU0,0,0,obt-collector1,199

2020-02-06 19:00:41.671000+00:00,dr03,wadjet-t-sg0,L2VPN_ATOM,,0/RP0/CPU0,0,L2VPN_ATOMnode0_RP0_CPU0,0,0,obt-collector1,120

2020-02-06 19:00:41.671000+00:00,dr03,wadjet-t-sg0,bgp-default,,0/RP0/CPU0,18,bgp-defaultnode0_RP0_CPU0,0,0,obt-collector1,60

2020-02-06 19:00:41.671000+00:00,dr03,wadjet-t-sg0,bundlemgr_distrib,,0/RP0/CPU0,0,bundlemgr_distribnode0_RP0_CPU0,0,0,obt-collector1,60

2020-02-06 19:00:41.671000+00:00,dr03,wadjet-t-sg0,ipv4_static,,0/RP0/CPU0,0,ipv4_staticnode0_RP0_CPU0,0,0,obt-collector1,60

2020-02-06 19:00:41.671000+00:00,dr03,wadjet-t-sg0,object_tracking,,0/RP0/CPU0,0,object_trackingnode0_RP0_CPU0,0,0,obt-collector1,199

2020-02-06 19:00:41.671000+00:00,dr03,wadjet-t-sg0,pim6,,0/RP0/CPU0,0,pim6node0_RP0_CPU0,0,0,obt-collector1,199

2020-02-06 19:00:41.672000+00:00,dr03,wadjet-t-sg0,pim,,0/RP0/CPU0,0,pimnode0_RP0_CPU0,0,0,obt-collector1,199

2020-02-06 19:00:51.680000+00:00,dr03,wadjet-t-sg0,L2VPN_ATOM,,0/RP0/CPU0,0,L2VPN_ATOMnode0_RP0_CPU0,0,0,obt-collector1,120

2020-02-06 19:00:51.680000+00:00,dr03,wadjet-t-sg0,bgp-default,,0/RP0/CPU0,18,bgp-defaultnode0_RP0_CPU0,0,0,obt-collector1,60

2020-02-06 19:00:51.680000+00:00,dr03,wadjet-t-sg0,bundlemgr_distrib,,0/RP0/CPU0,0,bundlemgr_distribnode0_RP0_CPU0,0,0,obt-collector1,60

2020-02-06 19:00:51.680000+00:00,dr03,wadjet-t-sg0,ipv4_static,,0/RP0/CPU0,0,ipv4_staticnode0_RP0_CPU0,0,0,obt-collector1,60

2020-02-06 19:00:51.680000+00:00,dr03,wadjet-t-sg0,object_tracking,,0/RP0/CPU0,0,object_trackingnode0_RP0_CPU0,0,0,obt-collector1,199

2020-02-06 19:00:51.680000+00:00,dr03,wadjet-t-sg0,pim,,0/RP0/CPU0,0,pimnode0_RP0_CPU0,0,0,obt-collector1,199

2020-02-06 19:00:51.680000+00:00,dr03,wadjet-t-sg0,pim6,,0/RP0/CPU0,0,pim6node0_RP0_CPU0,0,0,obt-collector1,199

2020-02-06 19:01:01.689000+00:00,dr03,wadjet-t-sg0,L2VPN_ATOM,,0/RP0/CPU0,0,L2VPN_ATOMnode0_RP0_CPU0,0,0,obt-collector1,120

2020-02-06 19:01:01.689000+00:00,dr03,wadjet-t-sg0,bgp-default,,0/RP0/CPU0,18,bgp-defaultnode0_RP0_CPU0,0,0,obt-collector1,60

2020-02-06 19:01:01.689000+00:00,dr03,wadjet-t-sg0,bundlemgr_distrib,,0/RP0/CPU0,0,bundlemgr_distribnode0_RP0_CPU0,0,0,obt-collector1,60

2020-02-06 19:01:01.690000+00:00,dr03,wadjet-t-sg0,ipv4_static,,0/RP0/CPU0,0,ipv4_staticnode0_RP0_CPU0,0,0,obt-collector1,60

2020-02-06 19:01:01.690000+00:00,dr03,wadjet-t-sg0,object_tracking,,0/RP0/CPU0,0,object_trackingnode0_RP0_CPU0,0,0,obt-collector1,199

2020-02-06 19:01:01.690000+00:00,dr03,wadjet-t-sg0,pim,,0/RP0/CPU0,0,pimnode0_RP0_CPU0,0,0,obt-collector1,199

2020-02-06 19:01:01.690000+00:00,dr03,wadjet-t-sg0,pim6,,0/RP0/CPU0,0,pim6node0_RP0_CPU0,0,0,obt-collector1,199

2020-02-06 19:01:11.699000+00:00,dr03,wadjet-t-sg0,L2VPN_ATOM,,0/RP0/CPU0,0,L2VPN_ATOMnode0_RP0_CPU0,0,0,obt-collector1,120

2020-02-06 19:01:11.699000+00:00,dr03,wadjet-t-sg0,bgp-default,,0/RP0/CPU0,18,bgp-defaultnode0_RP0_CPU0,0,0,obt-collector1,60

2020-02-06 19:01:11.699000+00:00,dr03,wadjet-t-sg0,bundlemgr_distrib,,0/RP0/CPU0,0,bundlemgr_distribnode0_RP0_CPU0,0,0,obt-collector1,60

2020-02-06 19:01:11.699000+00:00,dr03,wadjet-t-sg0,ipv4_static,,0/RP0/CPU0,0,ipv4_staticnode0_RP0_CPU0,0,0,obt-collector1,60

2020-02-06 19:01:11.699000+00:00,dr03,wadjet-t-sg0,object_tracking,,0/RP0/CPU0,0,object_trackingnode0_RP0_CPU0,0,0,obt-collector1,199

2020-02-06 19:01:11.699000+00:00,dr03,wadjet-t-sg0,pim,,0/RP0/CPU0,0,pimnode0_RP0_CPU0,0,0,obt-collector1,199

2020-02-06 19:01:11.699000+00:00,dr03,wadjet-t-sg0,pim6,,0/RP0/CPU0,0,pim6node0_RP0_CPU0,0,0,obt-collector1,199

2020-02-06 19:01:21.707000+00:00,dr03,wadjet-t-sg0,L2VPN_ATOM,,0/RP0/CPU0,0,L2VPN_ATOMnode0_RP0_CPU0,0,0,obt-collector1,120

2020-02-06 19:01:21.707000+00:00,dr03,wadjet-t-sg0,bgp-default,,0/RP0/CPU0,18,bgp-defaultnode0_RP0_CPU0,0,0,obt-collector1,60

2020-02-06 19:01:21.707000+00:00,dr03,wadjet-t-sg0,bundlemgr_distrib,,0/RP0/CPU0,0,bundlemgr_distribnode0_RP0_CPU0,0,0,obt-collector1,60

2020-02-06 19:01:21.707000+00:00,dr03,wadjet-t-sg0,ipv4_static,,0/RP0/CPU0,0,ipv4_staticnode0_RP0_CPU0,0,0,obt-collector1,60

2020-02-06 19:01:21.707000+00:00,dr03,wadjet-t-sg0,object_tracking,,0/RP0/CPU0,0,object_trackingnode0_RP0_CPU0,0,0,obt-collector1,199

2020-02-06 19:01:21.707000+00:00,dr03,wadjet-t-sg0,pim,,0/RP0/CPU0,0,pimnode0_RP0_CPU0,0,0,obt-collector1,199

2020-02-06 19:01:21.707000+00:00,dr03,wadjet-t-sg0,pim6,,0/RP0/CPU0,0,pim6node0_RP0_CPU0,0,0,obt-collector1,199

2020-02-06 19:01:31.717000+00:00,dr03,wadjet-t-sg0,L2VPN_ATOM,,0/RP0/CPU0,0,L2VPN_ATOMnode0_RP0_CPU0,0,0,obt-collector1,120

2020-02-06 19:01:31.717000+00:00,dr03,wadjet-t-sg0,bgp-default,,0/RP0/CPU0,18,bgp-defaultnode0_RP0_CPU0,0,0,obt-collector1,60

2020-02-06 19:01:31.717000+00:00,dr03,wadjet-t-sg0,bundlemgr_distrib,,0/RP0/CPU0,0,bundlemgr_distribnode0_RP0_CPU0,0,0,obt-collector1,60

2020-02-06 19:01:31.717000+00:00,dr03,wadjet-t-sg0,ipv4_static,,0/RP0/CPU0,0,ipv4_staticnode0_RP0_CPU0,0,0,obt-collector1,60

2020-02-06 19:01:31.718000+00:00,dr03,wadjet-t-sg0,object_tracking,,0/RP0/CPU0,0,object_trackingnode0_RP0_CPU0,0,0,obt-collector1,199

2020-02-06 19:01:31.718000+00:00,dr03,wadjet-t-sg0,pim,,0/RP0/CPU0,0,pimnode0_RP0_CPU0,0,0,obt-collector1,199

2020-02-06 19:01:31.718000+00:00,dr03,wadjet-t-sg0,pim6,,0/RP0/CPU0,0,pim6node0_RP0_CPU0,0,0,obt-collector1,199

2020-02-06 19:01:41.727000+00:00,dr03,wadjet-t-sg0,L2VPN_ATOM,,0/RP0/CPU0,0,L2VPN_ATOMnode0_RP0_CPU0,0,0,obt-collector1,120

2020-02-06 19:01:41.727000+00:00,dr03,wadjet-t-sg0,bgp-default,,0/RP0/CPU0,18,bgp-defaultnode0_RP0_CPU0,0,0,obt-collector1,60

2020-02-06 19:01:41.727000+00:00,dr03,wadjet-t-sg0,bundlemgr_distrib,,0/RP0/CPU0,0,bundlemgr_distribnode0_RP0_CPU0,0,0,obt-collector1,60

2020-02-06 19:01:41.727000+00:00,dr03,wadjet-t-sg0,ipv4_static,,0/RP0/CPU0,0,ipv4_staticnode0_RP0_CPU0,0,0,obt-collector1,60

2020-02-06 19:01:41.727000+00:00,dr03,wadjet-t-sg0,object_tracking,,0/RP0/CPU0,0,object_trackingnode0_RP0_CPU0,0,0,obt-collector1,199

2020-02-06 19:01:41.728000+00:00,dr03,wadjet-t-sg0,pim,,0/RP0/CPU0,0,pimnode0_RP0_CPU0,0,0,obt-collector1,199

2020-02-06 19:01:41.728000+00:00,dr03,wadjet-t-sg0,pim6,,0/RP0/CPU0,0,pim6node0_RP0_CPU0,0,0,obt-collector1,199

2020-02-06 19:01:51.737000+00:00,dr03,wadjet-t-sg0,L2VPN_ATOM,,0/RP0/CPU0,0,L2VPN_ATOMnode0_RP0_CPU0,0,0,obt-collector1,120

2020-02-06 19:01:51.737000+00:00,dr03,wadjet-t-sg0,bgp-default,,0/RP0/CPU0,18,bgp-defaultnode0_RP0_CPU0,0,0,obt-collector1,60

2020-02-06 19:01:51.737000+00:00,dr03,wadjet-t-sg0,bundlemgr_distrib,,0/RP0/CPU0,0,bundlemgr_distribnode0_RP0_CPU0,0,0,obt-collector1,60

2020-02-06 19:01:51.737000+00:00,dr03,wadjet-t-sg0,ipv4_static,,0/RP0/CPU0,0,ipv4_staticnode0_RP0_CPU0,0,0,obt-collector1,60

2020-02-06 19:01:51.737000+00:00,dr03,wadjet-t-sg0,object_tracking,,0/RP0/CPU0,0,object_trackingnode0_RP0_CPU0,0,0,obt-collector1,199

2020-02-06 19:01:51.737000+00:00,dr03,wadjet-t-sg0,pim,,0/RP0/CPU0,0,pimnode0_RP0_CPU0,0,0,obt-collector1,199

2020-02-06 19:01:51.737000+00:00,dr03,wadjet-t-sg0,pim6,,0/RP0/CPU0,0,pim6node0_RP0_CPU0,0,0,obt-collector1,199

2020-02-06 19:02:01.746000+00:00,dr03,wadjet-t-sg0,L2VPN_ATOM,,0/RP0/CPU0,0,L2VPN_ATOMnode0_RP0_CPU0,0,0,obt-collector1,120

2020-02-06 19:02:01.746000+00:00,dr03,wadjet-t-sg0,bgp-default,,0/RP0/CPU0,18,bgp-defaultnode0_RP0_CPU0,0,0,obt-collector1,60

2020-02-06 19:02:01.747000+00:00,dr03,wadjet-t-sg0,bundlemgr_distrib,,0/RP0/CPU0,0,bundlemgr_distribnode0_RP0_CPU0,0,0,obt-collector1,60

2020-02-06 19:02:01.747000+00:00,dr03,wadjet-t-sg0,ipv4_static,,0/RP0/CPU0,0,ipv4_staticnode0_RP0_CPU0,0,0,obt-collector1,60

2020-02-06 19:02:01.747000+00:00,dr03,wadjet-t-sg0,object_tracking,,0/RP0/CPU0,0,object_trackingnode0_RP0_CPU0,0,0,obt-collector1,199

2020-02-06 19:02:01.747000+00:00,dr03,wadjet-t-sg0,pim,,0/RP0/CPU0,0,pimnode0_RP0_CPU0,0,0,obt-collector1,199

2020-02-06 19:02:01.747000+00:00,dr03,wadjet-t-sg0,pim6,,0/RP0/CPU0,0,pim6node0_RP0_CPU0,0,0,obt-collector1,199

2020-02-06 19:02:11.756000+00:00,dr03,wadjet-t-sg0,L2VPN_ATOM,,0/RP0/CPU0,0,L2VPN_ATOMnode0_RP0_CPU0,0,0,obt-collector1,120

2020-02-06 19:02:11.757000+00:00,dr03,wadjet-t-sg0,bgp-default,,0/RP0/CPU0,18,bgp-defaultnode0_RP0_CPU0,0,0,obt-collector1,60

2020-02-06 19:02:11.757000+00:00,dr03,wadjet-t-sg0,bundlemgr_distrib,,0/RP0/CPU0,0,bundlemgr_distribnode0_RP0_CPU0,0,0,obt-collector1,60

2020-02-06 19:02:11.757000+00:00,dr03,wadjet-t-sg0,ipv4_static,,0/RP0/CPU0,0,ipv4_staticnode0_RP0_CPU0,0,0,obt-collector1,60

2020-02-06 19:02:11.757000+00:00,dr03,wadjet-t-sg0,object_tracking,,0/RP0/CPU0,0,object_trackingnode0_RP0_CPU0,0,0,obt-collector1,199

2020-02-06 19:02:11.757000+00:00,dr03,wadjet-t-sg0,pim,,0/RP0/CPU0,0,pimnode0_RP0_CPU0,0,0,obt-collector1,199

2020-02-06 19:02:11.757000+00:00,dr03,wadjet-t-sg0,pim6,,0/RP0/CPU0,0,pim6node0_RP0_CPU0,0,0,obt-collector1,199

2020-02-06 19:02:21.767000+00:00,dr03,wadjet-t-sg0,L2VPN_ATOM,,0/RP0/CPU0,0,L2VPN_ATOMnode0_RP0_CPU0,0,0,obt-collector1,120

2020-02-06 19:02:21.767000+00:00,dr03,wadjet-t-sg0,bgp-default,,0/RP0/CPU0,18,bgp-defaultnode0_RP0_CPU0,0,0,obt-collector1,60

2020-02-06 19:02:21.767000+00:00,dr03,wadjet-t-sg0,bundlemgr_distrib,,0/RP0/CPU0,0,bundlemgr_distribnode0_RP0_CPU0,0,0,obt-collector1,60

2020-02-06 19:02:21.767000+00:00,dr03,wadjet-t-sg0,ipv4_static,,0/RP0/CPU0,0,ipv4_staticnode0_RP0_CPU0,0,0,obt-collector1,60

2020-02-06 19:02:21.767000+00:00,dr03,wadjet-t-sg0,object_tracking,,0/RP0/CPU0,0,object_trackingnode0_RP0_CPU0,0,0,obt-collector1,199

2020-02-06 19:02:21.768000+00:00,dr03,wadjet-t-sg0,pim,,0/RP0/CPU0,0,pimnode0_RP0_CPU0,0,0,obt-collector1,199

2020-02-06 19:02:21.768000+00:00,dr03,wadjet-t-sg0,pim6,,0/RP0/CPU0,0,pim6node0_RP0_CPU0,0,0,obt-collector1,199

2020-02-06 19:02:31.776000+00:00,dr03,wadjet-t-sg0,L2VPN_ATOM,,0/RP0/CPU0,0,L2VPN_ATOMnode0_RP0_CPU0,0,0,obt-collector1,120

2020-02-06 19:02:31.776000+00:00,dr03,wadjet-t-sg0,bgp-default,,0/RP0/CPU0,18,bgp-defaultnode0_RP0_CPU0,0,0,obt-collector1,60

2020-02-06 19:02:31.776000+00:00,dr03,wadjet-t-sg0,bundlemgr_distrib,,0/RP0/CPU0,0,bundlemgr_distribnode0_RP0_CPU0,0,0,obt-collector1,60

2020-02-06 19:02:31.776000+00:00,dr03,wadjet-t-sg0,ipv4_static,,0/RP0/CPU0,0,ipv4_staticnode0_RP0_CPU0,0,0,obt-collector1,60

2020-02-06 19:02:31.776000+00:00,dr03,wadjet-t-sg0,object_tracking,,0/RP0/CPU0,0,object_trackingnode0_RP0_CPU0,0,0,obt-collector1,199

2020-02-06 19:02:31.776000+00:00,dr03,wadjet-t-sg0,pim,,0/RP0/CPU0,0,pimnode0_RP0_CPU0,0,0,obt-collector1,199

2020-02-06 19:02:31.776000+00:00,dr03,wadjet-t-sg0,pim6,,0/RP0/CPU0,0,pim6node0_RP0_CPU0,0,0,obt-collector1,199

2020-02-06 19:02:41.786000+00:00,dr03,wadjet-t-sg0,L2VPN_ATOM,,0/RP0/CPU0,0,L2VPN_ATOMnode0_RP0_CPU0,0,0,obt-collector1,120

2020-02-06 19:02:41.786000+00:00,dr03,wadjet-t-sg0,bgp-default,,0/RP0/CPU0,18,bgp-defaultnode0_RP0_CPU0,0,0,obt-collector1,60

2020-02-06 19:02:41.787000+00:00,dr03,wadjet-t-sg0,bundlemgr_distrib,,0/RP0/CPU0,0,bundlemgr_distribnode0_RP0_CPU0,0,0,obt-collector1,60

2020-02-06 19:02:41.787000+00:00,dr03,wadjet-t-sg0,ipv4_static,,0/RP0/CPU0,0,ipv4_staticnode0_RP0_CPU0,0,0,obt-collector1,60

2020-02-06 19:02:41.787000+00:00,dr03,wadjet-t-sg0,object_tracking,,0/RP0/CPU0,0,object_trackingnode0_RP0_CPU0,0,0,obt-collector1,199

2020-02-06 19:02:41.787000+00:00,dr03,wadjet-t-sg0,pim,,0/RP0/CPU0,0,pimnode0_RP0_CPU0,0,0,obt-collector1,199

2020-02-06 19:02:41.787000+00:00,dr03,wadjet-t-sg0,pim6,,0/RP0/CPU0,0,pim6node0_RP0_CPU0,0,0,obt-collector1,199

2020-02-06 19:02:51.795000+00:00,dr03,wadjet-t-sg0,L2VPN_ATOM,,0/RP0/CPU0,0,L2VPN_ATOMnode0_RP0_CPU0,0,0,obt-collector1,120

2020-02-06 19:02:51.795000+00:00,dr03,wadjet-t-sg0,bgp-default,,0/RP0/CPU0,18,bgp-defaultnode0_RP0_CPU0,0,0,obt-collector1,60

2020-02-06 19:02:51.795000+00:00,dr03,wadjet-t-sg0,bundlemgr_distrib,,0/RP0/CPU0,0,bundlemgr_distribnode0_RP0_CPU0,0,0,obt-collector1,60

2020-02-06 19:02:51.796000+00:00,dr03,wadjet-t-sg0,ipv4_static,,0/RP0/CPU0,0,ipv4_staticnode0_RP0_CPU0,0,0,obt-collector1,60

2020-02-06 19:02:51.796000+00:00,dr03,wadjet-t-sg0,object_tracking,,0/RP0/CPU0,0,object_trackingnode0_RP0_CPU0,0,0,obt-collector1,199

2020-02-06 19:02:51.796000+00:00,dr03,wadjet-t-sg0,pim,,0/RP0/CPU0,0,pimnode0_RP0_CPU0,0,0,obt-collector1,199

2020-02-06 19:02:51.796000+00:00,dr03,wadjet-t-sg0,pim6,,0/RP0/CPU0,0,pim6node0_RP0_CPU0,0,0,obt-collector1,199

2020-02-06 19:03:01.804000+00:00,dr03,wadjet-t-sg0,L2VPN_ATOM,,0/RP0/CPU0,0,L2VPN_ATOMnode0_RP0_CPU0,0,0,obt-collector1,120

2020-02-06 19:03:01.804000+00:00,dr03,wadjet-t-sg0,bgp-default,,0/RP0/CPU0,18,bgp-defaultnode0_RP0_CPU0,0,0,obt-collector1,60

2020-02-06 19:03:01.804000+00:00,dr03,wadjet-t-sg0,bundlemgr_distrib,,0/RP0/CPU0,0,bundlemgr_distribnode0_RP0_CPU0,0,0,obt-collector1,60

2020-02-06 19:03:01.804000+00:00,dr03,wadjet-t-sg0,ipv4_static,,0/RP0/CPU0,0,ipv4_staticnode0_RP0_CPU0,0,0,obt-collector1,60

2020-02-06 19:03:01.804000+00:00,dr03,wadjet-t-sg0,object_tracking,,0/RP0/CPU0,0,object_trackingnode0_RP0_CPU0,0,0,obt-collector1,199

2020-02-06 19:03:01.805000+00:00,dr03,wadjet-t-sg0,pim,,0/RP0/CPU0,0,pimnode0_RP0_CPU0,0,0,obt-collector1,199

2020-02-06 19:03:01.805000+00:00,dr03,wadjet-t-sg0,pim6,,0/RP0/CPU0,0,pim6node0_RP0_CPU0,0,0,obt-collector1,199

2020-02-06 19:03:11.814000+00:00,dr03,wadjet-t-sg0,L2VPN_ATOM,,0/RP0/CPU0,0,L2VPN_ATOMnode0_RP0_CPU0,0,0,obt-collector1,120

2020-02-06 19:03:11.814000+00:00,dr03,wadjet-t-sg0,bgp-default,,0/RP0/CPU0,18,bgp-defaultnode0_RP0_CPU0,0,0,obt-collector1,60

2020-02-06 19:03:11.814000+00:00,dr03,wadjet-t-sg0,bundlemgr_distrib,,0/RP0/CPU0,0,bundlemgr_distribnode0_RP0_CPU0,0,0,obt-collector1,60

2020-02-06 19:03:11.814000+00:00,dr03,wadjet-t-sg0,ipv4_static,,0/RP0/CPU0,0,ipv4_staticnode0_RP0_CPU0,0,0,obt-collector1,60

2020-02-06 19:03:11.815000+00:00,dr03,wadjet-t-sg0,object_tracking,,0/RP0/CPU0,0,object_trackingnode0_RP0_CPU0,0,0,obt-collector1,199

2020-02-06 19:03:11.815000+00:00,dr03,wadjet-t-sg0,pim,,0/RP0/CPU0,0,pimnode0_RP0_CPU0,0,0,obt-collector1,199

2020-02-06 19:03:11.815000+00:00,dr03,wadjet-t-sg0,pim6,,0/RP0/CPU0,0,pim6node0_RP0_CPU0,0,0,obt-collector1,199

2020-02-06 19:03:21.824000+00:00,dr03,wadjet-t-sg0,L2VPN_ATOM,,0/RP0/CPU0,0,L2VPN_ATOMnode0_RP0_CPU0,0,0,obt-collector1,120

2020-02-06 19:03:21.824000+00:00,dr03,wadjet-t-sg0,bgp-default,,0/RP0/CPU0,18,bgp-defaultnode0_RP0_CPU0,0,0,obt-collector1,60

2020-02-06 19:03:21.824000+00:00,dr03,wadjet-t-sg0,bundlemgr_distrib,,0/RP0/CPU0,0,bundlemgr_distribnode0_RP0_CPU0,0,0,obt-collector1,60

2020-02-06 19:03:21.824000+00:00,dr03,wadjet-t-sg0,ipv4_static,,0/RP0/CPU0,0,ipv4_staticnode0_RP0_CPU0,0,0,obt-collector1,60

2020-02-06 19:03:21.824000+00:00,dr03,wadjet-t-sg0,object_tracking,,0/RP0/CPU0,0,object_trackingnode0_RP0_CPU0,0,0,obt-collector1,199

2020-02-06 19:03:21.824000+00:00,dr03,wadjet-t-sg0,pim,,0/RP0/CPU0,0,pimnode0_RP0_CPU0,0,0,obt-collector1,199

2020-02-06 19:03:21.824000+00:00,dr03,wadjet-t-sg0,pim6,,0/RP0/CPU0,0,pim6node0_RP0_CPU0,0,0,obt-collector1,199

2020-02-06 19:03:31.833000+00:00,dr03,wadjet-t-sg0,L2VPN_ATOM,,0/RP0/CPU0,0,L2VPN_ATOMnode0_RP0_CPU0,0,0,obt-collector1,120

2020-02-06 19:03:31.833000+00:00,dr03,wadjet-t-sg0,bgp-default,,0/RP0/CPU0,18,bgp-defaultnode0_RP0_CPU0,0,0,obt-collector1,60

2020-02-06 19:03:31.833000+00:00,dr03,wadjet-t-sg0,bundlemgr_distrib,,0/RP0/CPU0,0,bundlemgr_distribnode0_RP0_CPU0,0,0,obt-collector1,60

2020-02-06 19:03:31.833000+00:00,dr03,wadjet-t-sg0,ipv4_static,,0/RP0/CPU0,0,ipv4_staticnode0_RP0_CPU0,0,0,obt-collector1,60

2020-02-06 19:03:31.833000+00:00,dr03,wadjet-t-sg0,object_tracking,,0/RP0/CPU0,0,object_trackingnode0_RP0_CPU0,0,0,obt-collector1,199

2020-02-06 19:03:31.834000+00:00,dr03,wadjet-t-sg0,pim,,0/RP0/CPU0,0,pimnode0_RP0_CPU0,0,0,obt-collector1,199

2020-02-06 19:03:31.834000+00:00,dr03,wadjet-t-sg0,pim6,,0/RP0/CPU0,0,pim6node0_RP0_CPU0,0,0,obt-collector1,199

2020-02-06 19:03:41.843000+00:00,dr03,wadjet-t-sg0,L2VPN_ATOM,,0/RP0/CPU0,0,L2VPN_ATOMnode0_RP0_CPU0,0,0,obt-collector1,120

2020-02-06 19:03:41.843000+00:00,dr03,wadjet-t-sg0,bgp-default,,0/RP0/CPU0,18,bgp-defaultnode0_RP0_CPU0,0,0,obt-collector1,60

2020-02-06 19:03:41.843000+00:00,dr03,wadjet-t-sg0,bundlemgr_distrib,,0/RP0/CPU0,0,bundlemgr_distribnode0_RP0_CPU0,0,0,obt-collector1,60

2020-02-06 19:03:41.843000+00:00,dr03,wadjet-t-sg0,ipv4_static,,0/RP0/CPU0,0,ipv4_staticnode0_RP0_CPU0,0,0,obt-collector1,60

2020-02-06 19:03:41.843000+00:00,dr03,wadjet-t-sg0,object_tracking,,0/RP0/CPU0,0,object_trackingnode0_RP0_CPU0,0,0,obt-collector1,199

2020-02-06 19:03:41.843000+00:00,dr03,wadjet-t-sg0,pim6,,0/RP0/CPU0,0,pim6node0_RP0_CPU0,0,0,obt-collector1,199

2020-02-06 19:03:41.844000+00:00,dr03,wadjet-t-sg0,pim,,0/RP0/CPU0,0,pimnode0_RP0_CPU0,0,0,obt-collector1,199

2020-02-06 19:03:51.852000+00:00,dr03,wadjet-t-sg0,L2VPN_ATOM,,0/RP0/CPU0,0,L2VPN_ATOMnode0_RP0_CPU0,0,0,obt-collector1,120

2020-02-06 19:03:51.852000+00:00,dr03,wadjet-t-sg0,bgp-default,,0/RP0/CPU0,18,bgp-defaultnode0_RP0_CPU0,0,0,obt-collector1,60

2020-02-06 19:03:51.852000+00:00,dr03,wadjet-t-sg0,bundlemgr_distrib,,0/RP0/CPU0,0,bundlemgr_distribnode0_RP0_CPU0,0,0,obt-collector1,60

2020-02-06 19:03:51.852000+00:00,dr03,wadjet-t-sg0,ipv4_static,,0/RP0/CPU0,0,ipv4_staticnode0_RP0_CPU0,0,0,obt-collector1,60

2020-02-06 19:03:51.852000+00:00,dr03,wadjet-t-sg0,object_tracking,,0/RP0/CPU0,0,object_trackingnode0_RP0_CPU0,0,0,obt-collector1,199

2020-02-06 19:03:51.852000+00:00,dr03,wadjet-t-sg0,pim,,0/RP0/CPU0,0,pimnode0_RP0_CPU0,0,0,obt-collector1,199

2020-02-06 19:03:51.852000+00:00,dr03,wadjet-t-sg0,pim6,,0/RP0/CPU0,0,pim6node0_RP0_CPU0,0,0,obt-collector1,199

2020-02-06 19:04:01.862000+00:00,dr03,wadjet-t-sg0,L2VPN_ATOM,,0/RP0/CPU0,0,L2VPN_ATOMnode0_RP0_CPU0,0,0,obt-collector1,120

2020-02-06 19:04:01.862000+00:00,dr03,wadjet-t-sg0,bgp-default,,0/RP0/CPU0,18,bgp-defaultnode0_RP0_CPU0,0,0,obt-collector1,60

2020-02-06 19:04:01.862000+00:00,dr03,wadjet-t-sg0,bundlemgr_distrib,,0/RP0/CPU0,0,bundlemgr_distribnode0_RP0_CPU0,0,0,obt-collector1,60

2020-02-06 19:04:01.862000+00:00,dr03,wadjet-t-sg0,ipv4_static,,0/RP0/CPU0,0,ipv4_staticnode0_RP0_CPU0,0,0,obt-collector1,60

2020-02-06 19:04:01.862000+00:00,dr03,wadjet-t-sg0,object_tracking,,0/RP0/CPU0,0,object_trackingnode0_RP0_CPU0,0,0,obt-collector1,199

2020-02-06 19:04:01.862000+00:00,dr03,wadjet-t-sg0,pim,,0/RP0/CPU0,0,pimnode0_RP0_CPU0,0,0,obt-collector1,199

2020-02-06 19:04:01.862000+00:00,dr03,wadjet-t-sg0,pim6,,0/RP0/CPU0,0,pim6node0_RP0_CPU0,0,0,obt-collector1,199

2020-02-06 19:04:11.871000+00:00,dr03,wadjet-t-sg0,L2VPN_ATOM,,0/RP0/CPU0,0,L2VPN_ATOMnode0_RP0_CPU0,0,0,obt-collector1,120

2020-02-06 19:04:11.871000+00:00,dr03,wadjet-t-sg0,bgp-default,,0/RP0/CPU0,18,bgp-defaultnode0_RP0_CPU0,0,0,obt-collector1,60

2020-02-06 19:04:11.871000+00:00,dr03,wadjet-t-sg0,bundlemgr_distrib,,0/RP0/CPU0,0,bundlemgr_distribnode0_RP0_CPU0,0,0,obt-collector1,60

2020-02-06 19:04:11.871000+00:00,dr03,wadjet-t-sg0,ipv4_static,,0/RP0/CPU0,0,ipv4_staticnode0_RP0_CPU0,0,0,obt-collector1,60

2020-02-06 19:04:11.872000+00:00,dr03,wadjet-t-sg0,object_tracking,,0/RP0/CPU0,0,object_trackingnode0_RP0_CPU0,0,0,obt-collector1,199

2020-02-06 19:04:11.872000+00:00,dr03,wadjet-t-sg0,pim,,0/RP0/CPU0,0,pimnode0_RP0_CPU0,0,0,obt-collector1,199

2020-02-06 19:04:11.872000+00:00,dr03,wadjet-t-sg0,pim6,,0/RP0/CPU0,0,pim6node0_RP0_CPU0,0,0,obt-collector1,199

2020-02-06 19:04:21.881000+00:00,dr03,wadjet-t-sg0,L2VPN_ATOM,,0/RP0/CPU0,0,L2VPN_ATOMnode0_RP0_CPU0,0,0,obt-collector1,120

2020-02-06 19:04:21.881000+00:00,dr03,wadjet-t-sg0,bgp-default,,0/RP0/CPU0,18,bgp-defaultnode0_RP0_CPU0,0,0,obt-collector1,60

2020-02-06 19:04:21.881000+00:00,dr03,wadjet-t-sg0,bundlemgr_distrib,,0/RP0/CPU0,0,bundlemgr_distribnode0_RP0_CPU0,0,0,obt-collector1,60

2020-02-06 19:04:21.881000+00:00,dr03,wadjet-t-sg0,ipv4_static,,0/RP0/CPU0,0,ipv4_staticnode0_RP0_CPU0,0,0,obt-collector1,60

2020-02-06 19:04:21.881000+00:00,dr03,wadjet-t-sg0,object_tracking,,0/RP0/CPU0,0,object_trackingnode0_RP0_CPU0,0,0,obt-collector1,199

2020-02-06 19:04:21.882000+00:00,dr03,wadjet-t-sg0,pim,,0/RP0/CPU0,0,pimnode0_RP0_CPU0,0,0,obt-collector1,199

2020-02-06 19:04:21.882000+00:00,dr03,wadjet-t-sg0,pim6,,0/RP0/CPU0,0,pim6node0_RP0_CPU0,0,0,obt-collector1,199

2020-02-06 19:04:31.891000+00:00,dr03,wadjet-t-sg0,L2VPN_ATOM,,0/RP0/CPU0,0,L2VPN_ATOMnode0_RP0_CPU0,0,0,obt-collector1,120

2020-02-06 19:04:31.891000+00:00,dr03,wadjet-t-sg0,bgp-default,,0/RP0/CPU0,18,bgp-defaultnode0_RP0_CPU0,0,0,obt-collector1,60

2020-02-06 19:04:31.891000+00:00,dr03,wadjet-t-sg0,bundlemgr_distrib,,0/RP0/CPU0,0,bundlemgr_distribnode0_RP0_CPU0,0,0,obt-collector1,60

2020-02-06 19:04:31.891000+00:00,dr03,wadjet-t-sg0,ipv4_static,,0/RP0/CPU0,0,ipv4_staticnode0_RP0_CPU0,0,0,obt-collector1,60

2020-02-06 19:04:31.891000+00:00,dr03,wadjet-t-sg0,object_tracking,,0/RP0/CPU0,0,object_trackingnode0_RP0_CPU0,0,0,obt-collector1,199

2020-02-06 19:04:31.891000+00:00,dr03,wadjet-t-sg0,pim,,0/RP0/CPU0,0,pimnode0_RP0_CPU0,0,0,obt-collector1,199

2020-02-06 19:04:31.891000+00:00,dr03,wadjet-t-sg0,pim6,,0/RP0/CPU0,0,pim6node0_RP0_CPU0,0,0,obt-collector1,199

2020-02-06 19:04:41.901000+00:00,dr03,wadjet-t-sg0,L2VPN_ATOM,,0/RP0/CPU0,0,L2VPN_ATOMnode0_RP0_CPU0,0,0,obt-collector1,120

2020-02-06 19:04:41.901000+00:00,dr03,wadjet-t-sg0,bgp-default,,0/RP0/CPU0,18,bgp-defaultnode0_RP0_CPU0,0,0,obt-collector1,60

2020-02-06 19:04:41.901000+00:00,dr03,wadjet-t-sg0,bundlemgr_distrib,,0/RP0/CPU0,0,bundlemgr_distribnode0_RP0_CPU0,0,0,obt-collector1,60

2020-02-06 19:04:41.901000+00:00,dr03,wadjet-t-sg0,ipv4_static,,0/RP0/CPU0,0,ipv4_staticnode0_RP0_CPU0,0,0,obt-collector1,60

2020-02-06 19:04:41.901000+00:00,dr03,wadjet-t-sg0,object_tracking,,0/RP0/CPU0,0,object_trackingnode0_RP0_CPU0,0,0,obt-collector1,199

2020-02-06 19:04:41.902000+00:00,dr03,wadjet-t-sg0,pim,,0/RP0/CPU0,0,pimnode0_RP0_CPU0,0,0,obt-collector1,199

2020-02-06 19:04:41.902000+00:00,dr03,wadjet-t-sg0,pim6,,0/RP0/CPU0,0,pim6node0_RP0_CPU0,0,0,obt-collector1,199

2020-02-06 19:04:51.911000+00:00,dr03,wadjet-t-sg0,L2VPN_ATOM,,0/RP0/CPU0,0,L2VPN_ATOMnode0_RP0_CPU0,0,0,obt-collector1,120

2020-02-06 19:04:51.911000+00:00,dr03,wadjet-t-sg0,bgp-default,,0/RP0/CPU0,18,bgp-defaultnode0_RP0_CPU0,0,0,obt-collector1,60

2020-02-06 19:04:51.911000+00:00,dr03,wadjet-t-sg0,bundlemgr_distrib,,0/RP0/CPU0,0,bundlemgr_distribnode0_RP0_CPU0,0,0,obt-collector1,60

2020-02-06 19:04:51.911000+00:00,dr03,wadjet-t-sg0,ipv4_static,,0/RP0/CPU0,0,ipv4_staticnode0_RP0_CPU0,0,0,obt-collector1,60

2020-02-06 19:04:51.911000+00:00,dr03,wadjet-t-sg0,object_tracking,,0/RP0/CPU0,0,object_trackingnode0_RP0_CPU0,0,0,obt-collector1,199

2020-02-06 19:04:51.911000+00:00,dr03,wadjet-t-sg0,pim,,0/RP0/CPU0,0,pimnode0_RP0_CPU0,0,0,obt-collector1,199

2020-02-06 19:04:51.911000+00:00,dr03,wadjet-t-sg0,pim6,,0/RP0/CPU0,0,pim6node0_RP0_CPU0,0,0,obt-collector1,199

2020-02-06 19:05:01.920000+00:00,dr03,wadjet-t-sg0,L2VPN_ATOM,,0/RP0/CPU0,0,L2VPN_ATOMnode0_RP0_CPU0,0,0,obt-collector1,120

2020-02-06 19:05:01.920000+00:00,dr03,wadjet-t-sg0,bgp-default,,0/RP0/CPU0,18,bgp-defaultnode0_RP0_CPU0,0,0,obt-collector1,60

2020-02-06 19:05:01.920000+00:00,dr03,wadjet-t-sg0,bundlemgr_distrib,,0/RP0/CPU0,0,bundlemgr_distribnode0_RP0_CPU0,0,0,obt-collector1,60

2020-02-06 19:05:01.920000+00:00,dr03,wadjet-t-sg0,ipv4_static,,0/RP0/CPU0,0,ipv4_staticnode0_RP0_CPU0,0,0,obt-collector1,60

2020-02-06 19:05:01.920000+00:00,dr03,wadjet-t-sg0,object_tracking,,0/RP0/CPU0,0,object_trackingnode0_RP0_CPU0,0,0,obt-collector1,199

2020-02-06 19:05:01.920000+00:00,dr03,wadjet-t-sg0,pim,,0/RP0/CPU0,0,pimnode0_RP0_CPU0,0,0,obt-collector1,199

2020-02-06 19:05:01.920000+00:00,dr03,wadjet-t-sg0,pim6,,0/RP0/CPU0,0,pim6node0_RP0_CPU0,0,0,obt-collector1,199

2020-02-06 19:05:11.930000+00:00,dr03,wadjet-t-sg0,L2VPN_ATOM,,0/RP0/CPU0,0,L2VPN_ATOMnode0_RP0_CPU0,0,0,obt-collector1,120

2020-02-06 19:05:11.930000+00:00,dr03,wadjet-t-sg0,bgp-default,,0/RP0/CPU0,18,bgp-defaultnode0_RP0_CPU0,0,0,obt-collector1,60

2020-02-06 19:05:11.930000+00:00,dr03,wadjet-t-sg0,bundlemgr_distrib,,0/RP0/CPU0,0,bundlemgr_distribnode0_RP0_CPU0,0,0,obt-collector1,60

2020-02-06 19:05:11.930000+00:00,dr03,wadjet-t-sg0,ipv4_static,,0/RP0/CPU0,0,ipv4_staticnode0_RP0_CPU0,0,0,obt-collector1,60

2020-02-06 19:05:11.930000+00:00,dr03,wadjet-t-sg0,object_tracking,,0/RP0/CPU0,0,object_trackingnode0_RP0_CPU0,0,0,obt-collector1,199

2020-02-06 19:05:11.930000+00:00,dr03,wadjet-t-sg0,pim,,0/RP0/CPU0,0,pimnode0_RP0_CPU0,0,0,obt-collector1,199

2020-02-06 19:05:11.930000+00:00,dr03,wadjet-t-sg0,pim6,,0/RP0/CPU0,0,pim6node0_RP0_CPU0,0,0,obt-collector1,199

2020-02-06 19:05:21.939000+00:00,dr03,wadjet-t-sg0,L2VPN_ATOM,,0/RP0/CPU0,0,L2VPN_ATOMnode0_RP0_CPU0,0,0,obt-collector1,120

2020-02-06 19:05:21.939000+00:00,dr03,wadjet-t-sg0,bgp-default,,0/RP0/CPU0,18,bgp-defaultnode0_RP0_CPU0,0,0,obt-collector1,60

2020-02-06 19:05:21.939000+00:00,dr03,wadjet-t-sg0,bundlemgr_distrib,,0/RP0/CPU0,0,bundlemgr_distribnode0_RP0_CPU0,0,0,obt-collector1,60

2020-02-06 19:05:21.939000+00:00,dr03,wadjet-t-sg0,ipv4_static,,0/RP0/CPU0,0,ipv4_staticnode0_RP0_CPU0,0,0,obt-collector1,60

2020-02-06 19:05:21.939000+00:00,dr03,wadjet-t-sg0,object_tracking,,0/RP0/CPU0,0,object_trackingnode0_RP0_CPU0,0,0,obt-collector1,199

2020-02-06 19:05:21.939000+00:00,dr03,wadjet-t-sg0,pim,,0/RP0/CPU0,0,pimnode0_RP0_CPU0,0,0,obt-collector1,199

2020-02-06 19:05:21.939000+00:00,dr03,wadjet-t-sg0,pim6,,0/RP0/CPU0,0,pim6node0_RP0_CPU0,0,0,obt-collector1,199

2020-02-06 19:05:31.949000+00:00,dr03,wadjet-t-sg0,L2VPN_ATOM,,0/RP0/CPU0,0,L2VPN_ATOMnode0_RP0_CPU0,0,0,obt-collector1,120

2020-02-06 19:05:31.949000+00:00,dr03,wadjet-t-sg0,bgp-default,,0/RP0/CPU0,18,bgp-defaultnode0_RP0_CPU0,0,0,obt-collector1,60

2020-02-06 19:05:31.949000+00:00,dr03,wadjet-t-sg0,bundlemgr_distrib,,0/RP0/CPU0,0,bundlemgr_distribnode0_RP0_CPU0,0,0,obt-collector1,60

2020-02-06 19:05:31.949000+00:00,dr03,wadjet-t-sg0,ipv4_static,,0/RP0/CPU0,0,ipv4_staticnode0_RP0_CPU0,0,0,obt-collector1,60

2020-02-06 19:05:31.949000+00:00,dr03,wadjet-t-sg0,object_tracking,,0/RP0/CPU0,0,object_trackingnode0_RP0_CPU0,0,0,obt-collector1,199

2020-02-06 19:05:31.949000+00:00,dr03,wadjet-t-sg0,pim,,0/RP0/CPU0,0,pimnode0_RP0_CPU0,0,0,obt-collector1,199

2020-02-06 19:05:31.949000+00:00,dr03,wadjet-t-sg0,pim6,,0/RP0/CPU0,0,pim6node0_RP0_CPU0,0,0,obt-collector1,199

2020-02-06 19:05:41.961000+00:00,dr03,wadjet-t-sg0,L2VPN_ATOM,,0/RP0/CPU0,0,L2VPN_ATOMnode0_RP0_CPU0,0,0,obt-collector1,120

2020-02-06 19:05:41.961000+00:00,dr03,wadjet-t-sg0,bgp-default,,0/RP0/CPU0,18,bgp-defaultnode0_RP0_CPU0,0,0,obt-collector1,60

2020-02-06 19:05:41.961000+00:00,dr03,wadjet-t-sg0,bundlemgr_distrib,,0/RP0/CPU0,0,bundlemgr_distribnode0_RP0_CPU0,0,0,obt-collector1,60

2020-02-06 19:05:41.961000+00:00,dr03,wadjet-t-sg0,ipv4_static,,0/RP0/CPU0,0,ipv4_staticnode0_RP0_CPU0,0,0,obt-collector1,60

2020-02-06 19:05:41.961000+00:00,dr03,wadjet-t-sg0,object_tracking,,0/RP0/CPU0,0,object_trackingnode0_RP0_CPU0,0,0,obt-collector1,199

2020-02-06 19:05:41.961000+00:00,dr03,wadjet-t-sg0,pim,,0/RP0/CPU0,0,pimnode0_RP0_CPU0,0,0,obt-collector1,199

2020-02-06 19:05:41.961000+00:00,dr03,wadjet-t-sg0,pim6,,0/RP0/CPU0,0,pim6node0_RP0_CPU0,0,0,obt-collector1,199

2020-02-06 19:05:51.969000+00:00,dr03,wadjet-t-sg0,L2VPN_ATOM,,0/RP0/CPU0,0,L2VPN_ATOMnode0_RP0_CPU0,0,0,obt-collector1,120

2020-02-06 19:05:51.969000+00:00,dr03,wadjet-t-sg0,bgp-default,,0/RP0/CPU0,18,bgp-defaultnode0_RP0_CPU0,0,0,obt-collector1,60

2020-02-06 19:05:51.969000+00:00,dr03,wadjet-t-sg0,bundlemgr_distrib,,0/RP0/CPU0,0,bundlemgr_distribnode0_RP0_CPU0,0,0,obt-collector1,60

2020-02-06 19:05:51.969000+00:00,dr03,wadjet-t-sg0,ipv4_static,,0/RP0/CPU0,0,ipv4_staticnode0_RP0_CPU0,0,0,obt-collector1,60

2020-02-06 19:05:51.969000+00:00,dr03,wadjet-t-sg0,object_tracking,,0/RP0/CPU0,0,object_trackingnode0_RP0_CPU0,0,0,obt-collector1,199

2020-02-06 19:05:51.969000+00:00,dr03,wadjet-t-sg0,pim,,0/RP0/CPU0,0,pimnode0_RP0_CPU0,0,0,obt-collector1,199

2020-02-06 19:05:51.969000+00:00,dr03,wadjet-t-sg0,pim6,,0/RP0/CPU0,0,pim6node0_RP0_CPU0,0,0,obt-collector1,199

2020-02-06 19:06:01.977000+00:00,dr03,wadjet-t-sg0,L2VPN_ATOM,,0/RP0/CPU0,0,L2VPN_ATOMnode0_RP0_CPU0,0,0,obt-collector1,120

2020-02-06 19:06:01.977000+00:00,dr03,wadjet-t-sg0,bgp-default,,0/RP0/CPU0,18,bgp-defaultnode0_RP0_CPU0,0,0,obt-collector1,60

2020-02-06 19:06:01.977000+00:00,dr03,wadjet-t-sg0,bundlemgr_distrib,,0/RP0/CPU0,0,bundlemgr_distribnode0_RP0_CPU0,0,0,obt-collector1,60

2020-02-06 19:06:01.977000+00:00,dr03,wadjet-t-sg0,ipv4_static,,0/RP0/CPU0,0,ipv4_staticnode0_RP0_CPU0,0,0,obt-collector1,60

2020-02-06 19:06:01.977000+00:00,dr03,wadjet-t-sg0,object_tracking,,0/RP0/CPU0,0,object_trackingnode0_RP0_CPU0,0,0,obt-collector1,199

2020-02-06 19:06:01.978000+00:00,dr03,wadjet-t-sg0,pim,,0/RP0/CPU0,0,pimnode0_RP0_CPU0,0,0,obt-collector1,199

2020-02-06 19:06:01.978000+00:00,dr03,wadjet-t-sg0,pim6,,0/RP0/CPU0,0,pim6node0_RP0_CPU0,0,0,obt-collector1,199

2020-02-06 19:06:11.989000+00:00,dr03,wadjet-t-sg0,L2VPN_ATOM,,0/RP0/CPU0,0,L2VPN_ATOMnode0_RP0_CPU0,0,0,obt-collector1,120

2020-02-06 19:06:11.989000+00:00,dr03,wadjet-t-sg0,bgp-default,,0/RP0/CPU0,18,bgp-defaultnode0_RP0_CPU0,0,0,obt-collector1,60

2020-02-06 19:06:11.989000+00:00,dr03,wadjet-t-sg0,bundlemgr_distrib,,0/RP0/CPU0,0,bundlemgr_distribnode0_RP0_CPU0,0,0,obt-collector1,60

2020-02-06 19:06:11.989000+00:00,dr03,wadjet-t-sg0,ipv4_static,,0/RP0/CPU0,0,ipv4_staticnode0_RP0_CPU0,0,0,obt-collector1,60

2020-02-06 19:06:11.989000+00:00,dr03,wadjet-t-sg0,object_tracking,,0/RP0/CPU0,0,object_trackingnode0_RP0_CPU0,0,0,obt-collector1,199

2020-02-06 19:06:11.989000+00:00,dr03,wadjet-t-sg0,pim,,0/RP0/CPU0,0,pimnode0_RP0_CPU0,0,0,obt-collector1,199

2020-02-06 19:06:11.989000+00:00,dr03,wadjet-t-sg0,pim6,,0/RP0/CPU0,0,pim6node0_RP0_CPU0,0,0,obt-collector1,199

2020-02-06 19:06:21.997000+00:00,dr03,wadjet-t-sg0,L2VPN_ATOM,,0/RP0/CPU0,0,L2VPN_ATOMnode0_RP0_CPU0,0,0,obt-collector1,120

2020-02-06 19:06:21.997000+00:00,dr03,wadjet-t-sg0,bgp-default,,0/RP0/CPU0,18,bgp-defaultnode0_RP0_CPU0,0,0,obt-collector1,60

2020-02-06 19:06:21.997000+00:00,dr03,wadjet-t-sg0,bundlemgr_distrib,,0/RP0/CPU0,0,bundlemgr_distribnode0_RP0_CPU0,0,0,obt-collector1,60

2020-02-06 19:06:21.997000+00:00,dr03,wadjet-t-sg0,ipv4_static,,0/RP0/CPU0,0,ipv4_staticnode0_RP0_CPU0,0,0,obt-collector1,60

2020-02-06 19:06:21.997000+00:00,dr03,wadjet-t-sg0,object_tracking,,0/RP0/CPU0,0,object_trackingnode0_RP0_CPU0,0,0,obt-collector1,199

2020-02-06 19:06:21.997000+00:00,dr03,wadjet-t-sg0,pim,,0/RP0/CPU0,0,pimnode0_RP0_CPU0,0,0,obt-collector1,199

2020-02-06 19:06:21.997000+00:00,dr03,wadjet-t-sg0,pim6,,0/RP0/CPU0,0,pim6node0_RP0_CPU0,0,0,obt-collector1,199

2020-02-06 19:06:32.005000+00:00,dr03,wadjet-t-sg0,L2VPN_ATOM,,0/RP0/CPU0,0,L2VPN_ATOMnode0_RP0_CPU0,0,0,obt-collector1,120

2020-02-06 19:06:32.006000+00:00,dr03,wadjet-t-sg0,bgp-default,,0/RP0/CPU0,18,bgp-defaultnode0_RP0_CPU0,0,0,obt-collector1,60

2020-02-06 19:06:32.006000+00:00,dr03,wadjet-t-sg0,bundlemgr_distrib,,0/RP0/CPU0,0,bundlemgr_distribnode0_RP0_CPU0,0,0,obt-collector1,60

2020-02-06 19:06:32.006000+00:00,dr03,wadjet-t-sg0,ipv4_static,,0/RP0/CPU0,0,ipv4_staticnode0_RP0_CPU0,0,0,obt-collector1,60

2020-02-06 19:06:32.006000+00:00,dr03,wadjet-t-sg0,object_tracking,,0/RP0/CPU0,0,object_trackingnode0_RP0_CPU0,0,0,obt-collector1,199

2020-02-06 19:06:32.006000+00:00,dr03,wadjet-t-sg0,pim,,0/RP0/CPU0,0,pimnode0_RP0_CPU0,0,0,obt-collector1,199

2020-02-06 19:06:32.006000+00:00,dr03,wadjet-t-sg0,pim6,,0/RP0/CPU0,0,pim6node0_RP0_CPU0,0,0,obt-collector1,199

2020-02-06 19:06:42.015000+00:00,dr03,wadjet-t-sg0,L2VPN_ATOM,,0/RP0/CPU0,0,L2VPN_ATOMnode0_RP0_CPU0,0,0,obt-collector1,120

2020-02-06 19:06:42.015000+00:00,dr03,wadjet-t-sg0,bgp-default,,0/RP0/CPU0,18,bgp-defaultnode0_RP0_CPU0,0,0,obt-collector1,60

2020-02-06 19:06:42.015000+00:00,dr03,wadjet-t-sg0,bundlemgr_distrib,,0/RP0/CPU0,0,bundlemgr_distribnode0_RP0_CPU0,0,0,obt-collector1,60

2020-02-06 19:06:42.015000+00:00,dr03,wadjet-t-sg0,ipv4_static,,0/RP0/CPU0,0,ipv4_staticnode0_RP0_CPU0,0,0,obt-collector1,60

2020-02-06 19:06:42.016000+00:00,dr03,wadjet-t-sg0,object_tracking,,0/RP0/CPU0,0,object_trackingnode0_RP0_CPU0,0,0,obt-collector1,199

2020-02-06 19:06:42.016000+00:00,dr03,wadjet-t-sg0,pim,,0/RP0/CPU0,0,pimnode0_RP0_CPU0,0,0,obt-collector1,199

2020-02-06 19:06:42.016000+00:00,dr03,wadjet-t-sg0,pim6,,0/RP0/CPU0,0,pim6node0_RP0_CPU0,0,0,obt-collector1,199

2020-02-06 19:06:52.025000+00:00,dr03,wadjet-t-sg0,L2VPN_ATOM,,0/RP0/CPU0,0,L2VPN_ATOMnode0_RP0_CPU0,0,0,obt-collector1,120

2020-02-06 19:06:52.025000+00:00,dr03,wadjet-t-sg0,bgp-default,,0/RP0/CPU0,18,bgp-defaultnode0_RP0_CPU0,0,0,obt-collector1,60

2020-02-06 19:06:52.025000+00:00,dr03,wadjet-t-sg0,bundlemgr_distrib,,0/RP0/CPU0,0,bundlemgr_distribnode0_RP0_CPU0,0,0,obt-collector1,60

2020-02-06 19:06:52.025000+00:00,dr03,wadjet-t-sg0,ipv4_static,,0/RP0/CPU0,0,ipv4_staticnode0_RP0_CPU0,0,0,obt-collector1,60

2020-02-06 19:06:52.025000+00:00,dr03,wadjet-t-sg0,object_tracking,,0/RP0/CPU0,0,object_trackingnode0_RP0_CPU0,0,0,obt-collector1,199

2020-02-06 19:06:52.025000+00:00,dr03,wadjet-t-sg0,pim,,0/RP0/CPU0,0,pimnode0_RP0_CPU0,0,0,obt-collector1,199

2020-02-06 19:06:52.025000+00:00,dr03,wadjet-t-sg0,pim6,,0/RP0/CPU0,0,pim6node0_RP0_CPU0,0,0,obt-collector1,199

2020-02-06 19:07:02.034000+00:00,dr03,wadjet-t-sg0,L2VPN_ATOM,,0/RP0/CPU0,0,L2VPN_ATOMnode0_RP0_CPU0,0,0,obt-collector1,120

2020-02-06 19:07:02.034000+00:00,dr03,wadjet-t-sg0,bgp-default,,0/RP0/CPU0,18,bgp-defaultnode0_RP0_CPU0,0,0,obt-collector1,60

2020-02-06 19:07:02.034000+00:00,dr03,wadjet-t-sg0,bundlemgr_distrib,,0/RP0/CPU0,0,bundlemgr_distribnode0_RP0_CPU0,0,0,obt-collector1,60

2020-02-06 19:07:02.035000+00:00,dr03,wadjet-t-sg0,ipv4_static,,0/RP0/CPU0,0,ipv4_staticnode0_RP0_CPU0,0,0,obt-collector1,60

2020-02-06 19:07:02.035000+00:00,dr03,wadjet-t-sg0,object_tracking,,0/RP0/CPU0,0,object_trackingnode0_RP0_CPU0,0,0,obt-collector1,199

2020-02-06 19:07:02.035000+00:00,dr03,wadjet-t-sg0,pim,,0/RP0/CPU0,0,pimnode0_RP0_CPU0,0,0,obt-collector1,199

2020-02-06 19:07:02.035000+00:00,dr03,wadjet-t-sg0,pim6,,0/RP0/CPU0,0,pim6node0_RP0_CPU0,0,0,obt-collector1,199

2020-02-06 19:07:12.045000+00:00,dr03,wadjet-t-sg0,L2VPN_ATOM,,0/RP0/CPU0,0,L2VPN_ATOMnode0_RP0_CPU0,0,0,obt-collector1,120

2020-02-06 19:07:12.045000+00:00,dr03,wadjet-t-sg0,bgp-default,,0/RP0/CPU0,18,bgp-defaultnode0_RP0_CPU0,0,0,obt-collector1,60

2020-02-06 19:07:12.045000+00:00,dr03,wadjet-t-sg0,bundlemgr_distrib,,0/RP0/CPU0,0,bundlemgr_distribnode0_RP0_CPU0,0,0,obt-collector1,60

2020-02-06 19:07:12.045000+00:00,dr03,wadjet-t-sg0,ipv4_static,,0/RP0/CPU0,0,ipv4_staticnode0_RP0_CPU0,0,0,obt-collector1,60

2020-02-06 19:07:12.045000+00:00,dr03,wadjet-t-sg0,object_tracking,,0/RP0/CPU0,0,object_trackingnode0_RP0_CPU0,0,0,obt-collector1,199

2020-02-06 19:07:12.045000+00:00,dr03,wadjet-t-sg0,pim,,0/RP0/CPU0,0,pimnode0_RP0_CPU0,0,0,obt-collector1,199

2020-02-06 19:07:12.045000+00:00,dr03,wadjet-t-sg0,pim6,,0/RP0/CPU0,0,pim6node0_RP0_CPU0,0,0,obt-collector1,199

2020-02-06 19:07:22.059000+00:00,dr03,wadjet-t-sg0,L2VPN_ATOM,,0/RP0/CPU0,0,L2VPN_ATOMnode0_RP0_CPU0,0,0,obt-collector1,120

2020-02-06 19:07:22.059000+00:00,dr03,wadjet-t-sg0,bgp-default,,0/RP0/CPU0,18,bgp-defaultnode0_RP0_CPU0,0,0,obt-collector1,60

2020-02-06 19:07:22.059000+00:00,dr03,wadjet-t-sg0,bundlemgr_distrib,,0/RP0/CPU0,0,bundlemgr_distribnode0_RP0_CPU0,0,0,obt-collector1,60

2020-02-06 19:07:22.059000+00:00,dr03,wadjet-t-sg0,ipv4_static,,0/RP0/CPU0,0,ipv4_staticnode0_RP0_CPU0,0,0,obt-collector1,60

2020-02-06 19:07:22.059000+00:00,dr03,wadjet-t-sg0,object_tracking,,0/RP0/CPU0,0,object_trackingnode0_RP0_CPU0,0,0,obt-collector1,199

2020-02-06 19:07:22.060000+00:00,dr03,wadjet-t-sg0,pim,,0/RP0/CPU0,0,pimnode0_RP0_CPU0,0,0,obt-collector1,199

2020-02-06 19:07:22.060000+00:00,dr03,wadjet-t-sg0,pim6,,0/RP0/CPU0,0,pim6node0_RP0_CPU0,0,0,obt-collector1,199

2020-02-06 19:07:32.068000+00:00,dr03,wadjet-t-sg0,L2VPN_ATOM,,0/RP0/CPU0,0,L2VPN_ATOMnode0_RP0_CPU0,0,0,obt-collector1,120

2020-02-06 19:07:32.069000+00:00,dr03,wadjet-t-sg0,bgp-default,,0/RP0/CPU0,18,bgp-defaultnode0_RP0_CPU0,0,0,obt-collector1,60

2020-02-06 19:07:32.069000+00:00,dr03,wadjet-t-sg0,bundlemgr_distrib,,0/RP0/CPU0,0,bundlemgr_distribnode0_RP0_CPU0,0,0,obt-collector1,60

2020-02-06 19:07:32.069000+00:00,dr03,wadjet-t-sg0,ipv4_static,,0/RP0/CPU0,0,ipv4_staticnode0_RP0_CPU0,0,0,obt-collector1,60

2020-02-06 19:07:32.069000+00:00,dr03,wadjet-t-sg0,object_tracking,,0/RP0/CPU0,0,object_trackingnode0_RP0_CPU0,0,0,obt-collector1,199

2020-02-06 19:07:32.069000+00:00,dr03,wadjet-t-sg0,pim,,0/RP0/CPU0,0,pimnode0_RP0_CPU0,0,0,obt-collector1,199

2020-02-06 19:07:32.069000+00:00,dr03,wadjet-t-sg0,pim6,,0/RP0/CPU0,0,pim6node0_RP0_CPU0,0,0,obt-collector1,199

2020-02-06 19:07:42.077000+00:00,dr03,wadjet-t-sg0,L2VPN_ATOM,,0/RP0/CPU0,0,L2VPN_ATOMnode0_RP0_CPU0,0,0,obt-collector1,120

2020-02-06 19:07:42.077000+00:00,dr03,wadjet-t-sg0,bgp-default,,0/RP0/CPU0,18,bgp-defaultnode0_RP0_CPU0,0,0,obt-collector1,60

2020-02-06 19:07:42.077000+00:00,dr03,wadjet-t-sg0,bundlemgr_distrib,,0/RP0/CPU0,0,bundlemgr_distribnode0_RP0_CPU0,0,0,obt-collector1,60

2020-02-06 19:07:42.078000+00:00,dr03,wadjet-t-sg0,ipv4_static,,0/RP0/CPU0,0,ipv4_staticnode0_RP0_CPU0,0,0,obt-collector1,60

2020-02-06 19:07:42.078000+00:00,dr03,wadjet-t-sg0,object_tracking,,0/RP0/CPU0,0,object_trackingnode0_RP0_CPU0,0,0,obt-collector1,199

2020-02-06 19:07:42.078000+00:00,dr03,wadjet-t-sg0,pim,,0/RP0/CPU0,0,pimnode0_RP0_CPU0,0,0,obt-collector1,199

2020-02-06 19:07:42.078000+00:00,dr03,wadjet-t-sg0,pim6,,0/RP0/CPU0,0,pim6node0_RP0_CPU0,0,0,obt-collector1,199

2020-02-06 19:07:52.087000+00:00,dr03,wadjet-t-sg0,L2VPN_ATOM,,0/RP0/CPU0,0,L2VPN_ATOMnode0_RP0_CPU0,0,0,obt-collector1,120

2020-02-06 19:07:52.087000+00:00,dr03,wadjet-t-sg0,bgp-default,,0/RP0/CPU0,18,bgp-defaultnode0_RP0_CPU0,0,0,obt-collector1,60

2020-02-06 19:07:52.088000+00:00,dr03,wadjet-t-sg0,bundlemgr_distrib,,0/RP0/CPU0,0,bundlemgr_distribnode0_RP0_CPU0,0,0,obt-collector1,60

2020-02-06 19:07:52.088000+00:00,dr03,wadjet-t-sg0,ipv4_static,,0/RP0/CPU0,0,ipv4_staticnode0_RP0_CPU0,0,0,obt-collector1,60

2020-02-06 19:07:52.088000+00:00,dr03,wadjet-t-sg0,object_tracking,,0/RP0/CPU0,0,object_trackingnode0_RP0_CPU0,0,0,obt-collector1,199

2020-02-06 19:07:52.088000+00:00,dr03,wadjet-t-sg0,pim,,0/RP0/CPU0,0,pimnode0_RP0_CPU0,0,0,obt-collector1,199

2020-02-06 19:07:52.088000+00:00,dr03,wadjet-t-sg0,pim6,,0/RP0/CPU0,0,pim6node0_RP0_CPU0,0,0,obt-collector1,199

2020-02-06 19:08:02.096000+00:00,dr03,wadjet-t-sg0,L2VPN_ATOM,,0/RP0/CPU0,0,L2VPN_ATOMnode0_RP0_CPU0,0,0,obt-collector1,120

2020-02-06 19:08:02.097000+00:00,dr03,wadjet-t-sg0,bgp-default,,0/RP0/CPU0,18,bgp-defaultnode0_RP0_CPU0,0,0,obt-collector1,60

2020-02-06 19:08:02.097000+00:00,dr03,wadjet-t-sg0,bundlemgr_distrib,,0/RP0/CPU0,0,bundlemgr_distribnode0_RP0_CPU0,0,0,obt-collector1,60

2020-02-06 19:08:02.097000+00:00,dr03,wadjet-t-sg0,ipv4_static,,0/RP0/CPU0,0,ipv4_staticnode0_RP0_CPU0,0,0,obt-collector1,60

2020-02-06 19:08:02.097000+00:00,dr03,wadjet-t-sg0,object_tracking,,0/RP0/CPU0,0,object_trackingnode0_RP0_CPU0,0,0,obt-collector1,199

2020-02-06 19:08:02.097000+00:00,dr03,wadjet-t-sg0,pim,,0/RP0/CPU0,0,pimnode0_RP0_CPU0,0,0,obt-collector1,199

2020-02-06 19:08:02.097000+00:00,dr03,wadjet-t-sg0,pim6,,0/RP0/CPU0,0,pim6node0_RP0_CPU0,0,0,obt-collector1,199

