,EncodingPath,Producer,Target,global__established-neighbors-count-total,global__neighbors-count-total,global__nexthop-count,global__restart-count,host,instance-name,performance-statistics__global__configuration-items-processed,performance-statistics__global__ipv4rib-server__is-rib-connection-up,performance-statistics__global__ipv4rib-server__rib-connection-up-count,performance-statistics__vrf__inbound-update-messages,vrf-name,vrf__neighbors-count,vrf__network-count,vrf__path-count,vrf__update-messages-received

2020-02-06 18:55:14.996000+00:00,Cisco-IOS-XR-ipv4-bgp-oper:bgp/instances/instance/instance-active/default-vrf/process-info,dr03,,20,26,103,2,,default,0,true,1,792910,default,26,433,3855,792910

2020-02-06 18:55:44.993000+00:00,Cisco-IOS-XR-ipv4-bgp-oper:bgp/instances/instance/instance-active/default-vrf/process-info,dr03,,20,26,103,2,,default,0,true,1,792910,default,26,433,3855,792910

2020-02-06 18:56:14.993000+00:00,Cisco-IOS-XR-ipv4-bgp-oper:bgp/instances/instance/instance-active/default-vrf/process-info,dr03,,20,26,103,2,,default,0,true,1,792910,default,26,433,3855,792910

2020-02-06 18:56:44.992000+00:00,Cisco-IOS-XR-ipv4-bgp-oper:bgp/instances/instance/instance-active/default-vrf/process-info,dr03,,20,26,103,2,,default,0,true,1,792910,default,26,433,3855,792910

2020-02-06 18:57:14.992000+00:00,Cisco-IOS-XR-ipv4-bgp-oper:bgp/instances/instance/instance-active/default-vrf/process-info,dr03,,20,26,103,2,,default,0,true,1,792910,default,26,433,3855,792910

2020-02-06 18:57:44.993000+00:00,Cisco-IOS-XR-ipv4-bgp-oper:bgp/instances/instance/instance-active/default-vrf/process-info,dr03,,20,26,103,2,,default,0,true,1,792910,default,26,433,3855,792910

2020-02-06 18:58:14.994000+00:00,Cisco-IOS-XR-ipv4-bgp-oper:bgp/instances/instance/instance-active/default-vrf/process-info,dr03,,20,26,103,2,,default,0,true,1,792910,default,26,433,3855,792910

2020-02-06 18:58:44.994000+00:00,Cisco-IOS-XR-ipv4-bgp-oper:bgp/instances/instance/instance-active/default-vrf/process-info,dr03,,20,26,103,2,,default,0,true,1,792910,default,26,433,3855,792910

2020-02-06 18:59:14.994000+00:00,Cisco-IOS-XR-ipv4-bgp-oper:bgp/instances/instance/instance-active/default-vrf/process-info,dr03,,20,26,103,2,,default,0,true,1,792910,default,26,433,3855,792910

2020-02-06 18:59:44.995000+00:00,Cisco-IOS-XR-ipv4-bgp-oper:bgp/instances/instance/instance-active/default-vrf/process-info,dr03,,20,26,103,2,,default,0,true,1,792910,default,26,433,3855,792910

2020-02-06 19:00:15.109000+00:00,Cisco-IOS-XR-ipv4-bgp-oper:bgp/instances/instance/instance-active/default-vrf/process-info,dr03,,20,26,103,2,,default,0,true,1,792910,default,26,433,3855,792910

2020-02-06 19:00:44.995000+00:00,Cisco-IOS-XR-ipv4-bgp-oper:bgp/instances/instance/instance-active/default-vrf/process-info,dr03,,20,26,103,2,,default,0,true,1,792910,default,26,433,3855,792910

2020-02-06 19:01:14.996000+00:00,Cisco-IOS-XR-ipv4-bgp-oper:bgp/instances/instance/instance-active/default-vrf/process-info,dr03,,20,26,103,2,,default,0,true,1,792910,default,26,433,3855,792910

2020-02-06 19:01:44.995000+00:00,Cisco-IOS-XR-ipv4-bgp-oper:bgp/instances/instance/instance-active/default-vrf/process-info,dr03,,20,26,103,2,,default,0,true,1,792910,default,26,433,3855,792910

2020-02-06 19:02:14.997000+00:00,Cisco-IOS-XR-ipv4-bgp-oper:bgp/instances/instance/instance-active/default-vrf/process-info,dr03,,20,26,103,2,,default,0,true,1,792910,default,26,433,3855,792910

2020-02-06 19:02:44.996000+00:00,Cisco-IOS-XR-ipv4-bgp-oper:bgp/instances/instance/instance-active/default-vrf/process-info,dr03,,20,26,103,2,,default,0,true,1,792910,default,26,433,3855,792910

2020-02-06 19:03:14.997000+00:00,Cisco-IOS-XR-ipv4-bgp-oper:bgp/instances/instance/instance-active/default-vrf/process-info,dr03,,20,26,103,2,,default,0,true,1,792910,default,26,433,3855,792910

2020-02-06 19:03:44.998000+00:00,Cisco-IOS-XR-ipv4-bgp-oper:bgp/instances/instance/instance-active/default-vrf/process-info,dr03,,20,26,103,2,,default,0,true,1,792910,default,26,433,3855,792910

2020-02-06 19:04:14.996000+00:00,Cisco-IOS-XR-ipv4-bgp-oper:bgp/instances/instance/instance-active/default-vrf/process-info,dr03,,20,26,103,2,,default,0,true,1,792928,default,26,433,3855,792928

2020-02-06 19:04:44.997000+00:00,Cisco-IOS-XR-ipv4-bgp-oper:bgp/instances/instance/instance-active/default-vrf/process-info,dr03,,20,26,103,2,,default,0,true,1,792946,default,26,433,3855,792946

2020-02-06 19:05:14.998000+00:00,Cisco-IOS-XR-ipv4-bgp-oper:bgp/instances/instance/instance-active/default-vrf/process-info,dr03,,20,26,103,2,,default,0,true,1,792964,default,26,433,3852,792964

2020-02-06 19:05:44.999000+00:00,Cisco-IOS-XR-ipv4-bgp-oper:bgp/instances/instance/instance-active/default-vrf/process-info,dr03,,20,26,103,2,,default,0,true,1,792979,default,26,433,3848,792979

2020-02-06 19:06:14.999000+00:00,Cisco-IOS-XR-ipv4-bgp-oper:bgp/instances/instance/instance-active/default-vrf/process-info,dr03,,20,26,103,2,,default,0,true,1,792994,default,26,433,3852,792994

2020-02-06 19:06:45.002000+00:00,Cisco-IOS-XR-ipv4-bgp-oper:bgp/instances/instance/instance-active/default-vrf/process-info,dr03,,20,26,103,2,,default,0,true,1,793012,default,26,433,3851,793012

2020-02-06 19:07:15+00:00,Cisco-IOS-XR-ipv4-bgp-oper:bgp/instances/instance/instance-active/default-vrf/process-info,dr03,,20,26,103,2,,default,0,true,1,793026,default,26,433,3846,793026

2020-02-06 19:07:45+00:00,Cisco-IOS-XR-ipv4-bgp-oper:bgp/instances/instance/instance-active/default-vrf/process-info,dr03,,20,26,103,2,,default,0,true,1,793035,default,26,433,3846,793035

