,Producer,Target,address-family,audit-end-time,audit-seq-number,audit-start-time,host,id,init-sync-end-time,init-sync-ready-end-time,init-sync-ready-start-time,init-sync-start-time,init-sync-timer,is-audit-in-progress,is-init-sync-error-local,is-init-sync-in-progress,is-init-sync-second-phase,is-sscb-init-sync-ready,local-instance,local-node,mode,nsr-reset-time,number-of-init-synced-sessions,number-of-sessions,number-of-sessions-init-sync-failed,number-of-synced-sessions-down-stream,number-of-synced-sessions-up-stream,pid,protect-instance,sequence-number-of-init-sync,set-id,sscb,sso-role,total-number-of-init-sync-sessions,well-known-port

2020-02-06 19:40:36.464000+00:00,leaf7,sg0,internetwork,0,0,0,obt-collector1,7f5b54029018,0,0,1578689678,0,0,false,false,false,false,true,1,0/RP0/CPU0,1,0,0,0,0,0,0,6791,1,0,646,140030228205592,1,0,646

2020-02-06 19:40:36.464000+00:00,leaf7,sg0,ip-version6,0,0,0,obt-collector1,7f5b54029288,0,0,1578689678,0,0,false,false,false,false,true,1,0/RP0/CPU0,1,0,0,0,0,0,0,6791,1,0,647,140030228206216,1,0,646

2020-02-06 19:41:10.918000+00:00,leaf7,sg0,internetwork,0,0,0,obt-collector1,7f5b54029018,0,0,1578689678,0,0,false,false,false,false,true,1,0/RP0/CPU0,1,0,0,0,0,0,0,6791,1,0,646,140030228205592,1,0,646

2020-02-06 19:41:10.918000+00:00,leaf7,sg0,ip-version6,0,0,0,obt-collector1,7f5b54029288,0,0,1578689678,0,0,false,false,false,false,true,1,0/RP0/CPU0,1,0,0,0,0,0,0,6791,1,0,647,140030228206216,1,0,646

2020-02-06 19:42:13.277000+00:00,leaf7,sg0,internetwork,0,0,0,obt-collector1,7f5b54029018,0,0,1578689678,0,0,false,false,false,false,true,1,0/RP0/CPU0,1,0,0,0,0,0,0,6791,1,0,646,140030228205592,1,0,646

2020-02-06 19:42:13.277000+00:00,leaf7,sg0,ip-version6,0,0,0,obt-collector1,7f5b54029288,0,0,1578689678,0,0,false,false,false,false,true,1,0/RP0/CPU0,1,0,0,0,0,0,0,6791,1,0,647,140030228206216,1,0,646

2020-02-06 19:42:16.696000+00:00,leaf7,sg0,internetwork,0,0,0,obt-collector1,7f5b54029018,0,0,1578689678,0,0,false,false,false,false,true,1,0/RP0/CPU0,1,0,0,0,0,0,0,6791,1,0,646,140030228205592,1,0,646

2020-02-06 19:42:16.696000+00:00,leaf7,sg0,ip-version6,0,0,0,obt-collector1,7f5b54029288,0,0,1578689678,0,0,false,false,false,false,true,1,0/RP0/CPU0,1,0,0,0,0,0,0,6791,1,0,647,140030228206216,1,0,646

2020-02-06 19:42:20.113000+00:00,leaf7,sg0,internetwork,0,0,0,obt-collector1,7f5b54029018,0,0,1578689678,0,0,false,false,false,false,true,1,0/RP0/CPU0,1,0,0,0,0,0,0,6791,1,0,646,140030228205592,1,0,646

2020-02-06 19:42:20.113000+00:00,leaf7,sg0,ip-version6,0,0,0,obt-collector1,7f5b54029288,0,0,1578689678,0,0,false,false,false,false,true,1,0/RP0/CPU0,1,0,0,0,0,0,0,6791,1,0,647,140030228206216,1,0,646

2020-02-06 19:42:34.071000+00:00,leaf7,sg0,internetwork,0,0,0,obt-collector1,7f5b54029018,0,0,1578689678,0,0,false,false,false,false,true,1,0/RP0/CPU0,1,0,0,0,0,0,0,6791,1,0,646,140030228205592,1,0,646

2020-02-06 19:42:34.071000+00:00,leaf7,sg0,ip-version6,0,0,0,obt-collector1,7f5b54029288,0,0,1578689678,0,0,false,false,false,false,true,1,0/RP0/CPU0,1,0,0,0,0,0,0,6791,1,0,647,140030228206216,1,0,646

2020-02-06 19:42:54.651000+00:00,leaf7,sg0,internetwork,0,0,0,obt-collector1,7f5b54029018,0,0,1578689678,0,0,false,false,false,false,true,1,0/RP0/CPU0,1,0,0,0,0,0,0,6791,1,0,646,140030228205592,1,0,646

2020-02-06 19:42:54.651000+00:00,leaf7,sg0,ip-version6,0,0,0,obt-collector1,7f5b54029288,0,0,1578689678,0,0,false,false,false,false,true,1,0/RP0/CPU0,1,0,0,0,0,0,0,6791,1,0,647,140030228206216,1,0,646

2020-02-06 19:43:01.630000+00:00,leaf7,sg0,internetwork,0,0,0,obt-collector1,7f5b54029018,0,0,1578689678,0,0,false,false,false,false,true,1,0/RP0/CPU0,1,0,0,0,0,0,0,6791,1,0,646,140030228205592,1,0,646

2020-02-06 19:43:01.630000+00:00,leaf7,sg0,ip-version6,0,0,0,obt-collector1,7f5b54029288,0,0,1578689678,0,0,false,false,false,false,true,1,0/RP0/CPU0,1,0,0,0,0,0,0,6791,1,0,647,140030228206216,1,0,646

2020-02-06 19:43:11.877000+00:00,leaf7,sg0,internetwork,0,0,0,obt-collector1,7f5b54029018,0,0,1578689678,0,0,false,false,false,false,true,1,0/RP0/CPU0,1,0,0,0,0,0,0,6791,1,0,646,140030228205592,1,0,646

2020-02-06 19:43:11.877000+00:00,leaf7,sg0,ip-version6,0,0,0,obt-collector1,7f5b54029288,0,0,1578689678,0,0,false,false,false,false,true,1,0/RP0/CPU0,1,0,0,0,0,0,0,6791,1,0,647,140030228206216,1,0,646

2020-02-06 19:43:22.274000+00:00,leaf7,sg0,internetwork,0,0,0,obt-collector1,7f5b54029018,0,0,1578689678,0,0,false,false,false,false,true,1,0/RP0/CPU0,1,0,0,0,0,0,0,6791,1,0,646,140030228205592,1,0,646

2020-02-06 19:43:22.274000+00:00,leaf7,sg0,ip-version6,0,0,0,obt-collector1,7f5b54029288,0,0,1578689678,0,0,false,false,false,false,true,1,0/RP0/CPU0,1,0,0,0,0,0,0,6791,1,0,647,140030228206216,1,0,646

2020-02-06 19:43:29.376000+00:00,leaf7,sg0,internetwork,0,0,0,obt-collector1,7f5b54029018,0,0,1578689678,0,0,false,false,false,false,true,1,0/RP0/CPU0,1,0,0,0,0,0,0,6791,1,0,646,140030228205592,1,0,646

2020-02-06 19:43:29.376000+00:00,leaf7,sg0,ip-version6,0,0,0,obt-collector1,7f5b54029288,0,0,1578689678,0,0,false,false,false,false,true,1,0/RP0/CPU0,1,0,0,0,0,0,0,6791,1,0,647,140030228206216,1,0,646

2020-02-06 19:43:56.909000+00:00,leaf7,sg0,internetwork,0,0,0,obt-collector1,7f5b54029018,0,0,1578689678,0,0,false,false,false,false,true,1,0/RP0/CPU0,1,0,0,0,0,0,0,6791,1,0,646,140030228205592,1,0,646

2020-02-06 19:43:56.909000+00:00,leaf7,sg0,ip-version6,0,0,0,obt-collector1,7f5b54029288,0,0,1578689678,0,0,false,false,false,false,true,1,0/RP0/CPU0,1,0,0,0,0,0,0,6791,1,0,647,140030228206216,1,0,646

2020-02-06 19:44:00.449000+00:00,leaf7,sg0,internetwork,0,0,0,obt-collector1,7f5b54029018,0,0,1578689678,0,0,false,false,false,false,true,1,0/RP0/CPU0,1,0,0,0,0,0,0,6791,1,0,646,140030228205592,1,0,646

2020-02-06 19:44:00.449000+00:00,leaf7,sg0,ip-version6,0,0,0,obt-collector1,7f5b54029288,0,0,1578689678,0,0,false,false,false,false,true,1,0/RP0/CPU0,1,0,0,0,0,0,0,6791,1,0,647,140030228206216,1,0,646

2020-02-06 19:44:03.876000+00:00,leaf7,sg0,internetwork,0,0,0,obt-collector1,7f5b54029018,0,0,1578689678,0,0,false,false,false,false,true,1,0/RP0/CPU0,1,0,0,0,0,0,0,6791,1,0,646,140030228205592,1,0,646

2020-02-06 19:44:03.876000+00:00,leaf7,sg0,ip-version6,0,0,0,obt-collector1,7f5b54029288,0,0,1578689678,0,0,false,false,false,false,true,1,0/RP0/CPU0,1,0,0,0,0,0,0,6791,1,0,647,140030228206216,1,0,646

2020-02-06 19:44:52.536000+00:00,leaf7,sg0,internetwork,0,0,0,obt-collector1,7f5b54029018,0,0,1578689678,0,0,false,false,false,false,true,1,0/RP0/CPU0,1,0,0,0,0,0,0,6791,1,0,646,140030228205592,1,0,646

2020-02-06 19:44:52.536000+00:00,leaf7,sg0,ip-version6,0,0,0,obt-collector1,7f5b54029288,0,0,1578689678,0,0,false,false,false,false,true,1,0/RP0/CPU0,1,0,0,0,0,0,0,6791,1,0,647,140030228206216,1,0,646

2020-02-06 19:45:02.907000+00:00,leaf7,sg0,internetwork,0,0,0,obt-collector1,7f5b54029018,0,0,1578689678,0,0,false,false,false,false,true,1,0/RP0/CPU0,1,0,0,0,0,0,0,6791,1,0,646,140030228205592,1,0,646

2020-02-06 19:45:02.907000+00:00,leaf7,sg0,ip-version6,0,0,0,obt-collector1,7f5b54029288,0,0,1578689678,0,0,false,false,false,false,true,1,0/RP0/CPU0,1,0,0,0,0,0,0,6791,1,0,647,140030228206216,1,0,646

2020-02-06 19:45:06.423000+00:00,leaf7,sg0,internetwork,0,0,0,obt-collector1,7f5b54029018,0,0,1578689678,0,0,false,false,false,false,true,1,0/RP0/CPU0,1,0,0,0,0,0,0,6791,1,0,646,140030228205592,1,0,646

2020-02-06 19:45:06.424000+00:00,leaf7,sg0,ip-version6,0,0,0,obt-collector1,7f5b54029288,0,0,1578689678,0,0,false,false,false,false,true,1,0/RP0/CPU0,1,0,0,0,0,0,0,6791,1,0,647,140030228206216,1,0,646

2020-02-06 19:45:13.348000+00:00,leaf7,sg0,internetwork,0,0,0,obt-collector1,7f5b54029018,0,0,1578689678,0,0,false,false,false,false,true,1,0/RP0/CPU0,1,0,0,0,0,0,0,6791,1,0,646,140030228205592,1,0,646

2020-02-06 19:45:13.348000+00:00,leaf7,sg0,ip-version6,0,0,0,obt-collector1,7f5b54029288,0,0,1578689678,0,0,false,false,false,false,true,1,0/RP0/CPU0,1,0,0,0,0,0,0,6791,1,0,647,140030228206216,1,0,646

2020-02-06 19:45:34.097000+00:00,leaf7,sg0,internetwork,0,0,0,obt-collector1,7f5b54029018,0,0,1578689678,0,0,false,false,false,false,true,1,0/RP0/CPU0,1,0,0,0,0,0,0,6791,1,0,646,140030228205592,1,0,646

2020-02-06 19:45:34.097000+00:00,leaf7,sg0,ip-version6,0,0,0,obt-collector1,7f5b54029288,0,0,1578689678,0,0,false,false,false,false,true,1,0/RP0/CPU0,1,0,0,0,0,0,0,6791,1,0,647,140030228206216,1,0,646

2020-02-06 19:45:37.538000+00:00,leaf7,sg0,internetwork,0,0,0,obt-collector1,7f5b54029018,0,0,1578689678,0,0,false,false,false,false,true,1,0/RP0/CPU0,1,0,0,0,0,0,0,6791,1,0,646,140030228205592,1,0,646

2020-02-06 19:45:37.538000+00:00,leaf7,sg0,ip-version6,0,0,0,obt-collector1,7f5b54029288,0,0,1578689678,0,0,false,false,false,false,true,1,0/RP0/CPU0,1,0,0,0,0,0,0,6791,1,0,647,140030228206216,1,0,646

2020-02-06 19:45:54.804000+00:00,leaf7,sg0,internetwork,0,0,0,obt-collector1,7f5b54029018,0,0,1578689678,0,0,false,false,false,false,true,1,0/RP0/CPU0,1,0,0,0,0,0,0,6791,1,0,646,140030228205592,1,0,646

2020-02-06 19:45:54.804000+00:00,leaf7,sg0,ip-version6,0,0,0,obt-collector1,7f5b54029288,0,0,1578689678,0,0,false,false,false,false,true,1,0/RP0/CPU0,1,0,0,0,0,0,0,6791,1,0,647,140030228206216,1,0,646

2020-02-06 19:45:58.228000+00:00,leaf7,sg0,internetwork,0,0,0,obt-collector1,7f5b54029018,0,0,1578689678,0,0,false,false,false,false,true,1,0/RP0/CPU0,1,0,0,0,0,0,0,6791,1,0,646,140030228205592,1,0,646

2020-02-06 19:45:58.228000+00:00,leaf7,sg0,ip-version6,0,0,0,obt-collector1,7f5b54029288,0,0,1578689678,0,0,false,false,false,false,true,1,0/RP0/CPU0,1,0,0,0,0,0,0,6791,1,0,647,140030228206216,1,0,646

2020-02-06 19:46:12.023000+00:00,leaf7,sg0,internetwork,0,0,0,obt-collector1,7f5b54029018,0,0,1578689678,0,0,false,false,false,false,true,1,0/RP0/CPU0,1,0,0,0,0,0,0,6791,1,0,646,140030228205592,1,0,646

2020-02-06 19:46:12.023000+00:00,leaf7,sg0,ip-version6,0,0,0,obt-collector1,7f5b54029288,0,0,1578689678,0,0,false,false,false,false,true,1,0/RP0/CPU0,1,0,0,0,0,0,0,6791,1,0,647,140030228206216,1,0,646

2020-02-06 19:46:50.399000+00:00,leaf7,sg0,internetwork,0,0,0,obt-collector1,7f5b54029018,0,0,1578689678,0,0,false,false,false,false,true,1,0/RP0/CPU0,1,0,0,0,0,0,0,6791,1,0,646,140030228205592,1,0,646

2020-02-06 19:46:50.399000+00:00,leaf7,sg0,ip-version6,0,0,0,obt-collector1,7f5b54029288,0,0,1578689678,0,0,false,false,false,false,true,1,0/RP0/CPU0,1,0,0,0,0,0,0,6791,1,0,647,140030228206216,1,0,646

2020-02-06 19:46:57.233000+00:00,leaf7,sg0,internetwork,0,0,0,obt-collector1,7f5b54029018,0,0,1578689678,0,0,false,false,false,false,true,1,0/RP0/CPU0,1,0,0,0,0,0,0,6791,1,0,646,140030228205592,1,0,646

2020-02-06 19:46:57.233000+00:00,leaf7,sg0,ip-version6,0,0,0,obt-collector1,7f5b54029288,0,0,1578689678,0,0,false,false,false,false,true,1,0/RP0/CPU0,1,0,0,0,0,0,0,6791,1,0,647,140030228206216,1,0,646

2020-02-06 19:47:07.611000+00:00,leaf7,sg0,internetwork,0,0,0,obt-collector1,7f5b54029018,0,0,1578689678,0,0,false,false,false,false,true,1,0/RP0/CPU0,1,0,0,0,0,0,0,6791,1,0,646,140030228205592,1,0,646

2020-02-06 19:47:07.611000+00:00,leaf7,sg0,ip-version6,0,0,0,obt-collector1,7f5b54029288,0,0,1578689678,0,0,false,false,false,false,true,1,0/RP0/CPU0,1,0,0,0,0,0,0,6791,1,0,647,140030228206216,1,0,646

2020-02-06 19:47:17.992000+00:00,leaf7,sg0,internetwork,0,0,0,obt-collector1,7f5b54029018,0,0,1578689678,0,0,false,false,false,false,true,1,0/RP0/CPU0,1,0,0,0,0,0,0,6791,1,0,646,140030228205592,1,0,646

2020-02-06 19:47:17.992000+00:00,leaf7,sg0,ip-version6,0,0,0,obt-collector1,7f5b54029288,0,0,1578689678,0,0,false,false,false,false,true,1,0/RP0/CPU0,1,0,0,0,0,0,0,6791,1,0,647,140030228206216,1,0,646

2020-02-06 19:47:28.283000+00:00,leaf7,sg0,internetwork,0,0,0,obt-collector1,7f5b54029018,0,0,1578689678,0,0,false,false,false,false,true,1,0/RP0/CPU0,1,0,0,0,0,0,0,6791,1,0,646,140030228205592,1,0,646

2020-02-06 19:47:28.283000+00:00,leaf7,sg0,ip-version6,0,0,0,obt-collector1,7f5b54029288,0,0,1578689678,0,0,false,false,false,false,true,1,0/RP0/CPU0,1,0,0,0,0,0,0,6791,1,0,647,140030228206216,1,0,646

2020-02-06 19:47:31.796000+00:00,leaf7,sg0,internetwork,0,0,0,obt-collector1,7f5b54029018,0,0,1578689678,0,0,false,false,false,false,true,1,0/RP0/CPU0,1,0,0,0,0,0,0,6791,1,0,646,140030228205592,1,0,646

2020-02-06 19:47:31.796000+00:00,leaf7,sg0,ip-version6,0,0,0,obt-collector1,7f5b54029288,0,0,1578689678,0,0,false,false,false,false,true,1,0/RP0/CPU0,1,0,0,0,0,0,0,6791,1,0,647,140030228206216,1,0,646

2020-02-06 19:47:38.788000+00:00,leaf7,sg0,internetwork,0,0,0,obt-collector1,7f5b54029018,0,0,1578689678,0,0,false,false,false,false,true,1,0/RP0/CPU0,1,0,0,0,0,0,0,6791,1,0,646,140030228205592,1,0,646

2020-02-06 19:47:38.788000+00:00,leaf7,sg0,ip-version6,0,0,0,obt-collector1,7f5b54029288,0,0,1578689678,0,0,false,false,false,false,true,1,0/RP0/CPU0,1,0,0,0,0,0,0,6791,1,0,647,140030228206216,1,0,646

2020-02-06 19:49:12.932000+00:00,leaf7,sg0,internetwork,0,0,0,obt-collector1,7f5b54029018,0,0,1578689678,0,0,false,false,false,false,true,1,0/RP0/CPU0,1,0,0,0,0,0,0,6791,1,0,646,140030228205592,1,0,646

2020-02-06 19:49:12.932000+00:00,leaf7,sg0,ip-version6,0,0,0,obt-collector1,7f5b54029288,0,0,1578689678,0,0,false,false,false,false,true,1,0/RP0/CPU0,1,0,0,0,0,0,0,6791,1,0,647,140030228206216,1,0,646

2020-02-06 19:49:23.317000+00:00,leaf7,sg0,internetwork,0,0,0,obt-collector1,7f5b54029018,0,0,1578689678,0,0,false,false,false,false,true,1,0/RP0/CPU0,1,0,0,0,0,0,0,6791,1,0,646,140030228205592,1,0,646

2020-02-06 19:49:23.317000+00:00,leaf7,sg0,ip-version6,0,0,0,obt-collector1,7f5b54029288,0,0,1578689678,0,0,false,false,false,false,true,1,0/RP0/CPU0,1,0,0,0,0,0,0,6791,1,0,647,140030228206216,1,0,646

2020-02-06 19:49:40.939000+00:00,leaf7,sg0,internetwork,0,0,0,obt-collector1,7f5b54029018,0,0,1578689678,0,0,false,false,false,false,true,1,0/RP0/CPU0,1,0,0,0,0,0,0,6791,1,0,646,140030228205592,1,0,646

2020-02-06 19:49:40.939000+00:00,leaf7,sg0,ip-version6,0,0,0,obt-collector1,7f5b54029288,0,0,1578689678,0,0,false,false,false,false,true,1,0/RP0/CPU0,1,0,0,0,0,0,0,6791,1,0,647,140030228206216,1,0,646

2020-02-06 19:49:54.719000+00:00,leaf7,sg0,internetwork,0,0,0,obt-collector1,7f5b54029018,0,0,1578689678,0,0,false,false,false,false,true,1,0/RP0/CPU0,1,0,0,0,0,0,0,6791,1,0,646,140030228205592,1,0,646

2020-02-06 19:49:54.719000+00:00,leaf7,sg0,ip-version6,0,0,0,obt-collector1,7f5b54029288,0,0,1578689678,0,0,false,false,false,false,true,1,0/RP0/CPU0,1,0,0,0,0,0,0,6791,1,0,647,140030228206216,1,0,646

2020-02-06 19:49:58.129000+00:00,leaf7,sg0,internetwork,0,0,0,obt-collector1,7f5b54029018,0,0,1578689678,0,0,false,false,false,false,true,1,0/RP0/CPU0,1,0,0,0,0,0,0,6791,1,0,646,140030228205592,1,0,646

2020-02-06 19:49:58.129000+00:00,leaf7,sg0,ip-version6,0,0,0,obt-collector1,7f5b54029288,0,0,1578689678,0,0,false,false,false,false,true,1,0/RP0/CPU0,1,0,0,0,0,0,0,6791,1,0,647,140030228206216,1,0,646

2020-02-06 19:50:18.907000+00:00,leaf7,sg0,internetwork,0,0,0,obt-collector1,7f5b54029018,0,0,1578689678,0,0,false,false,false,false,true,1,0/RP0/CPU0,1,0,0,0,0,0,0,6791,1,0,646,140030228205592,1,0,646

2020-02-06 19:50:18.907000+00:00,leaf7,sg0,ip-version6,0,0,0,obt-collector1,7f5b54029288,0,0,1578689678,0,0,false,false,false,false,true,1,0/RP0/CPU0,1,0,0,0,0,0,0,6791,1,0,647,140030228206216,1,0,646

2020-02-06 19:50:22.309000+00:00,leaf7,sg0,internetwork,0,0,0,obt-collector1,7f5b54029018,0,0,1578689678,0,0,false,false,false,false,true,1,0/RP0/CPU0,1,0,0,0,0,0,0,6791,1,0,646,140030228205592,1,0,646

2020-02-06 19:50:22.309000+00:00,leaf7,sg0,ip-version6,0,0,0,obt-collector1,7f5b54029288,0,0,1578689678,0,0,false,false,false,false,true,1,0/RP0/CPU0,1,0,0,0,0,0,0,6791,1,0,647,140030228206216,1,0,646

2020-02-06 19:50:29.123000+00:00,leaf7,sg0,internetwork,0,0,0,obt-collector1,7f5b54029018,0,0,1578689678,0,0,false,false,false,false,true,1,0/RP0/CPU0,1,0,0,0,0,0,0,6791,1,0,646,140030228205592,1,0,646

2020-02-06 19:50:29.123000+00:00,leaf7,sg0,ip-version6,0,0,0,obt-collector1,7f5b54029288,0,0,1578689678,0,0,false,false,false,false,true,1,0/RP0/CPU0,1,0,0,0,0,0,0,6791,1,0,647,140030228206216,1,0,646

2020-02-06 19:50:32.534000+00:00,leaf7,sg0,internetwork,0,0,0,obt-collector1,7f5b54029018,0,0,1578689678,0,0,false,false,false,false,true,1,0/RP0/CPU0,1,0,0,0,0,0,0,6791,1,0,646,140030228205592,1,0,646

2020-02-06 19:50:32.534000+00:00,leaf7,sg0,ip-version6,0,0,0,obt-collector1,7f5b54029288,0,0,1578689678,0,0,false,false,false,false,true,1,0/RP0/CPU0,1,0,0,0,0,0,0,6791,1,0,647,140030228206216,1,0,646

2020-02-06 19:50:42.752000+00:00,leaf7,sg0,internetwork,0,0,0,obt-collector1,7f5b54029018,0,0,1578689678,0,0,false,false,false,false,true,1,0/RP0/CPU0,1,0,0,0,0,0,0,6791,1,0,646,140030228205592,1,0,646

2020-02-06 19:50:42.752000+00:00,leaf7,sg0,ip-version6,0,0,0,obt-collector1,7f5b54029288,0,0,1578689678,0,0,false,false,false,false,true,1,0/RP0/CPU0,1,0,0,0,0,0,0,6791,1,0,647,140030228206216,1,0,646

2020-02-06 19:51:31.362000+00:00,leaf7,sg0,internetwork,0,0,0,obt-collector1,7f5b54029018,0,0,1578689678,0,0,false,false,false,false,true,1,0/RP0/CPU0,1,0,0,0,0,0,0,6791,1,0,646,140030228205592,1,0,646

2020-02-06 19:51:31.362000+00:00,leaf7,sg0,ip-version6,0,0,0,obt-collector1,7f5b54029288,0,0,1578689678,0,0,false,false,false,false,true,1,0/RP0/CPU0,1,0,0,0,0,0,0,6791,1,0,647,140030228206216,1,0,646

2020-02-06 19:51:38.289000+00:00,leaf7,sg0,internetwork,0,0,0,obt-collector1,7f5b54029018,0,0,1578689678,0,0,false,false,false,false,true,1,0/RP0/CPU0,1,0,0,0,0,0,0,6791,1,0,646,140030228205592,1,0,646

2020-02-06 19:51:38.289000+00:00,leaf7,sg0,ip-version6,0,0,0,obt-collector1,7f5b54029288,0,0,1578689678,0,0,false,false,false,false,true,1,0/RP0/CPU0,1,0,0,0,0,0,0,6791,1,0,647,140030228206216,1,0,646

2020-02-06 19:51:55.549000+00:00,leaf7,sg0,internetwork,0,0,0,obt-collector1,7f5b54029018,0,0,1578689678,0,0,false,false,false,false,true,1,0/RP0/CPU0,1,0,0,0,0,0,0,6791,1,0,646,140030228205592,1,0,646

2020-02-06 19:51:55.549000+00:00,leaf7,sg0,ip-version6,0,0,0,obt-collector1,7f5b54029288,0,0,1578689678,0,0,false,false,false,false,true,1,0/RP0/CPU0,1,0,0,0,0,0,0,6791,1,0,647,140030228206216,1,0,646

2020-02-06 19:52:02.457000+00:00,leaf7,sg0,internetwork,0,0,0,obt-collector1,7f5b54029018,0,0,1578689678,0,0,false,false,false,false,true,1,0/RP0/CPU0,1,0,0,0,0,0,0,6791,1,0,646,140030228205592,1,0,646

2020-02-06 19:52:02.457000+00:00,leaf7,sg0,ip-version6,0,0,0,obt-collector1,7f5b54029288,0,0,1578689678,0,0,false,false,false,false,true,1,0/RP0/CPU0,1,0,0,0,0,0,0,6791,1,0,647,140030228206216,1,0,646

2020-02-06 19:52:05.893000+00:00,leaf7,sg0,internetwork,0,0,0,obt-collector1,7f5b54029018,0,0,1578689678,0,0,false,false,false,false,true,1,0/RP0/CPU0,1,0,0,0,0,0,0,6791,1,0,646,140030228205592,1,0,646

2020-02-06 19:52:05.893000+00:00,leaf7,sg0,ip-version6,0,0,0,obt-collector1,7f5b54029288,0,0,1578689678,0,0,false,false,false,false,true,1,0/RP0/CPU0,1,0,0,0,0,0,0,6791,1,0,647,140030228206216,1,0,646

2020-02-06 19:52:09.335000+00:00,leaf7,sg0,internetwork,0,0,0,obt-collector1,7f5b54029018,0,0,1578689678,0,0,false,false,false,false,true,1,0/RP0/CPU0,1,0,0,0,0,0,0,6791,1,0,646,140030228205592,1,0,646

2020-02-06 19:52:09.335000+00:00,leaf7,sg0,ip-version6,0,0,0,obt-collector1,7f5b54029288,0,0,1578689678,0,0,false,false,false,false,true,1,0/RP0/CPU0,1,0,0,0,0,0,0,6791,1,0,647,140030228206216,1,0,646

2020-02-06 19:52:12.749000+00:00,leaf7,sg0,internetwork,0,0,0,obt-collector1,7f5b54029018,0,0,1578689678,0,0,false,false,false,false,true,1,0/RP0/CPU0,1,0,0,0,0,0,0,6791,1,0,646,140030228205592,1,0,646

2020-02-06 19:52:12.749000+00:00,leaf7,sg0,ip-version6,0,0,0,obt-collector1,7f5b54029288,0,0,1578689678,0,0,false,false,false,false,true,1,0/RP0/CPU0,1,0,0,0,0,0,0,6791,1,0,647,140030228206216,1,0,646

2020-02-06 19:53:01.044000+00:00,leaf7,sg0,internetwork,0,0,0,obt-collector1,7f5b54029018,0,0,1578689678,0,0,false,false,false,false,true,1,0/RP0/CPU0,1,0,0,0,0,0,0,6791,1,0,646,140030228205592,1,0,646

2020-02-06 19:53:01.044000+00:00,leaf7,sg0,ip-version6,0,0,0,obt-collector1,7f5b54029288,0,0,1578689678,0,0,false,false,false,false,true,1,0/RP0/CPU0,1,0,0,0,0,0,0,6791,1,0,647,140030228206216,1,0,646

2020-02-06 19:53:08.049000+00:00,leaf7,sg0,internetwork,0,0,0,obt-collector1,7f5b54029018,0,0,1578689678,0,0,false,false,false,false,true,1,0/RP0/CPU0,1,0,0,0,0,0,0,6791,1,0,646,140030228205592,1,0,646

2020-02-06 19:53:08.049000+00:00,leaf7,sg0,ip-version6,0,0,0,obt-collector1,7f5b54029288,0,0,1578689678,0,0,false,false,false,false,true,1,0/RP0/CPU0,1,0,0,0,0,0,0,6791,1,0,647,140030228206216,1,0,646

2020-02-06 19:53:11.464000+00:00,leaf7,sg0,internetwork,0,0,0,obt-collector1,7f5b54029018,0,0,1578689678,0,0,false,false,false,false,true,1,0/RP0/CPU0,1,0,0,0,0,0,0,6791,1,0,646,140030228205592,1,0,646

2020-02-06 19:53:11.464000+00:00,leaf7,sg0,ip-version6,0,0,0,obt-collector1,7f5b54029288,0,0,1578689678,0,0,false,false,false,false,true,1,0/RP0/CPU0,1,0,0,0,0,0,0,6791,1,0,647,140030228206216,1,0,646

2020-02-06 19:53:32.427000+00:00,leaf7,sg0,internetwork,0,0,0,obt-collector1,7f5b54029018,0,0,1578689678,0,0,false,false,false,false,true,1,0/RP0/CPU0,1,0,0,0,0,0,0,6791,1,0,646,140030228205592,1,0,646

2020-02-06 19:53:32.427000+00:00,leaf7,sg0,ip-version6,0,0,0,obt-collector1,7f5b54029288,0,0,1578689678,0,0,false,false,false,false,true,1,0/RP0/CPU0,1,0,0,0,0,0,0,6791,1,0,647,140030228206216,1,0,646

2020-02-06 19:53:56.663000+00:00,leaf7,sg0,internetwork,0,0,0,obt-collector1,7f5b54029018,0,0,1578689678,0,0,false,false,false,false,true,1,0/RP0/CPU0,1,0,0,0,0,0,0,6791,1,0,646,140030228205592,1,0,646

2020-02-06 19:53:56.663000+00:00,leaf7,sg0,ip-version6,0,0,0,obt-collector1,7f5b54029288,0,0,1578689678,0,0,false,false,false,false,true,1,0/RP0/CPU0,1,0,0,0,0,0,0,6791,1,0,647,140030228206216,1,0,646

2020-02-06 19:54:00.088000+00:00,leaf7,sg0,internetwork,0,0,0,obt-collector1,7f5b54029018,0,0,1578689678,0,0,false,false,false,false,true,1,0/RP0/CPU0,1,0,0,0,0,0,0,6791,1,0,646,140030228205592,1,0,646

2020-02-06 19:54:00.088000+00:00,leaf7,sg0,ip-version6,0,0,0,obt-collector1,7f5b54029288,0,0,1578689678,0,0,false,false,false,false,true,1,0/RP0/CPU0,1,0,0,0,0,0,0,6791,1,0,647,140030228206216,1,0,646

2020-02-06 19:54:13.944000+00:00,leaf7,sg0,internetwork,0,0,0,obt-collector1,7f5b54029018,0,0,1578689678,0,0,false,false,false,false,true,1,0/RP0/CPU0,1,0,0,0,0,0,0,6791,1,0,646,140030228205592,1,0,646

2020-02-06 19:54:13.944000+00:00,leaf7,sg0,ip-version6,0,0,0,obt-collector1,7f5b54029288,0,0,1578689678,0,0,false,false,false,false,true,1,0/RP0/CPU0,1,0,0,0,0,0,0,6791,1,0,647,140030228206216,1,0,646

2020-02-06 19:54:24.293000+00:00,leaf7,sg0,internetwork,0,0,0,obt-collector1,7f5b54029018,0,0,1578689678,0,0,false,false,false,false,true,1,0/RP0/CPU0,1,0,0,0,0,0,0,6791,1,0,646,140030228205592,1,0,646

2020-02-06 19:54:24.293000+00:00,leaf7,sg0,ip-version6,0,0,0,obt-collector1,7f5b54029288,0,0,1578689678,0,0,false,false,false,false,true,1,0/RP0/CPU0,1,0,0,0,0,0,0,6791,1,0,647,140030228206216,1,0,646

2020-02-06 19:54:31.283000+00:00,leaf7,sg0,internetwork,0,0,0,obt-collector1,7f5b54029018,0,0,1578689678,0,0,false,false,false,false,true,1,0/RP0/CPU0,1,0,0,0,0,0,0,6791,1,0,646,140030228205592,1,0,646

2020-02-06 19:54:31.283000+00:00,leaf7,sg0,ip-version6,0,0,0,obt-collector1,7f5b54029288,0,0,1578689678,0,0,false,false,false,false,true,1,0/RP0/CPU0,1,0,0,0,0,0,0,6791,1,0,647,140030228206216,1,0,646

2020-02-06 19:54:45.535000+00:00,leaf7,sg0,internetwork,0,0,0,obt-collector1,7f5b54029018,0,0,1578689678,0,0,false,false,false,false,true,1,0/RP0/CPU0,1,0,0,0,0,0,0,6791,1,0,646,140030228205592,1,0,646

2020-02-06 19:54:45.535000+00:00,leaf7,sg0,ip-version6,0,0,0,obt-collector1,7f5b54029288,0,0,1578689678,0,0,false,false,false,false,true,1,0/RP0/CPU0,1,0,0,0,0,0,0,6791,1,0,647,140030228206216,1,0,646

2020-02-06 19:55:23.596000+00:00,leaf7,sg0,internetwork,0,0,0,obt-collector1,7f5b54029018,0,0,1578689678,0,0,false,false,false,false,true,1,0/RP0/CPU0,1,0,0,0,0,0,0,6791,1,0,646,140030228205592,1,0,646

2020-02-06 19:55:23.596000+00:00,leaf7,sg0,ip-version6,0,0,0,obt-collector1,7f5b54029288,0,0,1578689678,0,0,false,false,false,false,true,1,0/RP0/CPU0,1,0,0,0,0,0,0,6791,1,0,647,140030228206216,1,0,646

2020-02-06 19:55:44.874000+00:00,leaf7,sg0,internetwork,0,0,0,obt-collector1,7f5b54029018,0,0,1578689678,0,0,false,false,false,false,true,1,0/RP0/CPU0,1,0,0,0,0,0,0,6791,1,0,646,140030228205592,1,0,646

2020-02-06 19:55:44.874000+00:00,leaf7,sg0,ip-version6,0,0,0,obt-collector1,7f5b54029288,0,0,1578689678,0,0,false,false,false,false,true,1,0/RP0/CPU0,1,0,0,0,0,0,0,6791,1,0,647,140030228206216,1,0,646

2020-02-06 19:55:48.306000+00:00,leaf7,sg0,internetwork,0,0,0,obt-collector1,7f5b54029018,0,0,1578689678,0,0,false,false,false,false,true,1,0/RP0/CPU0,1,0,0,0,0,0,0,6791,1,0,646,140030228205592,1,0,646

2020-02-06 19:55:48.306000+00:00,leaf7,sg0,ip-version6,0,0,0,obt-collector1,7f5b54029288,0,0,1578689678,0,0,false,false,false,false,true,1,0/RP0/CPU0,1,0,0,0,0,0,0,6791,1,0,647,140030228206216,1,0,646

2020-02-06 19:55:58.573000+00:00,leaf7,sg0,ip-version6,0,0,0,obt-collector1,7f5b54029288,0,0,1578689678,0,0,false,false,false,false,true,1,0/RP0/CPU0,1,0,0,0,0,0,0,6791,1,0,647,140030228206216,1,0,646

2020-02-06 19:56:47.110000+00:00,leaf7,sg0,internetwork,0,0,0,obt-collector1,7f5b54029018,0,0,1578689678,0,0,false,false,false,false,true,1,0/RP0/CPU0,1,0,0,0,0,0,0,6791,1,0,646,140030228205592,1,0,646

2020-02-06 19:56:47.110000+00:00,leaf7,sg0,ip-version6,0,0,0,obt-collector1,7f5b54029288,0,0,1578689678,0,0,false,false,false,false,true,1,0/RP0/CPU0,1,0,0,0,0,0,0,6791,1,0,647,140030228206216,1,0,646

2020-02-06 19:57:00.953000+00:00,leaf7,sg0,internetwork,0,0,0,obt-collector1,7f5b54029018,0,0,1578689678,0,0,false,false,false,false,true,1,0/RP0/CPU0,1,0,0,0,0,0,0,6791,1,0,646,140030228205592,1,0,646

2020-02-06 19:57:00.953000+00:00,leaf7,sg0,ip-version6,0,0,0,obt-collector1,7f5b54029288,0,0,1578689678,0,0,false,false,false,false,true,1,0/RP0/CPU0,1,0,0,0,0,0,0,6791,1,0,647,140030228206216,1,0,646

