,Producer,Target,host,node-name,protocol-name,sesa-num-client,sesa-pl-sum/sep-num-ecd-pathlist,sesa-pl-sum/sep-num-ecd-pl-per-interest/entry,sesa-pl-sum/sep-num-ecd-pl-unresolved

2020-02-06 19:40:13.688000+00:00,leaf7,sg4,obt-collector1,0/0/CPU0,ipv4,9,23,0,0

2020-02-06 19:40:13.689000+00:00,leaf7,sg4,obt-collector1,0/0/CPU0,ipv6,6,20,0,0

2020-02-06 19:40:13.690000+00:00,leaf7,sg4,obt-collector1,0/0/CPU0,mpls,0,0,0,0

2020-02-06 19:40:13.693000+00:00,leaf7,sg4,obt-collector1,0/RP0/CPU0,ipv4,10,0,0,0

2020-02-06 19:40:13.695000+00:00,leaf7,sg4,obt-collector1,0/RP0/CPU0,ipv6,2,0,0,0

2020-02-06 19:40:13.696000+00:00,leaf7,sg4,obt-collector1,0/RP0/CPU0,mpls,0,0,0,0

2020-02-06 19:40:41.686000+00:00,leaf7,sg4,obt-collector1,0/0/CPU0,ipv4,9,23,0,0

2020-02-06 19:40:41.687000+00:00,leaf7,sg4,obt-collector1,0/0/CPU0,ipv6,6,20,0,0

2020-02-06 19:40:41.688000+00:00,leaf7,sg4,obt-collector1,0/0/CPU0,mpls,0,0,0,0

2020-02-06 19:40:41.691000+00:00,leaf7,sg4,obt-collector1,0/RP0/CPU0,ipv4,10,0,0,0

2020-02-06 19:40:41.692000+00:00,leaf7,sg4,obt-collector1,0/RP0/CPU0,ipv6,2,0,0,0

2020-02-06 19:40:41.694000+00:00,leaf7,sg4,obt-collector1,0/RP0/CPU0,mpls,0,0,0,0

2020-02-06 19:40:58.957000+00:00,leaf7,sg4,obt-collector1,0/0/CPU0,ipv4,9,23,0,0

2020-02-06 19:40:58.958000+00:00,leaf7,sg4,obt-collector1,0/0/CPU0,ipv6,6,20,0,0

2020-02-06 19:40:58.959000+00:00,leaf7,sg4,obt-collector1,0/0/CPU0,mpls,0,0,0,0

2020-02-06 19:40:58.962000+00:00,leaf7,sg4,obt-collector1,0/RP0/CPU0,ipv4,10,0,0,0

2020-02-06 19:40:58.964000+00:00,leaf7,sg4,obt-collector1,0/RP0/CPU0,ipv6,2,0,0,0

2020-02-06 19:40:58.965000+00:00,leaf7,sg4,obt-collector1,0/RP0/CPU0,mpls,0,0,0,0

2020-02-06 19:41:36.893000+00:00,leaf7,sg4,obt-collector1,0/0/CPU0,ipv4,9,23,0,0

2020-02-06 19:41:36.894000+00:00,leaf7,sg4,obt-collector1,0/0/CPU0,ipv6,6,20,0,1

2020-02-06 19:41:36.895000+00:00,leaf7,sg4,obt-collector1,0/0/CPU0,mpls,0,0,0,0

2020-02-06 19:41:36.898000+00:00,leaf7,sg4,obt-collector1,0/RP0/CPU0,ipv4,10,0,0,0

2020-02-06 19:41:36.899000+00:00,leaf7,sg4,obt-collector1,0/RP0/CPU0,ipv6,2,0,0,0

2020-02-06 19:41:36.900000+00:00,leaf7,sg4,obt-collector1,0/RP0/CPU0,mpls,0,0,0,0

2020-02-06 19:42:01.265000+00:00,leaf7,sg4,obt-collector1,0/0/CPU0,ipv4,9,23,0,0

2020-02-06 19:42:01.266000+00:00,leaf7,sg4,obt-collector1,0/0/CPU0,ipv6,6,20,0,1

2020-02-06 19:42:01.267000+00:00,leaf7,sg4,obt-collector1,0/0/CPU0,mpls,0,0,0,0

2020-02-06 19:42:01.270000+00:00,leaf7,sg4,obt-collector1,0/RP0/CPU0,ipv4,10,0,0,0

2020-02-06 19:42:01.271000+00:00,leaf7,sg4,obt-collector1,0/RP0/CPU0,ipv6,2,0,0,0

2020-02-06 19:42:01.272000+00:00,leaf7,sg4,obt-collector1,0/RP0/CPU0,mpls,0,0,0,0

2020-02-06 19:42:29.054000+00:00,leaf7,sg4,obt-collector1,0/0/CPU0,ipv4,9,23,0,0

2020-02-06 19:42:29.055000+00:00,leaf7,sg4,obt-collector1,0/0/CPU0,ipv6,6,20,0,1

2020-02-06 19:42:29.056000+00:00,leaf7,sg4,obt-collector1,0/0/CPU0,mpls,0,0,0,0

2020-02-06 19:42:29.059000+00:00,leaf7,sg4,obt-collector1,0/RP0/CPU0,ipv4,10,0,0,0

2020-02-06 19:42:29.060000+00:00,leaf7,sg4,obt-collector1,0/RP0/CPU0,ipv6,2,0,0,0

2020-02-06 19:42:29.061000+00:00,leaf7,sg4,obt-collector1,0/RP0/CPU0,mpls,0,0,0,0

2020-02-06 19:42:42.705000+00:00,leaf7,sg4,obt-collector1,0/0/CPU0,ipv4,9,23,0,0

2020-02-06 19:42:42.706000+00:00,leaf7,sg4,obt-collector1,0/0/CPU0,ipv6,6,20,0,1

2020-02-06 19:42:42.707000+00:00,leaf7,sg4,obt-collector1,0/0/CPU0,mpls,0,0,0,0

2020-02-06 19:42:42.710000+00:00,leaf7,sg4,obt-collector1,0/RP0/CPU0,ipv4,10,0,0,0

2020-02-06 19:42:42.711000+00:00,leaf7,sg4,obt-collector1,0/RP0/CPU0,ipv6,2,0,0,0

2020-02-06 19:42:42.712000+00:00,leaf7,sg4,obt-collector1,0/RP0/CPU0,mpls,0,0,0,0

2020-02-06 19:42:46.129000+00:00,leaf7,sg4,obt-collector1,0/0/CPU0,ipv4,9,23,0,0

2020-02-06 19:42:46.130000+00:00,leaf7,sg4,obt-collector1,0/0/CPU0,ipv6,6,20,0,1

2020-02-06 19:42:46.131000+00:00,leaf7,sg4,obt-collector1,0/0/CPU0,mpls,0,0,0,0

2020-02-06 19:42:46.134000+00:00,leaf7,sg4,obt-collector1,0/RP0/CPU0,ipv4,10,0,0,0

2020-02-06 19:42:46.135000+00:00,leaf7,sg4,obt-collector1,0/RP0/CPU0,ipv6,2,0,0,0

2020-02-06 19:42:46.137000+00:00,leaf7,sg4,obt-collector1,0/RP0/CPU0,mpls,0,0,0,0

2020-02-06 19:42:56.454000+00:00,leaf7,sg4,obt-collector1,0/0/CPU0,ipv4,9,23,0,0

2020-02-06 19:42:56.455000+00:00,leaf7,sg4,obt-collector1,0/0/CPU0,ipv6,6,20,0,1

2020-02-06 19:42:56.457000+00:00,leaf7,sg4,obt-collector1,0/0/CPU0,mpls,0,0,0,0

2020-02-06 19:42:56.460000+00:00,leaf7,sg4,obt-collector1,0/RP0/CPU0,ipv4,10,0,0,0

2020-02-06 19:42:56.461000+00:00,leaf7,sg4,obt-collector1,0/RP0/CPU0,ipv6,2,0,0,0

2020-02-06 19:42:56.462000+00:00,leaf7,sg4,obt-collector1,0/RP0/CPU0,mpls,0,0,0,0

2020-02-06 19:43:03.422000+00:00,leaf7,sg4,obt-collector1,0/0/CPU0,ipv4,9,23,0,0

2020-02-06 19:43:03.423000+00:00,leaf7,sg4,obt-collector1,0/0/CPU0,ipv6,6,20,0,1

2020-02-06 19:43:03.424000+00:00,leaf7,sg4,obt-collector1,0/0/CPU0,mpls,0,0,0,0

2020-02-06 19:43:03.427000+00:00,leaf7,sg4,obt-collector1,0/RP0/CPU0,ipv4,10,0,0,0

2020-02-06 19:43:03.428000+00:00,leaf7,sg4,obt-collector1,0/RP0/CPU0,ipv6,2,0,0,0

2020-02-06 19:43:03.429000+00:00,leaf7,sg4,obt-collector1,0/RP0/CPU0,mpls,0,0,0,0

2020-02-06 19:43:17.125000+00:00,leaf7,sg4,obt-collector1,0/0/CPU0,ipv4,9,23,0,0

2020-02-06 19:43:17.126000+00:00,leaf7,sg4,obt-collector1,0/0/CPU0,ipv6,6,20,0,1

2020-02-06 19:43:17.127000+00:00,leaf7,sg4,obt-collector1,0/0/CPU0,mpls,0,0,0,0

2020-02-06 19:43:17.130000+00:00,leaf7,sg4,obt-collector1,0/RP0/CPU0,ipv4,10,0,0,0

2020-02-06 19:43:17.131000+00:00,leaf7,sg4,obt-collector1,0/RP0/CPU0,ipv6,2,0,0,0

2020-02-06 19:43:17.132000+00:00,leaf7,sg4,obt-collector1,0/RP0/CPU0,mpls,0,0,0,0

2020-02-06 19:43:58.687000+00:00,leaf7,sg4,obt-collector1,0/0/CPU0,ipv4,9,23,0,0

2020-02-06 19:43:58.688000+00:00,leaf7,sg4,obt-collector1,0/0/CPU0,ipv6,6,20,0,1

2020-02-06 19:43:58.689000+00:00,leaf7,sg4,obt-collector1,0/0/CPU0,mpls,0,0,0,0

2020-02-06 19:43:58.692000+00:00,leaf7,sg4,obt-collector1,0/RP0/CPU0,ipv4,10,0,0,0

2020-02-06 19:43:58.693000+00:00,leaf7,sg4,obt-collector1,0/RP0/CPU0,ipv6,2,0,0,0

2020-02-06 19:43:58.694000+00:00,leaf7,sg4,obt-collector1,0/RP0/CPU0,mpls,0,0,0,0

2020-02-06 19:44:40.394000+00:00,leaf7,sg4,obt-collector1,0/0/CPU0,ipv4,9,23,0,0

2020-02-06 19:44:40.396000+00:00,leaf7,sg4,obt-collector1,0/0/CPU0,ipv6,6,20,0,1

2020-02-06 19:44:40.397000+00:00,leaf7,sg4,obt-collector1,0/0/CPU0,mpls,0,0,0,0

2020-02-06 19:44:40.400000+00:00,leaf7,sg4,obt-collector1,0/RP0/CPU0,ipv4,10,0,0,0

2020-02-06 19:44:40.401000+00:00,leaf7,sg4,obt-collector1,0/RP0/CPU0,ipv6,2,0,0,0

2020-02-06 19:44:40.402000+00:00,leaf7,sg4,obt-collector1,0/RP0/CPU0,mpls,0,0,0,0

2020-02-06 19:45:11.739000+00:00,leaf7,sg4,obt-collector1,0/0/CPU0,ipv4,9,23,0,0

2020-02-06 19:45:11.740000+00:00,leaf7,sg4,obt-collector1,0/0/CPU0,ipv6,6,20,0,1

2020-02-06 19:45:11.741000+00:00,leaf7,sg4,obt-collector1,0/0/CPU0,mpls,0,0,0,0

2020-02-06 19:45:11.745000+00:00,leaf7,sg4,obt-collector1,0/RP0/CPU0,ipv4,10,0,0,0

2020-02-06 19:45:11.746000+00:00,leaf7,sg4,obt-collector1,0/RP0/CPU0,ipv6,2,0,0,0

2020-02-06 19:45:11.747000+00:00,leaf7,sg4,obt-collector1,0/RP0/CPU0,mpls,0,0,0,0

2020-02-06 19:46:34.755000+00:00,leaf7,sg4,obt-collector1,0/0/CPU0,ipv4,9,23,0,0

2020-02-06 19:46:34.756000+00:00,leaf7,sg4,obt-collector1,0/0/CPU0,ipv6,6,20,0,1

2020-02-06 19:46:34.757000+00:00,leaf7,sg4,obt-collector1,0/0/CPU0,mpls,0,0,0,0

2020-02-06 19:46:34.760000+00:00,leaf7,sg4,obt-collector1,0/RP0/CPU0,ipv4,10,0,0,0

2020-02-06 19:46:34.761000+00:00,leaf7,sg4,obt-collector1,0/RP0/CPU0,ipv6,2,0,0,0

2020-02-06 19:46:34.762000+00:00,leaf7,sg4,obt-collector1,0/RP0/CPU0,mpls,0,0,0,0

2020-02-06 19:47:05.864000+00:00,leaf7,sg4,obt-collector1,0/0/CPU0,ipv4,9,23,0,0

2020-02-06 19:47:05.865000+00:00,leaf7,sg4,obt-collector1,0/0/CPU0,ipv6,6,20,0,1

2020-02-06 19:47:05.867000+00:00,leaf7,sg4,obt-collector1,0/0/CPU0,mpls,0,0,0,0

2020-02-06 19:47:05.870000+00:00,leaf7,sg4,obt-collector1,0/RP0/CPU0,ipv4,10,0,0,0

2020-02-06 19:47:05.871000+00:00,leaf7,sg4,obt-collector1,0/RP0/CPU0,ipv6,2,0,0,0

2020-02-06 19:47:05.872000+00:00,leaf7,sg4,obt-collector1,0/RP0/CPU0,mpls,0,0,0,0

2020-02-06 19:47:16.380000+00:00,leaf7,sg4,obt-collector1,0/0/CPU0,ipv4,9,23,0,0

2020-02-06 19:47:16.381000+00:00,leaf7,sg4,obt-collector1,0/0/CPU0,ipv6,6,20,0,1

2020-02-06 19:47:16.383000+00:00,leaf7,sg4,obt-collector1,0/0/CPU0,mpls,0,0,0,0

2020-02-06 19:47:16.386000+00:00,leaf7,sg4,obt-collector1,0/RP0/CPU0,ipv4,10,0,0,0

2020-02-06 19:47:16.387000+00:00,leaf7,sg4,obt-collector1,0/RP0/CPU0,ipv6,2,0,0,0

2020-02-06 19:47:16.388000+00:00,leaf7,sg4,obt-collector1,0/RP0/CPU0,mpls,0,0,0,0

2020-02-06 19:47:23.206000+00:00,leaf7,sg4,obt-collector1,0/0/CPU0,ipv4,9,23,0,0

2020-02-06 19:47:23.207000+00:00,leaf7,sg4,obt-collector1,0/0/CPU0,ipv6,6,20,0,1

2020-02-06 19:47:23.209000+00:00,leaf7,sg4,obt-collector1,0/0/CPU0,mpls,0,0,0,0

2020-02-06 19:47:23.212000+00:00,leaf7,sg4,obt-collector1,0/RP0/CPU0,ipv4,10,0,0,0

2020-02-06 19:47:23.213000+00:00,leaf7,sg4,obt-collector1,0/RP0/CPU0,ipv6,2,0,0,0

2020-02-06 19:47:23.214000+00:00,leaf7,sg4,obt-collector1,0/RP0/CPU0,mpls,0,0,0,0

2020-02-06 19:47:33.589000+00:00,leaf7,sg4,obt-collector1,0/0/CPU0,ipv4,9,23,0,0

2020-02-06 19:47:33.590000+00:00,leaf7,sg4,obt-collector1,0/0/CPU0,ipv6,6,20,0,1

2020-02-06 19:47:33.592000+00:00,leaf7,sg4,obt-collector1,0/0/CPU0,mpls,0,0,0,0

2020-02-06 19:47:33.595000+00:00,leaf7,sg4,obt-collector1,0/RP0/CPU0,ipv4,10,0,0,0

2020-02-06 19:47:33.596000+00:00,leaf7,sg4,obt-collector1,0/RP0/CPU0,ipv6,2,0,0,0

2020-02-06 19:47:33.597000+00:00,leaf7,sg4,obt-collector1,0/RP0/CPU0,mpls,0,0,0,0

2020-02-06 19:48:11.615000+00:00,leaf7,sg4,obt-collector1,0/0/CPU0,ipv4,9,23,0,0

2020-02-06 19:48:11.616000+00:00,leaf7,sg4,obt-collector1,0/0/CPU0,ipv6,6,20,0,1

2020-02-06 19:48:11.617000+00:00,leaf7,sg4,obt-collector1,0/0/CPU0,mpls,0,0,0,0

2020-02-06 19:48:11.620000+00:00,leaf7,sg4,obt-collector1,0/RP0/CPU0,ipv4,10,0,0,0

2020-02-06 19:48:11.621000+00:00,leaf7,sg4,obt-collector1,0/RP0/CPU0,ipv6,2,0,0,0

2020-02-06 19:48:11.623000+00:00,leaf7,sg4,obt-collector1,0/RP0/CPU0,mpls,0,0,0,0

2020-02-06 19:48:32.962000+00:00,leaf7,sg4,obt-collector1,0/0/CPU0,ipv4,9,23,0,0

2020-02-06 19:48:32.963000+00:00,leaf7,sg4,obt-collector1,0/0/CPU0,ipv6,6,20,0,1

2020-02-06 19:48:32.964000+00:00,leaf7,sg4,obt-collector1,0/0/CPU0,mpls,0,0,0,0

2020-02-06 19:48:32.967000+00:00,leaf7,sg4,obt-collector1,0/RP0/CPU0,ipv4,10,0,0,0

2020-02-06 19:48:32.969000+00:00,leaf7,sg4,obt-collector1,0/RP0/CPU0,ipv6,2,0,0,0

2020-02-06 19:48:32.970000+00:00,leaf7,sg4,obt-collector1,0/RP0/CPU0,mpls,0,0,0,0

2020-02-06 19:48:47.017000+00:00,leaf7,sg4,obt-collector1,0/0/CPU0,ipv4,9,23,0,0

2020-02-06 19:48:47.018000+00:00,leaf7,sg4,obt-collector1,0/0/CPU0,ipv6,6,20,0,1

2020-02-06 19:48:47.020000+00:00,leaf7,sg4,obt-collector1,0/0/CPU0,mpls,0,0,0,0

2020-02-06 19:48:47.023000+00:00,leaf7,sg4,obt-collector1,0/RP0/CPU0,ipv4,10,0,0,0

2020-02-06 19:48:47.024000+00:00,leaf7,sg4,obt-collector1,0/RP0/CPU0,ipv6,2,0,0,0

2020-02-06 19:48:47.025000+00:00,leaf7,sg4,obt-collector1,0/RP0/CPU0,mpls,0,0,0,0

2020-02-06 19:48:53.974000+00:00,leaf7,sg4,obt-collector1,0/0/CPU0,ipv4,9,23,0,0

2020-02-06 19:48:53.975000+00:00,leaf7,sg4,obt-collector1,0/0/CPU0,ipv6,6,20,0,1

2020-02-06 19:48:53.976000+00:00,leaf7,sg4,obt-collector1,0/0/CPU0,mpls,0,0,0,0

2020-02-06 19:48:53.979000+00:00,leaf7,sg4,obt-collector1,0/RP0/CPU0,ipv4,10,0,0,0

2020-02-06 19:48:53.980000+00:00,leaf7,sg4,obt-collector1,0/RP0/CPU0,ipv6,2,0,0,0

2020-02-06 19:48:53.981000+00:00,leaf7,sg4,obt-collector1,0/RP0/CPU0,mpls,0,0,0,0

2020-02-06 19:49:00.962000+00:00,leaf7,sg4,obt-collector1,0/0/CPU0,ipv4,9,23,0,0

2020-02-06 19:49:00.963000+00:00,leaf7,sg4,obt-collector1,0/0/CPU0,ipv6,6,20,0,1

2020-02-06 19:49:00.964000+00:00,leaf7,sg4,obt-collector1,0/0/CPU0,mpls,0,0,0,0

2020-02-06 19:49:00.968000+00:00,leaf7,sg4,obt-collector1,0/RP0/CPU0,ipv4,10,0,0,0

2020-02-06 19:49:00.969000+00:00,leaf7,sg4,obt-collector1,0/RP0/CPU0,ipv6,2,0,0,0

2020-02-06 19:49:00.970000+00:00,leaf7,sg4,obt-collector1,0/RP0/CPU0,mpls,0,0,0,0

2020-02-06 19:49:04.354000+00:00,leaf7,sg4,obt-collector1,0/0/CPU0,ipv4,9,23,0,0

2020-02-06 19:49:04.355000+00:00,leaf7,sg4,obt-collector1,0/0/CPU0,ipv6,6,20,0,1

2020-02-06 19:49:04.356000+00:00,leaf7,sg4,obt-collector1,0/0/CPU0,mpls,0,0,0,0

2020-02-06 19:49:04.359000+00:00,leaf7,sg4,obt-collector1,0/RP0/CPU0,ipv4,10,0,0,0

2020-02-06 19:49:04.361000+00:00,leaf7,sg4,obt-collector1,0/RP0/CPU0,ipv6,2,0,0,0

2020-02-06 19:49:04.362000+00:00,leaf7,sg4,obt-collector1,0/RP0/CPU0,mpls,0,0,0,0

2020-02-06 19:49:21.685000+00:00,leaf7,sg4,obt-collector1,0/0/CPU0,ipv4,9,23,0,0

2020-02-06 19:49:21.687000+00:00,leaf7,sg4,obt-collector1,0/0/CPU0,ipv6,6,20,0,1

2020-02-06 19:49:21.688000+00:00,leaf7,sg4,obt-collector1,0/0/CPU0,mpls,0,0,0,0

2020-02-06 19:49:21.691000+00:00,leaf7,sg4,obt-collector1,0/RP0/CPU0,ipv4,10,0,0,0

2020-02-06 19:49:21.692000+00:00,leaf7,sg4,obt-collector1,0/RP0/CPU0,ipv6,2,0,0,0

2020-02-06 19:49:21.693000+00:00,leaf7,sg4,obt-collector1,0/RP0/CPU0,mpls,0,0,0,0

2020-02-06 19:49:56.510000+00:00,leaf7,sg4,obt-collector1,0/0/CPU0,ipv4,9,23,0,0

2020-02-06 19:49:56.511000+00:00,leaf7,sg4,obt-collector1,0/0/CPU0,ipv6,6,20,0,1

2020-02-06 19:49:56.512000+00:00,leaf7,sg4,obt-collector1,0/0/CPU0,mpls,0,0,0,0

2020-02-06 19:49:56.515000+00:00,leaf7,sg4,obt-collector1,0/RP0/CPU0,ipv4,10,0,0,0

2020-02-06 19:49:56.516000+00:00,leaf7,sg4,obt-collector1,0/RP0/CPU0,ipv6,2,0,0,0

2020-02-06 19:49:56.517000+00:00,leaf7,sg4,obt-collector1,0/RP0/CPU0,mpls,0,0,0,0

2020-02-06 19:50:03.502000+00:00,leaf7,sg4,obt-collector1,0/0/CPU0,ipv4,9,23,0,0

2020-02-06 19:50:03.503000+00:00,leaf7,sg4,obt-collector1,0/0/CPU0,ipv6,6,20,0,1

2020-02-06 19:50:03.504000+00:00,leaf7,sg4,obt-collector1,0/0/CPU0,mpls,0,0,0,0

2020-02-06 19:50:03.507000+00:00,leaf7,sg4,obt-collector1,0/RP0/CPU0,ipv4,10,0,0,0

2020-02-06 19:50:03.508000+00:00,leaf7,sg4,obt-collector1,0/RP0/CPU0,ipv6,2,0,0,0

2020-02-06 19:50:03.509000+00:00,leaf7,sg4,obt-collector1,0/RP0/CPU0,mpls,0,0,0,0

2020-02-06 19:50:06.913000+00:00,leaf7,sg4,obt-collector1,0/0/CPU0,ipv4,9,23,0,0

2020-02-06 19:50:06.914000+00:00,leaf7,sg4,obt-collector1,0/0/CPU0,ipv6,6,20,0,1

2020-02-06 19:50:06.915000+00:00,leaf7,sg4,obt-collector1,0/0/CPU0,mpls,0,0,0,0

2020-02-06 19:50:06.918000+00:00,leaf7,sg4,obt-collector1,0/RP0/CPU0,ipv4,10,0,0,0

2020-02-06 19:50:06.920000+00:00,leaf7,sg4,obt-collector1,0/RP0/CPU0,ipv6,2,0,0,0

2020-02-06 19:50:06.921000+00:00,leaf7,sg4,obt-collector1,0/RP0/CPU0,mpls,0,0,0,0

2020-02-06 19:50:17.211000+00:00,leaf7,sg4,obt-collector1,0/0/CPU0,ipv4,9,23,0,0

2020-02-06 19:50:17.212000+00:00,leaf7,sg4,obt-collector1,0/0/CPU0,ipv6,6,20,0,1

2020-02-06 19:50:17.213000+00:00,leaf7,sg4,obt-collector1,0/0/CPU0,mpls,0,0,0,0

2020-02-06 19:50:17.216000+00:00,leaf7,sg4,obt-collector1,0/RP0/CPU0,ipv4,10,0,0,0

2020-02-06 19:50:17.217000+00:00,leaf7,sg4,obt-collector1,0/RP0/CPU0,ipv6,2,0,0,0

2020-02-06 19:50:17.218000+00:00,leaf7,sg4,obt-collector1,0/RP0/CPU0,mpls,0,0,0,0

2020-02-06 19:50:37.759000+00:00,leaf7,sg4,obt-collector1,0/0/CPU0,ipv4,9,23,0,0

2020-02-06 19:50:37.760000+00:00,leaf7,sg4,obt-collector1,0/0/CPU0,ipv6,6,20,0,1

2020-02-06 19:50:37.761000+00:00,leaf7,sg4,obt-collector1,0/0/CPU0,mpls,0,0,0,0

2020-02-06 19:50:37.765000+00:00,leaf7,sg4,obt-collector1,0/RP0/CPU0,ipv4,10,0,0,0

2020-02-06 19:50:37.766000+00:00,leaf7,sg4,obt-collector1,0/RP0/CPU0,ipv6,2,0,0,0

2020-02-06 19:50:37.767000+00:00,leaf7,sg4,obt-collector1,0/RP0/CPU0,mpls,0,0,0,0

2020-02-06 19:51:43.516000+00:00,leaf7,sg4,obt-collector1,0/0/CPU0,ipv4,9,23,0,0

2020-02-06 19:51:43.517000+00:00,leaf7,sg4,obt-collector1,0/0/CPU0,ipv6,6,20,0,0

2020-02-06 19:51:43.518000+00:00,leaf7,sg4,obt-collector1,0/0/CPU0,mpls,0,0,0,0

2020-02-06 19:51:43.521000+00:00,leaf7,sg4,obt-collector1,0/RP0/CPU0,ipv4,10,0,0,0

2020-02-06 19:51:43.522000+00:00,leaf7,sg4,obt-collector1,0/RP0/CPU0,ipv6,2,0,0,0

2020-02-06 19:51:43.523000+00:00,leaf7,sg4,obt-collector1,0/RP0/CPU0,mpls,0,0,0,0

2020-02-06 19:51:46.947000+00:00,leaf7,sg4,obt-collector1,0/0/CPU0,ipv4,9,23,0,0

2020-02-06 19:51:46.948000+00:00,leaf7,sg4,obt-collector1,0/0/CPU0,ipv6,6,20,0,0

2020-02-06 19:51:46.949000+00:00,leaf7,sg4,obt-collector1,0/0/CPU0,mpls,0,0,0,0

2020-02-06 19:51:46.953000+00:00,leaf7,sg4,obt-collector1,0/RP0/CPU0,ipv4,10,0,0,0

2020-02-06 19:51:46.954000+00:00,leaf7,sg4,obt-collector1,0/RP0/CPU0,ipv6,2,0,0,0

2020-02-06 19:51:46.955000+00:00,leaf7,sg4,obt-collector1,0/RP0/CPU0,mpls,0,0,0,0

2020-02-06 19:52:04.274000+00:00,leaf7,sg4,obt-collector1,0/0/CPU0,ipv4,9,23,0,0

2020-02-06 19:52:04.275000+00:00,leaf7,sg4,obt-collector1,0/0/CPU0,ipv6,6,20,0,0

2020-02-06 19:52:04.276000+00:00,leaf7,sg4,obt-collector1,0/0/CPU0,mpls,0,0,0,0

2020-02-06 19:52:04.279000+00:00,leaf7,sg4,obt-collector1,0/RP0/CPU0,ipv4,10,0,0,0

2020-02-06 19:52:04.281000+00:00,leaf7,sg4,obt-collector1,0/RP0/CPU0,ipv6,2,0,0,0

2020-02-06 19:52:04.282000+00:00,leaf7,sg4,obt-collector1,0/RP0/CPU0,mpls,0,0,0,0

2020-02-06 19:52:14.582000+00:00,leaf7,sg4,obt-collector1,0/0/CPU0,ipv4,9,23,0,0

2020-02-06 19:52:14.583000+00:00,leaf7,sg4,obt-collector1,0/0/CPU0,ipv6,6,20,0,0

2020-02-06 19:52:14.584000+00:00,leaf7,sg4,obt-collector1,0/0/CPU0,mpls,0,0,0,0

2020-02-06 19:52:14.587000+00:00,leaf7,sg4,obt-collector1,0/RP0/CPU0,ipv4,10,0,0,0

2020-02-06 19:52:14.588000+00:00,leaf7,sg4,obt-collector1,0/RP0/CPU0,ipv6,2,0,0,0

2020-02-06 19:52:14.589000+00:00,leaf7,sg4,obt-collector1,0/RP0/CPU0,mpls,0,0,0,0

2020-02-06 19:52:17.989000+00:00,leaf7,sg4,obt-collector1,0/0/CPU0,ipv4,9,23,0,0

2020-02-06 19:52:17.990000+00:00,leaf7,sg4,obt-collector1,0/0/CPU0,ipv6,6,20,0,0

2020-02-06 19:52:17.991000+00:00,leaf7,sg4,obt-collector1,0/0/CPU0,mpls,0,0,0,0

2020-02-06 19:52:17.995000+00:00,leaf7,sg4,obt-collector1,0/RP0/CPU0,ipv4,10,0,0,0

2020-02-06 19:52:17.996000+00:00,leaf7,sg4,obt-collector1,0/RP0/CPU0,ipv6,2,0,0,0

2020-02-06 19:52:17.997000+00:00,leaf7,sg4,obt-collector1,0/RP0/CPU0,mpls,0,0,0,0

2020-02-06 19:52:45.729000+00:00,leaf7,sg4,obt-collector1,0/0/CPU0,ipv4,9,23,0,0

2020-02-06 19:52:45.731000+00:00,leaf7,sg4,obt-collector1,0/0/CPU0,ipv6,6,20,0,0

2020-02-06 19:52:45.732000+00:00,leaf7,sg4,obt-collector1,0/0/CPU0,mpls,0,0,0,0

2020-02-06 19:52:45.735000+00:00,leaf7,sg4,obt-collector1,0/RP0/CPU0,ipv4,10,0,0,0

2020-02-06 19:52:45.736000+00:00,leaf7,sg4,obt-collector1,0/RP0/CPU0,ipv6,2,0,0,0

2020-02-06 19:52:45.737000+00:00,leaf7,sg4,obt-collector1,0/RP0/CPU0,mpls,0,0,0,0

2020-02-06 19:52:55.983000+00:00,leaf7,sg4,obt-collector1,0/0/CPU0,ipv4,9,23,0,0

2020-02-06 19:52:55.984000+00:00,leaf7,sg4,obt-collector1,0/0/CPU0,ipv6,6,20,0,0

2020-02-06 19:52:55.985000+00:00,leaf7,sg4,obt-collector1,0/0/CPU0,mpls,0,0,0,0

2020-02-06 19:52:55.988000+00:00,leaf7,sg4,obt-collector1,0/RP0/CPU0,ipv4,10,0,0,0

2020-02-06 19:52:55.989000+00:00,leaf7,sg4,obt-collector1,0/RP0/CPU0,ipv6,2,0,0,0

2020-02-06 19:52:55.990000+00:00,leaf7,sg4,obt-collector1,0/RP0/CPU0,mpls,0,0,0,0

2020-02-06 19:53:09.874000+00:00,leaf7,sg4,obt-collector1,0/0/CPU0,ipv4,9,23,0,0

2020-02-06 19:53:09.875000+00:00,leaf7,sg4,obt-collector1,0/0/CPU0,ipv6,6,20,0,0

2020-02-06 19:53:09.876000+00:00,leaf7,sg4,obt-collector1,0/0/CPU0,mpls,0,0,0,0

2020-02-06 19:53:09.879000+00:00,leaf7,sg4,obt-collector1,0/RP0/CPU0,ipv4,10,0,0,0

2020-02-06 19:53:09.880000+00:00,leaf7,sg4,obt-collector1,0/RP0/CPU0,ipv6,2,0,0,0

2020-02-06 19:53:09.882000+00:00,leaf7,sg4,obt-collector1,0/RP0/CPU0,mpls,0,0,0,0

2020-02-06 19:53:23.623000+00:00,leaf7,sg4,obt-collector1,0/0/CPU0,ipv4,9,23,0,0

2020-02-06 19:53:23.624000+00:00,leaf7,sg4,obt-collector1,0/0/CPU0,ipv6,6,20,0,0

2020-02-06 19:53:23.625000+00:00,leaf7,sg4,obt-collector1,0/0/CPU0,mpls,0,0,0,0

2020-02-06 19:53:23.628000+00:00,leaf7,sg4,obt-collector1,0/RP0/CPU0,ipv4,10,0,0,0

2020-02-06 19:53:23.630000+00:00,leaf7,sg4,obt-collector1,0/RP0/CPU0,ipv6,2,0,0,0

2020-02-06 19:53:23.631000+00:00,leaf7,sg4,obt-collector1,0/RP0/CPU0,mpls,0,0,0,0

2020-02-06 19:53:41.269000+00:00,leaf7,sg4,obt-collector1,0/0/CPU0,ipv4,9,23,0,0

2020-02-06 19:53:41.270000+00:00,leaf7,sg4,obt-collector1,0/0/CPU0,ipv6,6,20,0,0

2020-02-06 19:53:41.271000+00:00,leaf7,sg4,obt-collector1,0/0/CPU0,mpls,0,0,0,0

2020-02-06 19:53:41.274000+00:00,leaf7,sg4,obt-collector1,0/RP0/CPU0,ipv4,10,0,0,0

2020-02-06 19:53:41.276000+00:00,leaf7,sg4,obt-collector1,0/RP0/CPU0,ipv6,2,0,0,0

2020-02-06 19:53:41.277000+00:00,leaf7,sg4,obt-collector1,0/RP0/CPU0,mpls,0,0,0,0

2020-02-06 19:53:44.678000+00:00,leaf7,sg4,obt-collector1,0/0/CPU0,ipv4,9,23,0,0

2020-02-06 19:53:44.679000+00:00,leaf7,sg4,obt-collector1,0/0/CPU0,ipv6,6,20,0,0

2020-02-06 19:53:44.680000+00:00,leaf7,sg4,obt-collector1,0/0/CPU0,mpls,0,0,0,0

2020-02-06 19:53:44.683000+00:00,leaf7,sg4,obt-collector1,0/RP0/CPU0,ipv4,10,0,0,0

2020-02-06 19:53:44.685000+00:00,leaf7,sg4,obt-collector1,0/RP0/CPU0,ipv6,2,0,0,0

2020-02-06 19:53:44.686000+00:00,leaf7,sg4,obt-collector1,0/RP0/CPU0,mpls,0,0,0,0

2020-02-06 19:53:58.469000+00:00,leaf7,sg4,obt-collector1,0/0/CPU0,ipv4,9,23,0,0

2020-02-06 19:53:58.470000+00:00,leaf7,sg4,obt-collector1,0/0/CPU0,ipv6,6,20,0,0

2020-02-06 19:53:58.472000+00:00,leaf7,sg4,obt-collector1,0/0/CPU0,mpls,0,0,0,0

2020-02-06 19:53:58.475000+00:00,leaf7,sg4,obt-collector1,0/RP0/CPU0,ipv4,10,0,0,0

2020-02-06 19:53:58.476000+00:00,leaf7,sg4,obt-collector1,0/RP0/CPU0,ipv6,2,0,0,0

2020-02-06 19:53:58.477000+00:00,leaf7,sg4,obt-collector1,0/RP0/CPU0,mpls,0,0,0,0

2020-02-06 19:54:15.743000+00:00,leaf7,sg4,obt-collector1,0/0/CPU0,ipv4,9,23,0,0

2020-02-06 19:54:15.744000+00:00,leaf7,sg4,obt-collector1,0/0/CPU0,ipv6,6,20,0,0

2020-02-06 19:54:15.746000+00:00,leaf7,sg4,obt-collector1,0/0/CPU0,mpls,0,0,0,0

2020-02-06 19:54:15.749000+00:00,leaf7,sg4,obt-collector1,0/RP0/CPU0,ipv4,10,0,0,0

2020-02-06 19:54:15.750000+00:00,leaf7,sg4,obt-collector1,0/RP0/CPU0,ipv6,2,0,0,0

2020-02-06 19:54:15.751000+00:00,leaf7,sg4,obt-collector1,0/RP0/CPU0,mpls,0,0,0,0

2020-02-06 19:54:29.677000+00:00,leaf7,sg4,obt-collector1,0/0/CPU0,ipv4,9,23,0,0

2020-02-06 19:54:29.678000+00:00,leaf7,sg4,obt-collector1,0/0/CPU0,ipv6,6,20,0,0

2020-02-06 19:54:29.679000+00:00,leaf7,sg4,obt-collector1,0/0/CPU0,mpls,0,0,0,0

2020-02-06 19:54:29.682000+00:00,leaf7,sg4,obt-collector1,0/RP0/CPU0,ipv4,10,0,0,0

2020-02-06 19:54:29.683000+00:00,leaf7,sg4,obt-collector1,0/RP0/CPU0,ipv6,2,0,0,0

2020-02-06 19:54:29.685000+00:00,leaf7,sg4,obt-collector1,0/RP0/CPU0,mpls,0,0,0,0

2020-02-06 19:54:47.342000+00:00,leaf7,sg4,obt-collector1,0/0/CPU0,ipv4,9,23,0,0

2020-02-06 19:54:47.343000+00:00,leaf7,sg4,obt-collector1,0/0/CPU0,ipv6,6,20,0,0

2020-02-06 19:54:47.344000+00:00,leaf7,sg4,obt-collector1,0/0/CPU0,mpls,0,0,0,0

2020-02-06 19:54:47.347000+00:00,leaf7,sg4,obt-collector1,0/RP0/CPU0,ipv4,10,0,0,0

2020-02-06 19:54:47.349000+00:00,leaf7,sg4,obt-collector1,0/RP0/CPU0,ipv6,2,0,0,0

2020-02-06 19:54:47.350000+00:00,leaf7,sg4,obt-collector1,0/RP0/CPU0,mpls,0,0,0,0

2020-02-06 19:55:11.529000+00:00,leaf7,sg4,obt-collector1,0/0/CPU0,ipv4,9,23,0,0

2020-02-06 19:55:11.530000+00:00,leaf7,sg4,obt-collector1,0/0/CPU0,ipv6,6,20,0,0

2020-02-06 19:55:11.531000+00:00,leaf7,sg4,obt-collector1,0/0/CPU0,mpls,0,0,0,0

2020-02-06 19:55:11.535000+00:00,leaf7,sg4,obt-collector1,0/RP0/CPU0,ipv4,10,0,0,0

2020-02-06 19:55:11.536000+00:00,leaf7,sg4,obt-collector1,0/RP0/CPU0,ipv6,2,0,0,0

2020-02-06 19:55:11.537000+00:00,leaf7,sg4,obt-collector1,0/RP0/CPU0,mpls,0,0,0,0

2020-02-06 19:55:18.501000+00:00,leaf7,sg4,obt-collector1,0/0/CPU0,ipv4,9,23,0,0

2020-02-06 19:55:18.502000+00:00,leaf7,sg4,obt-collector1,0/0/CPU0,ipv6,6,20,0,0

2020-02-06 19:55:18.503000+00:00,leaf7,sg4,obt-collector1,0/0/CPU0,mpls,0,0,0,0

2020-02-06 19:55:18.507000+00:00,leaf7,sg4,obt-collector1,0/RP0/CPU0,ipv4,10,0,0,0

2020-02-06 19:55:18.508000+00:00,leaf7,sg4,obt-collector1,0/RP0/CPU0,ipv6,2,0,0,0

2020-02-06 19:55:18.509000+00:00,leaf7,sg4,obt-collector1,0/RP0/CPU0,mpls,0,0,0,0

2020-02-06 19:55:46.689000+00:00,leaf7,sg4,obt-collector1,0/0/CPU0,ipv4,9,23,0,0

2020-02-06 19:55:46.690000+00:00,leaf7,sg4,obt-collector1,0/0/CPU0,ipv6,6,20,0,0

2020-02-06 19:55:46.691000+00:00,leaf7,sg4,obt-collector1,0/0/CPU0,mpls,0,0,0,0

2020-02-06 19:55:46.694000+00:00,leaf7,sg4,obt-collector1,0/RP0/CPU0,ipv4,10,0,0,0

2020-02-06 19:55:46.695000+00:00,leaf7,sg4,obt-collector1,0/RP0/CPU0,ipv6,2,0,0,0

2020-02-06 19:55:46.697000+00:00,leaf7,sg4,obt-collector1,0/RP0/CPU0,mpls,0,0,0,0

2020-02-06 19:55:50.112000+00:00,leaf7,sg4,obt-collector1,0/0/CPU0,ipv4,9,23,0,0

2020-02-06 19:55:50.113000+00:00,leaf7,sg4,obt-collector1,0/0/CPU0,ipv6,6,20,0,0

2020-02-06 19:55:50.114000+00:00,leaf7,sg4,obt-collector1,0/0/CPU0,mpls,0,0,0,0

2020-02-06 19:55:50.118000+00:00,leaf7,sg4,obt-collector1,0/RP0/CPU0,ipv4,10,0,0,0

2020-02-06 19:55:50.119000+00:00,leaf7,sg4,obt-collector1,0/RP0/CPU0,ipv6,2,0,0,0

2020-02-06 19:55:50.120000+00:00,leaf7,sg4,obt-collector1,0/RP0/CPU0,mpls,0,0,0,0

2020-02-06 19:56:35.109000+00:00,leaf7,sg4,obt-collector1,0/0/CPU0,ipv4,9,23,0,0

2020-02-06 19:56:35.110000+00:00,leaf7,sg4,obt-collector1,0/0/CPU0,ipv6,6,20,0,0

2020-02-06 19:56:35.111000+00:00,leaf7,sg4,obt-collector1,0/0/CPU0,mpls,0,0,0,0

2020-02-06 19:56:35.115000+00:00,leaf7,sg4,obt-collector1,0/RP0/CPU0,ipv4,10,0,0,0

2020-02-06 19:56:35.116000+00:00,leaf7,sg4,obt-collector1,0/RP0/CPU0,ipv6,2,0,0,0

2020-02-06 19:56:35.117000+00:00,leaf7,sg4,obt-collector1,0/RP0/CPU0,mpls,0,0,0,0

2020-02-06 19:56:55.770000+00:00,leaf7,sg4,obt-collector1,0/0/CPU0,ipv4,9,23,0,0

2020-02-06 19:56:55.771000+00:00,leaf7,sg4,obt-collector1,0/0/CPU0,ipv6,6,20,0,0

2020-02-06 19:56:55.772000+00:00,leaf7,sg4,obt-collector1,0/0/CPU0,mpls,0,0,0,0

2020-02-06 19:56:55.775000+00:00,leaf7,sg4,obt-collector1,0/RP0/CPU0,ipv4,10,0,0,0

2020-02-06 19:56:55.777000+00:00,leaf7,sg4,obt-collector1,0/RP0/CPU0,ipv6,2,0,0,0

2020-02-06 19:56:55.778000+00:00,leaf7,sg4,obt-collector1,0/RP0/CPU0,mpls,0,0,0,0

2020-02-06 19:57:06.194000+00:00,leaf7,sg4,obt-collector1,0/0/CPU0,ipv4,9,23,0,0

2020-02-06 19:57:06.195000+00:00,leaf7,sg4,obt-collector1,0/0/CPU0,ipv6,6,20,0,0

2020-02-06 19:57:06.196000+00:00,leaf7,sg4,obt-collector1,0/0/CPU0,mpls,0,0,0,0

2020-02-06 19:57:06.199000+00:00,leaf7,sg4,obt-collector1,0/RP0/CPU0,ipv4,10,0,0,0

2020-02-06 19:57:06.201000+00:00,leaf7,sg4,obt-collector1,0/RP0/CPU0,ipv6,2,0,0,0

2020-02-06 19:57:06.202000+00:00,leaf7,sg4,obt-collector1,0/RP0/CPU0,mpls,0,0,0,0

2020-02-06 19:57:37.701000+00:00,leaf7,sg4,obt-collector1,0/0/CPU0,ipv4,9,23,0,0

2020-02-06 19:57:37.702000+00:00,leaf7,sg4,obt-collector1,0/0/CPU0,ipv6,6,20,0,0

2020-02-06 19:57:37.703000+00:00,leaf7,sg4,obt-collector1,0/0/CPU0,mpls,0,0,0,0

2020-02-06 19:57:37.707000+00:00,leaf7,sg4,obt-collector1,0/RP0/CPU0,ipv4,10,0,0,0

2020-02-06 19:57:37.708000+00:00,leaf7,sg4,obt-collector1,0/RP0/CPU0,ipv6,2,0,0,0

2020-02-06 19:57:37.709000+00:00,leaf7,sg4,obt-collector1,0/RP0/CPU0,mpls,0,0,0,0

2020-02-06 19:57:41.142000+00:00,leaf7,sg4,obt-collector1,0/0/CPU0,ipv4,9,23,0,0

2020-02-06 19:57:41.143000+00:00,leaf7,sg4,obt-collector1,0/0/CPU0,ipv6,6,20,0,0

2020-02-06 19:57:41.144000+00:00,leaf7,sg4,obt-collector1,0/0/CPU0,mpls,0,0,0,0

2020-02-06 19:57:41.149000+00:00,leaf7,sg4,obt-collector1,0/RP0/CPU0,ipv4,10,0,0,0

2020-02-06 19:57:41.150000+00:00,leaf7,sg4,obt-collector1,0/RP0/CPU0,ipv6,2,0,0,0

2020-02-06 19:57:41.152000+00:00,leaf7,sg4,obt-collector1,0/RP0/CPU0,mpls,0,0,0,0

