,Producer,Target,common-info/count,host,node-name,protocol-name,summary/base-object/protocol,summary/health/is-retry-db-empty,summary/summary-counts/array-number-of-object/num-objects,summary/summary-counts/array-number-of-object/object-type,summary/summary-counts/array-number-of-retry/num-retries,summary/summary-counts/array-number-of-retry/retry-object-type,summary/summary-counts/num-retry-ojbects,summary/summary-counts/num-retry-timeouts

2020-02-06 19:32:04.073000+00:00,spine3,sg4,0,obt-collector1,0/0/CPU0,ipv6-mpls,3,true,0,DATA_TYPE_ENCAP_ID,0,Queue-Ext,0,0

2020-02-06 19:32:04.073000+00:00,spine3,sg4,0,obt-collector1,0/0/CPU0,ipv4-mpls,1,true,0,DATA_TYPE_ENCAP_ID,0,Queue-Ext,0,0

2020-02-06 19:32:04.073000+00:00,spine3,sg4,0,obt-collector1,0/0/CPU0,ipv6,2,false,0,DATA_TYPE_ENCAP_ID,0,Queue-Ext,0,574

2020-02-06 19:32:04.073000+00:00,spine3,sg4,0,obt-collector1,0/0/CPU0,ipv4,0,false,0,DATA_TYPE_ENCAP_ID,0,Queue-Ext,0,38

2020-02-06 19:32:04.075000+00:00,spine3,sg4,0,obt-collector1,0/RP0/CPU0,ipv6-mpls,3,true,0,DATA_TYPE_ENCAP_ID,0,Queue-Ext,0,0

2020-02-06 19:32:04.075000+00:00,spine3,sg4,0,obt-collector1,0/RP0/CPU0,ipv4,0,false,0,DATA_TYPE_ENCAP_ID,401,Queue-Ext,0,4094

2020-02-06 19:32:04.075000+00:00,spine3,sg4,0,obt-collector1,0/RP0/CPU0,ipv4-mpls,1,true,0,DATA_TYPE_ENCAP_ID,0,Queue-Ext,0,0

2020-02-06 19:32:04.075000+00:00,spine3,sg4,0,obt-collector1,0/RP0/CPU0,ipv6,2,false,0,DATA_TYPE_ENCAP_ID,488,Queue-Ext,0,2517

2020-02-06 19:32:07.781000+00:00,spine3,sg4,0,obt-collector1,0/0/CPU0,ipv4,0,false,0,DATA_TYPE_ENCAP_ID,0,Queue-Ext,0,38

2020-02-06 19:32:07.781000+00:00,spine3,sg4,0,obt-collector1,0/0/CPU0,ipv6-mpls,3,true,0,DATA_TYPE_ENCAP_ID,0,Queue-Ext,0,0

2020-02-06 19:32:07.781000+00:00,spine3,sg4,0,obt-collector1,0/0/CPU0,ipv6,2,false,0,DATA_TYPE_ENCAP_ID,0,Queue-Ext,0,574

2020-02-06 19:32:07.781000+00:00,spine3,sg4,0,obt-collector1,0/0/CPU0,ipv4-mpls,1,true,0,DATA_TYPE_ENCAP_ID,0,Queue-Ext,0,0

2020-02-06 19:32:07.782000+00:00,spine3,sg4,0,obt-collector1,0/RP0/CPU0,ipv4-mpls,1,true,0,DATA_TYPE_ENCAP_ID,0,Queue-Ext,0,0

2020-02-06 19:32:07.782000+00:00,spine3,sg4,0,obt-collector1,0/RP0/CPU0,ipv6,2,false,0,DATA_TYPE_ENCAP_ID,488,Queue-Ext,0,2517

2020-02-06 19:32:07.782000+00:00,spine3,sg4,0,obt-collector1,0/RP0/CPU0,ipv4,0,false,0,DATA_TYPE_ENCAP_ID,401,Queue-Ext,0,4094

2020-02-06 19:32:07.783000+00:00,spine3,sg4,0,obt-collector1,0/RP0/CPU0,ipv6-mpls,3,true,0,DATA_TYPE_ENCAP_ID,0,Queue-Ext,0,0

2020-02-06 19:32:15.664000+00:00,spine3,sg4,0,obt-collector1,0/0/CPU0,ipv4-mpls,1,true,0,DATA_TYPE_ENCAP_ID,0,Queue-Ext,0,0

2020-02-06 19:32:15.664000+00:00,spine3,sg4,0,obt-collector1,0/0/CPU0,ipv4,0,false,0,DATA_TYPE_ENCAP_ID,0,Queue-Ext,0,38

2020-02-06 19:32:15.664000+00:00,spine3,sg4,0,obt-collector1,0/0/CPU0,ipv6,2,false,0,DATA_TYPE_ENCAP_ID,0,Queue-Ext,0,574

2020-02-06 19:32:15.664000+00:00,spine3,sg4,0,obt-collector1,0/0/CPU0,ipv6-mpls,3,true,0,DATA_TYPE_ENCAP_ID,0,Queue-Ext,0,0

2020-02-06 19:32:15.665000+00:00,spine3,sg4,0,obt-collector1,0/RP0/CPU0,ipv4,0,false,0,DATA_TYPE_ENCAP_ID,401,Queue-Ext,0,4094

2020-02-06 19:32:15.665000+00:00,spine3,sg4,0,obt-collector1,0/RP0/CPU0,ipv4-mpls,1,true,0,DATA_TYPE_ENCAP_ID,0,Queue-Ext,0,0

2020-02-06 19:32:15.666000+00:00,spine3,sg4,0,obt-collector1,0/RP0/CPU0,ipv6-mpls,3,true,0,DATA_TYPE_ENCAP_ID,0,Queue-Ext,0,0

2020-02-06 19:32:15.666000+00:00,spine3,sg4,0,obt-collector1,0/RP0/CPU0,ipv6,2,false,0,DATA_TYPE_ENCAP_ID,488,Queue-Ext,0,2517

2020-02-06 19:32:23.404000+00:00,spine3,sg4,0,obt-collector1,0/0/CPU0,ipv4,0,false,0,DATA_TYPE_ENCAP_ID,0,Queue-Ext,0,38

2020-02-06 19:32:23.405000+00:00,spine3,sg4,0,obt-collector1,0/0/CPU0,ipv6,2,false,0,DATA_TYPE_ENCAP_ID,0,Queue-Ext,0,574

2020-02-06 19:32:23.405000+00:00,spine3,sg4,0,obt-collector1,0/0/CPU0,ipv6-mpls,3,true,0,DATA_TYPE_ENCAP_ID,0,Queue-Ext,0,0

2020-02-06 19:32:23.405000+00:00,spine3,sg4,0,obt-collector1,0/0/CPU0,ipv4-mpls,1,true,0,DATA_TYPE_ENCAP_ID,0,Queue-Ext,0,0

2020-02-06 19:32:23.406000+00:00,spine3,sg4,0,obt-collector1,0/RP0/CPU0,ipv6,2,false,0,DATA_TYPE_ENCAP_ID,488,Queue-Ext,0,2517

2020-02-06 19:32:23.406000+00:00,spine3,sg4,0,obt-collector1,0/RP0/CPU0,ipv4,0,false,0,DATA_TYPE_ENCAP_ID,401,Queue-Ext,0,4094

2020-02-06 19:32:23.406000+00:00,spine3,sg4,0,obt-collector1,0/RP0/CPU0,ipv6-mpls,3,true,0,DATA_TYPE_ENCAP_ID,0,Queue-Ext,0,0

2020-02-06 19:32:23.406000+00:00,spine3,sg4,0,obt-collector1,0/RP0/CPU0,ipv4-mpls,1,true,0,DATA_TYPE_ENCAP_ID,0,Queue-Ext,0,0

2020-02-06 19:32:27.045000+00:00,spine3,sg4,0,obt-collector1,0/0/CPU0,ipv6-mpls,3,true,0,DATA_TYPE_ENCAP_ID,0,Queue-Ext,0,0

2020-02-06 19:32:27.045000+00:00,spine3,sg4,0,obt-collector1,0/0/CPU0,ipv4-mpls,1,true,0,DATA_TYPE_ENCAP_ID,0,Queue-Ext,0,0

2020-02-06 19:32:27.045000+00:00,spine3,sg4,0,obt-collector1,0/0/CPU0,ipv6,2,false,0,DATA_TYPE_ENCAP_ID,0,Queue-Ext,0,574

2020-02-06 19:32:27.045000+00:00,spine3,sg4,0,obt-collector1,0/0/CPU0,ipv4,0,false,0,DATA_TYPE_ENCAP_ID,0,Queue-Ext,0,38

2020-02-06 19:32:27.047000+00:00,spine3,sg4,0,obt-collector1,0/RP0/CPU0,ipv4-mpls,1,true,0,DATA_TYPE_ENCAP_ID,0,Queue-Ext,0,0

2020-02-06 19:32:27.047000+00:00,spine3,sg4,0,obt-collector1,0/RP0/CPU0,ipv6,2,false,0,DATA_TYPE_ENCAP_ID,488,Queue-Ext,0,2517

2020-02-06 19:32:27.047000+00:00,spine3,sg4,0,obt-collector1,0/RP0/CPU0,ipv6-mpls,3,true,0,DATA_TYPE_ENCAP_ID,0,Queue-Ext,0,0

2020-02-06 19:32:27.047000+00:00,spine3,sg4,0,obt-collector1,0/RP0/CPU0,ipv4,0,false,0,DATA_TYPE_ENCAP_ID,401,Queue-Ext,0,4094

2020-02-06 19:32:50.560000+00:00,spine3,sg4,0,obt-collector1,0/0/CPU0,ipv6,2,false,0,DATA_TYPE_ENCAP_ID,0,Queue-Ext,0,574

2020-02-06 19:32:50.560000+00:00,spine3,sg4,0,obt-collector1,0/0/CPU0,ipv4,0,false,0,DATA_TYPE_ENCAP_ID,0,Queue-Ext,0,38

2020-02-06 19:32:50.560000+00:00,spine3,sg4,0,obt-collector1,0/0/CPU0,ipv4-mpls,1,true,0,DATA_TYPE_ENCAP_ID,0,Queue-Ext,0,0

2020-02-06 19:32:50.560000+00:00,spine3,sg4,0,obt-collector1,0/0/CPU0,ipv6-mpls,3,true,0,DATA_TYPE_ENCAP_ID,0,Queue-Ext,0,0

2020-02-06 19:32:50.561000+00:00,spine3,sg4,0,obt-collector1,0/RP0/CPU0,ipv4,0,false,0,DATA_TYPE_ENCAP_ID,401,Queue-Ext,0,4094

2020-02-06 19:32:50.561000+00:00,spine3,sg4,0,obt-collector1,0/RP0/CPU0,ipv4-mpls,1,true,0,DATA_TYPE_ENCAP_ID,0,Queue-Ext,0,0

2020-02-06 19:32:50.562000+00:00,spine3,sg4,0,obt-collector1,0/RP0/CPU0,ipv6-mpls,3,true,0,DATA_TYPE_ENCAP_ID,0,Queue-Ext,0,0

2020-02-06 19:32:50.562000+00:00,spine3,sg4,0,obt-collector1,0/RP0/CPU0,ipv6,2,false,0,DATA_TYPE_ENCAP_ID,488,Queue-Ext,0,2517

2020-02-06 19:33:02.816000+00:00,spine3,sg4,0,obt-collector1,0/0/CPU0,ipv4-mpls,1,true,0,DATA_TYPE_ENCAP_ID,0,Queue-Ext,0,0

2020-02-06 19:33:02.816000+00:00,spine3,sg4,0,obt-collector1,0/0/CPU0,ipv6-mpls,3,true,0,DATA_TYPE_ENCAP_ID,0,Queue-Ext,0,0

2020-02-06 19:33:02.816000+00:00,spine3,sg4,0,obt-collector1,0/0/CPU0,ipv4,0,false,0,DATA_TYPE_ENCAP_ID,0,Queue-Ext,0,38

2020-02-06 19:33:02.816000+00:00,spine3,sg4,0,obt-collector1,0/0/CPU0,ipv6,2,false,0,DATA_TYPE_ENCAP_ID,0,Queue-Ext,0,574

2020-02-06 19:33:02.817000+00:00,spine3,sg4,0,obt-collector1,0/RP0/CPU0,ipv6,2,false,0,DATA_TYPE_ENCAP_ID,488,Queue-Ext,0,2517

2020-02-06 19:33:02.817000+00:00,spine3,sg4,0,obt-collector1,0/RP0/CPU0,ipv4,0,false,0,DATA_TYPE_ENCAP_ID,401,Queue-Ext,0,4094

2020-02-06 19:33:02.817000+00:00,spine3,sg4,0,obt-collector1,0/RP0/CPU0,ipv6-mpls,3,true,0,DATA_TYPE_ENCAP_ID,0,Queue-Ext,0,0

2020-02-06 19:33:02.817000+00:00,spine3,sg4,0,obt-collector1,0/RP0/CPU0,ipv4-mpls,1,true,0,DATA_TYPE_ENCAP_ID,0,Queue-Ext,0,0

2020-02-06 19:33:15.293000+00:00,spine3,sg4,0,obt-collector1,0/0/CPU0,ipv4,0,false,0,DATA_TYPE_ENCAP_ID,0,Queue-Ext,0,38

2020-02-06 19:33:15.293000+00:00,spine3,sg4,0,obt-collector1,0/0/CPU0,ipv6,2,false,0,DATA_TYPE_ENCAP_ID,0,Queue-Ext,0,574

2020-02-06 19:33:15.293000+00:00,spine3,sg4,0,obt-collector1,0/0/CPU0,ipv6-mpls,3,true,0,DATA_TYPE_ENCAP_ID,0,Queue-Ext,0,0

2020-02-06 19:33:15.293000+00:00,spine3,sg4,0,obt-collector1,0/0/CPU0,ipv4-mpls,1,true,0,DATA_TYPE_ENCAP_ID,0,Queue-Ext,0,0

2020-02-06 19:33:15.295000+00:00,spine3,sg4,0,obt-collector1,0/RP0/CPU0,ipv4-mpls,1,true,0,DATA_TYPE_ENCAP_ID,0,Queue-Ext,0,0

2020-02-06 19:33:15.295000+00:00,spine3,sg4,0,obt-collector1,0/RP0/CPU0,ipv6,2,false,0,DATA_TYPE_ENCAP_ID,488,Queue-Ext,0,2517

2020-02-06 19:33:15.295000+00:00,spine3,sg4,0,obt-collector1,0/RP0/CPU0,ipv6-mpls,3,true,0,DATA_TYPE_ENCAP_ID,0,Queue-Ext,0,0

2020-02-06 19:33:15.295000+00:00,spine3,sg4,0,obt-collector1,0/RP0/CPU0,ipv4,0,false,0,DATA_TYPE_ENCAP_ID,401,Queue-Ext,0,4094

2020-02-06 19:33:26.897000+00:00,spine3,sg4,0,obt-collector1,0/0/CPU0,ipv6-mpls,3,true,0,DATA_TYPE_ENCAP_ID,0,Queue-Ext,0,0

2020-02-06 19:33:26.897000+00:00,spine3,sg4,0,obt-collector1,0/0/CPU0,ipv4-mpls,1,true,0,DATA_TYPE_ENCAP_ID,0,Queue-Ext,0,0

2020-02-06 19:33:26.897000+00:00,spine3,sg4,0,obt-collector1,0/0/CPU0,ipv6,2,false,0,DATA_TYPE_ENCAP_ID,0,Queue-Ext,0,574

2020-02-06 19:33:26.897000+00:00,spine3,sg4,0,obt-collector1,0/0/CPU0,ipv4,0,false,0,DATA_TYPE_ENCAP_ID,0,Queue-Ext,0,38

2020-02-06 19:33:26.899000+00:00,spine3,sg4,0,obt-collector1,0/RP0/CPU0,ipv4,0,false,0,DATA_TYPE_ENCAP_ID,401,Queue-Ext,0,4094

2020-02-06 19:33:26.899000+00:00,spine3,sg4,0,obt-collector1,0/RP0/CPU0,ipv4-mpls,1,true,0,DATA_TYPE_ENCAP_ID,0,Queue-Ext,0,0

2020-02-06 19:33:26.899000+00:00,spine3,sg4,0,obt-collector1,0/RP0/CPU0,ipv6-mpls,3,true,0,DATA_TYPE_ENCAP_ID,0,Queue-Ext,0,0

2020-02-06 19:33:26.899000+00:00,spine3,sg4,0,obt-collector1,0/RP0/CPU0,ipv6,2,false,0,DATA_TYPE_ENCAP_ID,488,Queue-Ext,0,2517

2020-02-06 19:33:34.908000+00:00,spine3,sg4,0,obt-collector1,0/0/CPU0,ipv6,2,false,0,DATA_TYPE_ENCAP_ID,0,Queue-Ext,0,574

2020-02-06 19:33:34.908000+00:00,spine3,sg4,0,obt-collector1,0/0/CPU0,ipv4,0,false,0,DATA_TYPE_ENCAP_ID,0,Queue-Ext,0,38

2020-02-06 19:33:34.908000+00:00,spine3,sg4,0,obt-collector1,0/0/CPU0,ipv4-mpls,1,true,0,DATA_TYPE_ENCAP_ID,0,Queue-Ext,0,0

2020-02-06 19:33:34.908000+00:00,spine3,sg4,0,obt-collector1,0/0/CPU0,ipv6-mpls,3,true,0,DATA_TYPE_ENCAP_ID,0,Queue-Ext,0,0

2020-02-06 19:33:34.909000+00:00,spine3,sg4,0,obt-collector1,0/RP0/CPU0,ipv6,2,false,0,DATA_TYPE_ENCAP_ID,488,Queue-Ext,0,2517

2020-02-06 19:33:34.909000+00:00,spine3,sg4,0,obt-collector1,0/RP0/CPU0,ipv4,0,false,0,DATA_TYPE_ENCAP_ID,401,Queue-Ext,0,4094

2020-02-06 19:33:34.909000+00:00,spine3,sg4,0,obt-collector1,0/RP0/CPU0,ipv6-mpls,3,true,0,DATA_TYPE_ENCAP_ID,0,Queue-Ext,0,0

2020-02-06 19:33:34.909000+00:00,spine3,sg4,0,obt-collector1,0/RP0/CPU0,ipv4-mpls,1,true,0,DATA_TYPE_ENCAP_ID,0,Queue-Ext,0,0

2020-02-06 19:33:38.594000+00:00,spine3,sg4,0,obt-collector1,0/0/CPU0,ipv4-mpls,1,true,0,DATA_TYPE_ENCAP_ID,0,Queue-Ext,0,0

2020-02-06 19:33:38.594000+00:00,spine3,sg4,0,obt-collector1,0/0/CPU0,ipv6-mpls,3,true,0,DATA_TYPE_ENCAP_ID,0,Queue-Ext,0,0

2020-02-06 19:33:38.594000+00:00,spine3,sg4,0,obt-collector1,0/0/CPU0,ipv4,0,false,0,DATA_TYPE_ENCAP_ID,0,Queue-Ext,0,38

2020-02-06 19:33:38.594000+00:00,spine3,sg4,0,obt-collector1,0/0/CPU0,ipv6,2,false,0,DATA_TYPE_ENCAP_ID,0,Queue-Ext,0,574

2020-02-06 19:33:38.595000+00:00,spine3,sg4,0,obt-collector1,0/RP0/CPU0,ipv4-mpls,1,true,0,DATA_TYPE_ENCAP_ID,0,Queue-Ext,0,0

2020-02-06 19:33:38.595000+00:00,spine3,sg4,0,obt-collector1,0/RP0/CPU0,ipv6,2,false,0,DATA_TYPE_ENCAP_ID,488,Queue-Ext,0,2517

2020-02-06 19:33:38.595000+00:00,spine3,sg4,0,obt-collector1,0/RP0/CPU0,ipv6-mpls,3,true,0,DATA_TYPE_ENCAP_ID,0,Queue-Ext,0,0

2020-02-06 19:33:38.595000+00:00,spine3,sg4,0,obt-collector1,0/RP0/CPU0,ipv4,0,false,0,DATA_TYPE_ENCAP_ID,401,Queue-Ext,0,4094

2020-02-06 19:34:37.374000+00:00,spine3,sg4,0,obt-collector1,0/0/CPU0,ipv4,0,false,0,DATA_TYPE_ENCAP_ID,0,Queue-Ext,0,38

2020-02-06 19:34:37.374000+00:00,spine3,sg4,0,obt-collector1,0/0/CPU0,ipv6,2,false,0,DATA_TYPE_ENCAP_ID,0,Queue-Ext,0,574

2020-02-06 19:34:37.374000+00:00,spine3,sg4,0,obt-collector1,0/0/CPU0,ipv6-mpls,3,true,0,DATA_TYPE_ENCAP_ID,0,Queue-Ext,0,0

2020-02-06 19:34:37.374000+00:00,spine3,sg4,0,obt-collector1,0/0/CPU0,ipv4-mpls,1,true,0,DATA_TYPE_ENCAP_ID,0,Queue-Ext,0,0

2020-02-06 19:34:37.376000+00:00,spine3,sg4,0,obt-collector1,0/RP0/CPU0,ipv4,0,false,0,DATA_TYPE_ENCAP_ID,401,Queue-Ext,0,4094

2020-02-06 19:34:37.376000+00:00,spine3,sg4,0,obt-collector1,0/RP0/CPU0,ipv4-mpls,1,true,0,DATA_TYPE_ENCAP_ID,0,Queue-Ext,0,0

2020-02-06 19:34:37.376000+00:00,spine3,sg4,0,obt-collector1,0/RP0/CPU0,ipv6-mpls,3,true,0,DATA_TYPE_ENCAP_ID,0,Queue-Ext,0,0

2020-02-06 19:34:37.376000+00:00,spine3,sg4,0,obt-collector1,0/RP0/CPU0,ipv6,2,false,0,DATA_TYPE_ENCAP_ID,488,Queue-Ext,0,2517

2020-02-06 19:35:40.115000+00:00,spine3,sg4,0,obt-collector1,0/0/CPU0,ipv6-mpls,3,true,0,DATA_TYPE_ENCAP_ID,0,Queue-Ext,0,0

2020-02-06 19:35:40.115000+00:00,spine3,sg4,0,obt-collector1,0/0/CPU0,ipv4-mpls,1,true,0,DATA_TYPE_ENCAP_ID,0,Queue-Ext,0,0

2020-02-06 19:35:40.115000+00:00,spine3,sg4,0,obt-collector1,0/0/CPU0,ipv6,2,false,0,DATA_TYPE_ENCAP_ID,0,Queue-Ext,0,574

2020-02-06 19:35:40.115000+00:00,spine3,sg4,0,obt-collector1,0/0/CPU0,ipv4,0,false,0,DATA_TYPE_ENCAP_ID,0,Queue-Ext,0,38

2020-02-06 19:35:40.117000+00:00,spine3,sg4,0,obt-collector1,0/RP0/CPU0,ipv6,2,false,0,DATA_TYPE_ENCAP_ID,488,Queue-Ext,0,2517

2020-02-06 19:35:40.117000+00:00,spine3,sg4,0,obt-collector1,0/RP0/CPU0,ipv4,0,false,0,DATA_TYPE_ENCAP_ID,401,Queue-Ext,0,4094

2020-02-06 19:35:40.117000+00:00,spine3,sg4,0,obt-collector1,0/RP0/CPU0,ipv6-mpls,3,true,0,DATA_TYPE_ENCAP_ID,0,Queue-Ext,0,0

2020-02-06 19:35:40.117000+00:00,spine3,sg4,0,obt-collector1,0/RP0/CPU0,ipv4-mpls,1,true,0,DATA_TYPE_ENCAP_ID,0,Queue-Ext,0,0

2020-02-06 19:36:18.956000+00:00,spine3,sg4,0,obt-collector1,0/0/CPU0,ipv6,2,false,0,DATA_TYPE_ENCAP_ID,0,Queue-Ext,0,574

2020-02-06 19:36:18.956000+00:00,spine3,sg4,0,obt-collector1,0/0/CPU0,ipv4,0,false,0,DATA_TYPE_ENCAP_ID,0,Queue-Ext,0,38

2020-02-06 19:36:18.956000+00:00,spine3,sg4,0,obt-collector1,0/0/CPU0,ipv4-mpls,1,true,0,DATA_TYPE_ENCAP_ID,0,Queue-Ext,0,0

2020-02-06 19:36:18.956000+00:00,spine3,sg4,0,obt-collector1,0/0/CPU0,ipv6-mpls,3,true,0,DATA_TYPE_ENCAP_ID,0,Queue-Ext,0,0

2020-02-06 19:36:18.958000+00:00,spine3,sg4,0,obt-collector1,0/RP0/CPU0,ipv4-mpls,1,true,0,DATA_TYPE_ENCAP_ID,0,Queue-Ext,0,0

2020-02-06 19:36:18.958000+00:00,spine3,sg4,0,obt-collector1,0/RP0/CPU0,ipv6,2,false,0,DATA_TYPE_ENCAP_ID,488,Queue-Ext,0,2517

2020-02-06 19:36:18.958000+00:00,spine3,sg4,0,obt-collector1,0/RP0/CPU0,ipv6-mpls,3,true,0,DATA_TYPE_ENCAP_ID,0,Queue-Ext,0,0

2020-02-06 19:36:18.958000+00:00,spine3,sg4,0,obt-collector1,0/RP0/CPU0,ipv4,0,false,0,DATA_TYPE_ENCAP_ID,401,Queue-Ext,0,4094

2020-02-06 19:36:42.145000+00:00,spine3,sg4,0,obt-collector1,0/0/CPU0,ipv4-mpls,1,true,0,DATA_TYPE_ENCAP_ID,0,Queue-Ext,0,0

2020-02-06 19:36:42.145000+00:00,spine3,sg4,0,obt-collector1,0/0/CPU0,ipv6-mpls,3,true,0,DATA_TYPE_ENCAP_ID,0,Queue-Ext,0,0

2020-02-06 19:36:42.145000+00:00,spine3,sg4,0,obt-collector1,0/0/CPU0,ipv4,0,false,0,DATA_TYPE_ENCAP_ID,0,Queue-Ext,0,38

2020-02-06 19:36:42.145000+00:00,spine3,sg4,0,obt-collector1,0/0/CPU0,ipv6,2,false,0,DATA_TYPE_ENCAP_ID,0,Queue-Ext,0,574

2020-02-06 19:36:42.146000+00:00,spine3,sg4,0,obt-collector1,0/RP0/CPU0,ipv4,0,false,0,DATA_TYPE_ENCAP_ID,401,Queue-Ext,0,4094

2020-02-06 19:36:42.146000+00:00,spine3,sg4,0,obt-collector1,0/RP0/CPU0,ipv4-mpls,1,true,0,DATA_TYPE_ENCAP_ID,0,Queue-Ext,0,0

2020-02-06 19:36:42.146000+00:00,spine3,sg4,0,obt-collector1,0/RP0/CPU0,ipv6-mpls,3,true,0,DATA_TYPE_ENCAP_ID,0,Queue-Ext,0,0

2020-02-06 19:36:42.146000+00:00,spine3,sg4,0,obt-collector1,0/RP0/CPU0,ipv6,2,false,0,DATA_TYPE_ENCAP_ID,488,Queue-Ext,0,2517

2020-02-06 19:36:57.080000+00:00,spine3,sg4,0,obt-collector1,0/0/CPU0,ipv4,0,false,0,DATA_TYPE_ENCAP_ID,0,Queue-Ext,0,38

2020-02-06 19:36:57.080000+00:00,spine3,sg4,0,obt-collector1,0/0/CPU0,ipv6,2,false,0,DATA_TYPE_ENCAP_ID,0,Queue-Ext,0,574

2020-02-06 19:36:57.080000+00:00,spine3,sg4,0,obt-collector1,0/0/CPU0,ipv6-mpls,3,true,0,DATA_TYPE_ENCAP_ID,0,Queue-Ext,0,0

2020-02-06 19:36:57.080000+00:00,spine3,sg4,0,obt-collector1,0/0/CPU0,ipv4-mpls,1,true,0,DATA_TYPE_ENCAP_ID,0,Queue-Ext,0,0

2020-02-06 19:36:57.082000+00:00,spine3,sg4,0,obt-collector1,0/RP0/CPU0,ipv6,2,false,0,DATA_TYPE_ENCAP_ID,488,Queue-Ext,0,2517

2020-02-06 19:36:57.082000+00:00,spine3,sg4,0,obt-collector1,0/RP0/CPU0,ipv4,0,false,0,DATA_TYPE_ENCAP_ID,401,Queue-Ext,0,4094

2020-02-06 19:36:57.082000+00:00,spine3,sg4,0,obt-collector1,0/RP0/CPU0,ipv6-mpls,3,true,0,DATA_TYPE_ENCAP_ID,0,Queue-Ext,0,0

2020-02-06 19:36:57.082000+00:00,spine3,sg4,0,obt-collector1,0/RP0/CPU0,ipv4-mpls,1,true,0,DATA_TYPE_ENCAP_ID,0,Queue-Ext,0,0

2020-02-06 19:37:12.870000+00:00,spine3,sg4,0,obt-collector1,0/0/CPU0,ipv6-mpls,3,true,0,DATA_TYPE_ENCAP_ID,0,Queue-Ext,0,0

2020-02-06 19:37:12.870000+00:00,spine3,sg4,0,obt-collector1,0/0/CPU0,ipv4-mpls,1,true,0,DATA_TYPE_ENCAP_ID,0,Queue-Ext,0,0

2020-02-06 19:37:12.870000+00:00,spine3,sg4,0,obt-collector1,0/0/CPU0,ipv6,2,false,0,DATA_TYPE_ENCAP_ID,0,Queue-Ext,0,574

2020-02-06 19:37:12.870000+00:00,spine3,sg4,0,obt-collector1,0/0/CPU0,ipv4,0,false,0,DATA_TYPE_ENCAP_ID,0,Queue-Ext,0,38

2020-02-06 19:37:12.872000+00:00,spine3,sg4,0,obt-collector1,0/RP0/CPU0,ipv4-mpls,1,true,0,DATA_TYPE_ENCAP_ID,0,Queue-Ext,0,0

2020-02-06 19:37:12.872000+00:00,spine3,sg4,0,obt-collector1,0/RP0/CPU0,ipv6,2,false,0,DATA_TYPE_ENCAP_ID,488,Queue-Ext,0,2517

2020-02-06 19:37:12.872000+00:00,spine3,sg4,0,obt-collector1,0/RP0/CPU0,ipv6-mpls,3,true,0,DATA_TYPE_ENCAP_ID,0,Queue-Ext,0,0

2020-02-06 19:37:12.872000+00:00,spine3,sg4,0,obt-collector1,0/RP0/CPU0,ipv4,0,false,0,DATA_TYPE_ENCAP_ID,401,Queue-Ext,0,4094

2020-02-06 19:37:20.366000+00:00,spine3,sg4,0,obt-collector1,0/0/CPU0,ipv6,2,false,0,DATA_TYPE_ENCAP_ID,0,Queue-Ext,0,574

2020-02-06 19:37:20.366000+00:00,spine3,sg4,0,obt-collector1,0/0/CPU0,ipv4,0,false,0,DATA_TYPE_ENCAP_ID,0,Queue-Ext,0,38

2020-02-06 19:37:20.366000+00:00,spine3,sg4,0,obt-collector1,0/0/CPU0,ipv4-mpls,1,true,0,DATA_TYPE_ENCAP_ID,0,Queue-Ext,0,0

2020-02-06 19:37:20.366000+00:00,spine3,sg4,0,obt-collector1,0/0/CPU0,ipv6-mpls,3,true,0,DATA_TYPE_ENCAP_ID,0,Queue-Ext,0,0

2020-02-06 19:37:20.368000+00:00,spine3,sg4,0,obt-collector1,0/RP0/CPU0,ipv4,0,false,0,DATA_TYPE_ENCAP_ID,401,Queue-Ext,0,4094

2020-02-06 19:37:20.368000+00:00,spine3,sg4,0,obt-collector1,0/RP0/CPU0,ipv4-mpls,1,true,0,DATA_TYPE_ENCAP_ID,0,Queue-Ext,0,0

2020-02-06 19:37:20.368000+00:00,spine3,sg4,0,obt-collector1,0/RP0/CPU0,ipv6-mpls,3,true,0,DATA_TYPE_ENCAP_ID,0,Queue-Ext,0,0

2020-02-06 19:37:20.368000+00:00,spine3,sg4,0,obt-collector1,0/RP0/CPU0,ipv6,2,false,0,DATA_TYPE_ENCAP_ID,488,Queue-Ext,0,2517

2020-02-06 19:37:39.691000+00:00,spine3,sg4,0,obt-collector1,0/0/CPU0,ipv4-mpls,1,true,0,DATA_TYPE_ENCAP_ID,0,Queue-Ext,0,0

2020-02-06 19:37:39.691000+00:00,spine3,sg4,0,obt-collector1,0/0/CPU0,ipv4,0,false,0,DATA_TYPE_ENCAP_ID,0,Queue-Ext,0,38

2020-02-06 19:37:39.691000+00:00,spine3,sg4,0,obt-collector1,0/0/CPU0,ipv6,2,false,0,DATA_TYPE_ENCAP_ID,0,Queue-Ext,0,574

2020-02-06 19:37:39.692000+00:00,spine3,sg4,0,obt-collector1,0/0/CPU0,ipv6-mpls,3,true,0,DATA_TYPE_ENCAP_ID,0,Queue-Ext,0,0

2020-02-06 19:37:39.693000+00:00,spine3,sg4,0,obt-collector1,0/RP0/CPU0,ipv4,0,false,0,DATA_TYPE_ENCAP_ID,401,Queue-Ext,0,4094

2020-02-06 19:37:39.693000+00:00,spine3,sg4,0,obt-collector1,0/RP0/CPU0,ipv6-mpls,3,true,0,DATA_TYPE_ENCAP_ID,0,Queue-Ext,0,0

2020-02-06 19:37:39.693000+00:00,spine3,sg4,0,obt-collector1,0/RP0/CPU0,ipv4-mpls,1,true,0,DATA_TYPE_ENCAP_ID,0,Queue-Ext,0,0

2020-02-06 19:37:39.693000+00:00,spine3,sg4,0,obt-collector1,0/RP0/CPU0,ipv6,2,false,0,DATA_TYPE_ENCAP_ID,488,Queue-Ext,0,2517

2020-02-06 19:38:22.524000+00:00,spine3,sg4,0,obt-collector1,0/0/CPU0,ipv4,0,false,0,DATA_TYPE_ENCAP_ID,0,Queue-Ext,0,38

2020-02-06 19:38:22.525000+00:00,spine3,sg4,0,obt-collector1,0/0/CPU0,ipv6-mpls,3,true,0,DATA_TYPE_ENCAP_ID,0,Queue-Ext,0,0

2020-02-06 19:38:22.525000+00:00,spine3,sg4,0,obt-collector1,0/0/CPU0,ipv6,2,false,0,DATA_TYPE_ENCAP_ID,0,Queue-Ext,0,574

2020-02-06 19:38:22.525000+00:00,spine3,sg4,0,obt-collector1,0/0/CPU0,ipv4-mpls,1,true,0,DATA_TYPE_ENCAP_ID,0,Queue-Ext,0,0

2020-02-06 19:38:22.526000+00:00,spine3,sg4,0,obt-collector1,0/RP0/CPU0,ipv4-mpls,1,true,0,DATA_TYPE_ENCAP_ID,0,Queue-Ext,0,0

2020-02-06 19:38:22.526000+00:00,spine3,sg4,0,obt-collector1,0/RP0/CPU0,ipv6,2,false,0,DATA_TYPE_ENCAP_ID,488,Queue-Ext,0,2517

2020-02-06 19:38:22.526000+00:00,spine3,sg4,0,obt-collector1,0/RP0/CPU0,ipv6-mpls,3,true,0,DATA_TYPE_ENCAP_ID,0,Queue-Ext,0,0

2020-02-06 19:38:22.526000+00:00,spine3,sg4,0,obt-collector1,0/RP0/CPU0,ipv4,0,false,0,DATA_TYPE_ENCAP_ID,401,Queue-Ext,0,4094

2020-02-06 19:38:29.852000+00:00,spine3,sg4,0,obt-collector1,0/0/CPU0,ipv4-mpls,1,true,0,DATA_TYPE_ENCAP_ID,0,Queue-Ext,0,0

2020-02-06 19:38:29.852000+00:00,spine3,sg4,0,obt-collector1,0/0/CPU0,ipv4,0,false,0,DATA_TYPE_ENCAP_ID,0,Queue-Ext,0,38

2020-02-06 19:38:29.852000+00:00,spine3,sg4,0,obt-collector1,0/0/CPU0,ipv6,2,false,0,DATA_TYPE_ENCAP_ID,0,Queue-Ext,0,574

2020-02-06 19:38:29.852000+00:00,spine3,sg4,0,obt-collector1,0/0/CPU0,ipv6-mpls,3,true,0,DATA_TYPE_ENCAP_ID,0,Queue-Ext,0,0

2020-02-06 19:38:29.853000+00:00,spine3,sg4,0,obt-collector1,0/RP0/CPU0,ipv6-mpls,3,true,0,DATA_TYPE_ENCAP_ID,0,Queue-Ext,0,0

2020-02-06 19:38:29.853000+00:00,spine3,sg4,0,obt-collector1,0/RP0/CPU0,ipv4,0,false,0,DATA_TYPE_ENCAP_ID,401,Queue-Ext,0,4094

2020-02-06 19:38:29.853000+00:00,spine3,sg4,0,obt-collector1,0/RP0/CPU0,ipv6,2,false,0,DATA_TYPE_ENCAP_ID,488,Queue-Ext,0,2517

2020-02-06 19:38:29.853000+00:00,spine3,sg4,0,obt-collector1,0/RP0/CPU0,ipv4-mpls,1,true,0,DATA_TYPE_ENCAP_ID,0,Queue-Ext,0,0

2020-02-06 19:38:45.460000+00:00,spine3,sg4,0,obt-collector1,0/0/CPU0,ipv4-mpls,1,true,0,DATA_TYPE_ENCAP_ID,0,Queue-Ext,0,0

2020-02-06 19:38:45.460000+00:00,spine3,sg4,0,obt-collector1,0/0/CPU0,ipv6,2,false,0,DATA_TYPE_ENCAP_ID,0,Queue-Ext,0,574

2020-02-06 19:38:45.460000+00:00,spine3,sg4,0,obt-collector1,0/0/CPU0,ipv4,0,false,0,DATA_TYPE_ENCAP_ID,0,Queue-Ext,0,38

2020-02-06 19:38:45.461000+00:00,spine3,sg4,0,obt-collector1,0/0/CPU0,ipv6-mpls,3,true,0,DATA_TYPE_ENCAP_ID,0,Queue-Ext,0,0

2020-02-06 19:38:45.462000+00:00,spine3,sg4,0,obt-collector1,0/RP0/CPU0,ipv4-mpls,1,true,0,DATA_TYPE_ENCAP_ID,0,Queue-Ext,0,0

2020-02-06 19:38:45.462000+00:00,spine3,sg4,0,obt-collector1,0/RP0/CPU0,ipv6,2,false,0,DATA_TYPE_ENCAP_ID,488,Queue-Ext,0,2517

2020-02-06 19:38:45.462000+00:00,spine3,sg4,0,obt-collector1,0/RP0/CPU0,ipv4,0,false,0,DATA_TYPE_ENCAP_ID,401,Queue-Ext,0,4094

2020-02-06 19:38:45.462000+00:00,spine3,sg4,0,obt-collector1,0/RP0/CPU0,ipv6-mpls,3,true,0,DATA_TYPE_ENCAP_ID,0,Queue-Ext,0,0

2020-02-06 19:39:05.056000+00:00,spine3,sg4,0,obt-collector1,0/0/CPU0,ipv6-mpls,3,true,0,DATA_TYPE_ENCAP_ID,0,Queue-Ext,0,0

2020-02-06 19:39:05.056000+00:00,spine3,sg4,0,obt-collector1,0/0/CPU0,ipv6,2,false,0,DATA_TYPE_ENCAP_ID,0,Queue-Ext,0,574

2020-02-06 19:39:05.056000+00:00,spine3,sg4,0,obt-collector1,0/0/CPU0,ipv4,0,false,0,DATA_TYPE_ENCAP_ID,0,Queue-Ext,0,38

2020-02-06 19:39:05.056000+00:00,spine3,sg4,0,obt-collector1,0/0/CPU0,ipv4-mpls,1,true,0,DATA_TYPE_ENCAP_ID,0,Queue-Ext,0,0

2020-02-06 19:39:05.058000+00:00,spine3,sg4,0,obt-collector1,0/RP0/CPU0,ipv4,0,false,0,DATA_TYPE_ENCAP_ID,401,Queue-Ext,0,4094

2020-02-06 19:39:05.058000+00:00,spine3,sg4,0,obt-collector1,0/RP0/CPU0,ipv6-mpls,3,true,0,DATA_TYPE_ENCAP_ID,0,Queue-Ext,0,0

2020-02-06 19:39:05.058000+00:00,spine3,sg4,0,obt-collector1,0/RP0/CPU0,ipv6,2,false,0,DATA_TYPE_ENCAP_ID,488,Queue-Ext,0,2517

2020-02-06 19:39:05.058000+00:00,spine3,sg4,0,obt-collector1,0/RP0/CPU0,ipv4-mpls,1,true,0,DATA_TYPE_ENCAP_ID,0,Queue-Ext,0,0

2020-02-06 19:39:08.731000+00:00,spine3,sg4,0,obt-collector1,0/0/CPU0,ipv4-mpls,1,true,0,DATA_TYPE_ENCAP_ID,0,Queue-Ext,0,0

2020-02-06 19:39:08.731000+00:00,spine3,sg4,0,obt-collector1,0/0/CPU0,ipv6-mpls,3,true,0,DATA_TYPE_ENCAP_ID,0,Queue-Ext,0,0

2020-02-06 19:39:08.731000+00:00,spine3,sg4,0,obt-collector1,0/0/CPU0,ipv4,0,false,0,DATA_TYPE_ENCAP_ID,0,Queue-Ext,0,38

2020-02-06 19:39:08.731000+00:00,spine3,sg4,0,obt-collector1,0/0/CPU0,ipv6,2,false,0,DATA_TYPE_ENCAP_ID,0,Queue-Ext,0,574

2020-02-06 19:39:08.733000+00:00,spine3,sg4,0,obt-collector1,0/RP0/CPU0,ipv6,2,false,0,DATA_TYPE_ENCAP_ID,488,Queue-Ext,0,2517

2020-02-06 19:39:08.733000+00:00,spine3,sg4,0,obt-collector1,0/RP0/CPU0,ipv4-mpls,1,true,0,DATA_TYPE_ENCAP_ID,0,Queue-Ext,0,0

2020-02-06 19:39:08.733000+00:00,spine3,sg4,0,obt-collector1,0/RP0/CPU0,ipv6-mpls,3,true,0,DATA_TYPE_ENCAP_ID,0,Queue-Ext,0,0

2020-02-06 19:39:08.733000+00:00,spine3,sg4,0,obt-collector1,0/RP0/CPU0,ipv4,0,false,0,DATA_TYPE_ENCAP_ID,401,Queue-Ext,0,4094

2020-02-06 19:39:25.429000+00:00,spine3,sg4,0,obt-collector1,0/0/CPU0,ipv6,2,false,0,DATA_TYPE_ENCAP_ID,0,Queue-Ext,0,574

2020-02-06 19:39:25.429000+00:00,spine3,sg4,0,obt-collector1,0/0/CPU0,ipv4-mpls,1,true,0,DATA_TYPE_ENCAP_ID,0,Queue-Ext,0,0

2020-02-06 19:39:25.429000+00:00,spine3,sg4,0,obt-collector1,0/0/CPU0,ipv4,0,false,0,DATA_TYPE_ENCAP_ID,0,Queue-Ext,0,38

2020-02-06 19:39:25.429000+00:00,spine3,sg4,0,obt-collector1,0/0/CPU0,ipv6-mpls,3,true,0,DATA_TYPE_ENCAP_ID,0,Queue-Ext,0,0

2020-02-06 19:39:25.431000+00:00,spine3,sg4,0,obt-collector1,0/RP0/CPU0,ipv6-mpls,3,true,0,DATA_TYPE_ENCAP_ID,0,Queue-Ext,0,0

2020-02-06 19:39:25.431000+00:00,spine3,sg4,0,obt-collector1,0/RP0/CPU0,ipv4,0,false,0,DATA_TYPE_ENCAP_ID,401,Queue-Ext,0,4094

2020-02-06 19:39:25.431000+00:00,spine3,sg4,0,obt-collector1,0/RP0/CPU0,ipv4-mpls,1,true,0,DATA_TYPE_ENCAP_ID,0,Queue-Ext,0,0

2020-02-06 19:39:25.431000+00:00,spine3,sg4,0,obt-collector1,0/RP0/CPU0,ipv6,2,false,0,DATA_TYPE_ENCAP_ID,488,Queue-Ext,0,2517

2020-02-06 19:39:48.311000+00:00,spine3,sg4,0,obt-collector1,0/0/CPU0,ipv6-mpls,3,true,0,DATA_TYPE_ENCAP_ID,0,Queue-Ext,0,0

2020-02-06 19:39:48.311000+00:00,spine3,sg4,0,obt-collector1,0/0/CPU0,ipv6,2,false,0,DATA_TYPE_ENCAP_ID,0,Queue-Ext,0,574

2020-02-06 19:39:48.311000+00:00,spine3,sg4,0,obt-collector1,0/0/CPU0,ipv4,0,false,0,DATA_TYPE_ENCAP_ID,0,Queue-Ext,0,38

2020-02-06 19:39:48.311000+00:00,spine3,sg4,0,obt-collector1,0/0/CPU0,ipv4-mpls,1,true,0,DATA_TYPE_ENCAP_ID,0,Queue-Ext,0,0

2020-02-06 19:39:48.313000+00:00,spine3,sg4,0,obt-collector1,0/RP0/CPU0,ipv4-mpls,1,true,0,DATA_TYPE_ENCAP_ID,0,Queue-Ext,0,0

2020-02-06 19:39:48.313000+00:00,spine3,sg4,0,obt-collector1,0/RP0/CPU0,ipv6,2,false,0,DATA_TYPE_ENCAP_ID,488,Queue-Ext,0,2517

2020-02-06 19:39:48.313000+00:00,spine3,sg4,0,obt-collector1,0/RP0/CPU0,ipv4,0,false,0,DATA_TYPE_ENCAP_ID,401,Queue-Ext,0,4094

2020-02-06 19:39:48.313000+00:00,spine3,sg4,0,obt-collector1,0/RP0/CPU0,ipv6-mpls,3,true,0,DATA_TYPE_ENCAP_ID,0,Queue-Ext,0,0

2020-02-06 19:39:59.582000+00:00,spine3,sg4,0,obt-collector1,0/0/CPU0,ipv4-mpls,1,true,0,DATA_TYPE_ENCAP_ID,0,Queue-Ext,0,0

2020-02-06 19:39:59.582000+00:00,spine3,sg4,0,obt-collector1,0/0/CPU0,ipv6-mpls,3,true,0,DATA_TYPE_ENCAP_ID,0,Queue-Ext,0,0

2020-02-06 19:39:59.582000+00:00,spine3,sg4,0,obt-collector1,0/0/CPU0,ipv4,0,false,0,DATA_TYPE_ENCAP_ID,0,Queue-Ext,0,38

2020-02-06 19:39:59.582000+00:00,spine3,sg4,0,obt-collector1,0/0/CPU0,ipv6,2,false,0,DATA_TYPE_ENCAP_ID,0,Queue-Ext,0,574

2020-02-06 19:39:59.584000+00:00,spine3,sg4,0,obt-collector1,0/RP0/CPU0,ipv4,0,false,0,DATA_TYPE_ENCAP_ID,401,Queue-Ext,0,4094

2020-02-06 19:39:59.584000+00:00,spine3,sg4,0,obt-collector1,0/RP0/CPU0,ipv6-mpls,3,true,0,DATA_TYPE_ENCAP_ID,0,Queue-Ext,0,0

2020-02-06 19:39:59.584000+00:00,spine3,sg4,0,obt-collector1,0/RP0/CPU0,ipv6,2,false,0,DATA_TYPE_ENCAP_ID,488,Queue-Ext,0,2517

2020-02-06 19:39:59.584000+00:00,spine3,sg4,0,obt-collector1,0/RP0/CPU0,ipv4-mpls,1,true,0,DATA_TYPE_ENCAP_ID,0,Queue-Ext,0,0

2020-02-06 19:40:03.447000+00:00,spine3,sg4,0,obt-collector1,0/0/CPU0,ipv6,2,false,0,DATA_TYPE_ENCAP_ID,0,Queue-Ext,0,574

2020-02-06 19:40:03.447000+00:00,spine3,sg4,0,obt-collector1,0/0/CPU0,ipv4-mpls,1,true,0,DATA_TYPE_ENCAP_ID,0,Queue-Ext,0,0

2020-02-06 19:40:03.447000+00:00,spine3,sg4,0,obt-collector1,0/0/CPU0,ipv4,0,false,0,DATA_TYPE_ENCAP_ID,0,Queue-Ext,0,38

2020-02-06 19:40:03.448000+00:00,spine3,sg4,0,obt-collector1,0/0/CPU0,ipv6-mpls,3,true,0,DATA_TYPE_ENCAP_ID,0,Queue-Ext,0,0

2020-02-06 19:40:03.449000+00:00,spine3,sg4,0,obt-collector1,0/RP0/CPU0,ipv6,2,false,0,DATA_TYPE_ENCAP_ID,488,Queue-Ext,0,2517

2020-02-06 19:40:03.449000+00:00,spine3,sg4,0,obt-collector1,0/RP0/CPU0,ipv4-mpls,1,true,0,DATA_TYPE_ENCAP_ID,0,Queue-Ext,0,0

2020-02-06 19:40:03.449000+00:00,spine3,sg4,0,obt-collector1,0/RP0/CPU0,ipv6-mpls,3,true,0,DATA_TYPE_ENCAP_ID,0,Queue-Ext,0,0

2020-02-06 19:40:03.449000+00:00,spine3,sg4,0,obt-collector1,0/RP0/CPU0,ipv4,0,false,0,DATA_TYPE_ENCAP_ID,401,Queue-Ext,0,4094

2020-02-06 19:40:16.083000+00:00,spine3,sg4,0,obt-collector1,0/0/CPU0,ipv6-mpls,3,true,0,DATA_TYPE_ENCAP_ID,0,Queue-Ext,0,0

2020-02-06 19:40:16.083000+00:00,spine3,sg4,0,obt-collector1,0/0/CPU0,ipv6,2,false,0,DATA_TYPE_ENCAP_ID,0,Queue-Ext,0,574

2020-02-06 19:40:16.083000+00:00,spine3,sg4,0,obt-collector1,0/0/CPU0,ipv4,0,false,0,DATA_TYPE_ENCAP_ID,0,Queue-Ext,0,38

2020-02-06 19:40:16.083000+00:00,spine3,sg4,0,obt-collector1,0/0/CPU0,ipv4-mpls,1,true,0,DATA_TYPE_ENCAP_ID,0,Queue-Ext,0,0

2020-02-06 19:40:16.085000+00:00,spine3,sg4,0,obt-collector1,0/RP0/CPU0,ipv6-mpls,3,true,0,DATA_TYPE_ENCAP_ID,0,Queue-Ext,0,0

2020-02-06 19:40:16.085000+00:00,spine3,sg4,0,obt-collector1,0/RP0/CPU0,ipv4,0,false,0,DATA_TYPE_ENCAP_ID,401,Queue-Ext,0,4094

2020-02-06 19:40:16.085000+00:00,spine3,sg4,0,obt-collector1,0/RP0/CPU0,ipv4-mpls,1,true,0,DATA_TYPE_ENCAP_ID,0,Queue-Ext,0,0

2020-02-06 19:40:16.085000+00:00,spine3,sg4,0,obt-collector1,0/RP0/CPU0,ipv6,2,false,0,DATA_TYPE_ENCAP_ID,488,Queue-Ext,0,2517

2020-02-06 19:40:19.726000+00:00,spine3,sg4,0,obt-collector1,0/0/CPU0,ipv4-mpls,1,true,0,DATA_TYPE_ENCAP_ID,0,Queue-Ext,0,0

2020-02-06 19:40:19.726000+00:00,spine3,sg4,0,obt-collector1,0/0/CPU0,ipv6-mpls,3,true,0,DATA_TYPE_ENCAP_ID,0,Queue-Ext,0,0

2020-02-06 19:40:19.726000+00:00,spine3,sg4,0,obt-collector1,0/0/CPU0,ipv4,0,false,0,DATA_TYPE_ENCAP_ID,0,Queue-Ext,0,38

2020-02-06 19:40:19.726000+00:00,spine3,sg4,0,obt-collector1,0/0/CPU0,ipv6,2,false,0,DATA_TYPE_ENCAP_ID,0,Queue-Ext,0,574

2020-02-06 19:40:19.728000+00:00,spine3,sg4,0,obt-collector1,0/RP0/CPU0,ipv4-mpls,1,true,0,DATA_TYPE_ENCAP_ID,0,Queue-Ext,0,0

2020-02-06 19:40:19.728000+00:00,spine3,sg4,0,obt-collector1,0/RP0/CPU0,ipv6,2,false,0,DATA_TYPE_ENCAP_ID,488,Queue-Ext,0,2517

2020-02-06 19:40:19.728000+00:00,spine3,sg4,0,obt-collector1,0/RP0/CPU0,ipv4,0,false,0,DATA_TYPE_ENCAP_ID,401,Queue-Ext,0,4094

2020-02-06 19:40:19.728000+00:00,spine3,sg4,0,obt-collector1,0/RP0/CPU0,ipv6-mpls,3,true,0,DATA_TYPE_ENCAP_ID,0,Queue-Ext,0,0

2020-02-06 19:40:27.339000+00:00,spine3,sg4,0,obt-collector1,0/0/CPU0,ipv6,2,false,0,DATA_TYPE_ENCAP_ID,0,Queue-Ext,0,574

2020-02-06 19:40:27.339000+00:00,spine3,sg4,0,obt-collector1,0/0/CPU0,ipv4-mpls,1,true,0,DATA_TYPE_ENCAP_ID,0,Queue-Ext,0,0

2020-02-06 19:40:27.339000+00:00,spine3,sg4,0,obt-collector1,0/0/CPU0,ipv4,0,false,0,DATA_TYPE_ENCAP_ID,0,Queue-Ext,0,38

2020-02-06 19:40:27.339000+00:00,spine3,sg4,0,obt-collector1,0/0/CPU0,ipv6-mpls,3,true,0,DATA_TYPE_ENCAP_ID,0,Queue-Ext,0,0

2020-02-06 19:40:27.341000+00:00,spine3,sg4,0,obt-collector1,0/RP0/CPU0,ipv4,0,false,0,DATA_TYPE_ENCAP_ID,401,Queue-Ext,0,4094

2020-02-06 19:40:27.341000+00:00,spine3,sg4,0,obt-collector1,0/RP0/CPU0,ipv6-mpls,3,true,0,DATA_TYPE_ENCAP_ID,0,Queue-Ext,0,0

2020-02-06 19:40:27.341000+00:00,spine3,sg4,0,obt-collector1,0/RP0/CPU0,ipv6,2,false,0,DATA_TYPE_ENCAP_ID,488,Queue-Ext,0,2517

2020-02-06 19:40:27.341000+00:00,spine3,sg4,0,obt-collector1,0/RP0/CPU0,ipv4-mpls,1,true,0,DATA_TYPE_ENCAP_ID,0,Queue-Ext,0,0

2020-02-06 19:40:54.709000+00:00,spine3,sg4,0,obt-collector1,0/0/CPU0,ipv6-mpls,3,true,0,DATA_TYPE_ENCAP_ID,0,Queue-Ext,0,0

2020-02-06 19:40:54.709000+00:00,spine3,sg4,0,obt-collector1,0/0/CPU0,ipv6,2,false,0,DATA_TYPE_ENCAP_ID,0,Queue-Ext,0,574

2020-02-06 19:40:54.709000+00:00,spine3,sg4,0,obt-collector1,0/0/CPU0,ipv4,0,false,0,DATA_TYPE_ENCAP_ID,0,Queue-Ext,0,38

2020-02-06 19:40:54.709000+00:00,spine3,sg4,0,obt-collector1,0/0/CPU0,ipv4-mpls,1,true,0,DATA_TYPE_ENCAP_ID,0,Queue-Ext,0,0

2020-02-06 19:40:54.710000+00:00,spine3,sg4,0,obt-collector1,0/RP0/CPU0,ipv4-mpls,1,true,0,DATA_TYPE_ENCAP_ID,0,Queue-Ext,0,0

2020-02-06 19:40:54.710000+00:00,spine3,sg4,0,obt-collector1,0/RP0/CPU0,ipv4,0,false,0,DATA_TYPE_ENCAP_ID,401,Queue-Ext,0,4094

2020-02-06 19:40:54.711000+00:00,spine3,sg4,0,obt-collector1,0/RP0/CPU0,ipv6,2,false,0,DATA_TYPE_ENCAP_ID,488,Queue-Ext,0,2517

2020-02-06 19:40:54.711000+00:00,spine3,sg4,0,obt-collector1,0/RP0/CPU0,ipv6-mpls,3,true,0,DATA_TYPE_ENCAP_ID,0,Queue-Ext,0,0

2020-02-06 19:41:13.443000+00:00,spine3,sg4,0,obt-collector1,0/0/CPU0,ipv6-mpls,3,true,0,DATA_TYPE_ENCAP_ID,0,Queue-Ext,0,0

2020-02-06 19:41:13.443000+00:00,spine3,sg4,0,obt-collector1,0/0/CPU0,ipv4,0,false,0,DATA_TYPE_ENCAP_ID,0,Queue-Ext,0,38

2020-02-06 19:41:13.443000+00:00,spine3,sg4,0,obt-collector1,0/0/CPU0,ipv4-mpls,1,true,0,DATA_TYPE_ENCAP_ID,0,Queue-Ext,0,0

2020-02-06 19:41:13.443000+00:00,spine3,sg4,0,obt-collector1,0/0/CPU0,ipv6,2,false,0,DATA_TYPE_ENCAP_ID,0,Queue-Ext,0,574

2020-02-06 19:41:13.445000+00:00,spine3,sg4,0,obt-collector1,0/RP0/CPU0,ipv6-mpls,3,true,0,DATA_TYPE_ENCAP_ID,0,Queue-Ext,0,0

2020-02-06 19:41:13.445000+00:00,spine3,sg4,0,obt-collector1,0/RP0/CPU0,ipv4-mpls,1,true,0,DATA_TYPE_ENCAP_ID,0,Queue-Ext,0,0

2020-02-06 19:41:13.445000+00:00,spine3,sg4,0,obt-collector1,0/RP0/CPU0,ipv6,2,false,0,DATA_TYPE_ENCAP_ID,488,Queue-Ext,0,2517

2020-02-06 19:41:13.445000+00:00,spine3,sg4,0,obt-collector1,0/RP0/CPU0,ipv4,0,false,0,DATA_TYPE_ENCAP_ID,401,Queue-Ext,0,4094

2020-02-06 19:41:17.416000+00:00,spine3,sg4,0,obt-collector1,0/0/CPU0,ipv4-mpls,1,true,0,DATA_TYPE_ENCAP_ID,0,Queue-Ext,0,0

2020-02-06 19:41:17.416000+00:00,spine3,sg4,0,obt-collector1,0/0/CPU0,ipv6,2,false,0,DATA_TYPE_ENCAP_ID,0,Queue-Ext,0,574

2020-02-06 19:41:17.416000+00:00,spine3,sg4,0,obt-collector1,0/0/CPU0,ipv4,0,false,0,DATA_TYPE_ENCAP_ID,0,Queue-Ext,0,38

2020-02-06 19:41:17.416000+00:00,spine3,sg4,0,obt-collector1,0/0/CPU0,ipv6-mpls,3,true,0,DATA_TYPE_ENCAP_ID,0,Queue-Ext,0,0

2020-02-06 19:41:17.418000+00:00,spine3,sg4,0,obt-collector1,0/RP0/CPU0,ipv4,0,false,0,DATA_TYPE_ENCAP_ID,401,Queue-Ext,0,4094

2020-02-06 19:41:17.418000+00:00,spine3,sg4,0,obt-collector1,0/RP0/CPU0,ipv6-mpls,3,true,0,DATA_TYPE_ENCAP_ID,0,Queue-Ext,0,0

2020-02-06 19:41:17.418000+00:00,spine3,sg4,0,obt-collector1,0/RP0/CPU0,ipv6,2,false,0,DATA_TYPE_ENCAP_ID,488,Queue-Ext,0,2517

2020-02-06 19:41:17.418000+00:00,spine3,sg4,0,obt-collector1,0/RP0/CPU0,ipv4-mpls,1,true,0,DATA_TYPE_ENCAP_ID,0,Queue-Ext,0,0

2020-02-06 19:41:25.221000+00:00,spine3,sg4,0,obt-collector1,0/0/CPU0,ipv4,0,false,0,DATA_TYPE_ENCAP_ID,0,Queue-Ext,0,38

2020-02-06 19:41:25.221000+00:00,spine3,sg4,0,obt-collector1,0/0/CPU0,ipv6-mpls,3,true,0,DATA_TYPE_ENCAP_ID,0,Queue-Ext,0,0

2020-02-06 19:41:25.221000+00:00,spine3,sg4,0,obt-collector1,0/0/CPU0,ipv6,2,false,0,DATA_TYPE_ENCAP_ID,0,Queue-Ext,0,574

2020-02-06 19:41:25.221000+00:00,spine3,sg4,0,obt-collector1,0/0/CPU0,ipv4-mpls,1,true,0,DATA_TYPE_ENCAP_ID,0,Queue-Ext,0,0

2020-02-06 19:41:25.222000+00:00,spine3,sg4,0,obt-collector1,0/RP0/CPU0,ipv4,0,false,0,DATA_TYPE_ENCAP_ID,401,Queue-Ext,0,4094

2020-02-06 19:41:40.080000+00:00,spine3,sg4,0,obt-collector1,0/0/CPU0,ipv4-mpls,1,true,0,DATA_TYPE_ENCAP_ID,0,Queue-Ext,0,0

2020-02-06 19:41:40.080000+00:00,spine3,sg4,0,obt-collector1,0/0/CPU0,ipv6,2,false,0,DATA_TYPE_ENCAP_ID,0,Queue-Ext,0,574

2020-02-06 19:41:40.080000+00:00,spine3,sg4,0,obt-collector1,0/0/CPU0,ipv4,0,false,0,DATA_TYPE_ENCAP_ID,0,Queue-Ext,0,38

2020-02-06 19:41:40.080000+00:00,spine3,sg4,0,obt-collector1,0/0/CPU0,ipv6-mpls,3,true,0,DATA_TYPE_ENCAP_ID,0,Queue-Ext,0,0

2020-02-06 19:41:40.082000+00:00,spine3,sg4,0,obt-collector1,0/RP0/CPU0,ipv4,0,false,0,DATA_TYPE_ENCAP_ID,401,Queue-Ext,0,4094

2020-02-06 19:41:40.082000+00:00,spine3,sg4,0,obt-collector1,0/RP0/CPU0,ipv6,2,false,0,DATA_TYPE_ENCAP_ID,488,Queue-Ext,0,2517

2020-02-06 19:41:40.082000+00:00,spine3,sg4,0,obt-collector1,0/RP0/CPU0,ipv6-mpls,3,true,0,DATA_TYPE_ENCAP_ID,0,Queue-Ext,0,0

2020-02-06 19:41:40.082000+00:00,spine3,sg4,0,obt-collector1,0/RP0/CPU0,ipv4-mpls,1,true,0,DATA_TYPE_ENCAP_ID,0,Queue-Ext,0,0

2020-02-06 19:41:44.417000+00:00,spine3,sg4,0,obt-collector1,0/0/CPU0,ipv6-mpls,3,true,0,DATA_TYPE_ENCAP_ID,0,Queue-Ext,0,0

2020-02-06 19:41:44.417000+00:00,spine3,sg4,0,obt-collector1,0/0/CPU0,ipv4-mpls,1,true,0,DATA_TYPE_ENCAP_ID,0,Queue-Ext,0,0

2020-02-06 19:41:44.417000+00:00,spine3,sg4,0,obt-collector1,0/0/CPU0,ipv4,0,false,0,DATA_TYPE_ENCAP_ID,0,Queue-Ext,0,38

2020-02-06 19:41:44.417000+00:00,spine3,sg4,0,obt-collector1,0/0/CPU0,ipv6,2,false,0,DATA_TYPE_ENCAP_ID,0,Queue-Ext,0,574

2020-02-06 19:41:44.419000+00:00,spine3,sg4,0,obt-collector1,0/RP0/CPU0,ipv6-mpls,3,true,0,DATA_TYPE_ENCAP_ID,0,Queue-Ext,0,0

2020-02-06 19:41:44.419000+00:00,spine3,sg4,0,obt-collector1,0/RP0/CPU0,ipv4-mpls,1,true,0,DATA_TYPE_ENCAP_ID,0,Queue-Ext,0,0

2020-02-06 19:41:44.419000+00:00,spine3,sg4,0,obt-collector1,0/RP0/CPU0,ipv6,2,false,0,DATA_TYPE_ENCAP_ID,488,Queue-Ext,0,2517

2020-02-06 19:41:44.419000+00:00,spine3,sg4,0,obt-collector1,0/RP0/CPU0,ipv4,0,false,0,DATA_TYPE_ENCAP_ID,401,Queue-Ext,0,4094

2020-02-06 19:41:48.195000+00:00,spine3,sg4,0,obt-collector1,0/0/CPU0,ipv6,2,false,0,DATA_TYPE_ENCAP_ID,0,Queue-Ext,0,574

2020-02-06 19:41:48.195000+00:00,spine3,sg4,0,obt-collector1,0/0/CPU0,ipv6-mpls,3,true,0,DATA_TYPE_ENCAP_ID,0,Queue-Ext,0,0

2020-02-06 19:41:48.195000+00:00,spine3,sg4,0,obt-collector1,0/0/CPU0,ipv4,0,false,0,DATA_TYPE_ENCAP_ID,0,Queue-Ext,0,38

2020-02-06 19:41:48.195000+00:00,spine3,sg4,0,obt-collector1,0/0/CPU0,ipv4-mpls,1,true,0,DATA_TYPE_ENCAP_ID,0,Queue-Ext,0,0

2020-02-06 19:41:48.196000+00:00,spine3,sg4,0,obt-collector1,0/RP0/CPU0,ipv6,2,false,0,DATA_TYPE_ENCAP_ID,488,Queue-Ext,0,2517

2020-02-06 19:41:48.196000+00:00,spine3,sg4,0,obt-collector1,0/RP0/CPU0,ipv4,0,false,0,DATA_TYPE_ENCAP_ID,401,Queue-Ext,0,4094

2020-02-06 19:41:48.196000+00:00,spine3,sg4,0,obt-collector1,0/RP0/CPU0,ipv4-mpls,1,true,0,DATA_TYPE_ENCAP_ID,0,Queue-Ext,0,0

2020-02-06 19:41:48.197000+00:00,spine3,sg4,0,obt-collector1,0/RP0/CPU0,ipv6-mpls,3,true,0,DATA_TYPE_ENCAP_ID,0,Queue-Ext,0,0

2020-02-06 19:42:26.639000+00:00,spine3,sg4,0,obt-collector1,0/0/CPU0,ipv4-mpls,1,true,0,DATA_TYPE_ENCAP_ID,0,Queue-Ext,0,0

2020-02-06 19:42:26.639000+00:00,spine3,sg4,0,obt-collector1,0/0/CPU0,ipv6,2,false,0,DATA_TYPE_ENCAP_ID,0,Queue-Ext,0,574

2020-02-06 19:42:26.639000+00:00,spine3,sg4,0,obt-collector1,0/0/CPU0,ipv4,0,false,0,DATA_TYPE_ENCAP_ID,0,Queue-Ext,0,38

2020-02-06 19:42:26.639000+00:00,spine3,sg4,0,obt-collector1,0/0/CPU0,ipv6-mpls,3,true,0,DATA_TYPE_ENCAP_ID,0,Queue-Ext,0,0

2020-02-06 19:42:26.641000+00:00,spine3,sg4,0,obt-collector1,0/RP0/CPU0,ipv4-mpls,1,true,0,DATA_TYPE_ENCAP_ID,0,Queue-Ext,0,0

2020-02-06 19:42:26.641000+00:00,spine3,sg4,0,obt-collector1,0/RP0/CPU0,ipv6-mpls,3,true,0,DATA_TYPE_ENCAP_ID,0,Queue-Ext,0,0

2020-02-06 19:42:26.641000+00:00,spine3,sg4,0,obt-collector1,0/RP0/CPU0,ipv4,0,false,0,DATA_TYPE_ENCAP_ID,401,Queue-Ext,0,4094

2020-02-06 19:42:26.641000+00:00,spine3,sg4,0,obt-collector1,0/RP0/CPU0,ipv6,2,false,0,DATA_TYPE_ENCAP_ID,488,Queue-Ext,0,2517

2020-02-06 19:42:56.952000+00:00,spine3,sg4,0,obt-collector1,0/0/CPU0,ipv4-mpls,1,true,0,DATA_TYPE_ENCAP_ID,0,Queue-Ext,0,0

2020-02-06 19:42:56.952000+00:00,spine3,sg4,0,obt-collector1,0/0/CPU0,ipv4,0,false,0,DATA_TYPE_ENCAP_ID,0,Queue-Ext,0,38

2020-02-06 19:42:56.953000+00:00,spine3,sg4,0,obt-collector1,0/0/CPU0,ipv6-mpls,3,true,0,DATA_TYPE_ENCAP_ID,0,Queue-Ext,0,0

2020-02-06 19:42:56.953000+00:00,spine3,sg4,0,obt-collector1,0/0/CPU0,ipv6,2,false,0,DATA_TYPE_ENCAP_ID,0,Queue-Ext,0,574

2020-02-06 19:42:56.954000+00:00,spine3,sg4,0,obt-collector1,0/RP0/CPU0,ipv6,2,false,0,DATA_TYPE_ENCAP_ID,488,Queue-Ext,0,2517

2020-02-06 19:42:56.954000+00:00,spine3,sg4,0,obt-collector1,0/RP0/CPU0,ipv4,0,false,0,DATA_TYPE_ENCAP_ID,401,Queue-Ext,0,4094

2020-02-06 19:42:56.954000+00:00,spine3,sg4,0,obt-collector1,0/RP0/CPU0,ipv6-mpls,3,true,0,DATA_TYPE_ENCAP_ID,0,Queue-Ext,0,0

2020-02-06 19:42:56.954000+00:00,spine3,sg4,0,obt-collector1,0/RP0/CPU0,ipv4-mpls,1,true,0,DATA_TYPE_ENCAP_ID,0,Queue-Ext,0,0

2020-02-06 19:43:12.899000+00:00,spine3,sg4,0,obt-collector1,0/0/CPU0,ipv6,2,false,0,DATA_TYPE_ENCAP_ID,0,Queue-Ext,0,574

2020-02-06 19:43:12.899000+00:00,spine3,sg4,0,obt-collector1,0/0/CPU0,ipv4-mpls,1,true,0,DATA_TYPE_ENCAP_ID,0,Queue-Ext,0,0

2020-02-06 19:43:12.899000+00:00,spine3,sg4,0,obt-collector1,0/0/CPU0,ipv6-mpls,3,true,0,DATA_TYPE_ENCAP_ID,0,Queue-Ext,0,0

2020-02-06 19:43:12.899000+00:00,spine3,sg4,0,obt-collector1,0/0/CPU0,ipv4,0,false,0,DATA_TYPE_ENCAP_ID,0,Queue-Ext,0,38

2020-02-06 19:43:12.901000+00:00,spine3,sg4,0,obt-collector1,0/RP0/CPU0,ipv6-mpls,3,true,0,DATA_TYPE_ENCAP_ID,0,Queue-Ext,0,0

2020-02-06 19:43:12.901000+00:00,spine3,sg4,0,obt-collector1,0/RP0/CPU0,ipv4-mpls,1,true,0,DATA_TYPE_ENCAP_ID,0,Queue-Ext,0,0

2020-02-06 19:43:12.901000+00:00,spine3,sg4,0,obt-collector1,0/RP0/CPU0,ipv4,0,false,0,DATA_TYPE_ENCAP_ID,401,Queue-Ext,0,4094

2020-02-06 19:43:12.901000+00:00,spine3,sg4,0,obt-collector1,0/RP0/CPU0,ipv6,2,false,0,DATA_TYPE_ENCAP_ID,488,Queue-Ext,0,2517

2020-02-06 19:43:24.756000+00:00,spine3,sg4,0,obt-collector1,0/0/CPU0,ipv4,0,false,0,DATA_TYPE_ENCAP_ID,0,Queue-Ext,0,38

2020-02-06 19:43:24.756000+00:00,spine3,sg4,0,obt-collector1,0/0/CPU0,ipv6,2,false,0,DATA_TYPE_ENCAP_ID,0,Queue-Ext,0,574

2020-02-06 19:43:24.756000+00:00,spine3,sg4,0,obt-collector1,0/0/CPU0,ipv6-mpls,3,true,0,DATA_TYPE_ENCAP_ID,0,Queue-Ext,0,0

2020-02-06 19:43:24.756000+00:00,spine3,sg4,0,obt-collector1,0/0/CPU0,ipv4-mpls,1,true,0,DATA_TYPE_ENCAP_ID,0,Queue-Ext,0,0

2020-02-06 19:43:24.758000+00:00,spine3,sg4,0,obt-collector1,0/RP0/CPU0,ipv4,0,false,0,DATA_TYPE_ENCAP_ID,401,Queue-Ext,0,4094

2020-02-06 19:43:24.758000+00:00,spine3,sg4,0,obt-collector1,0/RP0/CPU0,ipv6,2,false,0,DATA_TYPE_ENCAP_ID,488,Queue-Ext,0,2517

2020-02-06 19:43:24.758000+00:00,spine3,sg4,0,obt-collector1,0/RP0/CPU0,ipv4-mpls,1,true,0,DATA_TYPE_ENCAP_ID,0,Queue-Ext,0,0

2020-02-06 19:43:24.758000+00:00,spine3,sg4,0,obt-collector1,0/RP0/CPU0,ipv6-mpls,3,true,0,DATA_TYPE_ENCAP_ID,0,Queue-Ext,0,0

2020-02-06 19:43:32.448000+00:00,spine3,sg4,0,obt-collector1,0/0/CPU0,ipv4-mpls,1,true,0,DATA_TYPE_ENCAP_ID,0,Queue-Ext,0,0

2020-02-06 19:43:32.448000+00:00,spine3,sg4,0,obt-collector1,0/0/CPU0,ipv4,0,false,0,DATA_TYPE_ENCAP_ID,0,Queue-Ext,0,38

2020-02-06 19:43:32.448000+00:00,spine3,sg4,0,obt-collector1,0/0/CPU0,ipv6-mpls,3,true,0,DATA_TYPE_ENCAP_ID,0,Queue-Ext,0,0

2020-02-06 19:43:32.448000+00:00,spine3,sg4,0,obt-collector1,0/0/CPU0,ipv6,2,false,0,DATA_TYPE_ENCAP_ID,0,Queue-Ext,0,574

2020-02-06 19:43:32.450000+00:00,spine3,sg4,0,obt-collector1,0/RP0/CPU0,ipv4-mpls,1,true,0,DATA_TYPE_ENCAP_ID,0,Queue-Ext,0,0

2020-02-06 19:43:32.450000+00:00,spine3,sg4,0,obt-collector1,0/RP0/CPU0,ipv6-mpls,3,true,0,DATA_TYPE_ENCAP_ID,0,Queue-Ext,0,0

2020-02-06 19:43:32.450000+00:00,spine3,sg4,0,obt-collector1,0/RP0/CPU0,ipv6,2,false,0,DATA_TYPE_ENCAP_ID,488,Queue-Ext,0,2517

2020-02-06 19:43:32.450000+00:00,spine3,sg4,0,obt-collector1,0/RP0/CPU0,ipv4,0,false,0,DATA_TYPE_ENCAP_ID,401,Queue-Ext,0,4094

2020-02-06 19:43:39.941000+00:00,spine3,sg4,0,obt-collector1,0/0/CPU0,ipv6,2,false,0,DATA_TYPE_ENCAP_ID,0,Queue-Ext,0,574

2020-02-06 19:43:39.941000+00:00,spine3,sg4,0,obt-collector1,0/0/CPU0,ipv4-mpls,1,true,0,DATA_TYPE_ENCAP_ID,0,Queue-Ext,0,0

2020-02-06 19:43:39.941000+00:00,spine3,sg4,0,obt-collector1,0/0/CPU0,ipv6-mpls,3,true,0,DATA_TYPE_ENCAP_ID,0,Queue-Ext,0,0

2020-02-06 19:43:39.941000+00:00,spine3,sg4,0,obt-collector1,0/0/CPU0,ipv4,0,false,0,DATA_TYPE_ENCAP_ID,0,Queue-Ext,0,38

2020-02-06 19:43:39.943000+00:00,spine3,sg4,0,obt-collector1,0/RP0/CPU0,ipv6,2,false,0,DATA_TYPE_ENCAP_ID,488,Queue-Ext,0,2517

2020-02-06 19:43:39.943000+00:00,spine3,sg4,0,obt-collector1,0/RP0/CPU0,ipv4,0,false,0,DATA_TYPE_ENCAP_ID,401,Queue-Ext,0,4094

2020-02-06 19:43:39.943000+00:00,spine3,sg4,0,obt-collector1,0/RP0/CPU0,ipv6-mpls,3,true,0,DATA_TYPE_ENCAP_ID,0,Queue-Ext,0,0

2020-02-06 19:43:39.943000+00:00,spine3,sg4,0,obt-collector1,0/RP0/CPU0,ipv4-mpls,1,true,0,DATA_TYPE_ENCAP_ID,0,Queue-Ext,0,0

2020-02-06 19:43:55.577000+00:00,spine3,sg4,0,obt-collector1,0/0/CPU0,ipv4,0,false,0,DATA_TYPE_ENCAP_ID,0,Queue-Ext,0,38

2020-02-06 19:43:55.577000+00:00,spine3,sg4,0,obt-collector1,0/0/CPU0,ipv6,2,false,0,DATA_TYPE_ENCAP_ID,0,Queue-Ext,0,574

2020-02-06 19:43:55.577000+00:00,spine3,sg4,0,obt-collector1,0/0/CPU0,ipv6-mpls,3,true,0,DATA_TYPE_ENCAP_ID,0,Queue-Ext,0,0

2020-02-06 19:43:55.577000+00:00,spine3,sg4,0,obt-collector1,0/0/CPU0,ipv4-mpls,1,true,0,DATA_TYPE_ENCAP_ID,0,Queue-Ext,0,0

2020-02-06 19:43:55.578000+00:00,spine3,sg4,0,obt-collector1,0/RP0/CPU0,ipv6-mpls,3,true,0,DATA_TYPE_ENCAP_ID,0,Queue-Ext,0,0

2020-02-06 19:43:55.578000+00:00,spine3,sg4,0,obt-collector1,0/RP0/CPU0,ipv4-mpls,1,true,0,DATA_TYPE_ENCAP_ID,0,Queue-Ext,0,0

2020-02-06 19:43:55.578000+00:00,spine3,sg4,0,obt-collector1,0/RP0/CPU0,ipv4,0,false,0,DATA_TYPE_ENCAP_ID,401,Queue-Ext,0,4094

2020-02-06 19:43:55.578000+00:00,spine3,sg4,0,obt-collector1,0/RP0/CPU0,ipv6,2,false,0,DATA_TYPE_ENCAP_ID,488,Queue-Ext,0,2517

2020-02-06 19:44:11.222000+00:00,spine3,sg4,0,obt-collector1,0/0/CPU0,ipv4-mpls,1,true,0,DATA_TYPE_ENCAP_ID,0,Queue-Ext,0,0

2020-02-06 19:44:11.222000+00:00,spine3,sg4,0,obt-collector1,0/0/CPU0,ipv4,0,false,0,DATA_TYPE_ENCAP_ID,0,Queue-Ext,0,38

2020-02-06 19:44:11.222000+00:00,spine3,sg4,0,obt-collector1,0/0/CPU0,ipv6-mpls,3,true,0,DATA_TYPE_ENCAP_ID,0,Queue-Ext,0,0

2020-02-06 19:44:11.222000+00:00,spine3,sg4,0,obt-collector1,0/0/CPU0,ipv6,2,false,0,DATA_TYPE_ENCAP_ID,0,Queue-Ext,0,574

2020-02-06 19:44:11.224000+00:00,spine3,sg4,0,obt-collector1,0/RP0/CPU0,ipv4,0,false,0,DATA_TYPE_ENCAP_ID,401,Queue-Ext,0,4094

2020-02-06 19:44:11.224000+00:00,spine3,sg4,0,obt-collector1,0/RP0/CPU0,ipv6,2,false,0,DATA_TYPE_ENCAP_ID,488,Queue-Ext,0,2517

2020-02-06 19:44:11.224000+00:00,spine3,sg4,0,obt-collector1,0/RP0/CPU0,ipv4-mpls,1,true,0,DATA_TYPE_ENCAP_ID,0,Queue-Ext,0,0

2020-02-06 19:44:11.224000+00:00,spine3,sg4,0,obt-collector1,0/RP0/CPU0,ipv6-mpls,3,true,0,DATA_TYPE_ENCAP_ID,0,Queue-Ext,0,0

2020-02-06 19:44:23.507000+00:00,spine3,sg4,0,obt-collector1,0/0/CPU0,ipv6,2,false,0,DATA_TYPE_ENCAP_ID,0,Queue-Ext,0,574

2020-02-06 19:44:23.507000+00:00,spine3,sg4,0,obt-collector1,0/0/CPU0,ipv4-mpls,1,true,0,DATA_TYPE_ENCAP_ID,0,Queue-Ext,0,0

2020-02-06 19:44:23.507000+00:00,spine3,sg4,0,obt-collector1,0/0/CPU0,ipv6-mpls,3,true,0,DATA_TYPE_ENCAP_ID,0,Queue-Ext,0,0

2020-02-06 19:44:23.507000+00:00,spine3,sg4,0,obt-collector1,0/0/CPU0,ipv4,0,false,0,DATA_TYPE_ENCAP_ID,0,Queue-Ext,0,38

2020-02-06 19:44:23.509000+00:00,spine3,sg4,0,obt-collector1,0/RP0/CPU0,ipv4-mpls,1,true,0,DATA_TYPE_ENCAP_ID,0,Queue-Ext,0,0

2020-02-06 19:44:23.509000+00:00,spine3,sg4,0,obt-collector1,0/RP0/CPU0,ipv6-mpls,3,true,0,DATA_TYPE_ENCAP_ID,0,Queue-Ext,0,0

2020-02-06 19:44:23.509000+00:00,spine3,sg4,0,obt-collector1,0/RP0/CPU0,ipv6,2,false,0,DATA_TYPE_ENCAP_ID,488,Queue-Ext,0,2517

2020-02-06 19:44:23.509000+00:00,spine3,sg4,0,obt-collector1,0/RP0/CPU0,ipv4,0,false,0,DATA_TYPE_ENCAP_ID,401,Queue-Ext,0,4094

2020-02-06 19:44:31.035000+00:00,spine3,sg4,0,obt-collector1,0/0/CPU0,ipv4,0,false,0,DATA_TYPE_ENCAP_ID,0,Queue-Ext,0,38

2020-02-06 19:44:31.035000+00:00,spine3,sg4,0,obt-collector1,0/0/CPU0,ipv6,2,false,0,DATA_TYPE_ENCAP_ID,0,Queue-Ext,0,574

2020-02-06 19:44:31.035000+00:00,spine3,sg4,0,obt-collector1,0/0/CPU0,ipv6-mpls,3,true,0,DATA_TYPE_ENCAP_ID,0,Queue-Ext,0,0

2020-02-06 19:44:31.035000+00:00,spine3,sg4,0,obt-collector1,0/0/CPU0,ipv4-mpls,1,true,0,DATA_TYPE_ENCAP_ID,0,Queue-Ext,0,0

2020-02-06 19:44:31.037000+00:00,spine3,sg4,0,obt-collector1,0/RP0/CPU0,ipv6,2,false,0,DATA_TYPE_ENCAP_ID,488,Queue-Ext,0,2517

2020-02-06 19:44:31.037000+00:00,spine3,sg4,0,obt-collector1,0/RP0/CPU0,ipv4,0,false,0,DATA_TYPE_ENCAP_ID,401,Queue-Ext,0,4094

2020-02-06 19:44:31.037000+00:00,spine3,sg4,0,obt-collector1,0/RP0/CPU0,ipv6-mpls,3,true,0,DATA_TYPE_ENCAP_ID,0,Queue-Ext,0,0

2020-02-06 19:44:31.037000+00:00,spine3,sg4,0,obt-collector1,0/RP0/CPU0,ipv4-mpls,1,true,0,DATA_TYPE_ENCAP_ID,0,Queue-Ext,0,0

2020-02-06 19:44:57.688000+00:00,spine3,sg4,0,obt-collector1,0/0/CPU0,ipv4-mpls,1,true,0,DATA_TYPE_ENCAP_ID,0,Queue-Ext,0,0

2020-02-06 19:44:57.688000+00:00,spine3,sg4,0,obt-collector1,0/0/CPU0,ipv4,0,false,0,DATA_TYPE_ENCAP_ID,0,Queue-Ext,0,38

2020-02-06 19:44:57.688000+00:00,spine3,sg4,0,obt-collector1,0/0/CPU0,ipv6-mpls,3,true,0,DATA_TYPE_ENCAP_ID,0,Queue-Ext,0,0

2020-02-06 19:44:57.688000+00:00,spine3,sg4,0,obt-collector1,0/0/CPU0,ipv6,2,false,0,DATA_TYPE_ENCAP_ID,0,Queue-Ext,0,574

2020-02-06 19:44:57.690000+00:00,spine3,sg4,0,obt-collector1,0/RP0/CPU0,ipv6-mpls,3,true,0,DATA_TYPE_ENCAP_ID,0,Queue-Ext,0,0

2020-02-06 19:44:57.690000+00:00,spine3,sg4,0,obt-collector1,0/RP0/CPU0,ipv4-mpls,1,true,0,DATA_TYPE_ENCAP_ID,0,Queue-Ext,0,0

2020-02-06 19:44:57.690000+00:00,spine3,sg4,0,obt-collector1,0/RP0/CPU0,ipv4,0,false,0,DATA_TYPE_ENCAP_ID,401,Queue-Ext,0,4094

2020-02-06 19:44:57.690000+00:00,spine3,sg4,0,obt-collector1,0/RP0/CPU0,ipv6,2,false,0,DATA_TYPE_ENCAP_ID,488,Queue-Ext,0,2517

2020-02-06 19:45:05.366000+00:00,spine3,sg4,0,obt-collector1,0/0/CPU0,ipv6,2,false,0,DATA_TYPE_ENCAP_ID,0,Queue-Ext,0,574

2020-02-06 19:45:05.366000+00:00,spine3,sg4,0,obt-collector1,0/0/CPU0,ipv4-mpls,1,true,0,DATA_TYPE_ENCAP_ID,0,Queue-Ext,0,0

2020-02-06 19:45:05.366000+00:00,spine3,sg4,0,obt-collector1,0/0/CPU0,ipv6-mpls,3,true,0,DATA_TYPE_ENCAP_ID,0,Queue-Ext,0,0

2020-02-06 19:45:05.366000+00:00,spine3,sg4,0,obt-collector1,0/0/CPU0,ipv4,0,false,0,DATA_TYPE_ENCAP_ID,0,Queue-Ext,0,38

2020-02-06 19:45:05.367000+00:00,spine3,sg4,0,obt-collector1,0/RP0/CPU0,ipv4,0,false,0,DATA_TYPE_ENCAP_ID,401,Queue-Ext,0,4094

2020-02-06 19:45:05.367000+00:00,spine3,sg4,0,obt-collector1,0/RP0/CPU0,ipv4-mpls,1,true,0,DATA_TYPE_ENCAP_ID,0,Queue-Ext,0,0

2020-02-06 19:45:05.368000+00:00,spine3,sg4,0,obt-collector1,0/RP0/CPU0,ipv6,2,false,0,DATA_TYPE_ENCAP_ID,488,Queue-Ext,0,2517

2020-02-06 19:45:05.368000+00:00,spine3,sg4,0,obt-collector1,0/RP0/CPU0,ipv6-mpls,3,true,0,DATA_TYPE_ENCAP_ID,0,Queue-Ext,0,0

2020-02-06 19:45:12.984000+00:00,spine3,sg4,0,obt-collector1,0/0/CPU0,ipv6,2,false,0,DATA_TYPE_ENCAP_ID,0,Queue-Ext,0,574

2020-02-06 19:45:12.984000+00:00,spine3,sg4,0,obt-collector1,0/0/CPU0,ipv6-mpls,3,true,0,DATA_TYPE_ENCAP_ID,0,Queue-Ext,0,0

2020-02-06 19:45:12.984000+00:00,spine3,sg4,0,obt-collector1,0/0/CPU0,ipv4-mpls,1,true,0,DATA_TYPE_ENCAP_ID,0,Queue-Ext,0,0

2020-02-06 19:45:12.984000+00:00,spine3,sg4,0,obt-collector1,0/0/CPU0,ipv4,0,false,0,DATA_TYPE_ENCAP_ID,0,Queue-Ext,0,38

2020-02-06 19:45:12.985000+00:00,spine3,sg4,0,obt-collector1,0/RP0/CPU0,ipv6-mpls,3,true,0,DATA_TYPE_ENCAP_ID,0,Queue-Ext,0,0

2020-02-06 19:45:12.985000+00:00,spine3,sg4,0,obt-collector1,0/RP0/CPU0,ipv4,0,false,0,DATA_TYPE_ENCAP_ID,401,Queue-Ext,0,4094

2020-02-06 19:45:12.985000+00:00,spine3,sg4,0,obt-collector1,0/RP0/CPU0,ipv6,2,false,0,DATA_TYPE_ENCAP_ID,488,Queue-Ext,0,2517

2020-02-06 19:45:12.985000+00:00,spine3,sg4,0,obt-collector1,0/RP0/CPU0,ipv4-mpls,1,true,0,DATA_TYPE_ENCAP_ID,0,Queue-Ext,0,0

