,Producer,Target,brief/name,brief/name-xr,brief/node-id,brief/session-count,client-name,flags/is-recreate-state,flags/is-zombie-state,host,recreate-time

2020-02-06 19:32:05.780000+00:00,spine3,sg1,,XTC,0/RP0/CPU0,0,XTCnode0_RP0_CPU0,0,0,obt-collector1,180

2020-02-06 19:32:05.780000+00:00,spine3,sg1,,ipv4_static,0/RP0/CPU0,0,ipv4_staticnode0_RP0_CPU0,0,0,obt-collector1,60

2020-02-06 19:32:05.780000+00:00,spine3,sg1,,object_tracking,0/RP0/CPU0,0,object_trackingnode0_RP0_CPU0,0,0,obt-collector1,199

2020-02-06 19:32:05.780000+00:00,spine3,sg1,,L2VPN_ATOM,0/RP0/CPU0,0,L2VPN_ATOMnode0_RP0_CPU0,0,0,obt-collector1,120

2020-02-06 19:32:05.780000+00:00,spine3,sg1,,pim6,0/RP0/CPU0,0,pim6node0_RP0_CPU0,0,0,obt-collector1,199

2020-02-06 19:32:05.780000+00:00,spine3,sg1,,bgp-default,0/RP0/CPU0,60,bgp-defaultnode0_RP0_CPU0,0,0,obt-collector1,60

2020-02-06 19:32:05.780000+00:00,spine3,sg1,,bundlemgr_distrib,0/RP0/CPU0,0,bundlemgr_distribnode0_RP0_CPU0,0,0,obt-collector1,60

2020-02-06 19:32:05.781000+00:00,spine3,sg1,,pim,0/RP0/CPU0,0,pimnode0_RP0_CPU0,0,0,obt-collector1,199

2020-02-06 19:32:09.456000+00:00,spine3,sg1,,L2VPN_ATOM,0/RP0/CPU0,0,L2VPN_ATOMnode0_RP0_CPU0,0,0,obt-collector1,120

2020-02-06 19:32:09.457000+00:00,spine3,sg1,,pim,0/RP0/CPU0,0,pimnode0_RP0_CPU0,0,0,obt-collector1,199

2020-02-06 19:32:09.457000+00:00,spine3,sg1,,bundlemgr_distrib,0/RP0/CPU0,0,bundlemgr_distribnode0_RP0_CPU0,0,0,obt-collector1,60

2020-02-06 19:32:09.457000+00:00,spine3,sg1,,bgp-default,0/RP0/CPU0,60,bgp-defaultnode0_RP0_CPU0,0,0,obt-collector1,60

2020-02-06 19:32:09.457000+00:00,spine3,sg1,,ipv4_static,0/RP0/CPU0,0,ipv4_staticnode0_RP0_CPU0,0,0,obt-collector1,60

2020-02-06 19:32:09.457000+00:00,spine3,sg1,,pim6,0/RP0/CPU0,0,pim6node0_RP0_CPU0,0,0,obt-collector1,199

2020-02-06 19:32:09.457000+00:00,spine3,sg1,,object_tracking,0/RP0/CPU0,0,object_trackingnode0_RP0_CPU0,0,0,obt-collector1,199

2020-02-06 19:32:09.457000+00:00,spine3,sg1,,XTC,0/RP0/CPU0,0,XTCnode0_RP0_CPU0,0,0,obt-collector1,180

2020-02-06 19:32:17.391000+00:00,spine3,sg1,,bundlemgr_distrib,0/RP0/CPU0,0,bundlemgr_distribnode0_RP0_CPU0,0,0,obt-collector1,60

2020-02-06 19:32:17.391000+00:00,spine3,sg1,,L2VPN_ATOM,0/RP0/CPU0,0,L2VPN_ATOMnode0_RP0_CPU0,0,0,obt-collector1,120

2020-02-06 19:32:17.391000+00:00,spine3,sg1,,XTC,0/RP0/CPU0,0,XTCnode0_RP0_CPU0,0,0,obt-collector1,180

2020-02-06 19:32:17.391000+00:00,spine3,sg1,,bgp-default,0/RP0/CPU0,60,bgp-defaultnode0_RP0_CPU0,0,0,obt-collector1,60

2020-02-06 19:32:17.392000+00:00,spine3,sg1,,object_tracking,0/RP0/CPU0,0,object_trackingnode0_RP0_CPU0,0,0,obt-collector1,199

2020-02-06 19:32:17.392000+00:00,spine3,sg1,,pim,0/RP0/CPU0,0,pimnode0_RP0_CPU0,0,0,obt-collector1,199

2020-02-06 19:32:17.392000+00:00,spine3,sg1,,pim6,0/RP0/CPU0,0,pim6node0_RP0_CPU0,0,0,obt-collector1,199

2020-02-06 19:32:17.392000+00:00,spine3,sg1,,ipv4_static,0/RP0/CPU0,0,ipv4_staticnode0_RP0_CPU0,0,0,obt-collector1,60

2020-02-06 19:32:21.161000+00:00,spine3,sg1,,bgp-default,0/RP0/CPU0,60,bgp-defaultnode0_RP0_CPU0,0,0,obt-collector1,60

2020-02-06 19:32:21.161000+00:00,spine3,sg1,,bundlemgr_distrib,0/RP0/CPU0,0,bundlemgr_distribnode0_RP0_CPU0,0,0,obt-collector1,60

2020-02-06 19:32:21.161000+00:00,spine3,sg1,,ipv4_static,0/RP0/CPU0,0,ipv4_staticnode0_RP0_CPU0,0,0,obt-collector1,60

2020-02-06 19:32:21.161000+00:00,spine3,sg1,,XTC,0/RP0/CPU0,0,XTCnode0_RP0_CPU0,0,0,obt-collector1,180

2020-02-06 19:32:21.161000+00:00,spine3,sg1,,L2VPN_ATOM,0/RP0/CPU0,0,L2VPN_ATOMnode0_RP0_CPU0,0,0,obt-collector1,120

2020-02-06 19:32:21.162000+00:00,spine3,sg1,,pim6,0/RP0/CPU0,0,pim6node0_RP0_CPU0,0,0,obt-collector1,199

2020-02-06 19:32:21.162000+00:00,spine3,sg1,,pim,0/RP0/CPU0,0,pimnode0_RP0_CPU0,0,0,obt-collector1,199

2020-02-06 19:32:21.162000+00:00,spine3,sg1,,object_tracking,0/RP0/CPU0,0,object_trackingnode0_RP0_CPU0,0,0,obt-collector1,199

2020-02-06 19:32:33.322000+00:00,spine3,sg1,,XTC,0/RP0/CPU0,0,XTCnode0_RP0_CPU0,0,0,obt-collector1,180

2020-02-06 19:32:33.322000+00:00,spine3,sg1,,L2VPN_ATOM,0/RP0/CPU0,0,L2VPN_ATOMnode0_RP0_CPU0,0,0,obt-collector1,120

2020-02-06 19:32:33.322000+00:00,spine3,sg1,,bgp-default,0/RP0/CPU0,60,bgp-defaultnode0_RP0_CPU0,0,0,obt-collector1,60

2020-02-06 19:32:33.323000+00:00,spine3,sg1,,pim,0/RP0/CPU0,0,pimnode0_RP0_CPU0,0,0,obt-collector1,199

2020-02-06 19:32:33.323000+00:00,spine3,sg1,,object_tracking,0/RP0/CPU0,0,object_trackingnode0_RP0_CPU0,0,0,obt-collector1,199

2020-02-06 19:32:33.323000+00:00,spine3,sg1,,pim6,0/RP0/CPU0,0,pim6node0_RP0_CPU0,0,0,obt-collector1,199

2020-02-06 19:32:33.323000+00:00,spine3,sg1,,ipv4_static,0/RP0/CPU0,0,ipv4_staticnode0_RP0_CPU0,0,0,obt-collector1,60

2020-02-06 19:32:33.323000+00:00,spine3,sg1,,bundlemgr_distrib,0/RP0/CPU0,0,bundlemgr_distribnode0_RP0_CPU0,0,0,obt-collector1,60

2020-02-06 19:32:36.998000+00:00,spine3,sg1,,ipv4_static,0/RP0/CPU0,0,ipv4_staticnode0_RP0_CPU0,0,0,obt-collector1,60

2020-02-06 19:32:36.998000+00:00,spine3,sg1,,bundlemgr_distrib,0/RP0/CPU0,0,bundlemgr_distribnode0_RP0_CPU0,0,0,obt-collector1,60

2020-02-06 19:32:36.998000+00:00,spine3,sg1,,bgp-default,0/RP0/CPU0,60,bgp-defaultnode0_RP0_CPU0,0,0,obt-collector1,60

2020-02-06 19:32:36.998000+00:00,spine3,sg1,,XTC,0/RP0/CPU0,0,XTCnode0_RP0_CPU0,0,0,obt-collector1,180

2020-02-06 19:32:36.998000+00:00,spine3,sg1,,L2VPN_ATOM,0/RP0/CPU0,0,L2VPN_ATOMnode0_RP0_CPU0,0,0,obt-collector1,120

2020-02-06 19:32:36.998000+00:00,spine3,sg1,,pim6,0/RP0/CPU0,0,pim6node0_RP0_CPU0,0,0,obt-collector1,199

2020-02-06 19:32:36.998000+00:00,spine3,sg1,,pim,0/RP0/CPU0,0,pimnode0_RP0_CPU0,0,0,obt-collector1,199

2020-02-06 19:32:36.998000+00:00,spine3,sg1,,object_tracking,0/RP0/CPU0,0,object_trackingnode0_RP0_CPU0,0,0,obt-collector1,199

2020-02-06 19:32:40.646000+00:00,spine3,sg1,,pim,0/RP0/CPU0,0,pimnode0_RP0_CPU0,0,0,obt-collector1,199

2020-02-06 19:32:40.646000+00:00,spine3,sg1,,object_tracking,0/RP0/CPU0,0,object_trackingnode0_RP0_CPU0,0,0,obt-collector1,199

2020-02-06 19:32:40.646000+00:00,spine3,sg1,,bgp-default,0/RP0/CPU0,60,bgp-defaultnode0_RP0_CPU0,0,0,obt-collector1,60

2020-02-06 19:32:40.646000+00:00,spine3,sg1,,ipv4_static,0/RP0/CPU0,0,ipv4_staticnode0_RP0_CPU0,0,0,obt-collector1,60

2020-02-06 19:32:40.646000+00:00,spine3,sg1,,bundlemgr_distrib,0/RP0/CPU0,0,bundlemgr_distribnode0_RP0_CPU0,0,0,obt-collector1,60

2020-02-06 19:32:40.646000+00:00,spine3,sg1,,pim6,0/RP0/CPU0,0,pim6node0_RP0_CPU0,0,0,obt-collector1,199

2020-02-06 19:32:40.646000+00:00,spine3,sg1,,XTC,0/RP0/CPU0,0,XTCnode0_RP0_CPU0,0,0,obt-collector1,180

2020-02-06 19:32:40.646000+00:00,spine3,sg1,,L2VPN_ATOM,0/RP0/CPU0,0,L2VPN_ATOMnode0_RP0_CPU0,0,0,obt-collector1,120

2020-02-06 19:32:44.792000+00:00,spine3,sg1,,XTC,0/RP0/CPU0,0,XTCnode0_RP0_CPU0,0,0,obt-collector1,180

2020-02-06 19:32:44.792000+00:00,spine3,sg1,,L2VPN_ATOM,0/RP0/CPU0,0,L2VPN_ATOMnode0_RP0_CPU0,0,0,obt-collector1,120

2020-02-06 19:32:44.792000+00:00,spine3,sg1,,bgp-default,0/RP0/CPU0,60,bgp-defaultnode0_RP0_CPU0,0,0,obt-collector1,60

2020-02-06 19:32:44.792000+00:00,spine3,sg1,,pim,0/RP0/CPU0,0,pimnode0_RP0_CPU0,0,0,obt-collector1,199

2020-02-06 19:32:44.792000+00:00,spine3,sg1,,object_tracking,0/RP0/CPU0,0,object_trackingnode0_RP0_CPU0,0,0,obt-collector1,199

2020-02-06 19:32:44.792000+00:00,spine3,sg1,,pim6,0/RP0/CPU0,0,pim6node0_RP0_CPU0,0,0,obt-collector1,199

2020-02-06 19:32:44.792000+00:00,spine3,sg1,,ipv4_static,0/RP0/CPU0,0,ipv4_staticnode0_RP0_CPU0,0,0,obt-collector1,60

2020-02-06 19:32:44.792000+00:00,spine3,sg1,,bundlemgr_distrib,0/RP0/CPU0,0,bundlemgr_distribnode0_RP0_CPU0,0,0,obt-collector1,60

2020-02-06 19:33:08.817000+00:00,spine3,sg1,,XTC,0/RP0/CPU0,0,XTCnode0_RP0_CPU0,0,0,obt-collector1,180

2020-02-06 19:33:08.817000+00:00,spine3,sg1,,L2VPN_ATOM,0/RP0/CPU0,0,L2VPN_ATOMnode0_RP0_CPU0,0,0,obt-collector1,120

2020-02-06 19:33:08.818000+00:00,spine3,sg1,,bundlemgr_distrib,0/RP0/CPU0,0,bundlemgr_distribnode0_RP0_CPU0,0,0,obt-collector1,60

2020-02-06 19:33:08.818000+00:00,spine3,sg1,,bgp-default,0/RP0/CPU0,60,bgp-defaultnode0_RP0_CPU0,0,0,obt-collector1,60

2020-02-06 19:33:08.818000+00:00,spine3,sg1,,ipv4_static,0/RP0/CPU0,0,ipv4_staticnode0_RP0_CPU0,0,0,obt-collector1,60

2020-02-06 19:33:08.818000+00:00,spine3,sg1,,pim6,0/RP0/CPU0,0,pim6node0_RP0_CPU0,0,0,obt-collector1,199

2020-02-06 19:33:08.818000+00:00,spine3,sg1,,pim,0/RP0/CPU0,0,pimnode0_RP0_CPU0,0,0,obt-collector1,199

2020-02-06 19:33:08.818000+00:00,spine3,sg1,,object_tracking,0/RP0/CPU0,0,object_trackingnode0_RP0_CPU0,0,0,obt-collector1,199

2020-02-06 19:33:17.085000+00:00,spine3,sg1,,L2VPN_ATOM,0/RP0/CPU0,0,L2VPN_ATOMnode0_RP0_CPU0,0,0,obt-collector1,120

2020-02-06 19:33:17.086000+00:00,spine3,sg1,,object_tracking,0/RP0/CPU0,0,object_trackingnode0_RP0_CPU0,0,0,obt-collector1,199

2020-02-06 19:33:17.086000+00:00,spine3,sg1,,pim,0/RP0/CPU0,0,pimnode0_RP0_CPU0,0,0,obt-collector1,199

2020-02-06 19:33:17.086000+00:00,spine3,sg1,,bundlemgr_distrib,0/RP0/CPU0,0,bundlemgr_distribnode0_RP0_CPU0,0,0,obt-collector1,60

2020-02-06 19:33:17.086000+00:00,spine3,sg1,,XTC,0/RP0/CPU0,0,XTCnode0_RP0_CPU0,0,0,obt-collector1,180

2020-02-06 19:33:17.086000+00:00,spine3,sg1,,pim6,0/RP0/CPU0,0,pim6node0_RP0_CPU0,0,0,obt-collector1,199

2020-02-06 19:33:17.086000+00:00,spine3,sg1,,bgp-default,0/RP0/CPU0,60,bgp-defaultnode0_RP0_CPU0,0,0,obt-collector1,60

2020-02-06 19:33:17.086000+00:00,spine3,sg1,,ipv4_static,0/RP0/CPU0,0,ipv4_staticnode0_RP0_CPU0,0,0,obt-collector1,60

2020-02-06 19:33:24.915000+00:00,spine3,sg1,,bgp-default,0/RP0/CPU0,60,bgp-defaultnode0_RP0_CPU0,0,0,obt-collector1,60

2020-02-06 19:33:24.915000+00:00,spine3,sg1,,ipv4_static,0/RP0/CPU0,0,ipv4_staticnode0_RP0_CPU0,0,0,obt-collector1,60

2020-02-06 19:33:24.915000+00:00,spine3,sg1,,L2VPN_ATOM,0/RP0/CPU0,0,L2VPN_ATOMnode0_RP0_CPU0,0,0,obt-collector1,120

2020-02-06 19:33:24.915000+00:00,spine3,sg1,,bundlemgr_distrib,0/RP0/CPU0,0,bundlemgr_distribnode0_RP0_CPU0,0,0,obt-collector1,60

2020-02-06 19:33:24.915000+00:00,spine3,sg1,,XTC,0/RP0/CPU0,0,XTCnode0_RP0_CPU0,0,0,obt-collector1,180

2020-02-06 19:33:24.916000+00:00,spine3,sg1,,object_tracking,0/RP0/CPU0,0,object_trackingnode0_RP0_CPU0,0,0,obt-collector1,199

2020-02-06 19:33:24.916000+00:00,spine3,sg1,,pim,0/RP0/CPU0,0,pimnode0_RP0_CPU0,0,0,obt-collector1,199

2020-02-06 19:33:24.916000+00:00,spine3,sg1,,pim6,0/RP0/CPU0,0,pim6node0_RP0_CPU0,0,0,obt-collector1,199

2020-02-06 19:33:36.589000+00:00,spine3,sg1,,L2VPN_ATOM,0/RP0/CPU0,0,L2VPN_ATOMnode0_RP0_CPU0,0,0,obt-collector1,120

2020-02-06 19:33:36.590000+00:00,spine3,sg1,,pim6,0/RP0/CPU0,0,pim6node0_RP0_CPU0,0,0,obt-collector1,199

2020-02-06 19:33:36.590000+00:00,spine3,sg1,,pim,0/RP0/CPU0,0,pimnode0_RP0_CPU0,0,0,obt-collector1,199

2020-02-06 19:33:36.590000+00:00,spine3,sg1,,bundlemgr_distrib,0/RP0/CPU0,0,bundlemgr_distribnode0_RP0_CPU0,0,0,obt-collector1,60

2020-02-06 19:33:36.590000+00:00,spine3,sg1,,ipv4_static,0/RP0/CPU0,0,ipv4_staticnode0_RP0_CPU0,0,0,obt-collector1,60

2020-02-06 19:33:36.590000+00:00,spine3,sg1,,object_tracking,0/RP0/CPU0,0,object_trackingnode0_RP0_CPU0,0,0,obt-collector1,199

2020-02-06 19:33:36.590000+00:00,spine3,sg1,,bgp-default,0/RP0/CPU0,60,bgp-defaultnode0_RP0_CPU0,0,0,obt-collector1,60

2020-02-06 19:33:36.590000+00:00,spine3,sg1,,XTC,0/RP0/CPU0,0,XTCnode0_RP0_CPU0,0,0,obt-collector1,180

2020-02-06 19:33:44.362000+00:00,spine3,sg1,,bgp-default,0/RP0/CPU0,60,bgp-defaultnode0_RP0_CPU0,0,0,obt-collector1,60

2020-02-06 19:33:44.362000+00:00,spine3,sg1,,XTC,0/RP0/CPU0,0,XTCnode0_RP0_CPU0,0,0,obt-collector1,180

2020-02-06 19:33:44.362000+00:00,spine3,sg1,,L2VPN_ATOM,0/RP0/CPU0,0,L2VPN_ATOMnode0_RP0_CPU0,0,0,obt-collector1,120

2020-02-06 19:33:44.362000+00:00,spine3,sg1,,bundlemgr_distrib,0/RP0/CPU0,0,bundlemgr_distribnode0_RP0_CPU0,0,0,obt-collector1,60

2020-02-06 19:33:44.362000+00:00,spine3,sg1,,ipv4_static,0/RP0/CPU0,0,ipv4_staticnode0_RP0_CPU0,0,0,obt-collector1,60

2020-02-06 19:33:44.363000+00:00,spine3,sg1,,pim6,0/RP0/CPU0,0,pim6node0_RP0_CPU0,0,0,obt-collector1,199

2020-02-06 19:33:44.363000+00:00,spine3,sg1,,pim,0/RP0/CPU0,0,pimnode0_RP0_CPU0,0,0,obt-collector1,199

2020-02-06 19:33:44.363000+00:00,spine3,sg1,,object_tracking,0/RP0/CPU0,0,object_trackingnode0_RP0_CPU0,0,0,obt-collector1,199

2020-02-06 19:34:08.223000+00:00,spine3,sg1,,bundlemgr_distrib,0/RP0/CPU0,0,bundlemgr_distribnode0_RP0_CPU0,0,0,obt-collector1,60

2020-02-06 19:34:08.223000+00:00,spine3,sg1,,bgp-default,0/RP0/CPU0,60,bgp-defaultnode0_RP0_CPU0,0,0,obt-collector1,60

2020-02-06 19:34:08.223000+00:00,spine3,sg1,,XTC,0/RP0/CPU0,0,XTCnode0_RP0_CPU0,0,0,obt-collector1,180

2020-02-06 19:34:08.223000+00:00,spine3,sg1,,L2VPN_ATOM,0/RP0/CPU0,0,L2VPN_ATOMnode0_RP0_CPU0,0,0,obt-collector1,120

2020-02-06 19:34:08.224000+00:00,spine3,sg1,,pim,0/RP0/CPU0,0,pimnode0_RP0_CPU0,0,0,obt-collector1,199

2020-02-06 19:34:08.224000+00:00,spine3,sg1,,object_tracking,0/RP0/CPU0,0,object_trackingnode0_RP0_CPU0,0,0,obt-collector1,199

2020-02-06 19:34:08.224000+00:00,spine3,sg1,,pim6,0/RP0/CPU0,0,pim6node0_RP0_CPU0,0,0,obt-collector1,199

2020-02-06 19:34:08.224000+00:00,spine3,sg1,,ipv4_static,0/RP0/CPU0,0,ipv4_staticnode0_RP0_CPU0,0,0,obt-collector1,60

2020-02-06 19:34:16.194000+00:00,spine3,sg1,,pim6,0/RP0/CPU0,0,pim6node0_RP0_CPU0,0,0,obt-collector1,199

2020-02-06 19:34:16.194000+00:00,spine3,sg1,,ipv4_static,0/RP0/CPU0,0,ipv4_staticnode0_RP0_CPU0,0,0,obt-collector1,60

2020-02-06 19:34:16.194000+00:00,spine3,sg1,,L2VPN_ATOM,0/RP0/CPU0,0,L2VPN_ATOMnode0_RP0_CPU0,0,0,obt-collector1,120

2020-02-06 19:34:16.194000+00:00,spine3,sg1,,bundlemgr_distrib,0/RP0/CPU0,0,bundlemgr_distribnode0_RP0_CPU0,0,0,obt-collector1,60

2020-02-06 19:34:16.194000+00:00,spine3,sg1,,XTC,0/RP0/CPU0,0,XTCnode0_RP0_CPU0,0,0,obt-collector1,180

2020-02-06 19:34:16.194000+00:00,spine3,sg1,,object_tracking,0/RP0/CPU0,0,object_trackingnode0_RP0_CPU0,0,0,obt-collector1,199

2020-02-06 19:34:16.194000+00:00,spine3,sg1,,bgp-default,0/RP0/CPU0,60,bgp-defaultnode0_RP0_CPU0,0,0,obt-collector1,60

2020-02-06 19:34:16.195000+00:00,spine3,sg1,,pim,0/RP0/CPU0,0,pimnode0_RP0_CPU0,0,0,obt-collector1,199

2020-02-06 19:34:24.112000+00:00,spine3,sg1,,L2VPN_ATOM,0/RP0/CPU0,0,L2VPN_ATOMnode0_RP0_CPU0,0,0,obt-collector1,120

2020-02-06 19:34:24.113000+00:00,spine3,sg1,,pim,0/RP0/CPU0,0,pimnode0_RP0_CPU0,0,0,obt-collector1,199

2020-02-06 19:34:24.113000+00:00,spine3,sg1,,bgp-default,0/RP0/CPU0,60,bgp-defaultnode0_RP0_CPU0,0,0,obt-collector1,60

2020-02-06 19:34:24.113000+00:00,spine3,sg1,,pim6,0/RP0/CPU0,0,pim6node0_RP0_CPU0,0,0,obt-collector1,199

2020-02-06 19:34:24.113000+00:00,spine3,sg1,,ipv4_static,0/RP0/CPU0,0,ipv4_staticnode0_RP0_CPU0,0,0,obt-collector1,60

2020-02-06 19:34:24.113000+00:00,spine3,sg1,,object_tracking,0/RP0/CPU0,0,object_trackingnode0_RP0_CPU0,0,0,obt-collector1,199

2020-02-06 19:34:24.113000+00:00,spine3,sg1,,bundlemgr_distrib,0/RP0/CPU0,0,bundlemgr_distribnode0_RP0_CPU0,0,0,obt-collector1,60

2020-02-06 19:34:24.113000+00:00,spine3,sg1,,XTC,0/RP0/CPU0,0,XTCnode0_RP0_CPU0,0,0,obt-collector1,180

2020-02-06 19:35:03.059000+00:00,spine3,sg1,,bgp-default,0/RP0/CPU0,60,bgp-defaultnode0_RP0_CPU0,0,0,obt-collector1,60

2020-02-06 19:35:03.059000+00:00,spine3,sg1,,L2VPN_ATOM,0/RP0/CPU0,0,L2VPN_ATOMnode0_RP0_CPU0,0,0,obt-collector1,120

2020-02-06 19:35:03.059000+00:00,spine3,sg1,,XTC,0/RP0/CPU0,0,XTCnode0_RP0_CPU0,0,0,obt-collector1,180

2020-02-06 19:35:03.060000+00:00,spine3,sg1,,bundlemgr_distrib,0/RP0/CPU0,0,bundlemgr_distribnode0_RP0_CPU0,0,0,obt-collector1,60

2020-02-06 19:35:03.060000+00:00,spine3,sg1,,pim,0/RP0/CPU0,0,pimnode0_RP0_CPU0,0,0,obt-collector1,199

2020-02-06 19:35:03.060000+00:00,spine3,sg1,,object_tracking,0/RP0/CPU0,0,object_trackingnode0_RP0_CPU0,0,0,obt-collector1,199

2020-02-06 19:35:03.060000+00:00,spine3,sg1,,pim6,0/RP0/CPU0,0,pim6node0_RP0_CPU0,0,0,obt-collector1,199

2020-02-06 19:35:03.060000+00:00,spine3,sg1,,ipv4_static,0/RP0/CPU0,0,ipv4_staticnode0_RP0_CPU0,0,0,obt-collector1,60

2020-02-06 19:35:06.717000+00:00,spine3,sg1,,XTC,0/RP0/CPU0,0,XTCnode0_RP0_CPU0,0,0,obt-collector1,180

2020-02-06 19:35:06.717000+00:00,spine3,sg1,,bgp-default,0/RP0/CPU0,60,bgp-defaultnode0_RP0_CPU0,0,0,obt-collector1,60

2020-02-06 19:35:06.717000+00:00,spine3,sg1,,L2VPN_ATOM,0/RP0/CPU0,0,L2VPN_ATOMnode0_RP0_CPU0,0,0,obt-collector1,120

2020-02-06 19:35:06.717000+00:00,spine3,sg1,,bundlemgr_distrib,0/RP0/CPU0,0,bundlemgr_distribnode0_RP0_CPU0,0,0,obt-collector1,60

2020-02-06 19:35:06.718000+00:00,spine3,sg1,,pim6,0/RP0/CPU0,0,pim6node0_RP0_CPU0,0,0,obt-collector1,199

2020-02-06 19:35:06.718000+00:00,spine3,sg1,,ipv4_static,0/RP0/CPU0,0,ipv4_staticnode0_RP0_CPU0,0,0,obt-collector1,60

2020-02-06 19:35:06.718000+00:00,spine3,sg1,,object_tracking,0/RP0/CPU0,0,object_trackingnode0_RP0_CPU0,0,0,obt-collector1,199

2020-02-06 19:35:06.718000+00:00,spine3,sg1,,pim,0/RP0/CPU0,0,pimnode0_RP0_CPU0,0,0,obt-collector1,199

2020-02-06 19:35:23.164000+00:00,spine3,sg1,,object_tracking,0/RP0/CPU0,0,object_trackingnode0_RP0_CPU0,0,0,obt-collector1,199

2020-02-06 19:35:23.164000+00:00,spine3,sg1,,bundlemgr_distrib,0/RP0/CPU0,0,bundlemgr_distribnode0_RP0_CPU0,0,0,obt-collector1,60

2020-02-06 19:35:23.164000+00:00,spine3,sg1,,XTC,0/RP0/CPU0,0,XTCnode0_RP0_CPU0,0,0,obt-collector1,180

2020-02-06 19:35:23.164000+00:00,spine3,sg1,,L2VPN_ATOM,0/RP0/CPU0,0,L2VPN_ATOMnode0_RP0_CPU0,0,0,obt-collector1,120

2020-02-06 19:35:23.164000+00:00,spine3,sg1,,ipv4_static,0/RP0/CPU0,0,ipv4_staticnode0_RP0_CPU0,0,0,obt-collector1,60

2020-02-06 19:35:23.164000+00:00,spine3,sg1,,bgp-default,0/RP0/CPU0,60,bgp-defaultnode0_RP0_CPU0,0,0,obt-collector1,60

2020-02-06 19:35:23.164000+00:00,spine3,sg1,,pim6,0/RP0/CPU0,0,pim6node0_RP0_CPU0,0,0,obt-collector1,199

2020-02-06 19:35:23.165000+00:00,spine3,sg1,,pim,0/RP0/CPU0,0,pimnode0_RP0_CPU0,0,0,obt-collector1,199

2020-02-06 19:35:42.308000+00:00,spine3,sg1,,pim6,0/RP0/CPU0,0,pim6node0_RP0_CPU0,0,0,obt-collector1,199

2020-02-06 19:35:42.308000+00:00,spine3,sg1,,pim,0/RP0/CPU0,0,pimnode0_RP0_CPU0,0,0,obt-collector1,199

2020-02-06 19:35:42.308000+00:00,spine3,sg1,,bgp-default,0/RP0/CPU0,60,bgp-defaultnode0_RP0_CPU0,0,0,obt-collector1,60

2020-02-06 19:35:42.308000+00:00,spine3,sg1,,bundlemgr_distrib,0/RP0/CPU0,0,bundlemgr_distribnode0_RP0_CPU0,0,0,obt-collector1,60

2020-02-06 19:35:42.308000+00:00,spine3,sg1,,object_tracking,0/RP0/CPU0,0,object_trackingnode0_RP0_CPU0,0,0,obt-collector1,199

2020-02-06 19:35:42.308000+00:00,spine3,sg1,,ipv4_static,0/RP0/CPU0,0,ipv4_staticnode0_RP0_CPU0,0,0,obt-collector1,60

2020-02-06 19:35:42.308000+00:00,spine3,sg1,,XTC,0/RP0/CPU0,0,XTCnode0_RP0_CPU0,0,0,obt-collector1,180

2020-02-06 19:35:42.308000+00:00,spine3,sg1,,L2VPN_ATOM,0/RP0/CPU0,0,L2VPN_ATOMnode0_RP0_CPU0,0,0,obt-collector1,120

2020-02-06 19:36:01+00:00,spine3,sg1,,XTC,0/RP0/CPU0,0,XTCnode0_RP0_CPU0,0,0,obt-collector1,180

2020-02-06 19:36:01+00:00,spine3,sg1,,L2VPN_ATOM,0/RP0/CPU0,0,L2VPN_ATOMnode0_RP0_CPU0,0,0,obt-collector1,120

2020-02-06 19:36:01+00:00,spine3,sg1,,bgp-default,0/RP0/CPU0,60,bgp-defaultnode0_RP0_CPU0,0,0,obt-collector1,60

2020-02-06 19:36:01+00:00,spine3,sg1,,pim6,0/RP0/CPU0,0,pim6node0_RP0_CPU0,0,0,obt-collector1,199

2020-02-06 19:36:01+00:00,spine3,sg1,,pim,0/RP0/CPU0,0,pimnode0_RP0_CPU0,0,0,obt-collector1,199

2020-02-06 19:36:01+00:00,spine3,sg1,,ipv4_static,0/RP0/CPU0,0,ipv4_staticnode0_RP0_CPU0,0,0,obt-collector1,60

2020-02-06 19:36:01+00:00,spine3,sg1,,bundlemgr_distrib,0/RP0/CPU0,0,bundlemgr_distribnode0_RP0_CPU0,0,0,obt-collector1,60

2020-02-06 19:36:01+00:00,spine3,sg1,,object_tracking,0/RP0/CPU0,0,object_trackingnode0_RP0_CPU0,0,0,obt-collector1,199

2020-02-06 19:36:13.387000+00:00,spine3,sg1,,XTC,0/RP0/CPU0,0,XTCnode0_RP0_CPU0,0,0,obt-collector1,180

2020-02-06 19:36:13.387000+00:00,spine3,sg1,,L2VPN_ATOM,0/RP0/CPU0,0,L2VPN_ATOMnode0_RP0_CPU0,0,0,obt-collector1,120

2020-02-06 19:36:13.388000+00:00,spine3,sg1,,object_tracking,0/RP0/CPU0,0,object_trackingnode0_RP0_CPU0,0,0,obt-collector1,199

2020-02-06 19:36:13.388000+00:00,spine3,sg1,,bgp-default,0/RP0/CPU0,60,bgp-defaultnode0_RP0_CPU0,0,0,obt-collector1,60

2020-02-06 19:36:13.388000+00:00,spine3,sg1,,bundlemgr_distrib,0/RP0/CPU0,0,bundlemgr_distribnode0_RP0_CPU0,0,0,obt-collector1,60

2020-02-06 19:36:13.388000+00:00,spine3,sg1,,ipv4_static,0/RP0/CPU0,0,ipv4_staticnode0_RP0_CPU0,0,0,obt-collector1,60

2020-02-06 19:36:13.388000+00:00,spine3,sg1,,pim6,0/RP0/CPU0,0,pim6node0_RP0_CPU0,0,0,obt-collector1,199

2020-02-06 19:36:13.388000+00:00,spine3,sg1,,pim,0/RP0/CPU0,0,pimnode0_RP0_CPU0,0,0,obt-collector1,199

2020-02-06 19:36:28.413000+00:00,spine3,sg1,,XTC,0/RP0/CPU0,0,XTCnode0_RP0_CPU0,0,0,obt-collector1,180

2020-02-06 19:36:28.413000+00:00,spine3,sg1,,bgp-default,0/RP0/CPU0,60,bgp-defaultnode0_RP0_CPU0,0,0,obt-collector1,60

2020-02-06 19:36:28.413000+00:00,spine3,sg1,,L2VPN_ATOM,0/RP0/CPU0,0,L2VPN_ATOMnode0_RP0_CPU0,0,0,obt-collector1,120

2020-02-06 19:36:28.413000+00:00,spine3,sg1,,bundlemgr_distrib,0/RP0/CPU0,0,bundlemgr_distribnode0_RP0_CPU0,0,0,obt-collector1,60

2020-02-06 19:36:28.414000+00:00,spine3,sg1,,pim6,0/RP0/CPU0,0,pim6node0_RP0_CPU0,0,0,obt-collector1,199

2020-02-06 19:36:28.414000+00:00,spine3,sg1,,pim,0/RP0/CPU0,0,pimnode0_RP0_CPU0,0,0,obt-collector1,199

2020-02-06 19:36:28.414000+00:00,spine3,sg1,,object_tracking,0/RP0/CPU0,0,object_trackingnode0_RP0_CPU0,0,0,obt-collector1,199

2020-02-06 19:36:28.414000+00:00,spine3,sg1,,ipv4_static,0/RP0/CPU0,0,ipv4_staticnode0_RP0_CPU0,0,0,obt-collector1,60

2020-02-06 19:36:32.560000+00:00,spine3,sg1,,object_tracking,0/RP0/CPU0,0,object_trackingnode0_RP0_CPU0,0,0,obt-collector1,199

2020-02-06 19:36:32.560000+00:00,spine3,sg1,,ipv4_static,0/RP0/CPU0,0,ipv4_staticnode0_RP0_CPU0,0,0,obt-collector1,60

2020-02-06 19:36:32.560000+00:00,spine3,sg1,,bundlemgr_distrib,0/RP0/CPU0,0,bundlemgr_distribnode0_RP0_CPU0,0,0,obt-collector1,60

2020-02-06 19:36:32.560000+00:00,spine3,sg1,,XTC,0/RP0/CPU0,0,XTCnode0_RP0_CPU0,0,0,obt-collector1,180

2020-02-06 19:36:32.560000+00:00,spine3,sg1,,L2VPN_ATOM,0/RP0/CPU0,0,L2VPN_ATOMnode0_RP0_CPU0,0,0,obt-collector1,120

2020-02-06 19:36:32.560000+00:00,spine3,sg1,,bgp-default,0/RP0/CPU0,60,bgp-defaultnode0_RP0_CPU0,0,0,obt-collector1,60

2020-02-06 19:36:32.561000+00:00,spine3,sg1,,pim,0/RP0/CPU0,0,pimnode0_RP0_CPU0,0,0,obt-collector1,199

2020-02-06 19:36:32.561000+00:00,spine3,sg1,,pim6,0/RP0/CPU0,0,pim6node0_RP0_CPU0,0,0,obt-collector1,199

2020-02-06 19:36:39.831000+00:00,spine3,sg1,,XTC,0/RP0/CPU0,0,XTCnode0_RP0_CPU0,0,0,obt-collector1,180

2020-02-06 19:36:39.831000+00:00,spine3,sg1,,L2VPN_ATOM,0/RP0/CPU0,0,L2VPN_ATOMnode0_RP0_CPU0,0,0,obt-collector1,120

2020-02-06 19:36:39.831000+00:00,spine3,sg1,,bgp-default,0/RP0/CPU0,60,bgp-defaultnode0_RP0_CPU0,0,0,obt-collector1,60

2020-02-06 19:36:39.832000+00:00,spine3,sg1,,pim6,0/RP0/CPU0,0,pim6node0_RP0_CPU0,0,0,obt-collector1,199

2020-02-06 19:36:39.832000+00:00,spine3,sg1,,pim,0/RP0/CPU0,0,pimnode0_RP0_CPU0,0,0,obt-collector1,199

2020-02-06 19:36:39.832000+00:00,spine3,sg1,,ipv4_static,0/RP0/CPU0,0,ipv4_staticnode0_RP0_CPU0,0,0,obt-collector1,60

2020-02-06 19:36:39.832000+00:00,spine3,sg1,,object_tracking,0/RP0/CPU0,0,object_trackingnode0_RP0_CPU0,0,0,obt-collector1,199

2020-02-06 19:36:39.832000+00:00,spine3,sg1,,bundlemgr_distrib,0/RP0/CPU0,0,bundlemgr_distribnode0_RP0_CPU0,0,0,obt-collector1,60

2020-02-06 19:36:43.767000+00:00,spine3,sg1,,L2VPN_ATOM,0/RP0/CPU0,0,L2VPN_ATOMnode0_RP0_CPU0,0,0,obt-collector1,120

2020-02-06 19:36:43.767000+00:00,spine3,sg1,,bgp-default,0/RP0/CPU0,60,bgp-defaultnode0_RP0_CPU0,0,0,obt-collector1,60

2020-02-06 19:36:43.767000+00:00,spine3,sg1,,XTC,0/RP0/CPU0,0,XTCnode0_RP0_CPU0,0,0,obt-collector1,180

2020-02-06 19:36:43.768000+00:00,spine3,sg1,,bundlemgr_distrib,0/RP0/CPU0,0,bundlemgr_distribnode0_RP0_CPU0,0,0,obt-collector1,60

2020-02-06 19:36:43.768000+00:00,spine3,sg1,,pim6,0/RP0/CPU0,0,pim6node0_RP0_CPU0,0,0,obt-collector1,199

2020-02-06 19:36:43.768000+00:00,spine3,sg1,,object_tracking,0/RP0/CPU0,0,object_trackingnode0_RP0_CPU0,0,0,obt-collector1,199

2020-02-06 19:36:43.768000+00:00,spine3,sg1,,ipv4_static,0/RP0/CPU0,0,ipv4_staticnode0_RP0_CPU0,0,0,obt-collector1,60

2020-02-06 19:36:43.768000+00:00,spine3,sg1,,pim,0/RP0/CPU0,0,pimnode0_RP0_CPU0,0,0,obt-collector1,199

2020-02-06 19:36:47.419000+00:00,spine3,sg1,,ipv4_static,0/RP0/CPU0,0,ipv4_staticnode0_RP0_CPU0,0,0,obt-collector1,60

2020-02-06 19:36:47.419000+00:00,spine3,sg1,,bundlemgr_distrib,0/RP0/CPU0,0,bundlemgr_distribnode0_RP0_CPU0,0,0,obt-collector1,60

2020-02-06 19:36:47.419000+00:00,spine3,sg1,,bgp-default,0/RP0/CPU0,60,bgp-defaultnode0_RP0_CPU0,0,0,obt-collector1,60

2020-02-06 19:36:47.419000+00:00,spine3,sg1,,XTC,0/RP0/CPU0,0,XTCnode0_RP0_CPU0,0,0,obt-collector1,180

2020-02-06 19:36:47.419000+00:00,spine3,sg1,,object_tracking,0/RP0/CPU0,0,object_trackingnode0_RP0_CPU0,0,0,obt-collector1,199

2020-02-06 19:36:47.419000+00:00,spine3,sg1,,L2VPN_ATOM,0/RP0/CPU0,0,L2VPN_ATOMnode0_RP0_CPU0,0,0,obt-collector1,120

2020-02-06 19:36:47.419000+00:00,spine3,sg1,,pim6,0/RP0/CPU0,0,pim6node0_RP0_CPU0,0,0,obt-collector1,199

2020-02-06 19:36:47.420000+00:00,spine3,sg1,,pim,0/RP0/CPU0,0,pimnode0_RP0_CPU0,0,0,obt-collector1,199

2020-02-06 19:36:51.330000+00:00,spine3,sg1,,L2VPN_ATOM,0/RP0/CPU0,0,L2VPN_ATOMnode0_RP0_CPU0,0,0,obt-collector1,120

2020-02-06 19:36:51.330000+00:00,spine3,sg1,,bundlemgr_distrib,0/RP0/CPU0,0,bundlemgr_distribnode0_RP0_CPU0,0,0,obt-collector1,60

2020-02-06 19:36:51.330000+00:00,spine3,sg1,,ipv4_static,0/RP0/CPU0,0,ipv4_staticnode0_RP0_CPU0,0,0,obt-collector1,60

2020-02-06 19:36:51.330000+00:00,spine3,sg1,,object_tracking,0/RP0/CPU0,0,object_trackingnode0_RP0_CPU0,0,0,obt-collector1,199

2020-02-06 19:36:51.330000+00:00,spine3,sg1,,bgp-default,0/RP0/CPU0,60,bgp-defaultnode0_RP0_CPU0,0,0,obt-collector1,60

2020-02-06 19:36:51.330000+00:00,spine3,sg1,,XTC,0/RP0/CPU0,0,XTCnode0_RP0_CPU0,0,0,obt-collector1,180

2020-02-06 19:36:51.331000+00:00,spine3,sg1,,pim6,0/RP0/CPU0,0,pim6node0_RP0_CPU0,0,0,obt-collector1,199

2020-02-06 19:36:51.331000+00:00,spine3,sg1,,pim,0/RP0/CPU0,0,pimnode0_RP0_CPU0,0,0,obt-collector1,199

2020-02-06 19:36:55.101000+00:00,spine3,sg1,,XTC,0/RP0/CPU0,0,XTCnode0_RP0_CPU0,0,0,obt-collector1,180

2020-02-06 19:36:55.101000+00:00,spine3,sg1,,L2VPN_ATOM,0/RP0/CPU0,0,L2VPN_ATOMnode0_RP0_CPU0,0,0,obt-collector1,120

2020-02-06 19:36:55.102000+00:00,spine3,sg1,,pim,0/RP0/CPU0,0,pimnode0_RP0_CPU0,0,0,obt-collector1,199

2020-02-06 19:36:55.102000+00:00,spine3,sg1,,pim6,0/RP0/CPU0,0,pim6node0_RP0_CPU0,0,0,obt-collector1,199

2020-02-06 19:36:55.102000+00:00,spine3,sg1,,bgp-default,0/RP0/CPU0,60,bgp-defaultnode0_RP0_CPU0,0,0,obt-collector1,60

2020-02-06 19:36:55.102000+00:00,spine3,sg1,,object_tracking,0/RP0/CPU0,0,object_trackingnode0_RP0_CPU0,0,0,obt-collector1,199

2020-02-06 19:36:55.102000+00:00,spine3,sg1,,bundlemgr_distrib,0/RP0/CPU0,0,bundlemgr_distribnode0_RP0_CPU0,0,0,obt-collector1,60

2020-02-06 19:36:55.102000+00:00,spine3,sg1,,ipv4_static,0/RP0/CPU0,0,ipv4_staticnode0_RP0_CPU0,0,0,obt-collector1,60

2020-02-06 19:37:22.606000+00:00,spine3,sg1,,bundlemgr_distrib,0/RP0/CPU0,0,bundlemgr_distribnode0_RP0_CPU0,0,0,obt-collector1,60

2020-02-06 19:37:22.606000+00:00,spine3,sg1,,XTC,0/RP0/CPU0,0,XTCnode0_RP0_CPU0,0,0,obt-collector1,180

2020-02-06 19:37:22.606000+00:00,spine3,sg1,,bgp-default,0/RP0/CPU0,60,bgp-defaultnode0_RP0_CPU0,0,0,obt-collector1,60

2020-02-06 19:37:22.606000+00:00,spine3,sg1,,L2VPN_ATOM,0/RP0/CPU0,0,L2VPN_ATOMnode0_RP0_CPU0,0,0,obt-collector1,120

2020-02-06 19:37:22.607000+00:00,spine3,sg1,,ipv4_static,0/RP0/CPU0,0,ipv4_staticnode0_RP0_CPU0,0,0,obt-collector1,60

2020-02-06 19:37:22.607000+00:00,spine3,sg1,,object_tracking,0/RP0/CPU0,0,object_trackingnode0_RP0_CPU0,0,0,obt-collector1,199

2020-02-06 19:37:22.607000+00:00,spine3,sg1,,pim6,0/RP0/CPU0,0,pim6node0_RP0_CPU0,0,0,obt-collector1,199

2020-02-06 19:37:22.607000+00:00,spine3,sg1,,pim,0/RP0/CPU0,0,pimnode0_RP0_CPU0,0,0,obt-collector1,199

2020-02-06 19:37:34.066000+00:00,spine3,sg1,,L2VPN_ATOM,0/RP0/CPU0,0,L2VPN_ATOMnode0_RP0_CPU0,0,0,obt-collector1,120

2020-02-06 19:37:34.067000+00:00,spine3,sg1,,pim,0/RP0/CPU0,0,pimnode0_RP0_CPU0,0,0,obt-collector1,199

2020-02-06 19:37:34.067000+00:00,spine3,sg1,,pim6,0/RP0/CPU0,0,pim6node0_RP0_CPU0,0,0,obt-collector1,199

2020-02-06 19:37:34.067000+00:00,spine3,sg1,,bgp-default,0/RP0/CPU0,60,bgp-defaultnode0_RP0_CPU0,0,0,obt-collector1,60

2020-02-06 19:37:34.067000+00:00,spine3,sg1,,bundlemgr_distrib,0/RP0/CPU0,0,bundlemgr_distribnode0_RP0_CPU0,0,0,obt-collector1,60

2020-02-06 19:37:34.067000+00:00,spine3,sg1,,object_tracking,0/RP0/CPU0,0,object_trackingnode0_RP0_CPU0,0,0,obt-collector1,199

2020-02-06 19:37:34.067000+00:00,spine3,sg1,,XTC,0/RP0/CPU0,0,XTCnode0_RP0_CPU0,0,0,obt-collector1,180

2020-02-06 19:37:34.067000+00:00,spine3,sg1,,ipv4_static,0/RP0/CPU0,0,ipv4_staticnode0_RP0_CPU0,0,0,obt-collector1,60

2020-02-06 19:37:45.257000+00:00,spine3,sg1,,XTC,0/RP0/CPU0,0,XTCnode0_RP0_CPU0,0,0,obt-collector1,180

2020-02-06 19:37:45.257000+00:00,spine3,sg1,,ipv4_static,0/RP0/CPU0,0,ipv4_staticnode0_RP0_CPU0,0,0,obt-collector1,60

2020-02-06 19:37:45.257000+00:00,spine3,sg1,,pim6,0/RP0/CPU0,0,pim6node0_RP0_CPU0,0,0,obt-collector1,199

2020-02-06 19:37:45.257000+00:00,spine3,sg1,,L2VPN_ATOM,0/RP0/CPU0,0,L2VPN_ATOMnode0_RP0_CPU0,0,0,obt-collector1,120

2020-02-06 19:37:45.257000+00:00,spine3,sg1,,pim,0/RP0/CPU0,0,pimnode0_RP0_CPU0,0,0,obt-collector1,199

2020-02-06 19:37:45.257000+00:00,spine3,sg1,,object_tracking,0/RP0/CPU0,0,object_trackingnode0_RP0_CPU0,0,0,obt-collector1,199

2020-02-06 19:37:45.257000+00:00,spine3,sg1,,bgp-default,0/RP0/CPU0,60,bgp-defaultnode0_RP0_CPU0,0,0,obt-collector1,60

2020-02-06 19:37:45.257000+00:00,spine3,sg1,,bundlemgr_distrib,0/RP0/CPU0,0,bundlemgr_distribnode0_RP0_CPU0,0,0,obt-collector1,60

2020-02-06 19:38:00.531000+00:00,spine3,sg1,,bgp-default,0/RP0/CPU0,60,bgp-defaultnode0_RP0_CPU0,0,0,obt-collector1,60

2020-02-06 19:38:00.531000+00:00,spine3,sg1,,bundlemgr_distrib,0/RP0/CPU0,0,bundlemgr_distribnode0_RP0_CPU0,0,0,obt-collector1,60

2020-02-06 19:38:00.531000+00:00,spine3,sg1,,XTC,0/RP0/CPU0,0,XTCnode0_RP0_CPU0,0,0,obt-collector1,180

2020-02-06 19:38:00.531000+00:00,spine3,sg1,,L2VPN_ATOM,0/RP0/CPU0,0,L2VPN_ATOMnode0_RP0_CPU0,0,0,obt-collector1,120

2020-02-06 19:38:00.531000+00:00,spine3,sg1,,ipv4_static,0/RP0/CPU0,0,ipv4_staticnode0_RP0_CPU0,0,0,obt-collector1,60

2020-02-06 19:38:00.531000+00:00,spine3,sg1,,object_tracking,0/RP0/CPU0,0,object_trackingnode0_RP0_CPU0,0,0,obt-collector1,199

2020-02-06 19:38:00.532000+00:00,spine3,sg1,,pim6,0/RP0/CPU0,0,pim6node0_RP0_CPU0,0,0,obt-collector1,199

2020-02-06 19:38:00.532000+00:00,spine3,sg1,,pim,0/RP0/CPU0,0,pimnode0_RP0_CPU0,0,0,obt-collector1,199

2020-02-06 19:38:31.778000+00:00,spine3,sg1,,XTC,0/RP0/CPU0,0,XTCnode0_RP0_CPU0,0,0,obt-collector1,180

2020-02-06 19:38:31.778000+00:00,spine3,sg1,,L2VPN_ATOM,0/RP0/CPU0,0,L2VPN_ATOMnode0_RP0_CPU0,0,0,obt-collector1,120

2020-02-06 19:38:31.779000+00:00,spine3,sg1,,pim,0/RP0/CPU0,0,pimnode0_RP0_CPU0,0,0,obt-collector1,199

2020-02-06 19:38:31.779000+00:00,spine3,sg1,,pim6,0/RP0/CPU0,0,pim6node0_RP0_CPU0,0,0,obt-collector1,199

2020-02-06 19:38:31.779000+00:00,spine3,sg1,,bundlemgr_distrib,0/RP0/CPU0,0,bundlemgr_distribnode0_RP0_CPU0,0,0,obt-collector1,60

2020-02-06 19:38:31.779000+00:00,spine3,sg1,,object_tracking,0/RP0/CPU0,0,object_trackingnode0_RP0_CPU0,0,0,obt-collector1,199

2020-02-06 19:38:31.779000+00:00,spine3,sg1,,bgp-default,0/RP0/CPU0,60,bgp-defaultnode0_RP0_CPU0,0,0,obt-collector1,60

2020-02-06 19:38:31.779000+00:00,spine3,sg1,,ipv4_static,0/RP0/CPU0,0,ipv4_staticnode0_RP0_CPU0,0,0,obt-collector1,60

2020-02-06 19:38:35.500000+00:00,spine3,sg1,,bgp-default,0/RP0/CPU0,60,bgp-defaultnode0_RP0_CPU0,0,0,obt-collector1,60

2020-02-06 19:38:35.500000+00:00,spine3,sg1,,ipv4_static,0/RP0/CPU0,0,ipv4_staticnode0_RP0_CPU0,0,0,obt-collector1,60

2020-02-06 19:38:35.500000+00:00,spine3,sg1,,pim,0/RP0/CPU0,0,pimnode0_RP0_CPU0,0,0,obt-collector1,199

2020-02-06 19:38:35.500000+00:00,spine3,sg1,,XTC,0/RP0/CPU0,0,XTCnode0_RP0_CPU0,0,0,obt-collector1,180

2020-02-06 19:38:35.500000+00:00,spine3,sg1,,L2VPN_ATOM,0/RP0/CPU0,0,L2VPN_ATOMnode0_RP0_CPU0,0,0,obt-collector1,120

2020-02-06 19:38:35.500000+00:00,spine3,sg1,,object_tracking,0/RP0/CPU0,0,object_trackingnode0_RP0_CPU0,0,0,obt-collector1,199

2020-02-06 19:38:35.500000+00:00,spine3,sg1,,pim6,0/RP0/CPU0,0,pim6node0_RP0_CPU0,0,0,obt-collector1,199

2020-02-06 19:38:35.500000+00:00,spine3,sg1,,bundlemgr_distrib,0/RP0/CPU0,0,bundlemgr_distribnode0_RP0_CPU0,0,0,obt-collector1,60

2020-02-06 19:38:39.325000+00:00,spine3,sg1,,pim6,0/RP0/CPU0,0,pim6node0_RP0_CPU0,0,0,obt-collector1,199

2020-02-06 19:38:39.325000+00:00,spine3,sg1,,bundlemgr_distrib,0/RP0/CPU0,0,bundlemgr_distribnode0_RP0_CPU0,0,0,obt-collector1,60

2020-02-06 19:38:39.325000+00:00,spine3,sg1,,pim,0/RP0/CPU0,0,pimnode0_RP0_CPU0,0,0,obt-collector1,199

2020-02-06 19:38:39.325000+00:00,spine3,sg1,,bgp-default,0/RP0/CPU0,60,bgp-defaultnode0_RP0_CPU0,0,0,obt-collector1,60

2020-02-06 19:38:39.325000+00:00,spine3,sg1,,ipv4_static,0/RP0/CPU0,0,ipv4_staticnode0_RP0_CPU0,0,0,obt-collector1,60

2020-02-06 19:38:39.325000+00:00,spine3,sg1,,object_tracking,0/RP0/CPU0,0,object_trackingnode0_RP0_CPU0,0,0,obt-collector1,199

2020-02-06 19:38:39.325000+00:00,spine3,sg1,,XTC,0/RP0/CPU0,0,XTCnode0_RP0_CPU0,0,0,obt-collector1,180

2020-02-06 19:38:39.325000+00:00,spine3,sg1,,L2VPN_ATOM,0/RP0/CPU0,0,L2VPN_ATOMnode0_RP0_CPU0,0,0,obt-collector1,120

2020-02-06 19:38:47.126000+00:00,spine3,sg1,,XTC,0/RP0/CPU0,0,XTCnode0_RP0_CPU0,0,0,obt-collector1,180

2020-02-06 19:38:47.126000+00:00,spine3,sg1,,L2VPN_ATOM,0/RP0/CPU0,0,L2VPN_ATOMnode0_RP0_CPU0,0,0,obt-collector1,120

2020-02-06 19:38:47.127000+00:00,spine3,sg1,,pim,0/RP0/CPU0,0,pimnode0_RP0_CPU0,0,0,obt-collector1,199

2020-02-06 19:38:47.127000+00:00,spine3,sg1,,pim6,0/RP0/CPU0,0,pim6node0_RP0_CPU0,0,0,obt-collector1,199

2020-02-06 19:38:47.127000+00:00,spine3,sg1,,bundlemgr_distrib,0/RP0/CPU0,0,bundlemgr_distribnode0_RP0_CPU0,0,0,obt-collector1,60

2020-02-06 19:38:47.127000+00:00,spine3,sg1,,object_tracking,0/RP0/CPU0,0,object_trackingnode0_RP0_CPU0,0,0,obt-collector1,199

2020-02-06 19:38:47.127000+00:00,spine3,sg1,,bgp-default,0/RP0/CPU0,60,bgp-defaultnode0_RP0_CPU0,0,0,obt-collector1,60

2020-02-06 19:38:47.127000+00:00,spine3,sg1,,ipv4_static,0/RP0/CPU0,0,ipv4_staticnode0_RP0_CPU0,0,0,obt-collector1,60

2020-02-06 19:38:54.969000+00:00,spine3,sg1,,bgp-default,0/RP0/CPU0,60,bgp-defaultnode0_RP0_CPU0,0,0,obt-collector1,60

2020-02-06 19:38:54.969000+00:00,spine3,sg1,,ipv4_static,0/RP0/CPU0,0,ipv4_staticnode0_RP0_CPU0,0,0,obt-collector1,60

2020-02-06 19:38:54.969000+00:00,spine3,sg1,,XTC,0/RP0/CPU0,0,XTCnode0_RP0_CPU0,0,0,obt-collector1,180

2020-02-06 19:38:54.969000+00:00,spine3,sg1,,pim6,0/RP0/CPU0,0,pim6node0_RP0_CPU0,0,0,obt-collector1,199

2020-02-06 19:38:54.969000+00:00,spine3,sg1,,L2VPN_ATOM,0/RP0/CPU0,0,L2VPN_ATOMnode0_RP0_CPU0,0,0,obt-collector1,120

2020-02-06 19:38:54.969000+00:00,spine3,sg1,,object_tracking,0/RP0/CPU0,0,object_trackingnode0_RP0_CPU0,0,0,obt-collector1,199

2020-02-06 19:38:54.969000+00:00,spine3,sg1,,bundlemgr_distrib,0/RP0/CPU0,0,bundlemgr_distribnode0_RP0_CPU0,0,0,obt-collector1,60

2020-02-06 19:38:54.970000+00:00,spine3,sg1,,pim,0/RP0/CPU0,0,pimnode0_RP0_CPU0,0,0,obt-collector1,199

2020-02-06 19:39:06.733000+00:00,spine3,sg1,,bundlemgr_distrib,0/RP0/CPU0,0,bundlemgr_distribnode0_RP0_CPU0,0,0,obt-collector1,60

2020-02-06 19:39:06.733000+00:00,spine3,sg1,,pim,0/RP0/CPU0,0,pimnode0_RP0_CPU0,0,0,obt-collector1,199

2020-02-06 19:39:06.733000+00:00,spine3,sg1,,XTC,0/RP0/CPU0,0,XTCnode0_RP0_CPU0,0,0,obt-collector1,180

2020-02-06 19:39:06.733000+00:00,spine3,sg1,,bgp-default,0/RP0/CPU0,60,bgp-defaultnode0_RP0_CPU0,0,0,obt-collector1,60

2020-02-06 19:39:06.733000+00:00,spine3,sg1,,ipv4_static,0/RP0/CPU0,0,ipv4_staticnode0_RP0_CPU0,0,0,obt-collector1,60

2020-02-06 19:39:06.733000+00:00,spine3,sg1,,object_tracking,0/RP0/CPU0,0,object_trackingnode0_RP0_CPU0,0,0,obt-collector1,199

2020-02-06 19:39:06.733000+00:00,spine3,sg1,,L2VPN_ATOM,0/RP0/CPU0,0,L2VPN_ATOMnode0_RP0_CPU0,0,0,obt-collector1,120

2020-02-06 19:39:06.733000+00:00,spine3,sg1,,pim6,0/RP0/CPU0,0,pim6node0_RP0_CPU0,0,0,obt-collector1,199

2020-02-06 19:39:19.090000+00:00,spine3,sg1,,XTC,0/RP0/CPU0,0,XTCnode0_RP0_CPU0,0,0,obt-collector1,180

2020-02-06 19:39:19.090000+00:00,spine3,sg1,,L2VPN_ATOM,0/RP0/CPU0,0,L2VPN_ATOMnode0_RP0_CPU0,0,0,obt-collector1,120

2020-02-06 19:39:19.091000+00:00,spine3,sg1,,pim6,0/RP0/CPU0,0,pim6node0_RP0_CPU0,0,0,obt-collector1,199

2020-02-06 19:39:19.091000+00:00,spine3,sg1,,bundlemgr_distrib,0/RP0/CPU0,0,bundlemgr_distribnode0_RP0_CPU0,0,0,obt-collector1,60

2020-02-06 19:39:19.091000+00:00,spine3,sg1,,pim,0/RP0/CPU0,0,pimnode0_RP0_CPU0,0,0,obt-collector1,199

2020-02-06 19:39:19.091000+00:00,spine3,sg1,,object_tracking,0/RP0/CPU0,0,object_trackingnode0_RP0_CPU0,0,0,obt-collector1,199

2020-02-06 19:39:19.091000+00:00,spine3,sg1,,bgp-default,0/RP0/CPU0,60,bgp-defaultnode0_RP0_CPU0,0,0,obt-collector1,60

2020-02-06 19:39:19.091000+00:00,spine3,sg1,,ipv4_static,0/RP0/CPU0,0,ipv4_staticnode0_RP0_CPU0,0,0,obt-collector1,60

2020-02-06 19:39:27.163000+00:00,spine3,sg1,,bgp-default,0/RP0/CPU0,60,bgp-defaultnode0_RP0_CPU0,0,0,obt-collector1,60

2020-02-06 19:39:27.163000+00:00,spine3,sg1,,ipv4_static,0/RP0/CPU0,0,ipv4_staticnode0_RP0_CPU0,0,0,obt-collector1,60

2020-02-06 19:39:27.163000+00:00,spine3,sg1,,pim6,0/RP0/CPU0,0,pim6node0_RP0_CPU0,0,0,obt-collector1,199

2020-02-06 19:39:27.163000+00:00,spine3,sg1,,XTC,0/RP0/CPU0,0,XTCnode0_RP0_CPU0,0,0,obt-collector1,180

2020-02-06 19:39:27.163000+00:00,spine3,sg1,,L2VPN_ATOM,0/RP0/CPU0,0,L2VPN_ATOMnode0_RP0_CPU0,0,0,obt-collector1,120

2020-02-06 19:39:27.163000+00:00,spine3,sg1,,object_tracking,0/RP0/CPU0,0,object_trackingnode0_RP0_CPU0,0,0,obt-collector1,199

2020-02-06 19:39:27.163000+00:00,spine3,sg1,,bundlemgr_distrib,0/RP0/CPU0,0,bundlemgr_distribnode0_RP0_CPU0,0,0,obt-collector1,60

2020-02-06 19:39:27.163000+00:00,spine3,sg1,,pim,0/RP0/CPU0,0,pimnode0_RP0_CPU0,0,0,obt-collector1,199

2020-02-06 19:39:30.877000+00:00,spine3,sg1,,bundlemgr_distrib,0/RP0/CPU0,0,bundlemgr_distribnode0_RP0_CPU0,0,0,obt-collector1,60

2020-02-06 19:39:30.877000+00:00,spine3,sg1,,bgp-default,0/RP0/CPU0,60,bgp-defaultnode0_RP0_CPU0,0,0,obt-collector1,60

2020-02-06 19:39:30.877000+00:00,spine3,sg1,,XTC,0/RP0/CPU0,0,XTCnode0_RP0_CPU0,0,0,obt-collector1,180

2020-02-06 19:39:30.877000+00:00,spine3,sg1,,ipv4_static,0/RP0/CPU0,0,ipv4_staticnode0_RP0_CPU0,0,0,obt-collector1,60

2020-02-06 19:39:30.877000+00:00,spine3,sg1,,object_tracking,0/RP0/CPU0,0,object_trackingnode0_RP0_CPU0,0,0,obt-collector1,199

2020-02-06 19:39:30.877000+00:00,spine3,sg1,,L2VPN_ATOM,0/RP0/CPU0,0,L2VPN_ATOMnode0_RP0_CPU0,0,0,obt-collector1,120

2020-02-06 19:39:30.878000+00:00,spine3,sg1,,pim,0/RP0/CPU0,0,pimnode0_RP0_CPU0,0,0,obt-collector1,199

2020-02-06 19:39:30.878000+00:00,spine3,sg1,,pim6,0/RP0/CPU0,0,pim6node0_RP0_CPU0,0,0,obt-collector1,199

2020-02-06 19:39:42.742000+00:00,spine3,sg1,,pim,0/RP0/CPU0,0,pimnode0_RP0_CPU0,0,0,obt-collector1,199

2020-02-06 19:39:42.742000+00:00,spine3,sg1,,pim6,0/RP0/CPU0,0,pim6node0_RP0_CPU0,0,0,obt-collector1,199

2020-02-06 19:39:42.742000+00:00,spine3,sg1,,object_tracking,0/RP0/CPU0,0,object_trackingnode0_RP0_CPU0,0,0,obt-collector1,199

2020-02-06 19:39:42.742000+00:00,spine3,sg1,,bgp-default,0/RP0/CPU0,60,bgp-defaultnode0_RP0_CPU0,0,0,obt-collector1,60

2020-02-06 19:39:42.742000+00:00,spine3,sg1,,bundlemgr_distrib,0/RP0/CPU0,0,bundlemgr_distribnode0_RP0_CPU0,0,0,obt-collector1,60

2020-02-06 19:39:42.742000+00:00,spine3,sg1,,L2VPN_ATOM,0/RP0/CPU0,0,L2VPN_ATOMnode0_RP0_CPU0,0,0,obt-collector1,120

2020-02-06 19:39:42.742000+00:00,spine3,sg1,,ipv4_static,0/RP0/CPU0,0,ipv4_staticnode0_RP0_CPU0,0,0,obt-collector1,60

2020-02-06 19:39:42.742000+00:00,spine3,sg1,,XTC,0/RP0/CPU0,0,XTCnode0_RP0_CPU0,0,0,obt-collector1,180

2020-02-06 19:40:01.365000+00:00,spine3,sg1,,ipv4_static,0/RP0/CPU0,0,ipv4_staticnode0_RP0_CPU0,0,0,obt-collector1,60

2020-02-06 19:40:01.365000+00:00,spine3,sg1,,XTC,0/RP0/CPU0,0,XTCnode0_RP0_CPU0,0,0,obt-collector1,180

2020-02-06 19:40:01.365000+00:00,spine3,sg1,,object_tracking,0/RP0/CPU0,0,object_trackingnode0_RP0_CPU0,0,0,obt-collector1,199

2020-02-06 19:40:01.365000+00:00,spine3,sg1,,pim6,0/RP0/CPU0,0,pim6node0_RP0_CPU0,0,0,obt-collector1,199

2020-02-06 19:40:01.365000+00:00,spine3,sg1,,L2VPN_ATOM,0/RP0/CPU0,0,L2VPN_ATOMnode0_RP0_CPU0,0,0,obt-collector1,120

2020-02-06 19:40:01.365000+00:00,spine3,sg1,,bgp-default,0/RP0/CPU0,60,bgp-defaultnode0_RP0_CPU0,0,0,obt-collector1,60

2020-02-06 19:40:01.365000+00:00,spine3,sg1,,bundlemgr_distrib,0/RP0/CPU0,0,bundlemgr_distribnode0_RP0_CPU0,0,0,obt-collector1,60

2020-02-06 19:40:01.366000+00:00,spine3,sg1,,pim,0/RP0/CPU0,0,pimnode0_RP0_CPU0,0,0,obt-collector1,199

2020-02-06 19:40:08.833000+00:00,spine3,sg1,,bundlemgr_distrib,0/RP0/CPU0,0,bundlemgr_distribnode0_RP0_CPU0,0,0,obt-collector1,60

2020-02-06 19:40:08.833000+00:00,spine3,sg1,,pim,0/RP0/CPU0,0,pimnode0_RP0_CPU0,0,0,obt-collector1,199

2020-02-06 19:40:08.833000+00:00,spine3,sg1,,bgp-default,0/RP0/CPU0,60,bgp-defaultnode0_RP0_CPU0,0,0,obt-collector1,60

2020-02-06 19:40:08.833000+00:00,spine3,sg1,,ipv4_static,0/RP0/CPU0,0,ipv4_staticnode0_RP0_CPU0,0,0,obt-collector1,60

2020-02-06 19:40:08.833000+00:00,spine3,sg1,,XTC,0/RP0/CPU0,0,XTCnode0_RP0_CPU0,0,0,obt-collector1,180

2020-02-06 19:40:08.833000+00:00,spine3,sg1,,L2VPN_ATOM,0/RP0/CPU0,0,L2VPN_ATOMnode0_RP0_CPU0,0,0,obt-collector1,120

2020-02-06 19:40:08.833000+00:00,spine3,sg1,,object_tracking,0/RP0/CPU0,0,object_trackingnode0_RP0_CPU0,0,0,obt-collector1,199

2020-02-06 19:40:08.833000+00:00,spine3,sg1,,pim6,0/RP0/CPU0,0,pim6node0_RP0_CPU0,0,0,obt-collector1,199

2020-02-06 19:40:13.359000+00:00,spine3,sg1,,object_tracking,0/RP0/CPU0,0,object_trackingnode0_RP0_CPU0,0,0,obt-collector1,199

2020-02-06 19:40:13.359000+00:00,spine3,sg1,,pim6,0/RP0/CPU0,0,pim6node0_RP0_CPU0,0,0,obt-collector1,199

2020-02-06 19:40:13.359000+00:00,spine3,sg1,,bgp-default,0/RP0/CPU0,60,bgp-defaultnode0_RP0_CPU0,0,0,obt-collector1,60

2020-02-06 19:40:13.359000+00:00,spine3,sg1,,bundlemgr_distrib,0/RP0/CPU0,0,bundlemgr_distribnode0_RP0_CPU0,0,0,obt-collector1,60

2020-02-06 19:40:13.359000+00:00,spine3,sg1,,pim,0/RP0/CPU0,0,pimnode0_RP0_CPU0,0,0,obt-collector1,199

2020-02-06 19:40:13.359000+00:00,spine3,sg1,,L2VPN_ATOM,0/RP0/CPU0,0,L2VPN_ATOMnode0_RP0_CPU0,0,0,obt-collector1,120

2020-02-06 19:40:13.359000+00:00,spine3,sg1,,ipv4_static,0/RP0/CPU0,0,ipv4_staticnode0_RP0_CPU0,0,0,obt-collector1,60

2020-02-06 19:40:13.359000+00:00,spine3,sg1,,XTC,0/RP0/CPU0,0,XTCnode0_RP0_CPU0,0,0,obt-collector1,180

2020-02-06 19:40:29.201000+00:00,spine3,sg1,,L2VPN_ATOM,0/RP0/CPU0,0,L2VPN_ATOMnode0_RP0_CPU0,0,0,obt-collector1,120

2020-02-06 19:40:29.202000+00:00,spine3,sg1,,XTC,0/RP0/CPU0,0,XTCnode0_RP0_CPU0,0,0,obt-collector1,180

2020-02-06 19:40:29.202000+00:00,spine3,sg1,,ipv4_static,0/RP0/CPU0,0,ipv4_staticnode0_RP0_CPU0,0,0,obt-collector1,60

2020-02-06 19:40:29.202000+00:00,spine3,sg1,,bgp-default,0/RP0/CPU0,60,bgp-defaultnode0_RP0_CPU0,0,0,obt-collector1,60

2020-02-06 19:40:29.202000+00:00,spine3,sg1,,pim6,0/RP0/CPU0,0,pim6node0_RP0_CPU0,0,0,obt-collector1,199

2020-02-06 19:40:29.202000+00:00,spine3,sg1,,object_tracking,0/RP0/CPU0,0,object_trackingnode0_RP0_CPU0,0,0,obt-collector1,199

2020-02-06 19:40:29.202000+00:00,spine3,sg1,,bundlemgr_distrib,0/RP0/CPU0,0,bundlemgr_distribnode0_RP0_CPU0,0,0,obt-collector1,60

2020-02-06 19:40:29.202000+00:00,spine3,sg1,,pim,0/RP0/CPU0,0,pimnode0_RP0_CPU0,0,0,obt-collector1,199

2020-02-06 19:40:48.548000+00:00,spine3,sg1,,bundlemgr_distrib,0/RP0/CPU0,0,bundlemgr_distribnode0_RP0_CPU0,0,0,obt-collector1,60

2020-02-06 19:40:48.548000+00:00,spine3,sg1,,ipv4_static,0/RP0/CPU0,0,ipv4_staticnode0_RP0_CPU0,0,0,obt-collector1,60

2020-02-06 19:40:48.548000+00:00,spine3,sg1,,L2VPN_ATOM,0/RP0/CPU0,0,L2VPN_ATOMnode0_RP0_CPU0,0,0,obt-collector1,120

2020-02-06 19:40:48.548000+00:00,spine3,sg1,,XTC,0/RP0/CPU0,0,XTCnode0_RP0_CPU0,0,0,obt-collector1,180

2020-02-06 19:40:48.548000+00:00,spine3,sg1,,object_tracking,0/RP0/CPU0,0,object_trackingnode0_RP0_CPU0,0,0,obt-collector1,199

2020-02-06 19:40:48.548000+00:00,spine3,sg1,,bgp-default,0/RP0/CPU0,60,bgp-defaultnode0_RP0_CPU0,0,0,obt-collector1,60

2020-02-06 19:40:48.548000+00:00,spine3,sg1,,pim6,0/RP0/CPU0,0,pim6node0_RP0_CPU0,0,0,obt-collector1,199

2020-02-06 19:40:48.549000+00:00,spine3,sg1,,pim,0/RP0/CPU0,0,pimnode0_RP0_CPU0,0,0,obt-collector1,199

2020-02-06 19:41:07.632000+00:00,spine3,sg1,,bgp-default,0/RP0/CPU0,60,bgp-defaultnode0_RP0_CPU0,0,0,obt-collector1,60

2020-02-06 19:41:07.632000+00:00,spine3,sg1,,L2VPN_ATOM,0/RP0/CPU0,0,L2VPN_ATOMnode0_RP0_CPU0,0,0,obt-collector1,120

2020-02-06 19:41:07.632000+00:00,spine3,sg1,,bundlemgr_distrib,0/RP0/CPU0,0,bundlemgr_distribnode0_RP0_CPU0,0,0,obt-collector1,60

2020-02-06 19:41:07.632000+00:00,spine3,sg1,,XTC,0/RP0/CPU0,0,XTCnode0_RP0_CPU0,0,0,obt-collector1,180

2020-02-06 19:41:07.633000+00:00,spine3,sg1,,pim6,0/RP0/CPU0,0,pim6node0_RP0_CPU0,0,0,obt-collector1,199

2020-02-06 19:41:07.633000+00:00,spine3,sg1,,pim,0/RP0/CPU0,0,pimnode0_RP0_CPU0,0,0,obt-collector1,199

2020-02-06 19:41:07.633000+00:00,spine3,sg1,,ipv4_static,0/RP0/CPU0,0,ipv4_staticnode0_RP0_CPU0,0,0,obt-collector1,60

2020-02-06 19:41:07.633000+00:00,spine3,sg1,,object_tracking,0/RP0/CPU0,0,object_trackingnode0_RP0_CPU0,0,0,obt-collector1,199

2020-02-06 19:41:15.113000+00:00,spine3,sg1,,XTC,0/RP0/CPU0,0,XTCnode0_RP0_CPU0,0,0,obt-collector1,180

2020-02-06 19:41:15.113000+00:00,spine3,sg1,,L2VPN_ATOM,0/RP0/CPU0,0,L2VPN_ATOMnode0_RP0_CPU0,0,0,obt-collector1,120

2020-02-06 19:41:15.114000+00:00,spine3,sg1,,object_tracking,0/RP0/CPU0,0,object_trackingnode0_RP0_CPU0,0,0,obt-collector1,199

2020-02-06 19:41:15.114000+00:00,spine3,sg1,,ipv4_static,0/RP0/CPU0,0,ipv4_staticnode0_RP0_CPU0,0,0,obt-collector1,60

2020-02-06 19:41:15.114000+00:00,spine3,sg1,,bundlemgr_distrib,0/RP0/CPU0,0,bundlemgr_distribnode0_RP0_CPU0,0,0,obt-collector1,60

2020-02-06 19:41:15.114000+00:00,spine3,sg1,,pim,0/RP0/CPU0,0,pimnode0_RP0_CPU0,0,0,obt-collector1,199

2020-02-06 19:41:15.114000+00:00,spine3,sg1,,bgp-default,0/RP0/CPU0,60,bgp-defaultnode0_RP0_CPU0,0,0,obt-collector1,60

2020-02-06 19:41:15.114000+00:00,spine3,sg1,,pim6,0/RP0/CPU0,0,pim6node0_RP0_CPU0,0,0,obt-collector1,199

2020-02-06 19:41:38.070000+00:00,spine3,sg1,,bgp-default,0/RP0/CPU0,60,bgp-defaultnode0_RP0_CPU0,0,0,obt-collector1,60

2020-02-06 19:41:38.070000+00:00,spine3,sg1,,pim6,0/RP0/CPU0,0,pim6node0_RP0_CPU0,0,0,obt-collector1,199

2020-02-06 19:41:38.070000+00:00,spine3,sg1,,object_tracking,0/RP0/CPU0,0,object_trackingnode0_RP0_CPU0,0,0,obt-collector1,199

2020-02-06 19:41:38.070000+00:00,spine3,sg1,,XTC,0/RP0/CPU0,0,XTCnode0_RP0_CPU0,0,0,obt-collector1,180

2020-02-06 19:41:38.070000+00:00,spine3,sg1,,L2VPN_ATOM,0/RP0/CPU0,0,L2VPN_ATOMnode0_RP0_CPU0,0,0,obt-collector1,120

2020-02-06 19:41:38.070000+00:00,spine3,sg1,,pim,0/RP0/CPU0,0,pimnode0_RP0_CPU0,0,0,obt-collector1,199

2020-02-06 19:41:38.070000+00:00,spine3,sg1,,ipv4_static,0/RP0/CPU0,0,ipv4_staticnode0_RP0_CPU0,0,0,obt-collector1,60

2020-02-06 19:41:38.070000+00:00,spine3,sg1,,bundlemgr_distrib,0/RP0/CPU0,0,bundlemgr_distribnode0_RP0_CPU0,0,0,obt-collector1,60

2020-02-06 19:41:57.616000+00:00,spine3,sg1,,XTC,0/RP0/CPU0,0,XTCnode0_RP0_CPU0,0,0,obt-collector1,180

2020-02-06 19:41:57.616000+00:00,spine3,sg1,,L2VPN_ATOM,0/RP0/CPU0,0,L2VPN_ATOMnode0_RP0_CPU0,0,0,obt-collector1,120

2020-02-06 19:41:57.617000+00:00,spine3,sg1,,bundlemgr_distrib,0/RP0/CPU0,0,bundlemgr_distribnode0_RP0_CPU0,0,0,obt-collector1,60

2020-02-06 19:41:57.617000+00:00,spine3,sg1,,ipv4_static,0/RP0/CPU0,0,ipv4_staticnode0_RP0_CPU0,0,0,obt-collector1,60

2020-02-06 19:41:57.617000+00:00,spine3,sg1,,pim6,0/RP0/CPU0,0,pim6node0_RP0_CPU0,0,0,obt-collector1,199

2020-02-06 19:41:57.617000+00:00,spine3,sg1,,pim,0/RP0/CPU0,0,pimnode0_RP0_CPU0,0,0,obt-collector1,199

2020-02-06 19:41:57.617000+00:00,spine3,sg1,,bgp-default,0/RP0/CPU0,60,bgp-defaultnode0_RP0_CPU0,0,0,obt-collector1,60

2020-02-06 19:41:57.617000+00:00,spine3,sg1,,object_tracking,0/RP0/CPU0,0,object_trackingnode0_RP0_CPU0,0,0,obt-collector1,199

2020-02-06 19:42:13.279000+00:00,spine3,sg1,,L2VPN_ATOM,0/RP0/CPU0,0,L2VPN_ATOMnode0_RP0_CPU0,0,0,obt-collector1,120

2020-02-06 19:42:13.280000+00:00,spine3,sg1,,object_tracking,0/RP0/CPU0,0,object_trackingnode0_RP0_CPU0,0,0,obt-collector1,199

2020-02-06 19:42:13.280000+00:00,spine3,sg1,,bgp-default,0/RP0/CPU0,60,bgp-defaultnode0_RP0_CPU0,0,0,obt-collector1,60

2020-02-06 19:42:13.280000+00:00,spine3,sg1,,bundlemgr_distrib,0/RP0/CPU0,0,bundlemgr_distribnode0_RP0_CPU0,0,0,obt-collector1,60

2020-02-06 19:42:13.280000+00:00,spine3,sg1,,XTC,0/RP0/CPU0,0,XTCnode0_RP0_CPU0,0,0,obt-collector1,180

2020-02-06 19:42:13.280000+00:00,spine3,sg1,,pim,0/RP0/CPU0,0,pimnode0_RP0_CPU0,0,0,obt-collector1,199

2020-02-06 19:42:13.280000+00:00,spine3,sg1,,ipv4_static,0/RP0/CPU0,0,ipv4_staticnode0_RP0_CPU0,0,0,obt-collector1,60

2020-02-06 19:42:13.280000+00:00,spine3,sg1,,pim6,0/RP0/CPU0,0,pim6node0_RP0_CPU0,0,0,obt-collector1,199

2020-02-06 19:42:28.279000+00:00,spine3,sg1,,ipv4_static,0/RP0/CPU0,0,ipv4_staticnode0_RP0_CPU0,0,0,obt-collector1,60

2020-02-06 19:42:28.279000+00:00,spine3,sg1,,pim6,0/RP0/CPU0,0,pim6node0_RP0_CPU0,0,0,obt-collector1,199

2020-02-06 19:42:28.279000+00:00,spine3,sg1,,bgp-default,0/RP0/CPU0,60,bgp-defaultnode0_RP0_CPU0,0,0,obt-collector1,60

2020-02-06 19:42:28.279000+00:00,spine3,sg1,,L2VPN_ATOM,0/RP0/CPU0,0,L2VPN_ATOMnode0_RP0_CPU0,0,0,obt-collector1,120

2020-02-06 19:42:28.279000+00:00,spine3,sg1,,object_tracking,0/RP0/CPU0,0,object_trackingnode0_RP0_CPU0,0,0,obt-collector1,199

2020-02-06 19:42:28.279000+00:00,spine3,sg1,,bundlemgr_distrib,0/RP0/CPU0,0,bundlemgr_distribnode0_RP0_CPU0,0,0,obt-collector1,60

2020-02-06 19:42:28.279000+00:00,spine3,sg1,,XTC,0/RP0/CPU0,0,XTCnode0_RP0_CPU0,0,0,obt-collector1,180

2020-02-06 19:42:28.280000+00:00,spine3,sg1,,pim,0/RP0/CPU0,0,pimnode0_RP0_CPU0,0,0,obt-collector1,199

2020-02-06 19:43:10.403000+00:00,spine3,sg1,,XTC,0/RP0/CPU0,0,XTCnode0_RP0_CPU0,0,0,obt-collector1,180

2020-02-06 19:43:10.403000+00:00,spine3,sg1,,bgp-default,0/RP0/CPU0,60,bgp-defaultnode0_RP0_CPU0,0,0,obt-collector1,60

2020-02-06 19:43:10.403000+00:00,spine3,sg1,,ipv4_static,0/RP0/CPU0,0,ipv4_staticnode0_RP0_CPU0,0,0,obt-collector1,60

2020-02-06 19:43:10.403000+00:00,spine3,sg1,,bundlemgr_distrib,0/RP0/CPU0,0,bundlemgr_distribnode0_RP0_CPU0,0,0,obt-collector1,60

2020-02-06 19:43:10.403000+00:00,spine3,sg1,,object_tracking,0/RP0/CPU0,0,object_trackingnode0_RP0_CPU0,0,0,obt-collector1,199

2020-02-06 19:43:10.403000+00:00,spine3,sg1,,L2VPN_ATOM,0/RP0/CPU0,0,L2VPN_ATOMnode0_RP0_CPU0,0,0,obt-collector1,120

2020-02-06 19:43:10.404000+00:00,spine3,sg1,,pim,0/RP0/CPU0,0,pimnode0_RP0_CPU0,0,0,obt-collector1,199

2020-02-06 19:43:10.404000+00:00,spine3,sg1,,pim6,0/RP0/CPU0,0,pim6node0_RP0_CPU0,0,0,obt-collector1,199

2020-02-06 19:44:05.076000+00:00,spine3,sg1,,pim,0/RP0/CPU0,0,pimnode0_RP0_CPU0,0,0,obt-collector1,199

2020-02-06 19:44:05.076000+00:00,spine3,sg1,,pim6,0/RP0/CPU0,0,pim6node0_RP0_CPU0,0,0,obt-collector1,199

2020-02-06 19:44:05.076000+00:00,spine3,sg1,,L2VPN_ATOM,0/RP0/CPU0,0,L2VPN_ATOMnode0_RP0_CPU0,0,0,obt-collector1,120

2020-02-06 19:44:05.076000+00:00,spine3,sg1,,XTC,0/RP0/CPU0,0,XTCnode0_RP0_CPU0,0,0,obt-collector1,180

2020-02-06 19:44:05.076000+00:00,spine3,sg1,,object_tracking,0/RP0/CPU0,0,object_trackingnode0_RP0_CPU0,0,0,obt-collector1,199

2020-02-06 19:44:05.076000+00:00,spine3,sg1,,bundlemgr_distrib,0/RP0/CPU0,0,bundlemgr_distribnode0_RP0_CPU0,0,0,obt-collector1,60

2020-02-06 19:44:05.076000+00:00,spine3,sg1,,bgp-default,0/RP0/CPU0,60,bgp-defaultnode0_RP0_CPU0,0,0,obt-collector1,60

2020-02-06 19:44:05.076000+00:00,spine3,sg1,,ipv4_static,0/RP0/CPU0,0,ipv4_staticnode0_RP0_CPU0,0,0,obt-collector1,60

2020-02-06 19:44:16.985000+00:00,spine3,sg1,,bgp-default,0/RP0/CPU0,60,bgp-defaultnode0_RP0_CPU0,0,0,obt-collector1,60

2020-02-06 19:44:16.985000+00:00,spine3,sg1,,L2VPN_ATOM,0/RP0/CPU0,0,L2VPN_ATOMnode0_RP0_CPU0,0,0,obt-collector1,120

2020-02-06 19:44:16.985000+00:00,spine3,sg1,,XTC,0/RP0/CPU0,0,XTCnode0_RP0_CPU0,0,0,obt-collector1,180

2020-02-06 19:44:16.985000+00:00,spine3,sg1,,bundlemgr_distrib,0/RP0/CPU0,0,bundlemgr_distribnode0_RP0_CPU0,0,0,obt-collector1,60

2020-02-06 19:44:16.986000+00:00,spine3,sg1,,ipv4_static,0/RP0/CPU0,0,ipv4_staticnode0_RP0_CPU0,0,0,obt-collector1,60

2020-02-06 19:44:16.986000+00:00,spine3,sg1,,pim6,0/RP0/CPU0,0,pim6node0_RP0_CPU0,0,0,obt-collector1,199

2020-02-06 19:44:16.986000+00:00,spine3,sg1,,pim,0/RP0/CPU0,0,pimnode0_RP0_CPU0,0,0,obt-collector1,199

2020-02-06 19:44:16.986000+00:00,spine3,sg1,,object_tracking,0/RP0/CPU0,0,object_trackingnode0_RP0_CPU0,0,0,obt-collector1,199

2020-02-06 19:44:33.241000+00:00,spine3,sg1,,L2VPN_ATOM,0/RP0/CPU0,0,L2VPN_ATOMnode0_RP0_CPU0,0,0,obt-collector1,120

2020-02-06 19:44:33.242000+00:00,spine3,sg1,,object_tracking,0/RP0/CPU0,0,object_trackingnode0_RP0_CPU0,0,0,obt-collector1,199

2020-02-06 19:44:33.242000+00:00,spine3,sg1,,pim,0/RP0/CPU0,0,pimnode0_RP0_CPU0,0,0,obt-collector1,199

2020-02-06 19:44:33.242000+00:00,spine3,sg1,,bundlemgr_distrib,0/RP0/CPU0,0,bundlemgr_distribnode0_RP0_CPU0,0,0,obt-collector1,60

2020-02-06 19:44:33.242000+00:00,spine3,sg1,,XTC,0/RP0/CPU0,0,XTCnode0_RP0_CPU0,0,0,obt-collector1,180

2020-02-06 19:44:33.242000+00:00,spine3,sg1,,pim6,0/RP0/CPU0,0,pim6node0_RP0_CPU0,0,0,obt-collector1,199

2020-02-06 19:44:33.242000+00:00,spine3,sg1,,bgp-default,0/RP0/CPU0,60,bgp-defaultnode0_RP0_CPU0,0,0,obt-collector1,60

2020-02-06 19:44:33.242000+00:00,spine3,sg1,,ipv4_static,0/RP0/CPU0,0,ipv4_staticnode0_RP0_CPU0,0,0,obt-collector1,60

2020-02-06 19:44:55.726000+00:00,spine3,sg1,,bgp-default,0/RP0/CPU0,60,bgp-defaultnode0_RP0_CPU0,0,0,obt-collector1,60

2020-02-06 19:44:55.726000+00:00,spine3,sg1,,ipv4_static,0/RP0/CPU0,0,ipv4_staticnode0_RP0_CPU0,0,0,obt-collector1,60

2020-02-06 19:44:55.726000+00:00,spine3,sg1,,L2VPN_ATOM,0/RP0/CPU0,0,L2VPN_ATOMnode0_RP0_CPU0,0,0,obt-collector1,120

2020-02-06 19:44:55.726000+00:00,spine3,sg1,,bundlemgr_distrib,0/RP0/CPU0,0,bundlemgr_distribnode0_RP0_CPU0,0,0,obt-collector1,60

2020-02-06 19:44:55.726000+00:00,spine3,sg1,,object_tracking,0/RP0/CPU0,0,object_trackingnode0_RP0_CPU0,0,0,obt-collector1,199

2020-02-06 19:44:55.726000+00:00,spine3,sg1,,pim6,0/RP0/CPU0,0,pim6node0_RP0_CPU0,0,0,obt-collector1,199

2020-02-06 19:44:55.726000+00:00,spine3,sg1,,XTC,0/RP0/CPU0,0,XTCnode0_RP0_CPU0,0,0,obt-collector1,180

2020-02-06 19:44:55.727000+00:00,spine3,sg1,,pim,0/RP0/CPU0,0,pimnode0_RP0_CPU0,0,0,obt-collector1,199

2020-02-06 19:45:03.392000+00:00,spine3,sg1,,XTC,0/RP0/CPU0,0,XTCnode0_RP0_CPU0,0,0,obt-collector1,180

2020-02-06 19:45:03.392000+00:00,spine3,sg1,,L2VPN_ATOM,0/RP0/CPU0,0,L2VPN_ATOMnode0_RP0_CPU0,0,0,obt-collector1,120

2020-02-06 19:45:03.392000+00:00,spine3,sg1,,bgp-default,0/RP0/CPU0,60,bgp-defaultnode0_RP0_CPU0,0,0,obt-collector1,60

2020-02-06 19:45:03.392000+00:00,spine3,sg1,,ipv4_static,0/RP0/CPU0,0,ipv4_staticnode0_RP0_CPU0,0,0,obt-collector1,60

2020-02-06 19:45:03.392000+00:00,spine3,sg1,,object_tracking,0/RP0/CPU0,0,object_trackingnode0_RP0_CPU0,0,0,obt-collector1,199

2020-02-06 19:45:03.392000+00:00,spine3,sg1,,bundlemgr_distrib,0/RP0/CPU0,0,bundlemgr_distribnode0_RP0_CPU0,0,0,obt-collector1,60

2020-02-06 19:45:03.393000+00:00,spine3,sg1,,pim,0/RP0/CPU0,0,pimnode0_RP0_CPU0,0,0,obt-collector1,199

2020-02-06 19:45:03.393000+00:00,spine3,sg1,,pim6,0/RP0/CPU0,0,pim6node0_RP0_CPU0,0,0,obt-collector1,199

