,EncodingPath,Producer,acl-in-rpf-packets,checksum-error-packets,df-unreachable-packets,discard-packets,encapsulation-failure-packets,fragmenation-consumed-packets,fragmenation-failure-packets,gre-error-drop,gre-lookup-failed-drop,incomplete-adjacency-packets,lisp-decap-error-drops,lisp-encap-error-drops,lisp-punt-drops,mpls-disabled-interface,multi-label-drops,no-route-packets,node-name,null-packets,punt-unreachable-packets,rp-destination-drop-packets,rpf-check-failure-packets,total-number-of-drop-packets,unresolved-prefix-packets,unsupported-feature-packets
2020-01-21 08:05:06.663000+00:00,Cisco-IOS-XR-fib-common-oper:fib-statistics/nodes/node/drops,spine3,0,0,0,0,0,0,0,0,0,7157,0,0,0,0,0,43,0/0/CPU0,0,0,0,0,0,0,0
2020-01-21 08:05:06.664000+00:00,Cisco-IOS-XR-fib-common-oper:fib-statistics/nodes/node/drops,spine3,0,0,0,0,0,0,0,0,0,0,0,0,0,0,0,6,0/RP0/CPU0,0,0,0,0,0,0,0
2020-01-21 08:05:13.211000+00:00,Cisco-IOS-XR-fib-common-oper:fib-statistics/nodes/node/drops,spine3,0,0,0,0,0,0,0,0,0,7157,0,0,0,0,0,43,0/0/CPU0,0,0,0,0,0,0,0
2020-01-21 08:05:13.216000+00:00,Cisco-IOS-XR-fib-common-oper:fib-statistics/nodes/node/drops,spine3,0,0,0,0,0,0,0,0,0,0,0,0,0,0,0,6,0/RP0/CPU0,0,0,0,0,0,0,0
2020-01-21 08:05:23.211000+00:00,Cisco-IOS-XR-fib-common-oper:fib-statistics/nodes/node/drops,spine3,0,0,0,0,0,0,0,0,0,7157,0,0,0,0,0,43,0/0/CPU0,0,0,0,0,0,0,0
2020-01-21 08:05:23.214000+00:00,Cisco-IOS-XR-fib-common-oper:fib-statistics/nodes/node/drops,spine3,0,0,0,0,0,0,0,0,0,0,0,0,0,0,0,6,0/RP0/CPU0,0,0,0,0,0,0,0
2020-01-21 08:05:33.212000+00:00,Cisco-IOS-XR-fib-common-oper:fib-statistics/nodes/node/drops,spine3,0,0,0,0,0,0,0,0,0,7157,0,0,0,0,0,43,0/0/CPU0,0,0,0,0,0,0,0
2020-01-21 08:05:33.220000+00:00,Cisco-IOS-XR-fib-common-oper:fib-statistics/nodes/node/drops,spine3,0,0,0,0,0,0,0,0,0,0,0,0,0,0,0,6,0/RP0/CPU0,0,0,0,0,0,0,0
2020-01-21 08:05:43.229000+00:00,Cisco-IOS-XR-fib-common-oper:fib-statistics/nodes/node/drops,spine3,0,0,0,0,0,0,0,0,0,7157,0,0,0,0,0,43,0/0/CPU0,0,0,0,0,0,0,0
2020-01-21 08:05:43.231000+00:00,Cisco-IOS-XR-fib-common-oper:fib-statistics/nodes/node/drops,spine3,0,0,0,0,0,0,0,0,0,0,0,0,0,0,0,6,0/RP0/CPU0,0,0,0,0,0,0,0
2020-01-21 08:05:53.212000+00:00,Cisco-IOS-XR-fib-common-oper:fib-statistics/nodes/node/drops,spine3,0,0,0,0,0,0,0,0,0,7157,0,0,0,0,0,43,0/0/CPU0,0,0,0,0,0,0,0
2020-01-21 08:05:53.216000+00:00,Cisco-IOS-XR-fib-common-oper:fib-statistics/nodes/node/drops,spine3,0,0,0,0,0,0,0,0,0,0,0,0,0,0,0,6,0/RP0/CPU0,0,0,0,0,0,0,0
2020-01-21 08:06:03.212000+00:00,Cisco-IOS-XR-fib-common-oper:fib-statistics/nodes/node/drops,spine3,0,0,0,0,0,0,0,0,0,7157,0,0,0,0,0,43,0/0/CPU0,0,0,0,0,0,0,0
2020-01-21 08:06:03.215000+00:00,Cisco-IOS-XR-fib-common-oper:fib-statistics/nodes/node/drops,spine3,0,0,0,0,0,0,0,0,0,0,0,0,0,0,0,6,0/RP0/CPU0,0,0,0,0,0,0,0
2020-01-21 08:06:13.224000+00:00,Cisco-IOS-XR-fib-common-oper:fib-statistics/nodes/node/drops,spine3,0,0,0,0,0,0,0,0,0,7157,0,0,0,0,0,43,0/0/CPU0,0,0,0,0,0,0,0
2020-01-21 08:06:13.228000+00:00,Cisco-IOS-XR-fib-common-oper:fib-statistics/nodes/node/drops,spine3,0,0,0,0,0,0,0,0,0,0,0,0,0,0,0,6,0/RP0/CPU0,0,0,0,0,0,0,0
2020-01-21 08:06:23.210000+00:00,Cisco-IOS-XR-fib-common-oper:fib-statistics/nodes/node/drops,spine3,0,0,0,0,0,0,0,0,0,7157,0,0,0,0,0,43,0/0/CPU0,0,0,0,0,0,0,0
2020-01-21 08:06:23.215000+00:00,Cisco-IOS-XR-fib-common-oper:fib-statistics/nodes/node/drops,spine3,0,0,0,0,0,0,0,0,0,0,0,0,0,0,0,6,0/RP0/CPU0,0,0,0,0,0,0,0
2020-01-21 08:06:33.214000+00:00,Cisco-IOS-XR-fib-common-oper:fib-statistics/nodes/node/drops,spine3,0,0,0,0,0,0,0,0,0,7157,0,0,0,0,0,43,0/0/CPU0,0,0,0,0,0,0,0
2020-01-21 08:06:33.218000+00:00,Cisco-IOS-XR-fib-common-oper:fib-statistics/nodes/node/drops,spine3,0,0,0,0,0,0,0,0,0,0,0,0,0,0,0,6,0/RP0/CPU0,0,0,0,0,0,0,0
2020-01-21 08:06:43.222000+00:00,Cisco-IOS-XR-fib-common-oper:fib-statistics/nodes/node/drops,spine3,0,0,0,0,0,0,0,0,0,7157,0,0,0,0,0,43,0/0/CPU0,0,0,0,0,0,0,0
2020-01-21 08:06:43.226000+00:00,Cisco-IOS-XR-fib-common-oper:fib-statistics/nodes/node/drops,spine3,0,0,0,0,0,0,0,0,0,0,0,0,0,0,0,6,0/RP0/CPU0,0,0,0,0,0,0,0
2020-01-21 08:06:53.215000+00:00,Cisco-IOS-XR-fib-common-oper:fib-statistics/nodes/node/drops,spine3,0,0,0,0,0,0,0,0,0,7157,0,0,0,0,0,43,0/0/CPU0,0,0,0,0,0,0,0
2020-01-21 08:06:53.218000+00:00,Cisco-IOS-XR-fib-common-oper:fib-statistics/nodes/node/drops,spine3,0,0,0,0,0,0,0,0,0,0,0,0,0,0,0,6,0/RP0/CPU0,0,0,0,0,0,0,0
2020-01-21 08:07:03.215000+00:00,Cisco-IOS-XR-fib-common-oper:fib-statistics/nodes/node/drops,spine3,0,0,0,0,0,0,0,0,0,7157,0,0,0,0,0,43,0/0/CPU0,0,0,0,0,0,0,0
2020-01-21 08:07:03.218000+00:00,Cisco-IOS-XR-fib-common-oper:fib-statistics/nodes/node/drops,spine3,0,0,0,0,0,0,0,0,0,0,0,0,0,0,0,6,0/RP0/CPU0,0,0,0,0,0,0,0
2020-01-21 08:07:13.233000+00:00,Cisco-IOS-XR-fib-common-oper:fib-statistics/nodes/node/drops,spine3,0,0,0,0,0,0,0,0,0,7157,0,0,0,0,0,43,0/0/CPU0,0,0,0,0,0,0,0
2020-01-21 08:07:13.239000+00:00,Cisco-IOS-XR-fib-common-oper:fib-statistics/nodes/node/drops,spine3,0,0,0,0,0,0,0,0,0,0,0,0,0,0,0,6,0/RP0/CPU0,0,0,0,0,0,0,0
2020-01-21 08:07:23.212000+00:00,Cisco-IOS-XR-fib-common-oper:fib-statistics/nodes/node/drops,spine3,0,0,0,0,0,0,0,0,0,7157,0,0,0,0,0,43,0/0/CPU0,0,0,0,0,0,0,0
2020-01-21 08:07:23.215000+00:00,Cisco-IOS-XR-fib-common-oper:fib-statistics/nodes/node/drops,spine3,0,0,0,0,0,0,0,0,0,0,0,0,0,0,0,6,0/RP0/CPU0,0,0,0,0,0,0,0
2020-01-21 08:07:33.215000+00:00,Cisco-IOS-XR-fib-common-oper:fib-statistics/nodes/node/drops,spine3,0,0,0,0,0,0,0,0,0,7157,0,0,0,0,0,43,0/0/CPU0,0,0,0,0,0,0,0
2020-01-21 08:07:33.219000+00:00,Cisco-IOS-XR-fib-common-oper:fib-statistics/nodes/node/drops,spine3,0,0,0,0,0,0,0,0,0,0,0,0,0,0,0,6,0/RP0/CPU0,0,0,0,0,0,0,0
2020-01-21 08:07:43.220000+00:00,Cisco-IOS-XR-fib-common-oper:fib-statistics/nodes/node/drops,spine3,0,0,0,0,0,0,0,0,0,7157,0,0,0,0,0,43,0/0/CPU0,0,0,0,0,0,0,0
2020-01-21 08:07:43.223000+00:00,Cisco-IOS-XR-fib-common-oper:fib-statistics/nodes/node/drops,spine3,0,0,0,0,0,0,0,0,0,0,0,0,0,0,0,6,0/RP0/CPU0,0,0,0,0,0,0,0
2020-01-21 08:07:53.215000+00:00,Cisco-IOS-XR-fib-common-oper:fib-statistics/nodes/node/drops,spine3,0,0,0,0,0,0,0,0,0,7157,0,0,0,0,0,43,0/0/CPU0,0,0,0,0,0,0,0
2020-01-21 08:07:53.219000+00:00,Cisco-IOS-XR-fib-common-oper:fib-statistics/nodes/node/drops,spine3,0,0,0,0,0,0,0,0,0,0,0,0,0,0,0,6,0/RP0/CPU0,0,0,0,0,0,0,0
2020-01-21 08:08:03.214000+00:00,Cisco-IOS-XR-fib-common-oper:fib-statistics/nodes/node/drops,spine3,0,0,0,0,0,0,0,0,0,7157,0,0,0,0,0,43,0/0/CPU0,0,0,0,0,0,0,0
2020-01-21 08:08:03.216000+00:00,Cisco-IOS-XR-fib-common-oper:fib-statistics/nodes/node/drops,spine3,0,0,0,0,0,0,0,0,0,0,0,0,0,0,0,6,0/RP0/CPU0,0,0,0,0,0,0,0
2020-01-21 08:08:13.221000+00:00,Cisco-IOS-XR-fib-common-oper:fib-statistics/nodes/node/drops,spine3,0,0,0,0,0,0,0,0,0,7157,0,0,0,0,0,43,0/0/CPU0,0,0,0,0,0,0,0
2020-01-21 08:08:13.223000+00:00,Cisco-IOS-XR-fib-common-oper:fib-statistics/nodes/node/drops,spine3,0,0,0,0,0,0,0,0,0,0,0,0,0,0,0,6,0/RP0/CPU0,0,0,0,0,0,0,0
2020-01-21 08:08:23.212000+00:00,Cisco-IOS-XR-fib-common-oper:fib-statistics/nodes/node/drops,spine3,0,0,0,0,0,0,0,0,0,7157,0,0,0,0,0,43,0/0/CPU0,0,0,0,0,0,0,0
2020-01-21 08:08:23.213000+00:00,Cisco-IOS-XR-fib-common-oper:fib-statistics/nodes/node/drops,spine3,0,0,0,0,0,0,0,0,0,0,0,0,0,0,0,6,0/RP0/CPU0,0,0,0,0,0,0,0
2020-01-21 08:08:33.212000+00:00,Cisco-IOS-XR-fib-common-oper:fib-statistics/nodes/node/drops,spine3,0,0,0,0,0,0,0,0,0,7157,0,0,0,0,0,43,0/0/CPU0,0,0,0,0,0,0,0
2020-01-21 08:08:33.214000+00:00,Cisco-IOS-XR-fib-common-oper:fib-statistics/nodes/node/drops,spine3,0,0,0,0,0,0,0,0,0,0,0,0,0,0,0,6,0/RP0/CPU0,0,0,0,0,0,0,0
2020-01-21 08:08:43.218000+00:00,Cisco-IOS-XR-fib-common-oper:fib-statistics/nodes/node/drops,spine3,0,0,0,0,0,0,0,0,0,7157,0,0,0,0,0,43,0/0/CPU0,0,0,0,0,0,0,0
2020-01-21 08:08:43.222000+00:00,Cisco-IOS-XR-fib-common-oper:fib-statistics/nodes/node/drops,spine3,0,0,0,0,0,0,0,0,0,0,0,0,0,0,0,6,0/RP0/CPU0,0,0,0,0,0,0,0
2020-01-21 08:08:53.213000+00:00,Cisco-IOS-XR-fib-common-oper:fib-statistics/nodes/node/drops,spine3,0,0,0,0,0,0,0,0,0,7157,0,0,0,0,0,43,0/0/CPU0,0,0,0,0,0,0,0
2020-01-21 08:08:53.214000+00:00,Cisco-IOS-XR-fib-common-oper:fib-statistics/nodes/node/drops,spine3,0,0,0,0,0,0,0,0,0,0,0,0,0,0,0,6,0/RP0/CPU0,0,0,0,0,0,0,0
2020-01-21 08:09:03.213000+00:00,Cisco-IOS-XR-fib-common-oper:fib-statistics/nodes/node/drops,spine3,0,0,0,0,0,0,0,0,0,7157,0,0,0,0,0,43,0/0/CPU0,0,0,0,0,0,0,0
2020-01-21 08:09:03.214000+00:00,Cisco-IOS-XR-fib-common-oper:fib-statistics/nodes/node/drops,spine3,0,0,0,0,0,0,0,0,0,0,0,0,0,0,0,6,0/RP0/CPU0,0,0,0,0,0,0,0
2020-01-21 08:09:13.220000+00:00,Cisco-IOS-XR-fib-common-oper:fib-statistics/nodes/node/drops,spine3,0,0,0,0,0,0,0,0,0,7157,0,0,0,0,0,43,0/0/CPU0,0,0,0,0,0,0,0
2020-01-21 08:09:13.223000+00:00,Cisco-IOS-XR-fib-common-oper:fib-statistics/nodes/node/drops,spine3,0,0,0,0,0,0,0,0,0,0,0,0,0,0,0,6,0/RP0/CPU0,0,0,0,0,0,0,0
2020-01-21 08:09:23.213000+00:00,Cisco-IOS-XR-fib-common-oper:fib-statistics/nodes/node/drops,spine3,0,0,0,0,0,0,0,0,0,7157,0,0,0,0,0,43,0/0/CPU0,0,0,0,0,0,0,0
2020-01-21 08:09:23.215000+00:00,Cisco-IOS-XR-fib-common-oper:fib-statistics/nodes/node/drops,spine3,0,0,0,0,0,0,0,0,0,0,0,0,0,0,0,6,0/RP0/CPU0,0,0,0,0,0,0,0
2020-01-21 08:09:33.213000+00:00,Cisco-IOS-XR-fib-common-oper:fib-statistics/nodes/node/drops,spine3,0,0,0,0,0,0,0,0,0,7157,0,0,0,0,0,43,0/0/CPU0,0,0,0,0,0,0,0
2020-01-21 08:09:33.214000+00:00,Cisco-IOS-XR-fib-common-oper:fib-statistics/nodes/node/drops,spine3,0,0,0,0,0,0,0,0,0,0,0,0,0,0,0,6,0/RP0/CPU0,0,0,0,0,0,0,0
2020-01-21 08:09:43.229000+00:00,Cisco-IOS-XR-fib-common-oper:fib-statistics/nodes/node/drops,spine3,0,0,0,0,0,0,0,0,0,7157,0,0,0,0,0,43,0/0/CPU0,0,0,0,0,0,0,0
2020-01-21 08:09:43.247000+00:00,Cisco-IOS-XR-fib-common-oper:fib-statistics/nodes/node/drops,spine3,0,0,0,0,0,0,0,0,0,0,0,0,0,0,0,6,0/RP0/CPU0,0,0,0,0,0,0,0
2020-01-21 08:09:53.214000+00:00,Cisco-IOS-XR-fib-common-oper:fib-statistics/nodes/node/drops,spine3,0,0,0,0,0,0,0,0,0,7157,0,0,0,0,0,43,0/0/CPU0,0,0,0,0,0,0,0
2020-01-21 08:09:53.215000+00:00,Cisco-IOS-XR-fib-common-oper:fib-statistics/nodes/node/drops,spine3,0,0,0,0,0,0,0,0,0,0,0,0,0,0,0,6,0/RP0/CPU0,0,0,0,0,0,0,0
2020-01-21 08:10:03.215000+00:00,Cisco-IOS-XR-fib-common-oper:fib-statistics/nodes/node/drops,spine3,0,0,0,0,0,0,0,0,0,7157,0,0,0,0,0,43,0/0/CPU0,0,0,0,0,0,0,0
2020-01-21 08:10:03.217000+00:00,Cisco-IOS-XR-fib-common-oper:fib-statistics/nodes/node/drops,spine3,0,0,0,0,0,0,0,0,0,0,0,0,0,0,0,6,0/RP0/CPU0,0,0,0,0,0,0,0
2020-01-21 08:10:13.224000+00:00,Cisco-IOS-XR-fib-common-oper:fib-statistics/nodes/node/drops,spine3,0,0,0,0,0,0,0,0,0,7157,0,0,0,0,0,43,0/0/CPU0,0,0,0,0,0,0,0
2020-01-21 08:10:13.226000+00:00,Cisco-IOS-XR-fib-common-oper:fib-statistics/nodes/node/drops,spine3,0,0,0,0,0,0,0,0,0,0,0,0,0,0,0,6,0/RP0/CPU0,0,0,0,0,0,0,0
2020-01-21 08:10:23.213000+00:00,Cisco-IOS-XR-fib-common-oper:fib-statistics/nodes/node/drops,spine3,0,0,0,0,0,0,0,0,0,7157,0,0,0,0,0,43,0/0/CPU0,0,0,0,0,0,0,0
2020-01-21 08:10:23.215000+00:00,Cisco-IOS-XR-fib-common-oper:fib-statistics/nodes/node/drops,spine3,0,0,0,0,0,0,0,0,0,0,0,0,0,0,0,6,0/RP0/CPU0,0,0,0,0,0,0,0
2020-01-21 08:10:33.215000+00:00,Cisco-IOS-XR-fib-common-oper:fib-statistics/nodes/node/drops,spine3,0,0,0,0,0,0,0,0,0,7157,0,0,0,0,0,43,0/0/CPU0,0,0,0,0,0,0,0
2020-01-21 08:10:33.216000+00:00,Cisco-IOS-XR-fib-common-oper:fib-statistics/nodes/node/drops,spine3,0,0,0,0,0,0,0,0,0,0,0,0,0,0,0,6,0/RP0/CPU0,0,0,0,0,0,0,0
2020-01-21 08:10:43.217000+00:00,Cisco-IOS-XR-fib-common-oper:fib-statistics/nodes/node/drops,spine3,0,0,0,0,0,0,0,0,0,7157,0,0,0,0,0,43,0/0/CPU0,0,0,0,0,0,0,0
2020-01-21 08:10:43.219000+00:00,Cisco-IOS-XR-fib-common-oper:fib-statistics/nodes/node/drops,spine3,0,0,0,0,0,0,0,0,0,0,0,0,0,0,0,6,0/RP0/CPU0,0,0,0,0,0,0,0
2020-01-21 08:10:53.217000+00:00,Cisco-IOS-XR-fib-common-oper:fib-statistics/nodes/node/drops,spine3,0,0,0,0,0,0,0,0,0,7157,0,0,0,0,0,43,0/0/CPU0,0,0,0,0,0,0,0
2020-01-21 08:10:53.219000+00:00,Cisco-IOS-XR-fib-common-oper:fib-statistics/nodes/node/drops,spine3,0,0,0,0,0,0,0,0,0,0,0,0,0,0,0,6,0/RP0/CPU0,0,0,0,0,0,0,0
2020-01-21 08:11:03.217000+00:00,Cisco-IOS-XR-fib-common-oper:fib-statistics/nodes/node/drops,spine3,0,0,0,0,0,0,0,0,0,7157,0,0,0,0,0,43,0/0/CPU0,0,0,0,0,0,0,0
2020-01-21 08:11:03.218000+00:00,Cisco-IOS-XR-fib-common-oper:fib-statistics/nodes/node/drops,spine3,0,0,0,0,0,0,0,0,0,0,0,0,0,0,0,6,0/RP0/CPU0,0,0,0,0,0,0,0
2020-01-21 08:11:13.230000+00:00,Cisco-IOS-XR-fib-common-oper:fib-statistics/nodes/node/drops,spine3,0,0,0,0,0,0,0,0,0,7157,0,0,0,0,0,43,0/0/CPU0,0,0,0,0,0,0,0
2020-01-21 08:11:13.233000+00:00,Cisco-IOS-XR-fib-common-oper:fib-statistics/nodes/node/drops,spine3,0,0,0,0,0,0,0,0,0,0,0,0,0,0,0,6,0/RP0/CPU0,0,0,0,0,0,0,0
2020-01-21 08:11:23.215000+00:00,Cisco-IOS-XR-fib-common-oper:fib-statistics/nodes/node/drops,spine3,0,0,0,0,0,0,0,0,0,7157,0,0,0,0,0,43,0/0/CPU0,0,0,0,0,0,0,0
2020-01-21 08:11:23.216000+00:00,Cisco-IOS-XR-fib-common-oper:fib-statistics/nodes/node/drops,spine3,0,0,0,0,0,0,0,0,0,0,0,0,0,0,0,6,0/RP0/CPU0,0,0,0,0,0,0,0
2020-01-21 08:11:33.214000+00:00,Cisco-IOS-XR-fib-common-oper:fib-statistics/nodes/node/drops,spine3,0,0,0,0,0,0,0,0,0,7157,0,0,0,0,0,43,0/0/CPU0,0,0,0,0,0,0,0
2020-01-21 08:11:33.215000+00:00,Cisco-IOS-XR-fib-common-oper:fib-statistics/nodes/node/drops,spine3,0,0,0,0,0,0,0,0,0,0,0,0,0,0,0,6,0/RP0/CPU0,0,0,0,0,0,0,0
2020-01-21 08:11:43.218000+00:00,Cisco-IOS-XR-fib-common-oper:fib-statistics/nodes/node/drops,spine3,0,0,0,0,0,0,0,0,0,7157,0,0,0,0,0,43,0/0/CPU0,0,0,0,0,0,0,0
2020-01-21 08:11:43.219000+00:00,Cisco-IOS-XR-fib-common-oper:fib-statistics/nodes/node/drops,spine3,0,0,0,0,0,0,0,0,0,0,0,0,0,0,0,6,0/RP0/CPU0,0,0,0,0,0,0,0
2020-01-21 08:11:53.216000+00:00,Cisco-IOS-XR-fib-common-oper:fib-statistics/nodes/node/drops,spine3,0,0,0,0,0,0,0,0,0,7157,0,0,0,0,0,43,0/0/CPU0,0,0,0,0,0,0,0
2020-01-21 08:11:53.217000+00:00,Cisco-IOS-XR-fib-common-oper:fib-statistics/nodes/node/drops,spine3,0,0,0,0,0,0,0,0,0,0,0,0,0,0,0,6,0/RP0/CPU0,0,0,0,0,0,0,0
2020-01-21 08:12:03.216000+00:00,Cisco-IOS-XR-fib-common-oper:fib-statistics/nodes/node/drops,spine3,0,0,0,0,0,0,0,0,0,7157,0,0,0,0,0,43,0/0/CPU0,0,0,0,0,0,0,0
2020-01-21 08:12:03.217000+00:00,Cisco-IOS-XR-fib-common-oper:fib-statistics/nodes/node/drops,spine3,0,0,0,0,0,0,0,0,0,0,0,0,0,0,0,6,0/RP0/CPU0,0,0,0,0,0,0,0
2020-01-21 08:12:13.222000+00:00,Cisco-IOS-XR-fib-common-oper:fib-statistics/nodes/node/drops,spine3,0,0,0,0,0,0,0,0,0,7157,0,0,0,0,0,43,0/0/CPU0,0,0,0,0,0,0,0
2020-01-21 08:12:13.225000+00:00,Cisco-IOS-XR-fib-common-oper:fib-statistics/nodes/node/drops,spine3,0,0,0,0,0,0,0,0,0,0,0,0,0,0,0,6,0/RP0/CPU0,0,0,0,0,0,0,0
2020-01-21 08:12:23.216000+00:00,Cisco-IOS-XR-fib-common-oper:fib-statistics/nodes/node/drops,spine3,0,0,0,0,0,0,0,0,0,7157,0,0,0,0,0,43,0/0/CPU0,0,0,0,0,0,0,0
2020-01-21 08:12:23.217000+00:00,Cisco-IOS-XR-fib-common-oper:fib-statistics/nodes/node/drops,spine3,0,0,0,0,0,0,0,0,0,0,0,0,0,0,0,6,0/RP0/CPU0,0,0,0,0,0,0,0
2020-01-21 08:12:33.215000+00:00,Cisco-IOS-XR-fib-common-oper:fib-statistics/nodes/node/drops,spine3,0,0,0,0,0,0,0,0,0,7157,0,0,0,0,0,43,0/0/CPU0,0,0,0,0,0,0,0
2020-01-21 08:12:33.217000+00:00,Cisco-IOS-XR-fib-common-oper:fib-statistics/nodes/node/drops,spine3,0,0,0,0,0,0,0,0,0,0,0,0,0,0,0,6,0/RP0/CPU0,0,0,0,0,0,0,0
2020-01-21 08:12:43.221000+00:00,Cisco-IOS-XR-fib-common-oper:fib-statistics/nodes/node/drops,spine3,0,0,0,0,0,0,0,0,0,7157,0,0,0,0,0,43,0/0/CPU0,0,0,0,0,0,0,0
2020-01-21 08:12:43.223000+00:00,Cisco-IOS-XR-fib-common-oper:fib-statistics/nodes/node/drops,spine3,0,0,0,0,0,0,0,0,0,0,0,0,0,0,0,6,0/RP0/CPU0,0,0,0,0,0,0,0
2020-01-21 08:12:53.215000+00:00,Cisco-IOS-XR-fib-common-oper:fib-statistics/nodes/node/drops,spine3,0,0,0,0,0,0,0,0,0,7157,0,0,0,0,0,43,0/0/CPU0,0,0,0,0,0,0,0
2020-01-21 08:12:53.217000+00:00,Cisco-IOS-XR-fib-common-oper:fib-statistics/nodes/node/drops,spine3,0,0,0,0,0,0,0,0,0,0,0,0,0,0,0,6,0/RP0/CPU0,0,0,0,0,0,0,0
2020-01-21 08:13:03.215000+00:00,Cisco-IOS-XR-fib-common-oper:fib-statistics/nodes/node/drops,spine3,0,0,0,0,0,0,0,0,0,7157,0,0,0,0,0,43,0/0/CPU0,0,0,0,0,0,0,0
2020-01-21 08:13:03.217000+00:00,Cisco-IOS-XR-fib-common-oper:fib-statistics/nodes/node/drops,spine3,0,0,0,0,0,0,0,0,0,0,0,0,0,0,0,6,0/RP0/CPU0,0,0,0,0,0,0,0
2020-01-21 08:13:13.219000+00:00,Cisco-IOS-XR-fib-common-oper:fib-statistics/nodes/node/drops,spine3,0,0,0,0,0,0,0,0,0,7157,0,0,0,0,0,43,0/0/CPU0,0,0,0,0,0,0,0
2020-01-21 08:13:13.221000+00:00,Cisco-IOS-XR-fib-common-oper:fib-statistics/nodes/node/drops,spine3,0,0,0,0,0,0,0,0,0,0,0,0,0,0,0,6,0/RP0/CPU0,0,0,0,0,0,0,0
2020-01-21 08:13:23.219000+00:00,Cisco-IOS-XR-fib-common-oper:fib-statistics/nodes/node/drops,spine3,0,0,0,0,0,0,0,0,0,7157,0,0,0,0,0,43,0/0/CPU0,0,0,0,0,0,0,0
2020-01-21 08:13:23.221000+00:00,Cisco-IOS-XR-fib-common-oper:fib-statistics/nodes/node/drops,spine3,0,0,0,0,0,0,0,0,0,0,0,0,0,0,0,6,0/RP0/CPU0,0,0,0,0,0,0,0
2020-01-21 08:13:33.216000+00:00,Cisco-IOS-XR-fib-common-oper:fib-statistics/nodes/node/drops,spine3,0,0,0,0,0,0,0,0,0,7157,0,0,0,0,0,43,0/0/CPU0,0,0,0,0,0,0,0
2020-01-21 08:13:33.218000+00:00,Cisco-IOS-XR-fib-common-oper:fib-statistics/nodes/node/drops,spine3,0,0,0,0,0,0,0,0,0,0,0,0,0,0,0,6,0/RP0/CPU0,0,0,0,0,0,0,0
2020-01-21 08:13:43.226000+00:00,Cisco-IOS-XR-fib-common-oper:fib-statistics/nodes/node/drops,spine3,0,0,0,0,0,0,0,0,0,7157,0,0,0,0,0,43,0/0/CPU0,0,0,0,0,0,0,0
2020-01-21 08:13:43.229000+00:00,Cisco-IOS-XR-fib-common-oper:fib-statistics/nodes/node/drops,spine3,0,0,0,0,0,0,0,0,0,0,0,0,0,0,0,6,0/RP0/CPU0,0,0,0,0,0,0,0
2020-01-21 08:13:53.218000+00:00,Cisco-IOS-XR-fib-common-oper:fib-statistics/nodes/node/drops,spine3,0,0,0,0,0,0,0,0,0,7157,0,0,0,0,0,43,0/0/CPU0,0,0,0,0,0,0,0
2020-01-21 08:13:53.221000+00:00,Cisco-IOS-XR-fib-common-oper:fib-statistics/nodes/node/drops,spine3,0,0,0,0,0,0,0,0,0,0,0,0,0,0,0,6,0/RP0/CPU0,0,0,0,0,0,0,0
2020-01-21 08:14:03.215000+00:00,Cisco-IOS-XR-fib-common-oper:fib-statistics/nodes/node/drops,spine3,0,0,0,0,0,0,0,0,0,7157,0,0,0,0,0,43,0/0/CPU0,0,0,0,0,0,0,0
2020-01-21 08:14:03.217000+00:00,Cisco-IOS-XR-fib-common-oper:fib-statistics/nodes/node/drops,spine3,0,0,0,0,0,0,0,0,0,0,0,0,0,0,0,6,0/RP0/CPU0,0,0,0,0,0,0,0
2020-01-21 08:14:13.221000+00:00,Cisco-IOS-XR-fib-common-oper:fib-statistics/nodes/node/drops,spine3,0,0,0,0,0,0,0,0,0,7157,0,0,0,0,0,43,0/0/CPU0,0,0,0,0,0,0,0
2020-01-21 08:14:13.222000+00:00,Cisco-IOS-XR-fib-common-oper:fib-statistics/nodes/node/drops,spine3,0,0,0,0,0,0,0,0,0,0,0,0,0,0,0,6,0/RP0/CPU0,0,0,0,0,0,0,0
2020-01-21 08:14:23.216000+00:00,Cisco-IOS-XR-fib-common-oper:fib-statistics/nodes/node/drops,spine3,0,0,0,0,0,0,0,0,0,7157,0,0,0,0,0,43,0/0/CPU0,0,0,0,0,0,0,0
2020-01-21 08:14:23.217000+00:00,Cisco-IOS-XR-fib-common-oper:fib-statistics/nodes/node/drops,spine3,0,0,0,0,0,0,0,0,0,0,0,0,0,0,0,6,0/RP0/CPU0,0,0,0,0,0,0,0
2020-01-21 08:14:33.218000+00:00,Cisco-IOS-XR-fib-common-oper:fib-statistics/nodes/node/drops,spine3,0,0,0,0,0,0,0,0,0,7157,0,0,0,0,0,43,0/0/CPU0,0,0,0,0,0,0,0
2020-01-21 08:14:33.220000+00:00,Cisco-IOS-XR-fib-common-oper:fib-statistics/nodes/node/drops,spine3,0,0,0,0,0,0,0,0,0,0,0,0,0,0,0,6,0/RP0/CPU0,0,0,0,0,0,0,0
2020-01-21 08:14:43.219000+00:00,Cisco-IOS-XR-fib-common-oper:fib-statistics/nodes/node/drops,spine3,0,0,0,0,0,0,0,0,0,7157,0,0,0,0,0,43,0/0/CPU0,0,0,0,0,0,0,0
2020-01-21 08:14:43.221000+00:00,Cisco-IOS-XR-fib-common-oper:fib-statistics/nodes/node/drops,spine3,0,0,0,0,0,0,0,0,0,0,0,0,0,0,0,6,0/RP0/CPU0,0,0,0,0,0,0,0
2020-01-21 08:14:53.216000+00:00,Cisco-IOS-XR-fib-common-oper:fib-statistics/nodes/node/drops,spine3,0,0,0,0,0,0,0,0,0,7157,0,0,0,0,0,43,0/0/CPU0,0,0,0,0,0,0,0
2020-01-21 08:14:53.217000+00:00,Cisco-IOS-XR-fib-common-oper:fib-statistics/nodes/node/drops,spine3,0,0,0,0,0,0,0,0,0,0,0,0,0,0,0,6,0/RP0/CPU0,0,0,0,0,0,0,0
2020-01-21 08:15:03.216000+00:00,Cisco-IOS-XR-fib-common-oper:fib-statistics/nodes/node/drops,spine3,0,0,0,0,0,0,0,0,0,7157,0,0,0,0,0,43,0/0/CPU0,0,0,0,0,0,0,0
2020-01-21 08:15:03.218000+00:00,Cisco-IOS-XR-fib-common-oper:fib-statistics/nodes/node/drops,spine3,0,0,0,0,0,0,0,0,0,0,0,0,0,0,0,6,0/RP0/CPU0,0,0,0,0,0,0,0
2020-01-21 08:15:13.221000+00:00,Cisco-IOS-XR-fib-common-oper:fib-statistics/nodes/node/drops,spine3,0,0,0,0,0,0,0,0,0,7157,0,0,0,0,0,43,0/0/CPU0,0,0,0,0,0,0,0
2020-01-21 08:15:13.224000+00:00,Cisco-IOS-XR-fib-common-oper:fib-statistics/nodes/node/drops,spine3,0,0,0,0,0,0,0,0,0,0,0,0,0,0,0,6,0/RP0/CPU0,0,0,0,0,0,0,0
2020-01-21 08:15:23.217000+00:00,Cisco-IOS-XR-fib-common-oper:fib-statistics/nodes/node/drops,spine3,0,0,0,0,0,0,0,0,0,7157,0,0,0,0,0,43,0/0/CPU0,0,0,0,0,0,0,0
2020-01-21 08:15:23.220000+00:00,Cisco-IOS-XR-fib-common-oper:fib-statistics/nodes/node/drops,spine3,0,0,0,0,0,0,0,0,0,0,0,0,0,0,0,6,0/RP0/CPU0,0,0,0,0,0,0,0
2020-01-21 08:15:33.217000+00:00,Cisco-IOS-XR-fib-common-oper:fib-statistics/nodes/node/drops,spine3,0,0,0,0,0,0,0,0,0,7157,0,0,0,0,0,43,0/0/CPU0,0,0,0,0,0,0,0
2020-01-21 08:15:33.219000+00:00,Cisco-IOS-XR-fib-common-oper:fib-statistics/nodes/node/drops,spine3,0,0,0,0,0,0,0,0,0,0,0,0,0,0,0,6,0/RP0/CPU0,0,0,0,0,0,0,0
2020-01-21 08:15:43.222000+00:00,Cisco-IOS-XR-fib-common-oper:fib-statistics/nodes/node/drops,spine3,0,0,0,0,0,0,0,0,0,7157,0,0,0,0,0,43,0/0/CPU0,0,0,0,0,0,0,0
2020-01-21 08:15:43.223000+00:00,Cisco-IOS-XR-fib-common-oper:fib-statistics/nodes/node/drops,spine3,0,0,0,0,0,0,0,0,0,0,0,0,0,0,0,6,0/RP0/CPU0,0,0,0,0,0,0,0
2020-01-21 08:15:53.216000+00:00,Cisco-IOS-XR-fib-common-oper:fib-statistics/nodes/node/drops,spine3,0,0,0,0,0,0,0,0,0,7157,0,0,0,0,0,43,0/0/CPU0,0,0,0,0,0,0,0
2020-01-21 08:15:53.218000+00:00,Cisco-IOS-XR-fib-common-oper:fib-statistics/nodes/node/drops,spine3,0,0,0,0,0,0,0,0,0,0,0,0,0,0,0,6,0/RP0/CPU0,0,0,0,0,0,0,0
2020-01-21 08:16:03.217000+00:00,Cisco-IOS-XR-fib-common-oper:fib-statistics/nodes/node/drops,spine3,0,0,0,0,0,0,0,0,0,7157,0,0,0,0,0,43,0/0/CPU0,0,0,0,0,0,0,0
2020-01-21 08:16:03.219000+00:00,Cisco-IOS-XR-fib-common-oper:fib-statistics/nodes/node/drops,spine3,0,0,0,0,0,0,0,0,0,0,0,0,0,0,0,6,0/RP0/CPU0,0,0,0,0,0,0,0
2020-01-21 08:16:13.221000+00:00,Cisco-IOS-XR-fib-common-oper:fib-statistics/nodes/node/drops,spine3,0,0,0,0,0,0,0,0,0,7157,0,0,0,0,0,43,0/0/CPU0,0,0,0,0,0,0,0
2020-01-21 08:16:13.224000+00:00,Cisco-IOS-XR-fib-common-oper:fib-statistics/nodes/node/drops,spine3,0,0,0,0,0,0,0,0,0,0,0,0,0,0,0,6,0/RP0/CPU0,0,0,0,0,0,0,0
2020-01-21 08:16:23.218000+00:00,Cisco-IOS-XR-fib-common-oper:fib-statistics/nodes/node/drops,spine3,0,0,0,0,0,0,0,0,0,7157,0,0,0,0,0,43,0/0/CPU0,0,0,0,0,0,0,0
2020-01-21 08:16:23.220000+00:00,Cisco-IOS-XR-fib-common-oper:fib-statistics/nodes/node/drops,spine3,0,0,0,0,0,0,0,0,0,0,0,0,0,0,0,6,0/RP0/CPU0,0,0,0,0,0,0,0
2020-01-21 08:16:33.218000+00:00,Cisco-IOS-XR-fib-common-oper:fib-statistics/nodes/node/drops,spine3,0,0,0,0,0,0,0,0,0,7157,0,0,0,0,0,43,0/0/CPU0,0,0,0,0,0,0,0
2020-01-21 08:16:33.219000+00:00,Cisco-IOS-XR-fib-common-oper:fib-statistics/nodes/node/drops,spine3,0,0,0,0,0,0,0,0,0,0,0,0,0,0,0,6,0/RP0/CPU0,0,0,0,0,0,0,0
2020-01-21 08:16:43.226000+00:00,Cisco-IOS-XR-fib-common-oper:fib-statistics/nodes/node/drops,spine3,0,0,0,0,0,0,0,0,0,7157,0,0,0,0,0,43,0/0/CPU0,0,0,0,0,0,0,0
2020-01-21 08:16:43.229000+00:00,Cisco-IOS-XR-fib-common-oper:fib-statistics/nodes/node/drops,spine3,0,0,0,0,0,0,0,0,0,0,0,0,0,0,0,6,0/RP0/CPU0,0,0,0,0,0,0,0
2020-01-21 08:16:53.218000+00:00,Cisco-IOS-XR-fib-common-oper:fib-statistics/nodes/node/drops,spine3,0,0,0,0,0,0,0,0,0,7157,0,0,0,0,0,43,0/0/CPU0,0,0,0,0,0,0,0
2020-01-21 08:16:53.219000+00:00,Cisco-IOS-XR-fib-common-oper:fib-statistics/nodes/node/drops,spine3,0,0,0,0,0,0,0,0,0,0,0,0,0,0,0,6,0/RP0/CPU0,0,0,0,0,0,0,0
2020-01-21 08:17:03.219000+00:00,Cisco-IOS-XR-fib-common-oper:fib-statistics/nodes/node/drops,spine3,0,0,0,0,0,0,0,0,0,7157,0,0,0,0,0,43,0/0/CPU0,0,0,0,0,0,0,0
2020-01-21 08:17:03.220000+00:00,Cisco-IOS-XR-fib-common-oper:fib-statistics/nodes/node/drops,spine3,0,0,0,0,0,0,0,0,0,0,0,0,0,0,0,6,0/RP0/CPU0,0,0,0,0,0,0,0
2020-01-21 08:17:13.230000+00:00,Cisco-IOS-XR-fib-common-oper:fib-statistics/nodes/node/drops,spine3,0,0,0,0,0,0,0,0,0,7157,0,0,0,0,0,43,0/0/CPU0,0,0,0,0,0,0,0
2020-01-21 08:17:13.234000+00:00,Cisco-IOS-XR-fib-common-oper:fib-statistics/nodes/node/drops,spine3,0,0,0,0,0,0,0,0,0,0,0,0,0,0,0,6,0/RP0/CPU0,0,0,0,0,0,0,0
2020-01-21 08:17:23.219000+00:00,Cisco-IOS-XR-fib-common-oper:fib-statistics/nodes/node/drops,spine3,0,0,0,0,0,0,0,0,0,7157,0,0,0,0,0,43,0/0/CPU0,0,0,0,0,0,0,0
2020-01-21 08:17:23.220000+00:00,Cisco-IOS-XR-fib-common-oper:fib-statistics/nodes/node/drops,spine3,0,0,0,0,0,0,0,0,0,0,0,0,0,0,0,6,0/RP0/CPU0,0,0,0,0,0,0,0
2020-01-21 08:17:33.218000+00:00,Cisco-IOS-XR-fib-common-oper:fib-statistics/nodes/node/drops,spine3,0,0,0,0,0,0,0,0,0,7157,0,0,0,0,0,43,0/0/CPU0,0,0,0,0,0,0,0
2020-01-21 08:17:33.220000+00:00,Cisco-IOS-XR-fib-common-oper:fib-statistics/nodes/node/drops,spine3,0,0,0,0,0,0,0,0,0,0,0,0,0,0,0,6,0/RP0/CPU0,0,0,0,0,0,0,0
2020-01-21 08:17:43.223000+00:00,Cisco-IOS-XR-fib-common-oper:fib-statistics/nodes/node/drops,spine3,0,0,0,0,0,0,0,0,0,7157,0,0,0,0,0,43,0/0/CPU0,0,0,0,0,0,0,0
2020-01-21 08:17:43.225000+00:00,Cisco-IOS-XR-fib-common-oper:fib-statistics/nodes/node/drops,spine3,0,0,0,0,0,0,0,0,0,0,0,0,0,0,0,6,0/RP0/CPU0,0,0,0,0,0,0,0
2020-01-21 08:17:53.220000+00:00,Cisco-IOS-XR-fib-common-oper:fib-statistics/nodes/node/drops,spine3,0,0,0,0,0,0,0,0,0,7157,0,0,0,0,0,43,0/0/CPU0,0,0,0,0,0,0,0
2020-01-21 08:17:53.223000+00:00,Cisco-IOS-XR-fib-common-oper:fib-statistics/nodes/node/drops,spine3,0,0,0,0,0,0,0,0,0,0,0,0,0,0,0,6,0/RP0/CPU0,0,0,0,0,0,0,0
2020-01-21 08:18:03.221000+00:00,Cisco-IOS-XR-fib-common-oper:fib-statistics/nodes/node/drops,spine3,0,0,0,0,0,0,0,0,0,7157,0,0,0,0,0,43,0/0/CPU0,0,0,0,0,0,0,0
2020-01-21 08:18:03.223000+00:00,Cisco-IOS-XR-fib-common-oper:fib-statistics/nodes/node/drops,spine3,0,0,0,0,0,0,0,0,0,0,0,0,0,0,0,6,0/RP0/CPU0,0,0,0,0,0,0,0
2020-01-21 08:18:13.224000+00:00,Cisco-IOS-XR-fib-common-oper:fib-statistics/nodes/node/drops,spine3,0,0,0,0,0,0,0,0,0,7157,0,0,0,0,0,43,0/0/CPU0,0,0,0,0,0,0,0
2020-01-21 08:18:13.226000+00:00,Cisco-IOS-XR-fib-common-oper:fib-statistics/nodes/node/drops,spine3,0,0,0,0,0,0,0,0,0,0,0,0,0,0,0,6,0/RP0/CPU0,0,0,0,0,0,0,0
2020-01-21 08:18:23.220000+00:00,Cisco-IOS-XR-fib-common-oper:fib-statistics/nodes/node/drops,spine3,0,0,0,0,0,0,0,0,0,7157,0,0,0,0,0,43,0/0/CPU0,0,0,0,0,0,0,0
2020-01-21 08:18:23.221000+00:00,Cisco-IOS-XR-fib-common-oper:fib-statistics/nodes/node/drops,spine3,0,0,0,0,0,0,0,0,0,0,0,0,0,0,0,6,0/RP0/CPU0,0,0,0,0,0,0,0
2020-01-21 08:18:33.220000+00:00,Cisco-IOS-XR-fib-common-oper:fib-statistics/nodes/node/drops,spine3,0,0,0,0,0,0,0,0,0,7157,0,0,0,0,0,43,0/0/CPU0,0,0,0,0,0,0,0
2020-01-21 08:18:33.221000+00:00,Cisco-IOS-XR-fib-common-oper:fib-statistics/nodes/node/drops,spine3,0,0,0,0,0,0,0,0,0,0,0,0,0,0,0,6,0/RP0/CPU0,0,0,0,0,0,0,0
2020-01-21 08:18:43.221000+00:00,Cisco-IOS-XR-fib-common-oper:fib-statistics/nodes/node/drops,spine3,0,0,0,0,0,0,0,0,0,7157,0,0,0,0,0,43,0/0/CPU0,0,0,0,0,0,0,0
2020-01-21 08:18:43.222000+00:00,Cisco-IOS-XR-fib-common-oper:fib-statistics/nodes/node/drops,spine3,0,0,0,0,0,0,0,0,0,0,0,0,0,0,0,6,0/RP0/CPU0,0,0,0,0,0,0,0
2020-01-21 08:18:53.221000+00:00,Cisco-IOS-XR-fib-common-oper:fib-statistics/nodes/node/drops,spine3,0,0,0,0,0,0,0,0,0,7157,0,0,0,0,0,43,0/0/CPU0,0,0,0,0,0,0,0
2020-01-21 08:18:53.224000+00:00,Cisco-IOS-XR-fib-common-oper:fib-statistics/nodes/node/drops,spine3,0,0,0,0,0,0,0,0,0,0,0,0,0,0,0,6,0/RP0/CPU0,0,0,0,0,0,0,0
2020-01-21 08:19:03.220000+00:00,Cisco-IOS-XR-fib-common-oper:fib-statistics/nodes/node/drops,spine3,0,0,0,0,0,0,0,0,0,7157,0,0,0,0,0,43,0/0/CPU0,0,0,0,0,0,0,0
2020-01-21 08:19:03.221000+00:00,Cisco-IOS-XR-fib-common-oper:fib-statistics/nodes/node/drops,spine3,0,0,0,0,0,0,0,0,0,0,0,0,0,0,0,6,0/RP0/CPU0,0,0,0,0,0,0,0
2020-01-21 08:19:13.223000+00:00,Cisco-IOS-XR-fib-common-oper:fib-statistics/nodes/node/drops,spine3,0,0,0,0,0,0,0,0,0,7157,0,0,0,0,0,43,0/0/CPU0,0,0,0,0,0,0,0
2020-01-21 08:19:13.224000+00:00,Cisco-IOS-XR-fib-common-oper:fib-statistics/nodes/node/drops,spine3,0,0,0,0,0,0,0,0,0,0,0,0,0,0,0,6,0/RP0/CPU0,0,0,0,0,0,0,0
2020-01-21 08:19:23.226000+00:00,Cisco-IOS-XR-fib-common-oper:fib-statistics/nodes/node/drops,spine3,0,0,0,0,0,0,0,0,0,7157,0,0,0,0,0,43,0/0/CPU0,0,0,0,0,0,0,0
2020-01-21 08:19:23.229000+00:00,Cisco-IOS-XR-fib-common-oper:fib-statistics/nodes/node/drops,spine3,0,0,0,0,0,0,0,0,0,0,0,0,0,0,0,6,0/RP0/CPU0,0,0,0,0,0,0,0
2020-01-21 08:19:33.224000+00:00,Cisco-IOS-XR-fib-common-oper:fib-statistics/nodes/node/drops,spine3,0,0,0,0,0,0,0,0,0,7157,0,0,0,0,0,43,0/0/CPU0,0,0,0,0,0,0,0
2020-01-21 08:19:33.225000+00:00,Cisco-IOS-XR-fib-common-oper:fib-statistics/nodes/node/drops,spine3,0,0,0,0,0,0,0,0,0,0,0,0,0,0,0,6,0/RP0/CPU0,0,0,0,0,0,0,0
2020-01-21 08:19:43.223000+00:00,Cisco-IOS-XR-fib-common-oper:fib-statistics/nodes/node/drops,spine3,0,0,0,0,0,0,0,0,0,7157,0,0,0,0,0,43,0/0/CPU0,0,0,0,0,0,0,0
2020-01-21 08:19:43.225000+00:00,Cisco-IOS-XR-fib-common-oper:fib-statistics/nodes/node/drops,spine3,0,0,0,0,0,0,0,0,0,0,0,0,0,0,0,6,0/RP0/CPU0,0,0,0,0,0,0,0
2020-01-21 08:19:53.222000+00:00,Cisco-IOS-XR-fib-common-oper:fib-statistics/nodes/node/drops,spine3,0,0,0,0,0,0,0,0,0,7157,0,0,0,0,0,43,0/0/CPU0,0,0,0,0,0,0,0
2020-01-21 08:19:53.223000+00:00,Cisco-IOS-XR-fib-common-oper:fib-statistics/nodes/node/drops,spine3,0,0,0,0,0,0,0,0,0,0,0,0,0,0,0,6,0/RP0/CPU0,0,0,0,0,0,0,0
2020-01-21 08:20:03.221000+00:00,Cisco-IOS-XR-fib-common-oper:fib-statistics/nodes/node/drops,spine3,0,0,0,0,0,0,0,0,0,7157,0,0,0,0,0,43,0/0/CPU0,0,0,0,0,0,0,0
2020-01-21 08:20:03.222000+00:00,Cisco-IOS-XR-fib-common-oper:fib-statistics/nodes/node/drops,spine3,0,0,0,0,0,0,0,0,0,0,0,0,0,0,0,6,0/RP0/CPU0,0,0,0,0,0,0,0
2020-01-21 08:20:13.225000+00:00,Cisco-IOS-XR-fib-common-oper:fib-statistics/nodes/node/drops,spine3,0,0,0,0,0,0,0,0,0,7157,0,0,0,0,0,43,0/0/CPU0,0,0,0,0,0,0,0
2020-01-21 08:20:13.228000+00:00,Cisco-IOS-XR-fib-common-oper:fib-statistics/nodes/node/drops,spine3,0,0,0,0,0,0,0,0,0,0,0,0,0,0,0,6,0/RP0/CPU0,0,0,0,0,0,0,0
2020-01-21 08:20:23.223000+00:00,Cisco-IOS-XR-fib-common-oper:fib-statistics/nodes/node/drops,spine3,0,0,0,0,0,0,0,0,0,7157,0,0,0,0,0,43,0/0/CPU0,0,0,0,0,0,0,0
2020-01-21 08:20:23.224000+00:00,Cisco-IOS-XR-fib-common-oper:fib-statistics/nodes/node/drops,spine3,0,0,0,0,0,0,0,0,0,0,0,0,0,0,0,6,0/RP0/CPU0,0,0,0,0,0,0,0
2020-01-21 08:20:33.226000+00:00,Cisco-IOS-XR-fib-common-oper:fib-statistics/nodes/node/drops,spine3,0,0,0,0,0,0,0,0,0,7157,0,0,0,0,0,43,0/0/CPU0,0,0,0,0,0,0,0
2020-01-21 08:20:33.228000+00:00,Cisco-IOS-XR-fib-common-oper:fib-statistics/nodes/node/drops,spine3,0,0,0,0,0,0,0,0,0,0,0,0,0,0,0,6,0/RP0/CPU0,0,0,0,0,0,0,0
2020-01-21 08:20:43.226000+00:00,Cisco-IOS-XR-fib-common-oper:fib-statistics/nodes/node/drops,spine3,0,0,0,0,0,0,0,0,0,7157,0,0,0,0,0,43,0/0/CPU0,0,0,0,0,0,0,0
2020-01-21 08:20:43.228000+00:00,Cisco-IOS-XR-fib-common-oper:fib-statistics/nodes/node/drops,spine3,0,0,0,0,0,0,0,0,0,0,0,0,0,0,0,6,0/RP0/CPU0,0,0,0,0,0,0,0
2020-01-21 08:20:53.222000+00:00,Cisco-IOS-XR-fib-common-oper:fib-statistics/nodes/node/drops,spine3,0,0,0,0,0,0,0,0,0,7157,0,0,0,0,0,43,0/0/CPU0,0,0,0,0,0,0,0
2020-01-21 08:20:53.225000+00:00,Cisco-IOS-XR-fib-common-oper:fib-statistics/nodes/node/drops,spine3,0,0,0,0,0,0,0,0,0,0,0,0,0,0,0,6,0/RP0/CPU0,0,0,0,0,0,0,0
2020-01-21 08:21:03.223000+00:00,Cisco-IOS-XR-fib-common-oper:fib-statistics/nodes/node/drops,spine3,0,0,0,0,0,0,0,0,0,7157,0,0,0,0,0,43,0/0/CPU0,0,0,0,0,0,0,0
2020-01-21 08:21:03.226000+00:00,Cisco-IOS-XR-fib-common-oper:fib-statistics/nodes/node/drops,spine3,0,0,0,0,0,0,0,0,0,0,0,0,0,0,0,6,0/RP0/CPU0,0,0,0,0,0,0,0
2020-01-21 08:21:13.224000+00:00,Cisco-IOS-XR-fib-common-oper:fib-statistics/nodes/node/drops,spine3,0,0,0,0,0,0,0,0,0,7157,0,0,0,0,0,43,0/0/CPU0,0,0,0,0,0,0,0
2020-01-21 08:21:13.225000+00:00,Cisco-IOS-XR-fib-common-oper:fib-statistics/nodes/node/drops,spine3,0,0,0,0,0,0,0,0,0,0,0,0,0,0,0,6,0/RP0/CPU0,0,0,0,0,0,0,0
2020-01-21 08:21:23.223000+00:00,Cisco-IOS-XR-fib-common-oper:fib-statistics/nodes/node/drops,spine3,0,0,0,0,0,0,0,0,0,7157,0,0,0,0,0,43,0/0/CPU0,0,0,0,0,0,0,0
2020-01-21 08:21:23.225000+00:00,Cisco-IOS-XR-fib-common-oper:fib-statistics/nodes/node/drops,spine3,0,0,0,0,0,0,0,0,0,0,0,0,0,0,0,6,0/RP0/CPU0,0,0,0,0,0,0,0
2020-01-21 08:21:33.223000+00:00,Cisco-IOS-XR-fib-common-oper:fib-statistics/nodes/node/drops,spine3,0,0,0,0,0,0,0,0,0,7157,0,0,0,0,0,43,0/0/CPU0,0,0,0,0,0,0,0
2020-01-21 08:21:33.226000+00:00,Cisco-IOS-XR-fib-common-oper:fib-statistics/nodes/node/drops,spine3,0,0,0,0,0,0,0,0,0,0,0,0,0,0,0,6,0/RP0/CPU0,0,0,0,0,0,0,0
2020-01-21 08:21:43.225000+00:00,Cisco-IOS-XR-fib-common-oper:fib-statistics/nodes/node/drops,spine3,0,0,0,0,0,0,0,0,0,7157,0,0,0,0,0,43,0/0/CPU0,0,0,0,0,0,0,0
2020-01-21 08:21:43.227000+00:00,Cisco-IOS-XR-fib-common-oper:fib-statistics/nodes/node/drops,spine3,0,0,0,0,0,0,0,0,0,0,0,0,0,0,0,6,0/RP0/CPU0,0,0,0,0,0,0,0
2020-01-21 08:21:53.222000+00:00,Cisco-IOS-XR-fib-common-oper:fib-statistics/nodes/node/drops,spine3,0,0,0,0,0,0,0,0,0,7157,0,0,0,0,0,43,0/0/CPU0,0,0,0,0,0,0,0
2020-01-21 08:21:53.223000+00:00,Cisco-IOS-XR-fib-common-oper:fib-statistics/nodes/node/drops,spine3,0,0,0,0,0,0,0,0,0,0,0,0,0,0,0,6,0/RP0/CPU0,0,0,0,0,0,0,0
2020-01-21 08:22:03.225000+00:00,Cisco-IOS-XR-fib-common-oper:fib-statistics/nodes/node/drops,spine3,0,0,0,0,0,0,0,0,0,7157,0,0,0,0,0,43,0/0/CPU0,0,0,0,0,0,0,0
2020-01-21 08:22:03.226000+00:00,Cisco-IOS-XR-fib-common-oper:fib-statistics/nodes/node/drops,spine3,0,0,0,0,0,0,0,0,0,0,0,0,0,0,0,6,0/RP0/CPU0,0,0,0,0,0,0,0
2020-01-21 08:22:13.224000+00:00,Cisco-IOS-XR-fib-common-oper:fib-statistics/nodes/node/drops,spine3,0,0,0,0,0,0,0,0,0,7157,0,0,0,0,0,43,0/0/CPU0,0,0,0,0,0,0,0
2020-01-21 08:22:13.226000+00:00,Cisco-IOS-XR-fib-common-oper:fib-statistics/nodes/node/drops,spine3,0,0,0,0,0,0,0,0,0,0,0,0,0,0,0,6,0/RP0/CPU0,0,0,0,0,0,0,0
2020-01-21 08:22:23.224000+00:00,Cisco-IOS-XR-fib-common-oper:fib-statistics/nodes/node/drops,spine3,0,0,0,0,0,0,0,0,0,7157,0,0,0,0,0,43,0/0/CPU0,0,0,0,0,0,0,0
2020-01-21 08:22:23.225000+00:00,Cisco-IOS-XR-fib-common-oper:fib-statistics/nodes/node/drops,spine3,0,0,0,0,0,0,0,0,0,0,0,0,0,0,0,6,0/RP0/CPU0,0,0,0,0,0,0,0
2020-01-21 08:22:33.224000+00:00,Cisco-IOS-XR-fib-common-oper:fib-statistics/nodes/node/drops,spine3,0,0,0,0,0,0,0,0,0,7157,0,0,0,0,0,43,0/0/CPU0,0,0,0,0,0,0,0
2020-01-21 08:22:33.226000+00:00,Cisco-IOS-XR-fib-common-oper:fib-statistics/nodes/node/drops,spine3,0,0,0,0,0,0,0,0,0,0,0,0,0,0,0,6,0/RP0/CPU0,0,0,0,0,0,0,0
2020-01-21 08:22:43.227000+00:00,Cisco-IOS-XR-fib-common-oper:fib-statistics/nodes/node/drops,spine3,0,0,0,0,0,0,0,0,0,7157,0,0,0,0,0,43,0/0/CPU0,0,0,0,0,0,0,0
2020-01-21 08:22:43.229000+00:00,Cisco-IOS-XR-fib-common-oper:fib-statistics/nodes/node/drops,spine3,0,0,0,0,0,0,0,0,0,0,0,0,0,0,0,6,0/RP0/CPU0,0,0,0,0,0,0,0
2020-01-21 08:22:53.224000+00:00,Cisco-IOS-XR-fib-common-oper:fib-statistics/nodes/node/drops,spine3,0,0,0,0,0,0,0,0,0,7157,0,0,0,0,0,43,0/0/CPU0,0,0,0,0,0,0,0
2020-01-21 08:22:53.225000+00:00,Cisco-IOS-XR-fib-common-oper:fib-statistics/nodes/node/drops,spine3,0,0,0,0,0,0,0,0,0,0,0,0,0,0,0,6,0/RP0/CPU0,0,0,0,0,0,0,0
2020-01-21 08:23:03.225000+00:00,Cisco-IOS-XR-fib-common-oper:fib-statistics/nodes/node/drops,spine3,0,0,0,0,0,0,0,0,0,7157,0,0,0,0,0,43,0/0/CPU0,0,0,0,0,0,0,0
2020-01-21 08:23:03.227000+00:00,Cisco-IOS-XR-fib-common-oper:fib-statistics/nodes/node/drops,spine3,0,0,0,0,0,0,0,0,0,0,0,0,0,0,0,6,0/RP0/CPU0,0,0,0,0,0,0,0
2020-01-21 08:23:13.227000+00:00,Cisco-IOS-XR-fib-common-oper:fib-statistics/nodes/node/drops,spine3,0,0,0,0,0,0,0,0,0,7157,0,0,0,0,0,43,0/0/CPU0,0,0,0,0,0,0,0
2020-01-21 08:23:13.232000+00:00,Cisco-IOS-XR-fib-common-oper:fib-statistics/nodes/node/drops,spine3,0,0,0,0,0,0,0,0,0,0,0,0,0,0,0,6,0/RP0/CPU0,0,0,0,0,0,0,0
2020-01-21 08:23:23.226000+00:00,Cisco-IOS-XR-fib-common-oper:fib-statistics/nodes/node/drops,spine3,0,0,0,0,0,0,0,0,0,7157,0,0,0,0,0,43,0/0/CPU0,0,0,0,0,0,0,0
2020-01-21 08:23:23.228000+00:00,Cisco-IOS-XR-fib-common-oper:fib-statistics/nodes/node/drops,spine3,0,0,0,0,0,0,0,0,0,0,0,0,0,0,0,6,0/RP0/CPU0,0,0,0,0,0,0,0
2020-01-21 08:23:33.227000+00:00,Cisco-IOS-XR-fib-common-oper:fib-statistics/nodes/node/drops,spine3,0,0,0,0,0,0,0,0,0,7157,0,0,0,0,0,43,0/0/CPU0,0,0,0,0,0,0,0
2020-01-21 08:23:33.231000+00:00,Cisco-IOS-XR-fib-common-oper:fib-statistics/nodes/node/drops,spine3,0,0,0,0,0,0,0,0,0,0,0,0,0,0,0,6,0/RP0/CPU0,0,0,0,0,0,0,0
2020-01-21 08:23:43.226000+00:00,Cisco-IOS-XR-fib-common-oper:fib-statistics/nodes/node/drops,spine3,0,0,0,0,0,0,0,0,0,7157,0,0,0,0,0,43,0/0/CPU0,0,0,0,0,0,0,0
2020-01-21 08:23:43.228000+00:00,Cisco-IOS-XR-fib-common-oper:fib-statistics/nodes/node/drops,spine3,0,0,0,0,0,0,0,0,0,0,0,0,0,0,0,6,0/RP0/CPU0,0,0,0,0,0,0,0
2020-01-21 08:23:53.225000+00:00,Cisco-IOS-XR-fib-common-oper:fib-statistics/nodes/node/drops,spine3,0,0,0,0,0,0,0,0,0,7157,0,0,0,0,0,43,0/0/CPU0,0,0,0,0,0,0,0
2020-01-21 08:23:53.226000+00:00,Cisco-IOS-XR-fib-common-oper:fib-statistics/nodes/node/drops,spine3,0,0,0,0,0,0,0,0,0,0,0,0,0,0,0,6,0/RP0/CPU0,0,0,0,0,0,0,0
2020-01-21 08:24:03.225000+00:00,Cisco-IOS-XR-fib-common-oper:fib-statistics/nodes/node/drops,spine3,0,0,0,0,0,0,0,0,0,7157,0,0,0,0,0,43,0/0/CPU0,0,0,0,0,0,0,0
2020-01-21 08:24:03.228000+00:00,Cisco-IOS-XR-fib-common-oper:fib-statistics/nodes/node/drops,spine3,0,0,0,0,0,0,0,0,0,0,0,0,0,0,0,6,0/RP0/CPU0,0,0,0,0,0,0,0
2020-01-21 08:24:13.225000+00:00,Cisco-IOS-XR-fib-common-oper:fib-statistics/nodes/node/drops,spine3,0,0,0,0,0,0,0,0,0,7157,0,0,0,0,0,43,0/0/CPU0,0,0,0,0,0,0,0
2020-01-21 08:24:13.228000+00:00,Cisco-IOS-XR-fib-common-oper:fib-statistics/nodes/node/drops,spine3,0,0,0,0,0,0,0,0,0,0,0,0,0,0,0,6,0/RP0/CPU0,0,0,0,0,0,0,0
2020-01-21 08:24:23.225000+00:00,Cisco-IOS-XR-fib-common-oper:fib-statistics/nodes/node/drops,spine3,0,0,0,0,0,0,0,0,0,7157,0,0,0,0,0,43,0/0/CPU0,0,0,0,0,0,0,0
2020-01-21 08:24:23.227000+00:00,Cisco-IOS-XR-fib-common-oper:fib-statistics/nodes/node/drops,spine3,0,0,0,0,0,0,0,0,0,0,0,0,0,0,0,6,0/RP0/CPU0,0,0,0,0,0,0,0
2020-01-21 08:24:33.225000+00:00,Cisco-IOS-XR-fib-common-oper:fib-statistics/nodes/node/drops,spine3,0,0,0,0,0,0,0,0,0,7157,0,0,0,0,0,43,0/0/CPU0,0,0,0,0,0,0,0
2020-01-21 08:24:33.228000+00:00,Cisco-IOS-XR-fib-common-oper:fib-statistics/nodes/node/drops,spine3,0,0,0,0,0,0,0,0,0,0,0,0,0,0,0,6,0/RP0/CPU0,0,0,0,0,0,0,0
2020-01-21 08:24:43.226000+00:00,Cisco-IOS-XR-fib-common-oper:fib-statistics/nodes/node/drops,spine3,0,0,0,0,0,0,0,0,0,7157,0,0,0,0,0,43,0/0/CPU0,0,0,0,0,0,0,0
2020-01-21 08:24:43.227000+00:00,Cisco-IOS-XR-fib-common-oper:fib-statistics/nodes/node/drops,spine3,0,0,0,0,0,0,0,0,0,0,0,0,0,0,0,6,0/RP0/CPU0,0,0,0,0,0,0,0
2020-01-21 08:24:53.225000+00:00,Cisco-IOS-XR-fib-common-oper:fib-statistics/nodes/node/drops,spine3,0,0,0,0,0,0,0,0,0,7157,0,0,0,0,0,43,0/0/CPU0,0,0,0,0,0,0,0
2020-01-21 08:24:53.227000+00:00,Cisco-IOS-XR-fib-common-oper:fib-statistics/nodes/node/drops,spine3,0,0,0,0,0,0,0,0,0,0,0,0,0,0,0,6,0/RP0/CPU0,0,0,0,0,0,0,0
2020-01-21 08:25:03.225000+00:00,Cisco-IOS-XR-fib-common-oper:fib-statistics/nodes/node/drops,spine3,0,0,0,0,0,0,0,0,0,7157,0,0,0,0,0,43,0/0/CPU0,0,0,0,0,0,0,0
2020-01-21 08:25:03.226000+00:00,Cisco-IOS-XR-fib-common-oper:fib-statistics/nodes/node/drops,spine3,0,0,0,0,0,0,0,0,0,0,0,0,0,0,0,6,0/RP0/CPU0,0,0,0,0,0,0,0
2020-01-21 08:25:13.227000+00:00,Cisco-IOS-XR-fib-common-oper:fib-statistics/nodes/node/drops,spine3,0,0,0,0,0,0,0,0,0,7157,0,0,0,0,0,43,0/0/CPU0,0,0,0,0,0,0,0
2020-01-21 08:25:13.228000+00:00,Cisco-IOS-XR-fib-common-oper:fib-statistics/nodes/node/drops,spine3,0,0,0,0,0,0,0,0,0,0,0,0,0,0,0,6,0/RP0/CPU0,0,0,0,0,0,0,0
2020-01-21 08:25:23.226000+00:00,Cisco-IOS-XR-fib-common-oper:fib-statistics/nodes/node/drops,spine3,0,0,0,0,0,0,0,0,0,7157,0,0,0,0,0,43,0/0/CPU0,0,0,0,0,0,0,0
2020-01-21 08:25:23.228000+00:00,Cisco-IOS-XR-fib-common-oper:fib-statistics/nodes/node/drops,spine3,0,0,0,0,0,0,0,0,0,0,0,0,0,0,0,6,0/RP0/CPU0,0,0,0,0,0,0,0
2020-01-21 08:25:33.228000+00:00,Cisco-IOS-XR-fib-common-oper:fib-statistics/nodes/node/drops,spine3,0,0,0,0,0,0,0,0,0,7157,0,0,0,0,0,43,0/0/CPU0,0,0,0,0,0,0,0
2020-01-21 08:25:33.230000+00:00,Cisco-IOS-XR-fib-common-oper:fib-statistics/nodes/node/drops,spine3,0,0,0,0,0,0,0,0,0,0,0,0,0,0,0,6,0/RP0/CPU0,0,0,0,0,0,0,0
2020-01-21 08:25:43.227000+00:00,Cisco-IOS-XR-fib-common-oper:fib-statistics/nodes/node/drops,spine3,0,0,0,0,0,0,0,0,0,7157,0,0,0,0,0,43,0/0/CPU0,0,0,0,0,0,0,0
2020-01-21 08:25:43.229000+00:00,Cisco-IOS-XR-fib-common-oper:fib-statistics/nodes/node/drops,spine3,0,0,0,0,0,0,0,0,0,0,0,0,0,0,0,6,0/RP0/CPU0,0,0,0,0,0,0,0
2020-01-21 08:25:53.226000+00:00,Cisco-IOS-XR-fib-common-oper:fib-statistics/nodes/node/drops,spine3,0,0,0,0,0,0,0,0,0,7157,0,0,0,0,0,43,0/0/CPU0,0,0,0,0,0,0,0
2020-01-21 08:25:53.229000+00:00,Cisco-IOS-XR-fib-common-oper:fib-statistics/nodes/node/drops,spine3,0,0,0,0,0,0,0,0,0,0,0,0,0,0,0,6,0/RP0/CPU0,0,0,0,0,0,0,0
2020-01-21 08:26:03.226000+00:00,Cisco-IOS-XR-fib-common-oper:fib-statistics/nodes/node/drops,spine3,0,0,0,0,0,0,0,0,0,7157,0,0,0,0,0,43,0/0/CPU0,0,0,0,0,0,0,0
2020-01-21 08:26:03.228000+00:00,Cisco-IOS-XR-fib-common-oper:fib-statistics/nodes/node/drops,spine3,0,0,0,0,0,0,0,0,0,0,0,0,0,0,0,6,0/RP0/CPU0,0,0,0,0,0,0,0
2020-01-21 08:26:13.233000+00:00,Cisco-IOS-XR-fib-common-oper:fib-statistics/nodes/node/drops,spine3,0,0,0,0,0,0,0,0,0,7157,0,0,0,0,0,43,0/0/CPU0,0,0,0,0,0,0,0
2020-01-21 08:26:13.235000+00:00,Cisco-IOS-XR-fib-common-oper:fib-statistics/nodes/node/drops,spine3,0,0,0,0,0,0,0,0,0,0,0,0,0,0,0,6,0/RP0/CPU0,0,0,0,0,0,0,0
2020-01-21 08:26:23.227000+00:00,Cisco-IOS-XR-fib-common-oper:fib-statistics/nodes/node/drops,spine3,0,0,0,0,0,0,0,0,0,7157,0,0,0,0,0,43,0/0/CPU0,0,0,0,0,0,0,0
2020-01-21 08:26:23.229000+00:00,Cisco-IOS-XR-fib-common-oper:fib-statistics/nodes/node/drops,spine3,0,0,0,0,0,0,0,0,0,0,0,0,0,0,0,6,0/RP0/CPU0,0,0,0,0,0,0,0
2020-01-21 08:26:33.228000+00:00,Cisco-IOS-XR-fib-common-oper:fib-statistics/nodes/node/drops,spine3,0,0,0,0,0,0,0,0,0,7157,0,0,0,0,0,43,0/0/CPU0,0,0,0,0,0,0,0
2020-01-21 08:26:33.230000+00:00,Cisco-IOS-XR-fib-common-oper:fib-statistics/nodes/node/drops,spine3,0,0,0,0,0,0,0,0,0,0,0,0,0,0,0,6,0/RP0/CPU0,0,0,0,0,0,0,0
2020-01-21 08:26:43.227000+00:00,Cisco-IOS-XR-fib-common-oper:fib-statistics/nodes/node/drops,spine3,0,0,0,0,0,0,0,0,0,7157,0,0,0,0,0,43,0/0/CPU0,0,0,0,0,0,0,0
2020-01-21 08:26:43.229000+00:00,Cisco-IOS-XR-fib-common-oper:fib-statistics/nodes/node/drops,spine3,0,0,0,0,0,0,0,0,0,0,0,0,0,0,0,6,0/RP0/CPU0,0,0,0,0,0,0,0
2020-01-21 08:26:53.227000+00:00,Cisco-IOS-XR-fib-common-oper:fib-statistics/nodes/node/drops,spine3,0,0,0,0,0,0,0,0,0,7157,0,0,0,0,0,43,0/0/CPU0,0,0,0,0,0,0,0
2020-01-21 08:26:53.230000+00:00,Cisco-IOS-XR-fib-common-oper:fib-statistics/nodes/node/drops,spine3,0,0,0,0,0,0,0,0,0,0,0,0,0,0,0,6,0/RP0/CPU0,0,0,0,0,0,0,0
2020-01-21 08:27:03.227000+00:00,Cisco-IOS-XR-fib-common-oper:fib-statistics/nodes/node/drops,spine3,0,0,0,0,0,0,0,0,0,7157,0,0,0,0,0,43,0/0/CPU0,0,0,0,0,0,0,0
2020-01-21 08:27:03.231000+00:00,Cisco-IOS-XR-fib-common-oper:fib-statistics/nodes/node/drops,spine3,0,0,0,0,0,0,0,0,0,0,0,0,0,0,0,6,0/RP0/CPU0,0,0,0,0,0,0,0
2020-01-21 08:27:13.227000+00:00,Cisco-IOS-XR-fib-common-oper:fib-statistics/nodes/node/drops,spine3,0,0,0,0,0,0,0,0,0,7157,0,0,0,0,0,43,0/0/CPU0,0,0,0,0,0,0,0
2020-01-21 08:27:13.229000+00:00,Cisco-IOS-XR-fib-common-oper:fib-statistics/nodes/node/drops,spine3,0,0,0,0,0,0,0,0,0,0,0,0,0,0,0,6,0/RP0/CPU0,0,0,0,0,0,0,0
2020-01-21 08:27:23.226000+00:00,Cisco-IOS-XR-fib-common-oper:fib-statistics/nodes/node/drops,spine3,0,0,0,0,0,0,0,0,0,7157,0,0,0,0,0,43,0/0/CPU0,0,0,0,0,0,0,0
2020-01-21 08:27:23.228000+00:00,Cisco-IOS-XR-fib-common-oper:fib-statistics/nodes/node/drops,spine3,0,0,0,0,0,0,0,0,0,0,0,0,0,0,0,6,0/RP0/CPU0,0,0,0,0,0,0,0
2020-01-21 08:27:33.226000+00:00,Cisco-IOS-XR-fib-common-oper:fib-statistics/nodes/node/drops,spine3,0,0,0,0,0,0,0,0,0,7157,0,0,0,0,0,43,0/0/CPU0,0,0,0,0,0,0,0
2020-01-21 08:27:33.227000+00:00,Cisco-IOS-XR-fib-common-oper:fib-statistics/nodes/node/drops,spine3,0,0,0,0,0,0,0,0,0,0,0,0,0,0,0,6,0/RP0/CPU0,0,0,0,0,0,0,0
2020-01-21 08:27:43.228000+00:00,Cisco-IOS-XR-fib-common-oper:fib-statistics/nodes/node/drops,spine3,0,0,0,0,0,0,0,0,0,7157,0,0,0,0,0,43,0/0/CPU0,0,0,0,0,0,0,0
2020-01-21 08:27:43.231000+00:00,Cisco-IOS-XR-fib-common-oper:fib-statistics/nodes/node/drops,spine3,0,0,0,0,0,0,0,0,0,0,0,0,0,0,0,6,0/RP0/CPU0,0,0,0,0,0,0,0
2020-01-21 08:27:53.227000+00:00,Cisco-IOS-XR-fib-common-oper:fib-statistics/nodes/node/drops,spine3,0,0,0,0,0,0,0,0,0,7157,0,0,0,0,0,43,0/0/CPU0,0,0,0,0,0,0,0
2020-01-21 08:27:53.228000+00:00,Cisco-IOS-XR-fib-common-oper:fib-statistics/nodes/node/drops,spine3,0,0,0,0,0,0,0,0,0,0,0,0,0,0,0,6,0/RP0/CPU0,0,0,0,0,0,0,0
2020-01-21 08:28:03.227000+00:00,Cisco-IOS-XR-fib-common-oper:fib-statistics/nodes/node/drops,spine3,0,0,0,0,0,0,0,0,0,7157,0,0,0,0,0,43,0/0/CPU0,0,0,0,0,0,0,0
2020-01-21 08:28:03.229000+00:00,Cisco-IOS-XR-fib-common-oper:fib-statistics/nodes/node/drops,spine3,0,0,0,0,0,0,0,0,0,0,0,0,0,0,0,6,0/RP0/CPU0,0,0,0,0,0,0,0
2020-01-21 08:28:13.233000+00:00,Cisco-IOS-XR-fib-common-oper:fib-statistics/nodes/node/drops,spine3,0,0,0,0,0,0,0,0,0,7157,0,0,0,0,0,43,0/0/CPU0,0,0,0,0,0,0,0
2020-01-21 08:28:13.235000+00:00,Cisco-IOS-XR-fib-common-oper:fib-statistics/nodes/node/drops,spine3,0,0,0,0,0,0,0,0,0,0,0,0,0,0,0,6,0/RP0/CPU0,0,0,0,0,0,0,0
2020-01-21 08:28:23.229000+00:00,Cisco-IOS-XR-fib-common-oper:fib-statistics/nodes/node/drops,spine3,0,0,0,0,0,0,0,0,0,7157,0,0,0,0,0,43,0/0/CPU0,0,0,0,0,0,0,0
2020-01-21 08:28:23.230000+00:00,Cisco-IOS-XR-fib-common-oper:fib-statistics/nodes/node/drops,spine3,0,0,0,0,0,0,0,0,0,0,0,0,0,0,0,6,0/RP0/CPU0,0,0,0,0,0,0,0
2020-01-21 08:28:33.227000+00:00,Cisco-IOS-XR-fib-common-oper:fib-statistics/nodes/node/drops,spine3,0,0,0,0,0,0,0,0,0,7157,0,0,0,0,0,43,0/0/CPU0,0,0,0,0,0,0,0
2020-01-21 08:28:33.229000+00:00,Cisco-IOS-XR-fib-common-oper:fib-statistics/nodes/node/drops,spine3,0,0,0,0,0,0,0,0,0,0,0,0,0,0,0,6,0/RP0/CPU0,0,0,0,0,0,0,0
2020-01-21 08:28:43.228000+00:00,Cisco-IOS-XR-fib-common-oper:fib-statistics/nodes/node/drops,spine3,0,0,0,0,0,0,0,0,0,7157,0,0,0,0,0,43,0/0/CPU0,0,0,0,0,0,0,0
2020-01-21 08:28:43.230000+00:00,Cisco-IOS-XR-fib-common-oper:fib-statistics/nodes/node/drops,spine3,0,0,0,0,0,0,0,0,0,0,0,0,0,0,0,6,0/RP0/CPU0,0,0,0,0,0,0,0
2020-01-21 08:28:53.227000+00:00,Cisco-IOS-XR-fib-common-oper:fib-statistics/nodes/node/drops,spine3,0,0,0,0,0,0,0,0,0,7157,0,0,0,0,0,43,0/0/CPU0,0,0,0,0,0,0,0
2020-01-21 08:28:53.230000+00:00,Cisco-IOS-XR-fib-common-oper:fib-statistics/nodes/node/drops,spine3,0,0,0,0,0,0,0,0,0,0,0,0,0,0,0,6,0/RP0/CPU0,0,0,0,0,0,0,0
2020-01-21 08:29:03.228000+00:00,Cisco-IOS-XR-fib-common-oper:fib-statistics/nodes/node/drops,spine3,0,0,0,0,0,0,0,0,0,7157,0,0,0,0,0,43,0/0/CPU0,0,0,0,0,0,0,0
2020-01-21 08:29:03.231000+00:00,Cisco-IOS-XR-fib-common-oper:fib-statistics/nodes/node/drops,spine3,0,0,0,0,0,0,0,0,0,0,0,0,0,0,0,6,0/RP0/CPU0,0,0,0,0,0,0,0
2020-01-21 08:29:13.229000+00:00,Cisco-IOS-XR-fib-common-oper:fib-statistics/nodes/node/drops,spine3,0,0,0,0,0,0,0,0,0,7157,0,0,0,0,0,43,0/0/CPU0,0,0,0,0,0,0,0
2020-01-21 08:29:13.230000+00:00,Cisco-IOS-XR-fib-common-oper:fib-statistics/nodes/node/drops,spine3,0,0,0,0,0,0,0,0,0,0,0,0,0,0,0,6,0/RP0/CPU0,0,0,0,0,0,0,0
2020-01-21 08:29:23.228000+00:00,Cisco-IOS-XR-fib-common-oper:fib-statistics/nodes/node/drops,spine3,0,0,0,0,0,0,0,0,0,7157,0,0,0,0,0,43,0/0/CPU0,0,0,0,0,0,0,0
2020-01-21 08:29:23.229000+00:00,Cisco-IOS-XR-fib-common-oper:fib-statistics/nodes/node/drops,spine3,0,0,0,0,0,0,0,0,0,0,0,0,0,0,0,6,0/RP0/CPU0,0,0,0,0,0,0,0
2020-01-21 08:29:33.228000+00:00,Cisco-IOS-XR-fib-common-oper:fib-statistics/nodes/node/drops,spine3,0,0,0,0,0,0,0,0,0,7157,0,0,0,0,0,43,0/0/CPU0,0,0,0,0,0,0,0
2020-01-21 08:29:33.230000+00:00,Cisco-IOS-XR-fib-common-oper:fib-statistics/nodes/node/drops,spine3,0,0,0,0,0,0,0,0,0,0,0,0,0,0,0,6,0/RP0/CPU0,0,0,0,0,0,0,0
2020-01-21 08:29:43.230000+00:00,Cisco-IOS-XR-fib-common-oper:fib-statistics/nodes/node/drops,spine3,0,0,0,0,0,0,0,0,0,7157,0,0,0,0,0,43,0/0/CPU0,0,0,0,0,0,0,0
2020-01-21 08:29:43.232000+00:00,Cisco-IOS-XR-fib-common-oper:fib-statistics/nodes/node/drops,spine3,0,0,0,0,0,0,0,0,0,0,0,0,0,0,0,6,0/RP0/CPU0,0,0,0,0,0,0,0
2020-01-21 08:29:53.229000+00:00,Cisco-IOS-XR-fib-common-oper:fib-statistics/nodes/node/drops,spine3,0,0,0,0,0,0,0,0,0,7157,0,0,0,0,0,43,0/0/CPU0,0,0,0,0,0,0,0
2020-01-21 08:29:53.231000+00:00,Cisco-IOS-XR-fib-common-oper:fib-statistics/nodes/node/drops,spine3,0,0,0,0,0,0,0,0,0,0,0,0,0,0,0,6,0/RP0/CPU0,0,0,0,0,0,0,0
2020-01-21 08:30:03.228000+00:00,Cisco-IOS-XR-fib-common-oper:fib-statistics/nodes/node/drops,spine3,0,0,0,0,0,0,0,0,0,7157,0,0,0,0,0,43,0/0/CPU0,0,0,0,0,0,0,0
2020-01-21 08:30:03.230000+00:00,Cisco-IOS-XR-fib-common-oper:fib-statistics/nodes/node/drops,spine3,0,0,0,0,0,0,0,0,0,0,0,0,0,0,0,6,0/RP0/CPU0,0,0,0,0,0,0,0
2020-01-21 08:30:13.234000+00:00,Cisco-IOS-XR-fib-common-oper:fib-statistics/nodes/node/drops,spine3,0,0,0,0,0,0,0,0,0,7157,0,0,0,0,0,43,0/0/CPU0,0,0,0,0,0,0,0
2020-01-21 08:30:13.235000+00:00,Cisco-IOS-XR-fib-common-oper:fib-statistics/nodes/node/drops,spine3,0,0,0,0,0,0,0,0,0,0,0,0,0,0,0,6,0/RP0/CPU0,0,0,0,0,0,0,0
2020-01-21 08:30:23.229000+00:00,Cisco-IOS-XR-fib-common-oper:fib-statistics/nodes/node/drops,spine3,0,0,0,0,0,0,0,0,0,7157,0,0,0,0,0,43,0/0/CPU0,0,0,0,0,0,0,0
2020-01-21 08:30:23.231000+00:00,Cisco-IOS-XR-fib-common-oper:fib-statistics/nodes/node/drops,spine3,0,0,0,0,0,0,0,0,0,0,0,0,0,0,0,6,0/RP0/CPU0,0,0,0,0,0,0,0
2020-01-21 08:30:33.228000+00:00,Cisco-IOS-XR-fib-common-oper:fib-statistics/nodes/node/drops,spine3,0,0,0,0,0,0,0,0,0,7157,0,0,0,0,0,43,0/0/CPU0,0,0,0,0,0,0,0
2020-01-21 08:30:33.230000+00:00,Cisco-IOS-XR-fib-common-oper:fib-statistics/nodes/node/drops,spine3,0,0,0,0,0,0,0,0,0,0,0,0,0,0,0,6,0/RP0/CPU0,0,0,0,0,0,0,0
2020-01-21 08:30:43.232000+00:00,Cisco-IOS-XR-fib-common-oper:fib-statistics/nodes/node/drops,spine3,0,0,0,0,0,0,0,0,0,7157,0,0,0,0,0,43,0/0/CPU0,0,0,0,0,0,0,0
2020-01-21 08:30:43.233000+00:00,Cisco-IOS-XR-fib-common-oper:fib-statistics/nodes/node/drops,spine3,0,0,0,0,0,0,0,0,0,0,0,0,0,0,0,6,0/RP0/CPU0,0,0,0,0,0,0,0
2020-01-21 08:30:53.229000+00:00,Cisco-IOS-XR-fib-common-oper:fib-statistics/nodes/node/drops,spine3,0,0,0,0,0,0,0,0,0,7157,0,0,0,0,0,43,0/0/CPU0,0,0,0,0,0,0,0
2020-01-21 08:30:53.231000+00:00,Cisco-IOS-XR-fib-common-oper:fib-statistics/nodes/node/drops,spine3,0,0,0,0,0,0,0,0,0,0,0,0,0,0,0,6,0/RP0/CPU0,0,0,0,0,0,0,0
2020-01-21 08:31:03.231000+00:00,Cisco-IOS-XR-fib-common-oper:fib-statistics/nodes/node/drops,spine3,0,0,0,0,0,0,0,0,0,7157,0,0,0,0,0,43,0/0/CPU0,0,0,0,0,0,0,0
2020-01-21 08:31:03.233000+00:00,Cisco-IOS-XR-fib-common-oper:fib-statistics/nodes/node/drops,spine3,0,0,0,0,0,0,0,0,0,0,0,0,0,0,0,6,0/RP0/CPU0,0,0,0,0,0,0,0
2020-01-21 08:31:13.233000+00:00,Cisco-IOS-XR-fib-common-oper:fib-statistics/nodes/node/drops,spine3,0,0,0,0,0,0,0,0,0,7157,0,0,0,0,0,43,0/0/CPU0,0,0,0,0,0,0,0
2020-01-21 08:31:13.235000+00:00,Cisco-IOS-XR-fib-common-oper:fib-statistics/nodes/node/drops,spine3,0,0,0,0,0,0,0,0,0,0,0,0,0,0,0,6,0/RP0/CPU0,0,0,0,0,0,0,0
2020-01-21 08:31:23.235000+00:00,Cisco-IOS-XR-fib-common-oper:fib-statistics/nodes/node/drops,spine3,0,0,0,0,0,0,0,0,0,7157,0,0,0,0,0,43,0/0/CPU0,0,0,0,0,0,0,0
2020-01-21 08:31:23.251000+00:00,Cisco-IOS-XR-fib-common-oper:fib-statistics/nodes/node/drops,spine3,0,0,0,0,0,0,0,0,0,0,0,0,0,0,0,6,0/RP0/CPU0,0,0,0,0,0,0,0
2020-01-21 08:31:33.230000+00:00,Cisco-IOS-XR-fib-common-oper:fib-statistics/nodes/node/drops,spine3,0,0,0,0,0,0,0,0,0,7157,0,0,0,0,0,43,0/0/CPU0,0,0,0,0,0,0,0
2020-01-21 08:31:33.231000+00:00,Cisco-IOS-XR-fib-common-oper:fib-statistics/nodes/node/drops,spine3,0,0,0,0,0,0,0,0,0,0,0,0,0,0,0,6,0/RP0/CPU0,0,0,0,0,0,0,0
2020-01-21 08:31:43.231000+00:00,Cisco-IOS-XR-fib-common-oper:fib-statistics/nodes/node/drops,spine3,0,0,0,0,0,0,0,0,0,7157,0,0,0,0,0,43,0/0/CPU0,0,0,0,0,0,0,0
2020-01-21 08:31:43.233000+00:00,Cisco-IOS-XR-fib-common-oper:fib-statistics/nodes/node/drops,spine3,0,0,0,0,0,0,0,0,0,0,0,0,0,0,0,6,0/RP0/CPU0,0,0,0,0,0,0,0
2020-01-21 08:31:53.231000+00:00,Cisco-IOS-XR-fib-common-oper:fib-statistics/nodes/node/drops,spine3,0,0,0,0,0,0,0,0,0,7157,0,0,0,0,0,43,0/0/CPU0,0,0,0,0,0,0,0
2020-01-21 08:31:53.233000+00:00,Cisco-IOS-XR-fib-common-oper:fib-statistics/nodes/node/drops,spine3,0,0,0,0,0,0,0,0,0,0,0,0,0,0,0,6,0/RP0/CPU0,0,0,0,0,0,0,0
2020-01-21 08:32:03.231000+00:00,Cisco-IOS-XR-fib-common-oper:fib-statistics/nodes/node/drops,spine3,0,0,0,0,0,0,0,0,0,7157,0,0,0,0,0,43,0/0/CPU0,0,0,0,0,0,0,0
2020-01-21 08:32:03.233000+00:00,Cisco-IOS-XR-fib-common-oper:fib-statistics/nodes/node/drops,spine3,0,0,0,0,0,0,0,0,0,0,0,0,0,0,0,6,0/RP0/CPU0,0,0,0,0,0,0,0
2020-01-21 08:32:13.237000+00:00,Cisco-IOS-XR-fib-common-oper:fib-statistics/nodes/node/drops,spine3,0,0,0,0,0,0,0,0,0,7157,0,0,0,0,0,43,0/0/CPU0,0,0,0,0,0,0,0
2020-01-21 08:32:13.239000+00:00,Cisco-IOS-XR-fib-common-oper:fib-statistics/nodes/node/drops,spine3,0,0,0,0,0,0,0,0,0,0,0,0,0,0,0,6,0/RP0/CPU0,0,0,0,0,0,0,0
2020-01-21 08:32:23.231000+00:00,Cisco-IOS-XR-fib-common-oper:fib-statistics/nodes/node/drops,spine3,0,0,0,0,0,0,0,0,0,7157,0,0,0,0,0,43,0/0/CPU0,0,0,0,0,0,0,0
2020-01-21 08:32:23.232000+00:00,Cisco-IOS-XR-fib-common-oper:fib-statistics/nodes/node/drops,spine3,0,0,0,0,0,0,0,0,0,0,0,0,0,0,0,6,0/RP0/CPU0,0,0,0,0,0,0,0
2020-01-21 08:32:33.231000+00:00,Cisco-IOS-XR-fib-common-oper:fib-statistics/nodes/node/drops,spine3,0,0,0,0,0,0,0,0,0,7157,0,0,0,0,0,43,0/0/CPU0,0,0,0,0,0,0,0
2020-01-21 08:32:33.232000+00:00,Cisco-IOS-XR-fib-common-oper:fib-statistics/nodes/node/drops,spine3,0,0,0,0,0,0,0,0,0,0,0,0,0,0,0,6,0/RP0/CPU0,0,0,0,0,0,0,0
2020-01-21 08:32:43.231000+00:00,Cisco-IOS-XR-fib-common-oper:fib-statistics/nodes/node/drops,spine3,0,0,0,0,0,0,0,0,0,7157,0,0,0,0,0,43,0/0/CPU0,0,0,0,0,0,0,0
2020-01-21 08:32:43.232000+00:00,Cisco-IOS-XR-fib-common-oper:fib-statistics/nodes/node/drops,spine3,0,0,0,0,0,0,0,0,0,0,0,0,0,0,0,6,0/RP0/CPU0,0,0,0,0,0,0,0
2020-01-21 08:32:53.232000+00:00,Cisco-IOS-XR-fib-common-oper:fib-statistics/nodes/node/drops,spine3,0,0,0,0,0,0,0,0,0,7157,0,0,0,0,0,43,0/0/CPU0,0,0,0,0,0,0,0
2020-01-21 08:32:53.233000+00:00,Cisco-IOS-XR-fib-common-oper:fib-statistics/nodes/node/drops,spine3,0,0,0,0,0,0,0,0,0,0,0,0,0,0,0,6,0/RP0/CPU0,0,0,0,0,0,0,0
2020-01-21 08:33:03.231000+00:00,Cisco-IOS-XR-fib-common-oper:fib-statistics/nodes/node/drops,spine3,0,0,0,0,0,0,0,0,0,7157,0,0,0,0,0,43,0/0/CPU0,0,0,0,0,0,0,0
2020-01-21 08:33:03.235000+00:00,Cisco-IOS-XR-fib-common-oper:fib-statistics/nodes/node/drops,spine3,0,0,0,0,0,0,0,0,0,0,0,0,0,0,0,6,0/RP0/CPU0,0,0,0,0,0,0,0
2020-01-21 08:33:13.230000+00:00,Cisco-IOS-XR-fib-common-oper:fib-statistics/nodes/node/drops,spine3,0,0,0,0,0,0,0,0,0,7157,0,0,0,0,0,43,0/0/CPU0,0,0,0,0,0,0,0
2020-01-21 08:33:13.232000+00:00,Cisco-IOS-XR-fib-common-oper:fib-statistics/nodes/node/drops,spine3,0,0,0,0,0,0,0,0,0,0,0,0,0,0,0,6,0/RP0/CPU0,0,0,0,0,0,0,0
2020-01-21 08:33:23.232000+00:00,Cisco-IOS-XR-fib-common-oper:fib-statistics/nodes/node/drops,spine3,0,0,0,0,0,0,0,0,0,7157,0,0,0,0,0,43,0/0/CPU0,0,0,0,0,0,0,0
2020-01-21 08:33:23.234000+00:00,Cisco-IOS-XR-fib-common-oper:fib-statistics/nodes/node/drops,spine3,0,0,0,0,0,0,0,0,0,0,0,0,0,0,0,6,0/RP0/CPU0,0,0,0,0,0,0,0
2020-01-21 08:33:33.232000+00:00,Cisco-IOS-XR-fib-common-oper:fib-statistics/nodes/node/drops,spine3,0,0,0,0,0,0,0,0,0,7157,0,0,0,0,0,43,0/0/CPU0,0,0,0,0,0,0,0
2020-01-21 08:33:33.234000+00:00,Cisco-IOS-XR-fib-common-oper:fib-statistics/nodes/node/drops,spine3,0,0,0,0,0,0,0,0,0,0,0,0,0,0,0,6,0/RP0/CPU0,0,0,0,0,0,0,0
2020-01-21 08:33:43.231000+00:00,Cisco-IOS-XR-fib-common-oper:fib-statistics/nodes/node/drops,spine3,0,0,0,0,0,0,0,0,0,7157,0,0,0,0,0,43,0/0/CPU0,0,0,0,0,0,0,0
2020-01-21 08:33:43.233000+00:00,Cisco-IOS-XR-fib-common-oper:fib-statistics/nodes/node/drops,spine3,0,0,0,0,0,0,0,0,0,0,0,0,0,0,0,6,0/RP0/CPU0,0,0,0,0,0,0,0
2020-01-21 08:33:53.242000+00:00,Cisco-IOS-XR-fib-common-oper:fib-statistics/nodes/node/drops,spine3,0,0,0,0,0,0,0,0,0,7157,0,0,0,0,0,43,0/0/CPU0,0,0,0,0,0,0,0
2020-01-21 08:33:53.245000+00:00,Cisco-IOS-XR-fib-common-oper:fib-statistics/nodes/node/drops,spine3,0,0,0,0,0,0,0,0,0,0,0,0,0,0,0,6,0/RP0/CPU0,0,0,0,0,0,0,0
2020-01-21 08:34:03.232000+00:00,Cisco-IOS-XR-fib-common-oper:fib-statistics/nodes/node/drops,spine3,0,0,0,0,0,0,0,0,0,7157,0,0,0,0,0,43,0/0/CPU0,0,0,0,0,0,0,0
2020-01-21 08:34:03.233000+00:00,Cisco-IOS-XR-fib-common-oper:fib-statistics/nodes/node/drops,spine3,0,0,0,0,0,0,0,0,0,0,0,0,0,0,0,6,0/RP0/CPU0,0,0,0,0,0,0,0
2020-01-21 08:34:13.232000+00:00,Cisco-IOS-XR-fib-common-oper:fib-statistics/nodes/node/drops,spine3,0,0,0,0,0,0,0,0,0,7157,0,0,0,0,0,43,0/0/CPU0,0,0,0,0,0,0,0
2020-01-21 08:34:13.233000+00:00,Cisco-IOS-XR-fib-common-oper:fib-statistics/nodes/node/drops,spine3,0,0,0,0,0,0,0,0,0,0,0,0,0,0,0,6,0/RP0/CPU0,0,0,0,0,0,0,0
2020-01-21 08:34:23.235000+00:00,Cisco-IOS-XR-fib-common-oper:fib-statistics/nodes/node/drops,spine3,0,0,0,0,0,0,0,0,0,7157,0,0,0,0,0,43,0/0/CPU0,0,0,0,0,0,0,0
2020-01-21 08:34:23.236000+00:00,Cisco-IOS-XR-fib-common-oper:fib-statistics/nodes/node/drops,spine3,0,0,0,0,0,0,0,0,0,0,0,0,0,0,0,6,0/RP0/CPU0,0,0,0,0,0,0,0
2020-01-21 08:34:33.233000+00:00,Cisco-IOS-XR-fib-common-oper:fib-statistics/nodes/node/drops,spine3,0,0,0,0,0,0,0,0,0,7157,0,0,0,0,0,43,0/0/CPU0,0,0,0,0,0,0,0
2020-01-21 08:34:33.235000+00:00,Cisco-IOS-XR-fib-common-oper:fib-statistics/nodes/node/drops,spine3,0,0,0,0,0,0,0,0,0,0,0,0,0,0,0,6,0/RP0/CPU0,0,0,0,0,0,0,0
2020-01-21 08:34:43.233000+00:00,Cisco-IOS-XR-fib-common-oper:fib-statistics/nodes/node/drops,spine3,0,0,0,0,0,0,0,0,0,7157,0,0,0,0,0,43,0/0/CPU0,0,0,0,0,0,0,0
2020-01-21 08:34:43.234000+00:00,Cisco-IOS-XR-fib-common-oper:fib-statistics/nodes/node/drops,spine3,0,0,0,0,0,0,0,0,0,0,0,0,0,0,0,6,0/RP0/CPU0,0,0,0,0,0,0,0
2020-01-21 08:34:53.234000+00:00,Cisco-IOS-XR-fib-common-oper:fib-statistics/nodes/node/drops,spine3,0,0,0,0,0,0,0,0,0,7157,0,0,0,0,0,43,0/0/CPU0,0,0,0,0,0,0,0
2020-01-21 08:34:53.236000+00:00,Cisco-IOS-XR-fib-common-oper:fib-statistics/nodes/node/drops,spine3,0,0,0,0,0,0,0,0,0,0,0,0,0,0,0,6,0/RP0/CPU0,0,0,0,0,0,0,0
2020-01-21 08:35:03.233000+00:00,Cisco-IOS-XR-fib-common-oper:fib-statistics/nodes/node/drops,spine3,0,0,0,0,0,0,0,0,0,7157,0,0,0,0,0,43,0/0/CPU0,0,0,0,0,0,0,0
2020-01-21 08:35:03.234000+00:00,Cisco-IOS-XR-fib-common-oper:fib-statistics/nodes/node/drops,spine3,0,0,0,0,0,0,0,0,0,0,0,0,0,0,0,6,0/RP0/CPU0,0,0,0,0,0,0,0
