,EncodingPath,Producer,active-routes-count,af-name,as,backup-routes-count,deleted-routes-count,paths-count,protocol-route-memory,route-table-name,routes-counts,saf-name,vrf-name
2020-01-21 08:05:07.043000+00:00,Cisco-IOS-XR-ip-rib-ipv4-oper:rib/vrfs/vrf/afs/af/safs/saf/ip-rib-route-table-names/ip-rib-route-table-name/protocol/bgp/as/information,spine3,210,IPv4,65013,0,0,1640,212240,default,210,Unicast,default
2020-01-21 08:05:13.624000+00:00,Cisco-IOS-XR-ip-rib-ipv4-oper:rib/vrfs/vrf/afs/af/safs/saf/ip-rib-route-table-names/ip-rib-route-table-name/protocol/bgp/as/information,spine3,210,IPv4,65013,0,0,1640,212240,default,210,Unicast,default
2020-01-21 08:05:23.636000+00:00,Cisco-IOS-XR-ip-rib-ipv4-oper:rib/vrfs/vrf/afs/af/safs/saf/ip-rib-route-table-names/ip-rib-route-table-name/protocol/bgp/as/information,spine3,211,IPv4,65013,0,0,1648,213272,default,211,Unicast,default
2020-01-21 08:05:33.629000+00:00,Cisco-IOS-XR-ip-rib-ipv4-oper:rib/vrfs/vrf/afs/af/safs/saf/ip-rib-route-table-names/ip-rib-route-table-name/protocol/bgp/as/information,spine3,211,IPv4,65013,0,0,1648,213272,default,211,Unicast,default
2020-01-21 08:05:43.968000+00:00,Cisco-IOS-XR-ip-rib-ipv4-oper:rib/vrfs/vrf/afs/af/safs/saf/ip-rib-route-table-names/ip-rib-route-table-name/protocol/bgp/as/information,spine3,211,IPv4,65013,0,0,1648,213272,default,211,Unicast,default
2020-01-21 08:05:53.794000+00:00,Cisco-IOS-XR-ip-rib-ipv4-oper:rib/vrfs/vrf/afs/af/safs/saf/ip-rib-route-table-names/ip-rib-route-table-name/protocol/bgp/as/information,spine3,211,IPv4,65013,0,0,1648,213272,default,211,Unicast,default
2020-01-21 08:06:03.618000+00:00,Cisco-IOS-XR-ip-rib-ipv4-oper:rib/vrfs/vrf/afs/af/safs/saf/ip-rib-route-table-names/ip-rib-route-table-name/protocol/bgp/as/information,spine3,211,IPv4,65013,0,0,1648,213272,default,211,Unicast,default
2020-01-21 08:06:13.609000+00:00,Cisco-IOS-XR-ip-rib-ipv4-oper:rib/vrfs/vrf/afs/af/safs/saf/ip-rib-route-table-names/ip-rib-route-table-name/protocol/bgp/as/information,spine3,211,IPv4,65013,0,0,1648,213272,default,211,Unicast,default
2020-01-21 08:06:23.609000+00:00,Cisco-IOS-XR-ip-rib-ipv4-oper:rib/vrfs/vrf/afs/af/safs/saf/ip-rib-route-table-names/ip-rib-route-table-name/protocol/bgp/as/information,spine3,211,IPv4,65013,0,0,1664,215064,default,211,Unicast,default
2020-01-21 08:06:33.593000+00:00,Cisco-IOS-XR-ip-rib-ipv4-oper:rib/vrfs/vrf/afs/af/safs/saf/ip-rib-route-table-names/ip-rib-route-table-name/protocol/bgp/as/information,spine3,211,IPv4,65013,0,0,1664,215064,default,211,Unicast,default
2020-01-21 08:06:43.610000+00:00,Cisco-IOS-XR-ip-rib-ipv4-oper:rib/vrfs/vrf/afs/af/safs/saf/ip-rib-route-table-names/ip-rib-route-table-name/protocol/bgp/as/information,spine3,211,IPv4,65013,0,0,1664,215064,default,211,Unicast,default
2020-01-21 08:06:53.625000+00:00,Cisco-IOS-XR-ip-rib-ipv4-oper:rib/vrfs/vrf/afs/af/safs/saf/ip-rib-route-table-names/ip-rib-route-table-name/protocol/bgp/as/information,spine3,211,IPv4,65013,0,0,1648,213272,default,211,Unicast,default
2020-01-21 08:07:03.634000+00:00,Cisco-IOS-XR-ip-rib-ipv4-oper:rib/vrfs/vrf/afs/af/safs/saf/ip-rib-route-table-names/ip-rib-route-table-name/protocol/bgp/as/information,spine3,211,IPv4,65013,0,0,1648,213272,default,211,Unicast,default
2020-01-21 08:07:13.614000+00:00,Cisco-IOS-XR-ip-rib-ipv4-oper:rib/vrfs/vrf/afs/af/safs/saf/ip-rib-route-table-names/ip-rib-route-table-name/protocol/bgp/as/information,spine3,211,IPv4,65013,0,0,1648,213272,default,211,Unicast,default
2020-01-21 08:07:23.589000+00:00,Cisco-IOS-XR-ip-rib-ipv4-oper:rib/vrfs/vrf/afs/af/safs/saf/ip-rib-route-table-names/ip-rib-route-table-name/protocol/bgp/as/information,spine3,211,IPv4,65013,0,0,1648,213272,default,211,Unicast,default
2020-01-21 08:07:33.617000+00:00,Cisco-IOS-XR-ip-rib-ipv4-oper:rib/vrfs/vrf/afs/af/safs/saf/ip-rib-route-table-names/ip-rib-route-table-name/protocol/bgp/as/information,spine3,211,IPv4,65013,0,0,1648,213272,default,211,Unicast,default
2020-01-21 08:07:43.590000+00:00,Cisco-IOS-XR-ip-rib-ipv4-oper:rib/vrfs/vrf/afs/af/safs/saf/ip-rib-route-table-names/ip-rib-route-table-name/protocol/bgp/as/information,spine3,211,IPv4,65013,0,0,1648,213272,default,211,Unicast,default
2020-01-21 08:07:53.607000+00:00,Cisco-IOS-XR-ip-rib-ipv4-oper:rib/vrfs/vrf/afs/af/safs/saf/ip-rib-route-table-names/ip-rib-route-table-name/protocol/bgp/as/information,spine3,211,IPv4,65013,0,0,1648,213272,default,211,Unicast,default
2020-01-21 08:08:03.631000+00:00,Cisco-IOS-XR-ip-rib-ipv4-oper:rib/vrfs/vrf/afs/af/safs/saf/ip-rib-route-table-names/ip-rib-route-table-name/protocol/bgp/as/information,spine3,211,IPv4,65013,0,0,1648,213272,default,211,Unicast,default
2020-01-21 08:08:13.605000+00:00,Cisco-IOS-XR-ip-rib-ipv4-oper:rib/vrfs/vrf/afs/af/safs/saf/ip-rib-route-table-names/ip-rib-route-table-name/protocol/bgp/as/information,spine3,211,IPv4,65013,0,0,1648,213272,default,211,Unicast,default
2020-01-21 08:08:23.679000+00:00,Cisco-IOS-XR-ip-rib-ipv4-oper:rib/vrfs/vrf/afs/af/safs/saf/ip-rib-route-table-names/ip-rib-route-table-name/protocol/bgp/as/information,spine3,211,IPv4,65013,0,0,1648,213272,default,211,Unicast,default
2020-01-21 08:08:33.577000+00:00,Cisco-IOS-XR-ip-rib-ipv4-oper:rib/vrfs/vrf/afs/af/safs/saf/ip-rib-route-table-names/ip-rib-route-table-name/protocol/bgp/as/information,spine3,211,IPv4,65013,0,0,1648,213272,default,211,Unicast,default
2020-01-21 08:08:43.602000+00:00,Cisco-IOS-XR-ip-rib-ipv4-oper:rib/vrfs/vrf/afs/af/safs/saf/ip-rib-route-table-names/ip-rib-route-table-name/protocol/bgp/as/information,spine3,211,IPv4,65013,0,0,1648,213272,default,211,Unicast,default
2020-01-21 08:08:53.573000+00:00,Cisco-IOS-XR-ip-rib-ipv4-oper:rib/vrfs/vrf/afs/af/safs/saf/ip-rib-route-table-names/ip-rib-route-table-name/protocol/bgp/as/information,spine3,211,IPv4,65013,0,0,1652,213720,default,211,Unicast,default
2020-01-21 08:09:03.589000+00:00,Cisco-IOS-XR-ip-rib-ipv4-oper:rib/vrfs/vrf/afs/af/safs/saf/ip-rib-route-table-names/ip-rib-route-table-name/protocol/bgp/as/information,spine3,211,IPv4,65013,0,0,1652,213720,default,211,Unicast,default
2020-01-21 08:09:13.592000+00:00,Cisco-IOS-XR-ip-rib-ipv4-oper:rib/vrfs/vrf/afs/af/safs/saf/ip-rib-route-table-names/ip-rib-route-table-name/protocol/bgp/as/information,spine3,211,IPv4,65013,0,0,1652,213720,default,211,Unicast,default
2020-01-21 08:09:23.579000+00:00,Cisco-IOS-XR-ip-rib-ipv4-oper:rib/vrfs/vrf/afs/af/safs/saf/ip-rib-route-table-names/ip-rib-route-table-name/protocol/bgp/as/information,spine3,211,IPv4,65013,0,0,1656,214168,default,211,Unicast,default
2020-01-21 08:09:33.603000+00:00,Cisco-IOS-XR-ip-rib-ipv4-oper:rib/vrfs/vrf/afs/af/safs/saf/ip-rib-route-table-names/ip-rib-route-table-name/protocol/bgp/as/information,spine3,211,IPv4,65013,0,0,1656,214168,default,211,Unicast,default
2020-01-21 08:09:43.688000+00:00,Cisco-IOS-XR-ip-rib-ipv4-oper:rib/vrfs/vrf/afs/af/safs/saf/ip-rib-route-table-names/ip-rib-route-table-name/protocol/bgp/as/information,spine3,211,IPv4,65013,0,0,1656,214168,default,211,Unicast,default
2020-01-21 08:09:53.761000+00:00,Cisco-IOS-XR-ip-rib-ipv4-oper:rib/vrfs/vrf/afs/af/safs/saf/ip-rib-route-table-names/ip-rib-route-table-name/protocol/bgp/as/information,spine3,211,IPv4,65013,0,0,1672,215960,default,211,Unicast,default
2020-01-21 08:10:03.623000+00:00,Cisco-IOS-XR-ip-rib-ipv4-oper:rib/vrfs/vrf/afs/af/safs/saf/ip-rib-route-table-names/ip-rib-route-table-name/protocol/bgp/as/information,spine3,211,IPv4,65013,0,0,1672,215960,default,211,Unicast,default
2020-01-21 08:10:13.663000+00:00,Cisco-IOS-XR-ip-rib-ipv4-oper:rib/vrfs/vrf/afs/af/safs/saf/ip-rib-route-table-names/ip-rib-route-table-name/protocol/bgp/as/information,spine3,211,IPv4,65013,0,0,1672,215960,default,211,Unicast,default
2020-01-21 08:10:23.623000+00:00,Cisco-IOS-XR-ip-rib-ipv4-oper:rib/vrfs/vrf/afs/af/safs/saf/ip-rib-route-table-names/ip-rib-route-table-name/protocol/bgp/as/information,spine3,211,IPv4,65013,0,0,1652,213720,default,211,Unicast,default
2020-01-21 08:10:33.585000+00:00,Cisco-IOS-XR-ip-rib-ipv4-oper:rib/vrfs/vrf/afs/af/safs/saf/ip-rib-route-table-names/ip-rib-route-table-name/protocol/bgp/as/information,spine3,211,IPv4,65013,0,0,1652,213720,default,211,Unicast,default
2020-01-21 08:10:43.619000+00:00,Cisco-IOS-XR-ip-rib-ipv4-oper:rib/vrfs/vrf/afs/af/safs/saf/ip-rib-route-table-names/ip-rib-route-table-name/protocol/bgp/as/information,spine3,211,IPv4,65013,0,0,1652,213720,default,211,Unicast,default
2020-01-21 08:10:53.607000+00:00,Cisco-IOS-XR-ip-rib-ipv4-oper:rib/vrfs/vrf/afs/af/safs/saf/ip-rib-route-table-names/ip-rib-route-table-name/protocol/bgp/as/information,spine3,211,IPv4,65013,0,0,1672,215960,default,211,Unicast,default
2020-01-21 08:11:03.691000+00:00,Cisco-IOS-XR-ip-rib-ipv4-oper:rib/vrfs/vrf/afs/af/safs/saf/ip-rib-route-table-names/ip-rib-route-table-name/protocol/bgp/as/information,spine3,211,IPv4,65013,0,0,1672,215960,default,211,Unicast,default
2020-01-21 08:11:13.653000+00:00,Cisco-IOS-XR-ip-rib-ipv4-oper:rib/vrfs/vrf/afs/af/safs/saf/ip-rib-route-table-names/ip-rib-route-table-name/protocol/bgp/as/information,spine3,211,IPv4,65013,0,0,1672,215960,default,211,Unicast,default
2020-01-21 08:11:23.606000+00:00,Cisco-IOS-XR-ip-rib-ipv4-oper:rib/vrfs/vrf/afs/af/safs/saf/ip-rib-route-table-names/ip-rib-route-table-name/protocol/bgp/as/information,spine3,211,IPv4,65013,0,0,1664,215064,default,211,Unicast,default
2020-01-21 08:11:33.581000+00:00,Cisco-IOS-XR-ip-rib-ipv4-oper:rib/vrfs/vrf/afs/af/safs/saf/ip-rib-route-table-names/ip-rib-route-table-name/protocol/bgp/as/information,spine3,211,IPv4,65013,0,0,1664,215064,default,211,Unicast,default
2020-01-21 08:11:43.593000+00:00,Cisco-IOS-XR-ip-rib-ipv4-oper:rib/vrfs/vrf/afs/af/safs/saf/ip-rib-route-table-names/ip-rib-route-table-name/protocol/bgp/as/information,spine3,211,IPv4,65013,0,0,1664,215064,default,211,Unicast,default
2020-01-21 08:11:53.595000+00:00,Cisco-IOS-XR-ip-rib-ipv4-oper:rib/vrfs/vrf/afs/af/safs/saf/ip-rib-route-table-names/ip-rib-route-table-name/protocol/bgp/as/information,spine3,211,IPv4,65013,0,0,1648,213272,default,211,Unicast,default
2020-01-21 08:12:03.639000+00:00,Cisco-IOS-XR-ip-rib-ipv4-oper:rib/vrfs/vrf/afs/af/safs/saf/ip-rib-route-table-names/ip-rib-route-table-name/protocol/bgp/as/information,spine3,211,IPv4,65013,0,0,1648,213272,default,211,Unicast,default
2020-01-21 08:12:13.612000+00:00,Cisco-IOS-XR-ip-rib-ipv4-oper:rib/vrfs/vrf/afs/af/safs/saf/ip-rib-route-table-names/ip-rib-route-table-name/protocol/bgp/as/information,spine3,211,IPv4,65013,0,0,1648,213272,default,211,Unicast,default
2020-01-21 08:12:23.581000+00:00,Cisco-IOS-XR-ip-rib-ipv4-oper:rib/vrfs/vrf/afs/af/safs/saf/ip-rib-route-table-names/ip-rib-route-table-name/protocol/bgp/as/information,spine3,211,IPv4,65013,0,0,1648,213272,default,211,Unicast,default
2020-01-21 08:12:33.582000+00:00,Cisco-IOS-XR-ip-rib-ipv4-oper:rib/vrfs/vrf/afs/af/safs/saf/ip-rib-route-table-names/ip-rib-route-table-name/protocol/bgp/as/information,spine3,211,IPv4,65013,0,0,1676,216408,default,211,Unicast,default
2020-01-21 08:12:43.601000+00:00,Cisco-IOS-XR-ip-rib-ipv4-oper:rib/vrfs/vrf/afs/af/safs/saf/ip-rib-route-table-names/ip-rib-route-table-name/protocol/bgp/as/information,spine3,211,IPv4,65013,0,0,1676,216408,default,211,Unicast,default
2020-01-21 08:12:53.593000+00:00,Cisco-IOS-XR-ip-rib-ipv4-oper:rib/vrfs/vrf/afs/af/safs/saf/ip-rib-route-table-names/ip-rib-route-table-name/protocol/bgp/as/information,spine3,211,IPv4,65013,0,0,1648,213272,default,211,Unicast,default
2020-01-21 08:13:03.620000+00:00,Cisco-IOS-XR-ip-rib-ipv4-oper:rib/vrfs/vrf/afs/af/safs/saf/ip-rib-route-table-names/ip-rib-route-table-name/protocol/bgp/as/information,spine3,211,IPv4,65013,0,0,1672,215960,default,211,Unicast,default
2020-01-21 08:13:13.597000+00:00,Cisco-IOS-XR-ip-rib-ipv4-oper:rib/vrfs/vrf/afs/af/safs/saf/ip-rib-route-table-names/ip-rib-route-table-name/protocol/bgp/as/information,spine3,211,IPv4,65013,0,0,1672,215960,default,211,Unicast,default
2020-01-21 08:13:23.624000+00:00,Cisco-IOS-XR-ip-rib-ipv4-oper:rib/vrfs/vrf/afs/af/safs/saf/ip-rib-route-table-names/ip-rib-route-table-name/protocol/bgp/as/information,spine3,211,IPv4,65013,0,0,1676,216408,default,211,Unicast,default
2020-01-21 08:13:33.599000+00:00,Cisco-IOS-XR-ip-rib-ipv4-oper:rib/vrfs/vrf/afs/af/safs/saf/ip-rib-route-table-names/ip-rib-route-table-name/protocol/bgp/as/information,spine3,211,IPv4,65013,0,0,1672,215960,default,211,Unicast,default
2020-01-21 08:13:43.607000+00:00,Cisco-IOS-XR-ip-rib-ipv4-oper:rib/vrfs/vrf/afs/af/safs/saf/ip-rib-route-table-names/ip-rib-route-table-name/protocol/bgp/as/information,spine3,211,IPv4,65013,0,0,1672,215960,default,211,Unicast,default
2020-01-21 08:13:53.593000+00:00,Cisco-IOS-XR-ip-rib-ipv4-oper:rib/vrfs/vrf/afs/af/safs/saf/ip-rib-route-table-names/ip-rib-route-table-name/protocol/bgp/as/information,spine3,211,IPv4,65013,0,0,1676,216408,default,211,Unicast,default
2020-01-21 08:14:03.732000+00:00,Cisco-IOS-XR-ip-rib-ipv4-oper:rib/vrfs/vrf/afs/af/safs/saf/ip-rib-route-table-names/ip-rib-route-table-name/protocol/bgp/as/information,spine3,211,IPv4,65013,0,0,1672,215960,default,211,Unicast,default
2020-01-21 08:14:13.587000+00:00,Cisco-IOS-XR-ip-rib-ipv4-oper:rib/vrfs/vrf/afs/af/safs/saf/ip-rib-route-table-names/ip-rib-route-table-name/protocol/bgp/as/information,spine3,211,IPv4,65013,0,0,1672,215960,default,211,Unicast,default
2020-01-21 08:14:23.574000+00:00,Cisco-IOS-XR-ip-rib-ipv4-oper:rib/vrfs/vrf/afs/af/safs/saf/ip-rib-route-table-names/ip-rib-route-table-name/protocol/bgp/as/information,spine3,211,IPv4,65013,0,0,1668,215512,default,211,Unicast,default
2020-01-21 08:14:33.583000+00:00,Cisco-IOS-XR-ip-rib-ipv4-oper:rib/vrfs/vrf/afs/af/safs/saf/ip-rib-route-table-names/ip-rib-route-table-name/protocol/bgp/as/information,spine3,211,IPv4,65013,0,0,1664,215064,default,211,Unicast,default
2020-01-21 08:14:43.616000+00:00,Cisco-IOS-XR-ip-rib-ipv4-oper:rib/vrfs/vrf/afs/af/safs/saf/ip-rib-route-table-names/ip-rib-route-table-name/protocol/bgp/as/information,spine3,211,IPv4,65013,0,0,1664,215064,default,211,Unicast,default
2020-01-21 08:14:53.638000+00:00,Cisco-IOS-XR-ip-rib-ipv4-oper:rib/vrfs/vrf/afs/af/safs/saf/ip-rib-route-table-names/ip-rib-route-table-name/protocol/bgp/as/information,spine3,211,IPv4,65013,0,0,1668,215512,default,211,Unicast,default
2020-01-21 08:15:03.589000+00:00,Cisco-IOS-XR-ip-rib-ipv4-oper:rib/vrfs/vrf/afs/af/safs/saf/ip-rib-route-table-names/ip-rib-route-table-name/protocol/bgp/as/information,spine3,211,IPv4,65013,0,0,1664,215064,default,211,Unicast,default
2020-01-21 08:15:13.613000+00:00,Cisco-IOS-XR-ip-rib-ipv4-oper:rib/vrfs/vrf/afs/af/safs/saf/ip-rib-route-table-names/ip-rib-route-table-name/protocol/bgp/as/information,spine3,211,IPv4,65013,0,0,1664,215064,default,211,Unicast,default
2020-01-21 08:15:23.611000+00:00,Cisco-IOS-XR-ip-rib-ipv4-oper:rib/vrfs/vrf/afs/af/safs/saf/ip-rib-route-table-names/ip-rib-route-table-name/protocol/bgp/as/information,spine3,211,IPv4,65013,0,0,1664,215064,default,211,Unicast,default
2020-01-21 08:15:33.582000+00:00,Cisco-IOS-XR-ip-rib-ipv4-oper:rib/vrfs/vrf/afs/af/safs/saf/ip-rib-route-table-names/ip-rib-route-table-name/protocol/bgp/as/information,spine3,211,IPv4,65013,0,0,1660,214616,default,211,Unicast,default
2020-01-21 08:15:43.595000+00:00,Cisco-IOS-XR-ip-rib-ipv4-oper:rib/vrfs/vrf/afs/af/safs/saf/ip-rib-route-table-names/ip-rib-route-table-name/protocol/bgp/as/information,spine3,211,IPv4,65013,0,0,1660,214616,default,211,Unicast,default
2020-01-21 08:15:53.577000+00:00,Cisco-IOS-XR-ip-rib-ipv4-oper:rib/vrfs/vrf/afs/af/safs/saf/ip-rib-route-table-names/ip-rib-route-table-name/protocol/bgp/as/information,spine3,211,IPv4,65013,0,0,1652,213720,default,211,Unicast,default
2020-01-21 08:16:03.597000+00:00,Cisco-IOS-XR-ip-rib-ipv4-oper:rib/vrfs/vrf/afs/af/safs/saf/ip-rib-route-table-names/ip-rib-route-table-name/protocol/bgp/as/information,spine3,211,IPv4,65013,0,0,1648,213272,default,211,Unicast,default
2020-01-21 08:16:13.877000+00:00,Cisco-IOS-XR-ip-rib-ipv4-oper:rib/vrfs/vrf/afs/af/safs/saf/ip-rib-route-table-names/ip-rib-route-table-name/protocol/bgp/as/information,spine3,211,IPv4,65013,0,0,1648,213272,default,211,Unicast,default
2020-01-21 08:16:23.581000+00:00,Cisco-IOS-XR-ip-rib-ipv4-oper:rib/vrfs/vrf/afs/af/safs/saf/ip-rib-route-table-names/ip-rib-route-table-name/protocol/bgp/as/information,spine3,211,IPv4,65013,0,0,1652,213720,default,211,Unicast,default
2020-01-21 08:16:33.598000+00:00,Cisco-IOS-XR-ip-rib-ipv4-oper:rib/vrfs/vrf/afs/af/safs/saf/ip-rib-route-table-names/ip-rib-route-table-name/protocol/bgp/as/information,spine3,211,IPv4,65013,0,0,1648,213272,default,211,Unicast,default
2020-01-21 08:16:43.609000+00:00,Cisco-IOS-XR-ip-rib-ipv4-oper:rib/vrfs/vrf/afs/af/safs/saf/ip-rib-route-table-names/ip-rib-route-table-name/protocol/bgp/as/information,spine3,211,IPv4,65013,0,0,1648,213272,default,211,Unicast,default
2020-01-21 08:16:53.588000+00:00,Cisco-IOS-XR-ip-rib-ipv4-oper:rib/vrfs/vrf/afs/af/safs/saf/ip-rib-route-table-names/ip-rib-route-table-name/protocol/bgp/as/information,spine3,211,IPv4,65013,0,0,1648,213272,default,211,Unicast,default
2020-01-21 08:17:03.595000+00:00,Cisco-IOS-XR-ip-rib-ipv4-oper:rib/vrfs/vrf/afs/af/safs/saf/ip-rib-route-table-names/ip-rib-route-table-name/protocol/bgp/as/information,spine3,210,IPv4,65013,0,1,1644,212824,default,211,Unicast,default
2020-01-21 08:17:13.627000+00:00,Cisco-IOS-XR-ip-rib-ipv4-oper:rib/vrfs/vrf/afs/af/safs/saf/ip-rib-route-table-names/ip-rib-route-table-name/protocol/bgp/as/information,spine3,210,IPv4,65013,0,0,1644,212688,default,210,Unicast,default
2020-01-21 08:17:23.631000+00:00,Cisco-IOS-XR-ip-rib-ipv4-oper:rib/vrfs/vrf/afs/af/safs/saf/ip-rib-route-table-names/ip-rib-route-table-name/protocol/bgp/as/information,spine3,210,IPv4,65013,0,0,1644,212688,default,210,Unicast,default
2020-01-21 08:17:33.584000+00:00,Cisco-IOS-XR-ip-rib-ipv4-oper:rib/vrfs/vrf/afs/af/safs/saf/ip-rib-route-table-names/ip-rib-route-table-name/protocol/bgp/as/information,spine3,210,IPv4,65013,0,0,1644,212688,default,210,Unicast,default
2020-01-21 08:17:43.589000+00:00,Cisco-IOS-XR-ip-rib-ipv4-oper:rib/vrfs/vrf/afs/af/safs/saf/ip-rib-route-table-names/ip-rib-route-table-name/protocol/bgp/as/information,spine3,210,IPv4,65013,0,0,1644,212688,default,210,Unicast,default
2020-01-21 08:17:53.573000+00:00,Cisco-IOS-XR-ip-rib-ipv4-oper:rib/vrfs/vrf/afs/af/safs/saf/ip-rib-route-table-names/ip-rib-route-table-name/protocol/bgp/as/information,spine3,211,IPv4,65013,0,0,1648,213272,default,211,Unicast,default
2020-01-21 08:18:03.607000+00:00,Cisco-IOS-XR-ip-rib-ipv4-oper:rib/vrfs/vrf/afs/af/safs/saf/ip-rib-route-table-names/ip-rib-route-table-name/protocol/bgp/as/information,spine3,211,IPv4,65013,0,0,1648,213272,default,211,Unicast,default
2020-01-21 08:18:13.735000+00:00,Cisco-IOS-XR-ip-rib-ipv4-oper:rib/vrfs/vrf/afs/af/safs/saf/ip-rib-route-table-names/ip-rib-route-table-name/protocol/bgp/as/information,spine3,211,IPv4,65013,0,0,1648,213272,default,211,Unicast,default
2020-01-21 08:18:23.589000+00:00,Cisco-IOS-XR-ip-rib-ipv4-oper:rib/vrfs/vrf/afs/af/safs/saf/ip-rib-route-table-names/ip-rib-route-table-name/protocol/bgp/as/information,spine3,211,IPv4,65013,0,0,1648,213272,default,211,Unicast,default
2020-01-21 08:18:33.601000+00:00,Cisco-IOS-XR-ip-rib-ipv4-oper:rib/vrfs/vrf/afs/af/safs/saf/ip-rib-route-table-names/ip-rib-route-table-name/protocol/bgp/as/information,spine3,211,IPv4,65013,0,0,1648,213272,default,211,Unicast,default
2020-01-21 08:18:43.628000+00:00,Cisco-IOS-XR-ip-rib-ipv4-oper:rib/vrfs/vrf/afs/af/safs/saf/ip-rib-route-table-names/ip-rib-route-table-name/protocol/bgp/as/information,spine3,211,IPv4,65013,0,0,1648,213272,default,211,Unicast,default
2020-01-21 08:18:53.608000+00:00,Cisco-IOS-XR-ip-rib-ipv4-oper:rib/vrfs/vrf/afs/af/safs/saf/ip-rib-route-table-names/ip-rib-route-table-name/protocol/bgp/as/information,spine3,211,IPv4,65013,0,0,1648,213272,default,211,Unicast,default
2020-01-21 08:19:03.603000+00:00,Cisco-IOS-XR-ip-rib-ipv4-oper:rib/vrfs/vrf/afs/af/safs/saf/ip-rib-route-table-names/ip-rib-route-table-name/protocol/bgp/as/information,spine3,211,IPv4,65013,0,0,1648,213272,default,211,Unicast,default
2020-01-21 08:19:13.623000+00:00,Cisco-IOS-XR-ip-rib-ipv4-oper:rib/vrfs/vrf/afs/af/safs/saf/ip-rib-route-table-names/ip-rib-route-table-name/protocol/bgp/as/information,spine3,211,IPv4,65013,0,0,1648,213272,default,211,Unicast,default
2020-01-21 08:19:23.594000+00:00,Cisco-IOS-XR-ip-rib-ipv4-oper:rib/vrfs/vrf/afs/af/safs/saf/ip-rib-route-table-names/ip-rib-route-table-name/protocol/bgp/as/information,spine3,211,IPv4,65013,0,0,1676,216408,default,211,Unicast,default
2020-01-21 08:19:33.612000+00:00,Cisco-IOS-XR-ip-rib-ipv4-oper:rib/vrfs/vrf/afs/af/safs/saf/ip-rib-route-table-names/ip-rib-route-table-name/protocol/bgp/as/information,spine3,211,IPv4,65013,0,0,1676,216408,default,211,Unicast,default
2020-01-21 08:19:43.642000+00:00,Cisco-IOS-XR-ip-rib-ipv4-oper:rib/vrfs/vrf/afs/af/safs/saf/ip-rib-route-table-names/ip-rib-route-table-name/protocol/bgp/as/information,spine3,211,IPv4,65013,0,0,1676,216408,default,211,Unicast,default
2020-01-21 08:19:53.610000+00:00,Cisco-IOS-XR-ip-rib-ipv4-oper:rib/vrfs/vrf/afs/af/safs/saf/ip-rib-route-table-names/ip-rib-route-table-name/protocol/bgp/as/information,spine3,211,IPv4,65013,0,0,1676,216408,default,211,Unicast,default
2020-01-21 08:20:03.625000+00:00,Cisco-IOS-XR-ip-rib-ipv4-oper:rib/vrfs/vrf/afs/af/safs/saf/ip-rib-route-table-names/ip-rib-route-table-name/protocol/bgp/as/information,spine3,211,IPv4,65013,0,0,1676,216408,default,211,Unicast,default
2020-01-21 08:20:13.615000+00:00,Cisco-IOS-XR-ip-rib-ipv4-oper:rib/vrfs/vrf/afs/af/safs/saf/ip-rib-route-table-names/ip-rib-route-table-name/protocol/bgp/as/information,spine3,211,IPv4,65013,0,0,1676,216408,default,211,Unicast,default
2020-01-21 08:20:23.611000+00:00,Cisco-IOS-XR-ip-rib-ipv4-oper:rib/vrfs/vrf/afs/af/safs/saf/ip-rib-route-table-names/ip-rib-route-table-name/protocol/bgp/as/information,spine3,211,IPv4,65013,0,0,1672,215960,default,211,Unicast,default
2020-01-21 08:20:33.634000+00:00,Cisco-IOS-XR-ip-rib-ipv4-oper:rib/vrfs/vrf/afs/af/safs/saf/ip-rib-route-table-names/ip-rib-route-table-name/protocol/bgp/as/information,spine3,211,IPv4,65013,0,0,1672,215960,default,211,Unicast,default
2020-01-21 08:20:43.621000+00:00,Cisco-IOS-XR-ip-rib-ipv4-oper:rib/vrfs/vrf/afs/af/safs/saf/ip-rib-route-table-names/ip-rib-route-table-name/protocol/bgp/as/information,spine3,211,IPv4,65013,0,0,1672,215960,default,211,Unicast,default
2020-01-21 08:20:53.609000+00:00,Cisco-IOS-XR-ip-rib-ipv4-oper:rib/vrfs/vrf/afs/af/safs/saf/ip-rib-route-table-names/ip-rib-route-table-name/protocol/bgp/as/information,spine3,211,IPv4,65013,0,0,1676,216408,default,211,Unicast,default
2020-01-21 08:21:03.615000+00:00,Cisco-IOS-XR-ip-rib-ipv4-oper:rib/vrfs/vrf/afs/af/safs/saf/ip-rib-route-table-names/ip-rib-route-table-name/protocol/bgp/as/information,spine3,211,IPv4,65013,0,0,1676,216408,default,211,Unicast,default
2020-01-21 08:21:13.605000+00:00,Cisco-IOS-XR-ip-rib-ipv4-oper:rib/vrfs/vrf/afs/af/safs/saf/ip-rib-route-table-names/ip-rib-route-table-name/protocol/bgp/as/information,spine3,211,IPv4,65013,0,0,1676,216408,default,211,Unicast,default
2020-01-21 08:21:23.694000+00:00,Cisco-IOS-XR-ip-rib-ipv4-oper:rib/vrfs/vrf/afs/af/safs/saf/ip-rib-route-table-names/ip-rib-route-table-name/protocol/bgp/as/information,spine3,211,IPv4,65013,0,0,1652,213720,default,211,Unicast,default
2020-01-21 08:21:33.594000+00:00,Cisco-IOS-XR-ip-rib-ipv4-oper:rib/vrfs/vrf/afs/af/safs/saf/ip-rib-route-table-names/ip-rib-route-table-name/protocol/bgp/as/information,spine3,211,IPv4,65013,0,0,1652,213720,default,211,Unicast,default
2020-01-21 08:21:43.587000+00:00,Cisco-IOS-XR-ip-rib-ipv4-oper:rib/vrfs/vrf/afs/af/safs/saf/ip-rib-route-table-names/ip-rib-route-table-name/protocol/bgp/as/information,spine3,211,IPv4,65013,0,0,1652,213720,default,211,Unicast,default
2020-01-21 08:21:53.590000+00:00,Cisco-IOS-XR-ip-rib-ipv4-oper:rib/vrfs/vrf/afs/af/safs/saf/ip-rib-route-table-names/ip-rib-route-table-name/protocol/bgp/as/information,spine3,211,IPv4,65013,0,0,1652,213720,default,211,Unicast,default
2020-01-21 08:22:03.581000+00:00,Cisco-IOS-XR-ip-rib-ipv4-oper:rib/vrfs/vrf/afs/af/safs/saf/ip-rib-route-table-names/ip-rib-route-table-name/protocol/bgp/as/information,spine3,211,IPv4,65013,0,0,1652,213720,default,211,Unicast,default
2020-01-21 08:22:13.603000+00:00,Cisco-IOS-XR-ip-rib-ipv4-oper:rib/vrfs/vrf/afs/af/safs/saf/ip-rib-route-table-names/ip-rib-route-table-name/protocol/bgp/as/information,spine3,211,IPv4,65013,0,0,1652,213720,default,211,Unicast,default
2020-01-21 08:22:23.702000+00:00,Cisco-IOS-XR-ip-rib-ipv4-oper:rib/vrfs/vrf/afs/af/safs/saf/ip-rib-route-table-names/ip-rib-route-table-name/protocol/bgp/as/information,spine3,211,IPv4,65013,0,0,1664,215064,default,211,Unicast,default
2020-01-21 08:22:33.607000+00:00,Cisco-IOS-XR-ip-rib-ipv4-oper:rib/vrfs/vrf/afs/af/safs/saf/ip-rib-route-table-names/ip-rib-route-table-name/protocol/bgp/as/information,spine3,211,IPv4,65013,0,0,1664,215064,default,211,Unicast,default
2020-01-21 08:22:43.616000+00:00,Cisco-IOS-XR-ip-rib-ipv4-oper:rib/vrfs/vrf/afs/af/safs/saf/ip-rib-route-table-names/ip-rib-route-table-name/protocol/bgp/as/information,spine3,211,IPv4,65013,0,0,1664,215064,default,211,Unicast,default
2020-01-21 08:22:53.586000+00:00,Cisco-IOS-XR-ip-rib-ipv4-oper:rib/vrfs/vrf/afs/af/safs/saf/ip-rib-route-table-names/ip-rib-route-table-name/protocol/bgp/as/information,spine3,211,IPv4,65013,0,0,1660,214616,default,211,Unicast,default
2020-01-21 08:23:03.590000+00:00,Cisco-IOS-XR-ip-rib-ipv4-oper:rib/vrfs/vrf/afs/af/safs/saf/ip-rib-route-table-names/ip-rib-route-table-name/protocol/bgp/as/information,spine3,211,IPv4,65013,0,0,1660,214616,default,211,Unicast,default
2020-01-21 08:23:13.611000+00:00,Cisco-IOS-XR-ip-rib-ipv4-oper:rib/vrfs/vrf/afs/af/safs/saf/ip-rib-route-table-names/ip-rib-route-table-name/protocol/bgp/as/information,spine3,211,IPv4,65013,0,0,1660,214616,default,211,Unicast,default
2020-01-21 08:23:23.586000+00:00,Cisco-IOS-XR-ip-rib-ipv4-oper:rib/vrfs/vrf/afs/af/safs/saf/ip-rib-route-table-names/ip-rib-route-table-name/protocol/bgp/as/information,spine3,211,IPv4,65013,0,0,1660,214616,default,211,Unicast,default
2020-01-21 08:23:33.617000+00:00,Cisco-IOS-XR-ip-rib-ipv4-oper:rib/vrfs/vrf/afs/af/safs/saf/ip-rib-route-table-names/ip-rib-route-table-name/protocol/bgp/as/information,spine3,211,IPv4,65013,0,0,1660,214616,default,211,Unicast,default
2020-01-21 08:23:43.600000+00:00,Cisco-IOS-XR-ip-rib-ipv4-oper:rib/vrfs/vrf/afs/af/safs/saf/ip-rib-route-table-names/ip-rib-route-table-name/protocol/bgp/as/information,spine3,211,IPv4,65013,0,0,1660,214616,default,211,Unicast,default
2020-01-21 08:23:53.629000+00:00,Cisco-IOS-XR-ip-rib-ipv4-oper:rib/vrfs/vrf/afs/af/safs/saf/ip-rib-route-table-names/ip-rib-route-table-name/protocol/bgp/as/information,spine3,211,IPv4,65013,0,0,1656,214168,default,211,Unicast,default
2020-01-21 08:24:03.616000+00:00,Cisco-IOS-XR-ip-rib-ipv4-oper:rib/vrfs/vrf/afs/af/safs/saf/ip-rib-route-table-names/ip-rib-route-table-name/protocol/bgp/as/information,spine3,211,IPv4,65013,0,0,1656,214168,default,211,Unicast,default
2020-01-21 08:24:13.627000+00:00,Cisco-IOS-XR-ip-rib-ipv4-oper:rib/vrfs/vrf/afs/af/safs/saf/ip-rib-route-table-names/ip-rib-route-table-name/protocol/bgp/as/information,spine3,211,IPv4,65013,0,0,1656,214168,default,211,Unicast,default
2020-01-21 08:24:23.626000+00:00,Cisco-IOS-XR-ip-rib-ipv4-oper:rib/vrfs/vrf/afs/af/safs/saf/ip-rib-route-table-names/ip-rib-route-table-name/protocol/bgp/as/information,spine3,211,IPv4,65013,0,0,1656,214168,default,211,Unicast,default
2020-01-21 08:24:33.602000+00:00,Cisco-IOS-XR-ip-rib-ipv4-oper:rib/vrfs/vrf/afs/af/safs/saf/ip-rib-route-table-names/ip-rib-route-table-name/protocol/bgp/as/information,spine3,211,IPv4,65013,0,0,1656,214168,default,211,Unicast,default
2020-01-21 08:24:43.602000+00:00,Cisco-IOS-XR-ip-rib-ipv4-oper:rib/vrfs/vrf/afs/af/safs/saf/ip-rib-route-table-names/ip-rib-route-table-name/protocol/bgp/as/information,spine3,211,IPv4,65013,0,0,1656,214168,default,211,Unicast,default
2020-01-21 08:24:53.600000+00:00,Cisco-IOS-XR-ip-rib-ipv4-oper:rib/vrfs/vrf/afs/af/safs/saf/ip-rib-route-table-names/ip-rib-route-table-name/protocol/bgp/as/information,spine3,211,IPv4,65013,0,0,1648,213272,default,211,Unicast,default
2020-01-21 08:25:03.590000+00:00,Cisco-IOS-XR-ip-rib-ipv4-oper:rib/vrfs/vrf/afs/af/safs/saf/ip-rib-route-table-names/ip-rib-route-table-name/protocol/bgp/as/information,spine3,211,IPv4,65013,0,0,1648,213272,default,211,Unicast,default
2020-01-21 08:25:13.606000+00:00,Cisco-IOS-XR-ip-rib-ipv4-oper:rib/vrfs/vrf/afs/af/safs/saf/ip-rib-route-table-names/ip-rib-route-table-name/protocol/bgp/as/information,spine3,211,IPv4,65013,0,0,1648,213272,default,211,Unicast,default
2020-01-21 08:25:23.593000+00:00,Cisco-IOS-XR-ip-rib-ipv4-oper:rib/vrfs/vrf/afs/af/safs/saf/ip-rib-route-table-names/ip-rib-route-table-name/protocol/bgp/as/information,spine3,211,IPv4,65013,0,0,1652,213720,default,211,Unicast,default
2020-01-21 08:25:33.697000+00:00,Cisco-IOS-XR-ip-rib-ipv4-oper:rib/vrfs/vrf/afs/af/safs/saf/ip-rib-route-table-names/ip-rib-route-table-name/protocol/bgp/as/information,spine3,211,IPv4,65013,0,0,1652,213720,default,211,Unicast,default
2020-01-21 08:25:43.608000+00:00,Cisco-IOS-XR-ip-rib-ipv4-oper:rib/vrfs/vrf/afs/af/safs/saf/ip-rib-route-table-names/ip-rib-route-table-name/protocol/bgp/as/information,spine3,211,IPv4,65013,0,0,1652,213720,default,211,Unicast,default
2020-01-21 08:25:53.602000+00:00,Cisco-IOS-XR-ip-rib-ipv4-oper:rib/vrfs/vrf/afs/af/safs/saf/ip-rib-route-table-names/ip-rib-route-table-name/protocol/bgp/as/information,spine3,211,IPv4,65013,0,0,1648,213272,default,211,Unicast,default
2020-01-21 08:26:03.586000+00:00,Cisco-IOS-XR-ip-rib-ipv4-oper:rib/vrfs/vrf/afs/af/safs/saf/ip-rib-route-table-names/ip-rib-route-table-name/protocol/bgp/as/information,spine3,211,IPv4,65013,0,0,1648,213272,default,211,Unicast,default
2020-01-21 08:26:13.610000+00:00,Cisco-IOS-XR-ip-rib-ipv4-oper:rib/vrfs/vrf/afs/af/safs/saf/ip-rib-route-table-names/ip-rib-route-table-name/protocol/bgp/as/information,spine3,211,IPv4,65013,0,0,1648,213272,default,211,Unicast,default
2020-01-21 08:26:23.601000+00:00,Cisco-IOS-XR-ip-rib-ipv4-oper:rib/vrfs/vrf/afs/af/safs/saf/ip-rib-route-table-names/ip-rib-route-table-name/protocol/bgp/as/information,spine3,211,IPv4,65013,0,0,1648,213272,default,211,Unicast,default
2020-01-21 08:26:33.702000+00:00,Cisco-IOS-XR-ip-rib-ipv4-oper:rib/vrfs/vrf/afs/af/safs/saf/ip-rib-route-table-names/ip-rib-route-table-name/protocol/bgp/as/information,spine3,211,IPv4,65013,0,0,1648,213272,default,211,Unicast,default
2020-01-21 08:26:43.610000+00:00,Cisco-IOS-XR-ip-rib-ipv4-oper:rib/vrfs/vrf/afs/af/safs/saf/ip-rib-route-table-names/ip-rib-route-table-name/protocol/bgp/as/information,spine3,211,IPv4,65013,0,0,1648,213272,default,211,Unicast,default
2020-01-21 08:26:53.589000+00:00,Cisco-IOS-XR-ip-rib-ipv4-oper:rib/vrfs/vrf/afs/af/safs/saf/ip-rib-route-table-names/ip-rib-route-table-name/protocol/bgp/as/information,spine3,211,IPv4,65013,0,0,1648,213272,default,211,Unicast,default
2020-01-21 08:27:03.594000+00:00,Cisco-IOS-XR-ip-rib-ipv4-oper:rib/vrfs/vrf/afs/af/safs/saf/ip-rib-route-table-names/ip-rib-route-table-name/protocol/bgp/as/information,spine3,211,IPv4,65013,0,0,1648,213272,default,211,Unicast,default
2020-01-21 08:27:13.593000+00:00,Cisco-IOS-XR-ip-rib-ipv4-oper:rib/vrfs/vrf/afs/af/safs/saf/ip-rib-route-table-names/ip-rib-route-table-name/protocol/bgp/as/information,spine3,211,IPv4,65013,0,0,1648,213272,default,211,Unicast,default
2020-01-21 08:27:23.594000+00:00,Cisco-IOS-XR-ip-rib-ipv4-oper:rib/vrfs/vrf/afs/af/safs/saf/ip-rib-route-table-names/ip-rib-route-table-name/protocol/bgp/as/information,spine3,211,IPv4,65013,0,0,1648,213272,default,211,Unicast,default
2020-01-21 08:27:33.596000+00:00,Cisco-IOS-XR-ip-rib-ipv4-oper:rib/vrfs/vrf/afs/af/safs/saf/ip-rib-route-table-names/ip-rib-route-table-name/protocol/bgp/as/information,spine3,211,IPv4,65013,0,0,1648,213272,default,211,Unicast,default
2020-01-21 08:27:43.618000+00:00,Cisco-IOS-XR-ip-rib-ipv4-oper:rib/vrfs/vrf/afs/af/safs/saf/ip-rib-route-table-names/ip-rib-route-table-name/protocol/bgp/as/information,spine3,211,IPv4,65013,0,0,1648,213272,default,211,Unicast,default
2020-01-21 08:27:53.584000+00:00,Cisco-IOS-XR-ip-rib-ipv4-oper:rib/vrfs/vrf/afs/af/safs/saf/ip-rib-route-table-names/ip-rib-route-table-name/protocol/bgp/as/information,spine3,211,IPv4,65013,0,0,1648,213272,default,211,Unicast,default
2020-01-21 08:28:03.619000+00:00,Cisco-IOS-XR-ip-rib-ipv4-oper:rib/vrfs/vrf/afs/af/safs/saf/ip-rib-route-table-names/ip-rib-route-table-name/protocol/bgp/as/information,spine3,211,IPv4,65013,0,0,1648,213272,default,211,Unicast,default
2020-01-21 08:28:13.628000+00:00,Cisco-IOS-XR-ip-rib-ipv4-oper:rib/vrfs/vrf/afs/af/safs/saf/ip-rib-route-table-names/ip-rib-route-table-name/protocol/bgp/as/information,spine3,211,IPv4,65013,0,0,1648,213272,default,211,Unicast,default
2020-01-21 08:28:23.581000+00:00,Cisco-IOS-XR-ip-rib-ipv4-oper:rib/vrfs/vrf/afs/af/safs/saf/ip-rib-route-table-names/ip-rib-route-table-name/protocol/bgp/as/information,spine3,211,IPv4,65013,0,0,1648,213272,default,211,Unicast,default
2020-01-21 08:28:33.613000+00:00,Cisco-IOS-XR-ip-rib-ipv4-oper:rib/vrfs/vrf/afs/af/safs/saf/ip-rib-route-table-names/ip-rib-route-table-name/protocol/bgp/as/information,spine3,211,IPv4,65013,0,0,1648,213272,default,211,Unicast,default
2020-01-21 08:28:43.605000+00:00,Cisco-IOS-XR-ip-rib-ipv4-oper:rib/vrfs/vrf/afs/af/safs/saf/ip-rib-route-table-names/ip-rib-route-table-name/protocol/bgp/as/information,spine3,211,IPv4,65013,0,0,1648,213272,default,211,Unicast,default
2020-01-21 08:28:53.619000+00:00,Cisco-IOS-XR-ip-rib-ipv4-oper:rib/vrfs/vrf/afs/af/safs/saf/ip-rib-route-table-names/ip-rib-route-table-name/protocol/bgp/as/information,spine3,211,IPv4,65013,0,0,1648,213272,default,211,Unicast,default
2020-01-21 08:29:03.606000+00:00,Cisco-IOS-XR-ip-rib-ipv4-oper:rib/vrfs/vrf/afs/af/safs/saf/ip-rib-route-table-names/ip-rib-route-table-name/protocol/bgp/as/information,spine3,211,IPv4,65013,0,0,1648,213272,default,211,Unicast,default
2020-01-21 08:29:13.621000+00:00,Cisco-IOS-XR-ip-rib-ipv4-oper:rib/vrfs/vrf/afs/af/safs/saf/ip-rib-route-table-names/ip-rib-route-table-name/protocol/bgp/as/information,spine3,211,IPv4,65013,0,0,1648,213272,default,211,Unicast,default
2020-01-21 08:29:23.591000+00:00,Cisco-IOS-XR-ip-rib-ipv4-oper:rib/vrfs/vrf/afs/af/safs/saf/ip-rib-route-table-names/ip-rib-route-table-name/protocol/bgp/as/information,spine3,211,IPv4,65013,0,0,1648,213272,default,211,Unicast,default
2020-01-21 08:29:33.599000+00:00,Cisco-IOS-XR-ip-rib-ipv4-oper:rib/vrfs/vrf/afs/af/safs/saf/ip-rib-route-table-names/ip-rib-route-table-name/protocol/bgp/as/information,spine3,211,IPv4,65013,0,0,1648,213272,default,211,Unicast,default
2020-01-21 08:29:43.602000+00:00,Cisco-IOS-XR-ip-rib-ipv4-oper:rib/vrfs/vrf/afs/af/safs/saf/ip-rib-route-table-names/ip-rib-route-table-name/protocol/bgp/as/information,spine3,211,IPv4,65013,0,0,1648,213272,default,211,Unicast,default
2020-01-21 08:29:53.599000+00:00,Cisco-IOS-XR-ip-rib-ipv4-oper:rib/vrfs/vrf/afs/af/safs/saf/ip-rib-route-table-names/ip-rib-route-table-name/protocol/bgp/as/information,spine3,211,IPv4,65013,0,0,1648,213272,default,211,Unicast,default
2020-01-21 08:30:03.582000+00:00,Cisco-IOS-XR-ip-rib-ipv4-oper:rib/vrfs/vrf/afs/af/safs/saf/ip-rib-route-table-names/ip-rib-route-table-name/protocol/bgp/as/information,spine3,211,IPv4,65013,0,0,1648,213272,default,211,Unicast,default
2020-01-21 08:30:13.605000+00:00,Cisco-IOS-XR-ip-rib-ipv4-oper:rib/vrfs/vrf/afs/af/safs/saf/ip-rib-route-table-names/ip-rib-route-table-name/protocol/bgp/as/information,spine3,211,IPv4,65013,0,0,1648,213272,default,211,Unicast,default
2020-01-21 08:30:23.599000+00:00,Cisco-IOS-XR-ip-rib-ipv4-oper:rib/vrfs/vrf/afs/af/safs/saf/ip-rib-route-table-names/ip-rib-route-table-name/protocol/bgp/as/information,spine3,211,IPv4,65013,0,0,1648,213272,default,211,Unicast,default
2020-01-21 08:30:33.592000+00:00,Cisco-IOS-XR-ip-rib-ipv4-oper:rib/vrfs/vrf/afs/af/safs/saf/ip-rib-route-table-names/ip-rib-route-table-name/protocol/bgp/as/information,spine3,211,IPv4,65013,0,0,1648,213272,default,211,Unicast,default
2020-01-21 08:30:43.861000+00:00,Cisco-IOS-XR-ip-rib-ipv4-oper:rib/vrfs/vrf/afs/af/safs/saf/ip-rib-route-table-names/ip-rib-route-table-name/protocol/bgp/as/information,spine3,211,IPv4,65013,0,0,1648,213272,default,211,Unicast,default
2020-01-21 08:30:53.604000+00:00,Cisco-IOS-XR-ip-rib-ipv4-oper:rib/vrfs/vrf/afs/af/safs/saf/ip-rib-route-table-names/ip-rib-route-table-name/protocol/bgp/as/information,spine3,211,IPv4,65013,0,0,1648,213272,default,211,Unicast,default
2020-01-21 08:31:03.615000+00:00,Cisco-IOS-XR-ip-rib-ipv4-oper:rib/vrfs/vrf/afs/af/safs/saf/ip-rib-route-table-names/ip-rib-route-table-name/protocol/bgp/as/information,spine3,211,IPv4,65013,0,0,1648,213272,default,211,Unicast,default
2020-01-21 08:31:13.620000+00:00,Cisco-IOS-XR-ip-rib-ipv4-oper:rib/vrfs/vrf/afs/af/safs/saf/ip-rib-route-table-names/ip-rib-route-table-name/protocol/bgp/as/information,spine3,211,IPv4,65013,0,0,1648,213272,default,211,Unicast,default
2020-01-21 08:31:23.644000+00:00,Cisco-IOS-XR-ip-rib-ipv4-oper:rib/vrfs/vrf/afs/af/safs/saf/ip-rib-route-table-names/ip-rib-route-table-name/protocol/bgp/as/information,spine3,211,IPv4,65013,0,0,1648,213272,default,211,Unicast,default
2020-01-21 08:31:33.596000+00:00,Cisco-IOS-XR-ip-rib-ipv4-oper:rib/vrfs/vrf/afs/af/safs/saf/ip-rib-route-table-names/ip-rib-route-table-name/protocol/bgp/as/information,spine3,211,IPv4,65013,0,0,1648,213272,default,211,Unicast,default
2020-01-21 08:31:43.612000+00:00,Cisco-IOS-XR-ip-rib-ipv4-oper:rib/vrfs/vrf/afs/af/safs/saf/ip-rib-route-table-names/ip-rib-route-table-name/protocol/bgp/as/information,spine3,211,IPv4,65013,0,0,1648,213272,default,211,Unicast,default
2020-01-21 08:31:53.582000+00:00,Cisco-IOS-XR-ip-rib-ipv4-oper:rib/vrfs/vrf/afs/af/safs/saf/ip-rib-route-table-names/ip-rib-route-table-name/protocol/bgp/as/information,spine3,210,IPv4,65013,0,1,1640,212376,default,211,Unicast,default
2020-01-21 08:32:03.612000+00:00,Cisco-IOS-XR-ip-rib-ipv4-oper:rib/vrfs/vrf/afs/af/safs/saf/ip-rib-route-table-names/ip-rib-route-table-name/protocol/bgp/as/information,spine3,210,IPv4,65013,0,1,1640,212376,default,211,Unicast,default
2020-01-21 08:32:13.613000+00:00,Cisco-IOS-XR-ip-rib-ipv4-oper:rib/vrfs/vrf/afs/af/safs/saf/ip-rib-route-table-names/ip-rib-route-table-name/protocol/bgp/as/information,spine3,210,IPv4,65013,0,0,1640,212240,default,210,Unicast,default
2020-01-21 08:32:23.614000+00:00,Cisco-IOS-XR-ip-rib-ipv4-oper:rib/vrfs/vrf/afs/af/safs/saf/ip-rib-route-table-names/ip-rib-route-table-name/protocol/bgp/as/information,spine3,210,IPv4,65013,0,0,1640,212240,default,210,Unicast,default
2020-01-21 08:32:33.599000+00:00,Cisco-IOS-XR-ip-rib-ipv4-oper:rib/vrfs/vrf/afs/af/safs/saf/ip-rib-route-table-names/ip-rib-route-table-name/protocol/bgp/as/information,spine3,210,IPv4,65013,0,0,1640,212240,default,210,Unicast,default
2020-01-21 08:32:43.603000+00:00,Cisco-IOS-XR-ip-rib-ipv4-oper:rib/vrfs/vrf/afs/af/safs/saf/ip-rib-route-table-names/ip-rib-route-table-name/protocol/bgp/as/information,spine3,210,IPv4,65013,0,0,1640,212240,default,210,Unicast,default
2020-01-21 08:32:53.625000+00:00,Cisco-IOS-XR-ip-rib-ipv4-oper:rib/vrfs/vrf/afs/af/safs/saf/ip-rib-route-table-names/ip-rib-route-table-name/protocol/bgp/as/information,spine3,210,IPv4,65013,0,0,1640,212240,default,210,Unicast,default
2020-01-21 08:33:03.613000+00:00,Cisco-IOS-XR-ip-rib-ipv4-oper:rib/vrfs/vrf/afs/af/safs/saf/ip-rib-route-table-names/ip-rib-route-table-name/protocol/bgp/as/information,spine3,210,IPv4,65013,0,0,1640,212240,default,210,Unicast,default
2020-01-21 08:33:13.608000+00:00,Cisco-IOS-XR-ip-rib-ipv4-oper:rib/vrfs/vrf/afs/af/safs/saf/ip-rib-route-table-names/ip-rib-route-table-name/protocol/bgp/as/information,spine3,210,IPv4,65013,0,0,1640,212240,default,210,Unicast,default
2020-01-21 08:33:23.645000+00:00,Cisco-IOS-XR-ip-rib-ipv4-oper:rib/vrfs/vrf/afs/af/safs/saf/ip-rib-route-table-names/ip-rib-route-table-name/protocol/bgp/as/information,spine3,210,IPv4,65013,0,0,1640,212240,default,210,Unicast,default
2020-01-21 08:33:33.633000+00:00,Cisco-IOS-XR-ip-rib-ipv4-oper:rib/vrfs/vrf/afs/af/safs/saf/ip-rib-route-table-names/ip-rib-route-table-name/protocol/bgp/as/information,spine3,210,IPv4,65013,0,0,1640,212240,default,210,Unicast,default
2020-01-21 08:33:43.655000+00:00,Cisco-IOS-XR-ip-rib-ipv4-oper:rib/vrfs/vrf/afs/af/safs/saf/ip-rib-route-table-names/ip-rib-route-table-name/protocol/bgp/as/information,spine3,210,IPv4,65013,0,0,1640,212240,default,210,Unicast,default
2020-01-21 08:33:53.644000+00:00,Cisco-IOS-XR-ip-rib-ipv4-oper:rib/vrfs/vrf/afs/af/safs/saf/ip-rib-route-table-names/ip-rib-route-table-name/protocol/bgp/as/information,spine3,210,IPv4,65013,0,0,1668,215376,default,210,Unicast,default
2020-01-21 08:34:03.609000+00:00,Cisco-IOS-XR-ip-rib-ipv4-oper:rib/vrfs/vrf/afs/af/safs/saf/ip-rib-route-table-names/ip-rib-route-table-name/protocol/bgp/as/information,spine3,210,IPv4,65013,0,0,1668,215376,default,210,Unicast,default
2020-01-21 08:34:13.655000+00:00,Cisco-IOS-XR-ip-rib-ipv4-oper:rib/vrfs/vrf/afs/af/safs/saf/ip-rib-route-table-names/ip-rib-route-table-name/protocol/bgp/as/information,spine3,210,IPv4,65013,0,0,1668,215376,default,210,Unicast,default
2020-01-21 08:34:23.596000+00:00,Cisco-IOS-XR-ip-rib-ipv4-oper:rib/vrfs/vrf/afs/af/safs/saf/ip-rib-route-table-names/ip-rib-route-table-name/protocol/bgp/as/information,spine3,210,IPv4,65013,0,0,1668,215376,default,210,Unicast,default
2020-01-21 08:34:33.601000+00:00,Cisco-IOS-XR-ip-rib-ipv4-oper:rib/vrfs/vrf/afs/af/safs/saf/ip-rib-route-table-names/ip-rib-route-table-name/protocol/bgp/as/information,spine3,210,IPv4,65013,0,0,1668,215376,default,210,Unicast,default
2020-01-21 08:34:43.674000+00:00,Cisco-IOS-XR-ip-rib-ipv4-oper:rib/vrfs/vrf/afs/af/safs/saf/ip-rib-route-table-names/ip-rib-route-table-name/protocol/bgp/as/information,spine3,210,IPv4,65013,0,0,1668,215376,default,210,Unicast,default
2020-01-21 08:34:53.741000+00:00,Cisco-IOS-XR-ip-rib-ipv4-oper:rib/vrfs/vrf/afs/af/safs/saf/ip-rib-route-table-names/ip-rib-route-table-name/protocol/bgp/as/information,spine3,210,IPv4,65013,0,0,1664,214928,default,210,Unicast,default
2020-01-21 08:35:03.600000+00:00,Cisco-IOS-XR-ip-rib-ipv4-oper:rib/vrfs/vrf/afs/af/safs/saf/ip-rib-route-table-names/ip-rib-route-table-name/protocol/bgp/as/information,spine3,210,IPv4,65013,0,0,1664,214928,default,210,Unicast,default
