,Producer,Target,ack-only-packets-sent,ack-packets-for-unsent-received,ack-packets-received,ackbytes-received,after-window-bytes-received,after-window-packets-received,bad-checksum-packets-received,bytes-retransmitted,connection-rate-limited,connections-accepted,connections-closed,connections-dropped,connections-established,connections-failed,connections-forcibly-closed,connections-requested,control-packets-sent,data-bytes-received-in-sequence,data-bytes-sent,data-packets-received-in-sequence,data-pakets-sent,delay-ack-packets-sent,duplicate-bytes-received,duplicate-packets-received,duplicated-ack-packets-received,embryonic-connection-dropped,established-connections-reset,high-water-mark-throttle,host,i-qs-total-egpackets,i-qs-total-ingpackets,id,iq-ingress-drops,iq-sock-aborts,iq-sock-retries,iq-sock-writes,iqs-total-egpacket/entry,iqs-total-ingpacket/entry,keep-alive-dropped,keep-alive-probes,keep-alive-timeouts,low-water-mark-throttle,malformed-packets-received,mss-down,mss-up,no-port-packets-received,no-throttle,num-open-sockets,out-of-order-bytes-received,out-of-order-packets-received,packet-failures,packets-received-after-close-packet,packets-retransmitted,partial-duplicate-ack-received,partial-duplicate-bytes-received,paws-dropped,persist-dropped,pulse-errors,reassembly-packets,received-auth-packets-dropped,received-packets-dropped,received-packets-dropped-stale-c-hdr,recovered-packets,retransmit-dropped,retransmit-timeouts,rst-packets-sent,send-auth-packets-dropped,send-packets-dropped,sock-async-double-free-prevent-count,sockbuf-pak-res-cur,sockbuf-pak-res-max,socket-layer-packets,stalled-timer-tickle-count,stalled-timer-tickle-time,syn-cache-aborted,syn-cache-added,syn-cache-bucket-oflow,syn-cache-completed,syn-cache-count,syn-cache-dropped,syn-cache-duplicate-sy-ns,syn-cache-overflow,syn-cache-reset,syn-cache-timed-out,syn-cache-unreach,synacl-match-pkts-dropped,too-short-packets-received,total-i-qs,total-packets-received,total-pakets-sent,truncated-write-iov,try-lock-dropped,urgent-only-packets-sent,window-probe-packets-received,window-probe-packets-sent,window-update-packets-received,window-update-packets-sent
2020-02-05 01:40:35.848000+00:00,leaf8,sg0,29209453,0,118033557,703504547,0,0,0,95634609,0,24774,139308,40977,118408,123754,0,217401,767415,928873040,703375772,39216451,203266694,28771583,1209947,52325,56433,20540,11589,0,obt-collector1,,,0/RP0/CPU0,0,0,0,76287268,0,0,20542,15637,262368,45,0,0,0,12839,205989,63,10822,55,0,3,514690,160,5012,0,0,0,0,0,17780,0,0,83,565351,17794,0,0,,0,4000,0,0,0,0,260,0,4,0,0,0,0,256,0,0,0,0,8,149643317,203811310,0,0,0,0,0,117894247,206034
2020-02-05 01:40:46+00:00,leaf8,sg0,29209522,0,118033777,703895969,0,0,0,95634609,0,24774,139308,40977,118408,123755,0,217401,767415,928875619,703767194,39216546,203267122,28771652,1209947,52325,56433,20540,11589,0,obt-collector1,,,0/RP0/CPU0,0,0,0,76287446,0,0,20542,15637,262369,45,0,0,0,12839,205989,63,10822,55,0,3,514690,160,5012,0,0,0,0,0,17780,0,0,83,565351,17794,0,0,,0,4000,0,0,0,0,260,0,4,0,0,0,0,256,0,0,0,0,8,149643584,203811738,0,0,0,0,0,117894467,206034
2020-02-05 01:40:56.084000+00:00,leaf8,sg0,29209584,0,118033987,704285821,0,0,0,95634609,0,24774,139308,40977,118408,123755,0,217402,767418,928877423,704157046,39216633,203267542,28771714,1209947,52325,56433,20540,11589,0,obt-collector1,,,0/RP0/CPU0,0,0,0,76287615,0,0,20542,15638,262371,45,0,0,0,12839,205989,62,10822,55,0,3,514692,160,5012,0,0,0,0,0,17780,0,0,83,565353,17794,0,0,,0,4000,0,0,0,0,260,0,4,0,0,0,0,256,0,0,0,0,8,149643836,203812161,0,0,0,0,0,117894676,206034
2020-02-05 01:41:06.172000+00:00,leaf8,sg0,29209644,0,118034223,704675737,0,0,0,95634609,0,24774,139308,40977,118408,123755,0,217402,767419,928879147,704546962,39216719,203267960,28771774,1209947,52325,56433,20540,11589,0,obt-collector1,,,0/RP0/CPU0,0,0,0,76287783,0,0,20542,15638,262371,45,0,0,0,12839,205989,62,10822,55,0,3,514693,160,5012,0,0,0,0,0,17780,0,0,83,565354,17794,0,0,,0,4000,0,0,0,0,260,0,4,0,0,0,0,256,0,0,0,0,8,149644109,203812580,0,0,0,0,0,117894911,206034
2020-02-05 01:41:16.305000+00:00,leaf8,sg0,29209714,0,118034450,705067253,0,0,0,95634609,0,24774,139308,40977,118408,123755,0,217402,767419,928881866,704938478,39216817,203268387,28771844,1209947,52325,56433,20540,11589,0,obt-collector1,,,0/RP0/CPU0,0,0,0,76287964,0,0,20542,15638,262371,45,0,0,0,12839,205989,62,10822,55,0,3,514693,160,5012,0,0,0,0,0,17780,0,0,83,565354,17794,0,0,,0,4000,0,0,0,0,260,0,4,0,0,0,0,256,0,0,0,0,8,149644384,203813007,0,0,0,0,0,117895138,206034
2020-02-05 01:41:26.440000+00:00,leaf8,sg0,29209775,0,118034681,705457121,0,0,0,95634609,0,24774,139309,40978,118408,123756,0,217403,767420,928883674,705328346,39216904,203268805,28771905,1209947,52325,56433,20541,11589,0,obt-collector1,,,0/RP0/CPU0,0,0,0,76288136,0,0,20543,15639,262374,45,0,0,0,12839,205989,63,10822,55,0,3,514693,160,5012,0,0,0,0,0,17780,0,0,83,565355,17794,0,0,,0,4000,0,0,0,0,260,0,4,0,0,0,0,256,0,0,0,0,8,149644656,203813426,0,0,0,0,0,117895368,206034
2020-02-05 01:41:36.558000+00:00,leaf8,sg0,29209835,0,118034911,705847037,0,0,0,95634609,0,24774,139309,40978,118408,123756,0,217403,767421,928885417,705718262,39216991,203269222,28771965,1209947,52325,56433,20541,11589,0,obt-collector1,,,0/RP0/CPU0,0,0,0,76288305,0,0,20543,15639,262374,45,0,0,0,12839,205989,63,10822,55,0,3,514694,160,5012,0,0,0,0,0,17780,0,0,83,565356,17794,0,0,,0,4000,0,0,0,0,260,0,4,0,0,0,0,256,0,0,0,0,8,149644924,203813844,0,0,0,0,0,117895598,206034
2020-02-05 01:41:46.677000+00:00,leaf8,sg0,29209889,0,118035159,706238997,0,0,0,95634609,0,24774,139309,40978,118408,123756,0,217403,767422,928887831,706110222,39217086,203269656,28772018,1209947,52325,56433,20541,11589,0,obt-collector1,,,0/RP0/CPU0,0,0,0,76288506,0,0,20543,15639,262374,45,0,0,0,12839,205990,63,10822,55,0,3,514695,160,5012,0,0,0,0,0,17780,0,0,83,565357,17794,0,0,,0,4000,0,0,0,0,260,0,4,0,0,0,0,256,0,0,0,0,8,149645214,203814279,0,0,0,0,0,117895846,206035
2020-02-05 01:41:56.771000+00:00,leaf8,sg0,29209950,0,118035393,706629009,0,0,0,95634609,0,24774,139309,40978,118408,123757,0,217403,767423,928889579,706500234,39217172,203270077,28772079,1209947,52325,56433,20541,11589,0,obt-collector1,,,0/RP0/CPU0,0,0,0,76288675,0,0,20543,15640,262376,45,0,0,0,12839,205990,63,10822,55,0,3,514696,160,5012,0,0,0,0,0,17780,0,0,83,565358,17794,0,0,,0,4000,0,0,0,0,260,0,4,0,0,0,0,256,0,0,0,0,8,149645487,203814702,0,0,0,0,0,117896080,206035
2020-02-05 01:42:06.868000+00:00,leaf8,sg0,29210011,0,118035619,707018861,0,0,0,95634609,0,24774,139309,40978,118408,123757,0,217404,767426,928891303,706890086,39217258,203270500,28772140,1209947,52325,56433,20541,11589,0,obt-collector1,,,0/RP0/CPU0,0,0,0,76288843,0,0,20543,15640,262377,45,0,0,0,12839,205990,63,10822,55,0,3,514698,160,5012,0,0,0,0,0,17780,0,0,83,565360,17794,0,0,,0,4000,0,0,0,0,260,0,4,0,0,0,0,256,0,0,0,0,8,149645753,203815127,0,0,0,0,0,117896306,206035
2020-02-05 01:42:16.972000+00:00,leaf8,sg0,29210076,0,118035839,707410497,0,0,0,95634609,0,24774,139309,40978,118408,123757,0,217404,767427,928893644,707281722,39217349,203270919,28772203,1209947,52325,56433,20541,11589,0,obt-collector1,,,0/RP0/CPU0,0,0,0,76289017,0,0,20543,15640,262377,45,0,0,0,12839,205992,63,10822,55,0,3,514699,160,5012,0,0,0,0,0,17780,0,0,83,565361,17794,0,0,,0,4000,0,0,0,0,260,0,4,0,0,0,0,256,0,0,0,0,8,149646016,203815547,0,0,0,0,0,117896526,206037
2020-02-05 01:42:27.071000+00:00,leaf8,sg0,29210137,0,118036069,707800509,0,0,0,95634609,0,24774,139309,40978,118408,123757,0,217404,767427,928895464,707671734,39217436,203271338,28772263,1209947,52325,56433,20541,11589,0,obt-collector1,,,0/RP0/CPU0,0,0,0,76289186,0,0,20543,15641,262378,45,0,0,0,12839,205993,63,10822,55,0,3,514699,160,5012,0,0,0,0,0,17780,0,0,83,565361,17794,0,0,,0,4000,0,0,0,0,260,0,4,0,0,0,0,256,0,0,0,0,8,149646286,203815967,0,0,0,0,0,117896756,206038
2020-02-05 01:42:37.179000+00:00,leaf8,sg0,29210209,0,118036325,708192184,0,0,0,95634609,0,24775,139314,40978,118413,123758,0,217409,767439,928898771,708063399,39217536,203271792,28772324,1209947,52325,56433,20541,11589,0,obt-collector1,,,0/RP0/CPU0,0,0,0,76289354,0,0,20543,15641,262380,45,0,0,0,12839,205995,63,10822,55,0,3,514700,160,5012,0,0,0,0,0,17780,0,0,83,565366,17794,0,0,,0,4000,0,0,0,0,260,0,4,0,0,0,0,256,0,0,0,0,8,149646595,203816422,0,0,0,0,0,117897002,206040
2020-02-05 01:42:47.281000+00:00,leaf8,sg0,29210268,0,118036629,708582787,0,0,0,95634609,0,24775,139315,40978,118414,123758,0,217410,767442,928900578,708454000,39217626,203272222,28772381,1209947,52325,56433,20541,11589,0,obt-collector1,,,0/RP0/CPU0,0,0,0,76289536,0,0,20543,15641,262380,45,0,0,0,12839,205995,63,10822,55,0,3,514701,160,5012,0,0,0,0,0,17780,0,0,83,565368,17794,0,0,,0,4000,0,0,0,0,260,0,4,0,0,0,0,256,0,0,0,0,8,149646942,203816853,0,0,0,0,0,117897304,206040
2020-02-05 01:42:57.369000+00:00,leaf8,sg0,29210330,0,118036866,708972655,0,0,0,95634609,0,24775,139315,40978,118414,123758,0,217410,767443,928902342,708843868,39217712,203272642,28772442,1209947,52325,56433,20541,11589,0,obt-collector1,,,0/RP0/CPU0,0,0,0,76289705,0,0,20543,15642,262381,45,0,0,0,12839,205996,63,10822,55,0,3,514702,160,5012,0,0,0,0,0,17780,0,0,83,565369,17794,0,0,,0,4000,0,0,0,0,260,0,4,0,0,0,0,256,0,0,0,0,8,149647221,203817275,0,0,0,0,0,117897541,206041
2020-02-05 01:43:07.466000+00:00,leaf8,sg0,29210391,0,118037081,709362699,0,0,0,95634609,0,24775,139315,40978,118414,123759,0,217410,767443,928904066,709233912,39217798,203273059,28772503,1209947,52325,56433,20541,11589,0,obt-collector1,,,0/RP0/CPU0,0,0,0,76289873,0,0,20543,15642,262382,45,0,0,0,12839,205997,63,10822,55,0,3,514702,160,5012,0,0,0,0,0,17780,0,0,83,565369,17794,0,0,,0,4000,0,0,0,0,260,0,4,0,0,0,0,256,0,0,0,0,8,149647474,203817692,0,0,0,0,0,117897756,206042
2020-02-05 01:43:17.573000+00:00,leaf8,sg0,29210452,0,118037285,709752487,0,0,0,95634609,0,24775,139315,40978,118414,123759,0,217411,767446,928905790,709623700,39217884,203273475,28772562,1209947,52325,56433,20541,11589,0,obt-collector1,,,0/RP0/CPU0,0,0,0,76290041,0,0,20543,15642,262383,45,0,0,0,12839,205999,63,10822,55,0,3,514704,160,5012,0,0,0,0,0,17780,0,0,83,565371,17794,0,0,,0,4000,0,0,0,0,260,0,4,0,0,0,0,256,0,0,0,0,8,149647719,203818110,0,0,0,0,0,117897960,206044
2020-02-05 01:43:27.699000+00:00,leaf8,sg0,29210514,0,118037494,710142595,0,0,0,95634609,0,24775,139315,40978,118414,123759,0,217411,767447,928907637,710013808,39217972,203273893,28772623,1209947,52325,56433,20541,11589,0,obt-collector1,,,0/RP0/CPU0,0,0,0,76290211,0,0,20543,15643,262384,45,0,0,0,12839,206000,63,10822,55,0,3,514705,160,5012,0,0,0,0,0,17780,0,0,83,565372,17794,0,0,,0,4000,0,0,0,0,260,0,4,0,0,0,0,256,0,0,0,0,8,149647969,203818530,0,0,0,0,0,117898169,206045
2020-02-05 01:43:37.814000+00:00,leaf8,sg0,29210576,0,118037710,710532527,0,0,0,95634609,0,24775,139315,40978,118414,123759,0,217411,767447,928909361,710403740,39218058,203274313,28772685,1209947,52325,56433,20541,11589,0,obt-collector1,,,0/RP0/CPU0,0,0,0,76290379,0,0,20543,15643,262384,45,0,0,0,12839,206000,63,10822,55,0,3,514705,160,5012,0,0,0,0,0,17780,0,0,83,565372,17794,0,0,,0,4000,0,0,0,0,260,0,4,0,0,0,0,256,0,0,0,0,8,149648222,203818950,0,0,0,0,0,117898385,206045
2020-02-05 01:43:47.904000+00:00,leaf8,sg0,29210640,0,118037940,710922366,0,0,0,95634609,0,24775,139315,40978,118414,123760,0,217412,767449,928911085,710793579,39218144,203274736,28772746,1209947,52325,56433,20541,11589,0,obt-collector1,,,0/RP0/CPU0,0,0,0,76290548,0,0,20543,15643,262386,45,0,0,0,12839,206003,63,10822,55,0,3,514706,160,5012,0,0,0,0,0,17780,0,0,83,565373,17794,0,0,,0,4000,0,0,0,0,260,0,4,0,0,0,0,256,0,0,0,0,8,149648491,203819374,0,0,0,0,0,117898615,206048
2020-02-05 01:43:58.005000+00:00,leaf8,sg0,29210701,0,118038168,711312234,0,0,0,95634609,0,24775,139315,40978,118414,123760,0,217412,767450,928912773,711183447,39218230,203275153,28772807,1209947,52325,56433,20541,11589,0,obt-collector1,,,0/RP0/CPU0,0,0,0,76290717,0,0,20543,15644,262387,45,0,0,0,12839,206003,63,10822,55,0,3,514707,160,5012,0,0,0,0,0,17780,0,0,83,565374,17794,0,0,,0,4000,0,0,0,0,260,0,4,0,0,0,0,256,0,0,0,0,8,149648759,203819793,0,0,0,0,0,117898843,206048
2020-02-05 01:44:08.109000+00:00,leaf8,sg0,29210761,0,118038388,711702038,0,0,0,95634609,0,24775,139315,40978,118414,123760,0,217412,767451,928914433,711573251,39218315,203275571,28772867,1209947,52325,56433,20541,11589,0,obt-collector1,,,0/RP0/CPU0,0,0,0,76290885,0,0,20543,15644,262387,45,0,0,0,12839,206003,63,10822,55,0,3,514708,160,5012,0,0,0,0,0,17780,0,0,83,565375,17794,0,0,,0,4000,0,0,0,0,260,0,4,0,0,0,0,256,0,0,0,0,8,149649018,203820212,0,0,0,0,0,117899063,206048
2020-02-05 01:44:18.196000+00:00,leaf8,sg0,29210822,0,118038623,712091730,0,0,0,95634609,0,24775,139315,40978,118414,123761,0,217412,767451,928916157,711962943,39218401,203275993,28772928,1209947,52325,56433,20541,11589,0,obt-collector1,,,0/RP0/CPU0,0,0,0,76291053,0,0,20543,15644,262388,45,0,0,0,12839,206003,63,10822,55,0,3,514708,160,5012,0,0,0,0,0,17780,0,0,83,565375,17794,0,0,,0,4000,0,0,0,0,260,0,4,0,0,0,0,256,0,0,0,0,8,149649292,203820634,0,0,0,0,0,117899298,206048
2020-02-05 01:44:28.305000+00:00,leaf8,sg0,29210885,0,118038842,712481646,0,0,0,95634609,0,24775,139315,40978,118414,123761,0,217413,767454,928917881,712352859,39218487,203276414,28772991,1209947,52325,56433,20541,11589,0,obt-collector1,,,0/RP0/CPU0,0,0,0,76291221,0,0,20543,15645,262390,45,0,0,0,12839,206003,62,10822,55,0,3,514710,160,5012,0,0,0,0,0,17780,0,0,83,565377,17794,0,0,,0,4000,0,0,0,0,260,0,4,0,0,0,0,256,0,0,0,0,8,149649554,203821058,0,0,0,0,0,117899517,206048
2020-02-05 01:44:38.418000+00:00,leaf8,sg0,29210947,0,118039055,712871562,0,0,0,95634609,0,24775,139315,40978,118414,123761,0,217413,767455,928919605,712742775,39218573,203276837,28773053,1209947,52325,56433,20541,11589,0,obt-collector1,,,0/RP0/CPU0,0,0,0,76291389,0,0,20543,15645,262390,45,0,0,0,12839,206003,62,10822,55,0,3,514711,160,5012,0,0,0,0,0,17780,0,0,83,565378,17794,0,0,,0,4000,0,0,0,0,260,0,4,0,0,0,0,256,0,0,0,0,8,149649803,203821482,0,0,0,0,0,117899730,206048
2020-02-05 01:44:48.554000+00:00,leaf8,sg0,29211010,0,118039337,713391321,0,0,0,95634609,0,24775,139315,40978,118414,123761,0,217413,767455,928921348,713274214,39218660,203277361,28773115,1209947,52325,56433,20541,11589,0,obt-collector1,,,0/RP0/CPU0,0,0,0,76291559,0,0,20543,15645,262390,45,0,0,0,12839,206004,62,10822,55,0,3,514711,160,5012,0,0,0,0,0,17780,0,0,83,565378,17794,0,0,,0,4000,0,0,0,0,260,0,4,0,0,0,0,256,0,0,0,0,8,149650124,203822006,0,0,0,0,0,117900012,206049
2020-02-05 01:44:58.646000+00:00,leaf8,sg0,29211073,0,118039581,713845941,0,0,0,95634609,0,24775,139316,40979,118414,123762,0,217413,767455,928923155,713717154,39218748,203277818,28773178,1209947,52325,56433,20542,11589,0,obt-collector1,,,0/RP0/CPU0,0,0,0,76291731,0,0,20544,15646,262393,45,0,0,0,12839,206004,62,10822,55,0,3,514711,160,5012,0,0,0,0,0,17780,0,0,83,565378,17794,0,0,,0,4000,0,0,0,0,260,0,4,0,0,0,0,256,0,0,0,0,8,149650402,203822464,0,0,0,0,0,117900256,206049
2020-02-05 01:45:08.737000+00:00,leaf8,sg0,29211137,0,118039808,714235697,0,0,0,95634609,0,24775,139316,40979,118414,123762,0,217414,767457,928924815,714106910,39218833,203278241,28773242,1209947,52325,56433,20542,11589,0,obt-collector1,,,0/RP0/CPU0,0,0,0,76291899,0,0,20544,15646,262393,45,0,0,0,12839,206004,63,10822,55,0,3,514712,160,5012,0,0,0,0,0,17780,0,0,83,565380,17794,0,0,,0,4000,0,0,0,0,260,0,4,0,0,0,0,256,0,0,0,0,8,149650668,203822888,0,0,0,0,0,117900483,206049
2020-02-05 01:45:18.845000+00:00,leaf8,sg0,29211199,0,118040024,714625565,0,0,0,95634609,0,24775,139316,40979,118414,123762,0,217414,767458,928926475,714496778,39218918,203278662,28773304,1209947,52325,56433,20542,11589,0,obt-collector1,,,0/RP0/CPU0,0,0,0,76292067,0,0,20544,15646,262393,45,0,0,0,12839,206004,63,10822,55,0,3,514713,160,5012,0,0,0,0,0,17780,0,0,83,565381,17794,0,0,,0,4000,0,0,0,0,260,0,4,0,0,0,0,256,0,0,0,0,8,149650925,203823310,0,0,0,0,0,117900699,206049
2020-02-05 01:45:28.947000+00:00,leaf8,sg0,29211262,0,118040238,715015385,0,0,0,95634609,0,24775,139316,40979,118414,123762,0,217414,767458,928928218,714886598,39219005,203279080,28773367,1209947,52325,56433,20542,11589,0,obt-collector1,,,0/RP0/CPU0,0,0,0,76292236,0,0,20544,15647,262394,45,0,0,0,12839,206004,63,10822,55,0,3,514713,160,5012,0,0,0,0,0,17780,0,0,83,565381,17794,0,0,,0,4000,0,0,0,0,260,0,4,0,0,0,0,256,0,0,0,0,8,149651183,203823729,0,0,0,0,0,117900913,206049
2020-02-05 01:45:39.050000+00:00,leaf8,sg0,29211325,0,118040460,715405413,0,0,0,95634609,0,24775,139316,40979,118414,123763,0,217415,767461,928929942,715276626,39219091,203279502,28773430,1209947,52325,56433,20542,11589,0,obt-collector1,,,0/RP0/CPU0,0,0,0,76292404,0,0,20544,15647,262396,45,0,0,0,12839,206004,63,10822,55,0,3,514715,160,5012,0,0,0,0,0,17780,0,0,83,565383,17794,0,0,,0,4000,0,0,0,0,260,0,4,0,0,0,0,256,0,0,0,0,8,149651449,203824153,0,0,0,0,0,117901135,206049
2020-02-05 01:45:49.157000+00:00,leaf8,sg0,29211389,0,118040658,715795604,0,0,0,95634609,0,24775,139316,40979,118414,123763,0,217415,767462,928931704,715666817,39219179,203279924,28773494,1209947,52325,56433,20542,11589,0,obt-collector1,,,0/RP0/CPU0,0,0,0,76292575,0,0,20544,15647,262396,45,0,0,0,12839,206004,63,10822,55,0,3,514716,160,5012,0,0,0,0,0,17780,0,0,83,565384,17794,0,0,,0,4000,0,0,0,0,260,0,4,0,0,0,0,256,0,0,0,0,8,149651685,203824576,0,0,0,0,0,117901333,206049
2020-02-05 01:45:59.241000+00:00,leaf8,sg0,29211452,0,118040874,716185424,0,0,0,95634609,0,24775,139316,40979,118414,123763,0,217415,767463,928933428,716056637,39219265,203280344,28773557,1209947,52325,56433,20542,11589,0,obt-collector1,,,0/RP0/CPU0,0,0,0,76292743,0,0,20544,15648,262397,45,0,0,0,12839,206004,63,10822,55,0,3,514717,160,5012,0,0,0,0,0,17780,0,0,83,565385,17794,0,0,,0,4000,0,0,0,0,260,0,4,0,0,0,0,256,0,0,0,0,8,149651945,203824998,0,0,0,0,0,117901549,206049
2020-02-05 01:46:09.344000+00:00,leaf8,sg0,29211516,0,118041103,716575340,0,0,0,95634609,0,24775,139316,40979,118414,123764,0,217415,767463,928935152,716446553,39219351,203280766,28773621,1209947,52325,56433,20542,11589,0,obt-collector1,,,0/RP0/CPU0,0,0,0,76292911,0,0,20544,15648,262398,45,0,0,0,12839,206004,63,10822,55,0,3,514717,160,5012,0,0,0,0,0,17780,0,0,83,565385,17794,0,0,,0,4000,0,0,0,0,260,0,4,0,0,0,0,256,0,0,0,0,8,149652215,203825420,0,0,0,0,0,117901778,206049
2020-02-05 01:46:19.435000+00:00,leaf8,sg0,29211579,0,118041301,716965339,0,0,0,95634609,0,24775,139316,40979,118414,123764,0,217416,767466,928936812,716836552,39219436,203281187,28773684,1209947,52325,56433,20542,11589,0,obt-collector1,,,0/RP0/CPU0,0,0,0,76293080,0,0,20544,15649,262400,45,0,0,0,12839,206004,63,10822,55,0,3,514719,160,5012,0,0,0,0,0,17780,0,0,83,565387,17794,0,0,,0,4000,0,0,0,0,260,0,4,0,0,0,0,256,0,0,0,0,8,149652457,203825844,0,0,0,0,0,117901976,206049
2020-02-05 01:46:29.536000+00:00,leaf8,sg0,29211637,0,118041525,717355523,0,0,0,95634609,0,24775,139316,40979,118414,123764,0,217416,767467,928938814,717226755,39219539,203281623,28773742,1209947,52325,56433,20542,11589,0,obt-collector1,,,0/RP0/CPU0,0,0,0,76293287,0,0,20544,15649,262400,45,0,0,0,12839,206004,63,10822,55,0,3,514720,160,5012,0,0,0,0,0,17780,0,0,83,565388,17794,0,0,,0,4000,0,0,0,0,260,0,4,0,0,0,0,256,0,0,0,0,8,149652722,203826281,0,0,0,0,0,117902200,206049
2020-02-05 01:46:39.633000+00:00,leaf8,sg0,29211697,0,118041745,717745375,0,0,0,95634609,0,24775,139316,40979,118414,123764,0,217416,767467,928940557,717616607,39219626,203282040,28773802,1209947,52325,56433,20542,11589,0,obt-collector1,,,0/RP0/CPU0,0,0,0,76293456,0,0,20544,15649,262400,45,0,0,0,12839,206004,63,10822,55,0,3,514720,160,5012,0,0,0,0,0,17780,0,0,83,565388,17794,0,0,,0,4000,0,0,0,0,260,0,4,0,0,0,0,256,0,0,0,0,8,149652984,203826698,0,0,0,0,0,117902420,206049
2020-02-05 01:46:49.729000+00:00,leaf8,sg0,29211774,0,118041968,718135217,0,0,0,95634609,0,24775,139316,40979,118414,123765,0,217417,767469,928942281,718006430,39219712,203282475,28773878,1209947,52325,56433,20542,11589,0,obt-collector1,,,0/RP0/CPU0,0,0,0,76293625,0,0,20544,15650,262403,45,0,0,0,12839,206005,63,10822,55,0,3,514721,160,5012,0,0,0,0,0,17780,0,0,83,565389,17794,0,0,,0,4000,0,0,0,0,260,0,4,0,0,0,0,256,0,0,0,0,8,149653254,203827135,0,0,0,0,0,117902643,206050
2020-02-05 01:46:59.813000+00:00,leaf8,sg0,29211837,0,118042176,718525069,0,0,0,95634609,0,24775,139316,40979,118414,123765,0,217417,767470,928944005,718396282,39219798,203282894,28773937,1209947,52325,56433,20542,11589,0,obt-collector1,,,0/RP0/CPU0,0,0,0,76293793,0,0,20544,15650,262403,45,0,0,0,12839,206009,63,10822,55,0,3,514722,160,5012,0,0,0,0,0,17780,0,0,83,565390,17794,0,0,,0,4000,0,0,0,0,260,0,4,0,0,0,0,256,0,0,0,0,8,149653505,203827555,0,0,0,0,0,117902851,206054
2020-02-05 01:47:09.908000+00:00,leaf8,sg0,29211896,0,118042387,718915001,0,0,0,95634609,0,24775,139316,40979,118414,123765,0,217417,767471,928945729,718786214,39219884,203283310,28773995,1209947,52325,56433,20542,11589,0,obt-collector1,,,0/RP0/CPU0,0,0,0,76293961,0,0,20544,15650,262403,45,0,0,0,12839,206010,63,10822,55,0,3,514723,160,5012,0,0,0,0,0,17780,0,0,83,565391,17794,0,0,,0,4000,0,0,0,0,260,0,4,0,0,0,0,256,0,0,0,0,8,149653757,203827972,0,0,0,0,0,117903062,206055
2020-02-05 01:47:20.039000+00:00,leaf8,sg0,29211955,0,118042598,719305157,0,0,0,95634609,0,24775,139316,40979,118414,123766,0,217417,767471,928947453,719176370,39219970,203283727,28774053,1209947,52325,56433,20542,11589,0,obt-collector1,,,0/RP0/CPU0,0,0,0,76294129,0,0,20544,15651,262405,45,0,0,0,12839,206011,63,10822,55,0,3,514723,160,5012,0,0,0,0,0,17780,0,0,83,565391,17794,0,0,,0,4000,0,0,0,0,260,0,4,0,0,0,0,256,0,0,0,0,8,149654009,203828390,0,0,0,0,0,117903273,206056
2020-02-05 01:47:30.140000+00:00,leaf8,sg0,29212014,0,118042804,719695073,0,0,0,95634609,0,24775,139316,40979,118414,123766,0,217418,767474,928949113,719566286,39220055,203284144,28774111,1209947,52325,56433,20542,11589,0,obt-collector1,,,0/RP0/CPU0,0,0,0,76294297,0,0,20544,15651,262406,45,0,0,0,12839,206012,63,10822,55,0,3,514725,160,5012,0,0,0,0,0,17780,0,0,83,565393,17794,0,0,,0,4000,0,0,0,0,260,0,4,0,0,0,0,256,0,0,0,0,8,149654258,203828809,0,0,0,0,0,117903479,206057
2020-02-05 01:47:40.239000+00:00,leaf8,sg0,29212074,0,118043021,720084989,0,0,0,95634609,0,24775,139316,40979,118414,123766,0,217418,767475,928950837,719956202,39220141,203284560,28774171,1209947,52325,56433,20542,11589,0,obt-collector1,,,0/RP0/CPU0,0,0,0,76294465,0,0,20544,15651,262406,45,0,0,0,12839,206012,63,10822,55,0,3,514726,160,5012,0,0,0,0,0,17780,0,0,83,565394,17794,0,0,,0,4000,0,0,0,0,260,0,4,0,0,0,0,256,0,0,0,0,8,149654517,203829226,0,0,0,0,0,117903696,206057
2020-02-05 01:47:50.324000+00:00,leaf8,sg0,29212133,0,118043227,720474988,0,0,0,95634609,0,24775,139316,40979,118414,123766,0,217418,767475,928952535,720346201,39220228,203284975,28774230,1209947,52325,56433,20542,11589,0,obt-collector1,,,0/RP0/CPU0,0,0,0,76294636,0,0,20544,15652,262407,45,0,0,0,12839,206012,63,10822,55,0,3,514726,160,5012,0,0,0,0,0,17780,0,0,83,565394,17794,0,0,,0,4000,0,0,0,0,260,0,4,0,0,0,0,256,0,0,0,0,8,149654766,203829642,0,0,0,0,0,117903902,206057
2020-02-05 01:48:00.410000+00:00,leaf8,sg0,29212190,0,118043450,720864968,0,0,0,95634609,0,24775,139316,40979,118414,123767,0,217419,767477,928954259,720736181,39220314,203285390,28774284,1209947,52325,56433,20542,11589,0,obt-collector1,,,0/RP0/CPU0,0,0,0,76294804,0,0,20544,15652,262409,45,0,0,0,12839,206015,62,10822,55,0,3,514727,160,5012,0,0,0,0,0,17780,0,0,83,565395,17794,0,0,,0,4000,0,0,0,0,260,0,4,0,0,0,0,256,0,0,0,0,8,149655032,203830058,0,0,0,0,0,117904125,206060
2020-02-05 01:48:10.531000+00:00,leaf8,sg0,29212247,0,118043664,721255012,0,0,0,95634609,0,24775,139316,40979,118414,123767,0,217419,767478,928956059,721126225,39220404,203285805,28774341,1209947,52325,56433,20542,11589,0,obt-collector1,,,0/RP0/CPU0,0,0,0,76294976,0,0,20544,15652,262409,45,0,0,0,12839,206015,62,10822,55,0,3,514728,160,5012,0,0,0,0,0,17780,0,0,83,565396,17794,0,0,,0,4000,0,0,0,0,260,0,4,0,0,0,0,256,0,0,0,0,8,149655292,203830474,0,0,0,0,0,117904339,206060
2020-02-05 01:48:20.640000+00:00,leaf8,sg0,29212305,0,118043867,721645106,0,0,0,95634609,0,24775,139316,40979,118414,123767,0,217419,767479,928958030,721516585,39220503,203286237,28774399,1209947,52325,56433,20542,11589,0,obt-collector1,,,0/RP0/CPU0,0,0,0,76295177,0,0,20544,15653,262410,45,0,0,0,12839,206015,62,10822,55,0,3,514729,160,5012,0,0,0,0,0,17780,0,0,83,565397,17794,0,0,,0,4000,0,0,0,0,260,0,4,0,0,0,0,256,0,0,0,0,8,149655548,203830908,0,0,0,0,0,117904542,206060
2020-02-05 01:48:30.756000+00:00,leaf8,sg0,29212360,0,118044086,722035134,0,0,0,95634609,0,24775,139316,40979,118414,123768,0,217419,767479,928959773,721906613,39220590,203286647,28774453,1209947,52325,56433,20542,11589,0,obt-collector1,,,0/RP0/CPU0,0,0,0,76295346,0,0,20544,15653,262411,45,0,0,0,12839,206016,62,10822,55,0,3,514729,160,5012,0,0,0,0,0,17780,0,0,83,565397,17794,0,0,,0,4000,0,0,0,0,260,0,4,0,0,0,0,256,0,0,0,0,8,149655811,203831318,0,0,0,0,0,117904761,206061
2020-02-05 01:48:40.875000+00:00,leaf8,sg0,29212419,0,118044331,722425268,0,0,0,95634609,0,24775,139317,40980,118414,123768,0,217420,767481,928961452,722296481,39220676,203287065,28774510,1209947,52325,56433,20543,11589,0,obt-collector1,,,0/RP0/CPU0,0,0,0,76295518,0,0,20545,15653,262412,45,0,0,0,12839,206018,63,10822,55,0,3,514730,160,5012,0,0,0,0,0,17780,0,0,83,565399,17794,0,0,,0,4000,0,0,0,0,260,0,4,0,0,0,0,256,0,0,0,0,8,149656100,203831737,0,0,0,0,0,117905006,206063
2020-02-05 01:48:50.969000+00:00,leaf8,sg0,29212474,0,118044555,722815155,0,0,0,95634609,0,24775,139317,40980,118414,123768,0,217420,767482,928963176,722686368,39220762,203287477,28774565,1209947,52325,56433,20543,11589,0,obt-collector1,,,0/RP0/CPU0,0,0,0,76295687,0,0,20545,15654,262413,45,0,0,0,12839,206018,63,10822,55,0,3,514731,160,5012,0,0,0,0,0,17780,0,0,83,565400,17794,0,0,,0,4000,0,0,0,0,260,0,4,0,0,0,0,256,0,0,0,0,8,149656367,203832151,0,0,0,0,0,117905230,206063
2020-02-05 01:49:01.072000+00:00,leaf8,sg0,29212529,0,118044786,723205023,0,0,0,95634609,0,24775,139317,40980,118414,123768,0,217420,767483,928964900,723076236,39220848,203287891,28774620,1209947,52325,56433,20543,11589,0,obt-collector1,,,0/RP0/CPU0,0,0,0,76295855,0,0,20545,15654,262413,45,0,0,0,12839,206018,63,10822,55,0,3,514732,160,5012,0,0,0,0,0,17780,0,0,83,565401,17794,0,0,,0,4000,0,0,0,0,260,0,4,0,0,0,0,256,0,0,0,0,8,149656639,203832566,0,0,0,0,0,117905461,206063
2020-02-05 01:49:11.183000+00:00,leaf8,sg0,29212584,0,118044991,723594763,0,0,0,95634609,0,24775,139317,40980,118414,123769,0,217421,767485,928966560,723465976,39220933,203288304,28774675,1209947,52325,56433,20543,11589,0,obt-collector1,,,0/RP0/CPU0,0,0,0,76296023,0,0,20545,15654,262415,45,0,0,0,12839,206018,63,10822,55,0,3,514733,160,5012,0,0,0,0,0,17780,0,0,83,565402,17794,0,0,,0,4000,0,0,0,0,260,0,4,0,0,0,0,256,0,0,0,0,8,149656887,203832980,0,0,0,0,0,117905666,206063
2020-02-05 01:49:21.282000+00:00,leaf8,sg0,29212638,0,118045224,723984695,0,0,0,95634609,0,24775,139317,40980,118414,123769,0,217421,767487,928968284,723855908,39221019,203288719,28774729,1209947,52325,56433,20543,11589,0,obt-collector1,,,0/RP0/CPU0,0,0,0,76296191,0,0,20545,15655,262416,45,0,0,0,12839,206019,63,10822,55,0,3,514735,160,5012,0,0,0,0,0,17780,0,0,83,565404,17794,0,0,,0,4000,0,0,0,0,260,0,4,0,0,0,0,256,0,0,0,0,8,149657164,203833398,0,0,0,0,0,117905899,206064
2020-02-05 01:49:31.385000+00:00,leaf8,sg0,29212694,0,118045441,724374499,0,0,0,95634609,0,24775,139317,40980,118414,123769,0,217421,767487,928970027,724245712,39221106,203289135,28774781,1209947,52325,56433,20543,11589,0,obt-collector1,,,0/RP0/CPU0,0,0,0,76296360,0,0,20545,15655,262416,45,0,0,0,12839,206023,63,10822,55,0,3,514735,160,5012,0,0,0,0,0,17780,0,0,83,565404,17794,0,0,,0,4000,0,0,0,0,260,0,4,0,0,0,0,256,0,0,0,0,8,149657423,203833814,0,0,0,0,0,117906116,206068
2020-02-05 01:49:41.495000+00:00,leaf8,sg0,29212761,0,118045751,724766601,0,0,0,95634609,0,24776,139323,40981,118420,123770,0,217426,767499,928973171,724637802,39221206,203289590,28774838,1209947,52325,56433,20543,11589,0,obt-collector1,,,0/RP0/CPU0,0,0,0,76296529,0,0,20545,15655,262417,45,0,0,0,12839,206023,63,10822,55,0,3,514735,160,5012,0,0,0,0,0,17780,0,0,83,565409,17794,0,0,,0,4000,0,0,0,0,260,0,4,0,0,0,0,256,0,0,0,0,8,149657793,203834269,0,0,0,0,0,117906416,206068
2020-02-05 01:49:51.585000+00:00,leaf8,sg0,29212815,0,118046000,725156616,0,0,0,95634609,0,24776,139323,40981,118420,123770,0,217427,767502,928974895,725027817,39221292,203290004,28774892,1209947,52325,56433,20543,11589,0,obt-collector1,,,0/RP0/CPU0,0,0,0,76296698,0,0,20545,15656,262419,45,0,0,0,12839,206023,63,10822,55,0,3,514737,160,5012,0,0,0,0,0,17780,0,0,83,565411,17794,0,0,,0,4000,0,0,0,0,260,0,4,0,0,0,0,256,0,0,0,0,8,149658086,203834686,0,0,0,0,0,117906665,206068
2020-02-05 01:50:01.669000+00:00,leaf8,sg0,29212868,0,118046235,725546500,0,0,0,95634609,0,24776,139323,40981,118420,123770,0,217427,767503,928976619,725417701,39221378,203290413,28774944,1209947,52325,56433,20543,11589,0,obt-collector1,,,0/RP0/CPU0,0,0,0,76296866,0,0,20545,15656,262419,45,0,0,0,12839,206024,63,10822,55,0,3,514738,160,5012,0,0,0,0,0,17780,0,0,83,565412,17794,0,0,,0,4000,0,0,0,0,260,0,4,0,0,0,0,256,0,0,0,0,8,149658363,203835096,0,0,0,0,0,117906900,206069
2020-02-05 01:50:11.778000+00:00,leaf8,sg0,29212922,0,118046477,725936464,0,0,0,95634609,0,24776,139323,40981,118420,123770,0,217427,767503,928978343,725807665,39221464,203290828,28774998,1209947,52325,56433,20543,11589,0,obt-collector1,,,0/RP0/CPU0,0,0,0,76297034,0,0,20545,15656,262419,45,0,0,0,12839,206024,63,10822,55,0,3,514738,160,5012,0,0,0,0,0,17780,0,0,83,565412,17794,0,0,,0,4000,0,0,0,0,260,0,4,0,0,0,0,256,0,0,0,0,8,149658648,203835511,0,0,0,0,0,117907142,206069
2020-02-05 01:50:21.871000+00:00,leaf8,sg0,29212975,0,118046673,726326380,0,0,0,95634609,0,24776,139323,40981,118420,123771,0,217428,767505,928980067,726197581,39221550,203291235,28775050,1209947,52325,56433,20543,11589,0,obt-collector1,,,0/RP0/CPU0,0,0,0,76297202,0,0,20545,15657,262422,45,0,0,0,12839,206025,63,10822,55,0,3,514739,160,5012,0,0,0,0,0,17780,0,0,83,565413,17794,0,0,,0,4000,0,0,0,0,260,0,4,0,0,0,0,256,0,0,0,0,8,149658889,203835920,0,0,0,0,0,117907338,206070
2020-02-05 01:50:31.964000+00:00,leaf8,sg0,29213033,0,118046885,726718910,0,0,0,95634609,0,24776,139323,40981,118420,123771,0,217428,767507,928984301,726590111,39221637,203291648,28775108,1209947,52325,56433,20543,11589,0,obt-collector1,,,0/RP0/CPU0,0,0,0,76297373,0,0,20545,15657,262422,45,0,0,0,12839,206025,63,10822,55,0,3,514741,160,5012,0,0,0,0,0,17780,0,0,83,565415,17794,0,0,,0,4000,0,0,0,0,260,0,4,0,0,0,0,256,0,0,0,0,8,149659160,203836335,0,0,0,0,0,117907550,206070
2020-02-05 01:50:42.056000+00:00,leaf8,sg0,29213101,0,118047217,727148530,0,0,0,95634609,0,24777,139334,40981,118431,123771,0,217438,767529,928989527,727019709,39221752,203292177,28775153,1209947,52325,56433,20543,11589,0,obt-collector1,,,0/RP0/CPU0,0,0,0,76297541,0,0,20545,15657,262422,45,0,0,0,12839,206027,63,10822,55,0,3,514741,160,5012,0,0,0,0,0,17780,0,0,83,565425,17794,0,0,,0,4000,0,0,0,0,260,0,4,0,0,0,0,256,0,0,0,0,8,149659597,203836864,0,0,0,0,0,117907861,206072
2020-02-05 01:50:52.158000+00:00,leaf8,sg0,29213139,0,118047451,727538318,0,0,0,95634609,0,24777,139334,40981,118431,123772,0,217439,767530,928991251,727409497,39221838,203292573,28775191,1209947,52325,56433,20543,11589,0,obt-collector1,,,0/RP0/CPU0,0,0,0,76297709,0,0,20545,15658,262425,45,0,0,0,12839,206027,63,10822,55,0,3,514741,160,5012,0,0,0,0,0,17780,0,0,83,565425,17794,0,0,,0,4000,0,0,0,0,260,0,4,0,0,0,0,256,0,0,0,0,8,149659902,203837261,0,0,0,0,0,117908095,206072
2020-02-05 01:51:02.251000+00:00,leaf8,sg0,29213197,0,118047696,727931586,0,0,0,95634609,0,24777,139334,40981,118431,123772,0,217439,767532,928996145,727802765,39221945,203293008,28775253,1209947,52325,56433,20543,11589,0,obt-collector1,,,0/RP0/CPU0,0,0,0,76297917,0,0,20545,15658,262425,45,0,0,0,12839,206028,63,10822,55,0,3,514743,160,5012,0,0,0,0,0,17780,0,0,83,565427,17794,0,0,,0,4000,0,0,0,0,260,0,4,0,0,0,0,256,0,0,0,0,8,149660230,203837698,0,0,0,0,0,117908340,206073
2020-02-05 01:51:12.388000+00:00,leaf8,sg0,29213238,0,118047911,728321630,0,0,0,95634609,0,24777,139334,40981,118431,123772,0,217439,767533,928997869,728192809,39222031,203293409,28775294,1209947,52325,56433,20543,11589,0,obt-collector1,,,0/RP0/CPU0,0,0,0,76298085,0,0,20545,15658,262425,45,0,0,0,12839,206028,63,10822,55,0,3,514744,160,5012,0,0,0,0,0,17780,0,0,83,565428,17794,0,0,,0,4000,0,0,0,0,260,0,4,0,0,0,0,256,0,0,0,0,8,149660515,203838100,0,0,0,0,0,117908555,206073
2020-02-05 01:51:22.501000+00:00,leaf8,sg0,29213296,0,118048141,728711434,0,0,0,95634609,0,24777,139334,40981,118431,123773,0,217439,767533,928999593,728582613,39222117,203293825,28775351,1209947,52325,56433,20543,11589,0,obt-collector1,,,0/RP0/CPU0,0,0,0,76298253,0,0,20545,15659,262427,45,0,0,0,12839,206029,63,10822,55,0,3,514744,160,5012,0,0,0,0,0,17780,0,0,83,565428,17794,0,0,,0,4000,0,0,0,0,260,0,4,0,0,0,0,256,0,0,0,0,8,149660808,203838517,0,0,0,0,0,117908785,206074
2020-02-05 01:51:32.593000+00:00,leaf8,sg0,29213338,0,118048395,729104821,0,0,0,95634609,0,24777,139334,40981,118431,123773,0,217440,767535,929004024,728976000,39222215,203294258,28775400,1209947,52325,56433,20543,11589,0,obt-collector1,,,0/RP0/CPU0,0,0,0,76298465,0,0,20545,15659,262428,45,0,0,0,12839,206029,62,10822,55,0,3,514745,160,5012,0,0,0,0,0,17780,0,0,83,565429,17794,0,0,,0,4000,0,0,0,0,260,0,4,0,0,0,0,256,0,0,0,0,8,149661130,203838951,0,0,0,0,0,117909039,206074
2020-02-05 01:51:42.697000+00:00,leaf8,sg0,29213378,0,118048602,729494929,0,0,0,95634609,0,24777,139334,40981,118431,123773,0,217440,767537,929005767,729366108,39222302,203294653,28775439,1209947,52325,56433,20543,11589,0,obt-collector1,,,0/RP0/CPU0,0,0,0,76298634,0,0,20545,15659,262428,45,0,0,0,12839,206030,62,10822,55,0,3,514747,160,5012,0,0,0,0,0,17780,0,0,83,565431,17794,0,0,,0,4000,0,0,0,0,260,0,4,0,0,0,0,256,0,0,0,0,8,149661408,203839348,0,0,0,0,0,117909246,206075
2020-02-05 01:51:52.803000+00:00,leaf8,sg0,29213419,0,118048796,729884957,0,0,0,95634609,0,24777,139334,40981,118431,123773,0,217440,767537,929007427,729756136,39222387,203295049,28775479,1209947,52325,56433,20543,11589,0,obt-collector1,,,0/RP0/CPU0,0,0,0,76298802,0,0,20545,15660,262429,45,0,0,0,12839,206031,62,10822,55,0,3,514747,160,5012,0,0,0,0,0,17780,0,0,83,565431,17794,0,0,,0,4000,0,0,0,0,260,0,4,0,0,0,0,256,0,0,0,0,8,149661669,203839745,0,0,0,0,0,117909440,206076
2020-02-05 01:52:02.906000+00:00,leaf8,sg0,29213466,0,118049029,730278092,0,0,0,95634609,0,24777,139335,40982,118431,123774,0,217440,767537,929011563,730149271,39222484,203295461,28775526,1209947,52325,56433,20544,11589,0,obt-collector1,,,0/RP0/CPU0,0,0,0,76298993,0,0,20546,15660,262431,45,0,0,0,12839,206031,62,10822,55,0,3,514747,160,5012,0,0,0,0,0,17780,0,0,83,565431,17794,0,0,,0,4000,0,0,0,0,260,0,4,0,0,0,0,256,0,0,0,0,8,149661973,203840157,0,0,0,0,0,117909673,206076
2020-02-05 01:52:13.031000+00:00,leaf8,sg0,29213505,0,118049267,730668008,0,0,0,95634609,0,24777,139335,40982,118431,123774,0,217441,767539,929013382,730539187,39222575,203295861,28775565,1209947,52325,56433,20544,11589,0,obt-collector1,,,0/RP0/CPU0,0,0,0,76299166,0,0,20546,15660,262431,45,0,0,0,12839,206031,63,10822,55,0,3,514748,160,5012,0,0,0,0,0,17780,0,0,83,565433,17794,0,0,,0,4000,0,0,0,0,260,0,4,0,0,0,0,256,0,0,0,0,8,149662282,203840558,0,0,0,0,0,117909911,206076
2020-02-05 01:52:23.158000+00:00,leaf8,sg0,29213547,0,118049472,731057924,0,0,0,95634609,0,24777,139335,40982,118431,123774,0,217441,767540,929015106,730929103,39222661,203296259,28775607,1209947,52325,56433,20544,11589,0,obt-collector1,,,0/RP0/CPU0,0,0,0,76299334,0,0,20546,15661,262432,45,0,0,0,12839,206031,63,10822,55,0,3,514749,160,5012,0,0,0,0,0,17780,0,0,83,565434,17794,0,0,,0,4000,0,0,0,0,260,0,4,0,0,0,0,256,0,0,0,0,8,149662552,203840958,0,0,0,0,0,117910116,206076
2020-02-05 01:52:33.256000+00:00,leaf8,sg0,29213580,0,118049746,731451957,0,0,0,95634609,0,24777,139335,40982,118431,123774,0,217441,767540,929019665,731323136,39222757,203296691,28775644,1209947,52325,56433,20544,11589,0,obt-collector1,,,0/RP0/CPU0,0,0,0,76299554,0,0,20546,15661,262432,45,0,0,0,12839,206033,63,10822,55,0,3,514749,160,5012,0,0,0,0,0,17780,0,0,83,565434,17794,0,0,,0,4000,0,0,0,0,260,0,4,0,0,0,0,256,0,0,0,0,8,149662901,203841390,0,0,0,0,0,117910390,206078
2020-02-05 01:52:43.345000+00:00,leaf8,sg0,29213614,0,118050047,731840810,0,0,0,95634609,0,24778,139341,40983,118437,123775,0,217446,767552,929022877,731711978,39222856,203297109,28775668,1209947,52325,56433,20544,11590,0,obt-collector1,,,0/RP0/CPU0,0,0,0,76299722,0,0,20546,15661,262433,45,0,0,0,12839,206033,63,10822,55,0,3,514750,160,5012,0,0,0,0,0,17780,0,0,83,565440,17794,0,0,,0,4000,0,0,0,0,260,0,4,0,0,0,0,256,0,0,0,0,8,149663294,203841809,0,0,0,0,0,117910681,206078
2020-02-05 01:52:53.467000+00:00,leaf8,sg0,29213637,0,118050281,732230662,0,0,0,95634609,0,24778,139341,40983,118437,123775,0,217447,767555,929024601,732101830,39222942,203297491,28775691,1209947,52325,56433,20544,11590,0,obt-collector1,,,0/RP0/CPU0,0,0,0,76299890,0,0,20546,15662,262435,45,0,0,0,12839,206033,63,10822,55,0,3,514752,160,5012,0,0,0,0,0,17780,0,0,83,565442,17794,0,0,,0,4000,0,0,0,0,260,0,4,0,0,0,0,256,0,0,0,0,8,149663610,203842194,0,0,0,0,0,117910915,206078
2020-02-05 01:53:03.563000+00:00,leaf8,sg0,29213665,0,118050484,732624059,0,0,0,95634609,0,24778,139341,40983,118437,123775,0,217447,767556,929029293,732495227,39223035,203297876,28775716,1209947,52325,56433,20544,11590,0,obt-collector1,,,0/RP0/CPU0,0,0,0,76300068,0,0,20546,15662,262435,45,0,0,0,12839,206037,63,10822,55,0,3,514753,160,5012,0,0,0,0,0,17780,0,0,83,565443,17794,0,0,,0,4000,0,0,0,0,260,0,4,0,0,0,0,256,0,0,0,0,8,149663896,203842580,0,0,0,0,0,117911118,206082
2020-02-05 01:53:13.668000+00:00,leaf8,sg0,29213689,0,118050708,733013927,0,0,0,95634609,0,24778,139341,40983,118437,123775,0,217447,767556,929031017,732885095,39223121,203298259,28775737,1209947,52325,56433,20544,11590,0,obt-collector1,,,0/RP0/CPU0,0,0,0,76300236,0,0,20546,15662,262435,45,0,0,0,12839,206040,63,10822,55,0,3,514753,160,5012,0,0,0,0,0,17780,0,0,83,565443,17794,0,0,,0,4000,0,0,0,0,260,0,4,0,0,0,0,256,0,0,0,0,8,149664197,203842963,0,0,0,0,0,117911342,206085
2020-02-05 01:53:23.763000+00:00,leaf8,sg0,29213712,0,118050927,733403971,0,0,0,95634609,0,24778,139341,40983,118437,123776,0,217448,767558,929032741,733275139,39223207,203298642,28775760,1209947,52325,56433,20544,11590,0,obt-collector1,,,0/RP0/CPU0,0,0,0,76300404,0,0,20546,15663,262438,45,0,0,0,12839,206040,63,10822,55,0,3,514754,160,5012,0,0,0,0,0,17780,0,0,83,565444,17794,0,0,,0,4000,0,0,0,0,260,0,4,0,0,0,0,256,0,0,0,0,8,149664497,203843348,0,0,0,0,0,117911561,206085
2020-02-05 01:53:33.865000+00:00,leaf8,sg0,29213740,0,118051172,733798015,0,0,0,95634609,0,24778,139341,40983,118437,123776,0,217448,767560,929037721,733669544,39223337,203299073,28775788,1209947,52325,56433,20544,11590,0,obt-collector1,,,0/RP0/CPU0,0,0,0,76300665,0,0,20546,15663,262438,45,0,0,0,12839,206040,63,10822,55,0,3,514756,160,5012,0,0,0,0,0,17780,0,0,83,565446,17794,0,0,,0,4000,0,0,0,0,260,0,4,0,0,0,0,256,0,0,0,0,8,149664857,203843781,0,0,0,0,0,117911806,206085
2020-02-05 01:53:44.013000+00:00,leaf8,sg0,29213764,0,118051398,734187857,0,0,0,95634609,0,24778,139341,40983,118437,123776,0,217448,767560,929039445,734059652,39223423,203299469,28775812,1209947,52325,56433,20544,11590,0,obt-collector1,,,0/RP0/CPU0,0,0,0,76300846,0,0,20546,15663,262438,45,0,0,0,12839,206040,63,10822,55,0,3,514756,160,5012,0,0,0,0,0,17780,0,0,83,565446,17794,0,0,,0,4000,0,0,0,0,260,0,4,0,0,0,0,256,0,0,0,0,8,149665160,203844177,0,0,0,0,0,117912032,206085
2020-02-05 01:53:54.107000+00:00,leaf8,sg0,29213791,0,118051630,734578512,0,0,0,95634609,0,24778,139341,40983,118437,123777,0,217449,767561,929041105,734449680,39223508,203299852,28775839,1209947,52325,56433,20544,11590,0,obt-collector1,,,0/RP0/CPU0,0,0,0,76301014,0,0,20546,15664,262441,45,0,0,0,12839,206040,63,10822,55,0,3,514756,160,5012,0,0,0,0,0,17780,0,0,83,565446,17794,0,0,,0,4000,0,0,0,0,260,0,4,0,0,0,0,256,0,0,0,0,8,149665471,203844561,0,0,0,0,0,117912264,206085
2020-02-05 01:54:04.217000+00:00,leaf8,sg0,29213820,0,118051858,734972543,0,0,0,95634609,0,24778,139341,40983,118437,123777,0,217449,767563,929044320,734843711,39223603,203300245,28775868,1209947,52325,56433,20544,11590,0,obt-collector1,,,0/RP0/CPU0,0,0,0,76301199,0,0,20546,15664,262441,45,0,0,0,12839,206040,63,10822,55,0,3,514758,160,5012,0,0,0,0,0,17780,0,0,83,565448,17794,0,0,,0,4000,0,0,0,0,260,0,4,0,0,0,0,256,0,0,0,0,8,149665781,203844956,0,0,0,0,0,117912492,206085
2020-02-05 01:54:14.307000+00:00,leaf8,sg0,29213842,0,118052085,735362331,0,0,0,95634609,0,24778,139341,40983,118437,123777,0,217449,767564,929045980,735233499,39223688,203300623,28775890,1209947,52325,56433,20544,11590,0,obt-collector1,,,0/RP0/CPU0,0,0,0,76301367,0,0,20546,15664,262441,45,0,0,0,12839,206040,63,10822,55,0,3,514759,160,5012,0,0,0,0,0,17780,0,0,83,565449,17794,0,0,,0,4000,0,0,0,0,260,0,4,0,0,0,0,256,0,0,0,0,8,149666085,203845335,0,0,0,0,0,117912719,206085
2020-02-05 01:54:24.406000+00:00,leaf8,sg0,29213864,0,118052307,735752199,0,0,0,95634609,0,24778,139341,40983,118437,123778,0,217449,767564,929047704,735623367,39223774,203301004,28775912,1209947,52325,56433,20544,11590,0,obt-collector1,,,0/RP0/CPU0,0,0,0,76301535,0,0,20546,15665,262443,45,0,0,0,12839,206040,63,10822,55,0,3,514759,160,5012,0,0,0,0,0,17780,0,0,83,565449,17794,0,0,,0,4000,0,0,0,0,260,0,4,0,0,0,0,256,0,0,0,0,8,149666384,203845717,0,0,0,0,0,117912941,206085
2020-02-05 01:54:34.496000+00:00,leaf8,sg0,29213898,0,118052526,736146218,0,0,0,95634609,0,24778,139341,40983,118437,123778,0,217450,767566,929051909,736017386,39223877,203301401,28775946,1209947,52325,56433,20544,11590,0,obt-collector1,,,0/RP0/CPU0,0,0,0,76301726,0,0,20546,15665,262444,45,0,0,0,12839,206040,63,10822,55,0,3,514760,160,5012,0,0,0,0,0,17780,0,0,83,565450,17794,0,0,,0,4000,0,0,0,0,260,0,4,0,0,0,0,256,0,0,0,0,8,149666691,203846115,0,0,0,0,0,117913160,206085
2020-02-05 01:54:44.590000+00:00,leaf8,sg0,29213922,0,118052752,736536134,0,0,0,95634609,0,24778,139341,40983,118437,123778,0,217450,767568,929053633,736407302,39223963,203301783,28775970,1209947,52325,56433,20544,11590,0,obt-collector1,,,0/RP0/CPU0,0,0,0,76301894,0,0,20546,15665,262444,45,0,0,0,12839,206040,63,10822,55,0,3,514762,160,5012,0,0,0,0,0,17780,0,0,83,565452,17794,0,0,,0,4000,0,0,0,0,260,0,4,0,0,0,0,256,0,0,0,0,8,149666996,203846499,0,0,0,0,0,117913386,206085
2020-02-05 01:54:54.781000+00:00,leaf8,sg0,29213945,0,118052955,736926050,0,0,0,95634609,0,24778,139341,40983,118437,123778,0,217450,767568,929055357,736797218,39224049,203302161,28775991,1209947,52325,56433,20544,11590,0,obt-collector1,,,0/RP0/CPU0,0,0,0,76302062,0,0,20546,15666,262445,45,0,0,0,12839,206042,63,10822,55,0,3,514762,160,5012,0,0,0,0,0,17780,0,0,83,565452,17794,0,0,,0,4000,0,0,0,0,260,0,4,0,0,0,0,256,0,0,0,0,8,149667277,203846878,0,0,0,0,0,117913589,206087
2020-02-05 01:55:04.913000+00:00,leaf8,sg0,29213963,0,118053203,737320871,0,0,0,95634609,0,24778,139341,40983,118437,123779,0,217451,767569,929058277,737192039,39224144,203302564,28776009,1209947,52325,56433,20544,11590,0,obt-collector1,,,0/RP0/CPU0,0,0,0,76302265,0,0,20546,15666,262447,45,0,0,0,12839,206042,62,10822,55,0,3,514762,160,5012,0,0,0,0,0,17780,0,0,83,565452,17794,0,0,,0,4000,0,0,0,0,260,0,4,0,0,0,0,256,0,0,0,0,8,149667612,203847281,0,0,0,0,0,117913837,206087
2020-02-05 01:55:15.062000+00:00,leaf8,sg0,29213983,0,118053423,737710723,0,0,0,95634609,0,24778,139341,40983,118437,123779,0,217451,767571,929060029,737581891,39224230,203302939,28776029,1209947,52325,56433,20544,11590,0,obt-collector1,,,0/RP0/CPU0,0,0,0,76302434,0,0,20546,15666,262447,45,0,0,0,12839,206042,62,10822,55,0,3,514764,160,5012,0,0,0,0,0,17780,0,0,83,565454,17794,0,0,,0,4000,0,0,0,0,260,0,4,0,0,0,0,256,0,0,0,0,8,149667919,203847658,0,0,0,0,0,117914057,206087
2020-02-05 01:55:25.226000+00:00,leaf8,sg0,29214001,0,118053628,738100767,0,0,0,95634609,0,24778,139341,40983,118437,123779,0,217451,767572,929061689,737971935,39224315,203303313,28776047,1209947,52325,56433,20544,11590,0,obt-collector1,,,0/RP0/CPU0,0,0,0,76302602,0,0,20546,15667,262448,45,0,0,0,12839,206042,62,10822,55,0,3,514765,160,5012,0,0,0,0,0,17780,0,0,83,565455,17794,0,0,,0,4000,0,0,0,0,260,0,4,0,0,0,0,256,0,0,0,0,8,149668211,203848034,0,0,0,0,0,117914262,206087
2020-02-05 01:55:35.344000+00:00,leaf8,sg0,29214018,0,118053869,738493146,0,0,0,95634609,0,24778,139341,40983,118437,123780,0,217451,767572,929064093,738364314,39224405,203303697,28776063,1209947,52325,56433,20544,11590,0,obt-collector1,,,0/RP0/CPU0,0,0,0,76302786,0,0,20546,15667,262449,45,0,0,0,12839,206043,62,10822,55,0,3,514765,160,5012,0,0,0,0,0,17780,0,0,83,565455,17794,0,0,,0,4000,0,0,0,0,260,0,4,0,0,0,0,256,0,0,0,0,8,149668540,203848418,0,0,0,0,0,117914503,206088
2020-02-05 01:55:45.439000+00:00,leaf8,sg0,29214034,0,118054092,738882966,0,0,0,95634609,0,24778,139342,40984,118437,123780,0,217452,767574,929065817,738754134,39224491,203304070,28776079,1209947,52325,56433,20545,11590,0,obt-collector1,,,0/RP0/CPU0,0,0,0,76302957,0,0,20547,15667,262450,45,0,0,0,12839,206043,63,10822,55,0,3,514766,160,5012,0,0,0,0,0,17780,0,0,83,565457,17794,0,0,,0,4000,0,0,0,0,260,0,4,0,0,0,0,256,0,0,0,0,8,149668850,203848792,0,0,0,0,0,117914726,206088
2020-02-05 01:55:55.549000+00:00,leaf8,sg0,29214048,0,118054312,739273010,0,0,0,95634609,0,24778,139342,40984,118437,123780,0,217452,767575,929067541,739144178,39224577,203304442,28776093,1209947,52325,56433,20545,11590,0,obt-collector1,,,0/RP0/CPU0,0,0,0,76303125,0,0,20547,15668,262451,45,0,0,0,12839,206043,63,10822,55,0,3,514767,160,5012,0,0,0,0,0,17780,0,0,83,565458,17794,0,0,,0,4000,0,0,0,0,260,0,4,0,0,0,0,256,0,0,0,0,8,149669157,203849166,0,0,0,0,0,117914947,206088
2020-02-05 01:56:05.661000+00:00,leaf8,sg0,29214068,0,118054533,739665003,0,0,0,95634609,0,24778,139342,40984,118437,123780,0,217452,767575,929069764,739536171,39224668,203304820,28776113,1209947,52325,56433,20545,11590,0,obt-collector1,,,0/RP0/CPU0,0,0,0,76303300,0,0,20547,15668,262451,45,0,0,0,12839,206043,63,10822,55,0,3,514767,160,5012,0,0,0,0,0,17780,0,0,83,565458,17794,0,0,,0,4000,0,0,0,0,260,0,4,0,0,0,0,256,0,0,0,0,8,149669467,203849544,0,0,0,0,0,117915168,206088
2020-02-05 01:56:15.752000+00:00,leaf8,sg0,29214088,0,118054750,740054855,0,0,0,95634609,0,24778,139342,40984,118437,123781,0,217453,767577,929071592,739926023,39224755,203305195,28776133,1209947,52325,56433,20545,11590,0,obt-collector1,,,0/RP0/CPU0,0,0,0,76303469,0,0,20547,15668,262453,45,0,0,0,12839,206043,63,10822,55,0,3,514768,160,5012,0,0,0,0,0,17780,0,0,83,565459,17794,0,0,,0,4000,0,0,0,0,260,0,4,0,0,0,0,256,0,0,0,0,8,149669770,203849920,0,0,0,0,0,117915385,206088
2020-02-05 01:56:25.846000+00:00,leaf8,sg0,29214107,0,118054953,740444835,0,0,0,95634609,0,24778,139342,40984,118437,123781,0,217453,767579,929073316,740316003,39224841,203305569,28776152,1209947,52325,56433,20545,11590,0,obt-collector1,,,0/RP0/CPU0,0,0,0,76303637,0,0,20547,15669,262454,45,0,0,0,12839,206043,63,10822,55,0,3,514770,160,5012,0,0,0,0,0,17780,0,0,83,565461,17794,0,0,,0,4000,0,0,0,0,260,0,4,0,0,0,0,256,0,0,0,0,8,149670059,203850297,0,0,0,0,0,117915588,206088
2020-02-05 01:56:35.936000+00:00,leaf8,sg0,29214133,0,118055177,740834966,0,0,0,95634609,0,24778,139342,40984,118437,123781,0,217453,767580,929075236,740706134,39224929,203305953,28776176,1209947,52325,56433,20545,11590,0,obt-collector1,,,0/RP0/CPU0,0,0,0,76303811,0,0,20547,15669,262454,45,0,0,0,12839,206045,63,10822,55,0,3,514771,160,5012,0,0,0,0,0,17780,0,0,83,565462,17794,0,0,,0,4000,0,0,0,0,260,0,4,0,0,0,0,256,0,0,0,0,8,149670364,203850682,0,0,0,0,0,117915812,206090
2020-02-05 01:56:46.033000+00:00,leaf8,sg0,29214157,0,118055406,741224770,0,0,0,95634609,0,24778,139342,40984,118437,123782,0,217453,767580,929076988,741095938,39225016,203306333,28776200,1209947,52325,56433,20545,11590,0,obt-collector1,,,0/RP0/CPU0,0,0,0,76303980,0,0,20547,15669,262455,45,0,0,0,12839,206045,63,10822,55,0,3,514771,160,5012,0,0,0,0,0,17780,0,0,83,565462,17794,0,0,,0,4000,0,0,0,0,260,0,4,0,0,0,0,256,0,0,0,0,8,149670672,203851062,0,0,0,0,0,117916041,206090
2020-02-05 01:56:56.143000+00:00,leaf8,sg0,29214179,0,118055620,741614686,0,0,0,95634609,0,24778,139342,40984,118437,123782,0,217454,767583,929078712,741485854,39225102,203306711,28776222,1209947,52325,56433,20545,11590,0,obt-collector1,,,0/RP0/CPU0,0,0,0,76304148,0,0,20547,15670,262457,45,0,0,0,12839,206045,63,10822,55,0,3,514773,160,5012,0,0,0,0,0,17780,0,0,83,565464,17794,0,0,,0,4000,0,0,0,0,260,0,4,0,0,0,0,256,0,0,0,0,8,149670969,203851443,0,0,0,0,0,117916255,206090
2020-02-05 01:57:06.265000+00:00,leaf8,sg0,29214201,0,118055842,742004646,0,0,0,95634609,0,24778,139342,40984,118437,123782,0,217454,767584,929080506,741875814,39225190,203307091,28776244,1209947,52325,56433,20545,11590,0,obt-collector1,,,0/RP0/CPU0,0,0,0,76304319,0,0,20547,15670,262457,45,0,0,0,12839,206045,63,10822,55,0,3,514774,160,5012,0,0,0,0,0,17780,0,0,83,565465,17794,0,0,,0,4000,0,0,0,0,260,0,4,0,0,0,0,256,0,0,0,0,8,149671270,203851824,0,0,0,0,0,117916477,206090
2020-02-05 01:57:16.372000+00:00,leaf8,sg0,29214224,0,118056075,742394690,0,0,0,95634609,0,24778,139342,40984,118437,123782,0,217454,767584,929082230,742265858,39225276,203307473,28776267,1209947,52325,56433,20545,11590,0,obt-collector1,,,0/RP0/CPU0,0,0,0,76304487,0,0,20547,15670,262457,45,0,0,0,12839,206045,63,10822,55,0,3,514774,160,5012,0,0,0,0,0,17780,0,0,83,565465,17794,0,0,,0,4000,0,0,0,0,260,0,4,0,0,0,0,256,0,0,0,0,8,149671580,203852206,0,0,0,0,0,117916710,206090
2020-02-05 01:57:26.462000+00:00,leaf8,sg0,29214247,0,118056293,742784670,0,0,0,95634609,0,24778,139342,40984,118437,123783,0,217455,767586,929083973,742655838,39225363,203307856,28776290,1209947,52325,56433,20545,11590,0,obt-collector1,,,0/RP0/CPU0,0,0,0,76304656,0,0,20547,15671,262460,45,0,0,0,12839,206046,63,10822,55,0,3,514775,160,5012,0,0,0,0,0,17780,0,0,83,565466,17794,0,0,,0,4000,0,0,0,0,260,0,4,0,0,0,0,256,0,0,0,0,8,149671879,203852591,0,0,0,0,0,117916928,206091
2020-02-05 01:57:36.579000+00:00,leaf8,sg0,29214271,0,118056522,743174541,0,0,0,95634609,0,24778,139342,40984,118437,123783,0,217455,767587,929085716,743045709,39225450,203308239,28776314,1209947,52325,56433,20545,11590,0,obt-collector1,,,0/RP0/CPU0,0,0,0,76304826,0,0,20547,15671,262460,45,0,0,0,12839,206046,63,10822,55,0,3,514776,160,5012,0,0,0,0,0,17780,0,0,83,565467,17794,0,0,,0,4000,0,0,0,0,260,0,4,0,0,0,0,256,0,0,0,0,8,149672186,203852975,0,0,0,0,0,117917157,206091
2020-02-05 01:57:46.682000+00:00,leaf8,sg0,29214294,0,118056706,743564457,0,0,0,95634609,0,24778,139342,40984,118437,123783,0,217455,767588,929087376,743435625,39225535,203308615,28776337,1209947,52325,56433,20545,11590,0,obt-collector1,,,0/RP0/CPU0,0,0,0,76304994,0,0,20547,15671,262460,45,0,0,0,12839,206046,63,10822,55,0,3,514777,160,5012,0,0,0,0,0,17780,0,0,83,565468,17794,0,0,,0,4000,0,0,0,0,260,0,4,0,0,0,0,256,0,0,0,0,8,149672447,203853352,0,0,0,0,0,117917341,206091
2020-02-05 01:57:56.786000+00:00,leaf8,sg0,29214317,0,118056907,743954677,0,0,0,95634609,0,24778,139342,40984,118437,123784,0,217455,767588,929089036,743825845,39225620,203308997,28776360,1209947,52325,56433,20545,11590,0,obt-collector1,,,0/RP0/CPU0,0,0,0,76305162,0,0,20547,15672,262462,45,0,0,0,12839,206046,63,10822,55,0,3,514777,160,5012,0,0,0,0,0,17780,0,0,83,565468,17794,0,0,,0,4000,0,0,0,0,260,0,4,0,0,0,0,256,0,0,0,0,8,149672725,203853735,0,0,0,0,0,117917542,206091
2020-02-05 01:58:06.899000+00:00,leaf8,sg0,29214339,0,118057143,744344609,0,0,0,95634609,0,24778,139342,40984,118437,123784,0,217456,767591,929090760,744215777,39225706,203309380,28776382,1209947,52325,56433,20545,11590,0,obt-collector1,,,0/RP0/CPU0,0,0,0,76305330,0,0,20547,15672,262463,45,0,0,0,12839,206046,63,10822,55,0,3,514779,160,5012,0,0,0,0,0,17780,0,0,83,565470,17794,0,0,,0,4000,0,0,0,0,260,0,4,0,0,0,0,256,0,0,0,0,8,149673041,203854120,0,0,0,0,0,117917778,206091
2020-02-05 01:58:17.002000+00:00,leaf8,sg0,29214362,0,118057366,744734461,0,0,0,95634609,0,24778,139342,40984,118437,123784,0,217456,767592,929092484,744605629,39225792,203309760,28776405,1209947,52325,56433,20545,11590,0,obt-collector1,,,0/RP0/CPU0,0,0,0,76305498,0,0,20547,15672,262463,45,0,0,0,12839,206046,63,10822,55,0,3,514780,160,5012,0,0,0,0,0,17780,0,0,83,565471,17794,0,0,,0,4000,0,0,0,0,260,0,4,0,0,0,0,256,0,0,0,0,8,149673342,203854501,0,0,0,0,0,117918001,206091
2020-02-05 01:58:27.139000+00:00,leaf8,sg0,29214386,0,118057591,745124441,0,0,0,95634609,0,24778,139342,40984,118437,123784,0,217456,767592,929094227,744995609,39225879,203310141,28776429,1209947,52325,56433,20545,11590,0,obt-collector1,,,0/RP0/CPU0,0,0,0,76305667,0,0,20547,15673,262464,45,0,0,0,12839,206046,63,10822,55,0,3,514780,160,5012,0,0,0,0,0,17780,0,0,83,565471,17794,0,0,,0,4000,0,0,0,0,260,0,4,0,0,0,0,256,0,0,0,0,8,149673646,203854883,0,0,0,0,0,117918226,206091
2020-02-05 01:58:37.294000+00:00,leaf8,sg0,29214412,0,118057804,745514328,0,0,0,95634609,0,24778,139342,40984,118437,123785,0,217457,767594,929095951,745385496,39225965,203310523,28776452,1209947,52325,56433,20545,11590,0,obt-collector1,,,0/RP0/CPU0,0,0,0,76305836,0,0,20547,15673,262466,45,0,0,0,12839,206049,63,10822,55,0,3,514781,160,5012,0,0,0,0,0,17780,0,0,83,565472,17794,0,0,,0,4000,0,0,0,0,260,0,4,0,0,0,0,256,0,0,0,0,8,149673939,203855266,0,0,0,0,0,117918439,206094
2020-02-05 01:58:47.397000+00:00,leaf8,sg0,29214437,0,118057996,745904260,0,0,0,95634609,0,24778,139342,40984,118437,123785,0,217457,767595,929097611,745775428,39226050,203310904,28776475,1209947,52325,56433,20545,11590,0,obt-collector1,,,0/RP0/CPU0,0,0,0,76306004,0,0,20547,15673,262466,45,0,0,0,12839,206051,62,10822,55,0,3,514782,160,5012,0,0,0,0,0,17780,0,0,83,565473,17794,0,0,,0,4000,0,0,0,0,260,0,4,0,0,0,0,256,0,0,0,0,8,149674208,203855648,0,0,0,0,0,117918631,206096
2020-02-05 01:58:57.491000+00:00,leaf8,sg0,29214454,0,118058179,746294128,0,0,0,95634609,0,24778,139342,40984,118437,123785,0,217457,767596,929099335,746165296,39226136,203311276,28776492,1209947,52325,56433,20545,11590,0,obt-collector1,,,0/RP0/CPU0,0,0,0,76306172,0,0,20547,15674,262467,45,0,0,0,12839,206051,62,10822,55,0,3,514783,160,5012,0,0,0,0,0,17780,0,0,83,565474,17794,0,0,,0,4000,0,0,0,0,260,0,4,0,0,0,0,256,0,0,0,0,8,149674475,203856022,0,0,0,0,0,117918814,206096
2020-02-05 01:59:07.599000+00:00,leaf8,sg0,29214471,0,118058386,746683996,0,0,0,95634609,0,24778,139342,40984,118437,123786,0,217457,767596,929101059,746555164,39226222,203311647,28776509,1209947,52325,56433,20545,11590,0,obt-collector1,,,0/RP0/CPU0,0,0,0,76306340,0,0,20547,15674,262468,45,0,0,0,12839,206051,62,10822,55,0,3,514783,160,5012,0,0,0,0,0,17780,0,0,83,565474,17794,0,0,,0,4000,0,0,0,0,260,0,4,0,0,0,0,256,0,0,0,0,8,149674764,203856393,0,0,0,0,0,117919021,206096
2020-02-05 01:59:17.687000+00:00,leaf8,sg0,29214488,0,118058596,747073816,0,0,0,95634609,0,24778,139343,40985,118437,123786,0,217458,767598,929102738,746944984,39226308,203312019,28776525,1209947,52325,56433,20546,11590,0,obt-collector1,,,0/RP0/CPU0,0,0,0,76306512,0,0,20548,15674,262469,45,0,0,0,12839,206052,63,10822,55,0,3,514784,160,5012,0,0,0,0,0,17780,0,0,83,565476,17794,0,0,,0,4000,0,0,0,0,260,0,4,0,0,0,0,256,0,0,0,0,8,149675062,203856766,0,0,0,0,0,117919231,206097
2020-02-05 01:59:27.806000+00:00,leaf8,sg0,29214504,0,118058800,747463812,0,0,0,95634609,0,24778,139343,40985,118437,123786,0,217458,767599,929104481,747334980,39226395,203312391,28776540,1209947,52325,56433,20546,11590,0,obt-collector1,,,0/RP0/CPU0,0,0,0,76306681,0,0,20548,15675,262470,45,0,0,0,12839,206053,63,10822,55,0,3,514785,160,5012,0,0,0,0,0,17780,0,0,83,565477,17794,0,0,,0,4000,0,0,0,0,260,0,4,0,0,0,0,256,0,0,0,0,8,149675353,203857140,0,0,0,0,0,117919435,206098
2020-02-05 01:59:37.922000+00:00,leaf8,sg0,29214534,0,118059055,747855980,0,0,0,95634609,0,24779,139349,40986,118443,123786,0,217463,767612,929107670,747727137,39226495,203312808,28776560,1209947,52325,56433,20546,11590,0,obt-collector1,,,0/RP0/CPU0,0,0,0,76306850,0,0,20548,15675,262470,45,0,0,0,12839,206053,63,10822,55,0,3,514786,160,5012,0,0,0,0,0,17780,0,0,83,565483,17794,0,0,,0,4000,0,0,0,0,260,0,4,0,0,0,0,256,0,0,0,0,8,149675711,203857558,0,0,0,0,0,117919680,206098
2020-02-05 01:59:48.065000+00:00,leaf8,sg0,29214548,0,118059319,748245720,0,0,0,95634609,0,24779,139349,40986,118443,123787,0,217464,767614,929109330,748116877,39226580,203313179,28776574,1209947,52325,56433,20546,11590,0,obt-collector1,,,0/RP0/CPU0,0,0,0,76307018,0,0,20548,15675,262472,45,0,0,0,12839,206053,63,10822,55,0,3,514787,160,5012,0,0,0,0,0,17780,0,0,83,565484,17794,0,0,,0,4000,0,0,0,0,260,0,4,0,0,0,0,256,0,0,0,0,8,149676061,203857930,0,0,0,0,0,117919944,206098
2020-02-05 01:59:58.165000+00:00,leaf8,sg0,29214563,0,118059587,748635540,0,0,0,95634609,0,24779,139349,40986,118443,123787,0,217464,767616,929111054,748506697,39226666,203313550,28776589,1209947,52325,56433,20546,11590,0,obt-collector1,,,0/RP0/CPU0,0,0,0,76307186,0,0,20548,15676,262473,45,0,0,0,12839,206053,63,10822,55,0,3,514789,160,5012,0,0,0,0,0,17780,0,0,83,565486,17794,0,0,,0,4000,0,0,0,0,260,0,4,0,0,0,0,256,0,0,0,0,8,149676417,203858304,0,0,0,0,0,117920212,206098
2020-02-05 02:00:08.264000+00:00,leaf8,sg0,29214577,0,118059803,749025568,0,0,0,95634609,0,24779,139349,40986,118443,123787,0,217464,767616,929112778,748896725,39226752,203313921,28776603,1209947,52325,56433,20546,11590,0,obt-collector1,,,0/RP0/CPU0,0,0,0,76307354,0,0,20548,15676,262473,45,0,0,0,12839,206053,63,10822,55,0,3,514789,160,5012,0,0,0,0,0,17780,0,0,83,565486,17794,0,0,,0,4000,0,0,0,0,260,0,4,0,0,0,0,256,0,0,0,0,8,149676718,203858675,0,0,0,0,0,117920428,206098
2020-02-05 02:00:18.389000+00:00,leaf8,sg0,29214594,0,118060031,749415500,0,0,0,95634609,0,24779,139349,40986,118443,123788,0,217464,767616,929114521,749286657,39226839,203314296,28776620,1209947,52325,56433,20546,11590,0,obt-collector1,,,0/RP0/CPU0,0,0,0,76307523,0,0,20548,15676,262474,45,0,0,0,12839,206053,63,10822,55,0,3,514789,160,5012,0,0,0,0,0,17780,0,0,83,565486,17794,0,0,,0,4000,0,0,0,0,260,0,4,0,0,0,0,256,0,0,0,0,8,149677032,203859050,0,0,0,0,0,117920656,206098
2020-02-05 02:00:28.493000+00:00,leaf8,sg0,29214611,0,118060231,749805432,0,0,0,95634609,0,24779,139349,40986,118443,123788,0,217465,767619,929116283,749676589,39226927,203314669,28776636,1209947,52325,56433,20546,11590,0,obt-collector1,,,0/RP0/CPU0,0,0,0,76307693,0,0,20548,15677,262476,45,0,0,0,12839,206054,63,10822,55,0,3,514791,160,5012,0,0,0,0,0,17780,0,0,83,565488,17794,0,0,,0,4000,0,0,0,0,260,0,4,0,0,0,0,256,0,0,0,0,8,149677322,203859426,0,0,0,0,0,117920856,206099
2020-02-05 02:00:38.607000+00:00,leaf8,sg0,29214629,0,118060437,750195431,0,0,0,95634609,0,24779,139349,40986,118443,123788,0,217465,767620,929117981,750066588,39227014,203315044,28776654,1209947,52325,56433,20546,11590,0,obt-collector1,,,0/RP0/CPU0,0,0,0,76307864,0,0,20548,15677,262476,45,0,0,0,12839,206054,63,10822,55,0,3,514792,160,5012,0,0,0,0,0,17780,0,0,83,565489,17794,0,0,,0,4000,0,0,0,0,260,0,4,0,0,0,0,256,0,0,0,0,8,149677615,203859802,0,0,0,0,0,117921062,206099
2020-02-05 02:00:48.700000+00:00,leaf8,sg0,29214691,0,118060690,750588587,0,0,0,95634609,0,24779,139349,40986,118443,123788,0,217465,767620,929122679,750459744,39227136,203315504,28776715,1209947,52325,56433,20546,11590,0,obt-collector1,,,0/RP0/CPU0,0,0,0,76308112,0,0,20548,15677,262476,45,0,0,0,12839,206055,63,10822,55,0,3,514792,160,5012,0,0,0,0,0,17780,0,0,83,565489,17794,0,0,,0,4000,0,0,0,0,260,0,4,0,0,0,0,256,0,0,0,0,8,149677970,203860262,0,0,0,0,0,117921315,206100
2020-02-05 02:00:58.834000+00:00,leaf8,sg0,29214736,0,118060949,751056779,0,0,0,95634609,0,24779,139349,40986,118443,123789,0,217466,767622,929124403,750945456,39227222,203315976,28776760,1209947,52325,56433,20546,11590,0,obt-collector1,,,0/RP0/CPU0,0,0,0,76308280,0,0,20548,15678,262479,45,0,0,0,12839,206055,63,10822,55,0,3,514793,160,5012,0,0,0,0,0,17780,0,0,83,565490,17794,0,0,,0,4000,0,0,0,0,260,0,4,0,0,0,0,256,0,0,0,0,8,149678301,203860736,0,0,0,0,0,117921574,206100
2020-02-05 02:01:08.926000+00:00,leaf8,sg0,29214775,0,118061212,751562915,0,0,0,95634609,0,24779,139349,40986,118443,123789,0,217466,767624,929126191,751434072,39227309,203316441,28776799,1209947,52325,56433,20546,11590,0,obt-collector1,,,0/RP0/CPU0,0,0,0,76308448,0,0,20548,15678,262479,45,0,0,0,12839,206055,63,10822,55,0,3,514795,160,5012,0,0,0,0,0,17780,0,0,83,565492,17794,0,0,,0,4000,0,0,0,0,260,0,4,0,0,0,0,256,0,0,0,0,8,149678635,203861203,0,0,0,0,0,117921837,206100
2020-02-05 02:01:19.040000+00:00,leaf8,sg0,29214810,0,118061410,751952783,0,0,0,95634609,0,24779,139349,40986,118443,123789,0,217466,767624,929127915,751823940,39227395,203316830,28776834,1209947,52325,56433,20546,11590,0,obt-collector1,,,0/RP0/CPU0,0,0,0,76308616,0,0,20548,15678,262479,45,0,0,0,12839,206055,63,10822,55,0,3,514795,160,5012,0,0,0,0,0,17780,0,0,83,565492,17794,0,0,,0,4000,0,0,0,0,260,0,4,0,0,0,0,256,0,0,0,0,8,149678902,203861592,0,0,0,0,0,117922035,206100
2020-02-05 02:01:29.256000+00:00,leaf8,sg0,29214864,0,118061610,752342811,0,0,0,95634609,0,24779,139349,40986,118443,123790,0,217467,767625,929129639,752213968,39227481,203317242,28776888,1209947,52325,56433,20546,11590,0,obt-collector1,,,0/RP0/CPU0,0,0,0,76308784,0,0,20548,15679,262482,45,0,0,0,12839,206055,63,10822,55,0,3,514795,160,5012,0,0,0,0,0,17780,0,0,83,565492,17794,0,0,,0,4000,0,0,0,0,260,0,4,0,0,0,0,256,0,0,0,0,8,149679173,203862005,0,0,0,0,0,117922235,206100
2020-02-05 02:01:39.365000+00:00,leaf8,sg0,29214904,0,118061811,752732695,0,0,0,95634609,0,24779,139349,40986,118443,123790,0,217467,767627,929131363,752603852,39227567,203317636,28776928,1209947,52325,56433,20546,11590,0,obt-collector1,,,0/RP0/CPU0,0,0,0,76308952,0,0,20548,15679,262482,45,0,0,0,12839,206055,63,10822,55,0,3,514797,160,5012,0,0,0,0,0,17780,0,0,83,565494,17794,0,0,,0,4000,0,0,0,0,260,0,4,0,0,0,0,256,0,0,0,0,8,149679437,203862401,0,0,0,0,0,117922436,206100
2020-02-05 02:01:49.464000+00:00,leaf8,sg0,29214946,0,118062033,753122630,0,0,0,95634609,0,24779,139349,40986,118443,123790,0,217467,767628,929133042,752993787,39227653,203318037,28776967,1209947,52325,56433,20546,11590,0,obt-collector1,,,0/RP0/CPU0,0,0,0,76309122,0,0,20548,15680,262483,45,0,0,0,12839,206058,63,10822,55,0,3,514798,160,5012,0,0,0,0,0,17780,0,0,83,565495,17794,0,0,,0,4000,0,0,0,0,260,0,4,0,0,0,0,256,0,0,0,0,8,149679724,203862804,0,0,0,0,0,117922658,206103
2020-02-05 02:01:59.572000+00:00,leaf8,sg0,29214989,0,118062244,753512610,0,0,0,95634609,0,24779,139349,40986,118443,123791,0,217467,767628,929134702,753383767,39227738,203318436,28777010,1209947,52325,56433,20546,11590,0,obt-collector1,,,0/RP0/CPU0,0,0,0,76309290,0,0,20548,15680,262484,45,0,0,0,12839,206058,63,10822,55,0,3,514798,160,5012,0,0,0,0,0,17780,0,0,83,565495,17794,0,0,,0,4000,0,0,0,0,260,0,4,0,0,0,0,256,0,0,0,0,8,149679997,203863203,0,0,0,0,0,117922869,206103
2020-02-05 02:02:09.661000+00:00,leaf8,sg0,29215028,0,118062476,753902526,0,0,0,95634609,0,24779,139349,40986,118443,123791,0,217468,767630,929136426,753773683,39227824,203318832,28777049,1209947,52325,56433,20546,11590,0,obt-collector1,,,0/RP0/CPU0,0,0,0,76309458,0,0,20548,15680,262485,45,0,0,0,12839,206058,62,10822,55,0,3,514799,160,5012,0,0,0,0,0,17780,0,0,83,565496,17794,0,0,,0,4000,0,0,0,0,260,0,4,0,0,0,0,256,0,0,0,0,8,149680296,203863600,0,0,0,0,0,117923101,206103
2020-02-05 02:02:19.765000+00:00,leaf8,sg0,29215071,0,118062694,754292330,0,0,0,95634609,0,24779,139349,40986,118443,123791,0,217468,767632,929138150,754163487,39227910,203319234,28777092,1209947,52325,56433,20546,11590,0,obt-collector1,,,0/RP0/CPU0,0,0,0,76309626,0,0,20548,15681,262486,45,0,0,0,12839,206058,62,10822,55,0,3,514801,160,5012,0,0,0,0,0,17780,0,0,83,565498,17794,0,0,,0,4000,0,0,0,0,260,0,4,0,0,0,0,256,0,0,0,0,8,149680577,203864005,0,0,0,0,0,117923319,206103
2020-02-05 02:02:29.859000+00:00,leaf8,sg0,29215112,0,118062898,754682118,0,0,0,95634609,0,24779,139349,40986,118443,123791,0,217468,767632,929139893,754553275,39227997,203319631,28777133,1209947,52325,56433,20546,11590,0,obt-collector1,,,0/RP0/CPU0,0,0,0,76309795,0,0,20548,15681,262486,45,0,0,0,12839,206058,62,10822,55,0,3,514801,160,5012,0,0,0,0,0,17780,0,0,83,565498,17794,0,0,,0,4000,0,0,0,0,260,0,4,0,0,0,0,256,0,0,0,0,8,149680842,203864402,0,0,0,0,0,117923523,206103
2020-02-05 02:02:39.962000+00:00,leaf8,sg0,29215164,0,118063144,755071707,0,0,0,95634609,0,24780,139356,40988,118449,123792,0,217474,767644,929143169,754942853,39228097,203320067,28777175,1209947,52325,56433,20547,11591,0,obt-collector1,,,0/RP0/CPU0,0,0,0,76309966,0,0,20549,15681,262488,45,0,0,0,12839,206058,63,10822,55,0,3,514801,160,5012,0,0,0,0,0,17780,0,0,83,565504,17794,0,0,,0,4000,0,0,0,0,260,0,4,0,0,0,0,256,0,0,0,0,8,149681174,203864838,0,0,0,0,0,117923759,206103
2020-02-05 02:02:50.064000+00:00,leaf8,sg0,29215202,0,118063432,755461530,0,0,0,95634609,0,24780,139356,40988,118449,123792,0,217474,767645,929144867,755332676,39228184,203320463,28777213,1209947,52325,56433,20547,11591,0,obt-collector1,,,0/RP0/CPU0,0,0,0,76310137,0,0,20549,15682,262489,45,0,0,0,12839,206058,63,10822,55,0,3,514802,160,5012,0,0,0,0,0,17780,0,0,83,565505,17794,0,0,,0,4000,0,0,0,0,260,0,4,0,0,0,0,256,0,0,0,0,8,149681526,203865236,0,0,0,0,0,117924047,206103
2020-02-05 02:03:00.188000+00:00,leaf8,sg0,29215240,0,118063672,755851318,0,0,0,95634609,0,24780,139356,40988,118449,123792,0,217474,767646,929146565,755722464,39228271,203320856,28777251,1209947,52325,56433,20547,11591,0,obt-collector1,,,0/RP0/CPU0,0,0,0,76310307,0,0,20549,15682,262489,45,0,0,0,12839,206058,63,10822,55,0,3,514803,160,5012,0,0,0,0,0,17780,0,0,83,565506,17794,0,0,,0,4000,0,0,0,0,260,0,4,0,0,0,0,256,0,0,0,0,8,149681834,203865630,0,0,0,0,0,117924287,206103
2020-02-05 02:03:10.298000+00:00,leaf8,sg0,29215281,0,118063939,756307490,0,0,0,95634609,0,24780,139356,40988,118449,123793,0,217474,767647,929148289,756181556,39228357,203321305,28777292,1209947,52325,56433,20547,11591,0,obt-collector1,,,0/RP0/CPU0,0,0,0,76310475,0,0,20549,15682,262490,45,0,0,0,12839,206059,63,10822,55,0,3,514804,160,5012,0,0,0,0,0,17780,0,0,83,565507,17794,0,0,,0,4000,0,0,0,0,260,0,4,0,0,0,0,256,0,0,0,0,8,149682170,203866080,0,0,0,0,0,117924554,206104
2020-02-05 02:03:20.396000+00:00,leaf8,sg0,29215318,0,118064212,756823222,0,0,0,95634609,0,24780,139356,40988,118449,123793,0,217475,767650,929150077,756695828,39228444,203321784,28777329,1209947,52325,56433,20547,11591,0,obt-collector1,,,0/RP0/CPU0,0,0,0,76310643,0,0,20549,15683,262492,45,0,0,0,12839,206059,63,10822,55,0,3,514806,160,5012,0,0,0,0,0,17780,0,0,83,565509,17794,0,0,,0,4000,0,0,0,0,260,0,4,0,0,0,0,256,0,0,0,0,8,149682516,203866562,0,0,0,0,0,117924827,206104
2020-02-05 02:03:30.493000+00:00,leaf8,sg0,29215357,0,118064405,757182754,0,0,0,95634609,0,24780,139356,40988,118449,123793,0,217475,767651,929151820,757086020,39228531,203322179,28777368,1209947,52325,56433,20547,11591,0,obt-collector1,,,0/RP0/CPU0,0,0,0,76310812,0,0,20549,15683,262492,45,0,0,0,12839,206059,63,10822,55,0,3,514807,160,5012,0,0,0,0,0,17780,0,0,83,565510,17794,0,0,,0,4000,0,0,0,0,260,0,4,0,0,0,0,256,0,0,0,0,8,149682779,203866958,0,0,0,0,0,117925020,206104
2020-02-05 02:03:40.607000+00:00,leaf8,sg0,29215395,0,118064636,757604742,0,0,0,95634609,0,24780,139356,40988,118449,123793,0,217475,767651,929153544,757475888,39228617,203322575,28777406,1209947,52325,56433,20547,11591,0,obt-collector1,,,0/RP0/CPU0,0,0,0,76310980,0,0,20549,15683,262492,45,0,0,0,12839,206059,63,10822,55,0,3,514807,160,5012,0,0,0,0,0,17780,0,0,83,565510,17794,0,0,,0,4000,0,0,0,0,260,0,4,0,0,0,0,256,0,0,0,0,8,149683078,203867354,0,0,0,0,0,117925251,206104
2020-02-05 02:03:50.695000+00:00,leaf8,sg0,29215435,0,118064857,757994677,0,0,0,95634609,0,24780,139356,40988,118449,123794,0,217476,767652,929155204,757865823,39228702,203322973,28777445,1209947,52325,56433,20547,11591,0,obt-collector1,,,0/RP0/CPU0,0,0,0,76311149,0,0,20549,15684,262495,45,0,0,0,12839,206060,63,10822,55,0,3,514807,160,5012,0,0,0,0,0,17780,0,0,83,565510,17794,0,0,,0,4000,0,0,0,0,260,0,4,0,0,0,0,256,0,0,0,0,8,149683361,203867753,0,0,0,0,0,117925472,206105
2020-02-05 02:04:00.793000+00:00,leaf8,sg0,29215476,0,118065076,758384657,0,0,0,95634609,0,24780,139356,40988,118449,123794,0,217476,767654,929156928,758255803,39228788,203323371,28777484,1209947,52325,56433,20547,11591,0,obt-collector1,,,0/RP0/CPU0,0,0,0,76311317,0,0,20549,15684,262495,45,0,0,0,12839,206062,63,10822,55,0,3,514809,160,5012,0,0,0,0,0,17780,0,0,83,565512,17794,0,0,,0,4000,0,0,0,0,260,0,4,0,0,0,0,256,0,0,0,0,8,149683643,203868153,0,0,0,0,0,117925691,206107
2020-02-05 02:04:10.888000+00:00,leaf8,sg0,29215514,0,118065295,758774608,0,0,0,95634609,0,24780,139356,40988,118449,123794,0,217476,767655,929158778,758645773,39228883,203323765,28777522,1209947,52325,56433,20547,11591,0,obt-collector1,,,0/RP0/CPU0,0,0,0,76311497,0,0,20549,15684,262495,45,0,0,0,12839,206062,63,10822,55,0,3,514810,160,5012,0,0,0,0,0,17780,0,0,83,565513,17794,0,0,,0,4000,0,0,0,0,260,0,4,0,0,0,0,256,0,0,0,0,8,149683933,203868548,0,0,0,0,0,117925910,206107
2020-02-05 02:04:20.983000+00:00,leaf8,sg0,29215553,0,118065538,759164956,0,0,0,95634609,0,24780,139356,40988,118449,123795,0,217476,767655,929160996,759036577,39228995,203324202,28777561,1209947,52325,56433,20547,11591,0,obt-collector1,,,0/RP0/CPU0,0,0,0,76311731,0,0,20549,15685,262497,45,0,0,0,12839,206062,63,10822,55,0,3,514810,160,5012,0,0,0,0,0,17780,0,0,83,565513,17794,0,0,,0,4000,0,0,0,0,260,0,4,0,0,0,0,256,0,0,0,0,8,149684251,203868986,0,0,0,0,0,117926153,206107
2020-02-05 02:04:31.088000+00:00,leaf8,sg0,29215592,0,118065770,759554872,0,0,0,95634609,0,24780,139356,40988,118449,123795,0,217477,767658,929162720,759426493,39229081,203324601,28777600,1209947,52325,56433,20547,11591,0,obt-collector1,,,0/RP0/CPU0,0,0,0,76311899,0,0,20549,15685,262498,45,0,0,0,12839,206062,63,10822,55,0,3,514812,160,5012,0,0,0,0,0,17780,0,0,83,565515,17794,0,0,,0,4000,0,0,0,0,260,0,4,0,0,0,0,256,0,0,0,0,8,149684547,203869387,0,0,0,0,0,117926385,206107
2020-02-05 02:04:41.179000+00:00,leaf8,sg0,29215642,0,118066032,759945327,0,0,0,95634609,0,24780,139356,40988,118449,123795,0,217477,767659,929164444,759816473,39229167,203325008,28777650,1209947,52325,56433,20547,11591,0,obt-collector1,,,0/RP0/CPU0,0,0,0,76312067,0,0,20549,15685,262498,45,0,0,0,12839,206062,63,10822,55,0,3,514813,160,5012,0,0,0,0,0,17780,0,0,83,565516,17794,0,0,,0,4000,0,0,0,0,260,0,4,0,0,0,0,256,0,0,0,0,8,149684870,203869795,0,0,0,0,0,117926647,206107
2020-02-05 02:04:51.267000+00:00,leaf8,sg0,29215681,0,118066262,760335214,0,0,0,95634609,0,24780,139356,40988,118449,123795,0,217477,767659,929166168,760206360,39229253,203325406,28777688,1209947,52325,56433,20547,11591,0,obt-collector1,,,0/RP0/CPU0,0,0,0,76312236,0,0,20549,15686,262499,45,0,0,0,12839,206063,63,10822,55,0,3,514813,160,5012,0,0,0,0,0,17780,0,0,83,565516,17794,0,0,,0,4000,0,0,0,0,260,0,4,0,0,0,0,256,0,0,0,0,8,149685161,203870194,0,0,0,0,0,117926877,206108
2020-02-05 02:05:01.412000+00:00,leaf8,sg0,29215724,0,118066502,760725066,0,0,0,95634609,0,24780,139356,40988,118449,123796,0,217478,767661,929167892,760596212,39229339,203325810,28777731,1209947,52325,56433,20547,11591,0,obt-collector1,,,0/RP0/CPU0,0,0,0,76312404,0,0,20549,15686,262501,45,0,0,0,12839,206063,63,10822,55,0,3,514814,160,5012,0,0,0,0,0,17780,0,0,83,565517,17794,0,0,,0,4000,0,0,0,0,260,0,4,0,0,0,0,256,0,0,0,0,8,149685464,203870599,0,0,0,0,0,117927117,206108
2020-02-05 02:05:11.532000+00:00,leaf8,sg0,29215765,0,118066720,761114982,0,0,0,95634609,0,24780,139356,40988,118449,123796,0,217478,767662,929169590,760986128,39229426,203326209,28777772,1209947,52325,56433,20547,11591,0,obt-collector1,,,0/RP0/CPU0,0,0,0,76312574,0,0,20549,15686,262501,45,0,0,0,12839,206063,63,10822,55,0,3,514815,160,5012,0,0,0,0,0,17780,0,0,83,565518,17794,0,0,,0,4000,0,0,0,0,260,0,4,0,0,0,0,256,0,0,0,0,8,149685745,203870999,0,0,0,0,0,117927335,206108
2020-02-05 02:05:21.671000+00:00,leaf8,sg0,29215805,0,118066922,761504786,0,0,0,95634609,0,24780,139356,40988,118449,123796,0,217478,767663,929171250,761375932,39229511,203326605,28777812,1209947,52325,56433,20547,11591,0,obt-collector1,,,0/RP0/CPU0,0,0,0,76312742,0,0,20549,15687,262502,45,0,0,0,12839,206063,63,10822,55,0,3,514816,160,5012,0,0,0,0,0,17780,0,0,83,565519,17794,0,0,,0,4000,0,0,0,0,260,0,4,0,0,0,0,256,0,0,0,0,8,149686011,203871397,0,0,0,0,0,117927537,206108
2020-02-05 02:05:31.782000+00:00,leaf8,sg0,29215847,0,118067142,761894702,0,0,0,95634609,0,24780,139356,40988,118449,123797,0,217478,767663,929172974,761765848,39229597,203327005,28777854,1209947,52325,56433,20547,11591,0,obt-collector1,,,0/RP0/CPU0,0,0,0,76312910,0,0,20549,15687,262503,45,0,0,0,12839,206063,63,10822,55,0,3,514816,160,5012,0,0,0,0,0,17780,0,0,83,565519,17794,0,0,,0,4000,0,0,0,0,260,0,4,0,0,0,0,256,0,0,0,0,8,149686291,203871797,0,0,0,0,0,117927757,206108
2020-02-05 02:05:41.882000+00:00,leaf8,sg0,29215888,0,118067363,762284682,0,0,0,95634609,0,24780,139356,40988,118449,123797,0,217479,767666,929174698,762155828,39229683,203327405,28777895,1209947,52325,56433,20547,11591,0,obt-collector1,,,0/RP0/CPU0,0,0,0,76313078,0,0,20549,15687,262504,45,0,0,0,12839,206063,62,10822,55,0,3,514818,160,5012,0,0,0,0,0,17780,0,0,83,565521,17794,0,0,,0,4000,0,0,0,0,260,0,4,0,0,0,0,256,0,0,0,0,8,149686574,203872199,0,0,0,0,0,117927978,206108
2020-02-05 02:05:51.989000+00:00,leaf8,sg0,29215932,0,118067582,762674633,0,0,0,95634609,0,24780,139356,40988,118449,123797,0,217479,767667,929176422,762545779,39229769,203327807,28777939,1209947,52325,56433,20547,11591,0,obt-collector1,,,0/RP0/CPU0,0,0,0,76313247,0,0,20549,15688,262505,45,0,0,0,12839,206063,62,10822,55,0,3,514819,160,5012,0,0,0,0,0,17780,0,0,83,565522,17794,0,0,,0,4000,0,0,0,0,260,0,4,0,0,0,0,256,0,0,0,0,8,149686855,203872603,0,0,0,0,0,117928197,206108
2020-02-05 02:06:02.085000+00:00,leaf8,sg0,29215979,0,118067803,763064501,0,0,0,95634609,0,24780,139356,40988,118449,123797,0,217479,767667,929178165,762935647,39229856,203328209,28777986,1209947,52325,56433,20547,11591,0,obt-collector1,,,0/RP0/CPU0,0,0,0,76313416,0,0,20549,15688,262505,45,0,0,0,12839,206063,62,10822,55,0,3,514819,160,5012,0,0,0,0,0,17780,0,0,83,565522,17794,0,0,,0,4000,0,0,0,0,260,0,4,0,0,0,0,256,0,0,0,0,8,149687138,203873005,0,0,0,0,0,117928418,206108
2020-02-05 02:06:12.172000+00:00,leaf8,sg0,29216025,0,118068037,763454241,0,0,0,95634609,0,24780,139357,40989,118449,123798,0,217480,767668,929179889,763325387,39229942,203328615,28778032,1209947,52325,56433,20548,11591,0,obt-collector1,,,0/RP0/CPU0,0,0,0,76313587,0,0,20550,15688,262507,45,0,0,0,12839,206063,63,10822,55,0,3,514819,160,5012,0,0,0,0,0,17780,0,0,83,565523,17794,0,0,,0,4000,0,0,0,0,260,0,4,0,0,0,0,256,0,0,0,0,8,149687430,203873411,0,0,0,0,0,117928652,206108
2020-02-05 02:06:22.273000+00:00,leaf8,sg0,29216070,0,118068259,763844093,0,0,0,95634609,0,24780,139357,40989,118449,123798,0,217480,767670,929181613,763715239,39230028,203329016,28778076,1209947,52325,56433,20548,11591,0,obt-collector1,,,0/RP0/CPU0,0,0,0,76313755,0,0,20550,15689,262508,45,0,0,0,12839,206064,63,10822,55,0,3,514821,160,5012,0,0,0,0,0,17780,0,0,83,565525,17794,0,0,,0,4000,0,0,0,0,260,0,4,0,0,0,0,256,0,0,0,0,8,149687720,203873815,0,0,0,0,0,117928874,206109
2020-02-05 02:06:32.370000+00:00,leaf8,sg0,29216113,0,118068463,764233913,0,0,0,95634609,0,24780,139357,40989,118449,123798,0,217480,767670,929183209,764105059,39230112,203329413,28778117,1209947,52325,56433,20548,11591,0,obt-collector1,,,0/RP0/CPU0,0,0,0,76313923,0,0,20550,15689,262508,45,0,0,0,12839,206066,63,10822,55,0,3,514821,160,5012,0,0,0,0,0,17780,0,0,83,565525,17794,0,0,,0,4000,0,0,0,0,260,0,4,0,0,0,0,256,0,0,0,0,8,149687985,203874212,0,0,0,0,0,117929078,206111
2020-02-05 02:06:42.464000+00:00,leaf8,sg0,29216149,0,118068681,764623957,0,0,0,95634609,0,24780,139357,40989,118449,123799,0,217480,767671,929184933,764495103,39230198,203329806,28778153,1209947,52325,56433,20548,11591,0,obt-collector1,,,0/RP0/CPU0,0,0,0,76314091,0,0,20550,15689,262509,45,0,0,0,12839,206066,63,10822,55,0,3,514822,160,5012,0,0,0,0,0,17780,0,0,83,565526,17794,0,0,,0,4000,0,0,0,0,260,0,4,0,0,0,0,256,0,0,0,0,8,149688270,203874606,0,0,0,0,0,117929296,206111
2020-02-05 02:06:52.563000+00:00,leaf8,sg0,29216185,0,118068904,765014100,0,0,0,95634609,0,24780,139357,40989,118449,123799,0,217481,767674,929186657,764885246,39230284,203330204,28778189,1209947,52325,56433,20548,11591,0,obt-collector1,,,0/RP0/CPU0,0,0,0,76314260,0,0,20550,15690,262511,45,0,0,0,12839,206066,63,10822,55,0,3,514824,160,5012,0,0,0,0,0,17780,0,0,83,565528,17794,0,0,,0,4000,0,0,0,0,260,0,4,0,0,0,0,256,0,0,0,0,8,149688563,203875007,0,0,0,0,0,117929519,206111
2020-02-05 02:07:02.655000+00:00,leaf8,sg0,29216223,0,118069126,765403968,0,0,0,95634609,0,24780,139357,40989,118449,123799,0,217481,767675,929188419,765275114,39230372,203330599,28778227,1209947,52325,56433,20548,11591,0,obt-collector1,,,0/RP0/CPU0,0,0,0,76314430,0,0,20550,15690,262511,45,0,0,0,12839,206066,63,10822,55,0,3,514825,160,5012,0,0,0,0,0,17780,0,0,83,565529,17794,0,0,,0,4000,0,0,0,0,260,0,4,0,0,0,0,256,0,0,0,0,8,149688854,203875403,0,0,0,0,0,117929741,206111
2020-02-05 02:07:12.753000+00:00,leaf8,sg0,29216259,0,118069338,765793820,0,0,0,95634609,0,24780,139357,40989,118449,123799,0,217481,767675,929190143,765664966,39230458,203330992,28778263,1209947,52325,56433,20548,11591,0,obt-collector1,,,0/RP0/CPU0,0,0,0,76314598,0,0,20550,15690,262511,45,0,0,0,12839,206066,63,10822,55,0,3,514825,160,5012,0,0,0,0,0,17780,0,0,83,565529,17794,0,0,,0,4000,0,0,0,0,260,0,4,0,0,0,0,256,0,0,0,0,8,149689130,203875796,0,0,0,0,0,117929953,206111
2020-02-05 02:07:22.864000+00:00,leaf8,sg0,29216299,0,118069576,766183816,0,0,0,95634609,0,24780,139357,40989,118449,123800,0,217482,767677,929191867,766054962,39230544,203331394,28778301,1209947,52325,56433,20548,11591,0,obt-collector1,,,0/RP0/CPU0,0,0,0,76314766,0,0,20550,15691,262514,45,0,0,0,12839,206069,63,10822,55,0,3,514826,160,5012,0,0,0,0,0,17780,0,0,83,565530,17794,0,0,,0,4000,0,0,0,0,260,0,4,0,0,0,0,256,0,0,0,0,8,149689435,203876200,0,0,0,0,0,117930191,206114
2020-02-05 02:07:32.971000+00:00,leaf8,sg0,29216337,0,118069802,766573732,0,0,0,95634609,0,24780,139357,40989,118449,123800,0,217482,767679,929193591,766444878,39230630,203331790,28778339,1209947,52325,56433,20548,11591,0,obt-collector1,,,0/RP0/CPU0,0,0,0,76314934,0,0,20550,15691,262514,45,0,0,0,12839,206069,63,10822,55,0,3,514828,160,5012,0,0,0,0,0,17780,0,0,83,565532,17794,0,0,,0,4000,0,0,0,0,260,0,4,0,0,0,0,256,0,0,0,0,8,149689726,203876598,0,0,0,0,0,117930417,206114
2020-02-05 02:07:43.070000+00:00,leaf8,sg0,29216377,0,118070002,766963424,0,0,0,95634609,0,24780,139357,40989,118449,123800,0,217482,767679,929195251,766834570,39230715,203332185,28778376,1209947,52325,56433,20548,11591,0,obt-collector1,,,0/RP0/CPU0,0,0,0,76315102,0,0,20550,15691,262514,45,0,0,0,12839,206072,63,10822,55,0,3,514828,160,5012,0,0,0,0,0,17780,0,0,83,565532,17794,0,0,,0,4000,0,0,0,0,260,0,4,0,0,0,0,256,0,0,0,0,8,149689991,203876993,0,0,0,0,0,117930617,206117
2020-02-05 02:07:53.158000+00:00,leaf8,sg0,29216415,0,118070220,767353423,0,0,0,95634609,0,24780,139357,40989,118449,123801,0,217482,767679,929196930,767224569,39230801,203332582,28778414,1209947,52325,56433,20548,11591,0,obt-collector1,,,0/RP0/CPU0,0,0,0,76315272,0,0,20550,15692,262516,45,0,0,0,12839,206072,63,10822,55,0,3,514828,160,5012,0,0,0,0,0,17780,0,0,83,565532,17794,0,0,,0,4000,0,0,0,0,260,0,4,0,0,0,0,256,0,0,0,0,8,149690275,203877391,0,0,0,0,0,117930836,206117
2020-02-05 02:08:03.254000+00:00,leaf8,sg0,29216452,0,118070428,767743451,0,0,0,95634609,0,24780,139357,40989,118449,123801,0,217483,767682,929198654,767614597,39230887,203332976,28778451,1209947,52325,56433,20548,11591,0,obt-collector1,,,0/RP0/CPU0,0,0,0,76315440,0,0,20550,15692,262517,45,0,0,0,12839,206072,63,10822,55,0,3,514830,160,5012,0,0,0,0,0,17780,0,0,83,565534,17794,0,0,,0,4000,0,0,0,0,260,0,4,0,0,0,0,256,0,0,0,0,8,149690552,203877787,0,0,0,0,0,117931044,206117
2020-02-05 02:08:13.355000+00:00,leaf8,sg0,29216490,0,118070661,768133303,0,0,0,95634609,0,24780,139357,40989,118449,123801,0,217483,767683,929200378,768004449,39230973,203333371,28778489,1209947,52325,56433,20548,11591,0,obt-collector1,,,0/RP0/CPU0,0,0,0,76315608,0,0,20550,15692,262517,45,0,0,0,12839,206072,63,10822,55,0,3,514831,160,5012,0,0,0,0,0,17780,0,0,83,565535,17794,0,0,,0,4000,0,0,0,0,260,0,4,0,0,0,0,256,0,0,0,0,8,149690846,203878183,0,0,0,0,0,117931277,206117
2020-02-05 02:08:23.455000+00:00,leaf8,sg0,29216529,0,118070893,768523235,0,0,0,95634609,0,24780,139357,40989,118449,123801,0,217483,767683,929202102,768394381,39231059,203333769,28778528,1209947,52325,56433,20548,11591,0,obt-collector1,,,0/RP0/CPU0,0,0,0,76315776,0,0,20550,15693,262518,45,0,0,0,12839,206072,63,10822,55,0,3,514831,160,5012,0,0,0,0,0,17780,0,0,83,565535,17794,0,0,,0,4000,0,0,0,0,260,0,4,0,0,0,0,256,0,0,0,0,8,149691141,203878582,0,0,0,0,0,117931509,206117
2020-02-05 02:08:33.568000+00:00,leaf8,sg0,29216568,0,118071103,768913087,0,0,0,95634609,0,24780,139357,40989,118449,123802,0,217484,767685,929203826,768784233,39231145,203334165,28778567,1209947,52325,56433,20548,11591,0,obt-collector1,,,0/RP0/CPU0,0,0,0,76315944,0,0,20550,15693,262520,45,0,0,0,12839,206072,63,10822,55,0,3,514832,160,5012,0,0,0,0,0,17780,0,0,83,565536,17794,0,0,,0,4000,0,0,0,0,260,0,4,0,0,0,0,256,0,0,0,0,8,149691413,203878979,0,0,0,0,0,117931719,206117
2020-02-05 02:08:43.655000+00:00,leaf8,sg0,29216609,0,118071305,769303019,0,0,0,95634609,0,24780,139357,40989,118449,123802,0,217484,767687,929205505,769174165,39231231,203334563,28778608,1209947,52325,56433,20548,11591,0,obt-collector1,,,0/RP0/CPU0,0,0,0,76316113,0,0,20550,15693,262520,45,0,0,0,12839,206072,63,10822,55,0,3,514834,160,5012,0,0,0,0,0,17780,0,0,83,565538,17794,0,0,,0,4000,0,0,0,0,260,0,4,0,0,0,0,256,0,0,0,0,8,149691679,203879379,0,0,0,0,0,117931921,206117
2020-02-05 02:08:53.757000+00:00,leaf8,sg0,29216651,0,118071534,769692954,0,0,0,95634609,0,24780,139357,40989,118449,123802,0,217484,767687,929207229,769564100,39231317,203334962,28778650,1209947,52325,56433,20548,11591,0,obt-collector1,,,0/RP0/CPU0,0,0,0,76316282,0,0,20550,15694,262521,45,0,0,0,12839,206072,63,10822,55,0,3,514834,160,5012,0,0,0,0,0,17780,0,0,83,565538,17794,0,0,,0,4000,0,0,0,0,260,0,4,0,0,0,0,256,0,0,0,0,8,149691969,203879779,0,0,0,0,0,117932150,206117
2020-02-05 02:09:03.860000+00:00,leaf8,sg0,29216693,0,118071756,770082998,0,0,0,95634609,0,24780,139357,40989,118449,123803,0,217485,767688,929208953,769954144,39231403,203335361,28778692,1209947,52325,56433,20548,11591,0,obt-collector1,,,0/RP0/CPU0,0,0,0,76316450,0,0,20550,15694,262523,45,0,0,0,12839,206072,63,10822,55,0,3,514834,160,5012,0,0,0,0,0,17780,0,0,83,565538,17794,0,0,,0,4000,0,0,0,0,260,0,4,0,0,0,0,256,0,0,0,0,8,149692252,203880178,0,0,0,0,0,117932372,206117
2020-02-05 02:09:13.978000+00:00,leaf8,sg0,29216733,0,118071976,770472754,0,0,0,95634609,0,24780,139357,40989,118449,123803,0,217485,767690,929210613,770343900,39231488,203335759,28778732,1209947,52325,56433,20548,11591,0,obt-collector1,,,0/RP0/CPU0,0,0,0,76316618,0,0,20550,15694,262523,45,0,0,0,12839,206072,62,10822,55,0,3,514836,160,5012,0,0,0,0,0,17780,0,0,83,565540,17794,0,0,,0,4000,0,0,0,0,260,0,4,0,0,0,0,256,0,0,0,0,8,149692536,203880578,0,0,0,0,0,117932592,206117
2020-02-05 02:09:24.086000+00:00,leaf8,sg0,29216771,0,118072194,770862622,0,0,0,95634609,0,24780,139357,40989,118449,123803,0,217485,767691,929212337,770733768,39231574,203336154,28778766,1209947,52325,56433,20548,11591,0,obt-collector1,,,0/RP0/CPU0,0,0,0,76316786,0,0,20550,15695,262524,45,0,0,0,12839,206076,62,10822,55,0,3,514837,160,5012,0,0,0,0,0,17780,0,0,83,565541,17794,0,0,,0,4000,0,0,0,0,260,0,4,0,0,0,0,256,0,0,0,0,8,149692820,203880975,0,0,0,0,0,117932810,206121
2020-02-05 02:09:34.183000+00:00,leaf8,sg0,29216812,0,118072406,771252538,0,0,0,95634609,0,24780,139357,40989,118449,123804,0,217485,767691,929214061,771123684,39231660,203336551,28778807,1209947,52325,56433,20548,11591,0,obt-collector1,,,0/RP0/CPU0,0,0,0,76316954,0,0,20550,15695,262525,45,0,0,0,12839,206076,62,10822,55,0,3,514837,160,5012,0,0,0,0,0,17780,0,0,83,565541,17794,0,0,,0,4000,0,0,0,0,260,0,4,0,0,0,0,256,0,0,0,0,8,149693094,203881372,0,0,0,0,0,117933022,206121
2020-02-05 02:09:44.277000+00:00,leaf8,sg0,29216867,0,118072714,771644687,0,0,0,95634609,0,24781,139364,40991,118455,123804,0,217490,767702,929217205,771515822,39231760,203336993,28778852,1209947,52325,56433,20549,11592,0,obt-collector1,,,0/RP0/CPU0,0,0,0,76317126,0,0,20551,15695,262526,45,0,0,0,12839,206076,62,10822,55,0,3,514837,160,5012,0,0,0,0,0,17780,0,0,83,565546,17794,0,0,,0,4000,0,0,0,0,260,0,4,0,0,0,0,256,0,0,0,0,8,149693479,203881814,0,0,0,0,0,117933320,206121
2020-02-05 02:09:54.423000+00:00,leaf8,sg0,29216907,0,118072942,772034798,0,0,0,95634609,0,24781,139364,40991,118455,123804,0,217491,767704,929218948,771905933,39231847,203337393,28778892,1209947,52325,56433,20549,11592,0,obt-collector1,,,0/RP0/CPU0,0,0,0,76317296,0,0,20551,15696,262527,45,0,0,0,12839,206076,63,10822,55,0,3,514838,160,5012,0,0,0,0,0,17780,0,0,83,565548,17794,0,0,,0,4000,0,0,0,0,260,0,4,0,0,0,0,256,0,0,0,0,8,149693769,203882216,0,0,0,0,0,117933548,206121
2020-02-05 02:10:04.527000+00:00,leaf8,sg0,29216949,0,118073172,772424666,0,0,0,95634609,0,24781,139364,40991,118455,123804,0,217491,767705,929220672,772295801,39231933,203337790,28778934,1209947,52325,56433,20549,11592,0,obt-collector1,,,0/RP0/CPU0,0,0,0,76317464,0,0,20551,15696,262527,45,0,0,0,12839,206076,63,10822,55,0,3,514839,160,5012,0,0,0,0,0,17780,0,0,83,565549,17794,0,0,,0,4000,0,0,0,0,260,0,4,0,0,0,0,256,0,0,0,0,8,149694061,203882614,0,0,0,0,0,117933778,206121
2020-02-05 02:10:14.692000+00:00,leaf8,sg0,29216990,0,118073394,772814582,0,0,0,95634609,0,24781,139364,40991,118455,123804,0,217491,767706,929222396,772685717,39232019,203338188,28778975,1209947,52325,56433,20549,11592,0,obt-collector1,,,0/RP0/CPU0,0,0,0,76317632,0,0,20551,15696,262527,45,0,0,0,12839,206076,63,10822,55,0,3,514840,160,5012,0,0,0,0,0,17780,0,0,83,565550,17794,0,0,,0,4000,0,0,0,0,260,0,4,0,0,0,0,256,0,0,0,0,8,149694344,203883013,0,0,0,0,0,117934000,206121
2020-02-05 02:10:24.851000+00:00,leaf8,sg0,29217032,0,118073625,773204562,0,0,0,95634609,0,24781,139364,40991,118455,123805,0,217492,767708,929224120,773075697,39232105,203338589,28779016,1209947,52325,56433,20549,11592,0,obt-collector1,,,0/RP0/CPU0,0,0,0,76317800,0,0,20551,15697,262530,45,0,0,0,12839,206077,63,10822,55,0,3,514841,160,5012,0,0,0,0,0,17780,0,0,83,565551,17794,0,0,,0,4000,0,0,0,0,260,0,4,0,0,0,0,256,0,0,0,0,8,149694642,203883416,0,0,0,0,0,117934231,206122
