,Producer,Target,host,icmp-stats/admin-unreachable-received,icmp-stats/admin-unreachable-sent,icmp-stats/checksum-error,icmp-stats/echo-reply-received,icmp-stats/echo-reply-sent,icmp-stats/echo-request-received,icmp-stats/echo-request-sent,icmp-stats/fragment-unreachable-received,icmp-stats/fragment-unreachable-sent,icmp-stats/hopcount-received,icmp-stats/hopcount-sent,icmp-stats/host-unreachable-received,icmp-stats/host-unreachable-sent,icmp-stats/mask-reply-received,icmp-stats/mask-reply-sent,icmp-stats/mask-request-received,icmp-stats/mask-request-sent,icmp-stats/network-unreachable-received,icmp-stats/network-unreachable-sent,icmp-stats/output,icmp-stats/param-error-received,icmp-stats/param-error-send,icmp-stats/port-unreachable-received,icmp-stats/port-unreachable-sent,icmp-stats/protocol-unreachable-received,icmp-stats/protocol-unreachable-sent,icmp-stats/reassebly-received,icmp-stats/reassembly-sent,icmp-stats/received,icmp-stats/redirect-received,icmp-stats/redirect-send,icmp-stats/router-advert-received,icmp-stats/router-solicit-received,icmp-stats/source-quench-received,icmp-stats/timestamp-received,icmp-stats/timestamp-reply-received,icmp-stats/unknown,ipv4-stats/bad-header,ipv4-stats/bad-hop-count,ipv4-stats/bad-option,ipv4-stats/bad-security-option,ipv4-stats/bad-source-address,ipv4-stats/basic-security-option,ipv4-stats/broadcast-in,ipv4-stats/broadcast-out,ipv4-stats/cipso-option,ipv4-stats/encapsulation-failed,ipv4-stats/end-option,ipv4-stats/extended-security-option,ipv4-stats/format-errors,ipv4-stats/fragment-count,ipv4-stats/input-packets,ipv4-stats/lisp-decap-error,ipv4-stats/lisp-encap-error,ipv4-stats/lisp-v4-decap,ipv4-stats/lisp-v4-encap,ipv4-stats/lisp-v6-decap,ipv4-stats/lisp-v6-encap,ipv4-stats/loose-source-route-option,ipv4-stats/multicast-in,ipv4-stats/multicast-out,ipv4-stats/no-gateway,ipv4-stats/no-protocol,ipv4-stats/no-router,ipv4-stats/noop-option,ipv4-stats/options-present,ipv4-stats/packet-too-big,ipv4-stats/packets-forwarded,ipv4-stats/packets-fragmented,ipv4-stats/packets-output,ipv4-stats/reassemble-failed,ipv4-stats/reassemble-input,ipv4-stats/reassemble-max-drop,ipv4-stats/reassemble-timeout,ipv4-stats/reassembled,ipv4-stats/received-packets,ipv4-stats/record-route-option,ipv4-stats/router-alert-option,ipv4-stats/sid-option,ipv4-stats/strict-source-route-option,ipv4-stats/timestamp-option,ipv4-stats/unknown-option,node-name

2020-02-05 01:51:20.900000+00:00,dr03,sg3,obt-collector1,0,0,0,0,0,0,0,0,0,0,0,0,0,0,0,0,0,0,0,0,0,0,0,0,0,0,0,0,0,0,0,0,0,0,0,0,0,0,0,0,0,0,0,0,0,0,0,0,0,0,0,0,0,0,0,0,0,0,0,0,0,0,0,0,0,0,0,0,0,21,0,0,0,0,0,0,0,0,0,0,0,0,0/0/CPU0

2020-02-05 01:51:20.914000+00:00,dr03,sg3,obt-collector1,0,0,0,0,0,0,0,0,0,0,34,0,0,0,0,0,0,0,0,34,0,0,0,0,0,0,0,0,0,0,0,0,0,0,0,0,0,0,0,0,0,0,0,0,0,0,0,0,0,0,0,0,0,0,0,0,0,0,0,0,0,0,0,0,0,0,0,0,0,71,0,0,0,0,0,0,0,0,0,0,0,0,0/1/CPU0

2020-02-05 01:51:20.916000+00:00,dr03,sg3,obt-collector1,0,0,0,0,36898,36898,0,12,0,0,0,13,26,0,0,45,0,0,0,38434,0,0,31387,1483,12,40,0,0,68412,0,0,0,0,0,45,0,0,0,0,0,0,0,0,0,0,0,0,0,0,0,0,50194206,0,0,0,0,0,0,0,0,0,0,45,0,0,126094,0,0,0,68069925,0,0,0,0,0,50075314,0,126094,0,0,0,0,0/RP0/CPU0

2020-02-05 01:51:30.932000+00:00,dr03,sg3,obt-collector1,0,0,0,0,0,0,0,0,0,0,0,0,0,0,0,0,0,0,0,0,0,0,0,0,0,0,0,0,0,0,0,0,0,0,0,0,0,0,0,0,0,0,0,0,0,0,0,0,0,0,0,0,0,0,0,0,0,0,0,0,0,0,0,0,0,0,0,0,0,21,0,0,0,0,0,0,0,0,0,0,0,0,0/0/CPU0

2020-02-05 01:51:30.948000+00:00,dr03,sg3,obt-collector1,0,0,0,0,0,0,0,0,0,0,34,0,0,0,0,0,0,0,0,34,0,0,0,0,0,0,0,0,0,0,0,0,0,0,0,0,0,0,0,0,0,0,0,0,0,0,0,0,0,0,0,0,0,0,0,0,0,0,0,0,0,0,0,0,0,0,0,0,0,71,0,0,0,0,0,0,0,0,0,0,0,0,0/1/CPU0

2020-02-05 01:51:30.951000+00:00,dr03,sg3,obt-collector1,0,0,0,0,36898,36898,0,12,0,0,0,13,26,0,0,45,0,0,0,38434,0,0,31387,1483,12,40,0,0,68412,0,0,0,0,0,45,0,0,0,0,0,0,0,0,0,0,0,0,0,0,0,0,50194291,0,0,0,0,0,0,0,0,0,0,45,0,0,126094,0,0,0,68072027,0,0,0,0,0,50075399,0,126094,0,0,0,0,0/RP0/CPU0

2020-02-05 01:51:40.973000+00:00,dr03,sg3,obt-collector1,0,0,0,0,0,0,0,0,0,0,0,0,0,0,0,0,0,0,0,0,0,0,0,0,0,0,0,0,0,0,0,0,0,0,0,0,0,0,0,0,0,0,0,0,0,0,0,0,0,0,0,0,0,0,0,0,0,0,0,0,0,0,0,0,0,0,0,0,0,21,0,0,0,0,0,0,0,0,0,0,0,0,0/0/CPU0

2020-02-05 01:51:40.987000+00:00,dr03,sg3,obt-collector1,0,0,0,0,0,0,0,0,0,0,34,0,0,0,0,0,0,0,0,34,0,0,0,0,0,0,0,0,0,0,0,0,0,0,0,0,0,0,0,0,0,0,0,0,0,0,0,0,0,0,0,0,0,0,0,0,0,0,0,0,0,0,0,0,0,0,0,0,0,71,0,0,0,0,0,0,0,0,0,0,0,0,0/1/CPU0

2020-02-05 01:51:40.990000+00:00,dr03,sg3,obt-collector1,0,0,0,0,36898,36898,0,12,0,0,0,13,26,0,0,45,0,0,0,38434,0,0,31387,1483,12,40,0,0,68412,0,0,0,0,0,45,0,0,0,0,0,0,0,0,0,0,0,0,0,0,0,0,50194743,0,0,0,0,0,0,0,0,0,0,45,0,0,126094,0,0,0,68074117,0,0,0,0,0,50075851,0,126094,0,0,0,0,0/RP0/CPU0

2020-02-05 01:51:51.016000+00:00,dr03,sg3,obt-collector1,0,0,0,0,0,0,0,0,0,0,0,0,0,0,0,0,0,0,0,0,0,0,0,0,0,0,0,0,0,0,0,0,0,0,0,0,0,0,0,0,0,0,0,0,0,0,0,0,0,0,0,0,0,0,0,0,0,0,0,0,0,0,0,0,0,0,0,0,0,21,0,0,0,0,0,0,0,0,0,0,0,0,0/0/CPU0

2020-02-05 01:51:51.026000+00:00,dr03,sg3,obt-collector1,0,0,0,0,0,0,0,0,0,0,34,0,0,0,0,0,0,0,0,34,0,0,0,0,0,0,0,0,0,0,0,0,0,0,0,0,0,0,0,0,0,0,0,0,0,0,0,0,0,0,0,0,0,0,0,0,0,0,0,0,0,0,0,0,0,0,0,0,0,71,0,0,0,0,0,0,0,0,0,0,0,0,0/1/CPU0

2020-02-05 01:51:51.029000+00:00,dr03,sg3,obt-collector1,0,0,0,0,36898,36898,0,12,0,0,0,13,26,0,0,45,0,0,0,38434,0,0,31387,1483,12,40,0,0,68412,0,0,0,0,0,45,0,0,0,0,0,0,0,0,0,0,0,0,0,0,0,0,50194843,0,0,0,0,0,0,0,0,0,0,45,0,0,126095,0,0,0,68076093,0,0,0,0,0,50075950,0,126095,0,0,0,0,0/RP0/CPU0

2020-02-05 01:52:01.054000+00:00,dr03,sg3,obt-collector1,0,0,0,0,0,0,0,0,0,0,0,0,0,0,0,0,0,0,0,0,0,0,0,0,0,0,0,0,0,0,0,0,0,0,0,0,0,0,0,0,0,0,0,0,0,0,0,0,0,0,0,0,0,0,0,0,0,0,0,0,0,0,0,0,0,0,0,0,0,21,0,0,0,0,0,0,0,0,0,0,0,0,0/0/CPU0

2020-02-05 01:52:01.068000+00:00,dr03,sg3,obt-collector1,0,0,0,0,0,0,0,0,0,0,34,0,0,0,0,0,0,0,0,34,0,0,0,0,0,0,0,0,0,0,0,0,0,0,0,0,0,0,0,0,0,0,0,0,0,0,0,0,0,0,0,0,0,0,0,0,0,0,0,0,0,0,0,0,0,0,0,0,0,71,0,0,0,0,0,0,0,0,0,0,0,0,0/1/CPU0

2020-02-05 01:52:01.070000+00:00,dr03,sg3,obt-collector1,0,0,0,0,36898,36898,0,12,0,0,0,13,26,0,0,45,0,0,0,38434,0,0,31387,1483,12,40,0,0,68412,0,0,0,0,0,45,0,0,0,0,0,0,0,0,0,0,0,0,0,0,0,0,50194910,0,0,0,0,0,0,0,0,0,0,45,0,0,126095,0,0,0,68077940,0,0,0,0,0,50076017,0,126095,0,0,0,0,0/RP0/CPU0

2020-02-05 01:52:11.096000+00:00,dr03,sg3,obt-collector1,0,0,0,0,0,0,0,0,0,0,0,0,0,0,0,0,0,0,0,0,0,0,0,0,0,0,0,0,0,0,0,0,0,0,0,0,0,0,0,0,0,0,0,0,0,0,0,0,0,0,0,0,0,0,0,0,0,0,0,0,0,0,0,0,0,0,0,0,0,21,0,0,0,0,0,0,0,0,0,0,0,0,0/0/CPU0

2020-02-05 01:52:11.111000+00:00,dr03,sg3,obt-collector1,0,0,0,0,0,0,0,0,0,0,34,0,0,0,0,0,0,0,0,34,0,0,0,0,0,0,0,0,0,0,0,0,0,0,0,0,0,0,0,0,0,0,0,0,0,0,0,0,0,0,0,0,0,0,0,0,0,0,0,0,0,0,0,0,0,0,0,0,0,71,0,0,0,0,0,0,0,0,0,0,0,0,0/1/CPU0

2020-02-05 01:52:11.114000+00:00,dr03,sg3,obt-collector1,0,0,0,0,36898,36898,0,12,0,0,0,13,26,0,0,45,0,0,0,38434,0,0,31387,1483,12,40,0,0,68412,0,0,0,0,0,45,0,0,0,0,0,0,0,0,0,0,0,0,0,0,0,0,50194956,0,0,0,0,0,0,0,0,0,0,45,0,0,126095,0,0,0,68079284,0,0,0,0,0,50076063,0,126095,0,0,0,0,0/RP0/CPU0

2020-02-05 01:52:21.131000+00:00,dr03,sg3,obt-collector1,0,0,0,0,0,0,0,0,0,0,0,0,0,0,0,0,0,0,0,0,0,0,0,0,0,0,0,0,0,0,0,0,0,0,0,0,0,0,0,0,0,0,0,0,0,0,0,0,0,0,0,0,0,0,0,0,0,0,0,0,0,0,0,0,0,0,0,0,0,21,0,0,0,0,0,0,0,0,0,0,0,0,0/0/CPU0

2020-02-05 01:52:21.142000+00:00,dr03,sg3,obt-collector1,0,0,0,0,0,0,0,0,0,0,34,0,0,0,0,0,0,0,0,34,0,0,0,0,0,0,0,0,0,0,0,0,0,0,0,0,0,0,0,0,0,0,0,0,0,0,0,0,0,0,0,0,0,0,0,0,0,0,0,0,0,0,0,0,0,0,0,0,0,71,0,0,0,0,0,0,0,0,0,0,0,0,0/1/CPU0

2020-02-05 01:52:21.145000+00:00,dr03,sg3,obt-collector1,0,0,0,0,36898,36898,0,12,0,0,0,13,26,0,0,45,0,0,0,38434,0,0,31387,1483,12,40,0,0,68412,0,0,0,0,0,45,0,0,0,0,0,0,0,0,0,0,0,0,0,0,0,0,50195003,0,0,0,0,0,0,0,0,0,0,45,0,0,126095,0,0,0,68081866,0,0,0,0,0,50076110,0,126095,0,0,0,0,0/RP0/CPU0

2020-02-05 01:52:31.169000+00:00,dr03,sg3,obt-collector1,0,0,0,0,0,0,0,0,0,0,0,0,0,0,0,0,0,0,0,0,0,0,0,0,0,0,0,0,0,0,0,0,0,0,0,0,0,0,0,0,0,0,0,0,0,0,0,0,0,0,0,0,0,0,0,0,0,0,0,0,0,0,0,0,0,0,0,0,0,21,0,0,0,0,0,0,0,0,0,0,0,0,0/0/CPU0

2020-02-05 01:52:31.185000+00:00,dr03,sg3,obt-collector1,0,0,0,0,0,0,0,0,0,0,34,0,0,0,0,0,0,0,0,34,0,0,0,0,0,0,0,0,0,0,0,0,0,0,0,0,0,0,0,0,0,0,0,0,0,0,0,0,0,0,0,0,0,0,0,0,0,0,0,0,0,0,0,0,0,0,0,0,0,71,0,0,0,0,0,0,0,0,0,0,0,0,0/1/CPU0

2020-02-05 01:52:31.187000+00:00,dr03,sg3,obt-collector1,0,0,0,0,36898,36898,0,12,0,0,0,13,26,0,0,45,0,0,0,38434,0,0,31387,1483,12,40,0,0,68412,0,0,0,0,0,45,0,0,0,0,0,0,0,0,0,0,0,0,0,0,0,0,50195054,0,0,0,0,0,0,0,0,0,0,45,0,0,126095,0,0,0,68082773,0,0,0,0,0,50076161,0,126095,0,0,0,0,0/RP0/CPU0

2020-02-05 01:52:41.207000+00:00,dr03,sg3,obt-collector1,0,0,0,0,0,0,0,0,0,0,0,0,0,0,0,0,0,0,0,0,0,0,0,0,0,0,0,0,0,0,0,0,0,0,0,0,0,0,0,0,0,0,0,0,0,0,0,0,0,0,0,0,0,0,0,0,0,0,0,0,0,0,0,0,0,0,0,0,0,21,0,0,0,0,0,0,0,0,0,0,0,0,0/0/CPU0

2020-02-05 01:52:41.224000+00:00,dr03,sg3,obt-collector1,0,0,0,0,0,0,0,0,0,0,34,0,0,0,0,0,0,0,0,34,0,0,0,0,0,0,0,0,0,0,0,0,0,0,0,0,0,0,0,0,0,0,0,0,0,0,0,0,0,0,0,0,0,0,0,0,0,0,0,0,0,0,0,0,0,0,0,0,0,71,0,0,0,0,0,0,0,0,0,0,0,0,0/1/CPU0

2020-02-05 01:52:41.226000+00:00,dr03,sg3,obt-collector1,0,0,0,0,36898,36898,0,12,0,0,0,13,26,0,0,45,0,0,0,38434,0,0,31387,1483,12,40,0,0,68412,0,0,0,0,0,45,0,0,0,0,0,0,0,0,0,0,0,0,0,0,0,0,50195098,0,0,0,0,0,0,0,0,0,0,45,0,0,126095,0,0,0,68085789,0,0,0,0,0,50076205,0,126095,0,0,0,0,0/RP0/CPU0

2020-02-05 01:52:51.251000+00:00,dr03,sg3,obt-collector1,0,0,0,0,0,0,0,0,0,0,0,0,0,0,0,0,0,0,0,0,0,0,0,0,0,0,0,0,0,0,0,0,0,0,0,0,0,0,0,0,0,0,0,0,0,0,0,0,0,0,0,0,0,0,0,0,0,0,0,0,0,0,0,0,0,0,0,0,0,21,0,0,0,0,0,0,0,0,0,0,0,0,0/0/CPU0

2020-02-05 01:52:51.267000+00:00,dr03,sg3,obt-collector1,0,0,0,0,0,0,0,0,0,0,34,0,0,0,0,0,0,0,0,34,0,0,0,0,0,0,0,0,0,0,0,0,0,0,0,0,0,0,0,0,0,0,0,0,0,0,0,0,0,0,0,0,0,0,0,0,0,0,0,0,0,0,0,0,0,0,0,0,0,71,0,0,0,0,0,0,0,0,0,0,0,0,0/1/CPU0

2020-02-05 01:52:51.269000+00:00,dr03,sg3,obt-collector1,0,0,0,0,36898,36898,0,12,0,0,0,13,26,0,0,45,0,0,0,38434,0,0,31387,1483,12,40,0,0,68412,0,0,0,0,0,45,0,0,0,0,0,0,0,0,0,0,0,0,0,0,0,0,50195147,0,0,0,0,0,0,0,0,0,0,45,0,0,126096,0,0,0,68086696,0,0,0,0,0,50076253,0,126096,0,0,0,0,0/RP0/CPU0

2020-02-05 01:53:01.289000+00:00,dr03,sg3,obt-collector1,0,0,0,0,0,0,0,0,0,0,0,0,0,0,0,0,0,0,0,0,0,0,0,0,0,0,0,0,0,0,0,0,0,0,0,0,0,0,0,0,0,0,0,0,0,0,0,0,0,0,0,0,0,0,0,0,0,0,0,0,0,0,0,0,0,0,0,0,0,21,0,0,0,0,0,0,0,0,0,0,0,0,0/0/CPU0

2020-02-05 01:53:01.307000+00:00,dr03,sg3,obt-collector1,0,0,0,0,0,0,0,0,0,0,34,0,0,0,0,0,0,0,0,34,0,0,0,0,0,0,0,0,0,0,0,0,0,0,0,0,0,0,0,0,0,0,0,0,0,0,0,0,0,0,0,0,0,0,0,0,0,0,0,0,0,0,0,0,0,0,0,0,0,71,0,0,0,0,0,0,0,0,0,0,0,0,0/1/CPU0

2020-02-05 01:53:01.309000+00:00,dr03,sg3,obt-collector1,0,0,0,0,36898,36898,0,12,0,0,0,13,26,0,0,45,0,0,0,38434,0,0,31387,1483,12,40,0,0,68412,0,0,0,0,0,45,0,0,0,0,0,0,0,0,0,0,0,0,0,0,0,0,50195197,0,0,0,0,0,0,0,0,0,0,45,0,0,126096,0,0,0,68089718,0,0,0,0,0,50076303,0,126096,0,0,0,0,0/RP0/CPU0

2020-02-05 01:53:11.332000+00:00,dr03,sg3,obt-collector1,0,0,0,0,0,0,0,0,0,0,0,0,0,0,0,0,0,0,0,0,0,0,0,0,0,0,0,0,0,0,0,0,0,0,0,0,0,0,0,0,0,0,0,0,0,0,0,0,0,0,0,0,0,0,0,0,0,0,0,0,0,0,0,0,0,0,0,0,0,21,0,0,0,0,0,0,0,0,0,0,0,0,0/0/CPU0

2020-02-05 01:53:11.346000+00:00,dr03,sg3,obt-collector1,0,0,0,0,0,0,0,0,0,0,34,0,0,0,0,0,0,0,0,34,0,0,0,0,0,0,0,0,0,0,0,0,0,0,0,0,0,0,0,0,0,0,0,0,0,0,0,0,0,0,0,0,0,0,0,0,0,0,0,0,0,0,0,0,0,0,0,0,0,71,0,0,0,0,0,0,0,0,0,0,0,0,0/1/CPU0

2020-02-05 01:53:11.349000+00:00,dr03,sg3,obt-collector1,0,0,0,0,36898,36898,0,12,0,0,0,13,26,0,0,45,0,0,0,38434,0,0,31387,1483,12,40,0,0,68412,0,0,0,0,0,45,0,0,0,0,0,0,0,0,0,0,0,0,0,0,0,0,50195241,0,0,0,0,0,0,0,0,0,0,45,0,0,126096,0,0,0,68090620,0,0,0,0,0,50076347,0,126096,0,0,0,0,0/RP0/CPU0

2020-02-05 01:53:21.372000+00:00,dr03,sg3,obt-collector1,0,0,0,0,0,0,0,0,0,0,0,0,0,0,0,0,0,0,0,0,0,0,0,0,0,0,0,0,0,0,0,0,0,0,0,0,0,0,0,0,0,0,0,0,0,0,0,0,0,0,0,0,0,0,0,0,0,0,0,0,0,0,0,0,0,0,0,0,0,21,0,0,0,0,0,0,0,0,0,0,0,0,0/0/CPU0

2020-02-05 01:53:21.382000+00:00,dr03,sg3,obt-collector1,0,0,0,0,0,0,0,0,0,0,34,0,0,0,0,0,0,0,0,34,0,0,0,0,0,0,0,0,0,0,0,0,0,0,0,0,0,0,0,0,0,0,0,0,0,0,0,0,0,0,0,0,0,0,0,0,0,0,0,0,0,0,0,0,0,0,0,0,0,71,0,0,0,0,0,0,0,0,0,0,0,0,0/1/CPU0

2020-02-05 01:53:21.384000+00:00,dr03,sg3,obt-collector1,0,0,0,0,36898,36898,0,12,0,0,0,13,26,0,0,45,0,0,0,38434,0,0,31387,1483,12,40,0,0,68412,0,0,0,0,0,45,0,0,0,0,0,0,0,0,0,0,0,0,0,0,0,0,50195288,0,0,0,0,0,0,0,0,0,0,45,0,0,126096,0,0,0,68093482,0,0,0,0,0,50076394,0,126096,0,0,0,0,0/RP0/CPU0

2020-02-05 01:53:31.408000+00:00,dr03,sg3,obt-collector1,0,0,0,0,0,0,0,0,0,0,0,0,0,0,0,0,0,0,0,0,0,0,0,0,0,0,0,0,0,0,0,0,0,0,0,0,0,0,0,0,0,0,0,0,0,0,0,0,0,0,0,0,0,0,0,0,0,0,0,0,0,0,0,0,0,0,0,0,0,21,0,0,0,0,0,0,0,0,0,0,0,0,0/0/CPU0

2020-02-05 01:53:31.427000+00:00,dr03,sg3,obt-collector1,0,0,0,0,0,0,0,0,0,0,34,0,0,0,0,0,0,0,0,34,0,0,0,0,0,0,0,0,0,0,0,0,0,0,0,0,0,0,0,0,0,0,0,0,0,0,0,0,0,0,0,0,0,0,0,0,0,0,0,0,0,0,0,0,0,0,0,0,0,71,0,0,0,0,0,0,0,0,0,0,0,0,0/1/CPU0

2020-02-05 01:53:31.429000+00:00,dr03,sg3,obt-collector1,0,0,0,0,36898,36898,0,12,0,0,0,13,26,0,0,45,0,0,0,38434,0,0,31387,1483,12,40,0,0,68412,0,0,0,0,0,45,0,0,0,0,0,0,0,0,0,0,0,0,0,0,0,0,50195340,0,0,0,0,0,0,0,0,0,0,45,0,0,126096,0,0,0,68094393,0,0,0,0,0,50076446,0,126096,0,0,0,0,0/RP0/CPU0

2020-02-05 01:53:41.452000+00:00,dr03,sg3,obt-collector1,0,0,0,0,0,0,0,0,0,0,0,0,0,0,0,0,0,0,0,0,0,0,0,0,0,0,0,0,0,0,0,0,0,0,0,0,0,0,0,0,0,0,0,0,0,0,0,0,0,0,0,0,0,0,0,0,0,0,0,0,0,0,0,0,0,0,0,0,0,21,0,0,0,0,0,0,0,0,0,0,0,0,0/0/CPU0

2020-02-05 01:53:41.467000+00:00,dr03,sg3,obt-collector1,0,0,0,0,0,0,0,0,0,0,34,0,0,0,0,0,0,0,0,34,0,0,0,0,0,0,0,0,0,0,0,0,0,0,0,0,0,0,0,0,0,0,0,0,0,0,0,0,0,0,0,0,0,0,0,0,0,0,0,0,0,0,0,0,0,0,0,0,0,71,0,0,0,0,0,0,0,0,0,0,0,0,0/1/CPU0

2020-02-05 01:53:41.470000+00:00,dr03,sg3,obt-collector1,0,0,0,0,36898,36898,0,12,0,0,0,13,26,0,0,45,0,0,0,38434,0,0,31387,1483,12,40,0,0,68412,0,0,0,0,0,45,0,0,0,0,0,0,0,0,0,0,0,0,0,0,0,0,50195384,0,0,0,0,0,0,0,0,0,0,45,0,0,126096,0,0,0,68097412,0,0,0,0,0,50076490,0,126096,0,0,0,0,0/RP0/CPU0

2020-02-05 01:53:51.491000+00:00,dr03,sg3,obt-collector1,0,0,0,0,0,0,0,0,0,0,0,0,0,0,0,0,0,0,0,0,0,0,0,0,0,0,0,0,0,0,0,0,0,0,0,0,0,0,0,0,0,0,0,0,0,0,0,0,0,0,0,0,0,0,0,0,0,0,0,0,0,0,0,0,0,0,0,0,0,21,0,0,0,0,0,0,0,0,0,0,0,0,0/0/CPU0

2020-02-05 01:53:51.507000+00:00,dr03,sg3,obt-collector1,0,0,0,0,0,0,0,0,0,0,34,0,0,0,0,0,0,0,0,34,0,0,0,0,0,0,0,0,0,0,0,0,0,0,0,0,0,0,0,0,0,0,0,0,0,0,0,0,0,0,0,0,0,0,0,0,0,0,0,0,0,0,0,0,0,0,0,0,0,71,0,0,0,0,0,0,0,0,0,0,0,0,0/1/CPU0

2020-02-05 01:53:51.510000+00:00,dr03,sg3,obt-collector1,0,0,0,0,36898,36898,0,12,0,0,0,13,26,0,0,45,0,0,0,38434,0,0,31387,1483,12,40,0,0,68412,0,0,0,0,0,45,0,0,0,0,0,0,0,0,0,0,0,0,0,0,0,0,50195430,0,0,0,0,0,0,0,0,0,0,45,0,0,126097,0,0,0,68098312,0,0,0,0,0,50076535,0,126097,0,0,0,0,0/RP0/CPU0

2020-02-05 01:54:01.530000+00:00,dr03,sg3,obt-collector1,0,0,0,0,0,0,0,0,0,0,0,0,0,0,0,0,0,0,0,0,0,0,0,0,0,0,0,0,0,0,0,0,0,0,0,0,0,0,0,0,0,0,0,0,0,0,0,0,0,0,0,0,0,0,0,0,0,0,0,0,0,0,0,0,0,0,0,0,0,21,0,0,0,0,0,0,0,0,0,0,0,0,0/0/CPU0

2020-02-05 01:54:01.548000+00:00,dr03,sg3,obt-collector1,0,0,0,0,0,0,0,0,0,0,34,0,0,0,0,0,0,0,0,34,0,0,0,0,0,0,0,0,0,0,0,0,0,0,0,0,0,0,0,0,0,0,0,0,0,0,0,0,0,0,0,0,0,0,0,0,0,0,0,0,0,0,0,0,0,0,0,0,0,71,0,0,0,0,0,0,0,0,0,0,0,0,0/1/CPU0

2020-02-05 01:54:01.550000+00:00,dr03,sg3,obt-collector1,0,0,0,0,36898,36898,0,12,0,0,0,13,26,0,0,45,0,0,0,38434,0,0,31387,1483,12,40,0,0,68412,0,0,0,0,0,45,0,0,0,0,0,0,0,0,0,0,0,0,0,0,0,0,50195487,0,0,0,0,0,0,0,0,0,0,45,0,0,126097,0,0,0,68101345,0,0,0,0,0,50076592,0,126097,0,0,0,0,0/RP0/CPU0

2020-02-05 01:54:11.568000+00:00,dr03,sg3,obt-collector1,0,0,0,0,0,0,0,0,0,0,0,0,0,0,0,0,0,0,0,0,0,0,0,0,0,0,0,0,0,0,0,0,0,0,0,0,0,0,0,0,0,0,0,0,0,0,0,0,0,0,0,0,0,0,0,0,0,0,0,0,0,0,0,0,0,0,0,0,0,21,0,0,0,0,0,0,0,0,0,0,0,0,0/0/CPU0

2020-02-05 01:54:11.583000+00:00,dr03,sg3,obt-collector1,0,0,0,0,0,0,0,0,0,0,34,0,0,0,0,0,0,0,0,34,0,0,0,0,0,0,0,0,0,0,0,0,0,0,0,0,0,0,0,0,0,0,0,0,0,0,0,0,0,0,0,0,0,0,0,0,0,0,0,0,0,0,0,0,0,0,0,0,0,71,0,0,0,0,0,0,0,0,0,0,0,0,0/1/CPU0

2020-02-05 01:54:11.585000+00:00,dr03,sg3,obt-collector1,0,0,0,0,36898,36898,0,12,0,0,0,13,26,0,0,45,0,0,0,38434,0,0,31387,1483,12,40,0,0,68412,0,0,0,0,0,45,0,0,0,0,0,0,0,0,0,0,0,0,0,0,0,0,50195532,0,0,0,0,0,0,0,0,0,0,45,0,0,126097,0,0,0,68102246,0,0,0,0,0,50076637,0,126097,0,0,0,0,0/RP0/CPU0

2020-02-05 01:54:21.609000+00:00,dr03,sg3,obt-collector1,0,0,0,0,0,0,0,0,0,0,0,0,0,0,0,0,0,0,0,0,0,0,0,0,0,0,0,0,0,0,0,0,0,0,0,0,0,0,0,0,0,0,0,0,0,0,0,0,0,0,0,0,0,0,0,0,0,0,0,0,0,0,0,0,0,0,0,0,0,21,0,0,0,0,0,0,0,0,0,0,0,0,0/0/CPU0

2020-02-05 01:54:21.624000+00:00,dr03,sg3,obt-collector1,0,0,0,0,0,0,0,0,0,0,34,0,0,0,0,0,0,0,0,34,0,0,0,0,0,0,0,0,0,0,0,0,0,0,0,0,0,0,0,0,0,0,0,0,0,0,0,0,0,0,0,0,0,0,0,0,0,0,0,0,0,0,0,0,0,0,0,0,0,71,0,0,0,0,0,0,0,0,0,0,0,0,0/1/CPU0

2020-02-05 01:54:21.627000+00:00,dr03,sg3,obt-collector1,0,0,0,0,36898,36898,0,12,0,0,0,13,26,0,0,45,0,0,0,38434,0,0,31387,1483,12,40,0,0,68412,0,0,0,0,0,45,0,0,0,0,0,0,0,0,0,0,0,0,0,0,0,0,50195578,0,0,0,0,0,0,0,0,0,0,45,0,0,126097,0,0,0,68105275,0,0,0,0,0,50076683,0,126097,0,0,0,0,0/RP0/CPU0

2020-02-05 01:54:31.653000+00:00,dr03,sg3,obt-collector1,0,0,0,0,0,0,0,0,0,0,0,0,0,0,0,0,0,0,0,0,0,0,0,0,0,0,0,0,0,0,0,0,0,0,0,0,0,0,0,0,0,0,0,0,0,0,0,0,0,0,0,0,0,0,0,0,0,0,0,0,0,0,0,0,0,0,0,0,0,21,0,0,0,0,0,0,0,0,0,0,0,0,0/0/CPU0

2020-02-05 01:54:31.670000+00:00,dr03,sg3,obt-collector1,0,0,0,0,0,0,0,0,0,0,34,0,0,0,0,0,0,0,0,34,0,0,0,0,0,0,0,0,0,0,0,0,0,0,0,0,0,0,0,0,0,0,0,0,0,0,0,0,0,0,0,0,0,0,0,0,0,0,0,0,0,0,0,0,0,0,0,0,0,71,0,0,0,0,0,0,0,0,0,0,0,0,0/1/CPU0

2020-02-05 01:54:31.672000+00:00,dr03,sg3,obt-collector1,0,0,0,0,36898,36898,0,12,0,0,0,13,26,0,0,45,0,0,0,38434,0,0,31387,1483,12,40,0,0,68412,0,0,0,0,0,45,0,0,0,0,0,0,0,0,0,0,0,0,0,0,0,0,50195625,0,0,0,0,0,0,0,0,0,0,45,0,0,126097,0,0,0,68106004,0,0,0,0,0,50076730,0,126097,0,0,0,0,0/RP0/CPU0

2020-02-05 01:54:41.695000+00:00,dr03,sg3,obt-collector1,0,0,0,0,0,0,0,0,0,0,0,0,0,0,0,0,0,0,0,0,0,0,0,0,0,0,0,0,0,0,0,0,0,0,0,0,0,0,0,0,0,0,0,0,0,0,0,0,0,0,0,0,0,0,0,0,0,0,0,0,0,0,0,0,0,0,0,0,0,21,0,0,0,0,0,0,0,0,0,0,0,0,0/0/CPU0

2020-02-05 01:54:41.713000+00:00,dr03,sg3,obt-collector1,0,0,0,0,0,0,0,0,0,0,34,0,0,0,0,0,0,0,0,34,0,0,0,0,0,0,0,0,0,0,0,0,0,0,0,0,0,0,0,0,0,0,0,0,0,0,0,0,0,0,0,0,0,0,0,0,0,0,0,0,0,0,0,0,0,0,0,0,0,71,0,0,0,0,0,0,0,0,0,0,0,0,0/1/CPU0

2020-02-05 01:54:41.715000+00:00,dr03,sg3,obt-collector1,0,0,0,0,36898,36898,0,12,0,0,0,13,26,0,0,45,0,0,0,38434,0,0,31387,1483,12,40,0,0,68412,0,0,0,0,0,45,0,0,0,0,0,0,0,0,0,0,0,0,0,0,0,0,50195672,0,0,0,0,0,0,0,0,0,0,45,0,0,126097,0,0,0,68108357,0,0,0,0,0,50076777,0,126097,0,0,0,0,0/RP0/CPU0

2020-02-05 01:54:51.739000+00:00,dr03,sg3,obt-collector1,0,0,0,0,0,0,0,0,0,0,0,0,0,0,0,0,0,0,0,0,0,0,0,0,0,0,0,0,0,0,0,0,0,0,0,0,0,0,0,0,0,0,0,0,0,0,0,0,0,0,0,0,0,0,0,0,0,0,0,0,0,0,0,0,0,0,0,0,0,21,0,0,0,0,0,0,0,0,0,0,0,0,0/0/CPU0

2020-02-05 01:54:51.756000+00:00,dr03,sg3,obt-collector1,0,0,0,0,0,0,0,0,0,0,34,0,0,0,0,0,0,0,0,34,0,0,0,0,0,0,0,0,0,0,0,0,0,0,0,0,0,0,0,0,0,0,0,0,0,0,0,0,0,0,0,0,0,0,0,0,0,0,0,0,0,0,0,0,0,0,0,0,0,71,0,0,0,0,0,0,0,0,0,0,0,0,0/1/CPU0

2020-02-05 01:54:51.758000+00:00,dr03,sg3,obt-collector1,0,0,0,0,36898,36898,0,12,0,0,0,13,26,0,0,45,0,0,0,38434,0,0,31387,1483,12,40,0,0,68412,0,0,0,0,0,45,0,0,0,0,0,0,0,0,0,0,0,0,0,0,0,0,50195717,0,0,0,0,0,0,0,0,0,0,45,0,0,126098,0,0,0,68109910,0,0,0,0,0,50076822,0,126098,0,0,0,0,0/RP0/CPU0

2020-02-05 01:55:01.779000+00:00,dr03,sg3,obt-collector1,0,0,0,0,0,0,0,0,0,0,0,0,0,0,0,0,0,0,0,0,0,0,0,0,0,0,0,0,0,0,0,0,0,0,0,0,0,0,0,0,0,0,0,0,0,0,0,0,0,0,0,0,0,0,0,0,0,0,0,0,0,0,0,0,0,0,0,0,0,21,0,0,0,0,0,0,0,0,0,0,0,0,0/0/CPU0

2020-02-05 01:55:01.807000+00:00,dr03,sg3,obt-collector1,0,0,0,0,0,0,0,0,0,0,34,0,0,0,0,0,0,0,0,34,0,0,0,0,0,0,0,0,0,0,0,0,0,0,0,0,0,0,0,0,0,0,0,0,0,0,0,0,0,0,0,0,0,0,0,0,0,0,0,0,0,0,0,0,0,0,0,0,0,71,0,0,0,0,0,0,0,0,0,0,0,0,0/1/CPU0

2020-02-05 01:55:01.809000+00:00,dr03,sg3,obt-collector1,0,0,0,0,36899,36899,0,12,0,0,0,13,26,0,0,45,0,0,0,38435,0,0,31387,1483,12,40,0,0,68413,0,0,0,0,0,45,0,0,0,0,0,0,0,0,0,0,0,0,0,0,0,0,50195776,0,0,0,0,0,0,0,0,0,0,45,0,0,126098,0,0,0,68112072,0,0,0,0,0,50076880,0,126098,0,0,0,0,0/RP0/CPU0

2020-02-05 01:55:11.833000+00:00,dr03,sg3,obt-collector1,0,0,0,0,0,0,0,0,0,0,0,0,0,0,0,0,0,0,0,0,0,0,0,0,0,0,0,0,0,0,0,0,0,0,0,0,0,0,0,0,0,0,0,0,0,0,0,0,0,0,0,0,0,0,0,0,0,0,0,0,0,0,0,0,0,0,0,0,0,21,0,0,0,0,0,0,0,0,0,0,0,0,0/0/CPU0

2020-02-05 01:55:11.851000+00:00,dr03,sg3,obt-collector1,0,0,0,0,0,0,0,0,0,0,34,0,0,0,0,0,0,0,0,34,0,0,0,0,0,0,0,0,0,0,0,0,0,0,0,0,0,0,0,0,0,0,0,0,0,0,0,0,0,0,0,0,0,0,0,0,0,0,0,0,0,0,0,0,0,0,0,0,0,71,0,0,0,0,0,0,0,0,0,0,0,0,0/1/CPU0

2020-02-05 01:55:11.853000+00:00,dr03,sg3,obt-collector1,0,0,0,0,36899,36899,0,12,0,0,0,13,26,0,0,45,0,0,0,38435,0,0,31387,1483,12,40,0,0,68413,0,0,0,0,0,45,0,0,0,0,0,0,0,0,0,0,0,0,0,0,0,0,50195870,0,0,0,0,0,0,0,0,0,0,45,0,0,126098,0,0,0,68113745,0,0,0,0,0,50076974,0,126098,0,0,0,0,0/RP0/CPU0

2020-02-05 01:55:21.877000+00:00,dr03,sg3,obt-collector1,0,0,0,0,0,0,0,0,0,0,0,0,0,0,0,0,0,0,0,0,0,0,0,0,0,0,0,0,0,0,0,0,0,0,0,0,0,0,0,0,0,0,0,0,0,0,0,0,0,0,0,0,0,0,0,0,0,0,0,0,0,0,0,0,0,0,0,0,0,21,0,0,0,0,0,0,0,0,0,0,0,0,0/0/CPU0

2020-02-05 01:55:21.898000+00:00,dr03,sg3,obt-collector1,0,0,0,0,0,0,0,0,0,0,34,0,0,0,0,0,0,0,0,34,0,0,0,0,0,0,0,0,0,0,0,0,0,0,0,0,0,0,0,0,0,0,0,0,0,0,0,0,0,0,0,0,0,0,0,0,0,0,0,0,0,0,0,0,0,0,0,0,0,71,0,0,0,0,0,0,0,0,0,0,0,0,0/1/CPU0

2020-02-05 01:55:21.900000+00:00,dr03,sg3,obt-collector1,0,0,0,0,36899,36899,0,12,0,0,0,13,26,0,0,45,0,0,0,38435,0,0,31387,1483,12,40,0,0,68413,0,0,0,0,0,45,0,0,0,0,0,0,0,0,0,0,0,0,0,0,0,0,50195916,0,0,0,0,0,0,0,0,0,0,45,0,0,126098,0,0,0,68115602,0,0,0,0,0,50077020,0,126098,0,0,0,0,0/RP0/CPU0

2020-02-05 01:55:31.922000+00:00,dr03,sg3,obt-collector1,0,0,0,0,0,0,0,0,0,0,0,0,0,0,0,0,0,0,0,0,0,0,0,0,0,0,0,0,0,0,0,0,0,0,0,0,0,0,0,0,0,0,0,0,0,0,0,0,0,0,0,0,0,0,0,0,0,0,0,0,0,0,0,0,0,0,0,0,0,21,0,0,0,0,0,0,0,0,0,0,0,0,0/0/CPU0

2020-02-05 01:55:31.940000+00:00,dr03,sg3,obt-collector1,0,0,0,0,0,0,0,0,0,0,34,0,0,0,0,0,0,0,0,34,0,0,0,0,0,0,0,0,0,0,0,0,0,0,0,0,0,0,0,0,0,0,0,0,0,0,0,0,0,0,0,0,0,0,0,0,0,0,0,0,0,0,0,0,0,0,0,0,0,71,0,0,0,0,0,0,0,0,0,0,0,0,0/1/CPU0

2020-02-05 01:55:31.942000+00:00,dr03,sg3,obt-collector1,0,0,0,0,36899,36899,0,12,0,0,0,13,26,0,0,45,0,0,0,38435,0,0,31387,1483,12,40,0,0,68413,0,0,0,0,0,45,0,0,0,0,0,0,0,0,0,0,0,0,0,0,0,0,50195962,0,0,0,0,0,0,0,0,0,0,45,0,0,126098,0,0,0,68117666,0,0,0,0,0,50077066,0,126098,0,0,0,0,0/RP0/CPU0

2020-02-05 01:55:41.963000+00:00,dr03,sg3,obt-collector1,0,0,0,0,0,0,0,0,0,0,0,0,0,0,0,0,0,0,0,0,0,0,0,0,0,0,0,0,0,0,0,0,0,0,0,0,0,0,0,0,0,0,0,0,0,0,0,0,0,0,0,0,0,0,0,0,0,0,0,0,0,0,0,0,0,0,0,0,0,21,0,0,0,0,0,0,0,0,0,0,0,0,0/0/CPU0

2020-02-05 01:55:41.980000+00:00,dr03,sg3,obt-collector1,0,0,0,0,0,0,0,0,0,0,34,0,0,0,0,0,0,0,0,34,0,0,0,0,0,0,0,0,0,0,0,0,0,0,0,0,0,0,0,0,0,0,0,0,0,0,0,0,0,0,0,0,0,0,0,0,0,0,0,0,0,0,0,0,0,0,0,0,0,71,0,0,0,0,0,0,0,0,0,0,0,0,0/1/CPU0

2020-02-05 01:55:41.982000+00:00,dr03,sg3,obt-collector1,0,0,0,0,36899,36899,0,12,0,0,0,13,26,0,0,45,0,0,0,38435,0,0,31387,1483,12,40,0,0,68413,0,0,0,0,0,45,0,0,0,0,0,0,0,0,0,0,0,0,0,0,0,0,50196008,0,0,0,0,0,0,0,0,0,0,45,0,0,126098,0,0,0,68118573,0,0,0,0,0,50077112,0,126098,0,0,0,0,0/RP0/CPU0

2020-02-05 01:55:52.002000+00:00,dr03,sg3,obt-collector1,0,0,0,0,0,0,0,0,0,0,0,0,0,0,0,0,0,0,0,0,0,0,0,0,0,0,0,0,0,0,0,0,0,0,0,0,0,0,0,0,0,0,0,0,0,0,0,0,0,0,0,0,0,0,0,0,0,0,0,0,0,0,0,0,0,0,0,0,0,21,0,0,0,0,0,0,0,0,0,0,0,0,0/0/CPU0

2020-02-05 01:55:52.014000+00:00,dr03,sg3,obt-collector1,0,0,0,0,0,0,0,0,0,0,34,0,0,0,0,0,0,0,0,34,0,0,0,0,0,0,0,0,0,0,0,0,0,0,0,0,0,0,0,0,0,0,0,0,0,0,0,0,0,0,0,0,0,0,0,0,0,0,0,0,0,0,0,0,0,0,0,0,0,71,0,0,0,0,0,0,0,0,0,0,0,0,0/1/CPU0

2020-02-05 01:55:52.016000+00:00,dr03,sg3,obt-collector1,0,0,0,0,36899,36899,0,12,0,0,0,13,26,0,0,45,0,0,0,38435,0,0,31387,1483,12,40,0,0,68413,0,0,0,0,0,45,0,0,0,0,0,0,0,0,0,0,0,0,0,0,0,0,50196055,0,0,0,0,0,0,0,0,0,0,45,0,0,126099,0,0,0,68121595,0,0,0,0,0,50077159,0,126099,0,0,0,0,0/RP0/CPU0

2020-02-05 01:56:02.040000+00:00,dr03,sg3,obt-collector1,0,0,0,0,0,0,0,0,0,0,0,0,0,0,0,0,0,0,0,0,0,0,0,0,0,0,0,0,0,0,0,0,0,0,0,0,0,0,0,0,0,0,0,0,0,0,0,0,0,0,0,0,0,0,0,0,0,0,0,0,0,0,0,0,0,0,0,0,0,21,0,0,0,0,0,0,0,0,0,0,0,0,0/0/CPU0

2020-02-05 01:56:02.059000+00:00,dr03,sg3,obt-collector1,0,0,0,0,0,0,0,0,0,0,34,0,0,0,0,0,0,0,0,34,0,0,0,0,0,0,0,0,0,0,0,0,0,0,0,0,0,0,0,0,0,0,0,0,0,0,0,0,0,0,0,0,0,0,0,0,0,0,0,0,0,0,0,0,0,0,0,0,0,71,0,0,0,0,0,0,0,0,0,0,0,0,0/1/CPU0

2020-02-05 01:56:02.061000+00:00,dr03,sg3,obt-collector1,0,0,0,0,36899,36899,0,12,0,0,0,13,26,0,0,45,0,0,0,38435,0,0,31387,1483,12,40,0,0,68413,0,0,0,0,0,45,0,0,0,0,0,0,0,0,0,0,0,0,0,0,0,0,50196103,0,0,0,0,0,0,0,0,0,0,45,0,0,126099,0,0,0,68122500,0,0,0,0,0,50077206,0,126099,0,0,0,0,0/RP0/CPU0

2020-02-05 01:56:12.079000+00:00,dr03,sg3,obt-collector1,0,0,0,0,0,0,0,0,0,0,0,0,0,0,0,0,0,0,0,0,0,0,0,0,0,0,0,0,0,0,0,0,0,0,0,0,0,0,0,0,0,0,0,0,0,0,0,0,0,0,0,0,0,0,0,0,0,0,0,0,0,0,0,0,0,0,0,0,0,21,0,0,0,0,0,0,0,0,0,0,0,0,0/0/CPU0

2020-02-05 01:56:12.098000+00:00,dr03,sg3,obt-collector1,0,0,0,0,0,0,0,0,0,0,34,0,0,0,0,0,0,0,0,34,0,0,0,0,0,0,0,0,0,0,0,0,0,0,0,0,0,0,0,0,0,0,0,0,0,0,0,0,0,0,0,0,0,0,0,0,0,0,0,0,0,0,0,0,0,0,0,0,0,71,0,0,0,0,0,0,0,0,0,0,0,0,0/1/CPU0

2020-02-05 01:56:12.100000+00:00,dr03,sg3,obt-collector1,0,0,0,0,36899,36899,0,12,0,0,0,13,26,0,0,45,0,0,0,38435,0,0,31387,1483,12,40,0,0,68413,0,0,0,0,0,45,0,0,0,0,0,0,0,0,0,0,0,0,0,0,0,0,50196148,0,0,0,0,0,0,0,0,0,0,45,0,0,126099,0,0,0,68125518,0,0,0,0,0,50077251,0,126099,0,0,0,0,0/RP0/CPU0

2020-02-05 01:56:22.122000+00:00,dr03,sg3,obt-collector1,0,0,0,0,0,0,0,0,0,0,0,0,0,0,0,0,0,0,0,0,0,0,0,0,0,0,0,0,0,0,0,0,0,0,0,0,0,0,0,0,0,0,0,0,0,0,0,0,0,0,0,0,0,0,0,0,0,0,0,0,0,0,0,0,0,0,0,0,0,21,0,0,0,0,0,0,0,0,0,0,0,0,0/0/CPU0

2020-02-05 01:56:22.140000+00:00,dr03,sg3,obt-collector1,0,0,0,0,0,0,0,0,0,0,34,0,0,0,0,0,0,0,0,34,0,0,0,0,0,0,0,0,0,0,0,0,0,0,0,0,0,0,0,0,0,0,0,0,0,0,0,0,0,0,0,0,0,0,0,0,0,0,0,0,0,0,0,0,0,0,0,0,0,71,0,0,0,0,0,0,0,0,0,0,0,0,0/1/CPU0

2020-02-05 01:56:22.143000+00:00,dr03,sg3,obt-collector1,0,0,0,0,36899,36899,0,12,0,0,0,13,26,0,0,45,0,0,0,38435,0,0,31387,1483,12,40,0,0,68413,0,0,0,0,0,45,0,0,0,0,0,0,0,0,0,0,0,0,0,0,0,0,50196201,0,0,0,0,0,0,0,0,0,0,45,0,0,126099,0,0,0,68126425,0,0,0,0,0,50077304,0,126099,0,0,0,0,0/RP0/CPU0

2020-02-05 01:56:32.166000+00:00,dr03,sg3,obt-collector1,0,0,0,0,0,0,0,0,0,0,0,0,0,0,0,0,0,0,0,0,0,0,0,0,0,0,0,0,0,0,0,0,0,0,0,0,0,0,0,0,0,0,0,0,0,0,0,0,0,0,0,0,0,0,0,0,0,0,0,0,0,0,0,0,0,0,0,0,0,21,0,0,0,0,0,0,0,0,0,0,0,0,0/0/CPU0

2020-02-05 01:56:32.184000+00:00,dr03,sg3,obt-collector1,0,0,0,0,0,0,0,0,0,0,34,0,0,0,0,0,0,0,0,34,0,0,0,0,0,0,0,0,0,0,0,0,0,0,0,0,0,0,0,0,0,0,0,0,0,0,0,0,0,0,0,0,0,0,0,0,0,0,0,0,0,0,0,0,0,0,0,0,0,71,0,0,0,0,0,0,0,0,0,0,0,0,0/1/CPU0

2020-02-05 01:56:32.186000+00:00,dr03,sg3,obt-collector1,0,0,0,0,36899,36899,0,12,0,0,0,13,26,0,0,45,0,0,0,38435,0,0,31387,1483,12,40,0,0,68413,0,0,0,0,0,45,0,0,0,0,0,0,0,0,0,0,0,0,0,0,0,0,50196684,0,0,0,0,0,0,0,0,0,0,45,0,0,126099,0,0,0,68129881,0,0,0,0,0,50077787,0,126099,0,0,0,0,0/RP0/CPU0

2020-02-05 01:56:42.211000+00:00,dr03,sg3,obt-collector1,0,0,0,0,0,0,0,0,0,0,0,0,0,0,0,0,0,0,0,0,0,0,0,0,0,0,0,0,0,0,0,0,0,0,0,0,0,0,0,0,0,0,0,0,0,0,0,0,0,0,0,0,0,0,0,0,0,0,0,0,0,0,0,0,0,0,0,0,0,21,0,0,0,0,0,0,0,0,0,0,0,0,0/0/CPU0

2020-02-05 01:56:42.228000+00:00,dr03,sg3,obt-collector1,0,0,0,0,0,0,0,0,0,0,34,0,0,0,0,0,0,0,0,34,0,0,0,0,0,0,0,0,0,0,0,0,0,0,0,0,0,0,0,0,0,0,0,0,0,0,0,0,0,0,0,0,0,0,0,0,0,0,0,0,0,0,0,0,0,0,0,0,0,71,0,0,0,0,0,0,0,0,0,0,0,0,0/1/CPU0

2020-02-05 01:56:42.230000+00:00,dr03,sg3,obt-collector1,0,0,0,0,36899,36899,0,12,0,0,0,13,26,0,0,45,0,0,0,38435,0,0,31387,1483,12,40,0,0,68413,0,0,0,0,0,45,0,0,0,0,0,0,0,0,0,0,0,0,0,0,0,0,50196781,0,0,0,0,0,0,0,0,0,0,45,0,0,126099,0,0,0,68130837,0,0,0,0,0,50077884,0,126099,0,0,0,0,0/RP0/CPU0

2020-02-05 01:56:52.254000+00:00,dr03,sg3,obt-collector1,0,0,0,0,0,0,0,0,0,0,0,0,0,0,0,0,0,0,0,0,0,0,0,0,0,0,0,0,0,0,0,0,0,0,0,0,0,0,0,0,0,0,0,0,0,0,0,0,0,0,0,0,0,0,0,0,0,0,0,0,0,0,0,0,0,0,0,0,0,21,0,0,0,0,0,0,0,0,0,0,0,0,0/0/CPU0

2020-02-05 01:56:52.273000+00:00,dr03,sg3,obt-collector1,0,0,0,0,0,0,0,0,0,0,34,0,0,0,0,0,0,0,0,34,0,0,0,0,0,0,0,0,0,0,0,0,0,0,0,0,0,0,0,0,0,0,0,0,0,0,0,0,0,0,0,0,0,0,0,0,0,0,0,0,0,0,0,0,0,0,0,0,0,71,0,0,0,0,0,0,0,0,0,0,0,0,0/1/CPU0

2020-02-05 01:56:52.275000+00:00,dr03,sg3,obt-collector1,0,0,0,0,36899,36899,0,12,0,0,0,13,26,0,0,45,0,0,0,38435,0,0,31387,1483,12,40,0,0,68413,0,0,0,0,0,45,0,0,0,0,0,0,0,0,0,0,0,0,0,0,0,0,50196845,0,0,0,0,0,0,0,0,0,0,45,0,0,126100,0,0,0,68133722,0,0,0,0,0,50077948,0,126100,0,0,0,0,0/RP0/CPU0

2020-02-05 01:57:02.300000+00:00,dr03,sg3,obt-collector1,0,0,0,0,0,0,0,0,0,0,0,0,0,0,0,0,0,0,0,0,0,0,0,0,0,0,0,0,0,0,0,0,0,0,0,0,0,0,0,0,0,0,0,0,0,0,0,0,0,0,0,0,0,0,0,0,0,0,0,0,0,0,0,0,0,0,0,0,0,21,0,0,0,0,0,0,0,0,0,0,0,0,0/0/CPU0

2020-02-05 01:57:02.460000+00:00,dr03,sg3,obt-collector1,0,0,0,0,0,0,0,0,0,0,34,0,0,0,0,0,0,0,0,34,0,0,0,0,0,0,0,0,0,0,0,0,0,0,0,0,0,0,0,0,0,0,0,0,0,0,0,0,0,0,0,0,0,0,0,0,0,0,0,0,0,0,0,0,0,0,0,0,0,71,0,0,0,0,0,0,0,0,0,0,0,0,0/1/CPU0

2020-02-05 01:57:02.462000+00:00,dr03,sg3,obt-collector1,0,0,0,0,36899,36899,0,12,0,0,0,13,26,0,0,45,0,0,0,38435,0,0,31387,1483,12,40,0,0,68413,0,0,0,0,0,45,0,0,0,0,0,0,0,0,0,0,0,0,0,0,0,0,50196895,0,0,0,0,0,0,0,0,0,0,45,0,0,126100,0,0,0,68134458,0,0,0,0,0,50077997,0,126100,0,0,0,0,0/RP0/CPU0

2020-02-05 01:57:12.484000+00:00,dr03,sg3,obt-collector1,0,0,0,0,0,0,0,0,0,0,0,0,0,0,0,0,0,0,0,0,0,0,0,0,0,0,0,0,0,0,0,0,0,0,0,0,0,0,0,0,0,0,0,0,0,0,0,0,0,0,0,0,0,0,0,0,0,0,0,0,0,0,0,0,0,0,0,0,0,21,0,0,0,0,0,0,0,0,0,0,0,0,0/0/CPU0

2020-02-05 01:57:12.499000+00:00,dr03,sg3,obt-collector1,0,0,0,0,0,0,0,0,0,0,34,0,0,0,0,0,0,0,0,34,0,0,0,0,0,0,0,0,0,0,0,0,0,0,0,0,0,0,0,0,0,0,0,0,0,0,0,0,0,0,0,0,0,0,0,0,0,0,0,0,0,0,0,0,0,0,0,0,0,71,0,0,0,0,0,0,0,0,0,0,0,0,0/1/CPU0

2020-02-05 01:57:12.500000+00:00,dr03,sg3,obt-collector1,0,0,0,0,36899,36899,0,12,0,0,0,13,26,0,0,45,0,0,0,38435,0,0,31387,1483,12,40,0,0,68413,0,0,0,0,0,45,0,0,0,0,0,0,0,0,0,0,0,0,0,0,0,0,50196939,0,0,0,0,0,0,0,0,0,0,45,0,0,126100,0,0,0,68137476,0,0,0,0,0,50078041,0,126100,0,0,0,0,0/RP0/CPU0

2020-02-05 01:57:22.525000+00:00,dr03,sg3,obt-collector1,0,0,0,0,0,0,0,0,0,0,0,0,0,0,0,0,0,0,0,0,0,0,0,0,0,0,0,0,0,0,0,0,0,0,0,0,0,0,0,0,0,0,0,0,0,0,0,0,0,0,0,0,0,0,0,0,0,0,0,0,0,0,0,0,0,0,0,0,0,21,0,0,0,0,0,0,0,0,0,0,0,0,0/0/CPU0

2020-02-05 01:57:22.539000+00:00,dr03,sg3,obt-collector1,0,0,0,0,0,0,0,0,0,0,34,0,0,0,0,0,0,0,0,34,0,0,0,0,0,0,0,0,0,0,0,0,0,0,0,0,0,0,0,0,0,0,0,0,0,0,0,0,0,0,0,0,0,0,0,0,0,0,0,0,0,0,0,0,0,0,0,0,0,71,0,0,0,0,0,0,0,0,0,0,0,0,0/1/CPU0

2020-02-05 01:57:22.541000+00:00,dr03,sg3,obt-collector1,0,0,0,0,36899,36899,0,12,0,0,0,13,26,0,0,45,0,0,0,38435,0,0,31387,1483,12,40,0,0,68413,0,0,0,0,0,45,0,0,0,0,0,0,0,0,0,0,0,0,0,0,0,0,50196984,0,0,0,0,0,0,0,0,0,0,45,0,0,126100,0,0,0,68138383,0,0,0,0,0,50078086,0,126100,0,0,0,0,0/RP0/CPU0

2020-02-05 01:57:32.566000+00:00,dr03,sg3,obt-collector1,0,0,0,0,0,0,0,0,0,0,0,0,0,0,0,0,0,0,0,0,0,0,0,0,0,0,0,0,0,0,0,0,0,0,0,0,0,0,0,0,0,0,0,0,0,0,0,0,0,0,0,0,0,0,0,0,0,0,0,0,0,0,0,0,0,0,0,0,0,21,0,0,0,0,0,0,0,0,0,0,0,0,0/0/CPU0

2020-02-05 01:57:32.580000+00:00,dr03,sg3,obt-collector1,0,0,0,0,0,0,0,0,0,0,34,0,0,0,0,0,0,0,0,34,0,0,0,0,0,0,0,0,0,0,0,0,0,0,0,0,0,0,0,0,0,0,0,0,0,0,0,0,0,0,0,0,0,0,0,0,0,0,0,0,0,0,0,0,0,0,0,0,0,71,0,0,0,0,0,0,0,0,0,0,0,0,0/1/CPU0

2020-02-05 01:57:32.582000+00:00,dr03,sg3,obt-collector1,0,0,0,0,36899,36899,0,12,0,0,0,13,26,0,0,45,0,0,0,38435,0,0,31387,1483,12,40,0,0,68413,0,0,0,0,0,45,0,0,0,0,0,0,0,0,0,0,0,0,0,0,0,0,50197029,0,0,0,0,0,0,0,0,0,0,45,0,0,126100,0,0,0,68141393,0,0,0,0,0,50078131,0,126100,0,0,0,0,0/RP0/CPU0

2020-02-05 01:57:42.608000+00:00,dr03,sg3,obt-collector1,0,0,0,0,0,0,0,0,0,0,0,0,0,0,0,0,0,0,0,0,0,0,0,0,0,0,0,0,0,0,0,0,0,0,0,0,0,0,0,0,0,0,0,0,0,0,0,0,0,0,0,0,0,0,0,0,0,0,0,0,0,0,0,0,0,0,0,0,0,21,0,0,0,0,0,0,0,0,0,0,0,0,0/0/CPU0

2020-02-05 01:57:42.627000+00:00,dr03,sg3,obt-collector1,0,0,0,0,0,0,0,0,0,0,34,0,0,0,0,0,0,0,0,34,0,0,0,0,0,0,0,0,0,0,0,0,0,0,0,0,0,0,0,0,0,0,0,0,0,0,0,0,0,0,0,0,0,0,0,0,0,0,0,0,0,0,0,0,0,0,0,0,0,71,0,0,0,0,0,0,0,0,0,0,0,0,0/1/CPU0

2020-02-05 01:57:42.628000+00:00,dr03,sg3,obt-collector1,0,0,0,0,36899,36899,0,12,0,0,0,13,26,0,0,45,0,0,0,38435,0,0,31387,1483,12,40,0,0,68413,0,0,0,0,0,45,0,0,0,0,0,0,0,0,0,0,0,0,0,0,0,0,50197075,0,0,0,0,0,0,0,0,0,0,45,0,0,126100,0,0,0,68142296,0,0,0,0,0,50078177,0,126100,0,0,0,0,0/RP0/CPU0

2020-02-05 01:57:52.653000+00:00,dr03,sg3,obt-collector1,0,0,0,0,0,0,0,0,0,0,0,0,0,0,0,0,0,0,0,0,0,0,0,0,0,0,0,0,0,0,0,0,0,0,0,0,0,0,0,0,0,0,0,0,0,0,0,0,0,0,0,0,0,0,0,0,0,0,0,0,0,0,0,0,0,0,0,0,0,21,0,0,0,0,0,0,0,0,0,0,0,0,0/0/CPU0

2020-02-05 01:57:52.664000+00:00,dr03,sg3,obt-collector1,0,0,0,0,0,0,0,0,0,0,34,0,0,0,0,0,0,0,0,34,0,0,0,0,0,0,0,0,0,0,0,0,0,0,0,0,0,0,0,0,0,0,0,0,0,0,0,0,0,0,0,0,0,0,0,0,0,0,0,0,0,0,0,0,0,0,0,0,0,71,0,0,0,0,0,0,0,0,0,0,0,0,0/1/CPU0

2020-02-05 01:57:52.666000+00:00,dr03,sg3,obt-collector1,0,0,0,0,36899,36899,0,12,0,0,0,13,26,0,0,45,0,0,0,38435,0,0,31387,1483,12,40,0,0,68413,0,0,0,0,0,45,0,0,0,0,0,0,0,0,0,0,0,0,0,0,0,0,50197120,0,0,0,0,0,0,0,0,0,0,45,0,0,126101,0,0,0,68145309,0,0,0,0,0,50078222,0,126101,0,0,0,0,0/RP0/CPU0

2020-02-05 01:58:02.688000+00:00,dr03,sg3,obt-collector1,0,0,0,0,0,0,0,0,0,0,0,0,0,0,0,0,0,0,0,0,0,0,0,0,0,0,0,0,0,0,0,0,0,0,0,0,0,0,0,0,0,0,0,0,0,0,0,0,0,0,0,0,0,0,0,0,0,0,0,0,0,0,0,0,0,0,0,0,0,21,0,0,0,0,0,0,0,0,0,0,0,0,0/0/CPU0

2020-02-05 01:58:02.707000+00:00,dr03,sg3,obt-collector1,0,0,0,0,0,0,0,0,0,0,34,0,0,0,0,0,0,0,0,34,0,0,0,0,0,0,0,0,0,0,0,0,0,0,0,0,0,0,0,0,0,0,0,0,0,0,0,0,0,0,0,0,0,0,0,0,0,0,0,0,0,0,0,0,0,0,0,0,0,71,0,0,0,0,0,0,0,0,0,0,0,0,0/1/CPU0

2020-02-05 01:58:02.709000+00:00,dr03,sg3,obt-collector1,0,0,0,0,36899,36899,0,12,0,0,0,13,26,0,0,45,0,0,0,38435,0,0,31387,1483,12,40,0,0,68413,0,0,0,0,0,45,0,0,0,0,0,0,0,0,0,0,0,0,0,0,0,0,50197165,0,0,0,0,0,0,0,0,0,0,45,0,0,126101,0,0,0,68146206,0,0,0,0,0,50078267,0,126101,0,0,0,0,0/RP0/CPU0

2020-02-05 01:58:12.732000+00:00,dr03,sg3,obt-collector1,0,0,0,0,0,0,0,0,0,0,0,0,0,0,0,0,0,0,0,0,0,0,0,0,0,0,0,0,0,0,0,0,0,0,0,0,0,0,0,0,0,0,0,0,0,0,0,0,0,0,0,0,0,0,0,0,0,0,0,0,0,0,0,0,0,0,0,0,0,21,0,0,0,0,0,0,0,0,0,0,0,0,0/0/CPU0

2020-02-05 01:58:12.755000+00:00,dr03,sg3,obt-collector1,0,0,0,0,0,0,0,0,0,0,34,0,0,0,0,0,0,0,0,34,0,0,0,0,0,0,0,0,0,0,0,0,0,0,0,0,0,0,0,0,0,0,0,0,0,0,0,0,0,0,0,0,0,0,0,0,0,0,0,0,0,0,0,0,0,0,0,0,0,71,0,0,0,0,0,0,0,0,0,0,0,0,0/1/CPU0

2020-02-05 01:58:12.757000+00:00,dr03,sg3,obt-collector1,0,0,0,0,36899,36899,0,12,0,0,0,13,26,0,0,45,0,0,0,38435,0,0,31387,1483,12,40,0,0,68413,0,0,0,0,0,45,0,0,0,0,0,0,0,0,0,0,0,0,0,0,0,0,50197213,0,0,0,0,0,0,0,0,0,0,45,0,0,126101,0,0,0,68148420,0,0,0,0,0,50078314,0,126101,0,0,0,0,0/RP0/CPU0

2020-02-05 01:58:22.778000+00:00,dr03,sg3,obt-collector1,0,0,0,0,0,0,0,0,0,0,0,0,0,0,0,0,0,0,0,0,0,0,0,0,0,0,0,0,0,0,0,0,0,0,0,0,0,0,0,0,0,0,0,0,0,0,0,0,0,0,0,0,0,0,0,0,0,0,0,0,0,0,0,0,0,0,0,0,0,21,0,0,0,0,0,0,0,0,0,0,0,0,0/0/CPU0

2020-02-05 01:58:22.795000+00:00,dr03,sg3,obt-collector1,0,0,0,0,0,0,0,0,0,0,34,0,0,0,0,0,0,0,0,34,0,0,0,0,0,0,0,0,0,0,0,0,0,0,0,0,0,0,0,0,0,0,0,0,0,0,0,0,0,0,0,0,0,0,0,0,0,0,0,0,0,0,0,0,0,0,0,0,0,71,0,0,0,0,0,0,0,0,0,0,0,0,0/1/CPU0

2020-02-05 01:58:22.797000+00:00,dr03,sg3,obt-collector1,0,0,0,0,36899,36899,0,12,0,0,0,13,26,0,0,45,0,0,0,38435,0,0,31387,1483,12,40,0,0,68413,0,0,0,0,0,45,0,0,0,0,0,0,0,0,0,0,0,0,0,0,0,0,50197259,0,0,0,0,0,0,0,0,0,0,45,0,0,126101,0,0,0,68150100,0,0,0,0,0,50078360,0,126101,0,0,0,0,0/RP0/CPU0

2020-02-05 01:58:32.820000+00:00,dr03,sg3,obt-collector1,0,0,0,0,0,0,0,0,0,0,0,0,0,0,0,0,0,0,0,0,0,0,0,0,0,0,0,0,0,0,0,0,0,0,0,0,0,0,0,0,0,0,0,0,0,0,0,0,0,0,0,0,0,0,0,0,0,0,0,0,0,0,0,0,0,0,0,0,0,21,0,0,0,0,0,0,0,0,0,0,0,0,0/0/CPU0

2020-02-05 01:58:32.837000+00:00,dr03,sg3,obt-collector1,0,0,0,0,0,0,0,0,0,0,34,0,0,0,0,0,0,0,0,34,0,0,0,0,0,0,0,0,0,0,0,0,0,0,0,0,0,0,0,0,0,0,0,0,0,0,0,0,0,0,0,0,0,0,0,0,0,0,0,0,0,0,0,0,0,0,0,0,0,71,0,0,0,0,0,0,0,0,0,0,0,0,0/1/CPU0

2020-02-05 01:58:32.839000+00:00,dr03,sg3,obt-collector1,0,0,0,0,36899,36899,0,12,0,0,0,13,26,0,0,45,0,0,0,38435,0,0,31387,1483,12,40,0,0,68413,0,0,0,0,0,45,0,0,0,0,0,0,0,0,0,0,0,0,0,0,0,0,50197305,0,0,0,0,0,0,0,0,0,0,45,0,0,126101,0,0,0,68152141,0,0,0,0,0,50078406,0,126101,0,0,0,0,0/RP0/CPU0

2020-02-05 01:58:42.864000+00:00,dr03,sg3,obt-collector1,0,0,0,0,0,0,0,0,0,0,0,0,0,0,0,0,0,0,0,0,0,0,0,0,0,0,0,0,0,0,0,0,0,0,0,0,0,0,0,0,0,0,0,0,0,0,0,0,0,0,0,0,0,0,0,0,0,0,0,0,0,0,0,0,0,0,0,0,0,21,0,0,0,0,0,0,0,0,0,0,0,0,0/0/CPU0

2020-02-05 01:58:42.882000+00:00,dr03,sg3,obt-collector1,0,0,0,0,0,0,0,0,0,0,34,0,0,0,0,0,0,0,0,34,0,0,0,0,0,0,0,0,0,0,0,0,0,0,0,0,0,0,0,0,0,0,0,0,0,0,0,0,0,0,0,0,0,0,0,0,0,0,0,0,0,0,0,0,0,0,0,0,0,71,0,0,0,0,0,0,0,0,0,0,0,0,0/1/CPU0

2020-02-05 01:58:42.884000+00:00,dr03,sg3,obt-collector1,0,0,0,0,36899,36899,0,12,0,0,0,13,26,0,0,45,0,0,0,38435,0,0,31387,1483,12,40,0,0,68413,0,0,0,0,0,45,0,0,0,0,0,0,0,0,0,0,0,0,0,0,0,0,50197351,0,0,0,0,0,0,0,0,0,0,45,0,0,126101,0,0,0,68153865,0,0,0,0,0,50078452,0,126101,0,0,0,0,0/RP0/CPU0

2020-02-05 01:58:52.902000+00:00,dr03,sg3,obt-collector1,0,0,0,0,0,0,0,0,0,0,0,0,0,0,0,0,0,0,0,0,0,0,0,0,0,0,0,0,0,0,0,0,0,0,0,0,0,0,0,0,0,0,0,0,0,0,0,0,0,0,0,0,0,0,0,0,0,0,0,0,0,0,0,0,0,0,0,0,0,21,0,0,0,0,0,0,0,0,0,0,0,0,0/0/CPU0

2020-02-05 01:58:52.918000+00:00,dr03,sg3,obt-collector1,0,0,0,0,0,0,0,0,0,0,34,0,0,0,0,0,0,0,0,34,0,0,0,0,0,0,0,0,0,0,0,0,0,0,0,0,0,0,0,0,0,0,0,0,0,0,0,0,0,0,0,0,0,0,0,0,0,0,0,0,0,0,0,0,0,0,0,0,0,71,0,0,0,0,0,0,0,0,0,0,0,0,0/1/CPU0

2020-02-05 01:58:52.920000+00:00,dr03,sg3,obt-collector1,0,0,0,0,36899,36899,0,12,0,0,0,13,26,0,0,45,0,0,0,38435,0,0,31387,1483,12,40,0,0,68413,0,0,0,0,0,45,0,0,0,0,0,0,0,0,0,0,0,0,0,0,0,0,50197397,0,0,0,0,0,0,0,0,0,0,45,0,0,126102,0,0,0,68154794,0,0,0,0,0,50078498,0,126102,0,0,0,0,0/RP0/CPU0

2020-02-05 01:59:02.938000+00:00,dr03,sg3,obt-collector1,0,0,0,0,0,0,0,0,0,0,0,0,0,0,0,0,0,0,0,0,0,0,0,0,0,0,0,0,0,0,0,0,0,0,0,0,0,0,0,0,0,0,0,0,0,0,0,0,0,0,0,0,0,0,0,0,0,0,0,0,0,0,0,0,0,0,0,0,0,21,0,0,0,0,0,0,0,0,0,0,0,0,0/0/CPU0

2020-02-05 01:59:02.958000+00:00,dr03,sg3,obt-collector1,0,0,0,0,0,0,0,0,0,0,34,0,0,0,0,0,0,0,0,34,0,0,0,0,0,0,0,0,0,0,0,0,0,0,0,0,0,0,0,0,0,0,0,0,0,0,0,0,0,0,0,0,0,0,0,0,0,0,0,0,0,0,0,0,0,0,0,0,0,71,0,0,0,0,0,0,0,0,0,0,0,0,0/1/CPU0

2020-02-05 01:59:02.959000+00:00,dr03,sg3,obt-collector1,0,0,0,0,36899,36899,0,12,0,0,0,13,26,0,0,45,0,0,0,38435,0,0,31387,1483,12,40,0,0,68413,0,0,0,0,0,45,0,0,0,0,0,0,0,0,0,0,0,0,0,0,0,0,50197442,0,0,0,0,0,0,0,0,0,0,45,0,0,126102,0,0,0,68157788,0,0,0,0,0,50078543,0,126102,0,0,0,0,0/RP0/CPU0

2020-02-05 01:59:12.983000+00:00,dr03,sg3,obt-collector1,0,0,0,0,0,0,0,0,0,0,0,0,0,0,0,0,0,0,0,0,0,0,0,0,0,0,0,0,0,0,0,0,0,0,0,0,0,0,0,0,0,0,0,0,0,0,0,0,0,0,0,0,0,0,0,0,0,0,0,0,0,0,0,0,0,0,0,0,0,21,0,0,0,0,0,0,0,0,0,0,0,0,0/0/CPU0

2020-02-05 01:59:13.001000+00:00,dr03,sg3,obt-collector1,0,0,0,0,0,0,0,0,0,0,34,0,0,0,0,0,0,0,0,34,0,0,0,0,0,0,0,0,0,0,0,0,0,0,0,0,0,0,0,0,0,0,0,0,0,0,0,0,0,0,0,0,0,0,0,0,0,0,0,0,0,0,0,0,0,0,0,0,0,71,0,0,0,0,0,0,0,0,0,0,0,0,0/1/CPU0

2020-02-05 01:59:13.002000+00:00,dr03,sg3,obt-collector1,0,0,0,0,36899,36899,0,12,0,0,0,13,26,0,0,45,0,0,0,38435,0,0,31387,1483,12,40,0,0,68413,0,0,0,0,0,45,0,0,0,0,0,0,0,0,0,0,0,0,0,0,0,0,50197487,0,0,0,0,0,0,0,0,0,0,45,0,0,126102,0,0,0,68158689,0,0,0,0,0,50078587,0,126102,0,0,0,0,0/RP0/CPU0

2020-02-05 01:59:23.026000+00:00,dr03,sg3,obt-collector1,0,0,0,0,0,0,0,0,0,0,0,0,0,0,0,0,0,0,0,0,0,0,0,0,0,0,0,0,0,0,0,0,0,0,0,0,0,0,0,0,0,0,0,0,0,0,0,0,0,0,0,0,0,0,0,0,0,0,0,0,0,0,0,0,0,0,0,0,0,21,0,0,0,0,0,0,0,0,0,0,0,0,0/0/CPU0

2020-02-05 01:59:23.044000+00:00,dr03,sg3,obt-collector1,0,0,0,0,0,0,0,0,0,0,34,0,0,0,0,0,0,0,0,34,0,0,0,0,0,0,0,0,0,0,0,0,0,0,0,0,0,0,0,0,0,0,0,0,0,0,0,0,0,0,0,0,0,0,0,0,0,0,0,0,0,0,0,0,0,0,0,0,0,71,0,0,0,0,0,0,0,0,0,0,0,0,0/1/CPU0

2020-02-05 01:59:23.046000+00:00,dr03,sg3,obt-collector1,0,0,0,0,36899,36899,0,12,0,0,0,13,26,0,0,45,0,0,0,38435,0,0,31387,1483,12,40,0,0,68413,0,0,0,0,0,45,0,0,0,0,0,0,0,0,0,0,0,0,0,0,0,0,50197535,0,0,0,0,0,0,0,0,0,0,45,0,0,126102,0,0,0,68161707,0,0,0,0,0,50078635,0,126102,0,0,0,0,0/RP0/CPU0

2020-02-05 01:59:33.073000+00:00,dr03,sg3,obt-collector1,0,0,0,0,0,0,0,0,0,0,0,0,0,0,0,0,0,0,0,0,0,0,0,0,0,0,0,0,0,0,0,0,0,0,0,0,0,0,0,0,0,0,0,0,0,0,0,0,0,0,0,0,0,0,0,0,0,0,0,0,0,0,0,0,0,0,0,0,0,21,0,0,0,0,0,0,0,0,0,0,0,0,0/0/CPU0

2020-02-05 01:59:33.089000+00:00,dr03,sg3,obt-collector1,0,0,0,0,0,0,0,0,0,0,34,0,0,0,0,0,0,0,0,34,0,0,0,0,0,0,0,0,0,0,0,0,0,0,0,0,0,0,0,0,0,0,0,0,0,0,0,0,0,0,0,0,0,0,0,0,0,0,0,0,0,0,0,0,0,0,0,0,0,71,0,0,0,0,0,0,0,0,0,0,0,0,0/1/CPU0

2020-02-05 01:59:33.091000+00:00,dr03,sg3,obt-collector1,0,0,0,0,36899,36899,0,12,0,0,0,13,26,0,0,45,0,0,0,38435,0,0,31387,1483,12,40,0,0,68413,0,0,0,0,0,45,0,0,0,0,0,0,0,0,0,0,0,0,0,0,0,0,50197580,0,0,0,0,0,0,0,0,0,0,45,0,0,126102,0,0,0,68162606,0,0,0,0,0,50078680,0,126102,0,0,0,0,0/RP0/CPU0

2020-02-05 01:59:43.114000+00:00,dr03,sg3,obt-collector1,0,0,0,0,0,0,0,0,0,0,0,0,0,0,0,0,0,0,0,0,0,0,0,0,0,0,0,0,0,0,0,0,0,0,0,0,0,0,0,0,0,0,0,0,0,0,0,0,0,0,0,0,0,0,0,0,0,0,0,0,0,0,0,0,0,0,0,0,0,21,0,0,0,0,0,0,0,0,0,0,0,0,0/0/CPU0

2020-02-05 01:59:43.135000+00:00,dr03,sg3,obt-collector1,0,0,0,0,0,0,0,0,0,0,34,0,0,0,0,0,0,0,0,34,0,0,0,0,0,0,0,0,0,0,0,0,0,0,0,0,0,0,0,0,0,0,0,0,0,0,0,0,0,0,0,0,0,0,0,0,0,0,0,0,0,0,0,0,0,0,0,0,0,71,0,0,0,0,0,0,0,0,0,0,0,0,0/1/CPU0

2020-02-05 01:59:43.137000+00:00,dr03,sg3,obt-collector1,0,0,0,0,36899,36899,0,12,0,0,0,13,26,0,0,45,0,0,0,38435,0,0,31387,1483,12,40,0,0,68413,0,0,0,0,0,45,0,0,0,0,0,0,0,0,0,0,0,0,0,0,0,0,50197624,0,0,0,0,0,0,0,0,0,0,45,0,0,126102,0,0,0,68165452,0,0,0,0,0,50078724,0,126102,0,0,0,0,0/RP0/CPU0

2020-02-05 01:59:53.162000+00:00,dr03,sg3,obt-collector1,0,0,0,0,0,0,0,0,0,0,0,0,0,0,0,0,0,0,0,0,0,0,0,0,0,0,0,0,0,0,0,0,0,0,0,0,0,0,0,0,0,0,0,0,0,0,0,0,0,0,0,0,0,0,0,0,0,0,0,0,0,0,0,0,0,0,0,0,0,21,0,0,0,0,0,0,0,0,0,0,0,0,0/0/CPU0

2020-02-05 01:59:53.179000+00:00,dr03,sg3,obt-collector1,0,0,0,0,0,0,0,0,0,0,34,0,0,0,0,0,0,0,0,34,0,0,0,0,0,0,0,0,0,0,0,0,0,0,0,0,0,0,0,0,0,0,0,0,0,0,0,0,0,0,0,0,0,0,0,0,0,0,0,0,0,0,0,0,0,0,0,0,0,71,0,0,0,0,0,0,0,0,0,0,0,0,0/1/CPU0

2020-02-05 01:59:53.181000+00:00,dr03,sg3,obt-collector1,0,0,0,0,36899,36899,0,12,0,0,0,13,26,0,0,45,0,0,0,38435,0,0,31387,1483,12,40,0,0,68413,0,0,0,0,0,45,0,0,0,0,0,0,0,0,0,0,0,0,0,0,0,0,50197671,0,0,0,0,0,0,0,0,0,0,45,0,0,126103,0,0,0,68166357,0,0,0,0,0,50078771,0,126103,0,0,0,0,0/RP0/CPU0

2020-02-05 02:00:03.204000+00:00,dr03,sg3,obt-collector1,0,0,0,0,0,0,0,0,0,0,0,0,0,0,0,0,0,0,0,0,0,0,0,0,0,0,0,0,0,0,0,0,0,0,0,0,0,0,0,0,0,0,0,0,0,0,0,0,0,0,0,0,0,0,0,0,0,0,0,0,0,0,0,0,0,0,0,0,0,21,0,0,0,0,0,0,0,0,0,0,0,0,0/0/CPU0

2020-02-05 02:00:03.217000+00:00,dr03,sg3,obt-collector1,0,0,0,0,0,0,0,0,0,0,34,0,0,0,0,0,0,0,0,34,0,0,0,0,0,0,0,0,0,0,0,0,0,0,0,0,0,0,0,0,0,0,0,0,0,0,0,0,0,0,0,0,0,0,0,0,0,0,0,0,0,0,0,0,0,0,0,0,0,71,0,0,0,0,0,0,0,0,0,0,0,0,0/1/CPU0

2020-02-05 02:00:03.219000+00:00,dr03,sg3,obt-collector1,0,0,0,0,36900,36900,0,12,0,0,0,13,26,0,0,45,0,0,0,38436,0,0,31387,1483,12,40,0,0,68414,0,0,0,0,0,45,0,0,0,0,0,0,0,0,0,0,0,0,0,0,0,0,50197769,0,0,0,0,0,0,0,0,0,0,45,0,0,126103,0,0,0,68169422,0,0,0,0,0,50078869,0,126103,0,0,0,0,0/RP0/CPU0

2020-02-05 02:00:13.242000+00:00,dr03,sg3,obt-collector1,0,0,0,0,0,0,0,0,0,0,0,0,0,0,0,0,0,0,0,0,0,0,0,0,0,0,0,0,0,0,0,0,0,0,0,0,0,0,0,0,0,0,0,0,0,0,0,0,0,0,0,0,0,0,0,0,0,0,0,0,0,0,0,0,0,0,0,0,0,21,0,0,0,0,0,0,0,0,0,0,0,0,0/0/CPU0

2020-02-05 02:00:13.260000+00:00,dr03,sg3,obt-collector1,0,0,0,0,0,0,0,0,0,0,34,0,0,0,0,0,0,0,0,34,0,0,0,0,0,0,0,0,0,0,0,0,0,0,0,0,0,0,0,0,0,0,0,0,0,0,0,0,0,0,0,0,0,0,0,0,0,0,0,0,0,0,0,0,0,0,0,0,0,71,0,0,0,0,0,0,0,0,0,0,0,0,0/1/CPU0

2020-02-05 02:00:13.262000+00:00,dr03,sg3,obt-collector1,0,0,0,0,36900,36900,0,12,0,0,0,13,26,0,0,45,0,0,0,38436,0,0,31387,1483,12,40,0,0,68414,0,0,0,0,0,45,0,0,0,0,0,0,0,0,0,0,0,0,0,0,0,0,50197813,0,0,0,0,0,0,0,0,0,0,45,0,0,126103,0,0,0,68170318,0,0,0,0,0,50078913,0,126103,0,0,0,0,0/RP0/CPU0

2020-02-05 02:00:23.283000+00:00,dr03,sg3,obt-collector1,0,0,0,0,0,0,0,0,0,0,0,0,0,0,0,0,0,0,0,0,0,0,0,0,0,0,0,0,0,0,0,0,0,0,0,0,0,0,0,0,0,0,0,0,0,0,0,0,0,0,0,0,0,0,0,0,0,0,0,0,0,0,0,0,0,0,0,0,0,21,0,0,0,0,0,0,0,0,0,0,0,0,0/0/CPU0

2020-02-05 02:00:23.300000+00:00,dr03,sg3,obt-collector1,0,0,0,0,0,0,0,0,0,0,34,0,0,0,0,0,0,0,0,34,0,0,0,0,0,0,0,0,0,0,0,0,0,0,0,0,0,0,0,0,0,0,0,0,0,0,0,0,0,0,0,0,0,0,0,0,0,0,0,0,0,0,0,0,0,0,0,0,0,71,0,0,0,0,0,0,0,0,0,0,0,0,0/1/CPU0

2020-02-05 02:00:23.302000+00:00,dr03,sg3,obt-collector1,0,0,0,0,36900,36900,0,12,0,0,0,13,26,0,0,45,0,0,0,38436,0,0,31387,1483,12,40,0,0,68414,0,0,0,0,0,45,0,0,0,0,0,0,0,0,0,0,0,0,0,0,0,0,50197859,0,0,0,0,0,0,0,0,0,0,45,0,0,126103,0,0,0,68173331,0,0,0,0,0,50078958,0,126103,0,0,0,0,0/RP0/CPU0

2020-02-05 02:00:33.327000+00:00,dr03,sg3,obt-collector1,0,0,0,0,0,0,0,0,0,0,0,0,0,0,0,0,0,0,0,0,0,0,0,0,0,0,0,0,0,0,0,0,0,0,0,0,0,0,0,0,0,0,0,0,0,0,0,0,0,0,0,0,0,0,0,0,0,0,0,0,0,0,0,0,0,0,0,0,0,21,0,0,0,0,0,0,0,0,0,0,0,0,0/0/CPU0

2020-02-05 02:00:33.344000+00:00,dr03,sg3,obt-collector1,0,0,0,0,0,0,0,0,0,0,34,0,0,0,0,0,0,0,0,34,0,0,0,0,0,0,0,0,0,0,0,0,0,0,0,0,0,0,0,0,0,0,0,0,0,0,0,0,0,0,0,0,0,0,0,0,0,0,0,0,0,0,0,0,0,0,0,0,0,71,0,0,0,0,0,0,0,0,0,0,0,0,0/1/CPU0

2020-02-05 02:00:33.346000+00:00,dr03,sg3,obt-collector1,0,0,0,0,36900,36900,0,12,0,0,0,13,26,0,0,45,0,0,0,38436,0,0,31387,1483,12,40,0,0,68414,0,0,0,0,0,45,0,0,0,0,0,0,0,0,0,0,0,0,0,0,0,0,50197906,0,0,0,0,0,0,0,0,0,0,45,0,0,126103,0,0,0,68174084,0,0,0,0,0,50079005,0,126103,0,0,0,0,0/RP0/CPU0

2020-02-05 02:00:43.370000+00:00,dr03,sg3,obt-collector1,0,0,0,0,0,0,0,0,0,0,0,0,0,0,0,0,0,0,0,0,0,0,0,0,0,0,0,0,0,0,0,0,0,0,0,0,0,0,0,0,0,0,0,0,0,0,0,0,0,0,0,0,0,0,0,0,0,0,0,0,0,0,0,0,0,0,0,0,0,21,0,0,0,0,0,0,0,0,0,0,0,0,0/0/CPU0

2020-02-05 02:00:43.386000+00:00,dr03,sg3,obt-collector1,0,0,0,0,0,0,0,0,0,0,34,0,0,0,0,0,0,0,0,34,0,0,0,0,0,0,0,0,0,0,0,0,0,0,0,0,0,0,0,0,0,0,0,0,0,0,0,0,0,0,0,0,0,0,0,0,0,0,0,0,0,0,0,0,0,0,0,0,0,71,0,0,0,0,0,0,0,0,0,0,0,0,0/1/CPU0

2020-02-05 02:00:43.389000+00:00,dr03,sg3,obt-collector1,0,0,0,0,36900,36900,0,12,0,0,0,13,26,0,0,45,0,0,0,38436,0,0,31387,1483,12,40,0,0,68414,0,0,0,0,0,45,0,0,0,0,0,0,0,0,0,0,0,0,0,0,0,0,50197951,0,0,0,0,0,0,0,0,0,0,45,0,0,126103,0,0,0,68177097,0,0,0,0,0,50079050,0,126103,0,0,0,0,0/RP0/CPU0

2020-02-05 02:00:53.412000+00:00,dr03,sg3,obt-collector1,0,0,0,0,0,0,0,0,0,0,0,0,0,0,0,0,0,0,0,0,0,0,0,0,0,0,0,0,0,0,0,0,0,0,0,0,0,0,0,0,0,0,0,0,0,0,0,0,0,0,0,0,0,0,0,0,0,0,0,0,0,0,0,0,0,0,0,0,0,21,0,0,0,0,0,0,0,0,0,0,0,0,0/0/CPU0

2020-02-05 02:00:53.422000+00:00,dr03,sg3,obt-collector1,0,0,0,0,0,0,0,0,0,0,34,0,0,0,0,0,0,0,0,34,0,0,0,0,0,0,0,0,0,0,0,0,0,0,0,0,0,0,0,0,0,0,0,0,0,0,0,0,0,0,0,0,0,0,0,0,0,0,0,0,0,0,0,0,0,0,0,0,0,71,0,0,0,0,0,0,0,0,0,0,0,0,0/1/CPU0

2020-02-05 02:00:53.424000+00:00,dr03,sg3,obt-collector1,0,0,0,0,36900,36900,0,12,0,0,0,13,26,0,0,45,0,0,0,38436,0,0,31387,1483,12,40,0,0,68414,0,0,0,0,0,45,0,0,0,0,0,0,0,0,0,0,0,0,0,0,0,0,50198007,0,0,0,0,0,0,0,0,0,0,45,0,0,126104,0,0,0,68178010,0,0,0,0,0,50079106,0,126104,0,0,0,0,0/RP0/CPU0

2020-02-05 02:01:03.449000+00:00,dr03,sg3,obt-collector1,0,0,0,0,0,0,0,0,0,0,0,0,0,0,0,0,0,0,0,0,0,0,0,0,0,0,0,0,0,0,0,0,0,0,0,0,0,0,0,0,0,0,0,0,0,0,0,0,0,0,0,0,0,0,0,0,0,0,0,0,0,0,0,0,0,0,0,0,0,21,0,0,0,0,0,0,0,0,0,0,0,0,0/0/CPU0

2020-02-05 02:01:03.466000+00:00,dr03,sg3,obt-collector1,0,0,0,0,0,0,0,0,0,0,34,0,0,0,0,0,0,0,0,34,0,0,0,0,0,0,0,0,0,0,0,0,0,0,0,0,0,0,0,0,0,0,0,0,0,0,0,0,0,0,0,0,0,0,0,0,0,0,0,0,0,0,0,0,0,0,0,0,0,71,0,0,0,0,0,0,0,0,0,0,0,0,0/1/CPU0

2020-02-05 02:01:03.468000+00:00,dr03,sg3,obt-collector1,0,0,0,0,36900,36900,0,12,0,0,0,13,26,0,0,45,0,0,0,38436,0,0,31387,1483,12,40,0,0,68414,0,0,0,0,0,45,0,0,0,0,0,0,0,0,0,0,0,0,0,0,0,0,50198051,0,0,0,0,0,0,0,0,0,0,45,0,0,126104,0,0,0,68181031,0,0,0,0,0,50079150,0,126104,0,0,0,0,0/RP0/CPU0

2020-02-05 02:01:13.492000+00:00,dr03,sg3,obt-collector1,0,0,0,0,0,0,0,0,0,0,0,0,0,0,0,0,0,0,0,0,0,0,0,0,0,0,0,0,0,0,0,0,0,0,0,0,0,0,0,0,0,0,0,0,0,0,0,0,0,0,0,0,0,0,0,0,0,0,0,0,0,0,0,0,0,0,0,0,0,21,0,0,0,0,0,0,0,0,0,0,0,0,0/0/CPU0

2020-02-05 02:01:13.509000+00:00,dr03,sg3,obt-collector1,0,0,0,0,0,0,0,0,0,0,34,0,0,0,0,0,0,0,0,34,0,0,0,0,0,0,0,0,0,0,0,0,0,0,0,0,0,0,0,0,0,0,0,0,0,0,0,0,0,0,0,0,0,0,0,0,0,0,0,0,0,0,0,0,0,0,0,0,0,71,0,0,0,0,0,0,0,0,0,0,0,0,0/1/CPU0

2020-02-05 02:01:13.511000+00:00,dr03,sg3,obt-collector1,0,0,0,0,36900,36900,0,12,0,0,0,13,26,0,0,45,0,0,0,38436,0,0,31387,1483,12,40,0,0,68414,0,0,0,0,0,45,0,0,0,0,0,0,0,0,0,0,0,0,0,0,0,0,50198097,0,0,0,0,0,0,0,0,0,0,45,0,0,126104,0,0,0,68181925,0,0,0,0,0,50079196,0,126104,0,0,0,0,0/RP0/CPU0

2020-02-05 02:01:23.531000+00:00,dr03,sg3,obt-collector1,0,0,0,0,0,0,0,0,0,0,0,0,0,0,0,0,0,0,0,0,0,0,0,0,0,0,0,0,0,0,0,0,0,0,0,0,0,0,0,0,0,0,0,0,0,0,0,0,0,0,0,0,0,0,0,0,0,0,0,0,0,0,0,0,0,0,0,0,0,21,0,0,0,0,0,0,0,0,0,0,0,0,0/0/CPU0

2020-02-05 02:01:23.546000+00:00,dr03,sg3,obt-collector1,0,0,0,0,0,0,0,0,0,0,34,0,0,0,0,0,0,0,0,34,0,0,0,0,0,0,0,0,0,0,0,0,0,0,0,0,0,0,0,0,0,0,0,0,0,0,0,0,0,0,0,0,0,0,0,0,0,0,0,0,0,0,0,0,0,0,0,0,0,71,0,0,0,0,0,0,0,0,0,0,0,0,0/1/CPU0

2020-02-05 02:01:23.547000+00:00,dr03,sg3,obt-collector1,0,0,0,0,36900,36900,0,12,0,0,0,13,26,0,0,45,0,0,0,38436,0,0,31387,1483,12,40,0,0,68414,0,0,0,0,0,45,0,0,0,0,0,0,0,0,0,0,0,0,0,0,0,0,50198144,0,0,0,0,0,0,0,0,0,0,45,0,0,126104,0,0,0,68184192,0,0,0,0,0,50079242,0,126104,0,0,0,0,0/RP0/CPU0

2020-02-05 02:01:33.569000+00:00,dr03,sg3,obt-collector1,0,0,0,0,0,0,0,0,0,0,0,0,0,0,0,0,0,0,0,0,0,0,0,0,0,0,0,0,0,0,0,0,0,0,0,0,0,0,0,0,0,0,0,0,0,0,0,0,0,0,0,0,0,0,0,0,0,0,0,0,0,0,0,0,0,0,0,0,0,21,0,0,0,0,0,0,0,0,0,0,0,0,0/0/CPU0

2020-02-05 02:01:33.587000+00:00,dr03,sg3,obt-collector1,0,0,0,0,0,0,0,0,0,0,34,0,0,0,0,0,0,0,0,34,0,0,0,0,0,0,0,0,0,0,0,0,0,0,0,0,0,0,0,0,0,0,0,0,0,0,0,0,0,0,0,0,0,0,0,0,0,0,0,0,0,0,0,0,0,0,0,0,0,71,0,0,0,0,0,0,0,0,0,0,0,0,0/1/CPU0

2020-02-05 02:01:33.589000+00:00,dr03,sg3,obt-collector1,0,0,0,0,36900,36900,0,12,0,0,0,13,26,0,0,45,0,0,0,38436,0,0,31387,1483,12,40,0,0,68414,0,0,0,0,0,45,0,0,0,0,0,0,0,0,0,0,0,0,0,0,0,0,50198188,0,0,0,0,0,0,0,0,0,0,45,0,0,126104,0,0,0,68185830,0,0,0,0,0,50079286,0,126104,0,0,0,0,0/RP0/CPU0

2020-02-05 02:01:43.607000+00:00,dr03,sg3,obt-collector1,0,0,0,0,0,0,0,0,0,0,0,0,0,0,0,0,0,0,0,0,0,0,0,0,0,0,0,0,0,0,0,0,0,0,0,0,0,0,0,0,0,0,0,0,0,0,0,0,0,0,0,0,0,0,0,0,0,0,0,0,0,0,0,0,0,0,0,0,0,21,0,0,0,0,0,0,0,0,0,0,0,0,0/0/CPU0

2020-02-05 02:01:43.624000+00:00,dr03,sg3,obt-collector1,0,0,0,0,0,0,0,0,0,0,34,0,0,0,0,0,0,0,0,34,0,0,0,0,0,0,0,0,0,0,0,0,0,0,0,0,0,0,0,0,0,0,0,0,0,0,0,0,0,0,0,0,0,0,0,0,0,0,0,0,0,0,0,0,0,0,0,0,0,71,0,0,0,0,0,0,0,0,0,0,0,0,0/1/CPU0

2020-02-05 02:01:43.626000+00:00,dr03,sg3,obt-collector1,0,0,0,0,36900,36900,0,12,0,0,0,13,26,0,0,45,0,0,0,38436,0,0,31387,1483,12,40,0,0,68414,0,0,0,0,0,45,0,0,0,0,0,0,0,0,0,0,0,0,0,0,0,0,50198237,0,0,0,0,0,0,0,0,0,0,45,0,0,126104,0,0,0,68187928,0,0,0,0,0,50079335,0,126104,0,0,0,0,0/RP0/CPU0

2020-02-05 02:01:53.649000+00:00,dr03,sg3,obt-collector1,0,0,0,0,0,0,0,0,0,0,0,0,0,0,0,0,0,0,0,0,0,0,0,0,0,0,0,0,0,0,0,0,0,0,0,0,0,0,0,0,0,0,0,0,0,0,0,0,0,0,0,0,0,0,0,0,0,0,0,0,0,0,0,0,0,0,0,0,0,21,0,0,0,0,0,0,0,0,0,0,0,0,0/0/CPU0

2020-02-05 02:01:53.664000+00:00,dr03,sg3,obt-collector1,0,0,0,0,0,0,0,0,0,0,34,0,0,0,0,0,0,0,0,34,0,0,0,0,0,0,0,0,0,0,0,0,0,0,0,0,0,0,0,0,0,0,0,0,0,0,0,0,0,0,0,0,0,0,0,0,0,0,0,0,0,0,0,0,0,0,0,0,0,71,0,0,0,0,0,0,0,0,0,0,0,0,0/1/CPU0

2020-02-05 02:01:53.666000+00:00,dr03,sg3,obt-collector1,0,0,0,0,36900,36900,0,12,0,0,0,13,26,0,0,45,0,0,0,38436,0,0,31388,1483,12,40,0,0,68415,0,0,0,0,0,45,0,0,0,0,0,0,0,0,0,0,0,0,0,0,0,0,50198712,0,0,0,0,0,0,0,0,0,0,45,0,0,126105,0,0,0,68190184,0,0,0,0,0,50079810,0,126105,0,0,0,0,0/RP0/CPU0

2020-02-05 02:02:03.691000+00:00,dr03,sg3,obt-collector1,0,0,0,0,0,0,0,0,0,0,0,0,0,0,0,0,0,0,0,0,0,0,0,0,0,0,0,0,0,0,0,0,0,0,0,0,0,0,0,0,0,0,0,0,0,0,0,0,0,0,0,0,0,0,0,0,0,0,0,0,0,0,0,0,0,0,0,0,0,21,0,0,0,0,0,0,0,0,0,0,0,0,0/0/CPU0

2020-02-05 02:02:03.706000+00:00,dr03,sg3,obt-collector1,0,0,0,0,0,0,0,0,0,0,34,0,0,0,0,0,0,0,0,34,0,0,0,0,0,0,0,0,0,0,0,0,0,0,0,0,0,0,0,0,0,0,0,0,0,0,0,0,0,0,0,0,0,0,0,0,0,0,0,0,0,0,0,0,0,0,0,0,0,71,0,0,0,0,0,0,0,0,0,0,0,0,0/1/CPU0

2020-02-05 02:02:03.708000+00:00,dr03,sg3,obt-collector1,0,0,0,0,36900,36900,0,12,0,0,0,13,26,0,0,45,0,0,0,38436,0,0,31388,1483,12,40,0,0,68415,0,0,0,0,0,45,0,0,0,0,0,0,0,0,0,0,0,0,0,0,0,0,50198770,0,0,0,0,0,0,0,0,0,0,45,0,0,126105,0,0,0,68191796,0,0,0,0,0,50079868,0,126105,0,0,0,0,0/RP0/CPU0

2020-02-05 02:02:13.729000+00:00,dr03,sg3,obt-collector1,0,0,0,0,0,0,0,0,0,0,0,0,0,0,0,0,0,0,0,0,0,0,0,0,0,0,0,0,0,0,0,0,0,0,0,0,0,0,0,0,0,0,0,0,0,0,0,0,0,0,0,0,0,0,0,0,0,0,0,0,0,0,0,0,0,0,0,0,0,21,0,0,0,0,0,0,0,0,0,0,0,0,0/0/CPU0

2020-02-05 02:02:13.747000+00:00,dr03,sg3,obt-collector1,0,0,0,0,0,0,0,0,0,0,34,0,0,0,0,0,0,0,0,34,0,0,0,0,0,0,0,0,0,0,0,0,0,0,0,0,0,0,0,0,0,0,0,0,0,0,0,0,0,0,0,0,0,0,0,0,0,0,0,0,0,0,0,0,0,0,0,0,0,71,0,0,0,0,0,0,0,0,0,0,0,0,0/1/CPU0

2020-02-05 02:02:13.748000+00:00,dr03,sg3,obt-collector1,0,0,0,0,36900,36900,0,12,0,0,0,13,26,0,0,45,0,0,0,38436,0,0,31388,1483,12,40,0,0,68415,0,0,0,0,0,45,0,0,0,0,0,0,0,0,0,0,0,0,0,0,0,0,50198867,0,0,0,0,0,0,0,0,0,0,45,0,0,126105,0,0,0,68194172,0,0,0,0,0,50079965,0,126105,0,0,0,0,0/RP0/CPU0

2020-02-05 02:02:23.772000+00:00,dr03,sg3,obt-collector1,0,0,0,0,0,0,0,0,0,0,0,0,0,0,0,0,0,0,0,0,0,0,0,0,0,0,0,0,0,0,0,0,0,0,0,0,0,0,0,0,0,0,0,0,0,0,0,0,0,0,0,0,0,0,0,0,0,0,0,0,0,0,0,0,0,0,0,0,0,21,0,0,0,0,0,0,0,0,0,0,0,0,0/0/CPU0

2020-02-05 02:02:23.812000+00:00,dr03,sg3,obt-collector1,0,0,0,0,0,0,0,0,0,0,34,0,0,0,0,0,0,0,0,34,0,0,0,0,0,0,0,0,0,0,0,0,0,0,0,0,0,0,0,0,0,0,0,0,0,0,0,0,0,0,0,0,0,0,0,0,0,0,0,0,0,0,0,0,0,0,0,0,0,71,0,0,0,0,0,0,0,0,0,0,0,0,0/1/CPU0

2020-02-05 02:02:23.814000+00:00,dr03,sg3,obt-collector1,0,0,0,0,36900,36900,0,12,0,0,0,13,26,0,0,45,0,0,0,38436,0,0,31388,1483,12,40,0,0,68415,0,0,0,0,0,45,0,0,0,0,0,0,0,0,0,0,0,0,0,0,0,0,50198917,0,0,0,0,0,0,0,0,0,0,45,0,0,126105,0,0,0,68194755,0,0,0,0,0,50080014,0,126105,0,0,0,0,0/RP0/CPU0

2020-02-05 02:02:33.838000+00:00,dr03,sg3,obt-collector1,0,0,0,0,0,0,0,0,0,0,0,0,0,0,0,0,0,0,0,0,0,0,0,0,0,0,0,0,0,0,0,0,0,0,0,0,0,0,0,0,0,0,0,0,0,0,0,0,0,0,0,0,0,0,0,0,0,0,0,0,0,0,0,0,0,0,0,0,0,21,0,0,0,0,0,0,0,0,0,0,0,0,0/0/CPU0

2020-02-05 02:02:33.851000+00:00,dr03,sg3,obt-collector1,0,0,0,0,0,0,0,0,0,0,34,0,0,0,0,0,0,0,0,34,0,0,0,0,0,0,0,0,0,0,0,0,0,0,0,0,0,0,0,0,0,0,0,0,0,0,0,0,0,0,0,0,0,0,0,0,0,0,0,0,0,0,0,0,0,0,0,0,0,71,0,0,0,0,0,0,0,0,0,0,0,0,0/1/CPU0

2020-02-05 02:02:33.853000+00:00,dr03,sg3,obt-collector1,0,0,0,0,36900,36900,0,12,0,0,0,13,26,0,0,45,0,0,0,38436,0,0,31388,1483,12,40,0,0,68415,0,0,0,0,0,45,0,0,0,0,0,0,0,0,0,0,0,0,0,0,0,0,50198962,0,0,0,0,0,0,0,0,0,0,45,0,0,126105,0,0,0,68197772,0,0,0,0,0,50080059,0,126105,0,0,0,0,0/RP0/CPU0

2020-02-05 02:02:43.877000+00:00,dr03,sg3,obt-collector1,0,0,0,0,0,0,0,0,0,0,0,0,0,0,0,0,0,0,0,0,0,0,0,0,0,0,0,0,0,0,0,0,0,0,0,0,0,0,0,0,0,0,0,0,0,0,0,0,0,0,0,0,0,0,0,0,0,0,0,0,0,0,0,0,0,0,0,0,0,21,0,0,0,0,0,0,0,0,0,0,0,0,0/0/CPU0

2020-02-05 02:02:43.888000+00:00,dr03,sg3,obt-collector1,0,0,0,0,0,0,0,0,0,0,34,0,0,0,0,0,0,0,0,34,0,0,0,0,0,0,0,0,0,0,0,0,0,0,0,0,0,0,0,0,0,0,0,0,0,0,0,0,0,0,0,0,0,0,0,0,0,0,0,0,0,0,0,0,0,0,0,0,0,71,0,0,0,0,0,0,0,0,0,0,0,0,0/1/CPU0

2020-02-05 02:02:43.890000+00:00,dr03,sg3,obt-collector1,0,0,0,0,36900,36900,0,12,0,0,0,13,26,0,0,45,0,0,0,38436,0,0,31388,1483,12,40,0,0,68415,0,0,0,0,0,45,0,0,0,0,0,0,0,0,0,0,0,0,0,0,0,0,50199006,0,0,0,0,0,0,0,0,0,0,45,0,0,126105,0,0,0,68198676,0,0,0,0,0,50080103,0,126105,0,0,0,0,0/RP0/CPU0

2020-02-05 02:02:53.915000+00:00,dr03,sg3,obt-collector1,0,0,0,0,0,0,0,0,0,0,0,0,0,0,0,0,0,0,0,0,0,0,0,0,0,0,0,0,0,0,0,0,0,0,0,0,0,0,0,0,0,0,0,0,0,0,0,0,0,0,0,0,0,0,0,0,0,0,0,0,0,0,0,0,0,0,0,0,0,21,0,0,0,0,0,0,0,0,0,0,0,0,0/0/CPU0

2020-02-05 02:02:53.931000+00:00,dr03,sg3,obt-collector1,0,0,0,0,0,0,0,0,0,0,34,0,0,0,0,0,0,0,0,34,0,0,0,0,0,0,0,0,0,0,0,0,0,0,0,0,0,0,0,0,0,0,0,0,0,0,0,0,0,0,0,0,0,0,0,0,0,0,0,0,0,0,0,0,0,0,0,0,0,71,0,0,0,0,0,0,0,0,0,0,0,0,0/1/CPU0

2020-02-05 02:02:53.933000+00:00,dr03,sg3,obt-collector1,0,0,0,0,36900,36900,0,12,0,0,0,13,26,0,0,45,0,0,0,38436,0,0,31388,1483,12,40,0,0,68415,0,0,0,0,0,45,0,0,0,0,0,0,0,0,0,0,0,0,0,0,0,0,50199070,0,0,0,0,0,0,0,0,0,0,45,0,0,126106,0,0,0,68201719,0,0,0,0,0,50080167,0,126106,0,0,0,0,0/RP0/CPU0

2020-02-05 02:03:03.951000+00:00,dr03,sg3,obt-collector1,0,0,0,0,0,0,0,0,0,0,0,0,0,0,0,0,0,0,0,0,0,0,0,0,0,0,0,0,0,0,0,0,0,0,0,0,0,0,0,0,0,0,0,0,0,0,0,0,0,0,0,0,0,0,0,0,0,0,0,0,0,0,0,0,0,0,0,0,0,21,0,0,0,0,0,0,0,0,0,0,0,0,0/0/CPU0

2020-02-05 02:03:03.965000+00:00,dr03,sg3,obt-collector1,0,0,0,0,0,0,0,0,0,0,34,0,0,0,0,0,0,0,0,34,0,0,0,0,0,0,0,0,0,0,0,0,0,0,0,0,0,0,0,0,0,0,0,0,0,0,0,0,0,0,0,0,0,0,0,0,0,0,0,0,0,0,0,0,0,0,0,0,0,71,0,0,0,0,0,0,0,0,0,0,0,0,0/1/CPU0

2020-02-05 02:03:03.967000+00:00,dr03,sg3,obt-collector1,0,0,0,0,36900,36900,0,12,0,0,0,13,26,0,0,45,0,0,0,38436,0,0,31388,1483,12,40,0,0,68415,0,0,0,0,0,45,0,0,0,0,0,0,0,0,0,0,0,0,0,0,0,0,50199117,0,0,0,0,0,0,0,0,0,0,45,0,0,126106,0,0,0,68202624,0,0,0,0,0,50080214,0,126106,0,0,0,0,0/RP0/CPU0

2020-02-05 02:03:13.991000+00:00,dr03,sg3,obt-collector1,0,0,0,0,0,0,0,0,0,0,0,0,0,0,0,0,0,0,0,0,0,0,0,0,0,0,0,0,0,0,0,0,0,0,0,0,0,0,0,0,0,0,0,0,0,0,0,0,0,0,0,0,0,0,0,0,0,0,0,0,0,0,0,0,0,0,0,0,0,21,0,0,0,0,0,0,0,0,0,0,0,0,0/0/CPU0

2020-02-05 02:03:14.004000+00:00,dr03,sg3,obt-collector1,0,0,0,0,0,0,0,0,0,0,34,0,0,0,0,0,0,0,0,34,0,0,0,0,0,0,0,0,0,0,0,0,0,0,0,0,0,0,0,0,0,0,0,0,0,0,0,0,0,0,0,0,0,0,0,0,0,0,0,0,0,0,0,0,0,0,0,0,0,71,0,0,0,0,0,0,0,0,0,0,0,0,0/1/CPU0

2020-02-05 02:03:14.006000+00:00,dr03,sg3,obt-collector1,0,0,0,0,36900,36900,0,12,0,0,0,13,26,0,0,45,0,0,0,38436,0,0,31388,1483,12,40,0,0,68415,0,0,0,0,0,45,0,0,0,0,0,0,0,0,0,0,0,0,0,0,0,0,50199162,0,0,0,0,0,0,0,0,0,0,45,0,0,126106,0,0,0,68205647,0,0,0,0,0,50080259,0,126106,0,0,0,0,0/RP0/CPU0

2020-02-05 02:03:24.024000+00:00,dr03,sg3,obt-collector1,0,0,0,0,0,0,0,0,0,0,0,0,0,0,0,0,0,0,0,0,0,0,0,0,0,0,0,0,0,0,0,0,0,0,0,0,0,0,0,0,0,0,0,0,0,0,0,0,0,0,0,0,0,0,0,0,0,0,0,0,0,0,0,0,0,0,0,0,0,21,0,0,0,0,0,0,0,0,0,0,0,0,0/0/CPU0

2020-02-05 02:03:24.038000+00:00,dr03,sg3,obt-collector1,0,0,0,0,0,0,0,0,0,0,34,0,0,0,0,0,0,0,0,34,0,0,0,0,0,0,0,0,0,0,0,0,0,0,0,0,0,0,0,0,0,0,0,0,0,0,0,0,0,0,0,0,0,0,0,0,0,0,0,0,0,0,0,0,0,0,0,0,0,71,0,0,0,0,0,0,0,0,0,0,0,0,0/1/CPU0

2020-02-05 02:03:24.040000+00:00,dr03,sg3,obt-collector1,0,0,0,0,36900,36900,0,12,0,0,0,13,26,0,0,45,0,0,0,38436,0,0,31388,1483,12,40,0,0,68415,0,0,0,0,0,45,0,0,0,0,0,0,0,0,0,0,0,0,0,0,0,0,50199207,0,0,0,0,0,0,0,0,0,0,45,0,0,126106,0,0,0,68206558,0,0,0,0,0,50080304,0,126106,0,0,0,0,0/RP0/CPU0

2020-02-05 02:03:34.057000+00:00,dr03,sg3,obt-collector1,0,0,0,0,0,0,0,0,0,0,0,0,0,0,0,0,0,0,0,0,0,0,0,0,0,0,0,0,0,0,0,0,0,0,0,0,0,0,0,0,0,0,0,0,0,0,0,0,0,0,0,0,0,0,0,0,0,0,0,0,0,0,0,0,0,0,0,0,0,21,0,0,0,0,0,0,0,0,0,0,0,0,0/0/CPU0

2020-02-05 02:03:34.073000+00:00,dr03,sg3,obt-collector1,0,0,0,0,0,0,0,0,0,0,34,0,0,0,0,0,0,0,0,34,0,0,0,0,0,0,0,0,0,0,0,0,0,0,0,0,0,0,0,0,0,0,0,0,0,0,0,0,0,0,0,0,0,0,0,0,0,0,0,0,0,0,0,0,0,0,0,0,0,71,0,0,0,0,0,0,0,0,0,0,0,0,0/1/CPU0

2020-02-05 02:03:34.076000+00:00,dr03,sg3,obt-collector1,0,0,0,0,36900,36900,0,12,0,0,0,13,26,0,0,45,0,0,0,38436,0,0,31388,1483,12,40,0,0,68415,0,0,0,0,0,45,0,0,0,0,0,0,0,0,0,0,0,0,0,0,0,0,50199255,0,0,0,0,0,0,0,0,0,0,45,0,0,126106,0,0,0,68209573,0,0,0,0,0,50080351,0,126106,0,0,0,0,0/RP0/CPU0

2020-02-05 02:03:44.093000+00:00,dr03,sg3,obt-collector1,0,0,0,0,0,0,0,0,0,0,0,0,0,0,0,0,0,0,0,0,0,0,0,0,0,0,0,0,0,0,0,0,0,0,0,0,0,0,0,0,0,0,0,0,0,0,0,0,0,0,0,0,0,0,0,0,0,0,0,0,0,0,0,0,0,0,0,0,0,21,0,0,0,0,0,0,0,0,0,0,0,0,0/0/CPU0

2020-02-05 02:03:44.110000+00:00,dr03,sg3,obt-collector1,0,0,0,0,0,0,0,0,0,0,34,0,0,0,0,0,0,0,0,34,0,0,0,0,0,0,0,0,0,0,0,0,0,0,0,0,0,0,0,0,0,0,0,0,0,0,0,0,0,0,0,0,0,0,0,0,0,0,0,0,0,0,0,0,0,0,0,0,0,71,0,0,0,0,0,0,0,0,0,0,0,0,0/1/CPU0

2020-02-05 02:03:44.112000+00:00,dr03,sg3,obt-collector1,0,0,0,0,36900,36900,0,12,0,0,0,13,26,0,0,45,0,0,0,38436,0,0,31388,1483,12,40,0,0,68415,0,0,0,0,0,45,0,0,0,0,0,0,0,0,0,0,0,0,0,0,0,0,50199300,0,0,0,0,0,0,0,0,0,0,45,0,0,126106,0,0,0,68210475,0,0,0,0,0,50080396,0,126106,0,0,0,0,0/RP0/CPU0

2020-02-05 02:03:54.135000+00:00,dr03,sg3,obt-collector1,0,0,0,0,0,0,0,0,0,0,0,0,0,0,0,0,0,0,0,0,0,0,0,0,0,0,0,0,0,0,0,0,0,0,0,0,0,0,0,0,0,0,0,0,0,0,0,0,0,0,0,0,0,0,0,0,0,0,0,0,0,0,0,0,0,0,0,0,0,21,0,0,0,0,0,0,0,0,0,0,0,0,0/0/CPU0

2020-02-05 02:03:54.149000+00:00,dr03,sg3,obt-collector1,0,0,0,0,0,0,0,0,0,0,34,0,0,0,0,0,0,0,0,34,0,0,0,0,0,0,0,0,0,0,0,0,0,0,0,0,0,0,0,0,0,0,0,0,0,0,0,0,0,0,0,0,0,0,0,0,0,0,0,0,0,0,0,0,0,0,0,0,0,71,0,0,0,0,0,0,0,0,0,0,0,0,0/1/CPU0

2020-02-05 02:03:54.151000+00:00,dr03,sg3,obt-collector1,0,0,0,0,36900,36900,0,12,0,0,0,13,26,0,0,45,0,0,0,38436,0,0,31388,1483,12,40,0,0,68415,0,0,0,0,0,45,0,0,0,0,0,0,0,0,0,0,0,0,0,0,0,0,50199345,0,0,0,0,0,0,0,0,0,0,45,0,0,126107,0,0,0,68213495,0,0,0,0,0,50080441,0,126107,0,0,0,0,0/RP0/CPU0

2020-02-05 02:04:04.173000+00:00,dr03,sg3,obt-collector1,0,0,0,0,0,0,0,0,0,0,0,0,0,0,0,0,0,0,0,0,0,0,0,0,0,0,0,0,0,0,0,0,0,0,0,0,0,0,0,0,0,0,0,0,0,0,0,0,0,0,0,0,0,0,0,0,0,0,0,0,0,0,0,0,0,0,0,0,0,21,0,0,0,0,0,0,0,0,0,0,0,0,0/0/CPU0

2020-02-05 02:04:04.185000+00:00,dr03,sg3,obt-collector1,0,0,0,0,0,0,0,0,0,0,34,0,0,0,0,0,0,0,0,34,0,0,0,0,0,0,0,0,0,0,0,0,0,0,0,0,0,0,0,0,0,0,0,0,0,0,0,0,0,0,0,0,0,0,0,0,0,0,0,0,0,0,0,0,0,0,0,0,0,71,0,0,0,0,0,0,0,0,0,0,0,0,0/1/CPU0

2020-02-05 02:04:04.186000+00:00,dr03,sg3,obt-collector1,0,0,0,0,36900,36900,0,12,0,0,0,13,26,0,0,45,0,0,0,38436,0,0,31388,1483,12,40,0,0,68415,0,0,0,0,0,45,0,0,0,0,0,0,0,0,0,0,0,0,0,0,0,0,50199391,0,0,0,0,0,0,0,0,0,0,45,0,0,126107,0,0,0,68214251,0,0,0,0,0,50080487,0,126107,0,0,0,0,0/RP0/CPU0

2020-02-05 02:04:14.211000+00:00,dr03,sg3,obt-collector1,0,0,0,0,0,0,0,0,0,0,0,0,0,0,0,0,0,0,0,0,0,0,0,0,0,0,0,0,0,0,0,0,0,0,0,0,0,0,0,0,0,0,0,0,0,0,0,0,0,0,0,0,0,0,0,0,0,0,0,0,0,0,0,0,0,0,0,0,0,21,0,0,0,0,0,0,0,0,0,0,0,0,0/0/CPU0

2020-02-05 02:04:14.225000+00:00,dr03,sg3,obt-collector1,0,0,0,0,0,0,0,0,0,0,34,0,0,0,0,0,0,0,0,34,0,0,0,0,0,0,0,0,0,0,0,0,0,0,0,0,0,0,0,0,0,0,0,0,0,0,0,0,0,0,0,0,0,0,0,0,0,0,0,0,0,0,0,0,0,0,0,0,0,71,0,0,0,0,0,0,0,0,0,0,0,0,0/1/CPU0

2020-02-05 02:04:14.227000+00:00,dr03,sg3,obt-collector1,0,0,0,0,36900,36900,0,12,0,0,0,13,26,0,0,45,0,0,0,38436,0,0,31388,1483,12,40,0,0,68415,0,0,0,0,0,45,0,0,0,0,0,0,0,0,0,0,0,0,0,0,0,0,50199436,0,0,0,0,0,0,0,0,0,0,45,0,0,126107,0,0,0,68217271,0,0,0,0,0,50080532,0,126107,0,0,0,0,0/RP0/CPU0

2020-02-05 02:04:24.245000+00:00,dr03,sg3,obt-collector1,0,0,0,0,0,0,0,0,0,0,0,0,0,0,0,0,0,0,0,0,0,0,0,0,0,0,0,0,0,0,0,0,0,0,0,0,0,0,0,0,0,0,0,0,0,0,0,0,0,0,0,0,0,0,0,0,0,0,0,0,0,0,0,0,0,0,0,0,0,21,0,0,0,0,0,0,0,0,0,0,0,0,0/0/CPU0

2020-02-05 02:04:24.263000+00:00,dr03,sg3,obt-collector1,0,0,0,0,0,0,0,0,0,0,34,0,0,0,0,0,0,0,0,34,0,0,0,0,0,0,0,0,0,0,0,0,0,0,0,0,0,0,0,0,0,0,0,0,0,0,0,0,0,0,0,0,0,0,0,0,0,0,0,0,0,0,0,0,0,0,0,0,0,71,0,0,0,0,0,0,0,0,0,0,0,0,0/1/CPU0

2020-02-05 02:04:24.264000+00:00,dr03,sg3,obt-collector1,0,0,0,0,36900,36900,0,12,0,0,0,13,26,0,0,45,0,0,0,38436,0,0,31388,1483,12,40,0,0,68415,0,0,0,0,0,45,0,0,0,0,0,0,0,0,0,0,0,0,0,0,0,0,50199482,0,0,0,0,0,0,0,0,0,0,45,0,0,126107,0,0,0,68218174,0,0,0,0,0,50080578,0,126107,0,0,0,0,0/RP0/CPU0

2020-02-05 02:04:34.284000+00:00,dr03,sg3,obt-collector1,0,0,0,0,0,0,0,0,0,0,0,0,0,0,0,0,0,0,0,0,0,0,0,0,0,0,0,0,0,0,0,0,0,0,0,0,0,0,0,0,0,0,0,0,0,0,0,0,0,0,0,0,0,0,0,0,0,0,0,0,0,0,0,0,0,0,0,0,0,21,0,0,0,0,0,0,0,0,0,0,0,0,0/0/CPU0

2020-02-05 02:04:34.295000+00:00,dr03,sg3,obt-collector1,0,0,0,0,0,0,0,0,0,0,34,0,0,0,0,0,0,0,0,34,0,0,0,0,0,0,0,0,0,0,0,0,0,0,0,0,0,0,0,0,0,0,0,0,0,0,0,0,0,0,0,0,0,0,0,0,0,0,0,0,0,0,0,0,0,0,0,0,0,71,0,0,0,0,0,0,0,0,0,0,0,0,0/1/CPU0

2020-02-05 02:04:34.297000+00:00,dr03,sg3,obt-collector1,0,0,0,0,36900,36900,0,12,0,0,0,13,26,0,0,45,0,0,0,38436,0,0,31388,1483,12,40,0,0,68415,0,0,0,0,0,45,0,0,0,0,0,0,0,0,0,0,0,0,0,0,0,0,50199527,0,0,0,0,0,0,0,0,0,0,45,0,0,126107,0,0,0,68220622,0,0,0,0,0,50080622,0,126107,0,0,0,0,0/RP0/CPU0

2020-02-05 02:04:44.319000+00:00,dr03,sg3,obt-collector1,0,0,0,0,0,0,0,0,0,0,0,0,0,0,0,0,0,0,0,0,0,0,0,0,0,0,0,0,0,0,0,0,0,0,0,0,0,0,0,0,0,0,0,0,0,0,0,0,0,0,0,0,0,0,0,0,0,0,0,0,0,0,0,0,0,0,0,0,0,21,0,0,0,0,0,0,0,0,0,0,0,0,0/0/CPU0

2020-02-05 02:04:44.338000+00:00,dr03,sg3,obt-collector1,0,0,0,0,0,0,0,0,0,0,34,0,0,0,0,0,0,0,0,34,0,0,0,0,0,0,0,0,0,0,0,0,0,0,0,0,0,0,0,0,0,0,0,0,0,0,0,0,0,0,0,0,0,0,0,0,0,0,0,0,0,0,0,0,0,0,0,0,0,71,0,0,0,0,0,0,0,0,0,0,0,0,0/1/CPU0

2020-02-05 02:04:44.340000+00:00,dr03,sg3,obt-collector1,0,0,0,0,36900,36900,0,12,0,0,0,13,26,0,0,45,0,0,0,38436,0,0,31388,1483,12,40,0,0,68415,0,0,0,0,0,45,0,0,0,0,0,0,0,0,0,0,0,0,0,0,0,0,50199572,0,0,0,0,0,0,0,0,0,0,45,0,0,126107,0,0,0,68221896,0,0,0,0,0,50080667,0,126107,0,0,0,0,0/RP0/CPU0

2020-02-05 02:04:54.360000+00:00,dr03,sg3,obt-collector1,0,0,0,0,0,0,0,0,0,0,0,0,0,0,0,0,0,0,0,0,0,0,0,0,0,0,0,0,0,0,0,0,0,0,0,0,0,0,0,0,0,0,0,0,0,0,0,0,0,0,0,0,0,0,0,0,0,0,0,0,0,0,0,0,0,0,0,0,0,21,0,0,0,0,0,0,0,0,0,0,0,0,0/0/CPU0

2020-02-05 02:04:54.377000+00:00,dr03,sg3,obt-collector1,0,0,0,0,0,0,0,0,0,0,34,0,0,0,0,0,0,0,0,34,0,0,0,0,0,0,0,0,0,0,0,0,0,0,0,0,0,0,0,0,0,0,0,0,0,0,0,0,0,0,0,0,0,0,0,0,0,0,0,0,0,0,0,0,0,0,0,0,0,71,0,0,0,0,0,0,0,0,0,0,0,0,0/1/CPU0

2020-02-05 02:04:54.379000+00:00,dr03,sg3,obt-collector1,0,0,0,0,36900,36900,0,12,0,0,0,13,26,0,0,45,0,0,0,38436,0,0,31388,1483,12,40,0,0,68415,0,0,0,0,0,45,0,0,0,0,0,0,0,0,0,0,0,0,0,0,0,0,50199618,0,0,0,0,0,0,0,0,0,0,45,0,0,126108,0,0,0,68224047,0,0,0,0,0,50080713,0,126108,0,0,0,0,0/RP0/CPU0

2020-02-05 02:05:04.401000+00:00,dr03,sg3,obt-collector1,0,0,0,0,0,0,0,0,0,0,0,0,0,0,0,0,0,0,0,0,0,0,0,0,0,0,0,0,0,0,0,0,0,0,0,0,0,0,0,0,0,0,0,0,0,0,0,0,0,0,0,0,0,0,0,0,0,0,0,0,0,0,0,0,0,0,0,0,0,21,0,0,0,0,0,0,0,0,0,0,0,0,0/0/CPU0

2020-02-05 02:05:04.419000+00:00,dr03,sg3,obt-collector1,0,0,0,0,0,0,0,0,0,0,34,0,0,0,0,0,0,0,0,34,0,0,0,0,0,0,0,0,0,0,0,0,0,0,0,0,0,0,0,0,0,0,0,0,0,0,0,0,0,0,0,0,0,0,0,0,0,0,0,0,0,0,0,0,0,0,0,0,0,71,0,0,0,0,0,0,0,0,0,0,0,0,0/1/CPU0

2020-02-05 02:05:04.421000+00:00,dr03,sg3,obt-collector1,0,0,0,0,36901,36901,0,12,0,0,0,13,26,0,0,45,0,0,0,38437,0,0,31388,1483,12,40,0,0,68416,0,0,0,0,0,45,0,0,0,0,0,0,0,0,0,0,0,0,0,0,0,0,50199705,0,0,0,0,0,0,0,0,0,0,45,0,0,126108,0,0,0,68225857,0,0,0,0,0,50080800,0,126108,0,0,0,0,0/RP0/CPU0

2020-02-05 02:05:14.444000+00:00,dr03,sg3,obt-collector1,0,0,0,0,0,0,0,0,0,0,0,0,0,0,0,0,0,0,0,0,0,0,0,0,0,0,0,0,0,0,0,0,0,0,0,0,0,0,0,0,0,0,0,0,0,0,0,0,0,0,0,0,0,0,0,0,0,0,0,0,0,0,0,0,0,0,0,0,0,21,0,0,0,0,0,0,0,0,0,0,0,0,0/0/CPU0

2020-02-05 02:05:14.456000+00:00,dr03,sg3,obt-collector1,0,0,0,0,0,0,0,0,0,0,34,0,0,0,0,0,0,0,0,34,0,0,0,0,0,0,0,0,0,0,0,0,0,0,0,0,0,0,0,0,0,0,0,0,0,0,0,0,0,0,0,0,0,0,0,0,0,0,0,0,0,0,0,0,0,0,0,0,0,71,0,0,0,0,0,0,0,0,0,0,0,0,0/1/CPU0

2020-02-05 02:05:14.457000+00:00,dr03,sg3,obt-collector1,0,0,0,0,36901,36901,0,12,0,0,0,13,26,0,0,45,0,0,0,38437,0,0,31388,1483,12,40,0,0,68416,0,0,0,0,0,45,0,0,0,0,0,0,0,0,0,0,0,0,0,0,0,0,50199760,0,0,0,0,0,0,0,0,0,0,45,0,0,126108,0,0,0,68227828,0,0,0,0,0,50080855,0,126108,0,0,0,0,0/RP0/CPU0

2020-02-05 02:05:24.478000+00:00,dr03,sg3,obt-collector1,0,0,0,0,0,0,0,0,0,0,0,0,0,0,0,0,0,0,0,0,0,0,0,0,0,0,0,0,0,0,0,0,0,0,0,0,0,0,0,0,0,0,0,0,0,0,0,0,0,0,0,0,0,0,0,0,0,0,0,0,0,0,0,0,0,0,0,0,0,21,0,0,0,0,0,0,0,0,0,0,0,0,0/0/CPU0

2020-02-05 02:05:24.492000+00:00,dr03,sg3,obt-collector1,0,0,0,0,0,0,0,0,0,0,34,0,0,0,0,0,0,0,0,34,0,0,0,0,0,0,0,0,0,0,0,0,0,0,0,0,0,0,0,0,0,0,0,0,0,0,0,0,0,0,0,0,0,0,0,0,0,0,0,0,0,0,0,0,0,0,0,0,0,71,0,0,0,0,0,0,0,0,0,0,0,0,0/1/CPU0

2020-02-05 02:05:24.494000+00:00,dr03,sg3,obt-collector1,0,0,0,0,36901,36901,0,12,0,0,0,13,26,0,0,45,0,0,0,38437,0,0,31388,1483,12,40,0,0,68416,0,0,0,0,0,45,0,0,0,0,0,0,0,0,0,0,0,0,0,0,0,0,50199808,0,0,0,0,0,0,0,0,0,0,45,0,0,126108,0,0,0,68229797,0,0,0,0,0,50080903,0,126108,0,0,0,0,0/RP0/CPU0

2020-02-05 02:05:34.519000+00:00,dr03,sg3,obt-collector1,0,0,0,0,0,0,0,0,0,0,0,0,0,0,0,0,0,0,0,0,0,0,0,0,0,0,0,0,0,0,0,0,0,0,0,0,0,0,0,0,0,0,0,0,0,0,0,0,0,0,0,0,0,0,0,0,0,0,0,0,0,0,0,0,0,0,0,0,0,21,0,0,0,0,0,0,0,0,0,0,0,0,0/0/CPU0

2020-02-05 02:05:34.535000+00:00,dr03,sg3,obt-collector1,0,0,0,0,0,0,0,0,0,0,34,0,0,0,0,0,0,0,0,34,0,0,0,0,0,0,0,0,0,0,0,0,0,0,0,0,0,0,0,0,0,0,0,0,0,0,0,0,0,0,0,0,0,0,0,0,0,0,0,0,0,0,0,0,0,0,0,0,0,71,0,0,0,0,0,0,0,0,0,0,0,0,0/1/CPU0

2020-02-05 02:05:34.537000+00:00,dr03,sg3,obt-collector1,0,0,0,0,36901,36901,0,12,0,0,0,13,26,0,0,45,0,0,0,38437,0,0,31388,1483,12,40,0,0,68416,0,0,0,0,0,45,0,0,0,0,0,0,0,0,0,0,0,0,0,0,0,0,50199854,0,0,0,0,0,0,0,0,0,0,45,0,0,126108,0,0,0,68230698,0,0,0,0,0,50080948,0,126108,0,0,0,0,0/RP0/CPU0

2020-02-05 02:05:44.562000+00:00,dr03,sg3,obt-collector1,0,0,0,0,0,0,0,0,0,0,0,0,0,0,0,0,0,0,0,0,0,0,0,0,0,0,0,0,0,0,0,0,0,0,0,0,0,0,0,0,0,0,0,0,0,0,0,0,0,0,0,0,0,0,0,0,0,0,0,0,0,0,0,0,0,0,0,0,0,21,0,0,0,0,0,0,0,0,0,0,0,0,0/0/CPU0

2020-02-05 02:05:44.579000+00:00,dr03,sg3,obt-collector1,0,0,0,0,0,0,0,0,0,0,34,0,0,0,0,0,0,0,0,34,0,0,0,0,0,0,0,0,0,0,0,0,0,0,0,0,0,0,0,0,0,0,0,0,0,0,0,0,0,0,0,0,0,0,0,0,0,0,0,0,0,0,0,0,0,0,0,0,0,71,0,0,0,0,0,0,0,0,0,0,0,0,0/1/CPU0

2020-02-05 02:05:44.581000+00:00,dr03,sg3,obt-collector1,0,0,0,0,36901,36901,0,12,0,0,0,13,26,0,0,45,0,0,0,38437,0,0,31388,1483,12,40,0,0,68416,0,0,0,0,0,45,0,0,0,0,0,0,0,0,0,0,0,0,0,0,0,0,50199898,0,0,0,0,0,0,0,0,0,0,45,0,0,126108,0,0,0,68233712,0,0,0,0,0,50080992,0,126108,0,0,0,0,0/RP0/CPU0

2020-02-05 02:05:54.609000+00:00,dr03,sg3,obt-collector1,0,0,0,0,0,0,0,0,0,0,0,0,0,0,0,0,0,0,0,0,0,0,0,0,0,0,0,0,0,0,0,0,0,0,0,0,0,0,0,0,0,0,0,0,0,0,0,0,0,0,0,0,0,0,0,0,0,0,0,0,0,0,0,0,0,0,0,0,0,21,0,0,0,0,0,0,0,0,0,0,0,0,0/0/CPU0

2020-02-05 02:05:54.623000+00:00,dr03,sg3,obt-collector1,0,0,0,0,0,0,0,0,0,0,34,0,0,0,0,0,0,0,0,34,0,0,0,0,0,0,0,0,0,0,0,0,0,0,0,0,0,0,0,0,0,0,0,0,0,0,0,0,0,0,0,0,0,0,0,0,0,0,0,0,0,0,0,0,0,0,0,0,0,71,0,0,0,0,0,0,0,0,0,0,0,0,0/1/CPU0

2020-02-05 02:05:54.624000+00:00,dr03,sg3,obt-collector1,0,0,0,0,36901,36901,0,12,0,0,0,13,26,0,0,45,0,0,0,38437,0,0,31388,1483,12,40,0,0,68416,0,0,0,0,0,45,0,0,0,0,0,0,0,0,0,0,0,0,0,0,0,0,50199945,0,0,0,0,0,0,0,0,0,0,45,0,0,126109,0,0,0,68234466,0,0,0,0,0,50081039,0,126109,0,0,0,0,0/RP0/CPU0

2020-02-05 02:06:04.647000+00:00,dr03,sg3,obt-collector1,0,0,0,0,0,0,0,0,0,0,0,0,0,0,0,0,0,0,0,0,0,0,0,0,0,0,0,0,0,0,0,0,0,0,0,0,0,0,0,0,0,0,0,0,0,0,0,0,0,0,0,0,0,0,0,0,0,0,0,0,0,0,0,0,0,0,0,0,0,21,0,0,0,0,0,0,0,0,0,0,0,0,0/0/CPU0

2020-02-05 02:06:04.664000+00:00,dr03,sg3,obt-collector1,0,0,0,0,0,0,0,0,0,0,34,0,0,0,0,0,0,0,0,34,0,0,0,0,0,0,0,0,0,0,0,0,0,0,0,0,0,0,0,0,0,0,0,0,0,0,0,0,0,0,0,0,0,0,0,0,0,0,0,0,0,0,0,0,0,0,0,0,0,71,0,0,0,0,0,0,0,0,0,0,0,0,0/1/CPU0

2020-02-05 02:06:04.666000+00:00,dr03,sg3,obt-collector1,0,0,0,0,36901,36901,0,12,0,0,0,13,26,0,0,45,0,0,0,38437,0,0,31388,1483,12,40,0,0,68416,0,0,0,0,0,45,0,0,0,0,0,0,0,0,0,0,0,0,0,0,0,0,50199991,0,0,0,0,0,0,0,0,0,0,45,0,0,126109,0,0,0,68237483,0,0,0,0,0,50081085,0,126109,0,0,0,0,0/RP0/CPU0

2020-02-05 02:06:14.690000+00:00,dr03,sg3,obt-collector1,0,0,0,0,0,0,0,0,0,0,0,0,0,0,0,0,0,0,0,0,0,0,0,0,0,0,0,0,0,0,0,0,0,0,0,0,0,0,0,0,0,0,0,0,0,0,0,0,0,0,0,0,0,0,0,0,0,0,0,0,0,0,0,0,0,0,0,0,0,21,0,0,0,0,0,0,0,0,0,0,0,0,0/0/CPU0

2020-02-05 02:06:14.701000+00:00,dr03,sg3,obt-collector1,0,0,0,0,0,0,0,0,0,0,34,0,0,0,0,0,0,0,0,34,0,0,0,0,0,0,0,0,0,0,0,0,0,0,0,0,0,0,0,0,0,0,0,0,0,0,0,0,0,0,0,0,0,0,0,0,0,0,0,0,0,0,0,0,0,0,0,0,0,71,0,0,0,0,0,0,0,0,0,0,0,0,0/1/CPU0

2020-02-05 02:06:14.703000+00:00,dr03,sg3,obt-collector1,0,0,0,0,36901,36901,0,12,0,0,0,13,26,0,0,45,0,0,0,38437,0,0,31388,1483,12,40,0,0,68416,0,0,0,0,0,45,0,0,0,0,0,0,0,0,0,0,0,0,0,0,0,0,50200036,0,0,0,0,0,0,0,0,0,0,45,0,0,126109,0,0,0,68238388,0,0,0,0,0,50081130,0,126109,0,0,0,0,0/RP0/CPU0

2020-02-05 02:06:24.728000+00:00,dr03,sg3,obt-collector1,0,0,0,0,0,0,0,0,0,0,0,0,0,0,0,0,0,0,0,0,0,0,0,0,0,0,0,0,0,0,0,0,0,0,0,0,0,0,0,0,0,0,0,0,0,0,0,0,0,0,0,0,0,0,0,0,0,0,0,0,0,0,0,0,0,0,0,0,0,21,0,0,0,0,0,0,0,0,0,0,0,0,0/0/CPU0

2020-02-05 02:06:24.743000+00:00,dr03,sg3,obt-collector1,0,0,0,0,0,0,0,0,0,0,34,0,0,0,0,0,0,0,0,34,0,0,0,0,0,0,0,0,0,0,0,0,0,0,0,0,0,0,0,0,0,0,0,0,0,0,0,0,0,0,0,0,0,0,0,0,0,0,0,0,0,0,0,0,0,0,0,0,0,71,0,0,0,0,0,0,0,0,0,0,0,0,0/1/CPU0

2020-02-05 02:06:24.744000+00:00,dr03,sg3,obt-collector1,0,0,0,0,36901,36901,0,12,0,0,0,13,26,0,0,45,0,0,0,38437,0,0,31388,1483,12,40,0,0,68416,0,0,0,0,0,45,0,0,0,0,0,0,0,0,0,0,0,0,0,0,0,0,50200082,0,0,0,0,0,0,0,0,0,0,45,0,0,126109,0,0,0,68241409,0,0,0,0,0,50081176,0,126109,0,0,0,0,0/RP0/CPU0

2020-02-05 02:06:34.767000+00:00,dr03,sg3,obt-collector1,0,0,0,0,0,0,0,0,0,0,0,0,0,0,0,0,0,0,0,0,0,0,0,0,0,0,0,0,0,0,0,0,0,0,0,0,0,0,0,0,0,0,0,0,0,0,0,0,0,0,0,0,0,0,0,0,0,0,0,0,0,0,0,0,0,0,0,0,0,21,0,0,0,0,0,0,0,0,0,0,0,0,0/0/CPU0

2020-02-05 02:06:34.782000+00:00,dr03,sg3,obt-collector1,0,0,0,0,0,0,0,0,0,0,34,0,0,0,0,0,0,0,0,34,0,0,0,0,0,0,0,0,0,0,0,0,0,0,0,0,0,0,0,0,0,0,0,0,0,0,0,0,0,0,0,0,0,0,0,0,0,0,0,0,0,0,0,0,0,0,0,0,0,71,0,0,0,0,0,0,0,0,0,0,0,0,0/1/CPU0

2020-02-05 02:06:34.784000+00:00,dr03,sg3,obt-collector1,0,0,0,0,36901,36901,0,12,0,0,0,13,26,0,0,45,0,0,0,38437,0,0,31388,1483,12,40,0,0,68416,0,0,0,0,0,45,0,0,0,0,0,0,0,0,0,0,0,0,0,0,0,0,50200132,0,0,0,0,0,0,0,0,0,0,45,0,0,126109,0,0,0,68242321,0,0,0,0,0,50081226,0,126109,0,0,0,0,0/RP0/CPU0

2020-02-05 02:06:44.812000+00:00,dr03,sg3,obt-collector1,0,0,0,0,0,0,0,0,0,0,0,0,0,0,0,0,0,0,0,0,0,0,0,0,0,0,0,0,0,0,0,0,0,0,0,0,0,0,0,0,0,0,0,0,0,0,0,0,0,0,0,0,0,0,0,0,0,0,0,0,0,0,0,0,0,0,0,0,0,21,0,0,0,0,0,0,0,0,0,0,0,0,0/0/CPU0

2020-02-05 02:06:44.828000+00:00,dr03,sg3,obt-collector1,0,0,0,0,0,0,0,0,0,0,34,0,0,0,0,0,0,0,0,34,0,0,0,0,0,0,0,0,0,0,0,0,0,0,0,0,0,0,0,0,0,0,0,0,0,0,0,0,0,0,0,0,0,0,0,0,0,0,0,0,0,0,0,0,0,0,0,0,0,71,0,0,0,0,0,0,0,0,0,0,0,0,0/1/CPU0

2020-02-05 02:06:44.830000+00:00,dr03,sg3,obt-collector1,0,0,0,0,36901,36901,0,12,0,0,0,13,26,0,0,45,0,0,0,38437,0,0,31388,1483,12,40,0,0,68416,0,0,0,0,0,45,0,0,0,0,0,0,0,0,0,0,0,0,0,0,0,0,50200186,0,0,0,0,0,0,0,0,0,0,45,0,0,126109,0,0,0,68245348,0,0,0,0,0,50081279,0,126109,0,0,0,0,0/RP0/CPU0

2020-02-05 02:06:54.851000+00:00,dr03,sg3,obt-collector1,0,0,0,0,0,0,0,0,0,0,0,0,0,0,0,0,0,0,0,0,0,0,0,0,0,0,0,0,0,0,0,0,0,0,0,0,0,0,0,0,0,0,0,0,0,0,0,0,0,0,0,0,0,0,0,0,0,0,0,0,0,0,0,0,0,0,0,0,0,21,0,0,0,0,0,0,0,0,0,0,0,0,0/0/CPU0

2020-02-05 02:06:54.868000+00:00,dr03,sg3,obt-collector1,0,0,0,0,0,0,0,0,0,0,34,0,0,0,0,0,0,0,0,34,0,0,0,0,0,0,0,0,0,0,0,0,0,0,0,0,0,0,0,0,0,0,0,0,0,0,0,0,0,0,0,0,0,0,0,0,0,0,0,0,0,0,0,0,0,0,0,0,0,71,0,0,0,0,0,0,0,0,0,0,0,0,0/1/CPU0

2020-02-05 02:06:54.870000+00:00,dr03,sg3,obt-collector1,0,0,0,0,36901,36901,0,12,0,0,0,13,26,0,0,45,0,0,0,38437,0,0,31388,1483,12,40,0,0,68416,0,0,0,0,0,45,0,0,0,0,0,0,0,0,0,0,0,0,0,0,0,0,50200663,0,0,0,0,0,0,0,0,0,0,45,0,0,126110,0,0,0,68246680,0,0,0,0,0,50081756,0,126110,0,0,0,0,0/RP0/CPU0

2020-02-05 02:07:04.894000+00:00,dr03,sg3,obt-collector1,0,0,0,0,0,0,0,0,0,0,0,0,0,0,0,0,0,0,0,0,0,0,0,0,0,0,0,0,0,0,0,0,0,0,0,0,0,0,0,0,0,0,0,0,0,0,0,0,0,0,0,0,0,0,0,0,0,0,0,0,0,0,0,0,0,0,0,0,0,21,0,0,0,0,0,0,0,0,0,0,0,0,0/0/CPU0

2020-02-05 02:07:04.904000+00:00,dr03,sg3,obt-collector1,0,0,0,0,0,0,0,0,0,0,34,0,0,0,0,0,0,0,0,34,0,0,0,0,0,0,0,0,0,0,0,0,0,0,0,0,0,0,0,0,0,0,0,0,0,0,0,0,0,0,0,0,0,0,0,0,0,0,0,0,0,0,0,0,0,0,0,0,0,71,0,0,0,0,0,0,0,0,0,0,0,0,0/1/CPU0

2020-02-05 02:07:04.905000+00:00,dr03,sg3,obt-collector1,0,0,0,0,36901,36901,0,12,0,0,0,13,26,0,0,45,0,0,0,38437,0,0,31388,1483,12,40,0,0,68416,0,0,0,0,0,45,0,0,0,0,0,0,0,0,0,0,0,0,0,0,0,0,50200764,0,0,0,0,0,0,0,0,0,0,45,0,0,126110,0,0,0,68249752,0,0,0,0,0,50081857,0,126110,0,0,0,0,0/RP0/CPU0

2020-02-05 02:07:14.929000+00:00,dr03,sg3,obt-collector1,0,0,0,0,0,0,0,0,0,0,0,0,0,0,0,0,0,0,0,0,0,0,0,0,0,0,0,0,0,0,0,0,0,0,0,0,0,0,0,0,0,0,0,0,0,0,0,0,0,0,0,0,0,0,0,0,0,0,0,0,0,0,0,0,0,0,0,0,0,21,0,0,0,0,0,0,0,0,0,0,0,0,0/0/CPU0

2020-02-05 02:07:14.943000+00:00,dr03,sg3,obt-collector1,0,0,0,0,0,0,0,0,0,0,34,0,0,0,0,0,0,0,0,34,0,0,0,0,0,0,0,0,0,0,0,0,0,0,0,0,0,0,0,0,0,0,0,0,0,0,0,0,0,0,0,0,0,0,0,0,0,0,0,0,0,0,0,0,0,0,0,0,0,71,0,0,0,0,0,0,0,0,0,0,0,0,0/1/CPU0

2020-02-05 02:07:14.944000+00:00,dr03,sg3,obt-collector1,0,0,0,0,36901,36901,0,12,0,0,0,13,26,0,0,45,0,0,0,38437,0,0,31388,1483,12,40,0,0,68416,0,0,0,0,0,45,0,0,0,0,0,0,0,0,0,0,0,0,0,0,0,0,50200827,0,0,0,0,0,0,0,0,0,0,45,0,0,126110,0,0,0,68250675,0,0,0,0,0,50081920,0,126110,0,0,0,0,0/RP0/CPU0

2020-02-05 02:07:24.966000+00:00,dr03,sg3,obt-collector1,0,0,0,0,0,0,0,0,0,0,0,0,0,0,0,0,0,0,0,0,0,0,0,0,0,0,0,0,0,0,0,0,0,0,0,0,0,0,0,0,0,0,0,0,0,0,0,0,0,0,0,0,0,0,0,0,0,0,0,0,0,0,0,0,0,0,0,0,0,21,0,0,0,0,0,0,0,0,0,0,0,0,0/0/CPU0

2020-02-05 02:07:24.985000+00:00,dr03,sg3,obt-collector1,0,0,0,0,0,0,0,0,0,0,34,0,0,0,0,0,0,0,0,34,0,0,0,0,0,0,0,0,0,0,0,0,0,0,0,0,0,0,0,0,0,0,0,0,0,0,0,0,0,0,0,0,0,0,0,0,0,0,0,0,0,0,0,0,0,0,0,0,0,71,0,0,0,0,0,0,0,0,0,0,0,0,0/1/CPU0

2020-02-05 02:07:24.986000+00:00,dr03,sg3,obt-collector1,0,0,0,0,36901,36901,0,12,0,0,0,13,26,0,0,45,0,0,0,38437,0,0,31388,1483,12,40,0,0,68416,0,0,0,0,0,45,0,0,0,0,0,0,0,0,0,0,0,0,0,0,0,0,50200873,0,0,0,0,0,0,0,0,0,0,45,0,0,126110,0,0,0,68253524,0,0,0,0,0,50081966,0,126110,0,0,0,0,0/RP0/CPU0

2020-02-05 02:07:35.011000+00:00,dr03,sg3,obt-collector1,0,0,0,0,0,0,0,0,0,0,0,0,0,0,0,0,0,0,0,0,0,0,0,0,0,0,0,0,0,0,0,0,0,0,0,0,0,0,0,0,0,0,0,0,0,0,0,0,0,0,0,0,0,0,0,0,0,0,0,0,0,0,0,0,0,0,0,0,0,21,0,0,0,0,0,0,0,0,0,0,0,0,0/0/CPU0

2020-02-05 02:07:35.028000+00:00,dr03,sg3,obt-collector1,0,0,0,0,0,0,0,0,0,0,34,0,0,0,0,0,0,0,0,34,0,0,0,0,0,0,0,0,0,0,0,0,0,0,0,0,0,0,0,0,0,0,0,0,0,0,0,0,0,0,0,0,0,0,0,0,0,0,0,0,0,0,0,0,0,0,0,0,0,71,0,0,0,0,0,0,0,0,0,0,0,0,0/1/CPU0

2020-02-05 02:07:35.030000+00:00,dr03,sg3,obt-collector1,0,0,0,0,36901,36901,0,12,0,0,0,13,26,0,0,45,0,0,0,38437,0,0,31388,1483,12,40,0,0,68416,0,0,0,0,0,45,0,0,0,0,0,0,0,0,0,0,0,0,0,0,0,0,50200917,0,0,0,0,0,0,0,0,0,0,45,0,0,126110,0,0,0,68254430,0,0,0,0,0,50082010,0,126110,0,0,0,0,0/RP0/CPU0

2020-02-05 02:07:45.055000+00:00,dr03,sg3,obt-collector1,0,0,0,0,0,0,0,0,0,0,0,0,0,0,0,0,0,0,0,0,0,0,0,0,0,0,0,0,0,0,0,0,0,0,0,0,0,0,0,0,0,0,0,0,0,0,0,0,0,0,0,0,0,0,0,0,0,0,0,0,0,0,0,0,0,0,0,0,0,21,0,0,0,0,0,0,0,0,0,0,0,0,0/0/CPU0

2020-02-05 02:07:45.072000+00:00,dr03,sg3,obt-collector1,0,0,0,0,0,0,0,0,0,0,34,0,0,0,0,0,0,0,0,34,0,0,0,0,0,0,0,0,0,0,0,0,0,0,0,0,0,0,0,0,0,0,0,0,0,0,0,0,0,0,0,0,0,0,0,0,0,0,0,0,0,0,0,0,0,0,0,0,0,71,0,0,0,0,0,0,0,0,0,0,0,0,0/1/CPU0

2020-02-05 02:07:45.074000+00:00,dr03,sg3,obt-collector1,0,0,0,0,36901,36901,0,12,0,0,0,13,26,0,0,45,0,0,0,38437,0,0,31388,1483,12,40,0,0,68416,0,0,0,0,0,45,0,0,0,0,0,0,0,0,0,0,0,0,0,0,0,0,50200965,0,0,0,0,0,0,0,0,0,0,45,0,0,126110,0,0,0,68257297,0,0,0,0,0,50082057,0,126110,0,0,0,0,0/RP0/CPU0

2020-02-05 02:07:55.096000+00:00,dr03,sg3,obt-collector1,0,0,0,0,0,0,0,0,0,0,0,0,0,0,0,0,0,0,0,0,0,0,0,0,0,0,0,0,0,0,0,0,0,0,0,0,0,0,0,0,0,0,0,0,0,0,0,0,0,0,0,0,0,0,0,0,0,0,0,0,0,0,0,0,0,0,0,0,0,21,0,0,0,0,0,0,0,0,0,0,0,0,0/0/CPU0

2020-02-05 02:07:55.110000+00:00,dr03,sg3,obt-collector1,0,0,0,0,0,0,0,0,0,0,34,0,0,0,0,0,0,0,0,34,0,0,0,0,0,0,0,0,0,0,0,0,0,0,0,0,0,0,0,0,0,0,0,0,0,0,0,0,0,0,0,0,0,0,0,0,0,0,0,0,0,0,0,0,0,0,0,0,0,71,0,0,0,0,0,0,0,0,0,0,0,0,0/1/CPU0

2020-02-05 02:07:55.112000+00:00,dr03,sg3,obt-collector1,0,0,0,0,36901,36901,0,12,0,0,0,13,26,0,0,45,0,0,0,38437,0,0,31388,1483,12,40,0,0,68416,0,0,0,0,0,45,0,0,0,0,0,0,0,0,0,0,0,0,0,0,0,0,50201011,0,0,0,0,0,0,0,0,0,0,45,0,0,126111,0,0,0,68258200,0,0,0,0,0,50082103,0,126111,0,0,0,0,0/RP0/CPU0

2020-02-05 02:08:05.135000+00:00,dr03,sg3,obt-collector1,0,0,0,0,0,0,0,0,0,0,0,0,0,0,0,0,0,0,0,0,0,0,0,0,0,0,0,0,0,0,0,0,0,0,0,0,0,0,0,0,0,0,0,0,0,0,0,0,0,0,0,0,0,0,0,0,0,0,0,0,0,0,0,0,0,0,0,0,0,21,0,0,0,0,0,0,0,0,0,0,0,0,0/0/CPU0

2020-02-05 02:08:05.151000+00:00,dr03,sg3,obt-collector1,0,0,0,0,0,0,0,0,0,0,34,0,0,0,0,0,0,0,0,34,0,0,0,0,0,0,0,0,0,0,0,0,0,0,0,0,0,0,0,0,0,0,0,0,0,0,0,0,0,0,0,0,0,0,0,0,0,0,0,0,0,0,0,0,0,0,0,0,0,71,0,0,0,0,0,0,0,0,0,0,0,0,0/1/CPU0

2020-02-05 02:08:05.153000+00:00,dr03,sg3,obt-collector1,0,0,0,0,36901,36901,0,12,0,0,0,13,26,0,0,45,0,0,0,38437,0,0,31388,1483,12,40,0,0,68416,0,0,0,0,0,45,0,0,0,0,0,0,0,0,0,0,0,0,0,0,0,0,50201055,0,0,0,0,0,0,0,0,0,0,45,0,0,126111,0,0,0,68260363,0,0,0,0,0,50082147,0,126111,0,0,0,0,0/RP0/CPU0

2020-02-05 02:08:15.177000+00:00,dr03,sg3,obt-collector1,0,0,0,0,0,0,0,0,0,0,0,0,0,0,0,0,0,0,0,0,0,0,0,0,0,0,0,0,0,0,0,0,0,0,0,0,0,0,0,0,0,0,0,0,0,0,0,0,0,0,0,0,0,0,0,0,0,0,0,0,0,0,0,0,0,0,0,0,0,21,0,0,0,0,0,0,0,0,0,0,0,0,0/0/CPU0

2020-02-05 02:08:15.193000+00:00,dr03,sg3,obt-collector1,0,0,0,0,0,0,0,0,0,0,34,0,0,0,0,0,0,0,0,34,0,0,0,0,0,0,0,0,0,0,0,0,0,0,0,0,0,0,0,0,0,0,0,0,0,0,0,0,0,0,0,0,0,0,0,0,0,0,0,0,0,0,0,0,0,0,0,0,0,71,0,0,0,0,0,0,0,0,0,0,0,0,0/1/CPU0

2020-02-05 02:08:15.194000+00:00,dr03,sg3,obt-collector1,0,0,0,0,36901,36901,0,12,0,0,0,13,26,0,0,45,0,0,0,38437,0,0,31388,1483,12,40,0,0,68416,0,0,0,0,0,45,0,0,0,0,0,0,0,0,0,0,0,0,0,0,0,0,50201099,0,0,0,0,0,0,0,0,0,0,45,0,0,126111,0,0,0,68262087,0,0,0,0,0,50082191,0,126111,0,0,0,0,0/RP0/CPU0

2020-02-05 02:08:25.220000+00:00,dr03,sg3,obt-collector1,0,0,0,0,0,0,0,0,0,0,0,0,0,0,0,0,0,0,0,0,0,0,0,0,0,0,0,0,0,0,0,0,0,0,0,0,0,0,0,0,0,0,0,0,0,0,0,0,0,0,0,0,0,0,0,0,0,0,0,0,0,0,0,0,0,0,0,0,0,21,0,0,0,0,0,0,0,0,0,0,0,0,0/0/CPU0

2020-02-05 02:08:25.234000+00:00,dr03,sg3,obt-collector1,0,0,0,0,0,0,0,0,0,0,34,0,0,0,0,0,0,0,0,34,0,0,0,0,0,0,0,0,0,0,0,0,0,0,0,0,0,0,0,0,0,0,0,0,0,0,0,0,0,0,0,0,0,0,0,0,0,0,0,0,0,0,0,0,0,0,0,0,0,71,0,0,0,0,0,0,0,0,0,0,0,0,0/1/CPU0

2020-02-05 02:08:25.236000+00:00,dr03,sg3,obt-collector1,0,0,0,0,36901,36901,0,12,0,0,0,13,26,0,0,45,0,0,0,38437,0,0,31388,1483,12,40,0,0,68416,0,0,0,0,0,45,0,0,0,0,0,0,0,0,0,0,0,0,0,0,0,0,50201146,0,0,0,0,0,0,0,0,0,0,45,0,0,126111,0,0,0,68264125,0,0,0,0,0,50082238,0,126111,0,0,0,0,0/RP0/CPU0

2020-02-05 02:08:35.259000+00:00,dr03,sg3,obt-collector1,0,0,0,0,0,0,0,0,0,0,0,0,0,0,0,0,0,0,0,0,0,0,0,0,0,0,0,0,0,0,0,0,0,0,0,0,0,0,0,0,0,0,0,0,0,0,0,0,0,0,0,0,0,0,0,0,0,0,0,0,0,0,0,0,0,0,0,0,0,21,0,0,0,0,0,0,0,0,0,0,0,0,0/0/CPU0

2020-02-05 02:08:35.276000+00:00,dr03,sg3,obt-collector1,0,0,0,0,0,0,0,0,0,0,34,0,0,0,0,0,0,0,0,34,0,0,0,0,0,0,0,0,0,0,0,0,0,0,0,0,0,0,0,0,0,0,0,0,0,0,0,0,0,0,0,0,0,0,0,0,0,0,0,0,0,0,0,0,0,0,0,0,0,71,0,0,0,0,0,0,0,0,0,0,0,0,0/1/CPU0

2020-02-05 02:08:35.278000+00:00,dr03,sg3,obt-collector1,0,0,0,0,36901,36901,0,12,0,0,0,13,26,0,0,45,0,0,0,38437,0,0,31388,1483,12,40,0,0,68416,0,0,0,0,0,45,0,0,0,0,0,0,0,0,0,0,0,0,0,0,0,0,50201191,0,0,0,0,0,0,0,0,0,0,45,0,0,126111,0,0,0,68266009,0,0,0,0,0,50082283,0,126111,0,0,0,0,0/RP0/CPU0

2020-02-05 02:08:45.295000+00:00,dr03,sg3,obt-collector1,0,0,0,0,0,0,0,0,0,0,0,0,0,0,0,0,0,0,0,0,0,0,0,0,0,0,0,0,0,0,0,0,0,0,0,0,0,0,0,0,0,0,0,0,0,0,0,0,0,0,0,0,0,0,0,0,0,0,0,0,0,0,0,0,0,0,0,0,0,21,0,0,0,0,0,0,0,0,0,0,0,0,0/0/CPU0

2020-02-05 02:08:45.309000+00:00,dr03,sg3,obt-collector1,0,0,0,0,0,0,0,0,0,0,34,0,0,0,0,0,0,0,0,34,0,0,0,0,0,0,0,0,0,0,0,0,0,0,0,0,0,0,0,0,0,0,0,0,0,0,0,0,0,0,0,0,0,0,0,0,0,0,0,0,0,0,0,0,0,0,0,0,0,71,0,0,0,0,0,0,0,0,0,0,0,0,0/1/CPU0

2020-02-05 02:08:45.311000+00:00,dr03,sg3,obt-collector1,0,0,0,0,36901,36901,0,12,0,0,0,13,26,0,0,45,0,0,0,38437,0,0,31388,1483,12,40,0,0,68416,0,0,0,0,0,45,0,0,0,0,0,0,0,0,0,0,0,0,0,0,0,0,50201235,0,0,0,0,0,0,0,0,0,0,45,0,0,126111,0,0,0,68266908,0,0,0,0,0,50082327,0,126111,0,0,0,0,0/RP0/CPU0

2020-02-05 02:08:55.335000+00:00,dr03,sg3,obt-collector1,0,0,0,0,0,0,0,0,0,0,0,0,0,0,0,0,0,0,0,0,0,0,0,0,0,0,0,0,0,0,0,0,0,0,0,0,0,0,0,0,0,0,0,0,0,0,0,0,0,0,0,0,0,0,0,0,0,0,0,0,0,0,0,0,0,0,0,0,0,21,0,0,0,0,0,0,0,0,0,0,0,0,0/0/CPU0

2020-02-05 02:08:55.352000+00:00,dr03,sg3,obt-collector1,0,0,0,0,0,0,0,0,0,0,34,0,0,0,0,0,0,0,0,34,0,0,0,0,0,0,0,0,0,0,0,0,0,0,0,0,0,0,0,0,0,0,0,0,0,0,0,0,0,0,0,0,0,0,0,0,0,0,0,0,0,0,0,0,0,0,0,0,0,71,0,0,0,0,0,0,0,0,0,0,0,0,0/1/CPU0

2020-02-05 02:08:55.354000+00:00,dr03,sg3,obt-collector1,0,0,0,0,36901,36901,0,12,0,0,0,13,26,0,0,45,0,0,0,38437,0,0,31388,1483,12,40,0,0,68416,0,0,0,0,0,45,0,0,0,0,0,0,0,0,0,0,0,0,0,0,0,0,50201283,0,0,0,0,0,0,0,0,0,0,45,0,0,126112,0,0,0,68269936,0,0,0,0,0,50082374,0,126112,0,0,0,0,0/RP0/CPU0

2020-02-05 02:09:05.377000+00:00,dr03,sg3,obt-collector1,0,0,0,0,0,0,0,0,0,0,0,0,0,0,0,0,0,0,0,0,0,0,0,0,0,0,0,0,0,0,0,0,0,0,0,0,0,0,0,0,0,0,0,0,0,0,0,0,0,0,0,0,0,0,0,0,0,0,0,0,0,0,0,0,0,0,0,0,0,21,0,0,0,0,0,0,0,0,0,0,0,0,0/0/CPU0

2020-02-05 02:09:05.392000+00:00,dr03,sg3,obt-collector1,0,0,0,0,0,0,0,0,0,0,34,0,0,0,0,0,0,0,0,34,0,0,0,0,0,0,0,0,0,0,0,0,0,0,0,0,0,0,0,0,0,0,0,0,0,0,0,0,0,0,0,0,0,0,0,0,0,0,0,0,0,0,0,0,0,0,0,0,0,71,0,0,0,0,0,0,0,0,0,0,0,0,0/1/CPU0

2020-02-05 02:09:05.394000+00:00,dr03,sg3,obt-collector1,0,0,0,0,36901,36901,0,12,0,0,0,13,26,0,0,45,0,0,0,38437,0,0,31388,1483,12,40,0,0,68416,0,0,0,0,0,45,0,0,0,0,0,0,0,0,0,0,0,0,0,0,0,0,50201329,0,0,0,0,0,0,0,0,0,0,45,0,0,126112,0,0,0,68270839,0,0,0,0,0,50082420,0,126112,0,0,0,0,0/RP0/CPU0

2020-02-05 02:09:15.414000+00:00,dr03,sg3,obt-collector1,0,0,0,0,0,0,0,0,0,0,0,0,0,0,0,0,0,0,0,0,0,0,0,0,0,0,0,0,0,0,0,0,0,0,0,0,0,0,0,0,0,0,0,0,0,0,0,0,0,0,0,0,0,0,0,0,0,0,0,0,0,0,0,0,0,0,0,0,0,21,0,0,0,0,0,0,0,0,0,0,0,0,0/0/CPU0

2020-02-05 02:09:15.425000+00:00,dr03,sg3,obt-collector1,0,0,0,0,0,0,0,0,0,0,34,0,0,0,0,0,0,0,0,34,0,0,0,0,0,0,0,0,0,0,0,0,0,0,0,0,0,0,0,0,0,0,0,0,0,0,0,0,0,0,0,0,0,0,0,0,0,0,0,0,0,0,0,0,0,0,0,0,0,71,0,0,0,0,0,0,0,0,0,0,0,0,0/1/CPU0

2020-02-05 02:09:15.426000+00:00,dr03,sg3,obt-collector1,0,0,0,0,36901,36901,0,12,0,0,0,13,26,0,0,45,0,0,0,38437,0,0,31388,1483,12,40,0,0,68416,0,0,0,0,0,45,0,0,0,0,0,0,0,0,0,0,0,0,0,0,0,0,50201374,0,0,0,0,0,0,0,0,0,0,45,0,0,126112,0,0,0,68273856,0,0,0,0,0,50082465,0,126112,0,0,0,0,0/RP0/CPU0

2020-02-05 02:09:25.451000+00:00,dr03,sg3,obt-collector1,0,0,0,0,0,0,0,0,0,0,0,0,0,0,0,0,0,0,0,0,0,0,0,0,0,0,0,0,0,0,0,0,0,0,0,0,0,0,0,0,0,0,0,0,0,0,0,0,0,0,0,0,0,0,0,0,0,0,0,0,0,0,0,0,0,0,0,0,0,21,0,0,0,0,0,0,0,0,0,0,0,0,0/0/CPU0

2020-02-05 02:09:25.466000+00:00,dr03,sg3,obt-collector1,0,0,0,0,0,0,0,0,0,0,34,0,0,0,0,0,0,0,0,34,0,0,0,0,0,0,0,0,0,0,0,0,0,0,0,0,0,0,0,0,0,0,0,0,0,0,0,0,0,0,0,0,0,0,0,0,0,0,0,0,0,0,0,0,0,0,0,0,0,71,0,0,0,0,0,0,0,0,0,0,0,0,0/1/CPU0

2020-02-05 02:09:25.468000+00:00,dr03,sg3,obt-collector1,0,0,0,0,36901,36901,0,12,0,0,0,13,26,0,0,45,0,0,0,38437,0,0,31388,1483,12,40,0,0,68416,0,0,0,0,0,45,0,0,0,0,0,0,0,0,0,0,0,0,0,0,0,0,50201419,0,0,0,0,0,0,0,0,0,0,45,0,0,126112,0,0,0,68274606,0,0,0,0,0,50082510,0,126112,0,0,0,0,0/RP0/CPU0

2020-02-05 02:09:35.491000+00:00,dr03,sg3,obt-collector1,0,0,0,0,0,0,0,0,0,0,0,0,0,0,0,0,0,0,0,0,0,0,0,0,0,0,0,0,0,0,0,0,0,0,0,0,0,0,0,0,0,0,0,0,0,0,0,0,0,0,0,0,0,0,0,0,0,0,0,0,0,0,0,0,0,0,0,0,0,21,0,0,0,0,0,0,0,0,0,0,0,0,0/0/CPU0

2020-02-05 02:09:35.506000+00:00,dr03,sg3,obt-collector1,0,0,0,0,0,0,0,0,0,0,34,0,0,0,0,0,0,0,0,34,0,0,0,0,0,0,0,0,0,0,0,0,0,0,0,0,0,0,0,0,0,0,0,0,0,0,0,0,0,0,0,0,0,0,0,0,0,0,0,0,0,0,0,0,0,0,0,0,0,71,0,0,0,0,0,0,0,0,0,0,0,0,0/1/CPU0

2020-02-05 02:09:35.508000+00:00,dr03,sg3,obt-collector1,0,0,0,0,36901,36901,0,12,0,0,0,13,26,0,0,45,0,0,0,38437,0,0,31388,1483,12,40,0,0,68416,0,0,0,0,0,45,0,0,0,0,0,0,0,0,0,0,0,0,0,0,0,0,50201465,0,0,0,0,0,0,0,0,0,0,45,0,0,126112,0,0,0,68277555,0,0,0,0,0,50082556,0,126112,0,0,0,0,0/RP0/CPU0

2020-02-05 02:09:45.528000+00:00,dr03,sg3,obt-collector1,0,0,0,0,0,0,0,0,0,0,0,0,0,0,0,0,0,0,0,0,0,0,0,0,0,0,0,0,0,0,0,0,0,0,0,0,0,0,0,0,0,0,0,0,0,0,0,0,0,0,0,0,0,0,0,0,0,0,0,0,0,0,0,0,0,0,0,0,0,21,0,0,0,0,0,0,0,0,0,0,0,0,0/0/CPU0

2020-02-05 02:09:45.547000+00:00,dr03,sg3,obt-collector1,0,0,0,0,0,0,0,0,0,0,34,0,0,0,0,0,0,0,0,34,0,0,0,0,0,0,0,0,0,0,0,0,0,0,0,0,0,0,0,0,0,0,0,0,0,0,0,0,0,0,0,0,0,0,0,0,0,0,0,0,0,0,0,0,0,0,0,0,0,71,0,0,0,0,0,0,0,0,0,0,0,0,0/1/CPU0

2020-02-05 02:09:45.549000+00:00,dr03,sg3,obt-collector1,0,0,0,0,36901,36901,0,12,0,0,0,13,26,0,0,45,0,0,0,38437,0,0,31388,1483,12,40,0,0,68416,0,0,0,0,0,45,0,0,0,0,0,0,0,0,0,0,0,0,0,0,0,0,50201511,0,0,0,0,0,0,0,0,0,0,45,0,0,126112,0,0,0,68278367,0,0,0,0,0,50082602,0,126112,0,0,0,0,0/RP0/CPU0

2020-02-05 02:09:55.572000+00:00,dr03,sg3,obt-collector1,0,0,0,0,0,0,0,0,0,0,0,0,0,0,0,0,0,0,0,0,0,0,0,0,0,0,0,0,0,0,0,0,0,0,0,0,0,0,0,0,0,0,0,0,0,0,0,0,0,0,0,0,0,0,0,0,0,0,0,0,0,0,0,0,0,0,0,0,0,21,0,0,0,0,0,0,0,0,0,0,0,0,0/0/CPU0

2020-02-05 02:09:55.588000+00:00,dr03,sg3,obt-collector1,0,0,0,0,0,0,0,0,0,0,34,0,0,0,0,0,0,0,0,34,0,0,0,0,0,0,0,0,0,0,0,0,0,0,0,0,0,0,0,0,0,0,0,0,0,0,0,0,0,0,0,0,0,0,0,0,0,0,0,0,0,0,0,0,0,0,0,0,0,71,0,0,0,0,0,0,0,0,0,0,0,0,0/1/CPU0

2020-02-05 02:09:55.591000+00:00,dr03,sg3,obt-collector1,0,0,0,0,36901,36901,0,12,0,0,0,13,26,0,0,45,0,0,0,38437,0,0,31388,1483,12,40,0,0,68416,0,0,0,0,0,45,0,0,0,0,0,0,0,0,0,0,0,0,0,0,0,0,50201557,0,0,0,0,0,0,0,0,0,0,45,0,0,126113,0,0,0,68281391,0,0,0,0,0,50082647,0,126113,0,0,0,0,0/RP0/CPU0

2020-02-05 02:10:05.611000+00:00,dr03,sg3,obt-collector1,0,0,0,0,0,0,0,0,0,0,0,0,0,0,0,0,0,0,0,0,0,0,0,0,0,0,0,0,0,0,0,0,0,0,0,0,0,0,0,0,0,0,0,0,0,0,0,0,0,0,0,0,0,0,0,0,0,0,0,0,0,0,0,0,0,0,0,0,0,21,0,0,0,0,0,0,0,0,0,0,0,0,0/0/CPU0

2020-02-05 02:10:05.632000+00:00,dr03,sg3,obt-collector1,0,0,0,0,0,0,0,0,0,0,34,0,0,0,0,0,0,0,0,34,0,0,0,0,0,0,0,0,0,0,0,0,0,0,0,0,0,0,0,0,0,0,0,0,0,0,0,0,0,0,0,0,0,0,0,0,0,0,0,0,0,0,0,0,0,0,0,0,0,71,0,0,0,0,0,0,0,0,0,0,0,0,0/1/CPU0

2020-02-05 02:10:05.634000+00:00,dr03,sg3,obt-collector1,0,0,0,0,36902,36902,0,12,0,0,0,13,26,0,0,45,0,0,0,38438,0,0,31388,1483,12,40,0,0,68417,0,0,0,0,0,45,0,0,0,0,0,0,0,0,0,0,0,0,0,0,0,0,50201654,0,0,0,0,0,0,0,0,0,0,45,0,0,126113,0,0,0,68282338,0,0,0,0,0,50082744,0,126113,0,0,0,0,0/RP0/CPU0

2020-02-05 02:10:15.655000+00:00,dr03,sg3,obt-collector1,0,0,0,0,0,0,0,0,0,0,0,0,0,0,0,0,0,0,0,0,0,0,0,0,0,0,0,0,0,0,0,0,0,0,0,0,0,0,0,0,0,0,0,0,0,0,0,0,0,0,0,0,0,0,0,0,0,0,0,0,0,0,0,0,0,0,0,0,0,21,0,0,0,0,0,0,0,0,0,0,0,0,0/0/CPU0

2020-02-05 02:10:15.665000+00:00,dr03,sg3,obt-collector1,0,0,0,0,0,0,0,0,0,0,34,0,0,0,0,0,0,0,0,34,0,0,0,0,0,0,0,0,0,0,0,0,0,0,0,0,0,0,0,0,0,0,0,0,0,0,0,0,0,0,0,0,0,0,0,0,0,0,0,0,0,0,0,0,0,0,0,0,0,71,0,0,0,0,0,0,0,0,0,0,0,0,0/1/CPU0

2020-02-05 02:10:15.666000+00:00,dr03,sg3,obt-collector1,0,0,0,0,36902,36902,0,12,0,0,0,13,26,0,0,45,0,0,0,38438,0,0,31388,1483,12,40,0,0,68417,0,0,0,0,0,45,0,0,0,0,0,0,0,0,0,0,0,0,0,0,0,0,50201700,0,0,0,0,0,0,0,0,0,0,45,0,0,126113,0,0,0,68285357,0,0,0,0,0,50082790,0,126113,0,0,0,0,0/RP0/CPU0

2020-02-05 02:10:25.690000+00:00,dr03,sg3,obt-collector1,0,0,0,0,0,0,0,0,0,0,0,0,0,0,0,0,0,0,0,0,0,0,0,0,0,0,0,0,0,0,0,0,0,0,0,0,0,0,0,0,0,0,0,0,0,0,0,0,0,0,0,0,0,0,0,0,0,0,0,0,0,0,0,0,0,0,0,0,0,21,0,0,0,0,0,0,0,0,0,0,0,0,0/0/CPU0

2020-02-05 02:10:25.704000+00:00,dr03,sg3,obt-collector1,0,0,0,0,0,0,0,0,0,0,34,0,0,0,0,0,0,0,0,34,0,0,0,0,0,0,0,0,0,0,0,0,0,0,0,0,0,0,0,0,0,0,0,0,0,0,0,0,0,0,0,0,0,0,0,0,0,0,0,0,0,0,0,0,0,0,0,0,0,71,0,0,0,0,0,0,0,0,0,0,0,0,0/1/CPU0

2020-02-05 02:10:25.705000+00:00,dr03,sg3,obt-collector1,0,0,0,0,36902,36902,0,12,0,0,0,13,26,0,0,45,0,0,0,38438,0,0,31388,1483,12,40,0,0,68417,0,0,0,0,0,45,0,0,0,0,0,0,0,0,0,0,0,0,0,0,0,0,50201746,0,0,0,0,0,0,0,0,0,0,45,0,0,126113,0,0,0,68286260,0,0,0,0,0,50082836,0,126113,0,0,0,0,0/RP0/CPU0

