,Producer,Target,host,node-name,process-cpu/process-cpu-fifteen-minute,process-cpu/process-cpu-five-minute,process-cpu/process-cpu-one-minute,process-cpu/process-id,process-cpu/process-name,total-cpu-fifteen-minute,total-cpu-five-minute,total-cpu-one-minute

2020-02-05 01:51:28.430000+00:00,dr03,cpumem-sub1,obt-collector1,0/RP0/CPU0,0,0,0,31458,sleep,2,2,2

2020-02-05 01:51:28.433000+00:00,dr03,cpumem-sub1,obt-collector1,0/0/CPU0,0,0,0,32344,sleep,5,6,6

2020-02-05 01:51:28.439000+00:00,dr03,cpumem-sub1,obt-collector1,0/1/CPU0,0,0,0,27541,sleep,5,6,6

2020-02-05 01:51:38.443000+00:00,dr03,cpumem-sub1,obt-collector1,0/RP0/CPU0,0,0,0,31458,sleep,2,2,2

2020-02-05 01:51:38.447000+00:00,dr03,cpumem-sub1,obt-collector1,0/0/CPU0,0,0,0,32344,sleep,5,6,6

2020-02-05 01:51:38.453000+00:00,dr03,cpumem-sub1,obt-collector1,0/1/CPU0,0,0,0,27541,sleep,5,6,6

2020-02-05 01:51:48.457000+00:00,dr03,cpumem-sub1,obt-collector1,0/RP0/CPU0,0,0,0,31458,sleep,2,2,2

2020-02-05 01:51:48.460000+00:00,dr03,cpumem-sub1,obt-collector1,0/0/CPU0,0,0,0,32346,sleep,5,6,6

2020-02-05 01:51:48.466000+00:00,dr03,cpumem-sub1,obt-collector1,0/1/CPU0,0,0,0,27541,sleep,5,6,6

2020-02-05 01:51:58.470000+00:00,dr03,cpumem-sub1,obt-collector1,0/RP0/CPU0,0,0,0,31458,sleep,2,2,2

2020-02-05 01:51:58.474000+00:00,dr03,cpumem-sub1,obt-collector1,0/0/CPU0,0,0,0,32346,sleep,5,6,6

2020-02-05 01:51:58.480000+00:00,dr03,cpumem-sub1,obt-collector1,0/1/CPU0,0,0,0,27541,sleep,5,6,6

2020-02-05 01:52:08.484000+00:00,dr03,cpumem-sub1,obt-collector1,0/RP0/CPU0,0,0,0,31458,sleep,2,2,2

2020-02-05 01:52:08.488000+00:00,dr03,cpumem-sub1,obt-collector1,0/0/CPU0,0,0,0,32346,sleep,5,6,6

2020-02-05 01:52:08.494000+00:00,dr03,cpumem-sub1,obt-collector1,0/1/CPU0,0,0,0,27541,sleep,5,6,6

2020-02-05 01:52:18.498000+00:00,dr03,cpumem-sub1,obt-collector1,0/RP0/CPU0,0,0,0,31635,sleep,2,2,2

2020-02-05 01:52:18.502000+00:00,dr03,cpumem-sub1,obt-collector1,0/0/CPU0,0,0,0,32346,sleep,5,6,6

2020-02-05 01:52:18.508000+00:00,dr03,cpumem-sub1,obt-collector1,0/1/CPU0,0,0,0,27541,sleep,5,6,6

2020-02-05 01:52:28.511000+00:00,dr03,cpumem-sub1,obt-collector1,0/RP0/CPU0,0,0,0,31635,sleep,2,2,2

2020-02-05 01:52:28.515000+00:00,dr03,cpumem-sub1,obt-collector1,0/0/CPU0,0,0,0,32346,sleep,5,6,6

2020-02-05 01:52:28.542000+00:00,dr03,cpumem-sub1,obt-collector1,0/1/CPU0,0,0,0,27542,sleep,5,6,6

2020-02-05 01:52:38.546000+00:00,dr03,cpumem-sub1,obt-collector1,0/RP0/CPU0,0,0,0,31635,sleep,2,2,2

2020-02-05 01:52:38.550000+00:00,dr03,cpumem-sub1,obt-collector1,0/0/CPU0,0,0,0,32346,sleep,5,6,6

2020-02-05 01:52:38.556000+00:00,dr03,cpumem-sub1,obt-collector1,0/1/CPU0,0,0,0,27542,sleep,5,6,6

2020-02-05 01:52:48.560000+00:00,dr03,cpumem-sub1,obt-collector1,0/RP0/CPU0,0,0,0,31635,sleep,2,2,2

2020-02-05 01:52:48.563000+00:00,dr03,cpumem-sub1,obt-collector1,0/0/CPU0,0,0,0,32348,sleep,5,5,5

2020-02-05 01:52:48.570000+00:00,dr03,cpumem-sub1,obt-collector1,0/1/CPU0,0,0,0,27542,sleep,5,6,6

2020-02-05 01:52:58.574000+00:00,dr03,cpumem-sub1,obt-collector1,0/RP0/CPU0,0,0,0,31635,sleep,2,2,2

2020-02-05 01:52:58.577000+00:00,dr03,cpumem-sub1,obt-collector1,0/0/CPU0,0,0,0,32348,sleep,5,5,5

2020-02-05 01:52:58.583000+00:00,dr03,cpumem-sub1,obt-collector1,0/1/CPU0,0,0,0,27542,sleep,5,6,6

2020-02-05 01:53:08.588000+00:00,dr03,cpumem-sub1,obt-collector1,0/RP0/CPU0,0,0,0,31635,sleep,2,2,2

2020-02-05 01:53:08.592000+00:00,dr03,cpumem-sub1,obt-collector1,0/0/CPU0,0,0,0,32348,sleep,5,5,5

2020-02-05 01:53:08.598000+00:00,dr03,cpumem-sub1,obt-collector1,0/1/CPU0,0,0,0,27542,sleep,5,6,6

2020-02-05 01:53:18.602000+00:00,dr03,cpumem-sub1,obt-collector1,0/RP0/CPU0,0,0,0,31642,sleep,2,2,2

2020-02-05 01:53:18.605000+00:00,dr03,cpumem-sub1,obt-collector1,0/0/CPU0,0,0,0,32348,sleep,5,5,5

2020-02-05 01:53:18.611000+00:00,dr03,cpumem-sub1,obt-collector1,0/1/CPU0,0,0,0,27542,sleep,5,6,6

2020-02-05 01:53:28.615000+00:00,dr03,cpumem-sub1,obt-collector1,0/RP0/CPU0,0,0,0,31642,sleep,2,2,2

2020-02-05 01:53:28.619000+00:00,dr03,cpumem-sub1,obt-collector1,0/0/CPU0,0,0,0,32348,sleep,5,5,5

2020-02-05 01:53:28.782000+00:00,dr03,cpumem-sub1,obt-collector1,0/1/CPU0,0,0,0,27544,sleep,5,6,6

2020-02-05 01:53:38.786000+00:00,dr03,cpumem-sub1,obt-collector1,0/RP0/CPU0,0,0,0,31642,sleep,2,2,2

2020-02-05 01:53:38.790000+00:00,dr03,cpumem-sub1,obt-collector1,0/0/CPU0,0,0,0,32348,sleep,5,5,5

2020-02-05 01:53:38.796000+00:00,dr03,cpumem-sub1,obt-collector1,0/1/CPU0,0,0,0,27544,sleep,5,6,6

2020-02-05 01:53:48.800000+00:00,dr03,cpumem-sub1,obt-collector1,0/RP0/CPU0,0,0,0,31642,sleep,2,2,2

2020-02-05 01:53:48.804000+00:00,dr03,cpumem-sub1,obt-collector1,0/0/CPU0,0,0,0,32349,sleep,5,5,6

2020-02-05 01:53:48.810000+00:00,dr03,cpumem-sub1,obt-collector1,0/1/CPU0,0,0,0,27544,sleep,5,6,6

2020-02-05 01:53:58.815000+00:00,dr03,cpumem-sub1,obt-collector1,0/RP0/CPU0,0,0,0,31642,sleep,2,2,2

2020-02-05 01:53:58.818000+00:00,dr03,cpumem-sub1,obt-collector1,0/0/CPU0,0,0,0,32349,sleep,5,5,6

2020-02-05 01:53:58.825000+00:00,dr03,cpumem-sub1,obt-collector1,0/1/CPU0,0,0,0,27544,sleep,5,6,6

2020-02-05 01:54:08.830000+00:00,dr03,cpumem-sub1,obt-collector1,0/RP0/CPU0,0,0,0,31642,sleep,2,2,2

2020-02-05 01:54:08.834000+00:00,dr03,cpumem-sub1,obt-collector1,0/0/CPU0,0,0,0,32349,sleep,5,5,6

2020-02-05 01:54:08.840000+00:00,dr03,cpumem-sub1,obt-collector1,0/1/CPU0,0,0,0,27544,sleep,5,6,6

2020-02-05 01:54:18.845000+00:00,dr03,cpumem-sub1,obt-collector1,0/RP0/CPU0,0,0,0,31650,sleep,2,2,2

2020-02-05 01:54:18.849000+00:00,dr03,cpumem-sub1,obt-collector1,0/0/CPU0,0,0,0,32349,sleep,5,5,6

2020-02-05 01:54:18.856000+00:00,dr03,cpumem-sub1,obt-collector1,0/1/CPU0,0,0,0,27544,sleep,5,6,6

2020-02-05 01:54:28.860000+00:00,dr03,cpumem-sub1,obt-collector1,0/RP0/CPU0,0,0,0,31650,sleep,2,2,2

2020-02-05 01:54:28.864000+00:00,dr03,cpumem-sub1,obt-collector1,0/0/CPU0,0,0,0,32349,sleep,5,5,6

2020-02-05 01:54:29.020000+00:00,dr03,cpumem-sub1,obt-collector1,0/1/CPU0,0,0,0,27546,sleep,5,6,6

2020-02-05 01:54:39.025000+00:00,dr03,cpumem-sub1,obt-collector1,0/RP0/CPU0,0,0,0,31650,sleep,2,2,2

2020-02-05 01:54:39.029000+00:00,dr03,cpumem-sub1,obt-collector1,0/0/CPU0,0,0,0,32349,sleep,5,5,6

2020-02-05 01:54:39.035000+00:00,dr03,cpumem-sub1,obt-collector1,0/1/CPU0,0,0,0,27546,sleep,5,6,6

2020-02-05 01:54:49.039000+00:00,dr03,cpumem-sub1,obt-collector1,0/RP0/CPU0,0,0,0,31650,sleep,2,2,2

2020-02-05 01:54:49.043000+00:00,dr03,cpumem-sub1,obt-collector1,0/0/CPU0,0,0,0,32351,sleep,5,5,6

2020-02-05 01:54:49.049000+00:00,dr03,cpumem-sub1,obt-collector1,0/1/CPU0,0,0,0,27546,sleep,5,6,6

2020-02-05 01:54:59.053000+00:00,dr03,cpumem-sub1,obt-collector1,0/RP0/CPU0,0,0,0,31650,sleep,2,2,2

2020-02-05 01:54:59.056000+00:00,dr03,cpumem-sub1,obt-collector1,0/0/CPU0,0,0,0,32351,sleep,5,5,6

2020-02-05 01:54:59.062000+00:00,dr03,cpumem-sub1,obt-collector1,0/1/CPU0,0,0,0,27546,sleep,5,6,6

2020-02-05 01:55:09.066000+00:00,dr03,cpumem-sub1,obt-collector1,0/RP0/CPU0,0,0,0,31650,sleep,2,2,2

2020-02-05 01:55:09.070000+00:00,dr03,cpumem-sub1,obt-collector1,0/0/CPU0,0,0,0,32351,sleep,5,5,6

2020-02-05 01:55:09.076000+00:00,dr03,cpumem-sub1,obt-collector1,0/1/CPU0,0,0,0,27546,sleep,5,6,6

2020-02-05 01:55:19.080000+00:00,dr03,cpumem-sub1,obt-collector1,0/RP0/CPU0,0,0,0,31671,sleep,2,2,2

2020-02-05 01:55:19.083000+00:00,dr03,cpumem-sub1,obt-collector1,0/0/CPU0,0,0,0,32351,sleep,5,5,6

2020-02-05 01:55:19.089000+00:00,dr03,cpumem-sub1,obt-collector1,0/1/CPU0,0,0,0,27546,sleep,5,6,6

2020-02-05 01:55:29.093000+00:00,dr03,cpumem-sub1,obt-collector1,0/RP0/CPU0,0,0,0,31671,sleep,2,2,2

2020-02-05 01:55:29.097000+00:00,dr03,cpumem-sub1,obt-collector1,0/0/CPU0,0,0,0,32351,sleep,5,5,6

2020-02-05 01:55:29.262000+00:00,dr03,cpumem-sub1,obt-collector1,0/1/CPU0,0,0,0,27560,sleep,5,6,6

2020-02-05 01:55:39.266000+00:00,dr03,cpumem-sub1,obt-collector1,0/RP0/CPU0,0,0,0,31671,sleep,2,2,2

2020-02-05 01:55:39.270000+00:00,dr03,cpumem-sub1,obt-collector1,0/0/CPU0,0,0,0,32351,sleep,5,5,6

2020-02-05 01:55:39.276000+00:00,dr03,cpumem-sub1,obt-collector1,0/1/CPU0,0,0,0,27560,sleep,5,6,6

2020-02-05 01:55:49.280000+00:00,dr03,cpumem-sub1,obt-collector1,0/RP0/CPU0,0,0,0,31671,sleep,2,2,2

2020-02-05 01:55:49.283000+00:00,dr03,cpumem-sub1,obt-collector1,0/0/CPU0,0,0,0,32365,sleep,5,5,6

2020-02-05 01:55:49.289000+00:00,dr03,cpumem-sub1,obt-collector1,0/1/CPU0,0,0,0,27560,sleep,5,6,6

2020-02-05 01:55:59.293000+00:00,dr03,cpumem-sub1,obt-collector1,0/RP0/CPU0,0,0,0,31671,sleep,2,2,2

2020-02-05 01:55:59.297000+00:00,dr03,cpumem-sub1,obt-collector1,0/0/CPU0,0,0,0,32365,sleep,5,5,6

2020-02-05 01:55:59.303000+00:00,dr03,cpumem-sub1,obt-collector1,0/1/CPU0,0,0,0,27560,sleep,5,6,6

2020-02-05 01:56:09.307000+00:00,dr03,cpumem-sub1,obt-collector1,0/RP0/CPU0,0,0,0,31671,sleep,2,2,2

2020-02-05 01:56:09.311000+00:00,dr03,cpumem-sub1,obt-collector1,0/0/CPU0,0,0,0,32365,sleep,5,5,6

2020-02-05 01:56:09.317000+00:00,dr03,cpumem-sub1,obt-collector1,0/1/CPU0,0,0,0,27560,sleep,5,6,6

2020-02-05 01:56:19.320000+00:00,dr03,cpumem-sub1,obt-collector1,0/RP0/CPU0,0,0,0,31678,sleep,2,2,2

2020-02-05 01:56:19.324000+00:00,dr03,cpumem-sub1,obt-collector1,0/0/CPU0,0,0,0,32365,sleep,5,5,6

2020-02-05 01:56:19.330000+00:00,dr03,cpumem-sub1,obt-collector1,0/1/CPU0,0,0,0,27560,sleep,5,6,6

2020-02-05 01:56:29.334000+00:00,dr03,cpumem-sub1,obt-collector1,0/RP0/CPU0,0,0,0,31678,sleep,2,2,2

2020-02-05 01:56:29.338000+00:00,dr03,cpumem-sub1,obt-collector1,0/0/CPU0,0,0,0,32365,sleep,5,5,6

2020-02-05 01:56:29.504000+00:00,dr03,cpumem-sub1,obt-collector1,0/1/CPU0,0,0,0,27562,sleep,5,6,6

2020-02-05 01:56:39.508000+00:00,dr03,cpumem-sub1,obt-collector1,0/RP0/CPU0,0,0,0,31678,sleep,2,2,2

2020-02-05 01:56:39.511000+00:00,dr03,cpumem-sub1,obt-collector1,0/0/CPU0,0,0,0,32365,sleep,5,5,6

2020-02-05 01:56:39.517000+00:00,dr03,cpumem-sub1,obt-collector1,0/1/CPU0,0,0,0,27562,sleep,5,6,6

2020-02-05 01:56:49.521000+00:00,dr03,cpumem-sub1,obt-collector1,0/RP0/CPU0,0,0,0,31678,sleep,2,2,2

2020-02-05 01:56:49.525000+00:00,dr03,cpumem-sub1,obt-collector1,0/0/CPU0,0,0,0,32367,sleep,5,5,6

2020-02-05 01:56:49.531000+00:00,dr03,cpumem-sub1,obt-collector1,0/1/CPU0,0,0,0,27562,sleep,5,6,6

2020-02-05 01:56:59.535000+00:00,dr03,cpumem-sub1,obt-collector1,0/RP0/CPU0,0,0,0,31678,sleep,2,2,2

2020-02-05 01:56:59.539000+00:00,dr03,cpumem-sub1,obt-collector1,0/0/CPU0,0,0,0,32367,sleep,5,5,6

2020-02-05 01:56:59.545000+00:00,dr03,cpumem-sub1,obt-collector1,0/1/CPU0,0,0,0,27562,sleep,5,6,6

2020-02-05 01:57:09.549000+00:00,dr03,cpumem-sub1,obt-collector1,0/RP0/CPU0,0,0,0,31678,sleep,2,2,2

2020-02-05 01:57:09.553000+00:00,dr03,cpumem-sub1,obt-collector1,0/0/CPU0,0,0,0,32367,sleep,5,5,6

2020-02-05 01:57:09.559000+00:00,dr03,cpumem-sub1,obt-collector1,0/1/CPU0,0,0,0,27562,sleep,5,6,6

2020-02-05 01:57:19.563000+00:00,dr03,cpumem-sub1,obt-collector1,0/RP0/CPU0,0,0,0,31704,perl,2,2,2

2020-02-05 01:57:19.567000+00:00,dr03,cpumem-sub1,obt-collector1,0/0/CPU0,0,0,0,32367,sleep,5,5,6

2020-02-05 01:57:19.573000+00:00,dr03,cpumem-sub1,obt-collector1,0/1/CPU0,0,0,0,27562,sleep,5,6,6

2020-02-05 01:57:29.577000+00:00,dr03,cpumem-sub1,obt-collector1,0/RP0/CPU0,0,0,0,31704,perl,2,2,2

2020-02-05 01:57:29.580000+00:00,dr03,cpumem-sub1,obt-collector1,0/0/CPU0,0,0,0,32367,sleep,5,5,6

2020-02-05 01:57:29.742000+00:00,dr03,cpumem-sub1,obt-collector1,0/1/CPU0,0,0,0,27563,sleep,6,6,7

2020-02-05 01:57:39.746000+00:00,dr03,cpumem-sub1,obt-collector1,0/RP0/CPU0,0,0,0,31704,perl,2,2,2

2020-02-05 01:57:39.750000+00:00,dr03,cpumem-sub1,obt-collector1,0/0/CPU0,0,0,0,32367,sleep,5,5,6

2020-02-05 01:57:39.756000+00:00,dr03,cpumem-sub1,obt-collector1,0/1/CPU0,0,0,0,27563,sleep,6,6,7

2020-02-05 01:57:49.760000+00:00,dr03,cpumem-sub1,obt-collector1,0/RP0/CPU0,0,0,0,31704,perl,2,2,2

2020-02-05 01:57:49.764000+00:00,dr03,cpumem-sub1,obt-collector1,0/0/CPU0,0,0,0,32375,sleep,5,6,7

2020-02-05 01:57:49.770000+00:00,dr03,cpumem-sub1,obt-collector1,0/1/CPU0,0,0,0,27563,sleep,6,6,7

2020-02-05 01:57:59.775000+00:00,dr03,cpumem-sub1,obt-collector1,0/RP0/CPU0,0,0,0,31704,perl,2,2,2

2020-02-05 01:57:59.778000+00:00,dr03,cpumem-sub1,obt-collector1,0/0/CPU0,0,0,0,32375,sleep,5,6,7

2020-02-05 01:57:59.784000+00:00,dr03,cpumem-sub1,obt-collector1,0/1/CPU0,0,0,0,27563,sleep,6,6,7

2020-02-05 01:58:09.788000+00:00,dr03,cpumem-sub1,obt-collector1,0/RP0/CPU0,0,0,0,31704,perl,2,2,2

2020-02-05 01:58:09.792000+00:00,dr03,cpumem-sub1,obt-collector1,0/0/CPU0,0,0,0,32375,sleep,5,6,7

2020-02-05 01:58:09.797000+00:00,dr03,cpumem-sub1,obt-collector1,0/1/CPU0,0,0,0,27563,sleep,6,6,7

2020-02-05 01:58:19.801000+00:00,dr03,cpumem-sub1,obt-collector1,0/RP0/CPU0,0,0,0,31748,sleep,2,2,2

2020-02-05 01:58:19.805000+00:00,dr03,cpumem-sub1,obt-collector1,0/0/CPU0,0,0,0,32375,sleep,5,6,7

2020-02-05 01:58:19.811000+00:00,dr03,cpumem-sub1,obt-collector1,0/1/CPU0,0,0,0,27563,sleep,6,6,7

2020-02-05 01:58:29.815000+00:00,dr03,cpumem-sub1,obt-collector1,0/RP0/CPU0,0,0,0,31748,sleep,2,2,2

2020-02-05 01:58:29.819000+00:00,dr03,cpumem-sub1,obt-collector1,0/0/CPU0,0,0,0,32375,sleep,5,6,7

2020-02-05 01:58:29.984000+00:00,dr03,cpumem-sub1,obt-collector1,0/1/CPU0,0,0,0,27571,sleep,6,6,6

2020-02-05 01:58:39.989000+00:00,dr03,cpumem-sub1,obt-collector1,0/RP0/CPU0,0,0,0,31748,sleep,2,2,2

2020-02-05 01:58:39.993000+00:00,dr03,cpumem-sub1,obt-collector1,0/0/CPU0,0,0,0,32375,sleep,5,6,7

2020-02-05 01:58:39.999000+00:00,dr03,cpumem-sub1,obt-collector1,0/1/CPU0,0,0,0,27571,sleep,6,6,6

2020-02-05 01:58:50.002000+00:00,dr03,cpumem-sub1,obt-collector1,0/RP0/CPU0,0,0,0,31748,sleep,2,2,2

2020-02-05 01:58:50.006000+00:00,dr03,cpumem-sub1,obt-collector1,0/0/CPU0,0,0,0,32376,sleep,5,6,5

2020-02-05 01:58:50.012000+00:00,dr03,cpumem-sub1,obt-collector1,0/1/CPU0,0,0,0,27571,sleep,6,6,6

2020-02-05 01:59:00.016000+00:00,dr03,cpumem-sub1,obt-collector1,0/RP0/CPU0,0,0,0,31748,sleep,2,2,2

2020-02-05 01:59:00.020000+00:00,dr03,cpumem-sub1,obt-collector1,0/0/CPU0,0,0,0,32376,sleep,5,6,5

2020-02-05 01:59:00.025000+00:00,dr03,cpumem-sub1,obt-collector1,0/1/CPU0,0,0,0,27571,sleep,6,6,6

2020-02-05 01:59:10.030000+00:00,dr03,cpumem-sub1,obt-collector1,0/RP0/CPU0,0,0,0,31748,sleep,2,2,2

2020-02-05 01:59:10.034000+00:00,dr03,cpumem-sub1,obt-collector1,0/0/CPU0,0,0,0,32376,sleep,5,6,5

2020-02-05 01:59:10.040000+00:00,dr03,cpumem-sub1,obt-collector1,0/1/CPU0,0,0,0,27571,sleep,6,6,6

2020-02-05 01:59:20.044000+00:00,dr03,cpumem-sub1,obt-collector1,0/RP0/CPU0,0,0,0,31779,sleep,2,2,2

2020-02-05 01:59:20.047000+00:00,dr03,cpumem-sub1,obt-collector1,0/0/CPU0,0,0,0,32376,sleep,5,6,5

2020-02-05 01:59:20.053000+00:00,dr03,cpumem-sub1,obt-collector1,0/1/CPU0,0,0,0,27571,sleep,6,6,6

2020-02-05 01:59:30.057000+00:00,dr03,cpumem-sub1,obt-collector1,0/RP0/CPU0,0,0,0,31779,sleep,2,2,2

2020-02-05 01:59:30.060000+00:00,dr03,cpumem-sub1,obt-collector1,0/0/CPU0,0,0,0,32376,sleep,5,6,5

2020-02-05 01:59:30.224000+00:00,dr03,cpumem-sub1,obt-collector1,0/1/CPU0,0,0,0,27573,sleep,6,6,6

2020-02-05 01:59:40.228000+00:00,dr03,cpumem-sub1,obt-collector1,0/RP0/CPU0,0,0,0,31779,sleep,2,2,2

2020-02-05 01:59:40.232000+00:00,dr03,cpumem-sub1,obt-collector1,0/0/CPU0,0,0,0,32376,sleep,5,6,5

2020-02-05 01:59:40.237000+00:00,dr03,cpumem-sub1,obt-collector1,0/1/CPU0,0,0,0,27573,sleep,6,6,6

2020-02-05 01:59:50.242000+00:00,dr03,cpumem-sub1,obt-collector1,0/RP0/CPU0,0,0,0,31779,sleep,2,2,2

2020-02-05 01:59:50.245000+00:00,dr03,cpumem-sub1,obt-collector1,0/0/CPU0,0,0,0,32378,sleep,5,5,5

2020-02-05 01:59:50.252000+00:00,dr03,cpumem-sub1,obt-collector1,0/1/CPU0,0,0,0,27573,sleep,6,6,6

2020-02-05 02:00:00.255000+00:00,dr03,cpumem-sub1,obt-collector1,0/RP0/CPU0,0,0,0,31779,sleep,2,2,2

2020-02-05 02:00:00.259000+00:00,dr03,cpumem-sub1,obt-collector1,0/0/CPU0,0,0,0,32378,sleep,5,5,5

2020-02-05 02:00:00.266000+00:00,dr03,cpumem-sub1,obt-collector1,0/1/CPU0,0,0,0,27573,sleep,6,6,6

2020-02-05 02:00:10.270000+00:00,dr03,cpumem-sub1,obt-collector1,0/RP0/CPU0,0,0,0,31779,sleep,2,2,2

2020-02-05 02:00:10.274000+00:00,dr03,cpumem-sub1,obt-collector1,0/0/CPU0,0,0,0,32378,sleep,5,5,5

2020-02-05 02:00:10.280000+00:00,dr03,cpumem-sub1,obt-collector1,0/1/CPU0,0,0,0,27573,sleep,6,6,6

2020-02-05 02:00:20.284000+00:00,dr03,cpumem-sub1,obt-collector1,0/RP0/CPU0,0,0,0,31800,sleep,2,2,2

2020-02-05 02:00:20.287000+00:00,dr03,cpumem-sub1,obt-collector1,0/0/CPU0,0,0,0,32378,sleep,5,5,5

2020-02-05 02:00:20.293000+00:00,dr03,cpumem-sub1,obt-collector1,0/1/CPU0,0,0,0,27573,sleep,6,6,6

2020-02-05 02:00:30.298000+00:00,dr03,cpumem-sub1,obt-collector1,0/RP0/CPU0,0,0,0,31800,sleep,2,2,2

2020-02-05 02:00:30.302000+00:00,dr03,cpumem-sub1,obt-collector1,0/0/CPU0,0,0,0,32378,sleep,5,5,5

2020-02-05 02:00:30.464000+00:00,dr03,cpumem-sub1,obt-collector1,0/1/CPU0,0,0,0,27587,sleep,6,6,6

2020-02-05 02:00:40.469000+00:00,dr03,cpumem-sub1,obt-collector1,0/RP0/CPU0,0,0,0,31800,sleep,2,2,2

2020-02-05 02:00:40.473000+00:00,dr03,cpumem-sub1,obt-collector1,0/0/CPU0,0,0,0,32378,sleep,5,5,5

2020-02-05 02:00:40.478000+00:00,dr03,cpumem-sub1,obt-collector1,0/1/CPU0,0,0,0,27587,sleep,6,6,6

2020-02-05 02:00:50.483000+00:00,dr03,cpumem-sub1,obt-collector1,0/RP0/CPU0,0,0,0,31800,sleep,2,2,2

2020-02-05 02:00:50.486000+00:00,dr03,cpumem-sub1,obt-collector1,0/0/CPU0,0,0,0,32392,sleep,5,5,6

2020-02-05 02:00:50.492000+00:00,dr03,cpumem-sub1,obt-collector1,0/1/CPU0,0,0,0,27587,sleep,6,6,6

2020-02-05 02:01:00.496000+00:00,dr03,cpumem-sub1,obt-collector1,0/RP0/CPU0,0,0,0,31800,sleep,2,2,2

2020-02-05 02:01:00.500000+00:00,dr03,cpumem-sub1,obt-collector1,0/0/CPU0,0,0,0,32392,sleep,5,5,6

2020-02-05 02:01:00.505000+00:00,dr03,cpumem-sub1,obt-collector1,0/1/CPU0,0,0,0,27587,sleep,6,6,6

2020-02-05 02:01:10.510000+00:00,dr03,cpumem-sub1,obt-collector1,0/RP0/CPU0,0,0,0,31800,sleep,2,2,2

2020-02-05 02:01:10.514000+00:00,dr03,cpumem-sub1,obt-collector1,0/0/CPU0,0,0,0,32392,sleep,5,5,6

2020-02-05 02:01:10.520000+00:00,dr03,cpumem-sub1,obt-collector1,0/1/CPU0,0,0,0,27587,sleep,6,6,6

2020-02-05 02:01:20.524000+00:00,dr03,cpumem-sub1,obt-collector1,0/RP0/CPU0,0,0,0,31807,sleep,2,2,2

2020-02-05 02:01:20.527000+00:00,dr03,cpumem-sub1,obt-collector1,0/0/CPU0,0,0,0,32392,sleep,5,5,6

2020-02-05 02:01:20.533000+00:00,dr03,cpumem-sub1,obt-collector1,0/1/CPU0,0,0,0,27587,sleep,6,6,6

2020-02-05 02:01:30.537000+00:00,dr03,cpumem-sub1,obt-collector1,0/RP0/CPU0,0,0,0,31807,sleep,2,2,2

2020-02-05 02:01:30.541000+00:00,dr03,cpumem-sub1,obt-collector1,0/0/CPU0,0,0,0,32392,sleep,5,5,6

2020-02-05 02:01:30.709000+00:00,dr03,cpumem-sub1,obt-collector1,0/1/CPU0,0,0,0,27589,sleep,6,6,6

2020-02-05 02:01:40.713000+00:00,dr03,cpumem-sub1,obt-collector1,0/RP0/CPU0,0,0,0,31807,sleep,2,2,2

2020-02-05 02:01:40.717000+00:00,dr03,cpumem-sub1,obt-collector1,0/0/CPU0,0,0,0,32392,sleep,5,5,6

2020-02-05 02:01:40.723000+00:00,dr03,cpumem-sub1,obt-collector1,0/1/CPU0,0,0,0,27589,sleep,6,6,6

2020-02-05 02:01:50.726000+00:00,dr03,cpumem-sub1,obt-collector1,0/RP0/CPU0,0,0,0,31807,sleep,2,2,2

2020-02-05 02:01:50.730000+00:00,dr03,cpumem-sub1,obt-collector1,0/0/CPU0,0,0,0,32394,sleep,5,5,6

2020-02-05 02:01:50.737000+00:00,dr03,cpumem-sub1,obt-collector1,0/1/CPU0,0,0,0,27589,sleep,6,6,6

2020-02-05 02:02:00.742000+00:00,dr03,cpumem-sub1,obt-collector1,0/RP0/CPU0,0,0,0,31807,sleep,2,2,2

2020-02-05 02:02:00.746000+00:00,dr03,cpumem-sub1,obt-collector1,0/0/CPU0,0,0,0,32394,sleep,5,5,6

2020-02-05 02:02:00.751000+00:00,dr03,cpumem-sub1,obt-collector1,0/1/CPU0,0,0,0,27589,sleep,6,6,6

2020-02-05 02:02:10.756000+00:00,dr03,cpumem-sub1,obt-collector1,0/RP0/CPU0,0,0,0,31807,sleep,2,2,2

2020-02-05 02:02:10.760000+00:00,dr03,cpumem-sub1,obt-collector1,0/0/CPU0,0,0,0,32394,sleep,5,5,6

2020-02-05 02:02:10.766000+00:00,dr03,cpumem-sub1,obt-collector1,0/1/CPU0,0,0,0,27589,sleep,6,6,6

2020-02-05 02:02:20.770000+00:00,dr03,cpumem-sub1,obt-collector1,0/RP0/CPU0,0,0,0,31815,sleep,2,2,2

2020-02-05 02:02:20.774000+00:00,dr03,cpumem-sub1,obt-collector1,0/0/CPU0,0,0,0,32394,sleep,5,5,6

2020-02-05 02:02:20.779000+00:00,dr03,cpumem-sub1,obt-collector1,0/1/CPU0,0,0,0,27589,sleep,6,6,6

2020-02-05 02:02:30.784000+00:00,dr03,cpumem-sub1,obt-collector1,0/RP0/CPU0,0,0,0,31815,sleep,2,2,2

2020-02-05 02:02:30.788000+00:00,dr03,cpumem-sub1,obt-collector1,0/0/CPU0,0,0,0,32394,sleep,5,5,6

2020-02-05 02:02:30.947000+00:00,dr03,cpumem-sub1,obt-collector1,0/1/CPU0,0,0,0,27590,sleep,6,6,6

2020-02-05 02:02:40.952000+00:00,dr03,cpumem-sub1,obt-collector1,0/RP0/CPU0,0,0,0,31815,sleep,2,2,2

2020-02-05 02:02:40.955000+00:00,dr03,cpumem-sub1,obt-collector1,0/0/CPU0,0,0,0,32394,sleep,5,5,6

2020-02-05 02:02:40.961000+00:00,dr03,cpumem-sub1,obt-collector1,0/1/CPU0,0,0,0,27590,sleep,6,6,6

2020-02-05 02:02:50.965000+00:00,dr03,cpumem-sub1,obt-collector1,0/RP0/CPU0,0,0,0,31815,sleep,2,2,2

2020-02-05 02:02:50.969000+00:00,dr03,cpumem-sub1,obt-collector1,0/0/CPU0,0,0,0,32396,sleep,5,5,6

2020-02-05 02:02:50.975000+00:00,dr03,cpumem-sub1,obt-collector1,0/1/CPU0,0,0,0,27590,sleep,6,6,6

2020-02-05 02:03:00.979000+00:00,dr03,cpumem-sub1,obt-collector1,0/RP0/CPU0,0,0,0,31815,sleep,2,2,2

2020-02-05 02:03:00.983000+00:00,dr03,cpumem-sub1,obt-collector1,0/0/CPU0,0,0,0,32396,sleep,5,5,6

2020-02-05 02:03:00.989000+00:00,dr03,cpumem-sub1,obt-collector1,0/1/CPU0,0,0,0,27590,sleep,6,6,6

2020-02-05 02:03:10.993000+00:00,dr03,cpumem-sub1,obt-collector1,0/RP0/CPU0,0,0,0,31815,sleep,2,2,2

2020-02-05 02:03:10.997000+00:00,dr03,cpumem-sub1,obt-collector1,0/0/CPU0,0,0,0,32396,sleep,5,5,6

2020-02-05 02:03:11.003000+00:00,dr03,cpumem-sub1,obt-collector1,0/1/CPU0,0,0,0,27590,sleep,6,6,6

2020-02-05 02:03:21.006000+00:00,dr03,cpumem-sub1,obt-collector1,0/RP0/CPU0,0,0,0,31822,sleep,2,2,2

2020-02-05 02:03:21.010000+00:00,dr03,cpumem-sub1,obt-collector1,0/0/CPU0,0,0,0,32396,sleep,5,5,6

2020-02-05 02:03:21.016000+00:00,dr03,cpumem-sub1,obt-collector1,0/1/CPU0,0,0,0,27590,sleep,6,6,6

2020-02-05 02:03:31.020000+00:00,dr03,cpumem-sub1,obt-collector1,0/RP0/CPU0,0,0,0,31822,sleep,2,2,2

2020-02-05 02:03:31.023000+00:00,dr03,cpumem-sub1,obt-collector1,0/0/CPU0,0,0,0,32396,sleep,5,5,6

2020-02-05 02:03:31.200000+00:00,dr03,cpumem-sub1,obt-collector1,0/1/CPU0,0,0,0,27592,sleep,6,6,6

2020-02-05 02:03:41.204000+00:00,dr03,cpumem-sub1,obt-collector1,0/RP0/CPU0,0,0,0,31822,sleep,2,2,2

2020-02-05 02:03:41.209000+00:00,dr03,cpumem-sub1,obt-collector1,0/0/CPU0,0,0,0,32396,sleep,5,5,6

2020-02-05 02:03:41.215000+00:00,dr03,cpumem-sub1,obt-collector1,0/1/CPU0,0,0,0,27592,sleep,6,6,6

2020-02-05 02:03:51.220000+00:00,dr03,cpumem-sub1,obt-collector1,0/RP0/CPU0,0,0,0,31822,sleep,2,2,2

2020-02-05 02:03:51.224000+00:00,dr03,cpumem-sub1,obt-collector1,0/0/CPU0,0,0,0,32397,sleep,5,5,6

2020-02-05 02:03:51.230000+00:00,dr03,cpumem-sub1,obt-collector1,0/1/CPU0,0,0,0,27592,sleep,6,6,6

2020-02-05 02:04:01.235000+00:00,dr03,cpumem-sub1,obt-collector1,0/RP0/CPU0,0,0,0,31822,sleep,2,2,2

2020-02-05 02:04:01.238000+00:00,dr03,cpumem-sub1,obt-collector1,0/0/CPU0,0,0,0,32397,sleep,5,5,6

2020-02-05 02:04:01.244000+00:00,dr03,cpumem-sub1,obt-collector1,0/1/CPU0,0,0,0,27592,sleep,6,6,6

2020-02-05 02:04:11.248000+00:00,dr03,cpumem-sub1,obt-collector1,0/RP0/CPU0,0,0,0,31822,sleep,2,2,2

2020-02-05 02:04:11.252000+00:00,dr03,cpumem-sub1,obt-collector1,0/0/CPU0,0,0,0,32397,sleep,5,5,6

2020-02-05 02:04:11.258000+00:00,dr03,cpumem-sub1,obt-collector1,0/1/CPU0,0,0,0,27592,sleep,6,6,6

2020-02-05 02:04:21.262000+00:00,dr03,cpumem-sub1,obt-collector1,0/RP0/CPU0,0,0,0,31830,sleep,2,2,2

2020-02-05 02:04:21.266000+00:00,dr03,cpumem-sub1,obt-collector1,0/0/CPU0,0,0,0,32397,sleep,5,5,6

2020-02-05 02:04:21.272000+00:00,dr03,cpumem-sub1,obt-collector1,0/1/CPU0,0,0,0,27592,sleep,6,6,6

2020-02-05 02:04:31.276000+00:00,dr03,cpumem-sub1,obt-collector1,0/RP0/CPU0,0,0,0,31830,sleep,2,2,2

2020-02-05 02:04:31.280000+00:00,dr03,cpumem-sub1,obt-collector1,0/0/CPU0,0,0,0,32397,sleep,5,5,6

2020-02-05 02:04:31.446000+00:00,dr03,cpumem-sub1,obt-collector1,0/1/CPU0,0,0,0,27594,sleep,6,6,6

2020-02-05 02:04:41.450000+00:00,dr03,cpumem-sub1,obt-collector1,0/RP0/CPU0,0,0,0,31830,sleep,2,2,2

2020-02-05 02:04:41.453000+00:00,dr03,cpumem-sub1,obt-collector1,0/0/CPU0,0,0,0,32397,sleep,5,5,6

2020-02-05 02:04:41.459000+00:00,dr03,cpumem-sub1,obt-collector1,0/1/CPU0,0,0,0,27594,sleep,6,6,6

2020-02-05 02:04:51.464000+00:00,dr03,cpumem-sub1,obt-collector1,0/RP0/CPU0,0,0,0,31830,sleep,2,2,2

2020-02-05 02:04:51.467000+00:00,dr03,cpumem-sub1,obt-collector1,0/0/CPU0,0,0,0,32399,sleep,5,6,6

2020-02-05 02:04:51.473000+00:00,dr03,cpumem-sub1,obt-collector1,0/1/CPU0,0,0,0,27594,sleep,6,6,6

2020-02-05 02:05:01.478000+00:00,dr03,cpumem-sub1,obt-collector1,0/RP0/CPU0,0,0,0,31830,sleep,2,2,2

2020-02-05 02:05:01.482000+00:00,dr03,cpumem-sub1,obt-collector1,0/0/CPU0,0,0,0,32399,sleep,5,6,6

2020-02-05 02:05:01.488000+00:00,dr03,cpumem-sub1,obt-collector1,0/1/CPU0,0,0,0,27594,sleep,6,6,6

2020-02-05 02:05:11.492000+00:00,dr03,cpumem-sub1,obt-collector1,0/RP0/CPU0,0,0,0,31830,sleep,2,2,2

2020-02-05 02:05:11.496000+00:00,dr03,cpumem-sub1,obt-collector1,0/0/CPU0,0,0,0,32399,sleep,5,6,6

2020-02-05 02:05:11.501000+00:00,dr03,cpumem-sub1,obt-collector1,0/1/CPU0,0,0,0,27594,sleep,6,6,6

2020-02-05 02:05:21.505000+00:00,dr03,cpumem-sub1,obt-collector1,0/RP0/CPU0,0,0,0,32076,sleep,2,2,2

2020-02-05 02:05:21.509000+00:00,dr03,cpumem-sub1,obt-collector1,0/0/CPU0,0,0,0,32399,sleep,5,6,6

2020-02-05 02:05:21.514000+00:00,dr03,cpumem-sub1,obt-collector1,0/1/CPU0,0,0,0,27594,sleep,6,6,6

2020-02-05 02:05:31.518000+00:00,dr03,cpumem-sub1,obt-collector1,0/RP0/CPU0,0,0,0,32076,sleep,2,2,2

2020-02-05 02:05:31.522000+00:00,dr03,cpumem-sub1,obt-collector1,0/0/CPU0,0,0,0,32399,sleep,5,6,6

2020-02-05 02:05:31.685000+00:00,dr03,cpumem-sub1,obt-collector1,0/1/CPU0,0,0,0,27608,sleep,6,6,6

2020-02-05 02:05:41.690000+00:00,dr03,cpumem-sub1,obt-collector1,0/RP0/CPU0,0,0,0,32076,sleep,2,2,2

2020-02-05 02:05:41.693000+00:00,dr03,cpumem-sub1,obt-collector1,0/0/CPU0,0,0,0,32399,sleep,5,6,6

2020-02-05 02:05:41.699000+00:00,dr03,cpumem-sub1,obt-collector1,0/1/CPU0,0,0,0,27608,sleep,6,6,6

2020-02-05 02:05:51.703000+00:00,dr03,cpumem-sub1,obt-collector1,0/RP0/CPU0,0,0,0,32076,sleep,2,2,2

2020-02-05 02:05:51.706000+00:00,dr03,cpumem-sub1,obt-collector1,0/0/CPU0,0,0,0,32413,sleep,5,5,5

2020-02-05 02:05:51.712000+00:00,dr03,cpumem-sub1,obt-collector1,0/1/CPU0,0,0,0,27608,sleep,6,6,6

2020-02-05 02:06:01.716000+00:00,dr03,cpumem-sub1,obt-collector1,0/RP0/CPU0,0,0,0,32076,sleep,2,2,2

2020-02-05 02:06:01.720000+00:00,dr03,cpumem-sub1,obt-collector1,0/0/CPU0,0,0,0,32413,sleep,5,5,5

2020-02-05 02:06:01.725000+00:00,dr03,cpumem-sub1,obt-collector1,0/1/CPU0,0,0,0,27608,sleep,6,6,6

2020-02-05 02:06:11.729000+00:00,dr03,cpumem-sub1,obt-collector1,0/RP0/CPU0,0,0,0,32076,sleep,2,2,2

2020-02-05 02:06:11.733000+00:00,dr03,cpumem-sub1,obt-collector1,0/0/CPU0,0,0,0,32413,sleep,5,5,5

2020-02-05 02:06:11.738000+00:00,dr03,cpumem-sub1,obt-collector1,0/1/CPU0,0,0,0,27608,sleep,6,6,6

2020-02-05 02:06:21.743000+00:00,dr03,cpumem-sub1,obt-collector1,0/RP0/CPU0,0,0,0,32083,sleep,2,2,2

2020-02-05 02:06:21.746000+00:00,dr03,cpumem-sub1,obt-collector1,0/0/CPU0,0,0,0,32413,sleep,5,5,5

2020-02-05 02:06:21.752000+00:00,dr03,cpumem-sub1,obt-collector1,0/1/CPU0,0,0,0,27608,sleep,6,6,6

2020-02-05 02:06:31.758000+00:00,dr03,cpumem-sub1,obt-collector1,0/RP0/CPU0,0,0,0,32083,sleep,2,2,2

2020-02-05 02:06:31.762000+00:00,dr03,cpumem-sub1,obt-collector1,0/0/CPU0,0,0,0,32413,sleep,5,5,5

2020-02-05 02:06:31.922000+00:00,dr03,cpumem-sub1,obt-collector1,0/1/CPU0,0,0,0,27610,sleep,6,6,6

2020-02-05 02:06:41.926000+00:00,dr03,cpumem-sub1,obt-collector1,0/RP0/CPU0,0,0,0,32083,sleep,2,2,2

2020-02-05 02:06:41.930000+00:00,dr03,cpumem-sub1,obt-collector1,0/0/CPU0,0,0,0,32413,sleep,5,5,5

2020-02-05 02:06:41.936000+00:00,dr03,cpumem-sub1,obt-collector1,0/1/CPU0,0,0,0,27610,sleep,6,6,6

2020-02-05 02:06:51.940000+00:00,dr03,cpumem-sub1,obt-collector1,0/RP0/CPU0,0,0,0,32083,sleep,2,2,2

2020-02-05 02:06:51.944000+00:00,dr03,cpumem-sub1,obt-collector1,0/0/CPU0,0,0,0,32415,sleep,5,5,6

2020-02-05 02:06:51.950000+00:00,dr03,cpumem-sub1,obt-collector1,0/1/CPU0,0,0,0,27610,sleep,6,6,6

2020-02-05 02:07:01.955000+00:00,dr03,cpumem-sub1,obt-collector1,0/RP0/CPU0,0,0,0,32083,sleep,2,2,2

2020-02-05 02:07:01.958000+00:00,dr03,cpumem-sub1,obt-collector1,0/0/CPU0,0,0,0,32415,sleep,5,5,6

2020-02-05 02:07:01.964000+00:00,dr03,cpumem-sub1,obt-collector1,0/1/CPU0,0,0,0,27610,sleep,6,6,6

2020-02-05 02:07:11.967000+00:00,dr03,cpumem-sub1,obt-collector1,0/RP0/CPU0,0,0,0,32083,sleep,2,2,2

2020-02-05 02:07:11.971000+00:00,dr03,cpumem-sub1,obt-collector1,0/0/CPU0,0,0,0,32415,sleep,5,5,6

2020-02-05 02:07:11.977000+00:00,dr03,cpumem-sub1,obt-collector1,0/1/CPU0,0,0,0,27610,sleep,6,6,6

2020-02-05 02:07:21.981000+00:00,dr03,cpumem-sub1,obt-collector1,0/RP0/CPU0,0,0,0,32091,sleep,2,2,2

2020-02-05 02:07:21.984000+00:00,dr03,cpumem-sub1,obt-collector1,0/0/CPU0,0,0,0,32415,sleep,5,5,6

2020-02-05 02:07:21.990000+00:00,dr03,cpumem-sub1,obt-collector1,0/1/CPU0,0,0,0,27610,sleep,6,6,6

2020-02-05 02:07:31.994000+00:00,dr03,cpumem-sub1,obt-collector1,0/RP0/CPU0,0,0,0,32091,sleep,2,2,2

2020-02-05 02:07:31.998000+00:00,dr03,cpumem-sub1,obt-collector1,0/0/CPU0,0,0,0,32415,sleep,5,5,6

2020-02-05 02:07:32.159000+00:00,dr03,cpumem-sub1,obt-collector1,0/1/CPU0,0,0,0,27611,sleep,6,6,6

2020-02-05 02:07:42.163000+00:00,dr03,cpumem-sub1,obt-collector1,0/RP0/CPU0,0,0,0,32091,sleep,2,2,2

2020-02-05 02:07:42.167000+00:00,dr03,cpumem-sub1,obt-collector1,0/0/CPU0,0,0,0,32415,sleep,5,5,6

2020-02-05 02:07:42.172000+00:00,dr03,cpumem-sub1,obt-collector1,0/1/CPU0,0,0,0,27611,sleep,6,6,6

2020-02-05 02:07:52.176000+00:00,dr03,cpumem-sub1,obt-collector1,0/RP0/CPU0,0,0,0,32091,sleep,2,2,2

2020-02-05 02:07:52.180000+00:00,dr03,cpumem-sub1,obt-collector1,0/0/CPU0,0,0,0,32417,sleep,5,5,6

2020-02-05 02:07:52.186000+00:00,dr03,cpumem-sub1,obt-collector1,0/1/CPU0,0,0,0,27611,sleep,6,6,6

2020-02-05 02:08:02.190000+00:00,dr03,cpumem-sub1,obt-collector1,0/RP0/CPU0,0,0,0,32091,sleep,2,2,2

2020-02-05 02:08:02.195000+00:00,dr03,cpumem-sub1,obt-collector1,0/0/CPU0,0,0,0,32417,sleep,5,5,6

2020-02-05 02:08:02.200000+00:00,dr03,cpumem-sub1,obt-collector1,0/1/CPU0,0,0,0,27611,sleep,6,6,6

2020-02-05 02:08:12.205000+00:00,dr03,cpumem-sub1,obt-collector1,0/RP0/CPU0,0,0,0,32091,sleep,2,2,2

2020-02-05 02:08:12.208000+00:00,dr03,cpumem-sub1,obt-collector1,0/0/CPU0,0,0,0,32417,sleep,5,5,6

2020-02-05 02:08:12.214000+00:00,dr03,cpumem-sub1,obt-collector1,0/1/CPU0,0,0,0,27611,sleep,6,6,6

2020-02-05 02:08:22.218000+00:00,dr03,cpumem-sub1,obt-collector1,0/RP0/CPU0,0,0,0,32098,sleep,2,2,2

2020-02-05 02:08:22.222000+00:00,dr03,cpumem-sub1,obt-collector1,0/0/CPU0,0,0,0,32417,sleep,5,5,6

2020-02-05 02:08:22.228000+00:00,dr03,cpumem-sub1,obt-collector1,0/1/CPU0,0,0,0,27611,sleep,6,6,6

2020-02-05 02:08:32.232000+00:00,dr03,cpumem-sub1,obt-collector1,0/RP0/CPU0,0,0,0,32098,sleep,2,2,2

2020-02-05 02:08:32.236000+00:00,dr03,cpumem-sub1,obt-collector1,0/0/CPU0,0,0,0,32417,sleep,5,5,6

2020-02-05 02:08:32.395000+00:00,dr03,cpumem-sub1,obt-collector1,0/1/CPU0,0,0,0,27613,sleep,6,6,6

2020-02-05 02:08:42.399000+00:00,dr03,cpumem-sub1,obt-collector1,0/RP0/CPU0,0,0,0,32098,sleep,2,2,2

2020-02-05 02:08:42.403000+00:00,dr03,cpumem-sub1,obt-collector1,0/0/CPU0,0,0,0,32417,sleep,5,5,6

2020-02-05 02:08:42.409000+00:00,dr03,cpumem-sub1,obt-collector1,0/1/CPU0,0,0,0,27613,sleep,6,6,6

2020-02-05 02:08:52.413000+00:00,dr03,cpumem-sub1,obt-collector1,0/RP0/CPU0,0,0,0,32098,sleep,2,2,2

2020-02-05 02:08:52.416000+00:00,dr03,cpumem-sub1,obt-collector1,0/0/CPU0,0,0,0,32418,sleep,5,5,6

2020-02-05 02:08:52.422000+00:00,dr03,cpumem-sub1,obt-collector1,0/1/CPU0,0,0,0,27613,sleep,6,6,6

2020-02-05 02:09:02.426000+00:00,dr03,cpumem-sub1,obt-collector1,0/RP0/CPU0,0,0,0,32098,sleep,2,2,2

2020-02-05 02:09:02.430000+00:00,dr03,cpumem-sub1,obt-collector1,0/0/CPU0,0,0,0,32418,sleep,5,5,6

2020-02-05 02:09:02.438000+00:00,dr03,cpumem-sub1,obt-collector1,0/1/CPU0,0,0,0,27613,sleep,6,6,6

2020-02-05 02:09:12.442000+00:00,dr03,cpumem-sub1,obt-collector1,0/RP0/CPU0,0,0,0,32098,sleep,2,2,2

2020-02-05 02:09:12.445000+00:00,dr03,cpumem-sub1,obt-collector1,0/0/CPU0,0,0,0,32418,sleep,5,5,6

2020-02-05 02:09:12.451000+00:00,dr03,cpumem-sub1,obt-collector1,0/1/CPU0,0,0,0,27613,sleep,6,6,6

2020-02-05 02:09:22.455000+00:00,dr03,cpumem-sub1,obt-collector1,0/RP0/CPU0,0,0,0,32129,sleep,2,2,2

2020-02-05 02:09:22.459000+00:00,dr03,cpumem-sub1,obt-collector1,0/0/CPU0,0,0,0,32418,sleep,5,5,6

2020-02-05 02:09:22.465000+00:00,dr03,cpumem-sub1,obt-collector1,0/1/CPU0,0,0,0,27613,sleep,6,6,6

2020-02-05 02:09:32.469000+00:00,dr03,cpumem-sub1,obt-collector1,0/RP0/CPU0,0,0,0,32129,sleep,2,2,2

2020-02-05 02:09:32.473000+00:00,dr03,cpumem-sub1,obt-collector1,0/0/CPU0,0,0,0,32418,sleep,5,5,6

2020-02-05 02:09:32.633000+00:00,dr03,cpumem-sub1,obt-collector1,0/1/CPU0,0,0,0,27615,sleep,6,6,6

2020-02-05 02:09:42.637000+00:00,dr03,cpumem-sub1,obt-collector1,0/RP0/CPU0,0,0,0,32129,sleep,2,2,2

2020-02-05 02:09:42.641000+00:00,dr03,cpumem-sub1,obt-collector1,0/0/CPU0,0,0,0,32418,sleep,5,5,6

2020-02-05 02:09:42.646000+00:00,dr03,cpumem-sub1,obt-collector1,0/1/CPU0,0,0,0,27615,sleep,6,6,6

2020-02-05 02:09:52.651000+00:00,dr03,cpumem-sub1,obt-collector1,0/RP0/CPU0,0,0,0,32129,sleep,2,2,2

2020-02-05 02:09:52.655000+00:00,dr03,cpumem-sub1,obt-collector1,0/0/CPU0,0,0,0,32420,sleep,5,5,6

2020-02-05 02:09:52.661000+00:00,dr03,cpumem-sub1,obt-collector1,0/1/CPU0,0,0,0,27615,sleep,6,6,6

2020-02-05 02:10:02.665000+00:00,dr03,cpumem-sub1,obt-collector1,0/RP0/CPU0,0,0,0,32129,sleep,2,2,2

2020-02-05 02:10:02.668000+00:00,dr03,cpumem-sub1,obt-collector1,0/0/CPU0,0,0,0,32420,sleep,5,5,6

2020-02-05 02:10:02.674000+00:00,dr03,cpumem-sub1,obt-collector1,0/1/CPU0,0,0,0,27615,sleep,6,6,6

2020-02-05 02:10:12.679000+00:00,dr03,cpumem-sub1,obt-collector1,0/RP0/CPU0,0,0,0,32129,sleep,2,2,2

2020-02-05 02:10:12.683000+00:00,dr03,cpumem-sub1,obt-collector1,0/0/CPU0,0,0,0,32420,sleep,5,5,6

2020-02-05 02:10:12.688000+00:00,dr03,cpumem-sub1,obt-collector1,0/1/CPU0,0,0,0,27615,sleep,6,6,6

2020-02-05 02:10:22.693000+00:00,dr03,cpumem-sub1,obt-collector1,0/RP0/CPU0,0,0,0,32150,sleep,2,2,2

2020-02-05 02:10:22.696000+00:00,dr03,cpumem-sub1,obt-collector1,0/0/CPU0,0,0,0,32420,sleep,5,5,6

2020-02-05 02:10:22.702000+00:00,dr03,cpumem-sub1,obt-collector1,0/1/CPU0,0,0,0,27615,sleep,6,6,6

