,Producer,Target,asic-instance,chip-version,host,node-name,npu-id,rack-number,slot-number,statistics/block-info/block-name,statistics/block-info/field-info/field-name,statistics/block-info/field-info/field-value,statistics/block-info/field-info/is-overflow,statistics/block-info/num-fields,statistics/num-blocks,valid

2020-02-05 01:51:28.549000+00:00,dr03,sg15,0,1,obt-collector1,0/0/CPU0,0,0,0,NBIH,NBIH TxTotPktCnt,12143009769,false,60,12,true

2020-02-05 01:51:28.551000+00:00,dr03,sg15,1,1,obt-collector1,0/0/CPU0,1,0,0,NBIH,NBIH TxTotPktCnt,0,false,60,12,true

2020-02-05 01:51:28.553000+00:00,dr03,sg15,2,1,obt-collector1,0/0/CPU0,2,0,0,NBIH,NBIH TxTotPktCnt,0,false,60,12,true

2020-02-05 01:51:28.555000+00:00,dr03,sg15,3,1,obt-collector1,0/0/CPU0,3,0,0,NBIH,NBIH TxTotPktCnt,0,false,60,12,true

2020-02-05 01:51:28.558000+00:00,dr03,sg15,4,1,obt-collector1,0/0/CPU0,4,0,0,NBIH,NBIH TxTotPktCnt,0,false,60,12,true

2020-02-05 01:51:28.560000+00:00,dr03,sg15,5,1,obt-collector1,0/0/CPU0,5,0,0,NBIH,NBIH TxTotPktCnt,148855916738,false,60,12,true

2020-02-05 01:51:28.570000+00:00,dr03,sg15,0,1,obt-collector1,0/1/CPU0,0,0,1,NBIH,NBIH TxTotPktCnt,56689012587,false,60,12,true

2020-02-05 01:51:28.572000+00:00,dr03,sg15,1,1,obt-collector1,0/1/CPU0,1,0,1,NBIH,NBIH TxTotPktCnt,0,false,60,12,true

2020-02-05 01:51:28.574000+00:00,dr03,sg15,2,1,obt-collector1,0/1/CPU0,2,0,1,NBIH,NBIH TxTotPktCnt,0,false,60,12,true

2020-02-05 01:51:28.577000+00:00,dr03,sg15,3,1,obt-collector1,0/1/CPU0,3,0,1,NBIH,NBIH TxTotPktCnt,0,false,60,12,true

2020-02-05 01:51:28.579000+00:00,dr03,sg15,4,1,obt-collector1,0/1/CPU0,4,0,1,NBIH,NBIH TxTotPktCnt,0,false,60,12,true

2020-02-05 01:51:28.581000+00:00,dr03,sg15,5,1,obt-collector1,0/1/CPU0,5,0,1,NBIH,NBIH TxTotPktCnt,166866744774,false,60,12,true

2020-02-05 01:51:49.712000+00:00,dr03,sg15,0,1,obt-collector1,0/0/CPU0,0,0,0,NBIH,NBIH TxTotPktCnt,12143010176,false,60,12,true

2020-02-05 01:51:49.714000+00:00,dr03,sg15,1,1,obt-collector1,0/0/CPU0,1,0,0,NBIH,NBIH TxTotPktCnt,0,false,60,12,true

2020-02-05 01:51:49.716000+00:00,dr03,sg15,2,1,obt-collector1,0/0/CPU0,2,0,0,NBIH,NBIH TxTotPktCnt,0,false,60,12,true

2020-02-05 01:51:49.719000+00:00,dr03,sg15,3,1,obt-collector1,0/0/CPU0,3,0,0,NBIH,NBIH TxTotPktCnt,0,false,60,12,true

2020-02-05 01:51:49.721000+00:00,dr03,sg15,4,1,obt-collector1,0/0/CPU0,4,0,0,NBIH,NBIH TxTotPktCnt,0,false,60,12,true

2020-02-05 01:51:49.723000+00:00,dr03,sg15,5,1,obt-collector1,0/0/CPU0,5,0,0,NBIH,NBIH TxTotPktCnt,148856182387,false,60,12,true

2020-02-05 01:51:49.733000+00:00,dr03,sg15,0,1,obt-collector1,0/1/CPU0,0,0,1,NBIH,NBIH TxTotPktCnt,56689269174,false,60,12,true

2020-02-05 01:51:49.735000+00:00,dr03,sg15,1,1,obt-collector1,0/1/CPU0,1,0,1,NBIH,NBIH TxTotPktCnt,0,false,60,12,true

2020-02-05 01:51:49.737000+00:00,dr03,sg15,2,1,obt-collector1,0/1/CPU0,2,0,1,NBIH,NBIH TxTotPktCnt,0,false,60,12,true

2020-02-05 01:51:49.740000+00:00,dr03,sg15,3,1,obt-collector1,0/1/CPU0,3,0,1,NBIH,NBIH TxTotPktCnt,0,false,60,12,true

2020-02-05 01:51:49.742000+00:00,dr03,sg15,4,1,obt-collector1,0/1/CPU0,4,0,1,NBIH,NBIH TxTotPktCnt,0,false,60,12,true

2020-02-05 01:51:49.744000+00:00,dr03,sg15,5,1,obt-collector1,0/1/CPU0,5,0,1,NBIH,NBIH TxTotPktCnt,166867240980,false,60,12,true

2020-02-05 01:52:11.035000+00:00,dr03,sg15,0,1,obt-collector1,0/0/CPU0,0,0,0,NBIH,NBIH TxTotPktCnt,12143010176,false,60,12,true

2020-02-05 01:52:11.037000+00:00,dr03,sg15,1,1,obt-collector1,0/0/CPU0,1,0,0,NBIH,NBIH TxTotPktCnt,0,false,60,12,true

2020-02-05 01:52:11.039000+00:00,dr03,sg15,2,1,obt-collector1,0/0/CPU0,2,0,0,NBIH,NBIH TxTotPktCnt,0,false,60,12,true

2020-02-05 01:52:11.042000+00:00,dr03,sg15,3,1,obt-collector1,0/0/CPU0,3,0,0,NBIH,NBIH TxTotPktCnt,0,false,60,12,true

2020-02-05 01:52:11.044000+00:00,dr03,sg15,4,1,obt-collector1,0/0/CPU0,4,0,0,NBIH,NBIH TxTotPktCnt,0,false,60,12,true

2020-02-05 01:52:11.046000+00:00,dr03,sg15,5,1,obt-collector1,0/0/CPU0,5,0,0,NBIH,NBIH TxTotPktCnt,148856182387,false,60,12,true

2020-02-05 01:52:11.056000+00:00,dr03,sg15,0,1,obt-collector1,0/1/CPU0,0,0,1,NBIH,NBIH TxTotPktCnt,56689552099,false,60,12,true

2020-02-05 01:52:11.058000+00:00,dr03,sg15,1,1,obt-collector1,0/1/CPU0,1,0,1,NBIH,NBIH TxTotPktCnt,0,false,60,12,true

2020-02-05 01:52:11.061000+00:00,dr03,sg15,2,1,obt-collector1,0/1/CPU0,2,0,1,NBIH,NBIH TxTotPktCnt,0,false,60,12,true

2020-02-05 01:52:11.063000+00:00,dr03,sg15,3,1,obt-collector1,0/1/CPU0,3,0,1,NBIH,NBIH TxTotPktCnt,0,false,60,12,true

2020-02-05 01:52:11.065000+00:00,dr03,sg15,4,1,obt-collector1,0/1/CPU0,4,0,1,NBIH,NBIH TxTotPktCnt,0,false,60,12,true

2020-02-05 01:52:11.068000+00:00,dr03,sg15,5,1,obt-collector1,0/1/CPU0,5,0,1,NBIH,NBIH TxTotPktCnt,166867787343,false,60,12,true

2020-02-05 01:52:32.046000+00:00,dr03,sg15,0,1,obt-collector1,0/0/CPU0,0,0,0,NBIH,NBIH TxTotPktCnt,12143010574,false,60,12,true

2020-02-05 01:52:32.049000+00:00,dr03,sg15,1,1,obt-collector1,0/0/CPU0,1,0,0,NBIH,NBIH TxTotPktCnt,0,false,60,12,true

2020-02-05 01:52:32.051000+00:00,dr03,sg15,2,1,obt-collector1,0/0/CPU0,2,0,0,NBIH,NBIH TxTotPktCnt,0,false,60,12,true

2020-02-05 01:52:32.054000+00:00,dr03,sg15,3,1,obt-collector1,0/0/CPU0,3,0,0,NBIH,NBIH TxTotPktCnt,0,false,60,12,true

2020-02-05 01:52:32.056000+00:00,dr03,sg15,4,1,obt-collector1,0/0/CPU0,4,0,0,NBIH,NBIH TxTotPktCnt,0,false,60,12,true

2020-02-05 01:52:32.058000+00:00,dr03,sg15,5,1,obt-collector1,0/0/CPU0,5,0,0,NBIH,NBIH TxTotPktCnt,148856401657,false,60,12,true

2020-02-05 01:52:32.068000+00:00,dr03,sg15,0,1,obt-collector1,0/1/CPU0,0,0,1,NBIH,NBIH TxTotPktCnt,56689552099,false,60,12,true

2020-02-05 01:52:32.070000+00:00,dr03,sg15,1,1,obt-collector1,0/1/CPU0,1,0,1,NBIH,NBIH TxTotPktCnt,0,false,60,12,true

2020-02-05 01:52:32.072000+00:00,dr03,sg15,2,1,obt-collector1,0/1/CPU0,2,0,1,NBIH,NBIH TxTotPktCnt,0,false,60,12,true

2020-02-05 01:52:32.075000+00:00,dr03,sg15,3,1,obt-collector1,0/1/CPU0,3,0,1,NBIH,NBIH TxTotPktCnt,0,false,60,12,true

2020-02-05 01:52:32.077000+00:00,dr03,sg15,4,1,obt-collector1,0/1/CPU0,4,0,1,NBIH,NBIH TxTotPktCnt,0,false,60,12,true

2020-02-05 01:52:32.079000+00:00,dr03,sg15,5,1,obt-collector1,0/1/CPU0,5,0,1,NBIH,NBIH TxTotPktCnt,166867787343,false,60,12,true

2020-02-05 01:52:53.203000+00:00,dr03,sg15,0,1,obt-collector1,0/0/CPU0,0,0,0,NBIH,NBIH TxTotPktCnt,12143010979,false,60,12,true

2020-02-05 01:52:53.206000+00:00,dr03,sg15,1,1,obt-collector1,0/0/CPU0,1,0,0,NBIH,NBIH TxTotPktCnt,0,false,60,12,true

2020-02-05 01:52:53.208000+00:00,dr03,sg15,2,1,obt-collector1,0/0/CPU0,2,0,0,NBIH,NBIH TxTotPktCnt,0,false,60,12,true

2020-02-05 01:52:53.210000+00:00,dr03,sg15,3,1,obt-collector1,0/0/CPU0,3,0,0,NBIH,NBIH TxTotPktCnt,0,false,60,12,true

2020-02-05 01:52:53.213000+00:00,dr03,sg15,4,1,obt-collector1,0/0/CPU0,4,0,0,NBIH,NBIH TxTotPktCnt,0,false,60,12,true

2020-02-05 01:52:53.215000+00:00,dr03,sg15,5,1,obt-collector1,0/0/CPU0,5,0,0,NBIH,NBIH TxTotPktCnt,148856646976,false,60,12,true

2020-02-05 01:52:53.225000+00:00,dr03,sg15,0,1,obt-collector1,0/1/CPU0,0,0,1,NBIH,NBIH TxTotPktCnt,56689807975,false,60,12,true

2020-02-05 01:52:53.227000+00:00,dr03,sg15,1,1,obt-collector1,0/1/CPU0,1,0,1,NBIH,NBIH TxTotPktCnt,0,false,60,12,true

2020-02-05 01:52:53.229000+00:00,dr03,sg15,2,1,obt-collector1,0/1/CPU0,2,0,1,NBIH,NBIH TxTotPktCnt,0,false,60,12,true

2020-02-05 01:52:53.232000+00:00,dr03,sg15,3,1,obt-collector1,0/1/CPU0,3,0,1,NBIH,NBIH TxTotPktCnt,0,false,60,12,true

2020-02-05 01:52:53.234000+00:00,dr03,sg15,4,1,obt-collector1,0/1/CPU0,4,0,1,NBIH,NBIH TxTotPktCnt,0,false,60,12,true

2020-02-05 01:52:53.236000+00:00,dr03,sg15,5,1,obt-collector1,0/1/CPU0,5,0,1,NBIH,NBIH TxTotPktCnt,166868299162,false,60,12,true

2020-02-05 01:53:14.524000+00:00,dr03,sg15,0,1,obt-collector1,0/0/CPU0,0,0,0,NBIH,NBIH TxTotPktCnt,12143010979,false,60,12,true

2020-02-05 01:53:14.527000+00:00,dr03,sg15,1,1,obt-collector1,0/0/CPU0,1,0,0,NBIH,NBIH TxTotPktCnt,0,false,60,12,true

2020-02-05 01:53:14.529000+00:00,dr03,sg15,2,1,obt-collector1,0/0/CPU0,2,0,0,NBIH,NBIH TxTotPktCnt,0,false,60,12,true

2020-02-05 01:53:14.532000+00:00,dr03,sg15,3,1,obt-collector1,0/0/CPU0,3,0,0,NBIH,NBIH TxTotPktCnt,0,false,60,12,true

2020-02-05 01:53:14.534000+00:00,dr03,sg15,4,1,obt-collector1,0/0/CPU0,4,0,0,NBIH,NBIH TxTotPktCnt,0,false,60,12,true

2020-02-05 01:53:14.537000+00:00,dr03,sg15,5,1,obt-collector1,0/0/CPU0,5,0,0,NBIH,NBIH TxTotPktCnt,148856646976,false,60,12,true

2020-02-05 01:53:14.546000+00:00,dr03,sg15,0,1,obt-collector1,0/1/CPU0,0,0,1,NBIH,NBIH TxTotPktCnt,56690090503,false,60,12,true

2020-02-05 01:53:14.549000+00:00,dr03,sg15,1,1,obt-collector1,0/1/CPU0,1,0,1,NBIH,NBIH TxTotPktCnt,0,false,60,12,true

2020-02-05 01:53:14.551000+00:00,dr03,sg15,2,1,obt-collector1,0/1/CPU0,2,0,1,NBIH,NBIH TxTotPktCnt,0,false,60,12,true

2020-02-05 01:53:14.553000+00:00,dr03,sg15,3,1,obt-collector1,0/1/CPU0,3,0,1,NBIH,NBIH TxTotPktCnt,0,false,60,12,true

2020-02-05 01:53:14.556000+00:00,dr03,sg15,4,1,obt-collector1,0/1/CPU0,4,0,1,NBIH,NBIH TxTotPktCnt,0,false,60,12,true

2020-02-05 01:53:14.558000+00:00,dr03,sg15,5,1,obt-collector1,0/1/CPU0,5,0,1,NBIH,NBIH TxTotPktCnt,166868831988,false,60,12,true

2020-02-05 01:53:35.542000+00:00,dr03,sg15,0,1,obt-collector1,0/0/CPU0,0,0,0,NBIH,NBIH TxTotPktCnt,12143011371,false,60,12,true

2020-02-05 01:53:35.544000+00:00,dr03,sg15,1,1,obt-collector1,0/0/CPU0,1,0,0,NBIH,NBIH TxTotPktCnt,0,false,60,12,true

2020-02-05 01:53:35.546000+00:00,dr03,sg15,2,1,obt-collector1,0/0/CPU0,2,0,0,NBIH,NBIH TxTotPktCnt,0,false,60,12,true

2020-02-05 01:53:35.549000+00:00,dr03,sg15,3,1,obt-collector1,0/0/CPU0,3,0,0,NBIH,NBIH TxTotPktCnt,0,false,60,12,true

2020-02-05 01:53:35.551000+00:00,dr03,sg15,4,1,obt-collector1,0/0/CPU0,4,0,0,NBIH,NBIH TxTotPktCnt,0,false,60,12,true

2020-02-05 01:53:35.553000+00:00,dr03,sg15,5,1,obt-collector1,0/0/CPU0,5,0,0,NBIH,NBIH TxTotPktCnt,148856875092,false,60,12,true

2020-02-05 01:53:35.563000+00:00,dr03,sg15,0,1,obt-collector1,0/1/CPU0,0,0,1,NBIH,NBIH TxTotPktCnt,56690090503,false,60,12,true

2020-02-05 01:53:35.565000+00:00,dr03,sg15,1,1,obt-collector1,0/1/CPU0,1,0,1,NBIH,NBIH TxTotPktCnt,0,false,60,12,true

2020-02-05 01:53:35.567000+00:00,dr03,sg15,2,1,obt-collector1,0/1/CPU0,2,0,1,NBIH,NBIH TxTotPktCnt,0,false,60,12,true

2020-02-05 01:53:35.570000+00:00,dr03,sg15,3,1,obt-collector1,0/1/CPU0,3,0,1,NBIH,NBIH TxTotPktCnt,0,false,60,12,true

2020-02-05 01:53:35.572000+00:00,dr03,sg15,4,1,obt-collector1,0/1/CPU0,4,0,1,NBIH,NBIH TxTotPktCnt,0,false,60,12,true

2020-02-05 01:53:35.574000+00:00,dr03,sg15,5,1,obt-collector1,0/1/CPU0,5,0,1,NBIH,NBIH TxTotPktCnt,166868831988,false,60,12,true

2020-02-05 01:53:56.695000+00:00,dr03,sg15,0,1,obt-collector1,0/0/CPU0,0,0,0,NBIH,NBIH TxTotPktCnt,12143011777,false,60,12,true

2020-02-05 01:53:56.697000+00:00,dr03,sg15,1,1,obt-collector1,0/0/CPU0,1,0,0,NBIH,NBIH TxTotPktCnt,0,false,60,12,true

2020-02-05 01:53:56.700000+00:00,dr03,sg15,2,1,obt-collector1,0/0/CPU0,2,0,0,NBIH,NBIH TxTotPktCnt,0,false,60,12,true

2020-02-05 01:53:56.702000+00:00,dr03,sg15,3,1,obt-collector1,0/0/CPU0,3,0,0,NBIH,NBIH TxTotPktCnt,0,false,60,12,true

2020-02-05 01:53:56.704000+00:00,dr03,sg15,4,1,obt-collector1,0/0/CPU0,4,0,0,NBIH,NBIH TxTotPktCnt,0,false,60,12,true

2020-02-05 01:53:56.707000+00:00,dr03,sg15,5,1,obt-collector1,0/0/CPU0,5,0,0,NBIH,NBIH TxTotPktCnt,148857125423,false,60,12,true

2020-02-05 01:53:56.716000+00:00,dr03,sg15,0,1,obt-collector1,0/1/CPU0,0,0,1,NBIH,NBIH TxTotPktCnt,56690347332,false,60,12,true

2020-02-05 01:53:56.718000+00:00,dr03,sg15,1,1,obt-collector1,0/1/CPU0,1,0,1,NBIH,NBIH TxTotPktCnt,0,false,60,12,true

2020-02-05 01:53:56.721000+00:00,dr03,sg15,2,1,obt-collector1,0/1/CPU0,2,0,1,NBIH,NBIH TxTotPktCnt,0,false,60,12,true

2020-02-05 01:53:56.723000+00:00,dr03,sg15,3,1,obt-collector1,0/1/CPU0,3,0,1,NBIH,NBIH TxTotPktCnt,0,false,60,12,true

2020-02-05 01:53:56.725000+00:00,dr03,sg15,4,1,obt-collector1,0/1/CPU0,4,0,1,NBIH,NBIH TxTotPktCnt,0,false,60,12,true

2020-02-05 01:53:56.728000+00:00,dr03,sg15,5,1,obt-collector1,0/1/CPU0,5,0,1,NBIH,NBIH TxTotPktCnt,166869326085,false,60,12,true

2020-02-05 01:54:17.993000+00:00,dr03,sg15,0,1,obt-collector1,0/0/CPU0,0,0,0,NBIH,NBIH TxTotPktCnt,12143011777,false,60,12,true

2020-02-05 01:54:17.995000+00:00,dr03,sg15,1,1,obt-collector1,0/0/CPU0,1,0,0,NBIH,NBIH TxTotPktCnt,0,false,60,12,true

2020-02-05 01:54:17.997000+00:00,dr03,sg15,2,1,obt-collector1,0/0/CPU0,2,0,0,NBIH,NBIH TxTotPktCnt,0,false,60,12,true

2020-02-05 01:54:17.999000+00:00,dr03,sg15,3,1,obt-collector1,0/0/CPU0,3,0,0,NBIH,NBIH TxTotPktCnt,0,false,60,12,true

2020-02-05 01:54:18.002000+00:00,dr03,sg15,4,1,obt-collector1,0/0/CPU0,4,0,0,NBIH,NBIH TxTotPktCnt,0,false,60,12,true

2020-02-05 01:54:18.004000+00:00,dr03,sg15,5,1,obt-collector1,0/0/CPU0,5,0,0,NBIH,NBIH TxTotPktCnt,148857125423,false,60,12,true

2020-02-05 01:54:18.013000+00:00,dr03,sg15,0,1,obt-collector1,0/1/CPU0,0,0,1,NBIH,NBIH TxTotPktCnt,56690618439,false,60,12,true

2020-02-05 01:54:18.016000+00:00,dr03,sg15,1,1,obt-collector1,0/1/CPU0,1,0,1,NBIH,NBIH TxTotPktCnt,0,false,60,12,true

2020-02-05 01:54:18.018000+00:00,dr03,sg15,2,1,obt-collector1,0/1/CPU0,2,0,1,NBIH,NBIH TxTotPktCnt,0,false,60,12,true

2020-02-05 01:54:18.020000+00:00,dr03,sg15,3,1,obt-collector1,0/1/CPU0,3,0,1,NBIH,NBIH TxTotPktCnt,0,false,60,12,true

2020-02-05 01:54:18.023000+00:00,dr03,sg15,4,1,obt-collector1,0/1/CPU0,4,0,1,NBIH,NBIH TxTotPktCnt,0,false,60,12,true

2020-02-05 01:54:18.025000+00:00,dr03,sg15,5,1,obt-collector1,0/1/CPU0,5,0,1,NBIH,NBIH TxTotPktCnt,166869881811,false,60,12,true

2020-02-05 01:54:38.998000+00:00,dr03,sg15,0,1,obt-collector1,0/0/CPU0,0,0,0,NBIH,NBIH TxTotPktCnt,12143012169,false,60,12,true

2020-02-05 01:54:39+00:00,dr03,sg15,1,1,obt-collector1,0/0/CPU0,1,0,0,NBIH,NBIH TxTotPktCnt,0,false,60,12,true

2020-02-05 01:54:39.003000+00:00,dr03,sg15,2,1,obt-collector1,0/0/CPU0,2,0,0,NBIH,NBIH TxTotPktCnt,0,false,60,12,true

2020-02-05 01:54:39.005000+00:00,dr03,sg15,3,1,obt-collector1,0/0/CPU0,3,0,0,NBIH,NBIH TxTotPktCnt,0,false,60,12,true

2020-02-05 01:54:39.008000+00:00,dr03,sg15,4,1,obt-collector1,0/0/CPU0,4,0,0,NBIH,NBIH TxTotPktCnt,0,false,60,12,true

2020-02-05 01:54:39.010000+00:00,dr03,sg15,5,1,obt-collector1,0/0/CPU0,5,0,0,NBIH,NBIH TxTotPktCnt,148857339054,false,60,12,true

2020-02-05 01:54:39.020000+00:00,dr03,sg15,0,1,obt-collector1,0/1/CPU0,0,0,1,NBIH,NBIH TxTotPktCnt,56690618439,false,60,12,true

2020-02-05 01:54:39.022000+00:00,dr03,sg15,1,1,obt-collector1,0/1/CPU0,1,0,1,NBIH,NBIH TxTotPktCnt,0,false,60,12,true

2020-02-05 01:54:39.025000+00:00,dr03,sg15,2,1,obt-collector1,0/1/CPU0,2,0,1,NBIH,NBIH TxTotPktCnt,0,false,60,12,true

2020-02-05 01:54:39.027000+00:00,dr03,sg15,3,1,obt-collector1,0/1/CPU0,3,0,1,NBIH,NBIH TxTotPktCnt,0,false,60,12,true

2020-02-05 01:54:39.029000+00:00,dr03,sg15,4,1,obt-collector1,0/1/CPU0,4,0,1,NBIH,NBIH TxTotPktCnt,0,false,60,12,true

2020-02-05 01:54:39.032000+00:00,dr03,sg15,5,1,obt-collector1,0/1/CPU0,5,0,1,NBIH,NBIH TxTotPktCnt,166869881811,false,60,12,true

2020-02-05 01:55:00.154000+00:00,dr03,sg15,0,1,obt-collector1,0/0/CPU0,0,0,0,NBIH,NBIH TxTotPktCnt,12143012581,false,60,12,true

2020-02-05 01:55:00.156000+00:00,dr03,sg15,1,1,obt-collector1,0/0/CPU0,1,0,0,NBIH,NBIH TxTotPktCnt,0,false,60,12,true

2020-02-05 01:55:00.158000+00:00,dr03,sg15,2,1,obt-collector1,0/0/CPU0,2,0,0,NBIH,NBIH TxTotPktCnt,0,false,60,12,true

2020-02-05 01:55:00.161000+00:00,dr03,sg15,3,1,obt-collector1,0/0/CPU0,3,0,0,NBIH,NBIH TxTotPktCnt,0,false,60,12,true

2020-02-05 01:55:00.163000+00:00,dr03,sg15,4,1,obt-collector1,0/0/CPU0,4,0,0,NBIH,NBIH TxTotPktCnt,0,false,60,12,true

2020-02-05 01:55:00.166000+00:00,dr03,sg15,5,1,obt-collector1,0/0/CPU0,5,0,0,NBIH,NBIH TxTotPktCnt,148857588562,false,60,12,true

2020-02-05 01:55:00.175000+00:00,dr03,sg15,0,1,obt-collector1,0/1/CPU0,0,0,1,NBIH,NBIH TxTotPktCnt,56690883909,false,60,12,true

2020-02-05 01:55:00.177000+00:00,dr03,sg15,1,1,obt-collector1,0/1/CPU0,1,0,1,NBIH,NBIH TxTotPktCnt,0,false,60,12,true

2020-02-05 01:55:00.180000+00:00,dr03,sg15,2,1,obt-collector1,0/1/CPU0,2,0,1,NBIH,NBIH TxTotPktCnt,0,false,60,12,true

2020-02-05 01:55:00.182000+00:00,dr03,sg15,3,1,obt-collector1,0/1/CPU0,3,0,1,NBIH,NBIH TxTotPktCnt,0,false,60,12,true

2020-02-05 01:55:00.184000+00:00,dr03,sg15,4,1,obt-collector1,0/1/CPU0,4,0,1,NBIH,NBIH TxTotPktCnt,0,false,60,12,true

2020-02-05 01:55:00.187000+00:00,dr03,sg15,5,1,obt-collector1,0/1/CPU0,5,0,1,NBIH,NBIH TxTotPktCnt,166870389627,false,60,12,true

2020-02-05 01:55:21.458000+00:00,dr03,sg15,0,1,obt-collector1,0/0/CPU0,0,0,0,NBIH,NBIH TxTotPktCnt,12143012581,false,60,12,true

2020-02-05 01:55:21.460000+00:00,dr03,sg15,1,1,obt-collector1,0/0/CPU0,1,0,0,NBIH,NBIH TxTotPktCnt,0,false,60,12,true

2020-02-05 01:55:21.462000+00:00,dr03,sg15,2,1,obt-collector1,0/0/CPU0,2,0,0,NBIH,NBIH TxTotPktCnt,0,false,60,12,true

2020-02-05 01:55:21.465000+00:00,dr03,sg15,3,1,obt-collector1,0/0/CPU0,3,0,0,NBIH,NBIH TxTotPktCnt,0,false,60,12,true

2020-02-05 01:55:21.467000+00:00,dr03,sg15,4,1,obt-collector1,0/0/CPU0,4,0,0,NBIH,NBIH TxTotPktCnt,0,false,60,12,true

2020-02-05 01:55:21.469000+00:00,dr03,sg15,5,1,obt-collector1,0/0/CPU0,5,0,0,NBIH,NBIH TxTotPktCnt,148857588562,false,60,12,true

2020-02-05 01:55:21.479000+00:00,dr03,sg15,0,1,obt-collector1,0/1/CPU0,0,0,1,NBIH,NBIH TxTotPktCnt,56691157176,false,60,12,true

2020-02-05 01:55:21.481000+00:00,dr03,sg15,1,1,obt-collector1,0/1/CPU0,1,0,1,NBIH,NBIH TxTotPktCnt,0,false,60,12,true

2020-02-05 01:55:21.484000+00:00,dr03,sg15,2,1,obt-collector1,0/1/CPU0,2,0,1,NBIH,NBIH TxTotPktCnt,0,false,60,12,true

2020-02-05 01:55:21.486000+00:00,dr03,sg15,3,1,obt-collector1,0/1/CPU0,3,0,1,NBIH,NBIH TxTotPktCnt,0,false,60,12,true

2020-02-05 01:55:21.488000+00:00,dr03,sg15,4,1,obt-collector1,0/1/CPU0,4,0,1,NBIH,NBIH TxTotPktCnt,0,false,60,12,true

2020-02-05 01:55:21.491000+00:00,dr03,sg15,5,1,obt-collector1,0/1/CPU0,5,0,1,NBIH,NBIH TxTotPktCnt,166870942646,false,60,12,true

2020-02-05 01:55:42.474000+00:00,dr03,sg15,0,1,obt-collector1,0/0/CPU0,0,0,0,NBIH,NBIH TxTotPktCnt,12143012979,false,60,12,true

2020-02-05 01:55:42.477000+00:00,dr03,sg15,1,1,obt-collector1,0/0/CPU0,1,0,0,NBIH,NBIH TxTotPktCnt,0,false,60,12,true

2020-02-05 01:55:42.479000+00:00,dr03,sg15,2,1,obt-collector1,0/0/CPU0,2,0,0,NBIH,NBIH TxTotPktCnt,0,false,60,12,true

2020-02-05 01:55:42.482000+00:00,dr03,sg15,3,1,obt-collector1,0/0/CPU0,3,0,0,NBIH,NBIH TxTotPktCnt,0,false,60,12,true

2020-02-05 01:55:42.484000+00:00,dr03,sg15,4,1,obt-collector1,0/0/CPU0,4,0,0,NBIH,NBIH TxTotPktCnt,0,false,60,12,true

2020-02-05 01:55:42.486000+00:00,dr03,sg15,5,1,obt-collector1,0/0/CPU0,5,0,0,NBIH,NBIH TxTotPktCnt,148857793752,false,60,12,true

2020-02-05 01:55:42.496000+00:00,dr03,sg15,0,1,obt-collector1,0/1/CPU0,0,0,1,NBIH,NBIH TxTotPktCnt,56691157176,false,60,12,true

2020-02-05 01:55:42.498000+00:00,dr03,sg15,1,1,obt-collector1,0/1/CPU0,1,0,1,NBIH,NBIH TxTotPktCnt,0,false,60,12,true

2020-02-05 01:55:42.500000+00:00,dr03,sg15,2,1,obt-collector1,0/1/CPU0,2,0,1,NBIH,NBIH TxTotPktCnt,0,false,60,12,true

2020-02-05 01:55:42.503000+00:00,dr03,sg15,3,1,obt-collector1,0/1/CPU0,3,0,1,NBIH,NBIH TxTotPktCnt,0,false,60,12,true

2020-02-05 01:55:42.505000+00:00,dr03,sg15,4,1,obt-collector1,0/1/CPU0,4,0,1,NBIH,NBIH TxTotPktCnt,0,false,60,12,true

2020-02-05 01:55:42.507000+00:00,dr03,sg15,5,1,obt-collector1,0/1/CPU0,5,0,1,NBIH,NBIH TxTotPktCnt,166870942646,false,60,12,true

2020-02-05 01:56:03.641000+00:00,dr03,sg15,0,1,obt-collector1,0/0/CPU0,0,0,0,NBIH,NBIH TxTotPktCnt,12143013391,false,60,12,true

2020-02-05 01:56:03.643000+00:00,dr03,sg15,1,1,obt-collector1,0/0/CPU0,1,0,0,NBIH,NBIH TxTotPktCnt,0,false,60,12,true

2020-02-05 01:56:03.646000+00:00,dr03,sg15,2,1,obt-collector1,0/0/CPU0,2,0,0,NBIH,NBIH TxTotPktCnt,0,false,60,12,true

2020-02-05 01:56:03.648000+00:00,dr03,sg15,3,1,obt-collector1,0/0/CPU0,3,0,0,NBIH,NBIH TxTotPktCnt,0,false,60,12,true

2020-02-05 01:56:03.650000+00:00,dr03,sg15,4,1,obt-collector1,0/0/CPU0,4,0,0,NBIH,NBIH TxTotPktCnt,0,false,60,12,true

2020-02-05 01:56:03.653000+00:00,dr03,sg15,5,1,obt-collector1,0/0/CPU0,5,0,0,NBIH,NBIH TxTotPktCnt,148858062846,false,60,12,true

2020-02-05 01:56:03.663000+00:00,dr03,sg15,0,1,obt-collector1,0/1/CPU0,0,0,1,NBIH,NBIH TxTotPktCnt,56691418279,false,60,12,true

2020-02-05 01:56:03.665000+00:00,dr03,sg15,1,1,obt-collector1,0/1/CPU0,1,0,1,NBIH,NBIH TxTotPktCnt,0,false,60,12,true

2020-02-05 01:56:03.667000+00:00,dr03,sg15,2,1,obt-collector1,0/1/CPU0,2,0,1,NBIH,NBIH TxTotPktCnt,0,false,60,12,true

2020-02-05 01:56:03.669000+00:00,dr03,sg15,3,1,obt-collector1,0/1/CPU0,3,0,1,NBIH,NBIH TxTotPktCnt,0,false,60,12,true

2020-02-05 01:56:03.672000+00:00,dr03,sg15,4,1,obt-collector1,0/1/CPU0,4,0,1,NBIH,NBIH TxTotPktCnt,0,false,60,12,true

2020-02-05 01:56:03.674000+00:00,dr03,sg15,5,1,obt-collector1,0/1/CPU0,5,0,1,NBIH,NBIH TxTotPktCnt,166871438385,false,60,12,true

2020-02-05 01:56:25.011000+00:00,dr03,sg15,0,1,obt-collector1,0/0/CPU0,0,0,0,NBIH,NBIH TxTotPktCnt,12143013391,false,60,12,true

2020-02-05 01:56:25.014000+00:00,dr03,sg15,1,1,obt-collector1,0/0/CPU0,1,0,0,NBIH,NBIH TxTotPktCnt,0,false,60,12,true

2020-02-05 01:56:25.016000+00:00,dr03,sg15,2,1,obt-collector1,0/0/CPU0,2,0,0,NBIH,NBIH TxTotPktCnt,0,false,60,12,true

2020-02-05 01:56:25.018000+00:00,dr03,sg15,3,1,obt-collector1,0/0/CPU0,3,0,0,NBIH,NBIH TxTotPktCnt,0,false,60,12,true

2020-02-05 01:56:25.021000+00:00,dr03,sg15,4,1,obt-collector1,0/0/CPU0,4,0,0,NBIH,NBIH TxTotPktCnt,0,false,60,12,true

2020-02-05 01:56:25.023000+00:00,dr03,sg15,5,1,obt-collector1,0/0/CPU0,5,0,0,NBIH,NBIH TxTotPktCnt,148858062846,false,60,12,true

2020-02-05 01:56:25.032000+00:00,dr03,sg15,0,1,obt-collector1,0/1/CPU0,0,0,1,NBIH,NBIH TxTotPktCnt,56691702457,false,60,12,true

2020-02-05 01:56:25.034000+00:00,dr03,sg15,1,1,obt-collector1,0/1/CPU0,1,0,1,NBIH,NBIH TxTotPktCnt,0,false,60,12,true

2020-02-05 01:56:25.037000+00:00,dr03,sg15,2,1,obt-collector1,0/1/CPU0,2,0,1,NBIH,NBIH TxTotPktCnt,0,false,60,12,true

2020-02-05 01:56:25.039000+00:00,dr03,sg15,3,1,obt-collector1,0/1/CPU0,3,0,1,NBIH,NBIH TxTotPktCnt,0,false,60,12,true

2020-02-05 01:56:25.042000+00:00,dr03,sg15,4,1,obt-collector1,0/1/CPU0,4,0,1,NBIH,NBIH TxTotPktCnt,0,false,60,12,true

2020-02-05 01:56:25.044000+00:00,dr03,sg15,5,1,obt-collector1,0/1/CPU0,5,0,1,NBIH,NBIH TxTotPktCnt,166871970514,false,60,12,true

2020-02-05 01:56:45.982000+00:00,dr03,sg15,0,1,obt-collector1,0/0/CPU0,0,0,0,NBIH,NBIH TxTotPktCnt,12143013773,false,60,12,true

2020-02-05 01:56:45.984000+00:00,dr03,sg15,1,1,obt-collector1,0/0/CPU0,1,0,0,NBIH,NBIH TxTotPktCnt,0,false,60,12,true

2020-02-05 01:56:45.986000+00:00,dr03,sg15,2,1,obt-collector1,0/0/CPU0,2,0,0,NBIH,NBIH TxTotPktCnt,0,false,60,12,true

2020-02-05 01:56:45.989000+00:00,dr03,sg15,3,1,obt-collector1,0/0/CPU0,3,0,0,NBIH,NBIH TxTotPktCnt,0,false,60,12,true

2020-02-05 01:56:45.991000+00:00,dr03,sg15,4,1,obt-collector1,0/0/CPU0,4,0,0,NBIH,NBIH TxTotPktCnt,0,false,60,12,true

2020-02-05 01:56:45.993000+00:00,dr03,sg15,5,1,obt-collector1,0/0/CPU0,5,0,0,NBIH,NBIH TxTotPktCnt,148858280894,false,60,12,true

2020-02-05 01:56:46.003000+00:00,dr03,sg15,0,1,obt-collector1,0/1/CPU0,0,0,1,NBIH,NBIH TxTotPktCnt,56691702457,false,60,12,true

2020-02-05 01:56:46.005000+00:00,dr03,sg15,1,1,obt-collector1,0/1/CPU0,1,0,1,NBIH,NBIH TxTotPktCnt,0,false,60,12,true

2020-02-05 01:56:46.008000+00:00,dr03,sg15,2,1,obt-collector1,0/1/CPU0,2,0,1,NBIH,NBIH TxTotPktCnt,0,false,60,12,true

2020-02-05 01:56:46.010000+00:00,dr03,sg15,3,1,obt-collector1,0/1/CPU0,3,0,1,NBIH,NBIH TxTotPktCnt,0,false,60,12,true

2020-02-05 01:56:46.012000+00:00,dr03,sg15,4,1,obt-collector1,0/1/CPU0,4,0,1,NBIH,NBIH TxTotPktCnt,0,false,60,12,true

2020-02-05 01:56:46.015000+00:00,dr03,sg15,5,1,obt-collector1,0/1/CPU0,5,0,1,NBIH,NBIH TxTotPktCnt,166871970514,false,60,12,true

2020-02-05 01:57:07.149000+00:00,dr03,sg15,0,1,obt-collector1,0/0/CPU0,0,0,0,NBIH,NBIH TxTotPktCnt,12143014183,false,60,12,true

2020-02-05 01:57:07.151000+00:00,dr03,sg15,1,1,obt-collector1,0/0/CPU0,1,0,0,NBIH,NBIH TxTotPktCnt,0,false,60,12,true

2020-02-05 01:57:07.154000+00:00,dr03,sg15,2,1,obt-collector1,0/0/CPU0,2,0,0,NBIH,NBIH TxTotPktCnt,0,false,60,12,true

2020-02-05 01:57:07.156000+00:00,dr03,sg15,3,1,obt-collector1,0/0/CPU0,3,0,0,NBIH,NBIH TxTotPktCnt,0,false,60,12,true

2020-02-05 01:57:07.158000+00:00,dr03,sg15,4,1,obt-collector1,0/0/CPU0,4,0,0,NBIH,NBIH TxTotPktCnt,0,false,60,12,true

2020-02-05 01:57:07.161000+00:00,dr03,sg15,5,1,obt-collector1,0/0/CPU0,5,0,0,NBIH,NBIH TxTotPktCnt,148858536815,false,60,12,true

2020-02-05 01:57:07.170000+00:00,dr03,sg15,0,1,obt-collector1,0/1/CPU0,0,0,1,NBIH,NBIH TxTotPktCnt,56691957883,false,60,12,true

2020-02-05 01:57:07.172000+00:00,dr03,sg15,1,1,obt-collector1,0/1/CPU0,1,0,1,NBIH,NBIH TxTotPktCnt,0,false,60,12,true

2020-02-05 01:57:07.175000+00:00,dr03,sg15,2,1,obt-collector1,0/1/CPU0,2,0,1,NBIH,NBIH TxTotPktCnt,0,false,60,12,true

2020-02-05 01:57:07.177000+00:00,dr03,sg15,3,1,obt-collector1,0/1/CPU0,3,0,1,NBIH,NBIH TxTotPktCnt,0,false,60,12,true

2020-02-05 01:57:07.179000+00:00,dr03,sg15,4,1,obt-collector1,0/1/CPU0,4,0,1,NBIH,NBIH TxTotPktCnt,0,false,60,12,true

2020-02-05 01:57:07.182000+00:00,dr03,sg15,5,1,obt-collector1,0/1/CPU0,5,0,1,NBIH,NBIH TxTotPktCnt,166872477617,false,60,12,true

2020-02-05 01:57:28.450000+00:00,dr03,sg15,0,1,obt-collector1,0/0/CPU0,0,0,0,NBIH,NBIH TxTotPktCnt,12143014183,false,60,12,true

2020-02-05 01:57:28.452000+00:00,dr03,sg15,1,1,obt-collector1,0/0/CPU0,1,0,0,NBIH,NBIH TxTotPktCnt,0,false,60,12,true

2020-02-05 01:57:28.454000+00:00,dr03,sg15,2,1,obt-collector1,0/0/CPU0,2,0,0,NBIH,NBIH TxTotPktCnt,0,false,60,12,true

2020-02-05 01:57:28.457000+00:00,dr03,sg15,3,1,obt-collector1,0/0/CPU0,3,0,0,NBIH,NBIH TxTotPktCnt,0,false,60,12,true

2020-02-05 01:57:28.459000+00:00,dr03,sg15,4,1,obt-collector1,0/0/CPU0,4,0,0,NBIH,NBIH TxTotPktCnt,0,false,60,12,true

2020-02-05 01:57:28.461000+00:00,dr03,sg15,5,1,obt-collector1,0/0/CPU0,5,0,0,NBIH,NBIH TxTotPktCnt,148858536815,false,60,12,true

2020-02-05 01:57:28.471000+00:00,dr03,sg15,0,1,obt-collector1,0/1/CPU0,0,0,1,NBIH,NBIH TxTotPktCnt,56692236209,false,60,12,true

2020-02-05 01:57:28.473000+00:00,dr03,sg15,1,1,obt-collector1,0/1/CPU0,1,0,1,NBIH,NBIH TxTotPktCnt,0,false,60,12,true

2020-02-05 01:57:28.476000+00:00,dr03,sg15,2,1,obt-collector1,0/1/CPU0,2,0,1,NBIH,NBIH TxTotPktCnt,0,false,60,12,true

2020-02-05 01:57:28.478000+00:00,dr03,sg15,3,1,obt-collector1,0/1/CPU0,3,0,1,NBIH,NBIH TxTotPktCnt,0,false,60,12,true

2020-02-05 01:57:28.480000+00:00,dr03,sg15,4,1,obt-collector1,0/1/CPU0,4,0,1,NBIH,NBIH TxTotPktCnt,0,false,60,12,true

2020-02-05 01:57:28.483000+00:00,dr03,sg15,5,1,obt-collector1,0/1/CPU0,5,0,1,NBIH,NBIH TxTotPktCnt,166873030784,false,60,12,true

2020-02-05 01:57:49.464000+00:00,dr03,sg15,0,1,obt-collector1,0/0/CPU0,0,0,0,NBIH,NBIH TxTotPktCnt,12143014563,false,60,12,true

2020-02-05 01:57:49.466000+00:00,dr03,sg15,1,1,obt-collector1,0/0/CPU0,1,0,0,NBIH,NBIH TxTotPktCnt,0,false,60,12,true

2020-02-05 01:57:49.468000+00:00,dr03,sg15,2,1,obt-collector1,0/0/CPU0,2,0,0,NBIH,NBIH TxTotPktCnt,0,false,60,12,true

2020-02-05 01:57:49.471000+00:00,dr03,sg15,3,1,obt-collector1,0/0/CPU0,3,0,0,NBIH,NBIH TxTotPktCnt,0,false,60,12,true

2020-02-05 01:57:49.473000+00:00,dr03,sg15,4,1,obt-collector1,0/0/CPU0,4,0,0,NBIH,NBIH TxTotPktCnt,0,false,60,12,true

2020-02-05 01:57:49.475000+00:00,dr03,sg15,5,1,obt-collector1,0/0/CPU0,5,0,0,NBIH,NBIH TxTotPktCnt,148858748100,false,60,12,true

2020-02-05 01:57:49.485000+00:00,dr03,sg15,0,1,obt-collector1,0/1/CPU0,0,0,1,NBIH,NBIH TxTotPktCnt,56692236209,false,60,12,true

2020-02-05 01:57:49.487000+00:00,dr03,sg15,1,1,obt-collector1,0/1/CPU0,1,0,1,NBIH,NBIH TxTotPktCnt,0,false,60,12,true

2020-02-05 01:57:49.489000+00:00,dr03,sg15,2,1,obt-collector1,0/1/CPU0,2,0,1,NBIH,NBIH TxTotPktCnt,0,false,60,12,true

2020-02-05 01:57:49.492000+00:00,dr03,sg15,3,1,obt-collector1,0/1/CPU0,3,0,1,NBIH,NBIH TxTotPktCnt,0,false,60,12,true

2020-02-05 01:57:49.494000+00:00,dr03,sg15,4,1,obt-collector1,0/1/CPU0,4,0,1,NBIH,NBIH TxTotPktCnt,0,false,60,12,true

2020-02-05 01:57:49.497000+00:00,dr03,sg15,5,1,obt-collector1,0/1/CPU0,5,0,1,NBIH,NBIH TxTotPktCnt,166873030784,false,60,12,true

2020-02-05 01:58:10.624000+00:00,dr03,sg15,0,1,obt-collector1,0/0/CPU0,0,0,0,NBIH,NBIH TxTotPktCnt,12143014984,false,60,12,true

2020-02-05 01:58:10.626000+00:00,dr03,sg15,1,1,obt-collector1,0/0/CPU0,1,0,0,NBIH,NBIH TxTotPktCnt,0,false,60,12,true

2020-02-05 01:58:10.629000+00:00,dr03,sg15,2,1,obt-collector1,0/0/CPU0,2,0,0,NBIH,NBIH TxTotPktCnt,0,false,60,12,true

2020-02-05 01:58:10.631000+00:00,dr03,sg15,3,1,obt-collector1,0/0/CPU0,3,0,0,NBIH,NBIH TxTotPktCnt,0,false,60,12,true

2020-02-05 01:58:10.633000+00:00,dr03,sg15,4,1,obt-collector1,0/0/CPU0,4,0,0,NBIH,NBIH TxTotPktCnt,0,false,60,12,true

2020-02-05 01:58:10.636000+00:00,dr03,sg15,5,1,obt-collector1,0/0/CPU0,5,0,0,NBIH,NBIH TxTotPktCnt,148859013183,false,60,12,true

2020-02-05 01:58:10.645000+00:00,dr03,sg15,0,1,obt-collector1,0/1/CPU0,0,0,1,NBIH,NBIH TxTotPktCnt,56692496676,false,60,12,true

2020-02-05 01:58:10.647000+00:00,dr03,sg15,1,1,obt-collector1,0/1/CPU0,1,0,1,NBIH,NBIH TxTotPktCnt,0,false,60,12,true

2020-02-05 01:58:10.650000+00:00,dr03,sg15,2,1,obt-collector1,0/1/CPU0,2,0,1,NBIH,NBIH TxTotPktCnt,0,false,60,12,true

2020-02-05 01:58:10.652000+00:00,dr03,sg15,3,1,obt-collector1,0/1/CPU0,3,0,1,NBIH,NBIH TxTotPktCnt,0,false,60,12,true

2020-02-05 01:58:10.654000+00:00,dr03,sg15,4,1,obt-collector1,0/1/CPU0,4,0,1,NBIH,NBIH TxTotPktCnt,0,false,60,12,true

2020-02-05 01:58:10.656000+00:00,dr03,sg15,5,1,obt-collector1,0/1/CPU0,5,0,1,NBIH,NBIH TxTotPktCnt,166873538410,false,60,12,true

2020-02-05 01:58:31.930000+00:00,dr03,sg15,0,1,obt-collector1,0/0/CPU0,0,0,0,NBIH,NBIH TxTotPktCnt,12143014984,false,60,12,true

2020-02-05 01:58:31.932000+00:00,dr03,sg15,1,1,obt-collector1,0/0/CPU0,1,0,0,NBIH,NBIH TxTotPktCnt,0,false,60,12,true

2020-02-05 01:58:31.935000+00:00,dr03,sg15,2,1,obt-collector1,0/0/CPU0,2,0,0,NBIH,NBIH TxTotPktCnt,0,false,60,12,true

2020-02-05 01:58:31.937000+00:00,dr03,sg15,3,1,obt-collector1,0/0/CPU0,3,0,0,NBIH,NBIH TxTotPktCnt,0,false,60,12,true

2020-02-05 01:58:31.939000+00:00,dr03,sg15,4,1,obt-collector1,0/0/CPU0,4,0,0,NBIH,NBIH TxTotPktCnt,0,false,60,12,true

2020-02-05 01:58:31.942000+00:00,dr03,sg15,5,1,obt-collector1,0/0/CPU0,5,0,0,NBIH,NBIH TxTotPktCnt,148859013183,false,60,12,true

2020-02-05 01:58:31.953000+00:00,dr03,sg15,0,1,obt-collector1,0/1/CPU0,0,0,1,NBIH,NBIH TxTotPktCnt,56692777559,false,60,12,true

2020-02-05 01:58:31.955000+00:00,dr03,sg15,1,1,obt-collector1,0/1/CPU0,1,0,1,NBIH,NBIH TxTotPktCnt,0,false,60,12,true

2020-02-05 01:58:31.958000+00:00,dr03,sg15,2,1,obt-collector1,0/1/CPU0,2,0,1,NBIH,NBIH TxTotPktCnt,0,false,60,12,true

2020-02-05 01:58:31.961000+00:00,dr03,sg15,3,1,obt-collector1,0/1/CPU0,3,0,1,NBIH,NBIH TxTotPktCnt,0,false,60,12,true

2020-02-05 01:58:31.963000+00:00,dr03,sg15,4,1,obt-collector1,0/1/CPU0,4,0,1,NBIH,NBIH TxTotPktCnt,0,false,60,12,true

2020-02-05 01:58:31.966000+00:00,dr03,sg15,5,1,obt-collector1,0/1/CPU0,5,0,1,NBIH,NBIH TxTotPktCnt,166874068763,false,60,12,true

2020-02-05 01:58:52.941000+00:00,dr03,sg15,0,1,obt-collector1,0/0/CPU0,0,0,0,NBIH,NBIH TxTotPktCnt,12143015359,false,60,12,true

2020-02-05 01:58:52.943000+00:00,dr03,sg15,1,1,obt-collector1,0/0/CPU0,1,0,0,NBIH,NBIH TxTotPktCnt,0,false,60,12,true

2020-02-05 01:58:52.946000+00:00,dr03,sg15,2,1,obt-collector1,0/0/CPU0,2,0,0,NBIH,NBIH TxTotPktCnt,0,false,60,12,true

2020-02-05 01:58:52.948000+00:00,dr03,sg15,3,1,obt-collector1,0/0/CPU0,3,0,0,NBIH,NBIH TxTotPktCnt,0,false,60,12,true

2020-02-05 01:58:52.950000+00:00,dr03,sg15,4,1,obt-collector1,0/0/CPU0,4,0,0,NBIH,NBIH TxTotPktCnt,0,false,60,12,true

2020-02-05 01:58:52.953000+00:00,dr03,sg15,5,1,obt-collector1,0/0/CPU0,5,0,0,NBIH,NBIH TxTotPktCnt,148859230576,false,60,12,true

2020-02-05 01:58:52.962000+00:00,dr03,sg15,0,1,obt-collector1,0/1/CPU0,0,0,1,NBIH,NBIH TxTotPktCnt,56692777559,false,60,12,true

2020-02-05 01:58:52.965000+00:00,dr03,sg15,1,1,obt-collector1,0/1/CPU0,1,0,1,NBIH,NBIH TxTotPktCnt,0,false,60,12,true

2020-02-05 01:58:52.967000+00:00,dr03,sg15,2,1,obt-collector1,0/1/CPU0,2,0,1,NBIH,NBIH TxTotPktCnt,0,false,60,12,true

2020-02-05 01:58:52.969000+00:00,dr03,sg15,3,1,obt-collector1,0/1/CPU0,3,0,1,NBIH,NBIH TxTotPktCnt,0,false,60,12,true

2020-02-05 01:58:52.972000+00:00,dr03,sg15,4,1,obt-collector1,0/1/CPU0,4,0,1,NBIH,NBIH TxTotPktCnt,0,false,60,12,true

2020-02-05 01:58:52.974000+00:00,dr03,sg15,5,1,obt-collector1,0/1/CPU0,5,0,1,NBIH,NBIH TxTotPktCnt,166874068763,false,60,12,true

2020-02-05 01:59:14.105000+00:00,dr03,sg15,0,1,obt-collector1,0/0/CPU0,0,0,0,NBIH,NBIH TxTotPktCnt,12143015784,false,60,12,true

2020-02-05 01:59:14.107000+00:00,dr03,sg15,1,1,obt-collector1,0/0/CPU0,1,0,0,NBIH,NBIH TxTotPktCnt,0,false,60,12,true

2020-02-05 01:59:14.110000+00:00,dr03,sg15,2,1,obt-collector1,0/0/CPU0,2,0,0,NBIH,NBIH TxTotPktCnt,0,false,60,12,true

2020-02-05 01:59:14.112000+00:00,dr03,sg15,3,1,obt-collector1,0/0/CPU0,3,0,0,NBIH,NBIH TxTotPktCnt,0,false,60,12,true

2020-02-05 01:59:14.115000+00:00,dr03,sg15,4,1,obt-collector1,0/0/CPU0,4,0,0,NBIH,NBIH TxTotPktCnt,0,false,60,12,true

2020-02-05 01:59:14.117000+00:00,dr03,sg15,5,1,obt-collector1,0/0/CPU0,5,0,0,NBIH,NBIH TxTotPktCnt,148859492377,false,60,12,true

2020-02-05 01:59:14.127000+00:00,dr03,sg15,0,1,obt-collector1,0/1/CPU0,0,0,1,NBIH,NBIH TxTotPktCnt,56693038317,false,60,12,true

2020-02-05 01:59:14.129000+00:00,dr03,sg15,1,1,obt-collector1,0/1/CPU0,1,0,1,NBIH,NBIH TxTotPktCnt,0,false,60,12,true

2020-02-05 01:59:14.131000+00:00,dr03,sg15,2,1,obt-collector1,0/1/CPU0,2,0,1,NBIH,NBIH TxTotPktCnt,0,false,60,12,true

2020-02-05 01:59:14.134000+00:00,dr03,sg15,3,1,obt-collector1,0/1/CPU0,3,0,1,NBIH,NBIH TxTotPktCnt,0,false,60,12,true

2020-02-05 01:59:14.136000+00:00,dr03,sg15,4,1,obt-collector1,0/1/CPU0,4,0,1,NBIH,NBIH TxTotPktCnt,0,false,60,12,true

2020-02-05 01:59:14.139000+00:00,dr03,sg15,5,1,obt-collector1,0/1/CPU0,5,0,1,NBIH,NBIH TxTotPktCnt,166874565347,false,60,12,true

2020-02-05 01:59:35.401000+00:00,dr03,sg15,0,1,obt-collector1,0/0/CPU0,0,0,0,NBIH,NBIH TxTotPktCnt,12143015784,false,60,12,true

2020-02-05 01:59:35.403000+00:00,dr03,sg15,1,1,obt-collector1,0/0/CPU0,1,0,0,NBIH,NBIH TxTotPktCnt,0,false,60,12,true

2020-02-05 01:59:35.406000+00:00,dr03,sg15,2,1,obt-collector1,0/0/CPU0,2,0,0,NBIH,NBIH TxTotPktCnt,0,false,60,12,true

2020-02-05 01:59:35.408000+00:00,dr03,sg15,3,1,obt-collector1,0/0/CPU0,3,0,0,NBIH,NBIH TxTotPktCnt,0,false,60,12,true

2020-02-05 01:59:35.411000+00:00,dr03,sg15,4,1,obt-collector1,0/0/CPU0,4,0,0,NBIH,NBIH TxTotPktCnt,0,false,60,12,true

2020-02-05 01:59:35.413000+00:00,dr03,sg15,5,1,obt-collector1,0/0/CPU0,5,0,0,NBIH,NBIH TxTotPktCnt,148859492377,false,60,12,true

2020-02-05 01:59:35.422000+00:00,dr03,sg15,0,1,obt-collector1,0/1/CPU0,0,0,1,NBIH,NBIH TxTotPktCnt,56693320601,false,60,12,true

2020-02-05 01:59:35.424000+00:00,dr03,sg15,1,1,obt-collector1,0/1/CPU0,1,0,1,NBIH,NBIH TxTotPktCnt,0,false,60,12,true

2020-02-05 01:59:35.427000+00:00,dr03,sg15,2,1,obt-collector1,0/1/CPU0,2,0,1,NBIH,NBIH TxTotPktCnt,0,false,60,12,true

2020-02-05 01:59:35.429000+00:00,dr03,sg15,3,1,obt-collector1,0/1/CPU0,3,0,1,NBIH,NBIH TxTotPktCnt,0,false,60,12,true

2020-02-05 01:59:35.432000+00:00,dr03,sg15,4,1,obt-collector1,0/1/CPU0,4,0,1,NBIH,NBIH TxTotPktCnt,0,false,60,12,true

2020-02-05 01:59:35.435000+00:00,dr03,sg15,5,1,obt-collector1,0/1/CPU0,5,0,1,NBIH,NBIH TxTotPktCnt,166875107450,false,60,12,true

2020-02-05 01:59:56.418000+00:00,dr03,sg15,0,1,obt-collector1,0/0/CPU0,0,0,0,NBIH,NBIH TxTotPktCnt,12143016150,false,60,12,true

2020-02-05 01:59:56.421000+00:00,dr03,sg15,1,1,obt-collector1,0/0/CPU0,1,0,0,NBIH,NBIH TxTotPktCnt,0,false,60,12,true

2020-02-05 01:59:56.423000+00:00,dr03,sg15,2,1,obt-collector1,0/0/CPU0,2,0,0,NBIH,NBIH TxTotPktCnt,0,false,60,12,true

2020-02-05 01:59:56.425000+00:00,dr03,sg15,3,1,obt-collector1,0/0/CPU0,3,0,0,NBIH,NBIH TxTotPktCnt,0,false,60,12,true

2020-02-05 01:59:56.428000+00:00,dr03,sg15,4,1,obt-collector1,0/0/CPU0,4,0,0,NBIH,NBIH TxTotPktCnt,0,false,60,12,true

2020-02-05 01:59:56.430000+00:00,dr03,sg15,5,1,obt-collector1,0/0/CPU0,5,0,0,NBIH,NBIH TxTotPktCnt,148859693691,false,60,12,true

2020-02-05 01:59:56.439000+00:00,dr03,sg15,0,1,obt-collector1,0/1/CPU0,0,0,1,NBIH,NBIH TxTotPktCnt,56693320601,false,60,12,true

2020-02-05 01:59:56.442000+00:00,dr03,sg15,1,1,obt-collector1,0/1/CPU0,1,0,1,NBIH,NBIH TxTotPktCnt,0,false,60,12,true

2020-02-05 01:59:56.444000+00:00,dr03,sg15,2,1,obt-collector1,0/1/CPU0,2,0,1,NBIH,NBIH TxTotPktCnt,0,false,60,12,true

2020-02-05 01:59:56.446000+00:00,dr03,sg15,3,1,obt-collector1,0/1/CPU0,3,0,1,NBIH,NBIH TxTotPktCnt,0,false,60,12,true

2020-02-05 01:59:56.449000+00:00,dr03,sg15,4,1,obt-collector1,0/1/CPU0,4,0,1,NBIH,NBIH TxTotPktCnt,0,false,60,12,true

2020-02-05 01:59:56.451000+00:00,dr03,sg15,5,1,obt-collector1,0/1/CPU0,5,0,1,NBIH,NBIH TxTotPktCnt,166875107450,false,60,12,true

2020-02-05 02:00:17.578000+00:00,dr03,sg15,0,1,obt-collector1,0/0/CPU0,0,0,0,NBIH,NBIH TxTotPktCnt,12143016578,false,60,12,true

2020-02-05 02:00:17.580000+00:00,dr03,sg15,1,1,obt-collector1,0/0/CPU0,1,0,0,NBIH,NBIH TxTotPktCnt,0,false,60,12,true

2020-02-05 02:00:17.583000+00:00,dr03,sg15,2,1,obt-collector1,0/0/CPU0,2,0,0,NBIH,NBIH TxTotPktCnt,0,false,60,12,true

2020-02-05 02:00:17.585000+00:00,dr03,sg15,3,1,obt-collector1,0/0/CPU0,3,0,0,NBIH,NBIH TxTotPktCnt,0,false,60,12,true

2020-02-05 02:00:17.587000+00:00,dr03,sg15,4,1,obt-collector1,0/0/CPU0,4,0,0,NBIH,NBIH TxTotPktCnt,0,false,60,12,true

2020-02-05 02:00:17.590000+00:00,dr03,sg15,5,1,obt-collector1,0/0/CPU0,5,0,0,NBIH,NBIH TxTotPktCnt,148859956153,false,60,12,true

2020-02-05 02:00:17.599000+00:00,dr03,sg15,0,1,obt-collector1,0/1/CPU0,0,0,1,NBIH,NBIH TxTotPktCnt,56693571811,false,60,12,true

2020-02-05 02:00:17.601000+00:00,dr03,sg15,1,1,obt-collector1,0/1/CPU0,1,0,1,NBIH,NBIH TxTotPktCnt,0,false,60,12,true

2020-02-05 02:00:17.604000+00:00,dr03,sg15,2,1,obt-collector1,0/1/CPU0,2,0,1,NBIH,NBIH TxTotPktCnt,0,false,60,12,true

2020-02-05 02:00:17.606000+00:00,dr03,sg15,3,1,obt-collector1,0/1/CPU0,3,0,1,NBIH,NBIH TxTotPktCnt,0,false,60,12,true

2020-02-05 02:00:17.608000+00:00,dr03,sg15,4,1,obt-collector1,0/1/CPU0,4,0,1,NBIH,NBIH TxTotPktCnt,0,false,60,12,true

2020-02-05 02:00:17.610000+00:00,dr03,sg15,5,1,obt-collector1,0/1/CPU0,5,0,1,NBIH,NBIH TxTotPktCnt,166875609341,false,60,12,true

2020-02-05 02:00:38.884000+00:00,dr03,sg15,0,1,obt-collector1,0/0/CPU0,0,0,0,NBIH,NBIH TxTotPktCnt,12143016578,false,60,12,true

2020-02-05 02:00:38.886000+00:00,dr03,sg15,1,1,obt-collector1,0/0/CPU0,1,0,0,NBIH,NBIH TxTotPktCnt,0,false,60,12,true

2020-02-05 02:00:38.889000+00:00,dr03,sg15,2,1,obt-collector1,0/0/CPU0,2,0,0,NBIH,NBIH TxTotPktCnt,0,false,60,12,true

2020-02-05 02:00:38.891000+00:00,dr03,sg15,3,1,obt-collector1,0/0/CPU0,3,0,0,NBIH,NBIH TxTotPktCnt,0,false,60,12,true

2020-02-05 02:00:38.893000+00:00,dr03,sg15,4,1,obt-collector1,0/0/CPU0,4,0,0,NBIH,NBIH TxTotPktCnt,0,false,60,12,true

2020-02-05 02:00:38.896000+00:00,dr03,sg15,5,1,obt-collector1,0/0/CPU0,5,0,0,NBIH,NBIH TxTotPktCnt,148859956153,false,60,12,true

2020-02-05 02:00:38.905000+00:00,dr03,sg15,0,1,obt-collector1,0/1/CPU0,0,0,1,NBIH,NBIH TxTotPktCnt,56693851584,false,60,12,true

2020-02-05 02:00:38.907000+00:00,dr03,sg15,1,1,obt-collector1,0/1/CPU0,1,0,1,NBIH,NBIH TxTotPktCnt,0,false,60,12,true

2020-02-05 02:00:38.910000+00:00,dr03,sg15,2,1,obt-collector1,0/1/CPU0,2,0,1,NBIH,NBIH TxTotPktCnt,0,false,60,12,true

2020-02-05 02:00:38.912000+00:00,dr03,sg15,3,1,obt-collector1,0/1/CPU0,3,0,1,NBIH,NBIH TxTotPktCnt,0,false,60,12,true

2020-02-05 02:00:38.914000+00:00,dr03,sg15,4,1,obt-collector1,0/1/CPU0,4,0,1,NBIH,NBIH TxTotPktCnt,0,false,60,12,true

2020-02-05 02:00:38.917000+00:00,dr03,sg15,5,1,obt-collector1,0/1/CPU0,5,0,1,NBIH,NBIH TxTotPktCnt,166876165119,false,60,12,true

2020-02-05 02:00:59.902000+00:00,dr03,sg15,0,1,obt-collector1,0/0/CPU0,0,0,0,NBIH,NBIH TxTotPktCnt,12143016943,false,60,12,true

2020-02-05 02:00:59.904000+00:00,dr03,sg15,1,1,obt-collector1,0/0/CPU0,1,0,0,NBIH,NBIH TxTotPktCnt,0,false,60,12,true

2020-02-05 02:00:59.907000+00:00,dr03,sg15,2,1,obt-collector1,0/0/CPU0,2,0,0,NBIH,NBIH TxTotPktCnt,0,false,60,12,true

2020-02-05 02:00:59.909000+00:00,dr03,sg15,3,1,obt-collector1,0/0/CPU0,3,0,0,NBIH,NBIH TxTotPktCnt,0,false,60,12,true

2020-02-05 02:00:59.911000+00:00,dr03,sg15,4,1,obt-collector1,0/0/CPU0,4,0,0,NBIH,NBIH TxTotPktCnt,0,false,60,12,true

2020-02-05 02:00:59.914000+00:00,dr03,sg15,5,1,obt-collector1,0/0/CPU0,5,0,0,NBIH,NBIH TxTotPktCnt,148860174537,false,60,12,true

2020-02-05 02:00:59.923000+00:00,dr03,sg15,0,1,obt-collector1,0/1/CPU0,0,0,1,NBIH,NBIH TxTotPktCnt,56693851584,false,60,12,true

2020-02-05 02:00:59.925000+00:00,dr03,sg15,1,1,obt-collector1,0/1/CPU0,1,0,1,NBIH,NBIH TxTotPktCnt,0,false,60,12,true

2020-02-05 02:00:59.927000+00:00,dr03,sg15,2,1,obt-collector1,0/1/CPU0,2,0,1,NBIH,NBIH TxTotPktCnt,0,false,60,12,true

2020-02-05 02:00:59.930000+00:00,dr03,sg15,3,1,obt-collector1,0/1/CPU0,3,0,1,NBIH,NBIH TxTotPktCnt,0,false,60,12,true

2020-02-05 02:00:59.932000+00:00,dr03,sg15,4,1,obt-collector1,0/1/CPU0,4,0,1,NBIH,NBIH TxTotPktCnt,0,false,60,12,true

2020-02-05 02:00:59.934000+00:00,dr03,sg15,5,1,obt-collector1,0/1/CPU0,5,0,1,NBIH,NBIH TxTotPktCnt,166876165119,false,60,12,true

2020-02-05 02:01:21.060000+00:00,dr03,sg15,0,1,obt-collector1,0/0/CPU0,0,0,0,NBIH,NBIH TxTotPktCnt,12143017382,false,60,12,true

2020-02-05 02:01:21.062000+00:00,dr03,sg15,1,1,obt-collector1,0/0/CPU0,1,0,0,NBIH,NBIH TxTotPktCnt,0,false,60,12,true

2020-02-05 02:01:21.065000+00:00,dr03,sg15,2,1,obt-collector1,0/0/CPU0,2,0,0,NBIH,NBIH TxTotPktCnt,0,false,60,12,true

2020-02-05 02:01:21.067000+00:00,dr03,sg15,3,1,obt-collector1,0/0/CPU0,3,0,0,NBIH,NBIH TxTotPktCnt,0,false,60,12,true

2020-02-05 02:01:21.070000+00:00,dr03,sg15,4,1,obt-collector1,0/0/CPU0,4,0,0,NBIH,NBIH TxTotPktCnt,0,false,60,12,true

2020-02-05 02:01:21.072000+00:00,dr03,sg15,5,1,obt-collector1,0/0/CPU0,5,0,0,NBIH,NBIH TxTotPktCnt,148860436566,false,60,12,true

2020-02-05 02:01:21.082000+00:00,dr03,sg15,0,1,obt-collector1,0/1/CPU0,0,0,1,NBIH,NBIH TxTotPktCnt,56694106178,false,60,12,true

2020-02-05 02:01:21.085000+00:00,dr03,sg15,1,1,obt-collector1,0/1/CPU0,1,0,1,NBIH,NBIH TxTotPktCnt,0,false,60,12,true

2020-02-05 02:01:21.087000+00:00,dr03,sg15,2,1,obt-collector1,0/1/CPU0,2,0,1,NBIH,NBIH TxTotPktCnt,0,false,60,12,true

2020-02-05 02:01:21.090000+00:00,dr03,sg15,3,1,obt-collector1,0/1/CPU0,3,0,1,NBIH,NBIH TxTotPktCnt,0,false,60,12,true

2020-02-05 02:01:21.092000+00:00,dr03,sg15,4,1,obt-collector1,0/1/CPU0,4,0,1,NBIH,NBIH TxTotPktCnt,0,false,60,12,true

2020-02-05 02:01:21.094000+00:00,dr03,sg15,5,1,obt-collector1,0/1/CPU0,5,0,1,NBIH,NBIH TxTotPktCnt,166876654916,false,60,12,true

2020-02-05 02:01:42.374000+00:00,dr03,sg15,0,1,obt-collector1,0/0/CPU0,0,0,0,NBIH,NBIH TxTotPktCnt,12143017382,false,60,12,true

2020-02-05 02:01:42.376000+00:00,dr03,sg15,1,1,obt-collector1,0/0/CPU0,1,0,0,NBIH,NBIH TxTotPktCnt,0,false,60,12,true

2020-02-05 02:01:42.378000+00:00,dr03,sg15,2,1,obt-collector1,0/0/CPU0,2,0,0,NBIH,NBIH TxTotPktCnt,0,false,60,12,true

2020-02-05 02:01:42.381000+00:00,dr03,sg15,3,1,obt-collector1,0/0/CPU0,3,0,0,NBIH,NBIH TxTotPktCnt,0,false,60,12,true

2020-02-05 02:01:42.383000+00:00,dr03,sg15,4,1,obt-collector1,0/0/CPU0,4,0,0,NBIH,NBIH TxTotPktCnt,0,false,60,12,true

2020-02-05 02:01:42.385000+00:00,dr03,sg15,5,1,obt-collector1,0/0/CPU0,5,0,0,NBIH,NBIH TxTotPktCnt,148860436566,false,60,12,true

2020-02-05 02:01:42.395000+00:00,dr03,sg15,0,1,obt-collector1,0/1/CPU0,0,0,1,NBIH,NBIH TxTotPktCnt,56694390024,false,60,12,true

2020-02-05 02:01:42.397000+00:00,dr03,sg15,1,1,obt-collector1,0/1/CPU0,1,0,1,NBIH,NBIH TxTotPktCnt,0,false,60,12,true

2020-02-05 02:01:42.399000+00:00,dr03,sg15,2,1,obt-collector1,0/1/CPU0,2,0,1,NBIH,NBIH TxTotPktCnt,0,false,60,12,true

2020-02-05 02:01:42.402000+00:00,dr03,sg15,3,1,obt-collector1,0/1/CPU0,3,0,1,NBIH,NBIH TxTotPktCnt,0,false,60,12,true

2020-02-05 02:01:42.404000+00:00,dr03,sg15,4,1,obt-collector1,0/1/CPU0,4,0,1,NBIH,NBIH TxTotPktCnt,0,false,60,12,true

2020-02-05 02:01:42.406000+00:00,dr03,sg15,5,1,obt-collector1,0/1/CPU0,5,0,1,NBIH,NBIH TxTotPktCnt,166877196338,false,60,12,true

2020-02-05 02:02:03.391000+00:00,dr03,sg15,0,1,obt-collector1,0/0/CPU0,0,0,0,NBIH,NBIH TxTotPktCnt,12143017749,false,60,12,true

2020-02-05 02:02:03.394000+00:00,dr03,sg15,1,1,obt-collector1,0/0/CPU0,1,0,0,NBIH,NBIH TxTotPktCnt,0,false,60,12,true

2020-02-05 02:02:03.396000+00:00,dr03,sg15,2,1,obt-collector1,0/0/CPU0,2,0,0,NBIH,NBIH TxTotPktCnt,0,false,60,12,true

2020-02-05 02:02:03.399000+00:00,dr03,sg15,3,1,obt-collector1,0/0/CPU0,3,0,0,NBIH,NBIH TxTotPktCnt,0,false,60,12,true

2020-02-05 02:02:03.401000+00:00,dr03,sg15,4,1,obt-collector1,0/0/CPU0,4,0,0,NBIH,NBIH TxTotPktCnt,0,false,60,12,true

2020-02-05 02:02:03.403000+00:00,dr03,sg15,5,1,obt-collector1,0/0/CPU0,5,0,0,NBIH,NBIH TxTotPktCnt,148860655637,false,60,12,true

2020-02-05 02:02:03.413000+00:00,dr03,sg15,0,1,obt-collector1,0/1/CPU0,0,0,1,NBIH,NBIH TxTotPktCnt,56694390024,false,60,12,true

2020-02-05 02:02:03.415000+00:00,dr03,sg15,1,1,obt-collector1,0/1/CPU0,1,0,1,NBIH,NBIH TxTotPktCnt,0,false,60,12,true

2020-02-05 02:02:03.417000+00:00,dr03,sg15,2,1,obt-collector1,0/1/CPU0,2,0,1,NBIH,NBIH TxTotPktCnt,0,false,60,12,true

2020-02-05 02:02:03.420000+00:00,dr03,sg15,3,1,obt-collector1,0/1/CPU0,3,0,1,NBIH,NBIH TxTotPktCnt,0,false,60,12,true

2020-02-05 02:02:03.422000+00:00,dr03,sg15,4,1,obt-collector1,0/1/CPU0,4,0,1,NBIH,NBIH TxTotPktCnt,0,false,60,12,true

2020-02-05 02:02:03.424000+00:00,dr03,sg15,5,1,obt-collector1,0/1/CPU0,5,0,1,NBIH,NBIH TxTotPktCnt,166877196338,false,60,12,true

2020-02-05 02:02:24.560000+00:00,dr03,sg15,0,1,obt-collector1,0/0/CPU0,0,0,0,NBIH,NBIH TxTotPktCnt,12143018184,false,60,12,true

2020-02-05 02:02:24.563000+00:00,dr03,sg15,1,1,obt-collector1,0/0/CPU0,1,0,0,NBIH,NBIH TxTotPktCnt,0,false,60,12,true

2020-02-05 02:02:24.565000+00:00,dr03,sg15,2,1,obt-collector1,0/0/CPU0,2,0,0,NBIH,NBIH TxTotPktCnt,0,false,60,12,true

2020-02-05 02:02:24.568000+00:00,dr03,sg15,3,1,obt-collector1,0/0/CPU0,3,0,0,NBIH,NBIH TxTotPktCnt,0,false,60,12,true

2020-02-05 02:02:24.571000+00:00,dr03,sg15,4,1,obt-collector1,0/0/CPU0,4,0,0,NBIH,NBIH TxTotPktCnt,0,false,60,12,true

2020-02-05 02:02:24.573000+00:00,dr03,sg15,5,1,obt-collector1,0/0/CPU0,5,0,0,NBIH,NBIH TxTotPktCnt,148860906958,false,60,12,true

2020-02-05 02:02:24.583000+00:00,dr03,sg15,0,1,obt-collector1,0/1/CPU0,0,0,1,NBIH,NBIH TxTotPktCnt,56694649432,false,60,12,true

2020-02-05 02:02:24.586000+00:00,dr03,sg15,1,1,obt-collector1,0/1/CPU0,1,0,1,NBIH,NBIH TxTotPktCnt,0,false,60,12,true

2020-02-05 02:02:24.589000+00:00,dr03,sg15,2,1,obt-collector1,0/1/CPU0,2,0,1,NBIH,NBIH TxTotPktCnt,0,false,60,12,true

2020-02-05 02:02:24.591000+00:00,dr03,sg15,3,1,obt-collector1,0/1/CPU0,3,0,1,NBIH,NBIH TxTotPktCnt,0,false,60,12,true

2020-02-05 02:02:24.594000+00:00,dr03,sg15,4,1,obt-collector1,0/1/CPU0,4,0,1,NBIH,NBIH TxTotPktCnt,0,false,60,12,true

2020-02-05 02:02:24.596000+00:00,dr03,sg15,5,1,obt-collector1,0/1/CPU0,5,0,1,NBIH,NBIH TxTotPktCnt,166877708242,false,60,12,true

2020-02-05 02:02:45.860000+00:00,dr03,sg15,0,1,obt-collector1,0/0/CPU0,0,0,0,NBIH,NBIH TxTotPktCnt,12143018184,false,60,12,true

2020-02-05 02:02:45.863000+00:00,dr03,sg15,1,1,obt-collector1,0/0/CPU0,1,0,0,NBIH,NBIH TxTotPktCnt,0,false,60,12,true

2020-02-05 02:02:45.865000+00:00,dr03,sg15,2,1,obt-collector1,0/0/CPU0,2,0,0,NBIH,NBIH TxTotPktCnt,0,false,60,12,true

2020-02-05 02:02:45.868000+00:00,dr03,sg15,3,1,obt-collector1,0/0/CPU0,3,0,0,NBIH,NBIH TxTotPktCnt,0,false,60,12,true

2020-02-05 02:02:45.870000+00:00,dr03,sg15,4,1,obt-collector1,0/0/CPU0,4,0,0,NBIH,NBIH TxTotPktCnt,0,false,60,12,true

2020-02-05 02:02:45.873000+00:00,dr03,sg15,5,1,obt-collector1,0/0/CPU0,5,0,0,NBIH,NBIH TxTotPktCnt,148860906958,false,60,12,true

2020-02-05 02:02:45.882000+00:00,dr03,sg15,0,1,obt-collector1,0/1/CPU0,0,0,1,NBIH,NBIH TxTotPktCnt,56694932065,false,60,12,true

2020-02-05 02:02:45.885000+00:00,dr03,sg15,1,1,obt-collector1,0/1/CPU0,1,0,1,NBIH,NBIH TxTotPktCnt,0,false,60,12,true

2020-02-05 02:02:45.887000+00:00,dr03,sg15,2,1,obt-collector1,0/1/CPU0,2,0,1,NBIH,NBIH TxTotPktCnt,0,false,60,12,true

2020-02-05 02:02:45.889000+00:00,dr03,sg15,3,1,obt-collector1,0/1/CPU0,3,0,1,NBIH,NBIH TxTotPktCnt,0,false,60,12,true

2020-02-05 02:02:45.891000+00:00,dr03,sg15,4,1,obt-collector1,0/1/CPU0,4,0,1,NBIH,NBIH TxTotPktCnt,0,false,60,12,true

2020-02-05 02:02:45.894000+00:00,dr03,sg15,5,1,obt-collector1,0/1/CPU0,5,0,1,NBIH,NBIH TxTotPktCnt,166878253195,false,60,12,true

2020-02-05 02:03:06.863000+00:00,dr03,sg15,0,1,obt-collector1,0/0/CPU0,0,0,0,NBIH,NBIH TxTotPktCnt,12143018547,false,60,12,true

2020-02-05 02:03:06.866000+00:00,dr03,sg15,1,1,obt-collector1,0/0/CPU0,1,0,0,NBIH,NBIH TxTotPktCnt,0,false,60,12,true

2020-02-05 02:03:06.868000+00:00,dr03,sg15,2,1,obt-collector1,0/0/CPU0,2,0,0,NBIH,NBIH TxTotPktCnt,0,false,60,12,true

2020-02-05 02:03:06.870000+00:00,dr03,sg15,3,1,obt-collector1,0/0/CPU0,3,0,0,NBIH,NBIH TxTotPktCnt,0,false,60,12,true

2020-02-05 02:03:06.873000+00:00,dr03,sg15,4,1,obt-collector1,0/0/CPU0,4,0,0,NBIH,NBIH TxTotPktCnt,0,false,60,12,true

2020-02-05 02:03:06.875000+00:00,dr03,sg15,5,1,obt-collector1,0/0/CPU0,5,0,0,NBIH,NBIH TxTotPktCnt,148861134855,false,60,12,true

2020-02-05 02:03:06.884000+00:00,dr03,sg15,0,1,obt-collector1,0/1/CPU0,0,0,1,NBIH,NBIH TxTotPktCnt,56694932065,false,60,12,true

2020-02-05 02:03:06.887000+00:00,dr03,sg15,1,1,obt-collector1,0/1/CPU0,1,0,1,NBIH,NBIH TxTotPktCnt,0,false,60,12,true

2020-02-05 02:03:06.889000+00:00,dr03,sg15,2,1,obt-collector1,0/1/CPU0,2,0,1,NBIH,NBIH TxTotPktCnt,0,false,60,12,true

2020-02-05 02:03:06.891000+00:00,dr03,sg15,3,1,obt-collector1,0/1/CPU0,3,0,1,NBIH,NBIH TxTotPktCnt,0,false,60,12,true

2020-02-05 02:03:06.894000+00:00,dr03,sg15,4,1,obt-collector1,0/1/CPU0,4,0,1,NBIH,NBIH TxTotPktCnt,0,false,60,12,true

2020-02-05 02:03:06.896000+00:00,dr03,sg15,5,1,obt-collector1,0/1/CPU0,5,0,1,NBIH,NBIH TxTotPktCnt,166878253195,false,60,12,true

2020-02-05 02:03:28.025000+00:00,dr03,sg15,0,1,obt-collector1,0/0/CPU0,0,0,0,NBIH,NBIH TxTotPktCnt,12143018979,false,60,12,true

2020-02-05 02:03:28.028000+00:00,dr03,sg15,1,1,obt-collector1,0/0/CPU0,1,0,0,NBIH,NBIH TxTotPktCnt,0,false,60,12,true

2020-02-05 02:03:28.030000+00:00,dr03,sg15,2,1,obt-collector1,0/0/CPU0,2,0,0,NBIH,NBIH TxTotPktCnt,0,false,60,12,true

2020-02-05 02:03:28.032000+00:00,dr03,sg15,3,1,obt-collector1,0/0/CPU0,3,0,0,NBIH,NBIH TxTotPktCnt,0,false,60,12,true

2020-02-05 02:03:28.035000+00:00,dr03,sg15,4,1,obt-collector1,0/0/CPU0,4,0,0,NBIH,NBIH TxTotPktCnt,0,false,60,12,true

2020-02-05 02:03:28.037000+00:00,dr03,sg15,5,1,obt-collector1,0/0/CPU0,5,0,0,NBIH,NBIH TxTotPktCnt,148861396771,false,60,12,true

2020-02-05 02:03:28.046000+00:00,dr03,sg15,0,1,obt-collector1,0/1/CPU0,0,0,1,NBIH,NBIH TxTotPktCnt,56695191327,false,60,12,true

2020-02-05 02:03:28.049000+00:00,dr03,sg15,1,1,obt-collector1,0/1/CPU0,1,0,1,NBIH,NBIH TxTotPktCnt,0,false,60,12,true

2020-02-05 02:03:28.051000+00:00,dr03,sg15,2,1,obt-collector1,0/1/CPU0,2,0,1,NBIH,NBIH TxTotPktCnt,0,false,60,12,true

2020-02-05 02:03:28.053000+00:00,dr03,sg15,3,1,obt-collector1,0/1/CPU0,3,0,1,NBIH,NBIH TxTotPktCnt,0,false,60,12,true

2020-02-05 02:03:28.056000+00:00,dr03,sg15,4,1,obt-collector1,0/1/CPU0,4,0,1,NBIH,NBIH TxTotPktCnt,0,false,60,12,true

2020-02-05 02:03:28.058000+00:00,dr03,sg15,5,1,obt-collector1,0/1/CPU0,5,0,1,NBIH,NBIH TxTotPktCnt,166878744243,false,60,12,true

2020-02-05 02:03:49.330000+00:00,dr03,sg15,0,1,obt-collector1,0/0/CPU0,0,0,0,NBIH,NBIH TxTotPktCnt,12143018979,false,60,12,true

2020-02-05 02:03:49.332000+00:00,dr03,sg15,1,1,obt-collector1,0/0/CPU0,1,0,0,NBIH,NBIH TxTotPktCnt,0,false,60,12,true

2020-02-05 02:03:49.334000+00:00,dr03,sg15,2,1,obt-collector1,0/0/CPU0,2,0,0,NBIH,NBIH TxTotPktCnt,0,false,60,12,true

2020-02-05 02:03:49.337000+00:00,dr03,sg15,3,1,obt-collector1,0/0/CPU0,3,0,0,NBIH,NBIH TxTotPktCnt,0,false,60,12,true

2020-02-05 02:03:49.339000+00:00,dr03,sg15,4,1,obt-collector1,0/0/CPU0,4,0,0,NBIH,NBIH TxTotPktCnt,0,false,60,12,true

2020-02-05 02:03:49.341000+00:00,dr03,sg15,5,1,obt-collector1,0/0/CPU0,5,0,0,NBIH,NBIH TxTotPktCnt,148861396771,false,60,12,true

2020-02-05 02:03:49.351000+00:00,dr03,sg15,0,1,obt-collector1,0/1/CPU0,0,0,1,NBIH,NBIH TxTotPktCnt,56695465070,false,60,12,true

2020-02-05 02:03:49.353000+00:00,dr03,sg15,1,1,obt-collector1,0/1/CPU0,1,0,1,NBIH,NBIH TxTotPktCnt,0,false,60,12,true

2020-02-05 02:03:49.355000+00:00,dr03,sg15,2,1,obt-collector1,0/1/CPU0,2,0,1,NBIH,NBIH TxTotPktCnt,0,false,60,12,true

2020-02-05 02:03:49.357000+00:00,dr03,sg15,3,1,obt-collector1,0/1/CPU0,3,0,1,NBIH,NBIH TxTotPktCnt,0,false,60,12,true

2020-02-05 02:03:49.360000+00:00,dr03,sg15,4,1,obt-collector1,0/1/CPU0,4,0,1,NBIH,NBIH TxTotPktCnt,0,false,60,12,true

2020-02-05 02:03:49.362000+00:00,dr03,sg15,5,1,obt-collector1,0/1/CPU0,5,0,1,NBIH,NBIH TxTotPktCnt,166879303324,false,60,12,true

2020-02-05 02:04:10.352000+00:00,dr03,sg15,0,1,obt-collector1,0/0/CPU0,0,0,0,NBIH,NBIH TxTotPktCnt,12143019339,false,60,12,true

2020-02-05 02:04:10.355000+00:00,dr03,sg15,1,1,obt-collector1,0/0/CPU0,1,0,0,NBIH,NBIH TxTotPktCnt,0,false,60,12,true

2020-02-05 02:04:10.357000+00:00,dr03,sg15,2,1,obt-collector1,0/0/CPU0,2,0,0,NBIH,NBIH TxTotPktCnt,0,false,60,12,true

2020-02-05 02:04:10.359000+00:00,dr03,sg15,3,1,obt-collector1,0/0/CPU0,3,0,0,NBIH,NBIH TxTotPktCnt,0,false,60,12,true

2020-02-05 02:04:10.362000+00:00,dr03,sg15,4,1,obt-collector1,0/0/CPU0,4,0,0,NBIH,NBIH TxTotPktCnt,0,false,60,12,true

2020-02-05 02:04:10.364000+00:00,dr03,sg15,5,1,obt-collector1,0/0/CPU0,5,0,0,NBIH,NBIH TxTotPktCnt,148861608231,false,60,12,true

2020-02-05 02:04:10.373000+00:00,dr03,sg15,0,1,obt-collector1,0/1/CPU0,0,0,1,NBIH,NBIH TxTotPktCnt,56695465070,false,60,12,true

2020-02-05 02:04:10.376000+00:00,dr03,sg15,1,1,obt-collector1,0/1/CPU0,1,0,1,NBIH,NBIH TxTotPktCnt,0,false,60,12,true

2020-02-05 02:04:10.378000+00:00,dr03,sg15,2,1,obt-collector1,0/1/CPU0,2,0,1,NBIH,NBIH TxTotPktCnt,0,false,60,12,true

2020-02-05 02:04:10.380000+00:00,dr03,sg15,3,1,obt-collector1,0/1/CPU0,3,0,1,NBIH,NBIH TxTotPktCnt,0,false,60,12,true

2020-02-05 02:04:10.382000+00:00,dr03,sg15,4,1,obt-collector1,0/1/CPU0,4,0,1,NBIH,NBIH TxTotPktCnt,0,false,60,12,true

2020-02-05 02:04:10.385000+00:00,dr03,sg15,5,1,obt-collector1,0/1/CPU0,5,0,1,NBIH,NBIH TxTotPktCnt,166879303324,false,60,12,true

2020-02-05 02:04:31.555000+00:00,dr03,sg15,0,1,obt-collector1,0/0/CPU0,0,0,0,NBIH,NBIH TxTotPktCnt,12143019764,false,60,12,true

2020-02-05 02:04:31.558000+00:00,dr03,sg15,1,1,obt-collector1,0/0/CPU0,1,0,0,NBIH,NBIH TxTotPktCnt,0,false,60,12,true

2020-02-05 02:04:31.560000+00:00,dr03,sg15,2,1,obt-collector1,0/0/CPU0,2,0,0,NBIH,NBIH TxTotPktCnt,0,false,60,12,true

2020-02-05 02:04:31.562000+00:00,dr03,sg15,3,1,obt-collector1,0/0/CPU0,3,0,0,NBIH,NBIH TxTotPktCnt,0,false,60,12,true

2020-02-05 02:04:31.564000+00:00,dr03,sg15,4,1,obt-collector1,0/0/CPU0,4,0,0,NBIH,NBIH TxTotPktCnt,0,false,60,12,true

2020-02-05 02:04:31.567000+00:00,dr03,sg15,5,1,obt-collector1,0/0/CPU0,5,0,0,NBIH,NBIH TxTotPktCnt,148861860698,false,60,12,true

2020-02-05 02:04:31.576000+00:00,dr03,sg15,0,1,obt-collector1,0/1/CPU0,0,0,1,NBIH,NBIH TxTotPktCnt,56695730190,false,60,12,true

2020-02-05 02:04:31.578000+00:00,dr03,sg15,1,1,obt-collector1,0/1/CPU0,1,0,1,NBIH,NBIH TxTotPktCnt,0,false,60,12,true

2020-02-05 02:04:31.581000+00:00,dr03,sg15,2,1,obt-collector1,0/1/CPU0,2,0,1,NBIH,NBIH TxTotPktCnt,0,false,60,12,true

2020-02-05 02:04:31.583000+00:00,dr03,sg15,3,1,obt-collector1,0/1/CPU0,3,0,1,NBIH,NBIH TxTotPktCnt,0,false,60,12,true

2020-02-05 02:04:31.585000+00:00,dr03,sg15,4,1,obt-collector1,0/1/CPU0,4,0,1,NBIH,NBIH TxTotPktCnt,0,false,60,12,true

2020-02-05 02:04:31.588000+00:00,dr03,sg15,5,1,obt-collector1,0/1/CPU0,5,0,1,NBIH,NBIH TxTotPktCnt,166879815612,false,60,12,true

2020-02-05 02:04:52.927000+00:00,dr03,sg15,0,1,obt-collector1,0/0/CPU0,0,0,0,NBIH,NBIH TxTotPktCnt,12143019764,false,60,12,true

2020-02-05 02:04:52.930000+00:00,dr03,sg15,1,1,obt-collector1,0/0/CPU0,1,0,0,NBIH,NBIH TxTotPktCnt,0,false,60,12,true

2020-02-05 02:04:52.932000+00:00,dr03,sg15,2,1,obt-collector1,0/0/CPU0,2,0,0,NBIH,NBIH TxTotPktCnt,0,false,60,12,true

2020-02-05 02:04:52.934000+00:00,dr03,sg15,3,1,obt-collector1,0/0/CPU0,3,0,0,NBIH,NBIH TxTotPktCnt,0,false,60,12,true

2020-02-05 02:04:52.937000+00:00,dr03,sg15,4,1,obt-collector1,0/0/CPU0,4,0,0,NBIH,NBIH TxTotPktCnt,0,false,60,12,true

2020-02-05 02:04:52.939000+00:00,dr03,sg15,5,1,obt-collector1,0/0/CPU0,5,0,0,NBIH,NBIH TxTotPktCnt,148861860698,false,60,12,true

2020-02-05 02:04:52.949000+00:00,dr03,sg15,0,1,obt-collector1,0/1/CPU0,0,0,1,NBIH,NBIH TxTotPktCnt,56696004394,false,60,12,true

2020-02-05 02:04:52.951000+00:00,dr03,sg15,1,1,obt-collector1,0/1/CPU0,1,0,1,NBIH,NBIH TxTotPktCnt,0,false,60,12,true

2020-02-05 02:04:52.953000+00:00,dr03,sg15,2,1,obt-collector1,0/1/CPU0,2,0,1,NBIH,NBIH TxTotPktCnt,0,false,60,12,true

2020-02-05 02:04:52.956000+00:00,dr03,sg15,3,1,obt-collector1,0/1/CPU0,3,0,1,NBIH,NBIH TxTotPktCnt,0,false,60,12,true

2020-02-05 02:04:52.958000+00:00,dr03,sg15,4,1,obt-collector1,0/1/CPU0,4,0,1,NBIH,NBIH TxTotPktCnt,0,false,60,12,true

2020-02-05 02:04:52.960000+00:00,dr03,sg15,5,1,obt-collector1,0/1/CPU0,5,0,1,NBIH,NBIH TxTotPktCnt,166880350645,false,60,12,true

2020-02-05 02:05:13.877000+00:00,dr03,sg15,0,1,obt-collector1,0/0/CPU0,0,0,0,NBIH,NBIH TxTotPktCnt,12143020136,false,60,12,true

2020-02-05 02:05:13.880000+00:00,dr03,sg15,1,1,obt-collector1,0/0/CPU0,1,0,0,NBIH,NBIH TxTotPktCnt,0,false,60,12,true

2020-02-05 02:05:13.882000+00:00,dr03,sg15,2,1,obt-collector1,0/0/CPU0,2,0,0,NBIH,NBIH TxTotPktCnt,0,false,60,12,true

2020-02-05 02:05:13.884000+00:00,dr03,sg15,3,1,obt-collector1,0/0/CPU0,3,0,0,NBIH,NBIH TxTotPktCnt,0,false,60,12,true

2020-02-05 02:05:13.887000+00:00,dr03,sg15,4,1,obt-collector1,0/0/CPU0,4,0,0,NBIH,NBIH TxTotPktCnt,0,false,60,12,true

2020-02-05 02:05:13.889000+00:00,dr03,sg15,5,1,obt-collector1,0/0/CPU0,5,0,0,NBIH,NBIH TxTotPktCnt,148862089104,false,60,12,true

2020-02-05 02:05:13.899000+00:00,dr03,sg15,0,1,obt-collector1,0/1/CPU0,0,0,1,NBIH,NBIH TxTotPktCnt,56696004394,false,60,12,true

2020-02-05 02:05:13.901000+00:00,dr03,sg15,1,1,obt-collector1,0/1/CPU0,1,0,1,NBIH,NBIH TxTotPktCnt,0,false,60,12,true

2020-02-05 02:05:13.903000+00:00,dr03,sg15,2,1,obt-collector1,0/1/CPU0,2,0,1,NBIH,NBIH TxTotPktCnt,0,false,60,12,true

2020-02-05 02:05:13.906000+00:00,dr03,sg15,3,1,obt-collector1,0/1/CPU0,3,0,1,NBIH,NBIH TxTotPktCnt,0,false,60,12,true

2020-02-05 02:05:13.908000+00:00,dr03,sg15,4,1,obt-collector1,0/1/CPU0,4,0,1,NBIH,NBIH TxTotPktCnt,0,false,60,12,true

2020-02-05 02:05:13.911000+00:00,dr03,sg15,5,1,obt-collector1,0/1/CPU0,5,0,1,NBIH,NBIH TxTotPktCnt,166880350645,false,60,12,true

2020-02-05 02:05:35.041000+00:00,dr03,sg15,0,1,obt-collector1,0/0/CPU0,0,0,0,NBIH,NBIH TxTotPktCnt,12143020562,false,60,12,true

2020-02-05 02:05:35.043000+00:00,dr03,sg15,1,1,obt-collector1,0/0/CPU0,1,0,0,NBIH,NBIH TxTotPktCnt,0,false,60,12,true

2020-02-05 02:05:35.046000+00:00,dr03,sg15,2,1,obt-collector1,0/0/CPU0,2,0,0,NBIH,NBIH TxTotPktCnt,0,false,60,12,true

2020-02-05 02:05:35.048000+00:00,dr03,sg15,3,1,obt-collector1,0/0/CPU0,3,0,0,NBIH,NBIH TxTotPktCnt,0,false,60,12,true

2020-02-05 02:05:35.051000+00:00,dr03,sg15,4,1,obt-collector1,0/0/CPU0,4,0,0,NBIH,NBIH TxTotPktCnt,0,false,60,12,true

2020-02-05 02:05:35.053000+00:00,dr03,sg15,5,1,obt-collector1,0/0/CPU0,5,0,0,NBIH,NBIH TxTotPktCnt,148862332794,false,60,12,true

2020-02-05 02:05:35.063000+00:00,dr03,sg15,0,1,obt-collector1,0/1/CPU0,0,0,1,NBIH,NBIH TxTotPktCnt,56696266184,false,60,12,true

2020-02-05 02:05:35.065000+00:00,dr03,sg15,1,1,obt-collector1,0/1/CPU0,1,0,1,NBIH,NBIH TxTotPktCnt,0,false,60,12,true

2020-02-05 02:05:35.067000+00:00,dr03,sg15,2,1,obt-collector1,0/1/CPU0,2,0,1,NBIH,NBIH TxTotPktCnt,0,false,60,12,true

2020-02-05 02:05:35.070000+00:00,dr03,sg15,3,1,obt-collector1,0/1/CPU0,3,0,1,NBIH,NBIH TxTotPktCnt,0,false,60,12,true

2020-02-05 02:05:35.072000+00:00,dr03,sg15,4,1,obt-collector1,0/1/CPU0,4,0,1,NBIH,NBIH TxTotPktCnt,0,false,60,12,true

2020-02-05 02:05:35.074000+00:00,dr03,sg15,5,1,obt-collector1,0/1/CPU0,5,0,1,NBIH,NBIH TxTotPktCnt,166880851995,false,60,12,true

2020-02-05 02:05:56.358000+00:00,dr03,sg15,0,1,obt-collector1,0/0/CPU0,0,0,0,NBIH,NBIH TxTotPktCnt,12143020562,false,60,12,true

2020-02-05 02:05:56.360000+00:00,dr03,sg15,1,1,obt-collector1,0/0/CPU0,1,0,0,NBIH,NBIH TxTotPktCnt,0,false,60,12,true

2020-02-05 02:05:56.363000+00:00,dr03,sg15,2,1,obt-collector1,0/0/CPU0,2,0,0,NBIH,NBIH TxTotPktCnt,0,false,60,12,true

2020-02-05 02:05:56.365000+00:00,dr03,sg15,3,1,obt-collector1,0/0/CPU0,3,0,0,NBIH,NBIH TxTotPktCnt,0,false,60,12,true

2020-02-05 02:05:56.367000+00:00,dr03,sg15,4,1,obt-collector1,0/0/CPU0,4,0,0,NBIH,NBIH TxTotPktCnt,0,false,60,12,true

2020-02-05 02:05:56.370000+00:00,dr03,sg15,5,1,obt-collector1,0/0/CPU0,5,0,0,NBIH,NBIH TxTotPktCnt,148862332794,false,60,12,true

2020-02-05 02:05:56.380000+00:00,dr03,sg15,0,1,obt-collector1,0/1/CPU0,0,0,1,NBIH,NBIH TxTotPktCnt,56696553537,false,60,12,true

2020-02-05 02:05:56.382000+00:00,dr03,sg15,1,1,obt-collector1,0/1/CPU0,1,0,1,NBIH,NBIH TxTotPktCnt,0,false,60,12,true

2020-02-05 02:05:56.384000+00:00,dr03,sg15,2,1,obt-collector1,0/1/CPU0,2,0,1,NBIH,NBIH TxTotPktCnt,0,false,60,12,true

2020-02-05 02:05:56.387000+00:00,dr03,sg15,3,1,obt-collector1,0/1/CPU0,3,0,1,NBIH,NBIH TxTotPktCnt,0,false,60,12,true

2020-02-05 02:05:56.389000+00:00,dr03,sg15,4,1,obt-collector1,0/1/CPU0,4,0,1,NBIH,NBIH TxTotPktCnt,0,false,60,12,true

2020-02-05 02:05:56.391000+00:00,dr03,sg15,5,1,obt-collector1,0/1/CPU0,5,0,1,NBIH,NBIH TxTotPktCnt,166881389540,false,60,12,true

2020-02-05 02:06:17.371000+00:00,dr03,sg15,0,1,obt-collector1,0/0/CPU0,0,0,0,NBIH,NBIH TxTotPktCnt,12143020937,false,60,12,true

2020-02-05 02:06:17.374000+00:00,dr03,sg15,1,1,obt-collector1,0/0/CPU0,1,0,0,NBIH,NBIH TxTotPktCnt,0,false,60,12,true

2020-02-05 02:06:17.376000+00:00,dr03,sg15,2,1,obt-collector1,0/0/CPU0,2,0,0,NBIH,NBIH TxTotPktCnt,0,false,60,12,true

2020-02-05 02:06:17.378000+00:00,dr03,sg15,3,1,obt-collector1,0/0/CPU0,3,0,0,NBIH,NBIH TxTotPktCnt,0,false,60,12,true

2020-02-05 02:06:17.381000+00:00,dr03,sg15,4,1,obt-collector1,0/0/CPU0,4,0,0,NBIH,NBIH TxTotPktCnt,0,false,60,12,true

2020-02-05 02:06:17.383000+00:00,dr03,sg15,5,1,obt-collector1,0/0/CPU0,5,0,0,NBIH,NBIH TxTotPktCnt,148862575003,false,60,12,true

2020-02-05 02:06:17.392000+00:00,dr03,sg15,0,1,obt-collector1,0/1/CPU0,0,0,1,NBIH,NBIH TxTotPktCnt,56696553537,false,60,12,true

2020-02-05 02:06:17.395000+00:00,dr03,sg15,1,1,obt-collector1,0/1/CPU0,1,0,1,NBIH,NBIH TxTotPktCnt,0,false,60,12,true

2020-02-05 02:06:17.397000+00:00,dr03,sg15,2,1,obt-collector1,0/1/CPU0,2,0,1,NBIH,NBIH TxTotPktCnt,0,false,60,12,true

2020-02-05 02:06:17.399000+00:00,dr03,sg15,3,1,obt-collector1,0/1/CPU0,3,0,1,NBIH,NBIH TxTotPktCnt,0,false,60,12,true

2020-02-05 02:06:17.402000+00:00,dr03,sg15,4,1,obt-collector1,0/1/CPU0,4,0,1,NBIH,NBIH TxTotPktCnt,0,false,60,12,true

2020-02-05 02:06:17.404000+00:00,dr03,sg15,5,1,obt-collector1,0/1/CPU0,5,0,1,NBIH,NBIH TxTotPktCnt,166881389540,false,60,12,true

2020-02-05 02:06:38.539000+00:00,dr03,sg15,0,1,obt-collector1,0/0/CPU0,0,0,0,NBIH,NBIH TxTotPktCnt,12143021359,false,60,12,true

2020-02-05 02:06:38.542000+00:00,dr03,sg15,1,1,obt-collector1,0/0/CPU0,1,0,0,NBIH,NBIH TxTotPktCnt,0,false,60,12,true

2020-02-05 02:06:38.544000+00:00,dr03,sg15,2,1,obt-collector1,0/0/CPU0,2,0,0,NBIH,NBIH TxTotPktCnt,0,false,60,12,true

2020-02-05 02:06:38.547000+00:00,dr03,sg15,3,1,obt-collector1,0/0/CPU0,3,0,0,NBIH,NBIH TxTotPktCnt,0,false,60,12,true

2020-02-05 02:06:38.549000+00:00,dr03,sg15,4,1,obt-collector1,0/0/CPU0,4,0,0,NBIH,NBIH TxTotPktCnt,0,false,60,12,true

2020-02-05 02:06:38.552000+00:00,dr03,sg15,5,1,obt-collector1,0/0/CPU0,5,0,0,NBIH,NBIH TxTotPktCnt,148862833106,false,60,12,true

2020-02-05 02:06:38.560000+00:00,dr03,sg15,0,1,obt-collector1,0/1/CPU0,0,0,1,NBIH,NBIH TxTotPktCnt,56696805374,false,60,12,true

2020-02-05 02:06:38.563000+00:00,dr03,sg15,1,1,obt-collector1,0/1/CPU0,1,0,1,NBIH,NBIH TxTotPktCnt,0,false,60,12,true

2020-02-05 02:06:38.565000+00:00,dr03,sg15,2,1,obt-collector1,0/1/CPU0,2,0,1,NBIH,NBIH TxTotPktCnt,0,false,60,12,true

2020-02-05 02:06:38.567000+00:00,dr03,sg15,3,1,obt-collector1,0/1/CPU0,3,0,1,NBIH,NBIH TxTotPktCnt,0,false,60,12,true

2020-02-05 02:06:38.569000+00:00,dr03,sg15,4,1,obt-collector1,0/1/CPU0,4,0,1,NBIH,NBIH TxTotPktCnt,0,false,60,12,true

2020-02-05 02:06:38.572000+00:00,dr03,sg15,5,1,obt-collector1,0/1/CPU0,5,0,1,NBIH,NBIH TxTotPktCnt,166881897731,false,60,12,true

2020-02-05 02:06:59.842000+00:00,dr03,sg15,0,1,obt-collector1,0/0/CPU0,0,0,0,NBIH,NBIH TxTotPktCnt,12143021359,false,60,12,true

2020-02-05 02:06:59.844000+00:00,dr03,sg15,1,1,obt-collector1,0/0/CPU0,1,0,0,NBIH,NBIH TxTotPktCnt,0,false,60,12,true

2020-02-05 02:06:59.846000+00:00,dr03,sg15,2,1,obt-collector1,0/0/CPU0,2,0,0,NBIH,NBIH TxTotPktCnt,0,false,60,12,true

2020-02-05 02:06:59.849000+00:00,dr03,sg15,3,1,obt-collector1,0/0/CPU0,3,0,0,NBIH,NBIH TxTotPktCnt,0,false,60,12,true

2020-02-05 02:06:59.851000+00:00,dr03,sg15,4,1,obt-collector1,0/0/CPU0,4,0,0,NBIH,NBIH TxTotPktCnt,0,false,60,12,true

2020-02-05 02:06:59.853000+00:00,dr03,sg15,5,1,obt-collector1,0/0/CPU0,5,0,0,NBIH,NBIH TxTotPktCnt,148862833106,false,60,12,true

2020-02-05 02:06:59.863000+00:00,dr03,sg15,0,1,obt-collector1,0/1/CPU0,0,0,1,NBIH,NBIH TxTotPktCnt,56697095069,false,60,12,true

2020-02-05 02:06:59.865000+00:00,dr03,sg15,1,1,obt-collector1,0/1/CPU0,1,0,1,NBIH,NBIH TxTotPktCnt,0,false,60,12,true

2020-02-05 02:06:59.868000+00:00,dr03,sg15,2,1,obt-collector1,0/1/CPU0,2,0,1,NBIH,NBIH TxTotPktCnt,0,false,60,12,true

2020-02-05 02:06:59.870000+00:00,dr03,sg15,3,1,obt-collector1,0/1/CPU0,3,0,1,NBIH,NBIH TxTotPktCnt,0,false,60,12,true

2020-02-05 02:06:59.872000+00:00,dr03,sg15,4,1,obt-collector1,0/1/CPU0,4,0,1,NBIH,NBIH TxTotPktCnt,0,false,60,12,true

2020-02-05 02:06:59.875000+00:00,dr03,sg15,5,1,obt-collector1,0/1/CPU0,5,0,1,NBIH,NBIH TxTotPktCnt,166882465977,false,60,12,true

2020-02-05 02:07:20.857000+00:00,dr03,sg15,0,1,obt-collector1,0/0/CPU0,0,0,0,NBIH,NBIH TxTotPktCnt,12143021735,false,60,12,true

2020-02-05 02:07:20.860000+00:00,dr03,sg15,1,1,obt-collector1,0/0/CPU0,1,0,0,NBIH,NBIH TxTotPktCnt,0,false,60,12,true

2020-02-05 02:07:20.862000+00:00,dr03,sg15,2,1,obt-collector1,0/0/CPU0,2,0,0,NBIH,NBIH TxTotPktCnt,0,false,60,12,true

2020-02-05 02:07:20.864000+00:00,dr03,sg15,3,1,obt-collector1,0/0/CPU0,3,0,0,NBIH,NBIH TxTotPktCnt,0,false,60,12,true

2020-02-05 02:07:20.867000+00:00,dr03,sg15,4,1,obt-collector1,0/0/CPU0,4,0,0,NBIH,NBIH TxTotPktCnt,0,false,60,12,true

2020-02-05 02:07:20.869000+00:00,dr03,sg15,5,1,obt-collector1,0/0/CPU0,5,0,0,NBIH,NBIH TxTotPktCnt,148863045478,false,60,12,true

2020-02-05 02:07:20.879000+00:00,dr03,sg15,0,1,obt-collector1,0/1/CPU0,0,0,1,NBIH,NBIH TxTotPktCnt,56697095069,false,60,12,true

2020-02-05 02:07:20.881000+00:00,dr03,sg15,1,1,obt-collector1,0/1/CPU0,1,0,1,NBIH,NBIH TxTotPktCnt,0,false,60,12,true

2020-02-05 02:07:20.883000+00:00,dr03,sg15,2,1,obt-collector1,0/1/CPU0,2,0,1,NBIH,NBIH TxTotPktCnt,0,false,60,12,true

2020-02-05 02:07:20.886000+00:00,dr03,sg15,3,1,obt-collector1,0/1/CPU0,3,0,1,NBIH,NBIH TxTotPktCnt,0,false,60,12,true

2020-02-05 02:07:20.888000+00:00,dr03,sg15,4,1,obt-collector1,0/1/CPU0,4,0,1,NBIH,NBIH TxTotPktCnt,0,false,60,12,true

2020-02-05 02:07:20.890000+00:00,dr03,sg15,5,1,obt-collector1,0/1/CPU0,5,0,1,NBIH,NBIH TxTotPktCnt,166882465977,false,60,12,true

2020-02-05 02:07:42.107000+00:00,dr03,sg15,0,1,obt-collector1,0/0/CPU0,0,0,0,NBIH,NBIH TxTotPktCnt,12143022146,false,60,12,true

2020-02-05 02:07:42.109000+00:00,dr03,sg15,1,1,obt-collector1,0/0/CPU0,1,0,0,NBIH,NBIH TxTotPktCnt,0,false,60,12,true

2020-02-05 02:07:42.112000+00:00,dr03,sg15,2,1,obt-collector1,0/0/CPU0,2,0,0,NBIH,NBIH TxTotPktCnt,0,false,60,12,true

2020-02-05 02:07:42.114000+00:00,dr03,sg15,3,1,obt-collector1,0/0/CPU0,3,0,0,NBIH,NBIH TxTotPktCnt,0,false,60,12,true

2020-02-05 02:07:42.116000+00:00,dr03,sg15,4,1,obt-collector1,0/0/CPU0,4,0,0,NBIH,NBIH TxTotPktCnt,0,false,60,12,true

2020-02-05 02:07:42.119000+00:00,dr03,sg15,5,1,obt-collector1,0/0/CPU0,5,0,0,NBIH,NBIH TxTotPktCnt,148863305018,false,60,12,true

2020-02-05 02:07:42.128000+00:00,dr03,sg15,0,1,obt-collector1,0/1/CPU0,0,0,1,NBIH,NBIH TxTotPktCnt,56697346297,false,60,12,true

2020-02-05 02:07:42.130000+00:00,dr03,sg15,1,1,obt-collector1,0/1/CPU0,1,0,1,NBIH,NBIH TxTotPktCnt,0,false,60,12,true

2020-02-05 02:07:42.133000+00:00,dr03,sg15,2,1,obt-collector1,0/1/CPU0,2,0,1,NBIH,NBIH TxTotPktCnt,0,false,60,12,true

2020-02-05 02:07:42.135000+00:00,dr03,sg15,3,1,obt-collector1,0/1/CPU0,3,0,1,NBIH,NBIH TxTotPktCnt,0,false,60,12,true

2020-02-05 02:07:42.137000+00:00,dr03,sg15,4,1,obt-collector1,0/1/CPU0,4,0,1,NBIH,NBIH TxTotPktCnt,0,false,60,12,true

2020-02-05 02:07:42.139000+00:00,dr03,sg15,5,1,obt-collector1,0/1/CPU0,5,0,1,NBIH,NBIH TxTotPktCnt,166882966992,false,60,12,true

2020-02-05 02:08:03.424000+00:00,dr03,sg15,0,1,obt-collector1,0/0/CPU0,0,0,0,NBIH,NBIH TxTotPktCnt,12143022146,false,60,12,true

2020-02-05 02:08:03.426000+00:00,dr03,sg15,1,1,obt-collector1,0/0/CPU0,1,0,0,NBIH,NBIH TxTotPktCnt,0,false,60,12,true

2020-02-05 02:08:03.429000+00:00,dr03,sg15,2,1,obt-collector1,0/0/CPU0,2,0,0,NBIH,NBIH TxTotPktCnt,0,false,60,12,true

2020-02-05 02:08:03.431000+00:00,dr03,sg15,3,1,obt-collector1,0/0/CPU0,3,0,0,NBIH,NBIH TxTotPktCnt,0,false,60,12,true

2020-02-05 02:08:03.433000+00:00,dr03,sg15,4,1,obt-collector1,0/0/CPU0,4,0,0,NBIH,NBIH TxTotPktCnt,0,false,60,12,true

2020-02-05 02:08:03.436000+00:00,dr03,sg15,5,1,obt-collector1,0/0/CPU0,5,0,0,NBIH,NBIH TxTotPktCnt,148863305018,false,60,12,true

2020-02-05 02:08:03.445000+00:00,dr03,sg15,0,1,obt-collector1,0/1/CPU0,0,0,1,NBIH,NBIH TxTotPktCnt,56697632801,false,60,12,true

2020-02-05 02:08:03.448000+00:00,dr03,sg15,1,1,obt-collector1,0/1/CPU0,1,0,1,NBIH,NBIH TxTotPktCnt,0,false,60,12,true

2020-02-05 02:08:03.450000+00:00,dr03,sg15,2,1,obt-collector1,0/1/CPU0,2,0,1,NBIH,NBIH TxTotPktCnt,0,false,60,12,true

2020-02-05 02:08:03.452000+00:00,dr03,sg15,3,1,obt-collector1,0/1/CPU0,3,0,1,NBIH,NBIH TxTotPktCnt,0,false,60,12,true

2020-02-05 02:08:03.455000+00:00,dr03,sg15,4,1,obt-collector1,0/1/CPU0,4,0,1,NBIH,NBIH TxTotPktCnt,0,false,60,12,true

2020-02-05 02:08:03.457000+00:00,dr03,sg15,5,1,obt-collector1,0/1/CPU0,5,0,1,NBIH,NBIH TxTotPktCnt,166883505734,false,60,12,true

2020-02-05 02:08:24.434000+00:00,dr03,sg15,0,1,obt-collector1,0/0/CPU0,0,0,0,NBIH,NBIH TxTotPktCnt,12143022526,false,60,12,true

2020-02-05 02:08:24.436000+00:00,dr03,sg15,1,1,obt-collector1,0/0/CPU0,1,0,0,NBIH,NBIH TxTotPktCnt,0,false,60,12,true

2020-02-05 02:08:24.439000+00:00,dr03,sg15,2,1,obt-collector1,0/0/CPU0,2,0,0,NBIH,NBIH TxTotPktCnt,0,false,60,12,true

2020-02-05 02:08:24.441000+00:00,dr03,sg15,3,1,obt-collector1,0/0/CPU0,3,0,0,NBIH,NBIH TxTotPktCnt,0,false,60,12,true

2020-02-05 02:08:24.443000+00:00,dr03,sg15,4,1,obt-collector1,0/0/CPU0,4,0,0,NBIH,NBIH TxTotPktCnt,0,false,60,12,true

2020-02-05 02:08:24.445000+00:00,dr03,sg15,5,1,obt-collector1,0/0/CPU0,5,0,0,NBIH,NBIH TxTotPktCnt,148863531499,false,60,12,true

2020-02-05 02:08:24.455000+00:00,dr03,sg15,0,1,obt-collector1,0/1/CPU0,0,0,1,NBIH,NBIH TxTotPktCnt,56697632801,false,60,12,true

2020-02-05 02:08:24.457000+00:00,dr03,sg15,1,1,obt-collector1,0/1/CPU0,1,0,1,NBIH,NBIH TxTotPktCnt,0,false,60,12,true

2020-02-05 02:08:24.460000+00:00,dr03,sg15,2,1,obt-collector1,0/1/CPU0,2,0,1,NBIH,NBIH TxTotPktCnt,0,false,60,12,true

2020-02-05 02:08:24.462000+00:00,dr03,sg15,3,1,obt-collector1,0/1/CPU0,3,0,1,NBIH,NBIH TxTotPktCnt,0,false,60,12,true

2020-02-05 02:08:24.464000+00:00,dr03,sg15,4,1,obt-collector1,0/1/CPU0,4,0,1,NBIH,NBIH TxTotPktCnt,0,false,60,12,true

2020-02-05 02:08:24.467000+00:00,dr03,sg15,5,1,obt-collector1,0/1/CPU0,5,0,1,NBIH,NBIH TxTotPktCnt,166883505734,false,60,12,true

2020-02-05 02:08:45.600000+00:00,dr03,sg15,0,1,obt-collector1,0/0/CPU0,0,0,0,NBIH,NBIH TxTotPktCnt,12143022937,false,60,12,true

2020-02-05 02:08:45.603000+00:00,dr03,sg15,1,1,obt-collector1,0/0/CPU0,1,0,0,NBIH,NBIH TxTotPktCnt,0,false,60,12,true

2020-02-05 02:08:45.605000+00:00,dr03,sg15,2,1,obt-collector1,0/0/CPU0,2,0,0,NBIH,NBIH TxTotPktCnt,0,false,60,12,true

2020-02-05 02:08:45.607000+00:00,dr03,sg15,3,1,obt-collector1,0/0/CPU0,3,0,0,NBIH,NBIH TxTotPktCnt,0,false,60,12,true

2020-02-05 02:08:45.609000+00:00,dr03,sg15,4,1,obt-collector1,0/0/CPU0,4,0,0,NBIH,NBIH TxTotPktCnt,0,false,60,12,true

2020-02-05 02:08:45.612000+00:00,dr03,sg15,5,1,obt-collector1,0/0/CPU0,5,0,0,NBIH,NBIH TxTotPktCnt,148863796009,false,60,12,true

2020-02-05 02:08:45.621000+00:00,dr03,sg15,0,1,obt-collector1,0/1/CPU0,0,0,1,NBIH,NBIH TxTotPktCnt,56697891926,false,60,12,true

2020-02-05 02:08:45.624000+00:00,dr03,sg15,1,1,obt-collector1,0/1/CPU0,1,0,1,NBIH,NBIH TxTotPktCnt,0,false,60,12,true

2020-02-05 02:08:45.626000+00:00,dr03,sg15,2,1,obt-collector1,0/1/CPU0,2,0,1,NBIH,NBIH TxTotPktCnt,0,false,60,12,true

2020-02-05 02:08:45.628000+00:00,dr03,sg15,3,1,obt-collector1,0/1/CPU0,3,0,1,NBIH,NBIH TxTotPktCnt,0,false,60,12,true

2020-02-05 02:08:45.631000+00:00,dr03,sg15,4,1,obt-collector1,0/1/CPU0,4,0,1,NBIH,NBIH TxTotPktCnt,0,false,60,12,true

2020-02-05 02:08:45.633000+00:00,dr03,sg15,5,1,obt-collector1,0/1/CPU0,5,0,1,NBIH,NBIH TxTotPktCnt,166884009831,false,60,12,true

2020-02-05 02:09:06.912000+00:00,dr03,sg15,0,1,obt-collector1,0/0/CPU0,0,0,0,NBIH,NBIH TxTotPktCnt,12143022937,false,60,12,true

2020-02-05 02:09:06.914000+00:00,dr03,sg15,1,1,obt-collector1,0/0/CPU0,1,0,0,NBIH,NBIH TxTotPktCnt,0,false,60,12,true

2020-02-05 02:09:06.916000+00:00,dr03,sg15,2,1,obt-collector1,0/0/CPU0,2,0,0,NBIH,NBIH TxTotPktCnt,0,false,60,12,true

2020-02-05 02:09:06.919000+00:00,dr03,sg15,3,1,obt-collector1,0/0/CPU0,3,0,0,NBIH,NBIH TxTotPktCnt,0,false,60,12,true

2020-02-05 02:09:06.921000+00:00,dr03,sg15,4,1,obt-collector1,0/0/CPU0,4,0,0,NBIH,NBIH TxTotPktCnt,0,false,60,12,true

2020-02-05 02:09:06.923000+00:00,dr03,sg15,5,1,obt-collector1,0/0/CPU0,5,0,0,NBIH,NBIH TxTotPktCnt,148863796009,false,60,12,true

2020-02-05 02:09:06.933000+00:00,dr03,sg15,0,1,obt-collector1,0/1/CPU0,0,0,1,NBIH,NBIH TxTotPktCnt,56698178643,false,60,12,true

2020-02-05 02:09:06.935000+00:00,dr03,sg15,1,1,obt-collector1,0/1/CPU0,1,0,1,NBIH,NBIH TxTotPktCnt,0,false,60,12,true

2020-02-05 02:09:06.937000+00:00,dr03,sg15,2,1,obt-collector1,0/1/CPU0,2,0,1,NBIH,NBIH TxTotPktCnt,0,false,60,12,true

2020-02-05 02:09:06.940000+00:00,dr03,sg15,3,1,obt-collector1,0/1/CPU0,3,0,1,NBIH,NBIH TxTotPktCnt,0,false,60,12,true

2020-02-05 02:09:06.942000+00:00,dr03,sg15,4,1,obt-collector1,0/1/CPU0,4,0,1,NBIH,NBIH TxTotPktCnt,0,false,60,12,true

2020-02-05 02:09:06.945000+00:00,dr03,sg15,5,1,obt-collector1,0/1/CPU0,5,0,1,NBIH,NBIH TxTotPktCnt,166884560148,false,60,12,true

2020-02-05 02:09:27.925000+00:00,dr03,sg15,0,1,obt-collector1,0/0/CPU0,0,0,0,NBIH,NBIH TxTotPktCnt,12143023328,false,60,12,true

2020-02-05 02:09:27.927000+00:00,dr03,sg15,1,1,obt-collector1,0/0/CPU0,1,0,0,NBIH,NBIH TxTotPktCnt,0,false,60,12,true

2020-02-05 02:09:27.930000+00:00,dr03,sg15,2,1,obt-collector1,0/0/CPU0,2,0,0,NBIH,NBIH TxTotPktCnt,0,false,60,12,true

2020-02-05 02:09:27.932000+00:00,dr03,sg15,3,1,obt-collector1,0/0/CPU0,3,0,0,NBIH,NBIH TxTotPktCnt,0,false,60,12,true

2020-02-05 02:09:27.934000+00:00,dr03,sg15,4,1,obt-collector1,0/0/CPU0,4,0,0,NBIH,NBIH TxTotPktCnt,0,false,60,12,true

2020-02-05 02:09:27.937000+00:00,dr03,sg15,5,1,obt-collector1,0/0/CPU0,5,0,0,NBIH,NBIH TxTotPktCnt,148864012458,false,60,12,true

2020-02-05 02:09:27.946000+00:00,dr03,sg15,0,1,obt-collector1,0/1/CPU0,0,0,1,NBIH,NBIH TxTotPktCnt,56698178643,false,60,12,true

2020-02-05 02:09:27.948000+00:00,dr03,sg15,1,1,obt-collector1,0/1/CPU0,1,0,1,NBIH,NBIH TxTotPktCnt,0,false,60,12,true

2020-02-05 02:09:27.950000+00:00,dr03,sg15,2,1,obt-collector1,0/1/CPU0,2,0,1,NBIH,NBIH TxTotPktCnt,0,false,60,12,true

2020-02-05 02:09:27.953000+00:00,dr03,sg15,3,1,obt-collector1,0/1/CPU0,3,0,1,NBIH,NBIH TxTotPktCnt,0,false,60,12,true

2020-02-05 02:09:27.955000+00:00,dr03,sg15,4,1,obt-collector1,0/1/CPU0,4,0,1,NBIH,NBIH TxTotPktCnt,0,false,60,12,true

2020-02-05 02:09:27.957000+00:00,dr03,sg15,5,1,obt-collector1,0/1/CPU0,5,0,1,NBIH,NBIH TxTotPktCnt,166884560148,false,60,12,true

2020-02-05 02:09:49.084000+00:00,dr03,sg15,0,1,obt-collector1,0/0/CPU0,0,0,0,NBIH,NBIH TxTotPktCnt,12143023738,false,60,12,true

2020-02-05 02:09:49.087000+00:00,dr03,sg15,1,1,obt-collector1,0/0/CPU0,1,0,0,NBIH,NBIH TxTotPktCnt,0,false,60,12,true

2020-02-05 02:09:49.089000+00:00,dr03,sg15,2,1,obt-collector1,0/0/CPU0,2,0,0,NBIH,NBIH TxTotPktCnt,0,false,60,12,true

2020-02-05 02:09:49.091000+00:00,dr03,sg15,3,1,obt-collector1,0/0/CPU0,3,0,0,NBIH,NBIH TxTotPktCnt,0,false,60,12,true

2020-02-05 02:09:49.094000+00:00,dr03,sg15,4,1,obt-collector1,0/0/CPU0,4,0,0,NBIH,NBIH TxTotPktCnt,0,false,60,12,true

2020-02-05 02:09:49.096000+00:00,dr03,sg15,5,1,obt-collector1,0/0/CPU0,5,0,0,NBIH,NBIH TxTotPktCnt,148864270751,false,60,12,true

2020-02-05 02:09:49.106000+00:00,dr03,sg15,0,1,obt-collector1,0/1/CPU0,0,0,1,NBIH,NBIH TxTotPktCnt,56698440027,false,60,12,true

2020-02-05 02:09:49.108000+00:00,dr03,sg15,1,1,obt-collector1,0/1/CPU0,1,0,1,NBIH,NBIH TxTotPktCnt,0,false,60,12,true

2020-02-05 02:09:49.110000+00:00,dr03,sg15,2,1,obt-collector1,0/1/CPU0,2,0,1,NBIH,NBIH TxTotPktCnt,0,false,60,12,true

2020-02-05 02:09:49.112000+00:00,dr03,sg15,3,1,obt-collector1,0/1/CPU0,3,0,1,NBIH,NBIH TxTotPktCnt,0,false,60,12,true

2020-02-05 02:09:49.115000+00:00,dr03,sg15,4,1,obt-collector1,0/1/CPU0,4,0,1,NBIH,NBIH TxTotPktCnt,0,false,60,12,true

2020-02-05 02:09:49.117000+00:00,dr03,sg15,5,1,obt-collector1,0/1/CPU0,5,0,1,NBIH,NBIH TxTotPktCnt,166885072466,false,60,12,true

2020-02-05 02:10:10.396000+00:00,dr03,sg15,0,1,obt-collector1,0/0/CPU0,0,0,0,NBIH,NBIH TxTotPktCnt,12143023738,false,60,12,true

2020-02-05 02:10:10.398000+00:00,dr03,sg15,1,1,obt-collector1,0/0/CPU0,1,0,0,NBIH,NBIH TxTotPktCnt,0,false,60,12,true

2020-02-05 02:10:10.400000+00:00,dr03,sg15,2,1,obt-collector1,0/0/CPU0,2,0,0,NBIH,NBIH TxTotPktCnt,0,false,60,12,true

2020-02-05 02:10:10.403000+00:00,dr03,sg15,3,1,obt-collector1,0/0/CPU0,3,0,0,NBIH,NBIH TxTotPktCnt,0,false,60,12,true

2020-02-05 02:10:10.405000+00:00,dr03,sg15,4,1,obt-collector1,0/0/CPU0,4,0,0,NBIH,NBIH TxTotPktCnt,0,false,60,12,true

2020-02-05 02:10:10.407000+00:00,dr03,sg15,5,1,obt-collector1,0/0/CPU0,5,0,0,NBIH,NBIH TxTotPktCnt,148864270751,false,60,12,true

2020-02-05 02:10:10.417000+00:00,dr03,sg15,0,1,obt-collector1,0/1/CPU0,0,0,1,NBIH,NBIH TxTotPktCnt,56698715390,false,60,12,true

2020-02-05 02:10:10.419000+00:00,dr03,sg15,1,1,obt-collector1,0/1/CPU0,1,0,1,NBIH,NBIH TxTotPktCnt,0,false,60,12,true

2020-02-05 02:10:10.422000+00:00,dr03,sg15,2,1,obt-collector1,0/1/CPU0,2,0,1,NBIH,NBIH TxTotPktCnt,0,false,60,12,true

2020-02-05 02:10:10.424000+00:00,dr03,sg15,3,1,obt-collector1,0/1/CPU0,3,0,1,NBIH,NBIH TxTotPktCnt,0,false,60,12,true

2020-02-05 02:10:10.426000+00:00,dr03,sg15,4,1,obt-collector1,0/1/CPU0,4,0,1,NBIH,NBIH TxTotPktCnt,0,false,60,12,true

2020-02-05 02:10:10.429000+00:00,dr03,sg15,5,1,obt-collector1,0/1/CPU0,5,0,1,NBIH,NBIH TxTotPktCnt,166885621114,false,60,12,true

