,Producer,Target,host,interface-counts/admin-down-interface-count,interface-counts/down-interface-count,interface-counts/interface-count,interface-counts/up-interface-count,interface-type-list/interface-counts/admin-down-interface-count,interface-type-list/interface-counts/down-interface-count,interface-type-list/interface-counts/interface-count,interface-type-list/interface-counts/up-interface-count,interface-type-list/interface-type-description,interface-type-list/interface-type-name,interface-type/interface-counts/admin-down-interface-count,interface-type/interface-counts/down-interface-count,interface-type/interface-counts/interface-count,interface-type/interface-counts/up-interface-count,interface-type/interface-type-description,interface-type/interface-type-name

2020-02-06 13:19:49.710000+00:00,spine3,sg10,obt-collector1,3,1,39,35,,,,,,,0,0,1,1,Null interface,IFT_NULL

2020-02-06 13:19:59.671000+00:00,spine3,sg10,obt-collector1,3,1,39,35,,,,,,,0,0,1,1,Null interface,IFT_NULL

2020-02-06 13:20:09.712000+00:00,spine3,sg10,obt-collector1,3,1,39,35,,,,,,,0,0,1,1,Null interface,IFT_NULL

2020-02-06 13:20:19.715000+00:00,spine3,sg10,obt-collector1,3,1,39,35,,,,,,,0,0,1,1,Null interface,IFT_NULL

2020-02-06 13:20:29.691000+00:00,spine3,sg10,obt-collector1,3,1,39,35,,,,,,,0,0,1,1,Null interface,IFT_NULL

2020-02-06 13:20:39.720000+00:00,spine3,sg10,obt-collector1,3,1,39,35,,,,,,,0,0,1,1,Null interface,IFT_NULL

2020-02-06 13:20:49.694000+00:00,spine3,sg10,obt-collector1,3,1,39,35,,,,,,,0,0,1,1,Null interface,IFT_NULL

2020-02-06 13:20:59.715000+00:00,spine3,sg10,obt-collector1,3,1,39,35,,,,,,,0,0,1,1,Null interface,IFT_NULL

2020-02-06 13:21:09.692000+00:00,spine3,sg10,obt-collector1,3,1,39,35,,,,,,,0,0,1,1,Null interface,IFT_NULL

2020-02-06 13:21:19.654000+00:00,spine3,sg10,obt-collector1,3,1,39,35,,,,,,,0,0,1,1,Null interface,IFT_NULL

2020-02-06 13:21:29.646000+00:00,spine3,sg10,obt-collector1,3,1,39,35,,,,,,,0,0,1,1,Null interface,IFT_NULL

2020-02-06 13:21:39.717000+00:00,spine3,sg10,obt-collector1,3,1,39,35,,,,,,,0,0,1,1,Null interface,IFT_NULL

2020-02-06 13:21:49.662000+00:00,spine3,sg10,obt-collector1,3,1,39,35,,,,,,,0,0,1,1,Null interface,IFT_NULL

2020-02-06 13:21:59.687000+00:00,spine3,sg10,obt-collector1,3,1,39,35,,,,,,,0,0,1,1,Null interface,IFT_NULL

2020-02-06 13:22:09.651000+00:00,spine3,sg10,obt-collector1,3,1,39,35,,,,,,,0,0,1,1,Null interface,IFT_NULL

2020-02-06 13:22:19.708000+00:00,spine3,sg10,obt-collector1,3,1,39,35,,,,,,,0,0,1,1,Null interface,IFT_NULL

2020-02-06 13:22:29.652000+00:00,spine3,sg10,obt-collector1,3,1,39,35,,,,,,,0,0,1,1,Null interface,IFT_NULL

2020-02-06 13:22:39.629000+00:00,spine3,sg10,obt-collector1,3,1,39,35,,,,,,,0,0,1,1,Null interface,IFT_NULL

2020-02-06 13:22:49.684000+00:00,spine3,sg10,obt-collector1,3,1,39,35,,,,,,,0,0,1,1,Null interface,IFT_NULL

2020-02-06 13:22:59.667000+00:00,spine3,sg10,obt-collector1,3,1,39,35,,,,,,,0,0,1,1,Null interface,IFT_NULL

2020-02-06 13:23:09.679000+00:00,spine3,sg10,obt-collector1,3,1,39,35,,,,,,,0,0,1,1,Null interface,IFT_NULL

2020-02-06 13:23:19.679000+00:00,spine3,sg10,obt-collector1,3,1,39,35,,,,,,,0,0,1,1,Null interface,IFT_NULL

2020-02-06 13:23:29.702000+00:00,spine3,sg10,obt-collector1,3,1,39,35,,,,,,,0,0,1,1,Null interface,IFT_NULL

2020-02-06 13:23:39.699000+00:00,spine3,sg10,obt-collector1,3,1,39,35,,,,,,,0,0,1,1,Null interface,IFT_NULL

2020-02-06 13:23:49.734000+00:00,spine3,sg10,obt-collector1,3,1,39,35,,,,,,,0,0,1,1,Null interface,IFT_NULL

2020-02-06 13:23:59.703000+00:00,spine3,sg10,obt-collector1,3,1,39,35,,,,,,,0,0,1,1,Null interface,IFT_NULL

2020-02-06 13:24:09.716000+00:00,spine3,sg10,obt-collector1,3,1,39,35,,,,,,,0,0,1,1,Null interface,IFT_NULL

2020-02-06 13:24:19.694000+00:00,spine3,sg10,obt-collector1,3,1,39,35,,,,,,,0,0,1,1,Null interface,IFT_NULL

2020-02-06 13:24:29.708000+00:00,spine3,sg10,obt-collector1,3,1,39,35,,,,,,,0,0,1,1,Null interface,IFT_NULL

2020-02-06 13:24:39.724000+00:00,spine3,sg10,obt-collector1,3,1,39,35,,,,,,,0,0,1,1,Null interface,IFT_NULL

2020-02-06 13:24:49.657000+00:00,spine3,sg10,obt-collector1,3,1,39,35,,,,,,,0,0,1,1,Null interface,IFT_NULL

2020-02-06 13:24:59.730000+00:00,spine3,sg10,obt-collector1,3,1,39,35,,,,,,,0,0,1,1,Null interface,IFT_NULL

2020-02-06 13:25:09.666000+00:00,spine3,sg10,obt-collector1,3,1,39,35,,,,,,,0,0,1,1,Null interface,IFT_NULL

2020-02-06 13:25:19.694000+00:00,spine3,sg10,obt-collector1,3,1,39,35,,,,,,,0,0,1,1,Null interface,IFT_NULL

2020-02-06 13:25:29.662000+00:00,spine3,sg10,obt-collector1,3,1,39,35,,,,,,,0,0,1,1,Null interface,IFT_NULL

2020-02-06 13:25:39.697000+00:00,spine3,sg10,obt-collector1,3,1,39,35,,,,,,,0,0,1,1,Null interface,IFT_NULL

2020-02-06 13:25:49.651000+00:00,spine3,sg10,obt-collector1,3,1,39,35,,,,,,,0,0,1,1,Null interface,IFT_NULL

2020-02-06 13:25:59.665000+00:00,spine3,sg10,obt-collector1,3,1,39,35,,,,,,,0,0,1,1,Null interface,IFT_NULL

2020-02-06 13:26:09.656000+00:00,spine3,sg10,obt-collector1,3,1,39,35,,,,,,,0,0,1,1,Null interface,IFT_NULL

2020-02-06 13:26:19.689000+00:00,spine3,sg10,obt-collector1,3,1,39,35,,,,,,,0,0,1,1,Null interface,IFT_NULL

2020-02-06 13:26:29.652000+00:00,spine3,sg10,obt-collector1,3,1,39,35,,,,,,,0,0,1,1,Null interface,IFT_NULL

2020-02-06 13:26:39.670000+00:00,spine3,sg10,obt-collector1,3,1,39,35,,,,,,,0,0,1,1,Null interface,IFT_NULL

2020-02-06 13:26:49.676000+00:00,spine3,sg10,obt-collector1,3,1,39,35,,,,,,,0,0,1,1,Null interface,IFT_NULL

2020-02-06 13:26:59.655000+00:00,spine3,sg10,obt-collector1,3,1,39,35,,,,,,,0,0,1,1,Null interface,IFT_NULL

2020-02-06 13:27:09.708000+00:00,spine3,sg10,obt-collector1,3,1,39,35,,,,,,,0,0,1,1,Null interface,IFT_NULL

2020-02-06 13:27:19.729000+00:00,spine3,sg10,obt-collector1,3,1,39,35,,,,,,,0,0,1,1,Null interface,IFT_NULL

2020-02-06 13:27:29.749000+00:00,spine3,sg10,obt-collector1,3,1,39,35,,,,,,,0,0,1,1,Null interface,IFT_NULL

2020-02-06 13:27:39.689000+00:00,spine3,sg10,obt-collector1,3,1,39,35,,,,,,,0,0,1,1,Null interface,IFT_NULL

2020-02-06 13:27:49.666000+00:00,spine3,sg10,obt-collector1,3,1,39,35,,,,,,,0,0,1,1,Null interface,IFT_NULL

2020-02-06 13:27:59.655000+00:00,spine3,sg10,obt-collector1,3,1,39,35,,,,,,,0,0,1,1,Null interface,IFT_NULL

2020-02-06 13:28:09.655000+00:00,spine3,sg10,obt-collector1,3,1,39,35,,,,,,,0,0,1,1,Null interface,IFT_NULL

2020-02-06 13:28:19.795000+00:00,spine3,sg10,obt-collector1,3,1,39,35,,,,,,,0,0,1,1,Null interface,IFT_NULL

2020-02-06 13:28:29.705000+00:00,spine3,sg10,obt-collector1,3,1,39,35,,,,,,,0,0,1,1,Null interface,IFT_NULL

2020-02-06 13:28:39.752000+00:00,spine3,sg10,obt-collector1,3,1,39,35,,,,,,,0,0,1,1,Null interface,IFT_NULL

2020-02-06 13:28:49.722000+00:00,spine3,sg10,obt-collector1,3,1,39,35,,,,,,,0,0,1,1,Null interface,IFT_NULL

2020-02-06 13:28:59.743000+00:00,spine3,sg10,obt-collector1,3,1,39,35,,,,,,,0,0,1,1,Null interface,IFT_NULL

2020-02-06 13:29:09.715000+00:00,spine3,sg10,obt-collector1,3,1,39,35,,,,,,,0,0,1,1,Null interface,IFT_NULL

2020-02-06 13:29:19.741000+00:00,spine3,sg10,obt-collector1,3,1,39,35,,,,,,,0,0,1,1,Null interface,IFT_NULL

2020-02-06 13:29:29.686000+00:00,spine3,sg10,obt-collector1,3,1,39,35,,,,,,,0,0,1,1,Null interface,IFT_NULL

2020-02-06 13:29:39.671000+00:00,spine3,sg10,obt-collector1,3,1,39,35,,,,,,,0,0,1,1,Null interface,IFT_NULL

2020-02-06 13:29:49.671000+00:00,spine3,sg10,obt-collector1,3,1,39,35,,,,,,,0,0,1,1,Null interface,IFT_NULL

2020-02-06 13:29:59.690000+00:00,spine3,sg10,obt-collector1,3,1,39,35,,,,,,,0,0,1,1,Null interface,IFT_NULL

2020-02-06 13:30:09.675000+00:00,spine3,sg10,obt-collector1,3,1,39,35,,,,,,,0,0,1,1,Null interface,IFT_NULL

2020-02-06 13:30:19.665000+00:00,spine3,sg10,obt-collector1,3,1,39,35,,,,,,,0,0,1,1,Null interface,IFT_NULL

2020-02-06 13:30:29.810000+00:00,spine3,sg10,obt-collector1,3,1,39,35,,,,,,,0,0,1,1,Null interface,IFT_NULL

2020-02-06 13:30:39.662000+00:00,spine3,sg10,obt-collector1,3,1,39,35,,,,,,,0,0,1,1,Null interface,IFT_NULL

2020-02-06 13:30:49.701000+00:00,spine3,sg10,obt-collector1,3,1,39,35,,,,,,,0,0,1,1,Null interface,IFT_NULL

2020-02-06 13:30:59.701000+00:00,spine3,sg10,obt-collector1,3,1,39,35,,,,,,,0,0,1,1,Null interface,IFT_NULL

2020-02-06 13:31:09.677000+00:00,spine3,sg10,obt-collector1,3,1,39,35,,,,,,,0,0,1,1,Null interface,IFT_NULL

2020-02-06 13:31:19.653000+00:00,spine3,sg10,obt-collector1,3,1,39,35,,,,,,,0,0,1,1,Null interface,IFT_NULL

2020-02-06 13:31:29.686000+00:00,spine3,sg10,obt-collector1,3,1,39,35,,,,,,,0,0,1,1,Null interface,IFT_NULL

2020-02-06 13:31:39.652000+00:00,spine3,sg10,obt-collector1,3,1,39,35,,,,,,,0,0,1,1,Null interface,IFT_NULL

2020-02-06 13:31:49.665000+00:00,spine3,sg10,obt-collector1,3,1,39,35,,,,,,,0,0,1,1,Null interface,IFT_NULL

2020-02-06 13:31:59.676000+00:00,spine3,sg10,obt-collector1,3,1,39,35,,,,,,,0,0,1,1,Null interface,IFT_NULL

2020-02-06 13:32:09.661000+00:00,spine3,sg10,obt-collector1,3,1,39,35,,,,,,,0,0,1,1,Null interface,IFT_NULL

2020-02-06 13:32:19.758000+00:00,spine3,sg10,obt-collector1,3,1,39,35,,,,,,,0,0,1,1,Null interface,IFT_NULL

2020-02-06 13:32:29.695000+00:00,spine3,sg10,obt-collector1,3,1,39,35,,,,,,,0,0,1,1,Null interface,IFT_NULL

2020-02-06 13:32:39.710000+00:00,spine3,sg10,obt-collector1,3,1,39,35,,,,,,,0,0,1,1,Null interface,IFT_NULL

2020-02-06 13:32:49.751000+00:00,spine3,sg10,obt-collector1,3,1,39,35,,,,,,,0,0,1,1,Null interface,IFT_NULL

2020-02-06 13:32:59.765000+00:00,spine3,sg10,obt-collector1,3,1,39,35,,,,,,,0,0,1,1,Null interface,IFT_NULL

2020-02-06 13:33:09.698000+00:00,spine3,sg10,obt-collector1,3,1,39,35,,,,,,,0,0,1,1,Null interface,IFT_NULL

2020-02-06 13:33:19.719000+00:00,spine3,sg10,obt-collector1,3,1,39,35,,,,,,,0,0,1,1,Null interface,IFT_NULL

2020-02-06 13:33:29.722000+00:00,spine3,sg10,obt-collector1,3,1,39,35,,,,,,,0,0,1,1,Null interface,IFT_NULL

2020-02-06 13:33:39.696000+00:00,spine3,sg10,obt-collector1,3,1,39,35,,,,,,,0,0,1,1,Null interface,IFT_NULL

2020-02-06 13:33:49.727000+00:00,spine3,sg10,obt-collector1,3,1,39,35,,,,,,,0,0,1,1,Null interface,IFT_NULL

2020-02-06 13:33:59.735000+00:00,spine3,sg10,obt-collector1,3,1,39,35,,,,,,,0,0,1,1,Null interface,IFT_NULL

2020-02-06 13:34:09.767000+00:00,spine3,sg10,obt-collector1,3,1,39,35,,,,,,,0,0,1,1,Null interface,IFT_NULL

2020-02-06 13:34:19.694000+00:00,spine3,sg10,obt-collector1,3,1,39,35,,,,,,,0,0,1,1,Null interface,IFT_NULL

2020-02-06 13:34:29.664000+00:00,spine3,sg10,obt-collector1,3,1,39,35,,,,,,,0,0,1,1,Null interface,IFT_NULL

2020-02-06 13:34:39.724000+00:00,spine3,sg10,obt-collector1,3,1,39,35,,,,,,,0,0,1,1,Null interface,IFT_NULL

2020-02-06 13:34:49.748000+00:00,spine3,sg10,obt-collector1,3,1,39,35,,,,,,,0,0,1,1,Null interface,IFT_NULL

2020-02-06 13:34:59.737000+00:00,spine3,sg10,obt-collector1,3,1,39,35,,,,,,,0,0,1,1,Null interface,IFT_NULL

2020-02-06 13:35:09.750000+00:00,spine3,sg10,obt-collector1,3,1,39,35,,,,,,,0,0,1,1,Null interface,IFT_NULL

2020-02-06 13:35:19.731000+00:00,spine3,sg10,obt-collector1,3,1,39,35,,,,,,,0,0,1,1,Null interface,IFT_NULL

2020-02-06 13:35:29.716000+00:00,spine3,sg10,obt-collector1,3,1,39,35,,,,,,,0,0,1,1,Null interface,IFT_NULL

2020-02-06 13:35:39.689000+00:00,spine3,sg10,obt-collector1,3,1,39,35,,,,,,,0,0,1,1,Null interface,IFT_NULL

2020-02-06 13:35:49.681000+00:00,spine3,sg10,obt-collector1,3,1,39,35,,,,,,,0,0,1,1,Null interface,IFT_NULL

2020-02-06 13:35:59.727000+00:00,spine3,sg10,obt-collector1,3,1,39,35,,,,,,,0,0,1,1,Null interface,IFT_NULL

2020-02-06 13:36:09.673000+00:00,spine3,sg10,obt-collector1,3,1,39,35,,,,,,,0,0,1,1,Null interface,IFT_NULL

2020-02-06 13:36:19.699000+00:00,spine3,sg10,obt-collector1,3,1,39,35,,,,,,,0,0,1,1,Null interface,IFT_NULL

2020-02-06 13:36:29.676000+00:00,spine3,sg10,obt-collector1,3,1,39,35,,,,,,,0,0,1,1,Null interface,IFT_NULL

2020-02-06 13:36:39.688000+00:00,spine3,sg10,obt-collector1,3,1,39,35,,,,,,,0,0,1,1,Null interface,IFT_NULL

2020-02-06 13:36:49.665000+00:00,spine3,sg10,obt-collector1,3,1,39,35,,,,,,,0,0,1,1,Null interface,IFT_NULL

2020-02-06 13:36:59.659000+00:00,spine3,sg10,obt-collector1,3,1,39,35,,,,,,,0,0,1,1,Null interface,IFT_NULL

2020-02-06 13:37:09.684000+00:00,spine3,sg10,obt-collector1,3,1,39,35,,,,,,,0,0,1,1,Null interface,IFT_NULL

2020-02-06 13:37:19.671000+00:00,spine3,sg10,obt-collector1,3,1,39,35,,,,,,,0,0,1,1,Null interface,IFT_NULL

2020-02-06 13:37:29.702000+00:00,spine3,sg10,obt-collector1,3,1,39,35,,,,,,,0,0,1,1,Null interface,IFT_NULL

2020-02-06 13:37:39.679000+00:00,spine3,sg10,obt-collector1,3,1,39,35,,,,,,,0,0,1,1,Null interface,IFT_NULL

2020-02-06 13:37:49.721000+00:00,spine3,sg10,obt-collector1,3,1,39,35,,,,,,,0,0,1,1,Null interface,IFT_NULL

2020-02-06 13:37:59.682000+00:00,spine3,sg10,obt-collector1,3,1,39,35,,,,,,,0,0,1,1,Null interface,IFT_NULL

2020-02-06 13:38:09.714000+00:00,spine3,sg10,obt-collector1,3,1,39,35,,,,,,,0,0,1,1,Null interface,IFT_NULL

2020-02-06 13:38:19.709000+00:00,spine3,sg10,obt-collector1,3,1,39,35,,,,,,,0,0,1,1,Null interface,IFT_NULL

2020-02-06 13:38:29.706000+00:00,spine3,sg10,obt-collector1,3,1,39,35,,,,,,,0,0,1,1,Null interface,IFT_NULL

2020-02-06 13:38:39.749000+00:00,spine3,sg10,obt-collector1,3,1,39,35,,,,,,,0,0,1,1,Null interface,IFT_NULL

2020-02-06 13:38:49.710000+00:00,spine3,sg10,obt-collector1,3,1,39,35,,,,,,,0,0,1,1,Null interface,IFT_NULL

2020-02-06 13:38:59.726000+00:00,spine3,sg10,obt-collector1,3,1,39,35,,,,,,,0,0,1,1,Null interface,IFT_NULL

2020-02-06 13:39:09.706000+00:00,spine3,sg10,obt-collector1,3,1,39,35,,,,,,,0,0,1,1,Null interface,IFT_NULL

2020-02-06 13:39:19.735000+00:00,spine3,sg10,obt-collector1,3,1,39,35,,,,,,,0,0,1,1,Null interface,IFT_NULL

2020-02-06 13:39:29.738000+00:00,spine3,sg10,obt-collector1,3,1,39,35,,,,,,,0,0,1,1,Null interface,IFT_NULL

2020-02-06 13:39:39.788000+00:00,spine3,sg10,obt-collector1,3,1,39,35,,,,,,,0,0,1,1,Null interface,IFT_NULL

2020-02-06 13:39:49.717000+00:00,spine3,sg10,obt-collector1,3,1,39,35,,,,,,,0,0,1,1,Null interface,IFT_NULL

2020-02-06 13:39:59.694000+00:00,spine3,sg10,obt-collector1,3,1,39,35,,,,,,,0,0,1,1,Null interface,IFT_NULL

2020-02-06 13:40:09.675000+00:00,spine3,sg10,obt-collector1,3,1,39,35,,,,,,,0,0,1,1,Null interface,IFT_NULL

2020-02-06 13:40:19.674000+00:00,spine3,sg10,obt-collector1,3,1,39,35,,,,,,,0,0,1,1,Null interface,IFT_NULL

