,Producer,Target,host,interface-counts/admin-down-interface-count,interface-counts/down-interface-count,interface-counts/interface-count,interface-counts/up-interface-count,interface-type-list/interface-counts/admin-down-interface-count,interface-type-list/interface-counts/down-interface-count,interface-type-list/interface-counts/interface-count,interface-type-list/interface-counts/up-interface-count,interface-type-list/interface-type-description,interface-type-list/interface-type-name,interface-type/interface-counts/admin-down-interface-count,interface-type/interface-counts/down-interface-count,interface-type/interface-counts/interface-count,interface-type/interface-counts/up-interface-count,interface-type/interface-type-description,interface-type/interface-type-name

2020-02-05 01:41:29.312000+00:00,leaf7,sg10,obt-collector1,2,10,39,27,,,,,,,0,0,1,1,Null interface,IFT_NULL

2020-02-05 01:42:09.936000+00:00,leaf7,sg10,obt-collector1,2,10,39,27,,,,,,,0,0,1,1,Null interface,IFT_NULL

2020-02-05 01:42:24.374000+00:00,leaf7,sg10,obt-collector1,2,10,39,27,,,,,,,0,0,1,1,Null interface,IFT_NULL

2020-02-05 01:42:38.887000+00:00,leaf7,sg10,obt-collector1,2,10,39,27,,,,,,,0,0,1,1,Null interface,IFT_NULL

2020-02-05 01:42:53.320000+00:00,leaf7,sg10,obt-collector1,2,10,39,27,,,,,,,0,0,1,1,Null interface,IFT_NULL

2020-02-05 01:43:07.775000+00:00,leaf7,sg10,obt-collector1,2,10,39,27,,,,,,,0,0,1,1,Null interface,IFT_NULL

2020-02-05 01:43:48.418000+00:00,leaf7,sg10,obt-collector1,2,10,39,27,,,,,,,0,0,1,1,Null interface,IFT_NULL

2020-02-05 01:44:02.847000+00:00,leaf7,sg10,obt-collector1,2,10,39,27,,,,,,,0,0,1,1,Null interface,IFT_NULL

2020-02-05 01:44:17.287000+00:00,leaf7,sg10,obt-collector1,2,10,39,27,,,,,,,0,0,1,1,Null interface,IFT_NULL

2020-02-05 01:44:31.790000+00:00,leaf7,sg10,obt-collector1,2,10,39,27,,,,,,,0,0,1,1,Null interface,IFT_NULL

2020-02-05 01:44:46.755000+00:00,leaf7,sg10,obt-collector1,2,10,39,27,,,,,,,0,0,1,1,Null interface,IFT_NULL

2020-02-05 01:45:27.007000+00:00,leaf7,sg10,obt-collector1,2,10,39,27,,,,,,,0,0,1,1,Null interface,IFT_NULL

2020-02-05 01:45:41.455000+00:00,leaf7,sg10,obt-collector1,2,10,39,27,,,,,,,0,0,1,1,Null interface,IFT_NULL

2020-02-05 01:45:56.752000+00:00,leaf7,sg10,obt-collector1,2,10,39,27,,,,,,,0,0,1,1,Null interface,IFT_NULL

2020-02-05 01:46:11.196000+00:00,leaf7,sg10,obt-collector1,2,10,39,27,,,,,,,0,0,1,1,Null interface,IFT_NULL

2020-02-05 01:46:26.307000+00:00,leaf7,sg10,obt-collector1,2,10,39,27,,,,,,,0,0,1,1,Null interface,IFT_NULL

2020-02-05 01:47:06.744000+00:00,leaf7,sg10,obt-collector1,2,10,39,27,,,,,,,0,0,1,1,Null interface,IFT_NULL

2020-02-05 01:47:21.183000+00:00,leaf7,sg10,obt-collector1,2,10,39,27,,,,,,,0,0,1,1,Null interface,IFT_NULL

2020-02-05 01:47:36.281000+00:00,leaf7,sg10,obt-collector1,2,10,39,27,,,,,,,0,0,1,1,Null interface,IFT_NULL

2020-02-05 01:47:50.727000+00:00,leaf7,sg10,obt-collector1,2,10,39,27,,,,,,,0,0,1,1,Null interface,IFT_NULL

2020-02-05 01:48:05.179000+00:00,leaf7,sg10,obt-collector1,2,10,39,27,,,,,,,0,0,1,1,Null interface,IFT_NULL

2020-02-05 01:48:46.747000+00:00,leaf7,sg10,obt-collector1,2,10,39,27,,,,,,,0,0,1,1,Null interface,IFT_NULL

2020-02-05 01:49:01.186000+00:00,leaf7,sg10,obt-collector1,2,10,39,27,,,,,,,0,0,1,1,Null interface,IFT_NULL

2020-02-05 01:49:16.292000+00:00,leaf7,sg10,obt-collector1,2,10,39,27,,,,,,,0,0,1,1,Null interface,IFT_NULL

2020-02-05 01:49:30.872000+00:00,leaf7,sg10,obt-collector1,2,10,39,27,,,,,,,0,0,1,1,Null interface,IFT_NULL

2020-02-05 01:49:45.402000+00:00,leaf7,sg10,obt-collector1,2,10,39,27,,,,,,,0,0,1,1,Null interface,IFT_NULL

2020-02-05 01:50:26.768000+00:00,leaf7,sg10,obt-collector1,2,10,39,27,,,,,,,0,0,1,1,Null interface,IFT_NULL

2020-02-05 01:50:41.240000+00:00,leaf7,sg10,obt-collector1,3,10,39,26,,,,,,,0,0,1,1,Null interface,IFT_NULL

2020-02-05 01:50:56.358000+00:00,leaf7,sg10,obt-collector1,3,10,39,26,,,,,,,0,0,1,1,Null interface,IFT_NULL

2020-02-05 01:51:10.793000+00:00,leaf7,sg10,obt-collector1,3,10,39,26,,,,,,,0,0,1,1,Null interface,IFT_NULL

2020-02-05 01:51:25.227000+00:00,leaf7,sg10,obt-collector1,3,10,39,26,,,,,,,0,0,1,1,Null interface,IFT_NULL

2020-02-05 01:52:06.759000+00:00,leaf7,sg10,obt-collector1,3,10,39,26,,,,,,,0,0,1,1,Null interface,IFT_NULL

2020-02-05 01:52:21.200000+00:00,leaf7,sg10,obt-collector1,3,10,39,26,,,,,,,0,0,1,1,Null interface,IFT_NULL

2020-02-05 01:52:36.324000+00:00,leaf7,sg10,obt-collector1,3,10,39,26,,,,,,,0,0,1,1,Null interface,IFT_NULL

2020-02-05 01:52:50.957000+00:00,leaf7,sg10,obt-collector1,3,10,39,26,,,,,,,0,0,1,1,Null interface,IFT_NULL

2020-02-05 01:53:05.480000+00:00,leaf7,sg10,obt-collector1,3,10,39,26,,,,,,,0,0,1,1,Null interface,IFT_NULL

2020-02-05 01:53:46.773000+00:00,leaf7,sg10,obt-collector1,3,10,39,26,,,,,,,0,0,1,1,Null interface,IFT_NULL

2020-02-05 01:54:01.965000+00:00,leaf7,sg10,obt-collector1,3,10,39,26,,,,,,,0,0,1,1,Null interface,IFT_NULL

2020-02-05 01:54:16.764000+00:00,leaf7,sg10,obt-collector1,3,10,39,26,,,,,,,0,0,1,1,Null interface,IFT_NULL

2020-02-05 01:54:31.233000+00:00,leaf7,sg10,obt-collector1,3,10,39,26,,,,,,,0,0,1,1,Null interface,IFT_NULL

2020-02-05 01:54:46.347000+00:00,leaf7,sg10,obt-collector1,3,10,39,26,,,,,,,0,0,1,1,Null interface,IFT_NULL

2020-02-05 01:55:26.761000+00:00,leaf7,sg10,obt-collector1,3,10,39,26,,,,,,,0,0,1,1,Null interface,IFT_NULL

2020-02-05 01:55:41.194000+00:00,leaf7,sg10,obt-collector1,3,10,39,26,,,,,,,0,0,1,1,Null interface,IFT_NULL

2020-02-05 01:55:56.278000+00:00,leaf7,sg10,obt-collector1,3,10,39,26,,,,,,,0,0,1,1,Null interface,IFT_NULL

2020-02-05 01:56:10.833000+00:00,leaf7,sg10,obt-collector1,3,10,39,26,,,,,,,0,0,1,1,Null interface,IFT_NULL

2020-02-05 01:56:25.321000+00:00,leaf7,sg10,obt-collector1,3,10,39,26,,,,,,,0,0,1,1,Null interface,IFT_NULL

2020-02-05 01:57:06.812000+00:00,leaf7,sg10,obt-collector1,3,10,39,26,,,,,,,0,0,1,1,Null interface,IFT_NULL

2020-02-05 01:57:21.355000+00:00,leaf7,sg10,obt-collector1,3,10,39,26,,,,,,,0,0,1,1,Null interface,IFT_NULL

2020-02-05 01:57:36.809000+00:00,leaf7,sg10,obt-collector1,3,10,39,26,,,,,,,0,0,1,1,Null interface,IFT_NULL

2020-02-05 01:57:51.271000+00:00,leaf7,sg10,obt-collector1,3,10,39,26,,,,,,,0,0,1,1,Null interface,IFT_NULL

2020-02-05 01:58:06.348000+00:00,leaf7,sg10,obt-collector1,3,10,39,26,,,,,,,0,0,1,1,Null interface,IFT_NULL

2020-02-05 01:58:46.766000+00:00,leaf7,sg10,obt-collector1,3,10,39,26,,,,,,,0,0,1,1,Null interface,IFT_NULL

2020-02-05 01:59:01.197000+00:00,leaf7,sg10,obt-collector1,3,10,39,26,,,,,,,0,0,1,1,Null interface,IFT_NULL

2020-02-05 01:59:16.314000+00:00,leaf7,sg10,obt-collector1,3,10,39,26,,,,,,,0,0,1,1,Null interface,IFT_NULL

2020-02-05 01:59:30.887000+00:00,leaf7,sg10,obt-collector1,3,10,39,26,,,,,,,0,0,1,1,Null interface,IFT_NULL

2020-02-05 01:59:45.323000+00:00,leaf7,sg10,obt-collector1,3,10,39,26,,,,,,,0,0,1,1,Null interface,IFT_NULL

2020-02-05 02:00:26.764000+00:00,leaf7,sg10,obt-collector1,3,10,39,26,,,,,,,0,0,1,1,Null interface,IFT_NULL

2020-02-05 02:00:41.313000+00:00,leaf7,sg10,obt-collector1,2,11,39,26,,,,,,,0,0,1,1,Null interface,IFT_NULL

2020-02-05 02:00:56.388000+00:00,leaf7,sg10,obt-collector1,2,10,39,27,,,,,,,0,0,1,1,Null interface,IFT_NULL

2020-02-05 02:01:10.836000+00:00,leaf7,sg10,obt-collector1,2,10,39,27,,,,,,,0,0,1,1,Null interface,IFT_NULL

2020-02-05 02:01:25.402000+00:00,leaf7,sg10,obt-collector1,2,10,39,27,,,,,,,0,0,1,1,Null interface,IFT_NULL

2020-02-05 02:02:06.800000+00:00,leaf7,sg10,obt-collector1,2,10,39,27,,,,,,,0,0,1,1,Null interface,IFT_NULL

2020-02-05 02:02:21.254000+00:00,leaf7,sg10,obt-collector1,2,10,39,27,,,,,,,0,0,1,1,Null interface,IFT_NULL

2020-02-05 02:02:36.313000+00:00,leaf7,sg10,obt-collector1,2,10,39,27,,,,,,,0,0,1,1,Null interface,IFT_NULL

2020-02-05 02:02:50.758000+00:00,leaf7,sg10,obt-collector1,2,10,39,27,,,,,,,0,0,1,1,Null interface,IFT_NULL

2020-02-05 02:03:05.213000+00:00,leaf7,sg10,obt-collector1,2,10,39,27,,,,,,,0,0,1,1,Null interface,IFT_NULL

2020-02-05 02:03:46.768000+00:00,leaf7,sg10,obt-collector1,2,10,39,27,,,,,,,0,0,1,1,Null interface,IFT_NULL

2020-02-05 02:04:01.286000+00:00,leaf7,sg10,obt-collector1,2,10,39,27,,,,,,,0,0,1,1,Null interface,IFT_NULL

2020-02-05 02:04:16.396000+00:00,leaf7,sg10,obt-collector1,2,10,39,27,,,,,,,0,0,1,1,Null interface,IFT_NULL

2020-02-05 02:04:30.837000+00:00,leaf7,sg10,obt-collector1,2,10,39,27,,,,,,,0,0,1,1,Null interface,IFT_NULL

2020-02-05 02:04:45.362000+00:00,leaf7,sg10,obt-collector1,2,10,39,27,,,,,,,0,0,1,1,Null interface,IFT_NULL

2020-02-05 02:05:26.774000+00:00,leaf7,sg10,obt-collector1,2,10,39,27,,,,,,,0,0,1,1,Null interface,IFT_NULL

