,Producer,Target,ack-only-packets-sent,ack-packets-for-unsent-received,ack-packets-received,ackbytes-received,after-window-bytes-received,after-window-packets-received,bad-checksum-packets-received,bytes-retransmitted,connection-rate-limited,connections-accepted,connections-closed,connections-dropped,connections-established,connections-failed,connections-forcibly-closed,connections-requested,control-packets-sent,data-bytes-received-in-sequence,data-bytes-sent,data-packets-received-in-sequence,data-pakets-sent,delay-ack-packets-sent,duplicate-bytes-received,duplicate-packets-received,duplicated-ack-packets-received,embryonic-connection-dropped,established-connections-reset,high-water-mark-throttle,host,i-qs-total-egpackets,i-qs-total-ingpackets,id,iq-ingress-drops,iq-sock-aborts,iq-sock-retries,iq-sock-writes,iqs-total-egpacket/entry,iqs-total-ingpacket/entry,keep-alive-dropped,keep-alive-probes,keep-alive-timeouts,low-water-mark-throttle,malformed-packets-received,mss-down,mss-up,no-port-packets-received,no-throttle,num-open-sockets,out-of-order-bytes-received,out-of-order-packets-received,packet-failures,packets-received-after-close-packet,packets-retransmitted,partial-duplicate-ack-received,partial-duplicate-bytes-received,paws-dropped,persist-dropped,pulse-errors,reassembly-packets,received-auth-packets-dropped,received-packets-dropped,received-packets-dropped-stale-c-hdr,recovered-packets,retransmit-dropped,retransmit-timeouts,rst-packets-sent,send-auth-packets-dropped,send-packets-dropped,sock-async-double-free-prevent-count,sockbuf-pak-res-cur,sockbuf-pak-res-max,socket-layer-packets,stalled-timer-tickle-count,stalled-timer-tickle-time,syn-cache-aborted,syn-cache-added,syn-cache-bucket-oflow,syn-cache-completed,syn-cache-count,syn-cache-dropped,syn-cache-duplicate-sy-ns,syn-cache-overflow,syn-cache-reset,syn-cache-timed-out,syn-cache-unreach,synacl-match-pkts-dropped,too-short-packets-received,total-i-qs,total-packets-received,total-pakets-sent,truncated-write-iov,try-lock-dropped,urgent-only-packets-sent,window-probe-packets-received,window-probe-packets-sent,window-update-packets-received,window-update-packets-sent

2020-02-05 01:41:28.605000+00:00,dr03,sg0,29269515,0,30541678,766191446,0,0,6,165902,0,5198,62657,37012,26951,212313,0,234080,918484,652561584,766154042,30555944,60046141,29121785,109480,2537,91,35320,284,0,obt-collector1,0,0,0/RP0/CPU0,0,0,0,60799505,,,35320,2850,426696,4,0,0,0,16233,96382,35,53320,44,0,0,637033,14,266,0,0,0,0,0,16642,0,0,1,694400,16292,0,0,,,,0,0,0,0,225,0,0,0,0,0,0,225,0,0,0,0,8,60808207,60702459,0,0,0,0,0,30490276,96386

2020-02-05 01:41:38.656000+00:00,dr03,sg0,29269549,0,30541718,766192206,0,0,6,165902,0,5198,62657,37012,26951,212313,0,234081,918487,652562344,766154802,30555984,60046216,29121819,109480,2537,91,35320,284,0,obt-collector1,0,0,0/RP0/CPU0,0,0,0,60799585,,,35320,2850,426697,4,0,0,0,16233,96382,35,53320,44,0,0,637035,14,266,0,0,0,0,0,16642,0,0,1,694402,16292,0,0,,,,0,0,0,0,225,0,0,0,0,0,0,225,0,0,0,0,8,60808290,60702536,0,0,0,0,0,30490316,96386

2020-02-05 01:41:48.708000+00:00,dr03,sg0,29269593,0,30541758,766193124,0,0,6,165902,0,5198,62657,37012,26951,212313,0,234081,918488,652563698,766155720,30556033,60046300,29121863,109480,2537,91,35320,284,0,obt-collector1,0,0,0/RP0/CPU0,0,0,0,60799674,,,35320,2851,426698,4,0,0,0,16233,96382,35,53320,44,0,0,637036,14,266,0,0,0,0,0,16642,0,0,1,694403,16292,0,0,,,,0,0,0,0,225,0,0,0,0,0,0,225,0,0,0,0,8,60808378,60702622,0,0,0,0,0,30490356,96386

2020-02-05 01:41:58.761000+00:00,dr03,sg0,29269627,0,30541798,766193884,0,0,6,165902,0,5198,62657,37012,26951,212313,0,234081,918488,652564458,766156480,30556073,60046374,29121897,109480,2537,91,35320,284,0,obt-collector1,0,0,0/RP0/CPU0,0,0,0,60799754,,,35320,2851,426698,4,0,0,0,16233,96382,35,53320,44,0,0,637036,14,266,0,0,0,0,0,16642,0,0,1,694403,16292,0,0,,,,0,0,0,0,225,0,0,0,0,0,0,225,0,0,0,0,8,60808458,60702696,0,0,0,0,0,30490396,96386

2020-02-05 01:42:08.811000+00:00,dr03,sg0,29269661,0,30541839,766194663,0,0,6,165902,0,5198,62657,37012,26951,212314,0,234082,918490,652565218,766157240,30556113,60046449,29121931,109480,2537,91,35320,284,0,obt-collector1,0,0,0/RP0/CPU0,0,0,0,60799834,,,35320,2851,426700,4,0,0,0,16233,96382,35,53320,44,0,0,637037,14,266,0,0,0,0,0,16642,0,0,1,694404,16292,0,0,,,,0,0,0,0,225,0,0,0,0,0,0,225,0,0,0,0,8,60808541,60702772,0,0,0,0,0,30490437,96386

2020-02-05 01:42:18.862000+00:00,dr03,sg0,29269703,0,30541881,766195627,0,0,6,165902,0,5198,62657,37012,26951,212314,0,234082,918491,652566885,766158204,30556161,60046533,29121972,109480,2537,91,35320,284,0,obt-collector1,0,0,0/RP0/CPU0,0,0,0,60799924,,,35320,2852,426701,4,0,0,0,16233,96383,35,53320,44,0,0,637038,14,266,0,0,0,0,0,16642,0,0,1,694405,16292,0,0,,,,0,0,0,0,225,0,0,0,0,0,0,225,0,0,0,0,8,60808630,60702858,0,0,0,0,0,30490479,96387

2020-02-05 01:42:28.912000+00:00,dr03,sg0,29269737,0,30541921,766196387,0,0,6,165902,0,5198,62657,37012,26951,212314,0,234082,918492,652567645,766158964,30556201,60046607,29122006,109480,2537,91,35320,284,0,obt-collector1,0,0,0/RP0/CPU0,0,0,0,60800004,,,35320,2852,426701,4,0,0,0,16233,96383,35,53320,44,0,0,637039,14,266,0,0,0,0,0,16642,0,0,1,694406,16292,0,0,,,,0,0,0,0,225,0,0,0,0,0,0,225,0,0,0,0,8,60808711,60702933,0,0,0,0,0,30490519,96387

2020-02-05 01:42:38.962000+00:00,dr03,sg0,29269771,0,30541961,766197147,0,0,6,165902,0,5198,62657,37012,26951,212315,0,234082,918492,652568405,766159724,30556241,60046681,29122040,109480,2537,91,35320,284,0,obt-collector1,0,0,0/RP0/CPU0,0,0,0,60800084,,,35320,2852,426702,4,0,0,0,16233,96383,35,53320,44,0,0,637039,14,266,0,0,0,0,0,16642,0,0,1,694406,16292,0,0,,,,0,0,0,0,225,0,0,0,0,0,0,225,0,0,0,0,8,60808791,60703007,0,0,0,0,0,30490559,96387

2020-02-05 01:42:49.012000+00:00,dr03,sg0,29269809,0,30542001,766198089,0,0,6,165902,0,5198,62657,37012,26951,212315,0,234083,918495,652569400,766160666,30556285,60046760,29122078,109480,2537,91,35320,284,0,obt-collector1,0,0,0/RP0/CPU0,0,0,0,60800168,,,35320,2853,426704,4,0,0,0,16233,96383,34,53320,44,0,0,637041,14,266,0,0,0,0,0,16642,0,0,1,694408,16292,0,0,,,,0,0,0,0,225,0,0,0,0,0,0,225,0,0,0,0,8,60808878,60703089,0,0,0,0,0,30490599,96387

2020-02-05 01:42:59.061000+00:00,dr03,sg0,29269843,0,30542041,766198849,0,0,6,165902,0,5198,62657,37012,26951,212315,0,234083,918496,652570160,766161426,30556325,60046834,29122112,109480,2537,91,35320,284,0,obt-collector1,0,0,0/RP0/CPU0,0,0,0,60800248,,,35320,2853,426704,4,0,0,0,16233,96383,34,53320,44,0,0,637042,14,266,0,0,0,0,0,16642,0,0,1,694409,16292,0,0,,,,0,0,0,0,225,0,0,0,0,0,0,225,0,0,0,0,8,60808959,60703164,0,0,0,0,0,30490639,96387

2020-02-05 01:43:09.111000+00:00,dr03,sg0,29269877,0,30542081,766199609,0,0,6,165902,0,5198,62657,37012,26951,212315,0,234083,918496,652570920,766162186,30556365,60046908,29122146,109480,2537,91,35320,284,0,obt-collector1,0,0,0/RP0/CPU0,0,0,0,60800328,,,35320,2853,426704,4,0,0,0,16233,96383,34,53320,44,0,0,637042,14,266,0,0,0,0,0,16642,0,0,1,694409,16292,0,0,,,,0,0,0,0,225,0,0,0,0,0,0,225,0,0,0,0,8,60809039,60703238,0,0,0,0,0,30490679,96387

2020-02-05 01:43:19.162000+00:00,dr03,sg0,29269911,0,30542123,766200425,0,0,6,165902,0,5198,62658,37013,26951,212316,0,234084,918498,652571689,766163002,30556405,60046985,29122180,109480,2537,91,35321,284,0,obt-collector1,0,0,0/RP0/CPU0,0,0,0,60800413,,,35321,2854,426707,4,0,0,0,16233,96383,35,53320,44,0,0,637043,14,266,0,0,0,0,0,16642,0,0,1,694411,16292,0,0,,,,0,0,0,0,225,0,0,0,0,0,0,225,0,0,0,0,8,60809124,60703317,0,0,0,0,0,30490721,96387

2020-02-05 01:43:29.212000+00:00,dr03,sg0,29269945,0,30542163,766201185,0,0,6,165902,0,5198,62658,37013,26951,212316,0,234084,918499,652572449,766163762,30556445,60047059,29122214,109480,2537,91,35321,284,0,obt-collector1,0,0,0/RP0/CPU0,0,0,0,60800493,,,35321,2854,426707,4,0,0,0,16233,96383,35,53320,44,0,0,637044,14,266,0,0,0,0,0,16642,0,0,1,694412,16292,0,0,,,,0,0,0,0,225,0,0,0,0,0,0,225,0,0,0,0,8,60809205,60703392,0,0,0,0,0,30490761,96387

2020-02-05 01:43:39.262000+00:00,dr03,sg0,29269979,0,30542203,766201945,0,0,6,165902,0,5198,62658,37013,26951,212316,0,234084,918499,652573209,766164522,30556485,60047133,29122248,109480,2537,91,35321,284,0,obt-collector1,0,0,0/RP0/CPU0,0,0,0,60800573,,,35321,2854,426707,4,0,0,0,16233,96383,35,53320,44,0,0,637044,14,266,0,0,0,0,0,16642,0,0,1,694412,16292,0,0,,,,0,0,0,0,225,0,0,0,0,0,0,225,0,0,0,0,8,60809285,60703466,0,0,0,0,0,30490801,96387

2020-02-05 01:43:49.313000+00:00,dr03,sg0,29270013,0,30542243,766202705,0,0,6,165902,0,5198,62658,37013,26951,212317,0,234084,918500,652573969,766165282,30556525,60047207,29122282,109480,2537,91,35321,284,0,obt-collector1,0,0,0/RP0/CPU0,0,0,0,60800653,,,35321,2855,426709,4,0,0,0,16233,96383,35,53320,44,0,0,637045,14,266,0,0,0,0,0,16642,0,0,1,694413,16292,0,0,,,,0,0,0,0,225,0,0,0,0,0,0,225,0,0,0,0,8,60809367,60703542,0,0,0,0,0,30490841,96387

2020-02-05 01:43:59.362000+00:00,dr03,sg0,29270047,0,30542283,766203465,0,0,6,165902,0,5198,62658,37013,26951,212317,0,234085,918503,652574729,766166042,30556565,60047282,29122316,109480,2537,91,35321,284,0,obt-collector1,0,0,0/RP0/CPU0,0,0,0,60800733,,,35321,2855,426710,4,0,0,0,16233,96383,35,53320,44,0,0,637047,14,266,0,0,0,0,0,16642,0,0,1,694415,16292,0,0,,,,0,0,0,0,225,0,0,0,0,0,0,225,0,0,0,0,8,60809450,60703619,0,0,0,0,0,30490881,96387

2020-02-05 01:44:09.411000+00:00,dr03,sg0,29270081,0,30542323,766204225,0,0,6,165902,0,5198,62658,37013,26951,212317,0,234085,918504,652575489,766166802,30556605,60047356,29122350,109480,2537,91,35321,284,0,obt-collector1,0,0,0/RP0/CPU0,0,0,0,60800813,,,35321,2855,426710,4,0,0,0,16233,96383,35,53320,44,0,0,637048,14,266,0,0,0,0,0,16642,0,0,1,694416,16292,0,0,,,,0,0,0,0,225,0,0,0,0,0,0,225,0,0,0,0,8,60809531,60703694,0,0,0,0,0,30490921,96387

2020-02-05 01:44:19.460000+00:00,dr03,sg0,29270115,0,30542363,766204985,0,0,6,165902,0,5198,62658,37013,26951,212317,0,234085,918504,652576287,766167562,30556647,60047430,29122384,109480,2537,91,35321,284,0,obt-collector1,0,0,0/RP0/CPU0,0,0,0,60800895,,,35321,2856,426711,4,0,0,0,16233,96383,35,53320,44,0,0,637048,14,266,0,0,0,0,0,16642,0,0,1,694416,16292,0,0,,,,0,0,0,0,225,0,0,0,0,0,0,225,0,0,0,0,8,60809614,60703769,0,0,0,0,0,30490961,96387

2020-02-05 01:44:29.512000+00:00,dr03,sg0,29270149,0,30542403,766205745,0,0,6,165902,0,5198,62658,37013,26951,212318,0,234086,918506,652577180,766168322,30556694,60047505,29122418,109480,2537,91,35321,284,0,obt-collector1,0,0,0/RP0/CPU0,0,0,0,60800982,,,35321,2856,426713,4,0,0,0,16233,96383,35,53320,44,0,0,637049,14,266,0,0,0,0,0,16642,0,0,1,694417,16292,0,0,,,,0,0,0,0,225,0,0,0,0,0,0,225,0,0,0,0,8,60809703,60703845,0,0,0,0,0,30491001,96387

2020-02-05 01:44:39.570000+00:00,dr03,sg0,29270183,0,30542443,766206505,0,0,6,165902,0,5198,62658,37013,26951,212318,0,234086,918508,652577940,766169082,30556734,60047579,29122452,109480,2537,91,35321,284,0,obt-collector1,0,0,0/RP0/CPU0,0,0,0,60801062,,,35321,2856,426713,4,0,0,0,16233,96383,35,53320,44,0,0,637051,14,266,0,0,0,0,0,16642,0,0,1,694419,16292,0,0,,,,0,0,0,0,225,0,0,0,0,0,0,225,0,0,0,0,8,60809785,60703921,0,0,0,0,0,30491041,96387

2020-02-05 01:44:49.619000+00:00,dr03,sg0,29270217,0,30542483,766207265,0,0,6,165902,0,5198,62658,37013,26951,212318,0,234086,918508,652578700,766169842,30556774,60047653,29122486,109480,2537,91,35321,284,0,obt-collector1,0,0,0/RP0/CPU0,0,0,0,60801142,,,35321,2857,426714,4,0,0,0,16233,96383,35,53320,44,0,0,637051,14,266,0,0,0,0,0,16642,0,0,1,694419,16292,0,0,,,,0,0,0,0,225,0,0,0,0,0,0,225,0,0,0,0,8,60809866,60703996,0,0,0,0,0,30491081,96387

2020-02-05 01:44:59.672000+00:00,dr03,sg0,29270253,0,30542525,766208063,0,0,6,165902,0,5198,62658,37013,26951,212319,0,234086,918508,652579460,766170697,30556814,60047734,29122522,109480,2537,91,35321,284,0,obt-collector1,0,0,0/RP0/CPU0,0,0,0,60801227,,,35321,2857,426715,4,0,0,0,16233,96383,35,53320,44,0,0,637051,14,266,0,0,0,0,0,16642,0,0,1,694419,16292,0,0,,,,0,0,0,0,225,0,0,0,0,0,0,225,0,0,0,0,8,60809948,60704077,0,0,0,0,0,30491123,96387

2020-02-05 01:45:09.722000+00:00,dr03,sg0,29270291,0,30542565,766208823,0,0,6,165902,0,5198,62658,37013,26951,212319,0,234087,918511,652580220,766171457,30556854,60047813,29122560,109480,2537,91,35321,284,0,obt-collector1,0,0,0/RP0/CPU0,0,0,0,60801307,,,35321,2857,426716,4,0,0,0,16233,96383,35,53320,44,0,0,637053,14,266,0,0,0,0,0,16642,0,0,1,694421,16292,0,0,,,,0,0,0,0,225,0,0,0,0,0,0,225,0,0,0,0,8,60810031,60704158,0,0,0,0,0,30491163,96387

2020-02-05 01:45:19.772000+00:00,dr03,sg0,29270325,0,30542605,766209583,0,0,6,165902,0,5198,62658,37013,26951,212319,0,234087,918512,652580980,766172217,30556894,60047887,29122594,109480,2537,91,35321,284,0,obt-collector1,0,0,0/RP0/CPU0,0,0,0,60801387,,,35321,2858,426717,4,0,0,0,16233,96383,35,53320,44,0,0,637054,14,266,0,0,0,0,0,16642,0,0,1,694422,16292,0,0,,,,0,0,0,0,225,0,0,0,0,0,0,225,0,0,0,0,8,60810113,60704234,0,0,0,0,0,30491203,96387

2020-02-05 01:45:29.821000+00:00,dr03,sg0,29270359,0,30542645,766210343,0,0,6,165902,0,5198,62658,37013,26951,212319,0,234087,918512,652581740,766172996,30556934,60047962,29122628,109480,2537,91,35321,284,0,obt-collector1,0,0,0/RP0/CPU0,0,0,0,60801468,,,35321,2858,426717,4,0,0,0,16233,96383,35,53320,44,0,0,637054,14,266,0,0,0,0,0,16642,0,0,1,694422,16292,0,0,,,,0,0,0,0,225,0,0,0,0,0,0,225,0,0,0,0,8,60810193,60704309,0,0,0,0,0,30491243,96387

2020-02-05 01:45:39.870000+00:00,dr03,sg0,29270393,0,30542688,766211160,0,0,6,165902,0,5198,62658,37013,26951,212320,0,234088,918514,652582500,766173756,30556974,60048037,29122662,109480,2537,91,35321,284,0,obt-collector1,0,0,0/RP0/CPU0,0,0,0,60801548,,,35321,2858,426719,4,0,0,0,16233,96383,35,53320,44,0,0,637055,14,266,0,0,0,0,0,16642,0,0,1,694423,16292,0,0,,,,0,0,0,0,225,0,0,0,0,0,0,225,0,0,0,0,8,60810278,60704385,0,0,0,0,0,30491286,96387

2020-02-05 01:45:49.922000+00:00,dr03,sg0,29270427,0,30542728,766211920,0,0,6,165902,0,5198,62658,37013,26951,212320,0,234088,918516,652583260,766174516,30557014,60048111,29122696,109480,2537,91,35321,284,0,obt-collector1,0,0,0/RP0/CPU0,0,0,0,60801628,,,35321,2859,426720,4,0,0,0,16233,96383,35,53320,44,0,0,637057,14,266,0,0,0,0,0,16642,0,0,1,694425,16292,0,0,,,,0,0,0,0,225,0,0,0,0,0,0,225,0,0,0,0,8,60810361,60704462,0,0,0,0,0,30491326,96387

2020-02-05 01:45:59.971000+00:00,dr03,sg0,29270461,0,30542768,766212680,0,0,6,165902,0,5198,62658,37013,26951,212320,0,234088,918516,652584020,766175276,30557054,60048185,29122730,109480,2537,91,35321,284,0,obt-collector1,0,0,0/RP0/CPU0,0,0,0,60801708,,,35321,2859,426720,4,0,0,0,16233,96383,35,53320,44,0,0,637057,14,266,0,0,0,0,0,16642,0,0,1,694425,16292,0,0,,,,0,0,0,0,225,0,0,0,0,0,0,225,0,0,0,0,8,60810441,60704536,0,0,0,0,0,30491366,96387

2020-02-05 01:46:10.023000+00:00,dr03,sg0,29270495,0,30542809,766213459,0,0,6,165902,0,5198,62658,37013,26951,212321,0,234088,918516,652584780,766176036,30557094,60048259,29122764,109480,2537,91,35321,284,0,obt-collector1,0,0,0/RP0/CPU0,0,0,0,60801788,,,35321,2859,426721,4,0,0,0,16233,96383,35,53320,44,0,0,637057,14,266,0,0,0,0,0,16642,0,0,1,694425,16292,0,0,,,,0,0,0,0,225,0,0,0,0,0,0,225,0,0,0,0,8,60810522,60704610,0,0,0,0,0,30491407,96387

2020-02-05 01:46:20.072000+00:00,dr03,sg0,29270529,0,30542849,766214219,0,0,6,165902,0,5198,62658,37013,26951,212321,0,234089,918519,652585540,766176796,30557134,60048334,29122798,109480,2537,91,35321,284,0,obt-collector1,0,0,0/RP0/CPU0,0,0,0,60801868,,,35321,2860,426723,4,0,0,0,16233,96383,34,53320,44,0,0,637059,14,266,0,0,0,0,0,16642,0,0,1,694427,16292,0,0,,,,0,0,0,0,225,0,0,0,0,0,0,225,0,0,0,0,8,60810606,60704688,0,0,0,0,0,30491447,96387

2020-02-05 01:46:30.127000+00:00,dr03,sg0,29270563,0,30542889,766214979,0,0,6,165902,0,5198,62658,37013,26951,212321,0,234089,918520,652586300,766177556,30557174,60048408,29122832,109480,2537,91,35321,284,0,obt-collector1,0,0,0/RP0/CPU0,0,0,0,60801948,,,35321,2860,426723,4,0,0,0,16233,96383,34,53320,44,0,0,637060,14,266,0,0,0,0,0,16642,0,0,1,694428,16292,0,0,,,,0,0,0,0,225,0,0,0,0,0,0,225,0,0,0,0,8,60810687,60704763,0,0,0,0,0,30491487,96387

2020-02-05 01:46:40.179000+00:00,dr03,sg0,29270597,0,30542929,766215739,0,0,6,165902,0,5198,62658,37013,26951,212322,0,234089,918520,652587060,766178316,30557214,60048482,29122866,109480,2537,91,35321,284,0,obt-collector1,0,0,0/RP0/CPU0,0,0,0,60802028,,,35321,2860,426724,4,0,0,0,16233,96383,34,53320,44,0,0,637060,14,266,0,0,0,0,0,16642,0,0,1,694428,16292,0,0,,,,0,0,0,0,225,0,0,0,0,0,0,225,0,0,0,0,8,60810767,60704837,0,0,0,0,0,30491527,96387

2020-02-05 01:46:50.230000+00:00,dr03,sg0,29270631,0,30542969,766216499,0,0,6,165902,0,5198,62659,37014,26951,212322,0,234090,918522,652587820,766179076,30557254,60048557,29122900,109480,2537,91,35322,284,0,obt-collector1,0,0,0/RP0/CPU0,0,0,0,60802111,,,35322,2861,426726,4,0,0,0,16233,96383,35,53320,44,0,0,637061,14,266,0,0,0,0,0,16642,0,0,1,694430,16292,0,0,,,,0,0,0,0,225,0,0,0,0,0,0,225,0,0,0,0,8,60810850,60704914,0,0,0,0,0,30491567,96387

2020-02-05 01:47:00.287000+00:00,dr03,sg0,29270665,0,30543009,766217259,0,0,6,165902,0,5198,62659,37014,26951,212322,0,234090,918523,652588580,766179836,30557294,60048631,29122934,109480,2537,91,35322,284,0,obt-collector1,0,0,0/RP0/CPU0,0,0,0,60802191,,,35322,2861,426726,4,0,0,0,16233,96383,35,53320,44,0,0,637062,14,266,0,0,0,0,0,16642,0,0,1,694431,16292,0,0,,,,0,0,0,0,225,0,0,0,0,0,0,225,0,0,0,0,8,60810931,60704989,0,0,0,0,0,30491607,96387

2020-02-05 01:47:10.342000+00:00,dr03,sg0,29270699,0,30543049,766218019,0,0,6,165902,0,5198,62659,37014,26951,212322,0,234090,918523,652589340,766180596,30557334,60048705,29122968,109480,2537,91,35322,284,0,obt-collector1,0,0,0/RP0/CPU0,0,0,0,60802271,,,35322,2861,426726,4,0,0,0,16233,96383,35,53320,44,0,0,637062,14,266,0,0,0,0,0,16642,0,0,1,694431,16292,0,0,,,,0,0,0,0,225,0,0,0,0,0,0,225,0,0,0,0,8,60811011,60705063,0,0,0,0,0,30491647,96387

2020-02-05 01:47:20.391000+00:00,dr03,sg0,29270733,0,30543089,766218779,0,0,6,165902,0,5198,62659,37014,26951,212323,0,234091,918525,652590100,766181356,30557374,60048780,29123002,109480,2537,91,35322,284,0,obt-collector1,0,0,0/RP0/CPU0,0,0,0,60802351,,,35322,2862,426729,4,0,0,0,16233,96383,35,53320,44,0,0,637063,14,266,0,0,0,0,0,16642,0,0,1,694432,16292,0,0,,,,0,0,0,0,225,0,0,0,0,0,0,225,0,0,0,0,8,60811094,60705140,0,0,0,0,0,30491687,96387

2020-02-05 01:47:30.442000+00:00,dr03,sg0,29270767,0,30543129,766219539,0,0,6,165902,0,5198,62659,37014,26951,212323,0,234091,918527,652590860,766182116,30557414,60048854,29123036,109480,2537,91,35322,284,0,obt-collector1,0,0,0/RP0/CPU0,0,0,0,60802431,,,35322,2862,426729,4,0,0,0,16233,96383,35,53320,44,0,0,637065,14,266,0,0,0,0,0,16642,0,0,1,694434,16292,0,0,,,,0,0,0,0,225,0,0,0,0,0,0,225,0,0,0,0,8,60811176,60705216,0,0,0,0,0,30491727,96387

2020-02-05 01:47:40.493000+00:00,dr03,sg0,29270802,0,30543169,766220299,0,0,6,165902,0,5198,62659,37014,26951,212323,0,234091,918528,652591620,766182876,30557454,60048929,29123070,109480,2537,91,35322,284,0,obt-collector1,0,0,0/RP0/CPU0,0,0,0,60802511,,,35322,2862,426729,4,0,0,0,16233,96384,35,53320,44,0,0,637066,14,266,0,0,0,0,0,16642,0,0,1,694435,16292,0,0,,,,0,0,0,0,225,0,0,0,0,0,0,225,0,0,0,0,8,60811257,60705292,0,0,0,0,0,30491767,96388

2020-02-05 01:47:50.543000+00:00,dr03,sg0,29270836,0,30543209,766221059,0,0,6,165902,0,5198,62659,37014,26951,212324,0,234091,918528,652592475,766183636,30557499,60049003,29123104,109480,2537,91,35322,284,0,obt-collector1,0,0,0/RP0/CPU0,0,0,0,60802596,,,35322,2863,426731,4,0,0,0,16233,96384,35,53320,44,0,0,637066,14,266,0,0,0,0,0,16642,0,0,1,694435,16292,0,0,,,,0,0,0,0,225,0,0,0,0,0,0,225,0,0,0,0,8,60811343,60705367,0,0,0,0,0,30491807,96388

2020-02-05 01:48:00.594000+00:00,dr03,sg0,29270870,0,30543249,766221819,0,0,6,165902,0,5198,62659,37014,26951,212324,0,234092,918530,652593311,766184396,30557543,60049078,29123138,109480,2537,91,35322,284,0,obt-collector1,0,0,0/RP0/CPU0,0,0,0,60802680,,,35322,2863,426732,4,0,0,0,16233,96384,35,53320,44,0,0,637067,14,266,0,0,0,0,0,16642,0,0,1,694436,16292,0,0,,,,0,0,0,0,225,0,0,0,0,0,0,225,0,0,0,0,8,60811429,60705443,0,0,0,0,0,30491847,96388

2020-02-05 01:48:10.644000+00:00,dr03,sg0,29270904,0,30543289,766222579,0,0,6,165902,0,5198,62659,37014,26951,212324,0,234092,918532,652594071,766185156,30557583,60049152,29123172,109480,2537,91,35322,284,0,obt-collector1,0,0,0/RP0/CPU0,0,0,0,60802760,,,35322,2863,426732,4,0,0,0,16233,96384,35,53320,44,0,0,637069,14,266,0,0,0,0,0,16642,0,0,1,694438,16292,0,0,,,,0,0,0,0,225,0,0,0,0,0,0,225,0,0,0,0,8,60811511,60705519,0,0,0,0,0,30491887,96388

2020-02-05 01:48:20.694000+00:00,dr03,sg0,29270938,0,30543329,766223339,0,0,6,165902,0,5198,62659,37014,26951,212324,0,234092,918532,652594831,766185916,30557623,60049226,29123206,109480,2537,91,35322,284,0,obt-collector1,0,0,0/RP0/CPU0,0,0,0,60802840,,,35322,2864,426733,4,0,0,0,16233,96384,35,53320,44,0,0,637069,14,266,0,0,0,0,0,16642,0,0,1,694438,16292,0,0,,,,0,0,0,0,225,0,0,0,0,0,0,225,0,0,0,0,8,60811592,60705594,0,0,0,0,0,30491927,96388

2020-02-05 01:48:30.751000+00:00,dr03,sg0,29270977,0,30543369,766224099,0,0,6,165902,0,5198,62659,37014,26951,212325,0,234093,918533,652595591,766186676,30557663,60049306,29123245,109480,2537,91,35322,284,0,obt-collector1,0,0,0/RP0/CPU0,0,0,0,60802920,,,35322,2864,426735,4,0,0,0,16233,96384,35,53320,44,0,0,637069,14,266,0,0,0,0,0,16642,0,0,1,694438,16292,0,0,,,,0,0,0,0,225,0,0,0,0,0,0,225,0,0,0,0,8,60811673,60705674,0,0,0,0,0,30491967,96388

2020-02-05 01:48:40.803000+00:00,dr03,sg0,29271015,0,30543409,766224859,0,0,6,165902,0,5198,62659,37014,26951,212325,0,234093,918535,652596351,766187436,30557703,60049384,29123283,109480,2537,91,35322,284,0,obt-collector1,0,0,0/RP0/CPU0,0,0,0,60803000,,,35322,2864,426735,4,0,0,0,16233,96384,35,53320,44,0,0,637071,14,266,0,0,0,0,0,16642,0,0,1,694440,16292,0,0,,,,0,0,0,0,225,0,0,0,0,0,0,225,0,0,0,0,8,60811755,60705754,0,0,0,0,0,30492007,96388

2020-02-05 01:48:50.859000+00:00,dr03,sg0,29271049,0,30543449,766225619,0,0,6,165902,0,5198,62659,37014,26951,212325,0,234093,918536,652597111,766188196,30557743,60049458,29123317,109480,2537,91,35322,284,0,obt-collector1,0,0,0/RP0/CPU0,0,0,0,60803080,,,35322,2865,426736,4,0,0,0,16233,96384,35,53320,44,0,0,637072,14,266,0,0,0,0,0,16642,0,0,1,694441,16292,0,0,,,,0,0,0,0,225,0,0,0,0,0,0,225,0,0,0,0,8,60811837,60705830,0,0,0,0,0,30492047,96388

2020-02-05 01:49:00.908000+00:00,dr03,sg0,29271083,0,30543489,766226379,0,0,6,165902,0,5198,62659,37014,26951,212326,0,234093,918536,652597871,766188956,30557783,60049532,29123351,109480,2537,91,35322,284,0,obt-collector1,0,0,0/RP0/CPU0,0,0,0,60803160,,,35322,2865,426737,4,0,0,0,16233,96384,35,53320,44,0,0,637072,14,266,0,0,0,0,0,16642,0,0,1,694441,16292,0,0,,,,0,0,0,0,225,0,0,0,0,0,0,225,0,0,0,0,8,60811917,60705904,0,0,0,0,0,30492087,96388

2020-02-05 01:49:10.963000+00:00,dr03,sg0,29271117,0,30543529,766227139,0,0,6,165902,0,5198,62659,37014,26951,212326,0,234094,918538,652598631,766189716,30557823,60049607,29123385,109480,2537,91,35322,284,0,obt-collector1,0,0,0/RP0/CPU0,0,0,0,60803240,,,35322,2865,426738,4,0,0,0,16233,96384,35,53320,44,0,0,637073,14,266,0,0,0,0,0,16642,0,0,1,694442,16292,0,0,,,,0,0,0,0,225,0,0,0,0,0,0,225,0,0,0,0,8,60811999,60705980,0,0,0,0,0,30492127,96388

2020-02-05 01:49:21.014000+00:00,dr03,sg0,29271151,0,30543569,766227899,0,0,6,165902,0,5198,62659,37014,26951,212326,0,234094,918540,652599391,766190476,30557863,60049681,29123419,109480,2537,91,35322,284,0,obt-collector1,0,0,0/RP0/CPU0,0,0,0,60803320,,,35322,2866,426739,4,0,0,0,16233,96384,35,53320,44,0,0,637075,14,266,0,0,0,0,0,16642,0,0,1,694444,16292,0,0,,,,0,0,0,0,225,0,0,0,0,0,0,225,0,0,0,0,8,60812082,60706057,0,0,0,0,0,30492167,96388

2020-02-05 01:49:31.063000+00:00,dr03,sg0,29271185,0,30543609,766228659,0,0,6,165902,0,5198,62659,37014,26951,212326,0,234094,918540,652600151,766191236,30557903,60049755,29123453,109480,2537,91,35322,284,0,obt-collector1,0,0,0/RP0/CPU0,0,0,0,60803400,,,35322,2866,426739,4,0,0,0,16233,96384,35,53320,44,0,0,637075,14,266,0,0,0,0,0,16642,0,0,1,694444,16292,0,0,,,,0,0,0,0,225,0,0,0,0,0,0,225,0,0,0,0,8,60812162,60706131,0,0,0,0,0,30492207,96388

2020-02-05 01:49:41.115000+00:00,dr03,sg0,29271219,0,30543649,766229419,0,0,6,165902,0,5198,62659,37014,26951,212327,0,234095,918541,652600911,766191996,30557943,60049830,29123487,109480,2537,91,35322,284,0,obt-collector1,0,0,0/RP0/CPU0,0,0,0,60803480,,,35322,2866,426741,4,0,0,0,16233,96384,35,53320,44,0,0,637075,14,266,0,0,0,0,0,16642,0,0,1,694444,16292,0,0,,,,0,0,0,0,225,0,0,0,0,0,0,225,0,0,0,0,8,60812243,60706206,0,0,0,0,0,30492247,96388

2020-02-05 01:49:51.168000+00:00,dr03,sg0,29271253,0,30543689,766230179,0,0,6,165902,0,5198,62659,37014,26951,212327,0,234095,918543,652601671,766192756,30557983,60049904,29123521,109480,2537,91,35322,284,0,obt-collector1,0,0,0/RP0/CPU0,0,0,0,60803560,,,35322,2867,426742,4,0,0,0,16233,96384,34,53320,44,0,0,637077,14,266,0,0,0,0,0,16642,0,0,1,694446,16292,0,0,,,,0,0,0,0,225,0,0,0,0,0,0,225,0,0,0,0,8,60812326,60706283,0,0,0,0,0,30492287,96388

2020-02-05 01:50:01.217000+00:00,dr03,sg0,29271287,0,30543729,766230939,0,0,6,165902,0,5198,62659,37014,26951,212327,0,234095,918544,652602431,766193516,30558023,60049978,29123555,109480,2537,91,35322,284,0,obt-collector1,0,0,0/RP0/CPU0,0,0,0,60803640,,,35322,2867,426742,4,0,0,0,16233,96384,34,53320,44,0,0,637078,14,266,0,0,0,0,0,16642,0,0,1,694447,16292,0,0,,,,0,0,0,0,225,0,0,0,0,0,0,225,0,0,0,0,8,60812407,60706358,0,0,0,0,0,30492327,96388

2020-02-05 01:50:11.268000+00:00,dr03,sg0,29271321,0,30543769,766231699,0,0,6,165902,0,5198,62659,37014,26951,212328,0,234095,918544,652603191,766194276,30558063,60050052,29123589,109480,2537,91,35322,284,0,obt-collector1,0,0,0/RP0/CPU0,0,0,0,60803720,,,35322,2867,426743,4,0,0,0,16233,96384,34,53320,44,0,0,637078,14,266,0,0,0,0,0,16642,0,0,1,694447,16292,0,0,,,,0,0,0,0,225,0,0,0,0,0,0,225,0,0,0,0,8,60812487,60706432,0,0,0,0,0,30492367,96388

2020-02-05 01:50:21.319000+00:00,dr03,sg0,29271355,0,30543809,766232459,0,0,6,165902,0,5198,62660,37015,26951,212328,0,234095,918544,652603951,766195036,30558103,60050126,29123623,109480,2537,91,35323,284,0,obt-collector1,0,0,0/RP0/CPU0,0,0,0,60803803,,,35323,2868,426745,4,0,0,0,16233,96384,34,53320,44,0,0,637078,14,266,0,0,0,0,0,16642,0,0,1,694447,16292,0,0,,,,0,0,0,0,225,0,0,0,0,0,0,225,0,0,0,0,8,60812568,60706507,0,0,0,0,0,30492407,96388

2020-02-05 01:50:31.372000+00:00,dr03,sg0,29271392,0,30543849,766233313,0,0,6,165902,0,5198,62660,37015,26951,212328,0,234096,918546,652605861,766195890,30558143,60050204,29123660,109480,2537,91,35323,284,0,obt-collector1,0,0,0/RP0/CPU0,0,0,0,60803883,,,35323,2868,426745,4,0,0,0,16233,96384,35,53320,44,0,0,637079,14,266,0,0,0,0,0,16642,0,0,1,694449,16292,0,0,,,,0,0,0,0,225,0,0,0,0,0,0,225,0,0,0,0,8,60812650,60706586,0,0,0,0,0,30492447,96388

2020-02-05 01:50:41.422000+00:00,dr03,sg0,29271432,0,30543889,766234073,0,0,6,165902,0,5198,62660,37015,26951,212328,0,234096,918547,652606621,766196650,30558183,60050284,29123700,109480,2537,91,35323,284,0,obt-collector1,0,0,0/RP0/CPU0,0,0,0,60803963,,,35323,2868,426745,4,0,0,0,16233,96384,35,53320,44,0,0,637080,14,266,0,0,0,0,0,16642,0,0,1,694450,16292,0,0,,,,0,0,0,0,225,0,0,0,0,0,0,225,0,0,0,0,8,60812731,60706667,0,0,0,0,0,30492487,96388

2020-02-05 01:50:51.475000+00:00,dr03,sg0,29271472,0,30543929,766234833,0,0,6,165902,0,5198,62660,37015,26951,212328,0,234096,918548,652607381,766197410,30558223,60050364,29123740,109480,2537,91,35323,284,0,obt-collector1,0,0,0/RP0/CPU0,0,0,0,60804043,,,35323,2869,426746,4,0,0,0,16233,96384,35,53320,44,0,0,637081,14,266,0,0,0,0,0,16642,0,0,1,694451,16292,0,0,,,,0,0,0,0,225,0,0,0,0,0,0,225,0,0,0,0,8,60812813,60706749,0,0,0,0,0,30492527,96388

2020-02-05 01:51:01.525000+00:00,dr03,sg0,29271519,0,30543974,766235782,0,0,6,165902,0,5198,62660,37015,26951,212329,0,234097,918550,652609291,766198397,30558270,60050459,29123787,109480,2537,91,35323,284,0,obt-collector1,0,0,0/RP0/CPU0,0,0,0,60804137,,,35323,2869,426748,4,0,0,0,16233,96384,35,53320,44,0,0,637082,14,266,0,0,0,0,0,16642,0,0,1,694452,16292,0,0,,,,0,0,0,0,225,0,0,0,0,0,0,225,0,0,0,0,8,60812907,60706845,0,0,0,0,0,30492572,96388

2020-02-05 01:51:11.577000+00:00,dr03,sg0,29271559,0,30544011,766236485,0,0,6,165902,0,5198,62660,37015,26951,212329,0,234097,918552,652610051,766199157,30558310,60050539,29123827,109480,2537,91,35323,284,0,obt-collector1,0,0,0/RP0/CPU0,0,0,0,60804217,,,35323,2869,426748,4,0,0,0,16233,96384,35,53320,44,0,0,637084,14,266,0,0,0,0,0,16642,0,0,1,694454,16292,0,0,,,,0,0,0,0,225,0,0,0,0,0,0,225,0,0,0,0,8,60812986,60706927,0,0,0,0,0,30492609,96388

2020-02-05 01:51:21.626000+00:00,dr03,sg0,29271623,0,30544165,766270388,0,0,6,165902,0,5199,62671,37015,26962,212329,0,234107,918574,652614377,766233038,30558380,60050757,29123867,109480,2537,91,35323,284,0,obt-collector1,0,0,0/RP0/CPU0,0,0,0,60804297,,,35323,2870,426749,4,0,0,0,16233,96387,35,53320,44,0,0,637084,14,266,0,0,0,0,0,16642,0,0,1,694464,16292,0,0,,,,0,0,0,0,225,0,0,0,0,0,0,225,0,0,0,0,8,60813218,60707146,0,0,0,0,0,30492742,96391

2020-02-05 01:51:31.675000+00:00,dr03,sg0,29271671,0,30544205,766271242,0,0,6,165902,0,5199,62671,37015,26962,212330,0,234107,918574,652616547,766233892,30558428,60050845,29123915,109480,2537,91,35323,284,0,obt-collector1,0,0,0/RP0/CPU0,0,0,0,60804385,,,35323,2870,426750,4,0,0,0,16233,96387,35,53320,44,0,0,637084,14,266,0,0,0,0,0,16642,0,0,1,694464,16292,0,0,,,,0,0,0,0,225,0,0,0,0,0,0,225,0,0,0,0,8,60813306,60707234,0,0,0,0,0,30492782,96391

2020-02-05 01:51:41.727000+00:00,dr03,sg0,29271711,0,30544250,766272097,0,0,6,165902,0,5199,62671,37015,26962,212330,0,234108,918577,652617307,766234652,30558468,60050926,29123955,109480,2537,91,35323,284,0,obt-collector1,0,0,0/RP0/CPU0,0,0,0,60804465,,,35323,2870,426751,4,0,0,0,16233,96387,35,53320,44,0,0,637086,14,266,0,0,0,0,0,16642,0,0,1,694466,16292,0,0,,,,0,0,0,0,225,0,0,0,0,0,0,225,0,0,0,0,8,60813394,60707317,0,0,0,0,0,30492827,96391

2020-02-05 01:51:51.779000+00:00,dr03,sg0,29271751,0,30544290,766272857,0,0,6,165902,0,5199,62671,37015,26962,212330,0,234108,918578,652618067,766235412,30558508,60051006,29123994,109480,2537,91,35323,284,0,obt-collector1,0,0,0/RP0/CPU0,0,0,0,60804545,,,35323,2871,426752,4,0,0,0,16233,96388,35,53320,44,0,0,637087,14,266,0,0,0,0,0,16642,0,0,1,694467,16292,0,0,,,,0,0,0,0,225,0,0,0,0,0,0,225,0,0,0,0,8,60813476,60707399,0,0,0,0,0,30492867,96392

2020-02-05 01:52:01.837000+00:00,dr03,sg0,29271798,0,30544330,766273719,0,0,6,165902,0,5199,62671,37015,26962,212330,0,234108,918578,652620290,766236274,30558555,60051093,29124040,109480,2537,91,35323,284,0,obt-collector1,0,0,0/RP0/CPU0,0,0,0,60804632,,,35323,2871,426752,4,0,0,0,16233,96389,35,53320,44,0,0,637087,14,266,0,0,0,0,0,16642,0,0,1,694467,16292,0,0,,,,0,0,0,0,225,0,0,0,0,0,0,225,0,0,0,0,8,60813563,60707486,0,0,0,0,0,30492907,96393

2020-02-05 01:52:11.891000+00:00,dr03,sg0,29271838,0,30544370,766274479,0,0,6,165902,0,5199,62671,37015,26962,212331,0,234109,918580,652621050,766237034,30558595,60051174,29124078,109480,2537,91,35323,284,0,obt-collector1,0,0,0/RP0/CPU0,0,0,0,60804712,,,35323,2871,426754,4,0,0,0,16233,96391,35,53320,44,0,0,637088,14,266,0,0,0,0,0,16642,0,0,1,694468,16292,0,0,,,,0,0,0,0,225,0,0,0,0,0,0,225,0,0,0,0,8,60813645,60707568,0,0,0,0,0,30492947,96395

2020-02-05 01:52:21.941000+00:00,dr03,sg0,29271878,0,30544410,766275239,0,0,6,165902,0,5199,62671,37015,26962,212331,0,234109,918582,652621810,766237794,30558635,60051254,29124118,109480,2537,91,35323,284,0,obt-collector1,0,0,0/RP0/CPU0,0,0,0,60804792,,,35323,2872,426755,4,0,0,0,16233,96391,35,53320,44,0,0,637090,14,266,0,0,0,0,0,16642,0,0,1,694470,16292,0,0,,,,0,0,0,0,225,0,0,0,0,0,0,225,0,0,0,0,8,60813728,60707651,0,0,0,0,0,30492987,96395

2020-02-05 01:52:31.993000+00:00,dr03,sg0,29271924,0,30544452,766276147,0,0,6,165902,0,5199,62671,37015,26962,212331,0,234109,918582,652624074,766238702,30558681,60051342,29124163,109480,2537,91,35323,284,0,obt-collector1,0,0,0/RP0/CPU0,0,0,0,60804880,,,35323,2872,426755,4,0,0,0,16233,96392,35,53320,44,0,0,637090,14,266,0,0,0,0,0,16642,0,0,1,694470,16292,0,0,,,,0,0,0,0,225,0,0,0,0,0,0,225,0,0,0,0,8,60813816,60707739,0,0,0,0,0,30493029,96396

2020-02-05 01:52:42.047000+00:00,dr03,sg0,29271964,0,30544492,766276907,0,0,6,165902,0,5199,62671,37015,26962,212332,0,234109,918582,652624834,766239462,30558721,60051422,29124203,109480,2537,91,35323,284,0,obt-collector1,0,0,0/RP0/CPU0,0,0,0,60804960,,,35323,2872,426756,4,0,0,0,16233,96392,35,53320,44,0,0,637090,14,266,0,0,0,0,0,16642,0,0,1,694470,16292,0,0,,,,0,0,0,0,225,0,0,0,0,0,0,225,0,0,0,0,8,60813896,60707819,0,0,0,0,0,30493069,96396

2020-02-05 01:52:52.097000+00:00,dr03,sg0,29272004,0,30544532,766277667,0,0,6,165902,0,5199,62671,37015,26962,212332,0,234110,918585,652625594,766240222,30558761,60051503,29124241,109480,2537,91,35323,284,0,obt-collector1,0,0,0/RP0/CPU0,0,0,0,60805040,,,35323,2873,426758,4,0,0,0,16233,96394,35,53320,44,0,0,637092,14,266,0,0,0,0,0,16642,0,0,1,694472,16292,0,0,,,,0,0,0,0,225,0,0,0,0,0,0,225,0,0,0,0,8,60813980,60707903,0,0,0,0,0,30493109,96398

2020-02-05 01:53:02.148000+00:00,dr03,sg0,29272052,0,30544572,766278545,0,0,6,165902,0,5199,62671,37015,26962,212332,0,234110,918586,652627968,766241214,30558809,60051597,29124287,109480,2537,91,35323,284,0,obt-collector1,0,0,0/RP0/CPU0,0,0,0,60805134,,,35323,2873,426758,4,0,0,0,16233,96396,35,53320,44,0,0,637093,14,266,0,0,0,0,0,16642,0,0,1,694473,16292,0,0,,,,0,0,0,0,225,0,0,0,0,0,0,225,0,0,0,0,8,60814069,60707998,0,0,0,0,0,30493149,96400

2020-02-05 01:53:12.199000+00:00,dr03,sg0,29272092,0,30544612,766279305,0,0,6,165902,0,5199,62671,37015,26962,212333,0,234110,918586,652628728,766241974,30558849,60051677,29124327,109480,2537,91,35323,284,0,obt-collector1,0,0,0/RP0/CPU0,0,0,0,60805214,,,35323,2873,426759,4,0,0,0,16233,96396,35,53320,44,0,0,637093,14,266,0,0,0,0,0,16642,0,0,1,694473,16292,0,0,,,,0,0,0,0,225,0,0,0,0,0,0,225,0,0,0,0,8,60814149,60708078,0,0,0,0,0,30493189,96400

2020-02-05 01:53:22.250000+00:00,dr03,sg0,29272132,0,30544652,766280065,0,0,6,165902,0,5199,62671,37015,26962,212333,0,234111,918588,652629488,766242734,30558889,60051758,29124367,109480,2537,91,35323,284,0,obt-collector1,0,0,0/RP0/CPU0,0,0,0,60805294,,,35323,2874,426761,4,0,0,0,16233,96396,34,53320,44,0,0,637094,14,266,0,0,0,0,0,16642,0,0,1,694474,16292,0,0,,,,0,0,0,0,225,0,0,0,0,0,0,225,0,0,0,0,8,60814232,60708161,0,0,0,0,0,30493229,96400

2020-02-05 01:53:32.300000+00:00,dr03,sg0,29272180,0,30544692,766280951,0,0,6,165902,0,5199,62671,37015,26962,212333,0,234111,918590,652631729,766243620,30558937,60051846,29124414,109480,2537,91,35323,284,0,obt-collector1,0,0,0/RP0/CPU0,0,0,0,60805382,,,35323,2874,426761,4,0,0,0,16233,96397,34,53320,44,0,0,637096,14,266,0,0,0,0,0,16642,0,0,1,694476,16292,0,0,,,,0,0,0,0,225,0,0,0,0,0,0,225,0,0,0,0,8,60814322,60708251,0,0,0,0,0,30493269,96401

2020-02-05 01:53:42.351000+00:00,dr03,sg0,29272220,0,30544738,766281825,0,0,6,165902,0,5199,62671,37015,26962,212333,0,234111,918590,652632489,766244380,30558977,60051926,29124454,109480,2537,91,35323,284,0,obt-collector1,0,0,0/RP0/CPU0,0,0,0,60805462,,,35323,2874,426761,4,0,0,0,16233,96397,34,53320,44,0,0,637096,14,266,0,0,0,0,0,16642,0,0,1,694476,16292,0,0,,,,0,0,0,0,225,0,0,0,0,0,0,225,0,0,0,0,8,60814408,60708331,0,0,0,0,0,30493315,96401

2020-02-05 01:53:52.401000+00:00,dr03,sg0,29272260,0,30544778,766282585,0,0,6,165902,0,5199,62672,37016,26962,212334,0,234112,918591,652633249,766245140,30559017,60052007,29124494,109480,2537,91,35324,284,0,obt-collector1,0,0,0/RP0/CPU0,0,0,0,60805545,,,35324,2875,426764,4,0,0,0,16233,96397,35,53320,44,0,0,637096,14,266,0,0,0,0,0,16642,0,0,1,694477,16292,0,0,,,,0,0,0,0,225,0,0,0,0,0,0,225,0,0,0,0,8,60814490,60708413,0,0,0,0,0,30493355,96401

2020-02-05 01:54:02.451000+00:00,dr03,sg0,29272313,0,30544820,766283517,0,0,6,165902,0,5199,62672,37016,26962,212334,0,234112,918592,652635376,766246072,30559070,60052102,29124547,109480,2537,91,35324,284,0,obt-collector1,0,0,0/RP0/CPU0,0,0,0,60805640,,,35324,2875,426764,4,0,0,0,16233,96397,35,53320,44,0,0,637097,14,266,0,0,0,0,0,16642,0,0,1,694478,16292,0,0,,,,0,0,0,0,225,0,0,0,0,0,0,225,0,0,0,0,8,60814586,60708509,0,0,0,0,0,30493397,96401

2020-02-05 01:54:12.502000+00:00,dr03,sg0,29272353,0,30544860,766284277,0,0,6,165902,0,5199,62672,37016,26962,212334,0,234112,918593,652636136,766246832,30559110,60052182,29124587,109480,2537,91,35324,284,0,obt-collector1,0,0,0/RP0/CPU0,0,0,0,60805720,,,35324,2875,426764,4,0,0,0,16233,96397,35,53320,44,0,0,637098,14,266,0,0,0,0,0,16642,0,0,1,694479,16292,0,0,,,,0,0,0,0,225,0,0,0,0,0,0,225,0,0,0,0,8,60814667,60708590,0,0,0,0,0,30493437,96401

2020-02-05 01:54:22.555000+00:00,dr03,sg0,29272393,0,30544900,766285037,0,0,6,165902,0,5199,62672,37016,26962,212335,0,234112,918594,652636896,766247592,30559150,60052262,29124627,109480,2537,91,35324,284,0,obt-collector1,0,0,0/RP0/CPU0,0,0,0,60805800,,,35324,2876,426766,4,0,0,0,16233,96397,35,53320,44,0,0,637099,14,266,0,0,0,0,0,16642,0,0,1,694480,16292,0,0,,,,0,0,0,0,225,0,0,0,0,0,0,225,0,0,0,0,8,60814749,60708672,0,0,0,0,0,30493477,96401

2020-02-05 01:54:32.604000+00:00,dr03,sg0,29272436,0,30544940,766285939,0,0,6,165902,0,5199,62672,37016,26962,212335,0,234113,918596,652638885,766248494,30559193,60052346,29124670,109480,2537,91,35324,284,0,obt-collector1,0,0,0/RP0/CPU0,0,0,0,60805883,,,35324,2876,426767,4,0,0,0,16233,96397,35,53320,44,0,0,637100,14,266,0,0,0,0,0,16642,0,0,1,694481,16292,0,0,,,,0,0,0,0,225,0,0,0,0,0,0,225,0,0,0,0,8,60814834,60708757,0,0,0,0,0,30493517,96401

2020-02-05 01:54:42.655000+00:00,dr03,sg0,29272476,0,30544980,766286699,0,0,6,165902,0,5199,62672,37016,26962,212335,0,234113,918598,652639645,766249292,30559233,60052428,29124710,109480,2537,91,35324,284,0,obt-collector1,0,0,0/RP0/CPU0,0,0,0,60805965,,,35324,2876,426767,4,0,0,0,16233,96397,35,53320,44,0,0,637102,14,266,0,0,0,0,0,16642,0,0,1,694483,16292,0,0,,,,0,0,0,0,225,0,0,0,0,0,0,225,0,0,0,0,8,60814916,60708841,0,0,0,0,0,30493557,96401

2020-02-05 01:54:52.709000+00:00,dr03,sg0,29272516,0,30545020,766287459,0,0,6,165902,0,5199,62672,37016,26962,212335,0,234113,918598,652640405,766250052,30559273,60052508,29124750,109480,2537,91,35324,284,0,obt-collector1,0,0,0/RP0/CPU0,0,0,0,60806045,,,35324,2877,426768,4,0,0,0,16233,96397,35,53320,44,0,0,637102,14,266,0,0,0,0,0,16642,0,0,1,694483,16292,0,0,,,,0,0,0,0,225,0,0,0,0,0,0,225,0,0,0,0,8,60814997,60708922,0,0,0,0,0,30493597,96401

2020-02-05 01:55:02.760000+00:00,dr03,sg0,29272568,0,30545060,766288369,0,0,6,165902,0,5199,62672,37016,26962,212336,0,234114,918599,652642477,766250962,30559325,60052601,29124802,109480,2537,91,35324,284,0,obt-collector1,0,0,0/RP0/CPU0,0,0,0,60806137,,,35324,2877,426770,4,0,0,0,16233,96397,35,53320,44,0,0,637102,14,266,0,0,0,0,0,16642,0,0,1,694483,16292,0,0,,,,0,0,0,0,225,0,0,0,0,0,0,225,0,0,0,0,8,60815090,60709015,0,0,0,0,0,30493637,96401

2020-02-05 01:55:12.814000+00:00,dr03,sg0,29272608,0,30545100,766289129,0,0,6,165902,0,5199,62672,37016,26962,212336,0,234114,918601,652643237,766251722,30559365,60052681,29124842,109480,2537,91,35324,284,0,obt-collector1,0,0,0/RP0/CPU0,0,0,0,60806217,,,35324,2877,426770,4,0,0,0,16233,96397,35,53320,44,0,0,637104,14,266,0,0,0,0,0,16642,0,0,1,694485,16292,0,0,,,,0,0,0,0,225,0,0,0,0,0,0,225,0,0,0,0,8,60815172,60709097,0,0,0,0,0,30493677,96401

2020-02-05 01:55:22.864000+00:00,dr03,sg0,29272648,0,30545142,766289927,0,0,6,165902,0,5199,62672,37016,26962,212336,0,234114,918602,652643997,766252482,30559405,60052761,29124882,109480,2537,91,35324,284,0,obt-collector1,0,0,0/RP0/CPU0,0,0,0,60806297,,,35324,2878,426771,4,0,0,0,16233,96397,35,53320,44,0,0,637105,14,266,0,0,0,0,0,16642,0,0,1,694486,16292,0,0,,,,0,0,0,0,225,0,0,0,0,0,0,225,0,0,0,0,8,60815256,60709179,0,0,0,0,0,30493719,96401

2020-02-05 01:55:32.914000+00:00,dr03,sg0,29272695,0,30545182,766290845,0,0,6,165902,0,5199,62672,37016,26962,212337,0,234114,918602,652645489,766253400,30559452,60052848,29124929,109480,2537,91,35324,284,0,obt-collector1,0,0,0/RP0/CPU0,0,0,0,60806384,,,35324,2878,426772,4,0,0,0,16233,96397,35,53320,44,0,0,637105,14,266,0,0,0,0,0,16642,0,0,1,694486,16292,0,0,,,,0,0,0,0,225,0,0,0,0,0,0,225,0,0,0,0,8,60815343,60709266,0,0,0,0,0,30493759,96401

2020-02-05 01:55:42.965000+00:00,dr03,sg0,29272735,0,30545222,766291605,0,0,6,165902,0,5199,62672,37016,26962,212337,0,234115,918604,652646249,766254160,30559492,60052929,29124969,109480,2537,91,35324,284,0,obt-collector1,0,0,0/RP0/CPU0,0,0,0,60806464,,,35324,2878,426773,4,0,0,0,16233,96397,35,53320,44,0,0,637106,14,266,0,0,0,0,0,16642,0,0,1,694487,16292,0,0,,,,0,0,0,0,225,0,0,0,0,0,0,225,0,0,0,0,8,60815425,60709348,0,0,0,0,0,30493799,96401

2020-02-05 01:55:53.014000+00:00,dr03,sg0,29272775,0,30545262,766292365,0,0,6,165902,0,5199,62672,37016,26962,212337,0,234115,918606,652647009,766254920,30559532,60053009,29125008,109480,2537,91,35324,284,0,obt-collector1,0,0,0/RP0/CPU0,0,0,0,60806544,,,35324,2879,426774,4,0,0,0,16233,96398,35,53320,44,0,0,637108,14,266,0,0,0,0,0,16642,0,0,1,694489,16292,0,0,,,,0,0,0,0,225,0,0,0,0,0,0,225,0,0,0,0,8,60815508,60709431,0,0,0,0,0,30493839,96402

2020-02-05 01:56:03.064000+00:00,dr03,sg0,29272816,0,30545304,766293329,0,0,6,165902,0,5199,62672,37016,26962,212337,0,234115,918606,652648227,766255884,30559573,60053092,29125049,109480,2537,91,35324,284,0,obt-collector1,0,0,0/RP0/CPU0,0,0,0,60806627,,,35324,2879,426774,4,0,0,0,16233,96398,35,53320,44,0,0,637108,14,266,0,0,0,0,0,16642,0,0,1,694489,16292,0,0,,,,0,0,0,0,225,0,0,0,0,0,0,225,0,0,0,0,8,60815591,60709514,0,0,0,0,0,30493881,96402

2020-02-05 01:56:13.113000+00:00,dr03,sg0,29272856,0,30545344,766294089,0,0,6,165902,0,5199,62672,37016,26962,212338,0,234116,918607,652648987,766256644,30559613,60053173,29125089,109480,2537,91,35324,284,0,obt-collector1,0,0,0/RP0/CPU0,0,0,0,60806707,,,35324,2879,426776,4,0,0,0,16233,96398,35,53320,44,0,0,637108,14,266,0,0,0,0,0,16642,0,0,1,694489,16292,0,0,,,,0,0,0,0,225,0,0,0,0,0,0,225,0,0,0,0,8,60815672,60709595,0,0,0,0,0,30493921,96402

2020-02-05 01:56:23.165000+00:00,dr03,sg0,29272896,0,30545384,766294849,0,0,6,165902,0,5199,62672,37016,26962,212338,0,234116,918609,652649747,766257404,30559653,60053253,29125129,109480,2537,91,35324,284,0,obt-collector1,0,0,0/RP0/CPU0,0,0,0,60806787,,,35324,2880,426777,4,0,0,0,16233,96398,35,53320,44,0,0,637110,14,266,0,0,0,0,0,16642,0,0,1,694491,16292,0,0,,,,0,0,0,0,225,0,0,0,0,0,0,225,0,0,0,0,8,60815755,60709678,0,0,0,0,0,30493961,96402

2020-02-05 01:56:33.214000+00:00,dr03,sg0,29272936,0,30545425,766295810,0,0,6,165902,0,5199,62672,37016,26962,212338,0,234116,918610,652650634,766258365,30559693,60053334,29125169,109480,2537,91,35324,284,0,obt-collector1,0,0,0/RP0/CPU0,0,0,0,60806868,,,35324,2880,426777,4,0,0,0,16233,96398,35,53320,44,0,0,637111,14,266,0,0,0,0,0,16642,0,0,1,694492,16292,0,0,,,,0,0,0,0,225,0,0,0,0,0,0,225,0,0,0,0,8,60815837,60709760,0,0,0,0,0,30494002,96402

2020-02-05 01:56:43.264000+00:00,dr03,sg0,29272976,0,30545465,766296570,0,0,6,165902,0,5199,62672,37016,26962,212339,0,234116,918610,652651394,766259125,30559733,60053414,29125209,109480,2537,91,35324,284,0,obt-collector1,0,0,0/RP0/CPU0,0,0,0,60806948,,,35324,2880,426778,4,0,0,0,16233,96398,35,53320,44,0,0,637111,14,266,0,0,0,0,0,16642,0,0,1,694492,16292,0,0,,,,0,0,0,0,225,0,0,0,0,0,0,225,0,0,0,0,8,60815917,60709840,0,0,0,0,0,30494042,96402

2020-02-05 01:56:53.314000+00:00,dr03,sg0,29273016,0,30545505,766297330,0,0,6,165902,0,5199,62672,37016,26962,212339,0,234117,918613,652652154,766259885,30559773,60053495,29125249,109480,2537,91,35324,284,0,obt-collector1,0,0,0/RP0/CPU0,0,0,0,60807028,,,35324,2881,426780,4,0,0,0,16233,96398,34,53320,44,0,0,637113,14,266,0,0,0,0,0,16642,0,0,1,694494,16292,0,0,,,,0,0,0,0,225,0,0,0,0,0,0,225,0,0,0,0,8,60816001,60709924,0,0,0,0,0,30494082,96402

2020-02-05 01:57:03.365000+00:00,dr03,sg0,29273057,0,30545545,766298280,0,0,6,165902,0,5199,62672,37016,26962,212339,0,234117,918614,652652942,766260835,30559814,60053576,29125290,109480,2537,91,35324,284,0,obt-collector1,0,0,0/RP0/CPU0,0,0,0,60807109,,,35324,2881,426780,4,0,0,0,16233,96398,34,53320,44,0,0,637114,14,266,0,0,0,0,0,16642,0,0,1,694495,16292,0,0,,,,0,0,0,0,225,0,0,0,0,0,0,225,0,0,0,0,8,60816083,60710006,0,0,0,0,0,30494122,96402

2020-02-05 01:57:13.423000+00:00,dr03,sg0,29273097,0,30545585,766299040,0,0,6,165902,0,5199,62672,37016,26962,212339,0,234117,918614,652653702,766261595,30559854,60053656,29125330,109480,2537,91,35324,284,0,obt-collector1,0,0,0/RP0/CPU0,0,0,0,60807189,,,35324,2881,426780,4,0,0,0,16233,96398,34,53320,44,0,0,637114,14,266,0,0,0,0,0,16642,0,0,1,694495,16292,0,0,,,,0,0,0,0,225,0,0,0,0,0,0,225,0,0,0,0,8,60816163,60710086,0,0,0,0,0,30494162,96402

2020-02-05 01:57:23.479000+00:00,dr03,sg0,29273137,0,30545625,766299800,0,0,6,165902,0,5199,62673,37017,26962,212340,0,234117,918614,652654462,766262355,30559894,60053736,29125370,109480,2537,91,35325,284,0,obt-collector1,0,0,0/RP0/CPU0,0,0,0,60807272,,,35325,2882,426783,4,0,0,0,16233,96398,34,53320,44,0,0,637114,14,266,0,0,0,0,0,16642,0,0,1,694495,16292,0,0,,,,0,0,0,0,225,0,0,0,0,0,0,225,0,0,0,0,8,60816244,60710167,0,0,0,0,0,30494202,96402

2020-02-05 01:57:33.529000+00:00,dr03,sg0,29273174,0,30545665,766300578,0,0,6,165902,0,5199,62673,37017,26962,212340,0,234118,918616,652655222,766263133,30559934,60053814,29125407,109480,2537,91,35325,284,0,obt-collector1,0,0,0/RP0/CPU0,0,0,0,60807352,,,35325,2882,426783,4,0,0,0,16233,96398,35,53320,44,0,0,637115,14,266,0,0,0,0,0,16642,0,0,1,694497,16292,0,0,,,,0,0,0,0,225,0,0,0,0,0,0,225,0,0,0,0,8,60816326,60710246,0,0,0,0,0,30494242,96402

2020-02-05 01:57:43.582000+00:00,dr03,sg0,29273210,0,30545705,766301338,0,0,6,165902,0,5199,62673,37017,26962,212340,0,234118,918617,652655982,766263893,30559974,60053890,29125443,109480,2537,91,35325,284,0,obt-collector1,0,0,0/RP0/CPU0,0,0,0,60807432,,,35325,2882,426783,4,0,0,0,16233,96398,35,53320,44,0,0,637116,14,266,0,0,0,0,0,16642,0,0,1,694498,16292,0,0,,,,0,0,0,0,225,0,0,0,0,0,0,225,0,0,0,0,8,60816407,60710323,0,0,0,0,0,30494282,96402

2020-02-05 01:57:53.631000+00:00,dr03,sg0,29273246,0,30545745,766302098,0,0,6,165902,0,5199,62673,37017,26962,212340,0,234118,918617,652656742,766264672,30560014,60053967,29125479,109480,2537,91,35325,284,0,obt-collector1,0,0,0/RP0/CPU0,0,0,0,60807513,,,35325,2883,426784,4,0,0,0,16233,96398,35,53320,44,0,0,637116,14,266,0,0,0,0,0,16642,0,0,1,694498,16292,0,0,,,,0,0,0,0,225,0,0,0,0,0,0,225,0,0,0,0,8,60816488,60710401,0,0,0,0,0,30494322,96402

2020-02-05 01:58:03.681000+00:00,dr03,sg0,29273282,0,30545785,766302858,0,0,6,165902,0,5199,62673,37017,26962,212341,0,234118,918618,652657540,766265432,30560056,60054043,29125515,109480,2537,91,35325,284,0,obt-collector1,0,0,0/RP0/CPU0,0,0,0,60807595,,,35325,2883,426785,4,0,0,0,16233,96398,35,53320,44,0,0,637117,14,266,0,0,0,0,0,16642,0,0,1,694499,16292,0,0,,,,0,0,0,0,225,0,0,0,0,0,0,225,0,0,0,0,8,60816571,60710478,0,0,0,0,0,30494362,96402

2020-02-05 01:58:13.732000+00:00,dr03,sg0,29273318,0,30545825,766303618,0,0,6,165902,0,5199,62673,37017,26962,212341,0,234119,918621,652658300,766266192,30560096,60054120,29125551,109480,2537,91,35325,284,0,obt-collector1,0,0,0/RP0/CPU0,0,0,0,60807675,,,35325,2883,426786,4,0,0,0,16233,96398,35,53320,44,0,0,637119,14,266,0,0,0,0,0,16642,0,0,1,694501,16292,0,0,,,,0,0,0,0,225,0,0,0,0,0,0,225,0,0,0,0,8,60816654,60710557,0,0,0,0,0,30494402,96402

2020-02-05 01:58:23.783000+00:00,dr03,sg0,29273354,0,30545865,766304378,0,0,6,165902,0,5199,62673,37017,26962,212341,0,234119,918622,652659060,766266952,30560136,60054196,29125587,109480,2537,91,35325,284,0,obt-collector1,0,0,0/RP0/CPU0,0,0,0,60807755,,,35325,2884,426787,4,0,0,0,16233,96398,35,53320,44,0,0,637120,14,266,0,0,0,0,0,16642,0,0,1,694502,16292,0,0,,,,0,0,0,0,225,0,0,0,0,0,0,225,0,0,0,0,8,60816736,60710635,0,0,0,0,0,30494442,96402

2020-02-05 01:58:33.833000+00:00,dr03,sg0,29273390,0,30545906,766305157,0,0,6,165902,0,5199,62673,37017,26962,212341,0,234119,918622,652659877,766267712,30560179,60054272,29125623,109480,2537,91,35325,284,0,obt-collector1,0,0,0/RP0/CPU0,0,0,0,60807838,,,35325,2884,426787,4,0,0,0,16233,96398,35,53320,44,0,0,637120,14,266,0,0,0,0,0,16642,0,0,1,694502,16292,0,0,,,,0,0,0,0,225,0,0,0,0,0,0,225,0,0,0,0,8,60816820,60710711,0,0,0,0,0,30494483,96402

2020-02-05 01:58:43.884000+00:00,dr03,sg0,29273426,0,30545948,766305955,0,0,6,165902,0,5199,62673,37017,26962,212342,0,234120,918624,652660922,766268510,30560234,60054351,29125659,109480,2537,91,35325,284,0,obt-collector1,0,0,0/RP0/CPU0,0,0,0,60807935,,,35325,2884,426789,4,0,0,0,16233,96398,35,53320,44,0,0,637121,14,266,0,0,0,0,0,16642,0,0,1,694503,16292,0,0,,,,0,0,0,0,225,0,0,0,0,0,0,225,0,0,0,0,8,60816919,60710791,0,0,0,0,0,30494525,96402

2020-02-05 01:58:53.935000+00:00,dr03,sg0,29273462,0,30545988,766306715,0,0,6,165902,0,5199,62673,37017,26962,212342,0,234120,918626,652661682,766269270,30560274,60054427,29125695,109480,2537,91,35325,284,0,obt-collector1,0,0,0/RP0/CPU0,0,0,0,60808015,,,35325,2885,426790,4,0,0,0,16233,96398,35,53320,44,0,0,637123,14,266,0,0,0,0,0,16642,0,0,1,694505,16292,0,0,,,,0,0,0,0,225,0,0,0,0,0,0,225,0,0,0,0,8,60817002,60710870,0,0,0,0,0,30494565,96402

2020-02-05 01:59:03.985000+00:00,dr03,sg0,29273498,0,30546028,766307475,0,0,6,165902,0,5199,62673,37017,26962,212342,0,234120,918626,652662442,766270030,30560314,60054503,29125731,109480,2537,91,35325,284,0,obt-collector1,0,0,0/RP0/CPU0,0,0,0,60808095,,,35325,2885,426790,4,0,0,0,16233,96398,35,53320,44,0,0,637123,14,266,0,0,0,0,0,16642,0,0,1,694505,16292,0,0,,,,0,0,0,0,225,0,0,0,0,0,0,225,0,0,0,0,8,60817082,60710946,0,0,0,0,0,30494605,96402

2020-02-05 01:59:14.036000+00:00,dr03,sg0,29273537,0,30546068,766308235,0,0,6,165902,0,5199,62673,37017,26962,212343,0,234120,918626,652663202,766270790,30560354,60054582,29125770,109480,2537,91,35325,284,0,obt-collector1,0,0,0/RP0/CPU0,0,0,0,60808175,,,35325,2885,426791,4,0,0,0,16233,96398,35,53320,44,0,0,637123,14,266,0,0,0,0,0,16642,0,0,1,694505,16292,0,0,,,,0,0,0,0,225,0,0,0,0,0,0,225,0,0,0,0,8,60817162,60711025,0,0,0,0,0,30494645,96402

2020-02-05 01:59:24.086000+00:00,dr03,sg0,29273588,0,30546108,766308995,0,0,6,165902,0,5199,62673,37017,26962,212343,0,234121,918629,652663962,766271550,30560394,60054674,29125820,109480,2537,91,35325,284,0,obt-collector1,0,0,0/RP0/CPU0,0,0,0,60808255,,,35325,2886,426793,4,0,0,0,16233,96399,35,53320,44,0,0,637125,14,266,0,0,0,0,0,16642,0,0,1,694507,16292,0,0,,,,0,0,0,0,225,0,0,0,0,0,0,225,0,0,0,0,8,60817246,60711120,0,0,0,0,0,30494685,96403

2020-02-05 01:59:34.136000+00:00,dr03,sg0,29273624,0,30546148,766309755,0,0,6,165902,0,5199,62673,37017,26962,212343,0,234121,918630,652664722,766272310,30560434,60054750,29125856,109480,2537,91,35325,284,0,obt-collector1,0,0,0/RP0/CPU0,0,0,0,60808335,,,35325,2886,426793,4,0,0,0,16233,96399,35,53320,44,0,0,637126,14,266,0,0,0,0,0,16642,0,0,1,694508,16292,0,0,,,,0,0,0,0,225,0,0,0,0,0,0,225,0,0,0,0,8,60817327,60711197,0,0,0,0,0,30494725,96403

2020-02-05 01:59:44.186000+00:00,dr03,sg0,29273660,0,30546188,766310515,0,0,6,165902,0,5199,62673,37017,26962,212344,0,234121,918630,652665482,766273070,30560474,60054826,29125892,109480,2537,91,35325,284,0,obt-collector1,0,0,0/RP0/CPU0,0,0,0,60808415,,,35325,2886,426794,4,0,0,0,16233,96399,35,53320,44,0,0,637126,14,266,0,0,0,0,0,16642,0,0,1,694508,16292,0,0,,,,0,0,0,0,225,0,0,0,0,0,0,225,0,0,0,0,8,60817407,60711273,0,0,0,0,0,30494765,96403

2020-02-05 01:59:54.240000+00:00,dr03,sg0,29273696,0,30546228,766311275,0,0,6,165902,0,5199,62673,37017,26962,212344,0,234122,918632,652666242,766273830,30560514,60054903,29125928,109480,2537,91,35325,284,0,obt-collector1,0,0,0/RP0/CPU0,0,0,0,60808495,,,35325,2887,426796,4,0,0,0,16233,96399,35,53320,44,0,0,637127,14,266,0,0,0,0,0,16642,0,0,1,694509,16292,0,0,,,,0,0,0,0,225,0,0,0,0,0,0,225,0,0,0,0,8,60817490,60711352,0,0,0,0,0,30494805,96403

2020-02-05 02:00:04.298000+00:00,dr03,sg0,29273732,0,30546268,766312035,0,0,6,165902,0,5199,62673,37017,26962,212344,0,234122,918634,652667002,766274590,30560554,60054979,29125964,109480,2537,91,35325,284,0,obt-collector1,0,0,0/RP0/CPU0,0,0,0,60808575,,,35325,2887,426796,4,0,0,0,16233,96399,35,53320,44,0,0,637129,14,266,0,0,0,0,0,16642,0,0,1,694511,16292,0,0,,,,0,0,0,0,225,0,0,0,0,0,0,225,0,0,0,0,8,60817572,60711430,0,0,0,0,0,30494845,96403

2020-02-05 02:00:14.348000+00:00,dr03,sg0,29273768,0,30546308,766312795,0,0,6,165902,0,5199,62673,37017,26962,212344,0,234122,918634,652667762,766275350,30560594,60055055,29126000,109480,2537,91,35325,284,0,obt-collector1,0,0,0/RP0/CPU0,0,0,0,60808655,,,35325,2887,426796,4,0,0,0,16233,96399,35,53320,44,0,0,637129,14,266,0,0,0,0,0,16642,0,0,1,694511,16292,0,0,,,,0,0,0,0,225,0,0,0,0,0,0,225,0,0,0,0,8,60817652,60711506,0,0,0,0,0,30494885,96403

2020-02-05 02:00:24.398000+00:00,dr03,sg0,29273804,0,30546348,766313555,0,0,6,165902,0,5199,62673,37017,26962,212345,0,234123,918635,652668522,766276110,30560634,60055132,29126036,109480,2537,91,35325,284,0,obt-collector1,0,0,0/RP0/CPU0,0,0,0,60808735,,,35325,2888,426799,4,0,0,0,16233,96399,34,53320,44,0,0,637129,14,266,0,0,0,0,0,16642,0,0,1,694511,16292,0,0,,,,0,0,0,0,225,0,0,0,0,0,0,225,0,0,0,0,8,60817734,60711584,0,0,0,0,0,30494925,96403

2020-02-05 02:00:34.449000+00:00,dr03,sg0,29273840,0,30546388,766314315,0,0,6,165902,0,5199,62673,37017,26962,212345,0,234123,918637,652669282,766276870,30560674,60055208,29126072,109480,2537,91,35325,284,0,obt-collector1,0,0,0/RP0/CPU0,0,0,0,60808815,,,35325,2888,426799,4,0,0,0,16233,96399,34,53320,44,0,0,637131,14,266,0,0,0,0,0,16642,0,0,1,694513,16292,0,0,,,,0,0,0,0,225,0,0,0,0,0,0,225,0,0,0,0,8,60817816,60711662,0,0,0,0,0,30494965,96403

2020-02-05 02:00:44.500000+00:00,dr03,sg0,29273876,0,30546428,766315075,0,0,6,165902,0,5199,62673,37017,26962,212345,0,234123,918638,652670042,766277630,30560714,60055284,29126108,109480,2537,91,35325,284,0,obt-collector1,0,0,0/RP0/CPU0,0,0,0,60808895,,,35325,2888,426799,4,0,0,0,16233,96399,34,53320,44,0,0,637132,14,266,0,0,0,0,0,16642,0,0,1,694514,16292,0,0,,,,0,0,0,0,225,0,0,0,0,0,0,225,0,0,0,0,8,60817897,60711739,0,0,0,0,0,30495005,96403

2020-02-05 02:00:54.552000+00:00,dr03,sg0,29273916,0,30546468,766315921,0,0,6,165902,0,5199,62673,37017,26962,212346,0,234123,918638,652671896,766278476,30560754,60055364,29126147,109480,2537,91,35325,284,0,obt-collector1,0,0,0/RP0/CPU0,0,0,0,60808975,,,35325,2889,426801,4,0,0,0,16233,96400,34,53320,44,0,0,637132,14,266,0,0,0,0,0,16642,0,0,1,694514,16292,0,0,,,,0,0,0,0,225,0,0,0,0,0,0,225,0,0,0,0,8,60817978,60711820,0,0,0,0,0,30495045,96404

2020-02-05 02:01:04.602000+00:00,dr03,sg0,29273956,0,30546508,766316681,0,0,6,165902,0,5199,62674,37018,26962,212346,0,234123,918638,652672656,766279236,30560794,60055444,29126187,109480,2537,91,35326,284,0,obt-collector1,0,0,0/RP0/CPU0,0,0,0,60809058,,,35326,2889,426802,4,0,0,0,16233,96400,34,53320,44,0,0,637132,14,266,0,0,0,0,0,16642,0,0,1,694514,16292,0,0,,,,0,0,0,0,225,0,0,0,0,0,0,225,0,0,0,0,8,60818058,60711900,0,0,0,0,0,30495085,96404

2020-02-05 02:01:14.654000+00:00,dr03,sg0,29273996,0,30546548,766317441,0,0,6,165902,0,5199,62674,37018,26962,212346,0,234124,918640,652673416,766279996,30560834,60055525,29126227,109480,2537,91,35326,284,0,obt-collector1,0,0,0/RP0/CPU0,0,0,0,60809138,,,35326,2889,426802,4,0,0,0,16233,96400,35,53320,44,0,0,637133,14,266,0,0,0,0,0,16642,0,0,1,694516,16292,0,0,,,,0,0,0,0,225,0,0,0,0,0,0,225,0,0,0,0,8,60818140,60711982,0,0,0,0,0,30495125,96404

2020-02-05 02:01:24.704000+00:00,dr03,sg0,29274036,0,30546588,766318201,0,0,6,165902,0,5199,62674,37018,26962,212346,0,234124,918641,652674176,766280813,30560874,60055608,29126267,109480,2537,91,35326,284,0,obt-collector1,0,0,0/RP0/CPU0,0,0,0,60809221,,,35326,2890,426803,4,0,0,0,16233,96400,35,53320,44,0,0,637134,14,266,0,0,0,0,0,16642,0,0,1,694517,16292,0,0,,,,0,0,0,0,225,0,0,0,0,0,0,225,0,0,0,0,8,60818222,60712067,0,0,0,0,0,30495165,96404

2020-02-05 02:01:34.754000+00:00,dr03,sg0,29274076,0,30546628,766318961,0,0,6,165902,0,5199,62674,37018,26962,212346,0,234124,918642,652674936,766281573,30560914,60055688,29126307,109480,2537,91,35326,284,0,obt-collector1,0,0,0/RP0/CPU0,0,0,0,60809301,,,35326,2890,426803,4,0,0,0,16233,96400,35,53320,44,0,0,637135,14,266,0,0,0,0,0,16642,0,0,1,694518,16292,0,0,,,,0,0,0,0,225,0,0,0,0,0,0,225,0,0,0,0,8,60818303,60712148,0,0,0,0,0,30495205,96404

2020-02-05 02:01:44.807000+00:00,dr03,sg0,29274116,0,30546668,766319721,0,0,6,165902,0,5199,62674,37018,26962,212347,0,234125,918644,652675696,766282333,30560954,60055769,29126347,109480,2537,91,35326,284,0,obt-collector1,0,0,0/RP0/CPU0,0,0,0,60809381,,,35326,2890,426805,4,0,0,0,16233,96400,35,53320,44,0,0,637136,14,266,0,0,0,0,0,16642,0,0,1,694519,16292,0,0,,,,0,0,0,0,225,0,0,0,0,0,0,225,0,0,0,0,8,60818385,60712230,0,0,0,0,0,30495245,96404

2020-02-05 02:01:54.860000+00:00,dr03,sg0,29274156,0,30546709,766320500,0,0,6,165902,0,5199,62674,37018,26962,212347,0,234125,918645,652676456,766283112,30560994,60055850,29126387,109480,2537,91,35326,284,0,obt-collector1,0,0,0/RP0/CPU0,0,0,0,60809462,,,35326,2891,426806,4,0,0,0,16233,96400,35,53320,44,0,0,637137,14,266,0,0,0,0,0,16642,0,0,1,694520,16292,0,0,,,,0,0,0,0,225,0,0,0,0,0,0,225,0,0,0,0,8,60818468,60712313,0,0,0,0,0,30495286,96404

2020-02-05 02:02:04.913000+00:00,dr03,sg0,29274196,0,30546751,766321298,0,0,6,165902,0,5199,62674,37018,26962,212347,0,234125,918646,652677216,766283872,30561034,60055930,29126427,109480,2537,91,35326,284,0,obt-collector1,0,0,0/RP0/CPU0,0,0,0,60809542,,,35326,2891,426806,4,0,0,0,16233,96400,35,53320,44,0,0,637138,14,266,0,0,0,0,0,16642,0,0,1,694521,16292,0,0,,,,0,0,0,0,225,0,0,0,0,0,0,225,0,0,0,0,8,60818551,60712394,0,0,0,0,0,30495328,96404

2020-02-05 02:02:14.965000+00:00,dr03,sg0,29274236,0,30546791,766322058,0,0,6,165902,0,5199,62674,37018,26962,212348,0,234125,918646,652677976,766284632,30561074,60056010,29126467,109480,2537,91,35326,284,0,obt-collector1,0,0,0/RP0/CPU0,0,0,0,60809622,,,35326,2891,426807,4,0,0,0,16233,96400,35,53320,44,0,0,637138,14,266,0,0,0,0,0,16642,0,0,1,694521,16292,0,0,,,,0,0,0,0,225,0,0,0,0,0,0,225,0,0,0,0,8,60818631,60712474,0,0,0,0,0,30495368,96404

2020-02-05 02:02:25.015000+00:00,dr03,sg0,29274276,0,30546832,766322837,0,0,6,165902,0,5199,62674,37018,26962,212348,0,234126,918649,652678736,766285392,30561114,60056091,29126507,109480,2537,91,35326,284,0,obt-collector1,0,0,0/RP0/CPU0,0,0,0,60809702,,,35326,2892,426809,4,0,0,0,16233,96400,35,53320,44,0,0,637140,14,266,0,0,0,0,0,16642,0,0,1,694523,16292,0,0,,,,0,0,0,0,225,0,0,0,0,0,0,225,0,0,0,0,8,60818716,60712558,0,0,0,0,0,30495409,96404

2020-02-05 02:02:35.071000+00:00,dr03,sg0,29274316,0,30546872,766323597,0,0,6,165902,0,5199,62674,37018,26962,212348,0,234126,918650,652679496,766286152,30561154,60056171,29126547,109480,2537,91,35326,284,0,obt-collector1,0,0,0/RP0/CPU0,0,0,0,60809782,,,35326,2892,426809,4,0,0,0,16233,96400,35,53320,44,0,0,637141,14,266,0,0,0,0,0,16642,0,0,1,694524,16292,0,0,,,,0,0,0,0,225,0,0,0,0,0,0,225,0,0,0,0,8,60818797,60712639,0,0,0,0,0,30495449,96404

2020-02-05 02:02:45.127000+00:00,dr03,sg0,29274356,0,30546912,766324357,0,0,6,165902,0,5199,62674,37018,26962,212348,0,234126,918650,652680256,766286912,30561194,60056251,29126587,109480,2537,91,35326,284,0,obt-collector1,0,0,0/RP0/CPU0,0,0,0,60809862,,,35326,2892,426809,4,0,0,0,16233,96400,35,53320,44,0,0,637141,14,266,0,0,0,0,0,16642,0,0,1,694524,16292,0,0,,,,0,0,0,0,225,0,0,0,0,0,0,225,0,0,0,0,8,60818877,60712719,0,0,0,0,0,30495489,96404

2020-02-05 02:02:55.178000+00:00,dr03,sg0,29274396,0,30546952,766325117,0,0,6,165902,0,5199,62674,37018,26962,212349,0,234127,918652,652681016,766287672,30561234,60056332,29126627,109480,2537,91,35326,284,0,obt-collector1,0,0,0/RP0/CPU0,0,0,0,60809942,,,35326,2893,426812,4,0,0,0,16233,96400,35,53320,44,0,0,637142,14,266,0,0,0,0,0,16642,0,0,1,694525,16292,0,0,,,,0,0,0,0,225,0,0,0,0,0,0,225,0,0,0,0,8,60818960,60712802,0,0,0,0,0,30495529,96404

2020-02-05 02:03:05.230000+00:00,dr03,sg0,29274436,0,30546992,766325877,0,0,6,165902,0,5199,62674,37018,26962,212349,0,234127,918654,652681776,766288432,30561274,60056412,29126667,109480,2537,91,35326,284,0,obt-collector1,0,0,0/RP0/CPU0,0,0,0,60810022,,,35326,2893,426812,4,0,0,0,16233,96400,35,53320,44,0,0,637144,14,266,0,0,0,0,0,16642,0,0,1,694527,16292,0,0,,,,0,0,0,0,225,0,0,0,0,0,0,225,0,0,0,0,8,60819042,60712884,0,0,0,0,0,30495569,96404

2020-02-05 02:03:15.281000+00:00,dr03,sg0,29274476,0,30547032,766326637,0,0,6,165902,0,5199,62674,37018,26962,212349,0,234127,918654,652682536,766289192,30561314,60056492,29126707,109480,2537,91,35326,284,0,obt-collector1,0,0,0/RP0/CPU0,0,0,0,60810102,,,35326,2893,426812,4,0,0,0,16233,96400,35,53320,44,0,0,637144,14,266,0,0,0,0,0,16642,0,0,1,694527,16292,0,0,,,,0,0,0,0,225,0,0,0,0,0,0,225,0,0,0,0,8,60819122,60712964,0,0,0,0,0,30495609,96404

2020-02-05 02:03:25.332000+00:00,dr03,sg0,29274516,0,30547072,766327397,0,0,6,165902,0,5199,62674,37018,26962,212350,0,234127,918654,652683296,766289952,30561354,60056572,29126747,109480,2537,91,35326,284,0,obt-collector1,0,0,0/RP0/CPU0,0,0,0,60810182,,,35326,2894,426814,4,0,0,0,16233,96400,35,53320,44,0,0,637144,14,266,0,0,0,0,0,16642,0,0,1,694527,16292,0,0,,,,0,0,0,0,225,0,0,0,0,0,0,225,0,0,0,0,8,60819203,60713045,0,0,0,0,0,30495649,96404

2020-02-05 02:03:35.382000+00:00,dr03,sg0,29274556,0,30547112,766328157,0,0,6,165902,0,5199,62674,37018,26962,212350,0,234128,918657,652684056,766290712,30561394,60056653,29126787,109480,2537,91,35326,284,0,obt-collector1,0,0,0/RP0/CPU0,0,0,0,60810262,,,35326,2894,426815,4,0,0,0,16233,96400,35,53320,44,0,0,637146,14,266,0,0,0,0,0,16642,0,0,1,694529,16292,0,0,,,,0,0,0,0,225,0,0,0,0,0,0,225,0,0,0,0,8,60819286,60713128,0,0,0,0,0,30495689,96404

2020-02-05 02:03:45.432000+00:00,dr03,sg0,29274596,0,30547152,766328917,0,0,6,165902,0,5199,62674,37018,26962,212350,0,234128,918658,652684816,766291472,30561434,60056733,29126827,109480,2537,91,35326,284,0,obt-collector1,0,0,0/RP0/CPU0,0,0,0,60810342,,,35326,2894,426815,4,0,0,0,16233,96400,35,53320,44,0,0,637147,14,266,0,0,0,0,0,16642,0,0,1,694530,16292,0,0,,,,0,0,0,0,225,0,0,0,0,0,0,225,0,0,0,0,8,60819367,60713209,0,0,0,0,0,30495729,96404

2020-02-05 02:03:55.485000+00:00,dr03,sg0,29274636,0,30547192,766329677,0,0,6,165902,0,5199,62674,37018,26962,212350,0,234128,918658,652685576,766292232,30561474,60056813,29126867,109480,2537,91,35326,284,0,obt-collector1,0,0,0/RP0/CPU0,0,0,0,60810422,,,35326,2895,426816,4,0,0,0,16233,96400,35,53320,44,0,0,637147,14,266,0,0,0,0,0,16642,0,0,1,694530,16292,0,0,,,,0,0,0,0,225,0,0,0,0,0,0,225,0,0,0,0,8,60819448,60713290,0,0,0,0,0,30495769,96404

2020-02-05 02:04:05.537000+00:00,dr03,sg0,29274676,0,30547232,766330437,0,0,6,165902,0,5199,62674,37018,26962,212351,0,234129,918660,652686336,766292992,30561514,60056894,29126907,109480,2537,91,35326,284,0,obt-collector1,0,0,0/RP0/CPU0,0,0,0,60810502,,,35326,2895,426818,4,0,0,0,16233,96400,34,53320,44,0,0,637148,14,266,0,0,0,0,0,16642,0,0,1,694531,16292,0,0,,,,0,0,0,0,225,0,0,0,0,0,0,225,0,0,0,0,8,60819530,60713372,0,0,0,0,0,30495809,96404

2020-02-05 02:04:15.587000+00:00,dr03,sg0,29274716,0,30547272,766331197,0,0,6,165902,0,5199,62674,37018,26962,212351,0,234129,918662,652687096,766293752,30561554,60056974,29126947,109480,2537,91,35326,284,0,obt-collector1,0,0,0/RP0/CPU0,0,0,0,60810582,,,35326,2895,426818,4,0,0,0,16233,96400,34,53320,44,0,0,637150,14,266,0,0,0,0,0,16642,0,0,1,694533,16292,0,0,,,,0,0,0,0,225,0,0,0,0,0,0,225,0,0,0,0,8,60819612,60713454,0,0,0,0,0,30495849,96404

2020-02-05 02:04:25.637000+00:00,dr03,sg0,29274756,0,30547312,766331957,0,0,6,165902,0,5199,62674,37018,26962,212351,0,234129,918662,652687856,766294512,30561594,60057054,29126987,109480,2537,91,35326,284,0,obt-collector1,0,0,0/RP0/CPU0,0,0,0,60810662,,,35326,2896,426819,4,0,0,0,16233,96400,34,53320,44,0,0,637150,14,266,0,0,0,0,0,16642,0,0,1,694533,16292,0,0,,,,0,0,0,0,225,0,0,0,0,0,0,225,0,0,0,0,8,60819693,60713535,0,0,0,0,0,30495889,96404

2020-02-05 02:04:35.691000+00:00,dr03,sg0,29274796,0,30547352,766332717,0,0,6,165902,0,5199,62674,37018,26962,212352,0,234129,918662,652688616,766295272,30561634,60057134,29127027,109480,2537,91,35326,284,0,obt-collector1,0,0,0/RP0/CPU0,0,0,0,60810742,,,35326,2896,426820,4,0,0,0,16233,96400,34,53320,44,0,0,637150,14,266,0,0,0,0,0,16642,0,0,1,694533,16292,0,0,,,,0,0,0,0,225,0,0,0,0,0,0,225,0,0,0,0,8,60819773,60713615,0,0,0,0,0,30495929,96404

2020-02-05 02:04:45.741000+00:00,dr03,sg0,29274836,0,30547392,766333477,0,0,6,165902,0,5199,62675,37019,26962,212352,0,234130,918663,652689376,766296032,30561674,60057215,29127067,109480,2537,91,35327,284,0,obt-collector1,0,0,0/RP0/CPU0,0,0,0,60810825,,,35327,2896,426821,4,0,0,0,16233,96400,35,53320,44,0,0,637150,14,266,0,0,0,0,0,16642,0,0,1,694534,16292,0,0,,,,0,0,0,0,225,0,0,0,0,0,0,225,0,0,0,0,8,60819854,60713696,0,0,0,0,0,30495969,96404

2020-02-05 02:04:55.791000+00:00,dr03,sg0,29274876,0,30547432,766334237,0,0,6,165902,0,5199,62675,37019,26962,212352,0,234130,918665,652690136,766296792,30561714,60057295,29127107,109480,2537,91,35327,284,0,obt-collector1,0,0,0/RP0/CPU0,0,0,0,60810905,,,35327,2897,426822,4,0,0,0,16233,96400,35,53320,44,0,0,637152,14,266,0,0,0,0,0,16642,0,0,1,694536,16292,0,0,,,,0,0,0,0,225,0,0,0,0,0,0,225,0,0,0,0,8,60819937,60713779,0,0,0,0,0,30496009,96404

2020-02-05 02:05:05.846000+00:00,dr03,sg0,29274916,0,30547472,766334997,0,0,6,165902,0,5199,62675,37019,26962,212352,0,234130,918665,652690896,766297552,30561754,60057375,29127147,109480,2537,91,35327,284,0,obt-collector1,0,0,0/RP0/CPU0,0,0,0,60810985,,,35327,2897,426822,4,0,0,0,16233,96400,35,53320,44,0,0,637152,14,266,0,0,0,0,0,16642,0,0,1,694536,16292,0,0,,,,0,0,0,0,225,0,0,0,0,0,0,225,0,0,0,0,8,60820017,60713859,0,0,0,0,0,30496049,96404

2020-02-05 02:05:15.898000+00:00,dr03,sg0,29274956,0,30547514,766335795,0,0,6,165902,0,5199,62675,37019,26962,212353,0,234130,918666,652691884,766298350,30561806,60057457,29127187,109480,2537,91,35327,284,0,obt-collector1,0,0,0/RP0/CPU0,0,0,0,60811079,,,35327,2897,426823,4,0,0,0,16233,96400,35,53320,44,0,0,637153,14,266,0,0,0,0,0,16642,0,0,1,694537,16292,0,0,,,,0,0,0,0,225,0,0,0,0,0,0,225,0,0,0,0,8,60820112,60713942,0,0,0,0,0,30496091,96404

2020-02-05 02:05:25.948000+00:00,dr03,sg0,29274996,0,30547554,766336555,0,0,6,165902,0,5199,62675,37019,26962,212353,0,234131,918669,652692758,766299110,30561852,60057538,29127227,109480,2537,91,35327,284,0,obt-collector1,0,0,0/RP0/CPU0,0,0,0,60811165,,,35327,2898,426825,4,0,0,0,16233,96400,35,53320,44,0,0,637155,14,266,0,0,0,0,0,16642,0,0,1,694539,16292,0,0,,,,0,0,0,0,225,0,0,0,0,0,0,225,0,0,0,0,8,60820202,60714026,0,0,0,0,0,30496131,96404

