,Producer,Target,host,interface-counts/admin-down-interface-count,interface-counts/down-interface-count,interface-counts/interface-count,interface-counts/up-interface-count,interface-type-list/interface-counts/admin-down-interface-count,interface-type-list/interface-counts/down-interface-count,interface-type-list/interface-counts/interface-count,interface-type-list/interface-counts/up-interface-count,interface-type-list/interface-type-description,interface-type-list/interface-type-name,interface-type/interface-counts/admin-down-interface-count,interface-type/interface-counts/down-interface-count,interface-type/interface-counts/interface-count,interface-type/interface-counts/up-interface-count,interface-type/interface-type-description,interface-type/interface-type-name

2020-02-06 19:40:22.620000+00:00,leaf4,sg10,obt-collector1,5,9,41,27,,,,,,,0,0,1,1,Tunnel,IFT_TUNNEL_GRE

2020-02-06 19:40:30.470000+00:00,leaf4,sg10,obt-collector1,5,9,41,27,,,,,,,0,0,1,1,Tunnel,IFT_TUNNEL_GRE

2020-02-06 19:40:50.522000+00:00,leaf4,sg10,obt-collector1,5,9,41,27,,,,,,,0,0,1,1,Tunnel,IFT_TUNNEL_GRE

2020-02-06 19:41:00.380000+00:00,leaf4,sg10,obt-collector1,5,9,41,27,,,,,,,0,0,1,1,Tunnel,IFT_TUNNEL_GRE

2020-02-06 19:41:03.592000+00:00,leaf4,sg10,obt-collector1,5,9,41,27,,,,,,,0,0,1,1,Tunnel,IFT_TUNNEL_GRE

2020-02-06 19:41:53.025000+00:00,leaf4,sg10,obt-collector1,5,9,41,27,,,,,,,0,0,1,1,Tunnel,IFT_TUNNEL_GRE

2020-02-06 19:41:56.283000+00:00,leaf4,sg10,obt-collector1,5,9,41,27,,,,,,,0,0,1,1,Tunnel,IFT_TUNNEL_GRE

2020-02-06 19:42:09.396000+00:00,leaf4,sg10,obt-collector1,5,9,41,27,,,,,,,0,0,1,1,Tunnel,IFT_TUNNEL_GRE

2020-02-06 19:42:12.726000+00:00,leaf4,sg10,obt-collector1,5,9,41,27,,,,,,,0,0,1,1,Tunnel,IFT_TUNNEL_GRE

2020-02-06 19:42:46.256000+00:00,leaf4,sg10,obt-collector1,5,9,41,27,,,,,,,0,0,1,1,Tunnel,IFT_TUNNEL_GRE

2020-02-06 19:42:49.451000+00:00,leaf4,sg10,obt-collector1,5,9,41,27,,,,,,,0,0,1,1,Tunnel,IFT_TUNNEL_GRE

2020-02-06 19:43:27.043000+00:00,leaf4,sg10,obt-collector1,5,9,41,27,,,,,,,0,0,1,1,Tunnel,IFT_TUNNEL_GRE

2020-02-06 19:43:48.613000+00:00,leaf4,sg10,obt-collector1,5,9,41,27,,,,,,,0,0,1,1,Tunnel,IFT_TUNNEL_GRE

2020-02-06 19:44:42.406000+00:00,leaf4,sg10,obt-collector1,5,9,41,27,,,,,,,0,0,1,1,Tunnel,IFT_TUNNEL_GRE

2020-02-06 19:45:01.732000+00:00,leaf4,sg10,obt-collector1,5,9,41,27,,,,,,,0,0,1,1,Tunnel,IFT_TUNNEL_GRE

2020-02-06 19:45:08.202000+00:00,leaf4,sg10,obt-collector1,5,9,41,27,,,,,,,0,0,1,1,Tunnel,IFT_TUNNEL_GRE

2020-02-06 19:45:44.146000+00:00,leaf4,sg10,obt-collector1,5,9,41,27,,,,,,,0,0,1,1,Tunnel,IFT_TUNNEL_GRE

2020-02-06 19:46:20.870000+00:00,leaf4,sg10,obt-collector1,5,9,41,27,,,,,,,0,0,1,1,Tunnel,IFT_TUNNEL_GRE

2020-02-06 19:46:41.859000+00:00,leaf4,sg10,obt-collector1,5,9,41,27,,,,,,,0,0,1,1,Tunnel,IFT_TUNNEL_GRE

2020-02-06 19:46:45.145000+00:00,leaf4,sg10,obt-collector1,5,9,41,27,,,,,,,0,0,1,1,Tunnel,IFT_TUNNEL_GRE

2020-02-06 19:46:58.365000+00:00,leaf4,sg10,obt-collector1,5,9,41,27,,,,,,,0,0,1,1,Tunnel,IFT_TUNNEL_GRE

2020-02-06 19:47:11.176000+00:00,leaf4,sg10,obt-collector1,5,9,41,27,,,,,,,0,0,1,1,Tunnel,IFT_TUNNEL_GRE

2020-02-06 19:47:14.358000+00:00,leaf4,sg10,obt-collector1,5,9,41,27,,,,,,,0,0,1,1,Tunnel,IFT_TUNNEL_GRE

2020-02-06 19:47:53.722000+00:00,leaf4,sg10,obt-collector1,5,9,41,27,,,,,,,0,0,1,1,Tunnel,IFT_TUNNEL_GRE

2020-02-06 19:47:56.961000+00:00,leaf4,sg10,obt-collector1,5,9,41,27,,,,,,,0,0,1,1,Tunnel,IFT_TUNNEL_GRE

2020-02-06 19:48:03.406000+00:00,leaf4,sg10,obt-collector1,5,9,41,27,,,,,,,0,0,1,1,Tunnel,IFT_TUNNEL_GRE

2020-02-06 19:48:22.736000+00:00,leaf4,sg10,obt-collector1,5,9,41,27,,,,,,,0,0,1,1,Tunnel,IFT_TUNNEL_GRE

2020-02-06 19:48:43.511000+00:00,leaf4,sg10,obt-collector1,5,9,41,27,,,,,,,0,0,1,1,Tunnel,IFT_TUNNEL_GRE

2020-02-06 19:49:07.254000+00:00,leaf4,sg10,obt-collector1,5,9,41,27,,,,,,,0,0,1,1,Tunnel,IFT_TUNNEL_GRE

2020-02-06 19:50:11.766000+00:00,leaf4,sg10,obt-collector1,5,9,41,27,,,,,,,0,0,1,1,Tunnel,IFT_TUNNEL_GRE

2020-02-06 19:50:14.932000+00:00,leaf4,sg10,obt-collector1,5,9,41,27,,,,,,,0,0,1,1,Tunnel,IFT_TUNNEL_GRE

2020-02-06 19:50:21.292000+00:00,leaf4,sg10,obt-collector1,5,9,41,27,,,,,,,0,0,1,1,Tunnel,IFT_TUNNEL_GRE

2020-02-06 19:51:30.189000+00:00,leaf4,sg10,obt-collector1,5,9,41,27,,,,,,,0,0,1,1,Tunnel,IFT_TUNNEL_GRE

2020-02-06 19:51:33.503000+00:00,leaf4,sg10,obt-collector1,5,9,41,27,,,,,,,0,0,1,1,Tunnel,IFT_TUNNEL_GRE

2020-02-06 19:52:03.352000+00:00,leaf4,sg10,obt-collector1,5,9,41,27,,,,,,,0,0,1,1,Tunnel,IFT_TUNNEL_GRE

2020-02-06 19:52:26.857000+00:00,leaf4,sg10,obt-collector1,5,9,41,27,,,,,,,0,0,1,1,Tunnel,IFT_TUNNEL_GRE

2020-02-06 19:52:57.877000+00:00,leaf4,sg10,obt-collector1,5,9,41,27,,,,,,,0,0,1,1,Tunnel,IFT_TUNNEL_GRE

2020-02-06 19:53:01.132000+00:00,leaf4,sg10,obt-collector1,5,9,41,27,,,,,,,0,0,1,1,Tunnel,IFT_TUNNEL_GRE

2020-02-06 19:53:33.478000+00:00,leaf4,sg10,obt-collector1,5,9,41,27,,,,,,,0,0,1,1,Tunnel,IFT_TUNNEL_GRE

2020-02-06 19:53:36.753000+00:00,leaf4,sg10,obt-collector1,5,9,41,27,,,,,,,0,0,1,1,Tunnel,IFT_TUNNEL_GRE

2020-02-06 19:53:39.933000+00:00,leaf4,sg10,obt-collector1,5,9,41,27,,,,,,,0,0,1,1,Tunnel,IFT_TUNNEL_GRE

2020-02-06 19:53:54.133000+00:00,leaf4,sg10,obt-collector1,5,9,41,27,,,,,,,0,0,1,1,Tunnel,IFT_TUNNEL_GRE

2020-02-06 19:54:03.798000+00:00,leaf4,sg10,obt-collector1,5,9,41,27,,,,,,,0,0,1,1,Tunnel,IFT_TUNNEL_GRE

2020-02-06 19:54:10.251000+00:00,leaf4,sg10,obt-collector1,5,9,41,27,,,,,,,0,0,1,1,Tunnel,IFT_TUNNEL_GRE

2020-02-06 19:54:23.896000+00:00,leaf4,sg10,obt-collector1,5,9,41,27,,,,,,,0,0,1,1,Tunnel,IFT_TUNNEL_GRE

2020-02-06 19:54:27.138000+00:00,leaf4,sg10,obt-collector1,5,9,41,27,,,,,,,0,0,1,1,Tunnel,IFT_TUNNEL_GRE

2020-02-06 19:54:30.319000+00:00,leaf4,sg10,obt-collector1,5,9,41,27,,,,,,,0,0,1,1,Tunnel,IFT_TUNNEL_GRE

2020-02-06 19:55:04.073000+00:00,leaf4,sg10,obt-collector1,5,9,41,27,,,,,,,0,0,1,1,Tunnel,IFT_TUNNEL_GRE

2020-02-06 19:55:17.512000+00:00,leaf4,sg10,obt-collector1,5,9,41,27,,,,,,,0,0,1,1,Tunnel,IFT_TUNNEL_GRE

2020-02-06 19:55:48.924000+00:00,leaf4,sg10,obt-collector1,5,9,41,27,,,,,,,0,0,1,1,Tunnel,IFT_TUNNEL_GRE

2020-02-06 19:55:55.519000+00:00,leaf4,sg10,obt-collector1,5,9,41,27,,,,,,,0,0,1,1,Tunnel,IFT_TUNNEL_GRE

2020-02-06 19:56:08.515000+00:00,leaf4,sg10,obt-collector1,5,9,41,27,,,,,,,0,0,1,1,Tunnel,IFT_TUNNEL_GRE

2020-02-06 19:56:18.219000+00:00,leaf4,sg10,obt-collector1,5,9,41,27,,,,,,,0,0,1,1,Tunnel,IFT_TUNNEL_GRE

2020-02-06 19:56:21.426000+00:00,leaf4,sg10,obt-collector1,5,9,41,27,,,,,,,0,0,1,1,Tunnel,IFT_TUNNEL_GRE

2020-02-06 19:56:24.643000+00:00,leaf4,sg10,obt-collector1,5,9,41,27,,,,,,,0,0,1,1,Tunnel,IFT_TUNNEL_GRE

2020-02-06 19:56:37.723000+00:00,leaf4,sg10,obt-collector1,5,9,41,27,,,,,,,0,0,1,1,Tunnel,IFT_TUNNEL_GRE

2020-02-06 19:56:44.196000+00:00,leaf4,sg10,obt-collector1,5,9,41,27,,,,,,,0,0,1,1,Tunnel,IFT_TUNNEL_GRE

2020-02-06 19:56:51.697000+00:00,leaf4,sg10,obt-collector1,5,9,41,27,,,,,,,0,0,1,1,Tunnel,IFT_TUNNEL_GRE

