,Producer,Target,audit-counters/aggr-only/mark-session-set-ack-rcv-drop-aggr,audit-counters/aggr-only/mark-session-set-nack-rcv-drop-aggr,audit-counters/aggr-only/mark-session-set-rcv-drop-aggr,audit-counters/aggr-only/session-rcv-drop-aggr,audit-counters/aggr-only/session-set-response-rcv-drop-aggr,audit-counters/aggr-only/sweep-session-set-rcv-drop-aggr,audit-counters/common/abort,audit-counters/common/mark-session-set-ack-rcv,audit-counters/common/mark-session-set-ack-rcv-drop,audit-counters/common/mark-session-set-ack-send,audit-counters/common/mark-session-set-ack-send-drop,audit-counters/common/mark-session-set-nack-rcv,audit-counters/common/mark-session-set-nack-rcv-drop,audit-counters/common/mark-session-set-nack-send,audit-counters/common/mark-session-set-nack-send-drop,audit-counters/common/mark-session-set-rcv,audit-counters/common/mark-session-set-rcv-drop,audit-counters/common/mark-session-set-send,audit-counters/common/mark-session-set-send-drop,audit-counters/common/session-rcv,audit-counters/common/session-rcv-drop,audit-counters/common/session-send,audit-counters/common/session-send-drop,audit-counters/common/session-set-response-rcv,audit-counters/common/session-set-response-rcv-drop,audit-counters/common/session-set-response-send,audit-counters/common/session-set-response-send-drop,audit-counters/common/sweep-session-set-rcv,audit-counters/common/sweep-session-set-rcv-drop,audit-counters/common/sweep-session-set-send,audit-counters/common/sweep-session-set-send-drop,held-packet-drops,host,id,internal-ack-drops-immediate-match,internal-ack-drops-initsync-first-phase,internal-ack-drops-not-replicated,internal-ack-drops-stale,last-cleared-time,notification-statistic/delivered-count,notification-statistic/dropped-count,notification-statistic/failed-count,notification-statistic/queued-count,notification-statistics/delivered-count,notification-statistics/dropped-count,notification-statistics/failed-count,notification-statistics/queued-count,number-of-added-sessions,number-of-attempted-init-sync,number-of-connected-clients,number-of-created-session-sets,number-of-current-clients,number-of-current-session-sets,number-of-current-sessions,number-of-deleted-sessions,number-of-destroyed-session-sets,number-of-disconnected-clients,number-of-failed-init-sync,number-of-held-but-dropped-internal-acks,number-of-held-but-dropped-packets,number-of-held-internal-acks,number-of-held-packets,number-of-internal-ack-drops-no-pcb,number-of-internal-ack-drops-no-scbdp,number-of-partner-node,number-of-qad-receive-messages-accepts,number-of-qad-receive-messages-drops,number-of-qad-receive-messages-unknowns,number-of-qad-stale-receive-messages-drops,number-of-qad-transfer-message-drops,number-of-qad-transfer-message-sent,number-of-received-internal-acks,number-of-sent-internal-acks,number-of-succeeded-init-sync,snd-counters/aggr-only/cleanup-rcv-drop-no-pcb,snd-counters/aggr-only/cleanup-rcv-drop-no-scb-dp,snd-counters/aggr-only/data-xfer-rcv-drop-no-pcb,snd-counters/aggr-only/data-xfer-rcv-drop-no-scb-dp,snd-counters/aggr-only/nack-rcv-drop-no-pcb,snd-counters/aggr-only/nack-rcv-drop-no-scb-dp,snd-counters/aggr-only/seg-instr-rcv-drop-no-pcb,snd-counters/aggr-only/seg-instr-rcv-drop-no-scb-dp,snd-counters/common/cleanup-rcv,snd-counters/common/cleanup-rcv-fail-buffer-trim,snd-counters/common/cleanup-rcv-success,snd-counters/common/cleanup-send,snd-counters/common/cleanup-send-drop,snd-counters/common/data-xfer-rcv,snd-counters/common/data-xfer-rcv-fail-buffer-trim,snd-counters/common/data-xfer-rcv-fail-snd-una-out-of-sync,snd-counters/common/data-xfer-rcv-success,snd-counters/common/data-xfer-send,snd-counters/common/data-xfer-send-drop,snd-counters/common/data-xfer-send-iov-alloc,snd-counters/common/data-xfer-send-total,snd-counters/common/nack-rcv,snd-counters/common/nack-rcv-fail-data-send,snd-counters/common/nack-rcv-success,snd-counters/common/nack-send,snd-counters/common/nack-send-drop,snd-counters/common/seg-instr-rcv,snd-counters/common/seg-instr-rcv-fail-buffer-trim,snd-counters/common/seg-instr-rcv-fail-tcp-process,snd-counters/common/seg-instr-rcv-success,snd-counters/common/seg-instr-send,snd-counters/common/seg-instr-send-drop,snd-counters/common/seg-instr-send-units

2020-02-02 21:58:05.100000+00:00,dr02,sg0,0,0,0,0,0,0,0,0,0,0,0,0,0,0,0,0,0,0,0,0,0,0,0,0,0,0,0,0,0,0,0,0,obt-collector1,0/RP0/CPU0,0,0,0,0,0,0,0,0,0,,,,,0,0,1,0,1,0,0,0,0,0,0,0,0,0,0,0,0,0,0,0,0,0,0,0,0,0,0,0,0,0,0,0,0,0,0,0,0,0,0,0,0,0,0,0,0,0,0,0,0,0,0,0,0,0,0,0,0,0,0,0

2020-02-02 21:58:26.971000+00:00,dr02,sg0,0,0,0,0,0,0,0,0,0,0,0,0,0,0,0,0,0,0,0,0,0,0,0,0,0,0,0,0,0,0,0,0,obt-collector1,0/RP0/CPU0,0,0,0,0,0,0,0,0,0,,,,,0,0,1,0,1,0,0,0,0,0,0,0,0,0,0,0,0,0,0,0,0,0,0,0,0,0,0,0,0,0,0,0,0,0,0,0,0,0,0,0,0,0,0,0,0,0,0,0,0,0,0,0,0,0,0,0,0,0,0,0

2020-02-02 21:58:48.747000+00:00,dr02,sg0,0,0,0,0,0,0,0,0,0,0,0,0,0,0,0,0,0,0,0,0,0,0,0,0,0,0,0,0,0,0,0,0,obt-collector1,0/RP0/CPU0,0,0,0,0,0,0,0,0,0,,,,,0,0,1,0,1,0,0,0,0,0,0,0,0,0,0,0,0,0,0,0,0,0,0,0,0,0,0,0,0,0,0,0,0,0,0,0,0,0,0,0,0,0,0,0,0,0,0,0,0,0,0,0,0,0,0,0,0,0,0,0

2020-02-02 21:59:10.508000+00:00,dr02,sg0,0,0,0,0,0,0,0,0,0,0,0,0,0,0,0,0,0,0,0,0,0,0,0,0,0,0,0,0,0,0,0,0,obt-collector1,0/RP0/CPU0,0,0,0,0,0,0,0,0,0,,,,,0,0,1,0,1,0,0,0,0,0,0,0,0,0,0,0,0,0,0,0,0,0,0,0,0,0,0,0,0,0,0,0,0,0,0,0,0,0,0,0,0,0,0,0,0,0,0,0,0,0,0,0,0,0,0,0,0,0,0,0

2020-02-02 21:59:32.287000+00:00,dr02,sg0,0,0,0,0,0,0,0,0,0,0,0,0,0,0,0,0,0,0,0,0,0,0,0,0,0,0,0,0,0,0,0,0,obt-collector1,0/RP0/CPU0,0,0,0,0,0,0,0,0,0,,,,,0,0,1,0,1,0,0,0,0,0,0,0,0,0,0,0,0,0,0,0,0,0,0,0,0,0,0,0,0,0,0,0,0,0,0,0,0,0,0,0,0,0,0,0,0,0,0,0,0,0,0,0,0,0,0,0,0,0,0,0

2020-02-02 21:59:54.030000+00:00,dr02,sg0,0,0,0,0,0,0,0,0,0,0,0,0,0,0,0,0,0,0,0,0,0,0,0,0,0,0,0,0,0,0,0,0,obt-collector1,0/RP0/CPU0,0,0,0,0,0,0,0,0,0,,,,,0,0,1,0,1,0,0,0,0,0,0,0,0,0,0,0,0,0,0,0,0,0,0,0,0,0,0,0,0,0,0,0,0,0,0,0,0,0,0,0,0,0,0,0,0,0,0,0,0,0,0,0,0,0,0,0,0,0,0,0

2020-02-02 22:00:15.755000+00:00,dr02,sg0,0,0,0,0,0,0,0,0,0,0,0,0,0,0,0,0,0,0,0,0,0,0,0,0,0,0,0,0,0,0,0,0,obt-collector1,0/RP0/CPU0,0,0,0,0,0,0,0,0,0,,,,,0,0,1,0,1,0,0,0,0,0,0,0,0,0,0,0,0,0,0,0,0,0,0,0,0,0,0,0,0,0,0,0,0,0,0,0,0,0,0,0,0,0,0,0,0,0,0,0,0,0,0,0,0,0,0,0,0,0,0,0

2020-02-02 22:00:37.523000+00:00,dr02,sg0,0,0,0,0,0,0,0,0,0,0,0,0,0,0,0,0,0,0,0,0,0,0,0,0,0,0,0,0,0,0,0,0,obt-collector1,0/RP0/CPU0,0,0,0,0,0,0,0,0,0,,,,,0,0,1,0,1,0,0,0,0,0,0,0,0,0,0,0,0,0,0,0,0,0,0,0,0,0,0,0,0,0,0,0,0,0,0,0,0,0,0,0,0,0,0,0,0,0,0,0,0,0,0,0,0,0,0,0,0,0,0,0

2020-02-02 22:00:59.346000+00:00,dr02,sg0,0,0,0,0,0,0,0,0,0,0,0,0,0,0,0,0,0,0,0,0,0,0,0,0,0,0,0,0,0,0,0,0,obt-collector1,0/RP0/CPU0,0,0,0,0,0,0,0,0,0,,,,,0,0,1,0,1,0,0,0,0,0,0,0,0,0,0,0,0,0,0,0,0,0,0,0,0,0,0,0,0,0,0,0,0,0,0,0,0,0,0,0,0,0,0,0,0,0,0,0,0,0,0,0,0,0,0,0,0,0,0,0

2020-02-02 22:01:21.078000+00:00,dr02,sg0,0,0,0,0,0,0,0,0,0,0,0,0,0,0,0,0,0,0,0,0,0,0,0,0,0,0,0,0,0,0,0,0,obt-collector1,0/RP0/CPU0,0,0,0,0,0,0,0,0,0,,,,,0,0,1,0,1,0,0,0,0,0,0,0,0,0,0,0,0,0,0,0,0,0,0,0,0,0,0,0,0,0,0,0,0,0,0,0,0,0,0,0,0,0,0,0,0,0,0,0,0,0,0,0,0,0,0,0,0,0,0,0

2020-02-02 22:01:42.758000+00:00,dr02,sg0,0,0,0,0,0,0,0,0,0,0,0,0,0,0,0,0,0,0,0,0,0,0,0,0,0,0,0,0,0,0,0,0,obt-collector1,0/RP0/CPU0,0,0,0,0,0,0,0,0,0,,,,,0,0,1,0,1,0,0,0,0,0,0,0,0,0,0,0,0,0,0,0,0,0,0,0,0,0,0,0,0,0,0,0,0,0,0,0,0,0,0,0,0,0,0,0,0,0,0,0,0,0,0,0,0,0,0,0,0,0,0,0

2020-02-02 22:02:04.891000+00:00,dr02,sg0,0,0,0,0,0,0,0,0,0,0,0,0,0,0,0,0,0,0,0,0,0,0,0,0,0,0,0,0,0,0,0,0,obt-collector1,0/RP0/CPU0,0,0,0,0,0,0,0,0,0,,,,,0,0,1,0,1,0,0,0,0,0,0,0,0,0,0,0,0,0,0,0,0,0,0,0,0,0,0,0,0,0,0,0,0,0,0,0,0,0,0,0,0,0,0,0,0,0,0,0,0,0,0,0,0,0,0,0,0,0,0,0

2020-02-02 22:02:26.666000+00:00,dr02,sg0,0,0,0,0,0,0,0,0,0,0,0,0,0,0,0,0,0,0,0,0,0,0,0,0,0,0,0,0,0,0,0,0,obt-collector1,0/RP0/CPU0,0,0,0,0,0,0,0,0,0,,,,,0,0,1,0,1,0,0,0,0,0,0,0,0,0,0,0,0,0,0,0,0,0,0,0,0,0,0,0,0,0,0,0,0,0,0,0,0,0,0,0,0,0,0,0,0,0,0,0,0,0,0,0,0,0,0,0,0,0,0,0

2020-02-02 22:02:48.406000+00:00,dr02,sg0,0,0,0,0,0,0,0,0,0,0,0,0,0,0,0,0,0,0,0,0,0,0,0,0,0,0,0,0,0,0,0,0,obt-collector1,0/RP0/CPU0,0,0,0,0,0,0,0,0,0,,,,,0,0,1,0,1,0,0,0,0,0,0,0,0,0,0,0,0,0,0,0,0,0,0,0,0,0,0,0,0,0,0,0,0,0,0,0,0,0,0,0,0,0,0,0,0,0,0,0,0,0,0,0,0,0,0,0,0,0,0,0

2020-02-02 22:03:10.243000+00:00,dr02,sg0,0,0,0,0,0,0,0,0,0,0,0,0,0,0,0,0,0,0,0,0,0,0,0,0,0,0,0,0,0,0,0,0,obt-collector1,0/RP0/CPU0,0,0,0,0,0,0,0,0,0,,,,,0,0,1,0,1,0,0,0,0,0,0,0,0,0,0,0,0,0,0,0,0,0,0,0,0,0,0,0,0,0,0,0,0,0,0,0,0,0,0,0,0,0,0,0,0,0,0,0,0,0,0,0,0,0,0,0,0,0,0,0

2020-02-02 22:03:32.007000+00:00,dr02,sg0,0,0,0,0,0,0,0,0,0,0,0,0,0,0,0,0,0,0,0,0,0,0,0,0,0,0,0,0,0,0,0,0,obt-collector1,0/RP0/CPU0,0,0,0,0,0,0,0,0,0,,,,,0,0,1,0,1,0,0,0,0,0,0,0,0,0,0,0,0,0,0,0,0,0,0,0,0,0,0,0,0,0,0,0,0,0,0,0,0,0,0,0,0,0,0,0,0,0,0,0,0,0,0,0,0,0,0,0,0,0,0,0

2020-02-02 22:03:53.777000+00:00,dr02,sg0,0,0,0,0,0,0,0,0,0,0,0,0,0,0,0,0,0,0,0,0,0,0,0,0,0,0,0,0,0,0,0,0,obt-collector1,0/RP0/CPU0,0,0,0,0,0,0,0,0,0,,,,,0,0,1,0,1,0,0,0,0,0,0,0,0,0,0,0,0,0,0,0,0,0,0,0,0,0,0,0,0,0,0,0,0,0,0,0,0,0,0,0,0,0,0,0,0,0,0,0,0,0,0,0,0,0,0,0,0,0,0,0

2020-02-02 22:04:15.514000+00:00,dr02,sg0,0,0,0,0,0,0,0,0,0,0,0,0,0,0,0,0,0,0,0,0,0,0,0,0,0,0,0,0,0,0,0,0,obt-collector1,0/RP0/CPU0,0,0,0,0,0,0,0,0,0,,,,,0,0,1,0,1,0,0,0,0,0,0,0,0,0,0,0,0,0,0,0,0,0,0,0,0,0,0,0,0,0,0,0,0,0,0,0,0,0,0,0,0,0,0,0,0,0,0,0,0,0,0,0,0,0,0,0,0,0,0,0

2020-02-02 22:04:37.326000+00:00,dr02,sg0,0,0,0,0,0,0,0,0,0,0,0,0,0,0,0,0,0,0,0,0,0,0,0,0,0,0,0,0,0,0,0,0,obt-collector1,0/RP0/CPU0,0,0,0,0,0,0,0,0,0,,,,,0,0,1,0,1,0,0,0,0,0,0,0,0,0,0,0,0,0,0,0,0,0,0,0,0,0,0,0,0,0,0,0,0,0,0,0,0,0,0,0,0,0,0,0,0,0,0,0,0,0,0,0,0,0,0,0,0,0,0,0

2020-02-02 22:04:59.071000+00:00,dr02,sg0,0,0,0,0,0,0,0,0,0,0,0,0,0,0,0,0,0,0,0,0,0,0,0,0,0,0,0,0,0,0,0,0,obt-collector1,0/RP0/CPU0,0,0,0,0,0,0,0,0,0,,,,,0,0,1,0,1,0,0,0,0,0,0,0,0,0,0,0,0,0,0,0,0,0,0,0,0,0,0,0,0,0,0,0,0,0,0,0,0,0,0,0,0,0,0,0,0,0,0,0,0,0,0,0,0,0,0,0,0,0,0,0

2020-02-02 22:05:20.843000+00:00,dr02,sg0,0,0,0,0,0,0,0,0,0,0,0,0,0,0,0,0,0,0,0,0,0,0,0,0,0,0,0,0,0,0,0,0,obt-collector1,0/RP0/CPU0,0,0,0,0,0,0,0,0,0,,,,,0,0,1,0,1,0,0,0,0,0,0,0,0,0,0,0,0,0,0,0,0,0,0,0,0,0,0,0,0,0,0,0,0,0,0,0,0,0,0,0,0,0,0,0,0,0,0,0,0,0,0,0,0,0,0,0,0,0,0,0

2020-02-02 22:05:42.617000+00:00,dr02,sg0,0,0,0,0,0,0,0,0,0,0,0,0,0,0,0,0,0,0,0,0,0,0,0,0,0,0,0,0,0,0,0,0,obt-collector1,0/RP0/CPU0,0,0,0,0,0,0,0,0,0,,,,,0,0,1,0,1,0,0,0,0,0,0,0,0,0,0,0,0,0,0,0,0,0,0,0,0,0,0,0,0,0,0,0,0,0,0,0,0,0,0,0,0,0,0,0,0,0,0,0,0,0,0,0,0,0,0,0,0,0,0,0

2020-02-02 22:06:04.485000+00:00,dr02,sg0,0,0,0,0,0,0,0,0,0,0,0,0,0,0,0,0,0,0,0,0,0,0,0,0,0,0,0,0,0,0,0,0,obt-collector1,0/RP0/CPU0,0,0,0,0,0,0,0,0,0,,,,,0,0,1,0,1,0,0,0,0,0,0,0,0,0,0,0,0,0,0,0,0,0,0,0,0,0,0,0,0,0,0,0,0,0,0,0,0,0,0,0,0,0,0,0,0,0,0,0,0,0,0,0,0,0,0,0,0,0,0,0

2020-02-02 22:06:26.259000+00:00,dr02,sg0,0,0,0,0,0,0,0,0,0,0,0,0,0,0,0,0,0,0,0,0,0,0,0,0,0,0,0,0,0,0,0,0,obt-collector1,0/RP0/CPU0,0,0,0,0,0,0,0,0,0,,,,,0,0,1,0,1,0,0,0,0,0,0,0,0,0,0,0,0,0,0,0,0,0,0,0,0,0,0,0,0,0,0,0,0,0,0,0,0,0,0,0,0,0,0,0,0,0,0,0,0,0,0,0,0,0,0,0,0,0,0,0

2020-02-02 22:06:48.032000+00:00,dr02,sg0,0,0,0,0,0,0,0,0,0,0,0,0,0,0,0,0,0,0,0,0,0,0,0,0,0,0,0,0,0,0,0,0,obt-collector1,0/RP0/CPU0,0,0,0,0,0,0,0,0,0,,,,,0,0,1,0,1,0,0,0,0,0,0,0,0,0,0,0,0,0,0,0,0,0,0,0,0,0,0,0,0,0,0,0,0,0,0,0,0,0,0,0,0,0,0,0,0,0,0,0,0,0,0,0,0,0,0,0,0,0,0,0

2020-02-02 22:07:09.709000+00:00,dr02,sg0,0,0,0,0,0,0,0,0,0,0,0,0,0,0,0,0,0,0,0,0,0,0,0,0,0,0,0,0,0,0,0,0,obt-collector1,0/RP0/CPU0,0,0,0,0,0,0,0,0,0,,,,,0,0,1,0,1,0,0,0,0,0,0,0,0,0,0,0,0,0,0,0,0,0,0,0,0,0,0,0,0,0,0,0,0,0,0,0,0,0,0,0,0,0,0,0,0,0,0,0,0,0,0,0,0,0,0,0,0,0,0,0

2020-02-02 22:07:31.432000+00:00,dr02,sg0,0,0,0,0,0,0,0,0,0,0,0,0,0,0,0,0,0,0,0,0,0,0,0,0,0,0,0,0,0,0,0,0,obt-collector1,0/RP0/CPU0,0,0,0,0,0,0,0,0,0,,,,,0,0,1,0,1,0,0,0,0,0,0,0,0,0,0,0,0,0,0,0,0,0,0,0,0,0,0,0,0,0,0,0,0,0,0,0,0,0,0,0,0,0,0,0,0,0,0,0,0,0,0,0,0,0,0,0,0,0,0,0

2020-02-02 22:07:53.163000+00:00,dr02,sg0,0,0,0,0,0,0,0,0,0,0,0,0,0,0,0,0,0,0,0,0,0,0,0,0,0,0,0,0,0,0,0,0,obt-collector1,0/RP0/CPU0,0,0,0,0,0,0,0,0,0,,,,,0,0,1,0,1,0,0,0,0,0,0,0,0,0,0,0,0,0,0,0,0,0,0,0,0,0,0,0,0,0,0,0,0,0,0,0,0,0,0,0,0,0,0,0,0,0,0,0,0,0,0,0,0,0,0,0,0,0,0,0

2020-02-02 22:08:14.975000+00:00,dr02,sg0,0,0,0,0,0,0,0,0,0,0,0,0,0,0,0,0,0,0,0,0,0,0,0,0,0,0,0,0,0,0,0,0,obt-collector1,0/RP0/CPU0,0,0,0,0,0,0,0,0,0,,,,,0,0,1,0,1,0,0,0,0,0,0,0,0,0,0,0,0,0,0,0,0,0,0,0,0,0,0,0,0,0,0,0,0,0,0,0,0,0,0,0,0,0,0,0,0,0,0,0,0,0,0,0,0,0,0,0,0,0,0,0

2020-02-02 22:08:36.698000+00:00,dr02,sg0,0,0,0,0,0,0,0,0,0,0,0,0,0,0,0,0,0,0,0,0,0,0,0,0,0,0,0,0,0,0,0,0,obt-collector1,0/RP0/CPU0,0,0,0,0,0,0,0,0,0,,,,,0,0,1,0,1,0,0,0,0,0,0,0,0,0,0,0,0,0,0,0,0,0,0,0,0,0,0,0,0,0,0,0,0,0,0,0,0,0,0,0,0,0,0,0,0,0,0,0,0,0,0,0,0,0,0,0,0,0,0,0

2020-02-02 22:08:58.441000+00:00,dr02,sg0,0,0,0,0,0,0,0,0,0,0,0,0,0,0,0,0,0,0,0,0,0,0,0,0,0,0,0,0,0,0,0,0,obt-collector1,0/RP0/CPU0,0,0,0,0,0,0,0,0,0,,,,,0,0,1,0,1,0,0,0,0,0,0,0,0,0,0,0,0,0,0,0,0,0,0,0,0,0,0,0,0,0,0,0,0,0,0,0,0,0,0,0,0,0,0,0,0,0,0,0,0,0,0,0,0,0,0,0,0,0,0,0

2020-02-02 22:09:20.205000+00:00,dr02,sg0,0,0,0,0,0,0,0,0,0,0,0,0,0,0,0,0,0,0,0,0,0,0,0,0,0,0,0,0,0,0,0,0,obt-collector1,0/RP0/CPU0,0,0,0,0,0,0,0,0,0,,,,,0,0,1,0,1,0,0,0,0,0,0,0,0,0,0,0,0,0,0,0,0,0,0,0,0,0,0,0,0,0,0,0,0,0,0,0,0,0,0,0,0,0,0,0,0,0,0,0,0,0,0,0,0,0,0,0,0,0,0,0

2020-02-02 22:09:41.898000+00:00,dr02,sg0,0,0,0,0,0,0,0,0,0,0,0,0,0,0,0,0,0,0,0,0,0,0,0,0,0,0,0,0,0,0,0,0,obt-collector1,0/RP0/CPU0,0,0,0,0,0,0,0,0,0,,,,,0,0,1,0,1,0,0,0,0,0,0,0,0,0,0,0,0,0,0,0,0,0,0,0,0,0,0,0,0,0,0,0,0,0,0,0,0,0,0,0,0,0,0,0,0,0,0,0,0,0,0,0,0,0,0,0,0,0,0,0

2020-02-02 22:10:03.593000+00:00,dr02,sg0,0,0,0,0,0,0,0,0,0,0,0,0,0,0,0,0,0,0,0,0,0,0,0,0,0,0,0,0,0,0,0,0,obt-collector1,0/RP0/CPU0,0,0,0,0,0,0,0,0,0,,,,,0,0,1,0,1,0,0,0,0,0,0,0,0,0,0,0,0,0,0,0,0,0,0,0,0,0,0,0,0,0,0,0,0,0,0,0,0,0,0,0,0,0,0,0,0,0,0,0,0,0,0,0,0,0,0,0,0,0,0,0

2020-02-02 22:10:25.512000+00:00,dr02,sg0,0,0,0,0,0,0,0,0,0,0,0,0,0,0,0,0,0,0,0,0,0,0,0,0,0,0,0,0,0,0,0,0,obt-collector1,0/RP0/CPU0,0,0,0,0,0,0,0,0,0,,,,,0,0,1,0,1,0,0,0,0,0,0,0,0,0,0,0,0,0,0,0,0,0,0,0,0,0,0,0,0,0,0,0,0,0,0,0,0,0,0,0,0,0,0,0,0,0,0,0,0,0,0,0,0,0,0,0,0,0,0,0

2020-02-02 22:10:47.355000+00:00,dr02,sg0,0,0,0,0,0,0,0,0,0,0,0,0,0,0,0,0,0,0,0,0,0,0,0,0,0,0,0,0,0,0,0,0,obt-collector1,0/RP0/CPU0,0,0,0,0,0,0,0,0,0,,,,,0,0,1,0,1,0,0,0,0,0,0,0,0,0,0,0,0,0,0,0,0,0,0,0,0,0,0,0,0,0,0,0,0,0,0,0,0,0,0,0,0,0,0,0,0,0,0,0,0,0,0,0,0,0,0,0,0,0,0,0

2020-02-02 22:11:09.083000+00:00,dr02,sg0,0,0,0,0,0,0,0,0,0,0,0,0,0,0,0,0,0,0,0,0,0,0,0,0,0,0,0,0,0,0,0,0,obt-collector1,0/RP0/CPU0,0,0,0,0,0,0,0,0,0,,,,,0,0,1,0,1,0,0,0,0,0,0,0,0,0,0,0,0,0,0,0,0,0,0,0,0,0,0,0,0,0,0,0,0,0,0,0,0,0,0,0,0,0,0,0,0,0,0,0,0,0,0,0,0,0,0,0,0,0,0,0

2020-02-02 22:11:30.824000+00:00,dr02,sg0,0,0,0,0,0,0,0,0,0,0,0,0,0,0,0,0,0,0,0,0,0,0,0,0,0,0,0,0,0,0,0,0,obt-collector1,0/RP0/CPU0,0,0,0,0,0,0,0,0,0,,,,,0,0,1,0,1,0,0,0,0,0,0,0,0,0,0,0,0,0,0,0,0,0,0,0,0,0,0,0,0,0,0,0,0,0,0,0,0,0,0,0,0,0,0,0,0,0,0,0,0,0,0,0,0,0,0,0,0,0,0,0

2020-02-02 22:11:52.616000+00:00,dr02,sg0,0,0,0,0,0,0,0,0,0,0,0,0,0,0,0,0,0,0,0,0,0,0,0,0,0,0,0,0,0,0,0,0,obt-collector1,0/RP0/CPU0,0,0,0,0,0,0,0,0,0,,,,,0,0,1,0,1,0,0,0,0,0,0,0,0,0,0,0,0,0,0,0,0,0,0,0,0,0,0,0,0,0,0,0,0,0,0,0,0,0,0,0,0,0,0,0,0,0,0,0,0,0,0,0,0,0,0,0,0,0,0,0

2020-02-02 22:12:14.323000+00:00,dr02,sg0,0,0,0,0,0,0,0,0,0,0,0,0,0,0,0,0,0,0,0,0,0,0,0,0,0,0,0,0,0,0,0,0,obt-collector1,0/RP0/CPU0,0,0,0,0,0,0,0,0,0,,,,,0,0,1,0,1,0,0,0,0,0,0,0,0,0,0,0,0,0,0,0,0,0,0,0,0,0,0,0,0,0,0,0,0,0,0,0,0,0,0,0,0,0,0,0,0,0,0,0,0,0,0,0,0,0,0,0,0,0,0,0

2020-02-02 22:12:36.049000+00:00,dr02,sg0,0,0,0,0,0,0,0,0,0,0,0,0,0,0,0,0,0,0,0,0,0,0,0,0,0,0,0,0,0,0,0,0,obt-collector1,0/RP0/CPU0,0,0,0,0,0,0,0,0,0,,,,,0,0,1,0,1,0,0,0,0,0,0,0,0,0,0,0,0,0,0,0,0,0,0,0,0,0,0,0,0,0,0,0,0,0,0,0,0,0,0,0,0,0,0,0,0,0,0,0,0,0,0,0,0,0,0,0,0,0,0,0

2020-02-02 22:12:57.889000+00:00,dr02,sg0,0,0,0,0,0,0,0,0,0,0,0,0,0,0,0,0,0,0,0,0,0,0,0,0,0,0,0,0,0,0,0,0,obt-collector1,0/RP0/CPU0,0,0,0,0,0,0,0,0,0,,,,,0,0,1,0,1,0,0,0,0,0,0,0,0,0,0,0,0,0,0,0,0,0,0,0,0,0,0,0,0,0,0,0,0,0,0,0,0,0,0,0,0,0,0,0,0,0,0,0,0,0,0,0,0,0,0,0,0,0,0,0

2020-02-02 22:13:19.642000+00:00,dr02,sg0,0,0,0,0,0,0,0,0,0,0,0,0,0,0,0,0,0,0,0,0,0,0,0,0,0,0,0,0,0,0,0,0,obt-collector1,0/RP0/CPU0,0,0,0,0,0,0,0,0,0,,,,,0,0,1,0,1,0,0,0,0,0,0,0,0,0,0,0,0,0,0,0,0,0,0,0,0,0,0,0,0,0,0,0,0,0,0,0,0,0,0,0,0,0,0,0,0,0,0,0,0,0,0,0,0,0,0,0,0,0,0,0

2020-02-02 22:13:41.434000+00:00,dr02,sg0,0,0,0,0,0,0,0,0,0,0,0,0,0,0,0,0,0,0,0,0,0,0,0,0,0,0,0,0,0,0,0,0,obt-collector1,0/RP0/CPU0,0,0,0,0,0,0,0,0,0,,,,,0,0,1,0,1,0,0,0,0,0,0,0,0,0,0,0,0,0,0,0,0,0,0,0,0,0,0,0,0,0,0,0,0,0,0,0,0,0,0,0,0,0,0,0,0,0,0,0,0,0,0,0,0,0,0,0,0,0,0,0

