,EncodingPath,Producer,active-routes-count,af-name,as,backup-routes-count,deleted-routes-count,paths-count,protocol-route-memory,route-table-name,routes-counts,saf-name,vrf-name

2020-02-02 21:58:03.522000+00:00,Cisco-IOS-XR-ip-rib-ipv4-oper:rib/vrfs/vrf/afs/af/safs/saf/ip-rib-route-table-names/ip-rib-route-table-name/protocol/bgp/as/information,spine2,210,IPv4,65012,0,0,1426,188272,default,210,Unicast,default

2020-02-02 21:58:13.533000+00:00,Cisco-IOS-XR-ip-rib-ipv4-oper:rib/vrfs/vrf/afs/af/safs/saf/ip-rib-route-table-names/ip-rib-route-table-name/protocol/bgp/as/information,spine2,210,IPv4,65012,0,0,1426,188272,default,210,Unicast,default

2020-02-02 21:58:23.523000+00:00,Cisco-IOS-XR-ip-rib-ipv4-oper:rib/vrfs/vrf/afs/af/safs/saf/ip-rib-route-table-names/ip-rib-route-table-name/protocol/bgp/as/information,spine2,210,IPv4,65012,0,0,1426,188272,default,210,Unicast,default

2020-02-02 21:58:33.522000+00:00,Cisco-IOS-XR-ip-rib-ipv4-oper:rib/vrfs/vrf/afs/af/safs/saf/ip-rib-route-table-names/ip-rib-route-table-name/protocol/bgp/as/information,spine2,210,IPv4,65012,0,0,1426,188272,default,210,Unicast,default

2020-02-02 21:58:43.531000+00:00,Cisco-IOS-XR-ip-rib-ipv4-oper:rib/vrfs/vrf/afs/af/safs/saf/ip-rib-route-table-names/ip-rib-route-table-name/protocol/bgp/as/information,spine2,210,IPv4,65012,0,0,1426,188272,default,210,Unicast,default

2020-02-02 21:58:53.535000+00:00,Cisco-IOS-XR-ip-rib-ipv4-oper:rib/vrfs/vrf/afs/af/safs/saf/ip-rib-route-table-names/ip-rib-route-table-name/protocol/bgp/as/information,spine2,210,IPv4,65012,0,0,1426,188272,default,210,Unicast,default

2020-02-02 21:59:03.594000+00:00,Cisco-IOS-XR-ip-rib-ipv4-oper:rib/vrfs/vrf/afs/af/safs/saf/ip-rib-route-table-names/ip-rib-route-table-name/protocol/bgp/as/information,spine2,209,IPv4,65012,0,1,1422,187824,default,210,Unicast,default

2020-02-02 21:59:13.523000+00:00,Cisco-IOS-XR-ip-rib-ipv4-oper:rib/vrfs/vrf/afs/af/safs/saf/ip-rib-route-table-names/ip-rib-route-table-name/protocol/bgp/as/information,spine2,209,IPv4,65012,0,1,1422,187824,default,210,Unicast,default

2020-02-02 21:59:23.524000+00:00,Cisco-IOS-XR-ip-rib-ipv4-oper:rib/vrfs/vrf/afs/af/safs/saf/ip-rib-route-table-names/ip-rib-route-table-name/protocol/bgp/as/information,spine2,209,IPv4,65012,0,0,1422,187688,default,209,Unicast,default

2020-02-02 21:59:33.525000+00:00,Cisco-IOS-XR-ip-rib-ipv4-oper:rib/vrfs/vrf/afs/af/safs/saf/ip-rib-route-table-names/ip-rib-route-table-name/protocol/bgp/as/information,spine2,209,IPv4,65012,0,0,1422,187688,default,209,Unicast,default

2020-02-02 21:59:43.522000+00:00,Cisco-IOS-XR-ip-rib-ipv4-oper:rib/vrfs/vrf/afs/af/safs/saf/ip-rib-route-table-names/ip-rib-route-table-name/protocol/bgp/as/information,spine2,209,IPv4,65012,0,0,1422,187688,default,209,Unicast,default

2020-02-02 21:59:53.534000+00:00,Cisco-IOS-XR-ip-rib-ipv4-oper:rib/vrfs/vrf/afs/af/safs/saf/ip-rib-route-table-names/ip-rib-route-table-name/protocol/bgp/as/information,spine2,209,IPv4,65012,0,0,1422,187688,default,209,Unicast,default

2020-02-02 22:00:03.577000+00:00,Cisco-IOS-XR-ip-rib-ipv4-oper:rib/vrfs/vrf/afs/af/safs/saf/ip-rib-route-table-names/ip-rib-route-table-name/protocol/bgp/as/information,spine2,209,IPv4,65012,0,0,1422,187688,default,209,Unicast,default

2020-02-02 22:00:13.529000+00:00,Cisco-IOS-XR-ip-rib-ipv4-oper:rib/vrfs/vrf/afs/af/safs/saf/ip-rib-route-table-names/ip-rib-route-table-name/protocol/bgp/as/information,spine2,209,IPv4,65012,0,0,1422,187688,default,209,Unicast,default

2020-02-02 22:00:23.525000+00:00,Cisco-IOS-XR-ip-rib-ipv4-oper:rib/vrfs/vrf/afs/af/safs/saf/ip-rib-route-table-names/ip-rib-route-table-name/protocol/bgp/as/information,spine2,209,IPv4,65012,0,0,1422,187688,default,209,Unicast,default

2020-02-02 22:00:33.530000+00:00,Cisco-IOS-XR-ip-rib-ipv4-oper:rib/vrfs/vrf/afs/af/safs/saf/ip-rib-route-table-names/ip-rib-route-table-name/protocol/bgp/as/information,spine2,209,IPv4,65012,0,0,1422,187688,default,209,Unicast,default

2020-02-02 22:00:43.529000+00:00,Cisco-IOS-XR-ip-rib-ipv4-oper:rib/vrfs/vrf/afs/af/safs/saf/ip-rib-route-table-names/ip-rib-route-table-name/protocol/bgp/as/information,spine2,209,IPv4,65012,0,0,1422,187688,default,209,Unicast,default

2020-02-02 22:00:53.586000+00:00,Cisco-IOS-XR-ip-rib-ipv4-oper:rib/vrfs/vrf/afs/af/safs/saf/ip-rib-route-table-names/ip-rib-route-table-name/protocol/bgp/as/information,spine2,209,IPv4,65012,0,0,1422,187688,default,209,Unicast,default

2020-02-02 22:01:03.531000+00:00,Cisco-IOS-XR-ip-rib-ipv4-oper:rib/vrfs/vrf/afs/af/safs/saf/ip-rib-route-table-names/ip-rib-route-table-name/protocol/bgp/as/information,spine2,209,IPv4,65012,0,0,1422,187688,default,209,Unicast,default

2020-02-02 22:01:13.526000+00:00,Cisco-IOS-XR-ip-rib-ipv4-oper:rib/vrfs/vrf/afs/af/safs/saf/ip-rib-route-table-names/ip-rib-route-table-name/protocol/bgp/as/information,spine2,209,IPv4,65012,0,0,1422,187688,default,209,Unicast,default

2020-02-02 22:01:23.535000+00:00,Cisco-IOS-XR-ip-rib-ipv4-oper:rib/vrfs/vrf/afs/af/safs/saf/ip-rib-route-table-names/ip-rib-route-table-name/protocol/bgp/as/information,spine2,209,IPv4,65012,0,0,1422,187688,default,209,Unicast,default

2020-02-02 22:01:33.522000+00:00,Cisco-IOS-XR-ip-rib-ipv4-oper:rib/vrfs/vrf/afs/af/safs/saf/ip-rib-route-table-names/ip-rib-route-table-name/protocol/bgp/as/information,spine2,209,IPv4,65012,0,0,1422,187688,default,209,Unicast,default

2020-02-02 22:01:43.536000+00:00,Cisco-IOS-XR-ip-rib-ipv4-oper:rib/vrfs/vrf/afs/af/safs/saf/ip-rib-route-table-names/ip-rib-route-table-name/protocol/bgp/as/information,spine2,209,IPv4,65012,0,0,1422,187688,default,209,Unicast,default

2020-02-02 22:01:53.523000+00:00,Cisco-IOS-XR-ip-rib-ipv4-oper:rib/vrfs/vrf/afs/af/safs/saf/ip-rib-route-table-names/ip-rib-route-table-name/protocol/bgp/as/information,spine2,209,IPv4,65012,0,0,1422,187688,default,209,Unicast,default

2020-02-02 22:02:03.522000+00:00,Cisco-IOS-XR-ip-rib-ipv4-oper:rib/vrfs/vrf/afs/af/safs/saf/ip-rib-route-table-names/ip-rib-route-table-name/protocol/bgp/as/information,spine2,209,IPv4,65012,0,0,1422,187688,default,209,Unicast,default

2020-02-02 22:02:13.527000+00:00,Cisco-IOS-XR-ip-rib-ipv4-oper:rib/vrfs/vrf/afs/af/safs/saf/ip-rib-route-table-names/ip-rib-route-table-name/protocol/bgp/as/information,spine2,209,IPv4,65012,0,0,1422,187688,default,209,Unicast,default

2020-02-02 22:02:23.536000+00:00,Cisco-IOS-XR-ip-rib-ipv4-oper:rib/vrfs/vrf/afs/af/safs/saf/ip-rib-route-table-names/ip-rib-route-table-name/protocol/bgp/as/information,spine2,209,IPv4,65012,0,0,1422,187688,default,209,Unicast,default

2020-02-02 22:02:33.543000+00:00,Cisco-IOS-XR-ip-rib-ipv4-oper:rib/vrfs/vrf/afs/af/safs/saf/ip-rib-route-table-names/ip-rib-route-table-name/protocol/bgp/as/information,spine2,209,IPv4,65012,0,0,1422,187688,default,209,Unicast,default

2020-02-02 22:02:43.562000+00:00,Cisco-IOS-XR-ip-rib-ipv4-oper:rib/vrfs/vrf/afs/af/safs/saf/ip-rib-route-table-names/ip-rib-route-table-name/protocol/bgp/as/information,spine2,209,IPv4,65012,0,0,1422,187688,default,209,Unicast,default

2020-02-02 22:02:53.535000+00:00,Cisco-IOS-XR-ip-rib-ipv4-oper:rib/vrfs/vrf/afs/af/safs/saf/ip-rib-route-table-names/ip-rib-route-table-name/protocol/bgp/as/information,spine2,209,IPv4,65012,0,0,1422,187688,default,209,Unicast,default

2020-02-02 22:03:03.532000+00:00,Cisco-IOS-XR-ip-rib-ipv4-oper:rib/vrfs/vrf/afs/af/safs/saf/ip-rib-route-table-names/ip-rib-route-table-name/protocol/bgp/as/information,spine2,209,IPv4,65012,0,0,1422,187688,default,209,Unicast,default

2020-02-02 22:03:13.537000+00:00,Cisco-IOS-XR-ip-rib-ipv4-oper:rib/vrfs/vrf/afs/af/safs/saf/ip-rib-route-table-names/ip-rib-route-table-name/protocol/bgp/as/information,spine2,209,IPv4,65012,0,0,1422,187688,default,209,Unicast,default

2020-02-02 22:03:23.527000+00:00,Cisco-IOS-XR-ip-rib-ipv4-oper:rib/vrfs/vrf/afs/af/safs/saf/ip-rib-route-table-names/ip-rib-route-table-name/protocol/bgp/as/information,spine2,209,IPv4,65012,0,0,1422,187688,default,209,Unicast,default

2020-02-02 22:03:33.536000+00:00,Cisco-IOS-XR-ip-rib-ipv4-oper:rib/vrfs/vrf/afs/af/safs/saf/ip-rib-route-table-names/ip-rib-route-table-name/protocol/bgp/as/information,spine2,209,IPv4,65012,0,0,1422,187688,default,209,Unicast,default

2020-02-02 22:03:43.528000+00:00,Cisco-IOS-XR-ip-rib-ipv4-oper:rib/vrfs/vrf/afs/af/safs/saf/ip-rib-route-table-names/ip-rib-route-table-name/protocol/bgp/as/information,spine2,209,IPv4,65012,0,0,1422,187688,default,209,Unicast,default

2020-02-02 22:03:53.531000+00:00,Cisco-IOS-XR-ip-rib-ipv4-oper:rib/vrfs/vrf/afs/af/safs/saf/ip-rib-route-table-names/ip-rib-route-table-name/protocol/bgp/as/information,spine2,209,IPv4,65012,0,0,1422,187688,default,209,Unicast,default

2020-02-02 22:04:03.526000+00:00,Cisco-IOS-XR-ip-rib-ipv4-oper:rib/vrfs/vrf/afs/af/safs/saf/ip-rib-route-table-names/ip-rib-route-table-name/protocol/bgp/as/information,spine2,209,IPv4,65012,0,0,1422,187688,default,209,Unicast,default

2020-02-02 22:04:13.536000+00:00,Cisco-IOS-XR-ip-rib-ipv4-oper:rib/vrfs/vrf/afs/af/safs/saf/ip-rib-route-table-names/ip-rib-route-table-name/protocol/bgp/as/information,spine2,209,IPv4,65012,0,0,1422,187688,default,209,Unicast,default

2020-02-02 22:04:23.530000+00:00,Cisco-IOS-XR-ip-rib-ipv4-oper:rib/vrfs/vrf/afs/af/safs/saf/ip-rib-route-table-names/ip-rib-route-table-name/protocol/bgp/as/information,spine2,209,IPv4,65012,0,0,1422,187688,default,209,Unicast,default

2020-02-02 22:04:33.555000+00:00,Cisco-IOS-XR-ip-rib-ipv4-oper:rib/vrfs/vrf/afs/af/safs/saf/ip-rib-route-table-names/ip-rib-route-table-name/protocol/bgp/as/information,spine2,209,IPv4,65012,0,0,1422,187688,default,209,Unicast,default

2020-02-02 22:04:43.525000+00:00,Cisco-IOS-XR-ip-rib-ipv4-oper:rib/vrfs/vrf/afs/af/safs/saf/ip-rib-route-table-names/ip-rib-route-table-name/protocol/bgp/as/information,spine2,209,IPv4,65012,0,0,1422,187688,default,209,Unicast,default

2020-02-02 22:04:53.527000+00:00,Cisco-IOS-XR-ip-rib-ipv4-oper:rib/vrfs/vrf/afs/af/safs/saf/ip-rib-route-table-names/ip-rib-route-table-name/protocol/bgp/as/information,spine2,209,IPv4,65012,0,0,1422,187688,default,209,Unicast,default

2020-02-02 22:05:03.532000+00:00,Cisco-IOS-XR-ip-rib-ipv4-oper:rib/vrfs/vrf/afs/af/safs/saf/ip-rib-route-table-names/ip-rib-route-table-name/protocol/bgp/as/information,spine2,209,IPv4,65012,0,0,1422,187688,default,209,Unicast,default

2020-02-02 22:05:13.529000+00:00,Cisco-IOS-XR-ip-rib-ipv4-oper:rib/vrfs/vrf/afs/af/safs/saf/ip-rib-route-table-names/ip-rib-route-table-name/protocol/bgp/as/information,spine2,209,IPv4,65012,0,0,1422,187688,default,209,Unicast,default

2020-02-02 22:05:23.536000+00:00,Cisco-IOS-XR-ip-rib-ipv4-oper:rib/vrfs/vrf/afs/af/safs/saf/ip-rib-route-table-names/ip-rib-route-table-name/protocol/bgp/as/information,spine2,209,IPv4,65012,0,0,1422,187688,default,209,Unicast,default

2020-02-02 22:05:33.525000+00:00,Cisco-IOS-XR-ip-rib-ipv4-oper:rib/vrfs/vrf/afs/af/safs/saf/ip-rib-route-table-names/ip-rib-route-table-name/protocol/bgp/as/information,spine2,209,IPv4,65012,0,0,1422,187688,default,209,Unicast,default

2020-02-02 22:05:43.527000+00:00,Cisco-IOS-XR-ip-rib-ipv4-oper:rib/vrfs/vrf/afs/af/safs/saf/ip-rib-route-table-names/ip-rib-route-table-name/protocol/bgp/as/information,spine2,209,IPv4,65012,0,0,1422,187688,default,209,Unicast,default

2020-02-02 22:05:53.524000+00:00,Cisco-IOS-XR-ip-rib-ipv4-oper:rib/vrfs/vrf/afs/af/safs/saf/ip-rib-route-table-names/ip-rib-route-table-name/protocol/bgp/as/information,spine2,209,IPv4,65012,0,0,1422,187688,default,209,Unicast,default

2020-02-02 22:06:03.537000+00:00,Cisco-IOS-XR-ip-rib-ipv4-oper:rib/vrfs/vrf/afs/af/safs/saf/ip-rib-route-table-names/ip-rib-route-table-name/protocol/bgp/as/information,spine2,209,IPv4,65012,0,0,1422,187688,default,209,Unicast,default

2020-02-02 22:06:13.533000+00:00,Cisco-IOS-XR-ip-rib-ipv4-oper:rib/vrfs/vrf/afs/af/safs/saf/ip-rib-route-table-names/ip-rib-route-table-name/protocol/bgp/as/information,spine2,209,IPv4,65012,0,0,1422,187688,default,209,Unicast,default

2020-02-02 22:06:23.583000+00:00,Cisco-IOS-XR-ip-rib-ipv4-oper:rib/vrfs/vrf/afs/af/safs/saf/ip-rib-route-table-names/ip-rib-route-table-name/protocol/bgp/as/information,spine2,209,IPv4,65012,0,0,1422,187688,default,209,Unicast,default

2020-02-02 22:06:33.537000+00:00,Cisco-IOS-XR-ip-rib-ipv4-oper:rib/vrfs/vrf/afs/af/safs/saf/ip-rib-route-table-names/ip-rib-route-table-name/protocol/bgp/as/information,spine2,209,IPv4,65012,0,0,1422,187688,default,209,Unicast,default

2020-02-02 22:06:43.528000+00:00,Cisco-IOS-XR-ip-rib-ipv4-oper:rib/vrfs/vrf/afs/af/safs/saf/ip-rib-route-table-names/ip-rib-route-table-name/protocol/bgp/as/information,spine2,209,IPv4,65012,0,0,1422,187688,default,209,Unicast,default

2020-02-02 22:06:53.533000+00:00,Cisco-IOS-XR-ip-rib-ipv4-oper:rib/vrfs/vrf/afs/af/safs/saf/ip-rib-route-table-names/ip-rib-route-table-name/protocol/bgp/as/information,spine2,209,IPv4,65012,0,0,1422,187688,default,209,Unicast,default

2020-02-02 22:07:03.527000+00:00,Cisco-IOS-XR-ip-rib-ipv4-oper:rib/vrfs/vrf/afs/af/safs/saf/ip-rib-route-table-names/ip-rib-route-table-name/protocol/bgp/as/information,spine2,209,IPv4,65012,0,0,1422,187688,default,209,Unicast,default

2020-02-02 22:07:13.531000+00:00,Cisco-IOS-XR-ip-rib-ipv4-oper:rib/vrfs/vrf/afs/af/safs/saf/ip-rib-route-table-names/ip-rib-route-table-name/protocol/bgp/as/information,spine2,209,IPv4,65012,0,0,1422,187688,default,209,Unicast,default

2020-02-02 22:07:23.533000+00:00,Cisco-IOS-XR-ip-rib-ipv4-oper:rib/vrfs/vrf/afs/af/safs/saf/ip-rib-route-table-names/ip-rib-route-table-name/protocol/bgp/as/information,spine2,209,IPv4,65012,0,0,1422,187688,default,209,Unicast,default

2020-02-02 22:07:33.535000+00:00,Cisco-IOS-XR-ip-rib-ipv4-oper:rib/vrfs/vrf/afs/af/safs/saf/ip-rib-route-table-names/ip-rib-route-table-name/protocol/bgp/as/information,spine2,209,IPv4,65012,0,0,1422,187688,default,209,Unicast,default

2020-02-02 22:07:43.534000+00:00,Cisco-IOS-XR-ip-rib-ipv4-oper:rib/vrfs/vrf/afs/af/safs/saf/ip-rib-route-table-names/ip-rib-route-table-name/protocol/bgp/as/information,spine2,209,IPv4,65012,0,0,1439,189592,default,209,Unicast,default

2020-02-02 22:07:53.538000+00:00,Cisco-IOS-XR-ip-rib-ipv4-oper:rib/vrfs/vrf/afs/af/safs/saf/ip-rib-route-table-names/ip-rib-route-table-name/protocol/bgp/as/information,spine2,209,IPv4,65012,0,0,1439,189592,default,209,Unicast,default

2020-02-02 22:08:03.532000+00:00,Cisco-IOS-XR-ip-rib-ipv4-oper:rib/vrfs/vrf/afs/af/safs/saf/ip-rib-route-table-names/ip-rib-route-table-name/protocol/bgp/as/information,spine2,209,IPv4,65012,0,0,1439,189592,default,209,Unicast,default

2020-02-02 22:08:13.585000+00:00,Cisco-IOS-XR-ip-rib-ipv4-oper:rib/vrfs/vrf/afs/af/safs/saf/ip-rib-route-table-names/ip-rib-route-table-name/protocol/bgp/as/information,spine2,209,IPv4,65012,0,0,1430,188584,default,209,Unicast,default

2020-02-02 22:08:23.534000+00:00,Cisco-IOS-XR-ip-rib-ipv4-oper:rib/vrfs/vrf/afs/af/safs/saf/ip-rib-route-table-names/ip-rib-route-table-name/protocol/bgp/as/information,spine2,209,IPv4,65012,0,0,1430,188584,default,209,Unicast,default

2020-02-02 22:08:33.527000+00:00,Cisco-IOS-XR-ip-rib-ipv4-oper:rib/vrfs/vrf/afs/af/safs/saf/ip-rib-route-table-names/ip-rib-route-table-name/protocol/bgp/as/information,spine2,209,IPv4,65012,0,0,1430,188584,default,209,Unicast,default

2020-02-02 22:08:43.538000+00:00,Cisco-IOS-XR-ip-rib-ipv4-oper:rib/vrfs/vrf/afs/af/safs/saf/ip-rib-route-table-names/ip-rib-route-table-name/protocol/bgp/as/information,spine2,209,IPv4,65012,0,0,1427,188248,default,209,Unicast,default

2020-02-02 22:08:53.525000+00:00,Cisco-IOS-XR-ip-rib-ipv4-oper:rib/vrfs/vrf/afs/af/safs/saf/ip-rib-route-table-names/ip-rib-route-table-name/protocol/bgp/as/information,spine2,209,IPv4,65012,0,0,1427,188248,default,209,Unicast,default

2020-02-02 22:09:03.544000+00:00,Cisco-IOS-XR-ip-rib-ipv4-oper:rib/vrfs/vrf/afs/af/safs/saf/ip-rib-route-table-names/ip-rib-route-table-name/protocol/bgp/as/information,spine2,209,IPv4,65012,0,0,1427,188248,default,209,Unicast,default

2020-02-02 22:09:13.524000+00:00,Cisco-IOS-XR-ip-rib-ipv4-oper:rib/vrfs/vrf/afs/af/safs/saf/ip-rib-route-table-names/ip-rib-route-table-name/protocol/bgp/as/information,spine2,209,IPv4,65012,0,0,1426,188136,default,209,Unicast,default

2020-02-02 22:09:23.537000+00:00,Cisco-IOS-XR-ip-rib-ipv4-oper:rib/vrfs/vrf/afs/af/safs/saf/ip-rib-route-table-names/ip-rib-route-table-name/protocol/bgp/as/information,spine2,209,IPv4,65012,0,0,1426,188136,default,209,Unicast,default

2020-02-02 22:09:33.526000+00:00,Cisco-IOS-XR-ip-rib-ipv4-oper:rib/vrfs/vrf/afs/af/safs/saf/ip-rib-route-table-names/ip-rib-route-table-name/protocol/bgp/as/information,spine2,209,IPv4,65012,0,0,1426,188136,default,209,Unicast,default

2020-02-02 22:09:43.544000+00:00,Cisco-IOS-XR-ip-rib-ipv4-oper:rib/vrfs/vrf/afs/af/safs/saf/ip-rib-route-table-names/ip-rib-route-table-name/protocol/bgp/as/information,spine2,208,IPv4,65012,0,1,1418,187240,default,209,Unicast,default

2020-02-02 22:09:53.527000+00:00,Cisco-IOS-XR-ip-rib-ipv4-oper:rib/vrfs/vrf/afs/af/safs/saf/ip-rib-route-table-names/ip-rib-route-table-name/protocol/bgp/as/information,spine2,208,IPv4,65012,0,0,1418,187104,default,208,Unicast,default

2020-02-02 22:10:03.574000+00:00,Cisco-IOS-XR-ip-rib-ipv4-oper:rib/vrfs/vrf/afs/af/safs/saf/ip-rib-route-table-names/ip-rib-route-table-name/protocol/bgp/as/information,spine2,208,IPv4,65012,0,0,1418,187104,default,208,Unicast,default

2020-02-02 22:10:13.542000+00:00,Cisco-IOS-XR-ip-rib-ipv4-oper:rib/vrfs/vrf/afs/af/safs/saf/ip-rib-route-table-names/ip-rib-route-table-name/protocol/bgp/as/information,spine2,208,IPv4,65012,0,0,1418,187104,default,208,Unicast,default

2020-02-02 22:10:23.526000+00:00,Cisco-IOS-XR-ip-rib-ipv4-oper:rib/vrfs/vrf/afs/af/safs/saf/ip-rib-route-table-names/ip-rib-route-table-name/protocol/bgp/as/information,spine2,208,IPv4,65012,0,0,1418,187104,default,208,Unicast,default

2020-02-02 22:10:33.541000+00:00,Cisco-IOS-XR-ip-rib-ipv4-oper:rib/vrfs/vrf/afs/af/safs/saf/ip-rib-route-table-names/ip-rib-route-table-name/protocol/bgp/as/information,spine2,208,IPv4,65012,0,0,1418,187104,default,208,Unicast,default

2020-02-02 22:10:43.533000+00:00,Cisco-IOS-XR-ip-rib-ipv4-oper:rib/vrfs/vrf/afs/af/safs/saf/ip-rib-route-table-names/ip-rib-route-table-name/protocol/bgp/as/information,spine2,208,IPv4,65012,0,0,1418,187104,default,208,Unicast,default

2020-02-02 22:10:53.533000+00:00,Cisco-IOS-XR-ip-rib-ipv4-oper:rib/vrfs/vrf/afs/af/safs/saf/ip-rib-route-table-names/ip-rib-route-table-name/protocol/bgp/as/information,spine2,208,IPv4,65012,0,0,1418,187104,default,208,Unicast,default

2020-02-02 22:11:03.540000+00:00,Cisco-IOS-XR-ip-rib-ipv4-oper:rib/vrfs/vrf/afs/af/safs/saf/ip-rib-route-table-names/ip-rib-route-table-name/protocol/bgp/as/information,spine2,208,IPv4,65012,0,0,1418,187104,default,208,Unicast,default

2020-02-02 22:11:13.534000+00:00,Cisco-IOS-XR-ip-rib-ipv4-oper:rib/vrfs/vrf/afs/af/safs/saf/ip-rib-route-table-names/ip-rib-route-table-name/protocol/bgp/as/information,spine2,208,IPv4,65012,0,0,1418,187104,default,208,Unicast,default

2020-02-02 22:11:23.535000+00:00,Cisco-IOS-XR-ip-rib-ipv4-oper:rib/vrfs/vrf/afs/af/safs/saf/ip-rib-route-table-names/ip-rib-route-table-name/protocol/bgp/as/information,spine2,208,IPv4,65012,0,0,1418,187104,default,208,Unicast,default

2020-02-02 22:11:33.544000+00:00,Cisco-IOS-XR-ip-rib-ipv4-oper:rib/vrfs/vrf/afs/af/safs/saf/ip-rib-route-table-names/ip-rib-route-table-name/protocol/bgp/as/information,spine2,208,IPv4,65012,0,0,1418,187104,default,208,Unicast,default

2020-02-02 22:11:43.532000+00:00,Cisco-IOS-XR-ip-rib-ipv4-oper:rib/vrfs/vrf/afs/af/safs/saf/ip-rib-route-table-names/ip-rib-route-table-name/protocol/bgp/as/information,spine2,208,IPv4,65012,0,0,1418,187104,default,208,Unicast,default

2020-02-02 22:11:53.572000+00:00,Cisco-IOS-XR-ip-rib-ipv4-oper:rib/vrfs/vrf/afs/af/safs/saf/ip-rib-route-table-names/ip-rib-route-table-name/protocol/bgp/as/information,spine2,208,IPv4,65012,0,0,1418,187104,default,208,Unicast,default

2020-02-02 22:12:03.539000+00:00,Cisco-IOS-XR-ip-rib-ipv4-oper:rib/vrfs/vrf/afs/af/safs/saf/ip-rib-route-table-names/ip-rib-route-table-name/protocol/bgp/as/information,spine2,208,IPv4,65012,0,0,1418,187104,default,208,Unicast,default

2020-02-02 22:12:13.530000+00:00,Cisco-IOS-XR-ip-rib-ipv4-oper:rib/vrfs/vrf/afs/af/safs/saf/ip-rib-route-table-names/ip-rib-route-table-name/protocol/bgp/as/information,spine2,208,IPv4,65012,0,0,1418,187104,default,208,Unicast,default

2020-02-02 22:12:23.543000+00:00,Cisco-IOS-XR-ip-rib-ipv4-oper:rib/vrfs/vrf/afs/af/safs/saf/ip-rib-route-table-names/ip-rib-route-table-name/protocol/bgp/as/information,spine2,208,IPv4,65012,0,0,1418,187104,default,208,Unicast,default

2020-02-02 22:12:33.529000+00:00,Cisco-IOS-XR-ip-rib-ipv4-oper:rib/vrfs/vrf/afs/af/safs/saf/ip-rib-route-table-names/ip-rib-route-table-name/protocol/bgp/as/information,spine2,208,IPv4,65012,0,0,1418,187104,default,208,Unicast,default

2020-02-02 22:12:43.532000+00:00,Cisco-IOS-XR-ip-rib-ipv4-oper:rib/vrfs/vrf/afs/af/safs/saf/ip-rib-route-table-names/ip-rib-route-table-name/protocol/bgp/as/information,spine2,208,IPv4,65012,0,0,1418,187104,default,208,Unicast,default

2020-02-02 22:12:53.537000+00:00,Cisco-IOS-XR-ip-rib-ipv4-oper:rib/vrfs/vrf/afs/af/safs/saf/ip-rib-route-table-names/ip-rib-route-table-name/protocol/bgp/as/information,spine2,208,IPv4,65012,0,0,1418,187104,default,208,Unicast,default

2020-02-02 22:13:03.531000+00:00,Cisco-IOS-XR-ip-rib-ipv4-oper:rib/vrfs/vrf/afs/af/safs/saf/ip-rib-route-table-names/ip-rib-route-table-name/protocol/bgp/as/information,spine2,208,IPv4,65012,0,0,1418,187104,default,208,Unicast,default

2020-02-02 22:13:13.547000+00:00,Cisco-IOS-XR-ip-rib-ipv4-oper:rib/vrfs/vrf/afs/af/safs/saf/ip-rib-route-table-names/ip-rib-route-table-name/protocol/bgp/as/information,spine2,208,IPv4,65012,0,0,1418,187104,default,208,Unicast,default

2020-02-02 22:13:23.543000+00:00,Cisco-IOS-XR-ip-rib-ipv4-oper:rib/vrfs/vrf/afs/af/safs/saf/ip-rib-route-table-names/ip-rib-route-table-name/protocol/bgp/as/information,spine2,208,IPv4,65012,0,0,1418,187104,default,208,Unicast,default

2020-02-02 22:13:33.537000+00:00,Cisco-IOS-XR-ip-rib-ipv4-oper:rib/vrfs/vrf/afs/af/safs/saf/ip-rib-route-table-names/ip-rib-route-table-name/protocol/bgp/as/information,spine2,208,IPv4,65012,0,0,1418,187104,default,208,Unicast,default

2020-02-02 22:13:43.553000+00:00,Cisco-IOS-XR-ip-rib-ipv4-oper:rib/vrfs/vrf/afs/af/safs/saf/ip-rib-route-table-names/ip-rib-route-table-name/protocol/bgp/as/information,spine2,208,IPv4,65012,0,0,1418,187104,default,208,Unicast,default

