,EncodingPath,Producer,Target,host,interface-counts__admin-down-interface-count,interface-counts__down-interface-count,interface-counts__interface-count,interface-counts__up-interface-count

2020-02-02 21:58:03.543000+00:00,Cisco-IOS-XR-pfi-im-cmd-oper:interfaces/interface-summary,spine2,,,3,0,39,36

2020-02-02 21:58:13.554000+00:00,Cisco-IOS-XR-pfi-im-cmd-oper:interfaces/interface-summary,spine2,,,3,0,39,36

2020-02-02 21:58:23.546000+00:00,Cisco-IOS-XR-pfi-im-cmd-oper:interfaces/interface-summary,spine2,,,3,0,39,36

2020-02-02 21:58:33.544000+00:00,Cisco-IOS-XR-pfi-im-cmd-oper:interfaces/interface-summary,spine2,,,3,0,39,36

2020-02-02 21:58:43.552000+00:00,Cisco-IOS-XR-pfi-im-cmd-oper:interfaces/interface-summary,spine2,,,3,0,39,36

2020-02-02 21:58:53.556000+00:00,Cisco-IOS-XR-pfi-im-cmd-oper:interfaces/interface-summary,spine2,,,3,0,39,36

2020-02-02 21:59:03.615000+00:00,Cisco-IOS-XR-pfi-im-cmd-oper:interfaces/interface-summary,spine2,,,3,0,39,36

2020-02-02 21:59:13.545000+00:00,Cisco-IOS-XR-pfi-im-cmd-oper:interfaces/interface-summary,spine2,,,3,0,39,36

2020-02-02 21:59:23.546000+00:00,Cisco-IOS-XR-pfi-im-cmd-oper:interfaces/interface-summary,spine2,,,3,0,39,36

2020-02-02 21:59:33.547000+00:00,Cisco-IOS-XR-pfi-im-cmd-oper:interfaces/interface-summary,spine2,,,3,0,39,36

2020-02-02 21:59:43.543000+00:00,Cisco-IOS-XR-pfi-im-cmd-oper:interfaces/interface-summary,spine2,,,3,0,39,36

2020-02-02 21:59:53.556000+00:00,Cisco-IOS-XR-pfi-im-cmd-oper:interfaces/interface-summary,spine2,,,3,0,39,36

2020-02-02 22:00:03.606000+00:00,Cisco-IOS-XR-pfi-im-cmd-oper:interfaces/interface-summary,spine2,,,3,0,39,36

2020-02-02 22:00:13.550000+00:00,Cisco-IOS-XR-pfi-im-cmd-oper:interfaces/interface-summary,spine2,,,3,0,39,36

2020-02-02 22:00:23.549000+00:00,Cisco-IOS-XR-pfi-im-cmd-oper:interfaces/interface-summary,spine2,,,3,0,39,36

2020-02-02 22:00:33.553000+00:00,Cisco-IOS-XR-pfi-im-cmd-oper:interfaces/interface-summary,spine2,,,3,0,39,36

2020-02-02 22:00:43.551000+00:00,Cisco-IOS-XR-pfi-im-cmd-oper:interfaces/interface-summary,spine2,,,3,0,39,36

2020-02-02 22:00:53.608000+00:00,Cisco-IOS-XR-pfi-im-cmd-oper:interfaces/interface-summary,spine2,,,3,0,39,36

2020-02-02 22:01:03.552000+00:00,Cisco-IOS-XR-pfi-im-cmd-oper:interfaces/interface-summary,spine2,,,3,0,39,36

2020-02-02 22:01:13.548000+00:00,Cisco-IOS-XR-pfi-im-cmd-oper:interfaces/interface-summary,spine2,,,3,0,39,36

2020-02-02 22:01:23.557000+00:00,Cisco-IOS-XR-pfi-im-cmd-oper:interfaces/interface-summary,spine2,,,3,0,39,36

2020-02-02 22:01:33.549000+00:00,Cisco-IOS-XR-pfi-im-cmd-oper:interfaces/interface-summary,spine2,,,3,0,39,36

2020-02-02 22:01:43.558000+00:00,Cisco-IOS-XR-pfi-im-cmd-oper:interfaces/interface-summary,spine2,,,3,0,39,36

2020-02-02 22:01:53.545000+00:00,Cisco-IOS-XR-pfi-im-cmd-oper:interfaces/interface-summary,spine2,,,3,0,39,36

2020-02-02 22:02:03.543000+00:00,Cisco-IOS-XR-pfi-im-cmd-oper:interfaces/interface-summary,spine2,,,3,0,39,36

2020-02-02 22:02:13.548000+00:00,Cisco-IOS-XR-pfi-im-cmd-oper:interfaces/interface-summary,spine2,,,3,0,39,36

2020-02-02 22:02:23.558000+00:00,Cisco-IOS-XR-pfi-im-cmd-oper:interfaces/interface-summary,spine2,,,3,0,39,36

2020-02-02 22:02:33.564000+00:00,Cisco-IOS-XR-pfi-im-cmd-oper:interfaces/interface-summary,spine2,,,3,0,39,36

2020-02-02 22:02:43.584000+00:00,Cisco-IOS-XR-pfi-im-cmd-oper:interfaces/interface-summary,spine2,,,3,0,39,36

2020-02-02 22:02:53.556000+00:00,Cisco-IOS-XR-pfi-im-cmd-oper:interfaces/interface-summary,spine2,,,3,0,39,36

2020-02-02 22:03:03.554000+00:00,Cisco-IOS-XR-pfi-im-cmd-oper:interfaces/interface-summary,spine2,,,3,0,39,36

2020-02-02 22:03:13.559000+00:00,Cisco-IOS-XR-pfi-im-cmd-oper:interfaces/interface-summary,spine2,,,3,0,39,36

2020-02-02 22:03:23.548000+00:00,Cisco-IOS-XR-pfi-im-cmd-oper:interfaces/interface-summary,spine2,,,3,0,39,36

2020-02-02 22:03:33.557000+00:00,Cisco-IOS-XR-pfi-im-cmd-oper:interfaces/interface-summary,spine2,,,3,0,39,36

2020-02-02 22:03:43.549000+00:00,Cisco-IOS-XR-pfi-im-cmd-oper:interfaces/interface-summary,spine2,,,3,0,39,36

2020-02-02 22:03:53.553000+00:00,Cisco-IOS-XR-pfi-im-cmd-oper:interfaces/interface-summary,spine2,,,3,0,39,36

2020-02-02 22:04:03.548000+00:00,Cisco-IOS-XR-pfi-im-cmd-oper:interfaces/interface-summary,spine2,,,3,0,39,36

2020-02-02 22:04:13.557000+00:00,Cisco-IOS-XR-pfi-im-cmd-oper:interfaces/interface-summary,spine2,,,3,0,39,36

2020-02-02 22:04:23.551000+00:00,Cisco-IOS-XR-pfi-im-cmd-oper:interfaces/interface-summary,spine2,,,3,0,39,36

2020-02-02 22:04:33.576000+00:00,Cisco-IOS-XR-pfi-im-cmd-oper:interfaces/interface-summary,spine2,,,3,0,39,36

2020-02-02 22:04:43.547000+00:00,Cisco-IOS-XR-pfi-im-cmd-oper:interfaces/interface-summary,spine2,,,3,0,39,36

2020-02-02 22:04:53.549000+00:00,Cisco-IOS-XR-pfi-im-cmd-oper:interfaces/interface-summary,spine2,,,3,0,39,36

2020-02-02 22:05:03.553000+00:00,Cisco-IOS-XR-pfi-im-cmd-oper:interfaces/interface-summary,spine2,,,3,0,39,36

2020-02-02 22:05:13.550000+00:00,Cisco-IOS-XR-pfi-im-cmd-oper:interfaces/interface-summary,spine2,,,3,0,39,36

2020-02-02 22:05:23.559000+00:00,Cisco-IOS-XR-pfi-im-cmd-oper:interfaces/interface-summary,spine2,,,3,0,39,36

2020-02-02 22:05:33.547000+00:00,Cisco-IOS-XR-pfi-im-cmd-oper:interfaces/interface-summary,spine2,,,3,0,39,36

2020-02-02 22:05:43.549000+00:00,Cisco-IOS-XR-pfi-im-cmd-oper:interfaces/interface-summary,spine2,,,3,0,39,36

2020-02-02 22:05:53.545000+00:00,Cisco-IOS-XR-pfi-im-cmd-oper:interfaces/interface-summary,spine2,,,3,0,39,36

2020-02-02 22:06:03.559000+00:00,Cisco-IOS-XR-pfi-im-cmd-oper:interfaces/interface-summary,spine2,,,3,0,39,36

2020-02-02 22:06:13.555000+00:00,Cisco-IOS-XR-pfi-im-cmd-oper:interfaces/interface-summary,spine2,,,3,0,39,36

2020-02-02 22:06:23.604000+00:00,Cisco-IOS-XR-pfi-im-cmd-oper:interfaces/interface-summary,spine2,,,3,0,39,36

2020-02-02 22:06:33.559000+00:00,Cisco-IOS-XR-pfi-im-cmd-oper:interfaces/interface-summary,spine2,,,3,0,39,36

2020-02-02 22:06:43.550000+00:00,Cisco-IOS-XR-pfi-im-cmd-oper:interfaces/interface-summary,spine2,,,3,0,39,36

2020-02-02 22:06:53.556000+00:00,Cisco-IOS-XR-pfi-im-cmd-oper:interfaces/interface-summary,spine2,,,3,0,39,36

2020-02-02 22:07:03.548000+00:00,Cisco-IOS-XR-pfi-im-cmd-oper:interfaces/interface-summary,spine2,,,3,0,39,36

2020-02-02 22:07:13.553000+00:00,Cisco-IOS-XR-pfi-im-cmd-oper:interfaces/interface-summary,spine2,,,3,0,39,36

2020-02-02 22:07:23.555000+00:00,Cisco-IOS-XR-pfi-im-cmd-oper:interfaces/interface-summary,spine2,,,3,0,39,36

2020-02-02 22:07:33.557000+00:00,Cisco-IOS-XR-pfi-im-cmd-oper:interfaces/interface-summary,spine2,,,3,0,39,36

2020-02-02 22:07:43.556000+00:00,Cisco-IOS-XR-pfi-im-cmd-oper:interfaces/interface-summary,spine2,,,3,0,39,36

2020-02-02 22:07:53.560000+00:00,Cisco-IOS-XR-pfi-im-cmd-oper:interfaces/interface-summary,spine2,,,3,0,39,36

2020-02-02 22:08:03.553000+00:00,Cisco-IOS-XR-pfi-im-cmd-oper:interfaces/interface-summary,spine2,,,3,0,39,36

2020-02-02 22:08:13.607000+00:00,Cisco-IOS-XR-pfi-im-cmd-oper:interfaces/interface-summary,spine2,,,3,0,39,36

2020-02-02 22:08:23.556000+00:00,Cisco-IOS-XR-pfi-im-cmd-oper:interfaces/interface-summary,spine2,,,3,0,39,36

2020-02-02 22:08:33.548000+00:00,Cisco-IOS-XR-pfi-im-cmd-oper:interfaces/interface-summary,spine2,,,3,0,39,36

2020-02-02 22:08:43.560000+00:00,Cisco-IOS-XR-pfi-im-cmd-oper:interfaces/interface-summary,spine2,,,3,0,39,36

2020-02-02 22:08:53.547000+00:00,Cisco-IOS-XR-pfi-im-cmd-oper:interfaces/interface-summary,spine2,,,3,0,39,36

2020-02-02 22:09:03.565000+00:00,Cisco-IOS-XR-pfi-im-cmd-oper:interfaces/interface-summary,spine2,,,3,0,39,36

2020-02-02 22:09:13.546000+00:00,Cisco-IOS-XR-pfi-im-cmd-oper:interfaces/interface-summary,spine2,,,3,0,39,36

2020-02-02 22:09:23.558000+00:00,Cisco-IOS-XR-pfi-im-cmd-oper:interfaces/interface-summary,spine2,,,3,0,39,36

2020-02-02 22:09:33.548000+00:00,Cisco-IOS-XR-pfi-im-cmd-oper:interfaces/interface-summary,spine2,,,3,0,39,36

2020-02-02 22:09:43.569000+00:00,Cisco-IOS-XR-pfi-im-cmd-oper:interfaces/interface-summary,spine2,,,3,0,39,36

2020-02-02 22:09:53.548000+00:00,Cisco-IOS-XR-pfi-im-cmd-oper:interfaces/interface-summary,spine2,,,3,0,39,36

2020-02-02 22:10:03.596000+00:00,Cisco-IOS-XR-pfi-im-cmd-oper:interfaces/interface-summary,spine2,,,3,0,39,36

2020-02-02 22:10:13.564000+00:00,Cisco-IOS-XR-pfi-im-cmd-oper:interfaces/interface-summary,spine2,,,3,0,39,36

2020-02-02 22:10:23.548000+00:00,Cisco-IOS-XR-pfi-im-cmd-oper:interfaces/interface-summary,spine2,,,3,0,39,36

2020-02-02 22:10:33.562000+00:00,Cisco-IOS-XR-pfi-im-cmd-oper:interfaces/interface-summary,spine2,,,3,0,39,36

2020-02-02 22:10:43.555000+00:00,Cisco-IOS-XR-pfi-im-cmd-oper:interfaces/interface-summary,spine2,,,3,0,39,36

2020-02-02 22:10:53.555000+00:00,Cisco-IOS-XR-pfi-im-cmd-oper:interfaces/interface-summary,spine2,,,3,0,39,36

2020-02-02 22:11:03.562000+00:00,Cisco-IOS-XR-pfi-im-cmd-oper:interfaces/interface-summary,spine2,,,3,0,39,36

2020-02-02 22:11:13.555000+00:00,Cisco-IOS-XR-pfi-im-cmd-oper:interfaces/interface-summary,spine2,,,3,0,39,36

2020-02-02 22:11:23.557000+00:00,Cisco-IOS-XR-pfi-im-cmd-oper:interfaces/interface-summary,spine2,,,3,0,39,36

2020-02-02 22:11:33.566000+00:00,Cisco-IOS-XR-pfi-im-cmd-oper:interfaces/interface-summary,spine2,,,3,0,39,36

2020-02-02 22:11:43.555000+00:00,Cisco-IOS-XR-pfi-im-cmd-oper:interfaces/interface-summary,spine2,,,3,0,39,36

2020-02-02 22:11:53.593000+00:00,Cisco-IOS-XR-pfi-im-cmd-oper:interfaces/interface-summary,spine2,,,3,0,39,36

2020-02-02 22:12:03.561000+00:00,Cisco-IOS-XR-pfi-im-cmd-oper:interfaces/interface-summary,spine2,,,3,0,39,36

2020-02-02 22:12:13.551000+00:00,Cisco-IOS-XR-pfi-im-cmd-oper:interfaces/interface-summary,spine2,,,3,0,39,36

2020-02-02 22:12:23.567000+00:00,Cisco-IOS-XR-pfi-im-cmd-oper:interfaces/interface-summary,spine2,,,3,0,39,36

2020-02-02 22:12:33.551000+00:00,Cisco-IOS-XR-pfi-im-cmd-oper:interfaces/interface-summary,spine2,,,3,0,39,36

2020-02-02 22:12:43.554000+00:00,Cisco-IOS-XR-pfi-im-cmd-oper:interfaces/interface-summary,spine2,,,3,0,39,36

2020-02-02 22:12:53.559000+00:00,Cisco-IOS-XR-pfi-im-cmd-oper:interfaces/interface-summary,spine2,,,3,0,39,36

2020-02-02 22:13:03.552000+00:00,Cisco-IOS-XR-pfi-im-cmd-oper:interfaces/interface-summary,spine2,,,3,0,39,36

2020-02-02 22:13:13.569000+00:00,Cisco-IOS-XR-pfi-im-cmd-oper:interfaces/interface-summary,spine2,,,3,0,39,36

2020-02-02 22:13:23.565000+00:00,Cisco-IOS-XR-pfi-im-cmd-oper:interfaces/interface-summary,spine2,,,3,0,39,36

2020-02-02 22:13:33.559000+00:00,Cisco-IOS-XR-pfi-im-cmd-oper:interfaces/interface-summary,spine2,,,3,0,39,36

2020-02-02 22:13:43.575000+00:00,Cisco-IOS-XR-pfi-im-cmd-oper:interfaces/interface-summary,spine2,,,3,0,39,36

