,Producer,Target,brief/name,brief/name-xr,brief/node-id,brief/session-count,client-name,flags/is-recreate-state,flags/is-zombie-state,host,recreate-time

2020-02-02 21:58:03.280000+00:00,spine2,wadjet-t-sg0,,L2VPN_ATOM,0/RP0/CPU0,0,L2VPN_ATOMnode0_RP0_CPU0,0,0,obt-collector1,120

2020-02-02 21:58:03.281000+00:00,spine2,wadjet-t-sg0,,pim6,0/RP0/CPU0,0,pim6node0_RP0_CPU0,0,0,obt-collector1,199

2020-02-02 21:58:03.281000+00:00,spine2,wadjet-t-sg0,,pim,0/RP0/CPU0,0,pimnode0_RP0_CPU0,0,0,obt-collector1,199

2020-02-02 21:58:03.281000+00:00,spine2,wadjet-t-sg0,,bundlemgr_distrib,0/RP0/CPU0,0,bundlemgr_distribnode0_RP0_CPU0,0,0,obt-collector1,60

2020-02-02 21:58:03.281000+00:00,spine2,wadjet-t-sg0,,object_tracking,0/RP0/CPU0,0,object_trackingnode0_RP0_CPU0,0,0,obt-collector1,199

2020-02-02 21:58:03.281000+00:00,spine2,wadjet-t-sg0,,ipv4_static,0/RP0/CPU0,0,ipv4_staticnode0_RP0_CPU0,0,0,obt-collector1,60

2020-02-02 21:58:03.281000+00:00,spine2,wadjet-t-sg0,,XTC,0/RP0/CPU0,0,XTCnode0_RP0_CPU0,0,0,obt-collector1,180

2020-02-02 21:58:03.281000+00:00,spine2,wadjet-t-sg0,,bgp-default,0/RP0/CPU0,61,bgp-defaultnode0_RP0_CPU0,0,0,obt-collector1,60

2020-02-02 21:58:13.281000+00:00,spine2,wadjet-t-sg0,,L2VPN_ATOM,0/RP0/CPU0,0,L2VPN_ATOMnode0_RP0_CPU0,0,0,obt-collector1,120

2020-02-02 21:58:13.282000+00:00,spine2,wadjet-t-sg0,,bgp-default,0/RP0/CPU0,61,bgp-defaultnode0_RP0_CPU0,0,0,obt-collector1,60

2020-02-02 21:58:13.282000+00:00,spine2,wadjet-t-sg0,,XTC,0/RP0/CPU0,0,XTCnode0_RP0_CPU0,0,0,obt-collector1,180

2020-02-02 21:58:13.282000+00:00,spine2,wadjet-t-sg0,,pim,0/RP0/CPU0,0,pimnode0_RP0_CPU0,0,0,obt-collector1,199

2020-02-02 21:58:13.282000+00:00,spine2,wadjet-t-sg0,,pim6,0/RP0/CPU0,0,pim6node0_RP0_CPU0,0,0,obt-collector1,199

2020-02-02 21:58:13.282000+00:00,spine2,wadjet-t-sg0,,ipv4_static,0/RP0/CPU0,0,ipv4_staticnode0_RP0_CPU0,0,0,obt-collector1,60

2020-02-02 21:58:13.282000+00:00,spine2,wadjet-t-sg0,,bundlemgr_distrib,0/RP0/CPU0,0,bundlemgr_distribnode0_RP0_CPU0,0,0,obt-collector1,60

2020-02-02 21:58:13.282000+00:00,spine2,wadjet-t-sg0,,object_tracking,0/RP0/CPU0,0,object_trackingnode0_RP0_CPU0,0,0,obt-collector1,199

2020-02-02 21:58:23.282000+00:00,spine2,wadjet-t-sg0,,bundlemgr_distrib,0/RP0/CPU0,0,bundlemgr_distribnode0_RP0_CPU0,0,0,obt-collector1,60

2020-02-02 21:58:23.282000+00:00,spine2,wadjet-t-sg0,,XTC,0/RP0/CPU0,0,XTCnode0_RP0_CPU0,0,0,obt-collector1,180

2020-02-02 21:58:23.282000+00:00,spine2,wadjet-t-sg0,,L2VPN_ATOM,0/RP0/CPU0,0,L2VPN_ATOMnode0_RP0_CPU0,0,0,obt-collector1,120

2020-02-02 21:58:23.282000+00:00,spine2,wadjet-t-sg0,,bgp-default,0/RP0/CPU0,61,bgp-defaultnode0_RP0_CPU0,0,0,obt-collector1,60

2020-02-02 21:58:23.282000+00:00,spine2,wadjet-t-sg0,,ipv4_static,0/RP0/CPU0,0,ipv4_staticnode0_RP0_CPU0,0,0,obt-collector1,60

2020-02-02 21:58:23.283000+00:00,spine2,wadjet-t-sg0,,object_tracking,0/RP0/CPU0,0,object_trackingnode0_RP0_CPU0,0,0,obt-collector1,199

2020-02-02 21:58:23.283000+00:00,spine2,wadjet-t-sg0,,pim,0/RP0/CPU0,0,pimnode0_RP0_CPU0,0,0,obt-collector1,199

2020-02-02 21:58:23.283000+00:00,spine2,wadjet-t-sg0,,pim6,0/RP0/CPU0,0,pim6node0_RP0_CPU0,0,0,obt-collector1,199

2020-02-02 21:58:33.283000+00:00,spine2,wadjet-t-sg0,,bgp-default,0/RP0/CPU0,61,bgp-defaultnode0_RP0_CPU0,0,0,obt-collector1,60

2020-02-02 21:58:33.283000+00:00,spine2,wadjet-t-sg0,,XTC,0/RP0/CPU0,0,XTCnode0_RP0_CPU0,0,0,obt-collector1,180

2020-02-02 21:58:33.283000+00:00,spine2,wadjet-t-sg0,,pim6,0/RP0/CPU0,0,pim6node0_RP0_CPU0,0,0,obt-collector1,199

2020-02-02 21:58:33.283000+00:00,spine2,wadjet-t-sg0,,bundlemgr_distrib,0/RP0/CPU0,0,bundlemgr_distribnode0_RP0_CPU0,0,0,obt-collector1,60

2020-02-02 21:58:33.283000+00:00,spine2,wadjet-t-sg0,,object_tracking,0/RP0/CPU0,0,object_trackingnode0_RP0_CPU0,0,0,obt-collector1,199

2020-02-02 21:58:33.283000+00:00,spine2,wadjet-t-sg0,,L2VPN_ATOM,0/RP0/CPU0,0,L2VPN_ATOMnode0_RP0_CPU0,0,0,obt-collector1,120

2020-02-02 21:58:33.283000+00:00,spine2,wadjet-t-sg0,,ipv4_static,0/RP0/CPU0,0,ipv4_staticnode0_RP0_CPU0,0,0,obt-collector1,60

2020-02-02 21:58:33.284000+00:00,spine2,wadjet-t-sg0,,pim,0/RP0/CPU0,0,pimnode0_RP0_CPU0,0,0,obt-collector1,199

2020-02-02 21:58:43.284000+00:00,spine2,wadjet-t-sg0,,ipv4_static,0/RP0/CPU0,0,ipv4_staticnode0_RP0_CPU0,0,0,obt-collector1,60

2020-02-02 21:58:43.284000+00:00,spine2,wadjet-t-sg0,,L2VPN_ATOM,0/RP0/CPU0,0,L2VPN_ATOMnode0_RP0_CPU0,0,0,obt-collector1,120

2020-02-02 21:58:43.284000+00:00,spine2,wadjet-t-sg0,,XTC,0/RP0/CPU0,0,XTCnode0_RP0_CPU0,0,0,obt-collector1,180

2020-02-02 21:58:43.284000+00:00,spine2,wadjet-t-sg0,,bgp-default,0/RP0/CPU0,61,bgp-defaultnode0_RP0_CPU0,0,0,obt-collector1,60

2020-02-02 21:58:43.284000+00:00,spine2,wadjet-t-sg0,,bundlemgr_distrib,0/RP0/CPU0,0,bundlemgr_distribnode0_RP0_CPU0,0,0,obt-collector1,60

2020-02-02 21:58:43.285000+00:00,spine2,wadjet-t-sg0,,pim,0/RP0/CPU0,0,pimnode0_RP0_CPU0,0,0,obt-collector1,199

2020-02-02 21:58:43.285000+00:00,spine2,wadjet-t-sg0,,pim6,0/RP0/CPU0,0,pim6node0_RP0_CPU0,0,0,obt-collector1,199

2020-02-02 21:58:43.285000+00:00,spine2,wadjet-t-sg0,,object_tracking,0/RP0/CPU0,0,object_trackingnode0_RP0_CPU0,0,0,obt-collector1,199

2020-02-02 21:58:53.284000+00:00,spine2,wadjet-t-sg0,,L2VPN_ATOM,0/RP0/CPU0,0,L2VPN_ATOMnode0_RP0_CPU0,0,0,obt-collector1,120

2020-02-02 21:58:53.284000+00:00,spine2,wadjet-t-sg0,,XTC,0/RP0/CPU0,0,XTCnode0_RP0_CPU0,0,0,obt-collector1,180

2020-02-02 21:58:53.285000+00:00,spine2,wadjet-t-sg0,,pim6,0/RP0/CPU0,0,pim6node0_RP0_CPU0,0,0,obt-collector1,199

2020-02-02 21:58:53.285000+00:00,spine2,wadjet-t-sg0,,bgp-default,0/RP0/CPU0,61,bgp-defaultnode0_RP0_CPU0,0,0,obt-collector1,60

2020-02-02 21:58:53.285000+00:00,spine2,wadjet-t-sg0,,ipv4_static,0/RP0/CPU0,0,ipv4_staticnode0_RP0_CPU0,0,0,obt-collector1,60

2020-02-02 21:58:53.285000+00:00,spine2,wadjet-t-sg0,,object_tracking,0/RP0/CPU0,0,object_trackingnode0_RP0_CPU0,0,0,obt-collector1,199

2020-02-02 21:58:53.285000+00:00,spine2,wadjet-t-sg0,,pim,0/RP0/CPU0,0,pimnode0_RP0_CPU0,0,0,obt-collector1,199

2020-02-02 21:58:53.285000+00:00,spine2,wadjet-t-sg0,,bundlemgr_distrib,0/RP0/CPU0,0,bundlemgr_distribnode0_RP0_CPU0,0,0,obt-collector1,60

2020-02-02 21:59:03.285000+00:00,spine2,wadjet-t-sg0,,pim,0/RP0/CPU0,0,pimnode0_RP0_CPU0,0,0,obt-collector1,199

2020-02-02 21:59:03.285000+00:00,spine2,wadjet-t-sg0,,bundlemgr_distrib,0/RP0/CPU0,0,bundlemgr_distribnode0_RP0_CPU0,0,0,obt-collector1,60

2020-02-02 21:59:03.285000+00:00,spine2,wadjet-t-sg0,,pim6,0/RP0/CPU0,0,pim6node0_RP0_CPU0,0,0,obt-collector1,199

2020-02-02 21:59:03.285000+00:00,spine2,wadjet-t-sg0,,L2VPN_ATOM,0/RP0/CPU0,0,L2VPN_ATOMnode0_RP0_CPU0,0,0,obt-collector1,120

2020-02-02 21:59:03.285000+00:00,spine2,wadjet-t-sg0,,XTC,0/RP0/CPU0,0,XTCnode0_RP0_CPU0,0,0,obt-collector1,180

2020-02-02 21:59:03.285000+00:00,spine2,wadjet-t-sg0,,object_tracking,0/RP0/CPU0,0,object_trackingnode0_RP0_CPU0,0,0,obt-collector1,199

2020-02-02 21:59:03.285000+00:00,spine2,wadjet-t-sg0,,bgp-default,0/RP0/CPU0,61,bgp-defaultnode0_RP0_CPU0,0,0,obt-collector1,60

2020-02-02 21:59:03.285000+00:00,spine2,wadjet-t-sg0,,ipv4_static,0/RP0/CPU0,0,ipv4_staticnode0_RP0_CPU0,0,0,obt-collector1,60

2020-02-02 21:59:13.287000+00:00,spine2,wadjet-t-sg0,,bgp-default,0/RP0/CPU0,61,bgp-defaultnode0_RP0_CPU0,0,0,obt-collector1,60

2020-02-02 21:59:13.287000+00:00,spine2,wadjet-t-sg0,,ipv4_static,0/RP0/CPU0,0,ipv4_staticnode0_RP0_CPU0,0,0,obt-collector1,60

2020-02-02 21:59:13.287000+00:00,spine2,wadjet-t-sg0,,pim6,0/RP0/CPU0,0,pim6node0_RP0_CPU0,0,0,obt-collector1,199

2020-02-02 21:59:13.287000+00:00,spine2,wadjet-t-sg0,,bundlemgr_distrib,0/RP0/CPU0,0,bundlemgr_distribnode0_RP0_CPU0,0,0,obt-collector1,60

2020-02-02 21:59:13.287000+00:00,spine2,wadjet-t-sg0,,object_tracking,0/RP0/CPU0,0,object_trackingnode0_RP0_CPU0,0,0,obt-collector1,199

2020-02-02 21:59:13.287000+00:00,spine2,wadjet-t-sg0,,L2VPN_ATOM,0/RP0/CPU0,0,L2VPN_ATOMnode0_RP0_CPU0,0,0,obt-collector1,120

2020-02-02 21:59:13.287000+00:00,spine2,wadjet-t-sg0,,XTC,0/RP0/CPU0,0,XTCnode0_RP0_CPU0,0,0,obt-collector1,180

2020-02-02 21:59:13.288000+00:00,spine2,wadjet-t-sg0,,pim,0/RP0/CPU0,0,pimnode0_RP0_CPU0,0,0,obt-collector1,199

2020-02-02 21:59:23.287000+00:00,spine2,wadjet-t-sg0,,XTC,0/RP0/CPU0,0,XTCnode0_RP0_CPU0,0,0,obt-collector1,180

2020-02-02 21:59:23.287000+00:00,spine2,wadjet-t-sg0,,L2VPN_ATOM,0/RP0/CPU0,0,L2VPN_ATOMnode0_RP0_CPU0,0,0,obt-collector1,120

2020-02-02 21:59:23.287000+00:00,spine2,wadjet-t-sg0,,bgp-default,0/RP0/CPU0,61,bgp-defaultnode0_RP0_CPU0,0,0,obt-collector1,60

2020-02-02 21:59:23.287000+00:00,spine2,wadjet-t-sg0,,ipv4_static,0/RP0/CPU0,0,ipv4_staticnode0_RP0_CPU0,0,0,obt-collector1,60

2020-02-02 21:59:23.287000+00:00,spine2,wadjet-t-sg0,,bundlemgr_distrib,0/RP0/CPU0,0,bundlemgr_distribnode0_RP0_CPU0,0,0,obt-collector1,60

2020-02-02 21:59:23.288000+00:00,spine2,wadjet-t-sg0,,pim,0/RP0/CPU0,0,pimnode0_RP0_CPU0,0,0,obt-collector1,199

2020-02-02 21:59:23.288000+00:00,spine2,wadjet-t-sg0,,pim6,0/RP0/CPU0,0,pim6node0_RP0_CPU0,0,0,obt-collector1,199

2020-02-02 21:59:23.288000+00:00,spine2,wadjet-t-sg0,,object_tracking,0/RP0/CPU0,0,object_trackingnode0_RP0_CPU0,0,0,obt-collector1,199

2020-02-02 21:59:33.287000+00:00,spine2,wadjet-t-sg0,,L2VPN_ATOM,0/RP0/CPU0,0,L2VPN_ATOMnode0_RP0_CPU0,0,0,obt-collector1,120

2020-02-02 21:59:33.287000+00:00,spine2,wadjet-t-sg0,,bundlemgr_distrib,0/RP0/CPU0,0,bundlemgr_distribnode0_RP0_CPU0,0,0,obt-collector1,60

2020-02-02 21:59:33.287000+00:00,spine2,wadjet-t-sg0,,XTC,0/RP0/CPU0,0,XTCnode0_RP0_CPU0,0,0,obt-collector1,180

2020-02-02 21:59:33.287000+00:00,spine2,wadjet-t-sg0,,bgp-default,0/RP0/CPU0,61,bgp-defaultnode0_RP0_CPU0,0,0,obt-collector1,60

2020-02-02 21:59:33.288000+00:00,spine2,wadjet-t-sg0,,pim6,0/RP0/CPU0,0,pim6node0_RP0_CPU0,0,0,obt-collector1,199

2020-02-02 21:59:33.288000+00:00,spine2,wadjet-t-sg0,,object_tracking,0/RP0/CPU0,0,object_trackingnode0_RP0_CPU0,0,0,obt-collector1,199

2020-02-02 21:59:33.288000+00:00,spine2,wadjet-t-sg0,,pim,0/RP0/CPU0,0,pimnode0_RP0_CPU0,0,0,obt-collector1,199

2020-02-02 21:59:33.288000+00:00,spine2,wadjet-t-sg0,,ipv4_static,0/RP0/CPU0,0,ipv4_staticnode0_RP0_CPU0,0,0,obt-collector1,60

2020-02-02 21:59:43.286000+00:00,spine2,wadjet-t-sg0,,L2VPN_ATOM,0/RP0/CPU0,0,L2VPN_ATOMnode0_RP0_CPU0,0,0,obt-collector1,120

2020-02-02 21:59:43.287000+00:00,spine2,wadjet-t-sg0,,ipv4_static,0/RP0/CPU0,0,ipv4_staticnode0_RP0_CPU0,0,0,obt-collector1,60

2020-02-02 21:59:43.287000+00:00,spine2,wadjet-t-sg0,,pim,0/RP0/CPU0,0,pimnode0_RP0_CPU0,0,0,obt-collector1,199

2020-02-02 21:59:43.287000+00:00,spine2,wadjet-t-sg0,,bgp-default,0/RP0/CPU0,61,bgp-defaultnode0_RP0_CPU0,0,0,obt-collector1,60

2020-02-02 21:59:43.287000+00:00,spine2,wadjet-t-sg0,,XTC,0/RP0/CPU0,0,XTCnode0_RP0_CPU0,0,0,obt-collector1,180

2020-02-02 21:59:43.287000+00:00,spine2,wadjet-t-sg0,,object_tracking,0/RP0/CPU0,0,object_trackingnode0_RP0_CPU0,0,0,obt-collector1,199

2020-02-02 21:59:43.287000+00:00,spine2,wadjet-t-sg0,,bundlemgr_distrib,0/RP0/CPU0,0,bundlemgr_distribnode0_RP0_CPU0,0,0,obt-collector1,60

2020-02-02 21:59:43.287000+00:00,spine2,wadjet-t-sg0,,pim6,0/RP0/CPU0,0,pim6node0_RP0_CPU0,0,0,obt-collector1,199

2020-02-02 21:59:53.287000+00:00,spine2,wadjet-t-sg0,,bundlemgr_distrib,0/RP0/CPU0,0,bundlemgr_distribnode0_RP0_CPU0,0,0,obt-collector1,60

2020-02-02 21:59:53.287000+00:00,spine2,wadjet-t-sg0,,L2VPN_ATOM,0/RP0/CPU0,0,L2VPN_ATOMnode0_RP0_CPU0,0,0,obt-collector1,120

2020-02-02 21:59:53.287000+00:00,spine2,wadjet-t-sg0,,bgp-default,0/RP0/CPU0,61,bgp-defaultnode0_RP0_CPU0,0,0,obt-collector1,60

2020-02-02 21:59:53.287000+00:00,spine2,wadjet-t-sg0,,ipv4_static,0/RP0/CPU0,0,ipv4_staticnode0_RP0_CPU0,0,0,obt-collector1,60

2020-02-02 21:59:53.287000+00:00,spine2,wadjet-t-sg0,,object_tracking,0/RP0/CPU0,0,object_trackingnode0_RP0_CPU0,0,0,obt-collector1,199

2020-02-02 21:59:53.287000+00:00,spine2,wadjet-t-sg0,,XTC,0/RP0/CPU0,0,XTCnode0_RP0_CPU0,0,0,obt-collector1,180

2020-02-02 21:59:53.288000+00:00,spine2,wadjet-t-sg0,,pim6,0/RP0/CPU0,0,pim6node0_RP0_CPU0,0,0,obt-collector1,199

2020-02-02 21:59:53.288000+00:00,spine2,wadjet-t-sg0,,pim,0/RP0/CPU0,0,pimnode0_RP0_CPU0,0,0,obt-collector1,199

2020-02-02 22:00:03.288000+00:00,spine2,wadjet-t-sg0,,pim6,0/RP0/CPU0,0,pim6node0_RP0_CPU0,0,0,obt-collector1,199

2020-02-02 22:00:03.288000+00:00,spine2,wadjet-t-sg0,,pim,0/RP0/CPU0,0,pimnode0_RP0_CPU0,0,0,obt-collector1,199

2020-02-02 22:00:03.288000+00:00,spine2,wadjet-t-sg0,,object_tracking,0/RP0/CPU0,0,object_trackingnode0_RP0_CPU0,0,0,obt-collector1,199

2020-02-02 22:00:03.288000+00:00,spine2,wadjet-t-sg0,,L2VPN_ATOM,0/RP0/CPU0,0,L2VPN_ATOMnode0_RP0_CPU0,0,0,obt-collector1,120

2020-02-02 22:00:03.288000+00:00,spine2,wadjet-t-sg0,,bundlemgr_distrib,0/RP0/CPU0,0,bundlemgr_distribnode0_RP0_CPU0,0,0,obt-collector1,60

2020-02-02 22:00:03.288000+00:00,spine2,wadjet-t-sg0,,XTC,0/RP0/CPU0,0,XTCnode0_RP0_CPU0,0,0,obt-collector1,180

2020-02-02 22:00:03.288000+00:00,spine2,wadjet-t-sg0,,ipv4_static,0/RP0/CPU0,0,ipv4_staticnode0_RP0_CPU0,0,0,obt-collector1,60

2020-02-02 22:00:03.288000+00:00,spine2,wadjet-t-sg0,,bgp-default,0/RP0/CPU0,61,bgp-defaultnode0_RP0_CPU0,0,0,obt-collector1,60

2020-02-02 22:00:13.287000+00:00,spine2,wadjet-t-sg0,,ipv4_static,0/RP0/CPU0,0,ipv4_staticnode0_RP0_CPU0,0,0,obt-collector1,60

2020-02-02 22:00:13.287000+00:00,spine2,wadjet-t-sg0,,bgp-default,0/RP0/CPU0,61,bgp-defaultnode0_RP0_CPU0,0,0,obt-collector1,60

2020-02-02 22:00:13.287000+00:00,spine2,wadjet-t-sg0,,object_tracking,0/RP0/CPU0,0,object_trackingnode0_RP0_CPU0,0,0,obt-collector1,199

2020-02-02 22:00:13.287000+00:00,spine2,wadjet-t-sg0,,L2VPN_ATOM,0/RP0/CPU0,0,L2VPN_ATOMnode0_RP0_CPU0,0,0,obt-collector1,120

2020-02-02 22:00:13.287000+00:00,spine2,wadjet-t-sg0,,XTC,0/RP0/CPU0,0,XTCnode0_RP0_CPU0,0,0,obt-collector1,180

2020-02-02 22:00:13.287000+00:00,spine2,wadjet-t-sg0,,bundlemgr_distrib,0/RP0/CPU0,0,bundlemgr_distribnode0_RP0_CPU0,0,0,obt-collector1,60

2020-02-02 22:00:13.288000+00:00,spine2,wadjet-t-sg0,,pim,0/RP0/CPU0,0,pimnode0_RP0_CPU0,0,0,obt-collector1,199

2020-02-02 22:00:13.288000+00:00,spine2,wadjet-t-sg0,,pim6,0/RP0/CPU0,0,pim6node0_RP0_CPU0,0,0,obt-collector1,199

2020-02-02 22:00:23.288000+00:00,spine2,wadjet-t-sg0,,XTC,0/RP0/CPU0,0,XTCnode0_RP0_CPU0,0,0,obt-collector1,180

2020-02-02 22:00:23.288000+00:00,spine2,wadjet-t-sg0,,ipv4_static,0/RP0/CPU0,0,ipv4_staticnode0_RP0_CPU0,0,0,obt-collector1,60

2020-02-02 22:00:23.288000+00:00,spine2,wadjet-t-sg0,,pim6,0/RP0/CPU0,0,pim6node0_RP0_CPU0,0,0,obt-collector1,199

2020-02-02 22:00:23.288000+00:00,spine2,wadjet-t-sg0,,bgp-default,0/RP0/CPU0,61,bgp-defaultnode0_RP0_CPU0,0,0,obt-collector1,60

2020-02-02 22:00:23.288000+00:00,spine2,wadjet-t-sg0,,bundlemgr_distrib,0/RP0/CPU0,0,bundlemgr_distribnode0_RP0_CPU0,0,0,obt-collector1,60

2020-02-02 22:00:23.288000+00:00,spine2,wadjet-t-sg0,,L2VPN_ATOM,0/RP0/CPU0,0,L2VPN_ATOMnode0_RP0_CPU0,0,0,obt-collector1,120

2020-02-02 22:00:23.288000+00:00,spine2,wadjet-t-sg0,,object_tracking,0/RP0/CPU0,0,object_trackingnode0_RP0_CPU0,0,0,obt-collector1,199

2020-02-02 22:00:23.289000+00:00,spine2,wadjet-t-sg0,,pim,0/RP0/CPU0,0,pimnode0_RP0_CPU0,0,0,obt-collector1,199

2020-02-02 22:00:33.288000+00:00,spine2,wadjet-t-sg0,,object_tracking,0/RP0/CPU0,0,object_trackingnode0_RP0_CPU0,0,0,obt-collector1,199

2020-02-02 22:00:33.288000+00:00,spine2,wadjet-t-sg0,,L2VPN_ATOM,0/RP0/CPU0,0,L2VPN_ATOMnode0_RP0_CPU0,0,0,obt-collector1,120

2020-02-02 22:00:33.288000+00:00,spine2,wadjet-t-sg0,,ipv4_static,0/RP0/CPU0,0,ipv4_staticnode0_RP0_CPU0,0,0,obt-collector1,60

2020-02-02 22:00:33.288000+00:00,spine2,wadjet-t-sg0,,XTC,0/RP0/CPU0,0,XTCnode0_RP0_CPU0,0,0,obt-collector1,180

2020-02-02 22:00:33.288000+00:00,spine2,wadjet-t-sg0,,bundlemgr_distrib,0/RP0/CPU0,0,bundlemgr_distribnode0_RP0_CPU0,0,0,obt-collector1,60

2020-02-02 22:00:33.288000+00:00,spine2,wadjet-t-sg0,,pim6,0/RP0/CPU0,0,pim6node0_RP0_CPU0,0,0,obt-collector1,199

2020-02-02 22:00:33.288000+00:00,spine2,wadjet-t-sg0,,bgp-default,0/RP0/CPU0,61,bgp-defaultnode0_RP0_CPU0,0,0,obt-collector1,60

2020-02-02 22:00:33.289000+00:00,spine2,wadjet-t-sg0,,pim,0/RP0/CPU0,0,pimnode0_RP0_CPU0,0,0,obt-collector1,199

2020-02-02 22:00:43.288000+00:00,spine2,wadjet-t-sg0,,L2VPN_ATOM,0/RP0/CPU0,0,L2VPN_ATOMnode0_RP0_CPU0,0,0,obt-collector1,120

2020-02-02 22:00:43.288000+00:00,spine2,wadjet-t-sg0,,bgp-default,0/RP0/CPU0,61,bgp-defaultnode0_RP0_CPU0,0,0,obt-collector1,60

2020-02-02 22:00:43.288000+00:00,spine2,wadjet-t-sg0,,XTC,0/RP0/CPU0,0,XTCnode0_RP0_CPU0,0,0,obt-collector1,180

2020-02-02 22:00:43.289000+00:00,spine2,wadjet-t-sg0,,pim,0/RP0/CPU0,0,pimnode0_RP0_CPU0,0,0,obt-collector1,199

2020-02-02 22:00:43.289000+00:00,spine2,wadjet-t-sg0,,pim6,0/RP0/CPU0,0,pim6node0_RP0_CPU0,0,0,obt-collector1,199

2020-02-02 22:00:43.289000+00:00,spine2,wadjet-t-sg0,,object_tracking,0/RP0/CPU0,0,object_trackingnode0_RP0_CPU0,0,0,obt-collector1,199

2020-02-02 22:00:43.289000+00:00,spine2,wadjet-t-sg0,,ipv4_static,0/RP0/CPU0,0,ipv4_staticnode0_RP0_CPU0,0,0,obt-collector1,60

2020-02-02 22:00:43.289000+00:00,spine2,wadjet-t-sg0,,bundlemgr_distrib,0/RP0/CPU0,0,bundlemgr_distribnode0_RP0_CPU0,0,0,obt-collector1,60

2020-02-02 22:00:53.288000+00:00,spine2,wadjet-t-sg0,,ipv4_static,0/RP0/CPU0,0,ipv4_staticnode0_RP0_CPU0,0,0,obt-collector1,60

2020-02-02 22:00:53.288000+00:00,spine2,wadjet-t-sg0,,bundlemgr_distrib,0/RP0/CPU0,0,bundlemgr_distribnode0_RP0_CPU0,0,0,obt-collector1,60

2020-02-02 22:00:53.288000+00:00,spine2,wadjet-t-sg0,,bgp-default,0/RP0/CPU0,61,bgp-defaultnode0_RP0_CPU0,0,0,obt-collector1,60

2020-02-02 22:00:53.288000+00:00,spine2,wadjet-t-sg0,,pim6,0/RP0/CPU0,0,pim6node0_RP0_CPU0,0,0,obt-collector1,199

2020-02-02 22:00:53.288000+00:00,spine2,wadjet-t-sg0,,XTC,0/RP0/CPU0,0,XTCnode0_RP0_CPU0,0,0,obt-collector1,180

2020-02-02 22:00:53.288000+00:00,spine2,wadjet-t-sg0,,object_tracking,0/RP0/CPU0,0,object_trackingnode0_RP0_CPU0,0,0,obt-collector1,199

2020-02-02 22:00:53.288000+00:00,spine2,wadjet-t-sg0,,L2VPN_ATOM,0/RP0/CPU0,0,L2VPN_ATOMnode0_RP0_CPU0,0,0,obt-collector1,120

2020-02-02 22:00:53.289000+00:00,spine2,wadjet-t-sg0,,pim,0/RP0/CPU0,0,pimnode0_RP0_CPU0,0,0,obt-collector1,199

2020-02-02 22:01:03.288000+00:00,spine2,wadjet-t-sg0,,L2VPN_ATOM,0/RP0/CPU0,0,L2VPN_ATOMnode0_RP0_CPU0,0,0,obt-collector1,120

2020-02-02 22:01:03.288000+00:00,spine2,wadjet-t-sg0,,bgp-default,0/RP0/CPU0,61,bgp-defaultnode0_RP0_CPU0,0,0,obt-collector1,60

2020-02-02 22:01:03.288000+00:00,spine2,wadjet-t-sg0,,ipv4_static,0/RP0/CPU0,0,ipv4_staticnode0_RP0_CPU0,0,0,obt-collector1,60

2020-02-02 22:01:03.288000+00:00,spine2,wadjet-t-sg0,,bundlemgr_distrib,0/RP0/CPU0,0,bundlemgr_distribnode0_RP0_CPU0,0,0,obt-collector1,60

2020-02-02 22:01:03.288000+00:00,spine2,wadjet-t-sg0,,object_tracking,0/RP0/CPU0,0,object_trackingnode0_RP0_CPU0,0,0,obt-collector1,199

2020-02-02 22:01:03.288000+00:00,spine2,wadjet-t-sg0,,pim6,0/RP0/CPU0,0,pim6node0_RP0_CPU0,0,0,obt-collector1,199

2020-02-02 22:01:03.288000+00:00,spine2,wadjet-t-sg0,,XTC,0/RP0/CPU0,0,XTCnode0_RP0_CPU0,0,0,obt-collector1,180

2020-02-02 22:01:03.289000+00:00,spine2,wadjet-t-sg0,,pim,0/RP0/CPU0,0,pimnode0_RP0_CPU0,0,0,obt-collector1,199

2020-02-02 22:01:13.288000+00:00,spine2,wadjet-t-sg0,,XTC,0/RP0/CPU0,0,XTCnode0_RP0_CPU0,0,0,obt-collector1,180

2020-02-02 22:01:13.288000+00:00,spine2,wadjet-t-sg0,,pim6,0/RP0/CPU0,0,pim6node0_RP0_CPU0,0,0,obt-collector1,199

2020-02-02 22:01:13.288000+00:00,spine2,wadjet-t-sg0,,bgp-default,0/RP0/CPU0,61,bgp-defaultnode0_RP0_CPU0,0,0,obt-collector1,60

2020-02-02 22:01:13.288000+00:00,spine2,wadjet-t-sg0,,L2VPN_ATOM,0/RP0/CPU0,0,L2VPN_ATOMnode0_RP0_CPU0,0,0,obt-collector1,120

2020-02-02 22:01:13.288000+00:00,spine2,wadjet-t-sg0,,object_tracking,0/RP0/CPU0,0,object_trackingnode0_RP0_CPU0,0,0,obt-collector1,199

2020-02-02 22:01:13.288000+00:00,spine2,wadjet-t-sg0,,ipv4_static,0/RP0/CPU0,0,ipv4_staticnode0_RP0_CPU0,0,0,obt-collector1,60

2020-02-02 22:01:13.288000+00:00,spine2,wadjet-t-sg0,,bundlemgr_distrib,0/RP0/CPU0,0,bundlemgr_distribnode0_RP0_CPU0,0,0,obt-collector1,60

2020-02-02 22:01:13.289000+00:00,spine2,wadjet-t-sg0,,pim,0/RP0/CPU0,0,pimnode0_RP0_CPU0,0,0,obt-collector1,199

2020-02-02 22:01:23.288000+00:00,spine2,wadjet-t-sg0,,bgp-default,0/RP0/CPU0,61,bgp-defaultnode0_RP0_CPU0,0,0,obt-collector1,60

2020-02-02 22:01:23.288000+00:00,spine2,wadjet-t-sg0,,XTC,0/RP0/CPU0,0,XTCnode0_RP0_CPU0,0,0,obt-collector1,180

2020-02-02 22:01:23.288000+00:00,spine2,wadjet-t-sg0,,L2VPN_ATOM,0/RP0/CPU0,0,L2VPN_ATOMnode0_RP0_CPU0,0,0,obt-collector1,120

2020-02-02 22:01:23.289000+00:00,spine2,wadjet-t-sg0,,pim,0/RP0/CPU0,0,pimnode0_RP0_CPU0,0,0,obt-collector1,199

2020-02-02 22:01:23.289000+00:00,spine2,wadjet-t-sg0,,ipv4_static,0/RP0/CPU0,0,ipv4_staticnode0_RP0_CPU0,0,0,obt-collector1,60

2020-02-02 22:01:23.289000+00:00,spine2,wadjet-t-sg0,,bundlemgr_distrib,0/RP0/CPU0,0,bundlemgr_distribnode0_RP0_CPU0,0,0,obt-collector1,60

2020-02-02 22:01:23.289000+00:00,spine2,wadjet-t-sg0,,pim6,0/RP0/CPU0,0,pim6node0_RP0_CPU0,0,0,obt-collector1,199

2020-02-02 22:01:23.289000+00:00,spine2,wadjet-t-sg0,,object_tracking,0/RP0/CPU0,0,object_trackingnode0_RP0_CPU0,0,0,obt-collector1,199

2020-02-02 22:01:33.288000+00:00,spine2,wadjet-t-sg0,,XTC,0/RP0/CPU0,0,XTCnode0_RP0_CPU0,0,0,obt-collector1,180

2020-02-02 22:01:33.288000+00:00,spine2,wadjet-t-sg0,,ipv4_static,0/RP0/CPU0,0,ipv4_staticnode0_RP0_CPU0,0,0,obt-collector1,60

2020-02-02 22:01:33.288000+00:00,spine2,wadjet-t-sg0,,object_tracking,0/RP0/CPU0,0,object_trackingnode0_RP0_CPU0,0,0,obt-collector1,199

2020-02-02 22:01:33.288000+00:00,spine2,wadjet-t-sg0,,L2VPN_ATOM,0/RP0/CPU0,0,L2VPN_ATOMnode0_RP0_CPU0,0,0,obt-collector1,120

2020-02-02 22:01:33.288000+00:00,spine2,wadjet-t-sg0,,bundlemgr_distrib,0/RP0/CPU0,0,bundlemgr_distribnode0_RP0_CPU0,0,0,obt-collector1,60

2020-02-02 22:01:33.288000+00:00,spine2,wadjet-t-sg0,,bgp-default,0/RP0/CPU0,61,bgp-defaultnode0_RP0_CPU0,0,0,obt-collector1,60

2020-02-02 22:01:33.289000+00:00,spine2,wadjet-t-sg0,,pim6,0/RP0/CPU0,0,pim6node0_RP0_CPU0,0,0,obt-collector1,199

2020-02-02 22:01:33.289000+00:00,spine2,wadjet-t-sg0,,pim,0/RP0/CPU0,0,pimnode0_RP0_CPU0,0,0,obt-collector1,199

2020-02-02 22:01:43.289000+00:00,spine2,wadjet-t-sg0,,pim6,0/RP0/CPU0,0,pim6node0_RP0_CPU0,0,0,obt-collector1,199

2020-02-02 22:01:43.289000+00:00,spine2,wadjet-t-sg0,,bundlemgr_distrib,0/RP0/CPU0,0,bundlemgr_distribnode0_RP0_CPU0,0,0,obt-collector1,60

2020-02-02 22:01:43.289000+00:00,spine2,wadjet-t-sg0,,ipv4_static,0/RP0/CPU0,0,ipv4_staticnode0_RP0_CPU0,0,0,obt-collector1,60

2020-02-02 22:01:43.289000+00:00,spine2,wadjet-t-sg0,,XTC,0/RP0/CPU0,0,XTCnode0_RP0_CPU0,0,0,obt-collector1,180

2020-02-02 22:01:43.289000+00:00,spine2,wadjet-t-sg0,,bgp-default,0/RP0/CPU0,61,bgp-defaultnode0_RP0_CPU0,0,0,obt-collector1,60

2020-02-02 22:01:43.289000+00:00,spine2,wadjet-t-sg0,,object_tracking,0/RP0/CPU0,0,object_trackingnode0_RP0_CPU0,0,0,obt-collector1,199

2020-02-02 22:01:43.289000+00:00,spine2,wadjet-t-sg0,,L2VPN_ATOM,0/RP0/CPU0,0,L2VPN_ATOMnode0_RP0_CPU0,0,0,obt-collector1,120

2020-02-02 22:01:43.290000+00:00,spine2,wadjet-t-sg0,,pim,0/RP0/CPU0,0,pimnode0_RP0_CPU0,0,0,obt-collector1,199

2020-02-02 22:01:53.288000+00:00,spine2,wadjet-t-sg0,,bundlemgr_distrib,0/RP0/CPU0,0,bundlemgr_distribnode0_RP0_CPU0,0,0,obt-collector1,60

2020-02-02 22:01:53.288000+00:00,spine2,wadjet-t-sg0,,L2VPN_ATOM,0/RP0/CPU0,0,L2VPN_ATOMnode0_RP0_CPU0,0,0,obt-collector1,120

2020-02-02 22:01:53.288000+00:00,spine2,wadjet-t-sg0,,bgp-default,0/RP0/CPU0,61,bgp-defaultnode0_RP0_CPU0,0,0,obt-collector1,60

2020-02-02 22:01:53.288000+00:00,spine2,wadjet-t-sg0,,ipv4_static,0/RP0/CPU0,0,ipv4_staticnode0_RP0_CPU0,0,0,obt-collector1,60

2020-02-02 22:01:53.288000+00:00,spine2,wadjet-t-sg0,,XTC,0/RP0/CPU0,0,XTCnode0_RP0_CPU0,0,0,obt-collector1,180

2020-02-02 22:01:53.289000+00:00,spine2,wadjet-t-sg0,,pim,0/RP0/CPU0,0,pimnode0_RP0_CPU0,0,0,obt-collector1,199

2020-02-02 22:01:53.289000+00:00,spine2,wadjet-t-sg0,,object_tracking,0/RP0/CPU0,0,object_trackingnode0_RP0_CPU0,0,0,obt-collector1,199

2020-02-02 22:01:53.289000+00:00,spine2,wadjet-t-sg0,,pim6,0/RP0/CPU0,0,pim6node0_RP0_CPU0,0,0,obt-collector1,199

2020-02-02 22:02:03.289000+00:00,spine2,wadjet-t-sg0,,ipv4_static,0/RP0/CPU0,0,ipv4_staticnode0_RP0_CPU0,0,0,obt-collector1,60

2020-02-02 22:02:03.289000+00:00,spine2,wadjet-t-sg0,,object_tracking,0/RP0/CPU0,0,object_trackingnode0_RP0_CPU0,0,0,obt-collector1,199

2020-02-02 22:02:03.289000+00:00,spine2,wadjet-t-sg0,,XTC,0/RP0/CPU0,0,XTCnode0_RP0_CPU0,0,0,obt-collector1,180

2020-02-02 22:02:03.289000+00:00,spine2,wadjet-t-sg0,,bgp-default,0/RP0/CPU0,61,bgp-defaultnode0_RP0_CPU0,0,0,obt-collector1,60

2020-02-02 22:02:03.289000+00:00,spine2,wadjet-t-sg0,,bundlemgr_distrib,0/RP0/CPU0,0,bundlemgr_distribnode0_RP0_CPU0,0,0,obt-collector1,60

2020-02-02 22:02:03.289000+00:00,spine2,wadjet-t-sg0,,L2VPN_ATOM,0/RP0/CPU0,0,L2VPN_ATOMnode0_RP0_CPU0,0,0,obt-collector1,120

2020-02-02 22:02:03.290000+00:00,spine2,wadjet-t-sg0,,pim,0/RP0/CPU0,0,pimnode0_RP0_CPU0,0,0,obt-collector1,199

2020-02-02 22:02:03.290000+00:00,spine2,wadjet-t-sg0,,pim6,0/RP0/CPU0,0,pim6node0_RP0_CPU0,0,0,obt-collector1,199

2020-02-02 22:02:13.288000+00:00,spine2,wadjet-t-sg0,,L2VPN_ATOM,0/RP0/CPU0,0,L2VPN_ATOMnode0_RP0_CPU0,0,0,obt-collector1,120

2020-02-02 22:02:13.288000+00:00,spine2,wadjet-t-sg0,,XTC,0/RP0/CPU0,0,XTCnode0_RP0_CPU0,0,0,obt-collector1,180

2020-02-02 22:02:13.288000+00:00,spine2,wadjet-t-sg0,,bgp-default,0/RP0/CPU0,61,bgp-defaultnode0_RP0_CPU0,0,0,obt-collector1,60

2020-02-02 22:02:13.289000+00:00,spine2,wadjet-t-sg0,,pim6,0/RP0/CPU0,0,pim6node0_RP0_CPU0,0,0,obt-collector1,199

2020-02-02 22:02:13.289000+00:00,spine2,wadjet-t-sg0,,pim,0/RP0/CPU0,0,pimnode0_RP0_CPU0,0,0,obt-collector1,199

2020-02-02 22:02:13.289000+00:00,spine2,wadjet-t-sg0,,bundlemgr_distrib,0/RP0/CPU0,0,bundlemgr_distribnode0_RP0_CPU0,0,0,obt-collector1,60

2020-02-02 22:02:13.289000+00:00,spine2,wadjet-t-sg0,,object_tracking,0/RP0/CPU0,0,object_trackingnode0_RP0_CPU0,0,0,obt-collector1,199

2020-02-02 22:02:13.289000+00:00,spine2,wadjet-t-sg0,,ipv4_static,0/RP0/CPU0,0,ipv4_staticnode0_RP0_CPU0,0,0,obt-collector1,60

2020-02-02 22:02:23.289000+00:00,spine2,wadjet-t-sg0,,XTC,0/RP0/CPU0,0,XTCnode0_RP0_CPU0,0,0,obt-collector1,180

2020-02-02 22:02:23.289000+00:00,spine2,wadjet-t-sg0,,bundlemgr_distrib,0/RP0/CPU0,0,bundlemgr_distribnode0_RP0_CPU0,0,0,obt-collector1,60

2020-02-02 22:02:23.289000+00:00,spine2,wadjet-t-sg0,,bgp-default,0/RP0/CPU0,61,bgp-defaultnode0_RP0_CPU0,0,0,obt-collector1,60

2020-02-02 22:02:23.289000+00:00,spine2,wadjet-t-sg0,,L2VPN_ATOM,0/RP0/CPU0,0,L2VPN_ATOMnode0_RP0_CPU0,0,0,obt-collector1,120

2020-02-02 22:02:23.290000+00:00,spine2,wadjet-t-sg0,,object_tracking,0/RP0/CPU0,0,object_trackingnode0_RP0_CPU0,0,0,obt-collector1,199

2020-02-02 22:02:23.290000+00:00,spine2,wadjet-t-sg0,,ipv4_static,0/RP0/CPU0,0,ipv4_staticnode0_RP0_CPU0,0,0,obt-collector1,60

2020-02-02 22:02:23.290000+00:00,spine2,wadjet-t-sg0,,pim6,0/RP0/CPU0,0,pim6node0_RP0_CPU0,0,0,obt-collector1,199

2020-02-02 22:02:23.290000+00:00,spine2,wadjet-t-sg0,,pim,0/RP0/CPU0,0,pimnode0_RP0_CPU0,0,0,obt-collector1,199

2020-02-02 22:02:33.289000+00:00,spine2,wadjet-t-sg0,,L2VPN_ATOM,0/RP0/CPU0,0,L2VPN_ATOMnode0_RP0_CPU0,0,0,obt-collector1,120

2020-02-02 22:02:33.289000+00:00,spine2,wadjet-t-sg0,,XTC,0/RP0/CPU0,0,XTCnode0_RP0_CPU0,0,0,obt-collector1,180

2020-02-02 22:02:33.289000+00:00,spine2,wadjet-t-sg0,,bgp-default,0/RP0/CPU0,61,bgp-defaultnode0_RP0_CPU0,0,0,obt-collector1,60

2020-02-02 22:02:33.289000+00:00,spine2,wadjet-t-sg0,,ipv4_static,0/RP0/CPU0,0,ipv4_staticnode0_RP0_CPU0,0,0,obt-collector1,60

2020-02-02 22:02:33.289000+00:00,spine2,wadjet-t-sg0,,bundlemgr_distrib,0/RP0/CPU0,0,bundlemgr_distribnode0_RP0_CPU0,0,0,obt-collector1,60

2020-02-02 22:02:33.290000+00:00,spine2,wadjet-t-sg0,,pim6,0/RP0/CPU0,0,pim6node0_RP0_CPU0,0,0,obt-collector1,199

2020-02-02 22:02:33.290000+00:00,spine2,wadjet-t-sg0,,pim,0/RP0/CPU0,0,pimnode0_RP0_CPU0,0,0,obt-collector1,199

2020-02-02 22:02:33.290000+00:00,spine2,wadjet-t-sg0,,object_tracking,0/RP0/CPU0,0,object_trackingnode0_RP0_CPU0,0,0,obt-collector1,199

2020-02-02 22:02:43.289000+00:00,spine2,wadjet-t-sg0,,L2VPN_ATOM,0/RP0/CPU0,0,L2VPN_ATOMnode0_RP0_CPU0,0,0,obt-collector1,120

2020-02-02 22:02:43.289000+00:00,spine2,wadjet-t-sg0,,XTC,0/RP0/CPU0,0,XTCnode0_RP0_CPU0,0,0,obt-collector1,180

2020-02-02 22:02:43.289000+00:00,spine2,wadjet-t-sg0,,bgp-default,0/RP0/CPU0,61,bgp-defaultnode0_RP0_CPU0,0,0,obt-collector1,60

2020-02-02 22:02:43.290000+00:00,spine2,wadjet-t-sg0,,pim,0/RP0/CPU0,0,pimnode0_RP0_CPU0,0,0,obt-collector1,199

2020-02-02 22:02:43.290000+00:00,spine2,wadjet-t-sg0,,bundlemgr_distrib,0/RP0/CPU0,0,bundlemgr_distribnode0_RP0_CPU0,0,0,obt-collector1,60

2020-02-02 22:02:43.290000+00:00,spine2,wadjet-t-sg0,,ipv4_static,0/RP0/CPU0,0,ipv4_staticnode0_RP0_CPU0,0,0,obt-collector1,60

2020-02-02 22:02:43.290000+00:00,spine2,wadjet-t-sg0,,pim6,0/RP0/CPU0,0,pim6node0_RP0_CPU0,0,0,obt-collector1,199

2020-02-02 22:02:43.290000+00:00,spine2,wadjet-t-sg0,,object_tracking,0/RP0/CPU0,0,object_trackingnode0_RP0_CPU0,0,0,obt-collector1,199

2020-02-02 22:02:53.289000+00:00,spine2,wadjet-t-sg0,,XTC,0/RP0/CPU0,0,XTCnode0_RP0_CPU0,0,0,obt-collector1,180

2020-02-02 22:02:53.289000+00:00,spine2,wadjet-t-sg0,,bundlemgr_distrib,0/RP0/CPU0,0,bundlemgr_distribnode0_RP0_CPU0,0,0,obt-collector1,60

2020-02-02 22:02:53.289000+00:00,spine2,wadjet-t-sg0,,bgp-default,0/RP0/CPU0,61,bgp-defaultnode0_RP0_CPU0,0,0,obt-collector1,60

2020-02-02 22:02:53.289000+00:00,spine2,wadjet-t-sg0,,L2VPN_ATOM,0/RP0/CPU0,0,L2VPN_ATOMnode0_RP0_CPU0,0,0,obt-collector1,120

2020-02-02 22:02:53.290000+00:00,spine2,wadjet-t-sg0,,pim6,0/RP0/CPU0,0,pim6node0_RP0_CPU0,0,0,obt-collector1,199

2020-02-02 22:02:53.290000+00:00,spine2,wadjet-t-sg0,,object_tracking,0/RP0/CPU0,0,object_trackingnode0_RP0_CPU0,0,0,obt-collector1,199

2020-02-02 22:02:53.290000+00:00,spine2,wadjet-t-sg0,,ipv4_static,0/RP0/CPU0,0,ipv4_staticnode0_RP0_CPU0,0,0,obt-collector1,60

2020-02-02 22:02:53.290000+00:00,spine2,wadjet-t-sg0,,pim,0/RP0/CPU0,0,pimnode0_RP0_CPU0,0,0,obt-collector1,199

2020-02-02 22:03:03.289000+00:00,spine2,wadjet-t-sg0,,ipv4_static,0/RP0/CPU0,0,ipv4_staticnode0_RP0_CPU0,0,0,obt-collector1,60

2020-02-02 22:03:03.289000+00:00,spine2,wadjet-t-sg0,,pim,0/RP0/CPU0,0,pimnode0_RP0_CPU0,0,0,obt-collector1,199

2020-02-02 22:03:03.289000+00:00,spine2,wadjet-t-sg0,,L2VPN_ATOM,0/RP0/CPU0,0,L2VPN_ATOMnode0_RP0_CPU0,0,0,obt-collector1,120

2020-02-02 22:03:03.289000+00:00,spine2,wadjet-t-sg0,,XTC,0/RP0/CPU0,0,XTCnode0_RP0_CPU0,0,0,obt-collector1,180

2020-02-02 22:03:03.289000+00:00,spine2,wadjet-t-sg0,,bgp-default,0/RP0/CPU0,61,bgp-defaultnode0_RP0_CPU0,0,0,obt-collector1,60

2020-02-02 22:03:03.289000+00:00,spine2,wadjet-t-sg0,,object_tracking,0/RP0/CPU0,0,object_trackingnode0_RP0_CPU0,0,0,obt-collector1,199

2020-02-02 22:03:03.289000+00:00,spine2,wadjet-t-sg0,,bundlemgr_distrib,0/RP0/CPU0,0,bundlemgr_distribnode0_RP0_CPU0,0,0,obt-collector1,60

2020-02-02 22:03:03.289000+00:00,spine2,wadjet-t-sg0,,pim6,0/RP0/CPU0,0,pim6node0_RP0_CPU0,0,0,obt-collector1,199

2020-02-02 22:03:13.290000+00:00,spine2,wadjet-t-sg0,,bundlemgr_distrib,0/RP0/CPU0,0,bundlemgr_distribnode0_RP0_CPU0,0,0,obt-collector1,60

2020-02-02 22:03:13.290000+00:00,spine2,wadjet-t-sg0,,pim6,0/RP0/CPU0,0,pim6node0_RP0_CPU0,0,0,obt-collector1,199

2020-02-02 22:03:13.290000+00:00,spine2,wadjet-t-sg0,,L2VPN_ATOM,0/RP0/CPU0,0,L2VPN_ATOMnode0_RP0_CPU0,0,0,obt-collector1,120

2020-02-02 22:03:13.290000+00:00,spine2,wadjet-t-sg0,,ipv4_static,0/RP0/CPU0,0,ipv4_staticnode0_RP0_CPU0,0,0,obt-collector1,60

2020-02-02 22:03:13.290000+00:00,spine2,wadjet-t-sg0,,object_tracking,0/RP0/CPU0,0,object_trackingnode0_RP0_CPU0,0,0,obt-collector1,199

2020-02-02 22:03:13.290000+00:00,spine2,wadjet-t-sg0,,XTC,0/RP0/CPU0,0,XTCnode0_RP0_CPU0,0,0,obt-collector1,180

2020-02-02 22:03:13.290000+00:00,spine2,wadjet-t-sg0,,bgp-default,0/RP0/CPU0,61,bgp-defaultnode0_RP0_CPU0,0,0,obt-collector1,60

2020-02-02 22:03:13.291000+00:00,spine2,wadjet-t-sg0,,pim,0/RP0/CPU0,0,pimnode0_RP0_CPU0,0,0,obt-collector1,199

2020-02-02 22:03:23.290000+00:00,spine2,wadjet-t-sg0,,bgp-default,0/RP0/CPU0,61,bgp-defaultnode0_RP0_CPU0,0,0,obt-collector1,60

2020-02-02 22:03:23.290000+00:00,spine2,wadjet-t-sg0,,XTC,0/RP0/CPU0,0,XTCnode0_RP0_CPU0,0,0,obt-collector1,180

2020-02-02 22:03:23.290000+00:00,spine2,wadjet-t-sg0,,bundlemgr_distrib,0/RP0/CPU0,0,bundlemgr_distribnode0_RP0_CPU0,0,0,obt-collector1,60

2020-02-02 22:03:23.290000+00:00,spine2,wadjet-t-sg0,,L2VPN_ATOM,0/RP0/CPU0,0,L2VPN_ATOMnode0_RP0_CPU0,0,0,obt-collector1,120

2020-02-02 22:03:23.291000+00:00,spine2,wadjet-t-sg0,,pim,0/RP0/CPU0,0,pimnode0_RP0_CPU0,0,0,obt-collector1,199

2020-02-02 22:03:23.291000+00:00,spine2,wadjet-t-sg0,,pim6,0/RP0/CPU0,0,pim6node0_RP0_CPU0,0,0,obt-collector1,199

2020-02-02 22:03:23.291000+00:00,spine2,wadjet-t-sg0,,object_tracking,0/RP0/CPU0,0,object_trackingnode0_RP0_CPU0,0,0,obt-collector1,199

2020-02-02 22:03:23.291000+00:00,spine2,wadjet-t-sg0,,ipv4_static,0/RP0/CPU0,0,ipv4_staticnode0_RP0_CPU0,0,0,obt-collector1,60

2020-02-02 22:03:33.289000+00:00,spine2,wadjet-t-sg0,,L2VPN_ATOM,0/RP0/CPU0,0,L2VPN_ATOMnode0_RP0_CPU0,0,0,obt-collector1,120

2020-02-02 22:03:33.290000+00:00,spine2,wadjet-t-sg0,,ipv4_static,0/RP0/CPU0,0,ipv4_staticnode0_RP0_CPU0,0,0,obt-collector1,60

2020-02-02 22:03:33.290000+00:00,spine2,wadjet-t-sg0,,object_tracking,0/RP0/CPU0,0,object_trackingnode0_RP0_CPU0,0,0,obt-collector1,199

2020-02-02 22:03:33.290000+00:00,spine2,wadjet-t-sg0,,bgp-default,0/RP0/CPU0,61,bgp-defaultnode0_RP0_CPU0,0,0,obt-collector1,60

2020-02-02 22:03:33.290000+00:00,spine2,wadjet-t-sg0,,bundlemgr_distrib,0/RP0/CPU0,0,bundlemgr_distribnode0_RP0_CPU0,0,0,obt-collector1,60

2020-02-02 22:03:33.290000+00:00,spine2,wadjet-t-sg0,,pim6,0/RP0/CPU0,0,pim6node0_RP0_CPU0,0,0,obt-collector1,199

2020-02-02 22:03:33.290000+00:00,spine2,wadjet-t-sg0,,XTC,0/RP0/CPU0,0,XTCnode0_RP0_CPU0,0,0,obt-collector1,180

2020-02-02 22:03:33.290000+00:00,spine2,wadjet-t-sg0,,pim,0/RP0/CPU0,0,pimnode0_RP0_CPU0,0,0,obt-collector1,199

2020-02-02 22:03:43.289000+00:00,spine2,wadjet-t-sg0,,XTC,0/RP0/CPU0,0,XTCnode0_RP0_CPU0,0,0,obt-collector1,180

2020-02-02 22:03:43.289000+00:00,spine2,wadjet-t-sg0,,L2VPN_ATOM,0/RP0/CPU0,0,L2VPN_ATOMnode0_RP0_CPU0,0,0,obt-collector1,120

2020-02-02 22:03:43.289000+00:00,spine2,wadjet-t-sg0,,bgp-default,0/RP0/CPU0,61,bgp-defaultnode0_RP0_CPU0,0,0,obt-collector1,60

2020-02-02 22:03:43.289000+00:00,spine2,wadjet-t-sg0,,bundlemgr_distrib,0/RP0/CPU0,0,bundlemgr_distribnode0_RP0_CPU0,0,0,obt-collector1,60

2020-02-02 22:03:43.290000+00:00,spine2,wadjet-t-sg0,,pim,0/RP0/CPU0,0,pimnode0_RP0_CPU0,0,0,obt-collector1,199

2020-02-02 22:03:43.290000+00:00,spine2,wadjet-t-sg0,,ipv4_static,0/RP0/CPU0,0,ipv4_staticnode0_RP0_CPU0,0,0,obt-collector1,60

2020-02-02 22:03:43.290000+00:00,spine2,wadjet-t-sg0,,object_tracking,0/RP0/CPU0,0,object_trackingnode0_RP0_CPU0,0,0,obt-collector1,199

2020-02-02 22:03:43.290000+00:00,spine2,wadjet-t-sg0,,pim6,0/RP0/CPU0,0,pim6node0_RP0_CPU0,0,0,obt-collector1,199

2020-02-02 22:03:53.290000+00:00,spine2,wadjet-t-sg0,,object_tracking,0/RP0/CPU0,0,object_trackingnode0_RP0_CPU0,0,0,obt-collector1,199

2020-02-02 22:03:53.290000+00:00,spine2,wadjet-t-sg0,,pim6,0/RP0/CPU0,0,pim6node0_RP0_CPU0,0,0,obt-collector1,199

2020-02-02 22:03:53.290000+00:00,spine2,wadjet-t-sg0,,bundlemgr_distrib,0/RP0/CPU0,0,bundlemgr_distribnode0_RP0_CPU0,0,0,obt-collector1,60

2020-02-02 22:03:53.290000+00:00,spine2,wadjet-t-sg0,,XTC,0/RP0/CPU0,0,XTCnode0_RP0_CPU0,0,0,obt-collector1,180

2020-02-02 22:03:53.290000+00:00,spine2,wadjet-t-sg0,,bgp-default,0/RP0/CPU0,61,bgp-defaultnode0_RP0_CPU0,0,0,obt-collector1,60

2020-02-02 22:03:53.290000+00:00,spine2,wadjet-t-sg0,,ipv4_static,0/RP0/CPU0,0,ipv4_staticnode0_RP0_CPU0,0,0,obt-collector1,60

2020-02-02 22:03:53.290000+00:00,spine2,wadjet-t-sg0,,L2VPN_ATOM,0/RP0/CPU0,0,L2VPN_ATOMnode0_RP0_CPU0,0,0,obt-collector1,120

2020-02-02 22:03:53.290000+00:00,spine2,wadjet-t-sg0,,pim,0/RP0/CPU0,0,pimnode0_RP0_CPU0,0,0,obt-collector1,199

2020-02-02 22:04:03.290000+00:00,spine2,wadjet-t-sg0,,L2VPN_ATOM,0/RP0/CPU0,0,L2VPN_ATOMnode0_RP0_CPU0,0,0,obt-collector1,120

2020-02-02 22:04:03.290000+00:00,spine2,wadjet-t-sg0,,pim,0/RP0/CPU0,0,pimnode0_RP0_CPU0,0,0,obt-collector1,199

2020-02-02 22:04:03.290000+00:00,spine2,wadjet-t-sg0,,bundlemgr_distrib,0/RP0/CPU0,0,bundlemgr_distribnode0_RP0_CPU0,0,0,obt-collector1,60

2020-02-02 22:04:03.290000+00:00,spine2,wadjet-t-sg0,,object_tracking,0/RP0/CPU0,0,object_trackingnode0_RP0_CPU0,0,0,obt-collector1,199

2020-02-02 22:04:03.290000+00:00,spine2,wadjet-t-sg0,,pim6,0/RP0/CPU0,0,pim6node0_RP0_CPU0,0,0,obt-collector1,199

2020-02-02 22:04:03.290000+00:00,spine2,wadjet-t-sg0,,ipv4_static,0/RP0/CPU0,0,ipv4_staticnode0_RP0_CPU0,0,0,obt-collector1,60

2020-02-02 22:04:03.290000+00:00,spine2,wadjet-t-sg0,,XTC,0/RP0/CPU0,0,XTCnode0_RP0_CPU0,0,0,obt-collector1,180

2020-02-02 22:04:03.290000+00:00,spine2,wadjet-t-sg0,,bgp-default,0/RP0/CPU0,61,bgp-defaultnode0_RP0_CPU0,0,0,obt-collector1,60

2020-02-02 22:04:13.291000+00:00,spine2,wadjet-t-sg0,,XTC,0/RP0/CPU0,0,XTCnode0_RP0_CPU0,0,0,obt-collector1,180

2020-02-02 22:04:13.291000+00:00,spine2,wadjet-t-sg0,,bgp-default,0/RP0/CPU0,61,bgp-defaultnode0_RP0_CPU0,0,0,obt-collector1,60

2020-02-02 22:04:13.291000+00:00,spine2,wadjet-t-sg0,,bundlemgr_distrib,0/RP0/CPU0,0,bundlemgr_distribnode0_RP0_CPU0,0,0,obt-collector1,60

2020-02-02 22:04:13.291000+00:00,spine2,wadjet-t-sg0,,L2VPN_ATOM,0/RP0/CPU0,0,L2VPN_ATOMnode0_RP0_CPU0,0,0,obt-collector1,120

2020-02-02 22:04:13.291000+00:00,spine2,wadjet-t-sg0,,ipv4_static,0/RP0/CPU0,0,ipv4_staticnode0_RP0_CPU0,0,0,obt-collector1,60

2020-02-02 22:04:13.291000+00:00,spine2,wadjet-t-sg0,,object_tracking,0/RP0/CPU0,0,object_trackingnode0_RP0_CPU0,0,0,obt-collector1,199

2020-02-02 22:04:13.291000+00:00,spine2,wadjet-t-sg0,,pim6,0/RP0/CPU0,0,pim6node0_RP0_CPU0,0,0,obt-collector1,199

2020-02-02 22:04:13.292000+00:00,spine2,wadjet-t-sg0,,pim,0/RP0/CPU0,0,pimnode0_RP0_CPU0,0,0,obt-collector1,199

2020-02-02 22:04:23.290000+00:00,spine2,wadjet-t-sg0,,object_tracking,0/RP0/CPU0,0,object_trackingnode0_RP0_CPU0,0,0,obt-collector1,199

2020-02-02 22:04:23.290000+00:00,spine2,wadjet-t-sg0,,XTC,0/RP0/CPU0,0,XTCnode0_RP0_CPU0,0,0,obt-collector1,180

2020-02-02 22:04:23.290000+00:00,spine2,wadjet-t-sg0,,bgp-default,0/RP0/CPU0,61,bgp-defaultnode0_RP0_CPU0,0,0,obt-collector1,60

2020-02-02 22:04:23.290000+00:00,spine2,wadjet-t-sg0,,ipv4_static,0/RP0/CPU0,0,ipv4_staticnode0_RP0_CPU0,0,0,obt-collector1,60

2020-02-02 22:04:23.290000+00:00,spine2,wadjet-t-sg0,,bundlemgr_distrib,0/RP0/CPU0,0,bundlemgr_distribnode0_RP0_CPU0,0,0,obt-collector1,60

2020-02-02 22:04:23.290000+00:00,spine2,wadjet-t-sg0,,L2VPN_ATOM,0/RP0/CPU0,0,L2VPN_ATOMnode0_RP0_CPU0,0,0,obt-collector1,120

2020-02-02 22:04:23.291000+00:00,spine2,wadjet-t-sg0,,pim6,0/RP0/CPU0,0,pim6node0_RP0_CPU0,0,0,obt-collector1,199

2020-02-02 22:04:23.291000+00:00,spine2,wadjet-t-sg0,,pim,0/RP0/CPU0,0,pimnode0_RP0_CPU0,0,0,obt-collector1,199

2020-02-02 22:04:33.290000+00:00,spine2,wadjet-t-sg0,,L2VPN_ATOM,0/RP0/CPU0,0,L2VPN_ATOMnode0_RP0_CPU0,0,0,obt-collector1,120

2020-02-02 22:04:33.290000+00:00,spine2,wadjet-t-sg0,,XTC,0/RP0/CPU0,0,XTCnode0_RP0_CPU0,0,0,obt-collector1,180

2020-02-02 22:04:33.290000+00:00,spine2,wadjet-t-sg0,,bundlemgr_distrib,0/RP0/CPU0,0,bundlemgr_distribnode0_RP0_CPU0,0,0,obt-collector1,60

2020-02-02 22:04:33.290000+00:00,spine2,wadjet-t-sg0,,bgp-default,0/RP0/CPU0,61,bgp-defaultnode0_RP0_CPU0,0,0,obt-collector1,60

2020-02-02 22:04:33.291000+00:00,spine2,wadjet-t-sg0,,pim6,0/RP0/CPU0,0,pim6node0_RP0_CPU0,0,0,obt-collector1,199

2020-02-02 22:04:33.291000+00:00,spine2,wadjet-t-sg0,,pim,0/RP0/CPU0,0,pimnode0_RP0_CPU0,0,0,obt-collector1,199

2020-02-02 22:04:33.291000+00:00,spine2,wadjet-t-sg0,,object_tracking,0/RP0/CPU0,0,object_trackingnode0_RP0_CPU0,0,0,obt-collector1,199

2020-02-02 22:04:33.291000+00:00,spine2,wadjet-t-sg0,,ipv4_static,0/RP0/CPU0,0,ipv4_staticnode0_RP0_CPU0,0,0,obt-collector1,60

2020-02-02 22:04:43.290000+00:00,spine2,wadjet-t-sg0,,object_tracking,0/RP0/CPU0,0,object_trackingnode0_RP0_CPU0,0,0,obt-collector1,199

2020-02-02 22:04:43.290000+00:00,spine2,wadjet-t-sg0,,ipv4_static,0/RP0/CPU0,0,ipv4_staticnode0_RP0_CPU0,0,0,obt-collector1,60

2020-02-02 22:04:43.290000+00:00,spine2,wadjet-t-sg0,,bgp-default,0/RP0/CPU0,61,bgp-defaultnode0_RP0_CPU0,0,0,obt-collector1,60

2020-02-02 22:04:43.290000+00:00,spine2,wadjet-t-sg0,,L2VPN_ATOM,0/RP0/CPU0,0,L2VPN_ATOMnode0_RP0_CPU0,0,0,obt-collector1,120

2020-02-02 22:04:43.290000+00:00,spine2,wadjet-t-sg0,,bundlemgr_distrib,0/RP0/CPU0,0,bundlemgr_distribnode0_RP0_CPU0,0,0,obt-collector1,60

2020-02-02 22:04:43.290000+00:00,spine2,wadjet-t-sg0,,pim,0/RP0/CPU0,0,pimnode0_RP0_CPU0,0,0,obt-collector1,199

2020-02-02 22:04:43.290000+00:00,spine2,wadjet-t-sg0,,XTC,0/RP0/CPU0,0,XTCnode0_RP0_CPU0,0,0,obt-collector1,180

2020-02-02 22:04:43.290000+00:00,spine2,wadjet-t-sg0,,pim6,0/RP0/CPU0,0,pim6node0_RP0_CPU0,0,0,obt-collector1,199

2020-02-02 22:04:53.291000+00:00,spine2,wadjet-t-sg0,,XTC,0/RP0/CPU0,0,XTCnode0_RP0_CPU0,0,0,obt-collector1,180

2020-02-02 22:04:53.291000+00:00,spine2,wadjet-t-sg0,,bgp-default,0/RP0/CPU0,61,bgp-defaultnode0_RP0_CPU0,0,0,obt-collector1,60

2020-02-02 22:04:53.291000+00:00,spine2,wadjet-t-sg0,,L2VPN_ATOM,0/RP0/CPU0,0,L2VPN_ATOMnode0_RP0_CPU0,0,0,obt-collector1,120

2020-02-02 22:04:53.291000+00:00,spine2,wadjet-t-sg0,,bundlemgr_distrib,0/RP0/CPU0,0,bundlemgr_distribnode0_RP0_CPU0,0,0,obt-collector1,60

2020-02-02 22:04:53.292000+00:00,spine2,wadjet-t-sg0,,pim6,0/RP0/CPU0,0,pim6node0_RP0_CPU0,0,0,obt-collector1,199

2020-02-02 22:04:53.292000+00:00,spine2,wadjet-t-sg0,,ipv4_static,0/RP0/CPU0,0,ipv4_staticnode0_RP0_CPU0,0,0,obt-collector1,60

2020-02-02 22:04:53.292000+00:00,spine2,wadjet-t-sg0,,object_tracking,0/RP0/CPU0,0,object_trackingnode0_RP0_CPU0,0,0,obt-collector1,199

2020-02-02 22:04:53.292000+00:00,spine2,wadjet-t-sg0,,pim,0/RP0/CPU0,0,pimnode0_RP0_CPU0,0,0,obt-collector1,199

2020-02-02 22:05:03.291000+00:00,spine2,wadjet-t-sg0,,object_tracking,0/RP0/CPU0,0,object_trackingnode0_RP0_CPU0,0,0,obt-collector1,199

2020-02-02 22:05:03.291000+00:00,spine2,wadjet-t-sg0,,pim,0/RP0/CPU0,0,pimnode0_RP0_CPU0,0,0,obt-collector1,199

2020-02-02 22:05:03.291000+00:00,spine2,wadjet-t-sg0,,bundlemgr_distrib,0/RP0/CPU0,0,bundlemgr_distribnode0_RP0_CPU0,0,0,obt-collector1,60

2020-02-02 22:05:03.291000+00:00,spine2,wadjet-t-sg0,,XTC,0/RP0/CPU0,0,XTCnode0_RP0_CPU0,0,0,obt-collector1,180

2020-02-02 22:05:03.291000+00:00,spine2,wadjet-t-sg0,,L2VPN_ATOM,0/RP0/CPU0,0,L2VPN_ATOMnode0_RP0_CPU0,0,0,obt-collector1,120

2020-02-02 22:05:03.291000+00:00,spine2,wadjet-t-sg0,,ipv4_static,0/RP0/CPU0,0,ipv4_staticnode0_RP0_CPU0,0,0,obt-collector1,60

2020-02-02 22:05:03.291000+00:00,spine2,wadjet-t-sg0,,bgp-default,0/RP0/CPU0,61,bgp-defaultnode0_RP0_CPU0,0,0,obt-collector1,60

2020-02-02 22:05:03.291000+00:00,spine2,wadjet-t-sg0,,pim6,0/RP0/CPU0,0,pim6node0_RP0_CPU0,0,0,obt-collector1,199

2020-02-02 22:05:13.290000+00:00,spine2,wadjet-t-sg0,,bgp-default,0/RP0/CPU0,61,bgp-defaultnode0_RP0_CPU0,0,0,obt-collector1,60

2020-02-02 22:05:13.290000+00:00,spine2,wadjet-t-sg0,,bundlemgr_distrib,0/RP0/CPU0,0,bundlemgr_distribnode0_RP0_CPU0,0,0,obt-collector1,60

2020-02-02 22:05:13.290000+00:00,spine2,wadjet-t-sg0,,XTC,0/RP0/CPU0,0,XTCnode0_RP0_CPU0,0,0,obt-collector1,180

2020-02-02 22:05:13.290000+00:00,spine2,wadjet-t-sg0,,ipv4_static,0/RP0/CPU0,0,ipv4_staticnode0_RP0_CPU0,0,0,obt-collector1,60

2020-02-02 22:05:13.290000+00:00,spine2,wadjet-t-sg0,,L2VPN_ATOM,0/RP0/CPU0,0,L2VPN_ATOMnode0_RP0_CPU0,0,0,obt-collector1,120

2020-02-02 22:05:13.291000+00:00,spine2,wadjet-t-sg0,,pim6,0/RP0/CPU0,0,pim6node0_RP0_CPU0,0,0,obt-collector1,199

2020-02-02 22:05:13.291000+00:00,spine2,wadjet-t-sg0,,pim,0/RP0/CPU0,0,pimnode0_RP0_CPU0,0,0,obt-collector1,199

2020-02-02 22:05:13.291000+00:00,spine2,wadjet-t-sg0,,object_tracking,0/RP0/CPU0,0,object_trackingnode0_RP0_CPU0,0,0,obt-collector1,199

2020-02-02 22:05:23.291000+00:00,spine2,wadjet-t-sg0,,L2VPN_ATOM,0/RP0/CPU0,0,L2VPN_ATOMnode0_RP0_CPU0,0,0,obt-collector1,120

2020-02-02 22:05:23.291000+00:00,spine2,wadjet-t-sg0,,bgp-default,0/RP0/CPU0,61,bgp-defaultnode0_RP0_CPU0,0,0,obt-collector1,60

2020-02-02 22:05:23.291000+00:00,spine2,wadjet-t-sg0,,object_tracking,0/RP0/CPU0,0,object_trackingnode0_RP0_CPU0,0,0,obt-collector1,199

2020-02-02 22:05:23.291000+00:00,spine2,wadjet-t-sg0,,ipv4_static,0/RP0/CPU0,0,ipv4_staticnode0_RP0_CPU0,0,0,obt-collector1,60

2020-02-02 22:05:23.291000+00:00,spine2,wadjet-t-sg0,,XTC,0/RP0/CPU0,0,XTCnode0_RP0_CPU0,0,0,obt-collector1,180

2020-02-02 22:05:23.291000+00:00,spine2,wadjet-t-sg0,,bundlemgr_distrib,0/RP0/CPU0,0,bundlemgr_distribnode0_RP0_CPU0,0,0,obt-collector1,60

2020-02-02 22:05:23.292000+00:00,spine2,wadjet-t-sg0,,pim,0/RP0/CPU0,0,pimnode0_RP0_CPU0,0,0,obt-collector1,199

2020-02-02 22:05:23.292000+00:00,spine2,wadjet-t-sg0,,pim6,0/RP0/CPU0,0,pim6node0_RP0_CPU0,0,0,obt-collector1,199

2020-02-02 22:05:33.291000+00:00,spine2,wadjet-t-sg0,,pim,0/RP0/CPU0,0,pimnode0_RP0_CPU0,0,0,obt-collector1,199

2020-02-02 22:05:33.291000+00:00,spine2,wadjet-t-sg0,,pim6,0/RP0/CPU0,0,pim6node0_RP0_CPU0,0,0,obt-collector1,199

2020-02-02 22:05:33.291000+00:00,spine2,wadjet-t-sg0,,XTC,0/RP0/CPU0,0,XTCnode0_RP0_CPU0,0,0,obt-collector1,180

2020-02-02 22:05:33.291000+00:00,spine2,wadjet-t-sg0,,bgp-default,0/RP0/CPU0,61,bgp-defaultnode0_RP0_CPU0,0,0,obt-collector1,60

2020-02-02 22:05:33.291000+00:00,spine2,wadjet-t-sg0,,L2VPN_ATOM,0/RP0/CPU0,0,L2VPN_ATOMnode0_RP0_CPU0,0,0,obt-collector1,120

2020-02-02 22:05:33.291000+00:00,spine2,wadjet-t-sg0,,bundlemgr_distrib,0/RP0/CPU0,0,bundlemgr_distribnode0_RP0_CPU0,0,0,obt-collector1,60

2020-02-02 22:05:33.291000+00:00,spine2,wadjet-t-sg0,,ipv4_static,0/RP0/CPU0,0,ipv4_staticnode0_RP0_CPU0,0,0,obt-collector1,60

2020-02-02 22:05:33.291000+00:00,spine2,wadjet-t-sg0,,object_tracking,0/RP0/CPU0,0,object_trackingnode0_RP0_CPU0,0,0,obt-collector1,199

2020-02-02 22:05:43.291000+00:00,spine2,wadjet-t-sg0,,L2VPN_ATOM,0/RP0/CPU0,0,L2VPN_ATOMnode0_RP0_CPU0,0,0,obt-collector1,120

2020-02-02 22:05:43.292000+00:00,spine2,wadjet-t-sg0,,object_tracking,0/RP0/CPU0,0,object_trackingnode0_RP0_CPU0,0,0,obt-collector1,199

2020-02-02 22:05:43.292000+00:00,spine2,wadjet-t-sg0,,ipv4_static,0/RP0/CPU0,0,ipv4_staticnode0_RP0_CPU0,0,0,obt-collector1,60

2020-02-02 22:05:43.292000+00:00,spine2,wadjet-t-sg0,,XTC,0/RP0/CPU0,0,XTCnode0_RP0_CPU0,0,0,obt-collector1,180

2020-02-02 22:05:43.292000+00:00,spine2,wadjet-t-sg0,,pim6,0/RP0/CPU0,0,pim6node0_RP0_CPU0,0,0,obt-collector1,199

2020-02-02 22:05:43.292000+00:00,spine2,wadjet-t-sg0,,bundlemgr_distrib,0/RP0/CPU0,0,bundlemgr_distribnode0_RP0_CPU0,0,0,obt-collector1,60

2020-02-02 22:05:43.292000+00:00,spine2,wadjet-t-sg0,,bgp-default,0/RP0/CPU0,61,bgp-defaultnode0_RP0_CPU0,0,0,obt-collector1,60

2020-02-02 22:05:43.292000+00:00,spine2,wadjet-t-sg0,,pim,0/RP0/CPU0,0,pimnode0_RP0_CPU0,0,0,obt-collector1,199

2020-02-02 22:05:53.291000+00:00,spine2,wadjet-t-sg0,,L2VPN_ATOM,0/RP0/CPU0,0,L2VPN_ATOMnode0_RP0_CPU0,0,0,obt-collector1,120

2020-02-02 22:05:53.291000+00:00,spine2,wadjet-t-sg0,,XTC,0/RP0/CPU0,0,XTCnode0_RP0_CPU0,0,0,obt-collector1,180

2020-02-02 22:05:53.292000+00:00,spine2,wadjet-t-sg0,,pim,0/RP0/CPU0,0,pimnode0_RP0_CPU0,0,0,obt-collector1,199

2020-02-02 22:05:53.292000+00:00,spine2,wadjet-t-sg0,,bgp-default,0/RP0/CPU0,61,bgp-defaultnode0_RP0_CPU0,0,0,obt-collector1,60

2020-02-02 22:05:53.292000+00:00,spine2,wadjet-t-sg0,,object_tracking,0/RP0/CPU0,0,object_trackingnode0_RP0_CPU0,0,0,obt-collector1,199

2020-02-02 22:05:53.292000+00:00,spine2,wadjet-t-sg0,,bundlemgr_distrib,0/RP0/CPU0,0,bundlemgr_distribnode0_RP0_CPU0,0,0,obt-collector1,60

2020-02-02 22:05:53.292000+00:00,spine2,wadjet-t-sg0,,ipv4_static,0/RP0/CPU0,0,ipv4_staticnode0_RP0_CPU0,0,0,obt-collector1,60

2020-02-02 22:05:53.292000+00:00,spine2,wadjet-t-sg0,,pim6,0/RP0/CPU0,0,pim6node0_RP0_CPU0,0,0,obt-collector1,199

2020-02-02 22:06:03.291000+00:00,spine2,wadjet-t-sg0,,ipv4_static,0/RP0/CPU0,0,ipv4_staticnode0_RP0_CPU0,0,0,obt-collector1,60

2020-02-02 22:06:03.291000+00:00,spine2,wadjet-t-sg0,,L2VPN_ATOM,0/RP0/CPU0,0,L2VPN_ATOMnode0_RP0_CPU0,0,0,obt-collector1,120

2020-02-02 22:06:03.291000+00:00,spine2,wadjet-t-sg0,,bgp-default,0/RP0/CPU0,61,bgp-defaultnode0_RP0_CPU0,0,0,obt-collector1,60

2020-02-02 22:06:03.291000+00:00,spine2,wadjet-t-sg0,,XTC,0/RP0/CPU0,0,XTCnode0_RP0_CPU0,0,0,obt-collector1,180

2020-02-02 22:06:03.291000+00:00,spine2,wadjet-t-sg0,,bundlemgr_distrib,0/RP0/CPU0,0,bundlemgr_distribnode0_RP0_CPU0,0,0,obt-collector1,60

2020-02-02 22:06:03.292000+00:00,spine2,wadjet-t-sg0,,pim6,0/RP0/CPU0,0,pim6node0_RP0_CPU0,0,0,obt-collector1,199

2020-02-02 22:06:03.292000+00:00,spine2,wadjet-t-sg0,,pim,0/RP0/CPU0,0,pimnode0_RP0_CPU0,0,0,obt-collector1,199

2020-02-02 22:06:03.292000+00:00,spine2,wadjet-t-sg0,,object_tracking,0/RP0/CPU0,0,object_trackingnode0_RP0_CPU0,0,0,obt-collector1,199

2020-02-02 22:06:13.292000+00:00,spine2,wadjet-t-sg0,,XTC,0/RP0/CPU0,0,XTCnode0_RP0_CPU0,0,0,obt-collector1,180

2020-02-02 22:06:13.292000+00:00,spine2,wadjet-t-sg0,,L2VPN_ATOM,0/RP0/CPU0,0,L2VPN_ATOMnode0_RP0_CPU0,0,0,obt-collector1,120

2020-02-02 22:06:13.292000+00:00,spine2,wadjet-t-sg0,,object_tracking,0/RP0/CPU0,0,object_trackingnode0_RP0_CPU0,0,0,obt-collector1,199

2020-02-02 22:06:13.292000+00:00,spine2,wadjet-t-sg0,,ipv4_static,0/RP0/CPU0,0,ipv4_staticnode0_RP0_CPU0,0,0,obt-collector1,60

2020-02-02 22:06:13.292000+00:00,spine2,wadjet-t-sg0,,pim6,0/RP0/CPU0,0,pim6node0_RP0_CPU0,0,0,obt-collector1,199

2020-02-02 22:06:13.292000+00:00,spine2,wadjet-t-sg0,,bgp-default,0/RP0/CPU0,61,bgp-defaultnode0_RP0_CPU0,0,0,obt-collector1,60

2020-02-02 22:06:13.292000+00:00,spine2,wadjet-t-sg0,,bundlemgr_distrib,0/RP0/CPU0,0,bundlemgr_distribnode0_RP0_CPU0,0,0,obt-collector1,60

2020-02-02 22:06:13.293000+00:00,spine2,wadjet-t-sg0,,pim,0/RP0/CPU0,0,pimnode0_RP0_CPU0,0,0,obt-collector1,199

2020-02-02 22:06:23.291000+00:00,spine2,wadjet-t-sg0,,L2VPN_ATOM,0/RP0/CPU0,0,L2VPN_ATOMnode0_RP0_CPU0,0,0,obt-collector1,120

2020-02-02 22:06:23.291000+00:00,spine2,wadjet-t-sg0,,XTC,0/RP0/CPU0,0,XTCnode0_RP0_CPU0,0,0,obt-collector1,180

2020-02-02 22:06:23.292000+00:00,spine2,wadjet-t-sg0,,pim,0/RP0/CPU0,0,pimnode0_RP0_CPU0,0,0,obt-collector1,199

2020-02-02 22:06:23.292000+00:00,spine2,wadjet-t-sg0,,bgp-default,0/RP0/CPU0,61,bgp-defaultnode0_RP0_CPU0,0,0,obt-collector1,60

2020-02-02 22:06:23.292000+00:00,spine2,wadjet-t-sg0,,bundlemgr_distrib,0/RP0/CPU0,0,bundlemgr_distribnode0_RP0_CPU0,0,0,obt-collector1,60

2020-02-02 22:06:23.292000+00:00,spine2,wadjet-t-sg0,,pim6,0/RP0/CPU0,0,pim6node0_RP0_CPU0,0,0,obt-collector1,199

2020-02-02 22:06:23.292000+00:00,spine2,wadjet-t-sg0,,object_tracking,0/RP0/CPU0,0,object_trackingnode0_RP0_CPU0,0,0,obt-collector1,199

2020-02-02 22:06:23.292000+00:00,spine2,wadjet-t-sg0,,ipv4_static,0/RP0/CPU0,0,ipv4_staticnode0_RP0_CPU0,0,0,obt-collector1,60

2020-02-02 22:06:33.292000+00:00,spine2,wadjet-t-sg0,,L2VPN_ATOM,0/RP0/CPU0,0,L2VPN_ATOMnode0_RP0_CPU0,0,0,obt-collector1,120

2020-02-02 22:06:33.292000+00:00,spine2,wadjet-t-sg0,,XTC,0/RP0/CPU0,0,XTCnode0_RP0_CPU0,0,0,obt-collector1,180

2020-02-02 22:06:33.293000+00:00,spine2,wadjet-t-sg0,,ipv4_static,0/RP0/CPU0,0,ipv4_staticnode0_RP0_CPU0,0,0,obt-collector1,60

2020-02-02 22:06:33.293000+00:00,spine2,wadjet-t-sg0,,pim,0/RP0/CPU0,0,pimnode0_RP0_CPU0,0,0,obt-collector1,199

2020-02-02 22:06:33.293000+00:00,spine2,wadjet-t-sg0,,object_tracking,0/RP0/CPU0,0,object_trackingnode0_RP0_CPU0,0,0,obt-collector1,199

2020-02-02 22:06:33.293000+00:00,spine2,wadjet-t-sg0,,pim6,0/RP0/CPU0,0,pim6node0_RP0_CPU0,0,0,obt-collector1,199

2020-02-02 22:06:33.293000+00:00,spine2,wadjet-t-sg0,,bgp-default,0/RP0/CPU0,61,bgp-defaultnode0_RP0_CPU0,0,0,obt-collector1,60

2020-02-02 22:06:33.293000+00:00,spine2,wadjet-t-sg0,,bundlemgr_distrib,0/RP0/CPU0,0,bundlemgr_distribnode0_RP0_CPU0,0,0,obt-collector1,60

2020-02-02 22:06:43.292000+00:00,spine2,wadjet-t-sg0,,bgp-default,0/RP0/CPU0,61,bgp-defaultnode0_RP0_CPU0,0,0,obt-collector1,60

2020-02-02 22:06:43.292000+00:00,spine2,wadjet-t-sg0,,bundlemgr_distrib,0/RP0/CPU0,0,bundlemgr_distribnode0_RP0_CPU0,0,0,obt-collector1,60

2020-02-02 22:06:43.292000+00:00,spine2,wadjet-t-sg0,,ipv4_static,0/RP0/CPU0,0,ipv4_staticnode0_RP0_CPU0,0,0,obt-collector1,60

2020-02-02 22:06:43.292000+00:00,spine2,wadjet-t-sg0,,L2VPN_ATOM,0/RP0/CPU0,0,L2VPN_ATOMnode0_RP0_CPU0,0,0,obt-collector1,120

2020-02-02 22:06:43.292000+00:00,spine2,wadjet-t-sg0,,XTC,0/RP0/CPU0,0,XTCnode0_RP0_CPU0,0,0,obt-collector1,180

2020-02-02 22:06:43.292000+00:00,spine2,wadjet-t-sg0,,pim6,0/RP0/CPU0,0,pim6node0_RP0_CPU0,0,0,obt-collector1,199

2020-02-02 22:06:43.292000+00:00,spine2,wadjet-t-sg0,,object_tracking,0/RP0/CPU0,0,object_trackingnode0_RP0_CPU0,0,0,obt-collector1,199

2020-02-02 22:06:43.293000+00:00,spine2,wadjet-t-sg0,,pim,0/RP0/CPU0,0,pimnode0_RP0_CPU0,0,0,obt-collector1,199

2020-02-02 22:06:53.292000+00:00,spine2,wadjet-t-sg0,,object_tracking,0/RP0/CPU0,0,object_trackingnode0_RP0_CPU0,0,0,obt-collector1,199

2020-02-02 22:06:53.292000+00:00,spine2,wadjet-t-sg0,,pim,0/RP0/CPU0,0,pimnode0_RP0_CPU0,0,0,obt-collector1,199

2020-02-02 22:06:53.292000+00:00,spine2,wadjet-t-sg0,,ipv4_static,0/RP0/CPU0,0,ipv4_staticnode0_RP0_CPU0,0,0,obt-collector1,60

2020-02-02 22:06:53.292000+00:00,spine2,wadjet-t-sg0,,bgp-default,0/RP0/CPU0,61,bgp-defaultnode0_RP0_CPU0,0,0,obt-collector1,60

2020-02-02 22:06:53.292000+00:00,spine2,wadjet-t-sg0,,bundlemgr_distrib,0/RP0/CPU0,0,bundlemgr_distribnode0_RP0_CPU0,0,0,obt-collector1,60

2020-02-02 22:06:53.292000+00:00,spine2,wadjet-t-sg0,,pim6,0/RP0/CPU0,0,pim6node0_RP0_CPU0,0,0,obt-collector1,199

2020-02-02 22:06:53.292000+00:00,spine2,wadjet-t-sg0,,XTC,0/RP0/CPU0,0,XTCnode0_RP0_CPU0,0,0,obt-collector1,180

2020-02-02 22:06:53.292000+00:00,spine2,wadjet-t-sg0,,L2VPN_ATOM,0/RP0/CPU0,0,L2VPN_ATOMnode0_RP0_CPU0,0,0,obt-collector1,120

2020-02-02 22:07:03.292000+00:00,spine2,wadjet-t-sg0,,bgp-default,0/RP0/CPU0,61,bgp-defaultnode0_RP0_CPU0,0,0,obt-collector1,60

2020-02-02 22:07:03.292000+00:00,spine2,wadjet-t-sg0,,XTC,0/RP0/CPU0,0,XTCnode0_RP0_CPU0,0,0,obt-collector1,180

2020-02-02 22:07:03.292000+00:00,spine2,wadjet-t-sg0,,L2VPN_ATOM,0/RP0/CPU0,0,L2VPN_ATOMnode0_RP0_CPU0,0,0,obt-collector1,120

2020-02-02 22:07:03.293000+00:00,spine2,wadjet-t-sg0,,ipv4_static,0/RP0/CPU0,0,ipv4_staticnode0_RP0_CPU0,0,0,obt-collector1,60

2020-02-02 22:07:03.293000+00:00,spine2,wadjet-t-sg0,,pim,0/RP0/CPU0,0,pimnode0_RP0_CPU0,0,0,obt-collector1,199

2020-02-02 22:07:03.293000+00:00,spine2,wadjet-t-sg0,,pim6,0/RP0/CPU0,0,pim6node0_RP0_CPU0,0,0,obt-collector1,199

2020-02-02 22:07:03.293000+00:00,spine2,wadjet-t-sg0,,object_tracking,0/RP0/CPU0,0,object_trackingnode0_RP0_CPU0,0,0,obt-collector1,199

2020-02-02 22:07:03.293000+00:00,spine2,wadjet-t-sg0,,bundlemgr_distrib,0/RP0/CPU0,0,bundlemgr_distribnode0_RP0_CPU0,0,0,obt-collector1,60

2020-02-02 22:07:13.293000+00:00,spine2,wadjet-t-sg0,,object_tracking,0/RP0/CPU0,0,object_trackingnode0_RP0_CPU0,0,0,obt-collector1,199

2020-02-02 22:07:13.293000+00:00,spine2,wadjet-t-sg0,,bundlemgr_distrib,0/RP0/CPU0,0,bundlemgr_distribnode0_RP0_CPU0,0,0,obt-collector1,60

2020-02-02 22:07:13.293000+00:00,spine2,wadjet-t-sg0,,L2VPN_ATOM,0/RP0/CPU0,0,L2VPN_ATOMnode0_RP0_CPU0,0,0,obt-collector1,120

2020-02-02 22:07:13.293000+00:00,spine2,wadjet-t-sg0,,bgp-default,0/RP0/CPU0,61,bgp-defaultnode0_RP0_CPU0,0,0,obt-collector1,60

2020-02-02 22:07:13.293000+00:00,spine2,wadjet-t-sg0,,XTC,0/RP0/CPU0,0,XTCnode0_RP0_CPU0,0,0,obt-collector1,180

2020-02-02 22:07:13.293000+00:00,spine2,wadjet-t-sg0,,pim6,0/RP0/CPU0,0,pim6node0_RP0_CPU0,0,0,obt-collector1,199

2020-02-02 22:07:13.293000+00:00,spine2,wadjet-t-sg0,,ipv4_static,0/RP0/CPU0,0,ipv4_staticnode0_RP0_CPU0,0,0,obt-collector1,60

2020-02-02 22:07:13.293000+00:00,spine2,wadjet-t-sg0,,pim,0/RP0/CPU0,0,pimnode0_RP0_CPU0,0,0,obt-collector1,199

2020-02-02 22:07:23.292000+00:00,spine2,wadjet-t-sg0,,ipv4_static,0/RP0/CPU0,0,ipv4_staticnode0_RP0_CPU0,0,0,obt-collector1,60

2020-02-02 22:07:23.292000+00:00,spine2,wadjet-t-sg0,,L2VPN_ATOM,0/RP0/CPU0,0,L2VPN_ATOMnode0_RP0_CPU0,0,0,obt-collector1,120

2020-02-02 22:07:23.292000+00:00,spine2,wadjet-t-sg0,,object_tracking,0/RP0/CPU0,0,object_trackingnode0_RP0_CPU0,0,0,obt-collector1,199

2020-02-02 22:07:23.292000+00:00,spine2,wadjet-t-sg0,,bundlemgr_distrib,0/RP0/CPU0,0,bundlemgr_distribnode0_RP0_CPU0,0,0,obt-collector1,60

2020-02-02 22:07:23.292000+00:00,spine2,wadjet-t-sg0,,bgp-default,0/RP0/CPU0,61,bgp-defaultnode0_RP0_CPU0,0,0,obt-collector1,60

2020-02-02 22:07:23.292000+00:00,spine2,wadjet-t-sg0,,XTC,0/RP0/CPU0,0,XTCnode0_RP0_CPU0,0,0,obt-collector1,180

2020-02-02 22:07:23.293000+00:00,spine2,wadjet-t-sg0,,pim,0/RP0/CPU0,0,pimnode0_RP0_CPU0,0,0,obt-collector1,199

2020-02-02 22:07:23.293000+00:00,spine2,wadjet-t-sg0,,pim6,0/RP0/CPU0,0,pim6node0_RP0_CPU0,0,0,obt-collector1,199

2020-02-02 22:07:33.292000+00:00,spine2,wadjet-t-sg0,,L2VPN_ATOM,0/RP0/CPU0,0,L2VPN_ATOMnode0_RP0_CPU0,0,0,obt-collector1,120

2020-02-02 22:07:33.293000+00:00,spine2,wadjet-t-sg0,,pim6,0/RP0/CPU0,0,pim6node0_RP0_CPU0,0,0,obt-collector1,199

2020-02-02 22:07:33.293000+00:00,spine2,wadjet-t-sg0,,pim,0/RP0/CPU0,0,pimnode0_RP0_CPU0,0,0,obt-collector1,199

2020-02-02 22:07:33.293000+00:00,spine2,wadjet-t-sg0,,bgp-default,0/RP0/CPU0,61,bgp-defaultnode0_RP0_CPU0,0,0,obt-collector1,60

2020-02-02 22:07:33.293000+00:00,spine2,wadjet-t-sg0,,ipv4_static,0/RP0/CPU0,0,ipv4_staticnode0_RP0_CPU0,0,0,obt-collector1,60

2020-02-02 22:07:33.293000+00:00,spine2,wadjet-t-sg0,,XTC,0/RP0/CPU0,0,XTCnode0_RP0_CPU0,0,0,obt-collector1,180

2020-02-02 22:07:33.293000+00:00,spine2,wadjet-t-sg0,,bundlemgr_distrib,0/RP0/CPU0,0,bundlemgr_distribnode0_RP0_CPU0,0,0,obt-collector1,60

2020-02-02 22:07:33.293000+00:00,spine2,wadjet-t-sg0,,object_tracking,0/RP0/CPU0,0,object_trackingnode0_RP0_CPU0,0,0,obt-collector1,199

2020-02-02 22:07:43.293000+00:00,spine2,wadjet-t-sg0,,bundlemgr_distrib,0/RP0/CPU0,0,bundlemgr_distribnode0_RP0_CPU0,0,0,obt-collector1,60

2020-02-02 22:07:43.293000+00:00,spine2,wadjet-t-sg0,,object_tracking,0/RP0/CPU0,0,object_trackingnode0_RP0_CPU0,0,0,obt-collector1,199

2020-02-02 22:07:43.293000+00:00,spine2,wadjet-t-sg0,,L2VPN_ATOM,0/RP0/CPU0,0,L2VPN_ATOMnode0_RP0_CPU0,0,0,obt-collector1,120

2020-02-02 22:07:43.293000+00:00,spine2,wadjet-t-sg0,,bgp-default,0/RP0/CPU0,61,bgp-defaultnode0_RP0_CPU0,0,0,obt-collector1,60

2020-02-02 22:07:43.293000+00:00,spine2,wadjet-t-sg0,,XTC,0/RP0/CPU0,0,XTCnode0_RP0_CPU0,0,0,obt-collector1,180

2020-02-02 22:07:43.293000+00:00,spine2,wadjet-t-sg0,,ipv4_static,0/RP0/CPU0,0,ipv4_staticnode0_RP0_CPU0,0,0,obt-collector1,60

2020-02-02 22:07:43.294000+00:00,spine2,wadjet-t-sg0,,pim6,0/RP0/CPU0,0,pim6node0_RP0_CPU0,0,0,obt-collector1,199

2020-02-02 22:07:43.294000+00:00,spine2,wadjet-t-sg0,,pim,0/RP0/CPU0,0,pimnode0_RP0_CPU0,0,0,obt-collector1,199

2020-02-02 22:07:53.293000+00:00,spine2,wadjet-t-sg0,,pim6,0/RP0/CPU0,0,pim6node0_RP0_CPU0,0,0,obt-collector1,199

2020-02-02 22:07:53.293000+00:00,spine2,wadjet-t-sg0,,pim,0/RP0/CPU0,0,pimnode0_RP0_CPU0,0,0,obt-collector1,199

2020-02-02 22:07:53.293000+00:00,spine2,wadjet-t-sg0,,XTC,0/RP0/CPU0,0,XTCnode0_RP0_CPU0,0,0,obt-collector1,180

2020-02-02 22:07:53.293000+00:00,spine2,wadjet-t-sg0,,bundlemgr_distrib,0/RP0/CPU0,0,bundlemgr_distribnode0_RP0_CPU0,0,0,obt-collector1,60

2020-02-02 22:07:53.293000+00:00,spine2,wadjet-t-sg0,,object_tracking,0/RP0/CPU0,0,object_trackingnode0_RP0_CPU0,0,0,obt-collector1,199

2020-02-02 22:07:53.293000+00:00,spine2,wadjet-t-sg0,,ipv4_static,0/RP0/CPU0,0,ipv4_staticnode0_RP0_CPU0,0,0,obt-collector1,60

2020-02-02 22:07:53.293000+00:00,spine2,wadjet-t-sg0,,bgp-default,0/RP0/CPU0,61,bgp-defaultnode0_RP0_CPU0,0,0,obt-collector1,60

2020-02-02 22:07:53.293000+00:00,spine2,wadjet-t-sg0,,L2VPN_ATOM,0/RP0/CPU0,0,L2VPN_ATOMnode0_RP0_CPU0,0,0,obt-collector1,120

2020-02-02 22:08:03.293000+00:00,spine2,wadjet-t-sg0,,bgp-default,0/RP0/CPU0,61,bgp-defaultnode0_RP0_CPU0,0,0,obt-collector1,60

2020-02-02 22:08:03.293000+00:00,spine2,wadjet-t-sg0,,L2VPN_ATOM,0/RP0/CPU0,0,L2VPN_ATOMnode0_RP0_CPU0,0,0,obt-collector1,120

2020-02-02 22:08:03.293000+00:00,spine2,wadjet-t-sg0,,XTC,0/RP0/CPU0,0,XTCnode0_RP0_CPU0,0,0,obt-collector1,180

2020-02-02 22:08:03.293000+00:00,spine2,wadjet-t-sg0,,pim6,0/RP0/CPU0,0,pim6node0_RP0_CPU0,0,0,obt-collector1,199

2020-02-02 22:08:03.293000+00:00,spine2,wadjet-t-sg0,,ipv4_static,0/RP0/CPU0,0,ipv4_staticnode0_RP0_CPU0,0,0,obt-collector1,60

2020-02-02 22:08:03.293000+00:00,spine2,wadjet-t-sg0,,bundlemgr_distrib,0/RP0/CPU0,0,bundlemgr_distribnode0_RP0_CPU0,0,0,obt-collector1,60

2020-02-02 22:08:03.293000+00:00,spine2,wadjet-t-sg0,,object_tracking,0/RP0/CPU0,0,object_trackingnode0_RP0_CPU0,0,0,obt-collector1,199

2020-02-02 22:08:03.294000+00:00,spine2,wadjet-t-sg0,,pim,0/RP0/CPU0,0,pimnode0_RP0_CPU0,0,0,obt-collector1,199

2020-02-02 22:08:13.292000+00:00,spine2,wadjet-t-sg0,,L2VPN_ATOM,0/RP0/CPU0,0,L2VPN_ATOMnode0_RP0_CPU0,0,0,obt-collector1,120

2020-02-02 22:08:13.292000+00:00,spine2,wadjet-t-sg0,,XTC,0/RP0/CPU0,0,XTCnode0_RP0_CPU0,0,0,obt-collector1,180

2020-02-02 22:08:13.293000+00:00,spine2,wadjet-t-sg0,,object_tracking,0/RP0/CPU0,0,object_trackingnode0_RP0_CPU0,0,0,obt-collector1,199

2020-02-02 22:08:13.293000+00:00,spine2,wadjet-t-sg0,,bundlemgr_distrib,0/RP0/CPU0,0,bundlemgr_distribnode0_RP0_CPU0,0,0,obt-collector1,60

2020-02-02 22:08:13.293000+00:00,spine2,wadjet-t-sg0,,bgp-default,0/RP0/CPU0,61,bgp-defaultnode0_RP0_CPU0,0,0,obt-collector1,60

2020-02-02 22:08:13.293000+00:00,spine2,wadjet-t-sg0,,pim,0/RP0/CPU0,0,pimnode0_RP0_CPU0,0,0,obt-collector1,199

2020-02-02 22:08:13.293000+00:00,spine2,wadjet-t-sg0,,ipv4_static,0/RP0/CPU0,0,ipv4_staticnode0_RP0_CPU0,0,0,obt-collector1,60

2020-02-02 22:08:13.293000+00:00,spine2,wadjet-t-sg0,,pim6,0/RP0/CPU0,0,pim6node0_RP0_CPU0,0,0,obt-collector1,199

2020-02-02 22:08:23.293000+00:00,spine2,wadjet-t-sg0,,ipv4_static,0/RP0/CPU0,0,ipv4_staticnode0_RP0_CPU0,0,0,obt-collector1,60

2020-02-02 22:08:23.293000+00:00,spine2,wadjet-t-sg0,,object_tracking,0/RP0/CPU0,0,object_trackingnode0_RP0_CPU0,0,0,obt-collector1,199

2020-02-02 22:08:23.293000+00:00,spine2,wadjet-t-sg0,,L2VPN_ATOM,0/RP0/CPU0,0,L2VPN_ATOMnode0_RP0_CPU0,0,0,obt-collector1,120

2020-02-02 22:08:23.293000+00:00,spine2,wadjet-t-sg0,,XTC,0/RP0/CPU0,0,XTCnode0_RP0_CPU0,0,0,obt-collector1,180

2020-02-02 22:08:23.293000+00:00,spine2,wadjet-t-sg0,,bundlemgr_distrib,0/RP0/CPU0,0,bundlemgr_distribnode0_RP0_CPU0,0,0,obt-collector1,60

2020-02-02 22:08:23.293000+00:00,spine2,wadjet-t-sg0,,bgp-default,0/RP0/CPU0,61,bgp-defaultnode0_RP0_CPU0,0,0,obt-collector1,60

2020-02-02 22:08:23.294000+00:00,spine2,wadjet-t-sg0,,pim6,0/RP0/CPU0,0,pim6node0_RP0_CPU0,0,0,obt-collector1,199

2020-02-02 22:08:23.294000+00:00,spine2,wadjet-t-sg0,,pim,0/RP0/CPU0,0,pimnode0_RP0_CPU0,0,0,obt-collector1,199

2020-02-02 22:08:33.293000+00:00,spine2,wadjet-t-sg0,,pim6,0/RP0/CPU0,0,pim6node0_RP0_CPU0,0,0,obt-collector1,199

2020-02-02 22:08:33.293000+00:00,spine2,wadjet-t-sg0,,pim,0/RP0/CPU0,0,pimnode0_RP0_CPU0,0,0,obt-collector1,199

2020-02-02 22:08:33.293000+00:00,spine2,wadjet-t-sg0,,bundlemgr_distrib,0/RP0/CPU0,0,bundlemgr_distribnode0_RP0_CPU0,0,0,obt-collector1,60

2020-02-02 22:08:33.293000+00:00,spine2,wadjet-t-sg0,,object_tracking,0/RP0/CPU0,0,object_trackingnode0_RP0_CPU0,0,0,obt-collector1,199

2020-02-02 22:08:33.293000+00:00,spine2,wadjet-t-sg0,,ipv4_static,0/RP0/CPU0,0,ipv4_staticnode0_RP0_CPU0,0,0,obt-collector1,60

2020-02-02 22:08:33.293000+00:00,spine2,wadjet-t-sg0,,bgp-default,0/RP0/CPU0,61,bgp-defaultnode0_RP0_CPU0,0,0,obt-collector1,60

2020-02-02 22:08:33.293000+00:00,spine2,wadjet-t-sg0,,XTC,0/RP0/CPU0,0,XTCnode0_RP0_CPU0,0,0,obt-collector1,180

2020-02-02 22:08:33.293000+00:00,spine2,wadjet-t-sg0,,L2VPN_ATOM,0/RP0/CPU0,0,L2VPN_ATOMnode0_RP0_CPU0,0,0,obt-collector1,120

2020-02-02 22:08:43.294000+00:00,spine2,wadjet-t-sg0,,XTC,0/RP0/CPU0,0,XTCnode0_RP0_CPU0,0,0,obt-collector1,180

2020-02-02 22:08:43.294000+00:00,spine2,wadjet-t-sg0,,L2VPN_ATOM,0/RP0/CPU0,0,L2VPN_ATOMnode0_RP0_CPU0,0,0,obt-collector1,120

2020-02-02 22:08:43.294000+00:00,spine2,wadjet-t-sg0,,bundlemgr_distrib,0/RP0/CPU0,0,bundlemgr_distribnode0_RP0_CPU0,0,0,obt-collector1,60

2020-02-02 22:08:43.294000+00:00,spine2,wadjet-t-sg0,,pim6,0/RP0/CPU0,0,pim6node0_RP0_CPU0,0,0,obt-collector1,199

2020-02-02 22:08:43.294000+00:00,spine2,wadjet-t-sg0,,pim,0/RP0/CPU0,0,pimnode0_RP0_CPU0,0,0,obt-collector1,199

2020-02-02 22:08:43.294000+00:00,spine2,wadjet-t-sg0,,bgp-default,0/RP0/CPU0,61,bgp-defaultnode0_RP0_CPU0,0,0,obt-collector1,60

2020-02-02 22:08:43.294000+00:00,spine2,wadjet-t-sg0,,object_tracking,0/RP0/CPU0,0,object_trackingnode0_RP0_CPU0,0,0,obt-collector1,199

2020-02-02 22:08:43.294000+00:00,spine2,wadjet-t-sg0,,ipv4_static,0/RP0/CPU0,0,ipv4_staticnode0_RP0_CPU0,0,0,obt-collector1,60

2020-02-02 22:08:53.294000+00:00,spine2,wadjet-t-sg0,,object_tracking,0/RP0/CPU0,0,object_trackingnode0_RP0_CPU0,0,0,obt-collector1,199

2020-02-02 22:08:53.294000+00:00,spine2,wadjet-t-sg0,,ipv4_static,0/RP0/CPU0,0,ipv4_staticnode0_RP0_CPU0,0,0,obt-collector1,60

2020-02-02 22:08:53.294000+00:00,spine2,wadjet-t-sg0,,bundlemgr_distrib,0/RP0/CPU0,0,bundlemgr_distribnode0_RP0_CPU0,0,0,obt-collector1,60

2020-02-02 22:08:53.294000+00:00,spine2,wadjet-t-sg0,,XTC,0/RP0/CPU0,0,XTCnode0_RP0_CPU0,0,0,obt-collector1,180

2020-02-02 22:08:53.294000+00:00,spine2,wadjet-t-sg0,,L2VPN_ATOM,0/RP0/CPU0,0,L2VPN_ATOMnode0_RP0_CPU0,0,0,obt-collector1,120

2020-02-02 22:08:53.294000+00:00,spine2,wadjet-t-sg0,,bgp-default,0/RP0/CPU0,61,bgp-defaultnode0_RP0_CPU0,0,0,obt-collector1,60

2020-02-02 22:08:53.294000+00:00,spine2,wadjet-t-sg0,,pim6,0/RP0/CPU0,0,pim6node0_RP0_CPU0,0,0,obt-collector1,199

2020-02-02 22:08:53.294000+00:00,spine2,wadjet-t-sg0,,pim,0/RP0/CPU0,0,pimnode0_RP0_CPU0,0,0,obt-collector1,199

2020-02-02 22:09:03.293000+00:00,spine2,wadjet-t-sg0,,L2VPN_ATOM,0/RP0/CPU0,0,L2VPN_ATOMnode0_RP0_CPU0,0,0,obt-collector1,120

2020-02-02 22:09:03.294000+00:00,spine2,wadjet-t-sg0,,pim,0/RP0/CPU0,0,pimnode0_RP0_CPU0,0,0,obt-collector1,199

2020-02-02 22:09:03.294000+00:00,spine2,wadjet-t-sg0,,pim6,0/RP0/CPU0,0,pim6node0_RP0_CPU0,0,0,obt-collector1,199

2020-02-02 22:09:03.294000+00:00,spine2,wadjet-t-sg0,,bundlemgr_distrib,0/RP0/CPU0,0,bundlemgr_distribnode0_RP0_CPU0,0,0,obt-collector1,60

2020-02-02 22:09:03.294000+00:00,spine2,wadjet-t-sg0,,ipv4_static,0/RP0/CPU0,0,ipv4_staticnode0_RP0_CPU0,0,0,obt-collector1,60

2020-02-02 22:09:03.294000+00:00,spine2,wadjet-t-sg0,,bgp-default,0/RP0/CPU0,61,bgp-defaultnode0_RP0_CPU0,0,0,obt-collector1,60

2020-02-02 22:09:03.294000+00:00,spine2,wadjet-t-sg0,,XTC,0/RP0/CPU0,0,XTCnode0_RP0_CPU0,0,0,obt-collector1,180

2020-02-02 22:09:03.294000+00:00,spine2,wadjet-t-sg0,,object_tracking,0/RP0/CPU0,0,object_trackingnode0_RP0_CPU0,0,0,obt-collector1,199

2020-02-02 22:09:13.293000+00:00,spine2,wadjet-t-sg0,,XTC,0/RP0/CPU0,0,XTCnode0_RP0_CPU0,0,0,obt-collector1,180

2020-02-02 22:09:13.293000+00:00,spine2,wadjet-t-sg0,,L2VPN_ATOM,0/RP0/CPU0,0,L2VPN_ATOMnode0_RP0_CPU0,0,0,obt-collector1,120

2020-02-02 22:09:13.293000+00:00,spine2,wadjet-t-sg0,,bundlemgr_distrib,0/RP0/CPU0,0,bundlemgr_distribnode0_RP0_CPU0,0,0,obt-collector1,60

2020-02-02 22:09:13.293000+00:00,spine2,wadjet-t-sg0,,bgp-default,0/RP0/CPU0,61,bgp-defaultnode0_RP0_CPU0,0,0,obt-collector1,60

2020-02-02 22:09:13.293000+00:00,spine2,wadjet-t-sg0,,ipv4_static,0/RP0/CPU0,0,ipv4_staticnode0_RP0_CPU0,0,0,obt-collector1,60

2020-02-02 22:09:13.294000+00:00,spine2,wadjet-t-sg0,,object_tracking,0/RP0/CPU0,0,object_trackingnode0_RP0_CPU0,0,0,obt-collector1,199

2020-02-02 22:09:13.294000+00:00,spine2,wadjet-t-sg0,,pim,0/RP0/CPU0,0,pimnode0_RP0_CPU0,0,0,obt-collector1,199

2020-02-02 22:09:13.294000+00:00,spine2,wadjet-t-sg0,,pim6,0/RP0/CPU0,0,pim6node0_RP0_CPU0,0,0,obt-collector1,199

2020-02-02 22:09:23.294000+00:00,spine2,wadjet-t-sg0,,pim,0/RP0/CPU0,0,pimnode0_RP0_CPU0,0,0,obt-collector1,199

2020-02-02 22:09:23.294000+00:00,spine2,wadjet-t-sg0,,pim6,0/RP0/CPU0,0,pim6node0_RP0_CPU0,0,0,obt-collector1,199

2020-02-02 22:09:23.294000+00:00,spine2,wadjet-t-sg0,,ipv4_static,0/RP0/CPU0,0,ipv4_staticnode0_RP0_CPU0,0,0,obt-collector1,60

2020-02-02 22:09:23.294000+00:00,spine2,wadjet-t-sg0,,XTC,0/RP0/CPU0,0,XTCnode0_RP0_CPU0,0,0,obt-collector1,180

2020-02-02 22:09:23.294000+00:00,spine2,wadjet-t-sg0,,bgp-default,0/RP0/CPU0,61,bgp-defaultnode0_RP0_CPU0,0,0,obt-collector1,60

2020-02-02 22:09:23.294000+00:00,spine2,wadjet-t-sg0,,object_tracking,0/RP0/CPU0,0,object_trackingnode0_RP0_CPU0,0,0,obt-collector1,199

2020-02-02 22:09:23.294000+00:00,spine2,wadjet-t-sg0,,bundlemgr_distrib,0/RP0/CPU0,0,bundlemgr_distribnode0_RP0_CPU0,0,0,obt-collector1,60

2020-02-02 22:09:23.294000+00:00,spine2,wadjet-t-sg0,,L2VPN_ATOM,0/RP0/CPU0,0,L2VPN_ATOMnode0_RP0_CPU0,0,0,obt-collector1,120

2020-02-02 22:09:33.294000+00:00,spine2,wadjet-t-sg0,,bundlemgr_distrib,0/RP0/CPU0,0,bundlemgr_distribnode0_RP0_CPU0,0,0,obt-collector1,60

2020-02-02 22:09:33.294000+00:00,spine2,wadjet-t-sg0,,L2VPN_ATOM,0/RP0/CPU0,0,L2VPN_ATOMnode0_RP0_CPU0,0,0,obt-collector1,120

2020-02-02 22:09:33.294000+00:00,spine2,wadjet-t-sg0,,ipv4_static,0/RP0/CPU0,0,ipv4_staticnode0_RP0_CPU0,0,0,obt-collector1,60

2020-02-02 22:09:33.294000+00:00,spine2,wadjet-t-sg0,,pim,0/RP0/CPU0,0,pimnode0_RP0_CPU0,0,0,obt-collector1,199

2020-02-02 22:09:33.294000+00:00,spine2,wadjet-t-sg0,,pim6,0/RP0/CPU0,0,pim6node0_RP0_CPU0,0,0,obt-collector1,199

2020-02-02 22:09:33.294000+00:00,spine2,wadjet-t-sg0,,object_tracking,0/RP0/CPU0,0,object_trackingnode0_RP0_CPU0,0,0,obt-collector1,199

2020-02-02 22:09:33.294000+00:00,spine2,wadjet-t-sg0,,XTC,0/RP0/CPU0,0,XTCnode0_RP0_CPU0,0,0,obt-collector1,180

2020-02-02 22:09:33.294000+00:00,spine2,wadjet-t-sg0,,bgp-default,0/RP0/CPU0,61,bgp-defaultnode0_RP0_CPU0,0,0,obt-collector1,60

2020-02-02 22:09:43.294000+00:00,spine2,wadjet-t-sg0,,XTC,0/RP0/CPU0,0,XTCnode0_RP0_CPU0,0,0,obt-collector1,180

2020-02-02 22:09:43.294000+00:00,spine2,wadjet-t-sg0,,bgp-default,0/RP0/CPU0,61,bgp-defaultnode0_RP0_CPU0,0,0,obt-collector1,60

2020-02-02 22:09:43.294000+00:00,spine2,wadjet-t-sg0,,ipv4_static,0/RP0/CPU0,0,ipv4_staticnode0_RP0_CPU0,0,0,obt-collector1,60

2020-02-02 22:09:43.294000+00:00,spine2,wadjet-t-sg0,,bundlemgr_distrib,0/RP0/CPU0,0,bundlemgr_distribnode0_RP0_CPU0,0,0,obt-collector1,60

2020-02-02 22:09:43.294000+00:00,spine2,wadjet-t-sg0,,L2VPN_ATOM,0/RP0/CPU0,0,L2VPN_ATOMnode0_RP0_CPU0,0,0,obt-collector1,120

2020-02-02 22:09:43.294000+00:00,spine2,wadjet-t-sg0,,object_tracking,0/RP0/CPU0,0,object_trackingnode0_RP0_CPU0,0,0,obt-collector1,199

2020-02-02 22:09:43.295000+00:00,spine2,wadjet-t-sg0,,pim,0/RP0/CPU0,0,pimnode0_RP0_CPU0,0,0,obt-collector1,199

2020-02-02 22:09:43.295000+00:00,spine2,wadjet-t-sg0,,pim6,0/RP0/CPU0,0,pim6node0_RP0_CPU0,0,0,obt-collector1,199

2020-02-02 22:09:53.294000+00:00,spine2,wadjet-t-sg0,,ipv4_static,0/RP0/CPU0,0,ipv4_staticnode0_RP0_CPU0,0,0,obt-collector1,60

2020-02-02 22:09:53.294000+00:00,spine2,wadjet-t-sg0,,XTC,0/RP0/CPU0,0,XTCnode0_RP0_CPU0,0,0,obt-collector1,180

2020-02-02 22:09:53.294000+00:00,spine2,wadjet-t-sg0,,bgp-default,0/RP0/CPU0,61,bgp-defaultnode0_RP0_CPU0,0,0,obt-collector1,60

2020-02-02 22:09:53.294000+00:00,spine2,wadjet-t-sg0,,object_tracking,0/RP0/CPU0,0,object_trackingnode0_RP0_CPU0,0,0,obt-collector1,199

2020-02-02 22:09:53.294000+00:00,spine2,wadjet-t-sg0,,bundlemgr_distrib,0/RP0/CPU0,0,bundlemgr_distribnode0_RP0_CPU0,0,0,obt-collector1,60

2020-02-02 22:09:53.294000+00:00,spine2,wadjet-t-sg0,,L2VPN_ATOM,0/RP0/CPU0,0,L2VPN_ATOMnode0_RP0_CPU0,0,0,obt-collector1,120

2020-02-02 22:09:53.295000+00:00,spine2,wadjet-t-sg0,,pim,0/RP0/CPU0,0,pimnode0_RP0_CPU0,0,0,obt-collector1,199

2020-02-02 22:09:53.295000+00:00,spine2,wadjet-t-sg0,,pim6,0/RP0/CPU0,0,pim6node0_RP0_CPU0,0,0,obt-collector1,199

2020-02-02 22:10:03.294000+00:00,spine2,wadjet-t-sg0,,L2VPN_ATOM,0/RP0/CPU0,0,L2VPN_ATOMnode0_RP0_CPU0,0,0,obt-collector1,120

2020-02-02 22:10:03.294000+00:00,spine2,wadjet-t-sg0,,ipv4_static,0/RP0/CPU0,0,ipv4_staticnode0_RP0_CPU0,0,0,obt-collector1,60

2020-02-02 22:10:03.294000+00:00,spine2,wadjet-t-sg0,,pim6,0/RP0/CPU0,0,pim6node0_RP0_CPU0,0,0,obt-collector1,199

2020-02-02 22:10:03.294000+00:00,spine2,wadjet-t-sg0,,bundlemgr_distrib,0/RP0/CPU0,0,bundlemgr_distribnode0_RP0_CPU0,0,0,obt-collector1,60

2020-02-02 22:10:03.294000+00:00,spine2,wadjet-t-sg0,,object_tracking,0/RP0/CPU0,0,object_trackingnode0_RP0_CPU0,0,0,obt-collector1,199

2020-02-02 22:10:03.294000+00:00,spine2,wadjet-t-sg0,,XTC,0/RP0/CPU0,0,XTCnode0_RP0_CPU0,0,0,obt-collector1,180

2020-02-02 22:10:03.294000+00:00,spine2,wadjet-t-sg0,,bgp-default,0/RP0/CPU0,61,bgp-defaultnode0_RP0_CPU0,0,0,obt-collector1,60

2020-02-02 22:10:03.295000+00:00,spine2,wadjet-t-sg0,,pim,0/RP0/CPU0,0,pimnode0_RP0_CPU0,0,0,obt-collector1,199

2020-02-02 22:10:13.295000+00:00,spine2,wadjet-t-sg0,,bgp-default,0/RP0/CPU0,61,bgp-defaultnode0_RP0_CPU0,0,0,obt-collector1,60

2020-02-02 22:10:13.295000+00:00,spine2,wadjet-t-sg0,,XTC,0/RP0/CPU0,0,XTCnode0_RP0_CPU0,0,0,obt-collector1,180

2020-02-02 22:10:13.295000+00:00,spine2,wadjet-t-sg0,,ipv4_static,0/RP0/CPU0,0,ipv4_staticnode0_RP0_CPU0,0,0,obt-collector1,60

2020-02-02 22:10:13.295000+00:00,spine2,wadjet-t-sg0,,L2VPN_ATOM,0/RP0/CPU0,0,L2VPN_ATOMnode0_RP0_CPU0,0,0,obt-collector1,120

2020-02-02 22:10:13.295000+00:00,spine2,wadjet-t-sg0,,bundlemgr_distrib,0/RP0/CPU0,0,bundlemgr_distribnode0_RP0_CPU0,0,0,obt-collector1,60

2020-02-02 22:10:13.296000+00:00,spine2,wadjet-t-sg0,,pim,0/RP0/CPU0,0,pimnode0_RP0_CPU0,0,0,obt-collector1,199

2020-02-02 22:10:13.296000+00:00,spine2,wadjet-t-sg0,,pim6,0/RP0/CPU0,0,pim6node0_RP0_CPU0,0,0,obt-collector1,199

2020-02-02 22:10:13.296000+00:00,spine2,wadjet-t-sg0,,object_tracking,0/RP0/CPU0,0,object_trackingnode0_RP0_CPU0,0,0,obt-collector1,199

2020-02-02 22:10:23.294000+00:00,spine2,wadjet-t-sg0,,L2VPN_ATOM,0/RP0/CPU0,0,L2VPN_ATOMnode0_RP0_CPU0,0,0,obt-collector1,120

2020-02-02 22:10:23.294000+00:00,spine2,wadjet-t-sg0,,XTC,0/RP0/CPU0,0,XTCnode0_RP0_CPU0,0,0,obt-collector1,180

2020-02-02 22:10:23.294000+00:00,spine2,wadjet-t-sg0,,bgp-default,0/RP0/CPU0,61,bgp-defaultnode0_RP0_CPU0,0,0,obt-collector1,60

2020-02-02 22:10:23.294000+00:00,spine2,wadjet-t-sg0,,bundlemgr_distrib,0/RP0/CPU0,0,bundlemgr_distribnode0_RP0_CPU0,0,0,obt-collector1,60

2020-02-02 22:10:23.295000+00:00,spine2,wadjet-t-sg0,,pim6,0/RP0/CPU0,0,pim6node0_RP0_CPU0,0,0,obt-collector1,199

2020-02-02 22:10:23.295000+00:00,spine2,wadjet-t-sg0,,object_tracking,0/RP0/CPU0,0,object_trackingnode0_RP0_CPU0,0,0,obt-collector1,199

2020-02-02 22:10:23.295000+00:00,spine2,wadjet-t-sg0,,ipv4_static,0/RP0/CPU0,0,ipv4_staticnode0_RP0_CPU0,0,0,obt-collector1,60

2020-02-02 22:10:23.295000+00:00,spine2,wadjet-t-sg0,,pim,0/RP0/CPU0,0,pimnode0_RP0_CPU0,0,0,obt-collector1,199

2020-02-02 22:10:33.295000+00:00,spine2,wadjet-t-sg0,,ipv4_static,0/RP0/CPU0,0,ipv4_staticnode0_RP0_CPU0,0,0,obt-collector1,60

2020-02-02 22:10:33.295000+00:00,spine2,wadjet-t-sg0,,bundlemgr_distrib,0/RP0/CPU0,0,bundlemgr_distribnode0_RP0_CPU0,0,0,obt-collector1,60

2020-02-02 22:10:33.295000+00:00,spine2,wadjet-t-sg0,,L2VPN_ATOM,0/RP0/CPU0,0,L2VPN_ATOMnode0_RP0_CPU0,0,0,obt-collector1,120

2020-02-02 22:10:33.295000+00:00,spine2,wadjet-t-sg0,,bgp-default,0/RP0/CPU0,61,bgp-defaultnode0_RP0_CPU0,0,0,obt-collector1,60

2020-02-02 22:10:33.295000+00:00,spine2,wadjet-t-sg0,,object_tracking,0/RP0/CPU0,0,object_trackingnode0_RP0_CPU0,0,0,obt-collector1,199

2020-02-02 22:10:33.295000+00:00,spine2,wadjet-t-sg0,,XTC,0/RP0/CPU0,0,XTCnode0_RP0_CPU0,0,0,obt-collector1,180

2020-02-02 22:10:33.296000+00:00,spine2,wadjet-t-sg0,,pim,0/RP0/CPU0,0,pimnode0_RP0_CPU0,0,0,obt-collector1,199

2020-02-02 22:10:33.296000+00:00,spine2,wadjet-t-sg0,,pim6,0/RP0/CPU0,0,pim6node0_RP0_CPU0,0,0,obt-collector1,199

2020-02-02 22:10:43.294000+00:00,spine2,wadjet-t-sg0,,L2VPN_ATOM,0/RP0/CPU0,0,L2VPN_ATOMnode0_RP0_CPU0,0,0,obt-collector1,120

2020-02-02 22:10:43.294000+00:00,spine2,wadjet-t-sg0,,XTC,0/RP0/CPU0,0,XTCnode0_RP0_CPU0,0,0,obt-collector1,180

2020-02-02 22:10:43.295000+00:00,spine2,wadjet-t-sg0,,pim6,0/RP0/CPU0,0,pim6node0_RP0_CPU0,0,0,obt-collector1,199

2020-02-02 22:10:43.295000+00:00,spine2,wadjet-t-sg0,,pim,0/RP0/CPU0,0,pimnode0_RP0_CPU0,0,0,obt-collector1,199

2020-02-02 22:10:43.295000+00:00,spine2,wadjet-t-sg0,,ipv4_static,0/RP0/CPU0,0,ipv4_staticnode0_RP0_CPU0,0,0,obt-collector1,60

2020-02-02 22:10:43.295000+00:00,spine2,wadjet-t-sg0,,object_tracking,0/RP0/CPU0,0,object_trackingnode0_RP0_CPU0,0,0,obt-collector1,199

2020-02-02 22:10:43.295000+00:00,spine2,wadjet-t-sg0,,bundlemgr_distrib,0/RP0/CPU0,0,bundlemgr_distribnode0_RP0_CPU0,0,0,obt-collector1,60

2020-02-02 22:10:43.295000+00:00,spine2,wadjet-t-sg0,,bgp-default,0/RP0/CPU0,61,bgp-defaultnode0_RP0_CPU0,0,0,obt-collector1,60

2020-02-02 22:10:53.295000+00:00,spine2,wadjet-t-sg0,,L2VPN_ATOM,0/RP0/CPU0,0,L2VPN_ATOMnode0_RP0_CPU0,0,0,obt-collector1,120

2020-02-02 22:10:53.295000+00:00,spine2,wadjet-t-sg0,,XTC,0/RP0/CPU0,0,XTCnode0_RP0_CPU0,0,0,obt-collector1,180

2020-02-02 22:10:53.296000+00:00,spine2,wadjet-t-sg0,,bgp-default,0/RP0/CPU0,61,bgp-defaultnode0_RP0_CPU0,0,0,obt-collector1,60

2020-02-02 22:10:53.296000+00:00,spine2,wadjet-t-sg0,,pim6,0/RP0/CPU0,0,pim6node0_RP0_CPU0,0,0,obt-collector1,199

2020-02-02 22:10:53.296000+00:00,spine2,wadjet-t-sg0,,bundlemgr_distrib,0/RP0/CPU0,0,bundlemgr_distribnode0_RP0_CPU0,0,0,obt-collector1,60

2020-02-02 22:10:53.296000+00:00,spine2,wadjet-t-sg0,,object_tracking,0/RP0/CPU0,0,object_trackingnode0_RP0_CPU0,0,0,obt-collector1,199

2020-02-02 22:10:53.296000+00:00,spine2,wadjet-t-sg0,,pim,0/RP0/CPU0,0,pimnode0_RP0_CPU0,0,0,obt-collector1,199

2020-02-02 22:10:53.296000+00:00,spine2,wadjet-t-sg0,,ipv4_static,0/RP0/CPU0,0,ipv4_staticnode0_RP0_CPU0,0,0,obt-collector1,60

2020-02-02 22:11:03.295000+00:00,spine2,wadjet-t-sg0,,pim,0/RP0/CPU0,0,pimnode0_RP0_CPU0,0,0,obt-collector1,199

2020-02-02 22:11:03.295000+00:00,spine2,wadjet-t-sg0,,ipv4_static,0/RP0/CPU0,0,ipv4_staticnode0_RP0_CPU0,0,0,obt-collector1,60

2020-02-02 22:11:03.295000+00:00,spine2,wadjet-t-sg0,,bgp-default,0/RP0/CPU0,61,bgp-defaultnode0_RP0_CPU0,0,0,obt-collector1,60

2020-02-02 22:11:03.295000+00:00,spine2,wadjet-t-sg0,,L2VPN_ATOM,0/RP0/CPU0,0,L2VPN_ATOMnode0_RP0_CPU0,0,0,obt-collector1,120

2020-02-02 22:11:03.295000+00:00,spine2,wadjet-t-sg0,,XTC,0/RP0/CPU0,0,XTCnode0_RP0_CPU0,0,0,obt-collector1,180

2020-02-02 22:11:03.295000+00:00,spine2,wadjet-t-sg0,,object_tracking,0/RP0/CPU0,0,object_trackingnode0_RP0_CPU0,0,0,obt-collector1,199

2020-02-02 22:11:03.295000+00:00,spine2,wadjet-t-sg0,,pim6,0/RP0/CPU0,0,pim6node0_RP0_CPU0,0,0,obt-collector1,199

2020-02-02 22:11:03.295000+00:00,spine2,wadjet-t-sg0,,bundlemgr_distrib,0/RP0/CPU0,0,bundlemgr_distribnode0_RP0_CPU0,0,0,obt-collector1,60

2020-02-02 22:11:13.295000+00:00,spine2,wadjet-t-sg0,,pim6,0/RP0/CPU0,0,pim6node0_RP0_CPU0,0,0,obt-collector1,199

2020-02-02 22:11:13.295000+00:00,spine2,wadjet-t-sg0,,bundlemgr_distrib,0/RP0/CPU0,0,bundlemgr_distribnode0_RP0_CPU0,0,0,obt-collector1,60

2020-02-02 22:11:13.295000+00:00,spine2,wadjet-t-sg0,,bgp-default,0/RP0/CPU0,61,bgp-defaultnode0_RP0_CPU0,0,0,obt-collector1,60

2020-02-02 22:11:13.295000+00:00,spine2,wadjet-t-sg0,,pim,0/RP0/CPU0,0,pimnode0_RP0_CPU0,0,0,obt-collector1,199

2020-02-02 22:11:13.295000+00:00,spine2,wadjet-t-sg0,,ipv4_static,0/RP0/CPU0,0,ipv4_staticnode0_RP0_CPU0,0,0,obt-collector1,60

2020-02-02 22:11:13.295000+00:00,spine2,wadjet-t-sg0,,object_tracking,0/RP0/CPU0,0,object_trackingnode0_RP0_CPU0,0,0,obt-collector1,199

2020-02-02 22:11:13.295000+00:00,spine2,wadjet-t-sg0,,L2VPN_ATOM,0/RP0/CPU0,0,L2VPN_ATOMnode0_RP0_CPU0,0,0,obt-collector1,120

2020-02-02 22:11:13.295000+00:00,spine2,wadjet-t-sg0,,XTC,0/RP0/CPU0,0,XTCnode0_RP0_CPU0,0,0,obt-collector1,180

2020-02-02 22:11:23.296000+00:00,spine2,wadjet-t-sg0,,L2VPN_ATOM,0/RP0/CPU0,0,L2VPN_ATOMnode0_RP0_CPU0,0,0,obt-collector1,120

2020-02-02 22:11:23.296000+00:00,spine2,wadjet-t-sg0,,XTC,0/RP0/CPU0,0,XTCnode0_RP0_CPU0,0,0,obt-collector1,180

2020-02-02 22:11:23.296000+00:00,spine2,wadjet-t-sg0,,bgp-default,0/RP0/CPU0,61,bgp-defaultnode0_RP0_CPU0,0,0,obt-collector1,60

2020-02-02 22:11:23.296000+00:00,spine2,wadjet-t-sg0,,pim6,0/RP0/CPU0,0,pim6node0_RP0_CPU0,0,0,obt-collector1,199

2020-02-02 22:11:23.296000+00:00,spine2,wadjet-t-sg0,,bundlemgr_distrib,0/RP0/CPU0,0,bundlemgr_distribnode0_RP0_CPU0,0,0,obt-collector1,60

2020-02-02 22:11:23.296000+00:00,spine2,wadjet-t-sg0,,object_tracking,0/RP0/CPU0,0,object_trackingnode0_RP0_CPU0,0,0,obt-collector1,199

2020-02-02 22:11:23.296000+00:00,spine2,wadjet-t-sg0,,pim,0/RP0/CPU0,0,pimnode0_RP0_CPU0,0,0,obt-collector1,199

2020-02-02 22:11:23.296000+00:00,spine2,wadjet-t-sg0,,ipv4_static,0/RP0/CPU0,0,ipv4_staticnode0_RP0_CPU0,0,0,obt-collector1,60

2020-02-02 22:11:33.295000+00:00,spine2,wadjet-t-sg0,,bgp-default,0/RP0/CPU0,61,bgp-defaultnode0_RP0_CPU0,0,0,obt-collector1,60

2020-02-02 22:11:33.295000+00:00,spine2,wadjet-t-sg0,,L2VPN_ATOM,0/RP0/CPU0,0,L2VPN_ATOMnode0_RP0_CPU0,0,0,obt-collector1,120

2020-02-02 22:11:33.295000+00:00,spine2,wadjet-t-sg0,,XTC,0/RP0/CPU0,0,XTCnode0_RP0_CPU0,0,0,obt-collector1,180

2020-02-02 22:11:33.295000+00:00,spine2,wadjet-t-sg0,,bundlemgr_distrib,0/RP0/CPU0,0,bundlemgr_distribnode0_RP0_CPU0,0,0,obt-collector1,60

2020-02-02 22:11:33.296000+00:00,spine2,wadjet-t-sg0,,pim,0/RP0/CPU0,0,pimnode0_RP0_CPU0,0,0,obt-collector1,199

2020-02-02 22:11:33.296000+00:00,spine2,wadjet-t-sg0,,ipv4_static,0/RP0/CPU0,0,ipv4_staticnode0_RP0_CPU0,0,0,obt-collector1,60

2020-02-02 22:11:33.296000+00:00,spine2,wadjet-t-sg0,,pim6,0/RP0/CPU0,0,pim6node0_RP0_CPU0,0,0,obt-collector1,199

2020-02-02 22:11:33.296000+00:00,spine2,wadjet-t-sg0,,object_tracking,0/RP0/CPU0,0,object_trackingnode0_RP0_CPU0,0,0,obt-collector1,199

2020-02-02 22:11:43.296000+00:00,spine2,wadjet-t-sg0,,bundlemgr_distrib,0/RP0/CPU0,0,bundlemgr_distribnode0_RP0_CPU0,0,0,obt-collector1,60

2020-02-02 22:11:43.296000+00:00,spine2,wadjet-t-sg0,,bgp-default,0/RP0/CPU0,61,bgp-defaultnode0_RP0_CPU0,0,0,obt-collector1,60

2020-02-02 22:11:43.296000+00:00,spine2,wadjet-t-sg0,,object_tracking,0/RP0/CPU0,0,object_trackingnode0_RP0_CPU0,0,0,obt-collector1,199

2020-02-02 22:11:43.296000+00:00,spine2,wadjet-t-sg0,,XTC,0/RP0/CPU0,0,XTCnode0_RP0_CPU0,0,0,obt-collector1,180

2020-02-02 22:11:43.296000+00:00,spine2,wadjet-t-sg0,,ipv4_static,0/RP0/CPU0,0,ipv4_staticnode0_RP0_CPU0,0,0,obt-collector1,60

2020-02-02 22:11:43.296000+00:00,spine2,wadjet-t-sg0,,L2VPN_ATOM,0/RP0/CPU0,0,L2VPN_ATOMnode0_RP0_CPU0,0,0,obt-collector1,120

2020-02-02 22:11:43.297000+00:00,spine2,wadjet-t-sg0,,pim6,0/RP0/CPU0,0,pim6node0_RP0_CPU0,0,0,obt-collector1,199

2020-02-02 22:11:43.297000+00:00,spine2,wadjet-t-sg0,,pim,0/RP0/CPU0,0,pimnode0_RP0_CPU0,0,0,obt-collector1,199

2020-02-02 22:11:53.296000+00:00,spine2,wadjet-t-sg0,,pim6,0/RP0/CPU0,0,pim6node0_RP0_CPU0,0,0,obt-collector1,199

2020-02-02 22:11:53.296000+00:00,spine2,wadjet-t-sg0,,pim,0/RP0/CPU0,0,pimnode0_RP0_CPU0,0,0,obt-collector1,199

2020-02-02 22:11:53.296000+00:00,spine2,wadjet-t-sg0,,ipv4_static,0/RP0/CPU0,0,ipv4_staticnode0_RP0_CPU0,0,0,obt-collector1,60

2020-02-02 22:11:53.296000+00:00,spine2,wadjet-t-sg0,,bgp-default,0/RP0/CPU0,61,bgp-defaultnode0_RP0_CPU0,0,0,obt-collector1,60

2020-02-02 22:11:53.296000+00:00,spine2,wadjet-t-sg0,,bundlemgr_distrib,0/RP0/CPU0,0,bundlemgr_distribnode0_RP0_CPU0,0,0,obt-collector1,60

2020-02-02 22:11:53.296000+00:00,spine2,wadjet-t-sg0,,L2VPN_ATOM,0/RP0/CPU0,0,L2VPN_ATOMnode0_RP0_CPU0,0,0,obt-collector1,120

2020-02-02 22:11:53.296000+00:00,spine2,wadjet-t-sg0,,object_tracking,0/RP0/CPU0,0,object_trackingnode0_RP0_CPU0,0,0,obt-collector1,199

2020-02-02 22:11:53.296000+00:00,spine2,wadjet-t-sg0,,XTC,0/RP0/CPU0,0,XTCnode0_RP0_CPU0,0,0,obt-collector1,180

2020-02-02 22:12:03.296000+00:00,spine2,wadjet-t-sg0,,object_tracking,0/RP0/CPU0,0,object_trackingnode0_RP0_CPU0,0,0,obt-collector1,199

2020-02-02 22:12:03.296000+00:00,spine2,wadjet-t-sg0,,XTC,0/RP0/CPU0,0,XTCnode0_RP0_CPU0,0,0,obt-collector1,180

2020-02-02 22:12:03.296000+00:00,spine2,wadjet-t-sg0,,ipv4_static,0/RP0/CPU0,0,ipv4_staticnode0_RP0_CPU0,0,0,obt-collector1,60

2020-02-02 22:12:03.296000+00:00,spine2,wadjet-t-sg0,,pim6,0/RP0/CPU0,0,pim6node0_RP0_CPU0,0,0,obt-collector1,199

2020-02-02 22:12:03.296000+00:00,spine2,wadjet-t-sg0,,pim,0/RP0/CPU0,0,pimnode0_RP0_CPU0,0,0,obt-collector1,199

2020-02-02 22:12:03.296000+00:00,spine2,wadjet-t-sg0,,L2VPN_ATOM,0/RP0/CPU0,0,L2VPN_ATOMnode0_RP0_CPU0,0,0,obt-collector1,120

2020-02-02 22:12:03.296000+00:00,spine2,wadjet-t-sg0,,bgp-default,0/RP0/CPU0,61,bgp-defaultnode0_RP0_CPU0,0,0,obt-collector1,60

2020-02-02 22:12:03.296000+00:00,spine2,wadjet-t-sg0,,bundlemgr_distrib,0/RP0/CPU0,0,bundlemgr_distribnode0_RP0_CPU0,0,0,obt-collector1,60

2020-02-02 22:12:13.296000+00:00,spine2,wadjet-t-sg0,,bgp-default,0/RP0/CPU0,61,bgp-defaultnode0_RP0_CPU0,0,0,obt-collector1,60

2020-02-02 22:12:13.296000+00:00,spine2,wadjet-t-sg0,,XTC,0/RP0/CPU0,0,XTCnode0_RP0_CPU0,0,0,obt-collector1,180

2020-02-02 22:12:13.296000+00:00,spine2,wadjet-t-sg0,,L2VPN_ATOM,0/RP0/CPU0,0,L2VPN_ATOMnode0_RP0_CPU0,0,0,obt-collector1,120

2020-02-02 22:12:13.297000+00:00,spine2,wadjet-t-sg0,,bundlemgr_distrib,0/RP0/CPU0,0,bundlemgr_distribnode0_RP0_CPU0,0,0,obt-collector1,60

2020-02-02 22:12:13.297000+00:00,spine2,wadjet-t-sg0,,object_tracking,0/RP0/CPU0,0,object_trackingnode0_RP0_CPU0,0,0,obt-collector1,199

2020-02-02 22:12:13.297000+00:00,spine2,wadjet-t-sg0,,ipv4_static,0/RP0/CPU0,0,ipv4_staticnode0_RP0_CPU0,0,0,obt-collector1,60

2020-02-02 22:12:13.297000+00:00,spine2,wadjet-t-sg0,,pim6,0/RP0/CPU0,0,pim6node0_RP0_CPU0,0,0,obt-collector1,199

2020-02-02 22:12:13.297000+00:00,spine2,wadjet-t-sg0,,pim,0/RP0/CPU0,0,pimnode0_RP0_CPU0,0,0,obt-collector1,199

2020-02-02 22:12:23.296000+00:00,spine2,wadjet-t-sg0,,L2VPN_ATOM,0/RP0/CPU0,0,L2VPN_ATOMnode0_RP0_CPU0,0,0,obt-collector1,120

2020-02-02 22:12:23.296000+00:00,spine2,wadjet-t-sg0,,bgp-default,0/RP0/CPU0,61,bgp-defaultnode0_RP0_CPU0,0,0,obt-collector1,60

2020-02-02 22:12:23.296000+00:00,spine2,wadjet-t-sg0,,XTC,0/RP0/CPU0,0,XTCnode0_RP0_CPU0,0,0,obt-collector1,180

2020-02-02 22:12:23.297000+00:00,spine2,wadjet-t-sg0,,pim6,0/RP0/CPU0,0,pim6node0_RP0_CPU0,0,0,obt-collector1,199

2020-02-02 22:12:23.297000+00:00,spine2,wadjet-t-sg0,,pim,0/RP0/CPU0,0,pimnode0_RP0_CPU0,0,0,obt-collector1,199

2020-02-02 22:12:23.297000+00:00,spine2,wadjet-t-sg0,,ipv4_static,0/RP0/CPU0,0,ipv4_staticnode0_RP0_CPU0,0,0,obt-collector1,60

2020-02-02 22:12:23.297000+00:00,spine2,wadjet-t-sg0,,bundlemgr_distrib,0/RP0/CPU0,0,bundlemgr_distribnode0_RP0_CPU0,0,0,obt-collector1,60

2020-02-02 22:12:23.297000+00:00,spine2,wadjet-t-sg0,,object_tracking,0/RP0/CPU0,0,object_trackingnode0_RP0_CPU0,0,0,obt-collector1,199

2020-02-02 22:12:33.297000+00:00,spine2,wadjet-t-sg0,,bundlemgr_distrib,0/RP0/CPU0,0,bundlemgr_distribnode0_RP0_CPU0,0,0,obt-collector1,60

2020-02-02 22:12:33.297000+00:00,spine2,wadjet-t-sg0,,object_tracking,0/RP0/CPU0,0,object_trackingnode0_RP0_CPU0,0,0,obt-collector1,199

2020-02-02 22:12:33.297000+00:00,spine2,wadjet-t-sg0,,XTC,0/RP0/CPU0,0,XTCnode0_RP0_CPU0,0,0,obt-collector1,180

2020-02-02 22:12:33.297000+00:00,spine2,wadjet-t-sg0,,L2VPN_ATOM,0/RP0/CPU0,0,L2VPN_ATOMnode0_RP0_CPU0,0,0,obt-collector1,120

2020-02-02 22:12:33.297000+00:00,spine2,wadjet-t-sg0,,bgp-default,0/RP0/CPU0,61,bgp-defaultnode0_RP0_CPU0,0,0,obt-collector1,60

2020-02-02 22:12:33.297000+00:00,spine2,wadjet-t-sg0,,ipv4_static,0/RP0/CPU0,0,ipv4_staticnode0_RP0_CPU0,0,0,obt-collector1,60

2020-02-02 22:12:33.297000+00:00,spine2,wadjet-t-sg0,,pim6,0/RP0/CPU0,0,pim6node0_RP0_CPU0,0,0,obt-collector1,199

2020-02-02 22:12:33.298000+00:00,spine2,wadjet-t-sg0,,pim,0/RP0/CPU0,0,pimnode0_RP0_CPU0,0,0,obt-collector1,199

2020-02-02 22:12:43.296000+00:00,spine2,wadjet-t-sg0,,pim6,0/RP0/CPU0,0,pim6node0_RP0_CPU0,0,0,obt-collector1,199

2020-02-02 22:12:43.296000+00:00,spine2,wadjet-t-sg0,,XTC,0/RP0/CPU0,0,XTCnode0_RP0_CPU0,0,0,obt-collector1,180

2020-02-02 22:12:43.296000+00:00,spine2,wadjet-t-sg0,,bundlemgr_distrib,0/RP0/CPU0,0,bundlemgr_distribnode0_RP0_CPU0,0,0,obt-collector1,60

2020-02-02 22:12:43.296000+00:00,spine2,wadjet-t-sg0,,object_tracking,0/RP0/CPU0,0,object_trackingnode0_RP0_CPU0,0,0,obt-collector1,199

2020-02-02 22:12:43.296000+00:00,spine2,wadjet-t-sg0,,ipv4_static,0/RP0/CPU0,0,ipv4_staticnode0_RP0_CPU0,0,0,obt-collector1,60

2020-02-02 22:12:43.296000+00:00,spine2,wadjet-t-sg0,,L2VPN_ATOM,0/RP0/CPU0,0,L2VPN_ATOMnode0_RP0_CPU0,0,0,obt-collector1,120

2020-02-02 22:12:43.296000+00:00,spine2,wadjet-t-sg0,,bgp-default,0/RP0/CPU0,61,bgp-defaultnode0_RP0_CPU0,0,0,obt-collector1,60

2020-02-02 22:12:43.297000+00:00,spine2,wadjet-t-sg0,,pim,0/RP0/CPU0,0,pimnode0_RP0_CPU0,0,0,obt-collector1,199

2020-02-02 22:12:53.297000+00:00,spine2,wadjet-t-sg0,,bgp-default,0/RP0/CPU0,61,bgp-defaultnode0_RP0_CPU0,0,0,obt-collector1,60

2020-02-02 22:12:53.297000+00:00,spine2,wadjet-t-sg0,,L2VPN_ATOM,0/RP0/CPU0,0,L2VPN_ATOMnode0_RP0_CPU0,0,0,obt-collector1,120

2020-02-02 22:12:53.297000+00:00,spine2,wadjet-t-sg0,,XTC,0/RP0/CPU0,0,XTCnode0_RP0_CPU0,0,0,obt-collector1,180

2020-02-02 22:12:53.297000+00:00,spine2,wadjet-t-sg0,,ipv4_static,0/RP0/CPU0,0,ipv4_staticnode0_RP0_CPU0,0,0,obt-collector1,60

2020-02-02 22:12:53.297000+00:00,spine2,wadjet-t-sg0,,bundlemgr_distrib,0/RP0/CPU0,0,bundlemgr_distribnode0_RP0_CPU0,0,0,obt-collector1,60

2020-02-02 22:12:53.297000+00:00,spine2,wadjet-t-sg0,,object_tracking,0/RP0/CPU0,0,object_trackingnode0_RP0_CPU0,0,0,obt-collector1,199

2020-02-02 22:12:53.298000+00:00,spine2,wadjet-t-sg0,,pim,0/RP0/CPU0,0,pimnode0_RP0_CPU0,0,0,obt-collector1,199

2020-02-02 22:12:53.298000+00:00,spine2,wadjet-t-sg0,,pim6,0/RP0/CPU0,0,pim6node0_RP0_CPU0,0,0,obt-collector1,199

2020-02-02 22:13:03.297000+00:00,spine2,wadjet-t-sg0,,bgp-default,0/RP0/CPU0,61,bgp-defaultnode0_RP0_CPU0,0,0,obt-collector1,60

2020-02-02 22:13:03.297000+00:00,spine2,wadjet-t-sg0,,bundlemgr_distrib,0/RP0/CPU0,0,bundlemgr_distribnode0_RP0_CPU0,0,0,obt-collector1,60

2020-02-02 22:13:03.297000+00:00,spine2,wadjet-t-sg0,,ipv4_static,0/RP0/CPU0,0,ipv4_staticnode0_RP0_CPU0,0,0,obt-collector1,60

2020-02-02 22:13:03.297000+00:00,spine2,wadjet-t-sg0,,L2VPN_ATOM,0/RP0/CPU0,0,L2VPN_ATOMnode0_RP0_CPU0,0,0,obt-collector1,120

2020-02-02 22:13:03.297000+00:00,spine2,wadjet-t-sg0,,XTC,0/RP0/CPU0,0,XTCnode0_RP0_CPU0,0,0,obt-collector1,180

2020-02-02 22:13:03.298000+00:00,spine2,wadjet-t-sg0,,pim6,0/RP0/CPU0,0,pim6node0_RP0_CPU0,0,0,obt-collector1,199

2020-02-02 22:13:03.298000+00:00,spine2,wadjet-t-sg0,,object_tracking,0/RP0/CPU0,0,object_trackingnode0_RP0_CPU0,0,0,obt-collector1,199

2020-02-02 22:13:03.298000+00:00,spine2,wadjet-t-sg0,,pim,0/RP0/CPU0,0,pimnode0_RP0_CPU0,0,0,obt-collector1,199

2020-02-02 22:13:13.297000+00:00,spine2,wadjet-t-sg0,,L2VPN_ATOM,0/RP0/CPU0,0,L2VPN_ATOMnode0_RP0_CPU0,0,0,obt-collector1,120

2020-02-02 22:13:13.297000+00:00,spine2,wadjet-t-sg0,,XTC,0/RP0/CPU0,0,XTCnode0_RP0_CPU0,0,0,obt-collector1,180

2020-02-02 22:13:13.298000+00:00,spine2,wadjet-t-sg0,,pim,0/RP0/CPU0,0,pimnode0_RP0_CPU0,0,0,obt-collector1,199

2020-02-02 22:13:13.298000+00:00,spine2,wadjet-t-sg0,,pim6,0/RP0/CPU0,0,pim6node0_RP0_CPU0,0,0,obt-collector1,199

2020-02-02 22:13:13.298000+00:00,spine2,wadjet-t-sg0,,object_tracking,0/RP0/CPU0,0,object_trackingnode0_RP0_CPU0,0,0,obt-collector1,199

2020-02-02 22:13:13.298000+00:00,spine2,wadjet-t-sg0,,ipv4_static,0/RP0/CPU0,0,ipv4_staticnode0_RP0_CPU0,0,0,obt-collector1,60

2020-02-02 22:13:13.298000+00:00,spine2,wadjet-t-sg0,,bgp-default,0/RP0/CPU0,61,bgp-defaultnode0_RP0_CPU0,0,0,obt-collector1,60

2020-02-02 22:13:13.298000+00:00,spine2,wadjet-t-sg0,,bundlemgr_distrib,0/RP0/CPU0,0,bundlemgr_distribnode0_RP0_CPU0,0,0,obt-collector1,60

2020-02-02 22:13:23.297000+00:00,spine2,wadjet-t-sg0,,bgp-default,0/RP0/CPU0,61,bgp-defaultnode0_RP0_CPU0,0,0,obt-collector1,60

2020-02-02 22:13:23.297000+00:00,spine2,wadjet-t-sg0,,bundlemgr_distrib,0/RP0/CPU0,0,bundlemgr_distribnode0_RP0_CPU0,0,0,obt-collector1,60

2020-02-02 22:13:23.297000+00:00,spine2,wadjet-t-sg0,,pim,0/RP0/CPU0,0,pimnode0_RP0_CPU0,0,0,obt-collector1,199

2020-02-02 22:13:23.297000+00:00,spine2,wadjet-t-sg0,,L2VPN_ATOM,0/RP0/CPU0,0,L2VPN_ATOMnode0_RP0_CPU0,0,0,obt-collector1,120

2020-02-02 22:13:23.297000+00:00,spine2,wadjet-t-sg0,,XTC,0/RP0/CPU0,0,XTCnode0_RP0_CPU0,0,0,obt-collector1,180

2020-02-02 22:13:23.297000+00:00,spine2,wadjet-t-sg0,,ipv4_static,0/RP0/CPU0,0,ipv4_staticnode0_RP0_CPU0,0,0,obt-collector1,60

2020-02-02 22:13:23.297000+00:00,spine2,wadjet-t-sg0,,pim6,0/RP0/CPU0,0,pim6node0_RP0_CPU0,0,0,obt-collector1,199

2020-02-02 22:13:23.297000+00:00,spine2,wadjet-t-sg0,,object_tracking,0/RP0/CPU0,0,object_trackingnode0_RP0_CPU0,0,0,obt-collector1,199

2020-02-02 22:13:33.297000+00:00,spine2,wadjet-t-sg0,,bgp-default,0/RP0/CPU0,61,bgp-defaultnode0_RP0_CPU0,0,0,obt-collector1,60

2020-02-02 22:13:33.297000+00:00,spine2,wadjet-t-sg0,,L2VPN_ATOM,0/RP0/CPU0,0,L2VPN_ATOMnode0_RP0_CPU0,0,0,obt-collector1,120

2020-02-02 22:13:33.297000+00:00,spine2,wadjet-t-sg0,,object_tracking,0/RP0/CPU0,0,object_trackingnode0_RP0_CPU0,0,0,obt-collector1,199

2020-02-02 22:13:33.297000+00:00,spine2,wadjet-t-sg0,,bundlemgr_distrib,0/RP0/CPU0,0,bundlemgr_distribnode0_RP0_CPU0,0,0,obt-collector1,60

2020-02-02 22:13:33.297000+00:00,spine2,wadjet-t-sg0,,ipv4_static,0/RP0/CPU0,0,ipv4_staticnode0_RP0_CPU0,0,0,obt-collector1,60

2020-02-02 22:13:33.297000+00:00,spine2,wadjet-t-sg0,,XTC,0/RP0/CPU0,0,XTCnode0_RP0_CPU0,0,0,obt-collector1,180

2020-02-02 22:13:33.298000+00:00,spine2,wadjet-t-sg0,,pim6,0/RP0/CPU0,0,pim6node0_RP0_CPU0,0,0,obt-collector1,199

2020-02-02 22:13:33.298000+00:00,spine2,wadjet-t-sg0,,pim,0/RP0/CPU0,0,pimnode0_RP0_CPU0,0,0,obt-collector1,199

2020-02-02 22:13:43.298000+00:00,spine2,wadjet-t-sg0,,pim6,0/RP0/CPU0,0,pim6node0_RP0_CPU0,0,0,obt-collector1,199

2020-02-02 22:13:43.298000+00:00,spine2,wadjet-t-sg0,,pim,0/RP0/CPU0,0,pimnode0_RP0_CPU0,0,0,obt-collector1,199

2020-02-02 22:13:43.298000+00:00,spine2,wadjet-t-sg0,,ipv4_static,0/RP0/CPU0,0,ipv4_staticnode0_RP0_CPU0,0,0,obt-collector1,60

2020-02-02 22:13:43.298000+00:00,spine2,wadjet-t-sg0,,L2VPN_ATOM,0/RP0/CPU0,0,L2VPN_ATOMnode0_RP0_CPU0,0,0,obt-collector1,120

2020-02-02 22:13:43.298000+00:00,spine2,wadjet-t-sg0,,bgp-default,0/RP0/CPU0,61,bgp-defaultnode0_RP0_CPU0,0,0,obt-collector1,60

2020-02-02 22:13:43.298000+00:00,spine2,wadjet-t-sg0,,XTC,0/RP0/CPU0,0,XTCnode0_RP0_CPU0,0,0,obt-collector1,180

2020-02-02 22:13:43.298000+00:00,spine2,wadjet-t-sg0,,bundlemgr_distrib,0/RP0/CPU0,0,bundlemgr_distribnode0_RP0_CPU0,0,0,obt-collector1,60

2020-02-02 22:13:43.298000+00:00,spine2,wadjet-t-sg0,,object_tracking,0/RP0/CPU0,0,object_trackingnode0_RP0_CPU0,0,0,obt-collector1,199

