,Producer,Target,ack-only-packets-sent,ack-packets-for-unsent-received,ack-packets-received,ackbytes-received,after-window-bytes-received,after-window-packets-received,bad-checksum-packets-received,bytes-retransmitted,connection-rate-limited,connections-accepted,connections-closed,connections-dropped,connections-established,connections-failed,connections-forcibly-closed,connections-requested,control-packets-sent,data-bytes-received-in-sequence,data-bytes-sent,data-packets-received-in-sequence,data-pakets-sent,delay-ack-packets-sent,duplicate-bytes-received,duplicate-packets-received,duplicated-ack-packets-received,embryonic-connection-dropped,established-connections-reset,high-water-mark-throttle,host,i-qs-total-egpackets,i-qs-total-ingpackets,id,iq-ingress-drops,iq-sock-aborts,iq-sock-retries,iq-sock-writes,iqs-total-egpacket/entry,iqs-total-ingpacket/entry,keep-alive-dropped,keep-alive-probes,keep-alive-timeouts,low-water-mark-throttle,malformed-packets-received,mss-down,mss-up,no-port-packets-received,no-throttle,num-open-sockets,out-of-order-bytes-received,out-of-order-packets-received,packet-failures,packets-received-after-close-packet,packets-retransmitted,partial-duplicate-ack-received,partial-duplicate-bytes-received,paws-dropped,persist-dropped,pulse-errors,reassembly-packets,received-auth-packets-dropped,received-packets-dropped,received-packets-dropped-stale-c-hdr,recovered-packets,retransmit-dropped,retransmit-timeouts,rst-packets-sent,send-auth-packets-dropped,send-packets-dropped,sock-async-double-free-prevent-count,sockbuf-pak-res-cur,sockbuf-pak-res-max,socket-layer-packets,stalled-timer-tickle-count,stalled-timer-tickle-time,syn-cache-aborted,syn-cache-added,syn-cache-bucket-oflow,syn-cache-completed,syn-cache-count,syn-cache-dropped,syn-cache-duplicate-sy-ns,syn-cache-overflow,syn-cache-reset,syn-cache-timed-out,syn-cache-unreach,synacl-match-pkts-dropped,too-short-packets-received,total-i-qs,total-packets-received,total-pakets-sent,truncated-write-iov,try-lock-dropped,urgent-only-packets-sent,window-probe-packets-received,window-probe-packets-sent,window-update-packets-received,window-update-packets-sent

2020-02-02 21:58:04.293000+00:00,leaf8,sg0,28057236,0,114017292,2056091590,0,0,0,95590226,0,23933,133591,39539,113564,118513,0,208157,736837,890389986,2055945693,37594919,195428894,27636347,1208211,52255,56433,19667,11222,0,obt-collector1,,,0/RP0/CPU0,0,0,0,73136298,0,0,19669,14328,250577,45,0,0,0,12630,196842,63,10822,55,0,3,498165,160,5012,0,0,0,0,0,17510,0,0,82,543949,17710,0,0,,0,4000,0,0,0,0,260,0,4,0,0,0,0,256,0,0,0,0,8,144287498,195955624,0,0,0,0,0,113885626,196887

2020-02-02 21:58:14.427000+00:00,leaf8,sg0,28057268,0,114017527,2056481634,0,0,0,95590226,0,23933,133591,39539,113564,118514,0,208158,736839,890391794,2056335737,37595006,195429286,27636379,1208211,52255,56433,19667,11222,0,obt-collector1,,,0/RP0/CPU0,0,0,0,73136467,0,0,19669,14328,250579,45,0,0,0,12630,196842,63,10822,55,0,3,498166,160,5012,0,0,0,0,0,17510,0,0,82,543950,17710,0,0,,0,4000,0,0,0,0,260,0,4,0,0,0,0,256,0,0,0,0,8,144287807,195956017,0,0,0,0,0,113885861,196887

2020-02-02 21:58:24.525000+00:00,leaf8,sg0,28057296,0,114017742,2056871502,0,0,0,95590226,0,23933,133591,39539,113564,118514,0,208158,736841,890393454,2056725605,37595091,195429673,27636407,1208211,52255,56433,19667,11222,0,obt-collector1,,,0/RP0/CPU0,0,0,0,73136635,0,0,19669,14328,250579,45,0,0,0,12630,196842,63,10822,55,0,3,498168,160,5012,0,0,0,0,0,17510,0,0,82,543952,17710,0,0,,0,4000,0,0,0,0,260,0,4,0,0,0,0,256,0,0,0,0,8,144288097,195956406,0,0,0,0,0,113886076,196887

2020-02-02 21:58:34.626000+00:00,leaf8,sg0,28057324,0,114017982,2057263526,0,0,0,95590226,0,23933,133591,39539,113564,118514,0,208158,736841,890396653,2057117629,37595192,195430081,27636435,1208211,52255,56433,19667,11222,0,obt-collector1,,,0/RP0/CPU0,0,0,0,73136841,0,0,19669,14329,250580,45,0,0,0,12630,196842,63,10822,55,0,3,498168,160,5012,0,0,0,0,0,17510,0,0,82,543952,17710,0,0,,0,4000,0,0,0,0,260,0,4,0,0,0,0,256,0,0,0,0,8,144288419,195956815,0,0,0,0,0,113886316,196887

2020-02-02 21:58:44.727000+00:00,leaf8,sg0,28057352,0,114018213,2057653506,0,0,0,95590226,0,23933,133591,39539,113564,118515,0,208159,736842,890398465,2057507609,37595279,195430473,27636463,1208211,52255,56433,19667,11222,0,obt-collector1,,,0/RP0/CPU0,0,0,0,73137010,0,0,19669,14329,250582,45,0,0,0,12630,196842,63,10822,55,0,3,498168,160,5012,0,0,0,0,0,17510,0,0,82,543952,17710,0,0,,0,4000,0,0,0,0,260,0,4,0,0,0,0,256,0,0,0,0,8,144288725,195957207,0,0,0,0,0,113886547,196887

2020-02-02 21:58:54.874000+00:00,leaf8,sg0,28057380,0,114018448,2058043326,0,0,0,95590226,0,23933,133591,39539,113564,118515,0,208159,736844,890400189,2057897429,37595365,195430858,27636491,1208211,52255,56433,19667,11222,0,obt-collector1,,,0/RP0/CPU0,0,0,0,73137178,0,0,19669,14329,250582,45,0,0,0,12630,196842,63,10822,55,0,3,498170,160,5012,0,0,0,0,0,17510,0,0,82,543954,17710,0,0,,0,4000,0,0,0,0,260,0,4,0,0,0,0,256,0,0,0,0,8,144289035,195957594,0,0,0,0,0,113886782,196887

2020-02-02 21:59:04.984000+00:00,leaf8,sg0,28057407,0,114018696,2058435420,0,0,0,95590226,0,23933,133591,39539,113564,118515,0,208159,736845,890403088,2058289523,37595462,195431266,27636512,1208211,52255,56433,19667,11222,0,obt-collector1,,,0/RP0/CPU0,0,0,0,73137381,0,0,19669,14330,250583,45,0,0,0,12630,196848,63,10822,55,0,3,498171,160,5012,0,0,0,0,0,17510,0,0,82,543955,17710,0,0,,0,4000,0,0,0,0,260,0,4,0,0,0,0,256,0,0,0,0,8,144289360,195958004,0,0,0,0,0,113887030,196893

2020-02-02 21:59:15.105000+00:00,leaf8,sg0,28057435,0,114018917,2058825448,0,0,0,95590226,0,23933,133591,39539,113564,118516,0,208159,736845,890404904,2058679551,37595549,195431653,27636540,1208211,52255,56433,19667,11222,0,obt-collector1,,,0/RP0/CPU0,0,0,0,73137550,0,0,19669,14330,250584,45,0,0,0,12630,196848,63,10822,55,0,3,498171,160,5012,0,0,0,0,0,17510,0,0,82,543955,17710,0,0,,0,4000,0,0,0,0,260,0,4,0,0,0,0,256,0,0,0,0,8,144289655,195958391,0,0,0,0,0,113887251,196893

2020-02-02 21:59:25.196000+00:00,leaf8,sg0,28057462,0,114019136,2059215428,0,0,0,95590226,0,23933,133591,39539,113564,118516,0,208160,736847,890406628,2059069531,37595635,195432037,27636567,1208211,52255,56433,19667,11222,0,obt-collector1,,,0/RP0/CPU0,0,0,0,73137718,0,0,19669,14330,250585,45,0,0,0,12630,196848,63,10822,55,0,3,498172,160,5012,0,0,0,0,0,17510,0,0,82,543956,17710,0,0,,0,4000,0,0,0,0,260,0,4,0,0,0,0,256,0,0,0,0,8,144289950,195958776,0,0,0,0,0,113887470,196893

2020-02-02 21:59:35.527000+00:00,leaf8,sg0,28057498,0,114019371,2059607266,0,0,0,95590226,0,23933,133591,39539,113564,118516,0,208160,736849,890408864,2059461369,37595732,195432433,27636602,1208211,52255,56433,19667,11222,0,obt-collector1,,,0/RP0/CPU0,0,0,0,73137899,0,0,19669,14331,250586,45,0,0,0,12630,196849,63,10822,55,0,3,498174,160,5012,0,0,0,0,0,17510,0,0,82,543958,17710,0,0,,0,4000,0,0,0,0,260,0,4,0,0,0,0,256,0,0,0,0,8,144290265,195959175,0,0,0,0,0,113887705,196894

2020-02-02 21:59:45.649000+00:00,leaf8,sg0,28057525,0,114019607,2059997070,0,0,0,95590226,0,23933,133591,39539,113564,118516,0,208160,736849,890410684,2059851173,37595819,195432817,27636629,1208211,52255,56433,19667,11222,0,obt-collector1,,,0/RP0/CPU0,0,0,0,73138068,0,0,19669,14331,250586,45,0,0,0,12630,196849,63,10822,55,0,3,498174,160,5012,0,0,0,0,0,17510,0,0,82,543958,17710,0,0,,0,4000,0,0,0,0,260,0,4,0,0,0,0,256,0,0,0,0,8,144290574,195959559,0,0,0,0,0,113887941,196894

2020-02-02 21:59:55.753000+00:00,leaf8,sg0,28057552,0,114019847,2060387002,0,0,0,95590226,0,23933,133591,39539,113564,118517,0,208161,736850,890412408,2060241105,37595905,195433206,27636656,1208211,52255,56433,19667,11222,0,obt-collector1,,,0/RP0/CPU0,0,0,0,73138236,0,0,19669,14332,250589,45,0,0,0,12630,196850,63,10822,55,0,3,498174,160,5012,0,0,0,0,0,17510,0,0,82,543958,17710,0,0,,0,4000,0,0,0,0,260,0,4,0,0,0,0,256,0,0,0,0,8,144290890,195959949,0,0,0,0,0,113888181,196895

2020-02-02 22:00:05.847000+00:00,leaf8,sg0,28057572,0,114020110,2060777719,0,0,0,95590226,0,23933,133591,39539,113564,118517,0,208161,736852,890414431,2060631822,37595993,195433614,27636676,1208211,52255,56433,19667,11222,0,obt-collector1,,,0/RP0/CPU0,0,0,0,73138428,0,0,19669,14332,250589,45,0,0,0,12630,196850,62,10822,55,0,3,498176,160,5012,0,0,0,0,0,17510,0,0,82,543960,17710,0,0,,0,4000,0,0,0,0,260,0,4,0,0,0,0,256,0,0,0,0,8,144291229,195960359,0,0,0,0,0,113888444,196895

2020-02-02 22:00:15.944000+00:00,leaf8,sg0,28057603,0,114020328,2061167603,0,0,0,95590226,0,23933,133591,39539,113564,118517,0,208161,736853,890416259,2061021706,37596080,195434001,27636705,1208211,52255,56433,19667,11222,0,obt-collector1,,,0/RP0/CPU0,0,0,0,73138597,0,0,19669,14332,250589,45,0,0,0,12630,196852,62,10822,55,0,3,498177,160,5012,0,0,0,0,0,17510,0,0,82,543961,17710,0,0,,0,4000,0,0,0,0,260,0,4,0,0,0,0,256,0,0,0,0,8,144291522,195960747,0,0,0,0,0,113888662,196897

2020-02-02 22:00:26.037000+00:00,leaf8,sg0,28057633,0,114020525,2061557647,0,0,0,95590226,0,23933,133591,39539,113564,118518,0,208161,736853,890417976,2061411750,37596168,195434386,27636735,1208211,52255,56433,19667,11222,0,obt-collector1,,,0/RP0/CPU0,0,0,0,73138768,0,0,19669,14333,250591,45,0,0,0,12630,196852,62,10822,55,0,3,498177,160,5012,0,0,0,0,0,17510,0,0,82,543961,17710,0,0,,0,4000,0,0,0,0,260,0,4,0,0,0,0,256,0,0,0,0,8,144291795,195961133,0,0,0,0,0,113888859,196897

2020-02-02 22:00:36.174000+00:00,leaf8,sg0,28057660,0,114020753,2061947499,0,0,0,95590226,0,23933,133592,39540,113564,118518,0,208161,736853,890419727,2061801602,37596254,195434770,27636761,1208211,52255,56433,19668,11222,0,obt-collector1,,,0/RP0/CPU0,0,0,0,73138939,0,0,19670,14333,250592,45,0,0,0,12630,196853,62,10822,55,0,3,498177,160,5012,0,0,0,0,0,17510,0,0,82,543961,17710,0,0,,0,4000,0,0,0,0,260,0,4,0,0,0,0,256,0,0,0,0,8,144292096,195961517,0,0,0,0,0,113889087,196898

2020-02-02 22:00:46.289000+00:00,leaf8,sg0,28057690,0,114020989,2062337255,0,0,0,95590226,0,23933,133592,39540,113564,118518,0,208162,736855,890421415,2062191358,37596340,195435158,27636791,1208211,52255,56433,19668,11222,0,obt-collector1,,,0/RP0/CPU0,0,0,0,73139108,0,0,19670,14333,250592,45,0,0,0,12630,196853,63,10822,55,0,3,498178,160,5012,0,0,0,0,0,17510,0,0,82,543963,17710,0,0,,0,4000,0,0,0,0,260,0,4,0,0,0,0,256,0,0,0,0,8,144292408,195961906,0,0,0,0,0,113889323,196898

2020-02-02 22:00:56.380000+00:00,leaf8,sg0,28057717,0,114021223,2062727043,0,0,0,95590226,0,23933,133592,39540,113564,118518,0,208162,736856,890423139,2062581146,37596426,195435543,27636817,1208211,52255,56433,19668,11222,0,obt-collector1,,,0/RP0/CPU0,0,0,0,73139276,0,0,19670,14334,250593,45,0,0,0,12630,196854,63,10822,55,0,3,498179,160,5012,0,0,0,0,0,17510,0,0,82,543964,17710,0,0,,0,4000,0,0,0,0,260,0,4,0,0,0,0,256,0,0,0,0,8,144292717,195962293,0,0,0,0,0,113889557,196899

2020-02-02 22:01:06.517000+00:00,leaf8,sg0,28057745,0,114021431,2063116978,0,0,0,95590226,0,23933,133592,39540,113564,118519,0,208162,736857,890424863,2062971081,37596512,195435928,27636845,1208211,52255,56433,19668,11222,0,obt-collector1,,,0/RP0/CPU0,0,0,0,73139445,0,0,19670,14334,250594,45,0,0,0,12630,196854,63,10822,55,0,3,498180,160,5012,0,0,0,0,0,17510,0,0,82,543965,17710,0,0,,0,4000,0,0,0,0,260,0,4,0,0,0,0,256,0,0,0,0,8,144293000,195962679,0,0,0,0,0,113889765,196899

2020-02-02 22:01:16.627000+00:00,leaf8,sg0,28057775,0,114021657,2063507091,0,0,0,95590226,0,23933,133592,39540,113564,118519,0,208163,736859,890427176,2063361859,37596629,195436360,27636873,1208211,52255,56433,19668,11222,0,obt-collector1,,,0/RP0/CPU0,0,0,0,73139686,0,0,19670,14334,250595,45,0,0,0,12630,196856,63,10822,55,0,3,498181,160,5012,0,0,0,0,0,17510,0,0,82,543966,17710,0,0,,0,4000,0,0,0,0,260,0,4,0,0,0,0,256,0,0,0,0,8,144293331,195963112,0,0,0,0,0,113889991,196901

2020-02-02 22:01:26.731000+00:00,leaf8,sg0,28057805,0,114021883,2063897147,0,0,0,95590226,0,23933,133592,39540,113564,118519,0,208163,736861,890428976,2063751839,37596719,195436750,27636901,1208211,52255,56433,19668,11222,0,obt-collector1,,,0/RP0/CPU0,0,0,0,73139858,0,0,19670,14335,250596,45,0,0,0,12630,196858,63,10822,55,0,3,498183,160,5012,0,0,0,0,0,17510,0,0,82,543968,17710,0,0,,0,4000,0,0,0,0,260,0,4,0,0,0,0,256,0,0,0,0,8,144293632,195963505,0,0,0,0,0,113890217,196903

2020-02-02 22:01:36.849000+00:00,leaf8,sg0,28057838,0,114022134,2064287604,0,0,0,95590226,0,23933,133592,39540,113564,118519,0,208163,736861,890430719,2064141707,37596806,195437142,27636934,1208211,52255,56433,19668,11222,0,obt-collector1,,,0/RP0/CPU0,0,0,0,73140027,0,0,19670,14335,250596,45,0,0,0,12630,196858,63,10822,55,0,3,498183,160,5012,0,0,0,0,0,17510,0,0,82,543968,17710,0,0,,0,4000,0,0,0,0,260,0,4,0,0,0,0,256,0,0,0,0,8,144293955,195963897,0,0,0,0,0,113890468,196903

2020-02-02 22:01:46.948000+00:00,leaf8,sg0,28057870,0,114022370,2064677408,0,0,0,95590226,0,23933,133592,39540,113564,118520,0,208164,736862,890432379,2064531511,37596891,195437532,27636966,1208211,52255,56433,19668,11222,0,obt-collector1,,,0/RP0/CPU0,0,0,0,73140195,0,0,19670,14335,250598,45,0,0,0,12630,196858,63,10822,55,0,3,498183,160,5012,0,0,0,0,0,17510,0,0,82,543968,17710,0,0,,0,4000,0,0,0,0,260,0,4,0,0,0,0,256,0,0,0,0,8,144294262,195964287,0,0,0,0,0,113890704,196903

2020-02-02 22:01:57.051000+00:00,leaf8,sg0,28057898,0,114022599,2065067404,0,0,0,95590226,0,23933,133592,39540,113564,118520,0,208164,736864,890434039,2064921507,37596976,195437917,27636994,1208211,52255,56433,19668,11222,0,obt-collector1,,,0/RP0/CPU0,0,0,0,73140363,0,0,19670,14336,250599,45,0,0,0,12630,196858,63,10822,55,0,3,498185,160,5012,0,0,0,0,0,17510,0,0,82,543970,17710,0,0,,0,4000,0,0,0,0,260,0,4,0,0,0,0,256,0,0,0,0,8,144294565,195964675,0,0,0,0,0,113890933,196903

2020-02-02 22:02:07.219000+00:00,leaf8,sg0,28057927,0,114022885,2065651315,0,0,0,95590226,0,23933,133592,39540,113564,118520,0,208164,736865,890435827,2065505570,37597063,195438440,27637023,1208211,52255,56433,19668,11222,0,obt-collector1,,,0/RP0/CPU0,0,0,0,73140532,0,0,19670,14336,250599,45,0,0,0,12630,196858,63,10822,55,0,3,498186,160,5012,0,0,0,0,0,17510,0,0,82,543971,17710,0,0,,0,4000,0,0,0,0,260,0,4,0,0,0,0,256,0,0,0,0,8,144294924,195965199,0,0,0,0,0,113891220,196903

2020-02-02 22:02:17.362000+00:00,leaf8,sg0,28057957,0,114023101,2066039655,0,0,0,95590226,0,23933,133592,39540,113564,118521,0,208164,736865,890437551,2065895218,37597149,195438828,27637051,1208211,52255,56433,19668,11222,0,obt-collector1,,,0/RP0/CPU0,0,0,0,73140700,0,0,19670,14336,250600,45,0,0,0,12630,196860,63,10822,55,0,3,498186,160,5012,0,0,0,0,0,17510,0,0,82,543971,17710,0,0,,0,4000,0,0,0,0,260,0,4,0,0,0,0,256,0,0,0,0,8,144295210,195965587,0,0,0,0,0,113891436,196905

2020-02-02 22:02:27.540000+00:00,leaf8,sg0,28057986,0,114023340,2066431427,0,0,0,95590226,0,23933,133592,39540,113564,118521,0,208165,736868,890439313,2066285530,37597237,195439217,27637079,1208211,52255,56433,19668,11222,0,obt-collector1,,,0/RP0/CPU0,0,0,0,73140870,0,0,19670,14337,250602,45,0,0,0,12630,196861,63,10822,55,0,3,498188,160,5012,0,0,0,0,0,17510,0,0,82,543973,17710,0,0,,0,4000,0,0,0,0,260,0,4,0,0,0,0,256,0,0,0,0,8,144295525,195965979,0,0,0,0,0,113891675,196906

2020-02-02 22:02:37.680000+00:00,leaf8,sg0,28058016,0,114023563,2066821471,0,0,0,95590226,0,23933,133592,39540,113564,118521,0,208165,736869,890441037,2066675574,37597323,195439606,27637109,1208211,52255,56433,19668,11222,0,obt-collector1,,,0/RP0/CPU0,0,0,0,73141038,0,0,19670,14337,250602,45,0,0,0,12630,196861,63,10822,55,0,3,498189,160,5012,0,0,0,0,0,17510,0,0,82,543974,17710,0,0,,0,4000,0,0,0,0,260,0,4,0,0,0,0,256,0,0,0,0,8,144295820,195966369,0,0,0,0,0,113891898,196906

2020-02-02 22:02:47.791000+00:00,leaf8,sg0,28058044,0,114023779,2067211339,0,0,0,95590226,0,23933,133592,39540,113564,118521,0,208165,736869,890442761,2067065442,37597409,195439988,27637137,1208211,52255,56433,19668,11222,0,obt-collector1,,,0/RP0/CPU0,0,0,0,73141206,0,0,19670,14337,250602,45,0,0,0,12630,196861,63,10822,55,0,3,498189,160,5012,0,0,0,0,0,17510,0,0,82,543974,17710,0,0,,0,4000,0,0,0,0,260,0,4,0,0,0,0,256,0,0,0,0,8,144296106,195966751,0,0,0,0,0,113892114,196906

2020-02-02 22:02:57.906000+00:00,leaf8,sg0,28058072,0,114024006,2067601319,0,0,0,95590226,0,23933,133592,39540,113564,118522,0,208166,736870,890444421,2067455422,37597494,195440373,27637165,1208211,52255,56433,19668,11222,0,obt-collector1,,,0/RP0/CPU0,0,0,0,73141374,0,0,19670,14338,250605,45,0,0,0,12630,196861,63,10822,55,0,3,498189,160,5012,0,0,0,0,0,17510,0,0,82,543974,17710,0,0,,0,4000,0,0,0,0,260,0,4,0,0,0,0,256,0,0,0,0,8,144296405,195967137,0,0,0,0,0,113892341,196906

2020-02-02 22:03:08.022000+00:00,leaf8,sg0,28058101,0,114024221,2067991318,0,0,0,95590226,0,23933,133592,39540,113564,118522,0,208166,736872,890446081,2067845421,37597579,195440760,27637194,1208211,52255,56433,19668,11222,0,obt-collector1,,,0/RP0/CPU0,0,0,0,73141543,0,0,19670,14338,250605,45,0,0,0,12630,196861,63,10822,55,0,3,498191,160,5012,0,0,0,0,0,17510,0,0,82,543976,17710,0,0,,0,4000,0,0,0,0,260,0,4,0,0,0,0,256,0,0,0,0,8,144296693,195967526,0,0,0,0,0,113892556,196906

2020-02-02 22:03:18.127000+00:00,leaf8,sg0,28058131,0,114024444,2068381106,0,0,0,95590226,0,23933,133592,39540,113564,118522,0,208166,736873,890447824,2068235209,37597666,195441148,27637224,1208211,52255,56433,19668,11222,0,obt-collector1,,,0/RP0/CPU0,0,0,0,73141712,0,0,19670,14338,250605,45,0,0,0,12630,196861,63,10822,55,0,3,498192,160,5012,0,0,0,0,0,17510,0,0,82,543977,17710,0,0,,0,4000,0,0,0,0,260,0,4,0,0,0,0,256,0,0,0,0,8,144296989,195967915,0,0,0,0,0,113892779,196906

2020-02-02 22:03:28.237000+00:00,leaf8,sg0,28058160,0,114024678,2068770990,0,0,0,95590226,0,23933,133592,39540,113564,118523,0,208166,736873,890449548,2068625093,37597752,195441534,27637253,1208211,52255,56433,19668,11222,0,obt-collector1,,,0/RP0/CPU0,0,0,0,73141880,0,0,19670,14339,250607,45,0,0,0,12630,196861,63,10822,55,0,3,498192,160,5012,0,0,0,0,0,17510,0,0,82,543977,17710,0,0,,0,4000,0,0,0,0,260,0,4,0,0,0,0,256,0,0,0,0,8,144297296,195968302,0,0,0,0,0,113893013,196906

2020-02-02 22:03:38.330000+00:00,leaf8,sg0,28058188,0,114024889,2069160922,0,0,0,95590226,0,23933,133592,39540,113564,118523,0,208167,736876,890451272,2069015025,37597838,195441921,27637281,1208211,52255,56433,19668,11222,0,obt-collector1,,,0/RP0/CPU0,0,0,0,73142048,0,0,19670,14339,250608,45,0,0,0,12630,196861,62,10822,55,0,3,498194,160,5012,0,0,0,0,0,17510,0,0,82,543979,17710,0,0,,0,4000,0,0,0,0,260,0,4,0,0,0,0,256,0,0,0,0,8,144297581,195968691,0,0,0,0,0,113893224,196906

2020-02-02 22:03:48.447000+00:00,leaf8,sg0,28058218,0,114025107,2069550678,0,0,0,95590226,0,23933,133592,39540,113564,118523,0,208167,736877,890452996,2069404781,37597924,195442310,27637308,1208211,52255,56433,19668,11222,0,obt-collector1,,,0/RP0/CPU0,0,0,0,73142216,0,0,19670,14339,250608,45,0,0,0,12630,196864,62,10822,55,0,3,498195,160,5012,0,0,0,0,0,17510,0,0,82,543980,17710,0,0,,0,4000,0,0,0,0,260,0,4,0,0,0,0,256,0,0,0,0,8,144297871,195969081,0,0,0,0,0,113893442,196909

2020-02-02 22:03:58.549000+00:00,leaf8,sg0,28058246,0,114025347,2069940658,0,0,0,95590226,0,23933,133592,39540,113564,118523,0,208167,736877,890454720,2069794761,37598010,195442698,27637336,1208211,52255,56433,19668,11222,0,obt-collector1,,,0/RP0/CPU0,0,0,0,73142384,0,0,19670,14340,250609,45,0,0,0,12630,196864,62,10822,55,0,3,498195,160,5012,0,0,0,0,0,17510,0,0,82,543980,17710,0,0,,0,4000,0,0,0,0,260,0,4,0,0,0,0,256,0,0,0,0,8,144298182,195969470,0,0,0,0,0,113893682,196909

2020-02-02 22:04:08.676000+00:00,leaf8,sg0,28058274,0,114025579,2070330497,0,0,0,95590226,0,23933,133593,39541,113564,118524,0,208167,736877,890456380,2070184600,37598095,195443084,27637364,1208211,52255,56433,19669,11222,0,obt-collector1,,,0/RP0/CPU0,0,0,0,73142556,0,0,19671,14340,250611,45,0,0,0,12630,196864,62,10822,55,0,3,498195,160,5012,0,0,0,0,0,17510,0,0,82,543980,17710,0,0,,0,4000,0,0,0,0,260,0,4,0,0,0,0,256,0,0,0,0,8,144298484,195969856,0,0,0,0,0,113893914,196909

2020-02-02 22:04:18.813000+00:00,leaf8,sg0,28058305,0,114025810,2070720349,0,0,0,95590226,0,23933,133593,39541,113564,118524,0,208168,736879,890458142,2070574452,37598183,195443474,27637393,1208211,52255,56433,19669,11222,0,obt-collector1,,,0/RP0/CPU0,0,0,0,73142726,0,0,19671,14340,250611,45,0,0,0,12630,196866,63,10822,55,0,3,498196,160,5012,0,0,0,0,0,17510,0,0,82,543982,17710,0,0,,0,4000,0,0,0,0,260,0,4,0,0,0,0,256,0,0,0,0,8,144298790,195970247,0,0,0,0,0,113894145,196911

2020-02-02 22:04:28.996000+00:00,leaf8,sg0,28058335,0,114026030,2071110457,0,0,0,95590226,0,23933,133593,39541,113564,118524,0,208168,736880,890459802,2070964560,37598268,195443860,27637421,1208211,52255,56433,19669,11222,0,obt-collector1,,,0/RP0/CPU0,0,0,0,73142894,0,0,19671,14341,250612,45,0,0,0,12630,196868,63,10822,55,0,3,498197,160,5012,0,0,0,0,0,17510,0,0,82,543983,17710,0,0,,0,4000,0,0,0,0,260,0,4,0,0,0,0,256,0,0,0,0,8,144299083,195970635,0,0,0,0,0,113894365,196913

2020-02-02 22:04:39.086000+00:00,leaf8,sg0,28058364,0,114026267,2071500389,0,0,0,95590226,0,23933,133593,39541,113564,118524,0,208168,736880,890461526,2071354492,37598354,195444247,27637450,1208211,52255,56433,19669,11222,0,obt-collector1,,,0/RP0/CPU0,0,0,0,73143062,0,0,19671,14341,250612,45,0,0,0,12630,196868,63,10822,55,0,3,498197,160,5012,0,0,0,0,0,17510,0,0,82,543983,17710,0,0,,0,4000,0,0,0,0,260,0,4,0,0,0,0,256,0,0,0,0,8,144299391,195971022,0,0,0,0,0,113894602,196913

2020-02-02 22:04:49.183000+00:00,leaf8,sg0,28058392,0,114026499,2071890241,0,0,0,95590226,0,23933,133593,39541,113564,118525,0,208169,736882,890463250,2071744344,37598440,195444633,27637478,1208211,52255,56433,19669,11222,0,obt-collector1,,,0/RP0/CPU0,0,0,0,73143230,0,0,19671,14341,250614,45,0,0,0,12630,196868,63,10822,55,0,3,498198,160,5012,0,0,0,0,0,17510,0,0,82,543984,17710,0,0,,0,4000,0,0,0,0,260,0,4,0,0,0,0,256,0,0,0,0,8,144299696,195971409,0,0,0,0,0,113894834,196913

2020-02-02 22:04:59.288000+00:00,leaf8,sg0,28058421,0,114026730,2072279997,0,0,0,95590226,0,23933,133593,39541,113564,118525,0,208169,736884,890464974,2072134100,37598526,195445019,27637507,1208211,52255,56433,19669,11222,0,obt-collector1,,,0/RP0/CPU0,0,0,0,73143398,0,0,19671,14342,250615,45,0,0,0,12630,196868,63,10822,55,0,3,498200,160,5012,0,0,0,0,0,17510,0,0,82,543986,17710,0,0,,0,4000,0,0,0,0,260,0,4,0,0,0,0,256,0,0,0,0,8,144300001,195971798,0,0,0,0,0,113895065,196913

2020-02-02 22:05:09.403000+00:00,leaf8,sg0,28058463,0,114027098,2072866037,0,0,0,95590226,0,23934,133599,39542,113570,118525,0,208174,736896,890468269,2072720129,37598627,195445584,27637539,1208211,52255,56433,19669,11223,0,obt-collector1,,,0/RP0/CPU0,0,0,0,73143568,0,0,19671,14342,250615,45,0,0,0,12630,196868,63,10822,55,0,3,498201,160,5012,0,0,0,0,0,17510,0,0,82,543992,17710,0,0,,0,4000,0,0,0,0,260,0,4,0,0,0,0,256,0,0,0,0,8,144300456,195972364,0,0,0,0,0,113895423,196913

2020-02-02 22:05:19.503000+00:00,leaf8,sg0,28058491,0,114027335,2073256097,0,0,0,95590226,0,23934,133599,39542,113570,118526,0,208174,736896,890469929,2073110189,37598712,195445970,27637567,1208211,52255,56433,19669,11223,0,obt-collector1,,,0/RP0/CPU0,0,0,0,73143736,0,0,19671,14342,250616,45,0,0,0,12630,196868,63,10822,55,0,3,498201,160,5012,0,0,0,0,0,17510,0,0,82,543992,17710,0,0,,0,4000,0,0,0,0,260,0,4,0,0,0,0,256,0,0,0,0,8,144300763,195972750,0,0,0,0,0,113895660,196913

2020-02-02 22:05:29.623000+00:00,leaf8,sg0,28058518,0,114027574,2073646141,0,0,0,95590226,0,23934,133599,39542,113570,118526,0,208175,736899,890471653,2073500233,37598798,195446357,27637594,1208211,52255,56433,19669,11223,0,obt-collector1,,,0/RP0/CPU0,0,0,0,73143904,0,0,19671,14343,250618,45,0,0,0,12630,196869,63,10822,55,0,3,498203,160,5012,0,0,0,0,0,17510,0,0,82,543994,17710,0,0,,0,4000,0,0,0,0,260,0,4,0,0,0,0,256,0,0,0,0,8,144301078,195973140,0,0,0,0,0,113895900,196914

2020-02-02 22:05:39.718000+00:00,leaf8,sg0,28058544,0,114027787,2074036185,0,0,0,95590226,0,23934,133599,39542,113570,118526,0,208175,736900,890473377,2073890277,37598884,195446741,27637620,1208211,52255,56433,19669,11223,0,obt-collector1,,,0/RP0/CPU0,0,0,0,73144072,0,0,19671,14343,250618,45,0,0,0,12630,196869,63,10822,55,0,3,498204,160,5012,0,0,0,0,0,17510,0,0,82,543995,17710,0,0,,0,4000,0,0,0,0,260,0,4,0,0,0,0,256,0,0,0,0,8,144301363,195973525,0,0,0,0,0,113896113,196914

2020-02-02 22:05:49.828000+00:00,leaf8,sg0,28058570,0,114028012,2074426117,0,0,0,95590226,0,23934,133599,39542,113570,118526,0,208175,736900,890475101,2074280209,37598970,195447125,27637645,1208211,52255,56433,19669,11223,0,obt-collector1,,,0/RP0/CPU0,0,0,0,73144240,0,0,19671,14343,250618,45,0,0,0,12630,196870,63,10822,55,0,3,498204,160,5012,0,0,0,0,0,17510,0,0,82,543995,17710,0,0,,0,4000,0,0,0,0,260,0,4,0,0,0,0,256,0,0,0,0,8,144301659,195973909,0,0,0,0,0,113896338,196915

2020-02-02 22:05:59.940000+00:00,leaf8,sg0,28058595,0,114028229,2074816049,0,0,0,95590226,0,23934,133599,39542,113570,118527,0,208176,736901,890476844,2074670141,37599057,195447509,27637670,1208211,52255,56433,19669,11223,0,obt-collector1,,,0/RP0/CPU0,0,0,0,73144409,0,0,19671,14344,250621,45,0,0,0,12630,196870,63,10822,55,0,3,498204,160,5012,0,0,0,0,0,17510,0,0,82,543995,17710,0,0,,0,4000,0,0,0,0,260,0,4,0,0,0,0,256,0,0,0,0,8,144301949,195974294,0,0,0,0,0,113896555,196915

2020-02-02 22:06:10.043000+00:00,leaf8,sg0,28058636,0,114028541,2075208041,0,0,0,95590226,0,23935,133605,39543,113576,118527,0,208181,736914,890479969,2075062122,37599156,195447936,27637700,1208211,52255,56433,19669,11224,0,obt-collector1,,,0/RP0/CPU0,0,0,0,73144578,0,0,19671,14344,250621,45,0,0,0,12630,196871,63,10822,55,0,3,498206,160,5012,0,0,0,0,0,17510,0,0,82,544002,17710,0,0,,0,4000,0,0,0,0,260,0,4,0,0,0,0,256,0,0,0,0,8,144302348,195974723,0,0,0,0,0,113896857,196916

2020-02-02 22:06:20.186000+00:00,leaf8,sg0,28058662,0,114028776,2075598021,0,0,0,95590226,0,23935,133605,39543,113576,118527,0,208181,736915,890481629,2075452102,37599241,195448318,27637726,1208211,52255,56433,19669,11224,0,obt-collector1,,,0/RP0/CPU0,0,0,0,73144746,0,0,19671,14344,250621,45,0,0,0,12630,196871,63,10822,55,0,3,498207,160,5012,0,0,0,0,0,17510,0,0,82,544003,17710,0,0,,0,4000,0,0,0,0,260,0,4,0,0,0,0,256,0,0,0,0,8,144302654,195975106,0,0,0,0,0,113897092,196916

2020-02-02 22:06:30.287000+00:00,leaf8,sg0,28058688,0,114028992,2075987825,0,0,0,95590226,0,23935,133605,39543,113576,118528,0,208181,736915,890483353,2075841906,37599327,195448702,27637752,1208211,52255,56433,19669,11224,0,obt-collector1,,,0/RP0/CPU0,0,0,0,73144914,0,0,19671,14345,250623,45,0,0,0,12630,196871,63,10822,55,0,3,498207,160,5012,0,0,0,0,0,17510,0,0,82,544003,17710,0,0,,0,4000,0,0,0,0,260,0,4,0,0,0,0,256,0,0,0,0,8,144302942,195975491,0,0,0,0,0,113897308,196916

2020-02-02 22:06:40.413000+00:00,leaf8,sg0,28058714,0,114029200,2076377805,0,0,0,95590226,0,23935,133605,39543,113576,118528,0,208182,736918,890485077,2076231886,37599413,195449086,27637778,1208211,52255,56433,19669,11224,0,obt-collector1,,,0/RP0/CPU0,0,0,0,73145082,0,0,19671,14345,250624,45,0,0,0,12630,196871,63,10822,55,0,3,498209,160,5012,0,0,0,0,0,17510,0,0,82,544005,17710,0,0,,0,4000,0,0,0,0,260,0,4,0,0,0,0,256,0,0,0,0,8,144303225,195975877,0,0,0,0,0,113897516,196916

2020-02-02 22:06:50.531000+00:00,leaf8,sg0,28058741,0,114029424,2076767721,0,0,0,95590226,0,23935,133605,39543,113576,118528,0,208182,736919,890486801,2076621802,37599499,195449470,27637804,1208211,52255,56433,19669,11224,0,obt-collector1,,,0/RP0/CPU0,0,0,0,73145250,0,0,19671,14345,250624,45,0,0,0,12630,196872,63,10822,55,0,3,498210,160,5012,0,0,0,0,0,17510,0,0,82,544006,17710,0,0,,0,4000,0,0,0,0,260,0,4,0,0,0,0,256,0,0,0,0,8,144303519,195976262,0,0,0,0,0,113897740,196917

2020-02-02 22:07:00.636000+00:00,leaf8,sg0,28058769,0,114029644,2077157525,0,0,0,95590226,0,23935,133605,39543,113576,118528,0,208182,736919,890488544,2077011606,37599586,195449854,27637831,1208211,52255,56433,19669,11224,0,obt-collector1,,,0/RP0/CPU0,0,0,0,73145419,0,0,19671,14346,250625,45,0,0,0,12630,196873,63,10822,55,0,3,498210,160,5012,0,0,0,0,0,17510,0,0,82,544006,17710,0,0,,0,4000,0,0,0,0,260,0,4,0,0,0,0,256,0,0,0,0,8,144303810,195976647,0,0,0,0,0,113897960,196918

2020-02-02 22:07:10.751000+00:00,leaf8,sg0,28058800,0,114029867,2077550186,0,0,0,95590226,0,23935,133605,39543,113576,118529,0,208183,736921,890493074,2077404267,37599680,195450246,27637862,1208211,52255,56433,19669,11224,0,obt-collector1,,,0/RP0/CPU0,0,0,0,73145598,0,0,19671,14346,250627,45,0,0,0,12630,196873,62,10822,55,0,3,498211,160,5012,0,0,0,0,0,17510,0,0,82,544007,17710,0,0,,0,4000,0,0,0,0,260,0,4,0,0,0,0,256,0,0,0,0,8,144304115,195977040,0,0,0,0,0,113898183,196918

2020-02-02 22:07:20.840000+00:00,leaf8,sg0,28058826,0,114030091,2077940054,0,0,0,95590226,0,23935,133605,39543,113576,118529,0,208183,736922,890494798,2077794135,37599766,195450629,27637888,1208211,52255,56433,19669,11224,0,obt-collector1,,,0/RP0/CPU0,0,0,0,73145766,0,0,19671,14346,250627,45,0,0,0,12630,196873,62,10822,55,0,3,498212,160,5012,0,0,0,0,0,17510,0,0,82,544008,17710,0,0,,0,4000,0,0,0,0,260,0,4,0,0,0,0,256,0,0,0,0,8,144304417,195977424,0,0,0,0,0,113898407,196918

2020-02-02 22:07:30.928000+00:00,leaf8,sg0,28058850,0,114030270,2078330098,0,0,0,95590226,0,23935,133605,39543,113576,118529,0,208183,736923,890496522,2078184179,37599852,195451007,27637912,1208211,52255,56433,19669,11224,0,obt-collector1,,,0/RP0/CPU0,0,0,0,73145934,0,0,19671,14347,250628,45,0,0,0,12630,196873,62,10822,55,0,3,498213,160,5012,0,0,0,0,0,17510,0,0,82,544009,17710,0,0,,0,4000,0,0,0,0,260,0,4,0,0,0,0,256,0,0,0,0,8,144304674,195977804,0,0,0,0,0,113898586,196918

2020-02-02 22:07:41.032000+00:00,leaf8,sg0,28058884,0,114030502,2078723309,0,0,0,95590226,0,23935,133605,39543,113576,118530,0,208183,736923,890500710,2078577390,37599953,195451417,27637944,1208211,52255,56433,19669,11224,0,obt-collector1,,,0/RP0/CPU0,0,0,0,73146139,0,0,19671,14347,250629,45,0,0,0,12630,196875,62,10822,55,0,3,498213,160,5012,0,0,0,0,0,17510,0,0,82,544009,17710,0,0,,0,4000,0,0,0,0,260,0,4,0,0,0,0,256,0,0,0,0,8,144304988,195978214,0,0,0,0,0,113898818,196920

2020-02-02 22:07:51.161000+00:00,leaf8,sg0,28058909,0,114030729,2079113241,0,0,0,95590226,0,23935,133606,39544,113576,118530,0,208184,736924,890502472,2078967322,37600041,195451801,27637969,1208211,52255,56433,19670,11224,0,obt-collector1,,,0/RP0/CPU0,0,0,0,73146312,0,0,19672,14347,250630,45,0,0,0,12630,196875,63,10822,55,0,3,498213,160,5012,0,0,0,0,0,17510,0,0,82,544010,17710,0,0,,0,4000,0,0,0,0,260,0,4,0,0,0,0,256,0,0,0,0,8,144305294,195978598,0,0,0,0,0,113899045,196920

2020-02-02 22:08:01.252000+00:00,leaf8,sg0,28058935,0,114030949,2079503173,0,0,0,95590226,0,23935,133606,39544,113576,118530,0,208184,736925,890504196,2079357254,37600127,195452187,27637994,1208211,52255,56433,19670,11224,0,obt-collector1,,,0/RP0/CPU0,0,0,0,73146480,0,0,19672,14348,250631,45,0,0,0,12630,196876,63,10822,55,0,3,498214,160,5012,0,0,0,0,0,17510,0,0,82,544011,17710,0,0,,0,4000,0,0,0,0,260,0,4,0,0,0,0,256,0,0,0,0,8,144305593,195978986,0,0,0,0,0,113899265,196921

2020-02-02 22:08:11.356000+00:00,leaf8,sg0,28058965,0,114031165,2079896654,0,0,0,95590226,0,23935,133606,39544,113576,118530,0,208184,736926,890508341,2079750735,37600223,195452595,27638025,1208211,52255,56433,19670,11224,0,obt-collector1,,,0/RP0/CPU0,0,0,0,73146680,0,0,19672,14348,250631,45,0,0,0,12630,196876,63,10822,55,0,3,498215,160,5012,0,0,0,0,0,17510,0,0,82,544012,17710,0,0,,0,4000,0,0,0,0,260,0,4,0,0,0,0,256,0,0,0,0,8,144305891,195979395,0,0,0,0,0,113899481,196921

2020-02-02 22:08:21.468000+00:00,leaf8,sg0,28058990,0,114031375,2080286646,0,0,0,95590226,0,23935,133606,39544,113576,118531,0,208184,736927,890510590,2080141069,37600339,195452998,27638049,1208211,52255,56433,19670,11224,0,obt-collector1,,,0/RP0/CPU0,0,0,0,73146901,0,0,19672,14348,250632,45,0,0,0,12630,196877,63,10822,55,0,3,498216,160,5012,0,0,0,0,0,17510,0,0,82,544013,17710,0,0,,0,4000,0,0,0,0,260,0,4,0,0,0,0,256,0,0,0,0,8,144306208,195979799,0,0,0,0,0,113899691,196922

2020-02-02 22:08:31.559000+00:00,leaf8,sg0,28059016,0,114031612,2080676676,0,0,0,95590226,0,23935,133606,39544,113576,118531,0,208185,736930,890512390,2080531365,37600429,195453402,27638073,1208211,52255,56433,19670,11224,0,obt-collector1,,,0/RP0/CPU0,0,0,0,73147093,0,0,19672,14349,250634,45,0,0,0,12630,196879,63,10822,55,0,3,498218,160,5012,0,0,0,0,0,17510,0,0,82,544015,17710,0,0,,0,4000,0,0,0,0,260,0,4,0,0,0,0,256,0,0,0,0,8,144306523,195980206,0,0,0,0,0,113899928,196924

2020-02-02 22:08:41.646000+00:00,leaf8,sg0,28059048,0,114031840,2081069963,0,0,0,95590226,0,23935,133606,39544,113576,118531,0,208185,736931,890516801,2080924652,37600525,195453811,27638105,1208211,52255,56433,19670,11224,0,obt-collector1,,,0/RP0/CPU0,0,0,0,73147290,0,0,19672,14349,250634,45,0,0,0,12630,196879,63,10822,55,0,3,498219,160,5012,0,0,0,0,0,17510,0,0,82,544016,17710,0,0,,0,4000,0,0,0,0,260,0,4,0,0,0,0,256,0,0,0,0,8,144306837,195980616,0,0,0,0,0,113900156,196924

2020-02-02 22:08:51.776000+00:00,leaf8,sg0,28059078,0,114032095,2081460487,0,0,0,95590226,0,23935,133606,39544,113576,118531,0,208185,736931,890518525,2081314568,37600611,195454199,27638133,1208211,52255,56433,19670,11224,0,obt-collector1,,,0/RP0/CPU0,0,0,0,73147458,0,0,19672,14349,250634,45,0,0,0,12630,196881,63,10822,55,0,3,498219,160,5012,0,0,0,0,0,17510,0,0,82,544016,17710,0,0,,0,4000,0,0,0,0,260,0,4,0,0,0,0,256,0,0,0,0,8,144307166,195981004,0,0,0,0,0,113900411,196926

2020-02-02 22:09:01.867000+00:00,leaf8,sg0,28059103,0,114032293,2081850307,0,0,0,95590226,0,23935,133606,39544,113576,118532,0,208186,736932,890520185,2081704388,37600696,195454579,27638158,1208211,52255,56433,19670,11224,0,obt-collector1,,,0/RP0/CPU0,0,0,0,73147626,0,0,19672,14350,250637,45,0,0,0,12630,196881,63,10822,55,0,3,498219,160,5012,0,0,0,0,0,17510,0,0,82,544016,17710,0,0,,0,4000,0,0,0,0,260,0,4,0,0,0,0,256,0,0,0,0,8,144307441,195981385,0,0,0,0,0,113900609,196926

2020-02-02 22:09:11.987000+00:00,leaf8,sg0,28059137,0,114032529,2082243621,0,0,0,95590226,0,23935,133606,39544,113576,118532,0,208186,736934,890524671,2082097702,37600795,195454980,27638192,1208211,52255,56433,19670,11224,0,obt-collector1,,,0/RP0/CPU0,0,0,0,73147817,0,0,19672,14350,250637,45,0,0,0,12630,196881,63,10822,55,0,3,498221,160,5012,0,0,0,0,0,17510,0,0,82,544018,17710,0,0,,0,4000,0,0,0,0,260,0,4,0,0,0,0,256,0,0,0,0,8,144307761,195981788,0,0,0,0,0,113900845,196926

2020-02-02 22:09:22.075000+00:00,leaf8,sg0,28059162,0,114032765,2082633473,0,0,0,95590226,0,23935,133606,39544,113576,118532,0,208186,736935,890526395,2082487554,37600881,195455365,27638217,1208211,52255,56433,19670,11224,0,obt-collector1,,,0/RP0/CPU0,0,0,0,73147985,0,0,19672,14350,250637,45,0,0,0,12630,196881,63,10822,55,0,3,498222,160,5012,0,0,0,0,0,17510,0,0,82,544019,17710,0,0,,0,4000,0,0,0,0,260,0,4,0,0,0,0,256,0,0,0,0,8,144308073,195982174,0,0,0,0,0,113901081,196926

2020-02-02 22:09:32.171000+00:00,leaf8,sg0,28059186,0,114032964,2083023325,0,0,0,95590226,0,23935,133606,39544,113576,118533,0,208186,736935,890528055,2082877406,37600966,195455745,27638241,1208211,52255,56433,19670,11224,0,obt-collector1,,,0/RP0/CPU0,0,0,0,73148153,0,0,19672,14351,250639,45,0,0,0,12630,196881,63,10822,55,0,3,498222,160,5012,0,0,0,0,0,17510,0,0,82,544019,17710,0,0,,0,4000,0,0,0,0,260,0,4,0,0,0,0,256,0,0,0,0,8,144308347,195982555,0,0,0,0,0,113901280,196926

2020-02-02 22:09:42.272000+00:00,leaf8,sg0,28059218,0,114033197,2083416995,0,0,0,95590226,0,23935,133606,39544,113576,118533,0,208187,736938,890532607,2083271076,37601064,195456143,27638274,1208211,52255,56433,19670,11224,0,obt-collector1,,,0/RP0/CPU0,0,0,0,73148342,0,0,19672,14351,250640,45,0,0,0,12630,196881,63,10822,55,0,3,498224,160,5012,0,0,0,0,0,17510,0,0,82,544021,17710,0,0,,0,4000,0,0,0,0,260,0,4,0,0,0,0,256,0,0,0,0,8,144308664,195982955,0,0,0,0,0,113901513,196926

2020-02-02 22:09:52.376000+00:00,leaf8,sg0,28059243,0,114033431,2083806927,0,0,0,95590226,0,23935,133606,39544,113576,118533,0,208187,736939,890534331,2083661008,37601150,195456527,27638299,1208211,52255,56433,19670,11224,0,obt-collector1,,,0/RP0/CPU0,0,0,0,73148510,0,0,19672,14351,250640,45,0,0,0,12630,196882,63,10822,55,0,3,498225,160,5012,0,0,0,0,0,17510,0,0,82,544022,17710,0,0,,0,4000,0,0,0,0,260,0,4,0,0,0,0,256,0,0,0,0,8,144308977,195983340,0,0,0,0,0,113901747,196927

2020-02-02 22:10:02.506000+00:00,leaf8,sg0,28059268,0,114033630,2084196971,0,0,0,95590226,0,23935,133606,39544,113576,118533,0,208187,736939,890536074,2084051052,37601237,195456908,27638324,1208211,52255,56433,19670,11224,0,obt-collector1,,,0/RP0/CPU0,0,0,0,73148679,0,0,19672,14352,250641,45,0,0,0,12630,196882,63,10822,55,0,3,498225,160,5012,0,0,0,0,0,17510,0,0,82,544022,17710,0,0,,0,4000,0,0,0,0,260,0,4,0,0,0,0,256,0,0,0,0,8,144309252,195983722,0,0,0,0,0,113901946,196927

2020-02-02 22:10:12.618000+00:00,leaf8,sg0,28059300,0,114033869,2084591025,0,0,0,95590226,0,23935,133606,39544,113576,118534,0,208188,736941,890539517,2084445106,37601332,195457314,27638354,1208211,52255,56433,19670,11224,0,obt-collector1,,,0/RP0/CPU0,0,0,0,73148875,0,0,19672,14352,250643,45,0,0,0,12630,196884,63,10822,55,0,3,498226,160,5012,0,0,0,0,0,17510,0,0,82,544023,17710,0,0,,0,4000,0,0,0,0,260,0,4,0,0,0,0,256,0,0,0,0,8,144309572,195984129,0,0,0,0,0,113902185,196929

2020-02-02 22:10:22.731000+00:00,leaf8,sg0,28059327,0,114034075,2084980941,0,0,0,95590226,0,23935,133606,39544,113576,118534,0,208188,736942,890541177,2084835022,37601417,195457695,27638379,1208211,52255,56433,19670,11224,0,obt-collector1,,,0/RP0/CPU0,0,0,0,73149043,0,0,19672,14352,250643,45,0,0,0,12630,196886,63,10822,55,0,3,498227,160,5012,0,0,0,0,0,17510,0,0,82,544024,17710,0,0,,0,4000,0,0,0,0,260,0,4,0,0,0,0,256,0,0,0,0,8,144309854,195984511,0,0,0,0,0,113902391,196931

2020-02-02 22:10:32.824000+00:00,leaf8,sg0,28059352,0,114034295,2085370921,0,0,0,95590226,0,23935,133606,39544,113576,118534,0,208188,736943,890542901,2085225002,37601503,195458079,27638404,1208211,52255,56433,19670,11224,0,obt-collector1,,,0/RP0/CPU0,0,0,0,73149211,0,0,19672,14353,250644,45,0,0,0,12630,196886,63,10822,55,0,3,498228,160,5012,0,0,0,0,0,17510,0,0,82,544025,17710,0,0,,0,4000,0,0,0,0,260,0,4,0,0,0,0,256,0,0,0,0,8,144310151,195984897,0,0,0,0,0,113902611,196931

2020-02-02 22:10:42.926000+00:00,leaf8,sg0,28059386,0,114034504,2085764811,0,0,0,95590226,0,23935,133606,39544,113576,118535,0,208188,736943,890546670,2085618892,37601600,195458469,27638437,1208211,52255,56433,19670,11224,0,obt-collector1,,,0/RP0/CPU0,0,0,0,73149392,0,0,19672,14353,250645,45,0,0,0,12630,196887,63,10822,55,0,3,498228,160,5012,0,0,0,0,0,17510,0,0,82,544025,17710,0,0,,0,4000,0,0,0,0,260,0,4,0,0,0,0,256,0,0,0,0,8,144310444,195985287,0,0,0,0,0,113902820,196932

2020-02-02 22:10:53.030000+00:00,leaf8,sg0,28059409,0,114034738,2086154791,0,0,0,95590226,0,23935,133606,39544,113576,118535,0,208189,736946,890548394,2086008872,37601686,195458853,27638460,1208211,52255,56433,19670,11224,0,obt-collector1,,,0/RP0/CPU0,0,0,0,73149560,0,0,19672,14353,250646,45,0,0,0,12630,196887,62,10822,55,0,3,498230,160,5012,0,0,0,0,0,17510,0,0,82,544027,17710,0,0,,0,4000,0,0,0,0,260,0,4,0,0,0,0,256,0,0,0,0,8,144310758,195985673,0,0,0,0,0,113903054,196932

2020-02-02 22:11:03.113000+00:00,leaf8,sg0,28059430,0,114034959,2086544659,0,0,0,95590226,0,23935,133606,39544,113576,118535,0,208189,736947,890550118,2086398740,37601772,195459234,27638481,1208211,52255,56433,19670,11224,0,obt-collector1,,,0/RP0/CPU0,0,0,0,73149728,0,0,19672,14354,250647,45,0,0,0,12630,196887,62,10822,55,0,3,498231,160,5012,0,0,0,0,0,17510,0,0,82,544028,17710,0,0,,0,4000,0,0,0,0,260,0,4,0,0,0,0,256,0,0,0,0,8,144311058,195986056,0,0,0,0,0,113903275,196932

2020-02-02 22:11:13.208000+00:00,leaf8,sg0,28059450,0,114035208,2086937466,0,0,0,95590226,0,23935,133606,39544,113576,118535,0,208189,736947,890552965,2086791547,37601865,195459638,27638501,1208211,52255,56433,19670,11224,0,obt-collector1,,,0/RP0/CPU0,0,0,0,73149927,0,0,19672,14354,250647,45,0,0,0,12630,196887,62,10822,55,0,3,498231,160,5012,0,0,0,0,0,17510,0,0,82,544028,17710,0,0,,0,4000,0,0,0,0,260,0,4,0,0,0,0,256,0,0,0,0,8,144311390,195986460,0,0,0,0,0,113903524,196932

2020-02-02 22:11:23.288000+00:00,leaf8,sg0,28059467,0,114035439,2087327526,0,0,0,95590226,0,23935,133607,39545,113576,118536,0,208189,736947,890554689,2087181607,37601951,195460012,27638517,1208211,52255,56433,19671,11224,0,obt-collector1,,,0/RP0/CPU0,0,0,0,73150098,0,0,19673,14354,250649,45,0,0,0,12630,196888,62,10822,55,0,3,498231,160,5012,0,0,0,0,0,17510,0,0,82,544028,17710,0,0,,0,4000,0,0,0,0,260,0,4,0,0,0,0,256,0,0,0,0,8,144311702,195986834,0,0,0,0,0,113903755,196933

2020-02-02 22:11:33.415000+00:00,leaf8,sg0,28059485,0,114035651,2087717506,0,0,0,95590226,0,23935,133607,39545,113576,118536,0,208190,736949,890556432,2087571587,37602038,195460388,27638534,1208211,52255,56433,19671,11224,0,obt-collector1,,,0/RP0/CPU0,0,0,0,73150267,0,0,19673,14355,250650,45,0,0,0,12630,196889,63,10822,55,0,3,498232,160,5012,0,0,0,0,0,17510,0,0,82,544030,17710,0,0,,0,4000,0,0,0,0,260,0,4,0,0,0,0,256,0,0,0,0,8,144311998,195987212,0,0,0,0,0,113903967,196934

2020-02-02 22:11:43.524000+00:00,leaf8,sg0,28059501,0,114035873,2088109752,0,0,0,95590226,0,23935,133607,39545,113576,118536,0,208190,736950,890558940,2087963833,37602128,195460783,27638550,1208211,52255,56433,19671,11224,0,obt-collector1,,,0/RP0/CPU0,0,0,0,73150463,0,0,19673,14355,250650,45,0,0,0,12630,196889,63,10822,55,0,3,498233,160,5012,0,0,0,0,0,17510,0,0,82,544031,17710,0,0,,0,4000,0,0,0,0,260,0,4,0,0,0,0,256,0,0,0,0,8,144312306,195987608,0,0,0,0,0,113904189,196934

2020-02-02 22:11:53.607000+00:00,leaf8,sg0,28059515,0,114036065,2088499684,0,0,0,95590226,0,23935,133607,39545,113576,118536,0,208190,736950,890560600,2088353765,37602213,195461151,27638564,1208211,52255,56433,19671,11224,0,obt-collector1,,,0/RP0/CPU0,0,0,0,73150631,0,0,19673,14355,250650,45,0,0,0,12630,196889,63,10822,55,0,3,498233,160,5012,0,0,0,0,0,17510,0,0,82,544031,17710,0,0,,0,4000,0,0,0,0,260,0,4,0,0,0,0,256,0,0,0,0,8,144312579,195987976,0,0,0,0,0,113904381,196934

2020-02-02 22:12:03.702000+00:00,leaf8,sg0,28059532,0,114036292,2088889728,0,0,0,95590226,0,23935,133607,39545,113576,118537,0,208191,736952,890562343,2088743809,37602300,195461525,27638579,1208211,52255,56433,19671,11224,0,obt-collector1,,,0/RP0/CPU0,0,0,0,73150800,0,0,19673,14356,250653,45,0,0,0,12630,196891,63,10822,55,0,3,498234,160,5012,0,0,0,0,0,17510,0,0,82,544032,17710,0,0,,0,4000,0,0,0,0,260,0,4,0,0,0,0,256,0,0,0,0,8,144312891,195988352,0,0,0,0,0,113904608,196936

2020-02-02 22:12:13.803000+00:00,leaf8,sg0,28059551,0,114036527,2089280710,0,0,0,95590226,0,23935,133607,39545,113576,118537,0,208191,736954,890564844,2089134791,37602390,195461921,27638596,1208211,52255,56433,19671,11224,0,obt-collector1,,,0/RP0/CPU0,0,0,0,73150994,0,0,19673,14356,250653,45,0,0,0,12630,196893,63,10822,55,0,3,498236,160,5012,0,0,0,0,0,17510,0,0,82,544034,17710,0,0,,0,4000,0,0,0,0,260,0,4,0,0,0,0,256,0,0,0,0,8,144313212,195988750,0,0,0,0,0,113904843,196938

2020-02-02 22:12:23.904000+00:00,leaf8,sg0,28059567,0,114036762,2089670690,0,0,0,95590226,0,23935,133607,39545,113576,118537,0,208191,736955,890566568,2089524771,37602476,195462296,27638612,1208211,52255,56433,19671,11224,0,obt-collector1,,,0/RP0/CPU0,0,0,0,73151162,0,0,19673,14356,250653,45,0,0,0,12630,196893,63,10822,55,0,3,498237,160,5012,0,0,0,0,0,17510,0,0,82,544035,17710,0,0,,0,4000,0,0,0,0,260,0,4,0,0,0,0,256,0,0,0,0,8,144313530,195989126,0,0,0,0,0,113905078,196938

2020-02-02 22:12:34.012000+00:00,leaf8,sg0,28059582,0,114036968,2090060734,0,0,0,95590226,0,23935,133607,39545,113576,118538,0,208191,736955,890568292,2089914815,37602562,195462665,27638627,1208211,52255,56433,19671,11224,0,obt-collector1,,,0/RP0/CPU0,0,0,0,73151330,0,0,19673,14357,250655,45,0,0,0,12630,196893,63,10822,55,0,3,498237,160,5012,0,0,0,0,0,17510,0,0,82,544035,17710,0,0,,0,4000,0,0,0,0,260,0,4,0,0,0,0,256,0,0,0,0,8,144313818,195989496,0,0,0,0,0,113905284,196938

2020-02-02 22:12:44.130000+00:00,leaf8,sg0,28059603,0,114037192,2090450685,0,0,0,95590226,0,23935,133607,39545,113576,118538,0,208192,736958,890570833,2090304766,37602656,195463046,27638648,1208211,52255,56433,19671,11224,0,obt-collector1,,,0/RP0/CPU0,0,0,0,73151508,0,0,19673,14357,250656,45,0,0,0,12630,196893,63,10822,55,0,3,498239,160,5012,0,0,0,0,0,17510,0,0,82,544037,17710,0,0,,0,4000,0,0,0,0,260,0,4,0,0,0,0,256,0,0,0,0,8,144314129,195989879,0,0,0,0,0,113905508,196938

2020-02-02 22:12:54.223000+00:00,leaf8,sg0,28059617,0,114037409,2090840601,0,0,0,95590226,0,23935,133607,39545,113576,118538,0,208192,736959,890572493,2090694682,37602741,195463419,27638662,1208211,52255,56433,19671,11224,0,obt-collector1,,,0/RP0/CPU0,0,0,0,73151676,0,0,19673,14357,250656,45,0,0,0,12630,196893,63,10822,55,0,3,498240,160,5012,0,0,0,0,0,17510,0,0,82,544038,17710,0,0,,0,4000,0,0,0,0,260,0,4,0,0,0,0,256,0,0,0,0,8,144314427,195990253,0,0,0,0,0,113905725,196938

2020-02-02 22:13:04.317000+00:00,leaf8,sg0,28059631,0,114037624,2091230405,0,0,0,95590226,0,23935,133607,39545,113576,118538,0,208192,736959,890574153,2091084486,37602826,195463790,27638676,1208211,52255,56433,19671,11224,0,obt-collector1,,,0/RP0/CPU0,0,0,0,73151844,0,0,19673,14358,250657,45,0,0,0,12630,196893,63,10822,55,0,3,498240,160,5012,0,0,0,0,0,17510,0,0,82,544038,17710,0,0,,0,4000,0,0,0,0,260,0,4,0,0,0,0,256,0,0,0,0,8,144314723,195990625,0,0,0,0,0,113905940,196938

2020-02-02 22:13:14.432000+00:00,leaf8,sg0,28059649,0,114037857,2091620292,0,0,0,95590226,0,23935,133607,39545,113576,118539,0,208193,736960,890576229,2091474373,37602918,195464170,27638694,1208211,52255,56433,19671,11224,0,obt-collector1,,,0/RP0/CPU0,0,0,0,73152019,0,0,19673,14358,250659,45,0,0,0,12630,196893,63,10822,55,0,3,498240,160,5012,0,0,0,0,0,17510,0,0,82,544038,17710,0,0,,0,4000,0,0,0,0,260,0,4,0,0,0,0,256,0,0,0,0,8,144315041,195991005,0,0,0,0,0,113906173,196938

2020-02-02 22:13:24.543000+00:00,leaf8,sg0,28059664,0,114038085,2092010160,0,0,0,95590226,0,23935,133607,39545,113576,118539,0,208193,736962,890577953,2091864241,37603004,195464543,27638709,1208211,52255,56433,19671,11224,0,obt-collector1,,,0/RP0/CPU0,0,0,0,73152187,0,0,19673,14358,250659,45,0,0,0,12630,196893,63,10822,55,0,3,498242,160,5012,0,0,0,0,0,17510,0,0,82,544040,17710,0,0,,0,4000,0,0,0,0,260,0,4,0,0,0,0,256,0,0,0,0,8,144315352,195991380,0,0,0,0,0,113906401,196938

2020-02-02 22:13:34.658000+00:00,leaf8,sg0,28059678,0,114038314,2092400028,0,0,0,95590226,0,23935,133607,39545,113576,118539,0,208193,736963,890579677,2092254109,37603090,195464913,27638723,1208211,52255,56433,19671,11224,0,obt-collector1,,,0/RP0/CPU0,0,0,0,73152355,0,0,19673,14359,250660,45,0,0,0,12630,196893,63,10822,55,0,3,498243,160,5012,0,0,0,0,0,17510,0,0,82,544041,17710,0,0,,0,4000,0,0,0,0,260,0,4,0,0,0,0,256,0,0,0,0,8,144315664,195991752,0,0,0,0,0,113906630,196938

2020-02-02 22:13:44.758000+00:00,leaf8,sg0,28059693,0,114038551,2092789848,0,0,0,95590226,0,23935,133607,39545,113576,118540,0,208193,736963,890581445,2092643929,37603177,195465287,27638737,1208211,52255,56433,19671,11224,0,obt-collector1,,,0/RP0/CPU0,0,0,0,73152524,0,0,19673,14359,250661,45,0,0,0,12630,196894,63,10822,55,0,3,498243,160,5012,0,0,0,0,0,17510,0,0,82,544041,17710,0,0,,0,4000,0,0,0,0,260,0,4,0,0,0,0,256,0,0,0,0,8,144315982,195992126,0,0,0,0,0,113906867,196939

