,Producer,Target,host,interface-counts/admin-down-interface-count,interface-counts/down-interface-count,interface-counts/interface-count,interface-counts/up-interface-count,interface-type-list/interface-counts/admin-down-interface-count,interface-type-list/interface-counts/down-interface-count,interface-type-list/interface-counts/interface-count,interface-type-list/interface-counts/up-interface-count,interface-type-list/interface-type-description,interface-type-list/interface-type-name,interface-type/interface-counts/admin-down-interface-count,interface-type/interface-counts/down-interface-count,interface-type/interface-counts/interface-count,interface-type/interface-counts/up-interface-count,interface-type/interface-type-description,interface-type/interface-type-name

2020-02-02 21:58:03.446000+00:00,leaf8,sg10,obt-collector1,1,12,38,25,,,,,,,0,0,1,1,Null interface,IFT_NULL

2020-02-02 21:58:13.453000+00:00,leaf8,sg10,obt-collector1,1,12,38,25,,,,,,,0,0,1,1,Null interface,IFT_NULL

2020-02-02 21:58:23.455000+00:00,leaf8,sg10,obt-collector1,1,12,38,25,,,,,,,0,0,1,1,Null interface,IFT_NULL

2020-02-02 21:58:33.461000+00:00,leaf8,sg10,obt-collector1,1,12,38,25,,,,,,,0,0,1,1,Null interface,IFT_NULL

2020-02-02 21:58:43.466000+00:00,leaf8,sg10,obt-collector1,1,12,38,25,,,,,,,0,0,1,1,Null interface,IFT_NULL

2020-02-02 21:58:53.474000+00:00,leaf8,sg10,obt-collector1,1,12,38,25,,,,,,,0,0,1,1,Null interface,IFT_NULL

2020-02-02 21:59:03.481000+00:00,leaf8,sg10,obt-collector1,1,12,38,25,,,,,,,0,0,1,1,Null interface,IFT_NULL

2020-02-02 21:59:13.500000+00:00,leaf8,sg10,obt-collector1,1,12,38,25,,,,,,,0,0,1,1,Null interface,IFT_NULL

2020-02-02 21:59:23.502000+00:00,leaf8,sg10,obt-collector1,1,12,38,25,,,,,,,0,0,1,1,Null interface,IFT_NULL

2020-02-02 21:59:33.514000+00:00,leaf8,sg10,obt-collector1,1,12,38,25,,,,,,,0,0,1,1,Null interface,IFT_NULL

2020-02-02 21:59:44.024000+00:00,leaf8,sg10,obt-collector1,1,12,38,25,,,,,,,0,0,1,1,Null interface,IFT_NULL

2020-02-02 21:59:54.660000+00:00,leaf8,sg10,obt-collector1,1,12,38,25,,,,,,,0,0,1,1,Null interface,IFT_NULL

2020-02-02 22:00:05.245000+00:00,leaf8,sg10,obt-collector1,1,12,38,25,,,,,,,0,0,1,1,Null interface,IFT_NULL

2020-02-02 22:00:15.745000+00:00,leaf8,sg10,obt-collector1,1,12,38,25,,,,,,,0,0,1,1,Null interface,IFT_NULL

2020-02-02 22:00:26.311000+00:00,leaf8,sg10,obt-collector1,1,12,38,25,,,,,,,0,0,1,1,Null interface,IFT_NULL

2020-02-02 22:00:37.100000+00:00,leaf8,sg10,obt-collector1,1,12,38,25,,,,,,,0,0,1,1,Null interface,IFT_NULL

2020-02-02 22:00:47.668000+00:00,leaf8,sg10,obt-collector1,1,12,38,25,,,,,,,0,0,1,1,Null interface,IFT_NULL

2020-02-02 22:00:58.126000+00:00,leaf8,sg10,obt-collector1,1,12,38,25,,,,,,,0,0,1,1,Null interface,IFT_NULL

2020-02-02 22:01:08.679000+00:00,leaf8,sg10,obt-collector1,1,12,38,25,,,,,,,0,0,1,1,Null interface,IFT_NULL

2020-02-02 22:01:19.404000+00:00,leaf8,sg10,obt-collector1,1,12,38,25,,,,,,,0,0,1,1,Null interface,IFT_NULL

2020-02-02 22:01:29.937000+00:00,leaf8,sg10,obt-collector1,1,12,38,25,,,,,,,0,0,1,1,Null interface,IFT_NULL

2020-02-02 22:01:40.454000+00:00,leaf8,sg10,obt-collector1,1,12,38,25,,,,,,,0,0,1,1,Null interface,IFT_NULL

2020-02-02 22:01:50.969000+00:00,leaf8,sg10,obt-collector1,1,12,38,25,,,,,,,0,0,1,1,Null interface,IFT_NULL

2020-02-02 22:02:01.524000+00:00,leaf8,sg10,obt-collector1,1,12,38,25,,,,,,,0,0,1,1,Null interface,IFT_NULL

2020-02-02 22:02:12.009000+00:00,leaf8,sg10,obt-collector1,1,12,38,25,,,,,,,0,0,1,1,Null interface,IFT_NULL

2020-02-02 22:02:22.627000+00:00,leaf8,sg10,obt-collector1,1,12,38,25,,,,,,,0,0,1,1,Null interface,IFT_NULL

2020-02-02 22:02:33.335000+00:00,leaf8,sg10,obt-collector1,1,12,38,25,,,,,,,0,0,1,1,Null interface,IFT_NULL

2020-02-02 22:02:43.883000+00:00,leaf8,sg10,obt-collector1,1,12,38,25,,,,,,,0,0,1,1,Null interface,IFT_NULL

2020-02-02 22:02:54.576000+00:00,leaf8,sg10,obt-collector1,1,12,38,25,,,,,,,0,0,1,1,Null interface,IFT_NULL

2020-02-02 22:03:05.083000+00:00,leaf8,sg10,obt-collector1,1,12,38,25,,,,,,,0,0,1,1,Null interface,IFT_NULL

2020-02-02 22:03:15.603000+00:00,leaf8,sg10,obt-collector1,1,12,38,25,,,,,,,0,0,1,1,Null interface,IFT_NULL

2020-02-02 22:03:26.225000+00:00,leaf8,sg10,obt-collector1,1,12,38,25,,,,,,,0,0,1,1,Null interface,IFT_NULL

2020-02-02 22:03:36.860000+00:00,leaf8,sg10,obt-collector1,1,12,38,25,,,,,,,0,0,1,1,Null interface,IFT_NULL

2020-02-02 22:03:47.659000+00:00,leaf8,sg10,obt-collector1,1,12,38,25,,,,,,,0,0,1,1,Null interface,IFT_NULL

2020-02-02 22:03:58.306000+00:00,leaf8,sg10,obt-collector1,1,12,38,25,,,,,,,0,0,1,1,Null interface,IFT_NULL

2020-02-02 22:04:08.898000+00:00,leaf8,sg10,obt-collector1,1,12,38,25,,,,,,,0,0,1,1,Null interface,IFT_NULL

2020-02-02 22:04:19.630000+00:00,leaf8,sg10,obt-collector1,1,12,38,25,,,,,,,0,0,1,1,Null interface,IFT_NULL

2020-02-02 22:04:30.177000+00:00,leaf8,sg10,obt-collector1,1,12,38,25,,,,,,,0,0,1,1,Null interface,IFT_NULL

2020-02-02 22:04:40.719000+00:00,leaf8,sg10,obt-collector1,1,12,38,25,,,,,,,0,0,1,1,Null interface,IFT_NULL

2020-02-02 22:04:51.248000+00:00,leaf8,sg10,obt-collector1,1,12,38,25,,,,,,,0,0,1,1,Null interface,IFT_NULL

2020-02-02 22:05:01.901000+00:00,leaf8,sg10,obt-collector1,1,12,38,25,,,,,,,0,0,1,1,Null interface,IFT_NULL

2020-02-02 22:05:12.482000+00:00,leaf8,sg10,obt-collector1,1,12,38,25,,,,,,,0,0,1,1,Null interface,IFT_NULL

2020-02-02 22:05:23.020000+00:00,leaf8,sg10,obt-collector1,1,12,38,25,,,,,,,0,0,1,1,Null interface,IFT_NULL

2020-02-02 22:05:33.581000+00:00,leaf8,sg10,obt-collector1,1,12,38,25,,,,,,,0,0,1,1,Null interface,IFT_NULL

2020-02-02 22:05:44.260000+00:00,leaf8,sg10,obt-collector1,1,12,38,25,,,,,,,0,0,1,1,Null interface,IFT_NULL

2020-02-02 22:05:54.813000+00:00,leaf8,sg10,obt-collector1,1,12,38,25,,,,,,,0,0,1,1,Null interface,IFT_NULL

2020-02-02 22:06:05.446000+00:00,leaf8,sg10,obt-collector1,1,12,38,25,,,,,,,0,0,1,1,Null interface,IFT_NULL

2020-02-02 22:06:16.194000+00:00,leaf8,sg10,obt-collector1,1,12,38,25,,,,,,,0,0,1,1,Null interface,IFT_NULL

2020-02-02 22:06:26.741000+00:00,leaf8,sg10,obt-collector1,1,12,38,25,,,,,,,0,0,1,1,Null interface,IFT_NULL

2020-02-02 22:06:37.322000+00:00,leaf8,sg10,obt-collector1,1,12,38,25,,,,,,,0,0,1,1,Null interface,IFT_NULL

2020-02-02 22:06:48.069000+00:00,leaf8,sg10,obt-collector1,1,12,38,25,,,,,,,0,0,1,1,Null interface,IFT_NULL

2020-02-02 22:06:58.767000+00:00,leaf8,sg10,obt-collector1,1,12,38,25,,,,,,,0,0,1,1,Null interface,IFT_NULL

2020-02-02 22:07:09.295000+00:00,leaf8,sg10,obt-collector1,1,12,38,25,,,,,,,0,0,1,1,Null interface,IFT_NULL

2020-02-02 22:07:19.867000+00:00,leaf8,sg10,obt-collector1,1,12,38,25,,,,,,,0,0,1,1,Null interface,IFT_NULL

2020-02-02 22:07:30.448000+00:00,leaf8,sg10,obt-collector1,1,12,38,25,,,,,,,0,0,1,1,Null interface,IFT_NULL

2020-02-02 22:07:41.116000+00:00,leaf8,sg10,obt-collector1,1,12,38,25,,,,,,,0,0,1,1,Null interface,IFT_NULL

2020-02-02 22:07:51.695000+00:00,leaf8,sg10,obt-collector1,1,12,38,25,,,,,,,0,0,1,1,Null interface,IFT_NULL

2020-02-02 22:08:02.247000+00:00,leaf8,sg10,obt-collector1,1,12,38,25,,,,,,,0,0,1,1,Null interface,IFT_NULL

2020-02-02 22:08:12.787000+00:00,leaf8,sg10,obt-collector1,1,12,38,25,,,,,,,0,0,1,1,Null interface,IFT_NULL

2020-02-02 22:08:23.374000+00:00,leaf8,sg10,obt-collector1,1,12,38,25,,,,,,,0,0,1,1,Null interface,IFT_NULL

2020-02-02 22:08:33.886000+00:00,leaf8,sg10,obt-collector1,1,12,38,25,,,,,,,0,0,1,1,Null interface,IFT_NULL

2020-02-02 22:08:44.437000+00:00,leaf8,sg10,obt-collector1,1,12,38,25,,,,,,,0,0,1,1,Null interface,IFT_NULL

2020-02-02 22:08:55.035000+00:00,leaf8,sg10,obt-collector1,1,12,38,25,,,,,,,0,0,1,1,Null interface,IFT_NULL

2020-02-02 22:09:05.615000+00:00,leaf8,sg10,obt-collector1,1,12,38,25,,,,,,,0,0,1,1,Null interface,IFT_NULL

2020-02-02 22:09:16.471000+00:00,leaf8,sg10,obt-collector1,1,12,38,25,,,,,,,0,0,1,1,Null interface,IFT_NULL

2020-02-02 22:09:26.932000+00:00,leaf8,sg10,obt-collector1,1,12,38,25,,,,,,,0,0,1,1,Null interface,IFT_NULL

2020-02-02 22:09:37.448000+00:00,leaf8,sg10,obt-collector1,1,12,38,25,,,,,,,0,0,1,1,Null interface,IFT_NULL

2020-02-02 22:09:47.987000+00:00,leaf8,sg10,obt-collector1,1,12,38,25,,,,,,,0,0,1,1,Null interface,IFT_NULL

2020-02-02 22:09:58.479000+00:00,leaf8,sg10,obt-collector1,1,12,38,25,,,,,,,0,0,1,1,Null interface,IFT_NULL

2020-02-02 22:10:09.037000+00:00,leaf8,sg10,obt-collector1,1,12,38,25,,,,,,,0,0,1,1,Null interface,IFT_NULL

2020-02-02 22:10:19.787000+00:00,leaf8,sg10,obt-collector1,1,12,38,25,,,,,,,0,0,1,1,Null interface,IFT_NULL

2020-02-02 22:10:30.401000+00:00,leaf8,sg10,obt-collector1,1,12,38,25,,,,,,,0,0,1,1,Null interface,IFT_NULL

2020-02-02 22:10:40.821000+00:00,leaf8,sg10,obt-collector1,1,12,38,25,,,,,,,0,0,1,1,Null interface,IFT_NULL

2020-02-02 22:10:51.827000+00:00,leaf8,sg10,obt-collector1,1,12,38,25,,,,,,,0,0,1,1,Null interface,IFT_NULL

2020-02-02 22:11:02.352000+00:00,leaf8,sg10,obt-collector1,1,12,38,25,,,,,,,0,0,1,1,Null interface,IFT_NULL

2020-02-02 22:11:12.902000+00:00,leaf8,sg10,obt-collector1,1,12,38,25,,,,,,,0,0,1,1,Null interface,IFT_NULL

2020-02-02 22:11:23.472000+00:00,leaf8,sg10,obt-collector1,1,12,38,25,,,,,,,0,0,1,1,Null interface,IFT_NULL

2020-02-02 22:11:34.126000+00:00,leaf8,sg10,obt-collector1,1,12,38,25,,,,,,,0,0,1,1,Null interface,IFT_NULL

2020-02-02 22:11:44.714000+00:00,leaf8,sg10,obt-collector1,1,12,38,25,,,,,,,0,0,1,1,Null interface,IFT_NULL

2020-02-02 22:11:55.351000+00:00,leaf8,sg10,obt-collector1,1,12,38,25,,,,,,,0,0,1,1,Null interface,IFT_NULL

2020-02-02 22:12:05.839000+00:00,leaf8,sg10,obt-collector1,1,12,38,25,,,,,,,0,0,1,1,Null interface,IFT_NULL

2020-02-02 22:12:16.365000+00:00,leaf8,sg10,obt-collector1,1,12,38,25,,,,,,,0,0,1,1,Null interface,IFT_NULL

2020-02-02 22:12:26.838000+00:00,leaf8,sg10,obt-collector1,1,12,38,25,,,,,,,0,0,1,1,Null interface,IFT_NULL

2020-02-02 22:12:37.340000+00:00,leaf8,sg10,obt-collector1,1,12,38,25,,,,,,,0,0,1,1,Null interface,IFT_NULL

2020-02-02 22:12:48.333000+00:00,leaf8,sg10,obt-collector1,1,12,38,25,,,,,,,0,0,1,1,Null interface,IFT_NULL

2020-02-02 22:12:58.954000+00:00,leaf8,sg10,obt-collector1,1,12,38,25,,,,,,,0,0,1,1,Null interface,IFT_NULL

2020-02-02 22:13:09.493000+00:00,leaf8,sg10,obt-collector1,1,12,38,25,,,,,,,0,0,1,1,Null interface,IFT_NULL

2020-02-02 22:13:20.064000+00:00,leaf8,sg10,obt-collector1,1,12,38,25,,,,,,,0,0,1,1,Null interface,IFT_NULL

2020-02-02 22:13:30.595000+00:00,leaf8,sg10,obt-collector1,1,12,38,25,,,,,,,0,0,1,1,Null interface,IFT_NULL

2020-02-02 22:13:41.198000+00:00,leaf8,sg10,obt-collector1,1,12,38,25,,,,,,,0,0,1,1,Null interface,IFT_NULL

