,Producer,Target,ack-only-packets-sent,ack-packets-for-unsent-received,ack-packets-received,ackbytes-received,after-window-bytes-received,after-window-packets-received,bad-checksum-packets-received,bytes-retransmitted,connection-rate-limited,connections-accepted,connections-closed,connections-dropped,connections-established,connections-failed,connections-forcibly-closed,connections-requested,control-packets-sent,data-bytes-received-in-sequence,data-bytes-sent,data-packets-received-in-sequence,data-pakets-sent,delay-ack-packets-sent,duplicate-bytes-received,duplicate-packets-received,duplicated-ack-packets-received,embryonic-connection-dropped,established-connections-reset,high-water-mark-throttle,host,i-qs-total-egpackets,i-qs-total-ingpackets,id,iq-ingress-drops,iq-sock-aborts,iq-sock-retries,iq-sock-writes,iqs-total-egpacket/entry,iqs-total-ingpacket/entry,keep-alive-dropped,keep-alive-probes,keep-alive-timeouts,low-water-mark-throttle,malformed-packets-received,mss-down,mss-up,no-port-packets-received,no-throttle,num-open-sockets,out-of-order-bytes-received,out-of-order-packets-received,packet-failures,packets-received-after-close-packet,packets-retransmitted,partial-duplicate-ack-received,partial-duplicate-bytes-received,paws-dropped,persist-dropped,pulse-errors,reassembly-packets,received-auth-packets-dropped,received-packets-dropped,received-packets-dropped-stale-c-hdr,recovered-packets,retransmit-dropped,retransmit-timeouts,rst-packets-sent,send-auth-packets-dropped,send-packets-dropped,sock-async-double-free-prevent-count,sockbuf-pak-res-cur,sockbuf-pak-res-max,socket-layer-packets,stalled-timer-tickle-count,stalled-timer-tickle-time,syn-cache-aborted,syn-cache-added,syn-cache-bucket-oflow,syn-cache-completed,syn-cache-count,syn-cache-dropped,syn-cache-duplicate-sy-ns,syn-cache-overflow,syn-cache-reset,syn-cache-timed-out,syn-cache-unreach,synacl-match-pkts-dropped,too-short-packets-received,total-i-qs,total-packets-received,total-pakets-sent,truncated-write-iov,try-lock-dropped,urgent-only-packets-sent,window-probe-packets-received,window-probe-packets-sent,window-update-packets-received,window-update-packets-sent

2020-02-06 19:32:33.472000+00:00,leaf8,sg0,29963164,0,121285753,2274305147,0,0,0,95654554,0,25427,143884,42080,122277,127997,0,224859,791904,958568125,2274188537,40525000,209443028,29511896,1210406,52339,56457,21247,11843,0,obt-collector1,,,0/RP0/CPU0,0,0,0,78832386,0,0,21249,16765,271981,45,0,0,0,12935,213057,62,10822,55,0,3,528026,160,5012,0,0,0,0,0,17891,0,0,83,582605,17825,0,0,,0,4000,0,0,0,0,260,0,4,0,0,0,0,256,0,0,0,0,8,153941151,210002138,0,0,0,0,0,121140051,213102

2020-02-06 19:34:04.796000+00:00,leaf8,sg0,29963481,0,121287836,2277814989,0,0,0,95654554,0,25427,143885,42081,122277,127999,0,224862,791916,958584516,2277698379,40525780,209446772,29512210,1210406,52339,56457,21248,11843,0,obt-collector1,,,0/RP0/CPU0,0,0,0,78833912,0,0,21250,16768,271989,45,0,0,0,12935,213060,63,10822,55,0,3,528035,160,5012,0,0,0,0,0,17891,0,0,83,582615,17825,0,0,,0,4000,0,0,0,0,260,0,4,0,0,0,0,256,0,0,0,0,8,153943846,210005894,0,0,0,0,0,121142134,213105

2020-02-06 19:34:15.016000+00:00,leaf8,sg0,29963517,0,121288045,2278204985,0,0,0,95654554,0,25427,143885,42081,122277,128000,0,224862,791916,958586367,2278088375,40525868,209447186,29512246,1210406,52339,56457,21248,11843,0,obt-collector1,,,0/RP0/CPU0,0,0,0,78834082,0,0,21250,16768,271990,45,0,0,0,12935,213060,63,10822,55,0,3,528035,160,5012,0,0,0,0,0,17891,0,0,83,582615,17825,0,0,,0,4000,0,0,0,0,260,0,4,0,0,0,0,256,0,0,0,0,8,153944122,210006308,0,0,0,0,0,121142343,213105

2020-02-06 19:34:45.434000+00:00,leaf8,sg0,29963622,0,121288721,2279374909,0,0,0,95654554,0,25427,143885,42081,122277,128000,0,224863,791920,958591567,2279258299,40526127,209448435,29512347,1210406,52339,56457,21248,11843,0,obt-collector1,,,0/RP0/CPU0,0,0,0,78834587,0,0,21250,16769,271992,45,0,0,0,12935,213064,63,10822,55,0,3,528038,160,5012,0,0,0,0,0,17891,0,0,83,582618,17825,0,0,,0,4000,0,0,0,0,260,0,4,0,0,0,0,256,0,0,0,0,8,153945001,210007561,0,0,0,0,0,121143019,213109

2020-02-06 19:35:06.058000+00:00,leaf8,sg0,29963690,0,121289267,2280349176,0,0,0,95654554,0,25427,143885,42081,122277,128001,0,224864,791923,958595129,2280232566,40526305,209449404,29512415,1210406,52339,56457,21248,11843,0,obt-collector1,,,0/RP0/CPU0,0,0,0,78834930,0,0,21250,16770,271995,45,0,0,0,12935,213064,63,10822,55,0,3,528040,160,5012,0,0,0,0,0,17891,0,0,83,582620,17825,0,0,,0,4000,0,0,0,0,260,0,4,0,0,0,0,256,0,0,0,0,8,153945692,210008533,0,0,0,0,0,121143565,213109

2020-02-06 19:36:27.037000+00:00,leaf8,sg0,29963949,0,121291200,2283469081,0,0,0,95654554,0,25427,143885,42081,122277,128003,0,224866,791932,958609477,2283352471,40527027,209452750,29512669,1210406,52339,56457,21248,11843,0,obt-collector1,,,0/RP0/CPU0,0,0,0,78836353,0,0,21250,16772,272001,45,0,0,0,12935,213070,62,10822,55,0,3,528047,160,5012,0,0,0,0,0,17891,0,0,83,582627,17825,0,0,,0,4000,0,0,0,0,260,0,4,0,0,0,0,256,0,0,0,0,8,153948215,210011888,0,0,0,0,0,121145498,213115

2020-02-06 19:39:20.012000+00:00,leaf8,sg0,29964483,0,121295268,2290293768,0,0,0,95654573,0,25428,143892,42082,122283,128008,0,224876,791964,958640272,2290177146,40528506,209459834,29513189,1210406,52339,56457,21249,11843,0,obt-collector1,,,0/RP0/CPU0,0,0,0,78839220,0,0,21251,16778,272017,45,0,0,0,12935,213074,63,10822,55,0,3,528063,160,5012,0,0,0,0,0,17891,0,0,83,582649,17825,0,0,,0,4000,0,0,0,0,260,0,4,0,0,0,0,256,0,0,0,0,8,153953515,210018994,0,0,0,0,0,121149557,213119

2020-02-06 19:39:30.544000+00:00,leaf8,sg0,29964510,0,121295475,2290683988,0,0,0,95654573,0,25428,143892,42082,122283,128009,0,224876,791964,958641996,2290567366,40528592,209460218,29513216,1210406,52339,56457,21249,11843,0,obt-collector1,,,0/RP0/CPU0,0,0,0,78839388,0,0,21251,16779,272019,45,0,0,0,12935,213074,63,10822,55,0,3,528063,160,5012,0,0,0,0,0,17891,0,0,83,582649,17825,0,0,,0,4000,0,0,0,0,260,0,4,0,0,0,0,256,0,0,0,0,8,153953800,210019379,0,0,0,0,0,121149764,213119

2020-02-06 19:39:40.629000+00:00,leaf8,sg0,29964533,0,121295714,2291073856,0,0,0,95654573,0,25428,143892,42082,122283,128009,0,224877,791966,958643656,2290957234,40528677,209460600,29513239,1210406,52339,56457,21249,11843,0,obt-collector1,,,0/RP0/CPU0,0,0,0,78839556,0,0,21251,16779,272020,45,0,0,0,12935,213074,62,10822,55,0,3,528064,160,5012,0,0,0,0,0,17891,0,0,83,582650,17825,0,0,,0,4000,0,0,0,0,260,0,4,0,0,0,0,256,0,0,0,0,8,153954117,210019762,0,0,0,0,0,121150003,213119

2020-02-06 19:40:51.426000+00:00,leaf8,sg0,29964675,0,121297342,2293803137,0,0,0,95654573,0,25429,143898,42083,122289,128011,0,224884,791987,958657194,2293686503,40529298,209463267,29513369,1210406,52339,56457,21250,11843,0,obt-collector1,,,0/RP0/CPU0,0,0,0,78840743,0,0,21252,16781,272026,45,0,0,0,12935,213075,64,10822,55,0,3,528071,160,5012,0,0,0,0,0,17891,0,0,83,582663,17825,0,0,,0,4000,0,0,0,0,260,0,4,0,0,0,0,256,0,0,0,0,8,153956316,210022438,0,0,0,0,0,121151622,213120

2020-02-06 19:41:01.532000+00:00,leaf8,sg0,29964692,0,121297556,2294193416,0,0,0,95654573,0,25429,143899,42084,122289,128011,0,224884,791988,958659583,2294077428,40529419,209463682,29513386,1210406,52339,56457,21250,11843,0,obt-collector1,,,0/RP0/CPU0,0,0,0,78840989,0,0,21252,16783,272028,45,0,0,0,12935,213075,63,10822,55,0,3,528072,160,5012,0,0,0,0,0,17891,0,0,83,582664,17825,0,0,,0,4000,0,0,0,0,260,0,4,0,0,0,0,256,0,0,0,0,8,153956641,210022856,0,0,0,0,0,121151836,213120

2020-02-06 19:41:21.856000+00:00,leaf8,sg0,29964803,0,121298022,2294976460,0,0,0,95654573,0,25429,143899,42084,122289,128012,0,224885,791990,958665490,2294859826,40529592,209464510,29513493,1210406,52339,56457,21250,11843,0,obt-collector1,,,0/RP0/CPU0,0,0,0,78841328,0,0,21252,16783,272030,45,0,0,0,12935,213079,63,10822,55,0,3,528073,160,5012,0,0,0,0,0,17891,0,0,83,582665,17825,0,0,,0,4000,0,0,0,0,260,0,4,0,0,0,0,256,0,0,0,0,8,153957280,210023685,0,0,0,0,0,121152302,213124

2020-02-06 19:43:13.637000+00:00,leaf8,sg0,29965426,0,121300507,2299281699,0,0,0,95654601,0,25429,143899,42084,122289,128015,0,224888,792003,958697635,2299165065,40530592,209469156,29514108,1210406,52339,56457,21250,11843,0,obt-collector1,,,0/RP0/CPU0,0,0,0,78843325,0,0,21252,16787,272040,45,0,0,0,12935,213087,62,10822,55,0,3,528084,160,5012,0,0,0,0,0,17891,0,0,83,582676,17825,0,0,,0,4000,0,0,0,0,260,0,4,0,0,0,0,256,0,0,0,0,8,153960765,210028346,0,0,0,0,0,121154788,213132

2020-02-06 19:43:23.721000+00:00,leaf8,sg0,29965481,0,121300703,2299671695,0,0,0,95654601,0,25429,143899,42084,122289,128015,0,224888,792004,958699359,2299555061,40530678,209469569,29514163,1210406,52339,56457,21250,11843,0,obt-collector1,,,0/RP0/CPU0,0,0,0,78843493,0,0,21252,16787,272040,45,0,0,0,12935,213088,62,10822,55,0,3,528085,160,5012,0,0,0,0,0,17891,0,0,83,582677,17825,0,0,,0,4000,0,0,0,0,260,0,4,0,0,0,0,256,0,0,0,0,8,153961046,210028760,0,0,0,0,0,121154984,213133

2020-02-06 19:44:24.457000+00:00,leaf8,sg0,29965847,0,121302103,2302020307,0,0,0,95654601,0,25429,143900,42085,122289,128017,0,224890,792010,958714833,2301903673,40531242,209472145,29514526,1210406,52339,56457,21251,11843,0,obt-collector1,,,0/RP0/CPU0,0,0,0,78844618,0,0,21253,16789,272046,45,0,0,0,12935,213091,63,10822,55,0,3,528089,160,5012,0,0,0,0,0,17891,0,0,83,582682,17825,0,0,,0,4000,0,0,0,0,260,0,4,0,0,0,0,256,0,0,0,0,8,153963010,210031342,0,0,0,0,0,121156384,213136

