,Producer,Target,host,node-name,npu-tcam/npu-id,npu-tcam/tcam-bank/bank-db/db-id,npu-tcam/tcam-bank/bank-db/db-inuse-entries,npu-tcam/tcam-bank/bank-db/db-prefix,npu-tcam/tcam-bank/bank-free-entries,npu-tcam/tcam-bank/bank-id,npu-tcam/tcam-bank/bank-inuse-entries,npu-tcam/tcam-bank/bank-key-size,npu-tcam/tcam-bank/nof-dbs,npu-tcam/tcam-bank/owner,npu-tcam/tcam-banks/bank-dbs/db-id,npu-tcam/tcam-banks/bank-dbs/db-inuse-entries,npu-tcam/tcam-banks/bank-dbs/db-prefix,npu-tcam/tcam-banks/bank-free-entries,npu-tcam/tcam-banks/bank-id,npu-tcam/tcam-banks/bank-inuse-entries,npu-tcam/tcam-banks/bank-key-size,npu-tcam/tcam-banks/nof-dbs,npu-tcam/tcam-banks/owner

2020-02-06 19:32:02.096000+00:00,leaf8,sg14,obt-collector1,0/0/CPU0,3,35,1,INGRESS_EVPN_AA_ESI_TO_FBN_DB,128,15,0,160b,0,Free,,,,,,,,,

2020-02-06 19:33:16.077000+00:00,leaf8,sg14,obt-collector1,0/0/CPU0,3,35,1,INGRESS_EVPN_AA_ESI_TO_FBN_DB,128,15,0,160b,0,Free,,,,,,,,,

2020-02-06 19:34:04.773000+00:00,leaf8,sg14,obt-collector1,0/0/CPU0,3,35,1,INGRESS_EVPN_AA_ESI_TO_FBN_DB,128,15,0,160b,0,Free,,,,,,,,,

2020-02-06 19:34:41.245000+00:00,leaf8,sg14,obt-collector1,0/0/CPU0,3,35,1,INGRESS_EVPN_AA_ESI_TO_FBN_DB,128,15,0,160b,0,Free,,,,,,,,,

2020-02-06 19:36:06.134000+00:00,leaf8,sg14,obt-collector1,0/0/CPU0,3,35,1,INGRESS_EVPN_AA_ESI_TO_FBN_DB,128,15,0,160b,0,Free,,,,,,,,,

2020-02-06 19:36:43.785000+00:00,leaf8,sg14,obt-collector1,0/0/CPU0,3,35,1,INGRESS_EVPN_AA_ESI_TO_FBN_DB,128,15,0,160b,0,Free,,,,,,,,,

2020-02-06 19:37:07.924000+00:00,leaf8,sg14,obt-collector1,0/0/CPU0,3,35,1,INGRESS_EVPN_AA_ESI_TO_FBN_DB,128,15,0,160b,0,Free,,,,,,,,,

2020-02-06 19:38:24.806000+00:00,leaf8,sg14,obt-collector1,0/0/CPU0,3,35,1,INGRESS_EVPN_AA_ESI_TO_FBN_DB,128,15,0,160b,0,Free,,,,,,,,,

2020-02-06 19:38:48.989000+00:00,leaf8,sg14,obt-collector1,0/0/CPU0,3,35,1,INGRESS_EVPN_AA_ESI_TO_FBN_DB,128,15,0,160b,0,Free,,,,,,,,,

2020-02-06 19:39:49.536000+00:00,leaf8,sg14,obt-collector1,0/0/CPU0,3,35,1,INGRESS_EVPN_AA_ESI_TO_FBN_DB,128,15,0,160b,0,Free,,,,,,,,,

2020-02-06 19:41:29.286000+00:00,leaf8,sg14,obt-collector1,0/0/CPU0,3,35,1,INGRESS_EVPN_AA_ESI_TO_FBN_DB,128,15,0,160b,0,Free,,,,,,,,,

2020-02-06 19:41:42.836000+00:00,leaf8,sg14,obt-collector1,0/0/CPU0,3,35,1,INGRESS_EVPN_AA_ESI_TO_FBN_DB,128,15,0,160b,0,Free,,,,,,,,,

2020-02-06 19:42:19.571000+00:00,leaf8,sg14,obt-collector1,0/0/CPU0,3,35,1,INGRESS_EVPN_AA_ESI_TO_FBN_DB,128,15,0,160b,0,Free,,,,,,,,,

2020-02-06 19:43:21.581000+00:00,leaf8,sg14,obt-collector1,0/0/CPU0,3,35,1,INGRESS_EVPN_AA_ESI_TO_FBN_DB,128,15,0,160b,0,Free,,,,,,,,,

2020-02-06 19:44:10.053000+00:00,leaf8,sg14,obt-collector1,0/0/CPU0,3,35,1,INGRESS_EVPN_AA_ESI_TO_FBN_DB,128,15,0,160b,0,Free,,,,,,,,,

2020-02-06 19:44:34.499000+00:00,leaf8,sg14,obt-collector1,0/0/CPU0,3,35,1,INGRESS_EVPN_AA_ESI_TO_FBN_DB,128,15,0,160b,0,Free,,,,,,,,,

