,Producer,Target,encap-hop-limit/do-propagate,encap-hop-limit/use-default,encap-hop-limit/value,encap-source-address,host,locator-count,node-name,protocol-name,srv6-enabled

2020-02-06 19:34:16.087000+00:00,leaf8,sg4,,,,::,obt-collector1,0,0/0/CPU0,ipv6,false

2020-02-06 19:34:16.095000+00:00,leaf8,sg4,,,,::,obt-collector1,0,0/RP0/CPU0,ipv6,false

2020-02-06 19:34:30.171000+00:00,leaf8,sg4,,,,::,obt-collector1,0,0/0/CPU0,ipv6,false

2020-02-06 19:34:30.182000+00:00,leaf8,sg4,,,,::,obt-collector1,0,0/RP0/CPU0,ipv6,false

2020-02-06 19:34:44.225000+00:00,leaf8,sg4,,,,::,obt-collector1,0,0/0/CPU0,ipv6,false

2020-02-06 19:34:44.232000+00:00,leaf8,sg4,,,,::,obt-collector1,0,0/RP0/CPU0,ipv6,false

2020-02-06 19:35:25.131000+00:00,leaf8,sg4,,,,::,obt-collector1,0,0/0/CPU0,ipv6,false

2020-02-06 19:35:25.138000+00:00,leaf8,sg4,,,,::,obt-collector1,0,0/RP0/CPU0,ipv6,false

2020-02-06 19:36:48.352000+00:00,leaf8,sg4,,,,::,obt-collector1,0,0/0/CPU0,ipv6,false

2020-02-06 19:36:48.362000+00:00,leaf8,sg4,,,,::,obt-collector1,0,0/RP0/CPU0,ipv6,false

2020-02-06 19:37:16.673000+00:00,leaf8,sg4,,,,::,obt-collector1,0,0/0/CPU0,ipv6,false

2020-02-06 19:37:16.678000+00:00,leaf8,sg4,,,,::,obt-collector1,0,0/RP0/CPU0,ipv6,false

2020-02-06 19:37:44.622000+00:00,leaf8,sg4,,,,::,obt-collector1,0,0/0/CPU0,ipv6,false

2020-02-06 19:37:44.630000+00:00,leaf8,sg4,,,,::,obt-collector1,0,0/RP0/CPU0,ipv6,false

2020-02-06 19:38:12.508000+00:00,leaf8,sg4,,,,::,obt-collector1,0,0/0/CPU0,ipv6,false

2020-02-06 19:38:12.513000+00:00,leaf8,sg4,,,,::,obt-collector1,0,0/RP0/CPU0,ipv6,false

2020-02-06 19:39:22.601000+00:00,leaf8,sg4,,,,::,obt-collector1,0,0/0/CPU0,ipv6,false

2020-02-06 19:39:22.610000+00:00,leaf8,sg4,,,,::,obt-collector1,0,0/RP0/CPU0,ipv6,false

2020-02-06 19:39:36.222000+00:00,leaf8,sg4,,,,::,obt-collector1,0,0/0/CPU0,ipv6,false

2020-02-06 19:39:36.232000+00:00,leaf8,sg4,,,,::,obt-collector1,0,0/RP0/CPU0,ipv6,false

2020-02-06 19:42:51.304000+00:00,leaf8,sg4,,,,::,obt-collector1,0,0/0/CPU0,ipv6,false

2020-02-06 19:42:51.310000+00:00,leaf8,sg4,,,,::,obt-collector1,0,0/RP0/CPU0,ipv6,false

2020-02-06 19:43:47.605000+00:00,leaf8,sg4,,,,::,obt-collector1,0,0/0/CPU0,ipv6,false

2020-02-06 19:43:47.613000+00:00,leaf8,sg4,,,,::,obt-collector1,0,0/RP0/CPU0,ipv6,false

2020-02-06 19:44:56.662000+00:00,leaf8,sg4,,,,::,obt-collector1,0,0/0/CPU0,ipv6,false

2020-02-06 19:44:56.670000+00:00,leaf8,sg4,,,,::,obt-collector1,0,0/RP0/CPU0,ipv6,false

