,Producer,Target,address/address/afi,address/address/ipv6-address,address/address/ipv6-address/value,address/is-prefix-sid,address/is-tentative,address/prefix-length,address/producer,address/route-tag,host,interface,vrf-name,vrf-name_1

2020-02-06 19:32:10.817000+00:00,leaf8,sg7,10,2001:420:289:2000:0:1ab:fab0:1261,,false,false,127,ipv6_ma 0/0/CPU0,0,obt-collector1,HundredGigE0/0/0/10,default,default

2020-02-06 19:32:10.817000+00:00,leaf8,sg7,10,2001:420:289:2000:0:1ab:fab0:1257,,false,false,127,ipv6_ma 0/0/CPU0,0,obt-collector1,HundredGigE0/0/0/8,default,default

2020-02-06 19:32:10.817000+00:00,leaf8,sg7,10,2001:420:289:2000:0:1ab:fab0:2802,,false,false,127,ipv6_ma 0/0/CPU0,0,obt-collector1,HundredGigE0/0/0/31,default,default

2020-02-06 19:32:10.817000+00:00,leaf8,sg7,10,2001:420:289:2000:0:1ab:fab0:2800,,false,false,127,ipv6_ma 0/0/CPU0,0,obt-collector1,HundredGigE0/0/0/30,default,default

2020-02-06 19:32:10.817000+00:00,leaf8,sg7,10,2001:420:289:2000:0:1ab:fab0:1457,,false,false,127,ipv6_ma 0/0/CPU0,0,obt-collector1,HundredGigE0/0/0/16,default,default

2020-02-06 19:32:10.817000+00:00,leaf8,sg7,10,2001:420:289:2000:0:1ab:fab0:1359,,false,false,127,ipv6_ma 0/0/CPU0,0,obt-collector1,HundredGigE0/0/0/13,default,default

2020-02-06 19:32:10.817000+00:00,leaf8,sg7,10,2001:420:289:2000:0:1ab:fab0:1463,,false,false,127,ipv6_ma 0/0/CPU0,0,obt-collector1,HundredGigE0/0/0/19,default,default

2020-02-06 19:32:10.817000+00:00,leaf8,sg7,10,2001:420:289:2000:1eaf:8:d03:2806,,false,false,127,ipv6_ma 0/0/CPU0,0,obt-collector1,HundredGigE0/0/0/27,default,default

2020-02-06 19:32:10.817000+00:00,leaf8,sg7,10,2001:420:289:2000:0:1ab:fab0:1259,,false,false,127,ipv6_ma 0/0/CPU0,0,obt-collector1,HundredGigE0/0/0/9,default,default

2020-02-06 19:32:10.817000+00:00,leaf8,sg7,10,2001:420:289:2000:0:1ab:fab0:1163,,false,false,127,ipv6_ma 0/0/CPU0,0,obt-collector1,HundredGigE0/0/0/7,default,default

2020-02-06 19:32:10.817000+00:00,leaf8,sg7,10,2001:420:289:2000:0:1ab:fab0:1363,,false,false,127,ipv6_ma 0/0/CPU0,0,obt-collector1,HundredGigE0/0/0/15,default,default

2020-02-06 19:32:10.817000+00:00,leaf8,sg7,10,2001:420:289:2000:0:1ab:fab0:1161,,false,false,127,ipv6_ma 0/0/CPU0,0,obt-collector1,HundredGigE0/0/0/6,default,default

2020-02-06 19:32:10.817000+00:00,leaf8,sg7,10,2001:420:289:2000:0:1ab:fab0:1461,,false,false,127,ipv6_ma 0/0/CPU0,0,obt-collector1,HundredGigE0/0/0/18,default,default

2020-02-06 19:32:10.817000+00:00,leaf8,sg7,10,2001:420:289:2000:1eaf:8:d03:2804,,false,false,127,ipv6_ma 0/0/CPU0,0,obt-collector1,HundredGigE0/0/0/26,default,default

2020-02-06 19:32:10.817000+00:00,leaf8,sg7,10,2001:420:289:2000:0:1ab:fab0:1263,,false,false,127,ipv6_ma 0/0/CPU0,0,obt-collector1,HundredGigE0/0/0/11,default,default

2020-02-06 19:32:10.817000+00:00,leaf8,sg7,10,2001:420:289:2000:0:1ab:fab0:1459,,false,false,127,ipv6_ma 0/0/CPU0,0,obt-collector1,HundredGigE0/0/0/17,default,default

2020-02-06 19:32:10.817000+00:00,leaf8,sg7,10,2001:420:289:2000:0:1ab:fab0:1357,,false,false,127,ipv6_ma 0/0/CPU0,0,obt-collector1,HundredGigE0/0/0/12,default,default

2020-02-06 19:32:10.817000+00:00,leaf8,sg7,10,2001:420:289:2000:0:1ab:fab0:1361,,false,false,127,ipv6_ma 0/0/CPU0,0,obt-collector1,HundredGigE0/0/0/14,default,default

2020-02-06 19:32:10.817000+00:00,leaf8,sg7,10,2001:420:289:2000:0:1ab:fab0:1159,,false,false,127,ipv6_ma 0/0/CPU0,0,obt-collector1,HundredGigE0/0/0/5,default,default

2020-02-06 19:33:10.941000+00:00,leaf8,sg7,10,2001:420:289:2000:0:1ab:fab0:1361,,false,false,127,ipv6_ma 0/0/CPU0,0,obt-collector1,HundredGigE0/0/0/14,default,default

2020-02-06 19:33:10.941000+00:00,leaf8,sg7,10,2001:420:289:2000:0:1ab:fab0:1159,,false,false,127,ipv6_ma 0/0/CPU0,0,obt-collector1,HundredGigE0/0/0/5,default,default

2020-02-06 19:33:10.941000+00:00,leaf8,sg7,10,2001:420:289:2000:0:1ab:fab0:1163,,false,false,127,ipv6_ma 0/0/CPU0,0,obt-collector1,HundredGigE0/0/0/7,default,default

2020-02-06 19:33:10.941000+00:00,leaf8,sg7,10,2001:420:289:2000:0:1ab:fab0:1463,,false,false,127,ipv6_ma 0/0/CPU0,0,obt-collector1,HundredGigE0/0/0/19,default,default

2020-02-06 19:33:10.941000+00:00,leaf8,sg7,10,2001:420:289:2000:0:1ab:fab0:2802,,false,false,127,ipv6_ma 0/0/CPU0,0,obt-collector1,HundredGigE0/0/0/31,default,default

2020-02-06 19:33:10.941000+00:00,leaf8,sg7,10,2001:420:289:2000:0:1ab:fab0:1261,,false,false,127,ipv6_ma 0/0/CPU0,0,obt-collector1,HundredGigE0/0/0/10,default,default

2020-02-06 19:33:10.941000+00:00,leaf8,sg7,10,2001:420:289:2000:0:1ab:fab0:1257,,false,false,127,ipv6_ma 0/0/CPU0,0,obt-collector1,HundredGigE0/0/0/8,default,default

2020-02-06 19:33:10.941000+00:00,leaf8,sg7,10,2001:420:289:2000:0:1ab:fab0:1359,,false,false,127,ipv6_ma 0/0/CPU0,0,obt-collector1,HundredGigE0/0/0/13,default,default

2020-02-06 19:33:10.941000+00:00,leaf8,sg7,10,2001:420:289:2000:0:1ab:fab0:2800,,false,false,127,ipv6_ma 0/0/CPU0,0,obt-collector1,HundredGigE0/0/0/30,default,default

2020-02-06 19:33:10.941000+00:00,leaf8,sg7,10,2001:420:289:2000:0:1ab:fab0:1457,,false,false,127,ipv6_ma 0/0/CPU0,0,obt-collector1,HundredGigE0/0/0/16,default,default

2020-02-06 19:33:10.941000+00:00,leaf8,sg7,10,2001:420:289:2000:0:1ab:fab0:1259,,false,false,127,ipv6_ma 0/0/CPU0,0,obt-collector1,HundredGigE0/0/0/9,default,default

2020-02-06 19:33:10.941000+00:00,leaf8,sg7,10,2001:420:289:2000:1eaf:8:a4a:2840,,false,false,127,ipv6_ma 0/0/CPU0,0,obt-collector1,HundredGigE0/0/0/1,default,default

2020-02-06 19:33:10.941000+00:00,leaf8,sg7,10,2001:420:289:2000:1eaf:8:a3a:2830,,false,false,127,ipv6_ma 0/0/CPU0,0,obt-collector1,HundredGigE0/0/0/0,default,default

2020-02-06 19:33:10.941000+00:00,leaf8,sg7,10,2001:420:289:2000:0:1ab:fab0:1157,,false,false,127,ipv6_ma 0/0/CPU0,0,obt-collector1,HundredGigE0/0/0/4,default,default

2020-02-06 19:33:10.941000+00:00,leaf8,sg7,10,2001:420:289:2000:1eaf:8:d03:2806,,false,false,127,ipv6_ma 0/0/CPU0,0,obt-collector1,HundredGigE0/0/0/27,default,default

2020-02-06 19:33:10.941000+00:00,leaf8,sg7,10,2001:420:289:2000:0:1ab:fab0:1357,,false,false,127,ipv6_ma 0/0/CPU0,0,obt-collector1,HundredGigE0/0/0/12,default,default

2020-02-06 19:33:10.941000+00:00,leaf8,sg7,10,2001:420:289:2000:0:1ab:fab0:1461,,false,false,127,ipv6_ma 0/0/CPU0,0,obt-collector1,HundredGigE0/0/0/18,default,default

2020-02-06 19:33:10.941000+00:00,leaf8,sg7,10,2001:420:289:2000:0:1ab:fab0:1363,,false,false,127,ipv6_ma 0/0/CPU0,0,obt-collector1,HundredGigE0/0/0/15,default,default

2020-02-06 19:33:10.941000+00:00,leaf8,sg7,10,2001:420:289:2000:0:1ab:fab0:1161,,false,false,127,ipv6_ma 0/0/CPU0,0,obt-collector1,HundredGigE0/0/0/6,default,default

2020-02-06 19:33:10.941000+00:00,leaf8,sg7,10,2001:420:289:2000:0:1ab:fab0:1459,,false,false,127,ipv6_ma 0/0/CPU0,0,obt-collector1,HundredGigE0/0/0/17,default,default

2020-02-06 19:33:10.941000+00:00,leaf8,sg7,10,2001:420:289:2000:1eaf:8:d03:2804,,false,false,127,ipv6_ma 0/0/CPU0,0,obt-collector1,HundredGigE0/0/0/26,default,default

2020-02-06 19:33:10.941000+00:00,leaf8,sg7,10,2001:420:289:2000:0:1ab:fab0:1263,,false,false,127,ipv6_ma 0/0/CPU0,0,obt-collector1,HundredGigE0/0/0/11,default,default

2020-02-06 19:33:20.954000+00:00,leaf8,sg7,10,2001:420:289:2000:1eaf:8:d03:2804,,false,false,127,ipv6_ma 0/0/CPU0,0,obt-collector1,HundredGigE0/0/0/26,default,default

2020-02-06 19:33:20.954000+00:00,leaf8,sg7,10,2001:420:289:2000:0:1ab:fab0:1263,,false,false,127,ipv6_ma 0/0/CPU0,0,obt-collector1,HundredGigE0/0/0/11,default,default

2020-02-06 19:33:20.954000+00:00,leaf8,sg7,10,2001:420:289:2000:1eaf:8:a3a:2830,,false,false,127,ipv6_ma 0/0/CPU0,0,obt-collector1,HundredGigE0/0/0/0,default,default

2020-02-06 19:33:20.954000+00:00,leaf8,sg7,10,2001:420:289:2000:0:1ab:fab0:1257,,false,false,127,ipv6_ma 0/0/CPU0,0,obt-collector1,HundredGigE0/0/0/8,default,default

2020-02-06 19:33:20.954000+00:00,leaf8,sg7,10,2001:420:289:2000:0:1ab:fab0:1163,,false,false,127,ipv6_ma 0/0/CPU0,0,obt-collector1,HundredGigE0/0/0/7,default,default

2020-02-06 19:33:20.954000+00:00,leaf8,sg7,10,2001:420:289:2000:0:1ab:fab0:1361,,false,false,127,ipv6_ma 0/0/CPU0,0,obt-collector1,HundredGigE0/0/0/14,default,default

2020-02-06 19:33:20.954000+00:00,leaf8,sg7,10,2001:420:289:2000:0:1ab:fab0:1159,,false,false,127,ipv6_ma 0/0/CPU0,0,obt-collector1,HundredGigE0/0/0/5,default,default

2020-02-06 19:33:20.954000+00:00,leaf8,sg7,10,2001:420:289:2000:0:1ab:fab0:1261,,false,false,127,ipv6_ma 0/0/CPU0,0,obt-collector1,HundredGigE0/0/0/10,default,default

2020-02-06 19:33:20.954000+00:00,leaf8,sg7,10,2001:420:289:2000:0:1ab:fab0:1463,,false,false,127,ipv6_ma 0/0/CPU0,0,obt-collector1,HundredGigE0/0/0/19,default,default

2020-02-06 19:33:20.954000+00:00,leaf8,sg7,10,2001:420:289:2000:1eaf:8:a4a:2840,,false,false,127,ipv6_ma 0/0/CPU0,0,obt-collector1,HundredGigE0/0/0/1,default,default

2020-02-06 19:33:20.954000+00:00,leaf8,sg7,10,2001:420:289:2000:0:1ab:fab0:1457,,false,false,127,ipv6_ma 0/0/CPU0,0,obt-collector1,HundredGigE0/0/0/16,default,default

2020-02-06 19:33:20.954000+00:00,leaf8,sg7,10,2001:420:289:2000:0:1ab:fab0:1359,,false,false,127,ipv6_ma 0/0/CPU0,0,obt-collector1,HundredGigE0/0/0/13,default,default

2020-02-06 19:33:20.954000+00:00,leaf8,sg7,10,2001:420:289:2000:0:1ab:fab0:1259,,false,false,127,ipv6_ma 0/0/CPU0,0,obt-collector1,HundredGigE0/0/0/9,default,default

2020-02-06 19:33:20.954000+00:00,leaf8,sg7,10,2001:420:289:2000:0:1ab:fab0:1459,,false,false,127,ipv6_ma 0/0/CPU0,0,obt-collector1,HundredGigE0/0/0/17,default,default

2020-02-06 19:33:20.954000+00:00,leaf8,sg7,10,2001:420:289:2000:0:1ab:fab0:1357,,false,false,127,ipv6_ma 0/0/CPU0,0,obt-collector1,HundredGigE0/0/0/12,default,default

2020-02-06 19:33:20.954000+00:00,leaf8,sg7,10,2001:420:289:2000:0:1ab:fab0:1157,,false,false,127,ipv6_ma 0/0/CPU0,0,obt-collector1,HundredGigE0/0/0/4,default,default

2020-02-06 19:33:20.954000+00:00,leaf8,sg7,10,2001:420:289:2000:0:1ab:fab0:1161,,false,false,127,ipv6_ma 0/0/CPU0,0,obt-collector1,HundredGigE0/0/0/6,default,default

2020-02-06 19:33:20.954000+00:00,leaf8,sg7,10,2001:420:289:2000:0:1ab:fab0:1461,,false,false,127,ipv6_ma 0/0/CPU0,0,obt-collector1,HundredGigE0/0/0/18,default,default

2020-02-06 19:33:20.954000+00:00,leaf8,sg7,10,2001:420:289:2000:0:1ab:fab0:1363,,false,false,127,ipv6_ma 0/0/CPU0,0,obt-collector1,HundredGigE0/0/0/15,default,default

2020-02-06 19:34:51.059000+00:00,leaf8,sg7,10,2001:420:289:2000:0:1ab:fab0:1461,,false,false,127,ipv6_ma 0/0/CPU0,0,obt-collector1,HundredGigE0/0/0/18,default,default

2020-02-06 19:34:51.059000+00:00,leaf8,sg7,10,2001:420:289:2000:0:1ab:fab0:1363,,false,false,127,ipv6_ma 0/0/CPU0,0,obt-collector1,HundredGigE0/0/0/15,default,default

2020-02-06 19:34:51.059000+00:00,leaf8,sg7,10,2001:420:289:2000:0:1ab:fab0:1457,,false,false,127,ipv6_ma 0/0/CPU0,0,obt-collector1,HundredGigE0/0/0/16,default,default

2020-02-06 19:34:51.059000+00:00,leaf8,sg7,10,2001:420:289:2000:0:1ab:fab0:1361,,false,false,127,ipv6_ma 0/0/CPU0,0,obt-collector1,HundredGigE0/0/0/14,default,default

2020-02-06 19:34:51.059000+00:00,leaf8,sg7,10,2001:420:289:2000:1eaf:8:a3a:2830,,false,false,127,ipv6_ma 0/0/CPU0,0,obt-collector1,HundredGigE0/0/0/0,default,default

2020-02-06 19:34:51.059000+00:00,leaf8,sg7,10,2001:420:289:2000:1eaf:8:d03:2804,,false,false,127,ipv6_ma 0/0/CPU0,0,obt-collector1,HundredGigE0/0/0/26,default,default

2020-02-06 19:34:51.059000+00:00,leaf8,sg7,10,2001:420:289:2000:0:1ab:fab0:1263,,false,false,127,ipv6_ma 0/0/CPU0,0,obt-collector1,HundredGigE0/0/0/11,default,default

2020-02-06 19:34:51.059000+00:00,leaf8,sg7,10,2001:420:289:2000:0:1ab:fab0:1163,,false,false,127,ipv6_ma 0/0/CPU0,0,obt-collector1,HundredGigE0/0/0/7,default,default

2020-02-06 19:34:51.059000+00:00,leaf8,sg7,10,2001:420:289:2000:0:1ab:fab0:1257,,false,false,127,ipv6_ma 0/0/CPU0,0,obt-collector1,HundredGigE0/0/0/8,default,default

2020-02-06 19:34:51.059000+00:00,leaf8,sg7,10,2001:420:289:2000:0:1ab:fab0:2802,,false,false,127,ipv6_ma 0/0/CPU0,0,obt-collector1,HundredGigE0/0/0/31,default,default

2020-02-06 19:34:51.059000+00:00,leaf8,sg7,10,2001:420:289:2000:1eaf:8:a4a:2840,,false,false,127,ipv6_ma 0/0/CPU0,0,obt-collector1,HundredGigE0/0/0/1,default,default

2020-02-06 19:34:51.059000+00:00,leaf8,sg7,10,2001:420:289:2000:0:1ab:fab0:1261,,false,false,127,ipv6_ma 0/0/CPU0,0,obt-collector1,HundredGigE0/0/0/10,default,default

2020-02-06 19:34:51.059000+00:00,leaf8,sg7,10,2001:420:289:2000:0:1ab:fab0:1159,,false,false,127,ipv6_ma 0/0/CPU0,0,obt-collector1,HundredGigE0/0/0/5,default,default

2020-02-06 19:34:51.059000+00:00,leaf8,sg7,10,2001:420:289:2000:0:1ab:fab0:2800,,false,false,127,ipv6_ma 0/0/CPU0,0,obt-collector1,HundredGigE0/0/0/30,default,default

2020-02-06 19:34:51.059000+00:00,leaf8,sg7,10,2001:420:289:2000:0:1ab:fab0:1463,,false,false,127,ipv6_ma 0/0/CPU0,0,obt-collector1,HundredGigE0/0/0/19,default,default

2020-02-06 19:34:51.059000+00:00,leaf8,sg7,10,2001:420:289:2000:0:1ab:fab0:1161,,false,false,127,ipv6_ma 0/0/CPU0,0,obt-collector1,HundredGigE0/0/0/6,default,default

2020-02-06 19:34:51.059000+00:00,leaf8,sg7,10,2001:420:289:2000:0:1ab:fab0:1259,,false,false,127,ipv6_ma 0/0/CPU0,0,obt-collector1,HundredGigE0/0/0/9,default,default

2020-02-06 19:34:51.059000+00:00,leaf8,sg7,10,2001:420:289:2000:0:1ab:fab0:1359,,false,false,127,ipv6_ma 0/0/CPU0,0,obt-collector1,HundredGigE0/0/0/13,default,default

2020-02-06 19:34:51.059000+00:00,leaf8,sg7,10,2001:420:289:2000:1eaf:8:d03:2806,,false,false,127,ipv6_ma 0/0/CPU0,0,obt-collector1,HundredGigE0/0/0/27,default,default

2020-02-06 19:34:51.059000+00:00,leaf8,sg7,10,2001:420:289:2000:0:1ab:fab0:1157,,false,false,127,ipv6_ma 0/0/CPU0,0,obt-collector1,HundredGigE0/0/0/4,default,default

2020-02-06 19:34:51.059000+00:00,leaf8,sg7,10,2001:420:289:2000:0:1ab:fab0:1459,,false,false,127,ipv6_ma 0/0/CPU0,0,obt-collector1,HundredGigE0/0/0/17,default,default

2020-02-06 19:34:51.059000+00:00,leaf8,sg7,10,2001:420:289:2000:0:1ab:fab0:1357,,false,false,127,ipv6_ma 0/0/CPU0,0,obt-collector1,HundredGigE0/0/0/12,default,default

2020-02-06 19:35:21.242000+00:00,leaf8,sg7,10,2001:420:289:2000:0:1ab:fab0:1459,,false,false,127,ipv6_ma 0/0/CPU0,0,obt-collector1,HundredGigE0/0/0/17,default,default

2020-02-06 19:35:21.242000+00:00,leaf8,sg7,10,2001:420:289:2000:0:1ab:fab0:1357,,false,false,127,ipv6_ma 0/0/CPU0,0,obt-collector1,HundredGigE0/0/0/12,default,default

2020-02-06 19:35:21.242000+00:00,leaf8,sg7,10,2001:420:289:2000:0:1ab:fab0:1159,,false,false,127,ipv6_ma 0/0/CPU0,0,obt-collector1,HundredGigE0/0/0/5,default,default

2020-02-06 19:35:21.242000+00:00,leaf8,sg7,10,2001:420:289:2000:0:1ab:fab0:1263,,false,false,127,ipv6_ma 0/0/CPU0,0,obt-collector1,HundredGigE0/0/0/11,default,default

2020-02-06 19:35:21.242000+00:00,leaf8,sg7,10,2001:420:289:2000:0:1ab:fab0:1457,,false,false,127,ipv6_ma 0/0/CPU0,0,obt-collector1,HundredGigE0/0/0/16,default,default

2020-02-06 19:35:21.242000+00:00,leaf8,sg7,10,2001:420:289:2000:0:1ab:fab0:1461,,false,false,127,ipv6_ma 0/0/CPU0,0,obt-collector1,HundredGigE0/0/0/18,default,default

2020-02-06 19:35:21.242000+00:00,leaf8,sg7,10,2001:420:289:2000:0:1ab:fab0:1363,,false,false,127,ipv6_ma 0/0/CPU0,0,obt-collector1,HundredGigE0/0/0/15,default,default

2020-02-06 19:35:21.242000+00:00,leaf8,sg7,10,2001:420:289:2000:1eaf:8:d03:2804,,false,false,127,ipv6_ma 0/0/CPU0,0,obt-collector1,HundredGigE0/0/0/26,default,default

2020-02-06 19:35:21.242000+00:00,leaf8,sg7,10,2001:420:289:2000:0:1ab:fab0:1361,,false,false,127,ipv6_ma 0/0/CPU0,0,obt-collector1,HundredGigE0/0/0/14,default,default

2020-02-06 19:35:21.242000+00:00,leaf8,sg7,10,2001:420:289:2000:1eaf:8:a3a:2830,,false,false,127,ipv6_ma 0/0/CPU0,0,obt-collector1,HundredGigE0/0/0/0,default,default

2020-02-06 19:35:21.242000+00:00,leaf8,sg7,10,2001:420:289:2000:0:1ab:fab0:1261,,false,false,127,ipv6_ma 0/0/CPU0,0,obt-collector1,HundredGigE0/0/0/10,default,default

2020-02-06 19:35:21.242000+00:00,leaf8,sg7,10,2001:420:289:2000:0:1ab:fab0:2802,,false,false,127,ipv6_ma 0/0/CPU0,0,obt-collector1,HundredGigE0/0/0/31,default,default

2020-02-06 19:35:21.242000+00:00,leaf8,sg7,10,2001:420:289:2000:0:1ab:fab0:1163,,false,false,127,ipv6_ma 0/0/CPU0,0,obt-collector1,HundredGigE0/0/0/7,default,default

2020-02-06 19:35:21.242000+00:00,leaf8,sg7,10,2001:420:289:2000:0:1ab:fab0:1257,,false,false,127,ipv6_ma 0/0/CPU0,0,obt-collector1,HundredGigE0/0/0/8,default,default

2020-02-06 19:35:21.242000+00:00,leaf8,sg7,10,2001:420:289:2000:1eaf:8:a4a:2840,,false,false,127,ipv6_ma 0/0/CPU0,0,obt-collector1,HundredGigE0/0/0/1,default,default

2020-02-06 19:35:21.242000+00:00,leaf8,sg7,10,2001:420:289:2000:0:1ab:fab0:1157,,false,false,127,ipv6_ma 0/0/CPU0,0,obt-collector1,HundredGigE0/0/0/4,default,default

2020-02-06 19:35:21.242000+00:00,leaf8,sg7,10,2001:420:289:2000:0:1ab:fab0:1161,,false,false,127,ipv6_ma 0/0/CPU0,0,obt-collector1,HundredGigE0/0/0/6,default,default

2020-02-06 19:35:21.242000+00:00,leaf8,sg7,10,2001:420:289:2000:0:1ab:fab0:2800,,false,false,127,ipv6_ma 0/0/CPU0,0,obt-collector1,HundredGigE0/0/0/30,default,default

2020-02-06 19:35:21.242000+00:00,leaf8,sg7,10,2001:420:289:2000:0:1ab:fab0:1463,,false,false,127,ipv6_ma 0/0/CPU0,0,obt-collector1,HundredGigE0/0/0/19,default,default

2020-02-06 19:35:21.242000+00:00,leaf8,sg7,10,2001:420:289:2000:1eaf:8:d03:2806,,false,false,127,ipv6_ma 0/0/CPU0,0,obt-collector1,HundredGigE0/0/0/27,default,default

2020-02-06 19:35:21.242000+00:00,leaf8,sg7,10,2001:420:289:2000:0:1ab:fab0:1259,,false,false,127,ipv6_ma 0/0/CPU0,0,obt-collector1,HundredGigE0/0/0/9,default,default

2020-02-06 19:35:21.242000+00:00,leaf8,sg7,10,2001:420:289:2000:0:1ab:fab0:1359,,false,false,127,ipv6_ma 0/0/CPU0,0,obt-collector1,HundredGigE0/0/0/13,default,default

2020-02-06 19:35:51.287000+00:00,leaf8,sg7,10,2001:420:289:2000:1eaf:8:d03:2804,,false,false,127,ipv6_ma 0/0/CPU0,0,obt-collector1,HundredGigE0/0/0/26,default,default

2020-02-06 19:35:51.287000+00:00,leaf8,sg7,10,2001:420:289:2000:0:1ab:fab0:2802,,false,false,127,ipv6_ma 0/0/CPU0,0,obt-collector1,HundredGigE0/0/0/31,default,default

2020-02-06 19:35:51.287000+00:00,leaf8,sg7,10,2001:420:289:2000:0:1ab:fab0:2800,,false,false,127,ipv6_ma 0/0/CPU0,0,obt-collector1,HundredGigE0/0/0/30,default,default

2020-02-06 19:35:51.287000+00:00,leaf8,sg7,10,2001:420:289:2000:1eaf:8:d03:2806,,false,false,127,ipv6_ma 0/0/CPU0,0,obt-collector1,HundredGigE0/0/0/27,default,default

2020-02-06 19:35:51.287000+00:00,leaf8,sg7,10,2001:420:289:2000:0:1ab:fab0:1463,,false,false,127,ipv6_ma 0/0/CPU0,0,obt-collector1,HundredGigE0/0/0/19,default,default

2020-02-06 19:36:01.294000+00:00,leaf8,sg7,10,2001:420:289:2000:1eaf:8:d03:2806,,false,false,127,ipv6_ma 0/0/CPU0,0,obt-collector1,HundredGigE0/0/0/27,default,default

2020-02-06 19:36:01.294000+00:00,leaf8,sg7,10,2001:420:289:2000:0:1ab:fab0:1463,,false,false,127,ipv6_ma 0/0/CPU0,0,obt-collector1,HundredGigE0/0/0/19,default,default

2020-02-06 19:36:01.294000+00:00,leaf8,sg7,10,2001:420:289:2000:1eaf:8:d03:2804,,false,false,127,ipv6_ma 0/0/CPU0,0,obt-collector1,HundredGigE0/0/0/26,default,default

2020-02-06 19:36:01.294000+00:00,leaf8,sg7,10,2001:420:289:2000:0:1ab:fab0:1363,,false,false,127,ipv6_ma 0/0/CPU0,0,obt-collector1,HundredGigE0/0/0/15,default,default

2020-02-06 19:36:01.294000+00:00,leaf8,sg7,10,2001:420:289:2000:0:1ab:fab0:1159,,false,false,127,ipv6_ma 0/0/CPU0,0,obt-collector1,HundredGigE0/0/0/5,default,default

2020-02-06 19:36:01.294000+00:00,leaf8,sg7,10,2001:420:289:2000:0:1ab:fab0:1459,,false,false,127,ipv6_ma 0/0/CPU0,0,obt-collector1,HundredGigE0/0/0/17,default,default

2020-02-06 19:36:01.294000+00:00,leaf8,sg7,10,2001:420:289:2000:0:1ab:fab0:1357,,false,false,127,ipv6_ma 0/0/CPU0,0,obt-collector1,HundredGigE0/0/0/12,default,default

2020-02-06 19:36:01.294000+00:00,leaf8,sg7,10,2001:420:289:2000:0:1ab:fab0:1461,,false,false,127,ipv6_ma 0/0/CPU0,0,obt-collector1,HundredGigE0/0/0/18,default,default

2020-02-06 19:36:01.294000+00:00,leaf8,sg7,10,2001:420:289:2000:0:1ab:fab0:1263,,false,false,127,ipv6_ma 0/0/CPU0,0,obt-collector1,HundredGigE0/0/0/11,default,default

2020-02-06 19:36:01.294000+00:00,leaf8,sg7,10,2001:420:289:2000:0:1ab:fab0:1457,,false,false,127,ipv6_ma 0/0/CPU0,0,obt-collector1,HundredGigE0/0/0/16,default,default

2020-02-06 19:36:01.294000+00:00,leaf8,sg7,10,2001:420:289:2000:0:1ab:fab0:1359,,false,false,127,ipv6_ma 0/0/CPU0,0,obt-collector1,HundredGigE0/0/0/13,default,default

2020-02-06 19:36:01.294000+00:00,leaf8,sg7,10,2001:420:289:2000:0:1ab:fab0:1261,,false,false,127,ipv6_ma 0/0/CPU0,0,obt-collector1,HundredGigE0/0/0/10,default,default

2020-02-06 19:36:01.294000+00:00,leaf8,sg7,10,2001:420:289:2000:1eaf:8:a3a:2830,,false,false,127,ipv6_ma 0/0/CPU0,0,obt-collector1,HundredGigE0/0/0/0,default,default

2020-02-06 19:36:01.294000+00:00,leaf8,sg7,10,2001:420:289:2000:0:1ab:fab0:1361,,false,false,127,ipv6_ma 0/0/CPU0,0,obt-collector1,HundredGigE0/0/0/14,default,default

2020-02-06 19:36:01.294000+00:00,leaf8,sg7,10,2001:420:289:2000:0:1ab:fab0:1259,,false,false,127,ipv6_ma 0/0/CPU0,0,obt-collector1,HundredGigE0/0/0/9,default,default

2020-02-06 19:36:01.294000+00:00,leaf8,sg7,10,2001:420:289:2000:0:1ab:fab0:2800,,false,false,127,ipv6_ma 0/0/CPU0,0,obt-collector1,HundredGigE0/0/0/30,default,default

2020-02-06 19:36:01.294000+00:00,leaf8,sg7,10,2001:420:289:2000:0:1ab:fab0:1157,,false,false,127,ipv6_ma 0/0/CPU0,0,obt-collector1,HundredGigE0/0/0/4,default,default

2020-02-06 19:36:01.294000+00:00,leaf8,sg7,10,2001:420:289:2000:0:1ab:fab0:1257,,false,false,127,ipv6_ma 0/0/CPU0,0,obt-collector1,HundredGigE0/0/0/8,default,default

2020-02-06 19:36:01.294000+00:00,leaf8,sg7,10,2001:420:289:2000:1eaf:8:a4a:2840,,false,false,127,ipv6_ma 0/0/CPU0,0,obt-collector1,HundredGigE0/0/0/1,default,default

2020-02-06 19:36:01.294000+00:00,leaf8,sg7,10,2001:420:289:2000:0:1ab:fab0:2802,,false,false,127,ipv6_ma 0/0/CPU0,0,obt-collector1,HundredGigE0/0/0/31,default,default

2020-02-06 19:36:01.294000+00:00,leaf8,sg7,10,2001:420:289:2000:0:1ab:fab0:1161,,false,false,127,ipv6_ma 0/0/CPU0,0,obt-collector1,HundredGigE0/0/0/6,default,default

2020-02-06 19:36:01.294000+00:00,leaf8,sg7,10,2001:420:289:2000:0:1ab:fab0:1163,,false,false,127,ipv6_ma 0/0/CPU0,0,obt-collector1,HundredGigE0/0/0/7,default,default

2020-02-06 19:36:51.335000+00:00,leaf8,sg7,10,2001:420:289:2000:0:1ab:fab0:1161,,false,false,127,ipv6_ma 0/0/CPU0,0,obt-collector1,HundredGigE0/0/0/6,default,default

2020-02-06 19:36:51.335000+00:00,leaf8,sg7,10,2001:420:289:2000:0:1ab:fab0:1163,,false,false,127,ipv6_ma 0/0/CPU0,0,obt-collector1,HundredGigE0/0/0/7,default,default

2020-02-06 19:36:51.335000+00:00,leaf8,sg7,10,2001:420:289:2000:1eaf:8:a3a:2830,,false,false,127,ipv6_ma 0/0/CPU0,0,obt-collector1,HundredGigE0/0/0/0,default,default

2020-02-06 19:36:51.335000+00:00,leaf8,sg7,10,2001:420:289:2000:0:1ab:fab0:1357,,false,false,127,ipv6_ma 0/0/CPU0,0,obt-collector1,HundredGigE0/0/0/12,default,default

2020-02-06 19:36:51.335000+00:00,leaf8,sg7,10,2001:420:289:2000:1eaf:8:d03:2804,,false,false,127,ipv6_ma 0/0/CPU0,0,obt-collector1,HundredGigE0/0/0/26,default,default

2020-02-06 19:36:51.335000+00:00,leaf8,sg7,10,2001:420:289:2000:1eaf:8:d03:2806,,false,false,127,ipv6_ma 0/0/CPU0,0,obt-collector1,HundredGigE0/0/0/27,default,default

2020-02-06 19:36:51.335000+00:00,leaf8,sg7,10,2001:420:289:2000:0:1ab:fab0:1463,,false,false,127,ipv6_ma 0/0/CPU0,0,obt-collector1,HundredGigE0/0/0/19,default,default

2020-02-06 19:36:51.335000+00:00,leaf8,sg7,10,2001:420:289:2000:0:1ab:fab0:1459,,false,false,127,ipv6_ma 0/0/CPU0,0,obt-collector1,HundredGigE0/0/0/17,default,default

2020-02-06 19:36:51.335000+00:00,leaf8,sg7,10,2001:420:289:2000:0:1ab:fab0:1363,,false,false,127,ipv6_ma 0/0/CPU0,0,obt-collector1,HundredGigE0/0/0/15,default,default

2020-02-06 19:36:51.335000+00:00,leaf8,sg7,10,2001:420:289:2000:0:1ab:fab0:1159,,false,false,127,ipv6_ma 0/0/CPU0,0,obt-collector1,HundredGigE0/0/0/5,default,default

2020-02-06 19:36:51.335000+00:00,leaf8,sg7,10,2001:420:289:2000:0:1ab:fab0:1261,,false,false,127,ipv6_ma 0/0/CPU0,0,obt-collector1,HundredGigE0/0/0/10,default,default

2020-02-06 19:36:51.335000+00:00,leaf8,sg7,10,2001:420:289:2000:0:1ab:fab0:1457,,false,false,127,ipv6_ma 0/0/CPU0,0,obt-collector1,HundredGigE0/0/0/16,default,default

2020-02-06 19:36:51.335000+00:00,leaf8,sg7,10,2001:420:289:2000:0:1ab:fab0:1461,,false,false,127,ipv6_ma 0/0/CPU0,0,obt-collector1,HundredGigE0/0/0/18,default,default

2020-02-06 19:36:51.335000+00:00,leaf8,sg7,10,2001:420:289:2000:0:1ab:fab0:1263,,false,false,127,ipv6_ma 0/0/CPU0,0,obt-collector1,HundredGigE0/0/0/11,default,default

2020-02-06 19:36:51.335000+00:00,leaf8,sg7,10,2001:420:289:2000:0:1ab:fab0:1359,,false,false,127,ipv6_ma 0/0/CPU0,0,obt-collector1,HundredGigE0/0/0/13,default,default

2020-02-06 19:36:51.335000+00:00,leaf8,sg7,10,2001:420:289:2000:0:1ab:fab0:2802,,false,false,127,ipv6_ma 0/0/CPU0,0,obt-collector1,HundredGigE0/0/0/31,default,default

2020-02-06 19:36:51.335000+00:00,leaf8,sg7,10,2001:420:289:2000:0:1ab:fab0:2800,,false,false,127,ipv6_ma 0/0/CPU0,0,obt-collector1,HundredGigE0/0/0/30,default,default

2020-02-06 19:36:51.335000+00:00,leaf8,sg7,10,2001:420:289:2000:0:1ab:fab0:1361,,false,false,127,ipv6_ma 0/0/CPU0,0,obt-collector1,HundredGigE0/0/0/14,default,default

2020-02-06 19:36:51.335000+00:00,leaf8,sg7,10,2001:420:289:2000:0:1ab:fab0:1259,,false,false,127,ipv6_ma 0/0/CPU0,0,obt-collector1,HundredGigE0/0/0/9,default,default

2020-02-06 19:36:51.335000+00:00,leaf8,sg7,10,2001:420:289:2000:1eaf:8:a4a:2840,,false,false,127,ipv6_ma 0/0/CPU0,0,obt-collector1,HundredGigE0/0/0/1,default,default

2020-02-06 19:36:51.335000+00:00,leaf8,sg7,10,2001:420:289:2000:0:1ab:fab0:1157,,false,false,127,ipv6_ma 0/0/CPU0,0,obt-collector1,HundredGigE0/0/0/4,default,default

2020-02-06 19:36:51.335000+00:00,leaf8,sg7,10,2001:420:289:2000:0:1ab:fab0:1257,,false,false,127,ipv6_ma 0/0/CPU0,0,obt-collector1,HundredGigE0/0/0/8,default,default

2020-02-06 19:38:21.457000+00:00,leaf8,sg7,10,2001:420:289:2000:0:1ab:fab0:1157,,false,false,127,ipv6_ma 0/0/CPU0,0,obt-collector1,HundredGigE0/0/0/4,default,default

2020-02-06 19:38:21.457000+00:00,leaf8,sg7,10,2001:420:289:2000:0:1ab:fab0:1257,,false,false,127,ipv6_ma 0/0/CPU0,0,obt-collector1,HundredGigE0/0/0/8,default,default

2020-02-06 19:38:21.457000+00:00,leaf8,sg7,10,2001:420:289:2000:0:1ab:fab0:1461,,false,false,127,ipv6_ma 0/0/CPU0,0,obt-collector1,HundredGigE0/0/0/18,default,default

2020-02-06 19:38:21.457000+00:00,leaf8,sg7,10,2001:420:289:2000:0:1ab:fab0:1463,,false,false,127,ipv6_ma 0/0/CPU0,0,obt-collector1,HundredGigE0/0/0/19,default,default

2020-02-06 19:38:21.457000+00:00,leaf8,sg7,10,2001:420:289:2000:1eaf:8:a3a:2830,,false,false,127,ipv6_ma 0/0/CPU0,0,obt-collector1,HundredGigE0/0/0/0,default,default

2020-02-06 19:38:21.457000+00:00,leaf8,sg7,10,2001:420:289:2000:0:1ab:fab0:1161,,false,false,127,ipv6_ma 0/0/CPU0,0,obt-collector1,HundredGigE0/0/0/6,default,default

2020-02-06 19:38:21.457000+00:00,leaf8,sg7,10,2001:420:289:2000:0:1ab:fab0:1163,,false,false,127,ipv6_ma 0/0/CPU0,0,obt-collector1,HundredGigE0/0/0/7,default,default

2020-02-06 19:38:21.457000+00:00,leaf8,sg7,10,2001:420:289:2000:1eaf:8:d03:2806,,false,false,127,ipv6_ma 0/0/CPU0,0,obt-collector1,HundredGigE0/0/0/27,default,default

2020-02-06 19:38:21.457000+00:00,leaf8,sg7,10,2001:420:289:2000:0:1ab:fab0:1357,,false,false,127,ipv6_ma 0/0/CPU0,0,obt-collector1,HundredGigE0/0/0/12,default,default

2020-02-06 19:38:21.457000+00:00,leaf8,sg7,10,2001:420:289:2000:1eaf:8:d03:2804,,false,false,127,ipv6_ma 0/0/CPU0,0,obt-collector1,HundredGigE0/0/0/26,default,default

2020-02-06 19:38:21.457000+00:00,leaf8,sg7,10,2001:420:289:2000:0:1ab:fab0:1457,,false,false,127,ipv6_ma 0/0/CPU0,0,obt-collector1,HundredGigE0/0/0/16,default,default

2020-02-06 19:38:21.457000+00:00,leaf8,sg7,10,2001:420:289:2000:0:1ab:fab0:1159,,false,false,127,ipv6_ma 0/0/CPU0,0,obt-collector1,HundredGigE0/0/0/5,default,default

2020-02-06 19:38:21.457000+00:00,leaf8,sg7,10,2001:420:289:2000:0:1ab:fab0:1459,,false,false,127,ipv6_ma 0/0/CPU0,0,obt-collector1,HundredGigE0/0/0/17,default,default

2020-02-06 19:38:21.457000+00:00,leaf8,sg7,10,2001:420:289:2000:0:1ab:fab0:1363,,false,false,127,ipv6_ma 0/0/CPU0,0,obt-collector1,HundredGigE0/0/0/15,default,default

2020-02-06 19:38:21.457000+00:00,leaf8,sg7,10,2001:420:289:2000:0:1ab:fab0:1261,,false,false,127,ipv6_ma 0/0/CPU0,0,obt-collector1,HundredGigE0/0/0/10,default,default

2020-02-06 19:38:21.457000+00:00,leaf8,sg7,10,2001:420:289:2000:1eaf:8:a4a:2840,,false,false,127,ipv6_ma 0/0/CPU0,0,obt-collector1,HundredGigE0/0/0/1,default,default

2020-02-06 19:38:21.457000+00:00,leaf8,sg7,10,2001:420:289:2000:0:1ab:fab0:2802,,false,false,127,ipv6_ma 0/0/CPU0,0,obt-collector1,HundredGigE0/0/0/31,default,default

2020-02-06 19:38:21.457000+00:00,leaf8,sg7,10,2001:420:289:2000:0:1ab:fab0:1263,,false,false,127,ipv6_ma 0/0/CPU0,0,obt-collector1,HundredGigE0/0/0/11,default,default

2020-02-06 19:38:21.457000+00:00,leaf8,sg7,10,2001:420:289:2000:0:1ab:fab0:1359,,false,false,127,ipv6_ma 0/0/CPU0,0,obt-collector1,HundredGigE0/0/0/13,default,default

2020-02-06 19:38:21.457000+00:00,leaf8,sg7,10,2001:420:289:2000:0:1ab:fab0:1259,,false,false,127,ipv6_ma 0/0/CPU0,0,obt-collector1,HundredGigE0/0/0/9,default,default

2020-02-06 19:38:21.457000+00:00,leaf8,sg7,10,2001:420:289:2000:0:1ab:fab0:2800,,false,false,127,ipv6_ma 0/0/CPU0,0,obt-collector1,HundredGigE0/0/0/30,default,default

2020-02-06 19:38:21.457000+00:00,leaf8,sg7,10,2001:420:289:2000:0:1ab:fab0:1361,,false,false,127,ipv6_ma 0/0/CPU0,0,obt-collector1,HundredGigE0/0/0/14,default,default

2020-02-06 19:39:31.566000+00:00,leaf8,sg7,10,2001:420:289:2000:0:1ab:fab0:2800,,false,false,127,ipv6_ma 0/0/CPU0,0,obt-collector1,HundredGigE0/0/0/30,default,default

2020-02-06 19:39:31.566000+00:00,leaf8,sg7,10,2001:420:289:2000:0:1ab:fab0:1361,,false,false,127,ipv6_ma 0/0/CPU0,0,obt-collector1,HundredGigE0/0/0/14,default,default

2020-02-06 19:39:31.566000+00:00,leaf8,sg7,10,2001:420:289:2000:0:1ab:fab0:1459,,false,false,127,ipv6_ma 0/0/CPU0,0,obt-collector1,HundredGigE0/0/0/17,default,default

2020-02-06 19:39:31.566000+00:00,leaf8,sg7,10,2001:420:289:2000:0:1ab:fab0:1163,,false,false,127,ipv6_ma 0/0/CPU0,0,obt-collector1,HundredGigE0/0/0/7,default,default

2020-02-06 19:39:31.566000+00:00,leaf8,sg7,10,2001:420:289:2000:0:1ab:fab0:1461,,false,false,127,ipv6_ma 0/0/CPU0,0,obt-collector1,HundredGigE0/0/0/18,default,default

2020-02-06 19:39:31.566000+00:00,leaf8,sg7,10,2001:420:289:2000:0:1ab:fab0:1157,,false,false,127,ipv6_ma 0/0/CPU0,0,obt-collector1,HundredGigE0/0/0/4,default,default

2020-02-06 19:39:31.566000+00:00,leaf8,sg7,10,2001:420:289:2000:0:1ab:fab0:1257,,false,false,127,ipv6_ma 0/0/CPU0,0,obt-collector1,HundredGigE0/0/0/8,default,default

2020-02-06 19:39:31.566000+00:00,leaf8,sg7,10,2001:420:289:2000:0:1ab:fab0:1161,,false,false,127,ipv6_ma 0/0/CPU0,0,obt-collector1,HundredGigE0/0/0/6,default,default

2020-02-06 19:39:31.566000+00:00,leaf8,sg7,10,2001:420:289:2000:0:1ab:fab0:1463,,false,false,127,ipv6_ma 0/0/CPU0,0,obt-collector1,HundredGigE0/0/0/19,default,default

2020-02-06 19:39:31.566000+00:00,leaf8,sg7,10,2001:420:289:2000:1eaf:8:a3a:2830,,false,false,127,ipv6_ma 0/0/CPU0,0,obt-collector1,HundredGigE0/0/0/0,default,default

2020-02-06 19:39:31.566000+00:00,leaf8,sg7,10,2001:420:289:2000:0:1ab:fab0:1159,,false,false,127,ipv6_ma 0/0/CPU0,0,obt-collector1,HundredGigE0/0/0/5,default,default

2020-02-06 19:39:31.566000+00:00,leaf8,sg7,10,2001:420:289:2000:1eaf:8:d03:2804,,false,false,127,ipv6_ma 0/0/CPU0,0,obt-collector1,HundredGigE0/0/0/26,default,default

2020-02-06 19:39:31.566000+00:00,leaf8,sg7,10,2001:420:289:2000:1eaf:8:d03:2806,,false,false,127,ipv6_ma 0/0/CPU0,0,obt-collector1,HundredGigE0/0/0/27,default,default

2020-02-06 19:39:31.566000+00:00,leaf8,sg7,10,2001:420:289:2000:0:1ab:fab0:1357,,false,false,127,ipv6_ma 0/0/CPU0,0,obt-collector1,HundredGigE0/0/0/12,default,default

2020-02-06 19:39:31.566000+00:00,leaf8,sg7,10,2001:420:289:2000:0:1ab:fab0:1457,,false,false,127,ipv6_ma 0/0/CPU0,0,obt-collector1,HundredGigE0/0/0/16,default,default

2020-02-06 19:39:31.566000+00:00,leaf8,sg7,10,2001:420:289:2000:0:1ab:fab0:1259,,false,false,127,ipv6_ma 0/0/CPU0,0,obt-collector1,HundredGigE0/0/0/9,default,default

2020-02-06 19:39:31.566000+00:00,leaf8,sg7,10,2001:420:289:2000:1eaf:8:a4a:2840,,false,false,127,ipv6_ma 0/0/CPU0,0,obt-collector1,HundredGigE0/0/0/1,default,default

2020-02-06 19:39:31.566000+00:00,leaf8,sg7,10,2001:420:289:2000:0:1ab:fab0:1363,,false,false,127,ipv6_ma 0/0/CPU0,0,obt-collector1,HundredGigE0/0/0/15,default,default

2020-02-06 19:39:31.566000+00:00,leaf8,sg7,10,2001:420:289:2000:0:1ab:fab0:1261,,false,false,127,ipv6_ma 0/0/CPU0,0,obt-collector1,HundredGigE0/0/0/10,default,default

2020-02-06 19:39:31.566000+00:00,leaf8,sg7,10,2001:420:289:2000:0:1ab:fab0:1359,,false,false,127,ipv6_ma 0/0/CPU0,0,obt-collector1,HundredGigE0/0/0/13,default,default

2020-02-06 19:39:31.566000+00:00,leaf8,sg7,10,2001:420:289:2000:0:1ab:fab0:2802,,false,false,127,ipv6_ma 0/0/CPU0,0,obt-collector1,HundredGigE0/0/0/31,default,default

2020-02-06 19:39:31.566000+00:00,leaf8,sg7,10,2001:420:289:2000:0:1ab:fab0:1263,,false,false,127,ipv6_ma 0/0/CPU0,0,obt-collector1,HundredGigE0/0/0/11,default,default

2020-02-06 19:39:41.574000+00:00,leaf8,sg7,10,2001:420:289:2000:0:1ab:fab0:2802,,false,false,127,ipv6_ma 0/0/CPU0,0,obt-collector1,HundredGigE0/0/0/31,default,default

2020-02-06 19:39:41.574000+00:00,leaf8,sg7,10,2001:420:289:2000:0:1ab:fab0:1263,,false,false,127,ipv6_ma 0/0/CPU0,0,obt-collector1,HundredGigE0/0/0/11,default,default

2020-02-06 19:39:41.574000+00:00,leaf8,sg7,10,2001:420:289:2000:1eaf:8:d03:2806,,false,false,127,ipv6_ma 0/0/CPU0,0,obt-collector1,HundredGigE0/0/0/27,default,default

2020-02-06 19:39:41.574000+00:00,leaf8,sg7,10,2001:420:289:2000:0:1ab:fab0:1257,,false,false,127,ipv6_ma 0/0/CPU0,0,obt-collector1,HundredGigE0/0/0/8,default,default

2020-02-06 19:39:41.574000+00:00,leaf8,sg7,10,2001:420:289:2000:0:1ab:fab0:1459,,false,false,127,ipv6_ma 0/0/CPU0,0,obt-collector1,HundredGigE0/0/0/17,default,default

2020-02-06 19:39:41.574000+00:00,leaf8,sg7,10,2001:420:289:2000:0:1ab:fab0:2800,,false,false,127,ipv6_ma 0/0/CPU0,0,obt-collector1,HundredGigE0/0/0/30,default,default

2020-02-06 19:39:41.574000+00:00,leaf8,sg7,10,2001:420:289:2000:0:1ab:fab0:1361,,false,false,127,ipv6_ma 0/0/CPU0,0,obt-collector1,HundredGigE0/0/0/14,default,default

2020-02-06 19:39:41.574000+00:00,leaf8,sg7,10,2001:420:289:2000:0:1ab:fab0:1157,,false,false,127,ipv6_ma 0/0/CPU0,0,obt-collector1,HundredGigE0/0/0/4,default,default

2020-02-06 19:39:41.574000+00:00,leaf8,sg7,10,2001:420:289:2000:0:1ab:fab0:1163,,false,false,127,ipv6_ma 0/0/CPU0,0,obt-collector1,HundredGigE0/0/0/7,default,default

2020-02-06 19:39:41.574000+00:00,leaf8,sg7,10,2001:420:289:2000:0:1ab:fab0:1461,,false,false,127,ipv6_ma 0/0/CPU0,0,obt-collector1,HundredGigE0/0/0/18,default,default

2020-02-06 19:39:41.574000+00:00,leaf8,sg7,10,2001:420:289:2000:1eaf:8:d03:2804,,false,false,127,ipv6_ma 0/0/CPU0,0,obt-collector1,HundredGigE0/0/0/26,default,default

2020-02-06 19:39:41.574000+00:00,leaf8,sg7,10,2001:420:289:2000:1eaf:8:a3a:2830,,false,false,127,ipv6_ma 0/0/CPU0,0,obt-collector1,HundredGigE0/0/0/0,default,default

2020-02-06 19:39:41.574000+00:00,leaf8,sg7,10,2001:420:289:2000:0:1ab:fab0:1161,,false,false,127,ipv6_ma 0/0/CPU0,0,obt-collector1,HundredGigE0/0/0/6,default,default

2020-02-06 19:39:41.574000+00:00,leaf8,sg7,10,2001:420:289:2000:0:1ab:fab0:1463,,false,false,127,ipv6_ma 0/0/CPU0,0,obt-collector1,HundredGigE0/0/0/19,default,default

2020-02-06 19:39:41.574000+00:00,leaf8,sg7,10,2001:420:289:2000:0:1ab:fab0:1159,,false,false,127,ipv6_ma 0/0/CPU0,0,obt-collector1,HundredGigE0/0/0/5,default,default

2020-02-06 19:39:41.574000+00:00,leaf8,sg7,10,2001:420:289:2000:0:1ab:fab0:1359,,false,false,127,ipv6_ma 0/0/CPU0,0,obt-collector1,HundredGigE0/0/0/13,default,default

2020-02-06 19:39:41.574000+00:00,leaf8,sg7,10,2001:420:289:2000:0:1ab:fab0:1259,,false,false,127,ipv6_ma 0/0/CPU0,0,obt-collector1,HundredGigE0/0/0/9,default,default

2020-02-06 19:39:41.574000+00:00,leaf8,sg7,10,2001:420:289:2000:0:1ab:fab0:1357,,false,false,127,ipv6_ma 0/0/CPU0,0,obt-collector1,HundredGigE0/0/0/12,default,default

2020-02-06 19:39:41.574000+00:00,leaf8,sg7,10,2001:420:289:2000:0:1ab:fab0:1457,,false,false,127,ipv6_ma 0/0/CPU0,0,obt-collector1,HundredGigE0/0/0/16,default,default

2020-02-06 19:39:41.574000+00:00,leaf8,sg7,10,2001:420:289:2000:0:1ab:fab0:1261,,false,false,127,ipv6_ma 0/0/CPU0,0,obt-collector1,HundredGigE0/0/0/10,default,default

2020-02-06 19:39:41.574000+00:00,leaf8,sg7,10,2001:420:289:2000:1eaf:8:a4a:2840,,false,false,127,ipv6_ma 0/0/CPU0,0,obt-collector1,HundredGigE0/0/0/1,default,default

2020-02-06 19:39:41.574000+00:00,leaf8,sg7,10,2001:420:289:2000:0:1ab:fab0:1363,,false,false,127,ipv6_ma 0/0/CPU0,0,obt-collector1,HundredGigE0/0/0/15,default,default

2020-02-06 19:40:11.600000+00:00,leaf8,sg7,10,2001:420:289:2000:1eaf:8:a4a:2840,,false,false,127,ipv6_ma 0/0/CPU0,0,obt-collector1,HundredGigE0/0/0/1,default,default

2020-02-06 19:40:11.600000+00:00,leaf8,sg7,10,2001:420:289:2000:0:1ab:fab0:1363,,false,false,127,ipv6_ma 0/0/CPU0,0,obt-collector1,HundredGigE0/0/0/15,default,default

2020-02-06 19:40:11.600000+00:00,leaf8,sg7,10,2001:420:289:2000:0:1ab:fab0:1161,,false,false,127,ipv6_ma 0/0/CPU0,0,obt-collector1,HundredGigE0/0/0/6,default,default

2020-02-06 19:40:11.600000+00:00,leaf8,sg7,10,2001:420:289:2000:0:1ab:fab0:1361,,false,false,127,ipv6_ma 0/0/CPU0,0,obt-collector1,HundredGigE0/0/0/14,default,default

2020-02-06 19:40:11.600000+00:00,leaf8,sg7,10,2001:420:289:2000:1eaf:8:d03:2806,,false,false,127,ipv6_ma 0/0/CPU0,0,obt-collector1,HundredGigE0/0/0/27,default,default

2020-02-06 19:40:11.600000+00:00,leaf8,sg7,10,2001:420:289:2000:0:1ab:fab0:2802,,false,false,127,ipv6_ma 0/0/CPU0,0,obt-collector1,HundredGigE0/0/0/31,default,default

2020-02-06 19:40:11.600000+00:00,leaf8,sg7,10,2001:420:289:2000:0:1ab:fab0:1263,,false,false,127,ipv6_ma 0/0/CPU0,0,obt-collector1,HundredGigE0/0/0/11,default,default

2020-02-06 19:40:11.600000+00:00,leaf8,sg7,10,2001:420:289:2000:0:1ab:fab0:2800,,false,false,127,ipv6_ma 0/0/CPU0,0,obt-collector1,HundredGigE0/0/0/30,default,default

2020-02-06 19:40:11.600000+00:00,leaf8,sg7,10,2001:420:289:2000:0:1ab:fab0:1257,,false,false,127,ipv6_ma 0/0/CPU0,0,obt-collector1,HundredGigE0/0/0/8,default,default

2020-02-06 19:40:11.600000+00:00,leaf8,sg7,10,2001:420:289:2000:0:1ab:fab0:1459,,false,false,127,ipv6_ma 0/0/CPU0,0,obt-collector1,HundredGigE0/0/0/17,default,default

2020-02-06 19:40:11.600000+00:00,leaf8,sg7,10,2001:420:289:2000:1eaf:8:a3a:2830,,false,false,127,ipv6_ma 0/0/CPU0,0,obt-collector1,HundredGigE0/0/0/0,default,default

2020-02-06 19:40:11.600000+00:00,leaf8,sg7,10,2001:420:289:2000:0:1ab:fab0:1461,,false,false,127,ipv6_ma 0/0/CPU0,0,obt-collector1,HundredGigE0/0/0/18,default,default

2020-02-06 19:40:11.600000+00:00,leaf8,sg7,10,2001:420:289:2000:0:1ab:fab0:1157,,false,false,127,ipv6_ma 0/0/CPU0,0,obt-collector1,HundredGigE0/0/0/4,default,default

2020-02-06 19:40:11.600000+00:00,leaf8,sg7,10,2001:420:289:2000:0:1ab:fab0:1163,,false,false,127,ipv6_ma 0/0/CPU0,0,obt-collector1,HundredGigE0/0/0/7,default,default

2020-02-06 19:40:11.600000+00:00,leaf8,sg7,10,2001:420:289:2000:1eaf:8:d03:2804,,false,false,127,ipv6_ma 0/0/CPU0,0,obt-collector1,HundredGigE0/0/0/26,default,default

2020-02-06 19:40:11.600000+00:00,leaf8,sg7,10,2001:420:289:2000:0:1ab:fab0:1261,,false,false,127,ipv6_ma 0/0/CPU0,0,obt-collector1,HundredGigE0/0/0/10,default,default

2020-02-06 19:40:11.600000+00:00,leaf8,sg7,10,2001:420:289:2000:0:1ab:fab0:1359,,false,false,127,ipv6_ma 0/0/CPU0,0,obt-collector1,HundredGigE0/0/0/13,default,default

2020-02-06 19:40:11.600000+00:00,leaf8,sg7,10,2001:420:289:2000:0:1ab:fab0:1463,,false,false,127,ipv6_ma 0/0/CPU0,0,obt-collector1,HundredGigE0/0/0/19,default,default

2020-02-06 19:40:11.600000+00:00,leaf8,sg7,10,2001:420:289:2000:0:1ab:fab0:1159,,false,false,127,ipv6_ma 0/0/CPU0,0,obt-collector1,HundredGigE0/0/0/5,default,default

2020-02-06 19:40:11.600000+00:00,leaf8,sg7,10,2001:420:289:2000:0:1ab:fab0:1457,,false,false,127,ipv6_ma 0/0/CPU0,0,obt-collector1,HundredGigE0/0/0/16,default,default

2020-02-06 19:40:11.600000+00:00,leaf8,sg7,10,2001:420:289:2000:0:1ab:fab0:1259,,false,false,127,ipv6_ma 0/0/CPU0,0,obt-collector1,HundredGigE0/0/0/9,default,default

2020-02-06 19:40:11.600000+00:00,leaf8,sg7,10,2001:420:289:2000:0:1ab:fab0:1357,,false,false,127,ipv6_ma 0/0/CPU0,0,obt-collector1,HundredGigE0/0/0/12,default,default

2020-02-06 19:40:41.622000+00:00,leaf8,sg7,10,2001:420:289:2000:1eaf:8:a3a:2830,,false,false,127,ipv6_ma 0/0/CPU0,0,obt-collector1,HundredGigE0/0/0/0,default,default

2020-02-06 19:40:41.623000+00:00,leaf8,sg7,10,2001:420:289:2000:0:1ab:fab0:1357,,false,false,127,ipv6_ma 0/0/CPU0,0,obt-collector1,HundredGigE0/0/0/12,default,default

2020-02-06 19:40:41.623000+00:00,leaf8,sg7,10,2001:420:289:2000:0:1ab:fab0:1259,,false,false,127,ipv6_ma 0/0/CPU0,0,obt-collector1,HundredGigE0/0/0/9,default,default

2020-02-06 19:40:41.623000+00:00,leaf8,sg7,10,2001:420:289:2000:0:1ab:fab0:1263,,false,false,127,ipv6_ma 0/0/CPU0,0,obt-collector1,HundredGigE0/0/0/11,default,default

2020-02-06 19:40:41.623000+00:00,leaf8,sg7,10,2001:420:289:2000:0:1ab:fab0:1161,,false,false,127,ipv6_ma 0/0/CPU0,0,obt-collector1,HundredGigE0/0/0/6,default,default

2020-02-06 19:40:41.623000+00:00,leaf8,sg7,10,2001:420:289:2000:1eaf:8:a4a:2840,,false,false,127,ipv6_ma 0/0/CPU0,0,obt-collector1,HundredGigE0/0/0/1,default,default

2020-02-06 19:40:41.623000+00:00,leaf8,sg7,10,2001:420:289:2000:0:1ab:fab0:1363,,false,false,127,ipv6_ma 0/0/CPU0,0,obt-collector1,HundredGigE0/0/0/15,default,default

2020-02-06 19:40:41.623000+00:00,leaf8,sg7,10,2001:420:289:2000:0:1ab:fab0:2802,,false,false,127,ipv6_ma 0/0/CPU0,0,obt-collector1,HundredGigE0/0/0/31,default,default

2020-02-06 19:40:41.623000+00:00,leaf8,sg7,10,2001:420:289:2000:0:1ab:fab0:1361,,false,false,127,ipv6_ma 0/0/CPU0,0,obt-collector1,HundredGigE0/0/0/14,default,default

2020-02-06 19:40:41.623000+00:00,leaf8,sg7,10,2001:420:289:2000:1eaf:8:d03:2806,,false,false,127,ipv6_ma 0/0/CPU0,0,obt-collector1,HundredGigE0/0/0/27,default,default

2020-02-06 19:40:41.623000+00:00,leaf8,sg7,10,2001:420:289:2000:0:1ab:fab0:1157,,false,false,127,ipv6_ma 0/0/CPU0,0,obt-collector1,HundredGigE0/0/0/4,default,default

2020-02-06 19:40:41.623000+00:00,leaf8,sg7,10,2001:420:289:2000:0:1ab:fab0:1459,,false,false,127,ipv6_ma 0/0/CPU0,0,obt-collector1,HundredGigE0/0/0/17,default,default

2020-02-06 19:40:41.623000+00:00,leaf8,sg7,10,2001:420:289:2000:0:1ab:fab0:2800,,false,false,127,ipv6_ma 0/0/CPU0,0,obt-collector1,HundredGigE0/0/0/30,default,default

2020-02-06 19:40:41.623000+00:00,leaf8,sg7,10,2001:420:289:2000:0:1ab:fab0:1257,,false,false,127,ipv6_ma 0/0/CPU0,0,obt-collector1,HundredGigE0/0/0/8,default,default

2020-02-06 19:40:41.623000+00:00,leaf8,sg7,10,2001:420:289:2000:0:1ab:fab0:1461,,false,false,127,ipv6_ma 0/0/CPU0,0,obt-collector1,HundredGigE0/0/0/18,default,default

2020-02-06 19:40:41.623000+00:00,leaf8,sg7,10,2001:420:289:2000:0:1ab:fab0:1457,,false,false,127,ipv6_ma 0/0/CPU0,0,obt-collector1,HundredGigE0/0/0/16,default,default

2020-02-06 19:40:41.623000+00:00,leaf8,sg7,10,2001:420:289:2000:0:1ab:fab0:1261,,false,false,127,ipv6_ma 0/0/CPU0,0,obt-collector1,HundredGigE0/0/0/10,default,default

2020-02-06 19:40:41.623000+00:00,leaf8,sg7,10,2001:420:289:2000:0:1ab:fab0:1163,,false,false,127,ipv6_ma 0/0/CPU0,0,obt-collector1,HundredGigE0/0/0/7,default,default

2020-02-06 19:40:41.623000+00:00,leaf8,sg7,10,2001:420:289:2000:1eaf:8:d03:2804,,false,false,127,ipv6_ma 0/0/CPU0,0,obt-collector1,HundredGigE0/0/0/26,default,default

2020-02-06 19:40:41.623000+00:00,leaf8,sg7,10,2001:420:289:2000:0:1ab:fab0:1159,,false,false,127,ipv6_ma 0/0/CPU0,0,obt-collector1,HundredGigE0/0/0/5,default,default

2020-02-06 19:40:41.623000+00:00,leaf8,sg7,10,2001:420:289:2000:0:1ab:fab0:1359,,false,false,127,ipv6_ma 0/0/CPU0,0,obt-collector1,HundredGigE0/0/0/13,default,default

2020-02-06 19:40:41.623000+00:00,leaf8,sg7,10,2001:420:289:2000:0:1ab:fab0:1463,,false,false,127,ipv6_ma 0/0/CPU0,0,obt-collector1,HundredGigE0/0/0/19,default,default

2020-02-06 19:41:01.653000+00:00,leaf8,sg7,10,2001:420:289:2000:0:1ab:fab0:1359,,false,false,127,ipv6_ma 0/0/CPU0,0,obt-collector1,HundredGigE0/0/0/13,default,default

2020-02-06 19:41:01.653000+00:00,leaf8,sg7,10,2001:420:289:2000:0:1ab:fab0:1463,,false,false,127,ipv6_ma 0/0/CPU0,0,obt-collector1,HundredGigE0/0/0/19,default,default

2020-02-06 19:41:01.653000+00:00,leaf8,sg7,10,2001:420:289:2000:0:1ab:fab0:2800,,false,false,127,ipv6_ma 0/0/CPU0,0,obt-collector1,HundredGigE0/0/0/30,default,default

2020-02-06 19:41:01.653000+00:00,leaf8,sg7,10,2001:420:289:2000:0:1ab:fab0:1363,,false,false,127,ipv6_ma 0/0/CPU0,0,obt-collector1,HundredGigE0/0/0/15,default,default

2020-02-06 19:41:01.653000+00:00,leaf8,sg7,10,2001:420:289:2000:0:1ab:fab0:1259,,false,false,127,ipv6_ma 0/0/CPU0,0,obt-collector1,HundredGigE0/0/0/9,default,default

2020-02-06 19:41:01.653000+00:00,leaf8,sg7,10,2001:420:289:2000:1eaf:8:a3a:2830,,false,false,127,ipv6_ma 0/0/CPU0,0,obt-collector1,HundredGigE0/0/0/0,default,default

2020-02-06 19:41:01.653000+00:00,leaf8,sg7,10,2001:420:289:2000:0:1ab:fab0:1357,,false,false,127,ipv6_ma 0/0/CPU0,0,obt-collector1,HundredGigE0/0/0/12,default,default

2020-02-06 19:41:01.653000+00:00,leaf8,sg7,10,2001:420:289:2000:1eaf:8:a4a:2840,,false,false,127,ipv6_ma 0/0/CPU0,0,obt-collector1,HundredGigE0/0/0/1,default,default

2020-02-06 19:41:01.653000+00:00,leaf8,sg7,10,2001:420:289:2000:0:1ab:fab0:1263,,false,false,127,ipv6_ma 0/0/CPU0,0,obt-collector1,HundredGigE0/0/0/11,default,default

2020-02-06 19:41:01.653000+00:00,leaf8,sg7,10,2001:420:289:2000:0:1ab:fab0:1161,,false,false,127,ipv6_ma 0/0/CPU0,0,obt-collector1,HundredGigE0/0/0/6,default,default

2020-02-06 19:41:01.653000+00:00,leaf8,sg7,10,2001:420:289:2000:0:1ab:fab0:1459,,false,false,127,ipv6_ma 0/0/CPU0,0,obt-collector1,HundredGigE0/0/0/17,default,default

2020-02-06 19:41:01.653000+00:00,leaf8,sg7,10,2001:420:289:2000:1eaf:8:d03:2806,,false,false,127,ipv6_ma 0/0/CPU0,0,obt-collector1,HundredGigE0/0/0/27,default,default

2020-02-06 19:41:01.653000+00:00,leaf8,sg7,10,2001:420:289:2000:0:1ab:fab0:2802,,false,false,127,ipv6_ma 0/0/CPU0,0,obt-collector1,HundredGigE0/0/0/31,default,default

2020-02-06 19:41:01.653000+00:00,leaf8,sg7,10,2001:420:289:2000:0:1ab:fab0:1361,,false,false,127,ipv6_ma 0/0/CPU0,0,obt-collector1,HundredGigE0/0/0/14,default,default

2020-02-06 19:41:01.653000+00:00,leaf8,sg7,10,2001:420:289:2000:0:1ab:fab0:1157,,false,false,127,ipv6_ma 0/0/CPU0,0,obt-collector1,HundredGigE0/0/0/4,default,default

2020-02-06 19:41:01.653000+00:00,leaf8,sg7,10,2001:420:289:2000:0:1ab:fab0:1159,,false,false,127,ipv6_ma 0/0/CPU0,0,obt-collector1,HundredGigE0/0/0/5,default,default

2020-02-06 19:41:01.653000+00:00,leaf8,sg7,10,2001:420:289:2000:0:1ab:fab0:1457,,false,false,127,ipv6_ma 0/0/CPU0,0,obt-collector1,HundredGigE0/0/0/16,default,default

2020-02-06 19:41:01.653000+00:00,leaf8,sg7,10,2001:420:289:2000:0:1ab:fab0:1257,,false,false,127,ipv6_ma 0/0/CPU0,0,obt-collector1,HundredGigE0/0/0/8,default,default

2020-02-06 19:41:01.653000+00:00,leaf8,sg7,10,2001:420:289:2000:0:1ab:fab0:1461,,false,false,127,ipv6_ma 0/0/CPU0,0,obt-collector1,HundredGigE0/0/0/18,default,default

2020-02-06 19:41:01.653000+00:00,leaf8,sg7,10,2001:420:289:2000:1eaf:8:d03:2804,,false,false,127,ipv6_ma 0/0/CPU0,0,obt-collector1,HundredGigE0/0/0/26,default,default

2020-02-06 19:41:01.653000+00:00,leaf8,sg7,10,2001:420:289:2000:0:1ab:fab0:1261,,false,false,127,ipv6_ma 0/0/CPU0,0,obt-collector1,HundredGigE0/0/0/10,default,default

2020-02-06 19:41:01.653000+00:00,leaf8,sg7,10,2001:420:289:2000:0:1ab:fab0:1163,,false,false,127,ipv6_ma 0/0/CPU0,0,obt-collector1,HundredGigE0/0/0/7,default,default

2020-02-06 19:42:51.785000+00:00,leaf8,sg7,10,2001:420:289:2000:0:1ab:fab0:1261,,false,false,127,ipv6_ma 0/0/CPU0,0,obt-collector1,HundredGigE0/0/0/10,default,default

2020-02-06 19:42:51.785000+00:00,leaf8,sg7,10,2001:420:289:2000:0:1ab:fab0:1163,,false,false,127,ipv6_ma 0/0/CPU0,0,obt-collector1,HundredGigE0/0/0/7,default,default

2020-02-06 19:42:51.785000+00:00,leaf8,sg7,10,2001:420:289:2000:0:1ab:fab0:2802,,false,false,127,ipv6_ma 0/0/CPU0,0,obt-collector1,HundredGigE0/0/0/31,default,default

2020-02-06 19:42:51.785000+00:00,leaf8,sg7,10,2001:420:289:2000:0:1ab:fab0:1357,,false,false,127,ipv6_ma 0/0/CPU0,0,obt-collector1,HundredGigE0/0/0/12,default,default

2020-02-06 19:42:51.785000+00:00,leaf8,sg7,10,2001:420:289:2000:0:1ab:fab0:2800,,false,false,127,ipv6_ma 0/0/CPU0,0,obt-collector1,HundredGigE0/0/0/30,default,default

2020-02-06 19:42:51.785000+00:00,leaf8,sg7,10,2001:420:289:2000:0:1ab:fab0:1359,,false,false,127,ipv6_ma 0/0/CPU0,0,obt-collector1,HundredGigE0/0/0/13,default,default

2020-02-06 19:42:51.785000+00:00,leaf8,sg7,10,2001:420:289:2000:0:1ab:fab0:1463,,false,false,127,ipv6_ma 0/0/CPU0,0,obt-collector1,HundredGigE0/0/0/19,default,default

2020-02-06 19:42:51.785000+00:00,leaf8,sg7,10,2001:420:289:2000:1eaf:8:a3a:2830,,false,false,127,ipv6_ma 0/0/CPU0,0,obt-collector1,HundredGigE0/0/0/0,default,default

2020-02-06 19:42:51.785000+00:00,leaf8,sg7,10,2001:420:289:2000:0:1ab:fab0:1363,,false,false,127,ipv6_ma 0/0/CPU0,0,obt-collector1,HundredGigE0/0/0/15,default,default

2020-02-06 19:42:51.785000+00:00,leaf8,sg7,10,2001:420:289:2000:0:1ab:fab0:1259,,false,false,127,ipv6_ma 0/0/CPU0,0,obt-collector1,HundredGigE0/0/0/9,default,default

2020-02-06 19:42:51.785000+00:00,leaf8,sg7,10,2001:420:289:2000:1eaf:8:d03:2806,,false,false,127,ipv6_ma 0/0/CPU0,0,obt-collector1,HundredGigE0/0/0/27,default,default

2020-02-06 19:42:51.785000+00:00,leaf8,sg7,10,2001:420:289:2000:0:1ab:fab0:1161,,false,false,127,ipv6_ma 0/0/CPU0,0,obt-collector1,HundredGigE0/0/0/6,default,default

2020-02-06 19:42:51.785000+00:00,leaf8,sg7,10,2001:420:289:2000:1eaf:8:a4a:2840,,false,false,127,ipv6_ma 0/0/CPU0,0,obt-collector1,HundredGigE0/0/0/1,default,default

2020-02-06 19:42:51.785000+00:00,leaf8,sg7,10,2001:420:289:2000:0:1ab:fab0:1263,,false,false,127,ipv6_ma 0/0/CPU0,0,obt-collector1,HundredGigE0/0/0/11,default,default

2020-02-06 19:42:51.785000+00:00,leaf8,sg7,10,2001:420:289:2000:0:1ab:fab0:1459,,false,false,127,ipv6_ma 0/0/CPU0,0,obt-collector1,HundredGigE0/0/0/17,default,default

2020-02-06 19:42:51.785000+00:00,leaf8,sg7,10,2001:420:289:2000:1eaf:8:d03:2804,,false,false,127,ipv6_ma 0/0/CPU0,0,obt-collector1,HundredGigE0/0/0/26,default,default

2020-02-06 19:42:51.785000+00:00,leaf8,sg7,10,2001:420:289:2000:0:1ab:fab0:1159,,false,false,127,ipv6_ma 0/0/CPU0,0,obt-collector1,HundredGigE0/0/0/5,default,default

2020-02-06 19:42:51.785000+00:00,leaf8,sg7,10,2001:420:289:2000:0:1ab:fab0:1361,,false,false,127,ipv6_ma 0/0/CPU0,0,obt-collector1,HundredGigE0/0/0/14,default,default

2020-02-06 19:42:51.785000+00:00,leaf8,sg7,10,2001:420:289:2000:0:1ab:fab0:1157,,false,false,127,ipv6_ma 0/0/CPU0,0,obt-collector1,HundredGigE0/0/0/4,default,default

2020-02-06 19:42:51.785000+00:00,leaf8,sg7,10,2001:420:289:2000:0:1ab:fab0:1461,,false,false,127,ipv6_ma 0/0/CPU0,0,obt-collector1,HundredGigE0/0/0/18,default,default

2020-02-06 19:42:51.785000+00:00,leaf8,sg7,10,2001:420:289:2000:0:1ab:fab0:1457,,false,false,127,ipv6_ma 0/0/CPU0,0,obt-collector1,HundredGigE0/0/0/16,default,default

2020-02-06 19:42:51.785000+00:00,leaf8,sg7,10,2001:420:289:2000:0:1ab:fab0:1257,,false,false,127,ipv6_ma 0/0/CPU0,0,obt-collector1,HundredGigE0/0/0/8,default,default

2020-02-06 19:43:21.814000+00:00,leaf8,sg7,10,2001:420:289:2000:0:1ab:fab0:1457,,false,false,127,ipv6_ma 0/0/CPU0,0,obt-collector1,HundredGigE0/0/0/16,default,default

2020-02-06 19:43:21.814000+00:00,leaf8,sg7,10,2001:420:289:2000:0:1ab:fab0:1257,,false,false,127,ipv6_ma 0/0/CPU0,0,obt-collector1,HundredGigE0/0/0/8,default,default

2020-02-06 19:43:21.814000+00:00,leaf8,sg7,10,2001:420:289:2000:1eaf:8:a4a:2840,,false,false,127,ipv6_ma 0/0/CPU0,0,obt-collector1,HundredGigE0/0/0/1,default,default

2020-02-06 19:43:21.814000+00:00,leaf8,sg7,10,2001:420:289:2000:0:1ab:fab0:1463,,false,false,127,ipv6_ma 0/0/CPU0,0,obt-collector1,HundredGigE0/0/0/19,default,default

2020-02-06 19:43:21.814000+00:00,leaf8,sg7,10,2001:420:289:2000:0:1ab:fab0:2802,,false,false,127,ipv6_ma 0/0/CPU0,0,obt-collector1,HundredGigE0/0/0/31,default,default

2020-02-06 19:43:21.814000+00:00,leaf8,sg7,10,2001:420:289:2000:0:1ab:fab0:1261,,false,false,127,ipv6_ma 0/0/CPU0,0,obt-collector1,HundredGigE0/0/0/10,default,default

2020-02-06 19:43:21.814000+00:00,leaf8,sg7,10,2001:420:289:2000:0:1ab:fab0:1163,,false,false,127,ipv6_ma 0/0/CPU0,0,obt-collector1,HundredGigE0/0/0/7,default,default

2020-02-06 19:43:21.814000+00:00,leaf8,sg7,10,2001:420:289:2000:0:1ab:fab0:1359,,false,false,127,ipv6_ma 0/0/CPU0,0,obt-collector1,HundredGigE0/0/0/13,default,default

2020-02-06 19:43:21.814000+00:00,leaf8,sg7,10,2001:420:289:2000:0:1ab:fab0:1357,,false,false,127,ipv6_ma 0/0/CPU0,0,obt-collector1,HundredGigE0/0/0/12,default,default

2020-02-06 19:43:21.814000+00:00,leaf8,sg7,10,2001:420:289:2000:0:1ab:fab0:2800,,false,false,127,ipv6_ma 0/0/CPU0,0,obt-collector1,HundredGigE0/0/0/30,default,default

2020-02-06 19:43:21.814000+00:00,leaf8,sg7,10,2001:420:289:2000:0:1ab:fab0:1161,,false,false,127,ipv6_ma 0/0/CPU0,0,obt-collector1,HundredGigE0/0/0/6,default,default

2020-02-06 19:43:21.814000+00:00,leaf8,sg7,10,2001:420:289:2000:0:1ab:fab0:1259,,false,false,127,ipv6_ma 0/0/CPU0,0,obt-collector1,HundredGigE0/0/0/9,default,default

2020-02-06 19:43:21.814000+00:00,leaf8,sg7,10,2001:420:289:2000:1eaf:8:a3a:2830,,false,false,127,ipv6_ma 0/0/CPU0,0,obt-collector1,HundredGigE0/0/0/0,default,default

2020-02-06 19:43:21.814000+00:00,leaf8,sg7,10,2001:420:289:2000:0:1ab:fab0:1363,,false,false,127,ipv6_ma 0/0/CPU0,0,obt-collector1,HundredGigE0/0/0/15,default,default

2020-02-06 19:43:21.814000+00:00,leaf8,sg7,10,2001:420:289:2000:1eaf:8:d03:2806,,false,false,127,ipv6_ma 0/0/CPU0,0,obt-collector1,HundredGigE0/0/0/27,default,default

2020-02-06 19:43:21.814000+00:00,leaf8,sg7,10,2001:420:289:2000:0:1ab:fab0:1461,,false,false,127,ipv6_ma 0/0/CPU0,0,obt-collector1,HundredGigE0/0/0/18,default,default

2020-02-06 19:43:21.814000+00:00,leaf8,sg7,10,2001:420:289:2000:1eaf:8:d03:2804,,false,false,127,ipv6_ma 0/0/CPU0,0,obt-collector1,HundredGigE0/0/0/26,default,default

2020-02-06 19:43:21.814000+00:00,leaf8,sg7,10,2001:420:289:2000:0:1ab:fab0:1263,,false,false,127,ipv6_ma 0/0/CPU0,0,obt-collector1,HundredGigE0/0/0/11,default,default

2020-02-06 19:43:21.814000+00:00,leaf8,sg7,10,2001:420:289:2000:0:1ab:fab0:1459,,false,false,127,ipv6_ma 0/0/CPU0,0,obt-collector1,HundredGigE0/0/0/17,default,default

2020-02-06 19:43:21.814000+00:00,leaf8,sg7,10,2001:420:289:2000:0:1ab:fab0:1157,,false,false,127,ipv6_ma 0/0/CPU0,0,obt-collector1,HundredGigE0/0/0/4,default,default

2020-02-06 19:43:21.814000+00:00,leaf8,sg7,10,2001:420:289:2000:0:1ab:fab0:1159,,false,false,127,ipv6_ma 0/0/CPU0,0,obt-collector1,HundredGigE0/0/0/5,default,default

2020-02-06 19:43:21.814000+00:00,leaf8,sg7,10,2001:420:289:2000:0:1ab:fab0:1361,,false,false,127,ipv6_ma 0/0/CPU0,0,obt-collector1,HundredGigE0/0/0/14,default,default

