,Producer,Target,address-family,audit-end-time,audit-seq-number,audit-start-time,host,id,init-sync-end-time,init-sync-ready-end-time,init-sync-ready-start-time,init-sync-start-time,init-sync-timer,is-audit-in-progress,is-init-sync-error-local,is-init-sync-in-progress,is-init-sync-second-phase,is-sscb-init-sync-ready,local-instance,local-node,mode,nsr-reset-time,number-of-init-synced-sessions,number-of-sessions,number-of-sessions-init-sync-failed,number-of-synced-sessions-down-stream,number-of-synced-sessions-up-stream,pid,protect-instance,sequence-number-of-init-sync,set-id,sscb,sso-role,total-number-of-init-sync-sessions,well-known-port

2020-02-06 19:32:02.094000+00:00,leaf8,sg0,internetwork,0,0,0,obt-collector1,7f1718022418,0,0,1576487438,0,0,false,false,false,false,true,1,0/RP0/CPU0,1,0,0,0,0,0,0,6148,1,0,646,139737163768856,1,0,646

2020-02-06 19:32:02.094000+00:00,leaf8,sg0,ip-version6,0,0,0,obt-collector1,7f1718022688,0,0,1576487438,0,0,false,false,false,false,true,1,0/RP0/CPU0,1,0,0,0,0,0,0,6148,1,0,647,139737163769480,1,0,646

2020-02-06 19:33:02.682000+00:00,leaf8,sg0,internetwork,0,0,0,obt-collector1,7f1718022418,0,0,1576487438,0,0,false,false,false,false,true,1,0/RP0/CPU0,1,0,0,0,0,0,0,6148,1,0,646,139737163768856,1,0,646

2020-02-06 19:33:02.682000+00:00,leaf8,sg0,ip-version6,0,0,0,obt-collector1,7f1718022688,0,0,1576487438,0,0,false,false,false,false,true,1,0/RP0/CPU0,1,0,0,0,0,0,0,6148,1,0,647,139737163769480,1,0,646

2020-02-06 19:33:12.765000+00:00,leaf8,sg0,internetwork,0,0,0,obt-collector1,7f1718022418,0,0,1576487438,0,0,false,false,false,false,true,1,0/RP0/CPU0,1,0,0,0,0,0,0,6148,1,0,646,139737163768856,1,0,646

2020-02-06 19:33:12.765000+00:00,leaf8,sg0,ip-version6,0,0,0,obt-collector1,7f1718022688,0,0,1576487438,0,0,false,false,false,false,true,1,0/RP0/CPU0,1,0,0,0,0,0,0,6148,1,0,647,139737163769480,1,0,646

2020-02-06 19:33:53.134000+00:00,leaf8,sg0,internetwork,0,0,0,obt-collector1,7f1718022418,0,0,1576487438,0,0,false,false,false,false,true,1,0/RP0/CPU0,1,0,0,0,0,0,0,6148,1,0,646,139737163768856,1,0,646

2020-02-06 19:33:53.134000+00:00,leaf8,sg0,ip-version6,0,0,0,obt-collector1,7f1718022688,0,0,1576487438,0,0,false,false,false,false,true,1,0/RP0/CPU0,1,0,0,0,0,0,0,6148,1,0,647,139737163769480,1,0,646

2020-02-06 19:35:04.008000+00:00,leaf8,sg0,internetwork,0,0,0,obt-collector1,7f1718022418,0,0,1576487438,0,0,false,false,false,false,true,1,0/RP0/CPU0,1,0,0,0,0,0,0,6148,1,0,646,139737163768856,1,0,646

2020-02-06 19:35:04.008000+00:00,leaf8,sg0,ip-version6,0,0,0,obt-collector1,7f1718022688,0,0,1576487438,0,0,false,false,false,false,true,1,0/RP0/CPU0,1,0,0,0,0,0,0,6148,1,0,647,139737163769480,1,0,646

2020-02-06 19:35:34.233000+00:00,leaf8,sg0,internetwork,0,0,0,obt-collector1,7f1718022418,0,0,1576487438,0,0,false,false,false,false,true,1,0/RP0/CPU0,1,0,0,0,0,0,0,6148,1,0,646,139737163768856,1,0,646

2020-02-06 19:35:34.233000+00:00,leaf8,sg0,ip-version6,0,0,0,obt-collector1,7f1718022688,0,0,1576487438,0,0,false,false,false,false,true,1,0/RP0/CPU0,1,0,0,0,0,0,0,6148,1,0,647,139737163769480,1,0,646

2020-02-06 19:36:55.080000+00:00,leaf8,sg0,internetwork,0,0,0,obt-collector1,7f1718022418,0,0,1576487438,0,0,false,false,false,false,true,1,0/RP0/CPU0,1,0,0,0,0,0,0,6148,1,0,646,139737163768856,1,0,646

2020-02-06 19:36:55.080000+00:00,leaf8,sg0,ip-version6,0,0,0,obt-collector1,7f1718022688,0,0,1576487438,0,0,false,false,false,false,true,1,0/RP0/CPU0,1,0,0,0,0,0,0,6148,1,0,647,139737163769480,1,0,646

2020-02-06 19:37:45.510000+00:00,leaf8,sg0,internetwork,0,0,0,obt-collector1,7f1718022418,0,0,1576487438,0,0,false,false,false,false,true,1,0/RP0/CPU0,1,0,0,0,0,0,0,6148,1,0,646,139737163768856,1,0,646

2020-02-06 19:37:45.510000+00:00,leaf8,sg0,ip-version6,0,0,0,obt-collector1,7f1718022688,0,0,1576487438,0,0,false,false,false,false,true,1,0/RP0/CPU0,1,0,0,0,0,0,0,6148,1,0,647,139737163769480,1,0,646

2020-02-06 19:38:05.995000+00:00,leaf8,sg0,internetwork,0,0,0,obt-collector1,7f1718022418,0,0,1576487438,0,0,false,false,false,false,true,1,0/RP0/CPU0,1,0,0,0,0,0,0,6148,1,0,646,139737163768856,1,0,646

2020-02-06 19:38:05.995000+00:00,leaf8,sg0,ip-version6,0,0,0,obt-collector1,7f1718022688,0,0,1576487438,0,0,false,false,false,false,true,1,0/RP0/CPU0,1,0,0,0,0,0,0,6148,1,0,647,139737163769480,1,0,646

2020-02-06 19:38:16.068000+00:00,leaf8,sg0,internetwork,0,0,0,obt-collector1,7f1718022418,0,0,1576487438,0,0,false,false,false,false,true,1,0/RP0/CPU0,1,0,0,0,0,0,0,6148,1,0,646,139737163768856,1,0,646

2020-02-06 19:38:16.068000+00:00,leaf8,sg0,ip-version6,0,0,0,obt-collector1,7f1718022688,0,0,1576487438,0,0,false,false,false,false,true,1,0/RP0/CPU0,1,0,0,0,0,0,0,6148,1,0,647,139737163769480,1,0,646

2020-02-06 19:38:46.325000+00:00,leaf8,sg0,internetwork,0,0,0,obt-collector1,7f1718022418,0,0,1576487438,0,0,false,false,false,false,true,1,0/RP0/CPU0,1,0,0,0,0,0,0,6148,1,0,646,139737163768856,1,0,646

2020-02-06 19:38:46.325000+00:00,leaf8,sg0,ip-version6,0,0,0,obt-collector1,7f1718022688,0,0,1576487438,0,0,false,false,false,false,true,1,0/RP0/CPU0,1,0,0,0,0,0,0,6148,1,0,647,139737163769480,1,0,646

2020-02-06 19:39:16.626000+00:00,leaf8,sg0,internetwork,0,0,0,obt-collector1,7f1718022418,0,0,1576487438,0,0,false,false,false,false,true,1,0/RP0/CPU0,1,0,0,0,0,0,0,6148,1,0,646,139737163768856,1,0,646

2020-02-06 19:39:16.626000+00:00,leaf8,sg0,ip-version6,0,0,0,obt-collector1,7f1718022688,0,0,1576487438,0,0,false,false,false,false,true,1,0/RP0/CPU0,1,0,0,0,0,0,0,6148,1,0,647,139737163769480,1,0,646

2020-02-06 19:39:56.917000+00:00,leaf8,sg0,internetwork,0,0,0,obt-collector1,7f1718022418,0,0,1576487438,0,0,false,false,false,false,true,1,0/RP0/CPU0,1,0,0,0,0,0,0,6148,1,0,646,139737163768856,1,0,646

2020-02-06 19:39:56.917000+00:00,leaf8,sg0,ip-version6,0,0,0,obt-collector1,7f1718022688,0,0,1576487438,0,0,false,false,false,false,true,1,0/RP0/CPU0,1,0,0,0,0,0,0,6148,1,0,647,139737163769480,1,0,646

2020-02-06 19:40:37.393000+00:00,leaf8,sg0,internetwork,0,0,0,obt-collector1,7f1718022418,0,0,1576487438,0,0,false,false,false,false,true,1,0/RP0/CPU0,1,0,0,0,0,0,0,6148,1,0,646,139737163768856,1,0,646

2020-02-06 19:40:37.393000+00:00,leaf8,sg0,ip-version6,0,0,0,obt-collector1,7f1718022688,0,0,1576487438,0,0,false,false,false,false,true,1,0/RP0/CPU0,1,0,0,0,0,0,0,6148,1,0,647,139737163769480,1,0,646

2020-02-06 19:41:58.057000+00:00,leaf8,sg0,internetwork,0,0,0,obt-collector1,7f1718022418,0,0,1576487438,0,0,false,false,false,false,true,1,0/RP0/CPU0,1,0,0,0,0,0,0,6148,1,0,646,139737163768856,1,0,646

2020-02-06 19:41:58.057000+00:00,leaf8,sg0,ip-version6,0,0,0,obt-collector1,7f1718022688,0,0,1576487438,0,0,false,false,false,false,true,1,0/RP0/CPU0,1,0,0,0,0,0,0,6148,1,0,647,139737163769480,1,0,646

2020-02-06 19:42:28.386000+00:00,leaf8,sg0,internetwork,0,0,0,obt-collector1,7f1718022418,0,0,1576487438,0,0,false,false,false,false,true,1,0/RP0/CPU0,1,0,0,0,0,0,0,6148,1,0,646,139737163768856,1,0,646

2020-02-06 19:42:28.386000+00:00,leaf8,sg0,ip-version6,0,0,0,obt-collector1,7f1718022688,0,0,1576487438,0,0,false,false,false,false,true,1,0/RP0/CPU0,1,0,0,0,0,0,0,6148,1,0,647,139737163769480,1,0,646

2020-02-06 19:42:48.846000+00:00,leaf8,sg0,internetwork,0,0,0,obt-collector1,7f1718022418,0,0,1576487438,0,0,false,false,false,false,true,1,0/RP0/CPU0,1,0,0,0,0,0,0,6148,1,0,646,139737163768856,1,0,646

2020-02-06 19:42:48.846000+00:00,leaf8,sg0,ip-version6,0,0,0,obt-collector1,7f1718022688,0,0,1576487438,0,0,false,false,false,false,true,1,0/RP0/CPU0,1,0,0,0,0,0,0,6148,1,0,647,139737163769480,1,0,646

2020-02-06 19:43:29.226000+00:00,leaf8,sg0,internetwork,0,0,0,obt-collector1,7f1718022418,0,0,1576487438,0,0,false,false,false,false,true,1,0/RP0/CPU0,1,0,0,0,0,0,0,6148,1,0,646,139737163768856,1,0,646

2020-02-06 19:43:29.226000+00:00,leaf8,sg0,ip-version6,0,0,0,obt-collector1,7f1718022688,0,0,1576487438,0,0,false,false,false,false,true,1,0/RP0/CPU0,1,0,0,0,0,0,0,6148,1,0,647,139737163769480,1,0,646

2020-02-06 19:43:39.281000+00:00,leaf8,sg0,internetwork,0,0,0,obt-collector1,7f1718022418,0,0,1576487438,0,0,false,false,false,false,true,1,0/RP0/CPU0,1,0,0,0,0,0,0,6148,1,0,646,139737163768856,1,0,646

2020-02-06 19:43:39.281000+00:00,leaf8,sg0,ip-version6,0,0,0,obt-collector1,7f1718022688,0,0,1576487438,0,0,false,false,false,false,true,1,0/RP0/CPU0,1,0,0,0,0,0,0,6148,1,0,647,139737163769480,1,0,646

2020-02-06 19:44:30.360000+00:00,leaf8,sg0,internetwork,0,0,0,obt-collector1,7f1718022418,0,0,1576487438,0,0,false,false,false,false,true,1,0/RP0/CPU0,1,0,0,0,0,0,0,6148,1,0,646,139737163768856,1,0,646

2020-02-06 19:44:30.360000+00:00,leaf8,sg0,ip-version6,0,0,0,obt-collector1,7f1718022688,0,0,1576487438,0,0,false,false,false,false,true,1,0/RP0/CPU0,1,0,0,0,0,0,0,6148,1,0,647,139737163769480,1,0,646

2020-02-06 19:44:40.769000+00:00,leaf8,sg0,internetwork,0,0,0,obt-collector1,7f1718022418,0,0,1576487438,0,0,false,false,false,false,true,1,0/RP0/CPU0,1,0,0,0,0,0,0,6148,1,0,646,139737163768856,1,0,646

2020-02-06 19:44:40.769000+00:00,leaf8,sg0,ip-version6,0,0,0,obt-collector1,7f1718022688,0,0,1576487438,0,0,false,false,false,false,true,1,0/RP0/CPU0,1,0,0,0,0,0,0,6148,1,0,647,139737163769480,1,0,646

2020-02-06 19:45:11.078000+00:00,leaf8,sg0,internetwork,0,0,0,obt-collector1,7f1718022418,0,0,1576487438,0,0,false,false,false,false,true,1,0/RP0/CPU0,1,0,0,0,0,0,0,6148,1,0,646,139737163768856,1,0,646

2020-02-06 19:45:11.078000+00:00,leaf8,sg0,ip-version6,0,0,0,obt-collector1,7f1718022688,0,0,1576487438,0,0,false,false,false,false,true,1,0/RP0/CPU0,1,0,0,0,0,0,0,6148,1,0,647,139737163769480,1,0,646

