,EncodingPath,Producer,Target,host,node-name,total-cpu-fifteen-minute,total-cpu-five-minute,total-cpu-one-minute
2020-01-21 08:05:08.344000+00:00,Cisco-IOS-XR-wdsysmon-fd-oper:system-monitoring/cpu-utilization,leaf4,,,0/RP0/CPU0,8,10,5
2020-01-21 08:05:08.697000+00:00,Cisco-IOS-XR-wdsysmon-fd-oper:system-monitoring/cpu-utilization,leaf4,,,0/0/CPU0,5,5,5
2020-01-21 08:05:11.882000+00:00,Cisco-IOS-XR-wdsysmon-fd-oper:system-monitoring/cpu-utilization,leaf4,,,0/RP0/CPU0,8,10,5
2020-01-21 08:05:12.234000+00:00,Cisco-IOS-XR-wdsysmon-fd-oper:system-monitoring/cpu-utilization,leaf4,,,0/0/CPU0,5,5,5
2020-01-21 08:05:13.886000+00:00,Cisco-IOS-XR-wdsysmon-fd-oper:system-monitoring/cpu-utilization,leaf4,,,0/RP0/CPU0,8,10,5
2020-01-21 08:05:14.236000+00:00,Cisco-IOS-XR-wdsysmon-fd-oper:system-monitoring/cpu-utilization,leaf4,,,0/0/CPU0,5,5,5
2020-01-21 08:05:18.318000+00:00,Cisco-IOS-XR-wdsysmon-fd-oper:system-monitoring/cpu-utilization,leaf4,,,0/RP0/CPU0,8,10,5
2020-01-21 08:05:18.667000+00:00,Cisco-IOS-XR-wdsysmon-fd-oper:system-monitoring/cpu-utilization,leaf4,,,0/0/CPU0,5,5,5
2020-01-21 08:05:24.737000+00:00,Cisco-IOS-XR-wdsysmon-fd-oper:system-monitoring/cpu-utilization,leaf4,,,0/RP0/CPU0,8,10,5
2020-01-21 08:05:25.087000+00:00,Cisco-IOS-XR-wdsysmon-fd-oper:system-monitoring/cpu-utilization,leaf4,,,0/0/CPU0,5,5,5
2020-01-21 08:05:28.321000+00:00,Cisco-IOS-XR-wdsysmon-fd-oper:system-monitoring/cpu-utilization,leaf4,,,0/RP0/CPU0,8,10,5
2020-01-21 08:05:28.670000+00:00,Cisco-IOS-XR-wdsysmon-fd-oper:system-monitoring/cpu-utilization,leaf4,,,0/0/CPU0,5,5,5
2020-01-21 08:05:34.830000+00:00,Cisco-IOS-XR-wdsysmon-fd-oper:system-monitoring/cpu-utilization,leaf4,,,0/RP0/CPU0,8,10,5
2020-01-21 08:05:35.179000+00:00,Cisco-IOS-XR-wdsysmon-fd-oper:system-monitoring/cpu-utilization,leaf4,,,0/0/CPU0,5,5,5
2020-01-21 08:05:38.319000+00:00,Cisco-IOS-XR-wdsysmon-fd-oper:system-monitoring/cpu-utilization,leaf4,,,0/RP0/CPU0,8,10,5
2020-01-21 08:05:38.668000+00:00,Cisco-IOS-XR-wdsysmon-fd-oper:system-monitoring/cpu-utilization,leaf4,,,0/0/CPU0,5,5,5
2020-01-21 08:05:44.772000+00:00,Cisco-IOS-XR-wdsysmon-fd-oper:system-monitoring/cpu-utilization,leaf4,,,0/RP0/CPU0,8,9,6
2020-01-21 08:05:45.124000+00:00,Cisco-IOS-XR-wdsysmon-fd-oper:system-monitoring/cpu-utilization,leaf4,,,0/0/CPU0,5,5,5
2020-01-21 08:05:48.325000+00:00,Cisco-IOS-XR-wdsysmon-fd-oper:system-monitoring/cpu-utilization,leaf4,,,0/RP0/CPU0,8,9,6
2020-01-21 08:05:48.675000+00:00,Cisco-IOS-XR-wdsysmon-fd-oper:system-monitoring/cpu-utilization,leaf4,,,0/0/CPU0,5,5,5
2020-01-21 08:05:54.726000+00:00,Cisco-IOS-XR-wdsysmon-fd-oper:system-monitoring/cpu-utilization,leaf4,,,0/RP0/CPU0,8,9,6
2020-01-21 08:05:55.075000+00:00,Cisco-IOS-XR-wdsysmon-fd-oper:system-monitoring/cpu-utilization,leaf4,,,0/0/CPU0,5,5,5
2020-01-21 08:05:58.326000+00:00,Cisco-IOS-XR-wdsysmon-fd-oper:system-monitoring/cpu-utilization,leaf4,,,0/RP0/CPU0,8,9,6
2020-01-21 08:05:58.675000+00:00,Cisco-IOS-XR-wdsysmon-fd-oper:system-monitoring/cpu-utilization,leaf4,,,0/0/CPU0,5,5,5
2020-01-21 08:06:04.756000+00:00,Cisco-IOS-XR-wdsysmon-fd-oper:system-monitoring/cpu-utilization,leaf4,,,0/RP0/CPU0,8,9,6
2020-01-21 08:06:05.106000+00:00,Cisco-IOS-XR-wdsysmon-fd-oper:system-monitoring/cpu-utilization,leaf4,,,0/0/CPU0,5,5,5
2020-01-21 08:06:08.326000+00:00,Cisco-IOS-XR-wdsysmon-fd-oper:system-monitoring/cpu-utilization,leaf4,,,0/RP0/CPU0,8,9,6
2020-01-21 08:06:08.675000+00:00,Cisco-IOS-XR-wdsysmon-fd-oper:system-monitoring/cpu-utilization,leaf4,,,0/0/CPU0,5,5,5
2020-01-21 08:06:14.828000+00:00,Cisco-IOS-XR-wdsysmon-fd-oper:system-monitoring/cpu-utilization,leaf4,,,0/RP0/CPU0,8,9,6
2020-01-21 08:06:15.177000+00:00,Cisco-IOS-XR-wdsysmon-fd-oper:system-monitoring/cpu-utilization,leaf4,,,0/0/CPU0,5,5,5
2020-01-21 08:06:18.327000+00:00,Cisco-IOS-XR-wdsysmon-fd-oper:system-monitoring/cpu-utilization,leaf4,,,0/RP0/CPU0,8,9,6
2020-01-21 08:06:18.675000+00:00,Cisco-IOS-XR-wdsysmon-fd-oper:system-monitoring/cpu-utilization,leaf4,,,0/0/CPU0,5,5,5
2020-01-21 08:06:24.733000+00:00,Cisco-IOS-XR-wdsysmon-fd-oper:system-monitoring/cpu-utilization,leaf4,,,0/RP0/CPU0,8,9,6
2020-01-21 08:06:25.081000+00:00,Cisco-IOS-XR-wdsysmon-fd-oper:system-monitoring/cpu-utilization,leaf4,,,0/0/CPU0,5,5,5
2020-01-21 08:06:28.326000+00:00,Cisco-IOS-XR-wdsysmon-fd-oper:system-monitoring/cpu-utilization,leaf4,,,0/RP0/CPU0,8,9,6
2020-01-21 08:06:28.674000+00:00,Cisco-IOS-XR-wdsysmon-fd-oper:system-monitoring/cpu-utilization,leaf4,,,0/0/CPU0,5,5,5
2020-01-21 08:06:34.834000+00:00,Cisco-IOS-XR-wdsysmon-fd-oper:system-monitoring/cpu-utilization,leaf4,,,0/RP0/CPU0,8,9,6
2020-01-21 08:06:35.183000+00:00,Cisco-IOS-XR-wdsysmon-fd-oper:system-monitoring/cpu-utilization,leaf4,,,0/0/CPU0,5,5,5
2020-01-21 08:06:38.328000+00:00,Cisco-IOS-XR-wdsysmon-fd-oper:system-monitoring/cpu-utilization,leaf4,,,0/RP0/CPU0,8,9,6
2020-01-21 08:06:38.676000+00:00,Cisco-IOS-XR-wdsysmon-fd-oper:system-monitoring/cpu-utilization,leaf4,,,0/0/CPU0,5,5,5
2020-01-21 08:06:44.793000+00:00,Cisco-IOS-XR-wdsysmon-fd-oper:system-monitoring/cpu-utilization,leaf4,,,0/RP0/CPU0,9,10,16
2020-01-21 08:06:45.146000+00:00,Cisco-IOS-XR-wdsysmon-fd-oper:system-monitoring/cpu-utilization,leaf4,,,0/0/CPU0,5,5,5
2020-01-21 08:06:48.329000+00:00,Cisco-IOS-XR-wdsysmon-fd-oper:system-monitoring/cpu-utilization,leaf4,,,0/RP0/CPU0,9,10,16
2020-01-21 08:06:48.682000+00:00,Cisco-IOS-XR-wdsysmon-fd-oper:system-monitoring/cpu-utilization,leaf4,,,0/0/CPU0,5,5,5
2020-01-21 08:06:54.746000+00:00,Cisco-IOS-XR-wdsysmon-fd-oper:system-monitoring/cpu-utilization,leaf4,,,0/RP0/CPU0,9,10,16
2020-01-21 08:06:55.102000+00:00,Cisco-IOS-XR-wdsysmon-fd-oper:system-monitoring/cpu-utilization,leaf4,,,0/0/CPU0,5,5,5
2020-01-21 08:06:58.330000+00:00,Cisco-IOS-XR-wdsysmon-fd-oper:system-monitoring/cpu-utilization,leaf4,,,0/RP0/CPU0,9,10,16
2020-01-21 08:06:58.684000+00:00,Cisco-IOS-XR-wdsysmon-fd-oper:system-monitoring/cpu-utilization,leaf4,,,0/0/CPU0,5,5,5
2020-01-21 08:07:04.837000+00:00,Cisco-IOS-XR-wdsysmon-fd-oper:system-monitoring/cpu-utilization,leaf4,,,0/RP0/CPU0,9,10,16
2020-01-21 08:07:05.190000+00:00,Cisco-IOS-XR-wdsysmon-fd-oper:system-monitoring/cpu-utilization,leaf4,,,0/0/CPU0,5,5,5
2020-01-21 08:07:08.330000+00:00,Cisco-IOS-XR-wdsysmon-fd-oper:system-monitoring/cpu-utilization,leaf4,,,0/RP0/CPU0,9,10,16
2020-01-21 08:07:08.683000+00:00,Cisco-IOS-XR-wdsysmon-fd-oper:system-monitoring/cpu-utilization,leaf4,,,0/0/CPU0,5,5,5
2020-01-21 08:07:14.755000+00:00,Cisco-IOS-XR-wdsysmon-fd-oper:system-monitoring/cpu-utilization,leaf4,,,0/RP0/CPU0,9,10,16
2020-01-21 08:07:15.108000+00:00,Cisco-IOS-XR-wdsysmon-fd-oper:system-monitoring/cpu-utilization,leaf4,,,0/0/CPU0,5,5,5
2020-01-21 08:07:18.329000+00:00,Cisco-IOS-XR-wdsysmon-fd-oper:system-monitoring/cpu-utilization,leaf4,,,0/RP0/CPU0,9,10,16
2020-01-21 08:07:18.682000+00:00,Cisco-IOS-XR-wdsysmon-fd-oper:system-monitoring/cpu-utilization,leaf4,,,0/0/CPU0,5,5,5
2020-01-21 08:07:24.761000+00:00,Cisco-IOS-XR-wdsysmon-fd-oper:system-monitoring/cpu-utilization,leaf4,,,0/RP0/CPU0,9,10,16
2020-01-21 08:07:25.108000+00:00,Cisco-IOS-XR-wdsysmon-fd-oper:system-monitoring/cpu-utilization,leaf4,,,0/0/CPU0,5,5,5
2020-01-21 08:07:28.336000+00:00,Cisco-IOS-XR-wdsysmon-fd-oper:system-monitoring/cpu-utilization,leaf4,,,0/RP0/CPU0,9,10,16
2020-01-21 08:07:28.683000+00:00,Cisco-IOS-XR-wdsysmon-fd-oper:system-monitoring/cpu-utilization,leaf4,,,0/0/CPU0,5,5,5
2020-01-21 08:07:34.711000+00:00,Cisco-IOS-XR-wdsysmon-fd-oper:system-monitoring/cpu-utilization,leaf4,,,0/RP0/CPU0,9,10,16
2020-01-21 08:07:35.060000+00:00,Cisco-IOS-XR-wdsysmon-fd-oper:system-monitoring/cpu-utilization,leaf4,,,0/0/CPU0,5,5,5
2020-01-21 08:07:38.333000+00:00,Cisco-IOS-XR-wdsysmon-fd-oper:system-monitoring/cpu-utilization,leaf4,,,0/RP0/CPU0,9,10,16
2020-01-21 08:07:38.680000+00:00,Cisco-IOS-XR-wdsysmon-fd-oper:system-monitoring/cpu-utilization,leaf4,,,0/0/CPU0,5,5,5
2020-01-21 08:07:44.827000+00:00,Cisco-IOS-XR-wdsysmon-fd-oper:system-monitoring/cpu-utilization,leaf4,,,0/RP0/CPU0,9,8,7
2020-01-21 08:07:45.177000+00:00,Cisco-IOS-XR-wdsysmon-fd-oper:system-monitoring/cpu-utilization,leaf4,,,0/0/CPU0,5,5,5
2020-01-21 08:07:48.334000+00:00,Cisco-IOS-XR-wdsysmon-fd-oper:system-monitoring/cpu-utilization,leaf4,,,0/RP0/CPU0,9,8,7
2020-01-21 08:07:48.681000+00:00,Cisco-IOS-XR-wdsysmon-fd-oper:system-monitoring/cpu-utilization,leaf4,,,0/0/CPU0,5,5,5
2020-01-21 08:07:54.733000+00:00,Cisco-IOS-XR-wdsysmon-fd-oper:system-monitoring/cpu-utilization,leaf4,,,0/RP0/CPU0,9,8,7
2020-01-21 08:07:55.081000+00:00,Cisco-IOS-XR-wdsysmon-fd-oper:system-monitoring/cpu-utilization,leaf4,,,0/0/CPU0,5,5,5
2020-01-21 08:07:58.332000+00:00,Cisco-IOS-XR-wdsysmon-fd-oper:system-monitoring/cpu-utilization,leaf4,,,0/RP0/CPU0,9,8,7
2020-01-21 08:07:58.679000+00:00,Cisco-IOS-XR-wdsysmon-fd-oper:system-monitoring/cpu-utilization,leaf4,,,0/0/CPU0,5,5,5
2020-01-21 08:08:04.737000+00:00,Cisco-IOS-XR-wdsysmon-fd-oper:system-monitoring/cpu-utilization,leaf4,,,0/RP0/CPU0,9,8,7
2020-01-21 08:08:05.089000+00:00,Cisco-IOS-XR-wdsysmon-fd-oper:system-monitoring/cpu-utilization,leaf4,,,0/0/CPU0,5,5,5
2020-01-21 08:08:08.331000+00:00,Cisco-IOS-XR-wdsysmon-fd-oper:system-monitoring/cpu-utilization,leaf4,,,0/RP0/CPU0,9,8,7
2020-01-21 08:08:08.678000+00:00,Cisco-IOS-XR-wdsysmon-fd-oper:system-monitoring/cpu-utilization,leaf4,,,0/0/CPU0,5,5,5
2020-01-21 08:08:14.782000+00:00,Cisco-IOS-XR-wdsysmon-fd-oper:system-monitoring/cpu-utilization,leaf4,,,0/RP0/CPU0,9,8,7
2020-01-21 08:08:15.133000+00:00,Cisco-IOS-XR-wdsysmon-fd-oper:system-monitoring/cpu-utilization,leaf4,,,0/0/CPU0,5,5,5
2020-01-21 08:08:18.337000+00:00,Cisco-IOS-XR-wdsysmon-fd-oper:system-monitoring/cpu-utilization,leaf4,,,0/RP0/CPU0,9,8,7
2020-01-21 08:08:19.154000+00:00,Cisco-IOS-XR-wdsysmon-fd-oper:system-monitoring/cpu-utilization,leaf4,,,0/0/CPU0,5,5,5
2020-01-21 08:08:24.798000+00:00,Cisco-IOS-XR-wdsysmon-fd-oper:system-monitoring/cpu-utilization,leaf4,,,0/RP0/CPU0,9,8,7
2020-01-21 08:08:25.148000+00:00,Cisco-IOS-XR-wdsysmon-fd-oper:system-monitoring/cpu-utilization,leaf4,,,0/0/CPU0,5,5,5
2020-01-21 08:08:28.333000+00:00,Cisco-IOS-XR-wdsysmon-fd-oper:system-monitoring/cpu-utilization,leaf4,,,0/RP0/CPU0,9,8,7
2020-01-21 08:08:28.682000+00:00,Cisco-IOS-XR-wdsysmon-fd-oper:system-monitoring/cpu-utilization,leaf4,,,0/0/CPU0,5,5,5
2020-01-21 08:08:34.710000+00:00,Cisco-IOS-XR-wdsysmon-fd-oper:system-monitoring/cpu-utilization,leaf4,,,0/RP0/CPU0,9,8,7
2020-01-21 08:08:35.088000+00:00,Cisco-IOS-XR-wdsysmon-fd-oper:system-monitoring/cpu-utilization,leaf4,,,0/0/CPU0,5,5,5
2020-01-21 08:08:38.334000+00:00,Cisco-IOS-XR-wdsysmon-fd-oper:system-monitoring/cpu-utilization,leaf4,,,0/RP0/CPU0,9,8,7
2020-01-21 08:08:38.684000+00:00,Cisco-IOS-XR-wdsysmon-fd-oper:system-monitoring/cpu-utilization,leaf4,,,0/0/CPU0,5,5,5
2020-01-21 08:08:44.792000+00:00,Cisco-IOS-XR-wdsysmon-fd-oper:system-monitoring/cpu-utilization,leaf4,,,0/RP0/CPU0,8,8,6
2020-01-21 08:08:45.143000+00:00,Cisco-IOS-XR-wdsysmon-fd-oper:system-monitoring/cpu-utilization,leaf4,,,0/0/CPU0,5,5,5
2020-01-21 08:08:48.335000+00:00,Cisco-IOS-XR-wdsysmon-fd-oper:system-monitoring/cpu-utilization,leaf4,,,0/RP0/CPU0,8,8,6
2020-01-21 08:08:48.686000+00:00,Cisco-IOS-XR-wdsysmon-fd-oper:system-monitoring/cpu-utilization,leaf4,,,0/0/CPU0,5,5,5
2020-01-21 08:08:54.732000+00:00,Cisco-IOS-XR-wdsysmon-fd-oper:system-monitoring/cpu-utilization,leaf4,,,0/RP0/CPU0,8,8,6
2020-01-21 08:08:55.082000+00:00,Cisco-IOS-XR-wdsysmon-fd-oper:system-monitoring/cpu-utilization,leaf4,,,0/0/CPU0,5,5,5
2020-01-21 08:08:58.336000+00:00,Cisco-IOS-XR-wdsysmon-fd-oper:system-monitoring/cpu-utilization,leaf4,,,0/RP0/CPU0,8,8,6
2020-01-21 08:08:58.686000+00:00,Cisco-IOS-XR-wdsysmon-fd-oper:system-monitoring/cpu-utilization,leaf4,,,0/0/CPU0,5,5,5
2020-01-21 08:09:04.722000+00:00,Cisco-IOS-XR-wdsysmon-fd-oper:system-monitoring/cpu-utilization,leaf4,,,0/RP0/CPU0,8,8,6
2020-01-21 08:09:05.073000+00:00,Cisco-IOS-XR-wdsysmon-fd-oper:system-monitoring/cpu-utilization,leaf4,,,0/0/CPU0,5,5,5
2020-01-21 08:09:08.336000+00:00,Cisco-IOS-XR-wdsysmon-fd-oper:system-monitoring/cpu-utilization,leaf4,,,0/RP0/CPU0,8,8,6
2020-01-21 08:09:08.686000+00:00,Cisco-IOS-XR-wdsysmon-fd-oper:system-monitoring/cpu-utilization,leaf4,,,0/0/CPU0,5,5,5
2020-01-21 08:09:14.792000+00:00,Cisco-IOS-XR-wdsysmon-fd-oper:system-monitoring/cpu-utilization,leaf4,,,0/RP0/CPU0,8,8,6
2020-01-21 08:09:15.145000+00:00,Cisco-IOS-XR-wdsysmon-fd-oper:system-monitoring/cpu-utilization,leaf4,,,0/0/CPU0,5,5,5
2020-01-21 08:09:18.336000+00:00,Cisco-IOS-XR-wdsysmon-fd-oper:system-monitoring/cpu-utilization,leaf4,,,0/RP0/CPU0,8,8,6
2020-01-21 08:09:18.685000+00:00,Cisco-IOS-XR-wdsysmon-fd-oper:system-monitoring/cpu-utilization,leaf4,,,0/0/CPU0,5,5,5
2020-01-21 08:09:24.795000+00:00,Cisco-IOS-XR-wdsysmon-fd-oper:system-monitoring/cpu-utilization,leaf4,,,0/RP0/CPU0,8,8,6
2020-01-21 08:09:25.148000+00:00,Cisco-IOS-XR-wdsysmon-fd-oper:system-monitoring/cpu-utilization,leaf4,,,0/0/CPU0,5,5,5
2020-01-21 08:09:28.338000+00:00,Cisco-IOS-XR-wdsysmon-fd-oper:system-monitoring/cpu-utilization,leaf4,,,0/RP0/CPU0,8,8,6
2020-01-21 08:09:28.691000+00:00,Cisco-IOS-XR-wdsysmon-fd-oper:system-monitoring/cpu-utilization,leaf4,,,0/0/CPU0,5,5,5
2020-01-21 08:09:34.790000+00:00,Cisco-IOS-XR-wdsysmon-fd-oper:system-monitoring/cpu-utilization,leaf4,,,0/RP0/CPU0,8,8,6
2020-01-21 08:09:35.142000+00:00,Cisco-IOS-XR-wdsysmon-fd-oper:system-monitoring/cpu-utilization,leaf4,,,0/0/CPU0,5,5,5
2020-01-21 08:09:38.338000+00:00,Cisco-IOS-XR-wdsysmon-fd-oper:system-monitoring/cpu-utilization,leaf4,,,0/RP0/CPU0,8,8,6
2020-01-21 08:09:38.690000+00:00,Cisco-IOS-XR-wdsysmon-fd-oper:system-monitoring/cpu-utilization,leaf4,,,0/0/CPU0,5,5,5
2020-01-21 08:09:45.156000+00:00,Cisco-IOS-XR-wdsysmon-fd-oper:system-monitoring/cpu-utilization,leaf4,,,0/RP0/CPU0,9,8,7
2020-01-21 08:09:45.508000+00:00,Cisco-IOS-XR-wdsysmon-fd-oper:system-monitoring/cpu-utilization,leaf4,,,0/0/CPU0,5,5,5
2020-01-21 08:09:48.338000+00:00,Cisco-IOS-XR-wdsysmon-fd-oper:system-monitoring/cpu-utilization,leaf4,,,0/RP0/CPU0,9,8,7
2020-01-21 08:09:48.690000+00:00,Cisco-IOS-XR-wdsysmon-fd-oper:system-monitoring/cpu-utilization,leaf4,,,0/0/CPU0,5,5,5
2020-01-21 08:09:54.741000+00:00,Cisco-IOS-XR-wdsysmon-fd-oper:system-monitoring/cpu-utilization,leaf4,,,0/RP0/CPU0,9,8,7
2020-01-21 08:09:55.092000+00:00,Cisco-IOS-XR-wdsysmon-fd-oper:system-monitoring/cpu-utilization,leaf4,,,0/0/CPU0,5,5,5
2020-01-21 08:09:58.337000+00:00,Cisco-IOS-XR-wdsysmon-fd-oper:system-monitoring/cpu-utilization,leaf4,,,0/RP0/CPU0,9,8,7
2020-01-21 08:09:58.685000+00:00,Cisco-IOS-XR-wdsysmon-fd-oper:system-monitoring/cpu-utilization,leaf4,,,0/0/CPU0,5,5,5
2020-01-21 08:10:04.749000+00:00,Cisco-IOS-XR-wdsysmon-fd-oper:system-monitoring/cpu-utilization,leaf4,,,0/RP0/CPU0,9,8,7
2020-01-21 08:10:05.098000+00:00,Cisco-IOS-XR-wdsysmon-fd-oper:system-monitoring/cpu-utilization,leaf4,,,0/0/CPU0,5,5,5
2020-01-21 08:10:08.347000+00:00,Cisco-IOS-XR-wdsysmon-fd-oper:system-monitoring/cpu-utilization,leaf4,,,0/RP0/CPU0,9,8,7
2020-01-21 08:10:08.695000+00:00,Cisco-IOS-XR-wdsysmon-fd-oper:system-monitoring/cpu-utilization,leaf4,,,0/0/CPU0,5,5,5
2020-01-21 08:10:14.782000+00:00,Cisco-IOS-XR-wdsysmon-fd-oper:system-monitoring/cpu-utilization,leaf4,,,0/RP0/CPU0,9,8,7
2020-01-21 08:10:15.131000+00:00,Cisco-IOS-XR-wdsysmon-fd-oper:system-monitoring/cpu-utilization,leaf4,,,0/0/CPU0,5,5,5
2020-01-21 08:10:18.339000+00:00,Cisco-IOS-XR-wdsysmon-fd-oper:system-monitoring/cpu-utilization,leaf4,,,0/RP0/CPU0,9,8,7
2020-01-21 08:10:18.688000+00:00,Cisco-IOS-XR-wdsysmon-fd-oper:system-monitoring/cpu-utilization,leaf4,,,0/0/CPU0,5,5,5
2020-01-21 08:10:24.725000+00:00,Cisco-IOS-XR-wdsysmon-fd-oper:system-monitoring/cpu-utilization,leaf4,,,0/RP0/CPU0,9,8,7
2020-01-21 08:10:25.074000+00:00,Cisco-IOS-XR-wdsysmon-fd-oper:system-monitoring/cpu-utilization,leaf4,,,0/0/CPU0,5,5,5
2020-01-21 08:10:28.336000+00:00,Cisco-IOS-XR-wdsysmon-fd-oper:system-monitoring/cpu-utilization,leaf4,,,0/RP0/CPU0,9,8,7
2020-01-21 08:10:28.685000+00:00,Cisco-IOS-XR-wdsysmon-fd-oper:system-monitoring/cpu-utilization,leaf4,,,0/0/CPU0,5,5,5
2020-01-21 08:10:34.782000+00:00,Cisco-IOS-XR-wdsysmon-fd-oper:system-monitoring/cpu-utilization,leaf4,,,0/RP0/CPU0,9,8,7
2020-01-21 08:10:35.132000+00:00,Cisco-IOS-XR-wdsysmon-fd-oper:system-monitoring/cpu-utilization,leaf4,,,0/0/CPU0,5,5,5
2020-01-21 08:10:38.337000+00:00,Cisco-IOS-XR-wdsysmon-fd-oper:system-monitoring/cpu-utilization,leaf4,,,0/RP0/CPU0,9,8,7
2020-01-21 08:10:38.686000+00:00,Cisco-IOS-XR-wdsysmon-fd-oper:system-monitoring/cpu-utilization,leaf4,,,0/0/CPU0,5,5,5
2020-01-21 08:10:44.866000+00:00,Cisco-IOS-XR-wdsysmon-fd-oper:system-monitoring/cpu-utilization,leaf4,,,0/RP0/CPU0,9,8,7
2020-01-21 08:10:45.218000+00:00,Cisco-IOS-XR-wdsysmon-fd-oper:system-monitoring/cpu-utilization,leaf4,,,0/0/CPU0,5,5,5
2020-01-21 08:10:48.337000+00:00,Cisco-IOS-XR-wdsysmon-fd-oper:system-monitoring/cpu-utilization,leaf4,,,0/RP0/CPU0,9,9,10
2020-01-21 08:10:48.686000+00:00,Cisco-IOS-XR-wdsysmon-fd-oper:system-monitoring/cpu-utilization,leaf4,,,0/0/CPU0,5,5,5
2020-01-21 08:10:54.749000+00:00,Cisco-IOS-XR-wdsysmon-fd-oper:system-monitoring/cpu-utilization,leaf4,,,0/RP0/CPU0,9,9,10
2020-01-21 08:10:55.099000+00:00,Cisco-IOS-XR-wdsysmon-fd-oper:system-monitoring/cpu-utilization,leaf4,,,0/0/CPU0,5,5,5
2020-01-21 08:10:58.338000+00:00,Cisco-IOS-XR-wdsysmon-fd-oper:system-monitoring/cpu-utilization,leaf4,,,0/RP0/CPU0,9,9,10
2020-01-21 08:10:58.687000+00:00,Cisco-IOS-XR-wdsysmon-fd-oper:system-monitoring/cpu-utilization,leaf4,,,0/0/CPU0,5,5,5
2020-01-21 08:11:04.797000+00:00,Cisco-IOS-XR-wdsysmon-fd-oper:system-monitoring/cpu-utilization,leaf4,,,0/RP0/CPU0,9,9,10
2020-01-21 08:11:05.146000+00:00,Cisco-IOS-XR-wdsysmon-fd-oper:system-monitoring/cpu-utilization,leaf4,,,0/0/CPU0,5,5,5
2020-01-21 08:11:08.340000+00:00,Cisco-IOS-XR-wdsysmon-fd-oper:system-monitoring/cpu-utilization,leaf4,,,0/RP0/CPU0,9,9,10
2020-01-21 08:11:08.689000+00:00,Cisco-IOS-XR-wdsysmon-fd-oper:system-monitoring/cpu-utilization,leaf4,,,0/0/CPU0,5,5,5
2020-01-21 08:11:14.814000+00:00,Cisco-IOS-XR-wdsysmon-fd-oper:system-monitoring/cpu-utilization,leaf4,,,0/RP0/CPU0,9,9,10
2020-01-21 08:11:15.179000+00:00,Cisco-IOS-XR-wdsysmon-fd-oper:system-monitoring/cpu-utilization,leaf4,,,0/0/CPU0,5,5,5
2020-01-21 08:11:18.340000+00:00,Cisco-IOS-XR-wdsysmon-fd-oper:system-monitoring/cpu-utilization,leaf4,,,0/RP0/CPU0,9,9,10
2020-01-21 08:11:18.692000+00:00,Cisco-IOS-XR-wdsysmon-fd-oper:system-monitoring/cpu-utilization,leaf4,,,0/0/CPU0,5,5,5
2020-01-21 08:11:24.741000+00:00,Cisco-IOS-XR-wdsysmon-fd-oper:system-monitoring/cpu-utilization,leaf4,,,0/RP0/CPU0,9,9,10
2020-01-21 08:11:25.091000+00:00,Cisco-IOS-XR-wdsysmon-fd-oper:system-monitoring/cpu-utilization,leaf4,,,0/0/CPU0,5,5,5
2020-01-21 08:11:28.338000+00:00,Cisco-IOS-XR-wdsysmon-fd-oper:system-monitoring/cpu-utilization,leaf4,,,0/RP0/CPU0,9,9,10
2020-01-21 08:11:28.691000+00:00,Cisco-IOS-XR-wdsysmon-fd-oper:system-monitoring/cpu-utilization,leaf4,,,0/0/CPU0,5,5,5
2020-01-21 08:11:34.718000+00:00,Cisco-IOS-XR-wdsysmon-fd-oper:system-monitoring/cpu-utilization,leaf4,,,0/RP0/CPU0,9,9,10
2020-01-21 08:11:35.091000+00:00,Cisco-IOS-XR-wdsysmon-fd-oper:system-monitoring/cpu-utilization,leaf4,,,0/0/CPU0,5,5,5
2020-01-21 08:11:38.341000+00:00,Cisco-IOS-XR-wdsysmon-fd-oper:system-monitoring/cpu-utilization,leaf4,,,0/RP0/CPU0,9,9,10
2020-01-21 08:11:38.693000+00:00,Cisco-IOS-XR-wdsysmon-fd-oper:system-monitoring/cpu-utilization,leaf4,,,0/0/CPU0,5,5,5
2020-01-21 08:11:44.767000+00:00,Cisco-IOS-XR-wdsysmon-fd-oper:system-monitoring/cpu-utilization,leaf4,,,0/RP0/CPU0,9,9,10
2020-01-21 08:11:45.141000+00:00,Cisco-IOS-XR-wdsysmon-fd-oper:system-monitoring/cpu-utilization,leaf4,,,0/0/CPU0,5,5,5
2020-01-21 08:11:48.339000+00:00,Cisco-IOS-XR-wdsysmon-fd-oper:system-monitoring/cpu-utilization,leaf4,,,0/RP0/CPU0,9,8,13
2020-01-21 08:11:48.692000+00:00,Cisco-IOS-XR-wdsysmon-fd-oper:system-monitoring/cpu-utilization,leaf4,,,0/0/CPU0,5,5,5
2020-01-21 08:11:54.722000+00:00,Cisco-IOS-XR-wdsysmon-fd-oper:system-monitoring/cpu-utilization,leaf4,,,0/RP0/CPU0,9,8,13
2020-01-21 08:11:55.090000+00:00,Cisco-IOS-XR-wdsysmon-fd-oper:system-monitoring/cpu-utilization,leaf4,,,0/0/CPU0,5,5,5
2020-01-21 08:11:58.339000+00:00,Cisco-IOS-XR-wdsysmon-fd-oper:system-monitoring/cpu-utilization,leaf4,,,0/RP0/CPU0,9,8,13
2020-01-21 08:11:58.692000+00:00,Cisco-IOS-XR-wdsysmon-fd-oper:system-monitoring/cpu-utilization,leaf4,,,0/0/CPU0,5,5,5
2020-01-21 08:12:04.774000+00:00,Cisco-IOS-XR-wdsysmon-fd-oper:system-monitoring/cpu-utilization,leaf4,,,0/RP0/CPU0,9,8,13
2020-01-21 08:12:05.146000+00:00,Cisco-IOS-XR-wdsysmon-fd-oper:system-monitoring/cpu-utilization,leaf4,,,0/0/CPU0,5,5,5
2020-01-21 08:12:08.339000+00:00,Cisco-IOS-XR-wdsysmon-fd-oper:system-monitoring/cpu-utilization,leaf4,,,0/RP0/CPU0,9,8,13
2020-01-21 08:12:08.691000+00:00,Cisco-IOS-XR-wdsysmon-fd-oper:system-monitoring/cpu-utilization,leaf4,,,0/0/CPU0,5,5,5
2020-01-21 08:12:14.754000+00:00,Cisco-IOS-XR-wdsysmon-fd-oper:system-monitoring/cpu-utilization,leaf4,,,0/RP0/CPU0,9,8,13
2020-01-21 08:12:15.122000+00:00,Cisco-IOS-XR-wdsysmon-fd-oper:system-monitoring/cpu-utilization,leaf4,,,0/0/CPU0,5,5,5
2020-01-21 08:12:18.341000+00:00,Cisco-IOS-XR-wdsysmon-fd-oper:system-monitoring/cpu-utilization,leaf4,,,0/RP0/CPU0,9,8,13
2020-01-21 08:12:18.691000+00:00,Cisco-IOS-XR-wdsysmon-fd-oper:system-monitoring/cpu-utilization,leaf4,,,0/0/CPU0,5,5,5
2020-01-21 08:12:24.726000+00:00,Cisco-IOS-XR-wdsysmon-fd-oper:system-monitoring/cpu-utilization,leaf4,,,0/RP0/CPU0,9,8,13
2020-01-21 08:12:25.106000+00:00,Cisco-IOS-XR-wdsysmon-fd-oper:system-monitoring/cpu-utilization,leaf4,,,0/0/CPU0,5,5,5
2020-01-21 08:12:28.339000+00:00,Cisco-IOS-XR-wdsysmon-fd-oper:system-monitoring/cpu-utilization,leaf4,,,0/RP0/CPU0,9,8,13
2020-01-21 08:12:28.689000+00:00,Cisco-IOS-XR-wdsysmon-fd-oper:system-monitoring/cpu-utilization,leaf4,,,0/0/CPU0,5,5,5
2020-01-21 08:12:34.894000+00:00,Cisco-IOS-XR-wdsysmon-fd-oper:system-monitoring/cpu-utilization,leaf4,,,0/RP0/CPU0,9,8,13
2020-01-21 08:12:35.276000+00:00,Cisco-IOS-XR-wdsysmon-fd-oper:system-monitoring/cpu-utilization,leaf4,,,0/0/CPU0,5,5,5
2020-01-21 08:12:38.341000+00:00,Cisco-IOS-XR-wdsysmon-fd-oper:system-monitoring/cpu-utilization,leaf4,,,0/RP0/CPU0,9,8,13
2020-01-21 08:12:38.691000+00:00,Cisco-IOS-XR-wdsysmon-fd-oper:system-monitoring/cpu-utilization,leaf4,,,0/0/CPU0,5,5,5
2020-01-21 08:12:44.757000+00:00,Cisco-IOS-XR-wdsysmon-fd-oper:system-monitoring/cpu-utilization,leaf4,,,0/RP0/CPU0,9,8,13
2020-01-21 08:12:45.136000+00:00,Cisco-IOS-XR-wdsysmon-fd-oper:system-monitoring/cpu-utilization,leaf4,,,0/0/CPU0,5,5,5
2020-01-21 08:12:48.342000+00:00,Cisco-IOS-XR-wdsysmon-fd-oper:system-monitoring/cpu-utilization,leaf4,,,0/RP0/CPU0,8,8,5
2020-01-21 08:12:48.693000+00:00,Cisco-IOS-XR-wdsysmon-fd-oper:system-monitoring/cpu-utilization,leaf4,,,0/0/CPU0,5,5,5
2020-01-21 08:12:54.797000+00:00,Cisco-IOS-XR-wdsysmon-fd-oper:system-monitoring/cpu-utilization,leaf4,,,0/RP0/CPU0,8,8,5
2020-01-21 08:12:55.174000+00:00,Cisco-IOS-XR-wdsysmon-fd-oper:system-monitoring/cpu-utilization,leaf4,,,0/0/CPU0,5,5,5
2020-01-21 08:12:58.342000+00:00,Cisco-IOS-XR-wdsysmon-fd-oper:system-monitoring/cpu-utilization,leaf4,,,0/RP0/CPU0,8,8,5
2020-01-21 08:12:58.693000+00:00,Cisco-IOS-XR-wdsysmon-fd-oper:system-monitoring/cpu-utilization,leaf4,,,0/0/CPU0,5,5,5
2020-01-21 08:13:04.724000+00:00,Cisco-IOS-XR-wdsysmon-fd-oper:system-monitoring/cpu-utilization,leaf4,,,0/RP0/CPU0,8,8,5
2020-01-21 08:13:05.098000+00:00,Cisco-IOS-XR-wdsysmon-fd-oper:system-monitoring/cpu-utilization,leaf4,,,0/0/CPU0,5,5,5
2020-01-21 08:13:08.342000+00:00,Cisco-IOS-XR-wdsysmon-fd-oper:system-monitoring/cpu-utilization,leaf4,,,0/RP0/CPU0,8,8,5
2020-01-21 08:13:08.693000+00:00,Cisco-IOS-XR-wdsysmon-fd-oper:system-monitoring/cpu-utilization,leaf4,,,0/0/CPU0,5,5,5
2020-01-21 08:13:14.780000+00:00,Cisco-IOS-XR-wdsysmon-fd-oper:system-monitoring/cpu-utilization,leaf4,,,0/RP0/CPU0,8,8,5
2020-01-21 08:13:15.158000+00:00,Cisco-IOS-XR-wdsysmon-fd-oper:system-monitoring/cpu-utilization,leaf4,,,0/0/CPU0,5,5,5
2020-01-21 08:13:18.342000+00:00,Cisco-IOS-XR-wdsysmon-fd-oper:system-monitoring/cpu-utilization,leaf4,,,0/RP0/CPU0,8,8,5
2020-01-21 08:13:18.693000+00:00,Cisco-IOS-XR-wdsysmon-fd-oper:system-monitoring/cpu-utilization,leaf4,,,0/0/CPU0,5,5,5
2020-01-21 08:13:24.782000+00:00,Cisco-IOS-XR-wdsysmon-fd-oper:system-monitoring/cpu-utilization,leaf4,,,0/RP0/CPU0,8,8,5
2020-01-21 08:13:25.137000+00:00,Cisco-IOS-XR-wdsysmon-fd-oper:system-monitoring/cpu-utilization,leaf4,,,0/0/CPU0,5,5,5
2020-01-21 08:13:28.342000+00:00,Cisco-IOS-XR-wdsysmon-fd-oper:system-monitoring/cpu-utilization,leaf4,,,0/RP0/CPU0,8,8,5
2020-01-21 08:13:28.696000+00:00,Cisco-IOS-XR-wdsysmon-fd-oper:system-monitoring/cpu-utilization,leaf4,,,0/0/CPU0,5,5,5
2020-01-21 08:13:34.802000+00:00,Cisco-IOS-XR-wdsysmon-fd-oper:system-monitoring/cpu-utilization,leaf4,,,0/RP0/CPU0,8,8,5
2020-01-21 08:13:35.151000+00:00,Cisco-IOS-XR-wdsysmon-fd-oper:system-monitoring/cpu-utilization,leaf4,,,0/0/CPU0,5,5,5
2020-01-21 08:13:38.343000+00:00,Cisco-IOS-XR-wdsysmon-fd-oper:system-monitoring/cpu-utilization,leaf4,,,0/RP0/CPU0,8,8,5
2020-01-21 08:13:38.691000+00:00,Cisco-IOS-XR-wdsysmon-fd-oper:system-monitoring/cpu-utilization,leaf4,,,0/0/CPU0,5,5,5
2020-01-21 08:13:44.780000+00:00,Cisco-IOS-XR-wdsysmon-fd-oper:system-monitoring/cpu-utilization,leaf4,,,0/RP0/CPU0,8,8,5
2020-01-21 08:13:45.128000+00:00,Cisco-IOS-XR-wdsysmon-fd-oper:system-monitoring/cpu-utilization,leaf4,,,0/0/CPU0,5,5,5
2020-01-21 08:13:48.343000+00:00,Cisco-IOS-XR-wdsysmon-fd-oper:system-monitoring/cpu-utilization,leaf4,,,0/RP0/CPU0,9,9,10
2020-01-21 08:13:48.691000+00:00,Cisco-IOS-XR-wdsysmon-fd-oper:system-monitoring/cpu-utilization,leaf4,,,0/0/CPU0,5,5,5
2020-01-21 08:13:54.801000+00:00,Cisco-IOS-XR-wdsysmon-fd-oper:system-monitoring/cpu-utilization,leaf4,,,0/RP0/CPU0,9,9,10
2020-01-21 08:13:55.165000+00:00,Cisco-IOS-XR-wdsysmon-fd-oper:system-monitoring/cpu-utilization,leaf4,,,0/0/CPU0,5,5,5
2020-01-21 08:13:58.343000+00:00,Cisco-IOS-XR-wdsysmon-fd-oper:system-monitoring/cpu-utilization,leaf4,,,0/RP0/CPU0,9,9,10
2020-01-21 08:13:58.694000+00:00,Cisco-IOS-XR-wdsysmon-fd-oper:system-monitoring/cpu-utilization,leaf4,,,0/0/CPU0,5,5,5
2020-01-21 08:14:04.752000+00:00,Cisco-IOS-XR-wdsysmon-fd-oper:system-monitoring/cpu-utilization,leaf4,,,0/RP0/CPU0,9,9,10
2020-01-21 08:14:05.133000+00:00,Cisco-IOS-XR-wdsysmon-fd-oper:system-monitoring/cpu-utilization,leaf4,,,0/0/CPU0,5,5,5
2020-01-21 08:14:08.343000+00:00,Cisco-IOS-XR-wdsysmon-fd-oper:system-monitoring/cpu-utilization,leaf4,,,0/RP0/CPU0,9,9,10
2020-01-21 08:14:08.694000+00:00,Cisco-IOS-XR-wdsysmon-fd-oper:system-monitoring/cpu-utilization,leaf4,,,0/0/CPU0,5,5,5
2020-01-21 08:14:14.774000+00:00,Cisco-IOS-XR-wdsysmon-fd-oper:system-monitoring/cpu-utilization,leaf4,,,0/RP0/CPU0,9,9,10
2020-01-21 08:14:15.152000+00:00,Cisco-IOS-XR-wdsysmon-fd-oper:system-monitoring/cpu-utilization,leaf4,,,0/0/CPU0,5,5,5
2020-01-21 08:14:18.343000+00:00,Cisco-IOS-XR-wdsysmon-fd-oper:system-monitoring/cpu-utilization,leaf4,,,0/RP0/CPU0,9,9,10
2020-01-21 08:14:18.694000+00:00,Cisco-IOS-XR-wdsysmon-fd-oper:system-monitoring/cpu-utilization,leaf4,,,0/0/CPU0,5,5,5
2020-01-21 08:14:24.862000+00:00,Cisco-IOS-XR-wdsysmon-fd-oper:system-monitoring/cpu-utilization,leaf4,,,0/RP0/CPU0,9,9,10
2020-01-21 08:14:25.918000+00:00,Cisco-IOS-XR-wdsysmon-fd-oper:system-monitoring/cpu-utilization,leaf4,,,0/0/CPU0,5,5,5
2020-01-21 08:14:28.349000+00:00,Cisco-IOS-XR-wdsysmon-fd-oper:system-monitoring/cpu-utilization,leaf4,,,0/RP0/CPU0,9,9,10
2020-01-21 08:14:28.701000+00:00,Cisco-IOS-XR-wdsysmon-fd-oper:system-monitoring/cpu-utilization,leaf4,,,0/0/CPU0,5,5,5
2020-01-21 08:14:34.728000+00:00,Cisco-IOS-XR-wdsysmon-fd-oper:system-monitoring/cpu-utilization,leaf4,,,0/RP0/CPU0,9,9,10
2020-01-21 08:14:35.102000+00:00,Cisco-IOS-XR-wdsysmon-fd-oper:system-monitoring/cpu-utilization,leaf4,,,0/0/CPU0,5,5,5
2020-01-21 08:14:38.346000+00:00,Cisco-IOS-XR-wdsysmon-fd-oper:system-monitoring/cpu-utilization,leaf4,,,0/RP0/CPU0,9,9,10
2020-01-21 08:14:38.700000+00:00,Cisco-IOS-XR-wdsysmon-fd-oper:system-monitoring/cpu-utilization,leaf4,,,0/0/CPU0,5,5,5
2020-01-21 08:14:44.776000+00:00,Cisco-IOS-XR-wdsysmon-fd-oper:system-monitoring/cpu-utilization,leaf4,,,0/RP0/CPU0,9,9,10
2020-01-21 08:14:45.148000+00:00,Cisco-IOS-XR-wdsysmon-fd-oper:system-monitoring/cpu-utilization,leaf4,,,0/0/CPU0,5,5,5
2020-01-21 08:14:48.348000+00:00,Cisco-IOS-XR-wdsysmon-fd-oper:system-monitoring/cpu-utilization,leaf4,,,0/RP0/CPU0,9,10,12
2020-01-21 08:14:48.702000+00:00,Cisco-IOS-XR-wdsysmon-fd-oper:system-monitoring/cpu-utilization,leaf4,,,0/0/CPU0,5,5,5
2020-01-21 08:14:54.751000+00:00,Cisco-IOS-XR-wdsysmon-fd-oper:system-monitoring/cpu-utilization,leaf4,,,0/RP0/CPU0,9,10,12
2020-01-21 08:14:55.128000+00:00,Cisco-IOS-XR-wdsysmon-fd-oper:system-monitoring/cpu-utilization,leaf4,,,0/0/CPU0,5,5,5
2020-01-21 08:14:58.346000+00:00,Cisco-IOS-XR-wdsysmon-fd-oper:system-monitoring/cpu-utilization,leaf4,,,0/RP0/CPU0,9,10,12
2020-01-21 08:14:58.699000+00:00,Cisco-IOS-XR-wdsysmon-fd-oper:system-monitoring/cpu-utilization,leaf4,,,0/0/CPU0,5,5,5
2020-01-21 08:15:04.823000+00:00,Cisco-IOS-XR-wdsysmon-fd-oper:system-monitoring/cpu-utilization,leaf4,,,0/RP0/CPU0,9,10,12
2020-01-21 08:15:05.194000+00:00,Cisco-IOS-XR-wdsysmon-fd-oper:system-monitoring/cpu-utilization,leaf4,,,0/0/CPU0,5,5,5
2020-01-21 08:15:08.344000+00:00,Cisco-IOS-XR-wdsysmon-fd-oper:system-monitoring/cpu-utilization,leaf4,,,0/RP0/CPU0,9,10,12
2020-01-21 08:15:08.697000+00:00,Cisco-IOS-XR-wdsysmon-fd-oper:system-monitoring/cpu-utilization,leaf4,,,0/0/CPU0,5,5,5
2020-01-21 08:15:14.752000+00:00,Cisco-IOS-XR-wdsysmon-fd-oper:system-monitoring/cpu-utilization,leaf4,,,0/RP0/CPU0,9,10,12
2020-01-21 08:15:15.103000+00:00,Cisco-IOS-XR-wdsysmon-fd-oper:system-monitoring/cpu-utilization,leaf4,,,0/0/CPU0,5,5,5
2020-01-21 08:15:18.348000+00:00,Cisco-IOS-XR-wdsysmon-fd-oper:system-monitoring/cpu-utilization,leaf4,,,0/RP0/CPU0,9,10,12
2020-01-21 08:15:18.699000+00:00,Cisco-IOS-XR-wdsysmon-fd-oper:system-monitoring/cpu-utilization,leaf4,,,0/0/CPU0,5,5,5
2020-01-21 08:15:24.808000+00:00,Cisco-IOS-XR-wdsysmon-fd-oper:system-monitoring/cpu-utilization,leaf4,,,0/RP0/CPU0,9,10,12
2020-01-21 08:15:25.166000+00:00,Cisco-IOS-XR-wdsysmon-fd-oper:system-monitoring/cpu-utilization,leaf4,,,0/0/CPU0,5,5,5
2020-01-21 08:15:28.345000+00:00,Cisco-IOS-XR-wdsysmon-fd-oper:system-monitoring/cpu-utilization,leaf4,,,0/RP0/CPU0,9,10,12
2020-01-21 08:15:28.699000+00:00,Cisco-IOS-XR-wdsysmon-fd-oper:system-monitoring/cpu-utilization,leaf4,,,0/0/CPU0,5,5,5
2020-01-21 08:15:34.735000+00:00,Cisco-IOS-XR-wdsysmon-fd-oper:system-monitoring/cpu-utilization,leaf4,,,0/RP0/CPU0,9,10,12
2020-01-21 08:15:35.091000+00:00,Cisco-IOS-XR-wdsysmon-fd-oper:system-monitoring/cpu-utilization,leaf4,,,0/0/CPU0,5,5,5
2020-01-21 08:15:38.343000+00:00,Cisco-IOS-XR-wdsysmon-fd-oper:system-monitoring/cpu-utilization,leaf4,,,0/RP0/CPU0,9,10,12
2020-01-21 08:15:38.697000+00:00,Cisco-IOS-XR-wdsysmon-fd-oper:system-monitoring/cpu-utilization,leaf4,,,0/0/CPU0,5,5,5
2020-01-21 08:15:44.773000+00:00,Cisco-IOS-XR-wdsysmon-fd-oper:system-monitoring/cpu-utilization,leaf4,,,0/RP0/CPU0,9,10,12
2020-01-21 08:15:45.128000+00:00,Cisco-IOS-XR-wdsysmon-fd-oper:system-monitoring/cpu-utilization,leaf4,,,0/0/CPU0,5,5,5
2020-01-21 08:15:48.346000+00:00,Cisco-IOS-XR-wdsysmon-fd-oper:system-monitoring/cpu-utilization,leaf4,,,0/RP0/CPU0,9,9,6
2020-01-21 08:15:48.700000+00:00,Cisco-IOS-XR-wdsysmon-fd-oper:system-monitoring/cpu-utilization,leaf4,,,0/0/CPU0,5,5,5
2020-01-21 08:15:54.752000+00:00,Cisco-IOS-XR-wdsysmon-fd-oper:system-monitoring/cpu-utilization,leaf4,,,0/RP0/CPU0,9,9,6
2020-01-21 08:15:55.106000+00:00,Cisco-IOS-XR-wdsysmon-fd-oper:system-monitoring/cpu-utilization,leaf4,,,0/0/CPU0,5,5,5
2020-01-21 08:15:58.346000+00:00,Cisco-IOS-XR-wdsysmon-fd-oper:system-monitoring/cpu-utilization,leaf4,,,0/RP0/CPU0,9,9,6
2020-01-21 08:15:58.700000+00:00,Cisco-IOS-XR-wdsysmon-fd-oper:system-monitoring/cpu-utilization,leaf4,,,0/0/CPU0,5,5,5
2020-01-21 08:16:04.739000+00:00,Cisco-IOS-XR-wdsysmon-fd-oper:system-monitoring/cpu-utilization,leaf4,,,0/RP0/CPU0,9,9,6
2020-01-21 08:16:05.088000+00:00,Cisco-IOS-XR-wdsysmon-fd-oper:system-monitoring/cpu-utilization,leaf4,,,0/0/CPU0,5,5,5
2020-01-21 08:16:08.347000+00:00,Cisco-IOS-XR-wdsysmon-fd-oper:system-monitoring/cpu-utilization,leaf4,,,0/RP0/CPU0,9,9,6
2020-01-21 08:16:08.697000+00:00,Cisco-IOS-XR-wdsysmon-fd-oper:system-monitoring/cpu-utilization,leaf4,,,0/0/CPU0,5,5,5
2020-01-21 08:16:14.898000+00:00,Cisco-IOS-XR-wdsysmon-fd-oper:system-monitoring/cpu-utilization,leaf4,,,0/RP0/CPU0,9,9,6
2020-01-21 08:16:15.250000+00:00,Cisco-IOS-XR-wdsysmon-fd-oper:system-monitoring/cpu-utilization,leaf4,,,0/0/CPU0,5,5,5
2020-01-21 08:16:18.346000+00:00,Cisco-IOS-XR-wdsysmon-fd-oper:system-monitoring/cpu-utilization,leaf4,,,0/RP0/CPU0,9,9,6
2020-01-21 08:16:18.696000+00:00,Cisco-IOS-XR-wdsysmon-fd-oper:system-monitoring/cpu-utilization,leaf4,,,0/0/CPU0,5,5,5
2020-01-21 08:16:24.775000+00:00,Cisco-IOS-XR-wdsysmon-fd-oper:system-monitoring/cpu-utilization,leaf4,,,0/RP0/CPU0,9,9,6
2020-01-21 08:16:25.126000+00:00,Cisco-IOS-XR-wdsysmon-fd-oper:system-monitoring/cpu-utilization,leaf4,,,0/0/CPU0,5,5,5
2020-01-21 08:16:28.347000+00:00,Cisco-IOS-XR-wdsysmon-fd-oper:system-monitoring/cpu-utilization,leaf4,,,0/RP0/CPU0,9,9,6
2020-01-21 08:16:28.696000+00:00,Cisco-IOS-XR-wdsysmon-fd-oper:system-monitoring/cpu-utilization,leaf4,,,0/0/CPU0,5,5,5
2020-01-21 08:16:34.758000+00:00,Cisco-IOS-XR-wdsysmon-fd-oper:system-monitoring/cpu-utilization,leaf4,,,0/RP0/CPU0,9,9,6
2020-01-21 08:16:35.113000+00:00,Cisco-IOS-XR-wdsysmon-fd-oper:system-monitoring/cpu-utilization,leaf4,,,0/0/CPU0,5,5,5
2020-01-21 08:16:38.345000+00:00,Cisco-IOS-XR-wdsysmon-fd-oper:system-monitoring/cpu-utilization,leaf4,,,0/RP0/CPU0,9,9,6
2020-01-21 08:16:38.698000+00:00,Cisco-IOS-XR-wdsysmon-fd-oper:system-monitoring/cpu-utilization,leaf4,,,0/0/CPU0,5,5,5
2020-01-21 08:16:44.776000+00:00,Cisco-IOS-XR-wdsysmon-fd-oper:system-monitoring/cpu-utilization,leaf4,,,0/RP0/CPU0,9,9,6
2020-01-21 08:16:45.130000+00:00,Cisco-IOS-XR-wdsysmon-fd-oper:system-monitoring/cpu-utilization,leaf4,,,0/0/CPU0,5,5,5
2020-01-21 08:16:48.452000+00:00,Cisco-IOS-XR-wdsysmon-fd-oper:system-monitoring/cpu-utilization,leaf4,,,0/RP0/CPU0,9,9,16
2020-01-21 08:16:48.803000+00:00,Cisco-IOS-XR-wdsysmon-fd-oper:system-monitoring/cpu-utilization,leaf4,,,0/0/CPU0,5,5,5
2020-01-21 08:16:54.733000+00:00,Cisco-IOS-XR-wdsysmon-fd-oper:system-monitoring/cpu-utilization,leaf4,,,0/RP0/CPU0,9,9,16
2020-01-21 08:16:55.097000+00:00,Cisco-IOS-XR-wdsysmon-fd-oper:system-monitoring/cpu-utilization,leaf4,,,0/0/CPU0,5,5,5
2020-01-21 08:16:58.347000+00:00,Cisco-IOS-XR-wdsysmon-fd-oper:system-monitoring/cpu-utilization,leaf4,,,0/RP0/CPU0,9,9,16
2020-01-21 08:16:58.700000+00:00,Cisco-IOS-XR-wdsysmon-fd-oper:system-monitoring/cpu-utilization,leaf4,,,0/0/CPU0,5,5,5
2020-01-21 08:17:04.732000+00:00,Cisco-IOS-XR-wdsysmon-fd-oper:system-monitoring/cpu-utilization,leaf4,,,0/RP0/CPU0,9,9,16
2020-01-21 08:17:05.086000+00:00,Cisco-IOS-XR-wdsysmon-fd-oper:system-monitoring/cpu-utilization,leaf4,,,0/0/CPU0,5,5,5
2020-01-21 08:17:08.348000+00:00,Cisco-IOS-XR-wdsysmon-fd-oper:system-monitoring/cpu-utilization,leaf4,,,0/RP0/CPU0,9,9,16
2020-01-21 08:17:08.702000+00:00,Cisco-IOS-XR-wdsysmon-fd-oper:system-monitoring/cpu-utilization,leaf4,,,0/0/CPU0,5,5,5
2020-01-21 08:17:14.843000+00:00,Cisco-IOS-XR-wdsysmon-fd-oper:system-monitoring/cpu-utilization,leaf4,,,0/RP0/CPU0,9,9,16
2020-01-21 08:17:15.193000+00:00,Cisco-IOS-XR-wdsysmon-fd-oper:system-monitoring/cpu-utilization,leaf4,,,0/0/CPU0,5,5,5
2020-01-21 08:17:18.346000+00:00,Cisco-IOS-XR-wdsysmon-fd-oper:system-monitoring/cpu-utilization,leaf4,,,0/RP0/CPU0,9,9,16
2020-01-21 08:17:18.696000+00:00,Cisco-IOS-XR-wdsysmon-fd-oper:system-monitoring/cpu-utilization,leaf4,,,0/0/CPU0,5,5,5
2020-01-21 08:17:24.767000+00:00,Cisco-IOS-XR-wdsysmon-fd-oper:system-monitoring/cpu-utilization,leaf4,,,0/RP0/CPU0,9,9,16
2020-01-21 08:17:25.116000+00:00,Cisco-IOS-XR-wdsysmon-fd-oper:system-monitoring/cpu-utilization,leaf4,,,0/0/CPU0,5,5,5
2020-01-21 08:17:28.352000+00:00,Cisco-IOS-XR-wdsysmon-fd-oper:system-monitoring/cpu-utilization,leaf4,,,0/RP0/CPU0,9,9,16
2020-01-21 08:17:29.216000+00:00,Cisco-IOS-XR-wdsysmon-fd-oper:system-monitoring/cpu-utilization,leaf4,,,0/0/CPU0,5,5,5
2020-01-21 08:17:34.793000+00:00,Cisco-IOS-XR-wdsysmon-fd-oper:system-monitoring/cpu-utilization,leaf4,,,0/RP0/CPU0,9,9,16
2020-01-21 08:17:35.147000+00:00,Cisco-IOS-XR-wdsysmon-fd-oper:system-monitoring/cpu-utilization,leaf4,,,0/0/CPU0,5,5,5
2020-01-21 08:17:38.346000+00:00,Cisco-IOS-XR-wdsysmon-fd-oper:system-monitoring/cpu-utilization,leaf4,,,0/RP0/CPU0,9,9,16
2020-01-21 08:17:38.695000+00:00,Cisco-IOS-XR-wdsysmon-fd-oper:system-monitoring/cpu-utilization,leaf4,,,0/0/CPU0,5,5,5
2020-01-21 08:17:44.758000+00:00,Cisco-IOS-XR-wdsysmon-fd-oper:system-monitoring/cpu-utilization,leaf4,,,0/RP0/CPU0,9,9,16
2020-01-21 08:17:45.113000+00:00,Cisco-IOS-XR-wdsysmon-fd-oper:system-monitoring/cpu-utilization,leaf4,,,0/0/CPU0,5,5,5
2020-01-21 08:17:48.348000+00:00,Cisco-IOS-XR-wdsysmon-fd-oper:system-monitoring/cpu-utilization,leaf4,,,0/RP0/CPU0,9,9,16
2020-01-21 08:17:48.704000+00:00,Cisco-IOS-XR-wdsysmon-fd-oper:system-monitoring/cpu-utilization,leaf4,,,0/0/CPU0,5,5,5
2020-01-21 08:17:54.739000+00:00,Cisco-IOS-XR-wdsysmon-fd-oper:system-monitoring/cpu-utilization,leaf4,,,0/RP0/CPU0,8,9,5
2020-01-21 08:17:55.094000+00:00,Cisco-IOS-XR-wdsysmon-fd-oper:system-monitoring/cpu-utilization,leaf4,,,0/0/CPU0,5,5,5
2020-01-21 08:17:58.347000+00:00,Cisco-IOS-XR-wdsysmon-fd-oper:system-monitoring/cpu-utilization,leaf4,,,0/RP0/CPU0,8,9,5
2020-01-21 08:17:58.702000+00:00,Cisco-IOS-XR-wdsysmon-fd-oper:system-monitoring/cpu-utilization,leaf4,,,0/0/CPU0,5,5,5
2020-01-21 08:18:04.876000+00:00,Cisco-IOS-XR-wdsysmon-fd-oper:system-monitoring/cpu-utilization,leaf4,,,0/RP0/CPU0,8,9,5
2020-01-21 08:18:05.231000+00:00,Cisco-IOS-XR-wdsysmon-fd-oper:system-monitoring/cpu-utilization,leaf4,,,0/0/CPU0,5,5,5
2020-01-21 08:18:08.348000+00:00,Cisco-IOS-XR-wdsysmon-fd-oper:system-monitoring/cpu-utilization,leaf4,,,0/RP0/CPU0,8,9,5
2020-01-21 08:18:08.703000+00:00,Cisco-IOS-XR-wdsysmon-fd-oper:system-monitoring/cpu-utilization,leaf4,,,0/0/CPU0,5,5,5
2020-01-21 08:18:14.797000+00:00,Cisco-IOS-XR-wdsysmon-fd-oper:system-monitoring/cpu-utilization,leaf4,,,0/RP0/CPU0,8,9,5
2020-01-21 08:18:15.146000+00:00,Cisco-IOS-XR-wdsysmon-fd-oper:system-monitoring/cpu-utilization,leaf4,,,0/0/CPU0,5,5,5
2020-01-21 08:18:18.349000+00:00,Cisco-IOS-XR-wdsysmon-fd-oper:system-monitoring/cpu-utilization,leaf4,,,0/RP0/CPU0,8,9,5
2020-01-21 08:18:18.702000+00:00,Cisco-IOS-XR-wdsysmon-fd-oper:system-monitoring/cpu-utilization,leaf4,,,0/0/CPU0,5,5,5
2020-01-21 08:18:24.734000+00:00,Cisco-IOS-XR-wdsysmon-fd-oper:system-monitoring/cpu-utilization,leaf4,,,0/RP0/CPU0,8,9,5
2020-01-21 08:18:25.111000+00:00,Cisco-IOS-XR-wdsysmon-fd-oper:system-monitoring/cpu-utilization,leaf4,,,0/0/CPU0,5,5,5
2020-01-21 08:18:28.349000+00:00,Cisco-IOS-XR-wdsysmon-fd-oper:system-monitoring/cpu-utilization,leaf4,,,0/RP0/CPU0,8,9,5
2020-01-21 08:18:28.702000+00:00,Cisco-IOS-XR-wdsysmon-fd-oper:system-monitoring/cpu-utilization,leaf4,,,0/0/CPU0,5,5,5
2020-01-21 08:18:34.756000+00:00,Cisco-IOS-XR-wdsysmon-fd-oper:system-monitoring/cpu-utilization,leaf4,,,0/RP0/CPU0,8,9,5
2020-01-21 08:18:35.131000+00:00,Cisco-IOS-XR-wdsysmon-fd-oper:system-monitoring/cpu-utilization,leaf4,,,0/0/CPU0,5,5,5
2020-01-21 08:18:38.349000+00:00,Cisco-IOS-XR-wdsysmon-fd-oper:system-monitoring/cpu-utilization,leaf4,,,0/RP0/CPU0,8,9,5
2020-01-21 08:18:38.702000+00:00,Cisco-IOS-XR-wdsysmon-fd-oper:system-monitoring/cpu-utilization,leaf4,,,0/0/CPU0,5,5,5
2020-01-21 08:18:44.778000+00:00,Cisco-IOS-XR-wdsysmon-fd-oper:system-monitoring/cpu-utilization,leaf4,,,0/RP0/CPU0,8,9,5
2020-01-21 08:18:45.129000+00:00,Cisco-IOS-XR-wdsysmon-fd-oper:system-monitoring/cpu-utilization,leaf4,,,0/0/CPU0,5,5,5
2020-01-21 08:18:48.349000+00:00,Cisco-IOS-XR-wdsysmon-fd-oper:system-monitoring/cpu-utilization,leaf4,,,0/RP0/CPU0,8,9,5
2020-01-21 08:18:48.701000+00:00,Cisco-IOS-XR-wdsysmon-fd-oper:system-monitoring/cpu-utilization,leaf4,,,0/0/CPU0,5,5,5
2020-01-21 08:18:54.735000+00:00,Cisco-IOS-XR-wdsysmon-fd-oper:system-monitoring/cpu-utilization,leaf4,,,0/RP0/CPU0,8,8,5
2020-01-21 08:18:55.091000+00:00,Cisco-IOS-XR-wdsysmon-fd-oper:system-monitoring/cpu-utilization,leaf4,,,0/0/CPU0,5,5,5
2020-01-21 08:18:58.351000+00:00,Cisco-IOS-XR-wdsysmon-fd-oper:system-monitoring/cpu-utilization,leaf4,,,0/RP0/CPU0,8,8,5
2020-01-21 08:18:58.703000+00:00,Cisco-IOS-XR-wdsysmon-fd-oper:system-monitoring/cpu-utilization,leaf4,,,0/0/CPU0,5,5,5
2020-01-21 08:19:04.785000+00:00,Cisco-IOS-XR-wdsysmon-fd-oper:system-monitoring/cpu-utilization,leaf4,,,0/RP0/CPU0,8,8,5
2020-01-21 08:19:05.137000+00:00,Cisco-IOS-XR-wdsysmon-fd-oper:system-monitoring/cpu-utilization,leaf4,,,0/0/CPU0,5,5,5
2020-01-21 08:19:08.349000+00:00,Cisco-IOS-XR-wdsysmon-fd-oper:system-monitoring/cpu-utilization,leaf4,,,0/RP0/CPU0,8,8,5
2020-01-21 08:19:08.700000+00:00,Cisco-IOS-XR-wdsysmon-fd-oper:system-monitoring/cpu-utilization,leaf4,,,0/0/CPU0,5,5,5
2020-01-21 08:19:14.771000+00:00,Cisco-IOS-XR-wdsysmon-fd-oper:system-monitoring/cpu-utilization,leaf4,,,0/RP0/CPU0,8,8,5
2020-01-21 08:19:15.122000+00:00,Cisco-IOS-XR-wdsysmon-fd-oper:system-monitoring/cpu-utilization,leaf4,,,0/0/CPU0,5,5,5
2020-01-21 08:19:18.354000+00:00,Cisco-IOS-XR-wdsysmon-fd-oper:system-monitoring/cpu-utilization,leaf4,,,0/RP0/CPU0,8,8,5
2020-01-21 08:19:18.706000+00:00,Cisco-IOS-XR-wdsysmon-fd-oper:system-monitoring/cpu-utilization,leaf4,,,0/0/CPU0,5,5,5
2020-01-21 08:19:24.816000+00:00,Cisco-IOS-XR-wdsysmon-fd-oper:system-monitoring/cpu-utilization,leaf4,,,0/RP0/CPU0,8,8,5
2020-01-21 08:19:25.167000+00:00,Cisco-IOS-XR-wdsysmon-fd-oper:system-monitoring/cpu-utilization,leaf4,,,0/0/CPU0,5,5,5
2020-01-21 08:19:28.355000+00:00,Cisco-IOS-XR-wdsysmon-fd-oper:system-monitoring/cpu-utilization,leaf4,,,0/RP0/CPU0,8,8,5
2020-01-21 08:19:28.706000+00:00,Cisco-IOS-XR-wdsysmon-fd-oper:system-monitoring/cpu-utilization,leaf4,,,0/0/CPU0,5,5,5
2020-01-21 08:19:34.746000+00:00,Cisco-IOS-XR-wdsysmon-fd-oper:system-monitoring/cpu-utilization,leaf4,,,0/RP0/CPU0,8,8,5
2020-01-21 08:19:35.098000+00:00,Cisco-IOS-XR-wdsysmon-fd-oper:system-monitoring/cpu-utilization,leaf4,,,0/0/CPU0,5,5,5
2020-01-21 08:19:38.357000+00:00,Cisco-IOS-XR-wdsysmon-fd-oper:system-monitoring/cpu-utilization,leaf4,,,0/RP0/CPU0,8,8,5
2020-01-21 08:19:38.709000+00:00,Cisco-IOS-XR-wdsysmon-fd-oper:system-monitoring/cpu-utilization,leaf4,,,0/0/CPU0,5,5,5
2020-01-21 08:19:44.752000+00:00,Cisco-IOS-XR-wdsysmon-fd-oper:system-monitoring/cpu-utilization,leaf4,,,0/RP0/CPU0,8,8,5
2020-01-21 08:19:45.104000+00:00,Cisco-IOS-XR-wdsysmon-fd-oper:system-monitoring/cpu-utilization,leaf4,,,0/0/CPU0,5,5,5
2020-01-21 08:19:48.351000+00:00,Cisco-IOS-XR-wdsysmon-fd-oper:system-monitoring/cpu-utilization,leaf4,,,0/RP0/CPU0,8,8,5
2020-01-21 08:19:48.702000+00:00,Cisco-IOS-XR-wdsysmon-fd-oper:system-monitoring/cpu-utilization,leaf4,,,0/0/CPU0,5,5,5
2020-01-21 08:19:54.848000+00:00,Cisco-IOS-XR-wdsysmon-fd-oper:system-monitoring/cpu-utilization,leaf4,,,0/RP0/CPU0,8,7,6
2020-01-21 08:19:55.199000+00:00,Cisco-IOS-XR-wdsysmon-fd-oper:system-monitoring/cpu-utilization,leaf4,,,0/0/CPU0,5,5,5
2020-01-21 08:19:58.353000+00:00,Cisco-IOS-XR-wdsysmon-fd-oper:system-monitoring/cpu-utilization,leaf4,,,0/RP0/CPU0,8,7,6
2020-01-21 08:19:58.705000+00:00,Cisco-IOS-XR-wdsysmon-fd-oper:system-monitoring/cpu-utilization,leaf4,,,0/0/CPU0,5,5,5
2020-01-21 08:20:04.726000+00:00,Cisco-IOS-XR-wdsysmon-fd-oper:system-monitoring/cpu-utilization,leaf4,,,0/RP0/CPU0,8,7,6
2020-01-21 08:20:05.102000+00:00,Cisco-IOS-XR-wdsysmon-fd-oper:system-monitoring/cpu-utilization,leaf4,,,0/0/CPU0,5,5,5
2020-01-21 08:20:08.351000+00:00,Cisco-IOS-XR-wdsysmon-fd-oper:system-monitoring/cpu-utilization,leaf4,,,0/RP0/CPU0,8,7,6
2020-01-21 08:20:08.705000+00:00,Cisco-IOS-XR-wdsysmon-fd-oper:system-monitoring/cpu-utilization,leaf4,,,0/0/CPU0,5,5,5
2020-01-21 08:20:14.771000+00:00,Cisco-IOS-XR-wdsysmon-fd-oper:system-monitoring/cpu-utilization,leaf4,,,0/RP0/CPU0,8,7,6
2020-01-21 08:20:15.124000+00:00,Cisco-IOS-XR-wdsysmon-fd-oper:system-monitoring/cpu-utilization,leaf4,,,0/0/CPU0,5,5,5
2020-01-21 08:20:18.351000+00:00,Cisco-IOS-XR-wdsysmon-fd-oper:system-monitoring/cpu-utilization,leaf4,,,0/RP0/CPU0,8,7,6
2020-01-21 08:20:18.706000+00:00,Cisco-IOS-XR-wdsysmon-fd-oper:system-monitoring/cpu-utilization,leaf4,,,0/0/CPU0,5,5,5
2020-01-21 08:20:24.795000+00:00,Cisco-IOS-XR-wdsysmon-fd-oper:system-monitoring/cpu-utilization,leaf4,,,0/RP0/CPU0,8,7,6
2020-01-21 08:20:25.145000+00:00,Cisco-IOS-XR-wdsysmon-fd-oper:system-monitoring/cpu-utilization,leaf4,,,0/0/CPU0,5,5,5
2020-01-21 08:20:28.355000+00:00,Cisco-IOS-XR-wdsysmon-fd-oper:system-monitoring/cpu-utilization,leaf4,,,0/RP0/CPU0,8,7,6
2020-01-21 08:20:28.703000+00:00,Cisco-IOS-XR-wdsysmon-fd-oper:system-monitoring/cpu-utilization,leaf4,,,0/0/CPU0,5,5,5
2020-01-21 08:20:34.809000+00:00,Cisco-IOS-XR-wdsysmon-fd-oper:system-monitoring/cpu-utilization,leaf4,,,0/RP0/CPU0,8,7,6
2020-01-21 08:20:35.160000+00:00,Cisco-IOS-XR-wdsysmon-fd-oper:system-monitoring/cpu-utilization,leaf4,,,0/0/CPU0,5,5,5
2020-01-21 08:20:38.352000+00:00,Cisco-IOS-XR-wdsysmon-fd-oper:system-monitoring/cpu-utilization,leaf4,,,0/RP0/CPU0,8,7,6
2020-01-21 08:20:38.700000+00:00,Cisco-IOS-XR-wdsysmon-fd-oper:system-monitoring/cpu-utilization,leaf4,,,0/0/CPU0,5,5,5
2020-01-21 08:20:44.792000+00:00,Cisco-IOS-XR-wdsysmon-fd-oper:system-monitoring/cpu-utilization,leaf4,,,0/RP0/CPU0,8,7,6
2020-01-21 08:20:45.141000+00:00,Cisco-IOS-XR-wdsysmon-fd-oper:system-monitoring/cpu-utilization,leaf4,,,0/0/CPU0,5,5,5
2020-01-21 08:20:48.353000+00:00,Cisco-IOS-XR-wdsysmon-fd-oper:system-monitoring/cpu-utilization,leaf4,,,0/RP0/CPU0,8,7,6
2020-01-21 08:20:48.705000+00:00,Cisco-IOS-XR-wdsysmon-fd-oper:system-monitoring/cpu-utilization,leaf4,,,0/0/CPU0,5,5,5
2020-01-21 08:20:54.813000+00:00,Cisco-IOS-XR-wdsysmon-fd-oper:system-monitoring/cpu-utilization,leaf4,,,0/RP0/CPU0,9,9,13
2020-01-21 08:20:55.187000+00:00,Cisco-IOS-XR-wdsysmon-fd-oper:system-monitoring/cpu-utilization,leaf4,,,0/0/CPU0,5,5,5
2020-01-21 08:20:58.351000+00:00,Cisco-IOS-XR-wdsysmon-fd-oper:system-monitoring/cpu-utilization,leaf4,,,0/RP0/CPU0,9,9,13
2020-01-21 08:20:58.705000+00:00,Cisco-IOS-XR-wdsysmon-fd-oper:system-monitoring/cpu-utilization,leaf4,,,0/0/CPU0,5,5,5
2020-01-21 08:21:04.756000+00:00,Cisco-IOS-XR-wdsysmon-fd-oper:system-monitoring/cpu-utilization,leaf4,,,0/RP0/CPU0,9,9,13
2020-01-21 08:21:05.114000+00:00,Cisco-IOS-XR-wdsysmon-fd-oper:system-monitoring/cpu-utilization,leaf4,,,0/0/CPU0,5,5,5
2020-01-21 08:21:08.351000+00:00,Cisco-IOS-XR-wdsysmon-fd-oper:system-monitoring/cpu-utilization,leaf4,,,0/RP0/CPU0,9,9,13
2020-01-21 08:21:08.705000+00:00,Cisco-IOS-XR-wdsysmon-fd-oper:system-monitoring/cpu-utilization,leaf4,,,0/0/CPU0,5,5,5
2020-01-21 08:21:14.787000+00:00,Cisco-IOS-XR-wdsysmon-fd-oper:system-monitoring/cpu-utilization,leaf4,,,0/RP0/CPU0,9,9,13
2020-01-21 08:21:15.141000+00:00,Cisco-IOS-XR-wdsysmon-fd-oper:system-monitoring/cpu-utilization,leaf4,,,0/0/CPU0,5,5,5
2020-01-21 08:21:18.354000+00:00,Cisco-IOS-XR-wdsysmon-fd-oper:system-monitoring/cpu-utilization,leaf4,,,0/RP0/CPU0,9,9,13
2020-01-21 08:21:18.708000+00:00,Cisco-IOS-XR-wdsysmon-fd-oper:system-monitoring/cpu-utilization,leaf4,,,0/0/CPU0,5,5,5
2020-01-21 08:21:24.910000+00:00,Cisco-IOS-XR-wdsysmon-fd-oper:system-monitoring/cpu-utilization,leaf4,,,0/RP0/CPU0,9,9,13
2020-01-21 08:21:25.264000+00:00,Cisco-IOS-XR-wdsysmon-fd-oper:system-monitoring/cpu-utilization,leaf4,,,0/0/CPU0,5,5,5
2020-01-21 08:21:28.359000+00:00,Cisco-IOS-XR-wdsysmon-fd-oper:system-monitoring/cpu-utilization,leaf4,,,0/RP0/CPU0,9,9,13
2020-01-21 08:21:28.713000+00:00,Cisco-IOS-XR-wdsysmon-fd-oper:system-monitoring/cpu-utilization,leaf4,,,0/0/CPU0,5,5,5
2020-01-21 08:21:34.726000+00:00,Cisco-IOS-XR-wdsysmon-fd-oper:system-monitoring/cpu-utilization,leaf4,,,0/RP0/CPU0,9,9,13
2020-01-21 08:21:35.082000+00:00,Cisco-IOS-XR-wdsysmon-fd-oper:system-monitoring/cpu-utilization,leaf4,,,0/0/CPU0,5,5,5
2020-01-21 08:21:38.355000+00:00,Cisco-IOS-XR-wdsysmon-fd-oper:system-monitoring/cpu-utilization,leaf4,,,0/RP0/CPU0,9,9,13
2020-01-21 08:21:38.709000+00:00,Cisco-IOS-XR-wdsysmon-fd-oper:system-monitoring/cpu-utilization,leaf4,,,0/0/CPU0,5,5,5
2020-01-21 08:21:44.769000+00:00,Cisco-IOS-XR-wdsysmon-fd-oper:system-monitoring/cpu-utilization,leaf4,,,0/RP0/CPU0,9,9,13
2020-01-21 08:21:45.123000+00:00,Cisco-IOS-XR-wdsysmon-fd-oper:system-monitoring/cpu-utilization,leaf4,,,0/0/CPU0,5,5,5
2020-01-21 08:21:48.354000+00:00,Cisco-IOS-XR-wdsysmon-fd-oper:system-monitoring/cpu-utilization,leaf4,,,0/RP0/CPU0,9,9,13
2020-01-21 08:21:48.709000+00:00,Cisco-IOS-XR-wdsysmon-fd-oper:system-monitoring/cpu-utilization,leaf4,,,0/0/CPU0,5,5,5
2020-01-21 08:21:54.729000+00:00,Cisco-IOS-XR-wdsysmon-fd-oper:system-monitoring/cpu-utilization,leaf4,,,0/RP0/CPU0,8,8,11
2020-01-21 08:21:55.079000+00:00,Cisco-IOS-XR-wdsysmon-fd-oper:system-monitoring/cpu-utilization,leaf4,,,0/0/CPU0,5,5,5
2020-01-21 08:21:58.360000+00:00,Cisco-IOS-XR-wdsysmon-fd-oper:system-monitoring/cpu-utilization,leaf4,,,0/RP0/CPU0,8,8,11
2020-01-21 08:21:58.711000+00:00,Cisco-IOS-XR-wdsysmon-fd-oper:system-monitoring/cpu-utilization,leaf4,,,0/0/CPU0,5,5,5
2020-01-21 08:22:04.779000+00:00,Cisco-IOS-XR-wdsysmon-fd-oper:system-monitoring/cpu-utilization,leaf4,,,0/RP0/CPU0,8,8,11
2020-01-21 08:22:05.130000+00:00,Cisco-IOS-XR-wdsysmon-fd-oper:system-monitoring/cpu-utilization,leaf4,,,0/0/CPU0,5,5,5
2020-01-21 08:22:08.354000+00:00,Cisco-IOS-XR-wdsysmon-fd-oper:system-monitoring/cpu-utilization,leaf4,,,0/RP0/CPU0,8,8,11
2020-01-21 08:22:08.705000+00:00,Cisco-IOS-XR-wdsysmon-fd-oper:system-monitoring/cpu-utilization,leaf4,,,0/0/CPU0,5,5,5
2020-01-21 08:22:14.767000+00:00,Cisco-IOS-XR-wdsysmon-fd-oper:system-monitoring/cpu-utilization,leaf4,,,0/RP0/CPU0,8,8,11
2020-01-21 08:22:15.119000+00:00,Cisco-IOS-XR-wdsysmon-fd-oper:system-monitoring/cpu-utilization,leaf4,,,0/0/CPU0,5,5,5
2020-01-21 08:22:18.355000+00:00,Cisco-IOS-XR-wdsysmon-fd-oper:system-monitoring/cpu-utilization,leaf4,,,0/RP0/CPU0,8,8,11
2020-01-21 08:22:18.706000+00:00,Cisco-IOS-XR-wdsysmon-fd-oper:system-monitoring/cpu-utilization,leaf4,,,0/0/CPU0,5,5,5
2020-01-21 08:22:24.791000+00:00,Cisco-IOS-XR-wdsysmon-fd-oper:system-monitoring/cpu-utilization,leaf4,,,0/RP0/CPU0,8,8,11
2020-01-21 08:22:25.142000+00:00,Cisco-IOS-XR-wdsysmon-fd-oper:system-monitoring/cpu-utilization,leaf4,,,0/0/CPU0,5,5,5
2020-01-21 08:22:28.354000+00:00,Cisco-IOS-XR-wdsysmon-fd-oper:system-monitoring/cpu-utilization,leaf4,,,0/RP0/CPU0,8,8,11
2020-01-21 08:22:28.704000+00:00,Cisco-IOS-XR-wdsysmon-fd-oper:system-monitoring/cpu-utilization,leaf4,,,0/0/CPU0,5,5,5
2020-01-21 08:22:34.819000+00:00,Cisco-IOS-XR-wdsysmon-fd-oper:system-monitoring/cpu-utilization,leaf4,,,0/RP0/CPU0,8,8,11
2020-01-21 08:22:35.175000+00:00,Cisco-IOS-XR-wdsysmon-fd-oper:system-monitoring/cpu-utilization,leaf4,,,0/0/CPU0,5,5,5
2020-01-21 08:22:38.354000+00:00,Cisco-IOS-XR-wdsysmon-fd-oper:system-monitoring/cpu-utilization,leaf4,,,0/RP0/CPU0,8,8,11
2020-01-21 08:22:38.709000+00:00,Cisco-IOS-XR-wdsysmon-fd-oper:system-monitoring/cpu-utilization,leaf4,,,0/0/CPU0,5,5,5
2020-01-21 08:22:44.817000+00:00,Cisco-IOS-XR-wdsysmon-fd-oper:system-monitoring/cpu-utilization,leaf4,,,0/RP0/CPU0,8,8,11
2020-01-21 08:22:45.173000+00:00,Cisco-IOS-XR-wdsysmon-fd-oper:system-monitoring/cpu-utilization,leaf4,,,0/0/CPU0,5,5,5
2020-01-21 08:22:48.358000+00:00,Cisco-IOS-XR-wdsysmon-fd-oper:system-monitoring/cpu-utilization,leaf4,,,0/RP0/CPU0,8,8,11
2020-01-21 08:22:48.713000+00:00,Cisco-IOS-XR-wdsysmon-fd-oper:system-monitoring/cpu-utilization,leaf4,,,0/0/CPU0,5,5,5
2020-01-21 08:22:54.746000+00:00,Cisco-IOS-XR-wdsysmon-fd-oper:system-monitoring/cpu-utilization,leaf4,,,0/RP0/CPU0,8,8,5
2020-01-21 08:22:55.101000+00:00,Cisco-IOS-XR-wdsysmon-fd-oper:system-monitoring/cpu-utilization,leaf4,,,0/0/CPU0,5,5,5
2020-01-21 08:22:58.359000+00:00,Cisco-IOS-XR-wdsysmon-fd-oper:system-monitoring/cpu-utilization,leaf4,,,0/RP0/CPU0,8,8,5
2020-01-21 08:22:58.714000+00:00,Cisco-IOS-XR-wdsysmon-fd-oper:system-monitoring/cpu-utilization,leaf4,,,0/0/CPU0,5,5,5
2020-01-21 08:23:04.743000+00:00,Cisco-IOS-XR-wdsysmon-fd-oper:system-monitoring/cpu-utilization,leaf4,,,0/RP0/CPU0,8,8,5
2020-01-21 08:23:05.098000+00:00,Cisco-IOS-XR-wdsysmon-fd-oper:system-monitoring/cpu-utilization,leaf4,,,0/0/CPU0,5,5,5
2020-01-21 08:23:08.358000+00:00,Cisco-IOS-XR-wdsysmon-fd-oper:system-monitoring/cpu-utilization,leaf4,,,0/RP0/CPU0,8,8,5
2020-01-21 08:23:08.713000+00:00,Cisco-IOS-XR-wdsysmon-fd-oper:system-monitoring/cpu-utilization,leaf4,,,0/0/CPU0,5,5,5
2020-01-21 08:23:14.868000+00:00,Cisco-IOS-XR-wdsysmon-fd-oper:system-monitoring/cpu-utilization,leaf4,,,0/RP0/CPU0,8,8,5
2020-01-21 08:23:15.223000+00:00,Cisco-IOS-XR-wdsysmon-fd-oper:system-monitoring/cpu-utilization,leaf4,,,0/0/CPU0,5,5,5
2020-01-21 08:23:18.357000+00:00,Cisco-IOS-XR-wdsysmon-fd-oper:system-monitoring/cpu-utilization,leaf4,,,0/RP0/CPU0,8,8,5
2020-01-21 08:23:18.712000+00:00,Cisco-IOS-XR-wdsysmon-fd-oper:system-monitoring/cpu-utilization,leaf4,,,0/0/CPU0,5,5,5
2020-01-21 08:23:24.767000+00:00,Cisco-IOS-XR-wdsysmon-fd-oper:system-monitoring/cpu-utilization,leaf4,,,0/RP0/CPU0,8,8,5
2020-01-21 08:23:25.123000+00:00,Cisco-IOS-XR-wdsysmon-fd-oper:system-monitoring/cpu-utilization,leaf4,,,0/0/CPU0,5,5,5
2020-01-21 08:23:28.364000+00:00,Cisco-IOS-XR-wdsysmon-fd-oper:system-monitoring/cpu-utilization,leaf4,,,0/RP0/CPU0,8,8,5
2020-01-21 08:23:28.718000+00:00,Cisco-IOS-XR-wdsysmon-fd-oper:system-monitoring/cpu-utilization,leaf4,,,0/0/CPU0,5,5,5
2020-01-21 08:23:34.782000+00:00,Cisco-IOS-XR-wdsysmon-fd-oper:system-monitoring/cpu-utilization,leaf4,,,0/RP0/CPU0,8,8,5
2020-01-21 08:23:35.899000+00:00,Cisco-IOS-XR-wdsysmon-fd-oper:system-monitoring/cpu-utilization,leaf4,,,0/0/CPU0,5,5,5
2020-01-21 08:23:38.357000+00:00,Cisco-IOS-XR-wdsysmon-fd-oper:system-monitoring/cpu-utilization,leaf4,,,0/RP0/CPU0,8,8,5
2020-01-21 08:23:38.712000+00:00,Cisco-IOS-XR-wdsysmon-fd-oper:system-monitoring/cpu-utilization,leaf4,,,0/0/CPU0,5,5,5
2020-01-21 08:23:44.770000+00:00,Cisco-IOS-XR-wdsysmon-fd-oper:system-monitoring/cpu-utilization,leaf4,,,0/RP0/CPU0,8,8,5
2020-01-21 08:23:45.125000+00:00,Cisco-IOS-XR-wdsysmon-fd-oper:system-monitoring/cpu-utilization,leaf4,,,0/0/CPU0,5,5,5
2020-01-21 08:23:48.361000+00:00,Cisco-IOS-XR-wdsysmon-fd-oper:system-monitoring/cpu-utilization,leaf4,,,0/RP0/CPU0,8,8,5
2020-01-21 08:23:48.712000+00:00,Cisco-IOS-XR-wdsysmon-fd-oper:system-monitoring/cpu-utilization,leaf4,,,0/0/CPU0,5,5,5
2020-01-21 08:23:54.767000+00:00,Cisco-IOS-XR-wdsysmon-fd-oper:system-monitoring/cpu-utilization,leaf4,,,0/RP0/CPU0,8,8,6
2020-01-21 08:23:55.121000+00:00,Cisco-IOS-XR-wdsysmon-fd-oper:system-monitoring/cpu-utilization,leaf4,,,0/0/CPU0,5,5,5
2020-01-21 08:23:58.357000+00:00,Cisco-IOS-XR-wdsysmon-fd-oper:system-monitoring/cpu-utilization,leaf4,,,0/RP0/CPU0,8,8,6
2020-01-21 08:23:58.708000+00:00,Cisco-IOS-XR-wdsysmon-fd-oper:system-monitoring/cpu-utilization,leaf4,,,0/0/CPU0,5,5,5
2020-01-21 08:24:04.766000+00:00,Cisco-IOS-XR-wdsysmon-fd-oper:system-monitoring/cpu-utilization,leaf4,,,0/RP0/CPU0,8,8,6
2020-01-21 08:24:05.123000+00:00,Cisco-IOS-XR-wdsysmon-fd-oper:system-monitoring/cpu-utilization,leaf4,,,0/0/CPU0,5,5,5
2020-01-21 08:24:08.358000+00:00,Cisco-IOS-XR-wdsysmon-fd-oper:system-monitoring/cpu-utilization,leaf4,,,0/RP0/CPU0,8,8,6
2020-01-21 08:24:08.710000+00:00,Cisco-IOS-XR-wdsysmon-fd-oper:system-monitoring/cpu-utilization,leaf4,,,0/0/CPU0,5,5,5
2020-01-21 08:24:14.847000+00:00,Cisco-IOS-XR-wdsysmon-fd-oper:system-monitoring/cpu-utilization,leaf4,,,0/RP0/CPU0,8,8,6
2020-01-21 08:24:15.198000+00:00,Cisco-IOS-XR-wdsysmon-fd-oper:system-monitoring/cpu-utilization,leaf4,,,0/0/CPU0,5,5,5
2020-01-21 08:24:18.358000+00:00,Cisco-IOS-XR-wdsysmon-fd-oper:system-monitoring/cpu-utilization,leaf4,,,0/RP0/CPU0,8,8,6
2020-01-21 08:24:18.710000+00:00,Cisco-IOS-XR-wdsysmon-fd-oper:system-monitoring/cpu-utilization,leaf4,,,0/0/CPU0,5,5,5
2020-01-21 08:24:24.740000+00:00,Cisco-IOS-XR-wdsysmon-fd-oper:system-monitoring/cpu-utilization,leaf4,,,0/RP0/CPU0,8,8,6
2020-01-21 08:24:25.111000+00:00,Cisco-IOS-XR-wdsysmon-fd-oper:system-monitoring/cpu-utilization,leaf4,,,0/0/CPU0,5,5,5
2020-01-21 08:24:28.357000+00:00,Cisco-IOS-XR-wdsysmon-fd-oper:system-monitoring/cpu-utilization,leaf4,,,0/RP0/CPU0,8,8,6
2020-01-21 08:24:28.711000+00:00,Cisco-IOS-XR-wdsysmon-fd-oper:system-monitoring/cpu-utilization,leaf4,,,0/0/CPU0,5,5,5
2020-01-21 08:24:34.811000+00:00,Cisco-IOS-XR-wdsysmon-fd-oper:system-monitoring/cpu-utilization,leaf4,,,0/RP0/CPU0,8,8,6
2020-01-21 08:24:35.185000+00:00,Cisco-IOS-XR-wdsysmon-fd-oper:system-monitoring/cpu-utilization,leaf4,,,0/0/CPU0,5,5,5
2020-01-21 08:24:38.358000+00:00,Cisco-IOS-XR-wdsysmon-fd-oper:system-monitoring/cpu-utilization,leaf4,,,0/RP0/CPU0,8,8,6
2020-01-21 08:24:38.712000+00:00,Cisco-IOS-XR-wdsysmon-fd-oper:system-monitoring/cpu-utilization,leaf4,,,0/0/CPU0,5,5,5
2020-01-21 08:24:44.816000+00:00,Cisco-IOS-XR-wdsysmon-fd-oper:system-monitoring/cpu-utilization,leaf4,,,0/RP0/CPU0,8,8,6
2020-01-21 08:24:45.191000+00:00,Cisco-IOS-XR-wdsysmon-fd-oper:system-monitoring/cpu-utilization,leaf4,,,0/0/CPU0,5,5,5
2020-01-21 08:24:48.358000+00:00,Cisco-IOS-XR-wdsysmon-fd-oper:system-monitoring/cpu-utilization,leaf4,,,0/RP0/CPU0,8,8,6
2020-01-21 08:24:48.713000+00:00,Cisco-IOS-XR-wdsysmon-fd-oper:system-monitoring/cpu-utilization,leaf4,,,0/0/CPU0,5,5,5
2020-01-21 08:24:54.800000+00:00,Cisco-IOS-XR-wdsysmon-fd-oper:system-monitoring/cpu-utilization,leaf4,,,0/RP0/CPU0,8,8,7
2020-01-21 08:24:55.175000+00:00,Cisco-IOS-XR-wdsysmon-fd-oper:system-monitoring/cpu-utilization,leaf4,,,0/0/CPU0,5,5,5
2020-01-21 08:24:58.360000+00:00,Cisco-IOS-XR-wdsysmon-fd-oper:system-monitoring/cpu-utilization,leaf4,,,0/RP0/CPU0,8,8,7
2020-01-21 08:24:58.714000+00:00,Cisco-IOS-XR-wdsysmon-fd-oper:system-monitoring/cpu-utilization,leaf4,,,0/0/CPU0,5,5,5
2020-01-21 08:25:04.911000+00:00,Cisco-IOS-XR-wdsysmon-fd-oper:system-monitoring/cpu-utilization,leaf4,,,0/RP0/CPU0,8,8,7
2020-01-21 08:25:05.295000+00:00,Cisco-IOS-XR-wdsysmon-fd-oper:system-monitoring/cpu-utilization,leaf4,,,0/0/CPU0,5,5,5
2020-01-21 08:25:08.356000+00:00,Cisco-IOS-XR-wdsysmon-fd-oper:system-monitoring/cpu-utilization,leaf4,,,0/RP0/CPU0,8,8,7
2020-01-21 08:25:08.710000+00:00,Cisco-IOS-XR-wdsysmon-fd-oper:system-monitoring/cpu-utilization,leaf4,,,0/0/CPU0,5,5,5
2020-01-21 08:25:14.826000+00:00,Cisco-IOS-XR-wdsysmon-fd-oper:system-monitoring/cpu-utilization,leaf4,,,0/RP0/CPU0,8,8,7
2020-01-21 08:25:15.197000+00:00,Cisco-IOS-XR-wdsysmon-fd-oper:system-monitoring/cpu-utilization,leaf4,,,0/0/CPU0,5,5,5
2020-01-21 08:25:18.357000+00:00,Cisco-IOS-XR-wdsysmon-fd-oper:system-monitoring/cpu-utilization,leaf4,,,0/RP0/CPU0,8,8,7
2020-01-21 08:25:18.711000+00:00,Cisco-IOS-XR-wdsysmon-fd-oper:system-monitoring/cpu-utilization,leaf4,,,0/0/CPU0,5,5,5
2020-01-21 08:25:24.806000+00:00,Cisco-IOS-XR-wdsysmon-fd-oper:system-monitoring/cpu-utilization,leaf4,,,0/RP0/CPU0,8,8,7
2020-01-21 08:25:25.177000+00:00,Cisco-IOS-XR-wdsysmon-fd-oper:system-monitoring/cpu-utilization,leaf4,,,0/0/CPU0,5,5,5
2020-01-21 08:25:28.356000+00:00,Cisco-IOS-XR-wdsysmon-fd-oper:system-monitoring/cpu-utilization,leaf4,,,0/RP0/CPU0,8,8,7
2020-01-21 08:25:28.712000+00:00,Cisco-IOS-XR-wdsysmon-fd-oper:system-monitoring/cpu-utilization,leaf4,,,0/0/CPU0,5,5,5
2020-01-21 08:25:34.806000+00:00,Cisco-IOS-XR-wdsysmon-fd-oper:system-monitoring/cpu-utilization,leaf4,,,0/RP0/CPU0,8,8,7
2020-01-21 08:25:35.158000+00:00,Cisco-IOS-XR-wdsysmon-fd-oper:system-monitoring/cpu-utilization,leaf4,,,0/0/CPU0,5,5,5
2020-01-21 08:25:38.358000+00:00,Cisco-IOS-XR-wdsysmon-fd-oper:system-monitoring/cpu-utilization,leaf4,,,0/RP0/CPU0,8,8,7
2020-01-21 08:25:38.710000+00:00,Cisco-IOS-XR-wdsysmon-fd-oper:system-monitoring/cpu-utilization,leaf4,,,0/0/CPU0,5,5,5
2020-01-21 08:25:44.786000+00:00,Cisco-IOS-XR-wdsysmon-fd-oper:system-monitoring/cpu-utilization,leaf4,,,0/RP0/CPU0,8,8,7
2020-01-21 08:25:45.139000+00:00,Cisco-IOS-XR-wdsysmon-fd-oper:system-monitoring/cpu-utilization,leaf4,,,0/0/CPU0,5,5,5
2020-01-21 08:25:48.359000+00:00,Cisco-IOS-XR-wdsysmon-fd-oper:system-monitoring/cpu-utilization,leaf4,,,0/RP0/CPU0,8,8,7
2020-01-21 08:25:48.712000+00:00,Cisco-IOS-XR-wdsysmon-fd-oper:system-monitoring/cpu-utilization,leaf4,,,0/0/CPU0,5,5,5
2020-01-21 08:25:54.725000+00:00,Cisco-IOS-XR-wdsysmon-fd-oper:system-monitoring/cpu-utilization,leaf4,,,0/RP0/CPU0,9,8,15
2020-01-21 08:25:55.082000+00:00,Cisco-IOS-XR-wdsysmon-fd-oper:system-monitoring/cpu-utilization,leaf4,,,0/0/CPU0,5,5,5
2020-01-21 08:25:58.360000+00:00,Cisco-IOS-XR-wdsysmon-fd-oper:system-monitoring/cpu-utilization,leaf4,,,0/RP0/CPU0,9,8,15
2020-01-21 08:25:58.713000+00:00,Cisco-IOS-XR-wdsysmon-fd-oper:system-monitoring/cpu-utilization,leaf4,,,0/0/CPU0,5,5,5
2020-01-21 08:26:04.832000+00:00,Cisco-IOS-XR-wdsysmon-fd-oper:system-monitoring/cpu-utilization,leaf4,,,0/RP0/CPU0,9,8,15
2020-01-21 08:26:05.184000+00:00,Cisco-IOS-XR-wdsysmon-fd-oper:system-monitoring/cpu-utilization,leaf4,,,0/0/CPU0,5,5,5
2020-01-21 08:26:08.359000+00:00,Cisco-IOS-XR-wdsysmon-fd-oper:system-monitoring/cpu-utilization,leaf4,,,0/RP0/CPU0,9,8,15
2020-01-21 08:26:08.712000+00:00,Cisco-IOS-XR-wdsysmon-fd-oper:system-monitoring/cpu-utilization,leaf4,,,0/0/CPU0,5,5,5
2020-01-21 08:26:14.812000+00:00,Cisco-IOS-XR-wdsysmon-fd-oper:system-monitoring/cpu-utilization,leaf4,,,0/RP0/CPU0,9,8,15
2020-01-21 08:26:15.164000+00:00,Cisco-IOS-XR-wdsysmon-fd-oper:system-monitoring/cpu-utilization,leaf4,,,0/0/CPU0,5,5,5
2020-01-21 08:26:18.360000+00:00,Cisco-IOS-XR-wdsysmon-fd-oper:system-monitoring/cpu-utilization,leaf4,,,0/RP0/CPU0,9,8,15
2020-01-21 08:26:18.714000+00:00,Cisco-IOS-XR-wdsysmon-fd-oper:system-monitoring/cpu-utilization,leaf4,,,0/0/CPU0,5,5,5
2020-01-21 08:26:24.802000+00:00,Cisco-IOS-XR-wdsysmon-fd-oper:system-monitoring/cpu-utilization,leaf4,,,0/RP0/CPU0,9,8,15
2020-01-21 08:26:25.156000+00:00,Cisco-IOS-XR-wdsysmon-fd-oper:system-monitoring/cpu-utilization,leaf4,,,0/0/CPU0,5,5,5
2020-01-21 08:26:28.362000+00:00,Cisco-IOS-XR-wdsysmon-fd-oper:system-monitoring/cpu-utilization,leaf4,,,0/RP0/CPU0,9,8,15
2020-01-21 08:26:28.716000+00:00,Cisco-IOS-XR-wdsysmon-fd-oper:system-monitoring/cpu-utilization,leaf4,,,0/0/CPU0,5,5,5
2020-01-21 08:26:34.731000+00:00,Cisco-IOS-XR-wdsysmon-fd-oper:system-monitoring/cpu-utilization,leaf4,,,0/RP0/CPU0,9,8,15
2020-01-21 08:26:35.086000+00:00,Cisco-IOS-XR-wdsysmon-fd-oper:system-monitoring/cpu-utilization,leaf4,,,0/0/CPU0,5,5,5
2020-01-21 08:26:38.365000+00:00,Cisco-IOS-XR-wdsysmon-fd-oper:system-monitoring/cpu-utilization,leaf4,,,0/RP0/CPU0,9,8,15
2020-01-21 08:26:39.286000+00:00,Cisco-IOS-XR-wdsysmon-fd-oper:system-monitoring/cpu-utilization,leaf4,,,0/0/CPU0,5,5,5
2020-01-21 08:26:44.804000+00:00,Cisco-IOS-XR-wdsysmon-fd-oper:system-monitoring/cpu-utilization,leaf4,,,0/RP0/CPU0,9,8,15
2020-01-21 08:26:45.172000+00:00,Cisco-IOS-XR-wdsysmon-fd-oper:system-monitoring/cpu-utilization,leaf4,,,0/0/CPU0,5,5,5
2020-01-21 08:26:48.363000+00:00,Cisco-IOS-XR-wdsysmon-fd-oper:system-monitoring/cpu-utilization,leaf4,,,0/RP0/CPU0,9,8,15
2020-01-21 08:26:48.716000+00:00,Cisco-IOS-XR-wdsysmon-fd-oper:system-monitoring/cpu-utilization,leaf4,,,0/0/CPU0,5,5,5
2020-01-21 08:26:54.855000+00:00,Cisco-IOS-XR-wdsysmon-fd-oper:system-monitoring/cpu-utilization,leaf4,,,0/RP0/CPU0,8,7,6
2020-01-21 08:26:55.210000+00:00,Cisco-IOS-XR-wdsysmon-fd-oper:system-monitoring/cpu-utilization,leaf4,,,0/0/CPU0,5,5,5
2020-01-21 08:26:58.362000+00:00,Cisco-IOS-XR-wdsysmon-fd-oper:system-monitoring/cpu-utilization,leaf4,,,0/RP0/CPU0,8,7,6
2020-01-21 08:26:58.717000+00:00,Cisco-IOS-XR-wdsysmon-fd-oper:system-monitoring/cpu-utilization,leaf4,,,0/0/CPU0,5,5,5
2020-01-21 08:27:04.789000+00:00,Cisco-IOS-XR-wdsysmon-fd-oper:system-monitoring/cpu-utilization,leaf4,,,0/RP0/CPU0,8,7,6
2020-01-21 08:27:05.145000+00:00,Cisco-IOS-XR-wdsysmon-fd-oper:system-monitoring/cpu-utilization,leaf4,,,0/0/CPU0,5,5,5
2020-01-21 08:27:08.363000+00:00,Cisco-IOS-XR-wdsysmon-fd-oper:system-monitoring/cpu-utilization,leaf4,,,0/RP0/CPU0,8,7,6
2020-01-21 08:27:08.718000+00:00,Cisco-IOS-XR-wdsysmon-fd-oper:system-monitoring/cpu-utilization,leaf4,,,0/0/CPU0,5,5,5
2020-01-21 08:27:14.791000+00:00,Cisco-IOS-XR-wdsysmon-fd-oper:system-monitoring/cpu-utilization,leaf4,,,0/RP0/CPU0,8,7,6
2020-01-21 08:27:15.147000+00:00,Cisco-IOS-XR-wdsysmon-fd-oper:system-monitoring/cpu-utilization,leaf4,,,0/0/CPU0,5,5,5
2020-01-21 08:27:18.362000+00:00,Cisco-IOS-XR-wdsysmon-fd-oper:system-monitoring/cpu-utilization,leaf4,,,0/RP0/CPU0,8,7,6
2020-01-21 08:27:18.716000+00:00,Cisco-IOS-XR-wdsysmon-fd-oper:system-monitoring/cpu-utilization,leaf4,,,0/0/CPU0,5,5,5
2020-01-21 08:27:24.798000+00:00,Cisco-IOS-XR-wdsysmon-fd-oper:system-monitoring/cpu-utilization,leaf4,,,0/RP0/CPU0,8,7,6
2020-01-21 08:27:25.150000+00:00,Cisco-IOS-XR-wdsysmon-fd-oper:system-monitoring/cpu-utilization,leaf4,,,0/0/CPU0,5,5,5
2020-01-21 08:27:28.365000+00:00,Cisco-IOS-XR-wdsysmon-fd-oper:system-monitoring/cpu-utilization,leaf4,,,0/RP0/CPU0,8,7,6
2020-01-21 08:27:28.717000+00:00,Cisco-IOS-XR-wdsysmon-fd-oper:system-monitoring/cpu-utilization,leaf4,,,0/0/CPU0,5,5,5
2020-01-21 08:27:34.810000+00:00,Cisco-IOS-XR-wdsysmon-fd-oper:system-monitoring/cpu-utilization,leaf4,,,0/RP0/CPU0,8,7,6
2020-01-21 08:27:35.161000+00:00,Cisco-IOS-XR-wdsysmon-fd-oper:system-monitoring/cpu-utilization,leaf4,,,0/0/CPU0,5,5,5
2020-01-21 08:27:38.360000+00:00,Cisco-IOS-XR-wdsysmon-fd-oper:system-monitoring/cpu-utilization,leaf4,,,0/RP0/CPU0,8,7,6
2020-01-21 08:27:38.715000+00:00,Cisco-IOS-XR-wdsysmon-fd-oper:system-monitoring/cpu-utilization,leaf4,,,0/0/CPU0,5,5,5
2020-01-21 08:27:44.823000+00:00,Cisco-IOS-XR-wdsysmon-fd-oper:system-monitoring/cpu-utilization,leaf4,,,0/RP0/CPU0,8,7,6
2020-01-21 08:27:45.197000+00:00,Cisco-IOS-XR-wdsysmon-fd-oper:system-monitoring/cpu-utilization,leaf4,,,0/0/CPU0,5,5,5
2020-01-21 08:27:48.366000+00:00,Cisco-IOS-XR-wdsysmon-fd-oper:system-monitoring/cpu-utilization,leaf4,,,0/RP0/CPU0,8,7,6
2020-01-21 08:27:48.721000+00:00,Cisco-IOS-XR-wdsysmon-fd-oper:system-monitoring/cpu-utilization,leaf4,,,0/0/CPU0,5,5,5
2020-01-21 08:27:54.845000+00:00,Cisco-IOS-XR-wdsysmon-fd-oper:system-monitoring/cpu-utilization,leaf4,,,0/RP0/CPU0,9,10,17
2020-01-21 08:27:55.224000+00:00,Cisco-IOS-XR-wdsysmon-fd-oper:system-monitoring/cpu-utilization,leaf4,,,0/0/CPU0,5,5,5
2020-01-21 08:27:58.364000+00:00,Cisco-IOS-XR-wdsysmon-fd-oper:system-monitoring/cpu-utilization,leaf4,,,0/RP0/CPU0,9,10,17
2020-01-21 08:27:58.719000+00:00,Cisco-IOS-XR-wdsysmon-fd-oper:system-monitoring/cpu-utilization,leaf4,,,0/0/CPU0,5,5,5
2020-01-21 08:28:04.758000+00:00,Cisco-IOS-XR-wdsysmon-fd-oper:system-monitoring/cpu-utilization,leaf4,,,0/RP0/CPU0,9,10,17
2020-01-21 08:28:05.136000+00:00,Cisco-IOS-XR-wdsysmon-fd-oper:system-monitoring/cpu-utilization,leaf4,,,0/0/CPU0,5,5,5
2020-01-21 08:28:08.362000+00:00,Cisco-IOS-XR-wdsysmon-fd-oper:system-monitoring/cpu-utilization,leaf4,,,0/RP0/CPU0,9,10,17
2020-01-21 08:28:08.717000+00:00,Cisco-IOS-XR-wdsysmon-fd-oper:system-monitoring/cpu-utilization,leaf4,,,0/0/CPU0,5,5,5
2020-01-21 08:28:14.824000+00:00,Cisco-IOS-XR-wdsysmon-fd-oper:system-monitoring/cpu-utilization,leaf4,,,0/RP0/CPU0,9,10,17
2020-01-21 08:28:15.176000+00:00,Cisco-IOS-XR-wdsysmon-fd-oper:system-monitoring/cpu-utilization,leaf4,,,0/0/CPU0,5,5,5
2020-01-21 08:28:18.366000+00:00,Cisco-IOS-XR-wdsysmon-fd-oper:system-monitoring/cpu-utilization,leaf4,,,0/RP0/CPU0,9,10,17
2020-01-21 08:28:18.720000+00:00,Cisco-IOS-XR-wdsysmon-fd-oper:system-monitoring/cpu-utilization,leaf4,,,0/0/CPU0,5,5,5
2020-01-21 08:28:24.876000+00:00,Cisco-IOS-XR-wdsysmon-fd-oper:system-monitoring/cpu-utilization,leaf4,,,0/RP0/CPU0,9,10,17
2020-01-21 08:28:25.261000+00:00,Cisco-IOS-XR-wdsysmon-fd-oper:system-monitoring/cpu-utilization,leaf4,,,0/0/CPU0,5,5,5
2020-01-21 08:28:28.375000+00:00,Cisco-IOS-XR-wdsysmon-fd-oper:system-monitoring/cpu-utilization,leaf4,,,0/RP0/CPU0,9,10,17
2020-01-21 08:28:28.730000+00:00,Cisco-IOS-XR-wdsysmon-fd-oper:system-monitoring/cpu-utilization,leaf4,,,0/0/CPU0,5,5,5
2020-01-21 08:28:34.759000+00:00,Cisco-IOS-XR-wdsysmon-fd-oper:system-monitoring/cpu-utilization,leaf4,,,0/RP0/CPU0,9,10,17
2020-01-21 08:28:35.111000+00:00,Cisco-IOS-XR-wdsysmon-fd-oper:system-monitoring/cpu-utilization,leaf4,,,0/0/CPU0,5,5,5
2020-01-21 08:28:38.367000+00:00,Cisco-IOS-XR-wdsysmon-fd-oper:system-monitoring/cpu-utilization,leaf4,,,0/RP0/CPU0,9,10,17
2020-01-21 08:28:38.722000+00:00,Cisco-IOS-XR-wdsysmon-fd-oper:system-monitoring/cpu-utilization,leaf4,,,0/0/CPU0,5,5,5
2020-01-21 08:28:44.798000+00:00,Cisco-IOS-XR-wdsysmon-fd-oper:system-monitoring/cpu-utilization,leaf4,,,0/RP0/CPU0,9,10,17
2020-01-21 08:28:45.153000+00:00,Cisco-IOS-XR-wdsysmon-fd-oper:system-monitoring/cpu-utilization,leaf4,,,0/0/CPU0,5,5,5
2020-01-21 08:28:48.366000+00:00,Cisco-IOS-XR-wdsysmon-fd-oper:system-monitoring/cpu-utilization,leaf4,,,0/RP0/CPU0,9,10,17
2020-01-21 08:28:48.722000+00:00,Cisco-IOS-XR-wdsysmon-fd-oper:system-monitoring/cpu-utilization,leaf4,,,0/0/CPU0,5,5,5
2020-01-21 08:28:54.829000+00:00,Cisco-IOS-XR-wdsysmon-fd-oper:system-monitoring/cpu-utilization,leaf4,,,0/RP0/CPU0,9,10,6
2020-01-21 08:28:55.184000+00:00,Cisco-IOS-XR-wdsysmon-fd-oper:system-monitoring/cpu-utilization,leaf4,,,0/0/CPU0,5,5,5
2020-01-21 08:28:58.369000+00:00,Cisco-IOS-XR-wdsysmon-fd-oper:system-monitoring/cpu-utilization,leaf4,,,0/RP0/CPU0,9,10,6
2020-01-21 08:28:58.724000+00:00,Cisco-IOS-XR-wdsysmon-fd-oper:system-monitoring/cpu-utilization,leaf4,,,0/0/CPU0,5,5,5
2020-01-21 08:29:04.765000+00:00,Cisco-IOS-XR-wdsysmon-fd-oper:system-monitoring/cpu-utilization,leaf4,,,0/RP0/CPU0,9,10,6
2020-01-21 08:29:05.123000+00:00,Cisco-IOS-XR-wdsysmon-fd-oper:system-monitoring/cpu-utilization,leaf4,,,0/0/CPU0,5,5,5
2020-01-21 08:29:08.364000+00:00,Cisco-IOS-XR-wdsysmon-fd-oper:system-monitoring/cpu-utilization,leaf4,,,0/RP0/CPU0,9,10,6
2020-01-21 08:29:08.719000+00:00,Cisco-IOS-XR-wdsysmon-fd-oper:system-monitoring/cpu-utilization,leaf4,,,0/0/CPU0,5,5,5
2020-01-21 08:29:14.778000+00:00,Cisco-IOS-XR-wdsysmon-fd-oper:system-monitoring/cpu-utilization,leaf4,,,0/RP0/CPU0,9,10,6
2020-01-21 08:29:15.135000+00:00,Cisco-IOS-XR-wdsysmon-fd-oper:system-monitoring/cpu-utilization,leaf4,,,0/0/CPU0,5,5,5
2020-01-21 08:29:18.367000+00:00,Cisco-IOS-XR-wdsysmon-fd-oper:system-monitoring/cpu-utilization,leaf4,,,0/RP0/CPU0,9,10,6
2020-01-21 08:29:18.722000+00:00,Cisco-IOS-XR-wdsysmon-fd-oper:system-monitoring/cpu-utilization,leaf4,,,0/0/CPU0,5,5,5
2020-01-21 08:29:24.768000+00:00,Cisco-IOS-XR-wdsysmon-fd-oper:system-monitoring/cpu-utilization,leaf4,,,0/RP0/CPU0,9,10,6
2020-01-21 08:29:25.125000+00:00,Cisco-IOS-XR-wdsysmon-fd-oper:system-monitoring/cpu-utilization,leaf4,,,0/0/CPU0,5,5,5
2020-01-21 08:29:28.366000+00:00,Cisco-IOS-XR-wdsysmon-fd-oper:system-monitoring/cpu-utilization,leaf4,,,0/RP0/CPU0,9,10,6
2020-01-21 08:29:28.720000+00:00,Cisco-IOS-XR-wdsysmon-fd-oper:system-monitoring/cpu-utilization,leaf4,,,0/0/CPU0,5,5,5
2020-01-21 08:29:34.734000+00:00,Cisco-IOS-XR-wdsysmon-fd-oper:system-monitoring/cpu-utilization,leaf4,,,0/RP0/CPU0,9,10,6
2020-01-21 08:29:35.091000+00:00,Cisco-IOS-XR-wdsysmon-fd-oper:system-monitoring/cpu-utilization,leaf4,,,0/0/CPU0,5,5,5
2020-01-21 08:29:38.366000+00:00,Cisco-IOS-XR-wdsysmon-fd-oper:system-monitoring/cpu-utilization,leaf4,,,0/RP0/CPU0,9,10,6
2020-01-21 08:29:38.721000+00:00,Cisco-IOS-XR-wdsysmon-fd-oper:system-monitoring/cpu-utilization,leaf4,,,0/0/CPU0,5,5,5
2020-01-21 08:29:44.855000+00:00,Cisco-IOS-XR-wdsysmon-fd-oper:system-monitoring/cpu-utilization,leaf4,,,0/RP0/CPU0,9,10,6
2020-01-21 08:29:45.210000+00:00,Cisco-IOS-XR-wdsysmon-fd-oper:system-monitoring/cpu-utilization,leaf4,,,0/0/CPU0,5,5,5
2020-01-21 08:29:48.365000+00:00,Cisco-IOS-XR-wdsysmon-fd-oper:system-monitoring/cpu-utilization,leaf4,,,0/RP0/CPU0,9,10,6
2020-01-21 08:29:48.717000+00:00,Cisco-IOS-XR-wdsysmon-fd-oper:system-monitoring/cpu-utilization,leaf4,,,0/0/CPU0,5,5,5
2020-01-21 08:29:54.791000+00:00,Cisco-IOS-XR-wdsysmon-fd-oper:system-monitoring/cpu-utilization,leaf4,,,0/RP0/CPU0,8,10,6
2020-01-21 08:29:55.167000+00:00,Cisco-IOS-XR-wdsysmon-fd-oper:system-monitoring/cpu-utilization,leaf4,,,0/0/CPU0,5,5,5
2020-01-21 08:29:58.367000+00:00,Cisco-IOS-XR-wdsysmon-fd-oper:system-monitoring/cpu-utilization,leaf4,,,0/RP0/CPU0,8,10,6
2020-01-21 08:29:58.720000+00:00,Cisco-IOS-XR-wdsysmon-fd-oper:system-monitoring/cpu-utilization,leaf4,,,0/0/CPU0,5,5,5
2020-01-21 08:30:04.790000+00:00,Cisco-IOS-XR-wdsysmon-fd-oper:system-monitoring/cpu-utilization,leaf4,,,0/RP0/CPU0,8,10,6
2020-01-21 08:30:05.170000+00:00,Cisco-IOS-XR-wdsysmon-fd-oper:system-monitoring/cpu-utilization,leaf4,,,0/0/CPU0,5,5,5
2020-01-21 08:30:08.367000+00:00,Cisco-IOS-XR-wdsysmon-fd-oper:system-monitoring/cpu-utilization,leaf4,,,0/RP0/CPU0,8,10,6
2020-01-21 08:30:08.721000+00:00,Cisco-IOS-XR-wdsysmon-fd-oper:system-monitoring/cpu-utilization,leaf4,,,0/0/CPU0,5,5,5
2020-01-21 08:30:14.865000+00:00,Cisco-IOS-XR-wdsysmon-fd-oper:system-monitoring/cpu-utilization,leaf4,,,0/RP0/CPU0,8,10,6
2020-01-21 08:30:15.220000+00:00,Cisco-IOS-XR-wdsysmon-fd-oper:system-monitoring/cpu-utilization,leaf4,,,0/0/CPU0,5,5,5
2020-01-21 08:30:18.366000+00:00,Cisco-IOS-XR-wdsysmon-fd-oper:system-monitoring/cpu-utilization,leaf4,,,0/RP0/CPU0,8,10,6
2020-01-21 08:30:18.720000+00:00,Cisco-IOS-XR-wdsysmon-fd-oper:system-monitoring/cpu-utilization,leaf4,,,0/0/CPU0,5,5,5
2020-01-21 08:30:24.777000+00:00,Cisco-IOS-XR-wdsysmon-fd-oper:system-monitoring/cpu-utilization,leaf4,,,0/RP0/CPU0,8,10,6
2020-01-21 08:30:25.128000+00:00,Cisco-IOS-XR-wdsysmon-fd-oper:system-monitoring/cpu-utilization,leaf4,,,0/0/CPU0,5,5,5
2020-01-21 08:30:28.366000+00:00,Cisco-IOS-XR-wdsysmon-fd-oper:system-monitoring/cpu-utilization,leaf4,,,0/RP0/CPU0,8,10,6
2020-01-21 08:30:28.717000+00:00,Cisco-IOS-XR-wdsysmon-fd-oper:system-monitoring/cpu-utilization,leaf4,,,0/0/CPU0,5,5,5
2020-01-21 08:30:34.790000+00:00,Cisco-IOS-XR-wdsysmon-fd-oper:system-monitoring/cpu-utilization,leaf4,,,0/RP0/CPU0,8,10,6
2020-01-21 08:30:35.141000+00:00,Cisco-IOS-XR-wdsysmon-fd-oper:system-monitoring/cpu-utilization,leaf4,,,0/0/CPU0,5,5,5
2020-01-21 08:30:38.366000+00:00,Cisco-IOS-XR-wdsysmon-fd-oper:system-monitoring/cpu-utilization,leaf4,,,0/RP0/CPU0,8,10,6
2020-01-21 08:30:38.718000+00:00,Cisco-IOS-XR-wdsysmon-fd-oper:system-monitoring/cpu-utilization,leaf4,,,0/0/CPU0,5,5,5
2020-01-21 08:30:44.825000+00:00,Cisco-IOS-XR-wdsysmon-fd-oper:system-monitoring/cpu-utilization,leaf4,,,0/RP0/CPU0,8,10,6
2020-01-21 08:30:45.180000+00:00,Cisco-IOS-XR-wdsysmon-fd-oper:system-monitoring/cpu-utilization,leaf4,,,0/0/CPU0,5,5,5
2020-01-21 08:30:48.367000+00:00,Cisco-IOS-XR-wdsysmon-fd-oper:system-monitoring/cpu-utilization,leaf4,,,0/RP0/CPU0,8,10,6
2020-01-21 08:30:48.719000+00:00,Cisco-IOS-XR-wdsysmon-fd-oper:system-monitoring/cpu-utilization,leaf4,,,0/0/CPU0,5,5,5
2020-01-21 08:30:55.231000+00:00,Cisco-IOS-XR-wdsysmon-fd-oper:system-monitoring/cpu-utilization,leaf4,,,0/RP0/CPU0,9,10,17
2020-01-21 08:30:55.584000+00:00,Cisco-IOS-XR-wdsysmon-fd-oper:system-monitoring/cpu-utilization,leaf4,,,0/0/CPU0,5,5,5
2020-01-21 08:30:58.366000+00:00,Cisco-IOS-XR-wdsysmon-fd-oper:system-monitoring/cpu-utilization,leaf4,,,0/RP0/CPU0,9,10,17
2020-01-21 08:30:58.718000+00:00,Cisco-IOS-XR-wdsysmon-fd-oper:system-monitoring/cpu-utilization,leaf4,,,0/0/CPU0,5,5,5
2020-01-21 08:31:04.778000+00:00,Cisco-IOS-XR-wdsysmon-fd-oper:system-monitoring/cpu-utilization,leaf4,,,0/RP0/CPU0,9,10,17
2020-01-21 08:31:05.130000+00:00,Cisco-IOS-XR-wdsysmon-fd-oper:system-monitoring/cpu-utilization,leaf4,,,0/0/CPU0,5,5,5
2020-01-21 08:31:08.372000+00:00,Cisco-IOS-XR-wdsysmon-fd-oper:system-monitoring/cpu-utilization,leaf4,,,0/RP0/CPU0,9,10,17
2020-01-21 08:31:08.724000+00:00,Cisco-IOS-XR-wdsysmon-fd-oper:system-monitoring/cpu-utilization,leaf4,,,0/0/CPU0,5,5,5
2020-01-21 08:31:14.842000+00:00,Cisco-IOS-XR-wdsysmon-fd-oper:system-monitoring/cpu-utilization,leaf4,,,0/RP0/CPU0,9,10,17
2020-01-21 08:31:15.207000+00:00,Cisco-IOS-XR-wdsysmon-fd-oper:system-monitoring/cpu-utilization,leaf4,,,0/0/CPU0,5,5,5
2020-01-21 08:31:18.369000+00:00,Cisco-IOS-XR-wdsysmon-fd-oper:system-monitoring/cpu-utilization,leaf4,,,0/RP0/CPU0,9,10,17
2020-01-21 08:31:18.724000+00:00,Cisco-IOS-XR-wdsysmon-fd-oper:system-monitoring/cpu-utilization,leaf4,,,0/0/CPU0,5,5,5
2020-01-21 08:31:24.758000+00:00,Cisco-IOS-XR-wdsysmon-fd-oper:system-monitoring/cpu-utilization,leaf4,,,0/RP0/CPU0,9,10,17
2020-01-21 08:31:25.132000+00:00,Cisco-IOS-XR-wdsysmon-fd-oper:system-monitoring/cpu-utilization,leaf4,,,0/0/CPU0,5,5,5
2020-01-21 08:31:28.377000+00:00,Cisco-IOS-XR-wdsysmon-fd-oper:system-monitoring/cpu-utilization,leaf4,,,0/RP0/CPU0,9,10,17
2020-01-21 08:31:28.732000+00:00,Cisco-IOS-XR-wdsysmon-fd-oper:system-monitoring/cpu-utilization,leaf4,,,0/0/CPU0,5,5,5
2020-01-21 08:31:34.805000+00:00,Cisco-IOS-XR-wdsysmon-fd-oper:system-monitoring/cpu-utilization,leaf4,,,0/RP0/CPU0,9,10,17
2020-01-21 08:31:35.158000+00:00,Cisco-IOS-XR-wdsysmon-fd-oper:system-monitoring/cpu-utilization,leaf4,,,0/0/CPU0,5,5,5
2020-01-21 08:31:38.368000+00:00,Cisco-IOS-XR-wdsysmon-fd-oper:system-monitoring/cpu-utilization,leaf4,,,0/RP0/CPU0,9,10,17
2020-01-21 08:31:38.720000+00:00,Cisco-IOS-XR-wdsysmon-fd-oper:system-monitoring/cpu-utilization,leaf4,,,0/0/CPU0,5,5,5
2020-01-21 08:31:44.799000+00:00,Cisco-IOS-XR-wdsysmon-fd-oper:system-monitoring/cpu-utilization,leaf4,,,0/RP0/CPU0,9,10,17
2020-01-21 08:31:45.185000+00:00,Cisco-IOS-XR-wdsysmon-fd-oper:system-monitoring/cpu-utilization,leaf4,,,0/0/CPU0,5,5,5
2020-01-21 08:31:48.369000+00:00,Cisco-IOS-XR-wdsysmon-fd-oper:system-monitoring/cpu-utilization,leaf4,,,0/RP0/CPU0,9,10,17
2020-01-21 08:31:48.724000+00:00,Cisco-IOS-XR-wdsysmon-fd-oper:system-monitoring/cpu-utilization,leaf4,,,0/0/CPU0,5,5,5
2020-01-21 08:31:54.767000+00:00,Cisco-IOS-XR-wdsysmon-fd-oper:system-monitoring/cpu-utilization,leaf4,,,0/RP0/CPU0,9,10,17
2020-01-21 08:31:55.126000+00:00,Cisco-IOS-XR-wdsysmon-fd-oper:system-monitoring/cpu-utilization,leaf4,,,0/0/CPU0,5,5,5
2020-01-21 08:31:58.370000+00:00,Cisco-IOS-XR-wdsysmon-fd-oper:system-monitoring/cpu-utilization,leaf4,,,0/RP0/CPU0,8,10,5
2020-01-21 08:31:58.726000+00:00,Cisco-IOS-XR-wdsysmon-fd-oper:system-monitoring/cpu-utilization,leaf4,,,0/0/CPU0,5,5,5
2020-01-21 08:32:04.885000+00:00,Cisco-IOS-XR-wdsysmon-fd-oper:system-monitoring/cpu-utilization,leaf4,,,0/RP0/CPU0,8,10,5
2020-01-21 08:32:05.241000+00:00,Cisco-IOS-XR-wdsysmon-fd-oper:system-monitoring/cpu-utilization,leaf4,,,0/0/CPU0,5,5,5
2020-01-21 08:32:08.368000+00:00,Cisco-IOS-XR-wdsysmon-fd-oper:system-monitoring/cpu-utilization,leaf4,,,0/RP0/CPU0,8,10,5
2020-01-21 08:32:08.723000+00:00,Cisco-IOS-XR-wdsysmon-fd-oper:system-monitoring/cpu-utilization,leaf4,,,0/0/CPU0,5,5,5
2020-01-21 08:32:14.754000+00:00,Cisco-IOS-XR-wdsysmon-fd-oper:system-monitoring/cpu-utilization,leaf4,,,0/RP0/CPU0,8,10,5
2020-01-21 08:32:15.111000+00:00,Cisco-IOS-XR-wdsysmon-fd-oper:system-monitoring/cpu-utilization,leaf4,,,0/0/CPU0,5,5,5
2020-01-21 08:32:18.371000+00:00,Cisco-IOS-XR-wdsysmon-fd-oper:system-monitoring/cpu-utilization,leaf4,,,0/RP0/CPU0,8,10,5
2020-01-21 08:32:18.726000+00:00,Cisco-IOS-XR-wdsysmon-fd-oper:system-monitoring/cpu-utilization,leaf4,,,0/0/CPU0,5,5,5
2020-01-21 08:32:24.770000+00:00,Cisco-IOS-XR-wdsysmon-fd-oper:system-monitoring/cpu-utilization,leaf4,,,0/RP0/CPU0,8,10,5
2020-01-21 08:32:25.126000+00:00,Cisco-IOS-XR-wdsysmon-fd-oper:system-monitoring/cpu-utilization,leaf4,,,0/0/CPU0,5,5,5
2020-01-21 08:32:28.370000+00:00,Cisco-IOS-XR-wdsysmon-fd-oper:system-monitoring/cpu-utilization,leaf4,,,0/RP0/CPU0,8,10,5
2020-01-21 08:32:28.725000+00:00,Cisco-IOS-XR-wdsysmon-fd-oper:system-monitoring/cpu-utilization,leaf4,,,0/0/CPU0,5,5,5
2020-01-21 08:32:34.754000+00:00,Cisco-IOS-XR-wdsysmon-fd-oper:system-monitoring/cpu-utilization,leaf4,,,0/RP0/CPU0,8,10,5
2020-01-21 08:32:35.109000+00:00,Cisco-IOS-XR-wdsysmon-fd-oper:system-monitoring/cpu-utilization,leaf4,,,0/0/CPU0,5,5,5
2020-01-21 08:32:38.371000+00:00,Cisco-IOS-XR-wdsysmon-fd-oper:system-monitoring/cpu-utilization,leaf4,,,0/RP0/CPU0,8,10,5
2020-01-21 08:32:38.726000+00:00,Cisco-IOS-XR-wdsysmon-fd-oper:system-monitoring/cpu-utilization,leaf4,,,0/0/CPU0,5,5,5
2020-01-21 08:32:44.777000+00:00,Cisco-IOS-XR-wdsysmon-fd-oper:system-monitoring/cpu-utilization,leaf4,,,0/RP0/CPU0,8,10,5
2020-01-21 08:32:46.008000+00:00,Cisco-IOS-XR-wdsysmon-fd-oper:system-monitoring/cpu-utilization,leaf4,,,0/0/CPU0,5,5,5
2020-01-21 08:32:48.370000+00:00,Cisco-IOS-XR-wdsysmon-fd-oper:system-monitoring/cpu-utilization,leaf4,,,0/RP0/CPU0,8,10,5
2020-01-21 08:32:48.722000+00:00,Cisco-IOS-XR-wdsysmon-fd-oper:system-monitoring/cpu-utilization,leaf4,,,0/0/CPU0,5,5,5
2020-01-21 08:32:54.743000+00:00,Cisco-IOS-XR-wdsysmon-fd-oper:system-monitoring/cpu-utilization,leaf4,,,0/RP0/CPU0,8,10,5
2020-01-21 08:32:55.105000+00:00,Cisco-IOS-XR-wdsysmon-fd-oper:system-monitoring/cpu-utilization,leaf4,,,0/0/CPU0,5,5,5
2020-01-21 08:32:58.371000+00:00,Cisco-IOS-XR-wdsysmon-fd-oper:system-monitoring/cpu-utilization,leaf4,,,0/RP0/CPU0,8,7,5
2020-01-21 08:32:58.723000+00:00,Cisco-IOS-XR-wdsysmon-fd-oper:system-monitoring/cpu-utilization,leaf4,,,0/0/CPU0,5,5,5
2020-01-21 08:33:04.828000+00:00,Cisco-IOS-XR-wdsysmon-fd-oper:system-monitoring/cpu-utilization,leaf4,,,0/RP0/CPU0,8,7,5
2020-01-21 08:33:05.180000+00:00,Cisco-IOS-XR-wdsysmon-fd-oper:system-monitoring/cpu-utilization,leaf4,,,0/0/CPU0,5,5,5
2020-01-21 08:33:08.370000+00:00,Cisco-IOS-XR-wdsysmon-fd-oper:system-monitoring/cpu-utilization,leaf4,,,0/RP0/CPU0,8,7,5
2020-01-21 08:33:08.722000+00:00,Cisco-IOS-XR-wdsysmon-fd-oper:system-monitoring/cpu-utilization,leaf4,,,0/0/CPU0,5,5,5
2020-01-21 08:33:14.806000+00:00,Cisco-IOS-XR-wdsysmon-fd-oper:system-monitoring/cpu-utilization,leaf4,,,0/RP0/CPU0,8,7,5
2020-01-21 08:33:15.163000+00:00,Cisco-IOS-XR-wdsysmon-fd-oper:system-monitoring/cpu-utilization,leaf4,,,0/0/CPU0,5,5,5
2020-01-21 08:33:18.374000+00:00,Cisco-IOS-XR-wdsysmon-fd-oper:system-monitoring/cpu-utilization,leaf4,,,0/RP0/CPU0,8,7,5
2020-01-21 08:33:18.730000+00:00,Cisco-IOS-XR-wdsysmon-fd-oper:system-monitoring/cpu-utilization,leaf4,,,0/0/CPU0,5,5,5
2020-01-21 08:33:24.808000+00:00,Cisco-IOS-XR-wdsysmon-fd-oper:system-monitoring/cpu-utilization,leaf4,,,0/RP0/CPU0,8,7,5
2020-01-21 08:33:25.169000+00:00,Cisco-IOS-XR-wdsysmon-fd-oper:system-monitoring/cpu-utilization,leaf4,,,0/0/CPU0,5,5,5
2020-01-21 08:33:28.371000+00:00,Cisco-IOS-XR-wdsysmon-fd-oper:system-monitoring/cpu-utilization,leaf4,,,0/RP0/CPU0,8,7,5
2020-01-21 08:33:28.722000+00:00,Cisco-IOS-XR-wdsysmon-fd-oper:system-monitoring/cpu-utilization,leaf4,,,0/0/CPU0,5,5,5
2020-01-21 08:33:34.898000+00:00,Cisco-IOS-XR-wdsysmon-fd-oper:system-monitoring/cpu-utilization,leaf4,,,0/RP0/CPU0,8,7,5
2020-01-21 08:33:35.254000+00:00,Cisco-IOS-XR-wdsysmon-fd-oper:system-monitoring/cpu-utilization,leaf4,,,0/0/CPU0,5,5,5
2020-01-21 08:33:38.380000+00:00,Cisco-IOS-XR-wdsysmon-fd-oper:system-monitoring/cpu-utilization,leaf4,,,0/RP0/CPU0,8,7,5
2020-01-21 08:33:38.730000+00:00,Cisco-IOS-XR-wdsysmon-fd-oper:system-monitoring/cpu-utilization,leaf4,,,0/0/CPU0,5,5,5
2020-01-21 08:33:44.791000+00:00,Cisco-IOS-XR-wdsysmon-fd-oper:system-monitoring/cpu-utilization,leaf4,,,0/RP0/CPU0,8,7,5
2020-01-21 08:33:45.144000+00:00,Cisco-IOS-XR-wdsysmon-fd-oper:system-monitoring/cpu-utilization,leaf4,,,0/0/CPU0,5,5,5
2020-01-21 08:33:48.371000+00:00,Cisco-IOS-XR-wdsysmon-fd-oper:system-monitoring/cpu-utilization,leaf4,,,0/RP0/CPU0,8,7,5
2020-01-21 08:33:48.722000+00:00,Cisco-IOS-XR-wdsysmon-fd-oper:system-monitoring/cpu-utilization,leaf4,,,0/0/CPU0,5,5,5
2020-01-21 08:33:54.829000+00:00,Cisco-IOS-XR-wdsysmon-fd-oper:system-monitoring/cpu-utilization,leaf4,,,0/RP0/CPU0,8,7,5
2020-01-21 08:33:55.183000+00:00,Cisco-IOS-XR-wdsysmon-fd-oper:system-monitoring/cpu-utilization,leaf4,,,0/0/CPU0,5,5,5
2020-01-21 08:33:58.375000+00:00,Cisco-IOS-XR-wdsysmon-fd-oper:system-monitoring/cpu-utilization,leaf4,,,0/RP0/CPU0,8,7,5
2020-01-21 08:33:58.725000+00:00,Cisco-IOS-XR-wdsysmon-fd-oper:system-monitoring/cpu-utilization,leaf4,,,0/0/CPU0,5,5,5
2020-01-21 08:34:04.875000+00:00,Cisco-IOS-XR-wdsysmon-fd-oper:system-monitoring/cpu-utilization,leaf4,,,0/RP0/CPU0,8,7,5
2020-01-21 08:34:05.228000+00:00,Cisco-IOS-XR-wdsysmon-fd-oper:system-monitoring/cpu-utilization,leaf4,,,0/0/CPU0,5,5,5
2020-01-21 08:34:08.372000+00:00,Cisco-IOS-XR-wdsysmon-fd-oper:system-monitoring/cpu-utilization,leaf4,,,0/RP0/CPU0,8,7,5
2020-01-21 08:34:08.723000+00:00,Cisco-IOS-XR-wdsysmon-fd-oper:system-monitoring/cpu-utilization,leaf4,,,0/0/CPU0,5,5,5
2020-01-21 08:34:14.804000+00:00,Cisco-IOS-XR-wdsysmon-fd-oper:system-monitoring/cpu-utilization,leaf4,,,0/RP0/CPU0,8,7,5
2020-01-21 08:34:15.154000+00:00,Cisco-IOS-XR-wdsysmon-fd-oper:system-monitoring/cpu-utilization,leaf4,,,0/0/CPU0,5,5,5
2020-01-21 08:34:18.376000+00:00,Cisco-IOS-XR-wdsysmon-fd-oper:system-monitoring/cpu-utilization,leaf4,,,0/RP0/CPU0,8,7,5
2020-01-21 08:34:18.727000+00:00,Cisco-IOS-XR-wdsysmon-fd-oper:system-monitoring/cpu-utilization,leaf4,,,0/0/CPU0,5,5,5
2020-01-21 08:34:24.758000+00:00,Cisco-IOS-XR-wdsysmon-fd-oper:system-monitoring/cpu-utilization,leaf4,,,0/RP0/CPU0,8,7,5
2020-01-21 08:34:25.113000+00:00,Cisco-IOS-XR-wdsysmon-fd-oper:system-monitoring/cpu-utilization,leaf4,,,0/0/CPU0,5,5,5
2020-01-21 08:34:28.371000+00:00,Cisco-IOS-XR-wdsysmon-fd-oper:system-monitoring/cpu-utilization,leaf4,,,0/RP0/CPU0,8,7,5
2020-01-21 08:34:28.724000+00:00,Cisco-IOS-XR-wdsysmon-fd-oper:system-monitoring/cpu-utilization,leaf4,,,0/0/CPU0,5,5,5
2020-01-21 08:34:35.147000+00:00,Cisco-IOS-XR-wdsysmon-fd-oper:system-monitoring/cpu-utilization,leaf4,,,0/RP0/CPU0,8,7,5
2020-01-21 08:34:35.521000+00:00,Cisco-IOS-XR-wdsysmon-fd-oper:system-monitoring/cpu-utilization,leaf4,,,0/0/CPU0,5,5,5
2020-01-21 08:34:38.370000+00:00,Cisco-IOS-XR-wdsysmon-fd-oper:system-monitoring/cpu-utilization,leaf4,,,0/RP0/CPU0,8,7,5
2020-01-21 08:34:38.724000+00:00,Cisco-IOS-XR-wdsysmon-fd-oper:system-monitoring/cpu-utilization,leaf4,,,0/0/CPU0,5,5,5
2020-01-21 08:34:44.808000+00:00,Cisco-IOS-XR-wdsysmon-fd-oper:system-monitoring/cpu-utilization,leaf4,,,0/RP0/CPU0,8,7,5
2020-01-21 08:34:45.164000+00:00,Cisco-IOS-XR-wdsysmon-fd-oper:system-monitoring/cpu-utilization,leaf4,,,0/0/CPU0,5,5,5
2020-01-21 08:34:48.371000+00:00,Cisco-IOS-XR-wdsysmon-fd-oper:system-monitoring/cpu-utilization,leaf4,,,0/RP0/CPU0,8,7,5
2020-01-21 08:34:48.726000+00:00,Cisco-IOS-XR-wdsysmon-fd-oper:system-monitoring/cpu-utilization,leaf4,,,0/0/CPU0,5,5,5
2020-01-21 08:34:54.840000+00:00,Cisco-IOS-XR-wdsysmon-fd-oper:system-monitoring/cpu-utilization,leaf4,,,0/RP0/CPU0,8,7,5
2020-01-21 08:34:55.195000+00:00,Cisco-IOS-XR-wdsysmon-fd-oper:system-monitoring/cpu-utilization,leaf4,,,0/0/CPU0,5,5,5
2020-01-21 08:34:58.372000+00:00,Cisco-IOS-XR-wdsysmon-fd-oper:system-monitoring/cpu-utilization,leaf4,,,0/RP0/CPU0,9,8,12
2020-01-21 08:34:58.724000+00:00,Cisco-IOS-XR-wdsysmon-fd-oper:system-monitoring/cpu-utilization,leaf4,,,0/0/CPU0,5,5,5
2020-01-21 08:35:04.785000+00:00,Cisco-IOS-XR-wdsysmon-fd-oper:system-monitoring/cpu-utilization,leaf4,,,0/RP0/CPU0,9,8,12
2020-01-21 08:35:05.137000+00:00,Cisco-IOS-XR-wdsysmon-fd-oper:system-monitoring/cpu-utilization,leaf4,,,0/0/CPU0,5,5,5
2020-01-21 08:35:08.371000+00:00,Cisco-IOS-XR-wdsysmon-fd-oper:system-monitoring/cpu-utilization,leaf4,,,0/RP0/CPU0,9,8,12
2020-01-21 08:35:08.723000+00:00,Cisco-IOS-XR-wdsysmon-fd-oper:system-monitoring/cpu-utilization,leaf4,,,0/0/CPU0,5,5,5
