,Producer,name,value
2020-01-21 08:19:04.105999872+00:00,leaf4,quick hint,"event_id: 186\n[{'Cisco-IOS-XR-pfi-im-cmd-oper:interfaces/interface-xr/interface[interface-name=HundredGigE0/0/0/14]bytes-received': 3.1456477771046307},\n {'Cisco-IOS-XR-infra-statsd-oper:infra-statistics/interfaces/interface/latest/generic-counters[interface-name=HundredGigE0/0/0/14]bytes-received': 3.1267814838942627},\n {'Cisco-IOS-XR-infra-statsd-oper:infra-statistics/interfaces/interface/latest/interfaces-mib-counters[interface-name=HundredGigE0/0/0/14]bytes-received': 3.087867491964058}]"
2020-01-21 08:21:04.056000+00:00,leaf4,non-traffic related features,"event_id: 186\n[{'node-name=0/RP0/CPU0': {'base': 4,\n                           'cum_score': 4.0,\n                           'encoding-path': 'Cisco-IOS-XR-ipv4-io-oper:ipv4-network/nodes/node/statistics/traffic',\n                           'leafs': {'echo-reply-sent',\n                                     'echo-request-received',\n                                     'output',\n                                     'received'}}}]"
2020-01-21 08:21:04.056000+00:00,leaf4,traffic related features,"event_id: 186\n[{'interface-name=HundredGigE0/0/0/14': {'aux_score': 0.7419883515097273,\n                                         'base': 3,\n                                         'cum_score': 48681180708.375,\n                                         'encoding-path': {'Cisco-IOS-XR-infra-statsd-oper:infra-statistics/interfaces/interface/latest/generic-counters',\n                                                           'Cisco-IOS-XR-infra-statsd-oper:infra-statistics/interfaces/interface/latest/interfaces-mib-counters',\n                                                           'Cisco-IOS-XR-pfi-im-cmd-oper:interfaces/interface-xr/interface'},\n                                         'leafs': {'bytes-received'}}},\n {'interface-name=HundredGigE0/0/0/12': {'aux_score': 0.8419006557543559,\n                                         'base': 3,\n                                         'cum_score': 31193769596.75,\n                                         'encoding-path': {'Cisco-IOS-XR-infra-statsd-oper:infra-statistics/interfaces/interface/latest/generic-counters',\n                                                           'Cisco-IOS-XR-infra-statsd-oper:infra-statistics/interfaces/interface/latest/interfaces-mib-counters',\n                                                           'Cisco-IOS-XR-pfi-im-cmd-oper:interfaces/interface-xr/interface'},\n                                         'leafs': {'bytes-received'}}},\n {'interface-name=HundredGigE0/0/0/15': {'aux_score': 0.735071029985109,\n                                         'base': 3,\n                                         'cum_score': 14516000767.625,\n                                         'encoding-path': {'Cisco-IOS-XR-infra-statsd-oper:infra-statistics/interfaces/interface/latest/generic-counters',\n                                                           'Cisco-IOS-XR-infra-statsd-oper:infra-statistics/interfaces/interface/latest/interfaces-mib-counters',\n                                                           'Cisco-IOS-XR-pfi-im-cmd-oper:interfaces/interface-xr/interface'},\n                                         'leafs': {'bytes-received'}}},\n {'interface-name=HundredGigE0/0/0/13': {'aux_score': 0.12734923267400308,\n                                         'base': 2,\n                                         'cum_score': 1429869543.125,\n                                         'encoding-path': {'Cisco-IOS-XR-infra-statsd-oper:infra-statistics/interfaces/interface/latest/generic-counters',\n                                                           'Cisco-IOS-XR-pfi-im-cmd-oper:interfaces/interface-xr/interface'},\n                                         'leafs': {'bytes-received'}}}]"
2020-01-21 08:21:14.078000128+00:00,leaf4,non-traffic related features,"event_id: 187\n[{'node-name=0/RP0/CPU0': {'base': 4,\n                           'cum_score': 4.0,\n                           'encoding-path': 'Cisco-IOS-XR-ipv4-io-oper:ipv4-network/nodes/node/statistics/traffic',\n                           'leafs': {'echo-reply-sent',\n                                     'echo-request-received',\n                                     'output',\n                                     'received'}}}]"
2020-01-21 08:21:14.078000128+00:00,leaf4,traffic related features,"event_id: 187\n[{'interface-name=HundredGigE0/0/0/14': {'aux_score': 0.7438857442543262,\n                                         'base': 3,\n                                         'cum_score': 49093138010.75,\n                                         'encoding-path': {'Cisco-IOS-XR-infra-statsd-oper:infra-statistics/interfaces/interface/latest/generic-counters',\n                                                           'Cisco-IOS-XR-infra-statsd-oper:infra-statistics/interfaces/interface/latest/interfaces-mib-counters',\n                                                           'Cisco-IOS-XR-pfi-im-cmd-oper:interfaces/interface-xr/interface'},\n                                         'leafs': {'bytes-received'}}},\n {'interface-name=HundredGigE0/0/0/12': {'aux_score': 0.8396927415465957,\n                                         'base': 3,\n                                         'cum_score': 31046158791.25,\n                                         'encoding-path': {'Cisco-IOS-XR-infra-statsd-oper:infra-statistics/interfaces/interface/latest/generic-counters',\n                                                           'Cisco-IOS-XR-infra-statsd-oper:infra-statistics/interfaces/interface/latest/interfaces-mib-counters',\n                                                           'Cisco-IOS-XR-pfi-im-cmd-oper:interfaces/interface-xr/interface'},\n                                         'leafs': {'bytes-received'}}},\n {'interface-name=HundredGigE0/0/0/15': {'aux_score': 0.7362521791276685,\n                                         'base': 3,\n                                         'cum_score': 14600036671.5,\n                                         'encoding-path': {'Cisco-IOS-XR-infra-statsd-oper:infra-statistics/interfaces/interface/latest/generic-counters',\n                                                           'Cisco-IOS-XR-infra-statsd-oper:infra-statistics/interfaces/interface/latest/interfaces-mib-counters',\n                                                           'Cisco-IOS-XR-pfi-im-cmd-oper:interfaces/interface-xr/interface'},\n                                         'leafs': {'bytes-received'}}},\n {'interface-name=HundredGigE0/0/0/13': {'aux_score': 0.12142434718701908,\n                                         'base': 1,\n                                         'cum_score': 685486719.0,\n                                         'encoding-path': {'Cisco-IOS-XR-infra-statsd-oper:infra-statistics/interfaces/interface/latest/generic-counters'},\n                                         'leafs': {'bytes-received'}}}]"
2020-01-21 08:26:44.044000+00:00,leaf4,quick hint,"event_id: 188\n[{'Cisco-IOS-XR-infra-statsd-oper:infra-statistics/interfaces/interface/latest/interfaces-mib-counters[interface-name=HundredGigE0/0/0/13]bytes-received': 0.6445535895612755},\n {'Cisco-IOS-XR-pfi-im-cmd-oper:interfaces/interface-xr/interface[interface-name=HundredGigE0/0/0/13]bytes-received': 0.6203955913212766},\n {'Cisco-IOS-XR-infra-statsd-oper:infra-statistics/interfaces/interface/latest/generic-counters[interface-name=HundredGigE0/0/0/13]bytes-received': 0.6095031225823906}]"
2020-01-21 08:28:44.072000+00:00,leaf4,non-traffic related features,"event_id: 188\n[{'instance-name=default': {'base': 4,\n                            'cum_score': 3.603896103896104,\n                            'encoding-path': 'Cisco-IOS-XR-ipv4-bgp-oper:bgp/instances/instance/instance-active/default-vrf/process-info',\n                            'leafs': {'as-path-entries-memory',\n                                      'as-path-entry-count',\n                                      'path-attribute-memory',\n                                      'path-attributes-entry-count'}}}]"
2020-01-21 08:28:44.072000+00:00,leaf4,traffic related features,"event_id: 188\n[{'interface-name=HundredGigE0/0/0/13': {'aux_score': 0.1507893474351453,\n                                         'base': 3,\n                                         'cum_score': 2606393470.25,\n                                         'encoding-path': {'Cisco-IOS-XR-infra-statsd-oper:infra-statistics/interfaces/interface/latest/generic-counters',\n                                                           'Cisco-IOS-XR-infra-statsd-oper:infra-statistics/interfaces/interface/latest/interfaces-mib-counters',\n                                                           'Cisco-IOS-XR-pfi-im-cmd-oper:interfaces/interface-xr/interface'},\n                                         'leafs': {'bytes-received'}}}]"
2020-01-21 08:28:54.155000064+00:00,leaf4,non-traffic related features,"event_id: 189\n[{'instance-name=default': {'base': 4,\n                            'cum_score': 3.603896103896104,\n                            'encoding-path': 'Cisco-IOS-XR-ipv4-bgp-oper:bgp/instances/instance/instance-active/default-vrf/process-info',\n                            'leafs': {'as-path-entries-memory',\n                                      'as-path-entry-count',\n                                      'path-attribute-memory',\n                                      'path-attributes-entry-count'}}}]"
2020-01-21 08:28:54.155000064+00:00,leaf4,traffic related features,"event_id: 189\n[{'interface-name=HundredGigE0/0/0/13': {'aux_score': 0.12955114912829468,\n                                         'base': 3,\n                                         'cum_score': 2235326756.5,\n                                         'encoding-path': {'Cisco-IOS-XR-infra-statsd-oper:infra-statistics/interfaces/interface/latest/generic-counters',\n                                                           'Cisco-IOS-XR-infra-statsd-oper:infra-statistics/interfaces/interface/latest/interfaces-mib-counters',\n                                                           'Cisco-IOS-XR-pfi-im-cmd-oper:interfaces/interface-xr/interface'},\n                                         'leafs': {'bytes-received'}}}]"
2020-01-21 08:31:54.067000064+00:00,leaf4,quick hint,"event_id: 190\n[{'Cisco-IOS-XR-pfi-im-cmd-oper:interfaces/interface-xr/interface[interface-name=HundredGigE0/0/0/12]bytes-received': 2.4987740266611835},\n {'Cisco-IOS-XR-infra-statsd-oper:infra-statistics/interfaces/interface/latest/interfaces-mib-counters[interface-name=HundredGigE0/0/0/12]bytes-received': 2.4001921808109463},\n {'Cisco-IOS-XR-infra-statsd-oper:infra-statistics/interfaces/interface/latest/generic-counters[interface-name=HundredGigE0/0/0/12]bytes-received': 2.367114337230123}]"
2020-01-21 08:33:54.043000064+00:00,leaf4,non-traffic related features,"event_id: 190\n[{'instance-name=default af-name=ipv4-unicast': {'base': 11,\n                                                 'cum_score': 11.0,\n                                                 'encoding-path': 'Cisco-IOS-XR-ipv4-bgp-oper:bgp/instances/instance/instance-active/default-vrf/afs/af/af-process-info',\n                                                 'leafs': {'freed-path-count',\n                                                           'local-path-memory',\n                                                           'local-paths',\n                                                           'local-paths-freed-num',\n                                                           'local-paths-memory',\n                                                           'local-paths-num',\n                                                           'path-memory',\n                                                           'paths-count',\n                                                           'paths-freed-num',\n                                                           'paths-memory',\n                                                           'paths-num'}}},\n {'instance-name=total-pim-callback-add-local af-name=total-pim-callback-del-local': {'base': 2,\n                                                                                      'cum_score': 2.0,\n                                                                                      'encoding-path': 'Cisco-IOS-XR-ipv4-bgp-oper:bgp/instances/instance/instance-active/default-vrf/afs/af/af-process-info',\n                                                                                      'leafs': {'prefixes-removed-from-rib',\n                                                                                                'rib-tbl-local-label'}}},\n {'num-routes': {'base': 11,\n                 'cum_score': 10.801439750477925,\n                 'encoding-path': 'openconfig-rib-bgp:bgp-rib/afi-safis/afi-safi/ipv4-unicast/neighbors/neighbor',\n                 'key-values': {'neighbor-address=172.31.11.24',\n                                'neighbor-address=172.31.13.24',\n                                'neighbor-address=172.31.13.26',\n                                'neighbor-address=172.31.13.28',\n                                'neighbor-address=172.31.13.30',\n                                'neighbor-address=172.31.24.3'}}},\n {'instance-name=default': {'base': 4,\n                            'cum_score': 3.7082951062292473,\n                            'encoding-path': 'Cisco-IOS-XR-ipv4-bgp-oper:bgp/instances/instance/instance-active/default-vrf/process-info',\n                            'leafs': {'as-path-entry-count',\n                                      'path-attribute-memory',\n                                      'path-attributes-entry-count',\n                                      'path-count'}}}]"
2020-01-21 08:33:54.043000064+00:00,leaf4,traffic related features,"event_id: 190\n[{'interface-name=HundredGigE0/0/0/14': {'aux_score': 0.7190057333116204,\n                                         'base': 3,\n                                         'cum_score': 43753327668.375,\n                                         'encoding-path': {'Cisco-IOS-XR-infra-statsd-oper:infra-statistics/interfaces/interface/latest/generic-counters',\n                                                           'Cisco-IOS-XR-infra-statsd-oper:infra-statistics/interfaces/interface/latest/interfaces-mib-counters',\n                                                           'Cisco-IOS-XR-pfi-im-cmd-oper:interfaces/interface-xr/interface'},\n                                         'leafs': {'bytes-received'}}},\n {'interface-name=HundredGigE0/0/0/12': {'aux_score': 0.8488234150220992,\n                                         'base': 3,\n                                         'cum_score': 31291782998.125,\n                                         'encoding-path': {'Cisco-IOS-XR-infra-statsd-oper:infra-statistics/interfaces/interface/latest/generic-counters',\n                                                           'Cisco-IOS-XR-infra-statsd-oper:infra-statistics/interfaces/interface/latest/interfaces-mib-counters',\n                                                           'Cisco-IOS-XR-pfi-im-cmd-oper:interfaces/interface-xr/interface'},\n                                         'leafs': {'bytes-received'}}},\n {'interface-name=HundredGigE0/0/0/15': {'aux_score': 0.7407311292102131,\n                                         'base': 3,\n                                         'cum_score': 14862535052.375,\n                                         'encoding-path': {'Cisco-IOS-XR-infra-statsd-oper:infra-statistics/interfaces/interface/latest/generic-counters',\n                                                           'Cisco-IOS-XR-infra-statsd-oper:infra-statistics/interfaces/interface/latest/interfaces-mib-counters',\n                                                           'Cisco-IOS-XR-pfi-im-cmd-oper:interfaces/interface-xr/interface'},\n                                         'leafs': {'bytes-received'}}}]"
2020-01-21 08:34:04.136999936+00:00,leaf4,non-traffic related features,"event_id: 191\n[{'instance-name=total-pim-callback-add-local af-name=total-pim-callback-del-local': {'base': 2,\n                                                                                      'cum_score': 2.0,\n                                                                                      'encoding-path': 'Cisco-IOS-XR-ipv4-bgp-oper:bgp/instances/instance/instance-active/default-vrf/afs/af/af-process-info',\n                                                                                      'leafs': {'prefixes-removed-from-rib',\n                                                                                                'rib-tbl-local-label'}}},\n {'num-routes': {'base': 12,\n                 'cum_score': 11.656594818826534,\n                 'encoding-path': 'openconfig-rib-bgp:bgp-rib/afi-safis/afi-safi/ipv4-unicast/neighbors/neighbor',\n                 'key-values': {'neighbor-address=172.31.11.24',\n                                'neighbor-address=172.31.13.24',\n                                'neighbor-address=172.31.13.26',\n                                'neighbor-address=172.31.13.28',\n                                'neighbor-address=172.31.13.30',\n                                'neighbor-address=172.31.24.3'}}},\n {'instance-name=default af-name=ipv4-unicast': {'base': 13,\n                                                 'cum_score': 12.191176470588236,\n                                                 'encoding-path': 'Cisco-IOS-XR-ipv4-bgp-oper:bgp/instances/instance/instance-active/default-vrf/afs/af/af-process-info',\n                                                 'leafs': {'freed-path-count',\n                                                           'local-path-memory',\n                                                           'local-paths',\n                                                           'local-paths-freed-num',\n                                                           'local-paths-memory',\n                                                           'local-paths-num',\n                                                           'multipath-paths-count',\n                                                           'multipath-paths-memory',\n                                                           'path-memory',\n                                                           'paths-count',\n                                                           'paths-freed-num',\n                                                           'paths-memory',\n                                                           'paths-num'}}}]"
2020-01-21 08:34:04.136999936+00:00,leaf4,traffic related features,"event_id: 191\n[{'interface-name=HundredGigE0/0/0/14': {'aux_score': 0.7180329404519012,\n                                         'base': 3,\n                                         'cum_score': 43685912692.375,\n                                         'encoding-path': {'Cisco-IOS-XR-infra-statsd-oper:infra-statistics/interfaces/interface/latest/generic-counters',\n                                                           'Cisco-IOS-XR-infra-statsd-oper:infra-statistics/interfaces/interface/latest/interfaces-mib-counters',\n                                                           'Cisco-IOS-XR-pfi-im-cmd-oper:interfaces/interface-xr/interface'},\n                                         'leafs': {'bytes-received'}}},\n {'interface-name=HundredGigE0/0/0/12': {'aux_score': 0.8483092899266663,\n                                         'base': 3,\n                                         'cum_score': 31450581923.875,\n                                         'encoding-path': {'Cisco-IOS-XR-infra-statsd-oper:infra-statistics/interfaces/interface/latest/generic-counters',\n                                                           'Cisco-IOS-XR-infra-statsd-oper:infra-statistics/interfaces/interface/latest/interfaces-mib-counters',\n                                                           'Cisco-IOS-XR-pfi-im-cmd-oper:interfaces/interface-xr/interface'},\n                                         'leafs': {'bytes-received'}}},\n {'interface-name=HundredGigE0/0/0/15': {'aux_score': 0.7431500545937795,\n                                         'base': 3,\n                                         'cum_score': 14884470337.75,\n                                         'encoding-path': {'Cisco-IOS-XR-infra-statsd-oper:infra-statistics/interfaces/interface/latest/generic-counters',\n                                                           'Cisco-IOS-XR-infra-statsd-oper:infra-statistics/interfaces/interface/latest/interfaces-mib-counters',\n                                                           'Cisco-IOS-XR-pfi-im-cmd-oper:interfaces/interface-xr/interface'},\n                                         'leafs': {'bytes-received'}}}]"
