,Producer,counter-path,group-id
2020-01-21 08:19:04.105999872+00:00,leaf4,Cisco-IOS-XR-infra-statsd-oper:infra-statistics/interfaces/interface/latest/generic-counters[interface-name=HundredGigE0/0/0/12]bytes-received,186
2020-01-21 08:19:04.105999872+00:00,leaf4,Cisco-IOS-XR-infra-statsd-oper:infra-statistics/interfaces/interface/latest/generic-counters[interface-name=HundredGigE0/0/0/13]bytes-received,186
2020-01-21 08:19:04.105999872+00:00,leaf4,Cisco-IOS-XR-infra-statsd-oper:infra-statistics/interfaces/interface/latest/generic-counters[interface-name=HundredGigE0/0/0/14]bytes-received,186
2020-01-21 08:19:04.105999872+00:00,leaf4,Cisco-IOS-XR-infra-statsd-oper:infra-statistics/interfaces/interface/latest/generic-counters[interface-name=HundredGigE0/0/0/15]bytes-received,186
2020-01-21 08:19:04.105999872+00:00,leaf4,Cisco-IOS-XR-infra-statsd-oper:infra-statistics/interfaces/interface/latest/interfaces-mib-counters[interface-name=HundredGigE0/0/0/12]bytes-received,186
2020-01-21 08:19:04.105999872+00:00,leaf4,Cisco-IOS-XR-infra-statsd-oper:infra-statistics/interfaces/interface/latest/interfaces-mib-counters[interface-name=HundredGigE0/0/0/14]bytes-received,186
2020-01-21 08:19:04.105999872+00:00,leaf4,Cisco-IOS-XR-infra-statsd-oper:infra-statistics/interfaces/interface/latest/interfaces-mib-counters[interface-name=HundredGigE0/0/0/15]bytes-received,186
2020-01-21 08:19:04.105999872+00:00,leaf4,Cisco-IOS-XR-ipv4-io-oper:ipv4-network/nodes/node/statistics/traffic[node-name=0/RP0/CPU0]echo-reply-sent,186
2020-01-21 08:19:04.105999872+00:00,leaf4,Cisco-IOS-XR-ipv4-io-oper:ipv4-network/nodes/node/statistics/traffic[node-name=0/RP0/CPU0]echo-request-received,186
2020-01-21 08:19:04.105999872+00:00,leaf4,Cisco-IOS-XR-ipv4-io-oper:ipv4-network/nodes/node/statistics/traffic[node-name=0/RP0/CPU0]output,186
2020-01-21 08:19:04.105999872+00:00,leaf4,Cisco-IOS-XR-ipv4-io-oper:ipv4-network/nodes/node/statistics/traffic[node-name=0/RP0/CPU0]received,186
2020-01-21 08:19:04.105999872+00:00,leaf4,Cisco-IOS-XR-pfi-im-cmd-oper:interfaces/interface-xr/interface[interface-name=HundredGigE0/0/0/12]bytes-received,186
2020-01-21 08:19:04.105999872+00:00,leaf4,Cisco-IOS-XR-pfi-im-cmd-oper:interfaces/interface-xr/interface[interface-name=HundredGigE0/0/0/13]bytes-received,186
2020-01-21 08:19:04.105999872+00:00,leaf4,Cisco-IOS-XR-pfi-im-cmd-oper:interfaces/interface-xr/interface[interface-name=HundredGigE0/0/0/14]bytes-received,186
2020-01-21 08:19:04.105999872+00:00,leaf4,Cisco-IOS-XR-pfi-im-cmd-oper:interfaces/interface-xr/interface[interface-name=HundredGigE0/0/0/15]bytes-received,186
2020-01-21 08:19:04.105999872+00:00,leaf4,Cisco-IOS-XR-wadjet-oper:detection/detector1,186
2020-01-21 08:19:14.015000064+00:00,leaf4,Cisco-IOS-XR-infra-statsd-oper:infra-statistics/interfaces/interface/latest/generic-counters[interface-name=HundredGigE0/0/0/12]bytes-received,187
2020-01-21 08:19:14.015000064+00:00,leaf4,Cisco-IOS-XR-infra-statsd-oper:infra-statistics/interfaces/interface/latest/generic-counters[interface-name=HundredGigE0/0/0/13]bytes-received,187
2020-01-21 08:19:14.015000064+00:00,leaf4,Cisco-IOS-XR-infra-statsd-oper:infra-statistics/interfaces/interface/latest/generic-counters[interface-name=HundredGigE0/0/0/14]bytes-received,187
2020-01-21 08:19:14.015000064+00:00,leaf4,Cisco-IOS-XR-infra-statsd-oper:infra-statistics/interfaces/interface/latest/generic-counters[interface-name=HundredGigE0/0/0/15]bytes-received,187
2020-01-21 08:19:14.015000064+00:00,leaf4,Cisco-IOS-XR-infra-statsd-oper:infra-statistics/interfaces/interface/latest/interfaces-mib-counters[interface-name=HundredGigE0/0/0/12]bytes-received,187
2020-01-21 08:19:14.015000064+00:00,leaf4,Cisco-IOS-XR-infra-statsd-oper:infra-statistics/interfaces/interface/latest/interfaces-mib-counters[interface-name=HundredGigE0/0/0/14]bytes-received,187
2020-01-21 08:19:14.015000064+00:00,leaf4,Cisco-IOS-XR-infra-statsd-oper:infra-statistics/interfaces/interface/latest/interfaces-mib-counters[interface-name=HundredGigE0/0/0/15]bytes-received,187
2020-01-21 08:19:14.015000064+00:00,leaf4,Cisco-IOS-XR-ipv4-io-oper:ipv4-network/nodes/node/statistics/traffic[node-name=0/RP0/CPU0]echo-reply-sent,187
2020-01-21 08:19:14.015000064+00:00,leaf4,Cisco-IOS-XR-ipv4-io-oper:ipv4-network/nodes/node/statistics/traffic[node-name=0/RP0/CPU0]echo-request-received,187
2020-01-21 08:19:14.015000064+00:00,leaf4,Cisco-IOS-XR-ipv4-io-oper:ipv4-network/nodes/node/statistics/traffic[node-name=0/RP0/CPU0]output,187
2020-01-21 08:19:14.015000064+00:00,leaf4,Cisco-IOS-XR-ipv4-io-oper:ipv4-network/nodes/node/statistics/traffic[node-name=0/RP0/CPU0]received,187
2020-01-21 08:19:14.015000064+00:00,leaf4,Cisco-IOS-XR-pfi-im-cmd-oper:interfaces/interface-xr/interface[interface-name=HundredGigE0/0/0/12]bytes-received,187
2020-01-21 08:19:14.015000064+00:00,leaf4,Cisco-IOS-XR-pfi-im-cmd-oper:interfaces/interface-xr/interface[interface-name=HundredGigE0/0/0/14]bytes-received,187
2020-01-21 08:19:14.015000064+00:00,leaf4,Cisco-IOS-XR-pfi-im-cmd-oper:interfaces/interface-xr/interface[interface-name=HundredGigE0/0/0/15]bytes-received,187
2020-01-21 08:19:14.055000064+00:00,leaf4,Cisco-IOS-XR-wadjet-oper:detection/detector2,187
2020-01-21 08:26:44.044000+00:00,leaf4,Cisco-IOS-XR-infra-statsd-oper:infra-statistics/interfaces/interface/latest/generic-counters[interface-name=HundredGigE0/0/0/13]bytes-received,188
2020-01-21 08:26:44.044000+00:00,leaf4,Cisco-IOS-XR-infra-statsd-oper:infra-statistics/interfaces/interface/latest/interfaces-mib-counters[interface-name=HundredGigE0/0/0/13]bytes-received,188
2020-01-21 08:26:44.044000+00:00,leaf4,Cisco-IOS-XR-ipv4-bgp-oper:bgp/instances/instance/instance-active/default-vrf/process-info[instance-name=default]as-path-entries-memory,188
2020-01-21 08:26:44.044000+00:00,leaf4,Cisco-IOS-XR-ipv4-bgp-oper:bgp/instances/instance/instance-active/default-vrf/process-info[instance-name=default]as-path-entry-count,188
2020-01-21 08:26:44.044000+00:00,leaf4,Cisco-IOS-XR-ipv4-bgp-oper:bgp/instances/instance/instance-active/default-vrf/process-info[instance-name=default]path-attribute-memory,188
2020-01-21 08:26:44.044000+00:00,leaf4,Cisco-IOS-XR-ipv4-bgp-oper:bgp/instances/instance/instance-active/default-vrf/process-info[instance-name=default]path-attributes-entry-count,188
2020-01-21 08:26:44.044000+00:00,leaf4,Cisco-IOS-XR-pfi-im-cmd-oper:interfaces/interface-xr/interface[interface-name=HundredGigE0/0/0/13]bytes-received,188
2020-01-21 08:26:44.044000+00:00,leaf4,Cisco-IOS-XR-wadjet-oper:detection/detector1,188
2020-01-21 08:26:54.020999936+00:00,leaf4,Cisco-IOS-XR-infra-statsd-oper:infra-statistics/interfaces/interface/latest/generic-counters[interface-name=HundredGigE0/0/0/13]bytes-received,189
2020-01-21 08:26:54.020999936+00:00,leaf4,Cisco-IOS-XR-infra-statsd-oper:infra-statistics/interfaces/interface/latest/interfaces-mib-counters[interface-name=HundredGigE0/0/0/13]bytes-received,189
2020-01-21 08:26:54.020999936+00:00,leaf4,Cisco-IOS-XR-ipv4-bgp-oper:bgp/instances/instance/instance-active/default-vrf/process-info[instance-name=default]as-path-entries-memory,189
2020-01-21 08:26:54.020999936+00:00,leaf4,Cisco-IOS-XR-ipv4-bgp-oper:bgp/instances/instance/instance-active/default-vrf/process-info[instance-name=default]as-path-entry-count,189
2020-01-21 08:26:54.020999936+00:00,leaf4,Cisco-IOS-XR-ipv4-bgp-oper:bgp/instances/instance/instance-active/default-vrf/process-info[instance-name=default]path-attribute-memory,189
2020-01-21 08:26:54.020999936+00:00,leaf4,Cisco-IOS-XR-ipv4-bgp-oper:bgp/instances/instance/instance-active/default-vrf/process-info[instance-name=default]path-attributes-entry-count,189
2020-01-21 08:26:54.020999936+00:00,leaf4,Cisco-IOS-XR-pfi-im-cmd-oper:interfaces/interface-xr/interface[interface-name=HundredGigE0/0/0/13]bytes-received,189
2020-01-21 08:26:54.060999936+00:00,leaf4,Cisco-IOS-XR-wadjet-oper:detection/detector2,189
2020-01-21 08:31:54.067000064+00:00,leaf4,Cisco-IOS-XR-infra-statsd-oper:infra-statistics/interfaces/interface/latest/generic-counters[interface-name=HundredGigE0/0/0/12]bytes-received,190
2020-01-21 08:31:54.067000064+00:00,leaf4,Cisco-IOS-XR-infra-statsd-oper:infra-statistics/interfaces/interface/latest/generic-counters[interface-name=HundredGigE0/0/0/14]bytes-received,190
2020-01-21 08:31:54.067000064+00:00,leaf4,Cisco-IOS-XR-infra-statsd-oper:infra-statistics/interfaces/interface/latest/generic-counters[interface-name=HundredGigE0/0/0/15]bytes-received,190
2020-01-21 08:31:54.067000064+00:00,leaf4,Cisco-IOS-XR-infra-statsd-oper:infra-statistics/interfaces/interface/latest/interfaces-mib-counters[interface-name=HundredGigE0/0/0/12]bytes-received,190
2020-01-21 08:31:54.067000064+00:00,leaf4,Cisco-IOS-XR-infra-statsd-oper:infra-statistics/interfaces/interface/latest/interfaces-mib-counters[interface-name=HundredGigE0/0/0/14]bytes-received,190
2020-01-21 08:31:54.067000064+00:00,leaf4,Cisco-IOS-XR-infra-statsd-oper:infra-statistics/interfaces/interface/latest/interfaces-mib-counters[interface-name=HundredGigE0/0/0/15]bytes-received,190
2020-01-21 08:31:54.067000064+00:00,leaf4,Cisco-IOS-XR-ipv4-bgp-oper:bgp/instances/instance/instance-active/default-vrf/afs/af/af-process-info[instance-name=default af-name=ipv4-unicast]freed-path-count,190
2020-01-21 08:31:54.067000064+00:00,leaf4,Cisco-IOS-XR-ipv4-bgp-oper:bgp/instances/instance/instance-active/default-vrf/afs/af/af-process-info[instance-name=default af-name=ipv4-unicast]local-path-memory,190
2020-01-21 08:31:54.067000064+00:00,leaf4,Cisco-IOS-XR-ipv4-bgp-oper:bgp/instances/instance/instance-active/default-vrf/afs/af/af-process-info[instance-name=default af-name=ipv4-unicast]local-paths,190
2020-01-21 08:31:54.067000064+00:00,leaf4,Cisco-IOS-XR-ipv4-bgp-oper:bgp/instances/instance/instance-active/default-vrf/afs/af/af-process-info[instance-name=default af-name=ipv4-unicast]local-paths-freed-num,190
2020-01-21 08:31:54.067000064+00:00,leaf4,Cisco-IOS-XR-ipv4-bgp-oper:bgp/instances/instance/instance-active/default-vrf/afs/af/af-process-info[instance-name=default af-name=ipv4-unicast]local-paths-memory,190
2020-01-21 08:31:54.067000064+00:00,leaf4,Cisco-IOS-XR-ipv4-bgp-oper:bgp/instances/instance/instance-active/default-vrf/afs/af/af-process-info[instance-name=default af-name=ipv4-unicast]local-paths-num,190
2020-01-21 08:31:54.067000064+00:00,leaf4,Cisco-IOS-XR-ipv4-bgp-oper:bgp/instances/instance/instance-active/default-vrf/afs/af/af-process-info[instance-name=default af-name=ipv4-unicast]path-memory,190
2020-01-21 08:31:54.067000064+00:00,leaf4,Cisco-IOS-XR-ipv4-bgp-oper:bgp/instances/instance/instance-active/default-vrf/afs/af/af-process-info[instance-name=default af-name=ipv4-unicast]paths-count,190
2020-01-21 08:31:54.067000064+00:00,leaf4,Cisco-IOS-XR-ipv4-bgp-oper:bgp/instances/instance/instance-active/default-vrf/afs/af/af-process-info[instance-name=default af-name=ipv4-unicast]paths-freed-num,190
2020-01-21 08:31:54.067000064+00:00,leaf4,Cisco-IOS-XR-ipv4-bgp-oper:bgp/instances/instance/instance-active/default-vrf/afs/af/af-process-info[instance-name=default af-name=ipv4-unicast]paths-memory,190
2020-01-21 08:31:54.067000064+00:00,leaf4,Cisco-IOS-XR-ipv4-bgp-oper:bgp/instances/instance/instance-active/default-vrf/afs/af/af-process-info[instance-name=default af-name=ipv4-unicast]paths-num,190
2020-01-21 08:31:54.067000064+00:00,leaf4,Cisco-IOS-XR-ipv4-bgp-oper:bgp/instances/instance/instance-active/default-vrf/afs/af/af-process-info[instance-name=total-pim-callback-add-local af-name=total-pim-callback-del-local]prefixes-removed-from-rib,190
2020-01-21 08:31:54.067000064+00:00,leaf4,Cisco-IOS-XR-ipv4-bgp-oper:bgp/instances/instance/instance-active/default-vrf/afs/af/af-process-info[instance-name=total-pim-callback-add-local af-name=total-pim-callback-del-local]rib-tbl-local-label,190
2020-01-21 08:31:54.067000064+00:00,leaf4,Cisco-IOS-XR-ipv4-bgp-oper:bgp/instances/instance/instance-active/default-vrf/process-info[instance-name=default]as-path-entry-count,190
2020-01-21 08:31:54.067000064+00:00,leaf4,Cisco-IOS-XR-ipv4-bgp-oper:bgp/instances/instance/instance-active/default-vrf/process-info[instance-name=default]path-attribute-memory,190
2020-01-21 08:31:54.067000064+00:00,leaf4,Cisco-IOS-XR-ipv4-bgp-oper:bgp/instances/instance/instance-active/default-vrf/process-info[instance-name=default]path-attributes-entry-count,190
2020-01-21 08:31:54.067000064+00:00,leaf4,Cisco-IOS-XR-ipv4-bgp-oper:bgp/instances/instance/instance-active/default-vrf/process-info[instance-name=default]path-count,190
2020-01-21 08:31:54.067000064+00:00,leaf4,Cisco-IOS-XR-pfi-im-cmd-oper:interfaces/interface-xr/interface[interface-name=HundredGigE0/0/0/12]bytes-received,190
2020-01-21 08:31:54.067000064+00:00,leaf4,Cisco-IOS-XR-pfi-im-cmd-oper:interfaces/interface-xr/interface[interface-name=HundredGigE0/0/0/14]bytes-received,190
2020-01-21 08:31:54.067000064+00:00,leaf4,Cisco-IOS-XR-pfi-im-cmd-oper:interfaces/interface-xr/interface[interface-name=HundredGigE0/0/0/15]bytes-received,190
2020-01-21 08:31:54.067000064+00:00,leaf4,Cisco-IOS-XR-wadjet-oper:detection/detector1,190
2020-01-21 08:31:54.067000064+00:00,leaf4,openconfig-rib-bgp:bgp-rib/afi-safis/afi-safi/ipv4-unicast/neighbors/neighbor[neighbor-address=172.31.11.24]num-routes,190
2020-01-21 08:31:54.067000064+00:00,leaf4,openconfig-rib-bgp:bgp-rib/afi-safis/afi-safi/ipv4-unicast/neighbors/neighbor[neighbor-address=172.31.13.24]num-routes,190
2020-01-21 08:31:54.067000064+00:00,leaf4,openconfig-rib-bgp:bgp-rib/afi-safis/afi-safi/ipv4-unicast/neighbors/neighbor[neighbor-address=172.31.13.26]num-routes,190
2020-01-21 08:31:54.067000064+00:00,leaf4,openconfig-rib-bgp:bgp-rib/afi-safis/afi-safi/ipv4-unicast/neighbors/neighbor[neighbor-address=172.31.13.28]num-routes,190
2020-01-21 08:31:54.067000064+00:00,leaf4,openconfig-rib-bgp:bgp-rib/afi-safis/afi-safi/ipv4-unicast/neighbors/neighbor[neighbor-address=172.31.13.30]num-routes,190
2020-01-21 08:31:54.067000064+00:00,leaf4,openconfig-rib-bgp:bgp-rib/afi-safis/afi-safi/ipv4-unicast/neighbors/neighbor[neighbor-address=172.31.24.3]num-routes,190
2020-01-21 08:32:14.032999936+00:00,leaf4,Cisco-IOS-XR-infra-statsd-oper:infra-statistics/interfaces/interface/latest/generic-counters[interface-name=HundredGigE0/0/0/12]bytes-received,191
2020-01-21 08:32:14.032999936+00:00,leaf4,Cisco-IOS-XR-infra-statsd-oper:infra-statistics/interfaces/interface/latest/generic-counters[interface-name=HundredGigE0/0/0/14]bytes-received,191
2020-01-21 08:32:14.032999936+00:00,leaf4,Cisco-IOS-XR-infra-statsd-oper:infra-statistics/interfaces/interface/latest/generic-counters[interface-name=HundredGigE0/0/0/15]bytes-received,191
2020-01-21 08:32:14.032999936+00:00,leaf4,Cisco-IOS-XR-infra-statsd-oper:infra-statistics/interfaces/interface/latest/interfaces-mib-counters[interface-name=HundredGigE0/0/0/12]bytes-received,191
2020-01-21 08:32:14.032999936+00:00,leaf4,Cisco-IOS-XR-infra-statsd-oper:infra-statistics/interfaces/interface/latest/interfaces-mib-counters[interface-name=HundredGigE0/0/0/14]bytes-received,191
2020-01-21 08:32:14.032999936+00:00,leaf4,Cisco-IOS-XR-infra-statsd-oper:infra-statistics/interfaces/interface/latest/interfaces-mib-counters[interface-name=HundredGigE0/0/0/15]bytes-received,191
2020-01-21 08:32:14.032999936+00:00,leaf4,Cisco-IOS-XR-ipv4-bgp-oper:bgp/instances/instance/instance-active/default-vrf/afs/af/af-process-info[instance-name=default af-name=ipv4-unicast]freed-path-count,191
2020-01-21 08:32:14.032999936+00:00,leaf4,Cisco-IOS-XR-ipv4-bgp-oper:bgp/instances/instance/instance-active/default-vrf/afs/af/af-process-info[instance-name=default af-name=ipv4-unicast]local-path-memory,191
2020-01-21 08:32:14.032999936+00:00,leaf4,Cisco-IOS-XR-ipv4-bgp-oper:bgp/instances/instance/instance-active/default-vrf/afs/af/af-process-info[instance-name=default af-name=ipv4-unicast]local-paths,191
2020-01-21 08:32:14.032999936+00:00,leaf4,Cisco-IOS-XR-ipv4-bgp-oper:bgp/instances/instance/instance-active/default-vrf/afs/af/af-process-info[instance-name=default af-name=ipv4-unicast]local-paths-freed-num,191
2020-01-21 08:32:14.032999936+00:00,leaf4,Cisco-IOS-XR-ipv4-bgp-oper:bgp/instances/instance/instance-active/default-vrf/afs/af/af-process-info[instance-name=default af-name=ipv4-unicast]local-paths-memory,191
2020-01-21 08:32:14.032999936+00:00,leaf4,Cisco-IOS-XR-ipv4-bgp-oper:bgp/instances/instance/instance-active/default-vrf/afs/af/af-process-info[instance-name=default af-name=ipv4-unicast]local-paths-num,191
2020-01-21 08:32:14.032999936+00:00,leaf4,Cisco-IOS-XR-ipv4-bgp-oper:bgp/instances/instance/instance-active/default-vrf/afs/af/af-process-info[instance-name=default af-name=ipv4-unicast]multipath-paths-count,191
2020-01-21 08:32:14.032999936+00:00,leaf4,Cisco-IOS-XR-ipv4-bgp-oper:bgp/instances/instance/instance-active/default-vrf/afs/af/af-process-info[instance-name=default af-name=ipv4-unicast]multipath-paths-memory,191
2020-01-21 08:32:14.032999936+00:00,leaf4,Cisco-IOS-XR-ipv4-bgp-oper:bgp/instances/instance/instance-active/default-vrf/afs/af/af-process-info[instance-name=default af-name=ipv4-unicast]path-memory,191
2020-01-21 08:32:14.032999936+00:00,leaf4,Cisco-IOS-XR-ipv4-bgp-oper:bgp/instances/instance/instance-active/default-vrf/afs/af/af-process-info[instance-name=default af-name=ipv4-unicast]paths-count,191
2020-01-21 08:32:14.032999936+00:00,leaf4,Cisco-IOS-XR-ipv4-bgp-oper:bgp/instances/instance/instance-active/default-vrf/afs/af/af-process-info[instance-name=default af-name=ipv4-unicast]paths-freed-num,191
2020-01-21 08:32:14.032999936+00:00,leaf4,Cisco-IOS-XR-ipv4-bgp-oper:bgp/instances/instance/instance-active/default-vrf/afs/af/af-process-info[instance-name=default af-name=ipv4-unicast]paths-memory,191
2020-01-21 08:32:14.032999936+00:00,leaf4,Cisco-IOS-XR-ipv4-bgp-oper:bgp/instances/instance/instance-active/default-vrf/afs/af/af-process-info[instance-name=default af-name=ipv4-unicast]paths-num,191
2020-01-21 08:32:14.032999936+00:00,leaf4,Cisco-IOS-XR-ipv4-bgp-oper:bgp/instances/instance/instance-active/default-vrf/afs/af/af-process-info[instance-name=total-pim-callback-add-local af-name=total-pim-callback-del-local]prefixes-removed-from-rib,191
2020-01-21 08:32:14.032999936+00:00,leaf4,Cisco-IOS-XR-ipv4-bgp-oper:bgp/instances/instance/instance-active/default-vrf/afs/af/af-process-info[instance-name=total-pim-callback-add-local af-name=total-pim-callback-del-local]rib-tbl-local-label,191
2020-01-21 08:32:14.032999936+00:00,leaf4,Cisco-IOS-XR-pfi-im-cmd-oper:interfaces/interface-xr/interface[interface-name=HundredGigE0/0/0/12]bytes-received,191
2020-01-21 08:32:14.032999936+00:00,leaf4,Cisco-IOS-XR-pfi-im-cmd-oper:interfaces/interface-xr/interface[interface-name=HundredGigE0/0/0/14]bytes-received,191
2020-01-21 08:32:14.032999936+00:00,leaf4,Cisco-IOS-XR-pfi-im-cmd-oper:interfaces/interface-xr/interface[interface-name=HundredGigE0/0/0/15]bytes-received,191
2020-01-21 08:32:14.032999936+00:00,leaf4,openconfig-rib-bgp:bgp-rib/afi-safis/afi-safi/ipv4-unicast/neighbors/neighbor[neighbor-address=172.31.11.24]num-routes,191
2020-01-21 08:32:14.032999936+00:00,leaf4,openconfig-rib-bgp:bgp-rib/afi-safis/afi-safi/ipv4-unicast/neighbors/neighbor[neighbor-address=172.31.13.24]num-routes,191
2020-01-21 08:32:14.032999936+00:00,leaf4,openconfig-rib-bgp:bgp-rib/afi-safis/afi-safi/ipv4-unicast/neighbors/neighbor[neighbor-address=172.31.13.26]num-routes,191
2020-01-21 08:32:14.032999936+00:00,leaf4,openconfig-rib-bgp:bgp-rib/afi-safis/afi-safi/ipv4-unicast/neighbors/neighbor[neighbor-address=172.31.13.28]num-routes,191
2020-01-21 08:32:14.032999936+00:00,leaf4,openconfig-rib-bgp:bgp-rib/afi-safis/afi-safi/ipv4-unicast/neighbors/neighbor[neighbor-address=172.31.13.30]num-routes,191
2020-01-21 08:32:14.032999936+00:00,leaf4,openconfig-rib-bgp:bgp-rib/afi-safis/afi-safi/ipv4-unicast/neighbors/neighbor[neighbor-address=172.31.24.3]num-routes,191
2020-01-21 08:32:14.072999936+00:00,leaf4,Cisco-IOS-XR-wadjet-oper:detection/detector2,191
