,Producer,Target,host,interface-counts/admin-down-interface-count,interface-counts/down-interface-count,interface-counts/interface-count,interface-counts/up-interface-count,interface-type-list/interface-counts/admin-down-interface-count,interface-type-list/interface-counts/down-interface-count,interface-type-list/interface-counts/interface-count,interface-type-list/interface-counts/up-interface-count,interface-type-list/interface-type-description,interface-type-list/interface-type-name,interface-type/interface-counts/admin-down-interface-count,interface-type/interface-counts/down-interface-count,interface-type/interface-counts/interface-count,interface-type/interface-counts/up-interface-count,interface-type/interface-type-description,interface-type/interface-type-name

2020-02-06 19:05:03.774000+00:00,leaf5,sg10,obt-collector1,3,11,38,24,,,,,,,0,0,1,1,Null interface,IFT_NULL

2020-02-06 19:05:25.444000+00:00,leaf5,sg10,obt-collector1,3,11,38,24,,,,,,,0,0,1,1,Null interface,IFT_NULL

2020-02-06 19:05:32.571000+00:00,leaf5,sg10,obt-collector1,3,11,38,24,,,,,,,0,0,1,1,Null interface,IFT_NULL

2020-02-06 19:05:50.523000+00:00,leaf5,sg10,obt-collector1,3,11,38,24,,,,,,,0,0,1,1,Null interface,IFT_NULL

2020-02-06 19:06:12.601000+00:00,leaf5,sg10,obt-collector1,3,11,38,24,,,,,,,0,0,1,1,Null interface,IFT_NULL

2020-02-06 19:06:51.760000+00:00,leaf5,sg10,obt-collector1,3,11,38,24,,,,,,,0,0,1,1,Null interface,IFT_NULL

2020-02-06 19:07:02.717000+00:00,leaf5,sg10,obt-collector1,3,11,38,24,,,,,,,0,0,1,1,Null interface,IFT_NULL

2020-02-06 19:07:17.622000+00:00,leaf5,sg10,obt-collector1,3,11,38,24,,,,,,,0,0,1,1,Null interface,IFT_NULL

2020-02-06 19:07:21.142000+00:00,leaf5,sg10,obt-collector1,3,11,38,24,,,,,,,0,0,1,1,Null interface,IFT_NULL

2020-02-06 19:07:24.699000+00:00,leaf5,sg10,obt-collector1,3,11,38,24,,,,,,,0,0,1,1,Null interface,IFT_NULL

2020-02-06 19:07:31.884000+00:00,leaf5,sg10,obt-collector1,3,11,38,24,,,,,,,0,0,1,1,Null interface,IFT_NULL

2020-02-06 19:07:50.151000+00:00,leaf5,sg10,obt-collector1,3,11,38,24,,,,,,,0,0,1,1,Null interface,IFT_NULL

2020-02-06 19:07:57.295000+00:00,leaf5,sg10,obt-collector1,3,11,38,24,,,,,,,0,0,1,1,Null interface,IFT_NULL

2020-02-06 19:08:11.598000+00:00,leaf5,sg10,obt-collector1,3,11,38,24,,,,,,,0,0,1,1,Null interface,IFT_NULL

2020-02-06 19:08:29.810000+00:00,leaf5,sg10,obt-collector1,3,11,38,24,,,,,,,0,0,1,1,Null interface,IFT_NULL

2020-02-06 19:08:47.559000+00:00,leaf5,sg10,obt-collector1,3,11,38,24,,,,,,,0,0,1,1,Null interface,IFT_NULL

2020-02-06 19:09:09.281000+00:00,leaf5,sg10,obt-collector1,3,11,38,24,,,,,,,0,0,1,1,Null interface,IFT_NULL

2020-02-06 19:09:27.744000+00:00,leaf5,sg10,obt-collector1,3,11,38,24,,,,,,,0,0,1,1,Null interface,IFT_NULL

2020-02-06 19:09:31.338000+00:00,leaf5,sg10,obt-collector1,3,11,38,24,,,,,,,0,0,1,1,Null interface,IFT_NULL

2020-02-06 19:09:52.824000+00:00,leaf5,sg10,obt-collector1,3,11,38,24,,,,,,,0,0,1,1,Null interface,IFT_NULL

2020-02-06 19:10:03.580000+00:00,leaf5,sg10,obt-collector1,3,11,38,24,,,,,,,0,0,1,1,Null interface,IFT_NULL

2020-02-06 19:10:10.681000+00:00,leaf5,sg10,obt-collector1,3,11,38,24,,,,,,,0,0,1,1,Null interface,IFT_NULL

2020-02-06 19:10:32.908000+00:00,leaf5,sg10,obt-collector1,3,11,38,24,,,,,,,0,0,1,1,Null interface,IFT_NULL

2020-02-06 19:10:50.564000+00:00,leaf5,sg10,obt-collector1,3,11,38,24,,,,,,,0,0,1,1,Null interface,IFT_NULL

2020-02-06 19:10:57.923000+00:00,leaf5,sg10,obt-collector1,3,11,38,24,,,,,,,0,0,1,1,Null interface,IFT_NULL

2020-02-06 19:11:15.672000+00:00,leaf5,sg10,obt-collector1,3,11,38,24,,,,,,,0,0,1,1,Null interface,IFT_NULL

2020-02-06 19:11:19.980000+00:00,leaf5,sg10,obt-collector1,3,11,38,24,,,,,,,0,0,1,1,Null interface,IFT_NULL

2020-02-06 19:11:23.505000+00:00,leaf5,sg10,obt-collector1,3,11,38,24,,,,,,,0,0,1,1,Null interface,IFT_NULL

2020-02-06 19:11:27.057000+00:00,leaf5,sg10,obt-collector1,3,11,38,24,,,,,,,0,0,1,1,Null interface,IFT_NULL

2020-02-06 19:11:41.283000+00:00,leaf5,sg10,obt-collector1,3,11,38,24,,,,,,,0,0,1,1,Null interface,IFT_NULL

2020-02-06 19:11:48.495000+00:00,leaf5,sg10,obt-collector1,3,11,38,24,,,,,,,0,0,1,1,Null interface,IFT_NULL

2020-02-06 19:12:17.196000+00:00,leaf5,sg10,obt-collector1,3,11,38,24,,,,,,,0,0,1,1,Null interface,IFT_NULL

2020-02-06 19:12:25.006000+00:00,leaf5,sg10,obt-collector1,3,11,38,24,,,,,,,0,0,1,1,Null interface,IFT_NULL

2020-02-06 19:12:39.212000+00:00,leaf5,sg10,obt-collector1,3,11,38,24,,,,,,,0,0,1,1,Null interface,IFT_NULL

2020-02-06 19:12:46.384000+00:00,leaf5,sg10,obt-collector1,3,11,38,24,,,,,,,0,0,1,1,Null interface,IFT_NULL

2020-02-06 19:12:53.567000+00:00,leaf5,sg10,obt-collector1,3,11,38,24,,,,,,,0,0,1,1,Null interface,IFT_NULL

2020-02-06 19:13:15.056000+00:00,leaf5,sg10,obt-collector1,3,11,38,24,,,,,,,0,0,1,1,Null interface,IFT_NULL

2020-02-06 19:13:40.773000+00:00,leaf5,sg10,obt-collector1,3,11,38,24,,,,,,,0,0,1,1,Null interface,IFT_NULL

2020-02-06 19:14:24.614000+00:00,leaf5,sg10,obt-collector1,3,11,38,24,,,,,,,0,0,1,1,Null interface,IFT_NULL

2020-02-06 19:14:49.455000+00:00,leaf5,sg10,obt-collector1,3,11,38,24,,,,,,,0,0,1,1,Null interface,IFT_NULL

2020-02-06 19:15:36.537000+00:00,leaf5,sg10,obt-collector1,3,11,38,24,,,,,,,0,0,1,1,Null interface,IFT_NULL

2020-02-06 19:15:47.467000+00:00,leaf5,sg10,obt-collector1,3,11,38,24,,,,,,,0,0,1,1,Null interface,IFT_NULL

2020-02-06 19:15:54.586000+00:00,leaf5,sg10,obt-collector1,3,11,38,24,,,,,,,0,0,1,1,Null interface,IFT_NULL

2020-02-06 19:16:49.973000+00:00,leaf5,sg10,obt-collector1,3,11,38,24,,,,,,,0,0,1,1,Null interface,IFT_NULL

2020-02-06 19:17:04.196000+00:00,leaf5,sg10,obt-collector1,3,11,38,24,,,,,,,0,0,1,1,Null interface,IFT_NULL

2020-02-06 19:17:14.878000+00:00,leaf5,sg10,obt-collector1,3,11,38,24,,,,,,,0,0,1,1,Null interface,IFT_NULL

2020-02-06 19:17:21.975000+00:00,leaf5,sg10,obt-collector1,3,11,38,24,,,,,,,0,0,1,1,Null interface,IFT_NULL

2020-02-06 19:17:29.233000+00:00,leaf5,sg10,obt-collector1,3,11,38,24,,,,,,,0,0,1,1,Null interface,IFT_NULL

2020-02-06 19:17:32.823000+00:00,leaf5,sg10,obt-collector1,3,11,38,24,,,,,,,0,0,1,1,Null interface,IFT_NULL

2020-02-06 19:17:50.817000+00:00,leaf5,sg10,obt-collector1,3,11,38,24,,,,,,,0,0,1,1,Null interface,IFT_NULL

2020-02-06 19:18:12.333000+00:00,leaf5,sg10,obt-collector1,3,11,38,24,,,,,,,0,0,1,1,Null interface,IFT_NULL

2020-02-06 19:18:26.640000+00:00,leaf5,sg10,obt-collector1,3,11,38,24,,,,,,,0,0,1,1,Null interface,IFT_NULL

2020-02-06 19:18:37.768000+00:00,leaf5,sg10,obt-collector1,3,11,38,24,,,,,,,0,0,1,1,Null interface,IFT_NULL

2020-02-06 19:18:44.962000+00:00,leaf5,sg10,obt-collector1,3,11,38,24,,,,,,,0,0,1,1,Null interface,IFT_NULL

