,Producer,Target,encap-hop-limit/do-propagate,encap-hop-limit/use-default,encap-hop-limit/value,encap-source-address,host,locator-count,node-name,protocol-name,srv6-enabled

2020-02-06 18:55:03.497000+00:00,leaf5,sg4,false,true,0,::,obt-collector1,0,0/0/CPU0,ipv6,false

2020-02-06 18:55:03.502000+00:00,leaf5,sg4,false,true,0,::,obt-collector1,0,0/RP0/CPU0,ipv6,false

2020-02-06 18:55:17.754000+00:00,leaf5,sg4,false,true,0,::,obt-collector1,0,0/0/CPU0,ipv6,false

2020-02-06 18:55:17.759000+00:00,leaf5,sg4,false,true,0,::,obt-collector1,0,0/RP0/CPU0,ipv6,false

2020-02-06 18:55:21.294000+00:00,leaf5,sg4,false,true,0,::,obt-collector1,0,0/0/CPU0,ipv6,false

2020-02-06 18:55:21.299000+00:00,leaf5,sg4,false,true,0,::,obt-collector1,0,0/RP0/CPU0,ipv6,false

2020-02-06 18:55:24.802000+00:00,leaf5,sg4,false,true,0,::,obt-collector1,0,0/0/CPU0,ipv6,false

2020-02-06 18:55:24.807000+00:00,leaf5,sg4,false,true,0,::,obt-collector1,0,0/RP0/CPU0,ipv6,false

2020-02-06 18:55:28.320000+00:00,leaf5,sg4,false,true,0,::,obt-collector1,0,0/0/CPU0,ipv6,false

2020-02-06 18:55:28.324000+00:00,leaf5,sg4,false,true,0,::,obt-collector1,0,0/RP0/CPU0,ipv6,false

2020-02-06 18:56:22.842000+00:00,leaf5,sg4,false,true,0,::,obt-collector1,0,0/0/CPU0,ipv6,false

2020-02-06 18:56:22.846000+00:00,leaf5,sg4,false,true,0,::,obt-collector1,0,0/RP0/CPU0,ipv6,false

2020-02-06 18:56:26.409000+00:00,leaf5,sg4,false,true,0,::,obt-collector1,0,0/0/CPU0,ipv6,false

2020-02-06 18:56:26.414000+00:00,leaf5,sg4,false,true,0,::,obt-collector1,0,0/RP0/CPU0,ipv6,false

2020-02-06 18:56:30.087000+00:00,leaf5,sg4,false,true,0,::,obt-collector1,0,0/0/CPU0,ipv6,false

2020-02-06 18:56:30.092000+00:00,leaf5,sg4,false,true,0,::,obt-collector1,0,0/RP0/CPU0,ipv6,false

2020-02-06 18:56:37.335000+00:00,leaf5,sg4,false,true,0,::,obt-collector1,0,0/0/CPU0,ipv6,false

2020-02-06 18:56:37.339000+00:00,leaf5,sg4,false,true,0,::,obt-collector1,0,0/RP0/CPU0,ipv6,false

2020-02-06 18:56:48.295000+00:00,leaf5,sg4,false,true,0,::,obt-collector1,0,0/0/CPU0,ipv6,false

2020-02-06 18:56:48.300000+00:00,leaf5,sg4,false,true,0,::,obt-collector1,0,0/RP0/CPU0,ipv6,false

2020-02-06 18:57:00.011000+00:00,leaf5,sg4,false,true,0,::,obt-collector1,0,0/0/CPU0,ipv6,false

2020-02-06 18:57:00.016000+00:00,leaf5,sg4,false,true,0,::,obt-collector1,0,0/RP0/CPU0,ipv6,false

2020-02-06 18:57:03.729000+00:00,leaf5,sg4,false,true,0,::,obt-collector1,0,0/0/CPU0,ipv6,false

2020-02-06 18:57:03.734000+00:00,leaf5,sg4,false,true,0,::,obt-collector1,0,0/RP0/CPU0,ipv6,false

2020-02-06 18:57:25.314000+00:00,leaf5,sg4,false,true,0,::,obt-collector1,0,0/0/CPU0,ipv6,false

2020-02-06 18:57:25.319000+00:00,leaf5,sg4,false,true,0,::,obt-collector1,0,0/RP0/CPU0,ipv6,false

2020-02-06 18:57:32.484000+00:00,leaf5,sg4,false,true,0,::,obt-collector1,0,0/0/CPU0,ipv6,false

2020-02-06 18:57:32.489000+00:00,leaf5,sg4,false,true,0,::,obt-collector1,0,0/RP0/CPU0,ipv6,false

2020-02-06 18:57:39.722000+00:00,leaf5,sg4,false,true,0,::,obt-collector1,0,0/0/CPU0,ipv6,false

2020-02-06 18:57:39.727000+00:00,leaf5,sg4,false,true,0,::,obt-collector1,0,0/RP0/CPU0,ipv6,false

2020-02-06 18:57:50.433000+00:00,leaf5,sg4,false,true,0,::,obt-collector1,0,0/0/CPU0,ipv6,false

2020-02-06 18:57:50.438000+00:00,leaf5,sg4,false,true,0,::,obt-collector1,0,0/RP0/CPU0,ipv6,false

2020-02-06 18:58:02.257000+00:00,leaf5,sg4,false,true,0,::,obt-collector1,0,0/0/CPU0,ipv6,false

2020-02-06 18:58:02.261000+00:00,leaf5,sg4,false,true,0,::,obt-collector1,0,0/RP0/CPU0,ipv6,false

2020-02-06 18:58:05.789000+00:00,leaf5,sg4,false,true,0,::,obt-collector1,0,0/0/CPU0,ipv6,false

2020-02-06 18:58:05.794000+00:00,leaf5,sg4,false,true,0,::,obt-collector1,0,0/RP0/CPU0,ipv6,false

2020-02-06 18:58:37.795000+00:00,leaf5,sg4,false,true,0,::,obt-collector1,0,0/0/CPU0,ipv6,false

2020-02-06 18:58:37.800000+00:00,leaf5,sg4,false,true,0,::,obt-collector1,0,0/RP0/CPU0,ipv6,false

2020-02-06 18:58:41.433000+00:00,leaf5,sg4,false,true,0,::,obt-collector1,0,0/0/CPU0,ipv6,false

2020-02-06 18:58:41.437000+00:00,leaf5,sg4,false,true,0,::,obt-collector1,0,0/RP0/CPU0,ipv6,false

2020-02-06 18:58:45.010000+00:00,leaf5,sg4,false,true,0,::,obt-collector1,0,0/0/CPU0,ipv6,false

2020-02-06 18:58:45.015000+00:00,leaf5,sg4,false,true,0,::,obt-collector1,0,0/RP0/CPU0,ipv6,false

2020-02-06 18:59:21.543000+00:00,leaf5,sg4,false,true,0,::,obt-collector1,0,0/0/CPU0,ipv6,false

2020-02-06 18:59:21.548000+00:00,leaf5,sg4,false,true,0,::,obt-collector1,0,0/RP0/CPU0,ipv6,false

2020-02-06 18:59:43.155000+00:00,leaf5,sg4,false,true,0,::,obt-collector1,0,0/0/CPU0,ipv6,false

2020-02-06 18:59:43.160000+00:00,leaf5,sg4,false,true,0,::,obt-collector1,0,0/RP0/CPU0,ipv6,false

2020-02-06 19:00:08.795000+00:00,leaf5,sg4,false,true,0,::,obt-collector1,0,0/0/CPU0,ipv6,false

2020-02-06 19:00:08.800000+00:00,leaf5,sg4,false,true,0,::,obt-collector1,0,0/RP0/CPU0,ipv6,false

2020-02-06 19:00:12.472000+00:00,leaf5,sg4,false,true,0,::,obt-collector1,0,0/0/CPU0,ipv6,false

2020-02-06 19:00:12.477000+00:00,leaf5,sg4,false,true,0,::,obt-collector1,0,0/RP0/CPU0,ipv6,false

2020-02-06 19:00:16.024000+00:00,leaf5,sg4,false,true,0,::,obt-collector1,0,0/0/CPU0,ipv6,false

2020-02-06 19:00:16.029000+00:00,leaf5,sg4,false,true,0,::,obt-collector1,0,0/RP0/CPU0,ipv6,false

2020-02-06 19:00:19.581000+00:00,leaf5,sg4,false,true,0,::,obt-collector1,0,0/0/CPU0,ipv6,false

2020-02-06 19:00:19.586000+00:00,leaf5,sg4,false,true,0,::,obt-collector1,0,0/RP0/CPU0,ipv6,false

2020-02-06 19:00:26.683000+00:00,leaf5,sg4,false,true,0,::,obt-collector1,0,0/0/CPU0,ipv6,false

2020-02-06 19:00:26.688000+00:00,leaf5,sg4,false,true,0,::,obt-collector1,0,0/RP0/CPU0,ipv6,false

2020-02-06 19:00:30.232000+00:00,leaf5,sg4,false,true,0,::,obt-collector1,0,0/0/CPU0,ipv6,false

2020-02-06 19:00:30.236000+00:00,leaf5,sg4,false,true,0,::,obt-collector1,0,0/RP0/CPU0,ipv6,false

2020-02-06 19:00:33.790000+00:00,leaf5,sg4,false,true,0,::,obt-collector1,0,0/0/CPU0,ipv6,false

2020-02-06 19:00:33.794000+00:00,leaf5,sg4,false,true,0,::,obt-collector1,0,0/RP0/CPU0,ipv6,false

2020-02-06 19:00:37.369000+00:00,leaf5,sg4,false,true,0,::,obt-collector1,0,0/0/CPU0,ipv6,false

2020-02-06 19:00:37.374000+00:00,leaf5,sg4,false,true,0,::,obt-collector1,0,0/RP0/CPU0,ipv6,false

2020-02-06 19:00:55.595000+00:00,leaf5,sg4,false,true,0,::,obt-collector1,0,0/0/CPU0,ipv6,false

2020-02-06 19:00:55.600000+00:00,leaf5,sg4,false,true,0,::,obt-collector1,0,0/RP0/CPU0,ipv6,false

2020-02-06 19:00:59.150000+00:00,leaf5,sg4,false,true,0,::,obt-collector1,0,0/0/CPU0,ipv6,false

2020-02-06 19:00:59.155000+00:00,leaf5,sg4,false,true,0,::,obt-collector1,0,0/RP0/CPU0,ipv6,false

2020-02-06 19:01:28.238000+00:00,leaf5,sg4,false,true,0,::,obt-collector1,0,0/0/CPU0,ipv6,false

2020-02-06 19:01:28.243000+00:00,leaf5,sg4,false,true,0,::,obt-collector1,0,0/RP0/CPU0,ipv6,false

2020-02-06 19:01:31.783000+00:00,leaf5,sg4,false,true,0,::,obt-collector1,0,0/0/CPU0,ipv6,false

2020-02-06 19:01:31.788000+00:00,leaf5,sg4,false,true,0,::,obt-collector1,0,0/RP0/CPU0,ipv6,false

2020-02-06 19:01:42.495000+00:00,leaf5,sg4,false,true,0,::,obt-collector1,0,0/0/CPU0,ipv6,false

2020-02-06 19:01:42.499000+00:00,leaf5,sg4,false,true,0,::,obt-collector1,0,0/RP0/CPU0,ipv6,false

2020-02-06 19:01:46.037000+00:00,leaf5,sg4,false,true,0,::,obt-collector1,0,0/0/CPU0,ipv6,false

2020-02-06 19:01:46.042000+00:00,leaf5,sg4,false,true,0,::,obt-collector1,0,0/RP0/CPU0,ipv6,false

2020-02-06 19:01:56.852000+00:00,leaf5,sg4,false,true,0,::,obt-collector1,0,0/0/CPU0,ipv6,false

2020-02-06 19:01:56.857000+00:00,leaf5,sg4,false,true,0,::,obt-collector1,0,0/RP0/CPU0,ipv6,false

2020-02-06 19:02:04.646000+00:00,leaf5,sg4,false,true,0,::,obt-collector1,0,0/0/CPU0,ipv6,false

2020-02-06 19:02:04.650000+00:00,leaf5,sg4,false,true,0,::,obt-collector1,0,0/RP0/CPU0,ipv6,false

2020-02-06 19:02:11.709000+00:00,leaf5,sg4,false,true,0,::,obt-collector1,0,0/0/CPU0,ipv6,false

2020-02-06 19:02:11.714000+00:00,leaf5,sg4,false,true,0,::,obt-collector1,0,0/RP0/CPU0,ipv6,false

2020-02-06 19:02:33.201000+00:00,leaf5,sg4,false,true,0,::,obt-collector1,0,0/0/CPU0,ipv6,false

2020-02-06 19:02:33.206000+00:00,leaf5,sg4,false,true,0,::,obt-collector1,0,0/RP0/CPU0,ipv6,false

2020-02-06 19:02:36.734000+00:00,leaf5,sg4,false,true,0,::,obt-collector1,0,0/0/CPU0,ipv6,false

2020-02-06 19:02:36.739000+00:00,leaf5,sg4,false,true,0,::,obt-collector1,0,0/RP0/CPU0,ipv6,false

2020-02-06 19:02:54.505000+00:00,leaf5,sg4,false,true,0,::,obt-collector1,0,0/0/CPU0,ipv6,false

2020-02-06 19:02:54.509000+00:00,leaf5,sg4,false,true,0,::,obt-collector1,0,0/RP0/CPU0,ipv6,false

2020-02-06 19:03:06.100000+00:00,leaf5,sg4,false,true,0,::,obt-collector1,0,0/0/CPU0,ipv6,false

2020-02-06 19:03:06.105000+00:00,leaf5,sg4,false,true,0,::,obt-collector1,0,0/RP0/CPU0,ipv6,false

2020-02-06 19:03:13.200000+00:00,leaf5,sg4,false,true,0,::,obt-collector1,0,0/0/CPU0,ipv6,false

2020-02-06 19:03:13.205000+00:00,leaf5,sg4,false,true,0,::,obt-collector1,0,0/RP0/CPU0,ipv6,false

2020-02-06 19:03:16.751000+00:00,leaf5,sg4,false,true,0,::,obt-collector1,0,0/0/CPU0,ipv6,false

2020-02-06 19:03:16.756000+00:00,leaf5,sg4,false,true,0,::,obt-collector1,0,0/RP0/CPU0,ipv6,false

2020-02-06 19:03:23.876000+00:00,leaf5,sg4,false,true,0,::,obt-collector1,0,0/0/CPU0,ipv6,false

2020-02-06 19:03:23.881000+00:00,leaf5,sg4,false,true,0,::,obt-collector1,0,0/RP0/CPU0,ipv6,false

2020-02-06 19:03:27.435000+00:00,leaf5,sg4,false,true,0,::,obt-collector1,0,0/0/CPU0,ipv6,false

2020-02-06 19:03:27.439000+00:00,leaf5,sg4,false,true,0,::,obt-collector1,0,0/RP0/CPU0,ipv6,false

2020-02-06 19:03:30.999000+00:00,leaf5,sg4,false,true,0,::,obt-collector1,0,0/0/CPU0,ipv6,false

2020-02-06 19:03:31.003000+00:00,leaf5,sg4,false,true,0,::,obt-collector1,0,0/RP0/CPU0,ipv6,false

2020-02-06 19:03:55.993000+00:00,leaf5,sg4,false,true,0,::,obt-collector1,0,0/0/CPU0,ipv6,false

2020-02-06 19:03:55.997000+00:00,leaf5,sg4,false,true,0,::,obt-collector1,0,0/RP0/CPU0,ipv6,false

2020-02-06 19:03:59.564000+00:00,leaf5,sg4,false,true,0,::,obt-collector1,0,0/0/CPU0,ipv6,false

2020-02-06 19:03:59.569000+00:00,leaf5,sg4,false,true,0,::,obt-collector1,0,0/RP0/CPU0,ipv6,false

2020-02-06 19:04:11.087000+00:00,leaf5,sg4,false,true,0,::,obt-collector1,0,0/0/CPU0,ipv6,false

2020-02-06 19:04:11.092000+00:00,leaf5,sg4,false,true,0,::,obt-collector1,0,0/RP0/CPU0,ipv6,false

2020-02-06 19:04:25.702000+00:00,leaf5,sg4,false,true,0,::,obt-collector1,0,0/0/CPU0,ipv6,false

2020-02-06 19:04:25.707000+00:00,leaf5,sg4,false,true,0,::,obt-collector1,0,0/RP0/CPU0,ipv6,false

2020-02-06 19:04:32.841000+00:00,leaf5,sg4,false,true,0,::,obt-collector1,0,0/0/CPU0,ipv6,false

2020-02-06 19:04:32.845000+00:00,leaf5,sg4,false,true,0,::,obt-collector1,0,0/RP0/CPU0,ipv6,false

2020-02-06 19:04:36.370000+00:00,leaf5,sg4,false,true,0,::,obt-collector1,0,0/0/CPU0,ipv6,false

2020-02-06 19:04:36.375000+00:00,leaf5,sg4,false,true,0,::,obt-collector1,0,0/RP0/CPU0,ipv6,false

2020-02-06 19:04:39.985000+00:00,leaf5,sg4,false,true,0,::,obt-collector1,0,0/0/CPU0,ipv6,false

2020-02-06 19:04:39.991000+00:00,leaf5,sg4,false,true,0,::,obt-collector1,0,0/RP0/CPU0,ipv6,false

2020-02-06 19:04:57.983000+00:00,leaf5,sg4,false,true,0,::,obt-collector1,0,0/0/CPU0,ipv6,false

2020-02-06 19:04:57.987000+00:00,leaf5,sg4,false,true,0,::,obt-collector1,0,0/RP0/CPU0,ipv6,false

2020-02-06 19:05:01.617000+00:00,leaf5,sg4,false,true,0,::,obt-collector1,0,0/0/CPU0,ipv6,false

2020-02-06 19:05:01.622000+00:00,leaf5,sg4,false,true,0,::,obt-collector1,0,0/RP0/CPU0,ipv6,false

2020-02-06 19:05:09.217000+00:00,leaf5,sg4,false,true,0,::,obt-collector1,0,0/0/CPU0,ipv6,false

2020-02-06 19:05:09.222000+00:00,leaf5,sg4,false,true,0,::,obt-collector1,0,0/RP0/CPU0,ipv6,false

2020-02-06 19:05:12.738000+00:00,leaf5,sg4,false,true,0,::,obt-collector1,0,0/0/CPU0,ipv6,false

2020-02-06 19:05:12.742000+00:00,leaf5,sg4,false,true,0,::,obt-collector1,0,0/RP0/CPU0,ipv6,false

2020-02-06 19:05:19.830000+00:00,leaf5,sg4,false,true,0,::,obt-collector1,0,0/0/CPU0,ipv6,false

2020-02-06 19:05:19.835000+00:00,leaf5,sg4,false,true,0,::,obt-collector1,0,0/RP0/CPU0,ipv6,false

2020-02-06 19:05:34.046000+00:00,leaf5,sg4,false,true,0,::,obt-collector1,0,0/0/CPU0,ipv6,false

2020-02-06 19:05:34.050000+00:00,leaf5,sg4,false,true,0,::,obt-collector1,0,0/RP0/CPU0,ipv6,false

2020-02-06 19:05:37.739000+00:00,leaf5,sg4,false,true,0,::,obt-collector1,0,0/0/CPU0,ipv6,false

2020-02-06 19:05:37.743000+00:00,leaf5,sg4,false,true,0,::,obt-collector1,0,0/RP0/CPU0,ipv6,false

2020-02-06 19:05:41.315000+00:00,leaf5,sg4,false,true,0,::,obt-collector1,0,0/0/CPU0,ipv6,false

2020-02-06 19:05:41.320000+00:00,leaf5,sg4,false,true,0,::,obt-collector1,0,0/RP0/CPU0,ipv6,false

2020-02-06 19:05:52.023000+00:00,leaf5,sg4,false,true,0,::,obt-collector1,0,0/0/CPU0,ipv6,false

2020-02-06 19:05:52.028000+00:00,leaf5,sg4,false,true,0,::,obt-collector1,0,0/RP0/CPU0,ipv6,false

2020-02-06 19:06:06.643000+00:00,leaf5,sg4,false,true,0,::,obt-collector1,0,0/0/CPU0,ipv6,false

2020-02-06 19:06:06.648000+00:00,leaf5,sg4,false,true,0,::,obt-collector1,0,0/RP0/CPU0,ipv6,false

2020-02-06 19:06:21.204000+00:00,leaf5,sg4,false,true,0,::,obt-collector1,0,0/0/CPU0,ipv6,false

2020-02-06 19:06:21.209000+00:00,leaf5,sg4,false,true,0,::,obt-collector1,0,0/RP0/CPU0,ipv6,false

2020-02-06 19:06:31.947000+00:00,leaf5,sg4,false,true,0,::,obt-collector1,0,0/0/CPU0,ipv6,false

2020-02-06 19:06:31.951000+00:00,leaf5,sg4,false,true,0,::,obt-collector1,0,0/RP0/CPU0,ipv6,false

2020-02-06 19:06:39.080000+00:00,leaf5,sg4,false,true,0,::,obt-collector1,0,0/0/CPU0,ipv6,false

2020-02-06 19:06:39.084000+00:00,leaf5,sg4,false,true,0,::,obt-collector1,0,0/RP0/CPU0,ipv6,false

2020-02-06 19:06:42.616000+00:00,leaf5,sg4,false,true,0,::,obt-collector1,0,0/0/CPU0,ipv6,false

2020-02-06 19:06:42.621000+00:00,leaf5,sg4,false,true,0,::,obt-collector1,0,0/RP0/CPU0,ipv6,false

2020-02-06 19:07:07.893000+00:00,leaf5,sg4,false,true,0,::,obt-collector1,0,0/0/CPU0,ipv6,false

2020-02-06 19:07:07.898000+00:00,leaf5,sg4,false,true,0,::,obt-collector1,0,0/RP0/CPU0,ipv6,false

2020-02-06 19:07:22.628000+00:00,leaf5,sg4,false,true,0,::,obt-collector1,0,0/0/CPU0,ipv6,false

2020-02-06 19:07:22.633000+00:00,leaf5,sg4,false,true,0,::,obt-collector1,0,0/RP0/CPU0,ipv6,false

2020-02-06 19:07:26.188000+00:00,leaf5,sg4,false,true,0,::,obt-collector1,0,0/0/CPU0,ipv6,false

2020-02-06 19:07:26.193000+00:00,leaf5,sg4,false,true,0,::,obt-collector1,0,0/RP0/CPU0,ipv6,false

2020-02-06 19:07:29.755000+00:00,leaf5,sg4,false,true,0,::,obt-collector1,0,0/0/CPU0,ipv6,false

2020-02-06 19:07:29.760000+00:00,leaf5,sg4,false,true,0,::,obt-collector1,0,0/RP0/CPU0,ipv6,false

2020-02-06 19:07:37.085000+00:00,leaf5,sg4,false,true,0,::,obt-collector1,0,0/0/CPU0,ipv6,false

2020-02-06 19:07:37.090000+00:00,leaf5,sg4,false,true,0,::,obt-collector1,0,0/RP0/CPU0,ipv6,false

2020-02-06 19:08:02.377000+00:00,leaf5,sg4,false,true,0,::,obt-collector1,0,0/0/CPU0,ipv6,false

2020-02-06 19:08:02.382000+00:00,leaf5,sg4,false,true,0,::,obt-collector1,0,0/RP0/CPU0,ipv6,false

2020-02-06 19:08:05.932000+00:00,leaf5,sg4,false,true,0,::,obt-collector1,0,0/0/CPU0,ipv6,false

2020-02-06 19:08:05.937000+00:00,leaf5,sg4,false,true,0,::,obt-collector1,0,0/RP0/CPU0,ipv6,false

