,Producer,Target,clientid,host,insync,proto-id,proto-instance,protocol-names,table-id,updatemode

2020-02-06 18:55:02.384000+00:00,leaf5,sg12,15,obt-collector1,true,2,,static,-536870912,10

2020-02-06 18:55:02.388000+00:00,leaf5,sg12,18,obt-collector1,true,1,,connected,-536870912,10

2020-02-06 18:55:02.390000+00:00,leaf5,sg12,19,obt-collector1,true,0,,local,-536870912,10

2020-02-06 18:55:02.390000+00:00,leaf5,sg12,19,obt-collector1,true,1,,connected,-536870912,10

2020-02-06 18:55:02.390000+00:00,leaf5,sg12,19,obt-collector1,true,2,,static,-536870912,10

2020-02-06 18:55:02.390000+00:00,leaf5,sg12,19,obt-collector1,true,3,65025,bgp,-536870912,10

2020-02-06 18:55:02.390000+00:00,leaf5,sg12,19,obt-collector1,true,4,,te-client,-536870912,10

2020-02-06 18:55:02.390000+00:00,leaf5,sg12,19,obt-collector1,true,5,,dagr,-536870912,10

2020-02-06 18:55:09.565000+00:00,leaf5,sg12,15,obt-collector1,true,2,,static,-536870912,10

2020-02-06 18:55:09.570000+00:00,leaf5,sg12,18,obt-collector1,true,1,,connected,-536870912,10

2020-02-06 18:55:09.573000+00:00,leaf5,sg12,19,obt-collector1,true,0,,local,-536870912,10

2020-02-06 18:55:09.573000+00:00,leaf5,sg12,19,obt-collector1,true,1,,connected,-536870912,10

2020-02-06 18:55:09.573000+00:00,leaf5,sg12,19,obt-collector1,true,2,,static,-536870912,10

2020-02-06 18:55:09.573000+00:00,leaf5,sg12,19,obt-collector1,true,3,65025,bgp,-536870912,10

2020-02-06 18:55:09.573000+00:00,leaf5,sg12,19,obt-collector1,true,4,,te-client,-536870912,10

2020-02-06 18:55:09.573000+00:00,leaf5,sg12,19,obt-collector1,true,5,,dagr,-536870912,10

2020-02-06 18:55:23.690000+00:00,leaf5,sg12,15,obt-collector1,true,2,,static,-536870912,10

2020-02-06 18:55:23.695000+00:00,leaf5,sg12,18,obt-collector1,true,1,,connected,-536870912,10

2020-02-06 18:55:23.698000+00:00,leaf5,sg12,19,obt-collector1,true,0,,local,-536870912,10

2020-02-06 18:55:23.698000+00:00,leaf5,sg12,19,obt-collector1,true,1,,connected,-536870912,10

2020-02-06 18:55:23.698000+00:00,leaf5,sg12,19,obt-collector1,true,2,,static,-536870912,10

2020-02-06 18:55:23.698000+00:00,leaf5,sg12,19,obt-collector1,true,3,65025,bgp,-536870912,10

2020-02-06 18:55:23.698000+00:00,leaf5,sg12,19,obt-collector1,true,4,,te-client,-536870912,10

2020-02-06 18:55:23.698000+00:00,leaf5,sg12,19,obt-collector1,true,5,,dagr,-536870912,10

2020-02-06 18:55:27.205000+00:00,leaf5,sg12,15,obt-collector1,true,2,,static,-536870912,10

2020-02-06 18:55:27.210000+00:00,leaf5,sg12,18,obt-collector1,true,1,,connected,-536870912,10

2020-02-06 18:55:27.212000+00:00,leaf5,sg12,19,obt-collector1,true,0,,local,-536870912,10

2020-02-06 18:55:27.212000+00:00,leaf5,sg12,19,obt-collector1,true,1,,connected,-536870912,10

2020-02-06 18:55:27.212000+00:00,leaf5,sg12,19,obt-collector1,true,2,,static,-536870912,10

2020-02-06 18:55:27.212000+00:00,leaf5,sg12,19,obt-collector1,true,3,65025,bgp,-536870912,10

2020-02-06 18:55:27.212000+00:00,leaf5,sg12,19,obt-collector1,true,4,,te-client,-536870912,10

2020-02-06 18:55:27.212000+00:00,leaf5,sg12,19,obt-collector1,true,5,,dagr,-536870912,10

2020-02-06 18:55:38.010000+00:00,leaf5,sg12,15,obt-collector1,true,2,,static,-536870912,10

2020-02-06 18:55:38.016000+00:00,leaf5,sg12,18,obt-collector1,true,1,,connected,-536870912,10

2020-02-06 18:55:38.019000+00:00,leaf5,sg12,19,obt-collector1,true,0,,local,-536870912,10

2020-02-06 18:55:38.019000+00:00,leaf5,sg12,19,obt-collector1,true,1,,connected,-536870912,10

2020-02-06 18:55:38.019000+00:00,leaf5,sg12,19,obt-collector1,true,2,,static,-536870912,10

2020-02-06 18:55:38.019000+00:00,leaf5,sg12,19,obt-collector1,true,3,65025,bgp,-536870912,10

2020-02-06 18:55:38.019000+00:00,leaf5,sg12,19,obt-collector1,true,4,,te-client,-536870912,10

2020-02-06 18:55:38.019000+00:00,leaf5,sg12,19,obt-collector1,true,5,,dagr,-536870912,10

2020-02-06 18:55:45.193000+00:00,leaf5,sg12,15,obt-collector1,true,2,,static,-536870912,10

2020-02-06 18:55:45.198000+00:00,leaf5,sg12,18,obt-collector1,true,1,,connected,-536870912,10

2020-02-06 18:55:45.200000+00:00,leaf5,sg12,19,obt-collector1,true,0,,local,-536870912,10

2020-02-06 18:55:45.200000+00:00,leaf5,sg12,19,obt-collector1,true,1,,connected,-536870912,10

2020-02-06 18:55:45.200000+00:00,leaf5,sg12,19,obt-collector1,true,2,,static,-536870912,10

2020-02-06 18:55:45.200000+00:00,leaf5,sg12,19,obt-collector1,true,3,65025,bgp,-536870912,10

2020-02-06 18:55:45.200000+00:00,leaf5,sg12,19,obt-collector1,true,4,,te-client,-536870912,10

2020-02-06 18:55:45.200000+00:00,leaf5,sg12,19,obt-collector1,true,5,,dagr,-536870912,10

2020-02-06 18:55:48.746000+00:00,leaf5,sg12,15,obt-collector1,true,2,,static,-536870912,10

2020-02-06 18:55:48.751000+00:00,leaf5,sg12,18,obt-collector1,true,1,,connected,-536870912,10

2020-02-06 18:55:48.753000+00:00,leaf5,sg12,19,obt-collector1,true,0,,local,-536870912,10

2020-02-06 18:55:48.753000+00:00,leaf5,sg12,19,obt-collector1,true,1,,connected,-536870912,10

2020-02-06 18:55:48.753000+00:00,leaf5,sg12,19,obt-collector1,true,2,,static,-536870912,10

2020-02-06 18:55:48.753000+00:00,leaf5,sg12,19,obt-collector1,true,3,65025,bgp,-536870912,10

2020-02-06 18:55:48.753000+00:00,leaf5,sg12,19,obt-collector1,true,4,,te-client,-536870912,10

2020-02-06 18:55:48.753000+00:00,leaf5,sg12,19,obt-collector1,true,5,,dagr,-536870912,10

2020-02-06 18:55:52.283000+00:00,leaf5,sg12,15,obt-collector1,true,2,,static,-536870912,10

2020-02-06 18:55:52.287000+00:00,leaf5,sg12,18,obt-collector1,true,1,,connected,-536870912,10

2020-02-06 18:55:52.290000+00:00,leaf5,sg12,19,obt-collector1,true,0,,local,-536870912,10

2020-02-06 18:55:52.290000+00:00,leaf5,sg12,19,obt-collector1,true,1,,connected,-536870912,10

2020-02-06 18:55:52.290000+00:00,leaf5,sg12,19,obt-collector1,true,2,,static,-536870912,10

2020-02-06 18:55:52.290000+00:00,leaf5,sg12,19,obt-collector1,true,3,65025,bgp,-536870912,10

2020-02-06 18:55:52.290000+00:00,leaf5,sg12,19,obt-collector1,true,4,,te-client,-536870912,10

2020-02-06 18:55:52.290000+00:00,leaf5,sg12,19,obt-collector1,true,5,,dagr,-536870912,10

2020-02-06 18:55:56.717000+00:00,leaf5,sg12,15,obt-collector1,true,2,,static,-536870912,10

2020-02-06 18:55:56.721000+00:00,leaf5,sg12,18,obt-collector1,true,1,,connected,-536870912,10

2020-02-06 18:55:56.724000+00:00,leaf5,sg12,19,obt-collector1,true,0,,local,-536870912,10

2020-02-06 18:55:56.724000+00:00,leaf5,sg12,19,obt-collector1,true,1,,connected,-536870912,10

2020-02-06 18:55:56.724000+00:00,leaf5,sg12,19,obt-collector1,true,2,,static,-536870912,10

2020-02-06 18:55:56.724000+00:00,leaf5,sg12,19,obt-collector1,true,3,65025,bgp,-536870912,10

2020-02-06 18:55:56.724000+00:00,leaf5,sg12,19,obt-collector1,true,4,,te-client,-536870912,10

2020-02-06 18:55:56.724000+00:00,leaf5,sg12,19,obt-collector1,true,5,,dagr,-536870912,10

2020-02-06 18:56:00.389000+00:00,leaf5,sg12,15,obt-collector1,true,2,,static,-536870912,10

2020-02-06 18:56:00.393000+00:00,leaf5,sg12,18,obt-collector1,true,1,,connected,-536870912,10

2020-02-06 18:56:00.395000+00:00,leaf5,sg12,19,obt-collector1,true,0,,local,-536870912,10

2020-02-06 18:56:00.395000+00:00,leaf5,sg12,19,obt-collector1,true,1,,connected,-536870912,10

2020-02-06 18:56:00.395000+00:00,leaf5,sg12,19,obt-collector1,true,2,,static,-536870912,10

2020-02-06 18:56:00.395000+00:00,leaf5,sg12,19,obt-collector1,true,3,65025,bgp,-536870912,10

2020-02-06 18:56:00.395000+00:00,leaf5,sg12,19,obt-collector1,true,4,,te-client,-536870912,10

2020-02-06 18:56:00.395000+00:00,leaf5,sg12,19,obt-collector1,true,5,,dagr,-536870912,10

2020-02-06 18:56:47.172000+00:00,leaf5,sg12,15,obt-collector1,true,2,,static,-536870912,10

2020-02-06 18:56:47.177000+00:00,leaf5,sg12,18,obt-collector1,true,1,,connected,-536870912,10

2020-02-06 18:56:47.179000+00:00,leaf5,sg12,19,obt-collector1,true,0,,local,-536870912,10

2020-02-06 18:56:47.179000+00:00,leaf5,sg12,19,obt-collector1,true,1,,connected,-536870912,10

2020-02-06 18:56:47.179000+00:00,leaf5,sg12,19,obt-collector1,true,2,,static,-536870912,10

2020-02-06 18:56:47.179000+00:00,leaf5,sg12,19,obt-collector1,true,3,65025,bgp,-536870912,10

2020-02-06 18:56:47.179000+00:00,leaf5,sg12,19,obt-collector1,true,4,,te-client,-536870912,10

2020-02-06 18:56:47.179000+00:00,leaf5,sg12,19,obt-collector1,true,5,,dagr,-536870912,10

2020-02-06 18:56:54.255000+00:00,leaf5,sg12,15,obt-collector1,true,2,,static,-536870912,10

2020-02-06 18:56:54.260000+00:00,leaf5,sg12,18,obt-collector1,true,1,,connected,-536870912,10

2020-02-06 18:56:54.262000+00:00,leaf5,sg12,19,obt-collector1,true,0,,local,-536870912,10

2020-02-06 18:56:54.262000+00:00,leaf5,sg12,19,obt-collector1,true,1,,connected,-536870912,10

2020-02-06 18:56:54.262000+00:00,leaf5,sg12,19,obt-collector1,true,2,,static,-536870912,10

2020-02-06 18:56:54.262000+00:00,leaf5,sg12,19,obt-collector1,true,3,65025,bgp,-536870912,10

2020-02-06 18:56:54.262000+00:00,leaf5,sg12,19,obt-collector1,true,4,,te-client,-536870912,10

2020-02-06 18:56:54.262000+00:00,leaf5,sg12,19,obt-collector1,true,5,,dagr,-536870912,10

2020-02-06 18:57:02.601000+00:00,leaf5,sg12,15,obt-collector1,true,2,,static,-536870912,10

2020-02-06 18:57:02.606000+00:00,leaf5,sg12,18,obt-collector1,true,1,,connected,-536870912,10

2020-02-06 18:57:02.608000+00:00,leaf5,sg12,19,obt-collector1,true,0,,local,-536870912,10

2020-02-06 18:57:02.608000+00:00,leaf5,sg12,19,obt-collector1,true,1,,connected,-536870912,10

2020-02-06 18:57:02.608000+00:00,leaf5,sg12,19,obt-collector1,true,2,,static,-536870912,10

2020-02-06 18:57:02.608000+00:00,leaf5,sg12,19,obt-collector1,true,3,65025,bgp,-536870912,10

2020-02-06 18:57:02.608000+00:00,leaf5,sg12,19,obt-collector1,true,4,,te-client,-536870912,10

2020-02-06 18:57:02.608000+00:00,leaf5,sg12,19,obt-collector1,true,5,,dagr,-536870912,10

2020-02-06 18:57:06.156000+00:00,leaf5,sg12,15,obt-collector1,true,2,,static,-536870912,10

2020-02-06 18:57:06.160000+00:00,leaf5,sg12,18,obt-collector1,true,1,,connected,-536870912,10

2020-02-06 18:57:06.162000+00:00,leaf5,sg12,19,obt-collector1,true,0,,local,-536870912,10

2020-02-06 18:57:06.162000+00:00,leaf5,sg12,19,obt-collector1,true,1,,connected,-536870912,10

2020-02-06 18:57:06.162000+00:00,leaf5,sg12,19,obt-collector1,true,2,,static,-536870912,10

2020-02-06 18:57:06.162000+00:00,leaf5,sg12,19,obt-collector1,true,3,65025,bgp,-536870912,10

2020-02-06 18:57:06.162000+00:00,leaf5,sg12,19,obt-collector1,true,4,,te-client,-536870912,10

2020-02-06 18:57:06.162000+00:00,leaf5,sg12,19,obt-collector1,true,5,,dagr,-536870912,10

2020-02-06 18:57:13.577000+00:00,leaf5,sg12,15,obt-collector1,true,2,,static,-536870912,10

2020-02-06 18:57:13.583000+00:00,leaf5,sg12,18,obt-collector1,true,1,,connected,-536870912,10

2020-02-06 18:57:13.586000+00:00,leaf5,sg12,19,obt-collector1,true,0,,local,-536870912,10

2020-02-06 18:57:13.586000+00:00,leaf5,sg12,19,obt-collector1,true,1,,connected,-536870912,10

2020-02-06 18:57:13.586000+00:00,leaf5,sg12,19,obt-collector1,true,2,,static,-536870912,10

2020-02-06 18:57:13.586000+00:00,leaf5,sg12,19,obt-collector1,true,3,65025,bgp,-536870912,10

2020-02-06 18:57:13.586000+00:00,leaf5,sg12,19,obt-collector1,true,4,,te-client,-536870912,10

2020-02-06 18:57:13.586000+00:00,leaf5,sg12,19,obt-collector1,true,5,,dagr,-536870912,10

2020-02-06 18:58:18.861000+00:00,leaf5,sg12,15,obt-collector1,true,2,,static,-536870912,10

2020-02-06 18:58:18.865000+00:00,leaf5,sg12,18,obt-collector1,true,1,,connected,-536870912,10

2020-02-06 18:58:18.868000+00:00,leaf5,sg12,19,obt-collector1,true,0,,local,-536870912,10

2020-02-06 18:58:18.868000+00:00,leaf5,sg12,19,obt-collector1,true,1,,connected,-536870912,10

2020-02-06 18:58:18.868000+00:00,leaf5,sg12,19,obt-collector1,true,2,,static,-536870912,10

2020-02-06 18:58:18.868000+00:00,leaf5,sg12,19,obt-collector1,true,3,65025,bgp,-536870912,10

2020-02-06 18:58:18.868000+00:00,leaf5,sg12,19,obt-collector1,true,4,,te-client,-536870912,10

2020-02-06 18:58:18.868000+00:00,leaf5,sg12,19,obt-collector1,true,5,,dagr,-536870912,10

2020-02-06 18:58:22.409000+00:00,leaf5,sg12,15,obt-collector1,true,2,,static,-536870912,10

2020-02-06 18:58:22.414000+00:00,leaf5,sg12,18,obt-collector1,true,1,,connected,-536870912,10

2020-02-06 18:58:22.417000+00:00,leaf5,sg12,19,obt-collector1,true,0,,local,-536870912,10

2020-02-06 18:58:22.417000+00:00,leaf5,sg12,19,obt-collector1,true,1,,connected,-536870912,10

2020-02-06 18:58:22.417000+00:00,leaf5,sg12,19,obt-collector1,true,2,,static,-536870912,10

2020-02-06 18:58:22.417000+00:00,leaf5,sg12,19,obt-collector1,true,3,65025,bgp,-536870912,10

2020-02-06 18:58:22.417000+00:00,leaf5,sg12,19,obt-collector1,true,4,,te-client,-536870912,10

2020-02-06 18:58:22.417000+00:00,leaf5,sg12,19,obt-collector1,true,5,,dagr,-536870912,10

2020-02-06 18:58:25.964000+00:00,leaf5,sg12,15,obt-collector1,true,2,,static,-536870912,10

2020-02-06 18:58:25.968000+00:00,leaf5,sg12,18,obt-collector1,true,1,,connected,-536870912,10

2020-02-06 18:58:25.970000+00:00,leaf5,sg12,19,obt-collector1,true,0,,local,-536870912,10

2020-02-06 18:58:25.970000+00:00,leaf5,sg12,19,obt-collector1,true,1,,connected,-536870912,10

2020-02-06 18:58:25.970000+00:00,leaf5,sg12,19,obt-collector1,true,2,,static,-536870912,10

2020-02-06 18:58:25.970000+00:00,leaf5,sg12,19,obt-collector1,true,3,65025,bgp,-536870912,10

2020-02-06 18:58:25.970000+00:00,leaf5,sg12,19,obt-collector1,true,4,,te-client,-536870912,10

2020-02-06 18:58:25.970000+00:00,leaf5,sg12,19,obt-collector1,true,5,,dagr,-536870912,10

2020-02-06 18:58:43.887000+00:00,leaf5,sg12,15,obt-collector1,true,2,,static,-536870912,10

2020-02-06 18:58:43.891000+00:00,leaf5,sg12,18,obt-collector1,true,1,,connected,-536870912,10

2020-02-06 18:58:43.894000+00:00,leaf5,sg12,19,obt-collector1,true,0,,local,-536870912,10

2020-02-06 18:58:43.894000+00:00,leaf5,sg12,19,obt-collector1,true,1,,connected,-536870912,10

2020-02-06 18:58:43.894000+00:00,leaf5,sg12,19,obt-collector1,true,2,,static,-536870912,10

2020-02-06 18:58:43.894000+00:00,leaf5,sg12,19,obt-collector1,true,3,65025,bgp,-536870912,10

2020-02-06 18:58:43.894000+00:00,leaf5,sg12,19,obt-collector1,true,4,,te-client,-536870912,10

2020-02-06 18:58:43.894000+00:00,leaf5,sg12,19,obt-collector1,true,5,,dagr,-536870912,10

2020-02-06 18:59:06.132000+00:00,leaf5,sg12,15,obt-collector1,true,2,,static,-536870912,10

2020-02-06 18:59:06.136000+00:00,leaf5,sg12,18,obt-collector1,true,1,,connected,-536870912,10

2020-02-06 18:59:06.138000+00:00,leaf5,sg12,19,obt-collector1,true,0,,local,-536870912,10

2020-02-06 18:59:06.138000+00:00,leaf5,sg12,19,obt-collector1,true,1,,connected,-536870912,10

2020-02-06 18:59:06.138000+00:00,leaf5,sg12,19,obt-collector1,true,2,,static,-536870912,10

2020-02-06 18:59:06.138000+00:00,leaf5,sg12,19,obt-collector1,true,3,65025,bgp,-536870912,10

2020-02-06 18:59:06.138000+00:00,leaf5,sg12,19,obt-collector1,true,4,,te-client,-536870912,10

2020-02-06 18:59:06.138000+00:00,leaf5,sg12,19,obt-collector1,true,5,,dagr,-536870912,10

2020-02-06 18:59:16.870000+00:00,leaf5,sg12,15,obt-collector1,true,2,,static,-536870912,10

2020-02-06 18:59:16.874000+00:00,leaf5,sg12,18,obt-collector1,true,1,,connected,-536870912,10

2020-02-06 18:59:16.877000+00:00,leaf5,sg12,19,obt-collector1,true,0,,local,-536870912,10

2020-02-06 18:59:16.877000+00:00,leaf5,sg12,19,obt-collector1,true,1,,connected,-536870912,10

2020-02-06 18:59:16.877000+00:00,leaf5,sg12,19,obt-collector1,true,2,,static,-536870912,10

2020-02-06 18:59:16.877000+00:00,leaf5,sg12,19,obt-collector1,true,3,65025,bgp,-536870912,10

2020-02-06 18:59:16.877000+00:00,leaf5,sg12,19,obt-collector1,true,4,,te-client,-536870912,10

2020-02-06 18:59:16.877000+00:00,leaf5,sg12,19,obt-collector1,true,5,,dagr,-536870912,10

2020-02-06 18:59:31.352000+00:00,leaf5,sg12,15,obt-collector1,true,2,,static,-536870912,10

2020-02-06 18:59:31.357000+00:00,leaf5,sg12,18,obt-collector1,true,1,,connected,-536870912,10

2020-02-06 18:59:31.359000+00:00,leaf5,sg12,19,obt-collector1,true,0,,local,-536870912,10

2020-02-06 18:59:31.359000+00:00,leaf5,sg12,19,obt-collector1,true,1,,connected,-536870912,10

2020-02-06 18:59:31.359000+00:00,leaf5,sg12,19,obt-collector1,true,2,,static,-536870912,10

2020-02-06 18:59:31.359000+00:00,leaf5,sg12,19,obt-collector1,true,3,65025,bgp,-536870912,10

2020-02-06 18:59:31.359000+00:00,leaf5,sg12,19,obt-collector1,true,4,,te-client,-536870912,10

2020-02-06 18:59:31.359000+00:00,leaf5,sg12,19,obt-collector1,true,5,,dagr,-536870912,10

2020-02-06 18:59:34.905000+00:00,leaf5,sg12,15,obt-collector1,true,2,,static,-536870912,10

2020-02-06 18:59:34.910000+00:00,leaf5,sg12,18,obt-collector1,true,1,,connected,-536870912,10

2020-02-06 18:59:34.912000+00:00,leaf5,sg12,19,obt-collector1,true,0,,local,-536870912,10

2020-02-06 18:59:34.912000+00:00,leaf5,sg12,19,obt-collector1,true,1,,connected,-536870912,10

2020-02-06 18:59:34.912000+00:00,leaf5,sg12,19,obt-collector1,true,2,,static,-536870912,10

2020-02-06 18:59:34.912000+00:00,leaf5,sg12,19,obt-collector1,true,3,65025,bgp,-536870912,10

2020-02-06 18:59:34.912000+00:00,leaf5,sg12,19,obt-collector1,true,4,,te-client,-536870912,10

2020-02-06 18:59:34.912000+00:00,leaf5,sg12,19,obt-collector1,true,5,,dagr,-536870912,10

2020-02-06 18:59:42.031000+00:00,leaf5,sg12,15,obt-collector1,true,2,,static,-536870912,10

2020-02-06 18:59:42.036000+00:00,leaf5,sg12,18,obt-collector1,true,1,,connected,-536870912,10

2020-02-06 18:59:42.038000+00:00,leaf5,sg12,19,obt-collector1,true,0,,local,-536870912,10

2020-02-06 18:59:42.038000+00:00,leaf5,sg12,19,obt-collector1,true,1,,connected,-536870912,10

2020-02-06 18:59:42.038000+00:00,leaf5,sg12,19,obt-collector1,true,2,,static,-536870912,10

2020-02-06 18:59:42.038000+00:00,leaf5,sg12,19,obt-collector1,true,3,65025,bgp,-536870912,10

2020-02-06 18:59:42.038000+00:00,leaf5,sg12,19,obt-collector1,true,4,,te-client,-536870912,10

2020-02-06 18:59:42.038000+00:00,leaf5,sg12,19,obt-collector1,true,5,,dagr,-536870912,10

2020-02-06 18:59:49.359000+00:00,leaf5,sg12,15,obt-collector1,true,2,,static,-536870912,10

2020-02-06 18:59:49.364000+00:00,leaf5,sg12,18,obt-collector1,true,1,,connected,-536870912,10

2020-02-06 18:59:49.366000+00:00,leaf5,sg12,19,obt-collector1,true,0,,local,-536870912,10

2020-02-06 18:59:49.366000+00:00,leaf5,sg12,19,obt-collector1,true,1,,connected,-536870912,10

2020-02-06 18:59:49.366000+00:00,leaf5,sg12,19,obt-collector1,true,2,,static,-536870912,10

2020-02-06 18:59:49.366000+00:00,leaf5,sg12,19,obt-collector1,true,3,65025,bgp,-536870912,10

2020-02-06 18:59:49.366000+00:00,leaf5,sg12,19,obt-collector1,true,4,,te-client,-536870912,10

2020-02-06 18:59:49.366000+00:00,leaf5,sg12,19,obt-collector1,true,5,,dagr,-536870912,10

2020-02-06 19:00:04.103000+00:00,leaf5,sg12,15,obt-collector1,true,2,,static,-536870912,10

2020-02-06 19:00:04.108000+00:00,leaf5,sg12,18,obt-collector1,true,1,,connected,-536870912,10

2020-02-06 19:00:04.110000+00:00,leaf5,sg12,19,obt-collector1,true,0,,local,-536870912,10

2020-02-06 19:00:04.110000+00:00,leaf5,sg12,19,obt-collector1,true,1,,connected,-536870912,10

2020-02-06 19:00:04.110000+00:00,leaf5,sg12,19,obt-collector1,true,2,,static,-536870912,10

2020-02-06 19:00:04.110000+00:00,leaf5,sg12,19,obt-collector1,true,3,65025,bgp,-536870912,10

2020-02-06 19:00:04.110000+00:00,leaf5,sg12,19,obt-collector1,true,4,,te-client,-536870912,10

2020-02-06 19:00:04.110000+00:00,leaf5,sg12,19,obt-collector1,true,5,,dagr,-536870912,10

2020-02-06 19:00:07.660000+00:00,leaf5,sg12,15,obt-collector1,true,2,,static,-536870912,10

2020-02-06 19:00:07.665000+00:00,leaf5,sg12,18,obt-collector1,true,1,,connected,-536870912,10

2020-02-06 19:00:07.667000+00:00,leaf5,sg12,19,obt-collector1,true,0,,local,-536870912,10

2020-02-06 19:00:07.667000+00:00,leaf5,sg12,19,obt-collector1,true,1,,connected,-536870912,10

2020-02-06 19:00:07.667000+00:00,leaf5,sg12,19,obt-collector1,true,2,,static,-536870912,10

2020-02-06 19:00:07.667000+00:00,leaf5,sg12,19,obt-collector1,true,3,65025,bgp,-536870912,10

2020-02-06 19:00:07.667000+00:00,leaf5,sg12,19,obt-collector1,true,4,,te-client,-536870912,10

2020-02-06 19:00:07.667000+00:00,leaf5,sg12,19,obt-collector1,true,5,,dagr,-536870912,10

2020-02-06 19:00:11.349000+00:00,leaf5,sg12,15,obt-collector1,true,2,,static,-536870912,10

2020-02-06 19:00:11.354000+00:00,leaf5,sg12,18,obt-collector1,true,1,,connected,-536870912,10

2020-02-06 19:00:11.356000+00:00,leaf5,sg12,19,obt-collector1,true,0,,local,-536870912,10

2020-02-06 19:00:11.356000+00:00,leaf5,sg12,19,obt-collector1,true,1,,connected,-536870912,10

2020-02-06 19:00:11.356000+00:00,leaf5,sg12,19,obt-collector1,true,2,,static,-536870912,10

2020-02-06 19:00:11.356000+00:00,leaf5,sg12,19,obt-collector1,true,3,65025,bgp,-536870912,10

2020-02-06 19:00:11.356000+00:00,leaf5,sg12,19,obt-collector1,true,4,,te-client,-536870912,10

2020-02-06 19:00:11.356000+00:00,leaf5,sg12,19,obt-collector1,true,5,,dagr,-536870912,10

2020-02-06 19:00:18.460000+00:00,leaf5,sg12,15,obt-collector1,true,2,,static,-536870912,10

2020-02-06 19:00:18.464000+00:00,leaf5,sg12,18,obt-collector1,true,1,,connected,-536870912,10

2020-02-06 19:00:18.467000+00:00,leaf5,sg12,19,obt-collector1,true,0,,local,-536870912,10

2020-02-06 19:00:18.467000+00:00,leaf5,sg12,19,obt-collector1,true,1,,connected,-536870912,10

2020-02-06 19:00:18.467000+00:00,leaf5,sg12,19,obt-collector1,true,2,,static,-536870912,10

2020-02-06 19:00:18.467000+00:00,leaf5,sg12,19,obt-collector1,true,3,65025,bgp,-536870912,10

2020-02-06 19:00:18.467000+00:00,leaf5,sg12,19,obt-collector1,true,4,,te-client,-536870912,10

2020-02-06 19:00:18.467000+00:00,leaf5,sg12,19,obt-collector1,true,5,,dagr,-536870912,10

2020-02-06 19:00:22.006000+00:00,leaf5,sg12,15,obt-collector1,true,2,,static,-536870912,10

2020-02-06 19:00:22.011000+00:00,leaf5,sg12,18,obt-collector1,true,1,,connected,-536870912,10

2020-02-06 19:00:22.013000+00:00,leaf5,sg12,19,obt-collector1,true,0,,local,-536870912,10

2020-02-06 19:00:22.013000+00:00,leaf5,sg12,19,obt-collector1,true,1,,connected,-536870912,10

2020-02-06 19:00:22.013000+00:00,leaf5,sg12,19,obt-collector1,true,2,,static,-536870912,10

2020-02-06 19:00:22.013000+00:00,leaf5,sg12,19,obt-collector1,true,3,65025,bgp,-536870912,10

2020-02-06 19:00:22.013000+00:00,leaf5,sg12,19,obt-collector1,true,4,,te-client,-536870912,10

2020-02-06 19:00:22.013000+00:00,leaf5,sg12,19,obt-collector1,true,5,,dagr,-536870912,10

2020-02-06 19:00:25.566000+00:00,leaf5,sg12,15,obt-collector1,true,2,,static,-536870912,10

2020-02-06 19:00:25.571000+00:00,leaf5,sg12,18,obt-collector1,true,1,,connected,-536870912,10

2020-02-06 19:00:25.574000+00:00,leaf5,sg12,19,obt-collector1,true,0,,local,-536870912,10

2020-02-06 19:00:25.574000+00:00,leaf5,sg12,19,obt-collector1,true,1,,connected,-536870912,10

2020-02-06 19:00:25.574000+00:00,leaf5,sg12,19,obt-collector1,true,2,,static,-536870912,10

2020-02-06 19:00:25.574000+00:00,leaf5,sg12,19,obt-collector1,true,3,65025,bgp,-536870912,10

2020-02-06 19:00:25.574000+00:00,leaf5,sg12,19,obt-collector1,true,4,,te-client,-536870912,10

2020-02-06 19:00:25.574000+00:00,leaf5,sg12,19,obt-collector1,true,5,,dagr,-536870912,10

2020-02-06 19:00:36.234000+00:00,leaf5,sg12,15,obt-collector1,true,2,,static,-536870912,10

2020-02-06 19:00:36.239000+00:00,leaf5,sg12,18,obt-collector1,true,1,,connected,-536870912,10

2020-02-06 19:00:36.241000+00:00,leaf5,sg12,19,obt-collector1,true,0,,local,-536870912,10

2020-02-06 19:00:36.241000+00:00,leaf5,sg12,19,obt-collector1,true,1,,connected,-536870912,10

2020-02-06 19:00:36.241000+00:00,leaf5,sg12,19,obt-collector1,true,2,,static,-536870912,10

2020-02-06 19:00:36.241000+00:00,leaf5,sg12,19,obt-collector1,true,3,65025,bgp,-536870912,10

2020-02-06 19:00:36.241000+00:00,leaf5,sg12,19,obt-collector1,true,4,,te-client,-536870912,10

2020-02-06 19:00:36.241000+00:00,leaf5,sg12,19,obt-collector1,true,5,,dagr,-536870912,10

2020-02-06 19:00:39.928000+00:00,leaf5,sg12,15,obt-collector1,true,2,,static,-536870912,10

2020-02-06 19:00:39.932000+00:00,leaf5,sg12,18,obt-collector1,true,1,,connected,-536870912,10

2020-02-06 19:00:39.934000+00:00,leaf5,sg12,19,obt-collector1,true,0,,local,-536870912,10

2020-02-06 19:00:39.934000+00:00,leaf5,sg12,19,obt-collector1,true,1,,connected,-536870912,10

2020-02-06 19:00:39.934000+00:00,leaf5,sg12,19,obt-collector1,true,2,,static,-536870912,10

2020-02-06 19:00:39.934000+00:00,leaf5,sg12,19,obt-collector1,true,3,65025,bgp,-536870912,10

2020-02-06 19:00:39.934000+00:00,leaf5,sg12,19,obt-collector1,true,4,,te-client,-536870912,10

2020-02-06 19:00:39.934000+00:00,leaf5,sg12,19,obt-collector1,true,5,,dagr,-536870912,10

2020-02-06 19:00:58.029000+00:00,leaf5,sg12,15,obt-collector1,true,2,,static,-536870912,10

2020-02-06 19:00:58.033000+00:00,leaf5,sg12,18,obt-collector1,true,1,,connected,-536870912,10

2020-02-06 19:00:58.036000+00:00,leaf5,sg12,19,obt-collector1,true,0,,local,-536870912,10

2020-02-06 19:00:58.036000+00:00,leaf5,sg12,19,obt-collector1,true,1,,connected,-536870912,10

2020-02-06 19:00:58.036000+00:00,leaf5,sg12,19,obt-collector1,true,2,,static,-536870912,10

2020-02-06 19:00:58.036000+00:00,leaf5,sg12,19,obt-collector1,true,3,65025,bgp,-536870912,10

2020-02-06 19:00:58.036000+00:00,leaf5,sg12,19,obt-collector1,true,4,,te-client,-536870912,10

2020-02-06 19:00:58.036000+00:00,leaf5,sg12,19,obt-collector1,true,5,,dagr,-536870912,10

2020-02-06 19:01:01.730000+00:00,leaf5,sg12,15,obt-collector1,true,2,,static,-536870912,10

2020-02-06 19:01:01.735000+00:00,leaf5,sg12,18,obt-collector1,true,1,,connected,-536870912,10

2020-02-06 19:01:01.738000+00:00,leaf5,sg12,19,obt-collector1,true,0,,local,-536870912,10

2020-02-06 19:01:01.738000+00:00,leaf5,sg12,19,obt-collector1,true,1,,connected,-536870912,10

2020-02-06 19:01:01.738000+00:00,leaf5,sg12,19,obt-collector1,true,2,,static,-536870912,10

2020-02-06 19:01:01.738000+00:00,leaf5,sg12,19,obt-collector1,true,3,65025,bgp,-536870912,10

2020-02-06 19:01:01.738000+00:00,leaf5,sg12,19,obt-collector1,true,4,,te-client,-536870912,10

2020-02-06 19:01:01.738000+00:00,leaf5,sg12,19,obt-collector1,true,5,,dagr,-536870912,10

2020-02-06 19:01:16.449000+00:00,leaf5,sg12,15,obt-collector1,true,2,,static,-536870912,10

2020-02-06 19:01:16.454000+00:00,leaf5,sg12,18,obt-collector1,true,1,,connected,-536870912,10

2020-02-06 19:01:16.456000+00:00,leaf5,sg12,19,obt-collector1,true,0,,local,-536870912,10

2020-02-06 19:01:16.456000+00:00,leaf5,sg12,19,obt-collector1,true,1,,connected,-536870912,10

2020-02-06 19:01:16.456000+00:00,leaf5,sg12,19,obt-collector1,true,2,,static,-536870912,10

2020-02-06 19:01:16.456000+00:00,leaf5,sg12,19,obt-collector1,true,3,65025,bgp,-536870912,10

2020-02-06 19:01:16.456000+00:00,leaf5,sg12,19,obt-collector1,true,4,,te-client,-536870912,10

2020-02-06 19:01:16.456000+00:00,leaf5,sg12,19,obt-collector1,true,5,,dagr,-536870912,10

2020-02-06 19:01:23.537000+00:00,leaf5,sg12,15,obt-collector1,true,2,,static,-536870912,10

2020-02-06 19:01:23.542000+00:00,leaf5,sg12,18,obt-collector1,true,1,,connected,-536870912,10

2020-02-06 19:01:23.544000+00:00,leaf5,sg12,19,obt-collector1,true,0,,local,-536870912,10

2020-02-06 19:01:23.544000+00:00,leaf5,sg12,19,obt-collector1,true,1,,connected,-536870912,10

2020-02-06 19:01:23.544000+00:00,leaf5,sg12,19,obt-collector1,true,2,,static,-536870912,10

2020-02-06 19:01:23.544000+00:00,leaf5,sg12,19,obt-collector1,true,3,65025,bgp,-536870912,10

2020-02-06 19:01:23.544000+00:00,leaf5,sg12,19,obt-collector1,true,4,,te-client,-536870912,10

2020-02-06 19:01:23.544000+00:00,leaf5,sg12,19,obt-collector1,true,5,,dagr,-536870912,10

2020-02-06 19:01:41.378000+00:00,leaf5,sg12,15,obt-collector1,true,2,,static,-536870912,10

2020-02-06 19:01:41.383000+00:00,leaf5,sg12,18,obt-collector1,true,1,,connected,-536870912,10

2020-02-06 19:01:41.385000+00:00,leaf5,sg12,19,obt-collector1,true,0,,local,-536870912,10

2020-02-06 19:01:41.385000+00:00,leaf5,sg12,19,obt-collector1,true,1,,connected,-536870912,10

2020-02-06 19:01:41.385000+00:00,leaf5,sg12,19,obt-collector1,true,2,,static,-536870912,10

2020-02-06 19:01:41.385000+00:00,leaf5,sg12,19,obt-collector1,true,3,65025,bgp,-536870912,10

2020-02-06 19:01:41.385000+00:00,leaf5,sg12,19,obt-collector1,true,4,,te-client,-536870912,10

2020-02-06 19:01:41.385000+00:00,leaf5,sg12,19,obt-collector1,true,5,,dagr,-536870912,10

2020-02-06 19:01:55.716000+00:00,leaf5,sg12,15,obt-collector1,true,2,,static,-536870912,10

2020-02-06 19:01:55.721000+00:00,leaf5,sg12,18,obt-collector1,true,1,,connected,-536870912,10

2020-02-06 19:01:55.723000+00:00,leaf5,sg12,19,obt-collector1,true,0,,local,-536870912,10

2020-02-06 19:01:55.723000+00:00,leaf5,sg12,19,obt-collector1,true,1,,connected,-536870912,10

2020-02-06 19:01:55.723000+00:00,leaf5,sg12,19,obt-collector1,true,2,,static,-536870912,10

2020-02-06 19:01:55.723000+00:00,leaf5,sg12,19,obt-collector1,true,3,65025,bgp,-536870912,10

2020-02-06 19:01:55.723000+00:00,leaf5,sg12,19,obt-collector1,true,4,,te-client,-536870912,10

2020-02-06 19:01:55.723000+00:00,leaf5,sg12,19,obt-collector1,true,5,,dagr,-536870912,10

2020-02-06 19:02:14.143000+00:00,leaf5,sg12,15,obt-collector1,true,2,,static,-536870912,10

2020-02-06 19:02:14.147000+00:00,leaf5,sg12,18,obt-collector1,true,1,,connected,-536870912,10

2020-02-06 19:02:14.149000+00:00,leaf5,sg12,19,obt-collector1,true,0,,local,-536870912,10

2020-02-06 19:02:14.149000+00:00,leaf5,sg12,19,obt-collector1,true,1,,connected,-536870912,10

2020-02-06 19:02:14.149000+00:00,leaf5,sg12,19,obt-collector1,true,2,,static,-536870912,10

2020-02-06 19:02:14.149000+00:00,leaf5,sg12,19,obt-collector1,true,3,65025,bgp,-536870912,10

2020-02-06 19:02:14.149000+00:00,leaf5,sg12,19,obt-collector1,true,4,,te-client,-536870912,10

2020-02-06 19:02:14.149000+00:00,leaf5,sg12,19,obt-collector1,true,5,,dagr,-536870912,10

2020-02-06 19:02:32.073000+00:00,leaf5,sg12,15,obt-collector1,true,2,,static,-536870912,10

2020-02-06 19:02:32.077000+00:00,leaf5,sg12,18,obt-collector1,true,1,,connected,-536870912,10

2020-02-06 19:02:32.080000+00:00,leaf5,sg12,19,obt-collector1,true,0,,local,-536870912,10

2020-02-06 19:02:32.080000+00:00,leaf5,sg12,19,obt-collector1,true,1,,connected,-536870912,10

2020-02-06 19:02:32.080000+00:00,leaf5,sg12,19,obt-collector1,true,2,,static,-536870912,10

2020-02-06 19:02:32.080000+00:00,leaf5,sg12,19,obt-collector1,true,3,65025,bgp,-536870912,10

2020-02-06 19:02:32.080000+00:00,leaf5,sg12,19,obt-collector1,true,4,,te-client,-536870912,10

2020-02-06 19:02:32.080000+00:00,leaf5,sg12,19,obt-collector1,true,5,,dagr,-536870912,10

2020-02-06 19:02:46.258000+00:00,leaf5,sg12,15,obt-collector1,true,2,,static,-536870912,10

2020-02-06 19:02:46.263000+00:00,leaf5,sg12,18,obt-collector1,true,1,,connected,-536870912,10

2020-02-06 19:02:46.266000+00:00,leaf5,sg12,19,obt-collector1,true,0,,local,-536870912,10

2020-02-06 19:02:46.266000+00:00,leaf5,sg12,19,obt-collector1,true,1,,connected,-536870912,10

2020-02-06 19:02:46.266000+00:00,leaf5,sg12,19,obt-collector1,true,2,,static,-536870912,10

2020-02-06 19:02:46.266000+00:00,leaf5,sg12,19,obt-collector1,true,3,65025,bgp,-536870912,10

2020-02-06 19:02:46.266000+00:00,leaf5,sg12,19,obt-collector1,true,4,,te-client,-536870912,10

2020-02-06 19:02:46.266000+00:00,leaf5,sg12,19,obt-collector1,true,5,,dagr,-536870912,10

2020-02-06 19:03:00.520000+00:00,leaf5,sg12,15,obt-collector1,true,2,,static,-536870912,10

2020-02-06 19:03:00.524000+00:00,leaf5,sg12,18,obt-collector1,true,1,,connected,-536870912,10

2020-02-06 19:03:00.526000+00:00,leaf5,sg12,19,obt-collector1,true,0,,local,-536870912,10

2020-02-06 19:03:00.526000+00:00,leaf5,sg12,19,obt-collector1,true,1,,connected,-536870912,10

2020-02-06 19:03:00.526000+00:00,leaf5,sg12,19,obt-collector1,true,2,,static,-536870912,10

2020-02-06 19:03:00.526000+00:00,leaf5,sg12,19,obt-collector1,true,3,65025,bgp,-536870912,10

2020-02-06 19:03:00.526000+00:00,leaf5,sg12,19,obt-collector1,true,4,,te-client,-536870912,10

2020-02-06 19:03:00.526000+00:00,leaf5,sg12,19,obt-collector1,true,5,,dagr,-536870912,10

2020-02-06 19:03:12.081000+00:00,leaf5,sg12,15,obt-collector1,true,2,,static,-536870912,10

2020-02-06 19:03:12.086000+00:00,leaf5,sg12,18,obt-collector1,true,1,,connected,-536870912,10

2020-02-06 19:03:12.088000+00:00,leaf5,sg12,19,obt-collector1,true,0,,local,-536870912,10

2020-02-06 19:03:12.088000+00:00,leaf5,sg12,19,obt-collector1,true,1,,connected,-536870912,10

2020-02-06 19:03:12.088000+00:00,leaf5,sg12,19,obt-collector1,true,2,,static,-536870912,10

2020-02-06 19:03:12.088000+00:00,leaf5,sg12,19,obt-collector1,true,3,65025,bgp,-536870912,10

2020-02-06 19:03:12.088000+00:00,leaf5,sg12,19,obt-collector1,true,4,,te-client,-536870912,10

2020-02-06 19:03:12.088000+00:00,leaf5,sg12,19,obt-collector1,true,5,,dagr,-536870912,10

2020-02-06 19:03:15.627000+00:00,leaf5,sg12,15,obt-collector1,true,2,,static,-536870912,10

2020-02-06 19:03:15.632000+00:00,leaf5,sg12,18,obt-collector1,true,1,,connected,-536870912,10

2020-02-06 19:03:15.634000+00:00,leaf5,sg12,19,obt-collector1,true,0,,local,-536870912,10

2020-02-06 19:03:15.634000+00:00,leaf5,sg12,19,obt-collector1,true,1,,connected,-536870912,10

2020-02-06 19:03:15.634000+00:00,leaf5,sg12,19,obt-collector1,true,2,,static,-536870912,10

2020-02-06 19:03:15.634000+00:00,leaf5,sg12,19,obt-collector1,true,3,65025,bgp,-536870912,10

2020-02-06 19:03:15.634000+00:00,leaf5,sg12,19,obt-collector1,true,4,,te-client,-536870912,10

2020-02-06 19:03:15.634000+00:00,leaf5,sg12,19,obt-collector1,true,5,,dagr,-536870912,10

2020-02-06 19:03:37.036000+00:00,leaf5,sg12,15,obt-collector1,true,2,,static,-536870912,10

2020-02-06 19:03:37.041000+00:00,leaf5,sg12,18,obt-collector1,true,1,,connected,-536870912,10

2020-02-06 19:03:37.043000+00:00,leaf5,sg12,19,obt-collector1,true,0,,local,-536870912,10

2020-02-06 19:03:37.043000+00:00,leaf5,sg12,19,obt-collector1,true,1,,connected,-536870912,10

2020-02-06 19:03:37.043000+00:00,leaf5,sg12,19,obt-collector1,true,2,,static,-536870912,10

2020-02-06 19:03:37.043000+00:00,leaf5,sg12,19,obt-collector1,true,3,65025,bgp,-536870912,10

2020-02-06 19:03:37.043000+00:00,leaf5,sg12,19,obt-collector1,true,4,,te-client,-536870912,10

2020-02-06 19:03:37.043000+00:00,leaf5,sg12,19,obt-collector1,true,5,,dagr,-536870912,10

2020-02-06 19:03:44.160000+00:00,leaf5,sg12,15,obt-collector1,true,2,,static,-536870912,10

2020-02-06 19:03:44.164000+00:00,leaf5,sg12,18,obt-collector1,true,1,,connected,-536870912,10

2020-02-06 19:03:44.167000+00:00,leaf5,sg12,19,obt-collector1,true,0,,local,-536870912,10

2020-02-06 19:03:44.167000+00:00,leaf5,sg12,19,obt-collector1,true,1,,connected,-536870912,10

2020-02-06 19:03:44.167000+00:00,leaf5,sg12,19,obt-collector1,true,2,,static,-536870912,10

2020-02-06 19:03:44.167000+00:00,leaf5,sg12,19,obt-collector1,true,3,65025,bgp,-536870912,10

2020-02-06 19:03:44.167000+00:00,leaf5,sg12,19,obt-collector1,true,4,,te-client,-536870912,10

2020-02-06 19:03:44.167000+00:00,leaf5,sg12,19,obt-collector1,true,5,,dagr,-536870912,10

2020-02-06 19:03:51.343000+00:00,leaf5,sg12,15,obt-collector1,true,2,,static,-536870912,10

2020-02-06 19:03:51.348000+00:00,leaf5,sg12,18,obt-collector1,true,1,,connected,-536870912,10

2020-02-06 19:03:51.350000+00:00,leaf5,sg12,19,obt-collector1,true,0,,local,-536870912,10

2020-02-06 19:03:51.350000+00:00,leaf5,sg12,19,obt-collector1,true,1,,connected,-536870912,10

2020-02-06 19:03:51.350000+00:00,leaf5,sg12,19,obt-collector1,true,2,,static,-536870912,10

2020-02-06 19:03:51.350000+00:00,leaf5,sg12,19,obt-collector1,true,3,65025,bgp,-536870912,10

2020-02-06 19:03:51.350000+00:00,leaf5,sg12,19,obt-collector1,true,4,,te-client,-536870912,10

2020-02-06 19:03:51.350000+00:00,leaf5,sg12,19,obt-collector1,true,5,,dagr,-536870912,10

2020-02-06 19:03:54.876000+00:00,leaf5,sg12,15,obt-collector1,true,2,,static,-536870912,10

2020-02-06 19:03:54.880000+00:00,leaf5,sg12,18,obt-collector1,true,1,,connected,-536870912,10

2020-02-06 19:03:54.883000+00:00,leaf5,sg12,19,obt-collector1,true,0,,local,-536870912,10

2020-02-06 19:03:54.883000+00:00,leaf5,sg12,19,obt-collector1,true,1,,connected,-536870912,10

2020-02-06 19:03:54.883000+00:00,leaf5,sg12,19,obt-collector1,true,2,,static,-536870912,10

2020-02-06 19:03:54.883000+00:00,leaf5,sg12,19,obt-collector1,true,3,65025,bgp,-536870912,10

2020-02-06 19:03:54.883000+00:00,leaf5,sg12,19,obt-collector1,true,4,,te-client,-536870912,10

2020-02-06 19:03:54.883000+00:00,leaf5,sg12,19,obt-collector1,true,5,,dagr,-536870912,10

2020-02-06 19:04:09.977000+00:00,leaf5,sg12,15,obt-collector1,true,2,,static,-536870912,10

2020-02-06 19:04:09.982000+00:00,leaf5,sg12,18,obt-collector1,true,1,,connected,-536870912,10

2020-02-06 19:04:09.984000+00:00,leaf5,sg12,19,obt-collector1,true,0,,local,-536870912,10

2020-02-06 19:04:09.984000+00:00,leaf5,sg12,19,obt-collector1,true,1,,connected,-536870912,10

2020-02-06 19:04:09.984000+00:00,leaf5,sg12,19,obt-collector1,true,2,,static,-536870912,10

2020-02-06 19:04:09.984000+00:00,leaf5,sg12,19,obt-collector1,true,3,65025,bgp,-536870912,10

2020-02-06 19:04:09.984000+00:00,leaf5,sg12,19,obt-collector1,true,4,,te-client,-536870912,10

2020-02-06 19:04:09.984000+00:00,leaf5,sg12,19,obt-collector1,true,5,,dagr,-536870912,10

2020-02-06 19:04:17.264000+00:00,leaf5,sg12,15,obt-collector1,true,2,,static,-536870912,10

2020-02-06 19:04:17.268000+00:00,leaf5,sg12,18,obt-collector1,true,1,,connected,-536870912,10

2020-02-06 19:04:17.271000+00:00,leaf5,sg12,19,obt-collector1,true,0,,local,-536870912,10

2020-02-06 19:04:17.271000+00:00,leaf5,sg12,19,obt-collector1,true,1,,connected,-536870912,10

2020-02-06 19:04:17.271000+00:00,leaf5,sg12,19,obt-collector1,true,2,,static,-536870912,10

2020-02-06 19:04:17.271000+00:00,leaf5,sg12,19,obt-collector1,true,3,65025,bgp,-536870912,10

2020-02-06 19:04:17.271000+00:00,leaf5,sg12,19,obt-collector1,true,4,,te-client,-536870912,10

2020-02-06 19:04:17.271000+00:00,leaf5,sg12,19,obt-collector1,true,5,,dagr,-536870912,10

2020-02-06 19:04:20.924000+00:00,leaf5,sg12,15,obt-collector1,true,2,,static,-536870912,10

2020-02-06 19:04:20.929000+00:00,leaf5,sg12,18,obt-collector1,true,1,,connected,-536870912,10

2020-02-06 19:04:20.931000+00:00,leaf5,sg12,19,obt-collector1,true,0,,local,-536870912,10

2020-02-06 19:04:20.931000+00:00,leaf5,sg12,19,obt-collector1,true,1,,connected,-536870912,10

2020-02-06 19:04:20.931000+00:00,leaf5,sg12,19,obt-collector1,true,2,,static,-536870912,10

2020-02-06 19:04:20.931000+00:00,leaf5,sg12,19,obt-collector1,true,3,65025,bgp,-536870912,10

2020-02-06 19:04:20.931000+00:00,leaf5,sg12,19,obt-collector1,true,4,,te-client,-536870912,10

2020-02-06 19:04:20.931000+00:00,leaf5,sg12,19,obt-collector1,true,5,,dagr,-536870912,10

2020-02-06 19:04:24.589000+00:00,leaf5,sg12,15,obt-collector1,true,2,,static,-536870912,10

2020-02-06 19:04:24.593000+00:00,leaf5,sg12,18,obt-collector1,true,1,,connected,-536870912,10

2020-02-06 19:04:24.595000+00:00,leaf5,sg12,19,obt-collector1,true,0,,local,-536870912,10

2020-02-06 19:04:24.595000+00:00,leaf5,sg12,19,obt-collector1,true,1,,connected,-536870912,10

2020-02-06 19:04:24.595000+00:00,leaf5,sg12,19,obt-collector1,true,2,,static,-536870912,10

2020-02-06 19:04:24.595000+00:00,leaf5,sg12,19,obt-collector1,true,3,65025,bgp,-536870912,10

2020-02-06 19:04:24.595000+00:00,leaf5,sg12,19,obt-collector1,true,4,,te-client,-536870912,10

2020-02-06 19:04:24.595000+00:00,leaf5,sg12,19,obt-collector1,true,5,,dagr,-536870912,10

2020-02-06 19:04:46.086000+00:00,leaf5,sg12,15,obt-collector1,true,2,,static,-536870912,10

2020-02-06 19:04:46.091000+00:00,leaf5,sg12,18,obt-collector1,true,1,,connected,-536870912,10

2020-02-06 19:04:46.093000+00:00,leaf5,sg12,19,obt-collector1,true,0,,local,-536870912,10

2020-02-06 19:04:46.093000+00:00,leaf5,sg12,19,obt-collector1,true,1,,connected,-536870912,10

2020-02-06 19:04:46.093000+00:00,leaf5,sg12,19,obt-collector1,true,2,,static,-536870912,10

2020-02-06 19:04:46.093000+00:00,leaf5,sg12,19,obt-collector1,true,3,65025,bgp,-536870912,10

2020-02-06 19:04:46.093000+00:00,leaf5,sg12,19,obt-collector1,true,4,,te-client,-536870912,10

2020-02-06 19:04:46.093000+00:00,leaf5,sg12,19,obt-collector1,true,5,,dagr,-536870912,10

2020-02-06 19:04:53.335000+00:00,leaf5,sg12,15,obt-collector1,true,2,,static,-536870912,10

2020-02-06 19:04:53.340000+00:00,leaf5,sg12,18,obt-collector1,true,1,,connected,-536870912,10

2020-02-06 19:04:53.342000+00:00,leaf5,sg12,19,obt-collector1,true,0,,local,-536870912,10

2020-02-06 19:04:53.342000+00:00,leaf5,sg12,19,obt-collector1,true,1,,connected,-536870912,10

2020-02-06 19:04:53.342000+00:00,leaf5,sg12,19,obt-collector1,true,2,,static,-536870912,10

2020-02-06 19:04:53.342000+00:00,leaf5,sg12,19,obt-collector1,true,3,65025,bgp,-536870912,10

2020-02-06 19:04:53.342000+00:00,leaf5,sg12,19,obt-collector1,true,4,,te-client,-536870912,10

2020-02-06 19:04:53.342000+00:00,leaf5,sg12,19,obt-collector1,true,5,,dagr,-536870912,10

2020-02-06 19:05:04.144000+00:00,leaf5,sg12,15,obt-collector1,true,2,,static,-536870912,10

2020-02-06 19:05:04.149000+00:00,leaf5,sg12,18,obt-collector1,true,1,,connected,-536870912,10

2020-02-06 19:05:04.151000+00:00,leaf5,sg12,19,obt-collector1,true,0,,local,-536870912,10

2020-02-06 19:05:04.151000+00:00,leaf5,sg12,19,obt-collector1,true,1,,connected,-536870912,10

2020-02-06 19:05:04.151000+00:00,leaf5,sg12,19,obt-collector1,true,2,,static,-536870912,10

2020-02-06 19:05:04.151000+00:00,leaf5,sg12,19,obt-collector1,true,3,65025,bgp,-536870912,10

2020-02-06 19:05:04.151000+00:00,leaf5,sg12,19,obt-collector1,true,4,,te-client,-536870912,10

2020-02-06 19:05:04.151000+00:00,leaf5,sg12,19,obt-collector1,true,5,,dagr,-536870912,10

2020-02-06 19:05:15.186000+00:00,leaf5,sg12,15,obt-collector1,true,2,,static,-536870912,10

2020-02-06 19:05:15.191000+00:00,leaf5,sg12,18,obt-collector1,true,1,,connected,-536870912,10

2020-02-06 19:05:15.193000+00:00,leaf5,sg12,19,obt-collector1,true,0,,local,-536870912,10

2020-02-06 19:05:15.193000+00:00,leaf5,sg12,19,obt-collector1,true,1,,connected,-536870912,10

2020-02-06 19:05:15.193000+00:00,leaf5,sg12,19,obt-collector1,true,2,,static,-536870912,10

2020-02-06 19:05:15.193000+00:00,leaf5,sg12,19,obt-collector1,true,3,65025,bgp,-536870912,10

2020-02-06 19:05:15.193000+00:00,leaf5,sg12,19,obt-collector1,true,4,,te-client,-536870912,10

2020-02-06 19:05:15.193000+00:00,leaf5,sg12,19,obt-collector1,true,5,,dagr,-536870912,10

2020-02-06 19:05:18.711000+00:00,leaf5,sg12,15,obt-collector1,true,2,,static,-536870912,10

2020-02-06 19:05:18.716000+00:00,leaf5,sg12,18,obt-collector1,true,1,,connected,-536870912,10

2020-02-06 19:05:18.718000+00:00,leaf5,sg12,19,obt-collector1,true,0,,local,-536870912,10

2020-02-06 19:05:18.718000+00:00,leaf5,sg12,19,obt-collector1,true,1,,connected,-536870912,10

2020-02-06 19:05:18.718000+00:00,leaf5,sg12,19,obt-collector1,true,4,,te-client,-536870912,10

2020-02-06 19:05:18.718000+00:00,leaf5,sg12,19,obt-collector1,true,5,,dagr,-536870912,10

2020-02-06 19:05:18.719000+00:00,leaf5,sg12,19,obt-collector1,true,2,,static,-536870912,10

2020-02-06 19:05:18.719000+00:00,leaf5,sg12,19,obt-collector1,true,3,65025,bgp,-536870912,10

2020-02-06 19:05:32.932000+00:00,leaf5,sg12,15,obt-collector1,true,2,,static,-536870912,10

2020-02-06 19:05:32.938000+00:00,leaf5,sg12,18,obt-collector1,true,1,,connected,-536870912,10

2020-02-06 19:05:32.940000+00:00,leaf5,sg12,19,obt-collector1,true,0,,local,-536870912,10

2020-02-06 19:05:32.940000+00:00,leaf5,sg12,19,obt-collector1,true,1,,connected,-536870912,10

2020-02-06 19:05:32.940000+00:00,leaf5,sg12,19,obt-collector1,true,2,,static,-536870912,10

2020-02-06 19:05:32.940000+00:00,leaf5,sg12,19,obt-collector1,true,3,65025,bgp,-536870912,10

2020-02-06 19:05:32.940000+00:00,leaf5,sg12,19,obt-collector1,true,4,,te-client,-536870912,10

2020-02-06 19:05:32.940000+00:00,leaf5,sg12,19,obt-collector1,true,5,,dagr,-536870912,10

2020-02-06 19:06:05.502000+00:00,leaf5,sg12,15,obt-collector1,true,2,,static,-536870912,10

2020-02-06 19:06:05.507000+00:00,leaf5,sg12,18,obt-collector1,true,1,,connected,-536870912,10

2020-02-06 19:06:05.510000+00:00,leaf5,sg12,19,obt-collector1,true,0,,local,-536870912,10

2020-02-06 19:06:05.510000+00:00,leaf5,sg12,19,obt-collector1,true,1,,connected,-536870912,10

2020-02-06 19:06:05.510000+00:00,leaf5,sg12,19,obt-collector1,true,2,,static,-536870912,10

2020-02-06 19:06:05.510000+00:00,leaf5,sg12,19,obt-collector1,true,3,65025,bgp,-536870912,10

2020-02-06 19:06:05.510000+00:00,leaf5,sg12,19,obt-collector1,true,4,,te-client,-536870912,10

2020-02-06 19:06:05.510000+00:00,leaf5,sg12,19,obt-collector1,true,5,,dagr,-536870912,10

2020-02-06 19:06:27.273000+00:00,leaf5,sg12,15,obt-collector1,true,2,,static,-536870912,10

2020-02-06 19:06:27.277000+00:00,leaf5,sg12,18,obt-collector1,true,1,,connected,-536870912,10

2020-02-06 19:06:27.280000+00:00,leaf5,sg12,19,obt-collector1,true,0,,local,-536870912,10

2020-02-06 19:06:27.280000+00:00,leaf5,sg12,19,obt-collector1,true,1,,connected,-536870912,10

2020-02-06 19:06:27.280000+00:00,leaf5,sg12,19,obt-collector1,true,2,,static,-536870912,10

2020-02-06 19:06:27.280000+00:00,leaf5,sg12,19,obt-collector1,true,3,65025,bgp,-536870912,10

2020-02-06 19:06:27.280000+00:00,leaf5,sg12,19,obt-collector1,true,4,,te-client,-536870912,10

2020-02-06 19:06:27.280000+00:00,leaf5,sg12,19,obt-collector1,true,5,,dagr,-536870912,10

2020-02-06 19:06:30.818000+00:00,leaf5,sg12,15,obt-collector1,true,2,,static,-536870912,10

2020-02-06 19:06:30.823000+00:00,leaf5,sg12,18,obt-collector1,true,1,,connected,-536870912,10

2020-02-06 19:06:30.825000+00:00,leaf5,sg12,19,obt-collector1,true,0,,local,-536870912,10

2020-02-06 19:06:30.825000+00:00,leaf5,sg12,19,obt-collector1,true,1,,connected,-536870912,10

2020-02-06 19:06:30.825000+00:00,leaf5,sg12,19,obt-collector1,true,2,,static,-536870912,10

2020-02-06 19:06:30.825000+00:00,leaf5,sg12,19,obt-collector1,true,3,65025,bgp,-536870912,10

2020-02-06 19:06:30.825000+00:00,leaf5,sg12,19,obt-collector1,true,4,,te-client,-536870912,10

2020-02-06 19:06:30.825000+00:00,leaf5,sg12,19,obt-collector1,true,5,,dagr,-536870912,10

2020-02-06 19:06:37.955000+00:00,leaf5,sg12,15,obt-collector1,true,2,,static,-536870912,10

2020-02-06 19:06:37.960000+00:00,leaf5,sg12,18,obt-collector1,true,1,,connected,-536870912,10

2020-02-06 19:06:37.963000+00:00,leaf5,sg12,19,obt-collector1,true,0,,local,-536870912,10

2020-02-06 19:06:37.963000+00:00,leaf5,sg12,19,obt-collector1,true,1,,connected,-536870912,10

2020-02-06 19:06:37.963000+00:00,leaf5,sg12,19,obt-collector1,true,2,,static,-536870912,10

2020-02-06 19:06:37.963000+00:00,leaf5,sg12,19,obt-collector1,true,3,65025,bgp,-536870912,10

2020-02-06 19:06:37.963000+00:00,leaf5,sg12,19,obt-collector1,true,4,,te-client,-536870912,10

2020-02-06 19:06:37.963000+00:00,leaf5,sg12,19,obt-collector1,true,5,,dagr,-536870912,10

2020-02-06 19:06:41.496000+00:00,leaf5,sg12,15,obt-collector1,true,2,,static,-536870912,10

2020-02-06 19:06:41.501000+00:00,leaf5,sg12,18,obt-collector1,true,1,,connected,-536870912,10

2020-02-06 19:06:41.503000+00:00,leaf5,sg12,19,obt-collector1,true,0,,local,-536870912,10

2020-02-06 19:06:41.503000+00:00,leaf5,sg12,19,obt-collector1,true,1,,connected,-536870912,10

2020-02-06 19:06:41.503000+00:00,leaf5,sg12,19,obt-collector1,true,2,,static,-536870912,10

2020-02-06 19:06:41.503000+00:00,leaf5,sg12,19,obt-collector1,true,3,65025,bgp,-536870912,10

2020-02-06 19:06:41.503000+00:00,leaf5,sg12,19,obt-collector1,true,4,,te-client,-536870912,10

2020-02-06 19:06:41.503000+00:00,leaf5,sg12,19,obt-collector1,true,5,,dagr,-536870912,10

2020-02-06 19:06:45.049000+00:00,leaf5,sg12,15,obt-collector1,true,2,,static,-536870912,10

2020-02-06 19:06:45.054000+00:00,leaf5,sg12,18,obt-collector1,true,1,,connected,-536870912,10

2020-02-06 19:06:45.056000+00:00,leaf5,sg12,19,obt-collector1,true,0,,local,-536870912,10

2020-02-06 19:06:45.056000+00:00,leaf5,sg12,19,obt-collector1,true,1,,connected,-536870912,10

2020-02-06 19:06:45.056000+00:00,leaf5,sg12,19,obt-collector1,true,2,,static,-536870912,10

2020-02-06 19:06:45.056000+00:00,leaf5,sg12,19,obt-collector1,true,3,65025,bgp,-536870912,10

2020-02-06 19:06:45.056000+00:00,leaf5,sg12,19,obt-collector1,true,4,,te-client,-536870912,10

2020-02-06 19:06:45.056000+00:00,leaf5,sg12,19,obt-collector1,true,5,,dagr,-536870912,10

2020-02-06 19:07:21.510000+00:00,leaf5,sg12,15,obt-collector1,true,2,,static,-536870912,10

2020-02-06 19:07:21.515000+00:00,leaf5,sg12,18,obt-collector1,true,1,,connected,-536870912,10

2020-02-06 19:07:21.517000+00:00,leaf5,sg12,19,obt-collector1,true,0,,local,-536870912,10

2020-02-06 19:07:21.517000+00:00,leaf5,sg12,19,obt-collector1,true,1,,connected,-536870912,10

2020-02-06 19:07:21.517000+00:00,leaf5,sg12,19,obt-collector1,true,2,,static,-536870912,10

2020-02-06 19:07:21.517000+00:00,leaf5,sg12,19,obt-collector1,true,3,65025,bgp,-536870912,10

2020-02-06 19:07:21.517000+00:00,leaf5,sg12,19,obt-collector1,true,4,,te-client,-536870912,10

2020-02-06 19:07:21.517000+00:00,leaf5,sg12,19,obt-collector1,true,5,,dagr,-536870912,10

2020-02-06 19:07:25.064000+00:00,leaf5,sg12,15,obt-collector1,true,2,,static,-536870912,10

2020-02-06 19:07:25.068000+00:00,leaf5,sg12,18,obt-collector1,true,1,,connected,-536870912,10

2020-02-06 19:07:25.071000+00:00,leaf5,sg12,19,obt-collector1,true,0,,local,-536870912,10

2020-02-06 19:07:25.071000+00:00,leaf5,sg12,19,obt-collector1,true,1,,connected,-536870912,10

2020-02-06 19:07:25.071000+00:00,leaf5,sg12,19,obt-collector1,true,2,,static,-536870912,10

2020-02-06 19:07:25.071000+00:00,leaf5,sg12,19,obt-collector1,true,3,65025,bgp,-536870912,10

2020-02-06 19:07:25.071000+00:00,leaf5,sg12,19,obt-collector1,true,4,,te-client,-536870912,10

2020-02-06 19:07:25.071000+00:00,leaf5,sg12,19,obt-collector1,true,5,,dagr,-536870912,10

2020-02-06 19:07:35.962000+00:00,leaf5,sg12,15,obt-collector1,true,2,,static,-536870912,10

2020-02-06 19:07:35.966000+00:00,leaf5,sg12,18,obt-collector1,true,1,,connected,-536870912,10

2020-02-06 19:07:35.968000+00:00,leaf5,sg12,19,obt-collector1,true,0,,local,-536870912,10

2020-02-06 19:07:35.968000+00:00,leaf5,sg12,19,obt-collector1,true,1,,connected,-536870912,10

2020-02-06 19:07:35.968000+00:00,leaf5,sg12,19,obt-collector1,true,5,,dagr,-536870912,10

2020-02-06 19:07:35.969000+00:00,leaf5,sg12,19,obt-collector1,true,2,,static,-536870912,10

2020-02-06 19:07:35.969000+00:00,leaf5,sg12,19,obt-collector1,true,3,65025,bgp,-536870912,10

2020-02-06 19:07:35.969000+00:00,leaf5,sg12,19,obt-collector1,true,4,,te-client,-536870912,10

2020-02-06 19:07:39.841000+00:00,leaf5,sg12,15,obt-collector1,true,2,,static,-536870912,10

2020-02-06 19:07:39.845000+00:00,leaf5,sg12,18,obt-collector1,true,1,,connected,-536870912,10

2020-02-06 19:07:39.848000+00:00,leaf5,sg12,19,obt-collector1,true,0,,local,-536870912,10

2020-02-06 19:07:39.848000+00:00,leaf5,sg12,19,obt-collector1,true,1,,connected,-536870912,10

2020-02-06 19:07:39.848000+00:00,leaf5,sg12,19,obt-collector1,true,2,,static,-536870912,10

2020-02-06 19:07:39.848000+00:00,leaf5,sg12,19,obt-collector1,true,3,65025,bgp,-536870912,10

2020-02-06 19:07:39.848000+00:00,leaf5,sg12,19,obt-collector1,true,4,,te-client,-536870912,10

2020-02-06 19:07:39.848000+00:00,leaf5,sg12,19,obt-collector1,true,5,,dagr,-536870912,10

2020-02-06 19:08:01.250000+00:00,leaf5,sg12,15,obt-collector1,true,2,,static,-536870912,10

2020-02-06 19:08:01.256000+00:00,leaf5,sg12,18,obt-collector1,true,1,,connected,-536870912,10

2020-02-06 19:08:01.259000+00:00,leaf5,sg12,19,obt-collector1,true,0,,local,-536870912,10

2020-02-06 19:08:01.259000+00:00,leaf5,sg12,19,obt-collector1,true,1,,connected,-536870912,10

2020-02-06 19:08:01.259000+00:00,leaf5,sg12,19,obt-collector1,true,2,,static,-536870912,10

2020-02-06 19:08:01.259000+00:00,leaf5,sg12,19,obt-collector1,true,3,65025,bgp,-536870912,10

2020-02-06 19:08:01.259000+00:00,leaf5,sg12,19,obt-collector1,true,4,,te-client,-536870912,10

2020-02-06 19:08:01.259000+00:00,leaf5,sg12,19,obt-collector1,true,5,,dagr,-536870912,10

