,Producer,Target,host,node-name,protocol-name,sesa-num-client,sesa-pl-sum/sep-num-ecd-pathlist,sesa-pl-sum/sep-num-ecd-pl-per-interest/entry,sesa-pl-sum/sep-num-ecd-pl-unresolved

2020-02-06 18:55:01.410000+00:00,leaf5,sg4,obt-collector1,0/0/CPU0,ipv4,9,22,0,0

2020-02-06 18:55:01.411000+00:00,leaf5,sg4,obt-collector1,0/0/CPU0,ipv6,6,20,0,0

2020-02-06 18:55:01.412000+00:00,leaf5,sg4,obt-collector1,0/0/CPU0,mpls,0,0,0,0

2020-02-06 18:55:01.415000+00:00,leaf5,sg4,obt-collector1,0/RP0/CPU0,ipv4,10,0,0,0

2020-02-06 18:55:01.416000+00:00,leaf5,sg4,obt-collector1,0/RP0/CPU0,ipv6,2,0,0,0

2020-02-06 18:55:01.417000+00:00,leaf5,sg4,obt-collector1,0/RP0/CPU0,mpls,0,0,0,0

2020-02-06 18:55:04.942000+00:00,leaf5,sg4,obt-collector1,0/0/CPU0,ipv4,9,22,0,0

2020-02-06 18:55:04.943000+00:00,leaf5,sg4,obt-collector1,0/0/CPU0,ipv6,6,20,0,0

2020-02-06 18:55:04.944000+00:00,leaf5,sg4,obt-collector1,0/0/CPU0,mpls,0,0,0,0

2020-02-06 18:55:04.947000+00:00,leaf5,sg4,obt-collector1,0/RP0/CPU0,ipv4,10,0,0,0

2020-02-06 18:55:04.948000+00:00,leaf5,sg4,obt-collector1,0/RP0/CPU0,ipv6,2,0,0,0

2020-02-06 18:55:04.949000+00:00,leaf5,sg4,obt-collector1,0/RP0/CPU0,mpls,0,0,0,0

2020-02-06 18:55:08.578000+00:00,leaf5,sg4,obt-collector1,0/0/CPU0,ipv4,9,22,0,0

2020-02-06 18:55:08.580000+00:00,leaf5,sg4,obt-collector1,0/0/CPU0,ipv6,6,20,0,0

2020-02-06 18:55:08.581000+00:00,leaf5,sg4,obt-collector1,0/0/CPU0,mpls,0,0,0,0

2020-02-06 18:55:08.584000+00:00,leaf5,sg4,obt-collector1,0/RP0/CPU0,ipv4,10,0,0,0

2020-02-06 18:55:08.585000+00:00,leaf5,sg4,obt-collector1,0/RP0/CPU0,ipv6,2,0,0,0

2020-02-06 18:55:08.586000+00:00,leaf5,sg4,obt-collector1,0/RP0/CPU0,mpls,0,0,0,0

2020-02-06 18:55:26.225000+00:00,leaf5,sg4,obt-collector1,0/0/CPU0,ipv4,9,22,0,0

2020-02-06 18:55:26.227000+00:00,leaf5,sg4,obt-collector1,0/0/CPU0,ipv6,6,20,0,0

2020-02-06 18:55:26.228000+00:00,leaf5,sg4,obt-collector1,0/0/CPU0,mpls,0,0,0,0

2020-02-06 18:55:26.230000+00:00,leaf5,sg4,obt-collector1,0/RP0/CPU0,ipv4,10,0,0,0

2020-02-06 18:55:26.231000+00:00,leaf5,sg4,obt-collector1,0/RP0/CPU0,ipv6,2,0,0,0

2020-02-06 18:55:26.232000+00:00,leaf5,sg4,obt-collector1,0/RP0/CPU0,mpls,0,0,0,0

2020-02-06 18:55:36.980000+00:00,leaf5,sg4,obt-collector1,0/0/CPU0,ipv4,9,22,0,0

2020-02-06 18:55:36.981000+00:00,leaf5,sg4,obt-collector1,0/0/CPU0,ipv6,6,20,0,0

2020-02-06 18:55:36.983000+00:00,leaf5,sg4,obt-collector1,0/0/CPU0,mpls,0,0,0,0

2020-02-06 18:55:36.986000+00:00,leaf5,sg4,obt-collector1,0/RP0/CPU0,ipv4,10,0,0,0

2020-02-06 18:55:36.987000+00:00,leaf5,sg4,obt-collector1,0/RP0/CPU0,ipv6,2,0,0,0

2020-02-06 18:55:36.988000+00:00,leaf5,sg4,obt-collector1,0/RP0/CPU0,mpls,0,0,0,0

2020-02-06 18:57:01.463000+00:00,leaf5,sg4,obt-collector1,0/0/CPU0,ipv4,9,22,0,0

2020-02-06 18:57:01.464000+00:00,leaf5,sg4,obt-collector1,0/0/CPU0,ipv6,6,20,0,0

2020-02-06 18:57:01.465000+00:00,leaf5,sg4,obt-collector1,0/0/CPU0,mpls,0,0,0,0

2020-02-06 18:57:01.468000+00:00,leaf5,sg4,obt-collector1,0/RP0/CPU0,ipv4,10,0,0,0

2020-02-06 18:57:01.469000+00:00,leaf5,sg4,obt-collector1,0/RP0/CPU0,ipv6,2,0,0,0

2020-02-06 18:57:01.470000+00:00,leaf5,sg4,obt-collector1,0/RP0/CPU0,mpls,0,0,0,0

2020-02-06 18:57:05.169000+00:00,leaf5,sg4,obt-collector1,0/0/CPU0,ipv4,9,22,0,0

2020-02-06 18:57:05.170000+00:00,leaf5,sg4,obt-collector1,0/0/CPU0,ipv6,6,20,0,0

2020-02-06 18:57:05.171000+00:00,leaf5,sg4,obt-collector1,0/0/CPU0,mpls,0,0,0,0

2020-02-06 18:57:05.174000+00:00,leaf5,sg4,obt-collector1,0/RP0/CPU0,ipv4,10,0,0,0

2020-02-06 18:57:05.175000+00:00,leaf5,sg4,obt-collector1,0/RP0/CPU0,ipv6,2,0,0,0

2020-02-06 18:57:05.176000+00:00,leaf5,sg4,obt-collector1,0/RP0/CPU0,mpls,0,0,0,0

2020-02-06 18:57:19.690000+00:00,leaf5,sg4,obt-collector1,0/0/CPU0,ipv4,9,22,0,0

2020-02-06 18:57:19.692000+00:00,leaf5,sg4,obt-collector1,0/0/CPU0,ipv6,6,20,0,0

2020-02-06 18:57:19.693000+00:00,leaf5,sg4,obt-collector1,0/0/CPU0,mpls,0,0,0,0

2020-02-06 18:57:19.695000+00:00,leaf5,sg4,obt-collector1,0/RP0/CPU0,ipv4,10,0,0,0

2020-02-06 18:57:19.696000+00:00,leaf5,sg4,obt-collector1,0/RP0/CPU0,ipv6,2,0,0,0

2020-02-06 18:57:19.697000+00:00,leaf5,sg4,obt-collector1,0/RP0/CPU0,mpls,0,0,0,0

2020-02-06 18:57:26.779000+00:00,leaf5,sg4,obt-collector1,0/0/CPU0,ipv4,9,22,0,0

2020-02-06 18:57:26.780000+00:00,leaf5,sg4,obt-collector1,0/0/CPU0,ipv6,6,20,0,0

2020-02-06 18:57:26.782000+00:00,leaf5,sg4,obt-collector1,0/0/CPU0,mpls,0,0,0,0

2020-02-06 18:57:26.784000+00:00,leaf5,sg4,obt-collector1,0/RP0/CPU0,ipv4,10,0,0,0

2020-02-06 18:57:26.785000+00:00,leaf5,sg4,obt-collector1,0/RP0/CPU0,ipv6,2,0,0,0

2020-02-06 18:57:26.786000+00:00,leaf5,sg4,obt-collector1,0/RP0/CPU0,mpls,0,0,0,0

2020-02-06 18:57:44.790000+00:00,leaf5,sg4,obt-collector1,0/0/CPU0,ipv4,9,22,0,0

2020-02-06 18:57:44.791000+00:00,leaf5,sg4,obt-collector1,0/0/CPU0,ipv6,6,20,0,0

2020-02-06 18:57:44.792000+00:00,leaf5,sg4,obt-collector1,0/0/CPU0,mpls,0,0,0,0

2020-02-06 18:57:44.795000+00:00,leaf5,sg4,obt-collector1,0/RP0/CPU0,ipv4,10,0,0,0

2020-02-06 18:57:44.796000+00:00,leaf5,sg4,obt-collector1,0/RP0/CPU0,ipv6,2,0,0,0

2020-02-06 18:57:44.797000+00:00,leaf5,sg4,obt-collector1,0/RP0/CPU0,mpls,0,0,0,0

2020-02-06 18:58:14.334000+00:00,leaf5,sg4,obt-collector1,0/0/CPU0,ipv4,9,22,0,0

2020-02-06 18:58:14.335000+00:00,leaf5,sg4,obt-collector1,0/0/CPU0,ipv6,6,20,0,0

2020-02-06 18:58:14.336000+00:00,leaf5,sg4,obt-collector1,0/0/CPU0,mpls,0,0,0,0

2020-02-06 18:58:14.339000+00:00,leaf5,sg4,obt-collector1,0/RP0/CPU0,ipv4,10,0,0,0

2020-02-06 18:58:14.340000+00:00,leaf5,sg4,obt-collector1,0/RP0/CPU0,ipv6,2,0,0,0

2020-02-06 18:58:14.341000+00:00,leaf5,sg4,obt-collector1,0/RP0/CPU0,mpls,0,0,0,0

2020-02-06 18:58:17.867000+00:00,leaf5,sg4,obt-collector1,0/0/CPU0,ipv4,9,22,0,0

2020-02-06 18:58:17.868000+00:00,leaf5,sg4,obt-collector1,0/0/CPU0,ipv6,6,20,0,0

2020-02-06 18:58:17.869000+00:00,leaf5,sg4,obt-collector1,0/0/CPU0,mpls,0,0,0,0

2020-02-06 18:58:17.872000+00:00,leaf5,sg4,obt-collector1,0/RP0/CPU0,ipv4,10,0,0,0

2020-02-06 18:58:17.873000+00:00,leaf5,sg4,obt-collector1,0/RP0/CPU0,ipv6,2,0,0,0

2020-02-06 18:58:17.874000+00:00,leaf5,sg4,obt-collector1,0/RP0/CPU0,mpls,0,0,0,0

2020-02-06 18:58:28.525000+00:00,leaf5,sg4,obt-collector1,0/0/CPU0,ipv4,9,22,0,0

2020-02-06 18:58:28.527000+00:00,leaf5,sg4,obt-collector1,0/0/CPU0,ipv6,6,20,0,0

2020-02-06 18:58:28.528000+00:00,leaf5,sg4,obt-collector1,0/0/CPU0,mpls,0,0,0,0

2020-02-06 18:58:28.530000+00:00,leaf5,sg4,obt-collector1,0/RP0/CPU0,ipv4,10,0,0,0

2020-02-06 18:58:28.531000+00:00,leaf5,sg4,obt-collector1,0/RP0/CPU0,ipv6,2,0,0,0

2020-02-06 18:58:28.532000+00:00,leaf5,sg4,obt-collector1,0/RP0/CPU0,mpls,0,0,0,0

2020-02-06 18:58:53.702000+00:00,leaf5,sg4,obt-collector1,0/0/CPU0,ipv4,9,22,0,0

2020-02-06 18:58:53.704000+00:00,leaf5,sg4,obt-collector1,0/0/CPU0,ipv6,6,20,0,0

2020-02-06 18:58:53.705000+00:00,leaf5,sg4,obt-collector1,0/0/CPU0,mpls,0,0,0,0

2020-02-06 18:58:53.708000+00:00,leaf5,sg4,obt-collector1,0/RP0/CPU0,ipv4,10,0,0,0

2020-02-06 18:58:53.709000+00:00,leaf5,sg4,obt-collector1,0/RP0/CPU0,ipv6,2,0,0,0

2020-02-06 18:58:53.710000+00:00,leaf5,sg4,obt-collector1,0/RP0/CPU0,mpls,0,0,0,0

2020-02-06 18:59:05.159000+00:00,leaf5,sg4,obt-collector1,0/0/CPU0,ipv4,9,22,0,0

2020-02-06 18:59:05.161000+00:00,leaf5,sg4,obt-collector1,0/0/CPU0,ipv6,6,20,0,0

2020-02-06 18:59:05.162000+00:00,leaf5,sg4,obt-collector1,0/0/CPU0,mpls,0,0,0,0

2020-02-06 18:59:05.165000+00:00,leaf5,sg4,obt-collector1,0/RP0/CPU0,ipv4,10,0,0,0

2020-02-06 18:59:05.166000+00:00,leaf5,sg4,obt-collector1,0/RP0/CPU0,ipv6,2,0,0,0

2020-02-06 18:59:05.167000+00:00,leaf5,sg4,obt-collector1,0/RP0/CPU0,mpls,0,0,0,0

2020-02-06 18:59:08.693000+00:00,leaf5,sg4,obt-collector1,0/0/CPU0,ipv4,9,22,0,0

2020-02-06 18:59:08.694000+00:00,leaf5,sg4,obt-collector1,0/0/CPU0,ipv6,6,20,0,0

2020-02-06 18:59:08.695000+00:00,leaf5,sg4,obt-collector1,0/0/CPU0,mpls,0,0,0,0

2020-02-06 18:59:08.698000+00:00,leaf5,sg4,obt-collector1,0/RP0/CPU0,ipv4,10,0,0,0

2020-02-06 18:59:08.699000+00:00,leaf5,sg4,obt-collector1,0/RP0/CPU0,ipv6,2,0,0,0

2020-02-06 18:59:08.700000+00:00,leaf5,sg4,obt-collector1,0/RP0/CPU0,mpls,0,0,0,0

2020-02-06 18:59:15.901000+00:00,leaf5,sg4,obt-collector1,0/0/CPU0,ipv4,9,22,0,0

2020-02-06 18:59:15.902000+00:00,leaf5,sg4,obt-collector1,0/0/CPU0,ipv6,6,20,0,0

2020-02-06 18:59:15.903000+00:00,leaf5,sg4,obt-collector1,0/0/CPU0,mpls,0,0,0,0

2020-02-06 18:59:15.906000+00:00,leaf5,sg4,obt-collector1,0/RP0/CPU0,ipv4,10,0,0,0

2020-02-06 18:59:15.907000+00:00,leaf5,sg4,obt-collector1,0/RP0/CPU0,ipv6,2,0,0,0

2020-02-06 18:59:15.908000+00:00,leaf5,sg4,obt-collector1,0/RP0/CPU0,mpls,0,0,0,0

2020-02-06 18:59:19.438000+00:00,leaf5,sg4,obt-collector1,0/0/CPU0,ipv4,9,22,0,0

2020-02-06 18:59:19.440000+00:00,leaf5,sg4,obt-collector1,0/0/CPU0,ipv6,6,20,0,0

2020-02-06 18:59:19.441000+00:00,leaf5,sg4,obt-collector1,0/0/CPU0,mpls,0,0,0,0

2020-02-06 18:59:19.443000+00:00,leaf5,sg4,obt-collector1,0/RP0/CPU0,ipv4,10,0,0,0

2020-02-06 18:59:19.445000+00:00,leaf5,sg4,obt-collector1,0/RP0/CPU0,ipv6,2,0,0,0

2020-02-06 18:59:19.446000+00:00,leaf5,sg4,obt-collector1,0/RP0/CPU0,mpls,0,0,0,0

2020-02-06 18:59:30.333000+00:00,leaf5,sg4,obt-collector1,0/0/CPU0,ipv4,9,22,0,0

2020-02-06 18:59:30.334000+00:00,leaf5,sg4,obt-collector1,0/0/CPU0,ipv6,6,20,0,0

2020-02-06 18:59:30.335000+00:00,leaf5,sg4,obt-collector1,0/0/CPU0,mpls,0,0,0,0

2020-02-06 18:59:30.338000+00:00,leaf5,sg4,obt-collector1,0/RP0/CPU0,ipv4,10,0,0,0

2020-02-06 18:59:30.339000+00:00,leaf5,sg4,obt-collector1,0/RP0/CPU0,ipv6,2,0,0,0

2020-02-06 18:59:30.340000+00:00,leaf5,sg4,obt-collector1,0/RP0/CPU0,mpls,0,0,0,0

2020-02-06 18:59:55.552000+00:00,leaf5,sg4,obt-collector1,0/0/CPU0,ipv4,9,22,0,0

2020-02-06 18:59:55.553000+00:00,leaf5,sg4,obt-collector1,0/0/CPU0,ipv6,6,20,0,0

2020-02-06 18:59:55.555000+00:00,leaf5,sg4,obt-collector1,0/0/CPU0,mpls,0,0,0,0

2020-02-06 18:59:55.557000+00:00,leaf5,sg4,obt-collector1,0/RP0/CPU0,ipv4,10,0,0,0

2020-02-06 18:59:55.558000+00:00,leaf5,sg4,obt-collector1,0/RP0/CPU0,ipv6,2,0,0,0

2020-02-06 18:59:55.559000+00:00,leaf5,sg4,obt-collector1,0/RP0/CPU0,mpls,0,0,0,0

2020-02-06 19:00:03.159000+00:00,leaf5,sg4,obt-collector1,0/0/CPU0,ipv4,9,22,0,0

2020-02-06 19:00:03.160000+00:00,leaf5,sg4,obt-collector1,0/0/CPU0,ipv6,6,20,0,0

2020-02-06 19:00:03.161000+00:00,leaf5,sg4,obt-collector1,0/0/CPU0,mpls,0,0,0,0

2020-02-06 19:00:03.164000+00:00,leaf5,sg4,obt-collector1,0/RP0/CPU0,ipv4,10,0,0,0

2020-02-06 19:00:03.165000+00:00,leaf5,sg4,obt-collector1,0/RP0/CPU0,ipv6,2,0,0,0

2020-02-06 19:00:03.166000+00:00,leaf5,sg4,obt-collector1,0/RP0/CPU0,mpls,0,0,0,0

2020-02-06 19:00:06.688000+00:00,leaf5,sg4,obt-collector1,0/0/CPU0,ipv4,9,22,0,0

2020-02-06 19:00:06.689000+00:00,leaf5,sg4,obt-collector1,0/0/CPU0,ipv6,6,20,0,0

2020-02-06 19:00:06.690000+00:00,leaf5,sg4,obt-collector1,0/0/CPU0,mpls,0,0,0,0

2020-02-06 19:00:06.693000+00:00,leaf5,sg4,obt-collector1,0/RP0/CPU0,ipv4,10,0,0,0

2020-02-06 19:00:06.694000+00:00,leaf5,sg4,obt-collector1,0/RP0/CPU0,ipv6,2,0,0,0

2020-02-06 19:00:06.695000+00:00,leaf5,sg4,obt-collector1,0/RP0/CPU0,mpls,0,0,0,0

2020-02-06 19:00:21.020000+00:00,leaf5,sg4,obt-collector1,0/0/CPU0,ipv4,9,22,0,0

2020-02-06 19:00:21.021000+00:00,leaf5,sg4,obt-collector1,0/0/CPU0,ipv6,6,20,0,0

2020-02-06 19:00:21.022000+00:00,leaf5,sg4,obt-collector1,0/0/CPU0,mpls,0,0,0,0

2020-02-06 19:00:21.025000+00:00,leaf5,sg4,obt-collector1,0/RP0/CPU0,ipv4,10,0,0,0

2020-02-06 19:00:21.026000+00:00,leaf5,sg4,obt-collector1,0/RP0/CPU0,ipv6,2,0,0,0

2020-02-06 19:00:21.027000+00:00,leaf5,sg4,obt-collector1,0/RP0/CPU0,mpls,0,0,0,0

2020-02-06 19:00:24.577000+00:00,leaf5,sg4,obt-collector1,0/0/CPU0,ipv4,9,22,0,0

2020-02-06 19:00:24.578000+00:00,leaf5,sg4,obt-collector1,0/0/CPU0,ipv6,6,20,0,0

2020-02-06 19:00:24.580000+00:00,leaf5,sg4,obt-collector1,0/0/CPU0,mpls,0,0,0,0

2020-02-06 19:00:24.582000+00:00,leaf5,sg4,obt-collector1,0/RP0/CPU0,ipv4,10,0,0,0

2020-02-06 19:00:24.583000+00:00,leaf5,sg4,obt-collector1,0/RP0/CPU0,ipv6,2,0,0,0

2020-02-06 19:00:24.584000+00:00,leaf5,sg4,obt-collector1,0/RP0/CPU0,mpls,0,0,0,0

2020-02-06 19:00:35.245000+00:00,leaf5,sg4,obt-collector1,0/0/CPU0,ipv4,9,22,0,0

2020-02-06 19:00:35.246000+00:00,leaf5,sg4,obt-collector1,0/0/CPU0,ipv6,6,20,0,0

2020-02-06 19:00:35.247000+00:00,leaf5,sg4,obt-collector1,0/0/CPU0,mpls,0,0,0,0

2020-02-06 19:00:35.250000+00:00,leaf5,sg4,obt-collector1,0/RP0/CPU0,ipv4,10,0,0,0

2020-02-06 19:00:35.251000+00:00,leaf5,sg4,obt-collector1,0/RP0/CPU0,ipv6,2,0,0,0

2020-02-06 19:00:35.252000+00:00,leaf5,sg4,obt-collector1,0/RP0/CPU0,mpls,0,0,0,0

2020-02-06 19:00:38.821000+00:00,leaf5,sg4,obt-collector1,0/0/CPU0,ipv4,9,22,0,0

2020-02-06 19:00:38.823000+00:00,leaf5,sg4,obt-collector1,0/0/CPU0,ipv6,6,20,0,0

2020-02-06 19:00:38.824000+00:00,leaf5,sg4,obt-collector1,0/0/CPU0,mpls,0,0,0,0

2020-02-06 19:00:38.826000+00:00,leaf5,sg4,obt-collector1,0/RP0/CPU0,ipv4,10,0,0,0

2020-02-06 19:00:38.827000+00:00,leaf5,sg4,obt-collector1,0/RP0/CPU0,ipv6,2,0,0,0

2020-02-06 19:00:38.828000+00:00,leaf5,sg4,obt-collector1,0/RP0/CPU0,mpls,0,0,0,0

2020-02-06 19:00:42.488000+00:00,leaf5,sg4,obt-collector1,0/0/CPU0,ipv4,9,22,0,0

2020-02-06 19:00:42.489000+00:00,leaf5,sg4,obt-collector1,0/0/CPU0,ipv6,6,20,0,0

2020-02-06 19:00:42.490000+00:00,leaf5,sg4,obt-collector1,0/0/CPU0,mpls,0,0,0,0

2020-02-06 19:00:42.493000+00:00,leaf5,sg4,obt-collector1,0/RP0/CPU0,ipv4,10,0,0,0

2020-02-06 19:00:42.494000+00:00,leaf5,sg4,obt-collector1,0/RP0/CPU0,ipv6,2,0,0,0

2020-02-06 19:00:42.495000+00:00,leaf5,sg4,obt-collector1,0/RP0/CPU0,mpls,0,0,0,0

2020-02-06 19:00:57.048000+00:00,leaf5,sg4,obt-collector1,0/0/CPU0,ipv4,9,22,0,0

2020-02-06 19:00:57.050000+00:00,leaf5,sg4,obt-collector1,0/0/CPU0,ipv6,6,20,0,0

2020-02-06 19:00:57.051000+00:00,leaf5,sg4,obt-collector1,0/0/CPU0,mpls,0,0,0,0

2020-02-06 19:00:57.054000+00:00,leaf5,sg4,obt-collector1,0/RP0/CPU0,ipv4,10,0,0,0

2020-02-06 19:00:57.055000+00:00,leaf5,sg4,obt-collector1,0/RP0/CPU0,ipv6,2,0,0,0

2020-02-06 19:00:57.056000+00:00,leaf5,sg4,obt-collector1,0/RP0/CPU0,mpls,0,0,0,0

2020-02-06 19:01:11.800000+00:00,leaf5,sg4,obt-collector1,0/0/CPU0,ipv4,9,22,0,0

2020-02-06 19:01:11.801000+00:00,leaf5,sg4,obt-collector1,0/0/CPU0,ipv6,6,20,0,0

2020-02-06 19:01:11.802000+00:00,leaf5,sg4,obt-collector1,0/0/CPU0,mpls,0,0,0,0

2020-02-06 19:01:11.805000+00:00,leaf5,sg4,obt-collector1,0/RP0/CPU0,ipv4,10,0,0,0

2020-02-06 19:01:11.806000+00:00,leaf5,sg4,obt-collector1,0/RP0/CPU0,ipv6,2,0,0,0

2020-02-06 19:01:11.807000+00:00,leaf5,sg4,obt-collector1,0/RP0/CPU0,mpls,0,0,0,0

2020-02-06 19:01:58.311000+00:00,leaf5,sg4,obt-collector1,0/0/CPU0,ipv4,9,22,0,0

2020-02-06 19:01:58.312000+00:00,leaf5,sg4,obt-collector1,0/0/CPU0,ipv6,6,20,0,0

2020-02-06 19:01:58.313000+00:00,leaf5,sg4,obt-collector1,0/0/CPU0,mpls,0,0,0,0

2020-02-06 19:01:58.316000+00:00,leaf5,sg4,obt-collector1,0/RP0/CPU0,ipv4,10,0,0,0

2020-02-06 19:01:58.317000+00:00,leaf5,sg4,obt-collector1,0/RP0/CPU0,ipv6,2,0,0,0

2020-02-06 19:01:58.318000+00:00,leaf5,sg4,obt-collector1,0/RP0/CPU0,mpls,0,0,0,0

2020-02-06 19:02:30.943000+00:00,leaf5,sg4,obt-collector1,0/0/CPU0,ipv4,9,22,0,0

2020-02-06 19:02:30.944000+00:00,leaf5,sg4,obt-collector1,0/0/CPU0,ipv6,6,20,0,0

2020-02-06 19:02:30.945000+00:00,leaf5,sg4,obt-collector1,0/0/CPU0,mpls,0,0,0,0

2020-02-06 19:02:30.948000+00:00,leaf5,sg4,obt-collector1,0/RP0/CPU0,ipv4,10,0,0,0

2020-02-06 19:02:30.949000+00:00,leaf5,sg4,obt-collector1,0/RP0/CPU0,ipv6,2,0,0,0

2020-02-06 19:02:30.950000+00:00,leaf5,sg4,obt-collector1,0/RP0/CPU0,mpls,0,0,0,0

2020-02-06 19:02:55.953000+00:00,leaf5,sg4,obt-collector1,0/0/CPU0,ipv4,9,22,0,0

2020-02-06 19:02:55.954000+00:00,leaf5,sg4,obt-collector1,0/0/CPU0,ipv6,6,20,0,0

2020-02-06 19:02:55.955000+00:00,leaf5,sg4,obt-collector1,0/0/CPU0,mpls,0,0,0,0

2020-02-06 19:02:55.958000+00:00,leaf5,sg4,obt-collector1,0/RP0/CPU0,ipv4,10,0,0,0

2020-02-06 19:02:55.959000+00:00,leaf5,sg4,obt-collector1,0/RP0/CPU0,ipv6,2,0,0,0

2020-02-06 19:02:55.960000+00:00,leaf5,sg4,obt-collector1,0/RP0/CPU0,mpls,0,0,0,0

2020-02-06 19:03:07.568000+00:00,leaf5,sg4,obt-collector1,0/0/CPU0,ipv4,9,22,0,0

2020-02-06 19:03:07.569000+00:00,leaf5,sg4,obt-collector1,0/0/CPU0,ipv6,6,20,0,0

2020-02-06 19:03:07.570000+00:00,leaf5,sg4,obt-collector1,0/0/CPU0,mpls,0,0,0,0

2020-02-06 19:03:07.573000+00:00,leaf5,sg4,obt-collector1,0/RP0/CPU0,ipv4,10,0,0,0

2020-02-06 19:03:07.574000+00:00,leaf5,sg4,obt-collector1,0/RP0/CPU0,ipv6,2,0,0,0

2020-02-06 19:03:07.575000+00:00,leaf5,sg4,obt-collector1,0/RP0/CPU0,mpls,0,0,0,0

2020-02-06 19:03:11.087000+00:00,leaf5,sg4,obt-collector1,0/0/CPU0,ipv4,9,22,0,0

2020-02-06 19:03:11.088000+00:00,leaf5,sg4,obt-collector1,0/0/CPU0,ipv6,6,20,0,0

2020-02-06 19:03:11.090000+00:00,leaf5,sg4,obt-collector1,0/0/CPU0,mpls,0,0,0,0

2020-02-06 19:03:11.092000+00:00,leaf5,sg4,obt-collector1,0/RP0/CPU0,ipv4,10,0,0,0

2020-02-06 19:03:11.093000+00:00,leaf5,sg4,obt-collector1,0/RP0/CPU0,ipv6,2,0,0,0

2020-02-06 19:03:11.094000+00:00,leaf5,sg4,obt-collector1,0/RP0/CPU0,mpls,0,0,0,0

2020-02-06 19:03:21.779000+00:00,leaf5,sg4,obt-collector1,0/0/CPU0,ipv4,9,22,0,0

2020-02-06 19:03:21.780000+00:00,leaf5,sg4,obt-collector1,0/0/CPU0,ipv6,6,20,0,0

2020-02-06 19:03:21.781000+00:00,leaf5,sg4,obt-collector1,0/0/CPU0,mpls,0,0,0,0

2020-02-06 19:03:21.784000+00:00,leaf5,sg4,obt-collector1,0/RP0/CPU0,ipv4,10,0,0,0

2020-02-06 19:03:21.785000+00:00,leaf5,sg4,obt-collector1,0/RP0/CPU0,ipv6,2,0,0,0

2020-02-06 19:03:21.785000+00:00,leaf5,sg4,obt-collector1,0/RP0/CPU0,mpls,0,0,0,0

2020-02-06 19:03:28.893000+00:00,leaf5,sg4,obt-collector1,0/0/CPU0,ipv4,9,22,0,0

2020-02-06 19:03:28.895000+00:00,leaf5,sg4,obt-collector1,0/0/CPU0,ipv6,6,20,0,0

2020-02-06 19:03:28.896000+00:00,leaf5,sg4,obt-collector1,0/0/CPU0,mpls,0,0,0,0

2020-02-06 19:03:28.899000+00:00,leaf5,sg4,obt-collector1,0/RP0/CPU0,ipv4,10,0,0,0

2020-02-06 19:03:28.900000+00:00,leaf5,sg4,obt-collector1,0/RP0/CPU0,ipv6,2,0,0,0

2020-02-06 19:03:28.901000+00:00,leaf5,sg4,obt-collector1,0/RP0/CPU0,mpls,0,0,0,0

2020-02-06 19:03:36.058000+00:00,leaf5,sg4,obt-collector1,0/0/CPU0,ipv4,9,22,0,0

2020-02-06 19:03:36.059000+00:00,leaf5,sg4,obt-collector1,0/0/CPU0,ipv6,6,20,0,0

2020-02-06 19:03:36.060000+00:00,leaf5,sg4,obt-collector1,0/0/CPU0,mpls,0,0,0,0

2020-02-06 19:03:36.063000+00:00,leaf5,sg4,obt-collector1,0/RP0/CPU0,ipv4,10,0,0,0

2020-02-06 19:03:36.064000+00:00,leaf5,sg4,obt-collector1,0/RP0/CPU0,ipv6,2,0,0,0

2020-02-06 19:03:36.065000+00:00,leaf5,sg4,obt-collector1,0/RP0/CPU0,mpls,0,0,0,0

2020-02-06 19:03:43.187000+00:00,leaf5,sg4,obt-collector1,0/0/CPU0,ipv4,9,22,0,0

2020-02-06 19:03:43.188000+00:00,leaf5,sg4,obt-collector1,0/0/CPU0,ipv6,6,20,0,0

2020-02-06 19:03:43.190000+00:00,leaf5,sg4,obt-collector1,0/0/CPU0,mpls,0,0,0,0

2020-02-06 19:03:43.192000+00:00,leaf5,sg4,obt-collector1,0/RP0/CPU0,ipv4,10,0,0,0

2020-02-06 19:03:43.193000+00:00,leaf5,sg4,obt-collector1,0/RP0/CPU0,ipv6,2,0,0,0

2020-02-06 19:03:43.194000+00:00,leaf5,sg4,obt-collector1,0/RP0/CPU0,mpls,0,0,0,0

2020-02-06 19:03:53.895000+00:00,leaf5,sg4,obt-collector1,0/0/CPU0,ipv4,9,22,0,0

2020-02-06 19:03:53.896000+00:00,leaf5,sg4,obt-collector1,0/0/CPU0,ipv6,6,20,0,0

2020-02-06 19:03:53.897000+00:00,leaf5,sg4,obt-collector1,0/0/CPU0,mpls,0,0,0,0

2020-02-06 19:03:53.900000+00:00,leaf5,sg4,obt-collector1,0/RP0/CPU0,ipv4,10,0,0,0

2020-02-06 19:03:53.901000+00:00,leaf5,sg4,obt-collector1,0/RP0/CPU0,ipv6,2,0,0,0

2020-02-06 19:03:53.902000+00:00,leaf5,sg4,obt-collector1,0/RP0/CPU0,mpls,0,0,0,0

2020-02-06 19:03:57.438000+00:00,leaf5,sg4,obt-collector1,0/0/CPU0,ipv4,9,22,0,0

2020-02-06 19:03:57.439000+00:00,leaf5,sg4,obt-collector1,0/0/CPU0,ipv6,6,20,0,0

2020-02-06 19:03:57.440000+00:00,leaf5,sg4,obt-collector1,0/0/CPU0,mpls,0,0,0,0

2020-02-06 19:03:57.443000+00:00,leaf5,sg4,obt-collector1,0/RP0/CPU0,ipv4,10,0,0,0

2020-02-06 19:03:57.444000+00:00,leaf5,sg4,obt-collector1,0/RP0/CPU0,ipv6,2,0,0,0

2020-02-06 19:03:57.445000+00:00,leaf5,sg4,obt-collector1,0/RP0/CPU0,mpls,0,0,0,0

2020-02-06 19:04:04.631000+00:00,leaf5,sg4,obt-collector1,0/0/CPU0,ipv4,9,22,0,0

2020-02-06 19:04:04.632000+00:00,leaf5,sg4,obt-collector1,0/0/CPU0,ipv6,6,20,0,0

2020-02-06 19:04:04.634000+00:00,leaf5,sg4,obt-collector1,0/0/CPU0,mpls,0,0,0,0

2020-02-06 19:04:04.636000+00:00,leaf5,sg4,obt-collector1,0/RP0/CPU0,ipv4,10,0,0,0

2020-02-06 19:04:04.637000+00:00,leaf5,sg4,obt-collector1,0/RP0/CPU0,ipv6,2,0,0,0

2020-02-06 19:04:04.638000+00:00,leaf5,sg4,obt-collector1,0/RP0/CPU0,mpls,0,0,0,0

2020-02-06 19:04:12.544000+00:00,leaf5,sg4,obt-collector1,0/0/CPU0,ipv4,9,22,0,0

2020-02-06 19:04:12.545000+00:00,leaf5,sg4,obt-collector1,0/0/CPU0,ipv6,6,20,0,0

2020-02-06 19:04:12.548000+00:00,leaf5,sg4,obt-collector1,0/0/CPU0,mpls,0,0,0,0

2020-02-06 19:04:12.551000+00:00,leaf5,sg4,obt-collector1,0/RP0/CPU0,ipv4,10,0,0,0

2020-02-06 19:04:12.552000+00:00,leaf5,sg4,obt-collector1,0/RP0/CPU0,ipv6,2,0,0,0

2020-02-06 19:04:12.553000+00:00,leaf5,sg4,obt-collector1,0/RP0/CPU0,mpls,0,0,0,0

2020-02-06 19:04:34.282000+00:00,leaf5,sg4,obt-collector1,0/0/CPU0,ipv4,9,22,0,0

2020-02-06 19:04:34.283000+00:00,leaf5,sg4,obt-collector1,0/0/CPU0,ipv6,6,20,0,0

2020-02-06 19:04:34.285000+00:00,leaf5,sg4,obt-collector1,0/0/CPU0,mpls,0,0,0,0

2020-02-06 19:04:34.287000+00:00,leaf5,sg4,obt-collector1,0/RP0/CPU0,ipv4,10,0,0,0

2020-02-06 19:04:34.288000+00:00,leaf5,sg4,obt-collector1,0/RP0/CPU0,ipv6,2,0,0,0

2020-02-06 19:04:34.289000+00:00,leaf5,sg4,obt-collector1,0/RP0/CPU0,mpls,0,0,0,0

2020-02-06 19:04:55.886000+00:00,leaf5,sg4,obt-collector1,0/0/CPU0,ipv4,9,22,0,0

2020-02-06 19:04:55.887000+00:00,leaf5,sg4,obt-collector1,0/0/CPU0,ipv6,6,20,0,0

2020-02-06 19:04:55.888000+00:00,leaf5,sg4,obt-collector1,0/0/CPU0,mpls,0,0,0,0

2020-02-06 19:04:55.891000+00:00,leaf5,sg4,obt-collector1,0/RP0/CPU0,ipv4,10,0,0,0

2020-02-06 19:04:55.892000+00:00,leaf5,sg4,obt-collector1,0/RP0/CPU0,ipv6,2,0,0,0

2020-02-06 19:04:55.893000+00:00,leaf5,sg4,obt-collector1,0/RP0/CPU0,mpls,0,0,0,0

2020-02-06 19:05:46.357000+00:00,leaf5,sg4,obt-collector1,0/0/CPU0,ipv4,9,22,0,0

2020-02-06 19:05:46.358000+00:00,leaf5,sg4,obt-collector1,0/0/CPU0,ipv6,6,20,0,0

2020-02-06 19:05:46.359000+00:00,leaf5,sg4,obt-collector1,0/0/CPU0,mpls,0,0,0,0

2020-02-06 19:05:46.363000+00:00,leaf5,sg4,obt-collector1,0/RP0/CPU0,ipv4,10,0,0,0

2020-02-06 19:05:46.364000+00:00,leaf5,sg4,obt-collector1,0/RP0/CPU0,ipv6,2,0,0,0

2020-02-06 19:05:46.365000+00:00,leaf5,sg4,obt-collector1,0/RP0/CPU0,mpls,0,0,0,0

2020-02-06 19:05:57.370000+00:00,leaf5,sg4,obt-collector1,0/0/CPU0,ipv4,9,22,0,0

2020-02-06 19:05:57.372000+00:00,leaf5,sg4,obt-collector1,0/0/CPU0,ipv6,6,20,0,0

2020-02-06 19:05:57.373000+00:00,leaf5,sg4,obt-collector1,0/0/CPU0,mpls,0,0,0,0

2020-02-06 19:05:57.376000+00:00,leaf5,sg4,obt-collector1,0/RP0/CPU0,ipv4,10,0,0,0

2020-02-06 19:05:57.377000+00:00,leaf5,sg4,obt-collector1,0/RP0/CPU0,ipv6,2,0,0,0

2020-02-06 19:05:57.378000+00:00,leaf5,sg4,obt-collector1,0/RP0/CPU0,mpls,0,0,0,0

2020-02-06 19:06:04.520000+00:00,leaf5,sg4,obt-collector1,0/0/CPU0,ipv4,9,22,0,0

2020-02-06 19:06:04.521000+00:00,leaf5,sg4,obt-collector1,0/0/CPU0,ipv6,6,20,0,0

2020-02-06 19:06:04.523000+00:00,leaf5,sg4,obt-collector1,0/0/CPU0,mpls,0,0,0,0

2020-02-06 19:06:04.525000+00:00,leaf5,sg4,obt-collector1,0/RP0/CPU0,ipv4,10,0,0,0

2020-02-06 19:06:04.526000+00:00,leaf5,sg4,obt-collector1,0/RP0/CPU0,ipv6,2,0,0,0

2020-02-06 19:06:04.528000+00:00,leaf5,sg4,obt-collector1,0/RP0/CPU0,mpls,0,0,0,0

2020-02-06 19:06:26.192000+00:00,leaf5,sg4,obt-collector1,0/0/CPU0,ipv4,9,22,0,0

2020-02-06 19:06:26.193000+00:00,leaf5,sg4,obt-collector1,0/0/CPU0,ipv6,6,20,0,0

2020-02-06 19:06:26.194000+00:00,leaf5,sg4,obt-collector1,0/0/CPU0,mpls,0,0,0,0

2020-02-06 19:06:26.197000+00:00,leaf5,sg4,obt-collector1,0/RP0/CPU0,ipv4,10,0,0,0

2020-02-06 19:06:26.198000+00:00,leaf5,sg4,obt-collector1,0/RP0/CPU0,ipv6,2,0,0,0

2020-02-06 19:06:26.199000+00:00,leaf5,sg4,obt-collector1,0/RP0/CPU0,mpls,0,0,0,0

2020-02-06 19:06:29.839000+00:00,leaf5,sg4,obt-collector1,0/0/CPU0,ipv4,9,22,0,0

2020-02-06 19:06:29.840000+00:00,leaf5,sg4,obt-collector1,0/0/CPU0,ipv6,6,20,0,0

2020-02-06 19:06:29.841000+00:00,leaf5,sg4,obt-collector1,0/0/CPU0,mpls,0,0,0,0

2020-02-06 19:06:29.844000+00:00,leaf5,sg4,obt-collector1,0/RP0/CPU0,ipv4,10,0,0,0

2020-02-06 19:06:29.845000+00:00,leaf5,sg4,obt-collector1,0/RP0/CPU0,ipv6,2,0,0,0

2020-02-06 19:06:29.846000+00:00,leaf5,sg4,obt-collector1,0/RP0/CPU0,mpls,0,0,0,0

2020-02-06 19:06:33.390000+00:00,leaf5,sg4,obt-collector1,0/0/CPU0,ipv4,9,22,0,0

2020-02-06 19:06:33.391000+00:00,leaf5,sg4,obt-collector1,0/0/CPU0,ipv6,6,20,0,0

2020-02-06 19:06:33.392000+00:00,leaf5,sg4,obt-collector1,0/0/CPU0,mpls,0,0,0,0

2020-02-06 19:06:33.396000+00:00,leaf5,sg4,obt-collector1,0/RP0/CPU0,ipv4,10,0,0,0

2020-02-06 19:06:33.397000+00:00,leaf5,sg4,obt-collector1,0/RP0/CPU0,ipv6,2,0,0,0

2020-02-06 19:06:33.398000+00:00,leaf5,sg4,obt-collector1,0/RP0/CPU0,mpls,0,0,0,0

2020-02-06 19:06:36.967000+00:00,leaf5,sg4,obt-collector1,0/0/CPU0,ipv4,9,22,0,0

2020-02-06 19:06:36.968000+00:00,leaf5,sg4,obt-collector1,0/0/CPU0,ipv6,6,20,0,0

2020-02-06 19:06:36.969000+00:00,leaf5,sg4,obt-collector1,0/0/CPU0,mpls,0,0,0,0

2020-02-06 19:06:36.972000+00:00,leaf5,sg4,obt-collector1,0/RP0/CPU0,ipv4,10,0,0,0

2020-02-06 19:06:36.973000+00:00,leaf5,sg4,obt-collector1,0/RP0/CPU0,ipv6,2,0,0,0

2020-02-06 19:06:36.974000+00:00,leaf5,sg4,obt-collector1,0/RP0/CPU0,mpls,0,0,0,0

2020-02-06 19:06:40.543000+00:00,leaf5,sg4,obt-collector1,0/0/CPU0,ipv4,9,22,0,0

2020-02-06 19:06:40.544000+00:00,leaf5,sg4,obt-collector1,0/0/CPU0,ipv6,6,20,0,0

2020-02-06 19:06:40.545000+00:00,leaf5,sg4,obt-collector1,0/0/CPU0,mpls,0,0,0,0

2020-02-06 19:06:40.548000+00:00,leaf5,sg4,obt-collector1,0/RP0/CPU0,ipv4,10,0,0,0

2020-02-06 19:06:40.549000+00:00,leaf5,sg4,obt-collector1,0/RP0/CPU0,ipv6,2,0,0,0

2020-02-06 19:06:40.550000+00:00,leaf5,sg4,obt-collector1,0/RP0/CPU0,mpls,0,0,0,0

2020-02-06 19:06:44.064000+00:00,leaf5,sg4,obt-collector1,0/0/CPU0,ipv4,9,22,0,0

2020-02-06 19:06:44.065000+00:00,leaf5,sg4,obt-collector1,0/0/CPU0,ipv6,6,20,0,0

2020-02-06 19:06:44.066000+00:00,leaf5,sg4,obt-collector1,0/0/CPU0,mpls,0,0,0,0

2020-02-06 19:06:44.069000+00:00,leaf5,sg4,obt-collector1,0/RP0/CPU0,ipv4,10,0,0,0

2020-02-06 19:06:44.070000+00:00,leaf5,sg4,obt-collector1,0/RP0/CPU0,ipv6,2,0,0,0

2020-02-06 19:06:44.071000+00:00,leaf5,sg4,obt-collector1,0/RP0/CPU0,mpls,0,0,0,0

2020-02-06 19:06:54.912000+00:00,leaf5,sg4,obt-collector1,0/0/CPU0,ipv4,9,22,0,0

2020-02-06 19:06:54.913000+00:00,leaf5,sg4,obt-collector1,0/0/CPU0,ipv6,6,20,0,0

2020-02-06 19:06:54.916000+00:00,leaf5,sg4,obt-collector1,0/0/CPU0,mpls,0,0,0,0

2020-02-06 19:06:54.919000+00:00,leaf5,sg4,obt-collector1,0/RP0/CPU0,ipv4,10,0,0,0

2020-02-06 19:06:54.920000+00:00,leaf5,sg4,obt-collector1,0/RP0/CPU0,ipv6,2,0,0,0

2020-02-06 19:06:54.921000+00:00,leaf5,sg4,obt-collector1,0/RP0/CPU0,mpls,0,0,0,0

2020-02-06 19:07:24.078000+00:00,leaf5,sg4,obt-collector1,0/0/CPU0,ipv4,9,22,0,0

2020-02-06 19:07:24.079000+00:00,leaf5,sg4,obt-collector1,0/0/CPU0,ipv6,6,20,0,0

2020-02-06 19:07:24.080000+00:00,leaf5,sg4,obt-collector1,0/0/CPU0,mpls,0,0,0,0

2020-02-06 19:07:24.083000+00:00,leaf5,sg4,obt-collector1,0/RP0/CPU0,ipv4,10,0,0,0

2020-02-06 19:07:24.084000+00:00,leaf5,sg4,obt-collector1,0/RP0/CPU0,ipv6,2,0,0,0

2020-02-06 19:07:24.085000+00:00,leaf5,sg4,obt-collector1,0/RP0/CPU0,mpls,0,0,0,0

2020-02-06 19:07:27.642000+00:00,leaf5,sg4,obt-collector1,0/0/CPU0,ipv4,9,22,0,0

2020-02-06 19:07:27.644000+00:00,leaf5,sg4,obt-collector1,0/0/CPU0,ipv6,6,20,0,0

2020-02-06 19:07:27.645000+00:00,leaf5,sg4,obt-collector1,0/0/CPU0,mpls,0,0,0,0

2020-02-06 19:07:27.648000+00:00,leaf5,sg4,obt-collector1,0/RP0/CPU0,ipv4,10,0,0,0

2020-02-06 19:07:27.649000+00:00,leaf5,sg4,obt-collector1,0/RP0/CPU0,ipv6,2,0,0,0

2020-02-06 19:07:27.650000+00:00,leaf5,sg4,obt-collector1,0/RP0/CPU0,mpls,0,0,0,0

2020-02-06 19:07:42.416000+00:00,leaf5,sg4,obt-collector1,0/0/CPU0,ipv4,9,22,0,0

2020-02-06 19:07:42.417000+00:00,leaf5,sg4,obt-collector1,0/0/CPU0,ipv6,6,20,0,0

2020-02-06 19:07:42.419000+00:00,leaf5,sg4,obt-collector1,0/0/CPU0,mpls,0,0,0,0

2020-02-06 19:07:42.421000+00:00,leaf5,sg4,obt-collector1,0/RP0/CPU0,ipv4,10,0,0,0

2020-02-06 19:07:42.422000+00:00,leaf5,sg4,obt-collector1,0/RP0/CPU0,ipv6,2,0,0,0

2020-02-06 19:07:42.423000+00:00,leaf5,sg4,obt-collector1,0/RP0/CPU0,mpls,0,0,0,0

2020-02-06 19:07:53.090000+00:00,leaf5,sg4,obt-collector1,0/0/CPU0,ipv4,9,22,0,0

2020-02-06 19:07:53.091000+00:00,leaf5,sg4,obt-collector1,0/0/CPU0,ipv6,6,20,0,0

2020-02-06 19:07:53.092000+00:00,leaf5,sg4,obt-collector1,0/0/CPU0,mpls,0,0,0,0

2020-02-06 19:07:53.095000+00:00,leaf5,sg4,obt-collector1,0/RP0/CPU0,ipv4,10,0,0,0

2020-02-06 19:07:53.096000+00:00,leaf5,sg4,obt-collector1,0/RP0/CPU0,ipv6,2,0,0,0

2020-02-06 19:07:53.097000+00:00,leaf5,sg4,obt-collector1,0/RP0/CPU0,mpls,0,0,0,0

