,Producer,Target,host,icmp/checksum-error-messages,icmp/output-messages,icmp/received-echo-reply-messages,icmp/received-echo-request-messages,icmp/received-hop-count-expired-messages,icmp/received-parameter-error-messages,icmp/received-parameter-header-messages,icmp/received-parameter-option-messages,icmp/received-parameter-unknown-type-messages,icmp/received-reassembly-timeouts,icmp/received-too-big-messages,icmp/received-unknown-timeout-messages,icmp/received-unreachable-address-messages,icmp/received-unreachable-admin-messages,icmp/received-unreachable-neighbor-messages,icmp/received-unreachable-port-messages,icmp/received-unreachable-routing-messages,icmp/received-unreachable-unknown-type-messages,icmp/sent-echo-reply-messages,icmp/sent-echo-request-messages,icmp/sent-hop-count-expired-messages,icmp/sent-parameter-error-messages,icmp/sent-parameter-header-messages,icmp/sent-parameter-option-messages,icmp/sent-parameter-unknown-type-messages,icmp/sent-rate-limited-packets,icmp/sent-reassembly-timeouts,icmp/sent-too-big-messages,icmp/sent-unknown-timeout-messages,icmp/sent-unreachable-address-messages,icmp/sent-unreachable-admin-messages,icmp/sent-unreachable-neighbor-messages,icmp/sent-unreachable-port-messages,icmp/sent-unreachable-routing-messages,icmp/sent-unreachable-unknown-type-messages,icmp/too-short-error-messages,icmp/total-messages,icmp/unknown-error-type-messages,ipv6-node-discovery/received-neighbor-advertisement-messages,ipv6-node-discovery/received-neighbor-solicitation-messages,ipv6-node-discovery/received-redirect-messages,ipv6-node-discovery/received-router-advertisement-messages,ipv6-node-discovery/received-router-solicitation-messages,ipv6-node-discovery/sent-neighbor-advertisement-messages,ipv6-node-discovery/sent-neighbor-solicitation-messages,ipv6-node-discovery/sent-redirect-messages,ipv6-node-discovery/sent-router-advertisement-messages,ipv6-node-discovery/sent-router-solicitation-messages,ipv6/bad-header-packets,ipv6/bad-source-address-packets,ipv6/format-errors,ipv6/forwarded-packets,ipv6/fragment-count,ipv6/fragment-failures,ipv6/fragmented-packets,ipv6/fragments,ipv6/generated-packets,ipv6/hop-count-exceeded-packets,ipv6/io-puntback,ipv6/lisp-decap-errors,ipv6/lisp-encap-errors,ipv6/lisp-v4-decap-packets,ipv6/lisp-v4-encap-packets,ipv6/lisp-v6-decap-packets,ipv6/lisp-v6-encap-packets,ipv6/local-destination-packets,ipv6/miscellaneous-drops,ipv6/no-route-packets,ipv6/reassembled-packets,ipv6/reassembly-failures,ipv6/reassembly-maximum-drops,ipv6/reassembly-timeouts,ipv6/received-multicast-packets,ipv6/sent-multicast-packets,ipv6/source-routed-packets,ipv6/too-big-packets,ipv6/total-packets,ipv6/truncated-packets,ipv6/unknown-option-type-packets,ipv6/unknown-protocol-packets,node-name

2020-02-06 19:04:51.633000+00:00,leaf4,sg2,obt-collector1,1,58,0,0,0,0,0,0,0,0,0,0,0,0,0,0,0,0,0,0,4,0,0,0,0,0,0,0,0,0,0,0,53,1,0,0,62,0,55520,50672,0,26359,1,50694,55523,0,29284,0,22,88,0,53,0,0,0,0,135614,0,0,0,0,0,0,0,0,101,0,24,0,0,0,0,26571,0,0,0,419186,0,96,0,0/0/CPU0

2020-02-06 19:04:51.635000+00:00,leaf4,sg2,obt-collector1,0,0,0,0,0,0,0,0,0,0,0,0,0,0,0,0,0,0,0,0,0,0,0,0,0,60,0,0,0,0,0,0,0,0,0,0,0,0,0,0,0,0,0,0,0,0,0,0,0,0,0,0,0,0,0,0,1757454,0,0,0,0,0,0,0,0,0,0,0,0,0,0,0,0,0,0,0,1665172,0,0,0,0/RP0/CPU0

2020-02-06 19:04:55.106000+00:00,leaf4,sg2,obt-collector1,1,58,0,0,0,0,0,0,0,0,0,0,0,0,0,0,0,0,0,0,4,0,0,0,0,0,0,0,0,0,0,0,53,1,0,0,62,0,55520,50672,0,26359,1,50694,55523,0,29285,0,22,88,0,53,0,0,0,0,135615,0,0,0,0,0,0,0,0,101,0,24,0,0,0,0,26571,0,0,0,419190,0,96,0,0/0/CPU0

2020-02-06 19:04:55.108000+00:00,leaf4,sg2,obt-collector1,0,0,0,0,0,0,0,0,0,0,0,0,0,0,0,0,0,0,0,0,0,0,0,0,0,60,0,0,0,0,0,0,0,0,0,0,0,0,0,0,0,0,0,0,0,0,0,0,0,0,0,0,0,0,0,0,1757455,0,0,0,0,0,0,0,0,0,0,0,0,0,0,0,0,0,0,0,1665173,0,0,0,0/RP0/CPU0

2020-02-06 19:05:01.679000+00:00,leaf4,sg2,obt-collector1,1,58,0,0,0,0,0,0,0,0,0,0,0,0,0,0,0,0,0,0,4,0,0,0,0,0,0,0,0,0,0,0,53,1,0,0,62,0,55521,50675,0,26359,1,50697,55524,0,29286,0,22,88,0,53,0,0,0,0,135620,0,0,0,0,0,0,0,0,101,0,24,0,0,0,0,26571,0,0,0,419202,0,96,0,0/0/CPU0

2020-02-06 19:05:01.681000+00:00,leaf4,sg2,obt-collector1,0,0,0,0,0,0,0,0,0,0,0,0,0,0,0,0,0,0,0,0,0,0,0,0,0,60,0,0,0,0,0,0,0,0,0,0,0,0,0,0,0,0,0,0,0,0,0,0,0,0,0,0,0,0,0,0,1757504,0,0,0,0,0,0,0,0,0,0,0,0,0,0,0,0,0,0,0,1665252,0,0,0,0/RP0/CPU0

2020-02-06 19:05:08.247000+00:00,leaf4,sg2,obt-collector1,1,58,0,0,0,0,0,0,0,0,0,0,0,0,0,0,0,0,0,0,4,0,0,0,0,0,0,0,0,0,0,0,53,1,0,0,62,0,55522,50676,0,26360,1,50698,55525,0,29288,0,22,88,0,53,0,0,0,0,135624,0,0,0,0,0,0,0,0,101,0,24,0,0,0,0,26572,0,0,0,419211,0,96,0,0/0/CPU0

2020-02-06 19:05:08.249000+00:00,leaf4,sg2,obt-collector1,0,0,0,0,0,0,0,0,0,0,0,0,0,0,0,0,0,0,0,0,0,0,0,0,0,60,0,0,0,0,0,0,0,0,0,0,0,0,0,0,0,0,0,0,0,0,0,0,0,0,0,0,0,0,0,0,1757536,0,0,0,0,0,0,0,0,0,0,0,0,0,0,0,0,0,0,0,1665291,0,0,0,0/RP0/CPU0

2020-02-06 19:05:38.217000+00:00,leaf4,sg2,obt-collector1,1,58,0,0,0,0,0,0,0,0,0,0,0,0,0,0,0,0,0,0,4,0,0,0,0,0,0,0,0,0,0,0,53,1,0,0,62,0,55526,50679,0,26364,1,50701,55529,0,29290,0,22,88,0,53,0,0,0,0,135633,0,0,0,0,0,0,0,0,101,0,24,0,0,0,0,26576,0,0,0,419256,0,96,0,0/0/CPU0

2020-02-06 19:05:38.219000+00:00,leaf4,sg2,obt-collector1,0,0,0,0,0,0,0,0,0,0,0,0,0,0,0,0,0,0,0,0,0,0,0,0,0,60,0,0,0,0,0,0,0,0,0,0,0,0,0,0,0,0,0,0,0,0,0,0,0,0,0,0,0,0,0,0,1757683,0,0,0,0,0,0,0,0,0,0,0,0,0,0,0,0,0,0,0,1665531,0,0,0,0/RP0/CPU0

2020-02-06 19:05:44.832000+00:00,leaf4,sg2,obt-collector1,1,58,0,0,0,0,0,0,0,0,0,0,0,0,0,0,0,0,0,0,4,0,0,0,0,0,0,0,0,0,0,0,53,1,0,0,62,0,55529,50681,0,26364,1,50703,55532,0,29292,0,22,88,0,53,0,0,0,0,135640,0,0,0,0,0,0,0,0,101,0,24,0,0,0,0,26576,0,0,0,419269,0,96,0,0/0/CPU0

2020-02-06 19:05:44.834000+00:00,leaf4,sg2,obt-collector1,0,0,0,0,0,0,0,0,0,0,0,0,0,0,0,0,0,0,0,0,0,0,0,0,0,60,0,0,0,0,0,0,0,0,0,0,0,0,0,0,0,0,0,0,0,0,0,0,0,0,0,0,0,0,0,0,1757706,0,0,0,0,0,0,0,0,0,0,0,0,0,0,0,0,0,0,0,1665571,0,0,0,0/RP0/CPU0

2020-02-06 19:05:55.052000+00:00,leaf4,sg2,obt-collector1,1,58,0,0,0,0,0,0,0,0,0,0,0,0,0,0,0,0,0,0,4,0,0,0,0,0,0,0,0,0,0,0,53,1,0,0,62,0,55532,50684,0,26366,1,50706,55535,0,29292,0,22,88,0,53,0,0,0,0,135646,0,0,0,0,0,0,0,0,101,0,24,0,0,0,0,26578,0,0,0,419289,0,96,0,0/0/CPU0

2020-02-06 19:05:55.054000+00:00,leaf4,sg2,obt-collector1,0,0,0,0,0,0,0,0,0,0,0,0,0,0,0,0,0,0,0,0,0,0,0,0,0,60,0,0,0,0,0,0,0,0,0,0,0,0,0,0,0,0,0,0,0,0,0,0,0,0,0,0,0,0,0,0,1757752,0,0,0,0,0,0,0,0,0,0,0,0,0,0,0,0,0,0,0,1665651,0,0,0,0/RP0/CPU0

2020-02-06 19:05:58.236000+00:00,leaf4,sg2,obt-collector1,1,58,0,0,0,0,0,0,0,0,0,0,0,0,0,0,0,0,0,0,4,0,0,0,0,0,0,0,0,0,0,0,53,1,0,0,62,0,55533,50684,0,26366,1,50706,55536,0,29292,0,22,88,0,53,0,0,0,0,135647,0,0,0,0,0,0,0,0,101,0,24,0,0,0,0,26578,0,0,0,419293,0,96,0,0/0/CPU0

2020-02-06 19:05:58.237000+00:00,leaf4,sg2,obt-collector1,0,0,0,0,0,0,0,0,0,0,0,0,0,0,0,0,0,0,0,0,0,0,0,0,0,60,0,0,0,0,0,0,0,0,0,0,0,0,0,0,0,0,0,0,0,0,0,0,0,0,0,0,0,0,0,0,1757775,0,0,0,0,0,0,0,0,0,0,0,0,0,0,0,0,0,0,0,1665691,0,0,0,0/RP0/CPU0

2020-02-06 19:06:08.180000+00:00,leaf4,sg2,obt-collector1,1,58,0,0,0,0,0,0,0,0,0,0,0,0,0,0,0,0,0,0,4,0,0,0,0,0,0,0,0,0,0,0,53,1,0,0,62,0,55535,50687,0,26367,1,50709,55538,0,29294,0,22,88,0,53,0,0,0,0,135654,0,0,0,0,0,0,0,0,101,0,24,0,0,0,0,26579,0,0,0,419310,0,96,0,0/0/CPU0

2020-02-06 19:06:08.181000+00:00,leaf4,sg2,obt-collector1,0,0,0,0,0,0,0,0,0,0,0,0,0,0,0,0,0,0,0,0,0,0,0,0,0,60,0,0,0,0,0,0,0,0,0,0,0,0,0,0,0,0,0,0,0,0,0,0,0,0,0,0,0,0,0,0,1757834,0,0,0,0,0,0,0,0,0,0,0,0,0,0,0,0,0,0,0,1665784,0,0,0,0/RP0/CPU0

2020-02-06 19:06:11.384000+00:00,leaf4,sg2,obt-collector1,1,58,0,0,0,0,0,0,0,0,0,0,0,0,0,0,0,0,0,0,4,0,0,0,0,0,0,0,0,0,0,0,53,1,0,0,62,0,55535,50688,0,26369,1,50710,55538,0,29295,0,22,88,0,53,0,0,0,0,135656,0,0,0,0,0,0,0,0,101,0,24,0,0,0,0,26581,0,0,0,419317,0,96,0,0/0/CPU0

2020-02-06 19:06:11.386000+00:00,leaf4,sg2,obt-collector1,0,0,0,0,0,0,0,0,0,0,0,0,0,0,0,0,0,0,0,0,0,0,0,0,0,60,0,0,0,0,0,0,0,0,0,0,0,0,0,0,0,0,0,0,0,0,0,0,0,0,0,0,0,0,0,0,1757856,0,0,0,0,0,0,0,0,0,0,0,0,0,0,0,0,0,0,0,1665806,0,0,0,0/RP0/CPU0

2020-02-06 19:06:17.796000+00:00,leaf4,sg2,obt-collector1,1,58,0,0,0,0,0,0,0,0,0,0,0,0,0,0,0,0,0,0,4,0,0,0,0,0,0,0,0,0,0,0,53,1,0,0,62,0,55537,50689,0,26370,1,50711,55540,0,29295,0,22,88,0,53,0,0,0,0,135659,0,0,0,0,0,0,0,0,101,0,24,0,0,0,0,26582,0,0,0,419328,0,96,0,0/0/CPU0

2020-02-06 19:06:17.797000+00:00,leaf4,sg2,obt-collector1,0,0,0,0,0,0,0,0,0,0,0,0,0,0,0,0,0,0,0,0,0,0,0,0,0,60,0,0,0,0,0,0,0,0,0,0,0,0,0,0,0,0,0,0,0,0,0,0,0,0,0,0,0,0,0,0,1757880,0,0,0,0,0,0,0,0,0,0,0,0,0,0,0,0,0,0,0,1665864,0,0,0,0/RP0/CPU0

2020-02-06 19:06:27.519000+00:00,leaf4,sg2,obt-collector1,1,58,0,0,0,0,0,0,0,0,0,0,0,0,0,0,0,0,0,0,4,0,0,0,0,0,0,0,0,0,0,0,53,1,0,0,62,0,55539,50690,0,26370,1,50712,55542,0,29296,0,22,88,0,53,0,0,0,0,135663,0,0,0,0,0,0,0,0,101,0,24,0,0,0,0,26582,0,0,0,419342,0,96,0,0/0/CPU0

2020-02-06 19:06:27.521000+00:00,leaf4,sg2,obt-collector1,0,0,0,0,0,0,0,0,0,0,0,0,0,0,0,0,0,0,0,0,0,0,0,0,0,60,0,0,0,0,0,0,0,0,0,0,0,0,0,0,0,0,0,0,0,0,0,0,0,0,0,0,0,0,0,0,1757926,0,0,0,0,0,0,0,0,0,0,0,0,0,0,0,0,0,0,0,1665944,0,0,0,0/RP0/CPU0

2020-02-06 19:06:30.722000+00:00,leaf4,sg2,obt-collector1,1,58,0,0,0,0,0,0,0,0,0,0,0,0,0,0,0,0,0,0,4,0,0,0,0,0,0,0,0,0,0,0,53,1,0,0,62,0,55539,50691,0,26370,1,50713,55542,0,29298,0,22,88,0,53,0,0,0,0,135666,0,0,0,0,0,0,0,0,101,0,24,0,0,0,0,26582,0,0,0,419347,0,96,0,0/0/CPU0

2020-02-06 19:06:30.723000+00:00,leaf4,sg2,obt-collector1,0,0,0,0,0,0,0,0,0,0,0,0,0,0,0,0,0,0,0,0,0,0,0,0,0,60,0,0,0,0,0,0,0,0,0,0,0,0,0,0,0,0,0,0,0,0,0,0,0,0,0,0,0,0,0,0,1757928,0,0,0,0,0,0,0,0,0,0,0,0,0,0,0,0,0,0,0,1665947,0,0,0,0/RP0/CPU0

2020-02-06 19:06:37.298000+00:00,leaf4,sg2,obt-collector1,1,58,0,0,0,0,0,0,0,0,0,0,0,0,0,0,0,0,0,0,4,0,0,0,0,0,0,0,0,0,0,0,53,1,0,0,62,0,55543,50691,0,26370,1,50713,55546,0,29299,0,22,88,0,53,0,0,0,0,135671,0,0,0,0,0,0,0,0,101,0,24,0,0,0,0,26582,0,0,0,419359,0,96,0,0/0/CPU0

2020-02-06 19:06:37.299000+00:00,leaf4,sg2,obt-collector1,0,0,0,0,0,0,0,0,0,0,0,0,0,0,0,0,0,0,0,0,0,0,0,0,0,60,0,0,0,0,0,0,0,0,0,0,0,0,0,0,0,0,0,0,0,0,0,0,0,0,0,0,0,0,0,0,1757978,0,0,0,0,0,0,0,0,0,0,0,0,0,0,0,0,0,0,0,1666030,0,0,0,0/RP0/CPU0

2020-02-06 19:06:41.281000+00:00,leaf4,sg2,obt-collector1,1,58,0,0,0,0,0,0,0,0,0,0,0,0,0,0,0,0,0,0,4,0,0,0,0,0,0,0,0,0,0,0,53,1,0,0,62,0,55544,50692,0,26370,1,50714,55547,0,29300,0,22,88,0,53,0,0,0,0,135674,0,0,0,0,0,0,0,0,101,0,24,0,0,0,0,26582,0,0,0,419365,0,96,0,0/0/CPU0

2020-02-06 19:06:41.283000+00:00,leaf4,sg2,obt-collector1,0,0,0,0,0,0,0,0,0,0,0,0,0,0,0,0,0,0,0,0,0,0,0,0,0,60,0,0,0,0,0,0,0,0,0,0,0,0,0,0,0,0,0,0,0,0,0,0,0,0,0,0,0,0,0,0,1757981,0,0,0,0,0,0,0,0,0,0,0,0,0,0,0,0,0,0,0,1666045,0,0,0,0/RP0/CPU0

2020-02-06 19:07:14.971000+00:00,leaf4,sg2,obt-collector1,1,58,0,0,0,0,0,0,0,0,0,0,0,0,0,0,0,0,0,0,4,0,0,0,0,0,0,0,0,0,0,0,53,1,0,0,62,0,55553,50696,0,26374,1,50718,55556,0,29305,0,22,88,0,53,0,0,0,0,135692,0,0,0,0,0,0,0,0,101,0,24,0,0,0,0,26586,0,0,0,419421,0,96,0,0/0/CPU0

2020-02-06 19:07:14.973000+00:00,leaf4,sg2,obt-collector1,0,0,0,0,0,0,0,0,0,0,0,0,0,0,0,0,0,0,0,0,0,0,0,0,0,60,0,0,0,0,0,0,0,0,0,0,0,0,0,0,0,0,0,0,0,0,0,0,0,0,0,0,0,0,0,0,1758147,0,0,0,0,0,0,0,0,0,0,0,0,0,0,0,0,0,0,0,1666318,0,0,0,0/RP0/CPU0

2020-02-06 19:07:21.686000+00:00,leaf4,sg2,obt-collector1,1,58,0,0,0,0,0,0,0,0,0,0,0,0,0,0,0,0,0,0,4,0,0,0,0,0,0,0,0,0,0,0,53,1,0,0,62,0,55554,50699,0,26374,1,50721,55557,0,29305,0,22,88,0,53,0,0,0,0,135696,0,0,0,0,0,0,0,0,101,0,24,0,0,0,0,26586,0,0,0,419433,0,96,0,0/0/CPU0

2020-02-06 19:07:21.688000+00:00,leaf4,sg2,obt-collector1,0,0,0,0,0,0,0,0,0,0,0,0,0,0,0,0,0,0,0,0,0,0,0,0,0,60,0,0,0,0,0,0,0,0,0,0,0,0,0,0,0,0,0,0,0,0,0,0,0,0,0,0,0,0,0,0,1758193,0,0,0,0,0,0,0,0,0,0,0,0,0,0,0,0,0,0,0,1666397,0,0,0,0/RP0/CPU0

2020-02-06 19:07:28.595000+00:00,leaf4,sg2,obt-collector1,1,58,0,0,0,0,0,0,0,0,0,0,0,0,0,0,0,0,0,0,4,0,0,0,0,0,0,0,0,0,0,0,53,1,0,0,62,0,55556,50702,0,26375,1,50724,55559,0,29305,0,22,88,0,53,0,0,0,0,135701,0,0,0,0,0,0,0,0,101,0,24,0,0,0,0,26587,0,0,0,419447,0,96,0,0/0/CPU0

2020-02-06 19:07:28.597000+00:00,leaf4,sg2,obt-collector1,0,0,0,0,0,0,0,0,0,0,0,0,0,0,0,0,0,0,0,0,0,0,0,0,0,60,0,0,0,0,0,0,0,0,0,0,0,0,0,0,0,0,0,0,0,0,0,0,0,0,0,0,0,0,0,0,1758216,0,0,0,0,0,0,0,0,0,0,0,0,0,0,0,0,0,0,0,1666438,0,0,0,0/RP0/CPU0

2020-02-06 19:07:31.958000+00:00,leaf4,sg2,obt-collector1,1,58,0,0,0,0,0,0,0,0,0,0,0,0,0,0,0,0,0,0,4,0,0,0,0,0,0,0,0,0,0,0,53,1,0,0,62,0,55557,50702,0,26375,1,50724,55560,0,29305,0,22,88,0,53,0,0,0,0,135702,0,0,0,0,0,0,0,0,101,0,24,0,0,0,0,26587,0,0,0,419452,0,96,0,0/0/CPU0

2020-02-06 19:07:31.959000+00:00,leaf4,sg2,obt-collector1,0,0,0,0,0,0,0,0,0,0,0,0,0,0,0,0,0,0,0,0,0,0,0,0,0,60,0,0,0,0,0,0,0,0,0,0,0,0,0,0,0,0,0,0,0,0,0,0,0,0,0,0,0,0,0,0,1758239,0,0,0,0,0,0,0,0,0,0,0,0,0,0,0,0,0,0,0,1666478,0,0,0,0/RP0/CPU0

2020-02-06 19:07:35.305000+00:00,leaf4,sg2,obt-collector1,1,58,0,0,0,0,0,0,0,0,0,0,0,0,0,0,0,0,0,0,4,0,0,0,0,0,0,0,0,0,0,0,53,1,0,0,62,0,55557,50702,0,26376,1,50724,55560,0,29305,0,22,88,0,53,0,0,0,0,135702,0,0,0,0,0,0,0,0,101,0,24,0,0,0,0,26588,0,0,0,419457,0,96,0,0/0/CPU0

2020-02-06 19:07:35.307000+00:00,leaf4,sg2,obt-collector1,0,0,0,0,0,0,0,0,0,0,0,0,0,0,0,0,0,0,0,0,0,0,0,0,0,60,0,0,0,0,0,0,0,0,0,0,0,0,0,0,0,0,0,0,0,0,0,0,0,0,0,0,0,0,0,0,1758239,0,0,0,0,0,0,0,0,0,0,0,0,0,0,0,0,0,0,0,1666479,0,0,0,0/RP0/CPU0

2020-02-06 19:07:56.205000+00:00,leaf4,sg2,obt-collector1,1,58,0,0,0,0,0,0,0,0,0,0,0,0,0,0,0,0,0,0,4,0,0,0,0,0,0,0,0,0,0,0,53,1,0,0,62,0,55561,50708,0,26380,1,50730,55564,0,29307,0,22,88,0,53,0,0,0,0,135714,0,0,0,0,0,0,0,0,101,0,24,0,0,0,0,26592,0,0,0,419494,0,96,0,0/0/CPU0

2020-02-06 19:07:56.206000+00:00,leaf4,sg2,obt-collector1,0,0,0,0,0,0,0,0,0,0,0,0,0,0,0,0,0,0,0,0,0,0,0,0,0,60,0,0,0,0,0,0,0,0,0,0,0,0,0,0,0,0,0,0,0,0,0,0,0,0,0,0,0,0,0,0,1758334,0,0,0,0,0,0,0,0,0,0,0,0,0,0,0,0,0,0,0,1666653,0,0,0,0/RP0/CPU0

2020-02-06 19:08:05.824000+00:00,leaf4,sg2,obt-collector1,1,58,0,0,0,0,0,0,0,0,0,0,0,0,0,0,0,0,0,0,4,0,0,0,0,0,0,0,0,0,0,0,53,1,0,0,62,0,55562,50712,0,26380,1,50734,55565,0,29308,0,22,88,0,53,0,0,0,0,135720,0,0,0,0,0,0,0,0,101,0,24,0,0,0,0,26592,0,0,0,419510,0,96,0,0/0/CPU0

2020-02-06 19:08:05.826000+00:00,leaf4,sg2,obt-collector1,0,0,0,0,0,0,0,0,0,0,0,0,0,0,0,0,0,0,0,0,0,0,0,0,0,60,0,0,0,0,0,0,0,0,0,0,0,0,0,0,0,0,0,0,0,0,0,0,0,0,0,0,0,0,0,0,1758379,0,0,0,0,0,0,0,0,0,0,0,0,0,0,0,0,0,0,0,1666721,0,0,0,0/RP0/CPU0

2020-02-06 19:08:18.791000+00:00,leaf4,sg2,obt-collector1,1,58,0,0,0,0,0,0,0,0,0,0,0,0,0,0,0,0,0,0,4,0,0,0,0,0,0,0,0,0,0,0,53,1,0,0,62,0,55564,50714,0,26381,1,50736,55567,0,29311,0,22,88,0,53,0,0,0,0,135727,0,0,0,0,0,0,0,0,101,0,24,0,0,0,0,26593,0,0,0,419531,0,96,0,0/0/CPU0

2020-02-06 19:08:18.793000+00:00,leaf4,sg2,obt-collector1,0,0,0,0,0,0,0,0,0,0,0,0,0,0,0,0,0,0,0,0,0,0,0,0,0,60,0,0,0,0,0,0,0,0,0,0,0,0,0,0,0,0,0,0,0,0,0,0,0,0,0,0,0,0,0,0,1758446,0,0,0,0,0,0,0,0,0,0,0,0,0,0,0,0,0,0,0,1666838,0,0,0,0/RP0/CPU0

2020-02-06 19:08:42.262000+00:00,leaf4,sg2,obt-collector1,1,58,0,0,0,0,0,0,0,0,0,0,0,0,0,0,0,0,0,0,4,0,0,0,0,0,0,0,0,0,0,0,53,1,0,0,62,0,55566,50716,0,26384,1,50738,55569,0,29312,0,22,88,0,53,0,0,0,0,135732,0,0,0,0,0,0,0,0,101,0,24,0,0,0,0,26596,0,0,0,419564,0,96,0,0/0/CPU0

2020-02-06 19:08:42.264000+00:00,leaf4,sg2,obt-collector1,0,0,0,0,0,0,0,0,0,0,0,0,0,0,0,0,0,0,0,0,0,0,0,0,0,60,0,0,0,0,0,0,0,0,0,0,0,0,0,0,0,0,0,0,0,0,0,0,0,0,0,0,0,0,0,0,1758569,0,0,0,0,0,0,0,0,0,0,0,0,0,0,0,0,0,0,0,1667038,0,0,0,0/RP0/CPU0

2020-02-06 19:08:45.478000+00:00,leaf4,sg2,obt-collector1,1,58,0,0,0,0,0,0,0,0,0,0,0,0,0,0,0,0,0,0,4,0,0,0,0,0,0,0,0,0,0,0,53,1,0,0,62,0,55567,50718,0,26384,1,50740,55570,0,29312,0,22,88,0,53,0,0,0,0,135735,0,0,0,0,0,0,0,0,101,0,24,0,0,0,0,26596,0,0,0,419571,0,96,0,0/0/CPU0

2020-02-06 19:08:45.480000+00:00,leaf4,sg2,obt-collector1,0,0,0,0,0,0,0,0,0,0,0,0,0,0,0,0,0,0,0,0,0,0,0,0,0,60,0,0,0,0,0,0,0,0,0,0,0,0,0,0,0,0,0,0,0,0,0,0,0,0,0,0,0,0,0,0,1758570,0,0,0,0,0,0,0,0,0,0,0,0,0,0,0,0,0,0,0,1667039,0,0,0,0/RP0/CPU0

2020-02-06 19:08:55.411000+00:00,leaf4,sg2,obt-collector1,1,58,0,0,0,0,0,0,0,0,0,0,0,0,0,0,0,0,0,0,4,0,0,0,0,0,0,0,0,0,0,0,53,1,0,0,62,0,55572,50720,0,26386,1,50742,55575,0,29314,0,22,88,0,53,0,0,0,0,135744,0,0,0,0,0,0,0,0,101,0,24,0,0,0,0,26598,0,0,0,419592,0,96,0,0/0/CPU0

2020-02-06 19:08:55.412000+00:00,leaf4,sg2,obt-collector1,0,0,0,0,0,0,0,0,0,0,0,0,0,0,0,0,0,0,0,0,0,0,0,0,0,60,0,0,0,0,0,0,0,0,0,0,0,0,0,0,0,0,0,0,0,0,0,0,0,0,0,0,0,0,0,0,1758624,0,0,0,0,0,0,0,0,0,0,0,0,0,0,0,0,0,0,0,1667119,0,0,0,0/RP0/CPU0

2020-02-06 19:08:58.616000+00:00,leaf4,sg2,obt-collector1,1,58,0,0,0,0,0,0,0,0,0,0,0,0,0,0,0,0,0,0,4,0,0,0,0,0,0,0,0,0,0,0,53,1,0,0,62,0,55572,50720,0,26386,1,50742,55575,0,29314,0,22,88,0,53,0,0,0,0,135744,0,0,0,0,0,0,0,0,101,0,24,0,0,0,0,26598,0,0,0,419595,0,96,0,0/0/CPU0

2020-02-06 19:08:58.617000+00:00,leaf4,sg2,obt-collector1,0,0,0,0,0,0,0,0,0,0,0,0,0,0,0,0,0,0,0,0,0,0,0,0,0,60,0,0,0,0,0,0,0,0,0,0,0,0,0,0,0,0,0,0,0,0,0,0,0,0,0,0,0,0,0,0,1758650,0,0,0,0,0,0,0,0,0,0,0,0,0,0,0,0,0,0,0,1667158,0,0,0,0/RP0/CPU0

2020-02-06 19:09:21.364000+00:00,leaf4,sg2,obt-collector1,1,58,0,0,0,0,0,0,0,0,0,0,0,0,0,0,0,0,0,0,4,0,0,0,0,0,0,0,0,0,0,0,53,1,0,0,62,0,55577,50725,0,26389,1,50747,55580,0,29316,0,22,88,0,53,0,0,0,0,135756,0,0,0,0,0,0,0,0,101,0,24,0,0,0,0,26601,0,0,0,419634,0,96,0,0/0/CPU0

2020-02-06 19:09:21.365000+00:00,leaf4,sg2,obt-collector1,0,0,0,0,0,0,0,0,0,0,0,0,0,0,0,0,0,0,0,0,0,0,0,0,0,60,0,0,0,0,0,0,0,0,0,0,0,0,0,0,0,0,0,0,0,0,0,0,0,0,0,0,0,0,0,0,1758758,0,0,0,0,0,0,0,0,0,0,0,0,0,0,0,0,0,0,0,1667337,0,0,0,0/RP0/CPU0

2020-02-06 19:09:45.427000+00:00,leaf4,sg2,obt-collector1,1,58,0,0,0,0,0,0,0,0,0,0,0,0,0,0,0,0,0,0,4,0,0,0,0,0,0,0,0,0,0,0,53,1,0,0,62,0,55585,50728,0,26389,1,50750,55588,0,29322,0,22,88,0,53,0,0,0,0,135773,0,0,0,0,0,0,0,0,101,0,24,0,0,0,0,26601,0,0,0,419671,0,96,0,0/0/CPU0

2020-02-06 19:09:45.429000+00:00,leaf4,sg2,obt-collector1,0,0,0,0,0,0,0,0,0,0,0,0,0,0,0,0,0,0,0,0,0,0,0,0,0,60,0,0,0,0,0,0,0,0,0,0,0,0,0,0,0,0,0,0,0,0,0,0,0,0,0,0,0,0,0,0,1758891,0,0,0,0,0,0,0,0,0,0,0,0,0,0,0,0,0,0,0,1667519,0,0,0,0/RP0/CPU0

2020-02-06 19:10:09.177000+00:00,leaf4,sg2,obt-collector1,1,58,0,0,0,0,0,0,0,0,0,0,0,0,0,0,0,0,0,0,4,0,0,0,0,0,0,0,0,0,0,0,53,1,0,0,62,0,55592,50730,0,26393,1,50752,55595,0,29326,0,22,88,0,53,0,0,0,0,135786,0,0,0,0,0,0,0,0,101,0,24,0,0,0,0,26605,0,0,0,419711,0,96,0,0/0/CPU0

2020-02-06 19:10:09.179000+00:00,leaf4,sg2,obt-collector1,0,0,0,0,0,0,0,0,0,0,0,0,0,0,0,0,0,0,0,0,0,0,0,0,0,60,0,0,0,0,0,0,0,0,0,0,0,0,0,0,0,0,0,0,0,0,0,0,0,0,0,0,0,0,0,0,1759025,0,0,0,0,0,0,0,0,0,0,0,0,0,0,0,0,0,0,0,1667718,0,0,0,0/RP0/CPU0

2020-02-06 19:10:12.508000+00:00,leaf4,sg2,obt-collector1,1,58,0,0,0,0,0,0,0,0,0,0,0,0,0,0,0,0,0,0,4,0,0,0,0,0,0,0,0,0,0,0,53,1,0,0,62,0,55592,50732,0,26393,1,50754,55595,0,29326,0,22,88,0,53,0,0,0,0,135788,0,0,0,0,0,0,0,0,101,0,24,0,0,0,0,26605,0,0,0,419717,0,96,0,0/0/CPU0

2020-02-06 19:10:12.509000+00:00,leaf4,sg2,obt-collector1,0,0,0,0,0,0,0,0,0,0,0,0,0,0,0,0,0,0,0,0,0,0,0,0,0,60,0,0,0,0,0,0,0,0,0,0,0,0,0,0,0,0,0,0,0,0,0,0,0,0,0,0,0,0,0,0,1759052,0,0,0,0,0,0,0,0,0,0,0,0,0,0,0,0,0,0,0,1667758,0,0,0,0/RP0/CPU0

2020-02-06 19:10:25.834000+00:00,leaf4,sg2,obt-collector1,1,58,0,0,0,0,0,0,0,0,0,0,0,0,0,0,0,0,0,0,4,0,0,0,0,0,0,0,0,0,0,0,53,1,0,0,62,0,55595,50736,0,26393,1,50758,55598,0,29326,0,22,88,0,53,0,0,0,0,135795,0,0,0,0,0,0,0,0,101,0,24,0,0,0,0,26605,0,0,0,419740,0,96,0,0/0/CPU0

2020-02-06 19:10:25.835000+00:00,leaf4,sg2,obt-collector1,0,0,0,0,0,0,0,0,0,0,0,0,0,0,0,0,0,0,0,0,0,0,0,0,0,60,0,0,0,0,0,0,0,0,0,0,0,0,0,0,0,0,0,0,0,0,0,0,0,0,0,0,0,0,0,0,1759107,0,0,0,0,0,0,0,0,0,0,0,0,0,0,0,0,0,0,0,1667840,0,0,0,0/RP0/CPU0

2020-02-06 19:10:35.805000+00:00,leaf4,sg2,obt-collector1,1,58,0,0,0,0,0,0,0,0,0,0,0,0,0,0,0,0,0,0,4,0,0,0,0,0,0,0,0,0,0,0,53,1,0,0,62,0,55597,50738,0,26394,1,50760,55600,0,29326,0,22,88,0,53,0,0,0,0,135799,0,0,0,0,0,0,0,0,101,0,24,0,0,0,0,26606,0,0,0,419756,0,96,0,0/0/CPU0

2020-02-06 19:10:35.807000+00:00,leaf4,sg2,obt-collector1,0,0,0,0,0,0,0,0,0,0,0,0,0,0,0,0,0,0,0,0,0,0,0,0,0,60,0,0,0,0,0,0,0,0,0,0,0,0,0,0,0,0,0,0,0,0,0,0,0,0,0,0,0,0,0,0,1759159,0,0,0,0,0,0,0,0,0,0,0,0,0,0,0,0,0,0,0,1667920,0,0,0,0/RP0/CPU0

2020-02-06 19:10:46.883000+00:00,leaf4,sg2,obt-collector1,1,58,0,0,0,0,0,0,0,0,0,0,0,0,0,0,0,0,0,0,4,0,0,0,0,0,0,0,0,0,0,0,53,1,0,0,62,0,55600,50740,0,26395,1,50762,55603,0,29327,0,22,88,0,53,0,0,0,0,135805,0,0,0,0,0,0,0,0,101,0,24,0,0,0,0,26607,0,0,0,419774,0,96,0,0/0/CPU0

2020-02-06 19:10:46.884000+00:00,leaf4,sg2,obt-collector1,0,0,0,0,0,0,0,0,0,0,0,0,0,0,0,0,0,0,0,0,0,0,0,0,0,60,0,0,0,0,0,0,0,0,0,0,0,0,0,0,0,0,0,0,0,0,0,0,0,0,0,0,0,0,0,0,1759239,0,0,0,0,0,0,0,0,0,0,0,0,0,0,0,0,0,0,0,1668038,0,0,0,0/RP0/CPU0

2020-02-06 19:10:53.872000+00:00,leaf4,sg2,obt-collector1,1,58,0,0,0,0,0,0,0,0,0,0,0,0,0,0,0,0,0,0,4,0,0,0,0,0,0,0,0,0,0,0,53,1,0,0,62,0,55600,50745,0,26397,1,50767,55603,0,29328,0,22,88,0,53,0,0,0,0,135811,0,0,0,0,0,0,0,0,101,0,24,0,0,0,0,26609,0,0,0,419790,0,96,0,0/0/CPU0

2020-02-06 19:10:53.874000+00:00,leaf4,sg2,obt-collector1,0,0,0,0,0,0,0,0,0,0,0,0,0,0,0,0,0,0,0,0,0,0,0,0,0,60,0,0,0,0,0,0,0,0,0,0,0,0,0,0,0,0,0,0,0,0,0,0,0,0,0,0,0,0,0,0,1759266,0,0,0,0,0,0,0,0,0,0,0,0,0,0,0,0,0,0,0,1668078,0,0,0,0/RP0/CPU0

2020-02-06 19:11:00.383000+00:00,leaf4,sg2,obt-collector1,1,58,0,0,0,0,0,0,0,0,0,0,0,0,0,0,0,0,0,0,4,0,0,0,0,0,0,0,0,0,0,0,53,1,0,0,62,0,55601,50745,0,26397,1,50767,55604,0,29330,0,22,88,0,53,0,0,0,0,135814,0,0,0,0,0,0,0,0,101,0,24,0,0,0,0,26609,0,0,0,419798,0,96,0,0/0/CPU0

2020-02-06 19:11:00.384000+00:00,leaf4,sg2,obt-collector1,0,0,0,0,0,0,0,0,0,0,0,0,0,0,0,0,0,0,0,0,0,0,0,0,0,60,0,0,0,0,0,0,0,0,0,0,0,0,0,0,0,0,0,0,0,0,0,0,0,0,0,0,0,0,0,0,1759292,0,0,0,0,0,0,0,0,0,0,0,0,0,0,0,0,0,0,0,1668119,0,0,0,0/RP0/CPU0

2020-02-06 19:11:10.188000+00:00,leaf4,sg2,obt-collector1,1,58,0,0,0,0,0,0,0,0,0,0,0,0,0,0,0,0,0,0,4,0,0,0,0,0,0,0,0,0,0,0,53,1,0,0,62,0,55603,50749,0,26398,1,50771,55606,0,29331,0,22,88,0,53,0,0,0,0,135821,0,0,0,0,0,0,0,0,101,0,24,0,0,0,0,26610,0,0,0,419817,0,96,0,0/0/CPU0

2020-02-06 19:11:10.190000+00:00,leaf4,sg2,obt-collector1,0,0,0,0,0,0,0,0,0,0,0,0,0,0,0,0,0,0,0,0,0,0,0,0,0,60,0,0,0,0,0,0,0,0,0,0,0,0,0,0,0,0,0,0,0,0,0,0,0,0,0,0,0,0,0,0,1759346,0,0,0,0,0,0,0,0,0,0,0,0,0,0,0,0,0,0,0,1668198,0,0,0,0/RP0/CPU0

2020-02-06 19:11:13.509000+00:00,leaf4,sg2,obt-collector1,1,58,0,0,0,0,0,0,0,0,0,0,0,0,0,0,0,0,0,0,4,0,0,0,0,0,0,0,0,0,0,0,53,1,0,0,62,0,55603,50749,0,26399,1,50771,55606,0,29331,0,22,88,0,53,0,0,0,0,135821,0,0,0,0,0,0,0,0,101,0,24,0,0,0,0,26611,0,0,0,419821,0,96,0,0/0/CPU0

2020-02-06 19:11:13.511000+00:00,leaf4,sg2,obt-collector1,0,0,0,0,0,0,0,0,0,0,0,0,0,0,0,0,0,0,0,0,0,0,0,0,0,60,0,0,0,0,0,0,0,0,0,0,0,0,0,0,0,0,0,0,0,0,0,0,0,0,0,0,0,0,0,0,1759373,0,0,0,0,0,0,0,0,0,0,0,0,0,0,0,0,0,0,0,1668238,0,0,0,0/RP0/CPU0

2020-02-06 19:11:19.899000+00:00,leaf4,sg2,obt-collector1,1,58,0,0,0,0,0,0,0,0,0,0,0,0,0,0,0,0,0,0,4,0,0,0,0,0,0,0,0,0,0,0,53,1,0,0,62,0,55604,50750,0,26400,1,50772,55607,0,29332,0,22,88,0,53,0,0,0,0,135824,0,0,0,0,0,0,0,0,101,0,24,0,0,0,0,26612,0,0,0,419831,0,96,0,0/0/CPU0

2020-02-06 19:11:19.900000+00:00,leaf4,sg2,obt-collector1,0,0,0,0,0,0,0,0,0,0,0,0,0,0,0,0,0,0,0,0,0,0,0,0,0,60,0,0,0,0,0,0,0,0,0,0,0,0,0,0,0,0,0,0,0,0,0,0,0,0,0,0,0,0,0,0,1759400,0,0,0,0,0,0,0,0,0,0,0,0,0,0,0,0,0,0,0,1668278,0,0,0,0/RP0/CPU0

2020-02-06 19:11:36.105000+00:00,leaf4,sg2,obt-collector1,1,58,0,0,0,0,0,0,0,0,0,0,0,0,0,0,0,0,0,0,4,0,0,0,0,0,0,0,0,0,0,0,53,1,0,0,62,0,55606,50750,0,26402,1,50772,55609,0,29334,0,22,88,0,53,0,0,0,0,135828,0,0,0,0,0,0,0,0,101,0,24,0,0,0,0,26614,0,0,0,419854,0,96,0,0/0/CPU0

2020-02-06 19:11:36.107000+00:00,leaf4,sg2,obt-collector1,0,0,0,0,0,0,0,0,0,0,0,0,0,0,0,0,0,0,0,0,0,0,0,0,0,60,0,0,0,0,0,0,0,0,0,0,0,0,0,0,0,0,0,0,0,0,0,0,0,0,0,0,0,0,0,0,1759483,0,0,0,0,0,0,0,0,0,0,0,0,0,0,0,0,0,0,0,1668401,0,0,0,0/RP0/CPU0

2020-02-06 19:11:42.497000+00:00,leaf4,sg2,obt-collector1,1,58,0,0,0,0,0,0,0,0,0,0,0,0,0,0,0,0,0,0,4,0,0,0,0,0,0,0,0,0,0,0,53,1,0,0,62,0,55607,50751,0,26405,1,50773,55610,0,29334,0,22,88,0,53,0,0,0,0,135830,0,0,0,0,0,0,0,0,101,0,24,0,0,0,0,26617,0,0,0,419866,0,96,0,0/0/CPU0

2020-02-06 19:11:42.499000+00:00,leaf4,sg2,obt-collector1,0,0,0,0,0,0,0,0,0,0,0,0,0,0,0,0,0,0,0,0,0,0,0,0,0,60,0,0,0,0,0,0,0,0,0,0,0,0,0,0,0,0,0,0,0,0,0,0,0,0,0,0,0,0,0,0,1759535,0,0,0,0,0,0,0,0,0,0,0,0,0,0,0,0,0,0,0,1668478,0,0,0,0/RP0/CPU0

2020-02-06 19:11:56.548000+00:00,leaf4,sg2,obt-collector1,1,58,0,0,0,0,0,0,0,0,0,0,0,0,0,0,0,0,0,0,4,0,0,0,0,0,0,0,0,0,0,0,53,1,0,0,62,0,55611,50756,0,26406,1,50778,55614,0,29335,0,22,88,0,53,0,0,0,0,135840,0,0,0,0,0,0,0,0,101,0,24,0,0,0,0,26618,0,0,0,419892,0,96,0,0/0/CPU0

2020-02-06 19:11:56.549000+00:00,leaf4,sg2,obt-collector1,0,0,0,0,0,0,0,0,0,0,0,0,0,0,0,0,0,0,0,0,0,0,0,0,0,60,0,0,0,0,0,0,0,0,0,0,0,0,0,0,0,0,0,0,0,0,0,0,0,0,0,0,0,0,0,0,1759615,0,0,0,0,0,0,0,0,0,0,0,0,0,0,0,0,0,0,0,1668580,0,0,0,0/RP0/CPU0

2020-02-06 19:12:09.679000+00:00,leaf4,sg2,obt-collector1,1,58,0,0,0,0,0,0,0,0,0,0,0,0,0,0,0,0,0,0,4,0,0,0,0,0,0,0,0,0,0,0,53,1,0,0,62,0,55615,50759,0,26406,1,50781,55618,0,29335,0,22,88,0,53,0,0,0,0,135847,0,0,0,0,0,0,0,0,101,0,24,0,0,0,0,26618,0,0,0,419914,0,96,0,0/0/CPU0

2020-02-06 19:12:09.680000+00:00,leaf4,sg2,obt-collector1,0,0,0,0,0,0,0,0,0,0,0,0,0,0,0,0,0,0,0,0,0,0,0,0,0,60,0,0,0,0,0,0,0,0,0,0,0,0,0,0,0,0,0,0,0,0,0,0,0,0,0,0,0,0,0,0,1759670,0,0,0,0,0,0,0,0,0,0,0,0,0,0,0,0,0,0,0,1668678,0,0,0,0/RP0/CPU0

2020-02-06 19:12:12.945000+00:00,leaf4,sg2,obt-collector1,1,58,0,0,0,0,0,0,0,0,0,0,0,0,0,0,0,0,0,0,4,0,0,0,0,0,0,0,0,0,0,0,53,1,0,0,62,0,55615,50760,0,26407,1,50782,55618,0,29336,0,22,88,0,53,0,0,0,0,135849,0,0,0,0,0,0,0,0,101,0,24,0,0,0,0,26619,0,0,0,419920,0,96,0,0/0/CPU0

2020-02-06 19:12:12.947000+00:00,leaf4,sg2,obt-collector1,0,0,0,0,0,0,0,0,0,0,0,0,0,0,0,0,0,0,0,0,0,0,0,0,0,60,0,0,0,0,0,0,0,0,0,0,0,0,0,0,0,0,0,0,0,0,0,0,0,0,0,0,0,0,0,0,1759697,0,0,0,0,0,0,0,0,0,0,0,0,0,0,0,0,0,0,0,1668718,0,0,0,0/RP0/CPU0

2020-02-06 19:12:16.147000+00:00,leaf4,sg2,obt-collector1,1,58,0,0,0,0,0,0,0,0,0,0,0,0,0,0,0,0,0,0,4,0,0,0,0,0,0,0,0,0,0,0,53,1,0,0,62,0,55616,50760,0,26407,1,50782,55619,0,29336,0,22,88,0,53,0,0,0,0,135850,0,0,0,0,0,0,0,0,101,0,24,0,0,0,0,26619,0,0,0,419924,0,96,0,0/0/CPU0

2020-02-06 19:12:16.149000+00:00,leaf4,sg2,obt-collector1,0,0,0,0,0,0,0,0,0,0,0,0,0,0,0,0,0,0,0,0,0,0,0,0,0,60,0,0,0,0,0,0,0,0,0,0,0,0,0,0,0,0,0,0,0,0,0,0,0,0,0,0,0,0,0,0,1759699,0,0,0,0,0,0,0,0,0,0,0,0,0,0,0,0,0,0,0,1668721,0,0,0,0/RP0/CPU0

2020-02-06 19:12:25.884000+00:00,leaf4,sg2,obt-collector1,1,58,0,0,0,0,0,0,0,0,0,0,0,0,0,0,0,0,0,0,4,0,0,0,0,0,0,0,0,0,0,0,53,1,0,0,62,0,55617,50762,0,26409,1,50784,55620,0,29337,0,22,88,0,53,0,0,0,0,135854,0,0,0,0,0,0,0,0,101,0,24,0,0,0,0,26621,0,0,0,419940,0,96,0,0/0/CPU0

2020-02-06 19:12:25.886000+00:00,leaf4,sg2,obt-collector1,0,0,0,0,0,0,0,0,0,0,0,0,0,0,0,0,0,0,0,0,0,0,0,0,0,60,0,0,0,0,0,0,0,0,0,0,0,0,0,0,0,0,0,0,0,0,0,0,0,0,0,0,0,0,0,0,1759752,0,0,0,0,0,0,0,0,0,0,0,0,0,0,0,0,0,0,0,1668799,0,0,0,0/RP0/CPU0

2020-02-06 19:12:29.087000+00:00,leaf4,sg2,obt-collector1,1,58,0,0,0,0,0,0,0,0,0,0,0,0,0,0,0,0,0,0,4,0,0,0,0,0,0,0,0,0,0,0,53,1,0,0,62,0,55619,50762,0,26409,1,50784,55622,0,29337,0,22,88,0,53,0,0,0,0,135856,0,0,0,0,0,0,0,0,101,0,24,0,0,0,0,26621,0,0,0,419945,0,96,0,0/0/CPU0

2020-02-06 19:12:29.089000+00:00,leaf4,sg2,obt-collector1,0,0,0,0,0,0,0,0,0,0,0,0,0,0,0,0,0,0,0,0,0,0,0,0,0,60,0,0,0,0,0,0,0,0,0,0,0,0,0,0,0,0,0,0,0,0,0,0,0,0,0,0,0,0,0,0,1759778,0,0,0,0,0,0,0,0,0,0,0,0,0,0,0,0,0,0,0,1668838,0,0,0,0/RP0/CPU0

2020-02-06 19:12:53.056000+00:00,leaf4,sg2,obt-collector1,1,58,0,0,0,0,0,0,0,0,0,0,0,0,0,0,0,0,0,0,4,0,0,0,0,0,0,0,0,0,0,0,53,1,0,0,62,0,55628,50765,0,26411,1,50787,55631,0,29345,0,22,88,0,53,0,0,0,0,135876,0,0,0,0,0,0,0,0,101,0,24,0,0,0,0,26623,0,0,0,419986,0,96,0,0/0/CPU0

2020-02-06 19:12:53.058000+00:00,leaf4,sg2,obt-collector1,0,0,0,0,0,0,0,0,0,0,0,0,0,0,0,0,0,0,0,0,0,0,0,0,0,60,0,0,0,0,0,0,0,0,0,0,0,0,0,0,0,0,0,0,0,0,0,0,0,0,0,0,0,0,0,0,1759913,0,0,0,0,0,0,0,0,0,0,0,0,0,0,0,0,0,0,0,1669038,0,0,0,0/RP0/CPU0

2020-02-06 19:13:10.346000+00:00,leaf4,sg2,obt-collector1,1,58,0,0,0,0,0,0,0,0,0,0,0,0,0,0,0,0,0,0,4,0,0,0,0,0,0,0,0,0,0,0,53,1,0,0,62,0,55632,50766,0,26412,1,50788,55635,0,29346,0,22,88,0,53,0,0,0,0,135882,0,0,0,0,0,0,0,0,101,0,24,0,0,0,0,26624,0,0,0,420012,0,96,0,0/0/CPU0

2020-02-06 19:13:10.348000+00:00,leaf4,sg2,obt-collector1,0,0,0,0,0,0,0,0,0,0,0,0,0,0,0,0,0,0,0,0,0,0,0,0,0,60,0,0,0,0,0,0,0,0,0,0,0,0,0,0,0,0,0,0,0,0,0,0,0,0,0,0,0,0,0,0,1759994,0,0,0,0,0,0,0,0,0,0,0,0,0,0,0,0,0,0,0,1669159,0,0,0,0/RP0/CPU0

2020-02-06 19:13:20.329000+00:00,leaf4,sg2,obt-collector1,1,58,0,0,0,0,0,0,0,0,0,0,0,0,0,0,0,0,0,0,4,0,0,0,0,0,0,0,0,0,0,0,53,1,0,0,62,0,55633,50769,0,26414,1,50791,55636,0,29346,0,22,88,0,53,0,0,0,0,135886,0,0,0,0,0,0,0,0,101,0,24,0,0,0,0,26626,0,0,0,420030,0,96,0,0/0/CPU0

2020-02-06 19:13:20.330000+00:00,leaf4,sg2,obt-collector1,0,0,0,0,0,0,0,0,0,0,0,0,0,0,0,0,0,0,0,0,0,0,0,0,0,60,0,0,0,0,0,0,0,0,0,0,0,0,0,0,0,0,0,0,0,0,0,0,0,0,0,0,0,0,0,0,1760048,0,0,0,0,0,0,0,0,0,0,0,0,0,0,0,0,0,0,0,1669239,0,0,0,0/RP0/CPU0

2020-02-06 19:13:27.039000+00:00,leaf4,sg2,obt-collector1,1,58,0,0,0,0,0,0,0,0,0,0,0,0,0,0,0,0,0,0,4,0,0,0,0,0,0,0,0,0,0,0,53,1,0,0,62,0,55635,50771,0,26414,1,50793,55638,0,29347,0,22,88,0,53,0,0,0,0,135891,0,0,0,0,0,0,0,0,101,0,24,0,0,0,0,26626,0,0,0,420042,0,96,0,0/0/CPU0

2020-02-06 19:13:27.041000+00:00,leaf4,sg2,obt-collector1,0,0,0,0,0,0,0,0,0,0,0,0,0,0,0,0,0,0,0,0,0,0,0,0,0,60,0,0,0,0,0,0,0,0,0,0,0,0,0,0,0,0,0,0,0,0,0,0,0,0,0,0,0,0,0,0,1760102,0,0,0,0,0,0,0,0,0,0,0,0,0,0,0,0,0,0,0,1669318,0,0,0,0/RP0/CPU0

2020-02-06 19:13:30.490000+00:00,leaf4,sg2,obt-collector1,1,58,0,0,0,0,0,0,0,0,0,0,0,0,0,0,0,0,0,0,4,0,0,0,0,0,0,0,0,0,0,0,53,1,0,0,62,0,55635,50774,0,26414,1,50796,55638,0,29347,0,22,88,0,53,0,0,0,0,135894,0,0,0,0,0,0,0,0,101,0,24,0,0,0,0,26626,0,0,0,420049,0,96,0,0/0/CPU0

2020-02-06 19:13:30.492000+00:00,leaf4,sg2,obt-collector1,0,0,0,0,0,0,0,0,0,0,0,0,0,0,0,0,0,0,0,0,0,0,0,0,0,60,0,0,0,0,0,0,0,0,0,0,0,0,0,0,0,0,0,0,0,0,0,0,0,0,0,0,0,0,0,0,1760103,0,0,0,0,0,0,0,0,0,0,0,0,0,0,0,0,0,0,0,1669319,0,0,0,0/RP0/CPU0

2020-02-06 19:13:47.706000+00:00,leaf4,sg2,obt-collector1,1,58,0,0,0,0,0,0,0,0,0,0,0,0,0,0,0,0,0,0,4,0,0,0,0,0,0,0,0,0,0,0,53,1,0,0,62,0,55639,50776,0,26416,1,50798,55642,0,29348,0,22,88,0,53,0,0,0,0,135901,0,0,0,0,0,0,0,0,101,0,24,0,0,0,0,26628,0,0,0,420076,0,96,0,0/0/CPU0

2020-02-06 19:13:47.708000+00:00,leaf4,sg2,obt-collector1,0,0,0,0,0,0,0,0,0,0,0,0,0,0,0,0,0,0,0,0,0,0,0,0,0,60,0,0,0,0,0,0,0,0,0,0,0,0,0,0,0,0,0,0,0,0,0,0,0,0,0,0,0,0,0,0,1760210,0,0,0,0,0,0,0,0,0,0,0,0,0,0,0,0,0,0,0,1669478,0,0,0,0/RP0/CPU0

2020-02-06 19:13:55.048000+00:00,leaf4,sg2,obt-collector1,1,58,0,0,0,0,0,0,0,0,0,0,0,0,0,0,0,0,0,0,4,0,0,0,0,0,0,0,0,0,0,0,53,1,0,0,62,0,55641,50780,0,26417,1,50802,55644,0,29349,0,22,88,0,53,0,0,0,0,135908,0,0,0,0,0,0,0,0,101,0,24,0,0,0,0,26629,0,0,0,420092,0,96,0,0/0/CPU0

2020-02-06 19:13:55.050000+00:00,leaf4,sg2,obt-collector1,0,0,0,0,0,0,0,0,0,0,0,0,0,0,0,0,0,0,0,0,0,0,0,0,0,60,0,0,0,0,0,0,0,0,0,0,0,0,0,0,0,0,0,0,0,0,0,0,0,0,0,0,0,0,0,0,1760237,0,0,0,0,0,0,0,0,0,0,0,0,0,0,0,0,0,0,0,1669518,0,0,0,0/RP0/CPU0

2020-02-06 19:14:01.539000+00:00,leaf4,sg2,obt-collector1,1,58,0,0,0,0,0,0,0,0,0,0,0,0,0,0,0,0,0,0,4,0,0,0,0,0,0,0,0,0,0,0,53,1,0,0,62,0,55641,50783,0,26417,1,50805,55644,0,29349,0,22,88,0,53,0,0,0,0,135911,0,0,0,0,0,0,0,0,101,0,24,0,0,0,0,26629,0,0,0,420102,0,96,0,0/0/CPU0

2020-02-06 19:14:01.541000+00:00,leaf4,sg2,obt-collector1,0,0,0,0,0,0,0,0,0,0,0,0,0,0,0,0,0,0,0,0,0,0,0,0,0,60,0,0,0,0,0,0,0,0,0,0,0,0,0,0,0,0,0,0,0,0,0,0,0,0,0,0,0,0,0,0,1760290,0,0,0,0,0,0,0,0,0,0,0,0,0,0,0,0,0,0,0,1669580,0,0,0,0/RP0/CPU0

2020-02-06 19:14:14.864000+00:00,leaf4,sg2,obt-collector1,1,58,0,0,0,0,0,0,0,0,0,0,0,0,0,0,0,0,0,0,4,0,0,0,0,0,0,0,0,0,0,0,53,1,0,0,62,0,55644,50785,0,26419,1,50807,55647,0,29353,0,22,88,0,53,0,0,0,0,135920,0,0,0,0,0,0,0,0,101,0,24,0,0,0,0,26631,0,0,0,420124,0,96,0,0/0/CPU0

2020-02-06 19:14:14.866000+00:00,leaf4,sg2,obt-collector1,0,0,0,0,0,0,0,0,0,0,0,0,0,0,0,0,0,0,0,0,0,0,0,0,0,60,0,0,0,0,0,0,0,0,0,0,0,0,0,0,0,0,0,0,0,0,0,0,0,0,0,0,0,0,0,0,1760374,0,0,0,0,0,0,0,0,0,0,0,0,0,0,0,0,0,0,0,1669703,0,0,0,0/RP0/CPU0

2020-02-06 19:14:24.577000+00:00,leaf4,sg2,obt-collector1,1,58,0,0,0,0,0,0,0,0,0,0,0,0,0,0,0,0,0,0,4,0,0,0,0,0,0,0,0,0,0,0,53,1,0,0,62,0,55645,50786,0,26420,1,50808,55648,0,29353,0,22,88,0,53,0,0,0,0,135922,0,0,0,0,0,0,0,0,101,0,24,0,0,0,0,26632,0,0,0,420139,0,96,0,0/0/CPU0

2020-02-06 19:14:24.578000+00:00,leaf4,sg2,obt-collector1,0,0,0,0,0,0,0,0,0,0,0,0,0,0,0,0,0,0,0,0,0,0,0,0,0,60,0,0,0,0,0,0,0,0,0,0,0,0,0,0,0,0,0,0,0,0,0,0,0,0,0,0,0,0,0,0,1760433,0,0,0,0,0,0,0,0,0,0,0,0,0,0,0,0,0,0,0,1669773,0,0,0,0/RP0/CPU0

2020-02-06 19:14:27.785000+00:00,leaf4,sg2,obt-collector1,1,58,0,0,0,0,0,0,0,0,0,0,0,0,0,0,0,0,0,0,4,0,0,0,0,0,0,0,0,0,0,0,53,1,0,0,62,0,55645,50786,0,26420,1,50808,55648,0,29353,0,22,88,0,53,0,0,0,0,135922,0,0,0,0,0,0,0,0,101,0,24,0,0,0,0,26632,0,0,0,420142,0,96,0,0/0/CPU0

2020-02-06 19:14:27.786000+00:00,leaf4,sg2,obt-collector1,0,0,0,0,0,0,0,0,0,0,0,0,0,0,0,0,0,0,0,0,0,0,0,0,0,60,0,0,0,0,0,0,0,0,0,0,0,0,0,0,0,0,0,0,0,0,0,0,0,0,0,0,0,0,0,0,1760461,0,0,0,0,0,0,0,0,0,0,0,0,0,0,0,0,0,0,0,1669808,0,0,0,0/RP0/CPU0

2020-02-06 19:14:40.852000+00:00,leaf4,sg2,obt-collector1,1,58,0,0,0,0,0,0,0,0,0,0,0,0,0,0,0,0,0,0,4,0,0,0,0,0,0,0,0,0,0,0,53,1,0,0,62,0,55647,50787,0,26424,1,50809,55650,0,29355,0,22,88,0,53,0,0,0,0,135927,0,0,0,0,0,0,0,0,101,0,24,0,0,0,0,26636,0,0,0,420164,0,96,0,0/0/CPU0

2020-02-06 19:14:40.854000+00:00,leaf4,sg2,obt-collector1,0,0,0,0,0,0,0,0,0,0,0,0,0,0,0,0,0,0,0,0,0,0,0,0,0,60,0,0,0,0,0,0,0,0,0,0,0,0,0,0,0,0,0,0,0,0,0,0,0,0,0,0,0,0,0,0,1760521,0,0,0,0,0,0,0,0,0,0,0,0,0,0,0,0,0,0,0,1669882,0,0,0,0/RP0/CPU0

2020-02-06 19:14:51.837000+00:00,leaf4,sg2,obt-collector1,1,58,0,0,0,0,0,0,0,0,0,0,0,0,0,0,0,0,0,0,4,0,0,0,0,0,0,0,0,0,0,0,53,1,0,0,62,0,55649,50790,0,26424,1,50812,55652,0,29355,0,22,88,0,53,0,0,0,0,135932,0,0,0,0,0,0,0,0,101,0,24,0,0,0,0,26636,0,0,0,420181,0,96,0,0/0/CPU0

2020-02-06 19:14:51.839000+00:00,leaf4,sg2,obt-collector1,0,0,0,0,0,0,0,0,0,0,0,0,0,0,0,0,0,0,0,0,0,0,0,0,0,60,0,0,0,0,0,0,0,0,0,0,0,0,0,0,0,0,0,0,0,0,0,0,0,0,0,0,0,0,0,0,1760579,0,0,0,0,0,0,0,0,0,0,0,0,0,0,0,0,0,0,0,1669954,0,0,0,0/RP0/CPU0

2020-02-06 19:15:01.804000+00:00,leaf4,sg2,obt-collector1,1,58,0,0,0,0,0,0,0,0,0,0,0,0,0,0,0,0,0,0,4,0,0,0,0,0,0,0,0,0,0,0,53,1,0,0,62,0,55655,50793,0,26425,1,50815,55658,0,29356,0,22,88,0,53,0,0,0,0,135942,0,0,0,0,0,0,0,0,101,0,24,0,0,0,0,26637,0,0,0,420203,0,96,0,0/0/CPU0

2020-02-06 19:15:01.806000+00:00,leaf4,sg2,obt-collector1,0,0,0,0,0,0,0,0,0,0,0,0,0,0,0,0,0,0,0,0,0,0,0,0,0,60,0,0,0,0,0,0,0,0,0,0,0,0,0,0,0,0,0,0,0,0,0,0,0,0,0,0,0,0,0,0,1760635,0,0,0,0,0,0,0,0,0,0,0,0,0,0,0,0,0,0,0,1670024,0,0,0,0/RP0/CPU0

2020-02-06 19:15:05.049000+00:00,leaf4,sg2,obt-collector1,1,58,0,0,0,0,0,0,0,0,0,0,0,0,0,0,0,0,0,0,4,0,0,0,0,0,0,0,0,0,0,0,53,1,0,0,62,0,55655,50794,0,26425,1,50816,55658,0,29356,0,22,88,0,53,0,0,0,0,135943,0,0,0,0,0,0,0,0,101,0,24,0,0,0,0,26637,0,0,0,420208,0,96,0,0/0/CPU0

2020-02-06 19:15:05.050000+00:00,leaf4,sg2,obt-collector1,0,0,0,0,0,0,0,0,0,0,0,0,0,0,0,0,0,0,0,0,0,0,0,0,0,60,0,0,0,0,0,0,0,0,0,0,0,0,0,0,0,0,0,0,0,0,0,0,0,0,0,0,0,0,0,0,1760660,0,0,0,0,0,0,0,0,0,0,0,0,0,0,0,0,0,0,0,1670056,0,0,0,0/RP0/CPU0

2020-02-06 19:15:08.326000+00:00,leaf4,sg2,obt-collector1,1,58,0,0,0,0,0,0,0,0,0,0,0,0,0,0,0,0,0,0,4,0,0,0,0,0,0,0,0,0,0,0,53,1,0,0,62,0,55655,50795,0,26425,1,50817,55658,0,29356,0,22,88,0,53,0,0,0,0,135944,0,0,0,0,0,0,0,0,101,0,24,0,0,0,0,26637,0,0,0,420211,0,96,0,0/0/CPU0

2020-02-06 19:15:08.327000+00:00,leaf4,sg2,obt-collector1,0,0,0,0,0,0,0,0,0,0,0,0,0,0,0,0,0,0,0,0,0,0,0,0,0,60,0,0,0,0,0,0,0,0,0,0,0,0,0,0,0,0,0,0,0,0,0,0,0,0,0,0,0,0,0,0,1760688,0,0,0,0,0,0,0,0,0,0,0,0,0,0,0,0,0,0,0,1670091,0,0,0,0/RP0/CPU0

2020-02-06 19:15:21.362000+00:00,leaf4,sg2,obt-collector1,1,58,0,0,0,0,0,0,0,0,0,0,0,0,0,0,0,0,0,0,4,0,0,0,0,0,0,0,0,0,0,0,53,1,0,0,62,0,55657,50797,0,26427,1,50819,55660,0,29361,0,22,88,0,53,0,0,0,0,135953,0,0,0,0,0,0,0,0,101,0,24,0,0,0,0,26639,0,0,0,420233,0,96,0,0/0/CPU0

2020-02-06 19:15:21.364000+00:00,leaf4,sg2,obt-collector1,0,0,0,0,0,0,0,0,0,0,0,0,0,0,0,0,0,0,0,0,0,0,0,0,0,60,0,0,0,0,0,0,0,0,0,0,0,0,0,0,0,0,0,0,0,0,0,0,0,0,0,0,0,0,0,0,1760746,0,0,0,0,0,0,0,0,0,0,0,0,0,0,0,0,0,0,0,1670164,0,0,0,0/RP0/CPU0

2020-02-06 19:15:24.828000+00:00,leaf4,sg2,obt-collector1,1,58,0,0,0,0,0,0,0,0,0,0,0,0,0,0,0,0,0,0,4,0,0,0,0,0,0,0,0,0,0,0,53,1,0,0,62,0,55657,50798,0,26427,1,50820,55660,0,29361,0,22,88,0,53,0,0,0,0,135954,0,0,0,0,0,0,0,0,101,0,24,0,0,0,0,26639,0,0,0,420238,0,96,0,0/0/CPU0

2020-02-06 19:15:24.829000+00:00,leaf4,sg2,obt-collector1,0,0,0,0,0,0,0,0,0,0,0,0,0,0,0,0,0,0,0,0,0,0,0,0,0,60,0,0,0,0,0,0,0,0,0,0,0,0,0,0,0,0,0,0,0,0,0,0,0,0,0,0,0,0,0,0,1760772,0,0,0,0,0,0,0,0,0,0,0,0,0,0,0,0,0,0,0,1670196,0,0,0,0/RP0/CPU0

2020-02-06 19:15:31.405000+00:00,leaf4,sg2,obt-collector1,1,58,0,0,0,0,0,0,0,0,0,0,0,0,0,0,0,0,0,0,4,0,0,0,0,0,0,0,0,0,0,0,53,1,0,0,62,0,55659,50798,0,26427,1,50820,55662,0,29361,0,22,88,0,53,0,0,0,0,135956,0,0,0,0,0,0,0,0,101,0,24,0,0,0,0,26639,0,0,0,420248,0,96,0,0/0/CPU0

2020-02-06 19:15:31.406000+00:00,leaf4,sg2,obt-collector1,0,0,0,0,0,0,0,0,0,0,0,0,0,0,0,0,0,0,0,0,0,0,0,0,0,60,0,0,0,0,0,0,0,0,0,0,0,0,0,0,0,0,0,0,0,0,0,0,0,0,0,0,0,0,0,0,1760802,0,0,0,0,0,0,0,0,0,0,0,0,0,0,0,0,0,0,0,1670234,0,0,0,0/RP0/CPU0

2020-02-06 19:15:40.991000+00:00,leaf4,sg2,obt-collector1,1,58,0,0,0,0,0,0,0,0,0,0,0,0,0,0,0,0,0,0,4,0,0,0,0,0,0,0,0,0,0,0,53,1,0,0,62,0,55664,50800,0,26427,1,50822,55667,0,29362,0,22,88,0,53,0,0,0,0,135964,0,0,0,0,0,0,0,0,101,0,24,0,0,0,0,26639,0,0,0,420266,0,96,0,0/0/CPU0

2020-02-06 19:15:40.993000+00:00,leaf4,sg2,obt-collector1,0,0,0,0,0,0,0,0,0,0,0,0,0,0,0,0,0,0,0,0,0,0,0,0,0,60,0,0,0,0,0,0,0,0,0,0,0,0,0,0,0,0,0,0,0,0,0,0,0,0,0,0,0,0,0,0,1760857,0,0,0,0,0,0,0,0,0,0,0,0,0,0,0,0,0,0,0,1670302,0,0,0,0/RP0/CPU0

2020-02-06 19:15:47.451000+00:00,leaf4,sg2,obt-collector1,1,58,0,0,0,0,0,0,0,0,0,0,0,0,0,0,0,0,0,0,4,0,0,0,0,0,0,0,0,0,0,0,53,1,0,0,62,0,55666,50800,0,26427,1,50822,55669,0,29365,0,22,88,0,53,0,0,0,0,135969,0,0,0,0,0,0,0,0,101,0,24,0,0,0,0,26639,0,0,0,420275,0,96,0,0/0/CPU0

2020-02-06 19:15:47.452000+00:00,leaf4,sg2,obt-collector1,0,0,0,0,0,0,0,0,0,0,0,0,0,0,0,0,0,0,0,0,0,0,0,0,0,60,0,0,0,0,0,0,0,0,0,0,0,0,0,0,0,0,0,0,0,0,0,0,0,0,0,0,0,0,0,0,1760907,0,0,0,0,0,0,0,0,0,0,0,0,0,0,0,0,0,0,0,1670358,0,0,0,0/RP0/CPU0

2020-02-06 19:15:50.803000+00:00,leaf4,sg2,obt-collector1,1,58,0,0,0,0,0,0,0,0,0,0,0,0,0,0,0,0,0,0,4,0,0,0,0,0,0,0,0,0,0,0,53,1,0,0,62,0,55666,50801,0,26427,1,50823,55669,0,29366,0,22,88,0,53,0,0,0,0,135971,0,0,0,0,0,0,0,0,101,0,24,0,0,0,0,26639,0,0,0,420280,0,96,0,0/0/CPU0

2020-02-06 19:15:50.805000+00:00,leaf4,sg2,obt-collector1,0,0,0,0,0,0,0,0,0,0,0,0,0,0,0,0,0,0,0,0,0,0,0,0,0,60,0,0,0,0,0,0,0,0,0,0,0,0,0,0,0,0,0,0,0,0,0,0,0,0,0,0,0,0,0,0,1760917,0,0,0,0,0,0,0,0,0,0,0,0,0,0,0,0,0,0,0,1670372,0,0,0,0/RP0/CPU0

2020-02-06 19:15:54.068000+00:00,leaf4,sg2,obt-collector1,1,58,0,0,0,0,0,0,0,0,0,0,0,0,0,0,0,0,0,0,4,0,0,0,0,0,0,0,0,0,0,0,53,1,0,0,62,0,55666,50801,0,26427,1,50823,55669,0,29366,0,22,88,0,53,0,0,0,0,135971,0,0,0,0,0,0,0,0,101,0,24,0,0,0,0,26639,0,0,0,420284,0,96,0,0/0/CPU0

2020-02-06 19:15:54.070000+00:00,leaf4,sg2,obt-collector1,0,0,0,0,0,0,0,0,0,0,0,0,0,0,0,0,0,0,0,0,0,0,0,0,0,60,0,0,0,0,0,0,0,0,0,0,0,0,0,0,0,0,0,0,0,0,0,0,0,0,0,0,0,0,0,0,1760948,0,0,0,0,0,0,0,0,0,0,0,0,0,0,0,0,0,0,0,1670406,0,0,0,0/RP0/CPU0

2020-02-06 19:16:38+00:00,leaf4,sg2,obt-collector1,1,58,0,0,0,0,0,0,0,0,0,0,0,0,0,0,0,0,0,0,4,0,0,0,0,0,0,0,0,0,0,0,53,1,0,0,62,0,55676,50810,0,26433,1,50832,55679,0,29368,0,22,88,0,53,0,0,0,0,135992,0,0,0,0,0,0,0,0,101,0,24,0,0,0,0,26645,0,0,0,420359,0,96,0,0/0/CPU0

2020-02-06 19:16:38.002000+00:00,leaf4,sg2,obt-collector1,0,0,0,0,0,0,0,0,0,0,0,0,0,0,0,0,0,0,0,0,0,0,0,0,0,60,0,0,0,0,0,0,0,0,0,0,0,0,0,0,0,0,0,0,0,0,0,0,0,0,0,0,0,0,0,0,1761212,0,0,0,0,0,0,0,0,0,0,0,0,0,0,0,0,0,0,0,1670719,0,0,0,0/RP0/CPU0

2020-02-06 19:16:41.386000+00:00,leaf4,sg2,obt-collector1,1,58,0,0,0,0,0,0,0,0,0,0,0,0,0,0,0,0,0,0,4,0,0,0,0,0,0,0,0,0,0,0,53,1,0,0,62,0,55678,50810,0,26433,1,50832,55681,0,29368,0,22,88,0,53,0,0,0,0,135994,0,0,0,0,0,0,0,0,101,0,24,0,0,0,0,26645,0,0,0,420365,0,96,0,0/0/CPU0

2020-02-06 19:16:41.387000+00:00,leaf4,sg2,obt-collector1,0,0,0,0,0,0,0,0,0,0,0,0,0,0,0,0,0,0,0,0,0,0,0,0,0,60,0,0,0,0,0,0,0,0,0,0,0,0,0,0,0,0,0,0,0,0,0,0,0,0,0,0,0,0,0,0,1761213,0,0,0,0,0,0,0,0,0,0,0,0,0,0,0,0,0,0,0,1670722,0,0,0,0/RP0/CPU0

2020-02-06 19:16:44.701000+00:00,leaf4,sg2,obt-collector1,1,58,0,0,0,0,0,0,0,0,0,0,0,0,0,0,0,0,0,0,4,0,0,0,0,0,0,0,0,0,0,0,53,1,0,0,62,0,55678,50810,0,26434,1,50832,55681,0,29369,0,22,88,0,53,0,0,0,0,135995,0,0,0,0,0,0,0,0,101,0,24,0,0,0,0,26646,0,0,0,420370,0,96,0,0/0/CPU0

2020-02-06 19:16:44.703000+00:00,leaf4,sg2,obt-collector1,0,0,0,0,0,0,0,0,0,0,0,0,0,0,0,0,0,0,0,0,0,0,0,0,0,60,0,0,0,0,0,0,0,0,0,0,0,0,0,0,0,0,0,0,0,0,0,0,0,0,0,0,0,0,0,0,1761244,0,0,0,0,0,0,0,0,0,0,0,0,0,0,0,0,0,0,0,1670752,0,0,0,0/RP0/CPU0

2020-02-06 19:16:48.019000+00:00,leaf4,sg2,obt-collector1,1,58,0,0,0,0,0,0,0,0,0,0,0,0,0,0,0,0,0,0,4,0,0,0,0,0,0,0,0,0,0,0,53,1,0,0,62,0,55679,50813,0,26434,1,50835,55682,0,29369,0,22,88,0,53,0,0,0,0,135999,0,0,0,0,0,0,0,0,101,0,24,0,0,0,0,26646,0,0,0,420378,0,96,0,0/0/CPU0

2020-02-06 19:16:48.021000+00:00,leaf4,sg2,obt-collector1,0,0,0,0,0,0,0,0,0,0,0,0,0,0,0,0,0,0,0,0,0,0,0,0,0,60,0,0,0,0,0,0,0,0,0,0,0,0,0,0,0,0,0,0,0,0,0,0,0,0,0,0,0,0,0,0,1761276,0,0,0,0,0,0,0,0,0,0,0,0,0,0,0,0,0,0,0,1670787,0,0,0,0/RP0/CPU0

2020-02-06 19:16:51.380000+00:00,leaf4,sg2,obt-collector1,1,58,0,0,0,0,0,0,0,0,0,0,0,0,0,0,0,0,0,0,4,0,0,0,0,0,0,0,0,0,0,0,53,1,0,0,62,0,55679,50813,0,26435,1,50835,55682,0,29370,0,22,88,0,53,0,0,0,0,136000,0,0,0,0,0,0,0,0,101,0,24,0,0,0,0,26647,0,0,0,420383,0,96,0,0/0/CPU0

2020-02-06 19:16:51.381000+00:00,leaf4,sg2,obt-collector1,0,0,0,0,0,0,0,0,0,0,0,0,0,0,0,0,0,0,0,0,0,0,0,0,0,60,0,0,0,0,0,0,0,0,0,0,0,0,0,0,0,0,0,0,0,0,0,0,0,0,0,0,0,0,0,0,1761277,0,0,0,0,0,0,0,0,0,0,0,0,0,0,0,0,0,0,0,1670790,0,0,0,0/RP0/CPU0

2020-02-06 19:16:58.950000+00:00,leaf4,sg2,obt-collector1,1,58,0,0,0,0,0,0,0,0,0,0,0,0,0,0,0,0,0,0,4,0,0,0,0,0,0,0,0,0,0,0,53,1,0,0,62,0,55681,50817,0,26438,1,50839,55684,0,29372,0,22,88,0,53,0,0,0,0,136008,0,0,0,0,0,0,0,0,101,0,24,0,0,0,0,26650,0,0,0,420400,0,96,0,0/0/CPU0

2020-02-06 19:16:58.951000+00:00,leaf4,sg2,obt-collector1,0,0,0,0,0,0,0,0,0,0,0,0,0,0,0,0,0,0,0,0,0,0,0,0,0,60,0,0,0,0,0,0,0,0,0,0,0,0,0,0,0,0,0,0,0,0,0,0,0,0,0,0,0,0,0,0,1761338,0,0,0,0,0,0,0,0,0,0,0,0,0,0,0,0,0,0,0,1670856,0,0,0,0/RP0/CPU0

2020-02-06 19:17:12.038000+00:00,leaf4,sg2,obt-collector1,1,58,0,0,0,0,0,0,0,0,0,0,0,0,0,0,0,0,0,0,4,0,0,0,0,0,0,0,0,0,0,0,53,1,0,0,62,0,55683,50820,0,26439,1,50842,55686,0,29373,0,22,88,0,53,0,0,0,0,136014,0,0,0,0,0,0,0,0,101,0,24,0,0,0,0,26651,0,0,0,420422,0,96,0,0/0/CPU0

2020-02-06 19:17:12.040000+00:00,leaf4,sg2,obt-collector1,0,0,0,0,0,0,0,0,0,0,0,0,0,0,0,0,0,0,0,0,0,0,0,0,0,60,0,0,0,0,0,0,0,0,0,0,0,0,0,0,0,0,0,0,0,0,0,0,0,0,0,0,0,0,0,0,1761404,0,0,0,0,0,0,0,0,0,0,0,0,0,0,0,0,0,0,0,1670929,0,0,0,0/RP0/CPU0

2020-02-06 19:17:31.626000+00:00,leaf4,sg2,obt-collector1,1,58,0,0,0,0,0,0,0,0,0,0,0,0,0,0,0,0,0,0,4,0,0,0,0,0,0,0,0,0,0,0,53,1,0,0,62,0,55685,50822,0,26441,1,50844,55688,0,29376,0,22,88,0,53,0,0,0,0,136021,0,0,0,0,0,0,0,0,101,0,24,0,0,0,0,26653,0,0,0,420450,0,96,0,0/0/CPU0

2020-02-06 19:17:31.628000+00:00,leaf4,sg2,obt-collector1,0,0,0,0,0,0,0,0,0,0,0,0,0,0,0,0,0,0,0,0,0,0,0,0,0,60,0,0,0,0,0,0,0,0,0,0,0,0,0,0,0,0,0,0,0,0,0,0,0,0,0,0,0,0,0,0,1761532,0,0,0,0,0,0,0,0,0,0,0,0,0,0,0,0,0,0,0,1671067,0,0,0,0/RP0/CPU0

2020-02-06 19:17:55.127000+00:00,leaf4,sg2,obt-collector1,1,58,0,0,0,0,0,0,0,0,0,0,0,0,0,0,0,0,0,0,4,0,0,0,0,0,0,0,0,0,0,0,53,1,0,0,62,0,55691,50828,0,26442,1,50850,55694,0,29377,0,22,88,0,53,0,0,0,0,136034,0,0,0,0,0,0,0,0,101,0,24,0,0,0,0,26654,0,0,0,420489,0,96,0,0/0/CPU0

2020-02-06 19:17:55.129000+00:00,leaf4,sg2,obt-collector1,0,0,0,0,0,0,0,0,0,0,0,0,0,0,0,0,0,0,0,0,0,0,0,0,0,60,0,0,0,0,0,0,0,0,0,0,0,0,0,0,0,0,0,0,0,0,0,0,0,0,0,0,0,0,0,0,1761681,0,0,0,0,0,0,0,0,0,0,0,0,0,0,0,0,0,0,0,1671234,0,0,0,0/RP0/CPU0

2020-02-06 19:18:11.276000+00:00,leaf4,sg2,obt-collector1,1,58,0,0,0,0,0,0,0,0,0,0,0,0,0,0,0,0,0,0,4,0,0,0,0,0,0,0,0,0,0,0,53,1,0,0,62,0,55695,50831,0,26445,1,50853,55698,0,29379,0,22,88,0,53,0,0,0,0,136043,0,0,0,0,0,0,0,0,101,0,24,0,0,0,0,26657,0,0,0,420518,0,96,0,0/0/CPU0

2020-02-06 19:18:11.278000+00:00,leaf4,sg2,obt-collector1,0,0,0,0,0,0,0,0,0,0,0,0,0,0,0,0,0,0,0,0,0,0,0,0,0,60,0,0,0,0,0,0,0,0,0,0,0,0,0,0,0,0,0,0,0,0,0,0,0,0,0,0,0,0,0,0,1761780,0,0,0,0,0,0,0,0,0,0,0,0,0,0,0,0,0,0,0,1671337,0,0,0,0/RP0/CPU0

2020-02-06 19:18:14.485000+00:00,leaf4,sg2,obt-collector1,1,58,0,0,0,0,0,0,0,0,0,0,0,0,0,0,0,0,0,0,4,0,0,0,0,0,0,0,0,0,0,0,53,1,0,0,62,0,55695,50831,0,26447,1,50853,55698,0,29379,0,22,88,0,53,0,0,0,0,136043,0,0,0,0,0,0,0,0,101,0,24,0,0,0,0,26659,0,0,0,420523,0,96,0,0/0/CPU0

2020-02-06 19:18:14.486000+00:00,leaf4,sg2,obt-collector1,0,0,0,0,0,0,0,0,0,0,0,0,0,0,0,0,0,0,0,0,0,0,0,0,0,60,0,0,0,0,0,0,0,0,0,0,0,0,0,0,0,0,0,0,0,0,0,0,0,0,0,0,0,0,0,0,1761815,0,0,0,0,0,0,0,0,0,0,0,0,0,0,0,0,0,0,0,1671365,0,0,0,0/RP0/CPU0

2020-02-06 19:18:30.633000+00:00,leaf4,sg2,obt-collector1,1,58,0,0,0,0,0,0,0,0,0,0,0,0,0,0,0,0,0,0,4,0,0,0,0,0,0,0,0,0,0,0,53,1,0,0,62,0,55699,50834,0,26447,1,50856,55702,0,29381,0,22,88,0,53,0,0,0,0,136052,0,0,0,0,0,0,0,0,101,0,24,0,0,0,0,26659,0,0,0,420549,0,96,0,0/0/CPU0

2020-02-06 19:18:30.635000+00:00,leaf4,sg2,obt-collector1,0,0,0,0,0,0,0,0,0,0,0,0,0,0,0,0,0,0,0,0,0,0,0,0,0,60,0,0,0,0,0,0,0,0,0,0,0,0,0,0,0,0,0,0,0,0,0,0,0,0,0,0,0,0,0,0,1761924,0,0,0,0,0,0,0,0,0,0,0,0,0,0,0,0,0,0,0,1671454,0,0,0,0/RP0/CPU0

2020-02-06 19:18:53.853000+00:00,leaf4,sg2,obt-collector1,1,58,0,0,0,0,0,0,0,0,0,0,0,0,0,0,0,0,0,0,4,0,0,0,0,0,0,0,0,0,0,0,53,1,0,0,62,0,55707,50837,0,26447,1,50859,55710,0,29386,0,22,88,0,53,0,0,0,0,136068,0,0,0,0,0,0,0,0,101,0,24,0,0,0,0,26659,0,0,0,420586,0,96,0,0/0/CPU0

2020-02-06 19:18:53.855000+00:00,leaf4,sg2,obt-collector1,0,0,0,0,0,0,0,0,0,0,0,0,0,0,0,0,0,0,0,0,0,0,0,0,0,60,0,0,0,0,0,0,0,0,0,0,0,0,0,0,0,0,0,0,0,0,0,0,0,0,0,0,0,0,0,0,1762103,0,0,0,0,0,0,0,0,0,0,0,0,0,0,0,0,0,0,0,1671590,0,0,0,0/RP0/CPU0

