,Producer,Target,host,icmp-stats/admin-unreachable-received,icmp-stats/admin-unreachable-sent,icmp-stats/checksum-error,icmp-stats/echo-reply-received,icmp-stats/echo-reply-sent,icmp-stats/echo-request-received,icmp-stats/echo-request-sent,icmp-stats/fragment-unreachable-received,icmp-stats/fragment-unreachable-sent,icmp-stats/hopcount-received,icmp-stats/hopcount-sent,icmp-stats/host-unreachable-received,icmp-stats/host-unreachable-sent,icmp-stats/mask-reply-received,icmp-stats/mask-reply-sent,icmp-stats/mask-request-received,icmp-stats/mask-request-sent,icmp-stats/network-unreachable-received,icmp-stats/network-unreachable-sent,icmp-stats/output,icmp-stats/param-error-received,icmp-stats/param-error-send,icmp-stats/port-unreachable-received,icmp-stats/port-unreachable-sent,icmp-stats/protocol-unreachable-received,icmp-stats/protocol-unreachable-sent,icmp-stats/reassebly-received,icmp-stats/reassembly-sent,icmp-stats/received,icmp-stats/redirect-received,icmp-stats/redirect-send,icmp-stats/router-advert-received,icmp-stats/router-solicit-received,icmp-stats/source-quench-received,icmp-stats/timestamp-received,icmp-stats/timestamp-reply-received,icmp-stats/unknown,ipv4-stats/bad-header,ipv4-stats/bad-hop-count,ipv4-stats/bad-option,ipv4-stats/bad-security-option,ipv4-stats/bad-source-address,ipv4-stats/basic-security-option,ipv4-stats/broadcast-in,ipv4-stats/broadcast-out,ipv4-stats/cipso-option,ipv4-stats/encapsulation-failed,ipv4-stats/end-option,ipv4-stats/extended-security-option,ipv4-stats/format-errors,ipv4-stats/fragment-count,ipv4-stats/input-packets,ipv4-stats/lisp-decap-error,ipv4-stats/lisp-encap-error,ipv4-stats/lisp-v4-decap,ipv4-stats/lisp-v4-encap,ipv4-stats/lisp-v6-decap,ipv4-stats/lisp-v6-encap,ipv4-stats/loose-source-route-option,ipv4-stats/multicast-in,ipv4-stats/multicast-out,ipv4-stats/no-gateway,ipv4-stats/no-protocol,ipv4-stats/no-router,ipv4-stats/noop-option,ipv4-stats/options-present,ipv4-stats/packet-too-big,ipv4-stats/packets-forwarded,ipv4-stats/packets-fragmented,ipv4-stats/packets-output,ipv4-stats/reassemble-failed,ipv4-stats/reassemble-input,ipv4-stats/reassemble-max-drop,ipv4-stats/reassemble-timeout,ipv4-stats/reassembled,ipv4-stats/received-packets,ipv4-stats/record-route-option,ipv4-stats/router-alert-option,ipv4-stats/sid-option,ipv4-stats/strict-source-route-option,ipv4-stats/timestamp-option,ipv4-stats/unknown-option,node-name

2020-02-06 19:04:51.639000+00:00,leaf4,sg3,obt-collector1,0,0,0,0,0,0,0,0,0,0,11,0,0,0,0,0,0,0,0,11,0,0,0,0,0,0,0,0,0,0,0,0,0,0,0,0,0,0,0,0,0,0,0,0,0,0,0,0,0,0,0,0,0,0,0,0,0,0,0,0,0,0,0,0,0,0,0,0,0,12,0,0,0,0,0,0,0,0,0,0,0,0,0/0/CPU0

2020-02-06 19:04:51.640000+00:00,leaf4,sg3,obt-collector1,0,0,0,0,845,845,0,0,0,0,0,0,0,0,0,3,0,0,5,860,0,0,10354,7,0,3,0,0,11205,0,0,0,0,0,3,0,0,0,0,0,0,0,0,0,0,0,0,0,0,0,0,8832380,0,0,0,0,0,0,0,0,0,0,3,22,0,4188,0,0,0,23826028,0,0,0,0,0,8828445,0,4188,0,0,0,0,0/RP0/CPU0

2020-02-06 19:04:55.112000+00:00,leaf4,sg3,obt-collector1,0,0,0,0,0,0,0,0,0,0,11,0,0,0,0,0,0,0,0,11,0,0,0,0,0,0,0,0,0,0,0,0,0,0,0,0,0,0,0,0,0,0,0,0,0,0,0,0,0,0,0,0,0,0,0,0,0,0,0,0,0,0,0,0,0,0,0,0,0,12,0,0,0,0,0,0,0,0,0,0,0,0,0/0/CPU0

2020-02-06 19:04:55.113000+00:00,leaf4,sg3,obt-collector1,0,0,0,0,845,845,0,0,0,0,0,0,0,0,0,3,0,0,5,860,0,0,10356,7,0,3,0,0,11207,0,0,0,0,0,3,0,0,0,0,0,0,0,0,0,0,0,0,0,0,0,0,8832479,0,0,0,0,0,0,0,0,0,0,3,22,0,4188,0,0,0,23848944,0,0,0,0,0,8828544,0,4188,0,0,0,0,0/RP0/CPU0

2020-02-06 19:05:01.685000+00:00,leaf4,sg3,obt-collector1,0,0,0,0,0,0,0,0,0,0,11,0,0,0,0,0,0,0,0,11,0,0,0,0,0,0,0,0,0,0,0,0,0,0,0,0,0,0,0,0,0,0,0,0,0,0,0,0,0,0,0,0,0,0,0,0,0,0,0,0,0,0,0,0,0,0,0,0,0,12,0,0,0,0,0,0,0,0,0,0,0,0,0/0/CPU0

2020-02-06 19:05:01.686000+00:00,leaf4,sg3,obt-collector1,0,0,0,0,845,845,0,0,0,0,0,0,0,0,0,3,0,0,5,860,0,0,10356,7,0,3,0,0,11207,0,0,0,0,0,3,0,0,0,0,0,0,0,0,0,0,0,0,0,0,0,0,8832815,0,0,0,0,0,0,0,0,0,0,3,22,0,4188,0,0,0,23895268,0,0,0,0,0,8828880,0,4188,0,0,0,0,0/RP0/CPU0

2020-02-06 19:05:08.253000+00:00,leaf4,sg3,obt-collector1,0,0,0,0,0,0,0,0,0,0,11,0,0,0,0,0,0,0,0,11,0,0,0,0,0,0,0,0,0,0,0,0,0,0,0,0,0,0,0,0,0,0,0,0,0,0,0,0,0,0,0,0,0,0,0,0,0,0,0,0,0,0,0,0,0,0,0,0,0,12,0,0,0,0,0,0,0,0,0,0,0,0,0/0/CPU0

2020-02-06 19:05:08.254000+00:00,leaf4,sg3,obt-collector1,0,0,0,0,845,845,0,0,0,0,0,0,0,0,0,3,0,0,5,860,0,0,10356,7,0,3,0,0,11207,0,0,0,0,0,3,0,0,0,0,0,0,0,0,0,0,0,0,0,0,0,0,8832943,0,0,0,0,0,0,0,0,0,0,3,22,0,4188,0,0,0,23940886,0,0,0,0,0,8829007,0,4188,0,0,0,0,0/RP0/CPU0

2020-02-06 19:05:38.222000+00:00,leaf4,sg3,obt-collector1,0,0,0,0,0,0,0,0,0,0,11,0,0,0,0,0,0,0,0,11,0,0,0,0,0,0,0,0,0,0,0,0,0,0,0,0,0,0,0,0,0,0,0,0,0,0,0,0,0,0,0,0,0,0,0,0,0,0,0,0,0,0,0,0,0,0,0,0,0,12,0,0,0,0,0,0,0,0,0,0,0,0,0/0/CPU0

2020-02-06 19:05:38.224000+00:00,leaf4,sg3,obt-collector1,0,0,0,0,845,845,0,0,0,0,0,0,0,0,0,3,0,0,5,860,0,0,10356,7,0,3,0,0,11207,0,0,0,0,0,3,0,0,0,0,0,0,0,0,0,0,0,0,0,0,0,0,8834156,0,0,0,0,0,0,0,0,0,0,3,22,0,4188,0,0,0,24149226,0,0,0,0,0,8830220,0,4188,0,0,0,0,0/RP0/CPU0

2020-02-06 19:05:44.838000+00:00,leaf4,sg3,obt-collector1,0,0,0,0,0,0,0,0,0,0,11,0,0,0,0,0,0,0,0,11,0,0,0,0,0,0,0,0,0,0,0,0,0,0,0,0,0,0,0,0,0,0,0,0,0,0,0,0,0,0,0,0,0,0,0,0,0,0,0,0,0,0,0,0,0,0,0,0,0,12,0,0,0,0,0,0,0,0,0,0,0,0,0/0/CPU0

2020-02-06 19:05:44.839000+00:00,leaf4,sg3,obt-collector1,0,0,0,0,845,845,0,0,0,0,0,0,0,0,0,3,0,0,5,860,0,0,10356,7,0,3,0,0,11207,0,0,0,0,0,3,0,0,0,0,0,0,0,0,0,0,0,0,0,0,0,0,8834679,0,0,0,0,0,0,0,0,0,0,3,22,0,4188,0,0,0,24195928,0,0,0,0,0,8830743,0,4188,0,0,0,0,0/RP0/CPU0

2020-02-06 19:05:55.058000+00:00,leaf4,sg3,obt-collector1,0,0,0,0,0,0,0,0,0,0,11,0,0,0,0,0,0,0,0,11,0,0,0,0,0,0,0,0,0,0,0,0,0,0,0,0,0,0,0,0,0,0,0,0,0,0,0,0,0,0,0,0,0,0,0,0,0,0,0,0,0,0,0,0,0,0,0,0,0,12,0,0,0,0,0,0,0,0,0,0,0,0,0/0/CPU0

2020-02-06 19:05:55.059000+00:00,leaf4,sg3,obt-collector1,0,0,0,0,845,845,0,0,0,0,0,0,0,0,0,3,0,0,5,860,0,0,10356,7,0,3,0,0,11207,0,0,0,0,0,3,0,0,0,0,0,0,0,0,0,0,0,0,0,0,0,0,8835268,0,0,0,0,0,0,0,0,0,0,3,22,0,4189,0,0,0,24264915,0,0,0,0,0,8831332,0,4189,0,0,0,0,0/RP0/CPU0

2020-02-06 19:05:58.241000+00:00,leaf4,sg3,obt-collector1,0,0,0,0,0,0,0,0,0,0,11,0,0,0,0,0,0,0,0,11,0,0,0,0,0,0,0,0,0,0,0,0,0,0,0,0,0,0,0,0,0,0,0,0,0,0,0,0,0,0,0,0,0,0,0,0,0,0,0,0,0,0,0,0,0,0,0,0,0,12,0,0,0,0,0,0,0,0,0,0,0,0,0/0/CPU0

2020-02-06 19:05:58.243000+00:00,leaf4,sg3,obt-collector1,0,0,0,0,845,845,0,0,0,0,0,0,0,0,0,3,0,0,5,860,0,0,10356,7,0,3,0,0,11207,0,0,0,0,0,3,0,0,0,0,0,0,0,0,0,0,0,0,0,0,0,0,8835325,0,0,0,0,0,0,0,0,0,0,3,22,0,4189,0,0,0,24288173,0,0,0,0,0,8831389,0,4189,0,0,0,0,0/RP0/CPU0

2020-02-06 19:06:08.185000+00:00,leaf4,sg3,obt-collector1,0,0,0,0,0,0,0,0,0,0,11,0,0,0,0,0,0,0,0,11,0,0,0,0,0,0,0,0,0,0,0,0,0,0,0,0,0,0,0,0,0,0,0,0,0,0,0,0,0,0,0,0,0,0,0,0,0,0,0,0,0,0,0,0,0,0,0,0,0,12,0,0,0,0,0,0,0,0,0,0,0,0,0/0/CPU0

2020-02-06 19:06:08.187000+00:00,leaf4,sg3,obt-collector1,0,0,0,0,845,845,0,0,0,0,0,0,0,0,0,3,0,0,5,860,0,0,10356,7,0,3,0,0,11207,0,0,0,0,0,3,0,0,0,0,0,0,0,0,0,0,0,0,0,0,0,0,8835758,0,0,0,0,0,0,0,0,0,0,3,22,0,4189,0,0,0,24357164,0,0,0,0,0,8831822,0,4189,0,0,0,0,0/RP0/CPU0

2020-02-06 19:06:11.390000+00:00,leaf4,sg3,obt-collector1,0,0,0,0,0,0,0,0,0,0,11,0,0,0,0,0,0,0,0,11,0,0,0,0,0,0,0,0,0,0,0,0,0,0,0,0,0,0,0,0,0,0,0,0,0,0,0,0,0,0,0,0,0,0,0,0,0,0,0,0,0,0,0,0,0,0,0,0,0,12,0,0,0,0,0,0,0,0,0,0,0,0,0/0/CPU0

2020-02-06 19:06:11.392000+00:00,leaf4,sg3,obt-collector1,0,0,0,0,845,845,0,0,0,0,0,0,0,0,0,3,0,0,5,860,0,0,10356,7,0,3,0,0,11207,0,0,0,0,0,3,0,0,0,0,0,0,0,0,0,0,0,0,0,0,0,0,8835870,0,0,0,0,0,0,0,0,0,0,3,22,0,4189,0,0,0,24380420,0,0,0,0,0,8831933,0,4189,0,0,0,0,0/RP0/CPU0

2020-02-06 19:06:17.801000+00:00,leaf4,sg3,obt-collector1,0,0,0,0,0,0,0,0,0,0,11,0,0,0,0,0,0,0,0,11,0,0,0,0,0,0,0,0,0,0,0,0,0,0,0,0,0,0,0,0,0,0,0,0,0,0,0,0,0,0,0,0,0,0,0,0,0,0,0,0,0,0,0,0,0,0,0,0,0,12,0,0,0,0,0,0,0,0,0,0,0,0,0/0/CPU0

2020-02-06 19:06:17.803000+00:00,leaf4,sg3,obt-collector1,0,0,0,0,845,845,0,0,0,0,0,0,0,0,0,3,0,0,5,860,0,0,10356,7,0,3,0,0,11207,0,0,0,0,0,3,0,0,0,0,0,0,0,0,0,0,0,0,0,0,0,0,8836171,0,0,0,0,0,0,0,0,0,0,3,22,0,4189,0,0,0,24426908,0,0,0,0,0,8832234,0,4189,0,0,0,0,0/RP0/CPU0

2020-02-06 19:06:27.525000+00:00,leaf4,sg3,obt-collector1,0,0,0,0,0,0,0,0,0,0,11,0,0,0,0,0,0,0,0,11,0,0,0,0,0,0,0,0,0,0,0,0,0,0,0,0,0,0,0,0,0,0,0,0,0,0,0,0,0,0,0,0,0,0,0,0,0,0,0,0,0,0,0,0,0,0,0,0,0,12,0,0,0,0,0,0,0,0,0,0,0,0,0/0/CPU0

2020-02-06 19:06:27.527000+00:00,leaf4,sg3,obt-collector1,0,0,0,0,845,845,0,0,0,0,0,0,0,0,0,3,0,0,5,860,0,0,10356,7,0,3,0,0,11207,0,0,0,0,0,3,0,0,0,0,0,0,0,0,0,0,0,0,0,0,0,0,8836587,0,0,0,0,0,0,0,0,0,0,3,22,0,4189,0,0,0,24495822,0,0,0,0,0,8832650,0,4189,0,0,0,0,0/RP0/CPU0

2020-02-06 19:06:30.727000+00:00,leaf4,sg3,obt-collector1,0,0,0,0,0,0,0,0,0,0,11,0,0,0,0,0,0,0,0,11,0,0,0,0,0,0,0,0,0,0,0,0,0,0,0,0,0,0,0,0,0,0,0,0,0,0,0,0,0,0,0,0,0,0,0,0,0,0,0,0,0,0,0,0,0,0,0,0,0,12,0,0,0,0,0,0,0,0,0,0,0,0,0/0/CPU0

2020-02-06 19:06:30.729000+00:00,leaf4,sg3,obt-collector1,0,0,0,0,845,845,0,0,0,0,0,0,0,0,0,3,0,0,5,860,0,0,10356,7,0,3,0,0,11207,0,0,0,0,0,3,0,0,0,0,0,0,0,0,0,0,0,0,0,0,0,0,8836641,0,0,0,0,0,0,0,0,0,0,3,22,0,4189,0,0,0,24518670,0,0,0,0,0,8832704,0,4189,0,0,0,0,0/RP0/CPU0

2020-02-06 19:06:37.303000+00:00,leaf4,sg3,obt-collector1,0,0,0,0,0,0,0,0,0,0,11,0,0,0,0,0,0,0,0,11,0,0,0,0,0,0,0,0,0,0,0,0,0,0,0,0,0,0,0,0,0,0,0,0,0,0,0,0,0,0,0,0,0,0,0,0,0,0,0,0,0,0,0,0,0,0,0,0,0,12,0,0,0,0,0,0,0,0,0,0,0,0,0/0/CPU0

2020-02-06 19:06:37.305000+00:00,leaf4,sg3,obt-collector1,0,0,0,0,845,845,0,0,0,0,0,0,0,0,0,3,0,0,5,860,0,0,10356,7,0,3,0,0,11207,0,0,0,0,0,3,0,0,0,0,0,0,0,0,0,0,0,0,0,0,0,0,8837001,0,0,0,0,0,0,0,0,0,0,3,22,0,4189,0,0,0,24564726,0,0,0,0,0,8833064,0,4189,0,0,0,0,0/RP0/CPU0

2020-02-06 19:06:41.286000+00:00,leaf4,sg3,obt-collector1,0,0,0,0,0,0,0,0,0,0,11,0,0,0,0,0,0,0,0,11,0,0,0,0,0,0,0,0,0,0,0,0,0,0,0,0,0,0,0,0,0,0,0,0,0,0,0,0,0,0,0,0,0,0,0,0,0,0,0,0,0,0,0,0,0,0,0,0,0,12,0,0,0,0,0,0,0,0,0,0,0,0,0/0/CPU0

2020-02-06 19:06:41.288000+00:00,leaf4,sg3,obt-collector1,0,0,0,0,845,845,0,0,0,0,0,0,0,0,0,3,0,0,5,860,0,0,10356,7,0,3,0,0,11207,0,0,0,0,0,3,0,0,0,0,0,0,0,0,0,0,0,0,0,0,0,0,8837020,0,0,0,0,0,0,0,0,0,0,3,22,0,4189,0,0,0,24587965,0,0,0,0,0,8833083,0,4189,0,0,0,0,0/RP0/CPU0

2020-02-06 19:07:01.325000+00:00,leaf4,sg3,obt-collector1,0,0,0,0,845,845,0,0,0,0,0,0,0,0,0,3,0,0,5,860,0,0,10357,7,0,3,0,0,11208,0,0,0,0,0,3,0,0,0,0,0,0,0,0,0,0,0,0,0,0,0,0,8837933,0,0,0,0,0,0,0,0,0,0,3,22,0,4190,0,0,0,24726959,0,0,0,0,0,8833996,0,4190,0,0,0,0,0/RP0/CPU0

2020-02-06 19:07:14.977000+00:00,leaf4,sg3,obt-collector1,0,0,0,0,0,0,0,0,0,0,11,0,0,0,0,0,0,0,0,11,0,0,0,0,0,0,0,0,0,0,0,0,0,0,0,0,0,0,0,0,0,0,0,0,0,0,0,0,0,0,0,0,0,0,0,0,0,0,0,0,0,0,0,0,0,0,0,0,0,12,0,0,0,0,0,0,0,0,0,0,0,0,0/0/CPU0

2020-02-06 19:07:14.978000+00:00,leaf4,sg3,obt-collector1,0,0,0,0,845,845,0,0,0,0,0,0,0,0,0,3,0,0,5,860,0,0,10359,7,0,3,0,0,11210,0,0,0,0,0,3,0,0,0,0,0,0,0,0,0,0,0,0,0,0,0,0,8838637,0,0,0,0,0,0,0,0,0,0,3,22,0,4190,0,0,0,24819582,0,0,0,0,0,8834699,0,4190,0,0,0,0,0/RP0/CPU0

2020-02-06 19:07:21.692000+00:00,leaf4,sg3,obt-collector1,0,0,0,0,0,0,0,0,0,0,11,0,0,0,0,0,0,0,0,11,0,0,0,0,0,0,0,0,0,0,0,0,0,0,0,0,0,0,0,0,0,0,0,0,0,0,0,0,0,0,0,0,0,0,0,0,0,0,0,0,0,0,0,0,0,0,0,0,0,12,0,0,0,0,0,0,0,0,0,0,0,0,0/0/CPU0

2020-02-06 19:07:21.693000+00:00,leaf4,sg3,obt-collector1,0,0,0,0,845,845,0,0,0,0,0,0,0,0,0,3,0,0,5,860,0,0,10362,7,0,3,0,0,11213,0,0,0,0,0,3,0,0,0,0,0,0,0,0,0,0,0,0,0,0,0,0,8838984,0,0,0,0,0,0,0,0,0,0,3,22,0,4190,0,0,0,24865664,0,0,0,0,0,8835046,0,4190,0,0,0,0,0/RP0/CPU0

2020-02-06 19:07:28.601000+00:00,leaf4,sg3,obt-collector1,0,0,0,0,0,0,0,0,0,0,11,0,0,0,0,0,0,0,0,11,0,0,0,0,0,0,0,0,0,0,0,0,0,0,0,0,0,0,0,0,0,0,0,0,0,0,0,0,0,0,0,0,0,0,0,0,0,0,0,0,0,0,0,0,0,0,0,0,0,12,0,0,0,0,0,0,0,0,0,0,0,0,0/0/CPU0

2020-02-06 19:07:28.603000+00:00,leaf4,sg3,obt-collector1,0,0,0,0,845,845,0,0,0,0,0,0,0,0,0,3,0,0,5,860,0,0,10362,7,0,3,0,0,11213,0,0,0,0,0,3,0,0,0,0,0,0,0,0,0,0,0,0,0,0,0,0,8839251,0,0,0,0,0,0,0,0,0,0,3,22,0,4190,0,0,0,24911980,0,0,0,0,0,8835313,0,4190,0,0,0,0,0/RP0/CPU0

2020-02-06 19:07:31.963000+00:00,leaf4,sg3,obt-collector1,0,0,0,0,0,0,0,0,0,0,11,0,0,0,0,0,0,0,0,11,0,0,0,0,0,0,0,0,0,0,0,0,0,0,0,0,0,0,0,0,0,0,0,0,0,0,0,0,0,0,0,0,0,0,0,0,0,0,0,0,0,0,0,0,0,0,0,0,0,12,0,0,0,0,0,0,0,0,0,0,0,0,0/0/CPU0

2020-02-06 19:07:31.965000+00:00,leaf4,sg3,obt-collector1,0,0,0,0,845,845,0,0,0,0,0,0,0,0,0,3,0,0,5,860,0,0,10362,7,0,3,0,0,11213,0,0,0,0,0,3,0,0,0,0,0,0,0,0,0,0,0,0,0,0,0,0,8839469,0,0,0,0,0,0,0,0,0,0,3,22,0,4190,0,0,0,24935167,0,0,0,0,0,8835531,0,4190,0,0,0,0,0/RP0/CPU0

2020-02-06 19:07:35.310000+00:00,leaf4,sg3,obt-collector1,0,0,0,0,0,0,0,0,0,0,11,0,0,0,0,0,0,0,0,11,0,0,0,0,0,0,0,0,0,0,0,0,0,0,0,0,0,0,0,0,0,0,0,0,0,0,0,0,0,0,0,0,0,0,0,0,0,0,0,0,0,0,0,0,0,0,0,0,0,12,0,0,0,0,0,0,0,0,0,0,0,0,0/0/CPU0

2020-02-06 19:07:35.312000+00:00,leaf4,sg3,obt-collector1,0,0,0,0,845,845,0,0,0,0,0,0,0,0,0,3,0,0,5,860,0,0,10362,7,0,3,0,0,11213,0,0,0,0,0,3,0,0,0,0,0,0,0,0,0,0,0,0,0,0,0,0,8839645,0,0,0,0,0,0,0,0,0,0,3,22,0,4190,0,0,0,24958551,0,0,0,0,0,8835707,0,4190,0,0,0,0,0/RP0/CPU0

2020-02-06 19:07:56.210000+00:00,leaf4,sg3,obt-collector1,0,0,0,0,0,0,0,0,0,0,11,0,0,0,0,0,0,0,0,11,0,0,0,0,0,0,0,0,0,0,0,0,0,0,0,0,0,0,0,0,0,0,0,0,0,0,0,0,0,0,0,0,0,0,0,0,0,0,0,0,0,0,0,0,0,0,0,0,0,12,0,0,0,0,0,0,0,0,0,0,0,0,0/0/CPU0

2020-02-06 19:07:56.212000+00:00,leaf4,sg3,obt-collector1,0,0,0,0,845,845,0,0,0,0,0,0,0,0,0,3,0,0,5,860,0,0,10364,7,0,3,0,0,11215,0,0,0,0,0,3,0,0,0,0,0,0,0,0,0,0,0,0,0,0,0,0,8840526,0,0,0,0,0,0,0,0,0,0,3,22,0,4191,0,0,0,25098348,0,0,0,0,0,8836588,0,4191,0,0,0,0,0/RP0/CPU0

2020-02-06 19:08:05.830000+00:00,leaf4,sg3,obt-collector1,0,0,0,0,0,0,0,0,0,0,11,0,0,0,0,0,0,0,0,11,0,0,0,0,0,0,0,0,0,0,0,0,0,0,0,0,0,0,0,0,0,0,0,0,0,0,0,0,0,0,0,0,0,0,0,0,0,0,0,0,0,0,0,0,0,0,0,0,0,12,0,0,0,0,0,0,0,0,0,0,0,0,0/0/CPU0

2020-02-06 19:08:05.831000+00:00,leaf4,sg3,obt-collector1,0,0,0,0,845,845,0,0,0,0,0,0,0,0,0,3,0,0,5,860,0,0,10364,7,0,3,0,0,11215,0,0,0,0,0,3,0,0,0,0,0,0,0,0,0,0,0,0,0,0,0,0,8840921,0,0,0,0,0,0,0,0,0,0,3,22,0,4191,0,0,0,25167786,0,0,0,0,0,8836983,0,4191,0,0,0,0,0/RP0/CPU0

2020-02-06 19:08:18.797000+00:00,leaf4,sg3,obt-collector1,0,0,0,0,0,0,0,0,0,0,11,0,0,0,0,0,0,0,0,11,0,0,0,0,0,0,0,0,0,0,0,0,0,0,0,0,0,0,0,0,0,0,0,0,0,0,0,0,0,0,0,0,0,0,0,0,0,0,0,0,0,0,0,0,0,0,0,0,0,12,0,0,0,0,0,0,0,0,0,0,0,0,0/0/CPU0

2020-02-06 19:08:18.798000+00:00,leaf4,sg3,obt-collector1,0,0,0,0,845,845,0,0,0,0,0,0,0,0,0,3,0,0,5,860,0,0,10364,7,0,3,0,0,11215,0,0,0,0,0,3,0,0,0,0,0,0,0,0,0,0,0,0,0,0,0,0,8841439,0,0,0,0,0,0,0,0,0,0,3,22,0,4191,0,0,0,25259807,0,0,0,0,0,8837500,0,4191,0,0,0,0,0/RP0/CPU0

2020-02-06 19:08:42.267000+00:00,leaf4,sg3,obt-collector1,0,0,0,0,0,0,0,0,0,0,11,0,0,0,0,0,0,0,0,11,0,0,0,0,0,0,0,0,0,0,0,0,0,0,0,0,0,0,0,0,0,0,0,0,0,0,0,0,0,0,0,0,0,0,0,0,0,0,0,0,0,0,0,0,0,0,0,0,0,12,0,0,0,0,0,0,0,0,0,0,0,0,0/0/CPU0

2020-02-06 19:08:42.269000+00:00,leaf4,sg3,obt-collector1,0,0,0,0,845,845,0,0,0,0,0,0,0,0,0,3,0,0,5,860,0,0,10364,7,0,3,0,0,11215,0,0,0,0,0,3,0,0,0,0,0,0,0,0,0,0,0,0,0,0,0,0,8842565,0,0,0,0,0,0,0,0,0,0,3,22,0,4191,0,0,0,25421611,0,0,0,0,0,8838626,0,4191,0,0,0,0,0/RP0/CPU0

2020-02-06 19:08:45.484000+00:00,leaf4,sg3,obt-collector1,0,0,0,0,0,0,0,0,0,0,11,0,0,0,0,0,0,0,0,11,0,0,0,0,0,0,0,0,0,0,0,0,0,0,0,0,0,0,0,0,0,0,0,0,0,0,0,0,0,0,0,0,0,0,0,0,0,0,0,0,0,0,0,0,0,0,0,0,0,12,0,0,0,0,0,0,0,0,0,0,0,0,0/0/CPU0

2020-02-06 19:08:45.485000+00:00,leaf4,sg3,obt-collector1,0,0,0,0,845,845,0,0,0,0,0,0,0,0,0,3,0,0,5,860,0,0,10364,7,0,3,0,0,11215,0,0,0,0,0,3,0,0,0,0,0,0,0,0,0,0,0,0,0,0,0,0,8842572,0,0,0,0,0,0,0,0,0,0,3,22,0,4191,0,0,0,25444283,0,0,0,0,0,8838633,0,4191,0,0,0,0,0/RP0/CPU0

2020-02-06 19:08:55.416000+00:00,leaf4,sg3,obt-collector1,0,0,0,0,0,0,0,0,0,0,11,0,0,0,0,0,0,0,0,11,0,0,0,0,0,0,0,0,0,0,0,0,0,0,0,0,0,0,0,0,0,0,0,0,0,0,0,0,0,0,0,0,0,0,0,0,0,0,0,0,0,0,0,0,0,0,0,0,0,12,0,0,0,0,0,0,0,0,0,0,0,0,0/0/CPU0

2020-02-06 19:08:55.418000+00:00,leaf4,sg3,obt-collector1,0,0,0,0,845,845,0,0,0,0,0,0,0,0,0,3,0,0,5,860,0,0,10364,7,0,3,0,0,11215,0,0,0,0,0,3,0,0,0,0,0,0,0,0,0,0,0,0,0,0,0,0,8843138,0,0,0,0,0,0,0,0,0,0,3,22,0,4192,0,0,0,25513525,0,0,0,0,0,8839199,0,4192,0,0,0,0,0/RP0/CPU0

2020-02-06 19:08:58.621000+00:00,leaf4,sg3,obt-collector1,0,0,0,0,0,0,0,0,0,0,11,0,0,0,0,0,0,0,0,11,0,0,0,0,0,0,0,0,0,0,0,0,0,0,0,0,0,0,0,0,0,0,0,0,0,0,0,0,0,0,0,0,0,0,0,0,0,0,0,0,0,0,0,0,0,0,0,0,0,12,0,0,0,0,0,0,0,0,0,0,0,0,0/0/CPU0

2020-02-06 19:08:58.623000+00:00,leaf4,sg3,obt-collector1,0,0,0,0,845,845,0,0,0,0,0,0,0,0,0,3,0,0,5,860,0,0,10364,7,0,3,0,0,11215,0,0,0,0,0,3,0,0,0,0,0,0,0,0,0,0,0,0,0,0,0,0,8843359,0,0,0,0,0,0,0,0,0,0,3,22,0,4192,0,0,0,25536424,0,0,0,0,0,8839420,0,4192,0,0,0,0,0/RP0/CPU0

2020-02-06 19:09:21.370000+00:00,leaf4,sg3,obt-collector1,0,0,0,0,0,0,0,0,0,0,11,0,0,0,0,0,0,0,0,11,0,0,0,0,0,0,0,0,0,0,0,0,0,0,0,0,0,0,0,0,0,0,0,0,0,0,0,0,0,0,0,0,0,0,0,0,0,0,0,0,0,0,0,0,0,0,0,0,0,12,0,0,0,0,0,0,0,0,0,0,0,0,0/0/CPU0

2020-02-06 19:09:21.371000+00:00,leaf4,sg3,obt-collector1,0,0,0,0,845,845,0,0,0,0,0,0,0,0,0,3,0,0,5,860,0,0,10367,7,0,3,0,0,11218,0,0,0,0,0,3,0,0,0,0,0,0,0,0,0,0,0,0,0,0,0,0,8844467,0,0,0,0,0,0,0,0,0,0,3,22,0,4192,0,0,0,25698126,0,0,0,0,0,8840527,0,4192,0,0,0,0,0/RP0/CPU0

2020-02-06 19:09:45.433000+00:00,leaf4,sg3,obt-collector1,0,0,0,0,0,0,0,0,0,0,11,0,0,0,0,0,0,0,0,11,0,0,0,0,0,0,0,0,0,0,0,0,0,0,0,0,0,0,0,0,0,0,0,0,0,0,0,0,0,0,0,0,0,0,0,0,0,0,0,0,0,0,0,0,0,0,0,0,0,12,0,0,0,0,0,0,0,0,0,0,0,0,0/0/CPU0

2020-02-06 19:09:45.435000+00:00,leaf4,sg3,obt-collector1,0,0,0,0,845,845,0,0,0,0,0,0,0,0,0,3,0,0,5,860,0,0,10368,7,0,3,0,0,11219,0,0,0,0,0,3,0,0,0,0,0,0,0,0,0,0,0,0,0,0,0,0,8845578,0,0,0,0,0,0,0,0,0,0,3,22,0,4192,0,0,0,25859963,0,0,0,0,0,8841638,0,4192,0,0,0,0,0/RP0/CPU0

2020-02-06 19:10:09.183000+00:00,leaf4,sg3,obt-collector1,0,0,0,0,0,0,0,0,0,0,11,0,0,0,0,0,0,0,0,11,0,0,0,0,0,0,0,0,0,0,0,0,0,0,0,0,0,0,0,0,0,0,0,0,0,0,0,0,0,0,0,0,0,0,0,0,0,0,0,0,0,0,0,0,0,0,0,0,0,12,0,0,0,0,0,0,0,0,0,0,0,0,0/0/CPU0

2020-02-06 19:10:09.184000+00:00,leaf4,sg3,obt-collector1,0,0,0,0,846,846,0,0,0,0,0,0,0,0,0,3,0,0,5,861,0,0,10371,7,0,3,0,0,11223,0,0,0,0,0,3,0,0,0,0,0,0,0,0,0,0,0,0,0,0,0,0,8846633,0,0,0,0,0,0,0,0,0,0,3,22,0,4193,0,0,0,26021597,0,0,0,0,0,8842693,0,4193,0,0,0,0,0/RP0/CPU0

2020-02-06 19:10:12.513000+00:00,leaf4,sg3,obt-collector1,0,0,0,0,0,0,0,0,0,0,11,0,0,0,0,0,0,0,0,11,0,0,0,0,0,0,0,0,0,0,0,0,0,0,0,0,0,0,0,0,0,0,0,0,0,0,0,0,0,0,0,0,0,0,0,0,0,0,0,0,0,0,0,0,0,0,0,0,0,12,0,0,0,0,0,0,0,0,0,0,0,0,0/0/CPU0

2020-02-06 19:10:12.515000+00:00,leaf4,sg3,obt-collector1,0,0,0,0,846,846,0,0,0,0,0,0,0,0,0,3,0,0,5,861,0,0,10371,7,0,3,0,0,11223,0,0,0,0,0,3,0,0,0,0,0,0,0,0,0,0,0,0,0,0,0,0,8846821,0,0,0,0,0,0,0,0,0,0,3,22,0,4193,0,0,0,26044672,0,0,0,0,0,8842881,0,4193,0,0,0,0,0/RP0/CPU0

2020-02-06 19:10:25.839000+00:00,leaf4,sg3,obt-collector1,0,0,0,0,0,0,0,0,0,0,11,0,0,0,0,0,0,0,0,11,0,0,0,0,0,0,0,0,0,0,0,0,0,0,0,0,0,0,0,0,0,0,0,0,0,0,0,0,0,0,0,0,0,0,0,0,0,0,0,0,0,0,0,0,0,0,0,0,0,12,0,0,0,0,0,0,0,0,0,0,0,0,0/0/CPU0

2020-02-06 19:10:25.841000+00:00,leaf4,sg3,obt-collector1,0,0,0,0,846,846,0,0,0,0,0,0,0,0,0,3,0,0,5,861,0,0,10371,7,0,3,0,0,11223,0,0,0,0,0,3,0,0,0,0,0,0,0,0,0,0,0,0,0,0,0,0,8847384,0,0,0,0,0,0,0,0,0,0,3,22,0,4193,0,0,0,26136772,0,0,0,0,0,8843444,0,4193,0,0,0,0,0/RP0/CPU0

2020-02-06 19:10:46.888000+00:00,leaf4,sg3,obt-collector1,0,0,0,0,0,0,0,0,0,0,11,0,0,0,0,0,0,0,0,11,0,0,0,0,0,0,0,0,0,0,0,0,0,0,0,0,0,0,0,0,0,0,0,0,0,0,0,0,0,0,0,0,0,0,0,0,0,0,0,0,0,0,0,0,0,0,0,0,0,12,0,0,0,0,0,0,0,0,0,0,0,0,0/0/CPU0

2020-02-06 19:10:46.890000+00:00,leaf4,sg3,obt-collector1,0,0,0,0,846,846,0,0,0,0,0,0,0,0,0,3,0,0,5,861,0,0,10371,7,0,3,0,0,11223,0,0,0,0,0,3,0,0,0,0,0,0,0,0,0,0,0,0,0,0,0,0,8848214,0,0,0,0,0,0,0,0,0,0,3,22,0,4194,0,0,0,26274893,0,0,0,0,0,8844273,0,4194,0,0,0,0,0/RP0/CPU0

2020-02-06 19:10:53.878000+00:00,leaf4,sg3,obt-collector1,0,0,0,0,0,0,0,0,0,0,11,0,0,0,0,0,0,0,0,11,0,0,0,0,0,0,0,0,0,0,0,0,0,0,0,0,0,0,0,0,0,0,0,0,0,0,0,0,0,0,0,0,0,0,0,0,0,0,0,0,0,0,0,0,0,0,0,0,0,12,0,0,0,0,0,0,0,0,0,0,0,0,0/0/CPU0

2020-02-06 19:10:53.879000+00:00,leaf4,sg3,obt-collector1,0,0,0,0,846,846,0,0,0,0,0,0,0,0,0,3,0,0,5,861,0,0,10373,7,0,3,0,0,11225,0,0,0,0,0,3,0,0,0,0,0,0,0,0,0,0,0,0,0,0,0,0,8848703,0,0,0,0,0,0,0,0,0,0,3,22,0,4194,0,0,0,26320700,0,0,0,0,0,8844762,0,4194,0,0,0,0,0/RP0/CPU0

2020-02-06 19:11:00.388000+00:00,leaf4,sg3,obt-collector1,0,0,0,0,0,0,0,0,0,0,11,0,0,0,0,0,0,0,0,11,0,0,0,0,0,0,0,0,0,0,0,0,0,0,0,0,0,0,0,0,0,0,0,0,0,0,0,0,0,0,0,0,0,0,0,0,0,0,0,0,0,0,0,0,0,0,0,0,0,12,0,0,0,0,0,0,0,0,0,0,0,0,0/0/CPU0

2020-02-06 19:11:00.390000+00:00,leaf4,sg3,obt-collector1,0,0,0,0,846,846,0,0,0,0,0,0,0,0,0,3,0,0,5,861,0,0,10373,7,0,3,0,0,11225,0,0,0,0,0,3,0,0,0,0,0,0,0,0,0,0,0,0,0,0,0,0,8849031,0,0,0,0,0,0,0,0,0,0,3,22,0,4194,0,0,0,26366958,0,0,0,0,0,8845090,0,4194,0,0,0,0,0/RP0/CPU0

2020-02-06 19:11:10.194000+00:00,leaf4,sg3,obt-collector1,0,0,0,0,0,0,0,0,0,0,11,0,0,0,0,0,0,0,0,11,0,0,0,0,0,0,0,0,0,0,0,0,0,0,0,0,0,0,0,0,0,0,0,0,0,0,0,0,0,0,0,0,0,0,0,0,0,0,0,0,0,0,0,0,0,0,0,0,0,12,0,0,0,0,0,0,0,0,0,0,0,0,0/0/CPU0

2020-02-06 19:11:10.195000+00:00,leaf4,sg3,obt-collector1,0,0,0,0,846,846,0,0,0,0,0,0,0,0,0,3,0,0,5,861,0,0,10373,7,0,3,0,0,11225,0,0,0,0,0,3,0,0,0,0,0,0,0,0,0,0,0,0,0,0,0,0,8849495,0,0,0,0,0,0,0,0,0,0,3,22,0,4194,0,0,0,26435594,0,0,0,0,0,8845554,0,4194,0,0,0,0,0/RP0/CPU0

2020-02-06 19:11:13.515000+00:00,leaf4,sg3,obt-collector1,0,0,0,0,0,0,0,0,0,0,11,0,0,0,0,0,0,0,0,11,0,0,0,0,0,0,0,0,0,0,0,0,0,0,0,0,0,0,0,0,0,0,0,0,0,0,0,0,0,0,0,0,0,0,0,0,0,0,0,0,0,0,0,0,0,0,0,0,0,12,0,0,0,0,0,0,0,0,0,0,0,0,0/0/CPU0

2020-02-06 19:11:13.516000+00:00,leaf4,sg3,obt-collector1,0,0,0,0,846,846,0,0,0,0,0,0,0,0,0,3,0,0,5,861,0,0,10373,7,0,3,0,0,11225,0,0,0,0,0,3,0,0,0,0,0,0,0,0,0,0,0,0,0,0,0,0,8849609,0,0,0,0,0,0,0,0,0,0,3,22,0,4194,0,0,0,26458454,0,0,0,0,0,8845668,0,4194,0,0,0,0,0/RP0/CPU0

2020-02-06 19:11:19.904000+00:00,leaf4,sg3,obt-collector1,0,0,0,0,0,0,0,0,0,0,11,0,0,0,0,0,0,0,0,11,0,0,0,0,0,0,0,0,0,0,0,0,0,0,0,0,0,0,0,0,0,0,0,0,0,0,0,0,0,0,0,0,0,0,0,0,0,0,0,0,0,0,0,0,0,0,0,0,0,12,0,0,0,0,0,0,0,0,0,0,0,0,0/0/CPU0

2020-02-06 19:11:19.906000+00:00,leaf4,sg3,obt-collector1,0,0,0,0,846,846,0,0,0,0,0,0,0,0,0,3,0,0,5,861,0,0,10373,7,0,3,0,0,11225,0,0,0,0,0,3,0,0,0,0,0,0,0,0,0,0,0,0,0,0,0,0,8849911,0,0,0,0,0,0,0,0,0,0,3,22,0,4194,0,0,0,26504870,0,0,0,0,0,8845970,0,4194,0,0,0,0,0/RP0/CPU0

2020-02-06 19:11:36.111000+00:00,leaf4,sg3,obt-collector1,0,0,0,0,0,0,0,0,0,0,11,0,0,0,0,0,0,0,0,11,0,0,0,0,0,0,0,0,0,0,0,0,0,0,0,0,0,0,0,0,0,0,0,0,0,0,0,0,0,0,0,0,0,0,0,0,0,0,0,0,0,0,0,0,0,0,0,0,0,12,0,0,0,0,0,0,0,0,0,0,0,0,0/0/CPU0

2020-02-06 19:11:36.112000+00:00,leaf4,sg3,obt-collector1,0,0,0,0,846,846,0,0,0,0,0,0,0,0,0,3,0,0,5,861,0,0,10373,7,0,3,0,0,11225,0,0,0,0,0,3,0,0,0,0,0,0,0,0,0,0,0,0,0,0,0,0,8850840,0,0,0,0,0,0,0,0,0,0,3,22,0,4194,0,0,0,26621419,0,0,0,0,0,8846898,0,4194,0,0,0,0,0/RP0/CPU0

2020-02-06 19:11:42.503000+00:00,leaf4,sg3,obt-collector1,0,0,0,0,0,0,0,0,0,0,11,0,0,0,0,0,0,0,0,11,0,0,0,0,0,0,0,0,0,0,0,0,0,0,0,0,0,0,0,0,0,0,0,0,0,0,0,0,0,0,0,0,0,0,0,0,0,0,0,0,0,0,0,0,0,0,0,0,0,12,0,0,0,0,0,0,0,0,0,0,0,0,0/0/CPU0

2020-02-06 19:11:42.504000+00:00,leaf4,sg3,obt-collector1,0,0,0,0,846,846,0,0,0,0,0,0,0,0,0,3,0,0,5,861,0,0,10373,7,0,3,0,0,11225,0,0,0,0,0,3,0,0,0,0,0,0,0,0,0,0,0,0,0,0,0,0,8850978,0,0,0,0,0,0,0,0,0,0,3,22,0,4194,0,0,0,26667333,0,0,0,0,0,8847036,0,4194,0,0,0,0,0/RP0/CPU0

2020-02-06 19:11:56.553000+00:00,leaf4,sg3,obt-collector1,0,0,0,0,0,0,0,0,0,0,11,0,0,0,0,0,0,0,0,11,0,0,0,0,0,0,0,0,0,0,0,0,0,0,0,0,0,0,0,0,0,0,0,0,0,0,0,0,0,0,0,0,0,0,0,0,0,0,0,0,0,0,0,0,0,0,0,0,0,12,0,0,0,0,0,0,0,0,0,0,0,0,0/0/CPU0

2020-02-06 19:11:56.555000+00:00,leaf4,sg3,obt-collector1,0,0,0,0,846,846,0,0,0,0,0,0,0,0,0,3,0,0,5,861,0,0,10373,7,0,3,0,0,11225,0,0,0,0,0,3,0,0,0,0,0,0,0,0,0,0,0,0,0,0,0,0,8851825,0,0,0,0,0,0,0,0,0,0,3,22,0,4195,0,0,0,26760190,0,0,0,0,0,8847883,0,4195,0,0,0,0,0/RP0/CPU0

2020-02-06 19:12:09.684000+00:00,leaf4,sg3,obt-collector1,0,0,0,0,0,0,0,0,0,0,11,0,0,0,0,0,0,0,0,11,0,0,0,0,0,0,0,0,0,0,0,0,0,0,0,0,0,0,0,0,0,0,0,0,0,0,0,0,0,0,0,0,0,0,0,0,0,0,0,0,0,0,0,0,0,0,0,0,0,12,0,0,0,0,0,0,0,0,0,0,0,0,0/0/CPU0

2020-02-06 19:12:09.686000+00:00,leaf4,sg3,obt-collector1,0,0,0,0,846,846,0,0,0,0,0,0,0,0,0,3,0,0,5,861,0,0,10374,7,0,3,0,0,11226,0,0,0,0,0,3,0,0,0,0,0,0,0,0,0,0,0,0,0,0,0,0,8852396,0,0,0,0,0,0,0,0,0,0,3,22,0,4195,0,0,0,26852832,0,0,0,0,0,8848454,0,4195,0,0,0,0,0/RP0/CPU0

2020-02-06 19:12:12.951000+00:00,leaf4,sg3,obt-collector1,0,0,0,0,0,0,0,0,0,0,11,0,0,0,0,0,0,0,0,11,0,0,0,0,0,0,0,0,0,0,0,0,0,0,0,0,0,0,0,0,0,0,0,0,0,0,0,0,0,0,0,0,0,0,0,0,0,0,0,0,0,0,0,0,0,0,0,0,0,12,0,0,0,0,0,0,0,0,0,0,0,0,0/0/CPU0

2020-02-06 19:12:12.952000+00:00,leaf4,sg3,obt-collector1,0,0,0,0,846,846,0,0,0,0,0,0,0,0,0,3,0,0,5,861,0,0,10374,7,0,3,0,0,11226,0,0,0,0,0,3,0,0,0,0,0,0,0,0,0,0,0,0,0,0,0,0,8852486,0,0,0,0,0,0,0,0,0,0,3,22,0,4195,0,0,0,26875852,0,0,0,0,0,8848544,0,4195,0,0,0,0,0/RP0/CPU0

2020-02-06 19:12:16.152000+00:00,leaf4,sg3,obt-collector1,0,0,0,0,0,0,0,0,0,0,11,0,0,0,0,0,0,0,0,11,0,0,0,0,0,0,0,0,0,0,0,0,0,0,0,0,0,0,0,0,0,0,0,0,0,0,0,0,0,0,0,0,0,0,0,0,0,0,0,0,0,0,0,0,0,0,0,0,0,12,0,0,0,0,0,0,0,0,0,0,0,0,0/0/CPU0

2020-02-06 19:12:16.154000+00:00,leaf4,sg3,obt-collector1,0,0,0,0,846,846,0,0,0,0,0,0,0,0,0,3,0,0,5,861,0,0,10374,7,0,3,0,0,11226,0,0,0,0,0,3,0,0,0,0,0,0,0,0,0,0,0,0,0,0,0,0,8852763,0,0,0,0,0,0,0,0,0,0,3,22,0,4195,0,0,0,26898940,0,0,0,0,0,8848821,0,4195,0,0,0,0,0/RP0/CPU0

2020-02-06 19:12:25.890000+00:00,leaf4,sg3,obt-collector1,0,0,0,0,0,0,0,0,0,0,11,0,0,0,0,0,0,0,0,11,0,0,0,0,0,0,0,0,0,0,0,0,0,0,0,0,0,0,0,0,0,0,0,0,0,0,0,0,0,0,0,0,0,0,0,0,0,0,0,0,0,0,0,0,0,0,0,0,0,12,0,0,0,0,0,0,0,0,0,0,0,0,0/0/CPU0

2020-02-06 19:12:25.891000+00:00,leaf4,sg3,obt-collector1,0,0,0,0,846,846,0,0,0,0,0,0,0,0,0,3,0,0,5,861,0,0,10374,7,0,3,0,0,11226,0,0,0,0,0,3,0,0,0,0,0,0,0,0,0,0,0,0,0,0,0,0,8853127,0,0,0,0,0,0,0,0,0,0,3,22,0,4195,0,0,0,26968142,0,0,0,0,0,8849185,0,4195,0,0,0,0,0/RP0/CPU0

2020-02-06 19:12:29.092000+00:00,leaf4,sg3,obt-collector1,0,0,0,0,0,0,0,0,0,0,11,0,0,0,0,0,0,0,0,11,0,0,0,0,0,0,0,0,0,0,0,0,0,0,0,0,0,0,0,0,0,0,0,0,0,0,0,0,0,0,0,0,0,0,0,0,0,0,0,0,0,0,0,0,0,0,0,0,0,12,0,0,0,0,0,0,0,0,0,0,0,0,0/0/CPU0

2020-02-06 19:12:29.094000+00:00,leaf4,sg3,obt-collector1,0,0,0,0,846,846,0,0,0,0,0,0,0,0,0,3,0,0,5,861,0,0,10374,7,0,3,0,0,11226,0,0,0,0,0,3,0,0,0,0,0,0,0,0,0,0,0,0,0,0,0,0,8853328,0,0,0,0,0,0,0,0,0,0,3,22,0,4195,0,0,0,26990921,0,0,0,0,0,8849386,0,4195,0,0,0,0,0/RP0/CPU0

2020-02-06 19:12:53.061000+00:00,leaf4,sg3,obt-collector1,0,0,0,0,0,0,0,0,0,0,11,0,0,0,0,0,0,0,0,11,0,0,0,0,0,0,0,0,0,0,0,0,0,0,0,0,0,0,0,0,0,0,0,0,0,0,0,0,0,0,0,0,0,0,0,0,0,0,0,0,0,0,0,0,0,0,0,0,0,12,0,0,0,0,0,0,0,0,0,0,0,0,0/0/CPU0

2020-02-06 19:12:53.063000+00:00,leaf4,sg3,obt-collector1,0,0,0,0,846,846,0,0,0,0,0,0,0,0,0,3,0,0,5,861,0,0,10375,7,0,3,0,0,11227,0,0,0,0,0,3,0,0,0,0,0,0,0,0,0,0,0,0,0,0,0,0,8854319,0,0,0,0,0,0,0,0,0,0,3,22,0,4196,0,0,0,27152343,0,0,0,0,0,8850376,0,4196,0,0,0,0,0/RP0/CPU0

2020-02-06 19:13:10.351000+00:00,leaf4,sg3,obt-collector1,0,0,0,0,0,0,0,0,0,0,11,0,0,0,0,0,0,0,0,11,0,0,0,0,0,0,0,0,0,0,0,0,0,0,0,0,0,0,0,0,0,0,0,0,0,0,0,0,0,0,0,0,0,0,0,0,0,0,0,0,0,0,0,0,0,0,0,0,0,12,0,0,0,0,0,0,0,0,0,0,0,0,0/0/CPU0

2020-02-06 19:13:10.353000+00:00,leaf4,sg3,obt-collector1,0,0,0,0,846,846,0,0,0,0,0,0,0,0,0,3,0,0,5,861,0,0,10379,7,0,3,0,0,11231,0,0,0,0,0,3,0,0,0,0,0,0,0,0,0,0,0,0,0,0,0,0,8855217,0,0,0,0,0,0,0,0,0,0,3,22,0,4196,0,0,0,27268083,0,0,0,0,0,8851274,0,4196,0,0,0,0,0/RP0/CPU0

2020-02-06 19:13:20.334000+00:00,leaf4,sg3,obt-collector1,0,0,0,0,0,0,0,0,0,0,11,0,0,0,0,0,0,0,0,11,0,0,0,0,0,0,0,0,0,0,0,0,0,0,0,0,0,0,0,0,0,0,0,0,0,0,0,0,0,0,0,0,0,0,0,0,0,0,0,0,0,0,0,0,0,0,0,0,0,12,0,0,0,0,0,0,0,0,0,0,0,0,0/0/CPU0

2020-02-06 19:13:20.336000+00:00,leaf4,sg3,obt-collector1,0,0,0,0,846,846,0,0,0,0,0,0,0,0,0,3,0,0,5,861,0,0,10379,7,0,3,0,0,11231,0,0,0,0,0,3,0,0,0,0,0,0,0,0,0,0,0,0,0,0,0,0,8855654,0,0,0,0,0,0,0,0,0,0,3,22,0,4196,0,0,0,27336499,0,0,0,0,0,8851711,0,4196,0,0,0,0,0/RP0/CPU0

2020-02-06 19:13:27.045000+00:00,leaf4,sg3,obt-collector1,0,0,0,0,0,0,0,0,0,0,11,0,0,0,0,0,0,0,0,11,0,0,0,0,0,0,0,0,0,0,0,0,0,0,0,0,0,0,0,0,0,0,0,0,0,0,0,0,0,0,0,0,0,0,0,0,0,0,0,0,0,0,0,0,0,0,0,0,0,12,0,0,0,0,0,0,0,0,0,0,0,0,0/0/CPU0

2020-02-06 19:13:27.046000+00:00,leaf4,sg3,obt-collector1,0,0,0,0,846,846,0,0,0,0,0,0,0,0,0,3,0,0,5,861,0,0,10379,7,0,3,0,0,11231,0,0,0,0,0,3,0,0,0,0,0,0,0,0,0,0,0,0,0,0,0,0,8856015,0,0,0,0,0,0,0,0,0,0,3,22,0,4196,0,0,0,27382856,0,0,0,0,0,8852072,0,4196,0,0,0,0,0/RP0/CPU0

2020-02-06 19:13:30.496000+00:00,leaf4,sg3,obt-collector1,0,0,0,0,0,0,0,0,0,0,11,0,0,0,0,0,0,0,0,11,0,0,0,0,0,0,0,0,0,0,0,0,0,0,0,0,0,0,0,0,0,0,0,0,0,0,0,0,0,0,0,0,0,0,0,0,0,0,0,0,0,0,0,0,0,0,0,0,0,12,0,0,0,0,0,0,0,0,0,0,0,0,0/0/CPU0

2020-02-06 19:13:30.497000+00:00,leaf4,sg3,obt-collector1,0,0,0,0,846,846,0,0,0,0,0,0,0,0,0,3,0,0,5,861,0,0,10379,7,0,3,0,0,11231,0,0,0,0,0,3,0,0,0,0,0,0,0,0,0,0,0,0,0,0,0,0,8856194,0,0,0,0,0,0,0,0,0,0,3,22,0,4196,0,0,0,27405957,0,0,0,0,0,8852251,0,4196,0,0,0,0,0/RP0/CPU0

2020-02-06 19:13:47.712000+00:00,leaf4,sg3,obt-collector1,0,0,0,0,0,0,0,0,0,0,11,0,0,0,0,0,0,0,0,11,0,0,0,0,0,0,0,0,0,0,0,0,0,0,0,0,0,0,0,0,0,0,0,0,0,0,0,0,0,0,0,0,0,0,0,0,0,0,0,0,0,0,0,0,0,0,0,0,0,12,0,0,0,0,0,0,0,0,0,0,0,0,0/0/CPU0

2020-02-06 19:13:47.714000+00:00,leaf4,sg3,obt-collector1,0,0,0,0,847,847,0,0,0,0,0,0,0,0,0,3,0,0,5,862,0,0,10380,7,0,3,0,0,11233,0,0,0,0,0,3,0,0,0,0,0,0,0,0,0,0,0,0,0,0,0,0,8857005,0,0,0,0,0,0,0,0,0,0,3,22,0,4197,0,0,0,27521310,0,0,0,0,0,8853061,0,4197,0,0,0,0,0/RP0/CPU0

2020-02-06 19:13:55.054000+00:00,leaf4,sg3,obt-collector1,0,0,0,0,0,0,0,0,0,0,11,0,0,0,0,0,0,0,0,11,0,0,0,0,0,0,0,0,0,0,0,0,0,0,0,0,0,0,0,0,0,0,0,0,0,0,0,0,0,0,0,0,0,0,0,0,0,0,0,0,0,0,0,0,0,0,0,0,0,12,0,0,0,0,0,0,0,0,0,0,0,0,0/0/CPU0

2020-02-06 19:13:55.055000+00:00,leaf4,sg3,obt-collector1,0,0,0,0,847,847,0,0,0,0,0,0,0,0,0,3,0,0,5,862,0,0,10382,7,0,3,0,0,11235,0,0,0,0,0,3,0,0,0,0,0,0,0,0,0,0,0,0,0,0,0,0,8857332,0,0,0,0,0,0,0,0,0,0,3,22,0,4197,0,0,0,27567518,0,0,0,0,0,8853388,0,4197,0,0,0,0,0/RP0/CPU0

2020-02-06 19:14:01.545000+00:00,leaf4,sg3,obt-collector1,0,0,0,0,0,0,0,0,0,0,11,0,0,0,0,0,0,0,0,11,0,0,0,0,0,0,0,0,0,0,0,0,0,0,0,0,0,0,0,0,0,0,0,0,0,0,0,0,0,0,0,0,0,0,0,0,0,0,0,0,0,0,0,0,0,0,0,0,0,12,0,0,0,0,0,0,0,0,0,0,0,0,0/0/CPU0

2020-02-06 19:14:01.546000+00:00,leaf4,sg3,obt-collector1,0,0,0,0,847,847,0,0,0,0,0,0,0,0,0,3,0,0,5,862,0,0,10382,7,0,3,0,0,11235,0,0,0,0,0,3,0,0,0,0,0,0,0,0,0,0,0,0,0,0,0,0,8857711,0,0,0,0,0,0,0,0,0,0,3,22,0,4197,0,0,0,27613870,0,0,0,0,0,8853767,0,4197,0,0,0,0,0/RP0/CPU0

2020-02-06 19:14:14.870000+00:00,leaf4,sg3,obt-collector1,0,0,0,0,0,0,0,0,0,0,11,0,0,0,0,0,0,0,0,11,0,0,0,0,0,0,0,0,0,0,0,0,0,0,0,0,0,0,0,0,0,0,0,0,0,0,0,0,0,0,0,0,0,0,0,0,0,0,0,0,0,0,0,0,0,0,0,0,0,12,0,0,0,0,0,0,0,0,0,0,0,0,0/0/CPU0

2020-02-06 19:14:14.872000+00:00,leaf4,sg3,obt-collector1,0,0,0,0,847,847,0,0,0,0,0,0,0,0,0,3,0,0,5,862,0,0,10384,7,0,3,0,0,11237,0,0,0,0,0,3,0,0,0,0,0,0,0,0,0,0,0,0,0,0,0,0,8858316,0,0,0,0,0,0,0,0,0,0,3,22,0,4197,0,0,0,27707591,0,0,0,0,0,8854372,0,4197,0,0,0,0,0/RP0/CPU0

2020-02-06 19:14:24.582000+00:00,leaf4,sg3,obt-collector1,0,0,0,0,0,0,0,0,0,0,11,0,0,0,0,0,0,0,0,11,0,0,0,0,0,0,0,0,0,0,0,0,0,0,0,0,0,0,0,0,0,0,0,0,0,0,0,0,0,0,0,0,0,0,0,0,0,0,0,0,0,0,0,0,0,0,0,0,0,12,0,0,0,0,0,0,0,0,0,0,0,0,0/0/CPU0

2020-02-06 19:14:24.584000+00:00,leaf4,sg3,obt-collector1,0,0,0,0,847,847,0,0,0,0,0,0,0,0,0,3,0,0,5,862,0,0,10385,7,0,3,0,0,11238,0,0,0,0,0,3,0,0,0,0,0,0,0,0,0,0,0,0,0,0,0,0,8858763,0,0,0,0,0,0,0,0,0,0,3,22,0,4197,0,0,0,27777262,0,0,0,0,0,8854819,0,4197,0,0,0,0,0/RP0/CPU0

2020-02-06 19:14:27.790000+00:00,leaf4,sg3,obt-collector1,0,0,0,0,0,0,0,0,0,0,11,0,0,0,0,0,0,0,0,11,0,0,0,0,0,0,0,0,0,0,0,0,0,0,0,0,0,0,0,0,0,0,0,0,0,0,0,0,0,0,0,0,0,0,0,0,0,0,0,0,0,0,0,0,0,0,0,0,0,12,0,0,0,0,0,0,0,0,0,0,0,0,0/0/CPU0

2020-02-06 19:14:27.792000+00:00,leaf4,sg3,obt-collector1,0,0,0,0,847,847,0,0,0,0,0,0,0,0,0,3,0,0,5,862,0,0,10385,7,0,3,0,0,11238,0,0,0,0,0,3,0,0,0,0,0,0,0,0,0,0,0,0,0,0,0,0,8858866,0,0,0,0,0,0,0,0,0,0,3,22,0,4197,0,0,0,27800315,0,0,0,0,0,8854922,0,4197,0,0,0,0,0/RP0/CPU0

2020-02-06 19:14:40.858000+00:00,leaf4,sg3,obt-collector1,0,0,0,0,0,0,0,0,0,0,11,0,0,0,0,0,0,0,0,11,0,0,0,0,0,0,0,0,0,0,0,0,0,0,0,0,0,0,0,0,0,0,0,0,0,0,0,0,0,0,0,0,0,0,0,0,0,0,0,0,0,0,0,0,0,0,0,0,0,12,0,0,0,0,0,0,0,0,0,0,0,0,0/0/CPU0

2020-02-06 19:14:40.860000+00:00,leaf4,sg3,obt-collector1,0,0,0,0,847,847,0,0,0,0,0,0,0,0,0,3,0,0,5,862,0,0,10385,7,0,3,0,0,11238,0,0,0,0,0,3,0,0,0,0,0,0,0,0,0,0,0,0,0,0,0,0,8859923,0,0,0,0,0,0,0,0,0,0,3,22,0,4197,0,0,0,27893672,0,0,0,0,0,8855979,0,4197,0,0,0,0,0/RP0/CPU0

2020-02-06 19:14:51.843000+00:00,leaf4,sg3,obt-collector1,0,0,0,0,0,0,0,0,0,0,11,0,0,0,0,0,0,0,0,11,0,0,0,0,0,0,0,0,0,0,0,0,0,0,0,0,0,0,0,0,0,0,0,0,0,0,0,0,0,0,0,0,0,0,0,0,0,0,0,0,0,0,0,0,0,0,0,0,0,12,0,0,0,0,0,0,0,0,0,0,0,0,0/0/CPU0

2020-02-06 19:14:51.844000+00:00,leaf4,sg3,obt-collector1,0,0,0,0,847,847,0,0,0,0,0,0,0,0,0,3,0,0,5,862,0,0,10386,7,0,3,0,0,11239,0,0,0,0,0,3,0,0,0,0,0,0,0,0,0,0,0,0,0,0,0,0,8860409,0,0,0,0,0,0,0,0,0,0,3,22,0,4198,0,0,0,27963456,0,0,0,0,0,8856464,0,4198,0,0,0,0,0/RP0/CPU0

2020-02-06 19:15:01.810000+00:00,leaf4,sg3,obt-collector1,0,0,0,0,0,0,0,0,0,0,11,0,0,0,0,0,0,0,0,11,0,0,0,0,0,0,0,0,0,0,0,0,0,0,0,0,0,0,0,0,0,0,0,0,0,0,0,0,0,0,0,0,0,0,0,0,0,0,0,0,0,0,0,0,0,0,0,0,0,12,0,0,0,0,0,0,0,0,0,0,0,0,0/0/CPU0

2020-02-06 19:15:01.811000+00:00,leaf4,sg3,obt-collector1,0,0,0,0,847,847,0,0,0,0,0,0,0,0,0,3,0,0,5,862,0,0,10386,7,0,3,0,0,11239,0,0,0,0,0,3,0,0,0,0,0,0,0,0,0,0,0,0,0,0,0,0,8860898,0,0,0,0,0,0,0,0,0,0,3,22,0,4198,0,0,0,28033121,0,0,0,0,0,8856953,0,4198,0,0,0,0,0/RP0/CPU0

2020-02-06 19:15:05.054000+00:00,leaf4,sg3,obt-collector1,0,0,0,0,0,0,0,0,0,0,11,0,0,0,0,0,0,0,0,11,0,0,0,0,0,0,0,0,0,0,0,0,0,0,0,0,0,0,0,0,0,0,0,0,0,0,0,0,0,0,0,0,0,0,0,0,0,0,0,0,0,0,0,0,0,0,0,0,0,12,0,0,0,0,0,0,0,0,0,0,0,0,0/0/CPU0

2020-02-06 19:15:05.056000+00:00,leaf4,sg3,obt-collector1,0,0,0,0,847,847,0,0,0,0,0,0,0,0,0,3,0,0,5,862,0,0,10386,7,0,3,0,0,11239,0,0,0,0,0,3,0,0,0,0,0,0,0,0,0,0,0,0,0,0,0,0,8860953,0,0,0,0,0,0,0,0,0,0,3,22,0,4198,0,0,0,28056074,0,0,0,0,0,8857008,0,4198,0,0,0,0,0/RP0/CPU0

2020-02-06 19:15:08.331000+00:00,leaf4,sg3,obt-collector1,0,0,0,0,0,0,0,0,0,0,11,0,0,0,0,0,0,0,0,11,0,0,0,0,0,0,0,0,0,0,0,0,0,0,0,0,0,0,0,0,0,0,0,0,0,0,0,0,0,0,0,0,0,0,0,0,0,0,0,0,0,0,0,0,0,0,0,0,0,12,0,0,0,0,0,0,0,0,0,0,0,0,0/0/CPU0

2020-02-06 19:15:08.333000+00:00,leaf4,sg3,obt-collector1,0,0,0,0,847,847,0,0,0,0,0,0,0,0,0,3,0,0,5,862,0,0,10386,7,0,3,0,0,11239,0,0,0,0,0,3,0,0,0,0,0,0,0,0,0,0,0,0,0,0,0,0,8861012,0,0,0,0,0,0,0,0,0,0,3,22,0,4198,0,0,0,28079330,0,0,0,0,0,8857067,0,4198,0,0,0,0,0/RP0/CPU0

2020-02-06 19:15:21.368000+00:00,leaf4,sg3,obt-collector1,0,0,0,0,0,0,0,0,0,0,11,0,0,0,0,0,0,0,0,11,0,0,0,0,0,0,0,0,0,0,0,0,0,0,0,0,0,0,0,0,0,0,0,0,0,0,0,0,0,0,0,0,0,0,0,0,0,0,0,0,0,0,0,0,0,0,0,0,0,12,0,0,0,0,0,0,0,0,0,0,0,0,0/0/CPU0

2020-02-06 19:15:21.369000+00:00,leaf4,sg3,obt-collector1,0,0,0,0,847,847,0,0,0,0,0,0,0,0,0,3,0,0,5,862,0,0,10387,7,0,3,0,0,11240,0,0,0,0,0,3,0,0,0,0,0,0,0,0,0,0,0,0,0,0,0,0,8861800,0,0,0,0,0,0,0,0,0,0,3,22,0,4198,0,0,0,28172499,0,0,0,0,0,8857855,0,4198,0,0,0,0,0/RP0/CPU0

2020-02-06 19:15:24.833000+00:00,leaf4,sg3,obt-collector1,0,0,0,0,0,0,0,0,0,0,11,0,0,0,0,0,0,0,0,11,0,0,0,0,0,0,0,0,0,0,0,0,0,0,0,0,0,0,0,0,0,0,0,0,0,0,0,0,0,0,0,0,0,0,0,0,0,0,0,0,0,0,0,0,0,0,0,0,0,12,0,0,0,0,0,0,0,0,0,0,0,0,0/0/CPU0

2020-02-06 19:15:24.835000+00:00,leaf4,sg3,obt-collector1,0,0,0,0,847,847,0,0,0,0,0,0,0,0,0,3,0,0,5,862,0,0,10387,7,0,3,0,0,11240,0,0,0,0,0,3,0,0,0,0,0,0,0,0,0,0,0,0,0,0,0,0,8861925,0,0,0,0,0,0,0,0,0,0,3,22,0,4198,0,0,0,28195843,0,0,0,0,0,8857980,0,4198,0,0,0,0,0/RP0/CPU0

2020-02-06 19:15:31.410000+00:00,leaf4,sg3,obt-collector1,0,0,0,0,0,0,0,0,0,0,11,0,0,0,0,0,0,0,0,11,0,0,0,0,0,0,0,0,0,0,0,0,0,0,0,0,0,0,0,0,0,0,0,0,0,0,0,0,0,0,0,0,0,0,0,0,0,0,0,0,0,0,0,0,0,0,0,0,0,12,0,0,0,0,0,0,0,0,0,0,0,0,0/0/CPU0

2020-02-06 19:15:31.412000+00:00,leaf4,sg3,obt-collector1,0,0,0,0,847,847,0,0,0,0,0,0,0,0,0,3,0,0,5,862,0,0,10387,7,0,3,0,0,11240,0,0,0,0,0,3,0,0,0,0,0,0,0,0,0,0,0,0,0,0,0,0,8862317,0,0,0,0,0,0,0,0,0,0,3,22,0,4198,0,0,0,28242110,0,0,0,0,0,8858372,0,4198,0,0,0,0,0/RP0/CPU0

2020-02-06 19:15:40.997000+00:00,leaf4,sg3,obt-collector1,0,0,0,0,0,0,0,0,0,0,11,0,0,0,0,0,0,0,0,11,0,0,0,0,0,0,0,0,0,0,0,0,0,0,0,0,0,0,0,0,0,0,0,0,0,0,0,0,0,0,0,0,0,0,0,0,0,0,0,0,0,0,0,0,0,0,0,0,0,12,0,0,0,0,0,0,0,0,0,0,0,0,0/0/CPU0

2020-02-06 19:15:40.998000+00:00,leaf4,sg3,obt-collector1,0,0,0,0,847,847,0,0,0,0,0,0,0,0,0,3,0,0,5,862,0,0,10387,7,0,3,0,0,11240,0,0,0,0,0,3,0,0,0,0,0,0,0,0,0,0,0,0,0,0,0,0,8862790,0,0,0,0,0,0,0,0,0,0,3,22,0,4198,0,0,0,28310967,0,0,0,0,0,8858845,0,4198,0,0,0,0,0/RP0/CPU0

2020-02-06 19:15:47.456000+00:00,leaf4,sg3,obt-collector1,0,0,0,0,0,0,0,0,0,0,11,0,0,0,0,0,0,0,0,11,0,0,0,0,0,0,0,0,0,0,0,0,0,0,0,0,0,0,0,0,0,0,0,0,0,0,0,0,0,0,0,0,0,0,0,0,0,0,0,0,0,0,0,0,0,0,0,0,0,12,0,0,0,0,0,0,0,0,0,0,0,0,0/0/CPU0

2020-02-06 19:15:47.458000+00:00,leaf4,sg3,obt-collector1,0,0,0,0,847,847,0,0,0,0,0,0,0,0,0,3,0,0,5,862,0,0,10388,7,0,3,0,0,11241,0,0,0,0,0,3,0,0,0,0,0,0,0,0,0,0,0,0,0,0,0,0,8862984,0,0,0,0,0,0,0,0,0,0,3,22,0,4199,0,0,0,28356511,0,0,0,0,0,8859038,0,4199,0,0,0,0,0/RP0/CPU0

2020-02-06 19:15:50.809000+00:00,leaf4,sg3,obt-collector1,0,0,0,0,0,0,0,0,0,0,11,0,0,0,0,0,0,0,0,11,0,0,0,0,0,0,0,0,0,0,0,0,0,0,0,0,0,0,0,0,0,0,0,0,0,0,0,0,0,0,0,0,0,0,0,0,0,0,0,0,0,0,0,0,0,0,0,0,0,12,0,0,0,0,0,0,0,0,0,0,0,0,0/0/CPU0

2020-02-06 19:15:50.811000+00:00,leaf4,sg3,obt-collector1,0,0,0,0,847,847,0,0,0,0,0,0,0,0,0,3,0,0,5,862,0,0,10388,7,0,3,0,0,11241,0,0,0,0,0,3,0,0,0,0,0,0,0,0,0,0,0,0,0,0,0,0,8863302,0,0,0,0,0,0,0,0,0,0,3,22,0,4199,0,0,0,28380006,0,0,0,0,0,8859356,0,4199,0,0,0,0,0/RP0/CPU0

2020-02-06 19:15:54.074000+00:00,leaf4,sg3,obt-collector1,0,0,0,0,0,0,0,0,0,0,11,0,0,0,0,0,0,0,0,11,0,0,0,0,0,0,0,0,0,0,0,0,0,0,0,0,0,0,0,0,0,0,0,0,0,0,0,0,0,0,0,0,0,0,0,0,0,0,0,0,0,0,0,0,0,0,0,0,0,12,0,0,0,0,0,0,0,0,0,0,0,0,0/0/CPU0

2020-02-06 19:15:54.076000+00:00,leaf4,sg3,obt-collector1,0,0,0,0,847,847,0,0,0,0,0,0,0,0,0,3,0,0,5,862,0,0,10388,7,0,3,0,0,11241,0,0,0,0,0,3,0,0,0,0,0,0,0,0,0,0,0,0,0,0,0,0,8863410,0,0,0,0,0,0,0,0,0,0,3,22,0,4199,0,0,0,28403064,0,0,0,0,0,8859464,0,4199,0,0,0,0,0/RP0/CPU0

2020-02-06 19:16:38.006000+00:00,leaf4,sg3,obt-collector1,0,0,0,0,0,0,0,0,0,0,11,0,0,0,0,0,0,0,0,11,0,0,0,0,0,0,0,0,0,0,0,0,0,0,0,0,0,0,0,0,0,0,0,0,0,0,0,0,0,0,0,0,0,0,0,0,0,0,0,0,0,0,0,0,0,0,0,0,0,12,0,0,0,0,0,0,0,0,0,0,0,0,0/0/CPU0

2020-02-06 19:16:38.007000+00:00,leaf4,sg3,obt-collector1,0,0,0,0,847,847,0,0,0,0,0,0,0,0,0,3,0,0,5,862,0,0,10394,7,0,3,0,0,11247,0,0,0,0,0,3,0,0,0,0,0,0,0,0,0,0,0,0,0,0,0,0,8865364,0,0,0,0,0,0,0,0,0,0,3,22,0,4199,0,0,0,28703576,0,0,0,0,0,8861418,0,4199,0,0,0,0,0/RP0/CPU0

2020-02-06 19:16:41.391000+00:00,leaf4,sg3,obt-collector1,0,0,0,0,0,0,0,0,0,0,11,0,0,0,0,0,0,0,0,11,0,0,0,0,0,0,0,0,0,0,0,0,0,0,0,0,0,0,0,0,0,0,0,0,0,0,0,0,0,0,0,0,0,0,0,0,0,0,0,0,0,0,0,0,0,0,0,0,0,12,0,0,0,0,0,0,0,0,0,0,0,0,0/0/CPU0

2020-02-06 19:16:41.393000+00:00,leaf4,sg3,obt-collector1,0,0,0,0,847,847,0,0,0,0,0,0,0,0,0,3,0,0,5,862,0,0,10394,7,0,3,0,0,11247,0,0,0,0,0,3,0,0,0,0,0,0,0,0,0,0,0,0,0,0,0,0,8865536,0,0,0,0,0,0,0,0,0,0,3,22,0,4199,0,0,0,28726503,0,0,0,0,0,8861590,0,4199,0,0,0,0,0/RP0/CPU0

2020-02-06 19:16:44.707000+00:00,leaf4,sg3,obt-collector1,0,0,0,0,0,0,0,0,0,0,11,0,0,0,0,0,0,0,0,11,0,0,0,0,0,0,0,0,0,0,0,0,0,0,0,0,0,0,0,0,0,0,0,0,0,0,0,0,0,0,0,0,0,0,0,0,0,0,0,0,0,0,0,0,0,0,0,0,0,12,0,0,0,0,0,0,0,0,0,0,0,0,0/0/CPU0

2020-02-06 19:16:44.708000+00:00,leaf4,sg3,obt-collector1,0,0,0,0,847,847,0,0,0,0,0,0,0,0,0,3,0,0,5,862,0,0,10394,7,0,3,0,0,11247,0,0,0,0,0,3,0,0,0,0,0,0,0,0,0,0,0,0,0,0,0,0,8865714,0,0,0,0,0,0,0,0,0,0,3,22,0,4199,0,0,0,28749803,0,0,0,0,0,8861768,0,4199,0,0,0,0,0/RP0/CPU0

2020-02-06 19:16:51.386000+00:00,leaf4,sg3,obt-collector1,0,0,0,0,0,0,0,0,0,0,11,0,0,0,0,0,0,0,0,11,0,0,0,0,0,0,0,0,0,0,0,0,0,0,0,0,0,0,0,0,0,0,0,0,0,0,0,0,0,0,0,0,0,0,0,0,0,0,0,0,0,0,0,0,0,0,0,0,0,12,0,0,0,0,0,0,0,0,0,0,0,0,0/0/CPU0

2020-02-06 19:16:51.387000+00:00,leaf4,sg3,obt-collector1,0,0,0,0,847,847,0,0,0,0,0,0,0,0,0,3,0,0,5,862,0,0,10394,7,0,3,0,0,11247,0,0,0,0,0,3,0,0,0,0,0,0,0,0,0,0,0,0,0,0,0,0,8865956,0,0,0,0,0,0,0,0,0,0,3,22,0,4200,0,0,0,28795696,0,0,0,0,0,8862009,0,4200,0,0,0,0,0/RP0/CPU0

2020-02-06 19:16:58.955000+00:00,leaf4,sg3,obt-collector1,0,0,0,0,0,0,0,0,0,0,11,0,0,0,0,0,0,0,0,11,0,0,0,0,0,0,0,0,0,0,0,0,0,0,0,0,0,0,0,0,0,0,0,0,0,0,0,0,0,0,0,0,0,0,0,0,0,0,0,0,0,0,0,0,0,0,0,0,0,12,0,0,0,0,0,0,0,0,0,0,0,0,0/0/CPU0

2020-02-06 19:16:58.957000+00:00,leaf4,sg3,obt-collector1,0,0,0,0,847,847,0,0,0,0,0,0,0,0,0,3,0,0,5,862,0,0,10396,7,0,3,0,0,11249,0,0,0,0,0,3,0,0,0,0,0,0,0,0,0,0,0,0,0,0,0,0,8866246,0,0,0,0,0,0,0,0,0,0,3,22,0,4200,0,0,0,28841814,0,0,0,0,0,8862299,0,4200,0,0,0,0,0/RP0/CPU0

2020-02-06 19:17:12.043000+00:00,leaf4,sg3,obt-collector1,0,0,0,0,0,0,0,0,0,0,11,0,0,0,0,0,0,0,0,11,0,0,0,0,0,0,0,0,0,0,0,0,0,0,0,0,0,0,0,0,0,0,0,0,0,0,0,0,0,0,0,0,0,0,0,0,0,0,0,0,0,0,0,0,0,0,0,0,0,12,0,0,0,0,0,0,0,0,0,0,0,0,0/0/CPU0

2020-02-06 19:17:12.045000+00:00,leaf4,sg3,obt-collector1,0,0,0,0,847,847,0,0,0,0,0,0,0,0,0,3,0,0,5,862,0,0,10398,7,0,3,0,0,11251,0,0,0,0,0,3,0,0,0,0,0,0,0,0,0,0,0,0,0,0,0,0,8866835,0,0,0,0,0,0,0,0,0,0,3,22,0,4200,0,0,0,28934330,0,0,0,0,0,8862888,0,4200,0,0,0,0,0/RP0/CPU0

2020-02-06 19:17:28.424000+00:00,leaf4,sg3,obt-collector1,0,0,0,0,0,0,0,0,0,0,11,0,0,0,0,0,0,0,0,11,0,0,0,0,0,0,0,0,0,0,0,0,0,0,0,0,0,0,0,0,0,0,0,0,0,0,0,0,0,0,0,0,0,0,0,0,0,0,0,0,0,0,0,0,0,0,0,0,0,12,0,0,0,0,0,0,0,0,0,0,0,0,0/0/CPU0

2020-02-06 19:17:28.426000+00:00,leaf4,sg3,obt-collector1,0,0,0,0,847,847,0,0,0,0,0,0,0,0,0,3,0,0,5,862,0,0,10403,7,0,3,0,0,11256,0,0,0,0,0,3,0,0,0,0,0,0,0,0,0,0,0,0,0,0,0,0,8867577,0,0,0,0,0,0,0,0,0,0,3,22,0,4200,0,0,0,29049555,0,0,0,0,0,8863630,0,4200,0,0,0,0,0/RP0/CPU0

2020-02-06 19:17:31.632000+00:00,leaf4,sg3,obt-collector1,0,0,0,0,0,0,0,0,0,0,11,0,0,0,0,0,0,0,0,11,0,0,0,0,0,0,0,0,0,0,0,0,0,0,0,0,0,0,0,0,0,0,0,0,0,0,0,0,0,0,0,0,0,0,0,0,0,0,0,0,0,0,0,0,0,0,0,0,0,12,0,0,0,0,0,0,0,0,0,0,0,0,0/0/CPU0

2020-02-06 19:17:31.633000+00:00,leaf4,sg3,obt-collector1,0,0,0,0,847,847,0,0,0,0,0,0,0,0,0,3,0,0,5,862,0,0,10403,7,0,3,0,0,11256,0,0,0,0,0,3,0,0,0,0,0,0,0,0,0,0,0,0,0,0,0,0,8867699,0,0,0,0,0,0,0,0,0,0,3,22,0,4200,0,0,0,29072877,0,0,0,0,0,8863752,0,4200,0,0,0,0,0/RP0/CPU0

2020-02-06 19:17:47.826000+00:00,leaf4,sg3,obt-collector1,0,0,0,0,0,0,0,0,0,0,11,0,0,0,0,0,0,0,0,11,0,0,0,0,0,0,0,0,0,0,0,0,0,0,0,0,0,0,0,0,0,0,0,0,0,0,0,0,0,0,0,0,0,0,0,0,0,0,0,0,0,0,0,0,0,0,0,0,0,12,0,0,0,0,0,0,0,0,0,0,0,0,0/0/CPU0

2020-02-06 19:17:47.828000+00:00,leaf4,sg3,obt-collector1,0,0,0,0,847,847,0,0,0,0,0,0,0,0,0,3,0,0,5,862,0,0,10406,7,0,3,0,0,11259,0,0,0,0,0,3,0,0,0,0,0,0,0,0,0,0,0,0,0,0,0,0,8868220,0,0,0,0,0,0,0,0,0,0,3,22,0,4201,0,0,0,29188563,0,0,0,0,0,8864273,0,4201,0,0,0,0,0/RP0/CPU0

2020-02-06 19:17:55.133000+00:00,leaf4,sg3,obt-collector1,0,0,0,0,0,0,0,0,0,0,11,0,0,0,0,0,0,0,0,11,0,0,0,0,0,0,0,0,0,0,0,0,0,0,0,0,0,0,0,0,0,0,0,0,0,0,0,0,0,0,0,0,0,0,0,0,0,0,0,0,0,0,0,0,0,0,0,0,0,12,0,0,0,0,0,0,0,0,0,0,0,0,0/0/CPU0

2020-02-06 19:17:55.134000+00:00,leaf4,sg3,obt-collector1,0,0,0,0,847,847,0,0,0,0,0,0,0,0,0,3,0,0,5,862,0,0,10406,7,0,3,0,0,11259,0,0,0,0,0,3,0,0,0,0,0,0,0,0,0,0,0,0,0,0,0,0,8868563,0,0,0,0,0,0,0,0,0,0,3,22,0,4201,0,0,0,29234503,0,0,0,0,0,8864615,0,4201,0,0,0,0,0/RP0/CPU0

2020-02-06 19:18:11.281000+00:00,leaf4,sg3,obt-collector1,0,0,0,0,0,0,0,0,0,0,11,0,0,0,0,0,0,0,0,11,0,0,0,0,0,0,0,0,0,0,0,0,0,0,0,0,0,0,0,0,0,0,0,0,0,0,0,0,0,0,0,0,0,0,0,0,0,0,0,0,0,0,0,0,0,0,0,0,0,12,0,0,0,0,0,0,0,0,0,0,0,0,0/0/CPU0

2020-02-06 19:18:11.283000+00:00,leaf4,sg3,obt-collector1,0,0,0,0,847,847,0,0,0,0,0,0,0,0,0,3,0,0,5,862,0,0,10406,7,0,3,0,0,11259,0,0,0,0,0,3,0,0,0,0,0,0,0,0,0,0,0,0,0,0,0,0,8868975,0,0,0,0,0,0,0,0,0,0,3,22,0,4201,0,0,0,29350177,0,0,0,0,0,8865027,0,4201,0,0,0,0,0/RP0/CPU0

2020-02-06 19:18:14.490000+00:00,leaf4,sg3,obt-collector1,0,0,0,0,0,0,0,0,0,0,11,0,0,0,0,0,0,0,0,11,0,0,0,0,0,0,0,0,0,0,0,0,0,0,0,0,0,0,0,0,0,0,0,0,0,0,0,0,0,0,0,0,0,0,0,0,0,0,0,0,0,0,0,0,0,0,0,0,0,12,0,0,0,0,0,0,0,0,0,0,0,0,0/0/CPU0

2020-02-06 19:18:14.492000+00:00,leaf4,sg3,obt-collector1,0,0,0,0,847,847,0,0,0,0,0,0,0,0,0,3,0,0,5,862,0,0,10406,7,0,3,0,0,11259,0,0,0,0,0,3,0,0,0,0,0,0,0,0,0,0,0,0,0,0,0,0,8869101,0,0,0,0,0,0,0,0,0,0,3,22,0,4201,0,0,0,29373533,0,0,0,0,0,8865153,0,4201,0,0,0,0,0/RP0/CPU0

2020-02-06 19:18:30.639000+00:00,leaf4,sg3,obt-collector1,0,0,0,0,0,0,0,0,0,0,11,0,0,0,0,0,0,0,0,11,0,0,0,0,0,0,0,0,0,0,0,0,0,0,0,0,0,0,0,0,0,0,0,0,0,0,0,0,0,0,0,0,0,0,0,0,0,0,0,0,0,0,0,0,0,0,0,0,0,12,0,0,0,0,0,0,0,0,0,0,0,0,0/0/CPU0

2020-02-06 19:18:30.640000+00:00,leaf4,sg3,obt-collector1,0,0,0,0,847,847,0,0,0,0,0,0,0,0,0,3,0,0,5,862,0,0,10406,7,0,3,0,0,11259,0,0,0,0,0,3,0,0,0,0,0,0,0,0,0,0,0,0,0,0,0,0,8869652,0,0,0,0,0,0,0,0,0,0,3,22,0,4201,0,0,0,29489598,0,0,0,0,0,8865704,0,4201,0,0,0,0,0/RP0/CPU0

2020-02-06 19:18:53.859000+00:00,leaf4,sg3,obt-collector1,0,0,0,0,0,0,0,0,0,0,11,0,0,0,0,0,0,0,0,11,0,0,0,0,0,0,0,0,0,0,0,0,0,0,0,0,0,0,0,0,0,0,0,0,0,0,0,0,0,0,0,0,0,0,0,0,0,0,0,0,0,0,0,0,0,0,0,0,0,12,0,0,0,0,0,0,0,0,0,0,0,0,0/0/CPU0

2020-02-06 19:18:53.860000+00:00,leaf4,sg3,obt-collector1,0,0,0,0,847,847,0,0,0,0,0,0,0,0,0,3,0,0,5,862,0,0,10406,7,0,3,0,0,11259,0,0,0,0,0,3,0,0,0,0,0,0,0,0,0,0,0,0,0,0,0,0,8870364,0,0,0,0,0,0,0,0,0,0,3,22,0,4202,0,0,0,29650390,0,0,0,0,0,8866416,0,4202,0,0,0,0,0/RP0/CPU0

