,Producer,Target,ack-only-packets-sent,ack-packets-for-unsent-received,ack-packets-received,ackbytes-received,after-window-bytes-received,after-window-packets-received,bad-checksum-packets-received,bytes-retransmitted,connection-rate-limited,connections-accepted,connections-closed,connections-dropped,connections-established,connections-failed,connections-forcibly-closed,connections-requested,control-packets-sent,data-bytes-received-in-sequence,data-bytes-sent,data-packets-received-in-sequence,data-pakets-sent,delay-ack-packets-sent,duplicate-bytes-received,duplicate-packets-received,duplicated-ack-packets-received,embryonic-connection-dropped,established-connections-reset,high-water-mark-throttle,host,i-qs-total-egpackets,i-qs-total-ingpackets,id,iq-ingress-drops,iq-sock-aborts,iq-sock-retries,iq-sock-writes,iqs-total-egpacket/entry,iqs-total-ingpacket/entry,keep-alive-dropped,keep-alive-probes,keep-alive-timeouts,low-water-mark-throttle,malformed-packets-received,mss-down,mss-up,no-port-packets-received,no-throttle,num-open-sockets,out-of-order-bytes-received,out-of-order-packets-received,packet-failures,packets-received-after-close-packet,packets-retransmitted,partial-duplicate-ack-received,partial-duplicate-bytes-received,paws-dropped,persist-dropped,pulse-errors,reassembly-packets,received-auth-packets-dropped,received-packets-dropped,received-packets-dropped-stale-c-hdr,recovered-packets,retransmit-dropped,retransmit-timeouts,rst-packets-sent,send-auth-packets-dropped,send-packets-dropped,sock-async-double-free-prevent-count,sockbuf-pak-res-cur,sockbuf-pak-res-max,socket-layer-packets,stalled-timer-tickle-count,stalled-timer-tickle-time,syn-cache-aborted,syn-cache-added,syn-cache-bucket-oflow,syn-cache-completed,syn-cache-count,syn-cache-dropped,syn-cache-duplicate-sy-ns,syn-cache-overflow,syn-cache-reset,syn-cache-timed-out,syn-cache-unreach,synacl-match-pkts-dropped,too-short-packets-received,total-i-qs,total-packets-received,total-pakets-sent,truncated-write-iov,try-lock-dropped,urgent-only-packets-sent,window-probe-packets-received,window-probe-packets-sent,window-update-packets-received,window-update-packets-sent

2020-02-06 19:04:51.602000+00:00,leaf4,sg0,1648449,0,8363137,3228110547,0,0,0,25797,0,1569,30505,1990,29378,7051,0,34861,86987,157138348,3228067299,2302144,14161458,1506733,1432,41,1,1175,632,0,obt-collector1,,,0/RP0/CPU0,0,0,0,4030350,0,0,1175,4903,19005,0,0,0,0,5109,85593,63,64,3,0,0,22200,0,0,0,0,0,0,0,5196,0,0,0,51184,689,0,0,0,0,4000,0,0,0,0,0,0,0,0,0,0,0,0,0,0,0,0,8,10118470,14189217,0,0,0,0,0,8388079,85593

2020-02-06 19:04:55.076000+00:00,leaf4,sg0,1648457,0,8363196,3228172858,0,0,0,25797,0,1569,30508,1990,29381,7051,0,34864,86997,157138930,3228129604,2302154,14161544,1506735,1432,41,1,1175,632,0,obt-collector1,,,0/RP0/CPU0,0,0,0,4030351,0,0,1175,4903,19005,0,0,0,0,5135,85593,63,64,3,0,0,22200,0,0,0,0,0,0,0,5222,0,0,0,51187,693,0,0,0,0,4000,0,0,0,0,0,0,0,0,0,0,0,0,0,0,0,0,8,10118568,14189307,0,0,0,0,0,8388134,85593

2020-02-06 19:05:01.646000+00:00,leaf4,sg0,1648476,0,8363428,3228611061,0,0,0,25797,0,1569,30508,1990,29381,7051,0,34864,87010,157142720,3228567807,2302239,14161948,1506754,1432,41,1,1175,632,0,obt-collector1,,,0/RP0/CPU0,0,0,0,4030516,0,0,1175,4904,19006,0,0,0,0,5236,85593,63,64,3,0,0,22200,0,0,0,0,0,0,0,5323,0,0,0,51187,706,0,0,0,0,4000,0,0,0,0,0,0,0,0,0,0,0,0,0,0,0,0,8,10118983,14189725,0,0,0,0,0,8388366,85593

2020-02-06 19:05:08.218000+00:00,leaf4,sg0,1648499,0,8363468,3228611821,0,0,0,25797,0,1569,30508,1990,29381,7052,0,34864,87022,157143544,3228568567,2302280,14162011,1506777,1432,41,1,1175,632,0,obt-collector1,,,0/RP0/CPU0,0,0,0,4030597,0,0,1175,4904,19007,0,0,0,0,5323,85593,63,64,3,0,0,22200,0,0,0,0,0,0,0,5410,0,0,0,51187,718,0,0,0,0,4000,0,0,0,0,0,0,0,0,0,0,0,0,0,0,0,0,8,10119149,14189800,0,0,0,0,0,8388406,85593

2020-02-06 19:05:17.817000+00:00,leaf4,sg0,1648522,0,8363716,3229050493,0,0,0,27257,0,1569,30508,1990,29381,7052,0,34865,87033,157153400,3229007239,2302374,14162434,1506794,1432,41,18,1175,632,0,obt-collector1,,,0/RP0/CPU0,0,0,0,4030757,0,0,1175,4904,19008,0,0,0,0,5400,85599,63,64,3,0,0,22203,0,0,0,0,0,0,0,5487,0,0,0,51189,726,0,0,0,0,4000,0,0,0,0,0,0,0,0,0,0,0,0,0,0,0,0,8,10119589,14190234,0,0,0,0,0,8388666,85599

2020-02-06 19:05:44.803000+00:00,leaf4,sg0,1648583,0,8364579,3230382715,0,0,0,27257,0,1569,30513,1990,29386,7053,0,34871,87067,157168745,3230339451,2302611,14163867,1506839,1432,41,18,1175,632,0,obt-collector1,,,0/RP0/CPU0,0,0,0,4031171,0,0,1175,4905,19011,0,0,0,0,5652,85606,63,64,3,0,0,22204,0,0,0,0,0,0,0,5739,0,0,0,51195,748,0,0,0,0,4000,0,0,0,0,0,0,0,0,0,0,0,0,0,0,0,0,8,10120939,14191691,0,0,0,0,0,8389532,85606

2020-02-06 19:05:51.611000+00:00,leaf4,sg0,1648607,0,8364781,3230607288,0,0,0,27257,0,1569,30513,1990,29386,7053,0,34871,87069,157178537,3230564043,2302704,14164184,1506853,1432,41,18,1175,632,0,obt-collector1,,,0/RP0/CPU0,0,0,0,4031331,0,0,1175,4905,19011,0,0,0,0,5680,85616,63,64,3,0,0,22206,0,0,0,0,0,0,0,5767,0,0,0,51197,748,0,0,0,0,4000,0,0,0,0,0,0,0,0,0,0,0,0,0,0,0,0,8,10121261,14192010,0,0,0,0,0,8389743,85616

2020-02-06 19:05:55.023000+00:00,leaf4,sg0,1648613,0,8364984,3230889858,0,0,0,27257,0,1569,30516,1990,29389,7053,0,34874,87078,157179164,3230846588,2302714,14164479,1506853,1432,41,18,1175,632,0,obt-collector1,,,0/RP0/CPU0,0,0,0,4031331,0,0,1175,4905,19011,0,0,0,0,5703,85616,63,64,3,0,0,22206,0,0,0,0,0,0,0,5790,0,0,0,51200,751,0,0,0,0,4000,0,0,0,0,0,0,0,0,0,0,0,0,0,0,0,0,8,10121499,14192308,0,0,0,0,0,8389943,85616

2020-02-06 19:06:11.354000+00:00,leaf4,sg0,1648652,0,8365404,3231386939,0,0,0,27257,0,1569,30516,1990,29389,7053,0,34874,87094,157192622,3231343673,2302891,14165111,1506885,1432,41,18,1175,632,0,obt-collector1,,,0/RP0/CPU0,0,0,0,4031630,0,0,1175,4906,19012,0,0,0,0,5828,85623,63,64,3,0,0,22207,0,0,0,0,0,0,0,5915,0,0,0,51201,766,0,0,0,0,4000,0,0,0,0,0,0,0,0,0,0,0,0,0,0,0,0,8,10122220,14192957,0,0,0,0,0,8390371,85623

2020-02-06 19:06:17.766000+00:00,leaf4,sg0,1648660,0,8365696,3231780271,0,0,0,27257,0,1569,30516,1990,29389,7054,0,34874,87097,157193560,3231737001,2302938,14165557,1506893,1432,41,18,1175,632,0,obt-collector1,,,0/RP0/CPU0,0,0,0,4031756,0,0,1175,4906,19013,0,0,0,0,5868,85623,63,64,3,0,0,22207,0,0,0,0,0,0,0,5955,0,0,0,51201,769,0,0,0,0,4000,0,0,0,0,0,0,0,0,0,0,0,0,0,0,0,0,8,10122597,14193406,0,0,0,0,0,8390663,85623

2020-02-06 19:06:27.489000+00:00,leaf4,sg0,1648680,0,8366066,3232232367,0,0,0,27257,0,1569,30519,1990,29392,7054,0,34878,87107,157195691,3232189091,2303029,14166103,1506907,1432,41,18,1175,632,0,obt-collector1,,,0/RP0/CPU0,0,0,0,4031916,0,0,1175,4907,19015,0,0,0,0,5899,85623,63,64,3,0,0,22209,0,0,0,0,0,0,0,5986,0,0,0,51206,770,0,0,0,0,4000,0,0,0,0,0,0,0,0,0,0,0,0,0,0,0,0,8,10123093,14193956,0,0,0,0,0,8391029,85623

2020-02-06 19:06:30.692000+00:00,leaf4,sg0,1648690,0,8366077,3232235535,0,0,0,27257,0,1569,30519,1990,29392,7054,0,34878,87111,157203277,3232192259,2303046,14166124,1506911,1432,41,18,1175,632,0,obt-collector1,,,0/RP0/CPU0,0,0,0,4031922,0,0,1175,4907,19015,0,0,0,0,5927,85629,63,64,3,0,0,22209,0,0,0,0,0,0,0,6014,0,0,0,51206,774,0,0,0,0,4000,0,0,0,0,0,0,0,0,0,0,0,0,0,0,0,0,8,10123149,14193981,0,0,0,0,0,8391048,85629

2020-02-06 19:06:37.268000+00:00,leaf4,sg0,1648705,0,8366407,3232681343,0,0,0,27257,0,1569,30519,1990,29392,7054,0,34878,87115,157207529,3232638067,2303129,14166626,1506925,1432,41,18,1175,632,0,obt-collector1,,,0/RP0/CPU0,0,0,0,4032089,0,0,1175,4907,19015,0,0,0,0,5960,85630,63,64,3,0,0,22210,0,0,0,0,0,0,0,6047,0,0,0,51207,777,0,0,0,0,4000,0,0,0,0,0,0,0,0,0,0,0,0,0,0,0,0,8,10123593,14194487,0,0,0,0,0,8391378,85630

2020-02-06 19:06:41.251000+00:00,leaf4,sg0,1648711,0,8366407,3232681343,0,0,0,27257,0,1569,30519,1990,29392,7054,0,34878,87115,157208099,3232638067,2303159,14166632,1506931,1432,41,18,1175,632,0,obt-collector1,,,0/RP0/CPU0,0,0,0,4032119,0,0,1175,4907,19015,0,0,0,0,5964,85630,63,64,3,0,0,22210,0,0,0,0,0,0,0,6051,0,0,0,51207,777,0,0,0,0,4000,0,0,0,0,0,0,0,0,0,0,0,0,0,0,0,0,8,10123627,14194493,0,0,0,0,0,8391378,85630

2020-02-06 19:07:18.356000+00:00,leaf4,sg0,1648808,0,8367884,3234533885,0,0,0,27257,0,1570,30528,1990,29401,7055,0,34887,87159,157234194,3234490591,2303512,14168810,1506998,1432,41,18,1175,632,0,obt-collector1,,,0/RP0/CPU0,0,0,0,4032744,0,0,1175,4908,19018,0,0,0,0,6166,85643,62,64,3,0,0,22213,0,0,0,0,0,0,0,6253,0,0,0,51218,799,0,0,0,0,4000,0,0,0,0,0,0,0,0,0,0,0,0,0,0,0,0,8,10125661,14196697,0,0,0,0,0,8392857,85643

2020-02-06 19:07:21.656000+00:00,leaf4,sg0,1648815,0,8368107,3234755951,0,0,0,27257,0,1570,30528,1990,29401,7055,0,34887,87159,157234954,3234712695,2303552,14169058,1507005,1432,41,18,1175,632,0,obt-collector1,,,0/RP0/CPU0,0,0,0,4032824,0,0,1175,4908,19018,0,0,0,0,6178,85643,62,64,3,0,0,22213,0,0,0,0,0,0,0,6265,0,0,0,51218,799,0,0,0,0,4000,0,0,0,0,0,0,0,0,0,0,0,0,0,0,0,0,8,10125936,14196945,0,0,0,0,0,8393080,85643

2020-02-06 19:07:28.564000+00:00,leaf4,sg0,1648828,0,8368316,3234988349,0,0,0,27257,0,1570,30531,1990,29404,7056,0,34890,87170,157236261,3234945049,2303602,14169348,1507012,1432,41,18,1175,632,0,obt-collector1,,,0/RP0/CPU0,0,0,0,4032904,0,0,1175,4909,19020,0,0,0,0,6222,85643,62,64,3,0,0,22213,0,0,0,0,0,0,0,6309,0,0,0,51221,804,0,0,0,0,4000,0,0,0,0,0,0,0,0,0,0,0,0,0,0,0,0,8,10126243,14197241,0,0,0,0,0,8393285,85643

2020-02-06 19:07:31.928000+00:00,leaf4,sg0,1648843,0,8368474,3235215580,0,0,0,27345,0,1570,30532,1991,29404,7056,0,34890,87177,157246634,3235172280,2303659,14169618,1507021,1432,41,18,1176,632,0,obt-collector1,,,0/RP0/CPU0,0,0,0,4032993,0,0,1176,4909,19021,0,0,0,0,6266,85649,62,64,3,0,0,22214,0,0,0,0,0,0,0,6353,0,0,0,51222,811,0,0,0,0,4000,0,0,0,0,0,0,0,0,0,0,0,0,0,0,0,0,8,10126502,14197519,0,0,0,0,0,8393451,85649

2020-02-06 19:07:52.869000+00:00,leaf4,sg0,1648884,0,8369138,3236107810,0,0,0,27345,0,1570,30534,1991,29406,7056,0,34893,87194,157258375,3236064506,2303839,14170642,1507050,1432,41,18,1176,632,0,obt-collector1,,,0/RP0/CPU0,0,0,0,4033314,0,0,1176,4909,19021,0,0,0,0,6389,85657,63,64,3,0,0,22216,0,0,0,0,0,0,0,6476,0,0,0,51227,821,0,0,0,0,4000,0,0,0,0,0,0,0,0,0,0,0,0,0,0,0,0,8,10127472,14198555,0,0,0,0,0,8394123,85657

2020-02-06 19:07:56.174000+00:00,leaf4,sg0,1648897,0,8369345,3236391577,0,0,0,27345,0,1570,30537,1991,29409,7056,0,34896,87200,157259420,3236348267,2303871,14170945,1507056,1432,41,18,1176,632,0,obt-collector1,,,0/RP0/CPU0,0,0,0,4033336,0,0,1176,4910,19022,0,0,0,0,6394,85658,63,64,3,0,0,22216,0,0,0,0,0,0,0,6481,0,0,0,51230,821,0,0,0,0,4000,0,0,0,0,0,0,0,0,0,0,0,0,0,0,0,0,8,10127720,14198859,0,0,0,0,0,8394327,85658

2020-02-06 19:08:18.762000+00:00,leaf4,sg0,1648936,0,8370086,3237279098,0,0,0,27345,0,1570,30537,1991,29409,7057,0,34897,87223,157272276,3237235788,2304071,14172009,1507090,1432,41,18,1176,632,0,obt-collector1,,,0/RP0/CPU0,0,0,0,4033732,0,0,1176,4910,19024,0,0,0,0,6562,85664,63,64,3,0,0,22219,0,0,0,0,0,0,0,6649,0,0,0,51233,840,0,0,0,0,4000,0,0,0,0,0,0,0,0,0,0,0,0,0,0,0,0,8,10128829,14199945,0,0,0,0,0,8395076,85664

2020-02-06 19:08:28.549000+00:00,leaf4,sg0,1648957,0,8370468,3237730042,0,0,0,27345,0,1570,30540,1991,29412,7057,0,34900,87246,157274407,3237686726,2304162,14172558,1507104,1432,41,18,1176,632,0,obt-collector1,,,0/RP0/CPU0,0,0,0,4033892,0,0,1176,4911,19025,0,0,0,0,6671,85665,63,64,3,0,0,22220,0,0,0,0,0,0,0,6758,0,0,0,51237,856,0,0,0,0,4000,0,0,0,0,0,0,0,0,0,0,0,0,0,0,0,0,8,10129416,14200512,0,0,0,0,0,8395454,85665

2020-02-06 19:08:45.449000+00:00,leaf4,sg0,1649005,0,8370976,3238396422,0,0,0,27345,0,1570,30540,1991,29412,7058,0,34900,87255,157286112,3238353106,2304303,14173348,1507146,1432,41,18,1176,632,0,obt-collector1,,,0/RP0/CPU0,0,0,0,4034145,0,0,1176,4911,19026,0,0,0,0,6769,85671,63,64,3,0,0,22220,0,0,0,0,0,0,0,6856,0,0,0,51237,865,0,0,0,0,4000,0,0,0,0,0,0,0,0,0,0,0,0,0,0,0,0,8,10130163,14201311,0,0,0,0,0,8395970,85671

2020-02-06 19:08:48.769000+00:00,leaf4,sg0,1649014,0,8371165,3238616798,0,0,0,27345,0,1570,30540,1991,29412,7058,0,34901,87260,157286898,3238573482,2304342,14173599,1507155,1432,41,18,1176,632,0,obt-collector1,,,0/RP0/CPU0,0,0,0,4034223,0,0,1176,4911,19027,0,0,0,0,6803,85671,63,64,3,0,0,22221,0,0,0,0,0,0,0,6890,0,0,0,51238,868,0,0,0,0,4000,0,0,0,0,0,0,0,0,0,0,0,0,0,0,0,0,8,10130426,14201566,0,0,0,0,0,8396159,85671

2020-02-06 19:08:55.381000+00:00,leaf4,sg0,1649037,0,8371402,3238903565,0,0,0,27345,0,1570,30543,1991,29415,7058,0,34904,87280,157296531,3238860243,2304406,14173964,1507166,1432,41,18,1176,632,0,obt-collector1,,,0/RP0/CPU0,0,0,0,4034305,0,0,1176,4912,19028,0,0,0,0,6880,85677,63,64,3,0,0,22222,0,0,0,0,0,0,0,6967,0,0,0,51242,881,0,0,0,0,4000,0,0,0,0,0,0,0,0,0,0,0,0,0,0,0,0,8,10130809,14201946,0,0,0,0,0,8396401,85677

2020-02-06 19:09:45.397000+00:00,leaf4,sg0,1649184,0,8373334,3241352886,0,0,0,27345,0,1571,30554,1992,29426,7059,0,34915,87355,157324787,3241309543,2304868,14176830,1507280,1457,42,18,1176,633,0,obt-collector1,,,0/RP0/CPU0,0,0,0,4035115,0,0,1176,4913,19031,0,0,0,0,7312,85689,63,64,3,0,0,22226,0,0,0,0,0,0,0,7399,0,0,0,51256,930,0,0,0,0,4000,0,0,0,0,0,0,0,0,0,0,0,0,0,0,0,0,8,10133643,14204866,0,0,0,0,0,8398331,85689

2020-02-06 19:10:09.147000+00:00,leaf4,sg0,1649258,0,8374118,3242313086,0,0,0,27345,0,1571,30557,1992,29429,7060,0,34919,87387,157337731,3242269737,2305093,14178042,1507344,1457,42,18,1176,633,0,obt-collector1,,,0/RP0/CPU0,0,0,0,4035534,0,0,1176,4914,19034,0,0,0,0,7511,85696,63,64,3,0,0,22228,0,0,0,0,0,0,0,7598,0,0,0,51261,953,0,0,0,0,4000,0,0,0,0,0,0,0,0,0,0,0,0,0,0,0,0,8,10134855,14206104,0,0,0,0,0,8399120,85696

2020-02-06 19:10:12.477000+00:00,leaf4,sg0,1649275,0,8374254,3242462322,0,0,0,27345,0,1571,30557,1992,29429,7060,0,34919,87391,157346763,3242418977,2305146,14178241,1507355,1457,42,18,1176,633,0,obt-collector1,,,0/RP0/CPU0,0,0,0,4035614,0,0,1176,4914,19034,0,0,0,0,7539,85702,63,64,3,0,0,22229,0,0,0,0,0,0,0,7626,0,0,0,51262,956,0,0,0,0,4000,0,0,0,0,0,0,0,0,0,0,0,0,0,0,0,0,8,10135073,14206307,0,0,0,0,0,8399264,85702

2020-02-06 19:10:25.800000+00:00,leaf4,sg0,1649309,0,8374767,3243214646,0,0,0,27345,0,1571,30560,1992,29432,7060,0,34922,87398,157349034,3243171291,2305242,14179072,1507383,1457,42,18,1176,633,0,obt-collector1,,,0/RP0/CPU0,0,0,0,4035778,0,0,1176,4915,19035,0,0,0,0,7580,85702,63,64,3,0,0,22229,0,0,0,0,0,0,0,7667,0,0,0,51265,957,0,0,0,0,4000,0,0,0,0,0,0,0,0,0,0,0,0,0,0,0,0,8,10135727,14207140,0,0,0,0,0,8399773,85702

2020-02-06 19:10:32.428000+00:00,leaf4,sg0,1649333,0,8374859,3243219622,0,0,0,27345,0,1571,30560,1992,29432,7061,0,34923,87400,157358686,3243176267,2305330,14179189,1507401,1457,42,18,1176,633,0,obt-collector1,,,0/RP0/CPU0,0,0,0,4035934,0,0,1176,4915,19037,0,0,0,0,7617,85708,62,64,3,0,0,22229,0,0,0,0,0,0,0,7704,0,0,0,51265,958,0,0,0,0,4000,0,0,0,0,0,0,0,0,0,0,0,0,0,0,0,0,8,10135945,14207258,0,0,0,0,0,8399873,85708

2020-02-06 19:10:35.775000+00:00,leaf4,sg0,1649335,0,8375100,3243662438,0,0,0,27345,0,1571,30560,1992,29432,7061,0,34923,87401,157358890,3243619083,2305336,14179595,1507403,1457,42,18,1176,633,0,obt-collector1,,,0/RP0/CPU0,0,0,0,4035938,0,0,1176,4915,19037,0,0,0,0,7621,85708,62,64,3,0,0,22230,0,0,0,0,0,0,0,7708,0,0,0,51266,958,0,0,0,0,4000,0,0,0,0,0,0,0,0,0,0,0,0,0,0,0,0,8,10136196,14207665,0,0,0,0,0,8400114,85708

2020-02-06 19:10:53.828000+00:00,leaf4,sg0,1649384,0,8375643,3244333590,0,0,0,27345,0,1571,30560,1992,29432,7061,0,34923,87417,157370446,3244290235,2305510,14180424,1507445,1457,42,18,1176,633,0,obt-collector1,,,0/RP0/CPU0,0,0,0,4036254,0,0,1176,4915,19037,0,0,0,0,7741,85715,62,64,3,0,0,22232,0,0,0,0,0,0,0,7828,0,0,0,51268,972,0,0,0,0,4000,0,0,0,0,0,0,0,0,0,0,0,0,0,0,0,0,8,10137034,14208510,0,0,0,0,0,8400668,85715

2020-02-06 19:11:00.353000+00:00,leaf4,sg0,1649400,0,8375901,3244616469,0,0,0,27345,0,1571,30563,1992,29435,7061,0,34926,87428,157371679,3244573108,2305559,14180767,1507455,1457,42,18,1176,633,0,obt-collector1,,,0/RP0/CPU0,0,0,0,4036336,0,0,1176,4916,19038,0,0,0,0,7782,85715,62,64,3,0,0,22232,0,0,0,0,0,0,0,7869,0,0,0,51271,977,0,0,0,0,4000,0,0,0,0,0,0,0,0,0,0,0,0,0,0,0,0,8,10137386,14208859,0,0,0,0,0,8400920,85715

2020-02-06 19:11:10.157000+00:00,leaf4,sg0,1649426,0,8376235,3245058680,0,0,0,27345,0,1571,30564,1993,29435,7062,0,34926,87432,157376812,3245015319,2305645,14181282,1507478,1457,42,18,1177,633,0,obt-collector1,,,0/RP0/CPU0,0,0,0,4036499,0,0,1177,4916,19040,0,0,0,0,7836,85718,62,64,3,0,0,22232,0,0,0,0,0,0,0,7923,0,0,0,51271,981,0,0,0,0,4000,0,0,0,0,0,0,0,0,0,0,0,0,0,0,0,0,8,10137859,14209378,0,0,0,0,0,8401258,85718

2020-02-06 19:11:13.479000+00:00,leaf4,sg0,1649440,0,8376292,3245070576,0,0,0,27345,0,1571,30564,1993,29435,7062,0,34926,87434,157382276,3245031207,2305692,14181356,1507489,1457,42,18,1177,633,0,obt-collector1,,,0/RP0/CPU0,0,0,0,4036579,0,0,1177,4916,19040,0,0,0,0,7850,85721,62,64,3,0,0,22232,0,0,0,0,0,0,0,7937,0,0,0,51271,983,0,0,0,0,4000,0,0,0,0,0,0,0,0,0,0,0,0,0,0,0,0,8,10137977,14209454,0,0,0,0,0,8401322,85721

2020-02-06 19:11:19.869000+00:00,leaf4,sg0,1649454,0,8376572,3245501448,0,0,0,27345,0,1571,30564,1993,29435,7062,0,34927,87442,157383164,3245458087,2305734,14181801,1507503,1457,42,18,1177,633,0,obt-collector1,,,0/RP0/CPU0,0,0,0,4036659,0,0,1177,4916,19040,0,0,0,0,7887,85721,63,64,3,0,0,22233,0,0,0,0,0,0,0,7974,0,0,0,51273,989,0,0,0,0,4000,0,0,0,0,0,0,0,0,0,0,0,0,0,0,0,0,8,10138338,14209906,0,0,0,0,0,8401602,85721

2020-02-06 19:11:26.297000+00:00,leaf4,sg0,1649480,0,8376907,3245951632,0,0,0,27345,0,1571,30567,1993,29438,7062,0,34930,87468,157385105,3245908265,2305815,14182313,1507523,1457,42,18,1177,633,0,obt-collector1,,,0/RP0/CPU0,0,0,0,4036769,0,0,1177,4917,19041,0,0,0,0,7990,85721,63,64,3,0,0,22234,0,0,0,0,0,0,0,8077,0,0,0,51277,1008,0,0,0,0,4000,0,0,0,0,0,0,0,0,0,0,0,0,0,0,0,0,8,10138861,14210439,0,0,0,0,0,8401933,85721

2020-02-06 19:11:36.075000+00:00,leaf4,sg0,1649513,0,8377247,3246395840,0,0,0,27345,0,1571,30567,1993,29438,7062,0,34930,87477,157394505,3246352473,2305885,14182836,1507549,1457,42,18,1177,633,0,obt-collector1,,,0/RP0/CPU0,0,0,0,4036905,0,0,1177,4917,19041,0,0,0,0,8109,85728,63,64,3,0,0,22234,0,0,0,0,0,0,0,8196,0,0,0,51277,1017,0,0,0,0,4000,0,0,0,0,0,0,0,0,0,0,0,0,0,0,0,0,8,10139389,14210971,0,0,0,0,0,8402282,85728

2020-02-06 19:11:42.467000+00:00,leaf4,sg0,1649537,0,8377327,3246397360,0,0,0,27345,0,1571,30567,1993,29438,7062,0,34930,87487,157395911,3246353993,2305959,14182940,1507573,1457,42,18,1177,633,0,obt-collector1,,,0/RP0/CPU0,0,0,0,4037059,0,0,1177,4917,19041,0,0,0,0,8175,85728,63,64,3,0,0,22235,0,0,0,0,0,0,0,8262,0,0,0,51278,1026,0,0,0,0,4000,0,0,0,0,0,0,0,0,0,0,0,0,0,0,0,0,8,10139604,14211085,0,0,0,0,0,8402362,85728

2020-02-06 19:11:46.527000+00:00,leaf4,sg0,1649547,0,8377583,3246836725,0,0,0,27345,0,1571,30567,1993,29438,7063,0,34930,87487,157396799,3246793947,2306001,14183387,1507583,1457,42,18,1177,633,0,obt-collector1,,,0/RP0/CPU0,0,0,0,4037137,0,0,1177,4917,19042,0,0,0,0,8205,85728,63,64,3,0,0,22235,0,0,0,0,0,0,0,8292,0,0,0,51278,1026,0,0,0,0,4000,0,0,0,0,0,0,0,0,0,0,0,0,0,0,0,0,8,10139929,14211532,0,0,0,0,0,8402618,85728

2020-02-06 19:11:56.518000+00:00,leaf4,sg0,1649595,0,8378006,3247345829,0,0,0,27345,0,1571,30572,1993,29443,7063,0,34936,87516,157407386,3247303022,2306108,14184026,1507614,1457,42,18,1177,633,0,obt-collector1,,,0/RP0/CPU0,0,0,0,4037298,0,0,1177,4918,19044,0,0,0,0,8299,85735,63,64,3,0,0,22237,0,0,0,0,0,0,0,8386,0,0,0,51285,1042,0,0,0,0,4000,0,0,0,0,0,0,0,0,0,0,0,0,0,0,0,0,8,10140553,14212190,0,0,0,0,0,8403042,85735

2020-02-06 19:12:09.648000+00:00,leaf4,sg0,1649641,0,8378408,3247794865,0,0,0,27345,0,1572,30576,1993,29448,7063,0,34940,87544,157412370,3247751479,2306208,14184591,1507650,1457,42,18,1177,633,0,obt-collector1,,,0/RP0/CPU0,0,0,0,4037461,0,0,1177,4918,19044,0,0,0,0,8470,85737,64,64,3,0,0,22238,0,0,0,0,0,0,0,8557,0,0,0,51290,1060,0,0,0,0,4000,0,0,0,0,0,0,0,0,0,0,0,0,0,0,0,0,8,10141218,14212774,0,0,0,0,0,8403436,85737

2020-02-06 19:12:12.914000+00:00,leaf4,sg0,1649661,0,8378459,3247798793,0,0,0,27345,0,1572,30576,1993,29448,7063,0,34940,87548,157420698,3247755407,2306259,14184662,1507665,1457,42,18,1177,633,0,obt-collector1,,,0/RP0/CPU0,0,0,0,4037541,0,0,1177,4918,19044,0,0,0,0,8505,85742,64,64,3,0,0,22238,0,0,0,0,0,0,0,8592,0,0,0,51290,1064,0,0,0,0,4000,0,0,0,0,0,0,0,0,0,0,0,0,0,0,0,0,8,10141351,14212849,0,0,0,0,0,8403498,85742

2020-02-06 19:12:25.854000+00:00,leaf4,sg0,1649700,0,8378974,3248474729,0,0,0,27345,0,1572,30578,1993,29451,7064,0,34944,87562,157422931,3248431337,2306353,14185427,1507697,1457,42,18,1177,633,0,obt-collector1,,,0/RP0/CPU0,0,0,0,4037703,0,0,1177,4919,19047,0,0,0,0,8621,85743,65,64,3,0,0,22239,0,0,0,0,0,0,0,8708,0,0,0,51294,1070,0,0,0,0,4000,0,0,0,0,0,0,0,0,0,0,0,0,0,0,0,0,8,10142072,14213622,0,0,0,0,0,8404011,85743

2020-02-06 19:12:29.057000+00:00,leaf4,sg0,1649713,0,8379143,3248696897,0,0,0,27345,0,1572,30578,1993,29451,7064,0,34944,87568,157423717,3248653505,2306392,14185683,1507710,1457,42,18,1177,633,0,obt-collector1,,,0/RP0/CPU0,0,0,0,4037781,0,0,1177,4919,19047,0,0,0,0,8658,85743,65,64,3,0,0,22239,0,0,0,0,0,0,0,8745,0,0,0,51294,1076,0,0,0,0,4000,0,0,0,0,0,0,0,0,0,0,0,0,0,0,0,0,8,10142313,14213884,0,0,0,0,0,8404180,85743

2020-02-06 19:12:38.693000+00:00,leaf4,sg0,1649759,0,8379524,3249148271,0,0,0,27345,0,1573,30582,1993,29456,7064,0,34948,87589,157433885,3249104870,2306500,14186255,1507742,1457,42,18,1177,633,0,obt-collector1,,,0/RP0/CPU0,0,0,0,4037941,0,0,1177,4920,19048,0,0,0,0,8762,85749,66,64,3,0,0,22241,0,0,0,0,0,0,0,8849,0,0,0,51300,1086,0,0,0,0,4000,0,0,0,0,0,0,0,0,0,0,0,0,0,0,0,0,8,10142900,14214469,0,0,0,0,0,8404562,85749

2020-02-06 19:12:53.027000+00:00,leaf4,sg0,1649810,0,8379927,3249599255,0,0,0,27345,0,1573,30582,1993,29456,7064,0,34948,87592,157444520,3249555854,2306635,14186845,1507787,1457,42,18,1177,633,0,obt-collector1,,,0/RP0/CPU0,0,0,0,4038182,0,0,1177,4920,19048,0,0,0,0,8839,85755,66,64,3,0,0,22241,0,0,0,0,0,0,0,8926,0,0,0,51300,1089,0,0,0,0,4000,0,0,0,0,0,0,0,0,0,0,0,0,0,0,0,0,8,10143502,14215062,0,0,0,0,0,8404973,85755

2020-02-06 19:13:10.314000+00:00,leaf4,sg0,1649876,0,8380702,3250574258,0,0,0,27345,0,1574,30589,1993,29464,7065,0,34956,87616,157455169,3250530842,2306794,14187987,1507834,1457,42,18,1177,633,0,obt-collector1,,,0/RP0/CPU0,0,0,0,4038425,0,0,1177,4922,19052,0,0,0,0,8916,85760,67,64,3,0,0,22243,0,0,0,0,0,0,0,9003,0,0,0,51309,1095,0,0,0,0,4000,0,0,0,0,0,0,0,0,0,0,0,0,0,0,0,0,8,10144516,14216214,0,0,0,0,0,8405743,85760

2020-02-06 19:13:20.299000+00:00,leaf4,sg0,1649908,0,8381054,3251027778,0,0,0,27345,0,1574,30589,1993,29464,7065,0,34956,87628,157460209,3250984362,2306881,14188512,1507864,1457,42,18,1177,633,0,obt-collector1,,,0/RP0/CPU0,0,0,0,4038585,0,0,1177,4922,19052,0,0,0,0,8995,85762,67,64,3,0,0,22244,0,0,0,0,0,0,0,9082,0,0,0,51310,1106,0,0,0,0,4000,0,0,0,0,0,0,0,0,0,0,0,0,0,0,0,0,8,10145034,14216751,0,0,0,0,0,8406097,85762

2020-02-06 19:13:26.990000+00:00,leaf4,sg0,1649944,0,8381319,3251264658,0,0,0,27345,0,1574,30592,1993,29467,7065,0,34959,87651,157462238,3251221236,2306969,14188877,1507894,1457,42,18,1177,633,0,obt-collector1,,,0/RP0/CPU0,0,0,0,4038743,0,0,1177,4923,19053,0,0,0,0,9087,85762,67,64,3,0,0,22244,0,0,0,0,0,0,0,9174,0,0,0,51313,1123,0,0,0,0,4000,0,0,0,0,0,0,0,0,0,0,0,0,0,0,0,0,8,10145474,14217134,0,0,0,0,0,8406358,85762

2020-02-06 19:13:44.177000+00:00,leaf4,sg0,1650006,0,8381880,3251948904,0,0,0,27345,0,1575,30596,1993,29472,7066,0,34964,87681,157473230,3251905473,2307118,14189722,1507941,1457,42,18,1177,633,0,obt-collector1,,,0/RP0/CPU0,0,0,0,4038983,0,0,1177,4925,19057,0,0,0,0,9251,85769,68,64,3,0,0,22246,0,0,0,0,0,0,0,9338,0,0,0,51319,1141,0,0,0,0,4000,0,0,0,0,0,0,0,0,0,0,0,0,0,0,0,0,8,10146341,14218001,0,0,0,0,0,8406919,85769

2020-02-06 19:14:01.507000+00:00,leaf4,sg0,1650075,0,8382627,3252919532,0,0,0,27345,0,1575,30599,1993,29475,7066,0,34967,87700,157485316,3252876703,2307304,14190874,1507997,1457,42,18,1177,633,0,obt-collector1,,,0/RP0/CPU0,0,0,0,4039303,0,0,1177,4926,19058,0,0,0,0,9370,85776,68,64,3,0,0,22247,0,0,0,0,0,0,0,9457,0,0,0,51323,1153,0,0,0,0,4000,0,0,0,0,0,0,0,0,0,0,0,0,0,0,0,0,8,10147383,14219167,0,0,0,0,0,8407671,85776

2020-02-06 19:14:14.833000+00:00,leaf4,sg0,1650156,0,8383104,3253382073,0,0,0,27345,0,1576,30605,1993,29482,7067,0,34974,87726,157501015,3253338623,2307455,14191543,1508059,1457,42,18,1177,633,0,obt-collector1,,,0/RP0/CPU0,0,0,0,4039544,0,0,1177,4928,19062,0,0,0,0,9496,85783,68,64,3,0,0,22249,0,0,0,0,0,0,0,9583,0,0,0,51331,1163,0,0,0,0,4000,0,0,0,0,0,0,0,0,0,0,0,0,0,0,0,0,8,10148114,14219850,0,0,0,0,0,8408144,85783

2020-02-06 19:14:24.541000+00:00,leaf4,sg0,1650210,0,8383473,3253837769,0,0,0,27345,0,1576,30609,1993,29485,7067,0,34977,87740,157503146,3253794313,2307546,14192110,1508099,1457,42,18,1177,633,0,obt-collector1,,,0/RP0/CPU0,0,0,0,4039704,0,0,1177,4928,19062,0,0,0,0,9559,85791,67,64,3,0,0,22250,0,0,0,0,0,0,0,9646,0,0,0,51335,1170,0,0,0,0,4000,0,0,0,0,0,0,0,0,0,0,0,0,0,0,0,0,8,10148621,14220425,0,0,0,0,0,8408509,85791

2020-02-06 19:14:27.753000+00:00,leaf4,sg0,1650230,0,8383545,3253856433,0,0,0,27345,0,1576,30609,1993,29485,7067,0,34977,87741,157503906,3253812977,2307586,14192202,1508118,1457,42,18,1177,633,0,obt-collector1,,,0/RP0/CPU0,0,0,0,4039784,0,0,1177,4929,19063,0,0,0,0,9583,85792,67,64,3,0,0,22250,0,0,0,0,0,0,0,9670,0,0,0,51335,1171,0,0,0,0,4000,0,0,0,0,0,0,0,0,0,0,0,0,0,0,0,0,8,10148750,14220519,0,0,0,0,0,8408581,85792

2020-02-06 19:14:40.821000+00:00,leaf4,sg0,1650281,0,8384179,3254757940,0,0,0,27345,0,1577,30609,1993,29486,7068,0,34977,87752,157515020,3254714483,2307699,14193173,1508163,1457,42,18,1177,633,0,obt-collector1,,,0/RP0/CPU0,0,0,0,4039971,0,0,1177,4932,19067,0,0,0,0,9673,85798,68,64,3,0,0,22250,0,0,0,0,0,0,0,9760,0,0,0,51335,1181,0,0,0,0,4000,0,0,0,0,0,0,0,0,0,0,0,0,0,0,0,0,8,10149564,14221503,0,0,0,0,0,8409223,85798

2020-02-06 19:14:51.806000+00:00,leaf4,sg0,1650340,0,8384548,3255218013,0,0,0,27345,0,1577,30614,1994,29490,7068,0,34982,87770,157525247,3255174548,2307807,14193757,1508208,1457,42,18,1178,633,0,obt-collector1,,,0/RP0/CPU0,0,0,0,4040139,0,0,1178,4932,19068,0,0,0,0,9753,85804,68,64,3,0,0,22251,0,0,0,0,0,0,0,9840,0,0,0,51341,1189,0,0,0,0,4000,0,0,0,0,0,0,0,0,0,0,0,0,0,0,0,0,8,10150103,14222096,0,0,0,0,0,8409592,85804

2020-02-06 19:15:01.773000+00:00,leaf4,sg0,1650386,0,8384965,3255736388,0,0,0,27345,0,1577,30617,1994,29493,7068,0,34985,87784,157527458,3255692917,2307898,14194386,1508248,1457,42,18,1178,633,0,obt-collector1,,,0/RP0/CPU0,0,0,0,4040299,0,0,1178,4933,19069,0,0,0,0,9821,85804,68,64,3,0,0,22252,0,0,0,0,0,0,0,9908,0,0,0,51345,1196,0,0,0,0,4000,0,0,0,0,0,0,0,0,0,0,0,0,0,0,0,0,8,10150662,14222734,0,0,0,0,0,8410006,85804

2020-02-06 19:15:05.017000+00:00,leaf4,sg0,1650395,0,8385010,3255737496,0,0,0,27345,0,1577,30617,1994,29493,7068,0,34985,87784,157528104,3255694025,2307932,14194441,1508261,1457,42,18,1178,633,0,obt-collector1,,,0/RP0/CPU0,0,0,0,4040379,0,0,1178,4934,19070,0,0,0,0,9838,85804,68,64,3,0,0,22252,0,0,0,0,0,0,0,9925,0,0,0,51345,1196,0,0,0,0,4000,0,0,0,0,0,0,0,0,0,0,0,0,0,0,0,0,8,10150749,14222790,0,0,0,0,0,8410051,85804

2020-02-06 19:15:08.287000+00:00,leaf4,sg0,1650413,0,8385050,3255738256,0,0,0,27345,0,1577,30617,1994,29493,7068,0,34985,87787,157528864,3255694785,2307972,14194499,1508279,1457,42,18,1178,633,0,obt-collector1,,,0/RP0/CPU0,0,0,0,4040459,0,0,1178,4935,19071,0,0,0,0,9860,85804,68,64,3,0,0,22252,0,0,0,0,0,0,0,9947,0,0,0,51345,1199,0,0,0,0,4000,0,0,0,0,0,0,0,0,0,0,0,0,0,0,0,0,8,10150842,14222852,0,0,0,0,0,8410091,85804

2020-02-06 19:15:24.796000+00:00,leaf4,sg0,1650489,0,8385806,3256670897,0,0,0,27345,0,1578,30624,1994,29501,7069,0,34993,87819,157542787,3256627411,2308133,14195621,1508334,1457,42,18,1178,633,0,obt-collector1,,,0/RP0/CPU0,0,0,0,4040699,0,0,1178,4936,19074,0,0,0,0,9983,85811,69,64,3,0,0,22255,0,0,0,0,0,0,0,10070,0,0,0,51355,1212,0,0,0,0,4000,0,0,0,0,0,0,0,0,0,0,0,0,0,0,0,0,8,10151859,14223991,0,0,0,0,0,8410843,85811

2020-02-06 19:15:40.959000+00:00,leaf4,sg0,1650552,0,8386463,3257592044,0,0,0,28805,0,1578,30624,1994,29501,7069,0,34993,87852,157553569,3257548558,2308271,14196646,1508387,1457,42,18,1178,633,0,obt-collector1,,,0/RP0/CPU0,0,0,0,4040942,0,0,1178,4940,19078,0,0,0,0,10183,85821,69,64,3,0,0,22257,0,0,0,0,0,0,0,10270,0,0,0,51356,1244,0,0,0,0,4000,0,0,0,0,0,0,0,0,0,0,0,0,0,0,0,0,8,10152831,14225054,0,0,0,0,0,8411513,85821

2020-02-06 19:15:47.419000+00:00,leaf4,sg0,1650585,0,8386545,3257594284,0,0,0,28805,0,1579,30628,1994,29506,7069,0,34997,87872,157555382,3257551283,2308364,14196791,1508412,1457,42,18,1178,633,0,obt-collector1,,,0/RP0/CPU0,0,0,0,4041101,0,0,1178,4941,19079,0,0,0,0,10274,85821,70,64,3,0,0,22257,0,0,0,0,0,0,0,10361,0,0,0,51360,1255,0,0,0,0,4000,0,0,0,0,0,0,0,0,0,0,0,0,0,0,0,0,8,10153078,14225211,0,0,0,0,0,8411587,85821

2020-02-06 19:15:54.029000+00:00,leaf4,sg0,1650625,0,8386890,3258059586,0,0,0,28805,0,1579,30628,1994,29506,7070,0,34998,87879,157564670,3258016091,2308421,14197307,1508446,1457,42,18,1178,633,0,obt-collector1,,,0/RP0/CPU0,0,0,0,4041181,0,0,1178,4941,19081,0,0,0,0,10357,85827,70,64,3,0,0,22257,0,0,0,0,0,0,0,10444,0,0,0,51360,1261,0,0,0,0,4000,0,0,0,0,0,0,0,0,0,0,0,0,0,0,0,0,8,10153553,14225733,0,0,0,0,0,8411944,85827

2020-02-06 19:15:57.495000+00:00,leaf4,sg0,1650639,0,8386958,3258119923,0,0,0,28805,0,1579,30631,1994,29509,7070,0,35001,87886,157565801,3258076916,2308467,14197434,1508452,1457,42,18,1178,633,0,obt-collector1,,,0/RP0/CPU0,0,0,0,4041261,0,0,1178,4942,19082,0,0,0,0,10371,85829,70,64,3,0,0,22258,0,0,0,0,0,0,0,10458,0,0,0,51364,1261,0,0,0,0,4000,0,0,0,0,0,0,0,0,0,0,0,0,0,0,0,0,8,10153676,14225862,0,0,0,0,0,8412006,85829

2020-02-06 19:16:00.911000+00:00,leaf4,sg0,1650654,0,8387172,3258424937,0,0,0,28805,0,1579,30631,1994,29509,7070,0,35001,87887,157565903,3258381828,2308470,14197728,1508467,1457,42,18,1178,633,0,obt-collector1,,,0/RP0/CPU0,0,0,0,4041263,0,0,1178,4942,19082,0,0,0,0,10385,85829,70,64,3,0,0,22259,0,0,0,0,0,0,0,10472,0,0,0,51365,1261,0,0,0,0,4000,0,0,0,0,0,0,0,0,0,0,0,0,0,0,0,0,8,10153908,14226157,0,0,0,0,0,8412220,85829

2020-02-06 19:16:37.968000+00:00,leaf4,sg0,1650823,0,8388469,3259999237,0,0,0,28805,0,1579,30641,1994,29516,7071,0,35009,87944,157589475,3259955719,2308833,14199726,1508607,1457,42,18,1178,633,0,obt-collector1,,,0/RP0/CPU0,0,0,0,4041902,0,0,1178,4947,19089,0,0,0,0,10697,85841,67,64,3,0,0,22262,0,0,0,0,0,0,0,10784,0,0,0,51375,1297,0,0,0,0,4000,0,0,0,0,0,0,0,0,0,0,0,0,0,0,0,0,8,10155814,14228199,0,0,0,0,0,8413518,85841

2020-02-06 19:16:41.354000+00:00,leaf4,sg0,1650825,0,8388600,3260226837,0,0,0,28805,0,1579,30641,1994,29516,7071,0,35009,87946,157589653,3260183319,2308840,14199935,1508609,1457,42,18,1178,633,0,obt-collector1,,,0/RP0/CPU0,0,0,0,4041908,0,0,1178,4948,19090,0,0,0,0,10734,85841,67,64,3,0,0,22262,0,0,0,0,0,0,0,10821,0,0,0,51375,1299,0,0,0,0,4000,0,0,0,0,0,0,0,0,0,0,0,0,0,0,0,0,8,10155989,14228411,0,0,0,0,0,8413649,85841

2020-02-06 19:16:47.972000+00:00,leaf4,sg0,1650866,0,8388800,3260455957,0,0,0,28805,0,1579,30641,1994,29516,7071,0,35009,87952,157591142,3260412439,2308916,14200263,1508650,1457,42,18,1178,633,0,obt-collector1,,,0/RP0/CPU0,0,0,0,4042063,0,0,1178,4949,19091,0,0,0,0,10795,85841,67,64,3,0,0,22263,0,0,0,0,0,0,0,10882,0,0,0,51376,1304,0,0,0,0,4000,0,0,0,0,0,0,0,0,0,0,0,0,0,0,0,0,8,10156306,14228746,0,0,0,0,0,8413849,85841

2020-02-06 19:16:51.330000+00:00,leaf4,sg0,1650874,0,8388942,3260686725,0,0,0,28805,0,1579,30641,1994,29516,7071,0,35009,87952,157598754,3260643207,2308932,14200489,1508652,1457,42,18,1178,633,0,obt-collector1,,,0/RP0/CPU0,0,0,0,4042067,0,0,1178,4949,19091,0,0,0,0,10803,85847,67,64,3,0,0,22263,0,0,0,0,0,0,0,10890,0,0,0,51376,1304,0,0,0,0,4000,0,0,0,0,0,0,0,0,0,0,0,0,0,0,0,0,8,10156472,14228972,0,0,0,0,0,8413999,85847

2020-02-06 19:16:58.919000+00:00,leaf4,sg0,1650921,0,8389212,3260979068,0,0,0,28805,0,1579,30644,1994,29519,7072,0,35012,87958,157601561,3260935544,2309019,14200913,1508693,1457,42,18,1178,633,0,obt-collector1,,,0/RP0/CPU0,0,0,0,4042223,0,0,1178,4950,19093,0,0,0,0,10821,85847,67,64,3,0,0,22263,0,0,0,0,0,0,0,10908,0,0,0,51379,1304,0,0,0,0,4000,0,0,0,0,0,0,0,0,0,0,0,0,0,0,0,0,8,10156830,14229397,0,0,0,0,0,8414266,85847

2020-02-06 19:17:12.008000+00:00,leaf4,sg0,1650978,0,8389682,3261658890,0,0,0,28805,0,1579,30647,1994,29520,7072,0,35014,87979,157611612,3261615362,2309121,14201682,1508740,1457,42,18,1178,633,0,obt-collector1,,,0/RP0/CPU0,0,0,0,4042389,0,0,1178,4950,19094,0,0,0,0,10924,85853,65,64,3,0,0,22265,0,0,0,0,0,0,0,11011,0,0,0,51382,1318,0,0,0,0,4000,0,0,0,0,0,0,0,0,0,0,0,0,0,0,0,0,8,10157490,14230182,0,0,0,0,0,8414740,85853

2020-02-06 19:17:55.097000+00:00,leaf4,sg0,1651201,0,8390907,3263713852,0,0,0,28805,0,1580,30663,1995,29533,7073,0,35027,88076,157637964,3263670296,2309542,14203859,1508921,1481,43,18,1178,634,0,obt-collector1,,,0/RP0/CPU0,0,0,0,4043105,0,0,1178,4952,19098,0,0,0,0,11381,85868,62,64,3,0,0,22269,0,0,0,0,0,0,0,11468,0,0,0,51398,1382,0,0,0,0,4000,0,0,0,0,0,0,0,0,0,0,0,0,0,0,0,0,8,10159514,14232429,0,0,0,0,0,8415959,85868

2020-02-06 19:17:58.371000+00:00,leaf4,sg0,1651222,0,8390947,3263714612,0,0,0,28805,0,1580,30663,1995,29533,7073,0,35027,88077,157638788,3263671056,2309583,14203920,1508942,1481,43,18,1178,634,0,obt-collector1,,,0/RP0/CPU0,0,0,0,4043185,0,0,1178,4953,19099,0,0,0,0,11396,85868,62,64,3,0,0,22269,0,0,0,0,0,0,0,11483,0,0,0,51398,1383,0,0,0,0,4000,0,0,0,0,0,0,0,0,0,0,0,0,0,0,0,0,8,10159600,14232492,0,0,0,0,0,8415999,85868

2020-02-06 19:18:04.851000+00:00,leaf4,sg0,1651244,0,8391111,3264149052,0,0,0,28805,0,1580,30663,1995,29533,7073,0,35027,88077,157639676,3264105496,2309625,14204285,1508963,1481,43,18,1178,634,0,obt-collector1,,,0/RP0/CPU0,0,0,0,4043265,0,0,1178,4953,19099,0,0,0,0,11420,85869,62,64,3,0,0,22269,0,0,0,0,0,0,0,11507,0,0,0,51398,1383,0,0,0,0,4000,0,0,0,0,0,0,0,0,0,0,0,0,0,0,0,0,8,10159820,14232857,0,0,0,0,0,8416163,85869

2020-02-06 19:18:14.454000+00:00,leaf4,sg0,1651299,0,8391329,3264588716,0,0,0,28805,0,1580,30664,1996,29533,7074,0,35028,88085,157649532,3264545160,2309719,14204736,1509009,1481,43,18,1179,634,0,obt-collector1,,,0/RP0/CPU0,0,0,0,4043428,0,0,1179,4953,19101,0,0,0,0,11495,85878,63,64,3,0,0,22269,0,0,0,0,0,0,0,11582,0,0,0,51398,1391,0,0,0,0,4000,0,0,0,0,0,0,0,0,0,0,0,0,0,0,0,0,8,10160177,14233316,0,0,0,0,0,8416389,85878

2020-02-06 19:18:27.413000+00:00,leaf4,sg0,1651368,0,8391631,3265035089,0,0,0,28805,0,1580,30669,1996,29538,7074,0,35033,88116,157652572,3264991884,2309853,14205273,1509067,1481,43,18,1179,634,0,obt-collector1,,,0/RP0/CPU0,0,0,0,4043668,0,0,1179,4954,19102,0,0,0,0,11669,85879,63,64,3,0,0,22270,0,0,0,0,0,0,0,11756,0,0,0,51405,1410,0,0,0,0,4000,0,0,0,0,0,0,0,0,0,0,0,0,0,0,0,0,8,10160744,14233874,0,0,0,0,0,8416683,85879

2020-02-06 19:18:30.604000+00:00,leaf4,sg0,1651395,0,8391657,3265037466,0,0,0,28805,0,1580,30669,1996,29538,7074,0,35033,88123,157657426,3264993900,2309862,14205307,1509090,1481,43,18,1179,634,0,obt-collector1,,,0/RP0/CPU0,0,0,0,4043670,0,0,1179,4954,19102,0,0,0,0,11712,85883,63,64,3,0,0,22270,0,0,0,0,0,0,0,11799,0,0,0,51405,1417,0,0,0,0,4000,0,0,0,0,0,0,0,0,0,0,0,0,0,0,0,0,8,10160822,14233915,0,0,0,0,0,8416715,85883

2020-02-06 19:18:53.805000+00:00,leaf4,sg0,1651539,0,8392209,3266351077,0,0,0,28805,0,1580,30669,1996,29538,7075,0,35033,88138,157673383,3266307511,2310087,14206582,1509226,1481,43,18,1179,634,0,obt-collector1,,,0/RP0/CPU0,0,0,0,4044070,0,0,1179,4954,19103,0,0,0,0,11874,85891,63,64,3,0,0,22272,0,0,0,0,0,0,0,11961,0,0,0,51407,1430,0,0,0,0,4000,0,0,0,0,0,0,0,0,0,0,0,0,0,0,0,0,8,10161671,14235205,0,0,0,0,0,8417283,85891

