,Producer,Target,ack-only-packets-sent,ack-packets-for-unsent-received,ack-packets-received,ackbytes-received,after-window-bytes-received,after-window-packets-received,bad-checksum-packets-received,bytes-retransmitted,connection-rate-limited,connections-accepted,connections-closed,connections-dropped,connections-established,connections-failed,connections-forcibly-closed,connections-requested,control-packets-sent,data-bytes-received-in-sequence,data-bytes-sent,data-packets-received-in-sequence,data-pakets-sent,delay-ack-packets-sent,duplicate-bytes-received,duplicate-packets-received,duplicated-ack-packets-received,embryonic-connection-dropped,established-connections-reset,high-water-mark-throttle,host,i-qs-total-egpackets,i-qs-total-ingpackets,id,iq-ingress-drops,iq-sock-aborts,iq-sock-retries,iq-sock-writes,iqs-total-egpacket/entry,iqs-total-ingpacket/entry,keep-alive-dropped,keep-alive-probes,keep-alive-timeouts,low-water-mark-throttle,malformed-packets-received,mss-down,mss-up,no-port-packets-received,no-throttle,num-open-sockets,out-of-order-bytes-received,out-of-order-packets-received,packet-failures,packets-received-after-close-packet,packets-retransmitted,partial-duplicate-ack-received,partial-duplicate-bytes-received,paws-dropped,persist-dropped,pulse-errors,reassembly-packets,received-auth-packets-dropped,received-packets-dropped,received-packets-dropped-stale-c-hdr,recovered-packets,retransmit-dropped,retransmit-timeouts,rst-packets-sent,send-auth-packets-dropped,send-packets-dropped,sock-async-double-free-prevent-count,sockbuf-pak-res-cur,sockbuf-pak-res-max,socket-layer-packets,stalled-timer-tickle-count,stalled-timer-tickle-time,syn-cache-aborted,syn-cache-added,syn-cache-bucket-oflow,syn-cache-completed,syn-cache-count,syn-cache-dropped,syn-cache-duplicate-sy-ns,syn-cache-overflow,syn-cache-reset,syn-cache-timed-out,syn-cache-unreach,synacl-match-pkts-dropped,too-short-packets-received,total-i-qs,total-packets-received,total-pakets-sent,truncated-write-iov,try-lock-dropped,urgent-only-packets-sent,window-probe-packets-received,window-probe-packets-sent,window-update-packets-received,window-update-packets-sent

2020-02-06 13:19:45.535000+00:00,dr02,sg0,26771961,0,37528231,3860831615,0,0,0,468317,0,4711,106072,38616,72222,247409,0,314927,1143017,1222419236,3860968941,34252381,67406705,26360014,101242,4156,185,33624,3520,84,obt-collector1,,,0/RP0/CPU0,0,0,0,67644686,0,0,33624,78533,572836,323,0,0,0,12883,271892,53,34624,39,0,0,746854,18,560,0,0,0,0,0,13501,0,0,2,848083,12588,0,0,0,0,4000,0,0,0,0,152,0,0,0,0,0,0,152,0,0,0,0,8,67182639,68244632,13,0,0,0,0,37223087,272299

2020-02-06 13:20:07.264000+00:00,dr02,sg0,26772093,0,37528393,3860834693,0,0,0,468317,0,4711,106072,38616,72222,247410,0,314928,1143020,1222422124,3860972019,34252533,67407000,26360142,101242,4156,185,33624,3520,84,obt-collector1,,,0/RP0/CPU0,0,0,0,67645000,0,0,33624,78534,572839,323,0,0,0,12883,271896,53,34624,39,0,0,746856,18,560,0,0,0,0,0,13501,0,0,2,848085,12588,0,0,0,0,4000,0,0,0,0,152,0,0,0,0,0,0,152,0,0,0,0,8,67182917,68244930,13,0,0,0,0,37223249,272303

2020-02-06 13:20:29.559000+00:00,dr02,sg0,26772204,0,37528537,3860837429,0,0,0,468317,0,4711,106072,38616,72222,247410,0,314929,1143025,1222424917,3860974755,34252680,67407256,26360253,101242,4156,185,33624,3520,84,obt-collector1,,,0/RP0/CPU0,0,0,0,67645291,0,0,33624,78535,572841,323,0,0,0,12883,271896,53,34624,39,0,0,746860,18,560,0,0,0,0,0,13501,0,0,2,848089,12588,0,0,0,0,4000,0,0,0,0,152,0,0,0,0,0,0,152,0,0,0,0,8,67183176,68245191,13,0,0,0,0,37223393,272303

2020-02-06 13:20:51.276000+00:00,dr02,sg0,26772330,0,37528699,3860840507,0,0,0,468317,0,4711,106073,38617,72222,247412,0,314930,1143029,1222428128,3860977833,34252849,67407545,26360377,101242,4156,185,33625,3520,84,obt-collector1,,,0/RP0/CPU0,0,0,0,67645625,0,0,33625,78536,572846,323,0,0,0,12883,271898,52,34624,39,0,0,746863,18,560,0,0,0,0,0,13501,0,0,2,848092,12588,0,0,0,0,4000,0,0,0,0,152,0,0,0,0,0,0,152,0,0,0,0,8,67183478,68245484,13,0,0,0,0,37223555,272305

2020-02-06 13:21:12.987000+00:00,dr02,sg0,26772449,0,37528861,3860843585,0,0,0,468317,0,4711,106074,38618,72222,247413,0,314931,1143030,1222431073,3860980911,34253004,67407827,26360496,101242,4156,185,33626,3520,84,obt-collector1,,,0/RP0/CPU0,0,0,0,67645945,0,0,33626,78536,572848,323,0,0,0,12883,271898,53,34624,39,0,0,746863,18,560,0,0,0,0,0,13501,0,0,2,848093,12588,0,0,0,0,4000,0,0,0,0,152,0,0,0,0,0,0,152,0,0,0,0,8,67183756,68245766,13,0,0,0,0,37223717,272305

2020-02-06 13:21:34.624000+00:00,dr02,sg0,26772557,0,37529005,3860846321,0,0,0,468317,0,4711,106074,38618,72222,247413,0,314933,1143037,1222433809,3860983647,34253148,67408081,26360604,101242,4156,185,33626,3520,84,obt-collector1,,,0/RP0/CPU0,0,0,0,67646233,0,0,33626,78537,572850,323,0,0,0,12883,271898,54,34624,39,0,0,746868,18,560,0,0,0,0,0,13501,0,0,2,848099,12588,0,0,0,0,4000,0,0,0,0,152,0,0,0,0,0,0,152,0,0,0,0,8,67184014,68246026,13,0,0,0,0,37223861,272305

2020-02-06 13:21:56.559000+00:00,dr02,sg0,26772681,0,37529167,3860849399,0,0,0,468317,0,4711,106074,38618,72222,247415,0,314934,1143044,1222437020,3860986725,34253317,67408368,26360728,101242,4156,185,33626,3520,84,obt-collector1,,,0/RP0/CPU0,0,0,0,67646564,0,0,33626,78538,572854,323,0,0,0,12883,271898,54,34624,39,0,0,746874,18,560,0,0,0,0,0,13501,0,0,2,848105,12588,0,0,0,0,4000,0,0,0,0,152,0,0,0,0,0,0,152,0,0,0,0,8,67184317,68246320,13,0,0,0,0,37224023,272305

2020-02-06 13:22:18.254000+00:00,dr02,sg0,26772802,0,37529329,3860852477,0,0,0,468317,0,4711,106074,38618,72222,247417,0,314934,1143045,1222439965,3860989803,34253472,67408651,26360847,101242,4156,185,33626,3520,84,obt-collector1,,,0/RP0/CPU0,0,0,0,67646881,0,0,33626,78538,572856,323,0,0,0,12883,271900,54,34624,39,0,0,746875,18,560,0,0,0,0,0,13501,0,0,2,848106,12588,0,0,0,0,4000,0,0,0,0,152,0,0,0,0,0,0,152,0,0,0,0,8,67184595,68246604,13,0,0,0,0,37224185,272307

2020-02-06 13:22:39.999000+00:00,dr02,sg0,26772913,0,37529480,3860855346,0,0,0,468317,0,4711,106074,38618,72222,247417,0,314936,1143051,1222442929,3860992881,34253628,67408926,26360958,101242,4156,185,33626,3520,84,obt-collector1,,,0/RP0/CPU0,0,0,0,67647199,0,0,33626,78539,572859,323,0,0,0,12883,271900,54,34624,39,0,0,746879,18,560,0,0,0,0,0,13501,0,0,2,848110,12588,0,0,0,0,4000,0,0,0,0,152,0,0,0,0,0,0,152,0,0,0,0,8,67184875,68246884,13,0,0,0,0,37224336,272307

2020-02-06 13:23:01.731000+00:00,dr02,sg0,26773034,0,37529649,3860858557,0,0,0,468317,0,4711,106074,38618,72222,247418,0,314938,1143059,1222446045,3860995959,34253792,67409211,26361077,101242,4156,185,33626,3520,84,obt-collector1,,,0/RP0/CPU0,0,0,0,67647525,0,0,33626,78540,572863,323,0,0,0,12883,271902,54,34624,39,0,0,746885,18,560,0,0,0,0,0,13501,0,0,2,848116,12588,0,0,0,0,4000,0,0,0,0,152,0,0,0,0,0,0,152,0,0,0,0,8,67185174,68247176,13,0,0,0,0,37224505,272309

2020-02-06 13:23:23.432000+00:00,dr02,sg0,26773153,0,37529797,3860861369,0,0,0,468317,0,4711,106074,38618,72222,247420,0,314938,1143061,1222448857,3860998695,34253940,67409474,26361194,101242,4156,185,33626,3520,84,obt-collector1,,,0/RP0/CPU0,0,0,0,67647817,0,0,33626,78541,572866,323,0,0,0,12883,271904,54,34624,39,0,0,746887,18,560,0,0,0,0,0,13501,0,0,2,848118,12588,0,0,0,0,4000,0,0,0,0,152,0,0,0,0,0,0,152,0,0,0,0,8,67185439,68247442,13,0,0,0,0,37224653,272311

2020-02-06 13:23:45.234000+00:00,dr02,sg0,26773264,0,37529959,3860864447,0,0,0,468317,0,4711,106074,38618,72222,247421,0,314939,1143065,1222451840,3861001773,34254097,67409748,26361303,101242,4156,185,33626,3520,84,obt-collector1,,,0/RP0/CPU0,0,0,0,67648136,0,0,33626,78541,572868,323,0,0,0,12883,271906,53,34624,39,0,0,746890,18,560,0,0,0,0,0,13501,0,0,2,848121,12588,0,0,0,0,4000,0,0,0,0,152,0,0,0,0,0,0,152,0,0,0,0,8,67185730,68247719,13,0,0,0,0,37224815,272313

2020-02-06 13:24:06.933000+00:00,dr02,sg0,26773392,0,37530121,3860867525,0,0,0,468317,0,4711,106074,38618,72222,247422,0,314941,1143069,1222454956,3861004851,34254261,67410040,26361431,101242,4156,185,33626,3520,84,obt-collector1,,,0/RP0/CPU0,0,0,0,67648462,0,0,33626,78542,572872,323,0,0,0,12883,271906,53,34624,39,0,0,746892,18,560,0,0,0,0,0,13501,0,0,2,848123,12588,0,0,0,0,4000,0,0,0,0,152,0,0,0,0,0,0,152,0,0,0,0,8,67186017,68248014,13,0,0,0,0,37224977,272313

2020-02-06 13:24:28.662000+00:00,dr02,sg0,26773504,0,37530265,3860870261,0,0,0,468317,0,4711,106074,38618,72222,247423,0,314942,1143077,1222457749,3861007587,34254408,67410297,26361543,101242,4156,185,33626,3520,84,obt-collector1,,,0/RP0/CPU0,0,0,0,67648753,0,0,33626,78543,572875,323,0,0,0,12883,271906,52,34624,39,0,0,746899,18,560,0,0,0,0,0,13501,0,0,2,848130,12588,0,0,0,0,4000,0,0,0,0,152,0,0,0,0,0,0,152,0,0,0,0,8,67186279,68248279,13,0,0,0,0,37225121,272313

2020-02-06 13:24:50.431000+00:00,dr02,sg0,26773616,0,37530427,3860873339,0,0,0,468317,0,4711,106075,38619,72222,247425,0,314943,1143079,1222460732,3861010665,34254565,67410572,26361655,101242,4156,185,33627,3520,84,obt-collector1,,,0/RP0/CPU0,0,0,0,67649075,0,0,33627,78543,572878,323,0,0,0,12883,271906,53,34624,39,0,0,746900,18,560,0,0,0,0,0,13501,0,0,2,848132,12588,0,0,0,0,4000,0,0,0,0,152,0,0,0,0,0,0,152,0,0,0,0,8,67186568,68248555,13,0,0,0,0,37225283,272313

2020-02-06 13:25:12.117000+00:00,dr02,sg0,26773744,0,37530589,3860876417,0,0,0,468317,0,4711,106075,38619,72222,247426,0,314943,1143081,1222463848,3861013743,34254729,67410862,26361782,101242,4156,185,33627,3520,84,obt-collector1,,,0/RP0/CPU0,0,0,0,67649401,0,0,33627,78544,572880,323,0,0,0,12883,271907,53,34624,39,0,0,746902,18,560,0,0,0,0,0,13501,0,0,2,848134,12588,0,0,0,0,4000,0,0,0,0,152,0,0,0,0,0,0,152,0,0,0,0,8,67186856,68248848,13,0,0,0,0,37225445,272314

2020-02-06 13:25:33.871000+00:00,dr02,sg0,26773857,0,37530733,3860879153,0,0,0,468317,0,4711,106075,38619,72222,247426,0,314946,1143091,1222466641,3861016479,34254876,67411122,26361893,101242,4156,185,33627,3520,84,obt-collector1,,,0/RP0/CPU0,0,0,0,67649692,0,0,33627,78545,572884,323,0,0,0,12883,271909,53,34624,39,0,0,746909,18,560,0,0,0,0,0,13501,0,0,2,848141,12588,0,0,0,0,4000,0,0,0,0,152,0,0,0,0,0,0,152,0,0,0,0,8,67187119,68249116,13,0,0,0,0,37225589,272316

2020-02-06 13:25:55.662000+00:00,dr02,sg0,26773971,0,37530895,3860882231,0,0,0,468317,0,4711,106075,38619,72222,247428,0,314947,1143095,1222469624,3861019557,34255033,67411399,26362005,101242,4156,185,33627,3520,84,obt-collector1,,,0/RP0/CPU0,0,0,0,67650011,0,0,33627,78546,572888,323,0,0,0,12883,271911,53,34624,39,0,0,746912,18,560,0,0,0,0,0,13501,0,0,2,848144,12588,0,0,0,0,4000,0,0,0,0,152,0,0,0,0,0,0,152,0,0,0,0,8,67187408,68249397,13,0,0,0,0,37225751,272318

2020-02-06 13:26:17.349000+00:00,dr02,sg0,26774099,0,37531057,3860885309,0,0,0,468317,0,4711,106075,38619,72222,247429,0,314947,1143097,1222472740,3861022635,34255197,67411689,26362133,101242,4156,185,33627,3520,84,obt-collector1,,,0/RP0/CPU0,0,0,0,67650337,0,0,33627,78546,572889,323,0,0,0,12883,271911,53,34624,39,0,0,746914,18,560,0,0,0,0,0,13501,0,0,2,848146,12588,0,0,0,0,4000,0,0,0,0,152,0,0,0,0,0,0,152,0,0,0,0,8,67187696,68249689,13,0,0,0,0,37225913,272318

2020-02-06 13:26:39.069000+00:00,dr02,sg0,26774212,0,37531201,3860888045,0,0,0,468317,0,4711,106075,38619,72222,247430,0,314949,1143102,1222475533,3861025371,34255344,67411948,26362244,101242,4156,185,33627,3520,84,obt-collector1,,,0/RP0/CPU0,0,0,0,67650628,0,0,33627,78547,572893,323,0,0,0,12883,271913,53,34624,39,0,0,746917,18,560,0,0,0,0,0,13501,0,0,2,848149,12588,0,0,0,0,4000,0,0,0,0,152,0,0,0,0,0,0,152,0,0,0,0,8,67187956,68249952,13,0,0,0,0,37226057,272320

2020-02-06 13:27:00.837000+00:00,dr02,sg0,26774324,0,37531363,3860891123,0,0,0,468317,0,4711,106075,38619,72222,247431,0,314951,1143109,1222478516,3861028449,34255501,67412224,26362356,101242,4156,185,33627,3520,84,obt-collector1,,,0/RP0/CPU0,0,0,0,67650947,0,0,33627,78548,572897,323,0,0,0,12883,271913,53,34624,39,0,0,746922,18,560,0,0,0,0,0,13501,0,0,2,848154,12588,0,0,0,0,4000,0,0,0,0,152,0,0,0,0,0,0,152,0,0,0,0,8,67188245,68250234,13,0,0,0,0,37226219,272320

2020-02-06 13:27:22.552000+00:00,dr02,sg0,26774453,0,37531525,3860894201,0,0,0,468317,0,4711,106075,38619,72222,247433,0,314951,1143113,1222481632,3861031527,34255665,67412515,26362483,101242,4156,185,33627,3520,84,obt-collector1,,,0/RP0/CPU0,0,0,0,67651273,0,0,33627,78549,572900,323,0,0,0,12883,271915,53,34624,39,0,0,746926,18,560,0,0,0,0,0,13501,0,0,2,848158,12588,0,0,0,0,4000,0,0,0,0,152,0,0,0,0,0,0,152,0,0,0,0,8,67188532,68250530,13,0,0,0,0,37226381,272322

2020-02-06 13:27:44.254000+00:00,dr02,sg0,26774564,0,37531669,3860896937,0,0,0,468317,0,4711,106075,38619,72222,247434,0,314952,1143116,1222484425,3861034263,34255812,67412771,26362594,101242,4156,185,33627,3520,84,obt-collector1,,,0/RP0/CPU0,0,0,0,67651564,0,0,33627,78549,572902,323,0,0,0,12883,271915,52,34624,39,0,0,746928,18,560,0,0,0,0,0,13501,0,0,2,848160,12588,0,0,0,0,4000,0,0,0,0,152,0,0,0,0,0,0,152,0,0,0,0,8,67188790,68250788,13,0,0,0,0,37226525,272322

2020-02-06 13:28:05.897000+00:00,dr02,sg0,26774678,0,37531831,3860900015,0,0,0,468317,0,4711,106075,38619,72222,247435,0,314953,1143120,1222487408,3861037341,34255969,67413048,26362706,101242,4156,185,33627,3520,84,obt-collector1,,,0/RP0/CPU0,0,0,0,67651883,0,0,33627,78550,572905,323,0,0,0,12883,271917,52,34624,39,0,0,746931,18,560,0,0,0,0,0,13501,0,0,2,848163,12588,0,0,0,0,4000,0,0,0,0,152,0,0,0,0,0,0,152,0,0,0,0,8,67189074,68251069,13,0,0,0,0,37226687,272324

2020-02-06 13:28:27.679000+00:00,dr02,sg0,26774806,0,37531993,3860903093,0,0,0,468317,0,4711,106076,38620,72222,247436,0,314955,1143128,1222490543,3861040419,34256134,67413340,26362832,101242,4156,185,33628,3520,84,obt-collector1,,,0/RP0/CPU0,0,0,0,67652213,0,0,33628,78551,572909,323,0,0,0,12883,271919,53,34624,39,0,0,746937,18,560,0,0,0,0,0,13501,0,0,2,848170,12588,0,0,0,0,4000,0,0,0,0,152,0,0,0,0,0,0,152,0,0,0,0,8,67189361,68251368,13,0,0,0,0,37226849,272326

2020-02-06 13:28:51.237000+00:00,dr02,sg0,26774921,0,37532155,3860906171,0,0,0,468317,0,4711,106076,38620,72222,247438,0,314956,1143132,1222493792,3861043497,34256305,67413618,26362947,101242,4156,185,33628,3520,84,obt-collector1,,,0/RP0/CPU0,0,0,0,67652546,0,0,33628,78552,572913,323,0,0,0,12883,271919,53,34624,39,0,0,746940,18,560,0,0,0,0,0,13501,0,0,2,848173,12588,0,0,0,0,4000,0,0,0,0,152,0,0,0,0,0,0,152,0,0,0,0,8,67189664,68251650,13,0,0,0,0,37227011,272326

2020-02-06 13:29:12.903000+00:00,dr02,sg0,26775050,0,37532317,3860909249,0,0,0,468317,0,4711,106076,38620,72222,247438,0,314956,1143133,1222496699,3861046575,34256458,67413909,26363074,101242,4156,185,33628,3520,84,obt-collector1,,,0/RP0/CPU0,0,0,0,67652861,0,0,33628,78552,572913,323,0,0,0,12883,271921,53,34624,39,0,0,746941,18,560,0,0,0,0,0,13501,0,0,2,848174,12588,0,0,0,0,4000,0,0,0,0,152,0,0,0,0,0,0,152,0,0,0,0,8,67189936,68251942,13,0,0,0,0,37227173,272328

2020-02-06 13:29:34.661000+00:00,dr02,sg0,26775160,0,37532461,3860911985,0,0,0,468317,0,4711,106077,38621,72222,247439,0,314958,1143141,1222499473,3861049311,34256604,67414165,26363182,101242,4156,185,33629,3520,84,obt-collector1,,,0/RP0/CPU0,0,0,0,67653154,0,0,33629,78553,572918,323,0,0,0,12883,271923,53,34624,39,0,0,746947,18,560,0,0,0,0,0,13501,0,0,2,848180,12588,0,0,0,0,4000,0,0,0,0,152,0,0,0,0,0,0,152,0,0,0,0,8,67190195,68252205,13,0,0,0,0,37227317,272330

2020-02-06 13:29:56.617000+00:00,dr02,sg0,26775284,0,37532623,3860915063,0,0,0,468317,0,4711,106077,38621,72222,247441,0,314959,1143142,1222502684,3861052389,34256773,67414452,26363306,101242,4156,185,33629,3520,84,obt-collector1,,,0/RP0/CPU0,0,0,0,67653485,0,0,33629,78554,572922,323,0,0,0,12883,271923,53,34624,39,0,0,746947,18,560,0,0,0,0,0,13501,0,0,2,848180,12588,0,0,0,0,4000,0,0,0,0,152,0,0,0,0,0,0,152,0,0,0,0,8,67190491,68252493,13,0,0,0,0,37227479,272330

2020-02-06 13:30:18.296000+00:00,dr02,sg0,26775401,0,37532785,3860918141,0,0,0,468317,0,4711,106077,38621,72222,247441,0,314960,1143147,1222505629,3861055467,34256928,67414732,26363423,101242,4156,185,33629,3520,84,obt-collector1,,,0/RP0/CPU0,0,0,0,67653802,0,0,33629,78554,572922,323,0,0,0,12883,271923,54,34624,39,0,0,746951,18,560,0,0,0,0,0,13501,0,0,2,848185,12588,0,0,0,0,4000,0,0,0,0,152,0,0,0,0,0,0,152,0,0,0,0,8,67190767,68252777,13,0,0,0,0,37227641,272330

2020-02-06 13:30:40.100000+00:00,dr02,sg0,26775514,0,37532936,3860921010,0,0,0,468317,0,4711,106077,38621,72222,247442,0,314962,1143154,1222508593,3861058545,34257084,67415009,26363535,101242,4156,185,33629,3520,84,obt-collector1,,,0/RP0/CPU0,0,0,0,67654120,0,0,33629,78555,572926,323,0,0,0,12883,271924,54,34624,39,0,0,746956,18,560,0,0,0,0,0,13501,0,0,2,848190,12588,0,0,0,0,4000,0,0,0,0,152,0,0,0,0,0,0,152,0,0,0,0,8,67191042,68253060,13,0,0,0,0,37227792,272331

2020-02-06 13:31:02.631000+00:00,dr02,sg0,26775645,0,37533109,3860924297,0,0,0,468317,0,4711,106077,38621,72222,247444,0,314962,1143157,1222511747,3861061623,34257250,67415302,26363663,101242,4156,185,33629,3520,84,obt-collector1,,,0/RP0/CPU0,0,0,0,67654448,0,0,33629,78556,572929,323,0,0,0,12883,271927,54,34624,39,0,0,746959,18,560,0,0,0,0,0,13501,0,0,2,848193,12588,0,0,0,0,4000,0,0,0,0,152,0,0,0,0,0,0,152,0,0,0,0,8,67191339,68253357,13,0,0,0,0,37227965,272334

2020-02-06 13:31:24.431000+00:00,dr02,sg0,26775761,0,37533253,3860927033,0,0,0,468317,0,4711,106077,38621,72222,247445,0,314963,1143161,1222514521,3861064359,34257396,67415563,26363777,101242,4156,185,33629,3520,84,obt-collector1,,,0/RP0/CPU0,0,0,0,67654738,0,0,33629,78557,572932,323,0,0,0,12883,271929,53,34624,39,0,0,746962,18,560,0,0,0,0,0,13501,0,0,2,848196,12588,0,0,0,0,4000,0,0,0,0,152,0,0,0,0,0,0,152,0,0,0,0,8,67191598,68253622,13,0,0,0,0,37228109,272336

2020-02-06 13:31:46.096000+00:00,dr02,sg0,26775875,0,37533415,3860930111,0,0,0,468317,0,4711,106078,38622,72222,247446,0,314964,1143165,1222517504,3861067437,34257553,67415840,26363891,101242,4156,185,33630,3520,84,obt-collector1,,,0/RP0/CPU0,0,0,0,67655060,0,0,33630,78557,572935,323,0,0,0,12883,271929,53,34624,39,0,0,746965,18,560,0,0,0,0,0,13501,0,0,2,848199,12588,0,0,0,0,4000,0,0,0,0,152,0,0,0,0,0,0,152,0,0,0,0,8,67191880,68253902,13,0,0,0,0,37228271,272336

2020-02-06 13:32:07.894000+00:00,dr02,sg0,26776057,0,37533838,3861335281,0,0,0,472037,0,4715,106094,38626,72238,247447,0,314978,1143203,1222533319,3861473283,34257780,67416600,26364022,102482,4157,190,33630,3520,84,obt-collector1,,,0/RP0/CPU0,0,0,0,67655387,0,0,33630,78558,572938,323,0,0,0,12883,271935,54,34976,40,0,0,746972,18,560,0,0,0,0,0,13503,0,0,2,848217,12588,0,0,0,0,4000,0,0,0,0,152,0,0,0,0,0,0,152,0,0,0,0,8,67192601,68254670,13,0,0,0,0,37228641,272342

2020-02-06 13:32:29.627000+00:00,dr02,sg0,26776167,0,37533982,3861338017,0,0,0,472037,0,4715,106094,38626,72238,247449,0,314979,1143208,1222536093,3861476019,34257926,67416855,26364132,102482,4157,190,33630,3520,84,obt-collector1,,,0/RP0/CPU0,0,0,0,67655677,0,0,33630,78559,572942,323,0,0,0,12883,271935,53,34976,40,0,0,746976,18,560,0,0,0,0,0,13503,0,0,2,848221,12588,0,0,0,0,4000,0,0,0,0,152,0,0,0,0,0,0,152,0,0,0,0,8,67192860,68254930,13,0,0,0,0,37228785,272342

2020-02-06 13:32:51.358000+00:00,dr02,sg0,26776279,0,37534144,3861341095,0,0,0,472037,0,4715,106094,38626,72238,247449,0,314980,1143210,1222539076,3861479097,34258083,67417130,26364244,102482,4157,190,33630,3520,84,obt-collector1,,,0/RP0/CPU0,0,0,0,67655996,0,0,33630,78560,572944,323,0,0,0,12883,271935,53,34976,40,0,0,746977,18,560,0,0,0,0,0,13503,0,0,2,848222,12588,0,0,0,0,4000,0,0,0,0,152,0,0,0,0,0,0,152,0,0,0,0,8,67193144,68255207,13,0,0,0,0,37228947,272342

2020-02-06 13:33:13.098000+00:00,dr02,sg0,26776390,0,37534306,3861344173,0,0,0,472037,0,4715,106094,38626,72238,247450,0,314981,1143217,1222542211,3861482175,34258248,67417404,26364355,102482,4157,190,33630,3520,84,obt-collector1,,,0/RP0/CPU0,0,0,0,67656323,0,0,33630,78560,572946,323,0,0,0,12883,271935,53,34976,40,0,0,746983,18,560,0,0,0,0,0,13503,0,0,2,848228,12588,0,0,0,0,4000,0,0,0,0,152,0,0,0,0,0,0,152,0,0,0,0,8,67193431,68255487,13,0,0,0,0,37229109,272342

2020-02-06 13:33:34.768000+00:00,dr02,sg0,26776478,0,37534450,3861346909,0,0,0,472037,0,4715,106094,38626,72238,247452,0,314983,1143223,1222544985,3861484911,34258394,67417638,26364441,102482,4157,190,33630,3520,84,obt-collector1,,,0/RP0/CPU0,0,0,0,67656613,0,0,33630,78561,572951,323,0,0,0,12883,271937,53,34976,40,0,0,746987,18,560,0,0,0,0,0,13503,0,0,2,848232,12588,0,0,0,0,4000,0,0,0,0,152,0,0,0,0,0,0,152,0,0,0,0,8,67193688,68255726,13,0,0,0,0,37229253,272344

2020-02-06 13:33:56.524000+00:00,dr02,sg0,26776567,0,37534612,3861349987,0,0,0,472037,0,4715,106094,38626,72238,247453,0,314983,1143225,1222547968,3861487989,34258551,67417889,26364525,102482,4157,190,33630,3520,84,obt-collector1,,,0/RP0/CPU0,0,0,0,67656932,0,0,33630,78562,572953,323,0,0,0,12883,271942,53,34976,40,0,0,746989,18,560,0,0,0,0,0,13503,0,0,2,848234,12588,0,0,0,0,4000,0,0,0,0,152,0,0,0,0,0,0,152,0,0,0,0,8,67193970,68255980,13,0,0,0,0,37229415,272349

2020-02-06 13:34:18.220000+00:00,dr02,sg0,26776666,0,37534774,3861353065,0,0,0,472037,0,4715,106094,38626,72238,247454,0,314985,1143231,1222551103,3861491067,34258716,67418152,26364624,102482,4157,190,33630,3520,84,obt-collector1,,,0/RP0/CPU0,0,0,0,67657259,0,0,33630,78562,572956,323,0,0,0,12883,271942,53,34976,40,0,0,746993,18,560,0,0,0,0,0,13503,0,0,2,848238,12588,0,0,0,0,4000,0,0,0,0,152,0,0,0,0,0,0,152,0,0,0,0,8,67194253,68256247,13,0,0,0,0,37229577,272349

2020-02-06 13:34:39.917000+00:00,dr02,sg0,26776752,0,37534918,3861355801,0,0,0,472037,0,4715,106095,38627,72238,247455,0,314985,1143233,1222553953,3861493803,34258866,67418382,26364710,102482,4157,190,33631,3520,84,obt-collector1,,,0/RP0/CPU0,0,0,0,67657556,0,0,33631,78563,572959,323,0,0,0,12883,271942,53,34976,40,0,0,746995,18,560,0,0,0,0,0,13503,0,0,2,848240,12588,0,0,0,0,4000,0,0,0,0,152,0,0,0,0,0,0,152,0,0,0,0,8,67194509,68256480,13,0,0,0,0,37229721,272349

2020-02-06 13:35:03.199000+00:00,dr02,sg0,26776855,0,37535098,3861359221,0,0,0,472037,0,4715,106095,38627,72238,247456,0,314986,1143237,1222557259,3861497223,34259040,67418666,26364813,102482,4157,190,33631,3520,84,obt-collector1,,,0/RP0/CPU0,0,0,0,67657910,0,0,33631,78564,572962,323,0,0,0,12883,271942,52,34976,40,0,0,746998,18,560,0,0,0,0,0,13503,0,0,2,848243,12588,0,0,0,0,4000,0,0,0,0,152,0,0,0,0,0,0,152,0,0,0,0,8,67194818,68256768,13,0,0,0,0,37229901,272349

2020-02-06 13:35:24.939000+00:00,dr02,sg0,26776943,0,37535242,3861361957,0,0,0,472037,0,4715,106096,38628,72238,247457,0,314988,1143241,1222560109,3861499959,34259190,67418900,26364901,102482,4157,190,33632,3520,84,obt-collector1,,,0/RP0/CPU0,0,0,0,67658207,0,0,33632,78565,572965,323,0,0,0,12883,271942,54,34976,40,0,0,747000,18,560,0,0,0,0,0,13503,0,0,2,848247,12588,0,0,0,0,4000,0,0,0,0,152,0,0,0,0,0,0,152,0,0,0,0,8,67195075,68257005,13,0,0,0,0,37230045,272349

2020-02-06 13:35:46.689000+00:00,dr02,sg0,26777048,0,37535410,3861365149,0,0,0,472037,0,4715,106096,38628,72238,247458,0,314989,1143249,1222563092,3861503360,34259347,67419185,26365006,102482,4157,190,33632,3520,84,obt-collector1,,,0/RP0/CPU0,0,0,0,67658543,0,0,33632,78565,572967,323,0,0,0,12883,271942,54,34976,40,0,0,747007,18,560,0,0,0,0,0,13503,0,0,2,848254,12588,0,0,0,0,4000,0,0,0,0,152,0,0,0,0,0,0,152,0,0,0,0,8,67195344,68257297,13,0,0,0,0,37230213,272349

2020-02-06 13:36:08.436000+00:00,dr02,sg0,26777181,0,37535566,3861368113,0,0,0,472037,0,4715,106096,38628,72238,247460,0,314990,1143253,1222566151,3861506115,34259508,67419464,26365138,102482,4157,190,33632,3520,84,obt-collector1,,,0/RP0/CPU0,0,0,0,67658849,0,0,33632,78566,572971,323,0,0,0,12883,271943,54,34976,40,0,0,747010,18,560,0,0,0,0,0,13503,0,0,2,848257,12588,0,0,0,0,4000,0,0,0,0,152,0,0,0,0,0,0,152,0,0,0,0,8,67195606,68257580,13,0,0,0,0,37230369,272350

2020-02-06 13:36:30.096000+00:00,dr02,sg0,26777300,0,37535718,3861371001,0,0,0,472037,0,4715,106096,38628,72238,247461,0,314991,1143255,1222569153,3861509193,34259666,67419746,26365255,102482,4157,190,33632,3520,84,obt-collector1,,,0/RP0/CPU0,0,0,0,67659169,0,0,33632,78567,572974,323,0,0,0,12883,271945,54,34976,40,0,0,747011,18,560,0,0,0,0,0,13503,0,0,2,848258,12588,0,0,0,0,4000,0,0,0,0,152,0,0,0,0,0,0,152,0,0,0,0,8,67195877,68257864,13,0,0,0,0,37230521,272352

2020-02-06 13:36:51.791000+00:00,dr02,sg0,26777415,0,37535887,3861374212,0,0,0,472037,0,4715,106096,38628,72238,247461,0,314993,1143262,1222572136,3861512271,34259823,67420025,26365368,102482,4157,190,33632,3520,84,obt-collector1,,,0/RP0/CPU0,0,0,0,67659488,0,0,33632,78568,572977,323,0,0,0,12883,271947,54,34976,40,0,0,747016,18,560,0,0,0,0,0,13503,0,0,2,848263,12588,0,0,0,0,4000,0,0,0,0,152,0,0,0,0,0,0,152,0,0,0,0,8,67196157,68258149,13,0,0,0,0,37230690,272354

2020-02-06 13:37:13.535000+00:00,dr02,sg0,26777548,0,37536034,3861377005,0,0,0,472037,0,4715,106096,38628,72238,247463,0,314994,1143268,1222575043,3861515007,34259976,67420303,26365501,102482,4157,190,33632,3520,84,obt-collector1,,,0/RP0/CPU0,0,0,0,67659785,0,0,33632,78568,572980,323,0,0,0,12883,271947,54,34976,40,0,0,747021,18,560,0,0,0,0,0,13503,0,0,2,848268,12588,0,0,0,0,4000,0,0,0,0,152,0,0,0,0,0,0,152,0,0,0,0,8,67196421,68258432,13,0,0,0,0,37230837,272354

2020-02-06 13:37:35.201000+00:00,dr02,sg0,26777667,0,37536188,3861379931,0,0,0,472037,0,4715,106096,38628,72238,247465,0,314994,1143269,1222578064,3861518085,34260135,67420584,26365618,102482,4157,190,33632,3520,84,obt-collector1,,,0/RP0/CPU0,0,0,0,67660106,0,0,33632,78569,572983,323,0,0,0,12883,271949,53,34976,40,0,0,747022,18,560,0,0,0,0,0,13503,0,0,2,848269,12588,0,0,0,0,4000,0,0,0,0,152,0,0,0,0,0,0,152,0,0,0,0,8,67196697,68258715,13,0,0,0,0,37230991,272356

2020-02-06 13:37:56.932000+00:00,dr02,sg0,26777785,0,37536358,3861383161,0,0,0,472037,0,4715,106096,38628,72238,247465,0,314996,1143274,1222581180,3861521163,34260299,67420866,26365736,102482,4157,190,33632,3520,84,obt-collector1,,,0/RP0/CPU0,0,0,0,67660432,0,0,33632,78570,572986,323,0,0,0,12883,271949,53,34976,40,0,0,747025,18,560,0,0,0,0,0,13503,0,0,2,848272,12588,0,0,0,0,4000,0,0,0,0,152,0,0,0,0,0,0,152,0,0,0,0,8,67196991,68259001,13,0,0,0,0,37231161,272356

2020-02-06 13:38:18.669000+00:00,dr02,sg0,26777914,0,37536502,3861385897,0,0,0,472037,0,4715,106096,38628,72238,247466,0,314998,1143283,1222583935,3861523899,34260444,67421141,26365865,102482,4157,190,33632,3520,84,obt-collector1,,,0/RP0/CPU0,0,0,0,67660721,0,0,33632,78570,572989,323,0,0,0,12883,271949,52,34976,40,0,0,747032,18,560,0,0,0,0,0,13503,0,0,2,848279,12588,0,0,0,0,4000,0,0,0,0,152,0,0,0,0,0,0,152,0,0,0,0,8,67197247,68259283,13,0,0,0,0,37231305,272356

2020-02-06 13:38:40.398000+00:00,dr02,sg0,26778033,0,37536664,3861388975,0,0,0,472037,0,4715,106096,38628,72238,247467,0,314998,1143285,1222586956,3861526977,34260603,67421422,26365984,102482,4157,190,33632,3520,84,obt-collector1,,,0/RP0/CPU0,0,0,0,67661042,0,0,33632,78571,572991,323,0,0,0,12883,271949,52,34976,40,0,0,747034,18,560,0,0,0,0,0,13503,0,0,2,848281,12588,0,0,0,0,4000,0,0,0,0,152,0,0,0,0,0,0,152,0,0,0,0,8,67197532,68259567,13,0,0,0,0,37231467,272356

2020-02-06 13:39:02.140000+00:00,dr02,sg0,26778160,0,37536826,3861392053,0,0,0,472037,0,4715,106097,38629,72238,247469,0,314999,1143288,1222590072,3861530055,34260767,67421712,26366109,102482,4157,190,33633,3520,84,obt-collector1,,,0/RP0/CPU0,0,0,0,67661371,0,0,33633,78572,572995,323,0,0,0,12883,271951,53,34976,40,0,0,747036,18,560,0,0,0,0,0,13503,0,0,2,848284,12588,0,0,0,0,4000,0,0,0,0,152,0,0,0,0,0,0,152,0,0,0,0,8,67197814,68259860,13,0,0,0,0,37231629,272358

2020-02-06 13:39:23.993000+00:00,dr02,sg0,26778288,0,37536970,3861394789,0,0,0,472037,0,4715,106097,38629,72238,247470,0,315001,1143293,1222592865,3861532791,34260914,67421986,26366235,102482,4157,190,33633,3520,84,obt-collector1,,,0/RP0/CPU0,0,0,0,67661662,0,0,33633,78573,572999,323,0,0,0,12883,271953,53,34976,40,0,0,747039,18,560,0,0,0,0,0,13503,0,0,2,848287,12588,0,0,0,0,4000,0,0,0,0,152,0,0,0,0,0,0,152,0,0,0,0,8,67198068,68260138,13,0,0,0,0,37231773,272360

2020-02-06 13:39:45.696000+00:00,dr02,sg0,26778409,0,37537132,3861397867,0,0,0,472037,0,4715,106097,38629,72238,247471,0,315002,1143301,1222595848,3861535869,34261071,67422270,26366356,102482,4157,190,33633,3520,84,obt-collector1,,,0/RP0/CPU0,0,0,0,67661981,0,0,33633,78573,573001,323,0,0,0,12883,271953,53,34976,40,0,0,747046,18,560,0,0,0,0,0,13503,0,0,2,848294,12588,0,0,0,0,4000,0,0,0,0,152,0,0,0,0,0,0,152,0,0,0,0,8,67198348,68260429,13,0,0,0,0,37231935,272360

2020-02-06 13:40:07.975000+00:00,dr02,sg0,26778542,0,37537294,3861400945,0,0,0,472037,0,4715,106097,38629,72238,247473,0,315003,1143304,1222598983,3861538947,34261236,67422566,26366489,102482,4157,190,33633,3520,84,obt-collector1,,,0/RP0/CPU0,0,0,0,67662308,0,0,33633,78574,573005,323,0,0,0,12883,271953,53,34976,40,0,0,747048,18,560,0,0,0,0,0,13503,0,0,2,848296,12588,0,0,0,0,4000,0,0,0,0,152,0,0,0,0,0,0,152,0,0,0,0,8,67198631,68260728,13,0,0,0,0,37232097,272360

