,Producer,Target,brief/name,brief/name-xr,brief/node-id,brief/session-count,client-name,flags/is-recreate-state,flags/is-zombie-state,host,recreate-time

2020-02-06 13:19:45.554000+00:00,dr02,sg1,,MPLS-TE,0/RP0/CPU0,0,MPLS-TEnode0_RP0_CPU0,0,0,obt-collector1,180

2020-02-06 13:19:45.554000+00:00,dr02,sg1,,L2VPN_ATOM,0/RP0/CPU0,0,L2VPN_ATOMnode0_RP0_CPU0,0,0,obt-collector1,120

2020-02-06 13:19:45.555000+00:00,dr02,sg1,,bgp-default,0/RP0/CPU0,36,bgp-defaultnode0_RP0_CPU0,0,0,obt-collector1,60

2020-02-06 13:19:45.555000+00:00,dr02,sg1,,object_tracking,0/RP0/CPU0,0,object_trackingnode0_RP0_CPU0,0,0,obt-collector1,199

2020-02-06 13:19:45.555000+00:00,dr02,sg1,,isis-SAIN,0/RP0/CPU0,0,isis-SAINnode0_RP0_CPU0,0,0,obt-collector1,60

2020-02-06 13:19:45.555000+00:00,dr02,sg1,,ipv4_static,0/RP0/CPU0,0,ipv4_staticnode0_RP0_CPU0,0,0,obt-collector1,60

2020-02-06 13:19:45.555000+00:00,dr02,sg1,,XTC,0/RP0/CPU0,0,XTCnode0_RP0_CPU0,0,0,obt-collector1,180

2020-02-06 13:19:45.555000+00:00,dr02,sg1,,pim6,0/RP0/CPU0,0,pim6node0_RP0_CPU0,0,0,obt-collector1,199

2020-02-06 13:19:45.555000+00:00,dr02,sg1,,bundlemgr_distrib,0/RP0/CPU0,0,bundlemgr_distribnode0_RP0_CPU0,0,0,obt-collector1,60

2020-02-06 13:19:45.555000+00:00,dr02,sg1,,pim,0/RP0/CPU0,0,pimnode0_RP0_CPU0,0,0,obt-collector1,199

2020-02-06 13:20:07.284000+00:00,dr02,sg1,,bundlemgr_distrib,0/RP0/CPU0,0,bundlemgr_distribnode0_RP0_CPU0,0,0,obt-collector1,60

2020-02-06 13:20:07.284000+00:00,dr02,sg1,,isis-SAIN,0/RP0/CPU0,0,isis-SAINnode0_RP0_CPU0,0,0,obt-collector1,60

2020-02-06 13:20:07.284000+00:00,dr02,sg1,,bgp-default,0/RP0/CPU0,36,bgp-defaultnode0_RP0_CPU0,0,0,obt-collector1,60

2020-02-06 13:20:07.284000+00:00,dr02,sg1,,MPLS-TE,0/RP0/CPU0,0,MPLS-TEnode0_RP0_CPU0,0,0,obt-collector1,180

2020-02-06 13:20:07.284000+00:00,dr02,sg1,,L2VPN_ATOM,0/RP0/CPU0,0,L2VPN_ATOMnode0_RP0_CPU0,0,0,obt-collector1,120

2020-02-06 13:20:07.284000+00:00,dr02,sg1,,object_tracking,0/RP0/CPU0,0,object_trackingnode0_RP0_CPU0,0,0,obt-collector1,199

2020-02-06 13:20:07.284000+00:00,dr02,sg1,,pim6,0/RP0/CPU0,0,pim6node0_RP0_CPU0,0,0,obt-collector1,199

2020-02-06 13:20:07.284000+00:00,dr02,sg1,,ipv4_static,0/RP0/CPU0,0,ipv4_staticnode0_RP0_CPU0,0,0,obt-collector1,60

2020-02-06 13:20:07.284000+00:00,dr02,sg1,,XTC,0/RP0/CPU0,0,XTCnode0_RP0_CPU0,0,0,obt-collector1,180

2020-02-06 13:20:07.285000+00:00,dr02,sg1,,pim,0/RP0/CPU0,0,pimnode0_RP0_CPU0,0,0,obt-collector1,199

2020-02-06 13:20:29.577000+00:00,dr02,sg1,,XTC,0/RP0/CPU0,0,XTCnode0_RP0_CPU0,0,0,obt-collector1,180

2020-02-06 13:20:29.577000+00:00,dr02,sg1,,ipv4_static,0/RP0/CPU0,0,ipv4_staticnode0_RP0_CPU0,0,0,obt-collector1,60

2020-02-06 13:20:29.577000+00:00,dr02,sg1,,MPLS-TE,0/RP0/CPU0,0,MPLS-TEnode0_RP0_CPU0,0,0,obt-collector1,180

2020-02-06 13:20:29.577000+00:00,dr02,sg1,,isis-SAIN,0/RP0/CPU0,0,isis-SAINnode0_RP0_CPU0,0,0,obt-collector1,60

2020-02-06 13:20:29.577000+00:00,dr02,sg1,,bundlemgr_distrib,0/RP0/CPU0,0,bundlemgr_distribnode0_RP0_CPU0,0,0,obt-collector1,60

2020-02-06 13:20:29.577000+00:00,dr02,sg1,,bgp-default,0/RP0/CPU0,36,bgp-defaultnode0_RP0_CPU0,0,0,obt-collector1,60

2020-02-06 13:20:29.577000+00:00,dr02,sg1,,L2VPN_ATOM,0/RP0/CPU0,0,L2VPN_ATOMnode0_RP0_CPU0,0,0,obt-collector1,120

2020-02-06 13:20:29.578000+00:00,dr02,sg1,,pim,0/RP0/CPU0,0,pimnode0_RP0_CPU0,0,0,obt-collector1,199

2020-02-06 13:20:29.578000+00:00,dr02,sg1,,pim6,0/RP0/CPU0,0,pim6node0_RP0_CPU0,0,0,obt-collector1,199

2020-02-06 13:20:29.578000+00:00,dr02,sg1,,object_tracking,0/RP0/CPU0,0,object_trackingnode0_RP0_CPU0,0,0,obt-collector1,199

2020-02-06 13:20:51.294000+00:00,dr02,sg1,,pim6,0/RP0/CPU0,0,pim6node0_RP0_CPU0,0,0,obt-collector1,199

2020-02-06 13:20:51.294000+00:00,dr02,sg1,,object_tracking,0/RP0/CPU0,0,object_trackingnode0_RP0_CPU0,0,0,obt-collector1,199

2020-02-06 13:20:51.294000+00:00,dr02,sg1,,bgp-default,0/RP0/CPU0,36,bgp-defaultnode0_RP0_CPU0,0,0,obt-collector1,60

2020-02-06 13:20:51.294000+00:00,dr02,sg1,,isis-SAIN,0/RP0/CPU0,0,isis-SAINnode0_RP0_CPU0,0,0,obt-collector1,60

2020-02-06 13:20:51.294000+00:00,dr02,sg1,,ipv4_static,0/RP0/CPU0,0,ipv4_staticnode0_RP0_CPU0,0,0,obt-collector1,60

2020-02-06 13:20:51.294000+00:00,dr02,sg1,,XTC,0/RP0/CPU0,0,XTCnode0_RP0_CPU0,0,0,obt-collector1,180

2020-02-06 13:20:51.294000+00:00,dr02,sg1,,MPLS-TE,0/RP0/CPU0,0,MPLS-TEnode0_RP0_CPU0,0,0,obt-collector1,180

2020-02-06 13:20:51.294000+00:00,dr02,sg1,,pim,0/RP0/CPU0,0,pimnode0_RP0_CPU0,0,0,obt-collector1,199

2020-02-06 13:20:51.294000+00:00,dr02,sg1,,bundlemgr_distrib,0/RP0/CPU0,0,bundlemgr_distribnode0_RP0_CPU0,0,0,obt-collector1,60

2020-02-06 13:20:51.294000+00:00,dr02,sg1,,L2VPN_ATOM,0/RP0/CPU0,0,L2VPN_ATOMnode0_RP0_CPU0,0,0,obt-collector1,120

2020-02-06 13:21:13.005000+00:00,dr02,sg1,,bundlemgr_distrib,0/RP0/CPU0,0,bundlemgr_distribnode0_RP0_CPU0,0,0,obt-collector1,60

2020-02-06 13:21:13.005000+00:00,dr02,sg1,,L2VPN_ATOM,0/RP0/CPU0,0,L2VPN_ATOMnode0_RP0_CPU0,0,0,obt-collector1,120

2020-02-06 13:21:13.005000+00:00,dr02,sg1,,ipv4_static,0/RP0/CPU0,0,ipv4_staticnode0_RP0_CPU0,0,0,obt-collector1,60

2020-02-06 13:21:13.005000+00:00,dr02,sg1,,bgp-default,0/RP0/CPU0,36,bgp-defaultnode0_RP0_CPU0,0,0,obt-collector1,60

2020-02-06 13:21:13.005000+00:00,dr02,sg1,,object_tracking,0/RP0/CPU0,0,object_trackingnode0_RP0_CPU0,0,0,obt-collector1,199

2020-02-06 13:21:13.005000+00:00,dr02,sg1,,isis-SAIN,0/RP0/CPU0,0,isis-SAINnode0_RP0_CPU0,0,0,obt-collector1,60

2020-02-06 13:21:13.005000+00:00,dr02,sg1,,XTC,0/RP0/CPU0,0,XTCnode0_RP0_CPU0,0,0,obt-collector1,180

2020-02-06 13:21:13.005000+00:00,dr02,sg1,,MPLS-TE,0/RP0/CPU0,0,MPLS-TEnode0_RP0_CPU0,0,0,obt-collector1,180

2020-02-06 13:21:13.006000+00:00,dr02,sg1,,pim6,0/RP0/CPU0,0,pim6node0_RP0_CPU0,0,0,obt-collector1,199

2020-02-06 13:21:13.006000+00:00,dr02,sg1,,pim,0/RP0/CPU0,0,pimnode0_RP0_CPU0,0,0,obt-collector1,199

2020-02-06 13:21:34.645000+00:00,dr02,sg1,,XTC,0/RP0/CPU0,0,XTCnode0_RP0_CPU0,0,0,obt-collector1,180

2020-02-06 13:21:34.645000+00:00,dr02,sg1,,L2VPN_ATOM,0/RP0/CPU0,0,L2VPN_ATOMnode0_RP0_CPU0,0,0,obt-collector1,120

2020-02-06 13:21:34.645000+00:00,dr02,sg1,,bgp-default,0/RP0/CPU0,36,bgp-defaultnode0_RP0_CPU0,0,0,obt-collector1,60

2020-02-06 13:21:34.645000+00:00,dr02,sg1,,MPLS-TE,0/RP0/CPU0,0,MPLS-TEnode0_RP0_CPU0,0,0,obt-collector1,180

2020-02-06 13:21:34.646000+00:00,dr02,sg1,,pim6,0/RP0/CPU0,0,pim6node0_RP0_CPU0,0,0,obt-collector1,199

2020-02-06 13:21:34.646000+00:00,dr02,sg1,,ipv4_static,0/RP0/CPU0,0,ipv4_staticnode0_RP0_CPU0,0,0,obt-collector1,60

2020-02-06 13:21:34.646000+00:00,dr02,sg1,,bundlemgr_distrib,0/RP0/CPU0,0,bundlemgr_distribnode0_RP0_CPU0,0,0,obt-collector1,60

2020-02-06 13:21:34.646000+00:00,dr02,sg1,,pim,0/RP0/CPU0,0,pimnode0_RP0_CPU0,0,0,obt-collector1,199

2020-02-06 13:21:34.646000+00:00,dr02,sg1,,isis-SAIN,0/RP0/CPU0,0,isis-SAINnode0_RP0_CPU0,0,0,obt-collector1,60

2020-02-06 13:21:34.646000+00:00,dr02,sg1,,object_tracking,0/RP0/CPU0,0,object_trackingnode0_RP0_CPU0,0,0,obt-collector1,199

2020-02-06 13:21:56.578000+00:00,dr02,sg1,,isis-SAIN,0/RP0/CPU0,0,isis-SAINnode0_RP0_CPU0,0,0,obt-collector1,60

2020-02-06 13:21:56.578000+00:00,dr02,sg1,,object_tracking,0/RP0/CPU0,0,object_trackingnode0_RP0_CPU0,0,0,obt-collector1,199

2020-02-06 13:21:56.578000+00:00,dr02,sg1,,ipv4_static,0/RP0/CPU0,0,ipv4_staticnode0_RP0_CPU0,0,0,obt-collector1,60

2020-02-06 13:21:56.578000+00:00,dr02,sg1,,MPLS-TE,0/RP0/CPU0,0,MPLS-TEnode0_RP0_CPU0,0,0,obt-collector1,180

2020-02-06 13:21:56.578000+00:00,dr02,sg1,,XTC,0/RP0/CPU0,0,XTCnode0_RP0_CPU0,0,0,obt-collector1,180

2020-02-06 13:21:56.578000+00:00,dr02,sg1,,bgp-default,0/RP0/CPU0,36,bgp-defaultnode0_RP0_CPU0,0,0,obt-collector1,60

2020-02-06 13:21:56.578000+00:00,dr02,sg1,,pim6,0/RP0/CPU0,0,pim6node0_RP0_CPU0,0,0,obt-collector1,199

2020-02-06 13:21:56.578000+00:00,dr02,sg1,,L2VPN_ATOM,0/RP0/CPU0,0,L2VPN_ATOMnode0_RP0_CPU0,0,0,obt-collector1,120

2020-02-06 13:21:56.578000+00:00,dr02,sg1,,bundlemgr_distrib,0/RP0/CPU0,0,bundlemgr_distribnode0_RP0_CPU0,0,0,obt-collector1,60

2020-02-06 13:21:56.579000+00:00,dr02,sg1,,pim,0/RP0/CPU0,0,pimnode0_RP0_CPU0,0,0,obt-collector1,199

2020-02-06 13:22:18.277000+00:00,dr02,sg1,,bundlemgr_distrib,0/RP0/CPU0,0,bundlemgr_distribnode0_RP0_CPU0,0,0,obt-collector1,60

2020-02-06 13:22:18.277000+00:00,dr02,sg1,,XTC,0/RP0/CPU0,0,XTCnode0_RP0_CPU0,0,0,obt-collector1,180

2020-02-06 13:22:18.277000+00:00,dr02,sg1,,MPLS-TE,0/RP0/CPU0,0,MPLS-TEnode0_RP0_CPU0,0,0,obt-collector1,180

2020-02-06 13:22:18.277000+00:00,dr02,sg1,,L2VPN_ATOM,0/RP0/CPU0,0,L2VPN_ATOMnode0_RP0_CPU0,0,0,obt-collector1,120

2020-02-06 13:22:18.277000+00:00,dr02,sg1,,bgp-default,0/RP0/CPU0,36,bgp-defaultnode0_RP0_CPU0,0,0,obt-collector1,60

2020-02-06 13:22:18.278000+00:00,dr02,sg1,,ipv4_static,0/RP0/CPU0,0,ipv4_staticnode0_RP0_CPU0,0,0,obt-collector1,60

2020-02-06 13:22:18.278000+00:00,dr02,sg1,,isis-SAIN,0/RP0/CPU0,0,isis-SAINnode0_RP0_CPU0,0,0,obt-collector1,60

2020-02-06 13:22:18.278000+00:00,dr02,sg1,,object_tracking,0/RP0/CPU0,0,object_trackingnode0_RP0_CPU0,0,0,obt-collector1,199

2020-02-06 13:22:18.278000+00:00,dr02,sg1,,pim,0/RP0/CPU0,0,pimnode0_RP0_CPU0,0,0,obt-collector1,199

2020-02-06 13:22:18.278000+00:00,dr02,sg1,,pim6,0/RP0/CPU0,0,pim6node0_RP0_CPU0,0,0,obt-collector1,199

2020-02-06 13:22:40.018000+00:00,dr02,sg1,,bgp-default,0/RP0/CPU0,36,bgp-defaultnode0_RP0_CPU0,0,0,obt-collector1,60

2020-02-06 13:22:40.018000+00:00,dr02,sg1,,L2VPN_ATOM,0/RP0/CPU0,0,L2VPN_ATOMnode0_RP0_CPU0,0,0,obt-collector1,120

2020-02-06 13:22:40.018000+00:00,dr02,sg1,,MPLS-TE,0/RP0/CPU0,0,MPLS-TEnode0_RP0_CPU0,0,0,obt-collector1,180

2020-02-06 13:22:40.018000+00:00,dr02,sg1,,XTC,0/RP0/CPU0,0,XTCnode0_RP0_CPU0,0,0,obt-collector1,180

2020-02-06 13:22:40.019000+00:00,dr02,sg1,,pim6,0/RP0/CPU0,0,pim6node0_RP0_CPU0,0,0,obt-collector1,199

2020-02-06 13:22:40.019000+00:00,dr02,sg1,,pim,0/RP0/CPU0,0,pimnode0_RP0_CPU0,0,0,obt-collector1,199

2020-02-06 13:22:40.019000+00:00,dr02,sg1,,bundlemgr_distrib,0/RP0/CPU0,0,bundlemgr_distribnode0_RP0_CPU0,0,0,obt-collector1,60

2020-02-06 13:22:40.019000+00:00,dr02,sg1,,isis-SAIN,0/RP0/CPU0,0,isis-SAINnode0_RP0_CPU0,0,0,obt-collector1,60

2020-02-06 13:22:40.019000+00:00,dr02,sg1,,ipv4_static,0/RP0/CPU0,0,ipv4_staticnode0_RP0_CPU0,0,0,obt-collector1,60

2020-02-06 13:22:40.019000+00:00,dr02,sg1,,object_tracking,0/RP0/CPU0,0,object_trackingnode0_RP0_CPU0,0,0,obt-collector1,199

2020-02-06 13:23:01.749000+00:00,dr02,sg1,,MPLS-TE,0/RP0/CPU0,0,MPLS-TEnode0_RP0_CPU0,0,0,obt-collector1,180

2020-02-06 13:23:01.749000+00:00,dr02,sg1,,XTC,0/RP0/CPU0,0,XTCnode0_RP0_CPU0,0,0,obt-collector1,180

2020-02-06 13:23:01.749000+00:00,dr02,sg1,,L2VPN_ATOM,0/RP0/CPU0,0,L2VPN_ATOMnode0_RP0_CPU0,0,0,obt-collector1,120

2020-02-06 13:23:01.750000+00:00,dr02,sg1,,object_tracking,0/RP0/CPU0,0,object_trackingnode0_RP0_CPU0,0,0,obt-collector1,199

2020-02-06 13:23:01.750000+00:00,dr02,sg1,,ipv4_static,0/RP0/CPU0,0,ipv4_staticnode0_RP0_CPU0,0,0,obt-collector1,60

2020-02-06 13:23:01.750000+00:00,dr02,sg1,,pim6,0/RP0/CPU0,0,pim6node0_RP0_CPU0,0,0,obt-collector1,199

2020-02-06 13:23:01.750000+00:00,dr02,sg1,,bundlemgr_distrib,0/RP0/CPU0,0,bundlemgr_distribnode0_RP0_CPU0,0,0,obt-collector1,60

2020-02-06 13:23:01.750000+00:00,dr02,sg1,,pim,0/RP0/CPU0,0,pimnode0_RP0_CPU0,0,0,obt-collector1,199

2020-02-06 13:23:01.750000+00:00,dr02,sg1,,isis-SAIN,0/RP0/CPU0,0,isis-SAINnode0_RP0_CPU0,0,0,obt-collector1,60

2020-02-06 13:23:01.750000+00:00,dr02,sg1,,bgp-default,0/RP0/CPU0,36,bgp-defaultnode0_RP0_CPU0,0,0,obt-collector1,60

2020-02-06 13:23:23.450000+00:00,dr02,sg1,,XTC,0/RP0/CPU0,0,XTCnode0_RP0_CPU0,0,0,obt-collector1,180

2020-02-06 13:23:23.450000+00:00,dr02,sg1,,L2VPN_ATOM,0/RP0/CPU0,0,L2VPN_ATOMnode0_RP0_CPU0,0,0,obt-collector1,120

2020-02-06 13:23:23.450000+00:00,dr02,sg1,,bgp-default,0/RP0/CPU0,36,bgp-defaultnode0_RP0_CPU0,0,0,obt-collector1,60

2020-02-06 13:23:23.450000+00:00,dr02,sg1,,MPLS-TE,0/RP0/CPU0,0,MPLS-TEnode0_RP0_CPU0,0,0,obt-collector1,180

2020-02-06 13:23:23.451000+00:00,dr02,sg1,,isis-SAIN,0/RP0/CPU0,0,isis-SAINnode0_RP0_CPU0,0,0,obt-collector1,60

2020-02-06 13:23:23.451000+00:00,dr02,sg1,,object_tracking,0/RP0/CPU0,0,object_trackingnode0_RP0_CPU0,0,0,obt-collector1,199

2020-02-06 13:23:23.451000+00:00,dr02,sg1,,pim6,0/RP0/CPU0,0,pim6node0_RP0_CPU0,0,0,obt-collector1,199

2020-02-06 13:23:23.451000+00:00,dr02,sg1,,ipv4_static,0/RP0/CPU0,0,ipv4_staticnode0_RP0_CPU0,0,0,obt-collector1,60

2020-02-06 13:23:23.451000+00:00,dr02,sg1,,pim,0/RP0/CPU0,0,pimnode0_RP0_CPU0,0,0,obt-collector1,199

2020-02-06 13:23:23.451000+00:00,dr02,sg1,,bundlemgr_distrib,0/RP0/CPU0,0,bundlemgr_distribnode0_RP0_CPU0,0,0,obt-collector1,60

2020-02-06 13:23:45.253000+00:00,dr02,sg1,,MPLS-TE,0/RP0/CPU0,0,MPLS-TEnode0_RP0_CPU0,0,0,obt-collector1,180

2020-02-06 13:23:45.253000+00:00,dr02,sg1,,XTC,0/RP0/CPU0,0,XTCnode0_RP0_CPU0,0,0,obt-collector1,180

2020-02-06 13:23:45.253000+00:00,dr02,sg1,,L2VPN_ATOM,0/RP0/CPU0,0,L2VPN_ATOMnode0_RP0_CPU0,0,0,obt-collector1,120

2020-02-06 13:23:45.254000+00:00,dr02,sg1,,bundlemgr_distrib,0/RP0/CPU0,0,bundlemgr_distribnode0_RP0_CPU0,0,0,obt-collector1,60

2020-02-06 13:23:45.254000+00:00,dr02,sg1,,pim,0/RP0/CPU0,0,pimnode0_RP0_CPU0,0,0,obt-collector1,199

2020-02-06 13:23:45.254000+00:00,dr02,sg1,,object_tracking,0/RP0/CPU0,0,object_trackingnode0_RP0_CPU0,0,0,obt-collector1,199

2020-02-06 13:23:45.254000+00:00,dr02,sg1,,bgp-default,0/RP0/CPU0,36,bgp-defaultnode0_RP0_CPU0,0,0,obt-collector1,60

2020-02-06 13:23:45.254000+00:00,dr02,sg1,,isis-SAIN,0/RP0/CPU0,0,isis-SAINnode0_RP0_CPU0,0,0,obt-collector1,60

2020-02-06 13:23:45.254000+00:00,dr02,sg1,,ipv4_static,0/RP0/CPU0,0,ipv4_staticnode0_RP0_CPU0,0,0,obt-collector1,60

2020-02-06 13:23:45.254000+00:00,dr02,sg1,,pim6,0/RP0/CPU0,0,pim6node0_RP0_CPU0,0,0,obt-collector1,199

2020-02-06 13:24:06.952000+00:00,dr02,sg1,,L2VPN_ATOM,0/RP0/CPU0,0,L2VPN_ATOMnode0_RP0_CPU0,0,0,obt-collector1,120

2020-02-06 13:24:06.953000+00:00,dr02,sg1,,pim6,0/RP0/CPU0,0,pim6node0_RP0_CPU0,0,0,obt-collector1,199

2020-02-06 13:24:06.953000+00:00,dr02,sg1,,ipv4_static,0/RP0/CPU0,0,ipv4_staticnode0_RP0_CPU0,0,0,obt-collector1,60

2020-02-06 13:24:06.953000+00:00,dr02,sg1,,object_tracking,0/RP0/CPU0,0,object_trackingnode0_RP0_CPU0,0,0,obt-collector1,199

2020-02-06 13:24:06.953000+00:00,dr02,sg1,,XTC,0/RP0/CPU0,0,XTCnode0_RP0_CPU0,0,0,obt-collector1,180

2020-02-06 13:24:06.953000+00:00,dr02,sg1,,bundlemgr_distrib,0/RP0/CPU0,0,bundlemgr_distribnode0_RP0_CPU0,0,0,obt-collector1,60

2020-02-06 13:24:06.953000+00:00,dr02,sg1,,pim,0/RP0/CPU0,0,pimnode0_RP0_CPU0,0,0,obt-collector1,199

2020-02-06 13:24:06.953000+00:00,dr02,sg1,,isis-SAIN,0/RP0/CPU0,0,isis-SAINnode0_RP0_CPU0,0,0,obt-collector1,60

2020-02-06 13:24:06.953000+00:00,dr02,sg1,,MPLS-TE,0/RP0/CPU0,0,MPLS-TEnode0_RP0_CPU0,0,0,obt-collector1,180

2020-02-06 13:24:06.953000+00:00,dr02,sg1,,bgp-default,0/RP0/CPU0,36,bgp-defaultnode0_RP0_CPU0,0,0,obt-collector1,60

2020-02-06 13:24:28.681000+00:00,dr02,sg1,,L2VPN_ATOM,0/RP0/CPU0,0,L2VPN_ATOMnode0_RP0_CPU0,0,0,obt-collector1,120

2020-02-06 13:24:28.682000+00:00,dr02,sg1,,bgp-default,0/RP0/CPU0,36,bgp-defaultnode0_RP0_CPU0,0,0,obt-collector1,60

2020-02-06 13:24:28.682000+00:00,dr02,sg1,,MPLS-TE,0/RP0/CPU0,0,MPLS-TEnode0_RP0_CPU0,0,0,obt-collector1,180

2020-02-06 13:24:28.682000+00:00,dr02,sg1,,XTC,0/RP0/CPU0,0,XTCnode0_RP0_CPU0,0,0,obt-collector1,180

2020-02-06 13:24:28.682000+00:00,dr02,sg1,,ipv4_static,0/RP0/CPU0,0,ipv4_staticnode0_RP0_CPU0,0,0,obt-collector1,60

2020-02-06 13:24:28.682000+00:00,dr02,sg1,,pim6,0/RP0/CPU0,0,pim6node0_RP0_CPU0,0,0,obt-collector1,199

2020-02-06 13:24:28.682000+00:00,dr02,sg1,,object_tracking,0/RP0/CPU0,0,object_trackingnode0_RP0_CPU0,0,0,obt-collector1,199

2020-02-06 13:24:28.682000+00:00,dr02,sg1,,isis-SAIN,0/RP0/CPU0,0,isis-SAINnode0_RP0_CPU0,0,0,obt-collector1,60

2020-02-06 13:24:28.682000+00:00,dr02,sg1,,bundlemgr_distrib,0/RP0/CPU0,0,bundlemgr_distribnode0_RP0_CPU0,0,0,obt-collector1,60

2020-02-06 13:24:28.682000+00:00,dr02,sg1,,pim,0/RP0/CPU0,0,pimnode0_RP0_CPU0,0,0,obt-collector1,199

2020-02-06 13:24:50.451000+00:00,dr02,sg1,,bundlemgr_distrib,0/RP0/CPU0,0,bundlemgr_distribnode0_RP0_CPU0,0,0,obt-collector1,60

2020-02-06 13:24:50.451000+00:00,dr02,sg1,,MPLS-TE,0/RP0/CPU0,0,MPLS-TEnode0_RP0_CPU0,0,0,obt-collector1,180

2020-02-06 13:24:50.451000+00:00,dr02,sg1,,L2VPN_ATOM,0/RP0/CPU0,0,L2VPN_ATOMnode0_RP0_CPU0,0,0,obt-collector1,120

2020-02-06 13:24:50.451000+00:00,dr02,sg1,,bgp-default,0/RP0/CPU0,36,bgp-defaultnode0_RP0_CPU0,0,0,obt-collector1,60

2020-02-06 13:24:50.451000+00:00,dr02,sg1,,XTC,0/RP0/CPU0,0,XTCnode0_RP0_CPU0,0,0,obt-collector1,180

2020-02-06 13:24:50.452000+00:00,dr02,sg1,,ipv4_static,0/RP0/CPU0,0,ipv4_staticnode0_RP0_CPU0,0,0,obt-collector1,60

2020-02-06 13:24:50.452000+00:00,dr02,sg1,,pim,0/RP0/CPU0,0,pimnode0_RP0_CPU0,0,0,obt-collector1,199

2020-02-06 13:24:50.452000+00:00,dr02,sg1,,isis-SAIN,0/RP0/CPU0,0,isis-SAINnode0_RP0_CPU0,0,0,obt-collector1,60

2020-02-06 13:24:50.452000+00:00,dr02,sg1,,pim6,0/RP0/CPU0,0,pim6node0_RP0_CPU0,0,0,obt-collector1,199

2020-02-06 13:24:50.452000+00:00,dr02,sg1,,object_tracking,0/RP0/CPU0,0,object_trackingnode0_RP0_CPU0,0,0,obt-collector1,199

2020-02-06 13:25:12.135000+00:00,dr02,sg1,,L2VPN_ATOM,0/RP0/CPU0,0,L2VPN_ATOMnode0_RP0_CPU0,0,0,obt-collector1,120

2020-02-06 13:25:12.135000+00:00,dr02,sg1,,MPLS-TE,0/RP0/CPU0,0,MPLS-TEnode0_RP0_CPU0,0,0,obt-collector1,180

2020-02-06 13:25:12.136000+00:00,dr02,sg1,,object_tracking,0/RP0/CPU0,0,object_trackingnode0_RP0_CPU0,0,0,obt-collector1,199

2020-02-06 13:25:12.136000+00:00,dr02,sg1,,XTC,0/RP0/CPU0,0,XTCnode0_RP0_CPU0,0,0,obt-collector1,180

2020-02-06 13:25:12.136000+00:00,dr02,sg1,,bundlemgr_distrib,0/RP0/CPU0,0,bundlemgr_distribnode0_RP0_CPU0,0,0,obt-collector1,60

2020-02-06 13:25:12.136000+00:00,dr02,sg1,,bgp-default,0/RP0/CPU0,36,bgp-defaultnode0_RP0_CPU0,0,0,obt-collector1,60

2020-02-06 13:25:12.136000+00:00,dr02,sg1,,pim6,0/RP0/CPU0,0,pim6node0_RP0_CPU0,0,0,obt-collector1,199

2020-02-06 13:25:12.136000+00:00,dr02,sg1,,isis-SAIN,0/RP0/CPU0,0,isis-SAINnode0_RP0_CPU0,0,0,obt-collector1,60

2020-02-06 13:25:12.136000+00:00,dr02,sg1,,ipv4_static,0/RP0/CPU0,0,ipv4_staticnode0_RP0_CPU0,0,0,obt-collector1,60

2020-02-06 13:25:12.136000+00:00,dr02,sg1,,pim,0/RP0/CPU0,0,pimnode0_RP0_CPU0,0,0,obt-collector1,199

2020-02-06 13:25:33.892000+00:00,dr02,sg1,,ipv4_static,0/RP0/CPU0,0,ipv4_staticnode0_RP0_CPU0,0,0,obt-collector1,60

2020-02-06 13:25:33.892000+00:00,dr02,sg1,,bundlemgr_distrib,0/RP0/CPU0,0,bundlemgr_distribnode0_RP0_CPU0,0,0,obt-collector1,60

2020-02-06 13:25:33.892000+00:00,dr02,sg1,,L2VPN_ATOM,0/RP0/CPU0,0,L2VPN_ATOMnode0_RP0_CPU0,0,0,obt-collector1,120

2020-02-06 13:25:33.892000+00:00,dr02,sg1,,MPLS-TE,0/RP0/CPU0,0,MPLS-TEnode0_RP0_CPU0,0,0,obt-collector1,180

2020-02-06 13:25:33.892000+00:00,dr02,sg1,,XTC,0/RP0/CPU0,0,XTCnode0_RP0_CPU0,0,0,obt-collector1,180

2020-02-06 13:25:33.892000+00:00,dr02,sg1,,bgp-default,0/RP0/CPU0,36,bgp-defaultnode0_RP0_CPU0,0,0,obt-collector1,60

2020-02-06 13:25:33.893000+00:00,dr02,sg1,,object_tracking,0/RP0/CPU0,0,object_trackingnode0_RP0_CPU0,0,0,obt-collector1,199

2020-02-06 13:25:33.893000+00:00,dr02,sg1,,pim,0/RP0/CPU0,0,pimnode0_RP0_CPU0,0,0,obt-collector1,199

2020-02-06 13:25:33.893000+00:00,dr02,sg1,,isis-SAIN,0/RP0/CPU0,0,isis-SAINnode0_RP0_CPU0,0,0,obt-collector1,60

2020-02-06 13:25:33.893000+00:00,dr02,sg1,,pim6,0/RP0/CPU0,0,pim6node0_RP0_CPU0,0,0,obt-collector1,199

2020-02-06 13:25:55.680000+00:00,dr02,sg1,,bgp-default,0/RP0/CPU0,36,bgp-defaultnode0_RP0_CPU0,0,0,obt-collector1,60

2020-02-06 13:25:55.680000+00:00,dr02,sg1,,XTC,0/RP0/CPU0,0,XTCnode0_RP0_CPU0,0,0,obt-collector1,180

2020-02-06 13:25:55.680000+00:00,dr02,sg1,,L2VPN_ATOM,0/RP0/CPU0,0,L2VPN_ATOMnode0_RP0_CPU0,0,0,obt-collector1,120

2020-02-06 13:25:55.680000+00:00,dr02,sg1,,bundlemgr_distrib,0/RP0/CPU0,0,bundlemgr_distribnode0_RP0_CPU0,0,0,obt-collector1,60

2020-02-06 13:25:55.680000+00:00,dr02,sg1,,MPLS-TE,0/RP0/CPU0,0,MPLS-TEnode0_RP0_CPU0,0,0,obt-collector1,180

2020-02-06 13:25:55.681000+00:00,dr02,sg1,,pim6,0/RP0/CPU0,0,pim6node0_RP0_CPU0,0,0,obt-collector1,199

2020-02-06 13:25:55.681000+00:00,dr02,sg1,,ipv4_static,0/RP0/CPU0,0,ipv4_staticnode0_RP0_CPU0,0,0,obt-collector1,60

2020-02-06 13:25:55.681000+00:00,dr02,sg1,,isis-SAIN,0/RP0/CPU0,0,isis-SAINnode0_RP0_CPU0,0,0,obt-collector1,60

2020-02-06 13:25:55.681000+00:00,dr02,sg1,,pim,0/RP0/CPU0,0,pimnode0_RP0_CPU0,0,0,obt-collector1,199

2020-02-06 13:25:55.681000+00:00,dr02,sg1,,object_tracking,0/RP0/CPU0,0,object_trackingnode0_RP0_CPU0,0,0,obt-collector1,199

2020-02-06 13:26:17.368000+00:00,dr02,sg1,,MPLS-TE,0/RP0/CPU0,0,MPLS-TEnode0_RP0_CPU0,0,0,obt-collector1,180

2020-02-06 13:26:17.368000+00:00,dr02,sg1,,object_tracking,0/RP0/CPU0,0,object_trackingnode0_RP0_CPU0,0,0,obt-collector1,199

2020-02-06 13:26:17.368000+00:00,dr02,sg1,,XTC,0/RP0/CPU0,0,XTCnode0_RP0_CPU0,0,0,obt-collector1,180

2020-02-06 13:26:17.368000+00:00,dr02,sg1,,bundlemgr_distrib,0/RP0/CPU0,0,bundlemgr_distribnode0_RP0_CPU0,0,0,obt-collector1,60

2020-02-06 13:26:17.368000+00:00,dr02,sg1,,bgp-default,0/RP0/CPU0,36,bgp-defaultnode0_RP0_CPU0,0,0,obt-collector1,60

2020-02-06 13:26:17.368000+00:00,dr02,sg1,,isis-SAIN,0/RP0/CPU0,0,isis-SAINnode0_RP0_CPU0,0,0,obt-collector1,60

2020-02-06 13:26:17.368000+00:00,dr02,sg1,,L2VPN_ATOM,0/RP0/CPU0,0,L2VPN_ATOMnode0_RP0_CPU0,0,0,obt-collector1,120

2020-02-06 13:26:17.368000+00:00,dr02,sg1,,ipv4_static,0/RP0/CPU0,0,ipv4_staticnode0_RP0_CPU0,0,0,obt-collector1,60

2020-02-06 13:26:17.369000+00:00,dr02,sg1,,pim6,0/RP0/CPU0,0,pim6node0_RP0_CPU0,0,0,obt-collector1,199

2020-02-06 13:26:17.369000+00:00,dr02,sg1,,pim,0/RP0/CPU0,0,pimnode0_RP0_CPU0,0,0,obt-collector1,199

2020-02-06 13:26:39.091000+00:00,dr02,sg1,,ipv4_static,0/RP0/CPU0,0,ipv4_staticnode0_RP0_CPU0,0,0,obt-collector1,60

2020-02-06 13:26:39.091000+00:00,dr02,sg1,,L2VPN_ATOM,0/RP0/CPU0,0,L2VPN_ATOMnode0_RP0_CPU0,0,0,obt-collector1,120

2020-02-06 13:26:39.091000+00:00,dr02,sg1,,MPLS-TE,0/RP0/CPU0,0,MPLS-TEnode0_RP0_CPU0,0,0,obt-collector1,180

2020-02-06 13:26:39.091000+00:00,dr02,sg1,,XTC,0/RP0/CPU0,0,XTCnode0_RP0_CPU0,0,0,obt-collector1,180

2020-02-06 13:26:39.091000+00:00,dr02,sg1,,bundlemgr_distrib,0/RP0/CPU0,0,bundlemgr_distribnode0_RP0_CPU0,0,0,obt-collector1,60

2020-02-06 13:26:39.091000+00:00,dr02,sg1,,bgp-default,0/RP0/CPU0,36,bgp-defaultnode0_RP0_CPU0,0,0,obt-collector1,60

2020-02-06 13:26:39.092000+00:00,dr02,sg1,,pim,0/RP0/CPU0,0,pimnode0_RP0_CPU0,0,0,obt-collector1,199

2020-02-06 13:26:39.092000+00:00,dr02,sg1,,pim6,0/RP0/CPU0,0,pim6node0_RP0_CPU0,0,0,obt-collector1,199

2020-02-06 13:26:39.092000+00:00,dr02,sg1,,object_tracking,0/RP0/CPU0,0,object_trackingnode0_RP0_CPU0,0,0,obt-collector1,199

2020-02-06 13:26:39.092000+00:00,dr02,sg1,,isis-SAIN,0/RP0/CPU0,0,isis-SAINnode0_RP0_CPU0,0,0,obt-collector1,60

2020-02-06 13:27:00.855000+00:00,dr02,sg1,,bgp-default,0/RP0/CPU0,36,bgp-defaultnode0_RP0_CPU0,0,0,obt-collector1,60

2020-02-06 13:27:00.855000+00:00,dr02,sg1,,L2VPN_ATOM,0/RP0/CPU0,0,L2VPN_ATOMnode0_RP0_CPU0,0,0,obt-collector1,120

2020-02-06 13:27:00.855000+00:00,dr02,sg1,,XTC,0/RP0/CPU0,0,XTCnode0_RP0_CPU0,0,0,obt-collector1,180

2020-02-06 13:27:00.855000+00:00,dr02,sg1,,MPLS-TE,0/RP0/CPU0,0,MPLS-TEnode0_RP0_CPU0,0,0,obt-collector1,180

2020-02-06 13:27:00.856000+00:00,dr02,sg1,,isis-SAIN,0/RP0/CPU0,0,isis-SAINnode0_RP0_CPU0,0,0,obt-collector1,60

2020-02-06 13:27:00.856000+00:00,dr02,sg1,,pim,0/RP0/CPU0,0,pimnode0_RP0_CPU0,0,0,obt-collector1,199

2020-02-06 13:27:00.856000+00:00,dr02,sg1,,ipv4_static,0/RP0/CPU0,0,ipv4_staticnode0_RP0_CPU0,0,0,obt-collector1,60

2020-02-06 13:27:00.856000+00:00,dr02,sg1,,bundlemgr_distrib,0/RP0/CPU0,0,bundlemgr_distribnode0_RP0_CPU0,0,0,obt-collector1,60

2020-02-06 13:27:00.856000+00:00,dr02,sg1,,object_tracking,0/RP0/CPU0,0,object_trackingnode0_RP0_CPU0,0,0,obt-collector1,199

2020-02-06 13:27:00.856000+00:00,dr02,sg1,,pim6,0/RP0/CPU0,0,pim6node0_RP0_CPU0,0,0,obt-collector1,199

2020-02-06 13:27:22.570000+00:00,dr02,sg1,,isis-SAIN,0/RP0/CPU0,0,isis-SAINnode0_RP0_CPU0,0,0,obt-collector1,60

2020-02-06 13:27:22.570000+00:00,dr02,sg1,,XTC,0/RP0/CPU0,0,XTCnode0_RP0_CPU0,0,0,obt-collector1,180

2020-02-06 13:27:22.570000+00:00,dr02,sg1,,MPLS-TE,0/RP0/CPU0,0,MPLS-TEnode0_RP0_CPU0,0,0,obt-collector1,180

2020-02-06 13:27:22.570000+00:00,dr02,sg1,,ipv4_static,0/RP0/CPU0,0,ipv4_staticnode0_RP0_CPU0,0,0,obt-collector1,60

2020-02-06 13:27:22.570000+00:00,dr02,sg1,,bundlemgr_distrib,0/RP0/CPU0,0,bundlemgr_distribnode0_RP0_CPU0,0,0,obt-collector1,60

2020-02-06 13:27:22.570000+00:00,dr02,sg1,,L2VPN_ATOM,0/RP0/CPU0,0,L2VPN_ATOMnode0_RP0_CPU0,0,0,obt-collector1,120

2020-02-06 13:27:22.570000+00:00,dr02,sg1,,bgp-default,0/RP0/CPU0,36,bgp-defaultnode0_RP0_CPU0,0,0,obt-collector1,60

2020-02-06 13:27:22.571000+00:00,dr02,sg1,,pim6,0/RP0/CPU0,0,pim6node0_RP0_CPU0,0,0,obt-collector1,199

2020-02-06 13:27:22.571000+00:00,dr02,sg1,,pim,0/RP0/CPU0,0,pimnode0_RP0_CPU0,0,0,obt-collector1,199

2020-02-06 13:27:22.571000+00:00,dr02,sg1,,object_tracking,0/RP0/CPU0,0,object_trackingnode0_RP0_CPU0,0,0,obt-collector1,199

2020-02-06 13:27:44.273000+00:00,dr02,sg1,,L2VPN_ATOM,0/RP0/CPU0,0,L2VPN_ATOMnode0_RP0_CPU0,0,0,obt-collector1,120

2020-02-06 13:27:44.273000+00:00,dr02,sg1,,MPLS-TE,0/RP0/CPU0,0,MPLS-TEnode0_RP0_CPU0,0,0,obt-collector1,180

2020-02-06 13:27:44.274000+00:00,dr02,sg1,,object_tracking,0/RP0/CPU0,0,object_trackingnode0_RP0_CPU0,0,0,obt-collector1,199

2020-02-06 13:27:44.274000+00:00,dr02,sg1,,pim6,0/RP0/CPU0,0,pim6node0_RP0_CPU0,0,0,obt-collector1,199

2020-02-06 13:27:44.274000+00:00,dr02,sg1,,XTC,0/RP0/CPU0,0,XTCnode0_RP0_CPU0,0,0,obt-collector1,180

2020-02-06 13:27:44.274000+00:00,dr02,sg1,,bgp-default,0/RP0/CPU0,36,bgp-defaultnode0_RP0_CPU0,0,0,obt-collector1,60

2020-02-06 13:27:44.274000+00:00,dr02,sg1,,pim,0/RP0/CPU0,0,pimnode0_RP0_CPU0,0,0,obt-collector1,199

2020-02-06 13:27:44.274000+00:00,dr02,sg1,,bundlemgr_distrib,0/RP0/CPU0,0,bundlemgr_distribnode0_RP0_CPU0,0,0,obt-collector1,60

2020-02-06 13:27:44.274000+00:00,dr02,sg1,,isis-SAIN,0/RP0/CPU0,0,isis-SAINnode0_RP0_CPU0,0,0,obt-collector1,60

2020-02-06 13:27:44.274000+00:00,dr02,sg1,,ipv4_static,0/RP0/CPU0,0,ipv4_staticnode0_RP0_CPU0,0,0,obt-collector1,60

2020-02-06 13:28:05.916000+00:00,dr02,sg1,,isis-SAIN,0/RP0/CPU0,0,isis-SAINnode0_RP0_CPU0,0,0,obt-collector1,60

2020-02-06 13:28:05.916000+00:00,dr02,sg1,,ipv4_static,0/RP0/CPU0,0,ipv4_staticnode0_RP0_CPU0,0,0,obt-collector1,60

2020-02-06 13:28:05.916000+00:00,dr02,sg1,,XTC,0/RP0/CPU0,0,XTCnode0_RP0_CPU0,0,0,obt-collector1,180

2020-02-06 13:28:05.916000+00:00,dr02,sg1,,object_tracking,0/RP0/CPU0,0,object_trackingnode0_RP0_CPU0,0,0,obt-collector1,199

2020-02-06 13:28:05.916000+00:00,dr02,sg1,,L2VPN_ATOM,0/RP0/CPU0,0,L2VPN_ATOMnode0_RP0_CPU0,0,0,obt-collector1,120

2020-02-06 13:28:05.916000+00:00,dr02,sg1,,MPLS-TE,0/RP0/CPU0,0,MPLS-TEnode0_RP0_CPU0,0,0,obt-collector1,180

2020-02-06 13:28:05.916000+00:00,dr02,sg1,,pim6,0/RP0/CPU0,0,pim6node0_RP0_CPU0,0,0,obt-collector1,199

2020-02-06 13:28:05.916000+00:00,dr02,sg1,,bundlemgr_distrib,0/RP0/CPU0,0,bundlemgr_distribnode0_RP0_CPU0,0,0,obt-collector1,60

2020-02-06 13:28:05.916000+00:00,dr02,sg1,,bgp-default,0/RP0/CPU0,36,bgp-defaultnode0_RP0_CPU0,0,0,obt-collector1,60

2020-02-06 13:28:05.916000+00:00,dr02,sg1,,pim,0/RP0/CPU0,0,pimnode0_RP0_CPU0,0,0,obt-collector1,199

2020-02-06 13:28:27.697000+00:00,dr02,sg1,,bgp-default,0/RP0/CPU0,36,bgp-defaultnode0_RP0_CPU0,0,0,obt-collector1,60

2020-02-06 13:28:27.697000+00:00,dr02,sg1,,L2VPN_ATOM,0/RP0/CPU0,0,L2VPN_ATOMnode0_RP0_CPU0,0,0,obt-collector1,120

2020-02-06 13:28:27.697000+00:00,dr02,sg1,,XTC,0/RP0/CPU0,0,XTCnode0_RP0_CPU0,0,0,obt-collector1,180

2020-02-06 13:28:27.697000+00:00,dr02,sg1,,isis-SAIN,0/RP0/CPU0,0,isis-SAINnode0_RP0_CPU0,0,0,obt-collector1,60

2020-02-06 13:28:27.697000+00:00,dr02,sg1,,ipv4_static,0/RP0/CPU0,0,ipv4_staticnode0_RP0_CPU0,0,0,obt-collector1,60

2020-02-06 13:28:27.697000+00:00,dr02,sg1,,object_tracking,0/RP0/CPU0,0,object_trackingnode0_RP0_CPU0,0,0,obt-collector1,199

2020-02-06 13:28:27.697000+00:00,dr02,sg1,,bundlemgr_distrib,0/RP0/CPU0,0,bundlemgr_distribnode0_RP0_CPU0,0,0,obt-collector1,60

2020-02-06 13:28:27.697000+00:00,dr02,sg1,,MPLS-TE,0/RP0/CPU0,0,MPLS-TEnode0_RP0_CPU0,0,0,obt-collector1,180

2020-02-06 13:28:27.698000+00:00,dr02,sg1,,pim,0/RP0/CPU0,0,pimnode0_RP0_CPU0,0,0,obt-collector1,199

2020-02-06 13:28:27.698000+00:00,dr02,sg1,,pim6,0/RP0/CPU0,0,pim6node0_RP0_CPU0,0,0,obt-collector1,199

2020-02-06 13:28:51.256000+00:00,dr02,sg1,,bundlemgr_distrib,0/RP0/CPU0,0,bundlemgr_distribnode0_RP0_CPU0,0,0,obt-collector1,60

2020-02-06 13:28:51.256000+00:00,dr02,sg1,,isis-SAIN,0/RP0/CPU0,0,isis-SAINnode0_RP0_CPU0,0,0,obt-collector1,60

2020-02-06 13:28:51.256000+00:00,dr02,sg1,,L2VPN_ATOM,0/RP0/CPU0,0,L2VPN_ATOMnode0_RP0_CPU0,0,0,obt-collector1,120

2020-02-06 13:28:51.256000+00:00,dr02,sg1,,bgp-default,0/RP0/CPU0,36,bgp-defaultnode0_RP0_CPU0,0,0,obt-collector1,60

2020-02-06 13:28:51.256000+00:00,dr02,sg1,,XTC,0/RP0/CPU0,0,XTCnode0_RP0_CPU0,0,0,obt-collector1,180

2020-02-06 13:28:51.256000+00:00,dr02,sg1,,MPLS-TE,0/RP0/CPU0,0,MPLS-TEnode0_RP0_CPU0,0,0,obt-collector1,180

2020-02-06 13:28:51.256000+00:00,dr02,sg1,,ipv4_static,0/RP0/CPU0,0,ipv4_staticnode0_RP0_CPU0,0,0,obt-collector1,60

2020-02-06 13:28:51.256000+00:00,dr02,sg1,,object_tracking,0/RP0/CPU0,0,object_trackingnode0_RP0_CPU0,0,0,obt-collector1,199

2020-02-06 13:28:51.257000+00:00,dr02,sg1,,pim,0/RP0/CPU0,0,pimnode0_RP0_CPU0,0,0,obt-collector1,199

2020-02-06 13:28:51.257000+00:00,dr02,sg1,,pim6,0/RP0/CPU0,0,pim6node0_RP0_CPU0,0,0,obt-collector1,199

2020-02-06 13:29:12.921000+00:00,dr02,sg1,,L2VPN_ATOM,0/RP0/CPU0,0,L2VPN_ATOMnode0_RP0_CPU0,0,0,obt-collector1,120

2020-02-06 13:29:12.921000+00:00,dr02,sg1,,MPLS-TE,0/RP0/CPU0,0,MPLS-TEnode0_RP0_CPU0,0,0,obt-collector1,180

2020-02-06 13:29:12.921000+00:00,dr02,sg1,,XTC,0/RP0/CPU0,0,XTCnode0_RP0_CPU0,0,0,obt-collector1,180

2020-02-06 13:29:12.922000+00:00,dr02,sg1,,pim,0/RP0/CPU0,0,pimnode0_RP0_CPU0,0,0,obt-collector1,199

2020-02-06 13:29:12.922000+00:00,dr02,sg1,,ipv4_static,0/RP0/CPU0,0,ipv4_staticnode0_RP0_CPU0,0,0,obt-collector1,60

2020-02-06 13:29:12.922000+00:00,dr02,sg1,,bundlemgr_distrib,0/RP0/CPU0,0,bundlemgr_distribnode0_RP0_CPU0,0,0,obt-collector1,60

2020-02-06 13:29:12.922000+00:00,dr02,sg1,,isis-SAIN,0/RP0/CPU0,0,isis-SAINnode0_RP0_CPU0,0,0,obt-collector1,60

2020-02-06 13:29:12.922000+00:00,dr02,sg1,,object_tracking,0/RP0/CPU0,0,object_trackingnode0_RP0_CPU0,0,0,obt-collector1,199

2020-02-06 13:29:12.922000+00:00,dr02,sg1,,bgp-default,0/RP0/CPU0,36,bgp-defaultnode0_RP0_CPU0,0,0,obt-collector1,60

2020-02-06 13:29:12.922000+00:00,dr02,sg1,,pim6,0/RP0/CPU0,0,pim6node0_RP0_CPU0,0,0,obt-collector1,199

2020-02-06 13:29:34.680000+00:00,dr02,sg1,,bgp-default,0/RP0/CPU0,36,bgp-defaultnode0_RP0_CPU0,0,0,obt-collector1,60

2020-02-06 13:29:34.680000+00:00,dr02,sg1,,bundlemgr_distrib,0/RP0/CPU0,0,bundlemgr_distribnode0_RP0_CPU0,0,0,obt-collector1,60

2020-02-06 13:29:34.680000+00:00,dr02,sg1,,MPLS-TE,0/RP0/CPU0,0,MPLS-TEnode0_RP0_CPU0,0,0,obt-collector1,180

2020-02-06 13:29:34.680000+00:00,dr02,sg1,,XTC,0/RP0/CPU0,0,XTCnode0_RP0_CPU0,0,0,obt-collector1,180

2020-02-06 13:29:34.680000+00:00,dr02,sg1,,ipv4_static,0/RP0/CPU0,0,ipv4_staticnode0_RP0_CPU0,0,0,obt-collector1,60

2020-02-06 13:29:34.680000+00:00,dr02,sg1,,L2VPN_ATOM,0/RP0/CPU0,0,L2VPN_ATOMnode0_RP0_CPU0,0,0,obt-collector1,120

2020-02-06 13:29:34.681000+00:00,dr02,sg1,,pim,0/RP0/CPU0,0,pimnode0_RP0_CPU0,0,0,obt-collector1,199

2020-02-06 13:29:34.681000+00:00,dr02,sg1,,pim6,0/RP0/CPU0,0,pim6node0_RP0_CPU0,0,0,obt-collector1,199

2020-02-06 13:29:34.681000+00:00,dr02,sg1,,object_tracking,0/RP0/CPU0,0,object_trackingnode0_RP0_CPU0,0,0,obt-collector1,199

2020-02-06 13:29:34.681000+00:00,dr02,sg1,,isis-SAIN,0/RP0/CPU0,0,isis-SAINnode0_RP0_CPU0,0,0,obt-collector1,60

2020-02-06 13:29:56.635000+00:00,dr02,sg1,,L2VPN_ATOM,0/RP0/CPU0,0,L2VPN_ATOMnode0_RP0_CPU0,0,0,obt-collector1,120

2020-02-06 13:29:56.635000+00:00,dr02,sg1,,MPLS-TE,0/RP0/CPU0,0,MPLS-TEnode0_RP0_CPU0,0,0,obt-collector1,180

2020-02-06 13:29:56.635000+00:00,dr02,sg1,,XTC,0/RP0/CPU0,0,XTCnode0_RP0_CPU0,0,0,obt-collector1,180

2020-02-06 13:29:56.636000+00:00,dr02,sg1,,isis-SAIN,0/RP0/CPU0,0,isis-SAINnode0_RP0_CPU0,0,0,obt-collector1,60

2020-02-06 13:29:56.636000+00:00,dr02,sg1,,ipv4_static,0/RP0/CPU0,0,ipv4_staticnode0_RP0_CPU0,0,0,obt-collector1,60

2020-02-06 13:29:56.636000+00:00,dr02,sg1,,bgp-default,0/RP0/CPU0,36,bgp-defaultnode0_RP0_CPU0,0,0,obt-collector1,60

2020-02-06 13:29:56.636000+00:00,dr02,sg1,,bundlemgr_distrib,0/RP0/CPU0,0,bundlemgr_distribnode0_RP0_CPU0,0,0,obt-collector1,60

2020-02-06 13:29:56.636000+00:00,dr02,sg1,,object_tracking,0/RP0/CPU0,0,object_trackingnode0_RP0_CPU0,0,0,obt-collector1,199

2020-02-06 13:29:56.636000+00:00,dr02,sg1,,pim6,0/RP0/CPU0,0,pim6node0_RP0_CPU0,0,0,obt-collector1,199

2020-02-06 13:29:56.636000+00:00,dr02,sg1,,pim,0/RP0/CPU0,0,pimnode0_RP0_CPU0,0,0,obt-collector1,199

2020-02-06 13:30:18.314000+00:00,dr02,sg1,,MPLS-TE,0/RP0/CPU0,0,MPLS-TEnode0_RP0_CPU0,0,0,obt-collector1,180

2020-02-06 13:30:18.314000+00:00,dr02,sg1,,XTC,0/RP0/CPU0,0,XTCnode0_RP0_CPU0,0,0,obt-collector1,180

2020-02-06 13:30:18.314000+00:00,dr02,sg1,,bgp-default,0/RP0/CPU0,36,bgp-defaultnode0_RP0_CPU0,0,0,obt-collector1,60

2020-02-06 13:30:18.314000+00:00,dr02,sg1,,L2VPN_ATOM,0/RP0/CPU0,0,L2VPN_ATOMnode0_RP0_CPU0,0,0,obt-collector1,120

2020-02-06 13:30:18.314000+00:00,dr02,sg1,,bundlemgr_distrib,0/RP0/CPU0,0,bundlemgr_distribnode0_RP0_CPU0,0,0,obt-collector1,60

2020-02-06 13:30:18.315000+00:00,dr02,sg1,,pim6,0/RP0/CPU0,0,pim6node0_RP0_CPU0,0,0,obt-collector1,199

2020-02-06 13:30:18.315000+00:00,dr02,sg1,,isis-SAIN,0/RP0/CPU0,0,isis-SAINnode0_RP0_CPU0,0,0,obt-collector1,60

2020-02-06 13:30:18.315000+00:00,dr02,sg1,,ipv4_static,0/RP0/CPU0,0,ipv4_staticnode0_RP0_CPU0,0,0,obt-collector1,60

2020-02-06 13:30:18.315000+00:00,dr02,sg1,,pim,0/RP0/CPU0,0,pimnode0_RP0_CPU0,0,0,obt-collector1,199

2020-02-06 13:30:18.315000+00:00,dr02,sg1,,object_tracking,0/RP0/CPU0,0,object_trackingnode0_RP0_CPU0,0,0,obt-collector1,199

2020-02-06 13:30:40.120000+00:00,dr02,sg1,,bundlemgr_distrib,0/RP0/CPU0,0,bundlemgr_distribnode0_RP0_CPU0,0,0,obt-collector1,60

2020-02-06 13:30:40.120000+00:00,dr02,sg1,,MPLS-TE,0/RP0/CPU0,0,MPLS-TEnode0_RP0_CPU0,0,0,obt-collector1,180

2020-02-06 13:30:40.120000+00:00,dr02,sg1,,L2VPN_ATOM,0/RP0/CPU0,0,L2VPN_ATOMnode0_RP0_CPU0,0,0,obt-collector1,120

2020-02-06 13:30:40.120000+00:00,dr02,sg1,,ipv4_static,0/RP0/CPU0,0,ipv4_staticnode0_RP0_CPU0,0,0,obt-collector1,60

2020-02-06 13:30:40.120000+00:00,dr02,sg1,,bgp-default,0/RP0/CPU0,36,bgp-defaultnode0_RP0_CPU0,0,0,obt-collector1,60

2020-02-06 13:30:40.120000+00:00,dr02,sg1,,XTC,0/RP0/CPU0,0,XTCnode0_RP0_CPU0,0,0,obt-collector1,180

2020-02-06 13:30:40.121000+00:00,dr02,sg1,,object_tracking,0/RP0/CPU0,0,object_trackingnode0_RP0_CPU0,0,0,obt-collector1,199

2020-02-06 13:30:40.121000+00:00,dr02,sg1,,isis-SAIN,0/RP0/CPU0,0,isis-SAINnode0_RP0_CPU0,0,0,obt-collector1,60

2020-02-06 13:30:40.121000+00:00,dr02,sg1,,pim,0/RP0/CPU0,0,pimnode0_RP0_CPU0,0,0,obt-collector1,199

2020-02-06 13:30:40.121000+00:00,dr02,sg1,,pim6,0/RP0/CPU0,0,pim6node0_RP0_CPU0,0,0,obt-collector1,199

2020-02-06 13:31:02.649000+00:00,dr02,sg1,,XTC,0/RP0/CPU0,0,XTCnode0_RP0_CPU0,0,0,obt-collector1,180

2020-02-06 13:31:02.649000+00:00,dr02,sg1,,MPLS-TE,0/RP0/CPU0,0,MPLS-TEnode0_RP0_CPU0,0,0,obt-collector1,180

2020-02-06 13:31:02.649000+00:00,dr02,sg1,,bgp-default,0/RP0/CPU0,36,bgp-defaultnode0_RP0_CPU0,0,0,obt-collector1,60

2020-02-06 13:31:02.649000+00:00,dr02,sg1,,bundlemgr_distrib,0/RP0/CPU0,0,bundlemgr_distribnode0_RP0_CPU0,0,0,obt-collector1,60

2020-02-06 13:31:02.649000+00:00,dr02,sg1,,L2VPN_ATOM,0/RP0/CPU0,0,L2VPN_ATOMnode0_RP0_CPU0,0,0,obt-collector1,120

2020-02-06 13:31:02.650000+00:00,dr02,sg1,,pim6,0/RP0/CPU0,0,pim6node0_RP0_CPU0,0,0,obt-collector1,199

2020-02-06 13:31:02.650000+00:00,dr02,sg1,,object_tracking,0/RP0/CPU0,0,object_trackingnode0_RP0_CPU0,0,0,obt-collector1,199

2020-02-06 13:31:02.650000+00:00,dr02,sg1,,pim,0/RP0/CPU0,0,pimnode0_RP0_CPU0,0,0,obt-collector1,199

2020-02-06 13:31:02.650000+00:00,dr02,sg1,,ipv4_static,0/RP0/CPU0,0,ipv4_staticnode0_RP0_CPU0,0,0,obt-collector1,60

2020-02-06 13:31:02.650000+00:00,dr02,sg1,,isis-SAIN,0/RP0/CPU0,0,isis-SAINnode0_RP0_CPU0,0,0,obt-collector1,60

2020-02-06 13:31:24.450000+00:00,dr02,sg1,,ipv4_static,0/RP0/CPU0,0,ipv4_staticnode0_RP0_CPU0,0,0,obt-collector1,60

2020-02-06 13:31:24.450000+00:00,dr02,sg1,,isis-SAIN,0/RP0/CPU0,0,isis-SAINnode0_RP0_CPU0,0,0,obt-collector1,60

2020-02-06 13:31:24.450000+00:00,dr02,sg1,,L2VPN_ATOM,0/RP0/CPU0,0,L2VPN_ATOMnode0_RP0_CPU0,0,0,obt-collector1,120

2020-02-06 13:31:24.450000+00:00,dr02,sg1,,MPLS-TE,0/RP0/CPU0,0,MPLS-TEnode0_RP0_CPU0,0,0,obt-collector1,180

2020-02-06 13:31:24.450000+00:00,dr02,sg1,,bundlemgr_distrib,0/RP0/CPU0,0,bundlemgr_distribnode0_RP0_CPU0,0,0,obt-collector1,60

2020-02-06 13:31:24.450000+00:00,dr02,sg1,,XTC,0/RP0/CPU0,0,XTCnode0_RP0_CPU0,0,0,obt-collector1,180

2020-02-06 13:31:24.450000+00:00,dr02,sg1,,bgp-default,0/RP0/CPU0,36,bgp-defaultnode0_RP0_CPU0,0,0,obt-collector1,60

2020-02-06 13:31:24.450000+00:00,dr02,sg1,,object_tracking,0/RP0/CPU0,0,object_trackingnode0_RP0_CPU0,0,0,obt-collector1,199

2020-02-06 13:31:24.451000+00:00,dr02,sg1,,pim6,0/RP0/CPU0,0,pim6node0_RP0_CPU0,0,0,obt-collector1,199

2020-02-06 13:31:24.451000+00:00,dr02,sg1,,pim,0/RP0/CPU0,0,pimnode0_RP0_CPU0,0,0,obt-collector1,199

2020-02-06 13:31:46.114000+00:00,dr02,sg1,,bgp-default,0/RP0/CPU0,36,bgp-defaultnode0_RP0_CPU0,0,0,obt-collector1,60

2020-02-06 13:31:46.114000+00:00,dr02,sg1,,MPLS-TE,0/RP0/CPU0,0,MPLS-TEnode0_RP0_CPU0,0,0,obt-collector1,180

2020-02-06 13:31:46.114000+00:00,dr02,sg1,,L2VPN_ATOM,0/RP0/CPU0,0,L2VPN_ATOMnode0_RP0_CPU0,0,0,obt-collector1,120

2020-02-06 13:31:46.114000+00:00,dr02,sg1,,XTC,0/RP0/CPU0,0,XTCnode0_RP0_CPU0,0,0,obt-collector1,180

2020-02-06 13:31:46.115000+00:00,dr02,sg1,,pim6,0/RP0/CPU0,0,pim6node0_RP0_CPU0,0,0,obt-collector1,199

2020-02-06 13:31:46.115000+00:00,dr02,sg1,,isis-SAIN,0/RP0/CPU0,0,isis-SAINnode0_RP0_CPU0,0,0,obt-collector1,60

2020-02-06 13:31:46.115000+00:00,dr02,sg1,,ipv4_static,0/RP0/CPU0,0,ipv4_staticnode0_RP0_CPU0,0,0,obt-collector1,60

2020-02-06 13:31:46.115000+00:00,dr02,sg1,,pim,0/RP0/CPU0,0,pimnode0_RP0_CPU0,0,0,obt-collector1,199

2020-02-06 13:31:46.115000+00:00,dr02,sg1,,object_tracking,0/RP0/CPU0,0,object_trackingnode0_RP0_CPU0,0,0,obt-collector1,199

2020-02-06 13:31:46.115000+00:00,dr02,sg1,,bundlemgr_distrib,0/RP0/CPU0,0,bundlemgr_distribnode0_RP0_CPU0,0,0,obt-collector1,60

2020-02-06 13:32:07.913000+00:00,dr02,sg1,,XTC,0/RP0/CPU0,0,XTCnode0_RP0_CPU0,0,0,obt-collector1,180

2020-02-06 13:32:07.913000+00:00,dr02,sg1,,bgp-default,0/RP0/CPU0,36,bgp-defaultnode0_RP0_CPU0,0,0,obt-collector1,60

2020-02-06 13:32:07.913000+00:00,dr02,sg1,,L2VPN_ATOM,0/RP0/CPU0,0,L2VPN_ATOMnode0_RP0_CPU0,0,0,obt-collector1,120

2020-02-06 13:32:07.913000+00:00,dr02,sg1,,MPLS-TE,0/RP0/CPU0,0,MPLS-TEnode0_RP0_CPU0,0,0,obt-collector1,180

2020-02-06 13:32:07.914000+00:00,dr02,sg1,,bundlemgr_distrib,0/RP0/CPU0,0,bundlemgr_distribnode0_RP0_CPU0,0,0,obt-collector1,60

2020-02-06 13:32:07.914000+00:00,dr02,sg1,,isis-SAIN,0/RP0/CPU0,0,isis-SAINnode0_RP0_CPU0,0,0,obt-collector1,60

2020-02-06 13:32:07.914000+00:00,dr02,sg1,,object_tracking,0/RP0/CPU0,0,object_trackingnode0_RP0_CPU0,0,0,obt-collector1,199

2020-02-06 13:32:07.914000+00:00,dr02,sg1,,pim6,0/RP0/CPU0,0,pim6node0_RP0_CPU0,0,0,obt-collector1,199

2020-02-06 13:32:07.914000+00:00,dr02,sg1,,pim,0/RP0/CPU0,0,pimnode0_RP0_CPU0,0,0,obt-collector1,199

2020-02-06 13:32:07.914000+00:00,dr02,sg1,,ipv4_static,0/RP0/CPU0,0,ipv4_staticnode0_RP0_CPU0,0,0,obt-collector1,60

2020-02-06 13:32:29.646000+00:00,dr02,sg1,,MPLS-TE,0/RP0/CPU0,0,MPLS-TEnode0_RP0_CPU0,0,0,obt-collector1,180

2020-02-06 13:32:29.646000+00:00,dr02,sg1,,ipv4_static,0/RP0/CPU0,0,ipv4_staticnode0_RP0_CPU0,0,0,obt-collector1,60

2020-02-06 13:32:29.646000+00:00,dr02,sg1,,XTC,0/RP0/CPU0,0,XTCnode0_RP0_CPU0,0,0,obt-collector1,180

2020-02-06 13:32:29.646000+00:00,dr02,sg1,,L2VPN_ATOM,0/RP0/CPU0,0,L2VPN_ATOMnode0_RP0_CPU0,0,0,obt-collector1,120

2020-02-06 13:32:29.646000+00:00,dr02,sg1,,bundlemgr_distrib,0/RP0/CPU0,0,bundlemgr_distribnode0_RP0_CPU0,0,0,obt-collector1,60

2020-02-06 13:32:29.646000+00:00,dr02,sg1,,bgp-default,0/RP0/CPU0,36,bgp-defaultnode0_RP0_CPU0,0,0,obt-collector1,60

2020-02-06 13:32:29.647000+00:00,dr02,sg1,,isis-SAIN,0/RP0/CPU0,0,isis-SAINnode0_RP0_CPU0,0,0,obt-collector1,60

2020-02-06 13:32:29.647000+00:00,dr02,sg1,,pim,0/RP0/CPU0,0,pimnode0_RP0_CPU0,0,0,obt-collector1,199

2020-02-06 13:32:29.647000+00:00,dr02,sg1,,pim6,0/RP0/CPU0,0,pim6node0_RP0_CPU0,0,0,obt-collector1,199

2020-02-06 13:32:29.647000+00:00,dr02,sg1,,object_tracking,0/RP0/CPU0,0,object_trackingnode0_RP0_CPU0,0,0,obt-collector1,199

2020-02-06 13:32:51.376000+00:00,dr02,sg1,,L2VPN_ATOM,0/RP0/CPU0,0,L2VPN_ATOMnode0_RP0_CPU0,0,0,obt-collector1,120

2020-02-06 13:32:51.377000+00:00,dr02,sg1,,object_tracking,0/RP0/CPU0,0,object_trackingnode0_RP0_CPU0,0,0,obt-collector1,199

2020-02-06 13:32:51.377000+00:00,dr02,sg1,,pim6,0/RP0/CPU0,0,pim6node0_RP0_CPU0,0,0,obt-collector1,199

2020-02-06 13:32:51.377000+00:00,dr02,sg1,,bundlemgr_distrib,0/RP0/CPU0,0,bundlemgr_distribnode0_RP0_CPU0,0,0,obt-collector1,60

2020-02-06 13:32:51.377000+00:00,dr02,sg1,,MPLS-TE,0/RP0/CPU0,0,MPLS-TEnode0_RP0_CPU0,0,0,obt-collector1,180

2020-02-06 13:32:51.377000+00:00,dr02,sg1,,XTC,0/RP0/CPU0,0,XTCnode0_RP0_CPU0,0,0,obt-collector1,180

2020-02-06 13:32:51.377000+00:00,dr02,sg1,,bgp-default,0/RP0/CPU0,36,bgp-defaultnode0_RP0_CPU0,0,0,obt-collector1,60

2020-02-06 13:32:51.377000+00:00,dr02,sg1,,pim,0/RP0/CPU0,0,pimnode0_RP0_CPU0,0,0,obt-collector1,199

2020-02-06 13:32:51.377000+00:00,dr02,sg1,,ipv4_static,0/RP0/CPU0,0,ipv4_staticnode0_RP0_CPU0,0,0,obt-collector1,60

2020-02-06 13:32:51.377000+00:00,dr02,sg1,,isis-SAIN,0/RP0/CPU0,0,isis-SAINnode0_RP0_CPU0,0,0,obt-collector1,60

2020-02-06 13:33:13.116000+00:00,dr02,sg1,,L2VPN_ATOM,0/RP0/CPU0,0,L2VPN_ATOMnode0_RP0_CPU0,0,0,obt-collector1,120

2020-02-06 13:33:13.116000+00:00,dr02,sg1,,MPLS-TE,0/RP0/CPU0,0,MPLS-TEnode0_RP0_CPU0,0,0,obt-collector1,180

2020-02-06 13:33:13.117000+00:00,dr02,sg1,,isis-SAIN,0/RP0/CPU0,0,isis-SAINnode0_RP0_CPU0,0,0,obt-collector1,60

2020-02-06 13:33:13.117000+00:00,dr02,sg1,,bundlemgr_distrib,0/RP0/CPU0,0,bundlemgr_distribnode0_RP0_CPU0,0,0,obt-collector1,60

2020-02-06 13:33:13.117000+00:00,dr02,sg1,,pim6,0/RP0/CPU0,0,pim6node0_RP0_CPU0,0,0,obt-collector1,199

2020-02-06 13:33:13.117000+00:00,dr02,sg1,,object_tracking,0/RP0/CPU0,0,object_trackingnode0_RP0_CPU0,0,0,obt-collector1,199

2020-02-06 13:33:13.117000+00:00,dr02,sg1,,ipv4_static,0/RP0/CPU0,0,ipv4_staticnode0_RP0_CPU0,0,0,obt-collector1,60

2020-02-06 13:33:13.117000+00:00,dr02,sg1,,pim,0/RP0/CPU0,0,pimnode0_RP0_CPU0,0,0,obt-collector1,199

2020-02-06 13:33:13.117000+00:00,dr02,sg1,,XTC,0/RP0/CPU0,0,XTCnode0_RP0_CPU0,0,0,obt-collector1,180

2020-02-06 13:33:13.117000+00:00,dr02,sg1,,bgp-default,0/RP0/CPU0,36,bgp-defaultnode0_RP0_CPU0,0,0,obt-collector1,60

2020-02-06 13:33:34.787000+00:00,dr02,sg1,,XTC,0/RP0/CPU0,0,XTCnode0_RP0_CPU0,0,0,obt-collector1,180

2020-02-06 13:33:34.787000+00:00,dr02,sg1,,bgp-default,0/RP0/CPU0,36,bgp-defaultnode0_RP0_CPU0,0,0,obt-collector1,60

2020-02-06 13:33:34.787000+00:00,dr02,sg1,,pim6,0/RP0/CPU0,0,pim6node0_RP0_CPU0,0,0,obt-collector1,199

2020-02-06 13:33:34.787000+00:00,dr02,sg1,,isis-SAIN,0/RP0/CPU0,0,isis-SAINnode0_RP0_CPU0,0,0,obt-collector1,60

2020-02-06 13:33:34.787000+00:00,dr02,sg1,,L2VPN_ATOM,0/RP0/CPU0,0,L2VPN_ATOMnode0_RP0_CPU0,0,0,obt-collector1,120

2020-02-06 13:33:34.787000+00:00,dr02,sg1,,MPLS-TE,0/RP0/CPU0,0,MPLS-TEnode0_RP0_CPU0,0,0,obt-collector1,180

2020-02-06 13:33:34.787000+00:00,dr02,sg1,,bundlemgr_distrib,0/RP0/CPU0,0,bundlemgr_distribnode0_RP0_CPU0,0,0,obt-collector1,60

2020-02-06 13:33:34.787000+00:00,dr02,sg1,,pim,0/RP0/CPU0,0,pimnode0_RP0_CPU0,0,0,obt-collector1,199

2020-02-06 13:33:34.787000+00:00,dr02,sg1,,object_tracking,0/RP0/CPU0,0,object_trackingnode0_RP0_CPU0,0,0,obt-collector1,199

2020-02-06 13:33:34.787000+00:00,dr02,sg1,,ipv4_static,0/RP0/CPU0,0,ipv4_staticnode0_RP0_CPU0,0,0,obt-collector1,60

2020-02-06 13:33:56.543000+00:00,dr02,sg1,,object_tracking,0/RP0/CPU0,0,object_trackingnode0_RP0_CPU0,0,0,obt-collector1,199

2020-02-06 13:33:56.543000+00:00,dr02,sg1,,ipv4_static,0/RP0/CPU0,0,ipv4_staticnode0_RP0_CPU0,0,0,obt-collector1,60

2020-02-06 13:33:56.543000+00:00,dr02,sg1,,L2VPN_ATOM,0/RP0/CPU0,0,L2VPN_ATOMnode0_RP0_CPU0,0,0,obt-collector1,120

2020-02-06 13:33:56.543000+00:00,dr02,sg1,,XTC,0/RP0/CPU0,0,XTCnode0_RP0_CPU0,0,0,obt-collector1,180

2020-02-06 13:33:56.543000+00:00,dr02,sg1,,bgp-default,0/RP0/CPU0,36,bgp-defaultnode0_RP0_CPU0,0,0,obt-collector1,60

2020-02-06 13:33:56.543000+00:00,dr02,sg1,,isis-SAIN,0/RP0/CPU0,0,isis-SAINnode0_RP0_CPU0,0,0,obt-collector1,60

2020-02-06 13:33:56.543000+00:00,dr02,sg1,,MPLS-TE,0/RP0/CPU0,0,MPLS-TEnode0_RP0_CPU0,0,0,obt-collector1,180

2020-02-06 13:33:56.543000+00:00,dr02,sg1,,bundlemgr_distrib,0/RP0/CPU0,0,bundlemgr_distribnode0_RP0_CPU0,0,0,obt-collector1,60

2020-02-06 13:33:56.544000+00:00,dr02,sg1,,pim6,0/RP0/CPU0,0,pim6node0_RP0_CPU0,0,0,obt-collector1,199

2020-02-06 13:33:56.544000+00:00,dr02,sg1,,pim,0/RP0/CPU0,0,pimnode0_RP0_CPU0,0,0,obt-collector1,199

2020-02-06 13:34:18.239000+00:00,dr02,sg1,,MPLS-TE,0/RP0/CPU0,0,MPLS-TEnode0_RP0_CPU0,0,0,obt-collector1,180

2020-02-06 13:34:18.239000+00:00,dr02,sg1,,XTC,0/RP0/CPU0,0,XTCnode0_RP0_CPU0,0,0,obt-collector1,180

2020-02-06 13:34:18.239000+00:00,dr02,sg1,,L2VPN_ATOM,0/RP0/CPU0,0,L2VPN_ATOMnode0_RP0_CPU0,0,0,obt-collector1,120

2020-02-06 13:34:18.240000+00:00,dr02,sg1,,pim6,0/RP0/CPU0,0,pim6node0_RP0_CPU0,0,0,obt-collector1,199

2020-02-06 13:34:18.240000+00:00,dr02,sg1,,ipv4_static,0/RP0/CPU0,0,ipv4_staticnode0_RP0_CPU0,0,0,obt-collector1,60

2020-02-06 13:34:18.240000+00:00,dr02,sg1,,object_tracking,0/RP0/CPU0,0,object_trackingnode0_RP0_CPU0,0,0,obt-collector1,199

2020-02-06 13:34:18.240000+00:00,dr02,sg1,,pim,0/RP0/CPU0,0,pimnode0_RP0_CPU0,0,0,obt-collector1,199

2020-02-06 13:34:18.240000+00:00,dr02,sg1,,bundlemgr_distrib,0/RP0/CPU0,0,bundlemgr_distribnode0_RP0_CPU0,0,0,obt-collector1,60

2020-02-06 13:34:18.240000+00:00,dr02,sg1,,isis-SAIN,0/RP0/CPU0,0,isis-SAINnode0_RP0_CPU0,0,0,obt-collector1,60

2020-02-06 13:34:18.240000+00:00,dr02,sg1,,bgp-default,0/RP0/CPU0,36,bgp-defaultnode0_RP0_CPU0,0,0,obt-collector1,60

2020-02-06 13:34:39.935000+00:00,dr02,sg1,,L2VPN_ATOM,0/RP0/CPU0,0,L2VPN_ATOMnode0_RP0_CPU0,0,0,obt-collector1,120

2020-02-06 13:34:39.936000+00:00,dr02,sg1,,bgp-default,0/RP0/CPU0,36,bgp-defaultnode0_RP0_CPU0,0,0,obt-collector1,60

2020-02-06 13:34:39.936000+00:00,dr02,sg1,,isis-SAIN,0/RP0/CPU0,0,isis-SAINnode0_RP0_CPU0,0,0,obt-collector1,60

2020-02-06 13:34:39.936000+00:00,dr02,sg1,,ipv4_static,0/RP0/CPU0,0,ipv4_staticnode0_RP0_CPU0,0,0,obt-collector1,60

2020-02-06 13:34:39.936000+00:00,dr02,sg1,,MPLS-TE,0/RP0/CPU0,0,MPLS-TEnode0_RP0_CPU0,0,0,obt-collector1,180

2020-02-06 13:34:39.936000+00:00,dr02,sg1,,XTC,0/RP0/CPU0,0,XTCnode0_RP0_CPU0,0,0,obt-collector1,180

2020-02-06 13:34:39.936000+00:00,dr02,sg1,,pim6,0/RP0/CPU0,0,pim6node0_RP0_CPU0,0,0,obt-collector1,199

2020-02-06 13:34:39.936000+00:00,dr02,sg1,,bundlemgr_distrib,0/RP0/CPU0,0,bundlemgr_distribnode0_RP0_CPU0,0,0,obt-collector1,60

2020-02-06 13:34:39.936000+00:00,dr02,sg1,,object_tracking,0/RP0/CPU0,0,object_trackingnode0_RP0_CPU0,0,0,obt-collector1,199

2020-02-06 13:34:39.936000+00:00,dr02,sg1,,pim,0/RP0/CPU0,0,pimnode0_RP0_CPU0,0,0,obt-collector1,199

2020-02-06 13:35:03.218000+00:00,dr02,sg1,,L2VPN_ATOM,0/RP0/CPU0,0,L2VPN_ATOMnode0_RP0_CPU0,0,0,obt-collector1,120

2020-02-06 13:35:03.218000+00:00,dr02,sg1,,bgp-default,0/RP0/CPU0,36,bgp-defaultnode0_RP0_CPU0,0,0,obt-collector1,60

2020-02-06 13:35:03.218000+00:00,dr02,sg1,,MPLS-TE,0/RP0/CPU0,0,MPLS-TEnode0_RP0_CPU0,0,0,obt-collector1,180

2020-02-06 13:35:03.218000+00:00,dr02,sg1,,XTC,0/RP0/CPU0,0,XTCnode0_RP0_CPU0,0,0,obt-collector1,180

2020-02-06 13:35:03.219000+00:00,dr02,sg1,,object_tracking,0/RP0/CPU0,0,object_trackingnode0_RP0_CPU0,0,0,obt-collector1,199

2020-02-06 13:35:03.219000+00:00,dr02,sg1,,isis-SAIN,0/RP0/CPU0,0,isis-SAINnode0_RP0_CPU0,0,0,obt-collector1,60

2020-02-06 13:35:03.219000+00:00,dr02,sg1,,ipv4_static,0/RP0/CPU0,0,ipv4_staticnode0_RP0_CPU0,0,0,obt-collector1,60

2020-02-06 13:35:03.219000+00:00,dr02,sg1,,pim,0/RP0/CPU0,0,pimnode0_RP0_CPU0,0,0,obt-collector1,199

2020-02-06 13:35:03.219000+00:00,dr02,sg1,,bundlemgr_distrib,0/RP0/CPU0,0,bundlemgr_distribnode0_RP0_CPU0,0,0,obt-collector1,60

2020-02-06 13:35:03.219000+00:00,dr02,sg1,,pim6,0/RP0/CPU0,0,pim6node0_RP0_CPU0,0,0,obt-collector1,199

2020-02-06 13:35:24.958000+00:00,dr02,sg1,,bundlemgr_distrib,0/RP0/CPU0,0,bundlemgr_distribnode0_RP0_CPU0,0,0,obt-collector1,60

2020-02-06 13:35:24.958000+00:00,dr02,sg1,,pim6,0/RP0/CPU0,0,pim6node0_RP0_CPU0,0,0,obt-collector1,199

2020-02-06 13:35:24.958000+00:00,dr02,sg1,,isis-SAIN,0/RP0/CPU0,0,isis-SAINnode0_RP0_CPU0,0,0,obt-collector1,60

2020-02-06 13:35:24.958000+00:00,dr02,sg1,,XTC,0/RP0/CPU0,0,XTCnode0_RP0_CPU0,0,0,obt-collector1,180

2020-02-06 13:35:24.958000+00:00,dr02,sg1,,L2VPN_ATOM,0/RP0/CPU0,0,L2VPN_ATOMnode0_RP0_CPU0,0,0,obt-collector1,120

2020-02-06 13:35:24.958000+00:00,dr02,sg1,,MPLS-TE,0/RP0/CPU0,0,MPLS-TEnode0_RP0_CPU0,0,0,obt-collector1,180

2020-02-06 13:35:24.958000+00:00,dr02,sg1,,object_tracking,0/RP0/CPU0,0,object_trackingnode0_RP0_CPU0,0,0,obt-collector1,199

2020-02-06 13:35:24.958000+00:00,dr02,sg1,,pim,0/RP0/CPU0,0,pimnode0_RP0_CPU0,0,0,obt-collector1,199

2020-02-06 13:35:24.958000+00:00,dr02,sg1,,bgp-default,0/RP0/CPU0,36,bgp-defaultnode0_RP0_CPU0,0,0,obt-collector1,60

2020-02-06 13:35:24.958000+00:00,dr02,sg1,,ipv4_static,0/RP0/CPU0,0,ipv4_staticnode0_RP0_CPU0,0,0,obt-collector1,60

2020-02-06 13:35:46.707000+00:00,dr02,sg1,,bgp-default,0/RP0/CPU0,36,bgp-defaultnode0_RP0_CPU0,0,0,obt-collector1,60

2020-02-06 13:35:46.707000+00:00,dr02,sg1,,L2VPN_ATOM,0/RP0/CPU0,0,L2VPN_ATOMnode0_RP0_CPU0,0,0,obt-collector1,120

2020-02-06 13:35:46.707000+00:00,dr02,sg1,,bundlemgr_distrib,0/RP0/CPU0,0,bundlemgr_distribnode0_RP0_CPU0,0,0,obt-collector1,60

2020-02-06 13:35:46.707000+00:00,dr02,sg1,,XTC,0/RP0/CPU0,0,XTCnode0_RP0_CPU0,0,0,obt-collector1,180

2020-02-06 13:35:46.707000+00:00,dr02,sg1,,MPLS-TE,0/RP0/CPU0,0,MPLS-TEnode0_RP0_CPU0,0,0,obt-collector1,180

2020-02-06 13:35:46.708000+00:00,dr02,sg1,,ipv4_static,0/RP0/CPU0,0,ipv4_staticnode0_RP0_CPU0,0,0,obt-collector1,60

2020-02-06 13:35:46.708000+00:00,dr02,sg1,,isis-SAIN,0/RP0/CPU0,0,isis-SAINnode0_RP0_CPU0,0,0,obt-collector1,60

2020-02-06 13:35:46.708000+00:00,dr02,sg1,,pim6,0/RP0/CPU0,0,pim6node0_RP0_CPU0,0,0,obt-collector1,199

2020-02-06 13:35:46.708000+00:00,dr02,sg1,,pim,0/RP0/CPU0,0,pimnode0_RP0_CPU0,0,0,obt-collector1,199

2020-02-06 13:35:46.708000+00:00,dr02,sg1,,object_tracking,0/RP0/CPU0,0,object_trackingnode0_RP0_CPU0,0,0,obt-collector1,199

2020-02-06 13:36:08.455000+00:00,dr02,sg1,,ipv4_static,0/RP0/CPU0,0,ipv4_staticnode0_RP0_CPU0,0,0,obt-collector1,60

2020-02-06 13:36:08.455000+00:00,dr02,sg1,,object_tracking,0/RP0/CPU0,0,object_trackingnode0_RP0_CPU0,0,0,obt-collector1,199

2020-02-06 13:36:08.455000+00:00,dr02,sg1,,MPLS-TE,0/RP0/CPU0,0,MPLS-TEnode0_RP0_CPU0,0,0,obt-collector1,180

2020-02-06 13:36:08.455000+00:00,dr02,sg1,,L2VPN_ATOM,0/RP0/CPU0,0,L2VPN_ATOMnode0_RP0_CPU0,0,0,obt-collector1,120

2020-02-06 13:36:08.455000+00:00,dr02,sg1,,XTC,0/RP0/CPU0,0,XTCnode0_RP0_CPU0,0,0,obt-collector1,180

2020-02-06 13:36:08.455000+00:00,dr02,sg1,,bgp-default,0/RP0/CPU0,36,bgp-defaultnode0_RP0_CPU0,0,0,obt-collector1,60

2020-02-06 13:36:08.455000+00:00,dr02,sg1,,bundlemgr_distrib,0/RP0/CPU0,0,bundlemgr_distribnode0_RP0_CPU0,0,0,obt-collector1,60

2020-02-06 13:36:08.455000+00:00,dr02,sg1,,isis-SAIN,0/RP0/CPU0,0,isis-SAINnode0_RP0_CPU0,0,0,obt-collector1,60

2020-02-06 13:36:08.456000+00:00,dr02,sg1,,pim,0/RP0/CPU0,0,pimnode0_RP0_CPU0,0,0,obt-collector1,199

2020-02-06 13:36:08.456000+00:00,dr02,sg1,,pim6,0/RP0/CPU0,0,pim6node0_RP0_CPU0,0,0,obt-collector1,199

2020-02-06 13:36:30.115000+00:00,dr02,sg1,,bundlemgr_distrib,0/RP0/CPU0,0,bundlemgr_distribnode0_RP0_CPU0,0,0,obt-collector1,60

2020-02-06 13:36:30.115000+00:00,dr02,sg1,,L2VPN_ATOM,0/RP0/CPU0,0,L2VPN_ATOMnode0_RP0_CPU0,0,0,obt-collector1,120

2020-02-06 13:36:30.115000+00:00,dr02,sg1,,MPLS-TE,0/RP0/CPU0,0,MPLS-TEnode0_RP0_CPU0,0,0,obt-collector1,180

2020-02-06 13:36:30.115000+00:00,dr02,sg1,,bgp-default,0/RP0/CPU0,36,bgp-defaultnode0_RP0_CPU0,0,0,obt-collector1,60

2020-02-06 13:36:30.115000+00:00,dr02,sg1,,XTC,0/RP0/CPU0,0,XTCnode0_RP0_CPU0,0,0,obt-collector1,180

2020-02-06 13:36:30.116000+00:00,dr02,sg1,,pim,0/RP0/CPU0,0,pimnode0_RP0_CPU0,0,0,obt-collector1,199

2020-02-06 13:36:30.116000+00:00,dr02,sg1,,object_tracking,0/RP0/CPU0,0,object_trackingnode0_RP0_CPU0,0,0,obt-collector1,199

2020-02-06 13:36:30.116000+00:00,dr02,sg1,,ipv4_static,0/RP0/CPU0,0,ipv4_staticnode0_RP0_CPU0,0,0,obt-collector1,60

2020-02-06 13:36:30.116000+00:00,dr02,sg1,,pim6,0/RP0/CPU0,0,pim6node0_RP0_CPU0,0,0,obt-collector1,199

2020-02-06 13:36:30.116000+00:00,dr02,sg1,,isis-SAIN,0/RP0/CPU0,0,isis-SAINnode0_RP0_CPU0,0,0,obt-collector1,60

2020-02-06 13:36:51.814000+00:00,dr02,sg1,,XTC,0/RP0/CPU0,0,XTCnode0_RP0_CPU0,0,0,obt-collector1,180

2020-02-06 13:36:51.814000+00:00,dr02,sg1,,MPLS-TE,0/RP0/CPU0,0,MPLS-TEnode0_RP0_CPU0,0,0,obt-collector1,180

2020-02-06 13:36:51.814000+00:00,dr02,sg1,,L2VPN_ATOM,0/RP0/CPU0,0,L2VPN_ATOMnode0_RP0_CPU0,0,0,obt-collector1,120

2020-02-06 13:36:51.815000+00:00,dr02,sg1,,pim6,0/RP0/CPU0,0,pim6node0_RP0_CPU0,0,0,obt-collector1,199

2020-02-06 13:36:51.815000+00:00,dr02,sg1,,object_tracking,0/RP0/CPU0,0,object_trackingnode0_RP0_CPU0,0,0,obt-collector1,199

2020-02-06 13:36:51.815000+00:00,dr02,sg1,,bundlemgr_distrib,0/RP0/CPU0,0,bundlemgr_distribnode0_RP0_CPU0,0,0,obt-collector1,60

2020-02-06 13:36:51.815000+00:00,dr02,sg1,,bgp-default,0/RP0/CPU0,36,bgp-defaultnode0_RP0_CPU0,0,0,obt-collector1,60

2020-02-06 13:36:51.815000+00:00,dr02,sg1,,pim,0/RP0/CPU0,0,pimnode0_RP0_CPU0,0,0,obt-collector1,199

2020-02-06 13:36:51.815000+00:00,dr02,sg1,,ipv4_static,0/RP0/CPU0,0,ipv4_staticnode0_RP0_CPU0,0,0,obt-collector1,60

2020-02-06 13:36:51.815000+00:00,dr02,sg1,,isis-SAIN,0/RP0/CPU0,0,isis-SAINnode0_RP0_CPU0,0,0,obt-collector1,60

2020-02-06 13:37:13.554000+00:00,dr02,sg1,,L2VPN_ATOM,0/RP0/CPU0,0,L2VPN_ATOMnode0_RP0_CPU0,0,0,obt-collector1,120

2020-02-06 13:37:13.555000+00:00,dr02,sg1,,isis-SAIN,0/RP0/CPU0,0,isis-SAINnode0_RP0_CPU0,0,0,obt-collector1,60

2020-02-06 13:37:13.555000+00:00,dr02,sg1,,ipv4_static,0/RP0/CPU0,0,ipv4_staticnode0_RP0_CPU0,0,0,obt-collector1,60

2020-02-06 13:37:13.555000+00:00,dr02,sg1,,bundlemgr_distrib,0/RP0/CPU0,0,bundlemgr_distribnode0_RP0_CPU0,0,0,obt-collector1,60

2020-02-06 13:37:13.555000+00:00,dr02,sg1,,MPLS-TE,0/RP0/CPU0,0,MPLS-TEnode0_RP0_CPU0,0,0,obt-collector1,180

2020-02-06 13:37:13.555000+00:00,dr02,sg1,,pim6,0/RP0/CPU0,0,pim6node0_RP0_CPU0,0,0,obt-collector1,199

2020-02-06 13:37:13.555000+00:00,dr02,sg1,,object_tracking,0/RP0/CPU0,0,object_trackingnode0_RP0_CPU0,0,0,obt-collector1,199

2020-02-06 13:37:13.555000+00:00,dr02,sg1,,pim,0/RP0/CPU0,0,pimnode0_RP0_CPU0,0,0,obt-collector1,199

2020-02-06 13:37:13.555000+00:00,dr02,sg1,,XTC,0/RP0/CPU0,0,XTCnode0_RP0_CPU0,0,0,obt-collector1,180

2020-02-06 13:37:13.555000+00:00,dr02,sg1,,bgp-default,0/RP0/CPU0,36,bgp-defaultnode0_RP0_CPU0,0,0,obt-collector1,60

2020-02-06 13:37:35.219000+00:00,dr02,sg1,,XTC,0/RP0/CPU0,0,XTCnode0_RP0_CPU0,0,0,obt-collector1,180

2020-02-06 13:37:35.219000+00:00,dr02,sg1,,bgp-default,0/RP0/CPU0,36,bgp-defaultnode0_RP0_CPU0,0,0,obt-collector1,60

2020-02-06 13:37:35.219000+00:00,dr02,sg1,,L2VPN_ATOM,0/RP0/CPU0,0,L2VPN_ATOMnode0_RP0_CPU0,0,0,obt-collector1,120

2020-02-06 13:37:35.219000+00:00,dr02,sg1,,MPLS-TE,0/RP0/CPU0,0,MPLS-TEnode0_RP0_CPU0,0,0,obt-collector1,180

2020-02-06 13:37:35.220000+00:00,dr02,sg1,,bundlemgr_distrib,0/RP0/CPU0,0,bundlemgr_distribnode0_RP0_CPU0,0,0,obt-collector1,60

2020-02-06 13:37:35.220000+00:00,dr02,sg1,,ipv4_static,0/RP0/CPU0,0,ipv4_staticnode0_RP0_CPU0,0,0,obt-collector1,60

2020-02-06 13:37:35.220000+00:00,dr02,sg1,,isis-SAIN,0/RP0/CPU0,0,isis-SAINnode0_RP0_CPU0,0,0,obt-collector1,60

2020-02-06 13:37:35.220000+00:00,dr02,sg1,,pim,0/RP0/CPU0,0,pimnode0_RP0_CPU0,0,0,obt-collector1,199

2020-02-06 13:37:35.220000+00:00,dr02,sg1,,pim6,0/RP0/CPU0,0,pim6node0_RP0_CPU0,0,0,obt-collector1,199

2020-02-06 13:37:35.220000+00:00,dr02,sg1,,object_tracking,0/RP0/CPU0,0,object_trackingnode0_RP0_CPU0,0,0,obt-collector1,199

2020-02-06 13:37:56.950000+00:00,dr02,sg1,,L2VPN_ATOM,0/RP0/CPU0,0,L2VPN_ATOMnode0_RP0_CPU0,0,0,obt-collector1,120

2020-02-06 13:37:56.951000+00:00,dr02,sg1,,object_tracking,0/RP0/CPU0,0,object_trackingnode0_RP0_CPU0,0,0,obt-collector1,199

2020-02-06 13:37:56.951000+00:00,dr02,sg1,,pim6,0/RP0/CPU0,0,pim6node0_RP0_CPU0,0,0,obt-collector1,199

2020-02-06 13:37:56.951000+00:00,dr02,sg1,,MPLS-TE,0/RP0/CPU0,0,MPLS-TEnode0_RP0_CPU0,0,0,obt-collector1,180

2020-02-06 13:37:56.951000+00:00,dr02,sg1,,bgp-default,0/RP0/CPU0,36,bgp-defaultnode0_RP0_CPU0,0,0,obt-collector1,60

2020-02-06 13:37:56.951000+00:00,dr02,sg1,,XTC,0/RP0/CPU0,0,XTCnode0_RP0_CPU0,0,0,obt-collector1,180

2020-02-06 13:37:56.951000+00:00,dr02,sg1,,bundlemgr_distrib,0/RP0/CPU0,0,bundlemgr_distribnode0_RP0_CPU0,0,0,obt-collector1,60

2020-02-06 13:37:56.951000+00:00,dr02,sg1,,pim,0/RP0/CPU0,0,pimnode0_RP0_CPU0,0,0,obt-collector1,199

2020-02-06 13:37:56.951000+00:00,dr02,sg1,,ipv4_static,0/RP0/CPU0,0,ipv4_staticnode0_RP0_CPU0,0,0,obt-collector1,60

2020-02-06 13:37:56.951000+00:00,dr02,sg1,,isis-SAIN,0/RP0/CPU0,0,isis-SAINnode0_RP0_CPU0,0,0,obt-collector1,60

2020-02-06 13:38:18.686000+00:00,dr02,sg1,,L2VPN_ATOM,0/RP0/CPU0,0,L2VPN_ATOMnode0_RP0_CPU0,0,0,obt-collector1,120

2020-02-06 13:38:18.686000+00:00,dr02,sg1,,MPLS-TE,0/RP0/CPU0,0,MPLS-TEnode0_RP0_CPU0,0,0,obt-collector1,180

2020-02-06 13:38:18.687000+00:00,dr02,sg1,,isis-SAIN,0/RP0/CPU0,0,isis-SAINnode0_RP0_CPU0,0,0,obt-collector1,60

2020-02-06 13:38:18.687000+00:00,dr02,sg1,,bgp-default,0/RP0/CPU0,36,bgp-defaultnode0_RP0_CPU0,0,0,obt-collector1,60

2020-02-06 13:38:18.687000+00:00,dr02,sg1,,pim6,0/RP0/CPU0,0,pim6node0_RP0_CPU0,0,0,obt-collector1,199

2020-02-06 13:38:18.687000+00:00,dr02,sg1,,object_tracking,0/RP0/CPU0,0,object_trackingnode0_RP0_CPU0,0,0,obt-collector1,199

2020-02-06 13:38:18.687000+00:00,dr02,sg1,,ipv4_static,0/RP0/CPU0,0,ipv4_staticnode0_RP0_CPU0,0,0,obt-collector1,60

2020-02-06 13:38:18.687000+00:00,dr02,sg1,,pim,0/RP0/CPU0,0,pimnode0_RP0_CPU0,0,0,obt-collector1,199

2020-02-06 13:38:18.687000+00:00,dr02,sg1,,XTC,0/RP0/CPU0,0,XTCnode0_RP0_CPU0,0,0,obt-collector1,180

2020-02-06 13:38:18.687000+00:00,dr02,sg1,,bundlemgr_distrib,0/RP0/CPU0,0,bundlemgr_distribnode0_RP0_CPU0,0,0,obt-collector1,60

2020-02-06 13:38:40.418000+00:00,dr02,sg1,,XTC,0/RP0/CPU0,0,XTCnode0_RP0_CPU0,0,0,obt-collector1,180

2020-02-06 13:38:40.418000+00:00,dr02,sg1,,bundlemgr_distrib,0/RP0/CPU0,0,bundlemgr_distribnode0_RP0_CPU0,0,0,obt-collector1,60

2020-02-06 13:38:40.418000+00:00,dr02,sg1,,isis-SAIN,0/RP0/CPU0,0,isis-SAINnode0_RP0_CPU0,0,0,obt-collector1,60

2020-02-06 13:38:40.418000+00:00,dr02,sg1,,L2VPN_ATOM,0/RP0/CPU0,0,L2VPN_ATOMnode0_RP0_CPU0,0,0,obt-collector1,120

2020-02-06 13:38:40.418000+00:00,dr02,sg1,,MPLS-TE,0/RP0/CPU0,0,MPLS-TEnode0_RP0_CPU0,0,0,obt-collector1,180

2020-02-06 13:38:40.418000+00:00,dr02,sg1,,bgp-default,0/RP0/CPU0,36,bgp-defaultnode0_RP0_CPU0,0,0,obt-collector1,60

2020-02-06 13:38:40.418000+00:00,dr02,sg1,,object_tracking,0/RP0/CPU0,0,object_trackingnode0_RP0_CPU0,0,0,obt-collector1,199

2020-02-06 13:38:40.418000+00:00,dr02,sg1,,ipv4_static,0/RP0/CPU0,0,ipv4_staticnode0_RP0_CPU0,0,0,obt-collector1,60

2020-02-06 13:38:40.419000+00:00,dr02,sg1,,pim6,0/RP0/CPU0,0,pim6node0_RP0_CPU0,0,0,obt-collector1,199

2020-02-06 13:38:40.419000+00:00,dr02,sg1,,pim,0/RP0/CPU0,0,pimnode0_RP0_CPU0,0,0,obt-collector1,199

2020-02-06 13:39:02.159000+00:00,dr02,sg1,,pim6,0/RP0/CPU0,0,pim6node0_RP0_CPU0,0,0,obt-collector1,199

2020-02-06 13:39:02.159000+00:00,dr02,sg1,,object_tracking,0/RP0/CPU0,0,object_trackingnode0_RP0_CPU0,0,0,obt-collector1,199

2020-02-06 13:39:02.159000+00:00,dr02,sg1,,L2VPN_ATOM,0/RP0/CPU0,0,L2VPN_ATOMnode0_RP0_CPU0,0,0,obt-collector1,120

2020-02-06 13:39:02.159000+00:00,dr02,sg1,,bundlemgr_distrib,0/RP0/CPU0,0,bundlemgr_distribnode0_RP0_CPU0,0,0,obt-collector1,60

2020-02-06 13:39:02.159000+00:00,dr02,sg1,,XTC,0/RP0/CPU0,0,XTCnode0_RP0_CPU0,0,0,obt-collector1,180

2020-02-06 13:39:02.159000+00:00,dr02,sg1,,isis-SAIN,0/RP0/CPU0,0,isis-SAINnode0_RP0_CPU0,0,0,obt-collector1,60

2020-02-06 13:39:02.159000+00:00,dr02,sg1,,ipv4_static,0/RP0/CPU0,0,ipv4_staticnode0_RP0_CPU0,0,0,obt-collector1,60

2020-02-06 13:39:02.159000+00:00,dr02,sg1,,bgp-default,0/RP0/CPU0,36,bgp-defaultnode0_RP0_CPU0,0,0,obt-collector1,60

2020-02-06 13:39:02.159000+00:00,dr02,sg1,,MPLS-TE,0/RP0/CPU0,0,MPLS-TEnode0_RP0_CPU0,0,0,obt-collector1,180

2020-02-06 13:39:02.160000+00:00,dr02,sg1,,pim,0/RP0/CPU0,0,pimnode0_RP0_CPU0,0,0,obt-collector1,199

2020-02-06 13:39:24.013000+00:00,dr02,sg1,,L2VPN_ATOM,0/RP0/CPU0,0,L2VPN_ATOMnode0_RP0_CPU0,0,0,obt-collector1,120

2020-02-06 13:39:24.013000+00:00,dr02,sg1,,MPLS-TE,0/RP0/CPU0,0,MPLS-TEnode0_RP0_CPU0,0,0,obt-collector1,180

2020-02-06 13:39:24.013000+00:00,dr02,sg1,,XTC,0/RP0/CPU0,0,XTCnode0_RP0_CPU0,0,0,obt-collector1,180

2020-02-06 13:39:24.014000+00:00,dr02,sg1,,pim,0/RP0/CPU0,0,pimnode0_RP0_CPU0,0,0,obt-collector1,199

2020-02-06 13:39:24.014000+00:00,dr02,sg1,,bundlemgr_distrib,0/RP0/CPU0,0,bundlemgr_distribnode0_RP0_CPU0,0,0,obt-collector1,60

2020-02-06 13:39:24.014000+00:00,dr02,sg1,,object_tracking,0/RP0/CPU0,0,object_trackingnode0_RP0_CPU0,0,0,obt-collector1,199

2020-02-06 13:39:24.014000+00:00,dr02,sg1,,pim6,0/RP0/CPU0,0,pim6node0_RP0_CPU0,0,0,obt-collector1,199

2020-02-06 13:39:24.014000+00:00,dr02,sg1,,bgp-default,0/RP0/CPU0,36,bgp-defaultnode0_RP0_CPU0,0,0,obt-collector1,60

2020-02-06 13:39:24.014000+00:00,dr02,sg1,,ipv4_static,0/RP0/CPU0,0,ipv4_staticnode0_RP0_CPU0,0,0,obt-collector1,60

2020-02-06 13:39:24.014000+00:00,dr02,sg1,,isis-SAIN,0/RP0/CPU0,0,isis-SAINnode0_RP0_CPU0,0,0,obt-collector1,60

2020-02-06 13:39:45.713000+00:00,dr02,sg1,,MPLS-TE,0/RP0/CPU0,0,MPLS-TEnode0_RP0_CPU0,0,0,obt-collector1,180

2020-02-06 13:39:45.713000+00:00,dr02,sg1,,L2VPN_ATOM,0/RP0/CPU0,0,L2VPN_ATOMnode0_RP0_CPU0,0,0,obt-collector1,120

2020-02-06 13:39:45.714000+00:00,dr02,sg1,,ipv4_static,0/RP0/CPU0,0,ipv4_staticnode0_RP0_CPU0,0,0,obt-collector1,60

2020-02-06 13:39:45.714000+00:00,dr02,sg1,,object_tracking,0/RP0/CPU0,0,object_trackingnode0_RP0_CPU0,0,0,obt-collector1,199

2020-02-06 13:39:45.714000+00:00,dr02,sg1,,pim,0/RP0/CPU0,0,pimnode0_RP0_CPU0,0,0,obt-collector1,199

2020-02-06 13:39:45.714000+00:00,dr02,sg1,,XTC,0/RP0/CPU0,0,XTCnode0_RP0_CPU0,0,0,obt-collector1,180

2020-02-06 13:39:45.714000+00:00,dr02,sg1,,bundlemgr_distrib,0/RP0/CPU0,0,bundlemgr_distribnode0_RP0_CPU0,0,0,obt-collector1,60

2020-02-06 13:39:45.714000+00:00,dr02,sg1,,isis-SAIN,0/RP0/CPU0,0,isis-SAINnode0_RP0_CPU0,0,0,obt-collector1,60

2020-02-06 13:39:45.714000+00:00,dr02,sg1,,bgp-default,0/RP0/CPU0,36,bgp-defaultnode0_RP0_CPU0,0,0,obt-collector1,60

2020-02-06 13:39:45.714000+00:00,dr02,sg1,,pim6,0/RP0/CPU0,0,pim6node0_RP0_CPU0,0,0,obt-collector1,199

2020-02-06 13:40:07.994000+00:00,dr02,sg1,,bgp-default,0/RP0/CPU0,36,bgp-defaultnode0_RP0_CPU0,0,0,obt-collector1,60

2020-02-06 13:40:07.994000+00:00,dr02,sg1,,pim6,0/RP0/CPU0,0,pim6node0_RP0_CPU0,0,0,obt-collector1,199

2020-02-06 13:40:07.994000+00:00,dr02,sg1,,ipv4_static,0/RP0/CPU0,0,ipv4_staticnode0_RP0_CPU0,0,0,obt-collector1,60

2020-02-06 13:40:07.994000+00:00,dr02,sg1,,MPLS-TE,0/RP0/CPU0,0,MPLS-TEnode0_RP0_CPU0,0,0,obt-collector1,180

2020-02-06 13:40:07.994000+00:00,dr02,sg1,,L2VPN_ATOM,0/RP0/CPU0,0,L2VPN_ATOMnode0_RP0_CPU0,0,0,obt-collector1,120

2020-02-06 13:40:07.994000+00:00,dr02,sg1,,object_tracking,0/RP0/CPU0,0,object_trackingnode0_RP0_CPU0,0,0,obt-collector1,199

2020-02-06 13:40:07.994000+00:00,dr02,sg1,,isis-SAIN,0/RP0/CPU0,0,isis-SAINnode0_RP0_CPU0,0,0,obt-collector1,60

2020-02-06 13:40:07.994000+00:00,dr02,sg1,,XTC,0/RP0/CPU0,0,XTCnode0_RP0_CPU0,0,0,obt-collector1,180

2020-02-06 13:40:07.994000+00:00,dr02,sg1,,bundlemgr_distrib,0/RP0/CPU0,0,bundlemgr_distribnode0_RP0_CPU0,0,0,obt-collector1,60

2020-02-06 13:40:07.995000+00:00,dr02,sg1,,pim,0/RP0/CPU0,0,pimnode0_RP0_CPU0,0,0,obt-collector1,199

