,Producer,Target,host,interface-counts/admin-down-interface-count,interface-counts/down-interface-count,interface-counts/interface-count,interface-counts/up-interface-count,interface-type-list/interface-counts/admin-down-interface-count,interface-type-list/interface-counts/down-interface-count,interface-type-list/interface-counts/interface-count,interface-type-list/interface-counts/up-interface-count,interface-type-list/interface-type-description,interface-type-list/interface-type-name,interface-type/interface-counts/admin-down-interface-count,interface-type/interface-counts/down-interface-count,interface-type/interface-counts/interface-count,interface-type/interface-counts/up-interface-count,interface-type/interface-type-description,interface-type/interface-type-name

2020-02-02 19:44:49.215000+00:00,leaf5,sg10,obt-collector1,3,11,38,24,,,,,,,0,0,1,1,Null interface,IFT_NULL

2020-02-02 19:44:59.212000+00:00,leaf5,sg10,obt-collector1,3,11,38,24,,,,,,,0,0,1,1,Null interface,IFT_NULL

2020-02-02 19:45:09.296000+00:00,leaf5,sg10,obt-collector1,3,11,38,24,,,,,,,0,0,1,1,Null interface,IFT_NULL

2020-02-02 19:45:19.185000+00:00,leaf5,sg10,obt-collector1,3,11,38,24,,,,,,,0,0,1,1,Null interface,IFT_NULL

2020-02-02 19:45:29.264000+00:00,leaf5,sg10,obt-collector1,3,11,38,24,,,,,,,0,0,1,1,Null interface,IFT_NULL

2020-02-02 19:45:39.217000+00:00,leaf5,sg10,obt-collector1,3,11,38,24,,,,,,,0,0,1,1,Null interface,IFT_NULL

2020-02-02 19:45:49.206000+00:00,leaf5,sg10,obt-collector1,3,11,38,24,,,,,,,0,0,1,1,Null interface,IFT_NULL

2020-02-02 19:45:59.204000+00:00,leaf5,sg10,obt-collector1,3,11,38,24,,,,,,,0,0,1,1,Null interface,IFT_NULL

2020-02-02 19:46:09.205000+00:00,leaf5,sg10,obt-collector1,3,11,38,24,,,,,,,0,0,1,1,Null interface,IFT_NULL

2020-02-02 19:46:19.202000+00:00,leaf5,sg10,obt-collector1,3,11,38,24,,,,,,,0,0,1,1,Null interface,IFT_NULL

2020-02-02 19:46:29.204000+00:00,leaf5,sg10,obt-collector1,3,11,38,24,,,,,,,0,0,1,1,Null interface,IFT_NULL

2020-02-02 19:46:39.215000+00:00,leaf5,sg10,obt-collector1,3,11,38,24,,,,,,,0,0,1,1,Null interface,IFT_NULL

2020-02-02 19:46:49.214000+00:00,leaf5,sg10,obt-collector1,3,11,38,24,,,,,,,0,0,1,1,Null interface,IFT_NULL

2020-02-02 19:46:59.239000+00:00,leaf5,sg10,obt-collector1,3,11,38,24,,,,,,,0,0,1,1,Null interface,IFT_NULL

2020-02-02 19:47:09.209000+00:00,leaf5,sg10,obt-collector1,3,11,38,24,,,,,,,0,0,1,1,Null interface,IFT_NULL

2020-02-02 19:47:19.251000+00:00,leaf5,sg10,obt-collector1,3,11,38,24,,,,,,,0,0,1,1,Null interface,IFT_NULL

2020-02-02 19:47:29.204000+00:00,leaf5,sg10,obt-collector1,3,11,38,24,,,,,,,0,0,1,1,Null interface,IFT_NULL

2020-02-02 19:47:39.203000+00:00,leaf5,sg10,obt-collector1,3,11,38,24,,,,,,,0,0,1,1,Null interface,IFT_NULL

2020-02-02 19:47:49.210000+00:00,leaf5,sg10,obt-collector1,3,11,38,24,,,,,,,0,0,1,1,Null interface,IFT_NULL

2020-02-02 19:47:59.255000+00:00,leaf5,sg10,obt-collector1,3,11,38,24,,,,,,,0,0,1,1,Null interface,IFT_NULL

2020-02-02 19:48:09.222000+00:00,leaf5,sg10,obt-collector1,3,11,38,24,,,,,,,0,0,1,1,Null interface,IFT_NULL

2020-02-02 19:48:19.210000+00:00,leaf5,sg10,obt-collector1,3,11,38,24,,,,,,,0,0,1,1,Null interface,IFT_NULL

2020-02-02 19:48:29.270000+00:00,leaf5,sg10,obt-collector1,3,11,38,24,,,,,,,0,0,1,1,Null interface,IFT_NULL

2020-02-02 19:48:39.197000+00:00,leaf5,sg10,obt-collector1,3,11,38,24,,,,,,,0,0,1,1,Null interface,IFT_NULL

2020-02-02 19:48:49.274000+00:00,leaf5,sg10,obt-collector1,3,11,38,24,,,,,,,0,0,1,1,Null interface,IFT_NULL

2020-02-02 19:48:59.214000+00:00,leaf5,sg10,obt-collector1,3,11,38,24,,,,,,,0,0,1,1,Null interface,IFT_NULL

2020-02-02 19:49:09.235000+00:00,leaf5,sg10,obt-collector1,3,11,38,24,,,,,,,0,0,1,1,Null interface,IFT_NULL

2020-02-02 19:49:19.234000+00:00,leaf5,sg10,obt-collector1,3,11,38,24,,,,,,,0,0,1,1,Null interface,IFT_NULL

2020-02-02 19:49:29.213000+00:00,leaf5,sg10,obt-collector1,3,11,38,24,,,,,,,0,0,1,1,Null interface,IFT_NULL

2020-02-02 19:49:39.226000+00:00,leaf5,sg10,obt-collector1,3,11,38,24,,,,,,,0,0,1,1,Null interface,IFT_NULL

2020-02-02 19:49:49.214000+00:00,leaf5,sg10,obt-collector1,3,11,38,24,,,,,,,0,0,1,1,Null interface,IFT_NULL

2020-02-02 19:49:59.243000+00:00,leaf5,sg10,obt-collector1,3,11,38,24,,,,,,,0,0,1,1,Null interface,IFT_NULL

2020-02-02 19:50:09.213000+00:00,leaf5,sg10,obt-collector1,3,11,38,24,,,,,,,0,0,1,1,Null interface,IFT_NULL

2020-02-02 19:50:19.279000+00:00,leaf5,sg10,obt-collector1,3,11,38,24,,,,,,,0,0,1,1,Null interface,IFT_NULL

2020-02-02 19:50:29.223000+00:00,leaf5,sg10,obt-collector1,3,11,38,24,,,,,,,0,0,1,1,Null interface,IFT_NULL

2020-02-02 19:50:39.235000+00:00,leaf5,sg10,obt-collector1,3,11,38,24,,,,,,,0,0,1,1,Null interface,IFT_NULL

2020-02-02 19:50:49.238000+00:00,leaf5,sg10,obt-collector1,3,11,38,24,,,,,,,0,0,1,1,Null interface,IFT_NULL

2020-02-02 19:50:59.214000+00:00,leaf5,sg10,obt-collector1,3,11,38,24,,,,,,,0,0,1,1,Null interface,IFT_NULL

2020-02-02 19:51:09.208000+00:00,leaf5,sg10,obt-collector1,3,11,38,24,,,,,,,0,0,1,1,Null interface,IFT_NULL

2020-02-02 19:51:19.232000+00:00,leaf5,sg10,obt-collector1,3,11,38,24,,,,,,,0,0,1,1,Null interface,IFT_NULL

2020-02-02 19:51:29.210000+00:00,leaf5,sg10,obt-collector1,3,11,38,24,,,,,,,0,0,1,1,Null interface,IFT_NULL

2020-02-02 19:51:39.220000+00:00,leaf5,sg10,obt-collector1,3,11,38,24,,,,,,,0,0,1,1,Null interface,IFT_NULL

2020-02-02 19:51:49.297000+00:00,leaf5,sg10,obt-collector1,3,11,38,24,,,,,,,0,0,1,1,Null interface,IFT_NULL

2020-02-02 19:51:59.224000+00:00,leaf5,sg10,obt-collector1,3,11,38,24,,,,,,,0,0,1,1,Null interface,IFT_NULL

2020-02-02 19:52:09.290000+00:00,leaf5,sg10,obt-collector1,3,11,38,24,,,,,,,0,0,1,1,Null interface,IFT_NULL

2020-02-02 19:52:19.223000+00:00,leaf5,sg10,obt-collector1,3,11,38,24,,,,,,,0,0,1,1,Null interface,IFT_NULL

2020-02-02 19:52:29.235000+00:00,leaf5,sg10,obt-collector1,3,11,38,24,,,,,,,0,0,1,1,Null interface,IFT_NULL

2020-02-02 19:52:39.211000+00:00,leaf5,sg10,obt-collector1,3,11,38,24,,,,,,,0,0,1,1,Null interface,IFT_NULL

2020-02-02 19:52:49.200000+00:00,leaf5,sg10,obt-collector1,3,11,38,24,,,,,,,0,0,1,1,Null interface,IFT_NULL

2020-02-02 19:52:59.208000+00:00,leaf5,sg10,obt-collector1,3,11,38,24,,,,,,,0,0,1,1,Null interface,IFT_NULL

2020-02-02 19:53:09.266000+00:00,leaf5,sg10,obt-collector1,3,11,38,24,,,,,,,0,0,1,1,Null interface,IFT_NULL

2020-02-02 19:53:19.228000+00:00,leaf5,sg10,obt-collector1,3,11,38,24,,,,,,,0,0,1,1,Null interface,IFT_NULL

2020-02-02 19:53:29.255000+00:00,leaf5,sg10,obt-collector1,3,11,38,24,,,,,,,0,0,1,1,Null interface,IFT_NULL

2020-02-02 19:53:39.289000+00:00,leaf5,sg10,obt-collector1,3,11,38,24,,,,,,,0,0,1,1,Null interface,IFT_NULL

2020-02-02 19:53:49.237000+00:00,leaf5,sg10,obt-collector1,3,11,38,24,,,,,,,0,0,1,1,Null interface,IFT_NULL

2020-02-02 19:53:59.263000+00:00,leaf5,sg10,obt-collector1,3,11,38,24,,,,,,,0,0,1,1,Null interface,IFT_NULL

2020-02-02 19:54:09.229000+00:00,leaf5,sg10,obt-collector1,3,11,38,24,,,,,,,0,0,1,1,Null interface,IFT_NULL

2020-02-02 19:54:19.239000+00:00,leaf5,sg10,obt-collector1,3,11,38,24,,,,,,,0,0,1,1,Null interface,IFT_NULL

2020-02-02 19:54:29.225000+00:00,leaf5,sg10,obt-collector1,3,11,38,24,,,,,,,0,0,1,1,Null interface,IFT_NULL

2020-02-02 19:54:39.231000+00:00,leaf5,sg10,obt-collector1,3,11,38,24,,,,,,,0,0,1,1,Null interface,IFT_NULL

2020-02-02 19:54:49.234000+00:00,leaf5,sg10,obt-collector1,3,11,38,24,,,,,,,0,0,1,1,Null interface,IFT_NULL

2020-02-02 19:54:59.235000+00:00,leaf5,sg10,obt-collector1,3,11,38,24,,,,,,,0,0,1,1,Null interface,IFT_NULL

2020-02-02 19:55:09.298000+00:00,leaf5,sg10,obt-collector1,3,11,38,24,,,,,,,0,0,1,1,Null interface,IFT_NULL

2020-02-02 19:55:19.233000+00:00,leaf5,sg10,obt-collector1,3,11,38,24,,,,,,,0,0,1,1,Null interface,IFT_NULL

2020-02-02 19:55:29.305000+00:00,leaf5,sg10,obt-collector1,3,11,38,24,,,,,,,0,0,1,1,Null interface,IFT_NULL

2020-02-02 19:55:39.232000+00:00,leaf5,sg10,obt-collector1,3,11,38,24,,,,,,,0,0,1,1,Null interface,IFT_NULL

2020-02-02 19:55:49.241000+00:00,leaf5,sg10,obt-collector1,3,11,38,24,,,,,,,0,0,1,1,Null interface,IFT_NULL

2020-02-02 19:55:59.233000+00:00,leaf5,sg10,obt-collector1,3,11,38,24,,,,,,,0,0,1,1,Null interface,IFT_NULL

2020-02-02 19:56:09.246000+00:00,leaf5,sg10,obt-collector1,3,11,38,24,,,,,,,0,0,1,1,Null interface,IFT_NULL

2020-02-02 19:56:19.226000+00:00,leaf5,sg10,obt-collector1,3,11,38,24,,,,,,,0,0,1,1,Null interface,IFT_NULL

2020-02-02 19:56:29.228000+00:00,leaf5,sg10,obt-collector1,3,11,38,24,,,,,,,0,0,1,1,Null interface,IFT_NULL

2020-02-02 19:56:39.238000+00:00,leaf5,sg10,obt-collector1,3,11,38,24,,,,,,,0,0,1,1,Null interface,IFT_NULL

2020-02-02 19:56:49.231000+00:00,leaf5,sg10,obt-collector1,3,11,38,24,,,,,,,0,0,1,1,Null interface,IFT_NULL

2020-02-02 19:56:59.295000+00:00,leaf5,sg10,obt-collector1,3,11,38,24,,,,,,,0,0,1,1,Null interface,IFT_NULL

2020-02-02 19:57:09.222000+00:00,leaf5,sg10,obt-collector1,3,11,38,24,,,,,,,0,0,1,1,Null interface,IFT_NULL

2020-02-02 19:57:19.257000+00:00,leaf5,sg10,obt-collector1,3,11,38,24,,,,,,,0,0,1,1,Null interface,IFT_NULL

2020-02-02 19:57:29.256000+00:00,leaf5,sg10,obt-collector1,3,11,38,24,,,,,,,0,0,1,1,Null interface,IFT_NULL

2020-02-02 19:57:39.257000+00:00,leaf5,sg10,obt-collector1,3,11,38,24,,,,,,,0,0,1,1,Null interface,IFT_NULL

2020-02-02 19:57:49.256000+00:00,leaf5,sg10,obt-collector1,3,11,38,24,,,,,,,0,0,1,1,Null interface,IFT_NULL

2020-02-02 19:57:59.239000+00:00,leaf5,sg10,obt-collector1,3,11,38,24,,,,,,,0,0,1,1,Null interface,IFT_NULL

2020-02-02 19:58:09.229000+00:00,leaf5,sg10,obt-collector1,3,11,38,24,,,,,,,0,0,1,1,Null interface,IFT_NULL

2020-02-02 19:58:19.262000+00:00,leaf5,sg10,obt-collector1,3,11,38,24,,,,,,,0,0,1,1,Null interface,IFT_NULL

2020-02-02 19:58:29.241000+00:00,leaf5,sg10,obt-collector1,3,11,38,24,,,,,,,0,0,1,1,Null interface,IFT_NULL

2020-02-02 19:58:39.222000+00:00,leaf5,sg10,obt-collector1,3,11,38,24,,,,,,,0,0,1,1,Null interface,IFT_NULL

2020-02-02 19:58:49.266000+00:00,leaf5,sg10,obt-collector1,3,11,38,24,,,,,,,0,0,1,1,Null interface,IFT_NULL

2020-02-02 19:58:59.215000+00:00,leaf5,sg10,obt-collector1,3,11,38,24,,,,,,,0,0,1,1,Null interface,IFT_NULL

2020-02-02 19:59:09.224000+00:00,leaf5,sg10,obt-collector1,3,11,38,24,,,,,,,0,0,1,1,Null interface,IFT_NULL

2020-02-02 19:59:19.242000+00:00,leaf5,sg10,obt-collector1,3,11,38,24,,,,,,,0,0,1,1,Null interface,IFT_NULL

2020-02-02 19:59:29.220000+00:00,leaf5,sg10,obt-collector1,3,11,38,24,,,,,,,0,0,1,1,Null interface,IFT_NULL

2020-02-02 19:59:39.285000+00:00,leaf5,sg10,obt-collector1,3,11,38,24,,,,,,,0,0,1,1,Null interface,IFT_NULL

