,Producer,Target,host,icmp-stats/admin-unreachable-received,icmp-stats/admin-unreachable-sent,icmp-stats/checksum-error,icmp-stats/echo-reply-received,icmp-stats/echo-reply-sent,icmp-stats/echo-request-received,icmp-stats/echo-request-sent,icmp-stats/fragment-unreachable-received,icmp-stats/fragment-unreachable-sent,icmp-stats/hopcount-received,icmp-stats/hopcount-sent,icmp-stats/host-unreachable-received,icmp-stats/host-unreachable-sent,icmp-stats/mask-reply-received,icmp-stats/mask-reply-sent,icmp-stats/mask-request-received,icmp-stats/mask-request-sent,icmp-stats/network-unreachable-received,icmp-stats/network-unreachable-sent,icmp-stats/output,icmp-stats/param-error-received,icmp-stats/param-error-send,icmp-stats/port-unreachable-received,icmp-stats/port-unreachable-sent,icmp-stats/protocol-unreachable-received,icmp-stats/protocol-unreachable-sent,icmp-stats/reassebly-received,icmp-stats/reassembly-sent,icmp-stats/received,icmp-stats/redirect-received,icmp-stats/redirect-send,icmp-stats/router-advert-received,icmp-stats/router-solicit-received,icmp-stats/source-quench-received,icmp-stats/timestamp-received,icmp-stats/timestamp-reply-received,icmp-stats/unknown,ipv4-stats/bad-header,ipv4-stats/bad-hop-count,ipv4-stats/bad-option,ipv4-stats/bad-security-option,ipv4-stats/bad-source-address,ipv4-stats/basic-security-option,ipv4-stats/broadcast-in,ipv4-stats/broadcast-out,ipv4-stats/cipso-option,ipv4-stats/encapsulation-failed,ipv4-stats/end-option,ipv4-stats/extended-security-option,ipv4-stats/format-errors,ipv4-stats/fragment-count,ipv4-stats/input-packets,ipv4-stats/lisp-decap-error,ipv4-stats/lisp-encap-error,ipv4-stats/lisp-v4-decap,ipv4-stats/lisp-v4-encap,ipv4-stats/lisp-v6-decap,ipv4-stats/lisp-v6-encap,ipv4-stats/loose-source-route-option,ipv4-stats/multicast-in,ipv4-stats/multicast-out,ipv4-stats/no-gateway,ipv4-stats/no-protocol,ipv4-stats/no-router,ipv4-stats/noop-option,ipv4-stats/options-present,ipv4-stats/packet-too-big,ipv4-stats/packets-forwarded,ipv4-stats/packets-fragmented,ipv4-stats/packets-output,ipv4-stats/reassemble-failed,ipv4-stats/reassemble-input,ipv4-stats/reassemble-max-drop,ipv4-stats/reassemble-timeout,ipv4-stats/reassembled,ipv4-stats/received-packets,ipv4-stats/record-route-option,ipv4-stats/router-alert-option,ipv4-stats/sid-option,ipv4-stats/strict-source-route-option,ipv4-stats/timestamp-option,ipv4-stats/unknown-option,node-name

2020-02-02 20:16:49.774000+00:00,dr03,sg3,obt-collector1,0,0,0,0,0,0,0,0,0,0,0,0,0,0,0,0,0,0,0,0,0,0,0,0,0,0,0,0,0,0,0,0,0,0,0,0,0,0,0,0,0,0,0,0,0,0,0,0,0,0,0,0,0,0,0,0,0,0,0,0,0,0,0,0,0,0,0,0,0,20,0,0,0,0,0,0,0,0,0,0,0,0,0/0/CPU0

2020-02-02 20:16:49.792000+00:00,dr03,sg3,obt-collector1,0,0,0,0,0,0,0,0,0,0,34,0,0,0,0,0,0,0,0,34,0,0,0,0,0,0,0,0,0,0,0,0,0,0,0,0,0,0,0,0,0,0,0,0,0,0,0,0,0,0,0,0,0,0,0,0,0,0,0,0,0,0,0,0,0,0,0,0,0,71,0,0,0,0,0,0,0,0,0,0,0,0,0/1/CPU0

2020-02-02 20:16:49.796000+00:00,dr03,sg3,obt-collector1,0,0,0,0,36245,36245,0,12,0,0,0,13,26,0,0,42,0,0,0,37771,0,0,30813,1476,12,37,0,0,67179,0,0,0,0,0,42,0,0,0,0,0,0,0,0,0,0,0,0,0,0,0,0,48915039,0,0,0,0,0,0,0,0,0,0,42,0,0,122872,0,0,0,57958681,0,0,0,0,0,48799156,0,122872,0,0,0,0,0/RP0/CPU0

2020-02-02 20:16:59.817000+00:00,dr03,sg3,obt-collector1,0,0,0,0,0,0,0,0,0,0,0,0,0,0,0,0,0,0,0,0,0,0,0,0,0,0,0,0,0,0,0,0,0,0,0,0,0,0,0,0,0,0,0,0,0,0,0,0,0,0,0,0,0,0,0,0,0,0,0,0,0,0,0,0,0,0,0,0,0,20,0,0,0,0,0,0,0,0,0,0,0,0,0/0/CPU0

2020-02-02 20:16:59.833000+00:00,dr03,sg3,obt-collector1,0,0,0,0,0,0,0,0,0,0,34,0,0,0,0,0,0,0,0,34,0,0,0,0,0,0,0,0,0,0,0,0,0,0,0,0,0,0,0,0,0,0,0,0,0,0,0,0,0,0,0,0,0,0,0,0,0,0,0,0,0,0,0,0,0,0,0,0,0,71,0,0,0,0,0,0,0,0,0,0,0,0,0/1/CPU0

2020-02-02 20:16:59.837000+00:00,dr03,sg3,obt-collector1,0,0,0,0,36245,36245,0,12,0,0,0,13,26,0,0,42,0,0,0,37771,0,0,30813,1476,12,37,0,0,67179,0,0,0,0,0,42,0,0,0,0,0,0,0,0,0,0,0,0,0,0,0,0,48915098,0,0,0,0,0,0,0,0,0,0,42,0,0,122872,0,0,0,57959591,0,0,0,0,0,48799215,0,122872,0,0,0,0,0/RP0/CPU0

2020-02-02 20:17:09.860000+00:00,dr03,sg3,obt-collector1,0,0,0,0,0,0,0,0,0,0,0,0,0,0,0,0,0,0,0,0,0,0,0,0,0,0,0,0,0,0,0,0,0,0,0,0,0,0,0,0,0,0,0,0,0,0,0,0,0,0,0,0,0,0,0,0,0,0,0,0,0,0,0,0,0,0,0,0,0,20,0,0,0,0,0,0,0,0,0,0,0,0,0/0/CPU0

2020-02-02 20:17:09.875000+00:00,dr03,sg3,obt-collector1,0,0,0,0,0,0,0,0,0,0,34,0,0,0,0,0,0,0,0,34,0,0,0,0,0,0,0,0,0,0,0,0,0,0,0,0,0,0,0,0,0,0,0,0,0,0,0,0,0,0,0,0,0,0,0,0,0,0,0,0,0,0,0,0,0,0,0,0,0,71,0,0,0,0,0,0,0,0,0,0,0,0,0/1/CPU0

2020-02-02 20:17:09.879000+00:00,dr03,sg3,obt-collector1,0,0,0,0,36245,36245,0,12,0,0,0,13,26,0,0,42,0,0,0,37771,0,0,30813,1476,12,37,0,0,67179,0,0,0,0,0,42,0,0,0,0,0,0,0,0,0,0,0,0,0,0,0,0,48915144,0,0,0,0,0,0,0,0,0,0,42,0,0,122872,0,0,0,57962586,0,0,0,0,0,48799261,0,122872,0,0,0,0,0/RP0/CPU0

2020-02-02 20:17:19.901000+00:00,dr03,sg3,obt-collector1,0,0,0,0,0,0,0,0,0,0,0,0,0,0,0,0,0,0,0,0,0,0,0,0,0,0,0,0,0,0,0,0,0,0,0,0,0,0,0,0,0,0,0,0,0,0,0,0,0,0,0,0,0,0,0,0,0,0,0,0,0,0,0,0,0,0,0,0,0,20,0,0,0,0,0,0,0,0,0,0,0,0,0/0/CPU0

2020-02-02 20:17:19.918000+00:00,dr03,sg3,obt-collector1,0,0,0,0,0,0,0,0,0,0,34,0,0,0,0,0,0,0,0,34,0,0,0,0,0,0,0,0,0,0,0,0,0,0,0,0,0,0,0,0,0,0,0,0,0,0,0,0,0,0,0,0,0,0,0,0,0,0,0,0,0,0,0,0,0,0,0,0,0,71,0,0,0,0,0,0,0,0,0,0,0,0,0/1/CPU0

2020-02-02 20:17:19.922000+00:00,dr03,sg3,obt-collector1,0,0,0,0,36245,36245,0,12,0,0,0,13,26,0,0,42,0,0,0,37771,0,0,30813,1476,12,37,0,0,67179,0,0,0,0,0,42,0,0,0,0,0,0,0,0,0,0,0,0,0,0,0,0,48915199,0,0,0,0,0,0,0,0,0,0,42,0,0,122872,0,0,0,57963496,0,0,0,0,0,48799316,0,122872,0,0,0,0,0/RP0/CPU0

2020-02-02 20:17:29.942000+00:00,dr03,sg3,obt-collector1,0,0,0,0,0,0,0,0,0,0,0,0,0,0,0,0,0,0,0,0,0,0,0,0,0,0,0,0,0,0,0,0,0,0,0,0,0,0,0,0,0,0,0,0,0,0,0,0,0,0,0,0,0,0,0,0,0,0,0,0,0,0,0,0,0,0,0,0,0,20,0,0,0,0,0,0,0,0,0,0,0,0,0/0/CPU0

2020-02-02 20:17:29.955000+00:00,dr03,sg3,obt-collector1,0,0,0,0,0,0,0,0,0,0,34,0,0,0,0,0,0,0,0,34,0,0,0,0,0,0,0,0,0,0,0,0,0,0,0,0,0,0,0,0,0,0,0,0,0,0,0,0,0,0,0,0,0,0,0,0,0,0,0,0,0,0,0,0,0,0,0,0,0,71,0,0,0,0,0,0,0,0,0,0,0,0,0/1/CPU0

2020-02-02 20:17:29.960000+00:00,dr03,sg3,obt-collector1,0,0,0,0,36245,36245,0,12,0,0,0,13,26,0,0,42,0,0,0,37771,0,0,30813,1476,12,37,0,0,67179,0,0,0,0,0,42,0,0,0,0,0,0,0,0,0,0,0,0,0,0,0,0,48915243,0,0,0,0,0,0,0,0,0,0,42,0,0,122872,0,0,0,57965615,0,0,0,0,0,48799360,0,122872,0,0,0,0,0/RP0/CPU0

2020-02-02 20:17:39.975000+00:00,dr03,sg3,obt-collector1,0,0,0,0,0,0,0,0,0,0,0,0,0,0,0,0,0,0,0,0,0,0,0,0,0,0,0,0,0,0,0,0,0,0,0,0,0,0,0,0,0,0,0,0,0,0,0,0,0,0,0,0,0,0,0,0,0,0,0,0,0,0,0,0,0,0,0,0,0,20,0,0,0,0,0,0,0,0,0,0,0,0,0/0/CPU0

2020-02-02 20:17:39.992000+00:00,dr03,sg3,obt-collector1,0,0,0,0,0,0,0,0,0,0,34,0,0,0,0,0,0,0,0,34,0,0,0,0,0,0,0,0,0,0,0,0,0,0,0,0,0,0,0,0,0,0,0,0,0,0,0,0,0,0,0,0,0,0,0,0,0,0,0,0,0,0,0,0,0,0,0,0,0,71,0,0,0,0,0,0,0,0,0,0,0,0,0/1/CPU0

2020-02-02 20:17:39.996000+00:00,dr03,sg3,obt-collector1,0,0,0,0,36245,36245,0,12,0,0,0,13,26,0,0,42,0,0,0,37771,0,0,30813,1476,12,37,0,0,67179,0,0,0,0,0,42,0,0,0,0,0,0,0,0,0,0,0,0,0,0,0,0,48915289,0,0,0,0,0,0,0,0,0,0,42,0,0,122872,0,0,0,57967197,0,0,0,0,0,48799406,0,122872,0,0,0,0,0/RP0/CPU0

2020-02-02 20:17:50.018000+00:00,dr03,sg3,obt-collector1,0,0,0,0,0,0,0,0,0,0,0,0,0,0,0,0,0,0,0,0,0,0,0,0,0,0,0,0,0,0,0,0,0,0,0,0,0,0,0,0,0,0,0,0,0,0,0,0,0,0,0,0,0,0,0,0,0,0,0,0,0,0,0,0,0,0,0,0,0,20,0,0,0,0,0,0,0,0,0,0,0,0,0/0/CPU0

2020-02-02 20:17:50.035000+00:00,dr03,sg3,obt-collector1,0,0,0,0,0,0,0,0,0,0,34,0,0,0,0,0,0,0,0,34,0,0,0,0,0,0,0,0,0,0,0,0,0,0,0,0,0,0,0,0,0,0,0,0,0,0,0,0,0,0,0,0,0,0,0,0,0,0,0,0,0,0,0,0,0,0,0,0,0,71,0,0,0,0,0,0,0,0,0,0,0,0,0/1/CPU0

2020-02-02 20:17:50.039000+00:00,dr03,sg3,obt-collector1,0,0,0,0,36245,36245,0,12,0,0,0,13,26,0,0,42,0,0,0,37771,0,0,30813,1476,12,37,0,0,67179,0,0,0,0,0,42,0,0,0,0,0,0,0,0,0,0,0,0,0,0,0,0,48915337,0,0,0,0,0,0,0,0,0,0,42,0,0,122873,0,0,0,57969270,0,0,0,0,0,48799453,0,122873,0,0,0,0,0/RP0/CPU0

2020-02-02 20:18:00.055000+00:00,dr03,sg3,obt-collector1,0,0,0,0,0,0,0,0,0,0,0,0,0,0,0,0,0,0,0,0,0,0,0,0,0,0,0,0,0,0,0,0,0,0,0,0,0,0,0,0,0,0,0,0,0,0,0,0,0,0,0,0,0,0,0,0,0,0,0,0,0,0,0,0,0,0,0,0,0,20,0,0,0,0,0,0,0,0,0,0,0,0,0/0/CPU0

2020-02-02 20:18:00.067000+00:00,dr03,sg3,obt-collector1,0,0,0,0,0,0,0,0,0,0,34,0,0,0,0,0,0,0,0,34,0,0,0,0,0,0,0,0,0,0,0,0,0,0,0,0,0,0,0,0,0,0,0,0,0,0,0,0,0,0,0,0,0,0,0,0,0,0,0,0,0,0,0,0,0,0,0,0,0,71,0,0,0,0,0,0,0,0,0,0,0,0,0/1/CPU0

2020-02-02 20:18:00.071000+00:00,dr03,sg3,obt-collector1,0,0,0,0,36245,36245,0,12,0,0,0,13,26,0,0,42,0,0,0,37771,0,0,30813,1476,12,37,0,0,67179,0,0,0,0,0,42,0,0,0,0,0,0,0,0,0,0,0,0,0,0,0,0,48915382,0,0,0,0,0,0,0,0,0,0,42,0,0,122873,0,0,0,57971085,0,0,0,0,0,48799498,0,122873,0,0,0,0,0/RP0/CPU0

2020-02-02 20:18:10.090000+00:00,dr03,sg3,obt-collector1,0,0,0,0,0,0,0,0,0,0,0,0,0,0,0,0,0,0,0,0,0,0,0,0,0,0,0,0,0,0,0,0,0,0,0,0,0,0,0,0,0,0,0,0,0,0,0,0,0,0,0,0,0,0,0,0,0,0,0,0,0,0,0,0,0,0,0,0,0,20,0,0,0,0,0,0,0,0,0,0,0,0,0/0/CPU0

2020-02-02 20:18:10.108000+00:00,dr03,sg3,obt-collector1,0,0,0,0,0,0,0,0,0,0,34,0,0,0,0,0,0,0,0,34,0,0,0,0,0,0,0,0,0,0,0,0,0,0,0,0,0,0,0,0,0,0,0,0,0,0,0,0,0,0,0,0,0,0,0,0,0,0,0,0,0,0,0,0,0,0,0,0,0,71,0,0,0,0,0,0,0,0,0,0,0,0,0/1/CPU0

2020-02-02 20:18:10.112000+00:00,dr03,sg3,obt-collector1,0,0,0,0,36245,36245,0,12,0,0,0,13,26,0,0,42,0,0,0,37771,0,0,30813,1476,12,37,0,0,67179,0,0,0,0,0,42,0,0,0,0,0,0,0,0,0,0,0,0,0,0,0,0,48915428,0,0,0,0,0,0,0,0,0,0,42,0,0,122873,0,0,0,57972028,0,0,0,0,0,48799544,0,122873,0,0,0,0,0/RP0/CPU0

2020-02-02 20:18:20.136000+00:00,dr03,sg3,obt-collector1,0,0,0,0,0,0,0,0,0,0,0,0,0,0,0,0,0,0,0,0,0,0,0,0,0,0,0,0,0,0,0,0,0,0,0,0,0,0,0,0,0,0,0,0,0,0,0,0,0,0,0,0,0,0,0,0,0,0,0,0,0,0,0,0,0,0,0,0,0,20,0,0,0,0,0,0,0,0,0,0,0,0,0/0/CPU0

2020-02-02 20:18:20.154000+00:00,dr03,sg3,obt-collector1,0,0,0,0,0,0,0,0,0,0,34,0,0,0,0,0,0,0,0,34,0,0,0,0,0,0,0,0,0,0,0,0,0,0,0,0,0,0,0,0,0,0,0,0,0,0,0,0,0,0,0,0,0,0,0,0,0,0,0,0,0,0,0,0,0,0,0,0,0,71,0,0,0,0,0,0,0,0,0,0,0,0,0/1/CPU0

2020-02-02 20:18:20.158000+00:00,dr03,sg3,obt-collector1,0,0,0,0,36245,36245,0,12,0,0,0,13,26,0,0,42,0,0,0,37771,0,0,30813,1476,12,37,0,0,67179,0,0,0,0,0,42,0,0,0,0,0,0,0,0,0,0,0,0,0,0,0,0,48915474,0,0,0,0,0,0,0,0,0,0,42,0,0,122873,0,0,0,57974975,0,0,0,0,0,48799590,0,122873,0,0,0,0,0/RP0/CPU0

2020-02-02 20:18:30.183000+00:00,dr03,sg3,obt-collector1,0,0,0,0,0,0,0,0,0,0,0,0,0,0,0,0,0,0,0,0,0,0,0,0,0,0,0,0,0,0,0,0,0,0,0,0,0,0,0,0,0,0,0,0,0,0,0,0,0,0,0,0,0,0,0,0,0,0,0,0,0,0,0,0,0,0,0,0,0,20,0,0,0,0,0,0,0,0,0,0,0,0,0/0/CPU0

2020-02-02 20:18:30.202000+00:00,dr03,sg3,obt-collector1,0,0,0,0,0,0,0,0,0,0,34,0,0,0,0,0,0,0,0,34,0,0,0,0,0,0,0,0,0,0,0,0,0,0,0,0,0,0,0,0,0,0,0,0,0,0,0,0,0,0,0,0,0,0,0,0,0,0,0,0,0,0,0,0,0,0,0,0,0,71,0,0,0,0,0,0,0,0,0,0,0,0,0/1/CPU0

2020-02-02 20:18:30.207000+00:00,dr03,sg3,obt-collector1,0,0,0,0,36245,36245,0,12,0,0,0,13,26,0,0,42,0,0,0,37771,0,0,30813,1476,12,37,0,0,67179,0,0,0,0,0,42,0,0,0,0,0,0,0,0,0,0,0,0,0,0,0,0,48915520,0,0,0,0,0,0,0,0,0,0,42,0,0,122873,0,0,0,57975722,0,0,0,0,0,48799636,0,122873,0,0,0,0,0/RP0/CPU0

2020-02-02 20:18:40.227000+00:00,dr03,sg3,obt-collector1,0,0,0,0,0,0,0,0,0,0,0,0,0,0,0,0,0,0,0,0,0,0,0,0,0,0,0,0,0,0,0,0,0,0,0,0,0,0,0,0,0,0,0,0,0,0,0,0,0,0,0,0,0,0,0,0,0,0,0,0,0,0,0,0,0,0,0,0,0,20,0,0,0,0,0,0,0,0,0,0,0,0,0/0/CPU0

2020-02-02 20:18:40.240000+00:00,dr03,sg3,obt-collector1,0,0,0,0,0,0,0,0,0,0,34,0,0,0,0,0,0,0,0,34,0,0,0,0,0,0,0,0,0,0,0,0,0,0,0,0,0,0,0,0,0,0,0,0,0,0,0,0,0,0,0,0,0,0,0,0,0,0,0,0,0,0,0,0,0,0,0,0,0,71,0,0,0,0,0,0,0,0,0,0,0,0,0/1/CPU0

2020-02-02 20:18:40.245000+00:00,dr03,sg3,obt-collector1,0,0,0,0,36245,36245,0,12,0,0,0,13,26,0,0,42,0,0,0,37771,0,0,30813,1476,12,37,0,0,67179,0,0,0,0,0,42,0,0,0,0,0,0,0,0,0,0,0,0,0,0,0,0,48915565,0,0,0,0,0,0,0,0,0,0,42,0,0,122873,0,0,0,57978722,0,0,0,0,0,48799681,0,122873,0,0,0,0,0/RP0/CPU0

2020-02-02 20:18:50.264000+00:00,dr03,sg3,obt-collector1,0,0,0,0,0,0,0,0,0,0,0,0,0,0,0,0,0,0,0,0,0,0,0,0,0,0,0,0,0,0,0,0,0,0,0,0,0,0,0,0,0,0,0,0,0,0,0,0,0,0,0,0,0,0,0,0,0,0,0,0,0,0,0,0,0,0,0,0,0,20,0,0,0,0,0,0,0,0,0,0,0,0,0/0/CPU0

2020-02-02 20:18:50.279000+00:00,dr03,sg3,obt-collector1,0,0,0,0,0,0,0,0,0,0,34,0,0,0,0,0,0,0,0,34,0,0,0,0,0,0,0,0,0,0,0,0,0,0,0,0,0,0,0,0,0,0,0,0,0,0,0,0,0,0,0,0,0,0,0,0,0,0,0,0,0,0,0,0,0,0,0,0,0,71,0,0,0,0,0,0,0,0,0,0,0,0,0/1/CPU0

2020-02-02 20:18:50.283000+00:00,dr03,sg3,obt-collector1,0,0,0,0,36245,36245,0,12,0,0,0,13,26,0,0,42,0,0,0,37771,0,0,30813,1476,12,37,0,0,67179,0,0,0,0,0,42,0,0,0,0,0,0,0,0,0,0,0,0,0,0,0,0,48915621,0,0,0,0,0,0,0,0,0,0,42,0,0,122874,0,0,0,57979632,0,0,0,0,0,48799736,0,122874,0,0,0,0,0/RP0/CPU0

2020-02-02 20:19:00.306000+00:00,dr03,sg3,obt-collector1,0,0,0,0,0,0,0,0,0,0,0,0,0,0,0,0,0,0,0,0,0,0,0,0,0,0,0,0,0,0,0,0,0,0,0,0,0,0,0,0,0,0,0,0,0,0,0,0,0,0,0,0,0,0,0,0,0,0,0,0,0,0,0,0,0,0,0,0,0,20,0,0,0,0,0,0,0,0,0,0,0,0,0/0/CPU0

2020-02-02 20:19:00.325000+00:00,dr03,sg3,obt-collector1,0,0,0,0,0,0,0,0,0,0,34,0,0,0,0,0,0,0,0,34,0,0,0,0,0,0,0,0,0,0,0,0,0,0,0,0,0,0,0,0,0,0,0,0,0,0,0,0,0,0,0,0,0,0,0,0,0,0,0,0,0,0,0,0,0,0,0,0,0,71,0,0,0,0,0,0,0,0,0,0,0,0,0/1/CPU0

2020-02-02 20:19:00.330000+00:00,dr03,sg3,obt-collector1,0,0,0,0,36245,36245,0,12,0,0,0,13,26,0,0,42,0,0,0,37771,0,0,30813,1476,12,37,0,0,67179,0,0,0,0,0,42,0,0,0,0,0,0,0,0,0,0,0,0,0,0,0,0,48915666,0,0,0,0,0,0,0,0,0,0,42,0,0,122874,0,0,0,57982638,0,0,0,0,0,48799781,0,122874,0,0,0,0,0/RP0/CPU0

2020-02-02 20:19:10.350000+00:00,dr03,sg3,obt-collector1,0,0,0,0,0,0,0,0,0,0,0,0,0,0,0,0,0,0,0,0,0,0,0,0,0,0,0,0,0,0,0,0,0,0,0,0,0,0,0,0,0,0,0,0,0,0,0,0,0,0,0,0,0,0,0,0,0,0,0,0,0,0,0,0,0,0,0,0,0,20,0,0,0,0,0,0,0,0,0,0,0,0,0/0/CPU0

2020-02-02 20:19:10.368000+00:00,dr03,sg3,obt-collector1,0,0,0,0,0,0,0,0,0,0,34,0,0,0,0,0,0,0,0,34,0,0,0,0,0,0,0,0,0,0,0,0,0,0,0,0,0,0,0,0,0,0,0,0,0,0,0,0,0,0,0,0,0,0,0,0,0,0,0,0,0,0,0,0,0,0,0,0,0,71,0,0,0,0,0,0,0,0,0,0,0,0,0/1/CPU0

2020-02-02 20:19:10.372000+00:00,dr03,sg3,obt-collector1,0,0,0,0,36245,36245,0,12,0,0,0,13,26,0,0,42,0,0,0,37771,0,0,30813,1476,12,37,0,0,67179,0,0,0,0,0,42,0,0,0,0,0,0,0,0,0,0,0,0,0,0,0,0,48915712,0,0,0,0,0,0,0,0,0,0,42,0,0,122874,0,0,0,57983539,0,0,0,0,0,48799827,0,122874,0,0,0,0,0/RP0/CPU0

2020-02-02 20:19:20.394000+00:00,dr03,sg3,obt-collector1,0,0,0,0,0,0,0,0,0,0,0,0,0,0,0,0,0,0,0,0,0,0,0,0,0,0,0,0,0,0,0,0,0,0,0,0,0,0,0,0,0,0,0,0,0,0,0,0,0,0,0,0,0,0,0,0,0,0,0,0,0,0,0,0,0,0,0,0,0,20,0,0,0,0,0,0,0,0,0,0,0,0,0/0/CPU0

2020-02-02 20:19:20.413000+00:00,dr03,sg3,obt-collector1,0,0,0,0,0,0,0,0,0,0,34,0,0,0,0,0,0,0,0,34,0,0,0,0,0,0,0,0,0,0,0,0,0,0,0,0,0,0,0,0,0,0,0,0,0,0,0,0,0,0,0,0,0,0,0,0,0,0,0,0,0,0,0,0,0,0,0,0,0,71,0,0,0,0,0,0,0,0,0,0,0,0,0/1/CPU0

2020-02-02 20:19:20.417000+00:00,dr03,sg3,obt-collector1,0,0,0,0,36245,36245,0,12,0,0,0,13,26,0,0,42,0,0,0,37771,0,0,30813,1476,12,37,0,0,67179,0,0,0,0,0,42,0,0,0,0,0,0,0,0,0,0,0,0,0,0,0,0,48915757,0,0,0,0,0,0,0,0,0,0,42,0,0,122874,0,0,0,57986538,0,0,0,0,0,48799872,0,122874,0,0,0,0,0/RP0/CPU0

2020-02-02 20:19:30.440000+00:00,dr03,sg3,obt-collector1,0,0,0,0,0,0,0,0,0,0,0,0,0,0,0,0,0,0,0,0,0,0,0,0,0,0,0,0,0,0,0,0,0,0,0,0,0,0,0,0,0,0,0,0,0,0,0,0,0,0,0,0,0,0,0,0,0,0,0,0,0,0,0,0,0,0,0,0,0,20,0,0,0,0,0,0,0,0,0,0,0,0,0/0/CPU0

2020-02-02 20:19:30.457000+00:00,dr03,sg3,obt-collector1,0,0,0,0,0,0,0,0,0,0,34,0,0,0,0,0,0,0,0,34,0,0,0,0,0,0,0,0,0,0,0,0,0,0,0,0,0,0,0,0,0,0,0,0,0,0,0,0,0,0,0,0,0,0,0,0,0,0,0,0,0,0,0,0,0,0,0,0,0,71,0,0,0,0,0,0,0,0,0,0,0,0,0/1/CPU0

2020-02-02 20:19:30.461000+00:00,dr03,sg3,obt-collector1,0,0,0,0,36245,36245,0,12,0,0,0,13,26,0,0,42,0,0,0,37771,0,0,30813,1476,12,37,0,0,67179,0,0,0,0,0,42,0,0,0,0,0,0,0,0,0,0,0,0,0,0,0,0,48915803,0,0,0,0,0,0,0,0,0,0,42,0,0,122874,0,0,0,57987437,0,0,0,0,0,48799918,0,122874,0,0,0,0,0/RP0/CPU0

2020-02-02 20:19:40.478000+00:00,dr03,sg3,obt-collector1,0,0,0,0,0,0,0,0,0,0,0,0,0,0,0,0,0,0,0,0,0,0,0,0,0,0,0,0,0,0,0,0,0,0,0,0,0,0,0,0,0,0,0,0,0,0,0,0,0,0,0,0,0,0,0,0,0,0,0,0,0,0,0,0,0,0,0,0,0,20,0,0,0,0,0,0,0,0,0,0,0,0,0/0/CPU0

2020-02-02 20:19:40.495000+00:00,dr03,sg3,obt-collector1,0,0,0,0,0,0,0,0,0,0,34,0,0,0,0,0,0,0,0,34,0,0,0,0,0,0,0,0,0,0,0,0,0,0,0,0,0,0,0,0,0,0,0,0,0,0,0,0,0,0,0,0,0,0,0,0,0,0,0,0,0,0,0,0,0,0,0,0,0,71,0,0,0,0,0,0,0,0,0,0,0,0,0/1/CPU0

2020-02-02 20:19:40.499000+00:00,dr03,sg3,obt-collector1,0,0,0,0,36245,36245,0,12,0,0,0,13,26,0,0,42,0,0,0,37771,0,0,30813,1476,12,37,0,0,67179,0,0,0,0,0,42,0,0,0,0,0,0,0,0,0,0,0,0,0,0,0,0,48915850,0,0,0,0,0,0,0,0,0,0,42,0,0,122874,0,0,0,57990435,0,0,0,0,0,48799965,0,122874,0,0,0,0,0/RP0/CPU0

2020-02-02 20:19:50.518000+00:00,dr03,sg3,obt-collector1,0,0,0,0,0,0,0,0,0,0,0,0,0,0,0,0,0,0,0,0,0,0,0,0,0,0,0,0,0,0,0,0,0,0,0,0,0,0,0,0,0,0,0,0,0,0,0,0,0,0,0,0,0,0,0,0,0,0,0,0,0,0,0,0,0,0,0,0,0,20,0,0,0,0,0,0,0,0,0,0,0,0,0/0/CPU0

2020-02-02 20:19:50.538000+00:00,dr03,sg3,obt-collector1,0,0,0,0,0,0,0,0,0,0,34,0,0,0,0,0,0,0,0,34,0,0,0,0,0,0,0,0,0,0,0,0,0,0,0,0,0,0,0,0,0,0,0,0,0,0,0,0,0,0,0,0,0,0,0,0,0,0,0,0,0,0,0,0,0,0,0,0,0,71,0,0,0,0,0,0,0,0,0,0,0,0,0/1/CPU0

2020-02-02 20:19:50.542000+00:00,dr03,sg3,obt-collector1,0,0,0,0,36245,36245,0,12,0,0,0,13,26,0,0,42,0,0,0,37771,0,0,30813,1476,12,37,0,0,67179,0,0,0,0,0,42,0,0,0,0,0,0,0,0,0,0,0,0,0,0,0,0,48915904,0,0,0,0,0,0,0,0,0,0,42,0,0,122875,0,0,0,57991345,0,0,0,0,0,48800019,0,122875,0,0,0,0,0/RP0/CPU0

2020-02-02 20:20:00.556000+00:00,dr03,sg3,obt-collector1,0,0,0,0,0,0,0,0,0,0,0,0,0,0,0,0,0,0,0,0,0,0,0,0,0,0,0,0,0,0,0,0,0,0,0,0,0,0,0,0,0,0,0,0,0,0,0,0,0,0,0,0,0,0,0,0,0,0,0,0,0,0,0,0,0,0,0,0,0,20,0,0,0,0,0,0,0,0,0,0,0,0,0/0/CPU0

2020-02-02 20:20:00.568000+00:00,dr03,sg3,obt-collector1,0,0,0,0,0,0,0,0,0,0,34,0,0,0,0,0,0,0,0,34,0,0,0,0,0,0,0,0,0,0,0,0,0,0,0,0,0,0,0,0,0,0,0,0,0,0,0,0,0,0,0,0,0,0,0,0,0,0,0,0,0,0,0,0,0,0,0,0,0,71,0,0,0,0,0,0,0,0,0,0,0,0,0/1/CPU0

2020-02-02 20:20:00.573000+00:00,dr03,sg3,obt-collector1,0,0,0,0,36245,36245,0,12,0,0,0,13,26,0,0,42,0,0,0,37771,0,0,30813,1476,12,37,0,0,67179,0,0,0,0,0,42,0,0,0,0,0,0,0,0,0,0,0,0,0,0,0,0,48915949,0,0,0,0,0,0,0,0,0,0,42,0,0,122875,0,0,0,57994329,0,0,0,0,0,48800063,0,122875,0,0,0,0,0/RP0/CPU0

2020-02-02 20:20:10.593000+00:00,dr03,sg3,obt-collector1,0,0,0,0,0,0,0,0,0,0,0,0,0,0,0,0,0,0,0,0,0,0,0,0,0,0,0,0,0,0,0,0,0,0,0,0,0,0,0,0,0,0,0,0,0,0,0,0,0,0,0,0,0,0,0,0,0,0,0,0,0,0,0,0,0,0,0,0,0,20,0,0,0,0,0,0,0,0,0,0,0,0,0/0/CPU0

2020-02-02 20:20:10.608000+00:00,dr03,sg3,obt-collector1,0,0,0,0,0,0,0,0,0,0,34,0,0,0,0,0,0,0,0,34,0,0,0,0,0,0,0,0,0,0,0,0,0,0,0,0,0,0,0,0,0,0,0,0,0,0,0,0,0,0,0,0,0,0,0,0,0,0,0,0,0,0,0,0,0,0,0,0,0,71,0,0,0,0,0,0,0,0,0,0,0,0,0/1/CPU0

2020-02-02 20:20:10.612000+00:00,dr03,sg3,obt-collector1,0,0,0,0,36246,36246,0,12,0,0,0,13,26,0,0,42,0,0,0,37772,0,0,30813,1476,12,37,0,0,67180,0,0,0,0,0,42,0,0,0,0,0,0,0,0,0,0,0,0,0,0,0,0,48916049,0,0,0,0,0,0,0,0,0,0,42,0,0,122875,0,0,0,57995207,0,0,0,0,0,48800163,0,122875,0,0,0,0,0/RP0/CPU0

2020-02-02 20:20:20.635000+00:00,dr03,sg3,obt-collector1,0,0,0,0,0,0,0,0,0,0,0,0,0,0,0,0,0,0,0,0,0,0,0,0,0,0,0,0,0,0,0,0,0,0,0,0,0,0,0,0,0,0,0,0,0,0,0,0,0,0,0,0,0,0,0,0,0,0,0,0,0,0,0,0,0,0,0,0,0,20,0,0,0,0,0,0,0,0,0,0,0,0,0/0/CPU0

2020-02-02 20:20:20.651000+00:00,dr03,sg3,obt-collector1,0,0,0,0,0,0,0,0,0,0,34,0,0,0,0,0,0,0,0,34,0,0,0,0,0,0,0,0,0,0,0,0,0,0,0,0,0,0,0,0,0,0,0,0,0,0,0,0,0,0,0,0,0,0,0,0,0,0,0,0,0,0,0,0,0,0,0,0,0,71,0,0,0,0,0,0,0,0,0,0,0,0,0/1/CPU0

2020-02-02 20:20:20.655000+00:00,dr03,sg3,obt-collector1,0,0,0,0,36246,36246,0,12,0,0,0,13,26,0,0,42,0,0,0,37772,0,0,30813,1476,12,37,0,0,67180,0,0,0,0,0,42,0,0,0,0,0,0,0,0,0,0,0,0,0,0,0,0,48916101,0,0,0,0,0,0,0,0,0,0,42,0,0,122875,0,0,0,57997960,0,0,0,0,0,48800215,0,122875,0,0,0,0,0/RP0/CPU0

2020-02-02 20:20:30.676000+00:00,dr03,sg3,obt-collector1,0,0,0,0,0,0,0,0,0,0,0,0,0,0,0,0,0,0,0,0,0,0,0,0,0,0,0,0,0,0,0,0,0,0,0,0,0,0,0,0,0,0,0,0,0,0,0,0,0,0,0,0,0,0,0,0,0,0,0,0,0,0,0,0,0,0,0,0,0,20,0,0,0,0,0,0,0,0,0,0,0,0,0/0/CPU0

2020-02-02 20:20:30.692000+00:00,dr03,sg3,obt-collector1,0,0,0,0,0,0,0,0,0,0,34,0,0,0,0,0,0,0,0,34,0,0,0,0,0,0,0,0,0,0,0,0,0,0,0,0,0,0,0,0,0,0,0,0,0,0,0,0,0,0,0,0,0,0,0,0,0,0,0,0,0,0,0,0,0,0,0,0,0,71,0,0,0,0,0,0,0,0,0,0,0,0,0/1/CPU0

2020-02-02 20:20:30.696000+00:00,dr03,sg3,obt-collector1,0,0,0,0,36246,36246,0,12,0,0,0,13,26,0,0,42,0,0,0,37772,0,0,30813,1476,12,37,0,0,67180,0,0,0,0,0,42,0,0,0,0,0,0,0,0,0,0,0,0,0,0,0,0,48916145,0,0,0,0,0,0,0,0,0,0,42,0,0,122875,0,0,0,57998859,0,0,0,0,0,48800259,0,122875,0,0,0,0,0/RP0/CPU0

2020-02-02 20:20:40.719000+00:00,dr03,sg3,obt-collector1,0,0,0,0,0,0,0,0,0,0,0,0,0,0,0,0,0,0,0,0,0,0,0,0,0,0,0,0,0,0,0,0,0,0,0,0,0,0,0,0,0,0,0,0,0,0,0,0,0,0,0,0,0,0,0,0,0,0,0,0,0,0,0,0,0,0,0,0,0,20,0,0,0,0,0,0,0,0,0,0,0,0,0/0/CPU0

2020-02-02 20:20:40.734000+00:00,dr03,sg3,obt-collector1,0,0,0,0,0,0,0,0,0,0,34,0,0,0,0,0,0,0,0,34,0,0,0,0,0,0,0,0,0,0,0,0,0,0,0,0,0,0,0,0,0,0,0,0,0,0,0,0,0,0,0,0,0,0,0,0,0,0,0,0,0,0,0,0,0,0,0,0,0,71,0,0,0,0,0,0,0,0,0,0,0,0,0/1/CPU0

2020-02-02 20:20:40.738000+00:00,dr03,sg3,obt-collector1,0,0,0,0,36246,36246,0,12,0,0,0,13,26,0,0,42,0,0,0,37772,0,0,30813,1476,12,37,0,0,67180,0,0,0,0,0,42,0,0,0,0,0,0,0,0,0,0,0,0,0,0,0,0,48916192,0,0,0,0,0,0,0,0,0,0,42,0,0,122875,0,0,0,58001107,0,0,0,0,0,48800306,0,122875,0,0,0,0,0/RP0/CPU0

2020-02-02 20:20:50.760000+00:00,dr03,sg3,obt-collector1,0,0,0,0,0,0,0,0,0,0,0,0,0,0,0,0,0,0,0,0,0,0,0,0,0,0,0,0,0,0,0,0,0,0,0,0,0,0,0,0,0,0,0,0,0,0,0,0,0,0,0,0,0,0,0,0,0,0,0,0,0,0,0,0,0,0,0,0,0,20,0,0,0,0,0,0,0,0,0,0,0,0,0/0/CPU0

2020-02-02 20:20:50.779000+00:00,dr03,sg3,obt-collector1,0,0,0,0,0,0,0,0,0,0,34,0,0,0,0,0,0,0,0,34,0,0,0,0,0,0,0,0,0,0,0,0,0,0,0,0,0,0,0,0,0,0,0,0,0,0,0,0,0,0,0,0,0,0,0,0,0,0,0,0,0,0,0,0,0,0,0,0,0,71,0,0,0,0,0,0,0,0,0,0,0,0,0/1/CPU0

2020-02-02 20:20:50.784000+00:00,dr03,sg3,obt-collector1,0,0,0,0,36246,36246,0,12,0,0,0,13,26,0,0,42,0,0,0,37772,0,0,30813,1476,12,37,0,0,67180,0,0,0,0,0,42,0,0,0,0,0,0,0,0,0,0,0,0,0,0,0,0,48916241,0,0,0,0,0,0,0,0,0,0,42,0,0,122876,0,0,0,58002739,0,0,0,0,0,48800355,0,122876,0,0,0,0,0/RP0/CPU0

2020-02-02 20:21:00.806000+00:00,dr03,sg3,obt-collector1,0,0,0,0,0,0,0,0,0,0,0,0,0,0,0,0,0,0,0,0,0,0,0,0,0,0,0,0,0,0,0,0,0,0,0,0,0,0,0,0,0,0,0,0,0,0,0,0,0,0,0,0,0,0,0,0,0,0,0,0,0,0,0,0,0,0,0,0,0,20,0,0,0,0,0,0,0,0,0,0,0,0,0/0/CPU0

2020-02-02 20:21:00.822000+00:00,dr03,sg3,obt-collector1,0,0,0,0,0,0,0,0,0,0,34,0,0,0,0,0,0,0,0,34,0,0,0,0,0,0,0,0,0,0,0,0,0,0,0,0,0,0,0,0,0,0,0,0,0,0,0,0,0,0,0,0,0,0,0,0,0,0,0,0,0,0,0,0,0,0,0,0,0,71,0,0,0,0,0,0,0,0,0,0,0,0,0/1/CPU0

2020-02-02 20:21:00.827000+00:00,dr03,sg3,obt-collector1,0,0,0,0,36246,36246,0,12,0,0,0,13,26,0,0,42,0,0,0,37772,0,0,30813,1476,12,37,0,0,67180,0,0,0,0,0,42,0,0,0,0,0,0,0,0,0,0,0,0,0,0,0,0,48916286,0,0,0,0,0,0,0,0,0,0,42,0,0,122876,0,0,0,58004816,0,0,0,0,0,48800399,0,122876,0,0,0,0,0/RP0/CPU0

2020-02-02 20:21:10.848000+00:00,dr03,sg3,obt-collector1,0,0,0,0,0,0,0,0,0,0,0,0,0,0,0,0,0,0,0,0,0,0,0,0,0,0,0,0,0,0,0,0,0,0,0,0,0,0,0,0,0,0,0,0,0,0,0,0,0,0,0,0,0,0,0,0,0,0,0,0,0,0,0,0,0,0,0,0,0,20,0,0,0,0,0,0,0,0,0,0,0,0,0/0/CPU0

2020-02-02 20:21:10.866000+00:00,dr03,sg3,obt-collector1,0,0,0,0,0,0,0,0,0,0,34,0,0,0,0,0,0,0,0,34,0,0,0,0,0,0,0,0,0,0,0,0,0,0,0,0,0,0,0,0,0,0,0,0,0,0,0,0,0,0,0,0,0,0,0,0,0,0,0,0,0,0,0,0,0,0,0,0,0,71,0,0,0,0,0,0,0,0,0,0,0,0,0/1/CPU0

2020-02-02 20:21:10.871000+00:00,dr03,sg3,obt-collector1,0,0,0,0,36246,36246,0,12,0,0,0,13,26,0,0,42,0,0,0,37772,0,0,30813,1476,12,37,0,0,67180,0,0,0,0,0,42,0,0,0,0,0,0,0,0,0,0,0,0,0,0,0,0,48916332,0,0,0,0,0,0,0,0,0,0,42,0,0,122876,0,0,0,58006623,0,0,0,0,0,48800445,0,122876,0,0,0,0,0/RP0/CPU0

2020-02-02 20:21:20.893000+00:00,dr03,sg3,obt-collector1,0,0,0,0,0,0,0,0,0,0,0,0,0,0,0,0,0,0,0,0,0,0,0,0,0,0,0,0,0,0,0,0,0,0,0,0,0,0,0,0,0,0,0,0,0,0,0,0,0,0,0,0,0,0,0,0,0,0,0,0,0,0,0,0,0,0,0,0,0,20,0,0,0,0,0,0,0,0,0,0,0,0,0/0/CPU0

2020-02-02 20:21:20.911000+00:00,dr03,sg3,obt-collector1,0,0,0,0,0,0,0,0,0,0,34,0,0,0,0,0,0,0,0,34,0,0,0,0,0,0,0,0,0,0,0,0,0,0,0,0,0,0,0,0,0,0,0,0,0,0,0,0,0,0,0,0,0,0,0,0,0,0,0,0,0,0,0,0,0,0,0,0,0,71,0,0,0,0,0,0,0,0,0,0,0,0,0/1/CPU0

2020-02-02 20:21:20.915000+00:00,dr03,sg3,obt-collector1,0,0,0,0,36246,36246,0,12,0,0,0,13,26,0,0,42,0,0,0,37772,0,0,30816,1476,12,37,0,0,67183,0,0,0,0,0,42,0,0,0,0,0,0,0,0,0,0,0,0,0,0,0,0,48916392,0,0,0,0,0,0,0,0,0,0,42,0,0,122876,0,0,0,58008168,0,0,0,0,0,48800505,0,122876,0,0,0,0,0/RP0/CPU0

2020-02-02 20:21:30.937000+00:00,dr03,sg3,obt-collector1,0,0,0,0,0,0,0,0,0,0,0,0,0,0,0,0,0,0,0,0,0,0,0,0,0,0,0,0,0,0,0,0,0,0,0,0,0,0,0,0,0,0,0,0,0,0,0,0,0,0,0,0,0,0,0,0,0,0,0,0,0,0,0,0,0,0,0,0,0,20,0,0,0,0,0,0,0,0,0,0,0,0,0/0/CPU0

2020-02-02 20:21:30.950000+00:00,dr03,sg3,obt-collector1,0,0,0,0,0,0,0,0,0,0,34,0,0,0,0,0,0,0,0,34,0,0,0,0,0,0,0,0,0,0,0,0,0,0,0,0,0,0,0,0,0,0,0,0,0,0,0,0,0,0,0,0,0,0,0,0,0,0,0,0,0,0,0,0,0,0,0,0,0,71,0,0,0,0,0,0,0,0,0,0,0,0,0/1/CPU0

2020-02-02 20:21:30.954000+00:00,dr03,sg3,obt-collector1,0,0,0,0,36246,36246,0,12,0,0,0,13,26,0,0,42,0,0,0,37772,0,0,30816,1476,12,37,0,0,67183,0,0,0,0,0,42,0,0,0,0,0,0,0,0,0,0,0,0,0,0,0,0,48916863,0,0,0,0,0,0,0,0,0,0,42,0,0,122876,0,0,0,58010954,0,0,0,0,0,48800976,0,122876,0,0,0,0,0/RP0/CPU0

2020-02-02 20:21:40.973000+00:00,dr03,sg3,obt-collector1,0,0,0,0,0,0,0,0,0,0,0,0,0,0,0,0,0,0,0,0,0,0,0,0,0,0,0,0,0,0,0,0,0,0,0,0,0,0,0,0,0,0,0,0,0,0,0,0,0,0,0,0,0,0,0,0,0,0,0,0,0,0,0,0,0,0,0,0,0,20,0,0,0,0,0,0,0,0,0,0,0,0,0/0/CPU0

2020-02-02 20:21:40.994000+00:00,dr03,sg3,obt-collector1,0,0,0,0,0,0,0,0,0,0,34,0,0,0,0,0,0,0,0,34,0,0,0,0,0,0,0,0,0,0,0,0,0,0,0,0,0,0,0,0,0,0,0,0,0,0,0,0,0,0,0,0,0,0,0,0,0,0,0,0,0,0,0,0,0,0,0,0,0,71,0,0,0,0,0,0,0,0,0,0,0,0,0/1/CPU0

2020-02-02 20:21:40.998000+00:00,dr03,sg3,obt-collector1,0,0,0,0,36246,36246,0,12,0,0,0,13,26,0,0,42,0,0,0,37772,0,0,30816,1476,12,37,0,0,67183,0,0,0,0,0,42,0,0,0,0,0,0,0,0,0,0,0,0,0,0,0,0,48916929,0,0,0,0,0,0,0,0,0,0,42,0,0,122876,0,0,0,58011871,0,0,0,0,0,48801042,0,122876,0,0,0,0,0/RP0/CPU0

2020-02-02 20:21:51.019000+00:00,dr03,sg3,obt-collector1,0,0,0,0,0,0,0,0,0,0,0,0,0,0,0,0,0,0,0,0,0,0,0,0,0,0,0,0,0,0,0,0,0,0,0,0,0,0,0,0,0,0,0,0,0,0,0,0,0,0,0,0,0,0,0,0,0,0,0,0,0,0,0,0,0,0,0,0,0,20,0,0,0,0,0,0,0,0,0,0,0,0,0/0/CPU0

2020-02-02 20:21:51.034000+00:00,dr03,sg3,obt-collector1,0,0,0,0,0,0,0,0,0,0,34,0,0,0,0,0,0,0,0,34,0,0,0,0,0,0,0,0,0,0,0,0,0,0,0,0,0,0,0,0,0,0,0,0,0,0,0,0,0,0,0,0,0,0,0,0,0,0,0,0,0,0,0,0,0,0,0,0,0,71,0,0,0,0,0,0,0,0,0,0,0,0,0/1/CPU0

2020-02-02 20:21:51.039000+00:00,dr03,sg3,obt-collector1,0,0,0,0,36246,36246,0,12,0,0,0,13,26,0,0,42,0,0,0,37772,0,0,30816,1476,12,37,0,0,67183,0,0,0,0,0,42,0,0,0,0,0,0,0,0,0,0,0,0,0,0,0,0,48917045,0,0,0,0,0,0,0,0,0,0,42,0,0,122877,0,0,0,58014937,0,0,0,0,0,48801158,0,122877,0,0,0,0,0/RP0/CPU0

2020-02-02 20:22:01.057000+00:00,dr03,sg3,obt-collector1,0,0,0,0,0,0,0,0,0,0,0,0,0,0,0,0,0,0,0,0,0,0,0,0,0,0,0,0,0,0,0,0,0,0,0,0,0,0,0,0,0,0,0,0,0,0,0,0,0,0,0,0,0,0,0,0,0,0,0,0,0,0,0,0,0,0,0,0,0,20,0,0,0,0,0,0,0,0,0,0,0,0,0/0/CPU0

2020-02-02 20:22:01.078000+00:00,dr03,sg3,obt-collector1,0,0,0,0,0,0,0,0,0,0,34,0,0,0,0,0,0,0,0,34,0,0,0,0,0,0,0,0,0,0,0,0,0,0,0,0,0,0,0,0,0,0,0,0,0,0,0,0,0,0,0,0,0,0,0,0,0,0,0,0,0,0,0,0,0,0,0,0,0,71,0,0,0,0,0,0,0,0,0,0,0,0,0/1/CPU0

2020-02-02 20:22:01.082000+00:00,dr03,sg3,obt-collector1,0,0,0,0,36246,36246,0,12,0,0,0,13,26,0,0,42,0,0,0,37772,0,0,30816,1476,12,37,0,0,67183,0,0,0,0,0,42,0,0,0,0,0,0,0,0,0,0,0,0,0,0,0,0,48917091,0,0,0,0,0,0,0,0,0,0,42,0,0,122877,0,0,0,58015674,0,0,0,0,0,48801204,0,122877,0,0,0,0,0/RP0/CPU0

2020-02-02 20:22:11.100000+00:00,dr03,sg3,obt-collector1,0,0,0,0,0,0,0,0,0,0,0,0,0,0,0,0,0,0,0,0,0,0,0,0,0,0,0,0,0,0,0,0,0,0,0,0,0,0,0,0,0,0,0,0,0,0,0,0,0,0,0,0,0,0,0,0,0,0,0,0,0,0,0,0,0,0,0,0,0,20,0,0,0,0,0,0,0,0,0,0,0,0,0/0/CPU0

2020-02-02 20:22:11.118000+00:00,dr03,sg3,obt-collector1,0,0,0,0,0,0,0,0,0,0,34,0,0,0,0,0,0,0,0,34,0,0,0,0,0,0,0,0,0,0,0,0,0,0,0,0,0,0,0,0,0,0,0,0,0,0,0,0,0,0,0,0,0,0,0,0,0,0,0,0,0,0,0,0,0,0,0,0,0,71,0,0,0,0,0,0,0,0,0,0,0,0,0/1/CPU0

2020-02-02 20:22:11.123000+00:00,dr03,sg3,obt-collector1,0,0,0,0,36246,36246,0,12,0,0,0,13,26,0,0,42,0,0,0,37772,0,0,30816,1476,12,37,0,0,67183,0,0,0,0,0,42,0,0,0,0,0,0,0,0,0,0,0,0,0,0,0,0,48917140,0,0,0,0,0,0,0,0,0,0,42,0,0,122877,0,0,0,58018664,0,0,0,0,0,48801252,0,122877,0,0,0,0,0/RP0/CPU0

2020-02-02 20:22:21.144000+00:00,dr03,sg3,obt-collector1,0,0,0,0,0,0,0,0,0,0,0,0,0,0,0,0,0,0,0,0,0,0,0,0,0,0,0,0,0,0,0,0,0,0,0,0,0,0,0,0,0,0,0,0,0,0,0,0,0,0,0,0,0,0,0,0,0,0,0,0,0,0,0,0,0,0,0,0,0,20,0,0,0,0,0,0,0,0,0,0,0,0,0/0/CPU0

2020-02-02 20:22:21.161000+00:00,dr03,sg3,obt-collector1,0,0,0,0,0,0,0,0,0,0,34,0,0,0,0,0,0,0,0,34,0,0,0,0,0,0,0,0,0,0,0,0,0,0,0,0,0,0,0,0,0,0,0,0,0,0,0,0,0,0,0,0,0,0,0,0,0,0,0,0,0,0,0,0,0,0,0,0,0,71,0,0,0,0,0,0,0,0,0,0,0,0,0/1/CPU0

2020-02-02 20:22:21.165000+00:00,dr03,sg3,obt-collector1,0,0,0,0,36246,36246,0,12,0,0,0,13,26,0,0,42,0,0,0,37772,0,0,30816,1476,12,37,0,0,67183,0,0,0,0,0,42,0,0,0,0,0,0,0,0,0,0,0,0,0,0,0,0,48917189,0,0,0,0,0,0,0,0,0,0,42,0,0,122877,0,0,0,58019559,0,0,0,0,0,48801301,0,122877,0,0,0,0,0/RP0/CPU0

2020-02-02 20:22:31.190000+00:00,dr03,sg3,obt-collector1,0,0,0,0,0,0,0,0,0,0,0,0,0,0,0,0,0,0,0,0,0,0,0,0,0,0,0,0,0,0,0,0,0,0,0,0,0,0,0,0,0,0,0,0,0,0,0,0,0,0,0,0,0,0,0,0,0,0,0,0,0,0,0,0,0,0,0,0,0,20,0,0,0,0,0,0,0,0,0,0,0,0,0/0/CPU0

2020-02-02 20:22:31.209000+00:00,dr03,sg3,obt-collector1,0,0,0,0,0,0,0,0,0,0,34,0,0,0,0,0,0,0,0,34,0,0,0,0,0,0,0,0,0,0,0,0,0,0,0,0,0,0,0,0,0,0,0,0,0,0,0,0,0,0,0,0,0,0,0,0,0,0,0,0,0,0,0,0,0,0,0,0,0,71,0,0,0,0,0,0,0,0,0,0,0,0,0/1/CPU0

2020-02-02 20:22:31.212000+00:00,dr03,sg3,obt-collector1,0,0,0,0,36246,36246,0,12,0,0,0,13,26,0,0,42,0,0,0,37772,0,0,30816,1476,12,37,0,0,67183,0,0,0,0,0,42,0,0,0,0,0,0,0,0,0,0,0,0,0,0,0,0,48917235,0,0,0,0,0,0,0,0,0,0,42,0,0,122877,0,0,0,58022382,0,0,0,0,0,48801347,0,122877,0,0,0,0,0/RP0/CPU0

2020-02-02 20:22:41.231000+00:00,dr03,sg3,obt-collector1,0,0,0,0,0,0,0,0,0,0,0,0,0,0,0,0,0,0,0,0,0,0,0,0,0,0,0,0,0,0,0,0,0,0,0,0,0,0,0,0,0,0,0,0,0,0,0,0,0,0,0,0,0,0,0,0,0,0,0,0,0,0,0,0,0,0,0,0,0,20,0,0,0,0,0,0,0,0,0,0,0,0,0/0/CPU0

2020-02-02 20:22:41.250000+00:00,dr03,sg3,obt-collector1,0,0,0,0,0,0,0,0,0,0,34,0,0,0,0,0,0,0,0,34,0,0,0,0,0,0,0,0,0,0,0,0,0,0,0,0,0,0,0,0,0,0,0,0,0,0,0,0,0,0,0,0,0,0,0,0,0,0,0,0,0,0,0,0,0,0,0,0,0,71,0,0,0,0,0,0,0,0,0,0,0,0,0/1/CPU0

2020-02-02 20:22:41.255000+00:00,dr03,sg3,obt-collector1,0,0,0,0,36246,36246,0,12,0,0,0,13,26,0,0,42,0,0,0,37772,0,0,30816,1476,12,37,0,0,67183,0,0,0,0,0,42,0,0,0,0,0,0,0,0,0,0,0,0,0,0,0,0,48917285,0,0,0,0,0,0,0,0,0,0,42,0,0,122877,0,0,0,58023288,0,0,0,0,0,48801397,0,122877,0,0,0,0,0/RP0/CPU0

2020-02-02 20:22:51.276000+00:00,dr03,sg3,obt-collector1,0,0,0,0,0,0,0,0,0,0,0,0,0,0,0,0,0,0,0,0,0,0,0,0,0,0,0,0,0,0,0,0,0,0,0,0,0,0,0,0,0,0,0,0,0,0,0,0,0,0,0,0,0,0,0,0,0,0,0,0,0,0,0,0,0,0,0,0,0,20,0,0,0,0,0,0,0,0,0,0,0,0,0/0/CPU0

2020-02-02 20:22:51.295000+00:00,dr03,sg3,obt-collector1,0,0,0,0,0,0,0,0,0,0,34,0,0,0,0,0,0,0,0,34,0,0,0,0,0,0,0,0,0,0,0,0,0,0,0,0,0,0,0,0,0,0,0,0,0,0,0,0,0,0,0,0,0,0,0,0,0,0,0,0,0,0,0,0,0,0,0,0,0,71,0,0,0,0,0,0,0,0,0,0,0,0,0/1/CPU0

2020-02-02 20:22:51.301000+00:00,dr03,sg3,obt-collector1,0,0,0,0,36246,36246,0,12,0,0,0,13,26,0,0,42,0,0,0,37772,0,0,30816,1476,12,37,0,0,67183,0,0,0,0,0,42,0,0,0,0,0,0,0,0,0,0,0,0,0,0,0,0,48917329,0,0,0,0,0,0,0,0,0,0,42,0,0,122878,0,0,0,58026270,0,0,0,0,0,48801441,0,122878,0,0,0,0,0/RP0/CPU0

2020-02-02 20:23:01.315000+00:00,dr03,sg3,obt-collector1,0,0,0,0,0,0,0,0,0,0,0,0,0,0,0,0,0,0,0,0,0,0,0,0,0,0,0,0,0,0,0,0,0,0,0,0,0,0,0,0,0,0,0,0,0,0,0,0,0,0,0,0,0,0,0,0,0,0,0,0,0,0,0,0,0,0,0,0,0,20,0,0,0,0,0,0,0,0,0,0,0,0,0/0/CPU0

2020-02-02 20:23:01.333000+00:00,dr03,sg3,obt-collector1,0,0,0,0,0,0,0,0,0,0,34,0,0,0,0,0,0,0,0,34,0,0,0,0,0,0,0,0,0,0,0,0,0,0,0,0,0,0,0,0,0,0,0,0,0,0,0,0,0,0,0,0,0,0,0,0,0,0,0,0,0,0,0,0,0,0,0,0,0,71,0,0,0,0,0,0,0,0,0,0,0,0,0/1/CPU0

2020-02-02 20:23:01.337000+00:00,dr03,sg3,obt-collector1,0,0,0,0,36246,36246,0,12,0,0,0,13,26,0,0,42,0,0,0,37772,0,0,30816,1476,12,37,0,0,67183,0,0,0,0,0,42,0,0,0,0,0,0,0,0,0,0,0,0,0,0,0,0,48917371,0,0,0,0,0,0,0,0,0,0,42,0,0,122878,0,0,0,58027171,0,0,0,0,0,48801483,0,122878,0,0,0,0,0/RP0/CPU0

2020-02-02 20:23:11.360000+00:00,dr03,sg3,obt-collector1,0,0,0,0,0,0,0,0,0,0,0,0,0,0,0,0,0,0,0,0,0,0,0,0,0,0,0,0,0,0,0,0,0,0,0,0,0,0,0,0,0,0,0,0,0,0,0,0,0,0,0,0,0,0,0,0,0,0,0,0,0,0,0,0,0,0,0,0,0,20,0,0,0,0,0,0,0,0,0,0,0,0,0/0/CPU0

2020-02-02 20:23:11.383000+00:00,dr03,sg3,obt-collector1,0,0,0,0,0,0,0,0,0,0,34,0,0,0,0,0,0,0,0,34,0,0,0,0,0,0,0,0,0,0,0,0,0,0,0,0,0,0,0,0,0,0,0,0,0,0,0,0,0,0,0,0,0,0,0,0,0,0,0,0,0,0,0,0,0,0,0,0,0,71,0,0,0,0,0,0,0,0,0,0,0,0,0/1/CPU0

2020-02-02 20:23:11.389000+00:00,dr03,sg3,obt-collector1,0,0,0,0,36246,36246,0,12,0,0,0,13,26,0,0,42,0,0,0,37772,0,0,30816,1476,12,37,0,0,67183,0,0,0,0,0,42,0,0,0,0,0,0,0,0,0,0,0,0,0,0,0,0,48917420,0,0,0,0,0,0,0,0,0,0,42,0,0,122878,0,0,0,58030175,0,0,0,0,0,48801531,0,122878,0,0,0,0,0/RP0/CPU0

2020-02-02 20:23:21.408000+00:00,dr03,sg3,obt-collector1,0,0,0,0,0,0,0,0,0,0,0,0,0,0,0,0,0,0,0,0,0,0,0,0,0,0,0,0,0,0,0,0,0,0,0,0,0,0,0,0,0,0,0,0,0,0,0,0,0,0,0,0,0,0,0,0,0,0,0,0,0,0,0,0,0,0,0,0,0,20,0,0,0,0,0,0,0,0,0,0,0,0,0/0/CPU0

2020-02-02 20:23:21.427000+00:00,dr03,sg3,obt-collector1,0,0,0,0,0,0,0,0,0,0,34,0,0,0,0,0,0,0,0,34,0,0,0,0,0,0,0,0,0,0,0,0,0,0,0,0,0,0,0,0,0,0,0,0,0,0,0,0,0,0,0,0,0,0,0,0,0,0,0,0,0,0,0,0,0,0,0,0,0,71,0,0,0,0,0,0,0,0,0,0,0,0,0/1/CPU0

2020-02-02 20:23:21.432000+00:00,dr03,sg3,obt-collector1,0,0,0,0,36246,36246,0,12,0,0,0,13,26,0,0,42,0,0,0,37772,0,0,30816,1476,12,37,0,0,67183,0,0,0,0,0,42,0,0,0,0,0,0,0,0,0,0,0,0,0,0,0,0,48917466,0,0,0,0,0,0,0,0,0,0,42,0,0,122878,0,0,0,58031079,0,0,0,0,0,48801577,0,122878,0,0,0,0,0/RP0/CPU0

2020-02-02 20:23:31.447000+00:00,dr03,sg3,obt-collector1,0,0,0,0,0,0,0,0,0,0,0,0,0,0,0,0,0,0,0,0,0,0,0,0,0,0,0,0,0,0,0,0,0,0,0,0,0,0,0,0,0,0,0,0,0,0,0,0,0,0,0,0,0,0,0,0,0,0,0,0,0,0,0,0,0,0,0,0,0,20,0,0,0,0,0,0,0,0,0,0,0,0,0/0/CPU0

2020-02-02 20:23:31.462000+00:00,dr03,sg3,obt-collector1,0,0,0,0,0,0,0,0,0,0,34,0,0,0,0,0,0,0,0,34,0,0,0,0,0,0,0,0,0,0,0,0,0,0,0,0,0,0,0,0,0,0,0,0,0,0,0,0,0,0,0,0,0,0,0,0,0,0,0,0,0,0,0,0,0,0,0,0,0,71,0,0,0,0,0,0,0,0,0,0,0,0,0/1/CPU0

2020-02-02 20:23:31.466000+00:00,dr03,sg3,obt-collector1,0,0,0,0,36246,36246,0,12,0,0,0,13,26,0,0,42,0,0,0,37772,0,0,30816,1476,12,37,0,0,67183,0,0,0,0,0,42,0,0,0,0,0,0,0,0,0,0,0,0,0,0,0,0,48917511,0,0,0,0,0,0,0,0,0,0,42,0,0,122878,0,0,0,58034067,0,0,0,0,0,48801622,0,122878,0,0,0,0,0/RP0/CPU0

2020-02-02 20:23:41.488000+00:00,dr03,sg3,obt-collector1,0,0,0,0,0,0,0,0,0,0,0,0,0,0,0,0,0,0,0,0,0,0,0,0,0,0,0,0,0,0,0,0,0,0,0,0,0,0,0,0,0,0,0,0,0,0,0,0,0,0,0,0,0,0,0,0,0,0,0,0,0,0,0,0,0,0,0,0,0,20,0,0,0,0,0,0,0,0,0,0,0,0,0/0/CPU0

2020-02-02 20:23:41.506000+00:00,dr03,sg3,obt-collector1,0,0,0,0,0,0,0,0,0,0,34,0,0,0,0,0,0,0,0,34,0,0,0,0,0,0,0,0,0,0,0,0,0,0,0,0,0,0,0,0,0,0,0,0,0,0,0,0,0,0,0,0,0,0,0,0,0,0,0,0,0,0,0,0,0,0,0,0,0,71,0,0,0,0,0,0,0,0,0,0,0,0,0/1/CPU0

2020-02-02 20:23:41.512000+00:00,dr03,sg3,obt-collector1,0,0,0,0,36246,36246,0,12,0,0,0,13,26,0,0,42,0,0,0,37772,0,0,30816,1476,12,37,0,0,67183,0,0,0,0,0,42,0,0,0,0,0,0,0,0,0,0,0,0,0,0,0,0,48917564,0,0,0,0,0,0,0,0,0,0,42,0,0,122878,0,0,0,58034981,0,0,0,0,0,48801675,0,122878,0,0,0,0,0/RP0/CPU0

2020-02-02 20:23:51.535000+00:00,dr03,sg3,obt-collector1,0,0,0,0,0,0,0,0,0,0,0,0,0,0,0,0,0,0,0,0,0,0,0,0,0,0,0,0,0,0,0,0,0,0,0,0,0,0,0,0,0,0,0,0,0,0,0,0,0,0,0,0,0,0,0,0,0,0,0,0,0,0,0,0,0,0,0,0,0,20,0,0,0,0,0,0,0,0,0,0,0,0,0/0/CPU0

2020-02-02 20:23:51.548000+00:00,dr03,sg3,obt-collector1,0,0,0,0,0,0,0,0,0,0,34,0,0,0,0,0,0,0,0,34,0,0,0,0,0,0,0,0,0,0,0,0,0,0,0,0,0,0,0,0,0,0,0,0,0,0,0,0,0,0,0,0,0,0,0,0,0,0,0,0,0,0,0,0,0,0,0,0,0,71,0,0,0,0,0,0,0,0,0,0,0,0,0/1/CPU0

2020-02-02 20:23:51.553000+00:00,dr03,sg3,obt-collector1,0,0,0,0,36246,36246,0,12,0,0,0,13,26,0,0,42,0,0,0,37772,0,0,30816,1476,12,37,0,0,67183,0,0,0,0,0,42,0,0,0,0,0,0,0,0,0,0,0,0,0,0,0,0,48917609,0,0,0,0,0,0,0,0,0,0,42,0,0,122879,0,0,0,58037255,0,0,0,0,0,48801720,0,122879,0,0,0,0,0/RP0/CPU0

2020-02-02 20:24:01.577000+00:00,dr03,sg3,obt-collector1,0,0,0,0,0,0,0,0,0,0,0,0,0,0,0,0,0,0,0,0,0,0,0,0,0,0,0,0,0,0,0,0,0,0,0,0,0,0,0,0,0,0,0,0,0,0,0,0,0,0,0,0,0,0,0,0,0,0,0,0,0,0,0,0,0,0,0,0,0,20,0,0,0,0,0,0,0,0,0,0,0,0,0/0/CPU0

2020-02-02 20:24:01.596000+00:00,dr03,sg3,obt-collector1,0,0,0,0,0,0,0,0,0,0,34,0,0,0,0,0,0,0,0,34,0,0,0,0,0,0,0,0,0,0,0,0,0,0,0,0,0,0,0,0,0,0,0,0,0,0,0,0,0,0,0,0,0,0,0,0,0,0,0,0,0,0,0,0,0,0,0,0,0,71,0,0,0,0,0,0,0,0,0,0,0,0,0/1/CPU0

2020-02-02 20:24:01.600000+00:00,dr03,sg3,obt-collector1,0,0,0,0,36246,36246,0,12,0,0,0,13,26,0,0,42,0,0,0,37772,0,0,30816,1476,12,37,0,0,67183,0,0,0,0,0,42,0,0,0,0,0,0,0,0,0,0,0,0,0,0,0,0,48917653,0,0,0,0,0,0,0,0,0,0,42,0,0,122879,0,0,0,58038689,0,0,0,0,0,48801764,0,122879,0,0,0,0,0/RP0/CPU0

2020-02-02 20:24:11.622000+00:00,dr03,sg3,obt-collector1,0,0,0,0,0,0,0,0,0,0,0,0,0,0,0,0,0,0,0,0,0,0,0,0,0,0,0,0,0,0,0,0,0,0,0,0,0,0,0,0,0,0,0,0,0,0,0,0,0,0,0,0,0,0,0,0,0,0,0,0,0,0,0,0,0,0,0,0,0,20,0,0,0,0,0,0,0,0,0,0,0,0,0/0/CPU0

2020-02-02 20:24:11.640000+00:00,dr03,sg3,obt-collector1,0,0,0,0,0,0,0,0,0,0,34,0,0,0,0,0,0,0,0,34,0,0,0,0,0,0,0,0,0,0,0,0,0,0,0,0,0,0,0,0,0,0,0,0,0,0,0,0,0,0,0,0,0,0,0,0,0,0,0,0,0,0,0,0,0,0,0,0,0,71,0,0,0,0,0,0,0,0,0,0,0,0,0/1/CPU0

2020-02-02 20:24:11.644000+00:00,dr03,sg3,obt-collector1,0,0,0,0,36246,36246,0,12,0,0,0,13,26,0,0,42,0,0,0,37772,0,0,30816,1476,12,37,0,0,67183,0,0,0,0,0,42,0,0,0,0,0,0,0,0,0,0,0,0,0,0,0,0,48917706,0,0,0,0,0,0,0,0,0,0,42,0,0,122879,0,0,0,58040862,0,0,0,0,0,48801816,0,122879,0,0,0,0,0/RP0/CPU0

2020-02-02 20:24:21.665000+00:00,dr03,sg3,obt-collector1,0,0,0,0,0,0,0,0,0,0,0,0,0,0,0,0,0,0,0,0,0,0,0,0,0,0,0,0,0,0,0,0,0,0,0,0,0,0,0,0,0,0,0,0,0,0,0,0,0,0,0,0,0,0,0,0,0,0,0,0,0,0,0,0,0,0,0,0,0,20,0,0,0,0,0,0,0,0,0,0,0,0,0/0/CPU0

2020-02-02 20:24:21.683000+00:00,dr03,sg3,obt-collector1,0,0,0,0,0,0,0,0,0,0,34,0,0,0,0,0,0,0,0,34,0,0,0,0,0,0,0,0,0,0,0,0,0,0,0,0,0,0,0,0,0,0,0,0,0,0,0,0,0,0,0,0,0,0,0,0,0,0,0,0,0,0,0,0,0,0,0,0,0,71,0,0,0,0,0,0,0,0,0,0,0,0,0/1/CPU0

2020-02-02 20:24:21.690000+00:00,dr03,sg3,obt-collector1,0,0,0,0,36246,36246,0,12,0,0,0,13,26,0,0,42,0,0,0,37772,0,0,30816,1476,12,37,0,0,67183,0,0,0,0,0,42,0,0,0,0,0,0,0,0,0,0,0,0,0,0,0,0,48917751,0,0,0,0,0,0,0,0,0,0,42,0,0,122879,0,0,0,58042590,0,0,0,0,0,48801861,0,122879,0,0,0,0,0/RP0/CPU0

2020-02-02 20:24:31.708000+00:00,dr03,sg3,obt-collector1,0,0,0,0,0,0,0,0,0,0,0,0,0,0,0,0,0,0,0,0,0,0,0,0,0,0,0,0,0,0,0,0,0,0,0,0,0,0,0,0,0,0,0,0,0,0,0,0,0,0,0,0,0,0,0,0,0,0,0,0,0,0,0,0,0,0,0,0,0,20,0,0,0,0,0,0,0,0,0,0,0,0,0/0/CPU0

2020-02-02 20:24:31.723000+00:00,dr03,sg3,obt-collector1,0,0,0,0,0,0,0,0,0,0,34,0,0,0,0,0,0,0,0,34,0,0,0,0,0,0,0,0,0,0,0,0,0,0,0,0,0,0,0,0,0,0,0,0,0,0,0,0,0,0,0,0,0,0,0,0,0,0,0,0,0,0,0,0,0,0,0,0,0,71,0,0,0,0,0,0,0,0,0,0,0,0,0/1/CPU0

2020-02-02 20:24:31.727000+00:00,dr03,sg3,obt-collector1,0,0,0,0,36246,36246,0,12,0,0,0,13,26,0,0,42,0,0,0,37772,0,0,30816,1476,12,37,0,0,67183,0,0,0,0,0,42,0,0,0,0,0,0,0,0,0,0,0,0,0,0,0,0,48917795,0,0,0,0,0,0,0,0,0,0,42,0,0,122879,0,0,0,58044413,0,0,0,0,0,48801905,0,122879,0,0,0,0,0/RP0/CPU0

2020-02-02 20:24:41.748000+00:00,dr03,sg3,obt-collector1,0,0,0,0,0,0,0,0,0,0,0,0,0,0,0,0,0,0,0,0,0,0,0,0,0,0,0,0,0,0,0,0,0,0,0,0,0,0,0,0,0,0,0,0,0,0,0,0,0,0,0,0,0,0,0,0,0,0,0,0,0,0,0,0,0,0,0,0,0,20,0,0,0,0,0,0,0,0,0,0,0,0,0/0/CPU0

2020-02-02 20:24:41.770000+00:00,dr03,sg3,obt-collector1,0,0,0,0,0,0,0,0,0,0,34,0,0,0,0,0,0,0,0,34,0,0,0,0,0,0,0,0,0,0,0,0,0,0,0,0,0,0,0,0,0,0,0,0,0,0,0,0,0,0,0,0,0,0,0,0,0,0,0,0,0,0,0,0,0,0,0,0,0,71,0,0,0,0,0,0,0,0,0,0,0,0,0/1/CPU0

2020-02-02 20:24:41.774000+00:00,dr03,sg3,obt-collector1,0,0,0,0,36246,36246,0,12,0,0,0,13,26,0,0,42,0,0,0,37772,0,0,30816,1476,12,37,0,0,67183,0,0,0,0,0,42,0,0,0,0,0,0,0,0,0,0,0,0,0,0,0,0,48917845,0,0,0,0,0,0,0,0,0,0,42,0,0,122879,0,0,0,58046479,0,0,0,0,0,48801955,0,122879,0,0,0,0,0/RP0/CPU0

2020-02-02 20:24:51.798000+00:00,dr03,sg3,obt-collector1,0,0,0,0,0,0,0,0,0,0,0,0,0,0,0,0,0,0,0,0,0,0,0,0,0,0,0,0,0,0,0,0,0,0,0,0,0,0,0,0,0,0,0,0,0,0,0,0,0,0,0,0,0,0,0,0,0,0,0,0,0,0,0,0,0,0,0,0,0,20,0,0,0,0,0,0,0,0,0,0,0,0,0/0/CPU0

2020-02-02 20:24:51.817000+00:00,dr03,sg3,obt-collector1,0,0,0,0,0,0,0,0,0,0,34,0,0,0,0,0,0,0,0,34,0,0,0,0,0,0,0,0,0,0,0,0,0,0,0,0,0,0,0,0,0,0,0,0,0,0,0,0,0,0,0,0,0,0,0,0,0,0,0,0,0,0,0,0,0,0,0,0,0,71,0,0,0,0,0,0,0,0,0,0,0,0,0/1/CPU0

2020-02-02 20:24:51.822000+00:00,dr03,sg3,obt-collector1,0,0,0,0,36246,36246,0,12,0,0,0,13,26,0,0,42,0,0,0,37772,0,0,30816,1476,12,37,0,0,67183,0,0,0,0,0,42,0,0,0,0,0,0,0,0,0,0,0,0,0,0,0,0,48917891,0,0,0,0,0,0,0,0,0,0,42,0,0,122880,0,0,0,58047390,0,0,0,0,0,48802001,0,122880,0,0,0,0,0/RP0/CPU0

2020-02-02 20:25:01.838000+00:00,dr03,sg3,obt-collector1,0,0,0,0,0,0,0,0,0,0,0,0,0,0,0,0,0,0,0,0,0,0,0,0,0,0,0,0,0,0,0,0,0,0,0,0,0,0,0,0,0,0,0,0,0,0,0,0,0,0,0,0,0,0,0,0,0,0,0,0,0,0,0,0,0,0,0,0,0,20,0,0,0,0,0,0,0,0,0,0,0,0,0/0/CPU0

2020-02-02 20:25:01.854000+00:00,dr03,sg3,obt-collector1,0,0,0,0,0,0,0,0,0,0,34,0,0,0,0,0,0,0,0,34,0,0,0,0,0,0,0,0,0,0,0,0,0,0,0,0,0,0,0,0,0,0,0,0,0,0,0,0,0,0,0,0,0,0,0,0,0,0,0,0,0,0,0,0,0,0,0,0,0,71,0,0,0,0,0,0,0,0,0,0,0,0,0/1/CPU0

2020-02-02 20:25:01.859000+00:00,dr03,sg3,obt-collector1,0,0,0,0,36246,36246,0,12,0,0,0,13,26,0,0,42,0,0,0,37772,0,0,30816,1476,12,37,0,0,67183,0,0,0,0,0,42,0,0,0,0,0,0,0,0,0,0,0,0,0,0,0,0,48917936,0,0,0,0,0,0,0,0,0,0,42,0,0,122880,0,0,0,58050372,0,0,0,0,0,48802046,0,122880,0,0,0,0,0/RP0/CPU0

2020-02-02 20:25:11.877000+00:00,dr03,sg3,obt-collector1,0,0,0,0,0,0,0,0,0,0,0,0,0,0,0,0,0,0,0,0,0,0,0,0,0,0,0,0,0,0,0,0,0,0,0,0,0,0,0,0,0,0,0,0,0,0,0,0,0,0,0,0,0,0,0,0,0,0,0,0,0,0,0,0,0,0,0,0,0,20,0,0,0,0,0,0,0,0,0,0,0,0,0/0/CPU0

2020-02-02 20:25:11.896000+00:00,dr03,sg3,obt-collector1,0,0,0,0,0,0,0,0,0,0,34,0,0,0,0,0,0,0,0,34,0,0,0,0,0,0,0,0,0,0,0,0,0,0,0,0,0,0,0,0,0,0,0,0,0,0,0,0,0,0,0,0,0,0,0,0,0,0,0,0,0,0,0,0,0,0,0,0,0,71,0,0,0,0,0,0,0,0,0,0,0,0,0/1/CPU0

2020-02-02 20:25:11.901000+00:00,dr03,sg3,obt-collector1,0,0,0,0,36247,36247,0,12,0,0,0,13,26,0,0,42,0,0,0,37773,0,0,30816,1476,12,37,0,0,67184,0,0,0,0,0,42,0,0,0,0,0,0,0,0,0,0,0,0,0,0,0,0,48918036,0,0,0,0,0,0,0,0,0,0,42,0,0,122880,0,0,0,58051155,0,0,0,0,0,48802146,0,122880,0,0,0,0,0/RP0/CPU0

2020-02-02 20:25:21.922000+00:00,dr03,sg3,obt-collector1,0,0,0,0,0,0,0,0,0,0,0,0,0,0,0,0,0,0,0,0,0,0,0,0,0,0,0,0,0,0,0,0,0,0,0,0,0,0,0,0,0,0,0,0,0,0,0,0,0,0,0,0,0,0,0,0,0,0,0,0,0,0,0,0,0,0,0,0,0,20,0,0,0,0,0,0,0,0,0,0,0,0,0/0/CPU0

2020-02-02 20:25:21.939000+00:00,dr03,sg3,obt-collector1,0,0,0,0,0,0,0,0,0,0,34,0,0,0,0,0,0,0,0,34,0,0,0,0,0,0,0,0,0,0,0,0,0,0,0,0,0,0,0,0,0,0,0,0,0,0,0,0,0,0,0,0,0,0,0,0,0,0,0,0,0,0,0,0,0,0,0,0,0,71,0,0,0,0,0,0,0,0,0,0,0,0,0/1/CPU0

2020-02-02 20:25:21.943000+00:00,dr03,sg3,obt-collector1,0,0,0,0,36247,36247,0,12,0,0,0,13,26,0,0,42,0,0,0,37773,0,0,30816,1476,12,37,0,0,67184,0,0,0,0,0,42,0,0,0,0,0,0,0,0,0,0,0,0,0,0,0,0,48918087,0,0,0,0,0,0,0,0,0,0,42,0,0,122880,0,0,0,58054148,0,0,0,0,0,48802196,0,122880,0,0,0,0,0/RP0/CPU0

2020-02-02 20:25:31.963000+00:00,dr03,sg3,obt-collector1,0,0,0,0,0,0,0,0,0,0,0,0,0,0,0,0,0,0,0,0,0,0,0,0,0,0,0,0,0,0,0,0,0,0,0,0,0,0,0,0,0,0,0,0,0,0,0,0,0,0,0,0,0,0,0,0,0,0,0,0,0,0,0,0,0,0,0,0,0,20,0,0,0,0,0,0,0,0,0,0,0,0,0/0/CPU0

2020-02-02 20:25:31.976000+00:00,dr03,sg3,obt-collector1,0,0,0,0,0,0,0,0,0,0,34,0,0,0,0,0,0,0,0,34,0,0,0,0,0,0,0,0,0,0,0,0,0,0,0,0,0,0,0,0,0,0,0,0,0,0,0,0,0,0,0,0,0,0,0,0,0,0,0,0,0,0,0,0,0,0,0,0,0,71,0,0,0,0,0,0,0,0,0,0,0,0,0/1/CPU0

2020-02-02 20:25:31.980000+00:00,dr03,sg3,obt-collector1,0,0,0,0,36247,36247,0,12,0,0,0,13,26,0,0,42,0,0,0,37773,0,0,30816,1476,12,37,0,0,67184,0,0,0,0,0,42,0,0,0,0,0,0,0,0,0,0,0,0,0,0,0,0,48918133,0,0,0,0,0,0,0,0,0,0,42,0,0,122880,0,0,0,58055047,0,0,0,0,0,48802242,0,122880,0,0,0,0,0/RP0/CPU0

2020-02-02 20:25:42.002000+00:00,dr03,sg3,obt-collector1,0,0,0,0,0,0,0,0,0,0,0,0,0,0,0,0,0,0,0,0,0,0,0,0,0,0,0,0,0,0,0,0,0,0,0,0,0,0,0,0,0,0,0,0,0,0,0,0,0,0,0,0,0,0,0,0,0,0,0,0,0,0,0,0,0,0,0,0,0,20,0,0,0,0,0,0,0,0,0,0,0,0,0/0/CPU0

2020-02-02 20:25:42.019000+00:00,dr03,sg3,obt-collector1,0,0,0,0,0,0,0,0,0,0,34,0,0,0,0,0,0,0,0,34,0,0,0,0,0,0,0,0,0,0,0,0,0,0,0,0,0,0,0,0,0,0,0,0,0,0,0,0,0,0,0,0,0,0,0,0,0,0,0,0,0,0,0,0,0,0,0,0,0,71,0,0,0,0,0,0,0,0,0,0,0,0,0/1/CPU0

2020-02-02 20:25:42.024000+00:00,dr03,sg3,obt-collector1,0,0,0,0,36247,36247,0,12,0,0,0,13,26,0,0,42,0,0,0,37773,0,0,30816,1476,12,37,0,0,67184,0,0,0,0,0,42,0,0,0,0,0,0,0,0,0,0,0,0,0,0,0,0,48918178,0,0,0,0,0,0,0,0,0,0,42,0,0,122880,0,0,0,58057887,0,0,0,0,0,48802287,0,122880,0,0,0,0,0/RP0/CPU0

2020-02-02 20:25:52.043000+00:00,dr03,sg3,obt-collector1,0,0,0,0,0,0,0,0,0,0,0,0,0,0,0,0,0,0,0,0,0,0,0,0,0,0,0,0,0,0,0,0,0,0,0,0,0,0,0,0,0,0,0,0,0,0,0,0,0,0,0,0,0,0,0,0,0,0,0,0,0,0,0,0,0,0,0,0,0,20,0,0,0,0,0,0,0,0,0,0,0,0,0/0/CPU0

2020-02-02 20:25:52.060000+00:00,dr03,sg3,obt-collector1,0,0,0,0,0,0,0,0,0,0,34,0,0,0,0,0,0,0,0,34,0,0,0,0,0,0,0,0,0,0,0,0,0,0,0,0,0,0,0,0,0,0,0,0,0,0,0,0,0,0,0,0,0,0,0,0,0,0,0,0,0,0,0,0,0,0,0,0,0,71,0,0,0,0,0,0,0,0,0,0,0,0,0/1/CPU0

2020-02-02 20:25:52.064000+00:00,dr03,sg3,obt-collector1,0,0,0,0,36247,36247,0,12,0,0,0,13,26,0,0,42,0,0,0,37773,0,0,30816,1476,12,37,0,0,67184,0,0,0,0,0,42,0,0,0,0,0,0,0,0,0,0,0,0,0,0,0,0,48918223,0,0,0,0,0,0,0,0,0,0,42,0,0,122881,0,0,0,58058785,0,0,0,0,0,48802332,0,122881,0,0,0,0,0/RP0/CPU0

2020-02-02 20:26:02.085000+00:00,dr03,sg3,obt-collector1,0,0,0,0,0,0,0,0,0,0,0,0,0,0,0,0,0,0,0,0,0,0,0,0,0,0,0,0,0,0,0,0,0,0,0,0,0,0,0,0,0,0,0,0,0,0,0,0,0,0,0,0,0,0,0,0,0,0,0,0,0,0,0,0,0,0,0,0,0,20,0,0,0,0,0,0,0,0,0,0,0,0,0/0/CPU0

2020-02-02 20:26:02.103000+00:00,dr03,sg3,obt-collector1,0,0,0,0,0,0,0,0,0,0,34,0,0,0,0,0,0,0,0,34,0,0,0,0,0,0,0,0,0,0,0,0,0,0,0,0,0,0,0,0,0,0,0,0,0,0,0,0,0,0,0,0,0,0,0,0,0,0,0,0,0,0,0,0,0,0,0,0,0,71,0,0,0,0,0,0,0,0,0,0,0,0,0/1/CPU0

2020-02-02 20:26:02.108000+00:00,dr03,sg3,obt-collector1,0,0,0,0,36247,36247,0,12,0,0,0,13,26,0,0,42,0,0,0,37773,0,0,30816,1476,12,37,0,0,67184,0,0,0,0,0,42,0,0,0,0,0,0,0,0,0,0,0,0,0,0,0,0,48918269,0,0,0,0,0,0,0,0,0,0,42,0,0,122881,0,0,0,58061787,0,0,0,0,0,48802378,0,122881,0,0,0,0,0/RP0/CPU0

2020-02-02 20:26:12.125000+00:00,dr03,sg3,obt-collector1,0,0,0,0,0,0,0,0,0,0,0,0,0,0,0,0,0,0,0,0,0,0,0,0,0,0,0,0,0,0,0,0,0,0,0,0,0,0,0,0,0,0,0,0,0,0,0,0,0,0,0,0,0,0,0,0,0,0,0,0,0,0,0,0,0,0,0,0,0,20,0,0,0,0,0,0,0,0,0,0,0,0,0/0/CPU0

2020-02-02 20:26:12.144000+00:00,dr03,sg3,obt-collector1,0,0,0,0,0,0,0,0,0,0,34,0,0,0,0,0,0,0,0,34,0,0,0,0,0,0,0,0,0,0,0,0,0,0,0,0,0,0,0,0,0,0,0,0,0,0,0,0,0,0,0,0,0,0,0,0,0,0,0,0,0,0,0,0,0,0,0,0,0,71,0,0,0,0,0,0,0,0,0,0,0,0,0/1/CPU0

2020-02-02 20:26:12.147000+00:00,dr03,sg3,obt-collector1,0,0,0,0,36247,36247,0,12,0,0,0,13,26,0,0,42,0,0,0,37773,0,0,30816,1476,12,37,0,0,67184,0,0,0,0,0,42,0,0,0,0,0,0,0,0,0,0,0,0,0,0,0,0,48918320,0,0,0,0,0,0,0,0,0,0,42,0,0,122881,0,0,0,58062686,0,0,0,0,0,48802429,0,122881,0,0,0,0,0/RP0/CPU0

2020-02-02 20:26:22.168000+00:00,dr03,sg3,obt-collector1,0,0,0,0,0,0,0,0,0,0,0,0,0,0,0,0,0,0,0,0,0,0,0,0,0,0,0,0,0,0,0,0,0,0,0,0,0,0,0,0,0,0,0,0,0,0,0,0,0,0,0,0,0,0,0,0,0,0,0,0,0,0,0,0,0,0,0,0,0,20,0,0,0,0,0,0,0,0,0,0,0,0,0/0/CPU0

2020-02-02 20:26:22.186000+00:00,dr03,sg3,obt-collector1,0,0,0,0,0,0,0,0,0,0,34,0,0,0,0,0,0,0,0,34,0,0,0,0,0,0,0,0,0,0,0,0,0,0,0,0,0,0,0,0,0,0,0,0,0,0,0,0,0,0,0,0,0,0,0,0,0,0,0,0,0,0,0,0,0,0,0,0,0,71,0,0,0,0,0,0,0,0,0,0,0,0,0/1/CPU0

2020-02-02 20:26:22.190000+00:00,dr03,sg3,obt-collector1,0,0,0,0,36247,36247,0,12,0,0,0,13,26,0,0,42,0,0,0,37773,0,0,30817,1476,12,37,0,0,67185,0,0,0,0,0,42,0,0,0,0,0,0,0,0,0,0,0,0,0,0,0,0,48918382,0,0,0,0,0,0,0,0,0,0,42,0,0,122881,0,0,0,58065692,0,0,0,0,0,48802490,0,122881,0,0,0,0,0/RP0/CPU0

2020-02-02 20:26:32.212000+00:00,dr03,sg3,obt-collector1,0,0,0,0,0,0,0,0,0,0,0,0,0,0,0,0,0,0,0,0,0,0,0,0,0,0,0,0,0,0,0,0,0,0,0,0,0,0,0,0,0,0,0,0,0,0,0,0,0,0,0,0,0,0,0,0,0,0,0,0,0,0,0,0,0,0,0,0,0,20,0,0,0,0,0,0,0,0,0,0,0,0,0/0/CPU0

2020-02-02 20:26:32.231000+00:00,dr03,sg3,obt-collector1,0,0,0,0,0,0,0,0,0,0,34,0,0,0,0,0,0,0,0,34,0,0,0,0,0,0,0,0,0,0,0,0,0,0,0,0,0,0,0,0,0,0,0,0,0,0,0,0,0,0,0,0,0,0,0,0,0,0,0,0,0,0,0,0,0,0,0,0,0,71,0,0,0,0,0,0,0,0,0,0,0,0,0/1/CPU0

2020-02-02 20:26:32.236000+00:00,dr03,sg3,obt-collector1,0,0,0,0,36247,36247,0,12,0,0,0,13,26,0,0,42,0,0,0,37773,0,0,30817,1476,12,37,0,0,67185,0,0,0,0,0,42,0,0,0,0,0,0,0,0,0,0,0,0,0,0,0,0,48918857,0,0,0,0,0,0,0,0,0,0,42,0,0,122881,0,0,0,58067024,0,0,0,0,0,48802965,0,122881,0,0,0,0,0/RP0/CPU0

2020-02-02 20:26:42.257000+00:00,dr03,sg3,obt-collector1,0,0,0,0,0,0,0,0,0,0,0,0,0,0,0,0,0,0,0,0,0,0,0,0,0,0,0,0,0,0,0,0,0,0,0,0,0,0,0,0,0,0,0,0,0,0,0,0,0,0,0,0,0,0,0,0,0,0,0,0,0,0,0,0,0,0,0,0,0,20,0,0,0,0,0,0,0,0,0,0,0,0,0/0/CPU0

2020-02-02 20:26:42.275000+00:00,dr03,sg3,obt-collector1,0,0,0,0,0,0,0,0,0,0,34,0,0,0,0,0,0,0,0,34,0,0,0,0,0,0,0,0,0,0,0,0,0,0,0,0,0,0,0,0,0,0,0,0,0,0,0,0,0,0,0,0,0,0,0,0,0,0,0,0,0,0,0,0,0,0,0,0,0,71,0,0,0,0,0,0,0,0,0,0,0,0,0/1/CPU0

2020-02-02 20:26:42.280000+00:00,dr03,sg3,obt-collector1,0,0,0,0,36247,36247,0,12,0,0,0,13,26,0,0,42,0,0,0,37773,0,0,30817,1476,12,37,0,0,67185,0,0,0,0,0,42,0,0,0,0,0,0,0,0,0,0,0,0,0,0,0,0,48918956,0,0,0,0,0,0,0,0,0,0,42,0,0,122881,0,0,0,58070080,0,0,0,0,0,48803064,0,122881,0,0,0,0,0/RP0/CPU0

2020-02-02 20:26:52.301000+00:00,dr03,sg3,obt-collector1,0,0,0,0,0,0,0,0,0,0,0,0,0,0,0,0,0,0,0,0,0,0,0,0,0,0,0,0,0,0,0,0,0,0,0,0,0,0,0,0,0,0,0,0,0,0,0,0,0,0,0,0,0,0,0,0,0,0,0,0,0,0,0,0,0,0,0,0,0,20,0,0,0,0,0,0,0,0,0,0,0,0,0/0/CPU0

2020-02-02 20:26:52.320000+00:00,dr03,sg3,obt-collector1,0,0,0,0,0,0,0,0,0,0,34,0,0,0,0,0,0,0,0,34,0,0,0,0,0,0,0,0,0,0,0,0,0,0,0,0,0,0,0,0,0,0,0,0,0,0,0,0,0,0,0,0,0,0,0,0,0,0,0,0,0,0,0,0,0,0,0,0,0,71,0,0,0,0,0,0,0,0,0,0,0,0,0/1/CPU0

2020-02-02 20:26:52.325000+00:00,dr03,sg3,obt-collector1,0,0,0,0,36247,36247,0,12,0,0,0,13,26,0,0,42,0,0,0,37773,0,0,30817,1476,12,37,0,0,67185,0,0,0,0,0,42,0,0,0,0,0,0,0,0,0,0,0,0,0,0,0,0,48919017,0,0,0,0,0,0,0,0,0,0,42,0,0,122882,0,0,0,58070997,0,0,0,0,0,48803125,0,122882,0,0,0,0,0/RP0/CPU0

2020-02-02 20:27:02.346000+00:00,dr03,sg3,obt-collector1,0,0,0,0,0,0,0,0,0,0,0,0,0,0,0,0,0,0,0,0,0,0,0,0,0,0,0,0,0,0,0,0,0,0,0,0,0,0,0,0,0,0,0,0,0,0,0,0,0,0,0,0,0,0,0,0,0,0,0,0,0,0,0,0,0,0,0,0,0,20,0,0,0,0,0,0,0,0,0,0,0,0,0/0/CPU0

2020-02-02 20:27:02.362000+00:00,dr03,sg3,obt-collector1,0,0,0,0,0,0,0,0,0,0,34,0,0,0,0,0,0,0,0,34,0,0,0,0,0,0,0,0,0,0,0,0,0,0,0,0,0,0,0,0,0,0,0,0,0,0,0,0,0,0,0,0,0,0,0,0,0,0,0,0,0,0,0,0,0,0,0,0,0,71,0,0,0,0,0,0,0,0,0,0,0,0,0/1/CPU0

2020-02-02 20:27:02.368000+00:00,dr03,sg3,obt-collector1,0,0,0,0,36247,36247,0,12,0,0,0,13,26,0,0,42,0,0,0,37773,0,0,30817,1476,12,37,0,0,67185,0,0,0,0,0,42,0,0,0,0,0,0,0,0,0,0,0,0,0,0,0,0,48919063,0,0,0,0,0,0,0,0,0,0,42,0,0,122882,0,0,0,58073883,0,0,0,0,0,48803171,0,122882,0,0,0,0,0/RP0/CPU0

2020-02-02 20:27:12.387000+00:00,dr03,sg3,obt-collector1,0,0,0,0,0,0,0,0,0,0,0,0,0,0,0,0,0,0,0,0,0,0,0,0,0,0,0,0,0,0,0,0,0,0,0,0,0,0,0,0,0,0,0,0,0,0,0,0,0,0,0,0,0,0,0,0,0,0,0,0,0,0,0,0,0,0,0,0,0,20,0,0,0,0,0,0,0,0,0,0,0,0,0/0/CPU0

2020-02-02 20:27:12.404000+00:00,dr03,sg3,obt-collector1,0,0,0,0,0,0,0,0,0,0,34,0,0,0,0,0,0,0,0,34,0,0,0,0,0,0,0,0,0,0,0,0,0,0,0,0,0,0,0,0,0,0,0,0,0,0,0,0,0,0,0,0,0,0,0,0,0,0,0,0,0,0,0,0,0,0,0,0,0,71,0,0,0,0,0,0,0,0,0,0,0,0,0/1/CPU0

2020-02-02 20:27:12.409000+00:00,dr03,sg3,obt-collector1,0,0,0,0,36247,36247,0,12,0,0,0,13,26,0,0,42,0,0,0,37773,0,0,30817,1476,12,37,0,0,67185,0,0,0,0,0,42,0,0,0,0,0,0,0,0,0,0,0,0,0,0,0,0,48919113,0,0,0,0,0,0,0,0,0,0,42,0,0,122882,0,0,0,58074876,0,0,0,0,0,48803221,0,122882,0,0,0,0,0/RP0/CPU0

2020-02-02 20:27:22.428000+00:00,dr03,sg3,obt-collector1,0,0,0,0,0,0,0,0,0,0,0,0,0,0,0,0,0,0,0,0,0,0,0,0,0,0,0,0,0,0,0,0,0,0,0,0,0,0,0,0,0,0,0,0,0,0,0,0,0,0,0,0,0,0,0,0,0,0,0,0,0,0,0,0,0,0,0,0,0,20,0,0,0,0,0,0,0,0,0,0,0,0,0/0/CPU0

2020-02-02 20:27:22.452000+00:00,dr03,sg3,obt-collector1,0,0,0,0,0,0,0,0,0,0,34,0,0,0,0,0,0,0,0,34,0,0,0,0,0,0,0,0,0,0,0,0,0,0,0,0,0,0,0,0,0,0,0,0,0,0,0,0,0,0,0,0,0,0,0,0,0,0,0,0,0,0,0,0,0,0,0,0,0,71,0,0,0,0,0,0,0,0,0,0,0,0,0/1/CPU0

2020-02-02 20:27:22.456000+00:00,dr03,sg3,obt-collector1,0,0,0,0,36247,36247,0,12,0,0,0,13,26,0,0,42,0,0,0,37773,0,0,30817,1476,12,37,0,0,67185,0,0,0,0,0,42,0,0,0,0,0,0,0,0,0,0,0,0,0,0,0,0,48919159,0,0,0,0,0,0,0,0,0,0,42,0,0,122882,0,0,0,58076898,0,0,0,0,0,48803266,0,122882,0,0,0,0,0/RP0/CPU0

2020-02-02 20:27:32.478000+00:00,dr03,sg3,obt-collector1,0,0,0,0,0,0,0,0,0,0,0,0,0,0,0,0,0,0,0,0,0,0,0,0,0,0,0,0,0,0,0,0,0,0,0,0,0,0,0,0,0,0,0,0,0,0,0,0,0,0,0,0,0,0,0,0,0,0,0,0,0,0,0,0,0,0,0,0,0,20,0,0,0,0,0,0,0,0,0,0,0,0,0/0/CPU0

2020-02-02 20:27:32.494000+00:00,dr03,sg3,obt-collector1,0,0,0,0,0,0,0,0,0,0,34,0,0,0,0,0,0,0,0,34,0,0,0,0,0,0,0,0,0,0,0,0,0,0,0,0,0,0,0,0,0,0,0,0,0,0,0,0,0,0,0,0,0,0,0,0,0,0,0,0,0,0,0,0,0,0,0,0,0,71,0,0,0,0,0,0,0,0,0,0,0,0,0/1/CPU0

2020-02-02 20:27:32.498000+00:00,dr03,sg3,obt-collector1,0,0,0,0,36247,36247,0,12,0,0,0,13,26,0,0,42,0,0,0,37773,0,0,30817,1476,12,37,0,0,67185,0,0,0,0,0,42,0,0,0,0,0,0,0,0,0,0,0,0,0,0,0,0,48919203,0,0,0,0,0,0,0,0,0,0,42,0,0,122882,0,0,0,58078613,0,0,0,0,0,48803310,0,122882,0,0,0,0,0/RP0/CPU0

2020-02-02 20:27:42.521000+00:00,dr03,sg3,obt-collector1,0,0,0,0,0,0,0,0,0,0,0,0,0,0,0,0,0,0,0,0,0,0,0,0,0,0,0,0,0,0,0,0,0,0,0,0,0,0,0,0,0,0,0,0,0,0,0,0,0,0,0,0,0,0,0,0,0,0,0,0,0,0,0,0,0,0,0,0,0,20,0,0,0,0,0,0,0,0,0,0,0,0,0/0/CPU0

2020-02-02 20:27:42.539000+00:00,dr03,sg3,obt-collector1,0,0,0,0,0,0,0,0,0,0,34,0,0,0,0,0,0,0,0,34,0,0,0,0,0,0,0,0,0,0,0,0,0,0,0,0,0,0,0,0,0,0,0,0,0,0,0,0,0,0,0,0,0,0,0,0,0,0,0,0,0,0,0,0,0,0,0,0,0,71,0,0,0,0,0,0,0,0,0,0,0,0,0/1/CPU0

2020-02-02 20:27:42.543000+00:00,dr03,sg3,obt-collector1,0,0,0,0,36247,36247,0,12,0,0,0,13,26,0,0,42,0,0,0,37773,0,0,30817,1476,12,37,0,0,67185,0,0,0,0,0,42,0,0,0,0,0,0,0,0,0,0,0,0,0,0,0,0,48919248,0,0,0,0,0,0,0,0,0,0,42,0,0,122882,0,0,0,58080478,0,0,0,0,0,48803355,0,122882,0,0,0,0,0/RP0/CPU0

2020-02-02 20:27:52.566000+00:00,dr03,sg3,obt-collector1,0,0,0,0,0,0,0,0,0,0,0,0,0,0,0,0,0,0,0,0,0,0,0,0,0,0,0,0,0,0,0,0,0,0,0,0,0,0,0,0,0,0,0,0,0,0,0,0,0,0,0,0,0,0,0,0,0,0,0,0,0,0,0,0,0,0,0,0,0,20,0,0,0,0,0,0,0,0,0,0,0,0,0/0/CPU0

2020-02-02 20:27:52.586000+00:00,dr03,sg3,obt-collector1,0,0,0,0,0,0,0,0,0,0,34,0,0,0,0,0,0,0,0,34,0,0,0,0,0,0,0,0,0,0,0,0,0,0,0,0,0,0,0,0,0,0,0,0,0,0,0,0,0,0,0,0,0,0,0,0,0,0,0,0,0,0,0,0,0,0,0,0,0,71,0,0,0,0,0,0,0,0,0,0,0,0,0/1/CPU0

2020-02-02 20:27:52.589000+00:00,dr03,sg3,obt-collector1,0,0,0,0,36247,36247,0,12,0,0,0,13,26,0,0,42,0,0,0,37773,0,0,30817,1476,12,37,0,0,67185,0,0,0,0,0,42,0,0,0,0,0,0,0,0,0,0,0,0,0,0,0,0,48919294,0,0,0,0,0,0,0,0,0,0,42,0,0,122883,0,0,0,58082339,0,0,0,0,0,48803401,0,122883,0,0,0,0,0/RP0/CPU0

2020-02-02 20:28:02.610000+00:00,dr03,sg3,obt-collector1,0,0,0,0,0,0,0,0,0,0,0,0,0,0,0,0,0,0,0,0,0,0,0,0,0,0,0,0,0,0,0,0,0,0,0,0,0,0,0,0,0,0,0,0,0,0,0,0,0,0,0,0,0,0,0,0,0,0,0,0,0,0,0,0,0,0,0,0,0,20,0,0,0,0,0,0,0,0,0,0,0,0,0/0/CPU0

2020-02-02 20:28:02.630000+00:00,dr03,sg3,obt-collector1,0,0,0,0,0,0,0,0,0,0,34,0,0,0,0,0,0,0,0,34,0,0,0,0,0,0,0,0,0,0,0,0,0,0,0,0,0,0,0,0,0,0,0,0,0,0,0,0,0,0,0,0,0,0,0,0,0,0,0,0,0,0,0,0,0,0,0,0,0,71,0,0,0,0,0,0,0,0,0,0,0,0,0/1/CPU0

2020-02-02 20:28:02.634000+00:00,dr03,sg3,obt-collector1,0,0,0,0,36247,36247,0,12,0,0,0,13,26,0,0,42,0,0,0,37773,0,0,30817,1476,12,37,0,0,67185,0,0,0,0,0,42,0,0,0,0,0,0,0,0,0,0,0,0,0,0,0,0,48919339,0,0,0,0,0,0,0,0,0,0,42,0,0,122883,0,0,0,58083240,0,0,0,0,0,48803446,0,122883,0,0,0,0,0/RP0/CPU0

2020-02-02 20:28:12.656000+00:00,dr03,sg3,obt-collector1,0,0,0,0,0,0,0,0,0,0,0,0,0,0,0,0,0,0,0,0,0,0,0,0,0,0,0,0,0,0,0,0,0,0,0,0,0,0,0,0,0,0,0,0,0,0,0,0,0,0,0,0,0,0,0,0,0,0,0,0,0,0,0,0,0,0,0,0,0,20,0,0,0,0,0,0,0,0,0,0,0,0,0/0/CPU0

2020-02-02 20:28:12.674000+00:00,dr03,sg3,obt-collector1,0,0,0,0,0,0,0,0,0,0,34,0,0,0,0,0,0,0,0,34,0,0,0,0,0,0,0,0,0,0,0,0,0,0,0,0,0,0,0,0,0,0,0,0,0,0,0,0,0,0,0,0,0,0,0,0,0,0,0,0,0,0,0,0,0,0,0,0,0,71,0,0,0,0,0,0,0,0,0,0,0,0,0/1/CPU0

2020-02-02 20:28:12.680000+00:00,dr03,sg3,obt-collector1,0,0,0,0,36247,36247,0,12,0,0,0,13,26,0,0,42,0,0,0,37773,0,0,30817,1476,12,37,0,0,67185,0,0,0,0,0,42,0,0,0,0,0,0,0,0,0,0,0,0,0,0,0,0,48919388,0,0,0,0,0,0,0,0,0,0,42,0,0,122883,0,0,0,58086244,0,0,0,0,0,48803495,0,122883,0,0,0,0,0/RP0/CPU0

2020-02-02 20:28:22.703000+00:00,dr03,sg3,obt-collector1,0,0,0,0,0,0,0,0,0,0,0,0,0,0,0,0,0,0,0,0,0,0,0,0,0,0,0,0,0,0,0,0,0,0,0,0,0,0,0,0,0,0,0,0,0,0,0,0,0,0,0,0,0,0,0,0,0,0,0,0,0,0,0,0,0,0,0,0,0,20,0,0,0,0,0,0,0,0,0,0,0,0,0/0/CPU0

2020-02-02 20:28:22.716000+00:00,dr03,sg3,obt-collector1,0,0,0,0,0,0,0,0,0,0,34,0,0,0,0,0,0,0,0,34,0,0,0,0,0,0,0,0,0,0,0,0,0,0,0,0,0,0,0,0,0,0,0,0,0,0,0,0,0,0,0,0,0,0,0,0,0,0,0,0,0,0,0,0,0,0,0,0,0,71,0,0,0,0,0,0,0,0,0,0,0,0,0/1/CPU0

2020-02-02 20:28:22.720000+00:00,dr03,sg3,obt-collector1,0,0,0,0,36247,36247,0,12,0,0,0,13,26,0,0,42,0,0,0,37773,0,0,30817,1476,12,37,0,0,67185,0,0,0,0,0,42,0,0,0,0,0,0,0,0,0,0,0,0,0,0,0,0,48919434,0,0,0,0,0,0,0,0,0,0,42,0,0,122883,0,0,0,58087149,0,0,0,0,0,48803541,0,122883,0,0,0,0,0/RP0/CPU0

2020-02-02 20:28:32.742000+00:00,dr03,sg3,obt-collector1,0,0,0,0,0,0,0,0,0,0,0,0,0,0,0,0,0,0,0,0,0,0,0,0,0,0,0,0,0,0,0,0,0,0,0,0,0,0,0,0,0,0,0,0,0,0,0,0,0,0,0,0,0,0,0,0,0,0,0,0,0,0,0,0,0,0,0,0,0,20,0,0,0,0,0,0,0,0,0,0,0,0,0/0/CPU0

2020-02-02 20:28:32.762000+00:00,dr03,sg3,obt-collector1,0,0,0,0,0,0,0,0,0,0,34,0,0,0,0,0,0,0,0,34,0,0,0,0,0,0,0,0,0,0,0,0,0,0,0,0,0,0,0,0,0,0,0,0,0,0,0,0,0,0,0,0,0,0,0,0,0,0,0,0,0,0,0,0,0,0,0,0,0,71,0,0,0,0,0,0,0,0,0,0,0,0,0/1/CPU0

2020-02-02 20:28:32.766000+00:00,dr03,sg3,obt-collector1,0,0,0,0,36247,36247,0,12,0,0,0,13,26,0,0,42,0,0,0,37773,0,0,30817,1476,12,37,0,0,67185,0,0,0,0,0,42,0,0,0,0,0,0,0,0,0,0,0,0,0,0,0,0,48919482,0,0,0,0,0,0,0,0,0,0,42,0,0,122883,0,0,0,58090141,0,0,0,0,0,48803588,0,122883,0,0,0,0,0/RP0/CPU0

2020-02-02 20:28:42.786000+00:00,dr03,sg3,obt-collector1,0,0,0,0,0,0,0,0,0,0,0,0,0,0,0,0,0,0,0,0,0,0,0,0,0,0,0,0,0,0,0,0,0,0,0,0,0,0,0,0,0,0,0,0,0,0,0,0,0,0,0,0,0,0,0,0,0,0,0,0,0,0,0,0,0,0,0,0,0,20,0,0,0,0,0,0,0,0,0,0,0,0,0/0/CPU0

2020-02-02 20:28:42.806000+00:00,dr03,sg3,obt-collector1,0,0,0,0,0,0,0,0,0,0,34,0,0,0,0,0,0,0,0,34,0,0,0,0,0,0,0,0,0,0,0,0,0,0,0,0,0,0,0,0,0,0,0,0,0,0,0,0,0,0,0,0,0,0,0,0,0,0,0,0,0,0,0,0,0,0,0,0,0,71,0,0,0,0,0,0,0,0,0,0,0,0,0/1/CPU0

2020-02-02 20:28:42.810000+00:00,dr03,sg3,obt-collector1,0,0,0,0,36247,36247,0,12,0,0,0,13,26,0,0,42,0,0,0,37773,0,0,30817,1476,12,37,0,0,67185,0,0,0,0,0,42,0,0,0,0,0,0,0,0,0,0,0,0,0,0,0,0,48919527,0,0,0,0,0,0,0,0,0,0,42,0,0,122883,0,0,0,58091042,0,0,0,0,0,48803633,0,122883,0,0,0,0,0/RP0/CPU0

2020-02-02 20:28:52.831000+00:00,dr03,sg3,obt-collector1,0,0,0,0,0,0,0,0,0,0,0,0,0,0,0,0,0,0,0,0,0,0,0,0,0,0,0,0,0,0,0,0,0,0,0,0,0,0,0,0,0,0,0,0,0,0,0,0,0,0,0,0,0,0,0,0,0,0,0,0,0,0,0,0,0,0,0,0,0,20,0,0,0,0,0,0,0,0,0,0,0,0,0/0/CPU0

2020-02-02 20:28:52.853000+00:00,dr03,sg3,obt-collector1,0,0,0,0,0,0,0,0,0,0,34,0,0,0,0,0,0,0,0,34,0,0,0,0,0,0,0,0,0,0,0,0,0,0,0,0,0,0,0,0,0,0,0,0,0,0,0,0,0,0,0,0,0,0,0,0,0,0,0,0,0,0,0,0,0,0,0,0,0,71,0,0,0,0,0,0,0,0,0,0,0,0,0/1/CPU0

2020-02-02 20:28:52.856000+00:00,dr03,sg3,obt-collector1,0,0,0,0,36247,36247,0,12,0,0,0,13,26,0,0,42,0,0,0,37773,0,0,30817,1476,12,37,0,0,67185,0,0,0,0,0,42,0,0,0,0,0,0,0,0,0,0,0,0,0,0,0,0,48919571,0,0,0,0,0,0,0,0,0,0,42,0,0,122884,0,0,0,58094037,0,0,0,0,0,48803677,0,122884,0,0,0,0,0/RP0/CPU0

2020-02-02 20:29:02.872000+00:00,dr03,sg3,obt-collector1,0,0,0,0,0,0,0,0,0,0,0,0,0,0,0,0,0,0,0,0,0,0,0,0,0,0,0,0,0,0,0,0,0,0,0,0,0,0,0,0,0,0,0,0,0,0,0,0,0,0,0,0,0,0,0,0,0,0,0,0,0,0,0,0,0,0,0,0,0,20,0,0,0,0,0,0,0,0,0,0,0,0,0/0/CPU0

2020-02-02 20:29:02.892000+00:00,dr03,sg3,obt-collector1,0,0,0,0,0,0,0,0,0,0,34,0,0,0,0,0,0,0,0,34,0,0,0,0,0,0,0,0,0,0,0,0,0,0,0,0,0,0,0,0,0,0,0,0,0,0,0,0,0,0,0,0,0,0,0,0,0,0,0,0,0,0,0,0,0,0,0,0,0,71,0,0,0,0,0,0,0,0,0,0,0,0,0/1/CPU0

2020-02-02 20:29:02.896000+00:00,dr03,sg3,obt-collector1,0,0,0,0,36247,36247,0,12,0,0,0,13,26,0,0,42,0,0,0,37773,0,0,30817,1476,12,37,0,0,67185,0,0,0,0,0,42,0,0,0,0,0,0,0,0,0,0,0,0,0,0,0,0,48919619,0,0,0,0,0,0,0,0,0,0,42,0,0,122884,0,0,0,58094937,0,0,0,0,0,48803725,0,122884,0,0,0,0,0/RP0/CPU0

2020-02-02 20:29:12.917000+00:00,dr03,sg3,obt-collector1,0,0,0,0,0,0,0,0,0,0,0,0,0,0,0,0,0,0,0,0,0,0,0,0,0,0,0,0,0,0,0,0,0,0,0,0,0,0,0,0,0,0,0,0,0,0,0,0,0,0,0,0,0,0,0,0,0,0,0,0,0,0,0,0,0,0,0,0,0,20,0,0,0,0,0,0,0,0,0,0,0,0,0/0/CPU0

2020-02-02 20:29:12.940000+00:00,dr03,sg3,obt-collector1,0,0,0,0,0,0,0,0,0,0,34,0,0,0,0,0,0,0,0,34,0,0,0,0,0,0,0,0,0,0,0,0,0,0,0,0,0,0,0,0,0,0,0,0,0,0,0,0,0,0,0,0,0,0,0,0,0,0,0,0,0,0,0,0,0,0,0,0,0,71,0,0,0,0,0,0,0,0,0,0,0,0,0/1/CPU0

2020-02-02 20:29:12.944000+00:00,dr03,sg3,obt-collector1,0,0,0,0,36247,36247,0,12,0,0,0,13,26,0,0,42,0,0,0,37773,0,0,30817,1476,12,37,0,0,67185,0,0,0,0,0,42,0,0,0,0,0,0,0,0,0,0,0,0,0,0,0,0,48919665,0,0,0,0,0,0,0,0,0,0,42,0,0,122884,0,0,0,58097771,0,0,0,0,0,48803771,0,122884,0,0,0,0,0/RP0/CPU0

2020-02-02 20:29:22.966000+00:00,dr03,sg3,obt-collector1,0,0,0,0,0,0,0,0,0,0,0,0,0,0,0,0,0,0,0,0,0,0,0,0,0,0,0,0,0,0,0,0,0,0,0,0,0,0,0,0,0,0,0,0,0,0,0,0,0,0,0,0,0,0,0,0,0,0,0,0,0,0,0,0,0,0,0,0,0,20,0,0,0,0,0,0,0,0,0,0,0,0,0/0/CPU0

2020-02-02 20:29:22.985000+00:00,dr03,sg3,obt-collector1,0,0,0,0,0,0,0,0,0,0,34,0,0,0,0,0,0,0,0,34,0,0,0,0,0,0,0,0,0,0,0,0,0,0,0,0,0,0,0,0,0,0,0,0,0,0,0,0,0,0,0,0,0,0,0,0,0,0,0,0,0,0,0,0,0,0,0,0,0,71,0,0,0,0,0,0,0,0,0,0,0,0,0/1/CPU0

2020-02-02 20:29:22.990000+00:00,dr03,sg3,obt-collector1,0,0,0,0,36247,36247,0,12,0,0,0,13,26,0,0,42,0,0,0,37773,0,0,30817,1476,12,37,0,0,67185,0,0,0,0,0,42,0,0,0,0,0,0,0,0,0,0,0,0,0,0,0,0,48919709,0,0,0,0,0,0,0,0,0,0,42,0,0,122884,0,0,0,58098683,0,0,0,0,0,48803815,0,122884,0,0,0,0,0/RP0/CPU0

2020-02-02 20:29:33.013000+00:00,dr03,sg3,obt-collector1,0,0,0,0,0,0,0,0,0,0,0,0,0,0,0,0,0,0,0,0,0,0,0,0,0,0,0,0,0,0,0,0,0,0,0,0,0,0,0,0,0,0,0,0,0,0,0,0,0,0,0,0,0,0,0,0,0,0,0,0,0,0,0,0,0,0,0,0,0,20,0,0,0,0,0,0,0,0,0,0,0,0,0/0/CPU0

2020-02-02 20:29:33.032000+00:00,dr03,sg3,obt-collector1,0,0,0,0,0,0,0,0,0,0,34,0,0,0,0,0,0,0,0,34,0,0,0,0,0,0,0,0,0,0,0,0,0,0,0,0,0,0,0,0,0,0,0,0,0,0,0,0,0,0,0,0,0,0,0,0,0,0,0,0,0,0,0,0,0,0,0,0,0,71,0,0,0,0,0,0,0,0,0,0,0,0,0/1/CPU0

2020-02-02 20:29:33.036000+00:00,dr03,sg3,obt-collector1,0,0,0,0,36247,36247,0,12,0,0,0,13,26,0,0,42,0,0,0,37773,0,0,30817,1476,12,37,0,0,67185,0,0,0,0,0,42,0,0,0,0,0,0,0,0,0,0,0,0,0,0,0,0,48919757,0,0,0,0,0,0,0,0,0,0,42,0,0,122884,0,0,0,58101664,0,0,0,0,0,48803862,0,122884,0,0,0,0,0/RP0/CPU0

2020-02-02 20:29:43.053000+00:00,dr03,sg3,obt-collector1,0,0,0,0,0,0,0,0,0,0,0,0,0,0,0,0,0,0,0,0,0,0,0,0,0,0,0,0,0,0,0,0,0,0,0,0,0,0,0,0,0,0,0,0,0,0,0,0,0,0,0,0,0,0,0,0,0,0,0,0,0,0,0,0,0,0,0,0,0,20,0,0,0,0,0,0,0,0,0,0,0,0,0/0/CPU0

2020-02-02 20:29:43.072000+00:00,dr03,sg3,obt-collector1,0,0,0,0,0,0,0,0,0,0,34,0,0,0,0,0,0,0,0,34,0,0,0,0,0,0,0,0,0,0,0,0,0,0,0,0,0,0,0,0,0,0,0,0,0,0,0,0,0,0,0,0,0,0,0,0,0,0,0,0,0,0,0,0,0,0,0,0,0,71,0,0,0,0,0,0,0,0,0,0,0,0,0/1/CPU0

2020-02-02 20:29:43.076000+00:00,dr03,sg3,obt-collector1,0,0,0,0,36247,36247,0,12,0,0,0,13,26,0,0,42,0,0,0,37773,0,0,30817,1476,12,37,0,0,67185,0,0,0,0,0,42,0,0,0,0,0,0,0,0,0,0,0,0,0,0,0,0,48919807,0,0,0,0,0,0,0,0,0,0,42,0,0,122884,0,0,0,58102578,0,0,0,0,0,48803912,0,122884,0,0,0,0,0/RP0/CPU0

2020-02-02 20:29:53.096000+00:00,dr03,sg3,obt-collector1,0,0,0,0,0,0,0,0,0,0,0,0,0,0,0,0,0,0,0,0,0,0,0,0,0,0,0,0,0,0,0,0,0,0,0,0,0,0,0,0,0,0,0,0,0,0,0,0,0,0,0,0,0,0,0,0,0,0,0,0,0,0,0,0,0,0,0,0,0,20,0,0,0,0,0,0,0,0,0,0,0,0,0/0/CPU0

2020-02-02 20:29:53.115000+00:00,dr03,sg3,obt-collector1,0,0,0,0,0,0,0,0,0,0,34,0,0,0,0,0,0,0,0,34,0,0,0,0,0,0,0,0,0,0,0,0,0,0,0,0,0,0,0,0,0,0,0,0,0,0,0,0,0,0,0,0,0,0,0,0,0,0,0,0,0,0,0,0,0,0,0,0,0,71,0,0,0,0,0,0,0,0,0,0,0,0,0/1/CPU0

2020-02-02 20:29:53.119000+00:00,dr03,sg3,obt-collector1,0,0,0,0,36247,36247,0,12,0,0,0,13,26,0,0,42,0,0,0,37773,0,0,30817,1476,12,37,0,0,67185,0,0,0,0,0,42,0,0,0,0,0,0,0,0,0,0,0,0,0,0,0,0,48919851,0,0,0,0,0,0,0,0,0,0,42,0,0,122885,0,0,0,58105561,0,0,0,0,0,48803956,0,122885,0,0,0,0,0/RP0/CPU0

2020-02-02 20:30:03.142000+00:00,dr03,sg3,obt-collector1,0,0,0,0,0,0,0,0,0,0,0,0,0,0,0,0,0,0,0,0,0,0,0,0,0,0,0,0,0,0,0,0,0,0,0,0,0,0,0,0,0,0,0,0,0,0,0,0,0,0,0,0,0,0,0,0,0,0,0,0,0,0,0,0,0,0,0,0,0,20,0,0,0,0,0,0,0,0,0,0,0,0,0/0/CPU0

2020-02-02 20:30:03.161000+00:00,dr03,sg3,obt-collector1,0,0,0,0,0,0,0,0,0,0,34,0,0,0,0,0,0,0,0,34,0,0,0,0,0,0,0,0,0,0,0,0,0,0,0,0,0,0,0,0,0,0,0,0,0,0,0,0,0,0,0,0,0,0,0,0,0,0,0,0,0,0,0,0,0,0,0,0,0,71,0,0,0,0,0,0,0,0,0,0,0,0,0/1/CPU0

2020-02-02 20:30:03.165000+00:00,dr03,sg3,obt-collector1,0,0,0,0,36248,36248,0,12,0,0,0,13,26,0,0,42,0,0,0,37774,0,0,30817,1476,12,37,0,0,67186,0,0,0,0,0,42,0,0,0,0,0,0,0,0,0,0,0,0,0,0,0,0,48919912,0,0,0,0,0,0,0,0,0,0,42,0,0,122885,0,0,0,58106475,0,0,0,0,0,48804017,0,122885,0,0,0,0,0/RP0/CPU0

2020-02-02 20:30:13.180000+00:00,dr03,sg3,obt-collector1,0,0,0,0,0,0,0,0,0,0,0,0,0,0,0,0,0,0,0,0,0,0,0,0,0,0,0,0,0,0,0,0,0,0,0,0,0,0,0,0,0,0,0,0,0,0,0,0,0,0,0,0,0,0,0,0,0,0,0,0,0,0,0,0,0,0,0,0,0,20,0,0,0,0,0,0,0,0,0,0,0,0,0/0/CPU0

2020-02-02 20:30:13.204000+00:00,dr03,sg3,obt-collector1,0,0,0,0,0,0,0,0,0,0,34,0,0,0,0,0,0,0,0,34,0,0,0,0,0,0,0,0,0,0,0,0,0,0,0,0,0,0,0,0,0,0,0,0,0,0,0,0,0,0,0,0,0,0,0,0,0,0,0,0,0,0,0,0,0,0,0,0,0,71,0,0,0,0,0,0,0,0,0,0,0,0,0/1/CPU0

2020-02-02 20:30:13.208000+00:00,dr03,sg3,obt-collector1,0,0,0,0,36248,36248,0,12,0,0,0,13,26,0,0,42,0,0,0,37774,0,0,30817,1476,12,37,0,0,67186,0,0,0,0,0,42,0,0,0,0,0,0,0,0,0,0,0,0,0,0,0,0,48920000,0,0,0,0,0,0,0,0,0,0,42,0,0,122885,0,0,0,58109401,0,0,0,0,0,48804105,0,122885,0,0,0,0,0/RP0/CPU0

2020-02-02 20:30:23.230000+00:00,dr03,sg3,obt-collector1,0,0,0,0,0,0,0,0,0,0,0,0,0,0,0,0,0,0,0,0,0,0,0,0,0,0,0,0,0,0,0,0,0,0,0,0,0,0,0,0,0,0,0,0,0,0,0,0,0,0,0,0,0,0,0,0,0,0,0,0,0,0,0,0,0,0,0,0,0,20,0,0,0,0,0,0,0,0,0,0,0,0,0/0/CPU0

2020-02-02 20:30:23.249000+00:00,dr03,sg3,obt-collector1,0,0,0,0,0,0,0,0,0,0,34,0,0,0,0,0,0,0,0,34,0,0,0,0,0,0,0,0,0,0,0,0,0,0,0,0,0,0,0,0,0,0,0,0,0,0,0,0,0,0,0,0,0,0,0,0,0,0,0,0,0,0,0,0,0,0,0,0,0,71,0,0,0,0,0,0,0,0,0,0,0,0,0/1/CPU0

2020-02-02 20:30:23.254000+00:00,dr03,sg3,obt-collector1,0,0,0,0,36248,36248,0,12,0,0,0,13,26,0,0,42,0,0,0,37774,0,0,30817,1476,12,37,0,0,67186,0,0,0,0,0,42,0,0,0,0,0,0,0,0,0,0,0,0,0,0,0,0,48920045,0,0,0,0,0,0,0,0,0,0,42,0,0,122885,0,0,0,58110243,0,0,0,0,0,48804150,0,122885,0,0,0,0,0/RP0/CPU0

2020-02-02 20:30:33.276000+00:00,dr03,sg3,obt-collector1,0,0,0,0,0,0,0,0,0,0,0,0,0,0,0,0,0,0,0,0,0,0,0,0,0,0,0,0,0,0,0,0,0,0,0,0,0,0,0,0,0,0,0,0,0,0,0,0,0,0,0,0,0,0,0,0,0,0,0,0,0,0,0,0,0,0,0,0,0,20,0,0,0,0,0,0,0,0,0,0,0,0,0/0/CPU0

2020-02-02 20:30:33.296000+00:00,dr03,sg3,obt-collector1,0,0,0,0,0,0,0,0,0,0,34,0,0,0,0,0,0,0,0,34,0,0,0,0,0,0,0,0,0,0,0,0,0,0,0,0,0,0,0,0,0,0,0,0,0,0,0,0,0,0,0,0,0,0,0,0,0,0,0,0,0,0,0,0,0,0,0,0,0,71,0,0,0,0,0,0,0,0,0,0,0,0,0/1/CPU0

2020-02-02 20:30:33.301000+00:00,dr03,sg3,obt-collector1,0,0,0,0,36248,36248,0,12,0,0,0,13,26,0,0,42,0,0,0,37774,0,0,30817,1476,12,37,0,0,67186,0,0,0,0,0,42,0,0,0,0,0,0,0,0,0,0,0,0,0,0,0,0,48920091,0,0,0,0,0,0,0,0,0,0,42,0,0,122885,0,0,0,58112424,0,0,0,0,0,48804195,0,122885,0,0,0,0,0/RP0/CPU0

2020-02-02 20:30:43.325000+00:00,dr03,sg3,obt-collector1,0,0,0,0,0,0,0,0,0,0,0,0,0,0,0,0,0,0,0,0,0,0,0,0,0,0,0,0,0,0,0,0,0,0,0,0,0,0,0,0,0,0,0,0,0,0,0,0,0,0,0,0,0,0,0,0,0,0,0,0,0,0,0,0,0,0,0,0,0,20,0,0,0,0,0,0,0,0,0,0,0,0,0/0/CPU0

2020-02-02 20:30:43.346000+00:00,dr03,sg3,obt-collector1,0,0,0,0,0,0,0,0,0,0,34,0,0,0,0,0,0,0,0,34,0,0,0,0,0,0,0,0,0,0,0,0,0,0,0,0,0,0,0,0,0,0,0,0,0,0,0,0,0,0,0,0,0,0,0,0,0,0,0,0,0,0,0,0,0,0,0,0,0,71,0,0,0,0,0,0,0,0,0,0,0,0,0/1/CPU0

2020-02-02 20:30:43.350000+00:00,dr03,sg3,obt-collector1,0,0,0,0,36248,36248,0,12,0,0,0,13,26,0,0,42,0,0,0,37774,0,0,30817,1476,12,37,0,0,67186,0,0,0,0,0,42,0,0,0,0,0,0,0,0,0,0,0,0,0,0,0,0,48920140,0,0,0,0,0,0,0,0,0,0,42,0,0,122885,0,0,0,58114212,0,0,0,0,0,48804244,0,122885,0,0,0,0,0/RP0/CPU0

2020-02-02 20:30:53.377000+00:00,dr03,sg3,obt-collector1,0,0,0,0,0,0,0,0,0,0,0,0,0,0,0,0,0,0,0,0,0,0,0,0,0,0,0,0,0,0,0,0,0,0,0,0,0,0,0,0,0,0,0,0,0,0,0,0,0,0,0,0,0,0,0,0,0,0,0,0,0,0,0,0,0,0,0,0,0,20,0,0,0,0,0,0,0,0,0,0,0,0,0/0/CPU0

2020-02-02 20:30:53.395000+00:00,dr03,sg3,obt-collector1,0,0,0,0,0,0,0,0,0,0,34,0,0,0,0,0,0,0,0,34,0,0,0,0,0,0,0,0,0,0,0,0,0,0,0,0,0,0,0,0,0,0,0,0,0,0,0,0,0,0,0,0,0,0,0,0,0,0,0,0,0,0,0,0,0,0,0,0,0,71,0,0,0,0,0,0,0,0,0,0,0,0,0/1/CPU0

2020-02-02 20:30:53.399000+00:00,dr03,sg3,obt-collector1,0,0,0,0,36248,36248,0,12,0,0,0,13,26,0,0,42,0,0,0,37774,0,0,30817,1476,12,37,0,0,67186,0,0,0,0,0,42,0,0,0,0,0,0,0,0,0,0,0,0,0,0,0,0,48920190,0,0,0,0,0,0,0,0,0,0,42,0,0,122886,0,0,0,58116252,0,0,0,0,0,48804294,0,122886,0,0,0,0,0/RP0/CPU0

2020-02-02 20:31:03.418000+00:00,dr03,sg3,obt-collector1,0,0,0,0,0,0,0,0,0,0,0,0,0,0,0,0,0,0,0,0,0,0,0,0,0,0,0,0,0,0,0,0,0,0,0,0,0,0,0,0,0,0,0,0,0,0,0,0,0,0,0,0,0,0,0,0,0,0,0,0,0,0,0,0,0,0,0,0,0,20,0,0,0,0,0,0,0,0,0,0,0,0,0/0/CPU0

2020-02-02 20:31:03.436000+00:00,dr03,sg3,obt-collector1,0,0,0,0,0,0,0,0,0,0,34,0,0,0,0,0,0,0,0,34,0,0,0,0,0,0,0,0,0,0,0,0,0,0,0,0,0,0,0,0,0,0,0,0,0,0,0,0,0,0,0,0,0,0,0,0,0,0,0,0,0,0,0,0,0,0,0,0,0,71,0,0,0,0,0,0,0,0,0,0,0,0,0/1/CPU0

2020-02-02 20:31:03.440000+00:00,dr03,sg3,obt-collector1,0,0,0,0,36248,36248,0,12,0,0,0,13,26,0,0,42,0,0,0,37774,0,0,30817,1476,12,37,0,0,67186,0,0,0,0,0,42,0,0,0,0,0,0,0,0,0,0,0,0,0,0,0,0,48920234,0,0,0,0,0,0,0,0,0,0,42,0,0,122886,0,0,0,58117965,0,0,0,0,0,48804338,0,122886,0,0,0,0,0/RP0/CPU0

2020-02-02 20:31:13.458000+00:00,dr03,sg3,obt-collector1,0,0,0,0,0,0,0,0,0,0,0,0,0,0,0,0,0,0,0,0,0,0,0,0,0,0,0,0,0,0,0,0,0,0,0,0,0,0,0,0,0,0,0,0,0,0,0,0,0,0,0,0,0,0,0,0,0,0,0,0,0,0,0,0,0,0,0,0,0,20,0,0,0,0,0,0,0,0,0,0,0,0,0/0/CPU0

2020-02-02 20:31:13.476000+00:00,dr03,sg3,obt-collector1,0,0,0,0,0,0,0,0,0,0,34,0,0,0,0,0,0,0,0,34,0,0,0,0,0,0,0,0,0,0,0,0,0,0,0,0,0,0,0,0,0,0,0,0,0,0,0,0,0,0,0,0,0,0,0,0,0,0,0,0,0,0,0,0,0,0,0,0,0,71,0,0,0,0,0,0,0,0,0,0,0,0,0/1/CPU0

2020-02-02 20:31:13.480000+00:00,dr03,sg3,obt-collector1,0,0,0,0,36248,36248,0,12,0,0,0,13,26,0,0,42,0,0,0,37774,0,0,30817,1476,12,37,0,0,67186,0,0,0,0,0,42,0,0,0,0,0,0,0,0,0,0,0,0,0,0,0,0,48920280,0,0,0,0,0,0,0,0,0,0,42,0,0,122886,0,0,0,58118861,0,0,0,0,0,48804384,0,122886,0,0,0,0,0/RP0/CPU0

2020-02-02 20:31:23.496000+00:00,dr03,sg3,obt-collector1,0,0,0,0,0,0,0,0,0,0,0,0,0,0,0,0,0,0,0,0,0,0,0,0,0,0,0,0,0,0,0,0,0,0,0,0,0,0,0,0,0,0,0,0,0,0,0,0,0,0,0,0,0,0,0,0,0,0,0,0,0,0,0,0,0,0,0,0,0,20,0,0,0,0,0,0,0,0,0,0,0,0,0/0/CPU0

2020-02-02 20:31:23.515000+00:00,dr03,sg3,obt-collector1,0,0,0,0,0,0,0,0,0,0,34,0,0,0,0,0,0,0,0,34,0,0,0,0,0,0,0,0,0,0,0,0,0,0,0,0,0,0,0,0,0,0,0,0,0,0,0,0,0,0,0,0,0,0,0,0,0,0,0,0,0,0,0,0,0,0,0,0,0,71,0,0,0,0,0,0,0,0,0,0,0,0,0/1/CPU0

2020-02-02 20:31:23.519000+00:00,dr03,sg3,obt-collector1,0,0,0,0,36248,36248,0,12,0,0,0,13,26,0,0,42,0,0,0,37774,0,0,30817,1476,12,37,0,0,67186,0,0,0,0,0,42,0,0,0,0,0,0,0,0,0,0,0,0,0,0,0,0,48920329,0,0,0,0,0,0,0,0,0,0,42,0,0,122886,0,0,0,58121860,0,0,0,0,0,48804433,0,122886,0,0,0,0,0/RP0/CPU0

2020-02-02 20:31:33.539000+00:00,dr03,sg3,obt-collector1,0,0,0,0,0,0,0,0,0,0,0,0,0,0,0,0,0,0,0,0,0,0,0,0,0,0,0,0,0,0,0,0,0,0,0,0,0,0,0,0,0,0,0,0,0,0,0,0,0,0,0,0,0,0,0,0,0,0,0,0,0,0,0,0,0,0,0,0,0,20,0,0,0,0,0,0,0,0,0,0,0,0,0/0/CPU0

2020-02-02 20:31:33.557000+00:00,dr03,sg3,obt-collector1,0,0,0,0,0,0,0,0,0,0,34,0,0,0,0,0,0,0,0,34,0,0,0,0,0,0,0,0,0,0,0,0,0,0,0,0,0,0,0,0,0,0,0,0,0,0,0,0,0,0,0,0,0,0,0,0,0,0,0,0,0,0,0,0,0,0,0,0,0,71,0,0,0,0,0,0,0,0,0,0,0,0,0/1/CPU0

2020-02-02 20:31:33.560000+00:00,dr03,sg3,obt-collector1,0,0,0,0,36248,36248,0,12,0,0,0,13,26,0,0,42,0,0,0,37774,0,0,30817,1476,12,37,0,0,67186,0,0,0,0,0,42,0,0,0,0,0,0,0,0,0,0,0,0,0,0,0,0,48920380,0,0,0,0,0,0,0,0,0,0,42,0,0,122886,0,0,0,58122768,0,0,0,0,0,48804484,0,122886,0,0,0,0,0/RP0/CPU0

2020-02-02 20:31:43.582000+00:00,dr03,sg3,obt-collector1,0,0,0,0,0,0,0,0,0,0,0,0,0,0,0,0,0,0,0,0,0,0,0,0,0,0,0,0,0,0,0,0,0,0,0,0,0,0,0,0,0,0,0,0,0,0,0,0,0,0,0,0,0,0,0,0,0,0,0,0,0,0,0,0,0,0,0,0,0,20,0,0,0,0,0,0,0,0,0,0,0,0,0/0/CPU0

2020-02-02 20:31:43.602000+00:00,dr03,sg3,obt-collector1,0,0,0,0,0,0,0,0,0,0,34,0,0,0,0,0,0,0,0,34,0,0,0,0,0,0,0,0,0,0,0,0,0,0,0,0,0,0,0,0,0,0,0,0,0,0,0,0,0,0,0,0,0,0,0,0,0,0,0,0,0,0,0,0,0,0,0,0,0,71,0,0,0,0,0,0,0,0,0,0,0,0,0/1/CPU0

2020-02-02 20:31:43.607000+00:00,dr03,sg3,obt-collector1,0,0,0,0,36248,36248,0,12,0,0,0,13,26,0,0,42,0,0,0,37774,0,0,30817,1476,12,37,0,0,67186,0,0,0,0,0,42,0,0,0,0,0,0,0,0,0,0,0,0,0,0,0,0,48920437,0,0,0,0,0,0,0,0,0,0,42,0,0,122886,0,0,0,58125781,0,0,0,0,0,48804540,0,122886,0,0,0,0,0/RP0/CPU0

2020-02-02 20:31:53.626000+00:00,dr03,sg3,obt-collector1,0,0,0,0,0,0,0,0,0,0,0,0,0,0,0,0,0,0,0,0,0,0,0,0,0,0,0,0,0,0,0,0,0,0,0,0,0,0,0,0,0,0,0,0,0,0,0,0,0,0,0,0,0,0,0,0,0,0,0,0,0,0,0,0,0,0,0,0,0,20,0,0,0,0,0,0,0,0,0,0,0,0,0/0/CPU0

2020-02-02 20:31:53.637000+00:00,dr03,sg3,obt-collector1,0,0,0,0,0,0,0,0,0,0,34,0,0,0,0,0,0,0,0,34,0,0,0,0,0,0,0,0,0,0,0,0,0,0,0,0,0,0,0,0,0,0,0,0,0,0,0,0,0,0,0,0,0,0,0,0,0,0,0,0,0,0,0,0,0,0,0,0,0,71,0,0,0,0,0,0,0,0,0,0,0,0,0/1/CPU0

2020-02-02 20:31:53.641000+00:00,dr03,sg3,obt-collector1,0,0,0,0,36248,36248,0,12,0,0,0,13,26,0,0,42,0,0,0,37774,0,0,30817,1476,12,37,0,0,67186,0,0,0,0,0,42,0,0,0,0,0,0,0,0,0,0,0,0,0,0,0,0,48920914,0,0,0,0,0,0,0,0,0,0,42,0,0,122887,0,0,0,58127104,0,0,0,0,0,48805017,0,122887,0,0,0,0,0/RP0/CPU0

2020-02-02 20:32:03.662000+00:00,dr03,sg3,obt-collector1,0,0,0,0,0,0,0,0,0,0,0,0,0,0,0,0,0,0,0,0,0,0,0,0,0,0,0,0,0,0,0,0,0,0,0,0,0,0,0,0,0,0,0,0,0,0,0,0,0,0,0,0,0,0,0,0,0,0,0,0,0,0,0,0,0,0,0,0,0,20,0,0,0,0,0,0,0,0,0,0,0,0,0/0/CPU0

2020-02-02 20:32:03.680000+00:00,dr03,sg3,obt-collector1,0,0,0,0,0,0,0,0,0,0,34,0,0,0,0,0,0,0,0,34,0,0,0,0,0,0,0,0,0,0,0,0,0,0,0,0,0,0,0,0,0,0,0,0,0,0,0,0,0,0,0,0,0,0,0,0,0,0,0,0,0,0,0,0,0,0,0,0,0,71,0,0,0,0,0,0,0,0,0,0,0,0,0/1/CPU0

2020-02-02 20:32:03.684000+00:00,dr03,sg3,obt-collector1,0,0,0,0,36248,36248,0,12,0,0,0,13,26,0,0,42,0,0,0,37774,0,0,30817,1476,12,37,0,0,67186,0,0,0,0,0,42,0,0,0,0,0,0,0,0,0,0,0,0,0,0,0,0,48920960,0,0,0,0,0,0,0,0,0,0,42,0,0,122887,0,0,0,58130105,0,0,0,0,0,48805063,0,122887,0,0,0,0,0/RP0/CPU0

2020-02-02 20:32:13.706000+00:00,dr03,sg3,obt-collector1,0,0,0,0,0,0,0,0,0,0,0,0,0,0,0,0,0,0,0,0,0,0,0,0,0,0,0,0,0,0,0,0,0,0,0,0,0,0,0,0,0,0,0,0,0,0,0,0,0,0,0,0,0,0,0,0,0,0,0,0,0,0,0,0,0,0,0,0,0,20,0,0,0,0,0,0,0,0,0,0,0,0,0/0/CPU0

2020-02-02 20:32:13.722000+00:00,dr03,sg3,obt-collector1,0,0,0,0,0,0,0,0,0,0,34,0,0,0,0,0,0,0,0,34,0,0,0,0,0,0,0,0,0,0,0,0,0,0,0,0,0,0,0,0,0,0,0,0,0,0,0,0,0,0,0,0,0,0,0,0,0,0,0,0,0,0,0,0,0,0,0,0,0,71,0,0,0,0,0,0,0,0,0,0,0,0,0/1/CPU0

2020-02-02 20:32:13.726000+00:00,dr03,sg3,obt-collector1,0,0,0,0,36248,36248,0,12,0,0,0,13,26,0,0,42,0,0,0,37774,0,0,30817,1476,12,37,0,0,67186,0,0,0,0,0,42,0,0,0,0,0,0,0,0,0,0,0,0,0,0,0,0,48921048,0,0,0,0,0,0,0,0,0,0,42,0,0,122887,0,0,0,58131055,0,0,0,0,0,48805151,0,122887,0,0,0,0,0/RP0/CPU0

2020-02-02 20:32:23.749000+00:00,dr03,sg3,obt-collector1,0,0,0,0,0,0,0,0,0,0,0,0,0,0,0,0,0,0,0,0,0,0,0,0,0,0,0,0,0,0,0,0,0,0,0,0,0,0,0,0,0,0,0,0,0,0,0,0,0,0,0,0,0,0,0,0,0,0,0,0,0,0,0,0,0,0,0,0,0,20,0,0,0,0,0,0,0,0,0,0,0,0,0/0/CPU0

2020-02-02 20:32:23.767000+00:00,dr03,sg3,obt-collector1,0,0,0,0,0,0,0,0,0,0,34,0,0,0,0,0,0,0,0,34,0,0,0,0,0,0,0,0,0,0,0,0,0,0,0,0,0,0,0,0,0,0,0,0,0,0,0,0,0,0,0,0,0,0,0,0,0,0,0,0,0,0,0,0,0,0,0,0,0,71,0,0,0,0,0,0,0,0,0,0,0,0,0/1/CPU0

2020-02-02 20:32:23.771000+00:00,dr03,sg3,obt-collector1,0,0,0,0,36248,36248,0,12,0,0,0,13,26,0,0,42,0,0,0,37774,0,0,30817,1476,12,37,0,0,67186,0,0,0,0,0,42,0,0,0,0,0,0,0,0,0,0,0,0,0,0,0,0,48921124,0,0,0,0,0,0,0,0,0,0,42,0,0,122887,0,0,0,58134077,0,0,0,0,0,48805227,0,122887,0,0,0,0,0/RP0/CPU0

2020-02-02 20:32:33.793000+00:00,dr03,sg3,obt-collector1,0,0,0,0,0,0,0,0,0,0,0,0,0,0,0,0,0,0,0,0,0,0,0,0,0,0,0,0,0,0,0,0,0,0,0,0,0,0,0,0,0,0,0,0,0,0,0,0,0,0,0,0,0,0,0,0,0,0,0,0,0,0,0,0,0,0,0,0,0,20,0,0,0,0,0,0,0,0,0,0,0,0,0/0/CPU0

2020-02-02 20:32:33.810000+00:00,dr03,sg3,obt-collector1,0,0,0,0,0,0,0,0,0,0,34,0,0,0,0,0,0,0,0,34,0,0,0,0,0,0,0,0,0,0,0,0,0,0,0,0,0,0,0,0,0,0,0,0,0,0,0,0,0,0,0,0,0,0,0,0,0,0,0,0,0,0,0,0,0,0,0,0,0,71,0,0,0,0,0,0,0,0,0,0,0,0,0/1/CPU0

2020-02-02 20:32:33.814000+00:00,dr03,sg3,obt-collector1,0,0,0,0,36248,36248,0,12,0,0,0,13,26,0,0,42,0,0,0,37774,0,0,30817,1476,12,37,0,0,67186,0,0,0,0,0,42,0,0,0,0,0,0,0,0,0,0,0,0,0,0,0,0,48921170,0,0,0,0,0,0,0,0,0,0,42,0,0,122887,0,0,0,58134978,0,0,0,0,0,48805273,0,122887,0,0,0,0,0/RP0/CPU0

2020-02-02 20:32:43.836000+00:00,dr03,sg3,obt-collector1,0,0,0,0,0,0,0,0,0,0,0,0,0,0,0,0,0,0,0,0,0,0,0,0,0,0,0,0,0,0,0,0,0,0,0,0,0,0,0,0,0,0,0,0,0,0,0,0,0,0,0,0,0,0,0,0,0,0,0,0,0,0,0,0,0,0,0,0,0,20,0,0,0,0,0,0,0,0,0,0,0,0,0/0/CPU0

2020-02-02 20:32:43.854000+00:00,dr03,sg3,obt-collector1,0,0,0,0,0,0,0,0,0,0,34,0,0,0,0,0,0,0,0,34,0,0,0,0,0,0,0,0,0,0,0,0,0,0,0,0,0,0,0,0,0,0,0,0,0,0,0,0,0,0,0,0,0,0,0,0,0,0,0,0,0,0,0,0,0,0,0,0,0,71,0,0,0,0,0,0,0,0,0,0,0,0,0/1/CPU0

2020-02-02 20:32:43.859000+00:00,dr03,sg3,obt-collector1,0,0,0,0,36248,36248,0,12,0,0,0,13,26,0,0,42,0,0,0,37774,0,0,30817,1476,12,37,0,0,67186,0,0,0,0,0,42,0,0,0,0,0,0,0,0,0,0,0,0,0,0,0,0,48921219,0,0,0,0,0,0,0,0,0,0,42,0,0,122887,0,0,0,58137980,0,0,0,0,0,48805321,0,122887,0,0,0,0,0/RP0/CPU0

2020-02-02 20:32:53.881000+00:00,dr03,sg3,obt-collector1,0,0,0,0,0,0,0,0,0,0,0,0,0,0,0,0,0,0,0,0,0,0,0,0,0,0,0,0,0,0,0,0,0,0,0,0,0,0,0,0,0,0,0,0,0,0,0,0,0,0,0,0,0,0,0,0,0,0,0,0,0,0,0,0,0,0,0,0,0,20,0,0,0,0,0,0,0,0,0,0,0,0,0/0/CPU0

2020-02-02 20:32:53.897000+00:00,dr03,sg3,obt-collector1,0,0,0,0,0,0,0,0,0,0,34,0,0,0,0,0,0,0,0,34,0,0,0,0,0,0,0,0,0,0,0,0,0,0,0,0,0,0,0,0,0,0,0,0,0,0,0,0,0,0,0,0,0,0,0,0,0,0,0,0,0,0,0,0,0,0,0,0,0,71,0,0,0,0,0,0,0,0,0,0,0,0,0/1/CPU0

2020-02-02 20:32:53.902000+00:00,dr03,sg3,obt-collector1,0,0,0,0,36248,36248,0,12,0,0,0,13,26,0,0,42,0,0,0,37774,0,0,30817,1476,12,37,0,0,67186,0,0,0,0,0,42,0,0,0,0,0,0,0,0,0,0,0,0,0,0,0,0,48921267,0,0,0,0,0,0,0,0,0,0,42,0,0,122888,0,0,0,58138550,0,0,0,0,0,48805369,0,122888,0,0,0,0,0/RP0/CPU0

2020-02-02 20:33:03.918000+00:00,dr03,sg3,obt-collector1,0,0,0,0,0,0,0,0,0,0,0,0,0,0,0,0,0,0,0,0,0,0,0,0,0,0,0,0,0,0,0,0,0,0,0,0,0,0,0,0,0,0,0,0,0,0,0,0,0,0,0,0,0,0,0,0,0,0,0,0,0,0,0,0,0,0,0,0,0,20,0,0,0,0,0,0,0,0,0,0,0,0,0/0/CPU0

2020-02-02 20:33:03.929000+00:00,dr03,sg3,obt-collector1,0,0,0,0,0,0,0,0,0,0,34,0,0,0,0,0,0,0,0,34,0,0,0,0,0,0,0,0,0,0,0,0,0,0,0,0,0,0,0,0,0,0,0,0,0,0,0,0,0,0,0,0,0,0,0,0,0,0,0,0,0,0,0,0,0,0,0,0,0,71,0,0,0,0,0,0,0,0,0,0,0,0,0/1/CPU0

2020-02-02 20:33:03.933000+00:00,dr03,sg3,obt-collector1,0,0,0,0,36248,36248,0,12,0,0,0,13,26,0,0,42,0,0,0,37774,0,0,30817,1476,12,37,0,0,67186,0,0,0,0,0,42,0,0,0,0,0,0,0,0,0,0,0,0,0,0,0,0,48921313,0,0,0,0,0,0,0,0,0,0,42,0,0,122888,0,0,0,58141536,0,0,0,0,0,48805415,0,122888,0,0,0,0,0/RP0/CPU0

2020-02-02 20:33:13.949000+00:00,dr03,sg3,obt-collector1,0,0,0,0,0,0,0,0,0,0,0,0,0,0,0,0,0,0,0,0,0,0,0,0,0,0,0,0,0,0,0,0,0,0,0,0,0,0,0,0,0,0,0,0,0,0,0,0,0,0,0,0,0,0,0,0,0,0,0,0,0,0,0,0,0,0,0,0,0,20,0,0,0,0,0,0,0,0,0,0,0,0,0/0/CPU0

2020-02-02 20:33:13.965000+00:00,dr03,sg3,obt-collector1,0,0,0,0,0,0,0,0,0,0,34,0,0,0,0,0,0,0,0,34,0,0,0,0,0,0,0,0,0,0,0,0,0,0,0,0,0,0,0,0,0,0,0,0,0,0,0,0,0,0,0,0,0,0,0,0,0,0,0,0,0,0,0,0,0,0,0,0,0,71,0,0,0,0,0,0,0,0,0,0,0,0,0/1/CPU0

2020-02-02 20:33:13.969000+00:00,dr03,sg3,obt-collector1,0,0,0,0,36248,36248,0,12,0,0,0,13,26,0,0,42,0,0,0,37774,0,0,30817,1476,12,37,0,0,67186,0,0,0,0,0,42,0,0,0,0,0,0,0,0,0,0,0,0,0,0,0,0,48921362,0,0,0,0,0,0,0,0,0,0,42,0,0,122888,0,0,0,58142444,0,0,0,0,0,48805464,0,122888,0,0,0,0,0/RP0/CPU0

2020-02-02 20:33:23.987000+00:00,dr03,sg3,obt-collector1,0,0,0,0,0,0,0,0,0,0,0,0,0,0,0,0,0,0,0,0,0,0,0,0,0,0,0,0,0,0,0,0,0,0,0,0,0,0,0,0,0,0,0,0,0,0,0,0,0,0,0,0,0,0,0,0,0,0,0,0,0,0,0,0,0,0,0,0,0,20,0,0,0,0,0,0,0,0,0,0,0,0,0/0/CPU0

2020-02-02 20:33:24.005000+00:00,dr03,sg3,obt-collector1,0,0,0,0,0,0,0,0,0,0,34,0,0,0,0,0,0,0,0,34,0,0,0,0,0,0,0,0,0,0,0,0,0,0,0,0,0,0,0,0,0,0,0,0,0,0,0,0,0,0,0,0,0,0,0,0,0,0,0,0,0,0,0,0,0,0,0,0,0,71,0,0,0,0,0,0,0,0,0,0,0,0,0/1/CPU0

2020-02-02 20:33:24.009000+00:00,dr03,sg3,obt-collector1,0,0,0,0,36248,36248,0,12,0,0,0,13,26,0,0,42,0,0,0,37774,0,0,30817,1476,12,37,0,0,67186,0,0,0,0,0,42,0,0,0,0,0,0,0,0,0,0,0,0,0,0,0,0,48921406,0,0,0,0,0,0,0,0,0,0,42,0,0,122888,0,0,0,58145439,0,0,0,0,0,48805508,0,122888,0,0,0,0,0/RP0/CPU0

2020-02-02 20:33:34.029000+00:00,dr03,sg3,obt-collector1,0,0,0,0,0,0,0,0,0,0,0,0,0,0,0,0,0,0,0,0,0,0,0,0,0,0,0,0,0,0,0,0,0,0,0,0,0,0,0,0,0,0,0,0,0,0,0,0,0,0,0,0,0,0,0,0,0,0,0,0,0,0,0,0,0,0,0,0,0,20,0,0,0,0,0,0,0,0,0,0,0,0,0/0/CPU0

2020-02-02 20:33:34.040000+00:00,dr03,sg3,obt-collector1,0,0,0,0,0,0,0,0,0,0,34,0,0,0,0,0,0,0,0,34,0,0,0,0,0,0,0,0,0,0,0,0,0,0,0,0,0,0,0,0,0,0,0,0,0,0,0,0,0,0,0,0,0,0,0,0,0,0,0,0,0,0,0,0,0,0,0,0,0,71,0,0,0,0,0,0,0,0,0,0,0,0,0/1/CPU0

2020-02-02 20:33:34.044000+00:00,dr03,sg3,obt-collector1,0,0,0,0,36248,36248,0,12,0,0,0,13,26,0,0,42,0,0,0,37774,0,0,30817,1476,12,37,0,0,67186,0,0,0,0,0,42,0,0,0,0,0,0,0,0,0,0,0,0,0,0,0,0,48921451,0,0,0,0,0,0,0,0,0,0,42,0,0,122888,0,0,0,58146336,0,0,0,0,0,48805553,0,122888,0,0,0,0,0/RP0/CPU0

2020-02-02 20:33:44.066000+00:00,dr03,sg3,obt-collector1,0,0,0,0,0,0,0,0,0,0,0,0,0,0,0,0,0,0,0,0,0,0,0,0,0,0,0,0,0,0,0,0,0,0,0,0,0,0,0,0,0,0,0,0,0,0,0,0,0,0,0,0,0,0,0,0,0,0,0,0,0,0,0,0,0,0,0,0,0,20,0,0,0,0,0,0,0,0,0,0,0,0,0/0/CPU0

2020-02-02 20:33:44.083000+00:00,dr03,sg3,obt-collector1,0,0,0,0,0,0,0,0,0,0,34,0,0,0,0,0,0,0,0,34,0,0,0,0,0,0,0,0,0,0,0,0,0,0,0,0,0,0,0,0,0,0,0,0,0,0,0,0,0,0,0,0,0,0,0,0,0,0,0,0,0,0,0,0,0,0,0,0,0,71,0,0,0,0,0,0,0,0,0,0,0,0,0/1/CPU0

2020-02-02 20:33:44.087000+00:00,dr03,sg3,obt-collector1,0,0,0,0,36248,36248,0,12,0,0,0,13,26,0,0,42,0,0,0,37774,0,0,30817,1476,12,37,0,0,67186,0,0,0,0,0,42,0,0,0,0,0,0,0,0,0,0,0,0,0,0,0,0,48921498,0,0,0,0,0,0,0,0,0,0,42,0,0,122888,0,0,0,58148538,0,0,0,0,0,48805600,0,122888,0,0,0,0,0/RP0/CPU0

2020-02-02 20:33:54.108000+00:00,dr03,sg3,obt-collector1,0,0,0,0,0,0,0,0,0,0,0,0,0,0,0,0,0,0,0,0,0,0,0,0,0,0,0,0,0,0,0,0,0,0,0,0,0,0,0,0,0,0,0,0,0,0,0,0,0,0,0,0,0,0,0,0,0,0,0,0,0,0,0,0,0,0,0,0,0,20,0,0,0,0,0,0,0,0,0,0,0,0,0/0/CPU0

2020-02-02 20:33:54.125000+00:00,dr03,sg3,obt-collector1,0,0,0,0,0,0,0,0,0,0,34,0,0,0,0,0,0,0,0,34,0,0,0,0,0,0,0,0,0,0,0,0,0,0,0,0,0,0,0,0,0,0,0,0,0,0,0,0,0,0,0,0,0,0,0,0,0,0,0,0,0,0,0,0,0,0,0,0,0,71,0,0,0,0,0,0,0,0,0,0,0,0,0/1/CPU0

2020-02-02 20:33:54.129000+00:00,dr03,sg3,obt-collector1,0,0,0,0,36248,36248,0,12,0,0,0,13,26,0,0,42,0,0,0,37774,0,0,30817,1476,12,37,0,0,67186,0,0,0,0,0,42,0,0,0,0,0,0,0,0,0,0,0,0,0,0,0,0,48921544,0,0,0,0,0,0,0,0,0,0,42,0,0,122889,0,0,0,58150207,0,0,0,0,0,48805645,0,122889,0,0,0,0,0/RP0/CPU0

2020-02-02 20:34:04.151000+00:00,dr03,sg3,obt-collector1,0,0,0,0,0,0,0,0,0,0,0,0,0,0,0,0,0,0,0,0,0,0,0,0,0,0,0,0,0,0,0,0,0,0,0,0,0,0,0,0,0,0,0,0,0,0,0,0,0,0,0,0,0,0,0,0,0,0,0,0,0,0,0,0,0,0,0,0,0,20,0,0,0,0,0,0,0,0,0,0,0,0,0/0/CPU0

2020-02-02 20:34:04.163000+00:00,dr03,sg3,obt-collector1,0,0,0,0,0,0,0,0,0,0,34,0,0,0,0,0,0,0,0,34,0,0,0,0,0,0,0,0,0,0,0,0,0,0,0,0,0,0,0,0,0,0,0,0,0,0,0,0,0,0,0,0,0,0,0,0,0,0,0,0,0,0,0,0,0,0,0,0,0,71,0,0,0,0,0,0,0,0,0,0,0,0,0/1/CPU0

2020-02-02 20:34:04.167000+00:00,dr03,sg3,obt-collector1,0,0,0,0,36248,36248,0,12,0,0,0,13,26,0,0,42,0,0,0,37774,0,0,30817,1476,12,37,0,0,67186,0,0,0,0,0,42,0,0,0,0,0,0,0,0,0,0,0,0,0,0,0,0,48921588,0,0,0,0,0,0,0,0,0,0,42,0,0,122889,0,0,0,58152232,0,0,0,0,0,48805689,0,122889,0,0,0,0,0/RP0/CPU0

2020-02-02 20:34:14.188000+00:00,dr03,sg3,obt-collector1,0,0,0,0,0,0,0,0,0,0,0,0,0,0,0,0,0,0,0,0,0,0,0,0,0,0,0,0,0,0,0,0,0,0,0,0,0,0,0,0,0,0,0,0,0,0,0,0,0,0,0,0,0,0,0,0,0,0,0,0,0,0,0,0,0,0,0,0,0,20,0,0,0,0,0,0,0,0,0,0,0,0,0/0/CPU0

2020-02-02 20:34:14.206000+00:00,dr03,sg3,obt-collector1,0,0,0,0,0,0,0,0,0,0,34,0,0,0,0,0,0,0,0,34,0,0,0,0,0,0,0,0,0,0,0,0,0,0,0,0,0,0,0,0,0,0,0,0,0,0,0,0,0,0,0,0,0,0,0,0,0,0,0,0,0,0,0,0,0,0,0,0,0,71,0,0,0,0,0,0,0,0,0,0,0,0,0/1/CPU0

2020-02-02 20:34:14.210000+00:00,dr03,sg3,obt-collector1,0,0,0,0,36248,36248,0,12,0,0,0,13,26,0,0,42,0,0,0,37774,0,0,30817,1476,12,37,0,0,67186,0,0,0,0,0,42,0,0,0,0,0,0,0,0,0,0,0,0,0,0,0,0,48921636,0,0,0,0,0,0,0,0,0,0,42,0,0,122889,0,0,0,58154111,0,0,0,0,0,48805737,0,122889,0,0,0,0,0/RP0/CPU0

2020-02-02 20:34:24.228000+00:00,dr03,sg3,obt-collector1,0,0,0,0,0,0,0,0,0,0,0,0,0,0,0,0,0,0,0,0,0,0,0,0,0,0,0,0,0,0,0,0,0,0,0,0,0,0,0,0,0,0,0,0,0,0,0,0,0,0,0,0,0,0,0,0,0,0,0,0,0,0,0,0,0,0,0,0,0,20,0,0,0,0,0,0,0,0,0,0,0,0,0/0/CPU0

2020-02-02 20:34:24.244000+00:00,dr03,sg3,obt-collector1,0,0,0,0,0,0,0,0,0,0,34,0,0,0,0,0,0,0,0,34,0,0,0,0,0,0,0,0,0,0,0,0,0,0,0,0,0,0,0,0,0,0,0,0,0,0,0,0,0,0,0,0,0,0,0,0,0,0,0,0,0,0,0,0,0,0,0,0,0,71,0,0,0,0,0,0,0,0,0,0,0,0,0/1/CPU0

2020-02-02 20:34:24.248000+00:00,dr03,sg3,obt-collector1,0,0,0,0,36248,36248,0,12,0,0,0,13,26,0,0,42,0,0,0,37774,0,0,30817,1476,12,37,0,0,67186,0,0,0,0,0,42,0,0,0,0,0,0,0,0,0,0,0,0,0,0,0,0,48921681,0,0,0,0,0,0,0,0,0,0,42,0,0,122889,0,0,0,58155527,0,0,0,0,0,48805782,0,122889,0,0,0,0,0/RP0/CPU0

2020-02-02 20:34:34.268000+00:00,dr03,sg3,obt-collector1,0,0,0,0,0,0,0,0,0,0,0,0,0,0,0,0,0,0,0,0,0,0,0,0,0,0,0,0,0,0,0,0,0,0,0,0,0,0,0,0,0,0,0,0,0,0,0,0,0,0,0,0,0,0,0,0,0,0,0,0,0,0,0,0,0,0,0,0,0,20,0,0,0,0,0,0,0,0,0,0,0,0,0/0/CPU0

2020-02-02 20:34:34.282000+00:00,dr03,sg3,obt-collector1,0,0,0,0,0,0,0,0,0,0,34,0,0,0,0,0,0,0,0,34,0,0,0,0,0,0,0,0,0,0,0,0,0,0,0,0,0,0,0,0,0,0,0,0,0,0,0,0,0,0,0,0,0,0,0,0,0,0,0,0,0,0,0,0,0,0,0,0,0,71,0,0,0,0,0,0,0,0,0,0,0,0,0/1/CPU0

2020-02-02 20:34:34.286000+00:00,dr03,sg3,obt-collector1,0,0,0,0,36248,36248,0,12,0,0,0,13,26,0,0,42,0,0,0,37774,0,0,30817,1476,12,37,0,0,67186,0,0,0,0,0,42,0,0,0,0,0,0,0,0,0,0,0,0,0,0,0,0,48921725,0,0,0,0,0,0,0,0,0,0,42,0,0,122889,0,0,0,58157987,0,0,0,0,0,48805826,0,122889,0,0,0,0,0/RP0/CPU0

2020-02-02 20:34:44.328000+00:00,dr03,sg3,obt-collector1,0,0,0,0,0,0,0,0,0,0,0,0,0,0,0,0,0,0,0,0,0,0,0,0,0,0,0,0,0,0,0,0,0,0,0,0,0,0,0,0,0,0,0,0,0,0,0,0,0,0,0,0,0,0,0,0,0,0,0,0,0,0,0,0,0,0,0,0,0,20,0,0,0,0,0,0,0,0,0,0,0,0,0/0/CPU0

2020-02-02 20:34:44.347000+00:00,dr03,sg3,obt-collector1,0,0,0,0,0,0,0,0,0,0,34,0,0,0,0,0,0,0,0,34,0,0,0,0,0,0,0,0,0,0,0,0,0,0,0,0,0,0,0,0,0,0,0,0,0,0,0,0,0,0,0,0,0,0,0,0,0,0,0,0,0,0,0,0,0,0,0,0,0,71,0,0,0,0,0,0,0,0,0,0,0,0,0/1/CPU0

2020-02-02 20:34:44.351000+00:00,dr03,sg3,obt-collector1,0,0,0,0,36248,36248,0,12,0,0,0,13,26,0,0,42,0,0,0,37774,0,0,30817,1476,12,37,0,0,67186,0,0,0,0,0,42,0,0,0,0,0,0,0,0,0,0,0,0,0,0,0,0,48921770,0,0,0,0,0,0,0,0,0,0,42,0,0,122889,0,0,0,58158746,0,0,0,0,0,48805871,0,122889,0,0,0,0,0/RP0/CPU0

2020-02-02 20:34:54.372000+00:00,dr03,sg3,obt-collector1,0,0,0,0,0,0,0,0,0,0,0,0,0,0,0,0,0,0,0,0,0,0,0,0,0,0,0,0,0,0,0,0,0,0,0,0,0,0,0,0,0,0,0,0,0,0,0,0,0,0,0,0,0,0,0,0,0,0,0,0,0,0,0,0,0,0,0,0,0,20,0,0,0,0,0,0,0,0,0,0,0,0,0/0/CPU0

2020-02-02 20:34:54.393000+00:00,dr03,sg3,obt-collector1,0,0,0,0,0,0,0,0,0,0,34,0,0,0,0,0,0,0,0,34,0,0,0,0,0,0,0,0,0,0,0,0,0,0,0,0,0,0,0,0,0,0,0,0,0,0,0,0,0,0,0,0,0,0,0,0,0,0,0,0,0,0,0,0,0,0,0,0,0,71,0,0,0,0,0,0,0,0,0,0,0,0,0/1/CPU0

2020-02-02 20:34:54.397000+00:00,dr03,sg3,obt-collector1,0,0,0,0,36248,36248,0,12,0,0,0,13,26,0,0,42,0,0,0,37774,0,0,30817,1476,12,37,0,0,67186,0,0,0,0,0,42,0,0,0,0,0,0,0,0,0,0,0,0,0,0,0,0,48921817,0,0,0,0,0,0,0,0,0,0,42,0,0,122890,0,0,0,58161734,0,0,0,0,0,48805917,0,122890,0,0,0,0,0/RP0/CPU0

2020-02-02 20:35:04.419000+00:00,dr03,sg3,obt-collector1,0,0,0,0,0,0,0,0,0,0,0,0,0,0,0,0,0,0,0,0,0,0,0,0,0,0,0,0,0,0,0,0,0,0,0,0,0,0,0,0,0,0,0,0,0,0,0,0,0,0,0,0,0,0,0,0,0,0,0,0,0,0,0,0,0,0,0,0,0,20,0,0,0,0,0,0,0,0,0,0,0,0,0/0/CPU0

2020-02-02 20:35:04.436000+00:00,dr03,sg3,obt-collector1,0,0,0,0,0,0,0,0,0,0,34,0,0,0,0,0,0,0,0,34,0,0,0,0,0,0,0,0,0,0,0,0,0,0,0,0,0,0,0,0,0,0,0,0,0,0,0,0,0,0,0,0,0,0,0,0,0,0,0,0,0,0,0,0,0,0,0,0,0,71,0,0,0,0,0,0,0,0,0,0,0,0,0/1/CPU0

2020-02-02 20:35:04.440000+00:00,dr03,sg3,obt-collector1,0,0,0,0,36249,36249,0,12,0,0,0,13,26,0,0,42,0,0,0,37775,0,0,30817,1476,12,37,0,0,67187,0,0,0,0,0,42,0,0,0,0,0,0,0,0,0,0,0,0,0,0,0,0,48921914,0,0,0,0,0,0,0,0,0,0,42,0,0,122890,0,0,0,58162686,0,0,0,0,0,48806014,0,122890,0,0,0,0,0/RP0/CPU0

2020-02-02 20:35:14.455000+00:00,dr03,sg3,obt-collector1,0,0,0,0,0,0,0,0,0,0,0,0,0,0,0,0,0,0,0,0,0,0,0,0,0,0,0,0,0,0,0,0,0,0,0,0,0,0,0,0,0,0,0,0,0,0,0,0,0,0,0,0,0,0,0,0,0,0,0,0,0,0,0,0,0,0,0,0,0,20,0,0,0,0,0,0,0,0,0,0,0,0,0/0/CPU0

2020-02-02 20:35:14.469000+00:00,dr03,sg3,obt-collector1,0,0,0,0,0,0,0,0,0,0,34,0,0,0,0,0,0,0,0,34,0,0,0,0,0,0,0,0,0,0,0,0,0,0,0,0,0,0,0,0,0,0,0,0,0,0,0,0,0,0,0,0,0,0,0,0,0,0,0,0,0,0,0,0,0,0,0,0,0,71,0,0,0,0,0,0,0,0,0,0,0,0,0/1/CPU0

2020-02-02 20:35:14.473000+00:00,dr03,sg3,obt-collector1,0,0,0,0,36249,36249,0,12,0,0,0,13,26,0,0,42,0,0,0,37775,0,0,30817,1476,12,37,0,0,67187,0,0,0,0,0,42,0,0,0,0,0,0,0,0,0,0,0,0,0,0,0,0,48921960,0,0,0,0,0,0,0,0,0,0,42,0,0,122890,0,0,0,58165672,0,0,0,0,0,48806060,0,122890,0,0,0,0,0/RP0/CPU0

2020-02-02 20:35:24.497000+00:00,dr03,sg3,obt-collector1,0,0,0,0,0,0,0,0,0,0,0,0,0,0,0,0,0,0,0,0,0,0,0,0,0,0,0,0,0,0,0,0,0,0,0,0,0,0,0,0,0,0,0,0,0,0,0,0,0,0,0,0,0,0,0,0,0,0,0,0,0,0,0,0,0,0,0,0,0,20,0,0,0,0,0,0,0,0,0,0,0,0,0/0/CPU0

2020-02-02 20:35:24.513000+00:00,dr03,sg3,obt-collector1,0,0,0,0,0,0,0,0,0,0,34,0,0,0,0,0,0,0,0,34,0,0,0,0,0,0,0,0,0,0,0,0,0,0,0,0,0,0,0,0,0,0,0,0,0,0,0,0,0,0,0,0,0,0,0,0,0,0,0,0,0,0,0,0,0,0,0,0,0,71,0,0,0,0,0,0,0,0,0,0,0,0,0/1/CPU0

2020-02-02 20:35:24.518000+00:00,dr03,sg3,obt-collector1,0,0,0,0,36249,36249,0,12,0,0,0,13,26,0,0,42,0,0,0,37775,0,0,30817,1476,12,37,0,0,67187,0,0,0,0,0,42,0,0,0,0,0,0,0,0,0,0,0,0,0,0,0,0,48922005,0,0,0,0,0,0,0,0,0,0,42,0,0,122890,0,0,0,58166499,0,0,0,0,0,48806105,0,122890,0,0,0,0,0/RP0/CPU0

2020-02-02 20:35:34.541000+00:00,dr03,sg3,obt-collector1,0,0,0,0,0,0,0,0,0,0,0,0,0,0,0,0,0,0,0,0,0,0,0,0,0,0,0,0,0,0,0,0,0,0,0,0,0,0,0,0,0,0,0,0,0,0,0,0,0,0,0,0,0,0,0,0,0,0,0,0,0,0,0,0,0,0,0,0,0,20,0,0,0,0,0,0,0,0,0,0,0,0,0/0/CPU0

2020-02-02 20:35:34.557000+00:00,dr03,sg3,obt-collector1,0,0,0,0,0,0,0,0,0,0,34,0,0,0,0,0,0,0,0,34,0,0,0,0,0,0,0,0,0,0,0,0,0,0,0,0,0,0,0,0,0,0,0,0,0,0,0,0,0,0,0,0,0,0,0,0,0,0,0,0,0,0,0,0,0,0,0,0,0,71,0,0,0,0,0,0,0,0,0,0,0,0,0/1/CPU0

2020-02-02 20:35:34.561000+00:00,dr03,sg3,obt-collector1,0,0,0,0,36249,36249,0,12,0,0,0,13,26,0,0,42,0,0,0,37775,0,0,30817,1476,12,37,0,0,67187,0,0,0,0,0,42,0,0,0,0,0,0,0,0,0,0,0,0,0,0,0,0,48922053,0,0,0,0,0,0,0,0,0,0,42,0,0,122890,0,0,0,58169403,0,0,0,0,0,48806153,0,122890,0,0,0,0,0/RP0/CPU0

2020-02-02 20:35:44.581000+00:00,dr03,sg3,obt-collector1,0,0,0,0,0,0,0,0,0,0,0,0,0,0,0,0,0,0,0,0,0,0,0,0,0,0,0,0,0,0,0,0,0,0,0,0,0,0,0,0,0,0,0,0,0,0,0,0,0,0,0,0,0,0,0,0,0,0,0,0,0,0,0,0,0,0,0,0,0,20,0,0,0,0,0,0,0,0,0,0,0,0,0/0/CPU0

2020-02-02 20:35:44.603000+00:00,dr03,sg3,obt-collector1,0,0,0,0,0,0,0,0,0,0,34,0,0,0,0,0,0,0,0,34,0,0,0,0,0,0,0,0,0,0,0,0,0,0,0,0,0,0,0,0,0,0,0,0,0,0,0,0,0,0,0,0,0,0,0,0,0,0,0,0,0,0,0,0,0,0,0,0,0,71,0,0,0,0,0,0,0,0,0,0,0,0,0/1/CPU0

2020-02-02 20:35:44.607000+00:00,dr03,sg3,obt-collector1,0,0,0,0,36249,36249,0,12,0,0,0,13,26,0,0,42,0,0,0,37775,0,0,30817,1476,12,37,0,0,67187,0,0,0,0,0,42,0,0,0,0,0,0,0,0,0,0,0,0,0,0,0,0,48922103,0,0,0,0,0,0,0,0,0,0,42,0,0,122891,0,0,0,58170305,0,0,0,0,0,48806203,0,122891,0,0,0,0,0/RP0/CPU0

2020-02-02 20:35:54.630000+00:00,dr03,sg3,obt-collector1,0,0,0,0,0,0,0,0,0,0,0,0,0,0,0,0,0,0,0,0,0,0,0,0,0,0,0,0,0,0,0,0,0,0,0,0,0,0,0,0,0,0,0,0,0,0,0,0,0,0,0,0,0,0,0,0,0,0,0,0,0,0,0,0,0,0,0,0,0,20,0,0,0,0,0,0,0,0,0,0,0,0,0/0/CPU0

2020-02-02 20:35:54.649000+00:00,dr03,sg3,obt-collector1,0,0,0,0,0,0,0,0,0,0,34,0,0,0,0,0,0,0,0,34,0,0,0,0,0,0,0,0,0,0,0,0,0,0,0,0,0,0,0,0,0,0,0,0,0,0,0,0,0,0,0,0,0,0,0,0,0,0,0,0,0,0,0,0,0,0,0,0,0,71,0,0,0,0,0,0,0,0,0,0,0,0,0/1/CPU0

2020-02-02 20:35:54.652000+00:00,dr03,sg3,obt-collector1,0,0,0,0,36249,36249,0,12,0,0,0,13,26,0,0,42,0,0,0,37775,0,0,30817,1476,12,37,0,0,67187,0,0,0,0,0,42,0,0,0,0,0,0,0,0,0,0,0,0,0,0,0,0,48922149,0,0,0,0,0,0,0,0,0,0,42,0,0,122891,0,0,0,58173291,0,0,0,0,0,48806248,0,122891,0,0,0,0,0/RP0/CPU0

2020-02-02 20:36:04.679000+00:00,dr03,sg3,obt-collector1,0,0,0,0,0,0,0,0,0,0,0,0,0,0,0,0,0,0,0,0,0,0,0,0,0,0,0,0,0,0,0,0,0,0,0,0,0,0,0,0,0,0,0,0,0,0,0,0,0,0,0,0,0,0,0,0,0,0,0,0,0,0,0,0,0,0,0,0,0,20,0,0,0,0,0,0,0,0,0,0,0,0,0/0/CPU0

2020-02-02 20:36:04.698000+00:00,dr03,sg3,obt-collector1,0,0,0,0,0,0,0,0,0,0,34,0,0,0,0,0,0,0,0,34,0,0,0,0,0,0,0,0,0,0,0,0,0,0,0,0,0,0,0,0,0,0,0,0,0,0,0,0,0,0,0,0,0,0,0,0,0,0,0,0,0,0,0,0,0,0,0,0,0,71,0,0,0,0,0,0,0,0,0,0,0,0,0/1/CPU0

2020-02-02 20:36:04.702000+00:00,dr03,sg3,obt-collector1,0,0,0,0,36249,36249,0,12,0,0,0,13,26,0,0,42,0,0,0,37775,0,0,30817,1476,12,37,0,0,67187,0,0,0,0,0,42,0,0,0,0,0,0,0,0,0,0,0,0,0,0,0,0,48922196,0,0,0,0,0,0,0,0,0,0,42,0,0,122891,0,0,0,58174192,0,0,0,0,0,48806295,0,122891,0,0,0,0,0/RP0/CPU0

2020-02-02 20:36:14.719000+00:00,dr03,sg3,obt-collector1,0,0,0,0,0,0,0,0,0,0,0,0,0,0,0,0,0,0,0,0,0,0,0,0,0,0,0,0,0,0,0,0,0,0,0,0,0,0,0,0,0,0,0,0,0,0,0,0,0,0,0,0,0,0,0,0,0,0,0,0,0,0,0,0,0,0,0,0,0,20,0,0,0,0,0,0,0,0,0,0,0,0,0/0/CPU0

2020-02-02 20:36:14.737000+00:00,dr03,sg3,obt-collector1,0,0,0,0,0,0,0,0,0,0,34,0,0,0,0,0,0,0,0,34,0,0,0,0,0,0,0,0,0,0,0,0,0,0,0,0,0,0,0,0,0,0,0,0,0,0,0,0,0,0,0,0,0,0,0,0,0,0,0,0,0,0,0,0,0,0,0,0,0,71,0,0,0,0,0,0,0,0,0,0,0,0,0/1/CPU0

2020-02-02 20:36:14.740000+00:00,dr03,sg3,obt-collector1,0,0,0,0,36249,36249,0,12,0,0,0,13,26,0,0,42,0,0,0,37775,0,0,30817,1476,12,37,0,0,67187,0,0,0,0,0,42,0,0,0,0,0,0,0,0,0,0,0,0,0,0,0,0,48922243,0,0,0,0,0,0,0,0,0,0,42,0,0,122891,0,0,0,58177184,0,0,0,0,0,48806342,0,122891,0,0,0,0,0/RP0/CPU0

2020-02-02 20:36:24.759000+00:00,dr03,sg3,obt-collector1,0,0,0,0,0,0,0,0,0,0,0,0,0,0,0,0,0,0,0,0,0,0,0,0,0,0,0,0,0,0,0,0,0,0,0,0,0,0,0,0,0,0,0,0,0,0,0,0,0,0,0,0,0,0,0,0,0,0,0,0,0,0,0,0,0,0,0,0,0,20,0,0,0,0,0,0,0,0,0,0,0,0,0/0/CPU0

2020-02-02 20:36:24.779000+00:00,dr03,sg3,obt-collector1,0,0,0,0,0,0,0,0,0,0,34,0,0,0,0,0,0,0,0,34,0,0,0,0,0,0,0,0,0,0,0,0,0,0,0,0,0,0,0,0,0,0,0,0,0,0,0,0,0,0,0,0,0,0,0,0,0,0,0,0,0,0,0,0,0,0,0,0,0,71,0,0,0,0,0,0,0,0,0,0,0,0,0/1/CPU0

2020-02-02 20:36:24.784000+00:00,dr03,sg3,obt-collector1,0,0,0,0,36249,36249,0,12,0,0,0,13,26,0,0,42,0,0,0,37775,0,0,30817,1476,12,37,0,0,67187,0,0,0,0,0,42,0,0,0,0,0,0,0,0,0,0,0,0,0,0,0,0,48922291,0,0,0,0,0,0,0,0,0,0,42,0,0,122891,0,0,0,58177946,0,0,0,0,0,48806390,0,122891,0,0,0,0,0/RP0/CPU0

2020-02-02 20:36:34.806000+00:00,dr03,sg3,obt-collector1,0,0,0,0,0,0,0,0,0,0,0,0,0,0,0,0,0,0,0,0,0,0,0,0,0,0,0,0,0,0,0,0,0,0,0,0,0,0,0,0,0,0,0,0,0,0,0,0,0,0,0,0,0,0,0,0,0,0,0,0,0,0,0,0,0,0,0,0,0,20,0,0,0,0,0,0,0,0,0,0,0,0,0/0/CPU0

2020-02-02 20:36:34.820000+00:00,dr03,sg3,obt-collector1,0,0,0,0,0,0,0,0,0,0,34,0,0,0,0,0,0,0,0,34,0,0,0,0,0,0,0,0,0,0,0,0,0,0,0,0,0,0,0,0,0,0,0,0,0,0,0,0,0,0,0,0,0,0,0,0,0,0,0,0,0,0,0,0,0,0,0,0,0,71,0,0,0,0,0,0,0,0,0,0,0,0,0/1/CPU0

2020-02-02 20:36:34.825000+00:00,dr03,sg3,obt-collector1,0,0,0,0,36249,36249,0,12,0,0,0,13,26,0,0,42,0,0,0,37775,0,0,30817,1476,12,37,0,0,67187,0,0,0,0,0,42,0,0,0,0,0,0,0,0,0,0,0,0,0,0,0,0,48922349,0,0,0,0,0,0,0,0,0,0,42,0,0,122891,0,0,0,58180949,0,0,0,0,0,48806448,0,122891,0,0,0,0,0/RP0/CPU0

2020-02-02 20:36:44.848000+00:00,dr03,sg3,obt-collector1,0,0,0,0,0,0,0,0,0,0,0,0,0,0,0,0,0,0,0,0,0,0,0,0,0,0,0,0,0,0,0,0,0,0,0,0,0,0,0,0,0,0,0,0,0,0,0,0,0,0,0,0,0,0,0,0,0,0,0,0,0,0,0,0,0,0,0,0,0,20,0,0,0,0,0,0,0,0,0,0,0,0,0/0/CPU0

2020-02-02 20:36:44.865000+00:00,dr03,sg3,obt-collector1,0,0,0,0,0,0,0,0,0,0,34,0,0,0,0,0,0,0,0,34,0,0,0,0,0,0,0,0,0,0,0,0,0,0,0,0,0,0,0,0,0,0,0,0,0,0,0,0,0,0,0,0,0,0,0,0,0,0,0,0,0,0,0,0,0,0,0,0,0,71,0,0,0,0,0,0,0,0,0,0,0,0,0/1/CPU0

2020-02-02 20:36:44.869000+00:00,dr03,sg3,obt-collector1,0,0,0,0,36249,36249,0,12,0,0,0,13,26,0,0,42,0,0,0,37775,0,0,30817,1476,12,37,0,0,67187,0,0,0,0,0,42,0,0,0,0,0,0,0,0,0,0,0,0,0,0,0,0,48922822,0,0,0,0,0,0,0,0,0,0,42,0,0,122892,0,0,0,58182273,0,0,0,0,0,48806921,0,122892,0,0,0,0,0/RP0/CPU0

2020-02-02 20:36:54.890000+00:00,dr03,sg3,obt-collector1,0,0,0,0,0,0,0,0,0,0,0,0,0,0,0,0,0,0,0,0,0,0,0,0,0,0,0,0,0,0,0,0,0,0,0,0,0,0,0,0,0,0,0,0,0,0,0,0,0,0,0,0,0,0,0,0,0,0,0,0,0,0,0,0,0,0,0,0,0,20,0,0,0,0,0,0,0,0,0,0,0,0,0/0/CPU0

2020-02-02 20:36:54.908000+00:00,dr03,sg3,obt-collector1,0,0,0,0,0,0,0,0,0,0,34,0,0,0,0,0,0,0,0,34,0,0,0,0,0,0,0,0,0,0,0,0,0,0,0,0,0,0,0,0,0,0,0,0,0,0,0,0,0,0,0,0,0,0,0,0,0,0,0,0,0,0,0,0,0,0,0,0,0,71,0,0,0,0,0,0,0,0,0,0,0,0,0/1/CPU0

2020-02-02 20:36:54.912000+00:00,dr03,sg3,obt-collector1,0,0,0,0,36249,36249,0,12,0,0,0,13,26,0,0,42,0,0,0,37775,0,0,30817,1476,12,37,0,0,67187,0,0,0,0,0,42,0,0,0,0,0,0,0,0,0,0,0,0,0,0,0,0,48922865,0,0,0,0,0,0,0,0,0,0,42,0,0,122892,0,0,0,58184602,0,0,0,0,0,48806964,0,122892,0,0,0,0,0/RP0/CPU0

2020-02-02 20:37:04.930000+00:00,dr03,sg3,obt-collector1,0,0,0,0,0,0,0,0,0,0,0,0,0,0,0,0,0,0,0,0,0,0,0,0,0,0,0,0,0,0,0,0,0,0,0,0,0,0,0,0,0,0,0,0,0,0,0,0,0,0,0,0,0,0,0,0,0,0,0,0,0,0,0,0,0,0,0,0,0,20,0,0,0,0,0,0,0,0,0,0,0,0,0/0/CPU0

2020-02-02 20:37:04.948000+00:00,dr03,sg3,obt-collector1,0,0,0,0,0,0,0,0,0,0,34,0,0,0,0,0,0,0,0,34,0,0,0,0,0,0,0,0,0,0,0,0,0,0,0,0,0,0,0,0,0,0,0,0,0,0,0,0,0,0,0,0,0,0,0,0,0,0,0,0,0,0,0,0,0,0,0,0,0,71,0,0,0,0,0,0,0,0,0,0,0,0,0/1/CPU0

2020-02-02 20:37:04.953000+00:00,dr03,sg3,obt-collector1,0,0,0,0,36249,36249,0,12,0,0,0,13,26,0,0,42,0,0,0,37775,0,0,30817,1476,12,37,0,0,67187,0,0,0,0,0,42,0,0,0,0,0,0,0,0,0,0,0,0,0,0,0,0,48922978,0,0,0,0,0,0,0,0,0,0,42,0,0,122892,0,0,0,58186220,0,0,0,0,0,48807076,0,122892,0,0,0,0,0/RP0/CPU0

2020-02-02 20:37:14.974000+00:00,dr03,sg3,obt-collector1,0,0,0,0,0,0,0,0,0,0,0,0,0,0,0,0,0,0,0,0,0,0,0,0,0,0,0,0,0,0,0,0,0,0,0,0,0,0,0,0,0,0,0,0,0,0,0,0,0,0,0,0,0,0,0,0,0,0,0,0,0,0,0,0,0,0,0,0,0,20,0,0,0,0,0,0,0,0,0,0,0,0,0/0/CPU0

2020-02-02 20:37:14.992000+00:00,dr03,sg3,obt-collector1,0,0,0,0,0,0,0,0,0,0,34,0,0,0,0,0,0,0,0,34,0,0,0,0,0,0,0,0,0,0,0,0,0,0,0,0,0,0,0,0,0,0,0,0,0,0,0,0,0,0,0,0,0,0,0,0,0,0,0,0,0,0,0,0,0,0,0,0,0,71,0,0,0,0,0,0,0,0,0,0,0,0,0/1/CPU0

2020-02-02 20:37:14.996000+00:00,dr03,sg3,obt-collector1,0,0,0,0,36249,36249,0,12,0,0,0,13,26,0,0,42,0,0,0,37775,0,0,30817,1476,12,37,0,0,67187,0,0,0,0,0,42,0,0,0,0,0,0,0,0,0,0,0,0,0,0,0,0,48923023,0,0,0,0,0,0,0,0,0,0,42,0,0,122892,0,0,0,58188292,0,0,0,0,0,48807121,0,122892,0,0,0,0,0/RP0/CPU0

2020-02-02 20:37:25.016000+00:00,dr03,sg3,obt-collector1,0,0,0,0,0,0,0,0,0,0,0,0,0,0,0,0,0,0,0,0,0,0,0,0,0,0,0,0,0,0,0,0,0,0,0,0,0,0,0,0,0,0,0,0,0,0,0,0,0,0,0,0,0,0,0,0,0,0,0,0,0,0,0,0,0,0,0,0,0,20,0,0,0,0,0,0,0,0,0,0,0,0,0/0/CPU0

2020-02-02 20:37:25.030000+00:00,dr03,sg3,obt-collector1,0,0,0,0,0,0,0,0,0,0,34,0,0,0,0,0,0,0,0,34,0,0,0,0,0,0,0,0,0,0,0,0,0,0,0,0,0,0,0,0,0,0,0,0,0,0,0,0,0,0,0,0,0,0,0,0,0,0,0,0,0,0,0,0,0,0,0,0,0,71,0,0,0,0,0,0,0,0,0,0,0,0,0/1/CPU0

2020-02-02 20:37:25.035000+00:00,dr03,sg3,obt-collector1,0,0,0,0,36249,36249,0,12,0,0,0,13,26,0,0,42,0,0,0,37775,0,0,30817,1476,12,37,0,0,67187,0,0,0,0,0,42,0,0,0,0,0,0,0,0,0,0,0,0,0,0,0,0,48923067,0,0,0,0,0,0,0,0,0,0,42,0,0,122892,0,0,0,58190109,0,0,0,0,0,48807165,0,122892,0,0,0,0,0/RP0/CPU0

2020-02-02 20:37:35.056000+00:00,dr03,sg3,obt-collector1,0,0,0,0,0,0,0,0,0,0,0,0,0,0,0,0,0,0,0,0,0,0,0,0,0,0,0,0,0,0,0,0,0,0,0,0,0,0,0,0,0,0,0,0,0,0,0,0,0,0,0,0,0,0,0,0,0,0,0,0,0,0,0,0,0,0,0,0,0,20,0,0,0,0,0,0,0,0,0,0,0,0,0/0/CPU0

2020-02-02 20:37:35.068000+00:00,dr03,sg3,obt-collector1,0,0,0,0,0,0,0,0,0,0,34,0,0,0,0,0,0,0,0,34,0,0,0,0,0,0,0,0,0,0,0,0,0,0,0,0,0,0,0,0,0,0,0,0,0,0,0,0,0,0,0,0,0,0,0,0,0,0,0,0,0,0,0,0,0,0,0,0,0,71,0,0,0,0,0,0,0,0,0,0,0,0,0/1/CPU0

2020-02-02 20:37:35.073000+00:00,dr03,sg3,obt-collector1,0,0,0,0,36249,36249,0,12,0,0,0,13,26,0,0,42,0,0,0,37775,0,0,30817,1476,12,37,0,0,67187,0,0,0,0,0,42,0,0,0,0,0,0,0,0,0,0,0,0,0,0,0,0,48923109,0,0,0,0,0,0,0,0,0,0,42,0,0,122892,0,0,0,58191750,0,0,0,0,0,48807207,0,122892,0,0,0,0,0/RP0/CPU0

2020-02-02 20:37:45.091000+00:00,dr03,sg3,obt-collector1,0,0,0,0,0,0,0,0,0,0,0,0,0,0,0,0,0,0,0,0,0,0,0,0,0,0,0,0,0,0,0,0,0,0,0,0,0,0,0,0,0,0,0,0,0,0,0,0,0,0,0,0,0,0,0,0,0,0,0,0,0,0,0,0,0,0,0,0,0,20,0,0,0,0,0,0,0,0,0,0,0,0,0/0/CPU0

2020-02-02 20:37:45.110000+00:00,dr03,sg3,obt-collector1,0,0,0,0,0,0,0,0,0,0,34,0,0,0,0,0,0,0,0,34,0,0,0,0,0,0,0,0,0,0,0,0,0,0,0,0,0,0,0,0,0,0,0,0,0,0,0,0,0,0,0,0,0,0,0,0,0,0,0,0,0,0,0,0,0,0,0,0,0,71,0,0,0,0,0,0,0,0,0,0,0,0,0/1/CPU0

2020-02-02 20:37:45.115000+00:00,dr03,sg3,obt-collector1,0,0,0,0,36249,36249,0,12,0,0,0,13,26,0,0,42,0,0,0,37775,0,0,30817,1476,12,37,0,0,67187,0,0,0,0,0,42,0,0,0,0,0,0,0,0,0,0,0,0,0,0,0,0,48923153,0,0,0,0,0,0,0,0,0,0,42,0,0,122893,0,0,0,58194003,0,0,0,0,0,48807251,0,122893,0,0,0,0,0/RP0/CPU0

2020-02-02 20:37:55.138000+00:00,dr03,sg3,obt-collector1,0,0,0,0,0,0,0,0,0,0,0,0,0,0,0,0,0,0,0,0,0,0,0,0,0,0,0,0,0,0,0,0,0,0,0,0,0,0,0,0,0,0,0,0,0,0,0,0,0,0,0,0,0,0,0,0,0,0,0,0,0,0,0,0,0,0,0,0,0,20,0,0,0,0,0,0,0,0,0,0,0,0,0/0/CPU0

2020-02-02 20:37:55.156000+00:00,dr03,sg3,obt-collector1,0,0,0,0,0,0,0,0,0,0,34,0,0,0,0,0,0,0,0,34,0,0,0,0,0,0,0,0,0,0,0,0,0,0,0,0,0,0,0,0,0,0,0,0,0,0,0,0,0,0,0,0,0,0,0,0,0,0,0,0,0,0,0,0,0,0,0,0,0,71,0,0,0,0,0,0,0,0,0,0,0,0,0/1/CPU0

2020-02-02 20:37:55.160000+00:00,dr03,sg3,obt-collector1,0,0,0,0,36249,36249,0,12,0,0,0,13,26,0,0,42,0,0,0,37775,0,0,30817,1476,12,37,0,0,67187,0,0,0,0,0,42,0,0,0,0,0,0,0,0,0,0,0,0,0,0,0,0,48923197,0,0,0,0,0,0,0,0,0,0,42,0,0,122893,0,0,0,58194895,0,0,0,0,0,48807295,0,122893,0,0,0,0,0/RP0/CPU0

