,Producer,Target,host,node-name,process-cpu/process-cpu-fifteen-minute,process-cpu/process-cpu-five-minute,process-cpu/process-cpu-one-minute,process-cpu/process-id,process-cpu/process-name,total-cpu-fifteen-minute,total-cpu-five-minute,total-cpu-one-minute

2020-02-02 20:16:49.056000+00:00,dr03,cpumem-sub1,obt-collector1,0/RP0/CPU0,0,0,0,22948,fib_mgr,2,2,2

2020-02-02 20:16:49.059000+00:00,dr03,cpumem-sub1,obt-collector1,0/0/CPU0,0,0,0,29807,udp,5,5,6

2020-02-02 20:16:49.065000+00:00,dr03,cpumem-sub1,obt-collector1,0/1/CPU0,0,0,0,14733,udp,5,5,6

2020-02-02 20:16:59.070000+00:00,dr03,cpumem-sub1,obt-collector1,0/RP0/CPU0,0,0,0,22948,fib_mgr,2,2,2

2020-02-02 20:16:59.073000+00:00,dr03,cpumem-sub1,obt-collector1,0/0/CPU0,0,0,0,29807,udp,5,5,6

2020-02-02 20:16:59.079000+00:00,dr03,cpumem-sub1,obt-collector1,0/1/CPU0,0,0,0,14733,udp,5,5,6

2020-02-02 20:17:09.083000+00:00,dr03,cpumem-sub1,obt-collector1,0/RP0/CPU0,0,0,0,22948,fib_mgr,2,2,2

2020-02-02 20:17:09.086000+00:00,dr03,cpumem-sub1,obt-collector1,0/0/CPU0,0,0,0,29807,udp,5,5,6

2020-02-02 20:17:09.091000+00:00,dr03,cpumem-sub1,obt-collector1,0/1/CPU0,0,0,0,14733,udp,5,5,6

2020-02-02 20:17:19.096000+00:00,dr03,cpumem-sub1,obt-collector1,0/RP0/CPU0,0,0,0,22948,fib_mgr,2,2,2

2020-02-02 20:17:19.100000+00:00,dr03,cpumem-sub1,obt-collector1,0/0/CPU0,0,0,0,29807,udp,5,5,6

2020-02-02 20:17:19.105000+00:00,dr03,cpumem-sub1,obt-collector1,0/1/CPU0,0,0,0,14733,udp,5,5,6

2020-02-02 20:17:29.110000+00:00,dr03,cpumem-sub1,obt-collector1,0/RP0/CPU0,0,0,0,22948,fib_mgr,2,2,2

2020-02-02 20:17:29.114000+00:00,dr03,cpumem-sub1,obt-collector1,0/0/CPU0,0,0,0,29807,udp,5,5,6

2020-02-02 20:17:29.120000+00:00,dr03,cpumem-sub1,obt-collector1,0/1/CPU0,0,0,0,14733,udp,5,5,6

2020-02-02 20:17:39.124000+00:00,dr03,cpumem-sub1,obt-collector1,0/RP0/CPU0,0,0,0,22948,fib_mgr,2,2,2

2020-02-02 20:17:39.128000+00:00,dr03,cpumem-sub1,obt-collector1,0/0/CPU0,0,0,0,29807,udp,5,5,6

2020-02-02 20:17:39.133000+00:00,dr03,cpumem-sub1,obt-collector1,0/1/CPU0,0,0,0,14733,udp,5,5,6

2020-02-02 20:17:49.137000+00:00,dr03,cpumem-sub1,obt-collector1,0/RP0/CPU0,0,0,0,22948,fib_mgr,2,2,2

2020-02-02 20:17:49.141000+00:00,dr03,cpumem-sub1,obt-collector1,0/0/CPU0,0,0,0,29807,udp,5,5,6

2020-02-02 20:17:49.147000+00:00,dr03,cpumem-sub1,obt-collector1,0/1/CPU0,0,0,0,14733,udp,5,5,5

2020-02-02 20:17:59.151000+00:00,dr03,cpumem-sub1,obt-collector1,0/RP0/CPU0,0,0,0,22948,fib_mgr,2,2,2

2020-02-02 20:17:59.154000+00:00,dr03,cpumem-sub1,obt-collector1,0/0/CPU0,0,0,0,29807,udp,5,5,6

2020-02-02 20:17:59.160000+00:00,dr03,cpumem-sub1,obt-collector1,0/1/CPU0,0,0,0,14733,udp,5,5,5

2020-02-02 20:18:09.164000+00:00,dr03,cpumem-sub1,obt-collector1,0/RP0/CPU0,0,0,0,22948,fib_mgr,2,2,2

2020-02-02 20:18:09.168000+00:00,dr03,cpumem-sub1,obt-collector1,0/0/CPU0,0,0,0,29807,udp,5,5,5

2020-02-02 20:18:09.174000+00:00,dr03,cpumem-sub1,obt-collector1,0/1/CPU0,0,0,0,14733,udp,5,5,5

2020-02-02 20:18:19.178000+00:00,dr03,cpumem-sub1,obt-collector1,0/RP0/CPU0,0,0,0,22948,fib_mgr,2,2,2

2020-02-02 20:18:19.181000+00:00,dr03,cpumem-sub1,obt-collector1,0/0/CPU0,0,0,0,29807,udp,5,5,5

2020-02-02 20:18:19.187000+00:00,dr03,cpumem-sub1,obt-collector1,0/1/CPU0,0,0,0,14733,udp,5,5,5

2020-02-02 20:18:29.191000+00:00,dr03,cpumem-sub1,obt-collector1,0/RP0/CPU0,0,0,0,22948,fib_mgr,2,2,2

2020-02-02 20:18:29.194000+00:00,dr03,cpumem-sub1,obt-collector1,0/0/CPU0,0,0,0,29807,udp,5,5,5

2020-02-02 20:18:29.200000+00:00,dr03,cpumem-sub1,obt-collector1,0/1/CPU0,0,0,0,14733,udp,5,5,5

2020-02-02 20:18:39.204000+00:00,dr03,cpumem-sub1,obt-collector1,0/RP0/CPU0,0,0,0,22948,fib_mgr,2,2,2

2020-02-02 20:18:39.207000+00:00,dr03,cpumem-sub1,obt-collector1,0/0/CPU0,0,0,0,29807,udp,5,5,5

2020-02-02 20:18:39.213000+00:00,dr03,cpumem-sub1,obt-collector1,0/1/CPU0,0,0,0,14733,udp,5,5,5

2020-02-02 20:18:49.217000+00:00,dr03,cpumem-sub1,obt-collector1,0/RP0/CPU0,0,0,0,22948,fib_mgr,2,2,2

2020-02-02 20:18:49.221000+00:00,dr03,cpumem-sub1,obt-collector1,0/0/CPU0,0,0,0,29807,udp,5,5,5

2020-02-02 20:18:49.227000+00:00,dr03,cpumem-sub1,obt-collector1,0/1/CPU0,0,0,0,14733,udp,5,5,6

2020-02-02 20:18:59.231000+00:00,dr03,cpumem-sub1,obt-collector1,0/RP0/CPU0,0,0,0,22948,fib_mgr,2,2,2

2020-02-02 20:18:59.234000+00:00,dr03,cpumem-sub1,obt-collector1,0/0/CPU0,0,0,0,29807,udp,5,5,5

2020-02-02 20:18:59.240000+00:00,dr03,cpumem-sub1,obt-collector1,0/1/CPU0,0,0,0,14733,udp,5,5,6

2020-02-02 20:19:09.244000+00:00,dr03,cpumem-sub1,obt-collector1,0/RP0/CPU0,0,0,0,22948,fib_mgr,2,2,2

2020-02-02 20:19:09.248000+00:00,dr03,cpumem-sub1,obt-collector1,0/0/CPU0,0,0,0,29807,udp,5,5,5

2020-02-02 20:19:09.254000+00:00,dr03,cpumem-sub1,obt-collector1,0/1/CPU0,0,0,0,14733,udp,5,5,6

2020-02-02 20:19:19.258000+00:00,dr03,cpumem-sub1,obt-collector1,0/RP0/CPU0,0,0,0,22948,fib_mgr,2,2,2

2020-02-02 20:19:19.262000+00:00,dr03,cpumem-sub1,obt-collector1,0/0/CPU0,0,0,0,29807,udp,5,5,5

2020-02-02 20:19:19.267000+00:00,dr03,cpumem-sub1,obt-collector1,0/1/CPU0,0,0,0,14733,udp,5,5,6

2020-02-02 20:19:29.272000+00:00,dr03,cpumem-sub1,obt-collector1,0/RP0/CPU0,0,0,0,22948,fib_mgr,2,2,2

2020-02-02 20:19:29.275000+00:00,dr03,cpumem-sub1,obt-collector1,0/0/CPU0,0,0,0,29807,udp,5,5,5

2020-02-02 20:19:29.281000+00:00,dr03,cpumem-sub1,obt-collector1,0/1/CPU0,0,0,0,14733,udp,5,5,6

2020-02-02 20:19:39.285000+00:00,dr03,cpumem-sub1,obt-collector1,0/RP0/CPU0,0,0,0,22948,fib_mgr,2,2,2

2020-02-02 20:19:39.288000+00:00,dr03,cpumem-sub1,obt-collector1,0/0/CPU0,0,0,0,29807,udp,5,5,5

2020-02-02 20:19:39.294000+00:00,dr03,cpumem-sub1,obt-collector1,0/1/CPU0,0,0,0,14733,udp,5,5,6

2020-02-02 20:19:49.298000+00:00,dr03,cpumem-sub1,obt-collector1,0/RP0/CPU0,0,0,0,22948,fib_mgr,2,2,2

2020-02-02 20:19:49.302000+00:00,dr03,cpumem-sub1,obt-collector1,0/0/CPU0,0,0,0,29807,udp,5,5,5

2020-02-02 20:19:49.307000+00:00,dr03,cpumem-sub1,obt-collector1,0/1/CPU0,0,0,0,14733,udp,5,5,6

2020-02-02 20:19:59.311000+00:00,dr03,cpumem-sub1,obt-collector1,0/RP0/CPU0,0,0,0,22948,fib_mgr,2,2,2

2020-02-02 20:19:59.314000+00:00,dr03,cpumem-sub1,obt-collector1,0/0/CPU0,0,0,0,29807,udp,5,5,5

2020-02-02 20:19:59.320000+00:00,dr03,cpumem-sub1,obt-collector1,0/1/CPU0,0,0,0,14733,udp,5,5,6

2020-02-02 20:20:09.325000+00:00,dr03,cpumem-sub1,obt-collector1,0/RP0/CPU0,0,0,0,22948,fib_mgr,2,2,2

2020-02-02 20:20:09.328000+00:00,dr03,cpumem-sub1,obt-collector1,0/0/CPU0,0,0,0,29807,udp,5,5,6

2020-02-02 20:20:09.334000+00:00,dr03,cpumem-sub1,obt-collector1,0/1/CPU0,0,0,0,14733,udp,5,5,6

2020-02-02 20:20:19.338000+00:00,dr03,cpumem-sub1,obt-collector1,0/RP0/CPU0,0,0,0,22948,fib_mgr,2,2,2

2020-02-02 20:20:19.342000+00:00,dr03,cpumem-sub1,obt-collector1,0/0/CPU0,0,0,0,29807,udp,5,5,6

2020-02-02 20:20:19.348000+00:00,dr03,cpumem-sub1,obt-collector1,0/1/CPU0,0,0,0,14733,udp,5,5,6

2020-02-02 20:20:29.352000+00:00,dr03,cpumem-sub1,obt-collector1,0/RP0/CPU0,0,0,0,22948,fib_mgr,2,2,2

2020-02-02 20:20:29.355000+00:00,dr03,cpumem-sub1,obt-collector1,0/0/CPU0,0,0,0,29807,udp,5,5,6

2020-02-02 20:20:29.361000+00:00,dr03,cpumem-sub1,obt-collector1,0/1/CPU0,0,0,0,14733,udp,5,5,6

2020-02-02 20:20:39.366000+00:00,dr03,cpumem-sub1,obt-collector1,0/RP0/CPU0,0,0,0,22948,fib_mgr,2,2,2

2020-02-02 20:20:39.369000+00:00,dr03,cpumem-sub1,obt-collector1,0/0/CPU0,0,0,0,29807,udp,5,5,6

2020-02-02 20:20:39.375000+00:00,dr03,cpumem-sub1,obt-collector1,0/1/CPU0,0,0,0,14733,udp,5,5,6

2020-02-02 20:20:49.379000+00:00,dr03,cpumem-sub1,obt-collector1,0/RP0/CPU0,0,0,0,22948,fib_mgr,2,2,2

2020-02-02 20:20:49.383000+00:00,dr03,cpumem-sub1,obt-collector1,0/0/CPU0,0,0,0,29807,udp,5,5,6

2020-02-02 20:20:49.389000+00:00,dr03,cpumem-sub1,obt-collector1,0/1/CPU0,0,0,0,14733,udp,5,5,6

2020-02-02 20:20:59.392000+00:00,dr03,cpumem-sub1,obt-collector1,0/RP0/CPU0,0,0,0,22948,fib_mgr,2,2,2

2020-02-02 20:20:59.396000+00:00,dr03,cpumem-sub1,obt-collector1,0/0/CPU0,0,0,0,29807,udp,5,5,6

2020-02-02 20:20:59.401000+00:00,dr03,cpumem-sub1,obt-collector1,0/1/CPU0,0,0,0,14733,udp,5,5,6

2020-02-02 20:21:09.405000+00:00,dr03,cpumem-sub1,obt-collector1,0/RP0/CPU0,0,0,0,22948,fib_mgr,2,2,2

2020-02-02 20:21:09.409000+00:00,dr03,cpumem-sub1,obt-collector1,0/0/CPU0,0,0,0,29807,udp,5,5,6

2020-02-02 20:21:09.415000+00:00,dr03,cpumem-sub1,obt-collector1,0/1/CPU0,0,0,0,14733,udp,5,5,6

2020-02-02 20:21:19.418000+00:00,dr03,cpumem-sub1,obt-collector1,0/RP0/CPU0,0,0,0,22948,fib_mgr,2,2,2

2020-02-02 20:21:19.423000+00:00,dr03,cpumem-sub1,obt-collector1,0/0/CPU0,0,0,0,29807,udp,5,5,6

2020-02-02 20:21:19.429000+00:00,dr03,cpumem-sub1,obt-collector1,0/1/CPU0,0,0,0,14733,udp,5,5,6

2020-02-02 20:21:29.433000+00:00,dr03,cpumem-sub1,obt-collector1,0/RP0/CPU0,0,0,0,22948,fib_mgr,2,2,2

2020-02-02 20:21:29.437000+00:00,dr03,cpumem-sub1,obt-collector1,0/0/CPU0,0,0,0,29807,udp,5,5,6

2020-02-02 20:21:29.442000+00:00,dr03,cpumem-sub1,obt-collector1,0/1/CPU0,0,0,0,14733,udp,5,5,6

2020-02-02 20:21:39.446000+00:00,dr03,cpumem-sub1,obt-collector1,0/RP0/CPU0,0,0,0,22948,fib_mgr,2,2,2

2020-02-02 20:21:39.450000+00:00,dr03,cpumem-sub1,obt-collector1,0/0/CPU0,0,0,0,29807,udp,5,5,6

2020-02-02 20:21:39.456000+00:00,dr03,cpumem-sub1,obt-collector1,0/1/CPU0,0,0,0,14733,udp,5,5,6

2020-02-02 20:21:49.460000+00:00,dr03,cpumem-sub1,obt-collector1,0/RP0/CPU0,0,0,0,22948,fib_mgr,2,2,2

2020-02-02 20:21:49.463000+00:00,dr03,cpumem-sub1,obt-collector1,0/0/CPU0,0,0,0,29807,udp,5,5,6

2020-02-02 20:21:49.469000+00:00,dr03,cpumem-sub1,obt-collector1,0/1/CPU0,0,0,0,14733,udp,5,5,6

2020-02-02 20:21:59.473000+00:00,dr03,cpumem-sub1,obt-collector1,0/RP0/CPU0,0,0,0,22948,fib_mgr,2,2,2

2020-02-02 20:21:59.476000+00:00,dr03,cpumem-sub1,obt-collector1,0/0/CPU0,0,0,0,29807,udp,5,5,6

2020-02-02 20:21:59.482000+00:00,dr03,cpumem-sub1,obt-collector1,0/1/CPU0,0,0,0,14733,udp,5,5,6

2020-02-02 20:22:09.486000+00:00,dr03,cpumem-sub1,obt-collector1,0/RP0/CPU0,0,0,0,22948,fib_mgr,2,2,2

2020-02-02 20:22:09.490000+00:00,dr03,cpumem-sub1,obt-collector1,0/0/CPU0,0,0,0,29807,udp,5,5,6

2020-02-02 20:22:09.495000+00:00,dr03,cpumem-sub1,obt-collector1,0/1/CPU0,0,0,0,14733,udp,5,5,6

2020-02-02 20:22:19.500000+00:00,dr03,cpumem-sub1,obt-collector1,0/RP0/CPU0,0,0,0,22948,fib_mgr,2,2,2

2020-02-02 20:22:19.503000+00:00,dr03,cpumem-sub1,obt-collector1,0/0/CPU0,0,0,0,29807,udp,5,5,6

2020-02-02 20:22:19.509000+00:00,dr03,cpumem-sub1,obt-collector1,0/1/CPU0,0,0,0,14733,udp,5,5,6

2020-02-02 20:22:29.513000+00:00,dr03,cpumem-sub1,obt-collector1,0/RP0/CPU0,0,0,0,22948,fib_mgr,2,2,2

2020-02-02 20:22:29.517000+00:00,dr03,cpumem-sub1,obt-collector1,0/0/CPU0,0,0,0,29807,udp,5,5,6

2020-02-02 20:22:29.522000+00:00,dr03,cpumem-sub1,obt-collector1,0/1/CPU0,0,0,0,14733,udp,5,5,6

2020-02-02 20:22:39.526000+00:00,dr03,cpumem-sub1,obt-collector1,0/RP0/CPU0,0,0,0,22948,fib_mgr,2,2,2

2020-02-02 20:22:39.530000+00:00,dr03,cpumem-sub1,obt-collector1,0/0/CPU0,0,0,0,29807,udp,5,5,6

2020-02-02 20:22:39.536000+00:00,dr03,cpumem-sub1,obt-collector1,0/1/CPU0,0,0,0,14733,udp,5,5,6

2020-02-02 20:22:49.540000+00:00,dr03,cpumem-sub1,obt-collector1,0/RP0/CPU0,0,0,0,22948,fib_mgr,2,2,2

2020-02-02 20:22:49.544000+00:00,dr03,cpumem-sub1,obt-collector1,0/0/CPU0,0,0,0,29807,udp,5,5,6

2020-02-02 20:22:49.549000+00:00,dr03,cpumem-sub1,obt-collector1,0/1/CPU0,0,0,0,14733,udp,5,6,6

2020-02-02 20:22:59.554000+00:00,dr03,cpumem-sub1,obt-collector1,0/RP0/CPU0,0,0,0,22948,fib_mgr,2,2,2

2020-02-02 20:22:59.557000+00:00,dr03,cpumem-sub1,obt-collector1,0/0/CPU0,0,0,0,29807,udp,5,5,6

2020-02-02 20:22:59.563000+00:00,dr03,cpumem-sub1,obt-collector1,0/1/CPU0,0,0,0,14733,udp,5,6,6

2020-02-02 20:23:09.567000+00:00,dr03,cpumem-sub1,obt-collector1,0/RP0/CPU0,0,0,0,22948,fib_mgr,2,2,3

2020-02-02 20:23:09.571000+00:00,dr03,cpumem-sub1,obt-collector1,0/0/CPU0,0,0,0,29807,udp,5,6,7

2020-02-02 20:23:09.577000+00:00,dr03,cpumem-sub1,obt-collector1,0/1/CPU0,0,0,0,14733,udp,5,6,6

2020-02-02 20:23:19.581000+00:00,dr03,cpumem-sub1,obt-collector1,0/RP0/CPU0,0,0,0,22948,fib_mgr,2,2,3

2020-02-02 20:23:19.585000+00:00,dr03,cpumem-sub1,obt-collector1,0/0/CPU0,0,0,0,29807,udp,5,6,7

2020-02-02 20:23:19.591000+00:00,dr03,cpumem-sub1,obt-collector1,0/1/CPU0,0,0,0,14733,udp,5,6,6

2020-02-02 20:23:29.594000+00:00,dr03,cpumem-sub1,obt-collector1,0/RP0/CPU0,0,0,0,22948,fib_mgr,2,2,3

2020-02-02 20:23:29.598000+00:00,dr03,cpumem-sub1,obt-collector1,0/0/CPU0,0,0,0,29807,udp,5,6,7

2020-02-02 20:23:29.603000+00:00,dr03,cpumem-sub1,obt-collector1,0/1/CPU0,0,0,0,14733,udp,5,6,6

2020-02-02 20:23:39.607000+00:00,dr03,cpumem-sub1,obt-collector1,0/RP0/CPU0,0,0,0,22948,fib_mgr,2,2,3

2020-02-02 20:23:39.611000+00:00,dr03,cpumem-sub1,obt-collector1,0/0/CPU0,0,0,0,29807,udp,5,6,7

2020-02-02 20:23:39.617000+00:00,dr03,cpumem-sub1,obt-collector1,0/1/CPU0,0,0,0,14733,udp,5,6,6

2020-02-02 20:23:49.621000+00:00,dr03,cpumem-sub1,obt-collector1,0/RP0/CPU0,0,0,0,22948,fib_mgr,2,2,3

2020-02-02 20:23:49.625000+00:00,dr03,cpumem-sub1,obt-collector1,0/0/CPU0,0,0,0,29807,udp,5,6,7

2020-02-02 20:23:49.631000+00:00,dr03,cpumem-sub1,obt-collector1,0/1/CPU0,0,0,0,14733,udp,5,6,6

2020-02-02 20:23:59.635000+00:00,dr03,cpumem-sub1,obt-collector1,0/RP0/CPU0,0,0,0,22948,fib_mgr,2,2,3

2020-02-02 20:23:59.638000+00:00,dr03,cpumem-sub1,obt-collector1,0/0/CPU0,0,0,0,29807,udp,5,6,7

2020-02-02 20:23:59.644000+00:00,dr03,cpumem-sub1,obt-collector1,0/1/CPU0,0,0,0,14733,udp,5,6,6

2020-02-02 20:24:09.647000+00:00,dr03,cpumem-sub1,obt-collector1,0/RP0/CPU0,0,0,0,22948,fib_mgr,2,2,2

2020-02-02 20:24:09.651000+00:00,dr03,cpumem-sub1,obt-collector1,0/0/CPU0,0,0,0,29807,udp,5,6,6

2020-02-02 20:24:09.657000+00:00,dr03,cpumem-sub1,obt-collector1,0/1/CPU0,0,0,0,14733,udp,5,6,6

2020-02-02 20:24:19.661000+00:00,dr03,cpumem-sub1,obt-collector1,0/RP0/CPU0,0,0,0,22948,fib_mgr,2,2,2

2020-02-02 20:24:19.665000+00:00,dr03,cpumem-sub1,obt-collector1,0/0/CPU0,0,0,0,29807,udp,5,6,6

2020-02-02 20:24:19.671000+00:00,dr03,cpumem-sub1,obt-collector1,0/1/CPU0,0,0,0,14733,udp,5,6,6

2020-02-02 20:24:29.675000+00:00,dr03,cpumem-sub1,obt-collector1,0/RP0/CPU0,0,0,0,22948,fib_mgr,2,2,2

2020-02-02 20:24:29.679000+00:00,dr03,cpumem-sub1,obt-collector1,0/0/CPU0,0,0,0,29807,udp,5,6,6

2020-02-02 20:24:29.685000+00:00,dr03,cpumem-sub1,obt-collector1,0/1/CPU0,0,0,0,14733,udp,5,6,6

2020-02-02 20:24:39.688000+00:00,dr03,cpumem-sub1,obt-collector1,0/RP0/CPU0,0,0,0,22948,fib_mgr,2,2,2

2020-02-02 20:24:39.692000+00:00,dr03,cpumem-sub1,obt-collector1,0/0/CPU0,0,0,0,29807,udp,5,6,6

2020-02-02 20:24:39.697000+00:00,dr03,cpumem-sub1,obt-collector1,0/1/CPU0,0,0,0,14733,udp,5,6,6

2020-02-02 20:24:49.703000+00:00,dr03,cpumem-sub1,obt-collector1,0/RP0/CPU0,0,0,0,22948,fib_mgr,2,2,2

2020-02-02 20:24:49.706000+00:00,dr03,cpumem-sub1,obt-collector1,0/0/CPU0,0,0,0,29807,udp,5,6,6

2020-02-02 20:24:49.714000+00:00,dr03,cpumem-sub1,obt-collector1,0/1/CPU0,0,0,0,14733,udp,5,6,6

2020-02-02 20:24:59.718000+00:00,dr03,cpumem-sub1,obt-collector1,0/RP0/CPU0,0,0,0,22948,fib_mgr,2,2,2

2020-02-02 20:24:59.722000+00:00,dr03,cpumem-sub1,obt-collector1,0/0/CPU0,0,0,0,29807,udp,5,6,6

2020-02-02 20:24:59.727000+00:00,dr03,cpumem-sub1,obt-collector1,0/1/CPU0,0,0,0,14733,udp,5,6,6

2020-02-02 20:25:09.731000+00:00,dr03,cpumem-sub1,obt-collector1,0/RP0/CPU0,0,0,0,22948,fib_mgr,2,2,2

2020-02-02 20:25:09.735000+00:00,dr03,cpumem-sub1,obt-collector1,0/0/CPU0,0,0,0,29807,udp,5,6,5

2020-02-02 20:25:09.741000+00:00,dr03,cpumem-sub1,obt-collector1,0/1/CPU0,0,0,0,14733,udp,5,6,6

2020-02-02 20:25:19.744000+00:00,dr03,cpumem-sub1,obt-collector1,0/RP0/CPU0,0,0,0,22948,fib_mgr,2,2,2

2020-02-02 20:25:19.748000+00:00,dr03,cpumem-sub1,obt-collector1,0/0/CPU0,0,0,0,29807,udp,5,6,5

2020-02-02 20:25:19.753000+00:00,dr03,cpumem-sub1,obt-collector1,0/1/CPU0,0,0,0,14733,udp,5,6,6

2020-02-02 20:25:29.757000+00:00,dr03,cpumem-sub1,obt-collector1,0/RP0/CPU0,0,0,0,22948,fib_mgr,2,2,2

2020-02-02 20:25:29.761000+00:00,dr03,cpumem-sub1,obt-collector1,0/0/CPU0,0,0,0,29807,udp,5,6,5

2020-02-02 20:25:29.767000+00:00,dr03,cpumem-sub1,obt-collector1,0/1/CPU0,0,0,0,14733,udp,5,6,6

2020-02-02 20:25:39.771000+00:00,dr03,cpumem-sub1,obt-collector1,0/RP0/CPU0,0,0,0,22948,fib_mgr,2,2,2

2020-02-02 20:25:39.775000+00:00,dr03,cpumem-sub1,obt-collector1,0/0/CPU0,0,0,0,29807,udp,5,6,5

2020-02-02 20:25:39.780000+00:00,dr03,cpumem-sub1,obt-collector1,0/1/CPU0,0,0,0,14733,udp,5,6,6

2020-02-02 20:25:49.784000+00:00,dr03,cpumem-sub1,obt-collector1,0/RP0/CPU0,0,0,0,22948,fib_mgr,2,2,2

2020-02-02 20:25:49.788000+00:00,dr03,cpumem-sub1,obt-collector1,0/0/CPU0,0,0,0,29807,udp,5,6,5

2020-02-02 20:25:49.794000+00:00,dr03,cpumem-sub1,obt-collector1,0/1/CPU0,0,0,0,14733,udp,5,6,6

2020-02-02 20:25:59.798000+00:00,dr03,cpumem-sub1,obt-collector1,0/RP0/CPU0,0,0,0,22948,fib_mgr,2,2,2

2020-02-02 20:25:59.802000+00:00,dr03,cpumem-sub1,obt-collector1,0/0/CPU0,0,0,0,29807,udp,5,6,5

2020-02-02 20:25:59.808000+00:00,dr03,cpumem-sub1,obt-collector1,0/1/CPU0,0,0,0,14733,udp,5,6,6

2020-02-02 20:26:09.812000+00:00,dr03,cpumem-sub1,obt-collector1,0/RP0/CPU0,0,0,0,22948,fib_mgr,2,2,2

2020-02-02 20:26:09.816000+00:00,dr03,cpumem-sub1,obt-collector1,0/0/CPU0,0,0,0,29807,udp,5,6,6

2020-02-02 20:26:09.821000+00:00,dr03,cpumem-sub1,obt-collector1,0/1/CPU0,0,0,0,14733,udp,5,6,6

2020-02-02 20:26:19.825000+00:00,dr03,cpumem-sub1,obt-collector1,0/RP0/CPU0,0,0,0,22948,fib_mgr,2,2,2

2020-02-02 20:26:19.830000+00:00,dr03,cpumem-sub1,obt-collector1,0/0/CPU0,0,0,0,29807,udp,5,6,6

2020-02-02 20:26:19.836000+00:00,dr03,cpumem-sub1,obt-collector1,0/1/CPU0,0,0,0,14733,udp,5,6,6

2020-02-02 20:26:29.839000+00:00,dr03,cpumem-sub1,obt-collector1,0/RP0/CPU0,0,0,0,22948,fib_mgr,2,2,2

2020-02-02 20:26:29.843000+00:00,dr03,cpumem-sub1,obt-collector1,0/0/CPU0,0,0,0,29807,udp,5,6,6

2020-02-02 20:26:29.848000+00:00,dr03,cpumem-sub1,obt-collector1,0/1/CPU0,0,0,0,14733,udp,5,6,6

2020-02-02 20:26:39.852000+00:00,dr03,cpumem-sub1,obt-collector1,0/RP0/CPU0,0,0,0,22948,fib_mgr,2,2,2

2020-02-02 20:26:39.856000+00:00,dr03,cpumem-sub1,obt-collector1,0/0/CPU0,0,0,0,29807,udp,5,6,6

2020-02-02 20:26:39.862000+00:00,dr03,cpumem-sub1,obt-collector1,0/1/CPU0,0,0,0,14733,udp,5,6,6

2020-02-02 20:26:49.866000+00:00,dr03,cpumem-sub1,obt-collector1,0/RP0/CPU0,0,0,0,22948,fib_mgr,2,2,2

2020-02-02 20:26:49.869000+00:00,dr03,cpumem-sub1,obt-collector1,0/0/CPU0,0,0,0,29807,udp,5,6,6

2020-02-02 20:26:49.875000+00:00,dr03,cpumem-sub1,obt-collector1,0/1/CPU0,0,0,0,14733,udp,5,6,6

2020-02-02 20:26:59.879000+00:00,dr03,cpumem-sub1,obt-collector1,0/RP0/CPU0,0,0,0,22948,fib_mgr,2,2,2

2020-02-02 20:26:59.882000+00:00,dr03,cpumem-sub1,obt-collector1,0/0/CPU0,0,0,0,29807,udp,5,6,6

2020-02-02 20:26:59.888000+00:00,dr03,cpumem-sub1,obt-collector1,0/1/CPU0,0,0,0,14733,udp,5,6,6

2020-02-02 20:27:09.892000+00:00,dr03,cpumem-sub1,obt-collector1,0/RP0/CPU0,0,0,0,22948,fib_mgr,2,2,2

2020-02-02 20:27:09.896000+00:00,dr03,cpumem-sub1,obt-collector1,0/0/CPU0,0,0,0,29807,udp,5,6,6

2020-02-02 20:27:09.902000+00:00,dr03,cpumem-sub1,obt-collector1,0/1/CPU0,0,0,0,14733,udp,5,6,6

2020-02-02 20:27:19.906000+00:00,dr03,cpumem-sub1,obt-collector1,0/RP0/CPU0,0,0,0,22948,fib_mgr,2,2,2

2020-02-02 20:27:19.909000+00:00,dr03,cpumem-sub1,obt-collector1,0/0/CPU0,0,0,0,29807,udp,5,6,6

2020-02-02 20:27:19.915000+00:00,dr03,cpumem-sub1,obt-collector1,0/1/CPU0,0,0,0,14733,udp,5,6,6

2020-02-02 20:27:29.919000+00:00,dr03,cpumem-sub1,obt-collector1,0/RP0/CPU0,0,0,0,22948,fib_mgr,2,2,2

2020-02-02 20:27:29.923000+00:00,dr03,cpumem-sub1,obt-collector1,0/0/CPU0,0,0,0,29807,udp,5,6,6

2020-02-02 20:27:29.930000+00:00,dr03,cpumem-sub1,obt-collector1,0/1/CPU0,0,0,0,14733,udp,5,6,6

2020-02-02 20:27:39.934000+00:00,dr03,cpumem-sub1,obt-collector1,0/RP0/CPU0,0,0,0,22948,fib_mgr,2,2,2

2020-02-02 20:27:39.938000+00:00,dr03,cpumem-sub1,obt-collector1,0/0/CPU0,0,0,0,29807,udp,5,6,6

2020-02-02 20:27:39.943000+00:00,dr03,cpumem-sub1,obt-collector1,0/1/CPU0,0,0,0,14733,udp,5,6,6

2020-02-02 20:27:49.948000+00:00,dr03,cpumem-sub1,obt-collector1,0/RP0/CPU0,0,0,0,22948,fib_mgr,2,2,2

2020-02-02 20:27:49.951000+00:00,dr03,cpumem-sub1,obt-collector1,0/0/CPU0,0,0,0,29807,udp,5,6,6

2020-02-02 20:27:49.957000+00:00,dr03,cpumem-sub1,obt-collector1,0/1/CPU0,0,0,0,14733,udp,5,6,6

2020-02-02 20:27:59.961000+00:00,dr03,cpumem-sub1,obt-collector1,0/RP0/CPU0,0,0,0,22948,fib_mgr,2,2,2

2020-02-02 20:27:59.964000+00:00,dr03,cpumem-sub1,obt-collector1,0/0/CPU0,0,0,0,29807,udp,5,6,6

2020-02-02 20:27:59.970000+00:00,dr03,cpumem-sub1,obt-collector1,0/1/CPU0,0,0,0,14733,udp,5,6,6

2020-02-02 20:28:09.975000+00:00,dr03,cpumem-sub1,obt-collector1,0/RP0/CPU0,0,0,0,22948,fib_mgr,2,2,2

2020-02-02 20:28:09.978000+00:00,dr03,cpumem-sub1,obt-collector1,0/0/CPU0,0,0,0,29807,udp,5,5,6

2020-02-02 20:28:09.984000+00:00,dr03,cpumem-sub1,obt-collector1,0/1/CPU0,0,0,0,14733,udp,5,6,6

2020-02-02 20:28:19.988000+00:00,dr03,cpumem-sub1,obt-collector1,0/RP0/CPU0,0,0,0,22948,fib_mgr,2,2,2

2020-02-02 20:28:19.992000+00:00,dr03,cpumem-sub1,obt-collector1,0/0/CPU0,0,0,0,29807,udp,5,5,6

2020-02-02 20:28:19.998000+00:00,dr03,cpumem-sub1,obt-collector1,0/1/CPU0,0,0,0,14733,udp,5,6,6

2020-02-02 20:28:30.002000+00:00,dr03,cpumem-sub1,obt-collector1,0/RP0/CPU0,0,0,0,22948,fib_mgr,2,2,2

2020-02-02 20:28:30.006000+00:00,dr03,cpumem-sub1,obt-collector1,0/0/CPU0,0,0,0,29807,udp,5,5,6

2020-02-02 20:28:30.011000+00:00,dr03,cpumem-sub1,obt-collector1,0/1/CPU0,0,0,0,14733,udp,5,6,6

2020-02-02 20:28:40.015000+00:00,dr03,cpumem-sub1,obt-collector1,0/RP0/CPU0,0,0,0,22948,fib_mgr,2,2,2

2020-02-02 20:28:40.018000+00:00,dr03,cpumem-sub1,obt-collector1,0/0/CPU0,0,0,0,29807,udp,5,5,6

2020-02-02 20:28:40.024000+00:00,dr03,cpumem-sub1,obt-collector1,0/1/CPU0,0,0,0,14733,udp,5,6,6

2020-02-02 20:28:50.028000+00:00,dr03,cpumem-sub1,obt-collector1,0/RP0/CPU0,0,0,0,22948,fib_mgr,2,2,2

2020-02-02 20:28:50.032000+00:00,dr03,cpumem-sub1,obt-collector1,0/0/CPU0,0,0,0,29807,udp,5,5,6

2020-02-02 20:28:50.038000+00:00,dr03,cpumem-sub1,obt-collector1,0/1/CPU0,0,0,0,14733,udp,5,6,6

2020-02-02 20:29:00.042000+00:00,dr03,cpumem-sub1,obt-collector1,0/RP0/CPU0,0,0,0,22948,fib_mgr,2,2,2

2020-02-02 20:29:00.046000+00:00,dr03,cpumem-sub1,obt-collector1,0/0/CPU0,0,0,0,29807,udp,5,5,6

2020-02-02 20:29:00.051000+00:00,dr03,cpumem-sub1,obt-collector1,0/1/CPU0,0,0,0,14733,udp,5,6,6

2020-02-02 20:29:10.055000+00:00,dr03,cpumem-sub1,obt-collector1,0/RP0/CPU0,0,0,0,22948,fib_mgr,2,2,2

2020-02-02 20:29:10.059000+00:00,dr03,cpumem-sub1,obt-collector1,0/0/CPU0,0,0,0,29807,udp,5,5,6

2020-02-02 20:29:10.065000+00:00,dr03,cpumem-sub1,obt-collector1,0/1/CPU0,0,0,0,14733,udp,5,6,6

2020-02-02 20:29:20.069000+00:00,dr03,cpumem-sub1,obt-collector1,0/RP0/CPU0,0,0,0,22948,fib_mgr,2,2,2

2020-02-02 20:29:20.072000+00:00,dr03,cpumem-sub1,obt-collector1,0/0/CPU0,0,0,0,29807,udp,5,5,6

2020-02-02 20:29:20.078000+00:00,dr03,cpumem-sub1,obt-collector1,0/1/CPU0,0,0,0,14733,udp,5,6,6

2020-02-02 20:29:30.083000+00:00,dr03,cpumem-sub1,obt-collector1,0/RP0/CPU0,0,0,0,22948,fib_mgr,2,2,2

2020-02-02 20:29:30.086000+00:00,dr03,cpumem-sub1,obt-collector1,0/0/CPU0,0,0,0,29807,udp,5,5,6

2020-02-02 20:29:30.092000+00:00,dr03,cpumem-sub1,obt-collector1,0/1/CPU0,0,0,0,14733,udp,5,6,6

2020-02-02 20:29:40.096000+00:00,dr03,cpumem-sub1,obt-collector1,0/RP0/CPU0,0,0,0,22948,fib_mgr,2,2,2

2020-02-02 20:29:40.100000+00:00,dr03,cpumem-sub1,obt-collector1,0/0/CPU0,0,0,0,29807,udp,5,5,6

2020-02-02 20:29:40.106000+00:00,dr03,cpumem-sub1,obt-collector1,0/1/CPU0,0,0,0,14733,udp,5,6,6

2020-02-02 20:29:50.110000+00:00,dr03,cpumem-sub1,obt-collector1,0/RP0/CPU0,0,0,0,22948,fib_mgr,2,2,2

2020-02-02 20:29:50.114000+00:00,dr03,cpumem-sub1,obt-collector1,0/0/CPU0,0,0,0,29807,udp,5,5,6

2020-02-02 20:29:50.119000+00:00,dr03,cpumem-sub1,obt-collector1,0/1/CPU0,0,0,0,14733,udp,5,6,6

2020-02-02 20:30:00.124000+00:00,dr03,cpumem-sub1,obt-collector1,0/RP0/CPU0,0,0,0,22948,fib_mgr,2,2,2

2020-02-02 20:30:00.127000+00:00,dr03,cpumem-sub1,obt-collector1,0/0/CPU0,0,0,0,29807,udp,5,5,6

2020-02-02 20:30:00.133000+00:00,dr03,cpumem-sub1,obt-collector1,0/1/CPU0,0,0,0,14733,udp,5,6,6

2020-02-02 20:30:10.137000+00:00,dr03,cpumem-sub1,obt-collector1,0/RP0/CPU0,0,0,0,22948,fib_mgr,2,2,2

2020-02-02 20:30:10.141000+00:00,dr03,cpumem-sub1,obt-collector1,0/0/CPU0,0,0,0,29807,udp,5,6,6

2020-02-02 20:30:10.147000+00:00,dr03,cpumem-sub1,obt-collector1,0/1/CPU0,0,0,0,14733,udp,5,6,6

2020-02-02 20:30:20.151000+00:00,dr03,cpumem-sub1,obt-collector1,0/RP0/CPU0,0,0,0,22948,fib_mgr,2,2,2

2020-02-02 20:30:20.155000+00:00,dr03,cpumem-sub1,obt-collector1,0/0/CPU0,0,0,0,29807,udp,5,6,6

2020-02-02 20:30:20.160000+00:00,dr03,cpumem-sub1,obt-collector1,0/1/CPU0,0,0,0,14733,udp,5,6,6

2020-02-02 20:30:30.164000+00:00,dr03,cpumem-sub1,obt-collector1,0/RP0/CPU0,0,0,0,22948,fib_mgr,2,2,2

2020-02-02 20:30:30.167000+00:00,dr03,cpumem-sub1,obt-collector1,0/0/CPU0,0,0,0,29807,udp,5,6,6

2020-02-02 20:30:30.173000+00:00,dr03,cpumem-sub1,obt-collector1,0/1/CPU0,0,0,0,14733,udp,5,6,6

2020-02-02 20:30:40.177000+00:00,dr03,cpumem-sub1,obt-collector1,0/RP0/CPU0,0,0,0,22948,fib_mgr,2,2,2

2020-02-02 20:30:40.181000+00:00,dr03,cpumem-sub1,obt-collector1,0/0/CPU0,0,0,0,29807,udp,5,6,6

2020-02-02 20:30:40.187000+00:00,dr03,cpumem-sub1,obt-collector1,0/1/CPU0,0,0,0,14733,udp,5,6,6

2020-02-02 20:30:50.191000+00:00,dr03,cpumem-sub1,obt-collector1,0/RP0/CPU0,0,0,0,22948,fib_mgr,2,2,2

2020-02-02 20:30:50.195000+00:00,dr03,cpumem-sub1,obt-collector1,0/0/CPU0,0,0,0,29807,udp,5,6,6

2020-02-02 20:30:50.201000+00:00,dr03,cpumem-sub1,obt-collector1,0/1/CPU0,0,0,0,14733,udp,5,6,6

2020-02-02 20:31:00.205000+00:00,dr03,cpumem-sub1,obt-collector1,0/RP0/CPU0,0,0,0,22948,fib_mgr,2,2,2

2020-02-02 20:31:00.208000+00:00,dr03,cpumem-sub1,obt-collector1,0/0/CPU0,0,0,0,29807,udp,5,6,6

2020-02-02 20:31:00.214000+00:00,dr03,cpumem-sub1,obt-collector1,0/1/CPU0,0,0,0,14733,udp,5,6,6

2020-02-02 20:31:10.218000+00:00,dr03,cpumem-sub1,obt-collector1,0/RP0/CPU0,0,0,0,22948,fib_mgr,2,2,2

2020-02-02 20:31:10.222000+00:00,dr03,cpumem-sub1,obt-collector1,0/0/CPU0,0,0,0,29807,udp,5,5,5

2020-02-02 20:31:10.228000+00:00,dr03,cpumem-sub1,obt-collector1,0/1/CPU0,0,0,0,14733,udp,5,6,6

2020-02-02 20:31:20.232000+00:00,dr03,cpumem-sub1,obt-collector1,0/RP0/CPU0,0,0,0,22948,fib_mgr,2,2,2

2020-02-02 20:31:20.235000+00:00,dr03,cpumem-sub1,obt-collector1,0/0/CPU0,0,0,0,29807,udp,5,5,5

2020-02-02 20:31:20.241000+00:00,dr03,cpumem-sub1,obt-collector1,0/1/CPU0,0,0,0,14733,udp,5,6,6

2020-02-02 20:31:30.245000+00:00,dr03,cpumem-sub1,obt-collector1,0/RP0/CPU0,0,0,0,22948,fib_mgr,2,2,2

2020-02-02 20:31:30.249000+00:00,dr03,cpumem-sub1,obt-collector1,0/0/CPU0,0,0,0,29807,udp,5,5,5

2020-02-02 20:31:30.255000+00:00,dr03,cpumem-sub1,obt-collector1,0/1/CPU0,0,0,0,14733,udp,5,6,6

2020-02-02 20:31:40.259000+00:00,dr03,cpumem-sub1,obt-collector1,0/RP0/CPU0,0,0,0,22948,fib_mgr,2,2,2

2020-02-02 20:31:40.263000+00:00,dr03,cpumem-sub1,obt-collector1,0/0/CPU0,0,0,0,29807,udp,5,5,5

2020-02-02 20:31:40.268000+00:00,dr03,cpumem-sub1,obt-collector1,0/1/CPU0,0,0,0,14733,udp,5,6,6

2020-02-02 20:31:50.272000+00:00,dr03,cpumem-sub1,obt-collector1,0/RP0/CPU0,0,0,0,22948,fib_mgr,2,2,2

2020-02-02 20:31:50.276000+00:00,dr03,cpumem-sub1,obt-collector1,0/0/CPU0,0,0,0,29807,udp,5,5,5

2020-02-02 20:31:50.282000+00:00,dr03,cpumem-sub1,obt-collector1,0/1/CPU0,0,0,0,14733,udp,5,6,6

2020-02-02 20:32:00.286000+00:00,dr03,cpumem-sub1,obt-collector1,0/RP0/CPU0,0,0,0,22948,fib_mgr,2,2,2

2020-02-02 20:32:00.289000+00:00,dr03,cpumem-sub1,obt-collector1,0/0/CPU0,0,0,0,29807,udp,5,5,5

2020-02-02 20:32:00.295000+00:00,dr03,cpumem-sub1,obt-collector1,0/1/CPU0,0,0,0,14733,udp,5,6,6

2020-02-02 20:32:10.300000+00:00,dr03,cpumem-sub1,obt-collector1,0/RP0/CPU0,0,0,0,22948,fib_mgr,2,2,2

2020-02-02 20:32:10.304000+00:00,dr03,cpumem-sub1,obt-collector1,0/0/CPU0,0,0,0,29807,udp,5,5,6

2020-02-02 20:32:10.310000+00:00,dr03,cpumem-sub1,obt-collector1,0/1/CPU0,0,0,0,14733,udp,5,6,6

2020-02-02 20:32:20.315000+00:00,dr03,cpumem-sub1,obt-collector1,0/RP0/CPU0,0,0,0,22948,fib_mgr,2,2,2

2020-02-02 20:32:20.319000+00:00,dr03,cpumem-sub1,obt-collector1,0/0/CPU0,0,0,0,29807,udp,5,5,6

2020-02-02 20:32:20.326000+00:00,dr03,cpumem-sub1,obt-collector1,0/1/CPU0,0,0,0,14733,udp,5,6,6

2020-02-02 20:32:30.330000+00:00,dr03,cpumem-sub1,obt-collector1,0/RP0/CPU0,0,0,0,22948,fib_mgr,2,2,2

2020-02-02 20:32:30.334000+00:00,dr03,cpumem-sub1,obt-collector1,0/0/CPU0,0,0,0,29807,udp,5,5,6

2020-02-02 20:32:30.340000+00:00,dr03,cpumem-sub1,obt-collector1,0/1/CPU0,0,0,0,14733,udp,5,6,6

2020-02-02 20:32:40.345000+00:00,dr03,cpumem-sub1,obt-collector1,0/RP0/CPU0,0,0,0,22948,fib_mgr,2,2,2

2020-02-02 20:32:40.348000+00:00,dr03,cpumem-sub1,obt-collector1,0/0/CPU0,0,0,0,29807,udp,5,5,6

2020-02-02 20:32:40.354000+00:00,dr03,cpumem-sub1,obt-collector1,0/1/CPU0,0,0,0,14733,udp,5,6,6

2020-02-02 20:32:50.358000+00:00,dr03,cpumem-sub1,obt-collector1,0/RP0/CPU0,0,0,0,22948,fib_mgr,2,2,2

2020-02-02 20:32:50.362000+00:00,dr03,cpumem-sub1,obt-collector1,0/0/CPU0,0,0,0,29807,udp,5,5,6

2020-02-02 20:32:50.368000+00:00,dr03,cpumem-sub1,obt-collector1,0/1/CPU0,0,0,0,14733,udp,6,6,6

2020-02-02 20:33:00.372000+00:00,dr03,cpumem-sub1,obt-collector1,0/RP0/CPU0,0,0,0,22948,fib_mgr,2,2,2

2020-02-02 20:33:00.377000+00:00,dr03,cpumem-sub1,obt-collector1,0/0/CPU0,0,0,0,29807,udp,5,5,6

2020-02-02 20:33:00.382000+00:00,dr03,cpumem-sub1,obt-collector1,0/1/CPU0,0,0,0,14733,udp,6,6,6

2020-02-02 20:33:10.563000+00:00,dr03,cpumem-sub1,obt-collector1,0/RP0/CPU0,0,0,0,22948,fib_mgr,2,2,2

2020-02-02 20:33:10.566000+00:00,dr03,cpumem-sub1,obt-collector1,0/0/CPU0,0,0,0,29807,udp,5,5,6

2020-02-02 20:33:10.572000+00:00,dr03,cpumem-sub1,obt-collector1,0/1/CPU0,0,0,0,14733,udp,6,6,6

2020-02-02 20:33:20.576000+00:00,dr03,cpumem-sub1,obt-collector1,0/RP0/CPU0,0,0,0,22948,fib_mgr,2,2,2

2020-02-02 20:33:20.580000+00:00,dr03,cpumem-sub1,obt-collector1,0/0/CPU0,0,0,0,29807,udp,5,5,6

2020-02-02 20:33:20.587000+00:00,dr03,cpumem-sub1,obt-collector1,0/1/CPU0,0,0,0,14733,udp,6,6,6

2020-02-02 20:33:30.591000+00:00,dr03,cpumem-sub1,obt-collector1,0/RP0/CPU0,0,0,0,22948,fib_mgr,2,2,2

2020-02-02 20:33:30.595000+00:00,dr03,cpumem-sub1,obt-collector1,0/0/CPU0,0,0,0,29807,udp,5,5,6

2020-02-02 20:33:30.602000+00:00,dr03,cpumem-sub1,obt-collector1,0/1/CPU0,0,0,0,14733,udp,6,6,6

2020-02-02 20:33:40.608000+00:00,dr03,cpumem-sub1,obt-collector1,0/RP0/CPU0,0,0,0,22948,fib_mgr,2,2,2

2020-02-02 20:33:40.612000+00:00,dr03,cpumem-sub1,obt-collector1,0/0/CPU0,0,0,0,29807,udp,5,5,6

2020-02-02 20:33:40.619000+00:00,dr03,cpumem-sub1,obt-collector1,0/1/CPU0,0,0,0,14733,udp,6,6,6

2020-02-02 20:33:50.622000+00:00,dr03,cpumem-sub1,obt-collector1,0/RP0/CPU0,0,0,0,22948,fib_mgr,2,2,2

2020-02-02 20:33:50.626000+00:00,dr03,cpumem-sub1,obt-collector1,0/0/CPU0,0,0,0,29807,udp,5,5,6

2020-02-02 20:33:50.631000+00:00,dr03,cpumem-sub1,obt-collector1,0/1/CPU0,0,0,0,14733,udp,6,6,6

2020-02-02 20:34:00.635000+00:00,dr03,cpumem-sub1,obt-collector1,0/RP0/CPU0,0,0,0,22948,fib_mgr,2,2,2

2020-02-02 20:34:00.639000+00:00,dr03,cpumem-sub1,obt-collector1,0/0/CPU0,0,0,0,29807,udp,5,5,6

2020-02-02 20:34:00.645000+00:00,dr03,cpumem-sub1,obt-collector1,0/1/CPU0,0,0,0,14733,udp,6,6,6

2020-02-02 20:34:10.999000+00:00,dr03,cpumem-sub1,obt-collector1,0/RP0/CPU0,0,0,0,22948,fib_mgr,2,2,2

2020-02-02 20:34:11.003000+00:00,dr03,cpumem-sub1,obt-collector1,0/0/CPU0,0,0,0,29807,udp,5,5,6

2020-02-02 20:34:11.009000+00:00,dr03,cpumem-sub1,obt-collector1,0/1/CPU0,0,0,0,14733,udp,6,6,6

2020-02-02 20:34:21.013000+00:00,dr03,cpumem-sub1,obt-collector1,0/RP0/CPU0,0,0,0,22948,fib_mgr,2,2,2

2020-02-02 20:34:21.016000+00:00,dr03,cpumem-sub1,obt-collector1,0/0/CPU0,0,0,0,29807,udp,5,5,6

2020-02-02 20:34:21.022000+00:00,dr03,cpumem-sub1,obt-collector1,0/1/CPU0,0,0,0,14733,udp,6,6,6

2020-02-02 20:34:31.026000+00:00,dr03,cpumem-sub1,obt-collector1,0/RP0/CPU0,0,0,0,22948,fib_mgr,2,2,2

2020-02-02 20:34:31.029000+00:00,dr03,cpumem-sub1,obt-collector1,0/0/CPU0,0,0,0,29807,udp,5,5,6

2020-02-02 20:34:31.035000+00:00,dr03,cpumem-sub1,obt-collector1,0/1/CPU0,0,0,0,14733,udp,6,6,6

2020-02-02 20:34:41.039000+00:00,dr03,cpumem-sub1,obt-collector1,0/RP0/CPU0,0,0,0,22948,fib_mgr,2,2,2

2020-02-02 20:34:41.043000+00:00,dr03,cpumem-sub1,obt-collector1,0/0/CPU0,0,0,0,29807,udp,5,5,6

2020-02-02 20:34:41.049000+00:00,dr03,cpumem-sub1,obt-collector1,0/1/CPU0,0,0,0,14733,udp,6,6,6

2020-02-02 20:34:51.053000+00:00,dr03,cpumem-sub1,obt-collector1,0/RP0/CPU0,0,0,0,22948,fib_mgr,2,2,2

2020-02-02 20:34:51.057000+00:00,dr03,cpumem-sub1,obt-collector1,0/0/CPU0,0,0,0,29807,udp,5,5,6

2020-02-02 20:34:51.063000+00:00,dr03,cpumem-sub1,obt-collector1,0/1/CPU0,0,0,0,14733,udp,6,6,6

2020-02-02 20:35:01.067000+00:00,dr03,cpumem-sub1,obt-collector1,0/RP0/CPU0,0,0,0,22948,fib_mgr,2,2,2

2020-02-02 20:35:01.071000+00:00,dr03,cpumem-sub1,obt-collector1,0/0/CPU0,0,0,0,29807,udp,5,5,6

2020-02-02 20:35:01.076000+00:00,dr03,cpumem-sub1,obt-collector1,0/1/CPU0,0,0,0,14733,udp,6,6,6

2020-02-02 20:35:11.434000+00:00,dr03,cpumem-sub1,obt-collector1,0/RP0/CPU0,0,0,0,22948,fib_mgr,2,2,2

2020-02-02 20:35:11.437000+00:00,dr03,cpumem-sub1,obt-collector1,0/0/CPU0,0,0,0,29807,udp,5,5,6

2020-02-02 20:35:11.444000+00:00,dr03,cpumem-sub1,obt-collector1,0/1/CPU0,0,0,0,14733,udp,6,6,6

2020-02-02 20:35:21.448000+00:00,dr03,cpumem-sub1,obt-collector1,0/RP0/CPU0,0,0,0,22948,fib_mgr,2,2,2

2020-02-02 20:35:21.451000+00:00,dr03,cpumem-sub1,obt-collector1,0/0/CPU0,0,0,0,29807,udp,5,5,6

2020-02-02 20:35:21.457000+00:00,dr03,cpumem-sub1,obt-collector1,0/1/CPU0,0,0,0,14733,udp,6,6,6

2020-02-02 20:35:31.462000+00:00,dr03,cpumem-sub1,obt-collector1,0/RP0/CPU0,0,0,0,22948,fib_mgr,2,2,2

2020-02-02 20:35:31.465000+00:00,dr03,cpumem-sub1,obt-collector1,0/0/CPU0,0,0,0,29807,udp,5,5,6

2020-02-02 20:35:31.471000+00:00,dr03,cpumem-sub1,obt-collector1,0/1/CPU0,0,0,0,14733,udp,6,6,6

2020-02-02 20:35:41.476000+00:00,dr03,cpumem-sub1,obt-collector1,0/RP0/CPU0,0,0,0,22948,fib_mgr,2,2,2

2020-02-02 20:35:41.479000+00:00,dr03,cpumem-sub1,obt-collector1,0/0/CPU0,0,0,0,29807,udp,5,5,6

2020-02-02 20:35:41.485000+00:00,dr03,cpumem-sub1,obt-collector1,0/1/CPU0,0,0,0,14733,udp,6,6,6

2020-02-02 20:35:51.490000+00:00,dr03,cpumem-sub1,obt-collector1,0/RP0/CPU0,0,0,0,22948,fib_mgr,2,2,2

2020-02-02 20:35:51.493000+00:00,dr03,cpumem-sub1,obt-collector1,0/0/CPU0,0,0,0,29807,udp,5,5,6

2020-02-02 20:35:51.499000+00:00,dr03,cpumem-sub1,obt-collector1,0/1/CPU0,0,0,0,14733,udp,6,6,6

2020-02-02 20:36:01.503000+00:00,dr03,cpumem-sub1,obt-collector1,0/RP0/CPU0,0,0,0,22948,fib_mgr,2,2,2

2020-02-02 20:36:01.507000+00:00,dr03,cpumem-sub1,obt-collector1,0/0/CPU0,0,0,0,29807,udp,5,5,6

2020-02-02 20:36:01.513000+00:00,dr03,cpumem-sub1,obt-collector1,0/1/CPU0,0,0,0,14733,udp,6,6,6

2020-02-02 20:36:11.869000+00:00,dr03,cpumem-sub1,obt-collector1,0/RP0/CPU0,0,0,0,22948,fib_mgr,2,2,2

2020-02-02 20:36:11.873000+00:00,dr03,cpumem-sub1,obt-collector1,0/0/CPU0,0,0,0,29807,udp,5,6,6

2020-02-02 20:36:11.879000+00:00,dr03,cpumem-sub1,obt-collector1,0/1/CPU0,0,0,0,14733,udp,6,6,6

2020-02-02 20:36:21.883000+00:00,dr03,cpumem-sub1,obt-collector1,0/RP0/CPU0,0,0,0,22948,fib_mgr,2,2,2

2020-02-02 20:36:21.887000+00:00,dr03,cpumem-sub1,obt-collector1,0/0/CPU0,0,0,0,29807,udp,5,6,6

2020-02-02 20:36:21.892000+00:00,dr03,cpumem-sub1,obt-collector1,0/1/CPU0,0,0,0,14733,udp,6,6,6

2020-02-02 20:36:31.897000+00:00,dr03,cpumem-sub1,obt-collector1,0/RP0/CPU0,0,0,0,22948,fib_mgr,2,2,2

2020-02-02 20:36:31.901000+00:00,dr03,cpumem-sub1,obt-collector1,0/0/CPU0,0,0,0,29807,udp,5,6,6

2020-02-02 20:36:31.906000+00:00,dr03,cpumem-sub1,obt-collector1,0/1/CPU0,0,0,0,14733,udp,6,6,6

2020-02-02 20:36:41.910000+00:00,dr03,cpumem-sub1,obt-collector1,0/RP0/CPU0,0,0,0,22948,fib_mgr,2,2,2

2020-02-02 20:36:41.914000+00:00,dr03,cpumem-sub1,obt-collector1,0/0/CPU0,0,0,0,29807,udp,5,6,6

2020-02-02 20:36:41.920000+00:00,dr03,cpumem-sub1,obt-collector1,0/1/CPU0,0,0,0,14733,udp,6,6,6

2020-02-02 20:36:51.925000+00:00,dr03,cpumem-sub1,obt-collector1,0/RP0/CPU0,0,0,0,22948,fib_mgr,2,2,2

2020-02-02 20:36:51.929000+00:00,dr03,cpumem-sub1,obt-collector1,0/0/CPU0,0,0,0,29807,udp,5,6,6

2020-02-02 20:36:51.935000+00:00,dr03,cpumem-sub1,obt-collector1,0/1/CPU0,0,0,0,14733,udp,6,6,6

2020-02-02 20:37:01.939000+00:00,dr03,cpumem-sub1,obt-collector1,0/RP0/CPU0,0,0,0,22948,fib_mgr,2,2,2

2020-02-02 20:37:01.943000+00:00,dr03,cpumem-sub1,obt-collector1,0/0/CPU0,0,0,0,29807,udp,5,6,6

2020-02-02 20:37:01.949000+00:00,dr03,cpumem-sub1,obt-collector1,0/1/CPU0,0,0,0,14733,udp,6,6,6

2020-02-02 20:37:12.304000+00:00,dr03,cpumem-sub1,obt-collector1,0/RP0/CPU0,0,0,0,22948,fib_mgr,2,2,2

2020-02-02 20:37:12.307000+00:00,dr03,cpumem-sub1,obt-collector1,0/0/CPU0,0,0,0,29807,udp,5,6,6

2020-02-02 20:37:12.313000+00:00,dr03,cpumem-sub1,obt-collector1,0/1/CPU0,0,0,0,14733,udp,6,6,6

2020-02-02 20:37:22.318000+00:00,dr03,cpumem-sub1,obt-collector1,0/RP0/CPU0,0,0,0,22948,fib_mgr,2,2,2

2020-02-02 20:37:22.321000+00:00,dr03,cpumem-sub1,obt-collector1,0/0/CPU0,0,0,0,29807,udp,5,6,6

2020-02-02 20:37:22.327000+00:00,dr03,cpumem-sub1,obt-collector1,0/1/CPU0,0,0,0,14733,udp,6,6,6

2020-02-02 20:37:32.332000+00:00,dr03,cpumem-sub1,obt-collector1,0/RP0/CPU0,0,0,0,22948,fib_mgr,2,2,2

2020-02-02 20:37:32.335000+00:00,dr03,cpumem-sub1,obt-collector1,0/0/CPU0,0,0,0,29807,udp,5,6,6

2020-02-02 20:37:32.342000+00:00,dr03,cpumem-sub1,obt-collector1,0/1/CPU0,0,0,0,14733,udp,6,6,6

2020-02-02 20:37:42.346000+00:00,dr03,cpumem-sub1,obt-collector1,0/RP0/CPU0,0,0,0,22948,fib_mgr,2,2,2

2020-02-02 20:37:42.350000+00:00,dr03,cpumem-sub1,obt-collector1,0/0/CPU0,0,0,0,29807,udp,5,6,6

2020-02-02 20:37:42.355000+00:00,dr03,cpumem-sub1,obt-collector1,0/1/CPU0,0,0,0,14733,udp,6,6,6

2020-02-02 20:37:52.360000+00:00,dr03,cpumem-sub1,obt-collector1,0/RP0/CPU0,0,0,0,22948,fib_mgr,2,2,2

2020-02-02 20:37:52.364000+00:00,dr03,cpumem-sub1,obt-collector1,0/0/CPU0,0,0,0,29807,udp,5,6,6

2020-02-02 20:37:52.370000+00:00,dr03,cpumem-sub1,obt-collector1,0/1/CPU0,0,0,0,14733,udp,6,6,6

