,Producer,Target,cntr-engines/apps-info/app-type,cntr-engines/apps-info/num-cntrs-for-app,cntr-engines/apps-info/num-cntrs-used,cntr-engines/core-id,cntr-engines/state,host,next-avail-cp-id,node-name,npu-id,num-cntr-engines,sys-cp-cnfg-prof

2020-02-02 20:16:48.325000+00:00,dr03,sg15,Interface TX,16384,0,1,In use,obt-collector1,4,0/0/CPU0,1,16,0

2020-02-02 20:16:48.325000+00:00,dr03,sg15,Interface TX,16384,0,1,In use,obt-collector1,4,0/0/CPU0,2,16,0

2020-02-02 20:16:48.325000+00:00,dr03,sg15,Interface TX,16384,0,1,In use,obt-collector1,4,0/0/CPU0,0,16,0

2020-02-02 20:16:48.325000+00:00,dr03,sg15,Interface TX,16384,0,1,In use,obt-collector1,4,0/0/CPU0,5,16,0

2020-02-02 20:16:48.325000+00:00,dr03,sg15,Interface TX,16384,0,1,In use,obt-collector1,4,0/0/CPU0,3,16,0

2020-02-02 20:16:48.325000+00:00,dr03,sg15,Interface TX,16384,0,1,In use,obt-collector1,4,0/0/CPU0,4,16,0

2020-02-02 20:16:48.327000+00:00,dr03,sg15,Interface TX,16384,0,1,In use,obt-collector1,4,0/1/CPU0,3,16,0

2020-02-02 20:16:48.327000+00:00,dr03,sg15,Interface TX,16384,0,1,In use,obt-collector1,4,0/1/CPU0,1,16,0

2020-02-02 20:16:48.327000+00:00,dr03,sg15,Interface TX,16384,0,1,In use,obt-collector1,4,0/1/CPU0,2,16,0

2020-02-02 20:16:48.327000+00:00,dr03,sg15,Interface TX,16384,0,1,In use,obt-collector1,4,0/1/CPU0,4,16,0

2020-02-02 20:16:48.327000+00:00,dr03,sg15,Interface TX,16384,0,1,In use,obt-collector1,4,0/1/CPU0,5,16,0

2020-02-02 20:16:48.327000+00:00,dr03,sg15,Interface TX,16384,0,1,In use,obt-collector1,4,0/1/CPU0,0,16,0

2020-02-02 20:17:09.720000+00:00,dr03,sg15,Interface TX,16384,0,1,In use,obt-collector1,4,0/0/CPU0,4,16,0

2020-02-02 20:17:09.720000+00:00,dr03,sg15,Interface TX,16384,0,1,In use,obt-collector1,4,0/0/CPU0,1,16,0

2020-02-02 20:17:09.720000+00:00,dr03,sg15,Interface TX,16384,0,1,In use,obt-collector1,4,0/0/CPU0,3,16,0

2020-02-02 20:17:09.720000+00:00,dr03,sg15,Interface TX,16384,0,1,In use,obt-collector1,4,0/0/CPU0,5,16,0

2020-02-02 20:17:09.720000+00:00,dr03,sg15,Interface TX,16384,0,1,In use,obt-collector1,4,0/0/CPU0,2,16,0

2020-02-02 20:17:09.720000+00:00,dr03,sg15,Interface TX,16384,0,1,In use,obt-collector1,4,0/0/CPU0,0,16,0

2020-02-02 20:17:09.722000+00:00,dr03,sg15,Interface TX,16384,0,1,In use,obt-collector1,4,0/1/CPU0,0,16,0

2020-02-02 20:17:09.722000+00:00,dr03,sg15,Interface TX,16384,0,1,In use,obt-collector1,4,0/1/CPU0,4,16,0

2020-02-02 20:17:09.722000+00:00,dr03,sg15,Interface TX,16384,0,1,In use,obt-collector1,4,0/1/CPU0,5,16,0

2020-02-02 20:17:09.722000+00:00,dr03,sg15,Interface TX,16384,0,1,In use,obt-collector1,4,0/1/CPU0,2,16,0

2020-02-02 20:17:09.722000+00:00,dr03,sg15,Interface TX,16384,0,1,In use,obt-collector1,4,0/1/CPU0,3,16,0

2020-02-02 20:17:09.722000+00:00,dr03,sg15,Interface TX,16384,0,1,In use,obt-collector1,4,0/1/CPU0,1,16,0

2020-02-02 20:17:30.687000+00:00,dr03,sg15,Interface TX,16384,0,1,In use,obt-collector1,4,0/0/CPU0,0,16,0

2020-02-02 20:17:30.687000+00:00,dr03,sg15,Interface TX,16384,0,1,In use,obt-collector1,4,0/0/CPU0,4,16,0

2020-02-02 20:17:30.687000+00:00,dr03,sg15,Interface TX,16384,0,1,In use,obt-collector1,4,0/0/CPU0,2,16,0

2020-02-02 20:17:30.687000+00:00,dr03,sg15,Interface TX,16384,0,1,In use,obt-collector1,4,0/0/CPU0,5,16,0

2020-02-02 20:17:30.687000+00:00,dr03,sg15,Interface TX,16384,0,1,In use,obt-collector1,4,0/0/CPU0,1,16,0

2020-02-02 20:17:30.687000+00:00,dr03,sg15,Interface TX,16384,0,1,In use,obt-collector1,4,0/0/CPU0,3,16,0

2020-02-02 20:17:30.690000+00:00,dr03,sg15,Interface TX,16384,0,1,In use,obt-collector1,4,0/1/CPU0,1,16,0

2020-02-02 20:17:30.690000+00:00,dr03,sg15,Interface TX,16384,0,1,In use,obt-collector1,4,0/1/CPU0,2,16,0

2020-02-02 20:17:30.690000+00:00,dr03,sg15,Interface TX,16384,0,1,In use,obt-collector1,4,0/1/CPU0,3,16,0

2020-02-02 20:17:30.690000+00:00,dr03,sg15,Interface TX,16384,0,1,In use,obt-collector1,4,0/1/CPU0,5,16,0

2020-02-02 20:17:30.690000+00:00,dr03,sg15,Interface TX,16384,0,1,In use,obt-collector1,4,0/1/CPU0,0,16,0

2020-02-02 20:17:30.690000+00:00,dr03,sg15,Interface TX,16384,0,1,In use,obt-collector1,4,0/1/CPU0,4,16,0

2020-02-02 20:17:51.547000+00:00,dr03,sg15,Interface TX,16384,0,1,In use,obt-collector1,4,0/0/CPU0,3,16,0

2020-02-02 20:17:51.547000+00:00,dr03,sg15,Interface TX,16384,0,1,In use,obt-collector1,4,0/0/CPU0,0,16,0

2020-02-02 20:17:51.547000+00:00,dr03,sg15,Interface TX,16384,0,1,In use,obt-collector1,4,0/0/CPU0,1,16,0

2020-02-02 20:17:51.547000+00:00,dr03,sg15,Interface TX,16384,0,1,In use,obt-collector1,4,0/0/CPU0,5,16,0

2020-02-02 20:17:51.547000+00:00,dr03,sg15,Interface TX,16384,0,1,In use,obt-collector1,4,0/0/CPU0,4,16,0

2020-02-02 20:17:51.547000+00:00,dr03,sg15,Interface TX,16384,0,1,In use,obt-collector1,4,0/0/CPU0,2,16,0

2020-02-02 20:17:51.549000+00:00,dr03,sg15,Interface TX,16384,0,1,In use,obt-collector1,4,0/1/CPU0,4,16,0

2020-02-02 20:17:51.549000+00:00,dr03,sg15,Interface TX,16384,0,1,In use,obt-collector1,4,0/1/CPU0,5,16,0

2020-02-02 20:17:51.549000+00:00,dr03,sg15,Interface TX,16384,0,1,In use,obt-collector1,4,0/1/CPU0,0,16,0

2020-02-02 20:17:51.549000+00:00,dr03,sg15,Interface TX,16384,0,1,In use,obt-collector1,4,0/1/CPU0,3,16,0

2020-02-02 20:17:51.549000+00:00,dr03,sg15,Interface TX,16384,0,1,In use,obt-collector1,4,0/1/CPU0,1,16,0

2020-02-02 20:17:51.549000+00:00,dr03,sg15,Interface TX,16384,0,1,In use,obt-collector1,4,0/1/CPU0,2,16,0

2020-02-02 20:18:13.071000+00:00,dr03,sg15,Interface TX,16384,0,1,In use,obt-collector1,4,0/0/CPU0,2,16,0

2020-02-02 20:18:13.071000+00:00,dr03,sg15,Interface TX,16384,0,1,In use,obt-collector1,4,0/0/CPU0,3,16,0

2020-02-02 20:18:13.071000+00:00,dr03,sg15,Interface TX,16384,0,1,In use,obt-collector1,4,0/0/CPU0,4,16,0

2020-02-02 20:18:13.071000+00:00,dr03,sg15,Interface TX,16384,0,1,In use,obt-collector1,4,0/0/CPU0,5,16,0

2020-02-02 20:18:13.071000+00:00,dr03,sg15,Interface TX,16384,0,1,In use,obt-collector1,4,0/0/CPU0,0,16,0

2020-02-02 20:18:13.071000+00:00,dr03,sg15,Interface TX,16384,0,1,In use,obt-collector1,4,0/0/CPU0,1,16,0

2020-02-02 20:18:13.074000+00:00,dr03,sg15,Interface TX,16384,0,1,In use,obt-collector1,4,0/1/CPU0,2,16,0

2020-02-02 20:18:13.074000+00:00,dr03,sg15,Interface TX,16384,0,1,In use,obt-collector1,4,0/1/CPU0,3,16,0

2020-02-02 20:18:13.074000+00:00,dr03,sg15,Interface TX,16384,0,1,In use,obt-collector1,4,0/1/CPU0,1,16,0

2020-02-02 20:18:13.074000+00:00,dr03,sg15,Interface TX,16384,0,1,In use,obt-collector1,4,0/1/CPU0,0,16,0

2020-02-02 20:18:13.074000+00:00,dr03,sg15,Interface TX,16384,0,1,In use,obt-collector1,4,0/1/CPU0,4,16,0

2020-02-02 20:18:13.074000+00:00,dr03,sg15,Interface TX,16384,0,1,In use,obt-collector1,4,0/1/CPU0,5,16,0

2020-02-02 20:18:34.152000+00:00,dr03,sg15,Interface TX,16384,0,1,In use,obt-collector1,4,0/0/CPU0,1,16,0

2020-02-02 20:18:34.152000+00:00,dr03,sg15,Interface TX,16384,0,1,In use,obt-collector1,4,0/0/CPU0,2,16,0

2020-02-02 20:18:34.152000+00:00,dr03,sg15,Interface TX,16384,0,1,In use,obt-collector1,4,0/0/CPU0,0,16,0

2020-02-02 20:18:34.152000+00:00,dr03,sg15,Interface TX,16384,0,1,In use,obt-collector1,4,0/0/CPU0,5,16,0

2020-02-02 20:18:34.152000+00:00,dr03,sg15,Interface TX,16384,0,1,In use,obt-collector1,4,0/0/CPU0,3,16,0

2020-02-02 20:18:34.152000+00:00,dr03,sg15,Interface TX,16384,0,1,In use,obt-collector1,4,0/0/CPU0,4,16,0

2020-02-02 20:18:34.156000+00:00,dr03,sg15,Interface TX,16384,0,1,In use,obt-collector1,4,0/1/CPU0,5,16,0

2020-02-02 20:18:34.156000+00:00,dr03,sg15,Interface TX,16384,0,1,In use,obt-collector1,4,0/1/CPU0,0,16,0

2020-02-02 20:18:34.156000+00:00,dr03,sg15,Interface TX,16384,0,1,In use,obt-collector1,4,0/1/CPU0,4,16,0

2020-02-02 20:18:34.156000+00:00,dr03,sg15,Interface TX,16384,0,1,In use,obt-collector1,4,0/1/CPU0,1,16,0

2020-02-02 20:18:34.156000+00:00,dr03,sg15,Interface TX,16384,0,1,In use,obt-collector1,4,0/1/CPU0,2,16,0

2020-02-02 20:18:34.156000+00:00,dr03,sg15,Interface TX,16384,0,1,In use,obt-collector1,4,0/1/CPU0,3,16,0

2020-02-02 20:18:55.369000+00:00,dr03,sg15,Interface TX,16384,0,1,In use,obt-collector1,4,0/0/CPU0,4,16,0

2020-02-02 20:18:55.369000+00:00,dr03,sg15,Interface TX,16384,0,1,In use,obt-collector1,4,0/0/CPU0,1,16,0

2020-02-02 20:18:55.369000+00:00,dr03,sg15,Interface TX,16384,0,1,In use,obt-collector1,4,0/0/CPU0,3,16,0

2020-02-02 20:18:55.369000+00:00,dr03,sg15,Interface TX,16384,0,1,In use,obt-collector1,4,0/0/CPU0,5,16,0

2020-02-02 20:18:55.369000+00:00,dr03,sg15,Interface TX,16384,0,1,In use,obt-collector1,4,0/0/CPU0,2,16,0

2020-02-02 20:18:55.369000+00:00,dr03,sg15,Interface TX,16384,0,1,In use,obt-collector1,4,0/0/CPU0,0,16,0

2020-02-02 20:18:55.371000+00:00,dr03,sg15,Interface TX,16384,0,1,In use,obt-collector1,4,0/1/CPU0,0,16,0

2020-02-02 20:18:55.372000+00:00,dr03,sg15,Interface TX,16384,0,1,In use,obt-collector1,4,0/1/CPU0,3,16,0

2020-02-02 20:18:55.372000+00:00,dr03,sg15,Interface TX,16384,0,1,In use,obt-collector1,4,0/1/CPU0,1,16,0

2020-02-02 20:18:55.372000+00:00,dr03,sg15,Interface TX,16384,0,1,In use,obt-collector1,4,0/1/CPU0,2,16,0

2020-02-02 20:18:55.372000+00:00,dr03,sg15,Interface TX,16384,0,1,In use,obt-collector1,4,0/1/CPU0,5,16,0

2020-02-02 20:18:55.372000+00:00,dr03,sg15,Interface TX,16384,0,1,In use,obt-collector1,4,0/1/CPU0,4,16,0

2020-02-02 20:19:16.812000+00:00,dr03,sg15,Interface TX,16384,0,1,In use,obt-collector1,4,0/0/CPU0,2,16,0

2020-02-02 20:19:16.812000+00:00,dr03,sg15,Interface TX,16384,0,1,In use,obt-collector1,4,0/0/CPU0,0,16,0

2020-02-02 20:19:16.812000+00:00,dr03,sg15,Interface TX,16384,0,1,In use,obt-collector1,4,0/0/CPU0,4,16,0

2020-02-02 20:19:16.812000+00:00,dr03,sg15,Interface TX,16384,0,1,In use,obt-collector1,4,0/0/CPU0,5,16,0

2020-02-02 20:19:16.812000+00:00,dr03,sg15,Interface TX,16384,0,1,In use,obt-collector1,4,0/0/CPU0,1,16,0

2020-02-02 20:19:16.812000+00:00,dr03,sg15,Interface TX,16384,0,1,In use,obt-collector1,4,0/0/CPU0,3,16,0

2020-02-02 20:19:16.816000+00:00,dr03,sg15,Interface TX,16384,0,1,In use,obt-collector1,4,0/1/CPU0,5,16,0

2020-02-02 20:19:16.816000+00:00,dr03,sg15,Interface TX,16384,0,1,In use,obt-collector1,4,0/1/CPU0,0,16,0

2020-02-02 20:19:16.816000+00:00,dr03,sg15,Interface TX,16384,0,1,In use,obt-collector1,4,0/1/CPU0,2,16,0

2020-02-02 20:19:16.816000+00:00,dr03,sg15,Interface TX,16384,0,1,In use,obt-collector1,4,0/1/CPU0,4,16,0

2020-02-02 20:19:16.816000+00:00,dr03,sg15,Interface TX,16384,0,1,In use,obt-collector1,4,0/1/CPU0,1,16,0

2020-02-02 20:19:16.816000+00:00,dr03,sg15,Interface TX,16384,0,1,In use,obt-collector1,4,0/1/CPU0,3,16,0

2020-02-02 20:19:37.937000+00:00,dr03,sg15,Interface TX,16384,0,1,In use,obt-collector1,4,0/0/CPU0,3,16,0

2020-02-02 20:19:37.937000+00:00,dr03,sg15,Interface TX,16384,0,1,In use,obt-collector1,4,0/0/CPU0,2,16,0

2020-02-02 20:19:37.937000+00:00,dr03,sg15,Interface TX,16384,0,1,In use,obt-collector1,4,0/0/CPU0,1,16,0

2020-02-02 20:19:37.937000+00:00,dr03,sg15,Interface TX,16384,0,1,In use,obt-collector1,4,0/0/CPU0,5,16,0

2020-02-02 20:19:37.937000+00:00,dr03,sg15,Interface TX,16384,0,1,In use,obt-collector1,4,0/0/CPU0,0,16,0

2020-02-02 20:19:37.937000+00:00,dr03,sg15,Interface TX,16384,0,1,In use,obt-collector1,4,0/0/CPU0,4,16,0

2020-02-02 20:19:37.940000+00:00,dr03,sg15,Interface TX,16384,0,1,In use,obt-collector1,4,0/1/CPU0,3,16,0

2020-02-02 20:19:37.940000+00:00,dr03,sg15,Interface TX,16384,0,1,In use,obt-collector1,4,0/1/CPU0,4,16,0

2020-02-02 20:19:37.940000+00:00,dr03,sg15,Interface TX,16384,0,1,In use,obt-collector1,4,0/1/CPU0,1,16,0

2020-02-02 20:19:37.940000+00:00,dr03,sg15,Interface TX,16384,0,1,In use,obt-collector1,4,0/1/CPU0,2,16,0

2020-02-02 20:19:37.940000+00:00,dr03,sg15,Interface TX,16384,0,1,In use,obt-collector1,4,0/1/CPU0,5,16,0

2020-02-02 20:19:37.940000+00:00,dr03,sg15,Interface TX,16384,0,1,In use,obt-collector1,4,0/1/CPU0,0,16,0

2020-02-02 20:19:58.861000+00:00,dr03,sg15,Interface TX,16384,0,1,In use,obt-collector1,4,0/0/CPU0,4,16,0

2020-02-02 20:19:58.861000+00:00,dr03,sg15,Interface TX,16384,0,1,In use,obt-collector1,4,0/0/CPU0,3,16,0

2020-02-02 20:19:58.861000+00:00,dr03,sg15,Interface TX,16384,0,1,In use,obt-collector1,4,0/0/CPU0,0,16,0

2020-02-02 20:19:58.861000+00:00,dr03,sg15,Interface TX,16384,0,1,In use,obt-collector1,4,0/0/CPU0,5,16,0

2020-02-02 20:19:58.861000+00:00,dr03,sg15,Interface TX,16384,0,1,In use,obt-collector1,4,0/0/CPU0,2,16,0

2020-02-02 20:19:58.861000+00:00,dr03,sg15,Interface TX,16384,0,1,In use,obt-collector1,4,0/0/CPU0,1,16,0

2020-02-02 20:19:58.864000+00:00,dr03,sg15,Interface TX,16384,0,1,In use,obt-collector1,4,0/1/CPU0,0,16,0

2020-02-02 20:19:58.864000+00:00,dr03,sg15,Interface TX,16384,0,1,In use,obt-collector1,4,0/1/CPU0,2,16,0

2020-02-02 20:19:58.864000+00:00,dr03,sg15,Interface TX,16384,0,1,In use,obt-collector1,4,0/1/CPU0,5,16,0

2020-02-02 20:19:58.864000+00:00,dr03,sg15,Interface TX,16384,0,1,In use,obt-collector1,4,0/1/CPU0,1,16,0

2020-02-02 20:19:58.864000+00:00,dr03,sg15,Interface TX,16384,0,1,In use,obt-collector1,4,0/1/CPU0,3,16,0

2020-02-02 20:19:58.864000+00:00,dr03,sg15,Interface TX,16384,0,1,In use,obt-collector1,4,0/1/CPU0,4,16,0

2020-02-02 20:20:20.302000+00:00,dr03,sg15,Interface TX,16384,0,1,In use,obt-collector1,4,0/0/CPU0,1,16,0

2020-02-02 20:20:20.302000+00:00,dr03,sg15,Interface TX,16384,0,1,In use,obt-collector1,4,0/0/CPU0,4,16,0

2020-02-02 20:20:20.302000+00:00,dr03,sg15,Interface TX,16384,0,1,In use,obt-collector1,4,0/0/CPU0,2,16,0

2020-02-02 20:20:20.302000+00:00,dr03,sg15,Interface TX,16384,0,1,In use,obt-collector1,4,0/0/CPU0,5,16,0

2020-02-02 20:20:20.302000+00:00,dr03,sg15,Interface TX,16384,0,1,In use,obt-collector1,4,0/0/CPU0,3,16,0

2020-02-02 20:20:20.302000+00:00,dr03,sg15,Interface TX,16384,0,1,In use,obt-collector1,4,0/0/CPU0,0,16,0

2020-02-02 20:20:20.305000+00:00,dr03,sg15,Interface TX,16384,0,1,In use,obt-collector1,4,0/1/CPU0,4,16,0

2020-02-02 20:20:20.305000+00:00,dr03,sg15,Interface TX,16384,0,1,In use,obt-collector1,4,0/1/CPU0,1,16,0

2020-02-02 20:20:20.305000+00:00,dr03,sg15,Interface TX,16384,0,1,In use,obt-collector1,4,0/1/CPU0,3,16,0

2020-02-02 20:20:20.305000+00:00,dr03,sg15,Interface TX,16384,0,1,In use,obt-collector1,4,0/1/CPU0,5,16,0

2020-02-02 20:20:20.305000+00:00,dr03,sg15,Interface TX,16384,0,1,In use,obt-collector1,4,0/1/CPU0,0,16,0

2020-02-02 20:20:20.305000+00:00,dr03,sg15,Interface TX,16384,0,1,In use,obt-collector1,4,0/1/CPU0,2,16,0

2020-02-02 20:20:41.189000+00:00,dr03,sg15,Interface TX,16384,0,1,In use,obt-collector1,4,0/0/CPU0,0,16,0

2020-02-02 20:20:41.189000+00:00,dr03,sg15,Interface TX,16384,0,1,In use,obt-collector1,4,0/0/CPU0,1,16,0

2020-02-02 20:20:41.189000+00:00,dr03,sg15,Interface TX,16384,0,1,In use,obt-collector1,4,0/0/CPU0,2,16,0

2020-02-02 20:20:41.189000+00:00,dr03,sg15,Interface TX,16384,0,1,In use,obt-collector1,4,0/0/CPU0,3,16,0

2020-02-02 20:20:41.190000+00:00,dr03,sg15,Interface TX,16384,0,1,In use,obt-collector1,4,0/0/CPU0,5,16,0

2020-02-02 20:20:41.190000+00:00,dr03,sg15,Interface TX,16384,0,1,In use,obt-collector1,4,0/0/CPU0,4,16,0

2020-02-02 20:20:41.192000+00:00,dr03,sg15,Interface TX,16384,0,1,In use,obt-collector1,4,0/1/CPU0,0,16,0

2020-02-02 20:20:41.193000+00:00,dr03,sg15,Interface TX,16384,0,1,In use,obt-collector1,4,0/1/CPU0,5,16,0

2020-02-02 20:20:41.193000+00:00,dr03,sg15,Interface TX,16384,0,1,In use,obt-collector1,4,0/1/CPU0,2,16,0

2020-02-02 20:20:41.193000+00:00,dr03,sg15,Interface TX,16384,0,1,In use,obt-collector1,4,0/1/CPU0,3,16,0

2020-02-02 20:20:41.193000+00:00,dr03,sg15,Interface TX,16384,0,1,In use,obt-collector1,4,0/1/CPU0,4,16,0

2020-02-02 20:20:41.193000+00:00,dr03,sg15,Interface TX,16384,0,1,In use,obt-collector1,4,0/1/CPU0,1,16,0

2020-02-02 20:21:02.452000+00:00,dr03,sg15,Interface TX,16384,0,1,In use,obt-collector1,4,0/0/CPU0,4,16,0

2020-02-02 20:21:02.452000+00:00,dr03,sg15,Interface TX,16384,0,1,In use,obt-collector1,4,0/0/CPU0,2,16,0

2020-02-02 20:21:02.452000+00:00,dr03,sg15,Interface TX,16384,0,1,In use,obt-collector1,4,0/0/CPU0,5,16,0

2020-02-02 20:21:02.452000+00:00,dr03,sg15,Interface TX,16384,0,1,In use,obt-collector1,4,0/0/CPU0,3,16,0

2020-02-02 20:21:02.452000+00:00,dr03,sg15,Interface TX,16384,0,1,In use,obt-collector1,4,0/0/CPU0,0,16,0

2020-02-02 20:21:02.452000+00:00,dr03,sg15,Interface TX,16384,0,1,In use,obt-collector1,4,0/0/CPU0,1,16,0

2020-02-02 20:21:02.455000+00:00,dr03,sg15,Interface TX,16384,0,1,In use,obt-collector1,4,0/1/CPU0,1,16,0

2020-02-02 20:21:02.455000+00:00,dr03,sg15,Interface TX,16384,0,1,In use,obt-collector1,4,0/1/CPU0,3,16,0

2020-02-02 20:21:02.455000+00:00,dr03,sg15,Interface TX,16384,0,1,In use,obt-collector1,4,0/1/CPU0,4,16,0

2020-02-02 20:21:02.455000+00:00,dr03,sg15,Interface TX,16384,0,1,In use,obt-collector1,4,0/1/CPU0,2,16,0

2020-02-02 20:21:02.455000+00:00,dr03,sg15,Interface TX,16384,0,1,In use,obt-collector1,4,0/1/CPU0,0,16,0

2020-02-02 20:21:02.456000+00:00,dr03,sg15,Interface TX,16384,0,1,In use,obt-collector1,4,0/1/CPU0,5,16,0

2020-02-02 20:21:23.735000+00:00,dr03,sg15,Interface TX,16384,0,1,In use,obt-collector1,4,0/0/CPU0,1,16,0

2020-02-02 20:21:23.735000+00:00,dr03,sg15,Interface TX,16384,0,1,In use,obt-collector1,4,0/0/CPU0,4,16,0

2020-02-02 20:21:23.735000+00:00,dr03,sg15,Interface TX,16384,0,1,In use,obt-collector1,4,0/0/CPU0,0,16,0

2020-02-02 20:21:23.735000+00:00,dr03,sg15,Interface TX,16384,0,1,In use,obt-collector1,4,0/0/CPU0,3,16,0

2020-02-02 20:21:23.735000+00:00,dr03,sg15,Interface TX,16384,0,1,In use,obt-collector1,4,0/0/CPU0,2,16,0

2020-02-02 20:21:23.735000+00:00,dr03,sg15,Interface TX,16384,0,1,In use,obt-collector1,4,0/0/CPU0,5,16,0

2020-02-02 20:21:23.738000+00:00,dr03,sg15,Interface TX,16384,0,1,In use,obt-collector1,4,0/1/CPU0,5,16,0

2020-02-02 20:21:23.738000+00:00,dr03,sg15,Interface TX,16384,0,1,In use,obt-collector1,4,0/1/CPU0,2,16,0

2020-02-02 20:21:23.738000+00:00,dr03,sg15,Interface TX,16384,0,1,In use,obt-collector1,4,0/1/CPU0,0,16,0

2020-02-02 20:21:23.738000+00:00,dr03,sg15,Interface TX,16384,0,1,In use,obt-collector1,4,0/1/CPU0,4,16,0

2020-02-02 20:21:23.738000+00:00,dr03,sg15,Interface TX,16384,0,1,In use,obt-collector1,4,0/1/CPU0,1,16,0

2020-02-02 20:21:23.738000+00:00,dr03,sg15,Interface TX,16384,0,1,In use,obt-collector1,4,0/1/CPU0,3,16,0

2020-02-02 20:21:44.799000+00:00,dr03,sg15,Interface TX,16384,0,1,In use,obt-collector1,4,0/0/CPU0,5,16,0

2020-02-02 20:21:44.799000+00:00,dr03,sg15,Interface TX,16384,0,1,In use,obt-collector1,4,0/0/CPU0,1,16,0

2020-02-02 20:21:44.799000+00:00,dr03,sg15,Interface TX,16384,0,1,In use,obt-collector1,4,0/0/CPU0,2,16,0

2020-02-02 20:21:44.799000+00:00,dr03,sg15,Interface TX,16384,0,1,In use,obt-collector1,4,0/0/CPU0,3,16,0

2020-02-02 20:21:44.799000+00:00,dr03,sg15,Interface TX,16384,0,1,In use,obt-collector1,4,0/0/CPU0,4,16,0

2020-02-02 20:21:44.799000+00:00,dr03,sg15,Interface TX,16384,0,1,In use,obt-collector1,4,0/0/CPU0,0,16,0

2020-02-02 20:21:44.801000+00:00,dr03,sg15,Interface TX,16384,0,1,In use,obt-collector1,4,0/1/CPU0,3,16,0

2020-02-02 20:21:44.801000+00:00,dr03,sg15,Interface TX,16384,0,1,In use,obt-collector1,4,0/1/CPU0,4,16,0

2020-02-02 20:21:44.801000+00:00,dr03,sg15,Interface TX,16384,0,1,In use,obt-collector1,4,0/1/CPU0,1,16,0

2020-02-02 20:21:44.801000+00:00,dr03,sg15,Interface TX,16384,0,1,In use,obt-collector1,4,0/1/CPU0,0,16,0

2020-02-02 20:21:44.801000+00:00,dr03,sg15,Interface TX,16384,0,1,In use,obt-collector1,4,0/1/CPU0,5,16,0

2020-02-02 20:21:44.801000+00:00,dr03,sg15,Interface TX,16384,0,1,In use,obt-collector1,4,0/1/CPU0,2,16,0

2020-02-02 20:22:05.749000+00:00,dr03,sg15,Interface TX,16384,0,1,In use,obt-collector1,4,0/0/CPU0,0,16,0

2020-02-02 20:22:05.749000+00:00,dr03,sg15,Interface TX,16384,0,1,In use,obt-collector1,4,0/0/CPU0,5,16,0

2020-02-02 20:22:05.749000+00:00,dr03,sg15,Interface TX,16384,0,1,In use,obt-collector1,4,0/0/CPU0,4,16,0

2020-02-02 20:22:05.749000+00:00,dr03,sg15,Interface TX,16384,0,1,In use,obt-collector1,4,0/0/CPU0,3,16,0

2020-02-02 20:22:05.749000+00:00,dr03,sg15,Interface TX,16384,0,1,In use,obt-collector1,4,0/0/CPU0,1,16,0

2020-02-02 20:22:05.749000+00:00,dr03,sg15,Interface TX,16384,0,1,In use,obt-collector1,4,0/0/CPU0,2,16,0

2020-02-02 20:22:05.752000+00:00,dr03,sg15,Interface TX,16384,0,1,In use,obt-collector1,4,0/1/CPU0,2,16,0

2020-02-02 20:22:05.752000+00:00,dr03,sg15,Interface TX,16384,0,1,In use,obt-collector1,4,0/1/CPU0,0,16,0

2020-02-02 20:22:05.752000+00:00,dr03,sg15,Interface TX,16384,0,1,In use,obt-collector1,4,0/1/CPU0,5,16,0

2020-02-02 20:22:05.752000+00:00,dr03,sg15,Interface TX,16384,0,1,In use,obt-collector1,4,0/1/CPU0,1,16,0

2020-02-02 20:22:05.752000+00:00,dr03,sg15,Interface TX,16384,0,1,In use,obt-collector1,4,0/1/CPU0,3,16,0

2020-02-02 20:22:05.752000+00:00,dr03,sg15,Interface TX,16384,0,1,In use,obt-collector1,4,0/1/CPU0,4,16,0

2020-02-02 20:22:26.938000+00:00,dr03,sg15,Interface TX,16384,0,1,In use,obt-collector1,4,0/0/CPU0,2,16,0

2020-02-02 20:22:26.938000+00:00,dr03,sg15,Interface TX,16384,0,1,In use,obt-collector1,4,0/0/CPU0,0,16,0

2020-02-02 20:22:26.938000+00:00,dr03,sg15,Interface TX,16384,0,1,In use,obt-collector1,4,0/0/CPU0,1,16,0

2020-02-02 20:22:26.938000+00:00,dr03,sg15,Interface TX,16384,0,1,In use,obt-collector1,4,0/0/CPU0,3,16,0

2020-02-02 20:22:26.938000+00:00,dr03,sg15,Interface TX,16384,0,1,In use,obt-collector1,4,0/0/CPU0,5,16,0

2020-02-02 20:22:26.938000+00:00,dr03,sg15,Interface TX,16384,0,1,In use,obt-collector1,4,0/0/CPU0,4,16,0

2020-02-02 20:22:26.941000+00:00,dr03,sg15,Interface TX,16384,0,1,In use,obt-collector1,4,0/1/CPU0,4,16,0

2020-02-02 20:22:26.941000+00:00,dr03,sg15,Interface TX,16384,0,1,In use,obt-collector1,4,0/1/CPU0,1,16,0

2020-02-02 20:22:26.941000+00:00,dr03,sg15,Interface TX,16384,0,1,In use,obt-collector1,4,0/1/CPU0,3,16,0

2020-02-02 20:22:26.941000+00:00,dr03,sg15,Interface TX,16384,0,1,In use,obt-collector1,4,0/1/CPU0,5,16,0

2020-02-02 20:22:26.941000+00:00,dr03,sg15,Interface TX,16384,0,1,In use,obt-collector1,4,0/1/CPU0,2,16,0

2020-02-02 20:22:26.941000+00:00,dr03,sg15,Interface TX,16384,0,1,In use,obt-collector1,4,0/1/CPU0,0,16,0

2020-02-02 20:22:48.206000+00:00,dr03,sg15,Interface TX,16384,0,1,In use,obt-collector1,4,0/0/CPU0,4,16,0

2020-02-02 20:22:48.206000+00:00,dr03,sg15,Interface TX,16384,0,1,In use,obt-collector1,4,0/0/CPU0,2,16,0

2020-02-02 20:22:48.206000+00:00,dr03,sg15,Interface TX,16384,0,1,In use,obt-collector1,4,0/0/CPU0,5,16,0

2020-02-02 20:22:48.206000+00:00,dr03,sg15,Interface TX,16384,0,1,In use,obt-collector1,4,0/0/CPU0,3,16,0

2020-02-02 20:22:48.206000+00:00,dr03,sg15,Interface TX,16384,0,1,In use,obt-collector1,4,0/0/CPU0,0,16,0

2020-02-02 20:22:48.206000+00:00,dr03,sg15,Interface TX,16384,0,1,In use,obt-collector1,4,0/0/CPU0,1,16,0

2020-02-02 20:22:48.209000+00:00,dr03,sg15,Interface TX,16384,0,1,In use,obt-collector1,4,0/1/CPU0,0,16,0

2020-02-02 20:22:48.209000+00:00,dr03,sg15,Interface TX,16384,0,1,In use,obt-collector1,4,0/1/CPU0,5,16,0

2020-02-02 20:22:48.209000+00:00,dr03,sg15,Interface TX,16384,0,1,In use,obt-collector1,4,0/1/CPU0,2,16,0

2020-02-02 20:22:48.209000+00:00,dr03,sg15,Interface TX,16384,0,1,In use,obt-collector1,4,0/1/CPU0,3,16,0

2020-02-02 20:22:48.209000+00:00,dr03,sg15,Interface TX,16384,0,1,In use,obt-collector1,4,0/1/CPU0,4,16,0

2020-02-02 20:22:48.209000+00:00,dr03,sg15,Interface TX,16384,0,1,In use,obt-collector1,4,0/1/CPU0,1,16,0

2020-02-02 20:23:09.019000+00:00,dr03,sg15,Interface TX,16384,0,1,In use,obt-collector1,4,0/0/CPU0,1,16,0

2020-02-02 20:23:09.019000+00:00,dr03,sg15,Interface TX,16384,0,1,In use,obt-collector1,4,0/0/CPU0,4,16,0

2020-02-02 20:23:09.019000+00:00,dr03,sg15,Interface TX,16384,0,1,In use,obt-collector1,4,0/0/CPU0,0,16,0

2020-02-02 20:23:09.019000+00:00,dr03,sg15,Interface TX,16384,0,1,In use,obt-collector1,4,0/0/CPU0,3,16,0

2020-02-02 20:23:09.019000+00:00,dr03,sg15,Interface TX,16384,0,1,In use,obt-collector1,4,0/0/CPU0,2,16,0

2020-02-02 20:23:09.019000+00:00,dr03,sg15,Interface TX,16384,0,1,In use,obt-collector1,4,0/0/CPU0,5,16,0

2020-02-02 20:23:09.022000+00:00,dr03,sg15,Interface TX,16384,0,1,In use,obt-collector1,4,0/1/CPU0,1,16,0

2020-02-02 20:23:09.022000+00:00,dr03,sg15,Interface TX,16384,0,1,In use,obt-collector1,4,0/1/CPU0,3,16,0

2020-02-02 20:23:09.022000+00:00,dr03,sg15,Interface TX,16384,0,1,In use,obt-collector1,4,0/1/CPU0,4,16,0

2020-02-02 20:23:09.022000+00:00,dr03,sg15,Interface TX,16384,0,1,In use,obt-collector1,4,0/1/CPU0,2,16,0

2020-02-02 20:23:09.022000+00:00,dr03,sg15,Interface TX,16384,0,1,In use,obt-collector1,4,0/1/CPU0,0,16,0

2020-02-02 20:23:09.022000+00:00,dr03,sg15,Interface TX,16384,0,1,In use,obt-collector1,4,0/1/CPU0,5,16,0

2020-02-02 20:23:30.507000+00:00,dr03,sg15,Interface TX,16384,0,1,In use,obt-collector1,4,0/0/CPU0,5,16,0

2020-02-02 20:23:30.507000+00:00,dr03,sg15,Interface TX,16384,0,1,In use,obt-collector1,4,0/0/CPU0,1,16,0

2020-02-02 20:23:30.507000+00:00,dr03,sg15,Interface TX,16384,0,1,In use,obt-collector1,4,0/0/CPU0,2,16,0

2020-02-02 20:23:30.507000+00:00,dr03,sg15,Interface TX,16384,0,1,In use,obt-collector1,4,0/0/CPU0,3,16,0

2020-02-02 20:23:30.507000+00:00,dr03,sg15,Interface TX,16384,0,1,In use,obt-collector1,4,0/0/CPU0,4,16,0

2020-02-02 20:23:30.507000+00:00,dr03,sg15,Interface TX,16384,0,1,In use,obt-collector1,4,0/0/CPU0,0,16,0

2020-02-02 20:23:30.510000+00:00,dr03,sg15,Interface TX,16384,0,1,In use,obt-collector1,4,0/1/CPU0,5,16,0

2020-02-02 20:23:30.510000+00:00,dr03,sg15,Interface TX,16384,0,1,In use,obt-collector1,4,0/1/CPU0,2,16,0

2020-02-02 20:23:30.510000+00:00,dr03,sg15,Interface TX,16384,0,1,In use,obt-collector1,4,0/1/CPU0,0,16,0

2020-02-02 20:23:30.510000+00:00,dr03,sg15,Interface TX,16384,0,1,In use,obt-collector1,4,0/1/CPU0,4,16,0

2020-02-02 20:23:30.510000+00:00,dr03,sg15,Interface TX,16384,0,1,In use,obt-collector1,4,0/1/CPU0,1,16,0

2020-02-02 20:23:30.510000+00:00,dr03,sg15,Interface TX,16384,0,1,In use,obt-collector1,4,0/1/CPU0,3,16,0

2020-02-02 20:23:51.867000+00:00,dr03,sg15,Interface TX,16384,0,1,In use,obt-collector1,4,0/0/CPU0,0,16,0

2020-02-02 20:23:51.867000+00:00,dr03,sg15,Interface TX,16384,0,1,In use,obt-collector1,4,0/0/CPU0,5,16,0

2020-02-02 20:23:51.867000+00:00,dr03,sg15,Interface TX,16384,0,1,In use,obt-collector1,4,0/0/CPU0,4,16,0

2020-02-02 20:23:51.867000+00:00,dr03,sg15,Interface TX,16384,0,1,In use,obt-collector1,4,0/0/CPU0,3,16,0

2020-02-02 20:23:51.867000+00:00,dr03,sg15,Interface TX,16384,0,1,In use,obt-collector1,4,0/0/CPU0,1,16,0

2020-02-02 20:23:51.867000+00:00,dr03,sg15,Interface TX,16384,0,1,In use,obt-collector1,4,0/0/CPU0,2,16,0

2020-02-02 20:23:51.870000+00:00,dr03,sg15,Interface TX,16384,0,1,In use,obt-collector1,4,0/1/CPU0,3,16,0

2020-02-02 20:23:51.870000+00:00,dr03,sg15,Interface TX,16384,0,1,In use,obt-collector1,4,0/1/CPU0,4,16,0

2020-02-02 20:23:51.870000+00:00,dr03,sg15,Interface TX,16384,0,1,In use,obt-collector1,4,0/1/CPU0,1,16,0

2020-02-02 20:23:51.870000+00:00,dr03,sg15,Interface TX,16384,0,1,In use,obt-collector1,4,0/1/CPU0,0,16,0

2020-02-02 20:23:51.870000+00:00,dr03,sg15,Interface TX,16384,0,1,In use,obt-collector1,4,0/1/CPU0,5,16,0

2020-02-02 20:23:51.870000+00:00,dr03,sg15,Interface TX,16384,0,1,In use,obt-collector1,4,0/1/CPU0,2,16,0

2020-02-02 20:24:12.837000+00:00,dr03,sg15,Interface TX,16384,0,1,In use,obt-collector1,4,0/0/CPU0,2,16,0

2020-02-02 20:24:12.837000+00:00,dr03,sg15,Interface TX,16384,0,1,In use,obt-collector1,4,0/0/CPU0,0,16,0

2020-02-02 20:24:12.837000+00:00,dr03,sg15,Interface TX,16384,0,1,In use,obt-collector1,4,0/0/CPU0,1,16,0

2020-02-02 20:24:12.837000+00:00,dr03,sg15,Interface TX,16384,0,1,In use,obt-collector1,4,0/0/CPU0,3,16,0

2020-02-02 20:24:12.837000+00:00,dr03,sg15,Interface TX,16384,0,1,In use,obt-collector1,4,0/0/CPU0,5,16,0

2020-02-02 20:24:12.837000+00:00,dr03,sg15,Interface TX,16384,0,1,In use,obt-collector1,4,0/0/CPU0,4,16,0

2020-02-02 20:24:12.840000+00:00,dr03,sg15,Interface TX,16384,0,1,In use,obt-collector1,4,0/1/CPU0,2,16,0

2020-02-02 20:24:12.840000+00:00,dr03,sg15,Interface TX,16384,0,1,In use,obt-collector1,4,0/1/CPU0,0,16,0

2020-02-02 20:24:12.840000+00:00,dr03,sg15,Interface TX,16384,0,1,In use,obt-collector1,4,0/1/CPU0,5,16,0

2020-02-02 20:24:12.840000+00:00,dr03,sg15,Interface TX,16384,0,1,In use,obt-collector1,4,0/1/CPU0,1,16,0

2020-02-02 20:24:12.840000+00:00,dr03,sg15,Interface TX,16384,0,1,In use,obt-collector1,4,0/1/CPU0,3,16,0

2020-02-02 20:24:12.840000+00:00,dr03,sg15,Interface TX,16384,0,1,In use,obt-collector1,4,0/1/CPU0,4,16,0

2020-02-02 20:24:34.225000+00:00,dr03,sg15,Interface TX,16384,0,1,In use,obt-collector1,4,0/0/CPU0,4,16,0

2020-02-02 20:24:34.225000+00:00,dr03,sg15,Interface TX,16384,0,1,In use,obt-collector1,4,0/0/CPU0,2,16,0

2020-02-02 20:24:34.225000+00:00,dr03,sg15,Interface TX,16384,0,1,In use,obt-collector1,4,0/0/CPU0,5,16,0

2020-02-02 20:24:34.225000+00:00,dr03,sg15,Interface TX,16384,0,1,In use,obt-collector1,4,0/0/CPU0,3,16,0

2020-02-02 20:24:34.225000+00:00,dr03,sg15,Interface TX,16384,0,1,In use,obt-collector1,4,0/0/CPU0,0,16,0

2020-02-02 20:24:34.225000+00:00,dr03,sg15,Interface TX,16384,0,1,In use,obt-collector1,4,0/0/CPU0,1,16,0

2020-02-02 20:24:34.228000+00:00,dr03,sg15,Interface TX,16384,0,1,In use,obt-collector1,4,0/1/CPU0,4,16,0

2020-02-02 20:24:34.228000+00:00,dr03,sg15,Interface TX,16384,0,1,In use,obt-collector1,4,0/1/CPU0,1,16,0

2020-02-02 20:24:34.228000+00:00,dr03,sg15,Interface TX,16384,0,1,In use,obt-collector1,4,0/1/CPU0,3,16,0

2020-02-02 20:24:34.228000+00:00,dr03,sg15,Interface TX,16384,0,1,In use,obt-collector1,4,0/1/CPU0,5,16,0

2020-02-02 20:24:34.228000+00:00,dr03,sg15,Interface TX,16384,0,1,In use,obt-collector1,4,0/1/CPU0,2,16,0

2020-02-02 20:24:34.228000+00:00,dr03,sg15,Interface TX,16384,0,1,In use,obt-collector1,4,0/1/CPU0,0,16,0

2020-02-02 20:24:55.266000+00:00,dr03,sg15,Interface TX,16384,0,1,In use,obt-collector1,4,0/0/CPU0,0,16,0

2020-02-02 20:24:55.266000+00:00,dr03,sg15,Interface TX,16384,0,1,In use,obt-collector1,4,0/0/CPU0,1,16,0

2020-02-02 20:24:55.267000+00:00,dr03,sg15,Interface TX,16384,0,1,In use,obt-collector1,4,0/0/CPU0,3,16,0

2020-02-02 20:24:55.267000+00:00,dr03,sg15,Interface TX,16384,0,1,In use,obt-collector1,4,0/0/CPU0,4,16,0

2020-02-02 20:24:55.267000+00:00,dr03,sg15,Interface TX,16384,0,1,In use,obt-collector1,4,0/0/CPU0,2,16,0

2020-02-02 20:24:55.267000+00:00,dr03,sg15,Interface TX,16384,0,1,In use,obt-collector1,4,0/0/CPU0,5,16,0

2020-02-02 20:24:55.270000+00:00,dr03,sg15,Interface TX,16384,0,1,In use,obt-collector1,4,0/1/CPU0,5,16,0

2020-02-02 20:24:55.270000+00:00,dr03,sg15,Interface TX,16384,0,1,In use,obt-collector1,4,0/1/CPU0,3,16,0

2020-02-02 20:24:55.270000+00:00,dr03,sg15,Interface TX,16384,0,1,In use,obt-collector1,4,0/1/CPU0,4,16,0

2020-02-02 20:24:55.270000+00:00,dr03,sg15,Interface TX,16384,0,1,In use,obt-collector1,4,0/1/CPU0,1,16,0

2020-02-02 20:24:55.270000+00:00,dr03,sg15,Interface TX,16384,0,1,In use,obt-collector1,4,0/1/CPU0,2,16,0

2020-02-02 20:24:55.270000+00:00,dr03,sg15,Interface TX,16384,0,1,In use,obt-collector1,4,0/1/CPU0,0,16,0

2020-02-02 20:25:15.977000+00:00,dr03,sg15,Interface TX,16384,0,1,In use,obt-collector1,4,0/0/CPU0,3,16,0

2020-02-02 20:25:15.977000+00:00,dr03,sg15,Interface TX,16384,0,1,In use,obt-collector1,4,0/0/CPU0,1,16,0

2020-02-02 20:25:15.977000+00:00,dr03,sg15,Interface TX,16384,0,1,In use,obt-collector1,4,0/0/CPU0,0,16,0

2020-02-02 20:25:15.977000+00:00,dr03,sg15,Interface TX,16384,0,1,In use,obt-collector1,4,0/0/CPU0,2,16,0

2020-02-02 20:25:15.977000+00:00,dr03,sg15,Interface TX,16384,0,1,In use,obt-collector1,4,0/0/CPU0,5,16,0

2020-02-02 20:25:15.977000+00:00,dr03,sg15,Interface TX,16384,0,1,In use,obt-collector1,4,0/0/CPU0,4,16,0

2020-02-02 20:25:15.980000+00:00,dr03,sg15,Interface TX,16384,0,1,In use,obt-collector1,4,0/1/CPU0,0,16,0

2020-02-02 20:25:15.980000+00:00,dr03,sg15,Interface TX,16384,0,1,In use,obt-collector1,4,0/1/CPU0,3,16,0

2020-02-02 20:25:15.980000+00:00,dr03,sg15,Interface TX,16384,0,1,In use,obt-collector1,4,0/1/CPU0,2,16,0

2020-02-02 20:25:15.980000+00:00,dr03,sg15,Interface TX,16384,0,1,In use,obt-collector1,4,0/1/CPU0,5,16,0

2020-02-02 20:25:15.980000+00:00,dr03,sg15,Interface TX,16384,0,1,In use,obt-collector1,4,0/1/CPU0,1,16,0

2020-02-02 20:25:15.980000+00:00,dr03,sg15,Interface TX,16384,0,1,In use,obt-collector1,4,0/1/CPU0,4,16,0

2020-02-02 20:25:37.751000+00:00,dr03,sg15,Interface TX,16384,0,1,In use,obt-collector1,4,0/0/CPU0,4,16,0

2020-02-02 20:25:37.751000+00:00,dr03,sg15,Interface TX,16384,0,1,In use,obt-collector1,4,0/0/CPU0,0,16,0

2020-02-02 20:25:37.751000+00:00,dr03,sg15,Interface TX,16384,0,1,In use,obt-collector1,4,0/0/CPU0,5,16,0

2020-02-02 20:25:37.751000+00:00,dr03,sg15,Interface TX,16384,0,1,In use,obt-collector1,4,0/0/CPU0,1,16,0

2020-02-02 20:25:37.751000+00:00,dr03,sg15,Interface TX,16384,0,1,In use,obt-collector1,4,0/0/CPU0,3,16,0

2020-02-02 20:25:37.751000+00:00,dr03,sg15,Interface TX,16384,0,1,In use,obt-collector1,4,0/0/CPU0,2,16,0

2020-02-02 20:25:37.754000+00:00,dr03,sg15,Interface TX,16384,0,1,In use,obt-collector1,4,0/1/CPU0,4,16,0

2020-02-02 20:25:37.754000+00:00,dr03,sg15,Interface TX,16384,0,1,In use,obt-collector1,4,0/1/CPU0,3,16,0

2020-02-02 20:25:37.754000+00:00,dr03,sg15,Interface TX,16384,0,1,In use,obt-collector1,4,0/1/CPU0,1,16,0

2020-02-02 20:25:37.754000+00:00,dr03,sg15,Interface TX,16384,0,1,In use,obt-collector1,4,0/1/CPU0,0,16,0

2020-02-02 20:25:37.754000+00:00,dr03,sg15,Interface TX,16384,0,1,In use,obt-collector1,4,0/1/CPU0,5,16,0

2020-02-02 20:25:37.754000+00:00,dr03,sg15,Interface TX,16384,0,1,In use,obt-collector1,4,0/1/CPU0,2,16,0

2020-02-02 20:25:58.787000+00:00,dr03,sg15,Interface TX,16384,0,1,In use,obt-collector1,4,0/0/CPU0,2,16,0

2020-02-02 20:25:58.787000+00:00,dr03,sg15,Interface TX,16384,0,1,In use,obt-collector1,4,0/0/CPU0,5,16,0

2020-02-02 20:25:58.787000+00:00,dr03,sg15,Interface TX,16384,0,1,In use,obt-collector1,4,0/0/CPU0,3,16,0

2020-02-02 20:25:58.787000+00:00,dr03,sg15,Interface TX,16384,0,1,In use,obt-collector1,4,0/0/CPU0,0,16,0

2020-02-02 20:25:58.787000+00:00,dr03,sg15,Interface TX,16384,0,1,In use,obt-collector1,4,0/0/CPU0,4,16,0

2020-02-02 20:25:58.787000+00:00,dr03,sg15,Interface TX,16384,0,1,In use,obt-collector1,4,0/0/CPU0,1,16,0

2020-02-02 20:25:58.790000+00:00,dr03,sg15,Interface TX,16384,0,1,In use,obt-collector1,4,0/1/CPU0,2,16,0

2020-02-02 20:25:58.790000+00:00,dr03,sg15,Interface TX,16384,0,1,In use,obt-collector1,4,0/1/CPU0,3,16,0

2020-02-02 20:25:58.790000+00:00,dr03,sg15,Interface TX,16384,0,1,In use,obt-collector1,4,0/1/CPU0,5,16,0

2020-02-02 20:25:58.790000+00:00,dr03,sg15,Interface TX,16384,0,1,In use,obt-collector1,4,0/1/CPU0,4,16,0

2020-02-02 20:25:58.790000+00:00,dr03,sg15,Interface TX,16384,0,1,In use,obt-collector1,4,0/1/CPU0,0,16,0

2020-02-02 20:25:58.790000+00:00,dr03,sg15,Interface TX,16384,0,1,In use,obt-collector1,4,0/1/CPU0,1,16,0

2020-02-02 20:26:20.162000+00:00,dr03,sg15,Interface TX,16384,0,1,In use,obt-collector1,4,0/0/CPU0,1,16,0

2020-02-02 20:26:20.162000+00:00,dr03,sg15,Interface TX,16384,0,1,In use,obt-collector1,4,0/0/CPU0,3,16,0

2020-02-02 20:26:20.162000+00:00,dr03,sg15,Interface TX,16384,0,1,In use,obt-collector1,4,0/0/CPU0,4,16,0

2020-02-02 20:26:20.162000+00:00,dr03,sg15,Interface TX,16384,0,1,In use,obt-collector1,4,0/0/CPU0,5,16,0

2020-02-02 20:26:20.162000+00:00,dr03,sg15,Interface TX,16384,0,1,In use,obt-collector1,4,0/0/CPU0,2,16,0

2020-02-02 20:26:20.162000+00:00,dr03,sg15,Interface TX,16384,0,1,In use,obt-collector1,4,0/0/CPU0,0,16,0

2020-02-02 20:26:20.165000+00:00,dr03,sg15,Interface TX,16384,0,1,In use,obt-collector1,4,0/1/CPU0,1,16,0

2020-02-02 20:26:20.165000+00:00,dr03,sg15,Interface TX,16384,0,1,In use,obt-collector1,4,0/1/CPU0,3,16,0

2020-02-02 20:26:20.165000+00:00,dr03,sg15,Interface TX,16384,0,1,In use,obt-collector1,4,0/1/CPU0,0,16,0

2020-02-02 20:26:20.165000+00:00,dr03,sg15,Interface TX,16384,0,1,In use,obt-collector1,4,0/1/CPU0,2,16,0

2020-02-02 20:26:20.165000+00:00,dr03,sg15,Interface TX,16384,0,1,In use,obt-collector1,4,0/1/CPU0,4,16,0

2020-02-02 20:26:20.165000+00:00,dr03,sg15,Interface TX,16384,0,1,In use,obt-collector1,4,0/1/CPU0,5,16,0

2020-02-02 20:26:41.437000+00:00,dr03,sg15,Interface TX,16384,0,1,In use,obt-collector1,4,0/0/CPU0,0,16,0

2020-02-02 20:26:41.437000+00:00,dr03,sg15,Interface TX,16384,0,1,In use,obt-collector1,4,0/0/CPU0,4,16,0

2020-02-02 20:26:41.437000+00:00,dr03,sg15,Interface TX,16384,0,1,In use,obt-collector1,4,0/0/CPU0,2,16,0

2020-02-02 20:26:41.437000+00:00,dr03,sg15,Interface TX,16384,0,1,In use,obt-collector1,4,0/0/CPU0,3,16,0

2020-02-02 20:26:41.437000+00:00,dr03,sg15,Interface TX,16384,0,1,In use,obt-collector1,4,0/0/CPU0,1,16,0

2020-02-02 20:26:41.437000+00:00,dr03,sg15,Interface TX,16384,0,1,In use,obt-collector1,4,0/0/CPU0,5,16,0

2020-02-02 20:26:41.440000+00:00,dr03,sg15,Interface TX,16384,0,1,In use,obt-collector1,4,0/1/CPU0,5,16,0

2020-02-02 20:26:41.440000+00:00,dr03,sg15,Interface TX,16384,0,1,In use,obt-collector1,4,0/1/CPU0,3,16,0

2020-02-02 20:26:41.440000+00:00,dr03,sg15,Interface TX,16384,0,1,In use,obt-collector1,4,0/1/CPU0,4,16,0

2020-02-02 20:26:41.440000+00:00,dr03,sg15,Interface TX,16384,0,1,In use,obt-collector1,4,0/1/CPU0,1,16,0

2020-02-02 20:26:41.440000+00:00,dr03,sg15,Interface TX,16384,0,1,In use,obt-collector1,4,0/1/CPU0,2,16,0

2020-02-02 20:26:41.440000+00:00,dr03,sg15,Interface TX,16384,0,1,In use,obt-collector1,4,0/1/CPU0,0,16,0

2020-02-02 20:27:02.402000+00:00,dr03,sg15,Interface TX,16384,0,1,In use,obt-collector1,4,0/0/CPU0,2,16,0

2020-02-02 20:27:02.402000+00:00,dr03,sg15,Interface TX,16384,0,1,In use,obt-collector1,4,0/0/CPU0,1,16,0

2020-02-02 20:27:02.402000+00:00,dr03,sg15,Interface TX,16384,0,1,In use,obt-collector1,4,0/0/CPU0,4,16,0

2020-02-02 20:27:02.402000+00:00,dr03,sg15,Interface TX,16384,0,1,In use,obt-collector1,4,0/0/CPU0,0,16,0

2020-02-02 20:27:02.402000+00:00,dr03,sg15,Interface TX,16384,0,1,In use,obt-collector1,4,0/0/CPU0,3,16,0

2020-02-02 20:27:02.403000+00:00,dr03,sg15,Interface TX,16384,0,1,In use,obt-collector1,4,0/0/CPU0,5,16,0

2020-02-02 20:27:02.406000+00:00,dr03,sg15,Interface TX,16384,0,1,In use,obt-collector1,4,0/1/CPU0,2,16,0

2020-02-02 20:27:02.406000+00:00,dr03,sg15,Interface TX,16384,0,1,In use,obt-collector1,4,0/1/CPU0,3,16,0

2020-02-02 20:27:02.406000+00:00,dr03,sg15,Interface TX,16384,0,1,In use,obt-collector1,4,0/1/CPU0,5,16,0

2020-02-02 20:27:02.406000+00:00,dr03,sg15,Interface TX,16384,0,1,In use,obt-collector1,4,0/1/CPU0,0,16,0

2020-02-02 20:27:02.406000+00:00,dr03,sg15,Interface TX,16384,0,1,In use,obt-collector1,4,0/1/CPU0,1,16,0

2020-02-02 20:27:02.406000+00:00,dr03,sg15,Interface TX,16384,0,1,In use,obt-collector1,4,0/1/CPU0,4,16,0

2020-02-02 20:27:23.675000+00:00,dr03,sg15,Interface TX,16384,0,1,In use,obt-collector1,4,0/0/CPU0,3,16,0

2020-02-02 20:27:23.675000+00:00,dr03,sg15,Interface TX,16384,0,1,In use,obt-collector1,4,0/0/CPU0,1,16,0

2020-02-02 20:27:23.675000+00:00,dr03,sg15,Interface TX,16384,0,1,In use,obt-collector1,4,0/0/CPU0,0,16,0

2020-02-02 20:27:23.675000+00:00,dr03,sg15,Interface TX,16384,0,1,In use,obt-collector1,4,0/0/CPU0,2,16,0

2020-02-02 20:27:23.675000+00:00,dr03,sg15,Interface TX,16384,0,1,In use,obt-collector1,4,0/0/CPU0,5,16,0

2020-02-02 20:27:23.675000+00:00,dr03,sg15,Interface TX,16384,0,1,In use,obt-collector1,4,0/0/CPU0,4,16,0

2020-02-02 20:27:23.678000+00:00,dr03,sg15,Interface TX,16384,0,1,In use,obt-collector1,4,0/1/CPU0,4,16,0

2020-02-02 20:27:23.678000+00:00,dr03,sg15,Interface TX,16384,0,1,In use,obt-collector1,4,0/1/CPU0,3,16,0

2020-02-02 20:27:23.678000+00:00,dr03,sg15,Interface TX,16384,0,1,In use,obt-collector1,4,0/1/CPU0,1,16,0

2020-02-02 20:27:23.678000+00:00,dr03,sg15,Interface TX,16384,0,1,In use,obt-collector1,4,0/1/CPU0,2,16,0

2020-02-02 20:27:23.678000+00:00,dr03,sg15,Interface TX,16384,0,1,In use,obt-collector1,4,0/1/CPU0,0,16,0

2020-02-02 20:27:23.678000+00:00,dr03,sg15,Interface TX,16384,0,1,In use,obt-collector1,4,0/1/CPU0,5,16,0

2020-02-02 20:27:45.085000+00:00,dr03,sg15,Interface TX,16384,0,1,In use,obt-collector1,4,0/0/CPU0,4,16,0

2020-02-02 20:27:45.085000+00:00,dr03,sg15,Interface TX,16384,0,1,In use,obt-collector1,4,0/0/CPU0,0,16,0

2020-02-02 20:27:45.085000+00:00,dr03,sg15,Interface TX,16384,0,1,In use,obt-collector1,4,0/0/CPU0,5,16,0

2020-02-02 20:27:45.085000+00:00,dr03,sg15,Interface TX,16384,0,1,In use,obt-collector1,4,0/0/CPU0,1,16,0

2020-02-02 20:27:45.085000+00:00,dr03,sg15,Interface TX,16384,0,1,In use,obt-collector1,4,0/0/CPU0,3,16,0

2020-02-02 20:27:45.085000+00:00,dr03,sg15,Interface TX,16384,0,1,In use,obt-collector1,4,0/0/CPU0,2,16,0

2020-02-02 20:27:45.088000+00:00,dr03,sg15,Interface TX,16384,0,1,In use,obt-collector1,4,0/1/CPU0,5,16,0

2020-02-02 20:27:45.088000+00:00,dr03,sg15,Interface TX,16384,0,1,In use,obt-collector1,4,0/1/CPU0,3,16,0

2020-02-02 20:27:45.088000+00:00,dr03,sg15,Interface TX,16384,0,1,In use,obt-collector1,4,0/1/CPU0,0,16,0

2020-02-02 20:27:45.088000+00:00,dr03,sg15,Interface TX,16384,0,1,In use,obt-collector1,4,0/1/CPU0,4,16,0

2020-02-02 20:27:45.088000+00:00,dr03,sg15,Interface TX,16384,0,1,In use,obt-collector1,4,0/1/CPU0,2,16,0

2020-02-02 20:27:45.088000+00:00,dr03,sg15,Interface TX,16384,0,1,In use,obt-collector1,4,0/1/CPU0,1,16,0

2020-02-02 20:28:06.160000+00:00,dr03,sg15,Interface TX,16384,0,1,In use,obt-collector1,4,0/0/CPU0,2,16,0

2020-02-02 20:28:06.160000+00:00,dr03,sg15,Interface TX,16384,0,1,In use,obt-collector1,4,0/0/CPU0,5,16,0

2020-02-02 20:28:06.160000+00:00,dr03,sg15,Interface TX,16384,0,1,In use,obt-collector1,4,0/0/CPU0,3,16,0

2020-02-02 20:28:06.160000+00:00,dr03,sg15,Interface TX,16384,0,1,In use,obt-collector1,4,0/0/CPU0,0,16,0

2020-02-02 20:28:06.160000+00:00,dr03,sg15,Interface TX,16384,0,1,In use,obt-collector1,4,0/0/CPU0,4,16,0

2020-02-02 20:28:06.160000+00:00,dr03,sg15,Interface TX,16384,0,1,In use,obt-collector1,4,0/0/CPU0,1,16,0

2020-02-02 20:28:06.163000+00:00,dr03,sg15,Interface TX,16384,0,1,In use,obt-collector1,4,0/1/CPU0,1,16,0

2020-02-02 20:28:06.163000+00:00,dr03,sg15,Interface TX,16384,0,1,In use,obt-collector1,4,0/1/CPU0,3,16,0

2020-02-02 20:28:06.163000+00:00,dr03,sg15,Interface TX,16384,0,1,In use,obt-collector1,4,0/1/CPU0,2,16,0

2020-02-02 20:28:06.163000+00:00,dr03,sg15,Interface TX,16384,0,1,In use,obt-collector1,4,0/1/CPU0,5,16,0

2020-02-02 20:28:06.163000+00:00,dr03,sg15,Interface TX,16384,0,1,In use,obt-collector1,4,0/1/CPU0,4,16,0

2020-02-02 20:28:06.163000+00:00,dr03,sg15,Interface TX,16384,0,1,In use,obt-collector1,4,0/1/CPU0,0,16,0

2020-02-02 20:28:27.065000+00:00,dr03,sg15,Interface TX,16384,0,1,In use,obt-collector1,4,0/0/CPU0,1,16,0

2020-02-02 20:28:27.065000+00:00,dr03,sg15,Interface TX,16384,0,1,In use,obt-collector1,4,0/0/CPU0,0,16,0

2020-02-02 20:28:27.066000+00:00,dr03,sg15,Interface TX,16384,0,1,In use,obt-collector1,4,0/0/CPU0,3,16,0

2020-02-02 20:28:27.066000+00:00,dr03,sg15,Interface TX,16384,0,1,In use,obt-collector1,4,0/0/CPU0,4,16,0

2020-02-02 20:28:27.066000+00:00,dr03,sg15,Interface TX,16384,0,1,In use,obt-collector1,4,0/0/CPU0,5,16,0

2020-02-02 20:28:27.066000+00:00,dr03,sg15,Interface TX,16384,0,1,In use,obt-collector1,4,0/0/CPU0,2,16,0

2020-02-02 20:28:27.068000+00:00,dr03,sg15,Interface TX,16384,0,1,In use,obt-collector1,4,0/1/CPU0,0,16,0

2020-02-02 20:28:27.069000+00:00,dr03,sg15,Interface TX,16384,0,1,In use,obt-collector1,4,0/1/CPU0,3,16,0

2020-02-02 20:28:27.069000+00:00,dr03,sg15,Interface TX,16384,0,1,In use,obt-collector1,4,0/1/CPU0,4,16,0

2020-02-02 20:28:27.069000+00:00,dr03,sg15,Interface TX,16384,0,1,In use,obt-collector1,4,0/1/CPU0,1,16,0

2020-02-02 20:28:27.069000+00:00,dr03,sg15,Interface TX,16384,0,1,In use,obt-collector1,4,0/1/CPU0,5,16,0

2020-02-02 20:28:27.069000+00:00,dr03,sg15,Interface TX,16384,0,1,In use,obt-collector1,4,0/1/CPU0,2,16,0

2020-02-02 20:28:48.345000+00:00,dr03,sg15,Interface TX,16384,0,1,In use,obt-collector1,4,0/0/CPU0,2,16,0

2020-02-02 20:28:48.345000+00:00,dr03,sg15,Interface TX,16384,0,1,In use,obt-collector1,4,0/0/CPU0,1,16,0

2020-02-02 20:28:48.345000+00:00,dr03,sg15,Interface TX,16384,0,1,In use,obt-collector1,4,0/0/CPU0,4,16,0

2020-02-02 20:28:48.345000+00:00,dr03,sg15,Interface TX,16384,0,1,In use,obt-collector1,4,0/0/CPU0,3,16,0

2020-02-02 20:28:48.345000+00:00,dr03,sg15,Interface TX,16384,0,1,In use,obt-collector1,4,0/0/CPU0,0,16,0

2020-02-02 20:28:48.345000+00:00,dr03,sg15,Interface TX,16384,0,1,In use,obt-collector1,4,0/0/CPU0,5,16,0

2020-02-02 20:28:48.348000+00:00,dr03,sg15,Interface TX,16384,0,1,In use,obt-collector1,4,0/1/CPU0,2,16,0

2020-02-02 20:28:48.348000+00:00,dr03,sg15,Interface TX,16384,0,1,In use,obt-collector1,4,0/1/CPU0,3,16,0

2020-02-02 20:28:48.348000+00:00,dr03,sg15,Interface TX,16384,0,1,In use,obt-collector1,4,0/1/CPU0,5,16,0

2020-02-02 20:28:48.348000+00:00,dr03,sg15,Interface TX,16384,0,1,In use,obt-collector1,4,0/1/CPU0,0,16,0

2020-02-02 20:28:48.348000+00:00,dr03,sg15,Interface TX,16384,0,1,In use,obt-collector1,4,0/1/CPU0,1,16,0

2020-02-02 20:28:48.348000+00:00,dr03,sg15,Interface TX,16384,0,1,In use,obt-collector1,4,0/1/CPU0,4,16,0

2020-02-02 20:29:09.516000+00:00,dr03,sg15,Interface TX,16384,0,1,In use,obt-collector1,4,0/0/CPU0,5,16,0

2020-02-02 20:29:09.516000+00:00,dr03,sg15,Interface TX,16384,0,1,In use,obt-collector1,4,0/0/CPU0,4,16,0

2020-02-02 20:29:09.516000+00:00,dr03,sg15,Interface TX,16384,0,1,In use,obt-collector1,4,0/0/CPU0,0,16,0

2020-02-02 20:29:09.516000+00:00,dr03,sg15,Interface TX,16384,0,1,In use,obt-collector1,4,0/0/CPU0,1,16,0

2020-02-02 20:29:09.516000+00:00,dr03,sg15,Interface TX,16384,0,1,In use,obt-collector1,4,0/0/CPU0,2,16,0

2020-02-02 20:29:09.516000+00:00,dr03,sg15,Interface TX,16384,0,1,In use,obt-collector1,4,0/0/CPU0,3,16,0

2020-02-02 20:29:09.519000+00:00,dr03,sg15,Interface TX,16384,0,1,In use,obt-collector1,4,0/1/CPU0,4,16,0

2020-02-02 20:29:09.519000+00:00,dr03,sg15,Interface TX,16384,0,1,In use,obt-collector1,4,0/1/CPU0,3,16,0

2020-02-02 20:29:09.519000+00:00,dr03,sg15,Interface TX,16384,0,1,In use,obt-collector1,4,0/1/CPU0,1,16,0

2020-02-02 20:29:09.519000+00:00,dr03,sg15,Interface TX,16384,0,1,In use,obt-collector1,4,0/1/CPU0,2,16,0

2020-02-02 20:29:09.519000+00:00,dr03,sg15,Interface TX,16384,0,1,In use,obt-collector1,4,0/1/CPU0,0,16,0

2020-02-02 20:29:09.519000+00:00,dr03,sg15,Interface TX,16384,0,1,In use,obt-collector1,4,0/1/CPU0,5,16,0

2020-02-02 20:29:30.793000+00:00,dr03,sg15,Interface TX,16384,0,1,In use,obt-collector1,4,0/0/CPU0,3,16,0

2020-02-02 20:29:30.793000+00:00,dr03,sg15,Interface TX,16384,0,1,In use,obt-collector1,4,0/0/CPU0,0,16,0

2020-02-02 20:29:30.793000+00:00,dr03,sg15,Interface TX,16384,0,1,In use,obt-collector1,4,0/0/CPU0,2,16,0

2020-02-02 20:29:30.793000+00:00,dr03,sg15,Interface TX,16384,0,1,In use,obt-collector1,4,0/0/CPU0,4,16,0

2020-02-02 20:29:30.793000+00:00,dr03,sg15,Interface TX,16384,0,1,In use,obt-collector1,4,0/0/CPU0,5,16,0

2020-02-02 20:29:30.793000+00:00,dr03,sg15,Interface TX,16384,0,1,In use,obt-collector1,4,0/0/CPU0,1,16,0

2020-02-02 20:29:30.796000+00:00,dr03,sg15,Interface TX,16384,0,1,In use,obt-collector1,4,0/1/CPU0,5,16,0

2020-02-02 20:29:30.796000+00:00,dr03,sg15,Interface TX,16384,0,1,In use,obt-collector1,4,0/1/CPU0,3,16,0

2020-02-02 20:29:30.796000+00:00,dr03,sg15,Interface TX,16384,0,1,In use,obt-collector1,4,0/1/CPU0,0,16,0

2020-02-02 20:29:30.796000+00:00,dr03,sg15,Interface TX,16384,0,1,In use,obt-collector1,4,0/1/CPU0,4,16,0

2020-02-02 20:29:30.796000+00:00,dr03,sg15,Interface TX,16384,0,1,In use,obt-collector1,4,0/1/CPU0,2,16,0

2020-02-02 20:29:30.796000+00:00,dr03,sg15,Interface TX,16384,0,1,In use,obt-collector1,4,0/1/CPU0,1,16,0

2020-02-02 20:29:52.163000+00:00,dr03,sg15,Interface TX,16384,0,1,In use,obt-collector1,4,0/0/CPU0,1,16,0

2020-02-02 20:29:52.163000+00:00,dr03,sg15,Interface TX,16384,0,1,In use,obt-collector1,4,0/0/CPU0,2,16,0

2020-02-02 20:29:52.163000+00:00,dr03,sg15,Interface TX,16384,0,1,In use,obt-collector1,4,0/0/CPU0,5,16,0

2020-02-02 20:29:52.163000+00:00,dr03,sg15,Interface TX,16384,0,1,In use,obt-collector1,4,0/0/CPU0,0,16,0

2020-02-02 20:29:52.163000+00:00,dr03,sg15,Interface TX,16384,0,1,In use,obt-collector1,4,0/0/CPU0,3,16,0

2020-02-02 20:29:52.163000+00:00,dr03,sg15,Interface TX,16384,0,1,In use,obt-collector1,4,0/0/CPU0,4,16,0

2020-02-02 20:29:52.166000+00:00,dr03,sg15,Interface TX,16384,0,1,In use,obt-collector1,4,0/1/CPU0,1,16,0

2020-02-02 20:29:52.166000+00:00,dr03,sg15,Interface TX,16384,0,1,In use,obt-collector1,4,0/1/CPU0,3,16,0

2020-02-02 20:29:52.166000+00:00,dr03,sg15,Interface TX,16384,0,1,In use,obt-collector1,4,0/1/CPU0,2,16,0

2020-02-02 20:29:52.166000+00:00,dr03,sg15,Interface TX,16384,0,1,In use,obt-collector1,4,0/1/CPU0,5,16,0

2020-02-02 20:29:52.166000+00:00,dr03,sg15,Interface TX,16384,0,1,In use,obt-collector1,4,0/1/CPU0,4,16,0

2020-02-02 20:29:52.166000+00:00,dr03,sg15,Interface TX,16384,0,1,In use,obt-collector1,4,0/1/CPU0,0,16,0

2020-02-02 20:30:13.215000+00:00,dr03,sg15,Interface TX,16384,0,1,In use,obt-collector1,4,0/0/CPU0,4,16,0

2020-02-02 20:30:13.215000+00:00,dr03,sg15,Interface TX,16384,0,1,In use,obt-collector1,4,0/0/CPU0,5,16,0

2020-02-02 20:30:13.215000+00:00,dr03,sg15,Interface TX,16384,0,1,In use,obt-collector1,4,0/0/CPU0,3,16,0

2020-02-02 20:30:13.215000+00:00,dr03,sg15,Interface TX,16384,0,1,In use,obt-collector1,4,0/0/CPU0,2,16,0

2020-02-02 20:30:13.215000+00:00,dr03,sg15,Interface TX,16384,0,1,In use,obt-collector1,4,0/0/CPU0,1,16,0

2020-02-02 20:30:13.215000+00:00,dr03,sg15,Interface TX,16384,0,1,In use,obt-collector1,4,0/0/CPU0,0,16,0

2020-02-02 20:30:13.219000+00:00,dr03,sg15,Interface TX,16384,0,1,In use,obt-collector1,4,0/1/CPU0,1,16,0

2020-02-02 20:30:13.219000+00:00,dr03,sg15,Interface TX,16384,0,1,In use,obt-collector1,4,0/1/CPU0,0,16,0

2020-02-02 20:30:13.219000+00:00,dr03,sg15,Interface TX,16384,0,1,In use,obt-collector1,4,0/1/CPU0,2,16,0

2020-02-02 20:30:13.220000+00:00,dr03,sg15,Interface TX,16384,0,1,In use,obt-collector1,4,0/1/CPU0,5,16,0

2020-02-02 20:30:13.220000+00:00,dr03,sg15,Interface TX,16384,0,1,In use,obt-collector1,4,0/1/CPU0,3,16,0

2020-02-02 20:30:13.220000+00:00,dr03,sg15,Interface TX,16384,0,1,In use,obt-collector1,4,0/1/CPU0,4,16,0

2020-02-02 20:30:34.180000+00:00,dr03,sg15,Interface TX,16384,0,1,In use,obt-collector1,4,0/0/CPU0,1,16,0

2020-02-02 20:30:34.180000+00:00,dr03,sg15,Interface TX,16384,0,1,In use,obt-collector1,4,0/0/CPU0,3,16,0

2020-02-02 20:30:34.180000+00:00,dr03,sg15,Interface TX,16384,0,1,In use,obt-collector1,4,0/0/CPU0,5,16,0

2020-02-02 20:30:34.180000+00:00,dr03,sg15,Interface TX,16384,0,1,In use,obt-collector1,4,0/0/CPU0,4,16,0

2020-02-02 20:30:34.180000+00:00,dr03,sg15,Interface TX,16384,0,1,In use,obt-collector1,4,0/0/CPU0,2,16,0

2020-02-02 20:30:34.180000+00:00,dr03,sg15,Interface TX,16384,0,1,In use,obt-collector1,4,0/0/CPU0,0,16,0

2020-02-02 20:30:34.186000+00:00,dr03,sg15,Interface TX,16384,0,1,In use,obt-collector1,4,0/1/CPU0,5,16,0

2020-02-02 20:30:34.186000+00:00,dr03,sg15,Interface TX,16384,0,1,In use,obt-collector1,4,0/1/CPU0,2,16,0

2020-02-02 20:30:34.186000+00:00,dr03,sg15,Interface TX,16384,0,1,In use,obt-collector1,4,0/1/CPU0,0,16,0

2020-02-02 20:30:34.186000+00:00,dr03,sg15,Interface TX,16384,0,1,In use,obt-collector1,4,0/1/CPU0,3,16,0

2020-02-02 20:30:34.186000+00:00,dr03,sg15,Interface TX,16384,0,1,In use,obt-collector1,4,0/1/CPU0,4,16,0

2020-02-02 20:30:34.186000+00:00,dr03,sg15,Interface TX,16384,0,1,In use,obt-collector1,4,0/1/CPU0,1,16,0

2020-02-02 20:30:55.501000+00:00,dr03,sg15,Interface TX,16384,0,1,In use,obt-collector1,4,0/0/CPU0,0,16,0

2020-02-02 20:30:55.501000+00:00,dr03,sg15,Interface TX,16384,0,1,In use,obt-collector1,4,0/0/CPU0,3,16,0

2020-02-02 20:30:55.501000+00:00,dr03,sg15,Interface TX,16384,0,1,In use,obt-collector1,4,0/0/CPU0,2,16,0

2020-02-02 20:30:55.501000+00:00,dr03,sg15,Interface TX,16384,0,1,In use,obt-collector1,4,0/0/CPU0,1,16,0

2020-02-02 20:30:55.501000+00:00,dr03,sg15,Interface TX,16384,0,1,In use,obt-collector1,4,0/0/CPU0,4,16,0

2020-02-02 20:30:55.501000+00:00,dr03,sg15,Interface TX,16384,0,1,In use,obt-collector1,4,0/0/CPU0,5,16,0

2020-02-02 20:30:55.504000+00:00,dr03,sg15,Interface TX,16384,0,1,In use,obt-collector1,4,0/1/CPU0,1,16,0

2020-02-02 20:30:55.504000+00:00,dr03,sg15,Interface TX,16384,0,1,In use,obt-collector1,4,0/1/CPU0,0,16,0

2020-02-02 20:30:55.504000+00:00,dr03,sg15,Interface TX,16384,0,1,In use,obt-collector1,4,0/1/CPU0,4,16,0

2020-02-02 20:30:55.504000+00:00,dr03,sg15,Interface TX,16384,0,1,In use,obt-collector1,4,0/1/CPU0,2,16,0

2020-02-02 20:30:55.504000+00:00,dr03,sg15,Interface TX,16384,0,1,In use,obt-collector1,4,0/1/CPU0,5,16,0

2020-02-02 20:30:55.504000+00:00,dr03,sg15,Interface TX,16384,0,1,In use,obt-collector1,4,0/1/CPU0,3,16,0

2020-02-02 20:31:16.524000+00:00,dr03,sg15,Interface TX,16384,0,1,In use,obt-collector1,4,0/0/CPU0,5,16,0

2020-02-02 20:31:16.524000+00:00,dr03,sg15,Interface TX,16384,0,1,In use,obt-collector1,4,0/0/CPU0,3,16,0

2020-02-02 20:31:16.524000+00:00,dr03,sg15,Interface TX,16384,0,1,In use,obt-collector1,4,0/0/CPU0,4,16,0

2020-02-02 20:31:16.524000+00:00,dr03,sg15,Interface TX,16384,0,1,In use,obt-collector1,4,0/0/CPU0,0,16,0

2020-02-02 20:31:16.524000+00:00,dr03,sg15,Interface TX,16384,0,1,In use,obt-collector1,4,0/0/CPU0,1,16,0

2020-02-02 20:31:16.524000+00:00,dr03,sg15,Interface TX,16384,0,1,In use,obt-collector1,4,0/0/CPU0,2,16,0

2020-02-02 20:31:16.527000+00:00,dr03,sg15,Interface TX,16384,0,1,In use,obt-collector1,4,0/1/CPU0,3,16,0

2020-02-02 20:31:16.527000+00:00,dr03,sg15,Interface TX,16384,0,1,In use,obt-collector1,4,0/1/CPU0,4,16,0

2020-02-02 20:31:16.527000+00:00,dr03,sg15,Interface TX,16384,0,1,In use,obt-collector1,4,0/1/CPU0,5,16,0

2020-02-02 20:31:16.527000+00:00,dr03,sg15,Interface TX,16384,0,1,In use,obt-collector1,4,0/1/CPU0,0,16,0

2020-02-02 20:31:16.527000+00:00,dr03,sg15,Interface TX,16384,0,1,In use,obt-collector1,4,0/1/CPU0,1,16,0

2020-02-02 20:31:16.527000+00:00,dr03,sg15,Interface TX,16384,0,1,In use,obt-collector1,4,0/1/CPU0,2,16,0

2020-02-02 20:31:37.406000+00:00,dr03,sg15,Interface TX,16384,0,1,In use,obt-collector1,4,0/0/CPU0,1,16,0

2020-02-02 20:31:37.406000+00:00,dr03,sg15,Interface TX,16384,0,1,In use,obt-collector1,4,0/0/CPU0,0,16,0

2020-02-02 20:31:37.407000+00:00,dr03,sg15,Interface TX,16384,0,1,In use,obt-collector1,4,0/0/CPU0,3,16,0

2020-02-02 20:31:37.407000+00:00,dr03,sg15,Interface TX,16384,0,1,In use,obt-collector1,4,0/0/CPU0,2,16,0

2020-02-02 20:31:37.407000+00:00,dr03,sg15,Interface TX,16384,0,1,In use,obt-collector1,4,0/0/CPU0,5,16,0

2020-02-02 20:31:37.407000+00:00,dr03,sg15,Interface TX,16384,0,1,In use,obt-collector1,4,0/0/CPU0,4,16,0

2020-02-02 20:31:37.410000+00:00,dr03,sg15,Interface TX,16384,0,1,In use,obt-collector1,4,0/1/CPU0,5,16,0

2020-02-02 20:31:37.410000+00:00,dr03,sg15,Interface TX,16384,0,1,In use,obt-collector1,4,0/1/CPU0,1,16,0

2020-02-02 20:31:37.410000+00:00,dr03,sg15,Interface TX,16384,0,1,In use,obt-collector1,4,0/1/CPU0,4,16,0

2020-02-02 20:31:37.410000+00:00,dr03,sg15,Interface TX,16384,0,1,In use,obt-collector1,4,0/1/CPU0,3,16,0

2020-02-02 20:31:37.410000+00:00,dr03,sg15,Interface TX,16384,0,1,In use,obt-collector1,4,0/1/CPU0,0,16,0

2020-02-02 20:31:37.410000+00:00,dr03,sg15,Interface TX,16384,0,1,In use,obt-collector1,4,0/1/CPU0,2,16,0

2020-02-02 20:31:59.024000+00:00,dr03,sg15,Interface TX,16384,0,1,In use,obt-collector1,4,0/0/CPU0,5,16,0

2020-02-02 20:31:59.024000+00:00,dr03,sg15,Interface TX,16384,0,1,In use,obt-collector1,4,0/0/CPU0,1,16,0

2020-02-02 20:31:59.024000+00:00,dr03,sg15,Interface TX,16384,0,1,In use,obt-collector1,4,0/0/CPU0,3,16,0

2020-02-02 20:31:59.024000+00:00,dr03,sg15,Interface TX,16384,0,1,In use,obt-collector1,4,0/0/CPU0,0,16,0

2020-02-02 20:31:59.024000+00:00,dr03,sg15,Interface TX,16384,0,1,In use,obt-collector1,4,0/0/CPU0,4,16,0

2020-02-02 20:31:59.024000+00:00,dr03,sg15,Interface TX,16384,0,1,In use,obt-collector1,4,0/0/CPU0,2,16,0

2020-02-02 20:31:59.028000+00:00,dr03,sg15,Interface TX,16384,0,1,In use,obt-collector1,4,0/1/CPU0,2,16,0

2020-02-02 20:31:59.028000+00:00,dr03,sg15,Interface TX,16384,0,1,In use,obt-collector1,4,0/1/CPU0,1,16,0

2020-02-02 20:31:59.028000+00:00,dr03,sg15,Interface TX,16384,0,1,In use,obt-collector1,4,0/1/CPU0,0,16,0

2020-02-02 20:31:59.028000+00:00,dr03,sg15,Interface TX,16384,0,1,In use,obt-collector1,4,0/1/CPU0,5,16,0

2020-02-02 20:31:59.028000+00:00,dr03,sg15,Interface TX,16384,0,1,In use,obt-collector1,4,0/1/CPU0,3,16,0

2020-02-02 20:31:59.028000+00:00,dr03,sg15,Interface TX,16384,0,1,In use,obt-collector1,4,0/1/CPU0,4,16,0

2020-02-02 20:32:20.042000+00:00,dr03,sg15,Interface TX,16384,0,1,In use,obt-collector1,4,0/0/CPU0,2,16,0

2020-02-02 20:32:20.042000+00:00,dr03,sg15,Interface TX,16384,0,1,In use,obt-collector1,4,0/0/CPU0,3,16,0

2020-02-02 20:32:20.042000+00:00,dr03,sg15,Interface TX,16384,0,1,In use,obt-collector1,4,0/0/CPU0,4,16,0

2020-02-02 20:32:20.042000+00:00,dr03,sg15,Interface TX,16384,0,1,In use,obt-collector1,4,0/0/CPU0,1,16,0

2020-02-02 20:32:20.042000+00:00,dr03,sg15,Interface TX,16384,0,1,In use,obt-collector1,4,0/0/CPU0,0,16,0

2020-02-02 20:32:20.043000+00:00,dr03,sg15,Interface TX,16384,0,1,In use,obt-collector1,4,0/0/CPU0,5,16,0

2020-02-02 20:32:20.046000+00:00,dr03,sg15,Interface TX,16384,0,1,In use,obt-collector1,4,0/1/CPU0,4,16,0

2020-02-02 20:32:20.046000+00:00,dr03,sg15,Interface TX,16384,0,1,In use,obt-collector1,4,0/1/CPU0,1,16,0

2020-02-02 20:32:20.046000+00:00,dr03,sg15,Interface TX,16384,0,1,In use,obt-collector1,4,0/1/CPU0,3,16,0

2020-02-02 20:32:20.046000+00:00,dr03,sg15,Interface TX,16384,0,1,In use,obt-collector1,4,0/1/CPU0,2,16,0

2020-02-02 20:32:20.046000+00:00,dr03,sg15,Interface TX,16384,0,1,In use,obt-collector1,4,0/1/CPU0,5,16,0

2020-02-02 20:32:20.046000+00:00,dr03,sg15,Interface TX,16384,0,1,In use,obt-collector1,4,0/1/CPU0,0,16,0

2020-02-02 20:32:41.083000+00:00,dr03,sg15,Interface TX,16384,0,1,In use,obt-collector1,4,0/0/CPU0,0,16,0

2020-02-02 20:32:41.083000+00:00,dr03,sg15,Interface TX,16384,0,1,In use,obt-collector1,4,0/0/CPU0,1,16,0

2020-02-02 20:32:41.084000+00:00,dr03,sg15,Interface TX,16384,0,1,In use,obt-collector1,4,0/0/CPU0,4,16,0

2020-02-02 20:32:41.084000+00:00,dr03,sg15,Interface TX,16384,0,1,In use,obt-collector1,4,0/0/CPU0,5,16,0

2020-02-02 20:32:41.084000+00:00,dr03,sg15,Interface TX,16384,0,1,In use,obt-collector1,4,0/0/CPU0,3,16,0

2020-02-02 20:32:41.084000+00:00,dr03,sg15,Interface TX,16384,0,1,In use,obt-collector1,4,0/0/CPU0,2,16,0

2020-02-02 20:32:41.087000+00:00,dr03,sg15,Interface TX,16384,0,1,In use,obt-collector1,4,0/1/CPU0,1,16,0

2020-02-02 20:32:41.087000+00:00,dr03,sg15,Interface TX,16384,0,1,In use,obt-collector1,4,0/1/CPU0,5,16,0

2020-02-02 20:32:41.087000+00:00,dr03,sg15,Interface TX,16384,0,1,In use,obt-collector1,4,0/1/CPU0,4,16,0

2020-02-02 20:32:41.087000+00:00,dr03,sg15,Interface TX,16384,0,1,In use,obt-collector1,4,0/1/CPU0,0,16,0

2020-02-02 20:32:41.087000+00:00,dr03,sg15,Interface TX,16384,0,1,In use,obt-collector1,4,0/1/CPU0,2,16,0

2020-02-02 20:32:41.087000+00:00,dr03,sg15,Interface TX,16384,0,1,In use,obt-collector1,4,0/1/CPU0,3,16,0

2020-02-02 20:33:02.474000+00:00,dr03,sg15,Interface TX,16384,0,1,In use,obt-collector1,4,0/0/CPU0,3,16,0

2020-02-02 20:33:02.474000+00:00,dr03,sg15,Interface TX,16384,0,1,In use,obt-collector1,4,0/0/CPU0,0,16,0

2020-02-02 20:33:02.474000+00:00,dr03,sg15,Interface TX,16384,0,1,In use,obt-collector1,4,0/0/CPU0,5,16,0

2020-02-02 20:33:02.474000+00:00,dr03,sg15,Interface TX,16384,0,1,In use,obt-collector1,4,0/0/CPU0,2,16,0

2020-02-02 20:33:02.474000+00:00,dr03,sg15,Interface TX,16384,0,1,In use,obt-collector1,4,0/0/CPU0,4,16,0

2020-02-02 20:33:02.474000+00:00,dr03,sg15,Interface TX,16384,0,1,In use,obt-collector1,4,0/0/CPU0,1,16,0

2020-02-02 20:33:02.477000+00:00,dr03,sg15,Interface TX,16384,0,1,In use,obt-collector1,4,0/1/CPU0,3,16,0

2020-02-02 20:33:02.477000+00:00,dr03,sg15,Interface TX,16384,0,1,In use,obt-collector1,4,0/1/CPU0,1,16,0

2020-02-02 20:33:02.477000+00:00,dr03,sg15,Interface TX,16384,0,1,In use,obt-collector1,4,0/1/CPU0,2,16,0

2020-02-02 20:33:02.477000+00:00,dr03,sg15,Interface TX,16384,0,1,In use,obt-collector1,4,0/1/CPU0,0,16,0

2020-02-02 20:33:02.477000+00:00,dr03,sg15,Interface TX,16384,0,1,In use,obt-collector1,4,0/1/CPU0,5,16,0

2020-02-02 20:33:02.477000+00:00,dr03,sg15,Interface TX,16384,0,1,In use,obt-collector1,4,0/1/CPU0,4,16,0

2020-02-02 20:33:23.651000+00:00,dr03,sg15,Interface TX,16384,0,1,In use,obt-collector1,4,0/0/CPU0,1,16,0

2020-02-02 20:33:23.651000+00:00,dr03,sg15,Interface TX,16384,0,1,In use,obt-collector1,4,0/0/CPU0,2,16,0

2020-02-02 20:33:23.651000+00:00,dr03,sg15,Interface TX,16384,0,1,In use,obt-collector1,4,0/0/CPU0,4,16,0

2020-02-02 20:33:23.651000+00:00,dr03,sg15,Interface TX,16384,0,1,In use,obt-collector1,4,0/0/CPU0,5,16,0

2020-02-02 20:33:23.651000+00:00,dr03,sg15,Interface TX,16384,0,1,In use,obt-collector1,4,0/0/CPU0,3,16,0

2020-02-02 20:33:23.651000+00:00,dr03,sg15,Interface TX,16384,0,1,In use,obt-collector1,4,0/0/CPU0,0,16,0

2020-02-02 20:33:23.654000+00:00,dr03,sg15,Interface TX,16384,0,1,In use,obt-collector1,4,0/1/CPU0,4,16,0

2020-02-02 20:33:23.654000+00:00,dr03,sg15,Interface TX,16384,0,1,In use,obt-collector1,4,0/1/CPU0,3,16,0

2020-02-02 20:33:23.654000+00:00,dr03,sg15,Interface TX,16384,0,1,In use,obt-collector1,4,0/1/CPU0,5,16,0

2020-02-02 20:33:23.654000+00:00,dr03,sg15,Interface TX,16384,0,1,In use,obt-collector1,4,0/1/CPU0,0,16,0

2020-02-02 20:33:23.654000+00:00,dr03,sg15,Interface TX,16384,0,1,In use,obt-collector1,4,0/1/CPU0,1,16,0

2020-02-02 20:33:23.654000+00:00,dr03,sg15,Interface TX,16384,0,1,In use,obt-collector1,4,0/1/CPU0,2,16,0

2020-02-02 20:33:44.689000+00:00,dr03,sg15,Interface TX,16384,0,1,In use,obt-collector1,4,0/0/CPU0,0,16,0

2020-02-02 20:33:44.689000+00:00,dr03,sg15,Interface TX,16384,0,1,In use,obt-collector1,4,0/0/CPU0,5,16,0

2020-02-02 20:33:44.689000+00:00,dr03,sg15,Interface TX,16384,0,1,In use,obt-collector1,4,0/0/CPU0,3,16,0

2020-02-02 20:33:44.689000+00:00,dr03,sg15,Interface TX,16384,0,1,In use,obt-collector1,4,0/0/CPU0,4,16,0

2020-02-02 20:33:44.689000+00:00,dr03,sg15,Interface TX,16384,0,1,In use,obt-collector1,4,0/0/CPU0,1,16,0

2020-02-02 20:33:44.689000+00:00,dr03,sg15,Interface TX,16384,0,1,In use,obt-collector1,4,0/0/CPU0,2,16,0

2020-02-02 20:33:44.692000+00:00,dr03,sg15,Interface TX,16384,0,1,In use,obt-collector1,4,0/1/CPU0,2,16,0

2020-02-02 20:33:44.692000+00:00,dr03,sg15,Interface TX,16384,0,1,In use,obt-collector1,4,0/1/CPU0,4,16,0

2020-02-02 20:33:44.692000+00:00,dr03,sg15,Interface TX,16384,0,1,In use,obt-collector1,4,0/1/CPU0,1,16,0

2020-02-02 20:33:44.692000+00:00,dr03,sg15,Interface TX,16384,0,1,In use,obt-collector1,4,0/1/CPU0,0,16,0

2020-02-02 20:33:44.692000+00:00,dr03,sg15,Interface TX,16384,0,1,In use,obt-collector1,4,0/1/CPU0,3,16,0

2020-02-02 20:33:44.692000+00:00,dr03,sg15,Interface TX,16384,0,1,In use,obt-collector1,4,0/1/CPU0,5,16,0

2020-02-02 20:34:05.951000+00:00,dr03,sg15,Interface TX,16384,0,1,In use,obt-collector1,4,0/0/CPU0,2,16,0

2020-02-02 20:34:05.951000+00:00,dr03,sg15,Interface TX,16384,0,1,In use,obt-collector1,4,0/0/CPU0,4,16,0

2020-02-02 20:34:05.951000+00:00,dr03,sg15,Interface TX,16384,0,1,In use,obt-collector1,4,0/0/CPU0,1,16,0

2020-02-02 20:34:05.951000+00:00,dr03,sg15,Interface TX,16384,0,1,In use,obt-collector1,4,0/0/CPU0,3,16,0

2020-02-02 20:34:05.951000+00:00,dr03,sg15,Interface TX,16384,0,1,In use,obt-collector1,4,0/0/CPU0,0,16,0

2020-02-02 20:34:05.951000+00:00,dr03,sg15,Interface TX,16384,0,1,In use,obt-collector1,4,0/0/CPU0,5,16,0

2020-02-02 20:34:05.954000+00:00,dr03,sg15,Interface TX,16384,0,1,In use,obt-collector1,4,0/1/CPU0,5,16,0

2020-02-02 20:34:05.954000+00:00,dr03,sg15,Interface TX,16384,0,1,In use,obt-collector1,4,0/1/CPU0,2,16,0

2020-02-02 20:34:05.954000+00:00,dr03,sg15,Interface TX,16384,0,1,In use,obt-collector1,4,0/1/CPU0,3,16,0

2020-02-02 20:34:05.954000+00:00,dr03,sg15,Interface TX,16384,0,1,In use,obt-collector1,4,0/1/CPU0,0,16,0

2020-02-02 20:34:05.954000+00:00,dr03,sg15,Interface TX,16384,0,1,In use,obt-collector1,4,0/1/CPU0,4,16,0

2020-02-02 20:34:05.954000+00:00,dr03,sg15,Interface TX,16384,0,1,In use,obt-collector1,4,0/1/CPU0,1,16,0

2020-02-02 20:34:27.083000+00:00,dr03,sg15,Interface TX,16384,0,1,In use,obt-collector1,4,0/0/CPU0,5,16,0

2020-02-02 20:34:27.083000+00:00,dr03,sg15,Interface TX,16384,0,1,In use,obt-collector1,4,0/0/CPU0,3,16,0

2020-02-02 20:34:27.083000+00:00,dr03,sg15,Interface TX,16384,0,1,In use,obt-collector1,4,0/0/CPU0,0,16,0

2020-02-02 20:34:27.083000+00:00,dr03,sg15,Interface TX,16384,0,1,In use,obt-collector1,4,0/0/CPU0,1,16,0

2020-02-02 20:34:27.083000+00:00,dr03,sg15,Interface TX,16384,0,1,In use,obt-collector1,4,0/0/CPU0,2,16,0

2020-02-02 20:34:27.083000+00:00,dr03,sg15,Interface TX,16384,0,1,In use,obt-collector1,4,0/0/CPU0,4,16,0

2020-02-02 20:34:27.086000+00:00,dr03,sg15,Interface TX,16384,0,1,In use,obt-collector1,4,0/1/CPU0,1,16,0

2020-02-02 20:34:27.086000+00:00,dr03,sg15,Interface TX,16384,0,1,In use,obt-collector1,4,0/1/CPU0,5,16,0

2020-02-02 20:34:27.086000+00:00,dr03,sg15,Interface TX,16384,0,1,In use,obt-collector1,4,0/1/CPU0,4,16,0

2020-02-02 20:34:27.086000+00:00,dr03,sg15,Interface TX,16384,0,1,In use,obt-collector1,4,0/1/CPU0,0,16,0

2020-02-02 20:34:27.086000+00:00,dr03,sg15,Interface TX,16384,0,1,In use,obt-collector1,4,0/1/CPU0,2,16,0

2020-02-02 20:34:27.086000+00:00,dr03,sg15,Interface TX,16384,0,1,In use,obt-collector1,4,0/1/CPU0,3,16,0

2020-02-02 20:34:48.273000+00:00,dr03,sg15,Interface TX,16384,0,1,In use,obt-collector1,4,0/0/CPU0,4,16,0

2020-02-02 20:34:48.273000+00:00,dr03,sg15,Interface TX,16384,0,1,In use,obt-collector1,4,0/0/CPU0,1,16,0

2020-02-02 20:34:48.273000+00:00,dr03,sg15,Interface TX,16384,0,1,In use,obt-collector1,4,0/0/CPU0,2,16,0

2020-02-02 20:34:48.273000+00:00,dr03,sg15,Interface TX,16384,0,1,In use,obt-collector1,4,0/0/CPU0,0,16,0

2020-02-02 20:34:48.273000+00:00,dr03,sg15,Interface TX,16384,0,1,In use,obt-collector1,4,0/0/CPU0,5,16,0

2020-02-02 20:34:48.273000+00:00,dr03,sg15,Interface TX,16384,0,1,In use,obt-collector1,4,0/0/CPU0,3,16,0

2020-02-02 20:34:48.276000+00:00,dr03,sg15,Interface TX,16384,0,1,In use,obt-collector1,4,0/1/CPU0,3,16,0

2020-02-02 20:34:48.276000+00:00,dr03,sg15,Interface TX,16384,0,1,In use,obt-collector1,4,0/1/CPU0,1,16,0

2020-02-02 20:34:48.276000+00:00,dr03,sg15,Interface TX,16384,0,1,In use,obt-collector1,4,0/1/CPU0,2,16,0

2020-02-02 20:34:48.276000+00:00,dr03,sg15,Interface TX,16384,0,1,In use,obt-collector1,4,0/1/CPU0,0,16,0

2020-02-02 20:34:48.276000+00:00,dr03,sg15,Interface TX,16384,0,1,In use,obt-collector1,4,0/1/CPU0,5,16,0

2020-02-02 20:34:48.276000+00:00,dr03,sg15,Interface TX,16384,0,1,In use,obt-collector1,4,0/1/CPU0,4,16,0

2020-02-02 20:35:09.710000+00:00,dr03,sg15,Interface TX,16384,0,1,In use,obt-collector1,4,0/0/CPU0,3,16,0

2020-02-02 20:35:09.710000+00:00,dr03,sg15,Interface TX,16384,0,1,In use,obt-collector1,4,0/0/CPU0,0,16,0

2020-02-02 20:35:09.710000+00:00,dr03,sg15,Interface TX,16384,0,1,In use,obt-collector1,4,0/0/CPU0,5,16,0

2020-02-02 20:35:09.710000+00:00,dr03,sg15,Interface TX,16384,0,1,In use,obt-collector1,4,0/0/CPU0,2,16,0

2020-02-02 20:35:09.710000+00:00,dr03,sg15,Interface TX,16384,0,1,In use,obt-collector1,4,0/0/CPU0,4,16,0

2020-02-02 20:35:09.710000+00:00,dr03,sg15,Interface TX,16384,0,1,In use,obt-collector1,4,0/0/CPU0,1,16,0

2020-02-02 20:35:09.713000+00:00,dr03,sg15,Interface TX,16384,0,1,In use,obt-collector1,4,0/1/CPU0,4,16,0

2020-02-02 20:35:09.713000+00:00,dr03,sg15,Interface TX,16384,0,1,In use,obt-collector1,4,0/1/CPU0,3,16,0

2020-02-02 20:35:09.713000+00:00,dr03,sg15,Interface TX,16384,0,1,In use,obt-collector1,4,0/1/CPU0,5,16,0

2020-02-02 20:35:09.713000+00:00,dr03,sg15,Interface TX,16384,0,1,In use,obt-collector1,4,0/1/CPU0,0,16,0

2020-02-02 20:35:09.713000+00:00,dr03,sg15,Interface TX,16384,0,1,In use,obt-collector1,4,0/1/CPU0,1,16,0

2020-02-02 20:35:09.713000+00:00,dr03,sg15,Interface TX,16384,0,1,In use,obt-collector1,4,0/1/CPU0,2,16,0

2020-02-02 20:35:30.510000+00:00,dr03,sg15,Interface TX,16384,0,1,In use,obt-collector1,4,0/0/CPU0,0,16,0

2020-02-02 20:35:30.511000+00:00,dr03,sg15,Interface TX,16384,0,1,In use,obt-collector1,4,0/0/CPU0,1,16,0

2020-02-02 20:35:30.511000+00:00,dr03,sg15,Interface TX,16384,0,1,In use,obt-collector1,4,0/0/CPU0,2,16,0

2020-02-02 20:35:30.511000+00:00,dr03,sg15,Interface TX,16384,0,1,In use,obt-collector1,4,0/0/CPU0,4,16,0

2020-02-02 20:35:30.511000+00:00,dr03,sg15,Interface TX,16384,0,1,In use,obt-collector1,4,0/0/CPU0,3,16,0

2020-02-02 20:35:30.511000+00:00,dr03,sg15,Interface TX,16384,0,1,In use,obt-collector1,4,0/0/CPU0,5,16,0

2020-02-02 20:35:30.514000+00:00,dr03,sg15,Interface TX,16384,0,1,In use,obt-collector1,4,0/1/CPU0,1,16,0

2020-02-02 20:35:30.514000+00:00,dr03,sg15,Interface TX,16384,0,1,In use,obt-collector1,4,0/1/CPU0,2,16,0

2020-02-02 20:35:30.514000+00:00,dr03,sg15,Interface TX,16384,0,1,In use,obt-collector1,4,0/1/CPU0,4,16,0

2020-02-02 20:35:30.514000+00:00,dr03,sg15,Interface TX,16384,0,1,In use,obt-collector1,4,0/1/CPU0,0,16,0

2020-02-02 20:35:30.514000+00:00,dr03,sg15,Interface TX,16384,0,1,In use,obt-collector1,4,0/1/CPU0,3,16,0

2020-02-02 20:35:30.514000+00:00,dr03,sg15,Interface TX,16384,0,1,In use,obt-collector1,4,0/1/CPU0,5,16,0

2020-02-02 20:35:51.519000+00:00,dr03,sg15,Interface TX,16384,0,1,In use,obt-collector1,4,0/0/CPU0,3,16,0

2020-02-02 20:35:51.519000+00:00,dr03,sg15,Interface TX,16384,0,1,In use,obt-collector1,4,0/0/CPU0,0,16,0

2020-02-02 20:35:51.519000+00:00,dr03,sg15,Interface TX,16384,0,1,In use,obt-collector1,4,0/0/CPU0,4,16,0

2020-02-02 20:35:51.519000+00:00,dr03,sg15,Interface TX,16384,0,1,In use,obt-collector1,4,0/0/CPU0,2,16,0

2020-02-02 20:35:51.519000+00:00,dr03,sg15,Interface TX,16384,0,1,In use,obt-collector1,4,0/0/CPU0,1,16,0

2020-02-02 20:35:51.520000+00:00,dr03,sg15,Interface TX,16384,0,1,In use,obt-collector1,4,0/0/CPU0,5,16,0

2020-02-02 20:35:51.523000+00:00,dr03,sg15,Interface TX,16384,0,1,In use,obt-collector1,4,0/1/CPU0,5,16,0

2020-02-02 20:35:51.523000+00:00,dr03,sg15,Interface TX,16384,0,1,In use,obt-collector1,4,0/1/CPU0,1,16,0

2020-02-02 20:35:51.523000+00:00,dr03,sg15,Interface TX,16384,0,1,In use,obt-collector1,4,0/1/CPU0,3,16,0

2020-02-02 20:35:51.523000+00:00,dr03,sg15,Interface TX,16384,0,1,In use,obt-collector1,4,0/1/CPU0,0,16,0

2020-02-02 20:35:51.523000+00:00,dr03,sg15,Interface TX,16384,0,1,In use,obt-collector1,4,0/1/CPU0,2,16,0

2020-02-02 20:35:51.523000+00:00,dr03,sg15,Interface TX,16384,0,1,In use,obt-collector1,4,0/1/CPU0,4,16,0

2020-02-02 20:36:13.086000+00:00,dr03,sg15,Interface TX,16384,0,1,In use,obt-collector1,4,0/0/CPU0,0,16,0

2020-02-02 20:36:13.087000+00:00,dr03,sg15,Interface TX,16384,0,1,In use,obt-collector1,4,0/0/CPU0,5,16,0

2020-02-02 20:36:13.087000+00:00,dr03,sg15,Interface TX,16384,0,1,In use,obt-collector1,4,0/0/CPU0,2,16,0

2020-02-02 20:36:13.087000+00:00,dr03,sg15,Interface TX,16384,0,1,In use,obt-collector1,4,0/0/CPU0,1,16,0

2020-02-02 20:36:13.087000+00:00,dr03,sg15,Interface TX,16384,0,1,In use,obt-collector1,4,0/0/CPU0,4,16,0

2020-02-02 20:36:13.087000+00:00,dr03,sg15,Interface TX,16384,0,1,In use,obt-collector1,4,0/0/CPU0,3,16,0

2020-02-02 20:36:13.090000+00:00,dr03,sg15,Interface TX,16384,0,1,In use,obt-collector1,4,0/1/CPU0,2,16,0

2020-02-02 20:36:13.090000+00:00,dr03,sg15,Interface TX,16384,0,1,In use,obt-collector1,4,0/1/CPU0,4,16,0

2020-02-02 20:36:13.090000+00:00,dr03,sg15,Interface TX,16384,0,1,In use,obt-collector1,4,0/1/CPU0,5,16,0

2020-02-02 20:36:13.090000+00:00,dr03,sg15,Interface TX,16384,0,1,In use,obt-collector1,4,0/1/CPU0,0,16,0

2020-02-02 20:36:13.090000+00:00,dr03,sg15,Interface TX,16384,0,1,In use,obt-collector1,4,0/1/CPU0,1,16,0

2020-02-02 20:36:13.090000+00:00,dr03,sg15,Interface TX,16384,0,1,In use,obt-collector1,4,0/1/CPU0,3,16,0

2020-02-02 20:36:34.140000+00:00,dr03,sg15,Interface TX,16384,0,1,In use,obt-collector1,4,0/0/CPU0,0,16,0

2020-02-02 20:36:34.140000+00:00,dr03,sg15,Interface TX,16384,0,1,In use,obt-collector1,4,0/0/CPU0,1,16,0

2020-02-02 20:36:34.140000+00:00,dr03,sg15,Interface TX,16384,0,1,In use,obt-collector1,4,0/0/CPU0,2,16,0

2020-02-02 20:36:34.141000+00:00,dr03,sg15,Interface TX,16384,0,1,In use,obt-collector1,4,0/0/CPU0,4,16,0

2020-02-02 20:36:34.141000+00:00,dr03,sg15,Interface TX,16384,0,1,In use,obt-collector1,4,0/0/CPU0,3,16,0

2020-02-02 20:36:34.141000+00:00,dr03,sg15,Interface TX,16384,0,1,In use,obt-collector1,4,0/0/CPU0,5,16,0

2020-02-02 20:36:34.146000+00:00,dr03,sg15,Interface TX,16384,0,1,In use,obt-collector1,4,0/1/CPU0,1,16,0

2020-02-02 20:36:34.146000+00:00,dr03,sg15,Interface TX,16384,0,1,In use,obt-collector1,4,0/1/CPU0,2,16,0

2020-02-02 20:36:34.146000+00:00,dr03,sg15,Interface TX,16384,0,1,In use,obt-collector1,4,0/1/CPU0,3,16,0

2020-02-02 20:36:34.146000+00:00,dr03,sg15,Interface TX,16384,0,1,In use,obt-collector1,4,0/1/CPU0,0,16,0

2020-02-02 20:36:34.146000+00:00,dr03,sg15,Interface TX,16384,0,1,In use,obt-collector1,4,0/1/CPU0,4,16,0

2020-02-02 20:36:34.146000+00:00,dr03,sg15,Interface TX,16384,0,1,In use,obt-collector1,4,0/1/CPU0,5,16,0

2020-02-02 20:36:55.250000+00:00,dr03,sg15,Interface TX,16384,0,1,In use,obt-collector1,4,0/0/CPU0,3,16,0

2020-02-02 20:36:55.250000+00:00,dr03,sg15,Interface TX,16384,0,1,In use,obt-collector1,4,0/0/CPU0,0,16,0

2020-02-02 20:36:55.250000+00:00,dr03,sg15,Interface TX,16384,0,1,In use,obt-collector1,4,0/0/CPU0,4,16,0

2020-02-02 20:36:55.250000+00:00,dr03,sg15,Interface TX,16384,0,1,In use,obt-collector1,4,0/0/CPU0,5,16,0

2020-02-02 20:36:55.250000+00:00,dr03,sg15,Interface TX,16384,0,1,In use,obt-collector1,4,0/0/CPU0,2,16,0

2020-02-02 20:36:55.250000+00:00,dr03,sg15,Interface TX,16384,0,1,In use,obt-collector1,4,0/0/CPU0,1,16,0

2020-02-02 20:36:55.253000+00:00,dr03,sg15,Interface TX,16384,0,1,In use,obt-collector1,4,0/1/CPU0,5,16,0

2020-02-02 20:36:55.253000+00:00,dr03,sg15,Interface TX,16384,0,1,In use,obt-collector1,4,0/1/CPU0,1,16,0

2020-02-02 20:36:55.253000+00:00,dr03,sg15,Interface TX,16384,0,1,In use,obt-collector1,4,0/1/CPU0,4,16,0

2020-02-02 20:36:55.253000+00:00,dr03,sg15,Interface TX,16384,0,1,In use,obt-collector1,4,0/1/CPU0,0,16,0

2020-02-02 20:36:55.253000+00:00,dr03,sg15,Interface TX,16384,0,1,In use,obt-collector1,4,0/1/CPU0,2,16,0

2020-02-02 20:36:55.253000+00:00,dr03,sg15,Interface TX,16384,0,1,In use,obt-collector1,4,0/1/CPU0,3,16,0

2020-02-02 20:37:16.669000+00:00,dr03,sg15,Interface TX,16384,0,1,In use,obt-collector1,4,0/0/CPU0,1,16,0

2020-02-02 20:37:16.669000+00:00,dr03,sg15,Interface TX,16384,0,1,In use,obt-collector1,4,0/0/CPU0,5,16,0

2020-02-02 20:37:16.669000+00:00,dr03,sg15,Interface TX,16384,0,1,In use,obt-collector1,4,0/0/CPU0,2,16,0

2020-02-02 20:37:16.669000+00:00,dr03,sg15,Interface TX,16384,0,1,In use,obt-collector1,4,0/0/CPU0,4,16,0

2020-02-02 20:37:16.669000+00:00,dr03,sg15,Interface TX,16384,0,1,In use,obt-collector1,4,0/0/CPU0,3,16,0

2020-02-02 20:37:16.669000+00:00,dr03,sg15,Interface TX,16384,0,1,In use,obt-collector1,4,0/0/CPU0,0,16,0

2020-02-02 20:37:16.672000+00:00,dr03,sg15,Interface TX,16384,0,1,In use,obt-collector1,4,0/1/CPU0,0,16,0

2020-02-02 20:37:16.672000+00:00,dr03,sg15,Interface TX,16384,0,1,In use,obt-collector1,4,0/1/CPU0,1,16,0

2020-02-02 20:37:16.673000+00:00,dr03,sg15,Interface TX,16384,0,1,In use,obt-collector1,4,0/1/CPU0,3,16,0

2020-02-02 20:37:16.673000+00:00,dr03,sg15,Interface TX,16384,0,1,In use,obt-collector1,4,0/1/CPU0,5,16,0

2020-02-02 20:37:16.673000+00:00,dr03,sg15,Interface TX,16384,0,1,In use,obt-collector1,4,0/1/CPU0,2,16,0

2020-02-02 20:37:16.673000+00:00,dr03,sg15,Interface TX,16384,0,1,In use,obt-collector1,4,0/1/CPU0,4,16,0

2020-02-02 20:37:37.742000+00:00,dr03,sg15,Interface TX,16384,0,1,In use,obt-collector1,4,0/0/CPU0,4,16,0

2020-02-02 20:37:37.742000+00:00,dr03,sg15,Interface TX,16384,0,1,In use,obt-collector1,4,0/0/CPU0,2,16,0

2020-02-02 20:37:37.742000+00:00,dr03,sg15,Interface TX,16384,0,1,In use,obt-collector1,4,0/0/CPU0,1,16,0

2020-02-02 20:37:37.742000+00:00,dr03,sg15,Interface TX,16384,0,1,In use,obt-collector1,4,0/0/CPU0,5,16,0

2020-02-02 20:37:37.742000+00:00,dr03,sg15,Interface TX,16384,0,1,In use,obt-collector1,4,0/0/CPU0,3,16,0

2020-02-02 20:37:37.742000+00:00,dr03,sg15,Interface TX,16384,0,1,In use,obt-collector1,4,0/0/CPU0,0,16,0

2020-02-02 20:37:37.745000+00:00,dr03,sg15,Interface TX,16384,0,1,In use,obt-collector1,4,0/1/CPU0,3,16,0

2020-02-02 20:37:37.745000+00:00,dr03,sg15,Interface TX,16384,0,1,In use,obt-collector1,4,0/1/CPU0,1,16,0

2020-02-02 20:37:37.745000+00:00,dr03,sg15,Interface TX,16384,0,1,In use,obt-collector1,4,0/1/CPU0,0,16,0

2020-02-02 20:37:37.745000+00:00,dr03,sg15,Interface TX,16384,0,1,In use,obt-collector1,4,0/1/CPU0,2,16,0

2020-02-02 20:37:37.745000+00:00,dr03,sg15,Interface TX,16384,0,1,In use,obt-collector1,4,0/1/CPU0,4,16,0

2020-02-02 20:37:37.745000+00:00,dr03,sg15,Interface TX,16384,0,1,In use,obt-collector1,4,0/1/CPU0,5,16,0

