,Producer,Target,host,node-name,npu-tcam/npu-id,npu-tcam/tcam-bank/bank-db/db-id,npu-tcam/tcam-bank/bank-db/db-inuse-entries,npu-tcam/tcam-bank/bank-db/db-prefix,npu-tcam/tcam-bank/bank-free-entries,npu-tcam/tcam-bank/bank-id,npu-tcam/tcam-bank/bank-inuse-entries,npu-tcam/tcam-bank/bank-key-size,npu-tcam/tcam-bank/nof-dbs,npu-tcam/tcam-bank/owner,npu-tcam/tcam-banks/bank-dbs/db-id,npu-tcam/tcam-banks/bank-dbs/db-inuse-entries,npu-tcam/tcam-banks/bank-dbs/db-prefix,npu-tcam/tcam-banks/bank-free-entries,npu-tcam/tcam-banks/bank-id,npu-tcam/tcam-banks/bank-inuse-entries,npu-tcam/tcam-banks/bank-key-size,npu-tcam/tcam-banks/nof-dbs,npu-tcam/tcam-banks/owner

2020-02-05 01:51:29.660000+00:00,leaf7,sg14,obt-collector1,0/0/CPU0,3,21,9,EGRESS_L3_QOS_MAP,128,15,0,160b,0,Free,,,,,,,,,

2020-02-05 01:52:10.748000+00:00,leaf7,sg14,obt-collector1,0/0/CPU0,3,21,9,EGRESS_L3_QOS_MAP,128,15,0,160b,0,Free,,,,,,,,,

2020-02-05 01:52:25.180000+00:00,leaf7,sg14,obt-collector1,0/0/CPU0,3,21,9,EGRESS_L3_QOS_MAP,128,15,0,160b,0,Free,,,,,,,,,

2020-02-05 01:52:40.506000+00:00,leaf7,sg14,obt-collector1,0/0/CPU0,3,21,9,EGRESS_L3_QOS_MAP,128,15,0,160b,0,Free,,,,,,,,,

2020-02-05 01:52:54.943000+00:00,leaf7,sg14,obt-collector1,0/0/CPU0,3,21,9,EGRESS_L3_QOS_MAP,128,15,0,160b,0,Free,,,,,,,,,

2020-02-05 01:53:09.904000+00:00,leaf7,sg14,obt-collector1,0/0/CPU0,3,21,9,EGRESS_L3_QOS_MAP,128,15,0,160b,0,Free,,,,,,,,,

2020-02-05 01:53:51.517000+00:00,leaf7,sg14,obt-collector1,0/0/CPU0,3,21,9,EGRESS_L3_QOS_MAP,128,15,0,160b,0,Free,,,,,,,,,

2020-02-05 01:54:06.084000+00:00,leaf7,sg14,obt-collector1,0/0/CPU0,3,21,9,EGRESS_L3_QOS_MAP,128,15,0,160b,0,Free,,,,,,,,,

2020-02-05 01:54:20.750000+00:00,leaf7,sg14,obt-collector1,0/0/CPU0,3,21,9,EGRESS_L3_QOS_MAP,128,15,0,160b,0,Free,,,,,,,,,

2020-02-05 01:54:35.220000+00:00,leaf7,sg14,obt-collector1,0/0/CPU0,3,21,9,EGRESS_L3_QOS_MAP,128,15,0,160b,0,Free,,,,,,,,,

2020-02-05 01:54:50.329000+00:00,leaf7,sg14,obt-collector1,0/0/CPU0,3,21,9,EGRESS_L3_QOS_MAP,128,15,0,160b,0,Free,,,,,,,,,

2020-02-05 01:55:30.743000+00:00,leaf7,sg14,obt-collector1,0/0/CPU0,3,21,9,EGRESS_L3_QOS_MAP,128,15,0,160b,0,Free,,,,,,,,,

2020-02-05 01:55:45.185000+00:00,leaf7,sg14,obt-collector1,0/0/CPU0,3,21,9,EGRESS_L3_QOS_MAP,128,15,0,160b,0,Free,,,,,,,,,

2020-02-05 01:56:00.389000+00:00,leaf7,sg14,obt-collector1,0/0/CPU0,3,21,9,EGRESS_L3_QOS_MAP,128,15,0,160b,0,Free,,,,,,,,,

2020-02-05 01:56:14.816000+00:00,leaf7,sg14,obt-collector1,0/0/CPU0,3,21,9,EGRESS_L3_QOS_MAP,128,15,0,160b,0,Free,,,,,,,,,

2020-02-05 01:56:29.747000+00:00,leaf7,sg14,obt-collector1,0/0/CPU0,3,21,9,EGRESS_L3_QOS_MAP,128,15,0,160b,0,Free,,,,,,,,,

2020-02-05 01:57:10.908000+00:00,leaf7,sg14,obt-collector1,0/0/CPU0,3,21,9,EGRESS_L3_QOS_MAP,128,15,0,160b,0,Free,,,,,,,,,

2020-02-05 01:57:25.341000+00:00,leaf7,sg14,obt-collector1,0/0/CPU0,3,21,9,EGRESS_L3_QOS_MAP,128,15,0,160b,0,Free,,,,,,,,,

2020-02-05 01:57:40.799000+00:00,leaf7,sg14,obt-collector1,0/0/CPU0,3,21,9,EGRESS_L3_QOS_MAP,128,15,0,160b,0,Free,,,,,,,,,

2020-02-05 01:57:55.251000+00:00,leaf7,sg14,obt-collector1,0/0/CPU0,3,21,9,EGRESS_L3_QOS_MAP,128,15,0,160b,0,Free,,,,,,,,,

2020-02-05 01:58:10.361000+00:00,leaf7,sg14,obt-collector1,0/0/CPU0,3,21,9,EGRESS_L3_QOS_MAP,128,15,0,160b,0,Free,,,,,,,,,

2020-02-05 01:58:50.748000+00:00,leaf7,sg14,obt-collector1,0/0/CPU0,3,21,9,EGRESS_L3_QOS_MAP,128,15,0,160b,0,Free,,,,,,,,,

2020-02-05 01:59:05.229000+00:00,leaf7,sg14,obt-collector1,0/0/CPU0,3,21,9,EGRESS_L3_QOS_MAP,128,15,0,160b,0,Free,,,,,,,,,

2020-02-05 01:59:20.439000+00:00,leaf7,sg14,obt-collector1,0/0/CPU0,3,21,9,EGRESS_L3_QOS_MAP,128,15,0,160b,0,Free,,,,,,,,,

2020-02-05 01:59:34.868000+00:00,leaf7,sg14,obt-collector1,0/0/CPU0,3,21,9,EGRESS_L3_QOS_MAP,128,15,0,160b,0,Free,,,,,,,,,

2020-02-05 01:59:49.653000+00:00,leaf7,sg14,obt-collector1,0/0/CPU0,3,21,9,EGRESS_L3_QOS_MAP,128,15,0,160b,0,Free,,,,,,,,,

2020-02-05 02:00:30.864000+00:00,leaf7,sg14,obt-collector1,0/0/CPU0,3,21,9,EGRESS_L3_QOS_MAP,128,15,0,160b,0,Free,,,,,,,,,

2020-02-05 02:00:45.300000+00:00,leaf7,sg14,obt-collector1,0/0/CPU0,3,21,9,EGRESS_L3_QOS_MAP,128,15,0,160b,0,Free,,,,,,,,,

2020-02-05 02:01:00.380000+00:00,leaf7,sg14,obt-collector1,0/0/CPU0,3,21,9,EGRESS_L3_QOS_MAP,128,15,0,160b,0,Free,,,,,,,,,

2020-02-05 02:01:14.948000+00:00,leaf7,sg14,obt-collector1,0/0/CPU0,3,21,9,EGRESS_L3_QOS_MAP,128,15,0,160b,0,Free,,,,,,,,,

2020-02-05 02:01:29.809000+00:00,leaf7,sg14,obt-collector1,0/0/CPU0,3,21,9,EGRESS_L3_QOS_MAP,128,15,0,160b,0,Free,,,,,,,,,

2020-02-05 02:02:10.791000+00:00,leaf7,sg14,obt-collector1,0/0/CPU0,3,21,9,EGRESS_L3_QOS_MAP,128,15,0,160b,0,Free,,,,,,,,,

2020-02-05 02:02:25.287000+00:00,leaf7,sg14,obt-collector1,0/0/CPU0,3,21,9,EGRESS_L3_QOS_MAP,128,15,0,160b,0,Free,,,,,,,,,

2020-02-05 02:02:40.306000+00:00,leaf7,sg14,obt-collector1,0/0/CPU0,3,21,9,EGRESS_L3_QOS_MAP,128,15,0,160b,0,Free,,,,,,,,,

2020-02-05 02:02:54.751000+00:00,leaf7,sg14,obt-collector1,0/0/CPU0,3,21,9,EGRESS_L3_QOS_MAP,128,15,0,160b,0,Free,,,,,,,,,

2020-02-05 02:03:09.665000+00:00,leaf7,sg14,obt-collector1,0/0/CPU0,3,21,9,EGRESS_L3_QOS_MAP,128,15,0,160b,0,Free,,,,,,,,,

2020-02-05 02:03:50.836000+00:00,leaf7,sg14,obt-collector1,0/0/CPU0,3,21,9,EGRESS_L3_QOS_MAP,128,15,0,160b,0,Free,,,,,,,,,

2020-02-05 02:04:05.267000+00:00,leaf7,sg14,obt-collector1,0/0/CPU0,3,21,9,EGRESS_L3_QOS_MAP,128,15,0,160b,0,Free,,,,,,,,,

2020-02-05 02:04:20.380000+00:00,leaf7,sg14,obt-collector1,0/0/CPU0,3,21,9,EGRESS_L3_QOS_MAP,128,15,0,160b,0,Free,,,,,,,,,

2020-02-05 02:04:34.908000+00:00,leaf7,sg14,obt-collector1,0/0/CPU0,3,21,9,EGRESS_L3_QOS_MAP,128,15,0,160b,0,Free,,,,,,,,,

2020-02-05 02:04:49.713000+00:00,leaf7,sg14,obt-collector1,0/0/CPU0,3,21,9,EGRESS_L3_QOS_MAP,128,15,0,160b,0,Free,,,,,,,,,

2020-02-05 02:05:30.767000+00:00,leaf7,sg14,obt-collector1,0/0/CPU0,3,21,9,EGRESS_L3_QOS_MAP,128,15,0,160b,0,Free,,,,,,,,,

2020-02-05 02:05:45.248000+00:00,leaf7,sg14,obt-collector1,0/0/CPU0,3,21,9,EGRESS_L3_QOS_MAP,128,15,0,160b,0,Free,,,,,,,,,

2020-02-05 02:06:00.298000+00:00,leaf7,sg14,obt-collector1,0/0/CPU0,3,21,9,EGRESS_L3_QOS_MAP,128,15,0,160b,0,Free,,,,,,,,,

2020-02-05 02:06:14.731000+00:00,leaf7,sg14,obt-collector1,0/0/CPU0,3,21,9,EGRESS_L3_QOS_MAP,128,15,0,160b,0,Free,,,,,,,,,

2020-02-05 02:06:29.627000+00:00,leaf7,sg14,obt-collector1,0/0/CPU0,3,21,9,EGRESS_L3_QOS_MAP,128,15,0,160b,0,Free,,,,,,,,,

2020-02-05 02:07:10.769000+00:00,leaf7,sg14,obt-collector1,0/0/CPU0,3,21,9,EGRESS_L3_QOS_MAP,128,15,0,160b,0,Free,,,,,,,,,

2020-02-05 02:07:25.251000+00:00,leaf7,sg14,obt-collector1,0/0/CPU0,3,21,9,EGRESS_L3_QOS_MAP,128,15,0,160b,0,Free,,,,,,,,,

2020-02-05 02:07:40.400000+00:00,leaf7,sg14,obt-collector1,0/0/CPU0,3,21,9,EGRESS_L3_QOS_MAP,128,15,0,160b,0,Free,,,,,,,,,

2020-02-05 02:07:54.959000+00:00,leaf7,sg14,obt-collector1,0/0/CPU0,3,21,9,EGRESS_L3_QOS_MAP,128,15,0,160b,0,Free,,,,,,,,,

2020-02-05 02:08:09.796000+00:00,leaf7,sg14,obt-collector1,0/0/CPU0,3,21,9,EGRESS_L3_QOS_MAP,128,15,0,160b,0,Free,,,,,,,,,

2020-02-05 02:08:50.762000+00:00,leaf7,sg14,obt-collector1,0/0/CPU0,3,21,9,EGRESS_L3_QOS_MAP,128,15,0,160b,0,Free,,,,,,,,,

2020-02-05 02:09:05.307000+00:00,leaf7,sg14,obt-collector1,0/0/CPU0,3,21,9,EGRESS_L3_QOS_MAP,128,15,0,160b,0,Free,,,,,,,,,

2020-02-05 02:09:20.329000+00:00,leaf7,sg14,obt-collector1,0/0/CPU0,3,21,9,EGRESS_L3_QOS_MAP,128,15,0,160b,0,Free,,,,,,,,,

2020-02-05 02:09:34.761000+00:00,leaf7,sg14,obt-collector1,0/0/CPU0,3,21,9,EGRESS_L3_QOS_MAP,128,15,0,160b,0,Free,,,,,,,,,

2020-02-05 02:09:49.712000+00:00,leaf7,sg14,obt-collector1,0/0/CPU0,3,21,9,EGRESS_L3_QOS_MAP,128,15,0,160b,0,Free,,,,,,,,,

