,Producer,Target,eoc-received-imdr-time-stamp,eoc-received-slc-time-stamp,eod-received-im-time-stamp,eod-sent-imdr-time-stamp,eod-sent-slc-time-stamp,fis-issu-error-ts,fis-issu-restart,fis-proto-state/aib-eod-time-stamp,fis-proto-state/aibeodafi-timestamp/aibeodafi,fis-proto-state/aibeodafi-timestamp/aibeodrx-timestamp/aib-adjacency-flags,fis-proto-state/aibeodafi-timestamp/aibeodrx-timestamp/aib-register-timestamp,fis-proto-state/aibeodafi-timestamp/aibeodrx-timestamp/aib-type,fis-proto-state/aibeodafi-timestamp/aibeodrx-timestamp/aibeod-timestamp,fis-proto-state/aibeodafi-timestamp/aibeodtx-timestamp/aib-adjacency-flags,fis-proto-state/aibeodafi-timestamp/aibeodtx-timestamp/aib-register-timestamp,fis-proto-state/aibeodafi-timestamp/aibeodtx-timestamp/aib-type,fis-proto-state/aibeodafi-timestamp/aibeodtx-timestamp/aibeod-timestamp,fis-proto-state/bcdl-tables,fis-proto-state/converged-tables,fis-proto-state/lmrib-eod-time-stamp,fis-proto-state/lmrib-eod-valid,fis-proto-state/lsd-eod-time-stamp,fis-proto-state/lsd-eod-valid,fis-proto-state/protocol-eod-time-stamp,fis-proto-state/protocol-eod-valid,fis-proto-state/protocol-name,fis-proto-state/rib-info-valid,fis-proto-state/rib-tables-converged-time-stamp,fis-proto-state/rsi-eod-time-stamp,fis-proto-state/rsi-eod-valid,host,imdr-eoc-implicit,imdr-support,node-name,protocol-name,slc-eoc-implicit,slc-support

2020-02-06 19:05:08.821000+00:00,leaf8,sg4,Not Yet Recorded,Jan  2 18:12:51.874,Jan  2 18:13:21.746,Not Yet Recorded,Not Yet Recorded,0,false,Jan  2 18:13:21.831,,,,,,,,,,0,0,,false,,false,,false,MPLS,false,,,false,obt-collector1,false,false,0/0/CPU0,ipv4,true,false

2020-02-06 19:05:08.828000+00:00,leaf8,sg4,Not Yet Recorded,Jan  2 18:12:51.874,Jan  2 18:13:21.746,Not Yet Recorded,Not Yet Recorded,0,false,Jan  2 18:13:21.831,,,,,,,,,,0,0,,false,,false,,false,MPLS,false,,,false,obt-collector1,false,false,0/0/CPU0,ipv6,true,false

2020-02-06 19:05:08.832000+00:00,leaf8,sg4,Not Yet Recorded,Jan  2 18:12:51.874,Jan  2 18:13:21.746,Not Yet Recorded,Not Yet Recorded,0,false,Jan  2 18:13:21.831,,,,,,,,,,0,0,,false,,false,,false,MPLS,false,,,false,obt-collector1,false,false,0/0/CPU0,mpls,true,false

2020-02-06 19:05:08.837000+00:00,leaf8,sg4,Not Yet Recorded,Feb  3 12:57:20.006,Feb  3 12:57:20.136,Not Yet Recorded,Not Yet Recorded,0,false,Feb  3 12:57:20.165,,,,,,,,,,0,0,,false,,false,,false,MPLS,false,,,false,obt-collector1,false,false,0/RP0/CPU0,ipv4,true,false

2020-02-06 19:05:08.839000+00:00,leaf8,sg4,Not Yet Recorded,Feb  3 12:57:20.006,Feb  3 12:57:20.136,Not Yet Recorded,Not Yet Recorded,0,false,Feb  3 12:57:20.165,,,,,,,,,,0,0,,false,,false,,false,MPLS,false,,,false,obt-collector1,false,false,0/RP0/CPU0,ipv6,true,false

2020-02-06 19:05:08.840000+00:00,leaf8,sg4,Not Yet Recorded,Feb  3 12:57:20.006,Feb  3 12:57:20.136,Not Yet Recorded,Not Yet Recorded,0,false,Feb  3 12:57:20.165,,,,,,,,,,0,0,,false,,false,,false,MPLS,false,,,false,obt-collector1,false,false,0/RP0/CPU0,mpls,true,false

2020-02-06 19:05:51.436000+00:00,leaf8,sg4,Not Yet Recorded,Jan  2 18:12:51.874,Jan  2 18:13:21.746,Not Yet Recorded,Not Yet Recorded,0,false,Jan  2 18:13:21.831,,,,,,,,,,0,0,,false,,false,,false,MPLS,false,,,false,obt-collector1,false,false,0/0/CPU0,ipv4,true,false

2020-02-06 19:05:51.442000+00:00,leaf8,sg4,Not Yet Recorded,Jan  2 18:12:51.874,Jan  2 18:13:21.746,Not Yet Recorded,Not Yet Recorded,0,false,Jan  2 18:13:21.831,,,,,,,,,,0,0,,false,,false,,false,MPLS,false,,,false,obt-collector1,false,false,0/0/CPU0,ipv6,true,false

2020-02-06 19:05:51.446000+00:00,leaf8,sg4,Not Yet Recorded,Jan  2 18:12:51.874,Jan  2 18:13:21.746,Not Yet Recorded,Not Yet Recorded,0,false,Jan  2 18:13:21.831,,,,,,,,,,0,0,,false,,false,,false,MPLS,false,,,false,obt-collector1,false,false,0/0/CPU0,mpls,true,false

2020-02-06 19:05:51.459000+00:00,leaf8,sg4,Not Yet Recorded,Feb  3 12:57:20.006,Feb  3 12:57:20.136,Not Yet Recorded,Not Yet Recorded,0,false,Feb  3 12:57:20.165,,,,,,,,,,0,0,,false,,false,,false,MPLS,false,,,false,obt-collector1,false,false,0/RP0/CPU0,ipv4,true,false

2020-02-06 19:05:51.472000+00:00,leaf8,sg4,Not Yet Recorded,Feb  3 12:57:20.006,Feb  3 12:57:20.136,Not Yet Recorded,Not Yet Recorded,0,false,Feb  3 12:57:20.165,,,,,,,,,,0,0,,false,,false,,false,MPLS,false,,,false,obt-collector1,false,false,0/RP0/CPU0,ipv6,true,false

2020-02-06 19:05:51.479000+00:00,leaf8,sg4,Not Yet Recorded,Feb  3 12:57:20.006,Feb  3 12:57:20.136,Not Yet Recorded,Not Yet Recorded,0,false,Feb  3 12:57:20.165,,,,,,,,,,0,0,,false,,false,,false,MPLS,false,,,false,obt-collector1,false,false,0/RP0/CPU0,mpls,true,false

2020-02-06 19:06:46.971000+00:00,leaf8,sg4,Not Yet Recorded,Jan  2 18:12:51.874,Jan  2 18:13:21.746,Not Yet Recorded,Not Yet Recorded,0,false,Jan  2 18:13:21.831,,,,,,,,,,0,0,,false,,false,,false,MPLS,false,,,false,obt-collector1,false,false,0/0/CPU0,ipv4,true,false

2020-02-06 19:06:46.973000+00:00,leaf8,sg4,Not Yet Recorded,Jan  2 18:12:51.874,Jan  2 18:13:21.746,Not Yet Recorded,Not Yet Recorded,0,false,Jan  2 18:13:21.831,,,,,,,,,,0,0,,false,,false,,false,MPLS,false,,,false,obt-collector1,false,false,0/0/CPU0,ipv6,true,false

2020-02-06 19:06:47.006000+00:00,leaf8,sg4,Not Yet Recorded,Jan  2 18:12:51.874,Jan  2 18:13:21.746,Not Yet Recorded,Not Yet Recorded,0,false,Jan  2 18:13:21.831,,,,,,,,,,0,0,,false,,false,,false,MPLS,false,,,false,obt-collector1,false,false,0/0/CPU0,mpls,true,false

2020-02-06 19:06:47.043000+00:00,leaf8,sg4,Not Yet Recorded,Feb  3 12:57:20.006,Feb  3 12:57:20.136,Not Yet Recorded,Not Yet Recorded,0,false,Feb  3 12:57:20.165,,,,,,,,,,0,0,,false,,false,,false,MPLS,false,,,false,obt-collector1,false,false,0/RP0/CPU0,ipv4,true,false

2020-02-06 19:06:47.045000+00:00,leaf8,sg4,Not Yet Recorded,Feb  3 12:57:20.006,Feb  3 12:57:20.136,Not Yet Recorded,Not Yet Recorded,0,false,Feb  3 12:57:20.165,,,,,,,,,,0,0,,false,,false,,false,MPLS,false,,,false,obt-collector1,false,false,0/RP0/CPU0,ipv6,true,false

2020-02-06 19:06:47.050000+00:00,leaf8,sg4,Not Yet Recorded,Feb  3 12:57:20.006,Feb  3 12:57:20.136,Not Yet Recorded,Not Yet Recorded,0,false,Feb  3 12:57:20.165,,,,,,,,,,0,0,,false,,false,,false,MPLS,false,,,false,obt-collector1,false,false,0/RP0/CPU0,mpls,true,false

2020-02-06 19:07:01.670000+00:00,leaf8,sg4,Not Yet Recorded,Jan  2 18:12:51.874,Jan  2 18:13:21.746,Not Yet Recorded,Not Yet Recorded,0,false,Jan  2 18:13:21.831,,,,,,,,,,0,0,,false,,false,,false,MPLS,false,,,false,obt-collector1,false,false,0/0/CPU0,ipv4,true,false

2020-02-06 19:07:01.672000+00:00,leaf8,sg4,Not Yet Recorded,Jan  2 18:12:51.874,Jan  2 18:13:21.746,Not Yet Recorded,Not Yet Recorded,0,false,Jan  2 18:13:21.831,,,,,,,,,,0,0,,false,,false,,false,MPLS,false,,,false,obt-collector1,false,false,0/0/CPU0,ipv6,true,false

2020-02-06 19:07:01.675000+00:00,leaf8,sg4,Not Yet Recorded,Jan  2 18:12:51.874,Jan  2 18:13:21.746,Not Yet Recorded,Not Yet Recorded,0,false,Jan  2 18:13:21.831,,,,,,,,,,0,0,,false,,false,,false,MPLS,false,,,false,obt-collector1,false,false,0/0/CPU0,mpls,true,false

2020-02-06 19:07:01.683000+00:00,leaf8,sg4,Not Yet Recorded,Feb  3 12:57:20.006,Feb  3 12:57:20.136,Not Yet Recorded,Not Yet Recorded,0,false,Feb  3 12:57:20.165,,,,,,,,,,0,0,,false,,false,,false,MPLS,false,,,false,obt-collector1,false,false,0/RP0/CPU0,ipv4,true,false

2020-02-06 19:07:01.684000+00:00,leaf8,sg4,Not Yet Recorded,Feb  3 12:57:20.006,Feb  3 12:57:20.136,Not Yet Recorded,Not Yet Recorded,0,false,Feb  3 12:57:20.165,,,,,,,,,,0,0,,false,,false,,false,MPLS,false,,,false,obt-collector1,false,false,0/RP0/CPU0,ipv6,true,false

2020-02-06 19:07:01.686000+00:00,leaf8,sg4,Not Yet Recorded,Feb  3 12:57:20.006,Feb  3 12:57:20.136,Not Yet Recorded,Not Yet Recorded,0,false,Feb  3 12:57:20.165,,,,,,,,,,0,0,,false,,false,,false,MPLS,false,,,false,obt-collector1,false,false,0/RP0/CPU0,mpls,true,false

2020-02-06 19:07:29.657000+00:00,leaf8,sg4,Not Yet Recorded,Feb  3 12:57:20.006,Feb  3 12:57:20.136,Not Yet Recorded,Not Yet Recorded,0,false,Feb  3 12:57:20.165,,,,,,,,,,0,0,,false,,false,,false,MPLS,false,,,false,obt-collector1,false,false,0/RP0/CPU0,ipv4,true,false

2020-02-06 19:07:29.658000+00:00,leaf8,sg4,Not Yet Recorded,Feb  3 12:57:20.006,Feb  3 12:57:20.136,Not Yet Recorded,Not Yet Recorded,0,false,Feb  3 12:57:20.165,,,,,,,,,,0,0,,false,,false,,false,MPLS,false,,,false,obt-collector1,false,false,0/RP0/CPU0,ipv6,true,false

2020-02-06 19:07:29.662000+00:00,leaf8,sg4,Not Yet Recorded,Feb  3 12:57:20.006,Feb  3 12:57:20.136,Not Yet Recorded,Not Yet Recorded,0,false,Feb  3 12:57:20.165,,,,,,,,,,0,0,,false,,false,,false,MPLS,false,,,false,obt-collector1,false,false,0/RP0/CPU0,mpls,true,false

2020-02-06 19:07:57.351000+00:00,leaf8,sg4,Not Yet Recorded,Jan  2 18:12:51.874,Jan  2 18:13:21.746,Not Yet Recorded,Not Yet Recorded,0,false,Jan  2 18:13:21.831,,,,,,,,,,0,0,,false,,false,,false,MPLS,false,,,false,obt-collector1,false,false,0/0/CPU0,ipv4,true,false

2020-02-06 19:07:57.353000+00:00,leaf8,sg4,Not Yet Recorded,Jan  2 18:12:51.874,Jan  2 18:13:21.746,Not Yet Recorded,Not Yet Recorded,0,false,Jan  2 18:13:21.831,,,,,,,,,,0,0,,false,,false,,false,MPLS,false,,,false,obt-collector1,false,false,0/0/CPU0,ipv6,true,false

2020-02-06 19:07:57.354000+00:00,leaf8,sg4,Not Yet Recorded,Jan  2 18:12:51.874,Jan  2 18:13:21.746,Not Yet Recorded,Not Yet Recorded,0,false,Jan  2 18:13:21.831,,,,,,,,,,0,0,,false,,false,,false,MPLS,false,,,false,obt-collector1,false,false,0/0/CPU0,mpls,true,false

2020-02-06 19:07:57.358000+00:00,leaf8,sg4,Not Yet Recorded,Feb  3 12:57:20.006,Feb  3 12:57:20.136,Not Yet Recorded,Not Yet Recorded,0,false,Feb  3 12:57:20.165,,,,,,,,,,0,0,,false,,false,,false,MPLS,false,,,false,obt-collector1,false,false,0/RP0/CPU0,ipv4,true,false

2020-02-06 19:07:57.359000+00:00,leaf8,sg4,Not Yet Recorded,Feb  3 12:57:20.006,Feb  3 12:57:20.136,Not Yet Recorded,Not Yet Recorded,0,false,Feb  3 12:57:20.165,,,,,,,,,,0,0,,false,,false,,false,MPLS,false,,,false,obt-collector1,false,false,0/RP0/CPU0,ipv6,true,false

2020-02-06 19:07:57.360000+00:00,leaf8,sg4,Not Yet Recorded,Feb  3 12:57:20.006,Feb  3 12:57:20.136,Not Yet Recorded,Not Yet Recorded,0,false,Feb  3 12:57:20.165,,,,,,,,,,0,0,,false,,false,,false,MPLS,false,,,false,obt-collector1,false,false,0/RP0/CPU0,mpls,true,false

2020-02-06 19:08:25.780000+00:00,leaf8,sg4,Not Yet Recorded,Jan  2 18:12:51.874,Jan  2 18:13:21.746,Not Yet Recorded,Not Yet Recorded,0,false,Jan  2 18:13:21.831,,,,,,,,,,0,0,,false,,false,,false,MPLS,false,,,false,obt-collector1,false,false,0/0/CPU0,ipv4,true,false

2020-02-06 19:08:25.782000+00:00,leaf8,sg4,Not Yet Recorded,Jan  2 18:12:51.874,Jan  2 18:13:21.746,Not Yet Recorded,Not Yet Recorded,0,false,Jan  2 18:13:21.831,,,,,,,,,,0,0,,false,,false,,false,MPLS,false,,,false,obt-collector1,false,false,0/0/CPU0,ipv6,true,false

2020-02-06 19:08:25.785000+00:00,leaf8,sg4,Not Yet Recorded,Jan  2 18:12:51.874,Jan  2 18:13:21.746,Not Yet Recorded,Not Yet Recorded,0,false,Jan  2 18:13:21.831,,,,,,,,,,0,0,,false,,false,,false,MPLS,false,,,false,obt-collector1,false,false,0/0/CPU0,mpls,true,false

2020-02-06 19:08:25.788000+00:00,leaf8,sg4,Not Yet Recorded,Feb  3 12:57:20.006,Feb  3 12:57:20.136,Not Yet Recorded,Not Yet Recorded,0,false,Feb  3 12:57:20.165,,,,,,,,,,0,0,,false,,false,,false,MPLS,false,,,false,obt-collector1,false,false,0/RP0/CPU0,ipv4,true,false

2020-02-06 19:08:25.791000+00:00,leaf8,sg4,Not Yet Recorded,Feb  3 12:57:20.006,Feb  3 12:57:20.136,Not Yet Recorded,Not Yet Recorded,0,false,Feb  3 12:57:20.165,,,,,,,,,,0,0,,false,,false,,false,MPLS,false,,,false,obt-collector1,false,false,0/RP0/CPU0,ipv6,true,false

2020-02-06 19:08:25.793000+00:00,leaf8,sg4,Not Yet Recorded,Feb  3 12:57:20.006,Feb  3 12:57:20.136,Not Yet Recorded,Not Yet Recorded,0,false,Feb  3 12:57:20.165,,,,,,,,,,0,0,,false,,false,,false,MPLS,false,,,false,obt-collector1,false,false,0/RP0/CPU0,mpls,true,false

2020-02-06 19:12:11.856000+00:00,leaf8,sg4,Not Yet Recorded,Jan  2 18:12:51.874,Jan  2 18:13:21.746,Not Yet Recorded,Not Yet Recorded,0,false,Jan  2 18:13:21.831,,,,,,,,,,0,0,,false,,false,,false,MPLS,false,,,false,obt-collector1,false,false,0/0/CPU0,ipv4,true,false

2020-02-06 19:12:11.857000+00:00,leaf8,sg4,Not Yet Recorded,Jan  2 18:12:51.874,Jan  2 18:13:21.746,Not Yet Recorded,Not Yet Recorded,0,false,Jan  2 18:13:21.831,,,,,,,,,,0,0,,false,,false,,false,MPLS,false,,,false,obt-collector1,false,false,0/0/CPU0,ipv6,true,false

2020-02-06 19:12:11.859000+00:00,leaf8,sg4,Not Yet Recorded,Jan  2 18:12:51.874,Jan  2 18:13:21.746,Not Yet Recorded,Not Yet Recorded,0,false,Jan  2 18:13:21.831,,,,,,,,,,0,0,,false,,false,,false,MPLS,false,,,false,obt-collector1,false,false,0/0/CPU0,mpls,true,false

2020-02-06 19:12:11.862000+00:00,leaf8,sg4,Not Yet Recorded,Feb  3 12:57:20.006,Feb  3 12:57:20.136,Not Yet Recorded,Not Yet Recorded,0,false,Feb  3 12:57:20.165,,,,,,,,,,0,0,,false,,false,,false,MPLS,false,,,false,obt-collector1,false,false,0/RP0/CPU0,ipv4,true,false

2020-02-06 19:12:11.863000+00:00,leaf8,sg4,Not Yet Recorded,Feb  3 12:57:20.006,Feb  3 12:57:20.136,Not Yet Recorded,Not Yet Recorded,0,false,Feb  3 12:57:20.165,,,,,,,,,,0,0,,false,,false,,false,MPLS,false,,,false,obt-collector1,false,false,0/RP0/CPU0,ipv6,true,false

2020-02-06 19:12:11.865000+00:00,leaf8,sg4,Not Yet Recorded,Feb  3 12:57:20.006,Feb  3 12:57:20.136,Not Yet Recorded,Not Yet Recorded,0,false,Feb  3 12:57:20.165,,,,,,,,,,0,0,,false,,false,,false,MPLS,false,,,false,obt-collector1,false,false,0/RP0/CPU0,mpls,true,false

2020-02-06 19:12:26.303000+00:00,leaf8,sg4,Not Yet Recorded,Jan  2 18:12:51.874,Jan  2 18:13:21.746,Not Yet Recorded,Not Yet Recorded,0,false,Jan  2 18:13:21.831,,,,,,,,,,0,0,,false,,false,,false,MPLS,false,,,false,obt-collector1,false,false,0/0/CPU0,ipv4,true,false

2020-02-06 19:12:26.305000+00:00,leaf8,sg4,Not Yet Recorded,Jan  2 18:12:51.874,Jan  2 18:13:21.746,Not Yet Recorded,Not Yet Recorded,0,false,Jan  2 18:13:21.831,,,,,,,,,,0,0,,false,,false,,false,MPLS,false,,,false,obt-collector1,false,false,0/0/CPU0,ipv6,true,false

2020-02-06 19:12:26.307000+00:00,leaf8,sg4,Not Yet Recorded,Jan  2 18:12:51.874,Jan  2 18:13:21.746,Not Yet Recorded,Not Yet Recorded,0,false,Jan  2 18:13:21.831,,,,,,,,,,0,0,,false,,false,,false,MPLS,false,,,false,obt-collector1,false,false,0/0/CPU0,mpls,true,false

2020-02-06 19:12:26.312000+00:00,leaf8,sg4,Not Yet Recorded,Feb  3 12:57:20.006,Feb  3 12:57:20.136,Not Yet Recorded,Not Yet Recorded,0,false,Feb  3 12:57:20.165,,,,,,,,,,0,0,,false,,false,,false,MPLS,false,,,false,obt-collector1,false,false,0/RP0/CPU0,ipv4,true,false

2020-02-06 19:12:26.313000+00:00,leaf8,sg4,Not Yet Recorded,Feb  3 12:57:20.006,Feb  3 12:57:20.136,Not Yet Recorded,Not Yet Recorded,0,false,Feb  3 12:57:20.165,,,,,,,,,,0,0,,false,,false,,false,MPLS,false,,,false,obt-collector1,false,false,0/RP0/CPU0,ipv6,true,false

2020-02-06 19:12:26.316000+00:00,leaf8,sg4,Not Yet Recorded,Feb  3 12:57:20.006,Feb  3 12:57:20.136,Not Yet Recorded,Not Yet Recorded,0,false,Feb  3 12:57:20.165,,,,,,,,,,0,0,,false,,false,,false,MPLS,false,,,false,obt-collector1,false,false,0/RP0/CPU0,mpls,true,false

2020-02-06 19:14:18.403000+00:00,leaf8,sg4,Not Yet Recorded,Jan  2 18:12:51.874,Jan  2 18:13:21.746,Not Yet Recorded,Not Yet Recorded,0,false,Jan  2 18:13:21.831,,,,,,,,,,0,0,,false,,false,,false,MPLS,false,,,false,obt-collector1,false,false,0/0/CPU0,ipv4,true,false

2020-02-06 19:14:18.405000+00:00,leaf8,sg4,Not Yet Recorded,Jan  2 18:12:51.874,Jan  2 18:13:21.746,Not Yet Recorded,Not Yet Recorded,0,false,Jan  2 18:13:21.831,,,,,,,,,,0,0,,false,,false,,false,MPLS,false,,,false,obt-collector1,false,false,0/0/CPU0,ipv6,true,false

2020-02-06 19:14:18.407000+00:00,leaf8,sg4,Not Yet Recorded,Jan  2 18:12:51.874,Jan  2 18:13:21.746,Not Yet Recorded,Not Yet Recorded,0,false,Jan  2 18:13:21.831,,,,,,,,,,0,0,,false,,false,,false,MPLS,false,,,false,obt-collector1,false,false,0/0/CPU0,mpls,true,false

2020-02-06 19:14:18.411000+00:00,leaf8,sg4,Not Yet Recorded,Feb  3 12:57:20.006,Feb  3 12:57:20.136,Not Yet Recorded,Not Yet Recorded,0,false,Feb  3 12:57:20.165,,,,,,,,,,0,0,,false,,false,,false,MPLS,false,,,false,obt-collector1,false,false,0/RP0/CPU0,ipv4,true,false

2020-02-06 19:14:18.412000+00:00,leaf8,sg4,Not Yet Recorded,Feb  3 12:57:20.006,Feb  3 12:57:20.136,Not Yet Recorded,Not Yet Recorded,0,false,Feb  3 12:57:20.165,,,,,,,,,,0,0,,false,,false,,false,MPLS,false,,,false,obt-collector1,false,false,0/RP0/CPU0,ipv6,true,false

2020-02-06 19:14:18.414000+00:00,leaf8,sg4,Not Yet Recorded,Feb  3 12:57:20.006,Feb  3 12:57:20.136,Not Yet Recorded,Not Yet Recorded,0,false,Feb  3 12:57:20.165,,,,,,,,,,0,0,,false,,false,,false,MPLS,false,,,false,obt-collector1,false,false,0/RP0/CPU0,mpls,true,false

2020-02-06 19:14:32.130000+00:00,leaf8,sg4,Not Yet Recorded,Jan  2 18:12:51.874,Jan  2 18:13:21.746,Not Yet Recorded,Not Yet Recorded,0,false,Jan  2 18:13:21.831,,,,,,,,,,0,0,,false,,false,,false,MPLS,false,,,false,obt-collector1,false,false,0/0/CPU0,ipv4,true,false

2020-02-06 19:14:32.132000+00:00,leaf8,sg4,Not Yet Recorded,Jan  2 18:12:51.874,Jan  2 18:13:21.746,Not Yet Recorded,Not Yet Recorded,0,false,Jan  2 18:13:21.831,,,,,,,,,,0,0,,false,,false,,false,MPLS,false,,,false,obt-collector1,false,false,0/0/CPU0,ipv6,true,false

2020-02-06 19:14:32.134000+00:00,leaf8,sg4,Not Yet Recorded,Jan  2 18:12:51.874,Jan  2 18:13:21.746,Not Yet Recorded,Not Yet Recorded,0,false,Jan  2 18:13:21.831,,,,,,,,,,0,0,,false,,false,,false,MPLS,false,,,false,obt-collector1,false,false,0/0/CPU0,mpls,true,false

2020-02-06 19:14:32.139000+00:00,leaf8,sg4,Not Yet Recorded,Feb  3 12:57:20.006,Feb  3 12:57:20.136,Not Yet Recorded,Not Yet Recorded,0,false,Feb  3 12:57:20.165,,,,,,,,,,0,0,,false,,false,,false,MPLS,false,,,false,obt-collector1,false,false,0/RP0/CPU0,ipv4,true,false

2020-02-06 19:14:32.141000+00:00,leaf8,sg4,Not Yet Recorded,Feb  3 12:57:20.006,Feb  3 12:57:20.136,Not Yet Recorded,Not Yet Recorded,0,false,Feb  3 12:57:20.165,,,,,,,,,,0,0,,false,,false,,false,MPLS,false,,,false,obt-collector1,false,false,0/RP0/CPU0,ipv6,true,false

2020-02-06 19:14:32.143000+00:00,leaf8,sg4,Not Yet Recorded,Feb  3 12:57:20.006,Feb  3 12:57:20.136,Not Yet Recorded,Not Yet Recorded,0,false,Feb  3 12:57:20.165,,,,,,,,,,0,0,,false,,false,,false,MPLS,false,,,false,obt-collector1,false,false,0/RP0/CPU0,mpls,true,false

2020-02-06 19:16:09.753000+00:00,leaf8,sg4,Not Yet Recorded,Jan  2 18:12:51.874,Jan  2 18:13:21.746,Not Yet Recorded,Not Yet Recorded,0,false,Jan  2 18:13:21.831,,,,,,,,,,0,0,,false,,false,,false,MPLS,false,,,false,obt-collector1,false,false,0/0/CPU0,ipv4,true,false

2020-02-06 19:16:09.755000+00:00,leaf8,sg4,Not Yet Recorded,Jan  2 18:12:51.874,Jan  2 18:13:21.746,Not Yet Recorded,Not Yet Recorded,0,false,Jan  2 18:13:21.831,,,,,,,,,,0,0,,false,,false,,false,MPLS,false,,,false,obt-collector1,false,false,0/0/CPU0,ipv6,true,false

2020-02-06 19:16:09.760000+00:00,leaf8,sg4,Not Yet Recorded,Jan  2 18:12:51.874,Jan  2 18:13:21.746,Not Yet Recorded,Not Yet Recorded,0,false,Jan  2 18:13:21.831,,,,,,,,,,0,0,,false,,false,,false,MPLS,false,,,false,obt-collector1,false,false,0/0/CPU0,mpls,true,false

2020-02-06 19:16:09.765000+00:00,leaf8,sg4,Not Yet Recorded,Feb  3 12:57:20.006,Feb  3 12:57:20.136,Not Yet Recorded,Not Yet Recorded,0,false,Feb  3 12:57:20.165,,,,,,,,,,0,0,,false,,false,,false,MPLS,false,,,false,obt-collector1,false,false,0/RP0/CPU0,ipv4,true,false

2020-02-06 19:16:09.769000+00:00,leaf8,sg4,Not Yet Recorded,Feb  3 12:57:20.006,Feb  3 12:57:20.136,Not Yet Recorded,Not Yet Recorded,0,false,Feb  3 12:57:20.165,,,,,,,,,,0,0,,false,,false,,false,MPLS,false,,,false,obt-collector1,false,false,0/RP0/CPU0,ipv6,true,false

2020-02-06 19:16:09.774000+00:00,leaf8,sg4,Not Yet Recorded,Feb  3 12:57:20.006,Feb  3 12:57:20.136,Not Yet Recorded,Not Yet Recorded,0,false,Feb  3 12:57:20.165,,,,,,,,,,0,0,,false,,false,,false,MPLS,false,,,false,obt-collector1,false,false,0/RP0/CPU0,mpls,true,false

2020-02-06 19:16:50.943000+00:00,leaf8,sg4,Not Yet Recorded,Jan  2 18:12:51.874,Jan  2 18:13:21.746,Not Yet Recorded,Not Yet Recorded,0,false,Jan  2 18:13:21.831,,,,,,,,,,0,0,,false,,false,,false,MPLS,false,,,false,obt-collector1,false,false,0/0/CPU0,ipv4,true,false

2020-02-06 19:16:50.946000+00:00,leaf8,sg4,Not Yet Recorded,Jan  2 18:12:51.874,Jan  2 18:13:21.746,Not Yet Recorded,Not Yet Recorded,0,false,Jan  2 18:13:21.831,,,,,,,,,,0,0,,false,,false,,false,MPLS,false,,,false,obt-collector1,false,false,0/0/CPU0,ipv6,true,false

2020-02-06 19:16:50.947000+00:00,leaf8,sg4,Not Yet Recorded,Jan  2 18:12:51.874,Jan  2 18:13:21.746,Not Yet Recorded,Not Yet Recorded,0,false,Jan  2 18:13:21.831,,,,,,,,,,0,0,,false,,false,,false,MPLS,false,,,false,obt-collector1,false,false,0/0/CPU0,mpls,true,false

2020-02-06 19:16:50.951000+00:00,leaf8,sg4,Not Yet Recorded,Feb  3 12:57:20.006,Feb  3 12:57:20.136,Not Yet Recorded,Not Yet Recorded,0,false,Feb  3 12:57:20.165,,,,,,,,,,0,0,,false,,false,,false,MPLS,false,,,false,obt-collector1,false,false,0/RP0/CPU0,ipv4,true,false

2020-02-06 19:16:50.953000+00:00,leaf8,sg4,Not Yet Recorded,Feb  3 12:57:20.006,Feb  3 12:57:20.136,Not Yet Recorded,Not Yet Recorded,0,false,Feb  3 12:57:20.165,,,,,,,,,,0,0,,false,,false,,false,MPLS,false,,,false,obt-collector1,false,false,0/RP0/CPU0,ipv6,true,false

2020-02-06 19:16:50.954000+00:00,leaf8,sg4,Not Yet Recorded,Feb  3 12:57:20.006,Feb  3 12:57:20.136,Not Yet Recorded,Not Yet Recorded,0,false,Feb  3 12:57:20.165,,,,,,,,,,0,0,,false,,false,,false,MPLS,false,,,false,obt-collector1,false,false,0/RP0/CPU0,mpls,true,false

2020-02-06 19:17:19.024000+00:00,leaf8,sg4,Not Yet Recorded,Jan  2 18:12:51.874,Jan  2 18:13:21.746,Not Yet Recorded,Not Yet Recorded,0,false,Jan  2 18:13:21.831,,,,,,,,,,0,0,,false,,false,,false,MPLS,false,,,false,obt-collector1,false,false,0/0/CPU0,ipv4,true,false

2020-02-06 19:17:19.031000+00:00,leaf8,sg4,Not Yet Recorded,Jan  2 18:12:51.874,Jan  2 18:13:21.746,Not Yet Recorded,Not Yet Recorded,0,false,Jan  2 18:13:21.831,,,,,,,,,,0,0,,false,,false,,false,MPLS,false,,,false,obt-collector1,false,false,0/0/CPU0,ipv6,true,false

2020-02-06 19:17:19.033000+00:00,leaf8,sg4,Not Yet Recorded,Jan  2 18:12:51.874,Jan  2 18:13:21.746,Not Yet Recorded,Not Yet Recorded,0,false,Jan  2 18:13:21.831,,,,,,,,,,0,0,,false,,false,,false,MPLS,false,,,false,obt-collector1,false,false,0/0/CPU0,mpls,true,false

2020-02-06 19:17:19.038000+00:00,leaf8,sg4,Not Yet Recorded,Feb  3 12:57:20.006,Feb  3 12:57:20.136,Not Yet Recorded,Not Yet Recorded,0,false,Feb  3 12:57:20.165,,,,,,,,,,0,0,,false,,false,,false,MPLS,false,,,false,obt-collector1,false,false,0/RP0/CPU0,ipv4,true,false

2020-02-06 19:17:19.040000+00:00,leaf8,sg4,Not Yet Recorded,Feb  3 12:57:20.006,Feb  3 12:57:20.136,Not Yet Recorded,Not Yet Recorded,0,false,Feb  3 12:57:20.165,,,,,,,,,,0,0,,false,,false,,false,MPLS,false,,,false,obt-collector1,false,false,0/RP0/CPU0,ipv6,true,false

2020-02-06 19:17:19.042000+00:00,leaf8,sg4,Not Yet Recorded,Feb  3 12:57:20.006,Feb  3 12:57:20.136,Not Yet Recorded,Not Yet Recorded,0,false,Feb  3 12:57:20.165,,,,,,,,,,0,0,,false,,false,,false,MPLS,false,,,false,obt-collector1,false,false,0/RP0/CPU0,mpls,true,false

2020-02-06 19:18:15.210000+00:00,leaf8,sg4,Not Yet Recorded,Jan  2 18:12:51.874,Jan  2 18:13:21.746,Not Yet Recorded,Not Yet Recorded,0,false,Jan  2 18:13:21.831,,,,,,,,,,0,0,,false,,false,,false,MPLS,false,,,false,obt-collector1,false,false,0/0/CPU0,ipv4,true,false

2020-02-06 19:18:15.213000+00:00,leaf8,sg4,Not Yet Recorded,Jan  2 18:12:51.874,Jan  2 18:13:21.746,Not Yet Recorded,Not Yet Recorded,0,false,Jan  2 18:13:21.831,,,,,,,,,,0,0,,false,,false,,false,MPLS,false,,,false,obt-collector1,false,false,0/0/CPU0,ipv6,true,false

2020-02-06 19:18:15.219000+00:00,leaf8,sg4,Not Yet Recorded,Jan  2 18:12:51.874,Jan  2 18:13:21.746,Not Yet Recorded,Not Yet Recorded,0,false,Jan  2 18:13:21.831,,,,,,,,,,0,0,,false,,false,,false,MPLS,false,,,false,obt-collector1,false,false,0/0/CPU0,mpls,true,false

2020-02-06 19:18:15.234000+00:00,leaf8,sg4,Not Yet Recorded,Feb  3 12:57:20.006,Feb  3 12:57:20.136,Not Yet Recorded,Not Yet Recorded,0,false,Feb  3 12:57:20.165,,,,,,,,,,0,0,,false,,false,,false,MPLS,false,,,false,obt-collector1,false,false,0/RP0/CPU0,ipv4,true,false

2020-02-06 19:18:15.238000+00:00,leaf8,sg4,Not Yet Recorded,Feb  3 12:57:20.006,Feb  3 12:57:20.136,Not Yet Recorded,Not Yet Recorded,0,false,Feb  3 12:57:20.165,,,,,,,,,,0,0,,false,,false,,false,MPLS,false,,,false,obt-collector1,false,false,0/RP0/CPU0,ipv6,true,false

2020-02-06 19:18:15.246000+00:00,leaf8,sg4,Not Yet Recorded,Feb  3 12:57:20.006,Feb  3 12:57:20.136,Not Yet Recorded,Not Yet Recorded,0,false,Feb  3 12:57:20.165,,,,,,,,,,0,0,,false,,false,,false,MPLS,false,,,false,obt-collector1,false,false,0/RP0/CPU0,mpls,true,false

2020-02-06 19:18:29.169000+00:00,leaf8,sg4,Not Yet Recorded,Jan  2 18:12:51.874,Jan  2 18:13:21.746,Not Yet Recorded,Not Yet Recorded,0,false,Jan  2 18:13:21.831,,,,,,,,,,0,0,,false,,false,,false,MPLS,false,,,false,obt-collector1,false,false,0/0/CPU0,ipv4,true,false

2020-02-06 19:18:29.171000+00:00,leaf8,sg4,Not Yet Recorded,Jan  2 18:12:51.874,Jan  2 18:13:21.746,Not Yet Recorded,Not Yet Recorded,0,false,Jan  2 18:13:21.831,,,,,,,,,,0,0,,false,,false,,false,MPLS,false,,,false,obt-collector1,false,false,0/0/CPU0,ipv6,true,false

2020-02-06 19:18:29.173000+00:00,leaf8,sg4,Not Yet Recorded,Jan  2 18:12:51.874,Jan  2 18:13:21.746,Not Yet Recorded,Not Yet Recorded,0,false,Jan  2 18:13:21.831,,,,,,,,,,0,0,,false,,false,,false,MPLS,false,,,false,obt-collector1,false,false,0/0/CPU0,mpls,true,false

2020-02-06 19:18:29.177000+00:00,leaf8,sg4,Not Yet Recorded,Feb  3 12:57:20.006,Feb  3 12:57:20.136,Not Yet Recorded,Not Yet Recorded,0,false,Feb  3 12:57:20.165,,,,,,,,,,0,0,,false,,false,,false,MPLS,false,,,false,obt-collector1,false,false,0/RP0/CPU0,ipv4,true,false

2020-02-06 19:18:29.179000+00:00,leaf8,sg4,Not Yet Recorded,Feb  3 12:57:20.006,Feb  3 12:57:20.136,Not Yet Recorded,Not Yet Recorded,0,false,Feb  3 12:57:20.165,,,,,,,,,,0,0,,false,,false,,false,MPLS,false,,,false,obt-collector1,false,false,0/RP0/CPU0,ipv6,true,false

2020-02-06 19:18:29.181000+00:00,leaf8,sg4,Not Yet Recorded,Feb  3 12:57:20.006,Feb  3 12:57:20.136,Not Yet Recorded,Not Yet Recorded,0,false,Feb  3 12:57:20.165,,,,,,,,,,0,0,,false,,false,,false,MPLS,false,,,false,obt-collector1,false,false,0/RP0/CPU0,mpls,true,false

