,Producer,Target,host,node-name,process-cpu/process-cpu-fifteen-minute,process-cpu/process-cpu-five-minute,process-cpu/process-cpu-one-minute,process-cpu/process-id,process-cpu/process-name,total-cpu-fifteen-minute,total-cpu-five-minute,total-cpu-one-minute

2020-02-06 19:05:35.326000+00:00,leaf8,cpumem-sub1,obt-collector1,0/RP0/CPU0,0,0,0,30305,fib_mgr,8,8,9

2020-02-06 19:05:35.359000+00:00,leaf8,cpumem-sub1,obt-collector1,0/0/CPU0,0,0,0,31888,sleep,20,21,21

2020-02-06 19:06:06.013000+00:00,leaf8,cpumem-sub1,obt-collector1,0/RP0/CPU0,0,0,0,30305,fib_mgr,8,8,9

2020-02-06 19:06:06.046000+00:00,leaf8,cpumem-sub1,obt-collector1,0/0/CPU0,0,0,0,31909,sleep,20,21,21

2020-02-06 19:07:38.382000+00:00,leaf8,cpumem-sub1,obt-collector1,0/RP0/CPU0,0,0,0,30305,fib_mgr,9,8,9

2020-02-06 19:07:38.420000+00:00,leaf8,cpumem-sub1,obt-collector1,0/0/CPU0,0,0,0,31917,sleep,20,21,21

2020-02-06 19:08:19.402000+00:00,leaf8,cpumem-sub1,obt-collector1,0/RP0/CPU0,0,0,0,30305,fib_mgr,9,8,8

2020-02-06 19:08:19.441000+00:00,leaf8,cpumem-sub1,obt-collector1,0/0/CPU0,0,0,0,31924,sleep,20,21,21

2020-02-06 19:09:41.393000+00:00,leaf8,cpumem-sub1,obt-collector1,0/RP0/CPU0,0,0,0,30305,fib_mgr,8,8,9

2020-02-06 19:09:41.433000+00:00,leaf8,cpumem-sub1,obt-collector1,0/0/CPU0,0,0,0,31932,sleep,21,21,21

2020-02-06 19:10:12.097000+00:00,leaf8,cpumem-sub1,obt-collector1,0/RP0/CPU0,0,0,0,30305,fib_mgr,8,8,9

2020-02-06 19:10:12.125000+00:00,leaf8,cpumem-sub1,obt-collector1,0/0/CPU0,0,0,0,31939,sleep,21,21,21

2020-02-06 19:10:42.929000+00:00,leaf8,cpumem-sub1,obt-collector1,0/RP0/CPU0,0,0,0,30305,fib_mgr,8,8,9

2020-02-06 19:10:42.959000+00:00,leaf8,cpumem-sub1,obt-collector1,0/0/CPU0,0,0,0,31939,sleep,21,21,21

2020-02-06 19:11:34.012000+00:00,leaf8,cpumem-sub1,obt-collector1,0/RP0/CPU0,0,0,0,30305,fib_mgr,8,8,9

2020-02-06 19:11:34.036000+00:00,leaf8,cpumem-sub1,obt-collector1,0/0/CPU0,0,0,0,31960,sleep,21,21,21

2020-02-06 19:13:26.941000+00:00,leaf8,cpumem-sub1,obt-collector1,0/RP0/CPU0,0,0,0,30305,fib_mgr,8,9,9

2020-02-06 19:13:26.982000+00:00,leaf8,cpumem-sub1,obt-collector1,0/0/CPU0,0,0,0,31975,sleep,21,21,21

2020-02-06 19:14:38.502000+00:00,leaf8,cpumem-sub1,obt-collector1,0/RP0/CPU0,0,0,0,30305,fib_mgr,8,9,9

2020-02-06 19:14:38.545000+00:00,leaf8,cpumem-sub1,obt-collector1,0/0/CPU0,0,0,0,31983,sleep,21,21,21

2020-02-06 19:14:48.755000+00:00,leaf8,cpumem-sub1,obt-collector1,0/RP0/CPU0,0,0,0,30305,fib_mgr,8,9,9

2020-02-06 19:14:48.822000+00:00,leaf8,cpumem-sub1,obt-collector1,0/0/CPU0,0,0,0,31983,sleep,21,21,21

2020-02-06 19:14:59.042000+00:00,leaf8,cpumem-sub1,obt-collector1,0/RP0/CPU0,0,0,0,30305,fib_mgr,8,9,9

2020-02-06 19:14:59.073000+00:00,leaf8,cpumem-sub1,obt-collector1,0/0/CPU0,0,0,0,31990,sleep,21,21,21

2020-02-06 19:15:09.232000+00:00,leaf8,cpumem-sub1,obt-collector1,0/RP0/CPU0,0,0,0,30305,fib_mgr,8,9,9

2020-02-06 19:15:09.262000+00:00,leaf8,cpumem-sub1,obt-collector1,0/0/CPU0,0,0,0,31990,sleep,21,21,21

2020-02-06 19:15:39.919000+00:00,leaf8,cpumem-sub1,obt-collector1,0/RP0/CPU0,0,0,0,30305,fib_mgr,8,9,9

2020-02-06 19:15:39.950000+00:00,leaf8,cpumem-sub1,obt-collector1,0/0/CPU0,0,0,0,31990,sleep,21,21,21

2020-02-06 19:16:31.299000+00:00,leaf8,cpumem-sub1,obt-collector1,0/RP0/CPU0,0,0,0,30305,fib_mgr,8,9,9

2020-02-06 19:16:31.353000+00:00,leaf8,cpumem-sub1,obt-collector1,0/0/CPU0,0,0,0,32011,sleep,21,21,21

