,Producer,Target,common-info/count,host,node-name,protocol-name,summary/base-object/protocol,summary/health/is-retry-db-empty,summary/summary-counts/array-number-of-object/num-objects,summary/summary-counts/array-number-of-object/object-type,summary/summary-counts/array-number-of-retry/num-retries,summary/summary-counts/array-number-of-retry/retry-object-type,summary/summary-counts/num-retry-ojbects,summary/summary-counts/num-retry-timeouts

2020-02-06 19:05:08.783000+00:00,leaf8,sg4,0,obt-collector1,0/0/CPU0,ipv4-mpls,1,true,0,DATA_TYPE_TEP,0,MOP-NOTIFY-OC-AFT,0,0

2020-02-06 19:05:08.783000+00:00,leaf8,sg4,0,obt-collector1,0/0/CPU0,ipv4,0,false,0,DATA_TYPE_TEP,0,MOP-NOTIFY-OC-AFT,0,5623

2020-02-06 19:05:08.783000+00:00,leaf8,sg4,0,obt-collector1,0/0/CPU0,ipv6,2,false,0,DATA_TYPE_TEP,0,MOP-NOTIFY-OC-AFT,0,14124

2020-02-06 19:05:08.783000+00:00,leaf8,sg4,0,obt-collector1,0/0/CPU0,ipv6-mpls,3,true,0,DATA_TYPE_TEP,0,MOP-NOTIFY-OC-AFT,0,0

2020-02-06 19:05:08.785000+00:00,leaf8,sg4,0,obt-collector1,0/RP0/CPU0,ipv6,2,false,0,DATA_TYPE_TEP,0,MOP-NOTIFY-OC-AFT,0,31749

2020-02-06 19:05:08.785000+00:00,leaf8,sg4,0,obt-collector1,0/RP0/CPU0,ipv4,0,false,0,DATA_TYPE_TEP,0,MOP-NOTIFY-OC-AFT,0,18765

2020-02-06 19:05:08.785000+00:00,leaf8,sg4,0,obt-collector1,0/RP0/CPU0,ipv6-mpls,3,true,0,DATA_TYPE_TEP,0,MOP-NOTIFY-OC-AFT,0,0

2020-02-06 19:05:08.785000+00:00,leaf8,sg4,0,obt-collector1,0/RP0/CPU0,ipv4-mpls,1,true,0,DATA_TYPE_TEP,0,MOP-NOTIFY-OC-AFT,0,0

2020-02-06 19:07:01.641000+00:00,leaf8,sg4,0,obt-collector1,0/0/CPU0,ipv6,2,false,0,DATA_TYPE_TEP,0,MOP-NOTIFY-OC-AFT,0,14124

2020-02-06 19:07:01.641000+00:00,leaf8,sg4,0,obt-collector1,0/0/CPU0,ipv6-mpls,3,true,0,DATA_TYPE_TEP,0,MOP-NOTIFY-OC-AFT,0,0

2020-02-06 19:07:01.641000+00:00,leaf8,sg4,0,obt-collector1,0/0/CPU0,ipv4,0,false,0,DATA_TYPE_TEP,0,MOP-NOTIFY-OC-AFT,0,5623

2020-02-06 19:07:01.641000+00:00,leaf8,sg4,0,obt-collector1,0/0/CPU0,ipv4-mpls,1,true,0,DATA_TYPE_TEP,0,MOP-NOTIFY-OC-AFT,0,0

2020-02-06 19:07:01.646000+00:00,leaf8,sg4,0,obt-collector1,0/RP0/CPU0,ipv4-mpls,1,true,0,DATA_TYPE_TEP,0,MOP-NOTIFY-OC-AFT,0,0

2020-02-06 19:07:01.646000+00:00,leaf8,sg4,0,obt-collector1,0/RP0/CPU0,ipv6,2,false,0,DATA_TYPE_TEP,0,MOP-NOTIFY-OC-AFT,0,31749

2020-02-06 19:07:01.646000+00:00,leaf8,sg4,0,obt-collector1,0/RP0/CPU0,ipv6-mpls,3,true,0,DATA_TYPE_TEP,0,MOP-NOTIFY-OC-AFT,0,0

2020-02-06 19:07:01.646000+00:00,leaf8,sg4,0,obt-collector1,0/RP0/CPU0,ipv4,0,false,0,DATA_TYPE_TEP,0,MOP-NOTIFY-OC-AFT,0,18765

2020-02-06 19:07:57.331000+00:00,leaf8,sg4,0,obt-collector1,0/0/CPU0,ipv4,0,false,0,DATA_TYPE_TEP,0,MOP-NOTIFY-OC-AFT,0,5623

2020-02-06 19:07:57.331000+00:00,leaf8,sg4,0,obt-collector1,0/0/CPU0,ipv4-mpls,1,true,0,DATA_TYPE_TEP,0,MOP-NOTIFY-OC-AFT,0,0

2020-02-06 19:07:57.331000+00:00,leaf8,sg4,0,obt-collector1,0/0/CPU0,ipv6-mpls,3,true,0,DATA_TYPE_TEP,0,MOP-NOTIFY-OC-AFT,0,0

2020-02-06 19:07:57.331000+00:00,leaf8,sg4,0,obt-collector1,0/0/CPU0,ipv6,2,false,0,DATA_TYPE_TEP,0,MOP-NOTIFY-OC-AFT,0,14124

2020-02-06 19:07:57.334000+00:00,leaf8,sg4,0,obt-collector1,0/RP0/CPU0,ipv4,0,false,0,DATA_TYPE_TEP,0,MOP-NOTIFY-OC-AFT,0,18765

2020-02-06 19:07:57.334000+00:00,leaf8,sg4,0,obt-collector1,0/RP0/CPU0,ipv4-mpls,1,true,0,DATA_TYPE_TEP,0,MOP-NOTIFY-OC-AFT,0,0

2020-02-06 19:07:57.334000+00:00,leaf8,sg4,0,obt-collector1,0/RP0/CPU0,ipv6-mpls,3,true,0,DATA_TYPE_TEP,0,MOP-NOTIFY-OC-AFT,0,0

2020-02-06 19:07:57.334000+00:00,leaf8,sg4,0,obt-collector1,0/RP0/CPU0,ipv6,2,false,0,DATA_TYPE_TEP,0,MOP-NOTIFY-OC-AFT,0,31749

2020-02-06 19:08:25.754000+00:00,leaf8,sg4,0,obt-collector1,0/0/CPU0,ipv6-mpls,3,true,0,DATA_TYPE_TEP,0,MOP-NOTIFY-OC-AFT,0,0

2020-02-06 19:08:25.754000+00:00,leaf8,sg4,0,obt-collector1,0/0/CPU0,ipv6,2,false,0,DATA_TYPE_TEP,0,MOP-NOTIFY-OC-AFT,0,14124

2020-02-06 19:08:25.754000+00:00,leaf8,sg4,0,obt-collector1,0/0/CPU0,ipv4-mpls,1,true,0,DATA_TYPE_TEP,0,MOP-NOTIFY-OC-AFT,0,0

2020-02-06 19:08:25.754000+00:00,leaf8,sg4,0,obt-collector1,0/0/CPU0,ipv4,0,false,0,DATA_TYPE_TEP,0,MOP-NOTIFY-OC-AFT,0,5623

2020-02-06 19:08:25.755000+00:00,leaf8,sg4,0,obt-collector1,0/RP0/CPU0,ipv6,2,false,0,DATA_TYPE_TEP,0,MOP-NOTIFY-OC-AFT,0,31749

2020-02-06 19:08:25.755000+00:00,leaf8,sg4,0,obt-collector1,0/RP0/CPU0,ipv4,0,false,0,DATA_TYPE_TEP,0,MOP-NOTIFY-OC-AFT,0,18765

2020-02-06 19:08:25.755000+00:00,leaf8,sg4,0,obt-collector1,0/RP0/CPU0,ipv4-mpls,1,true,0,DATA_TYPE_TEP,0,MOP-NOTIFY-OC-AFT,0,0

2020-02-06 19:08:25.756000+00:00,leaf8,sg4,0,obt-collector1,0/RP0/CPU0,ipv6-mpls,3,true,0,DATA_TYPE_TEP,0,MOP-NOTIFY-OC-AFT,0,0

2020-02-06 19:12:11.830000+00:00,leaf8,sg4,0,obt-collector1,0/0/CPU0,ipv4-mpls,1,true,0,DATA_TYPE_TEP,0,MOP-NOTIFY-OC-AFT,0,0

2020-02-06 19:12:11.830000+00:00,leaf8,sg4,0,obt-collector1,0/0/CPU0,ipv4,0,false,0,DATA_TYPE_TEP,0,MOP-NOTIFY-OC-AFT,0,5623

2020-02-06 19:12:11.830000+00:00,leaf8,sg4,0,obt-collector1,0/0/CPU0,ipv6,2,false,0,DATA_TYPE_TEP,0,MOP-NOTIFY-OC-AFT,0,14124

2020-02-06 19:12:11.830000+00:00,leaf8,sg4,0,obt-collector1,0/0/CPU0,ipv6-mpls,3,true,0,DATA_TYPE_TEP,0,MOP-NOTIFY-OC-AFT,0,0

2020-02-06 19:12:11.832000+00:00,leaf8,sg4,0,obt-collector1,0/RP0/CPU0,ipv4,0,false,0,DATA_TYPE_TEP,0,MOP-NOTIFY-OC-AFT,0,18765

2020-02-06 19:12:11.833000+00:00,leaf8,sg4,0,obt-collector1,0/RP0/CPU0,ipv6-mpls,3,true,0,DATA_TYPE_TEP,0,MOP-NOTIFY-OC-AFT,0,0

2020-02-06 19:12:11.833000+00:00,leaf8,sg4,0,obt-collector1,0/RP0/CPU0,ipv4-mpls,1,true,0,DATA_TYPE_TEP,0,MOP-NOTIFY-OC-AFT,0,0

2020-02-06 19:12:11.833000+00:00,leaf8,sg4,0,obt-collector1,0/RP0/CPU0,ipv6,2,false,0,DATA_TYPE_TEP,0,MOP-NOTIFY-OC-AFT,0,31749

2020-02-06 19:12:26.280000+00:00,leaf8,sg4,0,obt-collector1,0/0/CPU0,ipv6,2,false,0,DATA_TYPE_TEP,0,MOP-NOTIFY-OC-AFT,0,14124

2020-02-06 19:12:26.280000+00:00,leaf8,sg4,0,obt-collector1,0/0/CPU0,ipv6-mpls,3,true,0,DATA_TYPE_TEP,0,MOP-NOTIFY-OC-AFT,0,0

2020-02-06 19:12:26.280000+00:00,leaf8,sg4,0,obt-collector1,0/0/CPU0,ipv4,0,false,0,DATA_TYPE_TEP,0,MOP-NOTIFY-OC-AFT,0,5623

2020-02-06 19:12:26.280000+00:00,leaf8,sg4,0,obt-collector1,0/0/CPU0,ipv4-mpls,1,true,0,DATA_TYPE_TEP,0,MOP-NOTIFY-OC-AFT,0,0

2020-02-06 19:12:26.282000+00:00,leaf8,sg4,0,obt-collector1,0/RP0/CPU0,ipv6,2,false,0,DATA_TYPE_TEP,0,MOP-NOTIFY-OC-AFT,0,31749

2020-02-06 19:12:26.282000+00:00,leaf8,sg4,0,obt-collector1,0/RP0/CPU0,ipv4,0,false,0,DATA_TYPE_TEP,0,MOP-NOTIFY-OC-AFT,0,18765

2020-02-06 19:12:26.282000+00:00,leaf8,sg4,0,obt-collector1,0/RP0/CPU0,ipv4-mpls,1,true,0,DATA_TYPE_TEP,0,MOP-NOTIFY-OC-AFT,0,0

2020-02-06 19:12:26.282000+00:00,leaf8,sg4,0,obt-collector1,0/RP0/CPU0,ipv6-mpls,3,true,0,DATA_TYPE_TEP,0,MOP-NOTIFY-OC-AFT,0,0

2020-02-06 19:13:36.015000+00:00,leaf8,sg4,0,obt-collector1,0/0/CPU0,ipv4,0,false,0,DATA_TYPE_TEP,0,MOP-NOTIFY-OC-AFT,0,5623

2020-02-06 19:13:36.015000+00:00,leaf8,sg4,0,obt-collector1,0/0/CPU0,ipv4-mpls,1,true,0,DATA_TYPE_TEP,0,MOP-NOTIFY-OC-AFT,0,0

2020-02-06 19:13:36.015000+00:00,leaf8,sg4,0,obt-collector1,0/0/CPU0,ipv6-mpls,3,true,0,DATA_TYPE_TEP,0,MOP-NOTIFY-OC-AFT,0,0

2020-02-06 19:13:36.015000+00:00,leaf8,sg4,0,obt-collector1,0/0/CPU0,ipv6,2,false,0,DATA_TYPE_TEP,0,MOP-NOTIFY-OC-AFT,0,14124

2020-02-06 19:13:36.017000+00:00,leaf8,sg4,0,obt-collector1,0/RP0/CPU0,ipv6-mpls,3,true,0,DATA_TYPE_TEP,0,MOP-NOTIFY-OC-AFT,0,0

2020-02-06 19:13:36.017000+00:00,leaf8,sg4,0,obt-collector1,0/RP0/CPU0,ipv6,2,false,0,DATA_TYPE_TEP,0,MOP-NOTIFY-OC-AFT,0,31749

2020-02-06 19:13:36.017000+00:00,leaf8,sg4,0,obt-collector1,0/RP0/CPU0,ipv4-mpls,1,true,0,DATA_TYPE_TEP,0,MOP-NOTIFY-OC-AFT,0,0

2020-02-06 19:13:36.017000+00:00,leaf8,sg4,0,obt-collector1,0/RP0/CPU0,ipv4,0,false,0,DATA_TYPE_TEP,0,MOP-NOTIFY-OC-AFT,0,18765

2020-02-06 19:14:18.382000+00:00,leaf8,sg4,0,obt-collector1,0/0/CPU0,ipv6-mpls,3,true,0,DATA_TYPE_TEP,0,MOP-NOTIFY-OC-AFT,0,0

2020-02-06 19:14:18.382000+00:00,leaf8,sg4,0,obt-collector1,0/0/CPU0,ipv6,2,false,0,DATA_TYPE_TEP,0,MOP-NOTIFY-OC-AFT,0,14124

2020-02-06 19:14:18.382000+00:00,leaf8,sg4,0,obt-collector1,0/0/CPU0,ipv4-mpls,1,true,0,DATA_TYPE_TEP,0,MOP-NOTIFY-OC-AFT,0,0

2020-02-06 19:14:18.382000+00:00,leaf8,sg4,0,obt-collector1,0/0/CPU0,ipv4,0,false,0,DATA_TYPE_TEP,0,MOP-NOTIFY-OC-AFT,0,5623

2020-02-06 19:14:18.384000+00:00,leaf8,sg4,0,obt-collector1,0/RP0/CPU0,ipv4,0,false,0,DATA_TYPE_TEP,0,MOP-NOTIFY-OC-AFT,0,18765

2020-02-06 19:14:18.384000+00:00,leaf8,sg4,0,obt-collector1,0/RP0/CPU0,ipv6-mpls,3,true,0,DATA_TYPE_TEP,0,MOP-NOTIFY-OC-AFT,0,0

2020-02-06 19:14:18.384000+00:00,leaf8,sg4,0,obt-collector1,0/RP0/CPU0,ipv4-mpls,1,true,0,DATA_TYPE_TEP,0,MOP-NOTIFY-OC-AFT,0,0

2020-02-06 19:14:18.384000+00:00,leaf8,sg4,0,obt-collector1,0/RP0/CPU0,ipv6,2,false,0,DATA_TYPE_TEP,0,MOP-NOTIFY-OC-AFT,0,31749

2020-02-06 19:14:32.108000+00:00,leaf8,sg4,0,obt-collector1,0/0/CPU0,ipv4-mpls,1,true,0,DATA_TYPE_TEP,0,MOP-NOTIFY-OC-AFT,0,0

2020-02-06 19:14:32.108000+00:00,leaf8,sg4,0,obt-collector1,0/0/CPU0,ipv4,0,false,0,DATA_TYPE_TEP,0,MOP-NOTIFY-OC-AFT,0,5623

2020-02-06 19:14:32.108000+00:00,leaf8,sg4,0,obt-collector1,0/0/CPU0,ipv6,2,false,0,DATA_TYPE_TEP,0,MOP-NOTIFY-OC-AFT,0,14124

2020-02-06 19:14:32.108000+00:00,leaf8,sg4,0,obt-collector1,0/0/CPU0,ipv6-mpls,3,true,0,DATA_TYPE_TEP,0,MOP-NOTIFY-OC-AFT,0,0

2020-02-06 19:14:32.110000+00:00,leaf8,sg4,0,obt-collector1,0/RP0/CPU0,ipv6,2,false,0,DATA_TYPE_TEP,0,MOP-NOTIFY-OC-AFT,0,31749

2020-02-06 19:14:32.110000+00:00,leaf8,sg4,0,obt-collector1,0/RP0/CPU0,ipv4,0,false,0,DATA_TYPE_TEP,0,MOP-NOTIFY-OC-AFT,0,18765

2020-02-06 19:14:32.110000+00:00,leaf8,sg4,0,obt-collector1,0/RP0/CPU0,ipv4-mpls,1,true,0,DATA_TYPE_TEP,0,MOP-NOTIFY-OC-AFT,0,0

2020-02-06 19:14:32.110000+00:00,leaf8,sg4,0,obt-collector1,0/RP0/CPU0,ipv6-mpls,3,true,0,DATA_TYPE_TEP,0,MOP-NOTIFY-OC-AFT,0,0

2020-02-06 19:15:41.353000+00:00,leaf8,sg4,0,obt-collector1,0/0/CPU0,ipv6,2,false,0,DATA_TYPE_TEP,0,MOP-NOTIFY-OC-AFT,0,14124

2020-02-06 19:15:41.353000+00:00,leaf8,sg4,0,obt-collector1,0/0/CPU0,ipv6-mpls,3,true,0,DATA_TYPE_TEP,0,MOP-NOTIFY-OC-AFT,0,0

2020-02-06 19:15:41.353000+00:00,leaf8,sg4,0,obt-collector1,0/0/CPU0,ipv4,0,false,0,DATA_TYPE_TEP,0,MOP-NOTIFY-OC-AFT,0,5623

2020-02-06 19:15:41.353000+00:00,leaf8,sg4,0,obt-collector1,0/0/CPU0,ipv4-mpls,1,true,0,DATA_TYPE_TEP,0,MOP-NOTIFY-OC-AFT,0,0

2020-02-06 19:15:41.355000+00:00,leaf8,sg4,0,obt-collector1,0/RP0/CPU0,ipv6-mpls,3,true,0,DATA_TYPE_TEP,0,MOP-NOTIFY-OC-AFT,0,0

2020-02-06 19:15:41.355000+00:00,leaf8,sg4,0,obt-collector1,0/RP0/CPU0,ipv6,2,false,0,DATA_TYPE_TEP,0,MOP-NOTIFY-OC-AFT,0,31749

2020-02-06 19:15:41.355000+00:00,leaf8,sg4,0,obt-collector1,0/RP0/CPU0,ipv4-mpls,1,true,0,DATA_TYPE_TEP,0,MOP-NOTIFY-OC-AFT,0,0

2020-02-06 19:15:41.355000+00:00,leaf8,sg4,0,obt-collector1,0/RP0/CPU0,ipv4,0,false,0,DATA_TYPE_TEP,0,MOP-NOTIFY-OC-AFT,0,18765

2020-02-06 19:16:09.720000+00:00,leaf8,sg4,0,obt-collector1,0/0/CPU0,ipv4,0,false,0,DATA_TYPE_TEP,0,MOP-NOTIFY-OC-AFT,0,5623

2020-02-06 19:16:09.720000+00:00,leaf8,sg4,0,obt-collector1,0/0/CPU0,ipv4-mpls,1,true,0,DATA_TYPE_TEP,0,MOP-NOTIFY-OC-AFT,0,0

2020-02-06 19:16:09.720000+00:00,leaf8,sg4,0,obt-collector1,0/0/CPU0,ipv6-mpls,3,true,0,DATA_TYPE_TEP,0,MOP-NOTIFY-OC-AFT,0,0

2020-02-06 19:16:09.720000+00:00,leaf8,sg4,0,obt-collector1,0/0/CPU0,ipv6,2,false,0,DATA_TYPE_TEP,0,MOP-NOTIFY-OC-AFT,0,14124

2020-02-06 19:16:09.723000+00:00,leaf8,sg4,0,obt-collector1,0/RP0/CPU0,ipv4,0,false,0,DATA_TYPE_TEP,0,MOP-NOTIFY-OC-AFT,0,18765

2020-02-06 19:16:09.723000+00:00,leaf8,sg4,0,obt-collector1,0/RP0/CPU0,ipv6-mpls,3,true,0,DATA_TYPE_TEP,0,MOP-NOTIFY-OC-AFT,0,0

2020-02-06 19:16:09.723000+00:00,leaf8,sg4,0,obt-collector1,0/RP0/CPU0,ipv4-mpls,1,true,0,DATA_TYPE_TEP,0,MOP-NOTIFY-OC-AFT,0,0

2020-02-06 19:16:09.723000+00:00,leaf8,sg4,0,obt-collector1,0/RP0/CPU0,ipv6,2,false,0,DATA_TYPE_TEP,0,MOP-NOTIFY-OC-AFT,0,31749

2020-02-06 19:16:50.921000+00:00,leaf8,sg4,0,obt-collector1,0/0/CPU0,ipv6-mpls,3,true,0,DATA_TYPE_TEP,0,MOP-NOTIFY-OC-AFT,0,0

2020-02-06 19:16:50.921000+00:00,leaf8,sg4,0,obt-collector1,0/0/CPU0,ipv6,2,false,0,DATA_TYPE_TEP,0,MOP-NOTIFY-OC-AFT,0,14124

2020-02-06 19:16:50.921000+00:00,leaf8,sg4,0,obt-collector1,0/0/CPU0,ipv4-mpls,1,true,0,DATA_TYPE_TEP,0,MOP-NOTIFY-OC-AFT,0,0

2020-02-06 19:16:50.921000+00:00,leaf8,sg4,0,obt-collector1,0/0/CPU0,ipv4,0,false,0,DATA_TYPE_TEP,0,MOP-NOTIFY-OC-AFT,0,5623

2020-02-06 19:16:50.923000+00:00,leaf8,sg4,0,obt-collector1,0/RP0/CPU0,ipv6,2,false,0,DATA_TYPE_TEP,0,MOP-NOTIFY-OC-AFT,0,31749

2020-02-06 19:16:50.923000+00:00,leaf8,sg4,0,obt-collector1,0/RP0/CPU0,ipv4,0,false,0,DATA_TYPE_TEP,0,MOP-NOTIFY-OC-AFT,0,18765

2020-02-06 19:16:50.923000+00:00,leaf8,sg4,0,obt-collector1,0/RP0/CPU0,ipv4-mpls,1,true,0,DATA_TYPE_TEP,0,MOP-NOTIFY-OC-AFT,0,0

2020-02-06 19:16:50.923000+00:00,leaf8,sg4,0,obt-collector1,0/RP0/CPU0,ipv6-mpls,3,true,0,DATA_TYPE_TEP,0,MOP-NOTIFY-OC-AFT,0,0

2020-02-06 19:17:18.989000+00:00,leaf8,sg4,0,obt-collector1,0/0/CPU0,ipv4-mpls,1,true,0,DATA_TYPE_TEP,0,MOP-NOTIFY-OC-AFT,0,0

2020-02-06 19:17:18.989000+00:00,leaf8,sg4,0,obt-collector1,0/0/CPU0,ipv4,0,false,0,DATA_TYPE_TEP,0,MOP-NOTIFY-OC-AFT,0,5623

2020-02-06 19:17:18.989000+00:00,leaf8,sg4,0,obt-collector1,0/0/CPU0,ipv6,2,false,0,DATA_TYPE_TEP,0,MOP-NOTIFY-OC-AFT,0,14124

2020-02-06 19:17:18.989000+00:00,leaf8,sg4,0,obt-collector1,0/0/CPU0,ipv6-mpls,3,true,0,DATA_TYPE_TEP,0,MOP-NOTIFY-OC-AFT,0,0

2020-02-06 19:17:18.993000+00:00,leaf8,sg4,0,obt-collector1,0/RP0/CPU0,ipv6-mpls,3,true,0,DATA_TYPE_TEP,0,MOP-NOTIFY-OC-AFT,0,0

2020-02-06 19:17:18.993000+00:00,leaf8,sg4,0,obt-collector1,0/RP0/CPU0,ipv6,2,false,0,DATA_TYPE_TEP,0,MOP-NOTIFY-OC-AFT,0,31749

2020-02-06 19:17:18.993000+00:00,leaf8,sg4,0,obt-collector1,0/RP0/CPU0,ipv4-mpls,1,true,0,DATA_TYPE_TEP,0,MOP-NOTIFY-OC-AFT,0,0

2020-02-06 19:17:18.993000+00:00,leaf8,sg4,0,obt-collector1,0/RP0/CPU0,ipv4,0,false,0,DATA_TYPE_TEP,0,MOP-NOTIFY-OC-AFT,0,18765

2020-02-06 19:17:47.192000+00:00,leaf8,sg4,0,obt-collector1,0/0/CPU0,ipv6,2,false,0,DATA_TYPE_TEP,0,MOP-NOTIFY-OC-AFT,0,14124

2020-02-06 19:17:47.192000+00:00,leaf8,sg4,0,obt-collector1,0/0/CPU0,ipv6-mpls,3,true,0,DATA_TYPE_TEP,0,MOP-NOTIFY-OC-AFT,0,0

2020-02-06 19:17:47.192000+00:00,leaf8,sg4,0,obt-collector1,0/0/CPU0,ipv4,0,false,0,DATA_TYPE_TEP,0,MOP-NOTIFY-OC-AFT,0,5623

2020-02-06 19:17:47.192000+00:00,leaf8,sg4,0,obt-collector1,0/0/CPU0,ipv4-mpls,1,true,0,DATA_TYPE_TEP,0,MOP-NOTIFY-OC-AFT,0,0

2020-02-06 19:17:47.194000+00:00,leaf8,sg4,0,obt-collector1,0/RP0/CPU0,ipv4,0,false,0,DATA_TYPE_TEP,0,MOP-NOTIFY-OC-AFT,0,18765

2020-02-06 19:17:47.194000+00:00,leaf8,sg4,0,obt-collector1,0/RP0/CPU0,ipv6-mpls,3,true,0,DATA_TYPE_TEP,0,MOP-NOTIFY-OC-AFT,0,0

2020-02-06 19:17:47.194000+00:00,leaf8,sg4,0,obt-collector1,0/RP0/CPU0,ipv4-mpls,1,true,0,DATA_TYPE_TEP,0,MOP-NOTIFY-OC-AFT,0,0

2020-02-06 19:17:47.194000+00:00,leaf8,sg4,0,obt-collector1,0/RP0/CPU0,ipv6,2,false,0,DATA_TYPE_TEP,0,MOP-NOTIFY-OC-AFT,0,31749

2020-02-06 19:18:43.583000+00:00,leaf8,sg4,0,obt-collector1,0/0/CPU0,ipv4,0,false,0,DATA_TYPE_TEP,0,MOP-NOTIFY-OC-AFT,0,5623

2020-02-06 19:18:43.583000+00:00,leaf8,sg4,0,obt-collector1,0/0/CPU0,ipv4-mpls,1,true,0,DATA_TYPE_TEP,0,MOP-NOTIFY-OC-AFT,0,0

2020-02-06 19:18:43.583000+00:00,leaf8,sg4,0,obt-collector1,0/0/CPU0,ipv6-mpls,3,true,0,DATA_TYPE_TEP,0,MOP-NOTIFY-OC-AFT,0,0

2020-02-06 19:18:43.583000+00:00,leaf8,sg4,0,obt-collector1,0/0/CPU0,ipv6,2,false,0,DATA_TYPE_TEP,0,MOP-NOTIFY-OC-AFT,0,14124

2020-02-06 19:18:43.586000+00:00,leaf8,sg4,0,obt-collector1,0/RP0/CPU0,ipv4,0,false,0,DATA_TYPE_TEP,0,MOP-NOTIFY-OC-AFT,0,18765

2020-02-06 19:18:43.586000+00:00,leaf8,sg4,0,obt-collector1,0/RP0/CPU0,ipv4-mpls,1,true,0,DATA_TYPE_TEP,0,MOP-NOTIFY-OC-AFT,0,0

2020-02-06 19:18:43.587000+00:00,leaf8,sg4,0,obt-collector1,0/RP0/CPU0,ipv6,2,false,0,DATA_TYPE_TEP,0,MOP-NOTIFY-OC-AFT,0,31749

2020-02-06 19:18:43.587000+00:00,leaf8,sg4,0,obt-collector1,0/RP0/CPU0,ipv6-mpls,3,true,0,DATA_TYPE_TEP,0,MOP-NOTIFY-OC-AFT,0,0

2020-02-06 19:18:58.162000+00:00,leaf8,sg4,0,obt-collector1,0/0/CPU0,ipv6,2,false,0,DATA_TYPE_TEP,0,MOP-NOTIFY-OC-AFT,0,14124

2020-02-06 19:18:58.162000+00:00,leaf8,sg4,0,obt-collector1,0/0/CPU0,ipv6-mpls,3,true,0,DATA_TYPE_TEP,0,MOP-NOTIFY-OC-AFT,0,0

2020-02-06 19:18:58.162000+00:00,leaf8,sg4,0,obt-collector1,0/0/CPU0,ipv4-mpls,1,true,0,DATA_TYPE_TEP,0,MOP-NOTIFY-OC-AFT,0,0

2020-02-06 19:18:58.162000+00:00,leaf8,sg4,0,obt-collector1,0/0/CPU0,ipv4,0,false,0,DATA_TYPE_TEP,0,MOP-NOTIFY-OC-AFT,0,5623

2020-02-06 19:18:58.165000+00:00,leaf8,sg4,0,obt-collector1,0/RP0/CPU0,ipv6-mpls,3,true,0,DATA_TYPE_TEP,0,MOP-NOTIFY-OC-AFT,0,0

2020-02-06 19:18:58.165000+00:00,leaf8,sg4,0,obt-collector1,0/RP0/CPU0,ipv4,0,false,0,DATA_TYPE_TEP,0,MOP-NOTIFY-OC-AFT,0,18765

2020-02-06 19:18:58.165000+00:00,leaf8,sg4,0,obt-collector1,0/RP0/CPU0,ipv6,2,false,0,DATA_TYPE_TEP,0,MOP-NOTIFY-OC-AFT,0,31749

2020-02-06 19:18:58.165000+00:00,leaf8,sg4,0,obt-collector1,0/RP0/CPU0,ipv4-mpls,1,true,0,DATA_TYPE_TEP,0,MOP-NOTIFY-OC-AFT,0,0

