,Producer,Target,active-routes-count,af-name,backup-routes-count,deleted-routes-count,host,paths-count,protocol-clients-count,protocol-names,protocol-route-memory,redistribution-client-count,route-table-name,routes-counts,saf-name,version,vrf-name

2020-02-06 19:05:51.236000+00:00,leaf8,sg12,24,IPv4,0,0,obt-collector1,24,1,local,5952,1,default,24,Unicast,0,default

2020-02-06 19:05:51.259000+00:00,leaf8,sg12,0,IPv4,0,0,obt-collector1,0,1,local,0,0,default,0,Multicast,0,default

2020-02-06 19:07:15.017000+00:00,leaf8,sg12,24,IPv4,0,0,obt-collector1,24,1,local,5952,1,default,24,Unicast,0,default

2020-02-06 19:07:15.030000+00:00,leaf8,sg12,0,IPv4,0,0,obt-collector1,0,1,local,0,0,default,0,Multicast,0,default

2020-02-06 19:08:37.780000+00:00,leaf8,sg12,24,IPv4,0,0,obt-collector1,24,1,local,5952,1,default,24,Unicast,0,default

2020-02-06 19:08:37.787000+00:00,leaf8,sg12,0,IPv4,0,0,obt-collector1,0,1,local,0,0,default,0,Multicast,0,default

2020-02-06 19:08:49.106000+00:00,leaf8,sg12,24,IPv4,0,0,obt-collector1,24,1,local,5952,1,default,24,Unicast,0,default

2020-02-06 19:08:49.114000+00:00,leaf8,sg12,0,IPv4,0,0,obt-collector1,0,1,local,0,0,default,0,Multicast,0,default

2020-02-06 19:09:35.395000+00:00,leaf8,sg12,24,IPv4,0,0,obt-collector1,24,1,local,5952,1,default,24,Unicast,0,default

2020-02-06 19:09:35.403000+00:00,leaf8,sg12,0,IPv4,0,0,obt-collector1,0,1,local,0,0,default,0,Multicast,0,default

2020-02-06 19:09:46.709000+00:00,leaf8,sg12,24,IPv4,0,0,obt-collector1,24,1,local,5952,1,default,24,Unicast,0,default

2020-02-06 19:09:46.721000+00:00,leaf8,sg12,0,IPv4,0,0,obt-collector1,0,1,local,0,0,default,0,Multicast,0,default

2020-02-06 19:10:09.136000+00:00,leaf8,sg12,24,IPv4,0,0,obt-collector1,24,1,local,5952,1,default,24,Unicast,0,default

2020-02-06 19:10:09.142000+00:00,leaf8,sg12,0,IPv4,0,0,obt-collector1,0,1,local,0,0,default,0,Multicast,0,default

2020-02-06 19:11:07.331000+00:00,leaf8,sg12,24,IPv4,0,0,obt-collector1,24,1,local,5952,1,default,24,Unicast,0,default

2020-02-06 19:11:07.338000+00:00,leaf8,sg12,0,IPv4,0,0,obt-collector1,0,1,local,0,0,default,0,Multicast,0,default

2020-02-06 19:11:53.386000+00:00,leaf8,sg12,24,IPv4,0,0,obt-collector1,24,1,local,5952,1,default,24,Unicast,0,default

2020-02-06 19:11:53.398000+00:00,leaf8,sg12,0,IPv4,0,0,obt-collector1,0,1,local,0,0,default,0,Multicast,0,default

2020-02-06 19:12:16.621000+00:00,leaf8,sg12,24,IPv4,0,0,obt-collector1,24,1,local,5952,1,default,24,Unicast,0,default

2020-02-06 19:12:16.629000+00:00,leaf8,sg12,0,IPv4,0,0,obt-collector1,0,1,local,0,0,default,0,Multicast,0,default

2020-02-06 19:12:52.570000+00:00,leaf8,sg12,24,IPv4,0,0,obt-collector1,24,1,local,5952,1,default,24,Unicast,0,default

2020-02-06 19:12:52.583000+00:00,leaf8,sg12,0,IPv4,0,0,obt-collector1,0,1,local,0,0,default,0,Multicast,0,default

2020-02-06 19:13:50.379000+00:00,leaf8,sg12,24,IPv4,0,0,obt-collector1,24,1,local,5952,1,default,24,Unicast,0,default

2020-02-06 19:13:50.389000+00:00,leaf8,sg12,0,IPv4,0,0,obt-collector1,0,1,local,0,0,default,0,Multicast,0,default

2020-02-06 19:17:32.288000+00:00,leaf8,sg12,24,IPv4,0,0,obt-collector1,24,1,local,5952,1,default,24,Unicast,0,default

2020-02-06 19:17:32.297000+00:00,leaf8,sg12,0,IPv4,0,0,obt-collector1,0,1,local,0,0,default,0,Multicast,0,default

2020-02-06 19:18:18.094000+00:00,leaf8,sg12,24,IPv4,0,0,obt-collector1,24,1,local,5952,1,default,24,Unicast,0,default

2020-02-06 19:18:18.107000+00:00,leaf8,sg12,0,IPv4,0,0,obt-collector1,0,1,local,0,0,default,0,Multicast,0,default

