,Producer,Target,active-routes-count,af-name,as,backup-routes-count,deleted-routes-count,host,instance,paths-count,protocol-clients-count,protocol-names,protocol-route-memory,redistribution-client-count,route-table-name,routes-counts,saf-name,version,vrf-name

2020-02-06 19:06:38.148000+00:00,leaf8,sg12,220,IPv4,65028,0,0,obt-collector1,65028,1565,1,bgp,205200,0,default,220,Unicast,0,default

2020-02-06 19:07:38.841000+00:00,leaf8,sg12,220,IPv4,65028,0,0,obt-collector1,65028,1565,1,bgp,205200,0,default,220,Unicast,0,default

2020-02-06 19:08:49.212000+00:00,leaf8,sg12,220,IPv4,65028,0,0,obt-collector1,65028,1562,1,bgp,204864,0,default,220,Unicast,0,default

2020-02-06 19:09:00.507000+00:00,leaf8,sg12,220,IPv4,65028,0,0,obt-collector1,65028,1562,1,bgp,204864,0,default,220,Unicast,0,default

2020-02-06 19:10:21.616000+00:00,leaf8,sg12,219,IPv4,65028,0,0,obt-collector1,65028,1558,1,bgp,204280,0,default,219,Unicast,0,default

2020-02-06 19:11:30.776000+00:00,leaf8,sg12,219,IPv4,65028,0,0,obt-collector1,65028,1558,1,bgp,204280,0,default,219,Unicast,0,default

2020-02-06 19:13:26.984000+00:00,leaf8,sg12,219,IPv4,65028,0,0,obt-collector1,65028,1558,1,bgp,204280,0,default,219,Unicast,0,default

2020-02-06 19:14:49.476000+00:00,leaf8,sg12,220,IPv4,65028,0,0,obt-collector1,65028,1563,1,bgp,204976,0,default,220,Unicast,0,default

2020-02-06 19:17:08.413000+00:00,leaf8,sg12,220,IPv4,65028,0,0,obt-collector1,65028,1563,1,bgp,204976,0,default,220,Unicast,0,default

2020-02-06 19:17:55.019000+00:00,leaf8,sg12,220,IPv4,65028,0,0,obt-collector1,65028,1563,1,bgp,204976,0,default,220,Unicast,0,default

2020-02-06 19:18:52.403000+00:00,leaf8,sg12,220,IPv4,65028,0,0,obt-collector1,65028,1563,1,bgp,204976,0,default,220,Unicast,0,default

