,Producer,Target,host,icmp/checksum-error-messages,icmp/output-messages,icmp/received-echo-reply-messages,icmp/received-echo-request-messages,icmp/received-hop-count-expired-messages,icmp/received-parameter-error-messages,icmp/received-parameter-header-messages,icmp/received-parameter-option-messages,icmp/received-parameter-unknown-type-messages,icmp/received-reassembly-timeouts,icmp/received-too-big-messages,icmp/received-unknown-timeout-messages,icmp/received-unreachable-address-messages,icmp/received-unreachable-admin-messages,icmp/received-unreachable-neighbor-messages,icmp/received-unreachable-port-messages,icmp/received-unreachable-routing-messages,icmp/received-unreachable-unknown-type-messages,icmp/sent-echo-reply-messages,icmp/sent-echo-request-messages,icmp/sent-hop-count-expired-messages,icmp/sent-parameter-error-messages,icmp/sent-parameter-header-messages,icmp/sent-parameter-option-messages,icmp/sent-parameter-unknown-type-messages,icmp/sent-rate-limited-packets,icmp/sent-reassembly-timeouts,icmp/sent-too-big-messages,icmp/sent-unknown-timeout-messages,icmp/sent-unreachable-address-messages,icmp/sent-unreachable-admin-messages,icmp/sent-unreachable-neighbor-messages,icmp/sent-unreachable-port-messages,icmp/sent-unreachable-routing-messages,icmp/sent-unreachable-unknown-type-messages,icmp/too-short-error-messages,icmp/total-messages,icmp/unknown-error-type-messages,ipv6-node-discovery/received-neighbor-advertisement-messages,ipv6-node-discovery/received-neighbor-solicitation-messages,ipv6-node-discovery/received-redirect-messages,ipv6-node-discovery/received-router-advertisement-messages,ipv6-node-discovery/received-router-solicitation-messages,ipv6-node-discovery/sent-neighbor-advertisement-messages,ipv6-node-discovery/sent-neighbor-solicitation-messages,ipv6-node-discovery/sent-redirect-messages,ipv6-node-discovery/sent-router-advertisement-messages,ipv6-node-discovery/sent-router-solicitation-messages,ipv6/bad-header-packets,ipv6/bad-source-address-packets,ipv6/format-errors,ipv6/forwarded-packets,ipv6/fragment-count,ipv6/fragment-failures,ipv6/fragmented-packets,ipv6/fragments,ipv6/generated-packets,ipv6/hop-count-exceeded-packets,ipv6/io-puntback,ipv6/lisp-decap-errors,ipv6/lisp-encap-errors,ipv6/lisp-v4-decap-packets,ipv6/lisp-v4-encap-packets,ipv6/lisp-v6-decap-packets,ipv6/lisp-v6-encap-packets,ipv6/local-destination-packets,ipv6/miscellaneous-drops,ipv6/no-route-packets,ipv6/reassembled-packets,ipv6/reassembly-failures,ipv6/reassembly-maximum-drops,ipv6/reassembly-timeouts,ipv6/received-multicast-packets,ipv6/sent-multicast-packets,ipv6/source-routed-packets,ipv6/too-big-packets,ipv6/total-packets,ipv6/truncated-packets,ipv6/unknown-option-type-packets,ipv6/unknown-protocol-packets,node-name

2020-02-06 19:06:21.034000+00:00,leaf8,sg2,obt-collector1,0,364491,0,0,0,0,0,0,0,0,0,0,0,0,0,0,0,0,0,0,4542,0,0,0,0,368534,0,0,0,252,0,0,0,359697,0,0,5105,0,674935,617311,0,323611,0,617046,676194,0,344908,0,2892,11813,0,14,0,0,0,0,2393042,0,,0,0,0,0,0,0,11009,0,732261,0,0,0,0,346657,0,0,0,4912242,0,10999,0,0/0/CPU0

2020-02-06 19:06:21.088000+00:00,leaf8,sg2,obt-collector1,0,5437,0,0,0,0,0,0,0,0,0,0,14,0,0,0,8,0,0,0,0,0,0,0,0,109,0,0,0,0,0,0,0,5437,0,0,22,0,0,0,0,0,0,0,0,0,0,0,0,0,0,0,0,0,0,0,32684625,0,,0,0,0,0,0,0,22,0,10953,0,0,0,0,0,0,0,0,33856128,0,0,0,0/RP0/CPU0

2020-02-06 19:06:41.221000+00:00,leaf8,sg2,obt-collector1,0,364491,0,0,0,0,0,0,0,0,0,0,0,0,0,0,0,0,0,0,4542,0,0,0,0,368534,0,0,0,252,0,0,0,359697,0,0,5105,0,674939,617313,0,323614,0,617048,676198,0,344910,0,2892,11813,0,14,0,0,0,0,2393050,0,,0,0,0,0,0,0,11009,0,732261,0,0,0,0,346660,0,0,0,4912273,0,10999,0,0/0/CPU0

2020-02-06 19:06:41.223000+00:00,leaf8,sg2,obt-collector1,0,5437,0,0,0,0,0,0,0,0,0,0,14,0,0,0,8,0,0,0,0,0,0,0,0,109,0,0,0,0,0,0,0,5437,0,0,22,0,0,0,0,0,0,0,0,0,0,0,0,0,0,0,0,0,0,0,32684753,0,,0,0,0,0,0,0,22,0,10953,0,0,0,0,0,0,0,0,33856303,0,0,0,0/RP0/CPU0

2020-02-06 19:07:11.253000+00:00,leaf8,sg2,obt-collector1,0,364491,0,0,0,0,0,0,0,0,0,0,0,0,0,0,0,0,0,0,4542,0,0,0,0,368534,0,0,0,252,0,0,0,359697,0,0,5105,0,674947,617321,0,323616,0,617056,676206,0,344914,0,2892,11813,0,14,0,0,0,0,2393070,0,,0,0,0,0,0,0,11009,0,732261,0,0,0,0,346662,0,0,0,4912325,0,10999,0,0/0/CPU0

2020-02-06 19:07:11.254000+00:00,leaf8,sg2,obt-collector1,0,5437,0,0,0,0,0,0,0,0,0,0,14,0,0,0,8,0,0,0,0,0,0,0,0,109,0,0,0,0,0,0,0,5437,0,0,22,0,0,0,0,0,0,0,0,0,0,0,0,0,0,0,0,0,0,0,32684961,0,,0,0,0,0,0,0,22,0,10953,0,0,0,0,0,0,0,0,33856561,0,0,0,0/RP0/CPU0

2020-02-06 19:08:01.337000+00:00,leaf8,sg2,obt-collector1,0,364491,0,0,0,0,0,0,0,0,0,0,0,0,0,0,0,0,0,0,4542,0,0,0,0,368534,0,0,0,252,0,0,0,359697,0,0,5105,0,674957,617329,0,323620,0,617064,676216,0,344918,0,2892,11813,0,14,0,0,0,0,2393092,0,,0,0,0,0,0,0,11009,0,732261,0,0,0,0,346666,0,0,0,4912401,0,10999,0,0/0/CPU0

2020-02-06 19:08:01.342000+00:00,leaf8,sg2,obt-collector1,0,5437,0,0,0,0,0,0,0,0,0,0,14,0,0,0,8,0,0,0,0,0,0,0,0,109,0,0,0,0,0,0,0,5437,0,0,22,0,0,0,0,0,0,0,0,0,0,0,0,0,0,0,0,0,0,0,32685286,0,,0,0,0,0,0,0,22,0,10953,0,0,0,0,0,0,0,0,33856967,0,0,0,0/RP0/CPU0

2020-02-06 19:08:51.646000+00:00,leaf8,sg2,obt-collector1,0,364491,0,0,0,0,0,0,0,0,0,0,0,0,0,0,0,0,0,0,4542,0,0,0,0,368534,0,0,0,252,0,0,0,359697,0,0,5105,0,674968,617340,0,323627,0,617075,676227,0,344924,0,2892,11813,0,14,0,0,0,0,2393120,0,,0,0,0,0,0,0,11009,0,732261,0,0,0,0,346673,0,0,0,4912486,0,10999,0,0/0/CPU0

2020-02-06 19:08:51.651000+00:00,leaf8,sg2,obt-collector1,0,5437,0,0,0,0,0,0,0,0,0,0,14,0,0,0,8,0,0,0,0,0,0,0,0,109,0,0,0,0,0,0,0,5437,0,0,22,0,0,0,0,0,0,0,0,0,0,0,0,0,0,0,0,0,0,0,32685645,0,,0,0,0,0,0,0,22,0,10953,0,0,0,0,0,0,0,0,33857403,0,0,0,0/RP0/CPU0

2020-02-06 19:09:01.665000+00:00,leaf8,sg2,obt-collector1,0,364491,0,0,0,0,0,0,0,0,0,0,0,0,0,0,0,0,0,0,4542,0,0,0,0,368534,0,0,0,252,0,0,0,359697,0,0,5105,0,674970,617342,0,323628,0,617077,676229,0,344926,0,2892,11813,0,14,0,0,0,0,2393126,0,,0,0,0,0,0,0,11009,0,732261,0,0,0,0,346674,0,0,0,4912501,0,10999,0,0/0/CPU0

2020-02-06 19:09:01.668000+00:00,leaf8,sg2,obt-collector1,0,5437,0,0,0,0,0,0,0,0,0,0,14,0,0,0,8,0,0,0,0,0,0,0,0,109,0,0,0,0,0,0,0,5437,0,0,22,0,0,0,0,0,0,0,0,0,0,0,0,0,0,0,0,0,0,0,32685709,0,,0,0,0,0,0,0,22,0,10953,0,0,0,0,0,0,0,0,33857483,0,0,0,0/RP0/CPU0

2020-02-06 19:10:01.752000+00:00,leaf8,sg2,obt-collector1,0,364491,0,0,0,0,0,0,0,0,0,0,0,0,0,0,0,0,0,0,4542,0,0,0,0,368534,0,0,0,252,0,0,0,359697,0,0,5105,0,674984,617354,0,323635,0,617089,676243,0,344933,0,2892,11813,0,14,0,0,0,0,2393159,0,,0,0,0,0,0,0,11009,0,732261,0,0,0,0,346681,0,0,0,4912600,0,10999,0,0/0/CPU0

2020-02-06 19:10:01.754000+00:00,leaf8,sg2,obt-collector1,0,5437,0,0,0,0,0,0,0,0,0,0,14,0,0,0,8,0,0,0,0,0,0,0,0,109,0,0,0,0,0,0,0,5437,0,0,22,0,0,0,0,0,0,0,0,0,0,0,0,0,0,0,0,0,0,0,32686093,0,,0,0,0,0,0,0,22,0,10953,0,0,0,0,0,0,0,0,33857963,0,0,0,0/RP0/CPU0

2020-02-06 19:10:11.763000+00:00,leaf8,sg2,obt-collector1,0,364491,0,0,0,0,0,0,0,0,0,0,0,0,0,0,0,0,0,0,4542,0,0,0,0,368534,0,0,0,252,0,0,0,359697,0,0,5105,0,674988,617357,0,323635,0,617092,676247,0,344933,0,2892,11813,0,14,0,0,0,0,2393166,0,,0,0,0,0,0,0,11009,0,732261,0,0,0,0,346681,0,0,0,4912619,0,10999,0,0/0/CPU0

2020-02-06 19:10:11.767000+00:00,leaf8,sg2,obt-collector1,0,5437,0,0,0,0,0,0,0,0,0,0,14,0,0,0,8,0,0,0,0,0,0,0,0,109,0,0,0,0,0,0,0,5437,0,0,22,0,0,0,0,0,0,0,0,0,0,0,0,0,0,0,0,0,0,0,32686157,0,,0,0,0,0,0,0,22,0,10953,0,0,0,0,0,0,0,0,33858043,0,0,0,0/RP0/CPU0

2020-02-06 19:10:21.787000+00:00,leaf8,sg2,obt-collector1,0,364491,0,0,0,0,0,0,0,0,0,0,0,0,0,0,0,0,0,0,4542,0,0,0,0,368534,0,0,0,252,0,0,0,359697,0,0,5105,0,674989,617357,0,323635,0,617092,676248,0,344935,0,2892,11813,0,14,0,0,0,0,2393169,0,,0,0,0,0,0,0,11009,0,732261,0,0,0,0,346681,0,0,0,4912630,0,10999,0,0/0/CPU0

2020-02-06 19:10:21.789000+00:00,leaf8,sg2,obt-collector1,0,5437,0,0,0,0,0,0,0,0,0,0,14,0,0,0,8,0,0,0,0,0,0,0,0,109,0,0,0,0,0,0,0,5437,0,0,22,0,0,0,0,0,0,0,0,0,0,0,0,0,0,0,0,0,0,0,32686221,0,,0,0,0,0,0,0,22,0,10953,0,0,0,0,0,0,0,0,33858123,0,0,0,0/RP0/CPU0

2020-02-06 19:10:51.815000+00:00,leaf8,sg2,obt-collector1,0,364491,0,0,0,0,0,0,0,0,0,0,0,0,0,0,0,0,0,0,4542,0,0,0,0,368534,0,0,0,252,0,0,0,359697,0,0,5105,0,674993,617360,0,323638,0,617095,676252,0,344939,0,2892,11813,0,14,0,0,0,0,2393180,0,,0,0,0,0,0,0,11009,0,732261,0,0,0,0,346684,0,0,0,4912674,0,10999,0,0/0/CPU0

2020-02-06 19:10:51.818000+00:00,leaf8,sg2,obt-collector1,0,5437,0,0,0,0,0,0,0,0,0,0,14,0,0,0,8,0,0,0,0,0,0,0,0,109,0,0,0,0,0,0,0,5437,0,0,22,0,0,0,0,0,0,0,0,0,0,0,0,0,0,0,0,0,0,0,32686413,0,,0,0,0,0,0,0,22,0,10953,0,0,0,0,0,0,0,0,33858363,0,0,0,0/RP0/CPU0

2020-02-06 19:12:32.070000+00:00,leaf8,sg2,obt-collector1,0,364491,0,0,0,0,0,0,0,0,0,0,0,0,0,0,0,0,0,0,4542,0,0,0,0,368534,0,0,0,252,0,0,0,359697,0,0,5105,0,675016,617385,0,323650,0,617120,676275,0,344950,0,2892,11813,0,14,0,0,0,0,2393239,0,,0,0,0,0,0,0,11009,0,732261,0,0,0,0,346696,0,0,0,4912844,0,10999,0,0/0/CPU0

2020-02-06 19:12:32.073000+00:00,leaf8,sg2,obt-collector1,0,5437,0,0,0,0,0,0,0,0,0,0,14,0,0,0,8,0,0,0,0,0,0,0,0,109,0,0,0,0,0,0,0,5437,0,0,22,0,0,0,0,0,0,0,0,0,0,0,0,0,0,0,0,0,0,0,32687053,0,,0,0,0,0,0,0,22,0,10953,0,0,0,0,0,0,0,0,33859163,0,0,0,0/RP0/CPU0

2020-02-06 19:13:22.184000+00:00,leaf8,sg2,obt-collector1,0,364491,0,0,0,0,0,0,0,0,0,0,0,0,0,0,0,0,0,0,4542,0,0,0,0,368534,0,0,0,252,0,0,0,359697,0,0,5105,0,675029,617395,0,323654,0,617130,676288,0,344956,0,2892,11813,0,14,0,0,0,0,2393268,0,,0,0,0,0,0,0,11009,0,732261,0,0,0,0,346700,0,0,0,4912925,0,10999,0,0/0/CPU0

2020-02-06 19:13:22.188000+00:00,leaf8,sg2,obt-collector1,0,5437,0,0,0,0,0,0,0,0,0,0,14,0,0,0,8,0,0,0,0,0,0,0,0,109,0,0,0,0,0,0,0,5437,0,0,22,0,0,0,0,0,0,0,0,0,0,0,0,0,0,0,0,0,0,0,32687373,0,,0,0,0,0,0,0,22,0,10953,0,0,0,0,0,0,0,0,33859563,0,0,0,0/RP0/CPU0

2020-02-06 19:13:52.250000+00:00,leaf8,sg2,obt-collector1,0,364491,0,0,0,0,0,0,0,0,0,0,0,0,0,0,0,0,0,0,4542,0,0,0,0,368534,0,0,0,252,0,0,0,359697,0,0,5105,0,675033,617398,0,323656,0,617133,676292,0,344960,0,2892,11813,0,14,0,0,0,0,2393279,0,,0,0,0,0,0,0,11009,0,732261,0,0,0,0,346702,0,0,0,4912966,0,10999,0,0/0/CPU0

2020-02-06 19:13:52.264000+00:00,leaf8,sg2,obt-collector1,0,5437,0,0,0,0,0,0,0,0,0,0,14,0,0,0,8,0,0,0,0,0,0,0,0,109,0,0,0,0,0,0,0,5437,0,0,22,0,0,0,0,0,0,0,0,0,0,0,0,0,0,0,0,0,0,0,32687565,0,,0,0,0,0,0,0,22,0,10953,0,0,0,0,0,0,0,0,33859803,0,0,0,0/RP0/CPU0

2020-02-06 19:14:32.301000+00:00,leaf8,sg2,obt-collector1,0,364491,0,0,0,0,0,0,0,0,0,0,0,0,0,0,0,0,0,0,4542,0,0,0,0,368534,0,0,0,252,0,0,0,359697,0,0,5105,0,675045,617412,0,323657,0,617147,676304,0,344964,0,2892,11813,0,14,0,0,0,0,2393309,0,,0,0,0,0,0,0,11009,0,732261,0,0,0,0,346703,0,0,0,4913037,0,10999,0,0/0/CPU0

2020-02-06 19:14:32.303000+00:00,leaf8,sg2,obt-collector1,0,5437,0,0,0,0,0,0,0,0,0,0,14,0,0,0,8,0,0,0,0,0,0,0,0,109,0,0,0,0,0,0,0,5437,0,0,22,0,0,0,0,0,0,0,0,0,0,0,0,0,0,0,0,0,0,0,32687793,0,,0,0,0,0,0,0,22,0,10953,0,0,0,0,0,0,0,0,33860104,0,0,0,0/RP0/CPU0

2020-02-06 19:15:02.376000+00:00,leaf8,sg2,obt-collector1,0,364491,0,0,0,0,0,0,0,0,0,0,0,0,0,0,0,0,0,0,4542,0,0,0,0,368534,0,0,0,252,0,0,0,359697,0,0,5105,0,675051,617416,0,323664,0,617151,676310,0,344967,0,2892,11813,0,14,0,0,0,0,2393322,0,,0,0,0,0,0,0,11009,0,732261,0,0,0,0,346710,0,0,0,4913088,0,10999,0,0/0/CPU0

2020-02-06 19:15:02.403000+00:00,leaf8,sg2,obt-collector1,0,5437,0,0,0,0,0,0,0,0,0,0,14,0,0,0,8,0,0,0,0,0,0,0,0,109,0,0,0,0,0,0,0,5437,0,0,22,0,0,0,0,0,0,0,0,0,0,0,0,0,0,0,0,0,0,0,32687975,0,,0,0,0,0,0,0,22,0,10953,0,0,0,0,0,0,0,0,33860339,0,0,0,0/RP0/CPU0

2020-02-06 19:16:02.926000+00:00,leaf8,sg2,obt-collector1,0,364491,0,0,0,0,0,0,0,0,0,0,0,0,0,0,0,0,0,0,4542,0,0,0,0,368534,0,0,0,252,0,0,0,359697,0,0,5105,0,675064,617429,0,323672,0,617164,676323,0,344975,0,2892,11813,0,14,0,0,0,0,2393356,0,,0,0,0,0,0,0,11009,0,732261,0,0,0,0,346718,0,0,0,4913186,0,10999,0,0/0/CPU0

2020-02-06 19:16:02.929000+00:00,leaf8,sg2,obt-collector1,0,5437,0,0,0,0,0,0,0,0,0,0,14,0,0,0,8,0,0,0,0,0,0,0,0,109,0,0,0,0,0,0,0,5437,0,0,22,0,0,0,0,0,0,0,0,0,0,0,0,0,0,0,0,0,0,0,32688295,0,,0,0,0,0,0,0,22,0,10953,0,0,0,0,0,0,0,0,33860793,0,0,0,0/RP0/CPU0

2020-02-06 19:16:32.963000+00:00,leaf8,sg2,obt-collector1,0,364491,0,0,0,0,0,0,0,0,0,0,0,0,0,0,0,0,0,0,4542,0,0,0,0,368534,0,0,0,252,0,0,0,359697,0,0,5105,0,675070,617433,0,323673,0,617168,676329,0,344978,0,2892,11813,0,14,0,0,0,0,2393369,0,,0,0,0,0,0,0,11009,0,732261,0,0,0,0,346719,0,0,0,4913231,0,10999,0,0/0/CPU0

2020-02-06 19:16:32.965000+00:00,leaf8,sg2,obt-collector1,0,5437,0,0,0,0,0,0,0,0,0,0,14,0,0,0,8,0,0,0,0,0,0,0,0,109,0,0,0,0,0,0,0,5437,0,0,22,0,0,0,0,0,0,0,0,0,0,0,0,0,0,0,0,0,0,0,32688433,0,,0,0,0,0,0,0,22,0,10953,0,0,0,0,0,0,0,0,33861033,0,0,0,0/RP0/CPU0

2020-02-06 19:17:23.071000+00:00,leaf8,sg2,obt-collector1,0,364491,0,0,0,0,0,0,0,0,0,0,0,0,0,0,0,0,0,0,4542,0,0,0,0,368534,0,0,0,252,0,0,0,359697,0,0,5105,0,675084,617446,0,323676,0,617181,676343,0,344983,0,2892,11813,0,14,0,0,0,0,2393401,0,,0,0,0,0,0,0,11009,0,732261,0,0,0,0,346722,0,0,0,4913317,0,10999,0,0/0/CPU0

2020-02-06 19:17:23.073000+00:00,leaf8,sg2,obt-collector1,0,5437,0,0,0,0,0,0,0,0,0,0,14,0,0,0,8,0,0,0,0,0,0,0,0,109,0,0,0,0,0,0,0,5437,0,0,22,0,0,0,0,0,0,0,0,0,0,0,0,0,0,0,0,0,0,0,32688663,0,,0,0,0,0,0,0,22,0,10953,0,0,0,0,0,0,0,0,33861433,0,0,0,0/RP0/CPU0

2020-02-06 19:17:53.148000+00:00,leaf8,sg2,obt-collector1,0,364491,0,0,0,0,0,0,0,0,0,0,0,0,0,0,0,0,0,0,4542,0,0,0,0,368534,0,0,0,252,0,0,0,359697,0,0,5105,0,675088,617450,0,323682,0,617185,676347,0,344985,0,2892,11813,0,14,0,0,0,0,2393411,0,,0,0,0,0,0,0,11009,0,732261,0,0,0,0,346728,0,0,0,4913363,0,10999,0,0/0/CPU0

2020-02-06 19:17:53.154000+00:00,leaf8,sg2,obt-collector1,0,5437,0,0,0,0,0,0,0,0,0,0,14,0,0,0,8,0,0,0,0,0,0,0,0,109,0,0,0,0,0,0,0,5437,0,0,22,0,0,0,0,0,0,0,0,0,0,0,0,0,0,0,0,0,0,0,32688801,0,,0,0,0,0,0,0,22,0,10953,0,0,0,0,0,0,0,0,33861673,0,0,0,0/RP0/CPU0

