,Producer,Target,active-routes-count,af-name,as,backup-routes-count,deleted-routes-count,host,instance,paths-count,protocol-clients-count,protocol-names,protocol-route-memory,redistribution-client-count,route-table-name,routes-counts,saf-name,version,vrf-name

2020-02-06 19:04:58.096000+00:00,leaf8,sg13,165,IPv6,65028,0,0,obt-collector1,65028,979,1,bgp,155584,0,default,165,Unicast,0,default

2020-02-06 19:05:31.988000+00:00,leaf8,sg13,165,IPv6,65028,0,0,obt-collector1,65028,976,1,bgp,155176,0,default,165,Unicast,0,default

2020-02-06 19:06:16.912000+00:00,leaf8,sg13,165,IPv6,65028,0,0,obt-collector1,65028,978,1,bgp,155448,0,default,165,Unicast,0,default

2020-02-06 19:06:39.070000+00:00,leaf8,sg13,165,IPv6,65028,0,0,obt-collector1,65028,976,1,bgp,155176,0,default,165,Unicast,0,default

2020-02-06 19:07:26.236000+00:00,leaf8,sg13,165,IPv6,65028,0,0,obt-collector1,65028,972,1,bgp,154632,0,default,165,Unicast,0,default

2020-02-06 19:08:00.571000+00:00,leaf8,sg13,165,IPv6,65028,0,0,obt-collector1,65028,974,1,bgp,154904,0,default,165,Unicast,0,default

2020-02-06 19:08:12.276000+00:00,leaf8,sg13,164,IPv6,65028,0,1,obt-collector1,65028,968,1,bgp,154088,0,default,165,Unicast,0,default

2020-02-06 19:09:21.417000+00:00,leaf8,sg13,164,IPv6,65028,0,0,obt-collector1,65028,968,1,bgp,153952,0,default,164,Unicast,0,default

2020-02-06 19:11:14.004000+00:00,leaf8,sg13,164,IPv6,65028,0,0,obt-collector1,65028,968,1,bgp,153952,0,default,164,Unicast,0,default

2020-02-06 19:11:36.139000+00:00,leaf8,sg13,164,IPv6,65028,0,0,obt-collector1,65028,968,1,bgp,153952,0,default,164,Unicast,0,default

2020-02-06 19:12:10.357000+00:00,leaf8,sg13,164,IPv6,65028,0,0,obt-collector1,65028,968,1,bgp,153952,0,default,164,Unicast,0,default

2020-02-06 19:12:43.559000+00:00,leaf8,sg13,164,IPv6,65028,0,0,obt-collector1,65028,968,1,bgp,153952,0,default,164,Unicast,0,default

2020-02-06 19:13:40.174000+00:00,leaf8,sg13,164,IPv6,65028,0,0,obt-collector1,65028,968,1,bgp,153952,0,default,164,Unicast,0,default

2020-02-06 19:14:02.931000+00:00,leaf8,sg13,165,IPv6,65028,0,0,obt-collector1,65028,987,1,bgp,156672,0,default,165,Unicast,0,default

2020-02-06 19:14:48.131000+00:00,leaf8,sg13,165,IPv6,65028,0,0,obt-collector1,65028,972,1,bgp,154632,0,default,165,Unicast,0,default

2020-02-06 19:15:00.288000+00:00,leaf8,sg13,165,IPv6,65028,0,0,obt-collector1,65028,972,1,bgp,154632,0,default,165,Unicast,0,default

2020-02-06 19:15:45.328000+00:00,leaf8,sg13,165,IPv6,65028,0,0,obt-collector1,65028,972,1,bgp,154632,0,default,165,Unicast,0,default

2020-02-06 19:16:08.746000+00:00,leaf8,sg13,165,IPv6,65028,0,0,obt-collector1,65028,972,1,bgp,154632,0,default,165,Unicast,0,default

2020-02-06 19:16:19.955000+00:00,leaf8,sg13,165,IPv6,65028,0,0,obt-collector1,65028,972,1,bgp,154632,0,default,165,Unicast,0,default

2020-02-06 19:17:16.020000+00:00,leaf8,sg13,165,IPv6,65028,0,0,obt-collector1,65028,972,1,bgp,154632,0,default,165,Unicast,0,default

2020-02-06 19:18:46.538000+00:00,leaf8,sg13,165,IPv6,65028,0,0,obt-collector1,65028,972,1,bgp,154632,0,default,165,Unicast,0,default

