,Producer,Target,asic-instance,chip-version,host,node-name,npu-id,rack-number,slot-number,statistics/egq-deleted-pkt-cnt,statistics/egq-ehp-mc-high-discard-cnt,statistics/egq-ehp-mc-high-pkt-cnt,statistics/egq-ehp-mc-low-discard-cnt,statistics/egq-ehp-mc-low-pkt-cnt,statistics/egq-ehp-uc-pkt-cnt,statistics/egq-erpp-lag-pruning-discard-cnt,statistics/egq-erpp-pmf-discard-cnt,statistics/egq-erpp-vlan-mbr-discard-cnt,statistics/egq-fqp-pkt-cnt,statistics/egq-pqp-discard-mc-pkt-cnt,statistics/egq-pqp-discard-uc-pkt-cnt,statistics/egq-pqp-mc-bytes-cnt,statistics/egq-pqp-mc-pkt-cnt,statistics/egq-pqp-uc-bytes-cnt,statistics/egq-pqp-uc-pkt-cnt,statistics/epni-epe-byte-cnt,statistics/epni-epe-discard-cnt,statistics/epni-epe-pkt-cnt,statistics/fda-cells-in-cnt-p1,statistics/fda-cells-in-cnt-p2,statistics/fda-cells-in-cnt-p3,statistics/fda-cells-in-ipt-cnt,statistics/fda-cells-in-meshmc-cnt,statistics/fda-cells-in-tdm-cnt,statistics/fda-cells-out-cnt-p1,statistics/fda-cells-out-cnt-p2,statistics/fda-cells-out-cnt-p3,statistics/fda-cells-out-ipt-cnt,statistics/fda-cells-out-meshmc-cnt,statistics/fda-cells-out-tdm-cnt,statistics/fda-egq-drop-cnt,statistics/fda-egq-meshmc-drop-cnt,statistics/fdr-cell-in-cnt-total,statistics/fdr-p1-cell-in-cnt,statistics/fdr-p2-cell-in-cnt,statistics/fdr-p3-cell-in-cnt,statistics/fdt-ipt-desc-cell-cnt,statistics/fdt-ire-desc-cell-cnt,statistics/fdt-transmitted-data-cells-cnt,statistics/idr-mmu-if-cnt,statistics/idr-ocb-if-cnt,statistics/ipt-cfg-byte-cnt,statistics/ipt-cfg-event-cnt,statistics/ipt-egq-pkt-cnt,statistics/ipt-enq-pkt-cnt,statistics/ipt-fdt-pkt-cnt,statistics/iqm-deleted-pkt-cnt,statistics/iqm-dequeue-pkt-cnt,statistics/iqm-enq-discarded-pkt-cnt,statistics/iqm-enqueue-pkt-cnt,statistics/ire-cpu-pkt-cnt,statistics/ire-fdt-if-cnt,statistics/ire-nif-pkt-cnt,statistics/ire-oamp-pkt-cnt,statistics/ire-olp-pkt-cnt,statistics/ire-rcy-pkt-cnt,statistics/nbi-rx-total-byte-cnt,statistics/nbi-rx-total-pkt-cnt,statistics/nbi-tx-total-byte-cnt,statistics/nbi-tx-total-pkt-cnt,valid

2020-02-06 19:06:15.361000+00:00,leaf8,sg15,0,0,obt-collector1,0/0/CPU0,0,0,0,0,0,0,0,0,3998436063901,0,0,0,3998436063963,0,0,0,0,4962311058628119,3998436063997,4842180621627174,0,3998436064139,9977454233693,0,0,12878393152890,0,0,9977454232526,0,0,12878393152928,0,0,0,0,9977454233787,9977454233788,0,0,30493346307483,0,30387869917878,7132019074,1,9520620810835659,6682999095933,2189491630179,6683359898200,4586499261159,5,6683359898617,85908769,6683359898646,12059851703,128,6590088254679,63149007,2403,132921611,0,6590088255526,0,3917031981503,true

2020-02-06 19:06:15.363000+00:00,leaf8,sg15,1,0,obt-collector1,0/0/CPU0,1,0,0,0,0,0,0,0,5707026882865,0,0,0,5707026882915,0,0,0,0,8235088170727472,5707026882964,8067165829842093,2,5707026883302,37138450933780,0,0,191713543343,0,0,37138450928722,0,0,191713543345,0,0,0,0,37138450934030,37138450934051,0,0,2140277959258,0,2134753369068,3819757145,1,421826684214441,1031374656750,191713311284,1032110378072,840397053872,371,1032110378197,18914410119,1032110378592,103550383,128,840497084869,76734790,11608,182389556,0,840497085042,0,5515494863502,true

2020-02-06 19:06:15.365000+00:00,leaf8,sg15,2,0,obt-collector1,0/0/CPU0,2,0,0,0,0,0,0,0,2056429877967,0,0,0,2056429877984,0,5,0,0,2945766073760883,2056429877995,2885654751659282,0,2056429878103,13284603938105,0,0,85763660967,0,0,13284603935690,0,0,85763660969,0,0,0,0,13284603938113,13284603938114,0,0,751075955834,0,749526724583,13242400846,1,148269057144112,369850595262,82893068576,374543654834,291721659643,43447,374543654972,1453423697,374543698428,74883463,128,298013161586,34419129,6087,5801735756,0,298013161709,0,1974222355541,true

2020-02-06 19:06:15.373000+00:00,leaf8,sg15,3,0,obt-collector1,0/0/CPU0,3,0,0,0,0,0,0,0,853016583040,0,0,0,853016583080,0,0,0,0,344481926701255,853016583158,329994941776019,0,853016583446,1614950517490,0,0,254499050999,0,0,1614950516670,0,0,254499051029,0,0,0,0,1614950517498,1614950517499,0,0,28840872395790,0,28743310182018,26129141,1,6388667247239063,4524866170072,254490103493,4524895558566,4270405470963,0,4524895560365,812886222695,4524895593321,25252929,128,4270439917502,26983080,1667,52847850,0,4270439922138,0,598580437565,true

2020-02-06 19:06:51.771000+00:00,leaf8,sg15,0,0,obt-collector1,0/0/CPU0,0,0,0,0,0,0,0,0,3998521995787,0,0,0,3998521995870,0,0,0,0,4962424799152714,3998521995929,4842291785257204,0,3998521996106,9977802443656,0,0,12878565627332,0,0,9977802439740,0,0,12878565627525,0,0,0,0,9977802443733,9977802443769,0,0,30493767132611,0,30388289434026,7132020422,1,9520750691296056,6683092825016,2189521189044,6683453628993,4586564394691,5,6683453629753,85908769,6683453629928,12059853133,128,6590180137335,63150274,2403,132924340,0,6590180138598,0,3917116065174,true

2020-02-06 19:06:51.772000+00:00,leaf8,sg15,1,0,obt-collector1,0/0/CPU0,1,0,0,0,0,0,0,0,5707164861464,0,0,0,5707164861657,0,0,0,0,8235287568094623,5707164861825,8067361161627119,2,5707164862266,37139351006941,0,0,191718052914,0,0,37139351001629,0,0,191718052926,0,0,0,0,37139351008726,37139351008726,0,0,2140321521859,0,2134796831735,3819759408,1,421835170800867,1031397159341,191717820895,1032132883420,840415049617,371,1032132883730,18914410119,1032132884114,103552500,128,840515083016,76736419,11608,182393460,0,840515083184,0,5515628341316,true

2020-02-06 19:06:51.774000+00:00,leaf8,sg15,2,0,obt-collector1,0/0/CPU0,2,0,0,0,0,0,0,0,2056476243774,0,0,0,2056476243967,0,5,0,0,2945833161360316,2056476243973,2885720470318847,0,2056476244203,13284906795320,0,0,85765119893,0,0,13284906793221,0,0,85765119898,0,0,0,0,13284906795781,13284906795781,0,0,751105922746,0,749556621102,13242401365,1,148274721233360,369864417541,82894523417,374557477692,291734027732,43447,374557477916,1453423697,374557521384,74884991,128,298025530648,34419853,6087,5801737045,0,298025530845,0,1974267270796,true

2020-02-06 19:06:51.776000+00:00,leaf8,sg15,3,0,obt-collector1,0/0/CPU0,3,0,0,0,0,0,0,0,853052907450,0,0,0,853052907529,0,0,0,0,344495591219190,853052907555,330007924432351,0,853052907780,1615017526586,0,0,254508505982,0,0,1615017526054,0,0,254508506012,0,0,0,0,1615017526631,1615017526632,0,0,28842001734005,0,28744435851989,26129677,1,6388917196705461,4525042770745,254499558497,4525072159817,4270572617211,0,4525072160911,812918553189,4525072194013,25253464,128,4270607062865,26983623,1667,52848935,0,4270607064943,0,598607306927,true

2020-02-06 19:07:16.072000+00:00,leaf8,sg15,0,0,obt-collector1,0/0/CPU0,0,0,0,0,0,0,0,0,3998521995787,0,0,0,3998521995870,0,0,0,0,4962424799152714,3998521995929,4842291785257204,0,3998521996106,9977802443656,0,0,12878565627332,0,0,9977802439740,0,0,12878565627525,0,0,0,0,9977802443733,9977802443769,0,0,30493767132611,0,30388289434026,7132020422,1,9520750691296056,6683092825016,2189521189044,6683453628993,4586564394691,5,6683453629753,85908769,6683453629928,12059853133,128,6590180137335,63150274,2403,132924340,0,6590180138598,0,3917116065174,true

2020-02-06 19:07:16.074000+00:00,leaf8,sg15,1,0,obt-collector1,0/0/CPU0,1,0,0,0,0,0,0,0,5707164861464,0,0,0,5707164861657,0,0,0,0,8235287568094623,5707164861825,8067361161627119,2,5707164862266,37139351006941,0,0,191718052914,0,0,37139351001629,0,0,191718052926,0,0,0,0,37139351008726,37139351008726,0,0,2140321521859,0,2134796831735,3819759408,1,421835170800867,1031397159341,191717820895,1032132883420,840415049617,371,1032132883730,18914410119,1032132884114,103552500,128,840515083016,76736419,11608,182393460,0,840515083184,0,5515628341316,true

2020-02-06 19:07:16.075000+00:00,leaf8,sg15,2,0,obt-collector1,0/0/CPU0,2,0,0,0,0,0,0,0,2056476243774,0,0,0,2056476243967,0,5,0,0,2945833161360316,2056476243973,2885720470318847,0,2056476244203,13284906795320,0,0,85765119893,0,0,13284906793221,0,0,85765119898,0,0,0,0,13284906795781,13284906795781,0,0,751105922746,0,749556621102,13242401365,1,148274721233360,369864417541,82894523417,374557477692,291734027732,43447,374557477916,1453423697,374557521384,74884991,128,298025530648,34419853,6087,5801737045,0,298025530845,0,1974267270796,true

2020-02-06 19:07:16.076000+00:00,leaf8,sg15,3,0,obt-collector1,0/0/CPU0,3,0,0,0,0,0,0,0,853052907450,0,0,0,853052907529,0,0,0,0,344495591219190,853052907555,330007924432351,0,853052907780,1615017526586,0,0,254508505982,0,0,1615017526054,0,0,254508506012,0,0,0,0,1615017526631,1615017526632,0,0,28842001734005,0,28744435851989,26129677,1,6388917196705461,4525042770745,254499558497,4525072159817,4270572617211,0,4525072160911,812918553189,4525072194013,25253464,128,4270607062865,26983623,1667,52848935,0,4270607064943,0,598607306927,true

2020-02-06 19:07:40.736000+00:00,leaf8,sg15,0,0,obt-collector1,0/0/CPU0,0,0,0,0,0,0,0,0,3998565810685,0,0,0,3998565810692,0,0,0,0,4962482915181218,3998565810709,4842348586127000,0,3998565810773,9977978236496,0,0,12878655827100,0,0,9977978236039,0,0,12878655827105,0,0,0,0,9977978236574,9977978236625,0,0,30493979203226,0,30388500843578,7132021098,1,9520816873822723,6683140482379,2189536542365,6683501287130,4586597185480,5,6683501287424,85908769,6683501287536,12059853837,128,6590226874215,63150911,2403,132925703,0,6590226875223,0,3917158953936,true

2020-02-06 19:07:40.738000+00:00,leaf8,sg15,1,0,obt-collector1,0/0/CPU0,1,0,0,0,0,0,0,0,5707233535940,0,0,0,5707233536027,0,0,0,0,8235386742917316,5707233536082,8067458313995905,2,5707233536361,37139798664078,0,0,191720326437,0,0,37139798661902,0,0,191720326445,0,0,0,0,37139798664078,37139798664078,0,0,2140343598853,0,2134818858094,3819760552,1,421839477085555,1031408506194,191720094395,1032144231625,840424124307,371,1032144231753,18914410119,1032144232147,103553556,128,840524158483,76737238,11608,182395428,0,840524158668,0,5515694737455,true

2020-02-06 19:07:40.739000+00:00,leaf8,sg15,2,0,obt-collector1,0/0/CPU0,2,0,0,0,0,0,0,0,2056499202842,0,0,0,2056499202865,0,5,0,0,2945866352759085,2056499202886,2885752984009208,0,2056499202897,13285056628985,0,0,85765853488,0,0,13285056628276,0,0,85765853491,0,0,0,0,13285056629049,13285056629050,0,0,751121010807,0,749571673780,13242401624,1,148277578356388,369871336805,82895255341,374564397270,291740215439,43447,374564397431,1453423697,374564440893,74885744,128,298031718738,34420217,6087,5801737691,0,298031718831,0,1974289495641,true

2020-02-06 19:07:40.741000+00:00,leaf8,sg15,3,0,obt-collector1,0/0/CPU0,3,0,0,0,0,0,0,0,853071065160,0,0,0,853071065192,0,0,0,0,344502463153348,853071065216,330014455517330,0,853071065363,1615051193202,0,0,254513230333,0,0,1615051193031,0,0,254513230342,0,0,0,0,1615051193213,1615051193215,0,0,28842561569946,0,28744993871783,26129954,1,6389041100125161,4525130382834,254504282738,4525159772228,4270655505377,0,4525159773351,812934543125,4525159806319,25253731,128,4270689950921,26983896,1667,52849484,0,4270689952533,0,598620740525,true

2020-02-06 19:08:43.182000+00:00,leaf8,sg15,0,0,obt-collector1,0/0/CPU0,0,0,0,0,0,0,0,0,3998654239132,0,0,0,3998654239166,0,0,0,0,4962600136940947,3998654239233,4842463154723617,0,3998654239396,9978332406231,0,0,12878838216077,0,0,9978332405378,0,0,12878838216387,0,0,0,0,9978332406241,9978332406346,0,0,30494409807983,0,30388930105998,7132022454,1,9520951086012160,6683237170855,2189567626888,6683597977135,4586663774105,5,6683597977500,85908769,6683597977561,12059855244,128,6590321693070,63152185,2403,132928441,0,6590321693965,0,3917245510285,true

2020-02-06 19:08:43.184000+00:00,leaf8,sg15,1,0,obt-collector1,0/0/CPU0,1,0,0,0,0,0,0,0,5707373250950,0,0,0,5707373250997,0,0,0,0,8235588639200383,5707373251073,8067656093416639,2,5707373251540,37140710022567,0,0,191724886114,0,0,37140710018781,0,0,191724886120,0,0,0,0,37140710022976,37140710022998,0,0,2140387788519,0,2134862946904,3819762816,1,421848092927834,1031431259022,191724654067,1032166987155,840442320172,371,1032166987329,18914410119,1032166987714,103555671,128,840542356515,76738876,11608,182399344,0,840542356652,0,5515829897528,true

2020-02-06 19:08:43.186000+00:00,leaf8,sg15,2,0,obt-collector1,0/0/CPU0,2,0,0,0,0,0,0,0,2056545636230,0,0,0,2056545636226,0,5,0,0,2945933492745275,2056545636229,2885818754031744,0,2056545636278,13285359718838,0,0,85767337470,0,0,13285359718223,0,0,85767337475,0,0,0,0,13285359719054,13285359719082,0,0,751151307667,0,749601900078,13242402137,1,148283311306153,369885280470,82896735209,374578341541,291752679894,43447,374578341622,1453423697,374578385073,74887233,128,298044183998,34420945,6087,5801738978,0,298044184115,0,1974334452172,true

2020-02-06 19:08:43.188000+00:00,leaf8,sg15,3,0,obt-collector1,0/0/CPU0,3,0,0,0,0,0,0,0,853107604568,0,0,0,853107604591,0,0,0,0,344516276168225,853107604610,330027582061218,0,853107604717,1615118890838,0,0,254522727478,0,0,1615118890407,0,0,254522727488,0,0,0,0,1615118890925,1615118890927,0,0,28843697958714,0,28746126571090,26130491,1,6389292602754039,4525308104575,254513779892,4525337494475,4270823730458,0,4525337495904,812967097774,4525337528816,25254262,128,4270858176845,26984442,1667,52850570,0,4270858178576,0,598647783692,true

2020-02-06 19:08:55.454000+00:00,leaf8,sg15,0,0,obt-collector1,0/0/CPU0,0,0,0,0,0,0,0,0,3998697610831,0,0,0,3998697610911,0,0,0,0,4962657652177853,3998697611000,4842519369233227,0,3998697611198,9978508240228,0,0,12878925625104,0,0,9978508239812,0,0,12878925625180,0,0,0,0,9978508240281,9978508240281,0,0,30494619674157,0,30389139318345,7132023117,1,9521016161691813,6683284146372,2189582579353,6683644953437,4586696281854,5,6683644953740,85908769,6683644953790,12059855933,128,6590367738385,63152815,2403,132929791,0,6590367739126,0,3917287948941,true

2020-02-06 19:08:55.460000+00:00,leaf8,sg15,1,0,obt-collector1,0/0/CPU0,1,0,0,0,0,0,0,0,5707441512116,0,0,0,5707441512286,0,0,0,0,8235687202581771,5707441512315,8067752646140545,2,5707441512589,37141154943676,0,0,191727139233,0,0,37141154938789,0,0,191727139235,0,0,0,0,37141154943894,37141154943907,0,0,2140409643065,0,2134884751832,3819763935,1,421852354391600,1031442508241,191726907163,1032178237725,840451317657,371,1032178237865,18914410119,1032178238268,103556703,128,840551355035,76739686,11608,182401285,0,840551355206,0,5515895907020,true

2020-02-06 19:08:55.461000+00:00,leaf8,sg15,2,0,obt-collector1,0/0/CPU0,2,0,0,0,0,0,0,0,2056569103255,0,0,0,2056569103279,0,5,0,0,2945967463881896,2056569103312,2885852031915607,0,2056569103509,13285513078914,0,0,85768067268,0,0,13285513077193,0,0,85768067273,0,0,0,0,13285513079075,13285513079075,0,0,751166350739,0,749616907755,13242402392,1,148286157179919,369892196636,82897462296,374585258007,291758869314,43447,374585258109,1453423697,374585301563,74888118,128,298050373897,34421305,6087,5801739617,0,298050373966,0,1974357193389,true

2020-02-06 19:08:55.463000+00:00,leaf8,sg15,3,0,obt-collector1,0/0/CPU0,3,0,0,0,0,0,0,0,853125822102,0,0,0,853125822133,0,0,0,0,344523163419342,853125822157,330034126587067,0,853125822285,1615152656042,0,0,254527452049,0,0,1615152655784,0,0,254527452060,0,0,0,0,1615152656052,1615152656055,0,0,28844261616174,0,28746688398577,26130762,1,6389417350464371,4525396275835,254518504454,4525425665971,4270907177369,0,4525425667173,812983230685,4525425700129,25254523,128,4270941623892,26984712,1667,52851114,0,4270941626206,0,598661277149,true

2020-02-06 19:09:32.003000+00:00,leaf8,sg15,0,0,obt-collector1,0/0/CPU0,0,0,0,0,0,0,0,0,3998741045297,0,0,0,3998741045331,0,0,0,0,4962715176915161,3998741045446,4842575591728423,0,3998741045652,9978683297868,0,0,12879013895396,0,0,9978683295981,0,0,12879013895742,0,0,0,0,9978683297939,9978683298018,0,0,30494832251470,0,30389351233793,7132023782,1,9521082022422466,6683331666571,2189597678292,6683692474443,4586729187818,5,6683692475124,85908769,6683692475172,12059856636,128,6590414320390,63153452,2403,132931141,0,6590414321363,0,3917330443292,true

2020-02-06 19:09:32.005000+00:00,leaf8,sg15,1,0,obt-collector1,0/0/CPU0,1,0,0,0,0,0,0,0,5707510921809,0,0,0,5707510921962,0,0,0,0,8235787482559631,5707510922054,8067850881451282,2,5707510922390,37141607598930,0,0,191729418386,0,0,37141607593230,0,0,191729418391,0,0,0,0,37141607599319,37141607599405,0,0,2140431802802,0,2134906860936,3819765059,1,421856677747211,1031453883419,191729186341,1032189614260,840460415007,371,1032189614393,18914410119,1032189614778,103557750,128,840560453504,76740505,11608,182403231,0,840560453669,0,5515963041774,true

2020-02-06 19:09:32.006000+00:00,leaf8,sg15,2,0,obt-collector1,0/0/CPU0,2,0,0,0,0,0,0,0,2056592313817,0,0,0,2056592313832,0,5,0,0,2946001041091714,2056592313876,2885884923995587,0,2056592314051,13285664657662,0,0,85768801110,0,0,13285664655310,0,0,85768801110,0,0,0,0,13285664657802,13285664657940,0,0,751181575953,0,749632097290,13242402645,1,148289043390163,369899147753,82898194428,374592209430,291765088627,43447,374592209562,1453423697,374592253012,74888772,128,298056593730,34421669,6087,5801740255,0,298056593881,0,1974379674166,true

2020-02-06 19:09:32.007000+00:00,leaf8,sg15,3,0,obt-collector1,0/0/CPU0,3,0,0,0,0,0,0,0,853144151845,0,0,0,853144151875,0,0,0,0,344530140113061,853144151900,330040757060833,0,853144152027,1615186857927,0,0,254532176162,0,0,1615186857315,0,0,254532176183,0,0,0,0,1615186857938,1615186857959,0,0,28844827859518,0,28747252802810,26131029,1,6389542667928410,4525484829498,254523228568,4525514219978,4270991007292,0,4525514221260,812999466612,4525514254095,25254790,128,4271025454562,26984985,1667,52851657,0,4271025456194,0,598674883373,true

2020-02-06 19:10:24.070000+00:00,leaf8,sg15,0,0,obt-collector1,0/0/CPU0,0,0,0,0,0,0,0,0,3998828479804,0,0,0,3998828479817,0,0,0,0,4962831095101029,3998828479885,4842688886846584,0,3998828480057,9979031796229,0,0,12879195988565,0,0,9979031793217,0,0,12879195988573,0,0,0,0,9979031796234,9979031796255,0,0,30495250839490,0,30389768518388,7132025110,1,9521213525290844,6683426511754,2189628659565,6683787321204,4586794031036,5,6683787321675,85908769,6683787321834,12059858023,128,6590507306476,63154719,2403,132933846,0,6590507310371,0,3917416017354,true

2020-02-06 19:10:24.072000+00:00,leaf8,sg15,1,0,obt-collector1,0/0/CPU0,1,0,0,0,0,0,0,0,5707649045403,0,0,0,5707649045523,0,0,0,0,8235986975132202,5707649045621,8068046305861146,2,5707649045842,37142508090162,0,0,191733973581,0,0,37142508087186,0,0,191733973599,0,0,0,0,37142508090218,37142508090427,0,0,2140475978516,0,2134950936192,3819767297,1,421865292374298,1031476613117,191733741571,1032212346628,840478592143,371,1032212346785,18914410119,1032212347175,103559834,128,840578632663,76742134,11608,182407110,0,840578632889,0,5516096611978,true

2020-02-06 19:10:24.074000+00:00,leaf8,sg15,2,0,obt-collector1,0/0/CPU0,2,0,0,0,0,0,0,0,2056638209605,0,0,0,2056638209652,0,5,0,0,2946067364684627,2056638209742,2885949893999288,0,2056638209899,13285964061364,0,0,85770281566,0,0,13285964058329,0,0,85770281567,0,0,0,0,13285964061396,13285964061396,0,0,751211853409,0,749662303505,13242403155,1,148294769875876,369913097055,82899670511,374606159322,291777562508,43447,374606159410,1453423697,374606202864,74890362,128,298069068497,34422393,6087,5801741536,0,298069068609,0,1974424095712,true

2020-02-06 19:10:24.075000+00:00,leaf8,sg15,3,0,obt-collector1,0/0/CPU0,3,0,0,0,0,0,0,0,853180715872,0,0,0,853180715898,0,0,0,0,344543949407822,853180715922,330053876943738,0,853180716026,1615254602855,0,0,254541627162,0,0,1615254602747,0,0,254541627182,0,0,0,0,1615254602866,1615254602866,0,0,28845956014771,0,28748377295134,26131560,1,6389792347100511,4525661306559,254532679567,4525690697458,4271158033739,0,4525690698861,813031771863,4525690731838,25255315,128,4271192482092,26985528,1667,52852732,0,4271192483999,0,598701997299,true

2020-02-06 19:11:12.794000+00:00,leaf8,sg15,0,0,obt-collector1,0/0/CPU0,0,0,0,0,0,0,0,0,3998873586912,0,0,0,3998873587020,0,0,0,0,4962890845528722,3998873587064,4842747284349695,0,3998873587312,9979212056405,0,0,12879289245795,0,0,9979212050687,0,0,12879289246105,0,0,0,0,9979212056972,9979212056987,0,0,30495468635703,0,30389985635651,7132025797,1,9521281623282920,6683475617172,2189644531839,6683836427444,4586827765376,5,6683836428199,85908769,6683836428227,12059858736,128,6590555448135,63155377,2403,132935247,0,6590555449478,0,3917460156921,true

2020-02-06 19:11:12.795000+00:00,leaf8,sg15,1,0,obt-collector1,0/0/CPU0,1,0,0,0,0,0,0,0,5707720914601,0,0,0,5707720914700,0,0,0,0,8236090789887296,5707720914829,8068148004550220,2,5707720915576,37142976708567,0,0,191736342019,0,0,37142976702707,0,0,191736342021,0,0,0,0,37142976709315,37142976709500,0,0,2140498976846,0,2134973882105,3819768451,1,421869778046931,1031488434997,191736109997,1032224169899,840488046985,371,1032224170125,18914410119,1032224170524,103560895,128,840588088955,76742980,11608,182409113,0,840588089221,0,5516166118300,true

2020-02-06 19:11:12.797000+00:00,leaf8,sg15,2,0,obt-collector1,0/0/CPU0,2,0,0,0,0,0,0,0,2056662070488,0,0,0,2056662070494,0,5,0,0,2946101838886030,2056662070507,2885983664432207,0,2056662070624,13286119686365,0,0,85771051313,0,0,13286119685145,0,0,85771051315,0,0,0,0,13286119686401,13286119686415,0,0,751227665231,0,749678078146,13242403416,1,148297764209327,369920347898,82900437385,374613410475,291784046834,43447,374613410561,1453423697,374613454014,74891278,128,298075553280,34422769,6087,5801742197,0,298075553421,0,1974447189930,true

2020-02-06 19:11:12.798000+00:00,leaf8,sg15,3,0,obt-collector1,0/0/CPU0,3,0,0,0,0,0,0,0,853199764877,0,0,0,853199764883,0,0,0,0,344551200683313,853199764902,330060768745566,0,853199764997,1615290143801,0,0,254546544033,0,0,1615290143524,0,0,254546544044,0,0,0,0,1615290143804,1615290143806,0,0,28846542651767,0,28748962028067,26131836,1,6389922179852482,4525753082347,254537596437,4525782473734,4271244893160,0,4525782474830,813048568124,4525782507649,25255582,128,4271279340746,26985810,1667,52853291,0,4271279341718,0,598716130323,true

2020-02-06 19:11:36.996000+00:00,leaf8,sg15,0,0,obt-collector1,0/0/CPU0,0,0,0,0,0,0,0,0,3998917367090,0,0,0,3998917367131,0,0,0,0,4962948803933912,3998917367199,4842803929599319,0,3998917367311,9979386303991,0,0,12879380320856,0,0,9979386301915,0,0,12879380321341,0,0,0,0,9979386304030,9979386304051,0,0,30495682419200,0,30390198752548,7132026460,1,9521348365652982,6683523736922,2189660051901,6683884547951,4586860858874,5,6683884548349,85908769,6683884548384,12059859430,128,6590602627772,63156007,2403,132936602,0,6590602628419,0,3917502993378,true

2020-02-06 19:11:36.997000+00:00,leaf8,sg15,1,0,obt-collector1,0/0/CPU0,1,0,0,0,0,0,0,0,5707790326324,0,0,0,5707790326390,0,0,0,0,8236191038104843,5707790326417,8068246207489556,2,5707790326745,37143429226875,0,0,191738624400,0,0,37143429221302,0,0,191738624410,0,0,0,0,37143429227232,37143429227392,0,0,2140521187321,0,2134996041654,3819769571,1,421874112547404,1031499828334,191738392351,1032235564569,840497159303,371,1032235564697,18914410119,1032235565080,103561946,128,840597201955,76743799,11608,182411058,0,840597202285,0,5516233245294,true

2020-02-06 19:11:36.999000+00:00,leaf8,sg15,2,0,obt-collector1,0/0/CPU0,2,0,0,0,0,0,0,0,2056684899723,0,0,0,2056684899723,0,5,0,0,2946134808820583,2056684899738,2886015961329320,0,2056684899778,13286268525807,0,0,85771794722,0,0,13286268524723,0,0,85771794723,0,0,0,0,13286268525926,13286268526033,0,0,751242856174,0,749693233669,13242403668,1,148300638848117,369927337069,82901179105,374620399924,291790294605,43447,374620400026,1453423697,374620443477,74891928,128,298081801557,34423129,6087,5801742835,0,298081801661,0,1974469278973,true

2020-02-06 19:11:37+00:00,leaf8,sg15,3,0,obt-collector1,0/0/CPU0,3,0,0,0,0,0,0,0,853218054915,0,0,0,853218054947,0,0,0,0,344558136361132,853218054958,330067359732934,0,853218055063,1615324144782,0,0,254551274723,0,0,1615324144318,0,0,254551274733,0,0,0,0,1615324144845,1615324144846,0,0,28847103584094,0,28749521143895,26132101,1,6390046324397770,4525840879875,254542327138,4525870271564,4271327960298,0,4525870272686,813064606811,4525870305630,25255847,128,4271362408567,26986080,1667,52853831,0,4271362419968,0,598729691671,true

2020-02-06 19:12:53.600000+00:00,leaf8,sg15,0,0,obt-collector1,0/0/CPU0,0,0,0,0,0,0,0,0,3999047618296,0,0,0,3999047618315,0,0,0,0,4963121106776342,3999047618351,4842972326538742,0,3999047618483,9979908045801,0,0,12879647409872,0,0,9979908044460,0,0,12879647410139,0,0,0,0,9979908046150,9979908046156,0,0,30496323645008,0,30390837983739,7132028470,1,9521547223180308,6683667121310,2189705677710,6684027934748,4586960083825,5,6684027935155,85908769,6684027935291,12059861531,128,6590743210608,63157918,2403,132940680,0,6590743212092,0,3917630436447,true

2020-02-06 19:12:53.606000+00:00,leaf8,sg15,1,0,obt-collector1,0/0/CPU0,1,0,0,0,0,0,0,0,5707998577661,0,0,0,5707998577788,0,0,0,0,8236491817402005,5707998577922,8068540853360318,2,5707998578327,37144786934567,0,0,191745491041,0,0,37144786927309,0,0,191745491044,0,0,0,0,37144786934799,37144786934807,0,0,2140587625856,0,2135062328130,3819772940,1,421887061907402,1031534087246,191745258991,1032269827548,840524555645,371,1032269827781,18914410119,1032269828169,103565142,128,840624601472,76746247,11608,182416900,0,840624601684,0,5516434637841,true

2020-02-06 19:12:53.608000+00:00,leaf8,sg15,2,0,obt-collector1,0/0/CPU0,2,0,0,0,0,0,0,0,2056754584364,0,0,0,2056754584360,0,5,0,0,2946235550973032,2056754584371,2886114647517199,0,2056754584527,13286723313311,0,0,85774017374,0,0,13286723312105,0,0,85774017374,0,0,0,0,13286723313380,13286723313388,0,0,751288346033,0,749738617199,13242404429,1,148309231800990,369948367746,82903397804,374641431526,291809107602,43447,374641431625,1453423697,374641475081,74893743,128,298100615907,34424221,6087,5801744754,0,298100615998,0,1974536747605,true

2020-02-06 19:12:53.609000+00:00,leaf8,sg15,3,0,obt-collector1,0/0/CPU0,3,0,0,0,0,0,0,0,853273126383,0,0,0,853273126405,0,0,0,0,344578923477952,853273126426,330087108126976,0,853273126535,1615426145235,0,0,254565500499,0,0,1615426145074,0,0,254565500509,0,0,0,0,1615426145246,1615426145249,0,0,28848793895451,0,28751205971482,26132903,1,6390420423085774,4526105388212,254556552903,4526134780553,4271578243539,0,4526134781746,813112958589,4526134814681,25256638,128,4271612693011,26986899,1667,52855457,0,4271612694799,0,598770537376,true

2020-02-06 19:13:29.925000+00:00,leaf8,sg15,0,0,obt-collector1,0/0/CPU0,0,0,0,0,0,0,0,0,3999091705074,0,0,0,3999091705097,0,0,0,0,4963179582158148,3999091705164,4843029479126011,0,3999091705286,9980083802532,0,0,12879739295332,0,0,9980083801161,0,0,12879739295512,0,0,0,0,9980083802605,9980083802607,0,0,30496537437066,0,30391051109213,7132029133,1,9521614149895149,6683715335339,2189721293545,6684076149532,4586993168714,5,6684076149798,85908769,6684076149868,12059862230,128,6590790491735,63158555,2403,132942031,0,6590790492437,0,3917673589012,true

2020-02-06 19:13:29.927000+00:00,leaf8,sg15,1,0,obt-collector1,0/0/CPU0,1,0,0,0,0,0,0,0,5708067980684,0,0,0,5708067980737,0,0,0,0,8236592064531692,5708067980799,8068639056003838,2,5708067981115,37145239442017,0,0,191747772235,0,0,37145239438132,0,0,191747772238,0,0,0,0,37145239442392,37145239442496,0,0,2140609574872,0,2135084226870,3819774062,1,421891335574700,1031545458334,191747540171,1032281199965,840533646879,371,1032281200085,18914410119,1032281200482,103566213,128,840633693654,76747066,11608,182418844,0,840633693826,0,5516501760019,true

2020-02-06 19:13:29.929000+00:00,leaf8,sg15,2,0,obt-collector1,0/0/CPU0,2,0,0,0,0,0,0,0,2056777932422,0,0,0,2056777932457,0,5,0,0,2946269321812085,2056777932488,2886147729012482,0,2056777932569,13286875765614,0,0,85774757060,0,0,13286875764431,0,0,85774757065,0,0,0,0,13286875765615,13286875765615,0,0,751303392207,0,749753627991,13242404682,1,148312073757388,369955334802,82904135513,374648398869,291815337285,43447,374648398938,1453423697,374648442387,74894599,128,298106845984,34424581,6087,5801745393,0,298106846071,0,1974559359024,true

2020-02-06 19:13:29.931000+00:00,leaf8,sg15,3,0,obt-collector1,0/0/CPU0,3,0,0,0,0,0,0,0,853291417940,0,0,0,853291417965,0,0,0,0,344585825472172,853291417991,330093665100127,0,853291418078,1615460014054,0,0,254570225645,0,0,1615460013689,0,0,254570225664,0,0,0,0,1615460014128,1615460014128,0,0,28849360415972,0,28751770649201,26133168,1,6390545801808692,4526193981334,254561278069,4526223374037,4271662111830,0,4526223375145,813129196251,4526223408003,25256904,128,4271696561438,26987169,1667,52855994,0,4271696563257,0,598784104026,true

2020-02-06 19:14:43.908000+00:00,leaf8,sg15,0,0,obt-collector1,0/0/CPU0,0,0,0,0,0,0,0,0,3999179507084,0,0,0,3999179507130,0,0,0,0,4963296094721030,3999179507204,4843143356667665,0,3999179507476,9980438451651,0,0,12879917890529,0,0,9980438449438,0,0,12879917891204,0,0,0,0,9980438451840,9980438451870,0,0,30496964480350,0,30391476822083,7132030485,1,9521746753953036,6683810850048,2189751743665,6684171665837,4587059206169,5,6684171666312,85908769,6684171666454,12059863625,128,6590884166382,63159822,2403,132944759,0,6590884167840,0,3917759545506,true

2020-02-06 19:14:43.910000+00:00,leaf8,sg15,1,0,obt-collector1,0/0/CPU0,1,0,0,0,0,0,0,0,5708206645038,0,0,0,5708206645129,0,0,0,0,8236792368361071,5708206645189,8068835275260064,2,5708206645756,37146143618906,0,0,191752327211,0,0,37146143613968,0,0,191752327216,0,0,0,0,37146143619089,37146143619169,0,0,2140653684920,0,2135128235937,3819776304,1,421899933180126,1031568197314,191752095154,1032303941646,840551833575,371,1032303941742,18914410119,1032303942121,103568373,128,840651882504,76748695,11608,182422734,0,840651882608,0,5516635875305,true

2020-02-06 19:14:43.911000+00:00,leaf8,sg15,2,0,obt-collector1,0/0/CPU0,2,0,0,0,0,0,0,0,2056824148766,0,0,0,2056824148762,0,5,0,0,2946336144512219,2056824148802,2886213187969793,0,2056824149036,13287177432551,0,0,85776226692,0,0,13287177430920,0,0,85776226693,0,0,0,0,13287177432650,13287177432705,0,0,751333656528,0,749783821084,13242405195,1,148317798600975,369969254363,82905601958,374662319031,291827791088,43447,374662319130,1453423697,374662362591,74896173,128,298119300767,34425309,6087,5801746677,0,298119300864,0,1974604112142,true

2020-02-06 19:14:43.913000+00:00,leaf8,sg15,3,0,obt-collector1,0/0/CPU0,3,0,0,0,0,0,0,0,853327950037,0,0,0,853327950064,0,0,0,0,344599632054372,853327950089,330106783427105,0,853327950167,1615527730026,0,0,254579679712,0,0,1615527729653,0,0,254579679721,0,0,0,0,1615527730033,1615527730070,0,0,28850492250300,0,28752898809431,26133708,1,6390796293435164,4526371000196,254570732126,4526400393451,4271829677208,0,4526400394951,813161634538,4526400427837,25257426,128,4271864128092,26987712,1667,52857080,0,4271864129999,0,598811183414,true

2020-02-06 19:15:20.238000+00:00,leaf8,sg15,0,0,obt-collector1,0/0/CPU0,0,0,0,0,0,0,0,0,3999267486616,0,0,0,3999267486686,0,0,0,0,4963413466599524,3999267486724,4843258077463314,0,3999267486974,9980795130262,0,0,12880098115914,0,0,9980795128035,0,0,12880098116547,0,0,0,0,9980795130458,9980795130522,0,0,30497387806262,0,30391898830410,7132031827,1,9521879014213311,6683905255454,2189782017555,6684266072846,4587124277186,5,6684266073354,85908769,6684266073413,12059864930,128,6590976947851,63161096,2403,132947483,0,6590976948636,0,3917845898022,true

2020-02-06 19:15:20.240000+00:00,leaf8,sg15,1,0,obt-collector1,0/0/CPU0,1,0,0,0,0,0,0,0,5708345574019,0,0,0,5708345574148,0,0,0,0,8236993070735701,5708345574293,8069031884534742,2,5708345574729,37147049568526,0,0,191756883669,0,0,37147049565220,0,0,191756883680,0,0,0,0,37147049568790,37147049568871,0,0,2140697889327,0,2135172339287,3819778467,1,421908553204415,1031590941243,191756651623,1032326688218,840570023678,371,1032326688375,18914410119,1032326688752,103570504,128,840670074642,76750333,11608,182426551,0,840670074922,0,5516770249368,true

2020-02-06 19:15:20.241000+00:00,leaf8,sg15,2,0,obt-collector1,0/0/CPU0,2,0,0,0,0,0,0,0,2056870756714,0,0,0,2056870756737,0,5,0,0,2946403508305934,2056870756752,2886279176947996,0,2056870756892,13287481522432,0,0,85777729051,0,0,13287481521729,0,0,85777729052,0,0,0,0,13287481522449,13287481522449,0,0,751364419980,0,749814511893,13242405706,1,148323620825535,369983395820,82907097860,374676461108,291840437390,43447,374676461215,1453423697,374676504667,74898462,128,298131947978,34426037,6087,5801747964,0,298131948038,0,1974649226480,true

2020-02-06 19:15:20.243000+00:00,leaf8,sg15,3,0,obt-collector1,0/0/CPU0,3,0,0,0,0,0,0,0,853364109195,0,0,0,853364109204,0,0,0,0,344613279597835,853364109229,330119757535217,0,853364109332,1615594499926,0,0,254589202513,0,0,1615594499498,0,0,254589202533,0,0,0,0,1615594499937,1615594499939,0,0,28851632695443,0,28754035550364,26134247,1,6391048686586109,4526549385580,254580254928,4526578779465,4271998540457,0,4526578780870,813194331523,4526578813746,25257897,128,4272032991672,26988261,1667,52858170,0,4272032993816,0,598837820892,true

2020-02-06 19:15:32.272000+00:00,leaf8,sg15,0,0,obt-collector1,0/0/CPU0,0,0,0,0,0,0,0,0,3999267486616,0,0,0,3999267486686,0,0,0,0,4963413466599524,3999267486724,4843258077463314,0,3999267486974,9980795130262,0,0,12880098115914,0,0,9980795128035,0,0,12880098116547,0,0,0,0,9980795130458,9980795130522,0,0,30497387806262,0,30391898830410,7132031827,1,9521879014213311,6683905255454,2189782017555,6684266072846,4587124277186,5,6684266073354,85908769,6684266073413,12059864930,128,6590976947851,63161096,2403,132947483,0,6590976948636,0,3917845898022,true

2020-02-06 19:15:32.274000+00:00,leaf8,sg15,1,0,obt-collector1,0/0/CPU0,1,0,0,0,0,0,0,0,5708345574019,0,0,0,5708345574148,0,0,0,0,8236993070735701,5708345574293,8069031884534742,2,5708345574729,37147049568526,0,0,191756883669,0,0,37147049565220,0,0,191756883680,0,0,0,0,37147049568790,37147049568871,0,0,2140697889327,0,2135172339287,3819778467,1,421908553204415,1031590941243,191756651623,1032326688218,840570023678,371,1032326688375,18914410119,1032326688752,103570504,128,840670074642,76750333,11608,182426551,0,840670074922,0,5516770249368,true

2020-02-06 19:15:32.276000+00:00,leaf8,sg15,2,0,obt-collector1,0/0/CPU0,2,0,0,0,0,0,0,0,2056870756714,0,0,0,2056870756737,0,5,0,0,2946403508305934,2056870756752,2886279176947996,0,2056870756892,13287481522432,0,0,85777729051,0,0,13287481521729,0,0,85777729052,0,0,0,0,13287481522449,13287481522449,0,0,751364419980,0,749814511893,13242405706,1,148323620825535,369983395820,82907097860,374676461108,291840437390,43447,374676461215,1453423697,374676504667,74898462,128,298131947978,34426037,6087,5801747964,0,298131948038,0,1974649226480,true

2020-02-06 19:15:32.278000+00:00,leaf8,sg15,3,0,obt-collector1,0/0/CPU0,3,0,0,0,0,0,0,0,853364109195,0,0,0,853364109204,0,0,0,0,344613279597835,853364109229,330119757535217,0,853364109332,1615594499926,0,0,254589202513,0,0,1615594499498,0,0,254589202533,0,0,0,0,1615594499937,1615594499939,0,0,28851632695443,0,28754035550364,26134247,1,6391048686586109,4526549385580,254580254928,4526578779465,4271998540457,0,4526578780870,813194331523,4526578813746,25257897,128,4272032991672,26988261,1667,52858170,0,4272032993816,0,598837820892,true

2020-02-06 19:15:44.649000+00:00,leaf8,sg15,0,0,obt-collector1,0/0/CPU0,0,0,0,0,0,0,0,0,3999267486616,0,0,0,3999267486686,0,0,0,0,4963413466599524,3999267486724,4843258077463314,0,3999267486974,9980795130262,0,0,12880098115914,0,0,9980795128035,0,0,12880098116547,0,0,0,0,9980795130458,9980795130522,0,0,30497387806262,0,30391898830410,7132031827,1,9521879014213311,6683905255454,2189782017555,6684266072846,4587124277186,5,6684266073354,85908769,6684266073413,12059864930,128,6590976947851,63161096,2403,132947483,0,6590976948636,0,3917845898022,true

2020-02-06 19:15:44.650000+00:00,leaf8,sg15,1,0,obt-collector1,0/0/CPU0,1,0,0,0,0,0,0,0,5708345574019,0,0,0,5708345574148,0,0,0,0,8236993070735701,5708345574293,8069031884534742,2,5708345574729,37147049568526,0,0,191756883669,0,0,37147049565220,0,0,191756883680,0,0,0,0,37147049568790,37147049568871,0,0,2140697889327,0,2135172339287,3819778467,1,421908553204415,1031590941243,191756651623,1032326688218,840570023678,371,1032326688375,18914410119,1032326688752,103570504,128,840670074642,76750333,11608,182426551,0,840670074922,0,5516770249368,true

2020-02-06 19:15:44.653000+00:00,leaf8,sg15,2,0,obt-collector1,0/0/CPU0,2,0,0,0,0,0,0,0,2056870756714,0,0,0,2056870756737,0,5,0,0,2946403508305934,2056870756752,2886279176947996,0,2056870756892,13287481522432,0,0,85777729051,0,0,13287481521729,0,0,85777729052,0,0,0,0,13287481522449,13287481522449,0,0,751364419980,0,749814511893,13242405706,1,148323620825535,369983395820,82907097860,374676461108,291840437390,43447,374676461215,1453423697,374676504667,74898462,128,298131947978,34426037,6087,5801747964,0,298131948038,0,1974649226480,true

2020-02-06 19:15:44.656000+00:00,leaf8,sg15,3,0,obt-collector1,0/0/CPU0,3,0,0,0,0,0,0,0,853364109195,0,0,0,853364109204,0,0,0,0,344613279597835,853364109229,330119757535217,0,853364109332,1615594499926,0,0,254589202513,0,0,1615594499498,0,0,254589202533,0,0,0,0,1615594499937,1615594499939,0,0,28851632695443,0,28754035550364,26134247,1,6391048686586109,4526549385580,254580254928,4526578779465,4271998540457,0,4526578780870,813194331523,4526578813746,25257897,128,4272032991672,26988261,1667,52858170,0,4272032993816,0,598837820892,true

2020-02-06 19:15:56.796000+00:00,leaf8,sg15,0,0,obt-collector1,0/0/CPU0,0,0,0,0,0,0,0,0,3999311174437,0,0,0,3999311174487,0,0,0,0,4963471691120403,3999311174513,4843314985289985,0,3999311174691,9980972551465,0,0,12880187063626,0,0,9980972550056,0,0,12880187063680,0,0,0,0,9980972551672,9980972551672,0,0,30497597379997,0,30392107751294,7132032493,1,9521944425160128,6683951968414,2189796958769,6684312786518,4587156511561,5,6684312786872,85908769,6684312786924,12059865579,128,6591022859624,63161726,2403,132948842,0,6591022860845,0,3917888781201,true

2020-02-06 19:15:56.798000+00:00,leaf8,sg15,1,0,obt-collector1,0/0/CPU0,1,0,0,0,0,0,0,0,5708414204289,0,0,0,5708414204359,0,0,0,0,8237092162205149,5708414204409,8069128954782503,2,5708414204876,37147496876122,0,0,191759148791,0,0,37147496872086,0,0,191759148793,0,0,0,0,37147496876356,37147496876423,0,0,2140719671128,0,2135194071656,3819779537,1,421912791959976,1031602243599,191758916744,1032337991862,840579062203,371,1032337992074,18914410119,1032337992450,103571560,128,840679114189,76751152,11608,182428439,0,840679114412,0,5516836617114,true

2020-02-06 19:15:56.802000+00:00,leaf8,sg15,2,0,obt-collector1,0/0/CPU0,2,0,0,0,0,0,0,0,2056893981702,0,0,0,2056893981697,0,5,0,0,2946437092423361,2056893981709,2886312075638037,0,2056893981764,13287633131102,0,0,85778470365,0,0,13287633130200,0,0,85778470366,0,0,0,0,13287633131200,13287633131276,0,0,751379592865,0,749829649202,13242405960,1,148326488688558,369990399249,82907836826,374683464838,291846702182,43447,374683464965,1453423697,374683508426,74899238,128,298138213282,34426397,6087,5801748602,0,298138213384,0,1974671714154,true

2020-02-06 19:15:56.803000+00:00,leaf8,sg15,3,0,obt-collector1,0/0/CPU0,3,0,0,0,0,0,0,0,853381995936,0,0,0,853381995968,0,0,0,0,344619984923505,853381995992,330126130400127,0,853381996108,1615627321559,0,0,254593927247,0,0,1615627321297,0,0,254593927256,0,0,0,0,1615627321597,1615627321599,0,0,28852197814864,0,28754598834125,26134513,1,6391173755615201,4526637781250,254584979652,4526667175395,4272082211620,0,4526667176840,813210529281,4526667209826,25258128,128,4272116663752,26988531,1667,52858710,0,4272116666278,0,598850983497,true

2020-02-06 19:16:08.863000+00:00,leaf8,sg15,0,0,obt-collector1,0/0/CPU0,0,0,0,0,0,0,0,0,3999311174437,0,0,0,3999311174487,0,0,0,0,4963471691120403,3999311174513,4843314985289985,0,3999311174691,9980972551465,0,0,12880187063626,0,0,9980972550056,0,0,12880187063680,0,0,0,0,9980972551672,9980972551672,0,0,30497597379997,0,30392107751294,7132032493,1,9521944425160128,6683951968414,2189796958769,6684312786518,4587156511561,5,6684312786872,85908769,6684312786924,12059865579,128,6591022859624,63161726,2403,132948842,0,6591022860845,0,3917888781201,true

2020-02-06 19:16:08.865000+00:00,leaf8,sg15,1,0,obt-collector1,0/0/CPU0,1,0,0,0,0,0,0,0,5708414204289,0,0,0,5708414204359,0,0,0,0,8237092162205149,5708414204409,8069128954782503,2,5708414204876,37147496876122,0,0,191759148791,0,0,37147496872086,0,0,191759148793,0,0,0,0,37147496876356,37147496876423,0,0,2140719671128,0,2135194071656,3819779537,1,421912791959976,1031602243599,191758916744,1032337991862,840579062203,371,1032337992074,18914410119,1032337992450,103571560,128,840679114189,76751152,11608,182428439,0,840679114412,0,5516836617114,true

2020-02-06 19:16:08.867000+00:00,leaf8,sg15,2,0,obt-collector1,0/0/CPU0,2,0,0,0,0,0,0,0,2056893981702,0,0,0,2056893981697,0,5,0,0,2946437092423361,2056893981709,2886312075638037,0,2056893981764,13287633131102,0,0,85778470365,0,0,13287633130200,0,0,85778470366,0,0,0,0,13287633131200,13287633131276,0,0,751379592865,0,749829649202,13242405960,1,148326488688558,369990399249,82907836826,374683464838,291846702182,43447,374683464965,1453423697,374683508426,74899238,128,298138213282,34426397,6087,5801748602,0,298138213384,0,1974671714154,true

2020-02-06 19:16:08.868000+00:00,leaf8,sg15,3,0,obt-collector1,0/0/CPU0,3,0,0,0,0,0,0,0,853381995936,0,0,0,853381995968,0,0,0,0,344619984923505,853381995992,330126130400127,0,853381996108,1615627321559,0,0,254593927247,0,0,1615627321297,0,0,254593927256,0,0,0,0,1615627321597,1615627321599,0,0,28852197814864,0,28754598834125,26134513,1,6391173755615201,4526637781250,254584979652,4526667175395,4272082211620,0,4526667176840,813210529281,4526667209826,25258128,128,4272116663752,26988531,1667,52858710,0,4272116666278,0,598850983497,true

2020-02-06 19:17:59.616000+00:00,leaf8,sg15,0,0,obt-collector1,0/0/CPU0,0,0,0,0,0,0,0,0,3999488037647,0,0,0,3999488037707,0,0,0,0,4963707316229082,3999488037721,4843545281173720,0,3999488037977,9981689091920,0,0,12880548529837,0,0,9981689089973,0,0,12880548530119,0,0,0,0,9981689092128,9981689092191,0,0,30498451264836,0,30392958974654,7132035206,1,9522210723789347,6684142175968,2189857704698,6684502997321,4587287862855,5,6684502997584,85908769,6684502997647,12059868224,128,6591209807700,63164309,2403,132954348,0,6591209808887,0,3918062376270,true

2020-02-06 19:17:59.618000+00:00,leaf8,sg15,1,0,obt-collector1,0/0/CPU0,1,0,0,0,0,0,0,0,5708695398979,0,0,0,5708695399105,0,0,0,0,8237498353725761,5708695399270,8069526860956902,2,5708695399652,37149330457033,0,0,191768349290,0,0,37149330450835,0,0,191768349294,0,0,0,0,37149330457491,37149330457493,0,0,2140808505591,0,2135282704139,3819784090,1,421930095426754,1031648156890,191768117232,1032383910608,840615780465,371,1032383910784,18914410119,1032383911179,103575710,128,840715836707,76754464,11608,182436340,0,840715836981,0,5517108620679,true

2020-02-06 19:17:59.620000+00:00,leaf8,sg15,2,0,obt-collector1,0/0/CPU0,2,0,0,0,0,0,0,0,2056988321811,0,0,0,2056988321835,0,5,0,0,2946573510436869,2056988321860,2886445709596434,0,2056988321998,13288248969021,0,0,85781472531,0,0,13288248966736,0,0,85781472534,0,0,0,0,13288248969406,13288248969447,0,0,751440959971,0,749890872351,13242406994,1,148338091328982,370018706691,82910830802,374711773521,291872017043,43447,374711773692,1453423697,374711817154,74902125,128,298163530037,34427873,6087,5801751205,0,298163530157,0,1974763065551,true

2020-02-06 19:17:59.621000+00:00,leaf8,sg15,3,0,obt-collector1,0/0/CPU0,3,0,0,0,0,0,0,0,853454645060,0,0,0,853454645083,0,0,0,0,344647299655013,853454645109,330152096210505,0,853454645206,1615760933865,0,0,254613148287,0,0,1615760933450,0,0,254613148297,0,0,0,0,1615760933869,1615760933871,0,0,28854503939492,0,28756897468137,26135601,1,6391684130651903,4526998409972,254604200702,4527027805192,4272423620358,0,4527027806615,813276655264,4527027839573,25259076,128,4272458074216,26989635,1667,52860907,0,4272458076358,0,598904413231,true

2020-02-06 19:18:23.878000+00:00,leaf8,sg15,0,0,obt-collector1,0/0/CPU0,0,0,0,0,0,0,0,0,3999533381634,0,0,0,3999533381656,0,0,0,0,4963767774457314,3999533381722,4843604372548883,0,3999533381957,9981874373465,0,0,12880639820944,0,0,9981874372308,0,0,12880639821204,0,0,0,0,9981874373516,9981874373548,0,0,30498671384797,0,30393178407724,7132035895,1,9522278962557302,6684190877173,2189873070052,6684551699381,4587321680224,5,6684551699802,85908769,6684551699920,12059868894,128,6591257682825,63164967,2403,132955752,0,6591257683768,0,3918106891685,true

2020-02-06 19:18:23.879000+00:00,leaf8,sg15,1,0,obt-collector1,0/0/CPU0,1,0,0,0,0,0,0,0,5708767310043,0,0,0,5708767310101,0,0,0,0,8237602257031543,5708767310143,8069628644614069,2,5708767310522,37149799490767,0,0,191770684344,0,0,37149799482611,0,0,191770684353,0,0,0,0,37149799491191,37149799491224,0,0,2140831089677,0,2135305236606,3819785261,1,421934497378592,1031659805825,191770452312,1032395560953,840625095725,371,1032395561194,18914410119,1032395561602,103576755,128,840725153177,76755310,11608,182438359,0,840725153340,0,5517178198159,true

2020-02-06 19:18:23.883000+00:00,leaf8,sg15,2,0,obt-collector1,0/0/CPU0,2,0,0,0,0,0,0,0,2057012416838,0,0,0,2057012416877,0,5,0,0,2946608354420918,2057012416877,2886479842588164,0,2057012417065,13288406265725,0,0,85782238646,0,0,13288406263876,0,0,85782238647,0,0,0,0,13288406265802,13288406265802,0,0,751456643540,0,749906519267,13242407256,1,148341057841168,370025931736,82911595021,374718998879,291878478225,43447,374718998965,1453423697,374719042423,74902861,128,298169991616,34428245,6087,5801751865,0,298169991775,0,1974786397335,true

2020-02-06 19:18:23.886000+00:00,leaf8,sg15,3,0,obt-collector1,0/0/CPU0,3,0,0,0,0,0,0,0,853473115734,0,0,0,853473115767,0,0,0,0,344654261649592,853473115778,330158716038702,0,853473115881,1615794955407,0,0,254618051615,0,0,1615794955003,0,0,254618051635,0,0,0,0,1615794955416,1615794955418,0,0,28855093781689,0,28757485390886,26135876,1,6391814669591615,4527090638735,254609104041,4527120034220,4272510946079,0,4527120035145,813293588578,4527120067999,25259320,128,4272545398375,26989917,1667,52861468,0,4272545399424,0,598917981247,true

