,Producer,Target,host,icmp-stats/admin-unreachable-received,icmp-stats/admin-unreachable-sent,icmp-stats/checksum-error,icmp-stats/echo-reply-received,icmp-stats/echo-reply-sent,icmp-stats/echo-request-received,icmp-stats/echo-request-sent,icmp-stats/fragment-unreachable-received,icmp-stats/fragment-unreachable-sent,icmp-stats/hopcount-received,icmp-stats/hopcount-sent,icmp-stats/host-unreachable-received,icmp-stats/host-unreachable-sent,icmp-stats/mask-reply-received,icmp-stats/mask-reply-sent,icmp-stats/mask-request-received,icmp-stats/mask-request-sent,icmp-stats/network-unreachable-received,icmp-stats/network-unreachable-sent,icmp-stats/output,icmp-stats/param-error-received,icmp-stats/param-error-send,icmp-stats/port-unreachable-received,icmp-stats/port-unreachable-sent,icmp-stats/protocol-unreachable-received,icmp-stats/protocol-unreachable-sent,icmp-stats/reassebly-received,icmp-stats/reassembly-sent,icmp-stats/received,icmp-stats/redirect-received,icmp-stats/redirect-send,icmp-stats/router-advert-received,icmp-stats/router-solicit-received,icmp-stats/source-quench-received,icmp-stats/timestamp-received,icmp-stats/timestamp-reply-received,icmp-stats/unknown,ipv4-stats/bad-header,ipv4-stats/bad-hop-count,ipv4-stats/bad-option,ipv4-stats/bad-security-option,ipv4-stats/bad-source-address,ipv4-stats/basic-security-option,ipv4-stats/broadcast-in,ipv4-stats/broadcast-out,ipv4-stats/cipso-option,ipv4-stats/encapsulation-failed,ipv4-stats/end-option,ipv4-stats/extended-security-option,ipv4-stats/format-errors,ipv4-stats/fragment-count,ipv4-stats/input-packets,ipv4-stats/lisp-decap-error,ipv4-stats/lisp-encap-error,ipv4-stats/lisp-v4-decap,ipv4-stats/lisp-v4-encap,ipv4-stats/lisp-v6-decap,ipv4-stats/lisp-v6-encap,ipv4-stats/loose-source-route-option,ipv4-stats/multicast-in,ipv4-stats/multicast-out,ipv4-stats/no-gateway,ipv4-stats/no-protocol,ipv4-stats/no-router,ipv4-stats/noop-option,ipv4-stats/options-present,ipv4-stats/packet-too-big,ipv4-stats/packets-forwarded,ipv4-stats/packets-fragmented,ipv4-stats/packets-output,ipv4-stats/reassemble-failed,ipv4-stats/reassemble-input,ipv4-stats/reassemble-max-drop,ipv4-stats/reassemble-timeout,ipv4-stats/reassembled,ipv4-stats/received-packets,ipv4-stats/record-route-option,ipv4-stats/router-alert-option,ipv4-stats/sid-option,ipv4-stats/strict-source-route-option,ipv4-stats/timestamp-option,ipv4-stats/unknown-option,node-name

2020-02-06 19:06:31.043000+00:00,leaf8,sg3,obt-collector1,0,0,0,0,0,0,0,0,0,0,4687,0,556,0,0,0,0,0,0,4965,0,0,0,0,0,0,0,0,0,0,0,0,0,0,0,0,0,0,0,0,0,0,0,0,0,0,0,0,0,0,0,0,0,0,0,0,0,0,0,0,0,0,0,0,0,0,0,0,0,50252143,0,0,0,0,0,0,0,0,0,0,0,0,0/0/CPU0

2020-02-06 19:06:31.046000+00:00,leaf8,sg3,obt-collector1,0,0,0,0,15237,15237,6,16,0,15,0,278,0,0,0,30,0,0,0,16765,0,0,376,1492,16,30,0,0,15998,0,0,0,0,0,30,0,0,0,0,0,0,0,0,0,0,0,0,0,0,0,0,126648064,0,0,0,0,0,0,0,0,0,0,30,1,0,75548,0,0,14,204706955,0,0,0,0,0,126577237,0,75548,0,0,0,0,0/RP0/CPU0

2020-02-06 19:07:21.106000+00:00,leaf8,sg3,obt-collector1,0,0,0,0,0,0,0,0,0,0,4687,0,556,0,0,0,0,0,0,4965,0,0,0,0,0,0,0,0,0,0,0,0,0,0,0,0,0,0,0,0,0,0,0,0,0,0,0,0,0,0,0,0,0,0,0,0,0,0,0,0,0,0,0,0,0,0,0,0,0,50253252,0,0,0,0,0,0,0,0,0,0,0,0,0/0/CPU0

2020-02-06 19:07:21.108000+00:00,leaf8,sg3,obt-collector1,0,0,0,0,15237,15237,6,16,0,15,0,278,0,0,0,30,0,0,0,16765,0,0,376,1492,16,30,0,0,15998,0,0,0,0,0,30,0,0,0,0,0,0,0,0,0,0,0,0,0,0,0,0,126649250,0,0,0,0,0,0,0,0,0,0,30,1,0,75549,0,0,14,204840321,0,0,0,0,0,126578422,0,75549,0,0,0,0,0/RP0/CPU0

2020-02-06 19:07:41.160000+00:00,leaf8,sg3,obt-collector1,0,0,0,0,0,0,0,0,0,0,4687,0,556,0,0,0,0,0,0,4965,0,0,0,0,0,0,0,0,0,0,0,0,0,0,0,0,0,0,0,0,0,0,0,0,0,0,0,0,0,0,0,0,0,0,0,0,0,0,0,0,0,0,0,0,0,0,0,0,0,50253728,0,0,0,0,0,0,0,0,0,0,0,0,0/0/CPU0

2020-02-06 19:07:41.163000+00:00,leaf8,sg3,obt-collector1,0,0,0,0,15237,15237,6,16,0,15,0,278,0,0,0,30,0,0,0,16765,0,0,376,1492,16,30,0,0,15998,0,0,0,0,0,30,0,0,0,0,0,0,0,0,0,0,0,0,0,0,0,0,126649715,0,0,0,0,0,0,0,0,0,0,30,1,0,75549,0,0,14,204879505,0,0,0,0,0,126578887,0,75549,0,0,0,0,0/RP0/CPU0

2020-02-06 19:08:41.246000+00:00,leaf8,sg3,obt-collector1,0,0,0,0,0,0,0,0,0,0,4687,0,556,0,0,0,0,0,0,4965,0,0,0,0,0,0,0,0,0,0,0,0,0,0,0,0,0,0,0,0,0,0,0,0,0,0,0,0,0,0,0,0,0,0,0,0,0,0,0,0,0,0,0,0,0,0,0,0,0,50254661,0,0,0,0,0,0,0,0,0,0,0,0,0/0/CPU0

2020-02-06 19:08:41.248000+00:00,leaf8,sg3,obt-collector1,0,0,0,0,15237,15237,6,16,0,15,0,278,0,0,0,30,0,0,0,16765,0,0,376,1492,16,30,0,0,15998,0,0,0,0,0,30,0,0,0,0,0,0,0,0,0,0,0,0,0,0,0,0,126651223,0,0,0,0,0,0,0,0,0,0,30,1,0,75550,0,0,14,205020874,0,0,0,0,0,126580394,0,75550,0,0,0,0,0/RP0/CPU0

2020-02-06 19:09:21.324000+00:00,leaf8,sg3,obt-collector1,0,0,0,0,0,0,0,0,0,0,4687,0,556,0,0,0,0,0,0,4965,0,0,0,0,0,0,0,0,0,0,0,0,0,0,0,0,0,0,0,0,0,0,0,0,0,0,0,0,0,0,0,0,0,0,0,0,0,0,0,0,0,0,0,0,0,0,0,0,0,50255099,0,0,0,0,0,0,0,0,0,0,0,0,0/0/CPU0

2020-02-06 19:09:21.328000+00:00,leaf8,sg3,obt-collector1,0,0,0,0,15238,15238,6,16,0,15,0,278,0,0,0,30,0,0,0,16766,0,0,376,1492,16,30,0,0,15999,0,0,0,0,0,30,0,0,0,0,0,0,0,0,0,0,0,0,0,0,0,0,126652188,0,0,0,0,0,0,0,0,0,0,30,1,0,75551,0,0,14,205119192,0,0,0,0,0,126581358,0,75551,0,0,0,0,0/RP0/CPU0

2020-02-06 19:09:31.340000+00:00,leaf8,sg3,obt-collector1,0,0,0,0,0,0,0,0,0,0,4687,0,556,0,0,0,0,0,0,4965,0,0,0,0,0,0,0,0,0,0,0,0,0,0,0,0,0,0,0,0,0,0,0,0,0,0,0,0,0,0,0,0,0,0,0,0,0,0,0,0,0,0,0,0,0,0,0,0,0,50255247,0,0,0,0,0,0,0,0,0,0,0,0,0/0/CPU0

2020-02-06 19:09:31.342000+00:00,leaf8,sg3,obt-collector1,0,0,0,0,15238,15238,6,16,0,15,0,278,0,0,0,30,0,0,0,16766,0,0,376,1492,16,30,0,0,15999,0,0,0,0,0,30,0,0,0,0,0,0,0,0,0,0,0,0,0,0,0,0,126652409,0,0,0,0,0,0,0,0,0,0,30,1,0,75551,0,0,14,205151641,0,0,0,0,0,126581579,0,75551,0,0,0,0,0/RP0/CPU0

2020-02-06 19:09:41.361000+00:00,leaf8,sg3,obt-collector1,0,0,0,0,0,0,0,0,0,0,4687,0,556,0,0,0,0,0,0,4965,0,0,0,0,0,0,0,0,0,0,0,0,0,0,0,0,0,0,0,0,0,0,0,0,0,0,0,0,0,0,0,0,0,0,0,0,0,0,0,0,0,0,0,0,0,0,0,0,0,50255745,0,0,0,0,0,0,0,0,0,0,0,0,0/0/CPU0

2020-02-06 19:09:41.365000+00:00,leaf8,sg3,obt-collector1,0,0,0,0,15238,15238,6,16,0,15,0,278,0,0,0,30,0,0,0,16766,0,0,376,1492,16,30,0,0,15999,0,0,0,0,0,30,0,0,0,0,0,0,0,0,0,0,0,0,0,0,0,0,126652647,0,0,0,0,0,0,0,0,0,0,30,1,0,75551,0,0,14,205184153,0,0,0,0,0,126581817,0,75551,0,0,0,0,0/RP0/CPU0

2020-02-06 19:09:51.690000+00:00,leaf8,sg3,obt-collector1,0,0,0,0,0,0,0,0,0,0,4687,0,556,0,0,0,0,0,0,4965,0,0,0,0,0,0,0,0,0,0,0,0,0,0,0,0,0,0,0,0,0,0,0,0,0,0,0,0,0,0,0,0,0,0,0,0,0,0,0,0,0,0,0,0,0,0,0,0,0,50255811,0,0,0,0,0,0,0,0,0,0,0,0,0/0/CPU0

2020-02-06 19:09:51.697000+00:00,leaf8,sg3,obt-collector1,0,0,0,0,15238,15238,6,16,0,15,0,278,0,0,0,30,0,0,0,16766,0,0,376,1492,16,30,0,0,15999,0,0,0,0,0,30,0,0,0,0,0,0,0,0,0,0,0,0,0,0,0,0,126652890,0,0,0,0,0,0,0,0,0,0,30,1,0,75552,0,0,14,205196260,0,0,0,0,0,126582060,0,75552,0,0,0,0,0/RP0/CPU0

2020-02-06 19:10:01.703000+00:00,leaf8,sg3,obt-collector1,0,0,0,0,0,0,0,0,0,0,4687,0,556,0,0,0,0,0,0,4965,0,0,0,0,0,0,0,0,0,0,0,0,0,0,0,0,0,0,0,0,0,0,0,0,0,0,0,0,0,0,0,0,0,0,0,0,0,0,0,0,0,0,0,0,0,0,0,0,0,50256110,0,0,0,0,0,0,0,0,0,0,0,0,0/0/CPU0

2020-02-06 19:10:01.705000+00:00,leaf8,sg3,obt-collector1,0,0,0,0,15238,15238,6,16,0,15,0,278,0,0,0,30,0,0,0,16766,0,0,376,1492,16,30,0,0,15999,0,0,0,0,0,30,0,0,0,0,0,0,0,0,0,0,0,0,0,0,0,0,126653094,0,0,0,0,0,0,0,0,0,0,30,1,0,75552,0,0,14,205223219,0,0,0,0,0,126582264,0,75552,0,0,0,0,0/RP0/CPU0

2020-02-06 19:10:21.720000+00:00,leaf8,sg3,obt-collector1,0,0,0,0,0,0,0,0,0,0,4687,0,556,0,0,0,0,0,0,4965,0,0,0,0,0,0,0,0,0,0,0,0,0,0,0,0,0,0,0,0,0,0,0,0,0,0,0,0,0,0,0,0,0,0,0,0,0,0,0,0,0,0,0,0,0,0,0,0,0,50256219,0,0,0,0,0,0,0,0,0,0,0,0,0/0/CPU0

2020-02-06 19:10:21.723000+00:00,leaf8,sg3,obt-collector1,0,0,0,0,15238,15238,6,16,0,15,0,278,0,0,0,30,0,0,0,16766,0,0,376,1492,16,30,0,0,15999,0,0,0,0,0,30,0,0,0,0,0,0,0,0,0,0,0,0,0,0,0,0,126653955,0,0,0,0,0,0,0,0,0,0,30,1,0,75552,0,0,14,205288025,0,0,0,0,0,126583125,0,75552,0,0,0,0,0/RP0/CPU0

2020-02-06 19:10:41.739000+00:00,leaf8,sg3,obt-collector1,0,0,0,0,0,0,0,0,0,0,4687,0,556,0,0,0,0,0,0,4965,0,0,0,0,0,0,0,0,0,0,0,0,0,0,0,0,0,0,0,0,0,0,0,0,0,0,0,0,0,0,0,0,0,0,0,0,0,0,0,0,0,0,0,0,0,0,0,0,0,50256782,0,0,0,0,0,0,0,0,0,0,0,0,0/0/CPU0

2020-02-06 19:10:41.743000+00:00,leaf8,sg3,obt-collector1,0,0,0,0,15238,15238,6,16,0,15,0,278,0,0,0,30,0,0,0,16766,0,0,376,1492,16,30,0,0,15999,0,0,0,0,0,30,0,0,0,0,0,0,0,0,0,0,0,0,0,0,0,0,126654448,0,0,0,0,0,0,0,0,0,0,30,1,0,75552,0,0,14,205325289,0,0,0,0,0,126583617,0,75552,0,0,0,0,0/RP0/CPU0

2020-02-06 19:10:51.748000+00:00,leaf8,sg3,obt-collector1,0,0,0,0,0,0,0,0,0,0,4687,0,556,0,0,0,0,0,0,4965,0,0,0,0,0,0,0,0,0,0,0,0,0,0,0,0,0,0,0,0,0,0,0,0,0,0,0,0,0,0,0,0,0,0,0,0,0,0,0,0,0,0,0,0,0,0,0,0,0,50256794,0,0,0,0,0,0,0,0,0,0,0,0,0/0/CPU0

2020-02-06 19:10:51.754000+00:00,leaf8,sg3,obt-collector1,0,0,0,0,15238,15238,6,16,0,15,0,278,0,0,0,30,0,0,0,16766,0,0,376,1492,16,30,0,0,15999,0,0,0,0,0,30,0,0,0,0,0,0,0,0,0,0,0,0,0,0,0,0,126654693,0,0,0,0,0,0,0,0,0,0,30,1,0,75553,0,0,14,205358096,0,0,0,0,0,126583862,0,75553,0,0,0,0,0/RP0/CPU0

2020-02-06 19:12:32.073000+00:00,leaf8,sg3,obt-collector1,0,0,0,0,0,0,0,0,0,0,4687,0,556,0,0,0,0,0,0,4965,0,0,0,0,0,0,0,0,0,0,0,0,0,0,0,0,0,0,0,0,0,0,0,0,0,0,0,0,0,0,0,0,0,0,0,0,0,0,0,0,0,0,0,0,0,0,0,0,0,50258031,0,0,0,0,0,0,0,0,0,0,0,0,0/0/CPU0

2020-02-06 19:12:32.075000+00:00,leaf8,sg3,obt-collector1,0,0,0,0,15238,15238,6,16,0,15,0,278,0,0,0,30,0,0,0,16766,0,0,376,1492,16,30,0,0,15999,0,0,0,0,0,30,0,0,0,0,0,0,0,0,0,0,0,0,0,0,0,0,126656961,0,0,0,0,0,0,0,0,0,0,30,1,0,75554,0,0,14,205599521,0,0,0,0,0,126586129,0,75554,0,0,0,0,0/RP0/CPU0

2020-02-06 19:13:22.175000+00:00,leaf8,sg3,obt-collector1,0,0,0,0,0,0,0,0,0,0,4687,0,556,0,0,0,0,0,0,4965,0,0,0,0,0,0,0,0,0,0,0,0,0,0,0,0,0,0,0,0,0,0,0,0,0,0,0,0,0,0,0,0,0,0,0,0,0,0,0,0,0,0,0,0,0,0,0,0,0,50258766,0,0,0,0,0,0,0,0,0,0,0,0,0/0/CPU0

2020-02-06 19:13:22.177000+00:00,leaf8,sg3,obt-collector1,0,0,0,0,15238,15238,6,16,0,15,0,278,0,0,0,30,0,0,0,16766,0,0,376,1492,16,30,0,0,15999,0,0,0,0,0,30,0,0,0,0,0,0,0,0,0,0,0,0,0,0,0,0,126658115,0,0,0,0,0,0,0,0,0,0,30,1,0,75555,0,0,14,205707144,0,0,0,0,0,126587282,0,75555,0,0,0,0,0/RP0/CPU0

2020-02-06 19:13:52.250000+00:00,leaf8,sg3,obt-collector1,0,0,0,0,0,0,0,0,0,0,4687,0,556,0,0,0,0,0,0,4965,0,0,0,0,0,0,0,0,0,0,0,0,0,0,0,0,0,0,0,0,0,0,0,0,0,0,0,0,0,0,0,0,0,0,0,0,0,0,0,0,0,0,0,0,0,0,0,0,0,50259622,0,0,0,0,0,0,0,0,0,0,0,0,0/0/CPU0

2020-02-06 19:13:52.264000+00:00,leaf8,sg3,obt-collector1,0,0,0,0,15239,15239,6,16,0,15,0,278,0,0,0,30,0,0,0,16767,0,0,376,1492,16,30,0,0,16000,0,0,0,0,0,30,0,0,0,0,0,0,0,0,0,0,0,0,0,0,0,0,126658852,0,0,0,0,0,0,0,0,0,0,30,1,0,75556,0,0,14,205787864,0,0,0,0,0,126588018,0,75556,0,0,0,0,0/RP0/CPU0

2020-02-06 19:14:32.300000+00:00,leaf8,sg3,obt-collector1,0,0,0,0,0,0,0,0,0,0,4687,0,556,0,0,0,0,0,0,4965,0,0,0,0,0,0,0,0,0,0,0,0,0,0,0,0,0,0,0,0,0,0,0,0,0,0,0,0,0,0,0,0,0,0,0,0,0,0,0,0,0,0,0,0,0,0,0,0,0,50260425,0,0,0,0,0,0,0,0,0,0,0,0,0/0/CPU0

2020-02-06 19:14:32.302000+00:00,leaf8,sg3,obt-collector1,0,0,0,0,15239,15239,6,16,0,15,0,278,0,0,0,30,0,0,0,16767,0,0,376,1492,16,30,0,0,16000,0,0,0,0,0,30,0,0,0,0,0,0,0,0,0,0,0,0,0,0,0,0,126660017,0,0,0,0,0,0,0,0,0,0,30,1,0,75556,0,0,14,205879213,0,0,0,0,0,126589183,0,75556,0,0,0,0,0/RP0/CPU0

2020-02-06 19:15:02.511000+00:00,leaf8,sg3,obt-collector1,0,0,0,0,0,0,0,0,0,0,4687,0,556,0,0,0,0,0,0,4965,0,0,0,0,0,0,0,0,0,0,0,0,0,0,0,0,0,0,0,0,0,0,0,0,0,0,0,0,0,0,0,0,0,0,0,0,0,0,0,0,0,0,0,0,0,0,0,0,0,50261067,0,0,0,0,0,0,0,0,0,0,0,0,0/0/CPU0

2020-02-06 19:15:02.570000+00:00,leaf8,sg3,obt-collector1,0,0,0,0,15239,15239,6,16,0,15,0,278,0,0,0,30,0,0,0,16767,0,0,376,1492,16,30,0,0,16000,0,0,0,0,0,30,0,0,0,0,0,0,0,0,0,0,0,0,0,0,0,0,126660716,0,0,0,0,0,0,0,0,0,0,30,1,0,75557,0,0,14,205960047,0,0,0,0,0,126589881,0,75557,0,0,0,0,0/RP0/CPU0

2020-02-06 19:16:02.947000+00:00,leaf8,sg3,obt-collector1,0,0,0,0,0,0,0,0,0,0,4687,0,556,0,0,0,0,0,0,4965,0,0,0,0,0,0,0,0,0,0,0,0,0,0,0,0,0,0,0,0,0,0,0,0,0,0,0,0,0,0,0,0,0,0,0,0,0,0,0,0,0,0,0,0,0,0,0,0,0,50262129,0,0,0,0,0,0,0,0,0,0,0,0,0/0/CPU0

2020-02-06 19:16:02.949000+00:00,leaf8,sg3,obt-collector1,0,0,0,0,15239,15239,6,16,0,15,0,278,0,0,0,30,0,0,0,16767,0,0,376,1492,16,30,0,0,16000,0,0,0,0,0,30,0,0,0,0,0,0,0,0,0,0,0,0,0,0,0,0,126662021,0,0,0,0,0,0,0,0,0,0,30,1,0,75558,0,0,14,206116831,0,0,0,0,0,126591185,0,75558,0,0,0,0,0/RP0/CPU0

2020-02-06 19:16:32.975000+00:00,leaf8,sg3,obt-collector1,0,0,0,0,0,0,0,0,0,0,4687,0,556,0,0,0,0,0,0,4965,0,0,0,0,0,0,0,0,0,0,0,0,0,0,0,0,0,0,0,0,0,0,0,0,0,0,0,0,0,0,0,0,0,0,0,0,0,0,0,0,0,0,0,0,0,0,0,0,0,50262729,0,0,0,0,0,0,0,0,0,0,0,0,0/0/CPU0

2020-02-06 19:16:32.979000+00:00,leaf8,sg3,obt-collector1,0,0,0,0,15239,15239,6,16,0,15,0,278,0,0,0,30,0,0,0,16767,0,0,376,1492,16,30,0,0,16000,0,0,0,0,0,30,0,0,0,0,0,0,0,0,0,0,0,0,0,0,0,0,126662686,0,0,0,0,0,0,0,0,0,0,30,1,0,75558,0,0,14,206187211,0,0,0,0,0,126591850,0,75558,0,0,0,0,0/RP0/CPU0

2020-02-06 19:17:23.069000+00:00,leaf8,sg3,obt-collector1,0,0,0,0,0,0,0,0,0,0,4687,0,556,0,0,0,0,0,0,4965,0,0,0,0,0,0,0,0,0,0,0,0,0,0,0,0,0,0,0,0,0,0,0,0,0,0,0,0,0,0,0,0,0,0,0,0,0,0,0,0,0,0,0,0,0,0,0,0,0,50263380,0,0,0,0,0,0,0,0,0,0,0,0,0/0/CPU0

2020-02-06 19:17:23.071000+00:00,leaf8,sg3,obt-collector1,0,0,0,0,15239,15239,6,16,0,15,0,278,0,0,0,30,0,0,0,16767,0,0,376,1492,16,30,0,0,16000,0,0,0,0,0,30,0,0,0,0,0,0,0,0,0,0,0,0,0,0,0,0,126663799,0,0,0,0,0,0,0,0,0,0,30,1,0,75559,0,0,14,206321316,0,0,0,0,0,126592962,0,75559,0,0,0,0,0/RP0/CPU0

2020-02-06 19:17:53.141000+00:00,leaf8,sg3,obt-collector1,0,0,0,0,0,0,0,0,0,0,4687,0,556,0,0,0,0,0,0,4965,0,0,0,0,0,0,0,0,0,0,0,0,0,0,0,0,0,0,0,0,0,0,0,0,0,0,0,0,0,0,0,0,0,0,0,0,0,0,0,0,0,0,0,0,0,0,0,0,0,50263929,0,0,0,0,0,0,0,0,0,0,0,0,0/0/CPU0

2020-02-06 19:17:53.145000+00:00,leaf8,sg3,obt-collector1,0,0,0,0,15239,15239,6,16,0,15,0,278,0,0,0,30,0,0,0,16767,0,0,376,1492,16,30,0,0,16000,0,0,0,0,0,30,0,0,0,0,0,0,0,0,0,0,0,0,0,0,0,0,126664469,0,0,0,0,0,0,0,0,0,0,30,1,0,75560,0,0,14,206390230,0,0,0,0,0,126593632,0,75560,0,0,0,0,0/RP0/CPU0

