,Producer,Target,host,session-state/down-count,session-state/total-count,session-state/unknown-count,session-state/up-count

2020-02-06 19:04:51.913000+00:00,dr03,wadjet-t-sg0,obt-collector1,0,9,0,9

2020-02-06 19:05:01.922000+00:00,dr03,wadjet-t-sg0,obt-collector1,0,9,0,9

2020-02-06 19:05:11.932000+00:00,dr03,wadjet-t-sg0,obt-collector1,0,9,0,9

2020-02-06 19:05:21.941000+00:00,dr03,wadjet-t-sg0,obt-collector1,0,9,0,9

2020-02-06 19:05:31.951000+00:00,dr03,wadjet-t-sg0,obt-collector1,0,9,0,9

2020-02-06 19:05:41.963000+00:00,dr03,wadjet-t-sg0,obt-collector1,0,9,0,9

2020-02-06 19:05:51.971000+00:00,dr03,wadjet-t-sg0,obt-collector1,0,9,0,9

2020-02-06 19:06:01.979000+00:00,dr03,wadjet-t-sg0,obt-collector1,0,9,0,9

2020-02-06 19:06:11.991000+00:00,dr03,wadjet-t-sg0,obt-collector1,0,9,0,9

2020-02-06 19:06:21.999000+00:00,dr03,wadjet-t-sg0,obt-collector1,0,9,0,9

2020-02-06 19:06:32.008000+00:00,dr03,wadjet-t-sg0,obt-collector1,0,9,0,9

2020-02-06 19:06:42.018000+00:00,dr03,wadjet-t-sg0,obt-collector1,0,9,0,9

2020-02-06 19:06:52.027000+00:00,dr03,wadjet-t-sg0,obt-collector1,0,9,0,9

2020-02-06 19:07:02.037000+00:00,dr03,wadjet-t-sg0,obt-collector1,0,9,0,9

2020-02-06 19:07:12.047000+00:00,dr03,wadjet-t-sg0,obt-collector1,0,9,0,9

2020-02-06 19:07:22.062000+00:00,dr03,wadjet-t-sg0,obt-collector1,0,9,0,9

2020-02-06 19:07:32.071000+00:00,dr03,wadjet-t-sg0,obt-collector1,0,9,0,9

2020-02-06 19:07:42.080000+00:00,dr03,wadjet-t-sg0,obt-collector1,0,9,0,9

2020-02-06 19:07:52.090000+00:00,dr03,wadjet-t-sg0,obt-collector1,0,9,0,9

2020-02-06 19:08:02.099000+00:00,dr03,wadjet-t-sg0,obt-collector1,0,9,0,9

2020-02-06 19:08:12.108000+00:00,dr03,wadjet-t-sg0,obt-collector1,0,9,0,9

2020-02-06 19:08:22.118000+00:00,dr03,wadjet-t-sg0,obt-collector1,0,9,0,9

2020-02-06 19:08:32.127000+00:00,dr03,wadjet-t-sg0,obt-collector1,0,9,0,9

2020-02-06 19:08:42.136000+00:00,dr03,wadjet-t-sg0,obt-collector1,0,9,0,9

2020-02-06 19:08:52.145000+00:00,dr03,wadjet-t-sg0,obt-collector1,0,9,0,9

2020-02-06 19:09:02.155000+00:00,dr03,wadjet-t-sg0,obt-collector1,0,9,0,9

2020-02-06 19:09:12.165000+00:00,dr03,wadjet-t-sg0,obt-collector1,0,9,0,9

2020-02-06 19:09:22.174000+00:00,dr03,wadjet-t-sg0,obt-collector1,0,9,0,9

2020-02-06 19:09:32.184000+00:00,dr03,wadjet-t-sg0,obt-collector1,0,9,0,9

2020-02-06 19:09:42.194000+00:00,dr03,wadjet-t-sg0,obt-collector1,0,9,0,9

2020-02-06 19:09:52.203000+00:00,dr03,wadjet-t-sg0,obt-collector1,0,9,0,9

2020-02-06 19:10:02.213000+00:00,dr03,wadjet-t-sg0,obt-collector1,0,9,0,9

2020-02-06 19:10:12.223000+00:00,dr03,wadjet-t-sg0,obt-collector1,0,9,0,9

2020-02-06 19:10:22.232000+00:00,dr03,wadjet-t-sg0,obt-collector1,0,9,0,9

2020-02-06 19:10:32.243000+00:00,dr03,wadjet-t-sg0,obt-collector1,0,9,0,9

2020-02-06 19:10:42.253000+00:00,dr03,wadjet-t-sg0,obt-collector1,0,9,0,9

2020-02-06 19:10:52.261000+00:00,dr03,wadjet-t-sg0,obt-collector1,0,9,0,9

2020-02-06 19:11:02.270000+00:00,dr03,wadjet-t-sg0,obt-collector1,0,9,0,9

2020-02-06 19:11:12.281000+00:00,dr03,wadjet-t-sg0,obt-collector1,0,9,0,9

2020-02-06 19:11:22.289000+00:00,dr03,wadjet-t-sg0,obt-collector1,0,9,0,9

2020-02-06 19:11:32.299000+00:00,dr03,wadjet-t-sg0,obt-collector1,0,9,0,9

2020-02-06 19:11:42.309000+00:00,dr03,wadjet-t-sg0,obt-collector1,0,9,0,9

2020-02-06 19:11:52.318000+00:00,dr03,wadjet-t-sg0,obt-collector1,0,9,0,9

2020-02-06 19:12:02.328000+00:00,dr03,wadjet-t-sg0,obt-collector1,0,9,0,9

2020-02-06 19:12:12.338000+00:00,dr03,wadjet-t-sg0,obt-collector1,0,9,0,9

2020-02-06 19:12:22.347000+00:00,dr03,wadjet-t-sg0,obt-collector1,0,9,0,9

2020-02-06 19:12:32.357000+00:00,dr03,wadjet-t-sg0,obt-collector1,0,9,0,9

2020-02-06 19:12:42.366000+00:00,dr03,wadjet-t-sg0,obt-collector1,0,9,0,9

2020-02-06 19:12:52.377000+00:00,dr03,wadjet-t-sg0,obt-collector1,0,9,0,9

2020-02-06 19:13:02.386000+00:00,dr03,wadjet-t-sg0,obt-collector1,0,9,0,9

2020-02-06 19:13:12.395000+00:00,dr03,wadjet-t-sg0,obt-collector1,0,9,0,9

2020-02-06 19:13:22.411000+00:00,dr03,wadjet-t-sg0,obt-collector1,0,9,0,9

2020-02-06 19:13:32.421000+00:00,dr03,wadjet-t-sg0,obt-collector1,0,9,0,9

2020-02-06 19:13:42.432000+00:00,dr03,wadjet-t-sg0,obt-collector1,0,9,0,9

2020-02-06 19:13:52.449000+00:00,dr03,wadjet-t-sg0,obt-collector1,0,9,0,9

2020-02-06 19:14:02.459000+00:00,dr03,wadjet-t-sg0,obt-collector1,0,9,0,9

2020-02-06 19:14:12.468000+00:00,dr03,wadjet-t-sg0,obt-collector1,0,9,0,9

2020-02-06 19:14:22.489000+00:00,dr03,wadjet-t-sg0,obt-collector1,0,9,0,9

2020-02-06 19:14:32.498000+00:00,dr03,wadjet-t-sg0,obt-collector1,0,9,0,9

2020-02-06 19:14:42.506000+00:00,dr03,wadjet-t-sg0,obt-collector1,0,9,0,9

2020-02-06 19:14:52.525000+00:00,dr03,wadjet-t-sg0,obt-collector1,0,9,0,9

2020-02-06 19:15:02.535000+00:00,dr03,wadjet-t-sg0,obt-collector1,0,9,0,9

2020-02-06 19:15:12.544000+00:00,dr03,wadjet-t-sg0,obt-collector1,0,9,0,9

2020-02-06 19:15:22.554000+00:00,dr03,wadjet-t-sg0,obt-collector1,0,9,0,9

2020-02-06 19:15:32.563000+00:00,dr03,wadjet-t-sg0,obt-collector1,0,9,0,9

2020-02-06 19:15:42.573000+00:00,dr03,wadjet-t-sg0,obt-collector1,0,9,0,9

2020-02-06 19:15:52.583000+00:00,dr03,wadjet-t-sg0,obt-collector1,0,9,0,9

2020-02-06 19:16:02.593000+00:00,dr03,wadjet-t-sg0,obt-collector1,0,9,0,9

2020-02-06 19:16:12.604000+00:00,dr03,wadjet-t-sg0,obt-collector1,0,9,0,9

2020-02-06 19:16:22.622000+00:00,dr03,wadjet-t-sg0,obt-collector1,0,9,0,9

2020-02-06 19:16:32.631000+00:00,dr03,wadjet-t-sg0,obt-collector1,0,9,0,9

2020-02-06 19:16:42.641000+00:00,dr03,wadjet-t-sg0,obt-collector1,0,9,0,9

2020-02-06 19:16:52.650000+00:00,dr03,wadjet-t-sg0,obt-collector1,0,9,0,9

2020-02-06 19:17:02.660000+00:00,dr03,wadjet-t-sg0,obt-collector1,0,9,0,9

2020-02-06 19:17:12.669000+00:00,dr03,wadjet-t-sg0,obt-collector1,0,9,0,9

2020-02-06 19:17:22.680000+00:00,dr03,wadjet-t-sg0,obt-collector1,0,9,0,9

2020-02-06 19:17:32.690000+00:00,dr03,wadjet-t-sg0,obt-collector1,0,9,0,9

2020-02-06 19:17:42.699000+00:00,dr03,wadjet-t-sg0,obt-collector1,0,9,0,9

2020-02-06 19:17:52.718000+00:00,dr03,wadjet-t-sg0,obt-collector1,0,9,0,9

2020-02-06 19:18:02.728000+00:00,dr03,wadjet-t-sg0,obt-collector1,0,9,0,9

2020-02-06 19:18:12.738000+00:00,dr03,wadjet-t-sg0,obt-collector1,0,9,0,9

2020-02-06 19:18:22.747000+00:00,dr03,wadjet-t-sg0,obt-collector1,0,9,0,9

2020-02-06 19:18:32.760000+00:00,dr03,wadjet-t-sg0,obt-collector1,0,9,0,9

2020-02-06 19:18:42.769000+00:00,dr03,wadjet-t-sg0,obt-collector1,0,9,0,9

2020-02-06 19:18:52.789000+00:00,dr03,wadjet-t-sg0,obt-collector1,0,9,0,9

