,EncodingPath,Producer,free-application-memory,free-physical-memory,node-name,ram-memory,system-ram-memory

2020-02-06 19:05:14.976000+00:00,Cisco-IOS-XR-nto-misc-oper:memory-summary/nodes/node/summary,dr03,9928564736,9908211712,0/0/CPU0,14165213184,14165213184

2020-02-06 19:05:14.984000+00:00,Cisco-IOS-XR-nto-misc-oper:memory-summary/nodes/node/summary,dr03,9929547776,9909063680,0/1/CPU0,14165213184,14165213184

2020-02-06 19:05:14.988000+00:00,Cisco-IOS-XR-nto-misc-oper:memory-summary/nodes/node/summary,dr03,14714232832,14689148928,0/RP0/CPU0,19473104896,19473104896

2020-02-06 19:05:44.975000+00:00,Cisco-IOS-XR-nto-misc-oper:memory-summary/nodes/node/summary,dr03,9928794112,9908310016,0/0/CPU0,14165213184,14165213184

2020-02-06 19:05:44.984000+00:00,Cisco-IOS-XR-nto-misc-oper:memory-summary/nodes/node/summary,dr03,9929572352,9909194752,0/1/CPU0,14165213184,14165213184

2020-02-06 19:05:44.988000+00:00,Cisco-IOS-XR-nto-misc-oper:memory-summary/nodes/node/summary,dr03,14714277888,14689193984,0/RP0/CPU0,19473104896,19473104896

2020-02-06 19:06:14.975000+00:00,Cisco-IOS-XR-nto-misc-oper:memory-summary/nodes/node/summary,dr03,9928552448,9908068352,0/0/CPU0,14165213184,14165213184

2020-02-06 19:06:14.984000+00:00,Cisco-IOS-XR-nto-misc-oper:memory-summary/nodes/node/summary,dr03,9929633792,9909149696,0/1/CPU0,14165213184,14165213184

2020-02-06 19:06:14.988000+00:00,Cisco-IOS-XR-nto-misc-oper:memory-summary/nodes/node/summary,dr03,14714593280,14689378304,0/RP0/CPU0,19473104896,19473104896

2020-02-06 19:06:44.976000+00:00,Cisco-IOS-XR-nto-misc-oper:memory-summary/nodes/node/summary,dr03,9928867840,9908383744,0/0/CPU0,14165213184,14165213184

2020-02-06 19:06:44.984000+00:00,Cisco-IOS-XR-nto-misc-oper:memory-summary/nodes/node/summary,dr03,9929768960,9909284864,0/1/CPU0,14165213184,14165213184

2020-02-06 19:06:44.988000+00:00,Cisco-IOS-XR-nto-misc-oper:memory-summary/nodes/node/summary,dr03,14712233984,14687150080,0/RP0/CPU0,19473104896,19473104896

2020-02-06 19:07:14.977000+00:00,Cisco-IOS-XR-nto-misc-oper:memory-summary/nodes/node/summary,dr03,9928892416,9908383744,0/0/CPU0,14165213184,14165213184

2020-02-06 19:07:14.985000+00:00,Cisco-IOS-XR-nto-misc-oper:memory-summary/nodes/node/summary,dr03,9929617408,9909133312,0/1/CPU0,14165213184,14165213184

2020-02-06 19:07:14.989000+00:00,Cisco-IOS-XR-nto-misc-oper:memory-summary/nodes/node/summary,dr03,14712008704,14686924800,0/RP0/CPU0,19473104896,19473104896

2020-02-06 19:07:44.976000+00:00,Cisco-IOS-XR-nto-misc-oper:memory-summary/nodes/node/summary,dr03,9928925184,9908441088,0/0/CPU0,14165213184,14165213184

2020-02-06 19:07:44.985000+00:00,Cisco-IOS-XR-nto-misc-oper:memory-summary/nodes/node/summary,dr03,9929658368,9909174272,0/1/CPU0,14165213184,14165213184

2020-02-06 19:07:44.989000+00:00,Cisco-IOS-XR-nto-misc-oper:memory-summary/nodes/node/summary,dr03,14714339328,14689124352,0/RP0/CPU0,19473104896,19473104896

2020-02-06 19:08:14.976000+00:00,Cisco-IOS-XR-nto-misc-oper:memory-summary/nodes/node/summary,dr03,9928572928,9908219904,0/0/CPU0,14165213184,14165213184

2020-02-06 19:08:14.985000+00:00,Cisco-IOS-XR-nto-misc-oper:memory-summary/nodes/node/summary,dr03,9929461760,9909215232,0/1/CPU0,14165213184,14165213184

2020-02-06 19:08:14.989000+00:00,Cisco-IOS-XR-nto-misc-oper:memory-summary/nodes/node/summary,dr03,14714007552,14688923648,0/RP0/CPU0,19473104896,19473104896

2020-02-06 19:08:44.976000+00:00,Cisco-IOS-XR-nto-misc-oper:memory-summary/nodes/node/summary,dr03,9928687616,9908334592,0/0/CPU0,14165213184,14165213184

2020-02-06 19:08:44.984000+00:00,Cisco-IOS-XR-nto-misc-oper:memory-summary/nodes/node/summary,dr03,9929457664,9908973568,0/1/CPU0,14165213184,14165213184

2020-02-06 19:08:44.989000+00:00,Cisco-IOS-XR-nto-misc-oper:memory-summary/nodes/node/summary,dr03,14714322944,14689107968,0/RP0/CPU0,19473104896,19473104896

2020-02-06 19:09:14.977000+00:00,Cisco-IOS-XR-nto-misc-oper:memory-summary/nodes/node/summary,dr03,9928855552,9908502528,0/0/CPU0,14165213184,14165213184

2020-02-06 19:09:14.985000+00:00,Cisco-IOS-XR-nto-misc-oper:memory-summary/nodes/node/summary,dr03,9929740288,9909256192,0/1/CPU0,14165213184,14165213184

2020-02-06 19:09:14.989000+00:00,Cisco-IOS-XR-nto-misc-oper:memory-summary/nodes/node/summary,dr03,14714167296,14688952320,0/RP0/CPU0,19473104896,19473104896

2020-02-06 19:09:44.977000+00:00,Cisco-IOS-XR-nto-misc-oper:memory-summary/nodes/node/summary,dr03,9928912896,9908559872,0/0/CPU0,14165213184,14165213184

2020-02-06 19:09:44.986000+00:00,Cisco-IOS-XR-nto-misc-oper:memory-summary/nodes/node/summary,dr03,9929760768,9909276672,0/1/CPU0,14165213184,14165213184

2020-02-06 19:09:44.991000+00:00,Cisco-IOS-XR-nto-misc-oper:memory-summary/nodes/node/summary,dr03,14714417152,14689333248,0/RP0/CPU0,19473104896,19473104896

2020-02-06 19:10:14.978000+00:00,Cisco-IOS-XR-nto-misc-oper:memory-summary/nodes/node/summary,dr03,9928724480,9908240384,0/0/CPU0,14165213184,14165213184

2020-02-06 19:10:14.986000+00:00,Cisco-IOS-XR-nto-misc-oper:memory-summary/nodes/node/summary,dr03,9929764864,9909280768,0/1/CPU0,14165213184,14165213184

2020-02-06 19:10:14.991000+00:00,Cisco-IOS-XR-nto-misc-oper:memory-summary/nodes/node/summary,dr03,14713999360,14688915456,0/RP0/CPU0,19473104896,19473104896

2020-02-06 19:10:44.977000+00:00,Cisco-IOS-XR-nto-misc-oper:memory-summary/nodes/node/summary,dr03,9928794112,9908310016,0/0/CPU0,14165213184,14165213184

2020-02-06 19:10:44.985000+00:00,Cisco-IOS-XR-nto-misc-oper:memory-summary/nodes/node/summary,dr03,9929723904,9909239808,0/1/CPU0,14165213184,14165213184

2020-02-06 19:10:44.990000+00:00,Cisco-IOS-XR-nto-misc-oper:memory-summary/nodes/node/summary,dr03,14714425344,14689341440,0/RP0/CPU0,19473104896,19473104896

2020-02-06 19:11:14.979000+00:00,Cisco-IOS-XR-nto-misc-oper:memory-summary/nodes/node/summary,dr03,9928777728,9908424704,0/0/CPU0,14165213184,14165213184

2020-02-06 19:11:14.987000+00:00,Cisco-IOS-XR-nto-misc-oper:memory-summary/nodes/node/summary,dr03,9929617408,9909264384,0/1/CPU0,14165213184,14165213184

2020-02-06 19:11:14.991000+00:00,Cisco-IOS-XR-nto-misc-oper:memory-summary/nodes/node/summary,dr03,14714093568,14688878592,0/RP0/CPU0,19473104896,19473104896

2020-02-06 19:11:44.978000+00:00,Cisco-IOS-XR-nto-misc-oper:memory-summary/nodes/node/summary,dr03,9928794112,9908310016,0/0/CPU0,14165213184,14165213184

2020-02-06 19:11:44.986000+00:00,Cisco-IOS-XR-nto-misc-oper:memory-summary/nodes/node/summary,dr03,9929646080,9909293056,0/1/CPU0,14165213184,14165213184

2020-02-06 19:11:44.991000+00:00,Cisco-IOS-XR-nto-misc-oper:memory-summary/nodes/node/summary,dr03,14712115200,14687031296,0/RP0/CPU0,19473104896,19473104896

2020-02-06 19:12:14.980000+00:00,Cisco-IOS-XR-nto-misc-oper:memory-summary/nodes/node/summary,dr03,9929011200,9908527104,0/0/CPU0,14165213184,14165213184

2020-02-06 19:12:14.988000+00:00,Cisco-IOS-XR-nto-misc-oper:memory-summary/nodes/node/summary,dr03,9929355264,9908871168,0/1/CPU0,14165213184,14165213184

2020-02-06 19:12:14.993000+00:00,Cisco-IOS-XR-nto-misc-oper:memory-summary/nodes/node/summary,dr03,14711689216,14686605312,0/RP0/CPU0,19473104896,19473104896

2020-02-06 19:12:44.979000+00:00,Cisco-IOS-XR-nto-misc-oper:memory-summary/nodes/node/summary,dr03,9928687616,9908203520,0/0/CPU0,14165213184,14165213184

2020-02-06 19:12:44.987000+00:00,Cisco-IOS-XR-nto-misc-oper:memory-summary/nodes/node/summary,dr03,9929396224,9908912128,0/1/CPU0,14165213184,14165213184

2020-02-06 19:12:44.992000+00:00,Cisco-IOS-XR-nto-misc-oper:memory-summary/nodes/node/summary,dr03,14714396672,14689181696,0/RP0/CPU0,19473104896,19473104896

2020-02-06 19:13:14.979000+00:00,Cisco-IOS-XR-nto-misc-oper:memory-summary/nodes/node/summary,dr03,9928794112,9908310016,0/0/CPU0,14165213184,14165213184

2020-02-06 19:13:14.988000+00:00,Cisco-IOS-XR-nto-misc-oper:memory-summary/nodes/node/summary,dr03,9929547776,9909063680,0/1/CPU0,14165213184,14165213184

2020-02-06 19:13:14.993000+00:00,Cisco-IOS-XR-nto-misc-oper:memory-summary/nodes/node/summary,dr03,14713790464,14688706560,0/RP0/CPU0,19473104896,19473104896

2020-02-06 19:13:44.979000+00:00,Cisco-IOS-XR-nto-misc-oper:memory-summary/nodes/node/summary,dr03,9928667136,9908183040,0/0/CPU0,14165213184,14165213184

2020-02-06 19:13:44.987000+00:00,Cisco-IOS-XR-nto-misc-oper:memory-summary/nodes/node/summary,dr03,9929621504,9909137408,0/1/CPU0,14165213184,14165213184

2020-02-06 19:13:44.992000+00:00,Cisco-IOS-XR-nto-misc-oper:memory-summary/nodes/node/summary,dr03,14714351616,14689136640,0/RP0/CPU0,19473104896,19473104896

2020-02-06 19:14:14.980000+00:00,Cisco-IOS-XR-nto-misc-oper:memory-summary/nodes/node/summary,dr03,9928888320,9908379648,0/0/CPU0,14165213184,14165213184

2020-02-06 19:14:14.988000+00:00,Cisco-IOS-XR-nto-misc-oper:memory-summary/nodes/node/summary,dr03,9929416704,9909063680,0/1/CPU0,14165213184,14165213184

2020-02-06 19:14:14.993000+00:00,Cisco-IOS-XR-nto-misc-oper:memory-summary/nodes/node/summary,dr03,14713925632,14688841728,0/RP0/CPU0,19473104896,19473104896

2020-02-06 19:14:44.980000+00:00,Cisco-IOS-XR-nto-misc-oper:memory-summary/nodes/node/summary,dr03,9928269824,9907916800,0/0/CPU0,14165213184,14165213184

2020-02-06 19:14:44.987000+00:00,Cisco-IOS-XR-nto-misc-oper:memory-summary/nodes/node/summary,dr03,9929695232,9909211136,0/1/CPU0,14165213184,14165213184

2020-02-06 19:14:44.992000+00:00,Cisco-IOS-XR-nto-misc-oper:memory-summary/nodes/node/summary,dr03,14713643008,14688428032,0/RP0/CPU0,19473104896,19473104896

2020-02-06 19:15:14.980000+00:00,Cisco-IOS-XR-nto-misc-oper:memory-summary/nodes/node/summary,dr03,9928949760,9908596736,0/0/CPU0,14165213184,14165213184

2020-02-06 19:15:14.988000+00:00,Cisco-IOS-XR-nto-misc-oper:memory-summary/nodes/node/summary,dr03,9929670656,9909186560,0/1/CPU0,14165213184,14165213184

2020-02-06 19:15:14.994000+00:00,Cisco-IOS-XR-nto-misc-oper:memory-summary/nodes/node/summary,dr03,14713659392,14688575488,0/RP0/CPU0,19473104896,19473104896

2020-02-06 19:15:44.979000+00:00,Cisco-IOS-XR-nto-misc-oper:memory-summary/nodes/node/summary,dr03,9928900608,9908547584,0/0/CPU0,14165213184,14165213184

2020-02-06 19:15:44.987000+00:00,Cisco-IOS-XR-nto-misc-oper:memory-summary/nodes/node/summary,dr03,9929601024,9909248000,0/1/CPU0,14165213184,14165213184

2020-02-06 19:15:44.992000+00:00,Cisco-IOS-XR-nto-misc-oper:memory-summary/nodes/node/summary,dr03,14713999360,14688784384,0/RP0/CPU0,19473104896,19473104896

2020-02-06 19:16:14.981000+00:00,Cisco-IOS-XR-nto-misc-oper:memory-summary/nodes/node/summary,dr03,9928970240,9908486144,0/0/CPU0,14165213184,14165213184

2020-02-06 19:16:14.989000+00:00,Cisco-IOS-XR-nto-misc-oper:memory-summary/nodes/node/summary,dr03,9929687040,9909202944,0/1/CPU0,14165213184,14165213184

2020-02-06 19:16:14.994000+00:00,Cisco-IOS-XR-nto-misc-oper:memory-summary/nodes/node/summary,dr03,14713401344,14688317440,0/RP0/CPU0,19473104896,19473104896

2020-02-06 19:16:44.981000+00:00,Cisco-IOS-XR-nto-misc-oper:memory-summary/nodes/node/summary,dr03,9928757248,9908273152,0/0/CPU0,14165213184,14165213184

2020-02-06 19:16:44.989000+00:00,Cisco-IOS-XR-nto-misc-oper:memory-summary/nodes/node/summary,dr03,9929240576,9908887552,0/1/CPU0,14165213184,14165213184

2020-02-06 19:16:44.994000+00:00,Cisco-IOS-XR-nto-misc-oper:memory-summary/nodes/node/summary,dr03,14711648256,14686433280,0/RP0/CPU0,19473104896,19473104896

2020-02-06 19:17:14.981000+00:00,Cisco-IOS-XR-nto-misc-oper:memory-summary/nodes/node/summary,dr03,9928642560,9908289536,0/0/CPU0,14165213184,14165213184

2020-02-06 19:17:14.989000+00:00,Cisco-IOS-XR-nto-misc-oper:memory-summary/nodes/node/summary,dr03,9929515008,9909030912,0/1/CPU0,14165213184,14165213184

2020-02-06 19:17:14.994000+00:00,Cisco-IOS-XR-nto-misc-oper:memory-summary/nodes/node/summary,dr03,14711529472,14686445568,0/RP0/CPU0,19473104896,19473104896

2020-02-06 19:17:44.981000+00:00,Cisco-IOS-XR-nto-misc-oper:memory-summary/nodes/node/summary,dr03,9928712192,9908228096,0/0/CPU0,14165213184,14165213184

2020-02-06 19:17:44.989000+00:00,Cisco-IOS-XR-nto-misc-oper:memory-summary/nodes/node/summary,dr03,9929478144,9908994048,0/1/CPU0,14165213184,14165213184

2020-02-06 19:17:44.995000+00:00,Cisco-IOS-XR-nto-misc-oper:memory-summary/nodes/node/summary,dr03,14713909248,14688669696,0/RP0/CPU0,19473104896,19473104896

2020-02-06 19:18:14.982000+00:00,Cisco-IOS-XR-nto-misc-oper:memory-summary/nodes/node/summary,dr03,9928921088,9908412416,0/0/CPU0,14165213184,14165213184

2020-02-06 19:18:14.990000+00:00,Cisco-IOS-XR-nto-misc-oper:memory-summary/nodes/node/summary,dr03,9929351168,9908867072,0/1/CPU0,14165213184,14165213184

2020-02-06 19:18:14.996000+00:00,Cisco-IOS-XR-nto-misc-oper:memory-summary/nodes/node/summary,dr03,14713630720,14688415744,0/RP0/CPU0,19473104896,19473104896

2020-02-06 19:18:44.982000+00:00,Cisco-IOS-XR-nto-misc-oper:memory-summary/nodes/node/summary,dr03,9928654848,9908170752,0/0/CPU0,14165213184,14165213184

2020-02-06 19:18:44.990000+00:00,Cisco-IOS-XR-nto-misc-oper:memory-summary/nodes/node/summary,dr03,9929789440,9909305344,0/1/CPU0,14165213184,14165213184

2020-02-06 19:18:44.995000+00:00,Cisco-IOS-XR-nto-misc-oper:memory-summary/nodes/node/summary,dr03,14713860096,14688645120,0/RP0/CPU0,19473104896,19473104896

