,Producer,Target,audit-counters/aggr-only/mark-session-set-ack-rcv-drop-aggr,audit-counters/aggr-only/mark-session-set-nack-rcv-drop-aggr,audit-counters/aggr-only/mark-session-set-rcv-drop-aggr,audit-counters/aggr-only/session-rcv-drop-aggr,audit-counters/aggr-only/session-set-response-rcv-drop-aggr,audit-counters/aggr-only/sweep-session-set-rcv-drop-aggr,audit-counters/common/abort,audit-counters/common/mark-session-set-ack-rcv,audit-counters/common/mark-session-set-ack-rcv-drop,audit-counters/common/mark-session-set-ack-send,audit-counters/common/mark-session-set-ack-send-drop,audit-counters/common/mark-session-set-nack-rcv,audit-counters/common/mark-session-set-nack-rcv-drop,audit-counters/common/mark-session-set-nack-send,audit-counters/common/mark-session-set-nack-send-drop,audit-counters/common/mark-session-set-rcv,audit-counters/common/mark-session-set-rcv-drop,audit-counters/common/mark-session-set-send,audit-counters/common/mark-session-set-send-drop,audit-counters/common/session-rcv,audit-counters/common/session-rcv-drop,audit-counters/common/session-send,audit-counters/common/session-send-drop,audit-counters/common/session-set-response-rcv,audit-counters/common/session-set-response-rcv-drop,audit-counters/common/session-set-response-send,audit-counters/common/session-set-response-send-drop,audit-counters/common/sweep-session-set-rcv,audit-counters/common/sweep-session-set-rcv-drop,audit-counters/common/sweep-session-set-send,audit-counters/common/sweep-session-set-send-drop,held-packet-drops,host,id,internal-ack-drops-immediate-match,internal-ack-drops-initsync-first-phase,internal-ack-drops-not-replicated,internal-ack-drops-stale,last-cleared-time,notification-statistic/delivered-count,notification-statistic/dropped-count,notification-statistic/failed-count,notification-statistic/queued-count,notification-statistics/delivered-count,notification-statistics/dropped-count,notification-statistics/failed-count,notification-statistics/queued-count,number-of-added-sessions,number-of-attempted-init-sync,number-of-connected-clients,number-of-created-session-sets,number-of-current-clients,number-of-current-session-sets,number-of-current-sessions,number-of-deleted-sessions,number-of-destroyed-session-sets,number-of-disconnected-clients,number-of-failed-init-sync,number-of-held-but-dropped-internal-acks,number-of-held-but-dropped-packets,number-of-held-internal-acks,number-of-held-packets,number-of-internal-ack-drops-no-pcb,number-of-internal-ack-drops-no-scbdp,number-of-partner-node,number-of-qad-receive-messages-accepts,number-of-qad-receive-messages-drops,number-of-qad-receive-messages-unknowns,number-of-qad-stale-receive-messages-drops,number-of-qad-transfer-message-drops,number-of-qad-transfer-message-sent,number-of-received-internal-acks,number-of-sent-internal-acks,number-of-succeeded-init-sync,snd-counters/aggr-only/cleanup-rcv-drop-no-pcb,snd-counters/aggr-only/cleanup-rcv-drop-no-scb-dp,snd-counters/aggr-only/data-xfer-rcv-drop-no-pcb,snd-counters/aggr-only/data-xfer-rcv-drop-no-scb-dp,snd-counters/aggr-only/nack-rcv-drop-no-pcb,snd-counters/aggr-only/nack-rcv-drop-no-scb-dp,snd-counters/aggr-only/seg-instr-rcv-drop-no-pcb,snd-counters/aggr-only/seg-instr-rcv-drop-no-scb-dp,snd-counters/common/cleanup-rcv,snd-counters/common/cleanup-rcv-fail-buffer-trim,snd-counters/common/cleanup-rcv-success,snd-counters/common/cleanup-send,snd-counters/common/cleanup-send-drop,snd-counters/common/data-xfer-rcv,snd-counters/common/data-xfer-rcv-fail-buffer-trim,snd-counters/common/data-xfer-rcv-fail-snd-una-out-of-sync,snd-counters/common/data-xfer-rcv-success,snd-counters/common/data-xfer-send,snd-counters/common/data-xfer-send-drop,snd-counters/common/data-xfer-send-iov-alloc,snd-counters/common/data-xfer-send-total,snd-counters/common/nack-rcv,snd-counters/common/nack-rcv-fail-data-send,snd-counters/common/nack-rcv-success,snd-counters/common/nack-send,snd-counters/common/nack-send-drop,snd-counters/common/seg-instr-rcv,snd-counters/common/seg-instr-rcv-fail-buffer-trim,snd-counters/common/seg-instr-rcv-fail-tcp-process,snd-counters/common/seg-instr-rcv-success,snd-counters/common/seg-instr-send,snd-counters/common/seg-instr-send-drop,snd-counters/common/seg-instr-send-units

2020-02-02 21:58:03.366000+00:00,leaf7,sg0,0,0,0,0,0,0,0,0,0,0,0,0,0,0,0,0,0,0,0,0,0,0,0,0,0,0,0,0,0,0,0,0,obt-collector1,0/RP0/CPU0,0,0,0,0,0,0,0,0,0,,,,,0,0,2,2,2,2,0,0,0,0,0,0,0,0,0,0,0,0,0,0,0,0,0,0,0,0,0,0,0,0,0,0,0,0,0,0,0,0,0,0,0,0,0,0,0,0,0,0,0,0,0,0,0,0,0,0,0,0,0,0

2020-02-02 21:58:13.362000+00:00,leaf7,sg0,0,0,0,0,0,0,0,0,0,0,0,0,0,0,0,0,0,0,0,0,0,0,0,0,0,0,0,0,0,0,0,0,obt-collector1,0/RP0/CPU0,0,0,0,0,0,0,0,0,0,,,,,0,0,2,2,2,2,0,0,0,0,0,0,0,0,0,0,0,0,0,0,0,0,0,0,0,0,0,0,0,0,0,0,0,0,0,0,0,0,0,0,0,0,0,0,0,0,0,0,0,0,0,0,0,0,0,0,0,0,0,0

2020-02-02 21:58:23.366000+00:00,leaf7,sg0,0,0,0,0,0,0,0,0,0,0,0,0,0,0,0,0,0,0,0,0,0,0,0,0,0,0,0,0,0,0,0,0,obt-collector1,0/RP0/CPU0,0,0,0,0,0,0,0,0,0,,,,,0,0,2,2,2,2,0,0,0,0,0,0,0,0,0,0,0,0,0,0,0,0,0,0,0,0,0,0,0,0,0,0,0,0,0,0,0,0,0,0,0,0,0,0,0,0,0,0,0,0,0,0,0,0,0,0,0,0,0,0

2020-02-02 21:58:33.372000+00:00,leaf7,sg0,0,0,0,0,0,0,0,0,0,0,0,0,0,0,0,0,0,0,0,0,0,0,0,0,0,0,0,0,0,0,0,0,obt-collector1,0/RP0/CPU0,0,0,0,0,0,0,0,0,0,,,,,0,0,2,2,2,2,0,0,0,0,0,0,0,0,0,0,0,0,0,0,0,0,0,0,0,0,0,0,0,0,0,0,0,0,0,0,0,0,0,0,0,0,0,0,0,0,0,0,0,0,0,0,0,0,0,0,0,0,0,0

2020-02-02 21:58:43.375000+00:00,leaf7,sg0,0,0,0,0,0,0,0,0,0,0,0,0,0,0,0,0,0,0,0,0,0,0,0,0,0,0,0,0,0,0,0,0,obt-collector1,0/RP0/CPU0,0,0,0,0,0,0,0,0,0,,,,,0,0,2,2,2,2,0,0,0,0,0,0,0,0,0,0,0,0,0,0,0,0,0,0,0,0,0,0,0,0,0,0,0,0,0,0,0,0,0,0,0,0,0,0,0,0,0,0,0,0,0,0,0,0,0,0,0,0,0,0

2020-02-02 21:58:53.370000+00:00,leaf7,sg0,0,0,0,0,0,0,0,0,0,0,0,0,0,0,0,0,0,0,0,0,0,0,0,0,0,0,0,0,0,0,0,0,obt-collector1,0/RP0/CPU0,0,0,0,0,0,0,0,0,0,,,,,0,0,2,2,2,2,0,0,0,0,0,0,0,0,0,0,0,0,0,0,0,0,0,0,0,0,0,0,0,0,0,0,0,0,0,0,0,0,0,0,0,0,0,0,0,0,0,0,0,0,0,0,0,0,0,0,0,0,0,0

2020-02-02 21:59:03.361000+00:00,leaf7,sg0,0,0,0,0,0,0,0,0,0,0,0,0,0,0,0,0,0,0,0,0,0,0,0,0,0,0,0,0,0,0,0,0,obt-collector1,0/RP0/CPU0,0,0,0,0,0,0,0,0,0,,,,,0,0,2,2,2,2,0,0,0,0,0,0,0,0,0,0,0,0,0,0,0,0,0,0,0,0,0,0,0,0,0,0,0,0,0,0,0,0,0,0,0,0,0,0,0,0,0,0,0,0,0,0,0,0,0,0,0,0,0,0

2020-02-02 21:59:13.373000+00:00,leaf7,sg0,0,0,0,0,0,0,0,0,0,0,0,0,0,0,0,0,0,0,0,0,0,0,0,0,0,0,0,0,0,0,0,0,obt-collector1,0/RP0/CPU0,0,0,0,0,0,0,0,0,0,,,,,0,0,2,2,2,2,0,0,0,0,0,0,0,0,0,0,0,0,0,0,0,0,0,0,0,0,0,0,0,0,0,0,0,0,0,0,0,0,0,0,0,0,0,0,0,0,0,0,0,0,0,0,0,0,0,0,0,0,0,0

2020-02-02 21:59:23.369000+00:00,leaf7,sg0,0,0,0,0,0,0,0,0,0,0,0,0,0,0,0,0,0,0,0,0,0,0,0,0,0,0,0,0,0,0,0,0,obt-collector1,0/RP0/CPU0,0,0,0,0,0,0,0,0,0,,,,,0,0,2,2,2,2,0,0,0,0,0,0,0,0,0,0,0,0,0,0,0,0,0,0,0,0,0,0,0,0,0,0,0,0,0,0,0,0,0,0,0,0,0,0,0,0,0,0,0,0,0,0,0,0,0,0,0,0,0,0

2020-02-02 21:59:33.366000+00:00,leaf7,sg0,0,0,0,0,0,0,0,0,0,0,0,0,0,0,0,0,0,0,0,0,0,0,0,0,0,0,0,0,0,0,0,0,obt-collector1,0/RP0/CPU0,0,0,0,0,0,0,0,0,0,,,,,0,0,2,2,2,2,0,0,0,0,0,0,0,0,0,0,0,0,0,0,0,0,0,0,0,0,0,0,0,0,0,0,0,0,0,0,0,0,0,0,0,0,0,0,0,0,0,0,0,0,0,0,0,0,0,0,0,0,0,0

2020-02-02 21:59:43.375000+00:00,leaf7,sg0,0,0,0,0,0,0,0,0,0,0,0,0,0,0,0,0,0,0,0,0,0,0,0,0,0,0,0,0,0,0,0,0,obt-collector1,0/RP0/CPU0,0,0,0,0,0,0,0,0,0,,,,,0,0,2,2,2,2,0,0,0,0,0,0,0,0,0,0,0,0,0,0,0,0,0,0,0,0,0,0,0,0,0,0,0,0,0,0,0,0,0,0,0,0,0,0,0,0,0,0,0,0,0,0,0,0,0,0,0,0,0,0

2020-02-02 21:59:53.361000+00:00,leaf7,sg0,0,0,0,0,0,0,0,0,0,0,0,0,0,0,0,0,0,0,0,0,0,0,0,0,0,0,0,0,0,0,0,0,obt-collector1,0/RP0/CPU0,0,0,0,0,0,0,0,0,0,,,,,0,0,2,2,2,2,0,0,0,0,0,0,0,0,0,0,0,0,0,0,0,0,0,0,0,0,0,0,0,0,0,0,0,0,0,0,0,0,0,0,0,0,0,0,0,0,0,0,0,0,0,0,0,0,0,0,0,0,0,0

2020-02-02 22:00:03.366000+00:00,leaf7,sg0,0,0,0,0,0,0,0,0,0,0,0,0,0,0,0,0,0,0,0,0,0,0,0,0,0,0,0,0,0,0,0,0,obt-collector1,0/RP0/CPU0,0,0,0,0,0,0,0,0,0,,,,,0,0,2,2,2,2,0,0,0,0,0,0,0,0,0,0,0,0,0,0,0,0,0,0,0,0,0,0,0,0,0,0,0,0,0,0,0,0,0,0,0,0,0,0,0,0,0,0,0,0,0,0,0,0,0,0,0,0,0,0

2020-02-02 22:00:13.360000+00:00,leaf7,sg0,0,0,0,0,0,0,0,0,0,0,0,0,0,0,0,0,0,0,0,0,0,0,0,0,0,0,0,0,0,0,0,0,obt-collector1,0/RP0/CPU0,0,0,0,0,0,0,0,0,0,,,,,0,0,2,2,2,2,0,0,0,0,0,0,0,0,0,0,0,0,0,0,0,0,0,0,0,0,0,0,0,0,0,0,0,0,0,0,0,0,0,0,0,0,0,0,0,0,0,0,0,0,0,0,0,0,0,0,0,0,0,0

2020-02-02 22:00:23.380000+00:00,leaf7,sg0,0,0,0,0,0,0,0,0,0,0,0,0,0,0,0,0,0,0,0,0,0,0,0,0,0,0,0,0,0,0,0,0,obt-collector1,0/RP0/CPU0,0,0,0,0,0,0,0,0,0,,,,,0,0,2,2,2,2,0,0,0,0,0,0,0,0,0,0,0,0,0,0,0,0,0,0,0,0,0,0,0,0,0,0,0,0,0,0,0,0,0,0,0,0,0,0,0,0,0,0,0,0,0,0,0,0,0,0,0,0,0,0

2020-02-02 22:00:33.372000+00:00,leaf7,sg0,0,0,0,0,0,0,0,0,0,0,0,0,0,0,0,0,0,0,0,0,0,0,0,0,0,0,0,0,0,0,0,0,obt-collector1,0/RP0/CPU0,0,0,0,0,0,0,0,0,0,,,,,0,0,2,2,2,2,0,0,0,0,0,0,0,0,0,0,0,0,0,0,0,0,0,0,0,0,0,0,0,0,0,0,0,0,0,0,0,0,0,0,0,0,0,0,0,0,0,0,0,0,0,0,0,0,0,0,0,0,0,0

2020-02-02 22:00:43.383000+00:00,leaf7,sg0,0,0,0,0,0,0,0,0,0,0,0,0,0,0,0,0,0,0,0,0,0,0,0,0,0,0,0,0,0,0,0,0,obt-collector1,0/RP0/CPU0,0,0,0,0,0,0,0,0,0,,,,,0,0,2,2,2,2,0,0,0,0,0,0,0,0,0,0,0,0,0,0,0,0,0,0,0,0,0,0,0,0,0,0,0,0,0,0,0,0,0,0,0,0,0,0,0,0,0,0,0,0,0,0,0,0,0,0,0,0,0,0

2020-02-02 22:00:53.387000+00:00,leaf7,sg0,0,0,0,0,0,0,0,0,0,0,0,0,0,0,0,0,0,0,0,0,0,0,0,0,0,0,0,0,0,0,0,0,obt-collector1,0/RP0/CPU0,0,0,0,0,0,0,0,0,0,,,,,0,0,2,2,2,2,0,0,0,0,0,0,0,0,0,0,0,0,0,0,0,0,0,0,0,0,0,0,0,0,0,0,0,0,0,0,0,0,0,0,0,0,0,0,0,0,0,0,0,0,0,0,0,0,0,0,0,0,0,0

2020-02-02 22:01:03.400000+00:00,leaf7,sg0,0,0,0,0,0,0,0,0,0,0,0,0,0,0,0,0,0,0,0,0,0,0,0,0,0,0,0,0,0,0,0,0,obt-collector1,0/RP0/CPU0,0,0,0,0,0,0,0,0,0,,,,,0,0,2,2,2,2,0,0,0,0,0,0,0,0,0,0,0,0,0,0,0,0,0,0,0,0,0,0,0,0,0,0,0,0,0,0,0,0,0,0,0,0,0,0,0,0,0,0,0,0,0,0,0,0,0,0,0,0,0,0

2020-02-02 22:01:13.371000+00:00,leaf7,sg0,0,0,0,0,0,0,0,0,0,0,0,0,0,0,0,0,0,0,0,0,0,0,0,0,0,0,0,0,0,0,0,0,obt-collector1,0/RP0/CPU0,0,0,0,0,0,0,0,0,0,,,,,0,0,2,2,2,2,0,0,0,0,0,0,0,0,0,0,0,0,0,0,0,0,0,0,0,0,0,0,0,0,0,0,0,0,0,0,0,0,0,0,0,0,0,0,0,0,0,0,0,0,0,0,0,0,0,0,0,0,0,0

2020-02-02 22:01:23.383000+00:00,leaf7,sg0,0,0,0,0,0,0,0,0,0,0,0,0,0,0,0,0,0,0,0,0,0,0,0,0,0,0,0,0,0,0,0,0,obt-collector1,0/RP0/CPU0,0,0,0,0,0,0,0,0,0,,,,,0,0,2,2,2,2,0,0,0,0,0,0,0,0,0,0,0,0,0,0,0,0,0,0,0,0,0,0,0,0,0,0,0,0,0,0,0,0,0,0,0,0,0,0,0,0,0,0,0,0,0,0,0,0,0,0,0,0,0,0

2020-02-02 22:01:33.404000+00:00,leaf7,sg0,0,0,0,0,0,0,0,0,0,0,0,0,0,0,0,0,0,0,0,0,0,0,0,0,0,0,0,0,0,0,0,0,obt-collector1,0/RP0/CPU0,0,0,0,0,0,0,0,0,0,,,,,0,0,2,2,2,2,0,0,0,0,0,0,0,0,0,0,0,0,0,0,0,0,0,0,0,0,0,0,0,0,0,0,0,0,0,0,0,0,0,0,0,0,0,0,0,0,0,0,0,0,0,0,0,0,0,0,0,0,0,0

2020-02-02 22:01:43.373000+00:00,leaf7,sg0,0,0,0,0,0,0,0,0,0,0,0,0,0,0,0,0,0,0,0,0,0,0,0,0,0,0,0,0,0,0,0,0,obt-collector1,0/RP0/CPU0,0,0,0,0,0,0,0,0,0,,,,,0,0,2,2,2,2,0,0,0,0,0,0,0,0,0,0,0,0,0,0,0,0,0,0,0,0,0,0,0,0,0,0,0,0,0,0,0,0,0,0,0,0,0,0,0,0,0,0,0,0,0,0,0,0,0,0,0,0,0,0

2020-02-02 22:01:53.373000+00:00,leaf7,sg0,0,0,0,0,0,0,0,0,0,0,0,0,0,0,0,0,0,0,0,0,0,0,0,0,0,0,0,0,0,0,0,0,obt-collector1,0/RP0/CPU0,0,0,0,0,0,0,0,0,0,,,,,0,0,2,2,2,2,0,0,0,0,0,0,0,0,0,0,0,0,0,0,0,0,0,0,0,0,0,0,0,0,0,0,0,0,0,0,0,0,0,0,0,0,0,0,0,0,0,0,0,0,0,0,0,0,0,0,0,0,0,0

2020-02-02 22:02:03.373000+00:00,leaf7,sg0,0,0,0,0,0,0,0,0,0,0,0,0,0,0,0,0,0,0,0,0,0,0,0,0,0,0,0,0,0,0,0,0,obt-collector1,0/RP0/CPU0,0,0,0,0,0,0,0,0,0,,,,,0,0,2,2,2,2,0,0,0,0,0,0,0,0,0,0,0,0,0,0,0,0,0,0,0,0,0,0,0,0,0,0,0,0,0,0,0,0,0,0,0,0,0,0,0,0,0,0,0,0,0,0,0,0,0,0,0,0,0,0

2020-02-02 22:02:13.376000+00:00,leaf7,sg0,0,0,0,0,0,0,0,0,0,0,0,0,0,0,0,0,0,0,0,0,0,0,0,0,0,0,0,0,0,0,0,0,obt-collector1,0/RP0/CPU0,0,0,0,0,0,0,0,0,0,,,,,0,0,2,2,2,2,0,0,0,0,0,0,0,0,0,0,0,0,0,0,0,0,0,0,0,0,0,0,0,0,0,0,0,0,0,0,0,0,0,0,0,0,0,0,0,0,0,0,0,0,0,0,0,0,0,0,0,0,0,0

2020-02-02 22:02:23.382000+00:00,leaf7,sg0,0,0,0,0,0,0,0,0,0,0,0,0,0,0,0,0,0,0,0,0,0,0,0,0,0,0,0,0,0,0,0,0,obt-collector1,0/RP0/CPU0,0,0,0,0,0,0,0,0,0,,,,,0,0,2,2,2,2,0,0,0,0,0,0,0,0,0,0,0,0,0,0,0,0,0,0,0,0,0,0,0,0,0,0,0,0,0,0,0,0,0,0,0,0,0,0,0,0,0,0,0,0,0,0,0,0,0,0,0,0,0,0

2020-02-02 22:02:33.381000+00:00,leaf7,sg0,0,0,0,0,0,0,0,0,0,0,0,0,0,0,0,0,0,0,0,0,0,0,0,0,0,0,0,0,0,0,0,0,obt-collector1,0/RP0/CPU0,0,0,0,0,0,0,0,0,0,,,,,0,0,2,2,2,2,0,0,0,0,0,0,0,0,0,0,0,0,0,0,0,0,0,0,0,0,0,0,0,0,0,0,0,0,0,0,0,0,0,0,0,0,0,0,0,0,0,0,0,0,0,0,0,0,0,0,0,0,0,0

2020-02-02 22:02:43.385000+00:00,leaf7,sg0,0,0,0,0,0,0,0,0,0,0,0,0,0,0,0,0,0,0,0,0,0,0,0,0,0,0,0,0,0,0,0,0,obt-collector1,0/RP0/CPU0,0,0,0,0,0,0,0,0,0,,,,,0,0,2,2,2,2,0,0,0,0,0,0,0,0,0,0,0,0,0,0,0,0,0,0,0,0,0,0,0,0,0,0,0,0,0,0,0,0,0,0,0,0,0,0,0,0,0,0,0,0,0,0,0,0,0,0,0,0,0,0

2020-02-02 22:02:53.392000+00:00,leaf7,sg0,0,0,0,0,0,0,0,0,0,0,0,0,0,0,0,0,0,0,0,0,0,0,0,0,0,0,0,0,0,0,0,0,obt-collector1,0/RP0/CPU0,0,0,0,0,0,0,0,0,0,,,,,0,0,2,2,2,2,0,0,0,0,0,0,0,0,0,0,0,0,0,0,0,0,0,0,0,0,0,0,0,0,0,0,0,0,0,0,0,0,0,0,0,0,0,0,0,0,0,0,0,0,0,0,0,0,0,0,0,0,0,0

2020-02-02 22:03:03.370000+00:00,leaf7,sg0,0,0,0,0,0,0,0,0,0,0,0,0,0,0,0,0,0,0,0,0,0,0,0,0,0,0,0,0,0,0,0,0,obt-collector1,0/RP0/CPU0,0,0,0,0,0,0,0,0,0,,,,,0,0,2,2,2,2,0,0,0,0,0,0,0,0,0,0,0,0,0,0,0,0,0,0,0,0,0,0,0,0,0,0,0,0,0,0,0,0,0,0,0,0,0,0,0,0,0,0,0,0,0,0,0,0,0,0,0,0,0,0

2020-02-02 22:03:13.382000+00:00,leaf7,sg0,0,0,0,0,0,0,0,0,0,0,0,0,0,0,0,0,0,0,0,0,0,0,0,0,0,0,0,0,0,0,0,0,obt-collector1,0/RP0/CPU0,0,0,0,0,0,0,0,0,0,,,,,0,0,2,2,2,2,0,0,0,0,0,0,0,0,0,0,0,0,0,0,0,0,0,0,0,0,0,0,0,0,0,0,0,0,0,0,0,0,0,0,0,0,0,0,0,0,0,0,0,0,0,0,0,0,0,0,0,0,0,0

2020-02-02 22:03:23.384000+00:00,leaf7,sg0,0,0,0,0,0,0,0,0,0,0,0,0,0,0,0,0,0,0,0,0,0,0,0,0,0,0,0,0,0,0,0,0,obt-collector1,0/RP0/CPU0,0,0,0,0,0,0,0,0,0,,,,,0,0,2,2,2,2,0,0,0,0,0,0,0,0,0,0,0,0,0,0,0,0,0,0,0,0,0,0,0,0,0,0,0,0,0,0,0,0,0,0,0,0,0,0,0,0,0,0,0,0,0,0,0,0,0,0,0,0,0,0

2020-02-02 22:03:33.384000+00:00,leaf7,sg0,0,0,0,0,0,0,0,0,0,0,0,0,0,0,0,0,0,0,0,0,0,0,0,0,0,0,0,0,0,0,0,0,obt-collector1,0/RP0/CPU0,0,0,0,0,0,0,0,0,0,,,,,0,0,2,2,2,2,0,0,0,0,0,0,0,0,0,0,0,0,0,0,0,0,0,0,0,0,0,0,0,0,0,0,0,0,0,0,0,0,0,0,0,0,0,0,0,0,0,0,0,0,0,0,0,0,0,0,0,0,0,0

2020-02-02 22:03:43.377000+00:00,leaf7,sg0,0,0,0,0,0,0,0,0,0,0,0,0,0,0,0,0,0,0,0,0,0,0,0,0,0,0,0,0,0,0,0,0,obt-collector1,0/RP0/CPU0,0,0,0,0,0,0,0,0,0,,,,,0,0,2,2,2,2,0,0,0,0,0,0,0,0,0,0,0,0,0,0,0,0,0,0,0,0,0,0,0,0,0,0,0,0,0,0,0,0,0,0,0,0,0,0,0,0,0,0,0,0,0,0,0,0,0,0,0,0,0,0

2020-02-02 22:03:53.380000+00:00,leaf7,sg0,0,0,0,0,0,0,0,0,0,0,0,0,0,0,0,0,0,0,0,0,0,0,0,0,0,0,0,0,0,0,0,0,obt-collector1,0/RP0/CPU0,0,0,0,0,0,0,0,0,0,,,,,0,0,2,2,2,2,0,0,0,0,0,0,0,0,0,0,0,0,0,0,0,0,0,0,0,0,0,0,0,0,0,0,0,0,0,0,0,0,0,0,0,0,0,0,0,0,0,0,0,0,0,0,0,0,0,0,0,0,0,0

2020-02-02 22:04:03.368000+00:00,leaf7,sg0,0,0,0,0,0,0,0,0,0,0,0,0,0,0,0,0,0,0,0,0,0,0,0,0,0,0,0,0,0,0,0,0,obt-collector1,0/RP0/CPU0,0,0,0,0,0,0,0,0,0,,,,,0,0,2,2,2,2,0,0,0,0,0,0,0,0,0,0,0,0,0,0,0,0,0,0,0,0,0,0,0,0,0,0,0,0,0,0,0,0,0,0,0,0,0,0,0,0,0,0,0,0,0,0,0,0,0,0,0,0,0,0

2020-02-02 22:04:13.399000+00:00,leaf7,sg0,0,0,0,0,0,0,0,0,0,0,0,0,0,0,0,0,0,0,0,0,0,0,0,0,0,0,0,0,0,0,0,0,obt-collector1,0/RP0/CPU0,0,0,0,0,0,0,0,0,0,,,,,0,0,2,2,2,2,0,0,0,0,0,0,0,0,0,0,0,0,0,0,0,0,0,0,0,0,0,0,0,0,0,0,0,0,0,0,0,0,0,0,0,0,0,0,0,0,0,0,0,0,0,0,0,0,0,0,0,0,0,0

2020-02-02 22:04:23.393000+00:00,leaf7,sg0,0,0,0,0,0,0,0,0,0,0,0,0,0,0,0,0,0,0,0,0,0,0,0,0,0,0,0,0,0,0,0,0,obt-collector1,0/RP0/CPU0,0,0,0,0,0,0,0,0,0,,,,,0,0,2,2,2,2,0,0,0,0,0,0,0,0,0,0,0,0,0,0,0,0,0,0,0,0,0,0,0,0,0,0,0,0,0,0,0,0,0,0,0,0,0,0,0,0,0,0,0,0,0,0,0,0,0,0,0,0,0,0

2020-02-02 22:04:33.378000+00:00,leaf7,sg0,0,0,0,0,0,0,0,0,0,0,0,0,0,0,0,0,0,0,0,0,0,0,0,0,0,0,0,0,0,0,0,0,obt-collector1,0/RP0/CPU0,0,0,0,0,0,0,0,0,0,,,,,0,0,2,2,2,2,0,0,0,0,0,0,0,0,0,0,0,0,0,0,0,0,0,0,0,0,0,0,0,0,0,0,0,0,0,0,0,0,0,0,0,0,0,0,0,0,0,0,0,0,0,0,0,0,0,0,0,0,0,0

2020-02-02 22:04:43.386000+00:00,leaf7,sg0,0,0,0,0,0,0,0,0,0,0,0,0,0,0,0,0,0,0,0,0,0,0,0,0,0,0,0,0,0,0,0,0,obt-collector1,0/RP0/CPU0,0,0,0,0,0,0,0,0,0,,,,,0,0,2,2,2,2,0,0,0,0,0,0,0,0,0,0,0,0,0,0,0,0,0,0,0,0,0,0,0,0,0,0,0,0,0,0,0,0,0,0,0,0,0,0,0,0,0,0,0,0,0,0,0,0,0,0,0,0,0,0

2020-02-02 22:04:53.398000+00:00,leaf7,sg0,0,0,0,0,0,0,0,0,0,0,0,0,0,0,0,0,0,0,0,0,0,0,0,0,0,0,0,0,0,0,0,0,obt-collector1,0/RP0/CPU0,0,0,0,0,0,0,0,0,0,,,,,0,0,2,2,2,2,0,0,0,0,0,0,0,0,0,0,0,0,0,0,0,0,0,0,0,0,0,0,0,0,0,0,0,0,0,0,0,0,0,0,0,0,0,0,0,0,0,0,0,0,0,0,0,0,0,0,0,0,0,0

2020-02-02 22:05:03.391000+00:00,leaf7,sg0,0,0,0,0,0,0,0,0,0,0,0,0,0,0,0,0,0,0,0,0,0,0,0,0,0,0,0,0,0,0,0,0,obt-collector1,0/RP0/CPU0,0,0,0,0,0,0,0,0,0,,,,,0,0,2,2,2,2,0,0,0,0,0,0,0,0,0,0,0,0,0,0,0,0,0,0,0,0,0,0,0,0,0,0,0,0,0,0,0,0,0,0,0,0,0,0,0,0,0,0,0,0,0,0,0,0,0,0,0,0,0,0

2020-02-02 22:05:13.388000+00:00,leaf7,sg0,0,0,0,0,0,0,0,0,0,0,0,0,0,0,0,0,0,0,0,0,0,0,0,0,0,0,0,0,0,0,0,0,obt-collector1,0/RP0/CPU0,0,0,0,0,0,0,0,0,0,,,,,0,0,2,2,2,2,0,0,0,0,0,0,0,0,0,0,0,0,0,0,0,0,0,0,0,0,0,0,0,0,0,0,0,0,0,0,0,0,0,0,0,0,0,0,0,0,0,0,0,0,0,0,0,0,0,0,0,0,0,0

2020-02-02 22:05:23.382000+00:00,leaf7,sg0,0,0,0,0,0,0,0,0,0,0,0,0,0,0,0,0,0,0,0,0,0,0,0,0,0,0,0,0,0,0,0,0,obt-collector1,0/RP0/CPU0,0,0,0,0,0,0,0,0,0,,,,,0,0,2,2,2,2,0,0,0,0,0,0,0,0,0,0,0,0,0,0,0,0,0,0,0,0,0,0,0,0,0,0,0,0,0,0,0,0,0,0,0,0,0,0,0,0,0,0,0,0,0,0,0,0,0,0,0,0,0,0

2020-02-02 22:05:33.383000+00:00,leaf7,sg0,0,0,0,0,0,0,0,0,0,0,0,0,0,0,0,0,0,0,0,0,0,0,0,0,0,0,0,0,0,0,0,0,obt-collector1,0/RP0/CPU0,0,0,0,0,0,0,0,0,0,,,,,0,0,2,2,2,2,0,0,0,0,0,0,0,0,0,0,0,0,0,0,0,0,0,0,0,0,0,0,0,0,0,0,0,0,0,0,0,0,0,0,0,0,0,0,0,0,0,0,0,0,0,0,0,0,0,0,0,0,0,0

2020-02-02 22:05:43.384000+00:00,leaf7,sg0,0,0,0,0,0,0,0,0,0,0,0,0,0,0,0,0,0,0,0,0,0,0,0,0,0,0,0,0,0,0,0,0,obt-collector1,0/RP0/CPU0,0,0,0,0,0,0,0,0,0,,,,,0,0,2,2,2,2,0,0,0,0,0,0,0,0,0,0,0,0,0,0,0,0,0,0,0,0,0,0,0,0,0,0,0,0,0,0,0,0,0,0,0,0,0,0,0,0,0,0,0,0,0,0,0,0,0,0,0,0,0,0

2020-02-02 22:05:53.360000+00:00,leaf7,sg0,0,0,0,0,0,0,0,0,0,0,0,0,0,0,0,0,0,0,0,0,0,0,0,0,0,0,0,0,0,0,0,0,obt-collector1,0/RP0/CPU0,0,0,0,0,0,0,0,0,0,,,,,0,0,2,2,2,2,0,0,0,0,0,0,0,0,0,0,0,0,0,0,0,0,0,0,0,0,0,0,0,0,0,0,0,0,0,0,0,0,0,0,0,0,0,0,0,0,0,0,0,0,0,0,0,0,0,0,0,0,0,0

2020-02-02 22:06:03.398000+00:00,leaf7,sg0,0,0,0,0,0,0,0,0,0,0,0,0,0,0,0,0,0,0,0,0,0,0,0,0,0,0,0,0,0,0,0,0,obt-collector1,0/RP0/CPU0,0,0,0,0,0,0,0,0,0,,,,,0,0,2,2,2,2,0,0,0,0,0,0,0,0,0,0,0,0,0,0,0,0,0,0,0,0,0,0,0,0,0,0,0,0,0,0,0,0,0,0,0,0,0,0,0,0,0,0,0,0,0,0,0,0,0,0,0,0,0,0

2020-02-02 22:06:13.375000+00:00,leaf7,sg0,0,0,0,0,0,0,0,0,0,0,0,0,0,0,0,0,0,0,0,0,0,0,0,0,0,0,0,0,0,0,0,0,obt-collector1,0/RP0/CPU0,0,0,0,0,0,0,0,0,0,,,,,0,0,2,2,2,2,0,0,0,0,0,0,0,0,0,0,0,0,0,0,0,0,0,0,0,0,0,0,0,0,0,0,0,0,0,0,0,0,0,0,0,0,0,0,0,0,0,0,0,0,0,0,0,0,0,0,0,0,0,0

2020-02-02 22:06:23.376000+00:00,leaf7,sg0,0,0,0,0,0,0,0,0,0,0,0,0,0,0,0,0,0,0,0,0,0,0,0,0,0,0,0,0,0,0,0,0,obt-collector1,0/RP0/CPU0,0,0,0,0,0,0,0,0,0,,,,,0,0,2,2,2,2,0,0,0,0,0,0,0,0,0,0,0,0,0,0,0,0,0,0,0,0,0,0,0,0,0,0,0,0,0,0,0,0,0,0,0,0,0,0,0,0,0,0,0,0,0,0,0,0,0,0,0,0,0,0

2020-02-02 22:06:33.398000+00:00,leaf7,sg0,0,0,0,0,0,0,0,0,0,0,0,0,0,0,0,0,0,0,0,0,0,0,0,0,0,0,0,0,0,0,0,0,obt-collector1,0/RP0/CPU0,0,0,0,0,0,0,0,0,0,,,,,0,0,2,2,2,2,0,0,0,0,0,0,0,0,0,0,0,0,0,0,0,0,0,0,0,0,0,0,0,0,0,0,0,0,0,0,0,0,0,0,0,0,0,0,0,0,0,0,0,0,0,0,0,0,0,0,0,0,0,0

2020-02-02 22:06:43.386000+00:00,leaf7,sg0,0,0,0,0,0,0,0,0,0,0,0,0,0,0,0,0,0,0,0,0,0,0,0,0,0,0,0,0,0,0,0,0,obt-collector1,0/RP0/CPU0,0,0,0,0,0,0,0,0,0,,,,,0,0,2,2,2,2,0,0,0,0,0,0,0,0,0,0,0,0,0,0,0,0,0,0,0,0,0,0,0,0,0,0,0,0,0,0,0,0,0,0,0,0,0,0,0,0,0,0,0,0,0,0,0,0,0,0,0,0,0,0

2020-02-02 22:06:53.412000+00:00,leaf7,sg0,0,0,0,0,0,0,0,0,0,0,0,0,0,0,0,0,0,0,0,0,0,0,0,0,0,0,0,0,0,0,0,0,obt-collector1,0/RP0/CPU0,0,0,0,0,0,0,0,0,0,,,,,0,0,2,2,2,2,0,0,0,0,0,0,0,0,0,0,0,0,0,0,0,0,0,0,0,0,0,0,0,0,0,0,0,0,0,0,0,0,0,0,0,0,0,0,0,0,0,0,0,0,0,0,0,0,0,0,0,0,0,0

2020-02-02 22:07:03.368000+00:00,leaf7,sg0,0,0,0,0,0,0,0,0,0,0,0,0,0,0,0,0,0,0,0,0,0,0,0,0,0,0,0,0,0,0,0,0,obt-collector1,0/RP0/CPU0,0,0,0,0,0,0,0,0,0,,,,,0,0,2,2,2,2,0,0,0,0,0,0,0,0,0,0,0,0,0,0,0,0,0,0,0,0,0,0,0,0,0,0,0,0,0,0,0,0,0,0,0,0,0,0,0,0,0,0,0,0,0,0,0,0,0,0,0,0,0,0

2020-02-02 22:07:13.382000+00:00,leaf7,sg0,0,0,0,0,0,0,0,0,0,0,0,0,0,0,0,0,0,0,0,0,0,0,0,0,0,0,0,0,0,0,0,0,obt-collector1,0/RP0/CPU0,0,0,0,0,0,0,0,0,0,,,,,0,0,2,2,2,2,0,0,0,0,0,0,0,0,0,0,0,0,0,0,0,0,0,0,0,0,0,0,0,0,0,0,0,0,0,0,0,0,0,0,0,0,0,0,0,0,0,0,0,0,0,0,0,0,0,0,0,0,0,0

2020-02-02 22:07:23.400000+00:00,leaf7,sg0,0,0,0,0,0,0,0,0,0,0,0,0,0,0,0,0,0,0,0,0,0,0,0,0,0,0,0,0,0,0,0,0,obt-collector1,0/RP0/CPU0,0,0,0,0,0,0,0,0,0,,,,,0,0,2,2,2,2,0,0,0,0,0,0,0,0,0,0,0,0,0,0,0,0,0,0,0,0,0,0,0,0,0,0,0,0,0,0,0,0,0,0,0,0,0,0,0,0,0,0,0,0,0,0,0,0,0,0,0,0,0,0

2020-02-02 22:07:33.380000+00:00,leaf7,sg0,0,0,0,0,0,0,0,0,0,0,0,0,0,0,0,0,0,0,0,0,0,0,0,0,0,0,0,0,0,0,0,0,obt-collector1,0/RP0/CPU0,0,0,0,0,0,0,0,0,0,,,,,0,0,2,2,2,2,0,0,0,0,0,0,0,0,0,0,0,0,0,0,0,0,0,0,0,0,0,0,0,0,0,0,0,0,0,0,0,0,0,0,0,0,0,0,0,0,0,0,0,0,0,0,0,0,0,0,0,0,0,0

2020-02-02 22:07:43.387000+00:00,leaf7,sg0,0,0,0,0,0,0,0,0,0,0,0,0,0,0,0,0,0,0,0,0,0,0,0,0,0,0,0,0,0,0,0,0,obt-collector1,0/RP0/CPU0,0,0,0,0,0,0,0,0,0,,,,,0,0,2,2,2,2,0,0,0,0,0,0,0,0,0,0,0,0,0,0,0,0,0,0,0,0,0,0,0,0,0,0,0,0,0,0,0,0,0,0,0,0,0,0,0,0,0,0,0,0,0,0,0,0,0,0,0,0,0,0

2020-02-02 22:07:53.379000+00:00,leaf7,sg0,0,0,0,0,0,0,0,0,0,0,0,0,0,0,0,0,0,0,0,0,0,0,0,0,0,0,0,0,0,0,0,0,obt-collector1,0/RP0/CPU0,0,0,0,0,0,0,0,0,0,,,,,0,0,2,2,2,2,0,0,0,0,0,0,0,0,0,0,0,0,0,0,0,0,0,0,0,0,0,0,0,0,0,0,0,0,0,0,0,0,0,0,0,0,0,0,0,0,0,0,0,0,0,0,0,0,0,0,0,0,0,0

2020-02-02 22:08:03.377000+00:00,leaf7,sg0,0,0,0,0,0,0,0,0,0,0,0,0,0,0,0,0,0,0,0,0,0,0,0,0,0,0,0,0,0,0,0,0,obt-collector1,0/RP0/CPU0,0,0,0,0,0,0,0,0,0,,,,,0,0,2,2,2,2,0,0,0,0,0,0,0,0,0,0,0,0,0,0,0,0,0,0,0,0,0,0,0,0,0,0,0,0,0,0,0,0,0,0,0,0,0,0,0,0,0,0,0,0,0,0,0,0,0,0,0,0,0,0

2020-02-02 22:08:13.379000+00:00,leaf7,sg0,0,0,0,0,0,0,0,0,0,0,0,0,0,0,0,0,0,0,0,0,0,0,0,0,0,0,0,0,0,0,0,0,obt-collector1,0/RP0/CPU0,0,0,0,0,0,0,0,0,0,,,,,0,0,2,2,2,2,0,0,0,0,0,0,0,0,0,0,0,0,0,0,0,0,0,0,0,0,0,0,0,0,0,0,0,0,0,0,0,0,0,0,0,0,0,0,0,0,0,0,0,0,0,0,0,0,0,0,0,0,0,0

2020-02-02 22:08:23.368000+00:00,leaf7,sg0,0,0,0,0,0,0,0,0,0,0,0,0,0,0,0,0,0,0,0,0,0,0,0,0,0,0,0,0,0,0,0,0,obt-collector1,0/RP0/CPU0,0,0,0,0,0,0,0,0,0,,,,,0,0,2,2,2,2,0,0,0,0,0,0,0,0,0,0,0,0,0,0,0,0,0,0,0,0,0,0,0,0,0,0,0,0,0,0,0,0,0,0,0,0,0,0,0,0,0,0,0,0,0,0,0,0,0,0,0,0,0,0

2020-02-02 22:08:33.393000+00:00,leaf7,sg0,0,0,0,0,0,0,0,0,0,0,0,0,0,0,0,0,0,0,0,0,0,0,0,0,0,0,0,0,0,0,0,0,obt-collector1,0/RP0/CPU0,0,0,0,0,0,0,0,0,0,,,,,0,0,2,2,2,2,0,0,0,0,0,0,0,0,0,0,0,0,0,0,0,0,0,0,0,0,0,0,0,0,0,0,0,0,0,0,0,0,0,0,0,0,0,0,0,0,0,0,0,0,0,0,0,0,0,0,0,0,0,0

2020-02-02 22:08:43.393000+00:00,leaf7,sg0,0,0,0,0,0,0,0,0,0,0,0,0,0,0,0,0,0,0,0,0,0,0,0,0,0,0,0,0,0,0,0,0,obt-collector1,0/RP0/CPU0,0,0,0,0,0,0,0,0,0,,,,,0,0,2,2,2,2,0,0,0,0,0,0,0,0,0,0,0,0,0,0,0,0,0,0,0,0,0,0,0,0,0,0,0,0,0,0,0,0,0,0,0,0,0,0,0,0,0,0,0,0,0,0,0,0,0,0,0,0,0,0

2020-02-02 22:08:53.385000+00:00,leaf7,sg0,0,0,0,0,0,0,0,0,0,0,0,0,0,0,0,0,0,0,0,0,0,0,0,0,0,0,0,0,0,0,0,0,obt-collector1,0/RP0/CPU0,0,0,0,0,0,0,0,0,0,,,,,0,0,2,2,2,2,0,0,0,0,0,0,0,0,0,0,0,0,0,0,0,0,0,0,0,0,0,0,0,0,0,0,0,0,0,0,0,0,0,0,0,0,0,0,0,0,0,0,0,0,0,0,0,0,0,0,0,0,0,0

2020-02-02 22:09:03.382000+00:00,leaf7,sg0,0,0,0,0,0,0,0,0,0,0,0,0,0,0,0,0,0,0,0,0,0,0,0,0,0,0,0,0,0,0,0,0,obt-collector1,0/RP0/CPU0,0,0,0,0,0,0,0,0,0,,,,,0,0,2,2,2,2,0,0,0,0,0,0,0,0,0,0,0,0,0,0,0,0,0,0,0,0,0,0,0,0,0,0,0,0,0,0,0,0,0,0,0,0,0,0,0,0,0,0,0,0,0,0,0,0,0,0,0,0,0,0

2020-02-02 22:09:13.383000+00:00,leaf7,sg0,0,0,0,0,0,0,0,0,0,0,0,0,0,0,0,0,0,0,0,0,0,0,0,0,0,0,0,0,0,0,0,0,obt-collector1,0/RP0/CPU0,0,0,0,0,0,0,0,0,0,,,,,0,0,2,2,2,2,0,0,0,0,0,0,0,0,0,0,0,0,0,0,0,0,0,0,0,0,0,0,0,0,0,0,0,0,0,0,0,0,0,0,0,0,0,0,0,0,0,0,0,0,0,0,0,0,0,0,0,0,0,0

2020-02-02 22:09:23.395000+00:00,leaf7,sg0,0,0,0,0,0,0,0,0,0,0,0,0,0,0,0,0,0,0,0,0,0,0,0,0,0,0,0,0,0,0,0,0,obt-collector1,0/RP0/CPU0,0,0,0,0,0,0,0,0,0,,,,,0,0,2,2,2,2,0,0,0,0,0,0,0,0,0,0,0,0,0,0,0,0,0,0,0,0,0,0,0,0,0,0,0,0,0,0,0,0,0,0,0,0,0,0,0,0,0,0,0,0,0,0,0,0,0,0,0,0,0,0

2020-02-02 22:09:33.390000+00:00,leaf7,sg0,0,0,0,0,0,0,0,0,0,0,0,0,0,0,0,0,0,0,0,0,0,0,0,0,0,0,0,0,0,0,0,0,obt-collector1,0/RP0/CPU0,0,0,0,0,0,0,0,0,0,,,,,0,0,2,2,2,2,0,0,0,0,0,0,0,0,0,0,0,0,0,0,0,0,0,0,0,0,0,0,0,0,0,0,0,0,0,0,0,0,0,0,0,0,0,0,0,0,0,0,0,0,0,0,0,0,0,0,0,0,0,0

2020-02-02 22:09:43.400000+00:00,leaf7,sg0,0,0,0,0,0,0,0,0,0,0,0,0,0,0,0,0,0,0,0,0,0,0,0,0,0,0,0,0,0,0,0,0,obt-collector1,0/RP0/CPU0,0,0,0,0,0,0,0,0,0,,,,,0,0,2,2,2,2,0,0,0,0,0,0,0,0,0,0,0,0,0,0,0,0,0,0,0,0,0,0,0,0,0,0,0,0,0,0,0,0,0,0,0,0,0,0,0,0,0,0,0,0,0,0,0,0,0,0,0,0,0,0

2020-02-02 22:09:53.369000+00:00,leaf7,sg0,0,0,0,0,0,0,0,0,0,0,0,0,0,0,0,0,0,0,0,0,0,0,0,0,0,0,0,0,0,0,0,0,obt-collector1,0/RP0/CPU0,0,0,0,0,0,0,0,0,0,,,,,0,0,2,2,2,2,0,0,0,0,0,0,0,0,0,0,0,0,0,0,0,0,0,0,0,0,0,0,0,0,0,0,0,0,0,0,0,0,0,0,0,0,0,0,0,0,0,0,0,0,0,0,0,0,0,0,0,0,0,0

2020-02-02 22:10:03.404000+00:00,leaf7,sg0,0,0,0,0,0,0,0,0,0,0,0,0,0,0,0,0,0,0,0,0,0,0,0,0,0,0,0,0,0,0,0,0,obt-collector1,0/RP0/CPU0,0,0,0,0,0,0,0,0,0,,,,,0,0,2,2,2,2,0,0,0,0,0,0,0,0,0,0,0,0,0,0,0,0,0,0,0,0,0,0,0,0,0,0,0,0,0,0,0,0,0,0,0,0,0,0,0,0,0,0,0,0,0,0,0,0,0,0,0,0,0,0

2020-02-02 22:10:13.393000+00:00,leaf7,sg0,0,0,0,0,0,0,0,0,0,0,0,0,0,0,0,0,0,0,0,0,0,0,0,0,0,0,0,0,0,0,0,0,obt-collector1,0/RP0/CPU0,0,0,0,0,0,0,0,0,0,,,,,0,0,2,2,2,2,0,0,0,0,0,0,0,0,0,0,0,0,0,0,0,0,0,0,0,0,0,0,0,0,0,0,0,0,0,0,0,0,0,0,0,0,0,0,0,0,0,0,0,0,0,0,0,0,0,0,0,0,0,0

2020-02-02 22:10:23.377000+00:00,leaf7,sg0,0,0,0,0,0,0,0,0,0,0,0,0,0,0,0,0,0,0,0,0,0,0,0,0,0,0,0,0,0,0,0,0,obt-collector1,0/RP0/CPU0,0,0,0,0,0,0,0,0,0,,,,,0,0,2,2,2,2,0,0,0,0,0,0,0,0,0,0,0,0,0,0,0,0,0,0,0,0,0,0,0,0,0,0,0,0,0,0,0,0,0,0,0,0,0,0,0,0,0,0,0,0,0,0,0,0,0,0,0,0,0,0

2020-02-02 22:10:33.392000+00:00,leaf7,sg0,0,0,0,0,0,0,0,0,0,0,0,0,0,0,0,0,0,0,0,0,0,0,0,0,0,0,0,0,0,0,0,0,obt-collector1,0/RP0/CPU0,0,0,0,0,0,0,0,0,0,,,,,0,0,2,2,2,2,0,0,0,0,0,0,0,0,0,0,0,0,0,0,0,0,0,0,0,0,0,0,0,0,0,0,0,0,0,0,0,0,0,0,0,0,0,0,0,0,0,0,0,0,0,0,0,0,0,0,0,0,0,0

2020-02-02 22:10:43.392000+00:00,leaf7,sg0,0,0,0,0,0,0,0,0,0,0,0,0,0,0,0,0,0,0,0,0,0,0,0,0,0,0,0,0,0,0,0,0,obt-collector1,0/RP0/CPU0,0,0,0,0,0,0,0,0,0,,,,,0,0,2,2,2,2,0,0,0,0,0,0,0,0,0,0,0,0,0,0,0,0,0,0,0,0,0,0,0,0,0,0,0,0,0,0,0,0,0,0,0,0,0,0,0,0,0,0,0,0,0,0,0,0,0,0,0,0,0,0

2020-02-02 22:10:53.384000+00:00,leaf7,sg0,0,0,0,0,0,0,0,0,0,0,0,0,0,0,0,0,0,0,0,0,0,0,0,0,0,0,0,0,0,0,0,0,obt-collector1,0/RP0/CPU0,0,0,0,0,0,0,0,0,0,,,,,0,0,2,2,2,2,0,0,0,0,0,0,0,0,0,0,0,0,0,0,0,0,0,0,0,0,0,0,0,0,0,0,0,0,0,0,0,0,0,0,0,0,0,0,0,0,0,0,0,0,0,0,0,0,0,0,0,0,0,0

2020-02-02 22:11:03.402000+00:00,leaf7,sg0,0,0,0,0,0,0,0,0,0,0,0,0,0,0,0,0,0,0,0,0,0,0,0,0,0,0,0,0,0,0,0,0,obt-collector1,0/RP0/CPU0,0,0,0,0,0,0,0,0,0,,,,,0,0,2,2,2,2,0,0,0,0,0,0,0,0,0,0,0,0,0,0,0,0,0,0,0,0,0,0,0,0,0,0,0,0,0,0,0,0,0,0,0,0,0,0,0,0,0,0,0,0,0,0,0,0,0,0,0,0,0,0

2020-02-02 22:11:13.400000+00:00,leaf7,sg0,0,0,0,0,0,0,0,0,0,0,0,0,0,0,0,0,0,0,0,0,0,0,0,0,0,0,0,0,0,0,0,0,obt-collector1,0/RP0/CPU0,0,0,0,0,0,0,0,0,0,,,,,0,0,2,2,2,2,0,0,0,0,0,0,0,0,0,0,0,0,0,0,0,0,0,0,0,0,0,0,0,0,0,0,0,0,0,0,0,0,0,0,0,0,0,0,0,0,0,0,0,0,0,0,0,0,0,0,0,0,0,0

2020-02-02 22:11:23.385000+00:00,leaf7,sg0,0,0,0,0,0,0,0,0,0,0,0,0,0,0,0,0,0,0,0,0,0,0,0,0,0,0,0,0,0,0,0,0,obt-collector1,0/RP0/CPU0,0,0,0,0,0,0,0,0,0,,,,,0,0,2,2,2,2,0,0,0,0,0,0,0,0,0,0,0,0,0,0,0,0,0,0,0,0,0,0,0,0,0,0,0,0,0,0,0,0,0,0,0,0,0,0,0,0,0,0,0,0,0,0,0,0,0,0,0,0,0,0

2020-02-02 22:11:33.393000+00:00,leaf7,sg0,0,0,0,0,0,0,0,0,0,0,0,0,0,0,0,0,0,0,0,0,0,0,0,0,0,0,0,0,0,0,0,0,obt-collector1,0/RP0/CPU0,0,0,0,0,0,0,0,0,0,,,,,0,0,2,2,2,2,0,0,0,0,0,0,0,0,0,0,0,0,0,0,0,0,0,0,0,0,0,0,0,0,0,0,0,0,0,0,0,0,0,0,0,0,0,0,0,0,0,0,0,0,0,0,0,0,0,0,0,0,0,0

2020-02-02 22:11:43.406000+00:00,leaf7,sg0,0,0,0,0,0,0,0,0,0,0,0,0,0,0,0,0,0,0,0,0,0,0,0,0,0,0,0,0,0,0,0,0,obt-collector1,0/RP0/CPU0,0,0,0,0,0,0,0,0,0,,,,,0,0,2,2,2,2,0,0,0,0,0,0,0,0,0,0,0,0,0,0,0,0,0,0,0,0,0,0,0,0,0,0,0,0,0,0,0,0,0,0,0,0,0,0,0,0,0,0,0,0,0,0,0,0,0,0,0,0,0,0

2020-02-02 22:11:53.423000+00:00,leaf7,sg0,0,0,0,0,0,0,0,0,0,0,0,0,0,0,0,0,0,0,0,0,0,0,0,0,0,0,0,0,0,0,0,0,obt-collector1,0/RP0/CPU0,0,0,0,0,0,0,0,0,0,,,,,0,0,2,2,2,2,0,0,0,0,0,0,0,0,0,0,0,0,0,0,0,0,0,0,0,0,0,0,0,0,0,0,0,0,0,0,0,0,0,0,0,0,0,0,0,0,0,0,0,0,0,0,0,0,0,0,0,0,0,0

2020-02-02 22:12:03.393000+00:00,leaf7,sg0,0,0,0,0,0,0,0,0,0,0,0,0,0,0,0,0,0,0,0,0,0,0,0,0,0,0,0,0,0,0,0,0,obt-collector1,0/RP0/CPU0,0,0,0,0,0,0,0,0,0,,,,,0,0,2,2,2,2,0,0,0,0,0,0,0,0,0,0,0,0,0,0,0,0,0,0,0,0,0,0,0,0,0,0,0,0,0,0,0,0,0,0,0,0,0,0,0,0,0,0,0,0,0,0,0,0,0,0,0,0,0,0

2020-02-02 22:12:13.386000+00:00,leaf7,sg0,0,0,0,0,0,0,0,0,0,0,0,0,0,0,0,0,0,0,0,0,0,0,0,0,0,0,0,0,0,0,0,0,obt-collector1,0/RP0/CPU0,0,0,0,0,0,0,0,0,0,,,,,0,0,2,2,2,2,0,0,0,0,0,0,0,0,0,0,0,0,0,0,0,0,0,0,0,0,0,0,0,0,0,0,0,0,0,0,0,0,0,0,0,0,0,0,0,0,0,0,0,0,0,0,0,0,0,0,0,0,0,0

2020-02-02 22:12:23.395000+00:00,leaf7,sg0,0,0,0,0,0,0,0,0,0,0,0,0,0,0,0,0,0,0,0,0,0,0,0,0,0,0,0,0,0,0,0,0,obt-collector1,0/RP0/CPU0,0,0,0,0,0,0,0,0,0,,,,,0,0,2,2,2,2,0,0,0,0,0,0,0,0,0,0,0,0,0,0,0,0,0,0,0,0,0,0,0,0,0,0,0,0,0,0,0,0,0,0,0,0,0,0,0,0,0,0,0,0,0,0,0,0,0,0,0,0,0,0

2020-02-02 22:12:33.393000+00:00,leaf7,sg0,0,0,0,0,0,0,0,0,0,0,0,0,0,0,0,0,0,0,0,0,0,0,0,0,0,0,0,0,0,0,0,0,obt-collector1,0/RP0/CPU0,0,0,0,0,0,0,0,0,0,,,,,0,0,2,2,2,2,0,0,0,0,0,0,0,0,0,0,0,0,0,0,0,0,0,0,0,0,0,0,0,0,0,0,0,0,0,0,0,0,0,0,0,0,0,0,0,0,0,0,0,0,0,0,0,0,0,0,0,0,0,0

2020-02-02 22:12:43.406000+00:00,leaf7,sg0,0,0,0,0,0,0,0,0,0,0,0,0,0,0,0,0,0,0,0,0,0,0,0,0,0,0,0,0,0,0,0,0,obt-collector1,0/RP0/CPU0,0,0,0,0,0,0,0,0,0,,,,,0,0,2,2,2,2,0,0,0,0,0,0,0,0,0,0,0,0,0,0,0,0,0,0,0,0,0,0,0,0,0,0,0,0,0,0,0,0,0,0,0,0,0,0,0,0,0,0,0,0,0,0,0,0,0,0,0,0,0,0

2020-02-02 22:12:53.405000+00:00,leaf7,sg0,0,0,0,0,0,0,0,0,0,0,0,0,0,0,0,0,0,0,0,0,0,0,0,0,0,0,0,0,0,0,0,0,obt-collector1,0/RP0/CPU0,0,0,0,0,0,0,0,0,0,,,,,0,0,2,2,2,2,0,0,0,0,0,0,0,0,0,0,0,0,0,0,0,0,0,0,0,0,0,0,0,0,0,0,0,0,0,0,0,0,0,0,0,0,0,0,0,0,0,0,0,0,0,0,0,0,0,0,0,0,0,0

2020-02-02 22:13:03.386000+00:00,leaf7,sg0,0,0,0,0,0,0,0,0,0,0,0,0,0,0,0,0,0,0,0,0,0,0,0,0,0,0,0,0,0,0,0,0,obt-collector1,0/RP0/CPU0,0,0,0,0,0,0,0,0,0,,,,,0,0,2,2,2,2,0,0,0,0,0,0,0,0,0,0,0,0,0,0,0,0,0,0,0,0,0,0,0,0,0,0,0,0,0,0,0,0,0,0,0,0,0,0,0,0,0,0,0,0,0,0,0,0,0,0,0,0,0,0

2020-02-02 22:13:13.372000+00:00,leaf7,sg0,0,0,0,0,0,0,0,0,0,0,0,0,0,0,0,0,0,0,0,0,0,0,0,0,0,0,0,0,0,0,0,0,obt-collector1,0/RP0/CPU0,0,0,0,0,0,0,0,0,0,,,,,0,0,2,2,2,2,0,0,0,0,0,0,0,0,0,0,0,0,0,0,0,0,0,0,0,0,0,0,0,0,0,0,0,0,0,0,0,0,0,0,0,0,0,0,0,0,0,0,0,0,0,0,0,0,0,0,0,0,0,0

2020-02-02 22:13:23.400000+00:00,leaf7,sg0,0,0,0,0,0,0,0,0,0,0,0,0,0,0,0,0,0,0,0,0,0,0,0,0,0,0,0,0,0,0,0,0,obt-collector1,0/RP0/CPU0,0,0,0,0,0,0,0,0,0,,,,,0,0,2,2,2,2,0,0,0,0,0,0,0,0,0,0,0,0,0,0,0,0,0,0,0,0,0,0,0,0,0,0,0,0,0,0,0,0,0,0,0,0,0,0,0,0,0,0,0,0,0,0,0,0,0,0,0,0,0,0

2020-02-02 22:13:33.389000+00:00,leaf7,sg0,0,0,0,0,0,0,0,0,0,0,0,0,0,0,0,0,0,0,0,0,0,0,0,0,0,0,0,0,0,0,0,0,obt-collector1,0/RP0/CPU0,0,0,0,0,0,0,0,0,0,,,,,0,0,2,2,2,2,0,0,0,0,0,0,0,0,0,0,0,0,0,0,0,0,0,0,0,0,0,0,0,0,0,0,0,0,0,0,0,0,0,0,0,0,0,0,0,0,0,0,0,0,0,0,0,0,0,0,0,0,0,0

2020-02-02 22:13:43.394000+00:00,leaf7,sg0,0,0,0,0,0,0,0,0,0,0,0,0,0,0,0,0,0,0,0,0,0,0,0,0,0,0,0,0,0,0,0,0,obt-collector1,0/RP0/CPU0,0,0,0,0,0,0,0,0,0,,,,,0,0,2,2,2,2,0,0,0,0,0,0,0,0,0,0,0,0,0,0,0,0,0,0,0,0,0,0,0,0,0,0,0,0,0,0,0,0,0,0,0,0,0,0,0,0,0,0,0,0,0,0,0,0,0,0,0,0,0,0

