,Producer,Target,address-family,client-instance,client-name,host,id,is-init-sync-in-progress,is-sscb-init-sync-ready,local-instance,local-node,mode,number-of-sessions,number-of-synced-sessions-down-stream,number-of-synced-sessions-up-stream,pid,protect-instance,set-id,sscb,sso-role,well-known-port

2020-02-02 21:58:03.372000+00:00,leaf7,sg0,internetwork,1,0,obt-collector1,7f5b54029018,false,true,1,0/RP0/CPU0,1,0,0,0,6791,1,646,140030228205592,1,646

2020-02-02 21:58:03.372000+00:00,leaf7,sg0,ip-version6,1,0,obt-collector1,7f5b54029288,false,true,1,0/RP0/CPU0,1,0,0,0,6791,1,647,140030228206216,1,646

2020-02-02 21:58:13.369000+00:00,leaf7,sg0,internetwork,1,0,obt-collector1,7f5b54029018,false,true,1,0/RP0/CPU0,1,0,0,0,6791,1,646,140030228205592,1,646

2020-02-02 21:58:13.369000+00:00,leaf7,sg0,ip-version6,1,0,obt-collector1,7f5b54029288,false,true,1,0/RP0/CPU0,1,0,0,0,6791,1,647,140030228206216,1,646

2020-02-02 21:58:23.374000+00:00,leaf7,sg0,internetwork,1,0,obt-collector1,7f5b54029018,false,true,1,0/RP0/CPU0,1,0,0,0,6791,1,646,140030228205592,1,646

2020-02-02 21:58:23.374000+00:00,leaf7,sg0,ip-version6,1,0,obt-collector1,7f5b54029288,false,true,1,0/RP0/CPU0,1,0,0,0,6791,1,647,140030228206216,1,646

2020-02-02 21:58:33.379000+00:00,leaf7,sg0,internetwork,1,0,obt-collector1,7f5b54029018,false,true,1,0/RP0/CPU0,1,0,0,0,6791,1,646,140030228205592,1,646

2020-02-02 21:58:33.379000+00:00,leaf7,sg0,ip-version6,1,0,obt-collector1,7f5b54029288,false,true,1,0/RP0/CPU0,1,0,0,0,6791,1,647,140030228206216,1,646

2020-02-02 21:58:43.386000+00:00,leaf7,sg0,internetwork,1,0,obt-collector1,7f5b54029018,false,true,1,0/RP0/CPU0,1,0,0,0,6791,1,646,140030228205592,1,646

2020-02-02 21:58:43.386000+00:00,leaf7,sg0,ip-version6,1,0,obt-collector1,7f5b54029288,false,true,1,0/RP0/CPU0,1,0,0,0,6791,1,647,140030228206216,1,646

2020-02-02 21:58:53.377000+00:00,leaf7,sg0,internetwork,1,0,obt-collector1,7f5b54029018,false,true,1,0/RP0/CPU0,1,0,0,0,6791,1,646,140030228205592,1,646

2020-02-02 21:58:53.377000+00:00,leaf7,sg0,ip-version6,1,0,obt-collector1,7f5b54029288,false,true,1,0/RP0/CPU0,1,0,0,0,6791,1,647,140030228206216,1,646

2020-02-02 21:59:03.371000+00:00,leaf7,sg0,internetwork,1,0,obt-collector1,7f5b54029018,false,true,1,0/RP0/CPU0,1,0,0,0,6791,1,646,140030228205592,1,646

2020-02-02 21:59:03.371000+00:00,leaf7,sg0,ip-version6,1,0,obt-collector1,7f5b54029288,false,true,1,0/RP0/CPU0,1,0,0,0,6791,1,647,140030228206216,1,646

2020-02-02 21:59:13.379000+00:00,leaf7,sg0,internetwork,1,0,obt-collector1,7f5b54029018,false,true,1,0/RP0/CPU0,1,0,0,0,6791,1,646,140030228205592,1,646

2020-02-02 21:59:13.379000+00:00,leaf7,sg0,ip-version6,1,0,obt-collector1,7f5b54029288,false,true,1,0/RP0/CPU0,1,0,0,0,6791,1,647,140030228206216,1,646

2020-02-02 21:59:23.378000+00:00,leaf7,sg0,internetwork,1,0,obt-collector1,7f5b54029018,false,true,1,0/RP0/CPU0,1,0,0,0,6791,1,646,140030228205592,1,646

2020-02-02 21:59:23.378000+00:00,leaf7,sg0,ip-version6,1,0,obt-collector1,7f5b54029288,false,true,1,0/RP0/CPU0,1,0,0,0,6791,1,647,140030228206216,1,646

2020-02-02 21:59:33.373000+00:00,leaf7,sg0,internetwork,1,0,obt-collector1,7f5b54029018,false,true,1,0/RP0/CPU0,1,0,0,0,6791,1,646,140030228205592,1,646

2020-02-02 21:59:33.373000+00:00,leaf7,sg0,ip-version6,1,0,obt-collector1,7f5b54029288,false,true,1,0/RP0/CPU0,1,0,0,0,6791,1,647,140030228206216,1,646

2020-02-02 21:59:43.387000+00:00,leaf7,sg0,internetwork,1,0,obt-collector1,7f5b54029018,false,true,1,0/RP0/CPU0,1,0,0,0,6791,1,646,140030228205592,1,646

2020-02-02 21:59:43.387000+00:00,leaf7,sg0,ip-version6,1,0,obt-collector1,7f5b54029288,false,true,1,0/RP0/CPU0,1,0,0,0,6791,1,647,140030228206216,1,646

2020-02-02 21:59:53.373000+00:00,leaf7,sg0,internetwork,1,0,obt-collector1,7f5b54029018,false,true,1,0/RP0/CPU0,1,0,0,0,6791,1,646,140030228205592,1,646

2020-02-02 21:59:53.373000+00:00,leaf7,sg0,ip-version6,1,0,obt-collector1,7f5b54029288,false,true,1,0/RP0/CPU0,1,0,0,0,6791,1,647,140030228206216,1,646

2020-02-02 22:00:03.374000+00:00,leaf7,sg0,internetwork,1,0,obt-collector1,7f5b54029018,false,true,1,0/RP0/CPU0,1,0,0,0,6791,1,646,140030228205592,1,646

2020-02-02 22:00:03.374000+00:00,leaf7,sg0,ip-version6,1,0,obt-collector1,7f5b54029288,false,true,1,0/RP0/CPU0,1,0,0,0,6791,1,647,140030228206216,1,646

2020-02-02 22:00:13.370000+00:00,leaf7,sg0,internetwork,1,0,obt-collector1,7f5b54029018,false,true,1,0/RP0/CPU0,1,0,0,0,6791,1,646,140030228205592,1,646

2020-02-02 22:00:13.370000+00:00,leaf7,sg0,ip-version6,1,0,obt-collector1,7f5b54029288,false,true,1,0/RP0/CPU0,1,0,0,0,6791,1,647,140030228206216,1,646

2020-02-02 22:00:23.386000+00:00,leaf7,sg0,internetwork,1,0,obt-collector1,7f5b54029018,false,true,1,0/RP0/CPU0,1,0,0,0,6791,1,646,140030228205592,1,646

2020-02-02 22:00:23.386000+00:00,leaf7,sg0,ip-version6,1,0,obt-collector1,7f5b54029288,false,true,1,0/RP0/CPU0,1,0,0,0,6791,1,647,140030228206216,1,646

2020-02-02 22:00:33.378000+00:00,leaf7,sg0,internetwork,1,0,obt-collector1,7f5b54029018,false,true,1,0/RP0/CPU0,1,0,0,0,6791,1,646,140030228205592,1,646

2020-02-02 22:00:33.378000+00:00,leaf7,sg0,ip-version6,1,0,obt-collector1,7f5b54029288,false,true,1,0/RP0/CPU0,1,0,0,0,6791,1,647,140030228206216,1,646

2020-02-02 22:00:43.390000+00:00,leaf7,sg0,internetwork,1,0,obt-collector1,7f5b54029018,false,true,1,0/RP0/CPU0,1,0,0,0,6791,1,646,140030228205592,1,646

2020-02-02 22:00:43.390000+00:00,leaf7,sg0,ip-version6,1,0,obt-collector1,7f5b54029288,false,true,1,0/RP0/CPU0,1,0,0,0,6791,1,647,140030228206216,1,646

2020-02-02 22:00:53.394000+00:00,leaf7,sg0,internetwork,1,0,obt-collector1,7f5b54029018,false,true,1,0/RP0/CPU0,1,0,0,0,6791,1,646,140030228205592,1,646

2020-02-02 22:00:53.394000+00:00,leaf7,sg0,ip-version6,1,0,obt-collector1,7f5b54029288,false,true,1,0/RP0/CPU0,1,0,0,0,6791,1,647,140030228206216,1,646

2020-02-02 22:01:03.406000+00:00,leaf7,sg0,internetwork,1,0,obt-collector1,7f5b54029018,false,true,1,0/RP0/CPU0,1,0,0,0,6791,1,646,140030228205592,1,646

2020-02-02 22:01:03.406000+00:00,leaf7,sg0,ip-version6,1,0,obt-collector1,7f5b54029288,false,true,1,0/RP0/CPU0,1,0,0,0,6791,1,647,140030228206216,1,646

2020-02-02 22:01:13.377000+00:00,leaf7,sg0,internetwork,1,0,obt-collector1,7f5b54029018,false,true,1,0/RP0/CPU0,1,0,0,0,6791,1,646,140030228205592,1,646

2020-02-02 22:01:13.377000+00:00,leaf7,sg0,ip-version6,1,0,obt-collector1,7f5b54029288,false,true,1,0/RP0/CPU0,1,0,0,0,6791,1,647,140030228206216,1,646

2020-02-02 22:01:23.394000+00:00,leaf7,sg0,internetwork,1,0,obt-collector1,7f5b54029018,false,true,1,0/RP0/CPU0,1,0,0,0,6791,1,646,140030228205592,1,646

2020-02-02 22:01:23.394000+00:00,leaf7,sg0,ip-version6,1,0,obt-collector1,7f5b54029288,false,true,1,0/RP0/CPU0,1,0,0,0,6791,1,647,140030228206216,1,646

2020-02-02 22:01:33.413000+00:00,leaf7,sg0,internetwork,1,0,obt-collector1,7f5b54029018,false,true,1,0/RP0/CPU0,1,0,0,0,6791,1,646,140030228205592,1,646

2020-02-02 22:01:33.413000+00:00,leaf7,sg0,ip-version6,1,0,obt-collector1,7f5b54029288,false,true,1,0/RP0/CPU0,1,0,0,0,6791,1,647,140030228206216,1,646

2020-02-02 22:01:43.379000+00:00,leaf7,sg0,internetwork,1,0,obt-collector1,7f5b54029018,false,true,1,0/RP0/CPU0,1,0,0,0,6791,1,646,140030228205592,1,646

2020-02-02 22:01:43.379000+00:00,leaf7,sg0,ip-version6,1,0,obt-collector1,7f5b54029288,false,true,1,0/RP0/CPU0,1,0,0,0,6791,1,647,140030228206216,1,646

2020-02-02 22:01:53.380000+00:00,leaf7,sg0,internetwork,1,0,obt-collector1,7f5b54029018,false,true,1,0/RP0/CPU0,1,0,0,0,6791,1,646,140030228205592,1,646

2020-02-02 22:01:53.380000+00:00,leaf7,sg0,ip-version6,1,0,obt-collector1,7f5b54029288,false,true,1,0/RP0/CPU0,1,0,0,0,6791,1,647,140030228206216,1,646

2020-02-02 22:02:03.378000+00:00,leaf7,sg0,internetwork,1,0,obt-collector1,7f5b54029018,false,true,1,0/RP0/CPU0,1,0,0,0,6791,1,646,140030228205592,1,646

2020-02-02 22:02:03.378000+00:00,leaf7,sg0,ip-version6,1,0,obt-collector1,7f5b54029288,false,true,1,0/RP0/CPU0,1,0,0,0,6791,1,647,140030228206216,1,646

2020-02-02 22:02:13.387000+00:00,leaf7,sg0,internetwork,1,0,obt-collector1,7f5b54029018,false,true,1,0/RP0/CPU0,1,0,0,0,6791,1,646,140030228205592,1,646

2020-02-02 22:02:13.387000+00:00,leaf7,sg0,ip-version6,1,0,obt-collector1,7f5b54029288,false,true,1,0/RP0/CPU0,1,0,0,0,6791,1,647,140030228206216,1,646

2020-02-02 22:02:23.404000+00:00,leaf7,sg0,internetwork,1,0,obt-collector1,7f5b54029018,false,true,1,0/RP0/CPU0,1,0,0,0,6791,1,646,140030228205592,1,646

2020-02-02 22:02:23.404000+00:00,leaf7,sg0,ip-version6,1,0,obt-collector1,7f5b54029288,false,true,1,0/RP0/CPU0,1,0,0,0,6791,1,647,140030228206216,1,646

2020-02-02 22:02:33.391000+00:00,leaf7,sg0,internetwork,1,0,obt-collector1,7f5b54029018,false,true,1,0/RP0/CPU0,1,0,0,0,6791,1,646,140030228205592,1,646

2020-02-02 22:02:33.391000+00:00,leaf7,sg0,ip-version6,1,0,obt-collector1,7f5b54029288,false,true,1,0/RP0/CPU0,1,0,0,0,6791,1,647,140030228206216,1,646

2020-02-02 22:02:43.396000+00:00,leaf7,sg0,internetwork,1,0,obt-collector1,7f5b54029018,false,true,1,0/RP0/CPU0,1,0,0,0,6791,1,646,140030228205592,1,646

2020-02-02 22:02:43.396000+00:00,leaf7,sg0,ip-version6,1,0,obt-collector1,7f5b54029288,false,true,1,0/RP0/CPU0,1,0,0,0,6791,1,647,140030228206216,1,646

2020-02-02 22:02:53.398000+00:00,leaf7,sg0,internetwork,1,0,obt-collector1,7f5b54029018,false,true,1,0/RP0/CPU0,1,0,0,0,6791,1,646,140030228205592,1,646

2020-02-02 22:02:53.398000+00:00,leaf7,sg0,ip-version6,1,0,obt-collector1,7f5b54029288,false,true,1,0/RP0/CPU0,1,0,0,0,6791,1,647,140030228206216,1,646

2020-02-02 22:03:03.376000+00:00,leaf7,sg0,internetwork,1,0,obt-collector1,7f5b54029018,false,true,1,0/RP0/CPU0,1,0,0,0,6791,1,646,140030228205592,1,646

2020-02-02 22:03:03.376000+00:00,leaf7,sg0,ip-version6,1,0,obt-collector1,7f5b54029288,false,true,1,0/RP0/CPU0,1,0,0,0,6791,1,647,140030228206216,1,646

2020-02-02 22:03:13.388000+00:00,leaf7,sg0,internetwork,1,0,obt-collector1,7f5b54029018,false,true,1,0/RP0/CPU0,1,0,0,0,6791,1,646,140030228205592,1,646

2020-02-02 22:03:13.388000+00:00,leaf7,sg0,ip-version6,1,0,obt-collector1,7f5b54029288,false,true,1,0/RP0/CPU0,1,0,0,0,6791,1,647,140030228206216,1,646

2020-02-02 22:03:23.392000+00:00,leaf7,sg0,internetwork,1,0,obt-collector1,7f5b54029018,false,true,1,0/RP0/CPU0,1,0,0,0,6791,1,646,140030228205592,1,646

2020-02-02 22:03:23.392000+00:00,leaf7,sg0,ip-version6,1,0,obt-collector1,7f5b54029288,false,true,1,0/RP0/CPU0,1,0,0,0,6791,1,647,140030228206216,1,646

2020-02-02 22:03:33.392000+00:00,leaf7,sg0,internetwork,1,0,obt-collector1,7f5b54029018,false,true,1,0/RP0/CPU0,1,0,0,0,6791,1,646,140030228205592,1,646

2020-02-02 22:03:33.392000+00:00,leaf7,sg0,ip-version6,1,0,obt-collector1,7f5b54029288,false,true,1,0/RP0/CPU0,1,0,0,0,6791,1,647,140030228206216,1,646

2020-02-02 22:03:43.386000+00:00,leaf7,sg0,internetwork,1,0,obt-collector1,7f5b54029018,false,true,1,0/RP0/CPU0,1,0,0,0,6791,1,646,140030228205592,1,646

2020-02-02 22:03:43.386000+00:00,leaf7,sg0,ip-version6,1,0,obt-collector1,7f5b54029288,false,true,1,0/RP0/CPU0,1,0,0,0,6791,1,647,140030228206216,1,646

2020-02-02 22:03:53.387000+00:00,leaf7,sg0,internetwork,1,0,obt-collector1,7f5b54029018,false,true,1,0/RP0/CPU0,1,0,0,0,6791,1,646,140030228205592,1,646

2020-02-02 22:03:53.387000+00:00,leaf7,sg0,ip-version6,1,0,obt-collector1,7f5b54029288,false,true,1,0/RP0/CPU0,1,0,0,0,6791,1,647,140030228206216,1,646

2020-02-02 22:04:03.379000+00:00,leaf7,sg0,internetwork,1,0,obt-collector1,7f5b54029018,false,true,1,0/RP0/CPU0,1,0,0,0,6791,1,646,140030228205592,1,646

2020-02-02 22:04:03.379000+00:00,leaf7,sg0,ip-version6,1,0,obt-collector1,7f5b54029288,false,true,1,0/RP0/CPU0,1,0,0,0,6791,1,647,140030228206216,1,646

2020-02-02 22:04:13.420000+00:00,leaf7,sg0,internetwork,1,0,obt-collector1,7f5b54029018,false,true,1,0/RP0/CPU0,1,0,0,0,6791,1,646,140030228205592,1,646

2020-02-02 22:04:13.420000+00:00,leaf7,sg0,ip-version6,1,0,obt-collector1,7f5b54029288,false,true,1,0/RP0/CPU0,1,0,0,0,6791,1,647,140030228206216,1,646

2020-02-02 22:04:23.401000+00:00,leaf7,sg0,internetwork,1,0,obt-collector1,7f5b54029018,false,true,1,0/RP0/CPU0,1,0,0,0,6791,1,646,140030228205592,1,646

2020-02-02 22:04:23.401000+00:00,leaf7,sg0,ip-version6,1,0,obt-collector1,7f5b54029288,false,true,1,0/RP0/CPU0,1,0,0,0,6791,1,647,140030228206216,1,646

2020-02-02 22:04:33.386000+00:00,leaf7,sg0,internetwork,1,0,obt-collector1,7f5b54029018,false,true,1,0/RP0/CPU0,1,0,0,0,6791,1,646,140030228205592,1,646

2020-02-02 22:04:33.386000+00:00,leaf7,sg0,ip-version6,1,0,obt-collector1,7f5b54029288,false,true,1,0/RP0/CPU0,1,0,0,0,6791,1,647,140030228206216,1,646

2020-02-02 22:04:43.393000+00:00,leaf7,sg0,internetwork,1,0,obt-collector1,7f5b54029018,false,true,1,0/RP0/CPU0,1,0,0,0,6791,1,646,140030228205592,1,646

2020-02-02 22:04:43.393000+00:00,leaf7,sg0,ip-version6,1,0,obt-collector1,7f5b54029288,false,true,1,0/RP0/CPU0,1,0,0,0,6791,1,647,140030228206216,1,646

2020-02-02 22:04:53.404000+00:00,leaf7,sg0,internetwork,1,0,obt-collector1,7f5b54029018,false,true,1,0/RP0/CPU0,1,0,0,0,6791,1,646,140030228205592,1,646

2020-02-02 22:04:53.404000+00:00,leaf7,sg0,ip-version6,1,0,obt-collector1,7f5b54029288,false,true,1,0/RP0/CPU0,1,0,0,0,6791,1,647,140030228206216,1,646

2020-02-02 22:05:03.395000+00:00,leaf7,sg0,internetwork,1,0,obt-collector1,7f5b54029018,false,true,1,0/RP0/CPU0,1,0,0,0,6791,1,646,140030228205592,1,646

2020-02-02 22:05:03.395000+00:00,leaf7,sg0,ip-version6,1,0,obt-collector1,7f5b54029288,false,true,1,0/RP0/CPU0,1,0,0,0,6791,1,647,140030228206216,1,646

2020-02-02 22:05:13.394000+00:00,leaf7,sg0,internetwork,1,0,obt-collector1,7f5b54029018,false,true,1,0/RP0/CPU0,1,0,0,0,6791,1,646,140030228205592,1,646

2020-02-02 22:05:13.394000+00:00,leaf7,sg0,ip-version6,1,0,obt-collector1,7f5b54029288,false,true,1,0/RP0/CPU0,1,0,0,0,6791,1,647,140030228206216,1,646

2020-02-02 22:05:23.388000+00:00,leaf7,sg0,internetwork,1,0,obt-collector1,7f5b54029018,false,true,1,0/RP0/CPU0,1,0,0,0,6791,1,646,140030228205592,1,646

2020-02-02 22:05:23.388000+00:00,leaf7,sg0,ip-version6,1,0,obt-collector1,7f5b54029288,false,true,1,0/RP0/CPU0,1,0,0,0,6791,1,647,140030228206216,1,646

2020-02-02 22:05:33.393000+00:00,leaf7,sg0,internetwork,1,0,obt-collector1,7f5b54029018,false,true,1,0/RP0/CPU0,1,0,0,0,6791,1,646,140030228205592,1,646

2020-02-02 22:05:33.393000+00:00,leaf7,sg0,ip-version6,1,0,obt-collector1,7f5b54029288,false,true,1,0/RP0/CPU0,1,0,0,0,6791,1,647,140030228206216,1,646

2020-02-02 22:05:43.393000+00:00,leaf7,sg0,internetwork,1,0,obt-collector1,7f5b54029018,false,true,1,0/RP0/CPU0,1,0,0,0,6791,1,646,140030228205592,1,646

2020-02-02 22:05:43.393000+00:00,leaf7,sg0,ip-version6,1,0,obt-collector1,7f5b54029288,false,true,1,0/RP0/CPU0,1,0,0,0,6791,1,647,140030228206216,1,646

2020-02-02 22:05:53.368000+00:00,leaf7,sg0,internetwork,1,0,obt-collector1,7f5b54029018,false,true,1,0/RP0/CPU0,1,0,0,0,6791,1,646,140030228205592,1,646

2020-02-02 22:05:53.368000+00:00,leaf7,sg0,ip-version6,1,0,obt-collector1,7f5b54029288,false,true,1,0/RP0/CPU0,1,0,0,0,6791,1,647,140030228206216,1,646

2020-02-02 22:06:03.404000+00:00,leaf7,sg0,internetwork,1,0,obt-collector1,7f5b54029018,false,true,1,0/RP0/CPU0,1,0,0,0,6791,1,646,140030228205592,1,646

2020-02-02 22:06:03.404000+00:00,leaf7,sg0,ip-version6,1,0,obt-collector1,7f5b54029288,false,true,1,0/RP0/CPU0,1,0,0,0,6791,1,647,140030228206216,1,646

2020-02-02 22:06:13.384000+00:00,leaf7,sg0,internetwork,1,0,obt-collector1,7f5b54029018,false,true,1,0/RP0/CPU0,1,0,0,0,6791,1,646,140030228205592,1,646

2020-02-02 22:06:13.384000+00:00,leaf7,sg0,ip-version6,1,0,obt-collector1,7f5b54029288,false,true,1,0/RP0/CPU0,1,0,0,0,6791,1,647,140030228206216,1,646

2020-02-02 22:06:23.383000+00:00,leaf7,sg0,internetwork,1,0,obt-collector1,7f5b54029018,false,true,1,0/RP0/CPU0,1,0,0,0,6791,1,646,140030228205592,1,646

2020-02-02 22:06:23.383000+00:00,leaf7,sg0,ip-version6,1,0,obt-collector1,7f5b54029288,false,true,1,0/RP0/CPU0,1,0,0,0,6791,1,647,140030228206216,1,646

2020-02-02 22:06:33.404000+00:00,leaf7,sg0,internetwork,1,0,obt-collector1,7f5b54029018,false,true,1,0/RP0/CPU0,1,0,0,0,6791,1,646,140030228205592,1,646

2020-02-02 22:06:33.404000+00:00,leaf7,sg0,ip-version6,1,0,obt-collector1,7f5b54029288,false,true,1,0/RP0/CPU0,1,0,0,0,6791,1,647,140030228206216,1,646

2020-02-02 22:06:43.394000+00:00,leaf7,sg0,internetwork,1,0,obt-collector1,7f5b54029018,false,true,1,0/RP0/CPU0,1,0,0,0,6791,1,646,140030228205592,1,646

2020-02-02 22:06:43.394000+00:00,leaf7,sg0,ip-version6,1,0,obt-collector1,7f5b54029288,false,true,1,0/RP0/CPU0,1,0,0,0,6791,1,647,140030228206216,1,646

2020-02-02 22:06:53.417000+00:00,leaf7,sg0,internetwork,1,0,obt-collector1,7f5b54029018,false,true,1,0/RP0/CPU0,1,0,0,0,6791,1,646,140030228205592,1,646

2020-02-02 22:06:53.417000+00:00,leaf7,sg0,ip-version6,1,0,obt-collector1,7f5b54029288,false,true,1,0/RP0/CPU0,1,0,0,0,6791,1,647,140030228206216,1,646

2020-02-02 22:07:03.378000+00:00,leaf7,sg0,internetwork,1,0,obt-collector1,7f5b54029018,false,true,1,0/RP0/CPU0,1,0,0,0,6791,1,646,140030228205592,1,646

2020-02-02 22:07:03.378000+00:00,leaf7,sg0,ip-version6,1,0,obt-collector1,7f5b54029288,false,true,1,0/RP0/CPU0,1,0,0,0,6791,1,647,140030228206216,1,646

2020-02-02 22:07:13.390000+00:00,leaf7,sg0,internetwork,1,0,obt-collector1,7f5b54029018,false,true,1,0/RP0/CPU0,1,0,0,0,6791,1,646,140030228205592,1,646

2020-02-02 22:07:13.390000+00:00,leaf7,sg0,ip-version6,1,0,obt-collector1,7f5b54029288,false,true,1,0/RP0/CPU0,1,0,0,0,6791,1,647,140030228206216,1,646

2020-02-02 22:07:23.405000+00:00,leaf7,sg0,internetwork,1,0,obt-collector1,7f5b54029018,false,true,1,0/RP0/CPU0,1,0,0,0,6791,1,646,140030228205592,1,646

2020-02-02 22:07:23.405000+00:00,leaf7,sg0,ip-version6,1,0,obt-collector1,7f5b54029288,false,true,1,0/RP0/CPU0,1,0,0,0,6791,1,647,140030228206216,1,646

2020-02-02 22:07:33.389000+00:00,leaf7,sg0,internetwork,1,0,obt-collector1,7f5b54029018,false,true,1,0/RP0/CPU0,1,0,0,0,6791,1,646,140030228205592,1,646

2020-02-02 22:07:33.389000+00:00,leaf7,sg0,ip-version6,1,0,obt-collector1,7f5b54029288,false,true,1,0/RP0/CPU0,1,0,0,0,6791,1,647,140030228206216,1,646

2020-02-02 22:07:43.396000+00:00,leaf7,sg0,internetwork,1,0,obt-collector1,7f5b54029018,false,true,1,0/RP0/CPU0,1,0,0,0,6791,1,646,140030228205592,1,646

2020-02-02 22:07:43.396000+00:00,leaf7,sg0,ip-version6,1,0,obt-collector1,7f5b54029288,false,true,1,0/RP0/CPU0,1,0,0,0,6791,1,647,140030228206216,1,646

2020-02-02 22:07:53.385000+00:00,leaf7,sg0,internetwork,1,0,obt-collector1,7f5b54029018,false,true,1,0/RP0/CPU0,1,0,0,0,6791,1,646,140030228205592,1,646

2020-02-02 22:07:53.385000+00:00,leaf7,sg0,ip-version6,1,0,obt-collector1,7f5b54029288,false,true,1,0/RP0/CPU0,1,0,0,0,6791,1,647,140030228206216,1,646

2020-02-02 22:08:03.383000+00:00,leaf7,sg0,internetwork,1,0,obt-collector1,7f5b54029018,false,true,1,0/RP0/CPU0,1,0,0,0,6791,1,646,140030228205592,1,646

2020-02-02 22:08:03.383000+00:00,leaf7,sg0,ip-version6,1,0,obt-collector1,7f5b54029288,false,true,1,0/RP0/CPU0,1,0,0,0,6791,1,647,140030228206216,1,646

2020-02-02 22:08:13.384000+00:00,leaf7,sg0,internetwork,1,0,obt-collector1,7f5b54029018,false,true,1,0/RP0/CPU0,1,0,0,0,6791,1,646,140030228205592,1,646

2020-02-02 22:08:13.384000+00:00,leaf7,sg0,ip-version6,1,0,obt-collector1,7f5b54029288,false,true,1,0/RP0/CPU0,1,0,0,0,6791,1,647,140030228206216,1,646

2020-02-02 22:08:23.374000+00:00,leaf7,sg0,internetwork,1,0,obt-collector1,7f5b54029018,false,true,1,0/RP0/CPU0,1,0,0,0,6791,1,646,140030228205592,1,646

2020-02-02 22:08:23.374000+00:00,leaf7,sg0,ip-version6,1,0,obt-collector1,7f5b54029288,false,true,1,0/RP0/CPU0,1,0,0,0,6791,1,647,140030228206216,1,646

2020-02-02 22:08:33.401000+00:00,leaf7,sg0,internetwork,1,0,obt-collector1,7f5b54029018,false,true,1,0/RP0/CPU0,1,0,0,0,6791,1,646,140030228205592,1,646

2020-02-02 22:08:33.402000+00:00,leaf7,sg0,ip-version6,1,0,obt-collector1,7f5b54029288,false,true,1,0/RP0/CPU0,1,0,0,0,6791,1,647,140030228206216,1,646

2020-02-02 22:08:43.401000+00:00,leaf7,sg0,internetwork,1,0,obt-collector1,7f5b54029018,false,true,1,0/RP0/CPU0,1,0,0,0,6791,1,646,140030228205592,1,646

2020-02-02 22:08:43.401000+00:00,leaf7,sg0,ip-version6,1,0,obt-collector1,7f5b54029288,false,true,1,0/RP0/CPU0,1,0,0,0,6791,1,647,140030228206216,1,646

2020-02-02 22:08:53.392000+00:00,leaf7,sg0,internetwork,1,0,obt-collector1,7f5b54029018,false,true,1,0/RP0/CPU0,1,0,0,0,6791,1,646,140030228205592,1,646

2020-02-02 22:08:53.392000+00:00,leaf7,sg0,ip-version6,1,0,obt-collector1,7f5b54029288,false,true,1,0/RP0/CPU0,1,0,0,0,6791,1,647,140030228206216,1,646

2020-02-02 22:09:03.399000+00:00,leaf7,sg0,internetwork,1,0,obt-collector1,7f5b54029018,false,true,1,0/RP0/CPU0,1,0,0,0,6791,1,646,140030228205592,1,646

2020-02-02 22:09:03.399000+00:00,leaf7,sg0,ip-version6,1,0,obt-collector1,7f5b54029288,false,true,1,0/RP0/CPU0,1,0,0,0,6791,1,647,140030228206216,1,646

2020-02-02 22:09:13.389000+00:00,leaf7,sg0,internetwork,1,0,obt-collector1,7f5b54029018,false,true,1,0/RP0/CPU0,1,0,0,0,6791,1,646,140030228205592,1,646

2020-02-02 22:09:13.389000+00:00,leaf7,sg0,ip-version6,1,0,obt-collector1,7f5b54029288,false,true,1,0/RP0/CPU0,1,0,0,0,6791,1,647,140030228206216,1,646

2020-02-02 22:09:23.403000+00:00,leaf7,sg0,internetwork,1,0,obt-collector1,7f5b54029018,false,true,1,0/RP0/CPU0,1,0,0,0,6791,1,646,140030228205592,1,646

2020-02-02 22:09:23.403000+00:00,leaf7,sg0,ip-version6,1,0,obt-collector1,7f5b54029288,false,true,1,0/RP0/CPU0,1,0,0,0,6791,1,647,140030228206216,1,646

2020-02-02 22:09:33.396000+00:00,leaf7,sg0,internetwork,1,0,obt-collector1,7f5b54029018,false,true,1,0/RP0/CPU0,1,0,0,0,6791,1,646,140030228205592,1,646

2020-02-02 22:09:33.396000+00:00,leaf7,sg0,ip-version6,1,0,obt-collector1,7f5b54029288,false,true,1,0/RP0/CPU0,1,0,0,0,6791,1,647,140030228206216,1,646

2020-02-02 22:09:43.413000+00:00,leaf7,sg0,internetwork,1,0,obt-collector1,7f5b54029018,false,true,1,0/RP0/CPU0,1,0,0,0,6791,1,646,140030228205592,1,646

2020-02-02 22:09:43.413000+00:00,leaf7,sg0,ip-version6,1,0,obt-collector1,7f5b54029288,false,true,1,0/RP0/CPU0,1,0,0,0,6791,1,647,140030228206216,1,646

2020-02-02 22:09:53.377000+00:00,leaf7,sg0,internetwork,1,0,obt-collector1,7f5b54029018,false,true,1,0/RP0/CPU0,1,0,0,0,6791,1,646,140030228205592,1,646

2020-02-02 22:09:53.377000+00:00,leaf7,sg0,ip-version6,1,0,obt-collector1,7f5b54029288,false,true,1,0/RP0/CPU0,1,0,0,0,6791,1,647,140030228206216,1,646

2020-02-02 22:10:03.412000+00:00,leaf7,sg0,internetwork,1,0,obt-collector1,7f5b54029018,false,true,1,0/RP0/CPU0,1,0,0,0,6791,1,646,140030228205592,1,646

2020-02-02 22:10:03.413000+00:00,leaf7,sg0,ip-version6,1,0,obt-collector1,7f5b54029288,false,true,1,0/RP0/CPU0,1,0,0,0,6791,1,647,140030228206216,1,646

2020-02-02 22:10:13.399000+00:00,leaf7,sg0,internetwork,1,0,obt-collector1,7f5b54029018,false,true,1,0/RP0/CPU0,1,0,0,0,6791,1,646,140030228205592,1,646

2020-02-02 22:10:13.399000+00:00,leaf7,sg0,ip-version6,1,0,obt-collector1,7f5b54029288,false,true,1,0/RP0/CPU0,1,0,0,0,6791,1,647,140030228206216,1,646

2020-02-02 22:10:23.384000+00:00,leaf7,sg0,internetwork,1,0,obt-collector1,7f5b54029018,false,true,1,0/RP0/CPU0,1,0,0,0,6791,1,646,140030228205592,1,646

2020-02-02 22:10:23.384000+00:00,leaf7,sg0,ip-version6,1,0,obt-collector1,7f5b54029288,false,true,1,0/RP0/CPU0,1,0,0,0,6791,1,647,140030228206216,1,646

2020-02-02 22:10:33.402000+00:00,leaf7,sg0,internetwork,1,0,obt-collector1,7f5b54029018,false,true,1,0/RP0/CPU0,1,0,0,0,6791,1,646,140030228205592,1,646

2020-02-02 22:10:33.402000+00:00,leaf7,sg0,ip-version6,1,0,obt-collector1,7f5b54029288,false,true,1,0/RP0/CPU0,1,0,0,0,6791,1,647,140030228206216,1,646

2020-02-02 22:10:43.403000+00:00,leaf7,sg0,internetwork,1,0,obt-collector1,7f5b54029018,false,true,1,0/RP0/CPU0,1,0,0,0,6791,1,646,140030228205592,1,646

2020-02-02 22:10:43.403000+00:00,leaf7,sg0,ip-version6,1,0,obt-collector1,7f5b54029288,false,true,1,0/RP0/CPU0,1,0,0,0,6791,1,647,140030228206216,1,646

2020-02-02 22:10:53.392000+00:00,leaf7,sg0,internetwork,1,0,obt-collector1,7f5b54029018,false,true,1,0/RP0/CPU0,1,0,0,0,6791,1,646,140030228205592,1,646

2020-02-02 22:10:53.392000+00:00,leaf7,sg0,ip-version6,1,0,obt-collector1,7f5b54029288,false,true,1,0/RP0/CPU0,1,0,0,0,6791,1,647,140030228206216,1,646

2020-02-02 22:11:03.410000+00:00,leaf7,sg0,internetwork,1,0,obt-collector1,7f5b54029018,false,true,1,0/RP0/CPU0,1,0,0,0,6791,1,646,140030228205592,1,646

2020-02-02 22:11:03.410000+00:00,leaf7,sg0,ip-version6,1,0,obt-collector1,7f5b54029288,false,true,1,0/RP0/CPU0,1,0,0,0,6791,1,647,140030228206216,1,646

2020-02-02 22:11:13.407000+00:00,leaf7,sg0,internetwork,1,0,obt-collector1,7f5b54029018,false,true,1,0/RP0/CPU0,1,0,0,0,6791,1,646,140030228205592,1,646

2020-02-02 22:11:13.407000+00:00,leaf7,sg0,ip-version6,1,0,obt-collector1,7f5b54029288,false,true,1,0/RP0/CPU0,1,0,0,0,6791,1,647,140030228206216,1,646

2020-02-02 22:11:23.392000+00:00,leaf7,sg0,internetwork,1,0,obt-collector1,7f5b54029018,false,true,1,0/RP0/CPU0,1,0,0,0,6791,1,646,140030228205592,1,646

2020-02-02 22:11:23.392000+00:00,leaf7,sg0,ip-version6,1,0,obt-collector1,7f5b54029288,false,true,1,0/RP0/CPU0,1,0,0,0,6791,1,647,140030228206216,1,646

2020-02-02 22:11:33.400000+00:00,leaf7,sg0,internetwork,1,0,obt-collector1,7f5b54029018,false,true,1,0/RP0/CPU0,1,0,0,0,6791,1,646,140030228205592,1,646

2020-02-02 22:11:33.400000+00:00,leaf7,sg0,ip-version6,1,0,obt-collector1,7f5b54029288,false,true,1,0/RP0/CPU0,1,0,0,0,6791,1,647,140030228206216,1,646

2020-02-02 22:11:43.411000+00:00,leaf7,sg0,internetwork,1,0,obt-collector1,7f5b54029018,false,true,1,0/RP0/CPU0,1,0,0,0,6791,1,646,140030228205592,1,646

2020-02-02 22:11:43.411000+00:00,leaf7,sg0,ip-version6,1,0,obt-collector1,7f5b54029288,false,true,1,0/RP0/CPU0,1,0,0,0,6791,1,647,140030228206216,1,646

2020-02-02 22:11:53.430000+00:00,leaf7,sg0,internetwork,1,0,obt-collector1,7f5b54029018,false,true,1,0/RP0/CPU0,1,0,0,0,6791,1,646,140030228205592,1,646

2020-02-02 22:11:53.430000+00:00,leaf7,sg0,ip-version6,1,0,obt-collector1,7f5b54029288,false,true,1,0/RP0/CPU0,1,0,0,0,6791,1,647,140030228206216,1,646

2020-02-02 22:12:03.402000+00:00,leaf7,sg0,internetwork,1,0,obt-collector1,7f5b54029018,false,true,1,0/RP0/CPU0,1,0,0,0,6791,1,646,140030228205592,1,646

2020-02-02 22:12:03.402000+00:00,leaf7,sg0,ip-version6,1,0,obt-collector1,7f5b54029288,false,true,1,0/RP0/CPU0,1,0,0,0,6791,1,647,140030228206216,1,646

2020-02-02 22:12:13.394000+00:00,leaf7,sg0,internetwork,1,0,obt-collector1,7f5b54029018,false,true,1,0/RP0/CPU0,1,0,0,0,6791,1,646,140030228205592,1,646

2020-02-02 22:12:13.394000+00:00,leaf7,sg0,ip-version6,1,0,obt-collector1,7f5b54029288,false,true,1,0/RP0/CPU0,1,0,0,0,6791,1,647,140030228206216,1,646

2020-02-02 22:12:23.406000+00:00,leaf7,sg0,internetwork,1,0,obt-collector1,7f5b54029018,false,true,1,0/RP0/CPU0,1,0,0,0,6791,1,646,140030228205592,1,646

2020-02-02 22:12:23.406000+00:00,leaf7,sg0,ip-version6,1,0,obt-collector1,7f5b54029288,false,true,1,0/RP0/CPU0,1,0,0,0,6791,1,647,140030228206216,1,646

2020-02-02 22:12:33.401000+00:00,leaf7,sg0,internetwork,1,0,obt-collector1,7f5b54029018,false,true,1,0/RP0/CPU0,1,0,0,0,6791,1,646,140030228205592,1,646

2020-02-02 22:12:33.401000+00:00,leaf7,sg0,ip-version6,1,0,obt-collector1,7f5b54029288,false,true,1,0/RP0/CPU0,1,0,0,0,6791,1,647,140030228206216,1,646

2020-02-02 22:12:43.413000+00:00,leaf7,sg0,internetwork,1,0,obt-collector1,7f5b54029018,false,true,1,0/RP0/CPU0,1,0,0,0,6791,1,646,140030228205592,1,646

2020-02-02 22:12:43.413000+00:00,leaf7,sg0,ip-version6,1,0,obt-collector1,7f5b54029288,false,true,1,0/RP0/CPU0,1,0,0,0,6791,1,647,140030228206216,1,646

2020-02-02 22:12:53.416000+00:00,leaf7,sg0,internetwork,1,0,obt-collector1,7f5b54029018,false,true,1,0/RP0/CPU0,1,0,0,0,6791,1,646,140030228205592,1,646

2020-02-02 22:12:53.416000+00:00,leaf7,sg0,ip-version6,1,0,obt-collector1,7f5b54029288,false,true,1,0/RP0/CPU0,1,0,0,0,6791,1,647,140030228206216,1,646

2020-02-02 22:13:03.396000+00:00,leaf7,sg0,internetwork,1,0,obt-collector1,7f5b54029018,false,true,1,0/RP0/CPU0,1,0,0,0,6791,1,646,140030228205592,1,646

2020-02-02 22:13:03.396000+00:00,leaf7,sg0,ip-version6,1,0,obt-collector1,7f5b54029288,false,true,1,0/RP0/CPU0,1,0,0,0,6791,1,647,140030228206216,1,646

2020-02-02 22:13:13.379000+00:00,leaf7,sg0,internetwork,1,0,obt-collector1,7f5b54029018,false,true,1,0/RP0/CPU0,1,0,0,0,6791,1,646,140030228205592,1,646

2020-02-02 22:13:13.379000+00:00,leaf7,sg0,ip-version6,1,0,obt-collector1,7f5b54029288,false,true,1,0/RP0/CPU0,1,0,0,0,6791,1,647,140030228206216,1,646

2020-02-02 22:13:23.410000+00:00,leaf7,sg0,internetwork,1,0,obt-collector1,7f5b54029018,false,true,1,0/RP0/CPU0,1,0,0,0,6791,1,646,140030228205592,1,646

2020-02-02 22:13:23.410000+00:00,leaf7,sg0,ip-version6,1,0,obt-collector1,7f5b54029288,false,true,1,0/RP0/CPU0,1,0,0,0,6791,1,647,140030228206216,1,646

2020-02-02 22:13:33.395000+00:00,leaf7,sg0,internetwork,1,0,obt-collector1,7f5b54029018,false,true,1,0/RP0/CPU0,1,0,0,0,6791,1,646,140030228205592,1,646

2020-02-02 22:13:33.395000+00:00,leaf7,sg0,ip-version6,1,0,obt-collector1,7f5b54029288,false,true,1,0/RP0/CPU0,1,0,0,0,6791,1,647,140030228206216,1,646

2020-02-02 22:13:43.406000+00:00,leaf7,sg0,internetwork,1,0,obt-collector1,7f5b54029018,false,true,1,0/RP0/CPU0,1,0,0,0,6791,1,646,140030228205592,1,646

2020-02-02 22:13:43.406000+00:00,leaf7,sg0,ip-version6,1,0,obt-collector1,7f5b54029288,false,true,1,0/RP0/CPU0,1,0,0,0,6791,1,647,140030228206216,1,646

