,EncodingPath,Producer,Target,host,node-name,total-cpu-fifteen-minute,total-cpu-five-minute,total-cpu-one-minute

2020-02-05 01:51:20.765000+00:00,Cisco-IOS-XR-wdsysmon-fd-oper:system-monitoring/cpu-utilization,spine2,,,0/RP0/CPU0,4,4,5

2020-02-05 01:51:20.969000+00:00,Cisco-IOS-XR-wdsysmon-fd-oper:system-monitoring/cpu-utilization,spine2,,,0/0/CPU0,4,4,4

2020-02-05 01:51:26.655000+00:00,Cisco-IOS-XR-wdsysmon-fd-oper:system-monitoring/cpu-utilization,spine2,,,0/RP0/CPU0,4,4,5

2020-02-05 01:51:26.859000+00:00,Cisco-IOS-XR-wdsysmon-fd-oper:system-monitoring/cpu-utilization,spine2,,,0/0/CPU0,4,4,4

2020-02-05 01:51:30.767000+00:00,Cisco-IOS-XR-wdsysmon-fd-oper:system-monitoring/cpu-utilization,spine2,,,0/RP0/CPU0,4,4,4

2020-02-05 01:51:30.972000+00:00,Cisco-IOS-XR-wdsysmon-fd-oper:system-monitoring/cpu-utilization,spine2,,,0/0/CPU0,4,4,4

2020-02-05 01:51:36.691000+00:00,Cisco-IOS-XR-wdsysmon-fd-oper:system-monitoring/cpu-utilization,spine2,,,0/RP0/CPU0,4,4,4

2020-02-05 01:51:36.897000+00:00,Cisco-IOS-XR-wdsysmon-fd-oper:system-monitoring/cpu-utilization,spine2,,,0/0/CPU0,4,4,4

2020-02-05 01:51:40.763000+00:00,Cisco-IOS-XR-wdsysmon-fd-oper:system-monitoring/cpu-utilization,spine2,,,0/RP0/CPU0,4,4,4

2020-02-05 01:51:40.967000+00:00,Cisco-IOS-XR-wdsysmon-fd-oper:system-monitoring/cpu-utilization,spine2,,,0/0/CPU0,4,4,4

2020-02-05 01:51:46.690000+00:00,Cisco-IOS-XR-wdsysmon-fd-oper:system-monitoring/cpu-utilization,spine2,,,0/RP0/CPU0,4,4,4

2020-02-05 01:51:46.895000+00:00,Cisco-IOS-XR-wdsysmon-fd-oper:system-monitoring/cpu-utilization,spine2,,,0/0/CPU0,4,4,4

2020-02-05 01:51:50.758000+00:00,Cisco-IOS-XR-wdsysmon-fd-oper:system-monitoring/cpu-utilization,spine2,,,0/RP0/CPU0,4,4,4

2020-02-05 01:51:50.962000+00:00,Cisco-IOS-XR-wdsysmon-fd-oper:system-monitoring/cpu-utilization,spine2,,,0/0/CPU0,4,4,4

2020-02-05 01:51:56.652000+00:00,Cisco-IOS-XR-wdsysmon-fd-oper:system-monitoring/cpu-utilization,spine2,,,0/RP0/CPU0,4,4,4

2020-02-05 01:51:56.858000+00:00,Cisco-IOS-XR-wdsysmon-fd-oper:system-monitoring/cpu-utilization,spine2,,,0/0/CPU0,4,4,4

2020-02-05 01:52:00.760000+00:00,Cisco-IOS-XR-wdsysmon-fd-oper:system-monitoring/cpu-utilization,spine2,,,0/RP0/CPU0,4,4,4

2020-02-05 01:52:00.965000+00:00,Cisco-IOS-XR-wdsysmon-fd-oper:system-monitoring/cpu-utilization,spine2,,,0/0/CPU0,4,4,4

2020-02-05 01:52:06.670000+00:00,Cisco-IOS-XR-wdsysmon-fd-oper:system-monitoring/cpu-utilization,spine2,,,0/RP0/CPU0,4,4,4

2020-02-05 01:52:06.875000+00:00,Cisco-IOS-XR-wdsysmon-fd-oper:system-monitoring/cpu-utilization,spine2,,,0/0/CPU0,4,4,4

2020-02-05 01:52:10.761000+00:00,Cisco-IOS-XR-wdsysmon-fd-oper:system-monitoring/cpu-utilization,spine2,,,0/RP0/CPU0,4,4,4

2020-02-05 01:52:10.965000+00:00,Cisco-IOS-XR-wdsysmon-fd-oper:system-monitoring/cpu-utilization,spine2,,,0/0/CPU0,4,4,4

2020-02-05 01:52:16.653000+00:00,Cisco-IOS-XR-wdsysmon-fd-oper:system-monitoring/cpu-utilization,spine2,,,0/RP0/CPU0,4,4,4

2020-02-05 01:52:16.857000+00:00,Cisco-IOS-XR-wdsysmon-fd-oper:system-monitoring/cpu-utilization,spine2,,,0/0/CPU0,4,4,4

2020-02-05 01:52:20.768000+00:00,Cisco-IOS-XR-wdsysmon-fd-oper:system-monitoring/cpu-utilization,spine2,,,0/RP0/CPU0,4,4,4

2020-02-05 01:52:20.972000+00:00,Cisco-IOS-XR-wdsysmon-fd-oper:system-monitoring/cpu-utilization,spine2,,,0/0/CPU0,4,4,4

2020-02-05 01:52:26.714000+00:00,Cisco-IOS-XR-wdsysmon-fd-oper:system-monitoring/cpu-utilization,spine2,,,0/RP0/CPU0,4,4,4

2020-02-05 01:52:26.919000+00:00,Cisco-IOS-XR-wdsysmon-fd-oper:system-monitoring/cpu-utilization,spine2,,,0/0/CPU0,4,4,4

2020-02-05 01:52:30.759000+00:00,Cisco-IOS-XR-wdsysmon-fd-oper:system-monitoring/cpu-utilization,spine2,,,0/RP0/CPU0,4,4,5

2020-02-05 01:52:30.963000+00:00,Cisco-IOS-XR-wdsysmon-fd-oper:system-monitoring/cpu-utilization,spine2,,,0/0/CPU0,4,4,4

2020-02-05 01:52:36.662000+00:00,Cisco-IOS-XR-wdsysmon-fd-oper:system-monitoring/cpu-utilization,spine2,,,0/RP0/CPU0,4,4,5

2020-02-05 01:52:36.866000+00:00,Cisco-IOS-XR-wdsysmon-fd-oper:system-monitoring/cpu-utilization,spine2,,,0/0/CPU0,4,4,4

2020-02-05 01:52:40.767000+00:00,Cisco-IOS-XR-wdsysmon-fd-oper:system-monitoring/cpu-utilization,spine2,,,0/RP0/CPU0,4,4,5

2020-02-05 01:52:40.972000+00:00,Cisco-IOS-XR-wdsysmon-fd-oper:system-monitoring/cpu-utilization,spine2,,,0/0/CPU0,4,4,4

2020-02-05 01:52:46.649000+00:00,Cisco-IOS-XR-wdsysmon-fd-oper:system-monitoring/cpu-utilization,spine2,,,0/RP0/CPU0,4,4,5

2020-02-05 01:52:46.853000+00:00,Cisco-IOS-XR-wdsysmon-fd-oper:system-monitoring/cpu-utilization,spine2,,,0/0/CPU0,4,4,4

2020-02-05 01:52:50.759000+00:00,Cisco-IOS-XR-wdsysmon-fd-oper:system-monitoring/cpu-utilization,spine2,,,0/RP0/CPU0,4,4,5

2020-02-05 01:52:50.963000+00:00,Cisco-IOS-XR-wdsysmon-fd-oper:system-monitoring/cpu-utilization,spine2,,,0/0/CPU0,4,4,4

2020-02-05 01:52:56.658000+00:00,Cisco-IOS-XR-wdsysmon-fd-oper:system-monitoring/cpu-utilization,spine2,,,0/RP0/CPU0,4,4,5

2020-02-05 01:52:56.863000+00:00,Cisco-IOS-XR-wdsysmon-fd-oper:system-monitoring/cpu-utilization,spine2,,,0/0/CPU0,4,4,4

2020-02-05 01:53:00.764000+00:00,Cisco-IOS-XR-wdsysmon-fd-oper:system-monitoring/cpu-utilization,spine2,,,0/RP0/CPU0,4,4,5

2020-02-05 01:53:00.967000+00:00,Cisco-IOS-XR-wdsysmon-fd-oper:system-monitoring/cpu-utilization,spine2,,,0/0/CPU0,4,4,4

2020-02-05 01:53:06.646000+00:00,Cisco-IOS-XR-wdsysmon-fd-oper:system-monitoring/cpu-utilization,spine2,,,0/RP0/CPU0,4,4,5

2020-02-05 01:53:06.850000+00:00,Cisco-IOS-XR-wdsysmon-fd-oper:system-monitoring/cpu-utilization,spine2,,,0/0/CPU0,4,4,4

2020-02-05 01:53:10.768000+00:00,Cisco-IOS-XR-wdsysmon-fd-oper:system-monitoring/cpu-utilization,spine2,,,0/RP0/CPU0,4,4,5

2020-02-05 01:53:10.972000+00:00,Cisco-IOS-XR-wdsysmon-fd-oper:system-monitoring/cpu-utilization,spine2,,,0/0/CPU0,4,4,4

2020-02-05 01:53:16.656000+00:00,Cisco-IOS-XR-wdsysmon-fd-oper:system-monitoring/cpu-utilization,spine2,,,0/RP0/CPU0,4,4,5

2020-02-05 01:53:16.859000+00:00,Cisco-IOS-XR-wdsysmon-fd-oper:system-monitoring/cpu-utilization,spine2,,,0/0/CPU0,4,4,4

2020-02-05 01:53:20.769000+00:00,Cisco-IOS-XR-wdsysmon-fd-oper:system-monitoring/cpu-utilization,spine2,,,0/RP0/CPU0,4,4,5

2020-02-05 01:53:20.973000+00:00,Cisco-IOS-XR-wdsysmon-fd-oper:system-monitoring/cpu-utilization,spine2,,,0/0/CPU0,4,4,4

2020-02-05 01:53:26.653000+00:00,Cisco-IOS-XR-wdsysmon-fd-oper:system-monitoring/cpu-utilization,spine2,,,0/RP0/CPU0,4,4,5

2020-02-05 01:53:26.856000+00:00,Cisco-IOS-XR-wdsysmon-fd-oper:system-monitoring/cpu-utilization,spine2,,,0/0/CPU0,4,4,4

2020-02-05 01:53:30.765000+00:00,Cisco-IOS-XR-wdsysmon-fd-oper:system-monitoring/cpu-utilization,spine2,,,0/RP0/CPU0,4,4,5

2020-02-05 01:53:30.968000+00:00,Cisco-IOS-XR-wdsysmon-fd-oper:system-monitoring/cpu-utilization,spine2,,,0/0/CPU0,4,4,4

2020-02-05 01:53:36.705000+00:00,Cisco-IOS-XR-wdsysmon-fd-oper:system-monitoring/cpu-utilization,spine2,,,0/RP0/CPU0,4,4,5

2020-02-05 01:53:36.908000+00:00,Cisco-IOS-XR-wdsysmon-fd-oper:system-monitoring/cpu-utilization,spine2,,,0/0/CPU0,4,4,4

2020-02-05 01:53:40.760000+00:00,Cisco-IOS-XR-wdsysmon-fd-oper:system-monitoring/cpu-utilization,spine2,,,0/RP0/CPU0,4,4,5

2020-02-05 01:53:40.963000+00:00,Cisco-IOS-XR-wdsysmon-fd-oper:system-monitoring/cpu-utilization,spine2,,,0/0/CPU0,4,4,4

2020-02-05 01:53:46.659000+00:00,Cisco-IOS-XR-wdsysmon-fd-oper:system-monitoring/cpu-utilization,spine2,,,0/RP0/CPU0,4,4,5

2020-02-05 01:53:46.863000+00:00,Cisco-IOS-XR-wdsysmon-fd-oper:system-monitoring/cpu-utilization,spine2,,,0/0/CPU0,4,4,4

2020-02-05 01:53:50.770000+00:00,Cisco-IOS-XR-wdsysmon-fd-oper:system-monitoring/cpu-utilization,spine2,,,0/RP0/CPU0,4,4,5

2020-02-05 01:53:50.974000+00:00,Cisco-IOS-XR-wdsysmon-fd-oper:system-monitoring/cpu-utilization,spine2,,,0/0/CPU0,4,4,4

2020-02-05 01:53:56.655000+00:00,Cisco-IOS-XR-wdsysmon-fd-oper:system-monitoring/cpu-utilization,spine2,,,0/RP0/CPU0,4,4,5

2020-02-05 01:53:56.860000+00:00,Cisco-IOS-XR-wdsysmon-fd-oper:system-monitoring/cpu-utilization,spine2,,,0/0/CPU0,4,4,4

2020-02-05 01:54:00.760000+00:00,Cisco-IOS-XR-wdsysmon-fd-oper:system-monitoring/cpu-utilization,spine2,,,0/RP0/CPU0,4,4,5

2020-02-05 01:54:00.965000+00:00,Cisco-IOS-XR-wdsysmon-fd-oper:system-monitoring/cpu-utilization,spine2,,,0/0/CPU0,4,4,4

2020-02-05 01:54:06.680000+00:00,Cisco-IOS-XR-wdsysmon-fd-oper:system-monitoring/cpu-utilization,spine2,,,0/RP0/CPU0,4,4,5

2020-02-05 01:54:06.884000+00:00,Cisco-IOS-XR-wdsysmon-fd-oper:system-monitoring/cpu-utilization,spine2,,,0/0/CPU0,4,4,4

2020-02-05 01:54:10.772000+00:00,Cisco-IOS-XR-wdsysmon-fd-oper:system-monitoring/cpu-utilization,spine2,,,0/RP0/CPU0,4,4,5

2020-02-05 01:54:10.976000+00:00,Cisco-IOS-XR-wdsysmon-fd-oper:system-monitoring/cpu-utilization,spine2,,,0/0/CPU0,4,4,4

2020-02-05 01:54:16.723000+00:00,Cisco-IOS-XR-wdsysmon-fd-oper:system-monitoring/cpu-utilization,spine2,,,0/RP0/CPU0,4,4,5

2020-02-05 01:54:16.928000+00:00,Cisco-IOS-XR-wdsysmon-fd-oper:system-monitoring/cpu-utilization,spine2,,,0/0/CPU0,4,4,4

2020-02-05 01:54:20.764000+00:00,Cisco-IOS-XR-wdsysmon-fd-oper:system-monitoring/cpu-utilization,spine2,,,0/RP0/CPU0,4,4,5

2020-02-05 01:54:20.971000+00:00,Cisco-IOS-XR-wdsysmon-fd-oper:system-monitoring/cpu-utilization,spine2,,,0/0/CPU0,4,4,4

2020-02-05 01:54:26.648000+00:00,Cisco-IOS-XR-wdsysmon-fd-oper:system-monitoring/cpu-utilization,spine2,,,0/RP0/CPU0,4,4,5

2020-02-05 01:54:26.854000+00:00,Cisco-IOS-XR-wdsysmon-fd-oper:system-monitoring/cpu-utilization,spine2,,,0/0/CPU0,4,4,4

2020-02-05 01:54:30.761000+00:00,Cisco-IOS-XR-wdsysmon-fd-oper:system-monitoring/cpu-utilization,spine2,,,0/RP0/CPU0,4,4,4

2020-02-05 01:54:30.967000+00:00,Cisco-IOS-XR-wdsysmon-fd-oper:system-monitoring/cpu-utilization,spine2,,,0/0/CPU0,4,4,4

2020-02-05 01:54:36.665000+00:00,Cisco-IOS-XR-wdsysmon-fd-oper:system-monitoring/cpu-utilization,spine2,,,0/RP0/CPU0,4,4,4

2020-02-05 01:54:36.871000+00:00,Cisco-IOS-XR-wdsysmon-fd-oper:system-monitoring/cpu-utilization,spine2,,,0/0/CPU0,4,4,4

2020-02-05 01:54:40.768000+00:00,Cisco-IOS-XR-wdsysmon-fd-oper:system-monitoring/cpu-utilization,spine2,,,0/RP0/CPU0,4,4,4

2020-02-05 01:54:40.974000+00:00,Cisco-IOS-XR-wdsysmon-fd-oper:system-monitoring/cpu-utilization,spine2,,,0/0/CPU0,4,4,4

2020-02-05 01:54:46.657000+00:00,Cisco-IOS-XR-wdsysmon-fd-oper:system-monitoring/cpu-utilization,spine2,,,0/RP0/CPU0,4,4,4

2020-02-05 01:54:46.863000+00:00,Cisco-IOS-XR-wdsysmon-fd-oper:system-monitoring/cpu-utilization,spine2,,,0/0/CPU0,4,4,4

2020-02-05 01:54:50.770000+00:00,Cisco-IOS-XR-wdsysmon-fd-oper:system-monitoring/cpu-utilization,spine2,,,0/RP0/CPU0,4,4,4

2020-02-05 01:54:50.975000+00:00,Cisco-IOS-XR-wdsysmon-fd-oper:system-monitoring/cpu-utilization,spine2,,,0/0/CPU0,4,4,4

2020-02-05 01:54:56.660000+00:00,Cisco-IOS-XR-wdsysmon-fd-oper:system-monitoring/cpu-utilization,spine2,,,0/RP0/CPU0,4,4,4

2020-02-05 01:54:56.864000+00:00,Cisco-IOS-XR-wdsysmon-fd-oper:system-monitoring/cpu-utilization,spine2,,,0/0/CPU0,4,4,4

2020-02-05 01:55:00.763000+00:00,Cisco-IOS-XR-wdsysmon-fd-oper:system-monitoring/cpu-utilization,spine2,,,0/RP0/CPU0,4,4,4

2020-02-05 01:55:00.967000+00:00,Cisco-IOS-XR-wdsysmon-fd-oper:system-monitoring/cpu-utilization,spine2,,,0/0/CPU0,4,4,4

2020-02-05 01:55:06.693000+00:00,Cisco-IOS-XR-wdsysmon-fd-oper:system-monitoring/cpu-utilization,spine2,,,0/RP0/CPU0,4,4,4

2020-02-05 01:55:06.897000+00:00,Cisco-IOS-XR-wdsysmon-fd-oper:system-monitoring/cpu-utilization,spine2,,,0/0/CPU0,4,4,4

2020-02-05 01:55:10.774000+00:00,Cisco-IOS-XR-wdsysmon-fd-oper:system-monitoring/cpu-utilization,spine2,,,0/RP0/CPU0,4,4,4

2020-02-05 01:55:10.978000+00:00,Cisco-IOS-XR-wdsysmon-fd-oper:system-monitoring/cpu-utilization,spine2,,,0/0/CPU0,4,4,4

2020-02-05 01:55:16.641000+00:00,Cisco-IOS-XR-wdsysmon-fd-oper:system-monitoring/cpu-utilization,spine2,,,0/RP0/CPU0,4,4,4

2020-02-05 01:55:16.853000+00:00,Cisco-IOS-XR-wdsysmon-fd-oper:system-monitoring/cpu-utilization,spine2,,,0/0/CPU0,4,4,4

2020-02-05 01:55:20.770000+00:00,Cisco-IOS-XR-wdsysmon-fd-oper:system-monitoring/cpu-utilization,spine2,,,0/RP0/CPU0,4,4,4

2020-02-05 01:55:20.975000+00:00,Cisco-IOS-XR-wdsysmon-fd-oper:system-monitoring/cpu-utilization,spine2,,,0/0/CPU0,4,4,4

2020-02-05 01:55:26.681000+00:00,Cisco-IOS-XR-wdsysmon-fd-oper:system-monitoring/cpu-utilization,spine2,,,0/RP0/CPU0,4,4,4

2020-02-05 01:55:26.886000+00:00,Cisco-IOS-XR-wdsysmon-fd-oper:system-monitoring/cpu-utilization,spine2,,,0/0/CPU0,4,4,4

2020-02-05 01:55:31.270000+00:00,Cisco-IOS-XR-wdsysmon-fd-oper:system-monitoring/cpu-utilization,spine2,,,0/RP0/CPU0,4,4,5

2020-02-05 01:55:31.475000+00:00,Cisco-IOS-XR-wdsysmon-fd-oper:system-monitoring/cpu-utilization,spine2,,,0/0/CPU0,4,4,4

2020-02-05 01:55:36.661000+00:00,Cisco-IOS-XR-wdsysmon-fd-oper:system-monitoring/cpu-utilization,spine2,,,0/RP0/CPU0,4,4,5

2020-02-05 01:55:36.866000+00:00,Cisco-IOS-XR-wdsysmon-fd-oper:system-monitoring/cpu-utilization,spine2,,,0/0/CPU0,4,4,4

2020-02-05 01:55:40.766000+00:00,Cisco-IOS-XR-wdsysmon-fd-oper:system-monitoring/cpu-utilization,spine2,,,0/RP0/CPU0,4,4,5

2020-02-05 01:55:40.970000+00:00,Cisco-IOS-XR-wdsysmon-fd-oper:system-monitoring/cpu-utilization,spine2,,,0/0/CPU0,4,4,4

2020-02-05 01:55:46.661000+00:00,Cisco-IOS-XR-wdsysmon-fd-oper:system-monitoring/cpu-utilization,spine2,,,0/RP0/CPU0,4,4,5

2020-02-05 01:55:46.868000+00:00,Cisco-IOS-XR-wdsysmon-fd-oper:system-monitoring/cpu-utilization,spine2,,,0/0/CPU0,4,4,4

2020-02-05 01:55:50.763000+00:00,Cisco-IOS-XR-wdsysmon-fd-oper:system-monitoring/cpu-utilization,spine2,,,0/RP0/CPU0,4,4,5

2020-02-05 01:55:50.969000+00:00,Cisco-IOS-XR-wdsysmon-fd-oper:system-monitoring/cpu-utilization,spine2,,,0/0/CPU0,4,4,4

2020-02-05 01:55:56.644000+00:00,Cisco-IOS-XR-wdsysmon-fd-oper:system-monitoring/cpu-utilization,spine2,,,0/RP0/CPU0,4,4,5

2020-02-05 01:55:56.850000+00:00,Cisco-IOS-XR-wdsysmon-fd-oper:system-monitoring/cpu-utilization,spine2,,,0/0/CPU0,4,4,4

2020-02-05 01:56:00.774000+00:00,Cisco-IOS-XR-wdsysmon-fd-oper:system-monitoring/cpu-utilization,spine2,,,0/RP0/CPU0,4,4,5

2020-02-05 01:56:00.980000+00:00,Cisco-IOS-XR-wdsysmon-fd-oper:system-monitoring/cpu-utilization,spine2,,,0/0/CPU0,4,4,4

2020-02-05 01:56:06.733000+00:00,Cisco-IOS-XR-wdsysmon-fd-oper:system-monitoring/cpu-utilization,spine2,,,0/RP0/CPU0,4,4,5

2020-02-05 01:56:06.939000+00:00,Cisco-IOS-XR-wdsysmon-fd-oper:system-monitoring/cpu-utilization,spine2,,,0/0/CPU0,4,4,4

2020-02-05 01:56:10.763000+00:00,Cisco-IOS-XR-wdsysmon-fd-oper:system-monitoring/cpu-utilization,spine2,,,0/RP0/CPU0,4,4,5

2020-02-05 01:56:10.969000+00:00,Cisco-IOS-XR-wdsysmon-fd-oper:system-monitoring/cpu-utilization,spine2,,,0/0/CPU0,4,4,4

2020-02-05 01:56:16.645000+00:00,Cisco-IOS-XR-wdsysmon-fd-oper:system-monitoring/cpu-utilization,spine2,,,0/RP0/CPU0,4,4,5

2020-02-05 01:56:16.852000+00:00,Cisco-IOS-XR-wdsysmon-fd-oper:system-monitoring/cpu-utilization,spine2,,,0/0/CPU0,4,4,4

2020-02-05 01:56:20.771000+00:00,Cisco-IOS-XR-wdsysmon-fd-oper:system-monitoring/cpu-utilization,spine2,,,0/RP0/CPU0,4,4,5

2020-02-05 01:56:20.978000+00:00,Cisco-IOS-XR-wdsysmon-fd-oper:system-monitoring/cpu-utilization,spine2,,,0/0/CPU0,4,4,4

2020-02-05 01:56:26.650000+00:00,Cisco-IOS-XR-wdsysmon-fd-oper:system-monitoring/cpu-utilization,spine2,,,0/RP0/CPU0,4,4,5

2020-02-05 01:56:26.855000+00:00,Cisco-IOS-XR-wdsysmon-fd-oper:system-monitoring/cpu-utilization,spine2,,,0/0/CPU0,4,4,4

2020-02-05 01:56:30.767000+00:00,Cisco-IOS-XR-wdsysmon-fd-oper:system-monitoring/cpu-utilization,spine2,,,0/RP0/CPU0,4,4,5

2020-02-05 01:56:30.973000+00:00,Cisco-IOS-XR-wdsysmon-fd-oper:system-monitoring/cpu-utilization,spine2,,,0/0/CPU0,4,4,4

2020-02-05 01:56:36.669000+00:00,Cisco-IOS-XR-wdsysmon-fd-oper:system-monitoring/cpu-utilization,spine2,,,0/RP0/CPU0,4,4,5

2020-02-05 01:56:36.876000+00:00,Cisco-IOS-XR-wdsysmon-fd-oper:system-monitoring/cpu-utilization,spine2,,,0/0/CPU0,4,4,4

2020-02-05 01:56:40.775000+00:00,Cisco-IOS-XR-wdsysmon-fd-oper:system-monitoring/cpu-utilization,spine2,,,0/RP0/CPU0,4,4,5

2020-02-05 01:56:40.981000+00:00,Cisco-IOS-XR-wdsysmon-fd-oper:system-monitoring/cpu-utilization,spine2,,,0/0/CPU0,4,4,4

2020-02-05 01:56:46.652000+00:00,Cisco-IOS-XR-wdsysmon-fd-oper:system-monitoring/cpu-utilization,spine2,,,0/RP0/CPU0,4,4,5

2020-02-05 01:56:46.858000+00:00,Cisco-IOS-XR-wdsysmon-fd-oper:system-monitoring/cpu-utilization,spine2,,,0/0/CPU0,4,4,4

2020-02-05 01:56:50.766000+00:00,Cisco-IOS-XR-wdsysmon-fd-oper:system-monitoring/cpu-utilization,spine2,,,0/RP0/CPU0,4,4,5

2020-02-05 01:56:50.972000+00:00,Cisco-IOS-XR-wdsysmon-fd-oper:system-monitoring/cpu-utilization,spine2,,,0/0/CPU0,4,4,4

2020-02-05 01:56:56.656000+00:00,Cisco-IOS-XR-wdsysmon-fd-oper:system-monitoring/cpu-utilization,spine2,,,0/RP0/CPU0,4,4,5

2020-02-05 01:56:56.861000+00:00,Cisco-IOS-XR-wdsysmon-fd-oper:system-monitoring/cpu-utilization,spine2,,,0/0/CPU0,4,4,4

2020-02-05 01:57:00.772000+00:00,Cisco-IOS-XR-wdsysmon-fd-oper:system-monitoring/cpu-utilization,spine2,,,0/RP0/CPU0,4,4,5

2020-02-05 01:57:00.977000+00:00,Cisco-IOS-XR-wdsysmon-fd-oper:system-monitoring/cpu-utilization,spine2,,,0/0/CPU0,4,4,4

2020-02-05 01:57:06.791000+00:00,Cisco-IOS-XR-wdsysmon-fd-oper:system-monitoring/cpu-utilization,spine2,,,0/RP0/CPU0,4,4,5

2020-02-05 01:57:06.996000+00:00,Cisco-IOS-XR-wdsysmon-fd-oper:system-monitoring/cpu-utilization,spine2,,,0/0/CPU0,4,4,4

2020-02-05 01:57:10.770000+00:00,Cisco-IOS-XR-wdsysmon-fd-oper:system-monitoring/cpu-utilization,spine2,,,0/RP0/CPU0,4,4,5

2020-02-05 01:57:10.975000+00:00,Cisco-IOS-XR-wdsysmon-fd-oper:system-monitoring/cpu-utilization,spine2,,,0/0/CPU0,4,4,4

2020-02-05 01:57:16.670000+00:00,Cisco-IOS-XR-wdsysmon-fd-oper:system-monitoring/cpu-utilization,spine2,,,0/RP0/CPU0,4,4,5

2020-02-05 01:57:16.875000+00:00,Cisco-IOS-XR-wdsysmon-fd-oper:system-monitoring/cpu-utilization,spine2,,,0/0/CPU0,4,4,4

2020-02-05 01:57:20.765000+00:00,Cisco-IOS-XR-wdsysmon-fd-oper:system-monitoring/cpu-utilization,spine2,,,0/RP0/CPU0,4,4,5

2020-02-05 01:57:20.969000+00:00,Cisco-IOS-XR-wdsysmon-fd-oper:system-monitoring/cpu-utilization,spine2,,,0/0/CPU0,4,4,4

2020-02-05 01:57:26.656000+00:00,Cisco-IOS-XR-wdsysmon-fd-oper:system-monitoring/cpu-utilization,spine2,,,0/RP0/CPU0,4,4,5

2020-02-05 01:57:26.860000+00:00,Cisco-IOS-XR-wdsysmon-fd-oper:system-monitoring/cpu-utilization,spine2,,,0/0/CPU0,4,4,4

2020-02-05 01:57:30.776000+00:00,Cisco-IOS-XR-wdsysmon-fd-oper:system-monitoring/cpu-utilization,spine2,,,0/RP0/CPU0,4,4,5

2020-02-05 01:57:30.982000+00:00,Cisco-IOS-XR-wdsysmon-fd-oper:system-monitoring/cpu-utilization,spine2,,,0/0/CPU0,4,4,4

2020-02-05 01:57:36.667000+00:00,Cisco-IOS-XR-wdsysmon-fd-oper:system-monitoring/cpu-utilization,spine2,,,0/RP0/CPU0,4,4,4

2020-02-05 01:57:36.880000+00:00,Cisco-IOS-XR-wdsysmon-fd-oper:system-monitoring/cpu-utilization,spine2,,,0/0/CPU0,4,4,4

2020-02-05 01:57:40.768000+00:00,Cisco-IOS-XR-wdsysmon-fd-oper:system-monitoring/cpu-utilization,spine2,,,0/RP0/CPU0,4,4,4

2020-02-05 01:57:40.975000+00:00,Cisco-IOS-XR-wdsysmon-fd-oper:system-monitoring/cpu-utilization,spine2,,,0/0/CPU0,4,4,4

2020-02-05 01:57:46.655000+00:00,Cisco-IOS-XR-wdsysmon-fd-oper:system-monitoring/cpu-utilization,spine2,,,0/RP0/CPU0,4,4,4

2020-02-05 01:57:46.861000+00:00,Cisco-IOS-XR-wdsysmon-fd-oper:system-monitoring/cpu-utilization,spine2,,,0/0/CPU0,4,4,4

2020-02-05 01:57:50.777000+00:00,Cisco-IOS-XR-wdsysmon-fd-oper:system-monitoring/cpu-utilization,spine2,,,0/RP0/CPU0,4,4,4

2020-02-05 01:57:50.983000+00:00,Cisco-IOS-XR-wdsysmon-fd-oper:system-monitoring/cpu-utilization,spine2,,,0/0/CPU0,4,4,4

2020-02-05 01:57:56.695000+00:00,Cisco-IOS-XR-wdsysmon-fd-oper:system-monitoring/cpu-utilization,spine2,,,0/RP0/CPU0,4,4,4

2020-02-05 01:57:56.898000+00:00,Cisco-IOS-XR-wdsysmon-fd-oper:system-monitoring/cpu-utilization,spine2,,,0/0/CPU0,4,4,4

2020-02-05 01:58:00.768000+00:00,Cisco-IOS-XR-wdsysmon-fd-oper:system-monitoring/cpu-utilization,spine2,,,0/RP0/CPU0,4,4,4

2020-02-05 01:58:00.971000+00:00,Cisco-IOS-XR-wdsysmon-fd-oper:system-monitoring/cpu-utilization,spine2,,,0/0/CPU0,4,4,4

2020-02-05 01:58:06.690000+00:00,Cisco-IOS-XR-wdsysmon-fd-oper:system-monitoring/cpu-utilization,spine2,,,0/RP0/CPU0,4,4,4

2020-02-05 01:58:07.122000+00:00,Cisco-IOS-XR-wdsysmon-fd-oper:system-monitoring/cpu-utilization,spine2,,,0/0/CPU0,4,4,4

2020-02-05 01:58:10.777000+00:00,Cisco-IOS-XR-wdsysmon-fd-oper:system-monitoring/cpu-utilization,spine2,,,0/RP0/CPU0,4,4,4

2020-02-05 01:58:10.982000+00:00,Cisco-IOS-XR-wdsysmon-fd-oper:system-monitoring/cpu-utilization,spine2,,,0/0/CPU0,4,4,4

2020-02-05 01:58:16.647000+00:00,Cisco-IOS-XR-wdsysmon-fd-oper:system-monitoring/cpu-utilization,spine2,,,0/RP0/CPU0,4,4,4

2020-02-05 01:58:16.854000+00:00,Cisco-IOS-XR-wdsysmon-fd-oper:system-monitoring/cpu-utilization,spine2,,,0/0/CPU0,4,4,4

2020-02-05 01:58:20.772000+00:00,Cisco-IOS-XR-wdsysmon-fd-oper:system-monitoring/cpu-utilization,spine2,,,0/RP0/CPU0,4,4,4

2020-02-05 01:58:20.978000+00:00,Cisco-IOS-XR-wdsysmon-fd-oper:system-monitoring/cpu-utilization,spine2,,,0/0/CPU0,4,4,4

2020-02-05 01:58:26.659000+00:00,Cisco-IOS-XR-wdsysmon-fd-oper:system-monitoring/cpu-utilization,spine2,,,0/RP0/CPU0,4,4,4

2020-02-05 01:58:26.866000+00:00,Cisco-IOS-XR-wdsysmon-fd-oper:system-monitoring/cpu-utilization,spine2,,,0/0/CPU0,4,4,4

2020-02-05 01:58:30.777000+00:00,Cisco-IOS-XR-wdsysmon-fd-oper:system-monitoring/cpu-utilization,spine2,,,0/RP0/CPU0,4,4,4

2020-02-05 01:58:30.983000+00:00,Cisco-IOS-XR-wdsysmon-fd-oper:system-monitoring/cpu-utilization,spine2,,,0/0/CPU0,4,4,4

2020-02-05 01:58:36.667000+00:00,Cisco-IOS-XR-wdsysmon-fd-oper:system-monitoring/cpu-utilization,spine2,,,0/RP0/CPU0,4,4,4

2020-02-05 01:58:36.872000+00:00,Cisco-IOS-XR-wdsysmon-fd-oper:system-monitoring/cpu-utilization,spine2,,,0/0/CPU0,4,4,4

2020-02-05 01:58:40.775000+00:00,Cisco-IOS-XR-wdsysmon-fd-oper:system-monitoring/cpu-utilization,spine2,,,0/RP0/CPU0,4,4,4

2020-02-05 01:58:40.980000+00:00,Cisco-IOS-XR-wdsysmon-fd-oper:system-monitoring/cpu-utilization,spine2,,,0/0/CPU0,4,4,4

2020-02-05 01:58:46.660000+00:00,Cisco-IOS-XR-wdsysmon-fd-oper:system-monitoring/cpu-utilization,spine2,,,0/RP0/CPU0,4,4,4

2020-02-05 01:58:46.866000+00:00,Cisco-IOS-XR-wdsysmon-fd-oper:system-monitoring/cpu-utilization,spine2,,,0/0/CPU0,4,4,4

2020-02-05 01:58:50.777000+00:00,Cisco-IOS-XR-wdsysmon-fd-oper:system-monitoring/cpu-utilization,spine2,,,0/RP0/CPU0,4,4,4

2020-02-05 01:58:50.982000+00:00,Cisco-IOS-XR-wdsysmon-fd-oper:system-monitoring/cpu-utilization,spine2,,,0/0/CPU0,4,4,4

2020-02-05 01:58:56.650000+00:00,Cisco-IOS-XR-wdsysmon-fd-oper:system-monitoring/cpu-utilization,spine2,,,0/RP0/CPU0,4,4,4

2020-02-05 01:58:56.860000+00:00,Cisco-IOS-XR-wdsysmon-fd-oper:system-monitoring/cpu-utilization,spine2,,,0/0/CPU0,4,4,4

2020-02-05 01:59:00.768000+00:00,Cisco-IOS-XR-wdsysmon-fd-oper:system-monitoring/cpu-utilization,spine2,,,0/RP0/CPU0,4,4,4

2020-02-05 01:59:00.972000+00:00,Cisco-IOS-XR-wdsysmon-fd-oper:system-monitoring/cpu-utilization,spine2,,,0/0/CPU0,4,4,4

2020-02-05 01:59:06.683000+00:00,Cisco-IOS-XR-wdsysmon-fd-oper:system-monitoring/cpu-utilization,spine2,,,0/RP0/CPU0,4,4,4

2020-02-05 01:59:06.888000+00:00,Cisco-IOS-XR-wdsysmon-fd-oper:system-monitoring/cpu-utilization,spine2,,,0/0/CPU0,4,4,4

2020-02-05 01:59:10.769000+00:00,Cisco-IOS-XR-wdsysmon-fd-oper:system-monitoring/cpu-utilization,spine2,,,0/RP0/CPU0,4,4,4

2020-02-05 01:59:10.973000+00:00,Cisco-IOS-XR-wdsysmon-fd-oper:system-monitoring/cpu-utilization,spine2,,,0/0/CPU0,4,4,4

2020-02-05 01:59:16.649000+00:00,Cisco-IOS-XR-wdsysmon-fd-oper:system-monitoring/cpu-utilization,spine2,,,0/RP0/CPU0,4,4,4

2020-02-05 01:59:16.856000+00:00,Cisco-IOS-XR-wdsysmon-fd-oper:system-monitoring/cpu-utilization,spine2,,,0/0/CPU0,4,4,4

2020-02-05 01:59:20.775000+00:00,Cisco-IOS-XR-wdsysmon-fd-oper:system-monitoring/cpu-utilization,spine2,,,0/RP0/CPU0,4,4,4

2020-02-05 01:59:20.981000+00:00,Cisco-IOS-XR-wdsysmon-fd-oper:system-monitoring/cpu-utilization,spine2,,,0/0/CPU0,4,4,4

2020-02-05 01:59:26.665000+00:00,Cisco-IOS-XR-wdsysmon-fd-oper:system-monitoring/cpu-utilization,spine2,,,0/RP0/CPU0,4,4,4

2020-02-05 01:59:26.872000+00:00,Cisco-IOS-XR-wdsysmon-fd-oper:system-monitoring/cpu-utilization,spine2,,,0/0/CPU0,4,4,4

2020-02-05 01:59:30.767000+00:00,Cisco-IOS-XR-wdsysmon-fd-oper:system-monitoring/cpu-utilization,spine2,,,0/RP0/CPU0,4,4,4

2020-02-05 01:59:30.973000+00:00,Cisco-IOS-XR-wdsysmon-fd-oper:system-monitoring/cpu-utilization,spine2,,,0/0/CPU0,4,4,4

2020-02-05 01:59:36.661000+00:00,Cisco-IOS-XR-wdsysmon-fd-oper:system-monitoring/cpu-utilization,spine2,,,0/RP0/CPU0,4,4,4

2020-02-05 01:59:36.868000+00:00,Cisco-IOS-XR-wdsysmon-fd-oper:system-monitoring/cpu-utilization,spine2,,,0/0/CPU0,4,4,4

2020-02-05 01:59:40.776000+00:00,Cisco-IOS-XR-wdsysmon-fd-oper:system-monitoring/cpu-utilization,spine2,,,0/RP0/CPU0,4,4,4

2020-02-05 01:59:40.983000+00:00,Cisco-IOS-XR-wdsysmon-fd-oper:system-monitoring/cpu-utilization,spine2,,,0/0/CPU0,4,4,4

2020-02-05 01:59:46.692000+00:00,Cisco-IOS-XR-wdsysmon-fd-oper:system-monitoring/cpu-utilization,spine2,,,0/RP0/CPU0,4,4,4

2020-02-05 01:59:46.896000+00:00,Cisco-IOS-XR-wdsysmon-fd-oper:system-monitoring/cpu-utilization,spine2,,,0/0/CPU0,4,4,4

2020-02-05 01:59:50.773000+00:00,Cisco-IOS-XR-wdsysmon-fd-oper:system-monitoring/cpu-utilization,spine2,,,0/RP0/CPU0,4,4,4

2020-02-05 01:59:50.977000+00:00,Cisco-IOS-XR-wdsysmon-fd-oper:system-monitoring/cpu-utilization,spine2,,,0/0/CPU0,4,4,4

2020-02-05 01:59:56.661000+00:00,Cisco-IOS-XR-wdsysmon-fd-oper:system-monitoring/cpu-utilization,spine2,,,0/RP0/CPU0,4,4,4

2020-02-05 01:59:56.865000+00:00,Cisco-IOS-XR-wdsysmon-fd-oper:system-monitoring/cpu-utilization,spine2,,,0/0/CPU0,4,4,4

2020-02-05 02:00:00.768000+00:00,Cisco-IOS-XR-wdsysmon-fd-oper:system-monitoring/cpu-utilization,spine2,,,0/RP0/CPU0,4,4,4

2020-02-05 02:00:00.973000+00:00,Cisco-IOS-XR-wdsysmon-fd-oper:system-monitoring/cpu-utilization,spine2,,,0/0/CPU0,4,4,4

2020-02-05 02:00:06.668000+00:00,Cisco-IOS-XR-wdsysmon-fd-oper:system-monitoring/cpu-utilization,spine2,,,0/RP0/CPU0,4,4,4

2020-02-05 02:00:06.873000+00:00,Cisco-IOS-XR-wdsysmon-fd-oper:system-monitoring/cpu-utilization,spine2,,,0/0/CPU0,4,4,4

2020-02-05 02:00:10.772000+00:00,Cisco-IOS-XR-wdsysmon-fd-oper:system-monitoring/cpu-utilization,spine2,,,0/RP0/CPU0,4,4,4

2020-02-05 02:00:10.977000+00:00,Cisco-IOS-XR-wdsysmon-fd-oper:system-monitoring/cpu-utilization,spine2,,,0/0/CPU0,4,4,4

2020-02-05 02:00:16.663000+00:00,Cisco-IOS-XR-wdsysmon-fd-oper:system-monitoring/cpu-utilization,spine2,,,0/RP0/CPU0,4,4,4

2020-02-05 02:00:16.867000+00:00,Cisco-IOS-XR-wdsysmon-fd-oper:system-monitoring/cpu-utilization,spine2,,,0/0/CPU0,4,4,4

2020-02-05 02:00:20.769000+00:00,Cisco-IOS-XR-wdsysmon-fd-oper:system-monitoring/cpu-utilization,spine2,,,0/RP0/CPU0,4,4,4

2020-02-05 02:00:20.973000+00:00,Cisco-IOS-XR-wdsysmon-fd-oper:system-monitoring/cpu-utilization,spine2,,,0/0/CPU0,4,4,4

2020-02-05 02:00:26.643000+00:00,Cisco-IOS-XR-wdsysmon-fd-oper:system-monitoring/cpu-utilization,spine2,,,0/RP0/CPU0,4,4,4

2020-02-05 02:00:26.847000+00:00,Cisco-IOS-XR-wdsysmon-fd-oper:system-monitoring/cpu-utilization,spine2,,,0/0/CPU0,4,4,4

2020-02-05 02:00:30.771000+00:00,Cisco-IOS-XR-wdsysmon-fd-oper:system-monitoring/cpu-utilization,spine2,,,0/RP0/CPU0,4,4,4

2020-02-05 02:00:30.974000+00:00,Cisco-IOS-XR-wdsysmon-fd-oper:system-monitoring/cpu-utilization,spine2,,,0/0/CPU0,4,4,4

2020-02-05 02:00:36.667000+00:00,Cisco-IOS-XR-wdsysmon-fd-oper:system-monitoring/cpu-utilization,spine2,,,0/RP0/CPU0,4,4,4

2020-02-05 02:00:36.874000+00:00,Cisco-IOS-XR-wdsysmon-fd-oper:system-monitoring/cpu-utilization,spine2,,,0/0/CPU0,4,4,4

2020-02-05 02:00:40.774000+00:00,Cisco-IOS-XR-wdsysmon-fd-oper:system-monitoring/cpu-utilization,spine2,,,0/RP0/CPU0,4,4,4

2020-02-05 02:00:40.978000+00:00,Cisco-IOS-XR-wdsysmon-fd-oper:system-monitoring/cpu-utilization,spine2,,,0/0/CPU0,4,4,4

2020-02-05 02:00:46.647000+00:00,Cisco-IOS-XR-wdsysmon-fd-oper:system-monitoring/cpu-utilization,spine2,,,0/RP0/CPU0,4,4,4

2020-02-05 02:00:46.851000+00:00,Cisco-IOS-XR-wdsysmon-fd-oper:system-monitoring/cpu-utilization,spine2,,,0/0/CPU0,4,4,4

2020-02-05 02:00:50.776000+00:00,Cisco-IOS-XR-wdsysmon-fd-oper:system-monitoring/cpu-utilization,spine2,,,0/RP0/CPU0,4,4,4

2020-02-05 02:00:50.981000+00:00,Cisco-IOS-XR-wdsysmon-fd-oper:system-monitoring/cpu-utilization,spine2,,,0/0/CPU0,4,4,4

2020-02-05 02:00:56.660000+00:00,Cisco-IOS-XR-wdsysmon-fd-oper:system-monitoring/cpu-utilization,spine2,,,0/RP0/CPU0,4,4,4

2020-02-05 02:00:56.864000+00:00,Cisco-IOS-XR-wdsysmon-fd-oper:system-monitoring/cpu-utilization,spine2,,,0/0/CPU0,4,4,4

2020-02-05 02:01:00.769000+00:00,Cisco-IOS-XR-wdsysmon-fd-oper:system-monitoring/cpu-utilization,spine2,,,0/RP0/CPU0,4,4,4

2020-02-05 02:01:00.973000+00:00,Cisco-IOS-XR-wdsysmon-fd-oper:system-monitoring/cpu-utilization,spine2,,,0/0/CPU0,4,4,4

2020-02-05 02:01:06.674000+00:00,Cisco-IOS-XR-wdsysmon-fd-oper:system-monitoring/cpu-utilization,spine2,,,0/RP0/CPU0,4,4,4

2020-02-05 02:01:06.880000+00:00,Cisco-IOS-XR-wdsysmon-fd-oper:system-monitoring/cpu-utilization,spine2,,,0/0/CPU0,4,4,4

2020-02-05 02:01:10.780000+00:00,Cisco-IOS-XR-wdsysmon-fd-oper:system-monitoring/cpu-utilization,spine2,,,0/RP0/CPU0,4,4,4

2020-02-05 02:01:10.985000+00:00,Cisco-IOS-XR-wdsysmon-fd-oper:system-monitoring/cpu-utilization,spine2,,,0/0/CPU0,4,4,4

2020-02-05 02:01:16.665000+00:00,Cisco-IOS-XR-wdsysmon-fd-oper:system-monitoring/cpu-utilization,spine2,,,0/RP0/CPU0,4,4,4

2020-02-05 02:01:16.871000+00:00,Cisco-IOS-XR-wdsysmon-fd-oper:system-monitoring/cpu-utilization,spine2,,,0/0/CPU0,4,4,4

2020-02-05 02:01:20.772000+00:00,Cisco-IOS-XR-wdsysmon-fd-oper:system-monitoring/cpu-utilization,spine2,,,0/RP0/CPU0,4,4,4

2020-02-05 02:01:20.978000+00:00,Cisco-IOS-XR-wdsysmon-fd-oper:system-monitoring/cpu-utilization,spine2,,,0/0/CPU0,4,4,4

2020-02-05 02:01:26.660000+00:00,Cisco-IOS-XR-wdsysmon-fd-oper:system-monitoring/cpu-utilization,spine2,,,0/RP0/CPU0,4,4,4

2020-02-05 02:01:26.866000+00:00,Cisco-IOS-XR-wdsysmon-fd-oper:system-monitoring/cpu-utilization,spine2,,,0/0/CPU0,4,4,4

2020-02-05 02:01:30.781000+00:00,Cisco-IOS-XR-wdsysmon-fd-oper:system-monitoring/cpu-utilization,spine2,,,0/RP0/CPU0,4,4,4

2020-02-05 02:01:30.988000+00:00,Cisco-IOS-XR-wdsysmon-fd-oper:system-monitoring/cpu-utilization,spine2,,,0/0/CPU0,4,4,4

2020-02-05 02:01:36.724000+00:00,Cisco-IOS-XR-wdsysmon-fd-oper:system-monitoring/cpu-utilization,spine2,,,0/RP0/CPU0,4,4,4

2020-02-05 02:01:36.930000+00:00,Cisco-IOS-XR-wdsysmon-fd-oper:system-monitoring/cpu-utilization,spine2,,,0/0/CPU0,4,4,4

2020-02-05 02:01:40.772000+00:00,Cisco-IOS-XR-wdsysmon-fd-oper:system-monitoring/cpu-utilization,spine2,,,0/RP0/CPU0,4,4,4

2020-02-05 02:01:40.979000+00:00,Cisco-IOS-XR-wdsysmon-fd-oper:system-monitoring/cpu-utilization,spine2,,,0/0/CPU0,4,4,4

2020-02-05 02:01:46.656000+00:00,Cisco-IOS-XR-wdsysmon-fd-oper:system-monitoring/cpu-utilization,spine2,,,0/RP0/CPU0,4,4,4

2020-02-05 02:01:46.862000+00:00,Cisco-IOS-XR-wdsysmon-fd-oper:system-monitoring/cpu-utilization,spine2,,,0/0/CPU0,4,4,4

2020-02-05 02:01:50.779000+00:00,Cisco-IOS-XR-wdsysmon-fd-oper:system-monitoring/cpu-utilization,spine2,,,0/RP0/CPU0,4,4,4

2020-02-05 02:01:50.985000+00:00,Cisco-IOS-XR-wdsysmon-fd-oper:system-monitoring/cpu-utilization,spine2,,,0/0/CPU0,4,4,4

2020-02-05 02:01:56.650000+00:00,Cisco-IOS-XR-wdsysmon-fd-oper:system-monitoring/cpu-utilization,spine2,,,0/RP0/CPU0,4,4,4

2020-02-05 02:01:56.856000+00:00,Cisco-IOS-XR-wdsysmon-fd-oper:system-monitoring/cpu-utilization,spine2,,,0/0/CPU0,4,4,4

2020-02-05 02:02:00.770000+00:00,Cisco-IOS-XR-wdsysmon-fd-oper:system-monitoring/cpu-utilization,spine2,,,0/RP0/CPU0,4,4,4

2020-02-05 02:02:00.977000+00:00,Cisco-IOS-XR-wdsysmon-fd-oper:system-monitoring/cpu-utilization,spine2,,,0/0/CPU0,4,4,4

2020-02-05 02:02:06.669000+00:00,Cisco-IOS-XR-wdsysmon-fd-oper:system-monitoring/cpu-utilization,spine2,,,0/RP0/CPU0,4,4,4

2020-02-05 02:02:06.875000+00:00,Cisco-IOS-XR-wdsysmon-fd-oper:system-monitoring/cpu-utilization,spine2,,,0/0/CPU0,4,4,4

2020-02-05 02:02:10.781000+00:00,Cisco-IOS-XR-wdsysmon-fd-oper:system-monitoring/cpu-utilization,spine2,,,0/RP0/CPU0,4,4,4

2020-02-05 02:02:10.987000+00:00,Cisco-IOS-XR-wdsysmon-fd-oper:system-monitoring/cpu-utilization,spine2,,,0/0/CPU0,4,4,4

2020-02-05 02:02:16.661000+00:00,Cisco-IOS-XR-wdsysmon-fd-oper:system-monitoring/cpu-utilization,spine2,,,0/RP0/CPU0,4,4,4

2020-02-05 02:02:16.867000+00:00,Cisco-IOS-XR-wdsysmon-fd-oper:system-monitoring/cpu-utilization,spine2,,,0/0/CPU0,4,4,4

2020-02-05 02:02:20.771000+00:00,Cisco-IOS-XR-wdsysmon-fd-oper:system-monitoring/cpu-utilization,spine2,,,0/RP0/CPU0,4,4,4

2020-02-05 02:02:20.978000+00:00,Cisco-IOS-XR-wdsysmon-fd-oper:system-monitoring/cpu-utilization,spine2,,,0/0/CPU0,4,4,4

2020-02-05 02:02:26.655000+00:00,Cisco-IOS-XR-wdsysmon-fd-oper:system-monitoring/cpu-utilization,spine2,,,0/RP0/CPU0,4,4,4

2020-02-05 02:02:26.861000+00:00,Cisco-IOS-XR-wdsysmon-fd-oper:system-monitoring/cpu-utilization,spine2,,,0/0/CPU0,4,4,4

2020-02-05 02:02:30.781000+00:00,Cisco-IOS-XR-wdsysmon-fd-oper:system-monitoring/cpu-utilization,spine2,,,0/RP0/CPU0,4,4,4

2020-02-05 02:02:30.987000+00:00,Cisco-IOS-XR-wdsysmon-fd-oper:system-monitoring/cpu-utilization,spine2,,,0/0/CPU0,4,4,4

2020-02-05 02:02:36.667000+00:00,Cisco-IOS-XR-wdsysmon-fd-oper:system-monitoring/cpu-utilization,spine2,,,0/RP0/CPU0,4,4,4

2020-02-05 02:02:36.872000+00:00,Cisco-IOS-XR-wdsysmon-fd-oper:system-monitoring/cpu-utilization,spine2,,,0/0/CPU0,4,4,4

2020-02-05 02:02:40.775000+00:00,Cisco-IOS-XR-wdsysmon-fd-oper:system-monitoring/cpu-utilization,spine2,,,0/RP0/CPU0,4,4,4

2020-02-05 02:02:40.981000+00:00,Cisco-IOS-XR-wdsysmon-fd-oper:system-monitoring/cpu-utilization,spine2,,,0/0/CPU0,4,4,4

2020-02-05 02:02:46.662000+00:00,Cisco-IOS-XR-wdsysmon-fd-oper:system-monitoring/cpu-utilization,spine2,,,0/RP0/CPU0,4,4,4

2020-02-05 02:02:46.869000+00:00,Cisco-IOS-XR-wdsysmon-fd-oper:system-monitoring/cpu-utilization,spine2,,,0/0/CPU0,4,4,4

2020-02-05 02:02:50.770000+00:00,Cisco-IOS-XR-wdsysmon-fd-oper:system-monitoring/cpu-utilization,spine2,,,0/RP0/CPU0,4,4,4

2020-02-05 02:02:50.977000+00:00,Cisco-IOS-XR-wdsysmon-fd-oper:system-monitoring/cpu-utilization,spine2,,,0/0/CPU0,4,4,4

2020-02-05 02:02:56.659000+00:00,Cisco-IOS-XR-wdsysmon-fd-oper:system-monitoring/cpu-utilization,spine2,,,0/RP0/CPU0,4,4,4

2020-02-05 02:02:56.866000+00:00,Cisco-IOS-XR-wdsysmon-fd-oper:system-monitoring/cpu-utilization,spine2,,,0/0/CPU0,4,4,4

2020-02-05 02:03:00.774000+00:00,Cisco-IOS-XR-wdsysmon-fd-oper:system-monitoring/cpu-utilization,spine2,,,0/RP0/CPU0,4,4,4

2020-02-05 02:03:00.979000+00:00,Cisco-IOS-XR-wdsysmon-fd-oper:system-monitoring/cpu-utilization,spine2,,,0/0/CPU0,4,4,4

2020-02-05 02:03:06.669000+00:00,Cisco-IOS-XR-wdsysmon-fd-oper:system-monitoring/cpu-utilization,spine2,,,0/RP0/CPU0,4,4,4

2020-02-05 02:03:06.874000+00:00,Cisco-IOS-XR-wdsysmon-fd-oper:system-monitoring/cpu-utilization,spine2,,,0/0/CPU0,4,4,4

2020-02-05 02:03:10.772000+00:00,Cisco-IOS-XR-wdsysmon-fd-oper:system-monitoring/cpu-utilization,spine2,,,0/RP0/CPU0,4,4,4

2020-02-05 02:03:10.977000+00:00,Cisco-IOS-XR-wdsysmon-fd-oper:system-monitoring/cpu-utilization,spine2,,,0/0/CPU0,4,4,4

2020-02-05 02:03:16.647000+00:00,Cisco-IOS-XR-wdsysmon-fd-oper:system-monitoring/cpu-utilization,spine2,,,0/RP0/CPU0,4,4,4

2020-02-05 02:03:16.860000+00:00,Cisco-IOS-XR-wdsysmon-fd-oper:system-monitoring/cpu-utilization,spine2,,,0/0/CPU0,4,4,4

2020-02-05 02:03:20.777000+00:00,Cisco-IOS-XR-wdsysmon-fd-oper:system-monitoring/cpu-utilization,spine2,,,0/RP0/CPU0,4,4,4

2020-02-05 02:03:20.981000+00:00,Cisco-IOS-XR-wdsysmon-fd-oper:system-monitoring/cpu-utilization,spine2,,,0/0/CPU0,4,4,4

2020-02-05 02:03:26.686000+00:00,Cisco-IOS-XR-wdsysmon-fd-oper:system-monitoring/cpu-utilization,spine2,,,0/RP0/CPU0,4,4,4

2020-02-05 02:03:26.890000+00:00,Cisco-IOS-XR-wdsysmon-fd-oper:system-monitoring/cpu-utilization,spine2,,,0/0/CPU0,4,4,4

2020-02-05 02:03:30.777000+00:00,Cisco-IOS-XR-wdsysmon-fd-oper:system-monitoring/cpu-utilization,spine2,,,0/RP0/CPU0,4,4,4

2020-02-05 02:03:30.981000+00:00,Cisco-IOS-XR-wdsysmon-fd-oper:system-monitoring/cpu-utilization,spine2,,,0/0/CPU0,4,4,4

2020-02-05 02:03:36.844000+00:00,Cisco-IOS-XR-wdsysmon-fd-oper:system-monitoring/cpu-utilization,spine2,,,0/RP0/CPU0,4,4,5

2020-02-05 02:03:37.048000+00:00,Cisco-IOS-XR-wdsysmon-fd-oper:system-monitoring/cpu-utilization,spine2,,,0/0/CPU0,4,4,4

2020-02-05 02:03:40.784000+00:00,Cisco-IOS-XR-wdsysmon-fd-oper:system-monitoring/cpu-utilization,spine2,,,0/RP0/CPU0,4,4,5

2020-02-05 02:03:40.988000+00:00,Cisco-IOS-XR-wdsysmon-fd-oper:system-monitoring/cpu-utilization,spine2,,,0/0/CPU0,4,4,4

2020-02-05 02:03:46.644000+00:00,Cisco-IOS-XR-wdsysmon-fd-oper:system-monitoring/cpu-utilization,spine2,,,0/RP0/CPU0,4,4,5

2020-02-05 02:03:46.849000+00:00,Cisco-IOS-XR-wdsysmon-fd-oper:system-monitoring/cpu-utilization,spine2,,,0/0/CPU0,4,4,4

2020-02-05 02:03:50.778000+00:00,Cisco-IOS-XR-wdsysmon-fd-oper:system-monitoring/cpu-utilization,spine2,,,0/RP0/CPU0,4,4,5

2020-02-05 02:03:50.983000+00:00,Cisco-IOS-XR-wdsysmon-fd-oper:system-monitoring/cpu-utilization,spine2,,,0/0/CPU0,4,4,4

2020-02-05 02:03:56.672000+00:00,Cisco-IOS-XR-wdsysmon-fd-oper:system-monitoring/cpu-utilization,spine2,,,0/RP0/CPU0,4,4,5

2020-02-05 02:03:56.877000+00:00,Cisco-IOS-XR-wdsysmon-fd-oper:system-monitoring/cpu-utilization,spine2,,,0/0/CPU0,4,4,4

2020-02-05 02:04:00.773000+00:00,Cisco-IOS-XR-wdsysmon-fd-oper:system-monitoring/cpu-utilization,spine2,,,0/RP0/CPU0,4,4,5

2020-02-05 02:04:00.981000+00:00,Cisco-IOS-XR-wdsysmon-fd-oper:system-monitoring/cpu-utilization,spine2,,,0/0/CPU0,4,4,4

2020-02-05 02:04:06.672000+00:00,Cisco-IOS-XR-wdsysmon-fd-oper:system-monitoring/cpu-utilization,spine2,,,0/RP0/CPU0,4,4,5

2020-02-05 02:04:06.879000+00:00,Cisco-IOS-XR-wdsysmon-fd-oper:system-monitoring/cpu-utilization,spine2,,,0/0/CPU0,4,4,4

2020-02-05 02:04:10.779000+00:00,Cisco-IOS-XR-wdsysmon-fd-oper:system-monitoring/cpu-utilization,spine2,,,0/RP0/CPU0,4,4,5

2020-02-05 02:04:11.076000+00:00,Cisco-IOS-XR-wdsysmon-fd-oper:system-monitoring/cpu-utilization,spine2,,,0/0/CPU0,4,4,4

2020-02-05 02:04:16.681000+00:00,Cisco-IOS-XR-wdsysmon-fd-oper:system-monitoring/cpu-utilization,spine2,,,0/RP0/CPU0,4,4,5

2020-02-05 02:04:16.886000+00:00,Cisco-IOS-XR-wdsysmon-fd-oper:system-monitoring/cpu-utilization,spine2,,,0/0/CPU0,4,4,4

2020-02-05 02:04:20.775000+00:00,Cisco-IOS-XR-wdsysmon-fd-oper:system-monitoring/cpu-utilization,spine2,,,0/RP0/CPU0,4,4,5

2020-02-05 02:04:20.981000+00:00,Cisco-IOS-XR-wdsysmon-fd-oper:system-monitoring/cpu-utilization,spine2,,,0/0/CPU0,4,4,4

2020-02-05 02:04:26.686000+00:00,Cisco-IOS-XR-wdsysmon-fd-oper:system-monitoring/cpu-utilization,spine2,,,0/RP0/CPU0,4,4,5

2020-02-05 02:04:26.892000+00:00,Cisco-IOS-XR-wdsysmon-fd-oper:system-monitoring/cpu-utilization,spine2,,,0/0/CPU0,4,4,4

2020-02-05 02:04:30.774000+00:00,Cisco-IOS-XR-wdsysmon-fd-oper:system-monitoring/cpu-utilization,spine2,,,0/RP0/CPU0,4,4,5

2020-02-05 02:04:30.980000+00:00,Cisco-IOS-XR-wdsysmon-fd-oper:system-monitoring/cpu-utilization,spine2,,,0/0/CPU0,4,4,4

2020-02-05 02:04:36.697000+00:00,Cisco-IOS-XR-wdsysmon-fd-oper:system-monitoring/cpu-utilization,spine2,,,0/RP0/CPU0,4,4,5

2020-02-05 02:04:36.904000+00:00,Cisco-IOS-XR-wdsysmon-fd-oper:system-monitoring/cpu-utilization,spine2,,,0/0/CPU0,4,4,4

2020-02-05 02:04:40.774000+00:00,Cisco-IOS-XR-wdsysmon-fd-oper:system-monitoring/cpu-utilization,spine2,,,0/RP0/CPU0,4,4,5

2020-02-05 02:04:40.982000+00:00,Cisco-IOS-XR-wdsysmon-fd-oper:system-monitoring/cpu-utilization,spine2,,,0/0/CPU0,4,4,4

2020-02-05 02:04:46.663000+00:00,Cisco-IOS-XR-wdsysmon-fd-oper:system-monitoring/cpu-utilization,spine2,,,0/RP0/CPU0,4,4,5

2020-02-05 02:04:46.869000+00:00,Cisco-IOS-XR-wdsysmon-fd-oper:system-monitoring/cpu-utilization,spine2,,,0/0/CPU0,4,4,4

2020-02-05 02:04:50.776000+00:00,Cisco-IOS-XR-wdsysmon-fd-oper:system-monitoring/cpu-utilization,spine2,,,0/RP0/CPU0,4,4,5

2020-02-05 02:04:50.983000+00:00,Cisco-IOS-XR-wdsysmon-fd-oper:system-monitoring/cpu-utilization,spine2,,,0/0/CPU0,4,4,4

2020-02-05 02:04:56.685000+00:00,Cisco-IOS-XR-wdsysmon-fd-oper:system-monitoring/cpu-utilization,spine2,,,0/RP0/CPU0,4,4,5

2020-02-05 02:04:56.892000+00:00,Cisco-IOS-XR-wdsysmon-fd-oper:system-monitoring/cpu-utilization,spine2,,,0/0/CPU0,4,4,4

2020-02-05 02:05:00.777000+00:00,Cisco-IOS-XR-wdsysmon-fd-oper:system-monitoring/cpu-utilization,spine2,,,0/RP0/CPU0,4,4,5

2020-02-05 02:05:00.985000+00:00,Cisco-IOS-XR-wdsysmon-fd-oper:system-monitoring/cpu-utilization,spine2,,,0/0/CPU0,4,4,4

2020-02-05 02:05:06.683000+00:00,Cisco-IOS-XR-wdsysmon-fd-oper:system-monitoring/cpu-utilization,spine2,,,0/RP0/CPU0,4,4,5

2020-02-05 02:05:06.891000+00:00,Cisco-IOS-XR-wdsysmon-fd-oper:system-monitoring/cpu-utilization,spine2,,,0/0/CPU0,4,4,4

2020-02-05 02:05:10.783000+00:00,Cisco-IOS-XR-wdsysmon-fd-oper:system-monitoring/cpu-utilization,spine2,,,0/RP0/CPU0,4,4,5

2020-02-05 02:05:10.991000+00:00,Cisco-IOS-XR-wdsysmon-fd-oper:system-monitoring/cpu-utilization,spine2,,,0/0/CPU0,4,4,4

2020-02-05 02:05:16.684000+00:00,Cisco-IOS-XR-wdsysmon-fd-oper:system-monitoring/cpu-utilization,spine2,,,0/RP0/CPU0,4,4,5

2020-02-05 02:05:16.892000+00:00,Cisco-IOS-XR-wdsysmon-fd-oper:system-monitoring/cpu-utilization,spine2,,,0/0/CPU0,4,4,4

2020-02-05 02:05:20.776000+00:00,Cisco-IOS-XR-wdsysmon-fd-oper:system-monitoring/cpu-utilization,spine2,,,0/RP0/CPU0,4,4,5

2020-02-05 02:05:20.982000+00:00,Cisco-IOS-XR-wdsysmon-fd-oper:system-monitoring/cpu-utilization,spine2,,,0/0/CPU0,4,4,4

2020-02-05 02:05:26.653000+00:00,Cisco-IOS-XR-wdsysmon-fd-oper:system-monitoring/cpu-utilization,spine2,,,0/RP0/CPU0,4,4,5

2020-02-05 02:05:26.860000+00:00,Cisco-IOS-XR-wdsysmon-fd-oper:system-monitoring/cpu-utilization,spine2,,,0/0/CPU0,4,4,4

2020-02-05 02:05:30.787000+00:00,Cisco-IOS-XR-wdsysmon-fd-oper:system-monitoring/cpu-utilization,spine2,,,0/RP0/CPU0,4,4,5

2020-02-05 02:05:30.993000+00:00,Cisco-IOS-XR-wdsysmon-fd-oper:system-monitoring/cpu-utilization,spine2,,,0/0/CPU0,4,4,4

2020-02-05 02:05:36.673000+00:00,Cisco-IOS-XR-wdsysmon-fd-oper:system-monitoring/cpu-utilization,spine2,,,0/RP0/CPU0,4,4,5

2020-02-05 02:05:36.879000+00:00,Cisco-IOS-XR-wdsysmon-fd-oper:system-monitoring/cpu-utilization,spine2,,,0/0/CPU0,4,4,4

2020-02-05 02:05:40.777000+00:00,Cisco-IOS-XR-wdsysmon-fd-oper:system-monitoring/cpu-utilization,spine2,,,0/RP0/CPU0,4,4,4

2020-02-05 02:05:40.983000+00:00,Cisco-IOS-XR-wdsysmon-fd-oper:system-monitoring/cpu-utilization,spine2,,,0/0/CPU0,4,4,4

2020-02-05 02:05:46.664000+00:00,Cisco-IOS-XR-wdsysmon-fd-oper:system-monitoring/cpu-utilization,spine2,,,0/RP0/CPU0,4,4,4

2020-02-05 02:05:46.872000+00:00,Cisco-IOS-XR-wdsysmon-fd-oper:system-monitoring/cpu-utilization,spine2,,,0/0/CPU0,4,4,4

2020-02-05 02:05:50.783000+00:00,Cisco-IOS-XR-wdsysmon-fd-oper:system-monitoring/cpu-utilization,spine2,,,0/RP0/CPU0,4,4,4

2020-02-05 02:05:50.990000+00:00,Cisco-IOS-XR-wdsysmon-fd-oper:system-monitoring/cpu-utilization,spine2,,,0/0/CPU0,4,4,4

2020-02-05 02:05:56.658000+00:00,Cisco-IOS-XR-wdsysmon-fd-oper:system-monitoring/cpu-utilization,spine2,,,0/RP0/CPU0,4,4,4

2020-02-05 02:05:56.865000+00:00,Cisco-IOS-XR-wdsysmon-fd-oper:system-monitoring/cpu-utilization,spine2,,,0/0/CPU0,4,4,4

2020-02-05 02:06:00.788000+00:00,Cisco-IOS-XR-wdsysmon-fd-oper:system-monitoring/cpu-utilization,spine2,,,0/RP0/CPU0,4,4,4

2020-02-05 02:06:00.996000+00:00,Cisco-IOS-XR-wdsysmon-fd-oper:system-monitoring/cpu-utilization,spine2,,,0/0/CPU0,4,4,4

2020-02-05 02:06:06.689000+00:00,Cisco-IOS-XR-wdsysmon-fd-oper:system-monitoring/cpu-utilization,spine2,,,0/RP0/CPU0,4,4,4

2020-02-05 02:06:06.896000+00:00,Cisco-IOS-XR-wdsysmon-fd-oper:system-monitoring/cpu-utilization,spine2,,,0/0/CPU0,4,4,4

2020-02-05 02:06:10.783000+00:00,Cisco-IOS-XR-wdsysmon-fd-oper:system-monitoring/cpu-utilization,spine2,,,0/RP0/CPU0,4,4,4

2020-02-05 02:06:10.991000+00:00,Cisco-IOS-XR-wdsysmon-fd-oper:system-monitoring/cpu-utilization,spine2,,,0/0/CPU0,4,4,4

2020-02-05 02:06:16.660000+00:00,Cisco-IOS-XR-wdsysmon-fd-oper:system-monitoring/cpu-utilization,spine2,,,0/RP0/CPU0,4,4,4

2020-02-05 02:06:16.868000+00:00,Cisco-IOS-XR-wdsysmon-fd-oper:system-monitoring/cpu-utilization,spine2,,,0/0/CPU0,4,4,4

2020-02-05 02:06:20.779000+00:00,Cisco-IOS-XR-wdsysmon-fd-oper:system-monitoring/cpu-utilization,spine2,,,0/RP0/CPU0,4,4,4

2020-02-05 02:06:20.987000+00:00,Cisco-IOS-XR-wdsysmon-fd-oper:system-monitoring/cpu-utilization,spine2,,,0/0/CPU0,4,4,4

2020-02-05 02:06:26.669000+00:00,Cisco-IOS-XR-wdsysmon-fd-oper:system-monitoring/cpu-utilization,spine2,,,0/RP0/CPU0,4,4,4

2020-02-05 02:06:26.877000+00:00,Cisco-IOS-XR-wdsysmon-fd-oper:system-monitoring/cpu-utilization,spine2,,,0/0/CPU0,4,4,4

2020-02-05 02:06:30.777000+00:00,Cisco-IOS-XR-wdsysmon-fd-oper:system-monitoring/cpu-utilization,spine2,,,0/RP0/CPU0,4,4,4

2020-02-05 02:06:30.985000+00:00,Cisco-IOS-XR-wdsysmon-fd-oper:system-monitoring/cpu-utilization,spine2,,,0/0/CPU0,4,4,4

2020-02-05 02:06:36.680000+00:00,Cisco-IOS-XR-wdsysmon-fd-oper:system-monitoring/cpu-utilization,spine2,,,0/RP0/CPU0,4,4,4

2020-02-05 02:06:36.886000+00:00,Cisco-IOS-XR-wdsysmon-fd-oper:system-monitoring/cpu-utilization,spine2,,,0/0/CPU0,4,4,4

2020-02-05 02:06:40.784000+00:00,Cisco-IOS-XR-wdsysmon-fd-oper:system-monitoring/cpu-utilization,spine2,,,0/RP0/CPU0,4,4,4

2020-02-05 02:06:40.990000+00:00,Cisco-IOS-XR-wdsysmon-fd-oper:system-monitoring/cpu-utilization,spine2,,,0/0/CPU0,4,4,4

2020-02-05 02:06:46.663000+00:00,Cisco-IOS-XR-wdsysmon-fd-oper:system-monitoring/cpu-utilization,spine2,,,0/RP0/CPU0,4,4,4

2020-02-05 02:06:46.869000+00:00,Cisco-IOS-XR-wdsysmon-fd-oper:system-monitoring/cpu-utilization,spine2,,,0/0/CPU0,4,4,4

2020-02-05 02:06:50.777000+00:00,Cisco-IOS-XR-wdsysmon-fd-oper:system-monitoring/cpu-utilization,spine2,,,0/RP0/CPU0,4,4,4

2020-02-05 02:06:50.982000+00:00,Cisco-IOS-XR-wdsysmon-fd-oper:system-monitoring/cpu-utilization,spine2,,,0/0/CPU0,4,4,4

2020-02-05 02:06:56.662000+00:00,Cisco-IOS-XR-wdsysmon-fd-oper:system-monitoring/cpu-utilization,spine2,,,0/RP0/CPU0,4,4,4

2020-02-05 02:06:56.877000+00:00,Cisco-IOS-XR-wdsysmon-fd-oper:system-monitoring/cpu-utilization,spine2,,,0/0/CPU0,4,4,4

2020-02-05 02:07:00.781000+00:00,Cisco-IOS-XR-wdsysmon-fd-oper:system-monitoring/cpu-utilization,spine2,,,0/RP0/CPU0,4,4,4

2020-02-05 02:07:00.988000+00:00,Cisco-IOS-XR-wdsysmon-fd-oper:system-monitoring/cpu-utilization,spine2,,,0/0/CPU0,4,4,4

2020-02-05 02:07:06.719000+00:00,Cisco-IOS-XR-wdsysmon-fd-oper:system-monitoring/cpu-utilization,spine2,,,0/RP0/CPU0,4,4,4

2020-02-05 02:07:06.924000+00:00,Cisco-IOS-XR-wdsysmon-fd-oper:system-monitoring/cpu-utilization,spine2,,,0/0/CPU0,4,4,4

2020-02-05 02:07:10.779000+00:00,Cisco-IOS-XR-wdsysmon-fd-oper:system-monitoring/cpu-utilization,spine2,,,0/RP0/CPU0,4,4,4

2020-02-05 02:07:10.984000+00:00,Cisco-IOS-XR-wdsysmon-fd-oper:system-monitoring/cpu-utilization,spine2,,,0/0/CPU0,4,4,4

2020-02-05 02:07:16.668000+00:00,Cisco-IOS-XR-wdsysmon-fd-oper:system-monitoring/cpu-utilization,spine2,,,0/RP0/CPU0,4,4,4

2020-02-05 02:07:16.874000+00:00,Cisco-IOS-XR-wdsysmon-fd-oper:system-monitoring/cpu-utilization,spine2,,,0/0/CPU0,4,4,4

2020-02-05 02:07:20.778000+00:00,Cisco-IOS-XR-wdsysmon-fd-oper:system-monitoring/cpu-utilization,spine2,,,0/RP0/CPU0,4,4,4

2020-02-05 02:07:20.986000+00:00,Cisco-IOS-XR-wdsysmon-fd-oper:system-monitoring/cpu-utilization,spine2,,,0/0/CPU0,4,4,4

2020-02-05 02:07:26.660000+00:00,Cisco-IOS-XR-wdsysmon-fd-oper:system-monitoring/cpu-utilization,spine2,,,0/RP0/CPU0,4,4,4

2020-02-05 02:07:26.867000+00:00,Cisco-IOS-XR-wdsysmon-fd-oper:system-monitoring/cpu-utilization,spine2,,,0/0/CPU0,4,4,4

2020-02-05 02:07:30.781000+00:00,Cisco-IOS-XR-wdsysmon-fd-oper:system-monitoring/cpu-utilization,spine2,,,0/RP0/CPU0,4,4,4

2020-02-05 02:07:30.988000+00:00,Cisco-IOS-XR-wdsysmon-fd-oper:system-monitoring/cpu-utilization,spine2,,,0/0/CPU0,4,4,4

2020-02-05 02:07:36.679000+00:00,Cisco-IOS-XR-wdsysmon-fd-oper:system-monitoring/cpu-utilization,spine2,,,0/RP0/CPU0,4,4,4

2020-02-05 02:07:36.885000+00:00,Cisco-IOS-XR-wdsysmon-fd-oper:system-monitoring/cpu-utilization,spine2,,,0/0/CPU0,4,4,4

2020-02-05 02:07:40.784000+00:00,Cisco-IOS-XR-wdsysmon-fd-oper:system-monitoring/cpu-utilization,spine2,,,0/RP0/CPU0,4,4,5

2020-02-05 02:07:40.991000+00:00,Cisco-IOS-XR-wdsysmon-fd-oper:system-monitoring/cpu-utilization,spine2,,,0/0/CPU0,4,4,4

2020-02-05 02:07:46.669000+00:00,Cisco-IOS-XR-wdsysmon-fd-oper:system-monitoring/cpu-utilization,spine2,,,0/RP0/CPU0,4,4,5

2020-02-05 02:07:46.877000+00:00,Cisco-IOS-XR-wdsysmon-fd-oper:system-monitoring/cpu-utilization,spine2,,,0/0/CPU0,4,4,4

2020-02-05 02:07:50.780000+00:00,Cisco-IOS-XR-wdsysmon-fd-oper:system-monitoring/cpu-utilization,spine2,,,0/RP0/CPU0,4,4,5

2020-02-05 02:07:50.987000+00:00,Cisco-IOS-XR-wdsysmon-fd-oper:system-monitoring/cpu-utilization,spine2,,,0/0/CPU0,4,4,4

2020-02-05 02:07:56.661000+00:00,Cisco-IOS-XR-wdsysmon-fd-oper:system-monitoring/cpu-utilization,spine2,,,0/RP0/CPU0,4,4,5

2020-02-05 02:07:56.869000+00:00,Cisco-IOS-XR-wdsysmon-fd-oper:system-monitoring/cpu-utilization,spine2,,,0/0/CPU0,4,4,4

2020-02-05 02:08:00.783000+00:00,Cisco-IOS-XR-wdsysmon-fd-oper:system-monitoring/cpu-utilization,spine2,,,0/RP0/CPU0,4,4,5

2020-02-05 02:08:00.991000+00:00,Cisco-IOS-XR-wdsysmon-fd-oper:system-monitoring/cpu-utilization,spine2,,,0/0/CPU0,4,4,4

2020-02-05 02:08:06.672000+00:00,Cisco-IOS-XR-wdsysmon-fd-oper:system-monitoring/cpu-utilization,spine2,,,0/RP0/CPU0,4,4,5

2020-02-05 02:08:06.878000+00:00,Cisco-IOS-XR-wdsysmon-fd-oper:system-monitoring/cpu-utilization,spine2,,,0/0/CPU0,4,4,4

2020-02-05 02:08:10.780000+00:00,Cisco-IOS-XR-wdsysmon-fd-oper:system-monitoring/cpu-utilization,spine2,,,0/RP0/CPU0,4,4,5

2020-02-05 02:08:10.988000+00:00,Cisco-IOS-XR-wdsysmon-fd-oper:system-monitoring/cpu-utilization,spine2,,,0/0/CPU0,4,4,4

2020-02-05 02:08:16.662000+00:00,Cisco-IOS-XR-wdsysmon-fd-oper:system-monitoring/cpu-utilization,spine2,,,0/RP0/CPU0,4,4,5

2020-02-05 02:08:16.867000+00:00,Cisco-IOS-XR-wdsysmon-fd-oper:system-monitoring/cpu-utilization,spine2,,,0/0/CPU0,4,4,4

2020-02-05 02:08:20.786000+00:00,Cisco-IOS-XR-wdsysmon-fd-oper:system-monitoring/cpu-utilization,spine2,,,0/RP0/CPU0,4,4,5

2020-02-05 02:08:20.992000+00:00,Cisco-IOS-XR-wdsysmon-fd-oper:system-monitoring/cpu-utilization,spine2,,,0/0/CPU0,4,4,4

2020-02-05 02:08:26.660000+00:00,Cisco-IOS-XR-wdsysmon-fd-oper:system-monitoring/cpu-utilization,spine2,,,0/RP0/CPU0,4,4,5

2020-02-05 02:08:26.866000+00:00,Cisco-IOS-XR-wdsysmon-fd-oper:system-monitoring/cpu-utilization,spine2,,,0/0/CPU0,4,4,4

2020-02-05 02:08:30.784000+00:00,Cisco-IOS-XR-wdsysmon-fd-oper:system-monitoring/cpu-utilization,spine2,,,0/RP0/CPU0,4,4,5

2020-02-05 02:08:30.991000+00:00,Cisco-IOS-XR-wdsysmon-fd-oper:system-monitoring/cpu-utilization,spine2,,,0/0/CPU0,4,4,4

2020-02-05 02:08:36.681000+00:00,Cisco-IOS-XR-wdsysmon-fd-oper:system-monitoring/cpu-utilization,spine2,,,0/RP0/CPU0,4,4,5

2020-02-05 02:08:36.888000+00:00,Cisco-IOS-XR-wdsysmon-fd-oper:system-monitoring/cpu-utilization,spine2,,,0/0/CPU0,4,4,4

2020-02-05 02:08:40.779000+00:00,Cisco-IOS-XR-wdsysmon-fd-oper:system-monitoring/cpu-utilization,spine2,,,0/RP0/CPU0,4,4,5

2020-02-05 02:08:40.985000+00:00,Cisco-IOS-XR-wdsysmon-fd-oper:system-monitoring/cpu-utilization,spine2,,,0/0/CPU0,4,4,4

2020-02-05 02:08:46.651000+00:00,Cisco-IOS-XR-wdsysmon-fd-oper:system-monitoring/cpu-utilization,spine2,,,0/RP0/CPU0,4,4,5

2020-02-05 02:08:46.857000+00:00,Cisco-IOS-XR-wdsysmon-fd-oper:system-monitoring/cpu-utilization,spine2,,,0/0/CPU0,4,4,4

2020-02-05 02:08:50.788000+00:00,Cisco-IOS-XR-wdsysmon-fd-oper:system-monitoring/cpu-utilization,spine2,,,0/RP0/CPU0,4,4,5

2020-02-05 02:08:50.994000+00:00,Cisco-IOS-XR-wdsysmon-fd-oper:system-monitoring/cpu-utilization,spine2,,,0/0/CPU0,4,4,4

2020-02-05 02:08:56.691000+00:00,Cisco-IOS-XR-wdsysmon-fd-oper:system-monitoring/cpu-utilization,spine2,,,0/RP0/CPU0,4,4,5

2020-02-05 02:08:56.897000+00:00,Cisco-IOS-XR-wdsysmon-fd-oper:system-monitoring/cpu-utilization,spine2,,,0/0/CPU0,4,4,4

2020-02-05 02:09:00.781000+00:00,Cisco-IOS-XR-wdsysmon-fd-oper:system-monitoring/cpu-utilization,spine2,,,0/RP0/CPU0,4,4,5

2020-02-05 02:09:00.987000+00:00,Cisco-IOS-XR-wdsysmon-fd-oper:system-monitoring/cpu-utilization,spine2,,,0/0/CPU0,4,4,4

2020-02-05 02:09:06.672000+00:00,Cisco-IOS-XR-wdsysmon-fd-oper:system-monitoring/cpu-utilization,spine2,,,0/RP0/CPU0,4,4,5

2020-02-05 02:09:06.880000+00:00,Cisco-IOS-XR-wdsysmon-fd-oper:system-monitoring/cpu-utilization,spine2,,,0/0/CPU0,4,4,4

2020-02-05 02:09:10.782000+00:00,Cisco-IOS-XR-wdsysmon-fd-oper:system-monitoring/cpu-utilization,spine2,,,0/RP0/CPU0,4,4,5

2020-02-05 02:09:10.990000+00:00,Cisco-IOS-XR-wdsysmon-fd-oper:system-monitoring/cpu-utilization,spine2,,,0/0/CPU0,4,4,4

2020-02-05 02:09:16.654000+00:00,Cisco-IOS-XR-wdsysmon-fd-oper:system-monitoring/cpu-utilization,spine2,,,0/RP0/CPU0,4,4,5

2020-02-05 02:09:16.860000+00:00,Cisco-IOS-XR-wdsysmon-fd-oper:system-monitoring/cpu-utilization,spine2,,,0/0/CPU0,4,4,4

2020-02-05 02:09:20.782000+00:00,Cisco-IOS-XR-wdsysmon-fd-oper:system-monitoring/cpu-utilization,spine2,,,0/RP0/CPU0,4,4,5

2020-02-05 02:09:20.987000+00:00,Cisco-IOS-XR-wdsysmon-fd-oper:system-monitoring/cpu-utilization,spine2,,,0/0/CPU0,4,4,4

2020-02-05 02:09:26.670000+00:00,Cisco-IOS-XR-wdsysmon-fd-oper:system-monitoring/cpu-utilization,spine2,,,0/RP0/CPU0,4,4,5

2020-02-05 02:09:26.876000+00:00,Cisco-IOS-XR-wdsysmon-fd-oper:system-monitoring/cpu-utilization,spine2,,,0/0/CPU0,4,4,4

2020-02-05 02:09:30.786000+00:00,Cisco-IOS-XR-wdsysmon-fd-oper:system-monitoring/cpu-utilization,spine2,,,0/RP0/CPU0,4,4,5

2020-02-05 02:09:30.991000+00:00,Cisco-IOS-XR-wdsysmon-fd-oper:system-monitoring/cpu-utilization,spine2,,,0/0/CPU0,4,4,4

2020-02-05 02:09:36.671000+00:00,Cisco-IOS-XR-wdsysmon-fd-oper:system-monitoring/cpu-utilization,spine2,,,0/RP0/CPU0,4,4,5

2020-02-05 02:09:36.877000+00:00,Cisco-IOS-XR-wdsysmon-fd-oper:system-monitoring/cpu-utilization,spine2,,,0/0/CPU0,4,4,4

2020-02-05 02:09:41.013000+00:00,Cisco-IOS-XR-wdsysmon-fd-oper:system-monitoring/cpu-utilization,spine2,,,0/RP0/CPU0,4,4,4

2020-02-05 02:09:41.219000+00:00,Cisco-IOS-XR-wdsysmon-fd-oper:system-monitoring/cpu-utilization,spine2,,,0/0/CPU0,4,4,4

2020-02-05 02:09:46.667000+00:00,Cisco-IOS-XR-wdsysmon-fd-oper:system-monitoring/cpu-utilization,spine2,,,0/RP0/CPU0,4,4,4

2020-02-05 02:09:46.873000+00:00,Cisco-IOS-XR-wdsysmon-fd-oper:system-monitoring/cpu-utilization,spine2,,,0/0/CPU0,4,4,4

2020-02-05 02:09:50.785000+00:00,Cisco-IOS-XR-wdsysmon-fd-oper:system-monitoring/cpu-utilization,spine2,,,0/RP0/CPU0,4,4,4

2020-02-05 02:09:50.990000+00:00,Cisco-IOS-XR-wdsysmon-fd-oper:system-monitoring/cpu-utilization,spine2,,,0/0/CPU0,4,4,4

2020-02-05 02:09:56.660000+00:00,Cisco-IOS-XR-wdsysmon-fd-oper:system-monitoring/cpu-utilization,spine2,,,0/RP0/CPU0,4,4,4

2020-02-05 02:09:56.873000+00:00,Cisco-IOS-XR-wdsysmon-fd-oper:system-monitoring/cpu-utilization,spine2,,,0/0/CPU0,4,4,4

2020-02-05 02:10:00.798000+00:00,Cisco-IOS-XR-wdsysmon-fd-oper:system-monitoring/cpu-utilization,spine2,,,0/RP0/CPU0,4,4,4

2020-02-05 02:10:01.006000+00:00,Cisco-IOS-XR-wdsysmon-fd-oper:system-monitoring/cpu-utilization,spine2,,,0/0/CPU0,4,4,4

2020-02-05 02:10:06.678000+00:00,Cisco-IOS-XR-wdsysmon-fd-oper:system-monitoring/cpu-utilization,spine2,,,0/RP0/CPU0,4,4,4

2020-02-05 02:10:06.883000+00:00,Cisco-IOS-XR-wdsysmon-fd-oper:system-monitoring/cpu-utilization,spine2,,,0/0/CPU0,4,4,4

2020-02-05 02:10:10.783000+00:00,Cisco-IOS-XR-wdsysmon-fd-oper:system-monitoring/cpu-utilization,spine2,,,0/RP0/CPU0,4,4,4

2020-02-05 02:10:10.988000+00:00,Cisco-IOS-XR-wdsysmon-fd-oper:system-monitoring/cpu-utilization,spine2,,,0/0/CPU0,4,4,4

2020-02-05 02:10:16.672000+00:00,Cisco-IOS-XR-wdsysmon-fd-oper:system-monitoring/cpu-utilization,spine2,,,0/RP0/CPU0,4,4,4

2020-02-05 02:10:16.886000+00:00,Cisco-IOS-XR-wdsysmon-fd-oper:system-monitoring/cpu-utilization,spine2,,,0/0/CPU0,4,4,4

2020-02-05 02:10:20.785000+00:00,Cisco-IOS-XR-wdsysmon-fd-oper:system-monitoring/cpu-utilization,spine2,,,0/RP0/CPU0,4,4,4

2020-02-05 02:10:20.990000+00:00,Cisco-IOS-XR-wdsysmon-fd-oper:system-monitoring/cpu-utilization,spine2,,,0/0/CPU0,4,4,4

2020-02-05 02:10:26.660000+00:00,Cisco-IOS-XR-wdsysmon-fd-oper:system-monitoring/cpu-utilization,spine2,,,0/RP0/CPU0,4,4,4

2020-02-05 02:10:26.874000+00:00,Cisco-IOS-XR-wdsysmon-fd-oper:system-monitoring/cpu-utilization,spine2,,,0/0/CPU0,4,4,4

