,Producer,Target,host,node-name,process-cpu/process-cpu-fifteen-minute,process-cpu/process-cpu-five-minute,process-cpu/process-cpu-one-minute,process-cpu/process-id,process-cpu/process-name,total-cpu-fifteen-minute,total-cpu-five-minute,total-cpu-one-minute

2020-02-06 19:04:57.862000+00:00,dr03,testsub,obt-collector1,0/RP0/CPU0,0,0,0,28398,sleep,1,1,1

2020-02-06 19:04:57.866000+00:00,dr03,testsub,obt-collector1,0/0/CPU0,0,0,0,29807,udp,1,1,1

2020-02-06 19:04:57.872000+00:00,dr03,testsub,obt-collector1,0/1/CPU0,0,0,0,14733,udp,1,1,1

2020-02-06 19:05:08.232000+00:00,dr03,testsub,obt-collector1,0/RP0/CPU0,0,0,0,28671,sleep,1,1,2

2020-02-06 19:05:08.235000+00:00,dr03,testsub,obt-collector1,0/0/CPU0,0,0,0,29807,udp,1,1,1

2020-02-06 19:05:08.241000+00:00,dr03,testsub,obt-collector1,0/1/CPU0,0,0,0,14733,udp,1,1,1

2020-02-06 19:05:18.246000+00:00,dr03,testsub,obt-collector1,0/RP0/CPU0,0,0,0,28671,sleep,1,1,2

2020-02-06 19:05:18.249000+00:00,dr03,testsub,obt-collector1,0/0/CPU0,0,0,0,29807,udp,1,1,1

2020-02-06 19:05:18.255000+00:00,dr03,testsub,obt-collector1,0/1/CPU0,0,0,0,14733,udp,1,1,1

2020-02-06 19:05:38.273000+00:00,dr03,testsub,obt-collector1,0/RP0/CPU0,0,0,0,28671,sleep,1,1,2

2020-02-06 19:05:38.277000+00:00,dr03,testsub,obt-collector1,0/0/CPU0,0,0,0,29807,udp,1,1,1

2020-02-06 19:05:38.283000+00:00,dr03,testsub,obt-collector1,0/1/CPU0,0,0,0,14733,udp,1,1,1

2020-02-06 19:05:48.287000+00:00,dr03,testsub,obt-collector1,0/RP0/CPU0,0,0,0,28671,sleep,1,1,2

2020-02-06 19:05:48.291000+00:00,dr03,testsub,obt-collector1,0/0/CPU0,0,0,0,29807,udp,1,1,1

2020-02-06 19:05:48.297000+00:00,dr03,testsub,obt-collector1,0/1/CPU0,0,0,0,14733,udp,1,1,1

2020-02-06 19:07:29.138000+00:00,dr03,testsub,obt-collector1,0/RP0/CPU0,0,0,0,28687,sleep,1,1,1

2020-02-06 19:07:29.142000+00:00,dr03,testsub,obt-collector1,0/0/CPU0,0,0,0,29807,udp,1,1,1

2020-02-06 19:07:29.148000+00:00,dr03,testsub,obt-collector1,0/1/CPU0,0,0,0,14733,udp,1,1,1

2020-02-06 19:09:20+00:00,dr03,testsub,obt-collector1,0/RP0/CPU0,0,0,0,28725,sleep,1,1,1

2020-02-06 19:09:20.004000+00:00,dr03,testsub,obt-collector1,0/0/CPU0,0,0,0,29807,udp,1,1,1

2020-02-06 19:09:20.010000+00:00,dr03,testsub,obt-collector1,0/1/CPU0,0,0,0,14733,udp,1,1,1

2020-02-06 19:09:30.014000+00:00,dr03,testsub,obt-collector1,0/RP0/CPU0,0,0,0,28725,sleep,1,1,1

2020-02-06 19:09:30.018000+00:00,dr03,testsub,obt-collector1,0/0/CPU0,0,0,0,29807,udp,1,1,1

2020-02-06 19:09:30.024000+00:00,dr03,testsub,obt-collector1,0/1/CPU0,0,0,0,14733,udp,1,1,1

2020-02-06 19:09:40.028000+00:00,dr03,testsub,obt-collector1,0/RP0/CPU0,0,0,0,28725,sleep,1,1,1

2020-02-06 19:09:40.032000+00:00,dr03,testsub,obt-collector1,0/0/CPU0,0,0,0,29807,udp,1,1,1

2020-02-06 19:09:40.038000+00:00,dr03,testsub,obt-collector1,0/1/CPU0,0,0,0,14733,udp,1,1,1

2020-02-06 19:10:30.493000+00:00,dr03,testsub,obt-collector1,0/RP0/CPU0,0,0,0,28745,sleep,1,1,1

2020-02-06 19:10:30.497000+00:00,dr03,testsub,obt-collector1,0/0/CPU0,0,0,0,29807,udp,1,1,1

2020-02-06 19:10:30.504000+00:00,dr03,testsub,obt-collector1,0/1/CPU0,0,0,0,14733,udp,1,1,1

2020-02-06 19:11:20.874000+00:00,dr03,testsub,obt-collector1,0/RP0/CPU0,0,0,0,28753,sleep,1,1,1

2020-02-06 19:11:20.878000+00:00,dr03,testsub,obt-collector1,0/0/CPU0,0,0,0,29807,udp,1,1,1

2020-02-06 19:11:20.884000+00:00,dr03,testsub,obt-collector1,0/1/CPU0,0,0,0,14733,udp,1,1,1

2020-02-06 19:12:21.316000+00:00,dr03,testsub,obt-collector1,0/RP0/CPU0,0,0,0,28763,sleep,1,1,1

2020-02-06 19:12:21.319000+00:00,dr03,testsub,obt-collector1,0/0/CPU0,0,0,0,29807,udp,1,1,1

2020-02-06 19:12:21.325000+00:00,dr03,testsub,obt-collector1,0/1/CPU0,0,0,0,14733,udp,1,1,1

2020-02-06 19:12:31.329000+00:00,dr03,testsub,obt-collector1,0/RP0/CPU0,0,0,0,28763,sleep,1,1,1

2020-02-06 19:12:31.333000+00:00,dr03,testsub,obt-collector1,0/0/CPU0,0,0,0,29807,udp,1,1,1

2020-02-06 19:12:31.339000+00:00,dr03,testsub,obt-collector1,0/1/CPU0,0,0,0,14733,udp,1,1,1

2020-02-06 19:13:01.370000+00:00,dr03,testsub,obt-collector1,0/RP0/CPU0,0,0,0,28763,sleep,1,1,1

2020-02-06 19:13:01.374000+00:00,dr03,testsub,obt-collector1,0/0/CPU0,0,0,0,29807,udp,1,1,1

2020-02-06 19:13:01.379000+00:00,dr03,testsub,obt-collector1,0/1/CPU0,0,0,0,14733,udp,1,1,1

2020-02-06 19:13:11.743000+00:00,dr03,testsub,obt-collector1,0/RP0/CPU0,0,0,0,28770,sleep,1,1,1

2020-02-06 19:13:11.747000+00:00,dr03,testsub,obt-collector1,0/0/CPU0,0,0,0,29807,udp,1,1,1

2020-02-06 19:13:11.753000+00:00,dr03,testsub,obt-collector1,0/1/CPU0,0,0,0,14733,udp,1,1,1

2020-02-06 19:13:41.783000+00:00,dr03,testsub,obt-collector1,0/RP0/CPU0,0,0,0,28770,sleep,1,1,1

2020-02-06 19:13:41.787000+00:00,dr03,testsub,obt-collector1,0/0/CPU0,0,0,0,29807,udp,1,1,1

2020-02-06 19:13:41.793000+00:00,dr03,testsub,obt-collector1,0/1/CPU0,0,0,0,14733,udp,1,1,1

2020-02-06 19:14:12.183000+00:00,dr03,testsub,obt-collector1,0/RP0/CPU0,0,0,0,28778,sleep,1,1,1

2020-02-06 19:14:12.187000+00:00,dr03,testsub,obt-collector1,0/0/CPU0,0,0,0,29807,udp,1,1,1

2020-02-06 19:14:12.193000+00:00,dr03,testsub,obt-collector1,0/1/CPU0,0,0,0,14733,udp,1,1,1

2020-02-06 19:14:22.197000+00:00,dr03,testsub,obt-collector1,0/RP0/CPU0,0,0,0,28778,sleep,1,1,1

2020-02-06 19:14:22.200000+00:00,dr03,testsub,obt-collector1,0/0/CPU0,0,0,0,29807,udp,1,1,1

2020-02-06 19:14:22.207000+00:00,dr03,testsub,obt-collector1,0/1/CPU0,0,0,0,14733,udp,1,1,1

2020-02-06 19:14:32.261000+00:00,dr03,testsub,obt-collector1,0/1/CPU0,0,0,0,14733,udp,1,1,1

2020-02-06 19:16:13.065000+00:00,dr03,testsub,obt-collector1,0/RP0/CPU0,0,0,0,28861,sleep,1,1,1

2020-02-06 19:16:13.069000+00:00,dr03,testsub,obt-collector1,0/0/CPU0,0,0,0,29807,udp,1,1,2

2020-02-06 19:16:13.075000+00:00,dr03,testsub,obt-collector1,0/1/CPU0,0,0,0,14733,udp,1,1,2

2020-02-06 19:17:03.133000+00:00,dr03,testsub,obt-collector1,0/RP0/CPU0,0,0,0,28861,sleep,1,1,1

2020-02-06 19:17:03.137000+00:00,dr03,testsub,obt-collector1,0/0/CPU0,0,0,0,29807,udp,1,1,1

2020-02-06 19:17:03.142000+00:00,dr03,testsub,obt-collector1,0/1/CPU0,0,0,0,14733,udp,1,1,1

2020-02-06 19:18:23.961000+00:00,dr03,testsub,obt-collector1,0/RP0/CPU0,0,0,0,28876,sleep,1,1,1

2020-02-06 19:18:23.965000+00:00,dr03,testsub,obt-collector1,0/0/CPU0,0,0,0,29807,udp,1,1,1

2020-02-06 19:18:23.970000+00:00,dr03,testsub,obt-collector1,0/1/CPU0,0,0,0,14733,udp,1,1,1

2020-02-06 19:18:43.988000+00:00,dr03,testsub,obt-collector1,0/RP0/CPU0,0,0,0,28876,sleep,1,1,1

2020-02-06 19:18:43.992000+00:00,dr03,testsub,obt-collector1,0/0/CPU0,0,0,0,29807,udp,1,1,1

2020-02-06 19:18:43.998000+00:00,dr03,testsub,obt-collector1,0/1/CPU0,0,0,0,14733,udp,1,1,1

2020-02-06 19:18:54.002000+00:00,dr03,testsub,obt-collector1,0/RP0/CPU0,0,0,0,28876,sleep,1,1,1

2020-02-06 19:18:54.005000+00:00,dr03,testsub,obt-collector1,0/0/CPU0,0,0,0,29807,udp,1,1,1

2020-02-06 19:18:54.011000+00:00,dr03,testsub,obt-collector1,0/1/CPU0,0,0,0,14733,udp,1,1,1

