{"constants":[{"column":"n0:Cisco-IOS-XR-nto-misc-oper:memory-summary_nodes_node_summary.csv:0/0/CPU0:Producer","type":"constant","value":"dr03"},{"column":"n0:Cisco-IOS-XR-nto-misc-oper:memory-summary_nodes_node_summary.csv:0/0/CPU0:Target","type":"constant","value":"testsub"},{"column":"n0:Cisco-IOS-XR-nto-misc-oper:memory-summary_nodes_node_summary.csv:0/0/CPU0:boot-ram-size","type":"constant","value":0},{"column":"n0:Cisco-IOS-XR-nto-misc-oper:memory-summary_nodes_node_summary.csv:0/0/CPU0:flash-system","type":"constant","value":0},{"column":"n0:Cisco-IOS-XR-nto-misc-oper:memory-summary_nodes_node_summary.csv:0/0/CPU0:host","type":"constant","value":"obt-collector1"},{"column":"n0:Cisco-IOS-XR-nto-misc-oper:memory-summary_nodes_node_summary.csv:0/0/CPU0:image-memory","type":"constant","value":4194304},{"column":"n0:Cisco-IOS-XR-nto-misc-oper:memory-summary_nodes_node_summary.csv:0/0/CPU0:io-memory","type":"constant","value":0},{"column":"n0:Cisco-IOS-XR-nto-misc-oper:memory-summary_nodes_node_summary.csv:0/0/CPU0:page-size","type":"constant","value":4096},{"column":"n0:Cisco-IOS-XR-nto-misc-oper:memory-summary_nodes_node_summary.csv:0/0/CPU0:ram-memory","type":"constant","value":14165213184},{"column":"n0:Cisco-IOS-XR-nto-misc-oper:memory-summary_nodes_node_summary.csv:0/0/CPU0:reserved-memory","type":"constant","value":0},{"column":"n0:Cisco-IOS-XR-nto-misc-oper:memory-summary_nodes_node_summary.csv:0/0/CPU0:system-ram-memory","type":"constant","value":14165213184},{"column":"n0:Cisco-IOS-XR-nto-misc-oper:memory-summary_nodes_node_summary.csv:0/1/CPU0:Producer","type":"constant","value":"dr03"},{"column":"n0:Cisco-IOS-XR-nto-misc-oper:memory-summary_nodes_node_summary.csv:0/1/CPU0:Target","type":"constant","value":"testsub"},{"column":"n0:Cisco-IOS-XR-nto-misc-oper:memory-summary_nodes_node_summary.csv:0/1/CPU0:boot-ram-size","type":"constant","value":0},{"column":"n0:Cisco-IOS-XR-nto-misc-oper:memory-summary_nodes_node_summary.csv:0/1/CPU0:flash-system","type":"constant","value":0},{"column":"n0:Cisco-IOS-XR-nto-misc-oper:memory-summary_nodes_node_summary.csv:0/1/CPU0:host","type":"constant","value":"obt-collector1"},{"column":"n0:Cisco-IOS-XR-nto-misc-oper:memory-summary_nodes_node_summary.csv:0/1/CPU0:image-memory","type":"constant","value":4194304},{"column":"n0:Cisco-IOS-XR-nto-misc-oper:memory-summary_nodes_node_summary.csv:0/1/CPU0:io-memory","type":"constant","value":0},{"column":"n0:Cisco-IOS-XR-nto-misc-oper:memory-summary_nodes_node_summary.csv:0/1/CPU0:page-size","type":"constant","value":4096},{"column":"n0:Cisco-IOS-XR-nto-misc-oper:memory-summary_nodes_node_summary.csv:0/1/CPU0:ram-memory","type":"constant","value":14165213184},{"column":"n0:Cisco-IOS-XR-nto-misc-oper:memory-summary_nodes_node_summary.csv:0/1/CPU0:reserved-memory","type":"constant","value":0},{"column":"n0:Cisco-IOS-XR-nto-misc-oper:memory-summary_nodes_node_summary.csv:0/1/CPU0:system-ram-memory","type":"constant","value":14165213184},{"column":"n0:Cisco-IOS-XR-nto-misc-oper:memory-summary_nodes_node_summary.csv:0/RP0/CPU0:Producer","type":"constant","value":"dr03"},{"column":"n0:Cisco-IOS-XR-nto-misc-oper:memory-summary_nodes_node_summary.csv:0/RP0/CPU0:Target","type":"constant","value":"testsub"},{"column":"n0:Cisco-IOS-XR-nto-misc-oper:memory-summary_nodes_node_summary.csv:0/RP0/CPU0:boot-ram-size","type":"constant","value":0},{"column":"n0:Cisco-IOS-XR-nto-misc-oper:memory-summary_nodes_node_summary.csv:0/RP0/CPU0:flash-system","type":"constant","value":0},{"column":"n0:Cisco-IOS-XR-nto-misc-oper:memory-summary_nodes_node_summary.csv:0/RP0/CPU0:host","type":"constant","value":"obt-collector1"},{"column":"n0:Cisco-IOS-XR-nto-misc-oper:memory-summary_nodes_node_summary.csv:0/RP0/CPU0:image-memory","type":"constant","value":4194304},{"column":"n0:Cisco-IOS-XR-nto-misc-oper:memory-summary_nodes_node_summary.csv:0/RP0/CPU0:io-memory","type":"constant","value":0},{"column":"n0:Cisco-IOS-XR-nto-misc-oper:memory-summary_nodes_node_summary.csv:0/RP0/CPU0:page-size","type":"constant","value":4096},{"column":"n0:Cisco-IOS-XR-nto-misc-oper:memory-summary_nodes_node_summary.csv:0/RP0/CPU0:ram-memory","type":"constant","value":19473104896},{"column":"n0:Cisco-IOS-XR-nto-misc-oper:memory-summary_nodes_node_summary.csv:0/RP0/CPU0:reserved-memory","type":"constant","value":0},{"column":"n0:Cisco-IOS-XR-nto-misc-oper:memory-summary_nodes_node_summary.csv:0/RP0/CPU0:system-ram-memory","type":"constant","value":19473104896},{"column":"n1:Cisco-IOS-XR-wdsysmon-fd-oper:system-monitoring_cpu-utilization.csv:0/RP0/CPU0:28398:sleep:Producer","type":"constant","value":"dr03"},{"column":"n1:Cisco-IOS-XR-wdsysmon-fd-oper:system-monitoring_cpu-utilization.csv:0/RP0/CPU0:28398:sleep:Target","type":"constant","value":"testsub"},{"column":"n1:Cisco-IOS-XR-wdsysmon-fd-oper:system-monitoring_cpu-utilization.csv:0/RP0/CPU0:28398:sleep:host","type":"constant","value":"obt-collector1"},{"column":"n1:Cisco-IOS-XR-wdsysmon-fd-oper:system-monitoring_cpu-utilization.csv:0/RP0/CPU0:28398:sleep:process-cpu/process-cpu-fifteen-minute","type":"constant","value":0},{"column":"n1:Cisco-IOS-XR-wdsysmon-fd-oper:system-monitoring_cpu-utilization.csv:0/RP0/CPU0:28398:sleep:process-cpu/process-cpu-five-minute","type":"constant","value":0},{"column":"n1:Cisco-IOS-XR-wdsysmon-fd-oper:system-monitoring_cpu-utilization.csv:0/RP0/CPU0:28398:sleep:process-cpu/process-cpu-one-minute","type":"constant","value":0},{"column":"n1:Cisco-IOS-XR-wdsysmon-fd-oper:system-monitoring_cpu-utilization.csv:0/RP0/CPU0:28398:sleep:total-cpu-fifteen-minute","type":"constant","value":1},{"column":"n1:Cisco-IOS-XR-wdsysmon-fd-oper:system-monitoring_cpu-utilization.csv:0/RP0/CPU0:28398:sleep:total-cpu-five-minute","type":"constant","value":1},{"column":"n1:Cisco-IOS-XR-wdsysmon-fd-oper:system-monitoring_cpu-utilization.csv:0/RP0/CPU0:28398:sleep:total-cpu-one-minute","type":"constant","value":1},{"column":"n1:Cisco-IOS-XR-wdsysmon-fd-oper:system-monitoring_cpu-utilization.csv:0/0/CPU0:29807:udp:Producer","type":"constant","value":"dr03"},{"column":"n1:Cisco-IOS-XR-wdsysmon-fd-oper:system-monitoring_cpu-utilization.csv:0/0/CPU0:29807:udp:Target","type":"constant","value":"testsub"},{"column":"n1:Cisco-IOS-XR-wdsysmon-fd-oper:system-monitoring_cpu-utilization.csv:0/0/CPU0:29807:udp:host","type":"constant","value":"obt-collector1"},{"column":"n1:Cisco-IOS-XR-wdsysmon-fd-oper:system-monitoring_cpu-utilization.csv:0/0/CPU0:29807:udp:process-cpu/process-cpu-fifteen-minute","type":"constant","value":0},{"column":"n1:Cisco-IOS-XR-wdsysmon-fd-oper:system-monitoring_cpu-utilization.csv:0/0/CPU0:29807:udp:process-cpu/process-cpu-five-minute","type":"constant","value":0},{"column":"n1:Cisco-IOS-XR-wdsysmon-fd-oper:system-monitoring_cpu-utilization.csv:0/0/CPU0:29807:udp:process-cpu/process-cpu-one-minute","type":"constant","value":0},{"column":"n1:Cisco-IOS-XR-wdsysmon-fd-oper:system-monitoring_cpu-utilization.csv:0/0/CPU0:29807:udp:total-cpu-fifteen-minute","type":"constant","value":1},{"column":"n1:Cisco-IOS-XR-wdsysmon-fd-oper:system-monitoring_cpu-utilization.csv:0/0/CPU0:29807:udp:total-cpu-five-minute","type":"constant","value":1},{"column":"n1:Cisco-IOS-XR-wdsysmon-fd-oper:system-monitoring_cpu-utilization.csv:0/1/CPU0:14733:udp:Producer","type":"constant","value":"dr03"},{"column":"n1:Cisco-IOS-XR-wdsysmon-fd-oper:system-monitoring_cpu-utilization.csv:0/1/CPU0:14733:udp:Target","type":"constant","value":"testsub"},{"column":"n1:Cisco-IOS-XR-wdsysmon-fd-oper:system-monitoring_cpu-utilization.csv:0/1/CPU0:14733:udp:host","type":"constant","value":"obt-collector1"},{"column":"n1:Cisco-IOS-XR-wdsysmon-fd-oper:system-monitoring_cpu-utilization.csv:0/1/CPU0:14733:udp:process-cpu/process-cpu-fifteen-minute","type":"constant","value":0},{"column":"n1:Cisco-IOS-XR-wdsysmon-fd-oper:system-monitoring_cpu-utilization.csv:0/1/CPU0:14733:udp:process-cpu/process-cpu-five-minute","type":"constant","value":0},{"column":"n1:Cisco-IOS-XR-wdsysmon-fd-oper:system-monitoring_cpu-utilization.csv:0/1/CPU0:14733:udp:process-cpu/process-cpu-one-minute","type":"constant","value":0},{"column":"n1:Cisco-IOS-XR-wdsysmon-fd-oper:system-monitoring_cpu-utilization.csv:0/1/CPU0:14733:udp:total-cpu-fifteen-minute","type":"constant","value":1},{"column":"n1:Cisco-IOS-XR-wdsysmon-fd-oper:system-monitoring_cpu-utilization.csv:0/1/CPU0:14733:udp:total-cpu-five-minute","type":"constant","value":1},{"column":"n1:Cisco-IOS-XR-wdsysmon-fd-oper:system-monitoring_cpu-utilization.csv:0/RP0/CPU0:28671:sleep:Producer","type":"constant","value":"dr03"},{"column":"n1:Cisco-IOS-XR-wdsysmon-fd-oper:system-monitoring_cpu-utilization.csv:0/RP0/CPU0:28671:sleep:Target","type":"constant","value":"testsub"},{"column":"n1:Cisco-IOS-XR-wdsysmon-fd-oper:system-monitoring_cpu-utilization.csv:0/RP0/CPU0:28671:sleep:host","type":"constant","value":"obt-collector1"},{"column":"n1:Cisco-IOS-XR-wdsysmon-fd-oper:system-monitoring_cpu-utilization.csv:0/RP0/CPU0:28671:sleep:process-cpu/process-cpu-fifteen-minute","type":"constant","value":0},{"column":"n1:Cisco-IOS-XR-wdsysmon-fd-oper:system-monitoring_cpu-utilization.csv:0/RP0/CPU0:28671:sleep:process-cpu/process-cpu-five-minute","type":"constant","value":0},{"column":"n1:Cisco-IOS-XR-wdsysmon-fd-oper:system-monitoring_cpu-utilization.csv:0/RP0/CPU0:28671:sleep:process-cpu/process-cpu-one-minute","type":"constant","value":0},{"column":"n1:Cisco-IOS-XR-wdsysmon-fd-oper:system-monitoring_cpu-utilization.csv:0/RP0/CPU0:28671:sleep:total-cpu-fifteen-minute","type":"constant","value":1},{"column":"n1:Cisco-IOS-XR-wdsysmon-fd-oper:system-monitoring_cpu-utilization.csv:0/RP0/CPU0:28671:sleep:total-cpu-five-minute","type":"constant","value":1},{"column":"n1:Cisco-IOS-XR-wdsysmon-fd-oper:system-monitoring_cpu-utilization.csv:0/RP0/CPU0:28671:sleep:total-cpu-one-minute","type":"constant","value":2},{"column":"n1:Cisco-IOS-XR-wdsysmon-fd-oper:system-monitoring_cpu-utilization.csv:0/RP0/CPU0:28687:sleep:Producer","type":"constant","value":"dr03"},{"column":"n1:Cisco-IOS-XR-wdsysmon-fd-oper:system-monitoring_cpu-utilization.csv:0/RP0/CPU0:28687:sleep:Target","type":"constant","value":"testsub"},{"column":"n1:Cisco-IOS-XR-wdsysmon-fd-oper:system-monitoring_cpu-utilization.csv:0/RP0/CPU0:28687:sleep:host","type":"constant","value":"obt-collector1"},{"column":"n1:Cisco-IOS-XR-wdsysmon-fd-oper:system-monitoring_cpu-utilization.csv:0/RP0/CPU0:28687:sleep:process-cpu/process-cpu-fifteen-minute","type":"constant","value":0},{"column":"n1:Cisco-IOS-XR-wdsysmon-fd-oper:system-monitoring_cpu-utilization.csv:0/RP0/CPU0:28687:sleep:process-cpu/process-cpu-five-minute","type":"constant","value":0},{"column":"n1:Cisco-IOS-XR-wdsysmon-fd-oper:system-monitoring_cpu-utilization.csv:0/RP0/CPU0:28687:sleep:process-cpu/process-cpu-one-minute","type":"constant","value":0},{"column":"n1:Cisco-IOS-XR-wdsysmon-fd-oper:system-monitoring_cpu-utilization.csv:0/RP0/CPU0:28687:sleep:total-cpu-fifteen-minute","type":"constant","value":1},{"column":"n1:Cisco-IOS-XR-wdsysmon-fd-oper:system-monitoring_cpu-utilization.csv:0/RP0/CPU0:28687:sleep:total-cpu-five-minute","type":"constant","value":1},{"column":"n1:Cisco-IOS-XR-wdsysmon-fd-oper:system-monitoring_cpu-utilization.csv:0/RP0/CPU0:28687:sleep:total-cpu-one-minute","type":"constant","value":1},{"column":"n1:Cisco-IOS-XR-wdsysmon-fd-oper:system-monitoring_cpu-utilization.csv:0/RP0/CPU0:28725:sleep:Producer","type":"constant","value":"dr03"},{"column":"n1:Cisco-IOS-XR-wdsysmon-fd-oper:system-monitoring_cpu-utilization.csv:0/RP0/CPU0:28725:sleep:Target","type":"constant","value":"testsub"},{"column":"n1:Cisco-IOS-XR-wdsysmon-fd-oper:system-monitoring_cpu-utilization.csv:0/RP0/CPU0:28725:sleep:host","type":"constant","value":"obt-collector1"},{"column":"n1:Cisco-IOS-XR-wdsysmon-fd-oper:system-monitoring_cpu-utilization.csv:0/RP0/CPU0:28725:sleep:process-cpu/process-cpu-fifteen-minute","type":"constant","value":0},{"column":"n1:Cisco-IOS-XR-wdsysmon-fd-oper:system-monitoring_cpu-utilization.csv:0/RP0/CPU0:28725:sleep:process-cpu/process-cpu-five-minute","type":"constant","value":0},{"column":"n1:Cisco-IOS-XR-wdsysmon-fd-oper:system-monitoring_cpu-utilization.csv:0/RP0/CPU0:28725:sleep:process-cpu/process-cpu-one-minute","type":"constant","value":0},{"column":"n1:Cisco-IOS-XR-wdsysmon-fd-oper:system-monitoring_cpu-utilization.csv:0/RP0/CPU0:28725:sleep:total-cpu-fifteen-minute","type":"constant","value":1},{"column":"n1:Cisco-IOS-XR-wdsysmon-fd-oper:system-monitoring_cpu-utilization.csv:0/RP0/CPU0:28725:sleep:total-cpu-five-minute","type":"constant","value":1},{"column":"n1:Cisco-IOS-XR-wdsysmon-fd-oper:system-monitoring_cpu-utilization.csv:0/RP0/CPU0:28725:sleep:total-cpu-one-minute","type":"constant","value":1},{"column":"n1:Cisco-IOS-XR-wdsysmon-fd-oper:system-monitoring_cpu-utilization.csv:0/RP0/CPU0:28745:sleep:Producer","type":"constant","value":"dr03"},{"column":"n1:Cisco-IOS-XR-wdsysmon-fd-oper:system-monitoring_cpu-utilization.csv:0/RP0/CPU0:28745:sleep:Target","type":"constant","value":"testsub"},{"column":"n1:Cisco-IOS-XR-wdsysmon-fd-oper:system-monitoring_cpu-utilization.csv:0/RP0/CPU0:28745:sleep:host","type":"constant","value":"obt-collector1"},{"column":"n1:Cisco-IOS-XR-wdsysmon-fd-oper:system-monitoring_cpu-utilization.csv:0/RP0/CPU0:28745:sleep:process-cpu/process-cpu-fifteen-minute","type":"constant","value":0},{"column":"n1:Cisco-IOS-XR-wdsysmon-fd-oper:system-monitoring_cpu-utilization.csv:0/RP0/CPU0:28745:sleep:process-cpu/process-cpu-five-minute","type":"constant","value":0},{"column":"n1:Cisco-IOS-XR-wdsysmon-fd-oper:system-monitoring_cpu-utilization.csv:0/RP0/CPU0:28745:sleep:process-cpu/process-cpu-one-minute","type":"constant","value":0},{"column":"n1:Cisco-IOS-XR-wdsysmon-fd-oper:system-monitoring_cpu-utilization.csv:0/RP0/CPU0:28745:sleep:total-cpu-fifteen-minute","type":"constant","value":1},{"column":"n1:Cisco-IOS-XR-wdsysmon-fd-oper:system-monitoring_cpu-utilization.csv:0/RP0/CPU0:28745:sleep:total-cpu-five-minute","type":"constant","value":1},{"column":"n1:Cisco-IOS-XR-wdsysmon-fd-oper:system-monitoring_cpu-utilization.csv:0/RP0/CPU0:28745:sleep:total-cpu-one-minute","type":"constant","value":1},{"column":"n1:Cisco-IOS-XR-wdsysmon-fd-oper:system-monitoring_cpu-utilization.csv:0/RP0/CPU0:28753:sleep:Producer","type":"constant","value":"dr03"},{"column":"n1:Cisco-IOS-XR-wdsysmon-fd-oper:system-monitoring_cpu-utilization.csv:0/RP0/CPU0:28753:sleep:Target","type":"constant","value":"testsub"},{"column":"n1:Cisco-IOS-XR-wdsysmon-fd-oper:system-monitoring_cpu-utilization.csv:0/RP0/CPU0:28753:sleep:host","type":"constant","value":"obt-collector1"},{"column":"n1:Cisco-IOS-XR-wdsysmon-fd-oper:system-monitoring_cpu-utilization.csv:0/RP0/CPU0:28753:sleep:process-cpu/process-cpu-fifteen-minute","type":"constant","value":0},{"column":"n1:Cisco-IOS-XR-wdsysmon-fd-oper:system-monitoring_cpu-utilization.csv:0/RP0/CPU0:28753:sleep:process-cpu/process-cpu-five-minute","type":"constant","value":0},{"column":"n1:Cisco-IOS-XR-wdsysmon-fd-oper:system-monitoring_cpu-utilization.csv:0/RP0/CPU0:28753:sleep:process-cpu/process-cpu-one-minute","type":"constant","value":0},{"column":"n1:Cisco-IOS-XR-wdsysmon-fd-oper:system-monitoring_cpu-utilization.csv:0/RP0/CPU0:28753:sleep:total-cpu-fifteen-minute","type":"constant","value":1},{"column":"n1:Cisco-IOS-XR-wdsysmon-fd-oper:system-monitoring_cpu-utilization.csv:0/RP0/CPU0:28753:sleep:total-cpu-five-minute","type":"constant","value":1},{"column":"n1:Cisco-IOS-XR-wdsysmon-fd-oper:system-monitoring_cpu-utilization.csv:0/RP0/CPU0:28753:sleep:total-cpu-one-minute","type":"constant","value":1},{"column":"n1:Cisco-IOS-XR-wdsysmon-fd-oper:system-monitoring_cpu-utilization.csv:0/RP0/CPU0:28763:sleep:Producer","type":"constant","value":"dr03"},{"column":"n1:Cisco-IOS-XR-wdsysmon-fd-oper:system-monitoring_cpu-utilization.csv:0/RP0/CPU0:28763:sleep:Target","type":"constant","value":"testsub"},{"column":"n1:Cisco-IOS-XR-wdsysmon-fd-oper:system-monitoring_cpu-utilization.csv:0/RP0/CPU0:28763:sleep:host","type":"constant","value":"obt-collector1"},{"column":"n1:Cisco-IOS-XR-wdsysmon-fd-oper:system-monitoring_cpu-utilization.csv:0/RP0/CPU0:28763:sleep:process-cpu/process-cpu-fifteen-minute","type":"constant","value":0},{"column":"n1:Cisco-IOS-XR-wdsysmon-fd-oper:system-monitoring_cpu-utilization.csv:0/RP0/CPU0:28763:sleep:process-cpu/process-cpu-five-minute","type":"constant","value":0},{"column":"n1:Cisco-IOS-XR-wdsysmon-fd-oper:system-monitoring_cpu-utilization.csv:0/RP0/CPU0:28763:sleep:process-cpu/process-cpu-one-minute","type":"constant","value":0},{"column":"n1:Cisco-IOS-XR-wdsysmon-fd-oper:system-monitoring_cpu-utilization.csv:0/RP0/CPU0:28763:sleep:total-cpu-fifteen-minute","type":"constant","value":1},{"column":"n1:Cisco-IOS-XR-wdsysmon-fd-oper:system-monitoring_cpu-utilization.csv:0/RP0/CPU0:28763:sleep:total-cpu-five-minute","type":"constant","value":1},{"column":"n1:Cisco-IOS-XR-wdsysmon-fd-oper:system-monitoring_cpu-utilization.csv:0/RP0/CPU0:28763:sleep:total-cpu-one-minute","type":"constant","value":1},{"column":"n1:Cisco-IOS-XR-wdsysmon-fd-oper:system-monitoring_cpu-utilization.csv:0/RP0/CPU0:28770:sleep:Producer","type":"constant","value":"dr03"},{"column":"n1:Cisco-IOS-XR-wdsysmon-fd-oper:system-monitoring_cpu-utilization.csv:0/RP0/CPU0:28770:sleep:Target","type":"constant","value":"testsub"},{"column":"n1:Cisco-IOS-XR-wdsysmon-fd-oper:system-monitoring_cpu-utilization.csv:0/RP0/CPU0:28770:sleep:host","type":"constant","value":"obt-collector1"},{"column":"n1:Cisco-IOS-XR-wdsysmon-fd-oper:system-monitoring_cpu-utilization.csv:0/RP0/CPU0:28770:sleep:process-cpu/process-cpu-fifteen-minute","type":"constant","value":0},{"column":"n1:Cisco-IOS-XR-wdsysmon-fd-oper:system-monitoring_cpu-utilization.csv:0/RP0/CPU0:28770:sleep:process-cpu/process-cpu-five-minute","type":"constant","value":0},{"column":"n1:Cisco-IOS-XR-wdsysmon-fd-oper:system-monitoring_cpu-utilization.csv:0/RP0/CPU0:28770:sleep:process-cpu/process-cpu-one-minute","type":"constant","value":0},{"column":"n1:Cisco-IOS-XR-wdsysmon-fd-oper:system-monitoring_cpu-utilization.csv:0/RP0/CPU0:28770:sleep:total-cpu-fifteen-minute","type":"constant","value":1},{"column":"n1:Cisco-IOS-XR-wdsysmon-fd-oper:system-monitoring_cpu-utilization.csv:0/RP0/CPU0:28770:sleep:total-cpu-five-minute","type":"constant","value":1},{"column":"n1:Cisco-IOS-XR-wdsysmon-fd-oper:system-monitoring_cpu-utilization.csv:0/RP0/CPU0:28770:sleep:total-cpu-one-minute","type":"constant","value":1},{"column":"n1:Cisco-IOS-XR-wdsysmon-fd-oper:system-monitoring_cpu-utilization.csv:0/RP0/CPU0:28778:sleep:Producer","type":"constant","value":"dr03"},{"column":"n1:Cisco-IOS-XR-wdsysmon-fd-oper:system-monitoring_cpu-utilization.csv:0/RP0/CPU0:28778:sleep:Target","type":"constant","value":"testsub"},{"column":"n1:Cisco-IOS-XR-wdsysmon-fd-oper:system-monitoring_cpu-utilization.csv:0/RP0/CPU0:28778:sleep:host","type":"constant","value":"obt-collector1"},{"column":"n1:Cisco-IOS-XR-wdsysmon-fd-oper:system-monitoring_cpu-utilization.csv:0/RP0/CPU0:28778:sleep:process-cpu/process-cpu-fifteen-minute","type":"constant","value":0},{"column":"n1:Cisco-IOS-XR-wdsysmon-fd-oper:system-monitoring_cpu-utilization.csv:0/RP0/CPU0:28778:sleep:process-cpu/process-cpu-five-minute","type":"constant","value":0},{"column":"n1:Cisco-IOS-XR-wdsysmon-fd-oper:system-monitoring_cpu-utilization.csv:0/RP0/CPU0:28778:sleep:process-cpu/process-cpu-one-minute","type":"constant","value":0},{"column":"n1:Cisco-IOS-XR-wdsysmon-fd-oper:system-monitoring_cpu-utilization.csv:0/RP0/CPU0:28778:sleep:total-cpu-fifteen-minute","type":"constant","value":1},{"column":"n1:Cisco-IOS-XR-wdsysmon-fd-oper:system-monitoring_cpu-utilization.csv:0/RP0/CPU0:28778:sleep:total-cpu-five-minute","type":"constant","value":1},{"column":"n1:Cisco-IOS-XR-wdsysmon-fd-oper:system-monitoring_cpu-utilization.csv:0/RP0/CPU0:28778:sleep:total-cpu-one-minute","type":"constant","value":1},{"column":"n1:Cisco-IOS-XR-wdsysmon-fd-oper:system-monitoring_cpu-utilization.csv:0/RP0/CPU0:28861:sleep:Producer","type":"constant","value":"dr03"},{"column":"n1:Cisco-IOS-XR-wdsysmon-fd-oper:system-monitoring_cpu-utilization.csv:0/RP0/CPU0:28861:sleep:Target","type":"constant","value":"testsub"},{"column":"n1:Cisco-IOS-XR-wdsysmon-fd-oper:system-monitoring_cpu-utilization.csv:0/RP0/CPU0:28861:sleep:host","type":"constant","value":"obt-collector1"},{"column":"n1:Cisco-IOS-XR-wdsysmon-fd-oper:system-monitoring_cpu-utilization.csv:0/RP0/CPU0:28861:sleep:process-cpu/process-cpu-fifteen-minute","type":"constant","value":0},{"column":"n1:Cisco-IOS-XR-wdsysmon-fd-oper:system-monitoring_cpu-utilization.csv:0/RP0/CPU0:28861:sleep:process-cpu/process-cpu-five-minute","type":"constant","value":0},{"column":"n1:Cisco-IOS-XR-wdsysmon-fd-oper:system-monitoring_cpu-utilization.csv:0/RP0/CPU0:28861:sleep:process-cpu/process-cpu-one-minute","type":"constant","value":0},{"column":"n1:Cisco-IOS-XR-wdsysmon-fd-oper:system-monitoring_cpu-utilization.csv:0/RP0/CPU0:28861:sleep:total-cpu-fifteen-minute","type":"constant","value":1},{"column":"n1:Cisco-IOS-XR-wdsysmon-fd-oper:system-monitoring_cpu-utilization.csv:0/RP0/CPU0:28861:sleep:total-cpu-five-minute","type":"constant","value":1},{"column":"n1:Cisco-IOS-XR-wdsysmon-fd-oper:system-monitoring_cpu-utilization.csv:0/RP0/CPU0:28861:sleep:total-cpu-one-minute","type":"constant","value":1},{"column":"n1:Cisco-IOS-XR-wdsysmon-fd-oper:system-monitoring_cpu-utilization.csv:0/RP0/CPU0:28876:sleep:Producer","type":"constant","value":"dr03"},{"column":"n1:Cisco-IOS-XR-wdsysmon-fd-oper:system-monitoring_cpu-utilization.csv:0/RP0/CPU0:28876:sleep:Target","type":"constant","value":"testsub"},{"column":"n1:Cisco-IOS-XR-wdsysmon-fd-oper:system-monitoring_cpu-utilization.csv:0/RP0/CPU0:28876:sleep:host","type":"constant","value":"obt-collector1"},{"column":"n1:Cisco-IOS-XR-wdsysmon-fd-oper:system-monitoring_cpu-utilization.csv:0/RP0/CPU0:28876:sleep:process-cpu/process-cpu-fifteen-minute","type":"constant","value":0},{"column":"n1:Cisco-IOS-XR-wdsysmon-fd-oper:system-monitoring_cpu-utilization.csv:0/RP0/CPU0:28876:sleep:process-cpu/process-cpu-five-minute","type":"constant","value":0},{"column":"n1:Cisco-IOS-XR-wdsysmon-fd-oper:system-monitoring_cpu-utilization.csv:0/RP0/CPU0:28876:sleep:process-cpu/process-cpu-one-minute","type":"constant","value":0},{"column":"n1:Cisco-IOS-XR-wdsysmon-fd-oper:system-monitoring_cpu-utilization.csv:0/RP0/CPU0:28876:sleep:total-cpu-fifteen-minute","type":"constant","value":1},{"column":"n1:Cisco-IOS-XR-wdsysmon-fd-oper:system-monitoring_cpu-utilization.csv:0/RP0/CPU0:28876:sleep:total-cpu-five-minute","type":"constant","value":1},{"column":"n1:Cisco-IOS-XR-wdsysmon-fd-oper:system-monitoring_cpu-utilization.csv:0/RP0/CPU0:28876:sleep:total-cpu-one-minute","type":"constant","value":1}],"prefix_map":{"n0":"S-200206_1852_evtmix-2/yang_models/dr03/Cisco-IOS-XR-nto-misc-oper:memory-summary_nodes_node_summary.csv","n1":"S-200206_1852_evtmix-2/yang_models/dr03/Cisco-IOS-XR-wdsysmon-fd-oper:system-monitoring_cpu-utilization.csv"}}
