,Producer,Target,clientid,host,insync,proto-id,proto-instance,protocol-names,table-id,updatemode

2020-02-06 19:15:20.186000+00:00,spine3,sg12,15,obt-collector1,true,2,,static,-536870912,10

2020-02-06 19:15:20.197000+00:00,spine3,sg12,22,obt-collector1,true,1,,connected,-536870912,10

2020-02-06 19:15:27.579000+00:00,spine3,sg12,15,obt-collector1,true,2,,static,-536870912,10

2020-02-06 19:15:27.590000+00:00,spine3,sg12,22,obt-collector1,true,1,,connected,-536870912,10

2020-02-06 19:15:35.453000+00:00,spine3,sg12,15,obt-collector1,true,2,,static,-536870912,10

2020-02-06 19:15:35.465000+00:00,spine3,sg12,22,obt-collector1,true,1,,connected,-536870912,10

2020-02-06 19:15:40.013000+00:00,spine3,sg12,15,obt-collector1,true,2,,static,-536870912,10

2020-02-06 19:15:40.025000+00:00,spine3,sg12,22,obt-collector1,true,1,,connected,-536870912,10

2020-02-06 19:15:44.592000+00:00,spine3,sg12,15,obt-collector1,true,2,,static,-536870912,10

2020-02-06 19:15:44.603000+00:00,spine3,sg12,22,obt-collector1,true,1,,connected,-536870912,10

2020-02-06 19:15:52.118000+00:00,spine3,sg12,15,obt-collector1,true,2,,static,-536870912,10

2020-02-06 19:15:52.129000+00:00,spine3,sg12,22,obt-collector1,true,1,,connected,-536870912,10

2020-02-06 19:16:11.877000+00:00,spine3,sg12,15,obt-collector1,true,2,,static,-536870912,10

2020-02-06 19:16:11.888000+00:00,spine3,sg12,22,obt-collector1,true,1,,connected,-536870912,10

2020-02-06 19:16:15.511000+00:00,spine3,sg12,15,obt-collector1,true,2,,static,-536870912,10

2020-02-06 19:16:15.523000+00:00,spine3,sg12,22,obt-collector1,true,1,,connected,-536870912,10

2020-02-06 19:16:31.473000+00:00,spine3,sg12,15,obt-collector1,true,2,,static,-536870912,10

2020-02-06 19:16:31.485000+00:00,spine3,sg12,22,obt-collector1,true,1,,connected,-536870912,10

2020-02-06 19:16:35.177000+00:00,spine3,sg12,15,obt-collector1,true,2,,static,-536870912,10

2020-02-06 19:16:35.189000+00:00,spine3,sg12,22,obt-collector1,true,1,,connected,-536870912,10

2020-02-06 19:16:43.442000+00:00,spine3,sg12,15,obt-collector1,true,2,,static,-536870912,10

2020-02-06 19:16:43.457000+00:00,spine3,sg12,22,obt-collector1,true,1,,connected,-536870912,10

2020-02-06 19:16:58.945000+00:00,spine3,sg12,15,obt-collector1,true,2,,static,-536870912,10

2020-02-06 19:16:58.973000+00:00,spine3,sg12,22,obt-collector1,true,1,,connected,-536870912,10

2020-02-06 19:17:06.391000+00:00,spine3,sg12,15,obt-collector1,true,2,,static,-536870912,10

2020-02-06 19:17:06.403000+00:00,spine3,sg12,22,obt-collector1,true,1,,connected,-536870912,10

2020-02-06 19:17:14.143000+00:00,spine3,sg12,15,obt-collector1,true,2,,static,-536870912,10

2020-02-06 19:17:14.157000+00:00,spine3,sg12,22,obt-collector1,true,1,,connected,-536870912,10

2020-02-06 19:17:25.602000+00:00,spine3,sg12,15,obt-collector1,true,2,,static,-536870912,10

2020-02-06 19:17:25.614000+00:00,spine3,sg12,22,obt-collector1,true,1,,connected,-536870912,10

2020-02-06 19:18:01.740000+00:00,spine3,sg12,15,obt-collector1,true,2,,static,-536870912,10

2020-02-06 19:18:01.751000+00:00,spine3,sg12,22,obt-collector1,true,1,,connected,-536870912,10

2020-02-06 19:18:17.372000+00:00,spine3,sg12,15,obt-collector1,true,2,,static,-536870912,10

2020-02-06 19:18:17.385000+00:00,spine3,sg12,22,obt-collector1,true,1,,connected,-536870912,10

2020-02-06 19:18:21.483000+00:00,spine3,sg12,15,obt-collector1,true,2,,static,-536870912,10

2020-02-06 19:18:21.495000+00:00,spine3,sg12,22,obt-collector1,true,1,,connected,-536870912,10

2020-02-06 19:18:25.188000+00:00,spine3,sg12,15,obt-collector1,true,2,,static,-536870912,10

2020-02-06 19:18:25.199000+00:00,spine3,sg12,22,obt-collector1,true,1,,connected,-536870912,10

2020-02-06 19:18:29.437000+00:00,spine3,sg12,15,obt-collector1,true,2,,static,-536870912,10

2020-02-06 19:18:29.448000+00:00,spine3,sg12,22,obt-collector1,true,1,,connected,-536870912,10

2020-02-06 19:18:33.105000+00:00,spine3,sg12,15,obt-collector1,true,2,,static,-536870912,10

2020-02-06 19:18:33.117000+00:00,spine3,sg12,22,obt-collector1,true,1,,connected,-536870912,10

2020-02-06 19:18:50.208000+00:00,spine3,sg12,15,obt-collector1,true,2,,static,-536870912,10

2020-02-06 19:18:50.219000+00:00,spine3,sg12,22,obt-collector1,true,1,,connected,-536870912,10

2020-02-06 19:18:53.869000+00:00,spine3,sg12,15,obt-collector1,true,2,,static,-536870912,10

2020-02-06 19:18:53.881000+00:00,spine3,sg12,22,obt-collector1,true,1,,connected,-536870912,10

