,Producer,Target,common-info/count,host,node-name,total-counters/array-number-of-object/num-objects,total-counters/array-number-of-object/object-type,total-counters/array-number-of-retry/num-retries,total-counters/array-number-of-retry/retry-object-type,total-counters/num-retry-ojbects,total-counters/num-retry-timeouts

2020-02-06 19:04:51.075000+00:00,spine3,sg4,0,obt-collector1,0/0/CPU0,0,DATA_TYPE_ENCAP_ID,0,,0,612

2020-02-06 19:04:51.076000+00:00,spine3,sg4,0,obt-collector1,0/RP0/CPU0,0,DATA_TYPE_ENCAP_ID,0,,0,6609

2020-02-06 19:05:20.684000+00:00,spine3,sg4,0,obt-collector1,0/0/CPU0,0,DATA_TYPE_ENCAP_ID,0,,0,612

2020-02-06 19:05:20.686000+00:00,spine3,sg4,0,obt-collector1,0/RP0/CPU0,0,DATA_TYPE_ENCAP_ID,0,,0,6609

2020-02-06 19:05:55.281000+00:00,spine3,sg4,0,obt-collector1,0/0/CPU0,0,DATA_TYPE_ENCAP_ID,0,,0,612

2020-02-06 19:05:55.283000+00:00,spine3,sg4,0,obt-collector1,0/RP0/CPU0,0,DATA_TYPE_ENCAP_ID,0,,0,6609

2020-02-06 19:06:00.491000+00:00,spine3,sg4,0,obt-collector1,0/0/CPU0,0,DATA_TYPE_ENCAP_ID,0,,0,612

2020-02-06 19:06:00.493000+00:00,spine3,sg4,0,obt-collector1,0/RP0/CPU0,0,DATA_TYPE_ENCAP_ID,0,,0,6609

2020-02-06 19:06:05.160000+00:00,spine3,sg4,0,obt-collector1,0/0/CPU0,0,DATA_TYPE_ENCAP_ID,0,,0,612

2020-02-06 19:06:05.161000+00:00,spine3,sg4,0,obt-collector1,0/RP0/CPU0,0,DATA_TYPE_ENCAP_ID,0,,0,6609

2020-02-06 19:06:44.189000+00:00,spine3,sg4,0,obt-collector1,0/0/CPU0,0,DATA_TYPE_ENCAP_ID,0,,0,612

2020-02-06 19:06:44.190000+00:00,spine3,sg4,0,obt-collector1,0/RP0/CPU0,0,DATA_TYPE_ENCAP_ID,0,,0,6609

2020-02-06 19:06:54.293000+00:00,spine3,sg4,0,obt-collector1,0/0/CPU0,0,DATA_TYPE_ENCAP_ID,0,,0,612

2020-02-06 19:06:54.294000+00:00,spine3,sg4,0,obt-collector1,0/RP0/CPU0,0,DATA_TYPE_ENCAP_ID,0,,0,6609

2020-02-06 19:06:59.677000+00:00,spine3,sg4,0,obt-collector1,0/0/CPU0,0,DATA_TYPE_ENCAP_ID,0,,0,612

2020-02-06 19:06:59.679000+00:00,spine3,sg4,0,obt-collector1,0/RP0/CPU0,0,DATA_TYPE_ENCAP_ID,0,,0,6609

2020-02-06 19:07:09.333000+00:00,spine3,sg4,0,obt-collector1,0/0/CPU0,0,DATA_TYPE_ENCAP_ID,0,,0,612

2020-02-06 19:07:09.335000+00:00,spine3,sg4,0,obt-collector1,0/RP0/CPU0,0,DATA_TYPE_ENCAP_ID,0,,0,6609

2020-02-06 19:07:23.950000+00:00,spine3,sg4,0,obt-collector1,0/0/CPU0,0,DATA_TYPE_ENCAP_ID,0,,0,612

2020-02-06 19:07:23.951000+00:00,spine3,sg4,0,obt-collector1,0/RP0/CPU0,0,DATA_TYPE_ENCAP_ID,0,,0,6609

2020-02-06 19:07:44.068000+00:00,spine3,sg4,0,obt-collector1,0/0/CPU0,0,DATA_TYPE_ENCAP_ID,0,,0,612

2020-02-06 19:07:44.069000+00:00,spine3,sg4,0,obt-collector1,0/RP0/CPU0,0,DATA_TYPE_ENCAP_ID,0,,0,6609

2020-02-06 19:07:48.954000+00:00,spine3,sg4,0,obt-collector1,0/0/CPU0,0,DATA_TYPE_ENCAP_ID,0,,0,612

2020-02-06 19:07:48.956000+00:00,spine3,sg4,0,obt-collector1,0/RP0/CPU0,0,DATA_TYPE_ENCAP_ID,0,,0,6609

2020-02-06 19:08:04.005000+00:00,spine3,sg4,0,obt-collector1,0/0/CPU0,0,DATA_TYPE_ENCAP_ID,0,,0,612

2020-02-06 19:08:04.006000+00:00,spine3,sg4,0,obt-collector1,0/RP0/CPU0,0,DATA_TYPE_ENCAP_ID,0,,0,6609

2020-02-06 19:08:19.126000+00:00,spine3,sg4,0,obt-collector1,0/0/CPU0,0,DATA_TYPE_ENCAP_ID,0,,0,612

2020-02-06 19:08:19.128000+00:00,spine3,sg4,0,obt-collector1,0/RP0/CPU0,0,DATA_TYPE_ENCAP_ID,0,,0,6609

2020-02-06 19:08:28.874000+00:00,spine3,sg4,0,obt-collector1,0/0/CPU0,0,DATA_TYPE_ENCAP_ID,0,,0,612

2020-02-06 19:08:28.876000+00:00,spine3,sg4,0,obt-collector1,0/RP0/CPU0,0,DATA_TYPE_ENCAP_ID,0,,0,6609

2020-02-06 19:08:44.473000+00:00,spine3,sg4,0,obt-collector1,0/0/CPU0,0,DATA_TYPE_ENCAP_ID,0,,0,612

2020-02-06 19:08:44.475000+00:00,spine3,sg4,0,obt-collector1,0/RP0/CPU0,0,DATA_TYPE_ENCAP_ID,0,,0,6609

2020-02-06 19:09:04.092000+00:00,spine3,sg4,0,obt-collector1,0/0/CPU0,0,DATA_TYPE_ENCAP_ID,0,,0,612

2020-02-06 19:09:04.094000+00:00,spine3,sg4,0,obt-collector1,0/RP0/CPU0,0,DATA_TYPE_ENCAP_ID,0,,0,6609

2020-02-06 19:09:14.018000+00:00,spine3,sg4,0,obt-collector1,0/0/CPU0,0,DATA_TYPE_ENCAP_ID,0,,0,612

2020-02-06 19:09:14.020000+00:00,spine3,sg4,0,obt-collector1,0/RP0/CPU0,0,DATA_TYPE_ENCAP_ID,0,,0,6609

2020-02-06 19:10:14.017000+00:00,spine3,sg4,0,obt-collector1,0/0/CPU0,0,DATA_TYPE_ENCAP_ID,0,,0,612

2020-02-06 19:10:14.018000+00:00,spine3,sg4,0,obt-collector1,0/RP0/CPU0,0,DATA_TYPE_ENCAP_ID,0,,0,6609

2020-02-06 19:10:19.155000+00:00,spine3,sg4,0,obt-collector1,0/0/CPU0,0,DATA_TYPE_ENCAP_ID,0,,0,612

2020-02-06 19:10:19.158000+00:00,spine3,sg4,0,obt-collector1,0/RP0/CPU0,0,DATA_TYPE_ENCAP_ID,0,,0,6609

2020-02-06 19:10:29.129000+00:00,spine3,sg4,0,obt-collector1,0/0/CPU0,0,DATA_TYPE_ENCAP_ID,0,,0,612

2020-02-06 19:10:29.132000+00:00,spine3,sg4,0,obt-collector1,0/RP0/CPU0,0,DATA_TYPE_ENCAP_ID,0,,0,6609

2020-02-06 19:10:53.953000+00:00,spine3,sg4,0,obt-collector1,0/0/CPU0,0,DATA_TYPE_ENCAP_ID,0,,0,612

2020-02-06 19:10:53.954000+00:00,spine3,sg4,0,obt-collector1,0/RP0/CPU0,0,DATA_TYPE_ENCAP_ID,0,,0,6609

2020-02-06 19:11:04.089000+00:00,spine3,sg4,0,obt-collector1,0/0/CPU0,0,DATA_TYPE_ENCAP_ID,0,,0,612

2020-02-06 19:11:04.091000+00:00,spine3,sg4,0,obt-collector1,0/RP0/CPU0,0,DATA_TYPE_ENCAP_ID,0,,0,6609

2020-02-06 19:11:28.830000+00:00,spine3,sg4,0,obt-collector1,0/0/CPU0,0,DATA_TYPE_ENCAP_ID,0,,0,612

2020-02-06 19:11:28.834000+00:00,spine3,sg4,0,obt-collector1,0/RP0/CPU0,0,DATA_TYPE_ENCAP_ID,0,,0,6609

2020-02-06 19:11:39.848000+00:00,spine3,sg4,0,obt-collector1,0/0/CPU0,0,DATA_TYPE_ENCAP_ID,0,,0,612

2020-02-06 19:11:39.849000+00:00,spine3,sg4,0,obt-collector1,0/RP0/CPU0,0,DATA_TYPE_ENCAP_ID,0,,0,6609

2020-02-06 19:11:44.460000+00:00,spine3,sg4,0,obt-collector1,0/0/CPU0,0,DATA_TYPE_ENCAP_ID,0,,0,612

2020-02-06 19:11:44.461000+00:00,spine3,sg4,0,obt-collector1,0/RP0/CPU0,0,DATA_TYPE_ENCAP_ID,0,,0,6609

2020-02-06 19:12:09.305000+00:00,spine3,sg4,0,obt-collector1,0/0/CPU0,0,DATA_TYPE_ENCAP_ID,0,,0,612

2020-02-06 19:12:09.308000+00:00,spine3,sg4,0,obt-collector1,0/RP0/CPU0,0,DATA_TYPE_ENCAP_ID,0,,0,6609

2020-02-06 19:12:24.020000+00:00,spine3,sg4,0,obt-collector1,0/0/CPU0,0,DATA_TYPE_ENCAP_ID,0,,0,612

2020-02-06 19:12:24.021000+00:00,spine3,sg4,0,obt-collector1,0/RP0/CPU0,0,DATA_TYPE_ENCAP_ID,0,,0,6609

2020-02-06 19:12:39.816000+00:00,spine3,sg4,0,obt-collector1,0/0/CPU0,0,DATA_TYPE_ENCAP_ID,0,,0,612

2020-02-06 19:12:39.817000+00:00,spine3,sg4,0,obt-collector1,0/RP0/CPU0,0,DATA_TYPE_ENCAP_ID,0,,0,6609

2020-02-06 19:12:44.354000+00:00,spine3,sg4,0,obt-collector1,0/0/CPU0,0,DATA_TYPE_ENCAP_ID,0,,0,612

2020-02-06 19:12:44.355000+00:00,spine3,sg4,0,obt-collector1,0/RP0/CPU0,0,DATA_TYPE_ENCAP_ID,0,,0,6609

2020-02-06 19:12:49.363000+00:00,spine3,sg4,0,obt-collector1,0/0/CPU0,0,DATA_TYPE_ENCAP_ID,0,,0,612

2020-02-06 19:12:49.365000+00:00,spine3,sg4,0,obt-collector1,0/RP0/CPU0,0,DATA_TYPE_ENCAP_ID,0,,0,6609

2020-02-06 19:13:09.419000+00:00,spine3,sg4,0,obt-collector1,0/0/CPU0,0,DATA_TYPE_ENCAP_ID,0,,0,612

2020-02-06 19:13:09.422000+00:00,spine3,sg4,0,obt-collector1,0/RP0/CPU0,0,DATA_TYPE_ENCAP_ID,0,,0,6609

2020-02-06 19:13:14.199000+00:00,spine3,sg4,0,obt-collector1,0/0/CPU0,0,DATA_TYPE_ENCAP_ID,0,,0,612

2020-02-06 19:13:14.202000+00:00,spine3,sg4,0,obt-collector1,0/RP0/CPU0,0,DATA_TYPE_ENCAP_ID,0,,0,6609

2020-02-06 19:13:19.144000+00:00,spine3,sg4,0,obt-collector1,0/0/CPU0,0,DATA_TYPE_ENCAP_ID,0,,0,612

2020-02-06 19:13:19.146000+00:00,spine3,sg4,0,obt-collector1,0/RP0/CPU0,0,DATA_TYPE_ENCAP_ID,0,,0,6609

2020-02-06 19:13:43.975000+00:00,spine3,sg4,0,obt-collector1,0/0/CPU0,0,DATA_TYPE_ENCAP_ID,0,,0,612

2020-02-06 19:13:43.977000+00:00,spine3,sg4,0,obt-collector1,0/RP0/CPU0,0,DATA_TYPE_ENCAP_ID,0,,0,6609

2020-02-06 19:13:58.892000+00:00,spine3,sg4,0,obt-collector1,0/0/CPU0,0,DATA_TYPE_ENCAP_ID,0,,0,612

2020-02-06 19:13:58.895000+00:00,spine3,sg4,0,obt-collector1,0/RP0/CPU0,0,DATA_TYPE_ENCAP_ID,0,,0,6609

2020-02-06 19:14:04.022000+00:00,spine3,sg4,0,obt-collector1,0/0/CPU0,0,DATA_TYPE_ENCAP_ID,0,,0,612

2020-02-06 19:14:04.024000+00:00,spine3,sg4,0,obt-collector1,0/RP0/CPU0,0,DATA_TYPE_ENCAP_ID,0,,0,6609

2020-02-06 19:14:49.083000+00:00,spine3,sg4,0,obt-collector1,0/0/CPU0,0,DATA_TYPE_ENCAP_ID,0,,0,612

2020-02-06 19:14:49.086000+00:00,spine3,sg4,0,obt-collector1,0/RP0/CPU0,0,DATA_TYPE_ENCAP_ID,0,,0,6609

2020-02-06 19:15:30.839000+00:00,spine3,sg4,0,obt-collector1,0/0/CPU0,0,DATA_TYPE_ENCAP_ID,0,,0,612

2020-02-06 19:15:30.840000+00:00,spine3,sg4,0,obt-collector1,0/RP0/CPU0,0,DATA_TYPE_ENCAP_ID,0,,0,6609

2020-02-06 19:15:47.449000+00:00,spine3,sg4,0,obt-collector1,0/0/CPU0,0,DATA_TYPE_ENCAP_ID,0,,0,612

2020-02-06 19:15:47.451000+00:00,spine3,sg4,0,obt-collector1,0/RP0/CPU0,0,DATA_TYPE_ENCAP_ID,0,,0,6609

2020-02-06 19:16:06.931000+00:00,spine3,sg4,0,obt-collector1,0/0/CPU0,0,DATA_TYPE_ENCAP_ID,0,,0,612

2020-02-06 19:16:06.933000+00:00,spine3,sg4,0,obt-collector1,0/RP0/CPU0,0,DATA_TYPE_ENCAP_ID,0,,0,6609

2020-02-06 19:16:30.650000+00:00,spine3,sg4,0,obt-collector1,0/0/CPU0,0,DATA_TYPE_ENCAP_ID,0,,0,612

2020-02-06 19:16:30.651000+00:00,spine3,sg4,0,obt-collector1,0/RP0/CPU0,0,DATA_TYPE_ENCAP_ID,0,,0,6609

2020-02-06 19:16:34.346000+00:00,spine3,sg4,0,obt-collector1,0/0/CPU0,0,DATA_TYPE_ENCAP_ID,0,,0,612

2020-02-06 19:16:34.348000+00:00,spine3,sg4,0,obt-collector1,0/RP0/CPU0,0,DATA_TYPE_ENCAP_ID,0,,0,6609

2020-02-06 19:16:46.302000+00:00,spine3,sg4,0,obt-collector1,0/0/CPU0,0,DATA_TYPE_ENCAP_ID,0,,0,612

2020-02-06 19:16:46.303000+00:00,spine3,sg4,0,obt-collector1,0/RP0/CPU0,0,DATA_TYPE_ENCAP_ID,0,,0,6609

2020-02-06 19:16:57.674000+00:00,spine3,sg4,0,obt-collector1,0/0/CPU0,0,DATA_TYPE_ENCAP_ID,0,,0,612

2020-02-06 19:16:57.675000+00:00,spine3,sg4,0,obt-collector1,0/RP0/CPU0,0,DATA_TYPE_ENCAP_ID,0,,0,6609

2020-02-06 19:17:24.668000+00:00,spine3,sg4,0,obt-collector1,0/0/CPU0,0,DATA_TYPE_ENCAP_ID,0,,0,612

2020-02-06 19:17:24.670000+00:00,spine3,sg4,0,obt-collector1,0/RP0/CPU0,0,DATA_TYPE_ENCAP_ID,0,,0,6609

2020-02-06 19:17:28.622000+00:00,spine3,sg4,0,obt-collector1,0/0/CPU0,0,DATA_TYPE_ENCAP_ID,0,,0,612

2020-02-06 19:17:28.625000+00:00,spine3,sg4,0,obt-collector1,0/RP0/CPU0,0,DATA_TYPE_ENCAP_ID,0,,0,6609

2020-02-06 19:17:40.791000+00:00,spine3,sg4,0,obt-collector1,0/0/CPU0,0,DATA_TYPE_ENCAP_ID,0,,0,612

2020-02-06 19:17:40.792000+00:00,spine3,sg4,0,obt-collector1,0/RP0/CPU0,0,DATA_TYPE_ENCAP_ID,0,,0,6609

2020-02-06 19:18:16.547000+00:00,spine3,sg4,0,obt-collector1,0/0/CPU0,0,DATA_TYPE_ENCAP_ID,0,,0,612

2020-02-06 19:18:16.548000+00:00,spine3,sg4,0,obt-collector1,0/RP0/CPU0,0,DATA_TYPE_ENCAP_ID,0,,0,6609

2020-02-06 19:18:20.665000+00:00,spine3,sg4,0,obt-collector1,0/0/CPU0,0,DATA_TYPE_ENCAP_ID,0,,0,612

2020-02-06 19:18:20.666000+00:00,spine3,sg4,0,obt-collector1,0/RP0/CPU0,0,DATA_TYPE_ENCAP_ID,0,,0,6609

2020-02-06 19:18:24.363000+00:00,spine3,sg4,0,obt-collector1,0/0/CPU0,0,DATA_TYPE_ENCAP_ID,0,,0,612

2020-02-06 19:18:24.365000+00:00,spine3,sg4,0,obt-collector1,0/RP0/CPU0,0,DATA_TYPE_ENCAP_ID,0,,0,6609

2020-02-06 19:18:28.026000+00:00,spine3,sg4,0,obt-collector1,0/0/CPU0,0,DATA_TYPE_ENCAP_ID,0,,0,612

2020-02-06 19:18:28.028000+00:00,spine3,sg4,0,obt-collector1,0/RP0/CPU0,0,DATA_TYPE_ENCAP_ID,0,,0,6609

2020-02-06 19:18:35.959000+00:00,spine3,sg4,0,obt-collector1,0/0/CPU0,0,DATA_TYPE_ENCAP_ID,0,,0,612

2020-02-06 19:18:35.960000+00:00,spine3,sg4,0,obt-collector1,0/RP0/CPU0,0,DATA_TYPE_ENCAP_ID,0,,0,6609

2020-02-06 19:18:44.285000+00:00,spine3,sg4,0,obt-collector1,0/0/CPU0,0,DATA_TYPE_ENCAP_ID,0,,0,612

2020-02-06 19:18:44.286000+00:00,spine3,sg4,0,obt-collector1,0/RP0/CPU0,0,DATA_TYPE_ENCAP_ID,0,,0,6609

2020-02-06 19:18:56.731000+00:00,spine3,sg4,0,obt-collector1,0/0/CPU0,0,DATA_TYPE_ENCAP_ID,0,,0,612

2020-02-06 19:18:56.732000+00:00,spine3,sg4,0,obt-collector1,0/RP0/CPU0,0,DATA_TYPE_ENCAP_ID,0,,0,6609

