,Producer,Target,afi,clientid,full-table,host,insync,safi,table-id,updatemode,vrf-name

2020-02-06 19:15:20.109000+00:00,spine3,sg12,1,1,true,obt-collector1,0,1,-536870912,3,default

2020-02-06 19:15:20.143000+00:00,spine3,sg12,1,15,false,obt-collector1,1,1,-536870912,10,default

2020-02-06 19:15:20.153000+00:00,spine3,sg12,1,19,true,obt-collector1,1,1,-536870912,3,default

2020-02-06 19:15:20.161000+00:00,spine3,sg12,1,22,false,obt-collector1,1,1,-536870912,10,default

2020-02-06 19:15:27.499000+00:00,spine3,sg12,1,1,true,obt-collector1,0,1,-536870912,3,default

2020-02-06 19:15:27.532000+00:00,spine3,sg12,1,15,false,obt-collector1,1,1,-536870912,10,default

2020-02-06 19:15:27.546000+00:00,spine3,sg12,1,19,true,obt-collector1,1,1,-536870912,3,default

2020-02-06 19:15:27.554000+00:00,spine3,sg12,1,22,false,obt-collector1,1,1,-536870912,10,default

2020-02-06 19:15:35.368000+00:00,spine3,sg12,1,1,true,obt-collector1,0,1,-536870912,3,default

2020-02-06 19:15:35.410000+00:00,spine3,sg12,1,15,false,obt-collector1,1,1,-536870912,10,default

2020-02-06 19:15:35.421000+00:00,spine3,sg12,1,19,true,obt-collector1,1,1,-536870912,3,default

2020-02-06 19:15:35.428000+00:00,spine3,sg12,1,22,false,obt-collector1,1,1,-536870912,10,default

2020-02-06 19:15:39.936000+00:00,spine3,sg12,1,1,true,obt-collector1,0,1,-536870912,3,default

2020-02-06 19:15:39.969000+00:00,spine3,sg12,1,15,false,obt-collector1,1,1,-536870912,10,default

2020-02-06 19:15:39.980000+00:00,spine3,sg12,1,19,true,obt-collector1,1,1,-536870912,3,default

2020-02-06 19:15:39.988000+00:00,spine3,sg12,1,22,false,obt-collector1,1,1,-536870912,10,default

2020-02-06 19:15:52.041000+00:00,spine3,sg12,1,1,true,obt-collector1,0,1,-536870912,3,default

2020-02-06 19:15:52.075000+00:00,spine3,sg12,1,15,false,obt-collector1,1,1,-536870912,10,default

2020-02-06 19:15:52.085000+00:00,spine3,sg12,1,19,true,obt-collector1,1,1,-536870912,3,default

2020-02-06 19:15:52.093000+00:00,spine3,sg12,1,22,false,obt-collector1,1,1,-536870912,10,default

2020-02-06 19:16:11.799000+00:00,spine3,sg12,1,1,true,obt-collector1,0,1,-536870912,3,default

2020-02-06 19:16:11.834000+00:00,spine3,sg12,1,15,false,obt-collector1,1,1,-536870912,10,default

2020-02-06 19:16:11.844000+00:00,spine3,sg12,1,19,true,obt-collector1,1,1,-536870912,3,default

2020-02-06 19:16:11.852000+00:00,spine3,sg12,1,22,false,obt-collector1,1,1,-536870912,10,default

2020-02-06 19:16:15.435000+00:00,spine3,sg12,1,1,true,obt-collector1,0,1,-536870912,3,default

2020-02-06 19:16:15.468000+00:00,spine3,sg12,1,15,false,obt-collector1,1,1,-536870912,10,default

2020-02-06 19:16:15.479000+00:00,spine3,sg12,1,19,true,obt-collector1,1,1,-536870912,3,default

2020-02-06 19:16:15.487000+00:00,spine3,sg12,1,22,false,obt-collector1,1,1,-536870912,10,default

2020-02-06 19:16:31.395000+00:00,spine3,sg12,1,1,true,obt-collector1,0,1,-536870912,3,default

2020-02-06 19:16:31.428000+00:00,spine3,sg12,1,15,false,obt-collector1,1,1,-536870912,10,default

2020-02-06 19:16:31.440000+00:00,spine3,sg12,1,19,true,obt-collector1,1,1,-536870912,3,default

2020-02-06 19:16:31.449000+00:00,spine3,sg12,1,22,false,obt-collector1,1,1,-536870912,10,default

2020-02-06 19:16:35.101000+00:00,spine3,sg12,1,1,true,obt-collector1,0,1,-536870912,3,default

2020-02-06 19:16:35.134000+00:00,spine3,sg12,1,15,false,obt-collector1,1,1,-536870912,10,default

2020-02-06 19:16:35.144000+00:00,spine3,sg12,1,19,true,obt-collector1,1,1,-536870912,3,default

2020-02-06 19:16:35.152000+00:00,spine3,sg12,1,22,false,obt-collector1,1,1,-536870912,10,default

2020-02-06 19:16:39.376000+00:00,spine3,sg12,1,1,true,obt-collector1,0,1,-536870912,3,default

2020-02-06 19:16:39.429000+00:00,spine3,sg12,1,15,false,obt-collector1,1,1,-536870912,10,default

2020-02-06 19:16:39.447000+00:00,spine3,sg12,1,19,true,obt-collector1,1,1,-536870912,3,default

2020-02-06 19:16:39.464000+00:00,spine3,sg12,1,22,false,obt-collector1,1,1,-536870912,10,default

2020-02-06 19:16:43.326000+00:00,spine3,sg12,1,1,true,obt-collector1,0,1,-536870912,3,default

2020-02-06 19:16:43.369000+00:00,spine3,sg12,1,15,false,obt-collector1,1,1,-536870912,10,default

2020-02-06 19:16:43.389000+00:00,spine3,sg12,1,19,true,obt-collector1,1,1,-536870912,3,default

2020-02-06 19:16:43.401000+00:00,spine3,sg12,1,22,false,obt-collector1,1,1,-536870912,10,default

2020-02-06 19:17:06.312000+00:00,spine3,sg12,1,1,true,obt-collector1,0,1,-536870912,3,default

2020-02-06 19:17:06.346000+00:00,spine3,sg12,1,15,false,obt-collector1,1,1,-536870912,10,default

2020-02-06 19:17:06.357000+00:00,spine3,sg12,1,19,true,obt-collector1,1,1,-536870912,3,default

2020-02-06 19:17:06.365000+00:00,spine3,sg12,1,22,false,obt-collector1,1,1,-536870912,10,default

2020-02-06 19:17:33.803000+00:00,spine3,sg12,1,1,true,obt-collector1,0,1,-536870912,3,default

2020-02-06 19:17:33.836000+00:00,spine3,sg12,1,15,false,obt-collector1,1,1,-536870912,10,default

2020-02-06 19:17:33.847000+00:00,spine3,sg12,1,19,true,obt-collector1,1,1,-536870912,3,default

2020-02-06 19:17:33.855000+00:00,spine3,sg12,1,22,false,obt-collector1,1,1,-536870912,10,default

2020-02-06 19:17:37.427000+00:00,spine3,sg12,1,1,true,obt-collector1,0,1,-536870912,3,default

2020-02-06 19:17:37.460000+00:00,spine3,sg12,1,15,false,obt-collector1,1,1,-536870912,10,default

2020-02-06 19:17:37.470000+00:00,spine3,sg12,1,19,true,obt-collector1,1,1,-536870912,3,default

2020-02-06 19:17:37.478000+00:00,spine3,sg12,1,22,false,obt-collector1,1,1,-536870912,10,default

2020-02-06 19:18:01.658000+00:00,spine3,sg12,1,1,true,obt-collector1,0,1,-536870912,3,default

2020-02-06 19:18:01.696000+00:00,spine3,sg12,1,15,false,obt-collector1,1,1,-536870912,10,default

2020-02-06 19:18:01.707000+00:00,spine3,sg12,1,19,true,obt-collector1,1,1,-536870912,3,default

2020-02-06 19:18:01.715000+00:00,spine3,sg12,1,22,false,obt-collector1,1,1,-536870912,10,default

2020-02-06 19:18:17.282000+00:00,spine3,sg12,1,1,true,obt-collector1,0,1,-536870912,3,default

2020-02-06 19:18:17.319000+00:00,spine3,sg12,1,15,false,obt-collector1,1,1,-536870912,10,default

2020-02-06 19:18:17.331000+00:00,spine3,sg12,1,19,true,obt-collector1,1,1,-536870912,3,default

2020-02-06 19:18:17.340000+00:00,spine3,sg12,1,22,false,obt-collector1,1,1,-536870912,10,default

2020-02-06 19:18:21.407000+00:00,spine3,sg12,1,1,true,obt-collector1,0,1,-536870912,3,default

2020-02-06 19:18:21.440000+00:00,spine3,sg12,1,15,false,obt-collector1,1,1,-536870912,10,default

2020-02-06 19:18:21.450000+00:00,spine3,sg12,1,19,true,obt-collector1,1,1,-536870912,3,default

2020-02-06 19:18:21.458000+00:00,spine3,sg12,1,22,false,obt-collector1,1,1,-536870912,10,default

2020-02-06 19:18:25.112000+00:00,spine3,sg12,1,1,true,obt-collector1,0,1,-536870912,3,default

2020-02-06 19:18:25.145000+00:00,spine3,sg12,1,15,false,obt-collector1,1,1,-536870912,10,default

2020-02-06 19:18:25.155000+00:00,spine3,sg12,1,19,true,obt-collector1,1,1,-536870912,3,default

2020-02-06 19:18:25.163000+00:00,spine3,sg12,1,22,false,obt-collector1,1,1,-536870912,10,default

2020-02-06 19:18:50.130000+00:00,spine3,sg12,1,1,true,obt-collector1,0,1,-536870912,3,default

2020-02-06 19:18:50.164000+00:00,spine3,sg12,1,15,false,obt-collector1,1,1,-536870912,10,default

2020-02-06 19:18:50.174000+00:00,spine3,sg12,1,19,true,obt-collector1,1,1,-536870912,3,default

2020-02-06 19:18:50.182000+00:00,spine3,sg12,1,22,false,obt-collector1,1,1,-536870912,10,default

2020-02-06 19:18:53.793000+00:00,spine3,sg12,1,1,true,obt-collector1,0,1,-536870912,3,default

2020-02-06 19:18:53.827000+00:00,spine3,sg12,1,15,false,obt-collector1,1,1,-536870912,10,default

2020-02-06 19:18:53.837000+00:00,spine3,sg12,1,19,true,obt-collector1,1,1,-536870912,3,default

2020-02-06 19:18:53.845000+00:00,spine3,sg12,1,22,false,obt-collector1,1,1,-536870912,10,default

