,Producer,Target,clientid,distance,host,maxmetric,proto-instance,protocol-names,protoid,purgetime,tableid,update-complete

2020-02-06 19:05:42.570000+00:00,spine3,sg13,4,0,obt-collector1,255,,local,0,900,-528482304,true

2020-02-06 19:05:42.571000+00:00,spine3,sg13,4,0,obt-collector1,255,,local,0,900,-527433728,true

2020-02-06 19:05:42.576000+00:00,spine3,sg13,7,0,obt-collector1,255,,connected,1,900,-528482304,true

2020-02-06 19:05:42.577000+00:00,spine3,sg13,7,0,obt-collector1,255,,connected,1,900,-527433728,true

2020-02-06 19:05:42.583000+00:00,spine3,sg13,11,0,obt-collector1,255,l2tpv3_xconnect,connected,2,900,-528482304,true

2020-02-06 19:05:42.592000+00:00,spine3,sg13,19,255,obt-collector1,4294967295,65013,bgp,4,600,-528482304,true

2020-02-06 19:05:42.595000+00:00,spine3,sg13,20,0,obt-collector1,4294967295,bgp-65013,local-srv6,5,600,-528482304,true

2020-02-06 19:05:52.325000+00:00,spine3,sg13,4,0,obt-collector1,255,,local,0,900,-528482304,true

2020-02-06 19:05:52.326000+00:00,spine3,sg13,4,0,obt-collector1,255,,local,0,900,-527433728,true

2020-02-06 19:05:52.330000+00:00,spine3,sg13,7,0,obt-collector1,255,,connected,1,900,-528482304,true

2020-02-06 19:05:52.332000+00:00,spine3,sg13,7,0,obt-collector1,255,,connected,1,900,-527433728,true

2020-02-06 19:05:52.337000+00:00,spine3,sg13,11,0,obt-collector1,255,l2tpv3_xconnect,connected,2,900,-528482304,true

2020-02-06 19:05:52.345000+00:00,spine3,sg13,19,255,obt-collector1,4294967295,65013,bgp,4,600,-528482304,true

2020-02-06 19:05:52.348000+00:00,spine3,sg13,20,0,obt-collector1,4294967295,bgp-65013,local-srv6,5,600,-528482304,true

2020-02-06 19:05:56.906000+00:00,spine3,sg13,4,0,obt-collector1,255,,local,0,900,-528482304,true

2020-02-06 19:05:56.907000+00:00,spine3,sg13,4,0,obt-collector1,255,,local,0,900,-527433728,true

2020-02-06 19:05:56.912000+00:00,spine3,sg13,7,0,obt-collector1,255,,connected,1,900,-528482304,true

2020-02-06 19:05:56.913000+00:00,spine3,sg13,7,0,obt-collector1,255,,connected,1,900,-527433728,true

2020-02-06 19:05:56.919000+00:00,spine3,sg13,11,0,obt-collector1,255,l2tpv3_xconnect,connected,2,900,-528482304,true

2020-02-06 19:05:56.928000+00:00,spine3,sg13,19,255,obt-collector1,4294967295,65013,bgp,4,600,-528482304,true

2020-02-06 19:05:56.930000+00:00,spine3,sg13,20,0,obt-collector1,4294967295,bgp-65013,local-srv6,5,600,-528482304,true

2020-02-06 19:06:21.529000+00:00,spine3,sg13,4,0,obt-collector1,255,,local,0,900,-528482304,true

2020-02-06 19:06:21.530000+00:00,spine3,sg13,4,0,obt-collector1,255,,local,0,900,-527433728,true

2020-02-06 19:06:21.534000+00:00,spine3,sg13,7,0,obt-collector1,255,,connected,1,900,-528482304,true

2020-02-06 19:06:21.536000+00:00,spine3,sg13,7,0,obt-collector1,255,,connected,1,900,-527433728,true

2020-02-06 19:06:21.542000+00:00,spine3,sg13,11,0,obt-collector1,255,l2tpv3_xconnect,connected,2,900,-528482304,true

2020-02-06 19:06:21.550000+00:00,spine3,sg13,19,255,obt-collector1,4294967295,65013,bgp,4,600,-528482304,true

2020-02-06 19:06:21.552000+00:00,spine3,sg13,20,0,obt-collector1,4294967295,bgp-65013,local-srv6,5,600,-528482304,true

2020-02-06 19:06:41.193000+00:00,spine3,sg13,4,0,obt-collector1,255,,local,0,900,-528482304,true

2020-02-06 19:06:41.194000+00:00,spine3,sg13,4,0,obt-collector1,255,,local,0,900,-527433728,true

2020-02-06 19:06:41.199000+00:00,spine3,sg13,7,0,obt-collector1,255,,connected,1,900,-528482304,true

2020-02-06 19:06:41.200000+00:00,spine3,sg13,7,0,obt-collector1,255,,connected,1,900,-527433728,true

2020-02-06 19:06:41.206000+00:00,spine3,sg13,11,0,obt-collector1,255,l2tpv3_xconnect,connected,2,900,-528482304,true

2020-02-06 19:06:41.214000+00:00,spine3,sg13,19,255,obt-collector1,4294967295,65013,bgp,4,600,-528482304,true

2020-02-06 19:06:41.216000+00:00,spine3,sg13,20,0,obt-collector1,4294967295,bgp-65013,local-srv6,5,600,-528482304,true

2020-02-06 19:06:51.318000+00:00,spine3,sg13,4,0,obt-collector1,255,,local,0,900,-528482304,true

2020-02-06 19:06:51.320000+00:00,spine3,sg13,4,0,obt-collector1,255,,local,0,900,-527433728,true

2020-02-06 19:06:51.325000+00:00,spine3,sg13,7,0,obt-collector1,255,,connected,1,900,-528482304,true

2020-02-06 19:06:51.326000+00:00,spine3,sg13,7,0,obt-collector1,255,,connected,1,900,-527433728,true

2020-02-06 19:06:51.332000+00:00,spine3,sg13,11,0,obt-collector1,255,l2tpv3_xconnect,connected,2,900,-528482304,true

2020-02-06 19:06:51.340000+00:00,spine3,sg13,19,255,obt-collector1,4294967295,65013,bgp,4,600,-528482304,true

2020-02-06 19:06:51.343000+00:00,spine3,sg13,20,0,obt-collector1,4294967295,bgp-65013,local-srv6,5,600,-528482304,true

2020-02-06 19:07:05.883000+00:00,spine3,sg13,4,0,obt-collector1,255,,local,0,900,-528482304,true

2020-02-06 19:07:05.884000+00:00,spine3,sg13,4,0,obt-collector1,255,,local,0,900,-527433728,true

2020-02-06 19:07:05.889000+00:00,spine3,sg13,7,0,obt-collector1,255,,connected,1,900,-528482304,true

2020-02-06 19:07:05.890000+00:00,spine3,sg13,7,0,obt-collector1,255,,connected,1,900,-527433728,true

2020-02-06 19:07:05.896000+00:00,spine3,sg13,11,0,obt-collector1,255,l2tpv3_xconnect,connected,2,900,-528482304,true

2020-02-06 19:07:05.904000+00:00,spine3,sg13,19,255,obt-collector1,4294967295,65013,bgp,4,600,-528482304,true

2020-02-06 19:07:05.906000+00:00,spine3,sg13,20,0,obt-collector1,4294967295,bgp-65013,local-srv6,5,600,-528482304,true

2020-02-06 19:07:15.660000+00:00,spine3,sg13,4,0,obt-collector1,255,,local,0,900,-528482304,true

2020-02-06 19:07:15.661000+00:00,spine3,sg13,4,0,obt-collector1,255,,local,0,900,-527433728,true

2020-02-06 19:07:15.666000+00:00,spine3,sg13,7,0,obt-collector1,255,,connected,1,900,-528482304,true

2020-02-06 19:07:15.667000+00:00,spine3,sg13,7,0,obt-collector1,255,,connected,1,900,-527433728,true

2020-02-06 19:07:15.673000+00:00,spine3,sg13,11,0,obt-collector1,255,l2tpv3_xconnect,connected,2,900,-528482304,true

2020-02-06 19:07:15.681000+00:00,spine3,sg13,19,255,obt-collector1,4294967295,65013,bgp,4,600,-528482304,true

2020-02-06 19:07:15.683000+00:00,spine3,sg13,20,0,obt-collector1,4294967295,bgp-65013,local-srv6,5,600,-528482304,true

2020-02-06 19:07:25.559000+00:00,spine3,sg13,4,0,obt-collector1,255,,local,0,900,-528482304,true

2020-02-06 19:07:25.560000+00:00,spine3,sg13,4,0,obt-collector1,255,,local,0,900,-527433728,true

2020-02-06 19:07:25.565000+00:00,spine3,sg13,7,0,obt-collector1,255,,connected,1,900,-528482304,true

2020-02-06 19:07:25.566000+00:00,spine3,sg13,7,0,obt-collector1,255,,connected,1,900,-527433728,true

2020-02-06 19:07:25.572000+00:00,spine3,sg13,11,0,obt-collector1,255,l2tpv3_xconnect,connected,2,900,-528482304,true

2020-02-06 19:07:25.580000+00:00,spine3,sg13,19,255,obt-collector1,4294967295,65013,bgp,4,600,-528482304,true

2020-02-06 19:07:25.583000+00:00,spine3,sg13,20,0,obt-collector1,4294967295,bgp-65013,local-srv6,5,600,-528482304,true

2020-02-06 19:07:30.923000+00:00,spine3,sg13,7,0,obt-collector1,255,,connected,1,900,-528482304,true

2020-02-06 19:07:30.924000+00:00,spine3,sg13,7,0,obt-collector1,255,,connected,1,900,-527433728,true

2020-02-06 19:07:30.930000+00:00,spine3,sg13,11,0,obt-collector1,255,l2tpv3_xconnect,connected,2,900,-528482304,true

2020-02-06 19:07:30.938000+00:00,spine3,sg13,19,255,obt-collector1,4294967295,65013,bgp,4,600,-528482304,true

2020-02-06 19:07:30.940000+00:00,spine3,sg13,20,0,obt-collector1,4294967295,bgp-65013,local-srv6,5,600,-528482304,true

2020-02-06 19:07:35.958000+00:00,spine3,sg13,4,0,obt-collector1,255,,local,0,900,-528482304,true

2020-02-06 19:07:35.959000+00:00,spine3,sg13,4,0,obt-collector1,255,,local,0,900,-527433728,true

2020-02-06 19:07:35.964000+00:00,spine3,sg13,7,0,obt-collector1,255,,connected,1,900,-528482304,true

2020-02-06 19:07:35.965000+00:00,spine3,sg13,7,0,obt-collector1,255,,connected,1,900,-527433728,true

2020-02-06 19:07:35.971000+00:00,spine3,sg13,11,0,obt-collector1,255,l2tpv3_xconnect,connected,2,900,-528482304,true

2020-02-06 19:07:35.979000+00:00,spine3,sg13,19,255,obt-collector1,4294967295,65013,bgp,4,600,-528482304,true

2020-02-06 19:07:35.982000+00:00,spine3,sg13,20,0,obt-collector1,4294967295,bgp-65013,local-srv6,5,600,-528482304,true

2020-02-06 19:07:41.089000+00:00,spine3,sg13,4,0,obt-collector1,255,,local,0,900,-528482304,true

2020-02-06 19:07:41.090000+00:00,spine3,sg13,4,0,obt-collector1,255,,local,0,900,-527433728,true

2020-02-06 19:07:41.095000+00:00,spine3,sg13,7,0,obt-collector1,255,,connected,1,900,-528482304,true

2020-02-06 19:07:41.096000+00:00,spine3,sg13,7,0,obt-collector1,255,,connected,1,900,-527433728,true

2020-02-06 19:07:41.102000+00:00,spine3,sg13,11,0,obt-collector1,255,l2tpv3_xconnect,connected,2,900,-528482304,true

2020-02-06 19:07:41.110000+00:00,spine3,sg13,19,255,obt-collector1,4294967295,65013,bgp,4,600,-528482304,true

2020-02-06 19:07:41.112000+00:00,spine3,sg13,20,0,obt-collector1,4294967295,bgp-65013,local-srv6,5,600,-528482304,true

2020-02-06 19:07:50.943000+00:00,spine3,sg13,4,0,obt-collector1,255,,local,0,900,-528482304,true

2020-02-06 19:07:50.945000+00:00,spine3,sg13,4,0,obt-collector1,255,,local,0,900,-527433728,true

2020-02-06 19:07:50.949000+00:00,spine3,sg13,7,0,obt-collector1,255,,connected,1,900,-528482304,true

2020-02-06 19:07:50.951000+00:00,spine3,sg13,7,0,obt-collector1,255,,connected,1,900,-527433728,true

2020-02-06 19:07:50.957000+00:00,spine3,sg13,11,0,obt-collector1,255,l2tpv3_xconnect,connected,2,900,-528482304,true

2020-02-06 19:07:50.965000+00:00,spine3,sg13,19,255,obt-collector1,4294967295,65013,bgp,4,600,-528482304,true

2020-02-06 19:07:50.967000+00:00,spine3,sg13,20,0,obt-collector1,4294967295,bgp-65013,local-srv6,5,600,-528482304,true

2020-02-06 19:08:05.820000+00:00,spine3,sg13,4,0,obt-collector1,255,,local,0,900,-528482304,true

2020-02-06 19:08:05.822000+00:00,spine3,sg13,4,0,obt-collector1,255,,local,0,900,-527433728,true

2020-02-06 19:08:05.828000+00:00,spine3,sg13,7,0,obt-collector1,255,,connected,1,900,-528482304,true

2020-02-06 19:08:05.830000+00:00,spine3,sg13,7,0,obt-collector1,255,,connected,1,900,-527433728,true

2020-02-06 19:08:05.836000+00:00,spine3,sg13,11,0,obt-collector1,255,l2tpv3_xconnect,connected,2,900,-528482304,true

2020-02-06 19:08:05.848000+00:00,spine3,sg13,19,255,obt-collector1,4294967295,65013,bgp,4,600,-528482304,true

2020-02-06 19:08:05.851000+00:00,spine3,sg13,20,0,obt-collector1,4294967295,bgp-65013,local-srv6,5,600,-528482304,true

2020-02-06 19:08:46.190000+00:00,spine3,sg13,4,0,obt-collector1,255,,local,0,900,-528482304,true

2020-02-06 19:08:46.191000+00:00,spine3,sg13,4,0,obt-collector1,255,,local,0,900,-527433728,true

2020-02-06 19:08:46.196000+00:00,spine3,sg13,7,0,obt-collector1,255,,connected,1,900,-528482304,true

2020-02-06 19:08:46.197000+00:00,spine3,sg13,7,0,obt-collector1,255,,connected,1,900,-527433728,true

2020-02-06 19:08:46.203000+00:00,spine3,sg13,11,0,obt-collector1,255,l2tpv3_xconnect,connected,2,900,-528482304,true

2020-02-06 19:08:46.211000+00:00,spine3,sg13,19,255,obt-collector1,4294967295,65013,bgp,4,600,-528482304,true

2020-02-06 19:08:46.214000+00:00,spine3,sg13,20,0,obt-collector1,4294967295,bgp-65013,local-srv6,5,600,-528482304,true

2020-02-06 19:09:01.098000+00:00,spine3,sg13,4,0,obt-collector1,255,,local,0,900,-528482304,true

2020-02-06 19:09:01.099000+00:00,spine3,sg13,4,0,obt-collector1,255,,local,0,900,-527433728,true

2020-02-06 19:09:01.104000+00:00,spine3,sg13,7,0,obt-collector1,255,,connected,1,900,-528482304,true

2020-02-06 19:09:01.105000+00:00,spine3,sg13,7,0,obt-collector1,255,,connected,1,900,-527433728,true

2020-02-06 19:09:01.111000+00:00,spine3,sg13,11,0,obt-collector1,255,l2tpv3_xconnect,connected,2,900,-528482304,true

2020-02-06 19:09:01.119000+00:00,spine3,sg13,19,255,obt-collector1,4294967295,65013,bgp,4,600,-528482304,true

2020-02-06 19:09:01.121000+00:00,spine3,sg13,20,0,obt-collector1,4294967295,bgp-65013,local-srv6,5,600,-528482304,true

2020-02-06 19:09:25.489000+00:00,spine3,sg13,4,0,obt-collector1,255,,local,0,900,-528482304,true

2020-02-06 19:09:25.490000+00:00,spine3,sg13,4,0,obt-collector1,255,,local,0,900,-527433728,true

2020-02-06 19:09:25.495000+00:00,spine3,sg13,7,0,obt-collector1,255,,connected,1,900,-528482304,true

2020-02-06 19:09:25.496000+00:00,spine3,sg13,7,0,obt-collector1,255,,connected,1,900,-527433728,true

2020-02-06 19:09:25.502000+00:00,spine3,sg13,11,0,obt-collector1,255,l2tpv3_xconnect,connected,2,900,-528482304,true

2020-02-06 19:09:25.510000+00:00,spine3,sg13,19,255,obt-collector1,4294967295,65013,bgp,4,600,-528482304,true

2020-02-06 19:09:25.513000+00:00,spine3,sg13,20,0,obt-collector1,4294967295,bgp-65013,local-srv6,5,600,-528482304,true

2020-02-06 19:09:35.667000+00:00,spine3,sg13,4,0,obt-collector1,255,,local,0,900,-528482304,true

2020-02-06 19:09:35.668000+00:00,spine3,sg13,4,0,obt-collector1,255,,local,0,900,-527433728,true

2020-02-06 19:09:35.673000+00:00,spine3,sg13,7,0,obt-collector1,255,,connected,1,900,-528482304,true

2020-02-06 19:09:35.675000+00:00,spine3,sg13,7,0,obt-collector1,255,,connected,1,900,-527433728,true

2020-02-06 19:09:35.680000+00:00,spine3,sg13,11,0,obt-collector1,255,l2tpv3_xconnect,connected,2,900,-528482304,true

2020-02-06 19:09:35.689000+00:00,spine3,sg13,19,255,obt-collector1,4294967295,65013,bgp,4,600,-528482304,true

2020-02-06 19:09:35.691000+00:00,spine3,sg13,20,0,obt-collector1,4294967295,bgp-65013,local-srv6,5,600,-528482304,true

2020-02-06 19:10:01.015000+00:00,spine3,sg13,4,0,obt-collector1,255,,local,0,900,-528482304,true

2020-02-06 19:10:01.017000+00:00,spine3,sg13,4,0,obt-collector1,255,,local,0,900,-527433728,true

2020-02-06 19:10:01.022000+00:00,spine3,sg13,7,0,obt-collector1,255,,connected,1,900,-528482304,true

2020-02-06 19:10:01.023000+00:00,spine3,sg13,7,0,obt-collector1,255,,connected,1,900,-527433728,true

2020-02-06 19:10:01.029000+00:00,spine3,sg13,11,0,obt-collector1,255,l2tpv3_xconnect,connected,2,900,-528482304,true

2020-02-06 19:10:01.038000+00:00,spine3,sg13,19,255,obt-collector1,4294967295,65013,bgp,4,600,-528482304,true

2020-02-06 19:10:01.041000+00:00,spine3,sg13,20,0,obt-collector1,4294967295,bgp-65013,local-srv6,5,600,-528482304,true

2020-02-06 19:10:05.703000+00:00,spine3,sg13,4,0,obt-collector1,255,,local,0,900,-528482304,true

2020-02-06 19:10:05.704000+00:00,spine3,sg13,4,0,obt-collector1,255,,local,0,900,-527433728,true

2020-02-06 19:10:05.709000+00:00,spine3,sg13,7,0,obt-collector1,255,,connected,1,900,-528482304,true

2020-02-06 19:10:05.710000+00:00,spine3,sg13,7,0,obt-collector1,255,,connected,1,900,-527433728,true

2020-02-06 19:10:05.716000+00:00,spine3,sg13,11,0,obt-collector1,255,l2tpv3_xconnect,connected,2,900,-528482304,true

2020-02-06 19:10:05.724000+00:00,spine3,sg13,19,255,obt-collector1,4294967295,65013,bgp,4,600,-528482304,true

2020-02-06 19:10:05.726000+00:00,spine3,sg13,20,0,obt-collector1,4294967295,bgp-65013,local-srv6,5,600,-528482304,true

2020-02-06 19:10:11.036000+00:00,spine3,sg13,4,0,obt-collector1,255,,local,0,900,-528482304,true

2020-02-06 19:10:11.038000+00:00,spine3,sg13,4,0,obt-collector1,255,,local,0,900,-527433728,true

2020-02-06 19:10:11.042000+00:00,spine3,sg13,7,0,obt-collector1,255,,connected,1,900,-528482304,true

2020-02-06 19:10:11.044000+00:00,spine3,sg13,7,0,obt-collector1,255,,connected,1,900,-527433728,true

2020-02-06 19:10:11.050000+00:00,spine3,sg13,11,0,obt-collector1,255,l2tpv3_xconnect,connected,2,900,-528482304,true

2020-02-06 19:10:11.058000+00:00,spine3,sg13,19,255,obt-collector1,4294967295,65013,bgp,4,600,-528482304,true

2020-02-06 19:10:11.060000+00:00,spine3,sg13,20,0,obt-collector1,4294967295,bgp-65013,local-srv6,5,600,-528482304,true

2020-02-06 19:10:25.788000+00:00,spine3,sg13,4,0,obt-collector1,255,,local,0,900,-528482304,true

2020-02-06 19:10:25.789000+00:00,spine3,sg13,4,0,obt-collector1,255,,local,0,900,-527433728,true

2020-02-06 19:10:25.794000+00:00,spine3,sg13,7,0,obt-collector1,255,,connected,1,900,-528482304,true

2020-02-06 19:10:25.795000+00:00,spine3,sg13,7,0,obt-collector1,255,,connected,1,900,-527433728,true

2020-02-06 19:10:25.801000+00:00,spine3,sg13,11,0,obt-collector1,255,l2tpv3_xconnect,connected,2,900,-528482304,true

2020-02-06 19:10:25.808000+00:00,spine3,sg13,19,255,obt-collector1,4294967295,65013,bgp,4,600,-528482304,true

2020-02-06 19:10:25.811000+00:00,spine3,sg13,20,0,obt-collector1,4294967295,bgp-65013,local-srv6,5,600,-528482304,true

2020-02-06 19:10:31.023000+00:00,spine3,sg13,4,0,obt-collector1,255,,local,0,900,-528482304,true

2020-02-06 19:10:31.024000+00:00,spine3,sg13,4,0,obt-collector1,255,,local,0,900,-527433728,true

2020-02-06 19:10:31.029000+00:00,spine3,sg13,7,0,obt-collector1,255,,connected,1,900,-528482304,true

2020-02-06 19:10:31.030000+00:00,spine3,sg13,7,0,obt-collector1,255,,connected,1,900,-527433728,true

2020-02-06 19:10:31.036000+00:00,spine3,sg13,11,0,obt-collector1,255,l2tpv3_xconnect,connected,2,900,-528482304,true

2020-02-06 19:10:31.044000+00:00,spine3,sg13,19,255,obt-collector1,4294967295,65013,bgp,4,600,-528482304,true

2020-02-06 19:10:31.046000+00:00,spine3,sg13,20,0,obt-collector1,4294967295,bgp-65013,local-srv6,5,600,-528482304,true

2020-02-06 19:10:40.972000+00:00,spine3,sg13,4,0,obt-collector1,255,,local,0,900,-528482304,true

2020-02-06 19:10:40.974000+00:00,spine3,sg13,4,0,obt-collector1,255,,local,0,900,-527433728,true

2020-02-06 19:10:40.978000+00:00,spine3,sg13,7,0,obt-collector1,255,,connected,1,900,-528482304,true

2020-02-06 19:10:40.979000+00:00,spine3,sg13,7,0,obt-collector1,255,,connected,1,900,-527433728,true

2020-02-06 19:10:40.985000+00:00,spine3,sg13,11,0,obt-collector1,255,l2tpv3_xconnect,connected,2,900,-528482304,true

2020-02-06 19:10:40.993000+00:00,spine3,sg13,19,255,obt-collector1,4294967295,65013,bgp,4,600,-528482304,true

2020-02-06 19:10:40.996000+00:00,spine3,sg13,20,0,obt-collector1,4294967295,bgp-65013,local-srv6,5,600,-528482304,true

2020-02-06 19:10:45.637000+00:00,spine3,sg13,4,0,obt-collector1,255,,local,0,900,-528482304,true

2020-02-06 19:10:45.638000+00:00,spine3,sg13,4,0,obt-collector1,255,,local,0,900,-527433728,true

2020-02-06 19:10:45.643000+00:00,spine3,sg13,7,0,obt-collector1,255,,connected,1,900,-528482304,true

2020-02-06 19:10:45.644000+00:00,spine3,sg13,7,0,obt-collector1,255,,connected,1,900,-527433728,true

2020-02-06 19:10:45.650000+00:00,spine3,sg13,11,0,obt-collector1,255,l2tpv3_xconnect,connected,2,900,-528482304,true

2020-02-06 19:10:45.658000+00:00,spine3,sg13,19,255,obt-collector1,4294967295,65013,bgp,4,600,-528482304,true

2020-02-06 19:10:45.660000+00:00,spine3,sg13,20,0,obt-collector1,4294967295,bgp-65013,local-srv6,5,600,-528482304,true

2020-02-06 19:10:50.960000+00:00,spine3,sg13,4,0,obt-collector1,255,,local,0,900,-528482304,true

2020-02-06 19:10:50.961000+00:00,spine3,sg13,4,0,obt-collector1,255,,local,0,900,-527433728,true

2020-02-06 19:10:50.966000+00:00,spine3,sg13,7,0,obt-collector1,255,,connected,1,900,-528482304,true

2020-02-06 19:10:50.967000+00:00,spine3,sg13,7,0,obt-collector1,255,,connected,1,900,-527433728,true

2020-02-06 19:10:50.973000+00:00,spine3,sg13,11,0,obt-collector1,255,l2tpv3_xconnect,connected,2,900,-528482304,true

2020-02-06 19:10:50.981000+00:00,spine3,sg13,19,255,obt-collector1,4294967295,65013,bgp,4,600,-528482304,true

2020-02-06 19:10:50.983000+00:00,spine3,sg13,20,0,obt-collector1,4294967295,bgp-65013,local-srv6,5,600,-528482304,true

2020-02-06 19:11:00.949000+00:00,spine3,sg13,4,0,obt-collector1,255,,local,0,900,-528482304,true

2020-02-06 19:11:00.951000+00:00,spine3,sg13,4,0,obt-collector1,255,,local,0,900,-527433728,true

2020-02-06 19:11:00.955000+00:00,spine3,sg13,7,0,obt-collector1,255,,connected,1,900,-528482304,true

2020-02-06 19:11:00.956000+00:00,spine3,sg13,7,0,obt-collector1,255,,connected,1,900,-527433728,true

2020-02-06 19:11:00.962000+00:00,spine3,sg13,11,0,obt-collector1,255,l2tpv3_xconnect,connected,2,900,-528482304,true

2020-02-06 19:11:00.970000+00:00,spine3,sg13,19,255,obt-collector1,4294967295,65013,bgp,4,600,-528482304,true

2020-02-06 19:11:00.973000+00:00,spine3,sg13,20,0,obt-collector1,4294967295,bgp-65013,local-srv6,5,600,-528482304,true

2020-02-06 19:11:05.745000+00:00,spine3,sg13,4,0,obt-collector1,255,,local,0,900,-528482304,true

2020-02-06 19:11:05.746000+00:00,spine3,sg13,4,0,obt-collector1,255,,local,0,900,-527433728,true

2020-02-06 19:11:05.751000+00:00,spine3,sg13,7,0,obt-collector1,255,,connected,1,900,-528482304,true

2020-02-06 19:11:05.752000+00:00,spine3,sg13,7,0,obt-collector1,255,,connected,1,900,-527433728,true

2020-02-06 19:11:05.758000+00:00,spine3,sg13,11,0,obt-collector1,255,l2tpv3_xconnect,connected,2,900,-528482304,true

2020-02-06 19:11:05.766000+00:00,spine3,sg13,19,255,obt-collector1,4294967295,65013,bgp,4,600,-528482304,true

2020-02-06 19:11:05.769000+00:00,spine3,sg13,20,0,obt-collector1,4294967295,bgp-65013,local-srv6,5,600,-528482304,true

2020-02-06 19:11:10.963000+00:00,spine3,sg13,4,0,obt-collector1,255,,local,0,900,-528482304,true

2020-02-06 19:11:10.964000+00:00,spine3,sg13,4,0,obt-collector1,255,,local,0,900,-527433728,true

2020-02-06 19:11:10.969000+00:00,spine3,sg13,7,0,obt-collector1,255,,connected,1,900,-528482304,true

2020-02-06 19:11:10.970000+00:00,spine3,sg13,7,0,obt-collector1,255,,connected,1,900,-527433728,true

2020-02-06 19:11:10.976000+00:00,spine3,sg13,11,0,obt-collector1,255,l2tpv3_xconnect,connected,2,900,-528482304,true

2020-02-06 19:11:10.984000+00:00,spine3,sg13,19,255,obt-collector1,4294967295,65013,bgp,4,600,-528482304,true

2020-02-06 19:11:10.987000+00:00,spine3,sg13,20,0,obt-collector1,4294967295,bgp-65013,local-srv6,5,600,-528482304,true

2020-02-06 19:11:20.956000+00:00,spine3,sg13,4,0,obt-collector1,255,,local,0,900,-528482304,true

2020-02-06 19:11:20.957000+00:00,spine3,sg13,4,0,obt-collector1,255,,local,0,900,-527433728,true

2020-02-06 19:11:20.962000+00:00,spine3,sg13,7,0,obt-collector1,255,,connected,1,900,-528482304,true

2020-02-06 19:11:20.963000+00:00,spine3,sg13,7,0,obt-collector1,255,,connected,1,900,-527433728,true

2020-02-06 19:11:20.969000+00:00,spine3,sg13,11,0,obt-collector1,255,l2tpv3_xconnect,connected,2,900,-528482304,true

2020-02-06 19:11:20.977000+00:00,spine3,sg13,19,255,obt-collector1,4294967295,65013,bgp,4,600,-528482304,true

2020-02-06 19:11:20.980000+00:00,spine3,sg13,20,0,obt-collector1,4294967295,bgp-65013,local-srv6,5,600,-528482304,true

2020-02-06 19:11:35.624000+00:00,spine3,sg13,4,0,obt-collector1,255,,local,0,900,-528482304,true

2020-02-06 19:11:35.626000+00:00,spine3,sg13,4,0,obt-collector1,255,,local,0,900,-527433728,true

2020-02-06 19:11:35.630000+00:00,spine3,sg13,7,0,obt-collector1,255,,connected,1,900,-528482304,true

2020-02-06 19:11:35.631000+00:00,spine3,sg13,7,0,obt-collector1,255,,connected,1,900,-527433728,true

2020-02-06 19:11:35.637000+00:00,spine3,sg13,11,0,obt-collector1,255,l2tpv3_xconnect,connected,2,900,-528482304,true

2020-02-06 19:11:35.645000+00:00,spine3,sg13,19,255,obt-collector1,4294967295,65013,bgp,4,600,-528482304,true

2020-02-06 19:11:35.647000+00:00,spine3,sg13,20,0,obt-collector1,4294967295,bgp-65013,local-srv6,5,600,-528482304,true

2020-02-06 19:11:46.079000+00:00,spine3,sg13,4,0,obt-collector1,255,,local,0,900,-528482304,true

2020-02-06 19:11:46.080000+00:00,spine3,sg13,4,0,obt-collector1,255,,local,0,900,-527433728,true

2020-02-06 19:11:46.085000+00:00,spine3,sg13,7,0,obt-collector1,255,,connected,1,900,-528482304,true

2020-02-06 19:11:46.086000+00:00,spine3,sg13,7,0,obt-collector1,255,,connected,1,900,-527433728,true

2020-02-06 19:11:46.092000+00:00,spine3,sg13,11,0,obt-collector1,255,l2tpv3_xconnect,connected,2,900,-528482304,true

2020-02-06 19:11:46.100000+00:00,spine3,sg13,19,255,obt-collector1,4294967295,65013,bgp,4,600,-528482304,true

2020-02-06 19:11:46.103000+00:00,spine3,sg13,20,0,obt-collector1,4294967295,bgp-65013,local-srv6,5,600,-528482304,true

2020-02-06 19:11:56.106000+00:00,spine3,sg13,4,0,obt-collector1,255,,local,0,900,-528482304,true

2020-02-06 19:11:56.107000+00:00,spine3,sg13,4,0,obt-collector1,255,,local,0,900,-527433728,true

2020-02-06 19:11:56.112000+00:00,spine3,sg13,7,0,obt-collector1,255,,connected,1,900,-528482304,true

2020-02-06 19:11:56.113000+00:00,spine3,sg13,7,0,obt-collector1,255,,connected,1,900,-527433728,true

2020-02-06 19:11:56.119000+00:00,spine3,sg13,11,0,obt-collector1,255,l2tpv3_xconnect,connected,2,900,-528482304,true

2020-02-06 19:11:56.127000+00:00,spine3,sg13,19,255,obt-collector1,4294967295,65013,bgp,4,600,-528482304,true

2020-02-06 19:11:56.129000+00:00,spine3,sg13,20,0,obt-collector1,4294967295,bgp-65013,local-srv6,5,600,-528482304,true

2020-02-06 19:12:25.667000+00:00,spine3,sg13,4,0,obt-collector1,255,,local,0,900,-528482304,true

2020-02-06 19:12:25.669000+00:00,spine3,sg13,4,0,obt-collector1,255,,local,0,900,-527433728,true

2020-02-06 19:12:25.673000+00:00,spine3,sg13,7,0,obt-collector1,255,,connected,1,900,-528482304,true

2020-02-06 19:12:25.675000+00:00,spine3,sg13,7,0,obt-collector1,255,,connected,1,900,-527433728,true

2020-02-06 19:12:25.680000+00:00,spine3,sg13,11,0,obt-collector1,255,l2tpv3_xconnect,connected,2,900,-528482304,true

2020-02-06 19:12:25.688000+00:00,spine3,sg13,19,255,obt-collector1,4294967295,65013,bgp,4,600,-528482304,true

2020-02-06 19:12:25.691000+00:00,spine3,sg13,20,0,obt-collector1,4294967295,bgp-65013,local-srv6,5,600,-528482304,true

2020-02-06 19:12:35.764000+00:00,spine3,sg13,4,0,obt-collector1,255,,local,0,900,-528482304,true

2020-02-06 19:12:35.765000+00:00,spine3,sg13,4,0,obt-collector1,255,,local,0,900,-527433728,true

2020-02-06 19:12:35.770000+00:00,spine3,sg13,7,0,obt-collector1,255,,connected,1,900,-528482304,true

2020-02-06 19:12:35.771000+00:00,spine3,sg13,7,0,obt-collector1,255,,connected,1,900,-527433728,true

2020-02-06 19:12:35.777000+00:00,spine3,sg13,11,0,obt-collector1,255,l2tpv3_xconnect,connected,2,900,-528482304,true

2020-02-06 19:12:35.785000+00:00,spine3,sg13,19,255,obt-collector1,4294967295,65013,bgp,4,600,-528482304,true

2020-02-06 19:12:35.787000+00:00,spine3,sg13,20,0,obt-collector1,4294967295,bgp-65013,local-srv6,5,600,-528482304,true

2020-02-06 19:13:01.034000+00:00,spine3,sg13,4,0,obt-collector1,255,,local,0,900,-528482304,true

2020-02-06 19:13:01.035000+00:00,spine3,sg13,4,0,obt-collector1,255,,local,0,900,-527433728,true

2020-02-06 19:13:01.039000+00:00,spine3,sg13,7,0,obt-collector1,255,,connected,1,900,-528482304,true

2020-02-06 19:13:01.040000+00:00,spine3,sg13,7,0,obt-collector1,255,,connected,1,900,-527433728,true

2020-02-06 19:13:01.046000+00:00,spine3,sg13,11,0,obt-collector1,255,l2tpv3_xconnect,connected,2,900,-528482304,true

2020-02-06 19:13:01.054000+00:00,spine3,sg13,19,255,obt-collector1,4294967295,65013,bgp,4,600,-528482304,true

2020-02-06 19:13:01.057000+00:00,spine3,sg13,20,0,obt-collector1,4294967295,bgp-65013,local-srv6,5,600,-528482304,true

2020-02-06 19:13:25.607000+00:00,spine3,sg13,4,0,obt-collector1,255,,local,0,900,-528482304,true

2020-02-06 19:13:25.608000+00:00,spine3,sg13,4,0,obt-collector1,255,,local,0,900,-527433728,true

2020-02-06 19:13:25.613000+00:00,spine3,sg13,7,0,obt-collector1,255,,connected,1,900,-528482304,true

2020-02-06 19:13:25.614000+00:00,spine3,sg13,7,0,obt-collector1,255,,connected,1,900,-527433728,true

2020-02-06 19:13:25.620000+00:00,spine3,sg13,11,0,obt-collector1,255,l2tpv3_xconnect,connected,2,900,-528482304,true

2020-02-06 19:13:25.628000+00:00,spine3,sg13,19,255,obt-collector1,4294967295,65013,bgp,4,600,-528482304,true

2020-02-06 19:13:25.630000+00:00,spine3,sg13,20,0,obt-collector1,4294967295,bgp-65013,local-srv6,5,600,-528482304,true

2020-02-06 19:13:51.050000+00:00,spine3,sg13,4,0,obt-collector1,255,,local,0,900,-528482304,true

2020-02-06 19:13:51.051000+00:00,spine3,sg13,4,0,obt-collector1,255,,local,0,900,-527433728,true

2020-02-06 19:13:51.056000+00:00,spine3,sg13,7,0,obt-collector1,255,,connected,1,900,-528482304,true

2020-02-06 19:13:51.057000+00:00,spine3,sg13,7,0,obt-collector1,255,,connected,1,900,-527433728,true

2020-02-06 19:13:51.063000+00:00,spine3,sg13,11,0,obt-collector1,255,l2tpv3_xconnect,connected,2,900,-528482304,true

2020-02-06 19:13:51.071000+00:00,spine3,sg13,19,255,obt-collector1,4294967295,65013,bgp,4,600,-528482304,true

2020-02-06 19:13:51.074000+00:00,spine3,sg13,20,0,obt-collector1,4294967295,bgp-65013,local-srv6,5,600,-528482304,true

2020-02-06 19:13:55.653000+00:00,spine3,sg13,4,0,obt-collector1,255,,local,0,900,-528482304,true

2020-02-06 19:13:55.655000+00:00,spine3,sg13,4,0,obt-collector1,255,,local,0,900,-527433728,true

2020-02-06 19:13:55.659000+00:00,spine3,sg13,7,0,obt-collector1,255,,connected,1,900,-528482304,true

2020-02-06 19:13:55.661000+00:00,spine3,sg13,7,0,obt-collector1,255,,connected,1,900,-527433728,true

2020-02-06 19:13:55.667000+00:00,spine3,sg13,11,0,obt-collector1,255,l2tpv3_xconnect,connected,2,900,-528482304,true

2020-02-06 19:13:55.675000+00:00,spine3,sg13,19,255,obt-collector1,4294967295,65013,bgp,4,600,-528482304,true

2020-02-06 19:13:55.678000+00:00,spine3,sg13,20,0,obt-collector1,4294967295,bgp-65013,local-srv6,5,600,-528482304,true

2020-02-06 19:14:00.993000+00:00,spine3,sg13,4,0,obt-collector1,255,,local,0,900,-528482304,true

2020-02-06 19:14:00.994000+00:00,spine3,sg13,4,0,obt-collector1,255,,local,0,900,-527433728,true

2020-02-06 19:14:00.999000+00:00,spine3,sg13,7,0,obt-collector1,255,,connected,1,900,-528482304,true

2020-02-06 19:14:01+00:00,spine3,sg13,7,0,obt-collector1,255,,connected,1,900,-527433728,true

2020-02-06 19:14:01.006000+00:00,spine3,sg13,11,0,obt-collector1,255,l2tpv3_xconnect,connected,2,900,-528482304,true

2020-02-06 19:14:01.014000+00:00,spine3,sg13,19,255,obt-collector1,4294967295,65013,bgp,4,600,-528482304,true

2020-02-06 19:14:01.016000+00:00,spine3,sg13,20,0,obt-collector1,4294967295,bgp-65013,local-srv6,5,600,-528482304,true

2020-02-06 19:14:11.043000+00:00,spine3,sg13,4,0,obt-collector1,255,,local,0,900,-528482304,true

2020-02-06 19:14:11.044000+00:00,spine3,sg13,4,0,obt-collector1,255,,local,0,900,-527433728,true

2020-02-06 19:14:11.049000+00:00,spine3,sg13,7,0,obt-collector1,255,,connected,1,900,-528482304,true

2020-02-06 19:14:11.050000+00:00,spine3,sg13,7,0,obt-collector1,255,,connected,1,900,-527433728,true

2020-02-06 19:14:11.056000+00:00,spine3,sg13,11,0,obt-collector1,255,l2tpv3_xconnect,connected,2,900,-528482304,true

2020-02-06 19:14:11.064000+00:00,spine3,sg13,19,255,obt-collector1,4294967295,65013,bgp,4,600,-528482304,true

2020-02-06 19:14:11.067000+00:00,spine3,sg13,20,0,obt-collector1,4294967295,bgp-65013,local-srv6,5,600,-528482304,true

2020-02-06 19:14:15.633000+00:00,spine3,sg13,4,0,obt-collector1,255,,local,0,900,-528482304,true

2020-02-06 19:14:15.634000+00:00,spine3,sg13,4,0,obt-collector1,255,,local,0,900,-527433728,true

2020-02-06 19:14:15.639000+00:00,spine3,sg13,7,0,obt-collector1,255,,connected,1,900,-528482304,true

2020-02-06 19:14:15.640000+00:00,spine3,sg13,7,0,obt-collector1,255,,connected,1,900,-527433728,true

2020-02-06 19:14:15.646000+00:00,spine3,sg13,11,0,obt-collector1,255,l2tpv3_xconnect,connected,2,900,-528482304,true

2020-02-06 19:14:15.654000+00:00,spine3,sg13,19,255,obt-collector1,4294967295,65013,bgp,4,600,-528482304,true

2020-02-06 19:14:15.656000+00:00,spine3,sg13,20,0,obt-collector1,4294967295,bgp-65013,local-srv6,5,600,-528482304,true

2020-02-06 19:14:25.610000+00:00,spine3,sg13,4,0,obt-collector1,255,,local,0,900,-528482304,true

2020-02-06 19:14:25.611000+00:00,spine3,sg13,4,0,obt-collector1,255,,local,0,900,-527433728,true

2020-02-06 19:14:25.616000+00:00,spine3,sg13,7,0,obt-collector1,255,,connected,1,900,-528482304,true

2020-02-06 19:14:25.618000+00:00,spine3,sg13,7,0,obt-collector1,255,,connected,1,900,-527433728,true

2020-02-06 19:14:25.624000+00:00,spine3,sg13,11,0,obt-collector1,255,l2tpv3_xconnect,connected,2,900,-528482304,true

2020-02-06 19:14:25.632000+00:00,spine3,sg13,19,255,obt-collector1,4294967295,65013,bgp,4,600,-528482304,true

2020-02-06 19:14:25.635000+00:00,spine3,sg13,20,0,obt-collector1,4294967295,bgp-65013,local-srv6,5,600,-528482304,true

2020-02-06 19:14:51.039000+00:00,spine3,sg13,4,0,obt-collector1,255,,local,0,900,-528482304,true

2020-02-06 19:14:51.041000+00:00,spine3,sg13,4,0,obt-collector1,255,,local,0,900,-527433728,true

2020-02-06 19:14:51.045000+00:00,spine3,sg13,7,0,obt-collector1,255,,connected,1,900,-528482304,true

2020-02-06 19:14:51.047000+00:00,spine3,sg13,7,0,obt-collector1,255,,connected,1,900,-527433728,true

2020-02-06 19:14:51.053000+00:00,spine3,sg13,11,0,obt-collector1,255,l2tpv3_xconnect,connected,2,900,-528482304,true

2020-02-06 19:14:51.060000+00:00,spine3,sg13,19,255,obt-collector1,4294967295,65013,bgp,4,600,-528482304,true

2020-02-06 19:14:51.063000+00:00,spine3,sg13,20,0,obt-collector1,4294967295,bgp-65013,local-srv6,5,600,-528482304,true

2020-02-06 19:14:55.643000+00:00,spine3,sg13,4,0,obt-collector1,255,,local,0,900,-528482304,true

2020-02-06 19:14:55.644000+00:00,spine3,sg13,4,0,obt-collector1,255,,local,0,900,-527433728,true

2020-02-06 19:14:55.649000+00:00,spine3,sg13,7,0,obt-collector1,255,,connected,1,900,-528482304,true

2020-02-06 19:14:55.650000+00:00,spine3,sg13,7,0,obt-collector1,255,,connected,1,900,-527433728,true

2020-02-06 19:14:55.656000+00:00,spine3,sg13,11,0,obt-collector1,255,l2tpv3_xconnect,connected,2,900,-528482304,true

2020-02-06 19:14:55.664000+00:00,spine3,sg13,19,255,obt-collector1,4294967295,65013,bgp,4,600,-528482304,true

2020-02-06 19:14:55.666000+00:00,spine3,sg13,20,0,obt-collector1,4294967295,bgp-65013,local-srv6,5,600,-528482304,true

2020-02-06 19:15:00.973000+00:00,spine3,sg13,4,0,obt-collector1,255,,local,0,900,-528482304,true

2020-02-06 19:15:00.975000+00:00,spine3,sg13,4,0,obt-collector1,255,,local,0,900,-527433728,true

2020-02-06 19:15:00.979000+00:00,spine3,sg13,7,0,obt-collector1,255,,connected,1,900,-528482304,true

2020-02-06 19:15:00.981000+00:00,spine3,sg13,7,0,obt-collector1,255,,connected,1,900,-527433728,true

2020-02-06 19:15:00.988000+00:00,spine3,sg13,11,0,obt-collector1,255,l2tpv3_xconnect,connected,2,900,-528482304,true

2020-02-06 19:15:00.996000+00:00,spine3,sg13,19,255,obt-collector1,4294967295,65013,bgp,4,600,-528482304,true

2020-02-06 19:15:00.999000+00:00,spine3,sg13,20,0,obt-collector1,4294967295,bgp-65013,local-srv6,5,600,-528482304,true

2020-02-06 19:15:05.651000+00:00,spine3,sg13,4,0,obt-collector1,255,,local,0,900,-528482304,true

2020-02-06 19:15:05.652000+00:00,spine3,sg13,4,0,obt-collector1,255,,local,0,900,-527433728,true

2020-02-06 19:15:05.657000+00:00,spine3,sg13,7,0,obt-collector1,255,,connected,1,900,-528482304,true

2020-02-06 19:15:05.658000+00:00,spine3,sg13,7,0,obt-collector1,255,,connected,1,900,-527433728,true

2020-02-06 19:15:05.664000+00:00,spine3,sg13,11,0,obt-collector1,255,l2tpv3_xconnect,connected,2,900,-528482304,true

2020-02-06 19:15:05.673000+00:00,spine3,sg13,19,255,obt-collector1,4294967295,65013,bgp,4,600,-528482304,true

2020-02-06 19:15:05.676000+00:00,spine3,sg13,20,0,obt-collector1,4294967295,bgp-65013,local-srv6,5,600,-528482304,true

2020-02-06 19:15:15.558000+00:00,spine3,sg13,4,0,obt-collector1,255,,local,0,900,-528482304,true

2020-02-06 19:15:15.560000+00:00,spine3,sg13,4,0,obt-collector1,255,,local,0,900,-527433728,true

2020-02-06 19:15:15.564000+00:00,spine3,sg13,7,0,obt-collector1,255,,connected,1,900,-528482304,true

2020-02-06 19:15:15.565000+00:00,spine3,sg13,7,0,obt-collector1,255,,connected,1,900,-527433728,true

2020-02-06 19:15:15.571000+00:00,spine3,sg13,11,0,obt-collector1,255,l2tpv3_xconnect,connected,2,900,-528482304,true

2020-02-06 19:15:15.579000+00:00,spine3,sg13,19,255,obt-collector1,4294967295,65013,bgp,4,600,-528482304,true

2020-02-06 19:15:15.582000+00:00,spine3,sg13,20,0,obt-collector1,4294967295,bgp-65013,local-srv6,5,600,-528482304,true

