,Producer,Target,host,icmp-stats/admin-unreachable-received,icmp-stats/admin-unreachable-sent,icmp-stats/checksum-error,icmp-stats/echo-reply-received,icmp-stats/echo-reply-sent,icmp-stats/echo-request-received,icmp-stats/echo-request-sent,icmp-stats/fragment-unreachable-received,icmp-stats/fragment-unreachable-sent,icmp-stats/hopcount-received,icmp-stats/hopcount-sent,icmp-stats/host-unreachable-received,icmp-stats/host-unreachable-sent,icmp-stats/mask-reply-received,icmp-stats/mask-reply-sent,icmp-stats/mask-request-received,icmp-stats/mask-request-sent,icmp-stats/network-unreachable-received,icmp-stats/network-unreachable-sent,icmp-stats/output,icmp-stats/param-error-received,icmp-stats/param-error-send,icmp-stats/port-unreachable-received,icmp-stats/port-unreachable-sent,icmp-stats/protocol-unreachable-received,icmp-stats/protocol-unreachable-sent,icmp-stats/reassebly-received,icmp-stats/reassembly-sent,icmp-stats/received,icmp-stats/redirect-received,icmp-stats/redirect-send,icmp-stats/router-advert-received,icmp-stats/router-solicit-received,icmp-stats/source-quench-received,icmp-stats/timestamp-received,icmp-stats/timestamp-reply-received,icmp-stats/unknown,ipv4-stats/bad-header,ipv4-stats/bad-hop-count,ipv4-stats/bad-option,ipv4-stats/bad-security-option,ipv4-stats/bad-source-address,ipv4-stats/basic-security-option,ipv4-stats/broadcast-in,ipv4-stats/broadcast-out,ipv4-stats/cipso-option,ipv4-stats/encapsulation-failed,ipv4-stats/end-option,ipv4-stats/extended-security-option,ipv4-stats/format-errors,ipv4-stats/fragment-count,ipv4-stats/input-packets,ipv4-stats/lisp-decap-error,ipv4-stats/lisp-encap-error,ipv4-stats/lisp-v4-decap,ipv4-stats/lisp-v4-encap,ipv4-stats/lisp-v6-decap,ipv4-stats/lisp-v6-encap,ipv4-stats/loose-source-route-option,ipv4-stats/multicast-in,ipv4-stats/multicast-out,ipv4-stats/no-gateway,ipv4-stats/no-protocol,ipv4-stats/no-router,ipv4-stats/noop-option,ipv4-stats/options-present,ipv4-stats/packet-too-big,ipv4-stats/packets-forwarded,ipv4-stats/packets-fragmented,ipv4-stats/packets-output,ipv4-stats/reassemble-failed,ipv4-stats/reassemble-input,ipv4-stats/reassemble-max-drop,ipv4-stats/reassemble-timeout,ipv4-stats/reassembled,ipv4-stats/received-packets,ipv4-stats/record-route-option,ipv4-stats/router-alert-option,ipv4-stats/sid-option,ipv4-stats/strict-source-route-option,ipv4-stats/timestamp-option,ipv4-stats/unknown-option,node-name

2020-02-02 19:44:48.819000+00:00,leaf8,sg3,obt-collector1,0,0,0,0,0,0,0,0,0,0,4611,0,556,0,0,0,0,0,0,4889,0,0,0,0,0,0,0,0,0,0,0,0,0,0,0,0,0,0,0,0,0,0,0,0,0,0,0,0,0,0,0,0,0,0,0,0,0,0,0,0,0,0,0,0,0,0,0,0,0,48005536,0,0,0,0,0,0,0,0,0,0,0,0,0/0/CPU0

2020-02-02 19:44:48.822000+00:00,leaf8,sg3,obt-collector1,0,0,0,0,14082,14082,6,16,0,15,0,278,0,0,0,27,0,0,0,15594,0,0,354,1479,16,27,0,0,14815,0,0,0,0,0,27,0,0,0,0,0,0,0,0,0,0,0,0,0,0,0,0,118798571,0,0,0,0,0,0,0,0,0,0,27,0,0,69819,0,0,14,180758757,0,0,0,0,0,118733118,0,69819,0,0,0,0,0/RP0/CPU0

2020-02-02 19:44:58.838000+00:00,leaf8,sg3,obt-collector1,0,0,0,0,0,0,0,0,0,0,4611,0,556,0,0,0,0,0,0,4889,0,0,0,0,0,0,0,0,0,0,0,0,0,0,0,0,0,0,0,0,0,0,0,0,0,0,0,0,0,0,0,0,0,0,0,0,0,0,0,0,0,0,0,0,0,0,0,0,0,48005544,0,0,0,0,0,0,0,0,0,0,0,0,0/0/CPU0

2020-02-02 19:44:58.840000+00:00,leaf8,sg3,obt-collector1,0,0,0,0,14082,14082,6,16,0,15,0,278,0,0,0,27,0,0,0,15594,0,0,354,1479,16,27,0,0,14815,0,0,0,0,0,27,0,0,0,0,0,0,0,0,0,0,0,0,0,0,0,0,118798810,0,0,0,0,0,0,0,0,0,0,27,0,0,69819,0,0,14,180759885,0,0,0,0,0,118733357,0,69819,0,0,0,0,0/RP0/CPU0

2020-02-02 19:45:08.856000+00:00,leaf8,sg3,obt-collector1,0,0,0,0,0,0,0,0,0,0,4611,0,556,0,0,0,0,0,0,4889,0,0,0,0,0,0,0,0,0,0,0,0,0,0,0,0,0,0,0,0,0,0,0,0,0,0,0,0,0,0,0,0,0,0,0,0,0,0,0,0,0,0,0,0,0,0,0,0,0,48005938,0,0,0,0,0,0,0,0,0,0,0,0,0/0/CPU0

2020-02-02 19:45:08.858000+00:00,leaf8,sg3,obt-collector1,0,0,0,0,14082,14082,6,16,0,15,0,278,0,0,0,27,0,0,0,15594,0,0,354,1479,16,27,0,0,14815,0,0,0,0,0,27,0,0,0,0,0,0,0,0,0,0,0,0,0,0,0,0,118799037,0,0,0,0,0,0,0,0,0,0,27,0,0,69819,0,0,14,180761132,0,0,0,0,0,118733584,0,69819,0,0,0,0,0/RP0/CPU0

2020-02-02 19:45:18.869000+00:00,leaf8,sg3,obt-collector1,0,0,0,0,0,0,0,0,0,0,4611,0,556,0,0,0,0,0,0,4889,0,0,0,0,0,0,0,0,0,0,0,0,0,0,0,0,0,0,0,0,0,0,0,0,0,0,0,0,0,0,0,0,0,0,0,0,0,0,0,0,0,0,0,0,0,0,0,0,0,48006289,0,0,0,0,0,0,0,0,0,0,0,0,0/0/CPU0

2020-02-02 19:45:18.871000+00:00,leaf8,sg3,obt-collector1,0,0,0,0,14082,14082,6,16,0,15,0,278,0,0,0,27,0,0,0,15594,0,0,354,1479,16,27,0,0,14815,0,0,0,0,0,27,0,0,0,0,0,0,0,0,0,0,0,0,0,0,0,0,118799263,0,0,0,0,0,0,0,0,0,0,27,0,0,69819,0,0,14,180762552,0,0,0,0,0,118733810,0,69819,0,0,0,0,0/RP0/CPU0

2020-02-02 19:45:28.890000+00:00,leaf8,sg3,obt-collector1,0,0,0,0,0,0,0,0,0,0,4611,0,556,0,0,0,0,0,0,4889,0,0,0,0,0,0,0,0,0,0,0,0,0,0,0,0,0,0,0,0,0,0,0,0,0,0,0,0,0,0,0,0,0,0,0,0,0,0,0,0,0,0,0,0,0,0,0,0,0,48006296,0,0,0,0,0,0,0,0,0,0,0,0,0/0/CPU0

2020-02-02 19:45:28.895000+00:00,leaf8,sg3,obt-collector1,0,0,0,0,14082,14082,6,16,0,15,0,278,0,0,0,27,0,0,0,15594,0,0,354,1479,16,27,0,0,14815,0,0,0,0,0,27,0,0,0,0,0,0,0,0,0,0,0,0,0,0,0,0,118799577,0,0,0,0,0,0,0,0,0,0,27,0,0,69819,0,0,14,180764014,0,0,0,0,0,118734124,0,69819,0,0,0,0,0/RP0/CPU0

2020-02-02 19:45:38.919000+00:00,leaf8,sg3,obt-collector1,0,0,0,0,0,0,0,0,0,0,4611,0,556,0,0,0,0,0,0,4889,0,0,0,0,0,0,0,0,0,0,0,0,0,0,0,0,0,0,0,0,0,0,0,0,0,0,0,0,0,0,0,0,0,0,0,0,0,0,0,0,0,0,0,0,0,0,0,0,0,48006530,0,0,0,0,0,0,0,0,0,0,0,0,0/0/CPU0

2020-02-02 19:45:38.923000+00:00,leaf8,sg3,obt-collector1,0,0,0,0,14082,14082,6,16,0,15,0,278,0,0,0,27,0,0,0,15594,0,0,354,1479,16,27,0,0,14815,0,0,0,0,0,27,0,0,0,0,0,0,0,0,0,0,0,0,0,0,0,0,118799857,0,0,0,0,0,0,0,0,0,0,27,0,0,69819,0,0,14,180765438,0,0,0,0,0,118734404,0,69819,0,0,0,0,0/RP0/CPU0

2020-02-02 19:45:48.949000+00:00,leaf8,sg3,obt-collector1,0,0,0,0,0,0,0,0,0,0,4611,0,556,0,0,0,0,0,0,4889,0,0,0,0,0,0,0,0,0,0,0,0,0,0,0,0,0,0,0,0,0,0,0,0,0,0,0,0,0,0,0,0,0,0,0,0,0,0,0,0,0,0,0,0,0,0,0,0,0,48006931,0,0,0,0,0,0,0,0,0,0,0,0,0/0/CPU0

2020-02-02 19:45:48.954000+00:00,leaf8,sg3,obt-collector1,0,0,0,0,14082,14082,6,16,0,15,0,278,0,0,0,27,0,0,0,15594,0,0,354,1479,16,27,0,0,14815,0,0,0,0,0,27,0,0,0,0,0,0,0,0,0,0,0,0,0,0,0,0,118800090,0,0,0,0,0,0,0,0,0,0,27,0,0,69820,0,0,14,180766833,0,0,0,0,0,118734636,0,69820,0,0,0,0,0/RP0/CPU0

2020-02-02 19:45:58.966000+00:00,leaf8,sg3,obt-collector1,0,0,0,0,0,0,0,0,0,0,4611,0,556,0,0,0,0,0,0,4889,0,0,0,0,0,0,0,0,0,0,0,0,0,0,0,0,0,0,0,0,0,0,0,0,0,0,0,0,0,0,0,0,0,0,0,0,0,0,0,0,0,0,0,0,0,0,0,0,0,48006939,0,0,0,0,0,0,0,0,0,0,0,0,0/0/CPU0

2020-02-02 19:45:58.981000+00:00,leaf8,sg3,obt-collector1,0,0,0,0,14082,14082,6,16,0,15,0,278,0,0,0,27,0,0,0,15594,0,0,354,1479,16,27,0,0,14815,0,0,0,0,0,27,0,0,0,0,0,0,0,0,0,0,0,0,0,0,0,0,118800305,0,0,0,0,0,0,0,0,0,0,27,0,0,69820,0,0,14,180768018,0,0,0,0,0,118734851,0,69820,0,0,0,0,0/RP0/CPU0

2020-02-02 19:46:08.987000+00:00,leaf8,sg3,obt-collector1,0,0,0,0,0,0,0,0,0,0,4611,0,556,0,0,0,0,0,0,4889,0,0,0,0,0,0,0,0,0,0,0,0,0,0,0,0,0,0,0,0,0,0,0,0,0,0,0,0,0,0,0,0,0,0,0,0,0,0,0,0,0,0,0,0,0,0,0,0,0,48006995,0,0,0,0,0,0,0,0,0,0,0,0,0/0/CPU0

2020-02-02 19:46:08.990000+00:00,leaf8,sg3,obt-collector1,0,0,0,0,14082,14082,6,16,0,15,0,278,0,0,0,27,0,0,0,15594,0,0,354,1479,16,27,0,0,14815,0,0,0,0,0,27,0,0,0,0,0,0,0,0,0,0,0,0,0,0,0,0,118800511,0,0,0,0,0,0,0,0,0,0,27,0,0,69820,0,0,14,180769431,0,0,0,0,0,118735057,0,69820,0,0,0,0,0/RP0/CPU0

2020-02-02 19:46:18.996000+00:00,leaf8,sg3,obt-collector1,0,0,0,0,0,0,0,0,0,0,4611,0,556,0,0,0,0,0,0,4889,0,0,0,0,0,0,0,0,0,0,0,0,0,0,0,0,0,0,0,0,0,0,0,0,0,0,0,0,0,0,0,0,0,0,0,0,0,0,0,0,0,0,0,0,0,0,0,0,0,48007124,0,0,0,0,0,0,0,0,0,0,0,0,0/0/CPU0

2020-02-02 19:46:18.998000+00:00,leaf8,sg3,obt-collector1,0,0,0,0,14082,14082,6,16,0,15,0,278,0,0,0,27,0,0,0,15594,0,0,354,1479,16,27,0,0,14815,0,0,0,0,0,27,0,0,0,0,0,0,0,0,0,0,0,0,0,0,0,0,118800755,0,0,0,0,0,0,0,0,0,0,27,0,0,69820,0,0,14,180770851,0,0,0,0,0,118735301,0,69820,0,0,0,0,0/RP0/CPU0

2020-02-02 19:46:29.004000+00:00,leaf8,sg3,obt-collector1,0,0,0,0,0,0,0,0,0,0,4611,0,556,0,0,0,0,0,0,4889,0,0,0,0,0,0,0,0,0,0,0,0,0,0,0,0,0,0,0,0,0,0,0,0,0,0,0,0,0,0,0,0,0,0,0,0,0,0,0,0,0,0,0,0,0,0,0,0,0,48007233,0,0,0,0,0,0,0,0,0,0,0,0,0/0/CPU0

2020-02-02 19:46:29.008000+00:00,leaf8,sg3,obt-collector1,0,0,0,0,14082,14082,6,16,0,15,0,278,0,0,0,27,0,0,0,15594,0,0,354,1479,16,27,0,0,14815,0,0,0,0,0,27,0,0,0,0,0,0,0,0,0,0,0,0,0,0,0,0,118800996,0,0,0,0,0,0,0,0,0,0,27,0,0,69820,0,0,14,180772266,0,0,0,0,0,118735542,0,69820,0,0,0,0,0/RP0/CPU0

2020-02-02 19:46:39.013000+00:00,leaf8,sg3,obt-collector1,0,0,0,0,0,0,0,0,0,0,4611,0,556,0,0,0,0,0,0,4889,0,0,0,0,0,0,0,0,0,0,0,0,0,0,0,0,0,0,0,0,0,0,0,0,0,0,0,0,0,0,0,0,0,0,0,0,0,0,0,0,0,0,0,0,0,0,0,0,0,48007247,0,0,0,0,0,0,0,0,0,0,0,0,0/0/CPU0

2020-02-02 19:46:39.015000+00:00,leaf8,sg3,obt-collector1,0,0,0,0,14082,14082,6,16,0,15,0,278,0,0,0,27,0,0,0,15594,0,0,354,1479,16,27,0,0,14815,0,0,0,0,0,27,0,0,0,0,0,0,0,0,0,0,0,0,0,0,0,0,118801237,0,0,0,0,0,0,0,0,0,0,27,0,0,69820,0,0,14,180773682,0,0,0,0,0,118735783,0,69820,0,0,0,0,0/RP0/CPU0

2020-02-02 19:46:49.033000+00:00,leaf8,sg3,obt-collector1,0,0,0,0,0,0,0,0,0,0,4611,0,556,0,0,0,0,0,0,4889,0,0,0,0,0,0,0,0,0,0,0,0,0,0,0,0,0,0,0,0,0,0,0,0,0,0,0,0,0,0,0,0,0,0,0,0,0,0,0,0,0,0,0,0,0,0,0,0,0,48007719,0,0,0,0,0,0,0,0,0,0,0,0,0/0/CPU0

2020-02-02 19:46:49.038000+00:00,leaf8,sg3,obt-collector1,0,0,0,0,14082,14082,6,16,0,15,0,278,0,0,0,27,0,0,0,15594,0,0,354,1479,16,27,0,0,14815,0,0,0,0,0,27,0,0,0,0,0,0,0,0,0,0,0,0,0,0,0,0,118801491,0,0,0,0,0,0,0,0,0,0,27,0,0,69821,0,0,14,180774870,0,0,0,0,0,118736036,0,69821,0,0,0,0,0/RP0/CPU0

2020-02-02 19:46:59.047000+00:00,leaf8,sg3,obt-collector1,0,0,0,0,0,0,0,0,0,0,4611,0,556,0,0,0,0,0,0,4889,0,0,0,0,0,0,0,0,0,0,0,0,0,0,0,0,0,0,0,0,0,0,0,0,0,0,0,0,0,0,0,0,0,0,0,0,0,0,0,0,0,0,0,0,0,0,0,0,0,48007728,0,0,0,0,0,0,0,0,0,0,0,0,0/0/CPU0

2020-02-02 19:46:59.051000+00:00,leaf8,sg3,obt-collector1,0,0,0,0,14082,14082,6,16,0,15,0,278,0,0,0,27,0,0,0,15594,0,0,354,1479,16,27,0,0,14815,0,0,0,0,0,27,0,0,0,0,0,0,0,0,0,0,0,0,0,0,0,0,118801690,0,0,0,0,0,0,0,0,0,0,27,0,0,69821,0,0,14,180776270,0,0,0,0,0,118736235,0,69821,0,0,0,0,0/RP0/CPU0

2020-02-02 19:47:09.057000+00:00,leaf8,sg3,obt-collector1,0,0,0,0,0,0,0,0,0,0,4611,0,556,0,0,0,0,0,0,4889,0,0,0,0,0,0,0,0,0,0,0,0,0,0,0,0,0,0,0,0,0,0,0,0,0,0,0,0,0,0,0,0,0,0,0,0,0,0,0,0,0,0,0,0,0,0,0,0,0,48007768,0,0,0,0,0,0,0,0,0,0,0,0,0/0/CPU0

2020-02-02 19:47:09.059000+00:00,leaf8,sg3,obt-collector1,0,0,0,0,14082,14082,6,16,0,15,0,278,0,0,0,27,0,0,0,15594,0,0,354,1479,16,27,0,0,14815,0,0,0,0,0,27,0,0,0,0,0,0,0,0,0,0,0,0,0,0,0,0,118801929,0,0,0,0,0,0,0,0,0,0,27,0,0,69821,0,0,14,180777691,0,0,0,0,0,118736474,0,69821,0,0,0,0,0/RP0/CPU0

2020-02-02 19:47:19.068000+00:00,leaf8,sg3,obt-collector1,0,0,0,0,0,0,0,0,0,0,4611,0,556,0,0,0,0,0,0,4889,0,0,0,0,0,0,0,0,0,0,0,0,0,0,0,0,0,0,0,0,0,0,0,0,0,0,0,0,0,0,0,0,0,0,0,0,0,0,0,0,0,0,0,0,0,0,0,0,0,48007959,0,0,0,0,0,0,0,0,0,0,0,0,0/0/CPU0

2020-02-02 19:47:19.079000+00:00,leaf8,sg3,obt-collector1,0,0,0,0,14082,14082,6,16,0,15,0,278,0,0,0,27,0,0,0,15594,0,0,354,1479,16,27,0,0,14815,0,0,0,0,0,27,0,0,0,0,0,0,0,0,0,0,0,0,0,0,0,0,118802159,0,0,0,0,0,0,0,0,0,0,27,0,0,69821,0,0,14,180779111,0,0,0,0,0,118736704,0,69821,0,0,0,0,0/RP0/CPU0

2020-02-02 19:47:29.100000+00:00,leaf8,sg3,obt-collector1,0,0,0,0,0,0,0,0,0,0,4611,0,556,0,0,0,0,0,0,4889,0,0,0,0,0,0,0,0,0,0,0,0,0,0,0,0,0,0,0,0,0,0,0,0,0,0,0,0,0,0,0,0,0,0,0,0,0,0,0,0,0,0,0,0,0,0,0,0,0,48008039,0,0,0,0,0,0,0,0,0,0,0,0,0/0/CPU0

2020-02-02 19:47:29.103000+00:00,leaf8,sg3,obt-collector1,0,0,0,0,14082,14082,6,16,0,15,0,278,0,0,0,27,0,0,0,15594,0,0,354,1479,16,27,0,0,14815,0,0,0,0,0,27,0,0,0,0,0,0,0,0,0,0,0,0,0,0,0,0,118802380,0,0,0,0,0,0,0,0,0,0,27,0,0,69821,0,0,14,180780525,0,0,0,0,0,118736925,0,69821,0,0,0,0,0/RP0/CPU0

2020-02-02 19:47:39.160000+00:00,leaf8,sg3,obt-collector1,0,0,0,0,0,0,0,0,0,0,4611,0,556,0,0,0,0,0,0,4889,0,0,0,0,0,0,0,0,0,0,0,0,0,0,0,0,0,0,0,0,0,0,0,0,0,0,0,0,0,0,0,0,0,0,0,0,0,0,0,0,0,0,0,0,0,0,0,0,0,48008206,0,0,0,0,0,0,0,0,0,0,0,0,0/0/CPU0

2020-02-02 19:47:39.162000+00:00,leaf8,sg3,obt-collector1,0,0,0,0,14082,14082,6,16,0,15,0,278,0,0,0,27,0,0,0,15594,0,0,354,1479,16,27,0,0,14815,0,0,0,0,0,27,0,0,0,0,0,0,0,0,0,0,0,0,0,0,0,0,118802591,0,0,0,0,0,0,0,0,0,0,27,0,0,69821,0,0,14,180781866,0,0,0,0,0,118737136,0,69821,0,0,0,0,0/RP0/CPU0

2020-02-02 19:47:49.168000+00:00,leaf8,sg3,obt-collector1,0,0,0,0,0,0,0,0,0,0,4611,0,556,0,0,0,0,0,0,4889,0,0,0,0,0,0,0,0,0,0,0,0,0,0,0,0,0,0,0,0,0,0,0,0,0,0,0,0,0,0,0,0,0,0,0,0,0,0,0,0,0,0,0,0,0,0,0,0,0,48008276,0,0,0,0,0,0,0,0,0,0,0,0,0/0/CPU0

2020-02-02 19:47:49.172000+00:00,leaf8,sg3,obt-collector1,0,0,0,0,14082,14082,6,16,0,15,0,278,0,0,0,27,0,0,0,15594,0,0,354,1479,16,27,0,0,14815,0,0,0,0,0,27,0,0,0,0,0,0,0,0,0,0,0,0,0,0,0,0,118802838,0,0,0,0,0,0,0,0,0,0,27,0,0,69822,0,0,14,180782986,0,0,0,0,0,118737383,0,69822,0,0,0,0,0/RP0/CPU0

2020-02-02 19:47:59.179000+00:00,leaf8,sg3,obt-collector1,0,0,0,0,0,0,0,0,0,0,4611,0,556,0,0,0,0,0,0,4889,0,0,0,0,0,0,0,0,0,0,0,0,0,0,0,0,0,0,0,0,0,0,0,0,0,0,0,0,0,0,0,0,0,0,0,0,0,0,0,0,0,0,0,0,0,0,0,0,0,48008411,0,0,0,0,0,0,0,0,0,0,0,0,0/0/CPU0

2020-02-02 19:47:59.181000+00:00,leaf8,sg3,obt-collector1,0,0,0,0,14082,14082,6,16,0,15,0,278,0,0,0,27,0,0,0,15594,0,0,354,1479,16,27,0,0,14815,0,0,0,0,0,27,0,0,0,0,0,0,0,0,0,0,0,0,0,0,0,0,118803086,0,0,0,0,0,0,0,0,0,0,27,0,0,69822,0,0,14,180784407,0,0,0,0,0,118737630,0,69822,0,0,0,0,0/RP0/CPU0

2020-02-02 19:48:09.201000+00:00,leaf8,sg3,obt-collector1,0,0,0,0,0,0,0,0,0,0,4611,0,556,0,0,0,0,0,0,4889,0,0,0,0,0,0,0,0,0,0,0,0,0,0,0,0,0,0,0,0,0,0,0,0,0,0,0,0,0,0,0,0,0,0,0,0,0,0,0,0,0,0,0,0,0,0,0,0,0,48008444,0,0,0,0,0,0,0,0,0,0,0,0,0/0/CPU0

2020-02-02 19:48:09.208000+00:00,leaf8,sg3,obt-collector1,0,0,0,0,14082,14082,6,16,0,15,0,278,0,0,0,27,0,0,0,15594,0,0,354,1479,16,27,0,0,14815,0,0,0,0,0,27,0,0,0,0,0,0,0,0,0,0,0,0,0,0,0,0,118803328,0,0,0,0,0,0,0,0,0,0,27,0,0,69822,0,0,14,180785749,0,0,0,0,0,118737872,0,69822,0,0,0,0,0/RP0/CPU0

2020-02-02 19:48:19.214000+00:00,leaf8,sg3,obt-collector1,0,0,0,0,0,0,0,0,0,0,4611,0,556,0,0,0,0,0,0,4889,0,0,0,0,0,0,0,0,0,0,0,0,0,0,0,0,0,0,0,0,0,0,0,0,0,0,0,0,0,0,0,0,0,0,0,0,0,0,0,0,0,0,0,0,0,0,0,0,0,48008809,0,0,0,0,0,0,0,0,0,0,0,0,0/0/CPU0

2020-02-02 19:48:19.217000+00:00,leaf8,sg3,obt-collector1,0,0,0,0,14082,14082,6,16,0,15,0,278,0,0,0,27,0,0,0,15594,0,0,354,1479,16,27,0,0,14815,0,0,0,0,0,27,0,0,0,0,0,0,0,0,0,0,0,0,0,0,0,0,118803567,0,0,0,0,0,0,0,0,0,0,27,0,0,69822,0,0,14,180787170,0,0,0,0,0,118738111,0,69822,0,0,0,0,0/RP0/CPU0

2020-02-02 19:48:29.222000+00:00,leaf8,sg3,obt-collector1,0,0,0,0,0,0,0,0,0,0,4611,0,556,0,0,0,0,0,0,4889,0,0,0,0,0,0,0,0,0,0,0,0,0,0,0,0,0,0,0,0,0,0,0,0,0,0,0,0,0,0,0,0,0,0,0,0,0,0,0,0,0,0,0,0,0,0,0,0,0,48008817,0,0,0,0,0,0,0,0,0,0,0,0,0/0/CPU0

2020-02-02 19:48:29.224000+00:00,leaf8,sg3,obt-collector1,0,0,0,0,14082,14082,6,16,0,15,0,278,0,0,0,27,0,0,0,15594,0,0,354,1479,16,27,0,0,14815,0,0,0,0,0,27,0,0,0,0,0,0,0,0,0,0,0,0,0,0,0,0,118803806,0,0,0,0,0,0,0,0,0,0,27,0,0,69822,0,0,14,180788591,0,0,0,0,0,118738350,0,69822,0,0,0,0,0/RP0/CPU0

2020-02-02 19:48:39.231000+00:00,leaf8,sg3,obt-collector1,0,0,0,0,0,0,0,0,0,0,4611,0,556,0,0,0,0,0,0,4889,0,0,0,0,0,0,0,0,0,0,0,0,0,0,0,0,0,0,0,0,0,0,0,0,0,0,0,0,0,0,0,0,0,0,0,0,0,0,0,0,0,0,0,0,0,0,0,0,0,48009084,0,0,0,0,0,0,0,0,0,0,0,0,0/0/CPU0

2020-02-02 19:48:39.233000+00:00,leaf8,sg3,obt-collector1,0,0,0,0,14083,14083,6,16,0,15,0,278,0,0,0,27,0,0,0,15595,0,0,354,1479,16,27,0,0,14816,0,0,0,0,0,27,0,0,0,0,0,0,0,0,0,0,0,0,0,0,0,0,118804057,0,0,0,0,0,0,0,0,0,0,27,0,0,69822,0,0,14,180789796,0,0,0,0,0,118738601,0,69822,0,0,0,0,0/RP0/CPU0

2020-02-02 19:48:49.239000+00:00,leaf8,sg3,obt-collector1,0,0,0,0,0,0,0,0,0,0,4611,0,556,0,0,0,0,0,0,4889,0,0,0,0,0,0,0,0,0,0,0,0,0,0,0,0,0,0,0,0,0,0,0,0,0,0,0,0,0,0,0,0,0,0,0,0,0,0,0,0,0,0,0,0,0,0,0,0,0,48009386,0,0,0,0,0,0,0,0,0,0,0,0,0/0/CPU0

2020-02-02 19:48:49.241000+00:00,leaf8,sg3,obt-collector1,0,0,0,0,14083,14083,6,16,0,15,0,278,0,0,0,27,0,0,0,15595,0,0,354,1479,16,27,0,0,14816,0,0,0,0,0,27,0,0,0,0,0,0,0,0,0,0,0,0,0,0,0,0,118804286,0,0,0,0,0,0,0,0,0,0,27,0,0,69823,0,0,14,180791209,0,0,0,0,0,118738830,0,69823,0,0,0,0,0/RP0/CPU0

2020-02-02 19:48:59.248000+00:00,leaf8,sg3,obt-collector1,0,0,0,0,0,0,0,0,0,0,4611,0,556,0,0,0,0,0,0,4889,0,0,0,0,0,0,0,0,0,0,0,0,0,0,0,0,0,0,0,0,0,0,0,0,0,0,0,0,0,0,0,0,0,0,0,0,0,0,0,0,0,0,0,0,0,0,0,0,0,48009394,0,0,0,0,0,0,0,0,0,0,0,0,0/0/CPU0

2020-02-02 19:48:59.250000+00:00,leaf8,sg3,obt-collector1,0,0,0,0,14083,14083,6,16,0,15,0,278,0,0,0,27,0,0,0,15595,0,0,354,1479,16,27,0,0,14816,0,0,0,0,0,27,0,0,0,0,0,0,0,0,0,0,0,0,0,0,0,0,118804517,0,0,0,0,0,0,0,0,0,0,27,0,0,69823,0,0,14,180792623,0,0,0,0,0,118739060,0,69823,0,0,0,0,0/RP0/CPU0

2020-02-02 19:49:09.257000+00:00,leaf8,sg3,obt-collector1,0,0,0,0,0,0,0,0,0,0,4611,0,556,0,0,0,0,0,0,4889,0,0,0,0,0,0,0,0,0,0,0,0,0,0,0,0,0,0,0,0,0,0,0,0,0,0,0,0,0,0,0,0,0,0,0,0,0,0,0,0,0,0,0,0,0,0,0,0,0,48010060,0,0,0,0,0,0,0,0,0,0,0,0,0/0/CPU0

2020-02-02 19:49:09.260000+00:00,leaf8,sg3,obt-collector1,0,0,0,0,14083,14083,6,16,0,15,0,278,0,0,0,27,0,0,0,15595,0,0,354,1479,16,27,0,0,14816,0,0,0,0,0,27,0,0,0,0,0,0,0,0,0,0,0,0,0,0,0,0,118804741,0,0,0,0,0,0,0,0,0,0,27,0,0,69823,0,0,14,180794062,0,0,0,0,0,118739284,0,69823,0,0,0,0,0/RP0/CPU0

2020-02-02 19:49:19.266000+00:00,leaf8,sg3,obt-collector1,0,0,0,0,0,0,0,0,0,0,4611,0,556,0,0,0,0,0,0,4889,0,0,0,0,0,0,0,0,0,0,0,0,0,0,0,0,0,0,0,0,0,0,0,0,0,0,0,0,0,0,0,0,0,0,0,0,0,0,0,0,0,0,0,0,0,0,0,0,0,48010117,0,0,0,0,0,0,0,0,0,0,0,0,0/0/CPU0

2020-02-02 19:49:19.267000+00:00,leaf8,sg3,obt-collector1,0,0,0,0,14083,14083,6,16,0,15,0,278,0,0,0,27,0,0,0,15595,0,0,354,1479,16,27,0,0,14816,0,0,0,0,0,27,0,0,0,0,0,0,0,0,0,0,0,0,0,0,0,0,118804945,0,0,0,0,0,0,0,0,0,0,27,0,0,69823,0,0,14,180795509,0,0,0,0,0,118739488,0,69823,0,0,0,0,0/RP0/CPU0

2020-02-02 19:49:29.272000+00:00,leaf8,sg3,obt-collector1,0,0,0,0,0,0,0,0,0,0,4611,0,556,0,0,0,0,0,0,4889,0,0,0,0,0,0,0,0,0,0,0,0,0,0,0,0,0,0,0,0,0,0,0,0,0,0,0,0,0,0,0,0,0,0,0,0,0,0,0,0,0,0,0,0,0,0,0,0,0,48010285,0,0,0,0,0,0,0,0,0,0,0,0,0/0/CPU0

2020-02-02 19:49:29.274000+00:00,leaf8,sg3,obt-collector1,0,0,0,0,14083,14083,6,16,0,15,0,278,0,0,0,27,0,0,0,15595,0,0,354,1479,16,27,0,0,14816,0,0,0,0,0,27,0,0,0,0,0,0,0,0,0,0,0,0,0,0,0,0,118805379,0,0,0,0,0,0,0,0,0,0,27,0,0,69823,0,0,14,180797195,0,0,0,0,0,118739922,0,69823,0,0,0,0,0/RP0/CPU0

2020-02-02 19:49:39.285000+00:00,leaf8,sg3,obt-collector1,0,0,0,0,0,0,0,0,0,0,4611,0,556,0,0,0,0,0,0,4889,0,0,0,0,0,0,0,0,0,0,0,0,0,0,0,0,0,0,0,0,0,0,0,0,0,0,0,0,0,0,0,0,0,0,0,0,0,0,0,0,0,0,0,0,0,0,0,0,0,48010385,0,0,0,0,0,0,0,0,0,0,0,0,0/0/CPU0

2020-02-02 19:49:39.288000+00:00,leaf8,sg3,obt-collector1,0,0,0,0,14083,14083,6,16,0,15,0,278,0,0,0,27,0,0,0,15595,0,0,354,1479,16,27,0,0,14816,0,0,0,0,0,27,0,0,0,0,0,0,0,0,0,0,0,0,0,0,0,0,118805688,0,0,0,0,0,0,0,0,0,0,27,0,0,69823,0,0,14,180798487,0,0,0,0,0,118740231,0,69823,0,0,0,0,0/RP0/CPU0

2020-02-02 19:49:49.293000+00:00,leaf8,sg3,obt-collector1,0,0,0,0,0,0,0,0,0,0,4611,0,556,0,0,0,0,0,0,4889,0,0,0,0,0,0,0,0,0,0,0,0,0,0,0,0,0,0,0,0,0,0,0,0,0,0,0,0,0,0,0,0,0,0,0,0,0,0,0,0,0,0,0,0,0,0,0,0,0,48010732,0,0,0,0,0,0,0,0,0,0,0,0,0/0/CPU0

2020-02-02 19:49:49.295000+00:00,leaf8,sg3,obt-collector1,0,0,0,0,14083,14083,6,16,0,15,0,278,0,0,0,27,0,0,0,15595,0,0,354,1479,16,27,0,0,14816,0,0,0,0,0,27,0,0,0,0,0,0,0,0,0,0,0,0,0,0,0,0,118805873,0,0,0,0,0,0,0,0,0,0,27,0,0,69824,0,0,14,180799940,0,0,0,0,0,118740416,0,69824,0,0,0,0,0/RP0/CPU0

2020-02-02 19:49:59.307000+00:00,leaf8,sg3,obt-collector1,0,0,0,0,0,0,0,0,0,0,4611,0,556,0,0,0,0,0,0,4889,0,0,0,0,0,0,0,0,0,0,0,0,0,0,0,0,0,0,0,0,0,0,0,0,0,0,0,0,0,0,0,0,0,0,0,0,0,0,0,0,0,0,0,0,0,0,0,0,0,48010763,0,0,0,0,0,0,0,0,0,0,0,0,0/0/CPU0

2020-02-02 19:49:59.310000+00:00,leaf8,sg3,obt-collector1,0,0,0,0,14083,14083,6,16,0,15,0,278,0,0,0,27,0,0,0,15595,0,0,354,1479,16,27,0,0,14816,0,0,0,0,0,27,0,0,0,0,0,0,0,0,0,0,0,0,0,0,0,0,118806084,0,0,0,0,0,0,0,0,0,0,27,0,0,69824,0,0,14,180801348,0,0,0,0,0,118740626,0,69824,0,0,0,0,0/RP0/CPU0

2020-02-02 19:50:09.321000+00:00,leaf8,sg3,obt-collector1,0,0,0,0,0,0,0,0,0,0,4611,0,556,0,0,0,0,0,0,4889,0,0,0,0,0,0,0,0,0,0,0,0,0,0,0,0,0,0,0,0,0,0,0,0,0,0,0,0,0,0,0,0,0,0,0,0,0,0,0,0,0,0,0,0,0,0,0,0,0,48011211,0,0,0,0,0,0,0,0,0,0,0,0,0/0/CPU0

2020-02-02 19:50:09.323000+00:00,leaf8,sg3,obt-collector1,0,0,0,0,14083,14083,6,16,0,15,0,278,0,0,0,27,0,0,0,15595,0,0,354,1479,16,27,0,0,14816,0,0,0,0,0,27,0,0,0,0,0,0,0,0,0,0,0,0,0,0,0,0,118806303,0,0,0,0,0,0,0,0,0,0,27,0,0,69824,0,0,14,180802700,0,0,0,0,0,118740845,0,69824,0,0,0,0,0/RP0/CPU0

2020-02-02 19:50:19.329000+00:00,leaf8,sg3,obt-collector1,0,0,0,0,0,0,0,0,0,0,4611,0,556,0,0,0,0,0,0,4889,0,0,0,0,0,0,0,0,0,0,0,0,0,0,0,0,0,0,0,0,0,0,0,0,0,0,0,0,0,0,0,0,0,0,0,0,0,0,0,0,0,0,0,0,0,0,0,0,0,48011491,0,0,0,0,0,0,0,0,0,0,0,0,0/0/CPU0

2020-02-02 19:50:19.331000+00:00,leaf8,sg3,obt-collector1,0,0,0,0,14083,14083,6,16,0,15,0,278,0,0,0,27,0,0,0,15595,0,0,354,1479,16,27,0,0,14816,0,0,0,0,0,27,0,0,0,0,0,0,0,0,0,0,0,0,0,0,0,0,118806487,0,0,0,0,0,0,0,0,0,0,27,0,0,69824,0,0,14,180804137,0,0,0,0,0,118741029,0,69824,0,0,0,0,0/RP0/CPU0

2020-02-02 19:50:29.349000+00:00,leaf8,sg3,obt-collector1,0,0,0,0,0,0,0,0,0,0,4611,0,556,0,0,0,0,0,0,4889,0,0,0,0,0,0,0,0,0,0,0,0,0,0,0,0,0,0,0,0,0,0,0,0,0,0,0,0,0,0,0,0,0,0,0,0,0,0,0,0,0,0,0,0,0,0,0,0,0,48011498,0,0,0,0,0,0,0,0,0,0,0,0,0/0/CPU0

2020-02-02 19:50:29.352000+00:00,leaf8,sg3,obt-collector1,0,0,0,0,14083,14083,6,16,0,15,0,278,0,0,0,27,0,0,0,15595,0,0,354,1479,16,27,0,0,14816,0,0,0,0,0,27,0,0,0,0,0,0,0,0,0,0,0,0,0,0,0,0,118806676,0,0,0,0,0,0,0,0,0,0,27,0,0,69824,0,0,14,180805384,0,0,0,0,0,118741218,0,69824,0,0,0,0,0/RP0/CPU0

2020-02-02 19:50:39.359000+00:00,leaf8,sg3,obt-collector1,0,0,0,0,0,0,0,0,0,0,4611,0,556,0,0,0,0,0,0,4889,0,0,0,0,0,0,0,0,0,0,0,0,0,0,0,0,0,0,0,0,0,0,0,0,0,0,0,0,0,0,0,0,0,0,0,0,0,0,0,0,0,0,0,0,0,0,0,0,0,48011619,0,0,0,0,0,0,0,0,0,0,0,0,0/0/CPU0

2020-02-02 19:50:39.362000+00:00,leaf8,sg3,obt-collector1,0,0,0,0,14083,14083,6,16,0,15,0,278,0,0,0,27,0,0,0,15595,0,0,354,1479,16,27,0,0,14816,0,0,0,0,0,27,0,0,0,0,0,0,0,0,0,0,0,0,0,0,0,0,118806904,0,0,0,0,0,0,0,0,0,0,27,0,0,69824,0,0,14,180806765,0,0,0,0,0,118741446,0,69824,0,0,0,0,0/RP0/CPU0

2020-02-02 19:50:49.380000+00:00,leaf8,sg3,obt-collector1,0,0,0,0,0,0,0,0,0,0,4611,0,556,0,0,0,0,0,0,4889,0,0,0,0,0,0,0,0,0,0,0,0,0,0,0,0,0,0,0,0,0,0,0,0,0,0,0,0,0,0,0,0,0,0,0,0,0,0,0,0,0,0,0,0,0,0,0,0,0,48011978,0,0,0,0,0,0,0,0,0,0,0,0,0/0/CPU0

2020-02-02 19:50:49.382000+00:00,leaf8,sg3,obt-collector1,0,0,0,0,14083,14083,6,16,0,15,0,278,0,0,0,27,0,0,0,15595,0,0,354,1479,16,27,0,0,14816,0,0,0,0,0,27,0,0,0,0,0,0,0,0,0,0,0,0,0,0,0,0,118807128,0,0,0,0,0,0,0,0,0,0,27,0,0,69825,0,0,14,180808147,0,0,0,0,0,118741670,0,69825,0,0,0,0,0/RP0/CPU0

2020-02-02 19:50:59.391000+00:00,leaf8,sg3,obt-collector1,0,0,0,0,0,0,0,0,0,0,4611,0,556,0,0,0,0,0,0,4889,0,0,0,0,0,0,0,0,0,0,0,0,0,0,0,0,0,0,0,0,0,0,0,0,0,0,0,0,0,0,0,0,0,0,0,0,0,0,0,0,0,0,0,0,0,0,0,0,0,48011986,0,0,0,0,0,0,0,0,0,0,0,0,0/0/CPU0

2020-02-02 19:50:59.393000+00:00,leaf8,sg3,obt-collector1,0,0,0,0,14083,14083,6,16,0,15,0,278,0,0,0,27,0,0,0,15595,0,0,354,1479,16,27,0,0,14816,0,0,0,0,0,27,0,0,0,0,0,0,0,0,0,0,0,0,0,0,0,0,118807356,0,0,0,0,0,0,0,0,0,0,27,0,0,69825,0,0,14,180809499,0,0,0,0,0,118741898,0,69825,0,0,0,0,0/RP0/CPU0

2020-02-02 19:51:09.403000+00:00,leaf8,sg3,obt-collector1,0,0,0,0,0,0,0,0,0,0,4611,0,556,0,0,0,0,0,0,4889,0,0,0,0,0,0,0,0,0,0,0,0,0,0,0,0,0,0,0,0,0,0,0,0,0,0,0,0,0,0,0,0,0,0,0,0,0,0,0,0,0,0,0,0,0,0,0,0,0,48012300,0,0,0,0,0,0,0,0,0,0,0,0,0/0/CPU0

2020-02-02 19:51:09.406000+00:00,leaf8,sg3,obt-collector1,0,0,0,0,14083,14083,6,16,0,15,0,278,0,0,0,27,0,0,0,15595,0,0,354,1479,16,27,0,0,14816,0,0,0,0,0,27,0,0,0,0,0,0,0,0,0,0,0,0,0,0,0,0,118807557,0,0,0,0,0,0,0,0,0,0,27,0,0,69825,0,0,14,180810935,0,0,0,0,0,118742098,0,69825,0,0,0,0,0/RP0/CPU0

2020-02-02 19:51:19.411000+00:00,leaf8,sg3,obt-collector1,0,0,0,0,0,0,0,0,0,0,4611,0,556,0,0,0,0,0,0,4889,0,0,0,0,0,0,0,0,0,0,0,0,0,0,0,0,0,0,0,0,0,0,0,0,0,0,0,0,0,0,0,0,0,0,0,0,0,0,0,0,0,0,0,0,0,0,0,0,0,48012403,0,0,0,0,0,0,0,0,0,0,0,0,0/0/CPU0

2020-02-02 19:51:19.414000+00:00,leaf8,sg3,obt-collector1,0,0,0,0,14083,14083,6,16,0,15,0,278,0,0,0,27,0,0,0,15595,0,0,354,1479,16,27,0,0,14816,0,0,0,0,0,27,0,0,0,0,0,0,0,0,0,0,0,0,0,0,0,0,118807776,0,0,0,0,0,0,0,0,0,0,27,0,0,69825,0,0,14,180812388,0,0,0,0,0,118742317,0,69825,0,0,0,0,0/RP0/CPU0

2020-02-02 19:51:29.429000+00:00,leaf8,sg3,obt-collector1,0,0,0,0,0,0,0,0,0,0,4611,0,556,0,0,0,0,0,0,4889,0,0,0,0,0,0,0,0,0,0,0,0,0,0,0,0,0,0,0,0,0,0,0,0,0,0,0,0,0,0,0,0,0,0,0,0,0,0,0,0,0,0,0,0,0,0,0,0,0,48012499,0,0,0,0,0,0,0,0,0,0,0,0,0/0/CPU0

2020-02-02 19:51:29.431000+00:00,leaf8,sg3,obt-collector1,0,0,0,0,14083,14083,6,16,0,15,0,278,0,0,0,27,0,0,0,15595,0,0,354,1479,16,27,0,0,14816,0,0,0,0,0,27,0,0,0,0,0,0,0,0,0,0,0,0,0,0,0,0,118808018,0,0,0,0,0,0,0,0,0,0,27,0,0,69825,0,0,14,180813595,0,0,0,0,0,118742559,0,69825,0,0,0,0,0/RP0/CPU0

2020-02-02 19:51:39.438000+00:00,leaf8,sg3,obt-collector1,0,0,0,0,0,0,0,0,0,0,4611,0,556,0,0,0,0,0,0,4889,0,0,0,0,0,0,0,0,0,0,0,0,0,0,0,0,0,0,0,0,0,0,0,0,0,0,0,0,0,0,0,0,0,0,0,0,0,0,0,0,0,0,0,0,0,0,0,0,0,48012530,0,0,0,0,0,0,0,0,0,0,0,0,0/0/CPU0

2020-02-02 19:51:39.440000+00:00,leaf8,sg3,obt-collector1,0,0,0,0,14083,14083,6,16,0,15,0,278,0,0,0,27,0,0,0,15595,0,0,354,1479,16,27,0,0,14816,0,0,0,0,0,27,0,0,0,0,0,0,0,0,0,0,0,0,0,0,0,0,118808262,0,0,0,0,0,0,0,0,0,0,27,0,0,69825,0,0,14,180815061,0,0,0,0,0,118742803,0,69825,0,0,0,0,0/RP0/CPU0

2020-02-02 19:51:49.449000+00:00,leaf8,sg3,obt-collector1,0,0,0,0,0,0,0,0,0,0,4611,0,556,0,0,0,0,0,0,4889,0,0,0,0,0,0,0,0,0,0,0,0,0,0,0,0,0,0,0,0,0,0,0,0,0,0,0,0,0,0,0,0,0,0,0,0,0,0,0,0,0,0,0,0,0,0,0,0,0,48012673,0,0,0,0,0,0,0,0,0,0,0,0,0/0/CPU0

2020-02-02 19:51:49.451000+00:00,leaf8,sg3,obt-collector1,0,0,0,0,14083,14083,6,16,0,15,0,278,0,0,0,27,0,0,0,15595,0,0,354,1479,16,27,0,0,14816,0,0,0,0,0,27,0,0,0,0,0,0,0,0,0,0,0,0,0,0,0,0,118808493,0,0,0,0,0,0,0,0,0,0,27,0,0,69826,0,0,14,180816526,0,0,0,0,0,118743034,0,69826,0,0,0,0,0/RP0/CPU0

2020-02-02 19:51:59.457000+00:00,leaf8,sg3,obt-collector1,0,0,0,0,0,0,0,0,0,0,4611,0,556,0,0,0,0,0,0,4889,0,0,0,0,0,0,0,0,0,0,0,0,0,0,0,0,0,0,0,0,0,0,0,0,0,0,0,0,0,0,0,0,0,0,0,0,0,0,0,0,0,0,0,0,0,0,0,0,0,48012786,0,0,0,0,0,0,0,0,0,0,0,0,0/0/CPU0

2020-02-02 19:51:59.465000+00:00,leaf8,sg3,obt-collector1,0,0,0,0,14083,14083,6,16,0,15,0,278,0,0,0,27,0,0,0,15595,0,0,354,1479,16,27,0,0,14816,0,0,0,0,0,27,0,0,0,0,0,0,0,0,0,0,0,0,0,0,0,0,118808736,0,0,0,0,0,0,0,0,0,0,27,0,0,69826,0,0,14,180817984,0,0,0,0,0,118743277,0,69826,0,0,0,0,0/RP0/CPU0

2020-02-02 19:52:09.472000+00:00,leaf8,sg3,obt-collector1,0,0,0,0,0,0,0,0,0,0,4611,0,556,0,0,0,0,0,0,4889,0,0,0,0,0,0,0,0,0,0,0,0,0,0,0,0,0,0,0,0,0,0,0,0,0,0,0,0,0,0,0,0,0,0,0,0,0,0,0,0,0,0,0,0,0,0,0,0,0,48012990,0,0,0,0,0,0,0,0,0,0,0,0,0/0/CPU0

2020-02-02 19:52:09.476000+00:00,leaf8,sg3,obt-collector1,0,0,0,0,14083,14083,6,16,0,15,0,278,0,0,0,27,0,0,0,15595,0,0,354,1479,16,27,0,0,14816,0,0,0,0,0,27,0,0,0,0,0,0,0,0,0,0,0,0,0,0,0,0,118808941,0,0,0,0,0,0,0,0,0,0,27,0,0,69826,0,0,14,180819439,0,0,0,0,0,118743481,0,69826,0,0,0,0,0/RP0/CPU0

2020-02-02 19:52:19.482000+00:00,leaf8,sg3,obt-collector1,0,0,0,0,0,0,0,0,0,0,4611,0,556,0,0,0,0,0,0,4889,0,0,0,0,0,0,0,0,0,0,0,0,0,0,0,0,0,0,0,0,0,0,0,0,0,0,0,0,0,0,0,0,0,0,0,0,0,0,0,0,0,0,0,0,0,0,0,0,0,48013142,0,0,0,0,0,0,0,0,0,0,0,0,0/0/CPU0

2020-02-02 19:52:19.484000+00:00,leaf8,sg3,obt-collector1,0,0,0,0,14083,14083,6,16,0,15,0,278,0,0,0,27,0,0,0,15595,0,0,354,1479,16,27,0,0,14816,0,0,0,0,0,27,0,0,0,0,0,0,0,0,0,0,0,0,0,0,0,0,118809154,0,0,0,0,0,0,0,0,0,0,27,0,0,69826,0,0,14,180820895,0,0,0,0,0,118743694,0,69826,0,0,0,0,0/RP0/CPU0

2020-02-02 19:52:29.494000+00:00,leaf8,sg3,obt-collector1,0,0,0,0,0,0,0,0,0,0,4611,0,556,0,0,0,0,0,0,4889,0,0,0,0,0,0,0,0,0,0,0,0,0,0,0,0,0,0,0,0,0,0,0,0,0,0,0,0,0,0,0,0,0,0,0,0,0,0,0,0,0,0,0,0,0,0,0,0,0,48013232,0,0,0,0,0,0,0,0,0,0,0,0,0/0/CPU0

2020-02-02 19:52:29.497000+00:00,leaf8,sg3,obt-collector1,0,0,0,0,14083,14083,6,16,0,15,0,278,0,0,0,27,0,0,0,15595,0,0,354,1479,16,27,0,0,14816,0,0,0,0,0,27,0,0,0,0,0,0,0,0,0,0,0,0,0,0,0,0,118809400,0,0,0,0,0,0,0,0,0,0,27,0,0,69826,0,0,14,180822096,0,0,0,0,0,118743940,0,69826,0,0,0,0,0/RP0/CPU0

2020-02-02 19:52:39.510000+00:00,leaf8,sg3,obt-collector1,0,0,0,0,0,0,0,0,0,0,4611,0,556,0,0,0,0,0,0,4889,0,0,0,0,0,0,0,0,0,0,0,0,0,0,0,0,0,0,0,0,0,0,0,0,0,0,0,0,0,0,0,0,0,0,0,0,0,0,0,0,0,0,0,0,0,0,0,0,0,48013646,0,0,0,0,0,0,0,0,0,0,0,0,0/0/CPU0

2020-02-02 19:52:39.512000+00:00,leaf8,sg3,obt-collector1,0,0,0,0,14083,14083,6,16,0,15,0,278,0,0,0,27,0,0,0,15595,0,0,354,1479,16,27,0,0,14816,0,0,0,0,0,27,0,0,0,0,0,0,0,0,0,0,0,0,0,0,0,0,118809610,0,0,0,0,0,0,0,0,0,0,27,0,0,69826,0,0,14,180823428,0,0,0,0,0,118744150,0,69826,0,0,0,0,0/RP0/CPU0

2020-02-02 19:52:49.522000+00:00,leaf8,sg3,obt-collector1,0,0,0,0,0,0,0,0,0,0,4611,0,556,0,0,0,0,0,0,4889,0,0,0,0,0,0,0,0,0,0,0,0,0,0,0,0,0,0,0,0,0,0,0,0,0,0,0,0,0,0,0,0,0,0,0,0,0,0,0,0,0,0,0,0,0,0,0,0,0,48013978,0,0,0,0,0,0,0,0,0,0,0,0,0/0/CPU0

2020-02-02 19:52:49.524000+00:00,leaf8,sg3,obt-collector1,0,0,0,0,14083,14083,6,16,0,15,0,278,0,0,0,27,0,0,0,15595,0,0,354,1479,16,27,0,0,14816,0,0,0,0,0,27,0,0,0,0,0,0,0,0,0,0,0,0,0,0,0,0,118809908,0,0,0,0,0,0,0,0,0,0,27,0,0,69827,0,0,14,180824951,0,0,0,0,0,118744448,0,69827,0,0,0,0,0/RP0/CPU0

2020-02-02 19:52:59.534000+00:00,leaf8,sg3,obt-collector1,0,0,0,0,0,0,0,0,0,0,4611,0,556,0,0,0,0,0,0,4889,0,0,0,0,0,0,0,0,0,0,0,0,0,0,0,0,0,0,0,0,0,0,0,0,0,0,0,0,0,0,0,0,0,0,0,0,0,0,0,0,0,0,0,0,0,0,0,0,0,48013984,0,0,0,0,0,0,0,0,0,0,0,0,0/0/CPU0

2020-02-02 19:52:59.537000+00:00,leaf8,sg3,obt-collector1,0,0,0,0,14083,14083,6,16,0,15,0,278,0,0,0,27,0,0,0,15595,0,0,354,1479,16,27,0,0,14816,0,0,0,0,0,27,0,0,0,0,0,0,0,0,0,0,0,0,0,0,0,0,118810224,0,0,0,0,0,0,0,0,0,0,27,0,0,69827,0,0,14,180826491,0,0,0,0,0,118744764,0,69827,0,0,0,0,0/RP0/CPU0

2020-02-02 19:53:09.543000+00:00,leaf8,sg3,obt-collector1,0,0,0,0,0,0,0,0,0,0,4611,0,556,0,0,0,0,0,0,4889,0,0,0,0,0,0,0,0,0,0,0,0,0,0,0,0,0,0,0,0,0,0,0,0,0,0,0,0,0,0,0,0,0,0,0,0,0,0,0,0,0,0,0,0,0,0,0,0,0,48014241,0,0,0,0,0,0,0,0,0,0,0,0,0/0/CPU0

2020-02-02 19:53:09.545000+00:00,leaf8,sg3,obt-collector1,0,0,0,0,14084,14084,6,16,0,15,0,278,0,0,0,27,0,0,0,15596,0,0,354,1479,16,27,0,0,14817,0,0,0,0,0,27,0,0,0,0,0,0,0,0,0,0,0,0,0,0,0,0,118810456,0,0,0,0,0,0,0,0,0,0,27,0,0,69827,0,0,14,180827976,0,0,0,0,0,118744996,0,69827,0,0,0,0,0/RP0/CPU0

2020-02-02 19:53:19.554000+00:00,leaf8,sg3,obt-collector1,0,0,0,0,0,0,0,0,0,0,4611,0,556,0,0,0,0,0,0,4889,0,0,0,0,0,0,0,0,0,0,0,0,0,0,0,0,0,0,0,0,0,0,0,0,0,0,0,0,0,0,0,0,0,0,0,0,0,0,0,0,0,0,0,0,0,0,0,0,0,48014344,0,0,0,0,0,0,0,0,0,0,0,0,0/0/CPU0

2020-02-02 19:53:19.562000+00:00,leaf8,sg3,obt-collector1,0,0,0,0,14084,14084,6,16,0,15,0,278,0,0,0,27,0,0,0,15596,0,0,354,1479,16,27,0,0,14817,0,0,0,0,0,27,0,0,0,0,0,0,0,0,0,0,0,0,0,0,0,0,118810661,0,0,0,0,0,0,0,0,0,0,27,0,0,69827,0,0,14,180829235,0,0,0,0,0,118745200,0,69827,0,0,0,0,0/RP0/CPU0

2020-02-02 19:53:29.571000+00:00,leaf8,sg3,obt-collector1,0,0,0,0,0,0,0,0,0,0,4611,0,556,0,0,0,0,0,0,4889,0,0,0,0,0,0,0,0,0,0,0,0,0,0,0,0,0,0,0,0,0,0,0,0,0,0,0,0,0,0,0,0,0,0,0,0,0,0,0,0,0,0,0,0,0,0,0,0,0,48014741,0,0,0,0,0,0,0,0,0,0,0,0,0/0/CPU0

2020-02-02 19:53:29.573000+00:00,leaf8,sg3,obt-collector1,0,0,0,0,14084,14084,6,16,0,15,0,278,0,0,0,27,0,0,0,15596,0,0,354,1479,16,27,0,0,14817,0,0,0,0,0,27,0,0,0,0,0,0,0,0,0,0,0,0,0,0,0,0,118810843,0,0,0,0,0,0,0,0,0,0,27,0,0,69827,0,0,14,180830606,0,0,0,0,0,118745382,0,69827,0,0,0,0,0/RP0/CPU0

2020-02-02 19:53:39.581000+00:00,leaf8,sg3,obt-collector1,0,0,0,0,0,0,0,0,0,0,4611,0,556,0,0,0,0,0,0,4889,0,0,0,0,0,0,0,0,0,0,0,0,0,0,0,0,0,0,0,0,0,0,0,0,0,0,0,0,0,0,0,0,0,0,0,0,0,0,0,0,0,0,0,0,0,0,0,0,0,48014765,0,0,0,0,0,0,0,0,0,0,0,0,0/0/CPU0

2020-02-02 19:53:39.584000+00:00,leaf8,sg3,obt-collector1,0,0,0,0,14084,14084,6,16,0,15,0,278,0,0,0,27,0,0,0,15596,0,0,354,1479,16,27,0,0,14817,0,0,0,0,0,27,0,0,0,0,0,0,0,0,0,0,0,0,0,0,0,0,118811053,0,0,0,0,0,0,0,0,0,0,27,0,0,69827,0,0,14,180832062,0,0,0,0,0,118745592,0,69827,0,0,0,0,0/RP0/CPU0

2020-02-02 19:53:49.589000+00:00,leaf8,sg3,obt-collector1,0,0,0,0,0,0,0,0,0,0,4611,0,556,0,0,0,0,0,0,4889,0,0,0,0,0,0,0,0,0,0,0,0,0,0,0,0,0,0,0,0,0,0,0,0,0,0,0,0,0,0,0,0,0,0,0,0,0,0,0,0,0,0,0,0,0,0,0,0,0,48015201,0,0,0,0,0,0,0,0,0,0,0,0,0/0/CPU0

2020-02-02 19:53:49.591000+00:00,leaf8,sg3,obt-collector1,0,0,0,0,14084,14084,6,16,0,15,0,278,0,0,0,27,0,0,0,15596,0,0,354,1479,16,27,0,0,14817,0,0,0,0,0,27,0,0,0,0,0,0,0,0,0,0,0,0,0,0,0,0,118811243,0,0,0,0,0,0,0,0,0,0,27,0,0,69828,0,0,14,180833506,0,0,0,0,0,118745782,0,69828,0,0,0,0,0/RP0/CPU0

2020-02-02 19:53:59.598000+00:00,leaf8,sg3,obt-collector1,0,0,0,0,0,0,0,0,0,0,4611,0,556,0,0,0,0,0,0,4889,0,0,0,0,0,0,0,0,0,0,0,0,0,0,0,0,0,0,0,0,0,0,0,0,0,0,0,0,0,0,0,0,0,0,0,0,0,0,0,0,0,0,0,0,0,0,0,0,0,48015209,0,0,0,0,0,0,0,0,0,0,0,0,0/0/CPU0

2020-02-02 19:53:59.601000+00:00,leaf8,sg3,obt-collector1,0,0,0,0,14084,14084,6,16,0,15,0,278,0,0,0,27,0,0,0,15596,0,0,354,1479,16,27,0,0,14817,0,0,0,0,0,27,0,0,0,0,0,0,0,0,0,0,0,0,0,0,0,0,118811646,0,0,0,0,0,0,0,0,0,0,27,0,0,69828,0,0,14,180835192,0,0,0,0,0,118746185,0,69828,0,0,0,0,0/RP0/CPU0

2020-02-02 19:54:09.621000+00:00,leaf8,sg3,obt-collector1,0,0,0,0,0,0,0,0,0,0,4611,0,556,0,0,0,0,0,0,4889,0,0,0,0,0,0,0,0,0,0,0,0,0,0,0,0,0,0,0,0,0,0,0,0,0,0,0,0,0,0,0,0,0,0,0,0,0,0,0,0,0,0,0,0,0,0,0,0,0,48015257,0,0,0,0,0,0,0,0,0,0,0,0,0/0/CPU0

2020-02-02 19:54:09.623000+00:00,leaf8,sg3,obt-collector1,0,0,0,0,14084,14084,6,16,0,15,0,278,0,0,0,27,0,0,0,15596,0,0,354,1479,16,27,0,0,14817,0,0,0,0,0,27,0,0,0,0,0,0,0,0,0,0,0,0,0,0,0,0,118811948,0,0,0,0,0,0,0,0,0,0,27,0,0,69828,0,0,14,180836659,0,0,0,0,0,118746487,0,69828,0,0,0,0,0/RP0/CPU0

2020-02-02 19:54:19.638000+00:00,leaf8,sg3,obt-collector1,0,0,0,0,0,0,0,0,0,0,4611,0,556,0,0,0,0,0,0,4889,0,0,0,0,0,0,0,0,0,0,0,0,0,0,0,0,0,0,0,0,0,0,0,0,0,0,0,0,0,0,0,0,0,0,0,0,0,0,0,0,0,0,0,0,0,0,0,0,0,48015431,0,0,0,0,0,0,0,0,0,0,0,0,0/0/CPU0

2020-02-02 19:54:19.641000+00:00,leaf8,sg3,obt-collector1,0,0,0,0,14084,14084,6,16,0,15,0,278,0,0,0,27,0,0,0,15596,0,0,354,1479,16,27,0,0,14817,0,0,0,0,0,27,0,0,0,0,0,0,0,0,0,0,0,0,0,0,0,0,118812165,0,0,0,0,0,0,0,0,0,0,27,0,0,69828,0,0,14,180837879,0,0,0,0,0,118746703,0,69828,0,0,0,0,0/RP0/CPU0

2020-02-02 19:54:29.651000+00:00,leaf8,sg3,obt-collector1,0,0,0,0,0,0,0,0,0,0,4611,0,556,0,0,0,0,0,0,4889,0,0,0,0,0,0,0,0,0,0,0,0,0,0,0,0,0,0,0,0,0,0,0,0,0,0,0,0,0,0,0,0,0,0,0,0,0,0,0,0,0,0,0,0,0,0,0,0,0,48015539,0,0,0,0,0,0,0,0,0,0,0,0,0/0/CPU0

2020-02-02 19:54:29.653000+00:00,leaf8,sg3,obt-collector1,0,0,0,0,14084,14084,6,16,0,15,0,278,0,0,0,27,0,0,0,15596,0,0,354,1479,16,27,0,0,14817,0,0,0,0,0,27,0,0,0,0,0,0,0,0,0,0,0,0,0,0,0,0,118812337,0,0,0,0,0,0,0,0,0,0,27,0,0,69828,0,0,14,180839332,0,0,0,0,0,118746875,0,69828,0,0,0,0,0/RP0/CPU0

2020-02-02 19:54:39.659000+00:00,leaf8,sg3,obt-collector1,0,0,0,0,0,0,0,0,0,0,4611,0,556,0,0,0,0,0,0,4889,0,0,0,0,0,0,0,0,0,0,0,0,0,0,0,0,0,0,0,0,0,0,0,0,0,0,0,0,0,0,0,0,0,0,0,0,0,0,0,0,0,0,0,0,0,0,0,0,0,48015565,0,0,0,0,0,0,0,0,0,0,0,0,0/0/CPU0

2020-02-02 19:54:39.661000+00:00,leaf8,sg3,obt-collector1,0,0,0,0,14084,14084,6,16,0,15,0,278,0,0,0,27,0,0,0,15596,0,0,354,1479,16,27,0,0,14817,0,0,0,0,0,27,0,0,0,0,0,0,0,0,0,0,0,0,0,0,0,0,118812521,0,0,0,0,0,0,0,0,0,0,27,0,0,69828,0,0,14,180840783,0,0,0,0,0,118747059,0,69828,0,0,0,0,0/RP0/CPU0

2020-02-02 19:54:49.671000+00:00,leaf8,sg3,obt-collector1,0,0,0,0,0,0,0,0,0,0,4611,0,556,0,0,0,0,0,0,4889,0,0,0,0,0,0,0,0,0,0,0,0,0,0,0,0,0,0,0,0,0,0,0,0,0,0,0,0,0,0,0,0,0,0,0,0,0,0,0,0,0,0,0,0,0,0,0,0,0,48015687,0,0,0,0,0,0,0,0,0,0,0,0,0/0/CPU0

2020-02-02 19:54:49.674000+00:00,leaf8,sg3,obt-collector1,0,0,0,0,14084,14084,6,16,0,15,0,278,0,0,0,27,0,0,0,15596,0,0,354,1479,16,27,0,0,14817,0,0,0,0,0,27,0,0,0,0,0,0,0,0,0,0,0,0,0,0,0,0,118812812,0,0,0,0,0,0,0,0,0,0,27,0,0,69829,0,0,14,180842279,0,0,0,0,0,118747350,0,69829,0,0,0,0,0/RP0/CPU0

2020-02-02 19:54:59.681000+00:00,leaf8,sg3,obt-collector1,0,0,0,0,0,0,0,0,0,0,4611,0,556,0,0,0,0,0,0,4889,0,0,0,0,0,0,0,0,0,0,0,0,0,0,0,0,0,0,0,0,0,0,0,0,0,0,0,0,0,0,0,0,0,0,0,0,0,0,0,0,0,0,0,0,0,0,0,0,0,48015827,0,0,0,0,0,0,0,0,0,0,0,0,0/0/CPU0

2020-02-02 19:54:59.683000+00:00,leaf8,sg3,obt-collector1,0,0,0,0,14084,14084,6,16,0,15,0,278,0,0,0,27,0,0,0,15596,0,0,354,1479,16,27,0,0,14817,0,0,0,0,0,27,0,0,0,0,0,0,0,0,0,0,0,0,0,0,0,0,118813022,0,0,0,0,0,0,0,0,0,0,27,0,0,69829,0,0,14,180843728,0,0,0,0,0,118747560,0,69829,0,0,0,0,0/RP0/CPU0

2020-02-02 19:55:09.692000+00:00,leaf8,sg3,obt-collector1,0,0,0,0,0,0,0,0,0,0,4611,0,556,0,0,0,0,0,0,4889,0,0,0,0,0,0,0,0,0,0,0,0,0,0,0,0,0,0,0,0,0,0,0,0,0,0,0,0,0,0,0,0,0,0,0,0,0,0,0,0,0,0,0,0,0,0,0,0,0,48015879,0,0,0,0,0,0,0,0,0,0,0,0,0/0/CPU0

2020-02-02 19:55:09.694000+00:00,leaf8,sg3,obt-collector1,0,0,0,0,14084,14084,6,16,0,15,0,278,0,0,0,27,0,0,0,15596,0,0,354,1479,16,27,0,0,14817,0,0,0,0,0,27,0,0,0,0,0,0,0,0,0,0,0,0,0,0,0,0,118813227,0,0,0,0,0,0,0,0,0,0,27,0,0,69829,0,0,14,180845185,0,0,0,0,0,118747765,0,69829,0,0,0,0,0/RP0/CPU0

2020-02-02 19:55:19.724000+00:00,leaf8,sg3,obt-collector1,0,0,0,0,0,0,0,0,0,0,4611,0,556,0,0,0,0,0,0,4889,0,0,0,0,0,0,0,0,0,0,0,0,0,0,0,0,0,0,0,0,0,0,0,0,0,0,0,0,0,0,0,0,0,0,0,0,0,0,0,0,0,0,0,0,0,0,0,0,0,48016237,0,0,0,0,0,0,0,0,0,0,0,0,0/0/CPU0

2020-02-02 19:55:19.730000+00:00,leaf8,sg3,obt-collector1,0,0,0,0,14084,14084,6,16,0,15,0,278,0,0,0,27,0,0,0,15596,0,0,354,1479,16,27,0,0,14817,0,0,0,0,0,27,0,0,0,0,0,0,0,0,0,0,0,0,0,0,0,0,118813402,0,0,0,0,0,0,0,0,0,0,27,0,0,69829,0,0,14,180846217,0,0,0,0,0,118747939,0,69829,0,0,0,0,0/RP0/CPU0

2020-02-02 19:55:29.739000+00:00,leaf8,sg3,obt-collector1,0,0,0,0,0,0,0,0,0,0,4611,0,556,0,0,0,0,0,0,4889,0,0,0,0,0,0,0,0,0,0,0,0,0,0,0,0,0,0,0,0,0,0,0,0,0,0,0,0,0,0,0,0,0,0,0,0,0,0,0,0,0,0,0,0,0,0,0,0,0,48016291,0,0,0,0,0,0,0,0,0,0,0,0,0/0/CPU0

2020-02-02 19:55:29.741000+00:00,leaf8,sg3,obt-collector1,0,0,0,0,14084,14084,6,16,0,15,0,278,0,0,0,27,0,0,0,15596,0,0,354,1479,16,27,0,0,14817,0,0,0,0,0,27,0,0,0,0,0,0,0,0,0,0,0,0,0,0,0,0,118813619,0,0,0,0,0,0,0,0,0,0,27,0,0,69829,0,0,14,180847654,0,0,0,0,0,118748156,0,69829,0,0,0,0,0/RP0/CPU0

2020-02-02 19:55:39.752000+00:00,leaf8,sg3,obt-collector1,0,0,0,0,0,0,0,0,0,0,4611,0,556,0,0,0,0,0,0,4889,0,0,0,0,0,0,0,0,0,0,0,0,0,0,0,0,0,0,0,0,0,0,0,0,0,0,0,0,0,0,0,0,0,0,0,0,0,0,0,0,0,0,0,0,0,0,0,0,0,48016421,0,0,0,0,0,0,0,0,0,0,0,0,0/0/CPU0

2020-02-02 19:55:39.754000+00:00,leaf8,sg3,obt-collector1,0,0,0,0,14084,14084,6,16,0,15,0,278,0,0,0,27,0,0,0,15596,0,0,354,1479,16,27,0,0,14817,0,0,0,0,0,27,0,0,0,0,0,0,0,0,0,0,0,0,0,0,0,0,118813849,0,0,0,0,0,0,0,0,0,0,27,0,0,69829,0,0,14,180849102,0,0,0,0,0,118748386,0,69829,0,0,0,0,0/RP0/CPU0

2020-02-02 19:55:49.760000+00:00,leaf8,sg3,obt-collector1,0,0,0,0,0,0,0,0,0,0,4611,0,556,0,0,0,0,0,0,4889,0,0,0,0,0,0,0,0,0,0,0,0,0,0,0,0,0,0,0,0,0,0,0,0,0,0,0,0,0,0,0,0,0,0,0,0,0,0,0,0,0,0,0,0,0,0,0,0,0,48016573,0,0,0,0,0,0,0,0,0,0,0,0,0/0/CPU0

2020-02-02 19:55:49.762000+00:00,leaf8,sg3,obt-collector1,0,0,0,0,14084,14084,6,16,0,15,0,278,0,0,0,27,0,0,0,15596,0,0,354,1479,16,27,0,0,14817,0,0,0,0,0,27,0,0,0,0,0,0,0,0,0,0,0,0,0,0,0,0,118814079,0,0,0,0,0,0,0,0,0,0,27,0,0,69830,0,0,14,180850559,0,0,0,0,0,118748616,0,69830,0,0,0,0,0/RP0/CPU0

2020-02-02 19:55:59.767000+00:00,leaf8,sg3,obt-collector1,0,0,0,0,0,0,0,0,0,0,4611,0,556,0,0,0,0,0,0,4889,0,0,0,0,0,0,0,0,0,0,0,0,0,0,0,0,0,0,0,0,0,0,0,0,0,0,0,0,0,0,0,0,0,0,0,0,0,0,0,0,0,0,0,0,0,0,0,0,0,48016673,0,0,0,0,0,0,0,0,0,0,0,0,0/0/CPU0

2020-02-02 19:55:59.768000+00:00,leaf8,sg3,obt-collector1,0,0,0,0,14084,14084,6,16,0,15,0,278,0,0,0,27,0,0,0,15596,0,0,354,1479,16,27,0,0,14817,0,0,0,0,0,27,0,0,0,0,0,0,0,0,0,0,0,0,0,0,0,0,118814263,0,0,0,0,0,0,0,0,0,0,27,0,0,69830,0,0,14,180851991,0,0,0,0,0,118748800,0,69830,0,0,0,0,0/RP0/CPU0

2020-02-02 19:56:09.775000+00:00,leaf8,sg3,obt-collector1,0,0,0,0,0,0,0,0,0,0,4611,0,556,0,0,0,0,0,0,4889,0,0,0,0,0,0,0,0,0,0,0,0,0,0,0,0,0,0,0,0,0,0,0,0,0,0,0,0,0,0,0,0,0,0,0,0,0,0,0,0,0,0,0,0,0,0,0,0,0,48016816,0,0,0,0,0,0,0,0,0,0,0,0,0/0/CPU0

2020-02-02 19:56:09.780000+00:00,leaf8,sg3,obt-collector1,0,0,0,0,14084,14084,6,16,0,15,0,278,0,0,0,27,0,0,0,15596,0,0,354,1479,16,27,0,0,14817,0,0,0,0,0,27,0,0,0,0,0,0,0,0,0,0,0,0,0,0,0,0,118814446,0,0,0,0,0,0,0,0,0,0,27,0,0,69830,0,0,14,180853158,0,0,0,0,0,118748983,0,69830,0,0,0,0,0/RP0/CPU0

2020-02-02 19:56:19.791000+00:00,leaf8,sg3,obt-collector1,0,0,0,0,0,0,0,0,0,0,4611,0,556,0,0,0,0,0,0,4889,0,0,0,0,0,0,0,0,0,0,0,0,0,0,0,0,0,0,0,0,0,0,0,0,0,0,0,0,0,0,0,0,0,0,0,0,0,0,0,0,0,0,0,0,0,0,0,0,0,48017222,0,0,0,0,0,0,0,0,0,0,0,0,0/0/CPU0

2020-02-02 19:56:19.797000+00:00,leaf8,sg3,obt-collector1,0,0,0,0,14084,14084,6,16,0,15,0,278,0,0,0,27,0,0,0,15596,0,0,354,1479,16,27,0,0,14817,0,0,0,0,0,27,0,0,0,0,0,0,0,0,0,0,0,0,0,0,0,0,118814664,0,0,0,0,0,0,0,0,0,0,27,0,0,69830,0,0,14,180854605,0,0,0,0,0,118749201,0,69830,0,0,0,0,0/RP0/CPU0

2020-02-02 19:56:29.809000+00:00,leaf8,sg3,obt-collector1,0,0,0,0,0,0,0,0,0,0,4611,0,556,0,0,0,0,0,0,4889,0,0,0,0,0,0,0,0,0,0,0,0,0,0,0,0,0,0,0,0,0,0,0,0,0,0,0,0,0,0,0,0,0,0,0,0,0,0,0,0,0,0,0,0,0,0,0,0,0,48017254,0,0,0,0,0,0,0,0,0,0,0,0,0/0/CPU0

2020-02-02 19:56:29.813000+00:00,leaf8,sg3,obt-collector1,0,0,0,0,14084,14084,6,16,0,15,0,278,0,0,0,27,0,0,0,15596,0,0,354,1479,16,27,0,0,14817,0,0,0,0,0,27,0,0,0,0,0,0,0,0,0,0,0,0,0,0,0,0,118814855,0,0,0,0,0,0,0,0,0,0,27,0,0,69830,0,0,14,180856036,0,0,0,0,0,118749391,0,69830,0,0,0,0,0/RP0/CPU0

2020-02-02 19:56:39.820000+00:00,leaf8,sg3,obt-collector1,0,0,0,0,0,0,0,0,0,0,4611,0,556,0,0,0,0,0,0,4889,0,0,0,0,0,0,0,0,0,0,0,0,0,0,0,0,0,0,0,0,0,0,0,0,0,0,0,0,0,0,0,0,0,0,0,0,0,0,0,0,0,0,0,0,0,0,0,0,0,48017423,0,0,0,0,0,0,0,0,0,0,0,0,0/0/CPU0

2020-02-02 19:56:39.822000+00:00,leaf8,sg3,obt-collector1,0,0,0,0,14084,14084,6,16,0,15,0,278,0,0,0,27,0,0,0,15596,0,0,354,1479,16,27,0,0,14817,0,0,0,0,0,27,0,0,0,0,0,0,0,0,0,0,0,0,0,0,0,0,118815050,0,0,0,0,0,0,0,0,0,0,27,0,0,69830,0,0,14,180857461,0,0,0,0,0,118749586,0,69830,0,0,0,0,0/RP0/CPU0

2020-02-02 19:56:49.830000+00:00,leaf8,sg3,obt-collector1,0,0,0,0,0,0,0,0,0,0,4611,0,556,0,0,0,0,0,0,4889,0,0,0,0,0,0,0,0,0,0,0,0,0,0,0,0,0,0,0,0,0,0,0,0,0,0,0,0,0,0,0,0,0,0,0,0,0,0,0,0,0,0,0,0,0,0,0,0,0,48017710,0,0,0,0,0,0,0,0,0,0,0,0,0/0/CPU0

2020-02-02 19:56:49.833000+00:00,leaf8,sg3,obt-collector1,0,0,0,0,14084,14084,6,16,0,15,0,278,0,0,0,27,0,0,0,15596,0,0,354,1479,16,27,0,0,14817,0,0,0,0,0,27,0,0,0,0,0,0,0,0,0,0,0,0,0,0,0,0,118815283,0,0,0,0,0,0,0,0,0,0,27,0,0,69831,0,0,14,180858911,0,0,0,0,0,118749819,0,69831,0,0,0,0,0/RP0/CPU0

2020-02-02 19:56:59.840000+00:00,leaf8,sg3,obt-collector1,0,0,0,0,0,0,0,0,0,0,4611,0,556,0,0,0,0,0,0,4889,0,0,0,0,0,0,0,0,0,0,0,0,0,0,0,0,0,0,0,0,0,0,0,0,0,0,0,0,0,0,0,0,0,0,0,0,0,0,0,0,0,0,0,0,0,0,0,0,0,48017813,0,0,0,0,0,0,0,0,0,0,0,0,0/0/CPU0

2020-02-02 19:56:59.842000+00:00,leaf8,sg3,obt-collector1,0,0,0,0,14084,14084,6,16,0,15,0,278,0,0,0,27,0,0,0,15596,0,0,354,1479,16,27,0,0,14817,0,0,0,0,0,27,0,0,0,0,0,0,0,0,0,0,0,0,0,0,0,0,118815495,0,0,0,0,0,0,0,0,0,0,27,0,0,69831,0,0,14,180860035,0,0,0,0,0,118750031,0,69831,0,0,0,0,0/RP0/CPU0

2020-02-02 19:57:09.849000+00:00,leaf8,sg3,obt-collector1,0,0,0,0,0,0,0,0,0,0,4611,0,556,0,0,0,0,0,0,4889,0,0,0,0,0,0,0,0,0,0,0,0,0,0,0,0,0,0,0,0,0,0,0,0,0,0,0,0,0,0,0,0,0,0,0,0,0,0,0,0,0,0,0,0,0,0,0,0,0,48018019,0,0,0,0,0,0,0,0,0,0,0,0,0/0/CPU0

2020-02-02 19:57:09.852000+00:00,leaf8,sg3,obt-collector1,0,0,0,0,14084,14084,6,16,0,15,0,278,0,0,0,27,0,0,0,15596,0,0,354,1479,16,27,0,0,14817,0,0,0,0,0,27,0,0,0,0,0,0,0,0,0,0,0,0,0,0,0,0,118815685,0,0,0,0,0,0,0,0,0,0,27,0,0,69831,0,0,14,180861436,0,0,0,0,0,118750221,0,69831,0,0,0,0,0/RP0/CPU0

2020-02-02 19:57:19.861000+00:00,leaf8,sg3,obt-collector1,0,0,0,0,0,0,0,0,0,0,4611,0,556,0,0,0,0,0,0,4889,0,0,0,0,0,0,0,0,0,0,0,0,0,0,0,0,0,0,0,0,0,0,0,0,0,0,0,0,0,0,0,0,0,0,0,0,0,0,0,0,0,0,0,0,0,0,0,0,0,48018308,0,0,0,0,0,0,0,0,0,0,0,0,0/0/CPU0

2020-02-02 19:57:19.864000+00:00,leaf8,sg3,obt-collector1,0,0,0,0,14084,14084,6,16,0,15,0,278,0,0,0,27,0,0,0,15596,0,0,354,1479,16,27,0,0,14817,0,0,0,0,0,27,0,0,0,0,0,0,0,0,0,0,0,0,0,0,0,0,118815876,0,0,0,0,0,0,0,0,0,0,27,0,0,69831,0,0,14,180862571,0,0,0,0,0,118750412,0,69831,0,0,0,0,0/RP0/CPU0

2020-02-02 19:57:29.875000+00:00,leaf8,sg3,obt-collector1,0,0,0,0,0,0,0,0,0,0,4611,0,556,0,0,0,0,0,0,4889,0,0,0,0,0,0,0,0,0,0,0,0,0,0,0,0,0,0,0,0,0,0,0,0,0,0,0,0,0,0,0,0,0,0,0,0,0,0,0,0,0,0,0,0,0,0,0,0,0,48018411,0,0,0,0,0,0,0,0,0,0,0,0,0/0/CPU0

2020-02-02 19:57:29.877000+00:00,leaf8,sg3,obt-collector1,0,0,0,0,14084,14084,6,16,0,15,0,278,0,0,0,27,0,0,0,15596,0,0,354,1479,16,27,0,0,14817,0,0,0,0,0,27,0,0,0,0,0,0,0,0,0,0,0,0,0,0,0,0,118816057,0,0,0,0,0,0,0,0,0,0,27,0,0,69831,0,0,14,180863878,0,0,0,0,0,118750592,0,69831,0,0,0,0,0/RP0/CPU0

2020-02-02 19:57:39.885000+00:00,leaf8,sg3,obt-collector1,0,0,0,0,0,0,0,0,0,0,4611,0,556,0,0,0,0,0,0,4889,0,0,0,0,0,0,0,0,0,0,0,0,0,0,0,0,0,0,0,0,0,0,0,0,0,0,0,0,0,0,0,0,0,0,0,0,0,0,0,0,0,0,0,0,0,0,0,0,0,48018601,0,0,0,0,0,0,0,0,0,0,0,0,0/0/CPU0

2020-02-02 19:57:39.888000+00:00,leaf8,sg3,obt-collector1,0,0,0,0,14084,14084,6,16,0,15,0,278,0,0,0,27,0,0,0,15596,0,0,354,1479,16,27,0,0,14817,0,0,0,0,0,27,0,0,0,0,0,0,0,0,0,0,0,0,0,0,0,0,118816271,0,0,0,0,0,0,0,0,0,0,27,0,0,69831,0,0,14,180865317,0,0,0,0,0,118750806,0,69831,0,0,0,0,0/RP0/CPU0

2020-02-02 19:57:49.904000+00:00,leaf8,sg3,obt-collector1,0,0,0,0,0,0,0,0,0,0,4611,0,556,0,0,0,0,0,0,4889,0,0,0,0,0,0,0,0,0,0,0,0,0,0,0,0,0,0,0,0,0,0,0,0,0,0,0,0,0,0,0,0,0,0,0,0,0,0,0,0,0,0,0,0,0,0,0,0,0,48018662,0,0,0,0,0,0,0,0,0,0,0,0,0/0/CPU0

2020-02-02 19:57:49.907000+00:00,leaf8,sg3,obt-collector1,0,0,0,0,14084,14084,6,16,0,15,0,278,0,0,0,27,0,0,0,15596,0,0,354,1479,16,27,0,0,14817,0,0,0,0,0,27,0,0,0,0,0,0,0,0,0,0,0,0,0,0,0,0,118816465,0,0,0,0,0,0,0,0,0,0,27,0,0,69832,0,0,14,180866682,0,0,0,0,0,118751000,0,69832,0,0,0,0,0/RP0/CPU0

2020-02-02 19:57:59.928000+00:00,leaf8,sg3,obt-collector1,0,0,0,0,0,0,0,0,0,0,4611,0,556,0,0,0,0,0,0,4889,0,0,0,0,0,0,0,0,0,0,0,0,0,0,0,0,0,0,0,0,0,0,0,0,0,0,0,0,0,0,0,0,0,0,0,0,0,0,0,0,0,0,0,0,0,0,0,0,0,48018773,0,0,0,0,0,0,0,0,0,0,0,0,0/0/CPU0

2020-02-02 19:57:59.930000+00:00,leaf8,sg3,obt-collector1,0,0,0,0,14084,14084,6,16,0,15,0,278,0,0,0,27,0,0,0,15596,0,0,354,1479,16,27,0,0,14817,0,0,0,0,0,27,0,0,0,0,0,0,0,0,0,0,0,0,0,0,0,0,118816676,0,0,0,0,0,0,0,0,0,0,27,0,0,69832,0,0,14,180867818,0,0,0,0,0,118751211,0,69832,0,0,0,0,0/RP0/CPU0

2020-02-02 19:58:09.937000+00:00,leaf8,sg3,obt-collector1,0,0,0,0,0,0,0,0,0,0,4611,0,556,0,0,0,0,0,0,4889,0,0,0,0,0,0,0,0,0,0,0,0,0,0,0,0,0,0,0,0,0,0,0,0,0,0,0,0,0,0,0,0,0,0,0,0,0,0,0,0,0,0,0,0,0,0,0,0,0,48018919,0,0,0,0,0,0,0,0,0,0,0,0,0/0/CPU0

2020-02-02 19:58:09.939000+00:00,leaf8,sg3,obt-collector1,0,0,0,0,14084,14084,6,16,0,15,0,278,0,0,0,27,0,0,0,15596,0,0,354,1479,16,27,0,0,14817,0,0,0,0,0,27,0,0,0,0,0,0,0,0,0,0,0,0,0,0,0,0,118816872,0,0,0,0,0,0,0,0,0,0,27,0,0,69832,0,0,14,180869256,0,0,0,0,0,118751407,0,69832,0,0,0,0,0/RP0/CPU0

2020-02-02 19:58:19.944000+00:00,leaf8,sg3,obt-collector1,0,0,0,0,0,0,0,0,0,0,4611,0,556,0,0,0,0,0,0,4889,0,0,0,0,0,0,0,0,0,0,0,0,0,0,0,0,0,0,0,0,0,0,0,0,0,0,0,0,0,0,0,0,0,0,0,0,0,0,0,0,0,0,0,0,0,0,0,0,0,48019014,0,0,0,0,0,0,0,0,0,0,0,0,0/0/CPU0

2020-02-02 19:58:19.946000+00:00,leaf8,sg3,obt-collector1,0,0,0,0,14085,14085,6,16,0,15,0,278,0,0,0,27,0,0,0,15597,0,0,354,1479,16,27,0,0,14818,0,0,0,0,0,27,0,0,0,0,0,0,0,0,0,0,0,0,0,0,0,0,118817114,0,0,0,0,0,0,0,0,0,0,27,0,0,69832,0,0,14,180870742,0,0,0,0,0,118751649,0,69832,0,0,0,0,0/RP0/CPU0

2020-02-02 19:58:29.951000+00:00,leaf8,sg3,obt-collector1,0,0,0,0,0,0,0,0,0,0,4611,0,556,0,0,0,0,0,0,4889,0,0,0,0,0,0,0,0,0,0,0,0,0,0,0,0,0,0,0,0,0,0,0,0,0,0,0,0,0,0,0,0,0,0,0,0,0,0,0,0,0,0,0,0,0,0,0,0,0,48019140,0,0,0,0,0,0,0,0,0,0,0,0,0/0/CPU0

2020-02-02 19:58:29.953000+00:00,leaf8,sg3,obt-collector1,0,0,0,0,14085,14085,6,16,0,15,0,278,0,0,0,27,0,0,0,15597,0,0,354,1479,16,27,0,0,14818,0,0,0,0,0,27,0,0,0,0,0,0,0,0,0,0,0,0,0,0,0,0,118817315,0,0,0,0,0,0,0,0,0,0,27,0,0,69832,0,0,14,180872178,0,0,0,0,0,118751850,0,69832,0,0,0,0,0/RP0/CPU0

2020-02-02 19:58:39.962000+00:00,leaf8,sg3,obt-collector1,0,0,0,0,0,0,0,0,0,0,4611,0,556,0,0,0,0,0,0,4889,0,0,0,0,0,0,0,0,0,0,0,0,0,0,0,0,0,0,0,0,0,0,0,0,0,0,0,0,0,0,0,0,0,0,0,0,0,0,0,0,0,0,0,0,0,0,0,0,0,48019147,0,0,0,0,0,0,0,0,0,0,0,0,0/0/CPU0

2020-02-02 19:58:39.964000+00:00,leaf8,sg3,obt-collector1,0,0,0,0,14085,14085,6,16,0,15,0,278,0,0,0,27,0,0,0,15597,0,0,354,1479,16,27,0,0,14818,0,0,0,0,0,27,0,0,0,0,0,0,0,0,0,0,0,0,0,0,0,0,118817507,0,0,0,0,0,0,0,0,0,0,27,0,0,69832,0,0,14,180873613,0,0,0,0,0,118752041,0,69832,0,0,0,0,0/RP0/CPU0

2020-02-02 19:58:49.978000+00:00,leaf8,sg3,obt-collector1,0,0,0,0,0,0,0,0,0,0,4611,0,556,0,0,0,0,0,0,4889,0,0,0,0,0,0,0,0,0,0,0,0,0,0,0,0,0,0,0,0,0,0,0,0,0,0,0,0,0,0,0,0,0,0,0,0,0,0,0,0,0,0,0,0,0,0,0,0,0,48019593,0,0,0,0,0,0,0,0,0,0,0,0,0/0/CPU0

2020-02-02 19:58:49.983000+00:00,leaf8,sg3,obt-collector1,0,0,0,0,14085,14085,6,16,0,15,0,278,0,0,0,27,0,0,0,15597,0,0,354,1479,16,27,0,0,14818,0,0,0,0,0,27,0,0,0,0,0,0,0,0,0,0,0,0,0,0,0,0,118817680,0,0,0,0,0,0,0,0,0,0,27,0,0,69833,0,0,14,180874748,0,0,0,0,0,118752214,0,69833,0,0,0,0,0/RP0/CPU0

2020-02-02 19:58:59.990000+00:00,leaf8,sg3,obt-collector1,0,0,0,0,0,0,0,0,0,0,4611,0,556,0,0,0,0,0,0,4889,0,0,0,0,0,0,0,0,0,0,0,0,0,0,0,0,0,0,0,0,0,0,0,0,0,0,0,0,0,0,0,0,0,0,0,0,0,0,0,0,0,0,0,0,0,0,0,0,0,48019772,0,0,0,0,0,0,0,0,0,0,0,0,0/0/CPU0

2020-02-02 19:58:59.992000+00:00,leaf8,sg3,obt-collector1,0,0,0,0,14085,14085,6,16,0,15,0,278,0,0,0,27,0,0,0,15597,0,0,354,1479,16,27,0,0,14818,0,0,0,0,0,27,0,0,0,0,0,0,0,0,0,0,0,0,0,0,0,0,118817881,0,0,0,0,0,0,0,0,0,0,27,0,0,69833,0,0,14,180876180,0,0,0,0,0,118752415,0,69833,0,0,0,0,0/RP0/CPU0

2020-02-02 19:59:09.999000+00:00,leaf8,sg3,obt-collector1,0,0,0,0,0,0,0,0,0,0,4611,0,556,0,0,0,0,0,0,4889,0,0,0,0,0,0,0,0,0,0,0,0,0,0,0,0,0,0,0,0,0,0,0,0,0,0,0,0,0,0,0,0,0,0,0,0,0,0,0,0,0,0,0,0,0,0,0,0,0,48020097,0,0,0,0,0,0,0,0,0,0,0,0,0/0/CPU0

2020-02-02 19:59:10.001000+00:00,leaf8,sg3,obt-collector1,0,0,0,0,14085,14085,6,16,0,15,0,278,0,0,0,27,0,0,0,15597,0,0,354,1479,16,27,0,0,14818,0,0,0,0,0,27,0,0,0,0,0,0,0,0,0,0,0,0,0,0,0,0,118818445,0,0,0,0,0,0,0,0,0,0,27,0,0,69833,0,0,14,180877953,0,0,0,0,0,118752979,0,69833,0,0,0,0,0/RP0/CPU0

2020-02-02 19:59:20.007000+00:00,leaf8,sg3,obt-collector1,0,0,0,0,0,0,0,0,0,0,4611,0,556,0,0,0,0,0,0,4889,0,0,0,0,0,0,0,0,0,0,0,0,0,0,0,0,0,0,0,0,0,0,0,0,0,0,0,0,0,0,0,0,0,0,0,0,0,0,0,0,0,0,0,0,0,0,0,0,0,48020114,0,0,0,0,0,0,0,0,0,0,0,0,0/0/CPU0

2020-02-02 19:59:20.009000+00:00,leaf8,sg3,obt-collector1,0,0,0,0,14085,14085,6,16,0,15,0,278,0,0,0,27,0,0,0,15597,0,0,354,1479,16,27,0,0,14818,0,0,0,0,0,27,0,0,0,0,0,0,0,0,0,0,0,0,0,0,0,0,118818690,0,0,0,0,0,0,0,0,0,0,27,0,0,69833,0,0,14,180879412,0,0,0,0,0,118753224,0,69833,0,0,0,0,0/RP0/CPU0

2020-02-02 19:59:30.016000+00:00,leaf8,sg3,obt-collector1,0,0,0,0,0,0,0,0,0,0,4611,0,556,0,0,0,0,0,0,4889,0,0,0,0,0,0,0,0,0,0,0,0,0,0,0,0,0,0,0,0,0,0,0,0,0,0,0,0,0,0,0,0,0,0,0,0,0,0,0,0,0,0,0,0,0,0,0,0,0,48020292,0,0,0,0,0,0,0,0,0,0,0,0,0/0/CPU0

2020-02-02 19:59:30.018000+00:00,leaf8,sg3,obt-collector1,0,0,0,0,14085,14085,6,16,0,15,0,278,0,0,0,27,0,0,0,15597,0,0,354,1479,16,27,0,0,14818,0,0,0,0,0,27,0,0,0,0,0,0,0,0,0,0,0,0,0,0,0,0,118818900,0,0,0,0,0,0,0,0,0,0,27,0,0,69833,0,0,14,180880852,0,0,0,0,0,118753434,0,69833,0,0,0,0,0/RP0/CPU0

2020-02-02 19:59:40.131000+00:00,leaf8,sg3,obt-collector1,0,0,0,0,0,0,0,0,0,0,4611,0,556,0,0,0,0,0,0,4889,0,0,0,0,0,0,0,0,0,0,0,0,0,0,0,0,0,0,0,0,0,0,0,0,0,0,0,0,0,0,0,0,0,0,0,0,0,0,0,0,0,0,0,0,0,0,0,0,0,48020491,0,0,0,0,0,0,0,0,0,0,0,0,0/0/CPU0

2020-02-02 19:59:40.168000+00:00,leaf8,sg3,obt-collector1,0,0,0,0,14085,14085,6,16,0,15,0,278,0,0,0,27,0,0,0,15597,0,0,354,1479,16,27,0,0,14818,0,0,0,0,0,27,0,0,0,0,0,0,0,0,0,0,0,0,0,0,0,0,118819122,0,0,0,0,0,0,0,0,0,0,27,0,0,69833,0,0,14,180882277,0,0,0,0,0,118753655,0,69833,0,0,0,0,0/RP0/CPU0

