,Producer,Target,host,interface-counts/admin-down-interface-count,interface-counts/down-interface-count,interface-counts/interface-count,interface-counts/up-interface-count,interface-type-list/interface-counts/admin-down-interface-count,interface-type-list/interface-counts/down-interface-count,interface-type-list/interface-counts/interface-count,interface-type-list/interface-counts/up-interface-count,interface-type-list/interface-type-description,interface-type-list/interface-type-name,interface-type/interface-counts/admin-down-interface-count,interface-type/interface-counts/down-interface-count,interface-type/interface-counts/interface-count,interface-type/interface-counts/up-interface-count,interface-type/interface-type-description,interface-type/interface-type-name

2020-02-02 19:44:48.598000+00:00,leaf8,sg10,obt-collector1,1,11,38,26,,,,,,,0,0,1,1,Null interface,IFT_NULL

2020-02-02 19:44:58.603000+00:00,leaf8,sg10,obt-collector1,1,11,38,26,,,,,,,0,0,1,1,Null interface,IFT_NULL

2020-02-02 19:45:08.902000+00:00,leaf8,sg10,obt-collector1,1,11,38,26,,,,,,,0,0,1,1,Null interface,IFT_NULL

2020-02-02 19:45:19.890000+00:00,leaf8,sg10,obt-collector1,1,11,38,26,,,,,,,0,0,1,1,Null interface,IFT_NULL

2020-02-02 19:45:30.557000+00:00,leaf8,sg10,obt-collector1,1,11,38,26,,,,,,,0,0,1,1,Null interface,IFT_NULL

2020-02-02 19:45:41.119000+00:00,leaf8,sg10,obt-collector1,1,11,38,26,,,,,,,0,0,1,1,Null interface,IFT_NULL

2020-02-02 19:45:51.690000+00:00,leaf8,sg10,obt-collector1,1,11,38,26,,,,,,,0,0,1,1,Null interface,IFT_NULL

2020-02-02 19:46:02.219000+00:00,leaf8,sg10,obt-collector1,1,11,38,26,,,,,,,0,0,1,1,Null interface,IFT_NULL

2020-02-02 19:46:12.878000+00:00,leaf8,sg10,obt-collector1,1,11,38,26,,,,,,,0,0,1,1,Null interface,IFT_NULL

2020-02-02 19:46:23.503000+00:00,leaf8,sg10,obt-collector1,1,11,38,26,,,,,,,0,0,1,1,Null interface,IFT_NULL

2020-02-02 19:46:34.067000+00:00,leaf8,sg10,obt-collector1,1,11,38,26,,,,,,,0,0,1,1,Null interface,IFT_NULL

2020-02-02 19:46:44.789000+00:00,leaf8,sg10,obt-collector1,1,11,38,26,,,,,,,0,0,1,1,Null interface,IFT_NULL

2020-02-02 19:46:55.318000+00:00,leaf8,sg10,obt-collector1,1,11,38,26,,,,,,,0,0,1,1,Null interface,IFT_NULL

2020-02-02 19:47:05.990000+00:00,leaf8,sg10,obt-collector1,1,11,38,26,,,,,,,0,0,1,1,Null interface,IFT_NULL

2020-02-02 19:47:16.532000+00:00,leaf8,sg10,obt-collector1,1,11,38,26,,,,,,,0,0,1,1,Null interface,IFT_NULL

2020-02-02 19:47:27.082000+00:00,leaf8,sg10,obt-collector1,1,11,38,26,,,,,,,0,0,1,1,Null interface,IFT_NULL

2020-02-02 19:47:37.846000+00:00,leaf8,sg10,obt-collector1,1,11,38,26,,,,,,,0,0,1,1,Null interface,IFT_NULL

2020-02-02 19:47:48.379000+00:00,leaf8,sg10,obt-collector1,1,11,38,26,,,,,,,0,0,1,1,Null interface,IFT_NULL

2020-02-02 19:47:58.957000+00:00,leaf8,sg10,obt-collector1,1,11,38,26,,,,,,,0,0,1,1,Null interface,IFT_NULL

2020-02-02 19:48:09.614000+00:00,leaf8,sg10,obt-collector1,1,11,38,26,,,,,,,0,0,1,1,Null interface,IFT_NULL

2020-02-02 19:48:20.157000+00:00,leaf8,sg10,obt-collector1,1,11,38,26,,,,,,,0,0,1,1,Null interface,IFT_NULL

2020-02-02 19:48:30.691000+00:00,leaf8,sg10,obt-collector1,1,11,38,26,,,,,,,0,0,1,1,Null interface,IFT_NULL

2020-02-02 19:48:41.259000+00:00,leaf8,sg10,obt-collector1,1,11,38,26,,,,,,,0,0,1,1,Null interface,IFT_NULL

2020-02-02 19:48:51.870000+00:00,leaf8,sg10,obt-collector1,1,11,38,26,,,,,,,0,0,1,1,Null interface,IFT_NULL

2020-02-02 19:49:02.491000+00:00,leaf8,sg10,obt-collector1,1,11,38,26,,,,,,,0,0,1,1,Null interface,IFT_NULL

2020-02-02 19:49:13.027000+00:00,leaf8,sg10,obt-collector1,1,12,38,25,,,,,,,0,0,1,1,Null interface,IFT_NULL

2020-02-02 19:49:23.611000+00:00,leaf8,sg10,obt-collector1,1,12,38,25,,,,,,,0,0,1,1,Null interface,IFT_NULL

2020-02-02 19:49:34.150000+00:00,leaf8,sg10,obt-collector1,1,12,38,25,,,,,,,0,0,1,1,Null interface,IFT_NULL

2020-02-02 19:49:44.640000+00:00,leaf8,sg10,obt-collector1,1,12,38,25,,,,,,,0,0,1,1,Null interface,IFT_NULL

2020-02-02 19:49:55.153000+00:00,leaf8,sg10,obt-collector1,1,11,38,26,,,,,,,0,0,1,1,Null interface,IFT_NULL

2020-02-02 19:50:05.670000+00:00,leaf8,sg10,obt-collector1,1,12,38,25,,,,,,,0,0,1,1,Null interface,IFT_NULL

2020-02-02 19:50:16.690000+00:00,leaf8,sg10,obt-collector1,1,12,38,25,,,,,,,0,0,1,1,Null interface,IFT_NULL

2020-02-02 19:50:27.398000+00:00,leaf8,sg10,obt-collector1,1,12,38,25,,,,,,,0,0,1,1,Null interface,IFT_NULL

2020-02-02 19:50:37.926000+00:00,leaf8,sg10,obt-collector1,1,12,38,25,,,,,,,0,0,1,1,Null interface,IFT_NULL

2020-02-02 19:50:48.931000+00:00,leaf8,sg10,obt-collector1,1,12,38,25,,,,,,,0,0,1,1,Null interface,IFT_NULL

2020-02-02 19:50:59.496000+00:00,leaf8,sg10,obt-collector1,1,12,38,25,,,,,,,0,0,1,1,Null interface,IFT_NULL

2020-02-02 19:51:10.016000+00:00,leaf8,sg10,obt-collector1,1,12,38,25,,,,,,,0,0,1,1,Null interface,IFT_NULL

2020-02-02 19:51:20.578000+00:00,leaf8,sg10,obt-collector1,1,11,38,26,,,,,,,0,0,1,1,Null interface,IFT_NULL

2020-02-02 19:51:31.085000+00:00,leaf8,sg10,obt-collector1,1,11,38,26,,,,,,,0,0,1,1,Null interface,IFT_NULL

2020-02-02 19:51:41.677000+00:00,leaf8,sg10,obt-collector1,1,11,38,26,,,,,,,0,0,1,1,Null interface,IFT_NULL

2020-02-02 19:51:52.227000+00:00,leaf8,sg10,obt-collector1,1,11,38,26,,,,,,,0,0,1,1,Null interface,IFT_NULL

2020-02-02 19:52:02.787000+00:00,leaf8,sg10,obt-collector1,1,11,38,26,,,,,,,0,0,1,1,Null interface,IFT_NULL

2020-02-02 19:52:13.299000+00:00,leaf8,sg10,obt-collector1,1,11,38,26,,,,,,,0,0,1,1,Null interface,IFT_NULL

2020-02-02 19:52:23.874000+00:00,leaf8,sg10,obt-collector1,1,11,38,26,,,,,,,0,0,1,1,Null interface,IFT_NULL

2020-02-02 19:52:34.398000+00:00,leaf8,sg10,obt-collector1,1,11,38,26,,,,,,,0,0,1,1,Null interface,IFT_NULL

2020-02-02 19:52:44.952000+00:00,leaf8,sg10,obt-collector1,1,11,38,26,,,,,,,0,0,1,1,Null interface,IFT_NULL

2020-02-02 19:52:55.575000+00:00,leaf8,sg10,obt-collector1,1,11,38,26,,,,,,,0,0,1,1,Null interface,IFT_NULL

2020-02-02 19:53:06.649000+00:00,leaf8,sg10,obt-collector1,1,12,38,25,,,,,,,0,0,1,1,Null interface,IFT_NULL

2020-02-02 19:53:17.197000+00:00,leaf8,sg10,obt-collector1,1,11,38,26,,,,,,,0,0,1,1,Null interface,IFT_NULL

2020-02-02 19:53:27.768000+00:00,leaf8,sg10,obt-collector1,1,11,38,26,,,,,,,0,0,1,1,Null interface,IFT_NULL

2020-02-02 19:53:38.327000+00:00,leaf8,sg10,obt-collector1,1,11,38,26,,,,,,,0,0,1,1,Null interface,IFT_NULL

2020-02-02 19:53:48.843000+00:00,leaf8,sg10,obt-collector1,1,11,38,26,,,,,,,0,0,1,1,Null interface,IFT_NULL

2020-02-02 19:53:59.430000+00:00,leaf8,sg10,obt-collector1,1,11,38,26,,,,,,,0,0,1,1,Null interface,IFT_NULL

2020-02-02 19:54:10.104000+00:00,leaf8,sg10,obt-collector1,1,11,38,26,,,,,,,0,0,1,1,Null interface,IFT_NULL

2020-02-02 19:54:20.710000+00:00,leaf8,sg10,obt-collector1,1,11,38,26,,,,,,,0,0,1,1,Null interface,IFT_NULL

2020-02-02 19:54:31.335000+00:00,leaf8,sg10,obt-collector1,1,11,38,26,,,,,,,0,0,1,1,Null interface,IFT_NULL

2020-02-02 19:54:41.959000+00:00,leaf8,sg10,obt-collector1,1,11,38,26,,,,,,,0,0,1,1,Null interface,IFT_NULL

2020-02-02 19:54:52.487000+00:00,leaf8,sg10,obt-collector1,1,11,38,26,,,,,,,0,0,1,1,Null interface,IFT_NULL

2020-02-02 19:55:03.112000+00:00,leaf8,sg10,obt-collector1,1,11,38,26,,,,,,,0,0,1,1,Null interface,IFT_NULL

2020-02-02 19:55:13.672000+00:00,leaf8,sg10,obt-collector1,1,12,38,25,,,,,,,0,0,1,1,Null interface,IFT_NULL

2020-02-02 19:55:24.192000+00:00,leaf8,sg10,obt-collector1,1,12,38,25,,,,,,,0,0,1,1,Null interface,IFT_NULL

2020-02-02 19:55:35.213000+00:00,leaf8,sg10,obt-collector1,1,12,38,25,,,,,,,0,0,1,1,Null interface,IFT_NULL

2020-02-02 19:55:45.754000+00:00,leaf8,sg10,obt-collector1,1,12,38,25,,,,,,,0,0,1,1,Null interface,IFT_NULL

2020-02-02 19:55:56.383000+00:00,leaf8,sg10,obt-collector1,1,12,38,25,,,,,,,0,0,1,1,Null interface,IFT_NULL

2020-02-02 19:56:07.048000+00:00,leaf8,sg10,obt-collector1,1,12,38,25,,,,,,,0,0,1,1,Null interface,IFT_NULL

2020-02-02 19:56:17.576000+00:00,leaf8,sg10,obt-collector1,1,12,38,25,,,,,,,0,0,1,1,Null interface,IFT_NULL

2020-02-02 19:56:28.075000+00:00,leaf8,sg10,obt-collector1,1,12,38,25,,,,,,,0,0,1,1,Null interface,IFT_NULL

2020-02-02 19:56:38.690000+00:00,leaf8,sg10,obt-collector1,1,12,38,25,,,,,,,0,0,1,1,Null interface,IFT_NULL

2020-02-02 19:56:49.268000+00:00,leaf8,sg10,obt-collector1,1,12,38,25,,,,,,,0,0,1,1,Null interface,IFT_NULL

2020-02-02 19:57:00.036000+00:00,leaf8,sg10,obt-collector1,1,12,38,25,,,,,,,0,0,1,1,Null interface,IFT_NULL

2020-02-02 19:57:10.741000+00:00,leaf8,sg10,obt-collector1,1,12,38,25,,,,,,,0,0,1,1,Null interface,IFT_NULL

2020-02-02 19:57:21.343000+00:00,leaf8,sg10,obt-collector1,1,12,38,25,,,,,,,0,0,1,1,Null interface,IFT_NULL

2020-02-02 19:57:31.865000+00:00,leaf8,sg10,obt-collector1,1,12,38,25,,,,,,,0,0,1,1,Null interface,IFT_NULL

2020-02-02 19:57:42.408000+00:00,leaf8,sg10,obt-collector1,1,12,38,25,,,,,,,0,0,1,1,Null interface,IFT_NULL

2020-02-02 19:57:52.900000+00:00,leaf8,sg10,obt-collector1,1,12,38,25,,,,,,,0,0,1,1,Null interface,IFT_NULL

2020-02-02 19:58:03.719000+00:00,leaf8,sg10,obt-collector1,1,12,38,25,,,,,,,0,0,1,1,Null interface,IFT_NULL

2020-02-02 19:58:14.316000+00:00,leaf8,sg10,obt-collector1,1,12,38,25,,,,,,,0,0,1,1,Null interface,IFT_NULL

2020-02-02 19:58:24.953000+00:00,leaf8,sg10,obt-collector1,1,12,38,25,,,,,,,0,0,1,1,Null interface,IFT_NULL

2020-02-02 19:58:35.469000+00:00,leaf8,sg10,obt-collector1,1,12,38,25,,,,,,,0,0,1,1,Null interface,IFT_NULL

2020-02-02 19:58:46+00:00,leaf8,sg10,obt-collector1,1,12,38,25,,,,,,,0,0,1,1,Null interface,IFT_NULL

2020-02-02 19:58:56.556000+00:00,leaf8,sg10,obt-collector1,1,11,38,26,,,,,,,0,0,1,1,Null interface,IFT_NULL

2020-02-02 19:59:07.116000+00:00,leaf8,sg10,obt-collector1,1,12,38,25,,,,,,,0,0,1,1,Null interface,IFT_NULL

2020-02-02 19:59:17.651000+00:00,leaf8,sg10,obt-collector1,1,12,38,25,,,,,,,0,0,1,1,Null interface,IFT_NULL

2020-02-02 19:59:28.469000+00:00,leaf8,sg10,obt-collector1,1,12,38,25,,,,,,,0,0,1,1,Null interface,IFT_NULL

2020-02-02 19:59:39.080000+00:00,leaf8,sg10,obt-collector1,1,12,38,25,,,,,,,0,0,1,1,Null interface,IFT_NULL

