,Producer,Target,brief/name,brief/name-xr,brief/node-id,brief/session-count,client-name,flags/is-recreate-state,flags/is-zombie-state,host,recreate-time

2020-02-02 19:44:48.709000+00:00,leaf8,sg1,,bgp-default,0/RP0/CPU0,43,bgp-defaultnode0_RP0_CPU0,0,0,obt-collector1,60

2020-02-02 19:44:48.709000+00:00,leaf8,sg1,,bundlemgr_distrib,0/RP0/CPU0,0,bundlemgr_distribnode0_RP0_CPU0,0,0,obt-collector1,60

2020-02-02 19:44:48.709000+00:00,leaf8,sg1,,ipv4_static,0/RP0/CPU0,0,ipv4_staticnode0_RP0_CPU0,0,0,obt-collector1,60

2020-02-02 19:44:48.709000+00:00,leaf8,sg1,,L2VPN_ATOM,0/RP0/CPU0,0,L2VPN_ATOMnode0_RP0_CPU0,0,0,obt-collector1,120

2020-02-02 19:44:48.709000+00:00,leaf8,sg1,,object_tracking,0/RP0/CPU0,0,object_trackingnode0_RP0_CPU0,0,0,obt-collector1,199

2020-02-02 19:44:48.709000+00:00,leaf8,sg1,,MPLS-TE,0/RP0/CPU0,0,MPLS-TEnode0_RP0_CPU0,0,0,obt-collector1,180

2020-02-02 19:44:58.726000+00:00,leaf8,sg1,,L2VPN_ATOM,0/RP0/CPU0,0,L2VPN_ATOMnode0_RP0_CPU0,0,0,obt-collector1,120

2020-02-02 19:44:58.727000+00:00,leaf8,sg1,,ipv4_static,0/RP0/CPU0,0,ipv4_staticnode0_RP0_CPU0,0,0,obt-collector1,60

2020-02-02 19:44:58.727000+00:00,leaf8,sg1,,bgp-default,0/RP0/CPU0,43,bgp-defaultnode0_RP0_CPU0,0,0,obt-collector1,60

2020-02-02 19:44:58.727000+00:00,leaf8,sg1,,bundlemgr_distrib,0/RP0/CPU0,0,bundlemgr_distribnode0_RP0_CPU0,0,0,obt-collector1,60

2020-02-02 19:44:58.727000+00:00,leaf8,sg1,,MPLS-TE,0/RP0/CPU0,0,MPLS-TEnode0_RP0_CPU0,0,0,obt-collector1,180

2020-02-02 19:44:58.728000+00:00,leaf8,sg1,,object_tracking,0/RP0/CPU0,0,object_trackingnode0_RP0_CPU0,0,0,obt-collector1,199

2020-02-02 19:45:08.737000+00:00,leaf8,sg1,,L2VPN_ATOM,0/RP0/CPU0,0,L2VPN_ATOMnode0_RP0_CPU0,0,0,obt-collector1,120

2020-02-02 19:45:08.738000+00:00,leaf8,sg1,,MPLS-TE,0/RP0/CPU0,0,MPLS-TEnode0_RP0_CPU0,0,0,obt-collector1,180

2020-02-02 19:45:08.738000+00:00,leaf8,sg1,,bgp-default,0/RP0/CPU0,43,bgp-defaultnode0_RP0_CPU0,0,0,obt-collector1,60

2020-02-02 19:45:08.739000+00:00,leaf8,sg1,,ipv4_static,0/RP0/CPU0,0,ipv4_staticnode0_RP0_CPU0,0,0,obt-collector1,60

2020-02-02 19:45:08.739000+00:00,leaf8,sg1,,bundlemgr_distrib,0/RP0/CPU0,0,bundlemgr_distribnode0_RP0_CPU0,0,0,obt-collector1,60

2020-02-02 19:45:08.740000+00:00,leaf8,sg1,,object_tracking,0/RP0/CPU0,0,object_trackingnode0_RP0_CPU0,0,0,obt-collector1,199

2020-02-02 19:45:18.754000+00:00,leaf8,sg1,,bundlemgr_distrib,0/RP0/CPU0,0,bundlemgr_distribnode0_RP0_CPU0,0,0,obt-collector1,60

2020-02-02 19:45:18.754000+00:00,leaf8,sg1,,object_tracking,0/RP0/CPU0,0,object_trackingnode0_RP0_CPU0,0,0,obt-collector1,199

2020-02-02 19:45:18.754000+00:00,leaf8,sg1,,ipv4_static,0/RP0/CPU0,0,ipv4_staticnode0_RP0_CPU0,0,0,obt-collector1,60

2020-02-02 19:45:18.754000+00:00,leaf8,sg1,,bgp-default,0/RP0/CPU0,43,bgp-defaultnode0_RP0_CPU0,0,0,obt-collector1,60

2020-02-02 19:45:18.754000+00:00,leaf8,sg1,,MPLS-TE,0/RP0/CPU0,0,MPLS-TEnode0_RP0_CPU0,0,0,obt-collector1,180

2020-02-02 19:45:18.754000+00:00,leaf8,sg1,,L2VPN_ATOM,0/RP0/CPU0,0,L2VPN_ATOMnode0_RP0_CPU0,0,0,obt-collector1,120

2020-02-02 19:45:28.763000+00:00,leaf8,sg1,,MPLS-TE,0/RP0/CPU0,0,MPLS-TEnode0_RP0_CPU0,0,0,obt-collector1,180

2020-02-02 19:45:28.763000+00:00,leaf8,sg1,,L2VPN_ATOM,0/RP0/CPU0,0,L2VPN_ATOMnode0_RP0_CPU0,0,0,obt-collector1,120

2020-02-02 19:45:28.763000+00:00,leaf8,sg1,,ipv4_static,0/RP0/CPU0,0,ipv4_staticnode0_RP0_CPU0,0,0,obt-collector1,60

2020-02-02 19:45:28.763000+00:00,leaf8,sg1,,bundlemgr_distrib,0/RP0/CPU0,0,bundlemgr_distribnode0_RP0_CPU0,0,0,obt-collector1,60

2020-02-02 19:45:28.763000+00:00,leaf8,sg1,,object_tracking,0/RP0/CPU0,0,object_trackingnode0_RP0_CPU0,0,0,obt-collector1,199

2020-02-02 19:45:28.763000+00:00,leaf8,sg1,,bgp-default,0/RP0/CPU0,43,bgp-defaultnode0_RP0_CPU0,0,0,obt-collector1,60

2020-02-02 19:45:38.772000+00:00,leaf8,sg1,,object_tracking,0/RP0/CPU0,0,object_trackingnode0_RP0_CPU0,0,0,obt-collector1,199

2020-02-02 19:45:38.772000+00:00,leaf8,sg1,,bgp-default,0/RP0/CPU0,43,bgp-defaultnode0_RP0_CPU0,0,0,obt-collector1,60

2020-02-02 19:45:38.772000+00:00,leaf8,sg1,,ipv4_static,0/RP0/CPU0,0,ipv4_staticnode0_RP0_CPU0,0,0,obt-collector1,60

2020-02-02 19:45:38.772000+00:00,leaf8,sg1,,MPLS-TE,0/RP0/CPU0,0,MPLS-TEnode0_RP0_CPU0,0,0,obt-collector1,180

2020-02-02 19:45:38.772000+00:00,leaf8,sg1,,L2VPN_ATOM,0/RP0/CPU0,0,L2VPN_ATOMnode0_RP0_CPU0,0,0,obt-collector1,120

2020-02-02 19:45:38.772000+00:00,leaf8,sg1,,bundlemgr_distrib,0/RP0/CPU0,0,bundlemgr_distribnode0_RP0_CPU0,0,0,obt-collector1,60

2020-02-02 19:45:48.778000+00:00,leaf8,sg1,,L2VPN_ATOM,0/RP0/CPU0,0,L2VPN_ATOMnode0_RP0_CPU0,0,0,obt-collector1,120

2020-02-02 19:45:48.778000+00:00,leaf8,sg1,,bundlemgr_distrib,0/RP0/CPU0,0,bundlemgr_distribnode0_RP0_CPU0,0,0,obt-collector1,60

2020-02-02 19:45:48.778000+00:00,leaf8,sg1,,bgp-default,0/RP0/CPU0,43,bgp-defaultnode0_RP0_CPU0,0,0,obt-collector1,60

2020-02-02 19:45:48.778000+00:00,leaf8,sg1,,MPLS-TE,0/RP0/CPU0,0,MPLS-TEnode0_RP0_CPU0,0,0,obt-collector1,180

2020-02-02 19:45:48.779000+00:00,leaf8,sg1,,object_tracking,0/RP0/CPU0,0,object_trackingnode0_RP0_CPU0,0,0,obt-collector1,199

2020-02-02 19:45:48.779000+00:00,leaf8,sg1,,ipv4_static,0/RP0/CPU0,0,ipv4_staticnode0_RP0_CPU0,0,0,obt-collector1,60

2020-02-02 19:45:58.792000+00:00,leaf8,sg1,,L2VPN_ATOM,0/RP0/CPU0,0,L2VPN_ATOMnode0_RP0_CPU0,0,0,obt-collector1,120

2020-02-02 19:45:58.792000+00:00,leaf8,sg1,,MPLS-TE,0/RP0/CPU0,0,MPLS-TEnode0_RP0_CPU0,0,0,obt-collector1,180

2020-02-02 19:45:58.793000+00:00,leaf8,sg1,,object_tracking,0/RP0/CPU0,0,object_trackingnode0_RP0_CPU0,0,0,obt-collector1,199

2020-02-02 19:45:58.793000+00:00,leaf8,sg1,,bundlemgr_distrib,0/RP0/CPU0,0,bundlemgr_distribnode0_RP0_CPU0,0,0,obt-collector1,60

2020-02-02 19:45:58.793000+00:00,leaf8,sg1,,bgp-default,0/RP0/CPU0,43,bgp-defaultnode0_RP0_CPU0,0,0,obt-collector1,60

2020-02-02 19:45:58.793000+00:00,leaf8,sg1,,ipv4_static,0/RP0/CPU0,0,ipv4_staticnode0_RP0_CPU0,0,0,obt-collector1,60

2020-02-02 19:46:08.801000+00:00,leaf8,sg1,,L2VPN_ATOM,0/RP0/CPU0,0,L2VPN_ATOMnode0_RP0_CPU0,0,0,obt-collector1,120

2020-02-02 19:46:08.801000+00:00,leaf8,sg1,,MPLS-TE,0/RP0/CPU0,0,MPLS-TEnode0_RP0_CPU0,0,0,obt-collector1,180

2020-02-02 19:46:08.801000+00:00,leaf8,sg1,,bgp-default,0/RP0/CPU0,43,bgp-defaultnode0_RP0_CPU0,0,0,obt-collector1,60

2020-02-02 19:46:08.802000+00:00,leaf8,sg1,,ipv4_static,0/RP0/CPU0,0,ipv4_staticnode0_RP0_CPU0,0,0,obt-collector1,60

2020-02-02 19:46:08.802000+00:00,leaf8,sg1,,object_tracking,0/RP0/CPU0,0,object_trackingnode0_RP0_CPU0,0,0,obt-collector1,199

2020-02-02 19:46:08.802000+00:00,leaf8,sg1,,bundlemgr_distrib,0/RP0/CPU0,0,bundlemgr_distribnode0_RP0_CPU0,0,0,obt-collector1,60

2020-02-02 19:46:18.830000+00:00,leaf8,sg1,,ipv4_static,0/RP0/CPU0,0,ipv4_staticnode0_RP0_CPU0,0,0,obt-collector1,60

2020-02-02 19:46:18.830000+00:00,leaf8,sg1,,bundlemgr_distrib,0/RP0/CPU0,0,bundlemgr_distribnode0_RP0_CPU0,0,0,obt-collector1,60

2020-02-02 19:46:18.830000+00:00,leaf8,sg1,,MPLS-TE,0/RP0/CPU0,0,MPLS-TEnode0_RP0_CPU0,0,0,obt-collector1,180

2020-02-02 19:46:18.830000+00:00,leaf8,sg1,,bgp-default,0/RP0/CPU0,43,bgp-defaultnode0_RP0_CPU0,0,0,obt-collector1,60

2020-02-02 19:46:18.830000+00:00,leaf8,sg1,,L2VPN_ATOM,0/RP0/CPU0,0,L2VPN_ATOMnode0_RP0_CPU0,0,0,obt-collector1,120

2020-02-02 19:46:18.831000+00:00,leaf8,sg1,,object_tracking,0/RP0/CPU0,0,object_trackingnode0_RP0_CPU0,0,0,obt-collector1,199

2020-02-02 19:46:28.837000+00:00,leaf8,sg1,,L2VPN_ATOM,0/RP0/CPU0,0,L2VPN_ATOMnode0_RP0_CPU0,0,0,obt-collector1,120

2020-02-02 19:46:28.837000+00:00,leaf8,sg1,,object_tracking,0/RP0/CPU0,0,object_trackingnode0_RP0_CPU0,0,0,obt-collector1,199

2020-02-02 19:46:28.837000+00:00,leaf8,sg1,,bgp-default,0/RP0/CPU0,43,bgp-defaultnode0_RP0_CPU0,0,0,obt-collector1,60

2020-02-02 19:46:28.837000+00:00,leaf8,sg1,,bundlemgr_distrib,0/RP0/CPU0,0,bundlemgr_distribnode0_RP0_CPU0,0,0,obt-collector1,60

2020-02-02 19:46:28.837000+00:00,leaf8,sg1,,ipv4_static,0/RP0/CPU0,0,ipv4_staticnode0_RP0_CPU0,0,0,obt-collector1,60

2020-02-02 19:46:28.837000+00:00,leaf8,sg1,,MPLS-TE,0/RP0/CPU0,0,MPLS-TEnode0_RP0_CPU0,0,0,obt-collector1,180

2020-02-02 19:46:38.843000+00:00,leaf8,sg1,,ipv4_static,0/RP0/CPU0,0,ipv4_staticnode0_RP0_CPU0,0,0,obt-collector1,60

2020-02-02 19:46:38.843000+00:00,leaf8,sg1,,MPLS-TE,0/RP0/CPU0,0,MPLS-TEnode0_RP0_CPU0,0,0,obt-collector1,180

2020-02-02 19:46:38.843000+00:00,leaf8,sg1,,bgp-default,0/RP0/CPU0,43,bgp-defaultnode0_RP0_CPU0,0,0,obt-collector1,60

2020-02-02 19:46:38.843000+00:00,leaf8,sg1,,L2VPN_ATOM,0/RP0/CPU0,0,L2VPN_ATOMnode0_RP0_CPU0,0,0,obt-collector1,120

2020-02-02 19:46:38.843000+00:00,leaf8,sg1,,object_tracking,0/RP0/CPU0,0,object_trackingnode0_RP0_CPU0,0,0,obt-collector1,199

2020-02-02 19:46:38.843000+00:00,leaf8,sg1,,bundlemgr_distrib,0/RP0/CPU0,0,bundlemgr_distribnode0_RP0_CPU0,0,0,obt-collector1,60

2020-02-02 19:46:48.906000+00:00,leaf8,sg1,,object_tracking,0/RP0/CPU0,0,object_trackingnode0_RP0_CPU0,0,0,obt-collector1,199

2020-02-02 19:46:48.906000+00:00,leaf8,sg1,,bundlemgr_distrib,0/RP0/CPU0,0,bundlemgr_distribnode0_RP0_CPU0,0,0,obt-collector1,60

2020-02-02 19:46:48.906000+00:00,leaf8,sg1,,bgp-default,0/RP0/CPU0,43,bgp-defaultnode0_RP0_CPU0,0,0,obt-collector1,60

2020-02-02 19:46:48.906000+00:00,leaf8,sg1,,ipv4_static,0/RP0/CPU0,0,ipv4_staticnode0_RP0_CPU0,0,0,obt-collector1,60

2020-02-02 19:46:48.906000+00:00,leaf8,sg1,,MPLS-TE,0/RP0/CPU0,0,MPLS-TEnode0_RP0_CPU0,0,0,obt-collector1,180

2020-02-02 19:46:48.906000+00:00,leaf8,sg1,,L2VPN_ATOM,0/RP0/CPU0,0,L2VPN_ATOMnode0_RP0_CPU0,0,0,obt-collector1,120

2020-02-02 19:46:58.916000+00:00,leaf8,sg1,,MPLS-TE,0/RP0/CPU0,0,MPLS-TEnode0_RP0_CPU0,0,0,obt-collector1,180

2020-02-02 19:46:58.916000+00:00,leaf8,sg1,,L2VPN_ATOM,0/RP0/CPU0,0,L2VPN_ATOMnode0_RP0_CPU0,0,0,obt-collector1,120

2020-02-02 19:46:58.916000+00:00,leaf8,sg1,,bgp-default,0/RP0/CPU0,43,bgp-defaultnode0_RP0_CPU0,0,0,obt-collector1,60

2020-02-02 19:46:58.916000+00:00,leaf8,sg1,,object_tracking,0/RP0/CPU0,0,object_trackingnode0_RP0_CPU0,0,0,obt-collector1,199

2020-02-02 19:46:58.916000+00:00,leaf8,sg1,,bundlemgr_distrib,0/RP0/CPU0,0,bundlemgr_distribnode0_RP0_CPU0,0,0,obt-collector1,60

2020-02-02 19:46:58.916000+00:00,leaf8,sg1,,ipv4_static,0/RP0/CPU0,0,ipv4_staticnode0_RP0_CPU0,0,0,obt-collector1,60

2020-02-02 19:47:08.926000+00:00,leaf8,sg1,,MPLS-TE,0/RP0/CPU0,0,MPLS-TEnode0_RP0_CPU0,0,0,obt-collector1,180

2020-02-02 19:47:08.926000+00:00,leaf8,sg1,,L2VPN_ATOM,0/RP0/CPU0,0,L2VPN_ATOMnode0_RP0_CPU0,0,0,obt-collector1,120

2020-02-02 19:47:08.927000+00:00,leaf8,sg1,,ipv4_static,0/RP0/CPU0,0,ipv4_staticnode0_RP0_CPU0,0,0,obt-collector1,60

2020-02-02 19:47:08.927000+00:00,leaf8,sg1,,bgp-default,0/RP0/CPU0,43,bgp-defaultnode0_RP0_CPU0,0,0,obt-collector1,60

2020-02-02 19:47:08.927000+00:00,leaf8,sg1,,bundlemgr_distrib,0/RP0/CPU0,0,bundlemgr_distribnode0_RP0_CPU0,0,0,obt-collector1,60

2020-02-02 19:47:08.928000+00:00,leaf8,sg1,,object_tracking,0/RP0/CPU0,0,object_trackingnode0_RP0_CPU0,0,0,obt-collector1,199

2020-02-02 19:47:18.940000+00:00,leaf8,sg1,,MPLS-TE,0/RP0/CPU0,0,MPLS-TEnode0_RP0_CPU0,0,0,obt-collector1,180

2020-02-02 19:47:18.940000+00:00,leaf8,sg1,,L2VPN_ATOM,0/RP0/CPU0,0,L2VPN_ATOMnode0_RP0_CPU0,0,0,obt-collector1,120

2020-02-02 19:47:18.941000+00:00,leaf8,sg1,,object_tracking,0/RP0/CPU0,0,object_trackingnode0_RP0_CPU0,0,0,obt-collector1,199

2020-02-02 19:47:18.941000+00:00,leaf8,sg1,,bgp-default,0/RP0/CPU0,43,bgp-defaultnode0_RP0_CPU0,0,0,obt-collector1,60

2020-02-02 19:47:18.941000+00:00,leaf8,sg1,,bundlemgr_distrib,0/RP0/CPU0,0,bundlemgr_distribnode0_RP0_CPU0,0,0,obt-collector1,60

2020-02-02 19:47:18.941000+00:00,leaf8,sg1,,ipv4_static,0/RP0/CPU0,0,ipv4_staticnode0_RP0_CPU0,0,0,obt-collector1,60

2020-02-02 19:47:28.951000+00:00,leaf8,sg1,,MPLS-TE,0/RP0/CPU0,0,MPLS-TEnode0_RP0_CPU0,0,0,obt-collector1,180

2020-02-02 19:47:28.951000+00:00,leaf8,sg1,,L2VPN_ATOM,0/RP0/CPU0,0,L2VPN_ATOMnode0_RP0_CPU0,0,0,obt-collector1,120

2020-02-02 19:47:28.951000+00:00,leaf8,sg1,,bgp-default,0/RP0/CPU0,43,bgp-defaultnode0_RP0_CPU0,0,0,obt-collector1,60

2020-02-02 19:47:28.952000+00:00,leaf8,sg1,,ipv4_static,0/RP0/CPU0,0,ipv4_staticnode0_RP0_CPU0,0,0,obt-collector1,60

2020-02-02 19:47:28.952000+00:00,leaf8,sg1,,object_tracking,0/RP0/CPU0,0,object_trackingnode0_RP0_CPU0,0,0,obt-collector1,199

2020-02-02 19:47:28.952000+00:00,leaf8,sg1,,bundlemgr_distrib,0/RP0/CPU0,0,bundlemgr_distribnode0_RP0_CPU0,0,0,obt-collector1,60

2020-02-02 19:47:38.960000+00:00,leaf8,sg1,,L2VPN_ATOM,0/RP0/CPU0,0,L2VPN_ATOMnode0_RP0_CPU0,0,0,obt-collector1,120

2020-02-02 19:47:38.960000+00:00,leaf8,sg1,,bundlemgr_distrib,0/RP0/CPU0,0,bundlemgr_distribnode0_RP0_CPU0,0,0,obt-collector1,60

2020-02-02 19:47:38.960000+00:00,leaf8,sg1,,bgp-default,0/RP0/CPU0,43,bgp-defaultnode0_RP0_CPU0,0,0,obt-collector1,60

2020-02-02 19:47:38.960000+00:00,leaf8,sg1,,MPLS-TE,0/RP0/CPU0,0,MPLS-TEnode0_RP0_CPU0,0,0,obt-collector1,180

2020-02-02 19:47:38.961000+00:00,leaf8,sg1,,ipv4_static,0/RP0/CPU0,0,ipv4_staticnode0_RP0_CPU0,0,0,obt-collector1,60

2020-02-02 19:47:38.961000+00:00,leaf8,sg1,,object_tracking,0/RP0/CPU0,0,object_trackingnode0_RP0_CPU0,0,0,obt-collector1,199

2020-02-02 19:47:48.969000+00:00,leaf8,sg1,,ipv4_static,0/RP0/CPU0,0,ipv4_staticnode0_RP0_CPU0,0,0,obt-collector1,60

2020-02-02 19:47:48.969000+00:00,leaf8,sg1,,MPLS-TE,0/RP0/CPU0,0,MPLS-TEnode0_RP0_CPU0,0,0,obt-collector1,180

2020-02-02 19:47:48.969000+00:00,leaf8,sg1,,L2VPN_ATOM,0/RP0/CPU0,0,L2VPN_ATOMnode0_RP0_CPU0,0,0,obt-collector1,120

2020-02-02 19:47:48.969000+00:00,leaf8,sg1,,bgp-default,0/RP0/CPU0,43,bgp-defaultnode0_RP0_CPU0,0,0,obt-collector1,60

2020-02-02 19:47:48.969000+00:00,leaf8,sg1,,bundlemgr_distrib,0/RP0/CPU0,0,bundlemgr_distribnode0_RP0_CPU0,0,0,obt-collector1,60

2020-02-02 19:47:48.970000+00:00,leaf8,sg1,,object_tracking,0/RP0/CPU0,0,object_trackingnode0_RP0_CPU0,0,0,obt-collector1,199

2020-02-02 19:47:58.979000+00:00,leaf8,sg1,,L2VPN_ATOM,0/RP0/CPU0,0,L2VPN_ATOMnode0_RP0_CPU0,0,0,obt-collector1,120

2020-02-02 19:47:58.983000+00:00,leaf8,sg1,,MPLS-TE,0/RP0/CPU0,0,MPLS-TEnode0_RP0_CPU0,0,0,obt-collector1,180

2020-02-02 19:47:58.986000+00:00,leaf8,sg1,,bgp-default,0/RP0/CPU0,43,bgp-defaultnode0_RP0_CPU0,0,0,obt-collector1,60

2020-02-02 19:47:58.987000+00:00,leaf8,sg1,,bundlemgr_distrib,0/RP0/CPU0,0,bundlemgr_distribnode0_RP0_CPU0,0,0,obt-collector1,60

2020-02-02 19:47:58.990000+00:00,leaf8,sg1,,ipv4_static,0/RP0/CPU0,0,ipv4_staticnode0_RP0_CPU0,0,0,obt-collector1,60

2020-02-02 19:47:58.992000+00:00,leaf8,sg1,,object_tracking,0/RP0/CPU0,0,object_trackingnode0_RP0_CPU0,0,0,obt-collector1,199

2020-02-02 19:48:09+00:00,leaf8,sg1,,L2VPN_ATOM,0/RP0/CPU0,0,L2VPN_ATOMnode0_RP0_CPU0,0,0,obt-collector1,120

2020-02-02 19:48:09+00:00,leaf8,sg1,,MPLS-TE,0/RP0/CPU0,0,MPLS-TEnode0_RP0_CPU0,0,0,obt-collector1,180

2020-02-02 19:48:09.001000+00:00,leaf8,sg1,,bgp-default,0/RP0/CPU0,43,bgp-defaultnode0_RP0_CPU0,0,0,obt-collector1,60

2020-02-02 19:48:09.001000+00:00,leaf8,sg1,,bundlemgr_distrib,0/RP0/CPU0,0,bundlemgr_distribnode0_RP0_CPU0,0,0,obt-collector1,60

2020-02-02 19:48:09.003000+00:00,leaf8,sg1,,ipv4_static,0/RP0/CPU0,0,ipv4_staticnode0_RP0_CPU0,0,0,obt-collector1,60

2020-02-02 19:48:09.004000+00:00,leaf8,sg1,,object_tracking,0/RP0/CPU0,0,object_trackingnode0_RP0_CPU0,0,0,obt-collector1,199

2020-02-02 19:48:19.009000+00:00,leaf8,sg1,,ipv4_static,0/RP0/CPU0,0,ipv4_staticnode0_RP0_CPU0,0,0,obt-collector1,60

2020-02-02 19:48:19.009000+00:00,leaf8,sg1,,bgp-default,0/RP0/CPU0,43,bgp-defaultnode0_RP0_CPU0,0,0,obt-collector1,60

2020-02-02 19:48:19.009000+00:00,leaf8,sg1,,MPLS-TE,0/RP0/CPU0,0,MPLS-TEnode0_RP0_CPU0,0,0,obt-collector1,180

2020-02-02 19:48:19.009000+00:00,leaf8,sg1,,L2VPN_ATOM,0/RP0/CPU0,0,L2VPN_ATOMnode0_RP0_CPU0,0,0,obt-collector1,120

2020-02-02 19:48:19.009000+00:00,leaf8,sg1,,bundlemgr_distrib,0/RP0/CPU0,0,bundlemgr_distribnode0_RP0_CPU0,0,0,obt-collector1,60

2020-02-02 19:48:19.010000+00:00,leaf8,sg1,,object_tracking,0/RP0/CPU0,0,object_trackingnode0_RP0_CPU0,0,0,obt-collector1,199

2020-02-02 19:48:29.013000+00:00,leaf8,sg1,,bundlemgr_distrib,0/RP0/CPU0,0,bundlemgr_distribnode0_RP0_CPU0,0,0,obt-collector1,60

2020-02-02 19:48:29.013000+00:00,leaf8,sg1,,object_tracking,0/RP0/CPU0,0,object_trackingnode0_RP0_CPU0,0,0,obt-collector1,199

2020-02-02 19:48:29.013000+00:00,leaf8,sg1,,L2VPN_ATOM,0/RP0/CPU0,0,L2VPN_ATOMnode0_RP0_CPU0,0,0,obt-collector1,120

2020-02-02 19:48:29.013000+00:00,leaf8,sg1,,bgp-default,0/RP0/CPU0,43,bgp-defaultnode0_RP0_CPU0,0,0,obt-collector1,60

2020-02-02 19:48:29.013000+00:00,leaf8,sg1,,ipv4_static,0/RP0/CPU0,0,ipv4_staticnode0_RP0_CPU0,0,0,obt-collector1,60

2020-02-02 19:48:29.013000+00:00,leaf8,sg1,,MPLS-TE,0/RP0/CPU0,0,MPLS-TEnode0_RP0_CPU0,0,0,obt-collector1,180

2020-02-02 19:48:39.017000+00:00,leaf8,sg1,,ipv4_static,0/RP0/CPU0,0,ipv4_staticnode0_RP0_CPU0,0,0,obt-collector1,60

2020-02-02 19:48:39.017000+00:00,leaf8,sg1,,MPLS-TE,0/RP0/CPU0,0,MPLS-TEnode0_RP0_CPU0,0,0,obt-collector1,180

2020-02-02 19:48:39.017000+00:00,leaf8,sg1,,L2VPN_ATOM,0/RP0/CPU0,0,L2VPN_ATOMnode0_RP0_CPU0,0,0,obt-collector1,120

2020-02-02 19:48:39.017000+00:00,leaf8,sg1,,bundlemgr_distrib,0/RP0/CPU0,0,bundlemgr_distribnode0_RP0_CPU0,0,0,obt-collector1,60

2020-02-02 19:48:39.017000+00:00,leaf8,sg1,,bgp-default,0/RP0/CPU0,43,bgp-defaultnode0_RP0_CPU0,0,0,obt-collector1,60

2020-02-02 19:48:39.018000+00:00,leaf8,sg1,,object_tracking,0/RP0/CPU0,0,object_trackingnode0_RP0_CPU0,0,0,obt-collector1,199

2020-02-02 19:48:49.031000+00:00,leaf8,sg1,,bgp-default,0/RP0/CPU0,43,bgp-defaultnode0_RP0_CPU0,0,0,obt-collector1,60

2020-02-02 19:48:49.031000+00:00,leaf8,sg1,,object_tracking,0/RP0/CPU0,0,object_trackingnode0_RP0_CPU0,0,0,obt-collector1,199

2020-02-02 19:48:49.031000+00:00,leaf8,sg1,,bundlemgr_distrib,0/RP0/CPU0,0,bundlemgr_distribnode0_RP0_CPU0,0,0,obt-collector1,60

2020-02-02 19:48:49.031000+00:00,leaf8,sg1,,ipv4_static,0/RP0/CPU0,0,ipv4_staticnode0_RP0_CPU0,0,0,obt-collector1,60

2020-02-02 19:48:49.031000+00:00,leaf8,sg1,,MPLS-TE,0/RP0/CPU0,0,MPLS-TEnode0_RP0_CPU0,0,0,obt-collector1,180

2020-02-02 19:48:49.031000+00:00,leaf8,sg1,,L2VPN_ATOM,0/RP0/CPU0,0,L2VPN_ATOMnode0_RP0_CPU0,0,0,obt-collector1,120

2020-02-02 19:48:59.036000+00:00,leaf8,sg1,,MPLS-TE,0/RP0/CPU0,0,MPLS-TEnode0_RP0_CPU0,0,0,obt-collector1,180

2020-02-02 19:48:59.036000+00:00,leaf8,sg1,,L2VPN_ATOM,0/RP0/CPU0,0,L2VPN_ATOMnode0_RP0_CPU0,0,0,obt-collector1,120

2020-02-02 19:48:59.036000+00:00,leaf8,sg1,,bundlemgr_distrib,0/RP0/CPU0,0,bundlemgr_distribnode0_RP0_CPU0,0,0,obt-collector1,60

2020-02-02 19:48:59.036000+00:00,leaf8,sg1,,bgp-default,0/RP0/CPU0,43,bgp-defaultnode0_RP0_CPU0,0,0,obt-collector1,60

2020-02-02 19:48:59.036000+00:00,leaf8,sg1,,ipv4_static,0/RP0/CPU0,0,ipv4_staticnode0_RP0_CPU0,0,0,obt-collector1,60

2020-02-02 19:48:59.037000+00:00,leaf8,sg1,,object_tracking,0/RP0/CPU0,0,object_trackingnode0_RP0_CPU0,0,0,obt-collector1,199

2020-02-02 19:49:09.039000+00:00,leaf8,sg1,,MPLS-TE,0/RP0/CPU0,0,MPLS-TEnode0_RP0_CPU0,0,0,obt-collector1,180

2020-02-02 19:49:09.039000+00:00,leaf8,sg1,,L2VPN_ATOM,0/RP0/CPU0,0,L2VPN_ATOMnode0_RP0_CPU0,0,0,obt-collector1,120

2020-02-02 19:49:09.040000+00:00,leaf8,sg1,,object_tracking,0/RP0/CPU0,0,object_trackingnode0_RP0_CPU0,0,0,obt-collector1,199

2020-02-02 19:49:09.040000+00:00,leaf8,sg1,,bgp-default,0/RP0/CPU0,43,bgp-defaultnode0_RP0_CPU0,0,0,obt-collector1,60

2020-02-02 19:49:09.040000+00:00,leaf8,sg1,,ipv4_static,0/RP0/CPU0,0,ipv4_staticnode0_RP0_CPU0,0,0,obt-collector1,60

2020-02-02 19:49:09.040000+00:00,leaf8,sg1,,bundlemgr_distrib,0/RP0/CPU0,0,bundlemgr_distribnode0_RP0_CPU0,0,0,obt-collector1,60

2020-02-02 19:49:19.049000+00:00,leaf8,sg1,,MPLS-TE,0/RP0/CPU0,0,MPLS-TEnode0_RP0_CPU0,0,0,obt-collector1,180

2020-02-02 19:49:19.049000+00:00,leaf8,sg1,,L2VPN_ATOM,0/RP0/CPU0,0,L2VPN_ATOMnode0_RP0_CPU0,0,0,obt-collector1,120

2020-02-02 19:49:19.050000+00:00,leaf8,sg1,,bundlemgr_distrib,0/RP0/CPU0,0,bundlemgr_distribnode0_RP0_CPU0,0,0,obt-collector1,60

2020-02-02 19:49:19.050000+00:00,leaf8,sg1,,object_tracking,0/RP0/CPU0,0,object_trackingnode0_RP0_CPU0,0,0,obt-collector1,199

2020-02-02 19:49:19.050000+00:00,leaf8,sg1,,ipv4_static,0/RP0/CPU0,0,ipv4_staticnode0_RP0_CPU0,0,0,obt-collector1,60

2020-02-02 19:49:19.050000+00:00,leaf8,sg1,,bgp-default,0/RP0/CPU0,43,bgp-defaultnode0_RP0_CPU0,0,0,obt-collector1,60

2020-02-02 19:49:29.061000+00:00,leaf8,sg1,,MPLS-TE,0/RP0/CPU0,0,MPLS-TEnode0_RP0_CPU0,0,0,obt-collector1,180

2020-02-02 19:49:29.061000+00:00,leaf8,sg1,,L2VPN_ATOM,0/RP0/CPU0,0,L2VPN_ATOMnode0_RP0_CPU0,0,0,obt-collector1,120

2020-02-02 19:49:29.061000+00:00,leaf8,sg1,,bgp-default,0/RP0/CPU0,43,bgp-defaultnode0_RP0_CPU0,0,0,obt-collector1,60

2020-02-02 19:49:29.062000+00:00,leaf8,sg1,,object_tracking,0/RP0/CPU0,0,object_trackingnode0_RP0_CPU0,0,0,obt-collector1,199

2020-02-02 19:49:29.062000+00:00,leaf8,sg1,,bundlemgr_distrib,0/RP0/CPU0,0,bundlemgr_distribnode0_RP0_CPU0,0,0,obt-collector1,60

2020-02-02 19:49:29.062000+00:00,leaf8,sg1,,ipv4_static,0/RP0/CPU0,0,ipv4_staticnode0_RP0_CPU0,0,0,obt-collector1,60

2020-02-02 19:49:39.068000+00:00,leaf8,sg1,,bundlemgr_distrib,0/RP0/CPU0,0,bundlemgr_distribnode0_RP0_CPU0,0,0,obt-collector1,60

2020-02-02 19:49:39.068000+00:00,leaf8,sg1,,ipv4_static,0/RP0/CPU0,0,ipv4_staticnode0_RP0_CPU0,0,0,obt-collector1,60

2020-02-02 19:49:39.068000+00:00,leaf8,sg1,,object_tracking,0/RP0/CPU0,0,object_trackingnode0_RP0_CPU0,0,0,obt-collector1,199

2020-02-02 19:49:39.068000+00:00,leaf8,sg1,,L2VPN_ATOM,0/RP0/CPU0,0,L2VPN_ATOMnode0_RP0_CPU0,0,0,obt-collector1,120

2020-02-02 19:49:39.068000+00:00,leaf8,sg1,,bgp-default,0/RP0/CPU0,43,bgp-defaultnode0_RP0_CPU0,0,0,obt-collector1,60

2020-02-02 19:49:39.068000+00:00,leaf8,sg1,,MPLS-TE,0/RP0/CPU0,0,MPLS-TEnode0_RP0_CPU0,0,0,obt-collector1,180

2020-02-02 19:49:49.081000+00:00,leaf8,sg1,,bgp-default,0/RP0/CPU0,43,bgp-defaultnode0_RP0_CPU0,0,0,obt-collector1,60

2020-02-02 19:49:49.081000+00:00,leaf8,sg1,,MPLS-TE,0/RP0/CPU0,0,MPLS-TEnode0_RP0_CPU0,0,0,obt-collector1,180

2020-02-02 19:49:49.081000+00:00,leaf8,sg1,,L2VPN_ATOM,0/RP0/CPU0,0,L2VPN_ATOMnode0_RP0_CPU0,0,0,obt-collector1,120

2020-02-02 19:49:49.082000+00:00,leaf8,sg1,,object_tracking,0/RP0/CPU0,0,object_trackingnode0_RP0_CPU0,0,0,obt-collector1,199

2020-02-02 19:49:49.082000+00:00,leaf8,sg1,,bundlemgr_distrib,0/RP0/CPU0,0,bundlemgr_distribnode0_RP0_CPU0,0,0,obt-collector1,60

2020-02-02 19:49:49.082000+00:00,leaf8,sg1,,ipv4_static,0/RP0/CPU0,0,ipv4_staticnode0_RP0_CPU0,0,0,obt-collector1,60

2020-02-02 19:49:59.097000+00:00,leaf8,sg1,,MPLS-TE,0/RP0/CPU0,0,MPLS-TEnode0_RP0_CPU0,0,0,obt-collector1,180

2020-02-02 19:49:59.097000+00:00,leaf8,sg1,,L2VPN_ATOM,0/RP0/CPU0,0,L2VPN_ATOMnode0_RP0_CPU0,0,0,obt-collector1,120

2020-02-02 19:49:59.097000+00:00,leaf8,sg1,,bgp-default,0/RP0/CPU0,43,bgp-defaultnode0_RP0_CPU0,0,0,obt-collector1,60

2020-02-02 19:49:59.098000+00:00,leaf8,sg1,,ipv4_static,0/RP0/CPU0,0,ipv4_staticnode0_RP0_CPU0,0,0,obt-collector1,60

2020-02-02 19:49:59.098000+00:00,leaf8,sg1,,object_tracking,0/RP0/CPU0,0,object_trackingnode0_RP0_CPU0,0,0,obt-collector1,199

2020-02-02 19:49:59.098000+00:00,leaf8,sg1,,bundlemgr_distrib,0/RP0/CPU0,0,bundlemgr_distribnode0_RP0_CPU0,0,0,obt-collector1,60

2020-02-02 19:50:09.114000+00:00,leaf8,sg1,,L2VPN_ATOM,0/RP0/CPU0,0,L2VPN_ATOMnode0_RP0_CPU0,0,0,obt-collector1,120

2020-02-02 19:50:09.114000+00:00,leaf8,sg1,,bgp-default,0/RP0/CPU0,43,bgp-defaultnode0_RP0_CPU0,0,0,obt-collector1,60

2020-02-02 19:50:09.114000+00:00,leaf8,sg1,,MPLS-TE,0/RP0/CPU0,0,MPLS-TEnode0_RP0_CPU0,0,0,obt-collector1,180

2020-02-02 19:50:09.115000+00:00,leaf8,sg1,,bundlemgr_distrib,0/RP0/CPU0,0,bundlemgr_distribnode0_RP0_CPU0,0,0,obt-collector1,60

2020-02-02 19:50:09.115000+00:00,leaf8,sg1,,ipv4_static,0/RP0/CPU0,0,ipv4_staticnode0_RP0_CPU0,0,0,obt-collector1,60

2020-02-02 19:50:09.115000+00:00,leaf8,sg1,,object_tracking,0/RP0/CPU0,0,object_trackingnode0_RP0_CPU0,0,0,obt-collector1,199

2020-02-02 19:50:19.124000+00:00,leaf8,sg1,,bundlemgr_distrib,0/RP0/CPU0,0,bundlemgr_distribnode0_RP0_CPU0,0,0,obt-collector1,60

2020-02-02 19:50:19.124000+00:00,leaf8,sg1,,bgp-default,0/RP0/CPU0,43,bgp-defaultnode0_RP0_CPU0,0,0,obt-collector1,60

2020-02-02 19:50:19.124000+00:00,leaf8,sg1,,MPLS-TE,0/RP0/CPU0,0,MPLS-TEnode0_RP0_CPU0,0,0,obt-collector1,180

2020-02-02 19:50:19.124000+00:00,leaf8,sg1,,L2VPN_ATOM,0/RP0/CPU0,0,L2VPN_ATOMnode0_RP0_CPU0,0,0,obt-collector1,120

2020-02-02 19:50:19.125000+00:00,leaf8,sg1,,ipv4_static,0/RP0/CPU0,0,ipv4_staticnode0_RP0_CPU0,0,0,obt-collector1,60

2020-02-02 19:50:19.125000+00:00,leaf8,sg1,,object_tracking,0/RP0/CPU0,0,object_trackingnode0_RP0_CPU0,0,0,obt-collector1,199

2020-02-02 19:50:29.128000+00:00,leaf8,sg1,,ipv4_static,0/RP0/CPU0,0,ipv4_staticnode0_RP0_CPU0,0,0,obt-collector1,60

2020-02-02 19:50:29.128000+00:00,leaf8,sg1,,object_tracking,0/RP0/CPU0,0,object_trackingnode0_RP0_CPU0,0,0,obt-collector1,199

2020-02-02 19:50:29.128000+00:00,leaf8,sg1,,L2VPN_ATOM,0/RP0/CPU0,0,L2VPN_ATOMnode0_RP0_CPU0,0,0,obt-collector1,120

2020-02-02 19:50:29.128000+00:00,leaf8,sg1,,bundlemgr_distrib,0/RP0/CPU0,0,bundlemgr_distribnode0_RP0_CPU0,0,0,obt-collector1,60

2020-02-02 19:50:29.128000+00:00,leaf8,sg1,,MPLS-TE,0/RP0/CPU0,0,MPLS-TEnode0_RP0_CPU0,0,0,obt-collector1,180

2020-02-02 19:50:29.128000+00:00,leaf8,sg1,,bgp-default,0/RP0/CPU0,43,bgp-defaultnode0_RP0_CPU0,0,0,obt-collector1,60

2020-02-02 19:50:39.136000+00:00,leaf8,sg1,,L2VPN_ATOM,0/RP0/CPU0,0,L2VPN_ATOMnode0_RP0_CPU0,0,0,obt-collector1,120

2020-02-02 19:50:39.137000+00:00,leaf8,sg1,,bgp-default,0/RP0/CPU0,43,bgp-defaultnode0_RP0_CPU0,0,0,obt-collector1,60

2020-02-02 19:50:39.137000+00:00,leaf8,sg1,,MPLS-TE,0/RP0/CPU0,0,MPLS-TEnode0_RP0_CPU0,0,0,obt-collector1,180

2020-02-02 19:50:39.137000+00:00,leaf8,sg1,,ipv4_static,0/RP0/CPU0,0,ipv4_staticnode0_RP0_CPU0,0,0,obt-collector1,60

2020-02-02 19:50:39.137000+00:00,leaf8,sg1,,object_tracking,0/RP0/CPU0,0,object_trackingnode0_RP0_CPU0,0,0,obt-collector1,199

2020-02-02 19:50:39.137000+00:00,leaf8,sg1,,bundlemgr_distrib,0/RP0/CPU0,0,bundlemgr_distribnode0_RP0_CPU0,0,0,obt-collector1,60

2020-02-02 19:50:49.146000+00:00,leaf8,sg1,,MPLS-TE,0/RP0/CPU0,0,MPLS-TEnode0_RP0_CPU0,0,0,obt-collector1,180

2020-02-02 19:50:49.146000+00:00,leaf8,sg1,,L2VPN_ATOM,0/RP0/CPU0,0,L2VPN_ATOMnode0_RP0_CPU0,0,0,obt-collector1,120

2020-02-02 19:50:49.147000+00:00,leaf8,sg1,,bundlemgr_distrib,0/RP0/CPU0,0,bundlemgr_distribnode0_RP0_CPU0,0,0,obt-collector1,60

2020-02-02 19:50:49.147000+00:00,leaf8,sg1,,object_tracking,0/RP0/CPU0,0,object_trackingnode0_RP0_CPU0,0,0,obt-collector1,199

2020-02-02 19:50:49.147000+00:00,leaf8,sg1,,bgp-default,0/RP0/CPU0,43,bgp-defaultnode0_RP0_CPU0,0,0,obt-collector1,60

2020-02-02 19:50:49.147000+00:00,leaf8,sg1,,ipv4_static,0/RP0/CPU0,0,ipv4_staticnode0_RP0_CPU0,0,0,obt-collector1,60

2020-02-02 19:50:59.158000+00:00,leaf8,sg1,,bgp-default,0/RP0/CPU0,43,bgp-defaultnode0_RP0_CPU0,0,0,obt-collector1,60

2020-02-02 19:50:59.158000+00:00,leaf8,sg1,,ipv4_static,0/RP0/CPU0,0,ipv4_staticnode0_RP0_CPU0,0,0,obt-collector1,60

2020-02-02 19:50:59.158000+00:00,leaf8,sg1,,bundlemgr_distrib,0/RP0/CPU0,0,bundlemgr_distribnode0_RP0_CPU0,0,0,obt-collector1,60

2020-02-02 19:50:59.158000+00:00,leaf8,sg1,,MPLS-TE,0/RP0/CPU0,0,MPLS-TEnode0_RP0_CPU0,0,0,obt-collector1,180

2020-02-02 19:50:59.158000+00:00,leaf8,sg1,,L2VPN_ATOM,0/RP0/CPU0,0,L2VPN_ATOMnode0_RP0_CPU0,0,0,obt-collector1,120

2020-02-02 19:50:59.158000+00:00,leaf8,sg1,,object_tracking,0/RP0/CPU0,0,object_trackingnode0_RP0_CPU0,0,0,obt-collector1,199

2020-02-02 19:51:09.165000+00:00,leaf8,sg1,,L2VPN_ATOM,0/RP0/CPU0,0,L2VPN_ATOMnode0_RP0_CPU0,0,0,obt-collector1,120

2020-02-02 19:51:09.166000+00:00,leaf8,sg1,,object_tracking,0/RP0/CPU0,0,object_trackingnode0_RP0_CPU0,0,0,obt-collector1,199

2020-02-02 19:51:09.166000+00:00,leaf8,sg1,,bundlemgr_distrib,0/RP0/CPU0,0,bundlemgr_distribnode0_RP0_CPU0,0,0,obt-collector1,60

2020-02-02 19:51:09.166000+00:00,leaf8,sg1,,bgp-default,0/RP0/CPU0,43,bgp-defaultnode0_RP0_CPU0,0,0,obt-collector1,60

2020-02-02 19:51:09.166000+00:00,leaf8,sg1,,ipv4_static,0/RP0/CPU0,0,ipv4_staticnode0_RP0_CPU0,0,0,obt-collector1,60

2020-02-02 19:51:09.166000+00:00,leaf8,sg1,,MPLS-TE,0/RP0/CPU0,0,MPLS-TEnode0_RP0_CPU0,0,0,obt-collector1,180

2020-02-02 19:51:19.171000+00:00,leaf8,sg1,,ipv4_static,0/RP0/CPU0,0,ipv4_staticnode0_RP0_CPU0,0,0,obt-collector1,60

2020-02-02 19:51:19.171000+00:00,leaf8,sg1,,MPLS-TE,0/RP0/CPU0,0,MPLS-TEnode0_RP0_CPU0,0,0,obt-collector1,180

2020-02-02 19:51:19.171000+00:00,leaf8,sg1,,bundlemgr_distrib,0/RP0/CPU0,0,bundlemgr_distribnode0_RP0_CPU0,0,0,obt-collector1,60

2020-02-02 19:51:19.171000+00:00,leaf8,sg1,,L2VPN_ATOM,0/RP0/CPU0,0,L2VPN_ATOMnode0_RP0_CPU0,0,0,obt-collector1,120

2020-02-02 19:51:19.171000+00:00,leaf8,sg1,,bgp-default,0/RP0/CPU0,43,bgp-defaultnode0_RP0_CPU0,0,0,obt-collector1,60

2020-02-02 19:51:19.172000+00:00,leaf8,sg1,,object_tracking,0/RP0/CPU0,0,object_trackingnode0_RP0_CPU0,0,0,obt-collector1,199

2020-02-02 19:51:29.203000+00:00,leaf8,sg1,,bgp-default,0/RP0/CPU0,43,bgp-defaultnode0_RP0_CPU0,0,0,obt-collector1,60

2020-02-02 19:51:29.203000+00:00,leaf8,sg1,,L2VPN_ATOM,0/RP0/CPU0,0,L2VPN_ATOMnode0_RP0_CPU0,0,0,obt-collector1,120

2020-02-02 19:51:29.203000+00:00,leaf8,sg1,,MPLS-TE,0/RP0/CPU0,0,MPLS-TEnode0_RP0_CPU0,0,0,obt-collector1,180

2020-02-02 19:51:29.203000+00:00,leaf8,sg1,,bundlemgr_distrib,0/RP0/CPU0,0,bundlemgr_distribnode0_RP0_CPU0,0,0,obt-collector1,60

2020-02-02 19:51:29.204000+00:00,leaf8,sg1,,ipv4_static,0/RP0/CPU0,0,ipv4_staticnode0_RP0_CPU0,0,0,obt-collector1,60

2020-02-02 19:51:29.204000+00:00,leaf8,sg1,,object_tracking,0/RP0/CPU0,0,object_trackingnode0_RP0_CPU0,0,0,obt-collector1,199

2020-02-02 19:51:39.209000+00:00,leaf8,sg1,,MPLS-TE,0/RP0/CPU0,0,MPLS-TEnode0_RP0_CPU0,0,0,obt-collector1,180

2020-02-02 19:51:39.209000+00:00,leaf8,sg1,,L2VPN_ATOM,0/RP0/CPU0,0,L2VPN_ATOMnode0_RP0_CPU0,0,0,obt-collector1,120

2020-02-02 19:51:39.210000+00:00,leaf8,sg1,,ipv4_static,0/RP0/CPU0,0,ipv4_staticnode0_RP0_CPU0,0,0,obt-collector1,60

2020-02-02 19:51:39.210000+00:00,leaf8,sg1,,bgp-default,0/RP0/CPU0,43,bgp-defaultnode0_RP0_CPU0,0,0,obt-collector1,60

2020-02-02 19:51:39.210000+00:00,leaf8,sg1,,bundlemgr_distrib,0/RP0/CPU0,0,bundlemgr_distribnode0_RP0_CPU0,0,0,obt-collector1,60

2020-02-02 19:51:39.210000+00:00,leaf8,sg1,,object_tracking,0/RP0/CPU0,0,object_trackingnode0_RP0_CPU0,0,0,obt-collector1,199

2020-02-02 19:51:49.219000+00:00,leaf8,sg1,,bundlemgr_distrib,0/RP0/CPU0,0,bundlemgr_distribnode0_RP0_CPU0,0,0,obt-collector1,60

2020-02-02 19:51:49.219000+00:00,leaf8,sg1,,MPLS-TE,0/RP0/CPU0,0,MPLS-TEnode0_RP0_CPU0,0,0,obt-collector1,180

2020-02-02 19:51:49.219000+00:00,leaf8,sg1,,L2VPN_ATOM,0/RP0/CPU0,0,L2VPN_ATOMnode0_RP0_CPU0,0,0,obt-collector1,120

2020-02-02 19:51:49.219000+00:00,leaf8,sg1,,bgp-default,0/RP0/CPU0,43,bgp-defaultnode0_RP0_CPU0,0,0,obt-collector1,60

2020-02-02 19:51:49.220000+00:00,leaf8,sg1,,ipv4_static,0/RP0/CPU0,0,ipv4_staticnode0_RP0_CPU0,0,0,obt-collector1,60

2020-02-02 19:51:49.220000+00:00,leaf8,sg1,,object_tracking,0/RP0/CPU0,0,object_trackingnode0_RP0_CPU0,0,0,obt-collector1,199

2020-02-02 19:51:59.251000+00:00,leaf8,sg1,,ipv4_static,0/RP0/CPU0,0,ipv4_staticnode0_RP0_CPU0,0,0,obt-collector1,60

2020-02-02 19:51:59.251000+00:00,leaf8,sg1,,object_tracking,0/RP0/CPU0,0,object_trackingnode0_RP0_CPU0,0,0,obt-collector1,199

2020-02-02 19:51:59.251000+00:00,leaf8,sg1,,bgp-default,0/RP0/CPU0,43,bgp-defaultnode0_RP0_CPU0,0,0,obt-collector1,60

2020-02-02 19:51:59.251000+00:00,leaf8,sg1,,bundlemgr_distrib,0/RP0/CPU0,0,bundlemgr_distribnode0_RP0_CPU0,0,0,obt-collector1,60

2020-02-02 19:51:59.251000+00:00,leaf8,sg1,,L2VPN_ATOM,0/RP0/CPU0,0,L2VPN_ATOMnode0_RP0_CPU0,0,0,obt-collector1,120

2020-02-02 19:51:59.251000+00:00,leaf8,sg1,,MPLS-TE,0/RP0/CPU0,0,MPLS-TEnode0_RP0_CPU0,0,0,obt-collector1,180

2020-02-02 19:52:09.263000+00:00,leaf8,sg1,,bgp-default,0/RP0/CPU0,43,bgp-defaultnode0_RP0_CPU0,0,0,obt-collector1,60

2020-02-02 19:52:09.263000+00:00,leaf8,sg1,,MPLS-TE,0/RP0/CPU0,0,MPLS-TEnode0_RP0_CPU0,0,0,obt-collector1,180

2020-02-02 19:52:09.263000+00:00,leaf8,sg1,,L2VPN_ATOM,0/RP0/CPU0,0,L2VPN_ATOMnode0_RP0_CPU0,0,0,obt-collector1,120

2020-02-02 19:52:09.264000+00:00,leaf8,sg1,,bundlemgr_distrib,0/RP0/CPU0,0,bundlemgr_distribnode0_RP0_CPU0,0,0,obt-collector1,60

2020-02-02 19:52:09.264000+00:00,leaf8,sg1,,ipv4_static,0/RP0/CPU0,0,ipv4_staticnode0_RP0_CPU0,0,0,obt-collector1,60

2020-02-02 19:52:09.264000+00:00,leaf8,sg1,,object_tracking,0/RP0/CPU0,0,object_trackingnode0_RP0_CPU0,0,0,obt-collector1,199

2020-02-02 19:52:19.271000+00:00,leaf8,sg1,,ipv4_static,0/RP0/CPU0,0,ipv4_staticnode0_RP0_CPU0,0,0,obt-collector1,60

2020-02-02 19:52:19.271000+00:00,leaf8,sg1,,bundlemgr_distrib,0/RP0/CPU0,0,bundlemgr_distribnode0_RP0_CPU0,0,0,obt-collector1,60

2020-02-02 19:52:19.271000+00:00,leaf8,sg1,,MPLS-TE,0/RP0/CPU0,0,MPLS-TEnode0_RP0_CPU0,0,0,obt-collector1,180

2020-02-02 19:52:19.271000+00:00,leaf8,sg1,,L2VPN_ATOM,0/RP0/CPU0,0,L2VPN_ATOMnode0_RP0_CPU0,0,0,obt-collector1,120

2020-02-02 19:52:19.271000+00:00,leaf8,sg1,,bgp-default,0/RP0/CPU0,43,bgp-defaultnode0_RP0_CPU0,0,0,obt-collector1,60

2020-02-02 19:52:19.272000+00:00,leaf8,sg1,,object_tracking,0/RP0/CPU0,0,object_trackingnode0_RP0_CPU0,0,0,obt-collector1,199

2020-02-02 19:52:29.282000+00:00,leaf8,sg1,,bgp-default,0/RP0/CPU0,43,bgp-defaultnode0_RP0_CPU0,0,0,obt-collector1,60

2020-02-02 19:52:29.282000+00:00,leaf8,sg1,,object_tracking,0/RP0/CPU0,0,object_trackingnode0_RP0_CPU0,0,0,obt-collector1,199

2020-02-02 19:52:29.282000+00:00,leaf8,sg1,,L2VPN_ATOM,0/RP0/CPU0,0,L2VPN_ATOMnode0_RP0_CPU0,0,0,obt-collector1,120

2020-02-02 19:52:29.282000+00:00,leaf8,sg1,,bundlemgr_distrib,0/RP0/CPU0,0,bundlemgr_distribnode0_RP0_CPU0,0,0,obt-collector1,60

2020-02-02 19:52:29.282000+00:00,leaf8,sg1,,ipv4_static,0/RP0/CPU0,0,ipv4_staticnode0_RP0_CPU0,0,0,obt-collector1,60

2020-02-02 19:52:29.282000+00:00,leaf8,sg1,,MPLS-TE,0/RP0/CPU0,0,MPLS-TEnode0_RP0_CPU0,0,0,obt-collector1,180

2020-02-02 19:52:39.289000+00:00,leaf8,sg1,,L2VPN_ATOM,0/RP0/CPU0,0,L2VPN_ATOMnode0_RP0_CPU0,0,0,obt-collector1,120

2020-02-02 19:52:39.290000+00:00,leaf8,sg1,,MPLS-TE,0/RP0/CPU0,0,MPLS-TEnode0_RP0_CPU0,0,0,obt-collector1,180

2020-02-02 19:52:39.290000+00:00,leaf8,sg1,,ipv4_static,0/RP0/CPU0,0,ipv4_staticnode0_RP0_CPU0,0,0,obt-collector1,60

2020-02-02 19:52:39.290000+00:00,leaf8,sg1,,bgp-default,0/RP0/CPU0,43,bgp-defaultnode0_RP0_CPU0,0,0,obt-collector1,60

2020-02-02 19:52:39.290000+00:00,leaf8,sg1,,object_tracking,0/RP0/CPU0,0,object_trackingnode0_RP0_CPU0,0,0,obt-collector1,199

2020-02-02 19:52:39.290000+00:00,leaf8,sg1,,bundlemgr_distrib,0/RP0/CPU0,0,bundlemgr_distribnode0_RP0_CPU0,0,0,obt-collector1,60

2020-02-02 19:52:49.308000+00:00,leaf8,sg1,,ipv4_static,0/RP0/CPU0,0,ipv4_staticnode0_RP0_CPU0,0,0,obt-collector1,60

2020-02-02 19:52:49.308000+00:00,leaf8,sg1,,bundlemgr_distrib,0/RP0/CPU0,0,bundlemgr_distribnode0_RP0_CPU0,0,0,obt-collector1,60

2020-02-02 19:52:49.308000+00:00,leaf8,sg1,,L2VPN_ATOM,0/RP0/CPU0,0,L2VPN_ATOMnode0_RP0_CPU0,0,0,obt-collector1,120

2020-02-02 19:52:49.308000+00:00,leaf8,sg1,,MPLS-TE,0/RP0/CPU0,0,MPLS-TEnode0_RP0_CPU0,0,0,obt-collector1,180

2020-02-02 19:52:49.308000+00:00,leaf8,sg1,,bgp-default,0/RP0/CPU0,43,bgp-defaultnode0_RP0_CPU0,0,0,obt-collector1,60

2020-02-02 19:52:49.309000+00:00,leaf8,sg1,,object_tracking,0/RP0/CPU0,0,object_trackingnode0_RP0_CPU0,0,0,obt-collector1,199

2020-02-02 19:52:59.318000+00:00,leaf8,sg1,,MPLS-TE,0/RP0/CPU0,0,MPLS-TEnode0_RP0_CPU0,0,0,obt-collector1,180

2020-02-02 19:52:59.318000+00:00,leaf8,sg1,,L2VPN_ATOM,0/RP0/CPU0,0,L2VPN_ATOMnode0_RP0_CPU0,0,0,obt-collector1,120

2020-02-02 19:52:59.319000+00:00,leaf8,sg1,,bgp-default,0/RP0/CPU0,43,bgp-defaultnode0_RP0_CPU0,0,0,obt-collector1,60

2020-02-02 19:52:59.319000+00:00,leaf8,sg1,,bundlemgr_distrib,0/RP0/CPU0,0,bundlemgr_distribnode0_RP0_CPU0,0,0,obt-collector1,60

2020-02-02 19:52:59.319000+00:00,leaf8,sg1,,ipv4_static,0/RP0/CPU0,0,ipv4_staticnode0_RP0_CPU0,0,0,obt-collector1,60

2020-02-02 19:52:59.319000+00:00,leaf8,sg1,,object_tracking,0/RP0/CPU0,0,object_trackingnode0_RP0_CPU0,0,0,obt-collector1,199

2020-02-02 19:53:09.327000+00:00,leaf8,sg1,,L2VPN_ATOM,0/RP0/CPU0,0,L2VPN_ATOMnode0_RP0_CPU0,0,0,obt-collector1,120

2020-02-02 19:53:09.328000+00:00,leaf8,sg1,,object_tracking,0/RP0/CPU0,0,object_trackingnode0_RP0_CPU0,0,0,obt-collector1,199

2020-02-02 19:53:09.328000+00:00,leaf8,sg1,,ipv4_static,0/RP0/CPU0,0,ipv4_staticnode0_RP0_CPU0,0,0,obt-collector1,60

2020-02-02 19:53:09.328000+00:00,leaf8,sg1,,MPLS-TE,0/RP0/CPU0,0,MPLS-TEnode0_RP0_CPU0,0,0,obt-collector1,180

2020-02-02 19:53:09.328000+00:00,leaf8,sg1,,bgp-default,0/RP0/CPU0,43,bgp-defaultnode0_RP0_CPU0,0,0,obt-collector1,60

2020-02-02 19:53:09.328000+00:00,leaf8,sg1,,bundlemgr_distrib,0/RP0/CPU0,0,bundlemgr_distribnode0_RP0_CPU0,0,0,obt-collector1,60

2020-02-02 19:53:19.334000+00:00,leaf8,sg1,,bgp-default,0/RP0/CPU0,43,bgp-defaultnode0_RP0_CPU0,0,0,obt-collector1,60

2020-02-02 19:53:19.334000+00:00,leaf8,sg1,,bundlemgr_distrib,0/RP0/CPU0,0,bundlemgr_distribnode0_RP0_CPU0,0,0,obt-collector1,60

2020-02-02 19:53:19.334000+00:00,leaf8,sg1,,ipv4_static,0/RP0/CPU0,0,ipv4_staticnode0_RP0_CPU0,0,0,obt-collector1,60

2020-02-02 19:53:19.334000+00:00,leaf8,sg1,,L2VPN_ATOM,0/RP0/CPU0,0,L2VPN_ATOMnode0_RP0_CPU0,0,0,obt-collector1,120

2020-02-02 19:53:19.334000+00:00,leaf8,sg1,,object_tracking,0/RP0/CPU0,0,object_trackingnode0_RP0_CPU0,0,0,obt-collector1,199

2020-02-02 19:53:19.334000+00:00,leaf8,sg1,,MPLS-TE,0/RP0/CPU0,0,MPLS-TEnode0_RP0_CPU0,0,0,obt-collector1,180

2020-02-02 19:53:29.349000+00:00,leaf8,sg1,,object_tracking,0/RP0/CPU0,0,object_trackingnode0_RP0_CPU0,0,0,obt-collector1,199

2020-02-02 19:53:29.349000+00:00,leaf8,sg1,,MPLS-TE,0/RP0/CPU0,0,MPLS-TEnode0_RP0_CPU0,0,0,obt-collector1,180

2020-02-02 19:53:29.349000+00:00,leaf8,sg1,,ipv4_static,0/RP0/CPU0,0,ipv4_staticnode0_RP0_CPU0,0,0,obt-collector1,60

2020-02-02 19:53:29.349000+00:00,leaf8,sg1,,bgp-default,0/RP0/CPU0,43,bgp-defaultnode0_RP0_CPU0,0,0,obt-collector1,60

2020-02-02 19:53:29.349000+00:00,leaf8,sg1,,bundlemgr_distrib,0/RP0/CPU0,0,bundlemgr_distribnode0_RP0_CPU0,0,0,obt-collector1,60

2020-02-02 19:53:29.349000+00:00,leaf8,sg1,,L2VPN_ATOM,0/RP0/CPU0,0,L2VPN_ATOMnode0_RP0_CPU0,0,0,obt-collector1,120

2020-02-02 19:53:39.359000+00:00,leaf8,sg1,,bundlemgr_distrib,0/RP0/CPU0,0,bundlemgr_distribnode0_RP0_CPU0,0,0,obt-collector1,60

2020-02-02 19:53:39.359000+00:00,leaf8,sg1,,L2VPN_ATOM,0/RP0/CPU0,0,L2VPN_ATOMnode0_RP0_CPU0,0,0,obt-collector1,120

2020-02-02 19:53:39.359000+00:00,leaf8,sg1,,ipv4_static,0/RP0/CPU0,0,ipv4_staticnode0_RP0_CPU0,0,0,obt-collector1,60

2020-02-02 19:53:39.359000+00:00,leaf8,sg1,,object_tracking,0/RP0/CPU0,0,object_trackingnode0_RP0_CPU0,0,0,obt-collector1,199

2020-02-02 19:53:39.359000+00:00,leaf8,sg1,,MPLS-TE,0/RP0/CPU0,0,MPLS-TEnode0_RP0_CPU0,0,0,obt-collector1,180

2020-02-02 19:53:39.359000+00:00,leaf8,sg1,,bgp-default,0/RP0/CPU0,43,bgp-defaultnode0_RP0_CPU0,0,0,obt-collector1,60

2020-02-02 19:53:49.371000+00:00,leaf8,sg1,,L2VPN_ATOM,0/RP0/CPU0,0,L2VPN_ATOMnode0_RP0_CPU0,0,0,obt-collector1,120

2020-02-02 19:53:49.371000+00:00,leaf8,sg1,,bgp-default,0/RP0/CPU0,43,bgp-defaultnode0_RP0_CPU0,0,0,obt-collector1,60

2020-02-02 19:53:49.371000+00:00,leaf8,sg1,,MPLS-TE,0/RP0/CPU0,0,MPLS-TEnode0_RP0_CPU0,0,0,obt-collector1,180

2020-02-02 19:53:49.372000+00:00,leaf8,sg1,,object_tracking,0/RP0/CPU0,0,object_trackingnode0_RP0_CPU0,0,0,obt-collector1,199

2020-02-02 19:53:49.372000+00:00,leaf8,sg1,,bundlemgr_distrib,0/RP0/CPU0,0,bundlemgr_distribnode0_RP0_CPU0,0,0,obt-collector1,60

2020-02-02 19:53:49.372000+00:00,leaf8,sg1,,ipv4_static,0/RP0/CPU0,0,ipv4_staticnode0_RP0_CPU0,0,0,obt-collector1,60

2020-02-02 19:53:59.401000+00:00,leaf8,sg1,,bundlemgr_distrib,0/RP0/CPU0,0,bundlemgr_distribnode0_RP0_CPU0,0,0,obt-collector1,60

2020-02-02 19:53:59.401000+00:00,leaf8,sg1,,ipv4_static,0/RP0/CPU0,0,ipv4_staticnode0_RP0_CPU0,0,0,obt-collector1,60

2020-02-02 19:53:59.401000+00:00,leaf8,sg1,,bgp-default,0/RP0/CPU0,43,bgp-defaultnode0_RP0_CPU0,0,0,obt-collector1,60

2020-02-02 19:53:59.401000+00:00,leaf8,sg1,,MPLS-TE,0/RP0/CPU0,0,MPLS-TEnode0_RP0_CPU0,0,0,obt-collector1,180

2020-02-02 19:53:59.401000+00:00,leaf8,sg1,,L2VPN_ATOM,0/RP0/CPU0,0,L2VPN_ATOMnode0_RP0_CPU0,0,0,obt-collector1,120

2020-02-02 19:53:59.402000+00:00,leaf8,sg1,,object_tracking,0/RP0/CPU0,0,object_trackingnode0_RP0_CPU0,0,0,obt-collector1,199

2020-02-02 19:54:09.406000+00:00,leaf8,sg1,,L2VPN_ATOM,0/RP0/CPU0,0,L2VPN_ATOMnode0_RP0_CPU0,0,0,obt-collector1,120

2020-02-02 19:54:09.406000+00:00,leaf8,sg1,,object_tracking,0/RP0/CPU0,0,object_trackingnode0_RP0_CPU0,0,0,obt-collector1,199

2020-02-02 19:54:09.406000+00:00,leaf8,sg1,,MPLS-TE,0/RP0/CPU0,0,MPLS-TEnode0_RP0_CPU0,0,0,obt-collector1,180

2020-02-02 19:54:09.406000+00:00,leaf8,sg1,,ipv4_static,0/RP0/CPU0,0,ipv4_staticnode0_RP0_CPU0,0,0,obt-collector1,60

2020-02-02 19:54:09.406000+00:00,leaf8,sg1,,bundlemgr_distrib,0/RP0/CPU0,0,bundlemgr_distribnode0_RP0_CPU0,0,0,obt-collector1,60

2020-02-02 19:54:09.406000+00:00,leaf8,sg1,,bgp-default,0/RP0/CPU0,43,bgp-defaultnode0_RP0_CPU0,0,0,obt-collector1,60

2020-02-02 19:54:19.414000+00:00,leaf8,sg1,,bundlemgr_distrib,0/RP0/CPU0,0,bundlemgr_distribnode0_RP0_CPU0,0,0,obt-collector1,60

2020-02-02 19:54:19.414000+00:00,leaf8,sg1,,bgp-default,0/RP0/CPU0,43,bgp-defaultnode0_RP0_CPU0,0,0,obt-collector1,60

2020-02-02 19:54:19.414000+00:00,leaf8,sg1,,MPLS-TE,0/RP0/CPU0,0,MPLS-TEnode0_RP0_CPU0,0,0,obt-collector1,180

2020-02-02 19:54:19.414000+00:00,leaf8,sg1,,L2VPN_ATOM,0/RP0/CPU0,0,L2VPN_ATOMnode0_RP0_CPU0,0,0,obt-collector1,120

2020-02-02 19:54:19.414000+00:00,leaf8,sg1,,ipv4_static,0/RP0/CPU0,0,ipv4_staticnode0_RP0_CPU0,0,0,obt-collector1,60

2020-02-02 19:54:19.415000+00:00,leaf8,sg1,,object_tracking,0/RP0/CPU0,0,object_trackingnode0_RP0_CPU0,0,0,obt-collector1,199

2020-02-02 19:54:29.422000+00:00,leaf8,sg1,,ipv4_static,0/RP0/CPU0,0,ipv4_staticnode0_RP0_CPU0,0,0,obt-collector1,60

2020-02-02 19:54:29.422000+00:00,leaf8,sg1,,object_tracking,0/RP0/CPU0,0,object_trackingnode0_RP0_CPU0,0,0,obt-collector1,199

2020-02-02 19:54:29.422000+00:00,leaf8,sg1,,L2VPN_ATOM,0/RP0/CPU0,0,L2VPN_ATOMnode0_RP0_CPU0,0,0,obt-collector1,120

2020-02-02 19:54:29.422000+00:00,leaf8,sg1,,bundlemgr_distrib,0/RP0/CPU0,0,bundlemgr_distribnode0_RP0_CPU0,0,0,obt-collector1,60

2020-02-02 19:54:29.422000+00:00,leaf8,sg1,,bgp-default,0/RP0/CPU0,43,bgp-defaultnode0_RP0_CPU0,0,0,obt-collector1,60

2020-02-02 19:54:29.422000+00:00,leaf8,sg1,,MPLS-TE,0/RP0/CPU0,0,MPLS-TEnode0_RP0_CPU0,0,0,obt-collector1,180

2020-02-02 19:54:39.429000+00:00,leaf8,sg1,,bgp-default,0/RP0/CPU0,43,bgp-defaultnode0_RP0_CPU0,0,0,obt-collector1,60

2020-02-02 19:54:39.429000+00:00,leaf8,sg1,,MPLS-TE,0/RP0/CPU0,0,MPLS-TEnode0_RP0_CPU0,0,0,obt-collector1,180

2020-02-02 19:54:39.429000+00:00,leaf8,sg1,,L2VPN_ATOM,0/RP0/CPU0,0,L2VPN_ATOMnode0_RP0_CPU0,0,0,obt-collector1,120

2020-02-02 19:54:39.429000+00:00,leaf8,sg1,,ipv4_static,0/RP0/CPU0,0,ipv4_staticnode0_RP0_CPU0,0,0,obt-collector1,60

2020-02-02 19:54:39.429000+00:00,leaf8,sg1,,bundlemgr_distrib,0/RP0/CPU0,0,bundlemgr_distribnode0_RP0_CPU0,0,0,obt-collector1,60

2020-02-02 19:54:39.430000+00:00,leaf8,sg1,,object_tracking,0/RP0/CPU0,0,object_trackingnode0_RP0_CPU0,0,0,obt-collector1,199

2020-02-02 19:54:49.440000+00:00,leaf8,sg1,,bundlemgr_distrib,0/RP0/CPU0,0,bundlemgr_distribnode0_RP0_CPU0,0,0,obt-collector1,60

2020-02-02 19:54:49.440000+00:00,leaf8,sg1,,ipv4_static,0/RP0/CPU0,0,ipv4_staticnode0_RP0_CPU0,0,0,obt-collector1,60

2020-02-02 19:54:49.440000+00:00,leaf8,sg1,,bgp-default,0/RP0/CPU0,43,bgp-defaultnode0_RP0_CPU0,0,0,obt-collector1,60

2020-02-02 19:54:49.440000+00:00,leaf8,sg1,,MPLS-TE,0/RP0/CPU0,0,MPLS-TEnode0_RP0_CPU0,0,0,obt-collector1,180

2020-02-02 19:54:49.440000+00:00,leaf8,sg1,,L2VPN_ATOM,0/RP0/CPU0,0,L2VPN_ATOMnode0_RP0_CPU0,0,0,obt-collector1,120

2020-02-02 19:54:49.441000+00:00,leaf8,sg1,,object_tracking,0/RP0/CPU0,0,object_trackingnode0_RP0_CPU0,0,0,obt-collector1,199

2020-02-02 19:54:59.455000+00:00,leaf8,sg1,,L2VPN_ATOM,0/RP0/CPU0,0,L2VPN_ATOMnode0_RP0_CPU0,0,0,obt-collector1,120

2020-02-02 19:54:59.455000+00:00,leaf8,sg1,,object_tracking,0/RP0/CPU0,0,object_trackingnode0_RP0_CPU0,0,0,obt-collector1,199

2020-02-02 19:54:59.455000+00:00,leaf8,sg1,,MPLS-TE,0/RP0/CPU0,0,MPLS-TEnode0_RP0_CPU0,0,0,obt-collector1,180

2020-02-02 19:54:59.455000+00:00,leaf8,sg1,,ipv4_static,0/RP0/CPU0,0,ipv4_staticnode0_RP0_CPU0,0,0,obt-collector1,60

2020-02-02 19:54:59.455000+00:00,leaf8,sg1,,bundlemgr_distrib,0/RP0/CPU0,0,bundlemgr_distribnode0_RP0_CPU0,0,0,obt-collector1,60

2020-02-02 19:54:59.455000+00:00,leaf8,sg1,,bgp-default,0/RP0/CPU0,43,bgp-defaultnode0_RP0_CPU0,0,0,obt-collector1,60

2020-02-02 19:55:09.464000+00:00,leaf8,sg1,,MPLS-TE,0/RP0/CPU0,0,MPLS-TEnode0_RP0_CPU0,0,0,obt-collector1,180

2020-02-02 19:55:09.464000+00:00,leaf8,sg1,,L2VPN_ATOM,0/RP0/CPU0,0,L2VPN_ATOMnode0_RP0_CPU0,0,0,obt-collector1,120

2020-02-02 19:55:09.465000+00:00,leaf8,sg1,,bgp-default,0/RP0/CPU0,43,bgp-defaultnode0_RP0_CPU0,0,0,obt-collector1,60

2020-02-02 19:55:09.465000+00:00,leaf8,sg1,,bundlemgr_distrib,0/RP0/CPU0,0,bundlemgr_distribnode0_RP0_CPU0,0,0,obt-collector1,60

2020-02-02 19:55:09.465000+00:00,leaf8,sg1,,object_tracking,0/RP0/CPU0,0,object_trackingnode0_RP0_CPU0,0,0,obt-collector1,199

2020-02-02 19:55:09.465000+00:00,leaf8,sg1,,ipv4_static,0/RP0/CPU0,0,ipv4_staticnode0_RP0_CPU0,0,0,obt-collector1,60

2020-02-02 19:55:19.472000+00:00,leaf8,sg1,,bgp-default,0/RP0/CPU0,43,bgp-defaultnode0_RP0_CPU0,0,0,obt-collector1,60

2020-02-02 19:55:19.472000+00:00,leaf8,sg1,,MPLS-TE,0/RP0/CPU0,0,MPLS-TEnode0_RP0_CPU0,0,0,obt-collector1,180

2020-02-02 19:55:19.472000+00:00,leaf8,sg1,,L2VPN_ATOM,0/RP0/CPU0,0,L2VPN_ATOMnode0_RP0_CPU0,0,0,obt-collector1,120

2020-02-02 19:55:19.473000+00:00,leaf8,sg1,,object_tracking,0/RP0/CPU0,0,object_trackingnode0_RP0_CPU0,0,0,obt-collector1,199

2020-02-02 19:55:19.473000+00:00,leaf8,sg1,,ipv4_static,0/RP0/CPU0,0,ipv4_staticnode0_RP0_CPU0,0,0,obt-collector1,60

2020-02-02 19:55:19.473000+00:00,leaf8,sg1,,bundlemgr_distrib,0/RP0/CPU0,0,bundlemgr_distribnode0_RP0_CPU0,0,0,obt-collector1,60

2020-02-02 19:55:29.506000+00:00,leaf8,sg1,,L2VPN_ATOM,0/RP0/CPU0,0,L2VPN_ATOMnode0_RP0_CPU0,0,0,obt-collector1,120

2020-02-02 19:55:29.507000+00:00,leaf8,sg1,,bundlemgr_distrib,0/RP0/CPU0,0,bundlemgr_distribnode0_RP0_CPU0,0,0,obt-collector1,60

2020-02-02 19:55:29.507000+00:00,leaf8,sg1,,ipv4_static,0/RP0/CPU0,0,ipv4_staticnode0_RP0_CPU0,0,0,obt-collector1,60

2020-02-02 19:55:29.507000+00:00,leaf8,sg1,,bgp-default,0/RP0/CPU0,43,bgp-defaultnode0_RP0_CPU0,0,0,obt-collector1,60

2020-02-02 19:55:29.507000+00:00,leaf8,sg1,,MPLS-TE,0/RP0/CPU0,0,MPLS-TEnode0_RP0_CPU0,0,0,obt-collector1,180

2020-02-02 19:55:29.507000+00:00,leaf8,sg1,,object_tracking,0/RP0/CPU0,0,object_trackingnode0_RP0_CPU0,0,0,obt-collector1,199

2020-02-02 19:55:39.516000+00:00,leaf8,sg1,,MPLS-TE,0/RP0/CPU0,0,MPLS-TEnode0_RP0_CPU0,0,0,obt-collector1,180

2020-02-02 19:55:39.516000+00:00,leaf8,sg1,,object_tracking,0/RP0/CPU0,0,object_trackingnode0_RP0_CPU0,0,0,obt-collector1,199

2020-02-02 19:55:39.516000+00:00,leaf8,sg1,,ipv4_static,0/RP0/CPU0,0,ipv4_staticnode0_RP0_CPU0,0,0,obt-collector1,60

2020-02-02 19:55:39.516000+00:00,leaf8,sg1,,L2VPN_ATOM,0/RP0/CPU0,0,L2VPN_ATOMnode0_RP0_CPU0,0,0,obt-collector1,120

2020-02-02 19:55:39.516000+00:00,leaf8,sg1,,bundlemgr_distrib,0/RP0/CPU0,0,bundlemgr_distribnode0_RP0_CPU0,0,0,obt-collector1,60

2020-02-02 19:55:39.516000+00:00,leaf8,sg1,,bgp-default,0/RP0/CPU0,43,bgp-defaultnode0_RP0_CPU0,0,0,obt-collector1,60

2020-02-02 19:55:49.527000+00:00,leaf8,sg1,,bundlemgr_distrib,0/RP0/CPU0,0,bundlemgr_distribnode0_RP0_CPU0,0,0,obt-collector1,60

2020-02-02 19:55:49.527000+00:00,leaf8,sg1,,bgp-default,0/RP0/CPU0,43,bgp-defaultnode0_RP0_CPU0,0,0,obt-collector1,60

2020-02-02 19:55:49.527000+00:00,leaf8,sg1,,MPLS-TE,0/RP0/CPU0,0,MPLS-TEnode0_RP0_CPU0,0,0,obt-collector1,180

2020-02-02 19:55:49.527000+00:00,leaf8,sg1,,L2VPN_ATOM,0/RP0/CPU0,0,L2VPN_ATOMnode0_RP0_CPU0,0,0,obt-collector1,120

2020-02-02 19:55:49.528000+00:00,leaf8,sg1,,ipv4_static,0/RP0/CPU0,0,ipv4_staticnode0_RP0_CPU0,0,0,obt-collector1,60

2020-02-02 19:55:49.528000+00:00,leaf8,sg1,,object_tracking,0/RP0/CPU0,0,object_trackingnode0_RP0_CPU0,0,0,obt-collector1,199

2020-02-02 19:55:59.532000+00:00,leaf8,sg1,,ipv4_static,0/RP0/CPU0,0,ipv4_staticnode0_RP0_CPU0,0,0,obt-collector1,60

2020-02-02 19:55:59.532000+00:00,leaf8,sg1,,object_tracking,0/RP0/CPU0,0,object_trackingnode0_RP0_CPU0,0,0,obt-collector1,199

2020-02-02 19:55:59.532000+00:00,leaf8,sg1,,L2VPN_ATOM,0/RP0/CPU0,0,L2VPN_ATOMnode0_RP0_CPU0,0,0,obt-collector1,120

2020-02-02 19:55:59.532000+00:00,leaf8,sg1,,bundlemgr_distrib,0/RP0/CPU0,0,bundlemgr_distribnode0_RP0_CPU0,0,0,obt-collector1,60

2020-02-02 19:55:59.532000+00:00,leaf8,sg1,,MPLS-TE,0/RP0/CPU0,0,MPLS-TEnode0_RP0_CPU0,0,0,obt-collector1,180

2020-02-02 19:55:59.532000+00:00,leaf8,sg1,,bgp-default,0/RP0/CPU0,43,bgp-defaultnode0_RP0_CPU0,0,0,obt-collector1,60

2020-02-02 19:56:09.539000+00:00,leaf8,sg1,,L2VPN_ATOM,0/RP0/CPU0,0,L2VPN_ATOMnode0_RP0_CPU0,0,0,obt-collector1,120

2020-02-02 19:56:09.539000+00:00,leaf8,sg1,,MPLS-TE,0/RP0/CPU0,0,MPLS-TEnode0_RP0_CPU0,0,0,obt-collector1,180

2020-02-02 19:56:09.540000+00:00,leaf8,sg1,,bundlemgr_distrib,0/RP0/CPU0,0,bundlemgr_distribnode0_RP0_CPU0,0,0,obt-collector1,60

2020-02-02 19:56:09.540000+00:00,leaf8,sg1,,ipv4_static,0/RP0/CPU0,0,ipv4_staticnode0_RP0_CPU0,0,0,obt-collector1,60

2020-02-02 19:56:09.540000+00:00,leaf8,sg1,,object_tracking,0/RP0/CPU0,0,object_trackingnode0_RP0_CPU0,0,0,obt-collector1,199

2020-02-02 19:56:09.540000+00:00,leaf8,sg1,,bgp-default,0/RP0/CPU0,43,bgp-defaultnode0_RP0_CPU0,0,0,obt-collector1,60

2020-02-02 19:56:19.546000+00:00,leaf8,sg1,,L2VPN_ATOM,0/RP0/CPU0,0,L2VPN_ATOMnode0_RP0_CPU0,0,0,obt-collector1,120

2020-02-02 19:56:19.546000+00:00,leaf8,sg1,,MPLS-TE,0/RP0/CPU0,0,MPLS-TEnode0_RP0_CPU0,0,0,obt-collector1,180

2020-02-02 19:56:19.547000+00:00,leaf8,sg1,,bgp-default,0/RP0/CPU0,43,bgp-defaultnode0_RP0_CPU0,0,0,obt-collector1,60

2020-02-02 19:56:19.547000+00:00,leaf8,sg1,,bundlemgr_distrib,0/RP0/CPU0,0,bundlemgr_distribnode0_RP0_CPU0,0,0,obt-collector1,60

2020-02-02 19:56:19.547000+00:00,leaf8,sg1,,object_tracking,0/RP0/CPU0,0,object_trackingnode0_RP0_CPU0,0,0,obt-collector1,199

2020-02-02 19:56:19.547000+00:00,leaf8,sg1,,ipv4_static,0/RP0/CPU0,0,ipv4_staticnode0_RP0_CPU0,0,0,obt-collector1,60

2020-02-02 19:56:29.554000+00:00,leaf8,sg1,,object_tracking,0/RP0/CPU0,0,object_trackingnode0_RP0_CPU0,0,0,obt-collector1,199

2020-02-02 19:56:29.554000+00:00,leaf8,sg1,,ipv4_static,0/RP0/CPU0,0,ipv4_staticnode0_RP0_CPU0,0,0,obt-collector1,60

2020-02-02 19:56:29.554000+00:00,leaf8,sg1,,bgp-default,0/RP0/CPU0,43,bgp-defaultnode0_RP0_CPU0,0,0,obt-collector1,60

2020-02-02 19:56:29.554000+00:00,leaf8,sg1,,L2VPN_ATOM,0/RP0/CPU0,0,L2VPN_ATOMnode0_RP0_CPU0,0,0,obt-collector1,120

2020-02-02 19:56:29.554000+00:00,leaf8,sg1,,MPLS-TE,0/RP0/CPU0,0,MPLS-TEnode0_RP0_CPU0,0,0,obt-collector1,180

2020-02-02 19:56:29.554000+00:00,leaf8,sg1,,bundlemgr_distrib,0/RP0/CPU0,0,bundlemgr_distribnode0_RP0_CPU0,0,0,obt-collector1,60

2020-02-02 19:56:39.564000+00:00,leaf8,sg1,,MPLS-TE,0/RP0/CPU0,0,MPLS-TEnode0_RP0_CPU0,0,0,obt-collector1,180

2020-02-02 19:56:39.564000+00:00,leaf8,sg1,,L2VPN_ATOM,0/RP0/CPU0,0,L2VPN_ATOMnode0_RP0_CPU0,0,0,obt-collector1,120

2020-02-02 19:56:39.565000+00:00,leaf8,sg1,,bgp-default,0/RP0/CPU0,43,bgp-defaultnode0_RP0_CPU0,0,0,obt-collector1,60

2020-02-02 19:56:39.565000+00:00,leaf8,sg1,,object_tracking,0/RP0/CPU0,0,object_trackingnode0_RP0_CPU0,0,0,obt-collector1,199

2020-02-02 19:56:39.565000+00:00,leaf8,sg1,,ipv4_static,0/RP0/CPU0,0,ipv4_staticnode0_RP0_CPU0,0,0,obt-collector1,60

2020-02-02 19:56:39.565000+00:00,leaf8,sg1,,bundlemgr_distrib,0/RP0/CPU0,0,bundlemgr_distribnode0_RP0_CPU0,0,0,obt-collector1,60

2020-02-02 19:56:49.572000+00:00,leaf8,sg1,,L2VPN_ATOM,0/RP0/CPU0,0,L2VPN_ATOMnode0_RP0_CPU0,0,0,obt-collector1,120

2020-02-02 19:56:49.573000+00:00,leaf8,sg1,,bundlemgr_distrib,0/RP0/CPU0,0,bundlemgr_distribnode0_RP0_CPU0,0,0,obt-collector1,60

2020-02-02 19:56:49.573000+00:00,leaf8,sg1,,MPLS-TE,0/RP0/CPU0,0,MPLS-TEnode0_RP0_CPU0,0,0,obt-collector1,180

2020-02-02 19:56:49.573000+00:00,leaf8,sg1,,bgp-default,0/RP0/CPU0,43,bgp-defaultnode0_RP0_CPU0,0,0,obt-collector1,60

2020-02-02 19:56:49.573000+00:00,leaf8,sg1,,ipv4_static,0/RP0/CPU0,0,ipv4_staticnode0_RP0_CPU0,0,0,obt-collector1,60

2020-02-02 19:56:49.574000+00:00,leaf8,sg1,,object_tracking,0/RP0/CPU0,0,object_trackingnode0_RP0_CPU0,0,0,obt-collector1,199

2020-02-02 19:56:59.593000+00:00,leaf8,sg1,,L2VPN_ATOM,0/RP0/CPU0,0,L2VPN_ATOMnode0_RP0_CPU0,0,0,obt-collector1,120

2020-02-02 19:56:59.593000+00:00,leaf8,sg1,,MPLS-TE,0/RP0/CPU0,0,MPLS-TEnode0_RP0_CPU0,0,0,obt-collector1,180

2020-02-02 19:56:59.594000+00:00,leaf8,sg1,,ipv4_static,0/RP0/CPU0,0,ipv4_staticnode0_RP0_CPU0,0,0,obt-collector1,60

2020-02-02 19:56:59.594000+00:00,leaf8,sg1,,bundlemgr_distrib,0/RP0/CPU0,0,bundlemgr_distribnode0_RP0_CPU0,0,0,obt-collector1,60

2020-02-02 19:56:59.594000+00:00,leaf8,sg1,,bgp-default,0/RP0/CPU0,43,bgp-defaultnode0_RP0_CPU0,0,0,obt-collector1,60

2020-02-02 19:56:59.594000+00:00,leaf8,sg1,,object_tracking,0/RP0/CPU0,0,object_trackingnode0_RP0_CPU0,0,0,obt-collector1,199

2020-02-02 19:57:09.613000+00:00,leaf8,sg1,,L2VPN_ATOM,0/RP0/CPU0,0,L2VPN_ATOMnode0_RP0_CPU0,0,0,obt-collector1,120

2020-02-02 19:57:09.613000+00:00,leaf8,sg1,,MPLS-TE,0/RP0/CPU0,0,MPLS-TEnode0_RP0_CPU0,0,0,obt-collector1,180

2020-02-02 19:57:09.614000+00:00,leaf8,sg1,,object_tracking,0/RP0/CPU0,0,object_trackingnode0_RP0_CPU0,0,0,obt-collector1,199

2020-02-02 19:57:09.614000+00:00,leaf8,sg1,,ipv4_static,0/RP0/CPU0,0,ipv4_staticnode0_RP0_CPU0,0,0,obt-collector1,60

2020-02-02 19:57:09.614000+00:00,leaf8,sg1,,bgp-default,0/RP0/CPU0,43,bgp-defaultnode0_RP0_CPU0,0,0,obt-collector1,60

2020-02-02 19:57:09.614000+00:00,leaf8,sg1,,bundlemgr_distrib,0/RP0/CPU0,0,bundlemgr_distribnode0_RP0_CPU0,0,0,obt-collector1,60

2020-02-02 19:57:19.620000+00:00,leaf8,sg1,,bgp-default,0/RP0/CPU0,43,bgp-defaultnode0_RP0_CPU0,0,0,obt-collector1,60

2020-02-02 19:57:19.620000+00:00,leaf8,sg1,,bundlemgr_distrib,0/RP0/CPU0,0,bundlemgr_distribnode0_RP0_CPU0,0,0,obt-collector1,60

2020-02-02 19:57:19.620000+00:00,leaf8,sg1,,object_tracking,0/RP0/CPU0,0,object_trackingnode0_RP0_CPU0,0,0,obt-collector1,199

2020-02-02 19:57:19.620000+00:00,leaf8,sg1,,L2VPN_ATOM,0/RP0/CPU0,0,L2VPN_ATOMnode0_RP0_CPU0,0,0,obt-collector1,120

2020-02-02 19:57:19.620000+00:00,leaf8,sg1,,MPLS-TE,0/RP0/CPU0,0,MPLS-TEnode0_RP0_CPU0,0,0,obt-collector1,180

2020-02-02 19:57:19.620000+00:00,leaf8,sg1,,ipv4_static,0/RP0/CPU0,0,ipv4_staticnode0_RP0_CPU0,0,0,obt-collector1,60

2020-02-02 19:57:29.631000+00:00,leaf8,sg1,,MPLS-TE,0/RP0/CPU0,0,MPLS-TEnode0_RP0_CPU0,0,0,obt-collector1,180

2020-02-02 19:57:29.631000+00:00,leaf8,sg1,,ipv4_static,0/RP0/CPU0,0,ipv4_staticnode0_RP0_CPU0,0,0,obt-collector1,60

2020-02-02 19:57:29.631000+00:00,leaf8,sg1,,bgp-default,0/RP0/CPU0,43,bgp-defaultnode0_RP0_CPU0,0,0,obt-collector1,60

2020-02-02 19:57:29.631000+00:00,leaf8,sg1,,bundlemgr_distrib,0/RP0/CPU0,0,bundlemgr_distribnode0_RP0_CPU0,0,0,obt-collector1,60

2020-02-02 19:57:29.631000+00:00,leaf8,sg1,,L2VPN_ATOM,0/RP0/CPU0,0,L2VPN_ATOMnode0_RP0_CPU0,0,0,obt-collector1,120

2020-02-02 19:57:29.632000+00:00,leaf8,sg1,,object_tracking,0/RP0/CPU0,0,object_trackingnode0_RP0_CPU0,0,0,obt-collector1,199

2020-02-02 19:57:39.639000+00:00,leaf8,sg1,,L2VPN_ATOM,0/RP0/CPU0,0,L2VPN_ATOMnode0_RP0_CPU0,0,0,obt-collector1,120

2020-02-02 19:57:39.639000+00:00,leaf8,sg1,,bundlemgr_distrib,0/RP0/CPU0,0,bundlemgr_distribnode0_RP0_CPU0,0,0,obt-collector1,60

2020-02-02 19:57:39.639000+00:00,leaf8,sg1,,MPLS-TE,0/RP0/CPU0,0,MPLS-TEnode0_RP0_CPU0,0,0,obt-collector1,180

2020-02-02 19:57:39.639000+00:00,leaf8,sg1,,bgp-default,0/RP0/CPU0,43,bgp-defaultnode0_RP0_CPU0,0,0,obt-collector1,60

2020-02-02 19:57:39.640000+00:00,leaf8,sg1,,ipv4_static,0/RP0/CPU0,0,ipv4_staticnode0_RP0_CPU0,0,0,obt-collector1,60

2020-02-02 19:57:39.640000+00:00,leaf8,sg1,,object_tracking,0/RP0/CPU0,0,object_trackingnode0_RP0_CPU0,0,0,obt-collector1,199

2020-02-02 19:57:49.644000+00:00,leaf8,sg1,,L2VPN_ATOM,0/RP0/CPU0,0,L2VPN_ATOMnode0_RP0_CPU0,0,0,obt-collector1,120

2020-02-02 19:57:49.645000+00:00,leaf8,sg1,,object_tracking,0/RP0/CPU0,0,object_trackingnode0_RP0_CPU0,0,0,obt-collector1,199

2020-02-02 19:57:49.645000+00:00,leaf8,sg1,,ipv4_static,0/RP0/CPU0,0,ipv4_staticnode0_RP0_CPU0,0,0,obt-collector1,60

2020-02-02 19:57:49.645000+00:00,leaf8,sg1,,bgp-default,0/RP0/CPU0,43,bgp-defaultnode0_RP0_CPU0,0,0,obt-collector1,60

2020-02-02 19:57:49.645000+00:00,leaf8,sg1,,MPLS-TE,0/RP0/CPU0,0,MPLS-TEnode0_RP0_CPU0,0,0,obt-collector1,180

2020-02-02 19:57:49.645000+00:00,leaf8,sg1,,bundlemgr_distrib,0/RP0/CPU0,0,bundlemgr_distribnode0_RP0_CPU0,0,0,obt-collector1,60

2020-02-02 19:57:59.651000+00:00,leaf8,sg1,,MPLS-TE,0/RP0/CPU0,0,MPLS-TEnode0_RP0_CPU0,0,0,obt-collector1,180

2020-02-02 19:57:59.651000+00:00,leaf8,sg1,,bundlemgr_distrib,0/RP0/CPU0,0,bundlemgr_distribnode0_RP0_CPU0,0,0,obt-collector1,60

2020-02-02 19:57:59.651000+00:00,leaf8,sg1,,ipv4_static,0/RP0/CPU0,0,ipv4_staticnode0_RP0_CPU0,0,0,obt-collector1,60

2020-02-02 19:57:59.651000+00:00,leaf8,sg1,,L2VPN_ATOM,0/RP0/CPU0,0,L2VPN_ATOMnode0_RP0_CPU0,0,0,obt-collector1,120

2020-02-02 19:57:59.651000+00:00,leaf8,sg1,,object_tracking,0/RP0/CPU0,0,object_trackingnode0_RP0_CPU0,0,0,obt-collector1,199

2020-02-02 19:57:59.651000+00:00,leaf8,sg1,,bgp-default,0/RP0/CPU0,43,bgp-defaultnode0_RP0_CPU0,0,0,obt-collector1,60

2020-02-02 19:58:09.660000+00:00,leaf8,sg1,,object_tracking,0/RP0/CPU0,0,object_trackingnode0_RP0_CPU0,0,0,obt-collector1,199

2020-02-02 19:58:09.660000+00:00,leaf8,sg1,,bgp-default,0/RP0/CPU0,43,bgp-defaultnode0_RP0_CPU0,0,0,obt-collector1,60

2020-02-02 19:58:09.660000+00:00,leaf8,sg1,,ipv4_static,0/RP0/CPU0,0,ipv4_staticnode0_RP0_CPU0,0,0,obt-collector1,60

2020-02-02 19:58:09.660000+00:00,leaf8,sg1,,MPLS-TE,0/RP0/CPU0,0,MPLS-TEnode0_RP0_CPU0,0,0,obt-collector1,180

2020-02-02 19:58:09.660000+00:00,leaf8,sg1,,bundlemgr_distrib,0/RP0/CPU0,0,bundlemgr_distribnode0_RP0_CPU0,0,0,obt-collector1,60

2020-02-02 19:58:09.660000+00:00,leaf8,sg1,,L2VPN_ATOM,0/RP0/CPU0,0,L2VPN_ATOMnode0_RP0_CPU0,0,0,obt-collector1,120

2020-02-02 19:58:19.669000+00:00,leaf8,sg1,,bundlemgr_distrib,0/RP0/CPU0,0,bundlemgr_distribnode0_RP0_CPU0,0,0,obt-collector1,60

2020-02-02 19:58:19.669000+00:00,leaf8,sg1,,L2VPN_ATOM,0/RP0/CPU0,0,L2VPN_ATOMnode0_RP0_CPU0,0,0,obt-collector1,120

2020-02-02 19:58:19.669000+00:00,leaf8,sg1,,ipv4_static,0/RP0/CPU0,0,ipv4_staticnode0_RP0_CPU0,0,0,obt-collector1,60

2020-02-02 19:58:19.669000+00:00,leaf8,sg1,,object_tracking,0/RP0/CPU0,0,object_trackingnode0_RP0_CPU0,0,0,obt-collector1,199

2020-02-02 19:58:19.669000+00:00,leaf8,sg1,,bgp-default,0/RP0/CPU0,43,bgp-defaultnode0_RP0_CPU0,0,0,obt-collector1,60

2020-02-02 19:58:19.669000+00:00,leaf8,sg1,,MPLS-TE,0/RP0/CPU0,0,MPLS-TEnode0_RP0_CPU0,0,0,obt-collector1,180

2020-02-02 19:58:29.678000+00:00,leaf8,sg1,,bgp-default,0/RP0/CPU0,43,bgp-defaultnode0_RP0_CPU0,0,0,obt-collector1,60

2020-02-02 19:58:29.678000+00:00,leaf8,sg1,,MPLS-TE,0/RP0/CPU0,0,MPLS-TEnode0_RP0_CPU0,0,0,obt-collector1,180

2020-02-02 19:58:29.678000+00:00,leaf8,sg1,,ipv4_static,0/RP0/CPU0,0,ipv4_staticnode0_RP0_CPU0,0,0,obt-collector1,60

2020-02-02 19:58:29.678000+00:00,leaf8,sg1,,bundlemgr_distrib,0/RP0/CPU0,0,bundlemgr_distribnode0_RP0_CPU0,0,0,obt-collector1,60

2020-02-02 19:58:29.678000+00:00,leaf8,sg1,,L2VPN_ATOM,0/RP0/CPU0,0,L2VPN_ATOMnode0_RP0_CPU0,0,0,obt-collector1,120

2020-02-02 19:58:29.678000+00:00,leaf8,sg1,,object_tracking,0/RP0/CPU0,0,object_trackingnode0_RP0_CPU0,0,0,obt-collector1,199

2020-02-02 19:58:39.683000+00:00,leaf8,sg1,,L2VPN_ATOM,0/RP0/CPU0,0,L2VPN_ATOMnode0_RP0_CPU0,0,0,obt-collector1,120

2020-02-02 19:58:39.683000+00:00,leaf8,sg1,,ipv4_static,0/RP0/CPU0,0,ipv4_staticnode0_RP0_CPU0,0,0,obt-collector1,60

2020-02-02 19:58:39.683000+00:00,leaf8,sg1,,bgp-default,0/RP0/CPU0,43,bgp-defaultnode0_RP0_CPU0,0,0,obt-collector1,60

2020-02-02 19:58:39.683000+00:00,leaf8,sg1,,MPLS-TE,0/RP0/CPU0,0,MPLS-TEnode0_RP0_CPU0,0,0,obt-collector1,180

2020-02-02 19:58:39.683000+00:00,leaf8,sg1,,bundlemgr_distrib,0/RP0/CPU0,0,bundlemgr_distribnode0_RP0_CPU0,0,0,obt-collector1,60

2020-02-02 19:58:39.684000+00:00,leaf8,sg1,,object_tracking,0/RP0/CPU0,0,object_trackingnode0_RP0_CPU0,0,0,obt-collector1,199

2020-02-02 19:58:49.691000+00:00,leaf8,sg1,,bundlemgr_distrib,0/RP0/CPU0,0,bundlemgr_distribnode0_RP0_CPU0,0,0,obt-collector1,60

2020-02-02 19:58:49.691000+00:00,leaf8,sg1,,object_tracking,0/RP0/CPU0,0,object_trackingnode0_RP0_CPU0,0,0,obt-collector1,199

2020-02-02 19:58:49.691000+00:00,leaf8,sg1,,MPLS-TE,0/RP0/CPU0,0,MPLS-TEnode0_RP0_CPU0,0,0,obt-collector1,180

2020-02-02 19:58:49.691000+00:00,leaf8,sg1,,ipv4_static,0/RP0/CPU0,0,ipv4_staticnode0_RP0_CPU0,0,0,obt-collector1,60

2020-02-02 19:58:49.691000+00:00,leaf8,sg1,,L2VPN_ATOM,0/RP0/CPU0,0,L2VPN_ATOMnode0_RP0_CPU0,0,0,obt-collector1,120

2020-02-02 19:58:49.691000+00:00,leaf8,sg1,,bgp-default,0/RP0/CPU0,43,bgp-defaultnode0_RP0_CPU0,0,0,obt-collector1,60

2020-02-02 19:58:59.698000+00:00,leaf8,sg1,,L2VPN_ATOM,0/RP0/CPU0,0,L2VPN_ATOMnode0_RP0_CPU0,0,0,obt-collector1,120

2020-02-02 19:58:59.698000+00:00,leaf8,sg1,,bgp-default,0/RP0/CPU0,43,bgp-defaultnode0_RP0_CPU0,0,0,obt-collector1,60

2020-02-02 19:58:59.698000+00:00,leaf8,sg1,,MPLS-TE,0/RP0/CPU0,0,MPLS-TEnode0_RP0_CPU0,0,0,obt-collector1,180

2020-02-02 19:58:59.698000+00:00,leaf8,sg1,,bundlemgr_distrib,0/RP0/CPU0,0,bundlemgr_distribnode0_RP0_CPU0,0,0,obt-collector1,60

2020-02-02 19:58:59.698000+00:00,leaf8,sg1,,object_tracking,0/RP0/CPU0,0,object_trackingnode0_RP0_CPU0,0,0,obt-collector1,199

2020-02-02 19:58:59.698000+00:00,leaf8,sg1,,ipv4_static,0/RP0/CPU0,0,ipv4_staticnode0_RP0_CPU0,0,0,obt-collector1,60

2020-02-02 19:59:09.704000+00:00,leaf8,sg1,,L2VPN_ATOM,0/RP0/CPU0,0,L2VPN_ATOMnode0_RP0_CPU0,0,0,obt-collector1,120

2020-02-02 19:59:09.705000+00:00,leaf8,sg1,,ipv4_static,0/RP0/CPU0,0,ipv4_staticnode0_RP0_CPU0,0,0,obt-collector1,60

2020-02-02 19:59:09.705000+00:00,leaf8,sg1,,object_tracking,0/RP0/CPU0,0,object_trackingnode0_RP0_CPU0,0,0,obt-collector1,199

2020-02-02 19:59:09.705000+00:00,leaf8,sg1,,MPLS-TE,0/RP0/CPU0,0,MPLS-TEnode0_RP0_CPU0,0,0,obt-collector1,180

2020-02-02 19:59:09.705000+00:00,leaf8,sg1,,bgp-default,0/RP0/CPU0,43,bgp-defaultnode0_RP0_CPU0,0,0,obt-collector1,60

2020-02-02 19:59:09.705000+00:00,leaf8,sg1,,bundlemgr_distrib,0/RP0/CPU0,0,bundlemgr_distribnode0_RP0_CPU0,0,0,obt-collector1,60

2020-02-02 19:59:19.711000+00:00,leaf8,sg1,,bgp-default,0/RP0/CPU0,43,bgp-defaultnode0_RP0_CPU0,0,0,obt-collector1,60

2020-02-02 19:59:19.711000+00:00,leaf8,sg1,,bundlemgr_distrib,0/RP0/CPU0,0,bundlemgr_distribnode0_RP0_CPU0,0,0,obt-collector1,60

2020-02-02 19:59:19.711000+00:00,leaf8,sg1,,object_tracking,0/RP0/CPU0,0,object_trackingnode0_RP0_CPU0,0,0,obt-collector1,199

2020-02-02 19:59:19.711000+00:00,leaf8,sg1,,L2VPN_ATOM,0/RP0/CPU0,0,L2VPN_ATOMnode0_RP0_CPU0,0,0,obt-collector1,120

2020-02-02 19:59:19.711000+00:00,leaf8,sg1,,ipv4_static,0/RP0/CPU0,0,ipv4_staticnode0_RP0_CPU0,0,0,obt-collector1,60

2020-02-02 19:59:19.711000+00:00,leaf8,sg1,,MPLS-TE,0/RP0/CPU0,0,MPLS-TEnode0_RP0_CPU0,0,0,obt-collector1,180

2020-02-02 19:59:29.730000+00:00,leaf8,sg1,,ipv4_static,0/RP0/CPU0,0,ipv4_staticnode0_RP0_CPU0,0,0,obt-collector1,60

2020-02-02 19:59:29.730000+00:00,leaf8,sg1,,MPLS-TE,0/RP0/CPU0,0,MPLS-TEnode0_RP0_CPU0,0,0,obt-collector1,180

2020-02-02 19:59:29.730000+00:00,leaf8,sg1,,object_tracking,0/RP0/CPU0,0,object_trackingnode0_RP0_CPU0,0,0,obt-collector1,199

2020-02-02 19:59:29.730000+00:00,leaf8,sg1,,bgp-default,0/RP0/CPU0,43,bgp-defaultnode0_RP0_CPU0,0,0,obt-collector1,60

2020-02-02 19:59:29.730000+00:00,leaf8,sg1,,bundlemgr_distrib,0/RP0/CPU0,0,bundlemgr_distribnode0_RP0_CPU0,0,0,obt-collector1,60

2020-02-02 19:59:29.730000+00:00,leaf8,sg1,,L2VPN_ATOM,0/RP0/CPU0,0,L2VPN_ATOMnode0_RP0_CPU0,0,0,obt-collector1,120

2020-02-02 19:59:39.736000+00:00,leaf8,sg1,,L2VPN_ATOM,0/RP0/CPU0,0,L2VPN_ATOMnode0_RP0_CPU0,0,0,obt-collector1,120

2020-02-02 19:59:39.737000+00:00,leaf8,sg1,,bgp-default,0/RP0/CPU0,43,bgp-defaultnode0_RP0_CPU0,0,0,obt-collector1,60

2020-02-02 19:59:39.737000+00:00,leaf8,sg1,,object_tracking,0/RP0/CPU0,0,object_trackingnode0_RP0_CPU0,0,0,obt-collector1,199

2020-02-02 19:59:39.737000+00:00,leaf8,sg1,,ipv4_static,0/RP0/CPU0,0,ipv4_staticnode0_RP0_CPU0,0,0,obt-collector1,60

2020-02-02 19:59:39.737000+00:00,leaf8,sg1,,MPLS-TE,0/RP0/CPU0,0,MPLS-TEnode0_RP0_CPU0,0,0,obt-collector1,180

2020-02-02 19:59:39.737000+00:00,leaf8,sg1,,bundlemgr_distrib,0/RP0/CPU0,0,bundlemgr_distribnode0_RP0_CPU0,0,0,obt-collector1,60

