,EncodingPath,Producer,active-routes-count,af-name,as,backup-routes-count,deleted-routes-count,paths-count,protocol-route-memory,route-table-name,routes-counts,saf-name,vrf-name

2020-02-02 20:16:47.902000+00:00,Cisco-IOS-XR-ip-rib-ipv4-oper:rib/vrfs/vrf/afs/af/safs/saf/ip-rib-route-table-names/ip-rib-route-table-name/protocol/bgp/as/information,spine1,210,IPv4,65011,0,0,1592,206864,default,210,Unicast,default

2020-02-02 20:16:59.370000+00:00,Cisco-IOS-XR-ip-rib-ipv4-oper:rib/vrfs/vrf/afs/af/safs/saf/ip-rib-route-table-names/ip-rib-route-table-name/protocol/bgp/as/information,spine1,210,IPv4,65011,0,0,1565,203840,default,210,Unicast,default

2020-02-02 20:17:10.797000+00:00,Cisco-IOS-XR-ip-rib-ipv4-oper:rib/vrfs/vrf/afs/af/safs/saf/ip-rib-route-table-names/ip-rib-route-table-name/protocol/bgp/as/information,spine1,210,IPv4,65011,0,0,1565,203840,default,210,Unicast,default

2020-02-02 20:17:22.287000+00:00,Cisco-IOS-XR-ip-rib-ipv4-oper:rib/vrfs/vrf/afs/af/safs/saf/ip-rib-route-table-names/ip-rib-route-table-name/protocol/bgp/as/information,spine1,210,IPv4,65011,0,0,1565,203840,default,210,Unicast,default

2020-02-02 20:17:33.758000+00:00,Cisco-IOS-XR-ip-rib-ipv4-oper:rib/vrfs/vrf/afs/af/safs/saf/ip-rib-route-table-names/ip-rib-route-table-name/protocol/bgp/as/information,spine1,210,IPv4,65011,0,0,1565,203840,default,210,Unicast,default

2020-02-02 20:17:45.212000+00:00,Cisco-IOS-XR-ip-rib-ipv4-oper:rib/vrfs/vrf/afs/af/safs/saf/ip-rib-route-table-names/ip-rib-route-table-name/protocol/bgp/as/information,spine1,210,IPv4,65011,0,0,1565,203840,default,210,Unicast,default

2020-02-02 20:17:56.660000+00:00,Cisco-IOS-XR-ip-rib-ipv4-oper:rib/vrfs/vrf/afs/af/safs/saf/ip-rib-route-table-names/ip-rib-route-table-name/protocol/bgp/as/information,spine1,210,IPv4,65011,0,0,1565,203840,default,210,Unicast,default

2020-02-02 20:18:08.115000+00:00,Cisco-IOS-XR-ip-rib-ipv4-oper:rib/vrfs/vrf/afs/af/safs/saf/ip-rib-route-table-names/ip-rib-route-table-name/protocol/bgp/as/information,spine1,210,IPv4,65011,0,0,1565,203840,default,210,Unicast,default

2020-02-02 20:18:19.562000+00:00,Cisco-IOS-XR-ip-rib-ipv4-oper:rib/vrfs/vrf/afs/af/safs/saf/ip-rib-route-table-names/ip-rib-route-table-name/protocol/bgp/as/information,spine1,210,IPv4,65011,0,0,1565,203840,default,210,Unicast,default

2020-02-02 20:18:31.034000+00:00,Cisco-IOS-XR-ip-rib-ipv4-oper:rib/vrfs/vrf/afs/af/safs/saf/ip-rib-route-table-names/ip-rib-route-table-name/protocol/bgp/as/information,spine1,210,IPv4,65011,0,0,1565,203840,default,210,Unicast,default

2020-02-02 20:18:42.513000+00:00,Cisco-IOS-XR-ip-rib-ipv4-oper:rib/vrfs/vrf/afs/af/safs/saf/ip-rib-route-table-names/ip-rib-route-table-name/protocol/bgp/as/information,spine1,210,IPv4,65011,0,0,1565,203840,default,210,Unicast,default

2020-02-02 20:18:53.978000+00:00,Cisco-IOS-XR-ip-rib-ipv4-oper:rib/vrfs/vrf/afs/af/safs/saf/ip-rib-route-table-names/ip-rib-route-table-name/protocol/bgp/as/information,spine1,210,IPv4,65011,0,0,1565,203840,default,210,Unicast,default

2020-02-02 20:19:05.463000+00:00,Cisco-IOS-XR-ip-rib-ipv4-oper:rib/vrfs/vrf/afs/af/safs/saf/ip-rib-route-table-names/ip-rib-route-table-name/protocol/bgp/as/information,spine1,210,IPv4,65011,0,0,1565,203840,default,210,Unicast,default

2020-02-02 20:19:16.949000+00:00,Cisco-IOS-XR-ip-rib-ipv4-oper:rib/vrfs/vrf/afs/af/safs/saf/ip-rib-route-table-names/ip-rib-route-table-name/protocol/bgp/as/information,spine1,210,IPv4,65011,0,0,1565,203840,default,210,Unicast,default

2020-02-02 20:19:28.452000+00:00,Cisco-IOS-XR-ip-rib-ipv4-oper:rib/vrfs/vrf/afs/af/safs/saf/ip-rib-route-table-names/ip-rib-route-table-name/protocol/bgp/as/information,spine1,210,IPv4,65011,0,0,1573,204736,default,210,Unicast,default

2020-02-02 20:19:39.918000+00:00,Cisco-IOS-XR-ip-rib-ipv4-oper:rib/vrfs/vrf/afs/af/safs/saf/ip-rib-route-table-names/ip-rib-route-table-name/protocol/bgp/as/information,spine1,210,IPv4,65011,0,0,1573,204736,default,210,Unicast,default

2020-02-02 20:19:51.429000+00:00,Cisco-IOS-XR-ip-rib-ipv4-oper:rib/vrfs/vrf/afs/af/safs/saf/ip-rib-route-table-names/ip-rib-route-table-name/protocol/bgp/as/information,spine1,210,IPv4,65011,0,0,1569,204288,default,210,Unicast,default

2020-02-02 20:20:02.910000+00:00,Cisco-IOS-XR-ip-rib-ipv4-oper:rib/vrfs/vrf/afs/af/safs/saf/ip-rib-route-table-names/ip-rib-route-table-name/protocol/bgp/as/information,spine1,210,IPv4,65011,0,0,1569,204288,default,210,Unicast,default

2020-02-02 20:20:14.383000+00:00,Cisco-IOS-XR-ip-rib-ipv4-oper:rib/vrfs/vrf/afs/af/safs/saf/ip-rib-route-table-names/ip-rib-route-table-name/protocol/bgp/as/information,spine1,210,IPv4,65011,0,0,1569,204288,default,210,Unicast,default

2020-02-02 20:20:25.840000+00:00,Cisco-IOS-XR-ip-rib-ipv4-oper:rib/vrfs/vrf/afs/af/safs/saf/ip-rib-route-table-names/ip-rib-route-table-name/protocol/bgp/as/information,spine1,210,IPv4,65011,0,0,1565,203840,default,210,Unicast,default

2020-02-02 20:20:37.337000+00:00,Cisco-IOS-XR-ip-rib-ipv4-oper:rib/vrfs/vrf/afs/af/safs/saf/ip-rib-route-table-names/ip-rib-route-table-name/protocol/bgp/as/information,spine1,210,IPv4,65011,0,0,1565,203840,default,210,Unicast,default

2020-02-02 20:20:48.800000+00:00,Cisco-IOS-XR-ip-rib-ipv4-oper:rib/vrfs/vrf/afs/af/safs/saf/ip-rib-route-table-names/ip-rib-route-table-name/protocol/bgp/as/information,spine1,210,IPv4,65011,0,0,1565,203840,default,210,Unicast,default

2020-02-02 20:21:00.244000+00:00,Cisco-IOS-XR-ip-rib-ipv4-oper:rib/vrfs/vrf/afs/af/safs/saf/ip-rib-route-table-names/ip-rib-route-table-name/protocol/bgp/as/information,spine1,210,IPv4,65011,0,0,1565,203840,default,210,Unicast,default

2020-02-02 20:21:11.695000+00:00,Cisco-IOS-XR-ip-rib-ipv4-oper:rib/vrfs/vrf/afs/af/safs/saf/ip-rib-route-table-names/ip-rib-route-table-name/protocol/bgp/as/information,spine1,210,IPv4,65011,0,0,1565,203840,default,210,Unicast,default

2020-02-02 20:21:23.215000+00:00,Cisco-IOS-XR-ip-rib-ipv4-oper:rib/vrfs/vrf/afs/af/safs/saf/ip-rib-route-table-names/ip-rib-route-table-name/protocol/bgp/as/information,spine1,210,IPv4,65011,0,0,1565,203840,default,210,Unicast,default

2020-02-02 20:21:34.689000+00:00,Cisco-IOS-XR-ip-rib-ipv4-oper:rib/vrfs/vrf/afs/af/safs/saf/ip-rib-route-table-names/ip-rib-route-table-name/protocol/bgp/as/information,spine1,210,IPv4,65011,0,0,1565,203840,default,210,Unicast,default

2020-02-02 20:21:46.180000+00:00,Cisco-IOS-XR-ip-rib-ipv4-oper:rib/vrfs/vrf/afs/af/safs/saf/ip-rib-route-table-names/ip-rib-route-table-name/protocol/bgp/as/information,spine1,210,IPv4,65011,0,0,1569,204288,default,210,Unicast,default

2020-02-02 20:21:57.648000+00:00,Cisco-IOS-XR-ip-rib-ipv4-oper:rib/vrfs/vrf/afs/af/safs/saf/ip-rib-route-table-names/ip-rib-route-table-name/protocol/bgp/as/information,spine1,210,IPv4,65011,0,0,1569,204288,default,210,Unicast,default

2020-02-02 20:22:09.083000+00:00,Cisco-IOS-XR-ip-rib-ipv4-oper:rib/vrfs/vrf/afs/af/safs/saf/ip-rib-route-table-names/ip-rib-route-table-name/protocol/bgp/as/information,spine1,210,IPv4,65011,0,0,1569,204288,default,210,Unicast,default

2020-02-02 20:22:20.526000+00:00,Cisco-IOS-XR-ip-rib-ipv4-oper:rib/vrfs/vrf/afs/af/safs/saf/ip-rib-route-table-names/ip-rib-route-table-name/protocol/bgp/as/information,spine1,210,IPv4,65011,0,0,1573,204736,default,210,Unicast,default

2020-02-02 20:22:32.075000+00:00,Cisco-IOS-XR-ip-rib-ipv4-oper:rib/vrfs/vrf/afs/af/safs/saf/ip-rib-route-table-names/ip-rib-route-table-name/protocol/bgp/as/information,spine1,210,IPv4,65011,0,0,1573,204736,default,210,Unicast,default

2020-02-02 20:22:43.521000+00:00,Cisco-IOS-XR-ip-rib-ipv4-oper:rib/vrfs/vrf/afs/af/safs/saf/ip-rib-route-table-names/ip-rib-route-table-name/protocol/bgp/as/information,spine1,210,IPv4,65011,0,0,1577,205184,default,210,Unicast,default

2020-02-02 20:22:54.964000+00:00,Cisco-IOS-XR-ip-rib-ipv4-oper:rib/vrfs/vrf/afs/af/safs/saf/ip-rib-route-table-names/ip-rib-route-table-name/protocol/bgp/as/information,spine1,210,IPv4,65011,0,0,1577,205184,default,210,Unicast,default

2020-02-02 20:23:06.422000+00:00,Cisco-IOS-XR-ip-rib-ipv4-oper:rib/vrfs/vrf/afs/af/safs/saf/ip-rib-route-table-names/ip-rib-route-table-name/protocol/bgp/as/information,spine1,210,IPv4,65011,0,0,1577,205184,default,210,Unicast,default

2020-02-02 20:23:17.872000+00:00,Cisco-IOS-XR-ip-rib-ipv4-oper:rib/vrfs/vrf/afs/af/safs/saf/ip-rib-route-table-names/ip-rib-route-table-name/protocol/bgp/as/information,spine1,209,IPv4,65011,0,1,1561,203392,default,210,Unicast,default

2020-02-02 20:23:30.193000+00:00,Cisco-IOS-XR-ip-rib-ipv4-oper:rib/vrfs/vrf/afs/af/safs/saf/ip-rib-route-table-names/ip-rib-route-table-name/protocol/bgp/as/information,spine1,209,IPv4,65011,0,0,1561,203256,default,209,Unicast,default

2020-02-02 20:23:41.691000+00:00,Cisco-IOS-XR-ip-rib-ipv4-oper:rib/vrfs/vrf/afs/af/safs/saf/ip-rib-route-table-names/ip-rib-route-table-name/protocol/bgp/as/information,spine1,210,IPv4,65011,0,0,1565,203840,default,210,Unicast,default

2020-02-02 20:23:53.158000+00:00,Cisco-IOS-XR-ip-rib-ipv4-oper:rib/vrfs/vrf/afs/af/safs/saf/ip-rib-route-table-names/ip-rib-route-table-name/protocol/bgp/as/information,spine1,210,IPv4,65011,0,0,1565,203840,default,210,Unicast,default

2020-02-02 20:24:04.651000+00:00,Cisco-IOS-XR-ip-rib-ipv4-oper:rib/vrfs/vrf/afs/af/safs/saf/ip-rib-route-table-names/ip-rib-route-table-name/protocol/bgp/as/information,spine1,210,IPv4,65011,0,0,1565,203840,default,210,Unicast,default

2020-02-02 20:24:16.108000+00:00,Cisco-IOS-XR-ip-rib-ipv4-oper:rib/vrfs/vrf/afs/af/safs/saf/ip-rib-route-table-names/ip-rib-route-table-name/protocol/bgp/as/information,spine1,210,IPv4,65011,0,0,1573,204736,default,210,Unicast,default

2020-02-02 20:24:27.593000+00:00,Cisco-IOS-XR-ip-rib-ipv4-oper:rib/vrfs/vrf/afs/af/safs/saf/ip-rib-route-table-names/ip-rib-route-table-name/protocol/bgp/as/information,spine1,210,IPv4,65011,0,0,1573,204736,default,210,Unicast,default

2020-02-02 20:24:39.053000+00:00,Cisco-IOS-XR-ip-rib-ipv4-oper:rib/vrfs/vrf/afs/af/safs/saf/ip-rib-route-table-names/ip-rib-route-table-name/protocol/bgp/as/information,spine1,210,IPv4,65011,0,0,1573,204736,default,210,Unicast,default

2020-02-02 20:24:50.575000+00:00,Cisco-IOS-XR-ip-rib-ipv4-oper:rib/vrfs/vrf/afs/af/safs/saf/ip-rib-route-table-names/ip-rib-route-table-name/protocol/bgp/as/information,spine1,210,IPv4,65011,0,0,1580,205520,default,210,Unicast,default

2020-02-02 20:25:02.034000+00:00,Cisco-IOS-XR-ip-rib-ipv4-oper:rib/vrfs/vrf/afs/af/safs/saf/ip-rib-route-table-names/ip-rib-route-table-name/protocol/bgp/as/information,spine1,210,IPv4,65011,0,0,1580,205520,default,210,Unicast,default

2020-02-02 20:25:13.490000+00:00,Cisco-IOS-XR-ip-rib-ipv4-oper:rib/vrfs/vrf/afs/af/safs/saf/ip-rib-route-table-names/ip-rib-route-table-name/protocol/bgp/as/information,spine1,210,IPv4,65011,0,0,1584,205968,default,210,Unicast,default

2020-02-02 20:25:24.956000+00:00,Cisco-IOS-XR-ip-rib-ipv4-oper:rib/vrfs/vrf/afs/af/safs/saf/ip-rib-route-table-names/ip-rib-route-table-name/protocol/bgp/as/information,spine1,210,IPv4,65011,0,0,1584,205968,default,210,Unicast,default

2020-02-02 20:25:36.449000+00:00,Cisco-IOS-XR-ip-rib-ipv4-oper:rib/vrfs/vrf/afs/af/safs/saf/ip-rib-route-table-names/ip-rib-route-table-name/protocol/bgp/as/information,spine1,210,IPv4,65011,0,0,1584,205968,default,210,Unicast,default

2020-02-02 20:25:47.891000+00:00,Cisco-IOS-XR-ip-rib-ipv4-oper:rib/vrfs/vrf/afs/af/safs/saf/ip-rib-route-table-names/ip-rib-route-table-name/protocol/bgp/as/information,spine1,210,IPv4,65011,0,0,1584,205968,default,210,Unicast,default

2020-02-02 20:25:59.406000+00:00,Cisco-IOS-XR-ip-rib-ipv4-oper:rib/vrfs/vrf/afs/af/safs/saf/ip-rib-route-table-names/ip-rib-route-table-name/protocol/bgp/as/information,spine1,210,IPv4,65011,0,0,1584,205968,default,210,Unicast,default

2020-02-02 20:26:10.891000+00:00,Cisco-IOS-XR-ip-rib-ipv4-oper:rib/vrfs/vrf/afs/af/safs/saf/ip-rib-route-table-names/ip-rib-route-table-name/protocol/bgp/as/information,spine1,210,IPv4,65011,0,0,1580,205520,default,210,Unicast,default

2020-02-02 20:26:22.346000+00:00,Cisco-IOS-XR-ip-rib-ipv4-oper:rib/vrfs/vrf/afs/af/safs/saf/ip-rib-route-table-names/ip-rib-route-table-name/protocol/bgp/as/information,spine1,210,IPv4,65011,0,0,1580,205520,default,210,Unicast,default

2020-02-02 20:26:33.791000+00:00,Cisco-IOS-XR-ip-rib-ipv4-oper:rib/vrfs/vrf/afs/af/safs/saf/ip-rib-route-table-names/ip-rib-route-table-name/protocol/bgp/as/information,spine1,210,IPv4,65011,0,0,1565,203840,default,210,Unicast,default

2020-02-02 20:26:45.275000+00:00,Cisco-IOS-XR-ip-rib-ipv4-oper:rib/vrfs/vrf/afs/af/safs/saf/ip-rib-route-table-names/ip-rib-route-table-name/protocol/bgp/as/information,spine1,210,IPv4,65011,0,0,1592,206864,default,210,Unicast,default

2020-02-02 20:26:56.753000+00:00,Cisco-IOS-XR-ip-rib-ipv4-oper:rib/vrfs/vrf/afs/af/safs/saf/ip-rib-route-table-names/ip-rib-route-table-name/protocol/bgp/as/information,spine1,210,IPv4,65011,0,0,1592,206864,default,210,Unicast,default

2020-02-02 20:27:08.194000+00:00,Cisco-IOS-XR-ip-rib-ipv4-oper:rib/vrfs/vrf/afs/af/safs/saf/ip-rib-route-table-names/ip-rib-route-table-name/protocol/bgp/as/information,spine1,210,IPv4,65011,0,0,1588,206416,default,210,Unicast,default

2020-02-02 20:27:19.693000+00:00,Cisco-IOS-XR-ip-rib-ipv4-oper:rib/vrfs/vrf/afs/af/safs/saf/ip-rib-route-table-names/ip-rib-route-table-name/protocol/bgp/as/information,spine1,210,IPv4,65011,0,0,1577,205184,default,210,Unicast,default

2020-02-02 20:27:31.197000+00:00,Cisco-IOS-XR-ip-rib-ipv4-oper:rib/vrfs/vrf/afs/af/safs/saf/ip-rib-route-table-names/ip-rib-route-table-name/protocol/bgp/as/information,spine1,210,IPv4,65011,0,0,1573,204736,default,210,Unicast,default

2020-02-02 20:27:42.636000+00:00,Cisco-IOS-XR-ip-rib-ipv4-oper:rib/vrfs/vrf/afs/af/safs/saf/ip-rib-route-table-names/ip-rib-route-table-name/protocol/bgp/as/information,spine1,210,IPv4,65011,0,0,1585,206080,default,210,Unicast,default

2020-02-02 20:27:54.102000+00:00,Cisco-IOS-XR-ip-rib-ipv4-oper:rib/vrfs/vrf/afs/af/safs/saf/ip-rib-route-table-names/ip-rib-route-table-name/protocol/bgp/as/information,spine1,210,IPv4,65011,0,0,1585,206080,default,210,Unicast,default

2020-02-02 20:28:05.565000+00:00,Cisco-IOS-XR-ip-rib-ipv4-oper:rib/vrfs/vrf/afs/af/safs/saf/ip-rib-route-table-names/ip-rib-route-table-name/protocol/bgp/as/information,spine1,210,IPv4,65011,0,0,1581,205632,default,210,Unicast,default

2020-02-02 20:28:17.034000+00:00,Cisco-IOS-XR-ip-rib-ipv4-oper:rib/vrfs/vrf/afs/af/safs/saf/ip-rib-route-table-names/ip-rib-route-table-name/protocol/bgp/as/information,spine1,210,IPv4,65011,0,0,1577,205184,default,210,Unicast,default

2020-02-02 20:28:28.507000+00:00,Cisco-IOS-XR-ip-rib-ipv4-oper:rib/vrfs/vrf/afs/af/safs/saf/ip-rib-route-table-names/ip-rib-route-table-name/protocol/bgp/as/information,spine1,210,IPv4,65011,0,0,1573,204736,default,210,Unicast,default

2020-02-02 20:28:39.982000+00:00,Cisco-IOS-XR-ip-rib-ipv4-oper:rib/vrfs/vrf/afs/af/safs/saf/ip-rib-route-table-names/ip-rib-route-table-name/protocol/bgp/as/information,spine1,208,IPv4,65011,0,2,1557,202944,default,210,Unicast,default

2020-02-02 20:28:51.450000+00:00,Cisco-IOS-XR-ip-rib-ipv4-oper:rib/vrfs/vrf/afs/af/safs/saf/ip-rib-route-table-names/ip-rib-route-table-name/protocol/bgp/as/information,spine1,208,IPv4,65011,0,0,1557,202672,default,208,Unicast,default

2020-02-02 20:29:02.916000+00:00,Cisco-IOS-XR-ip-rib-ipv4-oper:rib/vrfs/vrf/afs/af/safs/saf/ip-rib-route-table-names/ip-rib-route-table-name/protocol/bgp/as/information,spine1,208,IPv4,65011,0,0,1557,202672,default,208,Unicast,default

2020-02-02 20:29:14.375000+00:00,Cisco-IOS-XR-ip-rib-ipv4-oper:rib/vrfs/vrf/afs/af/safs/saf/ip-rib-route-table-names/ip-rib-route-table-name/protocol/bgp/as/information,spine1,210,IPv4,65011,0,0,1573,204736,default,210,Unicast,default

2020-02-02 20:29:25.867000+00:00,Cisco-IOS-XR-ip-rib-ipv4-oper:rib/vrfs/vrf/afs/af/safs/saf/ip-rib-route-table-names/ip-rib-route-table-name/protocol/bgp/as/information,spine1,210,IPv4,65011,0,0,1573,204736,default,210,Unicast,default

2020-02-02 20:29:37.381000+00:00,Cisco-IOS-XR-ip-rib-ipv4-oper:rib/vrfs/vrf/afs/af/safs/saf/ip-rib-route-table-names/ip-rib-route-table-name/protocol/bgp/as/information,spine1,210,IPv4,65011,0,0,1573,204736,default,210,Unicast,default

2020-02-02 20:29:48.828000+00:00,Cisco-IOS-XR-ip-rib-ipv4-oper:rib/vrfs/vrf/afs/af/safs/saf/ip-rib-route-table-names/ip-rib-route-table-name/protocol/bgp/as/information,spine1,209,IPv4,65011,0,1,1564,203728,default,210,Unicast,default

2020-02-02 20:30:00.275000+00:00,Cisco-IOS-XR-ip-rib-ipv4-oper:rib/vrfs/vrf/afs/af/safs/saf/ip-rib-route-table-names/ip-rib-route-table-name/protocol/bgp/as/information,spine1,209,IPv4,65011,0,0,1568,204040,default,209,Unicast,default

2020-02-02 20:30:11.720000+00:00,Cisco-IOS-XR-ip-rib-ipv4-oper:rib/vrfs/vrf/afs/af/safs/saf/ip-rib-route-table-names/ip-rib-route-table-name/protocol/bgp/as/information,spine1,210,IPv4,65011,0,0,1573,204736,default,210,Unicast,default

2020-02-02 20:30:23.190000+00:00,Cisco-IOS-XR-ip-rib-ipv4-oper:rib/vrfs/vrf/afs/af/safs/saf/ip-rib-route-table-names/ip-rib-route-table-name/protocol/bgp/as/information,spine1,210,IPv4,65011,0,0,1573,204736,default,210,Unicast,default

2020-02-02 20:30:34.639000+00:00,Cisco-IOS-XR-ip-rib-ipv4-oper:rib/vrfs/vrf/afs/af/safs/saf/ip-rib-route-table-names/ip-rib-route-table-name/protocol/bgp/as/information,spine1,210,IPv4,65011,0,0,1569,204288,default,210,Unicast,default

2020-02-02 20:30:46.085000+00:00,Cisco-IOS-XR-ip-rib-ipv4-oper:rib/vrfs/vrf/afs/af/safs/saf/ip-rib-route-table-names/ip-rib-route-table-name/protocol/bgp/as/information,spine1,210,IPv4,65011,0,0,1573,204736,default,210,Unicast,default

2020-02-02 20:30:57.541000+00:00,Cisco-IOS-XR-ip-rib-ipv4-oper:rib/vrfs/vrf/afs/af/safs/saf/ip-rib-route-table-names/ip-rib-route-table-name/protocol/bgp/as/information,spine1,210,IPv4,65011,0,0,1573,204736,default,210,Unicast,default

2020-02-02 20:31:09.024000+00:00,Cisco-IOS-XR-ip-rib-ipv4-oper:rib/vrfs/vrf/afs/af/safs/saf/ip-rib-route-table-names/ip-rib-route-table-name/protocol/bgp/as/information,spine1,210,IPv4,65011,0,0,1573,204736,default,210,Unicast,default

2020-02-02 20:31:20.506000+00:00,Cisco-IOS-XR-ip-rib-ipv4-oper:rib/vrfs/vrf/afs/af/safs/saf/ip-rib-route-table-names/ip-rib-route-table-name/protocol/bgp/as/information,spine1,209,IPv4,65011,0,1,1560,203280,default,210,Unicast,default

2020-02-02 20:31:31.999000+00:00,Cisco-IOS-XR-ip-rib-ipv4-oper:rib/vrfs/vrf/afs/af/safs/saf/ip-rib-route-table-names/ip-rib-route-table-name/protocol/bgp/as/information,spine1,209,IPv4,65011,0,0,1560,203144,default,209,Unicast,default

2020-02-02 20:31:43.464000+00:00,Cisco-IOS-XR-ip-rib-ipv4-oper:rib/vrfs/vrf/afs/af/safs/saf/ip-rib-route-table-names/ip-rib-route-table-name/protocol/bgp/as/information,spine1,209,IPv4,65011,0,0,1565,203704,default,209,Unicast,default

2020-02-02 20:31:54.941000+00:00,Cisco-IOS-XR-ip-rib-ipv4-oper:rib/vrfs/vrf/afs/af/safs/saf/ip-rib-route-table-names/ip-rib-route-table-name/protocol/bgp/as/information,spine1,209,IPv4,65011,0,0,1565,203704,default,209,Unicast,default

2020-02-02 20:32:06.434000+00:00,Cisco-IOS-XR-ip-rib-ipv4-oper:rib/vrfs/vrf/afs/af/safs/saf/ip-rib-route-table-names/ip-rib-route-table-name/protocol/bgp/as/information,spine1,209,IPv4,65011,0,0,1565,203704,default,209,Unicast,default

2020-02-02 20:32:17.895000+00:00,Cisco-IOS-XR-ip-rib-ipv4-oper:rib/vrfs/vrf/afs/af/safs/saf/ip-rib-route-table-names/ip-rib-route-table-name/protocol/bgp/as/information,spine1,208,IPv4,65011,0,1,1557,202808,default,209,Unicast,default

2020-02-02 20:32:29.334000+00:00,Cisco-IOS-XR-ip-rib-ipv4-oper:rib/vrfs/vrf/afs/af/safs/saf/ip-rib-route-table-names/ip-rib-route-table-name/protocol/bgp/as/information,spine1,208,IPv4,65011,0,0,1557,202672,default,208,Unicast,default

2020-02-02 20:32:40.791000+00:00,Cisco-IOS-XR-ip-rib-ipv4-oper:rib/vrfs/vrf/afs/af/safs/saf/ip-rib-route-table-names/ip-rib-route-table-name/protocol/bgp/as/information,spine1,208,IPv4,65011,0,0,1557,202672,default,208,Unicast,default

2020-02-02 20:32:52.265000+00:00,Cisco-IOS-XR-ip-rib-ipv4-oper:rib/vrfs/vrf/afs/af/safs/saf/ip-rib-route-table-names/ip-rib-route-table-name/protocol/bgp/as/information,spine1,208,IPv4,65011,0,0,1557,202672,default,208,Unicast,default

2020-02-02 20:33:03.717000+00:00,Cisco-IOS-XR-ip-rib-ipv4-oper:rib/vrfs/vrf/afs/af/safs/saf/ip-rib-route-table-names/ip-rib-route-table-name/protocol/bgp/as/information,spine1,208,IPv4,65011,0,0,1557,202672,default,208,Unicast,default

2020-02-02 20:33:15.208000+00:00,Cisco-IOS-XR-ip-rib-ipv4-oper:rib/vrfs/vrf/afs/af/safs/saf/ip-rib-route-table-names/ip-rib-route-table-name/protocol/bgp/as/information,spine1,208,IPv4,65011,0,0,1557,202672,default,208,Unicast,default

2020-02-02 20:33:26.704000+00:00,Cisco-IOS-XR-ip-rib-ipv4-oper:rib/vrfs/vrf/afs/af/safs/saf/ip-rib-route-table-names/ip-rib-route-table-name/protocol/bgp/as/information,spine1,208,IPv4,65011,0,0,1557,202672,default,208,Unicast,default

2020-02-02 20:33:38.146000+00:00,Cisco-IOS-XR-ip-rib-ipv4-oper:rib/vrfs/vrf/afs/af/safs/saf/ip-rib-route-table-names/ip-rib-route-table-name/protocol/bgp/as/information,spine1,208,IPv4,65011,0,0,1557,202672,default,208,Unicast,default

2020-02-02 20:33:49.613000+00:00,Cisco-IOS-XR-ip-rib-ipv4-oper:rib/vrfs/vrf/afs/af/safs/saf/ip-rib-route-table-names/ip-rib-route-table-name/protocol/bgp/as/information,spine1,208,IPv4,65011,0,0,1557,202672,default,208,Unicast,default

2020-02-02 20:34:01.066000+00:00,Cisco-IOS-XR-ip-rib-ipv4-oper:rib/vrfs/vrf/afs/af/safs/saf/ip-rib-route-table-names/ip-rib-route-table-name/protocol/bgp/as/information,spine1,208,IPv4,65011,0,0,1557,202672,default,208,Unicast,default

2020-02-02 20:34:12.520000+00:00,Cisco-IOS-XR-ip-rib-ipv4-oper:rib/vrfs/vrf/afs/af/safs/saf/ip-rib-route-table-names/ip-rib-route-table-name/protocol/bgp/as/information,spine1,208,IPv4,65011,0,0,1557,202672,default,208,Unicast,default

2020-02-02 20:34:23.969000+00:00,Cisco-IOS-XR-ip-rib-ipv4-oper:rib/vrfs/vrf/afs/af/safs/saf/ip-rib-route-table-names/ip-rib-route-table-name/protocol/bgp/as/information,spine1,208,IPv4,65011,0,0,1557,202672,default,208,Unicast,default

2020-02-02 20:34:35.461000+00:00,Cisco-IOS-XR-ip-rib-ipv4-oper:rib/vrfs/vrf/afs/af/safs/saf/ip-rib-route-table-names/ip-rib-route-table-name/protocol/bgp/as/information,spine1,208,IPv4,65011,0,0,1557,202672,default,208,Unicast,default

2020-02-02 20:34:46.922000+00:00,Cisco-IOS-XR-ip-rib-ipv4-oper:rib/vrfs/vrf/afs/af/safs/saf/ip-rib-route-table-names/ip-rib-route-table-name/protocol/bgp/as/information,spine1,208,IPv4,65011,0,0,1557,202672,default,208,Unicast,default

2020-02-02 20:34:58.424000+00:00,Cisco-IOS-XR-ip-rib-ipv4-oper:rib/vrfs/vrf/afs/af/safs/saf/ip-rib-route-table-names/ip-rib-route-table-name/protocol/bgp/as/information,spine1,208,IPv4,65011,0,0,1557,202672,default,208,Unicast,default

2020-02-02 20:35:09.893000+00:00,Cisco-IOS-XR-ip-rib-ipv4-oper:rib/vrfs/vrf/afs/af/safs/saf/ip-rib-route-table-names/ip-rib-route-table-name/protocol/bgp/as/information,spine1,208,IPv4,65011,0,0,1557,202672,default,208,Unicast,default

2020-02-02 20:35:21.360000+00:00,Cisco-IOS-XR-ip-rib-ipv4-oper:rib/vrfs/vrf/afs/af/safs/saf/ip-rib-route-table-names/ip-rib-route-table-name/protocol/bgp/as/information,spine1,208,IPv4,65011,0,0,1557,202672,default,208,Unicast,default

2020-02-02 20:35:32.811000+00:00,Cisco-IOS-XR-ip-rib-ipv4-oper:rib/vrfs/vrf/afs/af/safs/saf/ip-rib-route-table-names/ip-rib-route-table-name/protocol/bgp/as/information,spine1,208,IPv4,65011,0,0,1557,202672,default,208,Unicast,default

2020-02-02 20:35:44.239000+00:00,Cisco-IOS-XR-ip-rib-ipv4-oper:rib/vrfs/vrf/afs/af/safs/saf/ip-rib-route-table-names/ip-rib-route-table-name/protocol/bgp/as/information,spine1,208,IPv4,65011,0,0,1557,202672,default,208,Unicast,default

2020-02-02 20:35:55.706000+00:00,Cisco-IOS-XR-ip-rib-ipv4-oper:rib/vrfs/vrf/afs/af/safs/saf/ip-rib-route-table-names/ip-rib-route-table-name/protocol/bgp/as/information,spine1,208,IPv4,65011,0,0,1557,202672,default,208,Unicast,default

2020-02-02 20:36:07.163000+00:00,Cisco-IOS-XR-ip-rib-ipv4-oper:rib/vrfs/vrf/afs/af/safs/saf/ip-rib-route-table-names/ip-rib-route-table-name/protocol/bgp/as/information,spine1,208,IPv4,65011,0,0,1557,202672,default,208,Unicast,default

2020-02-02 20:36:18.628000+00:00,Cisco-IOS-XR-ip-rib-ipv4-oper:rib/vrfs/vrf/afs/af/safs/saf/ip-rib-route-table-names/ip-rib-route-table-name/protocol/bgp/as/information,spine1,209,IPv4,65011,0,0,1561,203256,default,209,Unicast,default

2020-02-02 20:36:30.088000+00:00,Cisco-IOS-XR-ip-rib-ipv4-oper:rib/vrfs/vrf/afs/af/safs/saf/ip-rib-route-table-names/ip-rib-route-table-name/protocol/bgp/as/information,spine1,209,IPv4,65011,0,0,1561,203256,default,209,Unicast,default

2020-02-02 20:36:41.569000+00:00,Cisco-IOS-XR-ip-rib-ipv4-oper:rib/vrfs/vrf/afs/af/safs/saf/ip-rib-route-table-names/ip-rib-route-table-name/protocol/bgp/as/information,spine1,209,IPv4,65011,0,0,1561,203256,default,209,Unicast,default

2020-02-02 20:36:53.008000+00:00,Cisco-IOS-XR-ip-rib-ipv4-oper:rib/vrfs/vrf/afs/af/safs/saf/ip-rib-route-table-names/ip-rib-route-table-name/protocol/bgp/as/information,spine1,209,IPv4,65011,0,0,1561,203256,default,209,Unicast,default

2020-02-02 20:37:04.479000+00:00,Cisco-IOS-XR-ip-rib-ipv4-oper:rib/vrfs/vrf/afs/af/safs/saf/ip-rib-route-table-names/ip-rib-route-table-name/protocol/bgp/as/information,spine1,209,IPv4,65011,0,0,1561,203256,default,209,Unicast,default

2020-02-02 20:37:15.927000+00:00,Cisco-IOS-XR-ip-rib-ipv4-oper:rib/vrfs/vrf/afs/af/safs/saf/ip-rib-route-table-names/ip-rib-route-table-name/protocol/bgp/as/information,spine1,209,IPv4,65011,0,0,1561,203256,default,209,Unicast,default

2020-02-02 20:37:27.390000+00:00,Cisco-IOS-XR-ip-rib-ipv4-oper:rib/vrfs/vrf/afs/af/safs/saf/ip-rib-route-table-names/ip-rib-route-table-name/protocol/bgp/as/information,spine1,209,IPv4,65011,0,0,1561,203256,default,209,Unicast,default

2020-02-02 20:37:38.894000+00:00,Cisco-IOS-XR-ip-rib-ipv4-oper:rib/vrfs/vrf/afs/af/safs/saf/ip-rib-route-table-names/ip-rib-route-table-name/protocol/bgp/as/information,spine1,209,IPv4,65011,0,0,1561,203256,default,209,Unicast,default

2020-02-02 20:37:50.359000+00:00,Cisco-IOS-XR-ip-rib-ipv4-oper:rib/vrfs/vrf/afs/af/safs/saf/ip-rib-route-table-names/ip-rib-route-table-name/protocol/bgp/as/information,spine1,209,IPv4,65011,0,0,1561,203256,default,209,Unicast,default

