,Producer,Target,host,icmp/checksum-error-messages,icmp/output-messages,icmp/received-echo-reply-messages,icmp/received-echo-request-messages,icmp/received-hop-count-expired-messages,icmp/received-parameter-error-messages,icmp/received-parameter-header-messages,icmp/received-parameter-option-messages,icmp/received-parameter-unknown-type-messages,icmp/received-reassembly-timeouts,icmp/received-too-big-messages,icmp/received-unknown-timeout-messages,icmp/received-unreachable-address-messages,icmp/received-unreachable-admin-messages,icmp/received-unreachable-neighbor-messages,icmp/received-unreachable-port-messages,icmp/received-unreachable-routing-messages,icmp/received-unreachable-unknown-type-messages,icmp/sent-echo-reply-messages,icmp/sent-echo-request-messages,icmp/sent-hop-count-expired-messages,icmp/sent-parameter-error-messages,icmp/sent-parameter-header-messages,icmp/sent-parameter-option-messages,icmp/sent-parameter-unknown-type-messages,icmp/sent-rate-limited-packets,icmp/sent-reassembly-timeouts,icmp/sent-too-big-messages,icmp/sent-unknown-timeout-messages,icmp/sent-unreachable-address-messages,icmp/sent-unreachable-admin-messages,icmp/sent-unreachable-neighbor-messages,icmp/sent-unreachable-port-messages,icmp/sent-unreachable-routing-messages,icmp/sent-unreachable-unknown-type-messages,icmp/too-short-error-messages,icmp/total-messages,icmp/unknown-error-type-messages,ipv6-node-discovery/received-neighbor-advertisement-messages,ipv6-node-discovery/received-neighbor-solicitation-messages,ipv6-node-discovery/received-redirect-messages,ipv6-node-discovery/received-router-advertisement-messages,ipv6-node-discovery/received-router-solicitation-messages,ipv6-node-discovery/sent-neighbor-advertisement-messages,ipv6-node-discovery/sent-neighbor-solicitation-messages,ipv6-node-discovery/sent-redirect-messages,ipv6-node-discovery/sent-router-advertisement-messages,ipv6-node-discovery/sent-router-solicitation-messages,ipv6/bad-header-packets,ipv6/bad-source-address-packets,ipv6/format-errors,ipv6/forwarded-packets,ipv6/fragment-count,ipv6/fragment-failures,ipv6/fragmented-packets,ipv6/fragments,ipv6/generated-packets,ipv6/hop-count-exceeded-packets,ipv6/io-puntback,ipv6/lisp-decap-errors,ipv6/lisp-encap-errors,ipv6/lisp-v4-decap-packets,ipv6/lisp-v4-encap-packets,ipv6/lisp-v6-decap-packets,ipv6/lisp-v6-encap-packets,ipv6/local-destination-packets,ipv6/miscellaneous-drops,ipv6/no-route-packets,ipv6/reassembled-packets,ipv6/reassembly-failures,ipv6/reassembly-maximum-drops,ipv6/reassembly-timeouts,ipv6/received-multicast-packets,ipv6/sent-multicast-packets,ipv6/source-routed-packets,ipv6/too-big-packets,ipv6/total-packets,ipv6/truncated-packets,ipv6/unknown-option-type-packets,ipv6/unknown-protocol-packets,node-name

2020-02-05 01:41:25.826000+00:00,spine3,sg2,obt-collector1,1,228,0,0,0,0,0,0,0,0,0,0,0,0,0,0,0,0,0,0,124,0,0,0,0,112,0,0,0,0,0,0,97,7,0,0,132,0,40087,40062,0,20158,0,40092,40085,0,20192,0,59,178,0,97,0,0,0,0,100728,0,0,0,0,0,0,0,0,219,0,73,0,0,0,0,20635,0,0,0,101219,0,211,0,0/0/CPU0

2020-02-05 01:41:25.829000+00:00,spine3,sg2,obt-collector1,0,355,0,0,0,0,0,0,0,0,0,0,35,0,0,0,0,0,0,0,0,0,0,0,0,1661,0,0,0,0,0,0,0,355,0,0,35,0,0,0,0,0,0,0,0,0,0,0,0,0,0,0,0,0,0,0,44548286,0,0,0,0,0,0,0,0,35,0,977,0,0,0,0,0,0,0,0,50246796,0,0,0,0/RP0/CPU0

2020-02-05 01:41:35.843000+00:00,spine3,sg2,obt-collector1,1,228,0,0,0,0,0,0,0,0,0,0,0,0,0,0,0,0,0,0,124,0,0,0,0,112,0,0,0,0,0,0,97,7,0,0,132,0,40091,40067,0,20160,0,40097,40089,0,20192,0,59,178,0,97,0,0,0,0,100737,0,0,0,0,0,0,0,0,219,0,73,0,0,0,0,20637,0,0,0,101230,0,211,0,0/0/CPU0

2020-02-05 01:41:35.845000+00:00,spine3,sg2,obt-collector1,0,355,0,0,0,0,0,0,0,0,0,0,35,0,0,0,0,0,0,0,0,0,0,0,0,1661,0,0,0,0,0,0,0,355,0,0,35,0,0,0,0,0,0,0,0,0,0,0,0,0,0,0,0,0,0,0,44548356,0,0,0,0,0,0,0,0,35,0,977,0,0,0,0,0,0,0,0,50246924,0,0,0,0/RP0/CPU0

2020-02-05 01:41:45.814000+00:00,spine3,sg2,obt-collector1,1,228,0,0,0,0,0,0,0,0,0,0,0,0,0,0,0,0,0,0,124,0,0,0,0,112,0,0,0,0,0,0,97,7,0,0,132,0,40093,40070,0,20164,0,40100,40091,0,20193,0,59,178,0,97,0,0,0,0,100743,0,0,0,0,0,0,0,0,219,0,73,0,0,0,0,20641,0,0,0,101239,0,211,0,0/0/CPU0

2020-02-05 01:41:45.816000+00:00,spine3,sg2,obt-collector1,0,355,0,0,0,0,0,0,0,0,0,0,35,0,0,0,0,0,0,0,0,0,0,0,0,1661,0,0,0,0,0,0,0,355,0,0,35,0,0,0,0,0,0,0,0,0,0,0,0,0,0,0,0,0,0,0,44548426,0,0,0,0,0,0,0,0,35,0,977,0,0,0,0,0,0,0,0,50247052,0,0,0,0/RP0/CPU0

2020-02-05 01:41:55.821000+00:00,spine3,sg2,obt-collector1,1,228,0,0,0,0,0,0,0,0,0,0,0,0,0,0,0,0,0,0,124,0,0,0,0,112,0,0,0,0,0,0,97,7,0,0,132,0,40095,40071,0,20166,0,40101,40093,0,20194,0,59,178,0,97,0,0,0,0,100747,0,0,0,0,0,0,0,0,219,0,73,0,0,0,0,20643,0,0,0,101244,0,211,0,0/0/CPU0

2020-02-05 01:41:55.824000+00:00,spine3,sg2,obt-collector1,0,355,0,0,0,0,0,0,0,0,0,0,35,0,0,0,0,0,0,0,0,0,0,0,0,1661,0,0,0,0,0,0,0,355,0,0,35,0,0,0,0,0,0,0,0,0,0,0,0,0,0,0,0,0,0,0,44548496,0,0,0,0,0,0,0,0,35,0,977,0,0,0,0,0,0,0,0,50247180,0,0,0,0/RP0/CPU0

2020-02-05 01:42:05.869000+00:00,spine3,sg2,obt-collector1,1,228,0,0,0,0,0,0,0,0,0,0,0,0,0,0,0,0,0,0,124,0,0,0,0,112,0,0,0,0,0,0,97,7,0,0,132,0,40098,40077,0,20167,0,40107,40096,0,20195,0,59,178,0,97,0,0,0,0,100757,0,0,0,0,0,0,0,0,219,0,73,0,0,0,0,20644,0,0,0,101254,0,211,0,0/0/CPU0

2020-02-05 01:42:05.873000+00:00,spine3,sg2,obt-collector1,0,355,0,0,0,0,0,0,0,0,0,0,35,0,0,0,0,0,0,0,0,0,0,0,0,1661,0,0,0,0,0,0,0,355,0,0,35,0,0,0,0,0,0,0,0,0,0,0,0,0,0,0,0,0,0,0,44548566,0,0,0,0,0,0,0,0,35,0,977,0,0,0,0,0,0,0,0,50247308,0,0,0,0/RP0/CPU0

2020-02-05 01:42:15.853000+00:00,spine3,sg2,obt-collector1,1,228,0,0,0,0,0,0,0,0,0,0,0,0,0,0,0,0,0,0,124,0,0,0,0,112,0,0,0,0,0,0,97,7,0,0,132,0,40102,40086,0,20168,0,40116,40100,0,20196,0,59,178,0,97,0,0,0,0,100771,0,0,0,0,0,0,0,0,219,0,73,0,0,0,0,20645,0,0,0,101268,0,211,0,0/0/CPU0

2020-02-05 01:42:15.856000+00:00,spine3,sg2,obt-collector1,0,355,0,0,0,0,0,0,0,0,0,0,35,0,0,0,0,0,0,0,0,0,0,0,0,1661,0,0,0,0,0,0,0,355,0,0,35,0,0,0,0,0,0,0,0,0,0,0,0,0,0,0,0,0,0,0,44548636,0,0,0,0,0,0,0,0,35,0,977,0,0,0,0,0,0,0,0,50247436,0,0,0,0/RP0/CPU0

2020-02-05 01:42:25.824000+00:00,spine3,sg2,obt-collector1,1,228,0,0,0,0,0,0,0,0,0,0,0,0,0,0,0,0,0,0,124,0,0,0,0,112,0,0,0,0,0,0,97,7,0,0,132,0,40107,40090,0,20172,0,40120,40105,0,20201,0,59,178,0,97,0,0,0,0,100785,0,0,0,0,0,0,0,0,219,0,73,0,0,0,0,20649,0,0,0,101281,0,211,0,0/0/CPU0

2020-02-05 01:42:25.827000+00:00,spine3,sg2,obt-collector1,0,355,0,0,0,0,0,0,0,0,0,0,35,0,0,0,0,0,0,0,0,0,0,0,0,1661,0,0,0,0,0,0,0,355,0,0,35,0,0,0,0,0,0,0,0,0,0,0,0,0,0,0,0,0,0,0,44548706,0,0,0,0,0,0,0,0,35,0,977,0,0,0,0,0,0,0,0,50247564,0,0,0,0/RP0/CPU0

2020-02-05 01:42:35.818000+00:00,spine3,sg2,obt-collector1,1,228,0,0,0,0,0,0,0,0,0,0,0,0,0,0,0,0,0,0,124,0,0,0,0,112,0,0,0,0,0,0,97,7,0,0,132,0,40114,40095,0,20174,0,40125,40112,0,20203,0,59,178,0,97,0,0,0,0,100799,0,0,0,0,0,0,0,0,219,0,73,0,0,0,0,20651,0,0,0,101295,0,211,0,0/0/CPU0

2020-02-05 01:42:35.821000+00:00,spine3,sg2,obt-collector1,0,355,0,0,0,0,0,0,0,0,0,0,35,0,0,0,0,0,0,0,0,0,0,0,0,1661,0,0,0,0,0,0,0,355,0,0,35,0,0,0,0,0,0,0,0,0,0,0,0,0,0,0,0,0,0,0,44548776,0,0,0,0,0,0,0,0,35,0,977,0,0,0,0,0,0,0,0,50247692,0,0,0,0/RP0/CPU0

2020-02-05 01:42:45.824000+00:00,spine3,sg2,obt-collector1,1,228,0,0,0,0,0,0,0,0,0,0,0,0,0,0,0,0,0,0,124,0,0,0,0,112,0,0,0,0,0,0,97,7,0,0,132,0,40118,40099,0,20176,0,40129,40116,0,20204,0,59,178,0,97,0,0,0,0,100808,0,0,0,0,0,0,0,0,219,0,73,0,0,0,0,20653,0,0,0,101305,0,211,0,0/0/CPU0

2020-02-05 01:42:45.827000+00:00,spine3,sg2,obt-collector1,0,355,0,0,0,0,0,0,0,0,0,0,35,0,0,0,0,0,0,0,0,0,0,0,0,1661,0,0,0,0,0,0,0,355,0,0,35,0,0,0,0,0,0,0,0,0,0,0,0,0,0,0,0,0,0,0,44548846,0,0,0,0,0,0,0,0,35,0,977,0,0,0,0,0,0,0,0,50247820,0,0,0,0/RP0/CPU0

2020-02-05 01:42:55.816000+00:00,spine3,sg2,obt-collector1,1,228,0,0,0,0,0,0,0,0,0,0,0,0,0,0,0,0,0,0,124,0,0,0,0,112,0,0,0,0,0,0,97,7,0,0,132,0,40123,40102,0,20178,0,40132,40121,0,20207,0,59,178,0,97,0,0,0,0,100819,0,0,0,0,0,0,0,0,219,0,73,0,0,0,0,20655,0,0,0,101315,0,211,0,0/0/CPU0

2020-02-05 01:42:55.818000+00:00,spine3,sg2,obt-collector1,0,355,0,0,0,0,0,0,0,0,0,0,35,0,0,0,0,0,0,0,0,0,0,0,0,1661,0,0,0,0,0,0,0,355,0,0,35,0,0,0,0,0,0,0,0,0,0,0,0,0,0,0,0,0,0,0,44548916,0,0,0,0,0,0,0,0,35,0,977,0,0,0,0,0,0,0,0,50247948,0,0,0,0/RP0/CPU0

2020-02-05 01:43:05.820000+00:00,spine3,sg2,obt-collector1,1,228,0,0,0,0,0,0,0,0,0,0,0,0,0,0,0,0,0,0,124,0,0,0,0,112,0,0,0,0,0,0,97,7,0,0,132,0,40125,40106,0,20179,0,40136,40123,0,20208,0,59,178,0,97,0,0,0,0,100826,0,0,0,0,0,0,0,0,219,0,73,0,0,0,0,20656,0,0,0,101322,0,211,0,0/0/CPU0

2020-02-05 01:43:05.822000+00:00,spine3,sg2,obt-collector1,0,355,0,0,0,0,0,0,0,0,0,0,35,0,0,0,0,0,0,0,0,0,0,0,0,1661,0,0,0,0,0,0,0,355,0,0,35,0,0,0,0,0,0,0,0,0,0,0,0,0,0,0,0,0,0,0,44548986,0,0,0,0,0,0,0,0,35,0,977,0,0,0,0,0,0,0,0,50248076,0,0,0,0/RP0/CPU0

2020-02-05 01:43:15.820000+00:00,spine3,sg2,obt-collector1,1,228,0,0,0,0,0,0,0,0,0,0,0,0,0,0,0,0,0,0,124,0,0,0,0,112,0,0,0,0,0,0,97,7,0,0,132,0,40129,40108,0,20179,0,40138,40127,0,20209,0,59,178,0,97,0,0,0,0,100833,0,0,0,0,0,0,0,0,219,0,73,0,0,0,0,20656,0,0,0,101328,0,211,0,0/0/CPU0

2020-02-05 01:43:15.823000+00:00,spine3,sg2,obt-collector1,0,355,0,0,0,0,0,0,0,0,0,0,35,0,0,0,0,0,0,0,0,0,0,0,0,1661,0,0,0,0,0,0,0,355,0,0,35,0,0,0,0,0,0,0,0,0,0,0,0,0,0,0,0,0,0,0,44549056,0,0,0,0,0,0,0,0,35,0,977,0,0,0,0,0,0,0,0,50248204,0,0,0,0/RP0/CPU0

2020-02-05 01:43:25.814000+00:00,spine3,sg2,obt-collector1,1,228,0,0,0,0,0,0,0,0,0,0,0,0,0,0,0,0,0,0,124,0,0,0,0,112,0,0,0,0,0,0,97,7,0,0,132,0,40130,40111,0,20179,0,40141,40128,0,20210,0,59,178,0,97,0,0,0,0,100838,0,0,0,0,0,0,0,0,219,0,73,0,0,0,0,20656,0,0,0,101332,0,211,0,0/0/CPU0

2020-02-05 01:43:25.816000+00:00,spine3,sg2,obt-collector1,0,355,0,0,0,0,0,0,0,0,0,0,35,0,0,0,0,0,0,0,0,0,0,0,0,1661,0,0,0,0,0,0,0,355,0,0,35,0,0,0,0,0,0,0,0,0,0,0,0,0,0,0,0,0,0,0,44549126,0,0,0,0,0,0,0,0,35,0,977,0,0,0,0,0,0,0,0,50248332,0,0,0,0/RP0/CPU0

2020-02-05 01:43:35.844000+00:00,spine3,sg2,obt-collector1,1,228,0,0,0,0,0,0,0,0,0,0,0,0,0,0,0,0,0,0,124,0,0,0,0,112,0,0,0,0,0,0,97,7,0,0,132,0,40133,40113,0,20180,0,40143,40131,0,20212,0,59,178,0,97,0,0,0,0,100845,0,0,0,0,0,0,0,0,219,0,73,0,0,0,0,20657,0,0,0,101338,0,211,0,0/0/CPU0

2020-02-05 01:43:35.846000+00:00,spine3,sg2,obt-collector1,0,355,0,0,0,0,0,0,0,0,0,0,35,0,0,0,0,0,0,0,0,0,0,0,0,1661,0,0,0,0,0,0,0,355,0,0,35,0,0,0,0,0,0,0,0,0,0,0,0,0,0,0,0,0,0,0,44549196,0,0,0,0,0,0,0,0,35,0,977,0,0,0,0,0,0,0,0,50248460,0,0,0,0/RP0/CPU0

2020-02-05 01:43:45.815000+00:00,spine3,sg2,obt-collector1,1,228,0,0,0,0,0,0,0,0,0,0,0,0,0,0,0,0,0,0,124,0,0,0,0,112,0,0,0,0,0,0,97,7,0,0,132,0,40137,40115,0,20182,0,40145,40135,0,20213,0,59,178,0,97,0,0,0,0,100852,0,0,0,0,0,0,0,0,219,0,73,0,0,0,0,20659,0,0,0,101346,0,211,0,0/0/CPU0

2020-02-05 01:43:45.817000+00:00,spine3,sg2,obt-collector1,0,355,0,0,0,0,0,0,0,0,0,0,35,0,0,0,0,0,0,0,0,0,0,0,0,1661,0,0,0,0,0,0,0,355,0,0,35,0,0,0,0,0,0,0,0,0,0,0,0,0,0,0,0,0,0,0,44549266,0,0,0,0,0,0,0,0,35,0,977,0,0,0,0,0,0,0,0,50248588,0,0,0,0/RP0/CPU0

2020-02-05 01:43:55.805000+00:00,spine3,sg2,obt-collector1,1,228,0,0,0,0,0,0,0,0,0,0,0,0,0,0,0,0,0,0,124,0,0,0,0,112,0,0,0,0,0,0,97,7,0,0,132,0,40141,40116,0,20186,0,40146,40139,0,20215,0,59,178,0,97,0,0,0,0,100859,0,0,0,0,0,0,0,0,219,0,73,0,0,0,0,20663,0,0,0,101355,0,211,0,0/0/CPU0

2020-02-05 01:43:55.807000+00:00,spine3,sg2,obt-collector1,0,355,0,0,0,0,0,0,0,0,0,0,35,0,0,0,0,0,0,0,0,0,0,0,0,1661,0,0,0,0,0,0,0,355,0,0,35,0,0,0,0,0,0,0,0,0,0,0,0,0,0,0,0,0,0,0,44549336,0,0,0,0,0,0,0,0,35,0,977,0,0,0,0,0,0,0,0,50248716,0,0,0,0/RP0/CPU0

2020-02-05 01:44:05.894000+00:00,spine3,sg2,obt-collector1,1,228,0,0,0,0,0,0,0,0,0,0,0,0,0,0,0,0,0,0,124,0,0,0,0,112,0,0,0,0,0,0,97,7,0,0,132,0,40143,40119,0,20188,0,40149,40141,0,20218,0,59,178,0,97,0,0,0,0,100867,0,0,0,0,0,0,0,0,219,0,73,0,0,0,0,20665,0,0,0,101362,0,211,0,0/0/CPU0

2020-02-05 01:44:05.897000+00:00,spine3,sg2,obt-collector1,0,355,0,0,0,0,0,0,0,0,0,0,35,0,0,0,0,0,0,0,0,0,0,0,0,1661,0,0,0,0,0,0,0,355,0,0,35,0,0,0,0,0,0,0,0,0,0,0,0,0,0,0,0,0,0,0,44549406,0,0,0,0,0,0,0,0,35,0,977,0,0,0,0,0,0,0,0,50248844,0,0,0,0/RP0/CPU0

2020-02-05 01:44:15.846000+00:00,spine3,sg2,obt-collector1,1,228,0,0,0,0,0,0,0,0,0,0,0,0,0,0,0,0,0,0,124,0,0,0,0,112,0,0,0,0,0,0,97,7,0,0,132,0,40149,40122,0,20190,0,40152,40147,0,20223,0,59,178,0,97,0,0,0,0,100881,0,0,0,0,0,0,0,0,219,0,73,0,0,0,0,20667,0,0,0,101373,0,211,0,0/0/CPU0

2020-02-05 01:44:15.849000+00:00,spine3,sg2,obt-collector1,0,355,0,0,0,0,0,0,0,0,0,0,35,0,0,0,0,0,0,0,0,0,0,0,0,1661,0,0,0,0,0,0,0,355,0,0,35,0,0,0,0,0,0,0,0,0,0,0,0,0,0,0,0,0,0,0,44549476,0,0,0,0,0,0,0,0,35,0,977,0,0,0,0,0,0,0,0,50248972,0,0,0,0/RP0/CPU0

2020-02-05 01:44:25.839000+00:00,spine3,sg2,obt-collector1,1,228,0,0,0,0,0,0,0,0,0,0,0,0,0,0,0,0,0,0,124,0,0,0,0,112,0,0,0,0,0,0,97,7,0,0,132,0,40150,40127,0,20191,0,40157,40148,0,20223,0,59,178,0,97,0,0,0,0,100887,0,0,0,0,0,0,0,0,219,0,73,0,0,0,0,20668,0,0,0,101380,0,211,0,0/0/CPU0

2020-02-05 01:44:25.842000+00:00,spine3,sg2,obt-collector1,0,355,0,0,0,0,0,0,0,0,0,0,35,0,0,0,0,0,0,0,0,0,0,0,0,1661,0,0,0,0,0,0,0,355,0,0,35,0,0,0,0,0,0,0,0,0,0,0,0,0,0,0,0,0,0,0,44549546,0,0,0,0,0,0,0,0,35,0,977,0,0,0,0,0,0,0,0,50249100,0,0,0,0/RP0/CPU0

2020-02-05 01:44:35.880000+00:00,spine3,sg2,obt-collector1,1,228,0,0,0,0,0,0,0,0,0,0,0,0,0,0,0,0,0,0,124,0,0,0,0,112,0,0,0,0,0,0,97,7,0,0,132,0,40155,40131,0,20191,0,40161,40153,0,20225,0,59,178,0,97,0,0,0,0,100898,0,0,0,0,0,0,0,0,219,0,73,0,0,0,0,20668,0,0,0,101389,0,211,0,0/0/CPU0

2020-02-05 01:44:35.883000+00:00,spine3,sg2,obt-collector1,0,355,0,0,0,0,0,0,0,0,0,0,35,0,0,0,0,0,0,0,0,0,0,0,0,1661,0,0,0,0,0,0,0,355,0,0,35,0,0,0,0,0,0,0,0,0,0,0,0,0,0,0,0,0,0,0,44549616,0,0,0,0,0,0,0,0,35,0,977,0,0,0,0,0,0,0,0,50249228,0,0,0,0/RP0/CPU0

2020-02-05 01:44:45.845000+00:00,spine3,sg2,obt-collector1,1,228,0,0,0,0,0,0,0,0,0,0,0,0,0,0,0,0,0,0,124,0,0,0,0,112,0,0,0,0,0,0,97,7,0,0,132,0,40157,40132,0,20193,0,40162,40155,0,20226,0,59,178,0,97,0,0,0,0,100902,0,0,0,0,0,0,0,0,219,0,73,0,0,0,0,20670,0,0,0,101394,0,211,0,0/0/CPU0

2020-02-05 01:44:45.850000+00:00,spine3,sg2,obt-collector1,0,355,0,0,0,0,0,0,0,0,0,0,35,0,0,0,0,0,0,0,0,0,0,0,0,1661,0,0,0,0,0,0,0,355,0,0,35,0,0,0,0,0,0,0,0,0,0,0,0,0,0,0,0,0,0,0,44549689,0,0,0,0,0,0,0,0,35,0,977,0,0,0,0,0,0,0,0,50249356,0,0,0,0/RP0/CPU0

2020-02-05 01:44:55.923000+00:00,spine3,sg2,obt-collector1,1,228,0,0,0,0,0,0,0,0,0,0,0,0,0,0,0,0,0,0,124,0,0,0,0,112,0,0,0,0,0,0,97,7,0,0,132,0,40158,40136,0,20199,0,40166,40156,0,20226,0,59,178,0,97,0,0,0,0,100907,0,0,0,0,0,0,0,0,219,0,73,0,0,0,0,20676,0,0,0,101405,0,211,0,0/0/CPU0

2020-02-05 01:44:55.928000+00:00,spine3,sg2,obt-collector1,0,355,0,0,0,0,0,0,0,0,0,0,35,0,0,0,0,0,0,0,0,0,0,0,0,1661,0,0,0,0,0,0,0,355,0,0,35,0,0,0,0,0,0,0,0,0,0,0,0,0,0,0,0,0,0,0,44549760,0,0,0,0,0,0,0,0,35,0,977,0,0,0,0,0,0,0,0,50249484,0,0,0,0/RP0/CPU0

2020-02-05 01:45:05.880000+00:00,spine3,sg2,obt-collector1,1,228,0,0,0,0,0,0,0,0,0,0,0,0,0,0,0,0,0,0,124,0,0,0,0,112,0,0,0,0,0,0,97,7,0,0,132,0,40162,40141,0,20200,0,40171,40160,0,20227,0,59,178,0,97,0,0,0,0,100917,0,0,0,0,0,0,0,0,219,0,73,0,0,0,0,20677,0,0,0,101415,0,211,0,0/0/CPU0

2020-02-05 01:45:05.883000+00:00,spine3,sg2,obt-collector1,0,355,0,0,0,0,0,0,0,0,0,0,35,0,0,0,0,0,0,0,0,0,0,0,0,1661,0,0,0,0,0,0,0,355,0,0,35,0,0,0,0,0,0,0,0,0,0,0,0,0,0,0,0,0,0,0,44549830,0,0,0,0,0,0,0,0,35,0,977,0,0,0,0,0,0,0,0,50249612,0,0,0,0/RP0/CPU0

2020-02-05 01:45:15.813000+00:00,spine3,sg2,obt-collector1,1,228,0,0,0,0,0,0,0,0,0,0,0,0,0,0,0,0,0,0,124,0,0,0,0,112,0,0,0,0,0,0,97,7,0,0,132,0,40166,40149,0,20203,0,40179,40164,0,20231,0,59,178,0,97,0,0,0,0,100933,0,0,0,0,0,0,0,0,219,0,73,0,0,0,0,20680,0,0,0,101430,0,211,0,0/0/CPU0

2020-02-05 01:45:15.815000+00:00,spine3,sg2,obt-collector1,0,355,0,0,0,0,0,0,0,0,0,0,35,0,0,0,0,0,0,0,0,0,0,0,0,1661,0,0,0,0,0,0,0,355,0,0,35,0,0,0,0,0,0,0,0,0,0,0,0,0,0,0,0,0,0,0,44549900,0,0,0,0,0,0,0,0,35,0,977,0,0,0,0,0,0,0,0,50249740,0,0,0,0/RP0/CPU0

2020-02-05 01:45:25.814000+00:00,spine3,sg2,obt-collector1,1,228,0,0,0,0,0,0,0,0,0,0,0,0,0,0,0,0,0,0,124,0,0,0,0,112,0,0,0,0,0,0,97,7,0,0,132,0,40170,40154,0,20204,0,40184,40168,0,20234,0,59,178,0,97,0,0,0,0,100945,0,0,0,0,0,0,0,0,219,0,73,0,0,0,0,20681,0,0,0,101440,0,211,0,0/0/CPU0

2020-02-05 01:45:25.816000+00:00,spine3,sg2,obt-collector1,0,355,0,0,0,0,0,0,0,0,0,0,35,0,0,0,0,0,0,0,0,0,0,0,0,1661,0,0,0,0,0,0,0,355,0,0,35,0,0,0,0,0,0,0,0,0,0,0,0,0,0,0,0,0,0,0,44549970,0,0,0,0,0,0,0,0,35,0,977,0,0,0,0,0,0,0,0,50249868,0,0,0,0/RP0/CPU0

2020-02-05 01:45:35.861000+00:00,spine3,sg2,obt-collector1,1,228,0,0,0,0,0,0,0,0,0,0,0,0,0,0,0,0,0,0,124,0,0,0,0,112,0,0,0,0,0,0,97,7,0,0,132,0,40179,40159,0,20204,0,40189,40177,0,20234,0,59,178,0,97,0,0,0,0,100959,0,0,0,0,0,0,0,0,219,0,73,0,0,0,0,20681,0,0,0,101454,0,211,0,0/0/CPU0

2020-02-05 01:45:35.874000+00:00,spine3,sg2,obt-collector1,0,355,0,0,0,0,0,0,0,0,0,0,35,0,0,0,0,0,0,0,0,0,0,0,0,1661,0,0,0,0,0,0,0,355,0,0,35,0,0,0,0,0,0,0,0,0,0,0,0,0,0,0,0,0,0,0,44550040,0,0,0,0,0,0,0,0,35,0,977,0,0,0,0,0,0,0,0,50249996,0,0,0,0/RP0/CPU0

2020-02-05 01:45:45.855000+00:00,spine3,sg2,obt-collector1,1,228,0,0,0,0,0,0,0,0,0,0,0,0,0,0,0,0,0,0,124,0,0,0,0,112,0,0,0,0,0,0,97,7,0,0,132,0,40182,40163,0,20208,0,40193,40180,0,20235,0,59,178,0,97,0,0,0,0,100967,0,0,0,0,0,0,0,0,219,0,73,0,0,0,0,20685,0,0,0,101465,0,211,0,0/0/CPU0

2020-02-05 01:45:45.858000+00:00,spine3,sg2,obt-collector1,0,355,0,0,0,0,0,0,0,0,0,0,35,0,0,0,0,0,0,0,0,0,0,0,0,1661,0,0,0,0,0,0,0,355,0,0,35,0,0,0,0,0,0,0,0,0,0,0,0,0,0,0,0,0,0,0,44550110,0,0,0,0,0,0,0,0,35,0,977,0,0,0,0,0,0,0,0,50250124,0,0,0,0/RP0/CPU0

2020-02-05 01:45:55.839000+00:00,spine3,sg2,obt-collector1,1,228,0,0,0,0,0,0,0,0,0,0,0,0,0,0,0,0,0,0,124,0,0,0,0,112,0,0,0,0,0,0,97,7,0,0,132,0,40186,40166,0,20210,0,40196,40184,0,20236,0,59,178,0,97,0,0,0,0,100975,0,0,0,0,0,0,0,0,219,0,73,0,0,0,0,20687,0,0,0,101474,0,211,0,0/0/CPU0

2020-02-05 01:45:55.842000+00:00,spine3,sg2,obt-collector1,0,355,0,0,0,0,0,0,0,0,0,0,35,0,0,0,0,0,0,0,0,0,0,0,0,1661,0,0,0,0,0,0,0,355,0,0,35,0,0,0,0,0,0,0,0,0,0,0,0,0,0,0,0,0,0,0,44550180,0,0,0,0,0,0,0,0,35,0,977,0,0,0,0,0,0,0,0,50250252,0,0,0,0/RP0/CPU0

2020-02-05 01:46:05.847000+00:00,spine3,sg2,obt-collector1,1,228,0,0,0,0,0,0,0,0,0,0,0,0,0,0,0,0,0,0,124,0,0,0,0,112,0,0,0,0,0,0,97,7,0,0,132,0,40190,40169,0,20211,0,40199,40188,0,20239,0,59,178,0,97,0,0,0,0,100985,0,0,0,0,0,0,0,0,219,0,73,0,0,0,0,20688,0,0,0,101482,0,211,0,0/0/CPU0

2020-02-05 01:46:05.849000+00:00,spine3,sg2,obt-collector1,0,355,0,0,0,0,0,0,0,0,0,0,35,0,0,0,0,0,0,0,0,0,0,0,0,1661,0,0,0,0,0,0,0,355,0,0,35,0,0,0,0,0,0,0,0,0,0,0,0,0,0,0,0,0,0,0,44550250,0,0,0,0,0,0,0,0,35,0,977,0,0,0,0,0,0,0,0,50250380,0,0,0,0/RP0/CPU0

2020-02-05 01:46:15.851000+00:00,spine3,sg2,obt-collector1,1,228,0,0,0,0,0,0,0,0,0,0,0,0,0,0,0,0,0,0,124,0,0,0,0,112,0,0,0,0,0,0,97,7,0,0,132,0,40193,40173,0,20211,0,40203,40191,0,20242,0,59,178,0,97,0,0,0,0,100995,0,0,0,0,0,0,0,0,219,0,73,0,0,0,0,20688,0,0,0,101489,0,211,0,0/0/CPU0

2020-02-05 01:46:15.861000+00:00,spine3,sg2,obt-collector1,0,355,0,0,0,0,0,0,0,0,0,0,35,0,0,0,0,0,0,0,0,0,0,0,0,1661,0,0,0,0,0,0,0,355,0,0,35,0,0,0,0,0,0,0,0,0,0,0,0,0,0,0,0,0,0,0,44550320,0,0,0,0,0,0,0,0,35,0,977,0,0,0,0,0,0,0,0,50250508,0,0,0,0/RP0/CPU0

2020-02-05 01:46:25.895000+00:00,spine3,sg2,obt-collector1,1,228,0,0,0,0,0,0,0,0,0,0,0,0,0,0,0,0,0,0,124,0,0,0,0,112,0,0,0,0,0,0,97,7,0,0,132,0,40194,40174,0,20211,0,40204,40192,0,20244,0,59,178,0,97,0,0,0,0,100999,0,0,0,0,0,0,0,0,219,0,73,0,0,0,0,20688,0,0,0,101491,0,211,0,0/0/CPU0

2020-02-05 01:46:25.897000+00:00,spine3,sg2,obt-collector1,0,355,0,0,0,0,0,0,0,0,0,0,35,0,0,0,0,0,0,0,0,0,0,0,0,1661,0,0,0,0,0,0,0,355,0,0,35,0,0,0,0,0,0,0,0,0,0,0,0,0,0,0,0,0,0,0,44550390,0,0,0,0,0,0,0,0,35,0,977,0,0,0,0,0,0,0,0,50250636,0,0,0,0/RP0/CPU0

2020-02-05 01:46:35.839000+00:00,spine3,sg2,obt-collector1,1,228,0,0,0,0,0,0,0,0,0,0,0,0,0,0,0,0,0,0,124,0,0,0,0,112,0,0,0,0,0,0,97,7,0,0,132,0,40198,40176,0,20214,0,40206,40196,0,20245,0,59,178,0,97,0,0,0,0,101006,0,0,0,0,0,0,0,0,219,0,73,0,0,0,0,20691,0,0,0,101500,0,211,0,0/0/CPU0

2020-02-05 01:46:35.842000+00:00,spine3,sg2,obt-collector1,0,355,0,0,0,0,0,0,0,0,0,0,35,0,0,0,0,0,0,0,0,0,0,0,0,1661,0,0,0,0,0,0,0,355,0,0,35,0,0,0,0,0,0,0,0,0,0,0,0,0,0,0,0,0,0,0,44550460,0,0,0,0,0,0,0,0,35,0,977,0,0,0,0,0,0,0,0,50250764,0,0,0,0/RP0/CPU0

2020-02-05 01:46:45.819000+00:00,spine3,sg2,obt-collector1,1,228,0,0,0,0,0,0,0,0,0,0,0,0,0,0,0,0,0,0,124,0,0,0,0,112,0,0,0,0,0,0,97,7,0,0,132,0,40201,40178,0,20214,0,40208,40199,0,20247,0,59,178,0,97,0,0,0,0,101013,0,0,0,0,0,0,0,0,219,0,73,0,0,0,0,20691,0,0,0,101505,0,211,0,0/0/CPU0

2020-02-05 01:46:45.822000+00:00,spine3,sg2,obt-collector1,0,355,0,0,0,0,0,0,0,0,0,0,35,0,0,0,0,0,0,0,0,0,0,0,0,1661,0,0,0,0,0,0,0,355,0,0,35,0,0,0,0,0,0,0,0,0,0,0,0,0,0,0,0,0,0,0,44550530,0,0,0,0,0,0,0,0,35,0,977,0,0,0,0,0,0,0,0,50250892,0,0,0,0/RP0/CPU0

2020-02-05 01:46:55.821000+00:00,spine3,sg2,obt-collector1,1,228,0,0,0,0,0,0,0,0,0,0,0,0,0,0,0,0,0,0,124,0,0,0,0,112,0,0,0,0,0,0,97,7,0,0,132,0,40206,40179,0,20219,0,40209,40204,0,20249,0,59,178,0,97,0,0,0,0,101021,0,0,0,0,0,0,0,0,219,0,73,0,0,0,0,20696,0,0,0,101516,0,211,0,0/0/CPU0

2020-02-05 01:46:55.823000+00:00,spine3,sg2,obt-collector1,0,355,0,0,0,0,0,0,0,0,0,0,35,0,0,0,0,0,0,0,0,0,0,0,0,1661,0,0,0,0,0,0,0,355,0,0,35,0,0,0,0,0,0,0,0,0,0,0,0,0,0,0,0,0,0,0,44550600,0,0,0,0,0,0,0,0,35,0,977,0,0,0,0,0,0,0,0,50251020,0,0,0,0/RP0/CPU0

2020-02-05 01:47:05.816000+00:00,spine3,sg2,obt-collector1,1,228,0,0,0,0,0,0,0,0,0,0,0,0,0,0,0,0,0,0,124,0,0,0,0,112,0,0,0,0,0,0,97,7,0,0,132,0,40208,40183,0,20220,0,40213,40206,0,20250,0,59,178,0,97,0,0,0,0,101028,0,0,0,0,0,0,0,0,219,0,73,0,0,0,0,20697,0,0,0,101523,0,211,0,0/0/CPU0

2020-02-05 01:47:05.818000+00:00,spine3,sg2,obt-collector1,0,355,0,0,0,0,0,0,0,0,0,0,35,0,0,0,0,0,0,0,0,0,0,0,0,1661,0,0,0,0,0,0,0,355,0,0,35,0,0,0,0,0,0,0,0,0,0,0,0,0,0,0,0,0,0,0,44550670,0,0,0,0,0,0,0,0,35,0,977,0,0,0,0,0,0,0,0,50251148,0,0,0,0/RP0/CPU0

2020-02-05 01:47:15.847000+00:00,spine3,sg2,obt-collector1,1,228,0,0,0,0,0,0,0,0,0,0,0,0,0,0,0,0,0,0,124,0,0,0,0,112,0,0,0,0,0,0,97,7,0,0,132,0,40214,40186,0,20222,0,40216,40212,0,20255,0,59,178,0,97,0,0,0,0,101042,0,0,0,0,0,0,0,0,219,0,73,0,0,0,0,20699,0,0,0,101534,0,211,0,0/0/CPU0

2020-02-05 01:47:15.851000+00:00,spine3,sg2,obt-collector1,0,355,0,0,0,0,0,0,0,0,0,0,35,0,0,0,0,0,0,0,0,0,0,0,0,1661,0,0,0,0,0,0,0,355,0,0,35,0,0,0,0,0,0,0,0,0,0,0,0,0,0,0,0,0,0,0,44550740,0,0,0,0,0,0,0,0,35,0,977,0,0,0,0,0,0,0,0,50251276,0,0,0,0/RP0/CPU0

2020-02-05 01:47:25.848000+00:00,spine3,sg2,obt-collector1,1,228,0,0,0,0,0,0,0,0,0,0,0,0,0,0,0,0,0,0,124,0,0,0,0,112,0,0,0,0,0,0,97,7,0,0,132,0,40214,40191,0,20224,0,40221,40212,0,20256,0,59,178,0,97,0,0,0,0,101048,0,0,0,0,0,0,0,0,219,0,73,0,0,0,0,20701,0,0,0,101541,0,211,0,0/0/CPU0

2020-02-05 01:47:25.870000+00:00,spine3,sg2,obt-collector1,0,355,0,0,0,0,0,0,0,0,0,0,35,0,0,0,0,0,0,0,0,0,0,0,0,1661,0,0,0,0,0,0,0,355,0,0,35,0,0,0,0,0,0,0,0,0,0,0,0,0,0,0,0,0,0,0,44550810,0,0,0,0,0,0,0,0,35,0,977,0,0,0,0,0,0,0,0,50251404,0,0,0,0/RP0/CPU0

2020-02-05 01:47:35.848000+00:00,spine3,sg2,obt-collector1,1,228,0,0,0,0,0,0,0,0,0,0,0,0,0,0,0,0,0,0,124,0,0,0,0,112,0,0,0,0,0,0,97,7,0,0,132,0,40219,40195,0,20224,0,40225,40217,0,20256,0,59,178,0,97,0,0,0,0,101057,0,0,0,0,0,0,0,0,219,0,73,0,0,0,0,20701,0,0,0,101550,0,211,0,0/0/CPU0

2020-02-05 01:47:35.850000+00:00,spine3,sg2,obt-collector1,0,355,0,0,0,0,0,0,0,0,0,0,35,0,0,0,0,0,0,0,0,0,0,0,0,1661,0,0,0,0,0,0,0,355,0,0,35,0,0,0,0,0,0,0,0,0,0,0,0,0,0,0,0,0,0,0,44550880,0,0,0,0,0,0,0,0,35,0,977,0,0,0,0,0,0,0,0,50251532,0,0,0,0/RP0/CPU0

2020-02-05 01:47:45.854000+00:00,spine3,sg2,obt-collector1,1,228,0,0,0,0,0,0,0,0,0,0,0,0,0,0,0,0,0,0,124,0,0,0,0,112,0,0,0,0,0,0,97,7,0,0,132,0,40221,40197,0,20226,0,40227,40219,0,20257,0,59,178,0,97,0,0,0,0,101062,0,0,0,0,0,0,0,0,219,0,73,0,0,0,0,20703,0,0,0,101556,0,211,0,0/0/CPU0

2020-02-05 01:47:45.860000+00:00,spine3,sg2,obt-collector1,0,355,0,0,0,0,0,0,0,0,0,0,35,0,0,0,0,0,0,0,0,0,0,0,0,1661,0,0,0,0,0,0,0,355,0,0,35,0,0,0,0,0,0,0,0,0,0,0,0,0,0,0,0,0,0,0,44550950,0,0,0,0,0,0,0,0,35,0,977,0,0,0,0,0,0,0,0,50251660,0,0,0,0/RP0/CPU0

2020-02-05 01:47:55.830000+00:00,spine3,sg2,obt-collector1,1,228,0,0,0,0,0,0,0,0,0,0,0,0,0,0,0,0,0,0,124,0,0,0,0,112,0,0,0,0,0,0,97,7,0,0,132,0,40224,40200,0,20232,0,40230,40222,0,20259,0,59,178,0,97,0,0,0,0,101070,0,0,0,0,0,0,0,0,219,0,73,0,0,0,0,20709,0,0,0,101568,0,211,0,0/0/CPU0

2020-02-05 01:47:55.832000+00:00,spine3,sg2,obt-collector1,0,355,0,0,0,0,0,0,0,0,0,0,35,0,0,0,0,0,0,0,0,0,0,0,0,1661,0,0,0,0,0,0,0,355,0,0,35,0,0,0,0,0,0,0,0,0,0,0,0,0,0,0,0,0,0,0,44551020,0,0,0,0,0,0,0,0,35,0,977,0,0,0,0,0,0,0,0,50251788,0,0,0,0/RP0/CPU0

2020-02-05 01:48:05.849000+00:00,spine3,sg2,obt-collector1,1,228,0,0,0,0,0,0,0,0,0,0,0,0,0,0,0,0,0,0,124,0,0,0,0,112,0,0,0,0,0,0,97,7,0,0,132,0,40226,40207,0,20233,0,40237,40224,0,20260,0,59,178,0,97,0,0,0,0,101080,0,0,0,0,0,0,0,0,219,0,73,0,0,0,0,20710,0,0,0,101578,0,211,0,0/0/CPU0

2020-02-05 01:48:05.852000+00:00,spine3,sg2,obt-collector1,0,355,0,0,0,0,0,0,0,0,0,0,35,0,0,0,0,0,0,0,0,0,0,0,0,1661,0,0,0,0,0,0,0,355,0,0,35,0,0,0,0,0,0,0,0,0,0,0,0,0,0,0,0,0,0,0,44551090,0,0,0,0,0,0,0,0,35,0,977,0,0,0,0,0,0,0,0,50251916,0,0,0,0/RP0/CPU0

2020-02-05 01:48:15.848000+00:00,spine3,sg2,obt-collector1,1,228,0,0,0,0,0,0,0,0,0,0,0,0,0,0,0,0,0,0,124,0,0,0,0,112,0,0,0,0,0,0,97,7,0,0,132,0,40232,40213,0,20234,0,40243,40230,0,20262,0,59,178,0,97,0,0,0,0,101094,0,0,0,0,0,0,0,0,219,0,73,0,0,0,0,20711,0,0,0,101591,0,211,0,0/0/CPU0

2020-02-05 01:48:15.850000+00:00,spine3,sg2,obt-collector1,0,355,0,0,0,0,0,0,0,0,0,0,35,0,0,0,0,0,0,0,0,0,0,0,0,1661,0,0,0,0,0,0,0,355,0,0,35,0,0,0,0,0,0,0,0,0,0,0,0,0,0,0,0,0,0,0,44551160,0,0,0,0,0,0,0,0,35,0,977,0,0,0,0,0,0,0,0,50252044,0,0,0,0/RP0/CPU0

2020-02-05 01:48:25.835000+00:00,spine3,sg2,obt-collector1,1,228,0,0,0,0,0,0,0,0,0,0,0,0,0,0,0,0,0,0,124,0,0,0,0,112,0,0,0,0,0,0,97,7,0,0,132,0,40234,40221,0,20235,0,40251,40232,0,20263,0,59,178,0,97,0,0,0,0,101105,0,0,0,0,0,0,0,0,219,0,73,0,0,0,0,20712,0,0,0,101602,0,211,0,0/0/CPU0

2020-02-05 01:48:25.838000+00:00,spine3,sg2,obt-collector1,0,355,0,0,0,0,0,0,0,0,0,0,35,0,0,0,0,0,0,0,0,0,0,0,0,1661,0,0,0,0,0,0,0,355,0,0,35,0,0,0,0,0,0,0,0,0,0,0,0,0,0,0,0,0,0,0,44551230,0,0,0,0,0,0,0,0,35,0,977,0,0,0,0,0,0,0,0,50252172,0,0,0,0/RP0/CPU0

2020-02-05 01:48:35.825000+00:00,spine3,sg2,obt-collector1,1,228,0,0,0,0,0,0,0,0,0,0,0,0,0,0,0,0,0,0,124,0,0,0,0,112,0,0,0,0,0,0,97,7,0,0,132,0,40241,40223,0,20237,0,40253,40239,0,20265,0,59,178,0,97,0,0,0,0,101116,0,0,0,0,0,0,0,0,219,0,73,0,0,0,0,20714,0,0,0,101613,0,211,0,0/0/CPU0

2020-02-05 01:48:35.827000+00:00,spine3,sg2,obt-collector1,0,355,0,0,0,0,0,0,0,0,0,0,35,0,0,0,0,0,0,0,0,0,0,0,0,1661,0,0,0,0,0,0,0,355,0,0,35,0,0,0,0,0,0,0,0,0,0,0,0,0,0,0,0,0,0,0,44551300,0,0,0,0,0,0,0,0,35,0,977,0,0,0,0,0,0,0,0,50252300,0,0,0,0/RP0/CPU0

2020-02-05 01:48:45.827000+00:00,spine3,sg2,obt-collector1,1,228,0,0,0,0,0,0,0,0,0,0,0,0,0,0,0,0,0,0,124,0,0,0,0,112,0,0,0,0,0,0,97,7,0,0,132,0,40246,40228,0,20239,0,40258,40244,0,20267,0,59,178,0,97,0,0,0,0,101128,0,0,0,0,0,0,0,0,219,0,73,0,0,0,0,20716,0,0,0,101625,0,211,0,0/0/CPU0

2020-02-05 01:48:45.830000+00:00,spine3,sg2,obt-collector1,0,355,0,0,0,0,0,0,0,0,0,0,35,0,0,0,0,0,0,0,0,0,0,0,0,1661,0,0,0,0,0,0,0,355,0,0,35,0,0,0,0,0,0,0,0,0,0,0,0,0,0,0,0,0,0,0,44551370,0,0,0,0,0,0,0,0,35,0,977,0,0,0,0,0,0,0,0,50252428,0,0,0,0/RP0/CPU0

2020-02-05 01:48:55.833000+00:00,spine3,sg2,obt-collector1,1,228,0,0,0,0,0,0,0,0,0,0,0,0,0,0,0,0,0,0,124,0,0,0,0,112,0,0,0,0,0,0,97,7,0,0,132,0,40249,40230,0,20240,0,40260,40247,0,20269,0,59,178,0,97,0,0,0,0,101135,0,0,0,0,0,0,0,0,219,0,73,0,0,0,0,20717,0,0,0,101631,0,211,0,0/0/CPU0

2020-02-05 01:48:55.838000+00:00,spine3,sg2,obt-collector1,0,355,0,0,0,0,0,0,0,0,0,0,35,0,0,0,0,0,0,0,0,0,0,0,0,1661,0,0,0,0,0,0,0,355,0,0,35,0,0,0,0,0,0,0,0,0,0,0,0,0,0,0,0,0,0,0,44551440,0,0,0,0,0,0,0,0,35,0,977,0,0,0,0,0,0,0,0,50252556,0,0,0,0/RP0/CPU0

2020-02-05 01:49:05.845000+00:00,spine3,sg2,obt-collector1,1,228,0,0,0,0,0,0,0,0,0,0,0,0,0,0,0,0,0,0,124,0,0,0,0,112,0,0,0,0,0,0,97,7,0,0,132,0,40253,40233,0,20242,0,40263,40251,0,20271,0,59,178,0,97,0,0,0,0,101144,0,0,0,0,0,0,0,0,219,0,73,0,0,0,0,20719,0,0,0,101640,0,211,0,0/0/CPU0

2020-02-05 01:49:05.847000+00:00,spine3,sg2,obt-collector1,0,355,0,0,0,0,0,0,0,0,0,0,35,0,0,0,0,0,0,0,0,0,0,0,0,1661,0,0,0,0,0,0,0,355,0,0,35,0,0,0,0,0,0,0,0,0,0,0,0,0,0,0,0,0,0,0,44551510,0,0,0,0,0,0,0,0,35,0,977,0,0,0,0,0,0,0,0,50252684,0,0,0,0/RP0/CPU0

2020-02-05 01:49:15.827000+00:00,spine3,sg2,obt-collector1,1,228,0,0,0,0,0,0,0,0,0,0,0,0,0,0,0,0,0,0,124,0,0,0,0,112,0,0,0,0,0,0,97,7,0,0,132,0,40256,40236,0,20243,0,40266,40254,0,20274,0,59,178,0,97,0,0,0,0,101153,0,0,0,0,0,0,0,0,219,0,73,0,0,0,0,20720,0,0,0,101647,0,211,0,0/0/CPU0

2020-02-05 01:49:15.831000+00:00,spine3,sg2,obt-collector1,0,355,0,0,0,0,0,0,0,0,0,0,35,0,0,0,0,0,0,0,0,0,0,0,0,1661,0,0,0,0,0,0,0,355,0,0,35,0,0,0,0,0,0,0,0,0,0,0,0,0,0,0,0,0,0,0,44551580,0,0,0,0,0,0,0,0,35,0,977,0,0,0,0,0,0,0,0,50252812,0,0,0,0/RP0/CPU0

2020-02-05 01:49:25.854000+00:00,spine3,sg2,obt-collector1,1,228,0,0,0,0,0,0,0,0,0,0,0,0,0,0,0,0,0,0,124,0,0,0,0,112,0,0,0,0,0,0,97,7,0,0,132,0,40257,40238,0,20244,0,40268,40255,0,20277,0,59,178,0,97,0,0,0,0,101159,0,0,0,0,0,0,0,0,219,0,73,0,0,0,0,20721,0,0,0,101651,0,211,0,0/0/CPU0

2020-02-05 01:49:25.858000+00:00,spine3,sg2,obt-collector1,0,355,0,0,0,0,0,0,0,0,0,0,35,0,0,0,0,0,0,0,0,0,0,0,0,1661,0,0,0,0,0,0,0,355,0,0,35,0,0,0,0,0,0,0,0,0,0,0,0,0,0,0,0,0,0,0,44551650,0,0,0,0,0,0,0,0,35,0,977,0,0,0,0,0,0,0,0,50252940,0,0,0,0/RP0/CPU0

2020-02-05 01:49:35.808000+00:00,spine3,sg2,obt-collector1,1,228,0,0,0,0,0,0,0,0,0,0,0,0,0,0,0,0,0,0,124,0,0,0,0,112,0,0,0,0,0,0,97,7,0,0,132,0,40261,40240,0,20244,0,40270,40259,0,20278,0,59,178,0,97,0,0,0,0,101166,0,0,0,0,0,0,0,0,219,0,73,0,0,0,0,20721,0,0,0,101657,0,211,0,0/0/CPU0

2020-02-05 01:49:35.811000+00:00,spine3,sg2,obt-collector1,0,355,0,0,0,0,0,0,0,0,0,0,35,0,0,0,0,0,0,0,0,0,0,0,0,1661,0,0,0,0,0,0,0,355,0,0,35,0,0,0,0,0,0,0,0,0,0,0,0,0,0,0,0,0,0,0,44551720,0,0,0,0,0,0,0,0,35,0,977,0,0,0,0,0,0,0,0,50253068,0,0,0,0/RP0/CPU0

2020-02-05 01:49:45.848000+00:00,spine3,sg2,obt-collector1,1,228,0,0,0,0,0,0,0,0,0,0,0,0,0,0,0,0,0,0,124,0,0,0,0,112,0,0,0,0,0,0,97,7,0,0,132,0,40264,40242,0,20248,0,40272,40262,0,20279,0,59,178,0,97,0,0,0,0,101172,0,0,0,0,0,0,0,0,219,0,73,0,0,0,0,20725,0,0,0,101666,0,211,0,0/0/CPU0

2020-02-05 01:49:45.850000+00:00,spine3,sg2,obt-collector1,0,355,0,0,0,0,0,0,0,0,0,0,35,0,0,0,0,0,0,0,0,0,0,0,0,1661,0,0,0,0,0,0,0,355,0,0,35,0,0,0,0,0,0,0,0,0,0,0,0,0,0,0,0,0,0,0,44551794,0,0,0,0,0,0,0,0,35,0,977,0,0,0,0,0,0,0,0,50253196,0,0,0,0/RP0/CPU0

2020-02-05 01:49:55.851000+00:00,spine3,sg2,obt-collector1,1,228,0,0,0,0,0,0,0,0,0,0,0,0,0,0,0,0,0,0,124,0,0,0,0,112,0,0,0,0,0,0,97,7,0,0,132,0,40269,40243,0,20249,0,40273,40267,0,20279,0,59,178,0,97,0,0,0,0,101178,0,0,0,0,0,0,0,0,219,0,73,0,0,0,0,20726,0,0,0,101673,0,211,0,0/0/CPU0

2020-02-05 01:49:55.854000+00:00,spine3,sg2,obt-collector1,0,355,0,0,0,0,0,0,0,0,0,0,35,0,0,0,0,0,0,0,0,0,0,0,0,1661,0,0,0,0,0,0,0,355,0,0,35,0,0,0,0,0,0,0,0,0,0,0,0,0,0,0,0,0,0,0,44551864,0,0,0,0,0,0,0,0,35,0,977,0,0,0,0,0,0,0,0,50253324,0,0,0,0/RP0/CPU0

2020-02-05 01:50:05.892000+00:00,spine3,sg2,obt-collector1,1,228,0,0,0,0,0,0,0,0,0,0,0,0,0,0,0,0,0,0,124,0,0,0,0,112,0,0,0,0,0,0,97,7,0,0,132,0,40271,40246,0,20251,0,40276,40269,0,20282,0,59,178,0,97,0,0,0,0,101186,0,0,0,0,0,0,0,0,219,0,73,0,0,0,0,20728,0,0,0,101680,0,211,0,0/0/CPU0

2020-02-05 01:50:05.894000+00:00,spine3,sg2,obt-collector1,0,355,0,0,0,0,0,0,0,0,0,0,35,0,0,0,0,0,0,0,0,0,0,0,0,1661,0,0,0,0,0,0,0,355,0,0,35,0,0,0,0,0,0,0,0,0,0,0,0,0,0,0,0,0,0,0,44551934,0,0,0,0,0,0,0,0,35,0,977,0,0,0,0,0,0,0,0,50253452,0,0,0,0/RP0/CPU0

2020-02-05 01:50:15.872000+00:00,spine3,sg2,obt-collector1,1,228,0,0,0,0,0,0,0,0,0,0,0,0,0,0,0,0,0,0,124,0,0,0,0,112,0,0,0,0,0,0,97,7,0,0,132,0,40277,40250,0,20254,0,40280,40275,0,20286,0,59,178,0,97,0,0,0,0,101200,0,0,0,0,0,0,0,0,219,0,73,0,0,0,0,20731,0,0,0,101693,0,211,0,0/0/CPU0

2020-02-05 01:50:15.874000+00:00,spine3,sg2,obt-collector1,0,355,0,0,0,0,0,0,0,0,0,0,35,0,0,0,0,0,0,0,0,0,0,0,0,1661,0,0,0,0,0,0,0,355,0,0,35,0,0,0,0,0,0,0,0,0,0,0,0,0,0,0,0,0,0,0,44552004,0,0,0,0,0,0,0,0,35,0,977,0,0,0,0,0,0,0,0,50253580,0,0,0,0/RP0/CPU0

2020-02-05 01:50:25.861000+00:00,spine3,sg2,obt-collector1,1,228,0,0,0,0,0,0,0,0,0,0,0,0,0,0,0,0,0,0,124,0,0,0,0,112,0,0,0,0,0,0,97,7,0,0,132,0,40278,40255,0,20255,0,40285,40276,0,20287,0,59,178,0,97,0,0,0,0,101207,0,0,0,0,0,0,0,0,219,0,73,0,0,0,0,20732,0,0,0,101700,0,211,0,0/0/CPU0

2020-02-05 01:50:25.863000+00:00,spine3,sg2,obt-collector1,0,355,0,0,0,0,0,0,0,0,0,0,35,0,0,0,0,0,0,0,0,0,0,0,0,1661,0,0,0,0,0,0,0,355,0,0,35,0,0,0,0,0,0,0,0,0,0,0,0,0,0,0,0,0,0,0,44552074,0,0,0,0,0,0,0,0,35,0,977,0,0,0,0,0,0,0,0,50253708,0,0,0,0/RP0/CPU0

2020-02-05 01:50:35.857000+00:00,spine3,sg2,obt-collector1,1,228,0,0,0,0,0,0,0,0,0,0,0,0,0,0,0,0,0,0,124,0,0,0,0,112,0,0,0,0,0,0,97,7,0,0,132,0,40283,40259,0,20257,0,40289,40281,0,20288,0,59,178,0,97,0,0,0,0,101217,0,0,0,0,0,0,0,0,219,0,73,0,0,0,0,20734,0,0,0,101711,0,211,0,0/0/CPU0

2020-02-05 01:50:35.862000+00:00,spine3,sg2,obt-collector1,0,355,0,0,0,0,0,0,0,0,0,0,35,0,0,0,0,0,0,0,0,0,0,0,0,1661,0,0,0,0,0,0,0,355,0,0,35,0,0,0,0,0,0,0,0,0,0,0,0,0,0,0,0,0,0,0,44552142,0,0,0,0,0,0,0,0,35,0,977,0,0,0,0,0,0,0,0,50253841,0,0,0,0/RP0/CPU0

2020-02-05 01:50:45.877000+00:00,spine3,sg2,obt-collector1,1,228,0,0,0,0,0,0,0,0,0,0,0,0,0,0,0,0,0,0,124,0,0,0,0,112,0,0,0,0,0,0,97,7,0,0,132,0,40285,40260,0,20261,0,40290,40283,0,20288,0,59,178,0,97,0,0,0,0,101220,0,0,0,0,0,0,0,0,219,0,73,0,0,0,0,20738,0,0,0,101718,0,211,0,0/0/CPU0

2020-02-05 01:50:45.879000+00:00,spine3,sg2,obt-collector1,0,355,0,0,0,0,0,0,0,0,0,0,35,0,0,0,0,0,0,0,0,0,0,0,0,1661,0,0,0,0,0,0,0,355,0,0,35,0,0,0,0,0,0,0,0,0,0,0,0,0,0,0,0,0,0,0,44552206,0,0,0,0,0,0,0,0,35,0,977,0,0,0,0,0,0,0,0,50253969,0,0,0,0/RP0/CPU0

2020-02-05 01:50:55.858000+00:00,spine3,sg2,obt-collector1,1,228,0,0,0,0,0,0,0,0,0,0,0,0,0,0,0,0,0,0,124,0,0,0,0,112,0,0,0,0,0,0,97,7,0,0,132,0,40288,40264,0,20262,0,40294,40286,0,20289,0,59,178,0,97,0,0,0,0,101228,0,0,0,0,0,0,0,0,219,0,73,0,0,0,0,20739,0,0,0,101726,0,211,0,0/0/CPU0

2020-02-05 01:50:55.861000+00:00,spine3,sg2,obt-collector1,0,355,0,0,0,0,0,0,0,0,0,0,35,0,0,0,0,0,0,0,0,0,0,0,0,1661,0,0,0,0,0,0,0,355,0,0,35,0,0,0,0,0,0,0,0,0,0,0,0,0,0,0,0,0,0,0,44552270,0,0,0,0,0,0,0,0,35,0,977,0,0,0,0,0,0,0,0,50254097,0,0,0,0/RP0/CPU0

2020-02-05 01:51:05.869000+00:00,spine3,sg2,obt-collector1,1,228,0,0,0,0,0,0,0,0,0,0,0,0,0,0,0,0,0,0,124,0,0,0,0,112,0,0,0,0,0,0,97,7,0,0,132,0,40289,40272,0,20264,0,40302,40287,0,20293,0,59,178,0,97,0,0,0,0,101241,0,0,0,0,0,0,0,0,219,0,73,0,0,0,0,20741,0,0,0,101737,0,211,0,0/0/CPU0

2020-02-05 01:51:05.871000+00:00,spine3,sg2,obt-collector1,0,355,0,0,0,0,0,0,0,0,0,0,35,0,0,0,0,0,0,0,0,0,0,0,0,1661,0,0,0,0,0,0,0,355,0,0,35,0,0,0,0,0,0,0,0,0,0,0,0,0,0,0,0,0,0,0,44552346,0,0,0,0,0,0,0,0,35,0,977,0,0,0,0,0,0,0,0,50254225,0,0,0,0/RP0/CPU0

2020-02-05 01:51:15.848000+00:00,spine3,sg2,obt-collector1,1,228,0,0,0,0,0,0,0,0,0,0,0,0,0,0,0,0,0,0,124,0,0,0,0,112,0,0,0,0,0,0,97,7,0,0,132,0,40294,40276,0,20266,0,40306,40292,0,20294,0,59,178,0,97,0,0,0,0,101251,0,0,0,0,0,0,0,0,219,0,73,0,0,0,0,20743,0,0,0,101748,0,211,0,0/0/CPU0

2020-02-05 01:51:15.852000+00:00,spine3,sg2,obt-collector1,0,355,0,0,0,0,0,0,0,0,0,0,35,0,0,0,0,0,0,0,0,0,0,0,0,1661,0,0,0,0,0,0,0,355,0,0,35,0,0,0,0,0,0,0,0,0,0,0,0,0,0,0,0,0,0,0,44552410,0,0,0,0,0,0,0,0,35,0,977,0,0,0,0,0,0,0,0,50254353,0,0,0,0/RP0/CPU0

2020-02-05 01:51:25.856000+00:00,spine3,sg2,obt-collector1,1,228,0,0,0,0,0,0,0,0,0,0,0,0,0,0,0,0,0,0,124,0,0,0,0,112,0,0,0,0,0,0,97,7,0,0,132,0,40297,40282,0,20267,0,40312,40295,0,20295,0,59,178,0,97,0,0,0,0,101261,0,0,0,0,0,0,0,0,219,0,73,0,0,0,0,20744,0,0,0,101758,0,211,0,0/0/CPU0

2020-02-05 01:51:25.859000+00:00,spine3,sg2,obt-collector1,0,355,0,0,0,0,0,0,0,0,0,0,35,0,0,0,0,0,0,0,0,0,0,0,0,1661,0,0,0,0,0,0,0,355,0,0,35,0,0,0,0,0,0,0,0,0,0,0,0,0,0,0,0,0,0,0,44552474,0,0,0,0,0,0,0,0,35,0,977,0,0,0,0,0,0,0,0,50254481,0,0,0,0/RP0/CPU0

2020-02-05 01:51:35.827000+00:00,spine3,sg2,obt-collector1,1,228,0,0,0,0,0,0,0,0,0,0,0,0,0,0,0,0,0,0,124,0,0,0,0,112,0,0,0,0,0,0,97,7,0,0,132,0,40305,40287,0,20269,0,40317,40303,0,20298,0,59,178,0,97,0,0,0,0,101277,0,0,0,0,0,0,0,0,219,0,73,0,0,0,0,20746,0,0,0,101773,0,211,0,0/0/CPU0

2020-02-05 01:51:35.830000+00:00,spine3,sg2,obt-collector1,0,355,0,0,0,0,0,0,0,0,0,0,35,0,0,0,0,0,0,0,0,0,0,0,0,1661,0,0,0,0,0,0,0,355,0,0,35,0,0,0,0,0,0,0,0,0,0,0,0,0,0,0,0,0,0,0,44552547,0,0,0,0,0,0,0,0,35,0,977,0,0,0,0,0,0,0,0,50254609,0,0,0,0/RP0/CPU0

2020-02-05 01:51:45.839000+00:00,spine3,sg2,obt-collector1,1,228,0,0,0,0,0,0,0,0,0,0,0,0,0,0,0,0,0,0,124,0,0,0,0,112,0,0,0,0,0,0,97,7,0,0,132,0,40310,40290,0,20272,0,40320,40308,0,20300,0,59,178,0,97,0,0,0,0,101287,0,0,0,0,0,0,0,0,219,0,73,0,0,0,0,20749,0,0,0,101784,0,211,0,0/0/CPU0

2020-02-05 01:51:45.842000+00:00,spine3,sg2,obt-collector1,0,355,0,0,0,0,0,0,0,0,0,0,35,0,0,0,0,0,0,0,0,0,0,0,0,1661,0,0,0,0,0,0,0,355,0,0,35,0,0,0,0,0,0,0,0,0,0,0,0,0,0,0,0,0,0,0,44552612,0,0,0,0,0,0,0,0,35,0,977,0,0,0,0,0,0,0,0,50254737,0,0,0,0/RP0/CPU0

2020-02-05 01:51:55.833000+00:00,spine3,sg2,obt-collector1,1,228,0,0,0,0,0,0,0,0,0,0,0,0,0,0,0,0,0,0,124,0,0,0,0,112,0,0,0,0,0,0,97,7,0,0,132,0,40314,40292,0,20275,0,40322,40312,0,20302,0,59,178,0,97,0,0,0,0,101295,0,0,0,0,0,0,0,0,219,0,73,0,0,0,0,20752,0,0,0,101793,0,211,0,0/0/CPU0

2020-02-05 01:51:55.835000+00:00,spine3,sg2,obt-collector1,0,355,0,0,0,0,0,0,0,0,0,0,35,0,0,0,0,0,0,0,0,0,0,0,0,1661,0,0,0,0,0,0,0,355,0,0,35,0,0,0,0,0,0,0,0,0,0,0,0,0,0,0,0,0,0,0,44552676,0,0,0,0,0,0,0,0,35,0,977,0,0,0,0,0,0,0,0,50254865,0,0,0,0/RP0/CPU0

2020-02-05 01:52:05.833000+00:00,spine3,sg2,obt-collector1,1,228,0,0,0,0,0,0,0,0,0,0,0,0,0,0,0,0,0,0,124,0,0,0,0,112,0,0,0,0,0,0,97,7,0,0,132,0,40318,40297,0,20275,0,40327,40316,0,20302,0,59,178,0,97,0,0,0,0,101304,0,0,0,0,0,0,0,0,219,0,73,0,0,0,0,20752,0,0,0,101802,0,211,0,0/0/CPU0

2020-02-05 01:52:05.835000+00:00,spine3,sg2,obt-collector1,0,355,0,0,0,0,0,0,0,0,0,0,35,0,0,0,0,0,0,0,0,0,0,0,0,1661,0,0,0,0,0,0,0,355,0,0,35,0,0,0,0,0,0,0,0,0,0,0,0,0,0,0,0,0,0,0,44552756,0,0,0,0,0,0,0,0,35,0,977,0,0,0,0,0,0,0,0,50254993,0,0,0,0/RP0/CPU0

2020-02-05 01:52:15.861000+00:00,spine3,sg2,obt-collector1,1,228,0,0,0,0,0,0,0,0,0,0,0,0,0,0,0,0,0,0,124,0,0,0,0,112,0,0,0,0,0,0,97,7,0,0,132,0,40320,40299,0,20275,0,40329,40318,0,20307,0,59,178,0,97,0,0,0,0,101313,0,0,0,0,0,0,0,0,219,0,73,0,0,0,0,20752,0,0,0,101806,0,211,0,0/0/CPU0

2020-02-05 01:52:15.864000+00:00,spine3,sg2,obt-collector1,0,355,0,0,0,0,0,0,0,0,0,0,35,0,0,0,0,0,0,0,0,0,0,0,0,1661,0,0,0,0,0,0,0,355,0,0,35,0,0,0,0,0,0,0,0,0,0,0,0,0,0,0,0,0,0,0,44552820,0,0,0,0,0,0,0,0,35,0,977,0,0,0,0,0,0,0,0,50255121,0,0,0,0/RP0/CPU0

2020-02-05 01:52:25.804000+00:00,spine3,sg2,obt-collector1,1,228,0,0,0,0,0,0,0,0,0,0,0,0,0,0,0,0,0,0,124,0,0,0,0,112,0,0,0,0,0,0,97,7,0,0,132,0,40321,40302,0,20276,0,40332,40319,0,20309,0,59,178,0,97,0,0,0,0,101319,0,0,0,0,0,0,0,0,219,0,73,0,0,0,0,20753,0,0,0,101811,0,211,0,0/0/CPU0

2020-02-05 01:52:25.806000+00:00,spine3,sg2,obt-collector1,0,355,0,0,0,0,0,0,0,0,0,0,35,0,0,0,0,0,0,0,0,0,0,0,0,1661,0,0,0,0,0,0,0,355,0,0,35,0,0,0,0,0,0,0,0,0,0,0,0,0,0,0,0,0,0,0,44552884,0,0,0,0,0,0,0,0,35,0,977,0,0,0,0,0,0,0,0,50255249,0,0,0,0/RP0/CPU0

2020-02-05 01:52:35.824000+00:00,spine3,sg2,obt-collector1,1,228,0,0,0,0,0,0,0,0,0,0,0,0,0,0,0,0,0,0,124,0,0,0,0,112,0,0,0,0,0,0,97,7,0,0,132,0,40325,40303,0,20279,0,40333,40323,0,20309,0,59,178,0,97,0,0,0,0,101324,0,0,0,0,0,0,0,0,219,0,73,0,0,0,0,20756,0,0,0,101819,0,211,0,0/0/CPU0

2020-02-05 01:52:35.827000+00:00,spine3,sg2,obt-collector1,0,355,0,0,0,0,0,0,0,0,0,0,35,0,0,0,0,0,0,0,0,0,0,0,0,1661,0,0,0,0,0,0,0,355,0,0,35,0,0,0,0,0,0,0,0,0,0,0,0,0,0,0,0,0,0,0,44552960,0,0,0,0,0,0,0,0,35,0,977,0,0,0,0,0,0,0,0,50255371,0,0,0,0/RP0/CPU0

2020-02-05 01:52:45.830000+00:00,spine3,sg2,obt-collector1,1,228,0,0,0,0,0,0,0,0,0,0,0,0,0,0,0,0,0,0,124,0,0,0,0,112,0,0,0,0,0,0,97,7,0,0,132,0,40328,40307,0,20279,0,40337,40326,0,20311,0,59,178,0,97,0,0,0,0,101333,0,0,0,0,0,0,0,0,219,0,73,0,0,0,0,20756,0,0,0,101826,0,211,0,0/0/CPU0

2020-02-05 01:52:45.833000+00:00,spine3,sg2,obt-collector1,0,355,0,0,0,0,0,0,0,0,0,0,35,0,0,0,0,0,0,0,0,0,0,0,0,1661,0,0,0,0,0,0,0,355,0,0,35,0,0,0,0,0,0,0,0,0,0,0,0,0,0,0,0,0,0,0,44553032,0,0,0,0,0,0,0,0,35,0,977,0,0,0,0,0,0,0,0,50255491,0,0,0,0/RP0/CPU0

2020-02-05 01:52:55.866000+00:00,spine3,sg2,obt-collector1,1,228,0,0,0,0,0,0,0,0,0,0,0,0,0,0,0,0,0,0,124,0,0,0,0,112,0,0,0,0,0,0,97,7,0,0,132,0,40331,40307,0,20281,0,40337,40329,0,20313,0,59,178,0,97,0,0,0,0,101338,0,0,0,0,0,0,0,0,219,0,73,0,0,0,0,20758,0,0,0,101831,0,211,0,0/0/CPU0

2020-02-05 01:52:55.869000+00:00,spine3,sg2,obt-collector1,0,355,0,0,0,0,0,0,0,0,0,0,35,0,0,0,0,0,0,0,0,0,0,0,0,1661,0,0,0,0,0,0,0,355,0,0,35,0,0,0,0,0,0,0,0,0,0,0,0,0,0,0,0,0,0,0,44553104,0,0,0,0,0,0,0,0,35,0,977,0,0,0,0,0,0,0,0,50255611,0,0,0,0/RP0/CPU0

2020-02-05 01:53:05.818000+00:00,spine3,sg2,obt-collector1,1,228,0,0,0,0,0,0,0,0,0,0,0,0,0,0,0,0,0,0,124,0,0,0,0,112,0,0,0,0,0,0,97,7,0,0,132,0,40334,40309,0,20283,0,40339,40332,0,20315,0,59,178,0,97,0,0,0,0,101345,0,0,0,0,0,0,0,0,219,0,73,0,0,0,0,20760,0,0,0,101838,0,211,0,0/0/CPU0

2020-02-05 01:53:05.821000+00:00,spine3,sg2,obt-collector1,0,355,0,0,0,0,0,0,0,0,0,0,35,0,0,0,0,0,0,0,0,0,0,0,0,1661,0,0,0,0,0,0,0,355,0,0,35,0,0,0,0,0,0,0,0,0,0,0,0,0,0,0,0,0,0,0,44553182,0,0,0,0,0,0,0,0,35,0,977,0,0,0,0,0,0,0,0,50255731,0,0,0,0/RP0/CPU0

2020-02-05 01:53:15.835000+00:00,spine3,sg2,obt-collector1,1,228,0,0,0,0,0,0,0,0,0,0,0,0,0,0,0,0,0,0,124,0,0,0,0,112,0,0,0,0,0,0,97,7,0,0,132,0,40340,40313,0,20285,0,40343,40338,0,20318,0,59,178,0,97,0,0,0,0,101358,0,0,0,0,0,0,0,0,219,0,73,0,0,0,0,20762,0,0,0,101850,0,211,0,0/0/CPU0

2020-02-05 01:53:15.837000+00:00,spine3,sg2,obt-collector1,0,355,0,0,0,0,0,0,0,0,0,0,35,0,0,0,0,0,0,0,0,0,0,0,0,1661,0,0,0,0,0,0,0,355,0,0,35,0,0,0,0,0,0,0,0,0,0,0,0,0,0,0,0,0,0,0,44553255,0,0,0,0,0,0,0,0,35,0,977,0,0,0,0,0,0,0,0,50255851,0,0,0,0/RP0/CPU0

2020-02-05 01:53:25.865000+00:00,spine3,sg2,obt-collector1,1,228,0,0,0,0,0,0,0,0,0,0,0,0,0,0,0,0,0,0,124,0,0,0,0,112,0,0,0,0,0,0,97,7,0,0,132,0,40343,40318,0,20288,0,40348,40341,0,20319,0,59,178,0,97,0,0,0,0,101367,0,0,0,0,0,0,0,0,219,0,73,0,0,0,0,20765,0,0,0,101861,0,211,0,0/0/CPU0

2020-02-05 01:53:25.868000+00:00,spine3,sg2,obt-collector1,0,355,0,0,0,0,0,0,0,0,0,0,35,0,0,0,0,0,0,0,0,0,0,0,0,1661,0,0,0,0,0,0,0,355,0,0,35,0,0,0,0,0,0,0,0,0,0,0,0,0,0,0,0,0,0,0,44553329,0,0,0,0,0,0,0,0,35,0,977,0,0,0,0,0,0,0,0,50255971,0,0,0,0/RP0/CPU0

2020-02-05 01:53:35.828000+00:00,spine3,sg2,obt-collector1,1,228,0,0,0,0,0,0,0,0,0,0,0,0,0,0,0,0,0,0,124,0,0,0,0,112,0,0,0,0,0,0,97,7,0,0,132,0,40346,40322,0,20291,0,40352,40344,0,20320,0,59,178,0,97,0,0,0,0,101375,0,0,0,0,0,0,0,0,219,0,73,0,0,0,0,20768,0,0,0,101871,0,211,0,0/0/CPU0

2020-02-05 01:53:35.830000+00:00,spine3,sg2,obt-collector1,0,355,0,0,0,0,0,0,0,0,0,0,35,0,0,0,0,0,0,0,0,0,0,0,0,1661,0,0,0,0,0,0,0,355,0,0,35,0,0,0,0,0,0,0,0,0,0,0,0,0,0,0,0,0,0,0,44553413,0,0,0,0,0,0,0,0,35,0,977,0,0,0,0,0,0,0,0,50256095,0,0,0,0/RP0/CPU0

2020-02-05 01:53:45.841000+00:00,spine3,sg2,obt-collector1,1,228,0,0,0,0,0,0,0,0,0,0,0,0,0,0,0,0,0,0,124,0,0,0,0,112,0,0,0,0,0,0,97,7,0,0,132,0,40349,40324,0,20292,0,40354,40347,0,20322,0,59,178,0,97,0,0,0,0,101382,0,0,0,0,0,0,0,0,219,0,73,0,0,0,0,20769,0,0,0,101877,0,211,0,0/0/CPU0

2020-02-05 01:53:45.843000+00:00,spine3,sg2,obt-collector1,0,355,0,0,0,0,0,0,0,0,0,0,35,0,0,0,0,0,0,0,0,0,0,0,0,1661,0,0,0,0,0,0,0,355,0,0,35,0,0,0,0,0,0,0,0,0,0,0,0,0,0,0,0,0,0,0,44553485,0,0,0,0,0,0,0,0,35,0,977,0,0,0,0,0,0,0,0,50256215,0,0,0,0/RP0/CPU0

2020-02-05 01:53:55.849000+00:00,spine3,sg2,obt-collector1,1,228,0,0,0,0,0,0,0,0,0,0,0,0,0,0,0,0,0,0,124,0,0,0,0,112,0,0,0,0,0,0,97,7,0,0,132,0,40352,40327,0,20294,0,40357,40350,0,20322,0,59,178,0,97,0,0,0,0,101388,0,0,0,0,0,0,0,0,219,0,73,0,0,0,0,20771,0,0,0,101885,0,211,0,0/0/CPU0

2020-02-05 01:53:55.852000+00:00,spine3,sg2,obt-collector1,0,355,0,0,0,0,0,0,0,0,0,0,35,0,0,0,0,0,0,0,0,0,0,0,0,1661,0,0,0,0,0,0,0,355,0,0,35,0,0,0,0,0,0,0,0,0,0,0,0,0,0,0,0,0,0,0,44553557,0,0,0,0,0,0,0,0,35,0,977,0,0,0,0,0,0,0,0,50256335,0,0,0,0/RP0/CPU0

2020-02-05 01:54:05.830000+00:00,spine3,sg2,obt-collector1,1,228,0,0,0,0,0,0,0,0,0,0,0,0,0,0,0,0,0,0,124,0,0,0,0,112,0,0,0,0,0,0,97,7,0,0,132,0,40353,40333,0,20296,0,40363,40351,0,20323,0,59,178,0,97,0,0,0,0,101396,0,0,0,0,0,0,0,0,219,0,73,0,0,0,0,20773,0,0,0,101894,0,211,0,0/0/CPU0

2020-02-05 01:54:05.833000+00:00,spine3,sg2,obt-collector1,0,355,0,0,0,0,0,0,0,0,0,0,35,0,0,0,0,0,0,0,0,0,0,0,0,1661,0,0,0,0,0,0,0,355,0,0,35,0,0,0,0,0,0,0,0,0,0,0,0,0,0,0,0,0,0,0,44553646,0,0,0,0,0,0,0,0,35,0,977,0,0,0,0,0,0,0,0,50256455,0,0,0,0/RP0/CPU0

2020-02-05 01:54:15.817000+00:00,spine3,sg2,obt-collector1,1,228,0,0,0,0,0,0,0,0,0,0,0,0,0,0,0,0,0,0,124,0,0,0,0,112,0,0,0,0,0,0,97,7,0,0,132,0,40359,40340,0,20297,0,40370,40357,0,20325,0,59,178,0,97,0,0,0,0,101411,0,0,0,0,0,0,0,0,219,0,73,0,0,0,0,20774,0,0,0,101908,0,211,0,0/0/CPU0

2020-02-05 01:54:15.819000+00:00,spine3,sg2,obt-collector1,0,355,0,0,0,0,0,0,0,0,0,0,35,0,0,0,0,0,0,0,0,0,0,0,0,1661,0,0,0,0,0,0,0,355,0,0,35,0,0,0,0,0,0,0,0,0,0,0,0,0,0,0,0,0,0,0,44553718,0,0,0,0,0,0,0,0,35,0,977,0,0,0,0,0,0,0,0,50256575,0,0,0,0/RP0/CPU0

2020-02-05 01:54:25.862000+00:00,spine3,sg2,obt-collector1,1,228,0,0,0,0,0,0,0,0,0,0,0,0,0,0,0,0,0,0,124,0,0,0,0,112,0,0,0,0,0,0,97,7,0,0,132,0,40363,40347,0,20302,0,40377,40361,0,20327,0,59,178,0,97,0,0,0,0,101424,0,0,0,0,0,0,0,0,219,0,73,0,0,0,0,20779,0,0,0,101924,0,211,0,0/0/CPU0

2020-02-05 01:54:25.865000+00:00,spine3,sg2,obt-collector1,0,355,0,0,0,0,0,0,0,0,0,0,35,0,0,0,0,0,0,0,0,0,0,0,0,1661,0,0,0,0,0,0,0,355,0,0,35,0,0,0,0,0,0,0,0,0,0,0,0,0,0,0,0,0,0,0,44553790,0,0,0,0,0,0,0,0,35,0,977,0,0,0,0,0,0,0,0,50256695,0,0,0,0/RP0/CPU0

2020-02-05 01:54:35.847000+00:00,spine3,sg2,obt-collector1,1,228,0,0,0,0,0,0,0,0,0,0,0,0,0,0,0,0,0,0,124,0,0,0,0,112,0,0,0,0,0,0,97,7,0,0,132,0,40367,40352,0,20304,0,40382,40365,0,20330,0,59,178,0,97,0,0,0,0,101436,0,0,0,0,0,0,0,0,219,0,73,0,0,0,0,20781,0,0,0,101935,0,211,0,0/0/CPU0

2020-02-05 01:54:35.851000+00:00,spine3,sg2,obt-collector1,0,355,0,0,0,0,0,0,0,0,0,0,35,0,0,0,0,0,0,0,0,0,0,0,0,1661,0,0,0,0,0,0,0,355,0,0,35,0,0,0,0,0,0,0,0,0,0,0,0,0,0,0,0,0,0,0,44553878,0,0,0,0,0,0,0,0,35,0,977,0,0,0,0,0,0,0,0,50256815,0,0,0,0/RP0/CPU0

2020-02-05 01:54:45.853000+00:00,spine3,sg2,obt-collector1,1,228,0,0,0,0,0,0,0,0,0,0,0,0,0,0,0,0,0,0,124,0,0,0,0,112,0,0,0,0,0,0,97,7,0,0,132,0,40373,40356,0,20305,0,40386,40371,0,20331,0,59,178,0,97,0,0,0,0,101447,0,0,0,0,0,0,0,0,219,0,73,0,0,0,0,20782,0,0,0,101946,0,211,0,0/0/CPU0

2020-02-05 01:54:45.855000+00:00,spine3,sg2,obt-collector1,0,355,0,0,0,0,0,0,0,0,0,0,35,0,0,0,0,0,0,0,0,0,0,0,0,1661,0,0,0,0,0,0,0,355,0,0,35,0,0,0,0,0,0,0,0,0,0,0,0,0,0,0,0,0,0,0,44553950,0,0,0,0,0,0,0,0,35,0,977,0,0,0,0,0,0,0,0,50256935,0,0,0,0/RP0/CPU0

2020-02-05 01:54:55.855000+00:00,spine3,sg2,obt-collector1,1,228,0,0,0,0,0,0,0,0,0,0,0,0,0,0,0,0,0,0,124,0,0,0,0,112,0,0,0,0,0,0,97,7,0,0,132,0,40376,40356,0,20305,0,40386,40374,0,20334,0,59,178,0,97,0,0,0,0,101453,0,0,0,0,0,0,0,0,219,0,73,0,0,0,0,20782,0,0,0,101949,0,211,0,0/0/CPU0

2020-02-05 01:54:55.867000+00:00,spine3,sg2,obt-collector1,0,355,0,0,0,0,0,0,0,0,0,0,35,0,0,0,0,0,0,0,0,0,0,0,0,1661,0,0,0,0,0,0,0,355,0,0,35,0,0,0,0,0,0,0,0,0,0,0,0,0,0,0,0,0,0,0,44554022,0,0,0,0,0,0,0,0,35,0,977,0,0,0,0,0,0,0,0,50257055,0,0,0,0/RP0/CPU0

2020-02-05 01:55:05.830000+00:00,spine3,sg2,obt-collector1,1,228,0,0,0,0,0,0,0,0,0,0,0,0,0,0,0,0,0,0,124,0,0,0,0,112,0,0,0,0,0,0,97,7,0,0,132,0,40381,40360,0,20306,0,40390,40379,0,20336,0,59,178,0,97,0,0,0,0,101464,0,0,0,0,0,0,0,0,219,0,73,0,0,0,0,20783,0,0,0,101959,0,211,0,0/0/CPU0

2020-02-05 01:55:05.833000+00:00,spine3,sg2,obt-collector1,0,355,0,0,0,0,0,0,0,0,0,0,35,0,0,0,0,0,0,0,0,0,0,0,0,1661,0,0,0,0,0,0,0,355,0,0,35,0,0,0,0,0,0,0,0,0,0,0,0,0,0,0,0,0,0,0,44554102,0,0,0,0,0,0,0,0,35,0,977,0,0,0,0,0,0,0,0,50257175,0,0,0,0/RP0/CPU0

2020-02-05 01:55:15.878000+00:00,spine3,sg2,obt-collector1,1,228,0,0,0,0,0,0,0,0,0,0,0,0,0,0,0,0,0,0,124,0,0,0,0,112,0,0,0,0,0,0,97,7,0,0,132,0,40384,40363,0,20308,0,40393,40382,0,20339,0,59,178,0,97,0,0,0,0,101473,0,0,0,0,0,0,0,0,219,0,73,0,0,0,0,20785,0,0,0,101967,0,211,0,0/0/CPU0

2020-02-05 01:55:15.884000+00:00,spine3,sg2,obt-collector1,0,355,0,0,0,0,0,0,0,0,0,0,35,0,0,0,0,0,0,0,0,0,0,0,0,1661,0,0,0,0,0,0,0,355,0,0,35,0,0,0,0,0,0,0,0,0,0,0,0,0,0,0,0,0,0,0,44554174,0,0,0,0,0,0,0,0,35,0,977,0,0,0,0,0,0,0,0,50257295,0,0,0,0/RP0/CPU0

2020-02-05 01:55:25.852000+00:00,spine3,sg2,obt-collector1,1,228,0,0,0,0,0,0,0,0,0,0,0,0,0,0,0,0,0,0,124,0,0,0,0,112,0,0,0,0,0,0,97,7,0,0,132,0,40385,40366,0,20309,0,40396,40383,0,20339,0,59,178,0,97,0,0,0,0,101477,0,0,0,0,0,0,0,0,219,0,73,0,0,0,0,20786,0,0,0,101972,0,211,0,0/0/CPU0

2020-02-05 01:55:25.854000+00:00,spine3,sg2,obt-collector1,0,355,0,0,0,0,0,0,0,0,0,0,35,0,0,0,0,0,0,0,0,0,0,0,0,1661,0,0,0,0,0,0,0,355,0,0,35,0,0,0,0,0,0,0,0,0,0,0,0,0,0,0,0,0,0,0,44554246,0,0,0,0,0,0,0,0,35,0,977,0,0,0,0,0,0,0,0,50257415,0,0,0,0/RP0/CPU0

2020-02-05 01:55:35.833000+00:00,spine3,sg2,obt-collector1,1,228,0,0,0,0,0,0,0,0,0,0,0,0,0,0,0,0,0,0,124,0,0,0,0,112,0,0,0,0,0,0,97,7,0,0,132,0,40388,40369,0,20310,0,40399,40386,0,20341,0,59,178,0,97,0,0,0,0,101485,0,0,0,0,0,0,0,0,219,0,73,0,0,0,0,20787,0,0,0,101979,0,211,0,0/0/CPU0

2020-02-05 01:55:35.835000+00:00,spine3,sg2,obt-collector1,0,355,0,0,0,0,0,0,0,0,0,0,35,0,0,0,0,0,0,0,0,0,0,0,0,1661,0,0,0,0,0,0,0,355,0,0,35,0,0,0,0,0,0,0,0,0,0,0,0,0,0,0,0,0,0,0,44554318,0,0,0,0,0,0,0,0,35,0,977,0,0,0,0,0,0,0,0,50257535,0,0,0,0/RP0/CPU0

2020-02-05 01:55:45.828000+00:00,spine3,sg2,obt-collector1,1,228,0,0,0,0,0,0,0,0,0,0,0,0,0,0,0,0,0,0,124,0,0,0,0,112,0,0,0,0,0,0,97,7,0,0,132,0,40392,40370,0,20311,0,40400,40390,0,20344,0,59,178,0,97,0,0,0,0,101493,0,0,0,0,0,0,0,0,219,0,73,0,0,0,0,20788,0,0,0,101985,0,211,0,0/0/CPU0

2020-02-05 01:55:45.831000+00:00,spine3,sg2,obt-collector1,0,355,0,0,0,0,0,0,0,0,0,0,35,0,0,0,0,0,0,0,0,0,0,0,0,1661,0,0,0,0,0,0,0,355,0,0,35,0,0,0,0,0,0,0,0,0,0,0,0,0,0,0,0,0,0,0,44554390,0,0,0,0,0,0,0,0,35,0,977,0,0,0,0,0,0,0,0,50257655,0,0,0,0/RP0/CPU0

2020-02-05 01:55:55.839000+00:00,spine3,sg2,obt-collector1,1,228,0,0,0,0,0,0,0,0,0,0,0,0,0,0,0,0,0,0,124,0,0,0,0,112,0,0,0,0,0,0,97,7,0,0,132,0,40396,40371,0,20315,0,40401,40394,0,20345,0,59,178,0,97,0,0,0,0,101499,0,0,0,0,0,0,0,0,219,0,73,0,0,0,0,20792,0,0,0,101994,0,211,0,0/0/CPU0

2020-02-05 01:55:55.841000+00:00,spine3,sg2,obt-collector1,0,355,0,0,0,0,0,0,0,0,0,0,35,0,0,0,0,0,0,0,0,0,0,0,0,1661,0,0,0,0,0,0,0,355,0,0,35,0,0,0,0,0,0,0,0,0,0,0,0,0,0,0,0,0,0,0,44554462,0,0,0,0,0,0,0,0,35,0,977,0,0,0,0,0,0,0,0,50257775,0,0,0,0/RP0/CPU0

2020-02-05 01:56:05.826000+00:00,spine3,sg2,obt-collector1,1,228,0,0,0,0,0,0,0,0,0,0,0,0,0,0,0,0,0,0,124,0,0,0,0,112,0,0,0,0,0,0,97,7,0,0,132,0,40398,40374,0,20315,0,40404,40396,0,20347,0,59,178,0,97,0,0,0,0,101506,0,0,0,0,0,0,0,0,219,0,73,0,0,0,0,20792,0,0,0,101999,0,211,0,0/0/CPU0

2020-02-05 01:56:05.828000+00:00,spine3,sg2,obt-collector1,0,355,0,0,0,0,0,0,0,0,0,0,35,0,0,0,0,0,0,0,0,0,0,0,0,1661,0,0,0,0,0,0,0,355,0,0,35,0,0,0,0,0,0,0,0,0,0,0,0,0,0,0,0,0,0,0,44554534,0,0,0,0,0,0,0,0,35,0,977,0,0,0,0,0,0,0,0,50257895,0,0,0,0/RP0/CPU0

2020-02-05 01:56:15.847000+00:00,spine3,sg2,obt-collector1,1,228,0,0,0,0,0,0,0,0,0,0,0,0,0,0,0,0,0,0,124,0,0,0,0,112,0,0,0,0,0,0,97,7,0,0,132,0,40404,40377,0,20318,0,40407,40402,0,20349,0,59,178,0,97,0,0,0,0,101517,0,0,0,0,0,0,0,0,219,0,73,0,0,0,0,20795,0,0,0,102011,0,211,0,0/0/CPU0

2020-02-05 01:56:15.853000+00:00,spine3,sg2,obt-collector1,0,355,0,0,0,0,0,0,0,0,0,0,35,0,0,0,0,0,0,0,0,0,0,0,0,1661,0,0,0,0,0,0,0,355,0,0,35,0,0,0,0,0,0,0,0,0,0,0,0,0,0,0,0,0,0,0,44554606,0,0,0,0,0,0,0,0,35,0,977,0,0,0,0,0,0,0,0,50258015,0,0,0,0/RP0/CPU0

2020-02-05 01:56:25.825000+00:00,spine3,sg2,obt-collector1,1,228,0,0,0,0,0,0,0,0,0,0,0,0,0,0,0,0,0,0,124,0,0,0,0,112,0,0,0,0,0,0,97,7,0,0,132,0,40406,40381,0,20320,0,40411,40404,0,20351,0,59,178,0,97,0,0,0,0,101525,0,0,0,0,0,0,0,0,219,0,73,0,0,0,0,20797,0,0,0,102019,0,211,0,0/0/CPU0

2020-02-05 01:56:25.828000+00:00,spine3,sg2,obt-collector1,0,355,0,0,0,0,0,0,0,0,0,0,35,0,0,0,0,0,0,0,0,0,0,0,0,1661,0,0,0,0,0,0,0,355,0,0,35,0,0,0,0,0,0,0,0,0,0,0,0,0,0,0,0,0,0,0,44554678,0,0,0,0,0,0,0,0,35,0,977,0,0,0,0,0,0,0,0,50258135,0,0,0,0/RP0/CPU0

2020-02-05 01:56:35.836000+00:00,spine3,sg2,obt-collector1,1,228,0,0,0,0,0,0,0,0,0,0,0,0,0,0,0,0,0,0,124,0,0,0,0,112,0,0,0,0,0,0,97,7,0,0,132,0,40410,40386,0,20323,0,40416,40408,0,20353,0,59,178,0,97,0,0,0,0,101536,0,0,0,0,0,0,0,0,219,0,73,0,0,0,0,20800,0,0,0,102031,0,211,0,0/0/CPU0

2020-02-05 01:56:35.853000+00:00,spine3,sg2,obt-collector1,0,355,0,0,0,0,0,0,0,0,0,0,35,0,0,0,0,0,0,0,0,0,0,0,0,1661,0,0,0,0,0,0,0,355,0,0,35,0,0,0,0,0,0,0,0,0,0,0,0,0,0,0,0,0,0,0,44554750,0,0,0,0,0,0,0,0,35,0,977,0,0,0,0,0,0,0,0,50258255,0,0,0,0/RP0/CPU0

2020-02-05 01:56:45.830000+00:00,spine3,sg2,obt-collector1,1,228,0,0,0,0,0,0,0,0,0,0,0,0,0,0,0,0,0,0,124,0,0,0,0,112,0,0,0,0,0,0,97,7,0,0,132,0,40411,40389,0,20327,0,40419,40409,0,20354,0,59,178,0,97,0,0,0,0,101541,0,0,0,0,0,0,0,0,219,0,73,0,0,0,0,20804,0,0,0,102039,0,211,0,0/0/CPU0

2020-02-05 01:56:45.833000+00:00,spine3,sg2,obt-collector1,0,355,0,0,0,0,0,0,0,0,0,0,35,0,0,0,0,0,0,0,0,0,0,0,0,1661,0,0,0,0,0,0,0,355,0,0,35,0,0,0,0,0,0,0,0,0,0,0,0,0,0,0,0,0,0,0,44554822,0,0,0,0,0,0,0,0,35,0,977,0,0,0,0,0,0,0,0,50258375,0,0,0,0/RP0/CPU0

2020-02-05 01:56:55.825000+00:00,spine3,sg2,obt-collector1,1,228,0,0,0,0,0,0,0,0,0,0,0,0,0,0,0,0,0,0,124,0,0,0,0,112,0,0,0,0,0,0,97,7,0,0,132,0,40416,40390,0,20328,0,40420,40414,0,20355,0,59,178,0,97,0,0,0,0,101548,0,0,0,0,0,0,0,0,219,0,73,0,0,0,0,20805,0,0,0,102046,0,211,0,0/0/CPU0

2020-02-05 01:56:55.828000+00:00,spine3,sg2,obt-collector1,0,355,0,0,0,0,0,0,0,0,0,0,35,0,0,0,0,0,0,0,0,0,0,0,0,1661,0,0,0,0,0,0,0,355,0,0,35,0,0,0,0,0,0,0,0,0,0,0,0,0,0,0,0,0,0,0,44554894,0,0,0,0,0,0,0,0,35,0,977,0,0,0,0,0,0,0,0,50258495,0,0,0,0/RP0/CPU0

2020-02-05 01:57:05.824000+00:00,spine3,sg2,obt-collector1,1,228,0,0,0,0,0,0,0,0,0,0,0,0,0,0,0,0,0,0,124,0,0,0,0,112,0,0,0,0,0,0,97,7,0,0,132,0,40416,40397,0,20328,0,40427,40414,0,20355,0,59,178,0,97,0,0,0,0,101555,0,0,0,0,0,0,0,0,219,0,73,0,0,0,0,20805,0,0,0,102053,0,211,0,0/0/CPU0

2020-02-05 01:57:05.827000+00:00,spine3,sg2,obt-collector1,0,355,0,0,0,0,0,0,0,0,0,0,35,0,0,0,0,0,0,0,0,0,0,0,0,1661,0,0,0,0,0,0,0,355,0,0,35,0,0,0,0,0,0,0,0,0,0,0,0,0,0,0,0,0,0,0,44554966,0,0,0,0,0,0,0,0,35,0,977,0,0,0,0,0,0,0,0,50258615,0,0,0,0/RP0/CPU0

2020-02-05 01:57:15.839000+00:00,spine3,sg2,obt-collector1,1,228,0,0,0,0,0,0,0,0,0,0,0,0,0,0,0,0,0,0,124,0,0,0,0,112,0,0,0,0,0,0,97,7,0,0,132,0,40423,40405,0,20330,0,40435,40421,0,20357,0,59,178,0,97,0,0,0,0,101572,0,0,0,0,0,0,0,0,219,0,73,0,0,0,0,20807,0,0,0,102070,0,211,0,0/0/CPU0

2020-02-05 01:57:15.841000+00:00,spine3,sg2,obt-collector1,0,355,0,0,0,0,0,0,0,0,0,0,35,0,0,0,0,0,0,0,0,0,0,0,0,1661,0,0,0,0,0,0,0,355,0,0,35,0,0,0,0,0,0,0,0,0,0,0,0,0,0,0,0,0,0,0,44555038,0,0,0,0,0,0,0,0,35,0,977,0,0,0,0,0,0,0,0,50258735,0,0,0,0/RP0/CPU0

2020-02-05 01:57:25.867000+00:00,spine3,sg2,obt-collector1,1,228,0,0,0,0,0,0,0,0,0,0,0,0,0,0,0,0,0,0,124,0,0,0,0,112,0,0,0,0,0,0,97,7,0,0,132,0,40426,40409,0,20332,0,40439,40424,0,20358,0,59,178,0,97,0,0,0,0,101580,0,0,0,0,0,0,0,0,219,0,73,0,0,0,0,20809,0,0,0,102079,0,211,0,0/0/CPU0

2020-02-05 01:57:25.869000+00:00,spine3,sg2,obt-collector1,0,355,0,0,0,0,0,0,0,0,0,0,35,0,0,0,0,0,0,0,0,0,0,0,0,1661,0,0,0,0,0,0,0,355,0,0,35,0,0,0,0,0,0,0,0,0,0,0,0,0,0,0,0,0,0,0,44555110,0,0,0,0,0,0,0,0,35,0,977,0,0,0,0,0,0,0,0,50258855,0,0,0,0/RP0/CPU0

2020-02-05 01:57:35.829000+00:00,spine3,sg2,obt-collector1,1,228,0,0,0,0,0,0,0,0,0,0,0,0,0,0,0,0,0,0,124,0,0,0,0,112,0,0,0,0,0,0,97,7,0,0,132,0,40431,40414,0,20336,0,40444,40429,0,20360,0,59,178,0,97,0,0,0,0,101592,0,0,0,0,0,0,0,0,219,0,73,0,0,0,0,20813,0,0,0,102093,0,211,0,0/0/CPU0

2020-02-05 01:57:35.831000+00:00,spine3,sg2,obt-collector1,0,355,0,0,0,0,0,0,0,0,0,0,35,0,0,0,0,0,0,0,0,0,0,0,0,1661,0,0,0,0,0,0,0,355,0,0,35,0,0,0,0,0,0,0,0,0,0,0,0,0,0,0,0,0,0,0,44555182,0,0,0,0,0,0,0,0,35,0,977,0,0,0,0,0,0,0,0,50258975,0,0,0,0/RP0/CPU0

2020-02-05 01:57:45.845000+00:00,spine3,sg2,obt-collector1,1,228,0,0,0,0,0,0,0,0,0,0,0,0,0,0,0,0,0,0,124,0,0,0,0,112,0,0,0,0,0,0,97,7,0,0,132,0,40438,40419,0,20337,0,40449,40436,0,20364,0,59,178,0,97,0,0,0,0,101608,0,0,0,0,0,0,0,0,219,0,73,0,0,0,0,20814,0,0,0,102106,0,211,0,0/0/CPU0

2020-02-05 01:57:45.848000+00:00,spine3,sg2,obt-collector1,0,355,0,0,0,0,0,0,0,0,0,0,35,0,0,0,0,0,0,0,0,0,0,0,0,1661,0,0,0,0,0,0,0,355,0,0,35,0,0,0,0,0,0,0,0,0,0,0,0,0,0,0,0,0,0,0,44555254,0,0,0,0,0,0,0,0,35,0,977,0,0,0,0,0,0,0,0,50259095,0,0,0,0/RP0/CPU0

2020-02-05 01:57:55.860000+00:00,spine3,sg2,obt-collector1,1,228,0,0,0,0,0,0,0,0,0,0,0,0,0,0,0,0,0,0,124,0,0,0,0,112,0,0,0,0,0,0,97,7,0,0,132,0,40440,40421,0,20337,0,40451,40438,0,20367,0,59,178,0,97,0,0,0,0,101615,0,0,0,0,0,0,0,0,219,0,73,0,0,0,0,20814,0,0,0,102110,0,211,0,0/0/CPU0

2020-02-05 01:57:55.862000+00:00,spine3,sg2,obt-collector1,0,355,0,0,0,0,0,0,0,0,0,0,35,0,0,0,0,0,0,0,0,0,0,0,0,1661,0,0,0,0,0,0,0,355,0,0,35,0,0,0,0,0,0,0,0,0,0,0,0,0,0,0,0,0,0,0,44555326,0,0,0,0,0,0,0,0,35,0,977,0,0,0,0,0,0,0,0,50259215,0,0,0,0/RP0/CPU0

2020-02-05 01:58:05.843000+00:00,spine3,sg2,obt-collector1,1,228,0,0,0,0,0,0,0,0,0,0,0,0,0,0,0,0,0,0,124,0,0,0,0,112,0,0,0,0,0,0,97,7,0,0,132,0,40445,40423,0,20338,0,40453,40443,0,20369,0,59,178,0,97,0,0,0,0,101624,0,0,0,0,0,0,0,0,219,0,73,0,0,0,0,20815,0,0,0,102118,0,211,0,0/0/CPU0

2020-02-05 01:58:05.846000+00:00,spine3,sg2,obt-collector1,0,355,0,0,0,0,0,0,0,0,0,0,35,0,0,0,0,0,0,0,0,0,0,0,0,1661,0,0,0,0,0,0,0,355,0,0,35,0,0,0,0,0,0,0,0,0,0,0,0,0,0,0,0,0,0,0,44555398,0,0,0,0,0,0,0,0,35,0,977,0,0,0,0,0,0,0,0,50259335,0,0,0,0/RP0/CPU0

2020-02-05 01:58:15.820000+00:00,spine3,sg2,obt-collector1,1,228,0,0,0,0,0,0,0,0,0,0,0,0,0,0,0,0,0,0,124,0,0,0,0,112,0,0,0,0,0,0,97,7,0,0,132,0,40448,40426,0,20339,0,40456,40446,0,20369,0,59,178,0,97,0,0,0,0,101630,0,0,0,0,0,0,0,0,219,0,73,0,0,0,0,20816,0,0,0,102125,0,211,0,0/0/CPU0

2020-02-05 01:58:15.823000+00:00,spine3,sg2,obt-collector1,0,355,0,0,0,0,0,0,0,0,0,0,35,0,0,0,0,0,0,0,0,0,0,0,0,1661,0,0,0,0,0,0,0,355,0,0,35,0,0,0,0,0,0,0,0,0,0,0,0,0,0,0,0,0,0,0,44555470,0,0,0,0,0,0,0,0,35,0,977,0,0,0,0,0,0,0,0,50259455,0,0,0,0/RP0/CPU0

2020-02-05 01:58:25.845000+00:00,spine3,sg2,obt-collector1,1,228,0,0,0,0,0,0,0,0,0,0,0,0,0,0,0,0,0,0,124,0,0,0,0,112,0,0,0,0,0,0,97,7,0,0,132,0,40449,40430,0,20341,0,40460,40447,0,20371,0,59,178,0,97,0,0,0,0,101637,0,0,0,0,0,0,0,0,219,0,73,0,0,0,0,20818,0,0,0,102132,0,211,0,0/0/CPU0

2020-02-05 01:58:25.847000+00:00,spine3,sg2,obt-collector1,0,355,0,0,0,0,0,0,0,0,0,0,35,0,0,0,0,0,0,0,0,0,0,0,0,1661,0,0,0,0,0,0,0,355,0,0,35,0,0,0,0,0,0,0,0,0,0,0,0,0,0,0,0,0,0,0,44555542,0,0,0,0,0,0,0,0,35,0,977,0,0,0,0,0,0,0,0,50259575,0,0,0,0/RP0/CPU0

2020-02-05 01:58:35.862000+00:00,spine3,sg2,obt-collector1,1,228,0,0,0,0,0,0,0,0,0,0,0,0,0,0,0,0,0,0,124,0,0,0,0,112,0,0,0,0,0,0,97,7,0,0,132,0,40452,40433,0,20342,0,40463,40450,0,20373,0,59,178,0,97,0,0,0,0,101645,0,0,0,0,0,0,0,0,219,0,73,0,0,0,0,20819,0,0,0,102139,0,211,0,0/0/CPU0

2020-02-05 01:58:35.864000+00:00,spine3,sg2,obt-collector1,0,355,0,0,0,0,0,0,0,0,0,0,35,0,0,0,0,0,0,0,0,0,0,0,0,1661,0,0,0,0,0,0,0,355,0,0,35,0,0,0,0,0,0,0,0,0,0,0,0,0,0,0,0,0,0,0,44555614,0,0,0,0,0,0,0,0,35,0,977,0,0,0,0,0,0,0,0,50259695,0,0,0,0/RP0/CPU0

2020-02-05 01:58:45.828000+00:00,spine3,sg2,obt-collector1,1,228,0,0,0,0,0,0,0,0,0,0,0,0,0,0,0,0,0,0,124,0,0,0,0,112,0,0,0,0,0,0,97,7,0,0,132,0,40456,40433,0,20343,0,40463,40454,0,20376,0,59,178,0,97,0,0,0,0,101652,0,0,0,0,0,0,0,0,219,0,73,0,0,0,0,20820,0,0,0,102144,0,211,0,0/0/CPU0

2020-02-05 01:58:45.830000+00:00,spine3,sg2,obt-collector1,0,355,0,0,0,0,0,0,0,0,0,0,35,0,0,0,0,0,0,0,0,0,0,0,0,1661,0,0,0,0,0,0,0,355,0,0,35,0,0,0,0,0,0,0,0,0,0,0,0,0,0,0,0,0,0,0,44555686,0,0,0,0,0,0,0,0,35,0,977,0,0,0,0,0,0,0,0,50259815,0,0,0,0/RP0/CPU0

2020-02-05 01:58:55.870000+00:00,spine3,sg2,obt-collector1,1,228,0,0,0,0,0,0,0,0,0,0,0,0,0,0,0,0,0,0,124,0,0,0,0,112,0,0,0,0,0,0,97,7,0,0,132,0,40459,40435,0,20346,0,40465,40457,0,20379,0,59,178,0,97,0,0,0,0,101660,0,0,0,0,0,0,0,0,219,0,73,0,0,0,0,20823,0,0,0,102152,0,211,0,0/0/CPU0

2020-02-05 01:58:55.873000+00:00,spine3,sg2,obt-collector1,0,355,0,0,0,0,0,0,0,0,0,0,35,0,0,0,0,0,0,0,0,0,0,0,0,1661,0,0,0,0,0,0,0,355,0,0,35,0,0,0,0,0,0,0,0,0,0,0,0,0,0,0,0,0,0,0,44555758,0,0,0,0,0,0,0,0,35,0,977,0,0,0,0,0,0,0,0,50259935,0,0,0,0/RP0/CPU0

2020-02-05 01:59:05.864000+00:00,spine3,sg2,obt-collector1,1,228,0,0,0,0,0,0,0,0,0,0,0,0,0,0,0,0,0,0,124,0,0,0,0,112,0,0,0,0,0,0,97,7,0,0,132,0,40462,40437,0,20348,0,40467,40460,0,20379,0,59,178,0,97,0,0,0,0,101665,0,0,0,0,0,0,0,0,219,0,73,0,0,0,0,20825,0,0,0,102159,0,211,0,0/0/CPU0

2020-02-05 01:59:05.867000+00:00,spine3,sg2,obt-collector1,0,355,0,0,0,0,0,0,0,0,0,0,35,0,0,0,0,0,0,0,0,0,0,0,0,1661,0,0,0,0,0,0,0,355,0,0,35,0,0,0,0,0,0,0,0,0,0,0,0,0,0,0,0,0,0,0,44555830,0,0,0,0,0,0,0,0,35,0,977,0,0,0,0,0,0,0,0,50260055,0,0,0,0/RP0/CPU0

2020-02-05 01:59:15.897000+00:00,spine3,sg2,obt-collector1,1,228,0,0,0,0,0,0,0,0,0,0,0,0,0,0,0,0,0,0,124,0,0,0,0,112,0,0,0,0,0,0,97,7,0,0,132,0,40467,40441,0,20348,0,40471,40465,0,20379,0,59,178,0,97,0,0,0,0,101674,0,0,0,0,0,0,0,0,219,0,73,0,0,0,0,20825,0,0,0,102168,0,211,0,0/0/CPU0

2020-02-05 01:59:15.901000+00:00,spine3,sg2,obt-collector1,0,355,0,0,0,0,0,0,0,0,0,0,35,0,0,0,0,0,0,0,0,0,0,0,0,1661,0,0,0,0,0,0,0,355,0,0,35,0,0,0,0,0,0,0,0,0,0,0,0,0,0,0,0,0,0,0,44555902,0,0,0,0,0,0,0,0,35,0,977,0,0,0,0,0,0,0,0,50260175,0,0,0,0/RP0/CPU0

2020-02-05 01:59:25.832000+00:00,spine3,sg2,obt-collector1,1,228,0,0,0,0,0,0,0,0,0,0,0,0,0,0,0,0,0,0,124,0,0,0,0,112,0,0,0,0,0,0,97,7,0,0,132,0,40469,40443,0,20353,0,40473,40467,0,20384,0,59,178,0,97,0,0,0,0,101683,0,0,0,0,0,0,0,0,219,0,73,0,0,0,0,20830,0,0,0,102177,0,211,0,0/0/CPU0

2020-02-05 01:59:25.835000+00:00,spine3,sg2,obt-collector1,0,355,0,0,0,0,0,0,0,0,0,0,35,0,0,0,0,0,0,0,0,0,0,0,0,1661,0,0,0,0,0,0,0,355,0,0,35,0,0,0,0,0,0,0,0,0,0,0,0,0,0,0,0,0,0,0,44555978,0,0,0,0,0,0,0,0,35,0,977,0,0,0,0,0,0,0,0,50260295,0,0,0,0/RP0/CPU0

2020-02-05 01:59:35.886000+00:00,spine3,sg2,obt-collector1,1,228,0,0,0,0,0,0,0,0,0,0,0,0,0,0,0,0,0,0,124,0,0,0,0,112,0,0,0,0,0,0,97,7,0,0,132,0,40474,40449,0,20357,0,40479,40472,0,20384,0,59,178,0,97,0,0,0,0,101694,0,0,0,0,0,0,0,0,219,0,73,0,0,0,0,20834,0,0,0,102192,0,211,0,0/0/CPU0

2020-02-05 01:59:35.889000+00:00,spine3,sg2,obt-collector1,0,355,0,0,0,0,0,0,0,0,0,0,35,0,0,0,0,0,0,0,0,0,0,0,0,1661,0,0,0,0,0,0,0,355,0,0,35,0,0,0,0,0,0,0,0,0,0,0,0,0,0,0,0,0,0,0,44556050,0,0,0,0,0,0,0,0,35,0,977,0,0,0,0,0,0,0,0,50260415,0,0,0,0/RP0/CPU0

2020-02-05 01:59:45.860000+00:00,spine3,sg2,obt-collector1,1,228,0,0,0,0,0,0,0,0,0,0,0,0,0,0,0,0,0,0,124,0,0,0,0,112,0,0,0,0,0,0,97,7,0,0,132,0,40475,40452,0,20357,0,40482,40473,0,20386,0,59,178,0,97,0,0,0,0,101700,0,0,0,0,0,0,0,0,219,0,73,0,0,0,0,20834,0,0,0,102196,0,211,0,0/0/CPU0

2020-02-05 01:59:45.863000+00:00,spine3,sg2,obt-collector1,0,355,0,0,0,0,0,0,0,0,0,0,35,0,0,0,0,0,0,0,0,0,0,0,0,1661,0,0,0,0,0,0,0,355,0,0,35,0,0,0,0,0,0,0,0,0,0,0,0,0,0,0,0,0,0,0,44556122,0,0,0,0,0,0,0,0,35,0,977,0,0,0,0,0,0,0,0,50260535,0,0,0,0/RP0/CPU0

2020-02-05 01:59:55.829000+00:00,spine3,sg2,obt-collector1,1,228,0,0,0,0,0,0,0,0,0,0,0,0,0,0,0,0,0,0,124,0,0,0,0,112,0,0,0,0,0,0,97,7,0,0,132,0,40480,40456,0,20360,0,40486,40478,0,20387,0,59,178,0,97,0,0,0,0,101710,0,0,0,0,0,0,0,0,219,0,73,0,0,0,0,20837,0,0,0,102208,0,211,0,0/0/CPU0

2020-02-05 01:59:55.831000+00:00,spine3,sg2,obt-collector1,0,355,0,0,0,0,0,0,0,0,0,0,35,0,0,0,0,0,0,0,0,0,0,0,0,1661,0,0,0,0,0,0,0,355,0,0,35,0,0,0,0,0,0,0,0,0,0,0,0,0,0,0,0,0,0,0,44556194,0,0,0,0,0,0,0,0,35,0,977,0,0,0,0,0,0,0,0,50260655,0,0,0,0/RP0/CPU0

2020-02-05 02:00:05.971000+00:00,spine3,sg2,obt-collector1,1,228,0,0,0,0,0,0,0,0,0,0,0,0,0,0,0,0,0,0,124,0,0,0,0,112,0,0,0,0,0,0,97,7,0,0,132,0,40480,40461,0,20361,0,40491,40478,0,20387,0,59,178,0,97,0,0,0,0,101715,0,0,0,0,0,0,0,0,219,0,73,0,0,0,0,20838,0,0,0,102214,0,211,0,0/0/CPU0

2020-02-05 02:00:05.974000+00:00,spine3,sg2,obt-collector1,0,355,0,0,0,0,0,0,0,0,0,0,35,0,0,0,0,0,0,0,0,0,0,0,0,1661,0,0,0,0,0,0,0,355,0,0,35,0,0,0,0,0,0,0,0,0,0,0,0,0,0,0,0,0,0,0,44556266,0,0,0,0,0,0,0,0,35,0,977,0,0,0,0,0,0,0,0,50260775,0,0,0,0/RP0/CPU0

2020-02-05 02:00:15.842000+00:00,spine3,sg2,obt-collector1,1,228,0,0,0,0,0,0,0,0,0,0,0,0,0,0,0,0,0,0,124,0,0,0,0,112,0,0,0,0,0,0,97,7,0,0,132,0,40487,40467,0,20363,0,40497,40485,0,20388,0,59,178,0,97,0,0,0,0,101729,0,0,0,0,0,0,0,0,219,0,73,0,0,0,0,20840,0,0,0,102229,0,211,0,0/0/CPU0

2020-02-05 02:00:15.846000+00:00,spine3,sg2,obt-collector1,0,355,0,0,0,0,0,0,0,0,0,0,35,0,0,0,0,0,0,0,0,0,0,0,0,1661,0,0,0,0,0,0,0,355,0,0,35,0,0,0,0,0,0,0,0,0,0,0,0,0,0,0,0,0,0,0,44556338,0,0,0,0,0,0,0,0,35,0,977,0,0,0,0,0,0,0,0,50260895,0,0,0,0/RP0/CPU0

2020-02-05 02:00:25.863000+00:00,spine3,sg2,obt-collector1,1,228,0,0,0,0,0,0,0,0,0,0,0,0,0,0,0,0,0,0,124,0,0,0,0,112,0,0,0,0,0,0,97,7,0,0,132,0,40491,40473,0,20363,0,40503,40489,0,20391,0,59,178,0,97,0,0,0,0,101742,0,0,0,0,0,0,0,0,219,0,73,0,0,0,0,20840,0,0,0,102239,0,211,0,0/0/CPU0

2020-02-05 02:00:25.866000+00:00,spine3,sg2,obt-collector1,0,355,0,0,0,0,0,0,0,0,0,0,35,0,0,0,0,0,0,0,0,0,0,0,0,1661,0,0,0,0,0,0,0,355,0,0,35,0,0,0,0,0,0,0,0,0,0,0,0,0,0,0,0,0,0,0,44556410,0,0,0,0,0,0,0,0,35,0,977,0,0,0,0,0,0,0,0,50261015,0,0,0,0/RP0/CPU0

2020-02-05 02:00:35.847000+00:00,spine3,sg2,obt-collector1,1,228,0,0,0,0,0,0,0,0,0,0,0,0,0,0,0,0,0,0,124,0,0,0,0,112,0,0,0,0,0,0,97,7,0,0,132,0,40494,40479,0,20367,0,40509,40492,0,20393,0,59,178,0,97,0,0,0,0,101753,0,0,0,0,0,0,0,0,219,0,73,0,0,0,0,20844,0,0,0,102252,0,211,0,0/0/CPU0

2020-02-05 02:00:35.854000+00:00,spine3,sg2,obt-collector1,0,355,0,0,0,0,0,0,0,0,0,0,35,0,0,0,0,0,0,0,0,0,0,0,0,1661,0,0,0,0,0,0,0,355,0,0,35,0,0,0,0,0,0,0,0,0,0,0,0,0,0,0,0,0,0,0,44556482,0,0,0,0,0,0,0,0,35,0,977,0,0,0,0,0,0,0,0,50261135,0,0,0,0/RP0/CPU0

2020-02-05 02:00:45.857000+00:00,spine3,sg2,obt-collector1,1,228,0,0,0,0,0,0,0,0,0,0,0,0,0,0,0,0,0,0,124,0,0,0,0,112,0,0,0,0,0,0,97,7,0,0,132,0,40501,40483,0,20369,0,40513,40499,0,20398,0,59,178,0,97,0,0,0,0,101769,0,0,0,0,0,0,0,0,219,0,73,0,0,0,0,20846,0,0,0,102265,0,211,0,0/0/CPU0

2020-02-05 02:00:45.861000+00:00,spine3,sg2,obt-collector1,0,355,0,0,0,0,0,0,0,0,0,0,35,0,0,0,0,0,0,0,0,0,0,0,0,1661,0,0,0,0,0,0,0,355,0,0,35,0,0,0,0,0,0,0,0,0,0,0,0,0,0,0,0,0,0,0,44556546,0,0,0,0,0,0,0,0,35,0,977,0,0,0,0,0,0,0,0,50261263,0,0,0,0/RP0/CPU0

2020-02-05 02:00:55.852000+00:00,spine3,sg2,obt-collector1,1,228,0,0,0,0,0,0,0,0,0,0,0,0,0,0,0,0,0,0,124,0,0,0,0,112,0,0,0,0,0,0,97,7,0,0,132,0,40504,40484,0,20371,0,40514,40502,0,20400,0,59,178,0,97,0,0,0,0,101775,0,0,0,0,0,0,0,0,219,0,73,0,0,0,0,20848,0,0,0,102271,0,211,0,0/0/CPU0

2020-02-05 02:00:55.856000+00:00,spine3,sg2,obt-collector1,0,355,0,0,0,0,0,0,0,0,0,0,35,0,0,0,0,0,0,0,0,0,0,0,0,1661,0,0,0,0,0,0,0,355,0,0,35,0,0,0,0,0,0,0,0,0,0,0,0,0,0,0,0,0,0,0,44556610,0,0,0,0,0,0,0,0,35,0,977,0,0,0,0,0,0,0,0,50261391,0,0,0,0/RP0/CPU0

2020-02-05 02:01:05.877000+00:00,spine3,sg2,obt-collector1,1,228,0,0,0,0,0,0,0,0,0,0,0,0,0,0,0,0,0,0,124,0,0,0,0,112,0,0,0,0,0,0,97,7,0,0,132,0,40509,40487,0,20371,0,40517,40507,0,20401,0,59,178,0,97,0,0,0,0,101784,0,0,0,0,0,0,0,0,219,0,73,0,0,0,0,20848,0,0,0,102279,0,211,0,0/0/CPU0

2020-02-05 02:01:05.880000+00:00,spine3,sg2,obt-collector1,0,355,0,0,0,0,0,0,0,0,0,0,35,0,0,0,0,0,0,0,0,0,0,0,0,1661,0,0,0,0,0,0,0,355,0,0,35,0,0,0,0,0,0,0,0,0,0,0,0,0,0,0,0,0,0,0,44556674,0,0,0,0,0,0,0,0,35,0,977,0,0,0,0,0,0,0,0,50261527,0,0,0,0/RP0/CPU0

2020-02-05 02:01:15.837000+00:00,spine3,sg2,obt-collector1,1,228,0,0,0,0,0,0,0,0,0,0,0,0,0,0,0,0,0,0,124,0,0,0,0,112,0,0,0,0,0,0,97,7,0,0,132,0,40512,40490,0,20372,0,40520,40510,0,20402,0,59,178,0,97,0,0,0,0,101791,0,0,0,0,0,0,0,0,219,0,73,0,0,0,0,20849,0,0,0,102286,0,211,0,0/0/CPU0

2020-02-05 02:01:15.839000+00:00,spine3,sg2,obt-collector1,0,355,0,0,0,0,0,0,0,0,0,0,35,0,0,0,0,0,0,0,0,0,0,0,0,1661,0,0,0,0,0,0,0,355,0,0,35,0,0,0,0,0,0,0,0,0,0,0,0,0,0,0,0,0,0,0,44556738,0,0,0,0,0,0,0,0,35,0,977,0,0,0,0,0,0,0,0,50261647,0,0,0,0/RP0/CPU0

2020-02-05 02:01:25.888000+00:00,spine3,sg2,obt-collector1,1,228,0,0,0,0,0,0,0,0,0,0,0,0,0,0,0,0,0,0,124,0,0,0,0,112,0,0,0,0,0,0,97,7,0,0,132,0,40513,40493,0,20372,0,40523,40511,0,20405,0,59,178,0,97,0,0,0,0,101798,0,0,0,0,0,0,0,0,219,0,73,0,0,0,0,20849,0,0,0,102290,0,211,0,0/0/CPU0

2020-02-05 02:01:25.894000+00:00,spine3,sg2,obt-collector1,0,355,0,0,0,0,0,0,0,0,0,0,35,0,0,0,0,0,0,0,0,0,0,0,0,1661,0,0,0,0,0,0,0,355,0,0,35,0,0,0,0,0,0,0,0,0,0,0,0,0,0,0,0,0,0,0,44556802,0,0,0,0,0,0,0,0,35,0,977,0,0,0,0,0,0,0,0,50261807,0,0,0,0/RP0/CPU0

2020-02-05 02:01:35.841000+00:00,spine3,sg2,obt-collector1,1,228,0,0,0,0,0,0,0,0,0,0,0,0,0,0,0,0,0,0,124,0,0,0,0,112,0,0,0,0,0,0,97,7,0,0,132,0,40516,40497,0,20375,0,40527,40514,0,20406,0,59,178,0,97,0,0,0,0,101806,0,0,0,0,0,0,0,0,219,0,73,0,0,0,0,20852,0,0,0,102300,0,211,0,0/0/CPU0

2020-02-05 02:01:35.845000+00:00,spine3,sg2,obt-collector1,0,355,0,0,0,0,0,0,0,0,0,0,35,0,0,0,0,0,0,0,0,0,0,0,0,1661,0,0,0,0,0,0,0,355,0,0,35,0,0,0,0,0,0,0,0,0,0,0,0,0,0,0,0,0,0,0,44556866,0,0,0,0,0,0,0,0,35,0,977,0,0,0,0,0,0,0,0,50261903,0,0,0,0/RP0/CPU0

2020-02-05 02:01:45.835000+00:00,spine3,sg2,obt-collector1,1,228,0,0,0,0,0,0,0,0,0,0,0,0,0,0,0,0,0,0,124,0,0,0,0,112,0,0,0,0,0,0,97,7,0,0,132,0,40519,40497,0,20378,0,40527,40517,0,20406,0,59,178,0,97,0,0,0,0,101809,0,0,0,0,0,0,0,0,219,0,73,0,0,0,0,20855,0,0,0,102306,0,211,0,0/0/CPU0

2020-02-05 02:01:45.839000+00:00,spine3,sg2,obt-collector1,0,355,0,0,0,0,0,0,0,0,0,0,35,0,0,0,0,0,0,0,0,0,0,0,0,1661,0,0,0,0,0,0,0,355,0,0,35,0,0,0,0,0,0,0,0,0,0,0,0,0,0,0,0,0,0,0,44556930,0,0,0,0,0,0,0,0,35,0,977,0,0,0,0,0,0,0,0,50262031,0,0,0,0/RP0/CPU0

2020-02-05 02:01:55.842000+00:00,spine3,sg2,obt-collector1,1,228,0,0,0,0,0,0,0,0,0,0,0,0,0,0,0,0,0,0,124,0,0,0,0,112,0,0,0,0,0,0,97,7,0,0,132,0,40524,40500,0,20379,0,40530,40522,0,20409,0,59,178,0,97,0,0,0,0,101820,0,0,0,0,0,0,0,0,219,0,73,0,0,0,0,20856,0,0,0,102315,0,211,0,0/0/CPU0

2020-02-05 02:01:55.844000+00:00,spine3,sg2,obt-collector1,0,355,0,0,0,0,0,0,0,0,0,0,35,0,0,0,0,0,0,0,0,0,0,0,0,1661,0,0,0,0,0,0,0,355,0,0,35,0,0,0,0,0,0,0,0,0,0,0,0,0,0,0,0,0,0,0,44556994,0,0,0,0,0,0,0,0,35,0,977,0,0,0,0,0,0,0,0,50262159,0,0,0,0/RP0/CPU0

2020-02-05 02:02:05.829000+00:00,spine3,sg2,obt-collector1,1,228,0,0,0,0,0,0,0,0,0,0,0,0,0,0,0,0,0,0,124,0,0,0,0,112,0,0,0,0,0,0,97,7,0,0,132,0,40526,40501,0,20380,0,40531,40524,0,20410,0,59,178,0,97,0,0,0,0,101824,0,0,0,0,0,0,0,0,219,0,73,0,0,0,0,20857,0,0,0,102319,0,211,0,0/0/CPU0

2020-02-05 02:02:05.831000+00:00,spine3,sg2,obt-collector1,0,355,0,0,0,0,0,0,0,0,0,0,35,0,0,0,0,0,0,0,0,0,0,0,0,1661,0,0,0,0,0,0,0,355,0,0,35,0,0,0,0,0,0,0,0,0,0,0,0,0,0,0,0,0,0,0,44557058,0,0,0,0,0,0,0,0,35,0,977,0,0,0,0,0,0,0,0,50262287,0,0,0,0/RP0/CPU0

2020-02-05 02:02:15.837000+00:00,spine3,sg2,obt-collector1,1,228,0,0,0,0,0,0,0,0,0,0,0,0,0,0,0,0,0,0,124,0,0,0,0,112,0,0,0,0,0,0,97,7,0,0,132,0,40532,40505,0,20380,0,40535,40530,0,20412,0,59,178,0,97,0,0,0,0,101836,0,0,0,0,0,0,0,0,219,0,73,0,0,0,0,20857,0,0,0,102329,0,211,0,0/0/CPU0

2020-02-05 02:02:15.840000+00:00,spine3,sg2,obt-collector1,0,355,0,0,0,0,0,0,0,0,0,0,35,0,0,0,0,0,0,0,0,0,0,0,0,1661,0,0,0,0,0,0,0,355,0,0,35,0,0,0,0,0,0,0,0,0,0,0,0,0,0,0,0,0,0,0,44557122,0,0,0,0,0,0,0,0,35,0,977,0,0,0,0,0,0,0,0,50262415,0,0,0,0/RP0/CPU0

2020-02-05 02:02:25.848000+00:00,spine3,sg2,obt-collector1,1,228,0,0,0,0,0,0,0,0,0,0,0,0,0,0,0,0,0,0,124,0,0,0,0,112,0,0,0,0,0,0,97,7,0,0,132,0,40533,40508,0,20383,0,40538,40531,0,20414,0,59,178,0,97,0,0,0,0,101842,0,0,0,0,0,0,0,0,219,0,73,0,0,0,0,20860,0,0,0,102336,0,211,0,0/0/CPU0

2020-02-05 02:02:25.852000+00:00,spine3,sg2,obt-collector1,0,355,0,0,0,0,0,0,0,0,0,0,35,0,0,0,0,0,0,0,0,0,0,0,0,1661,0,0,0,0,0,0,0,355,0,0,35,0,0,0,0,0,0,0,0,0,0,0,0,0,0,0,0,0,0,0,44557186,0,0,0,0,0,0,0,0,35,0,977,0,0,0,0,0,0,0,0,50262543,0,0,0,0/RP0/CPU0

2020-02-05 02:02:35.847000+00:00,spine3,sg2,obt-collector1,1,228,0,0,0,0,0,0,0,0,0,0,0,0,0,0,0,0,0,0,124,0,0,0,0,112,0,0,0,0,0,0,97,7,0,0,132,0,40538,40513,0,20387,0,40543,40536,0,20417,0,59,178,0,97,0,0,0,0,101855,0,0,0,0,0,0,0,0,219,0,73,0,0,0,0,20864,0,0,0,102350,0,211,0,0/0/CPU0

2020-02-05 02:02:35.853000+00:00,spine3,sg2,obt-collector1,0,355,0,0,0,0,0,0,0,0,0,0,35,0,0,0,0,0,0,0,0,0,0,0,0,1661,0,0,0,0,0,0,0,355,0,0,35,0,0,0,0,0,0,0,0,0,0,0,0,0,0,0,0,0,0,0,44557250,0,0,0,0,0,0,0,0,35,0,977,0,0,0,0,0,0,0,0,50262671,0,0,0,0/RP0/CPU0

2020-02-05 02:02:45.848000+00:00,spine3,sg2,obt-collector1,1,228,0,0,0,0,0,0,0,0,0,0,0,0,0,0,0,0,0,0,124,0,0,0,0,112,0,0,0,0,0,0,97,7,0,0,132,0,40540,40516,0,20389,0,40546,40538,0,20419,0,59,178,0,97,0,0,0,0,101862,0,0,0,0,0,0,0,0,219,0,73,0,0,0,0,20866,0,0,0,102357,0,211,0,0/0/CPU0

2020-02-05 02:02:45.851000+00:00,spine3,sg2,obt-collector1,0,355,0,0,0,0,0,0,0,0,0,0,35,0,0,0,0,0,0,0,0,0,0,0,0,1661,0,0,0,0,0,0,0,355,0,0,35,0,0,0,0,0,0,0,0,0,0,0,0,0,0,0,0,0,0,0,44557314,0,0,0,0,0,0,0,0,35,0,977,0,0,0,0,0,0,0,0,50262799,0,0,0,0/RP0/CPU0

2020-02-05 02:02:55.846000+00:00,spine3,sg2,obt-collector1,1,228,0,0,0,0,0,0,0,0,0,0,0,0,0,0,0,0,0,0,124,0,0,0,0,112,0,0,0,0,0,0,97,7,0,0,132,0,40544,40520,0,20391,0,40550,40542,0,20419,0,59,178,0,97,0,0,0,0,101870,0,0,0,0,0,0,0,0,219,0,73,0,0,0,0,20868,0,0,0,102367,0,211,0,0/0/CPU0

2020-02-05 02:02:55.850000+00:00,spine3,sg2,obt-collector1,0,355,0,0,0,0,0,0,0,0,0,0,35,0,0,0,0,0,0,0,0,0,0,0,0,1661,0,0,0,0,0,0,0,355,0,0,35,0,0,0,0,0,0,0,0,0,0,0,0,0,0,0,0,0,0,0,44557378,0,0,0,0,0,0,0,0,35,0,977,0,0,0,0,0,0,0,0,50262927,0,0,0,0/RP0/CPU0

2020-02-05 02:03:05.827000+00:00,spine3,sg2,obt-collector1,1,228,0,0,0,0,0,0,0,0,0,0,0,0,0,0,0,0,0,0,124,0,0,0,0,112,0,0,0,0,0,0,97,7,0,0,132,0,40544,40525,0,20392,0,40555,40542,0,20419,0,59,178,0,97,0,0,0,0,101875,0,0,0,0,0,0,0,0,219,0,73,0,0,0,0,20869,0,0,0,102373,0,211,0,0/0/CPU0

2020-02-05 02:03:05.829000+00:00,spine3,sg2,obt-collector1,0,355,0,0,0,0,0,0,0,0,0,0,35,0,0,0,0,0,0,0,0,0,0,0,0,1661,0,0,0,0,0,0,0,355,0,0,35,0,0,0,0,0,0,0,0,0,0,0,0,0,0,0,0,0,0,0,44557442,0,0,0,0,0,0,0,0,35,0,977,0,0,0,0,0,0,0,0,50263055,0,0,0,0/RP0/CPU0

2020-02-05 02:03:15.846000+00:00,spine3,sg2,obt-collector1,1,228,0,0,0,0,0,0,0,0,0,0,0,0,0,0,0,0,0,0,124,0,0,0,0,112,0,0,0,0,0,0,97,7,0,0,132,0,40551,40531,0,20394,0,40561,40549,0,20420,0,59,178,0,97,0,0,0,0,101889,0,0,0,0,0,0,0,0,219,0,73,0,0,0,0,20871,0,0,0,102388,0,211,0,0/0/CPU0

2020-02-05 02:03:15.849000+00:00,spine3,sg2,obt-collector1,0,355,0,0,0,0,0,0,0,0,0,0,35,0,0,0,0,0,0,0,0,0,0,0,0,1661,0,0,0,0,0,0,0,355,0,0,35,0,0,0,0,0,0,0,0,0,0,0,0,0,0,0,0,0,0,0,44557506,0,0,0,0,0,0,0,0,35,0,977,0,0,0,0,0,0,0,0,50263183,0,0,0,0/RP0/CPU0

2020-02-05 02:03:25.854000+00:00,spine3,sg2,obt-collector1,1,228,0,0,0,0,0,0,0,0,0,0,0,0,0,0,0,0,0,0,124,0,0,0,0,112,0,0,0,0,0,0,97,7,0,0,132,0,40553,40537,0,20397,0,40567,40551,0,20420,0,59,178,0,97,0,0,0,0,101897,0,0,0,0,0,0,0,0,219,0,73,0,0,0,0,20874,0,0,0,102399,0,211,0,0/0/CPU0

2020-02-05 02:03:25.858000+00:00,spine3,sg2,obt-collector1,0,355,0,0,0,0,0,0,0,0,0,0,35,0,0,0,0,0,0,0,0,0,0,0,0,1661,0,0,0,0,0,0,0,355,0,0,35,0,0,0,0,0,0,0,0,0,0,0,0,0,0,0,0,0,0,0,44557570,0,0,0,0,0,0,0,0,35,0,977,0,0,0,0,0,0,0,0,50263311,0,0,0,0/RP0/CPU0

2020-02-05 02:03:35.867000+00:00,spine3,sg2,obt-collector1,1,228,0,0,0,0,0,0,0,0,0,0,0,0,0,0,0,0,0,0,124,0,0,0,0,112,0,0,0,0,0,0,97,7,0,0,132,0,40560,40542,0,20398,0,40572,40558,0,20425,0,59,178,0,97,0,0,0,0,101914,0,0,0,0,0,0,0,0,219,0,73,0,0,0,0,20875,0,0,0,102412,0,211,0,0/0/CPU0

2020-02-05 02:03:35.869000+00:00,spine3,sg2,obt-collector1,0,355,0,0,0,0,0,0,0,0,0,0,35,0,0,0,0,0,0,0,0,0,0,0,0,1661,0,0,0,0,0,0,0,355,0,0,35,0,0,0,0,0,0,0,0,0,0,0,0,0,0,0,0,0,0,0,44557634,0,0,0,0,0,0,0,0,35,0,977,0,0,0,0,0,0,0,0,50263439,0,0,0,0/RP0/CPU0

2020-02-05 02:03:45.898000+00:00,spine3,sg2,obt-collector1,1,228,0,0,0,0,0,0,0,0,0,0,0,0,0,0,0,0,0,0,124,0,0,0,0,112,0,0,0,0,0,0,97,7,0,0,132,0,40564,40547,0,20398,0,40577,40562,0,20428,0,59,178,0,97,0,0,0,0,101926,0,0,0,0,0,0,0,0,219,0,73,0,0,0,0,20875,0,0,0,102421,0,211,0,0/0/CPU0

2020-02-05 02:03:45.901000+00:00,spine3,sg2,obt-collector1,0,355,0,0,0,0,0,0,0,0,0,0,35,0,0,0,0,0,0,0,0,0,0,0,0,1661,0,0,0,0,0,0,0,355,0,0,35,0,0,0,0,0,0,0,0,0,0,0,0,0,0,0,0,0,0,0,44557698,0,0,0,0,0,0,0,0,35,0,977,0,0,0,0,0,0,0,0,50263599,0,0,0,0/RP0/CPU0

2020-02-05 02:03:55.844000+00:00,spine3,sg2,obt-collector1,1,228,0,0,0,0,0,0,0,0,0,0,0,0,0,0,0,0,0,0,124,0,0,0,0,112,0,0,0,0,0,0,97,7,0,0,132,0,40568,40548,0,20401,0,40578,40566,0,20431,0,59,178,0,97,0,0,0,0,101934,0,0,0,0,0,0,0,0,219,0,73,0,0,0,0,20878,0,0,0,102429,0,211,0,0/0/CPU0

2020-02-05 02:03:55.847000+00:00,spine3,sg2,obt-collector1,0,355,0,0,0,0,0,0,0,0,0,0,35,0,0,0,0,0,0,0,0,0,0,0,0,1661,0,0,0,0,0,0,0,355,0,0,35,0,0,0,0,0,0,0,0,0,0,0,0,0,0,0,0,0,0,0,44557762,0,0,0,0,0,0,0,0,35,0,977,0,0,0,0,0,0,0,0,50263695,0,0,0,0/RP0/CPU0

2020-02-05 02:04:05.847000+00:00,spine3,sg2,obt-collector1,1,228,0,0,0,0,0,0,0,0,0,0,0,0,0,0,0,0,0,0,124,0,0,0,0,112,0,0,0,0,0,0,97,7,0,0,132,0,40573,40551,0,20403,0,40581,40571,0,20432,0,59,178,0,97,0,0,0,0,101943,0,0,0,0,0,0,0,0,219,0,73,0,0,0,0,20880,0,0,0,102439,0,211,0,0/0/CPU0

2020-02-05 02:04:05.850000+00:00,spine3,sg2,obt-collector1,0,355,0,0,0,0,0,0,0,0,0,0,35,0,0,0,0,0,0,0,0,0,0,0,0,1661,0,0,0,0,0,0,0,355,0,0,35,0,0,0,0,0,0,0,0,0,0,0,0,0,0,0,0,0,0,0,44557826,0,0,0,0,0,0,0,0,35,0,977,0,0,0,0,0,0,0,0,50263823,0,0,0,0/RP0/CPU0

2020-02-05 02:04:15.840000+00:00,spine3,sg2,obt-collector1,1,228,0,0,0,0,0,0,0,0,0,0,0,0,0,0,0,0,0,0,124,0,0,0,0,112,0,0,0,0,0,0,97,7,0,0,132,0,40576,40553,0,20403,0,40583,40574,0,20434,0,59,178,0,97,0,0,0,0,101950,0,0,0,0,0,0,0,0,219,0,73,0,0,0,0,20880,0,0,0,102444,0,211,0,0/0/CPU0

2020-02-05 02:04:15.843000+00:00,spine3,sg2,obt-collector1,0,355,0,0,0,0,0,0,0,0,0,0,35,0,0,0,0,0,0,0,0,0,0,0,0,1661,0,0,0,0,0,0,0,355,0,0,35,0,0,0,0,0,0,0,0,0,0,0,0,0,0,0,0,0,0,0,44557890,0,0,0,0,0,0,0,0,35,0,977,0,0,0,0,0,0,0,0,50263951,0,0,0,0/RP0/CPU0

2020-02-05 02:04:25.850000+00:00,spine3,sg2,obt-collector1,1,228,0,0,0,0,0,0,0,0,0,0,0,0,0,0,0,0,0,0,124,0,0,0,0,112,0,0,0,0,0,0,97,7,0,0,132,0,40576,40558,0,20404,0,40588,40574,0,20435,0,59,178,0,97,0,0,0,0,101956,0,0,0,0,0,0,0,0,219,0,73,0,0,0,0,20881,0,0,0,102450,0,211,0,0/0/CPU0

2020-02-05 02:04:25.852000+00:00,spine3,sg2,obt-collector1,0,355,0,0,0,0,0,0,0,0,0,0,35,0,0,0,0,0,0,0,0,0,0,0,0,1661,0,0,0,0,0,0,0,355,0,0,35,0,0,0,0,0,0,0,0,0,0,0,0,0,0,0,0,0,0,0,44557954,0,0,0,0,0,0,0,0,35,0,977,0,0,0,0,0,0,0,0,50264079,0,0,0,0/RP0/CPU0

2020-02-05 02:04:35.816000+00:00,spine3,sg2,obt-collector1,1,228,0,0,0,0,0,0,0,0,0,0,0,0,0,0,0,0,0,0,124,0,0,0,0,112,0,0,0,0,0,0,97,7,0,0,132,0,40579,40560,0,20404,0,40590,40577,0,20438,0,59,178,0,97,0,0,0,0,101964,0,0,0,0,0,0,0,0,219,0,73,0,0,0,0,20881,0,0,0,102455,0,211,0,0/0/CPU0

2020-02-05 02:04:35.819000+00:00,spine3,sg2,obt-collector1,0,355,0,0,0,0,0,0,0,0,0,0,35,0,0,0,0,0,0,0,0,0,0,0,0,1661,0,0,0,0,0,0,0,355,0,0,35,0,0,0,0,0,0,0,0,0,0,0,0,0,0,0,0,0,0,0,44558018,0,0,0,0,0,0,0,0,35,0,977,0,0,0,0,0,0,0,0,50264207,0,0,0,0/RP0/CPU0

2020-02-05 02:04:45.867000+00:00,spine3,sg2,obt-collector1,1,228,0,0,0,0,0,0,0,0,0,0,0,0,0,0,0,0,0,0,124,0,0,0,0,112,0,0,0,0,0,0,97,7,0,0,132,0,40583,40561,0,20408,0,40591,40581,0,20439,0,59,178,0,97,0,0,0,0,101970,0,0,0,0,0,0,0,0,219,0,73,0,0,0,0,20885,0,0,0,102464,0,211,0,0/0/CPU0

2020-02-05 02:04:45.870000+00:00,spine3,sg2,obt-collector1,0,355,0,0,0,0,0,0,0,0,0,0,35,0,0,0,0,0,0,0,0,0,0,0,0,1661,0,0,0,0,0,0,0,355,0,0,35,0,0,0,0,0,0,0,0,0,0,0,0,0,0,0,0,0,0,0,44558082,0,0,0,0,0,0,0,0,35,0,977,0,0,0,0,0,0,0,0,50264335,0,0,0,0/RP0/CPU0

2020-02-05 02:04:55.859000+00:00,spine3,sg2,obt-collector1,1,228,0,0,0,0,0,0,0,0,0,0,0,0,0,0,0,0,0,0,124,0,0,0,0,112,0,0,0,0,0,0,97,7,0,0,132,0,40587,40564,0,20411,0,40594,40585,0,20440,0,59,178,0,97,0,0,0,0,101978,0,0,0,0,0,0,0,0,219,0,73,0,0,0,0,20888,0,0,0,102474,0,211,0,0/0/CPU0

2020-02-05 02:04:55.861000+00:00,spine3,sg2,obt-collector1,0,355,0,0,0,0,0,0,0,0,0,0,35,0,0,0,0,0,0,0,0,0,0,0,0,1661,0,0,0,0,0,0,0,355,0,0,35,0,0,0,0,0,0,0,0,0,0,0,0,0,0,0,0,0,0,0,44558146,0,0,0,0,0,0,0,0,35,0,977,0,0,0,0,0,0,0,0,50264463,0,0,0,0/RP0/CPU0

2020-02-05 02:05:05.872000+00:00,spine3,sg2,obt-collector1,1,228,0,0,0,0,0,0,0,0,0,0,0,0,0,0,0,0,0,0,124,0,0,0,0,112,0,0,0,0,0,0,97,7,0,0,132,0,40590,40565,0,20411,0,40595,40588,0,20441,0,59,178,0,97,0,0,0,0,101983,0,0,0,0,0,0,0,0,219,0,73,0,0,0,0,20888,0,0,0,102478,0,211,0,0/0/CPU0

2020-02-05 02:05:05.877000+00:00,spine3,sg2,obt-collector1,0,355,0,0,0,0,0,0,0,0,0,0,35,0,0,0,0,0,0,0,0,0,0,0,0,1661,0,0,0,0,0,0,0,355,0,0,35,0,0,0,0,0,0,0,0,0,0,0,0,0,0,0,0,0,0,0,44558210,0,0,0,0,0,0,0,0,35,0,977,0,0,0,0,0,0,0,0,50264591,0,0,0,0/RP0/CPU0

2020-02-05 02:05:15.905000+00:00,spine3,sg2,obt-collector1,1,228,0,0,0,0,0,0,0,0,0,0,0,0,0,0,0,0,0,0,124,0,0,0,0,112,0,0,0,0,0,0,97,7,0,0,132,0,40596,40568,0,20412,0,40598,40594,0,20443,0,59,178,0,97,0,0,0,0,101994,0,0,0,0,0,0,0,0,219,0,73,0,0,0,0,20889,0,0,0,102488,0,211,0,0/0/CPU0

2020-02-05 02:05:15.910000+00:00,spine3,sg2,obt-collector1,0,355,0,0,0,0,0,0,0,0,0,0,35,0,0,0,0,0,0,0,0,0,0,0,0,1661,0,0,0,0,0,0,0,355,0,0,35,0,0,0,0,0,0,0,0,0,0,0,0,0,0,0,0,0,0,0,44558274,0,0,0,0,0,0,0,0,35,0,977,0,0,0,0,0,0,0,0,50264751,0,0,0,0/RP0/CPU0

2020-02-05 02:05:25.877000+00:00,spine3,sg2,obt-collector1,1,228,0,0,0,0,0,0,0,0,0,0,0,0,0,0,0,0,0,0,124,0,0,0,0,112,0,0,0,0,0,0,97,7,0,0,132,0,40597,40574,0,20418,0,40604,40595,0,20446,0,59,178,0,97,0,0,0,0,102004,0,0,0,0,0,0,0,0,219,0,73,0,0,0,0,20895,0,0,0,102501,0,211,0,0/0/CPU0

2020-02-05 02:05:25.881000+00:00,spine3,sg2,obt-collector1,0,355,0,0,0,0,0,0,0,0,0,0,35,0,0,0,0,0,0,0,0,0,0,0,0,1661,0,0,0,0,0,0,0,355,0,0,35,0,0,0,0,0,0,0,0,0,0,0,0,0,0,0,0,0,0,0,44558338,0,0,0,0,0,0,0,0,35,0,977,0,0,0,0,0,0,0,0,50264850,0,0,0,0/RP0/CPU0

