,Producer,Target,host,node-name,npu-tcam/npu-id,npu-tcam/tcam-bank/bank-db/db-id,npu-tcam/tcam-bank/bank-db/db-inuse-entries,npu-tcam/tcam-bank/bank-db/db-prefix,npu-tcam/tcam-bank/bank-free-entries,npu-tcam/tcam-bank/bank-id,npu-tcam/tcam-bank/bank-inuse-entries,npu-tcam/tcam-bank/bank-key-size,npu-tcam/tcam-bank/nof-dbs,npu-tcam/tcam-bank/owner,npu-tcam/tcam-banks/bank-dbs/db-id,npu-tcam/tcam-banks/bank-dbs/db-inuse-entries,npu-tcam/tcam-banks/bank-dbs/db-prefix,npu-tcam/tcam-banks/bank-free-entries,npu-tcam/tcam-banks/bank-id,npu-tcam/tcam-banks/bank-inuse-entries,npu-tcam/tcam-banks/bank-key-size,npu-tcam/tcam-banks/nof-dbs,npu-tcam/tcam-banks/owner

2020-02-05 01:41:20.424000+00:00,spine3,sg14,obt-collector1,0/0/CPU0,3,21,9,EGRESS_L3_QOS_MAP,128,15,0,160b,0,Free,,,,,,,,,

2020-02-05 01:41:30.404000+00:00,spine3,sg14,obt-collector1,0/0/CPU0,3,21,9,EGRESS_L3_QOS_MAP,128,15,0,160b,0,Free,,,,,,,,,

2020-02-05 01:41:40.387000+00:00,spine3,sg14,obt-collector1,0/0/CPU0,3,21,9,EGRESS_L3_QOS_MAP,128,15,0,160b,0,Free,,,,,,,,,

2020-02-05 01:41:50.433000+00:00,spine3,sg14,obt-collector1,0/0/CPU0,3,21,9,EGRESS_L3_QOS_MAP,128,15,0,160b,0,Free,,,,,,,,,

2020-02-05 01:42:00.408000+00:00,spine3,sg14,obt-collector1,0/0/CPU0,3,21,9,EGRESS_L3_QOS_MAP,128,15,0,160b,0,Free,,,,,,,,,

2020-02-05 01:42:10.409000+00:00,spine3,sg14,obt-collector1,0/0/CPU0,3,21,9,EGRESS_L3_QOS_MAP,128,15,0,160b,0,Free,,,,,,,,,

2020-02-05 01:42:20.393000+00:00,spine3,sg14,obt-collector1,0/0/CPU0,3,21,9,EGRESS_L3_QOS_MAP,128,15,0,160b,0,Free,,,,,,,,,

2020-02-05 01:42:30.430000+00:00,spine3,sg14,obt-collector1,0/0/CPU0,3,21,9,EGRESS_L3_QOS_MAP,128,15,0,160b,0,Free,,,,,,,,,

2020-02-05 01:42:40.380000+00:00,spine3,sg14,obt-collector1,0/0/CPU0,3,21,9,EGRESS_L3_QOS_MAP,128,15,0,160b,0,Free,,,,,,,,,

2020-02-05 01:42:50.454000+00:00,spine3,sg14,obt-collector1,0/0/CPU0,3,21,9,EGRESS_L3_QOS_MAP,128,15,0,160b,0,Free,,,,,,,,,

2020-02-05 01:43:00.522000+00:00,spine3,sg14,obt-collector1,0/0/CPU0,3,21,9,EGRESS_L3_QOS_MAP,128,15,0,160b,0,Free,,,,,,,,,

2020-02-05 01:43:10.404000+00:00,spine3,sg14,obt-collector1,0/0/CPU0,3,21,9,EGRESS_L3_QOS_MAP,128,15,0,160b,0,Free,,,,,,,,,

2020-02-05 01:43:20.379000+00:00,spine3,sg14,obt-collector1,0/0/CPU0,3,21,9,EGRESS_L3_QOS_MAP,128,15,0,160b,0,Free,,,,,,,,,

2020-02-05 01:43:30.391000+00:00,spine3,sg14,obt-collector1,0/0/CPU0,3,21,9,EGRESS_L3_QOS_MAP,128,15,0,160b,0,Free,,,,,,,,,

2020-02-05 01:43:40.453000+00:00,spine3,sg14,obt-collector1,0/0/CPU0,3,21,9,EGRESS_L3_QOS_MAP,128,15,0,160b,0,Free,,,,,,,,,

2020-02-05 01:43:50.380000+00:00,spine3,sg14,obt-collector1,0/0/CPU0,3,21,9,EGRESS_L3_QOS_MAP,128,15,0,160b,0,Free,,,,,,,,,

2020-02-05 01:44:00.380000+00:00,spine3,sg14,obt-collector1,0/0/CPU0,3,21,9,EGRESS_L3_QOS_MAP,128,15,0,160b,0,Free,,,,,,,,,

2020-02-05 01:44:10.431000+00:00,spine3,sg14,obt-collector1,0/0/CPU0,3,21,9,EGRESS_L3_QOS_MAP,128,15,0,160b,0,Free,,,,,,,,,

2020-02-05 01:44:20.514000+00:00,spine3,sg14,obt-collector1,0/0/CPU0,3,21,9,EGRESS_L3_QOS_MAP,128,15,0,160b,0,Free,,,,,,,,,

2020-02-05 01:44:30.520000+00:00,spine3,sg14,obt-collector1,0/0/CPU0,3,21,9,EGRESS_L3_QOS_MAP,128,15,0,160b,0,Free,,,,,,,,,

2020-02-05 01:44:40.492000+00:00,spine3,sg14,obt-collector1,0/0/CPU0,3,21,9,EGRESS_L3_QOS_MAP,128,15,0,160b,0,Free,,,,,,,,,

2020-02-05 01:44:50.530000+00:00,spine3,sg14,obt-collector1,0/0/CPU0,3,21,9,EGRESS_L3_QOS_MAP,128,15,0,160b,0,Free,,,,,,,,,

2020-02-05 01:45:00.574000+00:00,spine3,sg14,obt-collector1,0/0/CPU0,3,21,9,EGRESS_L3_QOS_MAP,128,15,0,160b,0,Free,,,,,,,,,

2020-02-05 01:45:10.402000+00:00,spine3,sg14,obt-collector1,0/0/CPU0,3,21,9,EGRESS_L3_QOS_MAP,128,15,0,160b,0,Free,,,,,,,,,

2020-02-05 01:45:20.412000+00:00,spine3,sg14,obt-collector1,0/0/CPU0,3,21,9,EGRESS_L3_QOS_MAP,128,15,0,160b,0,Free,,,,,,,,,

2020-02-05 01:45:30.452000+00:00,spine3,sg14,obt-collector1,0/0/CPU0,3,21,9,EGRESS_L3_QOS_MAP,128,15,0,160b,0,Free,,,,,,,,,

2020-02-05 01:45:40.475000+00:00,spine3,sg14,obt-collector1,0/0/CPU0,3,21,9,EGRESS_L3_QOS_MAP,128,15,0,160b,0,Free,,,,,,,,,

2020-02-05 01:45:50.474000+00:00,spine3,sg14,obt-collector1,0/0/CPU0,3,21,9,EGRESS_L3_QOS_MAP,128,15,0,160b,0,Free,,,,,,,,,

2020-02-05 01:46:00.474000+00:00,spine3,sg14,obt-collector1,0/0/CPU0,3,21,9,EGRESS_L3_QOS_MAP,128,15,0,160b,0,Free,,,,,,,,,

2020-02-05 01:46:10.466000+00:00,spine3,sg14,obt-collector1,0/0/CPU0,3,21,9,EGRESS_L3_QOS_MAP,128,15,0,160b,0,Free,,,,,,,,,

2020-02-05 01:46:20.513000+00:00,spine3,sg14,obt-collector1,0/0/CPU0,3,21,9,EGRESS_L3_QOS_MAP,128,15,0,160b,0,Free,,,,,,,,,

2020-02-05 01:46:30.459000+00:00,spine3,sg14,obt-collector1,0/0/CPU0,3,21,9,EGRESS_L3_QOS_MAP,128,15,0,160b,0,Free,,,,,,,,,

2020-02-05 01:46:40.515000+00:00,spine3,sg14,obt-collector1,0/0/CPU0,3,21,9,EGRESS_L3_QOS_MAP,128,15,0,160b,0,Free,,,,,,,,,

2020-02-05 01:46:50.423000+00:00,spine3,sg14,obt-collector1,0/0/CPU0,3,21,9,EGRESS_L3_QOS_MAP,128,15,0,160b,0,Free,,,,,,,,,

2020-02-05 01:47:00.399000+00:00,spine3,sg14,obt-collector1,0/0/CPU0,3,21,9,EGRESS_L3_QOS_MAP,128,15,0,160b,0,Free,,,,,,,,,

2020-02-05 01:47:10.383000+00:00,spine3,sg14,obt-collector1,0/0/CPU0,3,21,9,EGRESS_L3_QOS_MAP,128,15,0,160b,0,Free,,,,,,,,,

2020-02-05 01:47:20.429000+00:00,spine3,sg14,obt-collector1,0/0/CPU0,3,21,9,EGRESS_L3_QOS_MAP,128,15,0,160b,0,Free,,,,,,,,,

2020-02-05 01:47:30.392000+00:00,spine3,sg14,obt-collector1,0/0/CPU0,3,21,9,EGRESS_L3_QOS_MAP,128,15,0,160b,0,Free,,,,,,,,,

2020-02-05 01:47:40.398000+00:00,spine3,sg14,obt-collector1,0/0/CPU0,3,21,9,EGRESS_L3_QOS_MAP,128,15,0,160b,0,Free,,,,,,,,,

2020-02-05 01:47:50.402000+00:00,spine3,sg14,obt-collector1,0/0/CPU0,3,21,9,EGRESS_L3_QOS_MAP,128,15,0,160b,0,Free,,,,,,,,,

2020-02-05 01:48:00.403000+00:00,spine3,sg14,obt-collector1,0/0/CPU0,3,21,9,EGRESS_L3_QOS_MAP,128,15,0,160b,0,Free,,,,,,,,,

2020-02-05 01:48:10.502000+00:00,spine3,sg14,obt-collector1,0/0/CPU0,3,21,9,EGRESS_L3_QOS_MAP,128,15,0,160b,0,Free,,,,,,,,,

2020-02-05 01:48:20.444000+00:00,spine3,sg14,obt-collector1,0/0/CPU0,3,21,9,EGRESS_L3_QOS_MAP,128,15,0,160b,0,Free,,,,,,,,,

2020-02-05 01:48:30.512000+00:00,spine3,sg14,obt-collector1,0/0/CPU0,3,21,9,EGRESS_L3_QOS_MAP,128,15,0,160b,0,Free,,,,,,,,,

2020-02-05 01:48:40.411000+00:00,spine3,sg14,obt-collector1,0/0/CPU0,3,21,9,EGRESS_L3_QOS_MAP,128,15,0,160b,0,Free,,,,,,,,,

2020-02-05 01:48:50.392000+00:00,spine3,sg14,obt-collector1,0/0/CPU0,3,21,9,EGRESS_L3_QOS_MAP,128,15,0,160b,0,Free,,,,,,,,,

2020-02-05 01:49:00.442000+00:00,spine3,sg14,obt-collector1,0/0/CPU0,3,21,9,EGRESS_L3_QOS_MAP,128,15,0,160b,0,Free,,,,,,,,,

2020-02-05 01:49:10.432000+00:00,spine3,sg14,obt-collector1,0/0/CPU0,3,21,9,EGRESS_L3_QOS_MAP,128,15,0,160b,0,Free,,,,,,,,,

2020-02-05 01:49:20.389000+00:00,spine3,sg14,obt-collector1,0/0/CPU0,3,21,9,EGRESS_L3_QOS_MAP,128,15,0,160b,0,Free,,,,,,,,,

2020-02-05 01:49:30.376000+00:00,spine3,sg14,obt-collector1,0/0/CPU0,3,21,9,EGRESS_L3_QOS_MAP,128,15,0,160b,0,Free,,,,,,,,,

2020-02-05 01:49:40.442000+00:00,spine3,sg14,obt-collector1,0/0/CPU0,3,21,9,EGRESS_L3_QOS_MAP,128,15,0,160b,0,Free,,,,,,,,,

2020-02-05 01:49:50.516000+00:00,spine3,sg14,obt-collector1,0/0/CPU0,3,21,9,EGRESS_L3_QOS_MAP,128,15,0,160b,0,Free,,,,,,,,,

2020-02-05 01:50:00.532000+00:00,spine3,sg14,obt-collector1,0/0/CPU0,3,21,9,EGRESS_L3_QOS_MAP,128,15,0,160b,0,Free,,,,,,,,,

2020-02-05 01:50:10.500000+00:00,spine3,sg14,obt-collector1,0/0/CPU0,3,21,9,EGRESS_L3_QOS_MAP,128,15,0,160b,0,Free,,,,,,,,,

2020-02-05 01:50:20.549000+00:00,spine3,sg14,obt-collector1,0/0/CPU0,3,21,9,EGRESS_L3_QOS_MAP,128,15,0,160b,0,Free,,,,,,,,,

2020-02-05 01:50:30.472000+00:00,spine3,sg14,obt-collector1,0/0/CPU0,3,21,9,EGRESS_L3_QOS_MAP,128,15,0,160b,0,Free,,,,,,,,,

2020-02-05 01:50:40.417000+00:00,spine3,sg14,obt-collector1,0/0/CPU0,3,21,9,EGRESS_L3_QOS_MAP,128,15,0,160b,0,Free,,,,,,,,,

2020-02-05 01:50:50.433000+00:00,spine3,sg14,obt-collector1,0/0/CPU0,3,21,9,EGRESS_L3_QOS_MAP,128,15,0,160b,0,Free,,,,,,,,,

2020-02-05 01:51:00.461000+00:00,spine3,sg14,obt-collector1,0/0/CPU0,3,21,9,EGRESS_L3_QOS_MAP,128,15,0,160b,0,Free,,,,,,,,,

2020-02-05 01:51:10.387000+00:00,spine3,sg14,obt-collector1,0/0/CPU0,3,21,9,EGRESS_L3_QOS_MAP,128,15,0,160b,0,Free,,,,,,,,,

2020-02-05 01:51:20.395000+00:00,spine3,sg14,obt-collector1,0/0/CPU0,3,21,9,EGRESS_L3_QOS_MAP,128,15,0,160b,0,Free,,,,,,,,,

2020-02-05 01:51:30.397000+00:00,spine3,sg14,obt-collector1,0/0/CPU0,3,21,9,EGRESS_L3_QOS_MAP,128,15,0,160b,0,Free,,,,,,,,,

2020-02-05 01:51:40.401000+00:00,spine3,sg14,obt-collector1,0/0/CPU0,3,21,9,EGRESS_L3_QOS_MAP,128,15,0,160b,0,Free,,,,,,,,,

2020-02-05 01:51:50.538000+00:00,spine3,sg14,obt-collector1,0/0/CPU0,3,21,9,EGRESS_L3_QOS_MAP,128,15,0,160b,0,Free,,,,,,,,,

2020-02-05 01:52:00.432000+00:00,spine3,sg14,obt-collector1,0/0/CPU0,3,21,9,EGRESS_L3_QOS_MAP,128,15,0,160b,0,Free,,,,,,,,,

2020-02-05 01:52:10.537000+00:00,spine3,sg14,obt-collector1,0/0/CPU0,3,21,9,EGRESS_L3_QOS_MAP,128,15,0,160b,0,Free,,,,,,,,,

2020-02-05 01:52:20.428000+00:00,spine3,sg14,obt-collector1,0/0/CPU0,3,21,9,EGRESS_L3_QOS_MAP,128,15,0,160b,0,Free,,,,,,,,,

2020-02-05 01:52:30.386000+00:00,spine3,sg14,obt-collector1,0/0/CPU0,3,21,9,EGRESS_L3_QOS_MAP,128,15,0,160b,0,Free,,,,,,,,,

2020-02-05 01:52:40.394000+00:00,spine3,sg14,obt-collector1,0/0/CPU0,3,21,9,EGRESS_L3_QOS_MAP,128,15,0,160b,0,Free,,,,,,,,,

2020-02-05 01:52:50.456000+00:00,spine3,sg14,obt-collector1,0/0/CPU0,3,21,9,EGRESS_L3_QOS_MAP,128,15,0,160b,0,Free,,,,,,,,,

2020-02-05 01:53:00.526000+00:00,spine3,sg14,obt-collector1,0/0/CPU0,3,21,9,EGRESS_L3_QOS_MAP,128,15,0,160b,0,Free,,,,,,,,,

2020-02-05 01:53:10.411000+00:00,spine3,sg14,obt-collector1,0/0/CPU0,3,21,9,EGRESS_L3_QOS_MAP,128,15,0,160b,0,Free,,,,,,,,,

2020-02-05 01:53:20.374000+00:00,spine3,sg14,obt-collector1,0/0/CPU0,3,21,9,EGRESS_L3_QOS_MAP,128,15,0,160b,0,Free,,,,,,,,,

2020-02-05 01:53:30.416000+00:00,spine3,sg14,obt-collector1,0/0/CPU0,3,21,9,EGRESS_L3_QOS_MAP,128,15,0,160b,0,Free,,,,,,,,,

2020-02-05 01:53:40.401000+00:00,spine3,sg14,obt-collector1,0/0/CPU0,3,21,9,EGRESS_L3_QOS_MAP,128,15,0,160b,0,Free,,,,,,,,,

2020-02-05 01:53:50.441000+00:00,spine3,sg14,obt-collector1,0/0/CPU0,3,21,9,EGRESS_L3_QOS_MAP,128,15,0,160b,0,Free,,,,,,,,,

2020-02-05 01:54:00.528000+00:00,spine3,sg14,obt-collector1,0/0/CPU0,3,21,9,EGRESS_L3_QOS_MAP,128,15,0,160b,0,Free,,,,,,,,,

2020-02-05 01:54:10.422000+00:00,spine3,sg14,obt-collector1,0/0/CPU0,3,21,9,EGRESS_L3_QOS_MAP,128,15,0,160b,0,Free,,,,,,,,,

2020-02-05 01:54:20.377000+00:00,spine3,sg14,obt-collector1,0/0/CPU0,3,21,9,EGRESS_L3_QOS_MAP,128,15,0,160b,0,Free,,,,,,,,,

2020-02-05 01:54:30.443000+00:00,spine3,sg14,obt-collector1,0/0/CPU0,3,21,9,EGRESS_L3_QOS_MAP,128,15,0,160b,0,Free,,,,,,,,,

2020-02-05 01:54:40.460000+00:00,spine3,sg14,obt-collector1,0/0/CPU0,3,21,9,EGRESS_L3_QOS_MAP,128,15,0,160b,0,Free,,,,,,,,,

2020-02-05 01:54:50.455000+00:00,spine3,sg14,obt-collector1,0/0/CPU0,3,21,9,EGRESS_L3_QOS_MAP,128,15,0,160b,0,Free,,,,,,,,,

2020-02-05 01:55:00.472000+00:00,spine3,sg14,obt-collector1,0/0/CPU0,3,21,9,EGRESS_L3_QOS_MAP,128,15,0,160b,0,Free,,,,,,,,,

2020-02-05 01:55:10.432000+00:00,spine3,sg14,obt-collector1,0/0/CPU0,3,21,9,EGRESS_L3_QOS_MAP,128,15,0,160b,0,Free,,,,,,,,,

2020-02-05 01:55:20.422000+00:00,spine3,sg14,obt-collector1,0/0/CPU0,3,21,9,EGRESS_L3_QOS_MAP,128,15,0,160b,0,Free,,,,,,,,,

2020-02-05 01:55:30.397000+00:00,spine3,sg14,obt-collector1,0/0/CPU0,3,21,9,EGRESS_L3_QOS_MAP,128,15,0,160b,0,Free,,,,,,,,,

2020-02-05 01:55:40.407000+00:00,spine3,sg14,obt-collector1,0/0/CPU0,3,21,9,EGRESS_L3_QOS_MAP,128,15,0,160b,0,Free,,,,,,,,,

2020-02-05 01:55:50.441000+00:00,spine3,sg14,obt-collector1,0/0/CPU0,3,21,9,EGRESS_L3_QOS_MAP,128,15,0,160b,0,Free,,,,,,,,,

2020-02-05 01:56:00.446000+00:00,spine3,sg14,obt-collector1,0/0/CPU0,3,21,9,EGRESS_L3_QOS_MAP,128,15,0,160b,0,Free,,,,,,,,,

2020-02-05 01:56:10.382000+00:00,spine3,sg14,obt-collector1,0/0/CPU0,3,21,9,EGRESS_L3_QOS_MAP,128,15,0,160b,0,Free,,,,,,,,,

2020-02-05 01:56:20.400000+00:00,spine3,sg14,obt-collector1,0/0/CPU0,3,21,9,EGRESS_L3_QOS_MAP,128,15,0,160b,0,Free,,,,,,,,,

2020-02-05 01:56:30.470000+00:00,spine3,sg14,obt-collector1,0/0/CPU0,3,21,9,EGRESS_L3_QOS_MAP,128,15,0,160b,0,Free,,,,,,,,,

2020-02-05 01:56:40.390000+00:00,spine3,sg14,obt-collector1,0/0/CPU0,3,21,9,EGRESS_L3_QOS_MAP,128,15,0,160b,0,Free,,,,,,,,,

2020-02-05 01:56:50.405000+00:00,spine3,sg14,obt-collector1,0/0/CPU0,3,21,9,EGRESS_L3_QOS_MAP,128,15,0,160b,0,Free,,,,,,,,,

2020-02-05 01:57:00.387000+00:00,spine3,sg14,obt-collector1,0/0/CPU0,3,21,9,EGRESS_L3_QOS_MAP,128,15,0,160b,0,Free,,,,,,,,,

2020-02-05 01:57:10.401000+00:00,spine3,sg14,obt-collector1,0/0/CPU0,3,21,9,EGRESS_L3_QOS_MAP,128,15,0,160b,0,Free,,,,,,,,,

2020-02-05 01:57:20.391000+00:00,spine3,sg14,obt-collector1,0/0/CPU0,3,21,9,EGRESS_L3_QOS_MAP,128,15,0,160b,0,Free,,,,,,,,,

2020-02-05 01:57:30.434000+00:00,spine3,sg14,obt-collector1,0/0/CPU0,3,21,9,EGRESS_L3_QOS_MAP,128,15,0,160b,0,Free,,,,,,,,,

2020-02-05 01:57:40.551000+00:00,spine3,sg14,obt-collector1,0/0/CPU0,3,21,9,EGRESS_L3_QOS_MAP,128,15,0,160b,0,Free,,,,,,,,,

2020-02-05 01:57:50.403000+00:00,spine3,sg14,obt-collector1,0/0/CPU0,3,21,9,EGRESS_L3_QOS_MAP,128,15,0,160b,0,Free,,,,,,,,,

2020-02-05 01:58:00.389000+00:00,spine3,sg14,obt-collector1,0/0/CPU0,3,21,9,EGRESS_L3_QOS_MAP,128,15,0,160b,0,Free,,,,,,,,,

2020-02-05 01:58:10.402000+00:00,spine3,sg14,obt-collector1,0/0/CPU0,3,21,9,EGRESS_L3_QOS_MAP,128,15,0,160b,0,Free,,,,,,,,,

2020-02-05 01:58:20.463000+00:00,spine3,sg14,obt-collector1,0/0/CPU0,3,21,9,EGRESS_L3_QOS_MAP,128,15,0,160b,0,Free,,,,,,,,,

2020-02-05 01:58:30.386000+00:00,spine3,sg14,obt-collector1,0/0/CPU0,3,21,9,EGRESS_L3_QOS_MAP,128,15,0,160b,0,Free,,,,,,,,,

2020-02-05 01:58:40.416000+00:00,spine3,sg14,obt-collector1,0/0/CPU0,3,21,9,EGRESS_L3_QOS_MAP,128,15,0,160b,0,Free,,,,,,,,,

2020-02-05 01:58:50.403000+00:00,spine3,sg14,obt-collector1,0/0/CPU0,3,21,9,EGRESS_L3_QOS_MAP,128,15,0,160b,0,Free,,,,,,,,,

2020-02-05 01:59:00.429000+00:00,spine3,sg14,obt-collector1,0/0/CPU0,3,21,9,EGRESS_L3_QOS_MAP,128,15,0,160b,0,Free,,,,,,,,,

2020-02-05 01:59:10.627000+00:00,spine3,sg14,obt-collector1,0/0/CPU0,3,21,9,EGRESS_L3_QOS_MAP,128,15,0,160b,0,Free,,,,,,,,,

2020-02-05 01:59:20.448000+00:00,spine3,sg14,obt-collector1,0/0/CPU0,3,21,9,EGRESS_L3_QOS_MAP,128,15,0,160b,0,Free,,,,,,,,,

2020-02-05 01:59:30.545000+00:00,spine3,sg14,obt-collector1,0/0/CPU0,3,21,9,EGRESS_L3_QOS_MAP,128,15,0,160b,0,Free,,,,,,,,,

2020-02-05 01:59:40.468000+00:00,spine3,sg14,obt-collector1,0/0/CPU0,3,21,9,EGRESS_L3_QOS_MAP,128,15,0,160b,0,Free,,,,,,,,,

2020-02-05 01:59:50.429000+00:00,spine3,sg14,obt-collector1,0/0/CPU0,3,21,9,EGRESS_L3_QOS_MAP,128,15,0,160b,0,Free,,,,,,,,,

2020-02-05 02:00:00.377000+00:00,spine3,sg14,obt-collector1,0/0/CPU0,3,21,9,EGRESS_L3_QOS_MAP,128,15,0,160b,0,Free,,,,,,,,,

2020-02-05 02:00:10.467000+00:00,spine3,sg14,obt-collector1,0/0/CPU0,3,21,9,EGRESS_L3_QOS_MAP,128,15,0,160b,0,Free,,,,,,,,,

2020-02-05 02:00:20.441000+00:00,spine3,sg14,obt-collector1,0/0/CPU0,3,21,9,EGRESS_L3_QOS_MAP,128,15,0,160b,0,Free,,,,,,,,,

2020-02-05 02:00:30.442000+00:00,spine3,sg14,obt-collector1,0/0/CPU0,3,21,9,EGRESS_L3_QOS_MAP,128,15,0,160b,0,Free,,,,,,,,,

2020-02-05 02:00:40.484000+00:00,spine3,sg14,obt-collector1,0/0/CPU0,3,21,9,EGRESS_L3_QOS_MAP,128,15,0,160b,0,Free,,,,,,,,,

2020-02-05 02:00:50.477000+00:00,spine3,sg14,obt-collector1,0/0/CPU0,3,21,9,EGRESS_L3_QOS_MAP,128,15,0,160b,0,Free,,,,,,,,,

2020-02-05 02:01:00.441000+00:00,spine3,sg14,obt-collector1,0/0/CPU0,3,21,9,EGRESS_L3_QOS_MAP,128,15,0,160b,0,Free,,,,,,,,,

2020-02-05 02:01:10.520000+00:00,spine3,sg14,obt-collector1,0/0/CPU0,3,21,9,EGRESS_L3_QOS_MAP,128,15,0,160b,0,Free,,,,,,,,,

2020-02-05 02:01:20.483000+00:00,spine3,sg14,obt-collector1,0/0/CPU0,3,21,9,EGRESS_L3_QOS_MAP,128,15,0,160b,0,Free,,,,,,,,,

2020-02-05 02:01:30.474000+00:00,spine3,sg14,obt-collector1,0/0/CPU0,3,21,9,EGRESS_L3_QOS_MAP,128,15,0,160b,0,Free,,,,,,,,,

2020-02-05 02:01:40.411000+00:00,spine3,sg14,obt-collector1,0/0/CPU0,3,21,9,EGRESS_L3_QOS_MAP,128,15,0,160b,0,Free,,,,,,,,,

2020-02-05 02:01:50.429000+00:00,spine3,sg14,obt-collector1,0/0/CPU0,3,21,9,EGRESS_L3_QOS_MAP,128,15,0,160b,0,Free,,,,,,,,,

2020-02-05 02:02:00.521000+00:00,spine3,sg14,obt-collector1,0/0/CPU0,3,21,9,EGRESS_L3_QOS_MAP,128,15,0,160b,0,Free,,,,,,,,,

2020-02-05 02:02:10.455000+00:00,spine3,sg14,obt-collector1,0/0/CPU0,3,21,9,EGRESS_L3_QOS_MAP,128,15,0,160b,0,Free,,,,,,,,,

2020-02-05 02:02:20.397000+00:00,spine3,sg14,obt-collector1,0/0/CPU0,3,21,9,EGRESS_L3_QOS_MAP,128,15,0,160b,0,Free,,,,,,,,,

2020-02-05 02:02:30.389000+00:00,spine3,sg14,obt-collector1,0/0/CPU0,3,21,9,EGRESS_L3_QOS_MAP,128,15,0,160b,0,Free,,,,,,,,,

2020-02-05 02:02:40.431000+00:00,spine3,sg14,obt-collector1,0/0/CPU0,3,21,9,EGRESS_L3_QOS_MAP,128,15,0,160b,0,Free,,,,,,,,,

2020-02-05 02:02:50.417000+00:00,spine3,sg14,obt-collector1,0/0/CPU0,3,21,9,EGRESS_L3_QOS_MAP,128,15,0,160b,0,Free,,,,,,,,,

2020-02-05 02:03:00.426000+00:00,spine3,sg14,obt-collector1,0/0/CPU0,3,21,9,EGRESS_L3_QOS_MAP,128,15,0,160b,0,Free,,,,,,,,,

2020-02-05 02:03:10.479000+00:00,spine3,sg14,obt-collector1,0/0/CPU0,3,21,9,EGRESS_L3_QOS_MAP,128,15,0,160b,0,Free,,,,,,,,,

2020-02-05 02:03:20.443000+00:00,spine3,sg14,obt-collector1,0/0/CPU0,3,21,9,EGRESS_L3_QOS_MAP,128,15,0,160b,0,Free,,,,,,,,,

2020-02-05 02:03:30.400000+00:00,spine3,sg14,obt-collector1,0/0/CPU0,3,21,9,EGRESS_L3_QOS_MAP,128,15,0,160b,0,Free,,,,,,,,,

2020-02-05 02:03:40.424000+00:00,spine3,sg14,obt-collector1,0/0/CPU0,3,21,9,EGRESS_L3_QOS_MAP,128,15,0,160b,0,Free,,,,,,,,,

2020-02-05 02:03:50.508000+00:00,spine3,sg14,obt-collector1,0/0/CPU0,3,21,9,EGRESS_L3_QOS_MAP,128,15,0,160b,0,Free,,,,,,,,,

2020-02-05 02:04:00.401000+00:00,spine3,sg14,obt-collector1,0/0/CPU0,3,21,9,EGRESS_L3_QOS_MAP,128,15,0,160b,0,Free,,,,,,,,,

2020-02-05 02:04:10.475000+00:00,spine3,sg14,obt-collector1,0/0/CPU0,3,21,9,EGRESS_L3_QOS_MAP,128,15,0,160b,0,Free,,,,,,,,,

2020-02-05 02:04:20.424000+00:00,spine3,sg14,obt-collector1,0/0/CPU0,3,21,9,EGRESS_L3_QOS_MAP,128,15,0,160b,0,Free,,,,,,,,,

2020-02-05 02:04:30.413000+00:00,spine3,sg14,obt-collector1,0/0/CPU0,3,21,9,EGRESS_L3_QOS_MAP,128,15,0,160b,0,Free,,,,,,,,,

2020-02-05 02:04:40.415000+00:00,spine3,sg14,obt-collector1,0/0/CPU0,3,21,9,EGRESS_L3_QOS_MAP,128,15,0,160b,0,Free,,,,,,,,,

2020-02-05 02:04:50.464000+00:00,spine3,sg14,obt-collector1,0/0/CPU0,3,21,9,EGRESS_L3_QOS_MAP,128,15,0,160b,0,Free,,,,,,,,,

2020-02-05 02:05:00.616000+00:00,spine3,sg14,obt-collector1,0/0/CPU0,3,21,9,EGRESS_L3_QOS_MAP,128,15,0,160b,0,Free,,,,,,,,,

2020-02-05 02:05:10.521000+00:00,spine3,sg14,obt-collector1,0/0/CPU0,3,21,9,EGRESS_L3_QOS_MAP,128,15,0,160b,0,Free,,,,,,,,,

2020-02-05 02:05:20.433000+00:00,spine3,sg14,obt-collector1,0/0/CPU0,3,21,9,EGRESS_L3_QOS_MAP,128,15,0,160b,0,Free,,,,,,,,,

