,Producer,Target,host,interface-counts/admin-down-interface-count,interface-counts/down-interface-count,interface-counts/interface-count,interface-counts/up-interface-count,interface-type-list/interface-counts/admin-down-interface-count,interface-type-list/interface-counts/down-interface-count,interface-type-list/interface-counts/interface-count,interface-type-list/interface-counts/up-interface-count,interface-type-list/interface-type-description,interface-type-list/interface-type-name,interface-type/interface-counts/admin-down-interface-count,interface-type/interface-counts/down-interface-count,interface-type/interface-counts/interface-count,interface-type/interface-counts/up-interface-count,interface-type/interface-type-description,interface-type/interface-type-name

2020-02-05 01:41:26.390000+00:00,spine3,sg10,obt-collector1,3,1,39,35,,,,,,,0,0,1,1,Null interface,IFT_NULL

2020-02-05 01:41:36.366000+00:00,spine3,sg10,obt-collector1,3,1,39,35,,,,,,,0,0,1,1,Null interface,IFT_NULL

2020-02-05 01:41:46.357000+00:00,spine3,sg10,obt-collector1,3,1,39,35,,,,,,,0,0,1,1,Null interface,IFT_NULL

2020-02-05 01:41:56.381000+00:00,spine3,sg10,obt-collector1,3,1,39,35,,,,,,,0,0,1,1,Null interface,IFT_NULL

2020-02-05 01:42:06.385000+00:00,spine3,sg10,obt-collector1,3,1,39,35,,,,,,,0,0,1,1,Null interface,IFT_NULL

2020-02-05 01:42:16.377000+00:00,spine3,sg10,obt-collector1,3,1,39,35,,,,,,,0,0,1,1,Null interface,IFT_NULL

2020-02-05 01:42:26.420000+00:00,spine3,sg10,obt-collector1,3,1,39,35,,,,,,,0,0,1,1,Null interface,IFT_NULL

2020-02-05 01:42:36.360000+00:00,spine3,sg10,obt-collector1,3,1,39,35,,,,,,,0,0,1,1,Null interface,IFT_NULL

2020-02-05 01:42:46.436000+00:00,spine3,sg10,obt-collector1,3,1,39,35,,,,,,,0,0,1,1,Null interface,IFT_NULL

2020-02-05 01:42:56.367000+00:00,spine3,sg10,obt-collector1,3,1,39,35,,,,,,,0,0,1,1,Null interface,IFT_NULL

2020-02-05 01:43:06.373000+00:00,spine3,sg10,obt-collector1,3,1,39,35,,,,,,,0,0,1,1,Null interface,IFT_NULL

2020-02-05 01:43:16.363000+00:00,spine3,sg10,obt-collector1,3,1,39,35,,,,,,,0,0,1,1,Null interface,IFT_NULL

2020-02-05 01:43:26.380000+00:00,spine3,sg10,obt-collector1,3,1,39,35,,,,,,,0,0,1,1,Null interface,IFT_NULL

2020-02-05 01:43:36.402000+00:00,spine3,sg10,obt-collector1,3,1,39,35,,,,,,,0,0,1,1,Null interface,IFT_NULL

2020-02-05 01:43:46.370000+00:00,spine3,sg10,obt-collector1,3,1,39,35,,,,,,,0,0,1,1,Null interface,IFT_NULL

2020-02-05 01:43:56.368000+00:00,spine3,sg10,obt-collector1,3,1,39,35,,,,,,,0,0,1,1,Null interface,IFT_NULL

2020-02-05 01:44:06.395000+00:00,spine3,sg10,obt-collector1,3,1,39,35,,,,,,,0,0,1,1,Null interface,IFT_NULL

2020-02-05 01:44:16.507000+00:00,spine3,sg10,obt-collector1,3,1,39,35,,,,,,,0,0,1,1,Null interface,IFT_NULL

2020-02-05 01:44:26.403000+00:00,spine3,sg10,obt-collector1,3,1,39,35,,,,,,,0,0,1,1,Null interface,IFT_NULL

2020-02-05 01:44:36.464000+00:00,spine3,sg10,obt-collector1,3,1,39,35,,,,,,,0,0,1,1,Null interface,IFT_NULL

2020-02-05 01:44:46.415000+00:00,spine3,sg10,obt-collector1,3,1,39,35,,,,,,,0,0,1,1,Null interface,IFT_NULL

2020-02-05 01:44:56.560000+00:00,spine3,sg10,obt-collector1,3,1,39,35,,,,,,,0,0,1,1,Null interface,IFT_NULL

2020-02-05 01:45:06.385000+00:00,spine3,sg10,obt-collector1,3,1,39,35,,,,,,,0,0,1,1,Null interface,IFT_NULL

2020-02-05 01:45:16.391000+00:00,spine3,sg10,obt-collector1,3,1,39,35,,,,,,,0,0,1,1,Null interface,IFT_NULL

2020-02-05 01:45:26.346000+00:00,spine3,sg10,obt-collector1,3,1,39,35,,,,,,,0,0,1,1,Null interface,IFT_NULL

2020-02-05 01:45:36.439000+00:00,spine3,sg10,obt-collector1,3,1,39,35,,,,,,,0,0,1,1,Null interface,IFT_NULL

2020-02-05 01:45:46.441000+00:00,spine3,sg10,obt-collector1,3,1,39,35,,,,,,,0,0,1,1,Null interface,IFT_NULL

2020-02-05 01:45:56.441000+00:00,spine3,sg10,obt-collector1,3,1,39,35,,,,,,,0,0,1,1,Null interface,IFT_NULL

2020-02-05 01:46:06.441000+00:00,spine3,sg10,obt-collector1,3,1,39,35,,,,,,,0,0,1,1,Null interface,IFT_NULL

2020-02-05 01:46:16.410000+00:00,spine3,sg10,obt-collector1,3,1,39,35,,,,,,,0,0,1,1,Null interface,IFT_NULL

2020-02-05 01:46:26.453000+00:00,spine3,sg10,obt-collector1,3,1,39,35,,,,,,,0,0,1,1,Null interface,IFT_NULL

2020-02-05 01:46:36.371000+00:00,spine3,sg10,obt-collector1,3,1,39,35,,,,,,,0,0,1,1,Null interface,IFT_NULL

2020-02-05 01:46:46.407000+00:00,spine3,sg10,obt-collector1,3,1,39,35,,,,,,,0,0,1,1,Null interface,IFT_NULL

2020-02-05 01:46:56.363000+00:00,spine3,sg10,obt-collector1,3,1,39,35,,,,,,,0,0,1,1,Null interface,IFT_NULL

2020-02-05 01:47:06.336000+00:00,spine3,sg10,obt-collector1,3,1,39,35,,,,,,,0,0,1,1,Null interface,IFT_NULL

2020-02-05 01:47:16.390000+00:00,spine3,sg10,obt-collector1,3,1,39,35,,,,,,,0,0,1,1,Null interface,IFT_NULL

2020-02-05 01:47:26.367000+00:00,spine3,sg10,obt-collector1,3,1,39,35,,,,,,,0,0,1,1,Null interface,IFT_NULL

2020-02-05 01:47:36.381000+00:00,spine3,sg10,obt-collector1,3,1,39,35,,,,,,,0,0,1,1,Null interface,IFT_NULL

2020-02-05 01:47:46.388000+00:00,spine3,sg10,obt-collector1,3,1,39,35,,,,,,,0,0,1,1,Null interface,IFT_NULL

2020-02-05 01:47:56.384000+00:00,spine3,sg10,obt-collector1,3,1,39,35,,,,,,,0,0,1,1,Null interface,IFT_NULL

2020-02-05 01:48:06.353000+00:00,spine3,sg10,obt-collector1,3,1,39,35,,,,,,,0,0,1,1,Null interface,IFT_NULL

2020-02-05 01:48:16.419000+00:00,spine3,sg10,obt-collector1,3,1,39,35,,,,,,,0,0,1,1,Null interface,IFT_NULL

2020-02-05 01:48:26.382000+00:00,spine3,sg10,obt-collector1,3,1,39,35,,,,,,,0,0,1,1,Null interface,IFT_NULL

2020-02-05 01:48:36.382000+00:00,spine3,sg10,obt-collector1,3,1,39,35,,,,,,,0,0,1,1,Null interface,IFT_NULL

2020-02-05 01:48:46.382000+00:00,spine3,sg10,obt-collector1,3,1,39,35,,,,,,,0,0,1,1,Null interface,IFT_NULL

2020-02-05 01:48:56.389000+00:00,spine3,sg10,obt-collector1,3,1,39,35,,,,,,,0,0,1,1,Null interface,IFT_NULL

2020-02-05 01:49:06.358000+00:00,spine3,sg10,obt-collector1,3,1,39,35,,,,,,,0,0,1,1,Null interface,IFT_NULL

2020-02-05 01:49:16.338000+00:00,spine3,sg10,obt-collector1,3,1,39,35,,,,,,,0,0,1,1,Null interface,IFT_NULL

2020-02-05 01:49:26.368000+00:00,spine3,sg10,obt-collector1,3,1,39,35,,,,,,,0,0,1,1,Null interface,IFT_NULL

2020-02-05 01:49:36.414000+00:00,spine3,sg10,obt-collector1,3,1,39,35,,,,,,,0,0,1,1,Null interface,IFT_NULL

2020-02-05 01:49:46.507000+00:00,spine3,sg10,obt-collector1,3,1,39,35,,,,,,,0,0,1,1,Null interface,IFT_NULL

2020-02-05 01:49:56.424000+00:00,spine3,sg10,obt-collector1,3,1,39,35,,,,,,,0,0,1,1,Null interface,IFT_NULL

2020-02-05 01:50:06.468000+00:00,spine3,sg10,obt-collector1,3,1,39,35,,,,,,,0,0,1,1,Null interface,IFT_NULL

2020-02-05 01:50:16.453000+00:00,spine3,sg10,obt-collector1,3,1,39,35,,,,,,,0,0,1,1,Null interface,IFT_NULL

2020-02-05 01:50:26.453000+00:00,spine3,sg10,obt-collector1,3,1,39,35,,,,,,,0,0,1,1,Null interface,IFT_NULL

2020-02-05 01:50:36.388000+00:00,spine3,sg10,obt-collector1,3,1,39,35,,,,,,,0,0,1,1,Null interface,IFT_NULL

2020-02-05 01:50:46.421000+00:00,spine3,sg10,obt-collector1,3,1,39,35,,,,,,,0,0,1,1,Null interface,IFT_NULL

2020-02-05 01:50:56.384000+00:00,spine3,sg10,obt-collector1,3,1,39,35,,,,,,,0,0,1,1,Null interface,IFT_NULL

2020-02-05 01:51:06.356000+00:00,spine3,sg10,obt-collector1,3,1,39,35,,,,,,,0,0,1,1,Null interface,IFT_NULL

2020-02-05 01:51:16.384000+00:00,spine3,sg10,obt-collector1,3,1,39,35,,,,,,,0,0,1,1,Null interface,IFT_NULL

2020-02-05 01:51:26.379000+00:00,spine3,sg10,obt-collector1,3,1,39,35,,,,,,,0,0,1,1,Null interface,IFT_NULL

2020-02-05 01:51:36.381000+00:00,spine3,sg10,obt-collector1,3,1,39,35,,,,,,,0,0,1,1,Null interface,IFT_NULL

2020-02-05 01:51:46.429000+00:00,spine3,sg10,obt-collector1,3,1,39,35,,,,,,,0,0,1,1,Null interface,IFT_NULL

2020-02-05 01:51:56.404000+00:00,spine3,sg10,obt-collector1,3,1,39,35,,,,,,,0,0,1,1,Null interface,IFT_NULL

2020-02-05 01:52:06.365000+00:00,spine3,sg10,obt-collector1,3,1,39,35,,,,,,,0,0,1,1,Null interface,IFT_NULL

2020-02-05 01:52:16.414000+00:00,spine3,sg10,obt-collector1,3,1,39,35,,,,,,,0,0,1,1,Null interface,IFT_NULL

2020-02-05 01:52:26.368000+00:00,spine3,sg10,obt-collector1,3,1,39,35,,,,,,,0,0,1,1,Null interface,IFT_NULL

2020-02-05 01:52:36.369000+00:00,spine3,sg10,obt-collector1,3,1,39,35,,,,,,,0,0,1,1,Null interface,IFT_NULL

2020-02-05 01:52:46.401000+00:00,spine3,sg10,obt-collector1,3,1,39,35,,,,,,,0,0,1,1,Null interface,IFT_NULL

2020-02-05 01:52:56.512000+00:00,spine3,sg10,obt-collector1,3,1,39,35,,,,,,,0,0,1,1,Null interface,IFT_NULL

2020-02-05 01:53:06.374000+00:00,spine3,sg10,obt-collector1,3,1,39,35,,,,,,,0,0,1,1,Null interface,IFT_NULL

2020-02-05 01:53:16.348000+00:00,spine3,sg10,obt-collector1,3,1,39,35,,,,,,,0,0,1,1,Null interface,IFT_NULL

2020-02-05 01:53:26.396000+00:00,spine3,sg10,obt-collector1,3,1,39,35,,,,,,,0,0,1,1,Null interface,IFT_NULL

2020-02-05 01:53:36.382000+00:00,spine3,sg10,obt-collector1,3,1,39,35,,,,,,,0,0,1,1,Null interface,IFT_NULL

2020-02-05 01:53:46.426000+00:00,spine3,sg10,obt-collector1,3,1,39,35,,,,,,,0,0,1,1,Null interface,IFT_NULL

2020-02-05 01:53:56.366000+00:00,spine3,sg10,obt-collector1,3,1,39,35,,,,,,,0,0,1,1,Null interface,IFT_NULL

2020-02-05 01:54:06.399000+00:00,spine3,sg10,obt-collector1,3,1,39,35,,,,,,,0,0,1,1,Null interface,IFT_NULL

2020-02-05 01:54:16.345000+00:00,spine3,sg10,obt-collector1,3,1,39,35,,,,,,,0,0,1,1,Null interface,IFT_NULL

2020-02-05 01:54:26.431000+00:00,spine3,sg10,obt-collector1,3,1,39,35,,,,,,,0,0,1,1,Null interface,IFT_NULL

2020-02-05 01:54:36.418000+00:00,spine3,sg10,obt-collector1,3,1,39,35,,,,,,,0,0,1,1,Null interface,IFT_NULL

2020-02-05 01:54:46.438000+00:00,spine3,sg10,obt-collector1,3,1,39,35,,,,,,,0,0,1,1,Null interface,IFT_NULL

2020-02-05 01:54:56.453000+00:00,spine3,sg10,obt-collector1,3,1,39,35,,,,,,,0,0,1,1,Null interface,IFT_NULL

2020-02-05 01:55:06.408000+00:00,spine3,sg10,obt-collector1,3,1,39,35,,,,,,,0,0,1,1,Null interface,IFT_NULL

2020-02-05 01:55:16.403000+00:00,spine3,sg10,obt-collector1,3,1,39,35,,,,,,,0,0,1,1,Null interface,IFT_NULL

2020-02-05 01:55:26.380000+00:00,spine3,sg10,obt-collector1,3,1,39,35,,,,,,,0,0,1,1,Null interface,IFT_NULL

2020-02-05 01:55:36.395000+00:00,spine3,sg10,obt-collector1,3,1,39,35,,,,,,,0,0,1,1,Null interface,IFT_NULL

2020-02-05 01:55:46.351000+00:00,spine3,sg10,obt-collector1,3,1,39,35,,,,,,,0,0,1,1,Null interface,IFT_NULL

2020-02-05 01:55:56.410000+00:00,spine3,sg10,obt-collector1,3,1,39,35,,,,,,,0,0,1,1,Null interface,IFT_NULL

2020-02-05 01:56:06.353000+00:00,spine3,sg10,obt-collector1,3,1,39,35,,,,,,,0,0,1,1,Null interface,IFT_NULL

2020-02-05 01:56:16.383000+00:00,spine3,sg10,obt-collector1,3,1,39,35,,,,,,,0,0,1,1,Null interface,IFT_NULL

2020-02-05 01:56:26.369000+00:00,spine3,sg10,obt-collector1,3,1,39,35,,,,,,,0,0,1,1,Null interface,IFT_NULL

2020-02-05 01:56:36.367000+00:00,spine3,sg10,obt-collector1,3,1,39,35,,,,,,,0,0,1,1,Null interface,IFT_NULL

2020-02-05 01:56:46.391000+00:00,spine3,sg10,obt-collector1,3,1,39,35,,,,,,,0,0,1,1,Null interface,IFT_NULL

2020-02-05 01:56:56.349000+00:00,spine3,sg10,obt-collector1,3,1,39,35,,,,,,,0,0,1,1,Null interface,IFT_NULL

2020-02-05 01:57:06.371000+00:00,spine3,sg10,obt-collector1,3,1,39,35,,,,,,,0,0,1,1,Null interface,IFT_NULL

2020-02-05 01:57:16.376000+00:00,spine3,sg10,obt-collector1,3,1,39,35,,,,,,,0,0,1,1,Null interface,IFT_NULL

2020-02-05 01:57:26.413000+00:00,spine3,sg10,obt-collector1,3,1,39,35,,,,,,,0,0,1,1,Null interface,IFT_NULL

2020-02-05 01:57:36.388000+00:00,spine3,sg10,obt-collector1,3,1,39,35,,,,,,,0,0,1,1,Null interface,IFT_NULL

2020-02-05 01:57:46.388000+00:00,spine3,sg10,obt-collector1,3,1,39,35,,,,,,,0,0,1,1,Null interface,IFT_NULL

2020-02-05 01:57:56.364000+00:00,spine3,sg10,obt-collector1,3,1,39,35,,,,,,,0,0,1,1,Null interface,IFT_NULL

2020-02-05 01:58:06.359000+00:00,spine3,sg10,obt-collector1,3,1,39,35,,,,,,,0,0,1,1,Null interface,IFT_NULL

2020-02-05 01:58:16.384000+00:00,spine3,sg10,obt-collector1,3,1,39,35,,,,,,,0,0,1,1,Null interface,IFT_NULL

2020-02-05 01:58:26.376000+00:00,spine3,sg10,obt-collector1,3,1,39,35,,,,,,,0,0,1,1,Null interface,IFT_NULL

2020-02-05 01:58:36.400000+00:00,spine3,sg10,obt-collector1,3,1,39,35,,,,,,,0,0,1,1,Null interface,IFT_NULL

2020-02-05 01:58:46.385000+00:00,spine3,sg10,obt-collector1,3,1,39,35,,,,,,,0,0,1,1,Null interface,IFT_NULL

2020-02-05 01:58:56.413000+00:00,spine3,sg10,obt-collector1,3,1,39,35,,,,,,,0,0,1,1,Null interface,IFT_NULL

2020-02-05 01:59:06.435000+00:00,spine3,sg10,obt-collector1,3,1,39,35,,,,,,,0,0,1,1,Null interface,IFT_NULL

2020-02-05 01:59:16.433000+00:00,spine3,sg10,obt-collector1,3,1,39,35,,,,,,,0,0,1,1,Null interface,IFT_NULL

2020-02-05 01:59:26.404000+00:00,spine3,sg10,obt-collector1,3,1,39,35,,,,,,,0,0,1,1,Null interface,IFT_NULL

2020-02-05 01:59:36.445000+00:00,spine3,sg10,obt-collector1,3,1,39,35,,,,,,,0,0,1,1,Null interface,IFT_NULL

2020-02-05 01:59:46.420000+00:00,spine3,sg10,obt-collector1,3,1,39,35,,,,,,,0,0,1,1,Null interface,IFT_NULL

2020-02-05 01:59:56.364000+00:00,spine3,sg10,obt-collector1,3,1,39,35,,,,,,,0,0,1,1,Null interface,IFT_NULL

2020-02-05 02:00:06.422000+00:00,spine3,sg10,obt-collector1,3,1,39,35,,,,,,,0,0,1,1,Null interface,IFT_NULL

2020-02-05 02:00:16.428000+00:00,spine3,sg10,obt-collector1,3,1,39,35,,,,,,,0,0,1,1,Null interface,IFT_NULL

2020-02-05 02:00:26.432000+00:00,spine3,sg10,obt-collector1,3,1,39,35,,,,,,,0,0,1,1,Null interface,IFT_NULL

2020-02-05 02:00:36.453000+00:00,spine3,sg10,obt-collector1,3,1,39,35,,,,,,,0,0,1,1,Null interface,IFT_NULL

2020-02-05 02:00:46.463000+00:00,spine3,sg10,obt-collector1,3,1,39,35,,,,,,,0,0,1,1,Null interface,IFT_NULL

2020-02-05 02:00:56.422000+00:00,spine3,sg10,obt-collector1,3,1,39,35,,,,,,,0,0,1,1,Null interface,IFT_NULL

2020-02-05 02:01:06.492000+00:00,spine3,sg10,obt-collector1,3,1,39,35,,,,,,,0,0,1,1,Null interface,IFT_NULL

2020-02-05 02:01:16.366000+00:00,spine3,sg10,obt-collector1,3,1,39,35,,,,,,,0,0,1,1,Null interface,IFT_NULL

2020-02-05 02:01:26.451000+00:00,spine3,sg10,obt-collector1,3,1,39,35,,,,,,,0,0,1,1,Null interface,IFT_NULL

2020-02-05 02:01:36.390000+00:00,spine3,sg10,obt-collector1,3,1,39,35,,,,,,,0,0,1,1,Null interface,IFT_NULL

2020-02-05 02:01:46.415000+00:00,spine3,sg10,obt-collector1,3,1,39,35,,,,,,,0,0,1,1,Null interface,IFT_NULL

2020-02-05 02:01:56.394000+00:00,spine3,sg10,obt-collector1,3,1,39,35,,,,,,,0,0,1,1,Null interface,IFT_NULL

2020-02-05 02:02:06.418000+00:00,spine3,sg10,obt-collector1,3,1,39,35,,,,,,,0,0,1,1,Null interface,IFT_NULL

2020-02-05 02:02:16.362000+00:00,spine3,sg10,obt-collector1,3,1,39,35,,,,,,,0,0,1,1,Null interface,IFT_NULL

2020-02-05 02:02:26.371000+00:00,spine3,sg10,obt-collector1,3,1,39,35,,,,,,,0,0,1,1,Null interface,IFT_NULL

2020-02-05 02:02:36.406000+00:00,spine3,sg10,obt-collector1,3,1,39,35,,,,,,,0,0,1,1,Null interface,IFT_NULL

2020-02-05 02:02:46.403000+00:00,spine3,sg10,obt-collector1,3,1,39,35,,,,,,,0,0,1,1,Null interface,IFT_NULL

2020-02-05 02:02:56.421000+00:00,spine3,sg10,obt-collector1,3,1,39,35,,,,,,,0,0,1,1,Null interface,IFT_NULL

2020-02-05 02:03:06.384000+00:00,spine3,sg10,obt-collector1,3,1,39,35,,,,,,,0,0,1,1,Null interface,IFT_NULL

2020-02-05 02:03:16.425000+00:00,spine3,sg10,obt-collector1,3,1,39,35,,,,,,,0,0,1,1,Null interface,IFT_NULL

2020-02-05 02:03:26.376000+00:00,spine3,sg10,obt-collector1,3,1,39,35,,,,,,,0,0,1,1,Null interface,IFT_NULL

2020-02-05 02:03:36.395000+00:00,spine3,sg10,obt-collector1,3,1,39,35,,,,,,,0,0,1,1,Null interface,IFT_NULL

2020-02-05 02:03:46.387000+00:00,spine3,sg10,obt-collector1,3,1,39,35,,,,,,,0,0,1,1,Null interface,IFT_NULL

2020-02-05 02:03:56.377000+00:00,spine3,sg10,obt-collector1,3,1,39,35,,,,,,,0,0,1,1,Null interface,IFT_NULL

2020-02-05 02:04:06.434000+00:00,spine3,sg10,obt-collector1,3,1,39,35,,,,,,,0,0,1,1,Null interface,IFT_NULL

2020-02-05 02:04:16.418000+00:00,spine3,sg10,obt-collector1,3,1,39,35,,,,,,,0,0,1,1,Null interface,IFT_NULL

2020-02-05 02:04:26.385000+00:00,spine3,sg10,obt-collector1,3,1,39,35,,,,,,,0,0,1,1,Null interface,IFT_NULL

2020-02-05 02:04:36.377000+00:00,spine3,sg10,obt-collector1,3,1,39,35,,,,,,,0,0,1,1,Null interface,IFT_NULL

2020-02-05 02:04:46.447000+00:00,spine3,sg10,obt-collector1,3,1,39,35,,,,,,,0,0,1,1,Null interface,IFT_NULL

2020-02-05 02:04:56.410000+00:00,spine3,sg10,obt-collector1,3,1,39,35,,,,,,,0,0,1,1,Null interface,IFT_NULL

2020-02-05 02:05:06.495000+00:00,spine3,sg10,obt-collector1,3,1,39,35,,,,,,,0,0,1,1,Null interface,IFT_NULL

2020-02-05 02:05:16.422000+00:00,spine3,sg10,obt-collector1,3,1,39,35,,,,,,,0,0,1,1,Null interface,IFT_NULL

2020-02-05 02:05:26.414000+00:00,spine3,sg10,obt-collector1,3,1,39,35,,,,,,,0,0,1,1,Null interface,IFT_NULL

