,EncodingPath,Producer,free-application-memory,free-physical-memory,node-name,ram-memory,system-ram-memory

2020-02-06 19:40:16.781000+00:00,Cisco-IOS-XR-nto-misc-oper:memory-summary/nodes/node/summary,spine1,9244745728,9409753088,0/0/CPU0,12884901888,12884901888

2020-02-06 19:40:16.786000+00:00,Cisco-IOS-XR-nto-misc-oper:memory-summary/nodes/node/summary,spine1,10624102400,10827943936,0/RP0/CPU0,15032385536,15032385536

2020-02-06 19:40:23.104000+00:00,Cisco-IOS-XR-nto-misc-oper:memory-summary/nodes/node/summary,spine1,9244712960,9409720320,0/0/CPU0,12884901888,12884901888

2020-02-06 19:40:23.108000+00:00,Cisco-IOS-XR-nto-misc-oper:memory-summary/nodes/node/summary,spine1,10624086016,10827927552,0/RP0/CPU0,15032385536,15032385536

2020-02-06 19:40:28.248000+00:00,Cisco-IOS-XR-nto-misc-oper:memory-summary/nodes/node/summary,spine1,9244794880,9409802240,0/0/CPU0,12884901888,12884901888

2020-02-06 19:40:28.252000+00:00,Cisco-IOS-XR-nto-misc-oper:memory-summary/nodes/node/summary,spine1,10624364544,10828206080,0/RP0/CPU0,15032385536,15032385536

2020-02-06 19:40:34.593000+00:00,Cisco-IOS-XR-nto-misc-oper:memory-summary/nodes/node/summary,spine1,9244540928,9409548288,0/0/CPU0,12884901888,12884901888

2020-02-06 19:40:34.598000+00:00,Cisco-IOS-XR-nto-misc-oper:memory-summary/nodes/node/summary,spine1,10624360448,10828201984,0/RP0/CPU0,15032385536,15032385536

2020-02-06 19:40:39.733000+00:00,Cisco-IOS-XR-nto-misc-oper:memory-summary/nodes/node/summary,spine1,9244786688,9409794048,0/0/CPU0,12884901888,12884901888

2020-02-06 19:40:39.737000+00:00,Cisco-IOS-XR-nto-misc-oper:memory-summary/nodes/node/summary,spine1,10624180224,10828029952,0/RP0/CPU0,15032385536,15032385536

2020-02-06 19:40:46.130000+00:00,Cisco-IOS-XR-nto-misc-oper:memory-summary/nodes/node/summary,spine1,9244573696,9409536000,0/0/CPU0,12884901888,12884901888

2020-02-06 19:40:46.134000+00:00,Cisco-IOS-XR-nto-misc-oper:memory-summary/nodes/node/summary,spine1,10624237568,10828087296,0/RP0/CPU0,15032385536,15032385536

2020-02-06 19:40:51.268000+00:00,Cisco-IOS-XR-nto-misc-oper:memory-summary/nodes/node/summary,spine1,9244590080,9409728512,0/0/CPU0,12884901888,12884901888

2020-02-06 19:40:51.272000+00:00,Cisco-IOS-XR-nto-misc-oper:memory-summary/nodes/node/summary,spine1,10624278528,10828128256,0/RP0/CPU0,15032385536,15032385536

2020-02-06 19:40:57.575000+00:00,Cisco-IOS-XR-nto-misc-oper:memory-summary/nodes/node/summary,spine1,9244655616,9409662976,0/0/CPU0,12884901888,12884901888

2020-02-06 19:40:57.579000+00:00,Cisco-IOS-XR-nto-misc-oper:memory-summary/nodes/node/summary,spine1,10624221184,10828070912,0/RP0/CPU0,15032385536,15032385536

2020-02-06 19:41:02.713000+00:00,Cisco-IOS-XR-nto-misc-oper:memory-summary/nodes/node/summary,spine1,9244577792,9409716224,0/0/CPU0,12884901888,12884901888

2020-02-06 19:41:02.717000+00:00,Cisco-IOS-XR-nto-misc-oper:memory-summary/nodes/node/summary,spine1,10623967232,10827948032,0/RP0/CPU0,15032385536,15032385536

2020-02-06 19:41:09.020000+00:00,Cisco-IOS-XR-nto-misc-oper:memory-summary/nodes/node/summary,spine1,9243451392,9408458752,0/0/CPU0,12884901888,12884901888

2020-02-06 19:41:09.024000+00:00,Cisco-IOS-XR-nto-misc-oper:memory-summary/nodes/node/summary,spine1,10621693952,10825580544,0/RP0/CPU0,15032385536,15032385536

2020-02-06 19:41:14.166000+00:00,Cisco-IOS-XR-nto-misc-oper:memory-summary/nodes/node/summary,spine1,9245478912,9410617344,0/0/CPU0,12884901888,12884901888

2020-02-06 19:41:14.170000+00:00,Cisco-IOS-XR-nto-misc-oper:memory-summary/nodes/node/summary,spine1,10623942656,10827960320,0/RP0/CPU0,15032385536,15032385536

2020-02-06 19:41:20.435000+00:00,Cisco-IOS-XR-nto-misc-oper:memory-summary/nodes/node/summary,spine1,9245630464,9410772992,0/0/CPU0,12884901888,12884901888

2020-02-06 19:41:20.440000+00:00,Cisco-IOS-XR-nto-misc-oper:memory-summary/nodes/node/summary,spine1,10624061440,10827960320,0/RP0/CPU0,15032385536,15032385536

2020-02-06 19:41:25.581000+00:00,Cisco-IOS-XR-nto-misc-oper:memory-summary/nodes/node/summary,spine1,9245773824,9410916352,0/0/CPU0,12884901888,12884901888

2020-02-06 19:41:25.585000+00:00,Cisco-IOS-XR-nto-misc-oper:memory-summary/nodes/node/summary,spine1,10623897600,10827796480,0/RP0/CPU0,15032385536,15032385536

2020-02-06 19:41:31.886000+00:00,Cisco-IOS-XR-nto-misc-oper:memory-summary/nodes/node/summary,spine1,9245630464,9410641920,0/0/CPU0,12884901888,12884901888

2020-02-06 19:41:31.890000+00:00,Cisco-IOS-XR-nto-misc-oper:memory-summary/nodes/node/summary,spine1,10624278528,10828177408,0/RP0/CPU0,15032385536,15032385536

2020-02-06 19:41:37.027000+00:00,Cisco-IOS-XR-nto-misc-oper:memory-summary/nodes/node/summary,spine1,9245528064,9410539520,0/0/CPU0,12884901888,12884901888

2020-02-06 19:41:37.031000+00:00,Cisco-IOS-XR-nto-misc-oper:memory-summary/nodes/node/summary,spine1,10624204800,10828103680,0/RP0/CPU0,15032385536,15032385536

2020-02-06 19:41:43.397000+00:00,Cisco-IOS-XR-nto-misc-oper:memory-summary/nodes/node/summary,spine1,9245528064,9410539520,0/0/CPU0,12884901888,12884901888

2020-02-06 19:41:43.401000+00:00,Cisco-IOS-XR-nto-misc-oper:memory-summary/nodes/node/summary,spine1,10624315392,10828218368,0/RP0/CPU0,15032385536,15032385536

2020-02-06 19:41:48.537000+00:00,Cisco-IOS-XR-nto-misc-oper:memory-summary/nodes/node/summary,spine1,9245589504,9410600960,0/0/CPU0,12884901888,12884901888

2020-02-06 19:41:48.542000+00:00,Cisco-IOS-XR-nto-misc-oper:memory-summary/nodes/node/summary,spine1,10624253952,10828132352,0/RP0/CPU0,15032385536,15032385536

2020-02-06 19:41:54.864000+00:00,Cisco-IOS-XR-nto-misc-oper:memory-summary/nodes/node/summary,spine1,9245478912,9410621440,0/0/CPU0,12884901888,12884901888

2020-02-06 19:41:54.868000+00:00,Cisco-IOS-XR-nto-misc-oper:memory-summary/nodes/node/summary,spine1,10624184320,10828087296,0/RP0/CPU0,15032385536,15032385536

2020-02-06 19:42:00.001000+00:00,Cisco-IOS-XR-nto-misc-oper:memory-summary/nodes/node/summary,spine1,9245454336,9410465792,0/0/CPU0,12884901888,12884901888

2020-02-06 19:42:00.005000+00:00,Cisco-IOS-XR-nto-misc-oper:memory-summary/nodes/node/summary,spine1,10624061440,10827964416,0/RP0/CPU0,15032385536,15032385536

2020-02-06 19:42:06.305000+00:00,Cisco-IOS-XR-nto-misc-oper:memory-summary/nodes/node/summary,spine1,9245597696,9410740224,0/0/CPU0,12884901888,12884901888

2020-02-06 19:42:06.309000+00:00,Cisco-IOS-XR-nto-misc-oper:memory-summary/nodes/node/summary,spine1,10624278528,10828181504,0/RP0/CPU0,15032385536,15032385536

2020-02-06 19:42:11.454000+00:00,Cisco-IOS-XR-nto-misc-oper:memory-summary/nodes/node/summary,spine1,9245671424,9410813952,0/0/CPU0,12884901888,12884901888

2020-02-06 19:42:11.458000+00:00,Cisco-IOS-XR-nto-misc-oper:memory-summary/nodes/node/summary,spine1,10624126976,10828165120,0/RP0/CPU0,15032385536,15032385536

2020-02-06 19:42:17.871000+00:00,Cisco-IOS-XR-nto-misc-oper:memory-summary/nodes/node/summary,spine1,9245659136,9410674688,0/0/CPU0,12884901888,12884901888

2020-02-06 19:42:17.875000+00:00,Cisco-IOS-XR-nto-misc-oper:memory-summary/nodes/node/summary,spine1,10624376832,10828292096,0/RP0/CPU0,15032385536,15032385536

2020-02-06 19:42:23.019000+00:00,Cisco-IOS-XR-nto-misc-oper:memory-summary/nodes/node/summary,spine1,9245704192,9410719744,0/0/CPU0,12884901888,12884901888

2020-02-06 19:42:23.023000+00:00,Cisco-IOS-XR-nto-misc-oper:memory-summary/nodes/node/summary,spine1,10624479232,10828394496,0/RP0/CPU0,15032385536,15032385536

2020-02-06 19:42:29.343000+00:00,Cisco-IOS-XR-nto-misc-oper:memory-summary/nodes/node/summary,spine1,9245597696,9410613248,0/0/CPU0,12884901888,12884901888

2020-02-06 19:42:29.347000+00:00,Cisco-IOS-XR-nto-misc-oper:memory-summary/nodes/node/summary,spine1,10624573440,10828488704,0/RP0/CPU0,15032385536,15032385536

2020-02-06 19:42:34.490000+00:00,Cisco-IOS-XR-nto-misc-oper:memory-summary/nodes/node/summary,spine1,9245569024,9410584576,0/0/CPU0,12884901888,12884901888

2020-02-06 19:42:34.494000+00:00,Cisco-IOS-XR-nto-misc-oper:memory-summary/nodes/node/summary,spine1,10624442368,10828357632,0/RP0/CPU0,15032385536,15032385536

2020-02-06 19:42:40.823000+00:00,Cisco-IOS-XR-nto-misc-oper:memory-summary/nodes/node/summary,spine1,9245454336,9410469888,0/0/CPU0,12884901888,12884901888

2020-02-06 19:42:40.827000+00:00,Cisco-IOS-XR-nto-misc-oper:memory-summary/nodes/node/summary,spine1,10624413696,10828333056,0/RP0/CPU0,15032385536,15032385536

2020-02-06 19:42:45.962000+00:00,Cisco-IOS-XR-nto-misc-oper:memory-summary/nodes/node/summary,spine1,9245470720,9410486272,0/0/CPU0,12884901888,12884901888

2020-02-06 19:42:45.966000+00:00,Cisco-IOS-XR-nto-misc-oper:memory-summary/nodes/node/summary,spine1,10624565248,10828484608,0/RP0/CPU0,15032385536,15032385536

2020-02-06 19:42:52.263000+00:00,Cisco-IOS-XR-nto-misc-oper:memory-summary/nodes/node/summary,spine1,9245573120,9410719744,0/0/CPU0,12884901888,12884901888

2020-02-06 19:42:52.267000+00:00,Cisco-IOS-XR-nto-misc-oper:memory-summary/nodes/node/summary,spine1,10624294912,10828345344,0/RP0/CPU0,15032385536,15032385536

2020-02-06 19:42:57.402000+00:00,Cisco-IOS-XR-nto-misc-oper:memory-summary/nodes/node/summary,spine1,9245540352,9410686976,0/0/CPU0,12884901888,12884901888

2020-02-06 19:42:57.406000+00:00,Cisco-IOS-XR-nto-misc-oper:memory-summary/nodes/node/summary,spine1,10624425984,10828345344,0/RP0/CPU0,15032385536,15032385536

2020-02-06 19:43:04.080000+00:00,Cisco-IOS-XR-nto-misc-oper:memory-summary/nodes/node/summary,spine1,9245601792,9410617344,0/0/CPU0,12884901888,12884901888

2020-02-06 19:43:04.084000+00:00,Cisco-IOS-XR-nto-misc-oper:memory-summary/nodes/node/summary,spine1,10624434176,10828353536,0/RP0/CPU0,15032385536,15032385536

2020-02-06 19:43:09.224000+00:00,Cisco-IOS-XR-nto-misc-oper:memory-summary/nodes/node/summary,spine1,9245605888,9410752512,0/0/CPU0,12884901888,12884901888

2020-02-06 19:43:09.228000+00:00,Cisco-IOS-XR-nto-misc-oper:memory-summary/nodes/node/summary,spine1,10624331776,10828259328,0/RP0/CPU0,15032385536,15032385536

2020-02-06 19:43:15.145000+00:00,Cisco-IOS-XR-nto-misc-oper:memory-summary/nodes/node/summary,spine1,9245634560,9410781184,0/0/CPU0,12884901888,12884901888

2020-02-06 19:43:15.149000+00:00,Cisco-IOS-XR-nto-misc-oper:memory-summary/nodes/node/summary,spine1,10624442368,10828369920,0/RP0/CPU0,15032385536,15032385536

2020-02-06 19:43:20.291000+00:00,Cisco-IOS-XR-nto-misc-oper:memory-summary/nodes/node/summary,spine1,9245671424,9410691072,0/0/CPU0,12884901888,12884901888

2020-02-06 19:43:20.295000+00:00,Cisco-IOS-XR-nto-misc-oper:memory-summary/nodes/node/summary,spine1,10624438272,10828378112,0/RP0/CPU0,15032385536,15032385536

2020-02-06 19:43:26.594000+00:00,Cisco-IOS-XR-nto-misc-oper:memory-summary/nodes/node/summary,spine1,9245560832,9410580480,0/0/CPU0,12884901888,12884901888

2020-02-06 19:43:26.598000+00:00,Cisco-IOS-XR-nto-misc-oper:memory-summary/nodes/node/summary,spine1,10624544768,10828484608,0/RP0/CPU0,15032385536,15032385536

2020-02-06 19:43:31.737000+00:00,Cisco-IOS-XR-nto-misc-oper:memory-summary/nodes/node/summary,spine1,9245515776,9410535424,0/0/CPU0,12884901888,12884901888

2020-02-06 19:43:31.741000+00:00,Cisco-IOS-XR-nto-misc-oper:memory-summary/nodes/node/summary,spine1,10624405504,10828345344,0/RP0/CPU0,15032385536,15032385536

2020-02-06 19:43:38.090000+00:00,Cisco-IOS-XR-nto-misc-oper:memory-summary/nodes/node/summary,spine1,9245749248,9410768896,0/0/CPU0,12884901888,12884901888

2020-02-06 19:43:38.095000+00:00,Cisco-IOS-XR-nto-misc-oper:memory-summary/nodes/node/summary,spine1,10624147456,10828087296,0/RP0/CPU0,15032385536,15032385536

2020-02-06 19:43:43.229000+00:00,Cisco-IOS-XR-nto-misc-oper:memory-summary/nodes/node/summary,spine1,9245511680,9410662400,0/0/CPU0,12884901888,12884901888

2020-02-06 19:43:43.233000+00:00,Cisco-IOS-XR-nto-misc-oper:memory-summary/nodes/node/summary,spine1,10624405504,10828349440,0/RP0/CPU0,15032385536,15032385536

2020-02-06 19:43:49.583000+00:00,Cisco-IOS-XR-nto-misc-oper:memory-summary/nodes/node/summary,spine1,9245396992,9410547712,0/0/CPU0,12884901888,12884901888

2020-02-06 19:43:49.590000+00:00,Cisco-IOS-XR-nto-misc-oper:memory-summary/nodes/node/summary,spine1,10624405504,10828480512,0/RP0/CPU0,15032385536,15032385536

2020-02-06 19:43:54.722000+00:00,Cisco-IOS-XR-nto-misc-oper:memory-summary/nodes/node/summary,spine1,9245540352,9410560000,0/0/CPU0,12884901888,12884901888

2020-02-06 19:43:54.726000+00:00,Cisco-IOS-XR-nto-misc-oper:memory-summary/nodes/node/summary,spine1,10624131072,10828206080,0/RP0/CPU0,15032385536,15032385536

2020-02-06 19:44:01.040000+00:00,Cisco-IOS-XR-nto-misc-oper:memory-summary/nodes/node/summary,spine1,9245335552,9410355200,0/0/CPU0,12884901888,12884901888

2020-02-06 19:44:01.044000+00:00,Cisco-IOS-XR-nto-misc-oper:memory-summary/nodes/node/summary,spine1,10624405504,10828349440,0/RP0/CPU0,15032385536,15032385536

2020-02-06 19:44:06.188000+00:00,Cisco-IOS-XR-nto-misc-oper:memory-summary/nodes/node/summary,spine1,9245511680,9410531328,0/0/CPU0,12884901888,12884901888

2020-02-06 19:44:06.192000+00:00,Cisco-IOS-XR-nto-misc-oper:memory-summary/nodes/node/summary,spine1,10624253952,10828328960,0/RP0/CPU0,15032385536,15032385536

2020-02-06 19:44:12.466000+00:00,Cisco-IOS-XR-nto-misc-oper:memory-summary/nodes/node/summary,spine1,9245323264,9410342912,0/0/CPU0,12884901888,12884901888

2020-02-06 19:44:12.470000+00:00,Cisco-IOS-XR-nto-misc-oper:memory-summary/nodes/node/summary,spine1,10624393216,10828341248,0/RP0/CPU0,15032385536,15032385536

2020-02-06 19:44:17.612000+00:00,Cisco-IOS-XR-nto-misc-oper:memory-summary/nodes/node/summary,spine1,9245462528,9410482176,0/0/CPU0,12884901888,12884901888

2020-02-06 19:44:17.617000+00:00,Cisco-IOS-XR-nto-misc-oper:memory-summary/nodes/node/summary,spine1,10624389120,10828349440,0/RP0/CPU0,15032385536,15032385536

2020-02-06 19:44:23.910000+00:00,Cisco-IOS-XR-nto-misc-oper:memory-summary/nodes/node/summary,spine1,9245585408,9410605056,0/0/CPU0,12884901888,12884901888

2020-02-06 19:44:23.913000+00:00,Cisco-IOS-XR-nto-misc-oper:memory-summary/nodes/node/summary,spine1,10624290816,10828251136,0/RP0/CPU0,15032385536,15032385536

2020-02-06 19:44:29.057000+00:00,Cisco-IOS-XR-nto-misc-oper:memory-summary/nodes/node/summary,spine1,9245540352,9410560000,0/0/CPU0,12884901888,12884901888

2020-02-06 19:44:29.061000+00:00,Cisco-IOS-XR-nto-misc-oper:memory-summary/nodes/node/summary,spine1,10624262144,10828353536,0/RP0/CPU0,15032385536,15032385536

2020-02-06 19:44:35.358000+00:00,Cisco-IOS-XR-nto-misc-oper:memory-summary/nodes/node/summary,spine1,9245351936,9410633728,0/0/CPU0,12884901888,12884901888

2020-02-06 19:44:35.362000+00:00,Cisco-IOS-XR-nto-misc-oper:memory-summary/nodes/node/summary,spine1,10624266240,10828226560,0/RP0/CPU0,15032385536,15032385536

2020-02-06 19:44:40.499000+00:00,Cisco-IOS-XR-nto-misc-oper:memory-summary/nodes/node/summary,spine1,9245511680,9410662400,0/0/CPU0,12884901888,12884901888

2020-02-06 19:44:40.503000+00:00,Cisco-IOS-XR-nto-misc-oper:memory-summary/nodes/node/summary,spine1,10624286720,10828251136,0/RP0/CPU0,15032385536,15032385536

2020-02-06 19:44:46.830000+00:00,Cisco-IOS-XR-nto-misc-oper:memory-summary/nodes/node/summary,spine1,9245360128,9410379776,0/0/CPU0,12884901888,12884901888

2020-02-06 19:44:46.834000+00:00,Cisco-IOS-XR-nto-misc-oper:memory-summary/nodes/node/summary,spine1,10624258048,10828353536,0/RP0/CPU0,15032385536,15032385536

2020-02-06 19:44:51.970000+00:00,Cisco-IOS-XR-nto-misc-oper:memory-summary/nodes/node/summary,spine1,9245548544,9410568192,0/0/CPU0,12884901888,12884901888

2020-02-06 19:44:51.974000+00:00,Cisco-IOS-XR-nto-misc-oper:memory-summary/nodes/node/summary,spine1,10624389120,10828353536,0/RP0/CPU0,15032385536,15032385536

2020-02-06 19:44:58.283000+00:00,Cisco-IOS-XR-nto-misc-oper:memory-summary/nodes/node/summary,spine1,9245360128,9410510848,0/0/CPU0,12884901888,12884901888

2020-02-06 19:44:58.287000+00:00,Cisco-IOS-XR-nto-misc-oper:memory-summary/nodes/node/summary,spine1,10624368640,10828464128,0/RP0/CPU0,15032385536,15032385536

2020-02-06 19:45:03.431000+00:00,Cisco-IOS-XR-nto-misc-oper:memory-summary/nodes/node/summary,spine1,9245442048,9410461696,0/0/CPU0,12884901888,12884901888

2020-02-06 19:45:03.435000+00:00,Cisco-IOS-XR-nto-misc-oper:memory-summary/nodes/node/summary,spine1,10624520192,10828484608,0/RP0/CPU0,15032385536,15032385536

2020-02-06 19:45:09.722000+00:00,Cisco-IOS-XR-nto-misc-oper:memory-summary/nodes/node/summary,spine1,9245405184,9410449408,0/0/CPU0,12884901888,12884901888

2020-02-06 19:45:09.726000+00:00,Cisco-IOS-XR-nto-misc-oper:memory-summary/nodes/node/summary,spine1,10624270336,10828238848,0/RP0/CPU0,15032385536,15032385536

2020-02-06 19:45:14.870000+00:00,Cisco-IOS-XR-nto-misc-oper:memory-summary/nodes/node/summary,spine1,9245331456,9410482176,0/0/CPU0,12884901888,12884901888

2020-02-06 19:45:14.873000+00:00,Cisco-IOS-XR-nto-misc-oper:memory-summary/nodes/node/summary,spine1,10624385024,10828353536,0/RP0/CPU0,15032385536,15032385536

2020-02-06 19:45:21.178000+00:00,Cisco-IOS-XR-nto-misc-oper:memory-summary/nodes/node/summary,spine1,9245601792,9410756608,0/0/CPU0,12884901888,12884901888

2020-02-06 19:45:21.182000+00:00,Cisco-IOS-XR-nto-misc-oper:memory-summary/nodes/node/summary,spine1,10624286720,10828267520,0/RP0/CPU0,15032385536,15032385536

2020-02-06 19:45:26.318000+00:00,Cisco-IOS-XR-nto-misc-oper:memory-summary/nodes/node/summary,spine1,9245536256,9410560000,0/0/CPU0,12884901888,12884901888

2020-02-06 19:45:26.322000+00:00,Cisco-IOS-XR-nto-misc-oper:memory-summary/nodes/node/summary,spine1,10624393216,10828374016,0/RP0/CPU0,15032385536,15032385536

2020-02-06 19:45:32.637000+00:00,Cisco-IOS-XR-nto-misc-oper:memory-summary/nodes/node/summary,spine1,9245491200,9410662400,0/0/CPU0,12884901888,12884901888

2020-02-06 19:45:32.641000+00:00,Cisco-IOS-XR-nto-misc-oper:memory-summary/nodes/node/summary,spine1,10624143360,10828087296,0/RP0/CPU0,15032385536,15032385536

2020-02-06 19:45:37.777000+00:00,Cisco-IOS-XR-nto-misc-oper:memory-summary/nodes/node/summary,spine1,9245499392,9410523136,0/0/CPU0,12884901888,12884901888

2020-02-06 19:45:37.781000+00:00,Cisco-IOS-XR-nto-misc-oper:memory-summary/nodes/node/summary,spine1,10624372736,10828353536,0/RP0/CPU0,15032385536,15032385536

2020-02-06 19:45:44.072000+00:00,Cisco-IOS-XR-nto-misc-oper:memory-summary/nodes/node/summary,spine1,9245474816,9410498560,0/0/CPU0,12884901888,12884901888

2020-02-06 19:45:44.076000+00:00,Cisco-IOS-XR-nto-misc-oper:memory-summary/nodes/node/summary,spine1,10624385024,10828369920,0/RP0/CPU0,15032385536,15032385536

2020-02-06 19:45:49.219000+00:00,Cisco-IOS-XR-nto-misc-oper:memory-summary/nodes/node/summary,spine1,9245511680,9410535424,0/0/CPU0,12884901888,12884901888

2020-02-06 19:45:49.223000+00:00,Cisco-IOS-XR-nto-misc-oper:memory-summary/nodes/node/summary,spine1,10624217088,10828201984,0/RP0/CPU0,15032385536,15032385536

2020-02-06 19:45:55.553000+00:00,Cisco-IOS-XR-nto-misc-oper:memory-summary/nodes/node/summary,spine1,9245319168,9410342912,0/0/CPU0,12884901888,12884901888

2020-02-06 19:45:55.557000+00:00,Cisco-IOS-XR-nto-misc-oper:memory-summary/nodes/node/summary,spine1,10624385024,10828369920,0/RP0/CPU0,15032385536,15032385536

2020-02-06 19:46:00.702000+00:00,Cisco-IOS-XR-nto-misc-oper:memory-summary/nodes/node/summary,spine1,9245417472,9410572288,0/0/CPU0,12884901888,12884901888

2020-02-06 19:46:00.706000+00:00,Cisco-IOS-XR-nto-misc-oper:memory-summary/nodes/node/summary,spine1,10624262144,10828247040,0/RP0/CPU0,15032385536,15032385536

2020-02-06 19:46:06.991000+00:00,Cisco-IOS-XR-nto-misc-oper:memory-summary/nodes/node/summary,spine1,9245597696,9410883584,0/0/CPU0,12884901888,12884901888

2020-02-06 19:46:06.995000+00:00,Cisco-IOS-XR-nto-misc-oper:memory-summary/nodes/node/summary,spine1,10624413696,10828398592,0/RP0/CPU0,15032385536,15032385536

2020-02-06 19:46:12.141000+00:00,Cisco-IOS-XR-nto-misc-oper:memory-summary/nodes/node/summary,spine1,9245605888,9410629632,0/0/CPU0,12884901888,12884901888

2020-02-06 19:46:12.145000+00:00,Cisco-IOS-XR-nto-misc-oper:memory-summary/nodes/node/summary,spine1,10624405504,10828398592,0/RP0/CPU0,15032385536,15032385536

2020-02-06 19:46:18.620000+00:00,Cisco-IOS-XR-nto-misc-oper:memory-summary/nodes/node/summary,spine1,9245700096,9410727936,0/0/CPU0,12884901888,12884901888

2020-02-06 19:46:18.624000+00:00,Cisco-IOS-XR-nto-misc-oper:memory-summary/nodes/node/summary,spine1,10624454656,10828591104,0/RP0/CPU0,15032385536,15032385536

2020-02-06 19:46:23.769000+00:00,Cisco-IOS-XR-nto-misc-oper:memory-summary/nodes/node/summary,spine1,9245597696,9410625536,0/0/CPU0,12884901888,12884901888

2020-02-06 19:46:23.773000+00:00,Cisco-IOS-XR-nto-misc-oper:memory-summary/nodes/node/summary,spine1,10624258048,10828263424,0/RP0/CPU0,15032385536,15032385536

2020-02-06 19:46:30.112000+00:00,Cisco-IOS-XR-nto-misc-oper:memory-summary/nodes/node/summary,spine1,9245601792,9410629632,0/0/CPU0,12884901888,12884901888

2020-02-06 19:46:30.116000+00:00,Cisco-IOS-XR-nto-misc-oper:memory-summary/nodes/node/summary,spine1,10624262144,10828267520,0/RP0/CPU0,15032385536,15032385536

2020-02-06 19:46:35.253000+00:00,Cisco-IOS-XR-nto-misc-oper:memory-summary/nodes/node/summary,spine1,9245560832,9410719744,0/0/CPU0,12884901888,12884901888

2020-02-06 19:46:35.257000+00:00,Cisco-IOS-XR-nto-misc-oper:memory-summary/nodes/node/summary,spine1,10624102400,10828238848,0/RP0/CPU0,15032385536,15032385536

2020-02-06 19:46:41.583000+00:00,Cisco-IOS-XR-nto-misc-oper:memory-summary/nodes/node/summary,spine1,9245360128,9410387968,0/0/CPU0,12884901888,12884901888

2020-02-06 19:46:41.587000+00:00,Cisco-IOS-XR-nto-misc-oper:memory-summary/nodes/node/summary,spine1,10624483328,10828492800,0/RP0/CPU0,15032385536,15032385536

2020-02-06 19:46:46.723000+00:00,Cisco-IOS-XR-nto-misc-oper:memory-summary/nodes/node/summary,spine1,9245540352,9410699264,0/0/CPU0,12884901888,12884901888

2020-02-06 19:46:46.727000+00:00,Cisco-IOS-XR-nto-misc-oper:memory-summary/nodes/node/summary,spine1,10624204800,10828214272,0/RP0/CPU0,15032385536,15032385536

2020-02-06 19:46:53.056000+00:00,Cisco-IOS-XR-nto-misc-oper:memory-summary/nodes/node/summary,spine1,9245523968,9410682880,0/0/CPU0,12884901888,12884901888

2020-02-06 19:46:53.060000+00:00,Cisco-IOS-XR-nto-misc-oper:memory-summary/nodes/node/summary,spine1,10624352256,10828361728,0/RP0/CPU0,15032385536,15032385536

2020-02-06 19:46:58.204000+00:00,Cisco-IOS-XR-nto-misc-oper:memory-summary/nodes/node/summary,spine1,9245380608,9410408448,0/0/CPU0,12884901888,12884901888

2020-02-06 19:46:58.208000+00:00,Cisco-IOS-XR-nto-misc-oper:memory-summary/nodes/node/summary,spine1,10624290816,10828300288,0/RP0/CPU0,15032385536,15032385536

2020-02-06 19:47:04.518000+00:00,Cisco-IOS-XR-nto-misc-oper:memory-summary/nodes/node/summary,spine1,9245462528,9410490368,0/0/CPU0,12884901888,12884901888

2020-02-06 19:47:04.522000+00:00,Cisco-IOS-XR-nto-misc-oper:memory-summary/nodes/node/summary,spine1,10624061440,10828070912,0/RP0/CPU0,15032385536,15032385536

2020-02-06 19:47:09.665000+00:00,Cisco-IOS-XR-nto-misc-oper:memory-summary/nodes/node/summary,spine1,9245167616,9410326528,0/0/CPU0,12884901888,12884901888

2020-02-06 19:47:09.670000+00:00,Cisco-IOS-XR-nto-misc-oper:memory-summary/nodes/node/summary,spine1,10624077824,10828484608,0/RP0/CPU0,15032385536,15032385536

2020-02-06 19:47:15.957000+00:00,Cisco-IOS-XR-nto-misc-oper:memory-summary/nodes/node/summary,spine1,9245642752,9410670592,0/0/CPU0,12884901888,12884901888

2020-02-06 19:47:15.961000+00:00,Cisco-IOS-XR-nto-misc-oper:memory-summary/nodes/node/summary,spine1,10624368640,10828382208,0/RP0/CPU0,15032385536,15032385536

2020-02-06 19:47:21.105000+00:00,Cisco-IOS-XR-nto-misc-oper:memory-summary/nodes/node/summary,spine1,9245585408,9410617344,0/0/CPU0,12884901888,12884901888

2020-02-06 19:47:21.109000+00:00,Cisco-IOS-XR-nto-misc-oper:memory-summary/nodes/node/summary,spine1,10624221184,10828247040,0/RP0/CPU0,15032385536,15032385536

2020-02-06 19:47:27.454000+00:00,Cisco-IOS-XR-nto-misc-oper:memory-summary/nodes/node/summary,spine1,9245364224,9410396160,0/0/CPU0,12884901888,12884901888

2020-02-06 19:47:27.458000+00:00,Cisco-IOS-XR-nto-misc-oper:memory-summary/nodes/node/summary,spine1,10624274432,10828300288,0/RP0/CPU0,15032385536,15032385536

2020-02-06 19:47:32.594000+00:00,Cisco-IOS-XR-nto-misc-oper:memory-summary/nodes/node/summary,spine1,9245560832,9410723840,0/0/CPU0,12884901888,12884901888

2020-02-06 19:47:32.599000+00:00,Cisco-IOS-XR-nto-misc-oper:memory-summary/nodes/node/summary,spine1,10624466944,10828492800,0/RP0/CPU0,15032385536,15032385536

2020-02-06 19:47:38.900000+00:00,Cisco-IOS-XR-nto-misc-oper:memory-summary/nodes/node/summary,spine1,9245544448,9410707456,0/0/CPU0,12884901888,12884901888

2020-02-06 19:47:38.904000+00:00,Cisco-IOS-XR-nto-misc-oper:memory-summary/nodes/node/summary,spine1,10624294912,10828324864,0/RP0/CPU0,15032385536,15032385536

2020-02-06 19:47:44.039000+00:00,Cisco-IOS-XR-nto-misc-oper:memory-summary/nodes/node/summary,spine1,9245548544,9410711552,0/0/CPU0,12884901888,12884901888

2020-02-06 19:47:44.043000+00:00,Cisco-IOS-XR-nto-misc-oper:memory-summary/nodes/node/summary,spine1,10624450560,10828480512,0/RP0/CPU0,15032385536,15032385536

2020-02-06 19:47:50.325000+00:00,Cisco-IOS-XR-nto-misc-oper:memory-summary/nodes/node/summary,spine1,9245368320,9410400256,0/0/CPU0,12884901888,12884901888

2020-02-06 19:47:50.329000+00:00,Cisco-IOS-XR-nto-misc-oper:memory-summary/nodes/node/summary,spine1,10624323584,10828353536,0/RP0/CPU0,15032385536,15032385536

2020-02-06 19:47:55.474000+00:00,Cisco-IOS-XR-nto-misc-oper:memory-summary/nodes/node/summary,spine1,9245560832,9410592768,0/0/CPU0,12884901888,12884901888

2020-02-06 19:47:55.478000+00:00,Cisco-IOS-XR-nto-misc-oper:memory-summary/nodes/node/summary,spine1,10624364544,10828525568,0/RP0/CPU0,15032385536,15032385536

2020-02-06 19:48:01.811000+00:00,Cisco-IOS-XR-nto-misc-oper:memory-summary/nodes/node/summary,spine1,9245523968,9410686976,0/0/CPU0,12884901888,12884901888

2020-02-06 19:48:01.815000+00:00,Cisco-IOS-XR-nto-misc-oper:memory-summary/nodes/node/summary,spine1,10624323584,10828353536,0/RP0/CPU0,15032385536,15032385536

2020-02-06 19:48:06.956000+00:00,Cisco-IOS-XR-nto-misc-oper:memory-summary/nodes/node/summary,spine1,9245327360,9410359296,0/0/CPU0,12884901888,12884901888

2020-02-06 19:48:06.960000+00:00,Cisco-IOS-XR-nto-misc-oper:memory-summary/nodes/node/summary,spine1,10624454656,10828484608,0/RP0/CPU0,15032385536,15032385536

2020-02-06 19:48:13.261000+00:00,Cisco-IOS-XR-nto-misc-oper:memory-summary/nodes/node/summary,spine1,9245675520,9410707456,0/0/CPU0,12884901888,12884901888

2020-02-06 19:48:13.265000+00:00,Cisco-IOS-XR-nto-misc-oper:memory-summary/nodes/node/summary,spine1,10624319488,10828353536,0/RP0/CPU0,15032385536,15032385536

2020-02-06 19:48:18.409000+00:00,Cisco-IOS-XR-nto-misc-oper:memory-summary/nodes/node/summary,spine1,9245507584,9410674688,0/0/CPU0,12884901888,12884901888

2020-02-06 19:48:18.413000+00:00,Cisco-IOS-XR-nto-misc-oper:memory-summary/nodes/node/summary,spine1,10624315392,10828353536,0/RP0/CPU0,15032385536,15032385536

2020-02-06 19:48:24.714000+00:00,Cisco-IOS-XR-nto-misc-oper:memory-summary/nodes/node/summary,spine1,9245597696,9410764800,0/0/CPU0,12884901888,12884901888

2020-02-06 19:48:24.718000+00:00,Cisco-IOS-XR-nto-misc-oper:memory-summary/nodes/node/summary,spine1,10623946752,10827984896,0/RP0/CPU0,15032385536,15032385536

2020-02-06 19:48:29.854000+00:00,Cisco-IOS-XR-nto-misc-oper:memory-summary/nodes/node/summary,spine1,9245249536,9410416640,0/0/CPU0,12884901888,12884901888

2020-02-06 19:48:29.858000+00:00,Cisco-IOS-XR-nto-misc-oper:memory-summary/nodes/node/summary,spine1,10624167936,10828206080,0/RP0/CPU0,15032385536,15032385536

2020-02-06 19:48:36.149000+00:00,Cisco-IOS-XR-nto-misc-oper:memory-summary/nodes/node/summary,spine1,9245368320,9410535424,0/0/CPU0,12884901888,12884901888

2020-02-06 19:48:36.153000+00:00,Cisco-IOS-XR-nto-misc-oper:memory-summary/nodes/node/summary,spine1,10623909888,10827948032,0/RP0/CPU0,15032385536,15032385536

2020-02-06 19:48:41.290000+00:00,Cisco-IOS-XR-nto-misc-oper:memory-summary/nodes/node/summary,spine1,9245499392,9410535424,0/0/CPU0,12884901888,12884901888

2020-02-06 19:48:41.294000+00:00,Cisco-IOS-XR-nto-misc-oper:memory-summary/nodes/node/summary,spine1,10624163840,10828210176,0/RP0/CPU0,15032385536,15032385536

2020-02-06 19:48:47.580000+00:00,Cisco-IOS-XR-nto-misc-oper:memory-summary/nodes/node/summary,spine1,9245532160,9410568192,0/0/CPU0,12884901888,12884901888

2020-02-06 19:48:47.584000+00:00,Cisco-IOS-XR-nto-misc-oper:memory-summary/nodes/node/summary,spine1,10623926272,10828234752,0/RP0/CPU0,15032385536,15032385536

2020-02-06 19:48:52.729000+00:00,Cisco-IOS-XR-nto-misc-oper:memory-summary/nodes/node/summary,spine1,9245405184,9410441216,0/0/CPU0,12884901888,12884901888

2020-02-06 19:48:52.733000+00:00,Cisco-IOS-XR-nto-misc-oper:memory-summary/nodes/node/summary,spine1,10624032768,10828079104,0/RP0/CPU0,15032385536,15032385536

2020-02-06 19:48:59.015000+00:00,Cisco-IOS-XR-nto-misc-oper:memory-summary/nodes/node/summary,spine1,9245376512,9410412544,0/0/CPU0,12884901888,12884901888

2020-02-06 19:48:59.020000+00:00,Cisco-IOS-XR-nto-misc-oper:memory-summary/nodes/node/summary,spine1,10624053248,10828206080,0/RP0/CPU0,15032385536,15032385536

2020-02-06 19:49:04.166000+00:00,Cisco-IOS-XR-nto-misc-oper:memory-summary/nodes/node/summary,spine1,9245392896,9410428928,0/0/CPU0,12884901888,12884901888

2020-02-06 19:49:04.170000+00:00,Cisco-IOS-XR-nto-misc-oper:memory-summary/nodes/node/summary,spine1,10624024576,10828070912,0/RP0/CPU0,15032385536,15032385536

2020-02-06 19:49:10.444000+00:00,Cisco-IOS-XR-nto-misc-oper:memory-summary/nodes/node/summary,spine1,9245388800,9410555904,0/0/CPU0,12884901888,12884901888

2020-02-06 19:49:10.448000+00:00,Cisco-IOS-XR-nto-misc-oper:memory-summary/nodes/node/summary,spine1,10623922176,10827972608,0/RP0/CPU0,15032385536,15032385536

2020-02-06 19:49:15.589000+00:00,Cisco-IOS-XR-nto-misc-oper:memory-summary/nodes/node/summary,spine1,9245335552,9410371584,0/0/CPU0,12884901888,12884901888

2020-02-06 19:49:15.593000+00:00,Cisco-IOS-XR-nto-misc-oper:memory-summary/nodes/node/summary,spine1,10624020480,10828070912,0/RP0/CPU0,15032385536,15032385536

2020-02-06 19:49:21.911000+00:00,Cisco-IOS-XR-nto-misc-oper:memory-summary/nodes/node/summary,spine1,9245614080,9410654208,0/0/CPU0,12884901888,12884901888

2020-02-06 19:49:21.915000+00:00,Cisco-IOS-XR-nto-misc-oper:memory-summary/nodes/node/summary,spine1,10623950848,10828017664,0/RP0/CPU0,15032385536,15032385536

2020-02-06 19:49:27.049000+00:00,Cisco-IOS-XR-nto-misc-oper:memory-summary/nodes/node/summary,spine1,9245581312,9410621440,0/0/CPU0,12884901888,12884901888

2020-02-06 19:49:27.053000+00:00,Cisco-IOS-XR-nto-misc-oper:memory-summary/nodes/node/summary,spine1,10624286720,10828353536,0/RP0/CPU0,15032385536,15032385536

2020-02-06 19:49:33.359000+00:00,Cisco-IOS-XR-nto-misc-oper:memory-summary/nodes/node/summary,spine1,9245351936,9410523136,0/0/CPU0,12884901888,12884901888

2020-02-06 19:49:33.363000+00:00,Cisco-IOS-XR-nto-misc-oper:memory-summary/nodes/node/summary,spine1,10624167936,10828234752,0/RP0/CPU0,15032385536,15032385536

2020-02-06 19:49:38.504000+00:00,Cisco-IOS-XR-nto-misc-oper:memory-summary/nodes/node/summary,spine1,9245356032,9410527232,0/0/CPU0,12884901888,12884901888

2020-02-06 19:49:38.508000+00:00,Cisco-IOS-XR-nto-misc-oper:memory-summary/nodes/node/summary,spine1,10624167936,10828234752,0/RP0/CPU0,15032385536,15032385536

2020-02-06 19:49:44.792000+00:00,Cisco-IOS-XR-nto-misc-oper:memory-summary/nodes/node/summary,spine1,9245417472,9410588672,0/0/CPU0,12884901888,12884901888

2020-02-06 19:49:44.797000+00:00,Cisco-IOS-XR-nto-misc-oper:memory-summary/nodes/node/summary,spine1,10624020480,10828353536,0/RP0/CPU0,15032385536,15032385536

2020-02-06 19:49:49.931000+00:00,Cisco-IOS-XR-nto-misc-oper:memory-summary/nodes/node/summary,spine1,9245261824,9410433024,0/0/CPU0,12884901888,12884901888

2020-02-06 19:49:49.935000+00:00,Cisco-IOS-XR-nto-misc-oper:memory-summary/nodes/node/summary,spine1,10624282624,10828353536,0/RP0/CPU0,15032385536,15032385536

2020-02-06 19:49:56.246000+00:00,Cisco-IOS-XR-nto-misc-oper:memory-summary/nodes/node/summary,spine1,9245450240,9410490368,0/0/CPU0,12884901888,12884901888

2020-02-06 19:49:56.250000+00:00,Cisco-IOS-XR-nto-misc-oper:memory-summary/nodes/node/summary,spine1,10624151552,10828222464,0/RP0/CPU0,15032385536,15032385536

2020-02-06 19:50:01.398000+00:00,Cisco-IOS-XR-nto-misc-oper:memory-summary/nodes/node/summary,spine1,9245437952,9410482176,0/0/CPU0,12884901888,12884901888

2020-02-06 19:50:01.402000+00:00,Cisco-IOS-XR-nto-misc-oper:memory-summary/nodes/node/summary,spine1,10624413696,10828484608,0/RP0/CPU0,15032385536,15032385536

2020-02-06 19:50:07.697000+00:00,Cisco-IOS-XR-nto-misc-oper:memory-summary/nodes/node/summary,spine1,9245597696,9410641920,0/0/CPU0,12884901888,12884901888

2020-02-06 19:50:07.701000+00:00,Cisco-IOS-XR-nto-misc-oper:memory-summary/nodes/node/summary,spine1,10624200704,10828263424,0/RP0/CPU0,15032385536,15032385536

2020-02-06 19:50:12.850000+00:00,Cisco-IOS-XR-nto-misc-oper:memory-summary/nodes/node/summary,spine1,9245745152,9410789376,0/0/CPU0,12884901888,12884901888

2020-02-06 19:50:12.854000+00:00,Cisco-IOS-XR-nto-misc-oper:memory-summary/nodes/node/summary,spine1,10624102400,10828177408,0/RP0/CPU0,15032385536,15032385536

2020-02-06 19:50:19.433000+00:00,Cisco-IOS-XR-nto-misc-oper:memory-summary/nodes/node/summary,spine1,9245667328,9410715648,0/0/CPU0,12884901888,12884901888

2020-02-06 19:50:19.438000+00:00,Cisco-IOS-XR-nto-misc-oper:memory-summary/nodes/node/summary,spine1,10624270336,10828361728,0/RP0/CPU0,15032385536,15032385536

2020-02-06 19:50:24.575000+00:00,Cisco-IOS-XR-nto-misc-oper:memory-summary/nodes/node/summary,spine1,9245360128,9410408448,0/0/CPU0,12884901888,12884901888

2020-02-06 19:50:24.579000+00:00,Cisco-IOS-XR-nto-misc-oper:memory-summary/nodes/node/summary,spine1,10624270336,10828353536,0/RP0/CPU0,15032385536,15032385536

2020-02-06 19:50:30.628000+00:00,Cisco-IOS-XR-nto-misc-oper:memory-summary/nodes/node/summary,spine1,9245290496,9410469888,0/0/CPU0,12884901888,12884901888

2020-02-06 19:50:30.632000+00:00,Cisco-IOS-XR-nto-misc-oper:memory-summary/nodes/node/summary,spine1,10624221184,10828304384,0/RP0/CPU0,15032385536,15032385536

2020-02-06 19:50:35.775000+00:00,Cisco-IOS-XR-nto-misc-oper:memory-summary/nodes/node/summary,spine1,9245528064,9410576384,0/0/CPU0,12884901888,12884901888

2020-02-06 19:50:35.779000+00:00,Cisco-IOS-XR-nto-misc-oper:memory-summary/nodes/node/summary,spine1,10624159744,10828242944,0/RP0/CPU0,15032385536,15032385536

2020-02-06 19:50:42.076000+00:00,Cisco-IOS-XR-nto-misc-oper:memory-summary/nodes/node/summary,spine1,9245642752,9410822144,0/0/CPU0,12884901888,12884901888

2020-02-06 19:50:42.080000+00:00,Cisco-IOS-XR-nto-misc-oper:memory-summary/nodes/node/summary,spine1,10624405504,10828492800,0/RP0/CPU0,15032385536,15032385536

2020-02-06 19:50:47.225000+00:00,Cisco-IOS-XR-nto-misc-oper:memory-summary/nodes/node/summary,spine1,9245499392,9410551808,0/0/CPU0,12884901888,12884901888

2020-02-06 19:50:47.229000+00:00,Cisco-IOS-XR-nto-misc-oper:memory-summary/nodes/node/summary,spine1,10624118784,10828206080,0/RP0/CPU0,15032385536,15032385536

2020-02-06 19:50:53.522000+00:00,Cisco-IOS-XR-nto-misc-oper:memory-summary/nodes/node/summary,spine1,9245200384,9410252800,0/0/CPU0,12884901888,12884901888

2020-02-06 19:50:53.526000+00:00,Cisco-IOS-XR-nto-misc-oper:memory-summary/nodes/node/summary,spine1,10624155648,10828242944,0/RP0/CPU0,15032385536,15032385536

2020-02-06 19:50:58.672000+00:00,Cisco-IOS-XR-nto-misc-oper:memory-summary/nodes/node/summary,spine1,9245442048,9410494464,0/0/CPU0,12884901888,12884901888

2020-02-06 19:50:58.676000+00:00,Cisco-IOS-XR-nto-misc-oper:memory-summary/nodes/node/summary,spine1,10624110592,10828328960,0/RP0/CPU0,15032385536,15032385536

2020-02-06 19:51:04.996000+00:00,Cisco-IOS-XR-nto-misc-oper:memory-summary/nodes/node/summary,spine1,9245347840,9410400256,0/0/CPU0,12884901888,12884901888

2020-02-06 19:51:05+00:00,Cisco-IOS-XR-nto-misc-oper:memory-summary/nodes/node/summary,spine1,10623852544,10827968512,0/RP0/CPU0,15032385536,15032385536

2020-02-06 19:51:10.136000+00:00,Cisco-IOS-XR-nto-misc-oper:memory-summary/nodes/node/summary,spine1,9245458432,9410641920,0/0/CPU0,12884901888,12884901888

2020-02-06 19:51:10.140000+00:00,Cisco-IOS-XR-nto-misc-oper:memory-summary/nodes/node/summary,spine1,10624237568,10828365824,0/RP0/CPU0,15032385536,15032385536

2020-02-06 19:51:16.457000+00:00,Cisco-IOS-XR-nto-misc-oper:memory-summary/nodes/node/summary,spine1,9244811264,9409863680,0/0/CPU0,12884901888,12884901888

2020-02-06 19:51:16.461000+00:00,Cisco-IOS-XR-nto-misc-oper:memory-summary/nodes/node/summary,spine1,10622918656,10827046912,0/RP0/CPU0,15032385536,15032385536

2020-02-06 19:51:21.596000+00:00,Cisco-IOS-XR-nto-misc-oper:memory-summary/nodes/node/summary,spine1,9244577792,9409761280,0/0/CPU0,12884901888,12884901888

2020-02-06 19:51:21.600000+00:00,Cisco-IOS-XR-nto-misc-oper:memory-summary/nodes/node/summary,spine1,10623053824,10827194368,0/RP0/CPU0,15032385536,15032385536

2020-02-06 19:51:27.898000+00:00,Cisco-IOS-XR-nto-misc-oper:memory-summary/nodes/node/summary,spine1,9244504064,9409687552,0/0/CPU0,12884901888,12884901888

2020-02-06 19:51:27.903000+00:00,Cisco-IOS-XR-nto-misc-oper:memory-summary/nodes/node/summary,spine1,10622943232,10827083776,0/RP0/CPU0,15032385536,15032385536

2020-02-06 19:51:33.049000+00:00,Cisco-IOS-XR-nto-misc-oper:memory-summary/nodes/node/summary,spine1,9242267648,9407266816,0/0/CPU0,12884901888,12884901888

2020-02-06 19:51:33.053000+00:00,Cisco-IOS-XR-nto-misc-oper:memory-summary/nodes/node/summary,spine1,10620153856,10824306688,0/RP0/CPU0,15032385536,15032385536

2020-02-06 19:51:39.379000+00:00,Cisco-IOS-XR-nto-misc-oper:memory-summary/nodes/node/summary,spine1,9244618752,9409802240,0/0/CPU0,12884901888,12884901888

2020-02-06 19:51:39.383000+00:00,Cisco-IOS-XR-nto-misc-oper:memory-summary/nodes/node/summary,spine1,10623426560,10827571200,0/RP0/CPU0,15032385536,15032385536

2020-02-06 19:51:44.521000+00:00,Cisco-IOS-XR-nto-misc-oper:memory-summary/nodes/node/summary,spine1,9244508160,9409560576,0/0/CPU0,12884901888,12884901888

2020-02-06 19:51:44.525000+00:00,Cisco-IOS-XR-nto-misc-oper:memory-summary/nodes/node/summary,spine1,10623275008,10827419648,0/RP0/CPU0,15032385536,15032385536

2020-02-06 19:51:50.859000+00:00,Cisco-IOS-XR-nto-misc-oper:memory-summary/nodes/node/summary,spine1,9244704768,9409757184,0/0/CPU0,12884901888,12884901888

2020-02-06 19:51:50.863000+00:00,Cisco-IOS-XR-nto-misc-oper:memory-summary/nodes/node/summary,spine1,10623381504,10827526144,0/RP0/CPU0,15032385536,15032385536

2020-02-06 19:51:56.008000+00:00,Cisco-IOS-XR-nto-misc-oper:memory-summary/nodes/node/summary,spine1,9244569600,9409753088,0/0/CPU0,12884901888,12884901888

2020-02-06 19:51:56.012000+00:00,Cisco-IOS-XR-nto-misc-oper:memory-summary/nodes/node/summary,spine1,10623389696,10827534336,0/RP0/CPU0,15032385536,15032385536

2020-02-06 19:52:02.342000+00:00,Cisco-IOS-XR-nto-misc-oper:memory-summary/nodes/node/summary,spine1,9244401664,9409454080,0/0/CPU0,12884901888,12884901888

2020-02-06 19:52:02.346000+00:00,Cisco-IOS-XR-nto-misc-oper:memory-summary/nodes/node/summary,spine1,10623381504,10827526144,0/RP0/CPU0,15032385536,15032385536

2020-02-06 19:52:07.707000+00:00,Cisco-IOS-XR-nto-misc-oper:memory-summary/nodes/node/summary,spine1,9244540928,9409724416,0/0/CPU0,12884901888,12884901888

2020-02-06 19:52:07.711000+00:00,Cisco-IOS-XR-nto-misc-oper:memory-summary/nodes/node/summary,spine1,10623381504,10827526144,0/RP0/CPU0,15032385536,15032385536

2020-02-06 19:52:13.849000+00:00,Cisco-IOS-XR-nto-misc-oper:memory-summary/nodes/node/summary,spine1,9244524544,9409708032,0/0/CPU0,12884901888,12884901888

2020-02-06 19:52:13.853000+00:00,Cisco-IOS-XR-nto-misc-oper:memory-summary/nodes/node/summary,spine1,10623647744,10827796480,0/RP0/CPU0,15032385536,15032385536

2020-02-06 19:52:18.988000+00:00,Cisco-IOS-XR-nto-misc-oper:memory-summary/nodes/node/summary,spine1,9244540928,9409593344,0/0/CPU0,12884901888,12884901888

2020-02-06 19:52:18.992000+00:00,Cisco-IOS-XR-nto-misc-oper:memory-summary/nodes/node/summary,spine1,10623655936,10827804672,0/RP0/CPU0,15032385536,15032385536

2020-02-06 19:52:25.296000+00:00,Cisco-IOS-XR-nto-misc-oper:memory-summary/nodes/node/summary,spine1,9244446720,9409638400,0/0/CPU0,12884901888,12884901888

2020-02-06 19:52:25.300000+00:00,Cisco-IOS-XR-nto-misc-oper:memory-summary/nodes/node/summary,spine1,10623733760,10827894784,0/RP0/CPU0,15032385536,15032385536

2020-02-06 19:52:30.441000+00:00,Cisco-IOS-XR-nto-misc-oper:memory-summary/nodes/node/summary,spine1,9244516352,9409576960,0/0/CPU0,12884901888,12884901888

2020-02-06 19:52:30.445000+00:00,Cisco-IOS-XR-nto-misc-oper:memory-summary/nodes/node/summary,spine1,10623655936,10827816960,0/RP0/CPU0,15032385536,15032385536

2020-02-06 19:52:36.791000+00:00,Cisco-IOS-XR-nto-misc-oper:memory-summary/nodes/node/summary,spine1,9244528640,9409589248,0/0/CPU0,12884901888,12884901888

2020-02-06 19:52:36.795000+00:00,Cisco-IOS-XR-nto-misc-oper:memory-summary/nodes/node/summary,spine1,10623754240,10827915264,0/RP0/CPU0,15032385536,15032385536

2020-02-06 19:52:41.940000+00:00,Cisco-IOS-XR-nto-misc-oper:memory-summary/nodes/node/summary,spine1,9244614656,9409675264,0/0/CPU0,12884901888,12884901888

2020-02-06 19:52:41.944000+00:00,Cisco-IOS-XR-nto-misc-oper:memory-summary/nodes/node/summary,spine1,10623553536,10827718656,0/RP0/CPU0,15032385536,15032385536

2020-02-06 19:52:48.221000+00:00,Cisco-IOS-XR-nto-misc-oper:memory-summary/nodes/node/summary,spine1,9244475392,9409667072,0/0/CPU0,12884901888,12884901888

2020-02-06 19:52:48.225000+00:00,Cisco-IOS-XR-nto-misc-oper:memory-summary/nodes/node/summary,spine1,10623553536,10827718656,0/RP0/CPU0,15032385536,15032385536

2020-02-06 19:52:53.370000+00:00,Cisco-IOS-XR-nto-misc-oper:memory-summary/nodes/node/summary,spine1,9244602368,9409662976,0/0/CPU0,12884901888,12884901888

2020-02-06 19:52:53.374000+00:00,Cisco-IOS-XR-nto-misc-oper:memory-summary/nodes/node/summary,spine1,10623516672,10827681792,0/RP0/CPU0,15032385536,15032385536

2020-02-06 19:52:59.734000+00:00,Cisco-IOS-XR-nto-misc-oper:memory-summary/nodes/node/summary,spine1,9244553216,9409613824,0/0/CPU0,12884901888,12884901888

2020-02-06 19:52:59.739000+00:00,Cisco-IOS-XR-nto-misc-oper:memory-summary/nodes/node/summary,spine1,10623639552,10827804672,0/RP0/CPU0,15032385536,15032385536

2020-02-06 19:53:04.876000+00:00,Cisco-IOS-XR-nto-misc-oper:memory-summary/nodes/node/summary,spine1,9244532736,9409593344,0/0/CPU0,12884901888,12884901888

2020-02-06 19:53:04.880000+00:00,Cisco-IOS-XR-nto-misc-oper:memory-summary/nodes/node/summary,spine1,10623631360,10827796480,0/RP0/CPU0,15032385536,15032385536

2020-02-06 19:53:11.171000+00:00,Cisco-IOS-XR-nto-misc-oper:memory-summary/nodes/node/summary,spine1,9244786688,9409847296,0/0/CPU0,12884901888,12884901888

2020-02-06 19:53:11.175000+00:00,Cisco-IOS-XR-nto-misc-oper:memory-summary/nodes/node/summary,spine1,10623741952,10827915264,0/RP0/CPU0,15032385536,15032385536

2020-02-06 19:53:16.310000+00:00,Cisco-IOS-XR-nto-misc-oper:memory-summary/nodes/node/summary,spine1,9244651520,9409843200,0/0/CPU0,12884901888,12884901888

2020-02-06 19:53:16.314000+00:00,Cisco-IOS-XR-nto-misc-oper:memory-summary/nodes/node/summary,spine1,10623426560,10827730944,0/RP0/CPU0,15032385536,15032385536

2020-02-06 19:53:22.646000+00:00,Cisco-IOS-XR-nto-misc-oper:memory-summary/nodes/node/summary,spine1,9244471296,9409531904,0/0/CPU0,12884901888,12884901888

2020-02-06 19:53:22.650000+00:00,Cisco-IOS-XR-nto-misc-oper:memory-summary/nodes/node/summary,spine1,10623614976,10827796480,0/RP0/CPU0,15032385536,15032385536

2020-02-06 19:53:27.793000+00:00,Cisco-IOS-XR-nto-misc-oper:memory-summary/nodes/node/summary,spine1,9244561408,9409753088,0/0/CPU0,12884901888,12884901888

2020-02-06 19:53:27.797000+00:00,Cisco-IOS-XR-nto-misc-oper:memory-summary/nodes/node/summary,spine1,10623430656,10827612160,0/RP0/CPU0,15032385536,15032385536

2020-02-06 19:53:34.144000+00:00,Cisco-IOS-XR-nto-misc-oper:memory-summary/nodes/node/summary,spine1,9244692480,9409753088,0/0/CPU0,12884901888,12884901888

2020-02-06 19:53:34.148000+00:00,Cisco-IOS-XR-nto-misc-oper:memory-summary/nodes/node/summary,spine1,10623639552,10827821056,0/RP0/CPU0,15032385536,15032385536

2020-02-06 19:53:39.292000+00:00,Cisco-IOS-XR-nto-misc-oper:memory-summary/nodes/node/summary,spine1,9244790784,9409851392,0/0/CPU0,12884901888,12884901888

2020-02-06 19:53:39.296000+00:00,Cisco-IOS-XR-nto-misc-oper:memory-summary/nodes/node/summary,spine1,10623655936,10827841536,0/RP0/CPU0,15032385536,15032385536

2020-02-06 19:53:45.618000+00:00,Cisco-IOS-XR-nto-misc-oper:memory-summary/nodes/node/summary,spine1,9244659712,9409720320,0/0/CPU0,12884901888,12884901888

2020-02-06 19:53:45.622000+00:00,Cisco-IOS-XR-nto-misc-oper:memory-summary/nodes/node/summary,spine1,10623565824,10827751424,0/RP0/CPU0,15032385536,15032385536

2020-02-06 19:53:50.766000+00:00,Cisco-IOS-XR-nto-misc-oper:memory-summary/nodes/node/summary,spine1,9244356608,9409417216,0/0/CPU0,12884901888,12884901888

2020-02-06 19:53:50.770000+00:00,Cisco-IOS-XR-nto-misc-oper:memory-summary/nodes/node/summary,spine1,10623741952,10827927552,0/RP0/CPU0,15032385536,15032385536

2020-02-06 19:53:57.110000+00:00,Cisco-IOS-XR-nto-misc-oper:memory-summary/nodes/node/summary,spine1,9244442624,9409503232,0/0/CPU0,12884901888,12884901888

2020-02-06 19:53:57.114000+00:00,Cisco-IOS-XR-nto-misc-oper:memory-summary/nodes/node/summary,spine1,10623488000,10827804672,0/RP0/CPU0,15032385536,15032385536

2020-02-06 19:54:02.250000+00:00,Cisco-IOS-XR-nto-misc-oper:memory-summary/nodes/node/summary,spine1,9244303360,9409495040,0/0/CPU0,12884901888,12884901888

2020-02-06 19:54:02.255000+00:00,Cisco-IOS-XR-nto-misc-oper:memory-summary/nodes/node/summary,spine1,10623619072,10827804672,0/RP0/CPU0,15032385536,15032385536

2020-02-06 19:54:08.572000+00:00,Cisco-IOS-XR-nto-misc-oper:memory-summary/nodes/node/summary,spine1,9244635136,9409695744,0/0/CPU0,12884901888,12884901888

2020-02-06 19:54:08.576000+00:00,Cisco-IOS-XR-nto-misc-oper:memory-summary/nodes/node/summary,spine1,10623520768,10827710464,0/RP0/CPU0,15032385536,15032385536

2020-02-06 19:54:13.712000+00:00,Cisco-IOS-XR-nto-misc-oper:memory-summary/nodes/node/summary,spine1,9244663808,9409724416,0/0/CPU0,12884901888,12884901888

2020-02-06 19:54:13.716000+00:00,Cisco-IOS-XR-nto-misc-oper:memory-summary/nodes/node/summary,spine1,10623361024,10827550720,0/RP0/CPU0,15032385536,15032385536

2020-02-06 19:54:20.029000+00:00,Cisco-IOS-XR-nto-misc-oper:memory-summary/nodes/node/summary,spine1,9244524544,9409585152,0/0/CPU0,12884901888,12884901888

2020-02-06 19:54:20.033000+00:00,Cisco-IOS-XR-nto-misc-oper:memory-summary/nodes/node/summary,spine1,10623684608,10827874304,0/RP0/CPU0,15032385536,15032385536

2020-02-06 19:54:25.174000+00:00,Cisco-IOS-XR-nto-misc-oper:memory-summary/nodes/node/summary,spine1,9244504064,9409699840,0/0/CPU0,12884901888,12884901888

2020-02-06 19:54:25.178000+00:00,Cisco-IOS-XR-nto-misc-oper:memory-summary/nodes/node/summary,spine1,10623500288,10827706368,0/RP0/CPU0,15032385536,15032385536

2020-02-06 19:54:31.449000+00:00,Cisco-IOS-XR-nto-misc-oper:memory-summary/nodes/node/summary,spine1,9244356608,9409552384,0/0/CPU0,12884901888,12884901888

2020-02-06 19:54:31.453000+00:00,Cisco-IOS-XR-nto-misc-oper:memory-summary/nodes/node/summary,spine1,10623639552,10827845632,0/RP0/CPU0,15032385536,15032385536

2020-02-06 19:54:36.603000+00:00,Cisco-IOS-XR-nto-misc-oper:memory-summary/nodes/node/summary,spine1,9244454912,9409650688,0/0/CPU0,12884901888,12884901888

2020-02-06 19:54:36.607000+00:00,Cisco-IOS-XR-nto-misc-oper:memory-summary/nodes/node/summary,spine1,10623352832,10827689984,0/RP0/CPU0,15032385536,15032385536

2020-02-06 19:54:42.931000+00:00,Cisco-IOS-XR-nto-misc-oper:memory-summary/nodes/node/summary,spine1,9244598272,9409662976,0/0/CPU0,12884901888,12884901888

2020-02-06 19:54:42.935000+00:00,Cisco-IOS-XR-nto-misc-oper:memory-summary/nodes/node/summary,spine1,10623565824,10827907072,0/RP0/CPU0,15032385536,15032385536

2020-02-06 19:54:48.081000+00:00,Cisco-IOS-XR-nto-misc-oper:memory-summary/nodes/node/summary,spine1,9244585984,9409650688,0/0/CPU0,12884901888,12884901888

2020-02-06 19:54:48.085000+00:00,Cisco-IOS-XR-nto-misc-oper:memory-summary/nodes/node/summary,spine1,10623692800,10827902976,0/RP0/CPU0,15032385536,15032385536

2020-02-06 19:54:54.422000+00:00,Cisco-IOS-XR-nto-misc-oper:memory-summary/nodes/node/summary,spine1,9244528640,9409593344,0/0/CPU0,12884901888,12884901888

2020-02-06 19:54:54.427000+00:00,Cisco-IOS-XR-nto-misc-oper:memory-summary/nodes/node/summary,spine1,10623582208,10827792384,0/RP0/CPU0,15032385536,15032385536

2020-02-06 19:54:59.566000+00:00,Cisco-IOS-XR-nto-misc-oper:memory-summary/nodes/node/summary,spine1,9244532736,9409597440,0/0/CPU0,12884901888,12884901888

2020-02-06 19:54:59.570000+00:00,Cisco-IOS-XR-nto-misc-oper:memory-summary/nodes/node/summary,spine1,10623467520,10827808768,0/RP0/CPU0,15032385536,15032385536

2020-02-06 19:55:05.934000+00:00,Cisco-IOS-XR-nto-misc-oper:memory-summary/nodes/node/summary,spine1,9244618752,9409683456,0/0/CPU0,12884901888,12884901888

2020-02-06 19:55:05.938000+00:00,Cisco-IOS-XR-nto-misc-oper:memory-summary/nodes/node/summary,spine1,10623471616,10827812864,0/RP0/CPU0,15032385536,15032385536

2020-02-06 19:55:11.073000+00:00,Cisco-IOS-XR-nto-misc-oper:memory-summary/nodes/node/summary,spine1,9244536832,9409732608,0/0/CPU0,12884901888,12884901888

2020-02-06 19:55:11.077000+00:00,Cisco-IOS-XR-nto-misc-oper:memory-summary/nodes/node/summary,spine1,10623602688,10827816960,0/RP0/CPU0,15032385536,15032385536

2020-02-06 19:55:17.361000+00:00,Cisco-IOS-XR-nto-misc-oper:memory-summary/nodes/node/summary,spine1,9244532736,9409728512,0/0/CPU0,12884901888,12884901888

2020-02-06 19:55:17.365000+00:00,Cisco-IOS-XR-nto-misc-oper:memory-summary/nodes/node/summary,spine1,10623586304,10827800576,0/RP0/CPU0,15032385536,15032385536

2020-02-06 19:55:22.509000+00:00,Cisco-IOS-XR-nto-misc-oper:memory-summary/nodes/node/summary,spine1,9244622848,9409691648,0/0/CPU0,12884901888,12884901888

2020-02-06 19:55:22.513000+00:00,Cisco-IOS-XR-nto-misc-oper:memory-summary/nodes/node/summary,spine1,10623373312,10827595776,0/RP0/CPU0,15032385536,15032385536

2020-02-06 19:55:28.812000+00:00,Cisco-IOS-XR-nto-misc-oper:memory-summary/nodes/node/summary,spine1,9244549120,9409748992,0/0/CPU0,12884901888,12884901888

2020-02-06 19:55:28.816000+00:00,Cisco-IOS-XR-nto-misc-oper:memory-summary/nodes/node/summary,spine1,10623582208,10827935744,0/RP0/CPU0,15032385536,15032385536

2020-02-06 19:55:33.962000+00:00,Cisco-IOS-XR-nto-misc-oper:memory-summary/nodes/node/summary,spine1,9244450816,9409650688,0/0/CPU0,12884901888,12884901888

2020-02-06 19:55:33.966000+00:00,Cisco-IOS-XR-nto-misc-oper:memory-summary/nodes/node/summary,spine1,10623717376,10827939840,0/RP0/CPU0,15032385536,15032385536

2020-02-06 19:55:40.275000+00:00,Cisco-IOS-XR-nto-misc-oper:memory-summary/nodes/node/summary,spine1,9244659712,9409728512,0/0/CPU0,12884901888,12884901888

2020-02-06 19:55:40.279000+00:00,Cisco-IOS-XR-nto-misc-oper:memory-summary/nodes/node/summary,spine1,10623528960,10827759616,0/RP0/CPU0,15032385536,15032385536

2020-02-06 19:55:45.418000+00:00,Cisco-IOS-XR-nto-misc-oper:memory-summary/nodes/node/summary,spine1,9244557312,9409757184,0/0/CPU0,12884901888,12884901888

2020-02-06 19:55:45.422000+00:00,Cisco-IOS-XR-nto-misc-oper:memory-summary/nodes/node/summary,spine1,10623549440,10827911168,0/RP0/CPU0,15032385536,15032385536

2020-02-06 19:55:51.806000+00:00,Cisco-IOS-XR-nto-misc-oper:memory-summary/nodes/node/summary,spine1,9244426240,9409495040,0/0/CPU0,12884901888,12884901888

2020-02-06 19:55:51.810000+00:00,Cisco-IOS-XR-nto-misc-oper:memory-summary/nodes/node/summary,spine1,10623578112,10827808768,0/RP0/CPU0,15032385536,15032385536

2020-02-06 19:55:56.956000+00:00,Cisco-IOS-XR-nto-misc-oper:memory-summary/nodes/node/summary,spine1,9244635136,9409835008,0/0/CPU0,12884901888,12884901888

2020-02-06 19:55:56.960000+00:00,Cisco-IOS-XR-nto-misc-oper:memory-summary/nodes/node/summary,spine1,10623590400,10827821056,0/RP0/CPU0,15032385536,15032385536

2020-02-06 19:56:03.276000+00:00,Cisco-IOS-XR-nto-misc-oper:memory-summary/nodes/node/summary,spine1,9244827648,9409896448,0/0/CPU0,12884901888,12884901888

2020-02-06 19:56:03.280000+00:00,Cisco-IOS-XR-nto-misc-oper:memory-summary/nodes/node/summary,spine1,10623467520,10827698176,0/RP0/CPU0,15032385536,15032385536

2020-02-06 19:56:08.416000+00:00,Cisco-IOS-XR-nto-misc-oper:memory-summary/nodes/node/summary,spine1,9244717056,9409785856,0/0/CPU0,12884901888,12884901888

2020-02-06 19:56:08.420000+00:00,Cisco-IOS-XR-nto-misc-oper:memory-summary/nodes/node/summary,spine1,10623471616,10827833344,0/RP0/CPU0,15032385536,15032385536

2020-02-06 19:56:14.746000+00:00,Cisco-IOS-XR-nto-misc-oper:memory-summary/nodes/node/summary,spine1,9244426240,9409495040,0/0/CPU0,12884901888,12884901888

2020-02-06 19:56:14.750000+00:00,Cisco-IOS-XR-nto-misc-oper:memory-summary/nodes/node/summary,spine1,10623451136,10827685888,0/RP0/CPU0,15032385536,15032385536

2020-02-06 19:56:19.885000+00:00,Cisco-IOS-XR-nto-misc-oper:memory-summary/nodes/node/summary,spine1,9244614656,9409683456,0/0/CPU0,12884901888,12884901888

2020-02-06 19:56:19.889000+00:00,Cisco-IOS-XR-nto-misc-oper:memory-summary/nodes/node/summary,spine1,10623582208,10827816960,0/RP0/CPU0,15032385536,15032385536

2020-02-06 19:56:26.234000+00:00,Cisco-IOS-XR-nto-misc-oper:memory-summary/nodes/node/summary,spine1,9244577792,9409777664,0/0/CPU0,12884901888,12884901888

2020-02-06 19:56:26.238000+00:00,Cisco-IOS-XR-nto-misc-oper:memory-summary/nodes/node/summary,spine1,10623438848,10827689984,0/RP0/CPU0,15032385536,15032385536

2020-02-06 19:56:31.383000+00:00,Cisco-IOS-XR-nto-misc-oper:memory-summary/nodes/node/summary,spine1,9244807168,9409814528,0/0/CPU0,12884901888,12884901888

2020-02-06 19:56:31.387000+00:00,Cisco-IOS-XR-nto-misc-oper:memory-summary/nodes/node/summary,spine1,10623447040,10827698176,0/RP0/CPU0,15032385536,15032385536

2020-02-06 19:56:37.683000+00:00,Cisco-IOS-XR-nto-misc-oper:memory-summary/nodes/node/summary,spine1,9244561408,9409630208,0/0/CPU0,12884901888,12884901888

2020-02-06 19:56:37.687000+00:00,Cisco-IOS-XR-nto-misc-oper:memory-summary/nodes/node/summary,spine1,10623557632,10827939840,0/RP0/CPU0,15032385536,15032385536

2020-02-06 19:56:42.832000+00:00,Cisco-IOS-XR-nto-misc-oper:memory-summary/nodes/node/summary,spine1,9244467200,9409667072,0/0/CPU0,12884901888,12884901888

2020-02-06 19:56:42.836000+00:00,Cisco-IOS-XR-nto-misc-oper:memory-summary/nodes/node/summary,spine1,10623582208,10827837440,0/RP0/CPU0,15032385536,15032385536

2020-02-06 19:56:49.141000+00:00,Cisco-IOS-XR-nto-misc-oper:memory-summary/nodes/node/summary,spine1,9244381184,9409581056,0/0/CPU0,12884901888,12884901888

2020-02-06 19:56:49.145000+00:00,Cisco-IOS-XR-nto-misc-oper:memory-summary/nodes/node/summary,spine1,10623471616,10827726848,0/RP0/CPU0,15032385536,15032385536

2020-02-06 19:56:54.285000+00:00,Cisco-IOS-XR-nto-misc-oper:memory-summary/nodes/node/summary,spine1,9244327936,9409527808,0/0/CPU0,12884901888,12884901888

2020-02-06 19:56:54.289000+00:00,Cisco-IOS-XR-nto-misc-oper:memory-summary/nodes/node/summary,spine1,10623553536,10827808768,0/RP0/CPU0,15032385536,15032385536

2020-02-06 19:57:00.594000+00:00,Cisco-IOS-XR-nto-misc-oper:memory-summary/nodes/node/summary,spine1,9244520448,9409720320,0/0/CPU0,12884901888,12884901888

2020-02-06 19:57:00.598000+00:00,Cisco-IOS-XR-nto-misc-oper:memory-summary/nodes/node/summary,spine1,10623356928,10827743232,0/RP0/CPU0,15032385536,15032385536

2020-02-06 19:57:05.734000+00:00,Cisco-IOS-XR-nto-misc-oper:memory-summary/nodes/node/summary,spine1,9244291072,9409490944,0/0/CPU0,12884901888,12884901888

2020-02-06 19:57:05.738000+00:00,Cisco-IOS-XR-nto-misc-oper:memory-summary/nodes/node/summary,spine1,10623553536,10827808768,0/RP0/CPU0,15032385536,15032385536

2020-02-06 19:57:12.088000+00:00,Cisco-IOS-XR-nto-misc-oper:memory-summary/nodes/node/summary,spine1,9244590080,9409658880,0/0/CPU0,12884901888,12884901888

2020-02-06 19:57:12.092000+00:00,Cisco-IOS-XR-nto-misc-oper:memory-summary/nodes/node/summary,spine1,10623549440,10827808768,0/RP0/CPU0,15032385536,15032385536

2020-02-06 19:57:17.228000+00:00,Cisco-IOS-XR-nto-misc-oper:memory-summary/nodes/node/summary,spine1,9244684288,9409884160,0/0/CPU0,12884901888,12884901888

2020-02-06 19:57:17.232000+00:00,Cisco-IOS-XR-nto-misc-oper:memory-summary/nodes/node/summary,spine1,10623504384,10827894784,0/RP0/CPU0,15032385536,15032385536

2020-02-06 19:57:24.656000+00:00,Cisco-IOS-XR-nto-misc-oper:memory-summary/nodes/node/summary,spine1,9244639232,9409847296,0/0/CPU0,12884901888,12884901888

2020-02-06 19:57:24.660000+00:00,Cisco-IOS-XR-nto-misc-oper:memory-summary/nodes/node/summary,spine1,10623537152,10827804672,0/RP0/CPU0,15032385536,15032385536

2020-02-06 19:57:29.796000+00:00,Cisco-IOS-XR-nto-misc-oper:memory-summary/nodes/node/summary,spine1,9244516352,9409724416,0/0/CPU0,12884901888,12884901888

2020-02-06 19:57:29.800000+00:00,Cisco-IOS-XR-nto-misc-oper:memory-summary/nodes/node/summary,spine1,10623541248,10827808768,0/RP0/CPU0,15032385536,15032385536

2020-02-06 19:57:36.122000+00:00,Cisco-IOS-XR-nto-misc-oper:memory-summary/nodes/node/summary,spine1,9244766208,9409843200,0/0/CPU0,12884901888,12884901888

2020-02-06 19:57:36.126000+00:00,Cisco-IOS-XR-nto-misc-oper:memory-summary/nodes/node/summary,spine1,10623541248,10827808768,0/RP0/CPU0,15032385536,15032385536

2020-02-06 19:57:41.260000+00:00,Cisco-IOS-XR-nto-misc-oper:memory-summary/nodes/node/summary,spine1,9244651520,9409728512,0/0/CPU0,12884901888,12884901888

2020-02-06 19:57:41.264000+00:00,Cisco-IOS-XR-nto-misc-oper:memory-summary/nodes/node/summary,spine1,10623533056,10827804672,0/RP0/CPU0,15032385536,15032385536

