,EncodingPath,Producer,active-routes-count,af-name,as,backup-routes-count,deleted-routes-count,paths-count,protocol-route-memory,route-table-name,routes-counts,saf-name,vrf-name

2020-02-06 19:40:22.911000+00:00,Cisco-IOS-XR-ip-rib-ipv4-oper:rib/vrfs/vrf/afs/af/safs/saf/ip-rib-route-table-names/ip-rib-route-table-name/protocol/bgp/as/information,spine1,210,IPv4,65011,0,0,1564,203728,default,210,Unicast,default

2020-02-06 19:40:34.407000+00:00,Cisco-IOS-XR-ip-rib-ipv4-oper:rib/vrfs/vrf/afs/af/safs/saf/ip-rib-route-table-names/ip-rib-route-table-name/protocol/bgp/as/information,spine1,210,IPv4,65011,0,0,1564,203728,default,210,Unicast,default

2020-02-06 19:40:45.935000+00:00,Cisco-IOS-XR-ip-rib-ipv4-oper:rib/vrfs/vrf/afs/af/safs/saf/ip-rib-route-table-names/ip-rib-route-table-name/protocol/bgp/as/information,spine1,210,IPv4,65011,0,0,1564,203728,default,210,Unicast,default

2020-02-06 19:40:57.381000+00:00,Cisco-IOS-XR-ip-rib-ipv4-oper:rib/vrfs/vrf/afs/af/safs/saf/ip-rib-route-table-names/ip-rib-route-table-name/protocol/bgp/as/information,spine1,210,IPv4,65011,0,0,1564,203728,default,210,Unicast,default

2020-02-06 19:41:08.819000+00:00,Cisco-IOS-XR-ip-rib-ipv4-oper:rib/vrfs/vrf/afs/af/safs/saf/ip-rib-route-table-names/ip-rib-route-table-name/protocol/bgp/as/information,spine1,210,IPv4,65011,0,1,1524,199384,default,211,Unicast,default

2020-02-06 19:41:20.244000+00:00,Cisco-IOS-XR-ip-rib-ipv4-oper:rib/vrfs/vrf/afs/af/safs/saf/ip-rib-route-table-names/ip-rib-route-table-name/protocol/bgp/as/information,spine1,210,IPv4,65011,0,1,1524,199384,default,211,Unicast,default

2020-02-06 19:41:31.685000+00:00,Cisco-IOS-XR-ip-rib-ipv4-oper:rib/vrfs/vrf/afs/af/safs/saf/ip-rib-route-table-names/ip-rib-route-table-name/protocol/bgp/as/information,spine1,210,IPv4,65011,0,0,1524,199248,default,210,Unicast,default

2020-02-06 19:41:43.204000+00:00,Cisco-IOS-XR-ip-rib-ipv4-oper:rib/vrfs/vrf/afs/af/safs/saf/ip-rib-route-table-names/ip-rib-route-table-name/protocol/bgp/as/information,spine1,210,IPv4,65011,0,0,1524,199248,default,210,Unicast,default

2020-02-06 19:41:54.675000+00:00,Cisco-IOS-XR-ip-rib-ipv4-oper:rib/vrfs/vrf/afs/af/safs/saf/ip-rib-route-table-names/ip-rib-route-table-name/protocol/bgp/as/information,spine1,210,IPv4,65011,0,0,1524,199248,default,210,Unicast,default

2020-02-06 19:42:06.113000+00:00,Cisco-IOS-XR-ip-rib-ipv4-oper:rib/vrfs/vrf/afs/af/safs/saf/ip-rib-route-table-names/ip-rib-route-table-name/protocol/bgp/as/information,spine1,210,IPv4,65011,0,0,1524,199248,default,210,Unicast,default

2020-02-06 19:42:17.680000+00:00,Cisco-IOS-XR-ip-rib-ipv4-oper:rib/vrfs/vrf/afs/af/safs/saf/ip-rib-route-table-names/ip-rib-route-table-name/protocol/bgp/as/information,spine1,210,IPv4,65011,0,0,1524,199248,default,210,Unicast,default

2020-02-06 19:42:29.150000+00:00,Cisco-IOS-XR-ip-rib-ipv4-oper:rib/vrfs/vrf/afs/af/safs/saf/ip-rib-route-table-names/ip-rib-route-table-name/protocol/bgp/as/information,spine1,210,IPv4,65011,0,0,1524,199248,default,210,Unicast,default

2020-02-06 19:42:40.629000+00:00,Cisco-IOS-XR-ip-rib-ipv4-oper:rib/vrfs/vrf/afs/af/safs/saf/ip-rib-route-table-names/ip-rib-route-table-name/protocol/bgp/as/information,spine1,210,IPv4,65011,0,0,1524,199248,default,210,Unicast,default

2020-02-06 19:42:52.065000+00:00,Cisco-IOS-XR-ip-rib-ipv4-oper:rib/vrfs/vrf/afs/af/safs/saf/ip-rib-route-table-names/ip-rib-route-table-name/protocol/bgp/as/information,spine1,210,IPv4,65011,0,0,1524,199248,default,210,Unicast,default

2020-02-06 19:43:03.516000+00:00,Cisco-IOS-XR-ip-rib-ipv4-oper:rib/vrfs/vrf/afs/af/safs/saf/ip-rib-route-table-names/ip-rib-route-table-name/protocol/bgp/as/information,spine1,210,IPv4,65011,0,0,1524,199248,default,210,Unicast,default

2020-02-06 19:43:14.955000+00:00,Cisco-IOS-XR-ip-rib-ipv4-oper:rib/vrfs/vrf/afs/af/safs/saf/ip-rib-route-table-names/ip-rib-route-table-name/protocol/bgp/as/information,spine1,210,IPv4,65011,0,0,1524,199248,default,210,Unicast,default

2020-02-06 19:43:26.407000+00:00,Cisco-IOS-XR-ip-rib-ipv4-oper:rib/vrfs/vrf/afs/af/safs/saf/ip-rib-route-table-names/ip-rib-route-table-name/protocol/bgp/as/information,spine1,210,IPv4,65011,0,0,1524,199248,default,210,Unicast,default

2020-02-06 19:43:37.899000+00:00,Cisco-IOS-XR-ip-rib-ipv4-oper:rib/vrfs/vrf/afs/af/safs/saf/ip-rib-route-table-names/ip-rib-route-table-name/protocol/bgp/as/information,spine1,210,IPv4,65011,0,0,1524,199248,default,210,Unicast,default

2020-02-06 19:43:49.392000+00:00,Cisco-IOS-XR-ip-rib-ipv4-oper:rib/vrfs/vrf/afs/af/safs/saf/ip-rib-route-table-names/ip-rib-route-table-name/protocol/bgp/as/information,spine1,210,IPv4,65011,0,0,1524,199248,default,210,Unicast,default

2020-02-06 19:44:00.848000+00:00,Cisco-IOS-XR-ip-rib-ipv4-oper:rib/vrfs/vrf/afs/af/safs/saf/ip-rib-route-table-names/ip-rib-route-table-name/protocol/bgp/as/information,spine1,210,IPv4,65011,0,0,1524,199248,default,210,Unicast,default

2020-02-06 19:44:12.275000+00:00,Cisco-IOS-XR-ip-rib-ipv4-oper:rib/vrfs/vrf/afs/af/safs/saf/ip-rib-route-table-names/ip-rib-route-table-name/protocol/bgp/as/information,spine1,210,IPv4,65011,0,0,1524,199248,default,210,Unicast,default

2020-02-06 19:44:23.714000+00:00,Cisco-IOS-XR-ip-rib-ipv4-oper:rib/vrfs/vrf/afs/af/safs/saf/ip-rib-route-table-names/ip-rib-route-table-name/protocol/bgp/as/information,spine1,210,IPv4,65011,0,0,1524,199248,default,210,Unicast,default

2020-02-06 19:44:35.166000+00:00,Cisco-IOS-XR-ip-rib-ipv4-oper:rib/vrfs/vrf/afs/af/safs/saf/ip-rib-route-table-names/ip-rib-route-table-name/protocol/bgp/as/information,spine1,210,IPv4,65011,0,0,1524,199248,default,210,Unicast,default

2020-02-06 19:44:46.643000+00:00,Cisco-IOS-XR-ip-rib-ipv4-oper:rib/vrfs/vrf/afs/af/safs/saf/ip-rib-route-table-names/ip-rib-route-table-name/protocol/bgp/as/information,spine1,210,IPv4,65011,0,0,1524,199248,default,210,Unicast,default

2020-02-06 19:44:58.095000+00:00,Cisco-IOS-XR-ip-rib-ipv4-oper:rib/vrfs/vrf/afs/af/safs/saf/ip-rib-route-table-names/ip-rib-route-table-name/protocol/bgp/as/information,spine1,210,IPv4,65011,0,0,1524,199248,default,210,Unicast,default

2020-02-06 19:45:09.527000+00:00,Cisco-IOS-XR-ip-rib-ipv4-oper:rib/vrfs/vrf/afs/af/safs/saf/ip-rib-route-table-names/ip-rib-route-table-name/protocol/bgp/as/information,spine1,210,IPv4,65011,0,0,1524,199248,default,210,Unicast,default

2020-02-06 19:45:20.988000+00:00,Cisco-IOS-XR-ip-rib-ipv4-oper:rib/vrfs/vrf/afs/af/safs/saf/ip-rib-route-table-names/ip-rib-route-table-name/protocol/bgp/as/information,spine1,210,IPv4,65011,0,0,1524,199248,default,210,Unicast,default

2020-02-06 19:45:32.444000+00:00,Cisco-IOS-XR-ip-rib-ipv4-oper:rib/vrfs/vrf/afs/af/safs/saf/ip-rib-route-table-names/ip-rib-route-table-name/protocol/bgp/as/information,spine1,210,IPv4,65011,0,0,1524,199248,default,210,Unicast,default

2020-02-06 19:45:43.875000+00:00,Cisco-IOS-XR-ip-rib-ipv4-oper:rib/vrfs/vrf/afs/af/safs/saf/ip-rib-route-table-names/ip-rib-route-table-name/protocol/bgp/as/information,spine1,210,IPv4,65011,0,0,1524,199248,default,210,Unicast,default

2020-02-06 19:45:55.359000+00:00,Cisco-IOS-XR-ip-rib-ipv4-oper:rib/vrfs/vrf/afs/af/safs/saf/ip-rib-route-table-names/ip-rib-route-table-name/protocol/bgp/as/information,spine1,210,IPv4,65011,0,0,1524,199248,default,210,Unicast,default

2020-02-06 19:46:06.796000+00:00,Cisco-IOS-XR-ip-rib-ipv4-oper:rib/vrfs/vrf/afs/af/safs/saf/ip-rib-route-table-names/ip-rib-route-table-name/protocol/bgp/as/information,spine1,210,IPv4,65011,0,0,1524,199248,default,210,Unicast,default

2020-02-06 19:46:18.424000+00:00,Cisco-IOS-XR-ip-rib-ipv4-oper:rib/vrfs/vrf/afs/af/safs/saf/ip-rib-route-table-names/ip-rib-route-table-name/protocol/bgp/as/information,spine1,210,IPv4,65011,0,0,1524,199248,default,210,Unicast,default

2020-02-06 19:46:29.902000+00:00,Cisco-IOS-XR-ip-rib-ipv4-oper:rib/vrfs/vrf/afs/af/safs/saf/ip-rib-route-table-names/ip-rib-route-table-name/protocol/bgp/as/information,spine1,210,IPv4,65011,0,0,1524,199248,default,210,Unicast,default

2020-02-06 19:46:41.391000+00:00,Cisco-IOS-XR-ip-rib-ipv4-oper:rib/vrfs/vrf/afs/af/safs/saf/ip-rib-route-table-names/ip-rib-route-table-name/protocol/bgp/as/information,spine1,210,IPv4,65011,0,0,1524,199248,default,210,Unicast,default

2020-02-06 19:46:52.860000+00:00,Cisco-IOS-XR-ip-rib-ipv4-oper:rib/vrfs/vrf/afs/af/safs/saf/ip-rib-route-table-names/ip-rib-route-table-name/protocol/bgp/as/information,spine1,210,IPv4,65011,0,0,1524,199248,default,210,Unicast,default

2020-02-06 19:47:04.328000+00:00,Cisco-IOS-XR-ip-rib-ipv4-oper:rib/vrfs/vrf/afs/af/safs/saf/ip-rib-route-table-names/ip-rib-route-table-name/protocol/bgp/as/information,spine1,210,IPv4,65011,0,0,1524,199248,default,210,Unicast,default

2020-02-06 19:47:15.765000+00:00,Cisco-IOS-XR-ip-rib-ipv4-oper:rib/vrfs/vrf/afs/af/safs/saf/ip-rib-route-table-names/ip-rib-route-table-name/protocol/bgp/as/information,spine1,210,IPv4,65011,0,0,1524,199248,default,210,Unicast,default

2020-02-06 19:47:27.255000+00:00,Cisco-IOS-XR-ip-rib-ipv4-oper:rib/vrfs/vrf/afs/af/safs/saf/ip-rib-route-table-names/ip-rib-route-table-name/protocol/bgp/as/information,spine1,210,IPv4,65011,0,0,1524,199248,default,210,Unicast,default

2020-02-06 19:47:38.708000+00:00,Cisco-IOS-XR-ip-rib-ipv4-oper:rib/vrfs/vrf/afs/af/safs/saf/ip-rib-route-table-names/ip-rib-route-table-name/protocol/bgp/as/information,spine1,210,IPv4,65011,0,0,1524,199248,default,210,Unicast,default

2020-02-06 19:47:50.132000+00:00,Cisco-IOS-XR-ip-rib-ipv4-oper:rib/vrfs/vrf/afs/af/safs/saf/ip-rib-route-table-names/ip-rib-route-table-name/protocol/bgp/as/information,spine1,210,IPv4,65011,0,0,1524,199248,default,210,Unicast,default

2020-02-06 19:48:01.614000+00:00,Cisco-IOS-XR-ip-rib-ipv4-oper:rib/vrfs/vrf/afs/af/safs/saf/ip-rib-route-table-names/ip-rib-route-table-name/protocol/bgp/as/information,spine1,210,IPv4,65011,0,0,1524,199248,default,210,Unicast,default

2020-02-06 19:48:13.070000+00:00,Cisco-IOS-XR-ip-rib-ipv4-oper:rib/vrfs/vrf/afs/af/safs/saf/ip-rib-route-table-names/ip-rib-route-table-name/protocol/bgp/as/information,spine1,210,IPv4,65011,0,0,1524,199248,default,210,Unicast,default

2020-02-06 19:48:24.514000+00:00,Cisco-IOS-XR-ip-rib-ipv4-oper:rib/vrfs/vrf/afs/af/safs/saf/ip-rib-route-table-names/ip-rib-route-table-name/protocol/bgp/as/information,spine1,210,IPv4,65011,0,0,1524,199248,default,210,Unicast,default

2020-02-06 19:48:35.961000+00:00,Cisco-IOS-XR-ip-rib-ipv4-oper:rib/vrfs/vrf/afs/af/safs/saf/ip-rib-route-table-names/ip-rib-route-table-name/protocol/bgp/as/information,spine1,210,IPv4,65011,0,0,1524,199248,default,210,Unicast,default

2020-02-06 19:48:47.389000+00:00,Cisco-IOS-XR-ip-rib-ipv4-oper:rib/vrfs/vrf/afs/af/safs/saf/ip-rib-route-table-names/ip-rib-route-table-name/protocol/bgp/as/information,spine1,210,IPv4,65011,0,0,1524,199248,default,210,Unicast,default

2020-02-06 19:48:58.819000+00:00,Cisco-IOS-XR-ip-rib-ipv4-oper:rib/vrfs/vrf/afs/af/safs/saf/ip-rib-route-table-names/ip-rib-route-table-name/protocol/bgp/as/information,spine1,210,IPv4,65011,0,0,1524,199248,default,210,Unicast,default

2020-02-06 19:49:10.255000+00:00,Cisco-IOS-XR-ip-rib-ipv4-oper:rib/vrfs/vrf/afs/af/safs/saf/ip-rib-route-table-names/ip-rib-route-table-name/protocol/bgp/as/information,spine1,210,IPv4,65011,0,0,1524,199248,default,210,Unicast,default

2020-02-06 19:49:21.716000+00:00,Cisco-IOS-XR-ip-rib-ipv4-oper:rib/vrfs/vrf/afs/af/safs/saf/ip-rib-route-table-names/ip-rib-route-table-name/protocol/bgp/as/information,spine1,210,IPv4,65011,0,0,1524,199248,default,210,Unicast,default

2020-02-06 19:49:33.160000+00:00,Cisco-IOS-XR-ip-rib-ipv4-oper:rib/vrfs/vrf/afs/af/safs/saf/ip-rib-route-table-names/ip-rib-route-table-name/protocol/bgp/as/information,spine1,210,IPv4,65011,0,0,1524,199248,default,210,Unicast,default

2020-02-06 19:49:44.602000+00:00,Cisco-IOS-XR-ip-rib-ipv4-oper:rib/vrfs/vrf/afs/af/safs/saf/ip-rib-route-table-names/ip-rib-route-table-name/protocol/bgp/as/information,spine1,210,IPv4,65011,0,0,1524,199248,default,210,Unicast,default

2020-02-06 19:49:56.052000+00:00,Cisco-IOS-XR-ip-rib-ipv4-oper:rib/vrfs/vrf/afs/af/safs/saf/ip-rib-route-table-names/ip-rib-route-table-name/protocol/bgp/as/information,spine1,210,IPv4,65011,0,0,1524,199248,default,210,Unicast,default

2020-02-06 19:50:07.506000+00:00,Cisco-IOS-XR-ip-rib-ipv4-oper:rib/vrfs/vrf/afs/af/safs/saf/ip-rib-route-table-names/ip-rib-route-table-name/protocol/bgp/as/information,spine1,210,IPv4,65011,0,0,1524,199248,default,210,Unicast,default

2020-02-06 19:50:19.007000+00:00,Cisco-IOS-XR-ip-rib-ipv4-oper:rib/vrfs/vrf/afs/af/safs/saf/ip-rib-route-table-names/ip-rib-route-table-name/protocol/bgp/as/information,spine1,210,IPv4,65011,0,0,1524,199248,default,210,Unicast,default

2020-02-06 19:50:30.432000+00:00,Cisco-IOS-XR-ip-rib-ipv4-oper:rib/vrfs/vrf/afs/af/safs/saf/ip-rib-route-table-names/ip-rib-route-table-name/protocol/bgp/as/information,spine1,210,IPv4,65011,0,0,1524,199248,default,210,Unicast,default

2020-02-06 19:50:41.878000+00:00,Cisco-IOS-XR-ip-rib-ipv4-oper:rib/vrfs/vrf/afs/af/safs/saf/ip-rib-route-table-names/ip-rib-route-table-name/protocol/bgp/as/information,spine1,210,IPv4,65011,0,0,1524,199248,default,210,Unicast,default

2020-02-06 19:50:53.325000+00:00,Cisco-IOS-XR-ip-rib-ipv4-oper:rib/vrfs/vrf/afs/af/safs/saf/ip-rib-route-table-names/ip-rib-route-table-name/protocol/bgp/as/information,spine1,210,IPv4,65011,0,0,1524,199248,default,210,Unicast,default

2020-02-06 19:51:04.802000+00:00,Cisco-IOS-XR-ip-rib-ipv4-oper:rib/vrfs/vrf/afs/af/safs/saf/ip-rib-route-table-names/ip-rib-route-table-name/protocol/bgp/as/information,spine1,210,IPv4,65011,0,0,1524,199248,default,210,Unicast,default

2020-02-06 19:51:16.260000+00:00,Cisco-IOS-XR-ip-rib-ipv4-oper:rib/vrfs/vrf/afs/af/safs/saf/ip-rib-route-table-names/ip-rib-route-table-name/protocol/bgp/as/information,spine1,210,IPv4,65011,0,0,1524,199248,default,210,Unicast,default

2020-02-06 19:51:27.706000+00:00,Cisco-IOS-XR-ip-rib-ipv4-oper:rib/vrfs/vrf/afs/af/safs/saf/ip-rib-route-table-names/ip-rib-route-table-name/protocol/bgp/as/information,spine1,210,IPv4,65011,0,0,1524,199248,default,210,Unicast,default

2020-02-06 19:51:39.184000+00:00,Cisco-IOS-XR-ip-rib-ipv4-oper:rib/vrfs/vrf/afs/af/safs/saf/ip-rib-route-table-names/ip-rib-route-table-name/protocol/bgp/as/information,spine1,210,IPv4,65011,0,0,1564,203728,default,210,Unicast,default

2020-02-06 19:51:50.664000+00:00,Cisco-IOS-XR-ip-rib-ipv4-oper:rib/vrfs/vrf/afs/af/safs/saf/ip-rib-route-table-names/ip-rib-route-table-name/protocol/bgp/as/information,spine1,210,IPv4,65011,0,0,1564,203728,default,210,Unicast,default

2020-02-06 19:52:02.154000+00:00,Cisco-IOS-XR-ip-rib-ipv4-oper:rib/vrfs/vrf/afs/af/safs/saf/ip-rib-route-table-names/ip-rib-route-table-name/protocol/bgp/as/information,spine1,210,IPv4,65011,0,0,1564,203728,default,210,Unicast,default

2020-02-06 19:52:13.654000+00:00,Cisco-IOS-XR-ip-rib-ipv4-oper:rib/vrfs/vrf/afs/af/safs/saf/ip-rib-route-table-names/ip-rib-route-table-name/protocol/bgp/as/information,spine1,210,IPv4,65011,0,0,1564,203728,default,210,Unicast,default

2020-02-06 19:52:25.107000+00:00,Cisco-IOS-XR-ip-rib-ipv4-oper:rib/vrfs/vrf/afs/af/safs/saf/ip-rib-route-table-names/ip-rib-route-table-name/protocol/bgp/as/information,spine1,210,IPv4,65011,0,0,1564,203728,default,210,Unicast,default

2020-02-06 19:52:36.592000+00:00,Cisco-IOS-XR-ip-rib-ipv4-oper:rib/vrfs/vrf/afs/af/safs/saf/ip-rib-route-table-names/ip-rib-route-table-name/protocol/bgp/as/information,spine1,210,IPv4,65011,0,0,1564,203728,default,210,Unicast,default

2020-02-06 19:52:48.030000+00:00,Cisco-IOS-XR-ip-rib-ipv4-oper:rib/vrfs/vrf/afs/af/safs/saf/ip-rib-route-table-names/ip-rib-route-table-name/protocol/bgp/as/information,spine1,210,IPv4,65011,0,0,1564,203728,default,210,Unicast,default

2020-02-06 19:52:59.545000+00:00,Cisco-IOS-XR-ip-rib-ipv4-oper:rib/vrfs/vrf/afs/af/safs/saf/ip-rib-route-table-names/ip-rib-route-table-name/protocol/bgp/as/information,spine1,210,IPv4,65011,0,0,1564,203728,default,210,Unicast,default

2020-02-06 19:53:10.982000+00:00,Cisco-IOS-XR-ip-rib-ipv4-oper:rib/vrfs/vrf/afs/af/safs/saf/ip-rib-route-table-names/ip-rib-route-table-name/protocol/bgp/as/information,spine1,210,IPv4,65011,0,0,1564,203728,default,210,Unicast,default

2020-02-06 19:53:22.455000+00:00,Cisco-IOS-XR-ip-rib-ipv4-oper:rib/vrfs/vrf/afs/af/safs/saf/ip-rib-route-table-names/ip-rib-route-table-name/protocol/bgp/as/information,spine1,210,IPv4,65011,0,0,1564,203728,default,210,Unicast,default

2020-02-06 19:53:33.948000+00:00,Cisco-IOS-XR-ip-rib-ipv4-oper:rib/vrfs/vrf/afs/af/safs/saf/ip-rib-route-table-names/ip-rib-route-table-name/protocol/bgp/as/information,spine1,210,IPv4,65011,0,0,1564,203728,default,210,Unicast,default

2020-02-06 19:53:45.426000+00:00,Cisco-IOS-XR-ip-rib-ipv4-oper:rib/vrfs/vrf/afs/af/safs/saf/ip-rib-route-table-names/ip-rib-route-table-name/protocol/bgp/as/information,spine1,210,IPv4,65011,0,0,1564,203728,default,210,Unicast,default

2020-02-06 19:53:56.915000+00:00,Cisco-IOS-XR-ip-rib-ipv4-oper:rib/vrfs/vrf/afs/af/safs/saf/ip-rib-route-table-names/ip-rib-route-table-name/protocol/bgp/as/information,spine1,210,IPv4,65011,0,0,1564,203728,default,210,Unicast,default

2020-02-06 19:54:08.349000+00:00,Cisco-IOS-XR-ip-rib-ipv4-oper:rib/vrfs/vrf/afs/af/safs/saf/ip-rib-route-table-names/ip-rib-route-table-name/protocol/bgp/as/information,spine1,210,IPv4,65011,0,0,1564,203728,default,210,Unicast,default

2020-02-06 19:54:19.827000+00:00,Cisco-IOS-XR-ip-rib-ipv4-oper:rib/vrfs/vrf/afs/af/safs/saf/ip-rib-route-table-names/ip-rib-route-table-name/protocol/bgp/as/information,spine1,210,IPv4,65011,0,0,1564,203728,default,210,Unicast,default

2020-02-06 19:54:31.258000+00:00,Cisco-IOS-XR-ip-rib-ipv4-oper:rib/vrfs/vrf/afs/af/safs/saf/ip-rib-route-table-names/ip-rib-route-table-name/protocol/bgp/as/information,spine1,210,IPv4,65011,0,0,1564,203728,default,210,Unicast,default

2020-02-06 19:54:42.728000+00:00,Cisco-IOS-XR-ip-rib-ipv4-oper:rib/vrfs/vrf/afs/af/safs/saf/ip-rib-route-table-names/ip-rib-route-table-name/protocol/bgp/as/information,spine1,210,IPv4,65011,0,0,1564,203728,default,210,Unicast,default

2020-02-06 19:54:54.230000+00:00,Cisco-IOS-XR-ip-rib-ipv4-oper:rib/vrfs/vrf/afs/af/safs/saf/ip-rib-route-table-names/ip-rib-route-table-name/protocol/bgp/as/information,spine1,210,IPv4,65011,0,0,1564,203728,default,210,Unicast,default

2020-02-06 19:55:05.728000+00:00,Cisco-IOS-XR-ip-rib-ipv4-oper:rib/vrfs/vrf/afs/af/safs/saf/ip-rib-route-table-names/ip-rib-route-table-name/protocol/bgp/as/information,spine1,210,IPv4,65011,0,0,1564,203728,default,210,Unicast,default

2020-02-06 19:55:17.159000+00:00,Cisco-IOS-XR-ip-rib-ipv4-oper:rib/vrfs/vrf/afs/af/safs/saf/ip-rib-route-table-names/ip-rib-route-table-name/protocol/bgp/as/information,spine1,210,IPv4,65011,0,0,1564,203728,default,210,Unicast,default

2020-02-06 19:55:28.613000+00:00,Cisco-IOS-XR-ip-rib-ipv4-oper:rib/vrfs/vrf/afs/af/safs/saf/ip-rib-route-table-names/ip-rib-route-table-name/protocol/bgp/as/information,spine1,210,IPv4,65011,0,0,1564,203728,default,210,Unicast,default

2020-02-06 19:55:40.082000+00:00,Cisco-IOS-XR-ip-rib-ipv4-oper:rib/vrfs/vrf/afs/af/safs/saf/ip-rib-route-table-names/ip-rib-route-table-name/protocol/bgp/as/information,spine1,210,IPv4,65011,0,0,1564,203728,default,210,Unicast,default

2020-02-06 19:55:51.610000+00:00,Cisco-IOS-XR-ip-rib-ipv4-oper:rib/vrfs/vrf/afs/af/safs/saf/ip-rib-route-table-names/ip-rib-route-table-name/protocol/bgp/as/information,spine1,210,IPv4,65011,0,0,1564,203728,default,210,Unicast,default

2020-02-06 19:56:03.080000+00:00,Cisco-IOS-XR-ip-rib-ipv4-oper:rib/vrfs/vrf/afs/af/safs/saf/ip-rib-route-table-names/ip-rib-route-table-name/protocol/bgp/as/information,spine1,210,IPv4,65011,0,0,1564,203728,default,210,Unicast,default

2020-02-06 19:56:14.557000+00:00,Cisco-IOS-XR-ip-rib-ipv4-oper:rib/vrfs/vrf/afs/af/safs/saf/ip-rib-route-table-names/ip-rib-route-table-name/protocol/bgp/as/information,spine1,210,IPv4,65011,0,0,1564,203728,default,210,Unicast,default

2020-02-06 19:56:26.046000+00:00,Cisco-IOS-XR-ip-rib-ipv4-oper:rib/vrfs/vrf/afs/af/safs/saf/ip-rib-route-table-names/ip-rib-route-table-name/protocol/bgp/as/information,spine1,210,IPv4,65011,0,0,1564,203728,default,210,Unicast,default

2020-02-06 19:56:37.490000+00:00,Cisco-IOS-XR-ip-rib-ipv4-oper:rib/vrfs/vrf/afs/af/safs/saf/ip-rib-route-table-names/ip-rib-route-table-name/protocol/bgp/as/information,spine1,210,IPv4,65011,0,0,1564,203728,default,210,Unicast,default

2020-02-06 19:56:48.955000+00:00,Cisco-IOS-XR-ip-rib-ipv4-oper:rib/vrfs/vrf/afs/af/safs/saf/ip-rib-route-table-names/ip-rib-route-table-name/protocol/bgp/as/information,spine1,210,IPv4,65011,0,0,1564,203728,default,210,Unicast,default

2020-02-06 19:57:00.400000+00:00,Cisco-IOS-XR-ip-rib-ipv4-oper:rib/vrfs/vrf/afs/af/safs/saf/ip-rib-route-table-names/ip-rib-route-table-name/protocol/bgp/as/information,spine1,210,IPv4,65011,0,0,1564,203728,default,210,Unicast,default

2020-02-06 19:57:11.894000+00:00,Cisco-IOS-XR-ip-rib-ipv4-oper:rib/vrfs/vrf/afs/af/safs/saf/ip-rib-route-table-names/ip-rib-route-table-name/protocol/bgp/as/information,spine1,210,IPv4,65011,0,0,1564,203728,default,210,Unicast,default

2020-02-06 19:57:24.460000+00:00,Cisco-IOS-XR-ip-rib-ipv4-oper:rib/vrfs/vrf/afs/af/safs/saf/ip-rib-route-table-names/ip-rib-route-table-name/protocol/bgp/as/information,spine1,210,IPv4,65011,0,0,1564,203728,default,210,Unicast,default

2020-02-06 19:57:35.935000+00:00,Cisco-IOS-XR-ip-rib-ipv4-oper:rib/vrfs/vrf/afs/af/safs/saf/ip-rib-route-table-names/ip-rib-route-table-name/protocol/bgp/as/information,spine1,210,IPv4,65011,0,0,1564,203728,default,210,Unicast,default

