,Producer,Target,asic-instance,chip-version,host,node-name,npu-id,rack-number,slot-number,statistics/block-info/block-name,statistics/block-info/field-info/field-name,statistics/block-info/field-info/field-value,statistics/block-info/field-info/is-overflow,statistics/block-info/num-fields,statistics/num-blocks,valid

2020-02-06 13:19:59.987000+00:00,dr03,sg15,0,1,obt-collector1,0/0/CPU0,0,0,0,NBIH,NBIH TxTotPktCnt,12311154030,false,60,12,true

2020-02-06 13:19:59.990000+00:00,dr03,sg15,1,1,obt-collector1,0/0/CPU0,1,0,0,NBIH,NBIH TxTotPktCnt,0,false,60,12,true

2020-02-06 13:19:59.992000+00:00,dr03,sg15,2,1,obt-collector1,0/0/CPU0,2,0,0,NBIH,NBIH TxTotPktCnt,0,false,60,12,true

2020-02-06 13:19:59.994000+00:00,dr03,sg15,3,1,obt-collector1,0/0/CPU0,3,0,0,NBIH,NBIH TxTotPktCnt,0,false,60,12,true

2020-02-06 13:19:59.997000+00:00,dr03,sg15,4,1,obt-collector1,0/0/CPU0,4,0,0,NBIH,NBIH TxTotPktCnt,0,false,60,12,true

2020-02-06 13:19:59.999000+00:00,dr03,sg15,5,1,obt-collector1,0/0/CPU0,5,0,0,NBIH,NBIH TxTotPktCnt,150317376422,false,60,12,true

2020-02-06 13:20:00.003000+00:00,dr03,sg15,0,1,obt-collector1,0/1/CPU0,0,0,1,NBIH,NBIH TxTotPktCnt,57764352645,false,60,12,true

2020-02-06 13:20:00.006000+00:00,dr03,sg15,1,1,obt-collector1,0/1/CPU0,1,0,1,NBIH,NBIH TxTotPktCnt,0,false,60,12,true

2020-02-06 13:20:00.008000+00:00,dr03,sg15,2,1,obt-collector1,0/1/CPU0,2,0,1,NBIH,NBIH TxTotPktCnt,0,false,60,12,true

2020-02-06 13:20:00.010000+00:00,dr03,sg15,3,1,obt-collector1,0/1/CPU0,3,0,1,NBIH,NBIH TxTotPktCnt,0,false,60,12,true

2020-02-06 13:20:00.013000+00:00,dr03,sg15,4,1,obt-collector1,0/1/CPU0,4,0,1,NBIH,NBIH TxTotPktCnt,0,false,60,12,true

2020-02-06 13:20:00.015000+00:00,dr03,sg15,5,1,obt-collector1,0/1/CPU0,5,0,1,NBIH,NBIH TxTotPktCnt,170521218389,false,60,12,true

2020-02-06 13:20:20.988000+00:00,dr03,sg15,0,1,obt-collector1,0/0/CPU0,0,0,0,NBIH,NBIH TxTotPktCnt,12311154030,false,60,12,true

2020-02-06 13:20:20.990000+00:00,dr03,sg15,1,1,obt-collector1,0/0/CPU0,1,0,0,NBIH,NBIH TxTotPktCnt,0,false,60,12,true

2020-02-06 13:20:20.993000+00:00,dr03,sg15,2,1,obt-collector1,0/0/CPU0,2,0,0,NBIH,NBIH TxTotPktCnt,0,false,60,12,true

2020-02-06 13:20:20.995000+00:00,dr03,sg15,3,1,obt-collector1,0/0/CPU0,3,0,0,NBIH,NBIH TxTotPktCnt,0,false,60,12,true

2020-02-06 13:20:20.997000+00:00,dr03,sg15,4,1,obt-collector1,0/0/CPU0,4,0,0,NBIH,NBIH TxTotPktCnt,0,false,60,12,true

2020-02-06 13:20:21+00:00,dr03,sg15,5,1,obt-collector1,0/0/CPU0,5,0,0,NBIH,NBIH TxTotPktCnt,150317376422,false,60,12,true

2020-02-06 13:20:21.004000+00:00,dr03,sg15,0,1,obt-collector1,0/1/CPU0,0,0,1,NBIH,NBIH TxTotPktCnt,57764352645,false,60,12,true

2020-02-06 13:20:21.007000+00:00,dr03,sg15,1,1,obt-collector1,0/1/CPU0,1,0,1,NBIH,NBIH TxTotPktCnt,0,false,60,12,true

2020-02-06 13:20:21.009000+00:00,dr03,sg15,2,1,obt-collector1,0/1/CPU0,2,0,1,NBIH,NBIH TxTotPktCnt,0,false,60,12,true

2020-02-06 13:20:21.011000+00:00,dr03,sg15,3,1,obt-collector1,0/1/CPU0,3,0,1,NBIH,NBIH TxTotPktCnt,0,false,60,12,true

2020-02-06 13:20:21.014000+00:00,dr03,sg15,4,1,obt-collector1,0/1/CPU0,4,0,1,NBIH,NBIH TxTotPktCnt,0,false,60,12,true

2020-02-06 13:20:21.016000+00:00,dr03,sg15,5,1,obt-collector1,0/1/CPU0,5,0,1,NBIH,NBIH TxTotPktCnt,170521218389,false,60,12,true

2020-02-06 13:20:42.154000+00:00,dr03,sg15,0,1,obt-collector1,0/0/CPU0,0,0,0,NBIH,NBIH TxTotPktCnt,12311154393,false,60,12,true

2020-02-06 13:20:42.156000+00:00,dr03,sg15,1,1,obt-collector1,0/0/CPU0,1,0,0,NBIH,NBIH TxTotPktCnt,0,false,60,12,true

2020-02-06 13:20:42.159000+00:00,dr03,sg15,2,1,obt-collector1,0/0/CPU0,2,0,0,NBIH,NBIH TxTotPktCnt,0,false,60,12,true

2020-02-06 13:20:42.161000+00:00,dr03,sg15,3,1,obt-collector1,0/0/CPU0,3,0,0,NBIH,NBIH TxTotPktCnt,0,false,60,12,true

2020-02-06 13:20:42.163000+00:00,dr03,sg15,4,1,obt-collector1,0/0/CPU0,4,0,0,NBIH,NBIH TxTotPktCnt,0,false,60,12,true

2020-02-06 13:20:42.165000+00:00,dr03,sg15,5,1,obt-collector1,0/0/CPU0,5,0,0,NBIH,NBIH TxTotPktCnt,150317575889,false,60,12,true

2020-02-06 13:20:42.170000+00:00,dr03,sg15,0,1,obt-collector1,0/1/CPU0,0,0,1,NBIH,NBIH TxTotPktCnt,57764605036,false,60,12,true

2020-02-06 13:20:42.173000+00:00,dr03,sg15,1,1,obt-collector1,0/1/CPU0,1,0,1,NBIH,NBIH TxTotPktCnt,0,false,60,12,true

2020-02-06 13:20:42.175000+00:00,dr03,sg15,2,1,obt-collector1,0/1/CPU0,2,0,1,NBIH,NBIH TxTotPktCnt,0,false,60,12,true

2020-02-06 13:20:42.177000+00:00,dr03,sg15,3,1,obt-collector1,0/1/CPU0,3,0,1,NBIH,NBIH TxTotPktCnt,0,false,60,12,true

2020-02-06 13:20:42.179000+00:00,dr03,sg15,4,1,obt-collector1,0/1/CPU0,4,0,1,NBIH,NBIH TxTotPktCnt,0,false,60,12,true

2020-02-06 13:20:42.182000+00:00,dr03,sg15,5,1,obt-collector1,0/1/CPU0,5,0,1,NBIH,NBIH TxTotPktCnt,170521734191,false,60,12,true

2020-02-06 13:21:03.459000+00:00,dr03,sg15,0,1,obt-collector1,0/0/CPU0,0,0,0,NBIH,NBIH TxTotPktCnt,12311154821,false,60,12,true

2020-02-06 13:21:03.461000+00:00,dr03,sg15,1,1,obt-collector1,0/0/CPU0,1,0,0,NBIH,NBIH TxTotPktCnt,0,false,60,12,true

2020-02-06 13:21:03.464000+00:00,dr03,sg15,2,1,obt-collector1,0/0/CPU0,2,0,0,NBIH,NBIH TxTotPktCnt,0,false,60,12,true

2020-02-06 13:21:03.466000+00:00,dr03,sg15,3,1,obt-collector1,0/0/CPU0,3,0,0,NBIH,NBIH TxTotPktCnt,0,false,60,12,true

2020-02-06 13:21:03.468000+00:00,dr03,sg15,4,1,obt-collector1,0/0/CPU0,4,0,0,NBIH,NBIH TxTotPktCnt,0,false,60,12,true

2020-02-06 13:21:03.471000+00:00,dr03,sg15,5,1,obt-collector1,0/0/CPU0,5,0,0,NBIH,NBIH TxTotPktCnt,150317808048,false,60,12,true

2020-02-06 13:21:03.476000+00:00,dr03,sg15,0,1,obt-collector1,0/1/CPU0,0,0,1,NBIH,NBIH TxTotPktCnt,57764880303,false,60,12,true

2020-02-06 13:21:03.478000+00:00,dr03,sg15,1,1,obt-collector1,0/1/CPU0,1,0,1,NBIH,NBIH TxTotPktCnt,0,false,60,12,true

2020-02-06 13:21:03.480000+00:00,dr03,sg15,2,1,obt-collector1,0/1/CPU0,2,0,1,NBIH,NBIH TxTotPktCnt,0,false,60,12,true

2020-02-06 13:21:03.483000+00:00,dr03,sg15,3,1,obt-collector1,0/1/CPU0,3,0,1,NBIH,NBIH TxTotPktCnt,0,false,60,12,true

2020-02-06 13:21:03.485000+00:00,dr03,sg15,4,1,obt-collector1,0/1/CPU0,4,0,1,NBIH,NBIH TxTotPktCnt,0,false,60,12,true

2020-02-06 13:21:03.488000+00:00,dr03,sg15,5,1,obt-collector1,0/1/CPU0,5,0,1,NBIH,NBIH TxTotPktCnt,170522292829,false,60,12,true

2020-02-06 13:21:24.480000+00:00,dr03,sg15,0,1,obt-collector1,0/0/CPU0,0,0,0,NBIH,NBIH TxTotPktCnt,12311154821,false,60,12,true

2020-02-06 13:21:24.483000+00:00,dr03,sg15,1,1,obt-collector1,0/0/CPU0,1,0,0,NBIH,NBIH TxTotPktCnt,0,false,60,12,true

2020-02-06 13:21:24.485000+00:00,dr03,sg15,2,1,obt-collector1,0/0/CPU0,2,0,0,NBIH,NBIH TxTotPktCnt,0,false,60,12,true

2020-02-06 13:21:24.487000+00:00,dr03,sg15,3,1,obt-collector1,0/0/CPU0,3,0,0,NBIH,NBIH TxTotPktCnt,0,false,60,12,true

2020-02-06 13:21:24.489000+00:00,dr03,sg15,4,1,obt-collector1,0/0/CPU0,4,0,0,NBIH,NBIH TxTotPktCnt,0,false,60,12,true

2020-02-06 13:21:24.492000+00:00,dr03,sg15,5,1,obt-collector1,0/0/CPU0,5,0,0,NBIH,NBIH TxTotPktCnt,150317808048,false,60,12,true

2020-02-06 13:21:24.497000+00:00,dr03,sg15,0,1,obt-collector1,0/1/CPU0,0,0,1,NBIH,NBIH TxTotPktCnt,57764880303,false,60,12,true

2020-02-06 13:21:24.500000+00:00,dr03,sg15,1,1,obt-collector1,0/1/CPU0,1,0,1,NBIH,NBIH TxTotPktCnt,0,false,60,12,true

2020-02-06 13:21:24.503000+00:00,dr03,sg15,2,1,obt-collector1,0/1/CPU0,2,0,1,NBIH,NBIH TxTotPktCnt,0,false,60,12,true

2020-02-06 13:21:24.505000+00:00,dr03,sg15,3,1,obt-collector1,0/1/CPU0,3,0,1,NBIH,NBIH TxTotPktCnt,0,false,60,12,true

2020-02-06 13:21:24.511000+00:00,dr03,sg15,4,1,obt-collector1,0/1/CPU0,4,0,1,NBIH,NBIH TxTotPktCnt,0,false,60,12,true

2020-02-06 13:21:24.513000+00:00,dr03,sg15,5,1,obt-collector1,0/1/CPU0,5,0,1,NBIH,NBIH TxTotPktCnt,170522292829,false,60,12,true

2020-02-06 13:21:45.646000+00:00,dr03,sg15,0,1,obt-collector1,0/0/CPU0,0,0,0,NBIH,NBIH TxTotPktCnt,12311155180,false,60,12,true

2020-02-06 13:21:45.649000+00:00,dr03,sg15,1,1,obt-collector1,0/0/CPU0,1,0,0,NBIH,NBIH TxTotPktCnt,0,false,60,12,true

2020-02-06 13:21:45.651000+00:00,dr03,sg15,2,1,obt-collector1,0/0/CPU0,2,0,0,NBIH,NBIH TxTotPktCnt,0,false,60,12,true

2020-02-06 13:21:45.654000+00:00,dr03,sg15,3,1,obt-collector1,0/0/CPU0,3,0,0,NBIH,NBIH TxTotPktCnt,0,false,60,12,true

2020-02-06 13:21:45.656000+00:00,dr03,sg15,4,1,obt-collector1,0/0/CPU0,4,0,0,NBIH,NBIH TxTotPktCnt,0,false,60,12,true

2020-02-06 13:21:45.658000+00:00,dr03,sg15,5,1,obt-collector1,0/0/CPU0,5,0,0,NBIH,NBIH TxTotPktCnt,150318041440,false,60,12,true

2020-02-06 13:21:45.663000+00:00,dr03,sg15,0,1,obt-collector1,0/1/CPU0,0,0,1,NBIH,NBIH TxTotPktCnt,57765129027,false,60,12,true

2020-02-06 13:21:45.665000+00:00,dr03,sg15,1,1,obt-collector1,0/1/CPU0,1,0,1,NBIH,NBIH TxTotPktCnt,0,false,60,12,true

2020-02-06 13:21:45.668000+00:00,dr03,sg15,2,1,obt-collector1,0/1/CPU0,2,0,1,NBIH,NBIH TxTotPktCnt,0,false,60,12,true

2020-02-06 13:21:45.670000+00:00,dr03,sg15,3,1,obt-collector1,0/1/CPU0,3,0,1,NBIH,NBIH TxTotPktCnt,0,false,60,12,true

2020-02-06 13:21:45.673000+00:00,dr03,sg15,4,1,obt-collector1,0/1/CPU0,4,0,1,NBIH,NBIH TxTotPktCnt,0,false,60,12,true

2020-02-06 13:21:45.675000+00:00,dr03,sg15,5,1,obt-collector1,0/1/CPU0,5,0,1,NBIH,NBIH TxTotPktCnt,170522790806,false,60,12,true

2020-02-06 13:22:06.963000+00:00,dr03,sg15,0,1,obt-collector1,0/0/CPU0,0,0,0,NBIH,NBIH TxTotPktCnt,12311155600,false,60,12,true

2020-02-06 13:22:06.965000+00:00,dr03,sg15,1,1,obt-collector1,0/0/CPU0,1,0,0,NBIH,NBIH TxTotPktCnt,0,false,60,12,true

2020-02-06 13:22:06.968000+00:00,dr03,sg15,2,1,obt-collector1,0/0/CPU0,2,0,0,NBIH,NBIH TxTotPktCnt,0,false,60,12,true

2020-02-06 13:22:06.970000+00:00,dr03,sg15,3,1,obt-collector1,0/0/CPU0,3,0,0,NBIH,NBIH TxTotPktCnt,0,false,60,12,true

2020-02-06 13:22:06.972000+00:00,dr03,sg15,4,1,obt-collector1,0/0/CPU0,4,0,0,NBIH,NBIH TxTotPktCnt,0,false,60,12,true

2020-02-06 13:22:06.975000+00:00,dr03,sg15,5,1,obt-collector1,0/0/CPU0,5,0,0,NBIH,NBIH TxTotPktCnt,150318278056,false,60,12,true

2020-02-06 13:22:06.980000+00:00,dr03,sg15,0,1,obt-collector1,0/1/CPU0,0,0,1,NBIH,NBIH TxTotPktCnt,57765406598,false,60,12,true

2020-02-06 13:22:06.982000+00:00,dr03,sg15,1,1,obt-collector1,0/1/CPU0,1,0,1,NBIH,NBIH TxTotPktCnt,0,false,60,12,true

2020-02-06 13:22:06.984000+00:00,dr03,sg15,2,1,obt-collector1,0/1/CPU0,2,0,1,NBIH,NBIH TxTotPktCnt,0,false,60,12,true

2020-02-06 13:22:06.987000+00:00,dr03,sg15,3,1,obt-collector1,0/1/CPU0,3,0,1,NBIH,NBIH TxTotPktCnt,0,false,60,12,true

2020-02-06 13:22:06.989000+00:00,dr03,sg15,4,1,obt-collector1,0/1/CPU0,4,0,1,NBIH,NBIH TxTotPktCnt,0,false,60,12,true

2020-02-06 13:22:06.991000+00:00,dr03,sg15,5,1,obt-collector1,0/1/CPU0,5,0,1,NBIH,NBIH TxTotPktCnt,170523339406,false,60,12,true

2020-02-06 13:22:27.959000+00:00,dr03,sg15,0,1,obt-collector1,0/0/CPU0,0,0,0,NBIH,NBIH TxTotPktCnt,12311155600,false,60,12,true

2020-02-06 13:22:27.962000+00:00,dr03,sg15,1,1,obt-collector1,0/0/CPU0,1,0,0,NBIH,NBIH TxTotPktCnt,0,false,60,12,true

2020-02-06 13:22:27.964000+00:00,dr03,sg15,2,1,obt-collector1,0/0/CPU0,2,0,0,NBIH,NBIH TxTotPktCnt,0,false,60,12,true

2020-02-06 13:22:27.966000+00:00,dr03,sg15,3,1,obt-collector1,0/0/CPU0,3,0,0,NBIH,NBIH TxTotPktCnt,0,false,60,12,true

2020-02-06 13:22:27.969000+00:00,dr03,sg15,4,1,obt-collector1,0/0/CPU0,4,0,0,NBIH,NBIH TxTotPktCnt,0,false,60,12,true

2020-02-06 13:22:27.971000+00:00,dr03,sg15,5,1,obt-collector1,0/0/CPU0,5,0,0,NBIH,NBIH TxTotPktCnt,150318278056,false,60,12,true

2020-02-06 13:22:27.977000+00:00,dr03,sg15,0,1,obt-collector1,0/1/CPU0,0,0,1,NBIH,NBIH TxTotPktCnt,57765406598,false,60,12,true

2020-02-06 13:22:27.979000+00:00,dr03,sg15,1,1,obt-collector1,0/1/CPU0,1,0,1,NBIH,NBIH TxTotPktCnt,0,false,60,12,true

2020-02-06 13:22:27.981000+00:00,dr03,sg15,2,1,obt-collector1,0/1/CPU0,2,0,1,NBIH,NBIH TxTotPktCnt,0,false,60,12,true

2020-02-06 13:22:27.984000+00:00,dr03,sg15,3,1,obt-collector1,0/1/CPU0,3,0,1,NBIH,NBIH TxTotPktCnt,0,false,60,12,true

2020-02-06 13:22:27.986000+00:00,dr03,sg15,4,1,obt-collector1,0/1/CPU0,4,0,1,NBIH,NBIH TxTotPktCnt,0,false,60,12,true

2020-02-06 13:22:27.988000+00:00,dr03,sg15,5,1,obt-collector1,0/1/CPU0,5,0,1,NBIH,NBIH TxTotPktCnt,170523339406,false,60,12,true

2020-02-06 13:22:49.109000+00:00,dr03,sg15,0,1,obt-collector1,0/0/CPU0,0,0,0,NBIH,NBIH TxTotPktCnt,12311155961,false,60,12,true

2020-02-06 13:22:49.111000+00:00,dr03,sg15,1,1,obt-collector1,0/0/CPU0,1,0,0,NBIH,NBIH TxTotPktCnt,0,false,60,12,true

2020-02-06 13:22:49.114000+00:00,dr03,sg15,2,1,obt-collector1,0/0/CPU0,2,0,0,NBIH,NBIH TxTotPktCnt,0,false,60,12,true

2020-02-06 13:22:49.116000+00:00,dr03,sg15,3,1,obt-collector1,0/0/CPU0,3,0,0,NBIH,NBIH TxTotPktCnt,0,false,60,12,true

2020-02-06 13:22:49.119000+00:00,dr03,sg15,4,1,obt-collector1,0/0/CPU0,4,0,0,NBIH,NBIH TxTotPktCnt,0,false,60,12,true

2020-02-06 13:22:49.121000+00:00,dr03,sg15,5,1,obt-collector1,0/0/CPU0,5,0,0,NBIH,NBIH TxTotPktCnt,150318476400,false,60,12,true

2020-02-06 13:22:49.126000+00:00,dr03,sg15,0,1,obt-collector1,0/1/CPU0,0,0,1,NBIH,NBIH TxTotPktCnt,57765645982,false,60,12,true

2020-02-06 13:22:49.128000+00:00,dr03,sg15,1,1,obt-collector1,0/1/CPU0,1,0,1,NBIH,NBIH TxTotPktCnt,0,false,60,12,true

2020-02-06 13:22:49.131000+00:00,dr03,sg15,2,1,obt-collector1,0/1/CPU0,2,0,1,NBIH,NBIH TxTotPktCnt,0,false,60,12,true

2020-02-06 13:22:49.133000+00:00,dr03,sg15,3,1,obt-collector1,0/1/CPU0,3,0,1,NBIH,NBIH TxTotPktCnt,0,false,60,12,true

2020-02-06 13:22:49.135000+00:00,dr03,sg15,4,1,obt-collector1,0/1/CPU0,4,0,1,NBIH,NBIH TxTotPktCnt,0,false,60,12,true

2020-02-06 13:22:49.138000+00:00,dr03,sg15,5,1,obt-collector1,0/1/CPU0,5,0,1,NBIH,NBIH TxTotPktCnt,170523856796,false,60,12,true

2020-02-06 13:23:10.413000+00:00,dr03,sg15,0,1,obt-collector1,0/0/CPU0,0,0,0,NBIH,NBIH TxTotPktCnt,12311156377,false,60,12,true

2020-02-06 13:23:10.416000+00:00,dr03,sg15,1,1,obt-collector1,0/0/CPU0,1,0,0,NBIH,NBIH TxTotPktCnt,0,false,60,12,true

2020-02-06 13:23:10.418000+00:00,dr03,sg15,2,1,obt-collector1,0/0/CPU0,2,0,0,NBIH,NBIH TxTotPktCnt,0,false,60,12,true

2020-02-06 13:23:10.420000+00:00,dr03,sg15,3,1,obt-collector1,0/0/CPU0,3,0,0,NBIH,NBIH TxTotPktCnt,0,false,60,12,true

2020-02-06 13:23:10.423000+00:00,dr03,sg15,4,1,obt-collector1,0/0/CPU0,4,0,0,NBIH,NBIH TxTotPktCnt,0,false,60,12,true

2020-02-06 13:23:10.425000+00:00,dr03,sg15,5,1,obt-collector1,0/0/CPU0,5,0,0,NBIH,NBIH TxTotPktCnt,150318732799,false,60,12,true

2020-02-06 13:23:10.430000+00:00,dr03,sg15,0,1,obt-collector1,0/1/CPU0,0,0,1,NBIH,NBIH TxTotPktCnt,57765923115,false,60,12,true

2020-02-06 13:23:10.432000+00:00,dr03,sg15,1,1,obt-collector1,0/1/CPU0,1,0,1,NBIH,NBIH TxTotPktCnt,0,false,60,12,true

2020-02-06 13:23:10.435000+00:00,dr03,sg15,2,1,obt-collector1,0/1/CPU0,2,0,1,NBIH,NBIH TxTotPktCnt,0,false,60,12,true

2020-02-06 13:23:10.437000+00:00,dr03,sg15,3,1,obt-collector1,0/1/CPU0,3,0,1,NBIH,NBIH TxTotPktCnt,0,false,60,12,true

2020-02-06 13:23:10.439000+00:00,dr03,sg15,4,1,obt-collector1,0/1/CPU0,4,0,1,NBIH,NBIH TxTotPktCnt,0,false,60,12,true

2020-02-06 13:23:10.442000+00:00,dr03,sg15,5,1,obt-collector1,0/1/CPU0,5,0,1,NBIH,NBIH TxTotPktCnt,170524446981,false,60,12,true

2020-02-06 13:23:31.433000+00:00,dr03,sg15,0,1,obt-collector1,0/0/CPU0,0,0,0,NBIH,NBIH TxTotPktCnt,12311156377,false,60,12,true

2020-02-06 13:23:31.435000+00:00,dr03,sg15,1,1,obt-collector1,0/0/CPU0,1,0,0,NBIH,NBIH TxTotPktCnt,0,false,60,12,true

2020-02-06 13:23:31.437000+00:00,dr03,sg15,2,1,obt-collector1,0/0/CPU0,2,0,0,NBIH,NBIH TxTotPktCnt,0,false,60,12,true

2020-02-06 13:23:31.440000+00:00,dr03,sg15,3,1,obt-collector1,0/0/CPU0,3,0,0,NBIH,NBIH TxTotPktCnt,0,false,60,12,true

2020-02-06 13:23:31.442000+00:00,dr03,sg15,4,1,obt-collector1,0/0/CPU0,4,0,0,NBIH,NBIH TxTotPktCnt,0,false,60,12,true

2020-02-06 13:23:31.444000+00:00,dr03,sg15,5,1,obt-collector1,0/0/CPU0,5,0,0,NBIH,NBIH TxTotPktCnt,150318732799,false,60,12,true

2020-02-06 13:23:31.450000+00:00,dr03,sg15,0,1,obt-collector1,0/1/CPU0,0,0,1,NBIH,NBIH TxTotPktCnt,57765923115,false,60,12,true

2020-02-06 13:23:31.452000+00:00,dr03,sg15,1,1,obt-collector1,0/1/CPU0,1,0,1,NBIH,NBIH TxTotPktCnt,0,false,60,12,true

2020-02-06 13:23:31.455000+00:00,dr03,sg15,2,1,obt-collector1,0/1/CPU0,2,0,1,NBIH,NBIH TxTotPktCnt,0,false,60,12,true

2020-02-06 13:23:31.457000+00:00,dr03,sg15,3,1,obt-collector1,0/1/CPU0,3,0,1,NBIH,NBIH TxTotPktCnt,0,false,60,12,true

2020-02-06 13:23:31.460000+00:00,dr03,sg15,4,1,obt-collector1,0/1/CPU0,4,0,1,NBIH,NBIH TxTotPktCnt,0,false,60,12,true

2020-02-06 13:23:31.462000+00:00,dr03,sg15,5,1,obt-collector1,0/1/CPU0,5,0,1,NBIH,NBIH TxTotPktCnt,170524446981,false,60,12,true

2020-02-06 13:23:52.598000+00:00,dr03,sg15,0,1,obt-collector1,0/0/CPU0,0,0,0,NBIH,NBIH TxTotPktCnt,12311156747,false,60,12,true

2020-02-06 13:23:52.601000+00:00,dr03,sg15,1,1,obt-collector1,0/0/CPU0,1,0,0,NBIH,NBIH TxTotPktCnt,0,false,60,12,true

2020-02-06 13:23:52.603000+00:00,dr03,sg15,2,1,obt-collector1,0/0/CPU0,2,0,0,NBIH,NBIH TxTotPktCnt,0,false,60,12,true

2020-02-06 13:23:52.605000+00:00,dr03,sg15,3,1,obt-collector1,0/0/CPU0,3,0,0,NBIH,NBIH TxTotPktCnt,0,false,60,12,true

2020-02-06 13:23:52.608000+00:00,dr03,sg15,4,1,obt-collector1,0/0/CPU0,4,0,0,NBIH,NBIH TxTotPktCnt,0,false,60,12,true

2020-02-06 13:23:52.610000+00:00,dr03,sg15,5,1,obt-collector1,0/0/CPU0,5,0,0,NBIH,NBIH TxTotPktCnt,150318953728,false,60,12,true

2020-02-06 13:23:52.616000+00:00,dr03,sg15,0,1,obt-collector1,0/1/CPU0,0,0,1,NBIH,NBIH TxTotPktCnt,57766179189,false,60,12,true

2020-02-06 13:23:52.618000+00:00,dr03,sg15,1,1,obt-collector1,0/1/CPU0,1,0,1,NBIH,NBIH TxTotPktCnt,0,false,60,12,true

2020-02-06 13:23:52.620000+00:00,dr03,sg15,2,1,obt-collector1,0/1/CPU0,2,0,1,NBIH,NBIH TxTotPktCnt,0,false,60,12,true

2020-02-06 13:23:52.623000+00:00,dr03,sg15,3,1,obt-collector1,0/1/CPU0,3,0,1,NBIH,NBIH TxTotPktCnt,0,false,60,12,true

2020-02-06 13:23:52.625000+00:00,dr03,sg15,4,1,obt-collector1,0/1/CPU0,4,0,1,NBIH,NBIH TxTotPktCnt,0,false,60,12,true

2020-02-06 13:23:52.627000+00:00,dr03,sg15,5,1,obt-collector1,0/1/CPU0,5,0,1,NBIH,NBIH TxTotPktCnt,170524941227,false,60,12,true

2020-02-06 13:24:13.912000+00:00,dr03,sg15,0,1,obt-collector1,0/0/CPU0,0,0,0,NBIH,NBIH TxTotPktCnt,12311157167,false,60,12,true

2020-02-06 13:24:13.914000+00:00,dr03,sg15,1,1,obt-collector1,0/0/CPU0,1,0,0,NBIH,NBIH TxTotPktCnt,0,false,60,12,true

2020-02-06 13:24:13.917000+00:00,dr03,sg15,2,1,obt-collector1,0/0/CPU0,2,0,0,NBIH,NBIH TxTotPktCnt,0,false,60,12,true

2020-02-06 13:24:13.919000+00:00,dr03,sg15,3,1,obt-collector1,0/0/CPU0,3,0,0,NBIH,NBIH TxTotPktCnt,0,false,60,12,true

2020-02-06 13:24:13.921000+00:00,dr03,sg15,4,1,obt-collector1,0/0/CPU0,4,0,0,NBIH,NBIH TxTotPktCnt,0,false,60,12,true

2020-02-06 13:24:13.924000+00:00,dr03,sg15,5,1,obt-collector1,0/0/CPU0,5,0,0,NBIH,NBIH TxTotPktCnt,150319205783,false,60,12,true

2020-02-06 13:24:13.929000+00:00,dr03,sg15,0,1,obt-collector1,0/1/CPU0,0,0,1,NBIH,NBIH TxTotPktCnt,57766453865,false,60,12,true

2020-02-06 13:24:13.932000+00:00,dr03,sg15,1,1,obt-collector1,0/1/CPU0,1,0,1,NBIH,NBIH TxTotPktCnt,0,false,60,12,true

2020-02-06 13:24:13.934000+00:00,dr03,sg15,2,1,obt-collector1,0/1/CPU0,2,0,1,NBIH,NBIH TxTotPktCnt,0,false,60,12,true

2020-02-06 13:24:13.936000+00:00,dr03,sg15,3,1,obt-collector1,0/1/CPU0,3,0,1,NBIH,NBIH TxTotPktCnt,0,false,60,12,true

2020-02-06 13:24:13.939000+00:00,dr03,sg15,4,1,obt-collector1,0/1/CPU0,4,0,1,NBIH,NBIH TxTotPktCnt,0,false,60,12,true

2020-02-06 13:24:13.941000+00:00,dr03,sg15,5,1,obt-collector1,0/1/CPU0,5,0,1,NBIH,NBIH TxTotPktCnt,170525490923,false,60,12,true

2020-02-06 13:24:34.915000+00:00,dr03,sg15,0,1,obt-collector1,0/0/CPU0,0,0,0,NBIH,NBIH TxTotPktCnt,12311157167,false,60,12,true

2020-02-06 13:24:34.917000+00:00,dr03,sg15,1,1,obt-collector1,0/0/CPU0,1,0,0,NBIH,NBIH TxTotPktCnt,0,false,60,12,true

2020-02-06 13:24:34.920000+00:00,dr03,sg15,2,1,obt-collector1,0/0/CPU0,2,0,0,NBIH,NBIH TxTotPktCnt,0,false,60,12,true

2020-02-06 13:24:34.922000+00:00,dr03,sg15,3,1,obt-collector1,0/0/CPU0,3,0,0,NBIH,NBIH TxTotPktCnt,0,false,60,12,true

2020-02-06 13:24:34.925000+00:00,dr03,sg15,4,1,obt-collector1,0/0/CPU0,4,0,0,NBIH,NBIH TxTotPktCnt,0,false,60,12,true

2020-02-06 13:24:34.927000+00:00,dr03,sg15,5,1,obt-collector1,0/0/CPU0,5,0,0,NBIH,NBIH TxTotPktCnt,150319205783,false,60,12,true

2020-02-06 13:24:34.934000+00:00,dr03,sg15,0,1,obt-collector1,0/1/CPU0,0,0,1,NBIH,NBIH TxTotPktCnt,57766453865,false,60,12,true

2020-02-06 13:24:34.936000+00:00,dr03,sg15,1,1,obt-collector1,0/1/CPU0,1,0,1,NBIH,NBIH TxTotPktCnt,0,false,60,12,true

2020-02-06 13:24:34.939000+00:00,dr03,sg15,2,1,obt-collector1,0/1/CPU0,2,0,1,NBIH,NBIH TxTotPktCnt,0,false,60,12,true

2020-02-06 13:24:34.941000+00:00,dr03,sg15,3,1,obt-collector1,0/1/CPU0,3,0,1,NBIH,NBIH TxTotPktCnt,0,false,60,12,true

2020-02-06 13:24:34.943000+00:00,dr03,sg15,4,1,obt-collector1,0/1/CPU0,4,0,1,NBIH,NBIH TxTotPktCnt,0,false,60,12,true

2020-02-06 13:24:34.946000+00:00,dr03,sg15,5,1,obt-collector1,0/1/CPU0,5,0,1,NBIH,NBIH TxTotPktCnt,170525490923,false,60,12,true

2020-02-06 13:24:56.075000+00:00,dr03,sg15,0,1,obt-collector1,0/0/CPU0,0,0,0,NBIH,NBIH TxTotPktCnt,12311157534,false,60,12,true

2020-02-06 13:24:56.077000+00:00,dr03,sg15,1,1,obt-collector1,0/0/CPU0,1,0,0,NBIH,NBIH TxTotPktCnt,0,false,60,12,true

2020-02-06 13:24:56.079000+00:00,dr03,sg15,2,1,obt-collector1,0/0/CPU0,2,0,0,NBIH,NBIH TxTotPktCnt,0,false,60,12,true

2020-02-06 13:24:56.081000+00:00,dr03,sg15,3,1,obt-collector1,0/0/CPU0,3,0,0,NBIH,NBIH TxTotPktCnt,0,false,60,12,true

2020-02-06 13:24:56.084000+00:00,dr03,sg15,4,1,obt-collector1,0/0/CPU0,4,0,0,NBIH,NBIH TxTotPktCnt,0,false,60,12,true

2020-02-06 13:24:56.086000+00:00,dr03,sg15,5,1,obt-collector1,0/0/CPU0,5,0,0,NBIH,NBIH TxTotPktCnt,150319416621,false,60,12,true

2020-02-06 13:24:56.091000+00:00,dr03,sg15,0,1,obt-collector1,0/1/CPU0,0,0,1,NBIH,NBIH TxTotPktCnt,57766708044,false,60,12,true

2020-02-06 13:24:56.094000+00:00,dr03,sg15,1,1,obt-collector1,0/1/CPU0,1,0,1,NBIH,NBIH TxTotPktCnt,0,false,60,12,true

2020-02-06 13:24:56.096000+00:00,dr03,sg15,2,1,obt-collector1,0/1/CPU0,2,0,1,NBIH,NBIH TxTotPktCnt,0,false,60,12,true

2020-02-06 13:24:56.098000+00:00,dr03,sg15,3,1,obt-collector1,0/1/CPU0,3,0,1,NBIH,NBIH TxTotPktCnt,0,false,60,12,true

2020-02-06 13:24:56.101000+00:00,dr03,sg15,4,1,obt-collector1,0/1/CPU0,4,0,1,NBIH,NBIH TxTotPktCnt,0,false,60,12,true

2020-02-06 13:24:56.103000+00:00,dr03,sg15,5,1,obt-collector1,0/1/CPU0,5,0,1,NBIH,NBIH TxTotPktCnt,170526027242,false,60,12,true

2020-02-06 13:25:17.376000+00:00,dr03,sg15,0,1,obt-collector1,0/0/CPU0,0,0,0,NBIH,NBIH TxTotPktCnt,12311157942,false,60,12,true

2020-02-06 13:25:17.378000+00:00,dr03,sg15,1,1,obt-collector1,0/0/CPU0,1,0,0,NBIH,NBIH TxTotPktCnt,0,false,60,12,true

2020-02-06 13:25:17.381000+00:00,dr03,sg15,2,1,obt-collector1,0/0/CPU0,2,0,0,NBIH,NBIH TxTotPktCnt,0,false,60,12,true

2020-02-06 13:25:17.383000+00:00,dr03,sg15,3,1,obt-collector1,0/0/CPU0,3,0,0,NBIH,NBIH TxTotPktCnt,0,false,60,12,true

2020-02-06 13:25:17.386000+00:00,dr03,sg15,4,1,obt-collector1,0/0/CPU0,4,0,0,NBIH,NBIH TxTotPktCnt,0,false,60,12,true

2020-02-06 13:25:17.388000+00:00,dr03,sg15,5,1,obt-collector1,0/0/CPU0,5,0,0,NBIH,NBIH TxTotPktCnt,150319663952,false,60,12,true

2020-02-06 13:25:17.394000+00:00,dr03,sg15,0,1,obt-collector1,0/1/CPU0,0,0,1,NBIH,NBIH TxTotPktCnt,57766979404,false,60,12,true

2020-02-06 13:25:17.396000+00:00,dr03,sg15,1,1,obt-collector1,0/1/CPU0,1,0,1,NBIH,NBIH TxTotPktCnt,0,false,60,12,true

2020-02-06 13:25:17.399000+00:00,dr03,sg15,2,1,obt-collector1,0/1/CPU0,2,0,1,NBIH,NBIH TxTotPktCnt,0,false,60,12,true

2020-02-06 13:25:17.401000+00:00,dr03,sg15,3,1,obt-collector1,0/1/CPU0,3,0,1,NBIH,NBIH TxTotPktCnt,0,false,60,12,true

2020-02-06 13:25:17.403000+00:00,dr03,sg15,4,1,obt-collector1,0/1/CPU0,4,0,1,NBIH,NBIH TxTotPktCnt,0,false,60,12,true

2020-02-06 13:25:17.406000+00:00,dr03,sg15,5,1,obt-collector1,0/1/CPU0,5,0,1,NBIH,NBIH TxTotPktCnt,170526552786,false,60,12,true

2020-02-06 13:25:38.398000+00:00,dr03,sg15,0,1,obt-collector1,0/0/CPU0,0,0,0,NBIH,NBIH TxTotPktCnt,12311157942,false,60,12,true

2020-02-06 13:25:38.401000+00:00,dr03,sg15,1,1,obt-collector1,0/0/CPU0,1,0,0,NBIH,NBIH TxTotPktCnt,0,false,60,12,true

2020-02-06 13:25:38.403000+00:00,dr03,sg15,2,1,obt-collector1,0/0/CPU0,2,0,0,NBIH,NBIH TxTotPktCnt,0,false,60,12,true

2020-02-06 13:25:38.406000+00:00,dr03,sg15,3,1,obt-collector1,0/0/CPU0,3,0,0,NBIH,NBIH TxTotPktCnt,0,false,60,12,true

2020-02-06 13:25:38.408000+00:00,dr03,sg15,4,1,obt-collector1,0/0/CPU0,4,0,0,NBIH,NBIH TxTotPktCnt,0,false,60,12,true

2020-02-06 13:25:38.410000+00:00,dr03,sg15,5,1,obt-collector1,0/0/CPU0,5,0,0,NBIH,NBIH TxTotPktCnt,150319663952,false,60,12,true

2020-02-06 13:25:38.416000+00:00,dr03,sg15,0,1,obt-collector1,0/1/CPU0,0,0,1,NBIH,NBIH TxTotPktCnt,57766979404,false,60,12,true

2020-02-06 13:25:38.419000+00:00,dr03,sg15,1,1,obt-collector1,0/1/CPU0,1,0,1,NBIH,NBIH TxTotPktCnt,0,false,60,12,true

2020-02-06 13:25:38.421000+00:00,dr03,sg15,2,1,obt-collector1,0/1/CPU0,2,0,1,NBIH,NBIH TxTotPktCnt,0,false,60,12,true

2020-02-06 13:25:38.423000+00:00,dr03,sg15,3,1,obt-collector1,0/1/CPU0,3,0,1,NBIH,NBIH TxTotPktCnt,0,false,60,12,true

2020-02-06 13:25:38.426000+00:00,dr03,sg15,4,1,obt-collector1,0/1/CPU0,4,0,1,NBIH,NBIH TxTotPktCnt,0,false,60,12,true

2020-02-06 13:25:38.428000+00:00,dr03,sg15,5,1,obt-collector1,0/1/CPU0,5,0,1,NBIH,NBIH TxTotPktCnt,170526552786,false,60,12,true

2020-02-06 13:25:59.556000+00:00,dr03,sg15,0,1,obt-collector1,0/0/CPU0,0,0,0,NBIH,NBIH TxTotPktCnt,12311158318,false,60,12,true

2020-02-06 13:25:59.559000+00:00,dr03,sg15,1,1,obt-collector1,0/0/CPU0,1,0,0,NBIH,NBIH TxTotPktCnt,0,false,60,12,true

2020-02-06 13:25:59.561000+00:00,dr03,sg15,2,1,obt-collector1,0/0/CPU0,2,0,0,NBIH,NBIH TxTotPktCnt,0,false,60,12,true

2020-02-06 13:25:59.563000+00:00,dr03,sg15,3,1,obt-collector1,0/0/CPU0,3,0,0,NBIH,NBIH TxTotPktCnt,0,false,60,12,true

2020-02-06 13:25:59.566000+00:00,dr03,sg15,4,1,obt-collector1,0/0/CPU0,4,0,0,NBIH,NBIH TxTotPktCnt,0,false,60,12,true

2020-02-06 13:25:59.568000+00:00,dr03,sg15,5,1,obt-collector1,0/0/CPU0,5,0,0,NBIH,NBIH TxTotPktCnt,150319889036,false,60,12,true

2020-02-06 13:25:59.574000+00:00,dr03,sg15,0,1,obt-collector1,0/1/CPU0,0,0,1,NBIH,NBIH TxTotPktCnt,57767232791,false,60,12,true

2020-02-06 13:25:59.576000+00:00,dr03,sg15,1,1,obt-collector1,0/1/CPU0,1,0,1,NBIH,NBIH TxTotPktCnt,0,false,60,12,true

2020-02-06 13:25:59.579000+00:00,dr03,sg15,2,1,obt-collector1,0/1/CPU0,2,0,1,NBIH,NBIH TxTotPktCnt,0,false,60,12,true

2020-02-06 13:25:59.581000+00:00,dr03,sg15,3,1,obt-collector1,0/1/CPU0,3,0,1,NBIH,NBIH TxTotPktCnt,0,false,60,12,true

2020-02-06 13:25:59.583000+00:00,dr03,sg15,4,1,obt-collector1,0/1/CPU0,4,0,1,NBIH,NBIH TxTotPktCnt,0,false,60,12,true

2020-02-06 13:25:59.586000+00:00,dr03,sg15,5,1,obt-collector1,0/1/CPU0,5,0,1,NBIH,NBIH TxTotPktCnt,170527050596,false,60,12,true

2020-02-06 13:26:20.865000+00:00,dr03,sg15,0,1,obt-collector1,0/0/CPU0,0,0,0,NBIH,NBIH TxTotPktCnt,12311158724,false,60,12,true

2020-02-06 13:26:20.867000+00:00,dr03,sg15,1,1,obt-collector1,0/0/CPU0,1,0,0,NBIH,NBIH TxTotPktCnt,0,false,60,12,true

2020-02-06 13:26:20.870000+00:00,dr03,sg15,2,1,obt-collector1,0/0/CPU0,2,0,0,NBIH,NBIH TxTotPktCnt,0,false,60,12,true

2020-02-06 13:26:20.872000+00:00,dr03,sg15,3,1,obt-collector1,0/0/CPU0,3,0,0,NBIH,NBIH TxTotPktCnt,0,false,60,12,true

2020-02-06 13:26:20.874000+00:00,dr03,sg15,4,1,obt-collector1,0/0/CPU0,4,0,0,NBIH,NBIH TxTotPktCnt,0,false,60,12,true

2020-02-06 13:26:20.877000+00:00,dr03,sg15,5,1,obt-collector1,0/0/CPU0,5,0,0,NBIH,NBIH TxTotPktCnt,150320142778,false,60,12,true

2020-02-06 13:26:20.883000+00:00,dr03,sg15,0,1,obt-collector1,0/1/CPU0,0,0,1,NBIH,NBIH TxTotPktCnt,57767509990,false,60,12,true

2020-02-06 13:26:20.885000+00:00,dr03,sg15,1,1,obt-collector1,0/1/CPU0,1,0,1,NBIH,NBIH TxTotPktCnt,0,false,60,12,true

2020-02-06 13:26:20.887000+00:00,dr03,sg15,2,1,obt-collector1,0/1/CPU0,2,0,1,NBIH,NBIH TxTotPktCnt,0,false,60,12,true

2020-02-06 13:26:20.890000+00:00,dr03,sg15,3,1,obt-collector1,0/1/CPU0,3,0,1,NBIH,NBIH TxTotPktCnt,0,false,60,12,true

2020-02-06 13:26:20.892000+00:00,dr03,sg15,4,1,obt-collector1,0/1/CPU0,4,0,1,NBIH,NBIH TxTotPktCnt,0,false,60,12,true

2020-02-06 13:26:20.894000+00:00,dr03,sg15,5,1,obt-collector1,0/1/CPU0,5,0,1,NBIH,NBIH TxTotPktCnt,170527651393,false,60,12,true

2020-02-06 13:26:41.879000+00:00,dr03,sg15,0,1,obt-collector1,0/0/CPU0,0,0,0,NBIH,NBIH TxTotPktCnt,12311158724,false,60,12,true

2020-02-06 13:26:41.881000+00:00,dr03,sg15,1,1,obt-collector1,0/0/CPU0,1,0,0,NBIH,NBIH TxTotPktCnt,0,false,60,12,true

2020-02-06 13:26:41.884000+00:00,dr03,sg15,2,1,obt-collector1,0/0/CPU0,2,0,0,NBIH,NBIH TxTotPktCnt,0,false,60,12,true

2020-02-06 13:26:41.886000+00:00,dr03,sg15,3,1,obt-collector1,0/0/CPU0,3,0,0,NBIH,NBIH TxTotPktCnt,0,false,60,12,true

2020-02-06 13:26:41.888000+00:00,dr03,sg15,4,1,obt-collector1,0/0/CPU0,4,0,0,NBIH,NBIH TxTotPktCnt,0,false,60,12,true

2020-02-06 13:26:41.891000+00:00,dr03,sg15,5,1,obt-collector1,0/0/CPU0,5,0,0,NBIH,NBIH TxTotPktCnt,150320142778,false,60,12,true

2020-02-06 13:26:41.897000+00:00,dr03,sg15,0,1,obt-collector1,0/1/CPU0,0,0,1,NBIH,NBIH TxTotPktCnt,57767509990,false,60,12,true

2020-02-06 13:26:41.899000+00:00,dr03,sg15,1,1,obt-collector1,0/1/CPU0,1,0,1,NBIH,NBIH TxTotPktCnt,0,false,60,12,true

2020-02-06 13:26:41.902000+00:00,dr03,sg15,2,1,obt-collector1,0/1/CPU0,2,0,1,NBIH,NBIH TxTotPktCnt,0,false,60,12,true

2020-02-06 13:26:41.904000+00:00,dr03,sg15,3,1,obt-collector1,0/1/CPU0,3,0,1,NBIH,NBIH TxTotPktCnt,0,false,60,12,true

2020-02-06 13:26:41.906000+00:00,dr03,sg15,4,1,obt-collector1,0/1/CPU0,4,0,1,NBIH,NBIH TxTotPktCnt,0,false,60,12,true

2020-02-06 13:26:41.909000+00:00,dr03,sg15,5,1,obt-collector1,0/1/CPU0,5,0,1,NBIH,NBIH TxTotPktCnt,170527651393,false,60,12,true

2020-02-06 13:27:03.040000+00:00,dr03,sg15,0,1,obt-collector1,0/0/CPU0,0,0,0,NBIH,NBIH TxTotPktCnt,12311159107,false,60,12,true

2020-02-06 13:27:03.043000+00:00,dr03,sg15,1,1,obt-collector1,0/0/CPU0,1,0,0,NBIH,NBIH TxTotPktCnt,0,false,60,12,true

2020-02-06 13:27:03.045000+00:00,dr03,sg15,2,1,obt-collector1,0/0/CPU0,2,0,0,NBIH,NBIH TxTotPktCnt,0,false,60,12,true

2020-02-06 13:27:03.047000+00:00,dr03,sg15,3,1,obt-collector1,0/0/CPU0,3,0,0,NBIH,NBIH TxTotPktCnt,0,false,60,12,true

2020-02-06 13:27:03.049000+00:00,dr03,sg15,4,1,obt-collector1,0/0/CPU0,4,0,0,NBIH,NBIH TxTotPktCnt,0,false,60,12,true

2020-02-06 13:27:03.052000+00:00,dr03,sg15,5,1,obt-collector1,0/0/CPU0,5,0,0,NBIH,NBIH TxTotPktCnt,150320327573,false,60,12,true

2020-02-06 13:27:03.058000+00:00,dr03,sg15,0,1,obt-collector1,0/1/CPU0,0,0,1,NBIH,NBIH TxTotPktCnt,57767757680,false,60,12,true

2020-02-06 13:27:03.060000+00:00,dr03,sg15,1,1,obt-collector1,0/1/CPU0,1,0,1,NBIH,NBIH TxTotPktCnt,0,false,60,12,true

2020-02-06 13:27:03.062000+00:00,dr03,sg15,2,1,obt-collector1,0/1/CPU0,2,0,1,NBIH,NBIH TxTotPktCnt,0,false,60,12,true

2020-02-06 13:27:03.065000+00:00,dr03,sg15,3,1,obt-collector1,0/1/CPU0,3,0,1,NBIH,NBIH TxTotPktCnt,0,false,60,12,true

2020-02-06 13:27:03.067000+00:00,dr03,sg15,4,1,obt-collector1,0/1/CPU0,4,0,1,NBIH,NBIH TxTotPktCnt,0,false,60,12,true

2020-02-06 13:27:03.070000+00:00,dr03,sg15,5,1,obt-collector1,0/1/CPU0,5,0,1,NBIH,NBIH TxTotPktCnt,170528152153,false,60,12,true

2020-02-06 13:27:24.421000+00:00,dr03,sg15,0,1,obt-collector1,0/0/CPU0,0,0,0,NBIH,NBIH TxTotPktCnt,12311159507,false,60,12,true

2020-02-06 13:27:24.423000+00:00,dr03,sg15,1,1,obt-collector1,0/0/CPU0,1,0,0,NBIH,NBIH TxTotPktCnt,0,false,60,12,true

2020-02-06 13:27:24.425000+00:00,dr03,sg15,2,1,obt-collector1,0/0/CPU0,2,0,0,NBIH,NBIH TxTotPktCnt,0,false,60,12,true

2020-02-06 13:27:24.428000+00:00,dr03,sg15,3,1,obt-collector1,0/0/CPU0,3,0,0,NBIH,NBIH TxTotPktCnt,0,false,60,12,true

2020-02-06 13:27:24.430000+00:00,dr03,sg15,4,1,obt-collector1,0/0/CPU0,4,0,0,NBIH,NBIH TxTotPktCnt,0,false,60,12,true

2020-02-06 13:27:24.432000+00:00,dr03,sg15,5,1,obt-collector1,0/0/CPU0,5,0,0,NBIH,NBIH TxTotPktCnt,150320575921,false,60,12,true

2020-02-06 13:27:24.438000+00:00,dr03,sg15,0,1,obt-collector1,0/1/CPU0,0,0,1,NBIH,NBIH TxTotPktCnt,57768022746,false,60,12,true

2020-02-06 13:27:24.441000+00:00,dr03,sg15,1,1,obt-collector1,0/1/CPU0,1,0,1,NBIH,NBIH TxTotPktCnt,0,false,60,12,true

2020-02-06 13:27:24.443000+00:00,dr03,sg15,2,1,obt-collector1,0/1/CPU0,2,0,1,NBIH,NBIH TxTotPktCnt,0,false,60,12,true

2020-02-06 13:27:24.445000+00:00,dr03,sg15,3,1,obt-collector1,0/1/CPU0,3,0,1,NBIH,NBIH TxTotPktCnt,0,false,60,12,true

2020-02-06 13:27:24.447000+00:00,dr03,sg15,4,1,obt-collector1,0/1/CPU0,4,0,1,NBIH,NBIH TxTotPktCnt,0,false,60,12,true

2020-02-06 13:27:24.450000+00:00,dr03,sg15,5,1,obt-collector1,0/1/CPU0,5,0,1,NBIH,NBIH TxTotPktCnt,170528703544,false,60,12,true

2020-02-06 13:27:45.368000+00:00,dr03,sg15,0,1,obt-collector1,0/0/CPU0,0,0,0,NBIH,NBIH TxTotPktCnt,12311159507,false,60,12,true

2020-02-06 13:27:45.370000+00:00,dr03,sg15,1,1,obt-collector1,0/0/CPU0,1,0,0,NBIH,NBIH TxTotPktCnt,0,false,60,12,true

2020-02-06 13:27:45.373000+00:00,dr03,sg15,2,1,obt-collector1,0/0/CPU0,2,0,0,NBIH,NBIH TxTotPktCnt,0,false,60,12,true

2020-02-06 13:27:45.375000+00:00,dr03,sg15,3,1,obt-collector1,0/0/CPU0,3,0,0,NBIH,NBIH TxTotPktCnt,0,false,60,12,true

2020-02-06 13:27:45.377000+00:00,dr03,sg15,4,1,obt-collector1,0/0/CPU0,4,0,0,NBIH,NBIH TxTotPktCnt,0,false,60,12,true

2020-02-06 13:27:45.380000+00:00,dr03,sg15,5,1,obt-collector1,0/0/CPU0,5,0,0,NBIH,NBIH TxTotPktCnt,150320575921,false,60,12,true

2020-02-06 13:27:45.386000+00:00,dr03,sg15,0,1,obt-collector1,0/1/CPU0,0,0,1,NBIH,NBIH TxTotPktCnt,57768022746,false,60,12,true

2020-02-06 13:27:45.388000+00:00,dr03,sg15,1,1,obt-collector1,0/1/CPU0,1,0,1,NBIH,NBIH TxTotPktCnt,0,false,60,12,true

2020-02-06 13:27:45.390000+00:00,dr03,sg15,2,1,obt-collector1,0/1/CPU0,2,0,1,NBIH,NBIH TxTotPktCnt,0,false,60,12,true

2020-02-06 13:27:45.393000+00:00,dr03,sg15,3,1,obt-collector1,0/1/CPU0,3,0,1,NBIH,NBIH TxTotPktCnt,0,false,60,12,true

2020-02-06 13:27:45.395000+00:00,dr03,sg15,4,1,obt-collector1,0/1/CPU0,4,0,1,NBIH,NBIH TxTotPktCnt,0,false,60,12,true

2020-02-06 13:27:45.397000+00:00,dr03,sg15,5,1,obt-collector1,0/1/CPU0,5,0,1,NBIH,NBIH TxTotPktCnt,170528703544,false,60,12,true

2020-02-06 13:28:06.531000+00:00,dr03,sg15,0,1,obt-collector1,0/0/CPU0,0,0,0,NBIH,NBIH TxTotPktCnt,12311159887,false,60,12,true

2020-02-06 13:28:06.533000+00:00,dr03,sg15,1,1,obt-collector1,0/0/CPU0,1,0,0,NBIH,NBIH TxTotPktCnt,0,false,60,12,true

2020-02-06 13:28:06.536000+00:00,dr03,sg15,2,1,obt-collector1,0/0/CPU0,2,0,0,NBIH,NBIH TxTotPktCnt,0,false,60,12,true

2020-02-06 13:28:06.538000+00:00,dr03,sg15,3,1,obt-collector1,0/0/CPU0,3,0,0,NBIH,NBIH TxTotPktCnt,0,false,60,12,true

2020-02-06 13:28:06.541000+00:00,dr03,sg15,4,1,obt-collector1,0/0/CPU0,4,0,0,NBIH,NBIH TxTotPktCnt,0,false,60,12,true

2020-02-06 13:28:06.543000+00:00,dr03,sg15,5,1,obt-collector1,0/0/CPU0,5,0,0,NBIH,NBIH TxTotPktCnt,150320789561,false,60,12,true

2020-02-06 13:28:06.549000+00:00,dr03,sg15,0,1,obt-collector1,0/1/CPU0,0,0,1,NBIH,NBIH TxTotPktCnt,57768281296,false,60,12,true

2020-02-06 13:28:06.551000+00:00,dr03,sg15,1,1,obt-collector1,0/1/CPU0,1,0,1,NBIH,NBIH TxTotPktCnt,0,false,60,12,true

2020-02-06 13:28:06.554000+00:00,dr03,sg15,2,1,obt-collector1,0/1/CPU0,2,0,1,NBIH,NBIH TxTotPktCnt,0,false,60,12,true

2020-02-06 13:28:06.556000+00:00,dr03,sg15,3,1,obt-collector1,0/1/CPU0,3,0,1,NBIH,NBIH TxTotPktCnt,0,false,60,12,true

2020-02-06 13:28:06.558000+00:00,dr03,sg15,4,1,obt-collector1,0/1/CPU0,4,0,1,NBIH,NBIH TxTotPktCnt,0,false,60,12,true

2020-02-06 13:28:06.560000+00:00,dr03,sg15,5,1,obt-collector1,0/1/CPU0,5,0,1,NBIH,NBIH TxTotPktCnt,170529218772,false,60,12,true

2020-02-06 13:28:27.837000+00:00,dr03,sg15,0,1,obt-collector1,0/0/CPU0,0,0,0,NBIH,NBIH TxTotPktCnt,12311160286,false,60,12,true

2020-02-06 13:28:27.839000+00:00,dr03,sg15,1,1,obt-collector1,0/0/CPU0,1,0,0,NBIH,NBIH TxTotPktCnt,0,false,60,12,true

2020-02-06 13:28:27.841000+00:00,dr03,sg15,2,1,obt-collector1,0/0/CPU0,2,0,0,NBIH,NBIH TxTotPktCnt,0,false,60,12,true

2020-02-06 13:28:27.844000+00:00,dr03,sg15,3,1,obt-collector1,0/0/CPU0,3,0,0,NBIH,NBIH TxTotPktCnt,0,false,60,12,true

2020-02-06 13:28:27.846000+00:00,dr03,sg15,4,1,obt-collector1,0/0/CPU0,4,0,0,NBIH,NBIH TxTotPktCnt,0,false,60,12,true

2020-02-06 13:28:27.848000+00:00,dr03,sg15,5,1,obt-collector1,0/0/CPU0,5,0,0,NBIH,NBIH TxTotPktCnt,150321030472,false,60,12,true

2020-02-06 13:28:27.855000+00:00,dr03,sg15,0,1,obt-collector1,0/1/CPU0,0,0,1,NBIH,NBIH TxTotPktCnt,57768552264,false,60,12,true

2020-02-06 13:28:27.857000+00:00,dr03,sg15,1,1,obt-collector1,0/1/CPU0,1,0,1,NBIH,NBIH TxTotPktCnt,0,false,60,12,true

2020-02-06 13:28:27.859000+00:00,dr03,sg15,2,1,obt-collector1,0/1/CPU0,2,0,1,NBIH,NBIH TxTotPktCnt,0,false,60,12,true

2020-02-06 13:28:27.861000+00:00,dr03,sg15,3,1,obt-collector1,0/1/CPU0,3,0,1,NBIH,NBIH TxTotPktCnt,0,false,60,12,true

2020-02-06 13:28:27.864000+00:00,dr03,sg15,4,1,obt-collector1,0/1/CPU0,4,0,1,NBIH,NBIH TxTotPktCnt,0,false,60,12,true

2020-02-06 13:28:27.866000+00:00,dr03,sg15,5,1,obt-collector1,0/1/CPU0,5,0,1,NBIH,NBIH TxTotPktCnt,170529741887,false,60,12,true

2020-02-06 13:28:48.853000+00:00,dr03,sg15,0,1,obt-collector1,0/0/CPU0,0,0,0,NBIH,NBIH TxTotPktCnt,12311160286,false,60,12,true

2020-02-06 13:28:48.856000+00:00,dr03,sg15,1,1,obt-collector1,0/0/CPU0,1,0,0,NBIH,NBIH TxTotPktCnt,0,false,60,12,true

2020-02-06 13:28:48.858000+00:00,dr03,sg15,2,1,obt-collector1,0/0/CPU0,2,0,0,NBIH,NBIH TxTotPktCnt,0,false,60,12,true

2020-02-06 13:28:48.860000+00:00,dr03,sg15,3,1,obt-collector1,0/0/CPU0,3,0,0,NBIH,NBIH TxTotPktCnt,0,false,60,12,true

2020-02-06 13:28:48.863000+00:00,dr03,sg15,4,1,obt-collector1,0/0/CPU0,4,0,0,NBIH,NBIH TxTotPktCnt,0,false,60,12,true

2020-02-06 13:28:48.865000+00:00,dr03,sg15,5,1,obt-collector1,0/0/CPU0,5,0,0,NBIH,NBIH TxTotPktCnt,150321030472,false,60,12,true

2020-02-06 13:28:48.871000+00:00,dr03,sg15,0,1,obt-collector1,0/1/CPU0,0,0,1,NBIH,NBIH TxTotPktCnt,57768552264,false,60,12,true

2020-02-06 13:28:48.874000+00:00,dr03,sg15,1,1,obt-collector1,0/1/CPU0,1,0,1,NBIH,NBIH TxTotPktCnt,0,false,60,12,true

2020-02-06 13:28:48.876000+00:00,dr03,sg15,2,1,obt-collector1,0/1/CPU0,2,0,1,NBIH,NBIH TxTotPktCnt,0,false,60,12,true

2020-02-06 13:28:48.878000+00:00,dr03,sg15,3,1,obt-collector1,0/1/CPU0,3,0,1,NBIH,NBIH TxTotPktCnt,0,false,60,12,true

2020-02-06 13:28:48.880000+00:00,dr03,sg15,4,1,obt-collector1,0/1/CPU0,4,0,1,NBIH,NBIH TxTotPktCnt,0,false,60,12,true

2020-02-06 13:28:48.883000+00:00,dr03,sg15,5,1,obt-collector1,0/1/CPU0,5,0,1,NBIH,NBIH TxTotPktCnt,170529741887,false,60,12,true

2020-02-06 13:29:10.021000+00:00,dr03,sg15,0,1,obt-collector1,0/0/CPU0,0,0,0,NBIH,NBIH TxTotPktCnt,12311160670,false,60,12,true

2020-02-06 13:29:10.023000+00:00,dr03,sg15,1,1,obt-collector1,0/0/CPU0,1,0,0,NBIH,NBIH TxTotPktCnt,0,false,60,12,true

2020-02-06 13:29:10.026000+00:00,dr03,sg15,2,1,obt-collector1,0/0/CPU0,2,0,0,NBIH,NBIH TxTotPktCnt,0,false,60,12,true

2020-02-06 13:29:10.028000+00:00,dr03,sg15,3,1,obt-collector1,0/0/CPU0,3,0,0,NBIH,NBIH TxTotPktCnt,0,false,60,12,true

2020-02-06 13:29:10.031000+00:00,dr03,sg15,4,1,obt-collector1,0/0/CPU0,4,0,0,NBIH,NBIH TxTotPktCnt,0,false,60,12,true

2020-02-06 13:29:10.033000+00:00,dr03,sg15,5,1,obt-collector1,0/0/CPU0,5,0,0,NBIH,NBIH TxTotPktCnt,150321252121,false,60,12,true

2020-02-06 13:29:10.039000+00:00,dr03,sg15,0,1,obt-collector1,0/1/CPU0,0,0,1,NBIH,NBIH TxTotPktCnt,57768798302,false,60,12,true

2020-02-06 13:29:10.042000+00:00,dr03,sg15,1,1,obt-collector1,0/1/CPU0,1,0,1,NBIH,NBIH TxTotPktCnt,0,false,60,12,true

2020-02-06 13:29:10.044000+00:00,dr03,sg15,2,1,obt-collector1,0/1/CPU0,2,0,1,NBIH,NBIH TxTotPktCnt,0,false,60,12,true

2020-02-06 13:29:10.046000+00:00,dr03,sg15,3,1,obt-collector1,0/1/CPU0,3,0,1,NBIH,NBIH TxTotPktCnt,0,false,60,12,true

2020-02-06 13:29:10.049000+00:00,dr03,sg15,4,1,obt-collector1,0/1/CPU0,4,0,1,NBIH,NBIH TxTotPktCnt,0,false,60,12,true

2020-02-06 13:29:10.051000+00:00,dr03,sg15,5,1,obt-collector1,0/1/CPU0,5,0,1,NBIH,NBIH TxTotPktCnt,170530263003,false,60,12,true

2020-02-06 13:29:31.325000+00:00,dr03,sg15,0,1,obt-collector1,0/0/CPU0,0,0,0,NBIH,NBIH TxTotPktCnt,12311161067,false,60,12,true

2020-02-06 13:29:31.328000+00:00,dr03,sg15,1,1,obt-collector1,0/0/CPU0,1,0,0,NBIH,NBIH TxTotPktCnt,0,false,60,12,true

2020-02-06 13:29:31.330000+00:00,dr03,sg15,2,1,obt-collector1,0/0/CPU0,2,0,0,NBIH,NBIH TxTotPktCnt,0,false,60,12,true

2020-02-06 13:29:31.332000+00:00,dr03,sg15,3,1,obt-collector1,0/0/CPU0,3,0,0,NBIH,NBIH TxTotPktCnt,0,false,60,12,true

2020-02-06 13:29:31.335000+00:00,dr03,sg15,4,1,obt-collector1,0/0/CPU0,4,0,0,NBIH,NBIH TxTotPktCnt,0,false,60,12,true

2020-02-06 13:29:31.337000+00:00,dr03,sg15,5,1,obt-collector1,0/0/CPU0,5,0,0,NBIH,NBIH TxTotPktCnt,150321474983,false,60,12,true

2020-02-06 13:29:31.344000+00:00,dr03,sg15,0,1,obt-collector1,0/1/CPU0,0,0,1,NBIH,NBIH TxTotPktCnt,57769075235,false,60,12,true

2020-02-06 13:29:31.346000+00:00,dr03,sg15,1,1,obt-collector1,0/1/CPU0,1,0,1,NBIH,NBIH TxTotPktCnt,0,false,60,12,true

2020-02-06 13:29:31.349000+00:00,dr03,sg15,2,1,obt-collector1,0/1/CPU0,2,0,1,NBIH,NBIH TxTotPktCnt,0,false,60,12,true

2020-02-06 13:29:31.351000+00:00,dr03,sg15,3,1,obt-collector1,0/1/CPU0,3,0,1,NBIH,NBIH TxTotPktCnt,0,false,60,12,true

2020-02-06 13:29:31.353000+00:00,dr03,sg15,4,1,obt-collector1,0/1/CPU0,4,0,1,NBIH,NBIH TxTotPktCnt,0,false,60,12,true

2020-02-06 13:29:31.356000+00:00,dr03,sg15,5,1,obt-collector1,0/1/CPU0,5,0,1,NBIH,NBIH TxTotPktCnt,170530863865,false,60,12,true

2020-02-06 13:29:52.336000+00:00,dr03,sg15,0,1,obt-collector1,0/0/CPU0,0,0,0,NBIH,NBIH TxTotPktCnt,12311161067,false,60,12,true

2020-02-06 13:29:52.338000+00:00,dr03,sg15,1,1,obt-collector1,0/0/CPU0,1,0,0,NBIH,NBIH TxTotPktCnt,0,false,60,12,true

2020-02-06 13:29:52.341000+00:00,dr03,sg15,2,1,obt-collector1,0/0/CPU0,2,0,0,NBIH,NBIH TxTotPktCnt,0,false,60,12,true

2020-02-06 13:29:52.343000+00:00,dr03,sg15,3,1,obt-collector1,0/0/CPU0,3,0,0,NBIH,NBIH TxTotPktCnt,0,false,60,12,true

2020-02-06 13:29:52.345000+00:00,dr03,sg15,4,1,obt-collector1,0/0/CPU0,4,0,0,NBIH,NBIH TxTotPktCnt,0,false,60,12,true

2020-02-06 13:29:52.348000+00:00,dr03,sg15,5,1,obt-collector1,0/0/CPU0,5,0,0,NBIH,NBIH TxTotPktCnt,150321474983,false,60,12,true

2020-02-06 13:29:52.354000+00:00,dr03,sg15,0,1,obt-collector1,0/1/CPU0,0,0,1,NBIH,NBIH TxTotPktCnt,57769075235,false,60,12,true

2020-02-06 13:29:52.357000+00:00,dr03,sg15,1,1,obt-collector1,0/1/CPU0,1,0,1,NBIH,NBIH TxTotPktCnt,0,false,60,12,true

2020-02-06 13:29:52.359000+00:00,dr03,sg15,2,1,obt-collector1,0/1/CPU0,2,0,1,NBIH,NBIH TxTotPktCnt,0,false,60,12,true

2020-02-06 13:29:52.361000+00:00,dr03,sg15,3,1,obt-collector1,0/1/CPU0,3,0,1,NBIH,NBIH TxTotPktCnt,0,false,60,12,true

2020-02-06 13:29:52.364000+00:00,dr03,sg15,4,1,obt-collector1,0/1/CPU0,4,0,1,NBIH,NBIH TxTotPktCnt,0,false,60,12,true

2020-02-06 13:29:52.366000+00:00,dr03,sg15,5,1,obt-collector1,0/1/CPU0,5,0,1,NBIH,NBIH TxTotPktCnt,170530863865,false,60,12,true

2020-02-06 13:30:13.490000+00:00,dr03,sg15,0,1,obt-collector1,0/0/CPU0,0,0,0,NBIH,NBIH TxTotPktCnt,12311161454,false,60,12,true

2020-02-06 13:30:13.492000+00:00,dr03,sg15,1,1,obt-collector1,0/0/CPU0,1,0,0,NBIH,NBIH TxTotPktCnt,0,false,60,12,true

2020-02-06 13:30:13.494000+00:00,dr03,sg15,2,1,obt-collector1,0/0/CPU0,2,0,0,NBIH,NBIH TxTotPktCnt,0,false,60,12,true

2020-02-06 13:30:13.497000+00:00,dr03,sg15,3,1,obt-collector1,0/0/CPU0,3,0,0,NBIH,NBIH TxTotPktCnt,0,false,60,12,true

2020-02-06 13:30:13.499000+00:00,dr03,sg15,4,1,obt-collector1,0/0/CPU0,4,0,0,NBIH,NBIH TxTotPktCnt,0,false,60,12,true

2020-02-06 13:30:13.501000+00:00,dr03,sg15,5,1,obt-collector1,0/0/CPU0,5,0,0,NBIH,NBIH TxTotPktCnt,150321688145,false,60,12,true

2020-02-06 13:30:13.508000+00:00,dr03,sg15,0,1,obt-collector1,0/1/CPU0,0,0,1,NBIH,NBIH TxTotPktCnt,57769317911,false,60,12,true

2020-02-06 13:30:13.511000+00:00,dr03,sg15,1,1,obt-collector1,0/1/CPU0,1,0,1,NBIH,NBIH TxTotPktCnt,0,false,60,12,true

2020-02-06 13:30:13.513000+00:00,dr03,sg15,2,1,obt-collector1,0/1/CPU0,2,0,1,NBIH,NBIH TxTotPktCnt,0,false,60,12,true

2020-02-06 13:30:13.516000+00:00,dr03,sg15,3,1,obt-collector1,0/1/CPU0,3,0,1,NBIH,NBIH TxTotPktCnt,0,false,60,12,true

2020-02-06 13:30:13.518000+00:00,dr03,sg15,4,1,obt-collector1,0/1/CPU0,4,0,1,NBIH,NBIH TxTotPktCnt,0,false,60,12,true

2020-02-06 13:30:13.521000+00:00,dr03,sg15,5,1,obt-collector1,0/1/CPU0,5,0,1,NBIH,NBIH TxTotPktCnt,170531357124,false,60,12,true

2020-02-06 13:30:34.814000+00:00,dr03,sg15,0,1,obt-collector1,0/0/CPU0,0,0,0,NBIH,NBIH TxTotPktCnt,12311161853,false,60,12,true

2020-02-06 13:30:34.817000+00:00,dr03,sg15,1,1,obt-collector1,0/0/CPU0,1,0,0,NBIH,NBIH TxTotPktCnt,0,false,60,12,true

2020-02-06 13:30:34.819000+00:00,dr03,sg15,2,1,obt-collector1,0/0/CPU0,2,0,0,NBIH,NBIH TxTotPktCnt,0,false,60,12,true

2020-02-06 13:30:34.821000+00:00,dr03,sg15,3,1,obt-collector1,0/0/CPU0,3,0,0,NBIH,NBIH TxTotPktCnt,0,false,60,12,true

2020-02-06 13:30:34.824000+00:00,dr03,sg15,4,1,obt-collector1,0/0/CPU0,4,0,0,NBIH,NBIH TxTotPktCnt,0,false,60,12,true

2020-02-06 13:30:34.826000+00:00,dr03,sg15,5,1,obt-collector1,0/0/CPU0,5,0,0,NBIH,NBIH TxTotPktCnt,150321927820,false,60,12,true

2020-02-06 13:30:34.832000+00:00,dr03,sg15,0,1,obt-collector1,0/1/CPU0,0,0,1,NBIH,NBIH TxTotPktCnt,57769594141,false,60,12,true

2020-02-06 13:30:34.835000+00:00,dr03,sg15,1,1,obt-collector1,0/1/CPU0,1,0,1,NBIH,NBIH TxTotPktCnt,0,false,60,12,true

2020-02-06 13:30:34.837000+00:00,dr03,sg15,2,1,obt-collector1,0/1/CPU0,2,0,1,NBIH,NBIH TxTotPktCnt,0,false,60,12,true

2020-02-06 13:30:34.839000+00:00,dr03,sg15,3,1,obt-collector1,0/1/CPU0,3,0,1,NBIH,NBIH TxTotPktCnt,0,false,60,12,true

2020-02-06 13:30:34.842000+00:00,dr03,sg15,4,1,obt-collector1,0/1/CPU0,4,0,1,NBIH,NBIH TxTotPktCnt,0,false,60,12,true

2020-02-06 13:30:34.844000+00:00,dr03,sg15,5,1,obt-collector1,0/1/CPU0,5,0,1,NBIH,NBIH TxTotPktCnt,170531906541,false,60,12,true

2020-02-06 13:30:55.834000+00:00,dr03,sg15,0,1,obt-collector1,0/0/CPU0,0,0,0,NBIH,NBIH TxTotPktCnt,12311161853,false,60,12,true

2020-02-06 13:30:55.836000+00:00,dr03,sg15,1,1,obt-collector1,0/0/CPU0,1,0,0,NBIH,NBIH TxTotPktCnt,0,false,60,12,true

2020-02-06 13:30:55.839000+00:00,dr03,sg15,2,1,obt-collector1,0/0/CPU0,2,0,0,NBIH,NBIH TxTotPktCnt,0,false,60,12,true

2020-02-06 13:30:55.841000+00:00,dr03,sg15,3,1,obt-collector1,0/0/CPU0,3,0,0,NBIH,NBIH TxTotPktCnt,0,false,60,12,true

2020-02-06 13:30:55.843000+00:00,dr03,sg15,4,1,obt-collector1,0/0/CPU0,4,0,0,NBIH,NBIH TxTotPktCnt,0,false,60,12,true

2020-02-06 13:30:55.846000+00:00,dr03,sg15,5,1,obt-collector1,0/0/CPU0,5,0,0,NBIH,NBIH TxTotPktCnt,150321927820,false,60,12,true

2020-02-06 13:30:55.852000+00:00,dr03,sg15,0,1,obt-collector1,0/1/CPU0,0,0,1,NBIH,NBIH TxTotPktCnt,57769594141,false,60,12,true

2020-02-06 13:30:55.854000+00:00,dr03,sg15,1,1,obt-collector1,0/1/CPU0,1,0,1,NBIH,NBIH TxTotPktCnt,0,false,60,12,true

2020-02-06 13:30:55.857000+00:00,dr03,sg15,2,1,obt-collector1,0/1/CPU0,2,0,1,NBIH,NBIH TxTotPktCnt,0,false,60,12,true

2020-02-06 13:30:55.859000+00:00,dr03,sg15,3,1,obt-collector1,0/1/CPU0,3,0,1,NBIH,NBIH TxTotPktCnt,0,false,60,12,true

2020-02-06 13:30:55.861000+00:00,dr03,sg15,4,1,obt-collector1,0/1/CPU0,4,0,1,NBIH,NBIH TxTotPktCnt,0,false,60,12,true

2020-02-06 13:30:55.864000+00:00,dr03,sg15,5,1,obt-collector1,0/1/CPU0,5,0,1,NBIH,NBIH TxTotPktCnt,170531906541,false,60,12,true

2020-02-06 13:31:16.995000+00:00,dr03,sg15,0,1,obt-collector1,0/0/CPU0,0,0,0,NBIH,NBIH TxTotPktCnt,12311162236,false,60,12,true

2020-02-06 13:31:16.998000+00:00,dr03,sg15,1,1,obt-collector1,0/0/CPU0,1,0,0,NBIH,NBIH TxTotPktCnt,0,false,60,12,true

2020-02-06 13:31:17+00:00,dr03,sg15,2,1,obt-collector1,0/0/CPU0,2,0,0,NBIH,NBIH TxTotPktCnt,0,false,60,12,true

2020-02-06 13:31:17.003000+00:00,dr03,sg15,3,1,obt-collector1,0/0/CPU0,3,0,0,NBIH,NBIH TxTotPktCnt,0,false,60,12,true

2020-02-06 13:31:17.005000+00:00,dr03,sg15,4,1,obt-collector1,0/0/CPU0,4,0,0,NBIH,NBIH TxTotPktCnt,0,false,60,12,true

2020-02-06 13:31:17.007000+00:00,dr03,sg15,5,1,obt-collector1,0/0/CPU0,5,0,0,NBIH,NBIH TxTotPktCnt,150322144694,false,60,12,true

2020-02-06 13:31:17.014000+00:00,dr03,sg15,0,1,obt-collector1,0/1/CPU0,0,0,1,NBIH,NBIH TxTotPktCnt,57769839816,false,60,12,true

2020-02-06 13:31:17.016000+00:00,dr03,sg15,1,1,obt-collector1,0/1/CPU0,1,0,1,NBIH,NBIH TxTotPktCnt,0,false,60,12,true

2020-02-06 13:31:17.019000+00:00,dr03,sg15,2,1,obt-collector1,0/1/CPU0,2,0,1,NBIH,NBIH TxTotPktCnt,0,false,60,12,true

2020-02-06 13:31:17.021000+00:00,dr03,sg15,3,1,obt-collector1,0/1/CPU0,3,0,1,NBIH,NBIH TxTotPktCnt,0,false,60,12,true

2020-02-06 13:31:17.023000+00:00,dr03,sg15,4,1,obt-collector1,0/1/CPU0,4,0,1,NBIH,NBIH TxTotPktCnt,0,false,60,12,true

2020-02-06 13:31:17.026000+00:00,dr03,sg15,5,1,obt-collector1,0/1/CPU0,5,0,1,NBIH,NBIH TxTotPktCnt,170532423025,false,60,12,true

2020-02-06 13:31:38.303000+00:00,dr03,sg15,0,1,obt-collector1,0/0/CPU0,0,0,0,NBIH,NBIH TxTotPktCnt,12311162638,false,60,12,true

2020-02-06 13:31:38.306000+00:00,dr03,sg15,1,1,obt-collector1,0/0/CPU0,1,0,0,NBIH,NBIH TxTotPktCnt,0,false,60,12,true

2020-02-06 13:31:38.308000+00:00,dr03,sg15,2,1,obt-collector1,0/0/CPU0,2,0,0,NBIH,NBIH TxTotPktCnt,0,false,60,12,true

2020-02-06 13:31:38.311000+00:00,dr03,sg15,3,1,obt-collector1,0/0/CPU0,3,0,0,NBIH,NBIH TxTotPktCnt,0,false,60,12,true

2020-02-06 13:31:38.313000+00:00,dr03,sg15,4,1,obt-collector1,0/0/CPU0,4,0,0,NBIH,NBIH TxTotPktCnt,0,false,60,12,true

2020-02-06 13:31:38.315000+00:00,dr03,sg15,5,1,obt-collector1,0/0/CPU0,5,0,0,NBIH,NBIH TxTotPktCnt,150322370065,false,60,12,true

2020-02-06 13:31:38.322000+00:00,dr03,sg15,0,1,obt-collector1,0/1/CPU0,0,0,1,NBIH,NBIH TxTotPktCnt,57770108611,false,60,12,true

2020-02-06 13:31:38.325000+00:00,dr03,sg15,1,1,obt-collector1,0/1/CPU0,1,0,1,NBIH,NBIH TxTotPktCnt,0,false,60,12,true

2020-02-06 13:31:38.327000+00:00,dr03,sg15,2,1,obt-collector1,0/1/CPU0,2,0,1,NBIH,NBIH TxTotPktCnt,0,false,60,12,true

2020-02-06 13:31:38.329000+00:00,dr03,sg15,3,1,obt-collector1,0/1/CPU0,3,0,1,NBIH,NBIH TxTotPktCnt,0,false,60,12,true

2020-02-06 13:31:38.331000+00:00,dr03,sg15,4,1,obt-collector1,0/1/CPU0,4,0,1,NBIH,NBIH TxTotPktCnt,0,false,60,12,true

2020-02-06 13:31:38.334000+00:00,dr03,sg15,5,1,obt-collector1,0/1/CPU0,5,0,1,NBIH,NBIH TxTotPktCnt,170532942954,false,60,12,true

2020-02-06 13:31:59.315000+00:00,dr03,sg15,0,1,obt-collector1,0/0/CPU0,0,0,0,NBIH,NBIH TxTotPktCnt,12311162638,false,60,12,true

2020-02-06 13:31:59.318000+00:00,dr03,sg15,1,1,obt-collector1,0/0/CPU0,1,0,0,NBIH,NBIH TxTotPktCnt,0,false,60,12,true

2020-02-06 13:31:59.320000+00:00,dr03,sg15,2,1,obt-collector1,0/0/CPU0,2,0,0,NBIH,NBIH TxTotPktCnt,0,false,60,12,true

2020-02-06 13:31:59.323000+00:00,dr03,sg15,3,1,obt-collector1,0/0/CPU0,3,0,0,NBIH,NBIH TxTotPktCnt,0,false,60,12,true

2020-02-06 13:31:59.325000+00:00,dr03,sg15,4,1,obt-collector1,0/0/CPU0,4,0,0,NBIH,NBIH TxTotPktCnt,0,false,60,12,true

2020-02-06 13:31:59.327000+00:00,dr03,sg15,5,1,obt-collector1,0/0/CPU0,5,0,0,NBIH,NBIH TxTotPktCnt,150322370065,false,60,12,true

2020-02-06 13:31:59.334000+00:00,dr03,sg15,0,1,obt-collector1,0/1/CPU0,0,0,1,NBIH,NBIH TxTotPktCnt,57770108611,false,60,12,true

2020-02-06 13:31:59.336000+00:00,dr03,sg15,1,1,obt-collector1,0/1/CPU0,1,0,1,NBIH,NBIH TxTotPktCnt,0,false,60,12,true

2020-02-06 13:31:59.338000+00:00,dr03,sg15,2,1,obt-collector1,0/1/CPU0,2,0,1,NBIH,NBIH TxTotPktCnt,0,false,60,12,true

2020-02-06 13:31:59.341000+00:00,dr03,sg15,3,1,obt-collector1,0/1/CPU0,3,0,1,NBIH,NBIH TxTotPktCnt,0,false,60,12,true

2020-02-06 13:31:59.343000+00:00,dr03,sg15,4,1,obt-collector1,0/1/CPU0,4,0,1,NBIH,NBIH TxTotPktCnt,0,false,60,12,true

2020-02-06 13:31:59.345000+00:00,dr03,sg15,5,1,obt-collector1,0/1/CPU0,5,0,1,NBIH,NBIH TxTotPktCnt,170532942954,false,60,12,true

2020-02-06 13:32:20.472000+00:00,dr03,sg15,0,1,obt-collector1,0/0/CPU0,0,0,0,NBIH,NBIH TxTotPktCnt,12311163021,false,60,12,true

2020-02-06 13:32:20.475000+00:00,dr03,sg15,1,1,obt-collector1,0/0/CPU0,1,0,0,NBIH,NBIH TxTotPktCnt,0,false,60,12,true

2020-02-06 13:32:20.477000+00:00,dr03,sg15,2,1,obt-collector1,0/0/CPU0,2,0,0,NBIH,NBIH TxTotPktCnt,0,false,60,12,true

2020-02-06 13:32:20.480000+00:00,dr03,sg15,3,1,obt-collector1,0/0/CPU0,3,0,0,NBIH,NBIH TxTotPktCnt,0,false,60,12,true

2020-02-06 13:32:20.482000+00:00,dr03,sg15,4,1,obt-collector1,0/0/CPU0,4,0,0,NBIH,NBIH TxTotPktCnt,0,false,60,12,true

2020-02-06 13:32:20.484000+00:00,dr03,sg15,5,1,obt-collector1,0/0/CPU0,5,0,0,NBIH,NBIH TxTotPktCnt,150322594406,false,60,12,true

2020-02-06 13:32:20.491000+00:00,dr03,sg15,0,1,obt-collector1,0/1/CPU0,0,0,1,NBIH,NBIH TxTotPktCnt,57770366611,false,60,12,true

2020-02-06 13:32:20.493000+00:00,dr03,sg15,1,1,obt-collector1,0/1/CPU0,1,0,1,NBIH,NBIH TxTotPktCnt,0,false,60,12,true

2020-02-06 13:32:20.496000+00:00,dr03,sg15,2,1,obt-collector1,0/1/CPU0,2,0,1,NBIH,NBIH TxTotPktCnt,0,false,60,12,true

2020-02-06 13:32:20.498000+00:00,dr03,sg15,3,1,obt-collector1,0/1/CPU0,3,0,1,NBIH,NBIH TxTotPktCnt,0,false,60,12,true

2020-02-06 13:32:20.500000+00:00,dr03,sg15,4,1,obt-collector1,0/1/CPU0,4,0,1,NBIH,NBIH TxTotPktCnt,0,false,60,12,true

2020-02-06 13:32:20.502000+00:00,dr03,sg15,5,1,obt-collector1,0/1/CPU0,5,0,1,NBIH,NBIH TxTotPktCnt,170533480091,false,60,12,true

2020-02-06 13:32:41.794000+00:00,dr03,sg15,0,1,obt-collector1,0/0/CPU0,0,0,0,NBIH,NBIH TxTotPktCnt,12311163421,false,60,12,true

2020-02-06 13:32:41.796000+00:00,dr03,sg15,1,1,obt-collector1,0/0/CPU0,1,0,0,NBIH,NBIH TxTotPktCnt,0,false,60,12,true

2020-02-06 13:32:41.798000+00:00,dr03,sg15,2,1,obt-collector1,0/0/CPU0,2,0,0,NBIH,NBIH TxTotPktCnt,0,false,60,12,true

2020-02-06 13:32:41.801000+00:00,dr03,sg15,3,1,obt-collector1,0/0/CPU0,3,0,0,NBIH,NBIH TxTotPktCnt,0,false,60,12,true

2020-02-06 13:32:41.803000+00:00,dr03,sg15,4,1,obt-collector1,0/0/CPU0,4,0,0,NBIH,NBIH TxTotPktCnt,0,false,60,12,true

2020-02-06 13:32:41.805000+00:00,dr03,sg15,5,1,obt-collector1,0/0/CPU0,5,0,0,NBIH,NBIH TxTotPktCnt,150322850902,false,60,12,true

2020-02-06 13:32:41.812000+00:00,dr03,sg15,0,1,obt-collector1,0/1/CPU0,0,0,1,NBIH,NBIH TxTotPktCnt,57770638889,false,60,12,true

2020-02-06 13:32:41.814000+00:00,dr03,sg15,1,1,obt-collector1,0/1/CPU0,1,0,1,NBIH,NBIH TxTotPktCnt,0,false,60,12,true

2020-02-06 13:32:41.817000+00:00,dr03,sg15,2,1,obt-collector1,0/1/CPU0,2,0,1,NBIH,NBIH TxTotPktCnt,0,false,60,12,true

2020-02-06 13:32:41.819000+00:00,dr03,sg15,3,1,obt-collector1,0/1/CPU0,3,0,1,NBIH,NBIH TxTotPktCnt,0,false,60,12,true

2020-02-06 13:32:41.821000+00:00,dr03,sg15,4,1,obt-collector1,0/1/CPU0,4,0,1,NBIH,NBIH TxTotPktCnt,0,false,60,12,true

2020-02-06 13:32:41.823000+00:00,dr03,sg15,5,1,obt-collector1,0/1/CPU0,5,0,1,NBIH,NBIH TxTotPktCnt,170534057861,false,60,12,true

2020-02-06 13:33:02.810000+00:00,dr03,sg15,0,1,obt-collector1,0/0/CPU0,0,0,0,NBIH,NBIH TxTotPktCnt,12311163421,false,60,12,true

2020-02-06 13:33:02.813000+00:00,dr03,sg15,1,1,obt-collector1,0/0/CPU0,1,0,0,NBIH,NBIH TxTotPktCnt,0,false,60,12,true

2020-02-06 13:33:02.815000+00:00,dr03,sg15,2,1,obt-collector1,0/0/CPU0,2,0,0,NBIH,NBIH TxTotPktCnt,0,false,60,12,true

2020-02-06 13:33:02.817000+00:00,dr03,sg15,3,1,obt-collector1,0/0/CPU0,3,0,0,NBIH,NBIH TxTotPktCnt,0,false,60,12,true

2020-02-06 13:33:02.820000+00:00,dr03,sg15,4,1,obt-collector1,0/0/CPU0,4,0,0,NBIH,NBIH TxTotPktCnt,0,false,60,12,true

2020-02-06 13:33:02.822000+00:00,dr03,sg15,5,1,obt-collector1,0/0/CPU0,5,0,0,NBIH,NBIH TxTotPktCnt,150322850902,false,60,12,true

2020-02-06 13:33:02.829000+00:00,dr03,sg15,0,1,obt-collector1,0/1/CPU0,0,0,1,NBIH,NBIH TxTotPktCnt,57770638889,false,60,12,true

2020-02-06 13:33:02.831000+00:00,dr03,sg15,1,1,obt-collector1,0/1/CPU0,1,0,1,NBIH,NBIH TxTotPktCnt,0,false,60,12,true

2020-02-06 13:33:02.833000+00:00,dr03,sg15,2,1,obt-collector1,0/1/CPU0,2,0,1,NBIH,NBIH TxTotPktCnt,0,false,60,12,true

2020-02-06 13:33:02.835000+00:00,dr03,sg15,3,1,obt-collector1,0/1/CPU0,3,0,1,NBIH,NBIH TxTotPktCnt,0,false,60,12,true

2020-02-06 13:33:02.838000+00:00,dr03,sg15,4,1,obt-collector1,0/1/CPU0,4,0,1,NBIH,NBIH TxTotPktCnt,0,false,60,12,true

2020-02-06 13:33:02.840000+00:00,dr03,sg15,5,1,obt-collector1,0/1/CPU0,5,0,1,NBIH,NBIH TxTotPktCnt,170534057861,false,60,12,true

2020-02-06 13:33:23.971000+00:00,dr03,sg15,0,1,obt-collector1,0/0/CPU0,0,0,0,NBIH,NBIH TxTotPktCnt,12311163801,false,60,12,true

2020-02-06 13:33:23.973000+00:00,dr03,sg15,1,1,obt-collector1,0/0/CPU0,1,0,0,NBIH,NBIH TxTotPktCnt,0,false,60,12,true

2020-02-06 13:33:23.976000+00:00,dr03,sg15,2,1,obt-collector1,0/0/CPU0,2,0,0,NBIH,NBIH TxTotPktCnt,0,false,60,12,true

2020-02-06 13:33:23.978000+00:00,dr03,sg15,3,1,obt-collector1,0/0/CPU0,3,0,0,NBIH,NBIH TxTotPktCnt,0,false,60,12,true

2020-02-06 13:33:23.980000+00:00,dr03,sg15,4,1,obt-collector1,0/0/CPU0,4,0,0,NBIH,NBIH TxTotPktCnt,0,false,60,12,true

2020-02-06 13:33:23.983000+00:00,dr03,sg15,5,1,obt-collector1,0/0/CPU0,5,0,0,NBIH,NBIH TxTotPktCnt,150323065604,false,60,12,true

2020-02-06 13:33:23.990000+00:00,dr03,sg15,0,1,obt-collector1,0/1/CPU0,0,0,1,NBIH,NBIH TxTotPktCnt,57770893961,false,60,12,true

2020-02-06 13:33:23.992000+00:00,dr03,sg15,1,1,obt-collector1,0/1/CPU0,1,0,1,NBIH,NBIH TxTotPktCnt,0,false,60,12,true

2020-02-06 13:33:23.995000+00:00,dr03,sg15,2,1,obt-collector1,0/1/CPU0,2,0,1,NBIH,NBIH TxTotPktCnt,0,false,60,12,true

2020-02-06 13:33:23.998000+00:00,dr03,sg15,3,1,obt-collector1,0/1/CPU0,3,0,1,NBIH,NBIH TxTotPktCnt,0,false,60,12,true

2020-02-06 13:33:24+00:00,dr03,sg15,4,1,obt-collector1,0/1/CPU0,4,0,1,NBIH,NBIH TxTotPktCnt,0,false,60,12,true

2020-02-06 13:33:24.003000+00:00,dr03,sg15,5,1,obt-collector1,0/1/CPU0,5,0,1,NBIH,NBIH TxTotPktCnt,170534558467,false,60,12,true

2020-02-06 13:33:45.270000+00:00,dr03,sg15,0,1,obt-collector1,0/0/CPU0,0,0,0,NBIH,NBIH TxTotPktCnt,12311164206,false,60,12,true

2020-02-06 13:33:45.273000+00:00,dr03,sg15,1,1,obt-collector1,0/0/CPU0,1,0,0,NBIH,NBIH TxTotPktCnt,0,false,60,12,true

2020-02-06 13:33:45.275000+00:00,dr03,sg15,2,1,obt-collector1,0/0/CPU0,2,0,0,NBIH,NBIH TxTotPktCnt,0,false,60,12,true

2020-02-06 13:33:45.278000+00:00,dr03,sg15,3,1,obt-collector1,0/0/CPU0,3,0,0,NBIH,NBIH TxTotPktCnt,0,false,60,12,true

2020-02-06 13:33:45.280000+00:00,dr03,sg15,4,1,obt-collector1,0/0/CPU0,4,0,0,NBIH,NBIH TxTotPktCnt,0,false,60,12,true

2020-02-06 13:33:45.282000+00:00,dr03,sg15,5,1,obt-collector1,0/0/CPU0,5,0,0,NBIH,NBIH TxTotPktCnt,150323301757,false,60,12,true

2020-02-06 13:33:45.289000+00:00,dr03,sg15,0,1,obt-collector1,0/1/CPU0,0,0,1,NBIH,NBIH TxTotPktCnt,57771170362,false,60,12,true

2020-02-06 13:33:45.291000+00:00,dr03,sg15,1,1,obt-collector1,0/1/CPU0,1,0,1,NBIH,NBIH TxTotPktCnt,0,false,60,12,true

2020-02-06 13:33:45.294000+00:00,dr03,sg15,2,1,obt-collector1,0/1/CPU0,2,0,1,NBIH,NBIH TxTotPktCnt,0,false,60,12,true

2020-02-06 13:33:45.296000+00:00,dr03,sg15,3,1,obt-collector1,0/1/CPU0,3,0,1,NBIH,NBIH TxTotPktCnt,0,false,60,12,true

2020-02-06 13:33:45.298000+00:00,dr03,sg15,4,1,obt-collector1,0/1/CPU0,4,0,1,NBIH,NBIH TxTotPktCnt,0,false,60,12,true

2020-02-06 13:33:45.301000+00:00,dr03,sg15,5,1,obt-collector1,0/1/CPU0,5,0,1,NBIH,NBIH TxTotPktCnt,170535122909,false,60,12,true

2020-02-06 13:34:06.283000+00:00,dr03,sg15,0,1,obt-collector1,0/0/CPU0,0,0,0,NBIH,NBIH TxTotPktCnt,12311164206,false,60,12,true

2020-02-06 13:34:06.285000+00:00,dr03,sg15,1,1,obt-collector1,0/0/CPU0,1,0,0,NBIH,NBIH TxTotPktCnt,0,false,60,12,true

2020-02-06 13:34:06.287000+00:00,dr03,sg15,2,1,obt-collector1,0/0/CPU0,2,0,0,NBIH,NBIH TxTotPktCnt,0,false,60,12,true

2020-02-06 13:34:06.290000+00:00,dr03,sg15,3,1,obt-collector1,0/0/CPU0,3,0,0,NBIH,NBIH TxTotPktCnt,0,false,60,12,true

2020-02-06 13:34:06.292000+00:00,dr03,sg15,4,1,obt-collector1,0/0/CPU0,4,0,0,NBIH,NBIH TxTotPktCnt,0,false,60,12,true

2020-02-06 13:34:06.294000+00:00,dr03,sg15,5,1,obt-collector1,0/0/CPU0,5,0,0,NBIH,NBIH TxTotPktCnt,150323301757,false,60,12,true

2020-02-06 13:34:06.301000+00:00,dr03,sg15,0,1,obt-collector1,0/1/CPU0,0,0,1,NBIH,NBIH TxTotPktCnt,57771170362,false,60,12,true

2020-02-06 13:34:06.303000+00:00,dr03,sg15,1,1,obt-collector1,0/1/CPU0,1,0,1,NBIH,NBIH TxTotPktCnt,0,false,60,12,true

2020-02-06 13:34:06.306000+00:00,dr03,sg15,2,1,obt-collector1,0/1/CPU0,2,0,1,NBIH,NBIH TxTotPktCnt,0,false,60,12,true

2020-02-06 13:34:06.308000+00:00,dr03,sg15,3,1,obt-collector1,0/1/CPU0,3,0,1,NBIH,NBIH TxTotPktCnt,0,false,60,12,true

2020-02-06 13:34:06.310000+00:00,dr03,sg15,4,1,obt-collector1,0/1/CPU0,4,0,1,NBIH,NBIH TxTotPktCnt,0,false,60,12,true

2020-02-06 13:34:06.312000+00:00,dr03,sg15,5,1,obt-collector1,0/1/CPU0,5,0,1,NBIH,NBIH TxTotPktCnt,170535122909,false,60,12,true

2020-02-06 13:34:27.453000+00:00,dr03,sg15,0,1,obt-collector1,0/0/CPU0,0,0,0,NBIH,NBIH TxTotPktCnt,12311164580,false,60,12,true

2020-02-06 13:34:27.456000+00:00,dr03,sg15,1,1,obt-collector1,0/0/CPU0,1,0,0,NBIH,NBIH TxTotPktCnt,0,false,60,12,true

2020-02-06 13:34:27.458000+00:00,dr03,sg15,2,1,obt-collector1,0/0/CPU0,2,0,0,NBIH,NBIH TxTotPktCnt,0,false,60,12,true

2020-02-06 13:34:27.461000+00:00,dr03,sg15,3,1,obt-collector1,0/0/CPU0,3,0,0,NBIH,NBIH TxTotPktCnt,0,false,60,12,true

2020-02-06 13:34:27.463000+00:00,dr03,sg15,4,1,obt-collector1,0/0/CPU0,4,0,0,NBIH,NBIH TxTotPktCnt,0,false,60,12,true

2020-02-06 13:34:27.465000+00:00,dr03,sg15,5,1,obt-collector1,0/0/CPU0,5,0,0,NBIH,NBIH TxTotPktCnt,150323515162,false,60,12,true

2020-02-06 13:34:27.472000+00:00,dr03,sg15,0,1,obt-collector1,0/1/CPU0,0,0,1,NBIH,NBIH TxTotPktCnt,57771417182,false,60,12,true

2020-02-06 13:34:27.475000+00:00,dr03,sg15,1,1,obt-collector1,0/1/CPU0,1,0,1,NBIH,NBIH TxTotPktCnt,0,false,60,12,true

2020-02-06 13:34:27.477000+00:00,dr03,sg15,2,1,obt-collector1,0/1/CPU0,2,0,1,NBIH,NBIH TxTotPktCnt,0,false,60,12,true

2020-02-06 13:34:27.479000+00:00,dr03,sg15,3,1,obt-collector1,0/1/CPU0,3,0,1,NBIH,NBIH TxTotPktCnt,0,false,60,12,true

2020-02-06 13:34:27.481000+00:00,dr03,sg15,4,1,obt-collector1,0/1/CPU0,4,0,1,NBIH,NBIH TxTotPktCnt,0,false,60,12,true

2020-02-06 13:34:27.484000+00:00,dr03,sg15,5,1,obt-collector1,0/1/CPU0,5,0,1,NBIH,NBIH TxTotPktCnt,170535634260,false,60,12,true

2020-02-06 13:34:48.767000+00:00,dr03,sg15,0,1,obt-collector1,0/0/CPU0,0,0,0,NBIH,NBIH TxTotPktCnt,12311164992,false,60,12,true

2020-02-06 13:34:48.769000+00:00,dr03,sg15,1,1,obt-collector1,0/0/CPU0,1,0,0,NBIH,NBIH TxTotPktCnt,0,false,60,12,true

2020-02-06 13:34:48.772000+00:00,dr03,sg15,2,1,obt-collector1,0/0/CPU0,2,0,0,NBIH,NBIH TxTotPktCnt,0,false,60,12,true

2020-02-06 13:34:48.774000+00:00,dr03,sg15,3,1,obt-collector1,0/0/CPU0,3,0,0,NBIH,NBIH TxTotPktCnt,0,false,60,12,true

2020-02-06 13:34:48.777000+00:00,dr03,sg15,4,1,obt-collector1,0/0/CPU0,4,0,0,NBIH,NBIH TxTotPktCnt,0,false,60,12,true

2020-02-06 13:34:48.779000+00:00,dr03,sg15,5,1,obt-collector1,0/0/CPU0,5,0,0,NBIH,NBIH TxTotPktCnt,150323751008,false,60,12,true

2020-02-06 13:34:48.786000+00:00,dr03,sg15,0,1,obt-collector1,0/1/CPU0,0,0,1,NBIH,NBIH TxTotPktCnt,57771691052,false,60,12,true

2020-02-06 13:34:48.789000+00:00,dr03,sg15,1,1,obt-collector1,0/1/CPU0,1,0,1,NBIH,NBIH TxTotPktCnt,0,false,60,12,true

2020-02-06 13:34:48.791000+00:00,dr03,sg15,2,1,obt-collector1,0/1/CPU0,2,0,1,NBIH,NBIH TxTotPktCnt,0,false,60,12,true

2020-02-06 13:34:48.793000+00:00,dr03,sg15,3,1,obt-collector1,0/1/CPU0,3,0,1,NBIH,NBIH TxTotPktCnt,0,false,60,12,true

2020-02-06 13:34:48.796000+00:00,dr03,sg15,4,1,obt-collector1,0/1/CPU0,4,0,1,NBIH,NBIH TxTotPktCnt,0,false,60,12,true

2020-02-06 13:34:48.798000+00:00,dr03,sg15,5,1,obt-collector1,0/1/CPU0,5,0,1,NBIH,NBIH TxTotPktCnt,170536173940,false,60,12,true

2020-02-06 13:35:09.790000+00:00,dr03,sg15,0,1,obt-collector1,0/0/CPU0,0,0,0,NBIH,NBIH TxTotPktCnt,12311164992,false,60,12,true

2020-02-06 13:35:09.792000+00:00,dr03,sg15,1,1,obt-collector1,0/0/CPU0,1,0,0,NBIH,NBIH TxTotPktCnt,0,false,60,12,true

2020-02-06 13:35:09.794000+00:00,dr03,sg15,2,1,obt-collector1,0/0/CPU0,2,0,0,NBIH,NBIH TxTotPktCnt,0,false,60,12,true

2020-02-06 13:35:09.797000+00:00,dr03,sg15,3,1,obt-collector1,0/0/CPU0,3,0,0,NBIH,NBIH TxTotPktCnt,0,false,60,12,true

2020-02-06 13:35:09.799000+00:00,dr03,sg15,4,1,obt-collector1,0/0/CPU0,4,0,0,NBIH,NBIH TxTotPktCnt,0,false,60,12,true

2020-02-06 13:35:09.801000+00:00,dr03,sg15,5,1,obt-collector1,0/0/CPU0,5,0,0,NBIH,NBIH TxTotPktCnt,150323751008,false,60,12,true

2020-02-06 13:35:09.808000+00:00,dr03,sg15,0,1,obt-collector1,0/1/CPU0,0,0,1,NBIH,NBIH TxTotPktCnt,57771691052,false,60,12,true

2020-02-06 13:35:09.811000+00:00,dr03,sg15,1,1,obt-collector1,0/1/CPU0,1,0,1,NBIH,NBIH TxTotPktCnt,0,false,60,12,true

2020-02-06 13:35:09.813000+00:00,dr03,sg15,2,1,obt-collector1,0/1/CPU0,2,0,1,NBIH,NBIH TxTotPktCnt,0,false,60,12,true

2020-02-06 13:35:09.815000+00:00,dr03,sg15,3,1,obt-collector1,0/1/CPU0,3,0,1,NBIH,NBIH TxTotPktCnt,0,false,60,12,true

2020-02-06 13:35:09.818000+00:00,dr03,sg15,4,1,obt-collector1,0/1/CPU0,4,0,1,NBIH,NBIH TxTotPktCnt,0,false,60,12,true

2020-02-06 13:35:09.820000+00:00,dr03,sg15,5,1,obt-collector1,0/1/CPU0,5,0,1,NBIH,NBIH TxTotPktCnt,170536173940,false,60,12,true

2020-02-06 13:35:30.952000+00:00,dr03,sg15,0,1,obt-collector1,0/0/CPU0,0,0,0,NBIH,NBIH TxTotPktCnt,12311165362,false,60,12,true

2020-02-06 13:35:30.955000+00:00,dr03,sg15,1,1,obt-collector1,0/0/CPU0,1,0,0,NBIH,NBIH TxTotPktCnt,0,false,60,12,true

2020-02-06 13:35:30.957000+00:00,dr03,sg15,2,1,obt-collector1,0/0/CPU0,2,0,0,NBIH,NBIH TxTotPktCnt,0,false,60,12,true

2020-02-06 13:35:30.959000+00:00,dr03,sg15,3,1,obt-collector1,0/0/CPU0,3,0,0,NBIH,NBIH TxTotPktCnt,0,false,60,12,true

2020-02-06 13:35:30.962000+00:00,dr03,sg15,4,1,obt-collector1,0/0/CPU0,4,0,0,NBIH,NBIH TxTotPktCnt,0,false,60,12,true

2020-02-06 13:35:30.964000+00:00,dr03,sg15,5,1,obt-collector1,0/0/CPU0,5,0,0,NBIH,NBIH TxTotPktCnt,150323983726,false,60,12,true

2020-02-06 13:35:30.971000+00:00,dr03,sg15,0,1,obt-collector1,0/1/CPU0,0,0,1,NBIH,NBIH TxTotPktCnt,57771941691,false,60,12,true

2020-02-06 13:35:30.973000+00:00,dr03,sg15,1,1,obt-collector1,0/1/CPU0,1,0,1,NBIH,NBIH TxTotPktCnt,0,false,60,12,true

2020-02-06 13:35:30.976000+00:00,dr03,sg15,2,1,obt-collector1,0/1/CPU0,2,0,1,NBIH,NBIH TxTotPktCnt,0,false,60,12,true

2020-02-06 13:35:30.978000+00:00,dr03,sg15,3,1,obt-collector1,0/1/CPU0,3,0,1,NBIH,NBIH TxTotPktCnt,0,false,60,12,true

2020-02-06 13:35:30.980000+00:00,dr03,sg15,4,1,obt-collector1,0/1/CPU0,4,0,1,NBIH,NBIH TxTotPktCnt,0,false,60,12,true

2020-02-06 13:35:30.983000+00:00,dr03,sg15,5,1,obt-collector1,0/1/CPU0,5,0,1,NBIH,NBIH TxTotPktCnt,170536684236,false,60,12,true

2020-02-06 13:35:52.261000+00:00,dr03,sg15,0,1,obt-collector1,0/0/CPU0,0,0,0,NBIH,NBIH TxTotPktCnt,12311165780,false,60,12,true

2020-02-06 13:35:52.263000+00:00,dr03,sg15,1,1,obt-collector1,0/0/CPU0,1,0,0,NBIH,NBIH TxTotPktCnt,0,false,60,12,true

2020-02-06 13:35:52.266000+00:00,dr03,sg15,2,1,obt-collector1,0/0/CPU0,2,0,0,NBIH,NBIH TxTotPktCnt,0,false,60,12,true

2020-02-06 13:35:52.269000+00:00,dr03,sg15,3,1,obt-collector1,0/0/CPU0,3,0,0,NBIH,NBIH TxTotPktCnt,0,false,60,12,true

2020-02-06 13:35:52.271000+00:00,dr03,sg15,4,1,obt-collector1,0/0/CPU0,4,0,0,NBIH,NBIH TxTotPktCnt,0,false,60,12,true

2020-02-06 13:35:52.274000+00:00,dr03,sg15,5,1,obt-collector1,0/0/CPU0,5,0,0,NBIH,NBIH TxTotPktCnt,150324225988,false,60,12,true

2020-02-06 13:35:52.281000+00:00,dr03,sg15,0,1,obt-collector1,0/1/CPU0,0,0,1,NBIH,NBIH TxTotPktCnt,57772228376,false,60,12,true

2020-02-06 13:35:52.283000+00:00,dr03,sg15,1,1,obt-collector1,0/1/CPU0,1,0,1,NBIH,NBIH TxTotPktCnt,0,false,60,12,true

2020-02-06 13:35:52.286000+00:00,dr03,sg15,2,1,obt-collector1,0/1/CPU0,2,0,1,NBIH,NBIH TxTotPktCnt,0,false,60,12,true

2020-02-06 13:35:52.288000+00:00,dr03,sg15,3,1,obt-collector1,0/1/CPU0,3,0,1,NBIH,NBIH TxTotPktCnt,0,false,60,12,true

2020-02-06 13:35:52.290000+00:00,dr03,sg15,4,1,obt-collector1,0/1/CPU0,4,0,1,NBIH,NBIH TxTotPktCnt,0,false,60,12,true

2020-02-06 13:35:52.293000+00:00,dr03,sg15,5,1,obt-collector1,0/1/CPU0,5,0,1,NBIH,NBIH TxTotPktCnt,170537268554,false,60,12,true

2020-02-06 13:36:13.271000+00:00,dr03,sg15,0,1,obt-collector1,0/0/CPU0,0,0,0,NBIH,NBIH TxTotPktCnt,12311165780,false,60,12,true

2020-02-06 13:36:13.274000+00:00,dr03,sg15,1,1,obt-collector1,0/0/CPU0,1,0,0,NBIH,NBIH TxTotPktCnt,0,false,60,12,true

2020-02-06 13:36:13.276000+00:00,dr03,sg15,2,1,obt-collector1,0/0/CPU0,2,0,0,NBIH,NBIH TxTotPktCnt,0,false,60,12,true

2020-02-06 13:36:13.278000+00:00,dr03,sg15,3,1,obt-collector1,0/0/CPU0,3,0,0,NBIH,NBIH TxTotPktCnt,0,false,60,12,true

2020-02-06 13:36:13.281000+00:00,dr03,sg15,4,1,obt-collector1,0/0/CPU0,4,0,0,NBIH,NBIH TxTotPktCnt,0,false,60,12,true

2020-02-06 13:36:13.283000+00:00,dr03,sg15,5,1,obt-collector1,0/0/CPU0,5,0,0,NBIH,NBIH TxTotPktCnt,150324225988,false,60,12,true

2020-02-06 13:36:13.290000+00:00,dr03,sg15,0,1,obt-collector1,0/1/CPU0,0,0,1,NBIH,NBIH TxTotPktCnt,57772228376,false,60,12,true

2020-02-06 13:36:13.293000+00:00,dr03,sg15,1,1,obt-collector1,0/1/CPU0,1,0,1,NBIH,NBIH TxTotPktCnt,0,false,60,12,true

2020-02-06 13:36:13.295000+00:00,dr03,sg15,2,1,obt-collector1,0/1/CPU0,2,0,1,NBIH,NBIH TxTotPktCnt,0,false,60,12,true

2020-02-06 13:36:13.297000+00:00,dr03,sg15,3,1,obt-collector1,0/1/CPU0,3,0,1,NBIH,NBIH TxTotPktCnt,0,false,60,12,true

2020-02-06 13:36:13.300000+00:00,dr03,sg15,4,1,obt-collector1,0/1/CPU0,4,0,1,NBIH,NBIH TxTotPktCnt,0,false,60,12,true

2020-02-06 13:36:13.302000+00:00,dr03,sg15,5,1,obt-collector1,0/1/CPU0,5,0,1,NBIH,NBIH TxTotPktCnt,170537268554,false,60,12,true

2020-02-06 13:36:34.437000+00:00,dr03,sg15,0,1,obt-collector1,0/0/CPU0,0,0,0,NBIH,NBIH TxTotPktCnt,12311166147,false,60,12,true

2020-02-06 13:36:34.439000+00:00,dr03,sg15,1,1,obt-collector1,0/0/CPU0,1,0,0,NBIH,NBIH TxTotPktCnt,0,false,60,12,true

2020-02-06 13:36:34.442000+00:00,dr03,sg15,2,1,obt-collector1,0/0/CPU0,2,0,0,NBIH,NBIH TxTotPktCnt,0,false,60,12,true

2020-02-06 13:36:34.444000+00:00,dr03,sg15,3,1,obt-collector1,0/0/CPU0,3,0,0,NBIH,NBIH TxTotPktCnt,0,false,60,12,true

2020-02-06 13:36:34.446000+00:00,dr03,sg15,4,1,obt-collector1,0/0/CPU0,4,0,0,NBIH,NBIH TxTotPktCnt,0,false,60,12,true

2020-02-06 13:36:34.449000+00:00,dr03,sg15,5,1,obt-collector1,0/0/CPU0,5,0,0,NBIH,NBIH TxTotPktCnt,150324454183,false,60,12,true

2020-02-06 13:36:34.456000+00:00,dr03,sg15,0,1,obt-collector1,0/1/CPU0,0,0,1,NBIH,NBIH TxTotPktCnt,57772476748,false,60,12,true

2020-02-06 13:36:34.458000+00:00,dr03,sg15,1,1,obt-collector1,0/1/CPU0,1,0,1,NBIH,NBIH TxTotPktCnt,0,false,60,12,true

2020-02-06 13:36:34.460000+00:00,dr03,sg15,2,1,obt-collector1,0/1/CPU0,2,0,1,NBIH,NBIH TxTotPktCnt,0,false,60,12,true

2020-02-06 13:36:34.462000+00:00,dr03,sg15,3,1,obt-collector1,0/1/CPU0,3,0,1,NBIH,NBIH TxTotPktCnt,0,false,60,12,true

2020-02-06 13:36:34.465000+00:00,dr03,sg15,4,1,obt-collector1,0/1/CPU0,4,0,1,NBIH,NBIH TxTotPktCnt,0,false,60,12,true

2020-02-06 13:36:34.467000+00:00,dr03,sg15,5,1,obt-collector1,0/1/CPU0,5,0,1,NBIH,NBIH TxTotPktCnt,170537778319,false,60,12,true

2020-02-06 13:36:55.748000+00:00,dr03,sg15,0,1,obt-collector1,0/0/CPU0,0,0,0,NBIH,NBIH TxTotPktCnt,12311166564,false,60,12,true

2020-02-06 13:36:55.750000+00:00,dr03,sg15,1,1,obt-collector1,0/0/CPU0,1,0,0,NBIH,NBIH TxTotPktCnt,0,false,60,12,true

2020-02-06 13:36:55.753000+00:00,dr03,sg15,2,1,obt-collector1,0/0/CPU0,2,0,0,NBIH,NBIH TxTotPktCnt,0,false,60,12,true

2020-02-06 13:36:55.755000+00:00,dr03,sg15,3,1,obt-collector1,0/0/CPU0,3,0,0,NBIH,NBIH TxTotPktCnt,0,false,60,12,true

2020-02-06 13:36:55.757000+00:00,dr03,sg15,4,1,obt-collector1,0/0/CPU0,4,0,0,NBIH,NBIH TxTotPktCnt,0,false,60,12,true

2020-02-06 13:36:55.760000+00:00,dr03,sg15,5,1,obt-collector1,0/0/CPU0,5,0,0,NBIH,NBIH TxTotPktCnt,150324678537,false,60,12,true

2020-02-06 13:36:55.767000+00:00,dr03,sg15,0,1,obt-collector1,0/1/CPU0,0,0,1,NBIH,NBIH TxTotPktCnt,57772742880,false,60,12,true

2020-02-06 13:36:55.769000+00:00,dr03,sg15,1,1,obt-collector1,0/1/CPU0,1,0,1,NBIH,NBIH TxTotPktCnt,0,false,60,12,true

2020-02-06 13:36:55.771000+00:00,dr03,sg15,2,1,obt-collector1,0/1/CPU0,2,0,1,NBIH,NBIH TxTotPktCnt,0,false,60,12,true

2020-02-06 13:36:55.774000+00:00,dr03,sg15,3,1,obt-collector1,0/1/CPU0,3,0,1,NBIH,NBIH TxTotPktCnt,0,false,60,12,true

2020-02-06 13:36:55.776000+00:00,dr03,sg15,4,1,obt-collector1,0/1/CPU0,4,0,1,NBIH,NBIH TxTotPktCnt,0,false,60,12,true

2020-02-06 13:36:55.778000+00:00,dr03,sg15,5,1,obt-collector1,0/1/CPU0,5,0,1,NBIH,NBIH TxTotPktCnt,170538320240,false,60,12,true

2020-02-06 13:37:16.753000+00:00,dr03,sg15,0,1,obt-collector1,0/0/CPU0,0,0,0,NBIH,NBIH TxTotPktCnt,12311166564,false,60,12,true

2020-02-06 13:37:16.755000+00:00,dr03,sg15,1,1,obt-collector1,0/0/CPU0,1,0,0,NBIH,NBIH TxTotPktCnt,0,false,60,12,true

2020-02-06 13:37:16.758000+00:00,dr03,sg15,2,1,obt-collector1,0/0/CPU0,2,0,0,NBIH,NBIH TxTotPktCnt,0,false,60,12,true

2020-02-06 13:37:16.761000+00:00,dr03,sg15,3,1,obt-collector1,0/0/CPU0,3,0,0,NBIH,NBIH TxTotPktCnt,0,false,60,12,true

2020-02-06 13:37:16.763000+00:00,dr03,sg15,4,1,obt-collector1,0/0/CPU0,4,0,0,NBIH,NBIH TxTotPktCnt,0,false,60,12,true

2020-02-06 13:37:16.766000+00:00,dr03,sg15,5,1,obt-collector1,0/0/CPU0,5,0,0,NBIH,NBIH TxTotPktCnt,150324678537,false,60,12,true

2020-02-06 13:37:16.773000+00:00,dr03,sg15,0,1,obt-collector1,0/1/CPU0,0,0,1,NBIH,NBIH TxTotPktCnt,57772742880,false,60,12,true

2020-02-06 13:37:16.775000+00:00,dr03,sg15,1,1,obt-collector1,0/1/CPU0,1,0,1,NBIH,NBIH TxTotPktCnt,0,false,60,12,true

2020-02-06 13:37:16.778000+00:00,dr03,sg15,2,1,obt-collector1,0/1/CPU0,2,0,1,NBIH,NBIH TxTotPktCnt,0,false,60,12,true

2020-02-06 13:37:16.780000+00:00,dr03,sg15,3,1,obt-collector1,0/1/CPU0,3,0,1,NBIH,NBIH TxTotPktCnt,0,false,60,12,true

2020-02-06 13:37:16.782000+00:00,dr03,sg15,4,1,obt-collector1,0/1/CPU0,4,0,1,NBIH,NBIH TxTotPktCnt,0,false,60,12,true

2020-02-06 13:37:16.785000+00:00,dr03,sg15,5,1,obt-collector1,0/1/CPU0,5,0,1,NBIH,NBIH TxTotPktCnt,170538320240,false,60,12,true

2020-02-06 13:37:37.922000+00:00,dr03,sg15,0,1,obt-collector1,0/0/CPU0,0,0,0,NBIH,NBIH TxTotPktCnt,12311166925,false,60,12,true

2020-02-06 13:37:37.924000+00:00,dr03,sg15,1,1,obt-collector1,0/0/CPU0,1,0,0,NBIH,NBIH TxTotPktCnt,0,false,60,12,true

2020-02-06 13:37:37.926000+00:00,dr03,sg15,2,1,obt-collector1,0/0/CPU0,2,0,0,NBIH,NBIH TxTotPktCnt,0,false,60,12,true

2020-02-06 13:37:37.929000+00:00,dr03,sg15,3,1,obt-collector1,0/0/CPU0,3,0,0,NBIH,NBIH TxTotPktCnt,0,false,60,12,true

2020-02-06 13:37:37.931000+00:00,dr03,sg15,4,1,obt-collector1,0/0/CPU0,4,0,0,NBIH,NBIH TxTotPktCnt,0,false,60,12,true

2020-02-06 13:37:37.934000+00:00,dr03,sg15,5,1,obt-collector1,0/0/CPU0,5,0,0,NBIH,NBIH TxTotPktCnt,150324902920,false,60,12,true

2020-02-06 13:37:37.941000+00:00,dr03,sg15,0,1,obt-collector1,0/1/CPU0,0,0,1,NBIH,NBIH TxTotPktCnt,57772986284,false,60,12,true

2020-02-06 13:37:37.943000+00:00,dr03,sg15,1,1,obt-collector1,0/1/CPU0,1,0,1,NBIH,NBIH TxTotPktCnt,0,false,60,12,true

2020-02-06 13:37:37.945000+00:00,dr03,sg15,2,1,obt-collector1,0/1/CPU0,2,0,1,NBIH,NBIH TxTotPktCnt,0,false,60,12,true

2020-02-06 13:37:37.948000+00:00,dr03,sg15,3,1,obt-collector1,0/1/CPU0,3,0,1,NBIH,NBIH TxTotPktCnt,0,false,60,12,true

2020-02-06 13:37:37.950000+00:00,dr03,sg15,4,1,obt-collector1,0/1/CPU0,4,0,1,NBIH,NBIH TxTotPktCnt,0,false,60,12,true

2020-02-06 13:37:37.953000+00:00,dr03,sg15,5,1,obt-collector1,0/1/CPU0,5,0,1,NBIH,NBIH TxTotPktCnt,170538815338,false,60,12,true

2020-02-06 13:37:59.226000+00:00,dr03,sg15,0,1,obt-collector1,0/0/CPU0,0,0,0,NBIH,NBIH TxTotPktCnt,12311167344,false,60,12,true

2020-02-06 13:37:59.229000+00:00,dr03,sg15,1,1,obt-collector1,0/0/CPU0,1,0,0,NBIH,NBIH TxTotPktCnt,0,false,60,12,true

2020-02-06 13:37:59.231000+00:00,dr03,sg15,2,1,obt-collector1,0/0/CPU0,2,0,0,NBIH,NBIH TxTotPktCnt,0,false,60,12,true

2020-02-06 13:37:59.234000+00:00,dr03,sg15,3,1,obt-collector1,0/0/CPU0,3,0,0,NBIH,NBIH TxTotPktCnt,0,false,60,12,true

2020-02-06 13:37:59.236000+00:00,dr03,sg15,4,1,obt-collector1,0/0/CPU0,4,0,0,NBIH,NBIH TxTotPktCnt,0,false,60,12,true

2020-02-06 13:37:59.238000+00:00,dr03,sg15,5,1,obt-collector1,0/0/CPU0,5,0,0,NBIH,NBIH TxTotPktCnt,150325132080,false,60,12,true

2020-02-06 13:37:59.245000+00:00,dr03,sg15,0,1,obt-collector1,0/1/CPU0,0,0,1,NBIH,NBIH TxTotPktCnt,57773272592,false,60,12,true

2020-02-06 13:37:59.247000+00:00,dr03,sg15,1,1,obt-collector1,0/1/CPU0,1,0,1,NBIH,NBIH TxTotPktCnt,0,false,60,12,true

2020-02-06 13:37:59.250000+00:00,dr03,sg15,2,1,obt-collector1,0/1/CPU0,2,0,1,NBIH,NBIH TxTotPktCnt,0,false,60,12,true

2020-02-06 13:37:59.252000+00:00,dr03,sg15,3,1,obt-collector1,0/1/CPU0,3,0,1,NBIH,NBIH TxTotPktCnt,0,false,60,12,true

2020-02-06 13:37:59.254000+00:00,dr03,sg15,4,1,obt-collector1,0/1/CPU0,4,0,1,NBIH,NBIH TxTotPktCnt,0,false,60,12,true

2020-02-06 13:37:59.256000+00:00,dr03,sg15,5,1,obt-collector1,0/1/CPU0,5,0,1,NBIH,NBIH TxTotPktCnt,170539385049,false,60,12,true

2020-02-06 13:38:20.232000+00:00,dr03,sg15,0,1,obt-collector1,0/0/CPU0,0,0,0,NBIH,NBIH TxTotPktCnt,12311167344,false,60,12,true

2020-02-06 13:38:20.235000+00:00,dr03,sg15,1,1,obt-collector1,0/0/CPU0,1,0,0,NBIH,NBIH TxTotPktCnt,0,false,60,12,true

2020-02-06 13:38:20.237000+00:00,dr03,sg15,2,1,obt-collector1,0/0/CPU0,2,0,0,NBIH,NBIH TxTotPktCnt,0,false,60,12,true

2020-02-06 13:38:20.239000+00:00,dr03,sg15,3,1,obt-collector1,0/0/CPU0,3,0,0,NBIH,NBIH TxTotPktCnt,0,false,60,12,true

2020-02-06 13:38:20.242000+00:00,dr03,sg15,4,1,obt-collector1,0/0/CPU0,4,0,0,NBIH,NBIH TxTotPktCnt,0,false,60,12,true

2020-02-06 13:38:20.244000+00:00,dr03,sg15,5,1,obt-collector1,0/0/CPU0,5,0,0,NBIH,NBIH TxTotPktCnt,150325132080,false,60,12,true

2020-02-06 13:38:20.252000+00:00,dr03,sg15,0,1,obt-collector1,0/1/CPU0,0,0,1,NBIH,NBIH TxTotPktCnt,57773272592,false,60,12,true

2020-02-06 13:38:20.254000+00:00,dr03,sg15,1,1,obt-collector1,0/1/CPU0,1,0,1,NBIH,NBIH TxTotPktCnt,0,false,60,12,true

2020-02-06 13:38:20.256000+00:00,dr03,sg15,2,1,obt-collector1,0/1/CPU0,2,0,1,NBIH,NBIH TxTotPktCnt,0,false,60,12,true

2020-02-06 13:38:20.258000+00:00,dr03,sg15,3,1,obt-collector1,0/1/CPU0,3,0,1,NBIH,NBIH TxTotPktCnt,0,false,60,12,true

2020-02-06 13:38:20.261000+00:00,dr03,sg15,4,1,obt-collector1,0/1/CPU0,4,0,1,NBIH,NBIH TxTotPktCnt,0,false,60,12,true

2020-02-06 13:38:20.263000+00:00,dr03,sg15,5,1,obt-collector1,0/1/CPU0,5,0,1,NBIH,NBIH TxTotPktCnt,170539385049,false,60,12,true

2020-02-06 13:38:41.389000+00:00,dr03,sg15,0,1,obt-collector1,0/0/CPU0,0,0,0,NBIH,NBIH TxTotPktCnt,12311167705,false,60,12,true

2020-02-06 13:38:41.392000+00:00,dr03,sg15,1,1,obt-collector1,0/0/CPU0,1,0,0,NBIH,NBIH TxTotPktCnt,0,false,60,12,true

2020-02-06 13:38:41.394000+00:00,dr03,sg15,2,1,obt-collector1,0/0/CPU0,2,0,0,NBIH,NBIH TxTotPktCnt,0,false,60,12,true

2020-02-06 13:38:41.396000+00:00,dr03,sg15,3,1,obt-collector1,0/0/CPU0,3,0,0,NBIH,NBIH TxTotPktCnt,0,false,60,12,true

2020-02-06 13:38:41.399000+00:00,dr03,sg15,4,1,obt-collector1,0/0/CPU0,4,0,0,NBIH,NBIH TxTotPktCnt,0,false,60,12,true

2020-02-06 13:38:41.401000+00:00,dr03,sg15,5,1,obt-collector1,0/0/CPU0,5,0,0,NBIH,NBIH TxTotPktCnt,150325364168,false,60,12,true

2020-02-06 13:38:41.408000+00:00,dr03,sg15,0,1,obt-collector1,0/1/CPU0,0,0,1,NBIH,NBIH TxTotPktCnt,57773515644,false,60,12,true

2020-02-06 13:38:41.411000+00:00,dr03,sg15,1,1,obt-collector1,0/1/CPU0,1,0,1,NBIH,NBIH TxTotPktCnt,0,false,60,12,true

2020-02-06 13:38:41.413000+00:00,dr03,sg15,2,1,obt-collector1,0/1/CPU0,2,0,1,NBIH,NBIH TxTotPktCnt,0,false,60,12,true

2020-02-06 13:38:41.415000+00:00,dr03,sg15,3,1,obt-collector1,0/1/CPU0,3,0,1,NBIH,NBIH TxTotPktCnt,0,false,60,12,true

2020-02-06 13:38:41.417000+00:00,dr03,sg15,4,1,obt-collector1,0/1/CPU0,4,0,1,NBIH,NBIH TxTotPktCnt,0,false,60,12,true

2020-02-06 13:38:41.419000+00:00,dr03,sg15,5,1,obt-collector1,0/1/CPU0,5,0,1,NBIH,NBIH TxTotPktCnt,170539896084,false,60,12,true

2020-02-06 13:39:02.707000+00:00,dr03,sg15,0,1,obt-collector1,0/0/CPU0,0,0,0,NBIH,NBIH TxTotPktCnt,12311168133,false,60,12,true

2020-02-06 13:39:02.710000+00:00,dr03,sg15,1,1,obt-collector1,0/0/CPU0,1,0,0,NBIH,NBIH TxTotPktCnt,0,false,60,12,true

2020-02-06 13:39:02.712000+00:00,dr03,sg15,2,1,obt-collector1,0/0/CPU0,2,0,0,NBIH,NBIH TxTotPktCnt,0,false,60,12,true

2020-02-06 13:39:02.715000+00:00,dr03,sg15,3,1,obt-collector1,0/0/CPU0,3,0,0,NBIH,NBIH TxTotPktCnt,0,false,60,12,true

2020-02-06 13:39:02.717000+00:00,dr03,sg15,4,1,obt-collector1,0/0/CPU0,4,0,0,NBIH,NBIH TxTotPktCnt,0,false,60,12,true

2020-02-06 13:39:02.720000+00:00,dr03,sg15,5,1,obt-collector1,0/0/CPU0,5,0,0,NBIH,NBIH TxTotPktCnt,150325591988,false,60,12,true

2020-02-06 13:39:02.727000+00:00,dr03,sg15,0,1,obt-collector1,0/1/CPU0,0,0,1,NBIH,NBIH TxTotPktCnt,57773801309,false,60,12,true

2020-02-06 13:39:02.729000+00:00,dr03,sg15,1,1,obt-collector1,0/1/CPU0,1,0,1,NBIH,NBIH TxTotPktCnt,0,false,60,12,true

2020-02-06 13:39:02.732000+00:00,dr03,sg15,2,1,obt-collector1,0/1/CPU0,2,0,1,NBIH,NBIH TxTotPktCnt,0,false,60,12,true

2020-02-06 13:39:02.734000+00:00,dr03,sg15,3,1,obt-collector1,0/1/CPU0,3,0,1,NBIH,NBIH TxTotPktCnt,0,false,60,12,true

2020-02-06 13:39:02.736000+00:00,dr03,sg15,4,1,obt-collector1,0/1/CPU0,4,0,1,NBIH,NBIH TxTotPktCnt,0,false,60,12,true

2020-02-06 13:39:02.739000+00:00,dr03,sg15,5,1,obt-collector1,0/1/CPU0,5,0,1,NBIH,NBIH TxTotPktCnt,170540468107,false,60,12,true

2020-02-06 13:39:23.717000+00:00,dr03,sg15,0,1,obt-collector1,0/0/CPU0,0,0,0,NBIH,NBIH TxTotPktCnt,12311168133,false,60,12,true

2020-02-06 13:39:23.720000+00:00,dr03,sg15,1,1,obt-collector1,0/0/CPU0,1,0,0,NBIH,NBIH TxTotPktCnt,0,false,60,12,true

2020-02-06 13:39:23.722000+00:00,dr03,sg15,2,1,obt-collector1,0/0/CPU0,2,0,0,NBIH,NBIH TxTotPktCnt,0,false,60,12,true

2020-02-06 13:39:23.724000+00:00,dr03,sg15,3,1,obt-collector1,0/0/CPU0,3,0,0,NBIH,NBIH TxTotPktCnt,0,false,60,12,true

2020-02-06 13:39:23.727000+00:00,dr03,sg15,4,1,obt-collector1,0/0/CPU0,4,0,0,NBIH,NBIH TxTotPktCnt,0,false,60,12,true

2020-02-06 13:39:23.729000+00:00,dr03,sg15,5,1,obt-collector1,0/0/CPU0,5,0,0,NBIH,NBIH TxTotPktCnt,150325591988,false,60,12,true

2020-02-06 13:39:23.736000+00:00,dr03,sg15,0,1,obt-collector1,0/1/CPU0,0,0,1,NBIH,NBIH TxTotPktCnt,57773801309,false,60,12,true

2020-02-06 13:39:23.739000+00:00,dr03,sg15,1,1,obt-collector1,0/1/CPU0,1,0,1,NBIH,NBIH TxTotPktCnt,0,false,60,12,true

2020-02-06 13:39:23.741000+00:00,dr03,sg15,2,1,obt-collector1,0/1/CPU0,2,0,1,NBIH,NBIH TxTotPktCnt,0,false,60,12,true

2020-02-06 13:39:23.743000+00:00,dr03,sg15,3,1,obt-collector1,0/1/CPU0,3,0,1,NBIH,NBIH TxTotPktCnt,0,false,60,12,true

2020-02-06 13:39:23.746000+00:00,dr03,sg15,4,1,obt-collector1,0/1/CPU0,4,0,1,NBIH,NBIH TxTotPktCnt,0,false,60,12,true

2020-02-06 13:39:23.748000+00:00,dr03,sg15,5,1,obt-collector1,0/1/CPU0,5,0,1,NBIH,NBIH TxTotPktCnt,170540468107,false,60,12,true

2020-02-06 13:39:44.879000+00:00,dr03,sg15,0,1,obt-collector1,0/0/CPU0,0,0,0,NBIH,NBIH TxTotPktCnt,12311168494,false,60,12,true

2020-02-06 13:39:44.881000+00:00,dr03,sg15,1,1,obt-collector1,0/0/CPU0,1,0,0,NBIH,NBIH TxTotPktCnt,0,false,60,12,true

2020-02-06 13:39:44.883000+00:00,dr03,sg15,2,1,obt-collector1,0/0/CPU0,2,0,0,NBIH,NBIH TxTotPktCnt,0,false,60,12,true

2020-02-06 13:39:44.886000+00:00,dr03,sg15,3,1,obt-collector1,0/0/CPU0,3,0,0,NBIH,NBIH TxTotPktCnt,0,false,60,12,true

2020-02-06 13:39:44.888000+00:00,dr03,sg15,4,1,obt-collector1,0/0/CPU0,4,0,0,NBIH,NBIH TxTotPktCnt,0,false,60,12,true

2020-02-06 13:39:44.890000+00:00,dr03,sg15,5,1,obt-collector1,0/0/CPU0,5,0,0,NBIH,NBIH TxTotPktCnt,150325835589,false,60,12,true

2020-02-06 13:39:44.897000+00:00,dr03,sg15,0,1,obt-collector1,0/1/CPU0,0,0,1,NBIH,NBIH TxTotPktCnt,57774047757,false,60,12,true

2020-02-06 13:39:44.900000+00:00,dr03,sg15,1,1,obt-collector1,0/1/CPU0,1,0,1,NBIH,NBIH TxTotPktCnt,0,false,60,12,true

2020-02-06 13:39:44.902000+00:00,dr03,sg15,2,1,obt-collector1,0/1/CPU0,2,0,1,NBIH,NBIH TxTotPktCnt,0,false,60,12,true

2020-02-06 13:39:44.904000+00:00,dr03,sg15,3,1,obt-collector1,0/1/CPU0,3,0,1,NBIH,NBIH TxTotPktCnt,0,false,60,12,true

2020-02-06 13:39:44.907000+00:00,dr03,sg15,4,1,obt-collector1,0/1/CPU0,4,0,1,NBIH,NBIH TxTotPktCnt,0,false,60,12,true

2020-02-06 13:39:44.909000+00:00,dr03,sg15,5,1,obt-collector1,0/1/CPU0,5,0,1,NBIH,NBIH TxTotPktCnt,170540956118,false,60,12,true

2020-02-06 13:40:06.186000+00:00,dr03,sg15,0,1,obt-collector1,0/0/CPU0,0,0,0,NBIH,NBIH TxTotPktCnt,12311168917,false,60,12,true

2020-02-06 13:40:06.188000+00:00,dr03,sg15,1,1,obt-collector1,0/0/CPU0,1,0,0,NBIH,NBIH TxTotPktCnt,0,false,60,12,true

2020-02-06 13:40:06.191000+00:00,dr03,sg15,2,1,obt-collector1,0/0/CPU0,2,0,0,NBIH,NBIH TxTotPktCnt,0,false,60,12,true

2020-02-06 13:40:06.193000+00:00,dr03,sg15,3,1,obt-collector1,0/0/CPU0,3,0,0,NBIH,NBIH TxTotPktCnt,0,false,60,12,true

2020-02-06 13:40:06.196000+00:00,dr03,sg15,4,1,obt-collector1,0/0/CPU0,4,0,0,NBIH,NBIH TxTotPktCnt,0,false,60,12,true

2020-02-06 13:40:06.198000+00:00,dr03,sg15,5,1,obt-collector1,0/0/CPU0,5,0,0,NBIH,NBIH TxTotPktCnt,150326065468,false,60,12,true

2020-02-06 13:40:06.206000+00:00,dr03,sg15,0,1,obt-collector1,0/1/CPU0,0,0,1,NBIH,NBIH TxTotPktCnt,57774321160,false,60,12,true

2020-02-06 13:40:06.208000+00:00,dr03,sg15,1,1,obt-collector1,0/1/CPU0,1,0,1,NBIH,NBIH TxTotPktCnt,0,false,60,12,true

2020-02-06 13:40:06.210000+00:00,dr03,sg15,2,1,obt-collector1,0/1/CPU0,2,0,1,NBIH,NBIH TxTotPktCnt,0,false,60,12,true

2020-02-06 13:40:06.213000+00:00,dr03,sg15,3,1,obt-collector1,0/1/CPU0,3,0,1,NBIH,NBIH TxTotPktCnt,0,false,60,12,true

2020-02-06 13:40:06.215000+00:00,dr03,sg15,4,1,obt-collector1,0/1/CPU0,4,0,1,NBIH,NBIH TxTotPktCnt,0,false,60,12,true

2020-02-06 13:40:06.217000+00:00,dr03,sg15,5,1,obt-collector1,0/1/CPU0,5,0,1,NBIH,NBIH TxTotPktCnt,170541517642,false,60,12,true

