,Producer,Target,cntr-engines/apps-info/app-type,cntr-engines/apps-info/num-cntrs-for-app,cntr-engines/apps-info/num-cntrs-used,cntr-engines/core-id,cntr-engines/state,host,next-avail-cp-id,node-name,npu-id,num-cntr-engines,sys-cp-cnfg-prof

2020-02-06 13:19:41.697000+00:00,dr03,sg15,Interface TX,16384,0,1,In use,obt-collector1,4,0/1/CPU0,0,16,0

2020-02-06 13:19:41.697000+00:00,dr03,sg15,Interface TX,16384,0,1,In use,obt-collector1,4,0/1/CPU0,1,16,0

2020-02-06 13:19:41.697000+00:00,dr03,sg15,Interface TX,16384,0,1,In use,obt-collector1,4,0/1/CPU0,3,16,0

2020-02-06 13:19:41.697000+00:00,dr03,sg15,Interface TX,16384,0,1,In use,obt-collector1,4,0/1/CPU0,4,16,0

2020-02-06 13:19:41.697000+00:00,dr03,sg15,Interface TX,16384,0,1,In use,obt-collector1,4,0/1/CPU0,2,16,0

2020-02-06 13:19:41.697000+00:00,dr03,sg15,Interface TX,16384,0,1,In use,obt-collector1,4,0/1/CPU0,5,16,0

2020-02-06 13:19:41.699000+00:00,dr03,sg15,Interface TX,16384,0,1,In use,obt-collector1,4,0/0/CPU0,2,16,0

2020-02-06 13:19:41.699000+00:00,dr03,sg15,Interface TX,16384,0,1,In use,obt-collector1,4,0/0/CPU0,4,16,0

2020-02-06 13:19:41.699000+00:00,dr03,sg15,Interface TX,16384,0,1,In use,obt-collector1,4,0/0/CPU0,3,16,0

2020-02-06 13:19:41.699000+00:00,dr03,sg15,Interface TX,16384,0,1,In use,obt-collector1,4,0/0/CPU0,1,16,0

2020-02-06 13:19:41.699000+00:00,dr03,sg15,Interface TX,16384,0,1,In use,obt-collector1,4,0/0/CPU0,5,16,0

2020-02-06 13:19:41.699000+00:00,dr03,sg15,Interface TX,16384,0,1,In use,obt-collector1,4,0/0/CPU0,0,16,0

2020-02-06 13:20:03.015000+00:00,dr03,sg15,Interface TX,16384,0,1,In use,obt-collector1,4,0/1/CPU0,0,16,0

2020-02-06 13:20:03.016000+00:00,dr03,sg15,Interface TX,16384,0,1,In use,obt-collector1,4,0/1/CPU0,5,16,0

2020-02-06 13:20:03.016000+00:00,dr03,sg15,Interface TX,16384,0,1,In use,obt-collector1,4,0/1/CPU0,2,16,0

2020-02-06 13:20:03.016000+00:00,dr03,sg15,Interface TX,16384,0,1,In use,obt-collector1,4,0/1/CPU0,4,16,0

2020-02-06 13:20:03.016000+00:00,dr03,sg15,Interface TX,16384,0,1,In use,obt-collector1,4,0/1/CPU0,1,16,0

2020-02-06 13:20:03.016000+00:00,dr03,sg15,Interface TX,16384,0,1,In use,obt-collector1,4,0/1/CPU0,3,16,0

2020-02-06 13:20:03.017000+00:00,dr03,sg15,Interface TX,16384,0,1,In use,obt-collector1,4,0/0/CPU0,0,16,0

2020-02-06 13:20:03.017000+00:00,dr03,sg15,Interface TX,16384,0,1,In use,obt-collector1,4,0/0/CPU0,1,16,0

2020-02-06 13:20:03.017000+00:00,dr03,sg15,Interface TX,16384,0,1,In use,obt-collector1,4,0/0/CPU0,5,16,0

2020-02-06 13:20:03.017000+00:00,dr03,sg15,Interface TX,16384,0,1,In use,obt-collector1,4,0/0/CPU0,3,16,0

2020-02-06 13:20:03.017000+00:00,dr03,sg15,Interface TX,16384,0,1,In use,obt-collector1,4,0/0/CPU0,2,16,0

2020-02-06 13:20:03.017000+00:00,dr03,sg15,Interface TX,16384,0,1,In use,obt-collector1,4,0/0/CPU0,4,16,0

2020-02-06 13:20:23.661000+00:00,dr03,sg15,Interface TX,16384,0,1,In use,obt-collector1,4,0/1/CPU0,3,16,0

2020-02-06 13:20:23.661000+00:00,dr03,sg15,Interface TX,16384,0,1,In use,obt-collector1,4,0/1/CPU0,0,16,0

2020-02-06 13:20:23.661000+00:00,dr03,sg15,Interface TX,16384,0,1,In use,obt-collector1,4,0/1/CPU0,1,16,0

2020-02-06 13:20:23.661000+00:00,dr03,sg15,Interface TX,16384,0,1,In use,obt-collector1,4,0/1/CPU0,4,16,0

2020-02-06 13:20:23.661000+00:00,dr03,sg15,Interface TX,16384,0,1,In use,obt-collector1,4,0/1/CPU0,5,16,0

2020-02-06 13:20:23.661000+00:00,dr03,sg15,Interface TX,16384,0,1,In use,obt-collector1,4,0/1/CPU0,2,16,0

2020-02-06 13:20:23.662000+00:00,dr03,sg15,Interface TX,16384,0,1,In use,obt-collector1,4,0/0/CPU0,4,16,0

2020-02-06 13:20:23.662000+00:00,dr03,sg15,Interface TX,16384,0,1,In use,obt-collector1,4,0/0/CPU0,3,16,0

2020-02-06 13:20:23.662000+00:00,dr03,sg15,Interface TX,16384,0,1,In use,obt-collector1,4,0/0/CPU0,2,16,0

2020-02-06 13:20:23.662000+00:00,dr03,sg15,Interface TX,16384,0,1,In use,obt-collector1,4,0/0/CPU0,5,16,0

2020-02-06 13:20:23.662000+00:00,dr03,sg15,Interface TX,16384,0,1,In use,obt-collector1,4,0/0/CPU0,0,16,0

2020-02-06 13:20:23.662000+00:00,dr03,sg15,Interface TX,16384,0,1,In use,obt-collector1,4,0/0/CPU0,1,16,0

2020-02-06 13:20:45.219000+00:00,dr03,sg15,Interface TX,16384,0,1,In use,obt-collector1,4,0/1/CPU0,2,16,0

2020-02-06 13:20:45.219000+00:00,dr03,sg15,Interface TX,16384,0,1,In use,obt-collector1,4,0/1/CPU0,3,16,0

2020-02-06 13:20:45.219000+00:00,dr03,sg15,Interface TX,16384,0,1,In use,obt-collector1,4,0/1/CPU0,5,16,0

2020-02-06 13:20:45.219000+00:00,dr03,sg15,Interface TX,16384,0,1,In use,obt-collector1,4,0/1/CPU0,4,16,0

2020-02-06 13:20:45.219000+00:00,dr03,sg15,Interface TX,16384,0,1,In use,obt-collector1,4,0/1/CPU0,0,16,0

2020-02-06 13:20:45.219000+00:00,dr03,sg15,Interface TX,16384,0,1,In use,obt-collector1,4,0/1/CPU0,1,16,0

2020-02-06 13:20:45.220000+00:00,dr03,sg15,Interface TX,16384,0,1,In use,obt-collector1,4,0/0/CPU0,1,16,0

2020-02-06 13:20:45.220000+00:00,dr03,sg15,Interface TX,16384,0,1,In use,obt-collector1,4,0/0/CPU0,5,16,0

2020-02-06 13:20:45.220000+00:00,dr03,sg15,Interface TX,16384,0,1,In use,obt-collector1,4,0/0/CPU0,0,16,0

2020-02-06 13:20:45.220000+00:00,dr03,sg15,Interface TX,16384,0,1,In use,obt-collector1,4,0/0/CPU0,2,16,0

2020-02-06 13:20:45.220000+00:00,dr03,sg15,Interface TX,16384,0,1,In use,obt-collector1,4,0/0/CPU0,4,16,0

2020-02-06 13:20:45.220000+00:00,dr03,sg15,Interface TX,16384,0,1,In use,obt-collector1,4,0/0/CPU0,3,16,0

2020-02-06 13:21:06.488000+00:00,dr03,sg15,Interface TX,16384,0,1,In use,obt-collector1,4,0/1/CPU0,0,16,0

2020-02-06 13:21:06.488000+00:00,dr03,sg15,Interface TX,16384,0,1,In use,obt-collector1,4,0/1/CPU0,1,16,0

2020-02-06 13:21:06.489000+00:00,dr03,sg15,Interface TX,16384,0,1,In use,obt-collector1,4,0/1/CPU0,4,16,0

2020-02-06 13:21:06.489000+00:00,dr03,sg15,Interface TX,16384,0,1,In use,obt-collector1,4,0/1/CPU0,2,16,0

2020-02-06 13:21:06.489000+00:00,dr03,sg15,Interface TX,16384,0,1,In use,obt-collector1,4,0/1/CPU0,3,16,0

2020-02-06 13:21:06.489000+00:00,dr03,sg15,Interface TX,16384,0,1,In use,obt-collector1,4,0/1/CPU0,5,16,0

2020-02-06 13:21:06.490000+00:00,dr03,sg15,Interface TX,16384,0,1,In use,obt-collector1,4,0/0/CPU0,2,16,0

2020-02-06 13:21:06.490000+00:00,dr03,sg15,Interface TX,16384,0,1,In use,obt-collector1,4,0/0/CPU0,0,16,0

2020-02-06 13:21:06.490000+00:00,dr03,sg15,Interface TX,16384,0,1,In use,obt-collector1,4,0/0/CPU0,1,16,0

2020-02-06 13:21:06.490000+00:00,dr03,sg15,Interface TX,16384,0,1,In use,obt-collector1,4,0/0/CPU0,5,16,0

2020-02-06 13:21:06.490000+00:00,dr03,sg15,Interface TX,16384,0,1,In use,obt-collector1,4,0/0/CPU0,4,16,0

2020-02-06 13:21:06.490000+00:00,dr03,sg15,Interface TX,16384,0,1,In use,obt-collector1,4,0/0/CPU0,3,16,0

2020-02-06 13:21:27.501000+00:00,dr03,sg15,Interface TX,16384,0,1,In use,obt-collector1,4,0/1/CPU0,4,16,0

2020-02-06 13:21:27.501000+00:00,dr03,sg15,Interface TX,16384,0,1,In use,obt-collector1,4,0/1/CPU0,1,16,0

2020-02-06 13:21:27.501000+00:00,dr03,sg15,Interface TX,16384,0,1,In use,obt-collector1,4,0/1/CPU0,0,16,0

2020-02-06 13:21:27.501000+00:00,dr03,sg15,Interface TX,16384,0,1,In use,obt-collector1,4,0/1/CPU0,3,16,0

2020-02-06 13:21:27.501000+00:00,dr03,sg15,Interface TX,16384,0,1,In use,obt-collector1,4,0/1/CPU0,5,16,0

2020-02-06 13:21:27.501000+00:00,dr03,sg15,Interface TX,16384,0,1,In use,obt-collector1,4,0/1/CPU0,2,16,0

2020-02-06 13:21:27.502000+00:00,dr03,sg15,Interface TX,16384,0,1,In use,obt-collector1,4,0/0/CPU0,3,16,0

2020-02-06 13:21:27.502000+00:00,dr03,sg15,Interface TX,16384,0,1,In use,obt-collector1,4,0/0/CPU0,0,16,0

2020-02-06 13:21:27.502000+00:00,dr03,sg15,Interface TX,16384,0,1,In use,obt-collector1,4,0/0/CPU0,4,16,0

2020-02-06 13:21:27.502000+00:00,dr03,sg15,Interface TX,16384,0,1,In use,obt-collector1,4,0/0/CPU0,2,16,0

2020-02-06 13:21:27.502000+00:00,dr03,sg15,Interface TX,16384,0,1,In use,obt-collector1,4,0/0/CPU0,5,16,0

2020-02-06 13:21:27.502000+00:00,dr03,sg15,Interface TX,16384,0,1,In use,obt-collector1,4,0/0/CPU0,1,16,0

2020-02-06 13:21:48.550000+00:00,dr03,sg15,Interface TX,16384,0,1,In use,obt-collector1,4,0/1/CPU0,2,16,0

2020-02-06 13:21:48.550000+00:00,dr03,sg15,Interface TX,16384,0,1,In use,obt-collector1,4,0/1/CPU0,0,16,0

2020-02-06 13:21:48.550000+00:00,dr03,sg15,Interface TX,16384,0,1,In use,obt-collector1,4,0/1/CPU0,5,16,0

2020-02-06 13:21:48.550000+00:00,dr03,sg15,Interface TX,16384,0,1,In use,obt-collector1,4,0/1/CPU0,1,16,0

2020-02-06 13:21:48.550000+00:00,dr03,sg15,Interface TX,16384,0,1,In use,obt-collector1,4,0/1/CPU0,4,16,0

2020-02-06 13:21:48.550000+00:00,dr03,sg15,Interface TX,16384,0,1,In use,obt-collector1,4,0/1/CPU0,3,16,0

2020-02-06 13:21:48.551000+00:00,dr03,sg15,Interface TX,16384,0,1,In use,obt-collector1,4,0/0/CPU0,1,16,0

2020-02-06 13:21:48.551000+00:00,dr03,sg15,Interface TX,16384,0,1,In use,obt-collector1,4,0/0/CPU0,0,16,0

2020-02-06 13:21:48.551000+00:00,dr03,sg15,Interface TX,16384,0,1,In use,obt-collector1,4,0/0/CPU0,5,16,0

2020-02-06 13:21:48.551000+00:00,dr03,sg15,Interface TX,16384,0,1,In use,obt-collector1,4,0/0/CPU0,3,16,0

2020-02-06 13:21:48.551000+00:00,dr03,sg15,Interface TX,16384,0,1,In use,obt-collector1,4,0/0/CPU0,2,16,0

2020-02-06 13:21:48.551000+00:00,dr03,sg15,Interface TX,16384,0,1,In use,obt-collector1,4,0/0/CPU0,4,16,0

2020-02-06 13:22:10.230000+00:00,dr03,sg15,Interface TX,16384,0,1,In use,obt-collector1,4,0/1/CPU0,3,16,0

2020-02-06 13:22:10.230000+00:00,dr03,sg15,Interface TX,16384,0,1,In use,obt-collector1,4,0/1/CPU0,5,16,0

2020-02-06 13:22:10.230000+00:00,dr03,sg15,Interface TX,16384,0,1,In use,obt-collector1,4,0/1/CPU0,4,16,0

2020-02-06 13:22:10.230000+00:00,dr03,sg15,Interface TX,16384,0,1,In use,obt-collector1,4,0/1/CPU0,0,16,0

2020-02-06 13:22:10.230000+00:00,dr03,sg15,Interface TX,16384,0,1,In use,obt-collector1,4,0/1/CPU0,2,16,0

2020-02-06 13:22:10.230000+00:00,dr03,sg15,Interface TX,16384,0,1,In use,obt-collector1,4,0/1/CPU0,1,16,0

2020-02-06 13:22:10.231000+00:00,dr03,sg15,Interface TX,16384,0,1,In use,obt-collector1,4,0/0/CPU0,4,16,0

2020-02-06 13:22:10.231000+00:00,dr03,sg15,Interface TX,16384,0,1,In use,obt-collector1,4,0/0/CPU0,0,16,0

2020-02-06 13:22:10.231000+00:00,dr03,sg15,Interface TX,16384,0,1,In use,obt-collector1,4,0/0/CPU0,2,16,0

2020-02-06 13:22:10.231000+00:00,dr03,sg15,Interface TX,16384,0,1,In use,obt-collector1,4,0/0/CPU0,1,16,0

2020-02-06 13:22:10.231000+00:00,dr03,sg15,Interface TX,16384,0,1,In use,obt-collector1,4,0/0/CPU0,3,16,0

2020-02-06 13:22:10.231000+00:00,dr03,sg15,Interface TX,16384,0,1,In use,obt-collector1,4,0/0/CPU0,5,16,0

2020-02-06 13:22:31.179000+00:00,dr03,sg15,Interface TX,16384,0,1,In use,obt-collector1,4,0/1/CPU0,1,16,0

2020-02-06 13:22:31.179000+00:00,dr03,sg15,Interface TX,16384,0,1,In use,obt-collector1,4,0/1/CPU0,4,16,0

2020-02-06 13:22:31.179000+00:00,dr03,sg15,Interface TX,16384,0,1,In use,obt-collector1,4,0/1/CPU0,2,16,0

2020-02-06 13:22:31.179000+00:00,dr03,sg15,Interface TX,16384,0,1,In use,obt-collector1,4,0/1/CPU0,5,16,0

2020-02-06 13:22:31.179000+00:00,dr03,sg15,Interface TX,16384,0,1,In use,obt-collector1,4,0/1/CPU0,3,16,0

2020-02-06 13:22:31.179000+00:00,dr03,sg15,Interface TX,16384,0,1,In use,obt-collector1,4,0/1/CPU0,0,16,0

2020-02-06 13:22:31.180000+00:00,dr03,sg15,Interface TX,16384,0,1,In use,obt-collector1,4,0/0/CPU0,5,16,0

2020-02-06 13:22:31.180000+00:00,dr03,sg15,Interface TX,16384,0,1,In use,obt-collector1,4,0/0/CPU0,0,16,0

2020-02-06 13:22:31.180000+00:00,dr03,sg15,Interface TX,16384,0,1,In use,obt-collector1,4,0/0/CPU0,3,16,0

2020-02-06 13:22:31.180000+00:00,dr03,sg15,Interface TX,16384,0,1,In use,obt-collector1,4,0/0/CPU0,4,16,0

2020-02-06 13:22:31.180000+00:00,dr03,sg15,Interface TX,16384,0,1,In use,obt-collector1,4,0/0/CPU0,1,16,0

2020-02-06 13:22:31.180000+00:00,dr03,sg15,Interface TX,16384,0,1,In use,obt-collector1,4,0/0/CPU0,2,16,0

2020-02-06 13:22:52.076000+00:00,dr03,sg15,Interface TX,16384,0,1,In use,obt-collector1,4,0/1/CPU0,0,16,0

2020-02-06 13:22:52.076000+00:00,dr03,sg15,Interface TX,16384,0,1,In use,obt-collector1,4,0/1/CPU0,2,16,0

2020-02-06 13:22:52.076000+00:00,dr03,sg15,Interface TX,16384,0,1,In use,obt-collector1,4,0/1/CPU0,3,16,0

2020-02-06 13:22:52.076000+00:00,dr03,sg15,Interface TX,16384,0,1,In use,obt-collector1,4,0/1/CPU0,4,16,0

2020-02-06 13:22:52.076000+00:00,dr03,sg15,Interface TX,16384,0,1,In use,obt-collector1,4,0/1/CPU0,1,16,0

2020-02-06 13:22:52.076000+00:00,dr03,sg15,Interface TX,16384,0,1,In use,obt-collector1,4,0/1/CPU0,5,16,0

2020-02-06 13:22:52.077000+00:00,dr03,sg15,Interface TX,16384,0,1,In use,obt-collector1,4,0/0/CPU0,2,16,0

2020-02-06 13:22:52.077000+00:00,dr03,sg15,Interface TX,16384,0,1,In use,obt-collector1,4,0/0/CPU0,0,16,0

2020-02-06 13:22:52.077000+00:00,dr03,sg15,Interface TX,16384,0,1,In use,obt-collector1,4,0/0/CPU0,1,16,0

2020-02-06 13:22:52.077000+00:00,dr03,sg15,Interface TX,16384,0,1,In use,obt-collector1,4,0/0/CPU0,5,16,0

2020-02-06 13:22:52.077000+00:00,dr03,sg15,Interface TX,16384,0,1,In use,obt-collector1,4,0/0/CPU0,4,16,0

2020-02-06 13:22:52.077000+00:00,dr03,sg15,Interface TX,16384,0,1,In use,obt-collector1,4,0/0/CPU0,3,16,0

2020-02-06 13:23:13.580000+00:00,dr03,sg15,Interface TX,16384,0,1,In use,obt-collector1,4,0/1/CPU0,5,16,0

2020-02-06 13:23:13.580000+00:00,dr03,sg15,Interface TX,16384,0,1,In use,obt-collector1,4,0/1/CPU0,3,16,0

2020-02-06 13:23:13.580000+00:00,dr03,sg15,Interface TX,16384,0,1,In use,obt-collector1,4,0/1/CPU0,1,16,0

2020-02-06 13:23:13.580000+00:00,dr03,sg15,Interface TX,16384,0,1,In use,obt-collector1,4,0/1/CPU0,2,16,0

2020-02-06 13:23:13.580000+00:00,dr03,sg15,Interface TX,16384,0,1,In use,obt-collector1,4,0/1/CPU0,0,16,0

2020-02-06 13:23:13.580000+00:00,dr03,sg15,Interface TX,16384,0,1,In use,obt-collector1,4,0/1/CPU0,4,16,0

2020-02-06 13:23:13.581000+00:00,dr03,sg15,Interface TX,16384,0,1,In use,obt-collector1,4,0/0/CPU0,3,16,0

2020-02-06 13:23:13.581000+00:00,dr03,sg15,Interface TX,16384,0,1,In use,obt-collector1,4,0/0/CPU0,0,16,0

2020-02-06 13:23:13.581000+00:00,dr03,sg15,Interface TX,16384,0,1,In use,obt-collector1,4,0/0/CPU0,4,16,0

2020-02-06 13:23:13.581000+00:00,dr03,sg15,Interface TX,16384,0,1,In use,obt-collector1,4,0/0/CPU0,2,16,0

2020-02-06 13:23:13.581000+00:00,dr03,sg15,Interface TX,16384,0,1,In use,obt-collector1,4,0/0/CPU0,5,16,0

2020-02-06 13:23:13.581000+00:00,dr03,sg15,Interface TX,16384,0,1,In use,obt-collector1,4,0/0/CPU0,1,16,0

2020-02-06 13:23:34.369000+00:00,dr03,sg15,Interface TX,16384,0,1,In use,obt-collector1,4,0/1/CPU0,4,16,0

2020-02-06 13:23:34.369000+00:00,dr03,sg15,Interface TX,16384,0,1,In use,obt-collector1,4,0/1/CPU0,1,16,0

2020-02-06 13:23:34.369000+00:00,dr03,sg15,Interface TX,16384,0,1,In use,obt-collector1,4,0/1/CPU0,0,16,0

2020-02-06 13:23:34.369000+00:00,dr03,sg15,Interface TX,16384,0,1,In use,obt-collector1,4,0/1/CPU0,3,16,0

2020-02-06 13:23:34.369000+00:00,dr03,sg15,Interface TX,16384,0,1,In use,obt-collector1,4,0/1/CPU0,5,16,0

2020-02-06 13:23:34.369000+00:00,dr03,sg15,Interface TX,16384,0,1,In use,obt-collector1,4,0/1/CPU0,2,16,0

2020-02-06 13:23:34.370000+00:00,dr03,sg15,Interface TX,16384,0,1,In use,obt-collector1,4,0/0/CPU0,1,16,0

2020-02-06 13:23:34.370000+00:00,dr03,sg15,Interface TX,16384,0,1,In use,obt-collector1,4,0/0/CPU0,0,16,0

2020-02-06 13:23:34.370000+00:00,dr03,sg15,Interface TX,16384,0,1,In use,obt-collector1,4,0/0/CPU0,5,16,0

2020-02-06 13:23:34.370000+00:00,dr03,sg15,Interface TX,16384,0,1,In use,obt-collector1,4,0/0/CPU0,3,16,0

2020-02-06 13:23:34.370000+00:00,dr03,sg15,Interface TX,16384,0,1,In use,obt-collector1,4,0/0/CPU0,2,16,0

2020-02-06 13:23:34.370000+00:00,dr03,sg15,Interface TX,16384,0,1,In use,obt-collector1,4,0/0/CPU0,4,16,0

2020-02-06 13:23:55.834000+00:00,dr03,sg15,Interface TX,16384,0,1,In use,obt-collector1,4,0/1/CPU0,0,16,0

2020-02-06 13:23:55.834000+00:00,dr03,sg15,Interface TX,16384,0,1,In use,obt-collector1,4,0/1/CPU0,1,16,0

2020-02-06 13:23:55.835000+00:00,dr03,sg15,Interface TX,16384,0,1,In use,obt-collector1,4,0/0/CPU0,4,16,0

2020-02-06 13:23:55.835000+00:00,dr03,sg15,Interface TX,16384,0,1,In use,obt-collector1,4,0/0/CPU0,0,16,0

2020-02-06 13:23:55.835000+00:00,dr03,sg15,Interface TX,16384,0,1,In use,obt-collector1,4,0/1/CPU0,2,16,0

2020-02-06 13:23:55.835000+00:00,dr03,sg15,Interface TX,16384,0,1,In use,obt-collector1,4,0/1/CPU0,5,16,0

2020-02-06 13:23:55.835000+00:00,dr03,sg15,Interface TX,16384,0,1,In use,obt-collector1,4,0/0/CPU0,2,16,0

2020-02-06 13:23:55.835000+00:00,dr03,sg15,Interface TX,16384,0,1,In use,obt-collector1,4,0/0/CPU0,1,16,0

2020-02-06 13:23:55.835000+00:00,dr03,sg15,Interface TX,16384,0,1,In use,obt-collector1,4,0/1/CPU0,4,16,0

2020-02-06 13:23:55.835000+00:00,dr03,sg15,Interface TX,16384,0,1,In use,obt-collector1,4,0/0/CPU0,3,16,0

2020-02-06 13:23:55.835000+00:00,dr03,sg15,Interface TX,16384,0,1,In use,obt-collector1,4,0/1/CPU0,3,16,0

2020-02-06 13:23:55.835000+00:00,dr03,sg15,Interface TX,16384,0,1,In use,obt-collector1,4,0/0/CPU0,5,16,0

2020-02-06 13:24:16.946000+00:00,dr03,sg15,Interface TX,16384,0,1,In use,obt-collector1,4,0/1/CPU0,3,16,0

2020-02-06 13:24:16.946000+00:00,dr03,sg15,Interface TX,16384,0,1,In use,obt-collector1,4,0/0/CPU0,5,16,0

2020-02-06 13:24:16.946000+00:00,dr03,sg15,Interface TX,16384,0,1,In use,obt-collector1,4,0/0/CPU0,2,16,0

2020-02-06 13:24:16.946000+00:00,dr03,sg15,Interface TX,16384,0,1,In use,obt-collector1,4,0/0/CPU0,4,16,0

2020-02-06 13:24:16.946000+00:00,dr03,sg15,Interface TX,16384,0,1,In use,obt-collector1,4,0/1/CPU0,0,16,0

2020-02-06 13:24:16.946000+00:00,dr03,sg15,Interface TX,16384,0,1,In use,obt-collector1,4,0/1/CPU0,1,16,0

2020-02-06 13:24:16.946000+00:00,dr03,sg15,Interface TX,16384,0,1,In use,obt-collector1,4,0/1/CPU0,5,16,0

2020-02-06 13:24:16.946000+00:00,dr03,sg15,Interface TX,16384,0,1,In use,obt-collector1,4,0/0/CPU0,0,16,0

2020-02-06 13:24:16.946000+00:00,dr03,sg15,Interface TX,16384,0,1,In use,obt-collector1,4,0/1/CPU0,2,16,0

2020-02-06 13:24:16.946000+00:00,dr03,sg15,Interface TX,16384,0,1,In use,obt-collector1,4,0/0/CPU0,3,16,0

2020-02-06 13:24:16.946000+00:00,dr03,sg15,Interface TX,16384,0,1,In use,obt-collector1,4,0/0/CPU0,1,16,0

2020-02-06 13:24:16.946000+00:00,dr03,sg15,Interface TX,16384,0,1,In use,obt-collector1,4,0/1/CPU0,4,16,0

2020-02-06 13:24:38.126000+00:00,dr03,sg15,Interface TX,16384,0,1,In use,obt-collector1,4,0/1/CPU0,5,16,0

2020-02-06 13:24:38.126000+00:00,dr03,sg15,Interface TX,16384,0,1,In use,obt-collector1,4,0/1/CPU0,3,16,0

2020-02-06 13:24:38.126000+00:00,dr03,sg15,Interface TX,16384,0,1,In use,obt-collector1,4,0/1/CPU0,1,16,0

2020-02-06 13:24:38.126000+00:00,dr03,sg15,Interface TX,16384,0,1,In use,obt-collector1,4,0/1/CPU0,0,16,0

2020-02-06 13:24:38.126000+00:00,dr03,sg15,Interface TX,16384,0,1,In use,obt-collector1,4,0/1/CPU0,2,16,0

2020-02-06 13:24:38.126000+00:00,dr03,sg15,Interface TX,16384,0,1,In use,obt-collector1,4,0/1/CPU0,4,16,0

2020-02-06 13:24:38.127000+00:00,dr03,sg15,Interface TX,16384,0,1,In use,obt-collector1,4,0/0/CPU0,1,16,0

2020-02-06 13:24:38.127000+00:00,dr03,sg15,Interface TX,16384,0,1,In use,obt-collector1,4,0/0/CPU0,2,16,0

2020-02-06 13:24:38.127000+00:00,dr03,sg15,Interface TX,16384,0,1,In use,obt-collector1,4,0/0/CPU0,5,16,0

2020-02-06 13:24:38.127000+00:00,dr03,sg15,Interface TX,16384,0,1,In use,obt-collector1,4,0/0/CPU0,4,16,0

2020-02-06 13:24:38.127000+00:00,dr03,sg15,Interface TX,16384,0,1,In use,obt-collector1,4,0/0/CPU0,3,16,0

2020-02-06 13:24:38.127000+00:00,dr03,sg15,Interface TX,16384,0,1,In use,obt-collector1,4,0/0/CPU0,0,16,0

2020-02-06 13:24:59.209000+00:00,dr03,sg15,Interface TX,16384,0,1,In use,obt-collector1,4,0/0/CPU0,3,16,0

2020-02-06 13:24:59.209000+00:00,dr03,sg15,Interface TX,16384,0,1,In use,obt-collector1,4,0/0/CPU0,0,16,0

2020-02-06 13:24:59.209000+00:00,dr03,sg15,Interface TX,16384,0,1,In use,obt-collector1,4,0/0/CPU0,5,16,0

2020-02-06 13:24:59.209000+00:00,dr03,sg15,Interface TX,16384,0,1,In use,obt-collector1,4,0/1/CPU0,4,16,0

2020-02-06 13:24:59.209000+00:00,dr03,sg15,Interface TX,16384,0,1,In use,obt-collector1,4,0/1/CPU0,3,16,0

2020-02-06 13:24:59.209000+00:00,dr03,sg15,Interface TX,16384,0,1,In use,obt-collector1,4,0/1/CPU0,2,16,0

2020-02-06 13:24:59.209000+00:00,dr03,sg15,Interface TX,16384,0,1,In use,obt-collector1,4,0/0/CPU0,2,16,0

2020-02-06 13:24:59.209000+00:00,dr03,sg15,Interface TX,16384,0,1,In use,obt-collector1,4,0/1/CPU0,5,16,0

2020-02-06 13:24:59.209000+00:00,dr03,sg15,Interface TX,16384,0,1,In use,obt-collector1,4,0/0/CPU0,1,16,0

2020-02-06 13:24:59.209000+00:00,dr03,sg15,Interface TX,16384,0,1,In use,obt-collector1,4,0/0/CPU0,4,16,0

2020-02-06 13:24:59.209000+00:00,dr03,sg15,Interface TX,16384,0,1,In use,obt-collector1,4,0/1/CPU0,1,16,0

2020-02-06 13:24:59.209000+00:00,dr03,sg15,Interface TX,16384,0,1,In use,obt-collector1,4,0/1/CPU0,0,16,0

2020-02-06 13:25:20.364000+00:00,dr03,sg15,Interface TX,16384,0,1,In use,obt-collector1,4,0/0/CPU0,2,16,0

2020-02-06 13:25:20.364000+00:00,dr03,sg15,Interface TX,16384,0,1,In use,obt-collector1,4,0/0/CPU0,0,16,0

2020-02-06 13:25:20.364000+00:00,dr03,sg15,Interface TX,16384,0,1,In use,obt-collector1,4,0/0/CPU0,1,16,0

2020-02-06 13:25:20.365000+00:00,dr03,sg15,Interface TX,16384,0,1,In use,obt-collector1,4,0/1/CPU0,0,16,0

2020-02-06 13:25:20.365000+00:00,dr03,sg15,Interface TX,16384,0,1,In use,obt-collector1,4,0/1/CPU0,1,16,0

2020-02-06 13:25:20.365000+00:00,dr03,sg15,Interface TX,16384,0,1,In use,obt-collector1,4,0/0/CPU0,3,16,0

2020-02-06 13:25:20.365000+00:00,dr03,sg15,Interface TX,16384,0,1,In use,obt-collector1,4,0/0/CPU0,5,16,0

2020-02-06 13:25:20.365000+00:00,dr03,sg15,Interface TX,16384,0,1,In use,obt-collector1,4,0/1/CPU0,2,16,0

2020-02-06 13:25:20.365000+00:00,dr03,sg15,Interface TX,16384,0,1,In use,obt-collector1,4,0/1/CPU0,4,16,0

2020-02-06 13:25:20.365000+00:00,dr03,sg15,Interface TX,16384,0,1,In use,obt-collector1,4,0/1/CPU0,3,16,0

2020-02-06 13:25:20.365000+00:00,dr03,sg15,Interface TX,16384,0,1,In use,obt-collector1,4,0/0/CPU0,4,16,0

2020-02-06 13:25:20.365000+00:00,dr03,sg15,Interface TX,16384,0,1,In use,obt-collector1,4,0/1/CPU0,5,16,0

2020-02-06 13:25:41.329000+00:00,dr03,sg15,Interface TX,16384,0,1,In use,obt-collector1,4,0/1/CPU0,1,16,0

2020-02-06 13:25:41.329000+00:00,dr03,sg15,Interface TX,16384,0,1,In use,obt-collector1,4,0/1/CPU0,0,16,0

2020-02-06 13:25:41.330000+00:00,dr03,sg15,Interface TX,16384,0,1,In use,obt-collector1,4,0/0/CPU0,4,16,0

2020-02-06 13:25:41.330000+00:00,dr03,sg15,Interface TX,16384,0,1,In use,obt-collector1,4,0/0/CPU0,2,16,0

2020-02-06 13:25:41.330000+00:00,dr03,sg15,Interface TX,16384,0,1,In use,obt-collector1,4,0/0/CPU0,0,16,0

2020-02-06 13:25:41.330000+00:00,dr03,sg15,Interface TX,16384,0,1,In use,obt-collector1,4,0/0/CPU0,1,16,0

2020-02-06 13:25:41.330000+00:00,dr03,sg15,Interface TX,16384,0,1,In use,obt-collector1,4,0/1/CPU0,2,16,0

2020-02-06 13:25:41.330000+00:00,dr03,sg15,Interface TX,16384,0,1,In use,obt-collector1,4,0/0/CPU0,5,16,0

2020-02-06 13:25:41.330000+00:00,dr03,sg15,Interface TX,16384,0,1,In use,obt-collector1,4,0/0/CPU0,3,16,0

2020-02-06 13:25:41.330000+00:00,dr03,sg15,Interface TX,16384,0,1,In use,obt-collector1,4,0/1/CPU0,5,16,0

2020-02-06 13:25:41.330000+00:00,dr03,sg15,Interface TX,16384,0,1,In use,obt-collector1,4,0/1/CPU0,3,16,0

2020-02-06 13:25:41.330000+00:00,dr03,sg15,Interface TX,16384,0,1,In use,obt-collector1,4,0/1/CPU0,4,16,0

2020-02-06 13:26:02.515000+00:00,dr03,sg15,Interface TX,16384,0,1,In use,obt-collector1,4,0/1/CPU0,3,16,0

2020-02-06 13:26:02.515000+00:00,dr03,sg15,Interface TX,16384,0,1,In use,obt-collector1,4,0/1/CPU0,4,16,0

2020-02-06 13:26:02.515000+00:00,dr03,sg15,Interface TX,16384,0,1,In use,obt-collector1,4,0/1/CPU0,2,16,0

2020-02-06 13:26:02.515000+00:00,dr03,sg15,Interface TX,16384,0,1,In use,obt-collector1,4,0/0/CPU0,4,16,0

2020-02-06 13:26:02.515000+00:00,dr03,sg15,Interface TX,16384,0,1,In use,obt-collector1,4,0/1/CPU0,1,16,0

2020-02-06 13:26:02.515000+00:00,dr03,sg15,Interface TX,16384,0,1,In use,obt-collector1,4,0/1/CPU0,0,16,0

2020-02-06 13:26:02.515000+00:00,dr03,sg15,Interface TX,16384,0,1,In use,obt-collector1,4,0/0/CPU0,1,16,0

2020-02-06 13:26:02.515000+00:00,dr03,sg15,Interface TX,16384,0,1,In use,obt-collector1,4,0/0/CPU0,2,16,0

2020-02-06 13:26:02.515000+00:00,dr03,sg15,Interface TX,16384,0,1,In use,obt-collector1,4,0/0/CPU0,0,16,0

2020-02-06 13:26:02.515000+00:00,dr03,sg15,Interface TX,16384,0,1,In use,obt-collector1,4,0/1/CPU0,5,16,0

2020-02-06 13:26:02.515000+00:00,dr03,sg15,Interface TX,16384,0,1,In use,obt-collector1,4,0/0/CPU0,5,16,0

2020-02-06 13:26:02.515000+00:00,dr03,sg15,Interface TX,16384,0,1,In use,obt-collector1,4,0/0/CPU0,3,16,0

2020-02-06 13:26:23.869000+00:00,dr03,sg15,Interface TX,16384,0,1,In use,obt-collector1,4,0/1/CPU0,0,16,0

2020-02-06 13:26:23.869000+00:00,dr03,sg15,Interface TX,16384,0,1,In use,obt-collector1,4,0/1/CPU0,1,16,0

2020-02-06 13:26:23.870000+00:00,dr03,sg15,Interface TX,16384,0,1,In use,obt-collector1,4,0/0/CPU0,3,16,0

2020-02-06 13:26:23.870000+00:00,dr03,sg15,Interface TX,16384,0,1,In use,obt-collector1,4,0/1/CPU0,2,16,0

2020-02-06 13:26:23.870000+00:00,dr03,sg15,Interface TX,16384,0,1,In use,obt-collector1,4,0/1/CPU0,3,16,0

2020-02-06 13:26:23.870000+00:00,dr03,sg15,Interface TX,16384,0,1,In use,obt-collector1,4,0/1/CPU0,4,16,0

2020-02-06 13:26:23.870000+00:00,dr03,sg15,Interface TX,16384,0,1,In use,obt-collector1,4,0/0/CPU0,5,16,0

2020-02-06 13:26:23.870000+00:00,dr03,sg15,Interface TX,16384,0,1,In use,obt-collector1,4,0/0/CPU0,4,16,0

2020-02-06 13:26:23.870000+00:00,dr03,sg15,Interface TX,16384,0,1,In use,obt-collector1,4,0/0/CPU0,1,16,0

2020-02-06 13:26:23.870000+00:00,dr03,sg15,Interface TX,16384,0,1,In use,obt-collector1,4,0/1/CPU0,5,16,0

2020-02-06 13:26:23.870000+00:00,dr03,sg15,Interface TX,16384,0,1,In use,obt-collector1,4,0/0/CPU0,2,16,0

2020-02-06 13:26:23.870000+00:00,dr03,sg15,Interface TX,16384,0,1,In use,obt-collector1,4,0/0/CPU0,0,16,0

2020-02-06 13:26:44.922000+00:00,dr03,sg15,Interface TX,16384,0,1,In use,obt-collector1,4,0/0/CPU0,2,16,0

2020-02-06 13:26:44.922000+00:00,dr03,sg15,Interface TX,16384,0,1,In use,obt-collector1,4,0/0/CPU0,0,16,0

2020-02-06 13:26:44.922000+00:00,dr03,sg15,Interface TX,16384,0,1,In use,obt-collector1,4,0/0/CPU0,5,16,0

2020-02-06 13:26:44.922000+00:00,dr03,sg15,Interface TX,16384,0,1,In use,obt-collector1,4,0/0/CPU0,3,16,0

2020-02-06 13:26:44.922000+00:00,dr03,sg15,Interface TX,16384,0,1,In use,obt-collector1,4,0/1/CPU0,0,16,0

2020-02-06 13:26:44.922000+00:00,dr03,sg15,Interface TX,16384,0,1,In use,obt-collector1,4,0/1/CPU0,1,16,0

2020-02-06 13:26:44.922000+00:00,dr03,sg15,Interface TX,16384,0,1,In use,obt-collector1,4,0/1/CPU0,4,16,0

2020-02-06 13:26:44.922000+00:00,dr03,sg15,Interface TX,16384,0,1,In use,obt-collector1,4,0/1/CPU0,2,16,0

2020-02-06 13:26:44.922000+00:00,dr03,sg15,Interface TX,16384,0,1,In use,obt-collector1,4,0/1/CPU0,3,16,0

2020-02-06 13:26:44.922000+00:00,dr03,sg15,Interface TX,16384,0,1,In use,obt-collector1,4,0/1/CPU0,5,16,0

2020-02-06 13:26:44.922000+00:00,dr03,sg15,Interface TX,16384,0,1,In use,obt-collector1,4,0/0/CPU0,4,16,0

2020-02-06 13:26:44.922000+00:00,dr03,sg15,Interface TX,16384,0,1,In use,obt-collector1,4,0/0/CPU0,1,16,0

2020-02-06 13:27:05.887000+00:00,dr03,sg15,Interface TX,16384,0,1,In use,obt-collector1,4,0/0/CPU0,4,16,0

2020-02-06 13:27:05.887000+00:00,dr03,sg15,Interface TX,16384,0,1,In use,obt-collector1,4,0/0/CPU0,1,16,0

2020-02-06 13:27:05.887000+00:00,dr03,sg15,Interface TX,16384,0,1,In use,obt-collector1,4,0/1/CPU0,4,16,0

2020-02-06 13:27:05.887000+00:00,dr03,sg15,Interface TX,16384,0,1,In use,obt-collector1,4,0/0/CPU0,5,16,0

2020-02-06 13:27:05.887000+00:00,dr03,sg15,Interface TX,16384,0,1,In use,obt-collector1,4,0/0/CPU0,2,16,0

2020-02-06 13:27:05.887000+00:00,dr03,sg15,Interface TX,16384,0,1,In use,obt-collector1,4,0/0/CPU0,0,16,0

2020-02-06 13:27:05.887000+00:00,dr03,sg15,Interface TX,16384,0,1,In use,obt-collector1,4,0/1/CPU0,1,16,0

2020-02-06 13:27:05.887000+00:00,dr03,sg15,Interface TX,16384,0,1,In use,obt-collector1,4,0/0/CPU0,3,16,0

2020-02-06 13:27:05.887000+00:00,dr03,sg15,Interface TX,16384,0,1,In use,obt-collector1,4,0/1/CPU0,0,16,0

2020-02-06 13:27:05.887000+00:00,dr03,sg15,Interface TX,16384,0,1,In use,obt-collector1,4,0/1/CPU0,5,16,0

2020-02-06 13:27:05.887000+00:00,dr03,sg15,Interface TX,16384,0,1,In use,obt-collector1,4,0/1/CPU0,2,16,0

2020-02-06 13:27:05.887000+00:00,dr03,sg15,Interface TX,16384,0,1,In use,obt-collector1,4,0/1/CPU0,3,16,0

2020-02-06 13:27:27.252000+00:00,dr03,sg15,Interface TX,16384,0,1,In use,obt-collector1,4,0/1/CPU0,2,16,0

2020-02-06 13:27:27.252000+00:00,dr03,sg15,Interface TX,16384,0,1,In use,obt-collector1,4,0/1/CPU0,3,16,0

2020-02-06 13:27:27.252000+00:00,dr03,sg15,Interface TX,16384,0,1,In use,obt-collector1,4,0/1/CPU0,1,16,0

2020-02-06 13:27:27.252000+00:00,dr03,sg15,Interface TX,16384,0,1,In use,obt-collector1,4,0/1/CPU0,4,16,0

2020-02-06 13:27:27.252000+00:00,dr03,sg15,Interface TX,16384,0,1,In use,obt-collector1,4,0/0/CPU0,4,16,0

2020-02-06 13:27:27.252000+00:00,dr03,sg15,Interface TX,16384,0,1,In use,obt-collector1,4,0/0/CPU0,1,16,0

2020-02-06 13:27:27.252000+00:00,dr03,sg15,Interface TX,16384,0,1,In use,obt-collector1,4,0/0/CPU0,0,16,0

2020-02-06 13:27:27.252000+00:00,dr03,sg15,Interface TX,16384,0,1,In use,obt-collector1,4,0/0/CPU0,5,16,0

2020-02-06 13:27:27.252000+00:00,dr03,sg15,Interface TX,16384,0,1,In use,obt-collector1,4,0/0/CPU0,2,16,0

2020-02-06 13:27:27.252000+00:00,dr03,sg15,Interface TX,16384,0,1,In use,obt-collector1,4,0/1/CPU0,5,16,0

2020-02-06 13:27:27.252000+00:00,dr03,sg15,Interface TX,16384,0,1,In use,obt-collector1,4,0/0/CPU0,3,16,0

2020-02-06 13:27:27.252000+00:00,dr03,sg15,Interface TX,16384,0,1,In use,obt-collector1,4,0/1/CPU0,0,16,0

2020-02-06 13:27:48.311000+00:00,dr03,sg15,Interface TX,16384,0,1,In use,obt-collector1,4,0/0/CPU0,0,16,0

2020-02-06 13:27:48.311000+00:00,dr03,sg15,Interface TX,16384,0,1,In use,obt-collector1,4,0/1/CPU0,0,16,0

2020-02-06 13:27:48.311000+00:00,dr03,sg15,Interface TX,16384,0,1,In use,obt-collector1,4,0/1/CPU0,1,16,0

2020-02-06 13:27:48.311000+00:00,dr03,sg15,Interface TX,16384,0,1,In use,obt-collector1,4,0/1/CPU0,2,16,0

2020-02-06 13:27:48.311000+00:00,dr03,sg15,Interface TX,16384,0,1,In use,obt-collector1,4,0/1/CPU0,3,16,0

2020-02-06 13:27:48.311000+00:00,dr03,sg15,Interface TX,16384,0,1,In use,obt-collector1,4,0/0/CPU0,1,16,0

2020-02-06 13:27:48.311000+00:00,dr03,sg15,Interface TX,16384,0,1,In use,obt-collector1,4,0/1/CPU0,4,16,0

2020-02-06 13:27:48.311000+00:00,dr03,sg15,Interface TX,16384,0,1,In use,obt-collector1,4,0/0/CPU0,4,16,0

2020-02-06 13:27:48.311000+00:00,dr03,sg15,Interface TX,16384,0,1,In use,obt-collector1,4,0/0/CPU0,5,16,0

2020-02-06 13:27:48.311000+00:00,dr03,sg15,Interface TX,16384,0,1,In use,obt-collector1,4,0/0/CPU0,3,16,0

2020-02-06 13:27:48.311000+00:00,dr03,sg15,Interface TX,16384,0,1,In use,obt-collector1,4,0/0/CPU0,2,16,0

2020-02-06 13:27:48.312000+00:00,dr03,sg15,Interface TX,16384,0,1,In use,obt-collector1,4,0/1/CPU0,5,16,0

2020-02-06 13:28:09.491000+00:00,dr03,sg15,Interface TX,16384,0,1,In use,obt-collector1,4,0/0/CPU0,2,16,0

2020-02-06 13:28:09.491000+00:00,dr03,sg15,Interface TX,16384,0,1,In use,obt-collector1,4,0/1/CPU0,5,16,0

2020-02-06 13:28:09.491000+00:00,dr03,sg15,Interface TX,16384,0,1,In use,obt-collector1,4,0/0/CPU0,3,16,0

2020-02-06 13:28:09.491000+00:00,dr03,sg15,Interface TX,16384,0,1,In use,obt-collector1,4,0/0/CPU0,1,16,0

2020-02-06 13:28:09.491000+00:00,dr03,sg15,Interface TX,16384,0,1,In use,obt-collector1,4,0/1/CPU0,0,16,0

2020-02-06 13:28:09.491000+00:00,dr03,sg15,Interface TX,16384,0,1,In use,obt-collector1,4,0/0/CPU0,0,16,0

2020-02-06 13:28:09.491000+00:00,dr03,sg15,Interface TX,16384,0,1,In use,obt-collector1,4,0/1/CPU0,3,16,0

2020-02-06 13:28:09.491000+00:00,dr03,sg15,Interface TX,16384,0,1,In use,obt-collector1,4,0/1/CPU0,1,16,0

2020-02-06 13:28:09.491000+00:00,dr03,sg15,Interface TX,16384,0,1,In use,obt-collector1,4,0/1/CPU0,2,16,0

2020-02-06 13:28:09.491000+00:00,dr03,sg15,Interface TX,16384,0,1,In use,obt-collector1,4,0/0/CPU0,5,16,0

2020-02-06 13:28:09.491000+00:00,dr03,sg15,Interface TX,16384,0,1,In use,obt-collector1,4,0/1/CPU0,4,16,0

2020-02-06 13:28:09.491000+00:00,dr03,sg15,Interface TX,16384,0,1,In use,obt-collector1,4,0/0/CPU0,4,16,0

2020-02-06 13:28:30.791000+00:00,dr03,sg15,Interface TX,16384,0,1,In use,obt-collector1,4,0/1/CPU0,3,16,0

2020-02-06 13:28:30.791000+00:00,dr03,sg15,Interface TX,16384,0,1,In use,obt-collector1,4,0/1/CPU0,5,16,0

2020-02-06 13:28:30.791000+00:00,dr03,sg15,Interface TX,16384,0,1,In use,obt-collector1,4,0/0/CPU0,0,16,0

2020-02-06 13:28:30.791000+00:00,dr03,sg15,Interface TX,16384,0,1,In use,obt-collector1,4,0/0/CPU0,1,16,0

2020-02-06 13:28:30.791000+00:00,dr03,sg15,Interface TX,16384,0,1,In use,obt-collector1,4,0/1/CPU0,0,16,0

2020-02-06 13:28:30.791000+00:00,dr03,sg15,Interface TX,16384,0,1,In use,obt-collector1,4,0/1/CPU0,1,16,0

2020-02-06 13:28:30.791000+00:00,dr03,sg15,Interface TX,16384,0,1,In use,obt-collector1,4,0/1/CPU0,4,16,0

2020-02-06 13:28:30.791000+00:00,dr03,sg15,Interface TX,16384,0,1,In use,obt-collector1,4,0/1/CPU0,2,16,0

2020-02-06 13:28:30.792000+00:00,dr03,sg15,Interface TX,16384,0,1,In use,obt-collector1,4,0/0/CPU0,5,16,0

2020-02-06 13:28:30.792000+00:00,dr03,sg15,Interface TX,16384,0,1,In use,obt-collector1,4,0/0/CPU0,2,16,0

2020-02-06 13:28:30.792000+00:00,dr03,sg15,Interface TX,16384,0,1,In use,obt-collector1,4,0/0/CPU0,3,16,0

2020-02-06 13:28:30.792000+00:00,dr03,sg15,Interface TX,16384,0,1,In use,obt-collector1,4,0/0/CPU0,4,16,0

2020-02-06 13:28:51.744000+00:00,dr03,sg15,Interface TX,16384,0,1,In use,obt-collector1,4,0/0/CPU0,3,16,0

2020-02-06 13:28:51.744000+00:00,dr03,sg15,Interface TX,16384,0,1,In use,obt-collector1,4,0/0/CPU0,4,16,0

2020-02-06 13:28:51.744000+00:00,dr03,sg15,Interface TX,16384,0,1,In use,obt-collector1,4,0/0/CPU0,2,16,0

2020-02-06 13:28:51.744000+00:00,dr03,sg15,Interface TX,16384,0,1,In use,obt-collector1,4,0/1/CPU0,2,16,0

2020-02-06 13:28:51.744000+00:00,dr03,sg15,Interface TX,16384,0,1,In use,obt-collector1,4,0/0/CPU0,0,16,0

2020-02-06 13:28:51.744000+00:00,dr03,sg15,Interface TX,16384,0,1,In use,obt-collector1,4,0/1/CPU0,4,16,0

2020-02-06 13:28:51.744000+00:00,dr03,sg15,Interface TX,16384,0,1,In use,obt-collector1,4,0/0/CPU0,5,16,0

2020-02-06 13:28:51.744000+00:00,dr03,sg15,Interface TX,16384,0,1,In use,obt-collector1,4,0/1/CPU0,5,16,0

2020-02-06 13:28:51.744000+00:00,dr03,sg15,Interface TX,16384,0,1,In use,obt-collector1,4,0/1/CPU0,3,16,0

2020-02-06 13:28:51.744000+00:00,dr03,sg15,Interface TX,16384,0,1,In use,obt-collector1,4,0/1/CPU0,1,16,0

2020-02-06 13:28:51.744000+00:00,dr03,sg15,Interface TX,16384,0,1,In use,obt-collector1,4,0/0/CPU0,1,16,0

2020-02-06 13:28:51.744000+00:00,dr03,sg15,Interface TX,16384,0,1,In use,obt-collector1,4,0/1/CPU0,0,16,0

2020-02-06 13:29:12.924000+00:00,dr03,sg15,Interface TX,16384,0,1,In use,obt-collector1,4,0/0/CPU0,1,16,0

2020-02-06 13:29:12.924000+00:00,dr03,sg15,Interface TX,16384,0,1,In use,obt-collector1,4,0/1/CPU0,0,16,0

2020-02-06 13:29:12.924000+00:00,dr03,sg15,Interface TX,16384,0,1,In use,obt-collector1,4,0/0/CPU0,5,16,0

2020-02-06 13:29:12.924000+00:00,dr03,sg15,Interface TX,16384,0,1,In use,obt-collector1,4,0/0/CPU0,2,16,0

2020-02-06 13:29:12.924000+00:00,dr03,sg15,Interface TX,16384,0,1,In use,obt-collector1,4,0/0/CPU0,3,16,0

2020-02-06 13:29:12.924000+00:00,dr03,sg15,Interface TX,16384,0,1,In use,obt-collector1,4,0/0/CPU0,4,16,0

2020-02-06 13:29:12.924000+00:00,dr03,sg15,Interface TX,16384,0,1,In use,obt-collector1,4,0/1/CPU0,4,16,0

2020-02-06 13:29:12.924000+00:00,dr03,sg15,Interface TX,16384,0,1,In use,obt-collector1,4,0/1/CPU0,2,16,0

2020-02-06 13:29:12.924000+00:00,dr03,sg15,Interface TX,16384,0,1,In use,obt-collector1,4,0/0/CPU0,0,16,0

2020-02-06 13:29:12.924000+00:00,dr03,sg15,Interface TX,16384,0,1,In use,obt-collector1,4,0/1/CPU0,1,16,0

2020-02-06 13:29:12.924000+00:00,dr03,sg15,Interface TX,16384,0,1,In use,obt-collector1,4,0/1/CPU0,5,16,0

2020-02-06 13:29:12.924000+00:00,dr03,sg15,Interface TX,16384,0,1,In use,obt-collector1,4,0/1/CPU0,3,16,0

2020-02-06 13:29:34.372000+00:00,dr03,sg15,Interface TX,16384,0,1,In use,obt-collector1,4,0/0/CPU0,5,16,0

2020-02-06 13:29:34.372000+00:00,dr03,sg15,Interface TX,16384,0,1,In use,obt-collector1,4,0/0/CPU0,1,16,0

2020-02-06 13:29:34.372000+00:00,dr03,sg15,Interface TX,16384,0,1,In use,obt-collector1,4,0/0/CPU0,4,16,0

2020-02-06 13:29:34.372000+00:00,dr03,sg15,Interface TX,16384,0,1,In use,obt-collector1,4,0/0/CPU0,2,16,0

2020-02-06 13:29:34.372000+00:00,dr03,sg15,Interface TX,16384,0,1,In use,obt-collector1,4,0/0/CPU0,3,16,0

2020-02-06 13:29:34.372000+00:00,dr03,sg15,Interface TX,16384,0,1,In use,obt-collector1,4,0/0/CPU0,0,16,0

2020-02-06 13:29:34.373000+00:00,dr03,sg15,Interface TX,16384,0,1,In use,obt-collector1,4,0/1/CPU0,5,16,0

2020-02-06 13:29:34.373000+00:00,dr03,sg15,Interface TX,16384,0,1,In use,obt-collector1,4,0/1/CPU0,4,16,0

2020-02-06 13:29:34.373000+00:00,dr03,sg15,Interface TX,16384,0,1,In use,obt-collector1,4,0/1/CPU0,0,16,0

2020-02-06 13:29:34.373000+00:00,dr03,sg15,Interface TX,16384,0,1,In use,obt-collector1,4,0/1/CPU0,3,16,0

2020-02-06 13:29:34.373000+00:00,dr03,sg15,Interface TX,16384,0,1,In use,obt-collector1,4,0/1/CPU0,1,16,0

2020-02-06 13:29:34.373000+00:00,dr03,sg15,Interface TX,16384,0,1,In use,obt-collector1,4,0/1/CPU0,2,16,0

2020-02-06 13:29:55.387000+00:00,dr03,sg15,Interface TX,16384,0,1,In use,obt-collector1,4,0/1/CPU0,1,16,0

2020-02-06 13:29:55.387000+00:00,dr03,sg15,Interface TX,16384,0,1,In use,obt-collector1,4,0/1/CPU0,2,16,0

2020-02-06 13:29:55.387000+00:00,dr03,sg15,Interface TX,16384,0,1,In use,obt-collector1,4,0/0/CPU0,0,16,0

2020-02-06 13:29:55.387000+00:00,dr03,sg15,Interface TX,16384,0,1,In use,obt-collector1,4,0/0/CPU0,4,16,0

2020-02-06 13:29:55.387000+00:00,dr03,sg15,Interface TX,16384,0,1,In use,obt-collector1,4,0/0/CPU0,3,16,0

2020-02-06 13:29:55.387000+00:00,dr03,sg15,Interface TX,16384,0,1,In use,obt-collector1,4,0/0/CPU0,1,16,0

2020-02-06 13:29:55.387000+00:00,dr03,sg15,Interface TX,16384,0,1,In use,obt-collector1,4,0/0/CPU0,5,16,0

2020-02-06 13:29:55.387000+00:00,dr03,sg15,Interface TX,16384,0,1,In use,obt-collector1,4,0/1/CPU0,3,16,0

2020-02-06 13:29:55.387000+00:00,dr03,sg15,Interface TX,16384,0,1,In use,obt-collector1,4,0/0/CPU0,2,16,0

2020-02-06 13:29:55.387000+00:00,dr03,sg15,Interface TX,16384,0,1,In use,obt-collector1,4,0/1/CPU0,0,16,0

2020-02-06 13:29:55.388000+00:00,dr03,sg15,Interface TX,16384,0,1,In use,obt-collector1,4,0/1/CPU0,4,16,0

2020-02-06 13:29:55.388000+00:00,dr03,sg15,Interface TX,16384,0,1,In use,obt-collector1,4,0/1/CPU0,5,16,0

2020-02-06 13:30:16.459000+00:00,dr03,sg15,Interface TX,16384,0,1,In use,obt-collector1,4,0/1/CPU0,4,16,0

2020-02-06 13:30:16.459000+00:00,dr03,sg15,Interface TX,16384,0,1,In use,obt-collector1,4,0/1/CPU0,5,16,0

2020-02-06 13:30:16.459000+00:00,dr03,sg15,Interface TX,16384,0,1,In use,obt-collector1,4,0/1/CPU0,0,16,0

2020-02-06 13:30:16.459000+00:00,dr03,sg15,Interface TX,16384,0,1,In use,obt-collector1,4,0/0/CPU0,3,16,0

2020-02-06 13:30:16.459000+00:00,dr03,sg15,Interface TX,16384,0,1,In use,obt-collector1,4,0/1/CPU0,2,16,0

2020-02-06 13:30:16.459000+00:00,dr03,sg15,Interface TX,16384,0,1,In use,obt-collector1,4,0/1/CPU0,1,16,0

2020-02-06 13:30:16.459000+00:00,dr03,sg15,Interface TX,16384,0,1,In use,obt-collector1,4,0/0/CPU0,2,16,0

2020-02-06 13:30:16.459000+00:00,dr03,sg15,Interface TX,16384,0,1,In use,obt-collector1,4,0/0/CPU0,4,16,0

2020-02-06 13:30:16.459000+00:00,dr03,sg15,Interface TX,16384,0,1,In use,obt-collector1,4,0/0/CPU0,0,16,0

2020-02-06 13:30:16.459000+00:00,dr03,sg15,Interface TX,16384,0,1,In use,obt-collector1,4,0/1/CPU0,3,16,0

2020-02-06 13:30:16.459000+00:00,dr03,sg15,Interface TX,16384,0,1,In use,obt-collector1,4,0/0/CPU0,1,16,0

2020-02-06 13:30:16.459000+00:00,dr03,sg15,Interface TX,16384,0,1,In use,obt-collector1,4,0/0/CPU0,5,16,0

2020-02-06 13:30:37.949000+00:00,dr03,sg15,Interface TX,16384,0,1,In use,obt-collector1,4,0/0/CPU0,2,16,0

2020-02-06 13:30:37.949000+00:00,dr03,sg15,Interface TX,16384,0,1,In use,obt-collector1,4,0/0/CPU0,5,16,0

2020-02-06 13:30:37.949000+00:00,dr03,sg15,Interface TX,16384,0,1,In use,obt-collector1,4,0/0/CPU0,3,16,0

2020-02-06 13:30:37.949000+00:00,dr03,sg15,Interface TX,16384,0,1,In use,obt-collector1,4,0/0/CPU0,4,16,0

2020-02-06 13:30:37.949000+00:00,dr03,sg15,Interface TX,16384,0,1,In use,obt-collector1,4,0/0/CPU0,1,16,0

2020-02-06 13:30:37.949000+00:00,dr03,sg15,Interface TX,16384,0,1,In use,obt-collector1,4,0/0/CPU0,0,16,0

2020-02-06 13:30:37.951000+00:00,dr03,sg15,Interface TX,16384,0,1,In use,obt-collector1,4,0/1/CPU0,0,16,0

2020-02-06 13:30:37.951000+00:00,dr03,sg15,Interface TX,16384,0,1,In use,obt-collector1,4,0/1/CPU0,4,16,0

2020-02-06 13:30:37.951000+00:00,dr03,sg15,Interface TX,16384,0,1,In use,obt-collector1,4,0/1/CPU0,5,16,0

2020-02-06 13:30:37.951000+00:00,dr03,sg15,Interface TX,16384,0,1,In use,obt-collector1,4,0/1/CPU0,3,16,0

2020-02-06 13:30:37.951000+00:00,dr03,sg15,Interface TX,16384,0,1,In use,obt-collector1,4,0/1/CPU0,1,16,0

2020-02-06 13:30:37.951000+00:00,dr03,sg15,Interface TX,16384,0,1,In use,obt-collector1,4,0/1/CPU0,2,16,0

2020-02-06 13:30:58.775000+00:00,dr03,sg15,Interface TX,16384,0,1,In use,obt-collector1,4,0/1/CPU0,1,16,0

2020-02-06 13:30:58.775000+00:00,dr03,sg15,Interface TX,16384,0,1,In use,obt-collector1,4,0/1/CPU0,2,16,0

2020-02-06 13:30:58.775000+00:00,dr03,sg15,Interface TX,16384,0,1,In use,obt-collector1,4,0/1/CPU0,3,16,0

2020-02-06 13:30:58.775000+00:00,dr03,sg15,Interface TX,16384,0,1,In use,obt-collector1,4,0/0/CPU0,0,16,0

2020-02-06 13:30:58.775000+00:00,dr03,sg15,Interface TX,16384,0,1,In use,obt-collector1,4,0/0/CPU0,2,16,0

2020-02-06 13:30:58.775000+00:00,dr03,sg15,Interface TX,16384,0,1,In use,obt-collector1,4,0/0/CPU0,1,16,0

2020-02-06 13:30:58.775000+00:00,dr03,sg15,Interface TX,16384,0,1,In use,obt-collector1,4,0/1/CPU0,5,16,0

2020-02-06 13:30:58.775000+00:00,dr03,sg15,Interface TX,16384,0,1,In use,obt-collector1,4,0/1/CPU0,0,16,0

2020-02-06 13:30:58.775000+00:00,dr03,sg15,Interface TX,16384,0,1,In use,obt-collector1,4,0/1/CPU0,4,16,0

2020-02-06 13:30:58.775000+00:00,dr03,sg15,Interface TX,16384,0,1,In use,obt-collector1,4,0/0/CPU0,4,16,0

2020-02-06 13:30:58.775000+00:00,dr03,sg15,Interface TX,16384,0,1,In use,obt-collector1,4,0/0/CPU0,5,16,0

2020-02-06 13:30:58.775000+00:00,dr03,sg15,Interface TX,16384,0,1,In use,obt-collector1,4,0/0/CPU0,3,16,0

2020-02-06 13:31:19.671000+00:00,dr03,sg15,Interface TX,16384,0,1,In use,obt-collector1,4,0/0/CPU0,5,16,0

2020-02-06 13:31:19.671000+00:00,dr03,sg15,Interface TX,16384,0,1,In use,obt-collector1,4,0/0/CPU0,3,16,0

2020-02-06 13:31:19.671000+00:00,dr03,sg15,Interface TX,16384,0,1,In use,obt-collector1,4,0/1/CPU0,3,16,0

2020-02-06 13:31:19.671000+00:00,dr03,sg15,Interface TX,16384,0,1,In use,obt-collector1,4,0/1/CPU0,1,16,0

2020-02-06 13:31:19.671000+00:00,dr03,sg15,Interface TX,16384,0,1,In use,obt-collector1,4,0/1/CPU0,2,16,0

2020-02-06 13:31:19.671000+00:00,dr03,sg15,Interface TX,16384,0,1,In use,obt-collector1,4,0/0/CPU0,1,16,0

2020-02-06 13:31:19.671000+00:00,dr03,sg15,Interface TX,16384,0,1,In use,obt-collector1,4,0/0/CPU0,0,16,0

2020-02-06 13:31:19.671000+00:00,dr03,sg15,Interface TX,16384,0,1,In use,obt-collector1,4,0/0/CPU0,2,16,0

2020-02-06 13:31:19.671000+00:00,dr03,sg15,Interface TX,16384,0,1,In use,obt-collector1,4,0/0/CPU0,4,16,0

2020-02-06 13:31:19.671000+00:00,dr03,sg15,Interface TX,16384,0,1,In use,obt-collector1,4,0/1/CPU0,0,16,0

2020-02-06 13:31:19.671000+00:00,dr03,sg15,Interface TX,16384,0,1,In use,obt-collector1,4,0/1/CPU0,4,16,0

2020-02-06 13:31:19.672000+00:00,dr03,sg15,Interface TX,16384,0,1,In use,obt-collector1,4,0/1/CPU0,5,16,0

2020-02-06 13:31:41.384000+00:00,dr03,sg15,Interface TX,16384,0,1,In use,obt-collector1,4,0/1/CPU0,4,16,0

2020-02-06 13:31:41.384000+00:00,dr03,sg15,Interface TX,16384,0,1,In use,obt-collector1,4,0/1/CPU0,5,16,0

2020-02-06 13:31:41.384000+00:00,dr03,sg15,Interface TX,16384,0,1,In use,obt-collector1,4,0/1/CPU0,0,16,0

2020-02-06 13:31:41.384000+00:00,dr03,sg15,Interface TX,16384,0,1,In use,obt-collector1,4,0/0/CPU0,1,16,0

2020-02-06 13:31:41.384000+00:00,dr03,sg15,Interface TX,16384,0,1,In use,obt-collector1,4,0/0/CPU0,3,16,0

2020-02-06 13:31:41.384000+00:00,dr03,sg15,Interface TX,16384,0,1,In use,obt-collector1,4,0/0/CPU0,5,16,0

2020-02-06 13:31:41.384000+00:00,dr03,sg15,Interface TX,16384,0,1,In use,obt-collector1,4,0/1/CPU0,2,16,0

2020-02-06 13:31:41.384000+00:00,dr03,sg15,Interface TX,16384,0,1,In use,obt-collector1,4,0/1/CPU0,3,16,0

2020-02-06 13:31:41.384000+00:00,dr03,sg15,Interface TX,16384,0,1,In use,obt-collector1,4,0/1/CPU0,1,16,0

2020-02-06 13:31:41.384000+00:00,dr03,sg15,Interface TX,16384,0,1,In use,obt-collector1,4,0/0/CPU0,4,16,0

2020-02-06 13:31:41.384000+00:00,dr03,sg15,Interface TX,16384,0,1,In use,obt-collector1,4,0/0/CPU0,0,16,0

2020-02-06 13:31:41.384000+00:00,dr03,sg15,Interface TX,16384,0,1,In use,obt-collector1,4,0/0/CPU0,2,16,0

2020-02-06 13:32:02.404000+00:00,dr03,sg15,Interface TX,16384,0,1,In use,obt-collector1,4,0/0/CPU0,0,16,0

2020-02-06 13:32:02.404000+00:00,dr03,sg15,Interface TX,16384,0,1,In use,obt-collector1,4,0/0/CPU0,2,16,0

2020-02-06 13:32:02.404000+00:00,dr03,sg15,Interface TX,16384,0,1,In use,obt-collector1,4,0/1/CPU0,2,16,0

2020-02-06 13:32:02.404000+00:00,dr03,sg15,Interface TX,16384,0,1,In use,obt-collector1,4,0/1/CPU0,0,16,0

2020-02-06 13:32:02.404000+00:00,dr03,sg15,Interface TX,16384,0,1,In use,obt-collector1,4,0/1/CPU0,4,16,0

2020-02-06 13:32:02.404000+00:00,dr03,sg15,Interface TX,16384,0,1,In use,obt-collector1,4,0/1/CPU0,5,16,0

2020-02-06 13:32:02.404000+00:00,dr03,sg15,Interface TX,16384,0,1,In use,obt-collector1,4,0/0/CPU0,5,16,0

2020-02-06 13:32:02.404000+00:00,dr03,sg15,Interface TX,16384,0,1,In use,obt-collector1,4,0/0/CPU0,1,16,0

2020-02-06 13:32:02.404000+00:00,dr03,sg15,Interface TX,16384,0,1,In use,obt-collector1,4,0/0/CPU0,3,16,0

2020-02-06 13:32:02.404000+00:00,dr03,sg15,Interface TX,16384,0,1,In use,obt-collector1,4,0/0/CPU0,4,16,0

2020-02-06 13:32:02.404000+00:00,dr03,sg15,Interface TX,16384,0,1,In use,obt-collector1,4,0/1/CPU0,3,16,0

2020-02-06 13:32:02.404000+00:00,dr03,sg15,Interface TX,16384,0,1,In use,obt-collector1,4,0/1/CPU0,1,16,0

2020-02-06 13:32:23.317000+00:00,dr03,sg15,Interface TX,16384,0,1,In use,obt-collector1,4,0/0/CPU0,5,16,0

2020-02-06 13:32:23.317000+00:00,dr03,sg15,Interface TX,16384,0,1,In use,obt-collector1,4,0/0/CPU0,0,16,0

2020-02-06 13:32:23.317000+00:00,dr03,sg15,Interface TX,16384,0,1,In use,obt-collector1,4,0/0/CPU0,2,16,0

2020-02-06 13:32:23.317000+00:00,dr03,sg15,Interface TX,16384,0,1,In use,obt-collector1,4,0/0/CPU0,4,16,0

2020-02-06 13:32:23.317000+00:00,dr03,sg15,Interface TX,16384,0,1,In use,obt-collector1,4,0/0/CPU0,1,16,0

2020-02-06 13:32:23.317000+00:00,dr03,sg15,Interface TX,16384,0,1,In use,obt-collector1,4,0/0/CPU0,3,16,0

2020-02-06 13:32:23.318000+00:00,dr03,sg15,Interface TX,16384,0,1,In use,obt-collector1,4,0/1/CPU0,1,16,0

2020-02-06 13:32:23.318000+00:00,dr03,sg15,Interface TX,16384,0,1,In use,obt-collector1,4,0/1/CPU0,2,16,0

2020-02-06 13:32:23.318000+00:00,dr03,sg15,Interface TX,16384,0,1,In use,obt-collector1,4,0/1/CPU0,3,16,0

2020-02-06 13:32:23.318000+00:00,dr03,sg15,Interface TX,16384,0,1,In use,obt-collector1,4,0/1/CPU0,5,16,0

2020-02-06 13:32:23.318000+00:00,dr03,sg15,Interface TX,16384,0,1,In use,obt-collector1,4,0/1/CPU0,0,16,0

2020-02-06 13:32:23.318000+00:00,dr03,sg15,Interface TX,16384,0,1,In use,obt-collector1,4,0/1/CPU0,4,16,0

2020-02-06 13:32:44.870000+00:00,dr03,sg15,Interface TX,16384,0,1,In use,obt-collector1,4,0/1/CPU0,0,16,0

2020-02-06 13:32:44.870000+00:00,dr03,sg15,Interface TX,16384,0,1,In use,obt-collector1,4,0/1/CPU0,4,16,0

2020-02-06 13:32:44.870000+00:00,dr03,sg15,Interface TX,16384,0,1,In use,obt-collector1,4,0/0/CPU0,3,16,0

2020-02-06 13:32:44.870000+00:00,dr03,sg15,Interface TX,16384,0,1,In use,obt-collector1,4,0/0/CPU0,5,16,0

2020-02-06 13:32:44.870000+00:00,dr03,sg15,Interface TX,16384,0,1,In use,obt-collector1,4,0/0/CPU0,1,16,0

2020-02-06 13:32:44.870000+00:00,dr03,sg15,Interface TX,16384,0,1,In use,obt-collector1,4,0/1/CPU0,3,16,0

2020-02-06 13:32:44.870000+00:00,dr03,sg15,Interface TX,16384,0,1,In use,obt-collector1,4,0/1/CPU0,1,16,0

2020-02-06 13:32:44.870000+00:00,dr03,sg15,Interface TX,16384,0,1,In use,obt-collector1,4,0/1/CPU0,2,16,0

2020-02-06 13:32:44.870000+00:00,dr03,sg15,Interface TX,16384,0,1,In use,obt-collector1,4,0/0/CPU0,4,16,0

2020-02-06 13:32:44.870000+00:00,dr03,sg15,Interface TX,16384,0,1,In use,obt-collector1,4,0/0/CPU0,0,16,0

2020-02-06 13:32:44.870000+00:00,dr03,sg15,Interface TX,16384,0,1,In use,obt-collector1,4,0/0/CPU0,2,16,0

2020-02-06 13:32:44.871000+00:00,dr03,sg15,Interface TX,16384,0,1,In use,obt-collector1,4,0/1/CPU0,5,16,0

2020-02-06 13:33:05.767000+00:00,dr03,sg15,Interface TX,16384,0,1,In use,obt-collector1,4,0/0/CPU0,2,16,0

2020-02-06 13:33:05.767000+00:00,dr03,sg15,Interface TX,16384,0,1,In use,obt-collector1,4,0/1/CPU0,5,16,0

2020-02-06 13:33:05.767000+00:00,dr03,sg15,Interface TX,16384,0,1,In use,obt-collector1,4,0/0/CPU0,0,16,0

2020-02-06 13:33:05.767000+00:00,dr03,sg15,Interface TX,16384,0,1,In use,obt-collector1,4,0/1/CPU0,3,16,0

2020-02-06 13:33:05.767000+00:00,dr03,sg15,Interface TX,16384,0,1,In use,obt-collector1,4,0/1/CPU0,4,16,0

2020-02-06 13:33:05.767000+00:00,dr03,sg15,Interface TX,16384,0,1,In use,obt-collector1,4,0/1/CPU0,0,16,0

2020-02-06 13:33:05.767000+00:00,dr03,sg15,Interface TX,16384,0,1,In use,obt-collector1,4,0/0/CPU0,1,16,0

2020-02-06 13:33:05.767000+00:00,dr03,sg15,Interface TX,16384,0,1,In use,obt-collector1,4,0/0/CPU0,3,16,0

2020-02-06 13:33:05.767000+00:00,dr03,sg15,Interface TX,16384,0,1,In use,obt-collector1,4,0/0/CPU0,5,16,0

2020-02-06 13:33:05.767000+00:00,dr03,sg15,Interface TX,16384,0,1,In use,obt-collector1,4,0/0/CPU0,4,16,0

2020-02-06 13:33:05.767000+00:00,dr03,sg15,Interface TX,16384,0,1,In use,obt-collector1,4,0/1/CPU0,1,16,0

2020-02-06 13:33:05.767000+00:00,dr03,sg15,Interface TX,16384,0,1,In use,obt-collector1,4,0/1/CPU0,2,16,0

2020-02-06 13:33:26.909000+00:00,dr03,sg15,Interface TX,16384,0,1,In use,obt-collector1,4,0/0/CPU0,1,16,0

2020-02-06 13:33:26.909000+00:00,dr03,sg15,Interface TX,16384,0,1,In use,obt-collector1,4,0/0/CPU0,0,16,0

2020-02-06 13:33:26.909000+00:00,dr03,sg15,Interface TX,16384,0,1,In use,obt-collector1,4,0/0/CPU0,2,16,0

2020-02-06 13:33:26.909000+00:00,dr03,sg15,Interface TX,16384,0,1,In use,obt-collector1,4,0/0/CPU0,4,16,0

2020-02-06 13:33:26.909000+00:00,dr03,sg15,Interface TX,16384,0,1,In use,obt-collector1,4,0/0/CPU0,3,16,0

2020-02-06 13:33:26.909000+00:00,dr03,sg15,Interface TX,16384,0,1,In use,obt-collector1,4,0/0/CPU0,5,16,0

2020-02-06 13:33:26.910000+00:00,dr03,sg15,Interface TX,16384,0,1,In use,obt-collector1,4,0/1/CPU0,2,16,0

2020-02-06 13:33:26.910000+00:00,dr03,sg15,Interface TX,16384,0,1,In use,obt-collector1,4,0/1/CPU0,1,16,0

2020-02-06 13:33:26.910000+00:00,dr03,sg15,Interface TX,16384,0,1,In use,obt-collector1,4,0/1/CPU0,5,16,0

2020-02-06 13:33:26.910000+00:00,dr03,sg15,Interface TX,16384,0,1,In use,obt-collector1,4,0/1/CPU0,0,16,0

2020-02-06 13:33:26.910000+00:00,dr03,sg15,Interface TX,16384,0,1,In use,obt-collector1,4,0/1/CPU0,3,16,0

2020-02-06 13:33:26.910000+00:00,dr03,sg15,Interface TX,16384,0,1,In use,obt-collector1,4,0/1/CPU0,4,16,0

2020-02-06 13:33:48.189000+00:00,dr03,sg15,Interface TX,16384,0,1,In use,obt-collector1,4,0/0/CPU0,5,16,0

2020-02-06 13:33:48.189000+00:00,dr03,sg15,Interface TX,16384,0,1,In use,obt-collector1,4,0/0/CPU0,1,16,0

2020-02-06 13:33:48.189000+00:00,dr03,sg15,Interface TX,16384,0,1,In use,obt-collector1,4,0/0/CPU0,3,16,0

2020-02-06 13:33:48.189000+00:00,dr03,sg15,Interface TX,16384,0,1,In use,obt-collector1,4,0/0/CPU0,4,16,0

2020-02-06 13:33:48.189000+00:00,dr03,sg15,Interface TX,16384,0,1,In use,obt-collector1,4,0/0/CPU0,0,16,0

2020-02-06 13:33:48.189000+00:00,dr03,sg15,Interface TX,16384,0,1,In use,obt-collector1,4,0/0/CPU0,2,16,0

2020-02-06 13:33:48.190000+00:00,dr03,sg15,Interface TX,16384,0,1,In use,obt-collector1,4,0/1/CPU0,4,16,0

2020-02-06 13:33:48.190000+00:00,dr03,sg15,Interface TX,16384,0,1,In use,obt-collector1,4,0/1/CPU0,0,16,0

2020-02-06 13:33:48.190000+00:00,dr03,sg15,Interface TX,16384,0,1,In use,obt-collector1,4,0/1/CPU0,3,16,0

2020-02-06 13:33:48.190000+00:00,dr03,sg15,Interface TX,16384,0,1,In use,obt-collector1,4,0/1/CPU0,5,16,0

2020-02-06 13:33:48.190000+00:00,dr03,sg15,Interface TX,16384,0,1,In use,obt-collector1,4,0/1/CPU0,2,16,0

2020-02-06 13:33:48.190000+00:00,dr03,sg15,Interface TX,16384,0,1,In use,obt-collector1,4,0/1/CPU0,1,16,0

2020-02-06 13:34:09.217000+00:00,dr03,sg15,Interface TX,16384,0,1,In use,obt-collector1,4,0/0/CPU0,0,16,0

2020-02-06 13:34:09.218000+00:00,dr03,sg15,Interface TX,16384,0,1,In use,obt-collector1,4,0/1/CPU0,1,16,0

2020-02-06 13:34:09.218000+00:00,dr03,sg15,Interface TX,16384,0,1,In use,obt-collector1,4,0/1/CPU0,5,16,0

2020-02-06 13:34:09.218000+00:00,dr03,sg15,Interface TX,16384,0,1,In use,obt-collector1,4,0/0/CPU0,2,16,0

2020-02-06 13:34:09.218000+00:00,dr03,sg15,Interface TX,16384,0,1,In use,obt-collector1,4,0/0/CPU0,5,16,0

2020-02-06 13:34:09.218000+00:00,dr03,sg15,Interface TX,16384,0,1,In use,obt-collector1,4,0/0/CPU0,1,16,0

2020-02-06 13:34:09.218000+00:00,dr03,sg15,Interface TX,16384,0,1,In use,obt-collector1,4,0/1/CPU0,3,16,0

2020-02-06 13:34:09.218000+00:00,dr03,sg15,Interface TX,16384,0,1,In use,obt-collector1,4,0/1/CPU0,4,16,0

2020-02-06 13:34:09.218000+00:00,dr03,sg15,Interface TX,16384,0,1,In use,obt-collector1,4,0/1/CPU0,0,16,0

2020-02-06 13:34:09.218000+00:00,dr03,sg15,Interface TX,16384,0,1,In use,obt-collector1,4,0/1/CPU0,2,16,0

2020-02-06 13:34:09.218000+00:00,dr03,sg15,Interface TX,16384,0,1,In use,obt-collector1,4,0/0/CPU0,4,16,0

2020-02-06 13:34:09.218000+00:00,dr03,sg15,Interface TX,16384,0,1,In use,obt-collector1,4,0/0/CPU0,3,16,0

2020-02-06 13:34:30.464000+00:00,dr03,sg15,Interface TX,16384,0,1,In use,obt-collector1,4,0/0/CPU0,0,16,0

2020-02-06 13:34:30.464000+00:00,dr03,sg15,Interface TX,16384,0,1,In use,obt-collector1,4,0/0/CPU0,3,16,0

2020-02-06 13:34:30.464000+00:00,dr03,sg15,Interface TX,16384,0,1,In use,obt-collector1,4,0/1/CPU0,1,16,0

2020-02-06 13:34:30.464000+00:00,dr03,sg15,Interface TX,16384,0,1,In use,obt-collector1,4,0/0/CPU0,1,16,0

2020-02-06 13:34:30.464000+00:00,dr03,sg15,Interface TX,16384,0,1,In use,obt-collector1,4,0/0/CPU0,2,16,0

2020-02-06 13:34:30.464000+00:00,dr03,sg15,Interface TX,16384,0,1,In use,obt-collector1,4,0/0/CPU0,5,16,0

2020-02-06 13:34:30.464000+00:00,dr03,sg15,Interface TX,16384,0,1,In use,obt-collector1,4,0/1/CPU0,0,16,0

2020-02-06 13:34:30.464000+00:00,dr03,sg15,Interface TX,16384,0,1,In use,obt-collector1,4,0/0/CPU0,4,16,0

2020-02-06 13:34:30.465000+00:00,dr03,sg15,Interface TX,16384,0,1,In use,obt-collector1,4,0/1/CPU0,2,16,0

2020-02-06 13:34:30.465000+00:00,dr03,sg15,Interface TX,16384,0,1,In use,obt-collector1,4,0/1/CPU0,5,16,0

2020-02-06 13:34:30.465000+00:00,dr03,sg15,Interface TX,16384,0,1,In use,obt-collector1,4,0/1/CPU0,3,16,0

2020-02-06 13:34:30.465000+00:00,dr03,sg15,Interface TX,16384,0,1,In use,obt-collector1,4,0/1/CPU0,4,16,0

2020-02-06 13:34:51.760000+00:00,dr03,sg15,Interface TX,16384,0,1,In use,obt-collector1,4,0/1/CPU0,2,16,0

2020-02-06 13:34:51.760000+00:00,dr03,sg15,Interface TX,16384,0,1,In use,obt-collector1,4,0/0/CPU0,4,16,0

2020-02-06 13:34:51.760000+00:00,dr03,sg15,Interface TX,16384,0,1,In use,obt-collector1,4,0/0/CPU0,1,16,0

2020-02-06 13:34:51.760000+00:00,dr03,sg15,Interface TX,16384,0,1,In use,obt-collector1,4,0/1/CPU0,0,16,0

2020-02-06 13:34:51.760000+00:00,dr03,sg15,Interface TX,16384,0,1,In use,obt-collector1,4,0/1/CPU0,1,16,0

2020-02-06 13:34:51.760000+00:00,dr03,sg15,Interface TX,16384,0,1,In use,obt-collector1,4,0/0/CPU0,0,16,0

2020-02-06 13:34:51.760000+00:00,dr03,sg15,Interface TX,16384,0,1,In use,obt-collector1,4,0/0/CPU0,3,16,0

2020-02-06 13:34:51.760000+00:00,dr03,sg15,Interface TX,16384,0,1,In use,obt-collector1,4,0/0/CPU0,2,16,0

2020-02-06 13:34:51.760000+00:00,dr03,sg15,Interface TX,16384,0,1,In use,obt-collector1,4,0/0/CPU0,5,16,0

2020-02-06 13:34:51.761000+00:00,dr03,sg15,Interface TX,16384,0,1,In use,obt-collector1,4,0/1/CPU0,3,16,0

2020-02-06 13:34:51.761000+00:00,dr03,sg15,Interface TX,16384,0,1,In use,obt-collector1,4,0/1/CPU0,4,16,0

2020-02-06 13:34:51.761000+00:00,dr03,sg15,Interface TX,16384,0,1,In use,obt-collector1,4,0/1/CPU0,5,16,0

2020-02-06 13:35:12.881000+00:00,dr03,sg15,Interface TX,16384,0,1,In use,obt-collector1,4,0/0/CPU0,5,16,0

2020-02-06 13:35:12.881000+00:00,dr03,sg15,Interface TX,16384,0,1,In use,obt-collector1,4,0/0/CPU0,2,16,0

2020-02-06 13:35:12.881000+00:00,dr03,sg15,Interface TX,16384,0,1,In use,obt-collector1,4,0/0/CPU0,4,16,0

2020-02-06 13:35:12.881000+00:00,dr03,sg15,Interface TX,16384,0,1,In use,obt-collector1,4,0/0/CPU0,1,16,0

2020-02-06 13:35:12.881000+00:00,dr03,sg15,Interface TX,16384,0,1,In use,obt-collector1,4,0/0/CPU0,3,16,0

2020-02-06 13:35:12.881000+00:00,dr03,sg15,Interface TX,16384,0,1,In use,obt-collector1,4,0/0/CPU0,0,16,0

2020-02-06 13:35:12.882000+00:00,dr03,sg15,Interface TX,16384,0,1,In use,obt-collector1,4,0/1/CPU0,4,16,0

2020-02-06 13:35:12.882000+00:00,dr03,sg15,Interface TX,16384,0,1,In use,obt-collector1,4,0/1/CPU0,2,16,0

2020-02-06 13:35:12.882000+00:00,dr03,sg15,Interface TX,16384,0,1,In use,obt-collector1,4,0/1/CPU0,1,16,0

2020-02-06 13:35:12.882000+00:00,dr03,sg15,Interface TX,16384,0,1,In use,obt-collector1,4,0/1/CPU0,0,16,0

2020-02-06 13:35:12.882000+00:00,dr03,sg15,Interface TX,16384,0,1,In use,obt-collector1,4,0/1/CPU0,5,16,0

2020-02-06 13:35:12.882000+00:00,dr03,sg15,Interface TX,16384,0,1,In use,obt-collector1,4,0/1/CPU0,3,16,0

2020-02-06 13:35:33.872000+00:00,dr03,sg15,Interface TX,16384,0,1,In use,obt-collector1,4,0/0/CPU0,0,16,0

2020-02-06 13:35:33.872000+00:00,dr03,sg15,Interface TX,16384,0,1,In use,obt-collector1,4,0/0/CPU0,2,16,0

2020-02-06 13:35:33.872000+00:00,dr03,sg15,Interface TX,16384,0,1,In use,obt-collector1,4,0/0/CPU0,3,16,0

2020-02-06 13:35:33.872000+00:00,dr03,sg15,Interface TX,16384,0,1,In use,obt-collector1,4,0/0/CPU0,5,16,0

2020-02-06 13:35:33.872000+00:00,dr03,sg15,Interface TX,16384,0,1,In use,obt-collector1,4,0/0/CPU0,1,16,0

2020-02-06 13:35:33.872000+00:00,dr03,sg15,Interface TX,16384,0,1,In use,obt-collector1,4,0/0/CPU0,4,16,0

2020-02-06 13:35:33.873000+00:00,dr03,sg15,Interface TX,16384,0,1,In use,obt-collector1,4,0/1/CPU0,3,16,0

2020-02-06 13:35:33.873000+00:00,dr03,sg15,Interface TX,16384,0,1,In use,obt-collector1,4,0/1/CPU0,1,16,0

2020-02-06 13:35:33.873000+00:00,dr03,sg15,Interface TX,16384,0,1,In use,obt-collector1,4,0/1/CPU0,5,16,0

2020-02-06 13:35:33.873000+00:00,dr03,sg15,Interface TX,16384,0,1,In use,obt-collector1,4,0/1/CPU0,2,16,0

2020-02-06 13:35:33.873000+00:00,dr03,sg15,Interface TX,16384,0,1,In use,obt-collector1,4,0/1/CPU0,4,16,0

2020-02-06 13:35:33.873000+00:00,dr03,sg15,Interface TX,16384,0,1,In use,obt-collector1,4,0/1/CPU0,0,16,0

2020-02-06 13:35:55.412000+00:00,dr03,sg15,Interface TX,16384,0,1,In use,obt-collector1,4,0/0/CPU0,4,16,0

2020-02-06 13:35:55.412000+00:00,dr03,sg15,Interface TX,16384,0,1,In use,obt-collector1,4,0/0/CPU0,2,16,0

2020-02-06 13:35:55.412000+00:00,dr03,sg15,Interface TX,16384,0,1,In use,obt-collector1,4,0/0/CPU0,1,16,0

2020-02-06 13:35:55.412000+00:00,dr03,sg15,Interface TX,16384,0,1,In use,obt-collector1,4,0/0/CPU0,0,16,0

2020-02-06 13:35:55.412000+00:00,dr03,sg15,Interface TX,16384,0,1,In use,obt-collector1,4,0/0/CPU0,5,16,0

2020-02-06 13:35:55.412000+00:00,dr03,sg15,Interface TX,16384,0,1,In use,obt-collector1,4,0/0/CPU0,3,16,0

2020-02-06 13:35:55.413000+00:00,dr03,sg15,Interface TX,16384,0,1,In use,obt-collector1,4,0/1/CPU0,0,16,0

2020-02-06 13:35:55.413000+00:00,dr03,sg15,Interface TX,16384,0,1,In use,obt-collector1,4,0/1/CPU0,5,16,0

2020-02-06 13:35:55.413000+00:00,dr03,sg15,Interface TX,16384,0,1,In use,obt-collector1,4,0/1/CPU0,4,16,0

2020-02-06 13:35:55.413000+00:00,dr03,sg15,Interface TX,16384,0,1,In use,obt-collector1,4,0/1/CPU0,1,16,0

2020-02-06 13:35:55.413000+00:00,dr03,sg15,Interface TX,16384,0,1,In use,obt-collector1,4,0/1/CPU0,3,16,0

2020-02-06 13:35:55.413000+00:00,dr03,sg15,Interface TX,16384,0,1,In use,obt-collector1,4,0/1/CPU0,2,16,0

2020-02-06 13:36:16.275000+00:00,dr03,sg15,Interface TX,16384,0,1,In use,obt-collector1,4,0/0/CPU0,3,16,0

2020-02-06 13:36:16.275000+00:00,dr03,sg15,Interface TX,16384,0,1,In use,obt-collector1,4,0/0/CPU0,2,16,0

2020-02-06 13:36:16.275000+00:00,dr03,sg15,Interface TX,16384,0,1,In use,obt-collector1,4,0/0/CPU0,5,16,0

2020-02-06 13:36:16.275000+00:00,dr03,sg15,Interface TX,16384,0,1,In use,obt-collector1,4,0/0/CPU0,4,16,0

2020-02-06 13:36:16.275000+00:00,dr03,sg15,Interface TX,16384,0,1,In use,obt-collector1,4,0/0/CPU0,0,16,0

2020-02-06 13:36:16.275000+00:00,dr03,sg15,Interface TX,16384,0,1,In use,obt-collector1,4,0/0/CPU0,1,16,0

2020-02-06 13:36:16.276000+00:00,dr03,sg15,Interface TX,16384,0,1,In use,obt-collector1,4,0/1/CPU0,2,16,0

2020-02-06 13:36:16.276000+00:00,dr03,sg15,Interface TX,16384,0,1,In use,obt-collector1,4,0/1/CPU0,4,16,0

2020-02-06 13:36:16.276000+00:00,dr03,sg15,Interface TX,16384,0,1,In use,obt-collector1,4,0/1/CPU0,3,16,0

2020-02-06 13:36:16.276000+00:00,dr03,sg15,Interface TX,16384,0,1,In use,obt-collector1,4,0/1/CPU0,5,16,0

2020-02-06 13:36:16.276000+00:00,dr03,sg15,Interface TX,16384,0,1,In use,obt-collector1,4,0/1/CPU0,0,16,0

2020-02-06 13:36:16.276000+00:00,dr03,sg15,Interface TX,16384,0,1,In use,obt-collector1,4,0/1/CPU0,1,16,0

2020-02-06 13:36:37.470000+00:00,dr03,sg15,Interface TX,16384,0,1,In use,obt-collector1,4,0/0/CPU0,1,16,0

2020-02-06 13:36:37.470000+00:00,dr03,sg15,Interface TX,16384,0,1,In use,obt-collector1,4,0/0/CPU0,2,16,0

2020-02-06 13:36:37.470000+00:00,dr03,sg15,Interface TX,16384,0,1,In use,obt-collector1,4,0/0/CPU0,0,16,0

2020-02-06 13:36:37.470000+00:00,dr03,sg15,Interface TX,16384,0,1,In use,obt-collector1,4,0/0/CPU0,3,16,0

2020-02-06 13:36:37.470000+00:00,dr03,sg15,Interface TX,16384,0,1,In use,obt-collector1,4,0/0/CPU0,4,16,0

2020-02-06 13:36:37.470000+00:00,dr03,sg15,Interface TX,16384,0,1,In use,obt-collector1,4,0/0/CPU0,5,16,0

2020-02-06 13:36:37.472000+00:00,dr03,sg15,Interface TX,16384,0,1,In use,obt-collector1,4,0/1/CPU0,1,16,0

2020-02-06 13:36:37.472000+00:00,dr03,sg15,Interface TX,16384,0,1,In use,obt-collector1,4,0/1/CPU0,3,16,0

2020-02-06 13:36:37.472000+00:00,dr03,sg15,Interface TX,16384,0,1,In use,obt-collector1,4,0/1/CPU0,0,16,0

2020-02-06 13:36:37.472000+00:00,dr03,sg15,Interface TX,16384,0,1,In use,obt-collector1,4,0/1/CPU0,4,16,0

2020-02-06 13:36:37.472000+00:00,dr03,sg15,Interface TX,16384,0,1,In use,obt-collector1,4,0/1/CPU0,2,16,0

2020-02-06 13:36:37.472000+00:00,dr03,sg15,Interface TX,16384,0,1,In use,obt-collector1,4,0/1/CPU0,5,16,0

2020-02-06 13:36:58.780000+00:00,dr03,sg15,Interface TX,16384,0,1,In use,obt-collector1,4,0/0/CPU0,5,16,0

2020-02-06 13:36:58.780000+00:00,dr03,sg15,Interface TX,16384,0,1,In use,obt-collector1,4,0/0/CPU0,2,16,0

2020-02-06 13:36:58.780000+00:00,dr03,sg15,Interface TX,16384,0,1,In use,obt-collector1,4,0/0/CPU0,4,16,0

2020-02-06 13:36:58.780000+00:00,dr03,sg15,Interface TX,16384,0,1,In use,obt-collector1,4,0/0/CPU0,1,16,0

2020-02-06 13:36:58.780000+00:00,dr03,sg15,Interface TX,16384,0,1,In use,obt-collector1,4,0/0/CPU0,3,16,0

2020-02-06 13:36:58.780000+00:00,dr03,sg15,Interface TX,16384,0,1,In use,obt-collector1,4,0/0/CPU0,0,16,0

2020-02-06 13:36:58.782000+00:00,dr03,sg15,Interface TX,16384,0,1,In use,obt-collector1,4,0/1/CPU0,5,16,0

2020-02-06 13:36:58.782000+00:00,dr03,sg15,Interface TX,16384,0,1,In use,obt-collector1,4,0/1/CPU0,0,16,0

2020-02-06 13:36:58.782000+00:00,dr03,sg15,Interface TX,16384,0,1,In use,obt-collector1,4,0/1/CPU0,2,16,0

2020-02-06 13:36:58.782000+00:00,dr03,sg15,Interface TX,16384,0,1,In use,obt-collector1,4,0/1/CPU0,3,16,0

2020-02-06 13:36:58.782000+00:00,dr03,sg15,Interface TX,16384,0,1,In use,obt-collector1,4,0/1/CPU0,1,16,0

2020-02-06 13:36:58.782000+00:00,dr03,sg15,Interface TX,16384,0,1,In use,obt-collector1,4,0/1/CPU0,4,16,0

2020-02-06 13:37:19.720000+00:00,dr03,sg15,Interface TX,16384,0,1,In use,obt-collector1,4,0/0/CPU0,0,16,0

2020-02-06 13:37:19.721000+00:00,dr03,sg15,Interface TX,16384,0,1,In use,obt-collector1,4,0/0/CPU0,1,16,0

2020-02-06 13:37:19.721000+00:00,dr03,sg15,Interface TX,16384,0,1,In use,obt-collector1,4,0/0/CPU0,2,16,0

2020-02-06 13:37:19.721000+00:00,dr03,sg15,Interface TX,16384,0,1,In use,obt-collector1,4,0/0/CPU0,3,16,0

2020-02-06 13:37:19.721000+00:00,dr03,sg15,Interface TX,16384,0,1,In use,obt-collector1,4,0/1/CPU0,0,16,0

2020-02-06 13:37:19.721000+00:00,dr03,sg15,Interface TX,16384,0,1,In use,obt-collector1,4,0/0/CPU0,5,16,0

2020-02-06 13:37:19.721000+00:00,dr03,sg15,Interface TX,16384,0,1,In use,obt-collector1,4,0/0/CPU0,4,16,0

2020-02-06 13:37:19.722000+00:00,dr03,sg15,Interface TX,16384,0,1,In use,obt-collector1,4,0/1/CPU0,2,16,0

2020-02-06 13:37:19.722000+00:00,dr03,sg15,Interface TX,16384,0,1,In use,obt-collector1,4,0/1/CPU0,4,16,0

2020-02-06 13:37:19.722000+00:00,dr03,sg15,Interface TX,16384,0,1,In use,obt-collector1,4,0/1/CPU0,5,16,0

2020-02-06 13:37:19.722000+00:00,dr03,sg15,Interface TX,16384,0,1,In use,obt-collector1,4,0/1/CPU0,3,16,0

2020-02-06 13:37:19.722000+00:00,dr03,sg15,Interface TX,16384,0,1,In use,obt-collector1,4,0/1/CPU0,1,16,0

2020-02-06 13:37:40.961000+00:00,dr03,sg15,Interface TX,16384,0,1,In use,obt-collector1,4,0/0/CPU0,0,16,0

2020-02-06 13:37:40.961000+00:00,dr03,sg15,Interface TX,16384,0,1,In use,obt-collector1,4,0/0/CPU0,3,16,0

2020-02-06 13:37:40.961000+00:00,dr03,sg15,Interface TX,16384,0,1,In use,obt-collector1,4,0/0/CPU0,4,16,0

2020-02-06 13:37:40.961000+00:00,dr03,sg15,Interface TX,16384,0,1,In use,obt-collector1,4,0/0/CPU0,1,16,0

2020-02-06 13:37:40.961000+00:00,dr03,sg15,Interface TX,16384,0,1,In use,obt-collector1,4,0/0/CPU0,2,16,0

2020-02-06 13:37:40.961000+00:00,dr03,sg15,Interface TX,16384,0,1,In use,obt-collector1,4,0/0/CPU0,5,16,0

2020-02-06 13:37:40.962000+00:00,dr03,sg15,Interface TX,16384,0,1,In use,obt-collector1,4,0/1/CPU0,3,16,0

2020-02-06 13:37:40.962000+00:00,dr03,sg15,Interface TX,16384,0,1,In use,obt-collector1,4,0/1/CPU0,0,16,0

2020-02-06 13:37:40.962000+00:00,dr03,sg15,Interface TX,16384,0,1,In use,obt-collector1,4,0/1/CPU0,2,16,0

2020-02-06 13:37:40.962000+00:00,dr03,sg15,Interface TX,16384,0,1,In use,obt-collector1,4,0/1/CPU0,1,16,0

2020-02-06 13:37:40.962000+00:00,dr03,sg15,Interface TX,16384,0,1,In use,obt-collector1,4,0/1/CPU0,5,16,0

2020-02-06 13:37:40.962000+00:00,dr03,sg15,Interface TX,16384,0,1,In use,obt-collector1,4,0/1/CPU0,4,16,0

2020-02-06 13:38:02.441000+00:00,dr03,sg15,Interface TX,16384,0,1,In use,obt-collector1,4,0/0/CPU0,5,16,0

2020-02-06 13:38:02.441000+00:00,dr03,sg15,Interface TX,16384,0,1,In use,obt-collector1,4,0/0/CPU0,4,16,0

2020-02-06 13:38:02.441000+00:00,dr03,sg15,Interface TX,16384,0,1,In use,obt-collector1,4,0/0/CPU0,2,16,0

2020-02-06 13:38:02.441000+00:00,dr03,sg15,Interface TX,16384,0,1,In use,obt-collector1,4,0/0/CPU0,3,16,0

2020-02-06 13:38:02.441000+00:00,dr03,sg15,Interface TX,16384,0,1,In use,obt-collector1,4,0/0/CPU0,0,16,0

2020-02-06 13:38:02.441000+00:00,dr03,sg15,Interface TX,16384,0,1,In use,obt-collector1,4,0/0/CPU0,1,16,0

2020-02-06 13:38:02.442000+00:00,dr03,sg15,Interface TX,16384,0,1,In use,obt-collector1,4,0/1/CPU0,4,16,0

2020-02-06 13:38:02.442000+00:00,dr03,sg15,Interface TX,16384,0,1,In use,obt-collector1,4,0/1/CPU0,0,16,0

2020-02-06 13:38:02.442000+00:00,dr03,sg15,Interface TX,16384,0,1,In use,obt-collector1,4,0/1/CPU0,5,16,0

2020-02-06 13:38:02.442000+00:00,dr03,sg15,Interface TX,16384,0,1,In use,obt-collector1,4,0/1/CPU0,3,16,0

2020-02-06 13:38:02.442000+00:00,dr03,sg15,Interface TX,16384,0,1,In use,obt-collector1,4,0/1/CPU0,1,16,0

2020-02-06 13:38:02.442000+00:00,dr03,sg15,Interface TX,16384,0,1,In use,obt-collector1,4,0/1/CPU0,2,16,0

2020-02-06 13:38:23.191000+00:00,dr03,sg15,Interface TX,16384,0,1,In use,obt-collector1,4,0/0/CPU0,1,16,0

2020-02-06 13:38:23.191000+00:00,dr03,sg15,Interface TX,16384,0,1,In use,obt-collector1,4,0/0/CPU0,2,16,0

2020-02-06 13:38:23.191000+00:00,dr03,sg15,Interface TX,16384,0,1,In use,obt-collector1,4,0/0/CPU0,0,16,0

2020-02-06 13:38:23.191000+00:00,dr03,sg15,Interface TX,16384,0,1,In use,obt-collector1,4,0/0/CPU0,4,16,0

2020-02-06 13:38:23.191000+00:00,dr03,sg15,Interface TX,16384,0,1,In use,obt-collector1,4,0/0/CPU0,5,16,0

2020-02-06 13:38:23.191000+00:00,dr03,sg15,Interface TX,16384,0,1,In use,obt-collector1,4,0/0/CPU0,3,16,0

2020-02-06 13:38:23.192000+00:00,dr03,sg15,Interface TX,16384,0,1,In use,obt-collector1,4,0/1/CPU0,2,16,0

2020-02-06 13:38:23.192000+00:00,dr03,sg15,Interface TX,16384,0,1,In use,obt-collector1,4,0/1/CPU0,0,16,0

2020-02-06 13:38:23.192000+00:00,dr03,sg15,Interface TX,16384,0,1,In use,obt-collector1,4,0/1/CPU0,1,16,0

2020-02-06 13:38:23.192000+00:00,dr03,sg15,Interface TX,16384,0,1,In use,obt-collector1,4,0/1/CPU0,4,16,0

2020-02-06 13:38:23.192000+00:00,dr03,sg15,Interface TX,16384,0,1,In use,obt-collector1,4,0/1/CPU0,3,16,0

2020-02-06 13:38:23.192000+00:00,dr03,sg15,Interface TX,16384,0,1,In use,obt-collector1,4,0/1/CPU0,5,16,0

2020-02-06 13:38:44.253000+00:00,dr03,sg15,Interface TX,16384,0,1,In use,obt-collector1,4,0/0/CPU0,3,16,0

2020-02-06 13:38:44.253000+00:00,dr03,sg15,Interface TX,16384,0,1,In use,obt-collector1,4,0/0/CPU0,0,16,0

2020-02-06 13:38:44.253000+00:00,dr03,sg15,Interface TX,16384,0,1,In use,obt-collector1,4,0/0/CPU0,5,16,0

2020-02-06 13:38:44.253000+00:00,dr03,sg15,Interface TX,16384,0,1,In use,obt-collector1,4,0/0/CPU0,2,16,0

2020-02-06 13:38:44.253000+00:00,dr03,sg15,Interface TX,16384,0,1,In use,obt-collector1,4,0/0/CPU0,1,16,0

2020-02-06 13:38:44.253000+00:00,dr03,sg15,Interface TX,16384,0,1,In use,obt-collector1,4,0/0/CPU0,4,16,0

2020-02-06 13:38:44.254000+00:00,dr03,sg15,Interface TX,16384,0,1,In use,obt-collector1,4,0/1/CPU0,5,16,0

2020-02-06 13:38:44.254000+00:00,dr03,sg15,Interface TX,16384,0,1,In use,obt-collector1,4,0/1/CPU0,0,16,0

2020-02-06 13:38:44.254000+00:00,dr03,sg15,Interface TX,16384,0,1,In use,obt-collector1,4,0/1/CPU0,3,16,0

2020-02-06 13:38:44.254000+00:00,dr03,sg15,Interface TX,16384,0,1,In use,obt-collector1,4,0/1/CPU0,2,16,0

2020-02-06 13:38:44.254000+00:00,dr03,sg15,Interface TX,16384,0,1,In use,obt-collector1,4,0/1/CPU0,4,16,0

2020-02-06 13:38:44.254000+00:00,dr03,sg15,Interface TX,16384,0,1,In use,obt-collector1,4,0/1/CPU0,1,16,0

2020-02-06 13:39:05.629000+00:00,dr03,sg15,Interface TX,16384,0,1,In use,obt-collector1,4,0/0/CPU0,0,16,0

2020-02-06 13:39:05.630000+00:00,dr03,sg15,Interface TX,16384,0,1,In use,obt-collector1,4,0/0/CPU0,4,16,0

2020-02-06 13:39:05.630000+00:00,dr03,sg15,Interface TX,16384,0,1,In use,obt-collector1,4,0/0/CPU0,5,16,0

2020-02-06 13:39:05.630000+00:00,dr03,sg15,Interface TX,16384,0,1,In use,obt-collector1,4,0/0/CPU0,1,16,0

2020-02-06 13:39:05.630000+00:00,dr03,sg15,Interface TX,16384,0,1,In use,obt-collector1,4,0/1/CPU0,0,16,0

2020-02-06 13:39:05.630000+00:00,dr03,sg15,Interface TX,16384,0,1,In use,obt-collector1,4,0/0/CPU0,3,16,0

2020-02-06 13:39:05.630000+00:00,dr03,sg15,Interface TX,16384,0,1,In use,obt-collector1,4,0/0/CPU0,2,16,0

2020-02-06 13:39:05.631000+00:00,dr03,sg15,Interface TX,16384,0,1,In use,obt-collector1,4,0/1/CPU0,4,16,0

2020-02-06 13:39:05.631000+00:00,dr03,sg15,Interface TX,16384,0,1,In use,obt-collector1,4,0/1/CPU0,1,16,0

2020-02-06 13:39:05.631000+00:00,dr03,sg15,Interface TX,16384,0,1,In use,obt-collector1,4,0/1/CPU0,5,16,0

2020-02-06 13:39:05.631000+00:00,dr03,sg15,Interface TX,16384,0,1,In use,obt-collector1,4,0/1/CPU0,2,16,0

2020-02-06 13:39:05.631000+00:00,dr03,sg15,Interface TX,16384,0,1,In use,obt-collector1,4,0/1/CPU0,3,16,0

2020-02-06 13:39:26.613000+00:00,dr03,sg15,Interface TX,16384,0,1,In use,obt-collector1,4,0/0/CPU0,0,16,0

2020-02-06 13:39:26.613000+00:00,dr03,sg15,Interface TX,16384,0,1,In use,obt-collector1,4,0/0/CPU0,1,16,0

2020-02-06 13:39:26.613000+00:00,dr03,sg15,Interface TX,16384,0,1,In use,obt-collector1,4,0/0/CPU0,2,16,0

2020-02-06 13:39:26.613000+00:00,dr03,sg15,Interface TX,16384,0,1,In use,obt-collector1,4,0/0/CPU0,5,16,0

2020-02-06 13:39:26.613000+00:00,dr03,sg15,Interface TX,16384,0,1,In use,obt-collector1,4,0/0/CPU0,4,16,0

2020-02-06 13:39:26.613000+00:00,dr03,sg15,Interface TX,16384,0,1,In use,obt-collector1,4,0/0/CPU0,3,16,0

2020-02-06 13:39:26.614000+00:00,dr03,sg15,Interface TX,16384,0,1,In use,obt-collector1,4,0/1/CPU0,2,16,0

2020-02-06 13:39:26.614000+00:00,dr03,sg15,Interface TX,16384,0,1,In use,obt-collector1,4,0/1/CPU0,0,16,0

2020-02-06 13:39:26.614000+00:00,dr03,sg15,Interface TX,16384,0,1,In use,obt-collector1,4,0/1/CPU0,4,16,0

2020-02-06 13:39:26.614000+00:00,dr03,sg15,Interface TX,16384,0,1,In use,obt-collector1,4,0/1/CPU0,3,16,0

2020-02-06 13:39:26.614000+00:00,dr03,sg15,Interface TX,16384,0,1,In use,obt-collector1,4,0/1/CPU0,5,16,0

2020-02-06 13:39:26.614000+00:00,dr03,sg15,Interface TX,16384,0,1,In use,obt-collector1,4,0/1/CPU0,1,16,0

2020-02-06 13:39:47.752000+00:00,dr03,sg15,Interface TX,16384,0,1,In use,obt-collector1,4,0/0/CPU0,3,16,0

2020-02-06 13:39:47.752000+00:00,dr03,sg15,Interface TX,16384,0,1,In use,obt-collector1,4,0/0/CPU0,2,16,0

2020-02-06 13:39:47.752000+00:00,dr03,sg15,Interface TX,16384,0,1,In use,obt-collector1,4,0/0/CPU0,4,16,0

2020-02-06 13:39:47.752000+00:00,dr03,sg15,Interface TX,16384,0,1,In use,obt-collector1,4,0/0/CPU0,1,16,0

2020-02-06 13:39:47.752000+00:00,dr03,sg15,Interface TX,16384,0,1,In use,obt-collector1,4,0/0/CPU0,0,16,0

2020-02-06 13:39:47.752000+00:00,dr03,sg15,Interface TX,16384,0,1,In use,obt-collector1,4,0/0/CPU0,5,16,0

2020-02-06 13:39:47.754000+00:00,dr03,sg15,Interface TX,16384,0,1,In use,obt-collector1,4,0/1/CPU0,1,16,0

2020-02-06 13:39:47.754000+00:00,dr03,sg15,Interface TX,16384,0,1,In use,obt-collector1,4,0/1/CPU0,0,16,0

2020-02-06 13:39:47.754000+00:00,dr03,sg15,Interface TX,16384,0,1,In use,obt-collector1,4,0/1/CPU0,5,16,0

2020-02-06 13:39:47.754000+00:00,dr03,sg15,Interface TX,16384,0,1,In use,obt-collector1,4,0/1/CPU0,2,16,0

2020-02-06 13:39:47.754000+00:00,dr03,sg15,Interface TX,16384,0,1,In use,obt-collector1,4,0/1/CPU0,3,16,0

2020-02-06 13:39:47.754000+00:00,dr03,sg15,Interface TX,16384,0,1,In use,obt-collector1,4,0/1/CPU0,4,16,0

2020-02-06 13:40:08.995000+00:00,dr03,sg15,Interface TX,16384,0,1,In use,obt-collector1,4,0/0/CPU0,5,16,0

2020-02-06 13:40:08.995000+00:00,dr03,sg15,Interface TX,16384,0,1,In use,obt-collector1,4,0/0/CPU0,4,16,0

2020-02-06 13:40:08.995000+00:00,dr03,sg15,Interface TX,16384,0,1,In use,obt-collector1,4,0/0/CPU0,0,16,0

2020-02-06 13:40:08.995000+00:00,dr03,sg15,Interface TX,16384,0,1,In use,obt-collector1,4,0/0/CPU0,2,16,0

2020-02-06 13:40:08.995000+00:00,dr03,sg15,Interface TX,16384,0,1,In use,obt-collector1,4,0/0/CPU0,3,16,0

2020-02-06 13:40:08.995000+00:00,dr03,sg15,Interface TX,16384,0,1,In use,obt-collector1,4,0/0/CPU0,1,16,0

2020-02-06 13:40:08.996000+00:00,dr03,sg15,Interface TX,16384,0,1,In use,obt-collector1,4,0/1/CPU0,4,16,0

2020-02-06 13:40:08.996000+00:00,dr03,sg15,Interface TX,16384,0,1,In use,obt-collector1,4,0/1/CPU0,0,16,0

2020-02-06 13:40:08.996000+00:00,dr03,sg15,Interface TX,16384,0,1,In use,obt-collector1,4,0/1/CPU0,3,16,0

2020-02-06 13:40:08.996000+00:00,dr03,sg15,Interface TX,16384,0,1,In use,obt-collector1,4,0/1/CPU0,1,16,0

2020-02-06 13:40:08.996000+00:00,dr03,sg15,Interface TX,16384,0,1,In use,obt-collector1,4,0/1/CPU0,2,16,0

2020-02-06 13:40:08.996000+00:00,dr03,sg15,Interface TX,16384,0,1,In use,obt-collector1,4,0/1/CPU0,5,16,0

