,EncodingPath,Producer,Target,global__established-neighbors-count-total,global__neighbors-count-total,global__nexthop-count,global__restart-count,host,instance-name,performance-statistics__global__configuration-items-processed,performance-statistics__global__ipv4rib-server__is-rib-connection-up,performance-statistics__global__ipv4rib-server__rib-connection-up-count,performance-statistics__vrf__inbound-update-messages,vrf-name,vrf__neighbors-count,vrf__network-count,vrf__path-count,vrf__update-messages-received
2020-02-05 01:40:34.334000+00:00,Cisco-IOS-XR-ipv4-bgp-oper:bgp/instances/instance/instance-active/default-vrf/process-info,spine2,,61,64,231,2,,default,1,true,1,2093324,default,64,430,11338,2093324
2020-02-05 01:40:36.521000+00:00,Cisco-IOS-XR-ipv4-bgp-oper:bgp/instances/instance/instance-active/default-vrf/process-info,spine2,,61,64,231,2,,default,1,true,1,2093324,default,64,430,11338,2093324
2020-02-05 01:40:40.957000+00:00,Cisco-IOS-XR-ipv4-bgp-oper:bgp/instances/instance/instance-active/default-vrf/process-info,spine2,,61,64,231,2,,default,1,true,1,2093324,default,64,430,11338,2093324
2020-02-05 01:40:46.978000+00:00,Cisco-IOS-XR-ipv4-bgp-oper:bgp/instances/instance/instance-active/default-vrf/process-info,spine2,,61,64,231,2,,default,1,true,1,2093341,default,64,430,11342,2093341
2020-02-05 01:40:50.951000+00:00,Cisco-IOS-XR-ipv4-bgp-oper:bgp/instances/instance/instance-active/default-vrf/process-info,spine2,,61,64,231,2,,default,1,true,1,2093345,default,64,430,11346,2093345
2020-02-05 01:40:56.852000+00:00,Cisco-IOS-XR-ipv4-bgp-oper:bgp/instances/instance/instance-active/default-vrf/process-info,spine2,,61,64,231,2,,default,1,true,1,2093345,default,64,430,11346,2093345
2020-02-05 01:41:00.962000+00:00,Cisco-IOS-XR-ipv4-bgp-oper:bgp/instances/instance/instance-active/default-vrf/process-info,spine2,,61,64,231,2,,default,1,true,1,2093345,default,64,430,11346,2093345
2020-02-05 01:41:06.869000+00:00,Cisco-IOS-XR-ipv4-bgp-oper:bgp/instances/instance/instance-active/default-vrf/process-info,spine2,,61,64,231,2,,default,1,true,1,2093345,default,64,430,11346,2093345
2020-02-05 01:41:10.953000+00:00,Cisco-IOS-XR-ipv4-bgp-oper:bgp/instances/instance/instance-active/default-vrf/process-info,spine2,,61,64,231,2,,default,1,true,1,2093345,default,64,430,11346,2093345
2020-02-05 01:41:16.843000+00:00,Cisco-IOS-XR-ipv4-bgp-oper:bgp/instances/instance/instance-active/default-vrf/process-info,spine2,,61,64,231,2,,default,1,true,1,2093362,default,64,430,11342,2093362
2020-02-05 01:41:20.959000+00:00,Cisco-IOS-XR-ipv4-bgp-oper:bgp/instances/instance/instance-active/default-vrf/process-info,spine2,,61,64,231,2,,default,1,true,1,2093366,default,64,430,11342,2093366
2020-02-05 01:41:26.955000+00:00,Cisco-IOS-XR-ipv4-bgp-oper:bgp/instances/instance/instance-active/default-vrf/process-info,spine2,,61,64,231,2,,default,1,true,1,2093366,default,64,430,11342,2093366
2020-02-05 01:41:30.956000+00:00,Cisco-IOS-XR-ipv4-bgp-oper:bgp/instances/instance/instance-active/default-vrf/process-info,spine2,,61,64,231,2,,default,1,true,1,2093366,default,64,430,11342,2093366
2020-02-05 01:41:36.880000+00:00,Cisco-IOS-XR-ipv4-bgp-oper:bgp/instances/instance/instance-active/default-vrf/process-info,spine2,,61,64,231,2,,default,1,true,1,2093366,default,64,430,11342,2093366
2020-02-05 01:41:40.964000+00:00,Cisco-IOS-XR-ipv4-bgp-oper:bgp/instances/instance/instance-active/default-vrf/process-info,spine2,,61,64,231,2,,default,1,true,1,2093366,default,64,430,11342,2093366
2020-02-05 01:41:46.857000+00:00,Cisco-IOS-XR-ipv4-bgp-oper:bgp/instances/instance/instance-active/default-vrf/process-info,spine2,,61,64,231,2,,default,1,true,1,2093379,default,64,430,11329,2093379
2020-02-05 01:41:50.955000+00:00,Cisco-IOS-XR-ipv4-bgp-oper:bgp/instances/instance/instance-active/default-vrf/process-info,spine2,,61,64,231,2,,default,1,true,1,2093383,default,64,430,11329,2093383
2020-02-05 01:41:56.933000+00:00,Cisco-IOS-XR-ipv4-bgp-oper:bgp/instances/instance/instance-active/default-vrf/process-info,spine2,,61,64,231,2,,default,1,true,1,2093383,default,64,430,11329,2093383
2020-02-05 01:42:00.961000+00:00,Cisco-IOS-XR-ipv4-bgp-oper:bgp/instances/instance/instance-active/default-vrf/process-info,spine2,,61,64,231,2,,default,1,true,1,2093383,default,64,430,11329,2093383
2020-02-05 01:42:06.879000+00:00,Cisco-IOS-XR-ipv4-bgp-oper:bgp/instances/instance/instance-active/default-vrf/process-info,spine2,,61,64,231,2,,default,1,true,1,2093383,default,64,430,11329,2093383
2020-02-05 01:42:10.965000+00:00,Cisco-IOS-XR-ipv4-bgp-oper:bgp/instances/instance/instance-active/default-vrf/process-info,spine2,,61,64,231,2,,default,1,true,1,2093383,default,64,430,11329,2093383
2020-02-05 01:42:16.892000+00:00,Cisco-IOS-XR-ipv4-bgp-oper:bgp/instances/instance/instance-active/default-vrf/process-info,spine2,,61,64,231,2,,default,1,true,1,2093392,default,64,430,11329,2093392
2020-02-05 01:42:20.966000+00:00,Cisco-IOS-XR-ipv4-bgp-oper:bgp/instances/instance/instance-active/default-vrf/process-info,spine2,,61,64,231,2,,default,1,true,1,2093396,default,64,430,11325,2093396
2020-02-05 01:42:26.852000+00:00,Cisco-IOS-XR-ipv4-bgp-oper:bgp/instances/instance/instance-active/default-vrf/process-info,spine2,,61,64,231,2,,default,1,true,1,2093396,default,64,430,11325,2093396
2020-02-05 01:42:30.959000+00:00,Cisco-IOS-XR-ipv4-bgp-oper:bgp/instances/instance/instance-active/default-vrf/process-info,spine2,,61,64,231,2,,default,1,true,1,2093396,default,64,430,11325,2093396
2020-02-05 01:42:36.986000+00:00,Cisco-IOS-XR-ipv4-bgp-oper:bgp/instances/instance/instance-active/default-vrf/process-info,spine2,,61,64,231,2,,default,1,true,1,2093396,default,64,430,11325,2093396
2020-02-05 01:42:40.957000+00:00,Cisco-IOS-XR-ipv4-bgp-oper:bgp/instances/instance/instance-active/default-vrf/process-info,spine2,,61,64,231,2,,default,1,true,1,2093396,default,64,430,11325,2093396
2020-02-05 01:42:46.857000+00:00,Cisco-IOS-XR-ipv4-bgp-oper:bgp/instances/instance/instance-active/default-vrf/process-info,spine2,,61,64,231,2,,default,1,true,1,2093404,default,64,430,11325,2093404
2020-02-05 01:42:50.961000+00:00,Cisco-IOS-XR-ipv4-bgp-oper:bgp/instances/instance/instance-active/default-vrf/process-info,spine2,,61,64,231,2,,default,1,true,1,2093408,default,64,430,11325,2093408
2020-02-05 01:42:57.280000+00:00,Cisco-IOS-XR-ipv4-bgp-oper:bgp/instances/instance/instance-active/default-vrf/process-info,spine2,,61,64,231,2,,default,1,true,1,2093408,default,64,430,11325,2093408
2020-02-05 01:43:00.961000+00:00,Cisco-IOS-XR-ipv4-bgp-oper:bgp/instances/instance/instance-active/default-vrf/process-info,spine2,,61,64,231,2,,default,1,true,1,2093408,default,64,430,11325,2093408
2020-02-05 01:43:06.875000+00:00,Cisco-IOS-XR-ipv4-bgp-oper:bgp/instances/instance/instance-active/default-vrf/process-info,spine2,,61,64,231,2,,default,1,true,1,2093408,default,64,430,11325,2093408
2020-02-05 01:43:10.970000+00:00,Cisco-IOS-XR-ipv4-bgp-oper:bgp/instances/instance/instance-active/default-vrf/process-info,spine2,,61,64,231,2,,default,1,true,1,2093408,default,64,430,11325,2093408
2020-02-05 01:43:16.948000+00:00,Cisco-IOS-XR-ipv4-bgp-oper:bgp/instances/instance/instance-active/default-vrf/process-info,spine2,,61,64,231,2,,default,1,true,1,2093412,default,64,430,11325,2093412
2020-02-05 01:43:20.961000+00:00,Cisco-IOS-XR-ipv4-bgp-oper:bgp/instances/instance/instance-active/default-vrf/process-info,spine2,,61,64,231,2,,default,1,true,1,2093416,default,64,429,11325,2093416
2020-02-05 01:43:26.854000+00:00,Cisco-IOS-XR-ipv4-bgp-oper:bgp/instances/instance/instance-active/default-vrf/process-info,spine2,,61,64,231,2,,default,1,true,1,2093416,default,64,429,11325,2093416
2020-02-05 01:43:30.970000+00:00,Cisco-IOS-XR-ipv4-bgp-oper:bgp/instances/instance/instance-active/default-vrf/process-info,spine2,,61,64,231,2,,default,1,true,1,2093416,default,64,429,11325,2093416
2020-02-05 01:43:36.873000+00:00,Cisco-IOS-XR-ipv4-bgp-oper:bgp/instances/instance/instance-active/default-vrf/process-info,spine2,,61,64,231,2,,default,1,true,1,2093416,default,64,429,11325,2093416
2020-02-05 01:43:40.962000+00:00,Cisco-IOS-XR-ipv4-bgp-oper:bgp/instances/instance/instance-active/default-vrf/process-info,spine2,,61,64,231,2,,default,1,true,1,2093416,default,64,429,11325,2093416
2020-02-05 01:43:46.867000+00:00,Cisco-IOS-XR-ipv4-bgp-oper:bgp/instances/instance/instance-active/default-vrf/process-info,spine2,,61,64,231,2,,default,1,true,1,2093416,default,64,429,11325,2093416
2020-02-05 01:43:50.964000+00:00,Cisco-IOS-XR-ipv4-bgp-oper:bgp/instances/instance/instance-active/default-vrf/process-info,spine2,,61,64,231,2,,default,1,true,1,2093416,default,64,429,11325,2093416
2020-02-05 01:43:56.857000+00:00,Cisco-IOS-XR-ipv4-bgp-oper:bgp/instances/instance/instance-active/default-vrf/process-info,spine2,,61,64,231,2,,default,1,true,1,2093416,default,64,429,11325,2093416
2020-02-05 01:44:00.964000+00:00,Cisco-IOS-XR-ipv4-bgp-oper:bgp/instances/instance/instance-active/default-vrf/process-info,spine2,,61,64,231,2,,default,1,true,1,2093416,default,64,429,11325,2093416
2020-02-05 01:44:06.883000+00:00,Cisco-IOS-XR-ipv4-bgp-oper:bgp/instances/instance/instance-active/default-vrf/process-info,spine2,,61,64,231,2,,default,1,true,1,2093416,default,64,429,11325,2093416
2020-02-05 01:44:10.968000+00:00,Cisco-IOS-XR-ipv4-bgp-oper:bgp/instances/instance/instance-active/default-vrf/process-info,spine2,,61,64,231,2,,default,1,true,1,2093416,default,64,429,11325,2093416
2020-02-05 01:44:16.865000+00:00,Cisco-IOS-XR-ipv4-bgp-oper:bgp/instances/instance/instance-active/default-vrf/process-info,spine2,,61,64,231,2,,default,1,true,1,2093416,default,64,429,11325,2093416
2020-02-05 01:44:20.965000+00:00,Cisco-IOS-XR-ipv4-bgp-oper:bgp/instances/instance/instance-active/default-vrf/process-info,spine2,,61,64,231,2,,default,1,true,1,2093416,default,64,429,11325,2093416
2020-02-05 01:44:26.962000+00:00,Cisco-IOS-XR-ipv4-bgp-oper:bgp/instances/instance/instance-active/default-vrf/process-info,spine2,,61,64,231,2,,default,1,true,1,2093416,default,64,429,11325,2093416
2020-02-05 01:44:30.962000+00:00,Cisco-IOS-XR-ipv4-bgp-oper:bgp/instances/instance/instance-active/default-vrf/process-info,spine2,,61,64,231,2,,default,1,true,1,2093416,default,64,429,11325,2093416
2020-02-05 01:44:36.877000+00:00,Cisco-IOS-XR-ipv4-bgp-oper:bgp/instances/instance/instance-active/default-vrf/process-info,spine2,,61,64,231,2,,default,1,true,1,2093416,default,64,429,11325,2093416
2020-02-05 01:44:40.971000+00:00,Cisco-IOS-XR-ipv4-bgp-oper:bgp/instances/instance/instance-active/default-vrf/process-info,spine2,,61,64,231,2,,default,1,true,1,2093416,default,64,429,11325,2093416
2020-02-05 01:44:46.854000+00:00,Cisco-IOS-XR-ipv4-bgp-oper:bgp/instances/instance/instance-active/default-vrf/process-info,spine2,,61,64,231,2,,default,1,true,1,2093416,default,64,429,11325,2093416
2020-02-05 01:44:50.963000+00:00,Cisco-IOS-XR-ipv4-bgp-oper:bgp/instances/instance/instance-active/default-vrf/process-info,spine2,,61,64,231,2,,default,1,true,1,2093416,default,64,429,11325,2093416
2020-02-05 01:44:56.865000+00:00,Cisco-IOS-XR-ipv4-bgp-oper:bgp/instances/instance/instance-active/default-vrf/process-info,spine2,,61,64,231,2,,default,1,true,1,2093416,default,64,429,11325,2093416
2020-02-05 01:45:00.966000+00:00,Cisco-IOS-XR-ipv4-bgp-oper:bgp/instances/instance/instance-active/default-vrf/process-info,spine2,,61,64,231,2,,default,1,true,1,2093416,default,64,429,11325,2093416
2020-02-05 01:45:06.954000+00:00,Cisco-IOS-XR-ipv4-bgp-oper:bgp/instances/instance/instance-active/default-vrf/process-info,spine2,,61,64,231,2,,default,1,true,1,2093416,default,64,429,11325,2093416
2020-02-05 01:45:10.971000+00:00,Cisco-IOS-XR-ipv4-bgp-oper:bgp/instances/instance/instance-active/default-vrf/process-info,spine2,,61,64,231,2,,default,1,true,1,2093416,default,64,429,11325,2093416
2020-02-05 01:45:16.861000+00:00,Cisco-IOS-XR-ipv4-bgp-oper:bgp/instances/instance/instance-active/default-vrf/process-info,spine2,,61,64,231,2,,default,1,true,1,2093416,default,64,429,11325,2093416
2020-02-05 01:45:20.964000+00:00,Cisco-IOS-XR-ipv4-bgp-oper:bgp/instances/instance/instance-active/default-vrf/process-info,spine2,,61,64,231,2,,default,1,true,1,2093416,default,64,429,11325,2093416
2020-02-05 01:45:26.864000+00:00,Cisco-IOS-XR-ipv4-bgp-oper:bgp/instances/instance/instance-active/default-vrf/process-info,spine2,,61,64,231,2,,default,1,true,1,2093416,default,64,429,11325,2093416
2020-02-05 01:45:30.968000+00:00,Cisco-IOS-XR-ipv4-bgp-oper:bgp/instances/instance/instance-active/default-vrf/process-info,spine2,,61,64,231,2,,default,1,true,1,2093416,default,64,429,11325,2093416
2020-02-05 01:45:36.896000+00:00,Cisco-IOS-XR-ipv4-bgp-oper:bgp/instances/instance/instance-active/default-vrf/process-info,spine2,,61,64,231,2,,default,1,true,1,2093416,default,64,429,11325,2093416
2020-02-05 01:45:40.969000+00:00,Cisco-IOS-XR-ipv4-bgp-oper:bgp/instances/instance/instance-active/default-vrf/process-info,spine2,,61,64,231,2,,default,1,true,1,2093416,default,64,429,11325,2093416
2020-02-05 01:45:46.856000+00:00,Cisco-IOS-XR-ipv4-bgp-oper:bgp/instances/instance/instance-active/default-vrf/process-info,spine2,,61,64,231,2,,default,1,true,1,2093416,default,64,429,11325,2093416
2020-02-05 01:45:50.969000+00:00,Cisco-IOS-XR-ipv4-bgp-oper:bgp/instances/instance/instance-active/default-vrf/process-info,spine2,,61,64,231,2,,default,1,true,1,2093416,default,64,429,11325,2093416
2020-02-05 01:45:56.862000+00:00,Cisco-IOS-XR-ipv4-bgp-oper:bgp/instances/instance/instance-active/default-vrf/process-info,spine2,,61,64,231,2,,default,1,true,1,2093416,default,64,429,11325,2093416
2020-02-05 01:46:00.970000+00:00,Cisco-IOS-XR-ipv4-bgp-oper:bgp/instances/instance/instance-active/default-vrf/process-info,spine2,,61,64,231,2,,default,1,true,1,2093416,default,64,429,11325,2093416
2020-02-05 01:46:06.879000+00:00,Cisco-IOS-XR-ipv4-bgp-oper:bgp/instances/instance/instance-active/default-vrf/process-info,spine2,,61,64,231,2,,default,1,true,1,2093416,default,64,429,11325,2093416
2020-02-05 01:46:10.975000+00:00,Cisco-IOS-XR-ipv4-bgp-oper:bgp/instances/instance/instance-active/default-vrf/process-info,spine2,,61,64,231,2,,default,1,true,1,2093416,default,64,429,11325,2093416
2020-02-05 01:46:16.957000+00:00,Cisco-IOS-XR-ipv4-bgp-oper:bgp/instances/instance/instance-active/default-vrf/process-info,spine2,,61,64,231,2,,default,1,true,1,2093416,default,64,429,11325,2093416
2020-02-05 01:46:20.965000+00:00,Cisco-IOS-XR-ipv4-bgp-oper:bgp/instances/instance/instance-active/default-vrf/process-info,spine2,,61,64,231,2,,default,1,true,1,2093416,default,64,429,11325,2093416
2020-02-05 01:46:26.853000+00:00,Cisco-IOS-XR-ipv4-bgp-oper:bgp/instances/instance/instance-active/default-vrf/process-info,spine2,,61,64,231,2,,default,1,true,1,2093416,default,64,429,11325,2093416
2020-02-05 01:46:30.974000+00:00,Cisco-IOS-XR-ipv4-bgp-oper:bgp/instances/instance/instance-active/default-vrf/process-info,spine2,,61,64,231,2,,default,1,true,1,2093416,default,64,429,11325,2093416
2020-02-05 01:46:36.879000+00:00,Cisco-IOS-XR-ipv4-bgp-oper:bgp/instances/instance/instance-active/default-vrf/process-info,spine2,,61,64,231,2,,default,1,true,1,2093416,default,64,429,11325,2093416
2020-02-05 01:46:40.967000+00:00,Cisco-IOS-XR-ipv4-bgp-oper:bgp/instances/instance/instance-active/default-vrf/process-info,spine2,,61,64,231,2,,default,1,true,1,2093416,default,64,429,11325,2093416
2020-02-05 01:46:46.873000+00:00,Cisco-IOS-XR-ipv4-bgp-oper:bgp/instances/instance/instance-active/default-vrf/process-info,spine2,,61,64,231,2,,default,1,true,1,2093416,default,64,429,11325,2093416
2020-02-05 01:46:50.973000+00:00,Cisco-IOS-XR-ipv4-bgp-oper:bgp/instances/instance/instance-active/default-vrf/process-info,spine2,,61,64,231,2,,default,1,true,1,2093416,default,64,429,11325,2093416
2020-02-05 01:46:56.964000+00:00,Cisco-IOS-XR-ipv4-bgp-oper:bgp/instances/instance/instance-active/default-vrf/process-info,spine2,,61,64,231,2,,default,1,true,1,2093416,default,64,429,11325,2093416
2020-02-05 01:47:00.967000+00:00,Cisco-IOS-XR-ipv4-bgp-oper:bgp/instances/instance/instance-active/default-vrf/process-info,spine2,,61,64,231,2,,default,1,true,1,2093416,default,64,429,11325,2093416
2020-02-05 01:47:06.890000+00:00,Cisco-IOS-XR-ipv4-bgp-oper:bgp/instances/instance/instance-active/default-vrf/process-info,spine2,,61,64,231,2,,default,1,true,1,2093416,default,64,429,11325,2093416
2020-02-05 01:47:10.971000+00:00,Cisco-IOS-XR-ipv4-bgp-oper:bgp/instances/instance/instance-active/default-vrf/process-info,spine2,,61,64,231,2,,default,1,true,1,2093416,default,64,429,11325,2093416
2020-02-05 01:47:16.860000+00:00,Cisco-IOS-XR-ipv4-bgp-oper:bgp/instances/instance/instance-active/default-vrf/process-info,spine2,,61,64,231,2,,default,1,true,1,2093416,default,64,429,11325,2093416
2020-02-05 01:47:20.967000+00:00,Cisco-IOS-XR-ipv4-bgp-oper:bgp/instances/instance/instance-active/default-vrf/process-info,spine2,,61,64,231,2,,default,1,true,1,2093416,default,64,429,11325,2093416
2020-02-05 01:47:26.853000+00:00,Cisco-IOS-XR-ipv4-bgp-oper:bgp/instances/instance/instance-active/default-vrf/process-info,spine2,,61,64,231,2,,default,1,true,1,2093416,default,64,429,11325,2093416
2020-02-05 01:47:30.974000+00:00,Cisco-IOS-XR-ipv4-bgp-oper:bgp/instances/instance/instance-active/default-vrf/process-info,spine2,,61,64,231,2,,default,1,true,1,2093416,default,64,429,11325,2093416
2020-02-05 01:47:36.883000+00:00,Cisco-IOS-XR-ipv4-bgp-oper:bgp/instances/instance/instance-active/default-vrf/process-info,spine2,,61,64,231,2,,default,1,true,1,2093416,default,64,429,11325,2093416
2020-02-05 01:47:40.972000+00:00,Cisco-IOS-XR-ipv4-bgp-oper:bgp/instances/instance/instance-active/default-vrf/process-info,spine2,,61,64,231,2,,default,1,true,1,2093416,default,64,429,11325,2093416
2020-02-05 01:47:46.893000+00:00,Cisco-IOS-XR-ipv4-bgp-oper:bgp/instances/instance/instance-active/default-vrf/process-info,spine2,,61,64,231,2,,default,1,true,1,2093416,default,64,429,11325,2093416
2020-02-05 01:47:50.969000+00:00,Cisco-IOS-XR-ipv4-bgp-oper:bgp/instances/instance/instance-active/default-vrf/process-info,spine2,,61,64,231,2,,default,1,true,1,2093416,default,64,429,11325,2093416
2020-02-05 01:47:56.856000+00:00,Cisco-IOS-XR-ipv4-bgp-oper:bgp/instances/instance/instance-active/default-vrf/process-info,spine2,,61,64,231,2,,default,1,true,1,2093416,default,64,429,11325,2093416
2020-02-05 01:48:00.967000+00:00,Cisco-IOS-XR-ipv4-bgp-oper:bgp/instances/instance/instance-active/default-vrf/process-info,spine2,,61,64,231,2,,default,1,true,1,2093416,default,64,429,11325,2093416
2020-02-05 01:48:06.958000+00:00,Cisco-IOS-XR-ipv4-bgp-oper:bgp/instances/instance/instance-active/default-vrf/process-info,spine2,,61,64,231,2,,default,1,true,1,2093416,default,64,429,11325,2093416
2020-02-05 01:48:10.967000+00:00,Cisco-IOS-XR-ipv4-bgp-oper:bgp/instances/instance/instance-active/default-vrf/process-info,spine2,,61,64,231,2,,default,1,true,1,2093416,default,64,429,11325,2093416
2020-02-05 01:48:16.860000+00:00,Cisco-IOS-XR-ipv4-bgp-oper:bgp/instances/instance/instance-active/default-vrf/process-info,spine2,,61,64,231,2,,default,1,true,1,2093416,default,64,429,11325,2093416
2020-02-05 01:48:20.970000+00:00,Cisco-IOS-XR-ipv4-bgp-oper:bgp/instances/instance/instance-active/default-vrf/process-info,spine2,,61,64,231,2,,default,1,true,1,2093416,default,64,429,11325,2093416
2020-02-05 01:48:26.923000+00:00,Cisco-IOS-XR-ipv4-bgp-oper:bgp/instances/instance/instance-active/default-vrf/process-info,spine2,,61,64,231,2,,default,1,true,1,2093416,default,64,429,11325,2093416
2020-02-05 01:48:30.969000+00:00,Cisco-IOS-XR-ipv4-bgp-oper:bgp/instances/instance/instance-active/default-vrf/process-info,spine2,,61,64,231,2,,default,1,true,1,2093416,default,64,429,11325,2093416
2020-02-05 01:48:36.879000+00:00,Cisco-IOS-XR-ipv4-bgp-oper:bgp/instances/instance/instance-active/default-vrf/process-info,spine2,,61,64,231,2,,default,1,true,1,2093416,default,64,429,11325,2093416
2020-02-05 01:48:40.967000+00:00,Cisco-IOS-XR-ipv4-bgp-oper:bgp/instances/instance/instance-active/default-vrf/process-info,spine2,,61,64,231,2,,default,1,true,1,2093416,default,64,429,11325,2093416
2020-02-05 01:48:46.962000+00:00,Cisco-IOS-XR-ipv4-bgp-oper:bgp/instances/instance/instance-active/default-vrf/process-info,spine2,,61,64,231,2,,default,1,true,1,2093416,default,64,429,11325,2093416
2020-02-05 01:48:50.969000+00:00,Cisco-IOS-XR-ipv4-bgp-oper:bgp/instances/instance/instance-active/default-vrf/process-info,spine2,,61,64,231,2,,default,1,true,1,2093416,default,64,429,11325,2093416
2020-02-05 01:48:56.855000+00:00,Cisco-IOS-XR-ipv4-bgp-oper:bgp/instances/instance/instance-active/default-vrf/process-info,spine2,,61,64,231,2,,default,1,true,1,2093416,default,64,429,11325,2093416
2020-02-05 01:49:01.195000+00:00,Cisco-IOS-XR-ipv4-bgp-oper:bgp/instances/instance/instance-active/default-vrf/process-info,spine2,,61,64,231,2,,default,1,true,1,2093416,default,64,429,11325,2093416
2020-02-05 01:49:06.885000+00:00,Cisco-IOS-XR-ipv4-bgp-oper:bgp/instances/instance/instance-active/default-vrf/process-info,spine2,,61,64,231,2,,default,1,true,1,2093416,default,64,429,11325,2093416
2020-02-05 01:49:10.971000+00:00,Cisco-IOS-XR-ipv4-bgp-oper:bgp/instances/instance/instance-active/default-vrf/process-info,spine2,,61,64,231,2,,default,1,true,1,2093416,default,64,429,11325,2093416
2020-02-05 01:49:16.884000+00:00,Cisco-IOS-XR-ipv4-bgp-oper:bgp/instances/instance/instance-active/default-vrf/process-info,spine2,,61,64,231,2,,default,1,true,1,2093416,default,64,429,11325,2093416
2020-02-05 01:49:20.973000+00:00,Cisco-IOS-XR-ipv4-bgp-oper:bgp/instances/instance/instance-active/default-vrf/process-info,spine2,,61,64,231,2,,default,1,true,1,2093416,default,64,429,11325,2093416
2020-02-05 01:49:27.393000+00:00,Cisco-IOS-XR-ipv4-bgp-oper:bgp/instances/instance/instance-active/default-vrf/process-info,spine2,,61,64,231,2,,default,1,true,1,2093416,default,64,429,11325,2093416
2020-02-05 01:49:30.970000+00:00,Cisco-IOS-XR-ipv4-bgp-oper:bgp/instances/instance/instance-active/default-vrf/process-info,spine2,,61,64,231,2,,default,1,true,1,2093416,default,64,429,11325,2093416
2020-02-05 01:49:36.898000+00:00,Cisco-IOS-XR-ipv4-bgp-oper:bgp/instances/instance/instance-active/default-vrf/process-info,spine2,,61,64,231,2,,default,1,true,1,2093416,default,64,429,11325,2093416
2020-02-05 01:49:40.974000+00:00,Cisco-IOS-XR-ipv4-bgp-oper:bgp/instances/instance/instance-active/default-vrf/process-info,spine2,,61,64,231,2,,default,1,true,1,2093416,default,64,429,11325,2093416
2020-02-05 01:49:46.861000+00:00,Cisco-IOS-XR-ipv4-bgp-oper:bgp/instances/instance/instance-active/default-vrf/process-info,spine2,,61,64,231,2,,default,1,true,1,2093416,default,64,429,11325,2093416
2020-02-05 01:49:50.979000+00:00,Cisco-IOS-XR-ipv4-bgp-oper:bgp/instances/instance/instance-active/default-vrf/process-info,spine2,,61,64,231,2,,default,1,true,1,2093416,default,64,429,11325,2093416
2020-02-05 01:49:56.939000+00:00,Cisco-IOS-XR-ipv4-bgp-oper:bgp/instances/instance/instance-active/default-vrf/process-info,spine2,,61,64,231,2,,default,1,true,1,2093416,default,64,429,11325,2093416
2020-02-05 01:50:00.974000+00:00,Cisco-IOS-XR-ipv4-bgp-oper:bgp/instances/instance/instance-active/default-vrf/process-info,spine2,,61,64,231,2,,default,1,true,1,2093416,default,64,429,11325,2093416
2020-02-05 01:50:06.886000+00:00,Cisco-IOS-XR-ipv4-bgp-oper:bgp/instances/instance/instance-active/default-vrf/process-info,spine2,,61,64,231,2,,default,1,true,1,2093416,default,64,429,11325,2093416
2020-02-05 01:50:10.985000+00:00,Cisco-IOS-XR-ipv4-bgp-oper:bgp/instances/instance/instance-active/default-vrf/process-info,spine2,,61,64,231,2,,default,1,true,1,2093416,default,64,429,11325,2093416
2020-02-05 01:50:16.873000+00:00,Cisco-IOS-XR-ipv4-bgp-oper:bgp/instances/instance/instance-active/default-vrf/process-info,spine2,,61,64,231,2,,default,1,true,1,2093416,default,64,429,11325,2093416
2020-02-05 01:50:20.975000+00:00,Cisco-IOS-XR-ipv4-bgp-oper:bgp/instances/instance/instance-active/default-vrf/process-info,spine2,,61,64,231,2,,default,1,true,1,2093416,default,64,429,11325,2093416
2020-02-05 01:50:26.866000+00:00,Cisco-IOS-XR-ipv4-bgp-oper:bgp/instances/instance/instance-active/default-vrf/process-info,spine2,,61,64,231,2,,default,1,true,1,2093416,default,64,429,11325,2093416
2020-02-05 01:50:30.981000+00:00,Cisco-IOS-XR-ipv4-bgp-oper:bgp/instances/instance/instance-active/default-vrf/process-info,spine2,,61,64,231,2,,default,1,true,1,2093477,default,64,429,11325,2093477
2020-02-05 01:50:36.964000+00:00,Cisco-IOS-XR-ipv4-bgp-oper:bgp/instances/instance/instance-active/default-vrf/process-info,spine2,,61,64,231,2,,default,1,true,1,2093477,default,64,429,11325,2093477
2020-02-05 01:50:40.971000+00:00,Cisco-IOS-XR-ipv4-bgp-oper:bgp/instances/instance/instance-active/default-vrf/process-info,spine2,,61,64,231,2,,default,1,true,1,2093477,default,64,429,11325,2093477
2020-02-05 01:50:46.863000+00:00,Cisco-IOS-XR-ipv4-bgp-oper:bgp/instances/instance/instance-active/default-vrf/process-info,spine2,,61,64,231,2,,default,1,true,1,2093477,default,64,429,11325,2093477
2020-02-05 01:50:50.981000+00:00,Cisco-IOS-XR-ipv4-bgp-oper:bgp/instances/instance/instance-active/default-vrf/process-info,spine2,,61,64,231,2,,default,1,true,1,2093477,default,64,429,11325,2093477
2020-02-05 01:50:56.860000+00:00,Cisco-IOS-XR-ipv4-bgp-oper:bgp/instances/instance/instance-active/default-vrf/process-info,spine2,,61,64,231,2,,default,1,true,1,2093477,default,64,429,11325,2093477
2020-02-05 01:51:00.975000+00:00,Cisco-IOS-XR-ipv4-bgp-oper:bgp/instances/instance/instance-active/default-vrf/process-info,spine2,,61,64,231,2,,default,1,true,1,2093538,default,64,429,11321,2093538
2020-02-05 01:51:06.898000+00:00,Cisco-IOS-XR-ipv4-bgp-oper:bgp/instances/instance/instance-active/default-vrf/process-info,spine2,,61,64,231,2,,default,1,true,1,2093538,default,64,429,11321,2093538
2020-02-05 01:51:10.976000+00:00,Cisco-IOS-XR-ipv4-bgp-oper:bgp/instances/instance/instance-active/default-vrf/process-info,spine2,,61,64,231,2,,default,1,true,1,2093538,default,64,429,11321,2093538
2020-02-05 01:51:16.855000+00:00,Cisco-IOS-XR-ipv4-bgp-oper:bgp/instances/instance/instance-active/default-vrf/process-info,spine2,,61,64,231,2,,default,1,true,1,2093538,default,64,429,11321,2093538
2020-02-05 01:51:20.979000+00:00,Cisco-IOS-XR-ipv4-bgp-oper:bgp/instances/instance/instance-active/default-vrf/process-info,spine2,,61,64,231,2,,default,1,true,1,2093538,default,64,429,11321,2093538
2020-02-05 01:51:26.869000+00:00,Cisco-IOS-XR-ipv4-bgp-oper:bgp/instances/instance/instance-active/default-vrf/process-info,spine2,,61,64,231,2,,default,1,true,1,2093538,default,64,429,11321,2093538
2020-02-05 01:51:30.983000+00:00,Cisco-IOS-XR-ipv4-bgp-oper:bgp/instances/instance/instance-active/default-vrf/process-info,spine2,,61,64,231,2,,default,1,true,1,2093599,default,64,429,11321,2093599
2020-02-05 01:51:36.912000+00:00,Cisco-IOS-XR-ipv4-bgp-oper:bgp/instances/instance/instance-active/default-vrf/process-info,spine2,,61,64,231,2,,default,1,true,1,2093599,default,64,429,11321,2093599
2020-02-05 01:51:40.978000+00:00,Cisco-IOS-XR-ipv4-bgp-oper:bgp/instances/instance/instance-active/default-vrf/process-info,spine2,,61,64,231,2,,default,1,true,1,2093599,default,64,429,11321,2093599
2020-02-05 01:51:46.905000+00:00,Cisco-IOS-XR-ipv4-bgp-oper:bgp/instances/instance/instance-active/default-vrf/process-info,spine2,,61,64,231,2,,default,1,true,1,2093599,default,64,429,11321,2093599
2020-02-05 01:51:50.973000+00:00,Cisco-IOS-XR-ipv4-bgp-oper:bgp/instances/instance/instance-active/default-vrf/process-info,spine2,,61,64,231,2,,default,1,true,1,2093599,default,64,429,11321,2093599
2020-02-05 01:51:56.868000+00:00,Cisco-IOS-XR-ipv4-bgp-oper:bgp/instances/instance/instance-active/default-vrf/process-info,spine2,,61,64,231,2,,default,1,true,1,2093599,default,64,429,11321,2093599
2020-02-05 01:52:00.976000+00:00,Cisco-IOS-XR-ipv4-bgp-oper:bgp/instances/instance/instance-active/default-vrf/process-info,spine2,,61,64,231,2,,default,1,true,1,2093660,default,64,429,11292,2093660
2020-02-05 01:52:06.885000+00:00,Cisco-IOS-XR-ipv4-bgp-oper:bgp/instances/instance/instance-active/default-vrf/process-info,spine2,,61,64,231,2,,default,1,true,1,2093660,default,64,429,11292,2093660
2020-02-05 01:52:10.975000+00:00,Cisco-IOS-XR-ipv4-bgp-oper:bgp/instances/instance/instance-active/default-vrf/process-info,spine2,,61,64,231,2,,default,1,true,1,2093660,default,64,429,11292,2093660
2020-02-05 01:52:16.867000+00:00,Cisco-IOS-XR-ipv4-bgp-oper:bgp/instances/instance/instance-active/default-vrf/process-info,spine2,,61,64,231,2,,default,1,true,1,2093660,default,64,429,11292,2093660
2020-02-05 01:52:20.983000+00:00,Cisco-IOS-XR-ipv4-bgp-oper:bgp/instances/instance/instance-active/default-vrf/process-info,spine2,,61,64,231,2,,default,1,true,1,2093660,default,64,429,11292,2093660
2020-02-05 01:52:26.929000+00:00,Cisco-IOS-XR-ipv4-bgp-oper:bgp/instances/instance/instance-active/default-vrf/process-info,spine2,,61,64,231,2,,default,1,true,1,2093660,default,64,429,11292,2093660
2020-02-05 01:52:30.973000+00:00,Cisco-IOS-XR-ipv4-bgp-oper:bgp/instances/instance/instance-active/default-vrf/process-info,spine2,,61,64,231,2,,default,1,true,1,2093713,default,64,429,11288,2093713
2020-02-05 01:52:36.876000+00:00,Cisco-IOS-XR-ipv4-bgp-oper:bgp/instances/instance/instance-active/default-vrf/process-info,spine2,,61,64,231,2,,default,1,true,1,2093713,default,64,429,11288,2093713
2020-02-05 01:52:40.982000+00:00,Cisco-IOS-XR-ipv4-bgp-oper:bgp/instances/instance/instance-active/default-vrf/process-info,spine2,,61,64,231,2,,default,1,true,1,2093713,default,64,429,11288,2093713
2020-02-05 01:52:46.863000+00:00,Cisco-IOS-XR-ipv4-bgp-oper:bgp/instances/instance/instance-active/default-vrf/process-info,spine2,,61,64,231,2,,default,1,true,1,2093713,default,64,429,11288,2093713
2020-02-05 01:52:50.974000+00:00,Cisco-IOS-XR-ipv4-bgp-oper:bgp/instances/instance/instance-active/default-vrf/process-info,spine2,,61,64,231,2,,default,1,true,1,2093713,default,64,429,11288,2093713
2020-02-05 01:52:56.873000+00:00,Cisco-IOS-XR-ipv4-bgp-oper:bgp/instances/instance/instance-active/default-vrf/process-info,spine2,,61,64,231,2,,default,1,true,1,2093713,default,64,429,11288,2093713
2020-02-05 01:53:00.978000+00:00,Cisco-IOS-XR-ipv4-bgp-oper:bgp/instances/instance/instance-active/default-vrf/process-info,spine2,,61,64,231,2,,default,1,true,1,2093766,default,64,429,11269,2093766
2020-02-05 01:53:06.861000+00:00,Cisco-IOS-XR-ipv4-bgp-oper:bgp/instances/instance/instance-active/default-vrf/process-info,spine2,,61,64,231,2,,default,1,true,1,2093766,default,64,429,11269,2093766
2020-02-05 01:53:10.983000+00:00,Cisco-IOS-XR-ipv4-bgp-oper:bgp/instances/instance/instance-active/default-vrf/process-info,spine2,,61,64,231,2,,default,1,true,1,2093766,default,64,429,11269,2093766
2020-02-05 01:53:16.870000+00:00,Cisco-IOS-XR-ipv4-bgp-oper:bgp/instances/instance/instance-active/default-vrf/process-info,spine2,,61,64,231,2,,default,1,true,1,2093766,default,64,429,11269,2093766
2020-02-05 01:53:20.984000+00:00,Cisco-IOS-XR-ipv4-bgp-oper:bgp/instances/instance/instance-active/default-vrf/process-info,spine2,,61,64,231,2,,default,1,true,1,2093766,default,64,429,11269,2093766
2020-02-05 01:53:26.867000+00:00,Cisco-IOS-XR-ipv4-bgp-oper:bgp/instances/instance/instance-active/default-vrf/process-info,spine2,,61,64,231,2,,default,1,true,1,2093766,default,64,429,11269,2093766
2020-02-05 01:53:30.982000+00:00,Cisco-IOS-XR-ipv4-bgp-oper:bgp/instances/instance/instance-active/default-vrf/process-info,spine2,,61,64,231,2,,default,1,true,1,2093819,default,64,429,11284,2093819
2020-02-05 01:53:36.918000+00:00,Cisco-IOS-XR-ipv4-bgp-oper:bgp/instances/instance/instance-active/default-vrf/process-info,spine2,,61,64,231,2,,default,1,true,1,2093819,default,64,429,11284,2093819
2020-02-05 01:53:40.974000+00:00,Cisco-IOS-XR-ipv4-bgp-oper:bgp/instances/instance/instance-active/default-vrf/process-info,spine2,,61,64,231,2,,default,1,true,1,2093819,default,64,429,11284,2093819
2020-02-05 01:53:46.874000+00:00,Cisco-IOS-XR-ipv4-bgp-oper:bgp/instances/instance/instance-active/default-vrf/process-info,spine2,,61,64,231,2,,default,1,true,1,2093819,default,64,429,11284,2093819
2020-02-05 01:53:50.984000+00:00,Cisco-IOS-XR-ipv4-bgp-oper:bgp/instances/instance/instance-active/default-vrf/process-info,spine2,,61,64,231,2,,default,1,true,1,2093819,default,64,429,11284,2093819
2020-02-05 01:53:56.870000+00:00,Cisco-IOS-XR-ipv4-bgp-oper:bgp/instances/instance/instance-active/default-vrf/process-info,spine2,,61,64,231,2,,default,1,true,1,2093819,default,64,429,11284,2093819
2020-02-05 01:54:00.975000+00:00,Cisco-IOS-XR-ipv4-bgp-oper:bgp/instances/instance/instance-active/default-vrf/process-info,spine2,,61,64,231,2,,default,1,true,1,2093868,default,64,429,11273,2093868
2020-02-05 01:54:06.895000+00:00,Cisco-IOS-XR-ipv4-bgp-oper:bgp/instances/instance/instance-active/default-vrf/process-info,spine2,,61,64,231,2,,default,1,true,1,2093868,default,64,429,11273,2093868
2020-02-05 01:54:10.987000+00:00,Cisco-IOS-XR-ipv4-bgp-oper:bgp/instances/instance/instance-active/default-vrf/process-info,spine2,,61,64,231,2,,default,1,true,1,2093868,default,64,429,11273,2093868
2020-02-05 01:54:16.938000+00:00,Cisco-IOS-XR-ipv4-bgp-oper:bgp/instances/instance/instance-active/default-vrf/process-info,spine2,,61,64,231,2,,default,1,true,1,2093868,default,64,429,11273,2093868
2020-02-05 01:54:20.982000+00:00,Cisco-IOS-XR-ipv4-bgp-oper:bgp/instances/instance/instance-active/default-vrf/process-info,spine2,,61,64,231,2,,default,1,true,1,2093868,default,64,428,11273,2093868
2020-02-05 01:54:26.865000+00:00,Cisco-IOS-XR-ipv4-bgp-oper:bgp/instances/instance/instance-active/default-vrf/process-info,spine2,,61,64,231,2,,default,1,true,1,2093868,default,64,428,11273,2093868
2020-02-05 01:54:30.977000+00:00,Cisco-IOS-XR-ipv4-bgp-oper:bgp/instances/instance/instance-active/default-vrf/process-info,spine2,,61,64,231,2,,default,1,true,1,2093917,default,64,428,11264,2093917
2020-02-05 01:54:36.881000+00:00,Cisco-IOS-XR-ipv4-bgp-oper:bgp/instances/instance/instance-active/default-vrf/process-info,spine2,,61,64,231,2,,default,1,true,1,2093917,default,64,428,11264,2093917
2020-02-05 01:54:40.984000+00:00,Cisco-IOS-XR-ipv4-bgp-oper:bgp/instances/instance/instance-active/default-vrf/process-info,spine2,,61,64,231,2,,default,1,true,1,2093917,default,64,428,11264,2093917
2020-02-05 01:54:46.873000+00:00,Cisco-IOS-XR-ipv4-bgp-oper:bgp/instances/instance/instance-active/default-vrf/process-info,spine2,,61,64,231,2,,default,1,true,1,2093917,default,64,428,11264,2093917
2020-02-05 01:54:50.986000+00:00,Cisco-IOS-XR-ipv4-bgp-oper:bgp/instances/instance/instance-active/default-vrf/process-info,spine2,,61,64,231,2,,default,1,true,1,2093917,default,64,428,11264,2093917
2020-02-05 01:54:56.874000+00:00,Cisco-IOS-XR-ipv4-bgp-oper:bgp/instances/instance/instance-active/default-vrf/process-info,spine2,,61,64,231,2,,default,1,true,1,2093917,default,64,428,11264,2093917
2020-02-05 01:55:00.977000+00:00,Cisco-IOS-XR-ipv4-bgp-oper:bgp/instances/instance/instance-active/default-vrf/process-info,spine2,,61,64,231,2,,default,1,true,1,2093954,default,64,428,11264,2093954
2020-02-05 01:55:06.907000+00:00,Cisco-IOS-XR-ipv4-bgp-oper:bgp/instances/instance/instance-active/default-vrf/process-info,spine2,,61,64,231,2,,default,1,true,1,2093954,default,64,428,11264,2093954
2020-02-05 01:55:10.989000+00:00,Cisco-IOS-XR-ipv4-bgp-oper:bgp/instances/instance/instance-active/default-vrf/process-info,spine2,,61,64,231,2,,default,1,true,1,2093954,default,64,428,11264,2093954
2020-02-05 01:55:16.863000+00:00,Cisco-IOS-XR-ipv4-bgp-oper:bgp/instances/instance/instance-active/default-vrf/process-info,spine2,,61,64,231,2,,default,1,true,1,2093954,default,64,428,11264,2093954
2020-02-05 01:55:20.985000+00:00,Cisco-IOS-XR-ipv4-bgp-oper:bgp/instances/instance/instance-active/default-vrf/process-info,spine2,,61,64,231,2,,default,1,true,1,2093954,default,64,427,11264,2093954
2020-02-05 01:55:26.896000+00:00,Cisco-IOS-XR-ipv4-bgp-oper:bgp/instances/instance/instance-active/default-vrf/process-info,spine2,,61,64,231,2,,default,1,true,1,2093954,default,64,427,11264,2093954
2020-02-05 01:55:31.486000+00:00,Cisco-IOS-XR-ipv4-bgp-oper:bgp/instances/instance/instance-active/default-vrf/process-info,spine2,,61,64,231,2,,default,1,true,1,2093983,default,64,427,11264,2093983
2020-02-05 01:55:36.876000+00:00,Cisco-IOS-XR-ipv4-bgp-oper:bgp/instances/instance/instance-active/default-vrf/process-info,spine2,,61,64,231,2,,default,1,true,1,2093983,default,64,427,11264,2093983
2020-02-05 01:55:40.982000+00:00,Cisco-IOS-XR-ipv4-bgp-oper:bgp/instances/instance/instance-active/default-vrf/process-info,spine2,,61,64,231,2,,default,1,true,1,2093983,default,64,427,11264,2093983
2020-02-05 01:55:46.878000+00:00,Cisco-IOS-XR-ipv4-bgp-oper:bgp/instances/instance/instance-active/default-vrf/process-info,spine2,,61,64,231,2,,default,1,true,1,2093983,default,64,427,11264,2093983
2020-02-05 01:55:50.983000+00:00,Cisco-IOS-XR-ipv4-bgp-oper:bgp/instances/instance/instance-active/default-vrf/process-info,spine2,,61,64,231,2,,default,1,true,1,2093983,default,64,427,11264,2093983
2020-02-05 01:55:56.860000+00:00,Cisco-IOS-XR-ipv4-bgp-oper:bgp/instances/instance/instance-active/default-vrf/process-info,spine2,,61,64,231,2,,default,1,true,1,2093983,default,64,427,11264,2093983
2020-02-05 01:56:00.990000+00:00,Cisco-IOS-XR-ipv4-bgp-oper:bgp/instances/instance/instance-active/default-vrf/process-info,spine2,,61,64,231,2,,default,1,true,1,2094003,default,64,427,11264,2094003
2020-02-05 01:56:06.950000+00:00,Cisco-IOS-XR-ipv4-bgp-oper:bgp/instances/instance/instance-active/default-vrf/process-info,spine2,,61,64,231,2,,default,1,true,1,2094003,default,64,427,11264,2094003
2020-02-05 01:56:10.980000+00:00,Cisco-IOS-XR-ipv4-bgp-oper:bgp/instances/instance/instance-active/default-vrf/process-info,spine2,,61,64,231,2,,default,1,true,1,2094003,default,64,427,11264,2094003
2020-02-05 01:56:16.862000+00:00,Cisco-IOS-XR-ipv4-bgp-oper:bgp/instances/instance/instance-active/default-vrf/process-info,spine2,,61,64,231,2,,default,1,true,1,2094003,default,64,427,11264,2094003
2020-02-05 01:56:20.988000+00:00,Cisco-IOS-XR-ipv4-bgp-oper:bgp/instances/instance/instance-active/default-vrf/process-info,spine2,,61,64,231,2,,default,1,true,1,2094003,default,64,427,11264,2094003
2020-02-05 01:56:26.865000+00:00,Cisco-IOS-XR-ipv4-bgp-oper:bgp/instances/instance/instance-active/default-vrf/process-info,spine2,,61,64,231,2,,default,1,true,1,2094003,default,64,427,11264,2094003
2020-02-05 01:56:30.983000+00:00,Cisco-IOS-XR-ipv4-bgp-oper:bgp/instances/instance/instance-active/default-vrf/process-info,spine2,,61,64,231,2,,default,1,true,1,2094015,default,64,427,11264,2094015
2020-02-05 01:56:36.886000+00:00,Cisco-IOS-XR-ipv4-bgp-oper:bgp/instances/instance/instance-active/default-vrf/process-info,spine2,,61,64,231,2,,default,1,true,1,2094015,default,64,427,11264,2094015
2020-02-05 01:56:40.991000+00:00,Cisco-IOS-XR-ipv4-bgp-oper:bgp/instances/instance/instance-active/default-vrf/process-info,spine2,,61,64,231,2,,default,1,true,1,2094015,default,64,427,11264,2094015
2020-02-05 01:56:46.869000+00:00,Cisco-IOS-XR-ipv4-bgp-oper:bgp/instances/instance/instance-active/default-vrf/process-info,spine2,,61,64,231,2,,default,1,true,1,2094015,default,64,427,11264,2094015
2020-02-05 01:56:50.982000+00:00,Cisco-IOS-XR-ipv4-bgp-oper:bgp/instances/instance/instance-active/default-vrf/process-info,spine2,,61,64,231,2,,default,1,true,1,2094015,default,64,427,11264,2094015
2020-02-05 01:56:56.871000+00:00,Cisco-IOS-XR-ipv4-bgp-oper:bgp/instances/instance/instance-active/default-vrf/process-info,spine2,,61,64,231,2,,default,1,true,1,2094015,default,64,427,11264,2094015
2020-02-05 01:57:00.987000+00:00,Cisco-IOS-XR-ipv4-bgp-oper:bgp/instances/instance/instance-active/default-vrf/process-info,spine2,,61,64,231,2,,default,1,true,1,2094019,default,64,427,11264,2094019
2020-02-05 01:57:07.008000+00:00,Cisco-IOS-XR-ipv4-bgp-oper:bgp/instances/instance/instance-active/default-vrf/process-info,spine2,,61,64,231,2,,default,1,true,1,2094019,default,64,427,11264,2094019
2020-02-05 01:57:10.986000+00:00,Cisco-IOS-XR-ipv4-bgp-oper:bgp/instances/instance/instance-active/default-vrf/process-info,spine2,,61,64,231,2,,default,1,true,1,2094019,default,64,427,11264,2094019
2020-02-05 01:57:16.886000+00:00,Cisco-IOS-XR-ipv4-bgp-oper:bgp/instances/instance/instance-active/default-vrf/process-info,spine2,,61,64,231,2,,default,1,true,1,2094019,default,64,427,11264,2094019
2020-02-05 01:57:20.979000+00:00,Cisco-IOS-XR-ipv4-bgp-oper:bgp/instances/instance/instance-active/default-vrf/process-info,spine2,,61,64,231,2,,default,1,true,1,2094019,default,64,427,11264,2094019
2020-02-05 01:57:26.871000+00:00,Cisco-IOS-XR-ipv4-bgp-oper:bgp/instances/instance/instance-active/default-vrf/process-info,spine2,,61,64,231,2,,default,1,true,1,2094019,default,64,427,11264,2094019
2020-02-05 01:57:30.992000+00:00,Cisco-IOS-XR-ipv4-bgp-oper:bgp/instances/instance/instance-active/default-vrf/process-info,spine2,,61,64,231,2,,default,1,true,1,2094019,default,64,427,11264,2094019
2020-02-05 01:57:36.890000+00:00,Cisco-IOS-XR-ipv4-bgp-oper:bgp/instances/instance/instance-active/default-vrf/process-info,spine2,,61,64,231,2,,default,1,true,1,2094019,default,64,427,11264,2094019
2020-02-05 01:57:40.985000+00:00,Cisco-IOS-XR-ipv4-bgp-oper:bgp/instances/instance/instance-active/default-vrf/process-info,spine2,,61,64,231,2,,default,1,true,1,2094019,default,64,427,11264,2094019
2020-02-05 01:57:46.871000+00:00,Cisco-IOS-XR-ipv4-bgp-oper:bgp/instances/instance/instance-active/default-vrf/process-info,spine2,,61,64,231,2,,default,1,true,1,2094019,default,64,427,11264,2094019
2020-02-05 01:57:50.993000+00:00,Cisco-IOS-XR-ipv4-bgp-oper:bgp/instances/instance/instance-active/default-vrf/process-info,spine2,,61,64,231,2,,default,1,true,1,2094019,default,64,427,11264,2094019
2020-02-05 01:57:56.909000+00:00,Cisco-IOS-XR-ipv4-bgp-oper:bgp/instances/instance/instance-active/default-vrf/process-info,spine2,,61,64,231,2,,default,1,true,1,2094019,default,64,427,11264,2094019
2020-02-05 01:58:00.981000+00:00,Cisco-IOS-XR-ipv4-bgp-oper:bgp/instances/instance/instance-active/default-vrf/process-info,spine2,,61,64,231,2,,default,1,true,1,2094019,default,64,427,11264,2094019
2020-02-05 01:58:07.132000+00:00,Cisco-IOS-XR-ipv4-bgp-oper:bgp/instances/instance/instance-active/default-vrf/process-info,spine2,,61,64,231,2,,default,1,true,1,2094019,default,64,427,11264,2094019
2020-02-05 01:58:10.992000+00:00,Cisco-IOS-XR-ipv4-bgp-oper:bgp/instances/instance/instance-active/default-vrf/process-info,spine2,,61,64,231,2,,default,1,true,1,2094019,default,64,427,11264,2094019
2020-02-05 01:58:16.864000+00:00,Cisco-IOS-XR-ipv4-bgp-oper:bgp/instances/instance/instance-active/default-vrf/process-info,spine2,,61,64,231,2,,default,1,true,1,2094019,default,64,427,11264,2094019
2020-02-05 01:58:20.988000+00:00,Cisco-IOS-XR-ipv4-bgp-oper:bgp/instances/instance/instance-active/default-vrf/process-info,spine2,,61,64,231,2,,default,1,true,1,2094019,default,64,427,11264,2094019
2020-02-05 01:58:26.876000+00:00,Cisco-IOS-XR-ipv4-bgp-oper:bgp/instances/instance/instance-active/default-vrf/process-info,spine2,,61,64,231,2,,default,1,true,1,2094019,default,64,427,11264,2094019
2020-02-05 01:58:30.993000+00:00,Cisco-IOS-XR-ipv4-bgp-oper:bgp/instances/instance/instance-active/default-vrf/process-info,spine2,,61,64,231,2,,default,1,true,1,2094019,default,64,427,11264,2094019
2020-02-05 01:58:36.882000+00:00,Cisco-IOS-XR-ipv4-bgp-oper:bgp/instances/instance/instance-active/default-vrf/process-info,spine2,,61,64,231,2,,default,1,true,1,2094019,default,64,427,11264,2094019
2020-02-05 01:58:40.991000+00:00,Cisco-IOS-XR-ipv4-bgp-oper:bgp/instances/instance/instance-active/default-vrf/process-info,spine2,,61,64,231,2,,default,1,true,1,2094019,default,64,427,11264,2094019
2020-02-05 01:58:46.876000+00:00,Cisco-IOS-XR-ipv4-bgp-oper:bgp/instances/instance/instance-active/default-vrf/process-info,spine2,,61,64,231,2,,default,1,true,1,2094019,default,64,427,11264,2094019
2020-02-05 01:58:50.992000+00:00,Cisco-IOS-XR-ipv4-bgp-oper:bgp/instances/instance/instance-active/default-vrf/process-info,spine2,,61,64,231,2,,default,1,true,1,2094019,default,64,427,11264,2094019
2020-02-05 01:58:56.870000+00:00,Cisco-IOS-XR-ipv4-bgp-oper:bgp/instances/instance/instance-active/default-vrf/process-info,spine2,,61,64,231,2,,default,1,true,1,2094019,default,64,427,11264,2094019
2020-02-05 01:59:00.982000+00:00,Cisco-IOS-XR-ipv4-bgp-oper:bgp/instances/instance/instance-active/default-vrf/process-info,spine2,,61,64,231,2,,default,1,true,1,2094019,default,64,427,11264,2094019
2020-02-05 01:59:06.899000+00:00,Cisco-IOS-XR-ipv4-bgp-oper:bgp/instances/instance/instance-active/default-vrf/process-info,spine2,,61,64,231,2,,default,1,true,1,2094019,default,64,427,11264,2094019
2020-02-05 01:59:10.983000+00:00,Cisco-IOS-XR-ipv4-bgp-oper:bgp/instances/instance/instance-active/default-vrf/process-info,spine2,,61,64,231,2,,default,1,true,1,2094019,default,64,427,11264,2094019
2020-02-05 01:59:16.866000+00:00,Cisco-IOS-XR-ipv4-bgp-oper:bgp/instances/instance/instance-active/default-vrf/process-info,spine2,,61,64,231,2,,default,1,true,1,2094019,default,64,427,11264,2094019
2020-02-05 01:59:20.991000+00:00,Cisco-IOS-XR-ipv4-bgp-oper:bgp/instances/instance/instance-active/default-vrf/process-info,spine2,,61,64,231,2,,default,1,true,1,2094019,default,64,427,11264,2094019
2020-02-05 01:59:26.883000+00:00,Cisco-IOS-XR-ipv4-bgp-oper:bgp/instances/instance/instance-active/default-vrf/process-info,spine2,,61,64,231,2,,default,1,true,1,2094019,default,64,427,11264,2094019
2020-02-05 01:59:30.984000+00:00,Cisco-IOS-XR-ipv4-bgp-oper:bgp/instances/instance/instance-active/default-vrf/process-info,spine2,,61,64,231,2,,default,1,true,1,2094019,default,64,427,11264,2094019
2020-02-05 01:59:36.878000+00:00,Cisco-IOS-XR-ipv4-bgp-oper:bgp/instances/instance/instance-active/default-vrf/process-info,spine2,,61,64,231,2,,default,1,true,1,2094019,default,64,427,11264,2094019
2020-02-05 01:59:40.994000+00:00,Cisco-IOS-XR-ipv4-bgp-oper:bgp/instances/instance/instance-active/default-vrf/process-info,spine2,,61,64,231,2,,default,1,true,1,2094019,default,64,427,11264,2094019
2020-02-05 01:59:46.907000+00:00,Cisco-IOS-XR-ipv4-bgp-oper:bgp/instances/instance/instance-active/default-vrf/process-info,spine2,,61,64,231,2,,default,1,true,1,2094019,default,64,427,11264,2094019
2020-02-05 01:59:50.988000+00:00,Cisco-IOS-XR-ipv4-bgp-oper:bgp/instances/instance/instance-active/default-vrf/process-info,spine2,,61,64,231,2,,default,1,true,1,2094019,default,64,427,11264,2094019
2020-02-05 01:59:56.876000+00:00,Cisco-IOS-XR-ipv4-bgp-oper:bgp/instances/instance/instance-active/default-vrf/process-info,spine2,,61,64,231,2,,default,1,true,1,2094019,default,64,427,11264,2094019
2020-02-05 02:00:00.983000+00:00,Cisco-IOS-XR-ipv4-bgp-oper:bgp/instances/instance/instance-active/default-vrf/process-info,spine2,,61,64,231,2,,default,1,true,1,2094019,default,64,427,11264,2094019
2020-02-05 02:00:06.884000+00:00,Cisco-IOS-XR-ipv4-bgp-oper:bgp/instances/instance/instance-active/default-vrf/process-info,spine2,,61,64,231,2,,default,1,true,1,2094019,default,64,427,11264,2094019
2020-02-05 02:00:10.987000+00:00,Cisco-IOS-XR-ipv4-bgp-oper:bgp/instances/instance/instance-active/default-vrf/process-info,spine2,,61,64,231,2,,default,1,true,1,2094019,default,64,427,11264,2094019
2020-02-05 02:00:16.877000+00:00,Cisco-IOS-XR-ipv4-bgp-oper:bgp/instances/instance/instance-active/default-vrf/process-info,spine2,,61,64,231,2,,default,1,true,1,2094019,default,64,427,11264,2094019
2020-02-05 02:00:20.984000+00:00,Cisco-IOS-XR-ipv4-bgp-oper:bgp/instances/instance/instance-active/default-vrf/process-info,spine2,,61,64,231,2,,default,1,true,1,2094019,default,64,427,11264,2094019
2020-02-05 02:00:26.857000+00:00,Cisco-IOS-XR-ipv4-bgp-oper:bgp/instances/instance/instance-active/default-vrf/process-info,spine2,,61,64,231,2,,default,1,true,1,2094019,default,64,427,11264,2094019
2020-02-05 02:00:30.984000+00:00,Cisco-IOS-XR-ipv4-bgp-oper:bgp/instances/instance/instance-active/default-vrf/process-info,spine2,,61,64,231,2,,default,1,true,1,2094019,default,64,427,11264,2094019
2020-02-05 02:00:36.884000+00:00,Cisco-IOS-XR-ipv4-bgp-oper:bgp/instances/instance/instance-active/default-vrf/process-info,spine2,,61,64,231,2,,default,1,true,1,2094019,default,64,427,11264,2094019
2020-02-05 02:00:40.989000+00:00,Cisco-IOS-XR-ipv4-bgp-oper:bgp/instances/instance/instance-active/default-vrf/process-info,spine2,,61,64,231,2,,default,1,true,1,2094019,default,64,427,11264,2094019
2020-02-05 02:00:46.861000+00:00,Cisco-IOS-XR-ipv4-bgp-oper:bgp/instances/instance/instance-active/default-vrf/process-info,spine2,,61,64,231,2,,default,1,true,1,2094080,default,64,429,11325,2094080
2020-02-05 02:00:50.991000+00:00,Cisco-IOS-XR-ipv4-bgp-oper:bgp/instances/instance/instance-active/default-vrf/process-info,spine2,,61,64,231,2,,default,1,true,1,2094080,default,64,429,11325,2094080
2020-02-05 02:00:56.874000+00:00,Cisco-IOS-XR-ipv4-bgp-oper:bgp/instances/instance/instance-active/default-vrf/process-info,spine2,,61,64,231,2,,default,1,true,1,2094080,default,64,429,11325,2094080
2020-02-05 02:01:00.985000+00:00,Cisco-IOS-XR-ipv4-bgp-oper:bgp/instances/instance/instance-active/default-vrf/process-info,spine2,,61,64,231,2,,default,1,true,1,2094080,default,64,429,11325,2094080
2020-02-05 02:01:06.890000+00:00,Cisco-IOS-XR-ipv4-bgp-oper:bgp/instances/instance/instance-active/default-vrf/process-info,spine2,,61,64,231,2,,default,1,true,1,2094080,default,64,429,11325,2094080
2020-02-05 02:01:10.995000+00:00,Cisco-IOS-XR-ipv4-bgp-oper:bgp/instances/instance/instance-active/default-vrf/process-info,spine2,,61,64,231,2,,default,1,true,1,2094080,default,64,429,11325,2094080
2020-02-05 02:01:16.881000+00:00,Cisco-IOS-XR-ipv4-bgp-oper:bgp/instances/instance/instance-active/default-vrf/process-info,spine2,,61,64,231,2,,default,1,true,1,2094080,default,64,429,11325,2094080
2020-02-05 02:01:20.989000+00:00,Cisco-IOS-XR-ipv4-bgp-oper:bgp/instances/instance/instance-active/default-vrf/process-info,spine2,,61,64,231,2,,default,1,true,1,2094080,default,64,429,11325,2094080
2020-02-05 02:01:26.877000+00:00,Cisco-IOS-XR-ipv4-bgp-oper:bgp/instances/instance/instance-active/default-vrf/process-info,spine2,,61,64,231,2,,default,1,true,1,2094080,default,64,429,11325,2094080
2020-02-05 02:01:30.998000+00:00,Cisco-IOS-XR-ipv4-bgp-oper:bgp/instances/instance/instance-active/default-vrf/process-info,spine2,,61,64,231,2,,default,1,true,1,2094080,default,64,429,11325,2094080
2020-02-05 02:01:36.941000+00:00,Cisco-IOS-XR-ipv4-bgp-oper:bgp/instances/instance/instance-active/default-vrf/process-info,spine2,,61,64,231,2,,default,1,true,1,2094080,default,64,429,11325,2094080
2020-02-05 02:01:40.990000+00:00,Cisco-IOS-XR-ipv4-bgp-oper:bgp/instances/instance/instance-active/default-vrf/process-info,spine2,,61,64,231,2,,default,1,true,1,2094080,default,64,429,11325,2094080
2020-02-05 02:01:46.874000+00:00,Cisco-IOS-XR-ipv4-bgp-oper:bgp/instances/instance/instance-active/default-vrf/process-info,spine2,,61,64,231,2,,default,1,true,1,2094080,default,64,429,11325,2094080
2020-02-05 02:01:50.996000+00:00,Cisco-IOS-XR-ipv4-bgp-oper:bgp/instances/instance/instance-active/default-vrf/process-info,spine2,,61,64,231,2,,default,1,true,1,2094080,default,64,429,11325,2094080
2020-02-05 02:01:56.867000+00:00,Cisco-IOS-XR-ipv4-bgp-oper:bgp/instances/instance/instance-active/default-vrf/process-info,spine2,,61,64,231,2,,default,1,true,1,2094080,default,64,429,11325,2094080
2020-02-05 02:02:00.987000+00:00,Cisco-IOS-XR-ipv4-bgp-oper:bgp/instances/instance/instance-active/default-vrf/process-info,spine2,,61,64,231,2,,default,1,true,1,2094080,default,64,429,11325,2094080
2020-02-05 02:02:06.885000+00:00,Cisco-IOS-XR-ipv4-bgp-oper:bgp/instances/instance/instance-active/default-vrf/process-info,spine2,,61,64,231,2,,default,1,true,1,2094080,default,64,429,11325,2094080
2020-02-05 02:02:10.998000+00:00,Cisco-IOS-XR-ipv4-bgp-oper:bgp/instances/instance/instance-active/default-vrf/process-info,spine2,,61,64,231,2,,default,1,true,1,2094080,default,64,429,11325,2094080
2020-02-05 02:02:16.878000+00:00,Cisco-IOS-XR-ipv4-bgp-oper:bgp/instances/instance/instance-active/default-vrf/process-info,spine2,,61,64,231,2,,default,1,true,1,2094080,default,64,429,11325,2094080
2020-02-05 02:02:20.988000+00:00,Cisco-IOS-XR-ipv4-bgp-oper:bgp/instances/instance/instance-active/default-vrf/process-info,spine2,,61,64,231,2,,default,1,true,1,2094080,default,64,429,11325,2094080
2020-02-05 02:02:26.871000+00:00,Cisco-IOS-XR-ipv4-bgp-oper:bgp/instances/instance/instance-active/default-vrf/process-info,spine2,,61,64,231,2,,default,1,true,1,2094080,default,64,429,11325,2094080
2020-02-05 02:02:30.998000+00:00,Cisco-IOS-XR-ipv4-bgp-oper:bgp/instances/instance/instance-active/default-vrf/process-info,spine2,,61,64,231,2,,default,1,true,1,2094080,default,64,429,11325,2094080
2020-02-05 02:02:36.883000+00:00,Cisco-IOS-XR-ipv4-bgp-oper:bgp/instances/instance/instance-active/default-vrf/process-info,spine2,,61,64,231,2,,default,1,true,1,2094080,default,64,429,11325,2094080
2020-02-05 02:02:40.991000+00:00,Cisco-IOS-XR-ipv4-bgp-oper:bgp/instances/instance/instance-active/default-vrf/process-info,spine2,,61,64,231,2,,default,1,true,1,2094080,default,64,429,11325,2094080
2020-02-05 02:02:46.880000+00:00,Cisco-IOS-XR-ipv4-bgp-oper:bgp/instances/instance/instance-active/default-vrf/process-info,spine2,,61,64,231,2,,default,1,true,1,2094080,default,64,429,11325,2094080
2020-02-05 02:02:50.988000+00:00,Cisco-IOS-XR-ipv4-bgp-oper:bgp/instances/instance/instance-active/default-vrf/process-info,spine2,,61,64,231,2,,default,1,true,1,2094080,default,64,429,11325,2094080
2020-02-05 02:02:56.877000+00:00,Cisco-IOS-XR-ipv4-bgp-oper:bgp/instances/instance/instance-active/default-vrf/process-info,spine2,,61,64,231,2,,default,1,true,1,2094080,default,64,429,11325,2094080
2020-02-05 02:03:00.989000+00:00,Cisco-IOS-XR-ipv4-bgp-oper:bgp/instances/instance/instance-active/default-vrf/process-info,spine2,,61,64,231,2,,default,1,true,1,2094080,default,64,429,11325,2094080
2020-02-05 02:03:06.884000+00:00,Cisco-IOS-XR-ipv4-bgp-oper:bgp/instances/instance/instance-active/default-vrf/process-info,spine2,,61,64,231,2,,default,1,true,1,2094080,default,64,429,11325,2094080
2020-02-05 02:03:10.988000+00:00,Cisco-IOS-XR-ipv4-bgp-oper:bgp/instances/instance/instance-active/default-vrf/process-info,spine2,,61,64,231,2,,default,1,true,1,2094080,default,64,429,11325,2094080
2020-02-05 02:03:16.870000+00:00,Cisco-IOS-XR-ipv4-bgp-oper:bgp/instances/instance/instance-active/default-vrf/process-info,spine2,,61,64,231,2,,default,1,true,1,2094080,default,64,429,11325,2094080
2020-02-05 02:03:20.991000+00:00,Cisco-IOS-XR-ipv4-bgp-oper:bgp/instances/instance/instance-active/default-vrf/process-info,spine2,,61,64,231,2,,default,1,true,1,2094080,default,64,429,11325,2094080
2020-02-05 02:03:26.901000+00:00,Cisco-IOS-XR-ipv4-bgp-oper:bgp/instances/instance/instance-active/default-vrf/process-info,spine2,,61,64,231,2,,default,1,true,1,2094080,default,64,429,11325,2094080
2020-02-05 02:03:30.991000+00:00,Cisco-IOS-XR-ipv4-bgp-oper:bgp/instances/instance/instance-active/default-vrf/process-info,spine2,,61,64,231,2,,default,1,true,1,2094080,default,64,429,11325,2094080
2020-02-05 02:03:37.059000+00:00,Cisco-IOS-XR-ipv4-bgp-oper:bgp/instances/instance/instance-active/default-vrf/process-info,spine2,,61,64,231,2,,default,1,true,1,2094080,default,64,429,11325,2094080
2020-02-05 02:03:40.998000+00:00,Cisco-IOS-XR-ipv4-bgp-oper:bgp/instances/instance/instance-active/default-vrf/process-info,spine2,,61,64,231,2,,default,1,true,1,2094080,default,64,429,11325,2094080
2020-02-05 02:03:46.859000+00:00,Cisco-IOS-XR-ipv4-bgp-oper:bgp/instances/instance/instance-active/default-vrf/process-info,spine2,,61,64,231,2,,default,1,true,1,2094080,default,64,429,11325,2094080
2020-02-05 02:03:50.994000+00:00,Cisco-IOS-XR-ipv4-bgp-oper:bgp/instances/instance/instance-active/default-vrf/process-info,spine2,,61,64,231,2,,default,1,true,1,2094080,default,64,429,11325,2094080
2020-02-05 02:03:56.887000+00:00,Cisco-IOS-XR-ipv4-bgp-oper:bgp/instances/instance/instance-active/default-vrf/process-info,spine2,,61,64,231,2,,default,1,true,1,2094080,default,64,429,11325,2094080
2020-02-05 02:04:00.991000+00:00,Cisco-IOS-XR-ipv4-bgp-oper:bgp/instances/instance/instance-active/default-vrf/process-info,spine2,,61,64,231,2,,default,1,true,1,2094080,default,64,429,11325,2094080
2020-02-05 02:04:06.890000+00:00,Cisco-IOS-XR-ipv4-bgp-oper:bgp/instances/instance/instance-active/default-vrf/process-info,spine2,,61,64,231,2,,default,1,true,1,2094080,default,64,429,11325,2094080
2020-02-05 02:04:11.087000+00:00,Cisco-IOS-XR-ipv4-bgp-oper:bgp/instances/instance/instance-active/default-vrf/process-info,spine2,,61,64,231,2,,default,1,true,1,2094080,default,64,429,11325,2094080
2020-02-05 02:04:16.896000+00:00,Cisco-IOS-XR-ipv4-bgp-oper:bgp/instances/instance/instance-active/default-vrf/process-info,spine2,,61,64,231,2,,default,1,true,1,2094080,default,64,429,11325,2094080
2020-02-05 02:04:20.991000+00:00,Cisco-IOS-XR-ipv4-bgp-oper:bgp/instances/instance/instance-active/default-vrf/process-info,spine2,,61,64,231,2,,default,1,true,1,2094080,default,64,429,11325,2094080
2020-02-05 02:04:26.902000+00:00,Cisco-IOS-XR-ipv4-bgp-oper:bgp/instances/instance/instance-active/default-vrf/process-info,spine2,,61,64,231,2,,default,1,true,1,2094080,default,64,429,11325,2094080
2020-02-05 02:04:30.991000+00:00,Cisco-IOS-XR-ipv4-bgp-oper:bgp/instances/instance/instance-active/default-vrf/process-info,spine2,,61,64,231,2,,default,1,true,1,2094080,default,64,429,11325,2094080
2020-02-05 02:04:36.917000+00:00,Cisco-IOS-XR-ipv4-bgp-oper:bgp/instances/instance/instance-active/default-vrf/process-info,spine2,,61,64,231,2,,default,1,true,1,2094080,default,64,429,11325,2094080
2020-02-05 02:04:40.992000+00:00,Cisco-IOS-XR-ipv4-bgp-oper:bgp/instances/instance/instance-active/default-vrf/process-info,spine2,,61,64,231,2,,default,1,true,1,2094080,default,64,429,11325,2094080
2020-02-05 02:04:46.879000+00:00,Cisco-IOS-XR-ipv4-bgp-oper:bgp/instances/instance/instance-active/default-vrf/process-info,spine2,,61,64,231,2,,default,1,true,1,2094080,default,64,429,11325,2094080
2020-02-05 02:04:50.993000+00:00,Cisco-IOS-XR-ipv4-bgp-oper:bgp/instances/instance/instance-active/default-vrf/process-info,spine2,,61,64,231,2,,default,1,true,1,2094080,default,64,429,11325,2094080
2020-02-05 02:04:56.903000+00:00,Cisco-IOS-XR-ipv4-bgp-oper:bgp/instances/instance/instance-active/default-vrf/process-info,spine2,,61,64,231,2,,default,1,true,1,2094080,default,64,429,11325,2094080
2020-02-05 02:05:00.995000+00:00,Cisco-IOS-XR-ipv4-bgp-oper:bgp/instances/instance/instance-active/default-vrf/process-info,spine2,,61,64,231,2,,default,1,true,1,2094080,default,64,429,11325,2094080
2020-02-05 02:05:06.902000+00:00,Cisco-IOS-XR-ipv4-bgp-oper:bgp/instances/instance/instance-active/default-vrf/process-info,spine2,,61,64,231,2,,default,1,true,1,2094080,default,64,429,11325,2094080
2020-02-05 02:05:11.002000+00:00,Cisco-IOS-XR-ipv4-bgp-oper:bgp/instances/instance/instance-active/default-vrf/process-info,spine2,,61,64,231,2,,default,1,true,1,2094080,default,64,429,11325,2094080
2020-02-05 02:05:16.902000+00:00,Cisco-IOS-XR-ipv4-bgp-oper:bgp/instances/instance/instance-active/default-vrf/process-info,spine2,,61,64,231,2,,default,1,true,1,2094080,default,64,429,11325,2094080
2020-02-05 02:05:20.993000+00:00,Cisco-IOS-XR-ipv4-bgp-oper:bgp/instances/instance/instance-active/default-vrf/process-info,spine2,,61,64,231,2,,default,1,true,1,2094080,default,64,429,11325,2094080
2020-02-05 02:05:26.870000+00:00,Cisco-IOS-XR-ipv4-bgp-oper:bgp/instances/instance/instance-active/default-vrf/process-info,spine2,,61,64,231,2,,default,1,true,1,2094080,default,64,429,11325,2094080
2020-02-05 02:05:31.004000+00:00,Cisco-IOS-XR-ipv4-bgp-oper:bgp/instances/instance/instance-active/default-vrf/process-info,spine2,,61,64,231,2,,default,1,true,1,2094080,default,64,429,11325,2094080
2020-02-05 02:05:36.889000+00:00,Cisco-IOS-XR-ipv4-bgp-oper:bgp/instances/instance/instance-active/default-vrf/process-info,spine2,,61,64,231,2,,default,1,true,1,2094080,default,64,429,11325,2094080
2020-02-05 02:05:40.994000+00:00,Cisco-IOS-XR-ipv4-bgp-oper:bgp/instances/instance/instance-active/default-vrf/process-info,spine2,,61,64,231,2,,default,1,true,1,2094080,default,64,429,11325,2094080
2020-02-05 02:05:46.882000+00:00,Cisco-IOS-XR-ipv4-bgp-oper:bgp/instances/instance/instance-active/default-vrf/process-info,spine2,,61,64,231,2,,default,1,true,1,2094080,default,64,429,11325,2094080
2020-02-05 02:05:51+00:00,Cisco-IOS-XR-ipv4-bgp-oper:bgp/instances/instance/instance-active/default-vrf/process-info,spine2,,61,64,231,2,,default,1,true,1,2094080,default,64,429,11325,2094080
2020-02-05 02:05:56.875000+00:00,Cisco-IOS-XR-ipv4-bgp-oper:bgp/instances/instance/instance-active/default-vrf/process-info,spine2,,61,64,231,2,,default,1,true,1,2094080,default,64,429,11325,2094080
2020-02-05 02:06:01.006000+00:00,Cisco-IOS-XR-ipv4-bgp-oper:bgp/instances/instance/instance-active/default-vrf/process-info,spine2,,61,64,231,2,,default,1,true,1,2094080,default,64,429,11325,2094080
2020-02-05 02:06:06.906000+00:00,Cisco-IOS-XR-ipv4-bgp-oper:bgp/instances/instance/instance-active/default-vrf/process-info,spine2,,61,64,231,2,,default,1,true,1,2094080,default,64,429,11325,2094080
2020-02-05 02:06:11.002000+00:00,Cisco-IOS-XR-ipv4-bgp-oper:bgp/instances/instance/instance-active/default-vrf/process-info,spine2,,61,64,231,2,,default,1,true,1,2094080,default,64,429,11325,2094080
2020-02-05 02:06:16.879000+00:00,Cisco-IOS-XR-ipv4-bgp-oper:bgp/instances/instance/instance-active/default-vrf/process-info,spine2,,61,64,231,2,,default,1,true,1,2094080,default,64,429,11325,2094080
2020-02-05 02:06:20.998000+00:00,Cisco-IOS-XR-ipv4-bgp-oper:bgp/instances/instance/instance-active/default-vrf/process-info,spine2,,61,64,231,2,,default,1,true,1,2094080,default,64,429,11325,2094080
2020-02-05 02:06:26.887000+00:00,Cisco-IOS-XR-ipv4-bgp-oper:bgp/instances/instance/instance-active/default-vrf/process-info,spine2,,61,64,231,2,,default,1,true,1,2094080,default,64,429,11325,2094080
2020-02-05 02:06:30.995000+00:00,Cisco-IOS-XR-ipv4-bgp-oper:bgp/instances/instance/instance-active/default-vrf/process-info,spine2,,61,64,231,2,,default,1,true,1,2094080,default,64,429,11325,2094080
2020-02-05 02:06:36.896000+00:00,Cisco-IOS-XR-ipv4-bgp-oper:bgp/instances/instance/instance-active/default-vrf/process-info,spine2,,61,64,231,2,,default,1,true,1,2094080,default,64,429,11325,2094080
2020-02-05 02:06:41+00:00,Cisco-IOS-XR-ipv4-bgp-oper:bgp/instances/instance/instance-active/default-vrf/process-info,spine2,,61,64,231,2,,default,1,true,1,2094080,default,64,429,11325,2094080
2020-02-05 02:06:46.880000+00:00,Cisco-IOS-XR-ipv4-bgp-oper:bgp/instances/instance/instance-active/default-vrf/process-info,spine2,,61,64,231,2,,default,1,true,1,2094080,default,64,429,11325,2094080
2020-02-05 02:06:50.992000+00:00,Cisco-IOS-XR-ipv4-bgp-oper:bgp/instances/instance/instance-active/default-vrf/process-info,spine2,,61,64,231,2,,default,1,true,1,2094080,default,64,429,11325,2094080
2020-02-05 02:06:56.887000+00:00,Cisco-IOS-XR-ipv4-bgp-oper:bgp/instances/instance/instance-active/default-vrf/process-info,spine2,,61,64,231,2,,default,1,true,1,2094080,default,64,429,11325,2094080
2020-02-05 02:07:00.999000+00:00,Cisco-IOS-XR-ipv4-bgp-oper:bgp/instances/instance/instance-active/default-vrf/process-info,spine2,,61,64,231,2,,default,1,true,1,2094080,default,64,429,11325,2094080
2020-02-05 02:07:06.936000+00:00,Cisco-IOS-XR-ipv4-bgp-oper:bgp/instances/instance/instance-active/default-vrf/process-info,spine2,,61,64,231,2,,default,1,true,1,2094080,default,64,429,11325,2094080
2020-02-05 02:07:10.995000+00:00,Cisco-IOS-XR-ipv4-bgp-oper:bgp/instances/instance/instance-active/default-vrf/process-info,spine2,,61,64,231,2,,default,1,true,1,2094080,default,64,429,11325,2094080
2020-02-05 02:07:16.884000+00:00,Cisco-IOS-XR-ipv4-bgp-oper:bgp/instances/instance/instance-active/default-vrf/process-info,spine2,,61,64,231,2,,default,1,true,1,2094080,default,64,429,11325,2094080
2020-02-05 02:07:20.996000+00:00,Cisco-IOS-XR-ipv4-bgp-oper:bgp/instances/instance/instance-active/default-vrf/process-info,spine2,,61,64,231,2,,default,1,true,1,2094080,default,64,429,11325,2094080
2020-02-05 02:07:26.877000+00:00,Cisco-IOS-XR-ipv4-bgp-oper:bgp/instances/instance/instance-active/default-vrf/process-info,spine2,,61,64,231,2,,default,1,true,1,2094080,default,64,429,11325,2094080
2020-02-05 02:07:30.999000+00:00,Cisco-IOS-XR-ipv4-bgp-oper:bgp/instances/instance/instance-active/default-vrf/process-info,spine2,,61,64,231,2,,default,1,true,1,2094080,default,64,429,11325,2094080
2020-02-05 02:07:36.896000+00:00,Cisco-IOS-XR-ipv4-bgp-oper:bgp/instances/instance/instance-active/default-vrf/process-info,spine2,,61,64,231,2,,default,1,true,1,2094080,default,64,429,11325,2094080
2020-02-05 02:07:41.001000+00:00,Cisco-IOS-XR-ipv4-bgp-oper:bgp/instances/instance/instance-active/default-vrf/process-info,spine2,,61,64,231,2,,default,1,true,1,2094080,default,64,429,11325,2094080
2020-02-05 02:07:46.887000+00:00,Cisco-IOS-XR-ipv4-bgp-oper:bgp/instances/instance/instance-active/default-vrf/process-info,spine2,,61,64,231,2,,default,1,true,1,2094080,default,64,429,11325,2094080
2020-02-05 02:07:50.997000+00:00,Cisco-IOS-XR-ipv4-bgp-oper:bgp/instances/instance/instance-active/default-vrf/process-info,spine2,,61,64,231,2,,default,1,true,1,2094080,default,64,429,11325,2094080
2020-02-05 02:07:56.879000+00:00,Cisco-IOS-XR-ipv4-bgp-oper:bgp/instances/instance/instance-active/default-vrf/process-info,spine2,,61,64,231,2,,default,1,true,1,2094080,default,64,429,11325,2094080
2020-02-05 02:08:01.002000+00:00,Cisco-IOS-XR-ipv4-bgp-oper:bgp/instances/instance/instance-active/default-vrf/process-info,spine2,,61,64,231,2,,default,1,true,1,2094080,default,64,429,11325,2094080
2020-02-05 02:08:06.888000+00:00,Cisco-IOS-XR-ipv4-bgp-oper:bgp/instances/instance/instance-active/default-vrf/process-info,spine2,,61,64,231,2,,default,1,true,1,2094080,default,64,429,11325,2094080
2020-02-05 02:08:10.998000+00:00,Cisco-IOS-XR-ipv4-bgp-oper:bgp/instances/instance/instance-active/default-vrf/process-info,spine2,,61,64,231,2,,default,1,true,1,2094080,default,64,429,11325,2094080
2020-02-05 02:08:16.878000+00:00,Cisco-IOS-XR-ipv4-bgp-oper:bgp/instances/instance/instance-active/default-vrf/process-info,spine2,,61,64,231,2,,default,1,true,1,2094080,default,64,429,11325,2094080
2020-02-05 02:08:21.002000+00:00,Cisco-IOS-XR-ipv4-bgp-oper:bgp/instances/instance/instance-active/default-vrf/process-info,spine2,,61,64,231,2,,default,1,true,1,2094080,default,64,429,11325,2094080
2020-02-05 02:08:26.876000+00:00,Cisco-IOS-XR-ipv4-bgp-oper:bgp/instances/instance/instance-active/default-vrf/process-info,spine2,,61,64,231,2,,default,1,true,1,2094080,default,64,429,11325,2094080
2020-02-05 02:08:31.003000+00:00,Cisco-IOS-XR-ipv4-bgp-oper:bgp/instances/instance/instance-active/default-vrf/process-info,spine2,,61,64,231,2,,default,1,true,1,2094080,default,64,429,11325,2094080
2020-02-05 02:08:36.899000+00:00,Cisco-IOS-XR-ipv4-bgp-oper:bgp/instances/instance/instance-active/default-vrf/process-info,spine2,,61,64,231,2,,default,1,true,1,2094080,default,64,429,11325,2094080
2020-02-05 02:08:40.995000+00:00,Cisco-IOS-XR-ipv4-bgp-oper:bgp/instances/instance/instance-active/default-vrf/process-info,spine2,,61,64,231,2,,default,1,true,1,2094080,default,64,429,11325,2094080
2020-02-05 02:08:46.867000+00:00,Cisco-IOS-XR-ipv4-bgp-oper:bgp/instances/instance/instance-active/default-vrf/process-info,spine2,,61,64,231,2,,default,1,true,1,2094080,default,64,429,11325,2094080
2020-02-05 02:08:51.004000+00:00,Cisco-IOS-XR-ipv4-bgp-oper:bgp/instances/instance/instance-active/default-vrf/process-info,spine2,,61,64,231,2,,default,1,true,1,2094080,default,64,429,11325,2094080
2020-02-05 02:08:56.907000+00:00,Cisco-IOS-XR-ipv4-bgp-oper:bgp/instances/instance/instance-active/default-vrf/process-info,spine2,,61,64,231,2,,default,1,true,1,2094080,default,64,429,11325,2094080
2020-02-05 02:09:00.997000+00:00,Cisco-IOS-XR-ipv4-bgp-oper:bgp/instances/instance/instance-active/default-vrf/process-info,spine2,,61,64,231,2,,default,1,true,1,2094080,default,64,429,11325,2094080
2020-02-05 02:09:06.890000+00:00,Cisco-IOS-XR-ipv4-bgp-oper:bgp/instances/instance/instance-active/default-vrf/process-info,spine2,,61,64,231,2,,default,1,true,1,2094080,default,64,429,11325,2094080
2020-02-05 02:09:11+00:00,Cisco-IOS-XR-ipv4-bgp-oper:bgp/instances/instance/instance-active/default-vrf/process-info,spine2,,61,64,231,2,,default,1,true,1,2094080,default,64,429,11325,2094080
2020-02-05 02:09:16.870000+00:00,Cisco-IOS-XR-ipv4-bgp-oper:bgp/instances/instance/instance-active/default-vrf/process-info,spine2,,61,64,231,2,,default,1,true,1,2094080,default,64,429,11325,2094080
2020-02-05 02:09:20.997000+00:00,Cisco-IOS-XR-ipv4-bgp-oper:bgp/instances/instance/instance-active/default-vrf/process-info,spine2,,61,64,231,2,,default,1,true,1,2094080,default,64,429,11325,2094080
2020-02-05 02:09:26.886000+00:00,Cisco-IOS-XR-ipv4-bgp-oper:bgp/instances/instance/instance-active/default-vrf/process-info,spine2,,61,64,231,2,,default,1,true,1,2094080,default,64,429,11325,2094080
2020-02-05 02:09:31.002000+00:00,Cisco-IOS-XR-ipv4-bgp-oper:bgp/instances/instance/instance-active/default-vrf/process-info,spine2,,61,64,231,2,,default,1,true,1,2094080,default,64,429,11325,2094080
2020-02-05 02:09:36.887000+00:00,Cisco-IOS-XR-ipv4-bgp-oper:bgp/instances/instance/instance-active/default-vrf/process-info,spine2,,61,64,231,2,,default,1,true,1,2094080,default,64,429,11325,2094080
2020-02-05 02:09:41.229000+00:00,Cisco-IOS-XR-ipv4-bgp-oper:bgp/instances/instance/instance-active/default-vrf/process-info,spine2,,61,64,231,2,,default,1,true,1,2094080,default,64,429,11325,2094080
2020-02-05 02:09:46.883000+00:00,Cisco-IOS-XR-ipv4-bgp-oper:bgp/instances/instance/instance-active/default-vrf/process-info,spine2,,61,64,231,2,,default,1,true,1,2094080,default,64,429,11325,2094080
2020-02-05 02:09:51.001000+00:00,Cisco-IOS-XR-ipv4-bgp-oper:bgp/instances/instance/instance-active/default-vrf/process-info,spine2,,61,64,231,2,,default,1,true,1,2094080,default,64,429,11325,2094080
2020-02-05 02:09:56.883000+00:00,Cisco-IOS-XR-ipv4-bgp-oper:bgp/instances/instance/instance-active/default-vrf/process-info,spine2,,61,64,231,2,,default,1,true,1,2094080,default,64,429,11325,2094080
2020-02-05 02:10:01.017000+00:00,Cisco-IOS-XR-ipv4-bgp-oper:bgp/instances/instance/instance-active/default-vrf/process-info,spine2,,61,64,231,2,,default,1,true,1,2094080,default,64,429,11325,2094080
2020-02-05 02:10:06.894000+00:00,Cisco-IOS-XR-ipv4-bgp-oper:bgp/instances/instance/instance-active/default-vrf/process-info,spine2,,61,64,231,2,,default,1,true,1,2094080,default,64,429,11325,2094080
2020-02-05 02:10:10.999000+00:00,Cisco-IOS-XR-ipv4-bgp-oper:bgp/instances/instance/instance-active/default-vrf/process-info,spine2,,61,64,231,2,,default,1,true,1,2094080,default,64,429,11325,2094080
2020-02-05 02:10:16.897000+00:00,Cisco-IOS-XR-ipv4-bgp-oper:bgp/instances/instance/instance-active/default-vrf/process-info,spine2,,61,64,231,2,,default,1,true,1,2094080,default,64,429,11325,2094080
2020-02-05 02:10:21+00:00,Cisco-IOS-XR-ipv4-bgp-oper:bgp/instances/instance/instance-active/default-vrf/process-info,spine2,,61,64,231,2,,default,1,true,1,2094080,default,64,429,11325,2094080
2020-02-05 02:10:26.884000+00:00,Cisco-IOS-XR-ipv4-bgp-oper:bgp/instances/instance/instance-active/default-vrf/process-info,spine2,,61,64,231,2,,default,1,true,1,2094080,default,64,429,11325,2094080
2020-02-05 02:10:30.998000+00:00,Cisco-IOS-XR-ipv4-bgp-oper:bgp/instances/instance/instance-active/default-vrf/process-info,spine2,,61,64,231,2,,default,1,true,1,2094080,default,64,429,11325,2094080
