,Producer,Target,host,node-name,process-cpu/process-cpu-fifteen-minute,process-cpu/process-cpu-five-minute,process-cpu/process-cpu-one-minute,process-cpu/process-id,process-cpu/process-name,total-cpu-fifteen-minute,total-cpu-five-minute,total-cpu-one-minute

2020-02-02 21:57:58.528000+00:00,leaf5,cpumem-sub1,obt-collector1,0/RP0/CPU0,0,0,0,21871,-sh,6,6,5

2020-02-02 21:57:59.060000+00:00,leaf5,cpumem-sub1,obt-collector1,0/0/CPU0,0,0,0,22621,nfsvr,9,8,10

2020-02-02 21:58:08.625000+00:00,leaf5,cpumem-sub1,obt-collector1,0/RP0/CPU0,0,0,0,21871,-sh,6,6,5

2020-02-02 21:58:09.157000+00:00,leaf5,cpumem-sub1,obt-collector1,0/0/CPU0,0,0,0,22621,nfsvr,9,8,10

2020-02-02 21:58:18.941000+00:00,leaf5,cpumem-sub1,obt-collector1,0/RP0/CPU0,0,0,0,21871,-sh,6,6,5

2020-02-02 21:58:19.473000+00:00,leaf5,cpumem-sub1,obt-collector1,0/0/CPU0,0,0,0,22621,nfsvr,9,8,10

2020-02-02 21:58:28.535000+00:00,leaf5,cpumem-sub1,obt-collector1,0/RP0/CPU0,0,0,0,21871,-sh,6,6,5

2020-02-02 21:58:29.068000+00:00,leaf5,cpumem-sub1,obt-collector1,0/0/CPU0,0,0,0,22621,nfsvr,9,8,10

2020-02-02 21:58:38.520000+00:00,leaf5,cpumem-sub1,obt-collector1,0/RP0/CPU0,0,0,0,21871,-sh,6,6,5

2020-02-02 21:58:39.052000+00:00,leaf5,cpumem-sub1,obt-collector1,0/0/CPU0,0,0,0,22621,nfsvr,9,8,10

2020-02-02 21:58:48.615000+00:00,leaf5,cpumem-sub1,obt-collector1,0/RP0/CPU0,0,0,0,21871,-sh,6,6,5

2020-02-02 21:58:49.148000+00:00,leaf5,cpumem-sub1,obt-collector1,0/0/CPU0,0,0,0,22621,nfsvr,9,8,10

2020-02-02 21:58:58.673000+00:00,leaf5,cpumem-sub1,obt-collector1,0/RP0/CPU0,0,0,0,21871,-sh,6,6,5

2020-02-02 21:58:59.206000+00:00,leaf5,cpumem-sub1,obt-collector1,0/0/CPU0,0,0,0,22621,nfsvr,9,8,9

2020-02-02 21:59:08.629000+00:00,leaf5,cpumem-sub1,obt-collector1,0/RP0/CPU0,0,0,0,21871,-sh,6,6,7

2020-02-02 21:59:09.162000+00:00,leaf5,cpumem-sub1,obt-collector1,0/0/CPU0,0,0,0,22621,nfsvr,9,8,9

2020-02-02 21:59:18.656000+00:00,leaf5,cpumem-sub1,obt-collector1,0/RP0/CPU0,0,0,0,21871,-sh,6,6,7

2020-02-02 21:59:19.187000+00:00,leaf5,cpumem-sub1,obt-collector1,0/0/CPU0,0,0,0,22621,nfsvr,9,8,9

2020-02-02 21:59:28.544000+00:00,leaf5,cpumem-sub1,obt-collector1,0/RP0/CPU0,0,0,0,21871,-sh,6,6,7

2020-02-02 21:59:29.075000+00:00,leaf5,cpumem-sub1,obt-collector1,0/0/CPU0,0,0,0,22621,nfsvr,9,8,9

2020-02-02 21:59:38.538000+00:00,leaf5,cpumem-sub1,obt-collector1,0/RP0/CPU0,0,0,0,21871,-sh,6,6,7

2020-02-02 21:59:39.069000+00:00,leaf5,cpumem-sub1,obt-collector1,0/0/CPU0,0,0,0,22621,nfsvr,9,8,9

2020-02-02 21:59:48.519000+00:00,leaf5,cpumem-sub1,obt-collector1,0/RP0/CPU0,0,0,0,21871,-sh,6,6,7

2020-02-02 21:59:49.050000+00:00,leaf5,cpumem-sub1,obt-collector1,0/0/CPU0,0,0,0,22621,nfsvr,9,8,9

2020-02-02 21:59:58.570000+00:00,leaf5,cpumem-sub1,obt-collector1,0/RP0/CPU0,0,0,0,21871,-sh,6,6,7

2020-02-02 21:59:59.102000+00:00,leaf5,cpumem-sub1,obt-collector1,0/0/CPU0,0,0,0,22621,nfsvr,9,8,9

2020-02-02 22:00:08.539000+00:00,leaf5,cpumem-sub1,obt-collector1,0/RP0/CPU0,0,0,0,21871,-sh,6,6,6

2020-02-02 22:00:09.071000+00:00,leaf5,cpumem-sub1,obt-collector1,0/0/CPU0,0,0,0,22621,nfsvr,9,8,9

2020-02-02 22:00:18.582000+00:00,leaf5,cpumem-sub1,obt-collector1,0/RP0/CPU0,0,0,0,21871,-sh,6,6,6

2020-02-02 22:00:19.115000+00:00,leaf5,cpumem-sub1,obt-collector1,0/0/CPU0,0,0,0,22621,nfsvr,9,8,9

2020-02-02 22:00:28.533000+00:00,leaf5,cpumem-sub1,obt-collector1,0/RP0/CPU0,0,0,0,21871,-sh,6,6,6

2020-02-02 22:00:29.061000+00:00,leaf5,cpumem-sub1,obt-collector1,0/0/CPU0,0,0,0,22621,nfsvr,9,8,9

2020-02-02 22:00:38.576000+00:00,leaf5,cpumem-sub1,obt-collector1,0/RP0/CPU0,0,0,0,21871,-sh,6,6,6

2020-02-02 22:00:39.104000+00:00,leaf5,cpumem-sub1,obt-collector1,0/0/CPU0,0,0,0,22621,nfsvr,9,8,9

2020-02-02 22:00:48.660000+00:00,leaf5,cpumem-sub1,obt-collector1,0/RP0/CPU0,0,0,0,21871,-sh,6,6,6

2020-02-02 22:00:49.188000+00:00,leaf5,cpumem-sub1,obt-collector1,0/0/CPU0,0,0,0,22621,nfsvr,9,8,9

2020-02-02 22:00:58.543000+00:00,leaf5,cpumem-sub1,obt-collector1,0/RP0/CPU0,0,0,0,21871,-sh,6,6,6

2020-02-02 22:00:59.071000+00:00,leaf5,cpumem-sub1,obt-collector1,0/0/CPU0,0,0,0,22621,nfsvr,9,9,9

2020-02-02 22:01:09.638000+00:00,leaf5,cpumem-sub1,obt-collector1,0/RP0/CPU0,0,0,0,21871,-sh,6,5,5

2020-02-02 22:01:10.166000+00:00,leaf5,cpumem-sub1,obt-collector1,0/0/CPU0,0,0,0,22621,nfsvr,9,9,9

2020-02-02 22:01:18.521000+00:00,leaf5,cpumem-sub1,obt-collector1,0/RP0/CPU0,0,0,0,21871,-sh,6,5,5

2020-02-02 22:01:19.052000+00:00,leaf5,cpumem-sub1,obt-collector1,0/0/CPU0,0,0,0,22621,nfsvr,9,9,9

2020-02-02 22:01:28.646000+00:00,leaf5,cpumem-sub1,obt-collector1,0/RP0/CPU0,0,0,0,21871,-sh,6,5,5

2020-02-02 22:01:29.181000+00:00,leaf5,cpumem-sub1,obt-collector1,0/0/CPU0,0,0,0,22621,nfsvr,9,9,9

2020-02-02 22:01:38.526000+00:00,leaf5,cpumem-sub1,obt-collector1,0/RP0/CPU0,0,0,0,21871,-sh,6,5,5

2020-02-02 22:01:39.061000+00:00,leaf5,cpumem-sub1,obt-collector1,0/0/CPU0,0,0,0,22621,nfsvr,9,9,9

2020-02-02 22:01:48.530000+00:00,leaf5,cpumem-sub1,obt-collector1,0/RP0/CPU0,0,0,0,21871,-sh,6,5,5

2020-02-02 22:01:49.065000+00:00,leaf5,cpumem-sub1,obt-collector1,0/0/CPU0,0,0,0,22621,nfsvr,9,9,9

2020-02-02 22:01:58.541000+00:00,leaf5,cpumem-sub1,obt-collector1,0/RP0/CPU0,0,0,0,21871,-sh,6,5,5

2020-02-02 22:01:59.076000+00:00,leaf5,cpumem-sub1,obt-collector1,0/0/CPU0,0,0,0,22621,nfsvr,9,9,9

2020-02-02 22:02:08.628000+00:00,leaf5,cpumem-sub1,obt-collector1,0/RP0/CPU0,0,0,0,21871,-sh,6,5,5

2020-02-02 22:02:09.163000+00:00,leaf5,cpumem-sub1,obt-collector1,0/0/CPU0,0,0,0,22621,nfsvr,9,9,9

2020-02-02 22:02:18.549000+00:00,leaf5,cpumem-sub1,obt-collector1,0/RP0/CPU0,0,0,0,21871,-sh,6,5,6

2020-02-02 22:02:19.084000+00:00,leaf5,cpumem-sub1,obt-collector1,0/0/CPU0,0,0,0,22621,nfsvr,9,9,9

2020-02-02 22:02:28.564000+00:00,leaf5,cpumem-sub1,obt-collector1,0/RP0/CPU0,0,0,0,21871,-sh,6,5,6

2020-02-02 22:02:29.099000+00:00,leaf5,cpumem-sub1,obt-collector1,0/0/CPU0,0,0,0,22621,nfsvr,9,9,9

2020-02-02 22:02:38.574000+00:00,leaf5,cpumem-sub1,obt-collector1,0/RP0/CPU0,0,0,0,21871,-sh,6,5,6

2020-02-02 22:02:39.102000+00:00,leaf5,cpumem-sub1,obt-collector1,0/0/CPU0,0,0,0,22621,nfsvr,9,9,9

2020-02-02 22:02:48.549000+00:00,leaf5,cpumem-sub1,obt-collector1,0/RP0/CPU0,0,0,0,21871,-sh,6,5,6

2020-02-02 22:02:49.080000+00:00,leaf5,cpumem-sub1,obt-collector1,0/0/CPU0,0,0,0,22621,nfsvr,9,9,9

2020-02-02 22:02:58.542000+00:00,leaf5,cpumem-sub1,obt-collector1,0/RP0/CPU0,0,0,0,21871,-sh,6,5,6

2020-02-02 22:03:00.695000+00:00,leaf5,cpumem-sub1,obt-collector1,0/0/CPU0,0,0,0,22621,nfsvr,9,9,9

2020-02-02 22:03:08.566000+00:00,leaf5,cpumem-sub1,obt-collector1,0/RP0/CPU0,0,0,0,21871,-sh,6,5,6

2020-02-02 22:03:09.102000+00:00,leaf5,cpumem-sub1,obt-collector1,0/0/CPU0,0,0,0,22621,nfsvr,9,9,9

2020-02-02 22:03:18.590000+00:00,leaf5,cpumem-sub1,obt-collector1,0/RP0/CPU0,0,0,0,21871,-sh,6,6,6

2020-02-02 22:03:19.123000+00:00,leaf5,cpumem-sub1,obt-collector1,0/0/CPU0,0,0,0,22621,nfsvr,9,9,9

2020-02-02 22:03:28.533000+00:00,leaf5,cpumem-sub1,obt-collector1,0/RP0/CPU0,0,0,0,21871,-sh,6,6,6

2020-02-02 22:03:29.066000+00:00,leaf5,cpumem-sub1,obt-collector1,0/0/CPU0,0,0,0,22621,nfsvr,9,9,9

2020-02-02 22:03:38.571000+00:00,leaf5,cpumem-sub1,obt-collector1,0/RP0/CPU0,0,0,0,21871,-sh,6,6,6

2020-02-02 22:03:39.103000+00:00,leaf5,cpumem-sub1,obt-collector1,0/0/CPU0,0,0,0,22621,nfsvr,9,9,9

2020-02-02 22:03:48.579000+00:00,leaf5,cpumem-sub1,obt-collector1,0/RP0/CPU0,0,0,0,21871,-sh,6,6,6

2020-02-02 22:03:49.111000+00:00,leaf5,cpumem-sub1,obt-collector1,0/0/CPU0,0,0,0,22621,nfsvr,9,9,9

2020-02-02 22:03:58.616000+00:00,leaf5,cpumem-sub1,obt-collector1,0/RP0/CPU0,0,0,0,21871,-sh,6,6,6

2020-02-02 22:03:59.148000+00:00,leaf5,cpumem-sub1,obt-collector1,0/0/CPU0,0,0,0,22621,nfsvr,9,9,9

2020-02-02 22:04:08.640000+00:00,leaf5,cpumem-sub1,obt-collector1,0/RP0/CPU0,0,0,0,21871,-sh,6,6,6

2020-02-02 22:04:09.173000+00:00,leaf5,cpumem-sub1,obt-collector1,0/0/CPU0,0,0,0,22621,nfsvr,9,9,9

2020-02-02 22:04:18.731000+00:00,leaf5,cpumem-sub1,obt-collector1,0/RP0/CPU0,0,0,0,21871,-sh,6,5,5

2020-02-02 22:04:19.263000+00:00,leaf5,cpumem-sub1,obt-collector1,0/0/CPU0,0,0,0,22621,nfsvr,9,9,9

2020-02-02 22:04:28.605000+00:00,leaf5,cpumem-sub1,obt-collector1,0/RP0/CPU0,0,0,0,21871,-sh,6,5,5

2020-02-02 22:04:29.138000+00:00,leaf5,cpumem-sub1,obt-collector1,0/0/CPU0,0,0,0,22621,nfsvr,9,9,9

2020-02-02 22:04:38.552000+00:00,leaf5,cpumem-sub1,obt-collector1,0/RP0/CPU0,0,0,0,21871,-sh,6,5,5

2020-02-02 22:04:39.087000+00:00,leaf5,cpumem-sub1,obt-collector1,0/0/CPU0,0,0,0,22621,nfsvr,9,9,9

2020-02-02 22:04:48.543000+00:00,leaf5,cpumem-sub1,obt-collector1,0/RP0/CPU0,0,0,0,21871,-sh,6,5,5

2020-02-02 22:04:49.078000+00:00,leaf5,cpumem-sub1,obt-collector1,0/0/CPU0,0,0,0,22621,nfsvr,9,9,9

2020-02-02 22:04:58.557000+00:00,leaf5,cpumem-sub1,obt-collector1,0/RP0/CPU0,0,0,0,21871,-sh,6,5,5

2020-02-02 22:04:59.092000+00:00,leaf5,cpumem-sub1,obt-collector1,0/0/CPU0,0,0,0,22621,nfsvr,9,9,9

2020-02-02 22:05:08.572000+00:00,leaf5,cpumem-sub1,obt-collector1,0/RP0/CPU0,0,0,0,21871,-sh,6,5,5

2020-02-02 22:05:09.108000+00:00,leaf5,cpumem-sub1,obt-collector1,0/0/CPU0,0,0,0,22621,nfsvr,9,9,9

2020-02-02 22:05:18.559000+00:00,leaf5,cpumem-sub1,obt-collector1,0/RP0/CPU0,0,0,0,21871,-sh,6,5,7

2020-02-02 22:05:19.095000+00:00,leaf5,cpumem-sub1,obt-collector1,0/0/CPU0,0,0,0,22621,nfsvr,9,9,9

2020-02-02 22:05:28.555000+00:00,leaf5,cpumem-sub1,obt-collector1,0/RP0/CPU0,0,0,0,21871,-sh,6,5,7

2020-02-02 22:05:29.091000+00:00,leaf5,cpumem-sub1,obt-collector1,0/0/CPU0,0,0,0,22621,nfsvr,9,9,9

2020-02-02 22:05:38.600000+00:00,leaf5,cpumem-sub1,obt-collector1,0/RP0/CPU0,0,0,0,21871,-sh,6,5,7

2020-02-02 22:05:39.131000+00:00,leaf5,cpumem-sub1,obt-collector1,0/0/CPU0,0,0,0,22621,nfsvr,9,9,9

2020-02-02 22:05:48.605000+00:00,leaf5,cpumem-sub1,obt-collector1,0/RP0/CPU0,0,0,0,21871,-sh,6,5,7

2020-02-02 22:05:49.135000+00:00,leaf5,cpumem-sub1,obt-collector1,0/0/CPU0,0,0,0,22621,nfsvr,9,9,9

2020-02-02 22:05:58.631000+00:00,leaf5,cpumem-sub1,obt-collector1,0/RP0/CPU0,0,0,0,21871,-sh,6,5,7

2020-02-02 22:05:59.161000+00:00,leaf5,cpumem-sub1,obt-collector1,0/0/CPU0,0,0,0,22621,nfsvr,9,9,9

2020-02-02 22:06:08.587000+00:00,leaf5,cpumem-sub1,obt-collector1,0/RP0/CPU0,0,0,0,21871,-sh,6,5,7

2020-02-02 22:06:09.117000+00:00,leaf5,cpumem-sub1,obt-collector1,0/0/CPU0,0,0,0,22621,nfsvr,8,9,9

2020-02-02 22:06:19.074000+00:00,leaf5,cpumem-sub1,obt-collector1,0/RP0/CPU0,0,0,0,21871,-sh,6,6,6

2020-02-02 22:06:19.603000+00:00,leaf5,cpumem-sub1,obt-collector1,0/0/CPU0,0,0,0,22621,nfsvr,8,9,9

2020-02-02 22:06:28.559000+00:00,leaf5,cpumem-sub1,obt-collector1,0/RP0/CPU0,0,0,0,21871,-sh,6,6,6

2020-02-02 22:06:29.087000+00:00,leaf5,cpumem-sub1,obt-collector1,0/0/CPU0,0,0,0,22621,nfsvr,8,9,9

2020-02-02 22:06:38.642000+00:00,leaf5,cpumem-sub1,obt-collector1,0/RP0/CPU0,0,0,0,21871,-sh,6,6,6

2020-02-02 22:06:39.169000+00:00,leaf5,cpumem-sub1,obt-collector1,0/0/CPU0,0,0,0,22621,nfsvr,8,9,9

2020-02-02 22:06:48.552000+00:00,leaf5,cpumem-sub1,obt-collector1,0/RP0/CPU0,0,0,0,21871,-sh,6,6,6

2020-02-02 22:06:49.080000+00:00,leaf5,cpumem-sub1,obt-collector1,0/0/CPU0,0,0,0,22621,nfsvr,8,9,9

2020-02-02 22:06:58.564000+00:00,leaf5,cpumem-sub1,obt-collector1,0/RP0/CPU0,0,0,0,21871,-sh,6,6,6

2020-02-02 22:06:59.091000+00:00,leaf5,cpumem-sub1,obt-collector1,0/0/CPU0,0,0,0,22621,nfsvr,8,9,9

2020-02-02 22:07:08.821000+00:00,leaf5,cpumem-sub1,obt-collector1,0/RP0/CPU0,0,0,0,21871,-sh,6,6,6

2020-02-02 22:07:09.349000+00:00,leaf5,cpumem-sub1,obt-collector1,0/0/CPU0,0,0,0,22621,nfsvr,8,9,9

2020-02-02 22:07:18.616000+00:00,leaf5,cpumem-sub1,obt-collector1,0/RP0/CPU0,0,0,0,21871,-sh,6,6,6

2020-02-02 22:07:19.146000+00:00,leaf5,cpumem-sub1,obt-collector1,0/0/CPU0,0,0,0,22621,nfsvr,8,9,9

2020-02-02 22:07:28.541000+00:00,leaf5,cpumem-sub1,obt-collector1,0/RP0/CPU0,0,0,0,21871,-sh,6,5,5

2020-02-02 22:07:29.068000+00:00,leaf5,cpumem-sub1,obt-collector1,0/0/CPU0,0,0,0,22621,nfsvr,8,9,9

2020-02-02 22:07:38.577000+00:00,leaf5,cpumem-sub1,obt-collector1,0/RP0/CPU0,0,0,0,21871,-sh,6,5,5

2020-02-02 22:07:39.107000+00:00,leaf5,cpumem-sub1,obt-collector1,0/0/CPU0,0,0,0,22621,nfsvr,8,9,9

2020-02-02 22:07:48.649000+00:00,leaf5,cpumem-sub1,obt-collector1,0/RP0/CPU0,0,0,0,21871,-sh,6,5,5

2020-02-02 22:07:49.181000+00:00,leaf5,cpumem-sub1,obt-collector1,0/0/CPU0,0,0,0,22621,nfsvr,8,9,9

2020-02-02 22:07:58.538000+00:00,leaf5,cpumem-sub1,obt-collector1,0/RP0/CPU0,0,0,0,21871,-sh,6,5,5

2020-02-02 22:07:59.070000+00:00,leaf5,cpumem-sub1,obt-collector1,0/0/CPU0,0,0,0,22621,nfsvr,8,9,9

2020-02-02 22:08:08.546000+00:00,leaf5,cpumem-sub1,obt-collector1,0/RP0/CPU0,0,0,0,21871,-sh,6,5,5

2020-02-02 22:08:09.078000+00:00,leaf5,cpumem-sub1,obt-collector1,0/0/CPU0,0,0,0,22621,nfsvr,8,9,9

2020-02-02 22:08:18.557000+00:00,leaf5,cpumem-sub1,obt-collector1,0/RP0/CPU0,0,0,0,21871,-sh,6,5,5

2020-02-02 22:08:19.090000+00:00,leaf5,cpumem-sub1,obt-collector1,0/0/CPU0,0,0,0,22621,nfsvr,8,9,9

2020-02-02 22:08:28.551000+00:00,leaf5,cpumem-sub1,obt-collector1,0/RP0/CPU0,0,0,0,21871,-sh,6,5,5

2020-02-02 22:08:29.086000+00:00,leaf5,cpumem-sub1,obt-collector1,0/0/CPU0,0,0,0,22621,nfsvr,8,9,9

2020-02-02 22:08:38.546000+00:00,leaf5,cpumem-sub1,obt-collector1,0/RP0/CPU0,0,0,0,21871,-sh,6,5,5

2020-02-02 22:08:39.081000+00:00,leaf5,cpumem-sub1,obt-collector1,0/0/CPU0,0,0,0,22621,nfsvr,8,9,9

2020-02-02 22:08:48.561000+00:00,leaf5,cpumem-sub1,obt-collector1,0/RP0/CPU0,0,0,0,21871,-sh,6,5,5

2020-02-02 22:08:49.096000+00:00,leaf5,cpumem-sub1,obt-collector1,0/0/CPU0,0,0,0,22621,nfsvr,8,9,9

2020-02-02 22:08:58.632000+00:00,leaf5,cpumem-sub1,obt-collector1,0/RP0/CPU0,0,0,0,21871,-sh,6,5,5

2020-02-02 22:08:59.166000+00:00,leaf5,cpumem-sub1,obt-collector1,0/0/CPU0,0,0,0,22621,nfsvr,8,9,9

2020-02-02 22:09:08.610000+00:00,leaf5,cpumem-sub1,obt-collector1,0/RP0/CPU0,0,0,0,21871,-sh,6,5,5

2020-02-02 22:09:10.602000+00:00,leaf5,cpumem-sub1,obt-collector1,0/0/CPU0,0,0,0,22621,nfsvr,8,9,9

2020-02-02 22:09:18.664000+00:00,leaf5,cpumem-sub1,obt-collector1,0/RP0/CPU0,0,0,0,21871,-sh,6,5,5

2020-02-02 22:09:19.200000+00:00,leaf5,cpumem-sub1,obt-collector1,0/0/CPU0,0,0,0,22621,nfsvr,8,9,9

2020-02-02 22:09:28.627000+00:00,leaf5,cpumem-sub1,obt-collector1,0/RP0/CPU0,0,0,0,21871,-sh,5,5,5

2020-02-02 22:09:29.157000+00:00,leaf5,cpumem-sub1,obt-collector1,0/0/CPU0,0,0,0,22621,nfsvr,8,9,9

2020-02-02 22:09:38.578000+00:00,leaf5,cpumem-sub1,obt-collector1,0/RP0/CPU0,0,0,0,21871,-sh,5,5,5

2020-02-02 22:09:39.107000+00:00,leaf5,cpumem-sub1,obt-collector1,0/0/CPU0,0,0,0,22621,nfsvr,8,9,9

2020-02-02 22:09:48.591000+00:00,leaf5,cpumem-sub1,obt-collector1,0/RP0/CPU0,0,0,0,21871,-sh,5,5,5

2020-02-02 22:09:49.121000+00:00,leaf5,cpumem-sub1,obt-collector1,0/0/CPU0,0,0,0,22621,nfsvr,8,9,9

2020-02-02 22:09:58.675000+00:00,leaf5,cpumem-sub1,obt-collector1,0/RP0/CPU0,0,0,0,21871,-sh,5,5,5

2020-02-02 22:09:59.204000+00:00,leaf5,cpumem-sub1,obt-collector1,0/0/CPU0,0,0,0,22621,nfsvr,8,9,9

2020-02-02 22:10:08.567000+00:00,leaf5,cpumem-sub1,obt-collector1,0/RP0/CPU0,0,0,0,21871,-sh,5,5,5

2020-02-02 22:10:09.097000+00:00,leaf5,cpumem-sub1,obt-collector1,0/0/CPU0,0,0,0,22621,nfsvr,8,9,9

2020-02-02 22:10:18.552000+00:00,leaf5,cpumem-sub1,obt-collector1,0/RP0/CPU0,0,0,0,21871,-sh,5,5,5

2020-02-02 22:10:19.082000+00:00,leaf5,cpumem-sub1,obt-collector1,0/0/CPU0,0,0,0,22621,nfsvr,8,9,9

2020-02-02 22:10:28.574000+00:00,leaf5,cpumem-sub1,obt-collector1,0/RP0/CPU0,0,0,0,21871,-sh,6,5,7

2020-02-02 22:10:29.105000+00:00,leaf5,cpumem-sub1,obt-collector1,0/0/CPU0,0,0,0,22621,nfsvr,8,9,9

2020-02-02 22:10:38.621000+00:00,leaf5,cpumem-sub1,obt-collector1,0/RP0/CPU0,0,0,0,21871,-sh,6,5,7

2020-02-02 22:10:39.152000+00:00,leaf5,cpumem-sub1,obt-collector1,0/0/CPU0,0,0,0,22621,nfsvr,8,9,9

2020-02-02 22:10:48.785000+00:00,leaf5,cpumem-sub1,obt-collector1,0/RP0/CPU0,0,0,0,21871,-sh,6,5,7

2020-02-02 22:10:49.316000+00:00,leaf5,cpumem-sub1,obt-collector1,0/0/CPU0,0,0,0,22621,nfsvr,8,9,9

2020-02-02 22:10:58.609000+00:00,leaf5,cpumem-sub1,obt-collector1,0/RP0/CPU0,0,0,0,21871,-sh,6,5,7

2020-02-02 22:10:59.139000+00:00,leaf5,cpumem-sub1,obt-collector1,0/0/CPU0,0,0,0,22621,nfsvr,8,9,9

2020-02-02 22:11:08.685000+00:00,leaf5,cpumem-sub1,obt-collector1,0/RP0/CPU0,0,0,0,21871,-sh,6,5,7

2020-02-02 22:11:09.215000+00:00,leaf5,cpumem-sub1,obt-collector1,0/0/CPU0,0,0,0,22621,nfsvr,8,9,9

2020-02-02 22:11:18.555000+00:00,leaf5,cpumem-sub1,obt-collector1,0/RP0/CPU0,0,0,0,21871,-sh,6,5,7

2020-02-02 22:11:19.088000+00:00,leaf5,cpumem-sub1,obt-collector1,0/0/CPU0,0,0,0,22621,nfsvr,9,9,9

2020-02-02 22:11:28.622000+00:00,leaf5,cpumem-sub1,obt-collector1,0/RP0/CPU0,0,0,0,21871,-sh,5,5,5

2020-02-02 22:11:29.155000+00:00,leaf5,cpumem-sub1,obt-collector1,0/0/CPU0,0,0,0,22621,nfsvr,9,9,9

2020-02-02 22:11:38.555000+00:00,leaf5,cpumem-sub1,obt-collector1,0/RP0/CPU0,0,0,0,21871,-sh,5,5,5

2020-02-02 22:11:39.087000+00:00,leaf5,cpumem-sub1,obt-collector1,0/0/CPU0,0,0,0,22621,nfsvr,9,9,9

2020-02-02 22:11:48.584000+00:00,leaf5,cpumem-sub1,obt-collector1,0/RP0/CPU0,0,0,0,21871,-sh,5,5,5

2020-02-02 22:11:49.117000+00:00,leaf5,cpumem-sub1,obt-collector1,0/0/CPU0,0,0,0,22621,nfsvr,9,9,9

2020-02-02 22:11:58.562000+00:00,leaf5,cpumem-sub1,obt-collector1,0/RP0/CPU0,0,0,0,21871,-sh,5,5,5

2020-02-02 22:11:59.094000+00:00,leaf5,cpumem-sub1,obt-collector1,0/0/CPU0,0,0,0,22621,nfsvr,9,9,9

2020-02-02 22:12:08.585000+00:00,leaf5,cpumem-sub1,obt-collector1,0/RP0/CPU0,0,0,0,21871,-sh,5,5,5

2020-02-02 22:12:09.117000+00:00,leaf5,cpumem-sub1,obt-collector1,0/0/CPU0,0,0,0,22621,nfsvr,9,9,9

2020-02-02 22:12:18.592000+00:00,leaf5,cpumem-sub1,obt-collector1,0/RP0/CPU0,0,0,0,21871,-sh,5,5,5

2020-02-02 22:12:19.124000+00:00,leaf5,cpumem-sub1,obt-collector1,0/0/CPU0,0,0,0,22621,nfsvr,9,9,9

2020-02-02 22:12:28.627000+00:00,leaf5,cpumem-sub1,obt-collector1,0/RP0/CPU0,0,0,0,21871,-sh,5,5,5

2020-02-02 22:12:29.160000+00:00,leaf5,cpumem-sub1,obt-collector1,0/0/CPU0,0,0,0,22621,nfsvr,9,9,9

2020-02-02 22:12:38.713000+00:00,leaf5,cpumem-sub1,obt-collector1,0/RP0/CPU0,0,0,0,21871,-sh,5,5,6

2020-02-02 22:12:39.243000+00:00,leaf5,cpumem-sub1,obt-collector1,0/0/CPU0,0,0,0,22621,nfsvr,9,9,9

2020-02-02 22:12:48.594000+00:00,leaf5,cpumem-sub1,obt-collector1,0/RP0/CPU0,0,0,0,21871,-sh,5,5,6

2020-02-02 22:12:49.125000+00:00,leaf5,cpumem-sub1,obt-collector1,0/0/CPU0,0,0,0,22621,nfsvr,9,9,9

2020-02-02 22:12:58.623000+00:00,leaf5,cpumem-sub1,obt-collector1,0/RP0/CPU0,0,0,0,21871,-sh,5,5,6

2020-02-02 22:12:59.154000+00:00,leaf5,cpumem-sub1,obt-collector1,0/0/CPU0,0,0,0,22621,nfsvr,9,9,9

2020-02-02 22:13:08.549000+00:00,leaf5,cpumem-sub1,obt-collector1,0/RP0/CPU0,0,0,0,21871,-sh,5,5,6

2020-02-02 22:13:09.085000+00:00,leaf5,cpumem-sub1,obt-collector1,0/0/CPU0,0,0,0,22621,nfsvr,9,9,9

2020-02-02 22:13:18.558000+00:00,leaf5,cpumem-sub1,obt-collector1,0/RP0/CPU0,0,0,0,21871,-sh,5,5,6

2020-02-02 22:13:19.088000+00:00,leaf5,cpumem-sub1,obt-collector1,0/0/CPU0,0,0,0,22621,nfsvr,9,9,9

2020-02-02 22:13:28.562000+00:00,leaf5,cpumem-sub1,obt-collector1,0/RP0/CPU0,0,0,0,21871,-sh,5,5,6

2020-02-02 22:13:29.090000+00:00,leaf5,cpumem-sub1,obt-collector1,0/0/CPU0,0,0,0,22621,nfsvr,9,9,9

2020-02-02 22:13:38.587000+00:00,leaf5,cpumem-sub1,obt-collector1,0/RP0/CPU0,0,0,0,21871,-sh,5,5,5

2020-02-02 22:13:39.115000+00:00,leaf5,cpumem-sub1,obt-collector1,0/0/CPU0,0,0,0,22621,nfsvr,9,9,9

