,Producer,Target,host,icmp/checksum-error-messages,icmp/output-messages,icmp/received-echo-reply-messages,icmp/received-echo-request-messages,icmp/received-hop-count-expired-messages,icmp/received-parameter-error-messages,icmp/received-parameter-header-messages,icmp/received-parameter-option-messages,icmp/received-parameter-unknown-type-messages,icmp/received-reassembly-timeouts,icmp/received-too-big-messages,icmp/received-unknown-timeout-messages,icmp/received-unreachable-address-messages,icmp/received-unreachable-admin-messages,icmp/received-unreachable-neighbor-messages,icmp/received-unreachable-port-messages,icmp/received-unreachable-routing-messages,icmp/received-unreachable-unknown-type-messages,icmp/sent-echo-reply-messages,icmp/sent-echo-request-messages,icmp/sent-hop-count-expired-messages,icmp/sent-parameter-error-messages,icmp/sent-parameter-header-messages,icmp/sent-parameter-option-messages,icmp/sent-parameter-unknown-type-messages,icmp/sent-rate-limited-packets,icmp/sent-reassembly-timeouts,icmp/sent-too-big-messages,icmp/sent-unknown-timeout-messages,icmp/sent-unreachable-address-messages,icmp/sent-unreachable-admin-messages,icmp/sent-unreachable-neighbor-messages,icmp/sent-unreachable-port-messages,icmp/sent-unreachable-routing-messages,icmp/sent-unreachable-unknown-type-messages,icmp/too-short-error-messages,icmp/total-messages,icmp/unknown-error-type-messages,ipv6-node-discovery/received-neighbor-advertisement-messages,ipv6-node-discovery/received-neighbor-solicitation-messages,ipv6-node-discovery/received-redirect-messages,ipv6-node-discovery/received-router-advertisement-messages,ipv6-node-discovery/received-router-solicitation-messages,ipv6-node-discovery/sent-neighbor-advertisement-messages,ipv6-node-discovery/sent-neighbor-solicitation-messages,ipv6-node-discovery/sent-redirect-messages,ipv6-node-discovery/sent-router-advertisement-messages,ipv6-node-discovery/sent-router-solicitation-messages,ipv6/bad-header-packets,ipv6/bad-source-address-packets,ipv6/format-errors,ipv6/forwarded-packets,ipv6/fragment-count,ipv6/fragment-failures,ipv6/fragmented-packets,ipv6/fragments,ipv6/generated-packets,ipv6/hop-count-exceeded-packets,ipv6/io-puntback,ipv6/lisp-decap-errors,ipv6/lisp-encap-errors,ipv6/lisp-v4-decap-packets,ipv6/lisp-v4-encap-packets,ipv6/lisp-v6-decap-packets,ipv6/lisp-v6-encap-packets,ipv6/local-destination-packets,ipv6/miscellaneous-drops,ipv6/no-route-packets,ipv6/reassembled-packets,ipv6/reassembly-failures,ipv6/reassembly-maximum-drops,ipv6/reassembly-timeouts,ipv6/received-multicast-packets,ipv6/sent-multicast-packets,ipv6/source-routed-packets,ipv6/too-big-packets,ipv6/total-packets,ipv6/truncated-packets,ipv6/unknown-option-type-packets,ipv6/unknown-protocol-packets,node-name

2020-02-02 21:58:03.530000+00:00,leaf5,sg2,obt-collector1,0,274,0,0,0,0,0,0,0,0,0,0,0,0,0,0,0,0,0,0,229,0,0,0,0,52,0,0,0,0,0,0,45,0,0,0,63,0,64772,59115,0,30701,1,59136,64772,0,34135,0,18,80,0,45,0,0,0,0,158377,0,0,0,0,0,0,0,0,99,0,18,0,0,0,0,30899,0,0,0,489372,0,97,0,0/0/CPU0

2020-02-02 21:58:03.532000+00:00,leaf5,sg2,obt-collector1,0,331,0,0,0,0,0,0,0,0,0,0,432,0,0,0,0,0,0,0,0,0,0,0,0,992,0,0,0,0,0,0,0,331,0,0,432,0,0,0,0,0,0,0,0,0,0,0,0,0,0,0,0,0,0,0,29233776,0,0,0,0,0,0,0,0,432,0,843,0,0,0,0,0,0,0,0,26894774,0,0,0,0/RP0/CPU0

2020-02-02 21:58:13.543000+00:00,leaf5,sg2,obt-collector1,0,274,0,0,0,0,0,0,0,0,0,0,0,0,0,0,0,0,0,0,229,0,0,0,0,52,0,0,0,0,0,0,45,0,0,0,63,0,64773,59117,0,30702,1,59138,64773,0,34136,0,18,80,0,45,0,0,0,0,158381,0,0,0,0,0,0,0,0,99,0,18,0,0,0,0,30900,0,0,0,489386,0,97,0,0/0/CPU0

2020-02-02 21:58:13.546000+00:00,leaf5,sg2,obt-collector1,0,331,0,0,0,0,0,0,0,0,0,0,432,0,0,0,0,0,0,0,0,0,0,0,0,992,0,0,0,0,0,0,0,331,0,0,432,0,0,0,0,0,0,0,0,0,0,0,0,0,0,0,0,0,0,0,29233824,0,0,0,0,0,0,0,0,432,0,843,0,0,0,0,0,0,0,0,26894850,0,0,0,0/RP0/CPU0

2020-02-02 21:58:23.527000+00:00,leaf5,sg2,obt-collector1,0,274,0,0,0,0,0,0,0,0,0,0,0,0,0,0,0,0,0,0,229,0,0,0,0,52,0,0,0,0,0,0,45,0,0,0,63,0,64775,59123,0,30702,1,59144,64775,0,34139,0,18,80,0,45,0,0,0,0,158392,0,0,0,0,0,0,0,0,99,0,18,0,0,0,0,30900,0,0,0,489406,0,97,0,0/0/CPU0

2020-02-02 21:58:23.529000+00:00,leaf5,sg2,obt-collector1,0,331,0,0,0,0,0,0,0,0,0,0,432,0,0,0,0,0,0,0,0,0,0,0,0,992,0,0,0,0,0,0,0,331,0,0,432,0,0,0,0,0,0,0,0,0,0,0,0,0,0,0,0,0,0,0,29233872,0,0,0,0,0,0,0,0,432,0,843,0,0,0,0,0,0,0,0,26894926,0,0,0,0/RP0/CPU0

2020-02-02 21:58:33.555000+00:00,leaf5,sg2,obt-collector1,0,274,0,0,0,0,0,0,0,0,0,0,0,0,0,0,0,0,0,0,229,0,0,0,0,52,0,0,0,0,0,0,45,0,0,0,63,0,64776,59125,0,30702,1,59146,64776,0,34139,0,18,80,0,45,0,0,0,0,158395,0,0,0,0,0,0,0,0,99,0,18,0,0,0,0,30900,0,0,0,489421,0,97,0,0/0/CPU0

2020-02-02 21:58:33.558000+00:00,leaf5,sg2,obt-collector1,0,331,0,0,0,0,0,0,0,0,0,0,432,0,0,0,0,0,0,0,0,0,0,0,0,992,0,0,0,0,0,0,0,331,0,0,432,0,0,0,0,0,0,0,0,0,0,0,0,0,0,0,0,0,0,0,29233920,0,0,0,0,0,0,0,0,432,0,843,0,0,0,0,0,0,0,0,26895002,0,0,0,0/RP0/CPU0

2020-02-02 21:58:43.586000+00:00,leaf5,sg2,obt-collector1,0,274,0,0,0,0,0,0,0,0,0,0,0,0,0,0,0,0,0,0,229,0,0,0,0,52,0,0,0,0,0,0,45,0,0,0,63,0,64777,59128,0,30702,1,59149,64777,0,34141,0,18,80,0,45,0,0,0,0,158401,0,0,0,0,0,0,0,0,99,0,18,0,0,0,0,30900,0,0,0,489436,0,97,0,0/0/CPU0

2020-02-02 21:58:43.587000+00:00,leaf5,sg2,obt-collector1,0,331,0,0,0,0,0,0,0,0,0,0,432,0,0,0,0,0,0,0,0,0,0,0,0,992,0,0,0,0,0,0,0,331,0,0,432,0,0,0,0,0,0,0,0,0,0,0,0,0,0,0,0,0,0,0,29233968,0,0,0,0,0,0,0,0,432,0,843,0,0,0,0,0,0,0,0,26895078,0,0,0,0/RP0/CPU0

2020-02-02 21:58:53.567000+00:00,leaf5,sg2,obt-collector1,0,274,0,0,0,0,0,0,0,0,0,0,0,0,0,0,0,0,0,0,229,0,0,0,0,52,0,0,0,0,0,0,45,0,0,0,63,0,64781,59131,0,30703,1,59152,64781,0,34143,0,18,80,0,45,0,0,0,0,158410,0,0,0,0,0,0,0,0,99,0,18,0,0,0,0,30901,0,0,0,489455,0,97,0,0/0/CPU0

2020-02-02 21:58:53.569000+00:00,leaf5,sg2,obt-collector1,0,331,0,0,0,0,0,0,0,0,0,0,432,0,0,0,0,0,0,0,0,0,0,0,0,992,0,0,0,0,0,0,0,331,0,0,432,0,0,0,0,0,0,0,0,0,0,0,0,0,0,0,0,0,0,0,29234016,0,0,0,0,0,0,0,0,432,0,843,0,0,0,0,0,0,0,0,26895154,0,0,0,0/RP0/CPU0

2020-02-02 21:59:03.557000+00:00,leaf5,sg2,obt-collector1,0,274,0,0,0,0,0,0,0,0,0,0,0,0,0,0,0,0,0,0,229,0,0,0,0,52,0,0,0,0,0,0,45,0,0,0,63,0,64785,59132,0,30708,1,59153,64785,0,34144,0,18,80,0,45,0,0,0,0,158416,0,0,0,0,0,0,0,0,99,0,18,0,0,0,0,30906,0,0,0,489477,0,97,0,0/0/CPU0

2020-02-02 21:59:03.560000+00:00,leaf5,sg2,obt-collector1,0,331,0,0,0,0,0,0,0,0,0,0,432,0,0,0,0,0,0,0,0,0,0,0,0,992,0,0,0,0,0,0,0,331,0,0,432,0,0,0,0,0,0,0,0,0,0,0,0,0,0,0,0,0,0,0,29234064,0,0,0,0,0,0,0,0,432,0,843,0,0,0,0,0,0,0,0,26895230,0,0,0,0/RP0/CPU0

2020-02-02 21:59:13.537000+00:00,leaf5,sg2,obt-collector1,0,274,0,0,0,0,0,0,0,0,0,0,0,0,0,0,0,0,0,0,229,0,0,0,0,52,0,0,0,0,0,0,45,0,0,0,63,0,64787,59134,0,30708,1,59155,64787,0,34144,0,18,80,0,45,0,0,0,0,158420,0,0,0,0,0,0,0,0,99,0,18,0,0,0,0,30906,0,0,0,489493,0,97,0,0/0/CPU0

2020-02-02 21:59:13.540000+00:00,leaf5,sg2,obt-collector1,0,331,0,0,0,0,0,0,0,0,0,0,432,0,0,0,0,0,0,0,0,0,0,0,0,992,0,0,0,0,0,0,0,331,0,0,432,0,0,0,0,0,0,0,0,0,0,0,0,0,0,0,0,0,0,0,29234112,0,0,0,0,0,0,0,0,432,0,843,0,0,0,0,0,0,0,0,26895306,0,0,0,0/RP0/CPU0

2020-02-02 21:59:23.532000+00:00,leaf5,sg2,obt-collector1,0,274,0,0,0,0,0,0,0,0,0,0,0,0,0,0,0,0,0,0,229,0,0,0,0,52,0,0,0,0,0,0,45,0,0,0,63,0,64788,59135,0,30709,1,59156,64788,0,34144,0,18,80,0,45,0,0,0,0,158422,0,0,0,0,0,0,0,0,99,0,18,0,0,0,0,30907,0,0,0,489506,0,97,0,0/0/CPU0

2020-02-02 21:59:23.535000+00:00,leaf5,sg2,obt-collector1,0,331,0,0,0,0,0,0,0,0,0,0,432,0,0,0,0,0,0,0,0,0,0,0,0,992,0,0,0,0,0,0,0,331,0,0,432,0,0,0,0,0,0,0,0,0,0,0,0,0,0,0,0,0,0,0,29234160,0,0,0,0,0,0,0,0,432,0,843,0,0,0,0,0,0,0,0,26895382,0,0,0,0/RP0/CPU0

2020-02-02 21:59:33.542000+00:00,leaf5,sg2,obt-collector1,0,274,0,0,0,0,0,0,0,0,0,0,0,0,0,0,0,0,0,0,229,0,0,0,0,52,0,0,0,0,0,0,45,0,0,0,63,0,64790,59135,0,30712,1,59156,64790,0,34145,0,18,80,0,45,0,0,0,0,158425,0,0,0,0,0,0,0,0,99,0,18,0,0,0,0,30910,0,0,0,489523,0,97,0,0/0/CPU0

2020-02-02 21:59:33.545000+00:00,leaf5,sg2,obt-collector1,0,331,0,0,0,0,0,0,0,0,0,0,432,0,0,0,0,0,0,0,0,0,0,0,0,992,0,0,0,0,0,0,0,331,0,0,432,0,0,0,0,0,0,0,0,0,0,0,0,0,0,0,0,0,0,0,29234208,0,0,0,0,0,0,0,0,432,0,843,0,0,0,0,0,0,0,0,26895458,0,0,0,0/RP0/CPU0

2020-02-02 21:59:43.530000+00:00,leaf5,sg2,obt-collector1,0,274,0,0,0,0,0,0,0,0,0,0,0,0,0,0,0,0,0,0,229,0,0,0,0,52,0,0,0,0,0,0,45,0,0,0,63,0,64795,59138,0,30714,1,59159,64795,0,34145,0,18,80,0,45,0,0,0,0,158433,0,0,0,0,0,0,0,0,99,0,18,0,0,0,0,30912,0,0,0,489545,0,97,0,0/0/CPU0

2020-02-02 21:59:43.532000+00:00,leaf5,sg2,obt-collector1,0,331,0,0,0,0,0,0,0,0,0,0,432,0,0,0,0,0,0,0,0,0,0,0,0,992,0,0,0,0,0,0,0,331,0,0,432,0,0,0,0,0,0,0,0,0,0,0,0,0,0,0,0,0,0,0,29234256,0,0,0,0,0,0,0,0,432,0,843,0,0,0,0,0,0,0,0,26895534,0,0,0,0/RP0/CPU0

2020-02-02 21:59:53.536000+00:00,leaf5,sg2,obt-collector1,0,274,0,0,0,0,0,0,0,0,0,0,0,0,0,0,0,0,0,0,229,0,0,0,0,52,0,0,0,0,0,0,45,0,0,0,63,0,64798,59139,0,30716,1,59160,64798,0,34146,0,18,80,0,45,0,0,0,0,158438,0,0,0,0,0,0,0,0,99,0,18,0,0,0,0,30914,0,0,0,489561,0,97,0,0/0/CPU0

2020-02-02 21:59:53.540000+00:00,leaf5,sg2,obt-collector1,0,331,0,0,0,0,0,0,0,0,0,0,432,0,0,0,0,0,0,0,0,0,0,0,0,992,0,0,0,0,0,0,0,331,0,0,432,0,0,0,0,0,0,0,0,0,0,0,0,0,0,0,0,0,0,0,29234304,0,0,0,0,0,0,0,0,432,0,843,0,0,0,0,0,0,0,0,26895610,0,0,0,0/RP0/CPU0

2020-02-02 22:00:03.527000+00:00,leaf5,sg2,obt-collector1,0,274,0,0,0,0,0,0,0,0,0,0,0,0,0,0,0,0,0,0,229,0,0,0,0,52,0,0,0,0,0,0,45,0,0,0,63,0,64801,59140,0,30719,1,59161,64801,0,34146,0,18,80,0,45,0,0,0,0,158442,0,0,0,0,0,0,0,0,99,0,18,0,0,0,0,30917,0,0,0,489580,0,97,0,0/0/CPU0

2020-02-02 22:00:03.528000+00:00,leaf5,sg2,obt-collector1,0,331,0,0,0,0,0,0,0,0,0,0,432,0,0,0,0,0,0,0,0,0,0,0,0,992,0,0,0,0,0,0,0,331,0,0,432,0,0,0,0,0,0,0,0,0,0,0,0,0,0,0,0,0,0,0,29234352,0,0,0,0,0,0,0,0,432,0,843,0,0,0,0,0,0,0,0,26895686,0,0,0,0/RP0/CPU0

2020-02-02 22:00:13.548000+00:00,leaf5,sg2,obt-collector1,0,274,0,0,0,0,0,0,0,0,0,0,0,0,0,0,0,0,0,0,229,0,0,0,0,52,0,0,0,0,0,0,45,0,0,0,63,0,64801,59141,0,30719,1,59162,64801,0,34146,0,18,80,0,45,0,0,0,0,158443,0,0,0,0,0,0,0,0,99,0,18,0,0,0,0,30917,0,0,0,489592,0,97,0,0/0/CPU0

2020-02-02 22:00:13.551000+00:00,leaf5,sg2,obt-collector1,0,331,0,0,0,0,0,0,0,0,0,0,432,0,0,0,0,0,0,0,0,0,0,0,0,992,0,0,0,0,0,0,0,331,0,0,432,0,0,0,0,0,0,0,0,0,0,0,0,0,0,0,0,0,0,0,29234400,0,0,0,0,0,0,0,0,432,0,843,0,0,0,0,0,0,0,0,26895762,0,0,0,0/RP0/CPU0

2020-02-02 22:00:23.531000+00:00,leaf5,sg2,obt-collector1,0,274,0,0,0,0,0,0,0,0,0,0,0,0,0,0,0,0,0,0,229,0,0,0,0,52,0,0,0,0,0,0,45,0,0,0,63,0,64803,59143,0,30720,1,59164,64803,0,34150,0,18,80,0,45,0,0,0,0,158451,0,0,0,0,0,0,0,0,99,0,18,0,0,0,0,30918,0,0,0,489609,0,97,0,0/0/CPU0

2020-02-02 22:00:23.534000+00:00,leaf5,sg2,obt-collector1,0,331,0,0,0,0,0,0,0,0,0,0,432,0,0,0,0,0,0,0,0,0,0,0,0,992,0,0,0,0,0,0,0,331,0,0,432,0,0,0,0,0,0,0,0,0,0,0,0,0,0,0,0,0,0,0,29234448,0,0,0,0,0,0,0,0,432,0,843,0,0,0,0,0,0,0,0,26895838,0,0,0,0/RP0/CPU0

2020-02-02 22:00:33.554000+00:00,leaf5,sg2,obt-collector1,0,274,0,0,0,0,0,0,0,0,0,0,0,0,0,0,0,0,0,0,229,0,0,0,0,52,0,0,0,0,0,0,45,0,0,0,63,0,64807,59145,0,30720,1,59166,64807,0,34150,0,18,80,0,45,0,0,0,0,158457,0,0,0,0,0,0,0,0,99,0,18,0,0,0,0,30918,0,0,0,489627,0,97,0,0/0/CPU0

2020-02-02 22:00:33.557000+00:00,leaf5,sg2,obt-collector1,0,331,0,0,0,0,0,0,0,0,0,0,432,0,0,0,0,0,0,0,0,0,0,0,0,992,0,0,0,0,0,0,0,331,0,0,432,0,0,0,0,0,0,0,0,0,0,0,0,0,0,0,0,0,0,0,29234496,0,0,0,0,0,0,0,0,432,0,843,0,0,0,0,0,0,0,0,26895914,0,0,0,0/RP0/CPU0

2020-02-02 22:00:43.544000+00:00,leaf5,sg2,obt-collector1,0,274,0,0,0,0,0,0,0,0,0,0,0,0,0,0,0,0,0,0,229,0,0,0,0,52,0,0,0,0,0,0,45,0,0,0,63,0,64810,59148,0,30720,1,59169,64810,0,34150,0,18,80,0,45,0,0,0,0,158463,0,0,0,0,0,0,0,0,99,0,18,0,0,0,0,30918,0,0,0,489644,0,97,0,0/0/CPU0

2020-02-02 22:00:43.547000+00:00,leaf5,sg2,obt-collector1,0,331,0,0,0,0,0,0,0,0,0,0,432,0,0,0,0,0,0,0,0,0,0,0,0,992,0,0,0,0,0,0,0,331,0,0,432,0,0,0,0,0,0,0,0,0,0,0,0,0,0,0,0,0,0,0,29234544,0,0,0,0,0,0,0,0,432,0,843,0,0,0,0,0,0,0,0,26895990,0,0,0,0/RP0/CPU0

2020-02-02 22:00:53.539000+00:00,leaf5,sg2,obt-collector1,0,274,0,0,0,0,0,0,0,0,0,0,0,0,0,0,0,0,0,0,229,0,0,0,0,52,0,0,0,0,0,0,45,0,0,0,63,0,64811,59149,0,30721,1,59170,64811,0,34154,0,18,80,0,45,0,0,0,0,158469,0,0,0,0,0,0,0,0,99,0,18,0,0,0,0,30919,0,0,0,489658,0,97,0,0/0/CPU0

2020-02-02 22:00:53.542000+00:00,leaf5,sg2,obt-collector1,0,331,0,0,0,0,0,0,0,0,0,0,432,0,0,0,0,0,0,0,0,0,0,0,0,992,0,0,0,0,0,0,0,331,0,0,432,0,0,0,0,0,0,0,0,0,0,0,0,0,0,0,0,0,0,0,29234592,0,0,0,0,0,0,0,0,432,0,843,0,0,0,0,0,0,0,0,26896066,0,0,0,0/RP0/CPU0

2020-02-02 22:01:03.536000+00:00,leaf5,sg2,obt-collector1,0,274,0,0,0,0,0,0,0,0,0,0,0,0,0,0,0,0,0,0,229,0,0,0,0,52,0,0,0,0,0,0,45,0,0,0,63,0,64812,59151,0,30721,1,59172,64812,0,34155,0,18,80,0,45,0,0,0,0,158473,0,0,0,0,0,0,0,0,99,0,18,0,0,0,0,30919,0,0,0,489673,0,97,0,0/0/CPU0

2020-02-02 22:01:03.538000+00:00,leaf5,sg2,obt-collector1,0,331,0,0,0,0,0,0,0,0,0,0,432,0,0,0,0,0,0,0,0,0,0,0,0,992,0,0,0,0,0,0,0,331,0,0,432,0,0,0,0,0,0,0,0,0,0,0,0,0,0,0,0,0,0,0,29234640,0,0,0,0,0,0,0,0,432,0,843,0,0,0,0,0,0,0,0,26896142,0,0,0,0/RP0/CPU0

2020-02-02 22:01:13.555000+00:00,leaf5,sg2,obt-collector1,0,274,0,0,0,0,0,0,0,0,0,0,0,0,0,0,0,0,0,0,229,0,0,0,0,52,0,0,0,0,0,0,45,0,0,0,63,0,64813,59153,0,30722,1,59174,64813,0,34158,0,18,80,0,45,0,0,0,0,158479,0,0,0,0,0,0,0,0,99,0,18,0,0,0,0,30920,0,0,0,489689,0,97,0,0/0/CPU0

2020-02-02 22:01:13.558000+00:00,leaf5,sg2,obt-collector1,0,331,0,0,0,0,0,0,0,0,0,0,432,0,0,0,0,0,0,0,0,0,0,0,0,992,0,0,0,0,0,0,0,331,0,0,432,0,0,0,0,0,0,0,0,0,0,0,0,0,0,0,0,0,0,0,29234688,0,0,0,0,0,0,0,0,432,0,843,0,0,0,0,0,0,0,0,26896218,0,0,0,0/RP0/CPU0

2020-02-02 22:01:23.531000+00:00,leaf5,sg2,obt-collector1,0,274,0,0,0,0,0,0,0,0,0,0,0,0,0,0,0,0,0,0,229,0,0,0,0,52,0,0,0,0,0,0,45,0,0,0,63,0,64815,59157,0,30722,1,59178,64815,0,34160,0,18,80,0,45,0,0,0,0,158487,0,0,0,0,0,0,0,0,99,0,18,0,0,0,0,30920,0,0,0,489706,0,97,0,0/0/CPU0

2020-02-02 22:01:23.533000+00:00,leaf5,sg2,obt-collector1,0,331,0,0,0,0,0,0,0,0,0,0,432,0,0,0,0,0,0,0,0,0,0,0,0,992,0,0,0,0,0,0,0,331,0,0,432,0,0,0,0,0,0,0,0,0,0,0,0,0,0,0,0,0,0,0,29234736,0,0,0,0,0,0,0,0,432,0,843,0,0,0,0,0,0,0,0,26896294,0,0,0,0/RP0/CPU0

2020-02-02 22:01:33.548000+00:00,leaf5,sg2,obt-collector1,0,274,0,0,0,0,0,0,0,0,0,0,0,0,0,0,0,0,0,0,229,0,0,0,0,52,0,0,0,0,0,0,45,0,0,0,63,0,64816,59161,0,30722,1,59182,64816,0,34162,0,18,80,0,45,0,0,0,0,158494,0,0,0,0,0,0,0,0,99,0,18,0,0,0,0,30920,0,0,0,489722,0,97,0,0/0/CPU0

2020-02-02 22:01:33.550000+00:00,leaf5,sg2,obt-collector1,0,331,0,0,0,0,0,0,0,0,0,0,432,0,0,0,0,0,0,0,0,0,0,0,0,992,0,0,0,0,0,0,0,331,0,0,432,0,0,0,0,0,0,0,0,0,0,0,0,0,0,0,0,0,0,0,29234784,0,0,0,0,0,0,0,0,432,0,843,0,0,0,0,0,0,0,0,26896370,0,0,0,0/RP0/CPU0

2020-02-02 22:01:43.537000+00:00,leaf5,sg2,obt-collector1,0,274,0,0,0,0,0,0,0,0,0,0,0,0,0,0,0,0,0,0,229,0,0,0,0,52,0,0,0,0,0,0,45,0,0,0,63,0,64817,59163,0,30722,1,59184,64817,0,34163,0,18,80,0,45,0,0,0,0,158498,0,0,0,0,0,0,0,0,99,0,18,0,0,0,0,30920,0,0,0,489738,0,97,0,0/0/CPU0

2020-02-02 22:01:43.539000+00:00,leaf5,sg2,obt-collector1,0,331,0,0,0,0,0,0,0,0,0,0,432,0,0,0,0,0,0,0,0,0,0,0,0,992,0,0,0,0,0,0,0,331,0,0,432,0,0,0,0,0,0,0,0,0,0,0,0,0,0,0,0,0,0,0,29234832,0,0,0,0,0,0,0,0,432,0,843,0,0,0,0,0,0,0,0,26896446,0,0,0,0/RP0/CPU0

2020-02-02 22:01:53.549000+00:00,leaf5,sg2,obt-collector1,0,274,0,0,0,0,0,0,0,0,0,0,0,0,0,0,0,0,0,0,229,0,0,0,0,52,0,0,0,0,0,0,45,0,0,0,63,0,64821,59167,0,30724,1,59188,64821,0,34164,0,18,80,0,45,0,0,0,0,158507,0,0,0,0,0,0,0,0,99,0,18,0,0,0,0,30922,0,0,0,489758,0,97,0,0/0/CPU0

2020-02-02 22:01:53.551000+00:00,leaf5,sg2,obt-collector1,0,331,0,0,0,0,0,0,0,0,0,0,432,0,0,0,0,0,0,0,0,0,0,0,0,992,0,0,0,0,0,0,0,331,0,0,432,0,0,0,0,0,0,0,0,0,0,0,0,0,0,0,0,0,0,0,29234880,0,0,0,0,0,0,0,0,432,0,843,0,0,0,0,0,0,0,0,26896522,0,0,0,0/RP0/CPU0

2020-02-02 22:02:03.558000+00:00,leaf5,sg2,obt-collector1,0,274,0,0,0,0,0,0,0,0,0,0,0,0,0,0,0,0,0,0,229,0,0,0,0,52,0,0,0,0,0,0,45,0,0,0,63,0,64824,59168,0,30725,1,59189,64824,0,34165,0,18,80,0,45,0,0,0,0,158512,0,0,0,0,0,0,0,0,99,0,18,0,0,0,0,30923,0,0,0,489775,0,97,0,0/0/CPU0

2020-02-02 22:02:03.559000+00:00,leaf5,sg2,obt-collector1,0,331,0,0,0,0,0,0,0,0,0,0,432,0,0,0,0,0,0,0,0,0,0,0,0,992,0,0,0,0,0,0,0,331,0,0,432,0,0,0,0,0,0,0,0,0,0,0,0,0,0,0,0,0,0,0,29234928,0,0,0,0,0,0,0,0,432,0,843,0,0,0,0,0,0,0,0,26896598,0,0,0,0/RP0/CPU0

2020-02-02 22:02:13.533000+00:00,leaf5,sg2,obt-collector1,0,274,0,0,0,0,0,0,0,0,0,0,0,0,0,0,0,0,0,0,229,0,0,0,0,52,0,0,0,0,0,0,45,0,0,0,63,0,64827,59169,0,30730,1,59190,64827,0,34165,0,18,80,0,45,0,0,0,0,158516,0,0,0,0,0,0,0,0,99,0,18,0,0,0,0,30928,0,0,0,489796,0,97,0,0/0/CPU0

2020-02-02 22:02:13.535000+00:00,leaf5,sg2,obt-collector1,0,331,0,0,0,0,0,0,0,0,0,0,432,0,0,0,0,0,0,0,0,0,0,0,0,992,0,0,0,0,0,0,0,331,0,0,432,0,0,0,0,0,0,0,0,0,0,0,0,0,0,0,0,0,0,0,29234976,0,0,0,0,0,0,0,0,432,0,843,0,0,0,0,0,0,0,0,26896674,0,0,0,0/RP0/CPU0

2020-02-02 22:02:23.542000+00:00,leaf5,sg2,obt-collector1,0,274,0,0,0,0,0,0,0,0,0,0,0,0,0,0,0,0,0,0,229,0,0,0,0,52,0,0,0,0,0,0,45,0,0,0,63,0,64828,59171,0,30731,1,59192,64828,0,34165,0,18,80,0,45,0,0,0,0,158519,0,0,0,0,0,0,0,0,99,0,18,0,0,0,0,30929,0,0,0,489812,0,97,0,0/0/CPU0

2020-02-02 22:02:23.548000+00:00,leaf5,sg2,obt-collector1,0,331,0,0,0,0,0,0,0,0,0,0,432,0,0,0,0,0,0,0,0,0,0,0,0,992,0,0,0,0,0,0,0,331,0,0,432,0,0,0,0,0,0,0,0,0,0,0,0,0,0,0,0,0,0,0,29235024,0,0,0,0,0,0,0,0,432,0,843,0,0,0,0,0,0,0,0,26896750,0,0,0,0/RP0/CPU0

2020-02-02 22:02:33.546000+00:00,leaf5,sg2,obt-collector1,0,274,0,0,0,0,0,0,0,0,0,0,0,0,0,0,0,0,0,0,229,0,0,0,0,52,0,0,0,0,0,0,45,0,0,0,63,0,64830,59172,0,30734,1,59193,64830,0,34166,0,18,80,0,45,0,0,0,0,158523,0,0,0,0,0,0,0,0,99,0,18,0,0,0,0,30932,0,0,0,489828,0,97,0,0/0/CPU0

2020-02-02 22:02:33.548000+00:00,leaf5,sg2,obt-collector1,0,331,0,0,0,0,0,0,0,0,0,0,432,0,0,0,0,0,0,0,0,0,0,0,0,992,0,0,0,0,0,0,0,331,0,0,432,0,0,0,0,0,0,0,0,0,0,0,0,0,0,0,0,0,0,0,29235072,0,0,0,0,0,0,0,0,432,0,843,0,0,0,0,0,0,0,0,26896826,0,0,0,0/RP0/CPU0

2020-02-02 22:02:43.543000+00:00,leaf5,sg2,obt-collector1,0,274,0,0,0,0,0,0,0,0,0,0,0,0,0,0,0,0,0,0,229,0,0,0,0,52,0,0,0,0,0,0,45,0,0,0,63,0,64835,59173,0,30734,1,59194,64835,0,34167,0,18,80,0,45,0,0,0,0,158530,0,0,0,0,0,0,0,0,99,0,18,0,0,0,0,30932,0,0,0,489845,0,97,0,0/0/CPU0

2020-02-02 22:02:43.546000+00:00,leaf5,sg2,obt-collector1,0,331,0,0,0,0,0,0,0,0,0,0,432,0,0,0,0,0,0,0,0,0,0,0,0,992,0,0,0,0,0,0,0,331,0,0,432,0,0,0,0,0,0,0,0,0,0,0,0,0,0,0,0,0,0,0,29235120,0,0,0,0,0,0,0,0,432,0,843,0,0,0,0,0,0,0,0,26896902,0,0,0,0/RP0/CPU0

2020-02-02 22:02:53.546000+00:00,leaf5,sg2,obt-collector1,0,274,0,0,0,0,0,0,0,0,0,0,0,0,0,0,0,0,0,0,229,0,0,0,0,52,0,0,0,0,0,0,45,0,0,0,63,0,64838,59175,0,30736,1,59196,64838,0,34167,0,18,80,0,45,0,0,0,0,158535,0,0,0,0,0,0,0,0,99,0,18,0,0,0,0,30934,0,0,0,489863,0,97,0,0/0/CPU0

2020-02-02 22:02:53.550000+00:00,leaf5,sg2,obt-collector1,0,331,0,0,0,0,0,0,0,0,0,0,432,0,0,0,0,0,0,0,0,0,0,0,0,992,0,0,0,0,0,0,0,331,0,0,432,0,0,0,0,0,0,0,0,0,0,0,0,0,0,0,0,0,0,0,29235168,0,0,0,0,0,0,0,0,432,0,843,0,0,0,0,0,0,0,0,26896978,0,0,0,0/RP0/CPU0

2020-02-02 22:03:03.532000+00:00,leaf5,sg2,obt-collector1,0,274,0,0,0,0,0,0,0,0,0,0,0,0,0,0,0,0,0,0,229,0,0,0,0,52,0,0,0,0,0,0,45,0,0,0,63,0,64840,59176,0,30737,1,59197,64840,0,34168,0,18,80,0,45,0,0,0,0,158539,0,0,0,0,0,0,0,0,99,0,18,0,0,0,0,30935,0,0,0,489879,0,97,0,0/0/CPU0

2020-02-02 22:03:03.535000+00:00,leaf5,sg2,obt-collector1,0,331,0,0,0,0,0,0,0,0,0,0,432,0,0,0,0,0,0,0,0,0,0,0,0,992,0,0,0,0,0,0,0,331,0,0,432,0,0,0,0,0,0,0,0,0,0,0,0,0,0,0,0,0,0,0,29235216,0,0,0,0,0,0,0,0,432,0,843,0,0,0,0,0,0,0,0,26897054,0,0,0,0/RP0/CPU0

2020-02-02 22:03:13.528000+00:00,leaf5,sg2,obt-collector1,0,274,0,0,0,0,0,0,0,0,0,0,0,0,0,0,0,0,0,0,229,0,0,0,0,52,0,0,0,0,0,0,45,0,0,0,63,0,64841,59178,0,30738,1,59199,64841,0,34168,0,18,80,0,45,0,0,0,0,158542,0,0,0,0,0,0,0,0,99,0,18,0,0,0,0,30936,0,0,0,489895,0,97,0,0/0/CPU0

2020-02-02 22:03:13.530000+00:00,leaf5,sg2,obt-collector1,0,331,0,0,0,0,0,0,0,0,0,0,432,0,0,0,0,0,0,0,0,0,0,0,0,992,0,0,0,0,0,0,0,331,0,0,432,0,0,0,0,0,0,0,0,0,0,0,0,0,0,0,0,0,0,0,29235264,0,0,0,0,0,0,0,0,432,0,843,0,0,0,0,0,0,0,0,26897130,0,0,0,0/RP0/CPU0

2020-02-02 22:03:23.555000+00:00,leaf5,sg2,obt-collector1,0,274,0,0,0,0,0,0,0,0,0,0,0,0,0,0,0,0,0,0,229,0,0,0,0,52,0,0,0,0,0,0,45,0,0,0,63,0,64843,59181,0,30738,1,59202,64843,0,34169,0,18,80,0,45,0,0,0,0,158548,0,0,0,0,0,0,0,0,99,0,18,0,0,0,0,30936,0,0,0,489910,0,97,0,0/0/CPU0

2020-02-02 22:03:23.557000+00:00,leaf5,sg2,obt-collector1,0,331,0,0,0,0,0,0,0,0,0,0,432,0,0,0,0,0,0,0,0,0,0,0,0,992,0,0,0,0,0,0,0,331,0,0,432,0,0,0,0,0,0,0,0,0,0,0,0,0,0,0,0,0,0,0,29235312,0,0,0,0,0,0,0,0,432,0,843,0,0,0,0,0,0,0,0,26897206,0,0,0,0/RP0/CPU0

2020-02-02 22:03:33.556000+00:00,leaf5,sg2,obt-collector1,0,274,0,0,0,0,0,0,0,0,0,0,0,0,0,0,0,0,0,0,229,0,0,0,0,52,0,0,0,0,0,0,45,0,0,0,63,0,64846,59183,0,30738,1,59204,64846,0,34171,0,18,80,0,45,0,0,0,0,158555,0,0,0,0,0,0,0,0,99,0,18,0,0,0,0,30936,0,0,0,489927,0,97,0,0/0/CPU0

2020-02-02 22:03:33.558000+00:00,leaf5,sg2,obt-collector1,0,331,0,0,0,0,0,0,0,0,0,0,432,0,0,0,0,0,0,0,0,0,0,0,0,992,0,0,0,0,0,0,0,331,0,0,432,0,0,0,0,0,0,0,0,0,0,0,0,0,0,0,0,0,0,0,29235360,0,0,0,0,0,0,0,0,432,0,843,0,0,0,0,0,0,0,0,26897284,0,0,0,0/RP0/CPU0

2020-02-02 22:03:43.600000+00:00,leaf5,sg2,obt-collector1,0,274,0,0,0,0,0,0,0,0,0,0,0,0,0,0,0,0,0,0,229,0,0,0,0,52,0,0,0,0,0,0,45,0,0,0,63,0,64850,59186,0,30738,1,59207,64850,0,34171,0,18,80,0,45,0,0,0,0,158562,0,0,0,0,0,0,0,0,99,0,18,0,0,0,0,30936,0,0,0,489946,0,97,0,0/0/CPU0

2020-02-02 22:03:43.602000+00:00,leaf5,sg2,obt-collector1,0,331,0,0,0,0,0,0,0,0,0,0,432,0,0,0,0,0,0,0,0,0,0,0,0,992,0,0,0,0,0,0,0,331,0,0,432,0,0,0,0,0,0,0,0,0,0,0,0,0,0,0,0,0,0,0,29235408,0,0,0,0,0,0,0,0,432,0,843,0,0,0,0,0,0,0,0,26897360,0,0,0,0/RP0/CPU0

2020-02-02 22:03:53.558000+00:00,leaf5,sg2,obt-collector1,0,274,0,0,0,0,0,0,0,0,0,0,0,0,0,0,0,0,0,0,229,0,0,0,0,52,0,0,0,0,0,0,45,0,0,0,63,0,64851,59187,0,30738,1,59208,64851,0,34173,0,18,80,0,45,0,0,0,0,158566,0,0,0,0,0,0,0,0,99,0,18,0,0,0,0,30936,0,0,0,489959,0,97,0,0/0/CPU0

2020-02-02 22:03:53.559000+00:00,leaf5,sg2,obt-collector1,0,331,0,0,0,0,0,0,0,0,0,0,432,0,0,0,0,0,0,0,0,0,0,0,0,992,0,0,0,0,0,0,0,331,0,0,432,0,0,0,0,0,0,0,0,0,0,0,0,0,0,0,0,0,0,0,29235456,0,0,0,0,0,0,0,0,432,0,843,0,0,0,0,0,0,0,0,26897436,0,0,0,0/RP0/CPU0

2020-02-02 22:04:03.543000+00:00,leaf5,sg2,obt-collector1,0,274,0,0,0,0,0,0,0,0,0,0,0,0,0,0,0,0,0,0,229,0,0,0,0,52,0,0,0,0,0,0,45,0,0,0,63,0,64852,59189,0,30740,1,59210,64852,0,34176,0,18,80,0,45,0,0,0,0,158572,0,0,0,0,0,0,0,0,99,0,18,0,0,0,0,30938,0,0,0,489975,0,97,0,0/0/CPU0

2020-02-02 22:04:03.546000+00:00,leaf5,sg2,obt-collector1,0,331,0,0,0,0,0,0,0,0,0,0,432,0,0,0,0,0,0,0,0,0,0,0,0,992,0,0,0,0,0,0,0,331,0,0,432,0,0,0,0,0,0,0,0,0,0,0,0,0,0,0,0,0,0,0,29235504,0,0,0,0,0,0,0,0,432,0,843,0,0,0,0,0,0,0,0,26897512,0,0,0,0/RP0/CPU0

2020-02-02 22:04:13.571000+00:00,leaf5,sg2,obt-collector1,0,274,0,0,0,0,0,0,0,0,0,0,0,0,0,0,0,0,0,0,229,0,0,0,0,52,0,0,0,0,0,0,45,0,0,0,63,0,64852,59191,0,30740,1,59212,64852,0,34180,0,18,80,0,45,0,0,0,0,158578,0,0,0,0,0,0,0,0,99,0,18,0,0,0,0,30938,0,0,0,489989,0,97,0,0/0/CPU0

2020-02-02 22:04:13.576000+00:00,leaf5,sg2,obt-collector1,0,331,0,0,0,0,0,0,0,0,0,0,432,0,0,0,0,0,0,0,0,0,0,0,0,992,0,0,0,0,0,0,0,331,0,0,432,0,0,0,0,0,0,0,0,0,0,0,0,0,0,0,0,0,0,0,29235552,0,0,0,0,0,0,0,0,432,0,843,0,0,0,0,0,0,0,0,26897588,0,0,0,0/RP0/CPU0

2020-02-02 22:04:23.530000+00:00,leaf5,sg2,obt-collector1,0,274,0,0,0,0,0,0,0,0,0,0,0,0,0,0,0,0,0,0,229,0,0,0,0,52,0,0,0,0,0,0,45,0,0,0,63,0,64855,59195,0,30740,1,59216,64855,0,34180,0,18,80,0,45,0,0,0,0,158585,0,0,0,0,0,0,0,0,99,0,18,0,0,0,0,30938,0,0,0,490006,0,97,0,0/0/CPU0

2020-02-02 22:04:23.532000+00:00,leaf5,sg2,obt-collector1,0,331,0,0,0,0,0,0,0,0,0,0,432,0,0,0,0,0,0,0,0,0,0,0,0,992,0,0,0,0,0,0,0,331,0,0,432,0,0,0,0,0,0,0,0,0,0,0,0,0,0,0,0,0,0,0,29235600,0,0,0,0,0,0,0,0,432,0,843,0,0,0,0,0,0,0,0,26897664,0,0,0,0/RP0/CPU0

2020-02-02 22:04:33.536000+00:00,leaf5,sg2,obt-collector1,0,274,0,0,0,0,0,0,0,0,0,0,0,0,0,0,0,0,0,0,229,0,0,0,0,52,0,0,0,0,0,0,45,0,0,0,63,0,64856,59199,0,30741,1,59220,64856,0,34183,0,18,80,0,45,0,0,0,0,158593,0,0,0,0,0,0,0,0,99,0,18,0,0,0,0,30939,0,0,0,490024,0,97,0,0/0/CPU0

2020-02-02 22:04:33.538000+00:00,leaf5,sg2,obt-collector1,0,331,0,0,0,0,0,0,0,0,0,0,432,0,0,0,0,0,0,0,0,0,0,0,0,992,0,0,0,0,0,0,0,331,0,0,432,0,0,0,0,0,0,0,0,0,0,0,0,0,0,0,0,0,0,0,29235648,0,0,0,0,0,0,0,0,432,0,843,0,0,0,0,0,0,0,0,26897740,0,0,0,0/RP0/CPU0

2020-02-02 22:04:43.542000+00:00,leaf5,sg2,obt-collector1,0,274,0,0,0,0,0,0,0,0,0,0,0,0,0,0,0,0,0,0,229,0,0,0,0,52,0,0,0,0,0,0,45,0,0,0,63,0,64857,59201,0,30741,1,59222,64857,0,34184,0,18,80,0,45,0,0,0,0,158597,0,0,0,0,0,0,0,0,99,0,18,0,0,0,0,30939,0,0,0,490039,0,97,0,0/0/CPU0

2020-02-02 22:04:43.544000+00:00,leaf5,sg2,obt-collector1,0,331,0,0,0,0,0,0,0,0,0,0,432,0,0,0,0,0,0,0,0,0,0,0,0,992,0,0,0,0,0,0,0,331,0,0,432,0,0,0,0,0,0,0,0,0,0,0,0,0,0,0,0,0,0,0,29235694,0,0,0,0,0,0,0,0,432,0,843,0,0,0,0,0,0,0,0,26897816,0,0,0,0/RP0/CPU0

2020-02-02 22:04:53.543000+00:00,leaf5,sg2,obt-collector1,0,274,0,0,0,0,0,0,0,0,0,0,0,0,0,0,0,0,0,0,229,0,0,0,0,52,0,0,0,0,0,0,45,0,0,0,63,0,64861,59205,0,30743,1,59226,64861,0,34186,0,18,80,0,45,0,0,0,0,158607,0,0,0,0,0,0,0,0,99,0,18,0,0,0,0,30941,0,0,0,490060,0,97,0,0/0/CPU0

2020-02-02 22:04:53.545000+00:00,leaf5,sg2,obt-collector1,0,331,0,0,0,0,0,0,0,0,0,0,432,0,0,0,0,0,0,0,0,0,0,0,0,992,0,0,0,0,0,0,0,331,0,0,432,0,0,0,0,0,0,0,0,0,0,0,0,0,0,0,0,0,0,0,29235740,0,0,0,0,0,0,0,0,432,0,843,0,0,0,0,0,0,0,0,26897892,0,0,0,0/RP0/CPU0

2020-02-02 22:05:03.616000+00:00,leaf5,sg2,obt-collector1,0,274,0,0,0,0,0,0,0,0,0,0,0,0,0,0,0,0,0,0,229,0,0,0,0,52,0,0,0,0,0,0,45,0,0,0,63,0,64865,59206,0,30745,1,59227,64865,0,34186,0,18,80,0,45,0,0,0,0,158612,0,0,0,0,0,0,0,0,99,0,18,0,0,0,0,30943,0,0,0,490078,0,97,0,0/0/CPU0

2020-02-02 22:05:03.619000+00:00,leaf5,sg2,obt-collector1,0,331,0,0,0,0,0,0,0,0,0,0,432,0,0,0,0,0,0,0,0,0,0,0,0,992,0,0,0,0,0,0,0,331,0,0,432,0,0,0,0,0,0,0,0,0,0,0,0,0,0,0,0,0,0,0,29235788,0,0,0,0,0,0,0,0,432,0,843,0,0,0,0,0,0,0,0,26897968,0,0,0,0/RP0/CPU0

2020-02-02 22:05:13.561000+00:00,leaf5,sg2,obt-collector1,0,274,0,0,0,0,0,0,0,0,0,0,0,0,0,0,0,0,0,0,229,0,0,0,0,52,0,0,0,0,0,0,45,0,0,0,63,0,64866,59207,0,30747,1,59228,64866,0,34186,0,18,80,0,45,0,0,0,0,158614,0,0,0,0,0,0,0,0,99,0,18,0,0,0,0,30945,0,0,0,490094,0,97,0,0/0/CPU0

2020-02-02 22:05:13.563000+00:00,leaf5,sg2,obt-collector1,0,331,0,0,0,0,0,0,0,0,0,0,432,0,0,0,0,0,0,0,0,0,0,0,0,992,0,0,0,0,0,0,0,331,0,0,432,0,0,0,0,0,0,0,0,0,0,0,0,0,0,0,0,0,0,0,29235834,0,0,0,0,0,0,0,0,432,0,843,0,0,0,0,0,0,0,0,26898044,0,0,0,0/RP0/CPU0

2020-02-02 22:05:23.549000+00:00,leaf5,sg2,obt-collector1,0,274,0,0,0,0,0,0,0,0,0,0,0,0,0,0,0,0,0,0,229,0,0,0,0,52,0,0,0,0,0,0,45,0,0,0,63,0,64868,59209,0,30750,1,59230,64868,0,34187,0,18,80,0,45,0,0,0,0,158619,0,0,0,0,0,0,0,0,99,0,18,0,0,0,0,30948,0,0,0,490112,0,97,0,0/0/CPU0

2020-02-02 22:05:23.551000+00:00,leaf5,sg2,obt-collector1,0,331,0,0,0,0,0,0,0,0,0,0,432,0,0,0,0,0,0,0,0,0,0,0,0,992,0,0,0,0,0,0,0,331,0,0,432,0,0,0,0,0,0,0,0,0,0,0,0,0,0,0,0,0,0,0,29235881,0,0,0,0,0,0,0,0,432,0,843,0,0,0,0,0,0,0,0,26898120,0,0,0,0/RP0/CPU0

2020-02-02 22:05:33.549000+00:00,leaf5,sg2,obt-collector1,0,274,0,0,0,0,0,0,0,0,0,0,0,0,0,0,0,0,0,0,229,0,0,0,0,52,0,0,0,0,0,0,45,0,0,0,63,0,64869,59210,0,30751,1,59231,64869,0,34187,0,18,80,0,45,0,0,0,0,158621,0,0,0,0,0,0,0,0,99,0,18,0,0,0,0,30949,0,0,0,490127,0,97,0,0/0/CPU0

2020-02-02 22:05:33.552000+00:00,leaf5,sg2,obt-collector1,0,331,0,0,0,0,0,0,0,0,0,0,432,0,0,0,0,0,0,0,0,0,0,0,0,992,0,0,0,0,0,0,0,331,0,0,432,0,0,0,0,0,0,0,0,0,0,0,0,0,0,0,0,0,0,0,29235928,0,0,0,0,0,0,0,0,432,0,843,0,0,0,0,0,0,0,0,26898196,0,0,0,0/RP0/CPU0

2020-02-02 22:05:43.556000+00:00,leaf5,sg2,obt-collector1,0,274,0,0,0,0,0,0,0,0,0,0,0,0,0,0,0,0,0,0,229,0,0,0,0,52,0,0,0,0,0,0,45,0,0,0,63,0,64874,59212,0,30753,1,59233,64874,0,34187,0,18,80,0,45,0,0,0,0,158628,0,0,0,0,0,0,0,0,99,0,18,0,0,0,0,30951,0,0,0,490147,0,97,0,0/0/CPU0

2020-02-02 22:05:43.559000+00:00,leaf5,sg2,obt-collector1,0,331,0,0,0,0,0,0,0,0,0,0,432,0,0,0,0,0,0,0,0,0,0,0,0,992,0,0,0,0,0,0,0,331,0,0,432,0,0,0,0,0,0,0,0,0,0,0,0,0,0,0,0,0,0,0,29235974,0,0,0,0,0,0,0,0,432,0,843,0,0,0,0,0,0,0,0,26898272,0,0,0,0/RP0/CPU0

2020-02-02 22:05:53.556000+00:00,leaf5,sg2,obt-collector1,0,274,0,0,0,0,0,0,0,0,0,0,0,0,0,0,0,0,0,0,229,0,0,0,0,52,0,0,0,0,0,0,45,0,0,0,63,0,64878,59212,0,30754,1,59233,64878,0,34187,0,18,80,0,45,0,0,0,0,158632,0,0,0,0,0,0,0,0,99,0,18,0,0,0,0,30952,0,0,0,490163,0,97,0,0/0/CPU0

2020-02-02 22:05:53.559000+00:00,leaf5,sg2,obt-collector1,0,331,0,0,0,0,0,0,0,0,0,0,432,0,0,0,0,0,0,0,0,0,0,0,0,992,0,0,0,0,0,0,0,331,0,0,432,0,0,0,0,0,0,0,0,0,0,0,0,0,0,0,0,0,0,0,29236020,0,0,0,0,0,0,0,0,432,0,843,0,0,0,0,0,0,0,0,26898348,0,0,0,0/RP0/CPU0

2020-02-02 22:06:03.565000+00:00,leaf5,sg2,obt-collector1,0,274,0,0,0,0,0,0,0,0,0,0,0,0,0,0,0,0,0,0,229,0,0,0,0,52,0,0,0,0,0,0,45,0,0,0,63,0,64878,59213,0,30756,1,59234,64878,0,34189,0,18,80,0,45,0,0,0,0,158635,0,0,0,0,0,0,0,0,99,0,18,0,0,0,0,30954,0,0,0,490178,0,97,0,0/0/CPU0

2020-02-02 22:06:03.567000+00:00,leaf5,sg2,obt-collector1,0,331,0,0,0,0,0,0,0,0,0,0,432,0,0,0,0,0,0,0,0,0,0,0,0,992,0,0,0,0,0,0,0,331,0,0,432,0,0,0,0,0,0,0,0,0,0,0,0,0,0,0,0,0,0,0,29236066,0,0,0,0,0,0,0,0,432,0,843,0,0,0,0,0,0,0,0,26898424,0,0,0,0/RP0/CPU0

2020-02-02 22:06:13.547000+00:00,leaf5,sg2,obt-collector1,0,274,0,0,0,0,0,0,0,0,0,0,0,0,0,0,0,0,0,0,229,0,0,0,0,52,0,0,0,0,0,0,45,0,0,0,63,0,64881,59215,0,30756,1,59236,64881,0,34191,0,18,80,0,45,0,0,0,0,158642,0,0,0,0,0,0,0,0,99,0,18,0,0,0,0,30954,0,0,0,490194,0,97,0,0/0/CPU0

2020-02-02 22:06:13.549000+00:00,leaf5,sg2,obt-collector1,0,331,0,0,0,0,0,0,0,0,0,0,432,0,0,0,0,0,0,0,0,0,0,0,0,992,0,0,0,0,0,0,0,331,0,0,432,0,0,0,0,0,0,0,0,0,0,0,0,0,0,0,0,0,0,0,29236112,0,0,0,0,0,0,0,0,432,0,843,0,0,0,0,0,0,0,0,26898500,0,0,0,0/RP0/CPU0

2020-02-02 22:06:23.540000+00:00,leaf5,sg2,obt-collector1,0,274,0,0,0,0,0,0,0,0,0,0,0,0,0,0,0,0,0,0,229,0,0,0,0,52,0,0,0,0,0,0,45,0,0,0,63,0,64882,59216,0,30756,1,59237,64882,0,34192,0,18,80,0,45,0,0,0,0,158645,0,0,0,0,0,0,0,0,99,0,18,0,0,0,0,30954,0,0,0,490208,0,97,0,0/0/CPU0

2020-02-02 22:06:23.542000+00:00,leaf5,sg2,obt-collector1,0,331,0,0,0,0,0,0,0,0,0,0,432,0,0,0,0,0,0,0,0,0,0,0,0,992,0,0,0,0,0,0,0,331,0,0,432,0,0,0,0,0,0,0,0,0,0,0,0,0,0,0,0,0,0,0,29236158,0,0,0,0,0,0,0,0,432,0,843,0,0,0,0,0,0,0,0,26898576,0,0,0,0/RP0/CPU0

2020-02-02 22:06:33.543000+00:00,leaf5,sg2,obt-collector1,0,274,0,0,0,0,0,0,0,0,0,0,0,0,0,0,0,0,0,0,229,0,0,0,0,52,0,0,0,0,0,0,45,0,0,0,63,0,64886,59218,0,30757,1,59239,64886,0,34192,0,18,80,0,45,0,0,0,0,158651,0,0,0,0,0,0,0,0,99,0,18,0,0,0,0,30955,0,0,0,490226,0,97,0,0/0/CPU0

2020-02-02 22:06:33.548000+00:00,leaf5,sg2,obt-collector1,0,331,0,0,0,0,0,0,0,0,0,0,432,0,0,0,0,0,0,0,0,0,0,0,0,992,0,0,0,0,0,0,0,331,0,0,432,0,0,0,0,0,0,0,0,0,0,0,0,0,0,0,0,0,0,0,29236206,0,0,0,0,0,0,0,0,432,0,843,0,0,0,0,0,0,0,0,26898652,0,0,0,0/RP0/CPU0

2020-02-02 22:06:43.556000+00:00,leaf5,sg2,obt-collector1,0,274,0,0,0,0,0,0,0,0,0,0,0,0,0,0,0,0,0,0,229,0,0,0,0,52,0,0,0,0,0,0,45,0,0,0,63,0,64890,59222,0,30757,1,59243,64890,0,34194,0,18,80,0,45,0,0,0,0,158661,0,0,0,0,0,0,0,0,99,0,18,0,0,0,0,30955,0,0,0,490245,0,97,0,0/0/CPU0

2020-02-02 22:06:43.559000+00:00,leaf5,sg2,obt-collector1,0,331,0,0,0,0,0,0,0,0,0,0,432,0,0,0,0,0,0,0,0,0,0,0,0,992,0,0,0,0,0,0,0,331,0,0,432,0,0,0,0,0,0,0,0,0,0,0,0,0,0,0,0,0,0,0,29236256,0,0,0,0,0,0,0,0,432,0,843,0,0,0,0,0,0,0,0,26898728,0,0,0,0/RP0/CPU0

2020-02-02 22:06:53.571000+00:00,leaf5,sg2,obt-collector1,0,274,0,0,0,0,0,0,0,0,0,0,0,0,0,0,0,0,0,0,229,0,0,0,0,52,0,0,0,0,0,0,45,0,0,0,63,0,64892,59224,0,30758,1,59245,64892,0,34194,0,18,80,0,45,0,0,0,0,158665,0,0,0,0,0,0,0,0,99,0,18,0,0,0,0,30956,0,0,0,490262,0,97,0,0/0/CPU0

2020-02-02 22:06:53.573000+00:00,leaf5,sg2,obt-collector1,0,331,0,0,0,0,0,0,0,0,0,0,432,0,0,0,0,0,0,0,0,0,0,0,0,992,0,0,0,0,0,0,0,331,0,0,432,0,0,0,0,0,0,0,0,0,0,0,0,0,0,0,0,0,0,0,29236306,0,0,0,0,0,0,0,0,432,0,843,0,0,0,0,0,0,0,0,26898804,0,0,0,0/RP0/CPU0

2020-02-02 22:07:03.538000+00:00,leaf5,sg2,obt-collector1,0,274,0,0,0,0,0,0,0,0,0,0,0,0,0,0,0,0,0,0,229,0,0,0,0,52,0,0,0,0,0,0,45,0,0,0,63,0,64892,59225,0,30760,1,59246,64892,0,34197,0,18,80,0,45,0,0,0,0,158669,0,0,0,0,0,0,0,0,99,0,18,0,0,0,0,30958,0,0,0,490277,0,97,0,0/0/CPU0

2020-02-02 22:07:03.540000+00:00,leaf5,sg2,obt-collector1,0,331,0,0,0,0,0,0,0,0,0,0,432,0,0,0,0,0,0,0,0,0,0,0,0,992,0,0,0,0,0,0,0,331,0,0,432,0,0,0,0,0,0,0,0,0,0,0,0,0,0,0,0,0,0,0,29236356,0,0,0,0,0,0,0,0,432,0,843,0,0,0,0,0,0,0,0,26898880,0,0,0,0/RP0/CPU0

2020-02-02 22:07:13.617000+00:00,leaf5,sg2,obt-collector1,0,274,0,0,0,0,0,0,0,0,0,0,0,0,0,0,0,0,0,0,229,0,0,0,0,52,0,0,0,0,0,0,45,0,0,0,63,0,64892,59227,0,30760,1,59248,64892,0,34198,0,18,80,0,45,0,0,0,0,158672,0,0,0,0,0,0,0,0,99,0,18,0,0,0,0,30958,0,0,0,490290,0,97,0,0/0/CPU0

2020-02-02 22:07:13.619000+00:00,leaf5,sg2,obt-collector1,0,331,0,0,0,0,0,0,0,0,0,0,432,0,0,0,0,0,0,0,0,0,0,0,0,992,0,0,0,0,0,0,0,331,0,0,432,0,0,0,0,0,0,0,0,0,0,0,0,0,0,0,0,0,0,0,29236405,0,0,0,0,0,0,0,0,432,0,843,0,0,0,0,0,0,0,0,26898959,0,0,0,0/RP0/CPU0

2020-02-02 22:07:23.547000+00:00,leaf5,sg2,obt-collector1,0,274,0,0,0,0,0,0,0,0,0,0,0,0,0,0,0,0,0,0,229,0,0,0,0,52,0,0,0,0,0,0,45,0,0,0,63,0,64895,59230,0,30760,1,59251,64895,0,34203,0,18,80,0,45,0,0,0,0,158683,0,0,0,0,0,0,0,0,99,0,18,0,0,0,0,30958,0,0,0,490307,0,97,0,0/0/CPU0

2020-02-02 22:07:23.549000+00:00,leaf5,sg2,obt-collector1,0,331,0,0,0,0,0,0,0,0,0,0,432,0,0,0,0,0,0,0,0,0,0,0,0,992,0,0,0,0,0,0,0,331,0,0,432,0,0,0,0,0,0,0,0,0,0,0,0,0,0,0,0,0,0,0,29236453,0,0,0,0,0,0,0,0,432,0,843,0,0,0,0,0,0,0,0,26899035,0,0,0,0/RP0/CPU0

2020-02-02 22:07:33.539000+00:00,leaf5,sg2,obt-collector1,0,274,0,0,0,0,0,0,0,0,0,0,0,0,0,0,0,0,0,0,229,0,0,0,0,52,0,0,0,0,0,0,45,0,0,0,63,0,64896,59234,0,30760,1,59255,64896,0,34204,0,18,80,0,45,0,0,0,0,158689,0,0,0,0,0,0,0,0,99,0,18,0,0,0,0,30958,0,0,0,490324,0,97,0,0/0/CPU0

2020-02-02 22:07:33.541000+00:00,leaf5,sg2,obt-collector1,0,331,0,0,0,0,0,0,0,0,0,0,432,0,0,0,0,0,0,0,0,0,0,0,0,992,0,0,0,0,0,0,0,331,0,0,432,0,0,0,0,0,0,0,0,0,0,0,0,0,0,0,0,0,0,0,29236501,0,0,0,0,0,0,0,0,432,0,843,0,0,0,0,0,0,0,0,26899111,0,0,0,0/RP0/CPU0

2020-02-02 22:07:43.563000+00:00,leaf5,sg2,obt-collector1,0,274,0,0,0,0,0,0,0,0,0,0,0,0,0,0,0,0,0,0,229,0,0,0,0,52,0,0,0,0,0,0,45,0,0,0,63,0,64896,59237,0,30760,1,59258,64896,0,34205,0,18,80,0,45,0,0,0,0,158693,0,0,0,0,0,0,0,0,99,0,18,0,0,0,0,30958,0,0,0,490339,0,97,0,0/0/CPU0

2020-02-02 22:07:43.565000+00:00,leaf5,sg2,obt-collector1,0,331,0,0,0,0,0,0,0,0,0,0,432,0,0,0,0,0,0,0,0,0,0,0,0,992,0,0,0,0,0,0,0,331,0,0,432,0,0,0,0,0,0,0,0,0,0,0,0,0,0,0,0,0,0,0,29236575,0,0,0,0,0,0,0,0,432,0,843,0,0,0,0,0,0,0,0,26899211,0,0,0,0/RP0/CPU0

2020-02-02 22:07:53.566000+00:00,leaf5,sg2,obt-collector1,0,274,0,0,0,0,0,0,0,0,0,0,0,0,0,0,0,0,0,0,229,0,0,0,0,52,0,0,0,0,0,0,45,0,0,0,63,0,64901,59241,0,30762,1,59262,64901,0,34206,0,18,80,0,45,0,0,0,0,158703,0,0,0,0,0,0,0,0,99,0,18,0,0,0,0,30960,0,0,0,490362,0,97,0,0/0/CPU0

2020-02-02 22:07:53.569000+00:00,leaf5,sg2,obt-collector1,0,331,0,0,0,0,0,0,0,0,0,0,432,0,0,0,0,0,0,0,0,0,0,0,0,992,0,0,0,0,0,0,0,331,0,0,432,0,0,0,0,0,0,0,0,0,0,0,0,0,0,0,0,0,0,0,29236623,0,0,0,0,0,0,0,0,432,0,843,0,0,0,0,0,0,0,0,26899287,0,0,0,0/RP0/CPU0

2020-02-02 22:08:03.554000+00:00,leaf5,sg2,obt-collector1,0,274,0,0,0,0,0,0,0,0,0,0,0,0,0,0,0,0,0,0,229,0,0,0,0,52,0,0,0,0,0,0,45,0,0,0,63,0,64902,59242,0,30766,1,59263,64902,0,34207,0,18,80,0,45,0,0,0,0,158706,0,0,0,0,0,0,0,0,99,0,18,0,0,0,0,30964,0,0,0,490379,0,97,0,0/0/CPU0

2020-02-02 22:08:03.556000+00:00,leaf5,sg2,obt-collector1,0,331,0,0,0,0,0,0,0,0,0,0,432,0,0,0,0,0,0,0,0,0,0,0,0,992,0,0,0,0,0,0,0,331,0,0,432,0,0,0,0,0,0,0,0,0,0,0,0,0,0,0,0,0,0,0,29236671,0,0,0,0,0,0,0,0,432,0,843,0,0,0,0,0,0,0,0,26899363,0,0,0,0/RP0/CPU0

2020-02-02 22:08:13.549000+00:00,leaf5,sg2,obt-collector1,0,274,0,0,0,0,0,0,0,0,0,0,0,0,0,0,0,0,0,0,229,0,0,0,0,52,0,0,0,0,0,0,45,0,0,0,63,0,64906,59244,0,30769,1,59265,64906,0,34208,0,18,80,0,45,0,0,0,0,158713,0,0,0,0,0,0,0,0,99,0,18,0,0,0,0,30967,0,0,0,490400,0,97,0,0/0/CPU0

2020-02-02 22:08:13.555000+00:00,leaf5,sg2,obt-collector1,0,331,0,0,0,0,0,0,0,0,0,0,432,0,0,0,0,0,0,0,0,0,0,0,0,992,0,0,0,0,0,0,0,331,0,0,432,0,0,0,0,0,0,0,0,0,0,0,0,0,0,0,0,0,0,0,29236727,0,0,0,0,0,0,0,0,432,0,843,0,0,0,0,0,0,0,0,26899443,0,0,0,0/RP0/CPU0

2020-02-02 22:08:23.558000+00:00,leaf5,sg2,obt-collector1,0,274,0,0,0,0,0,0,0,0,0,0,0,0,0,0,0,0,0,0,229,0,0,0,0,52,0,0,0,0,0,0,45,0,0,0,63,0,64908,59244,0,30770,1,59265,64908,0,34208,0,18,80,0,45,0,0,0,0,158715,0,0,0,0,0,0,0,0,99,0,18,0,0,0,0,30968,0,0,0,490413,0,97,0,0/0/CPU0

2020-02-02 22:08:23.560000+00:00,leaf5,sg2,obt-collector1,0,331,0,0,0,0,0,0,0,0,0,0,432,0,0,0,0,0,0,0,0,0,0,0,0,992,0,0,0,0,0,0,0,331,0,0,432,0,0,0,0,0,0,0,0,0,0,0,0,0,0,0,0,0,0,0,29236775,0,0,0,0,0,0,0,0,432,0,843,0,0,0,0,0,0,0,0,26899519,0,0,0,0/RP0/CPU0

2020-02-02 22:08:33.565000+00:00,leaf5,sg2,obt-collector1,0,274,0,0,0,0,0,0,0,0,0,0,0,0,0,0,0,0,0,0,229,0,0,0,0,52,0,0,0,0,0,0,45,0,0,0,63,0,64909,59246,0,30770,1,59267,64909,0,34208,0,18,80,0,45,0,0,0,0,158718,0,0,0,0,0,0,0,0,99,0,18,0,0,0,0,30968,0,0,0,490428,0,97,0,0/0/CPU0

2020-02-02 22:08:33.566000+00:00,leaf5,sg2,obt-collector1,0,331,0,0,0,0,0,0,0,0,0,0,432,0,0,0,0,0,0,0,0,0,0,0,0,992,0,0,0,0,0,0,0,331,0,0,432,0,0,0,0,0,0,0,0,0,0,0,0,0,0,0,0,0,0,0,29236823,0,0,0,0,0,0,0,0,432,0,843,0,0,0,0,0,0,0,0,26899595,0,0,0,0/RP0/CPU0

2020-02-02 22:08:43.559000+00:00,leaf5,sg2,obt-collector1,0,274,0,0,0,0,0,0,0,0,0,0,0,0,0,0,0,0,0,0,229,0,0,0,0,52,0,0,0,0,0,0,45,0,0,0,63,0,64913,59248,0,30772,1,59269,64913,0,34208,0,18,80,0,45,0,0,0,0,158724,0,0,0,0,0,0,0,0,99,0,18,0,0,0,0,30970,0,0,0,490447,0,97,0,0/0/CPU0

2020-02-02 22:08:43.561000+00:00,leaf5,sg2,obt-collector1,0,331,0,0,0,0,0,0,0,0,0,0,432,0,0,0,0,0,0,0,0,0,0,0,0,992,0,0,0,0,0,0,0,331,0,0,432,0,0,0,0,0,0,0,0,0,0,0,0,0,0,0,0,0,0,0,29236873,0,0,0,0,0,0,0,0,432,0,843,0,0,0,0,0,0,0,0,26899674,0,0,0,0/RP0/CPU0

2020-02-02 22:08:53.587000+00:00,leaf5,sg2,obt-collector1,0,274,0,0,0,0,0,0,0,0,0,0,0,0,0,0,0,0,0,0,229,0,0,0,0,52,0,0,0,0,0,0,45,0,0,0,63,0,64918,59248,0,30773,1,59269,64918,0,34210,0,18,80,0,45,0,0,0,0,158731,0,0,0,0,0,0,0,0,99,0,18,0,0,0,0,30971,0,0,0,490465,0,97,0,0/0/CPU0

2020-02-02 22:08:53.589000+00:00,leaf5,sg2,obt-collector1,0,331,0,0,0,0,0,0,0,0,0,0,432,0,0,0,0,0,0,0,0,0,0,0,0,992,0,0,0,0,0,0,0,331,0,0,432,0,0,0,0,0,0,0,0,0,0,0,0,0,0,0,0,0,0,0,29236921,0,0,0,0,0,0,0,0,432,0,843,0,0,0,0,0,0,0,0,26899750,0,0,0,0/RP0/CPU0

2020-02-02 22:09:03.596000+00:00,leaf5,sg2,obt-collector1,0,274,0,0,0,0,0,0,0,0,0,0,0,0,0,0,0,0,0,0,229,0,0,0,0,52,0,0,0,0,0,0,45,0,0,0,63,0,64918,59249,0,30775,1,59270,64918,0,34210,0,18,80,0,45,0,0,0,0,158732,0,0,0,0,0,0,0,0,99,0,18,0,0,0,0,30973,0,0,0,490479,0,97,0,0/0/CPU0

2020-02-02 22:09:03.599000+00:00,leaf5,sg2,obt-collector1,0,331,0,0,0,0,0,0,0,0,0,0,432,0,0,0,0,0,0,0,0,0,0,0,0,992,0,0,0,0,0,0,0,331,0,0,432,0,0,0,0,0,0,0,0,0,0,0,0,0,0,0,0,0,0,0,29236969,0,0,0,0,0,0,0,0,432,0,843,0,0,0,0,0,0,0,0,26899826,0,0,0,0/RP0/CPU0

2020-02-02 22:09:13.570000+00:00,leaf5,sg2,obt-collector1,0,274,0,0,0,0,0,0,0,0,0,0,0,0,0,0,0,0,0,0,229,0,0,0,0,52,0,0,0,0,0,0,45,0,0,0,63,0,64921,59252,0,30776,1,59273,64921,0,34213,0,18,80,0,45,0,0,0,0,158741,0,0,0,0,0,0,0,0,99,0,18,0,0,0,0,30974,0,0,0,490497,0,97,0,0/0/CPU0

2020-02-02 22:09:13.572000+00:00,leaf5,sg2,obt-collector1,0,331,0,0,0,0,0,0,0,0,0,0,432,0,0,0,0,0,0,0,0,0,0,0,0,992,0,0,0,0,0,0,0,331,0,0,432,0,0,0,0,0,0,0,0,0,0,0,0,0,0,0,0,0,0,0,29237021,0,0,0,0,0,0,0,0,432,0,843,0,0,0,0,0,0,0,0,26899906,0,0,0,0/RP0/CPU0

2020-02-02 22:09:23.565000+00:00,leaf5,sg2,obt-collector1,0,274,0,0,0,0,0,0,0,0,0,0,0,0,0,0,0,0,0,0,229,0,0,0,0,52,0,0,0,0,0,0,45,0,0,0,63,0,64922,59253,0,30776,1,59274,64922,0,34213,0,18,80,0,45,0,0,0,0,158743,0,0,0,0,0,0,0,0,99,0,18,0,0,0,0,30974,0,0,0,490511,0,97,0,0/0/CPU0

2020-02-02 22:09:23.570000+00:00,leaf5,sg2,obt-collector1,0,331,0,0,0,0,0,0,0,0,0,0,432,0,0,0,0,0,0,0,0,0,0,0,0,992,0,0,0,0,0,0,0,331,0,0,432,0,0,0,0,0,0,0,0,0,0,0,0,0,0,0,0,0,0,0,29237069,0,0,0,0,0,0,0,0,432,0,843,0,0,0,0,0,0,0,0,26899982,0,0,0,0/RP0/CPU0

2020-02-02 22:09:33.557000+00:00,leaf5,sg2,obt-collector1,0,274,0,0,0,0,0,0,0,0,0,0,0,0,0,0,0,0,0,0,229,0,0,0,0,52,0,0,0,0,0,0,45,0,0,0,63,0,64927,59256,0,30776,1,59277,64927,0,34213,0,18,80,0,45,0,0,0,0,158751,0,0,0,0,0,0,0,0,99,0,18,0,0,0,0,30974,0,0,0,490530,0,97,0,0/0/CPU0

2020-02-02 22:09:33.560000+00:00,leaf5,sg2,obt-collector1,0,331,0,0,0,0,0,0,0,0,0,0,432,0,0,0,0,0,0,0,0,0,0,0,0,992,0,0,0,0,0,0,0,331,0,0,432,0,0,0,0,0,0,0,0,0,0,0,0,0,0,0,0,0,0,0,29237117,0,0,0,0,0,0,0,0,432,0,843,0,0,0,0,0,0,0,0,26900058,0,0,0,0/RP0/CPU0

2020-02-02 22:09:43.550000+00:00,leaf5,sg2,obt-collector1,0,274,0,0,0,0,0,0,0,0,0,0,0,0,0,0,0,0,0,0,229,0,0,0,0,52,0,0,0,0,0,0,45,0,0,0,63,0,64930,59259,0,30777,1,59280,64930,0,34214,0,18,80,0,45,0,0,0,0,158758,0,0,0,0,0,0,0,0,99,0,18,0,0,0,0,30975,0,0,0,490550,0,97,0,0/0/CPU0

2020-02-02 22:09:43.553000+00:00,leaf5,sg2,obt-collector1,0,331,0,0,0,0,0,0,0,0,0,0,432,0,0,0,0,0,0,0,0,0,0,0,0,992,0,0,0,0,0,0,0,331,0,0,432,0,0,0,0,0,0,0,0,0,0,0,0,0,0,0,0,0,0,0,29237177,0,0,0,0,0,0,0,0,432,0,843,0,0,0,0,0,0,0,0,26900146,0,0,0,0/RP0/CPU0

2020-02-02 22:09:53.550000+00:00,leaf5,sg2,obt-collector1,0,274,0,0,0,0,0,0,0,0,0,0,0,0,0,0,0,0,0,0,229,0,0,0,0,52,0,0,0,0,0,0,45,0,0,0,63,0,64932,59261,0,30777,1,59282,64932,0,34215,0,18,80,0,45,0,0,0,0,158763,0,0,0,0,0,0,0,0,99,0,18,0,0,0,0,30975,0,0,0,490565,0,97,0,0/0/CPU0

2020-02-02 22:09:53.553000+00:00,leaf5,sg2,obt-collector1,0,331,0,0,0,0,0,0,0,0,0,0,432,0,0,0,0,0,0,0,0,0,0,0,0,992,0,0,0,0,0,0,0,331,0,0,432,0,0,0,0,0,0,0,0,0,0,0,0,0,0,0,0,0,0,0,29237225,0,0,0,0,0,0,0,0,432,0,843,0,0,0,0,0,0,0,0,26900222,0,0,0,0/RP0/CPU0

2020-02-02 22:10:03.555000+00:00,leaf5,sg2,obt-collector1,0,274,0,0,0,0,0,0,0,0,0,0,0,0,0,0,0,0,0,0,229,0,0,0,0,52,0,0,0,0,0,0,45,0,0,0,63,0,64932,59262,0,30777,1,59283,64932,0,34217,0,18,80,0,45,0,0,0,0,158766,0,0,0,0,0,0,0,0,99,0,18,0,0,0,0,30975,0,0,0,490578,0,97,0,0/0/CPU0

2020-02-02 22:10:03.558000+00:00,leaf5,sg2,obt-collector1,0,331,0,0,0,0,0,0,0,0,0,0,432,0,0,0,0,0,0,0,0,0,0,0,0,992,0,0,0,0,0,0,0,331,0,0,432,0,0,0,0,0,0,0,0,0,0,0,0,0,0,0,0,0,0,0,29237274,0,0,0,0,0,0,0,0,432,0,843,0,0,0,0,0,0,0,0,26900298,0,0,0,0/RP0/CPU0

2020-02-02 22:10:13.556000+00:00,leaf5,sg2,obt-collector1,0,274,0,0,0,0,0,0,0,0,0,0,0,0,0,0,0,0,0,0,229,0,0,0,0,52,0,0,0,0,0,0,45,0,0,0,63,0,64932,59264,0,30778,1,59285,64932,0,34220,0,18,80,0,45,0,0,0,0,158771,0,0,0,0,0,0,0,0,99,0,18,0,0,0,0,30976,0,0,0,490593,0,97,0,0/0/CPU0

2020-02-02 22:10:13.558000+00:00,leaf5,sg2,obt-collector1,0,331,0,0,0,0,0,0,0,0,0,0,432,0,0,0,0,0,0,0,0,0,0,0,0,992,0,0,0,0,0,0,0,331,0,0,432,0,0,0,0,0,0,0,0,0,0,0,0,0,0,0,0,0,0,0,29237328,0,0,0,0,0,0,0,0,432,0,843,0,0,0,0,0,0,0,0,26900377,0,0,0,0/RP0/CPU0

2020-02-02 22:10:23.544000+00:00,leaf5,sg2,obt-collector1,0,274,0,0,0,0,0,0,0,0,0,0,0,0,0,0,0,0,0,0,229,0,0,0,0,52,0,0,0,0,0,0,45,0,0,0,63,0,64935,59267,0,30778,1,59288,64935,0,34223,0,18,80,0,45,0,0,0,0,158780,0,0,0,0,0,0,0,0,99,0,18,0,0,0,0,30976,0,0,0,490610,0,97,0,0/0/CPU0

2020-02-02 22:10:23.546000+00:00,leaf5,sg2,obt-collector1,0,331,0,0,0,0,0,0,0,0,0,0,432,0,0,0,0,0,0,0,0,0,0,0,0,992,0,0,0,0,0,0,0,331,0,0,432,0,0,0,0,0,0,0,0,0,0,0,0,0,0,0,0,0,0,0,29237376,0,0,0,0,0,0,0,0,432,0,843,0,0,0,0,0,0,0,0,26900453,0,0,0,0/RP0/CPU0

2020-02-02 22:10:33.543000+00:00,leaf5,sg2,obt-collector1,0,274,0,0,0,0,0,0,0,0,0,0,0,0,0,0,0,0,0,0,229,0,0,0,0,52,0,0,0,0,0,0,45,0,0,0,63,0,64936,59271,0,30778,1,59292,64936,0,34226,0,18,80,0,45,0,0,0,0,158788,0,0,0,0,0,0,0,0,99,0,18,0,0,0,0,30976,0,0,0,490627,0,97,0,0/0/CPU0

2020-02-02 22:10:33.546000+00:00,leaf5,sg2,obt-collector1,0,331,0,0,0,0,0,0,0,0,0,0,432,0,0,0,0,0,0,0,0,0,0,0,0,992,0,0,0,0,0,0,0,331,0,0,432,0,0,0,0,0,0,0,0,0,0,0,0,0,0,0,0,0,0,0,29237425,0,0,0,0,0,0,0,0,432,0,843,0,0,0,0,0,0,0,0,26900529,0,0,0,0/RP0/CPU0

2020-02-02 22:10:43.553000+00:00,leaf5,sg2,obt-collector1,0,274,0,0,0,0,0,0,0,0,0,0,0,0,0,0,0,0,0,0,229,0,0,0,0,52,0,0,0,0,0,0,45,0,0,0,63,0,64936,59275,0,30780,1,59296,64936,0,34226,0,18,80,0,45,0,0,0,0,158792,0,0,0,0,0,0,0,0,99,0,18,0,0,0,0,30978,0,0,0,490644,0,97,0,0/0/CPU0

2020-02-02 22:10:43.555000+00:00,leaf5,sg2,obt-collector1,0,331,0,0,0,0,0,0,0,0,0,0,432,0,0,0,0,0,0,0,0,0,0,0,0,992,0,0,0,0,0,0,0,331,0,0,432,0,0,0,0,0,0,0,0,0,0,0,0,0,0,0,0,0,0,0,29237480,0,0,0,0,0,0,0,0,432,0,843,0,0,0,0,0,0,0,0,26900608,0,0,0,0/RP0/CPU0

2020-02-02 22:10:53.586000+00:00,leaf5,sg2,obt-collector1,0,274,0,0,0,0,0,0,0,0,0,0,0,0,0,0,0,0,0,0,229,0,0,0,0,52,0,0,0,0,0,0,45,0,0,0,63,0,64940,59277,0,30782,1,59298,64940,0,34228,0,18,80,0,45,0,0,0,0,158800,0,0,0,0,0,0,0,0,99,0,18,0,0,0,0,30980,0,0,0,490663,0,97,0,0/0/CPU0

2020-02-02 22:10:53.588000+00:00,leaf5,sg2,obt-collector1,0,331,0,0,0,0,0,0,0,0,0,0,432,0,0,0,0,0,0,0,0,0,0,0,0,992,0,0,0,0,0,0,0,331,0,0,432,0,0,0,0,0,0,0,0,0,0,0,0,0,0,0,0,0,0,0,29237528,0,0,0,0,0,0,0,0,432,0,843,0,0,0,0,0,0,0,0,26900684,0,0,0,0/RP0/CPU0

2020-02-02 22:11:03.561000+00:00,leaf5,sg2,obt-collector1,0,274,0,0,0,0,0,0,0,0,0,0,0,0,0,0,0,0,0,0,229,0,0,0,0,52,0,0,0,0,0,0,45,0,0,0,63,0,64943,59279,0,30786,1,59300,64943,0,34228,0,18,80,0,45,0,0,0,0,158805,0,0,0,0,0,0,0,0,99,0,18,0,0,0,0,30984,0,0,0,490684,0,97,0,0/0/CPU0

2020-02-02 22:11:03.563000+00:00,leaf5,sg2,obt-collector1,0,331,0,0,0,0,0,0,0,0,0,0,432,0,0,0,0,0,0,0,0,0,0,0,0,992,0,0,0,0,0,0,0,331,0,0,432,0,0,0,0,0,0,0,0,0,0,0,0,0,0,0,0,0,0,0,29237577,0,0,0,0,0,0,0,0,432,0,843,0,0,0,0,0,0,0,0,26900760,0,0,0,0/RP0/CPU0

2020-02-02 22:11:13.573000+00:00,leaf5,sg2,obt-collector1,0,274,0,0,0,0,0,0,0,0,0,0,0,0,0,0,0,0,0,0,229,0,0,0,0,52,0,0,0,0,0,0,45,0,0,0,63,0,64946,59281,0,30786,1,59302,64946,0,34229,0,18,80,0,45,0,0,0,0,158811,0,0,0,0,0,0,0,0,99,0,18,0,0,0,0,30984,0,0,0,490699,0,97,0,0/0/CPU0

2020-02-02 22:11:13.576000+00:00,leaf5,sg2,obt-collector1,0,331,0,0,0,0,0,0,0,0,0,0,432,0,0,0,0,0,0,0,0,0,0,0,0,992,0,0,0,0,0,0,0,331,0,0,432,0,0,0,0,0,0,0,0,0,0,0,0,0,0,0,0,0,0,0,29237628,0,0,0,0,0,0,0,0,432,0,843,0,0,0,0,0,0,0,0,26900838,0,0,0,0/RP0/CPU0

2020-02-02 22:11:23.585000+00:00,leaf5,sg2,obt-collector1,0,274,0,0,0,0,0,0,0,0,0,0,0,0,0,0,0,0,0,0,229,0,0,0,0,52,0,0,0,0,0,0,45,0,0,0,63,0,64948,59281,0,30788,1,59302,64948,0,34229,0,18,80,0,45,0,0,0,0,158813,0,0,0,0,0,0,0,0,99,0,18,0,0,0,0,30986,0,0,0,490715,0,97,0,0/0/CPU0

2020-02-02 22:11:23.587000+00:00,leaf5,sg2,obt-collector1,0,331,0,0,0,0,0,0,0,0,0,0,432,0,0,0,0,0,0,0,0,0,0,0,0,992,0,0,0,0,0,0,0,331,0,0,432,0,0,0,0,0,0,0,0,0,0,0,0,0,0,0,0,0,0,0,29237676,0,0,0,0,0,0,0,0,432,0,843,0,0,0,0,0,0,0,0,26900914,0,0,0,0/RP0/CPU0

2020-02-02 22:11:33.581000+00:00,leaf5,sg2,obt-collector1,0,274,0,0,0,0,0,0,0,0,0,0,0,0,0,0,0,0,0,0,229,0,0,0,0,52,0,0,0,0,0,0,45,0,0,0,63,0,64950,59283,0,30789,1,59304,64950,0,34229,0,18,80,0,45,0,0,0,0,158817,0,0,0,0,0,0,0,0,99,0,18,0,0,0,0,30987,0,0,0,490731,0,97,0,0/0/CPU0

2020-02-02 22:11:33.584000+00:00,leaf5,sg2,obt-collector1,0,331,0,0,0,0,0,0,0,0,0,0,432,0,0,0,0,0,0,0,0,0,0,0,0,992,0,0,0,0,0,0,0,331,0,0,432,0,0,0,0,0,0,0,0,0,0,0,0,0,0,0,0,0,0,0,29237724,0,0,0,0,0,0,0,0,432,0,843,0,0,0,0,0,0,0,0,26900990,0,0,0,0/RP0/CPU0

2020-02-02 22:11:43.571000+00:00,leaf5,sg2,obt-collector1,0,274,0,0,0,0,0,0,0,0,0,0,0,0,0,0,0,0,0,0,229,0,0,0,0,52,0,0,0,0,0,0,45,0,0,0,63,0,64955,59285,0,30790,1,59306,64955,0,34230,0,18,80,0,45,0,0,0,0,158825,0,0,0,0,0,0,0,0,99,0,18,0,0,0,0,30988,0,0,0,490750,0,97,0,0/0/CPU0

2020-02-02 22:11:43.573000+00:00,leaf5,sg2,obt-collector1,0,331,0,0,0,0,0,0,0,0,0,0,432,0,0,0,0,0,0,0,0,0,0,0,0,992,0,0,0,0,0,0,0,331,0,0,432,0,0,0,0,0,0,0,0,0,0,0,0,0,0,0,0,0,0,0,29237772,0,0,0,0,0,0,0,0,432,0,843,0,0,0,0,0,0,0,0,26901066,0,0,0,0/RP0/CPU0

2020-02-02 22:11:53.571000+00:00,leaf5,sg2,obt-collector1,0,274,0,0,0,0,0,0,0,0,0,0,0,0,0,0,0,0,0,0,229,0,0,0,0,52,0,0,0,0,0,0,45,0,0,0,63,0,64957,59285,0,30791,1,59306,64957,0,34231,0,18,80,0,45,0,0,0,0,158828,0,0,0,0,0,0,0,0,99,0,18,0,0,0,0,30989,0,0,0,490765,0,97,0,0/0/CPU0

2020-02-02 22:11:53.575000+00:00,leaf5,sg2,obt-collector1,0,331,0,0,0,0,0,0,0,0,0,0,432,0,0,0,0,0,0,0,0,0,0,0,0,992,0,0,0,0,0,0,0,331,0,0,432,0,0,0,0,0,0,0,0,0,0,0,0,0,0,0,0,0,0,0,29237820,0,0,0,0,0,0,0,0,432,0,843,0,0,0,0,0,0,0,0,26901142,0,0,0,0/RP0/CPU0

2020-02-02 22:12:03.578000+00:00,leaf5,sg2,obt-collector1,0,274,0,0,0,0,0,0,0,0,0,0,0,0,0,0,0,0,0,0,229,0,0,0,0,52,0,0,0,0,0,0,45,0,0,0,63,0,64958,59286,0,30794,1,59307,64958,0,34233,0,18,80,0,45,0,0,0,0,158832,0,0,0,0,0,0,0,0,99,0,18,0,0,0,0,30992,0,0,0,490781,0,97,0,0/0/CPU0

2020-02-02 22:12:03.580000+00:00,leaf5,sg2,obt-collector1,0,331,0,0,0,0,0,0,0,0,0,0,432,0,0,0,0,0,0,0,0,0,0,0,0,992,0,0,0,0,0,0,0,331,0,0,432,0,0,0,0,0,0,0,0,0,0,0,0,0,0,0,0,0,0,0,29237868,0,0,0,0,0,0,0,0,432,0,843,0,0,0,0,0,0,0,0,26901218,0,0,0,0/RP0/CPU0

2020-02-02 22:12:13.564000+00:00,leaf5,sg2,obt-collector1,0,274,0,0,0,0,0,0,0,0,0,0,0,0,0,0,0,0,0,0,229,0,0,0,0,52,0,0,0,0,0,0,45,0,0,0,63,0,64961,59288,0,30794,1,59309,64961,0,34234,0,18,80,0,45,0,0,0,0,158838,0,0,0,0,0,0,0,0,99,0,18,0,0,0,0,30992,0,0,0,490798,0,97,0,0/0/CPU0

2020-02-02 22:12:13.566000+00:00,leaf5,sg2,obt-collector1,0,331,0,0,0,0,0,0,0,0,0,0,432,0,0,0,0,0,0,0,0,0,0,0,0,992,0,0,0,0,0,0,0,331,0,0,432,0,0,0,0,0,0,0,0,0,0,0,0,0,0,0,0,0,0,0,29237916,0,0,0,0,0,0,0,0,432,0,843,0,0,0,0,0,0,0,0,26901294,0,0,0,0/RP0/CPU0

2020-02-02 22:12:23.599000+00:00,leaf5,sg2,obt-collector1,0,274,0,0,0,0,0,0,0,0,0,0,0,0,0,0,0,0,0,0,229,0,0,0,0,52,0,0,0,0,0,0,45,0,0,0,63,0,64962,59289,0,30794,1,59310,64962,0,34234,0,18,80,0,45,0,0,0,0,158840,0,0,0,0,0,0,0,0,99,0,18,0,0,0,0,30992,0,0,0,490811,0,97,0,0/0/CPU0

2020-02-02 22:12:23.601000+00:00,leaf5,sg2,obt-collector1,0,331,0,0,0,0,0,0,0,0,0,0,432,0,0,0,0,0,0,0,0,0,0,0,0,992,0,0,0,0,0,0,0,331,0,0,432,0,0,0,0,0,0,0,0,0,0,0,0,0,0,0,0,0,0,0,29237964,0,0,0,0,0,0,0,0,432,0,843,0,0,0,0,0,0,0,0,26901370,0,0,0,0/RP0/CPU0

2020-02-02 22:12:33.559000+00:00,leaf5,sg2,obt-collector1,0,274,0,0,0,0,0,0,0,0,0,0,0,0,0,0,0,0,0,0,229,0,0,0,0,52,0,0,0,0,0,0,45,0,0,0,63,0,64966,59292,0,30795,1,59313,64966,0,34234,0,18,80,0,45,0,0,0,0,158847,0,0,0,0,0,0,0,0,99,0,18,0,0,0,0,30993,0,0,0,490831,0,97,0,0/0/CPU0

2020-02-02 22:12:33.564000+00:00,leaf5,sg2,obt-collector1,0,331,0,0,0,0,0,0,0,0,0,0,432,0,0,0,0,0,0,0,0,0,0,0,0,992,0,0,0,0,0,0,0,331,0,0,432,0,0,0,0,0,0,0,0,0,0,0,0,0,0,0,0,0,0,0,29238012,0,0,0,0,0,0,0,0,432,0,843,0,0,0,0,0,0,0,0,26901446,0,0,0,0/RP0/CPU0

2020-02-02 22:12:43.561000+00:00,leaf5,sg2,obt-collector1,0,274,0,0,0,0,0,0,0,0,0,0,0,0,0,0,0,0,0,0,229,0,0,0,0,52,0,0,0,0,0,0,45,0,0,0,63,0,64971,59293,0,30795,1,59314,64971,0,34236,0,18,80,0,45,0,0,0,0,158855,0,0,0,0,0,0,0,0,99,0,18,0,0,0,0,30993,0,0,0,490848,0,97,0,0/0/CPU0

2020-02-02 22:12:43.563000+00:00,leaf5,sg2,obt-collector1,0,331,0,0,0,0,0,0,0,0,0,0,432,0,0,0,0,0,0,0,0,0,0,0,0,992,0,0,0,0,0,0,0,331,0,0,432,0,0,0,0,0,0,0,0,0,0,0,0,0,0,0,0,0,0,0,29238060,0,0,0,0,0,0,0,0,432,0,843,0,0,0,0,0,0,0,0,26901522,0,0,0,0/RP0/CPU0

2020-02-02 22:12:53.564000+00:00,leaf5,sg2,obt-collector1,0,274,0,0,0,0,0,0,0,0,0,0,0,0,0,0,0,0,0,0,229,0,0,0,0,52,0,0,0,0,0,0,45,0,0,0,63,0,64972,59297,0,30795,1,59318,64972,0,34237,0,18,80,0,45,0,0,0,0,158861,0,0,0,0,0,0,0,0,99,0,18,0,0,0,0,30993,0,0,0,490864,0,97,0,0/0/CPU0

2020-02-02 22:12:53.567000+00:00,leaf5,sg2,obt-collector1,0,331,0,0,0,0,0,0,0,0,0,0,432,0,0,0,0,0,0,0,0,0,0,0,0,992,0,0,0,0,0,0,0,331,0,0,432,0,0,0,0,0,0,0,0,0,0,0,0,0,0,0,0,0,0,0,29238108,0,0,0,0,0,0,0,0,432,0,843,0,0,0,0,0,0,0,0,26901598,0,0,0,0/RP0/CPU0

2020-02-02 22:13:03.588000+00:00,leaf5,sg2,obt-collector1,0,274,0,0,0,0,0,0,0,0,0,0,0,0,0,0,0,0,0,0,229,0,0,0,0,52,0,0,0,0,0,0,45,0,0,0,63,0,64972,59298,0,30795,1,59319,64972,0,34239,0,18,80,0,45,0,0,0,0,158864,0,0,0,0,0,0,0,0,99,0,18,0,0,0,0,30993,0,0,0,490877,0,97,0,0/0/CPU0

2020-02-02 22:13:03.591000+00:00,leaf5,sg2,obt-collector1,0,331,0,0,0,0,0,0,0,0,0,0,432,0,0,0,0,0,0,0,0,0,0,0,0,992,0,0,0,0,0,0,0,331,0,0,432,0,0,0,0,0,0,0,0,0,0,0,0,0,0,0,0,0,0,0,29238156,0,0,0,0,0,0,0,0,432,0,843,0,0,0,0,0,0,0,0,26901674,0,0,0,0/RP0/CPU0

2020-02-02 22:13:13.552000+00:00,leaf5,sg2,obt-collector1,0,274,0,0,0,0,0,0,0,0,0,0,0,0,0,0,0,0,0,0,229,0,0,0,0,52,0,0,0,0,0,0,45,0,0,0,63,0,64972,59300,0,30795,1,59321,64972,0,34242,0,18,80,0,45,0,0,0,0,158869,0,0,0,0,0,0,0,0,99,0,18,0,0,0,0,30993,0,0,0,490890,0,97,0,0/0/CPU0

2020-02-02 22:13:13.556000+00:00,leaf5,sg2,obt-collector1,0,331,0,0,0,0,0,0,0,0,0,0,432,0,0,0,0,0,0,0,0,0,0,0,0,992,0,0,0,0,0,0,0,331,0,0,432,0,0,0,0,0,0,0,0,0,0,0,0,0,0,0,0,0,0,0,29238204,0,0,0,0,0,0,0,0,432,0,843,0,0,0,0,0,0,0,0,26901750,0,0,0,0/RP0/CPU0

2020-02-02 22:13:23.567000+00:00,leaf5,sg2,obt-collector1,0,274,0,0,0,0,0,0,0,0,0,0,0,0,0,0,0,0,0,0,229,0,0,0,0,52,0,0,0,0,0,0,45,0,0,0,63,0,64974,59303,0,30796,1,59324,64974,0,34244,0,18,80,0,45,0,0,0,0,158876,0,0,0,0,0,0,0,0,99,0,18,0,0,0,0,30994,0,0,0,490907,0,97,0,0/0/CPU0

2020-02-02 22:13:23.570000+00:00,leaf5,sg2,obt-collector1,0,331,0,0,0,0,0,0,0,0,0,0,432,0,0,0,0,0,0,0,0,0,0,0,0,992,0,0,0,0,0,0,0,331,0,0,432,0,0,0,0,0,0,0,0,0,0,0,0,0,0,0,0,0,0,0,29238252,0,0,0,0,0,0,0,0,432,0,843,0,0,0,0,0,0,0,0,26901826,0,0,0,0/RP0/CPU0

2020-02-02 22:13:33.584000+00:00,leaf5,sg2,obt-collector1,0,274,0,0,0,0,0,0,0,0,0,0,0,0,0,0,0,0,0,0,229,0,0,0,0,52,0,0,0,0,0,0,45,0,0,0,63,0,64976,59307,0,30797,1,59328,64976,0,34247,0,18,80,0,45,0,0,0,0,158885,0,0,0,0,0,0,0,0,99,0,18,0,0,0,0,30995,0,0,0,490926,0,97,0,0/0/CPU0

2020-02-02 22:13:33.586000+00:00,leaf5,sg2,obt-collector1,0,331,0,0,0,0,0,0,0,0,0,0,432,0,0,0,0,0,0,0,0,0,0,0,0,992,0,0,0,0,0,0,0,331,0,0,432,0,0,0,0,0,0,0,0,0,0,0,0,0,0,0,0,0,0,0,29238300,0,0,0,0,0,0,0,0,432,0,843,0,0,0,0,0,0,0,0,26901902,0,0,0,0/RP0/CPU0

2020-02-02 22:13:43.560000+00:00,leaf5,sg2,obt-collector1,0,274,0,0,0,0,0,0,0,0,0,0,0,0,0,0,0,0,0,0,229,0,0,0,0,52,0,0,0,0,0,0,45,0,0,0,63,0,64976,59312,0,30800,1,59333,64976,0,34248,0,18,80,0,45,0,0,0,0,158891,0,0,0,0,0,0,0,0,99,0,18,0,0,0,0,30998,0,0,0,490946,0,97,0,0/0/CPU0

2020-02-02 22:13:43.564000+00:00,leaf5,sg2,obt-collector1,0,331,0,0,0,0,0,0,0,0,0,0,432,0,0,0,0,0,0,0,0,0,0,0,0,992,0,0,0,0,0,0,0,331,0,0,432,0,0,0,0,0,0,0,0,0,0,0,0,0,0,0,0,0,0,0,29238348,0,0,0,0,0,0,0,0,432,0,843,0,0,0,0,0,0,0,0,26901978,0,0,0,0/RP0/CPU0

