,Producer,Target,host,node-name,npu-tcam/npu-id,npu-tcam/tcam-bank/bank-db/db-id,npu-tcam/tcam-bank/bank-db/db-inuse-entries,npu-tcam/tcam-bank/bank-db/db-prefix,npu-tcam/tcam-bank/bank-free-entries,npu-tcam/tcam-bank/bank-id,npu-tcam/tcam-bank/bank-inuse-entries,npu-tcam/tcam-bank/bank-key-size,npu-tcam/tcam-bank/nof-dbs,npu-tcam/tcam-bank/owner,npu-tcam/tcam-banks/bank-dbs/db-id,npu-tcam/tcam-banks/bank-dbs/db-inuse-entries,npu-tcam/tcam-banks/bank-dbs/db-prefix,npu-tcam/tcam-banks/bank-free-entries,npu-tcam/tcam-banks/bank-id,npu-tcam/tcam-banks/bank-inuse-entries,npu-tcam/tcam-banks/bank-key-size,npu-tcam/tcam-banks/nof-dbs,npu-tcam/tcam-banks/owner

2020-02-02 21:57:57.933000+00:00,leaf5,sg14,obt-collector1,0/0/CPU0,3,21,9,EGRESS_L3_QOS_MAP,128,15,0,160b,0,Free,,,,,,,,,

2020-02-02 21:58:08.023000+00:00,leaf5,sg14,obt-collector1,0/0/CPU0,3,21,9,EGRESS_L3_QOS_MAP,128,15,0,160b,0,Free,,,,,,,,,

2020-02-02 21:58:18.339000+00:00,leaf5,sg14,obt-collector1,0/0/CPU0,3,21,9,EGRESS_L3_QOS_MAP,128,15,0,160b,0,Free,,,,,,,,,

2020-02-02 21:58:27.935000+00:00,leaf5,sg14,obt-collector1,0/0/CPU0,3,21,9,EGRESS_L3_QOS_MAP,128,15,0,160b,0,Free,,,,,,,,,

2020-02-02 21:58:37.928000+00:00,leaf5,sg14,obt-collector1,0/0/CPU0,3,21,9,EGRESS_L3_QOS_MAP,128,15,0,160b,0,Free,,,,,,,,,

2020-02-02 21:58:48.024000+00:00,leaf5,sg14,obt-collector1,0/0/CPU0,3,21,9,EGRESS_L3_QOS_MAP,128,15,0,160b,0,Free,,,,,,,,,

2020-02-02 21:58:58.082000+00:00,leaf5,sg14,obt-collector1,0/0/CPU0,3,21,9,EGRESS_L3_QOS_MAP,128,15,0,160b,0,Free,,,,,,,,,

2020-02-02 21:59:08.030000+00:00,leaf5,sg14,obt-collector1,0/0/CPU0,3,21,9,EGRESS_L3_QOS_MAP,128,15,0,160b,0,Free,,,,,,,,,

2020-02-02 21:59:18.057000+00:00,leaf5,sg14,obt-collector1,0/0/CPU0,3,21,9,EGRESS_L3_QOS_MAP,128,15,0,160b,0,Free,,,,,,,,,

2020-02-02 21:59:27.945000+00:00,leaf5,sg14,obt-collector1,0/0/CPU0,3,21,9,EGRESS_L3_QOS_MAP,128,15,0,160b,0,Free,,,,,,,,,

2020-02-02 21:59:37.939000+00:00,leaf5,sg14,obt-collector1,0/0/CPU0,3,21,9,EGRESS_L3_QOS_MAP,128,15,0,160b,0,Free,,,,,,,,,

2020-02-02 21:59:47.918000+00:00,leaf5,sg14,obt-collector1,0/0/CPU0,3,21,9,EGRESS_L3_QOS_MAP,128,15,0,160b,0,Free,,,,,,,,,

2020-02-02 21:59:57.969000+00:00,leaf5,sg14,obt-collector1,0/0/CPU0,3,21,9,EGRESS_L3_QOS_MAP,128,15,0,160b,0,Free,,,,,,,,,

2020-02-02 22:00:07.939000+00:00,leaf5,sg14,obt-collector1,0/0/CPU0,3,21,9,EGRESS_L3_QOS_MAP,128,15,0,160b,0,Free,,,,,,,,,

2020-02-02 22:00:17.982000+00:00,leaf5,sg14,obt-collector1,0/0/CPU0,3,21,9,EGRESS_L3_QOS_MAP,128,15,0,160b,0,Free,,,,,,,,,

2020-02-02 22:00:27.932000+00:00,leaf5,sg14,obt-collector1,0/0/CPU0,3,21,9,EGRESS_L3_QOS_MAP,128,15,0,160b,0,Free,,,,,,,,,

2020-02-02 22:00:37.976000+00:00,leaf5,sg14,obt-collector1,0/0/CPU0,3,21,9,EGRESS_L3_QOS_MAP,128,15,0,160b,0,Free,,,,,,,,,

2020-02-02 22:00:48.060000+00:00,leaf5,sg14,obt-collector1,0/0/CPU0,3,21,9,EGRESS_L3_QOS_MAP,128,15,0,160b,0,Free,,,,,,,,,

2020-02-02 22:00:57.943000+00:00,leaf5,sg14,obt-collector1,0/0/CPU0,3,21,9,EGRESS_L3_QOS_MAP,128,15,0,160b,0,Free,,,,,,,,,

2020-02-02 22:01:07.954000+00:00,leaf5,sg14,obt-collector1,0/0/CPU0,3,21,9,EGRESS_L3_QOS_MAP,128,15,0,160b,0,Free,,,,,,,,,

2020-02-02 22:01:17.927000+00:00,leaf5,sg14,obt-collector1,0/0/CPU0,3,21,9,EGRESS_L3_QOS_MAP,128,15,0,160b,0,Free,,,,,,,,,

2020-02-02 22:01:28.052000+00:00,leaf5,sg14,obt-collector1,0/0/CPU0,3,21,9,EGRESS_L3_QOS_MAP,128,15,0,160b,0,Free,,,,,,,,,

2020-02-02 22:01:37.931000+00:00,leaf5,sg14,obt-collector1,0/0/CPU0,3,21,9,EGRESS_L3_QOS_MAP,128,15,0,160b,0,Free,,,,,,,,,

2020-02-02 22:01:47.935000+00:00,leaf5,sg14,obt-collector1,0/0/CPU0,3,21,9,EGRESS_L3_QOS_MAP,128,15,0,160b,0,Free,,,,,,,,,

2020-02-02 22:01:57.943000+00:00,leaf5,sg14,obt-collector1,0/0/CPU0,3,21,9,EGRESS_L3_QOS_MAP,128,15,0,160b,0,Free,,,,,,,,,

2020-02-02 22:02:08.034000+00:00,leaf5,sg14,obt-collector1,0/0/CPU0,3,21,9,EGRESS_L3_QOS_MAP,128,15,0,160b,0,Free,,,,,,,,,

2020-02-02 22:02:17.954000+00:00,leaf5,sg14,obt-collector1,0/0/CPU0,3,21,9,EGRESS_L3_QOS_MAP,128,15,0,160b,0,Free,,,,,,,,,

2020-02-02 22:02:27.970000+00:00,leaf5,sg14,obt-collector1,0/0/CPU0,3,21,9,EGRESS_L3_QOS_MAP,128,15,0,160b,0,Free,,,,,,,,,

2020-02-02 22:02:37.980000+00:00,leaf5,sg14,obt-collector1,0/0/CPU0,3,21,9,EGRESS_L3_QOS_MAP,128,15,0,160b,0,Free,,,,,,,,,

2020-02-02 22:02:47.955000+00:00,leaf5,sg14,obt-collector1,0/0/CPU0,3,21,9,EGRESS_L3_QOS_MAP,128,15,0,160b,0,Free,,,,,,,,,

2020-02-02 22:02:57.940000+00:00,leaf5,sg14,obt-collector1,0/0/CPU0,3,21,9,EGRESS_L3_QOS_MAP,128,15,0,160b,0,Free,,,,,,,,,

2020-02-02 22:03:07.965000+00:00,leaf5,sg14,obt-collector1,0/0/CPU0,3,21,9,EGRESS_L3_QOS_MAP,128,15,0,160b,0,Free,,,,,,,,,

2020-02-02 22:03:17.988000+00:00,leaf5,sg14,obt-collector1,0/0/CPU0,3,21,9,EGRESS_L3_QOS_MAP,128,15,0,160b,0,Free,,,,,,,,,

2020-02-02 22:03:27.941000+00:00,leaf5,sg14,obt-collector1,0/0/CPU0,3,21,9,EGRESS_L3_QOS_MAP,128,15,0,160b,0,Free,,,,,,,,,

2020-02-02 22:03:37.979000+00:00,leaf5,sg14,obt-collector1,0/0/CPU0,3,21,9,EGRESS_L3_QOS_MAP,128,15,0,160b,0,Free,,,,,,,,,

2020-02-02 22:03:47.984000+00:00,leaf5,sg14,obt-collector1,0/0/CPU0,3,21,9,EGRESS_L3_QOS_MAP,128,15,0,160b,0,Free,,,,,,,,,

2020-02-02 22:03:58.020000+00:00,leaf5,sg14,obt-collector1,0/0/CPU0,3,21,9,EGRESS_L3_QOS_MAP,128,15,0,160b,0,Free,,,,,,,,,

2020-02-02 22:04:08.045000+00:00,leaf5,sg14,obt-collector1,0/0/CPU0,3,21,9,EGRESS_L3_QOS_MAP,128,15,0,160b,0,Free,,,,,,,,,

2020-02-02 22:04:18.133000+00:00,leaf5,sg14,obt-collector1,0/0/CPU0,3,21,9,EGRESS_L3_QOS_MAP,128,15,0,160b,0,Free,,,,,,,,,

2020-02-02 22:04:28.009000+00:00,leaf5,sg14,obt-collector1,0/0/CPU0,3,21,9,EGRESS_L3_QOS_MAP,128,15,0,160b,0,Free,,,,,,,,,

2020-02-02 22:04:37.954000+00:00,leaf5,sg14,obt-collector1,0/0/CPU0,3,21,9,EGRESS_L3_QOS_MAP,128,15,0,160b,0,Free,,,,,,,,,

2020-02-02 22:04:47.945000+00:00,leaf5,sg14,obt-collector1,0/0/CPU0,3,21,9,EGRESS_L3_QOS_MAP,128,15,0,160b,0,Free,,,,,,,,,

2020-02-02 22:04:57.960000+00:00,leaf5,sg14,obt-collector1,0/0/CPU0,3,21,9,EGRESS_L3_QOS_MAP,128,15,0,160b,0,Free,,,,,,,,,

2020-02-02 22:05:07.975000+00:00,leaf5,sg14,obt-collector1,0/0/CPU0,3,21,9,EGRESS_L3_QOS_MAP,128,15,0,160b,0,Free,,,,,,,,,

2020-02-02 22:05:17.963000+00:00,leaf5,sg14,obt-collector1,0/0/CPU0,3,21,9,EGRESS_L3_QOS_MAP,128,15,0,160b,0,Free,,,,,,,,,

2020-02-02 22:05:27.959000+00:00,leaf5,sg14,obt-collector1,0/0/CPU0,3,21,9,EGRESS_L3_QOS_MAP,128,15,0,160b,0,Free,,,,,,,,,

2020-02-02 22:05:38.004000+00:00,leaf5,sg14,obt-collector1,0/0/CPU0,3,21,9,EGRESS_L3_QOS_MAP,128,15,0,160b,0,Free,,,,,,,,,

2020-02-02 22:05:48.006000+00:00,leaf5,sg14,obt-collector1,0/0/CPU0,3,21,9,EGRESS_L3_QOS_MAP,128,15,0,160b,0,Free,,,,,,,,,

2020-02-02 22:05:58.032000+00:00,leaf5,sg14,obt-collector1,0/0/CPU0,3,21,9,EGRESS_L3_QOS_MAP,128,15,0,160b,0,Free,,,,,,,,,

2020-02-02 22:06:07.987000+00:00,leaf5,sg14,obt-collector1,0/0/CPU0,3,21,9,EGRESS_L3_QOS_MAP,128,15,0,160b,0,Free,,,,,,,,,

2020-02-02 22:06:17.959000+00:00,leaf5,sg14,obt-collector1,0/0/CPU0,3,21,9,EGRESS_L3_QOS_MAP,128,15,0,160b,0,Free,,,,,,,,,

2020-02-02 22:06:27.958000+00:00,leaf5,sg14,obt-collector1,0/0/CPU0,3,21,9,EGRESS_L3_QOS_MAP,128,15,0,160b,0,Free,,,,,,,,,

2020-02-02 22:06:38.041000+00:00,leaf5,sg14,obt-collector1,0/0/CPU0,3,21,9,EGRESS_L3_QOS_MAP,128,15,0,160b,0,Free,,,,,,,,,

2020-02-02 22:06:47.952000+00:00,leaf5,sg14,obt-collector1,0/0/CPU0,3,21,9,EGRESS_L3_QOS_MAP,128,15,0,160b,0,Free,,,,,,,,,

2020-02-02 22:06:57.963000+00:00,leaf5,sg14,obt-collector1,0/0/CPU0,3,21,9,EGRESS_L3_QOS_MAP,128,15,0,160b,0,Free,,,,,,,,,

2020-02-02 22:07:07.953000+00:00,leaf5,sg14,obt-collector1,0/0/CPU0,3,21,9,EGRESS_L3_QOS_MAP,128,15,0,160b,0,Free,,,,,,,,,

2020-02-02 22:07:18.015000+00:00,leaf5,sg14,obt-collector1,0/0/CPU0,3,21,9,EGRESS_L3_QOS_MAP,128,15,0,160b,0,Free,,,,,,,,,

2020-02-02 22:07:27.946000+00:00,leaf5,sg14,obt-collector1,0/0/CPU0,3,21,9,EGRESS_L3_QOS_MAP,128,15,0,160b,0,Free,,,,,,,,,

2020-02-02 22:07:37.982000+00:00,leaf5,sg14,obt-collector1,0/0/CPU0,3,21,9,EGRESS_L3_QOS_MAP,128,15,0,160b,0,Free,,,,,,,,,

2020-02-02 22:07:48.053000+00:00,leaf5,sg14,obt-collector1,0/0/CPU0,3,21,9,EGRESS_L3_QOS_MAP,128,15,0,160b,0,Free,,,,,,,,,

2020-02-02 22:07:57.943000+00:00,leaf5,sg14,obt-collector1,0/0/CPU0,3,21,9,EGRESS_L3_QOS_MAP,128,15,0,160b,0,Free,,,,,,,,,

2020-02-02 22:08:07.946000+00:00,leaf5,sg14,obt-collector1,0/0/CPU0,3,21,9,EGRESS_L3_QOS_MAP,128,15,0,160b,0,Free,,,,,,,,,

2020-02-02 22:08:17.963000+00:00,leaf5,sg14,obt-collector1,0/0/CPU0,3,21,9,EGRESS_L3_QOS_MAP,128,15,0,160b,0,Free,,,,,,,,,

2020-02-02 22:08:27.957000+00:00,leaf5,sg14,obt-collector1,0/0/CPU0,3,21,9,EGRESS_L3_QOS_MAP,128,15,0,160b,0,Free,,,,,,,,,

2020-02-02 22:08:37.951000+00:00,leaf5,sg14,obt-collector1,0/0/CPU0,3,21,9,EGRESS_L3_QOS_MAP,128,15,0,160b,0,Free,,,,,,,,,

2020-02-02 22:08:47.966000+00:00,leaf5,sg14,obt-collector1,0/0/CPU0,3,21,9,EGRESS_L3_QOS_MAP,128,15,0,160b,0,Free,,,,,,,,,

2020-02-02 22:08:58.038000+00:00,leaf5,sg14,obt-collector1,0/0/CPU0,3,21,9,EGRESS_L3_QOS_MAP,128,15,0,160b,0,Free,,,,,,,,,

2020-02-02 22:09:08.014000+00:00,leaf5,sg14,obt-collector1,0/0/CPU0,3,21,9,EGRESS_L3_QOS_MAP,128,15,0,160b,0,Free,,,,,,,,,

2020-02-02 22:09:18.063000+00:00,leaf5,sg14,obt-collector1,0/0/CPU0,3,21,9,EGRESS_L3_QOS_MAP,128,15,0,160b,0,Free,,,,,,,,,

2020-02-02 22:09:28.025000+00:00,leaf5,sg14,obt-collector1,0/0/CPU0,3,21,9,EGRESS_L3_QOS_MAP,128,15,0,160b,0,Free,,,,,,,,,

2020-02-02 22:09:37.978000+00:00,leaf5,sg14,obt-collector1,0/0/CPU0,3,21,9,EGRESS_L3_QOS_MAP,128,15,0,160b,0,Free,,,,,,,,,

2020-02-02 22:09:47.998000+00:00,leaf5,sg14,obt-collector1,0/0/CPU0,3,21,9,EGRESS_L3_QOS_MAP,128,15,0,160b,0,Free,,,,,,,,,

2020-02-02 22:09:58.074000+00:00,leaf5,sg14,obt-collector1,0/0/CPU0,3,21,9,EGRESS_L3_QOS_MAP,128,15,0,160b,0,Free,,,,,,,,,

2020-02-02 22:10:07.967000+00:00,leaf5,sg14,obt-collector1,0/0/CPU0,3,21,9,EGRESS_L3_QOS_MAP,128,15,0,160b,0,Free,,,,,,,,,

2020-02-02 22:10:17.951000+00:00,leaf5,sg14,obt-collector1,0/0/CPU0,3,21,9,EGRESS_L3_QOS_MAP,128,15,0,160b,0,Free,,,,,,,,,

2020-02-02 22:10:27.971000+00:00,leaf5,sg14,obt-collector1,0/0/CPU0,3,21,9,EGRESS_L3_QOS_MAP,128,15,0,160b,0,Free,,,,,,,,,

2020-02-02 22:10:38.029000+00:00,leaf5,sg14,obt-collector1,0/0/CPU0,3,21,9,EGRESS_L3_QOS_MAP,128,15,0,160b,0,Free,,,,,,,,,

2020-02-02 22:10:48.193000+00:00,leaf5,sg14,obt-collector1,0/0/CPU0,3,21,9,EGRESS_L3_QOS_MAP,128,15,0,160b,0,Free,,,,,,,,,

2020-02-02 22:10:58.015000+00:00,leaf5,sg14,obt-collector1,0/0/CPU0,3,21,9,EGRESS_L3_QOS_MAP,128,15,0,160b,0,Free,,,,,,,,,

2020-02-02 22:11:08.092000+00:00,leaf5,sg14,obt-collector1,0/0/CPU0,3,21,9,EGRESS_L3_QOS_MAP,128,15,0,160b,0,Free,,,,,,,,,

2020-02-02 22:11:17.963000+00:00,leaf5,sg14,obt-collector1,0/0/CPU0,3,21,9,EGRESS_L3_QOS_MAP,128,15,0,160b,0,Free,,,,,,,,,

2020-02-02 22:11:27.960000+00:00,leaf5,sg14,obt-collector1,0/0/CPU0,3,21,9,EGRESS_L3_QOS_MAP,128,15,0,160b,0,Free,,,,,,,,,

2020-02-02 22:11:37.963000+00:00,leaf5,sg14,obt-collector1,0/0/CPU0,3,21,9,EGRESS_L3_QOS_MAP,128,15,0,160b,0,Free,,,,,,,,,

2020-02-02 22:11:47.992000+00:00,leaf5,sg14,obt-collector1,0/0/CPU0,3,21,9,EGRESS_L3_QOS_MAP,128,15,0,160b,0,Free,,,,,,,,,

2020-02-02 22:11:57.970000+00:00,leaf5,sg14,obt-collector1,0/0/CPU0,3,21,9,EGRESS_L3_QOS_MAP,128,15,0,160b,0,Free,,,,,,,,,

2020-02-02 22:12:07.992000+00:00,leaf5,sg14,obt-collector1,0/0/CPU0,3,21,9,EGRESS_L3_QOS_MAP,128,15,0,160b,0,Free,,,,,,,,,

2020-02-02 22:12:18+00:00,leaf5,sg14,obt-collector1,0/0/CPU0,3,21,9,EGRESS_L3_QOS_MAP,128,15,0,160b,0,Free,,,,,,,,,

2020-02-02 22:12:28.036000+00:00,leaf5,sg14,obt-collector1,0/0/CPU0,3,21,9,EGRESS_L3_QOS_MAP,128,15,0,160b,0,Free,,,,,,,,,

2020-02-02 22:12:38.119000+00:00,leaf5,sg14,obt-collector1,0/0/CPU0,3,21,9,EGRESS_L3_QOS_MAP,128,15,0,160b,0,Free,,,,,,,,,

2020-02-02 22:12:48+00:00,leaf5,sg14,obt-collector1,0/0/CPU0,3,21,9,EGRESS_L3_QOS_MAP,128,15,0,160b,0,Free,,,,,,,,,

2020-02-02 22:12:58.028000+00:00,leaf5,sg14,obt-collector1,0/0/CPU0,3,21,9,EGRESS_L3_QOS_MAP,128,15,0,160b,0,Free,,,,,,,,,

2020-02-02 22:13:07.954000+00:00,leaf5,sg14,obt-collector1,0/0/CPU0,3,21,9,EGRESS_L3_QOS_MAP,128,15,0,160b,0,Free,,,,,,,,,

2020-02-02 22:13:17.962000+00:00,leaf5,sg14,obt-collector1,0/0/CPU0,3,21,9,EGRESS_L3_QOS_MAP,128,15,0,160b,0,Free,,,,,,,,,

2020-02-02 22:13:27.967000+00:00,leaf5,sg14,obt-collector1,0/0/CPU0,3,21,9,EGRESS_L3_QOS_MAP,128,15,0,160b,0,Free,,,,,,,,,

2020-02-02 22:13:37.990000+00:00,leaf5,sg14,obt-collector1,0/0/CPU0,3,21,9,EGRESS_L3_QOS_MAP,128,15,0,160b,0,Free,,,,,,,,,

