,Producer,Target,host,icmp-stats/admin-unreachable-received,icmp-stats/admin-unreachable-sent,icmp-stats/checksum-error,icmp-stats/echo-reply-received,icmp-stats/echo-reply-sent,icmp-stats/echo-request-received,icmp-stats/echo-request-sent,icmp-stats/fragment-unreachable-received,icmp-stats/fragment-unreachable-sent,icmp-stats/hopcount-received,icmp-stats/hopcount-sent,icmp-stats/host-unreachable-received,icmp-stats/host-unreachable-sent,icmp-stats/mask-reply-received,icmp-stats/mask-reply-sent,icmp-stats/mask-request-received,icmp-stats/mask-request-sent,icmp-stats/network-unreachable-received,icmp-stats/network-unreachable-sent,icmp-stats/output,icmp-stats/param-error-received,icmp-stats/param-error-send,icmp-stats/port-unreachable-received,icmp-stats/port-unreachable-sent,icmp-stats/protocol-unreachable-received,icmp-stats/protocol-unreachable-sent,icmp-stats/reassebly-received,icmp-stats/reassembly-sent,icmp-stats/received,icmp-stats/redirect-received,icmp-stats/redirect-send,icmp-stats/router-advert-received,icmp-stats/router-solicit-received,icmp-stats/source-quench-received,icmp-stats/timestamp-received,icmp-stats/timestamp-reply-received,icmp-stats/unknown,ipv4-stats/bad-header,ipv4-stats/bad-hop-count,ipv4-stats/bad-option,ipv4-stats/bad-security-option,ipv4-stats/bad-source-address,ipv4-stats/basic-security-option,ipv4-stats/broadcast-in,ipv4-stats/broadcast-out,ipv4-stats/cipso-option,ipv4-stats/encapsulation-failed,ipv4-stats/end-option,ipv4-stats/extended-security-option,ipv4-stats/format-errors,ipv4-stats/fragment-count,ipv4-stats/input-packets,ipv4-stats/lisp-decap-error,ipv4-stats/lisp-encap-error,ipv4-stats/lisp-v4-decap,ipv4-stats/lisp-v4-encap,ipv4-stats/lisp-v6-decap,ipv4-stats/lisp-v6-encap,ipv4-stats/loose-source-route-option,ipv4-stats/multicast-in,ipv4-stats/multicast-out,ipv4-stats/no-gateway,ipv4-stats/no-protocol,ipv4-stats/no-router,ipv4-stats/noop-option,ipv4-stats/options-present,ipv4-stats/packet-too-big,ipv4-stats/packets-forwarded,ipv4-stats/packets-fragmented,ipv4-stats/packets-output,ipv4-stats/reassemble-failed,ipv4-stats/reassemble-input,ipv4-stats/reassemble-max-drop,ipv4-stats/reassemble-timeout,ipv4-stats/reassembled,ipv4-stats/received-packets,ipv4-stats/record-route-option,ipv4-stats/router-alert-option,ipv4-stats/sid-option,ipv4-stats/strict-source-route-option,ipv4-stats/timestamp-option,ipv4-stats/unknown-option,node-name

2020-02-02 21:58:03.539000+00:00,leaf5,sg3,obt-collector1,0,0,0,0,0,0,0,0,0,0,118,0,0,0,0,0,0,0,0,118,0,0,0,0,0,0,0,0,0,0,0,0,0,0,0,0,0,0,0,0,0,0,0,0,0,0,0,0,0,0,0,0,0,0,0,0,0,0,0,0,0,0,0,0,0,0,0,0,0,170844,0,0,0,0,0,0,0,0,0,0,0,0,0/0/CPU0

2020-02-02 21:58:03.541000+00:00,leaf5,sg3,obt-collector1,0,0,0,5,14135,14135,5,16,0,0,0,363,0,0,0,27,0,0,1,15142,0,0,502,977,16,24,0,0,15093,0,0,0,0,0,29,0,0,0,0,0,0,0,0,0,0,0,0,0,0,0,0,38674679,0,0,0,0,0,0,0,0,0,0,27,2,0,70092,0,0,0,42542392,0,0,0,0,0,38609073,0,70092,0,0,0,0,0/RP0/CPU0

2020-02-02 21:58:13.553000+00:00,leaf5,sg3,obt-collector1,0,0,0,0,0,0,0,0,0,0,118,0,0,0,0,0,0,0,0,118,0,0,0,0,0,0,0,0,0,0,0,0,0,0,0,0,0,0,0,0,0,0,0,0,0,0,0,0,0,0,0,0,0,0,0,0,0,0,0,0,0,0,0,0,0,0,0,0,0,170844,0,0,0,0,0,0,0,0,0,0,0,0,0/0/CPU0

2020-02-02 21:58:13.556000+00:00,leaf5,sg3,obt-collector1,0,0,0,5,14135,14135,5,16,0,0,0,363,0,0,0,27,0,0,1,15142,0,0,502,977,16,24,0,0,15093,0,0,0,0,0,29,0,0,0,0,0,0,0,0,0,0,0,0,0,0,0,0,38675001,0,0,0,0,0,0,0,0,0,0,27,2,0,70092,0,0,0,42543640,0,0,0,0,0,38609394,0,70092,0,0,0,0,0/RP0/CPU0

2020-02-02 21:58:23.536000+00:00,leaf5,sg3,obt-collector1,0,0,0,0,0,0,0,0,0,0,118,0,0,0,0,0,0,0,0,118,0,0,0,0,0,0,0,0,0,0,0,0,0,0,0,0,0,0,0,0,0,0,0,0,0,0,0,0,0,0,0,0,0,0,0,0,0,0,0,0,0,0,0,0,0,0,0,0,0,170844,0,0,0,0,0,0,0,0,0,0,0,0,0/0/CPU0

2020-02-02 21:58:23.538000+00:00,leaf5,sg3,obt-collector1,0,0,0,5,14135,14135,5,16,0,0,0,363,0,0,0,27,0,0,1,15142,0,0,502,977,16,24,0,0,15093,0,0,0,0,0,29,0,0,0,0,0,0,0,0,0,0,0,0,0,0,0,0,38675224,0,0,0,0,0,0,0,0,0,0,27,2,0,70092,0,0,0,42544814,0,0,0,0,0,38609617,0,70092,0,0,0,0,0/RP0/CPU0

2020-02-02 21:58:33.565000+00:00,leaf5,sg3,obt-collector1,0,0,0,0,0,0,0,0,0,0,118,0,0,0,0,0,0,0,0,118,0,0,0,0,0,0,0,0,0,0,0,0,0,0,0,0,0,0,0,0,0,0,0,0,0,0,0,0,0,0,0,0,0,0,0,0,0,0,0,0,0,0,0,0,0,0,0,0,0,170844,0,0,0,0,0,0,0,0,0,0,0,0,0/0/CPU0

2020-02-02 21:58:33.568000+00:00,leaf5,sg3,obt-collector1,0,0,0,5,14135,14135,5,16,0,0,0,363,0,0,0,27,0,0,1,15142,0,0,502,977,16,24,0,0,15093,0,0,0,0,0,29,0,0,0,0,0,0,0,0,0,0,0,0,0,0,0,0,38675453,0,0,0,0,0,0,0,0,0,0,27,2,0,70092,0,0,0,42545988,0,0,0,0,0,38609846,0,70092,0,0,0,0,0/RP0/CPU0

2020-02-02 21:58:43.593000+00:00,leaf5,sg3,obt-collector1,0,0,0,0,0,0,0,0,0,0,118,0,0,0,0,0,0,0,0,118,0,0,0,0,0,0,0,0,0,0,0,0,0,0,0,0,0,0,0,0,0,0,0,0,0,0,0,0,0,0,0,0,0,0,0,0,0,0,0,0,0,0,0,0,0,0,0,0,0,170844,0,0,0,0,0,0,0,0,0,0,0,0,0/0/CPU0

2020-02-02 21:58:43.595000+00:00,leaf5,sg3,obt-collector1,0,0,0,5,14135,14135,5,16,0,0,0,363,0,0,0,27,0,0,1,15142,0,0,502,977,16,24,0,0,15093,0,0,0,0,0,29,0,0,0,0,0,0,0,0,0,0,0,0,0,0,0,0,38675801,0,0,0,0,0,0,0,0,0,0,27,2,0,70092,0,0,0,42547279,0,0,0,0,0,38610194,0,70092,0,0,0,0,0/RP0/CPU0

2020-02-02 21:58:53.578000+00:00,leaf5,sg3,obt-collector1,0,0,0,0,0,0,0,0,0,0,118,0,0,0,0,0,0,0,0,118,0,0,0,0,0,0,0,0,0,0,0,0,0,0,0,0,0,0,0,0,0,0,0,0,0,0,0,0,0,0,0,0,0,0,0,0,0,0,0,0,0,0,0,0,0,0,0,0,0,170844,0,0,0,0,0,0,0,0,0,0,0,0,0/0/CPU0

2020-02-02 21:58:53.580000+00:00,leaf5,sg3,obt-collector1,0,0,0,5,14135,14135,5,16,0,0,0,363,0,0,0,27,0,0,1,15142,0,0,502,977,16,24,0,0,15093,0,0,0,0,0,29,0,0,0,0,0,0,0,0,0,0,0,0,0,0,0,0,38676020,0,0,0,0,0,0,0,0,0,0,27,2,0,70093,0,0,0,42548443,0,0,0,0,0,38610413,0,70093,0,0,0,0,0/RP0/CPU0

2020-02-02 21:59:03.568000+00:00,leaf5,sg3,obt-collector1,0,0,0,0,0,0,0,0,0,0,118,0,0,0,0,0,0,0,0,118,0,0,0,0,0,0,0,0,0,0,0,0,0,0,0,0,0,0,0,0,0,0,0,0,0,0,0,0,0,0,0,0,0,0,0,0,0,0,0,0,0,0,0,0,0,0,0,0,0,170844,0,0,0,0,0,0,0,0,0,0,0,0,0/0/CPU0

2020-02-02 21:59:03.571000+00:00,leaf5,sg3,obt-collector1,0,0,0,5,14135,14135,5,16,0,0,0,363,0,0,0,27,0,0,1,15142,0,0,502,977,16,24,0,0,15093,0,0,0,0,0,29,0,0,0,0,0,0,0,0,0,0,0,0,0,0,0,0,38676250,0,0,0,0,0,0,0,0,0,0,27,2,0,70093,0,0,0,42549623,0,0,0,0,0,38610643,0,70093,0,0,0,0,0/RP0/CPU0

2020-02-02 21:59:13.546000+00:00,leaf5,sg3,obt-collector1,0,0,0,0,0,0,0,0,0,0,118,0,0,0,0,0,0,0,0,118,0,0,0,0,0,0,0,0,0,0,0,0,0,0,0,0,0,0,0,0,0,0,0,0,0,0,0,0,0,0,0,0,0,0,0,0,0,0,0,0,0,0,0,0,0,0,0,0,0,170844,0,0,0,0,0,0,0,0,0,0,0,0,0/0/CPU0

2020-02-02 21:59:13.548000+00:00,leaf5,sg3,obt-collector1,0,0,0,5,14135,14135,5,16,0,0,0,363,0,0,0,27,0,0,1,15142,0,0,502,977,16,24,0,0,15093,0,0,0,0,0,29,0,0,0,0,0,0,0,0,0,0,0,0,0,0,0,0,38676483,0,0,0,0,0,0,0,0,0,0,27,2,0,70093,0,0,0,42550794,0,0,0,0,0,38610876,0,70093,0,0,0,0,0/RP0/CPU0

2020-02-02 21:59:23.541000+00:00,leaf5,sg3,obt-collector1,0,0,0,0,0,0,0,0,0,0,118,0,0,0,0,0,0,0,0,118,0,0,0,0,0,0,0,0,0,0,0,0,0,0,0,0,0,0,0,0,0,0,0,0,0,0,0,0,0,0,0,0,0,0,0,0,0,0,0,0,0,0,0,0,0,0,0,0,0,170844,0,0,0,0,0,0,0,0,0,0,0,0,0/0/CPU0

2020-02-02 21:59:23.543000+00:00,leaf5,sg3,obt-collector1,0,0,0,5,14135,14135,5,16,0,0,0,363,0,0,0,27,0,0,1,15142,0,0,502,977,16,24,0,0,15093,0,0,0,0,0,29,0,0,0,0,0,0,0,0,0,0,0,0,0,0,0,0,38676702,0,0,0,0,0,0,0,0,0,0,27,2,0,70093,0,0,0,42551945,0,0,0,0,0,38611094,0,70093,0,0,0,0,0/RP0/CPU0

2020-02-02 21:59:33.550000+00:00,leaf5,sg3,obt-collector1,0,0,0,0,0,0,0,0,0,0,118,0,0,0,0,0,0,0,0,118,0,0,0,0,0,0,0,0,0,0,0,0,0,0,0,0,0,0,0,0,0,0,0,0,0,0,0,0,0,0,0,0,0,0,0,0,0,0,0,0,0,0,0,0,0,0,0,0,0,170844,0,0,0,0,0,0,0,0,0,0,0,0,0/0/CPU0

2020-02-02 21:59:33.552000+00:00,leaf5,sg3,obt-collector1,0,0,0,5,14136,14136,5,16,0,0,0,363,0,0,0,27,0,0,1,15143,0,0,502,977,16,24,0,0,15094,0,0,0,0,0,29,0,0,0,0,0,0,0,0,0,0,0,0,0,0,0,0,38676993,0,0,0,0,0,0,0,0,0,0,27,2,0,70093,0,0,0,42553210,0,0,0,0,0,38611385,0,70093,0,0,0,0,0/RP0/CPU0

2020-02-02 21:59:43.538000+00:00,leaf5,sg3,obt-collector1,0,0,0,0,0,0,0,0,0,0,118,0,0,0,0,0,0,0,0,118,0,0,0,0,0,0,0,0,0,0,0,0,0,0,0,0,0,0,0,0,0,0,0,0,0,0,0,0,0,0,0,0,0,0,0,0,0,0,0,0,0,0,0,0,0,0,0,0,0,170844,0,0,0,0,0,0,0,0,0,0,0,0,0/0/CPU0

2020-02-02 21:59:43.541000+00:00,leaf5,sg3,obt-collector1,0,0,0,5,14136,14136,5,16,0,0,0,363,0,0,0,27,0,0,1,15143,0,0,502,977,16,24,0,0,15094,0,0,0,0,0,29,0,0,0,0,0,0,0,0,0,0,0,0,0,0,0,0,38677227,0,0,0,0,0,0,0,0,0,0,27,2,0,70093,0,0,0,42554379,0,0,0,0,0,38611619,0,70093,0,0,0,0,0/RP0/CPU0

2020-02-02 21:59:53.547000+00:00,leaf5,sg3,obt-collector1,0,0,0,0,0,0,0,0,0,0,118,0,0,0,0,0,0,0,0,118,0,0,0,0,0,0,0,0,0,0,0,0,0,0,0,0,0,0,0,0,0,0,0,0,0,0,0,0,0,0,0,0,0,0,0,0,0,0,0,0,0,0,0,0,0,0,0,0,0,170844,0,0,0,0,0,0,0,0,0,0,0,0,0/0/CPU0

2020-02-02 21:59:53.551000+00:00,leaf5,sg3,obt-collector1,0,0,0,5,14136,14136,5,16,0,0,0,363,0,0,0,27,0,0,1,15143,0,0,502,977,16,24,0,0,15094,0,0,0,0,0,29,0,0,0,0,0,0,0,0,0,0,0,0,0,0,0,0,38677463,0,0,0,0,0,0,0,0,0,0,27,2,0,70094,0,0,0,42555553,0,0,0,0,0,38611855,0,70094,0,0,0,0,0/RP0/CPU0

2020-02-02 22:00:03.534000+00:00,leaf5,sg3,obt-collector1,0,0,0,0,0,0,0,0,0,0,118,0,0,0,0,0,0,0,0,118,0,0,0,0,0,0,0,0,0,0,0,0,0,0,0,0,0,0,0,0,0,0,0,0,0,0,0,0,0,0,0,0,0,0,0,0,0,0,0,0,0,0,0,0,0,0,0,0,0,170844,0,0,0,0,0,0,0,0,0,0,0,0,0/0/CPU0

2020-02-02 22:00:03.537000+00:00,leaf5,sg3,obt-collector1,0,0,0,5,14136,14136,5,16,0,0,0,363,0,0,0,27,0,0,1,15143,0,0,502,977,16,24,0,0,15094,0,0,0,0,0,29,0,0,0,0,0,0,0,0,0,0,0,0,0,0,0,0,38677696,0,0,0,0,0,0,0,0,0,0,27,2,0,70094,0,0,0,42556720,0,0,0,0,0,38612088,0,70094,0,0,0,0,0/RP0/CPU0

2020-02-02 22:00:13.558000+00:00,leaf5,sg3,obt-collector1,0,0,0,0,0,0,0,0,0,0,118,0,0,0,0,0,0,0,0,118,0,0,0,0,0,0,0,0,0,0,0,0,0,0,0,0,0,0,0,0,0,0,0,0,0,0,0,0,0,0,0,0,0,0,0,0,0,0,0,0,0,0,0,0,0,0,0,0,0,170844,0,0,0,0,0,0,0,0,0,0,0,0,0/0/CPU0

2020-02-02 22:00:13.560000+00:00,leaf5,sg3,obt-collector1,0,0,0,5,14136,14136,5,16,0,0,0,363,0,0,0,27,0,0,1,15143,0,0,502,977,16,24,0,0,15094,0,0,0,0,0,29,0,0,0,0,0,0,0,0,0,0,0,0,0,0,0,0,38677927,0,0,0,0,0,0,0,0,0,0,27,2,0,70094,0,0,0,42557891,0,0,0,0,0,38612319,0,70094,0,0,0,0,0/RP0/CPU0

2020-02-02 22:00:23.541000+00:00,leaf5,sg3,obt-collector1,0,0,0,0,0,0,0,0,0,0,118,0,0,0,0,0,0,0,0,118,0,0,0,0,0,0,0,0,0,0,0,0,0,0,0,0,0,0,0,0,0,0,0,0,0,0,0,0,0,0,0,0,0,0,0,0,0,0,0,0,0,0,0,0,0,0,0,0,0,170844,0,0,0,0,0,0,0,0,0,0,0,0,0/0/CPU0

2020-02-02 22:00:23.543000+00:00,leaf5,sg3,obt-collector1,0,0,0,5,14136,14136,5,16,0,0,0,363,0,0,0,27,0,0,1,15143,0,0,502,977,16,24,0,0,15094,0,0,0,0,0,29,0,0,0,0,0,0,0,0,0,0,0,0,0,0,0,0,38678397,0,0,0,0,0,0,0,0,0,0,27,2,0,70094,0,0,0,42559294,0,0,0,0,0,38612788,0,70094,0,0,0,0,0/RP0/CPU0

2020-02-02 22:00:33.562000+00:00,leaf5,sg3,obt-collector1,0,0,0,0,0,0,0,0,0,0,118,0,0,0,0,0,0,0,0,118,0,0,0,0,0,0,0,0,0,0,0,0,0,0,0,0,0,0,0,0,0,0,0,0,0,0,0,0,0,0,0,0,0,0,0,0,0,0,0,0,0,0,0,0,0,0,0,0,0,170844,0,0,0,0,0,0,0,0,0,0,0,0,0/0/CPU0

2020-02-02 22:00:33.565000+00:00,leaf5,sg3,obt-collector1,0,0,0,5,14136,14136,5,16,0,0,0,363,0,0,0,27,0,0,1,15143,0,0,502,977,16,24,0,0,15094,0,0,0,0,0,29,0,0,0,0,0,0,0,0,0,0,0,0,0,0,0,0,38678713,0,0,0,0,0,0,0,0,0,0,27,2,0,70094,0,0,0,42560551,0,0,0,0,0,38613104,0,70094,0,0,0,0,0/RP0/CPU0

2020-02-02 22:00:43.555000+00:00,leaf5,sg3,obt-collector1,0,0,0,0,0,0,0,0,0,0,118,0,0,0,0,0,0,0,0,118,0,0,0,0,0,0,0,0,0,0,0,0,0,0,0,0,0,0,0,0,0,0,0,0,0,0,0,0,0,0,0,0,0,0,0,0,0,0,0,0,0,0,0,0,0,0,0,0,0,170844,0,0,0,0,0,0,0,0,0,0,0,0,0/0/CPU0

2020-02-02 22:00:43.558000+00:00,leaf5,sg3,obt-collector1,0,0,0,5,14136,14136,5,16,0,0,0,363,0,0,0,27,0,0,1,15143,0,0,502,977,16,24,0,0,15094,0,0,0,0,0,29,0,0,0,0,0,0,0,0,0,0,0,0,0,0,0,0,38678964,0,0,0,0,0,0,0,0,0,0,27,2,0,70094,0,0,0,42561736,0,0,0,0,0,38613355,0,70094,0,0,0,0,0/RP0/CPU0

2020-02-02 22:00:53.548000+00:00,leaf5,sg3,obt-collector1,0,0,0,0,0,0,0,0,0,0,118,0,0,0,0,0,0,0,0,118,0,0,0,0,0,0,0,0,0,0,0,0,0,0,0,0,0,0,0,0,0,0,0,0,0,0,0,0,0,0,0,0,0,0,0,0,0,0,0,0,0,0,0,0,0,0,0,0,0,170844,0,0,0,0,0,0,0,0,0,0,0,0,0/0/CPU0

2020-02-02 22:00:53.550000+00:00,leaf5,sg3,obt-collector1,0,0,0,5,14136,14136,5,16,0,0,0,363,0,0,0,27,0,0,1,15143,0,0,502,977,16,24,0,0,15094,0,0,0,0,0,29,0,0,0,0,0,0,0,0,0,0,0,0,0,0,0,0,38679193,0,0,0,0,0,0,0,0,0,0,27,2,0,70095,0,0,0,42562905,0,0,0,0,0,38613584,0,70095,0,0,0,0,0/RP0/CPU0

2020-02-02 22:01:03.546000+00:00,leaf5,sg3,obt-collector1,0,0,0,0,0,0,0,0,0,0,118,0,0,0,0,0,0,0,0,118,0,0,0,0,0,0,0,0,0,0,0,0,0,0,0,0,0,0,0,0,0,0,0,0,0,0,0,0,0,0,0,0,0,0,0,0,0,0,0,0,0,0,0,0,0,0,0,0,0,170844,0,0,0,0,0,0,0,0,0,0,0,0,0/0/CPU0

2020-02-02 22:01:03.548000+00:00,leaf5,sg3,obt-collector1,0,0,0,5,14136,14136,5,16,0,0,0,363,0,0,0,27,0,0,1,15143,0,0,502,977,16,24,0,0,15094,0,0,0,0,0,29,0,0,0,0,0,0,0,0,0,0,0,0,0,0,0,0,38679430,0,0,0,0,0,0,0,0,0,0,27,2,0,70095,0,0,0,42564072,0,0,0,0,0,38613821,0,70095,0,0,0,0,0/RP0/CPU0

2020-02-02 22:01:13.565000+00:00,leaf5,sg3,obt-collector1,0,0,0,0,0,0,0,0,0,0,118,0,0,0,0,0,0,0,0,118,0,0,0,0,0,0,0,0,0,0,0,0,0,0,0,0,0,0,0,0,0,0,0,0,0,0,0,0,0,0,0,0,0,0,0,0,0,0,0,0,0,0,0,0,0,0,0,0,0,170844,0,0,0,0,0,0,0,0,0,0,0,0,0/0/CPU0

2020-02-02 22:01:13.568000+00:00,leaf5,sg3,obt-collector1,0,0,0,5,14136,14136,5,16,0,0,0,363,0,0,0,27,0,0,1,15143,0,0,502,977,16,24,0,0,15094,0,0,0,0,0,29,0,0,0,0,0,0,0,0,0,0,0,0,0,0,0,0,38679660,0,0,0,0,0,0,0,0,0,0,27,2,0,70095,0,0,0,42565239,0,0,0,0,0,38614051,0,70095,0,0,0,0,0/RP0/CPU0

2020-02-02 22:01:23.538000+00:00,leaf5,sg3,obt-collector1,0,0,0,0,0,0,0,0,0,0,118,0,0,0,0,0,0,0,0,118,0,0,0,0,0,0,0,0,0,0,0,0,0,0,0,0,0,0,0,0,0,0,0,0,0,0,0,0,0,0,0,0,0,0,0,0,0,0,0,0,0,0,0,0,0,0,0,0,0,170844,0,0,0,0,0,0,0,0,0,0,0,0,0/0/CPU0

2020-02-02 22:01:23.541000+00:00,leaf5,sg3,obt-collector1,0,0,0,5,14136,14136,5,16,0,0,0,363,0,0,0,27,0,0,1,15143,0,0,502,977,16,24,0,0,15094,0,0,0,0,0,29,0,0,0,0,0,0,0,0,0,0,0,0,0,0,0,0,38679896,0,0,0,0,0,0,0,0,0,0,27,2,0,70095,0,0,0,42566396,0,0,0,0,0,38614286,0,70095,0,0,0,0,0/RP0/CPU0

2020-02-02 22:01:33.556000+00:00,leaf5,sg3,obt-collector1,0,0,0,0,0,0,0,0,0,0,118,0,0,0,0,0,0,0,0,118,0,0,0,0,0,0,0,0,0,0,0,0,0,0,0,0,0,0,0,0,0,0,0,0,0,0,0,0,0,0,0,0,0,0,0,0,0,0,0,0,0,0,0,0,0,0,0,0,0,170844,0,0,0,0,0,0,0,0,0,0,0,0,0/0/CPU0

2020-02-02 22:01:33.559000+00:00,leaf5,sg3,obt-collector1,0,0,0,5,14136,14136,5,16,0,0,0,363,0,0,0,27,0,0,1,15143,0,0,502,977,16,24,0,0,15094,0,0,0,0,0,29,0,0,0,0,0,0,0,0,0,0,0,0,0,0,0,0,38680146,0,0,0,0,0,0,0,0,0,0,27,2,0,70095,0,0,0,42567572,0,0,0,0,0,38614536,0,70095,0,0,0,0,0/RP0/CPU0

2020-02-02 22:01:43.546000+00:00,leaf5,sg3,obt-collector1,0,0,0,0,0,0,0,0,0,0,118,0,0,0,0,0,0,0,0,118,0,0,0,0,0,0,0,0,0,0,0,0,0,0,0,0,0,0,0,0,0,0,0,0,0,0,0,0,0,0,0,0,0,0,0,0,0,0,0,0,0,0,0,0,0,0,0,0,0,170844,0,0,0,0,0,0,0,0,0,0,0,0,0/0/CPU0

2020-02-02 22:01:43.549000+00:00,leaf5,sg3,obt-collector1,0,0,0,5,14136,14136,5,16,0,0,0,363,0,0,0,27,0,0,1,15143,0,0,502,977,16,24,0,0,15094,0,0,0,0,0,29,0,0,0,0,0,0,0,0,0,0,0,0,0,0,0,0,38680383,0,0,0,0,0,0,0,0,0,0,27,2,0,70095,0,0,0,42568740,0,0,0,0,0,38614773,0,70095,0,0,0,0,0/RP0/CPU0

2020-02-02 22:01:53.556000+00:00,leaf5,sg3,obt-collector1,0,0,0,0,0,0,0,0,0,0,118,0,0,0,0,0,0,0,0,118,0,0,0,0,0,0,0,0,0,0,0,0,0,0,0,0,0,0,0,0,0,0,0,0,0,0,0,0,0,0,0,0,0,0,0,0,0,0,0,0,0,0,0,0,0,0,0,0,0,170844,0,0,0,0,0,0,0,0,0,0,0,0,0/0/CPU0

2020-02-02 22:01:53.559000+00:00,leaf5,sg3,obt-collector1,0,0,0,5,14136,14136,5,16,0,0,0,363,0,0,0,27,0,0,1,15143,0,0,502,977,16,24,0,0,15094,0,0,0,0,0,29,0,0,0,0,0,0,0,0,0,0,0,0,0,0,0,0,38680630,0,0,0,0,0,0,0,0,0,0,27,2,0,70096,0,0,0,42569911,0,0,0,0,0,38615020,0,70096,0,0,0,0,0/RP0/CPU0

2020-02-02 22:02:03.576000+00:00,leaf5,sg3,obt-collector1,0,0,0,0,0,0,0,0,0,0,118,0,0,0,0,0,0,0,0,118,0,0,0,0,0,0,0,0,0,0,0,0,0,0,0,0,0,0,0,0,0,0,0,0,0,0,0,0,0,0,0,0,0,0,0,0,0,0,0,0,0,0,0,0,0,0,0,0,0,170844,0,0,0,0,0,0,0,0,0,0,0,0,0/0/CPU0

2020-02-02 22:02:03.594000+00:00,leaf5,sg3,obt-collector1,0,0,0,5,14136,14136,5,16,0,0,0,363,0,0,0,27,0,0,1,15143,0,0,502,977,16,24,0,0,15094,0,0,0,0,0,29,0,0,0,0,0,0,0,0,0,0,0,0,0,0,0,0,38680830,0,0,0,0,0,0,0,0,0,0,27,2,0,70096,0,0,0,42571078,0,0,0,0,0,38615220,0,70096,0,0,0,0,0/RP0/CPU0

2020-02-02 22:02:13.542000+00:00,leaf5,sg3,obt-collector1,0,0,0,0,0,0,0,0,0,0,118,0,0,0,0,0,0,0,0,118,0,0,0,0,0,0,0,0,0,0,0,0,0,0,0,0,0,0,0,0,0,0,0,0,0,0,0,0,0,0,0,0,0,0,0,0,0,0,0,0,0,0,0,0,0,0,0,0,0,170844,0,0,0,0,0,0,0,0,0,0,0,0,0/0/CPU0

2020-02-02 22:02:13.546000+00:00,leaf5,sg3,obt-collector1,0,0,0,5,14136,14136,5,16,0,0,0,363,0,0,0,27,0,0,1,15143,0,0,502,977,16,24,0,0,15094,0,0,0,0,0,29,0,0,0,0,0,0,0,0,0,0,0,0,0,0,0,0,38681032,0,0,0,0,0,0,0,0,0,0,27,2,0,70096,0,0,0,42572248,0,0,0,0,0,38615422,0,70096,0,0,0,0,0/RP0/CPU0

2020-02-02 22:02:23.554000+00:00,leaf5,sg3,obt-collector1,0,0,0,0,0,0,0,0,0,0,118,0,0,0,0,0,0,0,0,118,0,0,0,0,0,0,0,0,0,0,0,0,0,0,0,0,0,0,0,0,0,0,0,0,0,0,0,0,0,0,0,0,0,0,0,0,0,0,0,0,0,0,0,0,0,0,0,0,0,170844,0,0,0,0,0,0,0,0,0,0,0,0,0/0/CPU0

2020-02-02 22:02:23.557000+00:00,leaf5,sg3,obt-collector1,0,0,0,5,14136,14136,5,16,0,0,0,363,0,0,0,27,0,0,1,15143,0,0,502,977,16,24,0,0,15094,0,0,0,0,0,29,0,0,0,0,0,0,0,0,0,0,0,0,0,0,0,0,38681231,0,0,0,0,0,0,0,0,0,0,27,2,0,70096,0,0,0,42573415,0,0,0,0,0,38615621,0,70096,0,0,0,0,0/RP0/CPU0

2020-02-02 22:02:33.554000+00:00,leaf5,sg3,obt-collector1,0,0,0,0,0,0,0,0,0,0,118,0,0,0,0,0,0,0,0,118,0,0,0,0,0,0,0,0,0,0,0,0,0,0,0,0,0,0,0,0,0,0,0,0,0,0,0,0,0,0,0,0,0,0,0,0,0,0,0,0,0,0,0,0,0,0,0,0,0,170844,0,0,0,0,0,0,0,0,0,0,0,0,0/0/CPU0

2020-02-02 22:02:33.556000+00:00,leaf5,sg3,obt-collector1,0,0,0,5,14136,14136,5,16,0,0,0,363,0,0,0,27,0,0,1,15143,0,0,502,977,16,24,0,0,15094,0,0,0,0,0,29,0,0,0,0,0,0,0,0,0,0,0,0,0,0,0,0,38681439,0,0,0,0,0,0,0,0,0,0,27,2,0,70096,0,0,0,42574588,0,0,0,0,0,38615828,0,70096,0,0,0,0,0/RP0/CPU0

2020-02-02 22:02:43.552000+00:00,leaf5,sg3,obt-collector1,0,0,0,0,0,0,0,0,0,0,118,0,0,0,0,0,0,0,0,118,0,0,0,0,0,0,0,0,0,0,0,0,0,0,0,0,0,0,0,0,0,0,0,0,0,0,0,0,0,0,0,0,0,0,0,0,0,0,0,0,0,0,0,0,0,0,0,0,0,170844,0,0,0,0,0,0,0,0,0,0,0,0,0/0/CPU0

2020-02-02 22:02:43.554000+00:00,leaf5,sg3,obt-collector1,0,0,0,5,14136,14136,5,16,0,0,0,363,0,0,0,27,0,0,1,15143,0,0,502,977,16,24,0,0,15094,0,0,0,0,0,29,0,0,0,0,0,0,0,0,0,0,0,0,0,0,0,0,38681642,0,0,0,0,0,0,0,0,0,0,27,2,0,70096,0,0,0,42575751,0,0,0,0,0,38616031,0,70096,0,0,0,0,0/RP0/CPU0

2020-02-02 22:02:53.555000+00:00,leaf5,sg3,obt-collector1,0,0,0,0,0,0,0,0,0,0,118,0,0,0,0,0,0,0,0,118,0,0,0,0,0,0,0,0,0,0,0,0,0,0,0,0,0,0,0,0,0,0,0,0,0,0,0,0,0,0,0,0,0,0,0,0,0,0,0,0,0,0,0,0,0,0,0,0,0,170844,0,0,0,0,0,0,0,0,0,0,0,0,0/0/CPU0

2020-02-02 22:02:53.557000+00:00,leaf5,sg3,obt-collector1,0,0,0,5,14136,14136,5,16,0,0,0,363,0,0,0,27,0,0,1,15143,0,0,502,977,16,24,0,0,15094,0,0,0,0,0,29,0,0,0,0,0,0,0,0,0,0,0,0,0,0,0,0,38681852,0,0,0,0,0,0,0,0,0,0,27,2,0,70097,0,0,0,42576923,0,0,0,0,0,38616241,0,70097,0,0,0,0,0/RP0/CPU0

2020-02-02 22:03:03.541000+00:00,leaf5,sg3,obt-collector1,0,0,0,0,0,0,0,0,0,0,118,0,0,0,0,0,0,0,0,118,0,0,0,0,0,0,0,0,0,0,0,0,0,0,0,0,0,0,0,0,0,0,0,0,0,0,0,0,0,0,0,0,0,0,0,0,0,0,0,0,0,0,0,0,0,0,0,0,0,170844,0,0,0,0,0,0,0,0,0,0,0,0,0/0/CPU0

2020-02-02 22:03:03.545000+00:00,leaf5,sg3,obt-collector1,0,0,0,5,14136,14136,5,16,0,0,0,363,0,0,0,27,0,0,1,15143,0,0,502,977,16,24,0,0,15094,0,0,0,0,0,29,0,0,0,0,0,0,0,0,0,0,0,0,0,0,0,0,38682056,0,0,0,0,0,0,0,0,0,0,27,2,0,70097,0,0,0,42578091,0,0,0,0,0,38616445,0,70097,0,0,0,0,0/RP0/CPU0

2020-02-02 22:03:13.536000+00:00,leaf5,sg3,obt-collector1,0,0,0,0,0,0,0,0,0,0,118,0,0,0,0,0,0,0,0,118,0,0,0,0,0,0,0,0,0,0,0,0,0,0,0,0,0,0,0,0,0,0,0,0,0,0,0,0,0,0,0,0,0,0,0,0,0,0,0,0,0,0,0,0,0,0,0,0,0,170844,0,0,0,0,0,0,0,0,0,0,0,0,0/0/CPU0

2020-02-02 22:03:13.540000+00:00,leaf5,sg3,obt-collector1,0,0,0,5,14136,14136,5,16,0,0,0,363,0,0,0,27,0,0,1,15143,0,0,502,977,16,24,0,0,15094,0,0,0,0,0,29,0,0,0,0,0,0,0,0,0,0,0,0,0,0,0,0,38682265,0,0,0,0,0,0,0,0,0,0,27,2,0,70097,0,0,0,42579263,0,0,0,0,0,38616654,0,70097,0,0,0,0,0/RP0/CPU0

2020-02-02 22:03:23.563000+00:00,leaf5,sg3,obt-collector1,0,0,0,0,0,0,0,0,0,0,118,0,0,0,0,0,0,0,0,118,0,0,0,0,0,0,0,0,0,0,0,0,0,0,0,0,0,0,0,0,0,0,0,0,0,0,0,0,0,0,0,0,0,0,0,0,0,0,0,0,0,0,0,0,0,0,0,0,0,170844,0,0,0,0,0,0,0,0,0,0,0,0,0/0/CPU0

2020-02-02 22:03:23.566000+00:00,leaf5,sg3,obt-collector1,0,0,0,5,14136,14136,5,16,0,0,0,363,0,0,0,27,0,0,1,15143,0,0,502,977,16,24,0,0,15094,0,0,0,0,0,29,0,0,0,0,0,0,0,0,0,0,0,0,0,0,0,0,38682468,0,0,0,0,0,0,0,0,0,0,27,2,0,70097,0,0,0,42580428,0,0,0,0,0,38616857,0,70097,0,0,0,0,0/RP0/CPU0

2020-02-02 22:03:33.565000+00:00,leaf5,sg3,obt-collector1,0,0,0,0,0,0,0,0,0,0,118,0,0,0,0,0,0,0,0,118,0,0,0,0,0,0,0,0,0,0,0,0,0,0,0,0,0,0,0,0,0,0,0,0,0,0,0,0,0,0,0,0,0,0,0,0,0,0,0,0,0,0,0,0,0,0,0,0,0,170844,0,0,0,0,0,0,0,0,0,0,0,0,0/0/CPU0

2020-02-02 22:03:33.568000+00:00,leaf5,sg3,obt-collector1,0,0,0,5,14136,14136,5,16,0,0,0,363,0,0,0,27,0,0,1,15143,0,0,502,977,16,24,0,0,15094,0,0,0,0,0,29,0,0,0,0,0,0,0,0,0,0,0,0,0,0,0,0,38682679,0,0,0,0,0,0,0,0,0,0,27,2,0,70097,0,0,0,42581599,0,0,0,0,0,38617067,0,70097,0,0,0,0,0/RP0/CPU0

2020-02-02 22:03:43.609000+00:00,leaf5,sg3,obt-collector1,0,0,0,0,0,0,0,0,0,0,118,0,0,0,0,0,0,0,0,118,0,0,0,0,0,0,0,0,0,0,0,0,0,0,0,0,0,0,0,0,0,0,0,0,0,0,0,0,0,0,0,0,0,0,0,0,0,0,0,0,0,0,0,0,0,0,0,0,0,170844,0,0,0,0,0,0,0,0,0,0,0,0,0/0/CPU0

2020-02-02 22:03:43.611000+00:00,leaf5,sg3,obt-collector1,0,0,0,5,14136,14136,5,16,0,0,0,363,0,0,0,27,0,0,1,15143,0,0,502,977,16,24,0,0,15094,0,0,0,0,0,29,0,0,0,0,0,0,0,0,0,0,0,0,0,0,0,0,38682836,0,0,0,0,0,0,0,0,0,0,27,2,0,70097,0,0,0,42582670,0,0,0,0,0,38617224,0,70097,0,0,0,0,0/RP0/CPU0

2020-02-02 22:03:53.566000+00:00,leaf5,sg3,obt-collector1,0,0,0,0,0,0,0,0,0,0,118,0,0,0,0,0,0,0,0,118,0,0,0,0,0,0,0,0,0,0,0,0,0,0,0,0,0,0,0,0,0,0,0,0,0,0,0,0,0,0,0,0,0,0,0,0,0,0,0,0,0,0,0,0,0,0,0,0,0,170844,0,0,0,0,0,0,0,0,0,0,0,0,0/0/CPU0

2020-02-02 22:03:53.568000+00:00,leaf5,sg3,obt-collector1,0,0,0,5,14136,14136,5,16,0,0,0,363,0,0,0,27,0,0,1,15143,0,0,502,977,16,24,0,0,15094,0,0,0,0,0,29,0,0,0,0,0,0,0,0,0,0,0,0,0,0,0,0,38682975,0,0,0,0,0,0,0,0,0,0,27,2,0,70098,0,0,0,42583731,0,0,0,0,0,38617363,0,70098,0,0,0,0,0/RP0/CPU0

2020-02-02 22:04:03.551000+00:00,leaf5,sg3,obt-collector1,0,0,0,0,0,0,0,0,0,0,118,0,0,0,0,0,0,0,0,118,0,0,0,0,0,0,0,0,0,0,0,0,0,0,0,0,0,0,0,0,0,0,0,0,0,0,0,0,0,0,0,0,0,0,0,0,0,0,0,0,0,0,0,0,0,0,0,0,0,170844,0,0,0,0,0,0,0,0,0,0,0,0,0/0/CPU0

2020-02-02 22:04:03.554000+00:00,leaf5,sg3,obt-collector1,0,0,0,5,14136,14136,5,16,0,0,0,363,0,0,0,27,0,0,1,15143,0,0,502,977,16,24,0,0,15094,0,0,0,0,0,29,0,0,0,0,0,0,0,0,0,0,0,0,0,0,0,0,38683187,0,0,0,0,0,0,0,0,0,0,27,2,0,70098,0,0,0,42584901,0,0,0,0,0,38617575,0,70098,0,0,0,0,0/RP0/CPU0

2020-02-02 22:04:13.583000+00:00,leaf5,sg3,obt-collector1,0,0,0,0,0,0,0,0,0,0,118,0,0,0,0,0,0,0,0,118,0,0,0,0,0,0,0,0,0,0,0,0,0,0,0,0,0,0,0,0,0,0,0,0,0,0,0,0,0,0,0,0,0,0,0,0,0,0,0,0,0,0,0,0,0,0,0,0,0,170844,0,0,0,0,0,0,0,0,0,0,0,0,0/0/CPU0

2020-02-02 22:04:13.585000+00:00,leaf5,sg3,obt-collector1,0,0,0,5,14136,14136,5,16,0,0,0,363,0,0,0,27,0,0,1,15143,0,0,502,977,16,24,0,0,15094,0,0,0,0,0,29,0,0,0,0,0,0,0,0,0,0,0,0,0,0,0,0,38683398,0,0,0,0,0,0,0,0,0,0,27,2,0,70098,0,0,0,42586067,0,0,0,0,0,38617786,0,70098,0,0,0,0,0/RP0/CPU0

2020-02-02 22:04:23.538000+00:00,leaf5,sg3,obt-collector1,0,0,0,0,0,0,0,0,0,0,118,0,0,0,0,0,0,0,0,118,0,0,0,0,0,0,0,0,0,0,0,0,0,0,0,0,0,0,0,0,0,0,0,0,0,0,0,0,0,0,0,0,0,0,0,0,0,0,0,0,0,0,0,0,0,0,0,0,0,170844,0,0,0,0,0,0,0,0,0,0,0,0,0/0/CPU0

2020-02-02 22:04:23.540000+00:00,leaf5,sg3,obt-collector1,0,0,0,5,14136,14136,5,16,0,0,0,363,0,0,0,27,0,0,1,15143,0,0,502,977,16,24,0,0,15094,0,0,0,0,0,29,0,0,0,0,0,0,0,0,0,0,0,0,0,0,0,0,38683622,0,0,0,0,0,0,0,0,0,0,27,2,0,70098,0,0,0,42587242,0,0,0,0,0,38618010,0,70098,0,0,0,0,0/RP0/CPU0

2020-02-02 22:04:33.545000+00:00,leaf5,sg3,obt-collector1,0,0,0,0,0,0,0,0,0,0,118,0,0,0,0,0,0,0,0,118,0,0,0,0,0,0,0,0,0,0,0,0,0,0,0,0,0,0,0,0,0,0,0,0,0,0,0,0,0,0,0,0,0,0,0,0,0,0,0,0,0,0,0,0,0,0,0,0,0,170844,0,0,0,0,0,0,0,0,0,0,0,0,0/0/CPU0

2020-02-02 22:04:33.547000+00:00,leaf5,sg3,obt-collector1,0,0,0,5,14136,14136,5,16,0,0,0,363,0,0,0,27,0,0,1,15143,0,0,502,977,16,24,0,0,15094,0,0,0,0,0,29,0,0,0,0,0,0,0,0,0,0,0,0,0,0,0,0,38683839,0,0,0,0,0,0,0,0,0,0,27,2,0,70098,0,0,0,42588418,0,0,0,0,0,38618226,0,70098,0,0,0,0,0/RP0/CPU0

2020-02-02 22:04:43.550000+00:00,leaf5,sg3,obt-collector1,0,0,0,0,0,0,0,0,0,0,118,0,0,0,0,0,0,0,0,118,0,0,0,0,0,0,0,0,0,0,0,0,0,0,0,0,0,0,0,0,0,0,0,0,0,0,0,0,0,0,0,0,0,0,0,0,0,0,0,0,0,0,0,0,0,0,0,0,0,170844,0,0,0,0,0,0,0,0,0,0,0,0,0/0/CPU0

2020-02-02 22:04:43.552000+00:00,leaf5,sg3,obt-collector1,0,0,0,5,14136,14136,5,16,0,0,0,363,0,0,0,27,0,0,1,15143,0,0,502,977,16,24,0,0,15094,0,0,0,0,0,29,0,0,0,0,0,0,0,0,0,0,0,0,0,0,0,0,38684059,0,0,0,0,0,0,0,0,0,0,27,2,0,70098,0,0,0,42589591,0,0,0,0,0,38618446,0,70098,0,0,0,0,0/RP0/CPU0

2020-02-02 22:04:53.553000+00:00,leaf5,sg3,obt-collector1,0,0,0,0,0,0,0,0,0,0,118,0,0,0,0,0,0,0,0,118,0,0,0,0,0,0,0,0,0,0,0,0,0,0,0,0,0,0,0,0,0,0,0,0,0,0,0,0,0,0,0,0,0,0,0,0,0,0,0,0,0,0,0,0,0,0,0,0,0,170844,0,0,0,0,0,0,0,0,0,0,0,0,0/0/CPU0

2020-02-02 22:04:53.556000+00:00,leaf5,sg3,obt-collector1,0,0,0,5,14136,14136,5,16,0,0,0,363,0,0,0,27,0,0,1,15143,0,0,502,977,16,24,0,0,15094,0,0,0,0,0,29,0,0,0,0,0,0,0,0,0,0,0,0,0,0,0,0,38684273,0,0,0,0,0,0,0,0,0,0,27,2,0,70099,0,0,0,42590756,0,0,0,0,0,38618660,0,70099,0,0,0,0,0/RP0/CPU0

2020-02-02 22:05:03.624000+00:00,leaf5,sg3,obt-collector1,0,0,0,0,0,0,0,0,0,0,118,0,0,0,0,0,0,0,0,118,0,0,0,0,0,0,0,0,0,0,0,0,0,0,0,0,0,0,0,0,0,0,0,0,0,0,0,0,0,0,0,0,0,0,0,0,0,0,0,0,0,0,0,0,0,0,0,0,0,170844,0,0,0,0,0,0,0,0,0,0,0,0,0/0/CPU0

2020-02-02 22:05:03.627000+00:00,leaf5,sg3,obt-collector1,0,0,0,5,14136,14136,5,16,0,0,0,363,0,0,0,27,0,0,1,15143,0,0,502,977,16,24,0,0,15094,0,0,0,0,0,29,0,0,0,0,0,0,0,0,0,0,0,0,0,0,0,0,38684495,0,0,0,0,0,0,0,0,0,0,27,2,0,70099,0,0,0,42591925,0,0,0,0,0,38618882,0,70099,0,0,0,0,0/RP0/CPU0

2020-02-02 22:05:13.570000+00:00,leaf5,sg3,obt-collector1,0,0,0,0,0,0,0,0,0,0,118,0,0,0,0,0,0,0,0,118,0,0,0,0,0,0,0,0,0,0,0,0,0,0,0,0,0,0,0,0,0,0,0,0,0,0,0,0,0,0,0,0,0,0,0,0,0,0,0,0,0,0,0,0,0,0,0,0,0,170844,0,0,0,0,0,0,0,0,0,0,0,0,0/0/CPU0

2020-02-02 22:05:13.574000+00:00,leaf5,sg3,obt-collector1,0,0,0,5,14136,14136,5,16,0,0,0,363,0,0,0,27,0,0,1,15143,0,0,502,977,16,24,0,0,15094,0,0,0,0,0,29,0,0,0,0,0,0,0,0,0,0,0,0,0,0,0,0,38684718,0,0,0,0,0,0,0,0,0,0,27,2,0,70099,0,0,0,42593091,0,0,0,0,0,38619105,0,70099,0,0,0,0,0/RP0/CPU0

2020-02-02 22:05:23.556000+00:00,leaf5,sg3,obt-collector1,0,0,0,0,0,0,0,0,0,0,118,0,0,0,0,0,0,0,0,118,0,0,0,0,0,0,0,0,0,0,0,0,0,0,0,0,0,0,0,0,0,0,0,0,0,0,0,0,0,0,0,0,0,0,0,0,0,0,0,0,0,0,0,0,0,0,0,0,0,170844,0,0,0,0,0,0,0,0,0,0,0,0,0/0/CPU0

2020-02-02 22:05:23.560000+00:00,leaf5,sg3,obt-collector1,0,0,0,5,14136,14136,5,16,0,0,0,363,0,0,0,27,0,0,1,15143,0,0,502,977,16,24,0,0,15094,0,0,0,0,0,29,0,0,0,0,0,0,0,0,0,0,0,0,0,0,0,0,38684941,0,0,0,0,0,0,0,0,0,0,27,2,0,70099,0,0,0,42594258,0,0,0,0,0,38619328,0,70099,0,0,0,0,0/RP0/CPU0

2020-02-02 22:05:33.557000+00:00,leaf5,sg3,obt-collector1,0,0,0,0,0,0,0,0,0,0,118,0,0,0,0,0,0,0,0,118,0,0,0,0,0,0,0,0,0,0,0,0,0,0,0,0,0,0,0,0,0,0,0,0,0,0,0,0,0,0,0,0,0,0,0,0,0,0,0,0,0,0,0,0,0,0,0,0,0,170844,0,0,0,0,0,0,0,0,0,0,0,0,0/0/CPU0

2020-02-02 22:05:33.559000+00:00,leaf5,sg3,obt-collector1,0,0,0,5,14136,14136,5,16,0,0,0,363,0,0,0,27,0,0,1,15143,0,0,502,977,16,24,0,0,15094,0,0,0,0,0,29,0,0,0,0,0,0,0,0,0,0,0,0,0,0,0,0,38685163,0,0,0,0,0,0,0,0,0,0,27,2,0,70099,0,0,0,42595427,0,0,0,0,0,38619550,0,70099,0,0,0,0,0/RP0/CPU0

2020-02-02 22:05:43.565000+00:00,leaf5,sg3,obt-collector1,0,0,0,0,0,0,0,0,0,0,118,0,0,0,0,0,0,0,0,118,0,0,0,0,0,0,0,0,0,0,0,0,0,0,0,0,0,0,0,0,0,0,0,0,0,0,0,0,0,0,0,0,0,0,0,0,0,0,0,0,0,0,0,0,0,0,0,0,0,170844,0,0,0,0,0,0,0,0,0,0,0,0,0/0/CPU0

2020-02-02 22:05:43.567000+00:00,leaf5,sg3,obt-collector1,0,0,0,5,14136,14136,5,16,0,0,0,363,0,0,0,27,0,0,1,15143,0,0,502,977,16,24,0,0,15094,0,0,0,0,0,29,0,0,0,0,0,0,0,0,0,0,0,0,0,0,0,0,38685494,0,0,0,0,0,0,0,0,0,0,27,2,0,70099,0,0,0,42596644,0,0,0,0,0,38619880,0,70099,0,0,0,0,0/RP0/CPU0

2020-02-02 22:05:53.565000+00:00,leaf5,sg3,obt-collector1,0,0,0,0,0,0,0,0,0,0,118,0,0,0,0,0,0,0,0,118,0,0,0,0,0,0,0,0,0,0,0,0,0,0,0,0,0,0,0,0,0,0,0,0,0,0,0,0,0,0,0,0,0,0,0,0,0,0,0,0,0,0,0,0,0,0,0,0,0,170844,0,0,0,0,0,0,0,0,0,0,0,0,0/0/CPU0

2020-02-02 22:05:53.568000+00:00,leaf5,sg3,obt-collector1,0,0,0,5,14136,14136,5,16,0,0,0,363,0,0,0,27,0,0,1,15143,0,0,502,977,16,24,0,0,15094,0,0,0,0,0,29,0,0,0,0,0,0,0,0,0,0,0,0,0,0,0,0,38685701,0,0,0,0,0,0,0,0,0,0,27,2,0,70100,0,0,0,42597809,0,0,0,0,0,38620087,0,70100,0,0,0,0,0/RP0/CPU0

2020-02-02 22:06:03.576000+00:00,leaf5,sg3,obt-collector1,0,0,0,0,0,0,0,0,0,0,118,0,0,0,0,0,0,0,0,118,0,0,0,0,0,0,0,0,0,0,0,0,0,0,0,0,0,0,0,0,0,0,0,0,0,0,0,0,0,0,0,0,0,0,0,0,0,0,0,0,0,0,0,0,0,0,0,0,0,170844,0,0,0,0,0,0,0,0,0,0,0,0,0/0/CPU0

2020-02-02 22:06:03.578000+00:00,leaf5,sg3,obt-collector1,0,0,0,5,14136,14136,5,16,0,0,0,363,0,0,0,27,0,0,1,15143,0,0,502,977,16,24,0,0,15094,0,0,0,0,0,29,0,0,0,0,0,0,0,0,0,0,0,0,0,0,0,0,38685907,0,0,0,0,0,0,0,0,0,0,27,2,0,70100,0,0,0,42598982,0,0,0,0,0,38620293,0,70100,0,0,0,0,0/RP0/CPU0

2020-02-02 22:06:13.558000+00:00,leaf5,sg3,obt-collector1,0,0,0,0,0,0,0,0,0,0,118,0,0,0,0,0,0,0,0,118,0,0,0,0,0,0,0,0,0,0,0,0,0,0,0,0,0,0,0,0,0,0,0,0,0,0,0,0,0,0,0,0,0,0,0,0,0,0,0,0,0,0,0,0,0,0,0,0,0,170844,0,0,0,0,0,0,0,0,0,0,0,0,0/0/CPU0

2020-02-02 22:06:13.560000+00:00,leaf5,sg3,obt-collector1,0,0,0,5,14137,14137,5,16,0,0,0,363,0,0,0,27,0,0,1,15144,0,0,502,977,16,24,0,0,15095,0,0,0,0,0,29,0,0,0,0,0,0,0,0,0,0,0,0,0,0,0,0,38686150,0,0,0,0,0,0,0,0,0,0,27,2,0,70100,0,0,0,42600185,0,0,0,0,0,38620536,0,70100,0,0,0,0,0/RP0/CPU0

2020-02-02 22:06:23.550000+00:00,leaf5,sg3,obt-collector1,0,0,0,0,0,0,0,0,0,0,118,0,0,0,0,0,0,0,0,118,0,0,0,0,0,0,0,0,0,0,0,0,0,0,0,0,0,0,0,0,0,0,0,0,0,0,0,0,0,0,0,0,0,0,0,0,0,0,0,0,0,0,0,0,0,0,0,0,0,170844,0,0,0,0,0,0,0,0,0,0,0,0,0/0/CPU0

2020-02-02 22:06:23.553000+00:00,leaf5,sg3,obt-collector1,0,0,0,5,14137,14137,5,16,0,0,0,363,0,0,0,27,0,0,1,15144,0,0,502,977,16,24,0,0,15095,0,0,0,0,0,29,0,0,0,0,0,0,0,0,0,0,0,0,0,0,0,0,38686358,0,0,0,0,0,0,0,0,0,0,27,2,0,70100,0,0,0,42601355,0,0,0,0,0,38620744,0,70100,0,0,0,0,0/RP0/CPU0

2020-02-02 22:06:33.556000+00:00,leaf5,sg3,obt-collector1,0,0,0,0,0,0,0,0,0,0,118,0,0,0,0,0,0,0,0,118,0,0,0,0,0,0,0,0,0,0,0,0,0,0,0,0,0,0,0,0,0,0,0,0,0,0,0,0,0,0,0,0,0,0,0,0,0,0,0,0,0,0,0,0,0,0,0,0,0,170844,0,0,0,0,0,0,0,0,0,0,0,0,0/0/CPU0

2020-02-02 22:06:33.558000+00:00,leaf5,sg3,obt-collector1,0,0,0,5,14137,14137,5,16,0,0,0,363,0,0,0,27,0,0,1,15144,0,0,502,977,16,24,0,0,15095,0,0,0,0,0,29,0,0,0,0,0,0,0,0,0,0,0,0,0,0,0,0,38686563,0,0,0,0,0,0,0,0,0,0,27,2,0,70100,0,0,0,42602525,0,0,0,0,0,38620949,0,70100,0,0,0,0,0/RP0/CPU0

2020-02-02 22:06:43.564000+00:00,leaf5,sg3,obt-collector1,0,0,0,0,0,0,0,0,0,0,118,0,0,0,0,0,0,0,0,118,0,0,0,0,0,0,0,0,0,0,0,0,0,0,0,0,0,0,0,0,0,0,0,0,0,0,0,0,0,0,0,0,0,0,0,0,0,0,0,0,0,0,0,0,0,0,0,0,0,170844,0,0,0,0,0,0,0,0,0,0,0,0,0/0/CPU0

2020-02-02 22:06:43.566000+00:00,leaf5,sg3,obt-collector1,0,0,0,5,14137,14137,5,16,0,0,0,363,0,0,0,27,0,0,1,15144,0,0,502,977,16,24,0,0,15095,0,0,0,0,0,29,0,0,0,0,0,0,0,0,0,0,0,0,0,0,0,0,38686771,0,0,0,0,0,0,0,0,0,0,27,2,0,70100,0,0,0,42603696,0,0,0,0,0,38621156,0,70100,0,0,0,0,0/RP0/CPU0

2020-02-02 22:06:53.578000+00:00,leaf5,sg3,obt-collector1,0,0,0,0,0,0,0,0,0,0,118,0,0,0,0,0,0,0,0,118,0,0,0,0,0,0,0,0,0,0,0,0,0,0,0,0,0,0,0,0,0,0,0,0,0,0,0,0,0,0,0,0,0,0,0,0,0,0,0,0,0,0,0,0,0,0,0,0,0,170844,0,0,0,0,0,0,0,0,0,0,0,0,0/0/CPU0

2020-02-02 22:06:53.580000+00:00,leaf5,sg3,obt-collector1,0,0,0,5,14137,14137,5,16,0,0,0,363,0,0,0,27,0,0,1,15144,0,0,502,977,16,24,0,0,15095,0,0,0,0,0,29,0,0,0,0,0,0,0,0,0,0,0,0,0,0,0,0,38686978,0,0,0,0,0,0,0,0,0,0,27,2,0,70101,0,0,0,42604865,0,0,0,0,0,38621363,0,70101,0,0,0,0,0/RP0/CPU0

2020-02-02 22:07:03.547000+00:00,leaf5,sg3,obt-collector1,0,0,0,0,0,0,0,0,0,0,118,0,0,0,0,0,0,0,0,118,0,0,0,0,0,0,0,0,0,0,0,0,0,0,0,0,0,0,0,0,0,0,0,0,0,0,0,0,0,0,0,0,0,0,0,0,0,0,0,0,0,0,0,0,0,0,0,0,0,170844,0,0,0,0,0,0,0,0,0,0,0,0,0/0/CPU0

2020-02-02 22:07:03.549000+00:00,leaf5,sg3,obt-collector1,0,0,0,5,14137,14137,5,16,0,0,0,363,0,0,0,27,0,0,1,15144,0,0,502,977,16,24,0,0,15095,0,0,0,0,0,29,0,0,0,0,0,0,0,0,0,0,0,0,0,0,0,0,38687191,0,0,0,0,0,0,0,0,0,0,27,2,0,70101,0,0,0,42606036,0,0,0,0,0,38621576,0,70101,0,0,0,0,0/RP0/CPU0

2020-02-02 22:07:13.624000+00:00,leaf5,sg3,obt-collector1,0,0,0,0,0,0,0,0,0,0,118,0,0,0,0,0,0,0,0,118,0,0,0,0,0,0,0,0,0,0,0,0,0,0,0,0,0,0,0,0,0,0,0,0,0,0,0,0,0,0,0,0,0,0,0,0,0,0,0,0,0,0,0,0,0,0,0,0,0,170844,0,0,0,0,0,0,0,0,0,0,0,0,0/0/CPU0

2020-02-02 22:07:13.627000+00:00,leaf5,sg3,obt-collector1,0,0,0,5,14137,14137,5,16,0,0,0,363,0,0,0,27,0,0,1,15144,0,0,502,977,16,24,0,0,15095,0,0,0,0,0,29,0,0,0,0,0,0,0,0,0,0,0,0,0,0,0,0,38687648,0,0,0,0,0,0,0,0,0,0,27,2,0,70101,0,0,0,42607435,0,0,0,0,0,38622033,0,70101,0,0,0,0,0/RP0/CPU0

2020-02-02 22:07:23.556000+00:00,leaf5,sg3,obt-collector1,0,0,0,0,0,0,0,0,0,0,118,0,0,0,0,0,0,0,0,118,0,0,0,0,0,0,0,0,0,0,0,0,0,0,0,0,0,0,0,0,0,0,0,0,0,0,0,0,0,0,0,0,0,0,0,0,0,0,0,0,0,0,0,0,0,0,0,0,0,170844,0,0,0,0,0,0,0,0,0,0,0,0,0/0/CPU0

2020-02-02 22:07:23.559000+00:00,leaf5,sg3,obt-collector1,0,0,0,5,14137,14137,5,16,0,0,0,363,0,0,0,27,0,0,1,15144,0,0,502,977,16,24,0,0,15095,0,0,0,0,0,29,0,0,0,0,0,0,0,0,0,0,0,0,0,0,0,0,38687933,0,0,0,0,0,0,0,0,0,0,27,2,0,70101,0,0,0,42608630,0,0,0,0,0,38622318,0,70101,0,0,0,0,0/RP0/CPU0

2020-02-02 22:07:33.547000+00:00,leaf5,sg3,obt-collector1,0,0,0,0,0,0,0,0,0,0,118,0,0,0,0,0,0,0,0,118,0,0,0,0,0,0,0,0,0,0,0,0,0,0,0,0,0,0,0,0,0,0,0,0,0,0,0,0,0,0,0,0,0,0,0,0,0,0,0,0,0,0,0,0,0,0,0,0,0,170844,0,0,0,0,0,0,0,0,0,0,0,0,0/0/CPU0

2020-02-02 22:07:33.550000+00:00,leaf5,sg3,obt-collector1,0,0,0,5,14137,14137,5,16,0,0,0,363,0,0,0,27,0,0,1,15144,0,0,502,977,16,24,0,0,15095,0,0,0,0,0,29,0,0,0,0,0,0,0,0,0,0,0,0,0,0,0,0,38688225,0,0,0,0,0,0,0,0,0,0,27,2,0,70101,0,0,0,42609862,0,0,0,0,0,38622610,0,70101,0,0,0,0,0/RP0/CPU0

2020-02-02 22:07:43.572000+00:00,leaf5,sg3,obt-collector1,0,0,0,0,0,0,0,0,0,0,118,0,0,0,0,0,0,0,0,118,0,0,0,0,0,0,0,0,0,0,0,0,0,0,0,0,0,0,0,0,0,0,0,0,0,0,0,0,0,0,0,0,0,0,0,0,0,0,0,0,0,0,0,0,0,0,0,0,0,170844,0,0,0,0,0,0,0,0,0,0,0,0,0/0/CPU0

2020-02-02 22:07:43.574000+00:00,leaf5,sg3,obt-collector1,0,0,0,5,14137,14137,5,16,0,0,0,363,0,0,0,27,0,0,1,15144,0,0,502,977,16,24,0,0,15095,0,0,0,0,0,29,0,0,0,0,0,0,0,0,0,0,0,0,0,0,0,0,38688464,0,0,0,0,0,0,0,0,0,0,27,2,0,70101,0,0,0,42611060,0,0,0,0,0,38622849,0,70101,0,0,0,0,0/RP0/CPU0

2020-02-02 22:07:53.576000+00:00,leaf5,sg3,obt-collector1,0,0,0,0,0,0,0,0,0,0,118,0,0,0,0,0,0,0,0,118,0,0,0,0,0,0,0,0,0,0,0,0,0,0,0,0,0,0,0,0,0,0,0,0,0,0,0,0,0,0,0,0,0,0,0,0,0,0,0,0,0,0,0,0,0,0,0,0,0,170844,0,0,0,0,0,0,0,0,0,0,0,0,0/0/CPU0

2020-02-02 22:07:53.578000+00:00,leaf5,sg3,obt-collector1,0,0,0,5,14137,14137,5,16,0,0,0,363,0,0,0,27,0,0,1,15144,0,0,502,977,16,24,0,0,15095,0,0,0,0,0,29,0,0,0,0,0,0,0,0,0,0,0,0,0,0,0,0,38688689,0,0,0,0,0,0,0,0,0,0,27,2,0,70102,0,0,0,42612231,0,0,0,0,0,38623073,0,70102,0,0,0,0,0/RP0/CPU0

2020-02-02 22:08:03.562000+00:00,leaf5,sg3,obt-collector1,0,0,0,0,0,0,0,0,0,0,118,0,0,0,0,0,0,0,0,118,0,0,0,0,0,0,0,0,0,0,0,0,0,0,0,0,0,0,0,0,0,0,0,0,0,0,0,0,0,0,0,0,0,0,0,0,0,0,0,0,0,0,0,0,0,0,0,0,0,170844,0,0,0,0,0,0,0,0,0,0,0,0,0/0/CPU0

2020-02-02 22:08:03.564000+00:00,leaf5,sg3,obt-collector1,0,0,0,5,14137,14137,5,16,0,0,0,363,0,0,0,27,0,0,1,15144,0,0,502,977,16,24,0,0,15095,0,0,0,0,0,29,0,0,0,0,0,0,0,0,0,0,0,0,0,0,0,0,38688916,0,0,0,0,0,0,0,0,0,0,27,2,0,70102,0,0,0,42613395,0,0,0,0,0,38623300,0,70102,0,0,0,0,0/RP0/CPU0

2020-02-02 22:08:13.561000+00:00,leaf5,sg3,obt-collector1,0,0,0,0,0,0,0,0,0,0,118,0,0,0,0,0,0,0,0,118,0,0,0,0,0,0,0,0,0,0,0,0,0,0,0,0,0,0,0,0,0,0,0,0,0,0,0,0,0,0,0,0,0,0,0,0,0,0,0,0,0,0,0,0,0,0,0,0,0,170844,0,0,0,0,0,0,0,0,0,0,0,0,0/0/CPU0

2020-02-02 22:08:13.563000+00:00,leaf5,sg3,obt-collector1,0,0,0,5,14137,14137,5,16,0,0,0,363,0,0,0,27,0,0,1,15144,0,0,502,977,16,24,0,0,15095,0,0,0,0,0,29,0,0,0,0,0,0,0,0,0,0,0,0,0,0,0,0,38689161,0,0,0,0,0,0,0,0,0,0,27,2,0,70102,0,0,0,42614576,0,0,0,0,0,38623545,0,70102,0,0,0,0,0/RP0/CPU0

2020-02-02 22:08:23.566000+00:00,leaf5,sg3,obt-collector1,0,0,0,0,0,0,0,0,0,0,118,0,0,0,0,0,0,0,0,118,0,0,0,0,0,0,0,0,0,0,0,0,0,0,0,0,0,0,0,0,0,0,0,0,0,0,0,0,0,0,0,0,0,0,0,0,0,0,0,0,0,0,0,0,0,0,0,0,0,170844,0,0,0,0,0,0,0,0,0,0,0,0,0/0/CPU0

2020-02-02 22:08:23.568000+00:00,leaf5,sg3,obt-collector1,0,0,0,5,14137,14137,5,16,0,0,0,363,0,0,0,27,0,0,1,15144,0,0,502,977,16,24,0,0,15095,0,0,0,0,0,29,0,0,0,0,0,0,0,0,0,0,0,0,0,0,0,0,38689373,0,0,0,0,0,0,0,0,0,0,27,2,0,70102,0,0,0,42615724,0,0,0,0,0,38623757,0,70102,0,0,0,0,0/RP0/CPU0

2020-02-02 22:08:33.572000+00:00,leaf5,sg3,obt-collector1,0,0,0,0,0,0,0,0,0,0,118,0,0,0,0,0,0,0,0,118,0,0,0,0,0,0,0,0,0,0,0,0,0,0,0,0,0,0,0,0,0,0,0,0,0,0,0,0,0,0,0,0,0,0,0,0,0,0,0,0,0,0,0,0,0,0,0,0,0,170844,0,0,0,0,0,0,0,0,0,0,0,0,0/0/CPU0

2020-02-02 22:08:33.574000+00:00,leaf5,sg3,obt-collector1,0,0,0,5,14137,14137,5,16,0,0,0,363,0,0,0,27,0,0,1,15144,0,0,502,977,16,24,0,0,15095,0,0,0,0,0,29,0,0,0,0,0,0,0,0,0,0,0,0,0,0,0,0,38689599,0,0,0,0,0,0,0,0,0,0,27,2,0,70102,0,0,0,42616876,0,0,0,0,0,38623983,0,70102,0,0,0,0,0/RP0/CPU0

2020-02-02 22:08:43.568000+00:00,leaf5,sg3,obt-collector1,0,0,0,0,0,0,0,0,0,0,118,0,0,0,0,0,0,0,0,118,0,0,0,0,0,0,0,0,0,0,0,0,0,0,0,0,0,0,0,0,0,0,0,0,0,0,0,0,0,0,0,0,0,0,0,0,0,0,0,0,0,0,0,0,0,0,0,0,0,170844,0,0,0,0,0,0,0,0,0,0,0,0,0/0/CPU0

2020-02-02 22:08:43.571000+00:00,leaf5,sg3,obt-collector1,0,0,0,5,14137,14137,5,16,0,0,0,363,0,0,0,27,0,0,1,15144,0,0,502,977,16,24,0,0,15095,0,0,0,0,0,29,0,0,0,0,0,0,0,0,0,0,0,0,0,0,0,0,38689846,0,0,0,0,0,0,0,0,0,0,27,2,0,70102,0,0,0,42618049,0,0,0,0,0,38624230,0,70102,0,0,0,0,0/RP0/CPU0

2020-02-02 22:08:53.595000+00:00,leaf5,sg3,obt-collector1,0,0,0,0,0,0,0,0,0,0,118,0,0,0,0,0,0,0,0,118,0,0,0,0,0,0,0,0,0,0,0,0,0,0,0,0,0,0,0,0,0,0,0,0,0,0,0,0,0,0,0,0,0,0,0,0,0,0,0,0,0,0,0,0,0,0,0,0,0,170844,0,0,0,0,0,0,0,0,0,0,0,0,0/0/CPU0

2020-02-02 22:08:53.597000+00:00,leaf5,sg3,obt-collector1,0,0,0,5,14138,14138,5,16,0,0,0,363,0,0,0,27,0,0,1,15145,0,0,502,977,16,24,0,0,15096,0,0,0,0,0,29,0,0,0,0,0,0,0,0,0,0,0,0,0,0,0,0,38690106,0,0,0,0,0,0,0,0,0,0,27,2,0,70103,0,0,0,42619222,0,0,0,0,0,38624489,0,70103,0,0,0,0,0/RP0/CPU0

2020-02-02 22:09:03.609000+00:00,leaf5,sg3,obt-collector1,0,0,0,0,0,0,0,0,0,0,118,0,0,0,0,0,0,0,0,118,0,0,0,0,0,0,0,0,0,0,0,0,0,0,0,0,0,0,0,0,0,0,0,0,0,0,0,0,0,0,0,0,0,0,0,0,0,0,0,0,0,0,0,0,0,0,0,0,0,170844,0,0,0,0,0,0,0,0,0,0,0,0,0/0/CPU0

2020-02-02 22:09:03.611000+00:00,leaf5,sg3,obt-collector1,0,0,0,5,14138,14138,5,16,0,0,0,363,0,0,0,27,0,0,1,15145,0,0,502,977,16,24,0,0,15096,0,0,0,0,0,29,0,0,0,0,0,0,0,0,0,0,0,0,0,0,0,0,38690345,0,0,0,0,0,0,0,0,0,0,27,2,0,70103,0,0,0,42620385,0,0,0,0,0,38624728,0,70103,0,0,0,0,0/RP0/CPU0

2020-02-02 22:09:13.583000+00:00,leaf5,sg3,obt-collector1,0,0,0,0,0,0,0,0,0,0,118,0,0,0,0,0,0,0,0,118,0,0,0,0,0,0,0,0,0,0,0,0,0,0,0,0,0,0,0,0,0,0,0,0,0,0,0,0,0,0,0,0,0,0,0,0,0,0,0,0,0,0,0,0,0,0,0,0,0,170844,0,0,0,0,0,0,0,0,0,0,0,0,0/0/CPU0

2020-02-02 22:09:13.588000+00:00,leaf5,sg3,obt-collector1,0,0,0,5,14138,14138,5,16,0,0,0,363,0,0,0,27,0,0,1,15145,0,0,502,977,16,24,0,0,15096,0,0,0,0,0,29,0,0,0,0,0,0,0,0,0,0,0,0,0,0,0,0,38690582,0,0,0,0,0,0,0,0,0,0,27,2,0,70103,0,0,0,42621540,0,0,0,0,0,38624965,0,70103,0,0,0,0,0/RP0/CPU0

2020-02-02 22:09:23.578000+00:00,leaf5,sg3,obt-collector1,0,0,0,0,0,0,0,0,0,0,118,0,0,0,0,0,0,0,0,118,0,0,0,0,0,0,0,0,0,0,0,0,0,0,0,0,0,0,0,0,0,0,0,0,0,0,0,0,0,0,0,0,0,0,0,0,0,0,0,0,0,0,0,0,0,0,0,0,0,170844,0,0,0,0,0,0,0,0,0,0,0,0,0/0/CPU0

2020-02-02 22:09:23.581000+00:00,leaf5,sg3,obt-collector1,0,0,0,5,14138,14138,5,16,0,0,0,363,0,0,0,27,0,0,1,15145,0,0,502,977,16,24,0,0,15096,0,0,0,0,0,29,0,0,0,0,0,0,0,0,0,0,0,0,0,0,0,0,38690817,0,0,0,0,0,0,0,0,0,0,27,2,0,70103,0,0,0,42622692,0,0,0,0,0,38625200,0,70103,0,0,0,0,0/RP0/CPU0

2020-02-02 22:09:33.566000+00:00,leaf5,sg3,obt-collector1,0,0,0,0,0,0,0,0,0,0,118,0,0,0,0,0,0,0,0,118,0,0,0,0,0,0,0,0,0,0,0,0,0,0,0,0,0,0,0,0,0,0,0,0,0,0,0,0,0,0,0,0,0,0,0,0,0,0,0,0,0,0,0,0,0,0,0,0,0,170844,0,0,0,0,0,0,0,0,0,0,0,0,0/0/CPU0

2020-02-02 22:09:33.570000+00:00,leaf5,sg3,obt-collector1,0,0,0,5,14138,14138,5,16,0,0,0,363,0,0,0,27,0,0,1,15145,0,0,502,977,16,24,0,0,15096,0,0,0,0,0,29,0,0,0,0,0,0,0,0,0,0,0,0,0,0,0,0,38691051,0,0,0,0,0,0,0,0,0,0,27,2,0,70103,0,0,0,42623845,0,0,0,0,0,38625434,0,70103,0,0,0,0,0/RP0/CPU0

2020-02-02 22:09:43.558000+00:00,leaf5,sg3,obt-collector1,0,0,0,0,0,0,0,0,0,0,118,0,0,0,0,0,0,0,0,118,0,0,0,0,0,0,0,0,0,0,0,0,0,0,0,0,0,0,0,0,0,0,0,0,0,0,0,0,0,0,0,0,0,0,0,0,0,0,0,0,0,0,0,0,0,0,0,0,0,170844,0,0,0,0,0,0,0,0,0,0,0,0,0/0/CPU0

2020-02-02 22:09:43.560000+00:00,leaf5,sg3,obt-collector1,0,0,0,5,14138,14138,5,16,0,0,0,363,0,0,0,27,0,0,1,15145,0,0,502,977,16,24,0,0,15096,0,0,0,0,0,29,0,0,0,0,0,0,0,0,0,0,0,0,0,0,0,0,38691309,0,0,0,0,0,0,0,0,0,0,27,2,0,70103,0,0,0,42625010,0,0,0,0,0,38625692,0,70103,0,0,0,0,0/RP0/CPU0

2020-02-02 22:09:53.560000+00:00,leaf5,sg3,obt-collector1,0,0,0,0,0,0,0,0,0,0,118,0,0,0,0,0,0,0,0,118,0,0,0,0,0,0,0,0,0,0,0,0,0,0,0,0,0,0,0,0,0,0,0,0,0,0,0,0,0,0,0,0,0,0,0,0,0,0,0,0,0,0,0,0,0,0,0,0,0,170844,0,0,0,0,0,0,0,0,0,0,0,0,0/0/CPU0

2020-02-02 22:09:53.563000+00:00,leaf5,sg3,obt-collector1,0,0,0,5,14138,14138,5,16,0,0,0,363,0,0,0,27,0,0,1,15145,0,0,502,977,16,24,0,0,15096,0,0,0,0,0,29,0,0,0,0,0,0,0,0,0,0,0,0,0,0,0,0,38691815,0,0,0,0,0,0,0,0,0,0,27,2,0,70104,0,0,0,42626480,0,0,0,0,0,38626198,0,70104,0,0,0,0,0/RP0/CPU0

2020-02-02 22:10:03.567000+00:00,leaf5,sg3,obt-collector1,0,0,0,0,0,0,0,0,0,0,118,0,0,0,0,0,0,0,0,118,0,0,0,0,0,0,0,0,0,0,0,0,0,0,0,0,0,0,0,0,0,0,0,0,0,0,0,0,0,0,0,0,0,0,0,0,0,0,0,0,0,0,0,0,0,0,0,0,0,170844,0,0,0,0,0,0,0,0,0,0,0,0,0/0/CPU0

2020-02-02 22:10:03.568000+00:00,leaf5,sg3,obt-collector1,0,0,0,5,14138,14138,5,16,0,0,0,363,0,0,0,27,0,0,1,15145,0,0,502,977,16,24,0,0,15096,0,0,0,0,0,29,0,0,0,0,0,0,0,0,0,0,0,0,0,0,0,0,38692143,0,0,0,0,0,0,0,0,0,0,27,2,0,70104,0,0,0,42627723,0,0,0,0,0,38626525,0,70104,0,0,0,0,0/RP0/CPU0

2020-02-02 22:10:13.564000+00:00,leaf5,sg3,obt-collector1,0,0,0,0,0,0,0,0,0,0,118,0,0,0,0,0,0,0,0,118,0,0,0,0,0,0,0,0,0,0,0,0,0,0,0,0,0,0,0,0,0,0,0,0,0,0,0,0,0,0,0,0,0,0,0,0,0,0,0,0,0,0,0,0,0,0,0,0,0,170844,0,0,0,0,0,0,0,0,0,0,0,0,0/0/CPU0

2020-02-02 22:10:13.567000+00:00,leaf5,sg3,obt-collector1,0,0,0,5,14138,14138,5,16,0,0,0,363,0,0,0,27,0,0,1,15145,0,0,502,977,16,24,0,0,15096,0,0,0,0,0,29,0,0,0,0,0,0,0,0,0,0,0,0,0,0,0,0,38692417,0,0,0,0,0,0,0,0,0,0,27,2,0,70104,0,0,0,42628904,0,0,0,0,0,38626799,0,70104,0,0,0,0,0/RP0/CPU0

2020-02-02 22:10:23.554000+00:00,leaf5,sg3,obt-collector1,0,0,0,0,0,0,0,0,0,0,118,0,0,0,0,0,0,0,0,118,0,0,0,0,0,0,0,0,0,0,0,0,0,0,0,0,0,0,0,0,0,0,0,0,0,0,0,0,0,0,0,0,0,0,0,0,0,0,0,0,0,0,0,0,0,0,0,0,0,170844,0,0,0,0,0,0,0,0,0,0,0,0,0/0/CPU0

2020-02-02 22:10:23.556000+00:00,leaf5,sg3,obt-collector1,0,0,0,5,14138,14138,5,16,0,0,0,363,0,0,0,27,0,0,1,15145,0,0,502,977,16,24,0,0,15096,0,0,0,0,0,29,0,0,0,0,0,0,0,0,0,0,0,0,0,0,0,0,38692652,0,0,0,0,0,0,0,0,0,0,27,2,0,70104,0,0,0,42630053,0,0,0,0,0,38627034,0,70104,0,0,0,0,0/RP0/CPU0

2020-02-02 22:10:33.553000+00:00,leaf5,sg3,obt-collector1,0,0,0,0,0,0,0,0,0,0,118,0,0,0,0,0,0,0,0,118,0,0,0,0,0,0,0,0,0,0,0,0,0,0,0,0,0,0,0,0,0,0,0,0,0,0,0,0,0,0,0,0,0,0,0,0,0,0,0,0,0,0,0,0,0,0,0,0,0,170844,0,0,0,0,0,0,0,0,0,0,0,0,0/0/CPU0

2020-02-02 22:10:33.557000+00:00,leaf5,sg3,obt-collector1,0,0,0,5,14138,14138,5,16,0,0,0,363,0,0,0,27,0,0,1,15145,0,0,502,977,16,24,0,0,15096,0,0,0,0,0,29,0,0,0,0,0,0,0,0,0,0,0,0,0,0,0,0,38692897,0,0,0,0,0,0,0,0,0,0,27,2,0,70104,0,0,0,42631208,0,0,0,0,0,38627279,0,70104,0,0,0,0,0/RP0/CPU0

2020-02-02 22:10:43.562000+00:00,leaf5,sg3,obt-collector1,0,0,0,0,0,0,0,0,0,0,118,0,0,0,0,0,0,0,0,118,0,0,0,0,0,0,0,0,0,0,0,0,0,0,0,0,0,0,0,0,0,0,0,0,0,0,0,0,0,0,0,0,0,0,0,0,0,0,0,0,0,0,0,0,0,0,0,0,0,170844,0,0,0,0,0,0,0,0,0,0,0,0,0/0/CPU0

2020-02-02 22:10:43.564000+00:00,leaf5,sg3,obt-collector1,0,0,0,5,14138,14138,5,16,0,0,0,363,0,0,0,27,0,0,1,15145,0,0,502,977,16,24,0,0,15096,0,0,0,0,0,29,0,0,0,0,0,0,0,0,0,0,0,0,0,0,0,0,38693152,0,0,0,0,0,0,0,0,0,0,27,2,0,70104,0,0,0,42632377,0,0,0,0,0,38627534,0,70104,0,0,0,0,0/RP0/CPU0

2020-02-02 22:10:53.595000+00:00,leaf5,sg3,obt-collector1,0,0,0,0,0,0,0,0,0,0,118,0,0,0,0,0,0,0,0,118,0,0,0,0,0,0,0,0,0,0,0,0,0,0,0,0,0,0,0,0,0,0,0,0,0,0,0,0,0,0,0,0,0,0,0,0,0,0,0,0,0,0,0,0,0,0,0,0,0,170844,0,0,0,0,0,0,0,0,0,0,0,0,0/0/CPU0

2020-02-02 22:10:53.597000+00:00,leaf5,sg3,obt-collector1,0,0,0,5,14138,14138,5,16,0,0,0,363,0,0,0,27,0,0,1,15145,0,0,502,977,16,24,0,0,15096,0,0,0,0,0,29,0,0,0,0,0,0,0,0,0,0,0,0,0,0,0,0,38693400,0,0,0,0,0,0,0,0,0,0,27,2,0,70105,0,0,0,42633527,0,0,0,0,0,38627782,0,70105,0,0,0,0,0/RP0/CPU0

2020-02-02 22:11:03.568000+00:00,leaf5,sg3,obt-collector1,0,0,0,0,0,0,0,0,0,0,118,0,0,0,0,0,0,0,0,118,0,0,0,0,0,0,0,0,0,0,0,0,0,0,0,0,0,0,0,0,0,0,0,0,0,0,0,0,0,0,0,0,0,0,0,0,0,0,0,0,0,0,0,0,0,0,0,0,0,170844,0,0,0,0,0,0,0,0,0,0,0,0,0/0/CPU0

2020-02-02 22:11:03.570000+00:00,leaf5,sg3,obt-collector1,0,0,0,5,14138,14138,5,16,0,0,0,363,0,0,0,27,0,0,1,15145,0,0,502,977,16,24,0,0,15096,0,0,0,0,0,29,0,0,0,0,0,0,0,0,0,0,0,0,0,0,0,0,38693650,0,0,0,0,0,0,0,0,0,0,27,2,0,70105,0,0,0,42634677,0,0,0,0,0,38628031,0,70105,0,0,0,0,0/RP0/CPU0

2020-02-02 22:11:13.583000+00:00,leaf5,sg3,obt-collector1,0,0,0,0,0,0,0,0,0,0,118,0,0,0,0,0,0,0,0,118,0,0,0,0,0,0,0,0,0,0,0,0,0,0,0,0,0,0,0,0,0,0,0,0,0,0,0,0,0,0,0,0,0,0,0,0,0,0,0,0,0,0,0,0,0,0,0,0,0,170844,0,0,0,0,0,0,0,0,0,0,0,0,0/0/CPU0

2020-02-02 22:11:13.585000+00:00,leaf5,sg3,obt-collector1,0,0,0,5,14138,14138,5,16,0,0,0,363,0,0,0,27,0,0,1,15145,0,0,502,977,16,24,0,0,15096,0,0,0,0,0,29,0,0,0,0,0,0,0,0,0,0,0,0,0,0,0,0,38693926,0,0,0,0,0,0,0,0,0,0,27,2,0,70105,0,0,0,42635852,0,0,0,0,0,38628307,0,70105,0,0,0,0,0/RP0/CPU0

2020-02-02 22:11:23.595000+00:00,leaf5,sg3,obt-collector1,0,0,0,0,0,0,0,0,0,0,118,0,0,0,0,0,0,0,0,118,0,0,0,0,0,0,0,0,0,0,0,0,0,0,0,0,0,0,0,0,0,0,0,0,0,0,0,0,0,0,0,0,0,0,0,0,0,0,0,0,0,0,0,0,0,0,0,0,0,170844,0,0,0,0,0,0,0,0,0,0,0,0,0/0/CPU0

2020-02-02 22:11:23.597000+00:00,leaf5,sg3,obt-collector1,0,0,0,5,14138,14138,5,16,0,0,0,363,0,0,0,27,0,0,1,15145,0,0,502,977,16,24,0,0,15096,0,0,0,0,0,29,0,0,0,0,0,0,0,0,0,0,0,0,0,0,0,0,38694166,0,0,0,0,0,0,0,0,0,0,27,2,0,70105,0,0,0,42636992,0,0,0,0,0,38628547,0,70105,0,0,0,0,0/RP0/CPU0

2020-02-02 22:11:33.591000+00:00,leaf5,sg3,obt-collector1,0,0,0,0,0,0,0,0,0,0,118,0,0,0,0,0,0,0,0,118,0,0,0,0,0,0,0,0,0,0,0,0,0,0,0,0,0,0,0,0,0,0,0,0,0,0,0,0,0,0,0,0,0,0,0,0,0,0,0,0,0,0,0,0,0,0,0,0,0,170844,0,0,0,0,0,0,0,0,0,0,0,0,0/0/CPU0

2020-02-02 22:11:33.594000+00:00,leaf5,sg3,obt-collector1,0,0,0,5,14138,14138,5,16,0,0,0,363,0,0,0,27,0,0,1,15145,0,0,502,977,16,24,0,0,15096,0,0,0,0,0,29,0,0,0,0,0,0,0,0,0,0,0,0,0,0,0,0,38694370,0,0,0,0,0,0,0,0,0,0,27,2,0,70105,0,0,0,42638143,0,0,0,0,0,38628751,0,70105,0,0,0,0,0/RP0/CPU0

2020-02-02 22:11:43.582000+00:00,leaf5,sg3,obt-collector1,0,0,0,0,0,0,0,0,0,0,118,0,0,0,0,0,0,0,0,118,0,0,0,0,0,0,0,0,0,0,0,0,0,0,0,0,0,0,0,0,0,0,0,0,0,0,0,0,0,0,0,0,0,0,0,0,0,0,0,0,0,0,0,0,0,0,0,0,0,170844,0,0,0,0,0,0,0,0,0,0,0,0,0/0/CPU0

2020-02-02 22:11:43.584000+00:00,leaf5,sg3,obt-collector1,0,0,0,5,14138,14138,5,16,0,0,0,363,0,0,0,27,0,0,1,15145,0,0,502,977,16,24,0,0,15096,0,0,0,0,0,29,0,0,0,0,0,0,0,0,0,0,0,0,0,0,0,0,38694547,0,0,0,0,0,0,0,0,0,0,27,2,0,70105,0,0,0,42639223,0,0,0,0,0,38628928,0,70105,0,0,0,0,0/RP0/CPU0

2020-02-02 22:11:53.581000+00:00,leaf5,sg3,obt-collector1,0,0,0,0,0,0,0,0,0,0,118,0,0,0,0,0,0,0,0,118,0,0,0,0,0,0,0,0,0,0,0,0,0,0,0,0,0,0,0,0,0,0,0,0,0,0,0,0,0,0,0,0,0,0,0,0,0,0,0,0,0,0,0,0,0,0,0,0,0,170844,0,0,0,0,0,0,0,0,0,0,0,0,0/0/CPU0

2020-02-02 22:11:53.583000+00:00,leaf5,sg3,obt-collector1,0,0,0,5,14138,14138,5,16,0,0,0,363,0,0,0,27,0,0,1,15145,0,0,502,977,16,24,0,0,15096,0,0,0,0,0,29,0,0,0,0,0,0,0,0,0,0,0,0,0,0,0,0,38694698,0,0,0,0,0,0,0,0,0,0,27,2,0,70106,0,0,0,42640265,0,0,0,0,0,38629079,0,70106,0,0,0,0,0/RP0/CPU0

2020-02-02 22:12:03.592000+00:00,leaf5,sg3,obt-collector1,0,0,0,0,0,0,0,0,0,0,118,0,0,0,0,0,0,0,0,118,0,0,0,0,0,0,0,0,0,0,0,0,0,0,0,0,0,0,0,0,0,0,0,0,0,0,0,0,0,0,0,0,0,0,0,0,0,0,0,0,0,0,0,0,0,0,0,0,0,170844,0,0,0,0,0,0,0,0,0,0,0,0,0/0/CPU0

2020-02-02 22:12:03.594000+00:00,leaf5,sg3,obt-collector1,0,0,0,5,14138,14138,5,16,0,0,0,363,0,0,0,27,0,0,1,15145,0,0,502,977,16,24,0,0,15096,0,0,0,0,0,29,0,0,0,0,0,0,0,0,0,0,0,0,0,0,0,0,38694892,0,0,0,0,0,0,0,0,0,0,27,2,0,70106,0,0,0,42641403,0,0,0,0,0,38629272,0,70106,0,0,0,0,0/RP0/CPU0

2020-02-02 22:12:13.577000+00:00,leaf5,sg3,obt-collector1,0,0,0,0,0,0,0,0,0,0,118,0,0,0,0,0,0,0,0,118,0,0,0,0,0,0,0,0,0,0,0,0,0,0,0,0,0,0,0,0,0,0,0,0,0,0,0,0,0,0,0,0,0,0,0,0,0,0,0,0,0,0,0,0,0,0,0,0,0,170844,0,0,0,0,0,0,0,0,0,0,0,0,0/0/CPU0

2020-02-02 22:12:13.580000+00:00,leaf5,sg3,obt-collector1,0,0,0,5,14138,14138,5,16,0,0,0,363,0,0,0,27,0,0,1,15145,0,0,502,977,16,24,0,0,15096,0,0,0,0,0,29,0,0,0,0,0,0,0,0,0,0,0,0,0,0,0,0,38695112,0,0,0,0,0,0,0,0,0,0,27,2,0,70106,0,0,0,42642562,0,0,0,0,0,38629492,0,70106,0,0,0,0,0/RP0/CPU0

2020-02-02 22:12:23.608000+00:00,leaf5,sg3,obt-collector1,0,0,0,0,0,0,0,0,0,0,118,0,0,0,0,0,0,0,0,118,0,0,0,0,0,0,0,0,0,0,0,0,0,0,0,0,0,0,0,0,0,0,0,0,0,0,0,0,0,0,0,0,0,0,0,0,0,0,0,0,0,0,0,0,0,0,0,0,0,170844,0,0,0,0,0,0,0,0,0,0,0,0,0/0/CPU0

2020-02-02 22:12:23.611000+00:00,leaf5,sg3,obt-collector1,0,0,0,5,14138,14138,5,16,0,0,0,363,0,0,0,27,0,0,1,15145,0,0,502,977,16,24,0,0,15096,0,0,0,0,0,29,0,0,0,0,0,0,0,0,0,0,0,0,0,0,0,0,38695317,0,0,0,0,0,0,0,0,0,0,27,2,0,70106,0,0,0,42643712,0,0,0,0,0,38629697,0,70106,0,0,0,0,0/RP0/CPU0

2020-02-02 22:12:33.578000+00:00,leaf5,sg3,obt-collector1,0,0,0,0,0,0,0,0,0,0,118,0,0,0,0,0,0,0,0,118,0,0,0,0,0,0,0,0,0,0,0,0,0,0,0,0,0,0,0,0,0,0,0,0,0,0,0,0,0,0,0,0,0,0,0,0,0,0,0,0,0,0,0,0,0,0,0,0,0,170844,0,0,0,0,0,0,0,0,0,0,0,0,0/0/CPU0

2020-02-02 22:12:33.581000+00:00,leaf5,sg3,obt-collector1,0,0,0,5,14138,14138,5,16,0,0,0,363,0,0,0,27,0,0,1,15145,0,0,502,977,16,24,0,0,15096,0,0,0,0,0,29,0,0,0,0,0,0,0,0,0,0,0,0,0,0,0,0,38695526,0,0,0,0,0,0,0,0,0,0,27,2,0,70106,0,0,0,42644855,0,0,0,0,0,38629906,0,70106,0,0,0,0,0/RP0/CPU0

2020-02-02 22:12:43.570000+00:00,leaf5,sg3,obt-collector1,0,0,0,0,0,0,0,0,0,0,118,0,0,0,0,0,0,0,0,118,0,0,0,0,0,0,0,0,0,0,0,0,0,0,0,0,0,0,0,0,0,0,0,0,0,0,0,0,0,0,0,0,0,0,0,0,0,0,0,0,0,0,0,0,0,0,0,0,0,170844,0,0,0,0,0,0,0,0,0,0,0,0,0/0/CPU0

2020-02-02 22:12:43.572000+00:00,leaf5,sg3,obt-collector1,0,0,0,5,14138,14138,5,16,0,0,0,363,0,0,0,27,0,0,1,15145,0,0,502,977,16,24,0,0,15096,0,0,0,0,0,29,0,0,0,0,0,0,0,0,0,0,0,0,0,0,0,0,38695738,0,0,0,0,0,0,0,0,0,0,27,2,0,70106,0,0,0,42646005,0,0,0,0,0,38630118,0,70106,0,0,0,0,0/RP0/CPU0

2020-02-02 22:12:53.574000+00:00,leaf5,sg3,obt-collector1,0,0,0,0,0,0,0,0,0,0,118,0,0,0,0,0,0,0,0,118,0,0,0,0,0,0,0,0,0,0,0,0,0,0,0,0,0,0,0,0,0,0,0,0,0,0,0,0,0,0,0,0,0,0,0,0,0,0,0,0,0,0,0,0,0,0,0,0,0,170844,0,0,0,0,0,0,0,0,0,0,0,0,0/0/CPU0

2020-02-02 22:12:53.576000+00:00,leaf5,sg3,obt-collector1,0,0,0,5,14138,14138,5,16,0,0,0,363,0,0,0,27,0,0,1,15145,0,0,502,977,16,24,0,0,15096,0,0,0,0,0,29,0,0,0,0,0,0,0,0,0,0,0,0,0,0,0,0,38695961,0,0,0,0,0,0,0,0,0,0,27,2,0,70107,0,0,0,42647165,0,0,0,0,0,38630341,0,70107,0,0,0,0,0/RP0/CPU0

2020-02-02 22:13:03.601000+00:00,leaf5,sg3,obt-collector1,0,0,0,0,0,0,0,0,0,0,118,0,0,0,0,0,0,0,0,118,0,0,0,0,0,0,0,0,0,0,0,0,0,0,0,0,0,0,0,0,0,0,0,0,0,0,0,0,0,0,0,0,0,0,0,0,0,0,0,0,0,0,0,0,0,0,0,0,0,170844,0,0,0,0,0,0,0,0,0,0,0,0,0/0/CPU0

2020-02-02 22:13:03.606000+00:00,leaf5,sg3,obt-collector1,0,0,0,5,14138,14138,5,16,0,0,0,363,0,0,0,27,0,0,1,15145,0,0,502,977,16,24,0,0,15096,0,0,0,0,0,29,0,0,0,0,0,0,0,0,0,0,0,0,0,0,0,0,38696170,0,0,0,0,0,0,0,0,0,0,27,2,0,70107,0,0,0,42648292,0,0,0,0,0,38630550,0,70107,0,0,0,0,0/RP0/CPU0

2020-02-02 22:13:13.562000+00:00,leaf5,sg3,obt-collector1,0,0,0,0,0,0,0,0,0,0,118,0,0,0,0,0,0,0,0,118,0,0,0,0,0,0,0,0,0,0,0,0,0,0,0,0,0,0,0,0,0,0,0,0,0,0,0,0,0,0,0,0,0,0,0,0,0,0,0,0,0,0,0,0,0,0,0,0,0,170844,0,0,0,0,0,0,0,0,0,0,0,0,0/0/CPU0

2020-02-02 22:13:13.565000+00:00,leaf5,sg3,obt-collector1,0,0,0,5,14138,14138,5,16,0,0,0,363,0,0,0,27,0,0,1,15145,0,0,502,977,16,24,0,0,15096,0,0,0,0,0,29,0,0,0,0,0,0,0,0,0,0,0,0,0,0,0,0,38696384,0,0,0,0,0,0,0,0,0,0,27,2,0,70107,0,0,0,42649441,0,0,0,0,0,38630763,0,70107,0,0,0,0,0/RP0/CPU0

2020-02-02 22:13:23.576000+00:00,leaf5,sg3,obt-collector1,0,0,0,0,0,0,0,0,0,0,118,0,0,0,0,0,0,0,0,118,0,0,0,0,0,0,0,0,0,0,0,0,0,0,0,0,0,0,0,0,0,0,0,0,0,0,0,0,0,0,0,0,0,0,0,0,0,0,0,0,0,0,0,0,0,0,0,0,0,170844,0,0,0,0,0,0,0,0,0,0,0,0,0/0/CPU0

2020-02-02 22:13:23.578000+00:00,leaf5,sg3,obt-collector1,0,0,0,5,14138,14138,5,16,0,0,0,363,0,0,0,27,0,0,1,15145,0,0,502,977,16,24,0,0,15096,0,0,0,0,0,29,0,0,0,0,0,0,0,0,0,0,0,0,0,0,0,0,38696601,0,0,0,0,0,0,0,0,0,0,27,2,0,70107,0,0,0,42650594,0,0,0,0,0,38630980,0,70107,0,0,0,0,0/RP0/CPU0

2020-02-02 22:13:33.592000+00:00,leaf5,sg3,obt-collector1,0,0,0,0,0,0,0,0,0,0,118,0,0,0,0,0,0,0,0,118,0,0,0,0,0,0,0,0,0,0,0,0,0,0,0,0,0,0,0,0,0,0,0,0,0,0,0,0,0,0,0,0,0,0,0,0,0,0,0,0,0,0,0,0,0,0,0,0,0,170844,0,0,0,0,0,0,0,0,0,0,0,0,0/0/CPU0

2020-02-02 22:13:33.594000+00:00,leaf5,sg3,obt-collector1,0,0,0,5,14138,14138,5,16,0,0,0,363,0,0,0,27,0,0,1,15145,0,0,502,977,16,24,0,0,15096,0,0,0,0,0,29,0,0,0,0,0,0,0,0,0,0,0,0,0,0,0,0,38696817,0,0,0,0,0,0,0,0,0,0,27,2,0,70107,0,0,0,42651743,0,0,0,0,0,38631196,0,70107,0,0,0,0,0/RP0/CPU0

2020-02-02 22:13:43.570000+00:00,leaf5,sg3,obt-collector1,0,0,0,0,0,0,0,0,0,0,118,0,0,0,0,0,0,0,0,118,0,0,0,0,0,0,0,0,0,0,0,0,0,0,0,0,0,0,0,0,0,0,0,0,0,0,0,0,0,0,0,0,0,0,0,0,0,0,0,0,0,0,0,0,0,0,0,0,0,170844,0,0,0,0,0,0,0,0,0,0,0,0,0/0/CPU0

2020-02-02 22:13:43.572000+00:00,leaf5,sg3,obt-collector1,0,0,0,5,14138,14138,5,16,0,0,0,363,0,0,0,27,0,0,1,15145,0,0,502,977,16,24,0,0,15096,0,0,0,0,0,29,0,0,0,0,0,0,0,0,0,0,0,0,0,0,0,0,38697038,0,0,0,0,0,0,0,0,0,0,27,2,0,70107,0,0,0,42652894,0,0,0,0,0,38631417,0,70107,0,0,0,0,0/RP0/CPU0

