,Producer,name,value

2020-02-02 21:59:14.008999936+00:00,leaf5,non-traffic related features,event_id: 468\n[]

2020-02-02 21:59:14.008999936+00:00,leaf5,traffic related features,"event_id: 468\n[{'interface-name=HundredGigE0/0/0/31': {'aux_score': 0.10548738730059753,\n                                         'base': 3,\n                                         'cum_score': 6279267094.625,\n                                         'encoding-path': {'Cisco-IOS-XR-infra-statsd-oper:infra-statistics/interfaces/interface/latest/generic-counters',\n                                                           'Cisco-IOS-XR-infra-statsd-oper:infra-statistics/interfaces/interface/latest/interfaces-mib-counters',\n                                                           'Cisco-IOS-XR-pfi-im-cmd-oper:interfaces/interface-xr/interface'},\n                                         'leafs': {'bytes-received'}}},\n {'interface-name=HundredGigE0/0/0/30': {'aux_score': 0.10234857111364366,\n                                         'base': 3,\n                                         'cum_score': 6099622426.125,\n                                         'encoding-path': {'Cisco-IOS-XR-infra-statsd-oper:infra-statistics/interfaces/interface/latest/generic-counters',\n                                                           'Cisco-IOS-XR-infra-statsd-oper:infra-statistics/interfaces/interface/latest/interfaces-mib-counters',\n                                                           'Cisco-IOS-XR-pfi-im-cmd-oper:interfaces/interface-xr/interface'},\n                                         'leafs': {'bytes-received'}}},\n {'interface-name=HundredGigE0/0/0/1': {'aux_score': 0.11937007209736439,\n                                        'base': 3,\n                                        'cum_score': 1489676085.25,\n                                        'encoding-path': {'Cisco-IOS-XR-infra-statsd-oper:infra-statistics/interfaces/interface/latest/generic-counters',\n                                                          'Cisco-IOS-XR-infra-statsd-oper:infra-statistics/interfaces/interface/latest/interfaces-mib-counters',\n                                                          'Cisco-IOS-XR-pfi-im-cmd-oper:interfaces/interface-xr/interface'},\n                                        'leafs': {'bytes-received'}}}]"

2020-02-02 22:07:34.031000064+00:00,leaf5,quick hint,"event_id: 469\n[{'Cisco-IOS-XR-infra-statsd-oper:infra-statistics/interfaces/interface/latest/interfaces-mib-counters[interface-name=HundredGigE0/0/0/0]bytes-received': 0.9612083883372509},\n {'Cisco-IOS-XR-pfi-im-cmd-oper:interfaces/interface-xr/interface[interface-name=HundredGigE0/0/0/0]bytes-received': 0.9608802632447517},\n {'Cisco-IOS-XR-infra-statsd-oper:infra-statistics/interfaces/interface/latest/generic-counters[interface-name=HundredGigE0/0/0/0]bytes-received': 0.9340315910538841},\n {'Cisco-IOS-XR-infra-statsd-oper:infra-statistics/interfaces/interface/latest/interfaces-mib-counters[interface-name=HundredGigE0/0/0/5]bytes-received': 0.9118449802407325},\n {'Cisco-IOS-XR-pfi-im-cmd-oper:interfaces/interface-xr/interface[interface-name=HundredGigE0/0/0/5]bytes-received': 0.9113160865432057},\n {'Cisco-IOS-XR-infra-statsd-oper:infra-statistics/interfaces/interface/latest/interfaces-mib-counters[interface-name=HundredGigE0/0/0/6]bytes-received': 0.8908014680736569}]"

2020-02-02 22:09:34.024000+00:00,leaf5,non-traffic related features,"event_id: 469\n[{'num-routes': {'base': 15,\n                 'cum_score': 14.656594818826534,\n                 'encoding-path': 'openconfig-rib-bgp:bgp-rib/afi-safis/afi-safi/ipv4-unicast/neighbors/neighbor',\n                 'key-values': {'neighbor-address=172.31.11.32',\n                                'neighbor-address=172.31.13.32',\n                                'neighbor-address=172.31.13.34',\n                                'neighbor-address=172.31.13.36',\n                                'neighbor-address=172.31.13.38',\n                                'neighbor-address=172.31.25.1',\n                                'neighbor-address=172.31.25.3'}}},\n {'instance-name=default': {'base': 8,\n                            'cum_score': 7.560343149069387,\n                            'encoding-path': 'Cisco-IOS-XR-ipv4-bgp-oper:bgp/instances/instance/instance-active/default-vrf/process-info',\n                            'leafs': {'as-path-entries-memory',\n                                      'as-path-entry-count',\n                                      'entry',\n                                      'path-attribute-memory',\n                                      'path-attributes-entry-count',\n                                      'path-count'}}},\n {'instance-name=default af-name=ipv6-unicast': {'base': 13,\n                                                 'cum_score': 12.178571428571429,\n                                                 'encoding-path': 'Cisco-IOS-XR-ipv4-bgp-oper:bgp/instances/instance/instance-active/default-vrf/afs/af/af-process-info',\n                                                 'leafs': {'local-path-memory',\n                                                           'local-paths',\n                                                           'local-paths-malloced-num',\n                                                           'local-paths-memory',\n                                                           'local-paths-num',\n                                                           'malloced-path-count',\n                                                           'multipath-paths-count',\n                                                           'multipath-paths-memory',\n                                                           'path-memory',\n                                                           'paths-count',\n                                                           'paths-malloced-num',\n                                                           'paths-memory',\n                                                           'paths-num'}}},\n {'instance-name=default af-name=ipv4-unicast': {'base': 10,\n                                                 'cum_score': 9.155417527999328,\n                                                 'encoding-path': 'Cisco-IOS-XR-ipv4-bgp-oper:bgp/instances/instance/instance-active/default-vrf/afs/af/af-process-info',\n                                                 'leafs': {'local-path-memory',\n                                                           'local-paths',\n                                                           'local-paths-memory',\n                                                           'local-paths-num',\n                                                           'multipath-paths-count',\n                                                           'multipath-paths-memory',\n                                                           'path-memory',\n                                                           'paths-count',\n                                                           'paths-memory',\n                                                           'paths-num'}}},\n {'instance-name=default af-name=ipv4-labeled-unicast': {'base': 10,\n                                                         'cum_score': 9.155417527999328,\n                                                         'encoding-path': 'Cisco-IOS-XR-ipv4-bgp-oper:bgp/instances/instance/instance-active/default-vrf/afs/af/af-process-info',\n                                                         'leafs': {'local-path-memory',\n                                                                   'local-paths',\n                                                                   'local-paths-memory',\n                                                                   'local-paths-num',\n                                                                   'multipath-paths-count',\n                                                                   'multipath-paths-memory',\n                                                                   'path-memory',\n                                                                   'paths-count',\n                                                                   'paths-memory',\n                                                                   'paths-num'}}},\n {'interface-name=HundredGigE0/0/0/28 destination-address=172.31.25.57 location=0/0/CPU0': {'base': 2,\n                                                                                            'cum_score': 1.8111530350467764,\n                                                                                            'encoding-path': 'Cisco-IOS-XR-ip-bfd-oper:bfd/session-details/session-detail',\n                                                                                            'leafs': {'hours',\n                                                                                                      'minutes'}}},\n {'interface-name=HundredGigE0/0/0/28 destination-address=172.31.25.57 location=0/0/CPU0': {'base': 2,\n                                                                                            'cum_score': 1.8111530350467764,\n                                                                                            'encoding-path': 'Cisco-IOS-XR-ip-bfd-oper:bfd/ipv4-single-hop-session-details/ipv4-single-hop-session-detail',\n                                                                                            'leafs': {'hours',\n                                                                                                      'minutes'}}}]"

2020-02-02 22:09:34.024000+00:00,leaf5,traffic related features,"event_id: 469\n[{'interface-name=HundredGigE0/0/0/0': {'aux_score': 0.4056606021850756,\n                                        'base': 3,\n                                        'cum_score': 21667266508.0,\n                                        'encoding-path': {'Cisco-IOS-XR-infra-statsd-oper:infra-statistics/interfaces/interface/latest/generic-counters',\n                                                          'Cisco-IOS-XR-infra-statsd-oper:infra-statistics/interfaces/interface/latest/interfaces-mib-counters',\n                                                          'Cisco-IOS-XR-pfi-im-cmd-oper:interfaces/interface-xr/interface'},\n                                        'leafs': {'bytes-received'}}},\n {'interface-name=HundredGigE0/0/0/31': {'aux_score': 0.18483158132683605,\n                                         'base': 3,\n                                         'cum_score': 11388908988.875,\n                                         'encoding-path': {'Cisco-IOS-XR-infra-statsd-oper:infra-statistics/interfaces/interface/latest/generic-counters',\n                                                           'Cisco-IOS-XR-infra-statsd-oper:infra-statistics/interfaces/interface/latest/interfaces-mib-counters',\n                                                           'Cisco-IOS-XR-pfi-im-cmd-oper:interfaces/interface-xr/interface'},\n                                         'leafs': {'bytes-received'}}},\n {'interface-name=HundredGigE0/0/0/30': {'aux_score': 0.17223615844253573,\n                                         'base': 3,\n                                         'cum_score': 10501220413.875,\n                                         'encoding-path': {'Cisco-IOS-XR-infra-statsd-oper:infra-statistics/interfaces/interface/latest/generic-counters',\n                                                           'Cisco-IOS-XR-infra-statsd-oper:infra-statistics/interfaces/interface/latest/interfaces-mib-counters',\n                                                           'Cisco-IOS-XR-pfi-im-cmd-oper:interfaces/interface-xr/interface'},\n                                         'leafs': {'bytes-received'}}},\n {'interface-name=HundredGigE0/0/0/5': {'aux_score': 0.25975920464505936,\n                                        'base': 2,\n                                        'cum_score': 1958216102.625,\n                                        'encoding-path': {'Cisco-IOS-XR-infra-statsd-oper:infra-statistics/interfaces/interface/latest/interfaces-mib-counters',\n                                                          'Cisco-IOS-XR-pfi-im-cmd-oper:interfaces/interface-xr/interface'},\n                                        'leafs': {'bytes-sent'}}}]"

2020-02-02 22:09:44.023000064+00:00,leaf5,non-traffic related features,"event_id: 470\n[{'interface-name=HundredGigE0/0/0/28 destination-address=172.31.25.57 location=0/0/CPU0': {'base': 2,\n                                                                                            'cum_score': 1.9979330836929252,\n                                                                                            'encoding-path': 'Cisco-IOS-XR-ip-bfd-oper:bfd/session-details/session-detail',\n                                                                                            'leafs': {'hours',\n                                                                                                      'minutes'}}},\n {'interface-name=HundredGigE0/0/0/28 destination-address=172.31.25.57 location=0/0/CPU0': {'base': 2,\n                                                                                            'cum_score': 1.9979330836929252,\n                                                                                            'encoding-path': 'Cisco-IOS-XR-ip-bfd-oper:bfd/ipv4-single-hop-session-details/ipv4-single-hop-session-detail',\n                                                                                            'leafs': {'hours',\n                                                                                                      'minutes'}}},\n {'instance-name=default af-name=ipv6-unicast': {'base': 13,\n                                                 'cum_score': 11.8025760644283,\n                                                 'encoding-path': 'Cisco-IOS-XR-ipv4-bgp-oper:bgp/instances/instance/instance-active/default-vrf/afs/af/af-process-info',\n                                                 'leafs': {'local-path-memory',\n                                                           'local-paths',\n                                                           'local-paths-malloced-num',\n                                                           'local-paths-memory',\n                                                           'local-paths-num',\n                                                           'malloced-path-count',\n                                                           'multipath-paths-count',\n                                                           'multipath-paths-memory',\n                                                           'path-memory',\n                                                           'paths-count',\n                                                           'paths-malloced-num',\n                                                           'paths-memory',\n                                                           'paths-num'}}}]"

2020-02-02 22:09:44.023000064+00:00,leaf5,traffic related features,"event_id: 470\n[{'interface-name=HundredGigE0/0/0/0': {'aux_score': 0.39782648351868233,\n                                        'base': 3,\n                                        'cum_score': 21037281969.75,\n                                        'encoding-path': {'Cisco-IOS-XR-infra-statsd-oper:infra-statistics/interfaces/interface/latest/generic-counters',\n                                                          'Cisco-IOS-XR-infra-statsd-oper:infra-statistics/interfaces/interface/latest/interfaces-mib-counters',\n                                                          'Cisco-IOS-XR-pfi-im-cmd-oper:interfaces/interface-xr/interface'},\n                                        'leafs': {'bytes-received'}}},\n {'interface-name=HundredGigE0/0/0/31': {'aux_score': 0.18542436656719705,\n                                         'base': 3,\n                                         'cum_score': 11312510638.125,\n                                         'encoding-path': {'Cisco-IOS-XR-infra-statsd-oper:infra-statistics/interfaces/interface/latest/generic-counters',\n                                                           'Cisco-IOS-XR-infra-statsd-oper:infra-statistics/interfaces/interface/latest/interfaces-mib-counters',\n                                                           'Cisco-IOS-XR-pfi-im-cmd-oper:interfaces/interface-xr/interface'},\n                                         'leafs': {'bytes-received'}}},\n {'interface-name=HundredGigE0/0/0/30': {'aux_score': 0.17266800023272896,\n                                         'base': 3,\n                                         'cum_score': 10500328422.125,\n                                         'encoding-path': {'Cisco-IOS-XR-infra-statsd-oper:infra-statistics/interfaces/interface/latest/generic-counters',\n                                                           'Cisco-IOS-XR-infra-statsd-oper:infra-statistics/interfaces/interface/latest/interfaces-mib-counters',\n                                                           'Cisco-IOS-XR-pfi-im-cmd-oper:interfaces/interface-xr/interface'},\n                                         'leafs': {'bytes-received'}}},\n {'interface-name=HundredGigE0/0/0/5': {'aux_score': 0.2520454987454683,\n                                        'base': 2,\n                                        'cum_score': 1899111853.875,\n                                        'encoding-path': {'Cisco-IOS-XR-infra-statsd-oper:infra-statistics/interfaces/interface/latest/generic-counters',\n                                                          'Cisco-IOS-XR-pfi-im-cmd-oper:interfaces/interface-xr/interface'},\n                                        'leafs': {'bytes-sent'}}}]"

