,Producer,Target,host,node-name,npu-tcam/npu-id,npu-tcam/tcam-bank/bank-db/db-id,npu-tcam/tcam-bank/bank-db/db-inuse-entries,npu-tcam/tcam-bank/bank-db/db-prefix,npu-tcam/tcam-bank/bank-free-entries,npu-tcam/tcam-bank/bank-id,npu-tcam/tcam-bank/bank-inuse-entries,npu-tcam/tcam-bank/bank-key-size,npu-tcam/tcam-bank/nof-dbs,npu-tcam/tcam-bank/owner,npu-tcam/tcam-banks/bank-dbs/db-id,npu-tcam/tcam-banks/bank-dbs/db-inuse-entries,npu-tcam/tcam-banks/bank-dbs/db-prefix,npu-tcam/tcam-banks/bank-free-entries,npu-tcam/tcam-banks/bank-id,npu-tcam/tcam-banks/bank-inuse-entries,npu-tcam/tcam-banks/bank-key-size,npu-tcam/tcam-banks/nof-dbs,npu-tcam/tcam-banks/owner

2020-02-02 20:16:48.199000+00:00,leaf4,sg14,obt-collector1,0/0/CPU0,3,21,9,EGRESS_L3_QOS_MAP,128,15,0,160b,0,Free,,,,,,,,,

2020-02-02 20:16:58.356000+00:00,leaf4,sg14,obt-collector1,0/0/CPU0,3,21,9,EGRESS_L3_QOS_MAP,128,15,0,160b,0,Free,,,,,,,,,

2020-02-02 20:17:08.407000+00:00,leaf4,sg14,obt-collector1,0/0/CPU0,3,21,9,EGRESS_L3_QOS_MAP,128,15,0,160b,0,Free,,,,,,,,,

2020-02-02 20:17:18.283000+00:00,leaf4,sg14,obt-collector1,0/0/CPU0,3,21,9,EGRESS_L3_QOS_MAP,128,15,0,160b,0,Free,,,,,,,,,

2020-02-02 20:17:28.313000+00:00,leaf4,sg14,obt-collector1,0/0/CPU0,3,21,9,EGRESS_L3_QOS_MAP,128,15,0,160b,0,Free,,,,,,,,,

2020-02-02 20:17:38.248000+00:00,leaf4,sg14,obt-collector1,0/0/CPU0,3,21,9,EGRESS_L3_QOS_MAP,128,15,0,160b,0,Free,,,,,,,,,

2020-02-02 20:17:48.213000+00:00,leaf4,sg14,obt-collector1,0/0/CPU0,3,21,9,EGRESS_L3_QOS_MAP,128,15,0,160b,0,Free,,,,,,,,,

2020-02-02 20:17:58.213000+00:00,leaf4,sg14,obt-collector1,0/0/CPU0,3,21,9,EGRESS_L3_QOS_MAP,128,15,0,160b,0,Free,,,,,,,,,

2020-02-02 20:18:08.356000+00:00,leaf4,sg14,obt-collector1,0/0/CPU0,3,21,9,EGRESS_L3_QOS_MAP,128,15,0,160b,0,Free,,,,,,,,,

2020-02-02 20:18:18.225000+00:00,leaf4,sg14,obt-collector1,0/0/CPU0,3,21,9,EGRESS_L3_QOS_MAP,128,15,0,160b,0,Free,,,,,,,,,

2020-02-02 20:18:28.196000+00:00,leaf4,sg14,obt-collector1,0/0/CPU0,3,21,9,EGRESS_L3_QOS_MAP,128,15,0,160b,0,Free,,,,,,,,,

2020-02-02 20:18:38.260000+00:00,leaf4,sg14,obt-collector1,0/0/CPU0,3,21,9,EGRESS_L3_QOS_MAP,128,15,0,160b,0,Free,,,,,,,,,

2020-02-02 20:18:48.279000+00:00,leaf4,sg14,obt-collector1,0/0/CPU0,3,21,9,EGRESS_L3_QOS_MAP,128,15,0,160b,0,Free,,,,,,,,,

2020-02-02 20:18:58.336000+00:00,leaf4,sg14,obt-collector1,0/0/CPU0,3,21,9,EGRESS_L3_QOS_MAP,128,15,0,160b,0,Free,,,,,,,,,

2020-02-02 20:19:08.411000+00:00,leaf4,sg14,obt-collector1,0/0/CPU0,3,21,9,EGRESS_L3_QOS_MAP,128,15,0,160b,0,Free,,,,,,,,,

2020-02-02 20:19:18.235000+00:00,leaf4,sg14,obt-collector1,0/0/CPU0,3,21,9,EGRESS_L3_QOS_MAP,128,15,0,160b,0,Free,,,,,,,,,

2020-02-02 20:19:28.377000+00:00,leaf4,sg14,obt-collector1,0/0/CPU0,3,21,9,EGRESS_L3_QOS_MAP,128,15,0,160b,0,Free,,,,,,,,,

2020-02-02 20:19:38.365000+00:00,leaf4,sg14,obt-collector1,0/0/CPU0,3,21,9,EGRESS_L3_QOS_MAP,128,15,0,160b,0,Free,,,,,,,,,

2020-02-02 20:19:48.220000+00:00,leaf4,sg14,obt-collector1,0/0/CPU0,3,21,9,EGRESS_L3_QOS_MAP,128,15,0,160b,0,Free,,,,,,,,,

2020-02-02 20:19:58.233000+00:00,leaf4,sg14,obt-collector1,0/0/CPU0,3,21,9,EGRESS_L3_QOS_MAP,128,15,0,160b,0,Free,,,,,,,,,

2020-02-02 20:20:08.369000+00:00,leaf4,sg14,obt-collector1,0/0/CPU0,3,21,9,EGRESS_L3_QOS_MAP,128,15,0,160b,0,Free,,,,,,,,,

2020-02-02 20:20:18.324000+00:00,leaf4,sg14,obt-collector1,0/0/CPU0,3,21,9,EGRESS_L3_QOS_MAP,128,15,0,160b,0,Free,,,,,,,,,

2020-02-02 20:20:28.214000+00:00,leaf4,sg14,obt-collector1,0/0/CPU0,3,21,9,EGRESS_L3_QOS_MAP,128,15,0,160b,0,Free,,,,,,,,,

2020-02-02 20:20:38.261000+00:00,leaf4,sg14,obt-collector1,0/0/CPU0,3,21,9,EGRESS_L3_QOS_MAP,128,15,0,160b,0,Free,,,,,,,,,

2020-02-02 20:20:48.361000+00:00,leaf4,sg14,obt-collector1,0/0/CPU0,3,21,9,EGRESS_L3_QOS_MAP,128,15,0,160b,0,Free,,,,,,,,,

2020-02-02 20:20:58.210000+00:00,leaf4,sg14,obt-collector1,0/0/CPU0,3,21,9,EGRESS_L3_QOS_MAP,128,15,0,160b,0,Free,,,,,,,,,

2020-02-02 20:21:08.323000+00:00,leaf4,sg14,obt-collector1,0/0/CPU0,3,21,9,EGRESS_L3_QOS_MAP,128,15,0,160b,0,Free,,,,,,,,,

2020-02-02 20:21:18.211000+00:00,leaf4,sg14,obt-collector1,0/0/CPU0,3,21,9,EGRESS_L3_QOS_MAP,128,15,0,160b,0,Free,,,,,,,,,

2020-02-02 20:21:28.270000+00:00,leaf4,sg14,obt-collector1,0/0/CPU0,3,21,9,EGRESS_L3_QOS_MAP,128,15,0,160b,0,Free,,,,,,,,,

2020-02-02 20:21:38.276000+00:00,leaf4,sg14,obt-collector1,0/0/CPU0,3,21,9,EGRESS_L3_QOS_MAP,128,15,0,160b,0,Free,,,,,,,,,

2020-02-02 20:21:48.243000+00:00,leaf4,sg14,obt-collector1,0/0/CPU0,3,21,9,EGRESS_L3_QOS_MAP,128,15,0,160b,0,Free,,,,,,,,,

2020-02-02 20:21:58.236000+00:00,leaf4,sg14,obt-collector1,0/0/CPU0,3,21,9,EGRESS_L3_QOS_MAP,128,15,0,160b,0,Free,,,,,,,,,

2020-02-02 20:22:08.382000+00:00,leaf4,sg14,obt-collector1,0/0/CPU0,3,21,9,EGRESS_L3_QOS_MAP,128,15,0,160b,0,Free,,,,,,,,,

2020-02-02 20:22:18.388000+00:00,leaf4,sg14,obt-collector1,0/0/CPU0,3,21,9,EGRESS_L3_QOS_MAP,128,15,0,160b,0,Free,,,,,,,,,

2020-02-02 20:22:28.284000+00:00,leaf4,sg14,obt-collector1,0/0/CPU0,3,21,9,EGRESS_L3_QOS_MAP,128,15,0,160b,0,Free,,,,,,,,,

2020-02-02 20:22:38.297000+00:00,leaf4,sg14,obt-collector1,0/0/CPU0,3,21,9,EGRESS_L3_QOS_MAP,128,15,0,160b,0,Free,,,,,,,,,

2020-02-02 20:22:48.229000+00:00,leaf4,sg14,obt-collector1,0/0/CPU0,3,21,9,EGRESS_L3_QOS_MAP,128,15,0,160b,0,Free,,,,,,,,,

2020-02-02 20:22:58.220000+00:00,leaf4,sg14,obt-collector1,0/0/CPU0,3,21,9,EGRESS_L3_QOS_MAP,128,15,0,160b,0,Free,,,,,,,,,

2020-02-02 20:23:08.318000+00:00,leaf4,sg14,obt-collector1,0/0/CPU0,3,21,9,EGRESS_L3_QOS_MAP,128,15,0,160b,0,Free,,,,,,,,,

2020-02-02 20:23:18.249000+00:00,leaf4,sg14,obt-collector1,0/0/CPU0,3,21,9,EGRESS_L3_QOS_MAP,128,15,0,160b,0,Free,,,,,,,,,

2020-02-02 20:23:28.208000+00:00,leaf4,sg14,obt-collector1,0/0/CPU0,3,21,9,EGRESS_L3_QOS_MAP,128,15,0,160b,0,Free,,,,,,,,,

2020-02-02 20:23:38.292000+00:00,leaf4,sg14,obt-collector1,0/0/CPU0,3,21,9,EGRESS_L3_QOS_MAP,128,15,0,160b,0,Free,,,,,,,,,

2020-02-02 20:23:48.218000+00:00,leaf4,sg14,obt-collector1,0/0/CPU0,3,21,9,EGRESS_L3_QOS_MAP,128,15,0,160b,0,Free,,,,,,,,,

2020-02-02 20:23:58.306000+00:00,leaf4,sg14,obt-collector1,0/0/CPU0,3,21,9,EGRESS_L3_QOS_MAP,128,15,0,160b,0,Free,,,,,,,,,

2020-02-02 20:24:08.434000+00:00,leaf4,sg14,obt-collector1,0/0/CPU0,3,21,9,EGRESS_L3_QOS_MAP,128,15,0,160b,0,Free,,,,,,,,,

2020-02-02 20:24:18.271000+00:00,leaf4,sg14,obt-collector1,0/0/CPU0,3,21,9,EGRESS_L3_QOS_MAP,128,15,0,160b,0,Free,,,,,,,,,

2020-02-02 20:24:28.215000+00:00,leaf4,sg14,obt-collector1,0/0/CPU0,3,21,9,EGRESS_L3_QOS_MAP,128,15,0,160b,0,Free,,,,,,,,,

2020-02-02 20:24:38.276000+00:00,leaf4,sg14,obt-collector1,0/0/CPU0,3,21,9,EGRESS_L3_QOS_MAP,128,15,0,160b,0,Free,,,,,,,,,

2020-02-02 20:24:48.341000+00:00,leaf4,sg14,obt-collector1,0/0/CPU0,3,21,9,EGRESS_L3_QOS_MAP,128,15,0,160b,0,Free,,,,,,,,,

2020-02-02 20:24:58.237000+00:00,leaf4,sg14,obt-collector1,0/0/CPU0,3,21,9,EGRESS_L3_QOS_MAP,128,15,0,160b,0,Free,,,,,,,,,

2020-02-02 20:25:08.350000+00:00,leaf4,sg14,obt-collector1,0/0/CPU0,3,21,9,EGRESS_L3_QOS_MAP,128,15,0,160b,0,Free,,,,,,,,,

2020-02-02 20:25:18.233000+00:00,leaf4,sg14,obt-collector1,0/0/CPU0,3,21,9,EGRESS_L3_QOS_MAP,128,15,0,160b,0,Free,,,,,,,,,

2020-02-02 20:25:28.270000+00:00,leaf4,sg14,obt-collector1,0/0/CPU0,3,21,9,EGRESS_L3_QOS_MAP,128,15,0,160b,0,Free,,,,,,,,,

2020-02-02 20:25:38.392000+00:00,leaf4,sg14,obt-collector1,0/0/CPU0,3,21,9,EGRESS_L3_QOS_MAP,128,15,0,160b,0,Free,,,,,,,,,

2020-02-02 20:25:48.297000+00:00,leaf4,sg14,obt-collector1,0/0/CPU0,3,21,9,EGRESS_L3_QOS_MAP,128,15,0,160b,0,Free,,,,,,,,,

2020-02-02 20:25:58.369000+00:00,leaf4,sg14,obt-collector1,0/0/CPU0,3,21,9,EGRESS_L3_QOS_MAP,128,15,0,160b,0,Free,,,,,,,,,

2020-02-02 20:26:08.409000+00:00,leaf4,sg14,obt-collector1,0/0/CPU0,3,21,9,EGRESS_L3_QOS_MAP,128,15,0,160b,0,Free,,,,,,,,,

2020-02-02 20:26:18.250000+00:00,leaf4,sg14,obt-collector1,0/0/CPU0,3,21,9,EGRESS_L3_QOS_MAP,128,15,0,160b,0,Free,,,,,,,,,

2020-02-02 20:26:28.240000+00:00,leaf4,sg14,obt-collector1,0/0/CPU0,3,21,9,EGRESS_L3_QOS_MAP,128,15,0,160b,0,Free,,,,,,,,,

2020-02-02 20:26:38.297000+00:00,leaf4,sg14,obt-collector1,0/0/CPU0,3,21,9,EGRESS_L3_QOS_MAP,128,15,0,160b,0,Free,,,,,,,,,

2020-02-02 20:26:48.229000+00:00,leaf4,sg14,obt-collector1,0/0/CPU0,3,21,9,EGRESS_L3_QOS_MAP,128,15,0,160b,0,Free,,,,,,,,,

2020-02-02 20:26:58.252000+00:00,leaf4,sg14,obt-collector1,0/0/CPU0,3,21,9,EGRESS_L3_QOS_MAP,128,15,0,160b,0,Free,,,,,,,,,

2020-02-02 20:27:08.327000+00:00,leaf4,sg14,obt-collector1,0/0/CPU0,3,21,9,EGRESS_L3_QOS_MAP,128,15,0,160b,0,Free,,,,,,,,,

2020-02-02 20:27:18.277000+00:00,leaf4,sg14,obt-collector1,0/0/CPU0,3,21,9,EGRESS_L3_QOS_MAP,128,15,0,160b,0,Free,,,,,,,,,

2020-02-02 20:27:28.369000+00:00,leaf4,sg14,obt-collector1,0/0/CPU0,3,21,9,EGRESS_L3_QOS_MAP,128,15,0,160b,0,Free,,,,,,,,,

2020-02-02 20:27:38.312000+00:00,leaf4,sg14,obt-collector1,0/0/CPU0,3,21,9,EGRESS_L3_QOS_MAP,128,15,0,160b,0,Free,,,,,,,,,

2020-02-02 20:27:48.324000+00:00,leaf4,sg14,obt-collector1,0/0/CPU0,3,21,9,EGRESS_L3_QOS_MAP,128,15,0,160b,0,Free,,,,,,,,,

2020-02-02 20:27:58.252000+00:00,leaf4,sg14,obt-collector1,0/0/CPU0,3,21,9,EGRESS_L3_QOS_MAP,128,15,0,160b,0,Free,,,,,,,,,

2020-02-02 20:28:08.454000+00:00,leaf4,sg14,obt-collector1,0/0/CPU0,3,21,9,EGRESS_L3_QOS_MAP,128,15,0,160b,0,Free,,,,,,,,,

2020-02-02 20:28:18.247000+00:00,leaf4,sg14,obt-collector1,0/0/CPU0,3,21,9,EGRESS_L3_QOS_MAP,128,15,0,160b,0,Free,,,,,,,,,

2020-02-02 20:28:28.316000+00:00,leaf4,sg14,obt-collector1,0/0/CPU0,3,21,9,EGRESS_L3_QOS_MAP,128,15,0,160b,0,Free,,,,,,,,,

2020-02-02 20:28:38.287000+00:00,leaf4,sg14,obt-collector1,0/0/CPU0,3,21,9,EGRESS_L3_QOS_MAP,128,15,0,160b,0,Free,,,,,,,,,

2020-02-02 20:28:48.257000+00:00,leaf4,sg14,obt-collector1,0/0/CPU0,3,21,9,EGRESS_L3_QOS_MAP,128,15,0,160b,0,Free,,,,,,,,,

2020-02-02 20:28:58.240000+00:00,leaf4,sg14,obt-collector1,0/0/CPU0,3,21,9,EGRESS_L3_QOS_MAP,128,15,0,160b,0,Free,,,,,,,,,

2020-02-02 20:29:08.369000+00:00,leaf4,sg14,obt-collector1,0/0/CPU0,3,21,9,EGRESS_L3_QOS_MAP,128,15,0,160b,0,Free,,,,,,,,,

2020-02-02 20:29:18.352000+00:00,leaf4,sg14,obt-collector1,0/0/CPU0,3,21,9,EGRESS_L3_QOS_MAP,128,15,0,160b,0,Free,,,,,,,,,

2020-02-02 20:29:28.279000+00:00,leaf4,sg14,obt-collector1,0/0/CPU0,3,21,9,EGRESS_L3_QOS_MAP,128,15,0,160b,0,Free,,,,,,,,,

2020-02-02 20:29:38.267000+00:00,leaf4,sg14,obt-collector1,0/0/CPU0,3,21,9,EGRESS_L3_QOS_MAP,128,15,0,160b,0,Free,,,,,,,,,

2020-02-02 20:29:48.223000+00:00,leaf4,sg14,obt-collector1,0/0/CPU0,3,21,9,EGRESS_L3_QOS_MAP,128,15,0,160b,0,Free,,,,,,,,,

2020-02-02 20:29:58.397000+00:00,leaf4,sg14,obt-collector1,0/0/CPU0,3,21,9,EGRESS_L3_QOS_MAP,128,15,0,160b,0,Free,,,,,,,,,

2020-02-02 20:30:08.300000+00:00,leaf4,sg14,obt-collector1,0/0/CPU0,3,21,9,EGRESS_L3_QOS_MAP,128,15,0,160b,0,Free,,,,,,,,,

2020-02-02 20:30:18.328000+00:00,leaf4,sg14,obt-collector1,0/0/CPU0,3,21,9,EGRESS_L3_QOS_MAP,128,15,0,160b,0,Free,,,,,,,,,

2020-02-02 20:30:28.231000+00:00,leaf4,sg14,obt-collector1,0/0/CPU0,3,21,9,EGRESS_L3_QOS_MAP,128,15,0,160b,0,Free,,,,,,,,,

2020-02-02 20:30:38.326000+00:00,leaf4,sg14,obt-collector1,0/0/CPU0,3,21,9,EGRESS_L3_QOS_MAP,128,15,0,160b,0,Free,,,,,,,,,

2020-02-02 20:30:48.226000+00:00,leaf4,sg14,obt-collector1,0/0/CPU0,3,21,9,EGRESS_L3_QOS_MAP,128,15,0,160b,0,Free,,,,,,,,,

2020-02-02 20:30:58.313000+00:00,leaf4,sg14,obt-collector1,0/0/CPU0,3,21,9,EGRESS_L3_QOS_MAP,128,15,0,160b,0,Free,,,,,,,,,

2020-02-02 20:31:08.442000+00:00,leaf4,sg14,obt-collector1,0/0/CPU0,3,21,9,EGRESS_L3_QOS_MAP,128,15,0,160b,0,Free,,,,,,,,,

2020-02-02 20:31:18.235000+00:00,leaf4,sg14,obt-collector1,0/0/CPU0,3,21,9,EGRESS_L3_QOS_MAP,128,15,0,160b,0,Free,,,,,,,,,

2020-02-02 20:31:28.226000+00:00,leaf4,sg14,obt-collector1,0/0/CPU0,3,21,9,EGRESS_L3_QOS_MAP,128,15,0,160b,0,Free,,,,,,,,,

2020-02-02 20:31:38.293000+00:00,leaf4,sg14,obt-collector1,0/0/CPU0,3,21,9,EGRESS_L3_QOS_MAP,128,15,0,160b,0,Free,,,,,,,,,

2020-02-02 20:31:48.284000+00:00,leaf4,sg14,obt-collector1,0/0/CPU0,3,21,9,EGRESS_L3_QOS_MAP,128,15,0,160b,0,Free,,,,,,,,,

2020-02-02 20:31:58.246000+00:00,leaf4,sg14,obt-collector1,0/0/CPU0,3,21,9,EGRESS_L3_QOS_MAP,128,15,0,160b,0,Free,,,,,,,,,

2020-02-02 20:32:08.353000+00:00,leaf4,sg14,obt-collector1,0/0/CPU0,3,21,9,EGRESS_L3_QOS_MAP,128,15,0,160b,0,Free,,,,,,,,,

2020-02-02 20:32:18.228000+00:00,leaf4,sg14,obt-collector1,0/0/CPU0,3,21,9,EGRESS_L3_QOS_MAP,128,15,0,160b,0,Free,,,,,,,,,

2020-02-02 20:32:28.281000+00:00,leaf4,sg14,obt-collector1,0/0/CPU0,3,21,9,EGRESS_L3_QOS_MAP,128,15,0,160b,0,Free,,,,,,,,,

2020-02-02 20:32:38.389000+00:00,leaf4,sg14,obt-collector1,0/0/CPU0,3,21,9,EGRESS_L3_QOS_MAP,128,15,0,160b,0,Free,,,,,,,,,

2020-02-02 20:32:48.278000+00:00,leaf4,sg14,obt-collector1,0/0/CPU0,3,21,9,EGRESS_L3_QOS_MAP,128,15,0,160b,0,Free,,,,,,,,,

2020-02-02 20:32:58.291000+00:00,leaf4,sg14,obt-collector1,0/0/CPU0,3,21,9,EGRESS_L3_QOS_MAP,128,15,0,160b,0,Free,,,,,,,,,

2020-02-02 20:33:08.306000+00:00,leaf4,sg14,obt-collector1,0/0/CPU0,3,21,9,EGRESS_L3_QOS_MAP,128,15,0,160b,0,Free,,,,,,,,,

2020-02-02 20:33:18.232000+00:00,leaf4,sg14,obt-collector1,0/0/CPU0,3,21,9,EGRESS_L3_QOS_MAP,128,15,0,160b,0,Free,,,,,,,,,

2020-02-02 20:33:28.223000+00:00,leaf4,sg14,obt-collector1,0/0/CPU0,3,21,9,EGRESS_L3_QOS_MAP,128,15,0,160b,0,Free,,,,,,,,,

2020-02-02 20:33:38.251000+00:00,leaf4,sg14,obt-collector1,0/0/CPU0,3,21,9,EGRESS_L3_QOS_MAP,128,15,0,160b,0,Free,,,,,,,,,

2020-02-02 20:33:48.211000+00:00,leaf4,sg14,obt-collector1,0/0/CPU0,3,21,9,EGRESS_L3_QOS_MAP,128,15,0,160b,0,Free,,,,,,,,,

2020-02-02 20:33:58.242000+00:00,leaf4,sg14,obt-collector1,0/0/CPU0,3,21,9,EGRESS_L3_QOS_MAP,128,15,0,160b,0,Free,,,,,,,,,

2020-02-02 20:34:08.291000+00:00,leaf4,sg14,obt-collector1,0/0/CPU0,3,21,9,EGRESS_L3_QOS_MAP,128,15,0,160b,0,Free,,,,,,,,,

2020-02-02 20:34:18.280000+00:00,leaf4,sg14,obt-collector1,0/0/CPU0,3,21,9,EGRESS_L3_QOS_MAP,128,15,0,160b,0,Free,,,,,,,,,

2020-02-02 20:34:28.320000+00:00,leaf4,sg14,obt-collector1,0/0/CPU0,3,21,9,EGRESS_L3_QOS_MAP,128,15,0,160b,0,Free,,,,,,,,,

2020-02-02 20:34:38.262000+00:00,leaf4,sg14,obt-collector1,0/0/CPU0,3,21,9,EGRESS_L3_QOS_MAP,128,15,0,160b,0,Free,,,,,,,,,

2020-02-02 20:34:48.236000+00:00,leaf4,sg14,obt-collector1,0/0/CPU0,3,21,9,EGRESS_L3_QOS_MAP,128,15,0,160b,0,Free,,,,,,,,,

2020-02-02 20:34:58.234000+00:00,leaf4,sg14,obt-collector1,0/0/CPU0,3,21,9,EGRESS_L3_QOS_MAP,128,15,0,160b,0,Free,,,,,,,,,

2020-02-02 20:35:08.369000+00:00,leaf4,sg14,obt-collector1,0/0/CPU0,3,21,9,EGRESS_L3_QOS_MAP,128,15,0,160b,0,Free,,,,,,,,,

2020-02-02 20:35:18.225000+00:00,leaf4,sg14,obt-collector1,0/0/CPU0,3,21,9,EGRESS_L3_QOS_MAP,128,15,0,160b,0,Free,,,,,,,,,

2020-02-02 20:35:28.252000+00:00,leaf4,sg14,obt-collector1,0/0/CPU0,3,21,9,EGRESS_L3_QOS_MAP,128,15,0,160b,0,Free,,,,,,,,,

2020-02-02 20:35:38.267000+00:00,leaf4,sg14,obt-collector1,0/0/CPU0,3,21,9,EGRESS_L3_QOS_MAP,128,15,0,160b,0,Free,,,,,,,,,

2020-02-02 20:35:48.347000+00:00,leaf4,sg14,obt-collector1,0/0/CPU0,3,21,9,EGRESS_L3_QOS_MAP,128,15,0,160b,0,Free,,,,,,,,,

2020-02-02 20:35:58.226000+00:00,leaf4,sg14,obt-collector1,0/0/CPU0,3,21,9,EGRESS_L3_QOS_MAP,128,15,0,160b,0,Free,,,,,,,,,

2020-02-02 20:36:08.443000+00:00,leaf4,sg14,obt-collector1,0/0/CPU0,3,21,9,EGRESS_L3_QOS_MAP,128,15,0,160b,0,Free,,,,,,,,,

2020-02-02 20:36:18.368000+00:00,leaf4,sg14,obt-collector1,0/0/CPU0,3,21,9,EGRESS_L3_QOS_MAP,128,15,0,160b,0,Free,,,,,,,,,

2020-02-02 20:36:28.243000+00:00,leaf4,sg14,obt-collector1,0/0/CPU0,3,21,9,EGRESS_L3_QOS_MAP,128,15,0,160b,0,Free,,,,,,,,,

2020-02-02 20:36:38.247000+00:00,leaf4,sg14,obt-collector1,0/0/CPU0,3,21,9,EGRESS_L3_QOS_MAP,128,15,0,160b,0,Free,,,,,,,,,

2020-02-02 20:36:48.295000+00:00,leaf4,sg14,obt-collector1,0/0/CPU0,3,21,9,EGRESS_L3_QOS_MAP,128,15,0,160b,0,Free,,,,,,,,,

2020-02-02 20:36:58.275000+00:00,leaf4,sg14,obt-collector1,0/0/CPU0,3,21,9,EGRESS_L3_QOS_MAP,128,15,0,160b,0,Free,,,,,,,,,

2020-02-02 20:37:08.348000+00:00,leaf4,sg14,obt-collector1,0/0/CPU0,3,21,9,EGRESS_L3_QOS_MAP,128,15,0,160b,0,Free,,,,,,,,,

2020-02-02 20:37:18.252000+00:00,leaf4,sg14,obt-collector1,0/0/CPU0,3,21,9,EGRESS_L3_QOS_MAP,128,15,0,160b,0,Free,,,,,,,,,

2020-02-02 20:37:28.246000+00:00,leaf4,sg14,obt-collector1,0/0/CPU0,3,21,9,EGRESS_L3_QOS_MAP,128,15,0,160b,0,Free,,,,,,,,,

2020-02-02 20:37:38.341000+00:00,leaf4,sg14,obt-collector1,0/0/CPU0,3,21,9,EGRESS_L3_QOS_MAP,128,15,0,160b,0,Free,,,,,,,,,

2020-02-02 20:37:48.388000+00:00,leaf4,sg14,obt-collector1,0/0/CPU0,3,21,9,EGRESS_L3_QOS_MAP,128,15,0,160b,0,Free,,,,,,,,,

