,Producer,Target,host,node-name,process-cpu/process-cpu-fifteen-minute,process-cpu/process-cpu-five-minute,process-cpu/process-cpu-one-minute,process-cpu/process-id,process-cpu/process-name,total-cpu-fifteen-minute,total-cpu-five-minute,total-cpu-one-minute

2020-02-02 20:16:48.983000+00:00,leaf4,cpumem-sub1,obt-collector1,0/RP0/CPU0,0,0,0,31842,-sh,10,13,9

2020-02-02 20:16:49.149000+00:00,leaf4,cpumem-sub1,obt-collector1,0/0/CPU0,0,0,0,23008,sleep,8,8,8

2020-02-02 20:16:59.491000+00:00,leaf4,cpumem-sub1,obt-collector1,0/RP0/CPU0,0,0,0,31842,-sh,10,12,15

2020-02-02 20:16:59.660000+00:00,leaf4,cpumem-sub1,obt-collector1,0/0/CPU0,0,0,0,23020,sleep,8,8,8

2020-02-02 20:17:09.189000+00:00,leaf4,cpumem-sub1,obt-collector1,0/RP0/CPU0,0,0,0,31842,-sh,10,12,15

2020-02-02 20:17:09.358000+00:00,leaf4,cpumem-sub1,obt-collector1,0/0/CPU0,0,0,0,23020,sleep,8,8,8

2020-02-02 20:17:19.067000+00:00,leaf4,cpumem-sub1,obt-collector1,0/RP0/CPU0,0,0,0,31842,-sh,10,12,15

2020-02-02 20:17:19.235000+00:00,leaf4,cpumem-sub1,obt-collector1,0/0/CPU0,0,0,0,23020,sleep,8,8,8

2020-02-02 20:17:29.093000+00:00,leaf4,cpumem-sub1,obt-collector1,0/RP0/CPU0,0,0,0,31842,-sh,10,12,15

2020-02-02 20:17:29.261000+00:00,leaf4,cpumem-sub1,obt-collector1,0/0/CPU0,0,0,0,23020,sleep,8,8,8

2020-02-02 20:17:39.021000+00:00,leaf4,cpumem-sub1,obt-collector1,0/RP0/CPU0,0,0,0,31842,-sh,10,12,15

2020-02-02 20:17:39.189000+00:00,leaf4,cpumem-sub1,obt-collector1,0/0/CPU0,0,0,0,23020,sleep,8,8,8

2020-02-02 20:17:48.993000+00:00,leaf4,cpumem-sub1,obt-collector1,0/RP0/CPU0,0,0,0,31842,-sh,10,12,15

2020-02-02 20:17:49.160000+00:00,leaf4,cpumem-sub1,obt-collector1,0/0/CPU0,0,0,0,23020,sleep,8,8,8

2020-02-02 20:17:58.990000+00:00,leaf4,cpumem-sub1,obt-collector1,0/RP0/CPU0,0,0,0,31842,-sh,10,12,15

2020-02-02 20:17:59.157000+00:00,leaf4,cpumem-sub1,obt-collector1,0/0/CPU0,0,0,0,23040,sleep,8,7,8

2020-02-02 20:18:09.137000+00:00,leaf4,cpumem-sub1,obt-collector1,0/RP0/CPU0,0,0,0,31842,-sh,10,14,12

2020-02-02 20:18:09.303000+00:00,leaf4,cpumem-sub1,obt-collector1,0/0/CPU0,0,0,0,23040,sleep,8,7,8

2020-02-02 20:18:19.005000+00:00,leaf4,cpumem-sub1,obt-collector1,0/RP0/CPU0,0,0,0,31842,-sh,10,14,12

2020-02-02 20:18:19.171000+00:00,leaf4,cpumem-sub1,obt-collector1,0/0/CPU0,0,0,0,23040,sleep,8,7,8

2020-02-02 20:18:28.974000+00:00,leaf4,cpumem-sub1,obt-collector1,0/RP0/CPU0,0,0,0,31842,-sh,10,14,12

2020-02-02 20:18:29.141000+00:00,leaf4,cpumem-sub1,obt-collector1,0/0/CPU0,0,0,0,23040,sleep,8,7,8

2020-02-02 20:18:39.038000+00:00,leaf4,cpumem-sub1,obt-collector1,0/RP0/CPU0,0,0,0,31842,-sh,10,14,12

2020-02-02 20:18:39.205000+00:00,leaf4,cpumem-sub1,obt-collector1,0/0/CPU0,0,0,0,23040,sleep,8,7,8

2020-02-02 20:18:49.058000+00:00,leaf4,cpumem-sub1,obt-collector1,0/RP0/CPU0,0,0,0,31842,-sh,10,14,12

2020-02-02 20:18:49.225000+00:00,leaf4,cpumem-sub1,obt-collector1,0/0/CPU0,0,0,0,23040,sleep,8,7,8

2020-02-02 20:18:59.115000+00:00,leaf4,cpumem-sub1,obt-collector1,0/RP0/CPU0,0,0,0,31842,-sh,10,14,12

2020-02-02 20:18:59.283000+00:00,leaf4,cpumem-sub1,obt-collector1,0/0/CPU0,0,0,0,23047,sleep,8,7,8

2020-02-02 20:19:09.187000+00:00,leaf4,cpumem-sub1,obt-collector1,0/RP0/CPU0,0,0,0,31842,-sh,10,11,6

2020-02-02 20:19:09.353000+00:00,leaf4,cpumem-sub1,obt-collector1,0/0/CPU0,0,0,0,23047,sleep,8,7,8

2020-02-02 20:19:19.012000+00:00,leaf4,cpumem-sub1,obt-collector1,0/RP0/CPU0,0,0,0,31842,-sh,10,11,6

2020-02-02 20:19:19.178000+00:00,leaf4,cpumem-sub1,obt-collector1,0/0/CPU0,0,0,0,23047,sleep,8,7,8

2020-02-02 20:19:29.152000+00:00,leaf4,cpumem-sub1,obt-collector1,0/RP0/CPU0,0,0,0,31842,-sh,10,11,6

2020-02-02 20:19:29.318000+00:00,leaf4,cpumem-sub1,obt-collector1,0/0/CPU0,0,0,0,23047,sleep,8,7,8

2020-02-02 20:19:39.140000+00:00,leaf4,cpumem-sub1,obt-collector1,0/RP0/CPU0,0,0,0,31842,-sh,10,11,6

2020-02-02 20:19:39.308000+00:00,leaf4,cpumem-sub1,obt-collector1,0/0/CPU0,0,0,0,23047,sleep,8,7,8

2020-02-02 20:19:48.999000+00:00,leaf4,cpumem-sub1,obt-collector1,0/RP0/CPU0,0,0,0,31842,-sh,10,11,6

2020-02-02 20:19:49.167000+00:00,leaf4,cpumem-sub1,obt-collector1,0/0/CPU0,0,0,0,23047,sleep,8,7,8

2020-02-02 20:19:59.012000+00:00,leaf4,cpumem-sub1,obt-collector1,0/RP0/CPU0,0,0,0,31842,-sh,10,11,6

2020-02-02 20:19:59.178000+00:00,leaf4,cpumem-sub1,obt-collector1,0/0/CPU0,0,0,0,23063,sleep,8,8,9

2020-02-02 20:20:09.155000+00:00,leaf4,cpumem-sub1,obt-collector1,0/RP0/CPU0,0,0,0,31842,-sh,10,9,7

2020-02-02 20:20:09.320000+00:00,leaf4,cpumem-sub1,obt-collector1,0/0/CPU0,0,0,0,23063,sleep,8,8,9

2020-02-02 20:20:19.109000+00:00,leaf4,cpumem-sub1,obt-collector1,0/RP0/CPU0,0,0,0,31842,-sh,10,9,7

2020-02-02 20:20:19.275000+00:00,leaf4,cpumem-sub1,obt-collector1,0/0/CPU0,0,0,0,23063,sleep,8,8,9

2020-02-02 20:20:28.996000+00:00,leaf4,cpumem-sub1,obt-collector1,0/RP0/CPU0,0,0,0,31842,-sh,10,9,7

2020-02-02 20:20:29.161000+00:00,leaf4,cpumem-sub1,obt-collector1,0/0/CPU0,0,0,0,23063,sleep,8,8,9

2020-02-02 20:20:39.044000+00:00,leaf4,cpumem-sub1,obt-collector1,0/RP0/CPU0,0,0,0,31842,-sh,10,9,7

2020-02-02 20:20:39.209000+00:00,leaf4,cpumem-sub1,obt-collector1,0/0/CPU0,0,0,0,23063,sleep,8,8,9

2020-02-02 20:20:49.144000+00:00,leaf4,cpumem-sub1,obt-collector1,0/RP0/CPU0,0,0,0,31842,-sh,10,9,7

2020-02-02 20:20:49.309000+00:00,leaf4,cpumem-sub1,obt-collector1,0/0/CPU0,0,0,0,23063,sleep,8,8,9

2020-02-02 20:20:58.979000+00:00,leaf4,cpumem-sub1,obt-collector1,0/RP0/CPU0,0,0,0,31842,-sh,10,9,7

2020-02-02 20:20:59.147000+00:00,leaf4,cpumem-sub1,obt-collector1,0/0/CPU0,0,0,0,23090,sleep,8,8,9

2020-02-02 20:21:09.525000+00:00,leaf4,cpumem-sub1,obt-collector1,0/RP0/CPU0,0,0,0,31842,-sh,10,9,7

2020-02-02 20:21:09.693000+00:00,leaf4,cpumem-sub1,obt-collector1,0/0/CPU0,0,0,0,23090,sleep,8,8,9

2020-02-02 20:21:18.983000+00:00,leaf4,cpumem-sub1,obt-collector1,0/RP0/CPU0,0,0,0,31842,-sh,10,9,7

2020-02-02 20:21:19.150000+00:00,leaf4,cpumem-sub1,obt-collector1,0/0/CPU0,0,0,0,23090,sleep,8,8,9

2020-02-02 20:21:29.044000+00:00,leaf4,cpumem-sub1,obt-collector1,0/RP0/CPU0,0,0,0,31842,-sh,10,9,7

2020-02-02 20:21:29.210000+00:00,leaf4,cpumem-sub1,obt-collector1,0/0/CPU0,0,0,0,23090,sleep,8,8,9

2020-02-02 20:21:39.048000+00:00,leaf4,cpumem-sub1,obt-collector1,0/RP0/CPU0,0,0,0,31842,-sh,10,9,7

2020-02-02 20:21:39.215000+00:00,leaf4,cpumem-sub1,obt-collector1,0/0/CPU0,0,0,0,23090,sleep,8,8,9

2020-02-02 20:21:49.025000+00:00,leaf4,cpumem-sub1,obt-collector1,0/RP0/CPU0,0,0,0,31842,-sh,10,9,7

2020-02-02 20:21:49.191000+00:00,leaf4,cpumem-sub1,obt-collector1,0/0/CPU0,0,0,0,23090,sleep,8,8,9

2020-02-02 20:21:59.018000+00:00,leaf4,cpumem-sub1,obt-collector1,0/RP0/CPU0,0,0,0,31842,-sh,10,9,7

2020-02-02 20:21:59.185000+00:00,leaf4,cpumem-sub1,obt-collector1,0/0/CPU0,0,0,0,23097,sleep,8,8,8

2020-02-02 20:22:09.151000+00:00,leaf4,cpumem-sub1,obt-collector1,0/RP0/CPU0,0,0,0,31842,-sh,10,9,7

2020-02-02 20:22:09.318000+00:00,leaf4,cpumem-sub1,obt-collector1,0/0/CPU0,0,0,0,23097,sleep,8,8,8

2020-02-02 20:22:19.163000+00:00,leaf4,cpumem-sub1,obt-collector1,0/RP0/CPU0,0,0,0,31842,-sh,10,10,18

2020-02-02 20:22:19.330000+00:00,leaf4,cpumem-sub1,obt-collector1,0/0/CPU0,0,0,0,23097,sleep,8,8,8

2020-02-02 20:22:29.060000+00:00,leaf4,cpumem-sub1,obt-collector1,0/RP0/CPU0,0,0,0,31842,-sh,10,10,18

2020-02-02 20:22:29.227000+00:00,leaf4,cpumem-sub1,obt-collector1,0/0/CPU0,0,0,0,23097,sleep,8,8,8

2020-02-02 20:22:39.073000+00:00,leaf4,cpumem-sub1,obt-collector1,0/RP0/CPU0,0,0,0,31842,-sh,10,10,18

2020-02-02 20:22:39.241000+00:00,leaf4,cpumem-sub1,obt-collector1,0/0/CPU0,0,0,0,23097,sleep,8,8,8

2020-02-02 20:22:49.005000+00:00,leaf4,cpumem-sub1,obt-collector1,0/RP0/CPU0,0,0,0,31842,-sh,10,10,18

2020-02-02 20:22:49.172000+00:00,leaf4,cpumem-sub1,obt-collector1,0/0/CPU0,0,0,0,23097,sleep,8,8,8

2020-02-02 20:22:59.001000+00:00,leaf4,cpumem-sub1,obt-collector1,0/RP0/CPU0,0,0,0,31842,-sh,10,10,18

2020-02-02 20:22:59.168000+00:00,leaf4,cpumem-sub1,obt-collector1,0/0/CPU0,0,0,0,23113,sleep,8,8,8

2020-02-02 20:23:09.097000+00:00,leaf4,cpumem-sub1,obt-collector1,0/RP0/CPU0,0,0,0,31842,-sh,10,10,18

2020-02-02 20:23:09.264000+00:00,leaf4,cpumem-sub1,obt-collector1,0/0/CPU0,0,0,0,23113,sleep,8,8,8

2020-02-02 20:23:19.029000+00:00,leaf4,cpumem-sub1,obt-collector1,0/RP0/CPU0,0,0,0,31842,-sh,10,9,7

2020-02-02 20:23:19.196000+00:00,leaf4,cpumem-sub1,obt-collector1,0/0/CPU0,0,0,0,23113,sleep,8,8,8

2020-02-02 20:23:28.988000+00:00,leaf4,cpumem-sub1,obt-collector1,0/RP0/CPU0,0,0,0,31842,-sh,10,9,7

2020-02-02 20:23:29.155000+00:00,leaf4,cpumem-sub1,obt-collector1,0/0/CPU0,0,0,0,23113,sleep,8,8,8

2020-02-02 20:23:39.072000+00:00,leaf4,cpumem-sub1,obt-collector1,0/RP0/CPU0,0,0,0,31842,-sh,10,9,7

2020-02-02 20:23:39.239000+00:00,leaf4,cpumem-sub1,obt-collector1,0/0/CPU0,0,0,0,23113,sleep,8,8,8

2020-02-02 20:23:48.993000+00:00,leaf4,cpumem-sub1,obt-collector1,0/RP0/CPU0,0,0,0,31842,-sh,10,9,7

2020-02-02 20:23:49.160000+00:00,leaf4,cpumem-sub1,obt-collector1,0/0/CPU0,0,0,0,23113,sleep,8,8,8

2020-02-02 20:23:59.080000+00:00,leaf4,cpumem-sub1,obt-collector1,0/RP0/CPU0,0,0,0,31842,-sh,10,9,7

2020-02-02 20:23:59.247000+00:00,leaf4,cpumem-sub1,obt-collector1,0/0/CPU0,0,0,0,23120,sleep,8,8,8

2020-02-02 20:24:09.208000+00:00,leaf4,cpumem-sub1,obt-collector1,0/RP0/CPU0,0,0,0,31842,-sh,10,9,7

2020-02-02 20:24:09.376000+00:00,leaf4,cpumem-sub1,obt-collector1,0/0/CPU0,0,0,0,23120,sleep,8,8,8

2020-02-02 20:24:19.054000+00:00,leaf4,cpumem-sub1,obt-collector1,0/RP0/CPU0,0,0,0,31842,-sh,10,9,7

2020-02-02 20:24:19.222000+00:00,leaf4,cpumem-sub1,obt-collector1,0/0/CPU0,0,0,0,23120,sleep,8,8,8

2020-02-02 20:24:28.997000+00:00,leaf4,cpumem-sub1,obt-collector1,0/RP0/CPU0,0,0,0,31842,-sh,10,9,7

2020-02-02 20:24:29.165000+00:00,leaf4,cpumem-sub1,obt-collector1,0/0/CPU0,0,0,0,23120,sleep,8,8,8

2020-02-02 20:24:39.059000+00:00,leaf4,cpumem-sub1,obt-collector1,0/RP0/CPU0,0,0,0,31842,-sh,10,9,7

2020-02-02 20:24:39.227000+00:00,leaf4,cpumem-sub1,obt-collector1,0/0/CPU0,0,0,0,23120,sleep,8,8,8

2020-02-02 20:24:49.123000+00:00,leaf4,cpumem-sub1,obt-collector1,0/RP0/CPU0,0,0,0,31842,-sh,10,9,7

2020-02-02 20:24:49.292000+00:00,leaf4,cpumem-sub1,obt-collector1,0/0/CPU0,0,0,0,23120,sleep,8,8,8

2020-02-02 20:24:59.013000+00:00,leaf4,cpumem-sub1,obt-collector1,0/RP0/CPU0,0,0,0,31842,-sh,10,9,7

2020-02-02 20:24:59.182000+00:00,leaf4,cpumem-sub1,obt-collector1,0/0/CPU0,0,0,0,23136,sleep,8,8,9

2020-02-02 20:25:09.119000+00:00,leaf4,cpumem-sub1,obt-collector1,0/RP0/CPU0,0,0,0,31842,-sh,10,9,7

2020-02-02 20:25:09.287000+00:00,leaf4,cpumem-sub1,obt-collector1,0/0/CPU0,0,0,0,23136,sleep,8,8,9

2020-02-02 20:25:19.600000+00:00,leaf4,cpumem-sub1,obt-collector1,0/RP0/CPU0,0,0,0,31842,-sh,10,9,6

2020-02-02 20:25:19.768000+00:00,leaf4,cpumem-sub1,obt-collector1,0/0/CPU0,0,0,0,23136,sleep,8,8,9

2020-02-02 20:25:29.042000+00:00,leaf4,cpumem-sub1,obt-collector1,0/RP0/CPU0,0,0,0,31842,-sh,10,9,6

2020-02-02 20:25:29.211000+00:00,leaf4,cpumem-sub1,obt-collector1,0/0/CPU0,0,0,0,23136,sleep,8,8,9

2020-02-02 20:25:39.166000+00:00,leaf4,cpumem-sub1,obt-collector1,0/RP0/CPU0,0,0,0,31842,-sh,10,9,6

2020-02-02 20:25:39.335000+00:00,leaf4,cpumem-sub1,obt-collector1,0/0/CPU0,0,0,0,23136,sleep,8,8,9

2020-02-02 20:25:49.071000+00:00,leaf4,cpumem-sub1,obt-collector1,0/RP0/CPU0,0,0,0,31842,-sh,10,9,6

2020-02-02 20:25:49.239000+00:00,leaf4,cpumem-sub1,obt-collector1,0/0/CPU0,0,0,0,23136,sleep,8,8,9

2020-02-02 20:25:59.153000+00:00,leaf4,cpumem-sub1,obt-collector1,0/RP0/CPU0,0,0,0,31842,-sh,10,9,6

2020-02-02 20:25:59.320000+00:00,leaf4,cpumem-sub1,obt-collector1,0/0/CPU0,0,0,0,23163,sleep,8,8,8

2020-02-02 20:26:09.188000+00:00,leaf4,cpumem-sub1,obt-collector1,0/RP0/CPU0,0,0,0,31842,-sh,10,9,6

2020-02-02 20:26:09.357000+00:00,leaf4,cpumem-sub1,obt-collector1,0/0/CPU0,0,0,0,23163,sleep,8,8,8

2020-02-02 20:26:19.025000+00:00,leaf4,cpumem-sub1,obt-collector1,0/RP0/CPU0,0,0,0,31842,-sh,10,9,6

2020-02-02 20:26:19.194000+00:00,leaf4,cpumem-sub1,obt-collector1,0/0/CPU0,0,0,0,23163,sleep,8,8,8

2020-02-02 20:26:29.015000+00:00,leaf4,cpumem-sub1,obt-collector1,0/RP0/CPU0,0,0,0,31842,-sh,10,9,11

2020-02-02 20:26:29.184000+00:00,leaf4,cpumem-sub1,obt-collector1,0/0/CPU0,0,0,0,23163,sleep,8,8,8

2020-02-02 20:26:39.074000+00:00,leaf4,cpumem-sub1,obt-collector1,0/RP0/CPU0,0,0,0,31842,-sh,10,9,11

2020-02-02 20:26:39.243000+00:00,leaf4,cpumem-sub1,obt-collector1,0/0/CPU0,0,0,0,23163,sleep,8,8,8

2020-02-02 20:26:49.004000+00:00,leaf4,cpumem-sub1,obt-collector1,0/RP0/CPU0,0,0,0,31842,-sh,10,9,11

2020-02-02 20:26:49.171000+00:00,leaf4,cpumem-sub1,obt-collector1,0/0/CPU0,0,0,0,23163,sleep,8,8,8

2020-02-02 20:26:59.028000+00:00,leaf4,cpumem-sub1,obt-collector1,0/RP0/CPU0,0,0,0,31842,-sh,10,9,11

2020-02-02 20:26:59.723000+00:00,leaf4,cpumem-sub1,obt-collector1,0/0/CPU0,0,0,0,23175,udp,8,8,9

2020-02-02 20:27:09.102000+00:00,leaf4,cpumem-sub1,obt-collector1,0/RP0/CPU0,0,0,0,31842,-sh,10,9,11

2020-02-02 20:27:09.270000+00:00,leaf4,cpumem-sub1,obt-collector1,0/0/CPU0,0,0,0,23175,udp,8,8,9

2020-02-02 20:27:19.053000+00:00,leaf4,cpumem-sub1,obt-collector1,0/RP0/CPU0,0,0,0,31842,-sh,10,9,11

2020-02-02 20:27:19.221000+00:00,leaf4,cpumem-sub1,obt-collector1,0/0/CPU0,0,0,0,23175,udp,8,8,9

2020-02-02 20:27:29.144000+00:00,leaf4,cpumem-sub1,obt-collector1,0/RP0/CPU0,0,0,0,31842,-sh,10,9,15

2020-02-02 20:27:29.312000+00:00,leaf4,cpumem-sub1,obt-collector1,0/0/CPU0,0,0,0,23175,udp,8,8,9

2020-02-02 20:27:39.088000+00:00,leaf4,cpumem-sub1,obt-collector1,0/RP0/CPU0,0,0,0,31842,-sh,10,9,15

2020-02-02 20:27:39.256000+00:00,leaf4,cpumem-sub1,obt-collector1,0/0/CPU0,0,0,0,23175,udp,8,8,9

2020-02-02 20:27:49.108000+00:00,leaf4,cpumem-sub1,obt-collector1,0/RP0/CPU0,0,0,0,31842,-sh,10,9,15

2020-02-02 20:27:49.274000+00:00,leaf4,cpumem-sub1,obt-collector1,0/0/CPU0,0,0,0,23175,udp,8,8,9

2020-02-02 20:27:59.030000+00:00,leaf4,cpumem-sub1,obt-collector1,0/RP0/CPU0,0,0,0,31842,-sh,10,9,15

2020-02-02 20:27:59.196000+00:00,leaf4,cpumem-sub1,obt-collector1,0/0/CPU0,0,0,0,23175,udp,8,8,9

2020-02-02 20:28:09.232000+00:00,leaf4,cpumem-sub1,obt-collector1,0/RP0/CPU0,0,0,0,31842,-sh,10,9,15

2020-02-02 20:28:09.399000+00:00,leaf4,cpumem-sub1,obt-collector1,0/0/CPU0,0,0,0,23246,sleep,8,8,8

2020-02-02 20:28:19.026000+00:00,leaf4,cpumem-sub1,obt-collector1,0/RP0/CPU0,0,0,0,31842,-sh,10,9,15

2020-02-02 20:28:19.192000+00:00,leaf4,cpumem-sub1,obt-collector1,0/0/CPU0,0,0,0,23246,sleep,8,8,8

2020-02-02 20:28:29.087000+00:00,leaf4,cpumem-sub1,obt-collector1,0/RP0/CPU0,0,0,0,31842,-sh,11,10,14

2020-02-02 20:28:29.254000+00:00,leaf4,cpumem-sub1,obt-collector1,0/0/CPU0,0,0,0,23246,sleep,8,8,8

2020-02-02 20:28:39.058000+00:00,leaf4,cpumem-sub1,obt-collector1,0/RP0/CPU0,0,0,0,31842,-sh,11,10,14

2020-02-02 20:28:39.226000+00:00,leaf4,cpumem-sub1,obt-collector1,0/0/CPU0,0,0,0,23246,sleep,8,8,8

2020-02-02 20:28:49.031000+00:00,leaf4,cpumem-sub1,obt-collector1,0/RP0/CPU0,0,0,0,31842,-sh,11,10,14

2020-02-02 20:28:49.199000+00:00,leaf4,cpumem-sub1,obt-collector1,0/0/CPU0,0,0,0,23246,sleep,8,8,8

2020-02-02 20:28:59.017000+00:00,leaf4,cpumem-sub1,obt-collector1,0/RP0/CPU0,0,0,0,31842,-sh,11,10,14

2020-02-02 20:28:59.185000+00:00,leaf4,cpumem-sub1,obt-collector1,0/0/CPU0,0,0,0,23246,sleep,8,8,8

2020-02-02 20:29:09.142000+00:00,leaf4,cpumem-sub1,obt-collector1,0/RP0/CPU0,0,0,0,31842,-sh,11,10,14

2020-02-02 20:29:09.311000+00:00,leaf4,cpumem-sub1,obt-collector1,0/0/CPU0,0,0,0,23253,sleep,8,8,8

2020-02-02 20:29:19.125000+00:00,leaf4,cpumem-sub1,obt-collector1,0/RP0/CPU0,0,0,0,31842,-sh,11,10,14

2020-02-02 20:29:19.293000+00:00,leaf4,cpumem-sub1,obt-collector1,0/0/CPU0,0,0,0,23253,sleep,8,8,8

2020-02-02 20:29:29.463000+00:00,leaf4,cpumem-sub1,obt-collector1,0/RP0/CPU0,0,0,0,31842,-sh,10,11,13

2020-02-02 20:29:29.632000+00:00,leaf4,cpumem-sub1,obt-collector1,0/0/CPU0,0,0,0,23253,sleep,8,8,8

2020-02-02 20:29:39.042000+00:00,leaf4,cpumem-sub1,obt-collector1,0/RP0/CPU0,0,0,0,31842,-sh,10,11,13

2020-02-02 20:29:39.211000+00:00,leaf4,cpumem-sub1,obt-collector1,0/0/CPU0,0,0,0,23253,sleep,8,8,8

2020-02-02 20:29:48.999000+00:00,leaf4,cpumem-sub1,obt-collector1,0/RP0/CPU0,0,0,0,31842,-sh,10,11,13

2020-02-02 20:29:49.167000+00:00,leaf4,cpumem-sub1,obt-collector1,0/0/CPU0,0,0,0,23253,sleep,8,8,8

2020-02-02 20:29:59.172000+00:00,leaf4,cpumem-sub1,obt-collector1,0/RP0/CPU0,0,0,0,31842,-sh,10,11,13

2020-02-02 20:29:59.340000+00:00,leaf4,cpumem-sub1,obt-collector1,0/0/CPU0,0,0,0,23253,sleep,8,8,8

2020-02-02 20:30:09.074000+00:00,leaf4,cpumem-sub1,obt-collector1,0/RP0/CPU0,0,0,0,31842,-sh,10,11,13

2020-02-02 20:30:09.242000+00:00,leaf4,cpumem-sub1,obt-collector1,0/0/CPU0,0,0,0,23269,sleep,8,8,8

2020-02-02 20:30:19.103000+00:00,leaf4,cpumem-sub1,obt-collector1,0/RP0/CPU0,0,0,0,31842,-sh,10,11,13

2020-02-02 20:30:19.271000+00:00,leaf4,cpumem-sub1,obt-collector1,0/0/CPU0,0,0,0,23269,sleep,8,8,8

2020-02-02 20:30:29.008000+00:00,leaf4,cpumem-sub1,obt-collector1,0/RP0/CPU0,0,0,0,31842,-sh,10,11,13

2020-02-02 20:30:29.175000+00:00,leaf4,cpumem-sub1,obt-collector1,0/0/CPU0,0,0,0,23269,sleep,8,8,8

2020-02-02 20:30:39.102000+00:00,leaf4,cpumem-sub1,obt-collector1,0/RP0/CPU0,0,0,0,31842,-sh,10,11,6

2020-02-02 20:30:39.271000+00:00,leaf4,cpumem-sub1,obt-collector1,0/0/CPU0,0,0,0,23269,sleep,8,8,8

2020-02-02 20:30:49.002000+00:00,leaf4,cpumem-sub1,obt-collector1,0/RP0/CPU0,0,0,0,31842,-sh,10,11,6

2020-02-02 20:30:49.170000+00:00,leaf4,cpumem-sub1,obt-collector1,0/0/CPU0,0,0,0,23269,sleep,8,8,8

2020-02-02 20:30:59.089000+00:00,leaf4,cpumem-sub1,obt-collector1,0/RP0/CPU0,0,0,0,31842,-sh,10,11,6

2020-02-02 20:30:59.257000+00:00,leaf4,cpumem-sub1,obt-collector1,0/0/CPU0,0,0,0,23269,sleep,8,8,8

2020-02-02 20:31:09.218000+00:00,leaf4,cpumem-sub1,obt-collector1,0/RP0/CPU0,0,0,0,31842,-sh,10,11,6

2020-02-02 20:31:09.386000+00:00,leaf4,cpumem-sub1,obt-collector1,0/0/CPU0,0,0,0,23302,sleep,8,8,9

2020-02-02 20:31:19.010000+00:00,leaf4,cpumem-sub1,obt-collector1,0/RP0/CPU0,0,0,0,31842,-sh,10,11,6

2020-02-02 20:31:19.178000+00:00,leaf4,cpumem-sub1,obt-collector1,0/0/CPU0,0,0,0,23302,sleep,8,8,9

2020-02-02 20:31:29.005000+00:00,leaf4,cpumem-sub1,obt-collector1,0/RP0/CPU0,0,0,0,31842,-sh,10,11,6

2020-02-02 20:31:29.173000+00:00,leaf4,cpumem-sub1,obt-collector1,0/0/CPU0,0,0,0,23302,sleep,8,8,9

2020-02-02 20:31:39.072000+00:00,leaf4,cpumem-sub1,obt-collector1,0/RP0/CPU0,0,0,0,31842,-sh,10,11,7

2020-02-02 20:31:39.240000+00:00,leaf4,cpumem-sub1,obt-collector1,0/0/CPU0,0,0,0,23302,sleep,8,8,9

2020-02-02 20:31:49.061000+00:00,leaf4,cpumem-sub1,obt-collector1,0/RP0/CPU0,0,0,0,31842,-sh,10,11,7

2020-02-02 20:31:49.229000+00:00,leaf4,cpumem-sub1,obt-collector1,0/0/CPU0,0,0,0,23302,sleep,8,8,9

2020-02-02 20:31:59.023000+00:00,leaf4,cpumem-sub1,obt-collector1,0/RP0/CPU0,0,0,0,31842,-sh,10,11,7

2020-02-02 20:31:59.192000+00:00,leaf4,cpumem-sub1,obt-collector1,0/0/CPU0,0,0,0,23302,sleep,8,8,9

2020-02-02 20:32:09.133000+00:00,leaf4,cpumem-sub1,obt-collector1,0/RP0/CPU0,0,0,0,31842,-sh,10,11,7

2020-02-02 20:32:09.301000+00:00,leaf4,cpumem-sub1,obt-collector1,0/0/CPU0,0,0,0,23309,sleep,8,8,8

2020-02-02 20:32:19.001000+00:00,leaf4,cpumem-sub1,obt-collector1,0/RP0/CPU0,0,0,0,31842,-sh,10,11,7

2020-02-02 20:32:19.169000+00:00,leaf4,cpumem-sub1,obt-collector1,0/0/CPU0,0,0,0,23309,sleep,8,8,8

2020-02-02 20:32:29.062000+00:00,leaf4,cpumem-sub1,obt-collector1,0/RP0/CPU0,0,0,0,31842,-sh,10,11,7

2020-02-02 20:32:29.229000+00:00,leaf4,cpumem-sub1,obt-collector1,0/0/CPU0,0,0,0,23309,sleep,8,8,8

2020-02-02 20:32:39.161000+00:00,leaf4,cpumem-sub1,obt-collector1,0/RP0/CPU0,0,0,0,31842,-sh,10,11,16

2020-02-02 20:32:39.329000+00:00,leaf4,cpumem-sub1,obt-collector1,0/0/CPU0,0,0,0,23309,sleep,8,8,8

2020-02-02 20:32:49.050000+00:00,leaf4,cpumem-sub1,obt-collector1,0/RP0/CPU0,0,0,0,31842,-sh,10,11,16

2020-02-02 20:32:49.218000+00:00,leaf4,cpumem-sub1,obt-collector1,0/0/CPU0,0,0,0,23309,sleep,8,8,8

2020-02-02 20:32:59.062000+00:00,leaf4,cpumem-sub1,obt-collector1,0/RP0/CPU0,0,0,0,31842,-sh,10,11,16

2020-02-02 20:32:59.230000+00:00,leaf4,cpumem-sub1,obt-collector1,0/0/CPU0,0,0,0,23309,sleep,8,8,8

2020-02-02 20:33:09.077000+00:00,leaf4,cpumem-sub1,obt-collector1,0/RP0/CPU0,0,0,0,31842,-sh,10,11,16

2020-02-02 20:33:09.244000+00:00,leaf4,cpumem-sub1,obt-collector1,0/0/CPU0,0,0,0,23325,sleep,8,8,8

2020-02-02 20:33:19.007000+00:00,leaf4,cpumem-sub1,obt-collector1,0/RP0/CPU0,0,0,0,31842,-sh,10,11,16

2020-02-02 20:33:19.174000+00:00,leaf4,cpumem-sub1,obt-collector1,0/0/CPU0,0,0,0,23325,sleep,8,8,8

2020-02-02 20:33:28.997000+00:00,leaf4,cpumem-sub1,obt-collector1,0/RP0/CPU0,0,0,0,31842,-sh,10,11,16

2020-02-02 20:33:29.164000+00:00,leaf4,cpumem-sub1,obt-collector1,0/0/CPU0,0,0,0,23325,sleep,8,8,8

2020-02-02 20:33:39.455000+00:00,leaf4,cpumem-sub1,obt-collector1,0/RP0/CPU0,0,0,0,32021,sleep,10,10,10

2020-02-02 20:33:39.622000+00:00,leaf4,cpumem-sub1,obt-collector1,0/0/CPU0,0,0,0,23325,sleep,8,8,8

2020-02-02 20:33:48.986000+00:00,leaf4,cpumem-sub1,obt-collector1,0/RP0/CPU0,0,0,0,32021,sleep,10,10,10

2020-02-02 20:33:49.152000+00:00,leaf4,cpumem-sub1,obt-collector1,0/0/CPU0,0,0,0,23325,sleep,8,8,8

2020-02-02 20:33:59.017000+00:00,leaf4,cpumem-sub1,obt-collector1,0/RP0/CPU0,0,0,0,32021,sleep,10,10,10

2020-02-02 20:33:59.184000+00:00,leaf4,cpumem-sub1,obt-collector1,0/0/CPU0,0,0,0,23325,sleep,8,8,8

2020-02-02 20:34:09.065000+00:00,leaf4,cpumem-sub1,obt-collector1,0/RP0/CPU0,0,0,0,32021,sleep,10,10,10

2020-02-02 20:34:09.231000+00:00,leaf4,cpumem-sub1,obt-collector1,0/0/CPU0,0,0,0,23325,sleep,8,8,8

2020-02-02 20:34:19.053000+00:00,leaf4,cpumem-sub1,obt-collector1,0/RP0/CPU0,0,0,0,32021,sleep,10,10,10

2020-02-02 20:34:19.220000+00:00,leaf4,cpumem-sub1,obt-collector1,0/0/CPU0,0,0,0,23325,sleep,8,8,8

2020-02-02 20:34:29.099000+00:00,leaf4,cpumem-sub1,obt-collector1,0/RP0/CPU0,0,0,0,32021,sleep,10,10,10

2020-02-02 20:34:29.265000+00:00,leaf4,cpumem-sub1,obt-collector1,0/0/CPU0,0,0,0,23325,sleep,8,8,8

2020-02-02 20:34:39.036000+00:00,leaf4,cpumem-sub1,obt-collector1,0/RP0/CPU0,0,0,0,32021,sleep,10,10,10

2020-02-02 20:34:39.203000+00:00,leaf4,cpumem-sub1,obt-collector1,0/0/CPU0,0,0,0,23325,sleep,8,8,8

2020-02-02 20:34:49.012000+00:00,leaf4,cpumem-sub1,obt-collector1,0/RP0/CPU0,0,0,0,32264,sleep,10,9,6

2020-02-02 20:34:49.179000+00:00,leaf4,cpumem-sub1,obt-collector1,0/0/CPU0,0,0,0,23325,sleep,8,8,8

2020-02-02 20:34:59.008000+00:00,leaf4,cpumem-sub1,obt-collector1,0/RP0/CPU0,0,0,0,32264,sleep,10,9,6

2020-02-02 20:34:59.176000+00:00,leaf4,cpumem-sub1,obt-collector1,0/0/CPU0,0,0,0,23325,sleep,8,8,8

2020-02-02 20:35:09.144000+00:00,leaf4,cpumem-sub1,obt-collector1,0/RP0/CPU0,0,0,0,32264,sleep,10,9,6

2020-02-02 20:35:09.312000+00:00,leaf4,cpumem-sub1,obt-collector1,0/0/CPU0,0,0,0,23370,sleep,8,8,8

2020-02-02 20:35:19+00:00,leaf4,cpumem-sub1,obt-collector1,0/RP0/CPU0,0,0,0,32264,sleep,10,9,6

2020-02-02 20:35:19.168000+00:00,leaf4,cpumem-sub1,obt-collector1,0/0/CPU0,0,0,0,23370,sleep,8,8,8

2020-02-02 20:35:29.027000+00:00,leaf4,cpumem-sub1,obt-collector1,0/RP0/CPU0,0,0,0,32264,sleep,10,9,6

2020-02-02 20:35:29.195000+00:00,leaf4,cpumem-sub1,obt-collector1,0/0/CPU0,0,0,0,23370,sleep,8,8,8

2020-02-02 20:35:39.041000+00:00,leaf4,cpumem-sub1,obt-collector1,0/RP0/CPU0,0,0,0,32264,sleep,10,9,6

2020-02-02 20:35:39.209000+00:00,leaf4,cpumem-sub1,obt-collector1,0/0/CPU0,0,0,0,23370,sleep,8,8,8

2020-02-02 20:35:49.121000+00:00,leaf4,cpumem-sub1,obt-collector1,0/RP0/CPU0,0,0,0,32549,sleep,9,9,6

2020-02-02 20:35:49.288000+00:00,leaf4,cpumem-sub1,obt-collector1,0/0/CPU0,0,0,0,23370,sleep,8,8,8

2020-02-02 20:35:59.004000+00:00,leaf4,cpumem-sub1,obt-collector1,0/RP0/CPU0,0,0,0,32549,sleep,9,9,6

2020-02-02 20:35:59.171000+00:00,leaf4,cpumem-sub1,obt-collector1,0/0/CPU0,0,0,0,23370,sleep,8,8,8

2020-02-02 20:36:09.218000+00:00,leaf4,cpumem-sub1,obt-collector1,0/RP0/CPU0,0,0,0,32549,sleep,9,9,6

2020-02-02 20:36:09.387000+00:00,leaf4,cpumem-sub1,obt-collector1,0/0/CPU0,0,0,0,23382,sleep,8,8,8

2020-02-02 20:36:19.157000+00:00,leaf4,cpumem-sub1,obt-collector1,0/RP0/CPU0,0,0,0,32549,sleep,9,9,6

2020-02-02 20:36:19.325000+00:00,leaf4,cpumem-sub1,obt-collector1,0/0/CPU0,0,0,0,23382,sleep,8,8,8

2020-02-02 20:36:29.020000+00:00,leaf4,cpumem-sub1,obt-collector1,0/RP0/CPU0,0,0,0,32549,sleep,9,9,6

2020-02-02 20:36:29.188000+00:00,leaf4,cpumem-sub1,obt-collector1,0/0/CPU0,0,0,0,23382,sleep,8,8,8

2020-02-02 20:36:39.024000+00:00,leaf4,cpumem-sub1,obt-collector1,0/RP0/CPU0,0,0,0,32549,sleep,9,9,6

2020-02-02 20:36:39.191000+00:00,leaf4,cpumem-sub1,obt-collector1,0/0/CPU0,0,0,0,23382,sleep,8,8,8

2020-02-02 20:36:49.073000+00:00,leaf4,cpumem-sub1,obt-collector1,0/RP0/CPU0,0,0,0,32697,sleep,10,9,8

2020-02-02 20:36:49.240000+00:00,leaf4,cpumem-sub1,obt-collector1,0/0/CPU0,0,0,0,23382,sleep,8,8,8

2020-02-02 20:36:59.053000+00:00,leaf4,cpumem-sub1,obt-collector1,0/RP0/CPU0,0,0,0,32697,sleep,10,9,8

2020-02-02 20:36:59.221000+00:00,leaf4,cpumem-sub1,obt-collector1,0/0/CPU0,0,0,0,23382,sleep,8,8,8

2020-02-02 20:37:09.124000+00:00,leaf4,cpumem-sub1,obt-collector1,0/RP0/CPU0,0,0,0,32697,sleep,10,9,8

2020-02-02 20:37:09.293000+00:00,leaf4,cpumem-sub1,obt-collector1,0/0/CPU0,0,0,0,23393,sleep,8,8,9

2020-02-02 20:37:19.034000+00:00,leaf4,cpumem-sub1,obt-collector1,0/RP0/CPU0,0,0,0,32697,sleep,10,9,8

2020-02-02 20:37:19.202000+00:00,leaf4,cpumem-sub1,obt-collector1,0/0/CPU0,0,0,0,23393,sleep,8,8,9

2020-02-02 20:37:29.022000+00:00,leaf4,cpumem-sub1,obt-collector1,0/RP0/CPU0,0,0,0,32697,sleep,10,9,8

2020-02-02 20:37:29.190000+00:00,leaf4,cpumem-sub1,obt-collector1,0/0/CPU0,0,0,0,23393,sleep,8,8,9

2020-02-02 20:37:39.114000+00:00,leaf4,cpumem-sub1,obt-collector1,0/RP0/CPU0,0,0,0,32697,sleep,10,9,8

2020-02-02 20:37:39.282000+00:00,leaf4,cpumem-sub1,obt-collector1,0/0/CPU0,0,0,0,23393,sleep,8,8,9

2020-02-02 20:37:49.479000+00:00,leaf4,cpumem-sub1,obt-collector1,0/RP0/CPU0,0,0,0,31842,-sh,10,9,18

2020-02-02 20:37:49.647000+00:00,leaf4,cpumem-sub1,obt-collector1,0/0/CPU0,0,0,0,23393,sleep,8,8,9

