,EncodingPath,Producer,active-routes-count,af-name,as,backup-routes-count,deleted-routes-count,paths-count,protocol-route-memory,route-table-name,routes-counts,saf-name,vrf-name
2020-01-21 08:05:06.979000+00:00,Cisco-IOS-XR-ip-rib-ipv4-oper:rib/vrfs/vrf/afs/af/safs/saf/ip-rib-route-table-names/ip-rib-route-table-name/protocol/bgp/as/information,leaf7,218,IPv4,65027,0,0,1608,209744,default,218,Unicast,default
2020-01-21 08:05:13.562000+00:00,Cisco-IOS-XR-ip-rib-ipv4-oper:rib/vrfs/vrf/afs/af/safs/saf/ip-rib-route-table-names/ip-rib-route-table-name/protocol/bgp/as/information,leaf7,218,IPv4,65027,0,0,1608,209744,default,218,Unicast,default
2020-01-21 08:05:23.569000+00:00,Cisco-IOS-XR-ip-rib-ipv4-oper:rib/vrfs/vrf/afs/af/safs/saf/ip-rib-route-table-names/ip-rib-route-table-name/protocol/bgp/as/information,leaf7,218,IPv4,65027,0,0,1604,209296,default,218,Unicast,default
2020-01-21 08:05:33.540000+00:00,Cisco-IOS-XR-ip-rib-ipv4-oper:rib/vrfs/vrf/afs/af/safs/saf/ip-rib-route-table-names/ip-rib-route-table-name/protocol/bgp/as/information,leaf7,218,IPv4,65027,0,0,1604,209296,default,218,Unicast,default
2020-01-21 08:05:43.562000+00:00,Cisco-IOS-XR-ip-rib-ipv4-oper:rib/vrfs/vrf/afs/af/safs/saf/ip-rib-route-table-names/ip-rib-route-table-name/protocol/bgp/as/information,leaf7,218,IPv4,65027,0,0,1604,209296,default,218,Unicast,default
2020-01-21 08:05:53.580000+00:00,Cisco-IOS-XR-ip-rib-ipv4-oper:rib/vrfs/vrf/afs/af/safs/saf/ip-rib-route-table-names/ip-rib-route-table-name/protocol/bgp/as/information,leaf7,219,IPv4,65027,0,0,1608,209880,default,219,Unicast,default
2020-01-21 08:06:03.532000+00:00,Cisco-IOS-XR-ip-rib-ipv4-oper:rib/vrfs/vrf/afs/af/safs/saf/ip-rib-route-table-names/ip-rib-route-table-name/protocol/bgp/as/information,leaf7,219,IPv4,65027,0,0,1608,209880,default,219,Unicast,default
2020-01-21 08:06:13.567000+00:00,Cisco-IOS-XR-ip-rib-ipv4-oper:rib/vrfs/vrf/afs/af/safs/saf/ip-rib-route-table-names/ip-rib-route-table-name/protocol/bgp/as/information,leaf7,219,IPv4,65027,0,0,1608,209880,default,219,Unicast,default
2020-01-21 08:06:23.525000+00:00,Cisco-IOS-XR-ip-rib-ipv4-oper:rib/vrfs/vrf/afs/af/safs/saf/ip-rib-route-table-names/ip-rib-route-table-name/protocol/bgp/as/information,leaf7,219,IPv4,65027,0,0,1609,209992,default,219,Unicast,default
2020-01-21 08:06:33.535000+00:00,Cisco-IOS-XR-ip-rib-ipv4-oper:rib/vrfs/vrf/afs/af/safs/saf/ip-rib-route-table-names/ip-rib-route-table-name/protocol/bgp/as/information,leaf7,219,IPv4,65027,0,0,1609,209992,default,219,Unicast,default
2020-01-21 08:06:43.537000+00:00,Cisco-IOS-XR-ip-rib-ipv4-oper:rib/vrfs/vrf/afs/af/safs/saf/ip-rib-route-table-names/ip-rib-route-table-name/protocol/bgp/as/information,leaf7,219,IPv4,65027,0,0,1609,209992,default,219,Unicast,default
2020-01-21 08:06:53.540000+00:00,Cisco-IOS-XR-ip-rib-ipv4-oper:rib/vrfs/vrf/afs/af/safs/saf/ip-rib-route-table-names/ip-rib-route-table-name/protocol/bgp/as/information,leaf7,219,IPv4,65027,0,0,1608,209880,default,219,Unicast,default
2020-01-21 08:07:03.528000+00:00,Cisco-IOS-XR-ip-rib-ipv4-oper:rib/vrfs/vrf/afs/af/safs/saf/ip-rib-route-table-names/ip-rib-route-table-name/protocol/bgp/as/information,leaf7,219,IPv4,65027,0,0,1608,209880,default,219,Unicast,default
2020-01-21 08:07:13.572000+00:00,Cisco-IOS-XR-ip-rib-ipv4-oper:rib/vrfs/vrf/afs/af/safs/saf/ip-rib-route-table-names/ip-rib-route-table-name/protocol/bgp/as/information,leaf7,219,IPv4,65027,0,0,1608,209880,default,219,Unicast,default
2020-01-21 08:07:23.531000+00:00,Cisco-IOS-XR-ip-rib-ipv4-oper:rib/vrfs/vrf/afs/af/safs/saf/ip-rib-route-table-names/ip-rib-route-table-name/protocol/bgp/as/information,leaf7,219,IPv4,65027,0,0,1608,209880,default,219,Unicast,default
2020-01-21 08:07:33.659000+00:00,Cisco-IOS-XR-ip-rib-ipv4-oper:rib/vrfs/vrf/afs/af/safs/saf/ip-rib-route-table-names/ip-rib-route-table-name/protocol/bgp/as/information,leaf7,219,IPv4,65027,0,0,1608,209880,default,219,Unicast,default
2020-01-21 08:07:43.834000+00:00,Cisco-IOS-XR-ip-rib-ipv4-oper:rib/vrfs/vrf/afs/af/safs/saf/ip-rib-route-table-names/ip-rib-route-table-name/protocol/bgp/as/information,leaf7,219,IPv4,65027,0,0,1608,209880,default,219,Unicast,default
2020-01-21 08:07:53.515000+00:00,Cisco-IOS-XR-ip-rib-ipv4-oper:rib/vrfs/vrf/afs/af/safs/saf/ip-rib-route-table-names/ip-rib-route-table-name/protocol/bgp/as/information,leaf7,219,IPv4,65027,0,0,1608,209880,default,219,Unicast,default
2020-01-21 08:08:03.535000+00:00,Cisco-IOS-XR-ip-rib-ipv4-oper:rib/vrfs/vrf/afs/af/safs/saf/ip-rib-route-table-names/ip-rib-route-table-name/protocol/bgp/as/information,leaf7,219,IPv4,65027,0,0,1608,209880,default,219,Unicast,default
2020-01-21 08:08:13.525000+00:00,Cisco-IOS-XR-ip-rib-ipv4-oper:rib/vrfs/vrf/afs/af/safs/saf/ip-rib-route-table-names/ip-rib-route-table-name/protocol/bgp/as/information,leaf7,219,IPv4,65027,0,0,1608,209880,default,219,Unicast,default
2020-01-21 08:08:23.542000+00:00,Cisco-IOS-XR-ip-rib-ipv4-oper:rib/vrfs/vrf/afs/af/safs/saf/ip-rib-route-table-names/ip-rib-route-table-name/protocol/bgp/as/information,leaf7,219,IPv4,65027,0,0,1608,209880,default,219,Unicast,default
2020-01-21 08:08:33.523000+00:00,Cisco-IOS-XR-ip-rib-ipv4-oper:rib/vrfs/vrf/afs/af/safs/saf/ip-rib-route-table-names/ip-rib-route-table-name/protocol/bgp/as/information,leaf7,219,IPv4,65027,0,0,1608,209880,default,219,Unicast,default
2020-01-21 08:08:43.540000+00:00,Cisco-IOS-XR-ip-rib-ipv4-oper:rib/vrfs/vrf/afs/af/safs/saf/ip-rib-route-table-names/ip-rib-route-table-name/protocol/bgp/as/information,leaf7,219,IPv4,65027,0,0,1608,209880,default,219,Unicast,default
2020-01-21 08:08:53.535000+00:00,Cisco-IOS-XR-ip-rib-ipv4-oper:rib/vrfs/vrf/afs/af/safs/saf/ip-rib-route-table-names/ip-rib-route-table-name/protocol/bgp/as/information,leaf7,219,IPv4,65027,0,0,1608,209880,default,219,Unicast,default
2020-01-21 08:09:03.549000+00:00,Cisco-IOS-XR-ip-rib-ipv4-oper:rib/vrfs/vrf/afs/af/safs/saf/ip-rib-route-table-names/ip-rib-route-table-name/protocol/bgp/as/information,leaf7,219,IPv4,65027,0,0,1608,209880,default,219,Unicast,default
2020-01-21 08:09:13.535000+00:00,Cisco-IOS-XR-ip-rib-ipv4-oper:rib/vrfs/vrf/afs/af/safs/saf/ip-rib-route-table-names/ip-rib-route-table-name/protocol/bgp/as/information,leaf7,219,IPv4,65027,0,0,1608,209880,default,219,Unicast,default
2020-01-21 08:09:23.527000+00:00,Cisco-IOS-XR-ip-rib-ipv4-oper:rib/vrfs/vrf/afs/af/safs/saf/ip-rib-route-table-names/ip-rib-route-table-name/protocol/bgp/as/information,leaf7,219,IPv4,65027,0,0,1613,210440,default,219,Unicast,default
2020-01-21 08:09:33.525000+00:00,Cisco-IOS-XR-ip-rib-ipv4-oper:rib/vrfs/vrf/afs/af/safs/saf/ip-rib-route-table-names/ip-rib-route-table-name/protocol/bgp/as/information,leaf7,219,IPv4,65027,0,0,1613,210440,default,219,Unicast,default
2020-01-21 08:09:43.551000+00:00,Cisco-IOS-XR-ip-rib-ipv4-oper:rib/vrfs/vrf/afs/af/safs/saf/ip-rib-route-table-names/ip-rib-route-table-name/protocol/bgp/as/information,leaf7,219,IPv4,65027,0,0,1613,210440,default,219,Unicast,default
2020-01-21 08:09:53.536000+00:00,Cisco-IOS-XR-ip-rib-ipv4-oper:rib/vrfs/vrf/afs/af/safs/saf/ip-rib-route-table-names/ip-rib-route-table-name/protocol/bgp/as/information,leaf7,219,IPv4,65027,0,0,1608,209880,default,219,Unicast,default
2020-01-21 08:10:03.543000+00:00,Cisco-IOS-XR-ip-rib-ipv4-oper:rib/vrfs/vrf/afs/af/safs/saf/ip-rib-route-table-names/ip-rib-route-table-name/protocol/bgp/as/information,leaf7,219,IPv4,65027,0,0,1608,209880,default,219,Unicast,default
2020-01-21 08:10:13.522000+00:00,Cisco-IOS-XR-ip-rib-ipv4-oper:rib/vrfs/vrf/afs/af/safs/saf/ip-rib-route-table-names/ip-rib-route-table-name/protocol/bgp/as/information,leaf7,219,IPv4,65027,0,0,1608,209880,default,219,Unicast,default
2020-01-21 08:10:23.539000+00:00,Cisco-IOS-XR-ip-rib-ipv4-oper:rib/vrfs/vrf/afs/af/safs/saf/ip-rib-route-table-names/ip-rib-route-table-name/protocol/bgp/as/information,leaf7,219,IPv4,65027,0,0,1612,210328,default,219,Unicast,default
2020-01-21 08:10:33.551000+00:00,Cisco-IOS-XR-ip-rib-ipv4-oper:rib/vrfs/vrf/afs/af/safs/saf/ip-rib-route-table-names/ip-rib-route-table-name/protocol/bgp/as/information,leaf7,219,IPv4,65027,0,0,1612,210328,default,219,Unicast,default
2020-01-21 08:10:43.541000+00:00,Cisco-IOS-XR-ip-rib-ipv4-oper:rib/vrfs/vrf/afs/af/safs/saf/ip-rib-route-table-names/ip-rib-route-table-name/protocol/bgp/as/information,leaf7,219,IPv4,65027,0,0,1612,210328,default,219,Unicast,default
2020-01-21 08:10:53.553000+00:00,Cisco-IOS-XR-ip-rib-ipv4-oper:rib/vrfs/vrf/afs/af/safs/saf/ip-rib-route-table-names/ip-rib-route-table-name/protocol/bgp/as/information,leaf7,219,IPv4,65027,0,0,1604,209432,default,219,Unicast,default
2020-01-21 08:11:03.553000+00:00,Cisco-IOS-XR-ip-rib-ipv4-oper:rib/vrfs/vrf/afs/af/safs/saf/ip-rib-route-table-names/ip-rib-route-table-name/protocol/bgp/as/information,leaf7,219,IPv4,65027,0,0,1604,209432,default,219,Unicast,default
2020-01-21 08:11:13.532000+00:00,Cisco-IOS-XR-ip-rib-ipv4-oper:rib/vrfs/vrf/afs/af/safs/saf/ip-rib-route-table-names/ip-rib-route-table-name/protocol/bgp/as/information,leaf7,219,IPv4,65027,0,0,1604,209432,default,219,Unicast,default
2020-01-21 08:11:23.518000+00:00,Cisco-IOS-XR-ip-rib-ipv4-oper:rib/vrfs/vrf/afs/af/safs/saf/ip-rib-route-table-names/ip-rib-route-table-name/protocol/bgp/as/information,leaf7,219,IPv4,65027,0,0,1607,209768,default,219,Unicast,default
2020-01-21 08:11:33.541000+00:00,Cisco-IOS-XR-ip-rib-ipv4-oper:rib/vrfs/vrf/afs/af/safs/saf/ip-rib-route-table-names/ip-rib-route-table-name/protocol/bgp/as/information,leaf7,219,IPv4,65027,0,0,1607,209768,default,219,Unicast,default
2020-01-21 08:11:43.541000+00:00,Cisco-IOS-XR-ip-rib-ipv4-oper:rib/vrfs/vrf/afs/af/safs/saf/ip-rib-route-table-names/ip-rib-route-table-name/protocol/bgp/as/information,leaf7,219,IPv4,65027,0,0,1607,209768,default,219,Unicast,default
2020-01-21 08:11:53.511000+00:00,Cisco-IOS-XR-ip-rib-ipv4-oper:rib/vrfs/vrf/afs/af/safs/saf/ip-rib-route-table-names/ip-rib-route-table-name/protocol/bgp/as/information,leaf7,219,IPv4,65027,0,0,1607,209768,default,219,Unicast,default
2020-01-21 08:12:03.542000+00:00,Cisco-IOS-XR-ip-rib-ipv4-oper:rib/vrfs/vrf/afs/af/safs/saf/ip-rib-route-table-names/ip-rib-route-table-name/protocol/bgp/as/information,leaf7,219,IPv4,65027,0,0,1608,209880,default,219,Unicast,default
2020-01-21 08:12:13.563000+00:00,Cisco-IOS-XR-ip-rib-ipv4-oper:rib/vrfs/vrf/afs/af/safs/saf/ip-rib-route-table-names/ip-rib-route-table-name/protocol/bgp/as/information,leaf7,219,IPv4,65027,0,0,1608,209880,default,219,Unicast,default
2020-01-21 08:12:23.544000+00:00,Cisco-IOS-XR-ip-rib-ipv4-oper:rib/vrfs/vrf/afs/af/safs/saf/ip-rib-route-table-names/ip-rib-route-table-name/protocol/bgp/as/information,leaf7,219,IPv4,65027,0,0,1608,209880,default,219,Unicast,default
2020-01-21 08:12:33.552000+00:00,Cisco-IOS-XR-ip-rib-ipv4-oper:rib/vrfs/vrf/afs/af/safs/saf/ip-rib-route-table-names/ip-rib-route-table-name/protocol/bgp/as/information,leaf7,219,IPv4,65027,0,0,1624,211672,default,219,Unicast,default
2020-01-21 08:12:43.813000+00:00,Cisco-IOS-XR-ip-rib-ipv4-oper:rib/vrfs/vrf/afs/af/safs/saf/ip-rib-route-table-names/ip-rib-route-table-name/protocol/bgp/as/information,leaf7,219,IPv4,65027,0,0,1624,211672,default,219,Unicast,default
2020-01-21 08:12:53.536000+00:00,Cisco-IOS-XR-ip-rib-ipv4-oper:rib/vrfs/vrf/afs/af/safs/saf/ip-rib-route-table-names/ip-rib-route-table-name/protocol/bgp/as/information,leaf7,219,IPv4,65027,0,0,1609,209992,default,219,Unicast,default
2020-01-21 08:13:03.544000+00:00,Cisco-IOS-XR-ip-rib-ipv4-oper:rib/vrfs/vrf/afs/af/safs/saf/ip-rib-route-table-names/ip-rib-route-table-name/protocol/bgp/as/information,leaf7,219,IPv4,65027,0,0,1617,210888,default,219,Unicast,default
2020-01-21 08:13:13.556000+00:00,Cisco-IOS-XR-ip-rib-ipv4-oper:rib/vrfs/vrf/afs/af/safs/saf/ip-rib-route-table-names/ip-rib-route-table-name/protocol/bgp/as/information,leaf7,219,IPv4,65027,0,0,1617,210888,default,219,Unicast,default
2020-01-21 08:13:23.548000+00:00,Cisco-IOS-XR-ip-rib-ipv4-oper:rib/vrfs/vrf/afs/af/safs/saf/ip-rib-route-table-names/ip-rib-route-table-name/protocol/bgp/as/information,leaf7,219,IPv4,65027,0,0,1604,209432,default,219,Unicast,default
2020-01-21 08:13:33.562000+00:00,Cisco-IOS-XR-ip-rib-ipv4-oper:rib/vrfs/vrf/afs/af/safs/saf/ip-rib-route-table-names/ip-rib-route-table-name/protocol/bgp/as/information,leaf7,219,IPv4,65027,0,0,1612,210328,default,219,Unicast,default
2020-01-21 08:13:43.529000+00:00,Cisco-IOS-XR-ip-rib-ipv4-oper:rib/vrfs/vrf/afs/af/safs/saf/ip-rib-route-table-names/ip-rib-route-table-name/protocol/bgp/as/information,leaf7,219,IPv4,65027,0,0,1612,210328,default,219,Unicast,default
2020-01-21 08:13:53.755000+00:00,Cisco-IOS-XR-ip-rib-ipv4-oper:rib/vrfs/vrf/afs/af/safs/saf/ip-rib-route-table-names/ip-rib-route-table-name/protocol/bgp/as/information,leaf7,219,IPv4,65027,0,0,1617,210888,default,219,Unicast,default
2020-01-21 08:14:03.560000+00:00,Cisco-IOS-XR-ip-rib-ipv4-oper:rib/vrfs/vrf/afs/af/safs/saf/ip-rib-route-table-names/ip-rib-route-table-name/protocol/bgp/as/information,leaf7,219,IPv4,65027,0,0,1616,210776,default,219,Unicast,default
2020-01-21 08:14:13.563000+00:00,Cisco-IOS-XR-ip-rib-ipv4-oper:rib/vrfs/vrf/afs/af/safs/saf/ip-rib-route-table-names/ip-rib-route-table-name/protocol/bgp/as/information,leaf7,219,IPv4,65027,0,0,1616,210776,default,219,Unicast,default
2020-01-21 08:14:23.540000+00:00,Cisco-IOS-XR-ip-rib-ipv4-oper:rib/vrfs/vrf/afs/af/safs/saf/ip-rib-route-table-names/ip-rib-route-table-name/protocol/bgp/as/information,leaf7,219,IPv4,65027,0,0,1614,210552,default,219,Unicast,default
2020-01-21 08:14:33.543000+00:00,Cisco-IOS-XR-ip-rib-ipv4-oper:rib/vrfs/vrf/afs/af/safs/saf/ip-rib-route-table-names/ip-rib-route-table-name/protocol/bgp/as/information,leaf7,219,IPv4,65027,0,0,1608,209880,default,219,Unicast,default
2020-01-21 08:14:43.527000+00:00,Cisco-IOS-XR-ip-rib-ipv4-oper:rib/vrfs/vrf/afs/af/safs/saf/ip-rib-route-table-names/ip-rib-route-table-name/protocol/bgp/as/information,leaf7,219,IPv4,65027,0,0,1608,209880,default,219,Unicast,default
2020-01-21 08:14:53.531000+00:00,Cisco-IOS-XR-ip-rib-ipv4-oper:rib/vrfs/vrf/afs/af/safs/saf/ip-rib-route-table-names/ip-rib-route-table-name/protocol/bgp/as/information,leaf7,219,IPv4,65027,0,0,1613,210440,default,219,Unicast,default
2020-01-21 08:15:03.532000+00:00,Cisco-IOS-XR-ip-rib-ipv4-oper:rib/vrfs/vrf/afs/af/safs/saf/ip-rib-route-table-names/ip-rib-route-table-name/protocol/bgp/as/information,leaf7,219,IPv4,65027,0,0,1612,210328,default,219,Unicast,default
2020-01-21 08:15:13.544000+00:00,Cisco-IOS-XR-ip-rib-ipv4-oper:rib/vrfs/vrf/afs/af/safs/saf/ip-rib-route-table-names/ip-rib-route-table-name/protocol/bgp/as/information,leaf7,219,IPv4,65027,0,0,1612,210328,default,219,Unicast,default
2020-01-21 08:15:23.550000+00:00,Cisco-IOS-XR-ip-rib-ipv4-oper:rib/vrfs/vrf/afs/af/safs/saf/ip-rib-route-table-names/ip-rib-route-table-name/protocol/bgp/as/information,leaf7,219,IPv4,65027,0,0,1613,210440,default,219,Unicast,default
2020-01-21 08:15:33.540000+00:00,Cisco-IOS-XR-ip-rib-ipv4-oper:rib/vrfs/vrf/afs/af/safs/saf/ip-rib-route-table-names/ip-rib-route-table-name/protocol/bgp/as/information,leaf7,219,IPv4,65027,0,0,1608,209880,default,219,Unicast,default
2020-01-21 08:15:43.562000+00:00,Cisco-IOS-XR-ip-rib-ipv4-oper:rib/vrfs/vrf/afs/af/safs/saf/ip-rib-route-table-names/ip-rib-route-table-name/protocol/bgp/as/information,leaf7,219,IPv4,65027,0,0,1608,209880,default,219,Unicast,default
2020-01-21 08:15:53.561000+00:00,Cisco-IOS-XR-ip-rib-ipv4-oper:rib/vrfs/vrf/afs/af/safs/saf/ip-rib-route-table-names/ip-rib-route-table-name/protocol/bgp/as/information,leaf7,219,IPv4,65027,0,0,1605,209544,default,219,Unicast,default
2020-01-21 08:16:03.560000+00:00,Cisco-IOS-XR-ip-rib-ipv4-oper:rib/vrfs/vrf/afs/af/safs/saf/ip-rib-route-table-names/ip-rib-route-table-name/protocol/bgp/as/information,leaf7,219,IPv4,65027,0,0,1604,209432,default,219,Unicast,default
2020-01-21 08:16:13.538000+00:00,Cisco-IOS-XR-ip-rib-ipv4-oper:rib/vrfs/vrf/afs/af/safs/saf/ip-rib-route-table-names/ip-rib-route-table-name/protocol/bgp/as/information,leaf7,219,IPv4,65027,0,0,1604,209432,default,219,Unicast,default
2020-01-21 08:16:23.545000+00:00,Cisco-IOS-XR-ip-rib-ipv4-oper:rib/vrfs/vrf/afs/af/safs/saf/ip-rib-route-table-names/ip-rib-route-table-name/protocol/bgp/as/information,leaf7,219,IPv4,65027,0,0,1608,209880,default,219,Unicast,default
2020-01-21 08:16:33.530000+00:00,Cisco-IOS-XR-ip-rib-ipv4-oper:rib/vrfs/vrf/afs/af/safs/saf/ip-rib-route-table-names/ip-rib-route-table-name/protocol/bgp/as/information,leaf7,218,IPv4,65027,0,1,1603,209320,default,219,Unicast,default
2020-01-21 08:16:43.530000+00:00,Cisco-IOS-XR-ip-rib-ipv4-oper:rib/vrfs/vrf/afs/af/safs/saf/ip-rib-route-table-names/ip-rib-route-table-name/protocol/bgp/as/information,leaf7,218,IPv4,65027,0,0,1603,209184,default,218,Unicast,default
2020-01-21 08:16:53.560000+00:00,Cisco-IOS-XR-ip-rib-ipv4-oper:rib/vrfs/vrf/afs/af/safs/saf/ip-rib-route-table-names/ip-rib-route-table-name/protocol/bgp/as/information,leaf7,219,IPv4,65027,0,0,1604,209432,default,219,Unicast,default
2020-01-21 08:17:03.555000+00:00,Cisco-IOS-XR-ip-rib-ipv4-oper:rib/vrfs/vrf/afs/af/safs/saf/ip-rib-route-table-names/ip-rib-route-table-name/protocol/bgp/as/information,leaf7,219,IPv4,65027,0,0,1604,209432,default,219,Unicast,default
2020-01-21 08:17:13.554000+00:00,Cisco-IOS-XR-ip-rib-ipv4-oper:rib/vrfs/vrf/afs/af/safs/saf/ip-rib-route-table-names/ip-rib-route-table-name/protocol/bgp/as/information,leaf7,219,IPv4,65027,0,0,1604,209432,default,219,Unicast,default
2020-01-21 08:17:23.540000+00:00,Cisco-IOS-XR-ip-rib-ipv4-oper:rib/vrfs/vrf/afs/af/safs/saf/ip-rib-route-table-names/ip-rib-route-table-name/protocol/bgp/as/information,leaf7,219,IPv4,65027,0,0,1608,209880,default,219,Unicast,default
2020-01-21 08:17:33.551000+00:00,Cisco-IOS-XR-ip-rib-ipv4-oper:rib/vrfs/vrf/afs/af/safs/saf/ip-rib-route-table-names/ip-rib-route-table-name/protocol/bgp/as/information,leaf7,218,IPv4,65027,0,1,1603,209320,default,219,Unicast,default
2020-01-21 08:17:43.529000+00:00,Cisco-IOS-XR-ip-rib-ipv4-oper:rib/vrfs/vrf/afs/af/safs/saf/ip-rib-route-table-names/ip-rib-route-table-name/protocol/bgp/as/information,leaf7,218,IPv4,65027,0,0,1603,209184,default,218,Unicast,default
2020-01-21 08:17:53.739000+00:00,Cisco-IOS-XR-ip-rib-ipv4-oper:rib/vrfs/vrf/afs/af/safs/saf/ip-rib-route-table-names/ip-rib-route-table-name/protocol/bgp/as/information,leaf7,219,IPv4,65027,0,0,1615,210664,default,219,Unicast,default
2020-01-21 08:18:03.548000+00:00,Cisco-IOS-XR-ip-rib-ipv4-oper:rib/vrfs/vrf/afs/af/safs/saf/ip-rib-route-table-names/ip-rib-route-table-name/protocol/bgp/as/information,leaf7,219,IPv4,65027,0,0,1608,209880,default,219,Unicast,default
2020-01-21 08:18:13.542000+00:00,Cisco-IOS-XR-ip-rib-ipv4-oper:rib/vrfs/vrf/afs/af/safs/saf/ip-rib-route-table-names/ip-rib-route-table-name/protocol/bgp/as/information,leaf7,219,IPv4,65027,0,0,1608,209880,default,219,Unicast,default
2020-01-21 08:18:23.542000+00:00,Cisco-IOS-XR-ip-rib-ipv4-oper:rib/vrfs/vrf/afs/af/safs/saf/ip-rib-route-table-names/ip-rib-route-table-name/protocol/bgp/as/information,leaf7,219,IPv4,65027,0,0,1608,209880,default,219,Unicast,default
2020-01-21 08:18:33.532000+00:00,Cisco-IOS-XR-ip-rib-ipv4-oper:rib/vrfs/vrf/afs/af/safs/saf/ip-rib-route-table-names/ip-rib-route-table-name/protocol/bgp/as/information,leaf7,219,IPv4,65027,0,0,1608,209880,default,219,Unicast,default
2020-01-21 08:18:43.538000+00:00,Cisco-IOS-XR-ip-rib-ipv4-oper:rib/vrfs/vrf/afs/af/safs/saf/ip-rib-route-table-names/ip-rib-route-table-name/protocol/bgp/as/information,leaf7,219,IPv4,65027,0,0,1608,209880,default,219,Unicast,default
2020-01-21 08:18:53.543000+00:00,Cisco-IOS-XR-ip-rib-ipv4-oper:rib/vrfs/vrf/afs/af/safs/saf/ip-rib-route-table-names/ip-rib-route-table-name/protocol/bgp/as/information,leaf7,219,IPv4,65027,0,0,1620,211224,default,219,Unicast,default
2020-01-21 08:19:03.546000+00:00,Cisco-IOS-XR-ip-rib-ipv4-oper:rib/vrfs/vrf/afs/af/safs/saf/ip-rib-route-table-names/ip-rib-route-table-name/protocol/bgp/as/information,leaf7,219,IPv4,65027,0,0,1620,211224,default,219,Unicast,default
2020-01-21 08:19:13.552000+00:00,Cisco-IOS-XR-ip-rib-ipv4-oper:rib/vrfs/vrf/afs/af/safs/saf/ip-rib-route-table-names/ip-rib-route-table-name/protocol/bgp/as/information,leaf7,219,IPv4,65027,0,0,1620,211224,default,219,Unicast,default
2020-01-21 08:19:23.541000+00:00,Cisco-IOS-XR-ip-rib-ipv4-oper:rib/vrfs/vrf/afs/af/safs/saf/ip-rib-route-table-names/ip-rib-route-table-name/protocol/bgp/as/information,leaf7,220,IPv4,65027,0,0,1628,212256,default,220,Unicast,default
2020-01-21 08:19:33.528000+00:00,Cisco-IOS-XR-ip-rib-ipv4-oper:rib/vrfs/vrf/afs/af/safs/saf/ip-rib-route-table-names/ip-rib-route-table-name/protocol/bgp/as/information,leaf7,220,IPv4,65027,0,0,1628,212256,default,220,Unicast,default
2020-01-21 08:19:43.548000+00:00,Cisco-IOS-XR-ip-rib-ipv4-oper:rib/vrfs/vrf/afs/af/safs/saf/ip-rib-route-table-names/ip-rib-route-table-name/protocol/bgp/as/information,leaf7,220,IPv4,65027,0,0,1628,212256,default,220,Unicast,default
2020-01-21 08:19:53.538000+00:00,Cisco-IOS-XR-ip-rib-ipv4-oper:rib/vrfs/vrf/afs/af/safs/saf/ip-rib-route-table-names/ip-rib-route-table-name/protocol/bgp/as/information,leaf7,220,IPv4,65027,0,0,1629,212368,default,220,Unicast,default
2020-01-21 08:20:03.562000+00:00,Cisco-IOS-XR-ip-rib-ipv4-oper:rib/vrfs/vrf/afs/af/safs/saf/ip-rib-route-table-names/ip-rib-route-table-name/protocol/bgp/as/information,leaf7,220,IPv4,65027,0,0,1629,212368,default,220,Unicast,default
2020-01-21 08:20:13.531000+00:00,Cisco-IOS-XR-ip-rib-ipv4-oper:rib/vrfs/vrf/afs/af/safs/saf/ip-rib-route-table-names/ip-rib-route-table-name/protocol/bgp/as/information,leaf7,220,IPv4,65027,0,0,1629,212368,default,220,Unicast,default
2020-01-21 08:20:23.534000+00:00,Cisco-IOS-XR-ip-rib-ipv4-oper:rib/vrfs/vrf/afs/af/safs/saf/ip-rib-route-table-names/ip-rib-route-table-name/protocol/bgp/as/information,leaf7,220,IPv4,65027,0,0,1625,211920,default,220,Unicast,default
2020-01-21 08:20:33.552000+00:00,Cisco-IOS-XR-ip-rib-ipv4-oper:rib/vrfs/vrf/afs/af/safs/saf/ip-rib-route-table-names/ip-rib-route-table-name/protocol/bgp/as/information,leaf7,220,IPv4,65027,0,0,1625,211920,default,220,Unicast,default
2020-01-21 08:20:43.536000+00:00,Cisco-IOS-XR-ip-rib-ipv4-oper:rib/vrfs/vrf/afs/af/safs/saf/ip-rib-route-table-names/ip-rib-route-table-name/protocol/bgp/as/information,leaf7,220,IPv4,65027,0,0,1625,211920,default,220,Unicast,default
2020-01-21 08:20:53.551000+00:00,Cisco-IOS-XR-ip-rib-ipv4-oper:rib/vrfs/vrf/afs/af/safs/saf/ip-rib-route-table-names/ip-rib-route-table-name/protocol/bgp/as/information,leaf7,220,IPv4,65027,0,0,1617,211024,default,220,Unicast,default
2020-01-21 08:21:03.543000+00:00,Cisco-IOS-XR-ip-rib-ipv4-oper:rib/vrfs/vrf/afs/af/safs/saf/ip-rib-route-table-names/ip-rib-route-table-name/protocol/bgp/as/information,leaf7,220,IPv4,65027,0,0,1616,210912,default,220,Unicast,default
2020-01-21 08:21:13.530000+00:00,Cisco-IOS-XR-ip-rib-ipv4-oper:rib/vrfs/vrf/afs/af/safs/saf/ip-rib-route-table-names/ip-rib-route-table-name/protocol/bgp/as/information,leaf7,220,IPv4,65027,0,0,1616,210912,default,220,Unicast,default
2020-01-21 08:21:23.552000+00:00,Cisco-IOS-XR-ip-rib-ipv4-oper:rib/vrfs/vrf/afs/af/safs/saf/ip-rib-route-table-names/ip-rib-route-table-name/protocol/bgp/as/information,leaf7,219,IPv4,65027,0,1,1610,210240,default,220,Unicast,default
2020-01-21 08:21:33.550000+00:00,Cisco-IOS-XR-ip-rib-ipv4-oper:rib/vrfs/vrf/afs/af/safs/saf/ip-rib-route-table-names/ip-rib-route-table-name/protocol/bgp/as/information,leaf7,219,IPv4,65027,0,1,1609,210128,default,220,Unicast,default
2020-01-21 08:21:43.527000+00:00,Cisco-IOS-XR-ip-rib-ipv4-oper:rib/vrfs/vrf/afs/af/safs/saf/ip-rib-route-table-names/ip-rib-route-table-name/protocol/bgp/as/information,leaf7,219,IPv4,65027,0,0,1609,209992,default,219,Unicast,default
2020-01-21 08:21:53.534000+00:00,Cisco-IOS-XR-ip-rib-ipv4-oper:rib/vrfs/vrf/afs/af/safs/saf/ip-rib-route-table-names/ip-rib-route-table-name/protocol/bgp/as/information,leaf7,219,IPv4,65027,0,0,1605,209544,default,219,Unicast,default
2020-01-21 08:22:03.547000+00:00,Cisco-IOS-XR-ip-rib-ipv4-oper:rib/vrfs/vrf/afs/af/safs/saf/ip-rib-route-table-names/ip-rib-route-table-name/protocol/bgp/as/information,leaf7,219,IPv4,65027,0,0,1605,209544,default,219,Unicast,default
2020-01-21 08:22:13.549000+00:00,Cisco-IOS-XR-ip-rib-ipv4-oper:rib/vrfs/vrf/afs/af/safs/saf/ip-rib-route-table-names/ip-rib-route-table-name/protocol/bgp/as/information,leaf7,219,IPv4,65027,0,0,1605,209544,default,219,Unicast,default
2020-01-21 08:22:23.528000+00:00,Cisco-IOS-XR-ip-rib-ipv4-oper:rib/vrfs/vrf/afs/af/safs/saf/ip-rib-route-table-names/ip-rib-route-table-name/protocol/bgp/as/information,leaf7,219,IPv4,65027,0,0,1604,209432,default,219,Unicast,default
2020-01-21 08:22:33.544000+00:00,Cisco-IOS-XR-ip-rib-ipv4-oper:rib/vrfs/vrf/afs/af/safs/saf/ip-rib-route-table-names/ip-rib-route-table-name/protocol/bgp/as/information,leaf7,218,IPv4,65027,0,1,1603,209320,default,219,Unicast,default
2020-01-21 08:22:43.549000+00:00,Cisco-IOS-XR-ip-rib-ipv4-oper:rib/vrfs/vrf/afs/af/safs/saf/ip-rib-route-table-names/ip-rib-route-table-name/protocol/bgp/as/information,leaf7,218,IPv4,65027,0,0,1603,209184,default,218,Unicast,default
2020-01-21 08:22:53.550000+00:00,Cisco-IOS-XR-ip-rib-ipv4-oper:rib/vrfs/vrf/afs/af/safs/saf/ip-rib-route-table-names/ip-rib-route-table-name/protocol/bgp/as/information,leaf7,218,IPv4,65027,0,0,1603,209184,default,218,Unicast,default
2020-01-21 08:23:03.754000+00:00,Cisco-IOS-XR-ip-rib-ipv4-oper:rib/vrfs/vrf/afs/af/safs/saf/ip-rib-route-table-names/ip-rib-route-table-name/protocol/bgp/as/information,leaf7,218,IPv4,65027,0,0,1603,209184,default,218,Unicast,default
2020-01-21 08:23:13.531000+00:00,Cisco-IOS-XR-ip-rib-ipv4-oper:rib/vrfs/vrf/afs/af/safs/saf/ip-rib-route-table-names/ip-rib-route-table-name/protocol/bgp/as/information,leaf7,218,IPv4,65027,0,0,1603,209184,default,218,Unicast,default
2020-01-21 08:23:23.552000+00:00,Cisco-IOS-XR-ip-rib-ipv4-oper:rib/vrfs/vrf/afs/af/safs/saf/ip-rib-route-table-names/ip-rib-route-table-name/protocol/bgp/as/information,leaf7,218,IPv4,65027,0,0,1603,209184,default,218,Unicast,default
2020-01-21 08:23:33.553000+00:00,Cisco-IOS-XR-ip-rib-ipv4-oper:rib/vrfs/vrf/afs/af/safs/saf/ip-rib-route-table-names/ip-rib-route-table-name/protocol/bgp/as/information,leaf7,218,IPv4,65027,0,0,1603,209184,default,218,Unicast,default
2020-01-21 08:23:43.551000+00:00,Cisco-IOS-XR-ip-rib-ipv4-oper:rib/vrfs/vrf/afs/af/safs/saf/ip-rib-route-table-names/ip-rib-route-table-name/protocol/bgp/as/information,leaf7,218,IPv4,65027,0,0,1603,209184,default,218,Unicast,default
2020-01-21 08:23:53.559000+00:00,Cisco-IOS-XR-ip-rib-ipv4-oper:rib/vrfs/vrf/afs/af/safs/saf/ip-rib-route-table-names/ip-rib-route-table-name/protocol/bgp/as/information,leaf7,218,IPv4,65027,0,0,1603,209184,default,218,Unicast,default
2020-01-21 08:24:03.536000+00:00,Cisco-IOS-XR-ip-rib-ipv4-oper:rib/vrfs/vrf/afs/af/safs/saf/ip-rib-route-table-names/ip-rib-route-table-name/protocol/bgp/as/information,leaf7,218,IPv4,65027,0,0,1603,209184,default,218,Unicast,default
2020-01-21 08:24:13.548000+00:00,Cisco-IOS-XR-ip-rib-ipv4-oper:rib/vrfs/vrf/afs/af/safs/saf/ip-rib-route-table-names/ip-rib-route-table-name/protocol/bgp/as/information,leaf7,218,IPv4,65027,0,0,1603,209184,default,218,Unicast,default
2020-01-21 08:24:23.535000+00:00,Cisco-IOS-XR-ip-rib-ipv4-oper:rib/vrfs/vrf/afs/af/safs/saf/ip-rib-route-table-names/ip-rib-route-table-name/protocol/bgp/as/information,leaf7,218,IPv4,65027,0,0,1603,209184,default,218,Unicast,default
2020-01-21 08:24:33.546000+00:00,Cisco-IOS-XR-ip-rib-ipv4-oper:rib/vrfs/vrf/afs/af/safs/saf/ip-rib-route-table-names/ip-rib-route-table-name/protocol/bgp/as/information,leaf7,218,IPv4,65027,0,0,1603,209184,default,218,Unicast,default
2020-01-21 08:24:43.532000+00:00,Cisco-IOS-XR-ip-rib-ipv4-oper:rib/vrfs/vrf/afs/af/safs/saf/ip-rib-route-table-names/ip-rib-route-table-name/protocol/bgp/as/information,leaf7,218,IPv4,65027,0,0,1603,209184,default,218,Unicast,default
2020-01-21 08:24:53.541000+00:00,Cisco-IOS-XR-ip-rib-ipv4-oper:rib/vrfs/vrf/afs/af/safs/saf/ip-rib-route-table-names/ip-rib-route-table-name/protocol/bgp/as/information,leaf7,219,IPv4,65027,0,0,1608,209880,default,219,Unicast,default
2020-01-21 08:25:03.550000+00:00,Cisco-IOS-XR-ip-rib-ipv4-oper:rib/vrfs/vrf/afs/af/safs/saf/ip-rib-route-table-names/ip-rib-route-table-name/protocol/bgp/as/information,leaf7,219,IPv4,65027,0,0,1608,209880,default,219,Unicast,default
2020-01-21 08:25:13.543000+00:00,Cisco-IOS-XR-ip-rib-ipv4-oper:rib/vrfs/vrf/afs/af/safs/saf/ip-rib-route-table-names/ip-rib-route-table-name/protocol/bgp/as/information,leaf7,219,IPv4,65027,0,0,1608,209880,default,219,Unicast,default
2020-01-21 08:25:23.545000+00:00,Cisco-IOS-XR-ip-rib-ipv4-oper:rib/vrfs/vrf/afs/af/safs/saf/ip-rib-route-table-names/ip-rib-route-table-name/protocol/bgp/as/information,leaf7,219,IPv4,65027,0,0,1609,209992,default,219,Unicast,default
2020-01-21 08:25:33.545000+00:00,Cisco-IOS-XR-ip-rib-ipv4-oper:rib/vrfs/vrf/afs/af/safs/saf/ip-rib-route-table-names/ip-rib-route-table-name/protocol/bgp/as/information,leaf7,219,IPv4,65027,0,0,1608,209880,default,219,Unicast,default
2020-01-21 08:25:43.531000+00:00,Cisco-IOS-XR-ip-rib-ipv4-oper:rib/vrfs/vrf/afs/af/safs/saf/ip-rib-route-table-names/ip-rib-route-table-name/protocol/bgp/as/information,leaf7,219,IPv4,65027,0,0,1608,209880,default,219,Unicast,default
2020-01-21 08:25:53.544000+00:00,Cisco-IOS-XR-ip-rib-ipv4-oper:rib/vrfs/vrf/afs/af/safs/saf/ip-rib-route-table-names/ip-rib-route-table-name/protocol/bgp/as/information,leaf7,219,IPv4,65027,0,0,1608,209880,default,219,Unicast,default
2020-01-21 08:26:03.549000+00:00,Cisco-IOS-XR-ip-rib-ipv4-oper:rib/vrfs/vrf/afs/af/safs/saf/ip-rib-route-table-names/ip-rib-route-table-name/protocol/bgp/as/information,leaf7,219,IPv4,65027,0,0,1608,209880,default,219,Unicast,default
2020-01-21 08:26:13.533000+00:00,Cisco-IOS-XR-ip-rib-ipv4-oper:rib/vrfs/vrf/afs/af/safs/saf/ip-rib-route-table-names/ip-rib-route-table-name/protocol/bgp/as/information,leaf7,219,IPv4,65027,0,0,1608,209880,default,219,Unicast,default
2020-01-21 08:26:23.545000+00:00,Cisco-IOS-XR-ip-rib-ipv4-oper:rib/vrfs/vrf/afs/af/safs/saf/ip-rib-route-table-names/ip-rib-route-table-name/protocol/bgp/as/information,leaf7,219,IPv4,65027,0,0,1608,209880,default,219,Unicast,default
2020-01-21 08:26:33.542000+00:00,Cisco-IOS-XR-ip-rib-ipv4-oper:rib/vrfs/vrf/afs/af/safs/saf/ip-rib-route-table-names/ip-rib-route-table-name/protocol/bgp/as/information,leaf7,219,IPv4,65027,0,0,1608,209880,default,219,Unicast,default
2020-01-21 08:26:43.530000+00:00,Cisco-IOS-XR-ip-rib-ipv4-oper:rib/vrfs/vrf/afs/af/safs/saf/ip-rib-route-table-names/ip-rib-route-table-name/protocol/bgp/as/information,leaf7,219,IPv4,65027,0,0,1608,209880,default,219,Unicast,default
2020-01-21 08:26:53.530000+00:00,Cisco-IOS-XR-ip-rib-ipv4-oper:rib/vrfs/vrf/afs/af/safs/saf/ip-rib-route-table-names/ip-rib-route-table-name/protocol/bgp/as/information,leaf7,219,IPv4,65027,0,0,1608,209880,default,219,Unicast,default
2020-01-21 08:27:03.564000+00:00,Cisco-IOS-XR-ip-rib-ipv4-oper:rib/vrfs/vrf/afs/af/safs/saf/ip-rib-route-table-names/ip-rib-route-table-name/protocol/bgp/as/information,leaf7,219,IPv4,65027,0,0,1608,209880,default,219,Unicast,default
2020-01-21 08:27:13.740000+00:00,Cisco-IOS-XR-ip-rib-ipv4-oper:rib/vrfs/vrf/afs/af/safs/saf/ip-rib-route-table-names/ip-rib-route-table-name/protocol/bgp/as/information,leaf7,219,IPv4,65027,0,0,1608,209880,default,219,Unicast,default
2020-01-21 08:27:23.563000+00:00,Cisco-IOS-XR-ip-rib-ipv4-oper:rib/vrfs/vrf/afs/af/safs/saf/ip-rib-route-table-names/ip-rib-route-table-name/protocol/bgp/as/information,leaf7,219,IPv4,65027,0,0,1608,209880,default,219,Unicast,default
2020-01-21 08:27:33.564000+00:00,Cisco-IOS-XR-ip-rib-ipv4-oper:rib/vrfs/vrf/afs/af/safs/saf/ip-rib-route-table-names/ip-rib-route-table-name/protocol/bgp/as/information,leaf7,219,IPv4,65027,0,0,1608,209880,default,219,Unicast,default
2020-01-21 08:27:43.529000+00:00,Cisco-IOS-XR-ip-rib-ipv4-oper:rib/vrfs/vrf/afs/af/safs/saf/ip-rib-route-table-names/ip-rib-route-table-name/protocol/bgp/as/information,leaf7,219,IPv4,65027,0,0,1608,209880,default,219,Unicast,default
2020-01-21 08:27:53.571000+00:00,Cisco-IOS-XR-ip-rib-ipv4-oper:rib/vrfs/vrf/afs/af/safs/saf/ip-rib-route-table-names/ip-rib-route-table-name/protocol/bgp/as/information,leaf7,219,IPv4,65027,0,0,1608,209880,default,219,Unicast,default
2020-01-21 08:28:03.549000+00:00,Cisco-IOS-XR-ip-rib-ipv4-oper:rib/vrfs/vrf/afs/af/safs/saf/ip-rib-route-table-names/ip-rib-route-table-name/protocol/bgp/as/information,leaf7,219,IPv4,65027,0,0,1608,209880,default,219,Unicast,default
2020-01-21 08:28:13.822000+00:00,Cisco-IOS-XR-ip-rib-ipv4-oper:rib/vrfs/vrf/afs/af/safs/saf/ip-rib-route-table-names/ip-rib-route-table-name/protocol/bgp/as/information,leaf7,219,IPv4,65027,0,0,1608,209880,default,219,Unicast,default
2020-01-21 08:28:23.540000+00:00,Cisco-IOS-XR-ip-rib-ipv4-oper:rib/vrfs/vrf/afs/af/safs/saf/ip-rib-route-table-names/ip-rib-route-table-name/protocol/bgp/as/information,leaf7,219,IPv4,65027,0,0,1608,209880,default,219,Unicast,default
2020-01-21 08:28:33.535000+00:00,Cisco-IOS-XR-ip-rib-ipv4-oper:rib/vrfs/vrf/afs/af/safs/saf/ip-rib-route-table-names/ip-rib-route-table-name/protocol/bgp/as/information,leaf7,219,IPv4,65027,0,0,1608,209880,default,219,Unicast,default
2020-01-21 08:28:43.565000+00:00,Cisco-IOS-XR-ip-rib-ipv4-oper:rib/vrfs/vrf/afs/af/safs/saf/ip-rib-route-table-names/ip-rib-route-table-name/protocol/bgp/as/information,leaf7,219,IPv4,65027,0,0,1608,209880,default,219,Unicast,default
2020-01-21 08:28:53.583000+00:00,Cisco-IOS-XR-ip-rib-ipv4-oper:rib/vrfs/vrf/afs/af/safs/saf/ip-rib-route-table-names/ip-rib-route-table-name/protocol/bgp/as/information,leaf7,219,IPv4,65027,0,0,1608,209880,default,219,Unicast,default
2020-01-21 08:29:03.545000+00:00,Cisco-IOS-XR-ip-rib-ipv4-oper:rib/vrfs/vrf/afs/af/safs/saf/ip-rib-route-table-names/ip-rib-route-table-name/protocol/bgp/as/information,leaf7,219,IPv4,65027,0,0,1608,209880,default,219,Unicast,default
2020-01-21 08:29:13.542000+00:00,Cisco-IOS-XR-ip-rib-ipv4-oper:rib/vrfs/vrf/afs/af/safs/saf/ip-rib-route-table-names/ip-rib-route-table-name/protocol/bgp/as/information,leaf7,219,IPv4,65027,0,0,1608,209880,default,219,Unicast,default
2020-01-21 08:29:23.589000+00:00,Cisco-IOS-XR-ip-rib-ipv4-oper:rib/vrfs/vrf/afs/af/safs/saf/ip-rib-route-table-names/ip-rib-route-table-name/protocol/bgp/as/information,leaf7,219,IPv4,65027,0,0,1608,209880,default,219,Unicast,default
2020-01-21 08:29:33.576000+00:00,Cisco-IOS-XR-ip-rib-ipv4-oper:rib/vrfs/vrf/afs/af/safs/saf/ip-rib-route-table-names/ip-rib-route-table-name/protocol/bgp/as/information,leaf7,219,IPv4,65027,0,0,1608,209880,default,219,Unicast,default
2020-01-21 08:29:43.538000+00:00,Cisco-IOS-XR-ip-rib-ipv4-oper:rib/vrfs/vrf/afs/af/safs/saf/ip-rib-route-table-names/ip-rib-route-table-name/protocol/bgp/as/information,leaf7,219,IPv4,65027,0,0,1608,209880,default,219,Unicast,default
2020-01-21 08:29:53.555000+00:00,Cisco-IOS-XR-ip-rib-ipv4-oper:rib/vrfs/vrf/afs/af/safs/saf/ip-rib-route-table-names/ip-rib-route-table-name/protocol/bgp/as/information,leaf7,219,IPv4,65027,0,0,1608,209880,default,219,Unicast,default
2020-01-21 08:30:03.567000+00:00,Cisco-IOS-XR-ip-rib-ipv4-oper:rib/vrfs/vrf/afs/af/safs/saf/ip-rib-route-table-names/ip-rib-route-table-name/protocol/bgp/as/information,leaf7,219,IPv4,65027,0,0,1608,209880,default,219,Unicast,default
2020-01-21 08:30:13.548000+00:00,Cisco-IOS-XR-ip-rib-ipv4-oper:rib/vrfs/vrf/afs/af/safs/saf/ip-rib-route-table-names/ip-rib-route-table-name/protocol/bgp/as/information,leaf7,219,IPv4,65027,0,0,1608,209880,default,219,Unicast,default
2020-01-21 08:30:23.555000+00:00,Cisco-IOS-XR-ip-rib-ipv4-oper:rib/vrfs/vrf/afs/af/safs/saf/ip-rib-route-table-names/ip-rib-route-table-name/protocol/bgp/as/information,leaf7,219,IPv4,65027,0,0,1608,209880,default,219,Unicast,default
2020-01-21 08:30:33.556000+00:00,Cisco-IOS-XR-ip-rib-ipv4-oper:rib/vrfs/vrf/afs/af/safs/saf/ip-rib-route-table-names/ip-rib-route-table-name/protocol/bgp/as/information,leaf7,219,IPv4,65027,0,0,1608,209880,default,219,Unicast,default
2020-01-21 08:30:43.560000+00:00,Cisco-IOS-XR-ip-rib-ipv4-oper:rib/vrfs/vrf/afs/af/safs/saf/ip-rib-route-table-names/ip-rib-route-table-name/protocol/bgp/as/information,leaf7,219,IPv4,65027,0,0,1608,209880,default,219,Unicast,default
2020-01-21 08:30:53.541000+00:00,Cisco-IOS-XR-ip-rib-ipv4-oper:rib/vrfs/vrf/afs/af/safs/saf/ip-rib-route-table-names/ip-rib-route-table-name/protocol/bgp/as/information,leaf7,219,IPv4,65027,0,0,1608,209880,default,219,Unicast,default
2020-01-21 08:31:03.562000+00:00,Cisco-IOS-XR-ip-rib-ipv4-oper:rib/vrfs/vrf/afs/af/safs/saf/ip-rib-route-table-names/ip-rib-route-table-name/protocol/bgp/as/information,leaf7,219,IPv4,65027,0,0,1608,209880,default,219,Unicast,default
2020-01-21 08:31:13.547000+00:00,Cisco-IOS-XR-ip-rib-ipv4-oper:rib/vrfs/vrf/afs/af/safs/saf/ip-rib-route-table-names/ip-rib-route-table-name/protocol/bgp/as/information,leaf7,219,IPv4,65027,0,0,1608,209880,default,219,Unicast,default
2020-01-21 08:31:23.551000+00:00,Cisco-IOS-XR-ip-rib-ipv4-oper:rib/vrfs/vrf/afs/af/safs/saf/ip-rib-route-table-names/ip-rib-route-table-name/protocol/bgp/as/information,leaf7,219,IPv4,65027,0,0,1608,209880,default,219,Unicast,default
2020-01-21 08:31:33.549000+00:00,Cisco-IOS-XR-ip-rib-ipv4-oper:rib/vrfs/vrf/afs/af/safs/saf/ip-rib-route-table-names/ip-rib-route-table-name/protocol/bgp/as/information,leaf7,219,IPv4,65027,0,0,1608,209880,default,219,Unicast,default
2020-01-21 08:31:43.529000+00:00,Cisco-IOS-XR-ip-rib-ipv4-oper:rib/vrfs/vrf/afs/af/safs/saf/ip-rib-route-table-names/ip-rib-route-table-name/protocol/bgp/as/information,leaf7,219,IPv4,65027,0,0,1608,209880,default,219,Unicast,default
2020-01-21 08:31:53.566000+00:00,Cisco-IOS-XR-ip-rib-ipv4-oper:rib/vrfs/vrf/afs/af/safs/saf/ip-rib-route-table-names/ip-rib-route-table-name/protocol/bgp/as/information,leaf7,219,IPv4,65027,0,0,1619,211112,default,219,Unicast,default
2020-01-21 08:32:03.535000+00:00,Cisco-IOS-XR-ip-rib-ipv4-oper:rib/vrfs/vrf/afs/af/safs/saf/ip-rib-route-table-names/ip-rib-route-table-name/protocol/bgp/as/information,leaf7,219,IPv4,65027,0,0,1619,211112,default,219,Unicast,default
2020-01-21 08:32:13.544000+00:00,Cisco-IOS-XR-ip-rib-ipv4-oper:rib/vrfs/vrf/afs/af/safs/saf/ip-rib-route-table-names/ip-rib-route-table-name/protocol/bgp/as/information,leaf7,219,IPv4,65027,0,0,1619,211112,default,219,Unicast,default
2020-01-21 08:32:23.547000+00:00,Cisco-IOS-XR-ip-rib-ipv4-oper:rib/vrfs/vrf/afs/af/safs/saf/ip-rib-route-table-names/ip-rib-route-table-name/protocol/bgp/as/information,leaf7,219,IPv4,65027,0,0,1623,211560,default,219,Unicast,default
2020-01-21 08:32:33.550000+00:00,Cisco-IOS-XR-ip-rib-ipv4-oper:rib/vrfs/vrf/afs/af/safs/saf/ip-rib-route-table-names/ip-rib-route-table-name/protocol/bgp/as/information,leaf7,219,IPv4,65027,0,0,1623,211560,default,219,Unicast,default
2020-01-21 08:32:43.562000+00:00,Cisco-IOS-XR-ip-rib-ipv4-oper:rib/vrfs/vrf/afs/af/safs/saf/ip-rib-route-table-names/ip-rib-route-table-name/protocol/bgp/as/information,leaf7,219,IPv4,65027,0,0,1623,211560,default,219,Unicast,default
2020-01-21 08:32:53.552000+00:00,Cisco-IOS-XR-ip-rib-ipv4-oper:rib/vrfs/vrf/afs/af/safs/saf/ip-rib-route-table-names/ip-rib-route-table-name/protocol/bgp/as/information,leaf7,219,IPv4,65027,0,0,1622,211448,default,219,Unicast,default
2020-01-21 08:33:03.553000+00:00,Cisco-IOS-XR-ip-rib-ipv4-oper:rib/vrfs/vrf/afs/af/safs/saf/ip-rib-route-table-names/ip-rib-route-table-name/protocol/bgp/as/information,leaf7,219,IPv4,65027,0,0,1622,211448,default,219,Unicast,default
2020-01-21 08:33:13.559000+00:00,Cisco-IOS-XR-ip-rib-ipv4-oper:rib/vrfs/vrf/afs/af/safs/saf/ip-rib-route-table-names/ip-rib-route-table-name/protocol/bgp/as/information,leaf7,219,IPv4,65027,0,0,1622,211448,default,219,Unicast,default
2020-01-21 08:33:23.775000+00:00,Cisco-IOS-XR-ip-rib-ipv4-oper:rib/vrfs/vrf/afs/af/safs/saf/ip-rib-route-table-names/ip-rib-route-table-name/protocol/bgp/as/information,leaf7,219,IPv4,65027,0,0,1621,211336,default,219,Unicast,default
2020-01-21 08:33:33.549000+00:00,Cisco-IOS-XR-ip-rib-ipv4-oper:rib/vrfs/vrf/afs/af/safs/saf/ip-rib-route-table-names/ip-rib-route-table-name/protocol/bgp/as/information,leaf7,219,IPv4,65027,0,0,1621,211336,default,219,Unicast,default
2020-01-21 08:33:43.549000+00:00,Cisco-IOS-XR-ip-rib-ipv4-oper:rib/vrfs/vrf/afs/af/safs/saf/ip-rib-route-table-names/ip-rib-route-table-name/protocol/bgp/as/information,leaf7,219,IPv4,65027,0,0,1621,211336,default,219,Unicast,default
2020-01-21 08:33:53.551000+00:00,Cisco-IOS-XR-ip-rib-ipv4-oper:rib/vrfs/vrf/afs/af/safs/saf/ip-rib-route-table-names/ip-rib-route-table-name/protocol/bgp/as/information,leaf7,219,IPv4,65027,0,0,1627,212008,default,219,Unicast,default
2020-01-21 08:34:03.533000+00:00,Cisco-IOS-XR-ip-rib-ipv4-oper:rib/vrfs/vrf/afs/af/safs/saf/ip-rib-route-table-names/ip-rib-route-table-name/protocol/bgp/as/information,leaf7,219,IPv4,65027,0,0,1626,211896,default,219,Unicast,default
2020-01-21 08:34:13.562000+00:00,Cisco-IOS-XR-ip-rib-ipv4-oper:rib/vrfs/vrf/afs/af/safs/saf/ip-rib-route-table-names/ip-rib-route-table-name/protocol/bgp/as/information,leaf7,219,IPv4,65027,0,0,1626,211896,default,219,Unicast,default
2020-01-21 08:34:23.569000+00:00,Cisco-IOS-XR-ip-rib-ipv4-oper:rib/vrfs/vrf/afs/af/safs/saf/ip-rib-route-table-names/ip-rib-route-table-name/protocol/bgp/as/information,leaf7,219,IPv4,65027,0,0,1627,212008,default,219,Unicast,default
2020-01-21 08:34:33.557000+00:00,Cisco-IOS-XR-ip-rib-ipv4-oper:rib/vrfs/vrf/afs/af/safs/saf/ip-rib-route-table-names/ip-rib-route-table-name/protocol/bgp/as/information,leaf7,219,IPv4,65027,0,0,1625,211784,default,219,Unicast,default
2020-01-21 08:34:43.537000+00:00,Cisco-IOS-XR-ip-rib-ipv4-oper:rib/vrfs/vrf/afs/af/safs/saf/ip-rib-route-table-names/ip-rib-route-table-name/protocol/bgp/as/information,leaf7,219,IPv4,65027,0,0,1625,211784,default,219,Unicast,default
2020-01-21 08:34:53.579000+00:00,Cisco-IOS-XR-ip-rib-ipv4-oper:rib/vrfs/vrf/afs/af/safs/saf/ip-rib-route-table-names/ip-rib-route-table-name/protocol/bgp/as/information,leaf7,219,IPv4,65027,0,0,1628,212120,default,219,Unicast,default
2020-01-21 08:35:03.541000+00:00,Cisco-IOS-XR-ip-rib-ipv4-oper:rib/vrfs/vrf/afs/af/safs/saf/ip-rib-route-table-names/ip-rib-route-table-name/protocol/bgp/as/information,leaf7,219,IPv4,65027,0,0,1627,212008,default,219,Unicast,default
