,EncodingPath,Producer,Target,host,interface-counts__admin-down-interface-count,interface-counts__down-interface-count,interface-counts__interface-count,interface-counts__up-interface-count
2020-01-21 08:05:07.561000+00:00,Cisco-IOS-XR-pfi-im-cmd-oper:interfaces/interface-summary,leaf7,,,2,10,39,27
2020-01-21 08:05:14.824000+00:00,Cisco-IOS-XR-pfi-im-cmd-oper:interfaces/interface-summary,leaf7,,,2,10,39,27
2020-01-21 08:05:24.079000+00:00,Cisco-IOS-XR-pfi-im-cmd-oper:interfaces/interface-summary,leaf7,,,2,10,39,27
2020-01-21 08:05:34.041000+00:00,Cisco-IOS-XR-pfi-im-cmd-oper:interfaces/interface-summary,leaf7,,,2,10,39,27
2020-01-21 08:05:44.048000+00:00,Cisco-IOS-XR-pfi-im-cmd-oper:interfaces/interface-summary,leaf7,,,2,10,39,27
2020-01-21 08:05:54.063000+00:00,Cisco-IOS-XR-pfi-im-cmd-oper:interfaces/interface-summary,leaf7,,,2,10,39,27
2020-01-21 08:06:04.018000+00:00,Cisco-IOS-XR-pfi-im-cmd-oper:interfaces/interface-summary,leaf7,,,2,10,39,27
2020-01-21 08:06:14.125000+00:00,Cisco-IOS-XR-pfi-im-cmd-oper:interfaces/interface-summary,leaf7,,,2,10,39,27
2020-01-21 08:06:24.054000+00:00,Cisco-IOS-XR-pfi-im-cmd-oper:interfaces/interface-summary,leaf7,,,2,10,39,27
2020-01-21 08:06:34.084000+00:00,Cisco-IOS-XR-pfi-im-cmd-oper:interfaces/interface-summary,leaf7,,,2,10,39,27
2020-01-21 08:06:44.068000+00:00,Cisco-IOS-XR-pfi-im-cmd-oper:interfaces/interface-summary,leaf7,,,2,10,39,27
2020-01-21 08:06:54.088000+00:00,Cisco-IOS-XR-pfi-im-cmd-oper:interfaces/interface-summary,leaf7,,,2,10,39,27
2020-01-21 08:07:04.027000+00:00,Cisco-IOS-XR-pfi-im-cmd-oper:interfaces/interface-summary,leaf7,,,2,10,39,27
2020-01-21 08:07:14.148000+00:00,Cisco-IOS-XR-pfi-im-cmd-oper:interfaces/interface-summary,leaf7,,,2,10,39,27
2020-01-21 08:07:24.091000+00:00,Cisco-IOS-XR-pfi-im-cmd-oper:interfaces/interface-summary,leaf7,,,2,10,39,27
2020-01-21 08:07:34.111000+00:00,Cisco-IOS-XR-pfi-im-cmd-oper:interfaces/interface-summary,leaf7,,,2,10,39,27
2020-01-21 08:07:44.177000+00:00,Cisco-IOS-XR-pfi-im-cmd-oper:interfaces/interface-summary,leaf7,,,2,10,39,27
2020-01-21 08:07:54.029000+00:00,Cisco-IOS-XR-pfi-im-cmd-oper:interfaces/interface-summary,leaf7,,,2,10,39,27
2020-01-21 08:08:04.087000+00:00,Cisco-IOS-XR-pfi-im-cmd-oper:interfaces/interface-summary,leaf7,,,2,10,39,27
2020-01-21 08:08:14.039000+00:00,Cisco-IOS-XR-pfi-im-cmd-oper:interfaces/interface-summary,leaf7,,,2,10,39,27
2020-01-21 08:08:24.088000+00:00,Cisco-IOS-XR-pfi-im-cmd-oper:interfaces/interface-summary,leaf7,,,2,10,39,27
2020-01-21 08:08:34.052000+00:00,Cisco-IOS-XR-pfi-im-cmd-oper:interfaces/interface-summary,leaf7,,,2,10,39,27
2020-01-21 08:08:44.131000+00:00,Cisco-IOS-XR-pfi-im-cmd-oper:interfaces/interface-summary,leaf7,,,2,10,39,27
2020-01-21 08:08:54.018000+00:00,Cisco-IOS-XR-pfi-im-cmd-oper:interfaces/interface-summary,leaf7,,,2,10,39,27
2020-01-21 08:09:04.056000+00:00,Cisco-IOS-XR-pfi-im-cmd-oper:interfaces/interface-summary,leaf7,,,2,10,39,27
2020-01-21 08:09:14.077000+00:00,Cisco-IOS-XR-pfi-im-cmd-oper:interfaces/interface-summary,leaf7,,,2,10,39,27
2020-01-21 08:09:23.998000+00:00,Cisco-IOS-XR-pfi-im-cmd-oper:interfaces/interface-summary,leaf7,,,2,10,39,27
2020-01-21 08:09:34.027000+00:00,Cisco-IOS-XR-pfi-im-cmd-oper:interfaces/interface-summary,leaf7,,,2,10,39,27
2020-01-21 08:09:44.044000+00:00,Cisco-IOS-XR-pfi-im-cmd-oper:interfaces/interface-summary,leaf7,,,2,10,39,27
2020-01-21 08:09:54.052000+00:00,Cisco-IOS-XR-pfi-im-cmd-oper:interfaces/interface-summary,leaf7,,,2,10,39,27
2020-01-21 08:10:04.011000+00:00,Cisco-IOS-XR-pfi-im-cmd-oper:interfaces/interface-summary,leaf7,,,2,10,39,27
2020-01-21 08:10:14.064000+00:00,Cisco-IOS-XR-pfi-im-cmd-oper:interfaces/interface-summary,leaf7,,,2,10,39,27
2020-01-21 08:10:24.024000+00:00,Cisco-IOS-XR-pfi-im-cmd-oper:interfaces/interface-summary,leaf7,,,2,10,39,27
2020-01-21 08:10:34.081000+00:00,Cisco-IOS-XR-pfi-im-cmd-oper:interfaces/interface-summary,leaf7,,,2,10,39,27
2020-01-21 08:10:44.017000+00:00,Cisco-IOS-XR-pfi-im-cmd-oper:interfaces/interface-summary,leaf7,,,2,10,39,27
2020-01-21 08:10:54.033000+00:00,Cisco-IOS-XR-pfi-im-cmd-oper:interfaces/interface-summary,leaf7,,,2,10,39,27
2020-01-21 08:11:04.070000+00:00,Cisco-IOS-XR-pfi-im-cmd-oper:interfaces/interface-summary,leaf7,,,2,10,39,27
2020-01-21 08:11:14.062000+00:00,Cisco-IOS-XR-pfi-im-cmd-oper:interfaces/interface-summary,leaf7,,,2,10,39,27
2020-01-21 08:11:24.014000+00:00,Cisco-IOS-XR-pfi-im-cmd-oper:interfaces/interface-summary,leaf7,,,2,10,39,27
2020-01-21 08:11:34.037000+00:00,Cisco-IOS-XR-pfi-im-cmd-oper:interfaces/interface-summary,leaf7,,,2,10,39,27
2020-01-21 08:11:44.032000+00:00,Cisco-IOS-XR-pfi-im-cmd-oper:interfaces/interface-summary,leaf7,,,2,10,39,27
2020-01-21 08:11:54.052000+00:00,Cisco-IOS-XR-pfi-im-cmd-oper:interfaces/interface-summary,leaf7,,,2,10,39,27
2020-01-21 08:12:04.094000+00:00,Cisco-IOS-XR-pfi-im-cmd-oper:interfaces/interface-summary,leaf7,,,2,10,39,27
2020-01-21 08:12:14.134000+00:00,Cisco-IOS-XR-pfi-im-cmd-oper:interfaces/interface-summary,leaf7,,,2,10,39,27
2020-01-21 08:12:24.058000+00:00,Cisco-IOS-XR-pfi-im-cmd-oper:interfaces/interface-summary,leaf7,,,2,10,39,27
2020-01-21 08:12:34.043000+00:00,Cisco-IOS-XR-pfi-im-cmd-oper:interfaces/interface-summary,leaf7,,,2,10,39,27
2020-01-21 08:12:44.135000+00:00,Cisco-IOS-XR-pfi-im-cmd-oper:interfaces/interface-summary,leaf7,,,2,10,39,27
2020-01-21 08:12:54.022000+00:00,Cisco-IOS-XR-pfi-im-cmd-oper:interfaces/interface-summary,leaf7,,,2,10,39,27
2020-01-21 08:13:04.029000+00:00,Cisco-IOS-XR-pfi-im-cmd-oper:interfaces/interface-summary,leaf7,,,2,10,39,27
2020-01-21 08:13:14.102000+00:00,Cisco-IOS-XR-pfi-im-cmd-oper:interfaces/interface-summary,leaf7,,,2,10,39,27
2020-01-21 08:13:24.038000+00:00,Cisco-IOS-XR-pfi-im-cmd-oper:interfaces/interface-summary,leaf7,,,2,10,39,27
2020-01-21 08:13:34.070000+00:00,Cisco-IOS-XR-pfi-im-cmd-oper:interfaces/interface-summary,leaf7,,,2,10,39,27
2020-01-21 08:13:44.029000+00:00,Cisco-IOS-XR-pfi-im-cmd-oper:interfaces/interface-summary,leaf7,,,2,10,39,27
2020-01-21 08:13:54.148000+00:00,Cisco-IOS-XR-pfi-im-cmd-oper:interfaces/interface-summary,leaf7,,,2,10,39,27
2020-01-21 08:14:04.068000+00:00,Cisco-IOS-XR-pfi-im-cmd-oper:interfaces/interface-summary,leaf7,,,2,10,39,27
2020-01-21 08:14:14.090000+00:00,Cisco-IOS-XR-pfi-im-cmd-oper:interfaces/interface-summary,leaf7,,,2,10,39,27
2020-01-21 08:14:24.024000+00:00,Cisco-IOS-XR-pfi-im-cmd-oper:interfaces/interface-summary,leaf7,,,2,10,39,27
2020-01-21 08:14:34.056000+00:00,Cisco-IOS-XR-pfi-im-cmd-oper:interfaces/interface-summary,leaf7,,,2,10,39,27
2020-01-21 08:14:44.031000+00:00,Cisco-IOS-XR-pfi-im-cmd-oper:interfaces/interface-summary,leaf7,,,2,10,39,27
2020-01-21 08:14:54.054000+00:00,Cisco-IOS-XR-pfi-im-cmd-oper:interfaces/interface-summary,leaf7,,,2,10,39,27
2020-01-21 08:15:04.048000+00:00,Cisco-IOS-XR-pfi-im-cmd-oper:interfaces/interface-summary,leaf7,,,2,10,39,27
2020-01-21 08:15:14.034000+00:00,Cisco-IOS-XR-pfi-im-cmd-oper:interfaces/interface-summary,leaf7,,,2,10,39,27
2020-01-21 08:15:24.057000+00:00,Cisco-IOS-XR-pfi-im-cmd-oper:interfaces/interface-summary,leaf7,,,2,10,39,27
2020-01-21 08:15:34.044000+00:00,Cisco-IOS-XR-pfi-im-cmd-oper:interfaces/interface-summary,leaf7,,,2,10,39,27
2020-01-21 08:15:44.105000+00:00,Cisco-IOS-XR-pfi-im-cmd-oper:interfaces/interface-summary,leaf7,,,2,10,39,27
2020-01-21 08:15:54.056000+00:00,Cisco-IOS-XR-pfi-im-cmd-oper:interfaces/interface-summary,leaf7,,,2,10,39,27
2020-01-21 08:16:04.124000+00:00,Cisco-IOS-XR-pfi-im-cmd-oper:interfaces/interface-summary,leaf7,,,2,10,39,27
2020-01-21 08:16:14.069000+00:00,Cisco-IOS-XR-pfi-im-cmd-oper:interfaces/interface-summary,leaf7,,,2,10,39,27
2020-01-21 08:16:24.066000+00:00,Cisco-IOS-XR-pfi-im-cmd-oper:interfaces/interface-summary,leaf7,,,2,10,39,27
2020-01-21 08:16:34.042000+00:00,Cisco-IOS-XR-pfi-im-cmd-oper:interfaces/interface-summary,leaf7,,,2,10,39,27
2020-01-21 08:16:44.049000+00:00,Cisco-IOS-XR-pfi-im-cmd-oper:interfaces/interface-summary,leaf7,,,2,10,39,27
2020-01-21 08:16:54.047000+00:00,Cisco-IOS-XR-pfi-im-cmd-oper:interfaces/interface-summary,leaf7,,,2,10,39,27
2020-01-21 08:17:04.046000+00:00,Cisco-IOS-XR-pfi-im-cmd-oper:interfaces/interface-summary,leaf7,,,2,10,39,27
2020-01-21 08:17:14.061000+00:00,Cisco-IOS-XR-pfi-im-cmd-oper:interfaces/interface-summary,leaf7,,,2,10,39,27
2020-01-21 08:17:24.022000+00:00,Cisco-IOS-XR-pfi-im-cmd-oper:interfaces/interface-summary,leaf7,,,2,10,39,27
2020-01-21 08:17:34.067000+00:00,Cisco-IOS-XR-pfi-im-cmd-oper:interfaces/interface-summary,leaf7,,,2,10,39,27
2020-01-21 08:17:44.028000+00:00,Cisco-IOS-XR-pfi-im-cmd-oper:interfaces/interface-summary,leaf7,,,2,10,39,27
2020-01-21 08:17:54.112000+00:00,Cisco-IOS-XR-pfi-im-cmd-oper:interfaces/interface-summary,leaf7,,,2,10,39,27
2020-01-21 08:18:04.020000+00:00,Cisco-IOS-XR-pfi-im-cmd-oper:interfaces/interface-summary,leaf7,,,2,10,39,27
2020-01-21 08:18:14.047000+00:00,Cisco-IOS-XR-pfi-im-cmd-oper:interfaces/interface-summary,leaf7,,,2,10,39,27
2020-01-21 08:18:24.050000+00:00,Cisco-IOS-XR-pfi-im-cmd-oper:interfaces/interface-summary,leaf7,,,2,10,39,27
2020-01-21 08:18:34.034000+00:00,Cisco-IOS-XR-pfi-im-cmd-oper:interfaces/interface-summary,leaf7,,,2,10,39,27
2020-01-21 08:18:44.079000+00:00,Cisco-IOS-XR-pfi-im-cmd-oper:interfaces/interface-summary,leaf7,,,2,10,39,27
2020-01-21 08:18:54.050000+00:00,Cisco-IOS-XR-pfi-im-cmd-oper:interfaces/interface-summary,leaf7,,,2,10,39,27
2020-01-21 08:19:04.096000+00:00,Cisco-IOS-XR-pfi-im-cmd-oper:interfaces/interface-summary,leaf7,,,2,10,39,27
2020-01-21 08:19:14.057000+00:00,Cisco-IOS-XR-pfi-im-cmd-oper:interfaces/interface-summary,leaf7,,,2,10,39,27
2020-01-21 08:19:24.100000+00:00,Cisco-IOS-XR-pfi-im-cmd-oper:interfaces/interface-summary,leaf7,,,2,10,39,27
2020-01-21 08:19:34.062000+00:00,Cisco-IOS-XR-pfi-im-cmd-oper:interfaces/interface-summary,leaf7,,,2,10,39,27
2020-01-21 08:19:44.052000+00:00,Cisco-IOS-XR-pfi-im-cmd-oper:interfaces/interface-summary,leaf7,,,2,10,39,27
2020-01-21 08:19:54.058000+00:00,Cisco-IOS-XR-pfi-im-cmd-oper:interfaces/interface-summary,leaf7,,,2,10,39,27
2020-01-21 08:20:04.041000+00:00,Cisco-IOS-XR-pfi-im-cmd-oper:interfaces/interface-summary,leaf7,,,2,10,39,27
2020-01-21 08:20:14.049000+00:00,Cisco-IOS-XR-pfi-im-cmd-oper:interfaces/interface-summary,leaf7,,,2,10,39,27
2020-01-21 08:20:24.030000+00:00,Cisco-IOS-XR-pfi-im-cmd-oper:interfaces/interface-summary,leaf7,,,2,10,39,27
2020-01-21 08:20:34.048000+00:00,Cisco-IOS-XR-pfi-im-cmd-oper:interfaces/interface-summary,leaf7,,,2,10,39,27
2020-01-21 08:20:44.043000+00:00,Cisco-IOS-XR-pfi-im-cmd-oper:interfaces/interface-summary,leaf7,,,2,10,39,27
2020-01-21 08:20:54.083000+00:00,Cisco-IOS-XR-pfi-im-cmd-oper:interfaces/interface-summary,leaf7,,,2,10,39,27
2020-01-21 08:21:04.117000+00:00,Cisco-IOS-XR-pfi-im-cmd-oper:interfaces/interface-summary,leaf7,,,2,10,39,27
2020-01-21 08:21:14.071000+00:00,Cisco-IOS-XR-pfi-im-cmd-oper:interfaces/interface-summary,leaf7,,,2,10,39,27
2020-01-21 08:21:24.058000+00:00,Cisco-IOS-XR-pfi-im-cmd-oper:interfaces/interface-summary,leaf7,,,2,10,39,27
2020-01-21 08:21:34.065000+00:00,Cisco-IOS-XR-pfi-im-cmd-oper:interfaces/interface-summary,leaf7,,,2,10,39,27
2020-01-21 08:21:44.037000+00:00,Cisco-IOS-XR-pfi-im-cmd-oper:interfaces/interface-summary,leaf7,,,2,10,39,27
2020-01-21 08:21:54.034000+00:00,Cisco-IOS-XR-pfi-im-cmd-oper:interfaces/interface-summary,leaf7,,,2,10,39,27
2020-01-21 08:22:04.040000+00:00,Cisco-IOS-XR-pfi-im-cmd-oper:interfaces/interface-summary,leaf7,,,2,10,39,27
2020-01-21 08:22:14.060000+00:00,Cisco-IOS-XR-pfi-im-cmd-oper:interfaces/interface-summary,leaf7,,,2,10,39,27
2020-01-21 08:22:24.040000+00:00,Cisco-IOS-XR-pfi-im-cmd-oper:interfaces/interface-summary,leaf7,,,2,10,39,27
2020-01-21 08:22:34.038000+00:00,Cisco-IOS-XR-pfi-im-cmd-oper:interfaces/interface-summary,leaf7,,,2,10,39,27
2020-01-21 08:22:44.094000+00:00,Cisco-IOS-XR-pfi-im-cmd-oper:interfaces/interface-summary,leaf7,,,2,10,39,27
2020-01-21 08:22:54.054000+00:00,Cisco-IOS-XR-pfi-im-cmd-oper:interfaces/interface-summary,leaf7,,,2,10,39,27
2020-01-21 08:23:04.119000+00:00,Cisco-IOS-XR-pfi-im-cmd-oper:interfaces/interface-summary,leaf7,,,2,10,39,27
2020-01-21 08:23:14.020000+00:00,Cisco-IOS-XR-pfi-im-cmd-oper:interfaces/interface-summary,leaf7,,,2,10,39,27
2020-01-21 08:23:24.071000+00:00,Cisco-IOS-XR-pfi-im-cmd-oper:interfaces/interface-summary,leaf7,,,2,10,39,27
2020-01-21 08:23:34.104000+00:00,Cisco-IOS-XR-pfi-im-cmd-oper:interfaces/interface-summary,leaf7,,,2,10,39,27
2020-01-21 08:23:44.071000+00:00,Cisco-IOS-XR-pfi-im-cmd-oper:interfaces/interface-summary,leaf7,,,2,10,39,27
2020-01-21 08:23:54.068000+00:00,Cisco-IOS-XR-pfi-im-cmd-oper:interfaces/interface-summary,leaf7,,,2,10,39,27
2020-01-21 08:24:04.051000+00:00,Cisco-IOS-XR-pfi-im-cmd-oper:interfaces/interface-summary,leaf7,,,2,10,39,27
2020-01-21 08:24:14.059000+00:00,Cisco-IOS-XR-pfi-im-cmd-oper:interfaces/interface-summary,leaf7,,,2,10,39,27
2020-01-21 08:24:24.041000+00:00,Cisco-IOS-XR-pfi-im-cmd-oper:interfaces/interface-summary,leaf7,,,2,10,39,27
2020-01-21 08:24:34.068000+00:00,Cisco-IOS-XR-pfi-im-cmd-oper:interfaces/interface-summary,leaf7,,,2,10,39,27
2020-01-21 08:24:44.051000+00:00,Cisco-IOS-XR-pfi-im-cmd-oper:interfaces/interface-summary,leaf7,,,2,10,39,27
2020-01-21 08:24:54.053000+00:00,Cisco-IOS-XR-pfi-im-cmd-oper:interfaces/interface-summary,leaf7,,,2,10,39,27
2020-01-21 08:25:04.047000+00:00,Cisco-IOS-XR-pfi-im-cmd-oper:interfaces/interface-summary,leaf7,,,2,10,39,27
2020-01-21 08:25:14.049000+00:00,Cisco-IOS-XR-pfi-im-cmd-oper:interfaces/interface-summary,leaf7,,,2,10,39,27
2020-01-21 08:25:24.039000+00:00,Cisco-IOS-XR-pfi-im-cmd-oper:interfaces/interface-summary,leaf7,,,2,10,39,27
2020-01-21 08:25:34.052000+00:00,Cisco-IOS-XR-pfi-im-cmd-oper:interfaces/interface-summary,leaf7,,,2,10,39,27
2020-01-21 08:25:44.051000+00:00,Cisco-IOS-XR-pfi-im-cmd-oper:interfaces/interface-summary,leaf7,,,2,10,39,27
2020-01-21 08:25:54.029000+00:00,Cisco-IOS-XR-pfi-im-cmd-oper:interfaces/interface-summary,leaf7,,,2,10,39,27
2020-01-21 08:26:04.100000+00:00,Cisco-IOS-XR-pfi-im-cmd-oper:interfaces/interface-summary,leaf7,,,2,10,39,27
2020-01-21 08:26:14.015000+00:00,Cisco-IOS-XR-pfi-im-cmd-oper:interfaces/interface-summary,leaf7,,,2,10,39,27
2020-01-21 08:26:24.077000+00:00,Cisco-IOS-XR-pfi-im-cmd-oper:interfaces/interface-summary,leaf7,,,2,10,39,27
2020-01-21 08:26:34.057000+00:00,Cisco-IOS-XR-pfi-im-cmd-oper:interfaces/interface-summary,leaf7,,,2,10,39,27
2020-01-21 08:26:44.034000+00:00,Cisco-IOS-XR-pfi-im-cmd-oper:interfaces/interface-summary,leaf7,,,2,10,39,27
2020-01-21 08:26:54.029000+00:00,Cisco-IOS-XR-pfi-im-cmd-oper:interfaces/interface-summary,leaf7,,,2,10,39,27
2020-01-21 08:27:04.065000+00:00,Cisco-IOS-XR-pfi-im-cmd-oper:interfaces/interface-summary,leaf7,,,2,10,39,27
2020-01-21 08:27:14.148000+00:00,Cisco-IOS-XR-pfi-im-cmd-oper:interfaces/interface-summary,leaf7,,,2,10,39,27
2020-01-21 08:27:24.034000+00:00,Cisco-IOS-XR-pfi-im-cmd-oper:interfaces/interface-summary,leaf7,,,2,10,39,27
2020-01-21 08:27:34.073000+00:00,Cisco-IOS-XR-pfi-im-cmd-oper:interfaces/interface-summary,leaf7,,,2,10,39,27
2020-01-21 08:27:44.029000+00:00,Cisco-IOS-XR-pfi-im-cmd-oper:interfaces/interface-summary,leaf7,,,2,10,39,27
2020-01-21 08:27:54.125000+00:00,Cisco-IOS-XR-pfi-im-cmd-oper:interfaces/interface-summary,leaf7,,,2,10,39,27
2020-01-21 08:28:04.064000+00:00,Cisco-IOS-XR-pfi-im-cmd-oper:interfaces/interface-summary,leaf7,,,2,10,39,27
2020-01-21 08:28:14.150000+00:00,Cisco-IOS-XR-pfi-im-cmd-oper:interfaces/interface-summary,leaf7,,,2,10,39,27
2020-01-21 08:28:24.030000+00:00,Cisco-IOS-XR-pfi-im-cmd-oper:interfaces/interface-summary,leaf7,,,2,10,39,27
2020-01-21 08:28:34.055000+00:00,Cisco-IOS-XR-pfi-im-cmd-oper:interfaces/interface-summary,leaf7,,,2,10,39,27
2020-01-21 08:28:44.054000+00:00,Cisco-IOS-XR-pfi-im-cmd-oper:interfaces/interface-summary,leaf7,,,2,10,39,27
2020-01-21 08:28:54.072000+00:00,Cisco-IOS-XR-pfi-im-cmd-oper:interfaces/interface-summary,leaf7,,,2,10,39,27
2020-01-21 08:29:04.385000+00:00,Cisco-IOS-XR-pfi-im-cmd-oper:interfaces/interface-summary,leaf7,,,2,10,39,27
2020-01-21 08:29:14.042000+00:00,Cisco-IOS-XR-pfi-im-cmd-oper:interfaces/interface-summary,leaf7,,,2,10,39,27
2020-01-21 08:29:24.087000+00:00,Cisco-IOS-XR-pfi-im-cmd-oper:interfaces/interface-summary,leaf7,,,2,10,39,27
2020-01-21 08:29:34.071000+00:00,Cisco-IOS-XR-pfi-im-cmd-oper:interfaces/interface-summary,leaf7,,,2,10,39,27
2020-01-21 08:29:44.097000+00:00,Cisco-IOS-XR-pfi-im-cmd-oper:interfaces/interface-summary,leaf7,,,2,10,39,27
2020-01-21 08:29:54.077000+00:00,Cisco-IOS-XR-pfi-im-cmd-oper:interfaces/interface-summary,leaf7,,,2,10,39,27
2020-01-21 08:30:04.110000+00:00,Cisco-IOS-XR-pfi-im-cmd-oper:interfaces/interface-summary,leaf7,,,2,10,39,27
2020-01-21 08:30:14.075000+00:00,Cisco-IOS-XR-pfi-im-cmd-oper:interfaces/interface-summary,leaf7,,,2,10,39,27
2020-01-21 08:30:24.064000+00:00,Cisco-IOS-XR-pfi-im-cmd-oper:interfaces/interface-summary,leaf7,,,2,10,39,27
2020-01-21 08:30:34.070000+00:00,Cisco-IOS-XR-pfi-im-cmd-oper:interfaces/interface-summary,leaf7,,,2,10,39,27
2020-01-21 08:30:44.050000+00:00,Cisco-IOS-XR-pfi-im-cmd-oper:interfaces/interface-summary,leaf7,,,2,10,39,27
2020-01-21 08:30:54.089000+00:00,Cisco-IOS-XR-pfi-im-cmd-oper:interfaces/interface-summary,leaf7,,,2,10,39,27
2020-01-21 08:31:04.064000+00:00,Cisco-IOS-XR-pfi-im-cmd-oper:interfaces/interface-summary,leaf7,,,2,10,39,27
2020-01-21 08:31:14.113000+00:00,Cisco-IOS-XR-pfi-im-cmd-oper:interfaces/interface-summary,leaf7,,,2,10,39,27
2020-01-21 08:31:24.076000+00:00,Cisco-IOS-XR-pfi-im-cmd-oper:interfaces/interface-summary,leaf7,,,2,10,39,27
2020-01-21 08:31:34.096000+00:00,Cisco-IOS-XR-pfi-im-cmd-oper:interfaces/interface-summary,leaf7,,,2,10,39,27
2020-01-21 08:31:44.061000+00:00,Cisco-IOS-XR-pfi-im-cmd-oper:interfaces/interface-summary,leaf7,,,2,10,39,27
2020-01-21 08:31:54.086000+00:00,Cisco-IOS-XR-pfi-im-cmd-oper:interfaces/interface-summary,leaf7,,,2,10,39,27
2020-01-21 08:32:04.088000+00:00,Cisco-IOS-XR-pfi-im-cmd-oper:interfaces/interface-summary,leaf7,,,2,10,39,27
2020-01-21 08:32:14.067000+00:00,Cisco-IOS-XR-pfi-im-cmd-oper:interfaces/interface-summary,leaf7,,,2,10,39,27
2020-01-21 08:32:24.062000+00:00,Cisco-IOS-XR-pfi-im-cmd-oper:interfaces/interface-summary,leaf7,,,2,10,39,27
2020-01-21 08:32:34.047000+00:00,Cisco-IOS-XR-pfi-im-cmd-oper:interfaces/interface-summary,leaf7,,,2,10,39,27
2020-01-21 08:32:44.065000+00:00,Cisco-IOS-XR-pfi-im-cmd-oper:interfaces/interface-summary,leaf7,,,2,10,39,27
2020-01-21 08:32:54.049000+00:00,Cisco-IOS-XR-pfi-im-cmd-oper:interfaces/interface-summary,leaf7,,,2,10,39,27
2020-01-21 08:33:04.132000+00:00,Cisco-IOS-XR-pfi-im-cmd-oper:interfaces/interface-summary,leaf7,,,2,10,39,27
2020-01-21 08:33:14.074000+00:00,Cisco-IOS-XR-pfi-im-cmd-oper:interfaces/interface-summary,leaf7,,,2,10,39,27
2020-01-21 08:33:24.204000+00:00,Cisco-IOS-XR-pfi-im-cmd-oper:interfaces/interface-summary,leaf7,,,2,10,39,27
2020-01-21 08:33:34.047000+00:00,Cisco-IOS-XR-pfi-im-cmd-oper:interfaces/interface-summary,leaf7,,,2,10,39,27
2020-01-21 08:33:44.058000+00:00,Cisco-IOS-XR-pfi-im-cmd-oper:interfaces/interface-summary,leaf7,,,2,10,39,27
2020-01-21 08:33:54.061000+00:00,Cisco-IOS-XR-pfi-im-cmd-oper:interfaces/interface-summary,leaf7,,,2,10,39,27
2020-01-21 08:34:04.033000+00:00,Cisco-IOS-XR-pfi-im-cmd-oper:interfaces/interface-summary,leaf7,,,2,10,39,27
2020-01-21 08:34:14.061000+00:00,Cisco-IOS-XR-pfi-im-cmd-oper:interfaces/interface-summary,leaf7,,,2,10,39,27
2020-01-21 08:34:24.133000+00:00,Cisco-IOS-XR-pfi-im-cmd-oper:interfaces/interface-summary,leaf7,,,2,10,39,27
2020-01-21 08:34:34.096000+00:00,Cisco-IOS-XR-pfi-im-cmd-oper:interfaces/interface-summary,leaf7,,,2,10,39,27
2020-01-21 08:34:44.047000+00:00,Cisco-IOS-XR-pfi-im-cmd-oper:interfaces/interface-summary,leaf7,,,2,10,39,27
2020-01-21 08:34:54.138000+00:00,Cisco-IOS-XR-pfi-im-cmd-oper:interfaces/interface-summary,leaf7,,,2,10,39,27
2020-01-21 08:35:04.089000+00:00,Cisco-IOS-XR-pfi-im-cmd-oper:interfaces/interface-summary,leaf7,,,2,10,39,27
