,Producer,Target,host,icmp-stats/admin-unreachable-received,icmp-stats/admin-unreachable-sent,icmp-stats/checksum-error,icmp-stats/echo-reply-received,icmp-stats/echo-reply-sent,icmp-stats/echo-request-received,icmp-stats/echo-request-sent,icmp-stats/fragment-unreachable-received,icmp-stats/fragment-unreachable-sent,icmp-stats/hopcount-received,icmp-stats/hopcount-sent,icmp-stats/host-unreachable-received,icmp-stats/host-unreachable-sent,icmp-stats/mask-reply-received,icmp-stats/mask-reply-sent,icmp-stats/mask-request-received,icmp-stats/mask-request-sent,icmp-stats/network-unreachable-received,icmp-stats/network-unreachable-sent,icmp-stats/output,icmp-stats/param-error-received,icmp-stats/param-error-send,icmp-stats/port-unreachable-received,icmp-stats/port-unreachable-sent,icmp-stats/protocol-unreachable-received,icmp-stats/protocol-unreachable-sent,icmp-stats/reassebly-received,icmp-stats/reassembly-sent,icmp-stats/received,icmp-stats/redirect-received,icmp-stats/redirect-send,icmp-stats/router-advert-received,icmp-stats/router-solicit-received,icmp-stats/source-quench-received,icmp-stats/timestamp-received,icmp-stats/timestamp-reply-received,icmp-stats/unknown,ipv4-stats/bad-header,ipv4-stats/bad-hop-count,ipv4-stats/bad-option,ipv4-stats/bad-security-option,ipv4-stats/bad-source-address,ipv4-stats/basic-security-option,ipv4-stats/broadcast-in,ipv4-stats/broadcast-out,ipv4-stats/cipso-option,ipv4-stats/encapsulation-failed,ipv4-stats/end-option,ipv4-stats/extended-security-option,ipv4-stats/format-errors,ipv4-stats/fragment-count,ipv4-stats/input-packets,ipv4-stats/lisp-decap-error,ipv4-stats/lisp-encap-error,ipv4-stats/lisp-v4-decap,ipv4-stats/lisp-v4-encap,ipv4-stats/lisp-v6-decap,ipv4-stats/lisp-v6-encap,ipv4-stats/loose-source-route-option,ipv4-stats/multicast-in,ipv4-stats/multicast-out,ipv4-stats/no-gateway,ipv4-stats/no-protocol,ipv4-stats/no-router,ipv4-stats/noop-option,ipv4-stats/options-present,ipv4-stats/packet-too-big,ipv4-stats/packets-forwarded,ipv4-stats/packets-fragmented,ipv4-stats/packets-output,ipv4-stats/reassemble-failed,ipv4-stats/reassemble-input,ipv4-stats/reassemble-max-drop,ipv4-stats/reassemble-timeout,ipv4-stats/reassembled,ipv4-stats/received-packets,ipv4-stats/record-route-option,ipv4-stats/router-alert-option,ipv4-stats/sid-option,ipv4-stats/strict-source-route-option,ipv4-stats/timestamp-option,ipv4-stats/unknown-option,node-name
2020-02-05 01:40:45.071000+00:00,dr02,sg3,obt-collector1,0,0,0,0,0,0,0,0,0,0,53,0,0,0,0,0,0,0,0,53,0,0,0,0,0,0,0,0,0,0,0,0,0,0,0,0,0,0,0,0,0,0,0,0,0,0,0,0,0,0,0,0,0,0,0,0,0,0,0,0,0,0,0,0,0,0,0,0,0,64,0,0,0,0,0,0,0,0,0,0,0,0,0/0/CPU0
2020-02-05 01:40:45.075000+00:00,dr02,sg3,obt-collector1,0,0,0,0,0,0,0,0,0,0,3,0,0,0,0,0,0,0,0,3,0,0,0,0,0,0,0,0,0,0,0,0,0,0,0,0,0,0,0,0,0,0,0,0,0,0,0,0,0,0,0,0,0,0,0,0,0,0,0,0,0,0,0,0,0,0,0,0,0,3,0,0,0,0,0,0,0,0,0,0,0,0,0/1/CPU0
2020-02-05 01:40:45.077000+00:00,dr02,sg3,obt-collector1,0,0,0,0,15562,15562,0,8,0,0,0,0,0,0,0,30,0,0,0,16573,0,0,1963,986,8,25,0,0,17601,0,0,0,0,0,30,0,0,0,0,0,0,0,0,0,0,0,0,0,0,0,0,46109235,0,0,0,0,0,0,0,0,0,0,30,0,0,77157,0,0,0,58591168,0,0,0,0,0,46037029,0,77157,0,0,0,0,0/RP0/CPU0
2020-02-05 01:41:06.554000+00:00,dr02,sg3,obt-collector1,0,0,0,0,0,0,0,0,0,0,53,0,0,0,0,0,0,0,0,53,0,0,0,0,0,0,0,0,0,0,0,0,0,0,0,0,0,0,0,0,0,0,0,0,0,0,0,0,0,0,0,0,0,0,0,0,0,0,0,0,0,0,0,0,0,0,0,0,0,64,0,0,0,0,0,0,0,0,0,0,0,0,0/0/CPU0
2020-02-05 01:41:06.558000+00:00,dr02,sg3,obt-collector1,0,0,0,0,0,0,0,0,0,0,3,0,0,0,0,0,0,0,0,3,0,0,0,0,0,0,0,0,0,0,0,0,0,0,0,0,0,0,0,0,0,0,0,0,0,0,0,0,0,0,0,0,0,0,0,0,0,0,0,0,0,0,0,0,0,0,0,0,0,3,0,0,0,0,0,0,0,0,0,0,0,0,0/1/CPU0
2020-02-05 01:41:06.559000+00:00,dr02,sg3,obt-collector1,0,0,0,0,15562,15562,0,8,0,0,0,0,0,0,0,30,0,0,0,16573,0,0,1963,986,8,25,0,0,17601,0,0,0,0,0,30,0,0,0,0,0,0,0,0,0,0,0,0,0,0,0,0,46109383,0,0,0,0,0,0,0,0,0,0,30,0,0,77158,0,0,0,58592504,0,0,0,0,0,46037176,0,77158,0,0,0,0,0/RP0/CPU0
2020-02-05 01:41:28.112000+00:00,dr02,sg3,obt-collector1,0,0,0,0,0,0,0,0,0,0,53,0,0,0,0,0,0,0,0,53,0,0,0,0,0,0,0,0,0,0,0,0,0,0,0,0,0,0,0,0,0,0,0,0,0,0,0,0,0,0,0,0,0,0,0,0,0,0,0,0,0,0,0,0,0,0,0,0,0,64,0,0,0,0,0,0,0,0,0,0,0,0,0/0/CPU0
2020-02-05 01:41:28.117000+00:00,dr02,sg3,obt-collector1,0,0,0,0,0,0,0,0,0,0,3,0,0,0,0,0,0,0,0,3,0,0,0,0,0,0,0,0,0,0,0,0,0,0,0,0,0,0,0,0,0,0,0,0,0,0,0,0,0,0,0,0,0,0,0,0,0,0,0,0,0,0,0,0,0,0,0,0,0,3,0,0,0,0,0,0,0,0,0,0,0,0,0/1/CPU0
2020-02-05 01:41:28.119000+00:00,dr02,sg3,obt-collector1,0,0,0,0,15562,15562,0,8,0,0,0,0,0,0,0,30,0,0,0,16573,0,0,1963,986,8,25,0,0,17601,0,0,0,0,0,30,0,0,0,0,0,0,0,0,0,0,0,0,0,0,0,0,46109531,0,0,0,0,0,0,0,0,0,0,30,0,0,77158,0,0,0,58593846,0,0,0,0,0,46037324,0,77158,0,0,0,0,0/RP0/CPU0
2020-02-05 01:41:49.653000+00:00,dr02,sg3,obt-collector1,0,0,0,0,0,0,0,0,0,0,53,0,0,0,0,0,0,0,0,53,0,0,0,0,0,0,0,0,0,0,0,0,0,0,0,0,0,0,0,0,0,0,0,0,0,0,0,0,0,0,0,0,0,0,0,0,0,0,0,0,0,0,0,0,0,0,0,0,0,64,0,0,0,0,0,0,0,0,0,0,0,0,0/0/CPU0
2020-02-05 01:41:49.657000+00:00,dr02,sg3,obt-collector1,0,0,0,0,0,0,0,0,0,0,3,0,0,0,0,0,0,0,0,3,0,0,0,0,0,0,0,0,0,0,0,0,0,0,0,0,0,0,0,0,0,0,0,0,0,0,0,0,0,0,0,0,0,0,0,0,0,0,0,0,0,0,0,0,0,0,0,0,0,3,0,0,0,0,0,0,0,0,0,0,0,0,0/1/CPU0
2020-02-05 01:41:49.659000+00:00,dr02,sg3,obt-collector1,0,0,0,0,15562,15562,0,8,0,0,0,0,0,0,0,30,0,0,0,16573,0,0,1963,986,8,25,0,0,17601,0,0,0,0,0,30,0,0,0,0,0,0,0,0,0,0,0,0,0,0,0,0,46110151,0,0,0,0,0,0,0,0,0,0,30,0,0,77159,0,0,0,58595653,0,0,0,0,0,46037944,0,77159,0,0,0,0,0/RP0/CPU0
2020-02-05 01:42:11.171000+00:00,dr02,sg3,obt-collector1,0,0,0,0,0,0,0,0,0,0,53,0,0,0,0,0,0,0,0,53,0,0,0,0,0,0,0,0,0,0,0,0,0,0,0,0,0,0,0,0,0,0,0,0,0,0,0,0,0,0,0,0,0,0,0,0,0,0,0,0,0,0,0,0,0,0,0,0,0,64,0,0,0,0,0,0,0,0,0,0,0,0,0/0/CPU0
2020-02-05 01:42:11.175000+00:00,dr02,sg3,obt-collector1,0,0,0,0,0,0,0,0,0,0,3,0,0,0,0,0,0,0,0,3,0,0,0,0,0,0,0,0,0,0,0,0,0,0,0,0,0,0,0,0,0,0,0,0,0,0,0,0,0,0,0,0,0,0,0,0,0,0,0,0,0,0,0,0,0,0,0,0,0,3,0,0,0,0,0,0,0,0,0,0,0,0,0/1/CPU0
2020-02-05 01:42:11.177000+00:00,dr02,sg3,obt-collector1,0,0,0,0,15562,15562,0,8,0,0,0,0,0,0,0,30,0,0,0,16573,0,0,1963,986,8,25,0,0,17601,0,0,0,0,0,30,0,0,0,0,0,0,0,0,0,0,0,0,0,0,0,0,46110411,0,0,0,0,0,0,0,0,0,0,30,0,0,77159,0,0,0,58597093,0,0,0,0,0,46038203,0,77159,0,0,0,0,0/RP0/CPU0
2020-02-05 01:42:32.633000+00:00,dr02,sg3,obt-collector1,0,0,0,0,0,0,0,0,0,0,53,0,0,0,0,0,0,0,0,53,0,0,0,0,0,0,0,0,0,0,0,0,0,0,0,0,0,0,0,0,0,0,0,0,0,0,0,0,0,0,0,0,0,0,0,0,0,0,0,0,0,0,0,0,0,0,0,0,0,64,0,0,0,0,0,0,0,0,0,0,0,0,0/0/CPU0
2020-02-05 01:42:32.638000+00:00,dr02,sg3,obt-collector1,0,0,0,0,0,0,0,0,0,0,3,0,0,0,0,0,0,0,0,3,0,0,0,0,0,0,0,0,0,0,0,0,0,0,0,0,0,0,0,0,0,0,0,0,0,0,0,0,0,0,0,0,0,0,0,0,0,0,0,0,0,0,0,0,0,0,0,0,0,3,0,0,0,0,0,0,0,0,0,0,0,0,0/1/CPU0
2020-02-05 01:42:32.640000+00:00,dr02,sg3,obt-collector1,0,0,0,0,15562,15562,0,8,0,0,0,0,0,0,0,30,0,0,0,16573,0,0,1963,986,8,25,0,0,17601,0,0,0,0,0,30,0,0,0,0,0,0,0,0,0,0,0,0,0,0,0,0,46110565,0,0,0,0,0,0,0,0,0,0,30,0,0,77159,0,0,0,58598432,0,0,0,0,0,46038357,0,77159,0,0,0,0,0/RP0/CPU0
2020-02-05 01:42:54.119000+00:00,dr02,sg3,obt-collector1,0,0,0,0,0,0,0,0,0,0,53,0,0,0,0,0,0,0,0,53,0,0,0,0,0,0,0,0,0,0,0,0,0,0,0,0,0,0,0,0,0,0,0,0,0,0,0,0,0,0,0,0,0,0,0,0,0,0,0,0,0,0,0,0,0,0,0,0,0,64,0,0,0,0,0,0,0,0,0,0,0,0,0/0/CPU0
2020-02-05 01:42:54.124000+00:00,dr02,sg3,obt-collector1,0,0,0,0,0,0,0,0,0,0,3,0,0,0,0,0,0,0,0,3,0,0,0,0,0,0,0,0,0,0,0,0,0,0,0,0,0,0,0,0,0,0,0,0,0,0,0,0,0,0,0,0,0,0,0,0,0,0,0,0,0,0,0,0,0,0,0,0,0,3,0,0,0,0,0,0,0,0,0,0,0,0,0/1/CPU0
2020-02-05 01:42:54.126000+00:00,dr02,sg3,obt-collector1,0,0,0,0,15562,15562,0,8,0,0,0,0,0,0,0,30,0,0,0,16573,0,0,1963,986,8,25,0,0,17601,0,0,0,0,0,30,0,0,0,0,0,0,0,0,0,0,0,0,0,0,0,0,46110724,0,0,0,0,0,0,0,0,0,0,30,0,0,77160,0,0,0,58599786,0,0,0,0,0,46038516,0,77160,0,0,0,0,0/RP0/CPU0
2020-02-05 01:43:18.141000+00:00,dr02,sg3,obt-collector1,0,0,0,0,0,0,0,0,0,0,53,0,0,0,0,0,0,0,0,53,0,0,0,0,0,0,0,0,0,0,0,0,0,0,0,0,0,0,0,0,0,0,0,0,0,0,0,0,0,0,0,0,0,0,0,0,0,0,0,0,0,0,0,0,0,0,0,0,0,64,0,0,0,0,0,0,0,0,0,0,0,0,0/0/CPU0
2020-02-05 01:43:18.145000+00:00,dr02,sg3,obt-collector1,0,0,0,0,0,0,0,0,0,0,3,0,0,0,0,0,0,0,0,3,0,0,0,0,0,0,0,0,0,0,0,0,0,0,0,0,0,0,0,0,0,0,0,0,0,0,0,0,0,0,0,0,0,0,0,0,0,0,0,0,0,0,0,0,0,0,0,0,0,3,0,0,0,0,0,0,0,0,0,0,0,0,0/1/CPU0
2020-02-05 01:43:18.147000+00:00,dr02,sg3,obt-collector1,0,0,0,0,15562,15562,0,8,0,0,0,0,0,0,0,30,0,0,0,16573,0,0,1963,986,8,25,0,0,17601,0,0,0,0,0,30,0,0,0,0,0,0,0,0,0,0,0,0,0,0,0,0,46110902,0,0,0,0,0,0,0,0,0,0,30,0,0,77160,0,0,0,58601143,0,0,0,0,0,46038693,0,77160,0,0,0,0,0/RP0/CPU0
2020-02-05 01:43:39.648000+00:00,dr02,sg3,obt-collector1,0,0,0,0,0,0,0,0,0,0,53,0,0,0,0,0,0,0,0,53,0,0,0,0,0,0,0,0,0,0,0,0,0,0,0,0,0,0,0,0,0,0,0,0,0,0,0,0,0,0,0,0,0,0,0,0,0,0,0,0,0,0,0,0,0,0,0,0,0,64,0,0,0,0,0,0,0,0,0,0,0,0,0/0/CPU0
2020-02-05 01:43:39.653000+00:00,dr02,sg3,obt-collector1,0,0,0,0,0,0,0,0,0,0,3,0,0,0,0,0,0,0,0,3,0,0,0,0,0,0,0,0,0,0,0,0,0,0,0,0,0,0,0,0,0,0,0,0,0,0,0,0,0,0,0,0,0,0,0,0,0,0,0,0,0,0,0,0,0,0,0,0,0,3,0,0,0,0,0,0,0,0,0,0,0,0,0/1/CPU0
2020-02-05 01:43:39.655000+00:00,dr02,sg3,obt-collector1,0,0,0,0,15562,15562,0,8,0,0,0,0,0,0,0,30,0,0,0,16573,0,0,1963,986,8,25,0,0,17601,0,0,0,0,0,30,0,0,0,0,0,0,0,0,0,0,0,0,0,0,0,0,46111061,0,0,0,0,0,0,0,0,0,0,30,0,0,77160,0,0,0,58602492,0,0,0,0,0,46038852,0,77160,0,0,0,0,0/RP0/CPU0
2020-02-05 01:44:01.161000+00:00,dr02,sg3,obt-collector1,0,0,0,0,0,0,0,0,0,0,53,0,0,0,0,0,0,0,0,53,0,0,0,0,0,0,0,0,0,0,0,0,0,0,0,0,0,0,0,0,0,0,0,0,0,0,0,0,0,0,0,0,0,0,0,0,0,0,0,0,0,0,0,0,0,0,0,0,0,64,0,0,0,0,0,0,0,0,0,0,0,0,0/0/CPU0
2020-02-05 01:44:01.166000+00:00,dr02,sg3,obt-collector1,0,0,0,0,0,0,0,0,0,0,3,0,0,0,0,0,0,0,0,3,0,0,0,0,0,0,0,0,0,0,0,0,0,0,0,0,0,0,0,0,0,0,0,0,0,0,0,0,0,0,0,0,0,0,0,0,0,0,0,0,0,0,0,0,0,0,0,0,0,3,0,0,0,0,0,0,0,0,0,0,0,0,0/1/CPU0
2020-02-05 01:44:01.168000+00:00,dr02,sg3,obt-collector1,0,0,0,0,15562,15562,0,8,0,0,0,0,0,0,0,30,0,0,0,16573,0,0,1963,986,8,25,0,0,17601,0,0,0,0,0,30,0,0,0,0,0,0,0,0,0,0,0,0,0,0,0,0,46111217,0,0,0,0,0,0,0,0,0,0,30,0,0,77161,0,0,0,58603835,0,0,0,0,0,46039008,0,77161,0,0,0,0,0/RP0/CPU0
2020-02-05 01:44:22.642000+00:00,dr02,sg3,obt-collector1,0,0,0,0,0,0,0,0,0,0,53,0,0,0,0,0,0,0,0,53,0,0,0,0,0,0,0,0,0,0,0,0,0,0,0,0,0,0,0,0,0,0,0,0,0,0,0,0,0,0,0,0,0,0,0,0,0,0,0,0,0,0,0,0,0,0,0,0,0,64,0,0,0,0,0,0,0,0,0,0,0,0,0/0/CPU0
2020-02-05 01:44:22.646000+00:00,dr02,sg3,obt-collector1,0,0,0,0,0,0,0,0,0,0,3,0,0,0,0,0,0,0,0,3,0,0,0,0,0,0,0,0,0,0,0,0,0,0,0,0,0,0,0,0,0,0,0,0,0,0,0,0,0,0,0,0,0,0,0,0,0,0,0,0,0,0,0,0,0,0,0,0,0,3,0,0,0,0,0,0,0,0,0,0,0,0,0/1/CPU0
2020-02-05 01:44:22.648000+00:00,dr02,sg3,obt-collector1,0,0,0,0,15562,15562,0,8,0,0,0,0,0,0,0,30,0,0,0,16573,0,0,1963,986,8,25,0,0,17601,0,0,0,0,0,30,0,0,0,0,0,0,0,0,0,0,0,0,0,0,0,0,46111368,0,0,0,0,0,0,0,0,0,0,30,0,0,77161,0,0,0,58605176,0,0,0,0,0,46039158,0,77161,0,0,0,0,0/RP0/CPU0
2020-02-05 01:44:44.161000+00:00,dr02,sg3,obt-collector1,0,0,0,0,0,0,0,0,0,0,53,0,0,0,0,0,0,0,0,53,0,0,0,0,0,0,0,0,0,0,0,0,0,0,0,0,0,0,0,0,0,0,0,0,0,0,0,0,0,0,0,0,0,0,0,0,0,0,0,0,0,0,0,0,0,0,0,0,0,64,0,0,0,0,0,0,0,0,0,0,0,0,0/0/CPU0
2020-02-05 01:44:44.166000+00:00,dr02,sg3,obt-collector1,0,0,0,0,0,0,0,0,0,0,3,0,0,0,0,0,0,0,0,3,0,0,0,0,0,0,0,0,0,0,0,0,0,0,0,0,0,0,0,0,0,0,0,0,0,0,0,0,0,0,0,0,0,0,0,0,0,0,0,0,0,0,0,0,0,0,0,0,0,3,0,0,0,0,0,0,0,0,0,0,0,0,0/1/CPU0
2020-02-05 01:44:44.168000+00:00,dr02,sg3,obt-collector1,0,0,0,0,15562,15562,0,8,0,0,0,0,0,0,0,30,0,0,0,16573,0,0,1963,986,8,25,0,0,17601,0,0,0,0,0,30,0,0,0,0,0,0,0,0,0,0,0,0,0,0,0,0,46111512,0,0,0,0,0,0,0,0,0,0,30,0,0,77161,0,0,0,58606507,0,0,0,0,0,46039302,0,77161,0,0,0,0,0/RP0/CPU0
2020-02-05 01:45:05.635000+00:00,dr02,sg3,obt-collector1,0,0,0,0,0,0,0,0,0,0,53,0,0,0,0,0,0,0,0,53,0,0,0,0,0,0,0,0,0,0,0,0,0,0,0,0,0,0,0,0,0,0,0,0,0,0,0,0,0,0,0,0,0,0,0,0,0,0,0,0,0,0,0,0,0,0,0,0,0,64,0,0,0,0,0,0,0,0,0,0,0,0,0/0/CPU0
2020-02-05 01:45:05.640000+00:00,dr02,sg3,obt-collector1,0,0,0,0,0,0,0,0,0,0,3,0,0,0,0,0,0,0,0,3,0,0,0,0,0,0,0,0,0,0,0,0,0,0,0,0,0,0,0,0,0,0,0,0,0,0,0,0,0,0,0,0,0,0,0,0,0,0,0,0,0,0,0,0,0,0,0,0,0,3,0,0,0,0,0,0,0,0,0,0,0,0,0/1/CPU0
2020-02-05 01:45:05.642000+00:00,dr02,sg3,obt-collector1,0,0,0,0,15563,15563,0,8,0,0,0,0,0,0,0,30,0,0,0,16574,0,0,1963,986,8,25,0,0,17602,0,0,0,0,0,30,0,0,0,0,0,0,0,0,0,0,0,0,0,0,0,0,46111740,0,0,0,0,0,0,0,0,0,0,30,0,0,77162,0,0,0,58607925,0,0,0,0,0,46039530,0,77162,0,0,0,0,0/RP0/CPU0
2020-02-05 01:45:27.388000+00:00,dr02,sg3,obt-collector1,0,0,0,0,0,0,0,0,0,0,53,0,0,0,0,0,0,0,0,53,0,0,0,0,0,0,0,0,0,0,0,0,0,0,0,0,0,0,0,0,0,0,0,0,0,0,0,0,0,0,0,0,0,0,0,0,0,0,0,0,0,0,0,0,0,0,0,0,0,64,0,0,0,0,0,0,0,0,0,0,0,0,0/0/CPU0
2020-02-05 01:45:27.393000+00:00,dr02,sg3,obt-collector1,0,0,0,0,0,0,0,0,0,0,3,0,0,0,0,0,0,0,0,3,0,0,0,0,0,0,0,0,0,0,0,0,0,0,0,0,0,0,0,0,0,0,0,0,0,0,0,0,0,0,0,0,0,0,0,0,0,0,0,0,0,0,0,0,0,0,0,0,0,3,0,0,0,0,0,0,0,0,0,0,0,0,0/1/CPU0
2020-02-05 01:45:27.395000+00:00,dr02,sg3,obt-collector1,0,0,0,0,15563,15563,0,8,0,0,0,0,0,0,0,30,0,0,0,16574,0,0,1963,986,8,25,0,0,17602,0,0,0,0,0,30,0,0,0,0,0,0,0,0,0,0,0,0,0,0,0,0,46111889,0,0,0,0,0,0,0,0,0,0,30,0,0,77162,0,0,0,58609265,0,0,0,0,0,46039678,0,77162,0,0,0,0,0/RP0/CPU0
2020-02-05 01:45:48.895000+00:00,dr02,sg3,obt-collector1,0,0,0,0,0,0,0,0,0,0,53,0,0,0,0,0,0,0,0,53,0,0,0,0,0,0,0,0,0,0,0,0,0,0,0,0,0,0,0,0,0,0,0,0,0,0,0,0,0,0,0,0,0,0,0,0,0,0,0,0,0,0,0,0,0,0,0,0,0,64,0,0,0,0,0,0,0,0,0,0,0,0,0/0/CPU0
2020-02-05 01:45:48.899000+00:00,dr02,sg3,obt-collector1,0,0,0,0,0,0,0,0,0,0,3,0,0,0,0,0,0,0,0,3,0,0,0,0,0,0,0,0,0,0,0,0,0,0,0,0,0,0,0,0,0,0,0,0,0,0,0,0,0,0,0,0,0,0,0,0,0,0,0,0,0,0,0,0,0,0,0,0,0,3,0,0,0,0,0,0,0,0,0,0,0,0,0/1/CPU0
2020-02-05 01:45:48.902000+00:00,dr02,sg3,obt-collector1,0,0,0,0,15563,15563,0,8,0,0,0,0,0,0,0,30,0,0,0,16574,0,0,1963,986,8,25,0,0,17602,0,0,0,0,0,30,0,0,0,0,0,0,0,0,0,0,0,0,0,0,0,0,46112034,0,0,0,0,0,0,0,0,0,0,30,0,0,77163,0,0,0,58610602,0,0,0,0,0,46039823,0,77163,0,0,0,0,0/RP0/CPU0
2020-02-05 01:46:10.365000+00:00,dr02,sg3,obt-collector1,0,0,0,0,0,0,0,0,0,0,53,0,0,0,0,0,0,0,0,53,0,0,0,0,0,0,0,0,0,0,0,0,0,0,0,0,0,0,0,0,0,0,0,0,0,0,0,0,0,0,0,0,0,0,0,0,0,0,0,0,0,0,0,0,0,0,0,0,0,64,0,0,0,0,0,0,0,0,0,0,0,0,0/0/CPU0
2020-02-05 01:46:10.370000+00:00,dr02,sg3,obt-collector1,0,0,0,0,0,0,0,0,0,0,3,0,0,0,0,0,0,0,0,3,0,0,0,0,0,0,0,0,0,0,0,0,0,0,0,0,0,0,0,0,0,0,0,0,0,0,0,0,0,0,0,0,0,0,0,0,0,0,0,0,0,0,0,0,0,0,0,0,0,3,0,0,0,0,0,0,0,0,0,0,0,0,0/1/CPU0
2020-02-05 01:46:10.372000+00:00,dr02,sg3,obt-collector1,0,0,0,0,15563,15563,0,8,0,0,0,0,0,0,0,30,0,0,0,16574,0,0,1963,986,8,25,0,0,17602,0,0,0,0,0,30,0,0,0,0,0,0,0,0,0,0,0,0,0,0,0,0,46112205,0,0,0,0,0,0,0,0,0,0,30,0,0,77163,0,0,0,58611953,0,0,0,0,0,46039994,0,77163,0,0,0,0,0/RP0/CPU0
2020-02-05 01:46:31.862000+00:00,dr02,sg3,obt-collector1,0,0,0,0,0,0,0,0,0,0,53,0,0,0,0,0,0,0,0,53,0,0,0,0,0,0,0,0,0,0,0,0,0,0,0,0,0,0,0,0,0,0,0,0,0,0,0,0,0,0,0,0,0,0,0,0,0,0,0,0,0,0,0,0,0,0,0,0,0,64,0,0,0,0,0,0,0,0,0,0,0,0,0/0/CPU0
2020-02-05 01:46:31.866000+00:00,dr02,sg3,obt-collector1,0,0,0,0,0,0,0,0,0,0,3,0,0,0,0,0,0,0,0,3,0,0,0,0,0,0,0,0,0,0,0,0,0,0,0,0,0,0,0,0,0,0,0,0,0,0,0,0,0,0,0,0,0,0,0,0,0,0,0,0,0,0,0,0,0,0,0,0,0,3,0,0,0,0,0,0,0,0,0,0,0,0,0/1/CPU0
2020-02-05 01:46:31.869000+00:00,dr02,sg3,obt-collector1,0,0,0,0,15563,15563,0,8,0,0,0,0,0,0,0,30,0,0,0,16574,0,0,1963,986,8,25,0,0,17602,0,0,0,0,0,30,0,0,0,0,0,0,0,0,0,0,0,0,0,0,0,0,46112356,0,0,0,0,0,0,0,0,0,0,30,0,0,77163,0,0,0,58613286,0,0,0,0,0,46040144,0,77163,0,0,0,0,0/RP0/CPU0
2020-02-05 01:46:53.388000+00:00,dr02,sg3,obt-collector1,0,0,0,0,0,0,0,0,0,0,53,0,0,0,0,0,0,0,0,53,0,0,0,0,0,0,0,0,0,0,0,0,0,0,0,0,0,0,0,0,0,0,0,0,0,0,0,0,0,0,0,0,0,0,0,0,0,0,0,0,0,0,0,0,0,0,0,0,0,64,0,0,0,0,0,0,0,0,0,0,0,0,0/0/CPU0
2020-02-05 01:46:53.392000+00:00,dr02,sg3,obt-collector1,0,0,0,0,0,0,0,0,0,0,3,0,0,0,0,0,0,0,0,3,0,0,0,0,0,0,0,0,0,0,0,0,0,0,0,0,0,0,0,0,0,0,0,0,0,0,0,0,0,0,0,0,0,0,0,0,0,0,0,0,0,0,0,0,0,0,0,0,0,3,0,0,0,0,0,0,0,0,0,0,0,0,0/1/CPU0
2020-02-05 01:46:53.394000+00:00,dr02,sg3,obt-collector1,0,0,0,0,15563,15563,0,8,0,0,0,0,0,0,0,30,0,0,0,16574,0,0,1963,986,8,25,0,0,17602,0,0,0,0,0,30,0,0,0,0,0,0,0,0,0,0,0,0,0,0,0,0,46112943,0,0,0,0,0,0,0,0,0,0,30,0,0,77164,0,0,0,58615064,0,0,0,0,0,46040731,0,77164,0,0,0,0,0/RP0/CPU0
2020-02-05 01:47:14.922000+00:00,dr02,sg3,obt-collector1,0,0,0,0,0,0,0,0,0,0,53,0,0,0,0,0,0,0,0,53,0,0,0,0,0,0,0,0,0,0,0,0,0,0,0,0,0,0,0,0,0,0,0,0,0,0,0,0,0,0,0,0,0,0,0,0,0,0,0,0,0,0,0,0,0,0,0,0,0,64,0,0,0,0,0,0,0,0,0,0,0,0,0/0/CPU0
2020-02-05 01:47:14.926000+00:00,dr02,sg3,obt-collector1,0,0,0,0,0,0,0,0,0,0,3,0,0,0,0,0,0,0,0,3,0,0,0,0,0,0,0,0,0,0,0,0,0,0,0,0,0,0,0,0,0,0,0,0,0,0,0,0,0,0,0,0,0,0,0,0,0,0,0,0,0,0,0,0,0,0,0,0,0,3,0,0,0,0,0,0,0,0,0,0,0,0,0/1/CPU0
2020-02-05 01:47:14.928000+00:00,dr02,sg3,obt-collector1,0,0,0,0,15563,15563,0,8,0,0,0,0,0,0,0,30,0,0,0,16574,0,0,1963,986,8,25,0,0,17602,0,0,0,0,0,30,0,0,0,0,0,0,0,0,0,0,0,0,0,0,0,0,46113217,0,0,0,0,0,0,0,0,0,0,30,0,0,77164,0,0,0,58616525,0,0,0,0,0,46041005,0,77164,0,0,0,0,0/RP0/CPU0
2020-02-05 01:47:36.402000+00:00,dr02,sg3,obt-collector1,0,0,0,0,0,0,0,0,0,0,53,0,0,0,0,0,0,0,0,53,0,0,0,0,0,0,0,0,0,0,0,0,0,0,0,0,0,0,0,0,0,0,0,0,0,0,0,0,0,0,0,0,0,0,0,0,0,0,0,0,0,0,0,0,0,0,0,0,0,64,0,0,0,0,0,0,0,0,0,0,0,0,0/0/CPU0
2020-02-05 01:47:36.407000+00:00,dr02,sg3,obt-collector1,0,0,0,0,0,0,0,0,0,0,3,0,0,0,0,0,0,0,0,3,0,0,0,0,0,0,0,0,0,0,0,0,0,0,0,0,0,0,0,0,0,0,0,0,0,0,0,0,0,0,0,0,0,0,0,0,0,0,0,0,0,0,0,0,0,0,0,0,0,3,0,0,0,0,0,0,0,0,0,0,0,0,0/1/CPU0
2020-02-05 01:47:36.409000+00:00,dr02,sg3,obt-collector1,0,0,0,0,15563,15563,0,8,0,0,0,0,0,0,0,30,0,0,0,16574,0,0,1963,986,8,25,0,0,17602,0,0,0,0,0,30,0,0,0,0,0,0,0,0,0,0,0,0,0,0,0,0,46113362,0,0,0,0,0,0,0,0,0,0,30,0,0,77164,0,0,0,58617858,0,0,0,0,0,46041149,0,77164,0,0,0,0,0/RP0/CPU0
2020-02-05 01:47:57.917000+00:00,dr02,sg3,obt-collector1,0,0,0,0,0,0,0,0,0,0,53,0,0,0,0,0,0,0,0,53,0,0,0,0,0,0,0,0,0,0,0,0,0,0,0,0,0,0,0,0,0,0,0,0,0,0,0,0,0,0,0,0,0,0,0,0,0,0,0,0,0,0,0,0,0,0,0,0,0,64,0,0,0,0,0,0,0,0,0,0,0,0,0/0/CPU0
2020-02-05 01:47:57.922000+00:00,dr02,sg3,obt-collector1,0,0,0,0,0,0,0,0,0,0,3,0,0,0,0,0,0,0,0,3,0,0,0,0,0,0,0,0,0,0,0,0,0,0,0,0,0,0,0,0,0,0,0,0,0,0,0,0,0,0,0,0,0,0,0,0,0,0,0,0,0,0,0,0,0,0,0,0,0,3,0,0,0,0,0,0,0,0,0,0,0,0,0/1/CPU0
2020-02-05 01:47:57.924000+00:00,dr02,sg3,obt-collector1,0,0,0,0,15563,15563,0,8,0,0,0,0,0,0,0,30,0,0,0,16574,0,0,1963,986,8,25,0,0,17602,0,0,0,0,0,30,0,0,0,0,0,0,0,0,0,0,0,0,0,0,0,0,46113513,0,0,0,0,0,0,0,0,0,0,30,0,0,77165,0,0,0,58619202,0,0,0,0,0,46041300,0,77165,0,0,0,0,0/RP0/CPU0
2020-02-05 01:48:19.481000+00:00,dr02,sg3,obt-collector1,0,0,0,0,0,0,0,0,0,0,53,0,0,0,0,0,0,0,0,53,0,0,0,0,0,0,0,0,0,0,0,0,0,0,0,0,0,0,0,0,0,0,0,0,0,0,0,0,0,0,0,0,0,0,0,0,0,0,0,0,0,0,0,0,0,0,0,0,0,64,0,0,0,0,0,0,0,0,0,0,0,0,0/0/CPU0
2020-02-05 01:48:19.485000+00:00,dr02,sg3,obt-collector1,0,0,0,0,0,0,0,0,0,0,3,0,0,0,0,0,0,0,0,3,0,0,0,0,0,0,0,0,0,0,0,0,0,0,0,0,0,0,0,0,0,0,0,0,0,0,0,0,0,0,0,0,0,0,0,0,0,0,0,0,0,0,0,0,0,0,0,0,0,3,0,0,0,0,0,0,0,0,0,0,0,0,0/1/CPU0
2020-02-05 01:48:19.487000+00:00,dr02,sg3,obt-collector1,0,0,0,0,15563,15563,0,8,0,0,0,0,0,0,0,30,0,0,0,16574,0,0,1963,986,8,25,0,0,17602,0,0,0,0,0,30,0,0,0,0,0,0,0,0,0,0,0,0,0,0,0,0,46113671,0,0,0,0,0,0,0,0,0,0,30,0,0,77165,0,0,0,58620555,0,0,0,0,0,46041458,0,77165,0,0,0,0,0/RP0/CPU0
2020-02-05 01:48:41.049000+00:00,dr02,sg3,obt-collector1,0,0,0,0,0,0,0,0,0,0,53,0,0,0,0,0,0,0,0,53,0,0,0,0,0,0,0,0,0,0,0,0,0,0,0,0,0,0,0,0,0,0,0,0,0,0,0,0,0,0,0,0,0,0,0,0,0,0,0,0,0,0,0,0,0,0,0,0,0,64,0,0,0,0,0,0,0,0,0,0,0,0,0/0/CPU0
2020-02-05 01:48:41.053000+00:00,dr02,sg3,obt-collector1,0,0,0,0,0,0,0,0,0,0,3,0,0,0,0,0,0,0,0,3,0,0,0,0,0,0,0,0,0,0,0,0,0,0,0,0,0,0,0,0,0,0,0,0,0,0,0,0,0,0,0,0,0,0,0,0,0,0,0,0,0,0,0,0,0,0,0,0,0,3,0,0,0,0,0,0,0,0,0,0,0,0,0/1/CPU0
2020-02-05 01:48:41.056000+00:00,dr02,sg3,obt-collector1,0,0,0,0,15563,15563,0,8,0,0,0,0,0,0,0,30,0,0,0,16574,0,0,1963,986,8,25,0,0,17602,0,0,0,0,0,30,0,0,0,0,0,0,0,0,0,0,0,0,0,0,0,0,46113828,0,0,0,0,0,0,0,0,0,0,30,0,0,77165,0,0,0,58621891,0,0,0,0,0,46041614,0,77165,0,0,0,0,0/RP0/CPU0
2020-02-05 01:49:03.841000+00:00,dr02,sg3,obt-collector1,0,0,0,0,0,0,0,0,0,0,53,0,0,0,0,0,0,0,0,53,0,0,0,0,0,0,0,0,0,0,0,0,0,0,0,0,0,0,0,0,0,0,0,0,0,0,0,0,0,0,0,0,0,0,0,0,0,0,0,0,0,0,0,0,0,0,0,0,0,64,0,0,0,0,0,0,0,0,0,0,0,0,0/0/CPU0
2020-02-05 01:49:03.845000+00:00,dr02,sg3,obt-collector1,0,0,0,0,0,0,0,0,0,0,3,0,0,0,0,0,0,0,0,3,0,0,0,0,0,0,0,0,0,0,0,0,0,0,0,0,0,0,0,0,0,0,0,0,0,0,0,0,0,0,0,0,0,0,0,0,0,0,0,0,0,0,0,0,0,0,0,0,0,3,0,0,0,0,0,0,0,0,0,0,0,0,0/1/CPU0
2020-02-05 01:49:03.848000+00:00,dr02,sg3,obt-collector1,0,0,0,0,15563,15563,0,8,0,0,0,0,0,0,0,30,0,0,0,16574,0,0,1963,986,8,25,0,0,17602,0,0,0,0,0,30,0,0,0,0,0,0,0,0,0,0,0,0,0,0,0,0,46113979,0,0,0,0,0,0,0,0,0,0,30,0,0,77166,0,0,0,58623227,0,0,0,0,0,46041765,0,77166,0,0,0,0,0/RP0/CPU0
2020-02-05 01:49:25.322000+00:00,dr02,sg3,obt-collector1,0,0,0,0,0,0,0,0,0,0,53,0,0,0,0,0,0,0,0,53,0,0,0,0,0,0,0,0,0,0,0,0,0,0,0,0,0,0,0,0,0,0,0,0,0,0,0,0,0,0,0,0,0,0,0,0,0,0,0,0,0,0,0,0,0,0,0,0,0,64,0,0,0,0,0,0,0,0,0,0,0,0,0/0/CPU0
2020-02-05 01:49:25.326000+00:00,dr02,sg3,obt-collector1,0,0,0,0,0,0,0,0,0,0,3,0,0,0,0,0,0,0,0,3,0,0,0,0,0,0,0,0,0,0,0,0,0,0,0,0,0,0,0,0,0,0,0,0,0,0,0,0,0,0,0,0,0,0,0,0,0,0,0,0,0,0,0,0,0,0,0,0,0,3,0,0,0,0,0,0,0,0,0,0,0,0,0/1/CPU0
2020-02-05 01:49:25.329000+00:00,dr02,sg3,obt-collector1,0,0,0,0,15563,15563,0,8,0,0,0,0,0,0,0,30,0,0,0,16574,0,0,1963,986,8,25,0,0,17602,0,0,0,0,0,30,0,0,0,0,0,0,0,0,0,0,0,0,0,0,0,0,46114187,0,0,0,0,0,0,0,0,0,0,30,0,0,77166,0,0,0,58624618,0,0,0,0,0,46041973,0,77166,0,0,0,0,0/RP0/CPU0
2020-02-05 01:49:46.835000+00:00,dr02,sg3,obt-collector1,0,0,0,0,0,0,0,0,0,0,53,0,0,0,0,0,0,0,0,53,0,0,0,0,0,0,0,0,0,0,0,0,0,0,0,0,0,0,0,0,0,0,0,0,0,0,0,0,0,0,0,0,0,0,0,0,0,0,0,0,0,0,0,0,0,0,0,0,0,64,0,0,0,0,0,0,0,0,0,0,0,0,0/0/CPU0
2020-02-05 01:49:46.840000+00:00,dr02,sg3,obt-collector1,0,0,0,0,0,0,0,0,0,0,3,0,0,0,0,0,0,0,0,3,0,0,0,0,0,0,0,0,0,0,0,0,0,0,0,0,0,0,0,0,0,0,0,0,0,0,0,0,0,0,0,0,0,0,0,0,0,0,0,0,0,0,0,0,0,0,0,0,0,3,0,0,0,0,0,0,0,0,0,0,0,0,0/1/CPU0
2020-02-05 01:49:46.842000+00:00,dr02,sg3,obt-collector1,0,0,0,0,15563,15563,0,8,0,0,0,0,0,0,0,30,0,0,0,16574,0,0,1963,986,8,25,0,0,17602,0,0,0,0,0,30,0,0,0,0,0,0,0,0,0,0,0,0,0,0,0,0,46114457,0,0,0,0,0,0,0,0,0,0,30,0,0,77167,0,0,0,58626062,0,0,0,0,0,46042242,0,77167,0,0,0,0,0/RP0/CPU0
2020-02-05 01:50:08.357000+00:00,dr02,sg3,obt-collector1,0,0,0,0,0,0,0,0,0,0,53,0,0,0,0,0,0,0,0,53,0,0,0,0,0,0,0,0,0,0,0,0,0,0,0,0,0,0,0,0,0,0,0,0,0,0,0,0,0,0,0,0,0,0,0,0,0,0,0,0,0,0,0,0,0,0,0,0,0,64,0,0,0,0,0,0,0,0,0,0,0,0,0/0/CPU0
2020-02-05 01:50:08.362000+00:00,dr02,sg3,obt-collector1,0,0,0,0,0,0,0,0,0,0,3,0,0,0,0,0,0,0,0,3,0,0,0,0,0,0,0,0,0,0,0,0,0,0,0,0,0,0,0,0,0,0,0,0,0,0,0,0,0,0,0,0,0,0,0,0,0,0,0,0,0,0,0,0,0,0,0,0,0,3,0,0,0,0,0,0,0,0,0,0,0,0,0/1/CPU0
2020-02-05 01:50:08.365000+00:00,dr02,sg3,obt-collector1,0,0,0,0,15564,15564,0,8,0,0,0,0,0,0,0,30,0,0,0,16575,0,0,1963,986,8,25,0,0,17603,0,0,0,0,0,30,0,0,0,0,0,0,0,0,0,0,0,0,0,0,0,0,46114665,0,0,0,0,0,0,0,0,0,0,30,0,0,77167,0,0,0,58627450,0,0,0,0,0,46042450,0,77167,0,0,0,0,0/RP0/CPU0
2020-02-05 01:50:29.999000+00:00,dr02,sg3,obt-collector1,0,0,0,0,0,0,0,0,0,0,54,0,0,0,0,0,0,0,0,54,0,0,0,0,0,0,0,0,0,0,0,0,0,0,0,0,0,0,0,0,0,0,0,0,0,0,0,0,0,0,0,0,0,0,0,0,0,0,0,0,0,0,0,0,0,0,0,0,0,65,0,0,0,0,0,0,0,0,0,0,0,0,0/0/CPU0
2020-02-05 01:50:30.004000+00:00,dr02,sg3,obt-collector1,0,0,0,0,0,0,0,0,0,0,3,0,0,0,0,0,0,0,0,3,0,0,0,0,0,0,0,0,0,0,0,0,0,0,0,0,0,0,0,0,0,0,0,0,0,0,0,0,0,0,0,0,0,0,0,0,0,0,0,0,0,0,0,0,0,0,0,0,0,3,0,0,0,0,0,0,0,0,0,0,0,0,0/1/CPU0
2020-02-05 01:50:30.006000+00:00,dr02,sg3,obt-collector1,0,0,0,0,15564,15564,0,8,0,0,0,0,0,0,0,30,0,0,0,16575,0,0,1963,986,8,25,0,0,17603,0,0,0,0,0,30,0,0,0,0,0,0,0,0,0,0,0,0,0,0,0,0,46114838,0,0,0,0,0,0,0,0,0,0,30,0,0,77167,0,0,0,58628805,0,0,0,0,0,46042623,0,77167,0,0,0,0,0/RP0/CPU0
2020-02-05 01:50:51.492000+00:00,dr02,sg3,obt-collector1,0,0,0,0,0,0,0,0,0,0,58,0,0,0,0,0,0,0,0,58,0,0,0,0,0,0,0,0,0,0,0,0,0,0,0,0,0,0,0,0,0,0,0,0,0,0,0,0,0,0,0,0,0,0,0,0,0,0,0,0,0,0,0,0,0,0,0,0,0,69,0,0,0,0,0,0,0,0,0,0,0,0,0/0/CPU0
2020-02-05 01:50:51.497000+00:00,dr02,sg3,obt-collector1,0,0,0,0,0,0,0,0,0,0,3,0,0,0,0,0,0,0,0,3,0,0,0,0,0,0,0,0,0,0,0,0,0,0,0,0,0,0,0,0,0,0,0,0,0,0,0,0,0,0,0,0,0,0,0,0,0,0,0,0,0,0,0,0,0,0,0,0,0,3,0,0,0,0,0,0,0,0,0,0,0,0,0/1/CPU0
2020-02-05 01:50:51.499000+00:00,dr02,sg3,obt-collector1,0,0,0,0,15564,15564,0,8,0,0,0,0,0,0,0,30,0,0,0,16575,0,0,1963,986,8,25,0,0,17603,0,0,0,0,0,30,0,0,0,0,0,0,0,0,0,0,0,0,0,0,0,0,46114978,0,0,0,0,0,0,0,0,0,0,30,0,0,77168,0,0,0,58630165,0,0,0,0,0,46042762,0,77168,0,0,0,0,0/RP0/CPU0
2020-02-05 01:51:13.046000+00:00,dr02,sg3,obt-collector1,0,0,0,0,0,0,0,0,0,0,59,0,0,0,0,0,0,0,0,59,0,0,0,0,0,0,0,0,0,0,0,0,0,0,0,0,0,0,0,0,0,0,0,0,0,0,0,0,0,0,0,0,0,0,0,0,0,0,0,0,0,0,0,0,0,0,0,0,0,70,0,0,0,0,0,0,0,0,0,0,0,0,0/0/CPU0
2020-02-05 01:51:13.050000+00:00,dr02,sg3,obt-collector1,0,0,0,0,0,0,0,0,0,0,3,0,0,0,0,0,0,0,0,3,0,0,0,0,0,0,0,0,0,0,0,0,0,0,0,0,0,0,0,0,0,0,0,0,0,0,0,0,0,0,0,0,0,0,0,0,0,0,0,0,0,0,0,0,0,0,0,0,0,3,0,0,0,0,0,0,0,0,0,0,0,0,0/1/CPU0
2020-02-05 01:51:13.053000+00:00,dr02,sg3,obt-collector1,0,0,0,0,15564,15564,0,8,0,0,0,0,0,0,0,30,0,0,0,16575,0,0,1963,986,8,25,0,0,17603,0,0,0,0,0,30,0,0,0,0,0,0,0,0,0,0,0,0,0,0,0,0,46115138,0,0,0,0,0,0,0,0,0,0,30,0,0,77168,0,0,0,58631538,0,0,0,0,0,46042922,0,77168,0,0,0,0,0/RP0/CPU0
2020-02-05 01:51:34.519000+00:00,dr02,sg3,obt-collector1,0,0,0,0,0,0,0,0,0,0,59,0,0,0,0,0,0,0,0,59,0,0,0,0,0,0,0,0,0,0,0,0,0,0,0,0,0,0,0,0,0,0,0,0,0,0,0,0,0,0,0,0,0,0,0,0,0,0,0,0,0,0,0,0,0,0,0,0,0,70,0,0,0,0,0,0,0,0,0,0,0,0,0/0/CPU0
2020-02-05 01:51:34.523000+00:00,dr02,sg3,obt-collector1,0,0,0,0,0,0,0,0,0,0,3,0,0,0,0,0,0,0,0,3,0,0,0,0,0,0,0,0,0,0,0,0,0,0,0,0,0,0,0,0,0,0,0,0,0,0,0,0,0,0,0,0,0,0,0,0,0,0,0,0,0,0,0,0,0,0,0,0,0,3,0,0,0,0,0,0,0,0,0,0,0,0,0/1/CPU0
2020-02-05 01:51:34.525000+00:00,dr02,sg3,obt-collector1,0,0,0,0,15564,15564,0,8,0,0,0,0,0,0,0,30,0,0,0,16575,0,0,1963,986,8,25,0,0,17603,0,0,0,0,0,30,0,0,0,0,0,0,0,0,0,0,0,0,0,0,0,0,46115323,0,0,0,0,0,0,0,0,0,0,30,0,0,77168,0,0,0,58632941,0,0,0,0,0,46043107,0,77168,0,0,0,0,0/RP0/CPU0
2020-02-05 01:51:56.107000+00:00,dr02,sg3,obt-collector1,0,0,0,0,0,0,0,0,0,0,59,0,0,0,0,0,0,0,0,59,0,0,0,0,0,0,0,0,0,0,0,0,0,0,0,0,0,0,0,0,0,0,0,0,0,0,0,0,0,0,0,0,0,0,0,0,0,0,0,0,0,0,0,0,0,0,0,0,0,70,0,0,0,0,0,0,0,0,0,0,0,0,0/0/CPU0
2020-02-05 01:51:56.112000+00:00,dr02,sg3,obt-collector1,0,0,0,0,0,0,0,0,0,0,3,0,0,0,0,0,0,0,0,3,0,0,0,0,0,0,0,0,0,0,0,0,0,0,0,0,0,0,0,0,0,0,0,0,0,0,0,0,0,0,0,0,0,0,0,0,0,0,0,0,0,0,0,0,0,0,0,0,0,3,0,0,0,0,0,0,0,0,0,0,0,0,0/1/CPU0
2020-02-05 01:51:56.114000+00:00,dr02,sg3,obt-collector1,0,0,0,0,15564,15564,0,8,0,0,0,0,0,0,0,30,0,0,0,16575,0,0,1963,986,8,25,0,0,17603,0,0,0,0,0,30,0,0,0,0,0,0,0,0,0,0,0,0,0,0,0,0,46115966,0,0,0,0,0,0,0,0,0,0,30,0,0,77169,0,0,0,58634822,0,0,0,0,0,46043749,0,77169,0,0,0,0,0/RP0/CPU0
2020-02-05 01:52:17.674000+00:00,dr02,sg3,obt-collector1,0,0,0,0,0,0,0,0,0,0,59,0,0,0,0,0,0,0,0,59,0,0,0,0,0,0,0,0,0,0,0,0,0,0,0,0,0,0,0,0,0,0,0,0,0,0,0,0,0,0,0,0,0,0,0,0,0,0,0,0,0,0,0,0,0,0,0,0,0,70,0,0,0,0,0,0,0,0,0,0,0,0,0/0/CPU0
2020-02-05 01:52:17.678000+00:00,dr02,sg3,obt-collector1,0,0,0,0,0,0,0,0,0,0,3,0,0,0,0,0,0,0,0,3,0,0,0,0,0,0,0,0,0,0,0,0,0,0,0,0,0,0,0,0,0,0,0,0,0,0,0,0,0,0,0,0,0,0,0,0,0,0,0,0,0,0,0,0,0,0,0,0,0,3,0,0,0,0,0,0,0,0,0,0,0,0,0/1/CPU0
2020-02-05 01:52:17.680000+00:00,dr02,sg3,obt-collector1,0,0,0,0,15564,15564,0,8,0,0,0,0,0,0,0,30,0,0,0,16575,0,0,1963,986,8,25,0,0,17603,0,0,0,0,0,30,0,0,0,0,0,0,0,0,0,0,0,0,0,0,0,0,46116114,0,0,0,0,0,0,0,0,0,0,30,0,0,77169,0,0,0,58636200,0,0,0,0,0,46043897,0,77169,0,0,0,0,0/RP0/CPU0
2020-02-05 01:52:39.192000+00:00,dr02,sg3,obt-collector1,0,0,0,0,0,0,0,0,0,0,59,0,0,0,0,0,0,0,0,59,0,0,0,0,0,0,0,0,0,0,0,0,0,0,0,0,0,0,0,0,0,0,0,0,0,0,0,0,0,0,0,0,0,0,0,0,0,0,0,0,0,0,0,0,0,0,0,0,0,70,0,0,0,0,0,0,0,0,0,0,0,0,0/0/CPU0
2020-02-05 01:52:39.196000+00:00,dr02,sg3,obt-collector1,0,0,0,0,0,0,0,0,0,0,3,0,0,0,0,0,0,0,0,3,0,0,0,0,0,0,0,0,0,0,0,0,0,0,0,0,0,0,0,0,0,0,0,0,0,0,0,0,0,0,0,0,0,0,0,0,0,0,0,0,0,0,0,0,0,0,0,0,0,3,0,0,0,0,0,0,0,0,0,0,0,0,0/1/CPU0
2020-02-05 01:52:39.199000+00:00,dr02,sg3,obt-collector1,0,0,0,0,15564,15564,0,8,0,0,0,0,0,0,0,30,0,0,0,16575,0,0,1963,986,8,25,0,0,17603,0,0,0,0,0,30,0,0,0,0,0,0,0,0,0,0,0,0,0,0,0,0,46116267,0,0,0,0,0,0,0,0,0,0,30,0,0,77169,0,0,0,58637585,0,0,0,0,0,46044050,0,77169,0,0,0,0,0/RP0/CPU0
2020-02-05 01:53:00.649000+00:00,dr02,sg3,obt-collector1,0,0,0,0,0,0,0,0,0,0,59,0,0,0,0,0,0,0,0,59,0,0,0,0,0,0,0,0,0,0,0,0,0,0,0,0,0,0,0,0,0,0,0,0,0,0,0,0,0,0,0,0,0,0,0,0,0,0,0,0,0,0,0,0,0,0,0,0,0,70,0,0,0,0,0,0,0,0,0,0,0,0,0/0/CPU0
2020-02-05 01:53:00.653000+00:00,dr02,sg3,obt-collector1,0,0,0,0,0,0,0,0,0,0,3,0,0,0,0,0,0,0,0,3,0,0,0,0,0,0,0,0,0,0,0,0,0,0,0,0,0,0,0,0,0,0,0,0,0,0,0,0,0,0,0,0,0,0,0,0,0,0,0,0,0,0,0,0,0,0,0,0,0,3,0,0,0,0,0,0,0,0,0,0,0,0,0/1/CPU0
2020-02-05 01:53:00.656000+00:00,dr02,sg3,obt-collector1,0,0,0,0,15564,15564,0,8,0,0,0,0,0,0,0,30,0,0,0,16575,0,0,1963,986,8,25,0,0,17603,0,0,0,0,0,30,0,0,0,0,0,0,0,0,0,0,0,0,0,0,0,0,46116406,0,0,0,0,0,0,0,0,0,0,30,0,0,77170,0,0,0,58638946,0,0,0,0,0,46044188,0,77170,0,0,0,0,0/RP0/CPU0
2020-02-05 01:53:22.143000+00:00,dr02,sg3,obt-collector1,0,0,0,0,0,0,0,0,0,0,59,0,0,0,0,0,0,0,0,59,0,0,0,0,0,0,0,0,0,0,0,0,0,0,0,0,0,0,0,0,0,0,0,0,0,0,0,0,0,0,0,0,0,0,0,0,0,0,0,0,0,0,0,0,0,0,0,0,0,70,0,0,0,0,0,0,0,0,0,0,0,0,0/0/CPU0
2020-02-05 01:53:22.148000+00:00,dr02,sg3,obt-collector1,0,0,0,0,0,0,0,0,0,0,3,0,0,0,0,0,0,0,0,3,0,0,0,0,0,0,0,0,0,0,0,0,0,0,0,0,0,0,0,0,0,0,0,0,0,0,0,0,0,0,0,0,0,0,0,0,0,0,0,0,0,0,0,0,0,0,0,0,0,3,0,0,0,0,0,0,0,0,0,0,0,0,0/1/CPU0
2020-02-05 01:53:22.150000+00:00,dr02,sg3,obt-collector1,0,0,0,0,15564,15564,0,8,0,0,0,0,0,0,0,30,0,0,0,16575,0,0,1963,986,8,25,0,0,17603,0,0,0,0,0,30,0,0,0,0,0,0,0,0,0,0,0,0,0,0,0,0,46116539,0,0,0,0,0,0,0,0,0,0,30,0,0,77170,0,0,0,58640287,0,0,0,0,0,46044321,0,77170,0,0,0,0,0/RP0/CPU0
2020-02-05 01:53:43.650000+00:00,dr02,sg3,obt-collector1,0,0,0,0,0,0,0,0,0,0,59,0,0,0,0,0,0,0,0,59,0,0,0,0,0,0,0,0,0,0,0,0,0,0,0,0,0,0,0,0,0,0,0,0,0,0,0,0,0,0,0,0,0,0,0,0,0,0,0,0,0,0,0,0,0,0,0,0,0,70,0,0,0,0,0,0,0,0,0,0,0,0,0/0/CPU0
2020-02-05 01:53:43.656000+00:00,dr02,sg3,obt-collector1,0,0,0,0,0,0,0,0,0,0,3,0,0,0,0,0,0,0,0,3,0,0,0,0,0,0,0,0,0,0,0,0,0,0,0,0,0,0,0,0,0,0,0,0,0,0,0,0,0,0,0,0,0,0,0,0,0,0,0,0,0,0,0,0,0,0,0,0,0,3,0,0,0,0,0,0,0,0,0,0,0,0,0/1/CPU0
2020-02-05 01:53:43.658000+00:00,dr02,sg3,obt-collector1,0,0,0,0,15564,15564,0,8,0,0,0,0,0,0,0,30,0,0,0,16575,0,0,1963,986,8,25,0,0,17603,0,0,0,0,0,30,0,0,0,0,0,0,0,0,0,0,0,0,0,0,0,0,46116674,0,0,0,0,0,0,0,0,0,0,30,0,0,77170,0,0,0,58641651,0,0,0,0,0,46044456,0,77170,0,0,0,0,0/RP0/CPU0
2020-02-05 01:54:05.179000+00:00,dr02,sg3,obt-collector1,0,0,0,0,0,0,0,0,0,0,59,0,0,0,0,0,0,0,0,59,0,0,0,0,0,0,0,0,0,0,0,0,0,0,0,0,0,0,0,0,0,0,0,0,0,0,0,0,0,0,0,0,0,0,0,0,0,0,0,0,0,0,0,0,0,0,0,0,0,70,0,0,0,0,0,0,0,0,0,0,0,0,0/0/CPU0
2020-02-05 01:54:05.183000+00:00,dr02,sg3,obt-collector1,0,0,0,0,0,0,0,0,0,0,3,0,0,0,0,0,0,0,0,3,0,0,0,0,0,0,0,0,0,0,0,0,0,0,0,0,0,0,0,0,0,0,0,0,0,0,0,0,0,0,0,0,0,0,0,0,0,0,0,0,0,0,0,0,0,0,0,0,0,3,0,0,0,0,0,0,0,0,0,0,0,0,0/1/CPU0
2020-02-05 01:54:05.186000+00:00,dr02,sg3,obt-collector1,0,0,0,0,15564,15564,0,8,0,0,0,0,0,0,0,30,0,0,0,16575,0,0,1963,986,8,25,0,0,17603,0,0,0,0,0,30,0,0,0,0,0,0,0,0,0,0,0,0,0,0,0,0,46116840,0,0,0,0,0,0,0,0,0,0,30,0,0,77171,0,0,0,58643054,0,0,0,0,0,46044621,0,77171,0,0,0,0,0/RP0/CPU0
2020-02-05 01:54:26.744000+00:00,dr02,sg3,obt-collector1,0,0,0,0,0,0,0,0,0,0,59,0,0,0,0,0,0,0,0,59,0,0,0,0,0,0,0,0,0,0,0,0,0,0,0,0,0,0,0,0,0,0,0,0,0,0,0,0,0,0,0,0,0,0,0,0,0,0,0,0,0,0,0,0,0,0,0,0,0,70,0,0,0,0,0,0,0,0,0,0,0,0,0/0/CPU0
2020-02-05 01:54:26.750000+00:00,dr02,sg3,obt-collector1,0,0,0,0,0,0,0,0,0,0,3,0,0,0,0,0,0,0,0,3,0,0,0,0,0,0,0,0,0,0,0,0,0,0,0,0,0,0,0,0,0,0,0,0,0,0,0,0,0,0,0,0,0,0,0,0,0,0,0,0,0,0,0,0,0,0,0,0,0,3,0,0,0,0,0,0,0,0,0,0,0,0,0/1/CPU0
2020-02-05 01:54:26.753000+00:00,dr02,sg3,obt-collector1,0,0,0,0,15564,15564,0,8,0,0,0,0,0,0,0,30,0,0,0,16575,0,0,1963,986,8,25,0,0,17603,0,0,0,0,0,30,0,0,0,0,0,0,0,0,0,0,0,0,0,0,0,0,46116966,0,0,0,0,0,0,0,0,0,0,30,0,0,77171,0,0,0,58644410,0,0,0,0,0,46044747,0,77171,0,0,0,0,0/RP0/CPU0
2020-02-05 01:54:48.200000+00:00,dr02,sg3,obt-collector1,0,0,0,0,0,0,0,0,0,0,59,0,0,0,0,0,0,0,0,59,0,0,0,0,0,0,0,0,0,0,0,0,0,0,0,0,0,0,0,0,0,0,0,0,0,0,0,0,0,0,0,0,0,0,0,0,0,0,0,0,0,0,0,0,0,0,0,0,0,70,0,0,0,0,0,0,0,0,0,0,0,0,0/0/CPU0
2020-02-05 01:54:48.204000+00:00,dr02,sg3,obt-collector1,0,0,0,0,0,0,0,0,0,0,3,0,0,0,0,0,0,0,0,3,0,0,0,0,0,0,0,0,0,0,0,0,0,0,0,0,0,0,0,0,0,0,0,0,0,0,0,0,0,0,0,0,0,0,0,0,0,0,0,0,0,0,0,0,0,0,0,0,0,3,0,0,0,0,0,0,0,0,0,0,0,0,0/1/CPU0
2020-02-05 01:54:48.207000+00:00,dr02,sg3,obt-collector1,0,0,0,0,15564,15564,0,8,0,0,0,0,0,0,0,30,0,0,0,16575,0,0,1963,986,8,25,0,0,17603,0,0,0,0,0,30,0,0,0,0,0,0,0,0,0,0,0,0,0,0,0,0,46117102,0,0,0,0,0,0,0,0,0,0,30,0,0,77172,0,0,0,58645769,0,0,0,0,0,46044883,0,77172,0,0,0,0,0/RP0/CPU0
2020-02-05 01:55:09.748000+00:00,dr02,sg3,obt-collector1,0,0,0,0,0,0,0,0,0,0,59,0,0,0,0,0,0,0,0,59,0,0,0,0,0,0,0,0,0,0,0,0,0,0,0,0,0,0,0,0,0,0,0,0,0,0,0,0,0,0,0,0,0,0,0,0,0,0,0,0,0,0,0,0,0,0,0,0,0,70,0,0,0,0,0,0,0,0,0,0,0,0,0/0/CPU0
2020-02-05 01:55:09.753000+00:00,dr02,sg3,obt-collector1,0,0,0,0,0,0,0,0,0,0,3,0,0,0,0,0,0,0,0,3,0,0,0,0,0,0,0,0,0,0,0,0,0,0,0,0,0,0,0,0,0,0,0,0,0,0,0,0,0,0,0,0,0,0,0,0,0,0,0,0,0,0,0,0,0,0,0,0,0,3,0,0,0,0,0,0,0,0,0,0,0,0,0/1/CPU0
2020-02-05 01:55:09.756000+00:00,dr02,sg3,obt-collector1,0,0,0,0,15565,15565,0,8,0,0,0,0,0,0,0,30,0,0,0,16576,0,0,1963,986,8,25,0,0,17604,0,0,0,0,0,30,0,0,0,0,0,0,0,0,0,0,0,0,0,0,0,0,46117334,0,0,0,0,0,0,0,0,0,0,30,0,0,77172,0,0,0,58647220,0,0,0,0,0,46045114,0,77172,0,0,0,0,0/RP0/CPU0
2020-02-05 01:55:31.232000+00:00,dr02,sg3,obt-collector1,0,0,0,0,0,0,0,0,0,0,59,0,0,0,0,0,0,0,0,59,0,0,0,0,0,0,0,0,0,0,0,0,0,0,0,0,0,0,0,0,0,0,0,0,0,0,0,0,0,0,0,0,0,0,0,0,0,0,0,0,0,0,0,0,0,0,0,0,0,70,0,0,0,0,0,0,0,0,0,0,0,0,0/0/CPU0
2020-02-05 01:55:31.236000+00:00,dr02,sg3,obt-collector1,0,0,0,0,0,0,0,0,0,0,3,0,0,0,0,0,0,0,0,3,0,0,0,0,0,0,0,0,0,0,0,0,0,0,0,0,0,0,0,0,0,0,0,0,0,0,0,0,0,0,0,0,0,0,0,0,0,0,0,0,0,0,0,0,0,0,0,0,0,3,0,0,0,0,0,0,0,0,0,0,0,0,0/1/CPU0
2020-02-05 01:55:31.238000+00:00,dr02,sg3,obt-collector1,0,0,0,0,15565,15565,0,8,0,0,0,0,0,0,0,30,0,0,0,16576,0,0,1963,986,8,25,0,0,17604,0,0,0,0,0,30,0,0,0,0,0,0,0,0,0,0,0,0,0,0,0,0,46117473,0,0,0,0,0,0,0,0,0,0,30,0,0,77172,0,0,0,58648578,0,0,0,0,0,46045253,0,77172,0,0,0,0,0/RP0/CPU0
2020-02-05 01:55:52.822000+00:00,dr02,sg3,obt-collector1,0,0,0,0,0,0,0,0,0,0,59,0,0,0,0,0,0,0,0,59,0,0,0,0,0,0,0,0,0,0,0,0,0,0,0,0,0,0,0,0,0,0,0,0,0,0,0,0,0,0,0,0,0,0,0,0,0,0,0,0,0,0,0,0,0,0,0,0,0,70,0,0,0,0,0,0,0,0,0,0,0,0,0/0/CPU0
2020-02-05 01:55:52.826000+00:00,dr02,sg3,obt-collector1,0,0,0,0,0,0,0,0,0,0,3,0,0,0,0,0,0,0,0,3,0,0,0,0,0,0,0,0,0,0,0,0,0,0,0,0,0,0,0,0,0,0,0,0,0,0,0,0,0,0,0,0,0,0,0,0,0,0,0,0,0,0,0,0,0,0,0,0,0,3,0,0,0,0,0,0,0,0,0,0,0,0,0/1/CPU0
2020-02-05 01:55:52.829000+00:00,dr02,sg3,obt-collector1,0,0,0,0,15565,15565,0,8,0,0,0,0,0,0,0,30,0,0,0,16576,0,0,1963,986,8,25,0,0,17604,0,0,0,0,0,30,0,0,0,0,0,0,0,0,0,0,0,0,0,0,0,0,46117610,0,0,0,0,0,0,0,0,0,0,30,0,0,77173,0,0,0,58649932,0,0,0,0,0,46045390,0,77173,0,0,0,0,0/RP0/CPU0
2020-02-05 01:56:15.612000+00:00,dr02,sg3,obt-collector1,0,0,0,0,0,0,0,0,0,0,59,0,0,0,0,0,0,0,0,59,0,0,0,0,0,0,0,0,0,0,0,0,0,0,0,0,0,0,0,0,0,0,0,0,0,0,0,0,0,0,0,0,0,0,0,0,0,0,0,0,0,0,0,0,0,0,0,0,0,70,0,0,0,0,0,0,0,0,0,0,0,0,0/0/CPU0
2020-02-05 01:56:15.616000+00:00,dr02,sg3,obt-collector1,0,0,0,0,0,0,0,0,0,0,3,0,0,0,0,0,0,0,0,3,0,0,0,0,0,0,0,0,0,0,0,0,0,0,0,0,0,0,0,0,0,0,0,0,0,0,0,0,0,0,0,0,0,0,0,0,0,0,0,0,0,0,0,0,0,0,0,0,0,3,0,0,0,0,0,0,0,0,0,0,0,0,0/1/CPU0
2020-02-05 01:56:15.619000+00:00,dr02,sg3,obt-collector1,0,0,0,0,15565,15565,0,8,0,0,0,0,0,0,0,30,0,0,0,16576,0,0,1963,986,8,25,0,0,17604,0,0,0,0,0,30,0,0,0,0,0,0,0,0,0,0,0,0,0,0,0,0,46117770,0,0,0,0,0,0,0,0,0,0,30,0,0,77173,0,0,0,58651313,0,0,0,0,0,46045549,0,77173,0,0,0,0,0/RP0/CPU0
2020-02-05 01:56:37.114000+00:00,dr02,sg3,obt-collector1,0,0,0,0,0,0,0,0,0,0,59,0,0,0,0,0,0,0,0,59,0,0,0,0,0,0,0,0,0,0,0,0,0,0,0,0,0,0,0,0,0,0,0,0,0,0,0,0,0,0,0,0,0,0,0,0,0,0,0,0,0,0,0,0,0,0,0,0,0,70,0,0,0,0,0,0,0,0,0,0,0,0,0/0/CPU0
2020-02-05 01:56:37.119000+00:00,dr02,sg3,obt-collector1,0,0,0,0,0,0,0,0,0,0,3,0,0,0,0,0,0,0,0,3,0,0,0,0,0,0,0,0,0,0,0,0,0,0,0,0,0,0,0,0,0,0,0,0,0,0,0,0,0,0,0,0,0,0,0,0,0,0,0,0,0,0,0,0,0,0,0,0,0,3,0,0,0,0,0,0,0,0,0,0,0,0,0/1/CPU0
2020-02-05 01:56:37.121000+00:00,dr02,sg3,obt-collector1,0,0,0,0,15565,15565,0,8,0,0,0,0,0,0,0,30,0,0,0,16576,0,0,1963,986,8,25,0,0,17604,0,0,0,0,0,30,0,0,0,0,0,0,0,0,0,0,0,0,0,0,0,0,46118344,0,0,0,0,0,0,0,0,0,0,30,0,0,77173,0,0,0,58653105,0,0,0,0,0,46046123,0,77173,0,0,0,0,0/RP0/CPU0
2020-02-05 01:56:58.679000+00:00,dr02,sg3,obt-collector1,0,0,0,0,0,0,0,0,0,0,59,0,0,0,0,0,0,0,0,59,0,0,0,0,0,0,0,0,0,0,0,0,0,0,0,0,0,0,0,0,0,0,0,0,0,0,0,0,0,0,0,0,0,0,0,0,0,0,0,0,0,0,0,0,0,0,0,0,0,70,0,0,0,0,0,0,0,0,0,0,0,0,0/0/CPU0
2020-02-05 01:56:58.683000+00:00,dr02,sg3,obt-collector1,0,0,0,0,0,0,0,0,0,0,3,0,0,0,0,0,0,0,0,3,0,0,0,0,0,0,0,0,0,0,0,0,0,0,0,0,0,0,0,0,0,0,0,0,0,0,0,0,0,0,0,0,0,0,0,0,0,0,0,0,0,0,0,0,0,0,0,0,0,3,0,0,0,0,0,0,0,0,0,0,0,0,0/1/CPU0
2020-02-05 01:56:58.685000+00:00,dr02,sg3,obt-collector1,0,0,0,0,15565,15565,0,8,0,0,0,0,0,0,0,30,0,0,0,16576,0,0,1963,986,8,25,0,0,17604,0,0,0,0,0,30,0,0,0,0,0,0,0,0,0,0,0,0,0,0,0,0,46118570,0,0,0,0,0,0,0,0,0,0,30,0,0,77174,0,0,0,58654544,0,0,0,0,0,46046349,0,77174,0,0,0,0,0/RP0/CPU0
2020-02-05 01:57:20.184000+00:00,dr02,sg3,obt-collector1,0,0,0,0,0,0,0,0,0,0,59,0,0,0,0,0,0,0,0,59,0,0,0,0,0,0,0,0,0,0,0,0,0,0,0,0,0,0,0,0,0,0,0,0,0,0,0,0,0,0,0,0,0,0,0,0,0,0,0,0,0,0,0,0,0,0,0,0,0,70,0,0,0,0,0,0,0,0,0,0,0,0,0/0/CPU0
2020-02-05 01:57:20.188000+00:00,dr02,sg3,obt-collector1,0,0,0,0,0,0,0,0,0,0,3,0,0,0,0,0,0,0,0,3,0,0,0,0,0,0,0,0,0,0,0,0,0,0,0,0,0,0,0,0,0,0,0,0,0,0,0,0,0,0,0,0,0,0,0,0,0,0,0,0,0,0,0,0,0,0,0,0,0,3,0,0,0,0,0,0,0,0,0,0,0,0,0/1/CPU0
2020-02-05 01:57:20.190000+00:00,dr02,sg3,obt-collector1,0,0,0,0,15565,15565,0,8,0,0,0,0,0,0,0,30,0,0,0,16576,0,0,1963,986,8,25,0,0,17604,0,0,0,0,0,30,0,0,0,0,0,0,0,0,0,0,0,0,0,0,0,0,46118747,0,0,0,0,0,0,0,0,0,0,30,0,0,77174,0,0,0,58655931,0,0,0,0,0,46046525,0,77174,0,0,0,0,0/RP0/CPU0
2020-02-05 01:57:41.660000+00:00,dr02,sg3,obt-collector1,0,0,0,0,0,0,0,0,0,0,59,0,0,0,0,0,0,0,0,59,0,0,0,0,0,0,0,0,0,0,0,0,0,0,0,0,0,0,0,0,0,0,0,0,0,0,0,0,0,0,0,0,0,0,0,0,0,0,0,0,0,0,0,0,0,0,0,0,0,70,0,0,0,0,0,0,0,0,0,0,0,0,0/0/CPU0
2020-02-05 01:57:41.665000+00:00,dr02,sg3,obt-collector1,0,0,0,0,0,0,0,0,0,0,3,0,0,0,0,0,0,0,0,3,0,0,0,0,0,0,0,0,0,0,0,0,0,0,0,0,0,0,0,0,0,0,0,0,0,0,0,0,0,0,0,0,0,0,0,0,0,0,0,0,0,0,0,0,0,0,0,0,0,3,0,0,0,0,0,0,0,0,0,0,0,0,0/1/CPU0
2020-02-05 01:57:41.668000+00:00,dr02,sg3,obt-collector1,0,0,0,0,15565,15565,0,8,0,0,0,0,0,0,0,30,0,0,0,16576,0,0,1963,986,8,25,0,0,17604,0,0,0,0,0,30,0,0,0,0,0,0,0,0,0,0,0,0,0,0,0,0,46118877,0,0,0,0,0,0,0,0,0,0,30,0,0,77174,0,0,0,58657278,0,0,0,0,0,46046655,0,77174,0,0,0,0,0/RP0/CPU0
2020-02-05 01:58:03.138000+00:00,dr02,sg3,obt-collector1,0,0,0,0,0,0,0,0,0,0,59,0,0,0,0,0,0,0,0,59,0,0,0,0,0,0,0,0,0,0,0,0,0,0,0,0,0,0,0,0,0,0,0,0,0,0,0,0,0,0,0,0,0,0,0,0,0,0,0,0,0,0,0,0,0,0,0,0,0,70,0,0,0,0,0,0,0,0,0,0,0,0,0/0/CPU0
2020-02-05 01:58:03.142000+00:00,dr02,sg3,obt-collector1,0,0,0,0,0,0,0,0,0,0,3,0,0,0,0,0,0,0,0,3,0,0,0,0,0,0,0,0,0,0,0,0,0,0,0,0,0,0,0,0,0,0,0,0,0,0,0,0,0,0,0,0,0,0,0,0,0,0,0,0,0,0,0,0,0,0,0,0,0,3,0,0,0,0,0,0,0,0,0,0,0,0,0/1/CPU0
2020-02-05 01:58:03.145000+00:00,dr02,sg3,obt-collector1,0,0,0,0,15565,15565,0,8,0,0,0,0,0,0,0,30,0,0,0,16576,0,0,1963,986,8,25,0,0,17604,0,0,0,0,0,30,0,0,0,0,0,0,0,0,0,0,0,0,0,0,0,0,46119016,0,0,0,0,0,0,0,0,0,0,30,0,0,77175,0,0,0,58658635,0,0,0,0,0,46046794,0,77175,0,0,0,0,0/RP0/CPU0
2020-02-05 01:58:24.631000+00:00,dr02,sg3,obt-collector1,0,0,0,0,0,0,0,0,0,0,59,0,0,0,0,0,0,0,0,59,0,0,0,0,0,0,0,0,0,0,0,0,0,0,0,0,0,0,0,0,0,0,0,0,0,0,0,0,0,0,0,0,0,0,0,0,0,0,0,0,0,0,0,0,0,0,0,0,0,70,0,0,0,0,0,0,0,0,0,0,0,0,0/0/CPU0
2020-02-05 01:58:24.635000+00:00,dr02,sg3,obt-collector1,0,0,0,0,0,0,0,0,0,0,3,0,0,0,0,0,0,0,0,3,0,0,0,0,0,0,0,0,0,0,0,0,0,0,0,0,0,0,0,0,0,0,0,0,0,0,0,0,0,0,0,0,0,0,0,0,0,0,0,0,0,0,0,0,0,0,0,0,0,3,0,0,0,0,0,0,0,0,0,0,0,0,0/1/CPU0
2020-02-05 01:58:24.638000+00:00,dr02,sg3,obt-collector1,0,0,0,0,15565,15565,0,8,0,0,0,0,0,0,0,30,0,0,0,16576,0,0,1963,986,8,25,0,0,17604,0,0,0,0,0,30,0,0,0,0,0,0,0,0,0,0,0,0,0,0,0,0,46119170,0,0,0,0,0,0,0,0,0,0,30,0,0,77175,0,0,0,58660005,0,0,0,0,0,46046947,0,77175,0,0,0,0,0/RP0/CPU0
2020-02-05 01:58:46.111000+00:00,dr02,sg3,obt-collector1,0,0,0,0,0,0,0,0,0,0,59,0,0,0,0,0,0,0,0,59,0,0,0,0,0,0,0,0,0,0,0,0,0,0,0,0,0,0,0,0,0,0,0,0,0,0,0,0,0,0,0,0,0,0,0,0,0,0,0,0,0,0,0,0,0,0,0,0,0,70,0,0,0,0,0,0,0,0,0,0,0,0,0/0/CPU0
2020-02-05 01:58:46.116000+00:00,dr02,sg3,obt-collector1,0,0,0,0,0,0,0,0,0,0,3,0,0,0,0,0,0,0,0,3,0,0,0,0,0,0,0,0,0,0,0,0,0,0,0,0,0,0,0,0,0,0,0,0,0,0,0,0,0,0,0,0,0,0,0,0,0,0,0,0,0,0,0,0,0,0,0,0,0,3,0,0,0,0,0,0,0,0,0,0,0,0,0/1/CPU0
2020-02-05 01:58:46.118000+00:00,dr02,sg3,obt-collector1,0,0,0,0,15565,15565,0,8,0,0,0,0,0,0,0,30,0,0,0,16576,0,0,1963,986,8,25,0,0,17604,0,0,0,0,0,30,0,0,0,0,0,0,0,0,0,0,0,0,0,0,0,0,46119304,0,0,0,0,0,0,0,0,0,0,30,0,0,77176,0,0,0,58661356,0,0,0,0,0,46047081,0,77176,0,0,0,0,0/RP0/CPU0
2020-02-05 01:59:07.571000+00:00,dr02,sg3,obt-collector1,0,0,0,0,0,0,0,0,0,0,59,0,0,0,0,0,0,0,0,59,0,0,0,0,0,0,0,0,0,0,0,0,0,0,0,0,0,0,0,0,0,0,0,0,0,0,0,0,0,0,0,0,0,0,0,0,0,0,0,0,0,0,0,0,0,0,0,0,0,70,0,0,0,0,0,0,0,0,0,0,0,0,0/0/CPU0
2020-02-05 01:59:07.575000+00:00,dr02,sg3,obt-collector1,0,0,0,0,0,0,0,0,0,0,3,0,0,0,0,0,0,0,0,3,0,0,0,0,0,0,0,0,0,0,0,0,0,0,0,0,0,0,0,0,0,0,0,0,0,0,0,0,0,0,0,0,0,0,0,0,0,0,0,0,0,0,0,0,0,0,0,0,0,3,0,0,0,0,0,0,0,0,0,0,0,0,0/1/CPU0
2020-02-05 01:59:07.577000+00:00,dr02,sg3,obt-collector1,0,0,0,0,15565,15565,0,8,0,0,0,0,0,0,0,30,0,0,0,16576,0,0,1963,986,8,25,0,0,17604,0,0,0,0,0,30,0,0,0,0,0,0,0,0,0,0,0,0,0,0,0,0,46119437,0,0,0,0,0,0,0,0,0,0,30,0,0,77176,0,0,0,58662707,0,0,0,0,0,46047214,0,77176,0,0,0,0,0/RP0/CPU0
2020-02-05 01:59:29.193000+00:00,dr02,sg3,obt-collector1,0,0,0,0,0,0,0,0,0,0,59,0,0,0,0,0,0,0,0,59,0,0,0,0,0,0,0,0,0,0,0,0,0,0,0,0,0,0,0,0,0,0,0,0,0,0,0,0,0,0,0,0,0,0,0,0,0,0,0,0,0,0,0,0,0,0,0,0,0,70,0,0,0,0,0,0,0,0,0,0,0,0,0/0/CPU0
2020-02-05 01:59:29.198000+00:00,dr02,sg3,obt-collector1,0,0,0,0,0,0,0,0,0,0,3,0,0,0,0,0,0,0,0,3,0,0,0,0,0,0,0,0,0,0,0,0,0,0,0,0,0,0,0,0,0,0,0,0,0,0,0,0,0,0,0,0,0,0,0,0,0,0,0,0,0,0,0,0,0,0,0,0,0,3,0,0,0,0,0,0,0,0,0,0,0,0,0/1/CPU0
2020-02-05 01:59:29.200000+00:00,dr02,sg3,obt-collector1,0,0,0,0,15565,15565,0,8,0,0,0,0,0,0,0,30,0,0,0,16576,0,0,1963,986,8,25,0,0,17604,0,0,0,0,0,30,0,0,0,0,0,0,0,0,0,0,0,0,0,0,0,0,46119596,0,0,0,0,0,0,0,0,0,0,30,0,0,77176,0,0,0,58664086,0,0,0,0,0,46047372,0,77176,0,0,0,0,0/RP0/CPU0
2020-02-05 01:59:50.704000+00:00,dr02,sg3,obt-collector1,0,0,0,0,0,0,0,0,0,0,59,0,0,0,0,0,0,0,0,59,0,0,0,0,0,0,0,0,0,0,0,0,0,0,0,0,0,0,0,0,0,0,0,0,0,0,0,0,0,0,0,0,0,0,0,0,0,0,0,0,0,0,0,0,0,0,0,0,0,70,0,0,0,0,0,0,0,0,0,0,0,0,0/0/CPU0
2020-02-05 01:59:50.709000+00:00,dr02,sg3,obt-collector1,0,0,0,0,0,0,0,0,0,0,3,0,0,0,0,0,0,0,0,3,0,0,0,0,0,0,0,0,0,0,0,0,0,0,0,0,0,0,0,0,0,0,0,0,0,0,0,0,0,0,0,0,0,0,0,0,0,0,0,0,0,0,0,0,0,0,0,0,0,3,0,0,0,0,0,0,0,0,0,0,0,0,0/1/CPU0
2020-02-05 01:59:50.711000+00:00,dr02,sg3,obt-collector1,0,0,0,0,15565,15565,0,8,0,0,0,0,0,0,0,30,0,0,0,16576,0,0,1963,986,8,25,0,0,17604,0,0,0,0,0,30,0,0,0,0,0,0,0,0,0,0,0,0,0,0,0,0,46119731,0,0,0,0,0,0,0,0,0,0,30,0,0,77177,0,0,0,58665444,0,0,0,0,0,46047507,0,77177,0,0,0,0,0/RP0/CPU0
2020-02-05 02:00:12.218000+00:00,dr02,sg3,obt-collector1,0,0,0,0,0,0,0,0,0,0,59,0,0,0,0,0,0,0,0,59,0,0,0,0,0,0,0,0,0,0,0,0,0,0,0,0,0,0,0,0,0,0,0,0,0,0,0,0,0,0,0,0,0,0,0,0,0,0,0,0,0,0,0,0,0,0,0,0,0,70,0,0,0,0,0,0,0,0,0,0,0,0,0/0/CPU0
2020-02-05 02:00:12.222000+00:00,dr02,sg3,obt-collector1,0,0,0,0,0,0,0,0,0,0,3,0,0,0,0,0,0,0,0,3,0,0,0,0,0,0,0,0,0,0,0,0,0,0,0,0,0,0,0,0,0,0,0,0,0,0,0,0,0,0,0,0,0,0,0,0,0,0,0,0,0,0,0,0,0,0,0,0,0,3,0,0,0,0,0,0,0,0,0,0,0,0,0/1/CPU0
2020-02-05 02:00:12.225000+00:00,dr02,sg3,obt-collector1,0,0,0,0,15566,15566,0,8,0,0,0,0,0,0,0,30,0,0,0,16577,0,0,1963,986,8,25,0,0,17605,0,0,0,0,0,30,0,0,0,0,0,0,0,0,0,0,0,0,0,0,0,0,46119920,0,0,0,0,0,0,0,0,0,0,30,0,0,77177,0,0,0,58666857,0,0,0,0,0,46047696,0,77177,0,0,0,0,0/RP0/CPU0
2020-02-05 02:00:33.715000+00:00,dr02,sg3,obt-collector1,0,0,0,0,0,0,0,0,0,0,59,0,0,0,0,0,0,0,0,59,0,0,0,0,0,0,0,0,0,0,0,0,0,0,0,0,0,0,0,0,0,0,0,0,0,0,0,0,0,0,0,0,0,0,0,0,0,0,0,0,0,0,0,0,0,0,0,0,0,70,0,0,0,0,0,0,0,0,0,0,0,0,0/0/CPU0
2020-02-05 02:00:33.719000+00:00,dr02,sg3,obt-collector1,0,0,0,0,0,0,0,0,0,0,3,0,0,0,0,0,0,0,0,3,0,0,0,0,0,0,0,0,0,0,0,0,0,0,0,0,0,0,0,0,0,0,0,0,0,0,0,0,0,0,0,0,0,0,0,0,0,0,0,0,0,0,0,0,0,0,0,0,0,3,0,0,0,0,0,0,0,0,0,0,0,0,0/1/CPU0
2020-02-05 02:00:33.722000+00:00,dr02,sg3,obt-collector1,0,0,0,0,15566,15566,0,8,0,0,0,0,0,0,0,30,0,0,0,16577,0,0,1963,986,8,25,0,0,17605,0,0,0,0,0,30,0,0,0,0,0,0,0,0,0,0,0,0,0,0,0,0,46120056,0,0,0,0,0,0,0,0,0,0,30,0,0,77177,0,0,0,58668218,0,0,0,0,0,46047831,0,77177,0,0,0,0,0/RP0/CPU0
2020-02-05 02:00:55.326000+00:00,dr02,sg3,obt-collector1,0,0,0,0,0,0,0,0,0,0,59,0,0,0,0,0,0,0,0,59,0,0,0,0,0,0,0,0,0,0,0,0,0,0,0,0,0,0,0,0,0,0,0,0,0,0,0,0,0,0,0,0,0,0,0,0,0,0,0,0,0,0,0,0,0,0,0,0,0,70,0,0,0,0,0,0,0,0,0,0,0,0,0/0/CPU0
2020-02-05 02:00:55.331000+00:00,dr02,sg3,obt-collector1,0,0,0,0,0,0,0,0,0,0,3,0,0,0,0,0,0,0,0,3,0,0,0,0,0,0,0,0,0,0,0,0,0,0,0,0,0,0,0,0,0,0,0,0,0,0,0,0,0,0,0,0,0,0,0,0,0,0,0,0,0,0,0,0,0,0,0,0,0,3,0,0,0,0,0,0,0,0,0,0,0,0,0/1/CPU0
2020-02-05 02:00:55.334000+00:00,dr02,sg3,obt-collector1,0,0,0,0,15566,15566,0,8,0,0,0,0,0,0,0,30,0,0,0,16577,0,0,1963,986,8,25,0,0,17605,0,0,0,0,0,30,0,0,0,0,0,0,0,0,0,0,0,0,0,0,0,0,46120214,0,0,0,0,0,0,0,0,0,0,30,0,0,77178,0,0,0,58669604,0,0,0,0,0,46047989,0,77178,0,0,0,0,0/RP0/CPU0
2020-02-05 02:01:16.859000+00:00,dr02,sg3,obt-collector1,0,0,0,0,0,0,0,0,0,0,59,0,0,0,0,0,0,0,0,59,0,0,0,0,0,0,0,0,0,0,0,0,0,0,0,0,0,0,0,0,0,0,0,0,0,0,0,0,0,0,0,0,0,0,0,0,0,0,0,0,0,0,0,0,0,0,0,0,0,70,0,0,0,0,0,0,0,0,0,0,0,0,0/0/CPU0
2020-02-05 02:01:16.863000+00:00,dr02,sg3,obt-collector1,0,0,0,0,0,0,0,0,0,0,3,0,0,0,0,0,0,0,0,3,0,0,0,0,0,0,0,0,0,0,0,0,0,0,0,0,0,0,0,0,0,0,0,0,0,0,0,0,0,0,0,0,0,0,0,0,0,0,0,0,0,0,0,0,0,0,0,0,0,3,0,0,0,0,0,0,0,0,0,0,0,0,0/1/CPU0
2020-02-05 02:01:16.866000+00:00,dr02,sg3,obt-collector1,0,0,0,0,15566,15566,0,8,0,0,0,0,0,0,0,30,0,0,0,16577,0,0,1963,986,8,25,0,0,17605,0,0,0,0,0,30,0,0,0,0,0,0,0,0,0,0,0,0,0,0,0,0,46120367,0,0,0,0,0,0,0,0,0,0,30,0,0,77178,0,0,0,58670987,0,0,0,0,0,46048142,0,77178,0,0,0,0,0/RP0/CPU0
2020-02-05 02:01:38.384000+00:00,dr02,sg3,obt-collector1,0,0,0,0,0,0,0,0,0,0,59,0,0,0,0,0,0,0,0,59,0,0,0,0,0,0,0,0,0,0,0,0,0,0,0,0,0,0,0,0,0,0,0,0,0,0,0,0,0,0,0,0,0,0,0,0,0,0,0,0,0,0,0,0,0,0,0,0,0,70,0,0,0,0,0,0,0,0,0,0,0,0,0/0/CPU0
2020-02-05 02:01:38.389000+00:00,dr02,sg3,obt-collector1,0,0,0,0,0,0,0,0,0,0,3,0,0,0,0,0,0,0,0,3,0,0,0,0,0,0,0,0,0,0,0,0,0,0,0,0,0,0,0,0,0,0,0,0,0,0,0,0,0,0,0,0,0,0,0,0,0,0,0,0,0,0,0,0,0,0,0,0,0,3,0,0,0,0,0,0,0,0,0,0,0,0,0/1/CPU0
2020-02-05 02:01:38.392000+00:00,dr02,sg3,obt-collector1,0,0,0,0,15566,15566,0,8,0,0,0,0,0,0,0,30,0,0,0,16577,0,0,1963,986,8,25,0,0,17605,0,0,0,0,0,30,0,0,0,0,0,0,0,0,0,0,0,0,0,0,0,0,46120509,0,0,0,0,0,0,0,0,0,0,30,0,0,77178,0,0,0,58672355,0,0,0,0,0,46048283,0,77178,0,0,0,0,0/RP0/CPU0
2020-02-05 02:01:59.938000+00:00,dr02,sg3,obt-collector1,0,0,0,0,0,0,0,0,0,0,59,0,0,0,0,0,0,0,0,59,0,0,0,0,0,0,0,0,0,0,0,0,0,0,0,0,0,0,0,0,0,0,0,0,0,0,0,0,0,0,0,0,0,0,0,0,0,0,0,0,0,0,0,0,0,0,0,0,0,70,0,0,0,0,0,0,0,0,0,0,0,0,0/0/CPU0
2020-02-05 02:01:59.943000+00:00,dr02,sg3,obt-collector1,0,0,0,0,0,0,0,0,0,0,3,0,0,0,0,0,0,0,0,3,0,0,0,0,0,0,0,0,0,0,0,0,0,0,0,0,0,0,0,0,0,0,0,0,0,0,0,0,0,0,0,0,0,0,0,0,0,0,0,0,0,0,0,0,0,0,0,0,0,3,0,0,0,0,0,0,0,0,0,0,0,0,0/1/CPU0
2020-02-05 02:01:59.945000+00:00,dr02,sg3,obt-collector1,0,0,0,0,15566,15566,0,8,0,0,0,0,0,0,0,30,0,0,0,16577,0,0,1963,986,8,25,0,0,17605,0,0,0,0,0,30,0,0,0,0,0,0,0,0,0,0,0,0,0,0,0,0,46120652,0,0,0,0,0,0,0,0,0,0,30,0,0,77179,0,0,0,58673726,0,0,0,0,0,46048426,0,77179,0,0,0,0,0/RP0/CPU0
2020-02-05 02:02:21.767000+00:00,dr02,sg3,obt-collector1,0,0,0,0,0,0,0,0,0,0,59,0,0,0,0,0,0,0,0,59,0,0,0,0,0,0,0,0,0,0,0,0,0,0,0,0,0,0,0,0,0,0,0,0,0,0,0,0,0,0,0,0,0,0,0,0,0,0,0,0,0,0,0,0,0,0,0,0,0,70,0,0,0,0,0,0,0,0,0,0,0,0,0/0/CPU0
2020-02-05 02:02:21.772000+00:00,dr02,sg3,obt-collector1,0,0,0,0,0,0,0,0,0,0,3,0,0,0,0,0,0,0,0,3,0,0,0,0,0,0,0,0,0,0,0,0,0,0,0,0,0,0,0,0,0,0,0,0,0,0,0,0,0,0,0,0,0,0,0,0,0,0,0,0,0,0,0,0,0,0,0,0,0,3,0,0,0,0,0,0,0,0,0,0,0,0,0/1/CPU0
2020-02-05 02:02:21.775000+00:00,dr02,sg3,obt-collector1,0,0,0,0,15566,15566,0,8,0,0,0,0,0,0,0,30,0,0,0,16577,0,0,1963,986,8,25,0,0,17605,0,0,0,0,0,30,0,0,0,0,0,0,0,0,0,0,0,0,0,0,0,0,46121224,0,0,0,0,0,0,0,0,0,0,30,0,0,77179,0,0,0,58675540,0,0,0,0,0,46048998,0,77179,0,0,0,0,0/RP0/CPU0
2020-02-05 02:02:43.257000+00:00,dr02,sg3,obt-collector1,0,0,0,0,0,0,0,0,0,0,59,0,0,0,0,0,0,0,0,59,0,0,0,0,0,0,0,0,0,0,0,0,0,0,0,0,0,0,0,0,0,0,0,0,0,0,0,0,0,0,0,0,0,0,0,0,0,0,0,0,0,0,0,0,0,0,0,0,0,70,0,0,0,0,0,0,0,0,0,0,0,0,0/0/CPU0
2020-02-05 02:02:43.262000+00:00,dr02,sg3,obt-collector1,0,0,0,0,0,0,0,0,0,0,3,0,0,0,0,0,0,0,0,3,0,0,0,0,0,0,0,0,0,0,0,0,0,0,0,0,0,0,0,0,0,0,0,0,0,0,0,0,0,0,0,0,0,0,0,0,0,0,0,0,0,0,0,0,0,0,0,0,0,3,0,0,0,0,0,0,0,0,0,0,0,0,0/1/CPU0
2020-02-05 02:02:43.265000+00:00,dr02,sg3,obt-collector1,0,0,0,0,15566,15566,0,8,0,0,0,0,0,0,0,30,0,0,0,16577,0,0,1963,986,8,25,0,0,17605,0,0,0,0,0,30,0,0,0,0,0,0,0,0,0,0,0,0,0,0,0,0,46121356,0,0,0,0,0,0,0,0,0,0,30,0,0,77179,0,0,0,58676908,0,0,0,0,0,46049129,0,77179,0,0,0,0,0/RP0/CPU0
2020-02-05 02:03:04.783000+00:00,dr02,sg3,obt-collector1,0,0,0,0,0,0,0,0,0,0,59,0,0,0,0,0,0,0,0,59,0,0,0,0,0,0,0,0,0,0,0,0,0,0,0,0,0,0,0,0,0,0,0,0,0,0,0,0,0,0,0,0,0,0,0,0,0,0,0,0,0,0,0,0,0,0,0,0,0,70,0,0,0,0,0,0,0,0,0,0,0,0,0/0/CPU0
2020-02-05 02:03:04.788000+00:00,dr02,sg3,obt-collector1,0,0,0,0,0,0,0,0,0,0,3,0,0,0,0,0,0,0,0,3,0,0,0,0,0,0,0,0,0,0,0,0,0,0,0,0,0,0,0,0,0,0,0,0,0,0,0,0,0,0,0,0,0,0,0,0,0,0,0,0,0,0,0,0,0,0,0,0,0,3,0,0,0,0,0,0,0,0,0,0,0,0,0/1/CPU0
2020-02-05 02:03:04.791000+00:00,dr02,sg3,obt-collector1,0,0,0,0,15566,15566,0,8,0,0,0,0,0,0,0,30,0,0,0,16577,0,0,1963,986,8,25,0,0,17605,0,0,0,0,0,30,0,0,0,0,0,0,0,0,0,0,0,0,0,0,0,0,46121584,0,0,0,0,0,0,0,0,0,0,30,0,0,77180,0,0,0,58678372,0,0,0,0,0,46049357,0,77180,0,0,0,0,0/RP0/CPU0
2020-02-05 02:03:27.365000+00:00,dr02,sg3,obt-collector1,0,0,0,0,0,0,0,0,0,0,59,0,0,0,0,0,0,0,0,59,0,0,0,0,0,0,0,0,0,0,0,0,0,0,0,0,0,0,0,0,0,0,0,0,0,0,0,0,0,0,0,0,0,0,0,0,0,0,0,0,0,0,0,0,0,0,0,0,0,70,0,0,0,0,0,0,0,0,0,0,0,0,0/0/CPU0
2020-02-05 02:03:27.369000+00:00,dr02,sg3,obt-collector1,0,0,0,0,0,0,0,0,0,0,3,0,0,0,0,0,0,0,0,3,0,0,0,0,0,0,0,0,0,0,0,0,0,0,0,0,0,0,0,0,0,0,0,0,0,0,0,0,0,0,0,0,0,0,0,0,0,0,0,0,0,0,0,0,0,0,0,0,0,3,0,0,0,0,0,0,0,0,0,0,0,0,0/1/CPU0
2020-02-05 02:03:27.372000+00:00,dr02,sg3,obt-collector1,0,0,0,0,15566,15566,0,8,0,0,0,0,0,0,0,30,0,0,0,16577,0,0,1963,986,8,25,0,0,17605,0,0,0,0,0,30,0,0,0,0,0,0,0,0,0,0,0,0,0,0,0,0,46121736,0,0,0,0,0,0,0,0,0,0,30,0,0,77180,0,0,0,58679760,0,0,0,0,0,46049508,0,77180,0,0,0,0,0/RP0/CPU0
2020-02-05 02:03:48.942000+00:00,dr02,sg3,obt-collector1,0,0,0,0,0,0,0,0,0,0,59,0,0,0,0,0,0,0,0,59,0,0,0,0,0,0,0,0,0,0,0,0,0,0,0,0,0,0,0,0,0,0,0,0,0,0,0,0,0,0,0,0,0,0,0,0,0,0,0,0,0,0,0,0,0,0,0,0,0,70,0,0,0,0,0,0,0,0,0,0,0,0,0/0/CPU0
2020-02-05 02:03:48.946000+00:00,dr02,sg3,obt-collector1,0,0,0,0,0,0,0,0,0,0,3,0,0,0,0,0,0,0,0,3,0,0,0,0,0,0,0,0,0,0,0,0,0,0,0,0,0,0,0,0,0,0,0,0,0,0,0,0,0,0,0,0,0,0,0,0,0,0,0,0,0,0,0,0,0,0,0,0,0,3,0,0,0,0,0,0,0,0,0,0,0,0,0/1/CPU0
2020-02-05 02:03:48.949000+00:00,dr02,sg3,obt-collector1,0,0,0,0,15566,15566,0,8,0,0,0,0,0,0,0,30,0,0,0,16577,0,0,1963,986,8,25,0,0,17605,0,0,0,0,0,30,0,0,0,0,0,0,0,0,0,0,0,0,0,0,0,0,46121870,0,0,0,0,0,0,0,0,0,0,30,0,0,77181,0,0,0,58681118,0,0,0,0,0,46049642,0,77181,0,0,0,0,0/RP0/CPU0
2020-02-05 02:04:10.446000+00:00,dr02,sg3,obt-collector1,0,0,0,0,0,0,0,0,0,0,59,0,0,0,0,0,0,0,0,59,0,0,0,0,0,0,0,0,0,0,0,0,0,0,0,0,0,0,0,0,0,0,0,0,0,0,0,0,0,0,0,0,0,0,0,0,0,0,0,0,0,0,0,0,0,0,0,0,0,70,0,0,0,0,0,0,0,0,0,0,0,0,0/0/CPU0
2020-02-05 02:04:10.451000+00:00,dr02,sg3,obt-collector1,0,0,0,0,0,0,0,0,0,0,3,0,0,0,0,0,0,0,0,3,0,0,0,0,0,0,0,0,0,0,0,0,0,0,0,0,0,0,0,0,0,0,0,0,0,0,0,0,0,0,0,0,0,0,0,0,0,0,0,0,0,0,0,0,0,0,0,0,0,3,0,0,0,0,0,0,0,0,0,0,0,0,0/1/CPU0
2020-02-05 02:04:10.454000+00:00,dr02,sg3,obt-collector1,0,0,0,0,15566,15566,0,8,0,0,0,0,0,0,0,30,0,0,0,16577,0,0,1963,986,8,25,0,0,17605,0,0,0,0,0,30,0,0,0,0,0,0,0,0,0,0,0,0,0,0,0,0,46122004,0,0,0,0,0,0,0,0,0,0,30,0,0,77181,0,0,0,58682476,0,0,0,0,0,46049776,0,77181,0,0,0,0,0/RP0/CPU0
2020-02-05 02:04:31.983000+00:00,dr02,sg3,obt-collector1,0,0,0,0,0,0,0,0,0,0,59,0,0,0,0,0,0,0,0,59,0,0,0,0,0,0,0,0,0,0,0,0,0,0,0,0,0,0,0,0,0,0,0,0,0,0,0,0,0,0,0,0,0,0,0,0,0,0,0,0,0,0,0,0,0,0,0,0,0,70,0,0,0,0,0,0,0,0,0,0,0,0,0/0/CPU0
2020-02-05 02:04:31.987000+00:00,dr02,sg3,obt-collector1,0,0,0,0,0,0,0,0,0,0,3,0,0,0,0,0,0,0,0,3,0,0,0,0,0,0,0,0,0,0,0,0,0,0,0,0,0,0,0,0,0,0,0,0,0,0,0,0,0,0,0,0,0,0,0,0,0,0,0,0,0,0,0,0,0,0,0,0,0,3,0,0,0,0,0,0,0,0,0,0,0,0,0/1/CPU0
2020-02-05 02:04:31.990000+00:00,dr02,sg3,obt-collector1,0,0,0,0,15566,15566,0,8,0,0,0,0,0,0,0,30,0,0,0,16577,0,0,1963,986,8,25,0,0,17605,0,0,0,0,0,30,0,0,0,0,0,0,0,0,0,0,0,0,0,0,0,0,46122158,0,0,0,0,0,0,0,0,0,0,30,0,0,77181,0,0,0,58683870,0,0,0,0,0,46049929,0,77181,0,0,0,0,0/RP0/CPU0
2020-02-05 02:04:53.500000+00:00,dr02,sg3,obt-collector1,0,0,0,0,0,0,0,0,0,0,59,0,0,0,0,0,0,0,0,59,0,0,0,0,0,0,0,0,0,0,0,0,0,0,0,0,0,0,0,0,0,0,0,0,0,0,0,0,0,0,0,0,0,0,0,0,0,0,0,0,0,0,0,0,0,0,0,0,0,70,0,0,0,0,0,0,0,0,0,0,0,0,0/0/CPU0
2020-02-05 02:04:53.503000+00:00,dr02,sg3,obt-collector1,0,0,0,0,0,0,0,0,0,0,3,0,0,0,0,0,0,0,0,3,0,0,0,0,0,0,0,0,0,0,0,0,0,0,0,0,0,0,0,0,0,0,0,0,0,0,0,0,0,0,0,0,0,0,0,0,0,0,0,0,0,0,0,0,0,0,0,0,0,3,0,0,0,0,0,0,0,0,0,0,0,0,0/1/CPU0
2020-02-05 02:04:53.506000+00:00,dr02,sg3,obt-collector1,0,0,0,0,15566,15566,0,8,0,0,0,0,0,0,0,30,0,0,0,16577,0,0,1963,986,8,25,0,0,17605,0,0,0,0,0,30,0,0,0,0,0,0,0,0,0,0,0,0,0,0,0,0,46122287,0,0,0,0,0,0,0,0,0,0,30,0,0,77182,0,0,0,58685241,0,0,0,0,0,46050058,0,77182,0,0,0,0,0/RP0/CPU0
2020-02-05 02:05:15.014000+00:00,dr02,sg3,obt-collector1,0,0,0,0,0,0,0,0,0,0,59,0,0,0,0,0,0,0,0,59,0,0,0,0,0,0,0,0,0,0,0,0,0,0,0,0,0,0,0,0,0,0,0,0,0,0,0,0,0,0,0,0,0,0,0,0,0,0,0,0,0,0,0,0,0,0,0,0,0,70,0,0,0,0,0,0,0,0,0,0,0,0,0/0/CPU0
2020-02-05 02:05:15.018000+00:00,dr02,sg3,obt-collector1,0,0,0,0,0,0,0,0,0,0,3,0,0,0,0,0,0,0,0,3,0,0,0,0,0,0,0,0,0,0,0,0,0,0,0,0,0,0,0,0,0,0,0,0,0,0,0,0,0,0,0,0,0,0,0,0,0,0,0,0,0,0,0,0,0,0,0,0,0,3,0,0,0,0,0,0,0,0,0,0,0,0,0/1/CPU0
2020-02-05 02:05:15.021000+00:00,dr02,sg3,obt-collector1,0,0,0,0,15567,15567,0,8,0,0,0,0,0,0,0,30,0,0,0,16578,0,0,1963,986,8,25,0,0,17606,0,0,0,0,0,30,0,0,0,0,0,0,0,0,0,0,0,0,0,0,0,0,46122471,0,0,0,0,0,0,0,0,0,0,30,0,0,77182,0,0,0,58686666,0,0,0,0,0,46050242,0,77182,0,0,0,0,0/RP0/CPU0
2020-02-05 02:05:36.547000+00:00,dr02,sg3,obt-collector1,0,0,0,0,0,0,0,0,0,0,59,0,0,0,0,0,0,0,0,59,0,0,0,0,0,0,0,0,0,0,0,0,0,0,0,0,0,0,0,0,0,0,0,0,0,0,0,0,0,0,0,0,0,0,0,0,0,0,0,0,0,0,0,0,0,0,0,0,0,70,0,0,0,0,0,0,0,0,0,0,0,0,0/0/CPU0
2020-02-05 02:05:36.552000+00:00,dr02,sg3,obt-collector1,0,0,0,0,0,0,0,0,0,0,3,0,0,0,0,0,0,0,0,3,0,0,0,0,0,0,0,0,0,0,0,0,0,0,0,0,0,0,0,0,0,0,0,0,0,0,0,0,0,0,0,0,0,0,0,0,0,0,0,0,0,0,0,0,0,0,0,0,0,3,0,0,0,0,0,0,0,0,0,0,0,0,0/1/CPU0
2020-02-05 02:05:36.554000+00:00,dr02,sg3,obt-collector1,0,0,0,0,15567,15567,0,8,0,0,0,0,0,0,0,30,0,0,0,16578,0,0,1963,986,8,25,0,0,17606,0,0,0,0,0,30,0,0,0,0,0,0,0,0,0,0,0,0,0,0,0,0,46122617,0,0,0,0,0,0,0,0,0,0,30,0,0,77182,0,0,0,58688062,0,0,0,0,0,46050387,0,77182,0,0,0,0,0/RP0/CPU0
2020-02-05 02:05:58.152000+00:00,dr02,sg3,obt-collector1,0,0,0,0,0,0,0,0,0,0,59,0,0,0,0,0,0,0,0,59,0,0,0,0,0,0,0,0,0,0,0,0,0,0,0,0,0,0,0,0,0,0,0,0,0,0,0,0,0,0,0,0,0,0,0,0,0,0,0,0,0,0,0,0,0,0,0,0,0,70,0,0,0,0,0,0,0,0,0,0,0,0,0/0/CPU0
2020-02-05 02:05:58.156000+00:00,dr02,sg3,obt-collector1,0,0,0,0,0,0,0,0,0,0,3,0,0,0,0,0,0,0,0,3,0,0,0,0,0,0,0,0,0,0,0,0,0,0,0,0,0,0,0,0,0,0,0,0,0,0,0,0,0,0,0,0,0,0,0,0,0,0,0,0,0,0,0,0,0,0,0,0,0,3,0,0,0,0,0,0,0,0,0,0,0,0,0/1/CPU0
2020-02-05 02:05:58.159000+00:00,dr02,sg3,obt-collector1,0,0,0,0,15567,15567,0,8,0,0,0,0,0,0,0,30,0,0,0,16578,0,0,1963,986,8,25,0,0,17606,0,0,0,0,0,30,0,0,0,0,0,0,0,0,0,0,0,0,0,0,0,0,46122742,0,0,0,0,0,0,0,0,0,0,30,0,0,77183,0,0,0,58689432,0,0,0,0,0,46050512,0,77183,0,0,0,0,0/RP0/CPU0
2020-02-05 02:06:19.663000+00:00,dr02,sg3,obt-collector1,0,0,0,0,0,0,0,0,0,0,59,0,0,0,0,0,0,0,0,59,0,0,0,0,0,0,0,0,0,0,0,0,0,0,0,0,0,0,0,0,0,0,0,0,0,0,0,0,0,0,0,0,0,0,0,0,0,0,0,0,0,0,0,0,0,0,0,0,0,70,0,0,0,0,0,0,0,0,0,0,0,0,0/0/CPU0
2020-02-05 02:06:19.667000+00:00,dr02,sg3,obt-collector1,0,0,0,0,0,0,0,0,0,0,3,0,0,0,0,0,0,0,0,3,0,0,0,0,0,0,0,0,0,0,0,0,0,0,0,0,0,0,0,0,0,0,0,0,0,0,0,0,0,0,0,0,0,0,0,0,0,0,0,0,0,0,0,0,0,0,0,0,0,3,0,0,0,0,0,0,0,0,0,0,0,0,0/1/CPU0
2020-02-05 02:06:19.670000+00:00,dr02,sg3,obt-collector1,0,0,0,0,15567,15567,0,8,0,0,0,0,0,0,0,30,0,0,0,16578,0,0,1963,986,8,25,0,0,17606,0,0,0,0,0,30,0,0,0,0,0,0,0,0,0,0,0,0,0,0,0,0,46122870,0,0,0,0,0,0,0,0,0,0,30,0,0,77183,0,0,0,58690801,0,0,0,0,0,46050640,0,77183,0,0,0,0,0/RP0/CPU0
2020-02-05 02:06:41.230000+00:00,dr02,sg3,obt-collector1,0,0,0,0,0,0,0,0,0,0,59,0,0,0,0,0,0,0,0,59,0,0,0,0,0,0,0,0,0,0,0,0,0,0,0,0,0,0,0,0,0,0,0,0,0,0,0,0,0,0,0,0,0,0,0,0,0,0,0,0,0,0,0,0,0,0,0,0,0,70,0,0,0,0,0,0,0,0,0,0,0,0,0/0/CPU0
2020-02-05 02:06:41.235000+00:00,dr02,sg3,obt-collector1,0,0,0,0,0,0,0,0,0,0,3,0,0,0,0,0,0,0,0,3,0,0,0,0,0,0,0,0,0,0,0,0,0,0,0,0,0,0,0,0,0,0,0,0,0,0,0,0,0,0,0,0,0,0,0,0,0,0,0,0,0,0,0,0,0,0,0,0,0,3,0,0,0,0,0,0,0,0,0,0,0,0,0/1/CPU0
2020-02-05 02:06:41.238000+00:00,dr02,sg3,obt-collector1,0,0,0,0,15567,15567,0,8,0,0,0,0,0,0,0,30,0,0,0,16578,0,0,1963,986,8,25,0,0,17606,0,0,0,0,0,30,0,0,0,0,0,0,0,0,0,0,0,0,0,0,0,0,46123019,0,0,0,0,0,0,0,0,0,0,30,0,0,77183,0,0,0,58692195,0,0,0,0,0,46050788,0,77183,0,0,0,0,0/RP0/CPU0
2020-02-05 02:07:02.829000+00:00,dr02,sg3,obt-collector1,0,0,0,0,0,0,0,0,0,0,59,0,0,0,0,0,0,0,0,59,0,0,0,0,0,0,0,0,0,0,0,0,0,0,0,0,0,0,0,0,0,0,0,0,0,0,0,0,0,0,0,0,0,0,0,0,0,0,0,0,0,0,0,0,0,0,0,0,0,70,0,0,0,0,0,0,0,0,0,0,0,0,0/0/CPU0
2020-02-05 02:07:02.835000+00:00,dr02,sg3,obt-collector1,0,0,0,0,0,0,0,0,0,0,3,0,0,0,0,0,0,0,0,3,0,0,0,0,0,0,0,0,0,0,0,0,0,0,0,0,0,0,0,0,0,0,0,0,0,0,0,0,0,0,0,0,0,0,0,0,0,0,0,0,0,0,0,0,0,0,0,0,0,3,0,0,0,0,0,0,0,0,0,0,0,0,0/1/CPU0
2020-02-05 02:07:02.837000+00:00,dr02,sg3,obt-collector1,0,0,0,0,15567,15567,0,8,0,0,0,0,0,0,0,30,0,0,0,16578,0,0,1963,986,8,25,0,0,17606,0,0,0,0,0,30,0,0,0,0,0,0,0,0,0,0,0,0,0,0,0,0,46123587,0,0,0,0,0,0,0,0,0,0,30,0,0,77184,0,0,0,58693997,0,0,0,0,0,46051356,0,77184,0,0,0,0,0/RP0/CPU0
2020-02-05 02:07:24.489000+00:00,dr02,sg3,obt-collector1,0,0,0,0,0,0,0,0,0,0,59,0,0,0,0,0,0,0,0,59,0,0,0,0,0,0,0,0,0,0,0,0,0,0,0,0,0,0,0,0,0,0,0,0,0,0,0,0,0,0,0,0,0,0,0,0,0,0,0,0,0,0,0,0,0,0,0,0,0,70,0,0,0,0,0,0,0,0,0,0,0,0,0/0/CPU0
2020-02-05 02:07:24.494000+00:00,dr02,sg3,obt-collector1,0,0,0,0,0,0,0,0,0,0,3,0,0,0,0,0,0,0,0,3,0,0,0,0,0,0,0,0,0,0,0,0,0,0,0,0,0,0,0,0,0,0,0,0,0,0,0,0,0,0,0,0,0,0,0,0,0,0,0,0,0,0,0,0,0,0,0,0,0,3,0,0,0,0,0,0,0,0,0,0,0,0,0/1/CPU0
2020-02-05 02:07:24.497000+00:00,dr02,sg3,obt-collector1,0,0,0,0,15567,15567,0,8,0,0,0,0,0,0,0,30,0,0,0,16578,0,0,1963,986,8,25,0,0,17606,0,0,0,0,0,30,0,0,0,0,0,0,0,0,0,0,0,0,0,0,0,0,46123808,0,0,0,0,0,0,0,0,0,0,30,0,0,77184,0,0,0,58695451,0,0,0,0,0,46051577,0,77184,0,0,0,0,0/RP0/CPU0
2020-02-05 02:07:46.025000+00:00,dr02,sg3,obt-collector1,0,0,0,0,0,0,0,0,0,0,59,0,0,0,0,0,0,0,0,59,0,0,0,0,0,0,0,0,0,0,0,0,0,0,0,0,0,0,0,0,0,0,0,0,0,0,0,0,0,0,0,0,0,0,0,0,0,0,0,0,0,0,0,0,0,0,0,0,0,70,0,0,0,0,0,0,0,0,0,0,0,0,0/0/CPU0
2020-02-05 02:07:46.029000+00:00,dr02,sg3,obt-collector1,0,0,0,0,0,0,0,0,0,0,3,0,0,0,0,0,0,0,0,3,0,0,0,0,0,0,0,0,0,0,0,0,0,0,0,0,0,0,0,0,0,0,0,0,0,0,0,0,0,0,0,0,0,0,0,0,0,0,0,0,0,0,0,0,0,0,0,0,0,3,0,0,0,0,0,0,0,0,0,0,0,0,0/1/CPU0
2020-02-05 02:07:46.031000+00:00,dr02,sg3,obt-collector1,0,0,0,0,15567,15567,0,8,0,0,0,0,0,0,0,30,0,0,0,16578,0,0,1963,986,8,25,0,0,17606,0,0,0,0,0,30,0,0,0,0,0,0,0,0,0,0,0,0,0,0,0,0,46123961,0,0,0,0,0,0,0,0,0,0,30,0,0,77185,0,0,0,58696852,0,0,0,0,0,46051729,0,77185,0,0,0,0,0/RP0/CPU0
2020-02-05 02:08:07.552000+00:00,dr02,sg3,obt-collector1,0,0,0,0,0,0,0,0,0,0,59,0,0,0,0,0,0,0,0,59,0,0,0,0,0,0,0,0,0,0,0,0,0,0,0,0,0,0,0,0,0,0,0,0,0,0,0,0,0,0,0,0,0,0,0,0,0,0,0,0,0,0,0,0,0,0,0,0,0,70,0,0,0,0,0,0,0,0,0,0,0,0,0/0/CPU0
2020-02-05 02:08:07.557000+00:00,dr02,sg3,obt-collector1,0,0,0,0,0,0,0,0,0,0,3,0,0,0,0,0,0,0,0,3,0,0,0,0,0,0,0,0,0,0,0,0,0,0,0,0,0,0,0,0,0,0,0,0,0,0,0,0,0,0,0,0,0,0,0,0,0,0,0,0,0,0,0,0,0,0,0,0,0,3,0,0,0,0,0,0,0,0,0,0,0,0,0/1/CPU0
2020-02-05 02:08:07.560000+00:00,dr02,sg3,obt-collector1,0,0,0,0,15567,15567,0,8,0,0,0,0,0,0,0,30,0,0,0,16578,0,0,1963,986,8,25,0,0,17606,0,0,0,0,0,30,0,0,0,0,0,0,0,0,0,0,0,0,0,0,0,0,46124092,0,0,0,0,0,0,0,0,0,0,30,0,0,77185,0,0,0,58698230,0,0,0,0,0,46051860,0,77185,0,0,0,0,0/RP0/CPU0
2020-02-05 02:08:29.067000+00:00,dr02,sg3,obt-collector1,0,0,0,0,0,0,0,0,0,0,59,0,0,0,0,0,0,0,0,59,0,0,0,0,0,0,0,0,0,0,0,0,0,0,0,0,0,0,0,0,0,0,0,0,0,0,0,0,0,0,0,0,0,0,0,0,0,0,0,0,0,0,0,0,0,0,0,0,0,70,0,0,0,0,0,0,0,0,0,0,0,0,0/0/CPU0
2020-02-05 02:08:29.072000+00:00,dr02,sg3,obt-collector1,0,0,0,0,0,0,0,0,0,0,3,0,0,0,0,0,0,0,0,3,0,0,0,0,0,0,0,0,0,0,0,0,0,0,0,0,0,0,0,0,0,0,0,0,0,0,0,0,0,0,0,0,0,0,0,0,0,0,0,0,0,0,0,0,0,0,0,0,0,3,0,0,0,0,0,0,0,0,0,0,0,0,0/1/CPU0
2020-02-05 02:08:29.075000+00:00,dr02,sg3,obt-collector1,0,0,0,0,15567,15567,0,8,0,0,0,0,0,0,0,30,0,0,0,16578,0,0,1963,986,8,25,0,0,17606,0,0,0,0,0,30,0,0,0,0,0,0,0,0,0,0,0,0,0,0,0,0,46124221,0,0,0,0,0,0,0,0,0,0,30,0,0,77185,0,0,0,58699601,0,0,0,0,0,46051989,0,77185,0,0,0,0,0/RP0/CPU0
2020-02-05 02:08:50.600000+00:00,dr02,sg3,obt-collector1,0,0,0,0,0,0,0,0,0,0,59,0,0,0,0,0,0,0,0,59,0,0,0,0,0,0,0,0,0,0,0,0,0,0,0,0,0,0,0,0,0,0,0,0,0,0,0,0,0,0,0,0,0,0,0,0,0,0,0,0,0,0,0,0,0,0,0,0,0,70,0,0,0,0,0,0,0,0,0,0,0,0,0/0/CPU0
2020-02-05 02:08:50.605000+00:00,dr02,sg3,obt-collector1,0,0,0,0,0,0,0,0,0,0,3,0,0,0,0,0,0,0,0,3,0,0,0,0,0,0,0,0,0,0,0,0,0,0,0,0,0,0,0,0,0,0,0,0,0,0,0,0,0,0,0,0,0,0,0,0,0,0,0,0,0,0,0,0,0,0,0,0,0,3,0,0,0,0,0,0,0,0,0,0,0,0,0/1/CPU0
2020-02-05 02:08:50.608000+00:00,dr02,sg3,obt-collector1,0,0,0,0,15567,15567,0,8,0,0,0,0,0,0,0,30,0,0,0,16578,0,0,1963,986,8,25,0,0,17606,0,0,0,0,0,30,0,0,0,0,0,0,0,0,0,0,0,0,0,0,0,0,46124350,0,0,0,0,0,0,0,0,0,0,30,0,0,77186,0,0,0,58700964,0,0,0,0,0,46052117,0,77186,0,0,0,0,0/RP0/CPU0
2020-02-05 02:09:12.101000+00:00,dr02,sg3,obt-collector1,0,0,0,0,0,0,0,0,0,0,59,0,0,0,0,0,0,0,0,59,0,0,0,0,0,0,0,0,0,0,0,0,0,0,0,0,0,0,0,0,0,0,0,0,0,0,0,0,0,0,0,0,0,0,0,0,0,0,0,0,0,0,0,0,0,0,0,0,0,70,0,0,0,0,0,0,0,0,0,0,0,0,0/0/CPU0
2020-02-05 02:09:12.105000+00:00,dr02,sg3,obt-collector1,0,0,0,0,0,0,0,0,0,0,3,0,0,0,0,0,0,0,0,3,0,0,0,0,0,0,0,0,0,0,0,0,0,0,0,0,0,0,0,0,0,0,0,0,0,0,0,0,0,0,0,0,0,0,0,0,0,0,0,0,0,0,0,0,0,0,0,0,0,3,0,0,0,0,0,0,0,0,0,0,0,0,0/1/CPU0
2020-02-05 02:09:12.108000+00:00,dr02,sg3,obt-collector1,0,0,0,0,15567,15567,0,8,0,0,0,0,0,0,0,30,0,0,0,16578,0,0,1963,986,8,25,0,0,17606,0,0,0,0,0,30,0,0,0,0,0,0,0,0,0,0,0,0,0,0,0,0,46124494,0,0,0,0,0,0,0,0,0,0,30,0,0,77186,0,0,0,58702364,0,0,0,0,0,46052261,0,77186,0,0,0,0,0/RP0/CPU0
2020-02-05 02:09:33.621000+00:00,dr02,sg3,obt-collector1,0,0,0,0,0,0,0,0,0,0,59,0,0,0,0,0,0,0,0,59,0,0,0,0,0,0,0,0,0,0,0,0,0,0,0,0,0,0,0,0,0,0,0,0,0,0,0,0,0,0,0,0,0,0,0,0,0,0,0,0,0,0,0,0,0,0,0,0,0,70,0,0,0,0,0,0,0,0,0,0,0,0,0/0/CPU0
2020-02-05 02:09:33.625000+00:00,dr02,sg3,obt-collector1,0,0,0,0,0,0,0,0,0,0,3,0,0,0,0,0,0,0,0,3,0,0,0,0,0,0,0,0,0,0,0,0,0,0,0,0,0,0,0,0,0,0,0,0,0,0,0,0,0,0,0,0,0,0,0,0,0,0,0,0,0,0,0,0,0,0,0,0,0,3,0,0,0,0,0,0,0,0,0,0,0,0,0/1/CPU0
2020-02-05 02:09:33.628000+00:00,dr02,sg3,obt-collector1,0,0,0,0,15567,15567,0,8,0,0,0,0,0,0,0,30,0,0,0,16578,0,0,1963,986,8,25,0,0,17606,0,0,0,0,0,30,0,0,0,0,0,0,0,0,0,0,0,0,0,0,0,0,46124623,0,0,0,0,0,0,0,0,0,0,30,0,0,77186,0,0,0,58703726,0,0,0,0,0,46052390,0,77186,0,0,0,0,0/RP0/CPU0
2020-02-05 02:09:55.198000+00:00,dr02,sg3,obt-collector1,0,0,0,0,0,0,0,0,0,0,59,0,0,0,0,0,0,0,0,59,0,0,0,0,0,0,0,0,0,0,0,0,0,0,0,0,0,0,0,0,0,0,0,0,0,0,0,0,0,0,0,0,0,0,0,0,0,0,0,0,0,0,0,0,0,0,0,0,0,70,0,0,0,0,0,0,0,0,0,0,0,0,0/0/CPU0
2020-02-05 02:09:55.202000+00:00,dr02,sg3,obt-collector1,0,0,0,0,0,0,0,0,0,0,3,0,0,0,0,0,0,0,0,3,0,0,0,0,0,0,0,0,0,0,0,0,0,0,0,0,0,0,0,0,0,0,0,0,0,0,0,0,0,0,0,0,0,0,0,0,0,0,0,0,0,0,0,0,0,0,0,0,0,3,0,0,0,0,0,0,0,0,0,0,0,0,0/1/CPU0
2020-02-05 02:09:55.205000+00:00,dr02,sg3,obt-collector1,0,0,0,0,15567,15567,0,8,0,0,0,0,0,0,0,30,0,0,0,16578,0,0,1963,986,8,25,0,0,17606,0,0,0,0,0,30,0,0,0,0,0,0,0,0,0,0,0,0,0,0,0,0,46124750,0,0,0,0,0,0,0,0,0,0,30,0,0,77187,0,0,0,58705096,0,0,0,0,0,46052516,0,77187,0,0,0,0,0/RP0/CPU0
2020-02-05 02:10:16.726000+00:00,dr02,sg3,obt-collector1,0,0,0,0,0,0,0,0,0,0,59,0,0,0,0,0,0,0,0,59,0,0,0,0,0,0,0,0,0,0,0,0,0,0,0,0,0,0,0,0,0,0,0,0,0,0,0,0,0,0,0,0,0,0,0,0,0,0,0,0,0,0,0,0,0,0,0,0,0,70,0,0,0,0,0,0,0,0,0,0,0,0,0/0/CPU0
2020-02-05 02:10:16.731000+00:00,dr02,sg3,obt-collector1,0,0,0,0,0,0,0,0,0,0,3,0,0,0,0,0,0,0,0,3,0,0,0,0,0,0,0,0,0,0,0,0,0,0,0,0,0,0,0,0,0,0,0,0,0,0,0,0,0,0,0,0,0,0,0,0,0,0,0,0,0,0,0,0,0,0,0,0,0,3,0,0,0,0,0,0,0,0,0,0,0,0,0/1/CPU0
2020-02-05 02:10:16.734000+00:00,dr02,sg3,obt-collector1,0,0,0,0,15568,15568,0,8,0,0,0,0,0,0,0,30,0,0,0,16579,0,0,1963,986,8,25,0,0,17607,0,0,0,0,0,30,0,0,0,0,0,0,0,0,0,0,0,0,0,0,0,0,46124950,0,0,0,0,0,0,0,0,0,0,30,0,0,77187,0,0,0,58706547,0,0,0,0,0,46052716,0,77187,0,0,0,0,0/RP0/CPU0
