,Producer,Target,host,node-name,process-cpu/process-cpu-fifteen-minute,process-cpu/process-cpu-five-minute,process-cpu/process-cpu-one-minute,process-cpu/process-id,process-cpu/process-name,total-cpu-fifteen-minute,total-cpu-five-minute,total-cpu-one-minute
2020-02-05 01:41:05.283000+00:00,dr02,cpumem-sub1,obt-collector1,0/RP0/CPU0,0,0,0,26198,sleep,1,2,2
2020-02-05 01:41:05.813000+00:00,dr02,cpumem-sub1,obt-collector1,0/0/CPU0,0,0,0,22295,sleep,15,14,15
2020-02-05 01:41:06.328000+00:00,dr02,cpumem-sub1,obt-collector1,0/1/CPU0,0,0,0,22233,sleep,14,14,14
2020-02-05 01:41:26.850000+00:00,dr02,cpumem-sub1,obt-collector1,0/RP0/CPU0,0,0,0,26198,sleep,1,2,2
2020-02-05 01:41:27.373000+00:00,dr02,cpumem-sub1,obt-collector1,0/0/CPU0,0,0,0,22295,sleep,15,14,15
2020-02-05 01:41:27.898000+00:00,dr02,cpumem-sub1,obt-collector1,0/1/CPU0,0,0,0,22250,sleep,14,14,15
2020-02-05 01:41:48.391000+00:00,dr02,cpumem-sub1,obt-collector1,0/RP0/CPU0,0,0,0,26198,sleep,1,2,2
2020-02-05 01:41:48.906000+00:00,dr02,cpumem-sub1,obt-collector1,0/0/CPU0,0,0,0,22295,sleep,15,14,15
2020-02-05 01:41:49.429000+00:00,dr02,cpumem-sub1,obt-collector1,0/1/CPU0,0,0,0,22250,sleep,14,14,15
2020-02-05 01:42:09.913000+00:00,dr02,cpumem-sub1,obt-collector1,0/RP0/CPU0,0,0,0,26205,sleep,1,2,1
2020-02-05 01:42:10.435000+00:00,dr02,cpumem-sub1,obt-collector1,0/0/CPU0,0,0,0,22297,sleep,15,14,15
2020-02-05 01:42:10.953000+00:00,dr02,cpumem-sub1,obt-collector1,0/1/CPU0,0,0,0,22250,sleep,14,14,15
2020-02-05 01:42:31.376000+00:00,dr02,cpumem-sub1,obt-collector1,0/RP0/CPU0,0,0,0,26205,sleep,1,2,1
2020-02-05 01:42:31.888000+00:00,dr02,cpumem-sub1,obt-collector1,0/0/CPU0,0,0,0,22297,sleep,15,14,15
2020-02-05 01:42:32.416000+00:00,dr02,cpumem-sub1,obt-collector1,0/1/CPU0,0,0,0,22251,sleep,14,15,16
2020-02-05 01:42:52.861000+00:00,dr02,cpumem-sub1,obt-collector1,0/RP0/CPU0,0,0,0,26205,sleep,1,2,1
2020-02-05 01:42:53.378000+00:00,dr02,cpumem-sub1,obt-collector1,0/0/CPU0,0,0,0,22298,sleep,15,14,16
2020-02-05 01:42:53.901000+00:00,dr02,cpumem-sub1,obt-collector1,0/1/CPU0,0,0,0,22251,sleep,14,15,16
2020-02-05 01:43:15.808000+00:00,dr02,cpumem-sub1,obt-collector1,0/RP0/CPU0,0,0,0,26217,sleep,1,1,1
2020-02-05 01:43:16.325000+00:00,dr02,cpumem-sub1,obt-collector1,0/0/CPU0,0,0,0,22298,sleep,15,14,16
2020-02-05 01:43:17.920000+00:00,dr02,cpumem-sub1,obt-collector1,0/1/CPU0,0,0,0,22253,sleep,14,15,15
2020-02-05 01:43:38.385000+00:00,dr02,cpumem-sub1,obt-collector1,0/RP0/CPU0,0,0,0,26217,sleep,1,1,1
2020-02-05 01:43:38.907000+00:00,dr02,cpumem-sub1,obt-collector1,0/0/CPU0,0,0,0,22298,sleep,15,14,16
2020-02-05 01:43:39.432000+00:00,dr02,cpumem-sub1,obt-collector1,0/1/CPU0,0,0,0,22253,sleep,14,15,15
2020-02-05 01:43:59.912000+00:00,dr02,cpumem-sub1,obt-collector1,0/RP0/CPU0,0,0,0,26217,sleep,1,1,1
2020-02-05 01:44:00.427000+00:00,dr02,cpumem-sub1,obt-collector1,0/0/CPU0,0,0,0,22300,sleep,15,14,15
2020-02-05 01:44:00.949000+00:00,dr02,cpumem-sub1,obt-collector1,0/1/CPU0,0,0,0,22253,sleep,14,15,15
2020-02-05 01:44:21.382000+00:00,dr02,cpumem-sub1,obt-collector1,0/RP0/CPU0,0,0,0,26224,sleep,1,1,1
2020-02-05 01:44:21.903000+00:00,dr02,cpumem-sub1,obt-collector1,0/0/CPU0,0,0,0,22300,sleep,15,14,15
2020-02-05 01:44:22.427000+00:00,dr02,cpumem-sub1,obt-collector1,0/1/CPU0,0,0,0,22255,sleep,14,15,15
2020-02-05 01:44:42.908000+00:00,dr02,cpumem-sub1,obt-collector1,0/RP0/CPU0,0,0,0,26224,sleep,1,1,1
2020-02-05 01:44:43.422000+00:00,dr02,cpumem-sub1,obt-collector1,0/0/CPU0,0,0,0,22300,sleep,15,14,15
2020-02-05 01:44:43.932000+00:00,dr02,cpumem-sub1,obt-collector1,0/1/CPU0,0,0,0,22255,sleep,14,15,15
2020-02-05 01:45:04.367000+00:00,dr02,cpumem-sub1,obt-collector1,0/RP0/CPU0,0,0,0,26236,sleep,1,1,1
2020-02-05 01:45:04.896000+00:00,dr02,cpumem-sub1,obt-collector1,0/0/CPU0,0,0,0,22306,sleep,15,15,15
2020-02-05 01:45:05.421000+00:00,dr02,cpumem-sub1,obt-collector1,0/1/CPU0,0,0,0,22255,sleep,14,15,15
2020-02-05 01:45:26.118000+00:00,dr02,cpumem-sub1,obt-collector1,0/RP0/CPU0,0,0,0,26236,sleep,1,1,1
2020-02-05 01:45:26.638000+00:00,dr02,cpumem-sub1,obt-collector1,0/0/CPU0,0,0,0,22306,sleep,15,15,15
2020-02-05 01:45:27.163000+00:00,dr02,cpumem-sub1,obt-collector1,0/1/CPU0,0,0,0,22256,sleep,14,15,15
2020-02-05 01:45:47.635000+00:00,dr02,cpumem-sub1,obt-collector1,0/RP0/CPU0,0,0,0,26236,sleep,1,1,1
2020-02-05 01:45:48.155000+00:00,dr02,cpumem-sub1,obt-collector1,0/0/CPU0,0,0,0,22306,sleep,15,15,15
2020-02-05 01:45:48.676000+00:00,dr02,cpumem-sub1,obt-collector1,0/1/CPU0,0,0,0,22256,sleep,14,15,15
2020-02-05 01:46:09.109000+00:00,dr02,cpumem-sub1,obt-collector1,0/RP0/CPU0,0,0,0,26289,ssh,1,1,2
2020-02-05 01:46:09.629000+00:00,dr02,cpumem-sub1,obt-collector1,0/0/CPU0,0,0,0,22322,sleep,15,15,15
2020-02-05 01:46:10.151000+00:00,dr02,cpumem-sub1,obt-collector1,0/1/CPU0,0,0,0,22256,sleep,14,15,15
2020-02-05 01:46:30.580000+00:00,dr02,cpumem-sub1,obt-collector1,0/RP0/CPU0,0,0,0,26289,ssh,1,1,2
2020-02-05 01:46:31.110000+00:00,dr02,cpumem-sub1,obt-collector1,0/0/CPU0,0,0,0,22322,sleep,15,15,15
2020-02-05 01:46:31.644000+00:00,dr02,cpumem-sub1,obt-collector1,0/1/CPU0,0,0,0,22277,sleep,15,15,16
2020-02-05 01:46:52.136000+00:00,dr02,cpumem-sub1,obt-collector1,0/RP0/CPU0,0,0,0,26289,ssh,1,1,2
2020-02-05 01:46:52.646000+00:00,dr02,cpumem-sub1,obt-collector1,0/0/CPU0,0,0,0,22322,sleep,15,15,15
2020-02-05 01:46:53.172000+00:00,dr02,cpumem-sub1,obt-collector1,0/1/CPU0,0,0,0,22277,sleep,15,15,16
2020-02-05 01:47:13.661000+00:00,dr02,cpumem-sub1,obt-collector1,0/RP0/CPU0,0,0,0,26340,sleep,1,1,2
2020-02-05 01:47:14.171000+00:00,dr02,cpumem-sub1,obt-collector1,0/0/CPU0,0,0,0,22330,sleep,15,15,16
2020-02-05 01:47:14.706000+00:00,dr02,cpumem-sub1,obt-collector1,0/1/CPU0,0,0,0,22277,sleep,15,15,16
2020-02-05 01:47:35.134000+00:00,dr02,cpumem-sub1,obt-collector1,0/RP0/CPU0,0,0,0,26340,sleep,1,1,2
2020-02-05 01:47:35.654000+00:00,dr02,cpumem-sub1,obt-collector1,0/0/CPU0,0,0,0,22330,sleep,15,15,16
2020-02-05 01:47:36.177000+00:00,dr02,cpumem-sub1,obt-collector1,0/1/CPU0,0,0,0,22284,sleep,15,15,15
2020-02-05 01:47:56.661000+00:00,dr02,cpumem-sub1,obt-collector1,0/RP0/CPU0,0,0,0,26340,sleep,1,1,2
2020-02-05 01:47:57.175000+00:00,dr02,cpumem-sub1,obt-collector1,0/0/CPU0,0,0,0,22330,sleep,15,15,16
2020-02-05 01:47:57.698000+00:00,dr02,cpumem-sub1,obt-collector1,0/1/CPU0,0,0,0,22284,sleep,15,15,15
2020-02-05 01:48:18.232000+00:00,dr02,cpumem-sub1,obt-collector1,0/RP0/CPU0,0,0,0,26348,sleep,1,1,1
2020-02-05 01:48:18.752000+00:00,dr02,cpumem-sub1,obt-collector1,0/0/CPU0,0,0,0,22331,sleep,15,15,15
2020-02-05 01:48:19.272000+00:00,dr02,cpumem-sub1,obt-collector1,0/1/CPU0,0,0,0,22284,sleep,15,15,15
2020-02-05 01:48:39.790000+00:00,dr02,cpumem-sub1,obt-collector1,0/RP0/CPU0,0,0,0,26348,sleep,1,1,1
2020-02-05 01:48:40.293000+00:00,dr02,cpumem-sub1,obt-collector1,0/0/CPU0,0,0,0,22331,sleep,15,15,15
2020-02-05 01:48:40.812000+00:00,dr02,cpumem-sub1,obt-collector1,0/1/CPU0,0,0,0,22286,sleep,15,15,15
2020-02-05 01:49:01.256000+00:00,dr02,cpumem-sub1,obt-collector1,0/RP0/CPU0,0,0,0,26348,sleep,1,1,1
2020-02-05 01:49:03.102000+00:00,dr02,cpumem-sub1,obt-collector1,0/0/CPU0,0,0,0,22333,sleep,15,15,16
2020-02-05 01:49:03.615000+00:00,dr02,cpumem-sub1,obt-collector1,0/1/CPU0,0,0,0,22286,sleep,15,15,15
2020-02-05 01:49:24.058000+00:00,dr02,cpumem-sub1,obt-collector1,0/RP0/CPU0,0,0,0,26381,sleep,1,1,1
2020-02-05 01:49:24.578000+00:00,dr02,cpumem-sub1,obt-collector1,0/0/CPU0,0,0,0,22333,sleep,15,15,16
2020-02-05 01:49:25.095000+00:00,dr02,cpumem-sub1,obt-collector1,0/1/CPU0,0,0,0,22286,sleep,15,15,15
2020-02-05 01:49:45.572000+00:00,dr02,cpumem-sub1,obt-collector1,0/RP0/CPU0,0,0,0,26381,sleep,1,1,1
2020-02-05 01:49:46.093000+00:00,dr02,cpumem-sub1,obt-collector1,0/0/CPU0,0,0,0,22333,sleep,15,15,16
2020-02-05 01:49:46.615000+00:00,dr02,cpumem-sub1,obt-collector1,0/1/CPU0,0,0,0,22288,sleep,15,15,15
2020-02-05 01:50:07.090000+00:00,dr02,cpumem-sub1,obt-collector1,0/RP0/CPU0,0,0,0,26534,sleep,1,1,2
2020-02-05 01:50:07.604000+00:00,dr02,cpumem-sub1,obt-collector1,0/0/CPU0,0,0,0,22335,sleep,15,15,15
2020-02-05 01:50:08.134000+00:00,dr02,cpumem-sub1,obt-collector1,0/1/CPU0,0,0,0,22288,sleep,15,15,15
2020-02-05 01:50:28.727000+00:00,dr02,cpumem-sub1,obt-collector1,0/RP0/CPU0,0,0,0,26534,sleep,1,1,2
2020-02-05 01:50:29.241000+00:00,dr02,cpumem-sub1,obt-collector1,0/0/CPU0,0,0,0,22335,sleep,15,15,15
2020-02-05 01:50:29.768000+00:00,dr02,cpumem-sub1,obt-collector1,0/1/CPU0,0,0,0,22289,sleep,15,15,15
2020-02-05 01:50:50.213000+00:00,dr02,cpumem-sub1,obt-collector1,0/RP0/CPU0,0,0,0,26534,sleep,1,1,2
2020-02-05 01:50:50.737000+00:00,dr02,cpumem-sub1,obt-collector1,0/0/CPU0,0,0,0,22335,sleep,15,15,15
2020-02-05 01:50:51.266000+00:00,dr02,cpumem-sub1,obt-collector1,0/1/CPU0,0,0,0,22289,sleep,15,15,15
2020-02-05 01:51:11.793000+00:00,dr02,cpumem-sub1,obt-collector1,0/RP0/CPU0,0,0,0,26561,sleep,1,1,1
2020-02-05 01:51:12.311000+00:00,dr02,cpumem-sub1,obt-collector1,0/0/CPU0,0,0,0,22351,sleep,15,15,15
2020-02-05 01:51:12.832000+00:00,dr02,cpumem-sub1,obt-collector1,0/1/CPU0,0,0,0,22289,sleep,15,15,15
2020-02-05 01:51:33.250000+00:00,dr02,cpumem-sub1,obt-collector1,0/RP0/CPU0,0,0,0,26561,sleep,1,1,1
2020-02-05 01:51:33.775000+00:00,dr02,cpumem-sub1,obt-collector1,0/0/CPU0,0,0,0,22351,sleep,15,15,15
2020-02-05 01:51:34.294000+00:00,dr02,cpumem-sub1,obt-collector1,0/1/CPU0,0,0,0,22306,sleep,15,15,15
2020-02-05 01:51:54.845000+00:00,dr02,cpumem-sub1,obt-collector1,0/RP0/CPU0,0,0,0,26561,sleep,1,1,1
2020-02-05 01:51:55.370000+00:00,dr02,cpumem-sub1,obt-collector1,0/0/CPU0,0,0,0,22351,sleep,15,15,15
2020-02-05 01:51:55.892000+00:00,dr02,cpumem-sub1,obt-collector1,0/1/CPU0,0,0,0,22306,sleep,15,15,15
2020-02-05 01:52:16.395000+00:00,dr02,cpumem-sub1,obt-collector1,0/RP0/CPU0,0,0,0,26568,sleep,1,1,1
2020-02-05 01:52:16.923000+00:00,dr02,cpumem-sub1,obt-collector1,0/0/CPU0,0,0,0,22353,sleep,15,15,15
2020-02-05 01:52:17.456000+00:00,dr02,cpumem-sub1,obt-collector1,0/1/CPU0,0,0,0,22306,sleep,15,15,15
2020-02-05 01:52:37.919000+00:00,dr02,cpumem-sub1,obt-collector1,0/RP0/CPU0,0,0,0,26568,sleep,1,1,1
2020-02-05 01:52:38.449000+00:00,dr02,cpumem-sub1,obt-collector1,0/0/CPU0,0,0,0,22353,sleep,15,15,15
2020-02-05 01:52:38.979000+00:00,dr02,cpumem-sub1,obt-collector1,0/1/CPU0,0,0,0,22308,sleep,15,15,15
2020-02-05 01:52:59.398000+00:00,dr02,cpumem-sub1,obt-collector1,0/RP0/CPU0,0,0,0,26568,sleep,1,1,1
2020-02-05 01:52:59.917000+00:00,dr02,cpumem-sub1,obt-collector1,0/0/CPU0,0,0,0,22353,sleep,15,15,15
2020-02-05 01:53:00.435000+00:00,dr02,cpumem-sub1,obt-collector1,0/1/CPU0,0,0,0,22308,sleep,15,15,15
2020-02-05 01:53:20.889000+00:00,dr02,cpumem-sub1,obt-collector1,0/RP0/CPU0,0,0,0,26576,sleep,1,1,1
2020-02-05 01:53:21.404000+00:00,dr02,cpumem-sub1,obt-collector1,0/0/CPU0,0,0,0,22354,sleep,15,15,15
2020-02-05 01:53:21.922000+00:00,dr02,cpumem-sub1,obt-collector1,0/1/CPU0,0,0,0,22308,sleep,15,15,15
2020-02-05 01:53:42.395000+00:00,dr02,cpumem-sub1,obt-collector1,0/RP0/CPU0,0,0,0,26576,sleep,1,1,1
2020-02-05 01:53:42.915000+00:00,dr02,cpumem-sub1,obt-collector1,0/0/CPU0,0,0,0,22354,sleep,15,15,15
2020-02-05 01:53:43.437000+00:00,dr02,cpumem-sub1,obt-collector1,0/1/CPU0,0,0,0,22309,sleep,15,15,15
2020-02-05 01:54:03.926000+00:00,dr02,cpumem-sub1,obt-collector1,0/RP0/CPU0,0,0,0,26576,sleep,1,1,1
2020-02-05 01:54:04.445000+00:00,dr02,cpumem-sub1,obt-collector1,0/0/CPU0,0,0,0,22354,sleep,15,15,15
2020-02-05 01:54:04.967000+00:00,dr02,cpumem-sub1,obt-collector1,0/1/CPU0,0,0,0,22309,sleep,15,15,15
2020-02-05 01:54:25.489000+00:00,dr02,cpumem-sub1,obt-collector1,0/RP0/CPU0,0,0,0,26587,sleep,1,1,1
2020-02-05 01:54:26.009000+00:00,dr02,cpumem-sub1,obt-collector1,0/0/CPU0,0,0,0,22356,sleep,15,15,15
2020-02-05 01:54:26.529000+00:00,dr02,cpumem-sub1,obt-collector1,0/1/CPU0,0,0,0,22309,sleep,15,15,15
2020-02-05 01:54:46.954000+00:00,dr02,cpumem-sub1,obt-collector1,0/RP0/CPU0,0,0,0,26587,sleep,1,1,1
2020-02-05 01:54:47.464000+00:00,dr02,cpumem-sub1,obt-collector1,0/0/CPU0,0,0,0,22356,sleep,15,15,15
2020-02-05 01:54:47.988000+00:00,dr02,cpumem-sub1,obt-collector1,0/1/CPU0,0,0,0,22311,sleep,15,15,15
2020-02-05 01:55:08.488000+00:00,dr02,cpumem-sub1,obt-collector1,0/RP0/CPU0,0,0,0,26595,sleep,1,1,1
2020-02-05 01:55:09.011000+00:00,dr02,cpumem-sub1,obt-collector1,0/0/CPU0,0,0,0,22356,sleep,15,15,15
2020-02-05 01:55:09.530000+00:00,dr02,cpumem-sub1,obt-collector1,0/1/CPU0,0,0,0,22311,sleep,15,15,15
2020-02-05 01:55:29.965000+00:00,dr02,cpumem-sub1,obt-collector1,0/RP0/CPU0,0,0,0,26595,sleep,1,1,1
2020-02-05 01:55:30.486000+00:00,dr02,cpumem-sub1,obt-collector1,0/0/CPU0,0,0,0,22362,sleep,15,15,15
2020-02-05 01:55:31.010000+00:00,dr02,cpumem-sub1,obt-collector1,0/1/CPU0,0,0,0,22311,sleep,15,15,15
2020-02-05 01:55:51.583000+00:00,dr02,cpumem-sub1,obt-collector1,0/RP0/CPU0,0,0,0,26595,sleep,1,1,1
2020-02-05 01:55:52.103000+00:00,dr02,cpumem-sub1,obt-collector1,0/0/CPU0,0,0,0,22362,sleep,15,15,15
2020-02-05 01:55:52.611000+00:00,dr02,cpumem-sub1,obt-collector1,0/1/CPU0,0,0,0,22312,sleep,15,15,15
2020-02-05 01:56:13.046000+00:00,dr02,cpumem-sub1,obt-collector1,0/RP0/CPU0,0,0,0,26622,sleep,1,1,1
2020-02-05 01:56:14.845000+00:00,dr02,cpumem-sub1,obt-collector1,0/0/CPU0,0,0,0,22378,sleep,15,15,15
2020-02-05 01:56:15.382000+00:00,dr02,cpumem-sub1,obt-collector1,0/1/CPU0,0,0,0,22312,sleep,15,15,15
2020-02-05 01:56:35.849000+00:00,dr02,cpumem-sub1,obt-collector1,0/RP0/CPU0,0,0,0,26622,sleep,1,1,1
2020-02-05 01:56:36.365000+00:00,dr02,cpumem-sub1,obt-collector1,0/0/CPU0,0,0,0,22378,sleep,15,15,15
2020-02-05 01:56:36.885000+00:00,dr02,cpumem-sub1,obt-collector1,0/1/CPU0,0,0,0,22312,sleep,15,15,15
2020-02-05 01:56:57.415000+00:00,dr02,cpumem-sub1,obt-collector1,0/RP0/CPU0,0,0,0,26622,sleep,1,1,1
2020-02-05 01:56:57.944000+00:00,dr02,cpumem-sub1,obt-collector1,0/0/CPU0,0,0,0,22378,sleep,15,15,15
2020-02-05 01:56:58.468000+00:00,dr02,cpumem-sub1,obt-collector1,0/1/CPU0,0,0,0,22333,sleep,15,15,16
2020-02-05 01:57:18.924000+00:00,dr02,cpumem-sub1,obt-collector1,0/RP0/CPU0,0,0,0,26629,sleep,1,1,1
2020-02-05 01:57:19.441000+00:00,dr02,cpumem-sub1,obt-collector1,0/0/CPU0,0,0,0,22380,sleep,15,15,16
2020-02-05 01:57:19.973000+00:00,dr02,cpumem-sub1,obt-collector1,0/1/CPU0,0,0,0,22333,sleep,15,15,16
2020-02-05 01:57:40.412000+00:00,dr02,cpumem-sub1,obt-collector1,0/RP0/CPU0,0,0,0,26629,sleep,1,1,1
2020-02-05 01:57:40.930000+00:00,dr02,cpumem-sub1,obt-collector1,0/0/CPU0,0,0,0,22380,sleep,15,15,16
2020-02-05 01:57:41.442000+00:00,dr02,cpumem-sub1,obt-collector1,0/1/CPU0,0,0,0,22336,sleep,15,15,15
2020-02-05 01:58:01.868000+00:00,dr02,cpumem-sub1,obt-collector1,0/RP0/CPU0,0,0,0,26629,sleep,1,1,1
2020-02-05 01:58:02.386000+00:00,dr02,cpumem-sub1,obt-collector1,0/0/CPU0,0,0,0,22380,sleep,15,15,16
2020-02-05 01:58:02.911000+00:00,dr02,cpumem-sub1,obt-collector1,0/1/CPU0,0,0,0,22336,sleep,15,15,15
2020-02-05 01:58:23.383000+00:00,dr02,cpumem-sub1,obt-collector1,0/RP0/CPU0,0,0,0,26641,sleep,1,1,1
2020-02-05 01:58:23.900000+00:00,dr02,cpumem-sub1,obt-collector1,0/0/CPU0,0,0,0,22382,sleep,15,15,15
2020-02-05 01:58:24.421000+00:00,dr02,cpumem-sub1,obt-collector1,0/1/CPU0,0,0,0,22336,sleep,15,15,15
2020-02-05 01:58:44.847000+00:00,dr02,cpumem-sub1,obt-collector1,0/RP0/CPU0,0,0,0,26641,sleep,1,1,1
2020-02-05 01:58:45.363000+00:00,dr02,cpumem-sub1,obt-collector1,0/0/CPU0,0,0,0,22382,sleep,15,15,15
2020-02-05 01:58:45.890000+00:00,dr02,cpumem-sub1,obt-collector1,0/1/CPU0,0,0,0,22337,sleep,15,15,15
2020-02-05 01:59:06.312000+00:00,dr02,cpumem-sub1,obt-collector1,0/RP0/CPU0,0,0,0,26641,sleep,1,1,1
2020-02-05 01:59:06.828000+00:00,dr02,cpumem-sub1,obt-collector1,0/0/CPU0,0,0,0,22382,sleep,15,15,15
2020-02-05 01:59:07.350000+00:00,dr02,cpumem-sub1,obt-collector1,0/1/CPU0,0,0,0,22337,sleep,15,15,15
2020-02-05 01:59:27.927000+00:00,dr02,cpumem-sub1,obt-collector1,0/RP0/CPU0,0,0,0,26670,sleep,1,1,1
2020-02-05 01:59:28.454000+00:00,dr02,cpumem-sub1,obt-collector1,0/0/CPU0,0,0,0,22383,sleep,15,15,15
2020-02-05 01:59:28.974000+00:00,dr02,cpumem-sub1,obt-collector1,0/1/CPU0,0,0,0,22337,sleep,15,15,15
2020-02-05 01:59:49.438000+00:00,dr02,cpumem-sub1,obt-collector1,0/RP0/CPU0,0,0,0,26670,sleep,1,1,1
2020-02-05 01:59:49.954000+00:00,dr02,cpumem-sub1,obt-collector1,0/0/CPU0,0,0,0,22383,sleep,15,15,15
2020-02-05 01:59:50.488000+00:00,dr02,cpumem-sub1,obt-collector1,0/1/CPU0,0,0,0,22339,sleep,15,15,15
2020-02-05 02:00:10.956000+00:00,dr02,cpumem-sub1,obt-collector1,0/RP0/CPU0,0,0,0,26682,sleep,1,1,1
2020-02-05 02:00:11.481000+00:00,dr02,cpumem-sub1,obt-collector1,0/0/CPU0,0,0,0,22383,sleep,15,15,15
2020-02-05 02:00:12.003000+00:00,dr02,cpumem-sub1,obt-collector1,0/1/CPU0,0,0,0,22339,sleep,15,15,15
2020-02-05 02:00:32.442000+00:00,dr02,cpumem-sub1,obt-collector1,0/RP0/CPU0,0,0,0,26682,sleep,1,1,1
2020-02-05 02:00:32.968000+00:00,dr02,cpumem-sub1,obt-collector1,0/0/CPU0,0,0,0,22385,sleep,15,15,15
2020-02-05 02:00:33.491000+00:00,dr02,cpumem-sub1,obt-collector1,0/1/CPU0,0,0,0,22339,sleep,15,15,15
2020-02-05 02:00:54.073000+00:00,dr02,cpumem-sub1,obt-collector1,0/RP0/CPU0,0,0,0,26682,sleep,1,1,1
2020-02-05 02:00:54.591000+00:00,dr02,cpumem-sub1,obt-collector1,0/0/CPU0,0,0,0,22385,sleep,15,15,15
2020-02-05 02:00:55.110000+00:00,dr02,cpumem-sub1,obt-collector1,0/1/CPU0,0,0,0,22355,sleep,15,15,15
2020-02-05 02:01:15.603000+00:00,dr02,cpumem-sub1,obt-collector1,0/RP0/CPU0,0,0,0,26709,sleep,1,1,1
2020-02-05 02:01:16.124000+00:00,dr02,cpumem-sub1,obt-collector1,0/0/CPU0,0,0,0,22385,sleep,15,15,15
2020-02-05 02:01:16.648000+00:00,dr02,cpumem-sub1,obt-collector1,0/1/CPU0,0,0,0,22355,sleep,15,15,15
2020-02-05 02:01:37.116000+00:00,dr02,cpumem-sub1,obt-collector1,0/RP0/CPU0,0,0,0,26709,sleep,1,1,1
2020-02-05 02:01:37.640000+00:00,dr02,cpumem-sub1,obt-collector1,0/0/CPU0,0,0,0,22401,sleep,15,15,15
2020-02-05 02:01:38.166000+00:00,dr02,cpumem-sub1,obt-collector1,0/1/CPU0,0,0,0,22355,sleep,15,15,15
2020-02-05 02:01:58.664000+00:00,dr02,cpumem-sub1,obt-collector1,0/RP0/CPU0,0,0,0,26709,sleep,1,1,1
2020-02-05 02:01:59.184000+00:00,dr02,cpumem-sub1,obt-collector1,0/0/CPU0,0,0,0,22401,sleep,15,15,15
2020-02-05 02:01:59.708000+00:00,dr02,cpumem-sub1,obt-collector1,0/1/CPU0,0,0,0,22357,sleep,15,15,15
2020-02-05 02:02:20.509000+00:00,dr02,cpumem-sub1,obt-collector1,0/RP0/CPU0,0,0,0,26716,sleep,1,1,1
2020-02-05 02:02:21.030000+00:00,dr02,cpumem-sub1,obt-collector1,0/0/CPU0,0,0,0,22401,sleep,15,15,15
2020-02-05 02:02:21.549000+00:00,dr02,cpumem-sub1,obt-collector1,0/1/CPU0,0,0,0,22357,sleep,15,15,15
2020-02-05 02:02:41.999000+00:00,dr02,cpumem-sub1,obt-collector1,0/RP0/CPU0,0,0,0,26716,sleep,1,1,1
2020-02-05 02:02:42.519000+00:00,dr02,cpumem-sub1,obt-collector1,0/0/CPU0,0,0,0,22403,sleep,15,15,15
2020-02-05 02:02:43.041000+00:00,dr02,cpumem-sub1,obt-collector1,0/1/CPU0,0,0,0,22357,sleep,15,15,15
2020-02-05 02:03:03.506000+00:00,dr02,cpumem-sub1,obt-collector1,0/RP0/CPU0,0,0,0,26716,sleep,1,1,1
2020-02-05 02:03:04.042000+00:00,dr02,cpumem-sub1,obt-collector1,0/0/CPU0,0,0,0,22403,sleep,15,15,15
2020-02-05 02:03:04.554000+00:00,dr02,cpumem-sub1,obt-collector1,0/1/CPU0,0,0,0,22359,sleep,15,15,15
2020-02-05 02:03:25.239000+00:00,dr02,cpumem-sub1,obt-collector1,0/RP0/CPU0,0,0,0,26724,sleep,1,1,1
2020-02-05 02:03:26.618000+00:00,dr02,cpumem-sub1,obt-collector1,0/0/CPU0,0,0,0,22405,sleep,15,15,15
2020-02-05 02:03:27.140000+00:00,dr02,cpumem-sub1,obt-collector1,0/1/CPU0,0,0,0,22359,sleep,15,15,15
2020-02-05 02:03:47.679000+00:00,dr02,cpumem-sub1,obt-collector1,0/RP0/CPU0,0,0,0,26724,sleep,1,1,1
2020-02-05 02:03:48.205000+00:00,dr02,cpumem-sub1,obt-collector1,0/0/CPU0,0,0,0,22405,sleep,15,15,15
2020-02-05 02:03:48.726000+00:00,dr02,cpumem-sub1,obt-collector1,0/1/CPU0,0,0,0,22359,sleep,15,15,15
2020-02-05 02:04:09.180000+00:00,dr02,cpumem-sub1,obt-collector1,0/RP0/CPU0,0,0,0,26724,sleep,1,1,1
2020-02-05 02:04:09.697000+00:00,dr02,cpumem-sub1,obt-collector1,0/0/CPU0,0,0,0,22405,sleep,15,15,15
2020-02-05 02:04:10.227000+00:00,dr02,cpumem-sub1,obt-collector1,0/1/CPU0,0,0,0,22360,sleep,15,15,15
2020-02-05 02:04:30.737000+00:00,dr02,cpumem-sub1,obt-collector1,0/RP0/CPU0,0,0,0,26735,sleep,1,1,1
2020-02-05 02:04:31.247000+00:00,dr02,cpumem-sub1,obt-collector1,0/0/CPU0,0,0,0,22406,sleep,15,15,15
2020-02-05 02:04:31.771000+00:00,dr02,cpumem-sub1,obt-collector1,0/1/CPU0,0,0,0,22360,sleep,15,15,15
2020-02-05 02:04:52.241000+00:00,dr02,cpumem-sub1,obt-collector1,0/RP0/CPU0,0,0,0,26735,sleep,1,1,1
2020-02-05 02:04:52.762000+00:00,dr02,cpumem-sub1,obt-collector1,0/0/CPU0,0,0,0,22406,sleep,15,15,15
2020-02-05 02:04:53.284000+00:00,dr02,cpumem-sub1,obt-collector1,0/1/CPU0,0,0,0,22362,sleep,15,15,15
2020-02-05 02:05:13.750000+00:00,dr02,cpumem-sub1,obt-collector1,0/RP0/CPU0,0,0,0,26743,sleep,1,1,1
2020-02-05 02:05:14.272000+00:00,dr02,cpumem-sub1,obt-collector1,0/0/CPU0,0,0,0,22406,sleep,15,15,15
2020-02-05 02:05:14.783000+00:00,dr02,cpumem-sub1,obt-collector1,0/1/CPU0,0,0,0,22362,sleep,15,15,15
2020-02-05 02:05:35.274000+00:00,dr02,cpumem-sub1,obt-collector1,0/RP0/CPU0,0,0,0,26743,sleep,1,1,1
2020-02-05 02:05:35.801000+00:00,dr02,cpumem-sub1,obt-collector1,0/0/CPU0,0,0,0,22412,sleep,15,15,16
2020-02-05 02:05:36.318000+00:00,dr02,cpumem-sub1,obt-collector1,0/1/CPU0,0,0,0,22362,sleep,15,15,15
2020-02-05 02:05:56.872000+00:00,dr02,cpumem-sub1,obt-collector1,0/RP0/CPU0,0,0,0,26743,sleep,1,1,1
2020-02-05 02:05:57.400000+00:00,dr02,cpumem-sub1,obt-collector1,0/0/CPU0,0,0,0,22412,sleep,15,15,16
2020-02-05 02:05:57.919000+00:00,dr02,cpumem-sub1,obt-collector1,0/1/CPU0,0,0,0,22383,sleep,15,15,15
2020-02-05 02:06:18.396000+00:00,dr02,cpumem-sub1,obt-collector1,0/RP0/CPU0,0,0,0,26770,sleep,1,1,1
2020-02-05 02:06:18.913000+00:00,dr02,cpumem-sub1,obt-collector1,0/0/CPU0,0,0,0,22412,sleep,15,15,16
2020-02-05 02:06:19.436000+00:00,dr02,cpumem-sub1,obt-collector1,0/1/CPU0,0,0,0,22383,sleep,15,15,15
2020-02-05 02:06:39.965000+00:00,dr02,cpumem-sub1,obt-collector1,0/RP0/CPU0,0,0,0,26770,sleep,1,1,1
2020-02-05 02:06:40.483000+00:00,dr02,cpumem-sub1,obt-collector1,0/0/CPU0,0,0,0,22429,sleep,15,15,15
2020-02-05 02:06:41.007000+00:00,dr02,cpumem-sub1,obt-collector1,0/1/CPU0,0,0,0,22383,sleep,15,15,15
2020-02-05 02:07:01.556000+00:00,dr02,cpumem-sub1,obt-collector1,0/RP0/CPU0,0,0,0,26770,sleep,1,1,1
2020-02-05 02:07:02.078000+00:00,dr02,cpumem-sub1,obt-collector1,0/0/CPU0,0,0,0,22429,sleep,15,15,15
2020-02-05 02:07:02.600000+00:00,dr02,cpumem-sub1,obt-collector1,0/1/CPU0,0,0,0,22384,sleep,15,14,14
2020-02-05 02:07:23.227000+00:00,dr02,cpumem-sub1,obt-collector1,0/RP0/CPU0,0,0,0,26777,sleep,1,1,1
2020-02-05 02:07:23.743000+00:00,dr02,cpumem-sub1,obt-collector1,0/0/CPU0,0,0,0,22429,sleep,15,15,15
2020-02-05 02:07:24.262000+00:00,dr02,cpumem-sub1,obt-collector1,0/1/CPU0,0,0,0,22384,sleep,15,14,14
2020-02-05 02:07:44.782000+00:00,dr02,cpumem-sub1,obt-collector1,0/RP0/CPU0,0,0,0,26777,sleep,1,1,1
2020-02-05 02:07:45.300000+00:00,dr02,cpumem-sub1,obt-collector1,0/0/CPU0,0,0,0,22430,sleep,15,15,15
2020-02-05 02:07:45.816000+00:00,dr02,cpumem-sub1,obt-collector1,0/1/CPU0,0,0,0,22384,sleep,15,14,14
2020-02-05 02:08:06.274000+00:00,dr02,cpumem-sub1,obt-collector1,0/RP0/CPU0,0,0,0,26777,sleep,1,1,1
2020-02-05 02:08:06.797000+00:00,dr02,cpumem-sub1,obt-collector1,0/0/CPU0,0,0,0,22430,sleep,15,15,15
2020-02-05 02:08:07.324000+00:00,dr02,cpumem-sub1,obt-collector1,0/1/CPU0,0,0,0,22386,sleep,15,14,15
2020-02-05 02:08:27.820000+00:00,dr02,cpumem-sub1,obt-collector1,0/RP0/CPU0,0,0,0,26789,sleep,1,1,1
2020-02-05 02:08:28.339000+00:00,dr02,cpumem-sub1,obt-collector1,0/0/CPU0,0,0,0,22430,sleep,15,15,15
2020-02-05 02:08:28.850000+00:00,dr02,cpumem-sub1,obt-collector1,0/1/CPU0,0,0,0,22386,sleep,15,14,15
2020-02-05 02:08:49.318000+00:00,dr02,cpumem-sub1,obt-collector1,0/RP0/CPU0,0,0,0,26789,sleep,1,1,1
2020-02-05 02:08:49.841000+00:00,dr02,cpumem-sub1,obt-collector1,0/0/CPU0,0,0,0,22432,sleep,15,15,15
2020-02-05 02:08:50.382000+00:00,dr02,cpumem-sub1,obt-collector1,0/1/CPU0,0,0,0,22386,sleep,15,14,15
2020-02-05 02:09:10.819000+00:00,dr02,cpumem-sub1,obt-collector1,0/RP0/CPU0,0,0,0,26789,sleep,1,1,1
2020-02-05 02:09:11.331000+00:00,dr02,cpumem-sub1,obt-collector1,0/0/CPU0,0,0,0,22432,sleep,15,15,15
2020-02-05 02:09:11.885000+00:00,dr02,cpumem-sub1,obt-collector1,0/1/CPU0,0,0,0,22387,sleep,15,14,15
2020-02-05 02:09:32.357000+00:00,dr02,cpumem-sub1,obt-collector1,0/RP0/CPU0,0,0,0,26823,sleep,1,1,1
2020-02-05 02:09:32.878000+00:00,dr02,cpumem-sub1,obt-collector1,0/0/CPU0,0,0,0,22432,sleep,15,15,15
2020-02-05 02:09:33.404000+00:00,dr02,cpumem-sub1,obt-collector1,0/1/CPU0,0,0,0,22387,sleep,15,14,15
2020-02-05 02:09:53.941000+00:00,dr02,cpumem-sub1,obt-collector1,0/RP0/CPU0,0,0,0,26823,sleep,1,1,1
2020-02-05 02:09:54.462000+00:00,dr02,cpumem-sub1,obt-collector1,0/0/CPU0,0,0,0,22433,sleep,15,15,15
2020-02-05 02:09:54.987000+00:00,dr02,cpumem-sub1,obt-collector1,0/1/CPU0,0,0,0,22387,sleep,15,14,15
2020-02-05 02:10:15.465000+00:00,dr02,cpumem-sub1,obt-collector1,0/RP0/CPU0,0,0,0,26823,sleep,1,1,1
2020-02-05 02:10:15.985000+00:00,dr02,cpumem-sub1,obt-collector1,0/0/CPU0,0,0,0,22433,sleep,15,15,15
2020-02-05 02:10:16.509000+00:00,dr02,cpumem-sub1,obt-collector1,0/1/CPU0,0,0,0,22389,sleep,15,15,16
