,EncodingPath,Producer,acl-in-rpf-packets,checksum-error-packets,df-unreachable-packets,discard-packets,encapsulation-failure-packets,fragmenation-consumed-packets,fragmenation-failure-packets,gre-error-drop,gre-lookup-failed-drop,incomplete-adjacency-packets,lisp-decap-error-drops,lisp-encap-error-drops,lisp-punt-drops,mpls-disabled-interface,multi-label-drops,no-route-packets,node-name,null-packets,punt-unreachable-packets,rp-destination-drop-packets,rpf-check-failure-packets,total-number-of-drop-packets,unresolved-prefix-packets,unsupported-feature-packets

2020-02-06 13:19:44.126000+00:00,Cisco-IOS-XR-fib-common-oper:fib-statistics/nodes/node/drops,leaf7,0,0,0,0,0,0,0,0,0,2120,0,0,0,0,0,121,0/0/CPU0,0,0,0,0,0,0,0

2020-02-06 13:19:44.127000+00:00,Cisco-IOS-XR-fib-common-oper:fib-statistics/nodes/node/drops,leaf7,0,0,0,0,0,0,0,0,0,0,0,0,0,0,0,12,0/RP0/CPU0,0,0,0,0,0,0,0

2020-02-06 13:20:04.770000+00:00,Cisco-IOS-XR-fib-common-oper:fib-statistics/nodes/node/drops,leaf7,0,0,0,0,0,0,0,0,0,2120,0,0,0,0,0,121,0/0/CPU0,0,0,0,0,0,0,0

2020-02-06 13:20:04.772000+00:00,Cisco-IOS-XR-fib-common-oper:fib-statistics/nodes/node/drops,leaf7,0,0,0,0,0,0,0,0,0,0,0,0,0,0,0,12,0/RP0/CPU0,0,0,0,0,0,0,0

2020-02-06 13:20:55.814000+00:00,Cisco-IOS-XR-fib-common-oper:fib-statistics/nodes/node/drops,leaf7,0,0,0,0,0,0,0,0,0,2120,0,0,0,0,0,121,0/0/CPU0,0,0,0,0,0,0,0

2020-02-06 13:20:55.815000+00:00,Cisco-IOS-XR-fib-common-oper:fib-statistics/nodes/node/drops,leaf7,0,0,0,0,0,0,0,0,0,0,0,0,0,0,0,12,0/RP0/CPU0,0,0,0,0,0,0,0

2020-02-06 13:21:16.466000+00:00,Cisco-IOS-XR-fib-common-oper:fib-statistics/nodes/node/drops,leaf7,0,0,0,0,0,0,0,0,0,2120,0,0,0,0,0,121,0/0/CPU0,0,0,0,0,0,0,0

2020-02-06 13:21:16.468000+00:00,Cisco-IOS-XR-fib-common-oper:fib-statistics/nodes/node/drops,leaf7,0,0,0,0,0,0,0,0,0,0,0,0,0,0,0,12,0/RP0/CPU0,0,0,0,0,0,0,0

2020-02-06 13:21:37.115000+00:00,Cisco-IOS-XR-fib-common-oper:fib-statistics/nodes/node/drops,leaf7,0,0,0,0,0,0,0,0,0,2120,0,0,0,0,0,121,0/0/CPU0,0,0,0,0,0,0,0

2020-02-06 13:21:37.116000+00:00,Cisco-IOS-XR-fib-common-oper:fib-statistics/nodes/node/drops,leaf7,0,0,0,0,0,0,0,0,0,0,0,0,0,0,0,12,0/RP0/CPU0,0,0,0,0,0,0,0

2020-02-06 13:22:28.176000+00:00,Cisco-IOS-XR-fib-common-oper:fib-statistics/nodes/node/drops,leaf7,0,0,0,0,0,0,0,0,0,2120,0,0,0,0,0,121,0/0/CPU0,0,0,0,0,0,0,0

2020-02-06 13:22:28.178000+00:00,Cisco-IOS-XR-fib-common-oper:fib-statistics/nodes/node/drops,leaf7,0,0,0,0,0,0,0,0,0,0,0,0,0,0,0,12,0/RP0/CPU0,0,0,0,0,0,0,0

2020-02-06 13:22:48.839000+00:00,Cisco-IOS-XR-fib-common-oper:fib-statistics/nodes/node/drops,leaf7,0,0,0,0,0,0,0,0,0,2120,0,0,0,0,0,121,0/0/CPU0,0,0,0,0,0,0,0

2020-02-06 13:22:48.841000+00:00,Cisco-IOS-XR-fib-common-oper:fib-statistics/nodes/node/drops,leaf7,0,0,0,0,0,0,0,0,0,0,0,0,0,0,0,12,0/RP0/CPU0,0,0,0,0,0,0,0

2020-02-06 13:23:09.489000+00:00,Cisco-IOS-XR-fib-common-oper:fib-statistics/nodes/node/drops,leaf7,0,0,0,0,0,0,0,0,0,2120,0,0,0,0,0,121,0/0/CPU0,0,0,0,0,0,0,0

2020-02-06 13:23:09.490000+00:00,Cisco-IOS-XR-fib-common-oper:fib-statistics/nodes/node/drops,leaf7,0,0,0,0,0,0,0,0,0,0,0,0,0,0,0,12,0/RP0/CPU0,0,0,0,0,0,0,0

2020-02-06 13:24:00.559000+00:00,Cisco-IOS-XR-fib-common-oper:fib-statistics/nodes/node/drops,leaf7,0,0,0,0,0,0,0,0,0,2120,0,0,0,0,0,121,0/0/CPU0,0,0,0,0,0,0,0

2020-02-06 13:24:00.560000+00:00,Cisco-IOS-XR-fib-common-oper:fib-statistics/nodes/node/drops,leaf7,0,0,0,0,0,0,0,0,0,0,0,0,0,0,0,12,0/RP0/CPU0,0,0,0,0,0,0,0

2020-02-06 13:24:21.199000+00:00,Cisco-IOS-XR-fib-common-oper:fib-statistics/nodes/node/drops,leaf7,0,0,0,0,0,0,0,0,0,2120,0,0,0,0,0,121,0/0/CPU0,0,0,0,0,0,0,0

2020-02-06 13:24:21.201000+00:00,Cisco-IOS-XR-fib-common-oper:fib-statistics/nodes/node/drops,leaf7,0,0,0,0,0,0,0,0,0,0,0,0,0,0,0,12,0/RP0/CPU0,0,0,0,0,0,0,0

2020-02-06 13:24:41.848000+00:00,Cisco-IOS-XR-fib-common-oper:fib-statistics/nodes/node/drops,leaf7,0,0,0,0,0,0,0,0,0,2120,0,0,0,0,0,121,0/0/CPU0,0,0,0,0,0,0,0

2020-02-06 13:24:41.850000+00:00,Cisco-IOS-XR-fib-common-oper:fib-statistics/nodes/node/drops,leaf7,0,0,0,0,0,0,0,0,0,0,0,0,0,0,0,12,0/RP0/CPU0,0,0,0,0,0,0,0

2020-02-06 13:25:32.911000+00:00,Cisco-IOS-XR-fib-common-oper:fib-statistics/nodes/node/drops,leaf7,0,0,0,0,0,0,0,0,0,2120,0,0,0,0,0,121,0/0/CPU0,0,0,0,0,0,0,0

2020-02-06 13:25:32.913000+00:00,Cisco-IOS-XR-fib-common-oper:fib-statistics/nodes/node/drops,leaf7,0,0,0,0,0,0,0,0,0,0,0,0,0,0,0,12,0/RP0/CPU0,0,0,0,0,0,0,0

2020-02-06 13:25:53.569000+00:00,Cisco-IOS-XR-fib-common-oper:fib-statistics/nodes/node/drops,leaf7,0,0,0,0,0,0,0,0,0,2120,0,0,0,0,0,121,0/0/CPU0,0,0,0,0,0,0,0

2020-02-06 13:25:53.570000+00:00,Cisco-IOS-XR-fib-common-oper:fib-statistics/nodes/node/drops,leaf7,0,0,0,0,0,0,0,0,0,0,0,0,0,0,0,12,0/RP0/CPU0,0,0,0,0,0,0,0

2020-02-06 13:26:14.464000+00:00,Cisco-IOS-XR-fib-common-oper:fib-statistics/nodes/node/drops,leaf7,0,0,0,0,0,0,0,0,0,2120,0,0,0,0,0,121,0/0/CPU0,0,0,0,0,0,0,0

2020-02-06 13:26:14.465000+00:00,Cisco-IOS-XR-fib-common-oper:fib-statistics/nodes/node/drops,leaf7,0,0,0,0,0,0,0,0,0,0,0,0,0,0,0,12,0/RP0/CPU0,0,0,0,0,0,0,0

2020-02-06 13:27:05.535000+00:00,Cisco-IOS-XR-fib-common-oper:fib-statistics/nodes/node/drops,leaf7,0,0,0,0,0,0,0,0,0,2120,0,0,0,0,0,121,0/0/CPU0,0,0,0,0,0,0,0

2020-02-06 13:27:05.537000+00:00,Cisco-IOS-XR-fib-common-oper:fib-statistics/nodes/node/drops,leaf7,0,0,0,0,0,0,0,0,0,0,0,0,0,0,0,12,0/RP0/CPU0,0,0,0,0,0,0,0

2020-02-06 13:27:26.178000+00:00,Cisco-IOS-XR-fib-common-oper:fib-statistics/nodes/node/drops,leaf7,0,0,0,0,0,0,0,0,0,2120,0,0,0,0,0,121,0/0/CPU0,0,0,0,0,0,0,0

2020-02-06 13:27:26.180000+00:00,Cisco-IOS-XR-fib-common-oper:fib-statistics/nodes/node/drops,leaf7,0,0,0,0,0,0,0,0,0,0,0,0,0,0,0,12,0/RP0/CPU0,0,0,0,0,0,0,0

2020-02-06 13:27:46.816000+00:00,Cisco-IOS-XR-fib-common-oper:fib-statistics/nodes/node/drops,leaf7,0,0,0,0,0,0,0,0,0,2120,0,0,0,0,0,121,0/0/CPU0,0,0,0,0,0,0,0

2020-02-06 13:27:46.817000+00:00,Cisco-IOS-XR-fib-common-oper:fib-statistics/nodes/node/drops,leaf7,0,0,0,0,0,0,0,0,0,0,0,0,0,0,0,12,0/RP0/CPU0,0,0,0,0,0,0,0

2020-02-06 13:28:37.877000+00:00,Cisco-IOS-XR-fib-common-oper:fib-statistics/nodes/node/drops,leaf7,0,0,0,0,0,0,0,0,0,2120,0,0,0,0,0,121,0/0/CPU0,0,0,0,0,0,0,0

2020-02-06 13:28:37.878000+00:00,Cisco-IOS-XR-fib-common-oper:fib-statistics/nodes/node/drops,leaf7,0,0,0,0,0,0,0,0,0,0,0,0,0,0,0,12,0/RP0/CPU0,0,0,0,0,0,0,0

2020-02-06 13:28:58.519000+00:00,Cisco-IOS-XR-fib-common-oper:fib-statistics/nodes/node/drops,leaf7,0,0,0,0,0,0,0,0,0,2120,0,0,0,0,0,121,0/0/CPU0,0,0,0,0,0,0,0

2020-02-06 13:28:58.521000+00:00,Cisco-IOS-XR-fib-common-oper:fib-statistics/nodes/node/drops,leaf7,0,0,0,0,0,0,0,0,0,0,0,0,0,0,0,12,0/RP0/CPU0,0,0,0,0,0,0,0

2020-02-06 13:29:19.159000+00:00,Cisco-IOS-XR-fib-common-oper:fib-statistics/nodes/node/drops,leaf7,0,0,0,0,0,0,0,0,0,2120,0,0,0,0,0,121,0/0/CPU0,0,0,0,0,0,0,0

2020-02-06 13:29:19.161000+00:00,Cisco-IOS-XR-fib-common-oper:fib-statistics/nodes/node/drops,leaf7,0,0,0,0,0,0,0,0,0,0,0,0,0,0,0,12,0/RP0/CPU0,0,0,0,0,0,0,0

2020-02-06 13:30:10.232000+00:00,Cisco-IOS-XR-fib-common-oper:fib-statistics/nodes/node/drops,leaf7,0,0,0,0,0,0,0,0,0,2120,0,0,0,0,0,121,0/0/CPU0,0,0,0,0,0,0,0

2020-02-06 13:30:10.233000+00:00,Cisco-IOS-XR-fib-common-oper:fib-statistics/nodes/node/drops,leaf7,0,0,0,0,0,0,0,0,0,0,0,0,0,0,0,12,0/RP0/CPU0,0,0,0,0,0,0,0

2020-02-06 13:30:30.874000+00:00,Cisco-IOS-XR-fib-common-oper:fib-statistics/nodes/node/drops,leaf7,0,0,0,0,0,0,0,0,0,2120,0,0,0,0,0,121,0/0/CPU0,0,0,0,0,0,0,0

2020-02-06 13:30:30.875000+00:00,Cisco-IOS-XR-fib-common-oper:fib-statistics/nodes/node/drops,leaf7,0,0,0,0,0,0,0,0,0,0,0,0,0,0,0,12,0/RP0/CPU0,0,0,0,0,0,0,0

2020-02-06 13:30:51.510000+00:00,Cisco-IOS-XR-fib-common-oper:fib-statistics/nodes/node/drops,leaf7,0,0,0,0,0,0,0,0,0,2120,0,0,0,0,0,121,0/0/CPU0,0,0,0,0,0,0,0

2020-02-06 13:30:51.511000+00:00,Cisco-IOS-XR-fib-common-oper:fib-statistics/nodes/node/drops,leaf7,0,0,0,0,0,0,0,0,0,0,0,0,0,0,0,12,0/RP0/CPU0,0,0,0,0,0,0,0

2020-02-06 13:31:42.584000+00:00,Cisco-IOS-XR-fib-common-oper:fib-statistics/nodes/node/drops,leaf7,0,0,0,0,0,0,0,0,0,2120,0,0,0,0,0,121,0/0/CPU0,0,0,0,0,0,0,0

2020-02-06 13:31:42.585000+00:00,Cisco-IOS-XR-fib-common-oper:fib-statistics/nodes/node/drops,leaf7,0,0,0,0,0,0,0,0,0,0,0,0,0,0,0,12,0/RP0/CPU0,0,0,0,0,0,0,0

2020-02-06 13:32:03.223000+00:00,Cisco-IOS-XR-fib-common-oper:fib-statistics/nodes/node/drops,leaf7,0,0,0,0,0,0,0,0,0,2120,0,0,0,0,0,121,0/0/CPU0,0,0,0,0,0,0,0

2020-02-06 13:32:03.224000+00:00,Cisco-IOS-XR-fib-common-oper:fib-statistics/nodes/node/drops,leaf7,0,0,0,0,0,0,0,0,0,0,0,0,0,0,0,12,0/RP0/CPU0,0,0,0,0,0,0,0

2020-02-06 13:32:23.872000+00:00,Cisco-IOS-XR-fib-common-oper:fib-statistics/nodes/node/drops,leaf7,0,0,0,0,0,0,0,0,0,2120,0,0,0,0,0,121,0/0/CPU0,0,0,0,0,0,0,0

2020-02-06 13:32:23.873000+00:00,Cisco-IOS-XR-fib-common-oper:fib-statistics/nodes/node/drops,leaf7,0,0,0,0,0,0,0,0,0,0,0,0,0,0,0,12,0/RP0/CPU0,0,0,0,0,0,0,0

2020-02-06 13:33:14.931000+00:00,Cisco-IOS-XR-fib-common-oper:fib-statistics/nodes/node/drops,leaf7,0,0,0,0,0,0,0,0,0,2120,0,0,0,0,0,121,0/0/CPU0,0,0,0,0,0,0,0

2020-02-06 13:33:14.933000+00:00,Cisco-IOS-XR-fib-common-oper:fib-statistics/nodes/node/drops,leaf7,0,0,0,0,0,0,0,0,0,0,0,0,0,0,0,12,0/RP0/CPU0,0,0,0,0,0,0,0

2020-02-06 13:33:35.577000+00:00,Cisco-IOS-XR-fib-common-oper:fib-statistics/nodes/node/drops,leaf7,0,0,0,0,0,0,0,0,0,2120,0,0,0,0,0,121,0/0/CPU0,0,0,0,0,0,0,0

2020-02-06 13:33:35.578000+00:00,Cisco-IOS-XR-fib-common-oper:fib-statistics/nodes/node/drops,leaf7,0,0,0,0,0,0,0,0,0,0,0,0,0,0,0,12,0/RP0/CPU0,0,0,0,0,0,0,0

2020-02-06 13:33:56.220000+00:00,Cisco-IOS-XR-fib-common-oper:fib-statistics/nodes/node/drops,leaf7,0,0,0,0,0,0,0,0,0,2120,0,0,0,0,0,121,0/0/CPU0,0,0,0,0,0,0,0

2020-02-06 13:33:56.221000+00:00,Cisco-IOS-XR-fib-common-oper:fib-statistics/nodes/node/drops,leaf7,0,0,0,0,0,0,0,0,0,0,0,0,0,0,0,12,0/RP0/CPU0,0,0,0,0,0,0,0

2020-02-06 13:34:47.290000+00:00,Cisco-IOS-XR-fib-common-oper:fib-statistics/nodes/node/drops,leaf7,0,0,0,0,0,0,0,0,0,2120,0,0,0,0,0,121,0/0/CPU0,0,0,0,0,0,0,0

2020-02-06 13:34:47.291000+00:00,Cisco-IOS-XR-fib-common-oper:fib-statistics/nodes/node/drops,leaf7,0,0,0,0,0,0,0,0,0,0,0,0,0,0,0,12,0/RP0/CPU0,0,0,0,0,0,0,0

2020-02-06 13:35:07.933000+00:00,Cisco-IOS-XR-fib-common-oper:fib-statistics/nodes/node/drops,leaf7,0,0,0,0,0,0,0,0,0,2120,0,0,0,0,0,121,0/0/CPU0,0,0,0,0,0,0,0

2020-02-06 13:35:07.934000+00:00,Cisco-IOS-XR-fib-common-oper:fib-statistics/nodes/node/drops,leaf7,0,0,0,0,0,0,0,0,0,0,0,0,0,0,0,12,0/RP0/CPU0,0,0,0,0,0,0,0

2020-02-06 13:35:28.576000+00:00,Cisco-IOS-XR-fib-common-oper:fib-statistics/nodes/node/drops,leaf7,0,0,0,0,0,0,0,0,0,2120,0,0,0,0,0,121,0/0/CPU0,0,0,0,0,0,0,0

2020-02-06 13:35:28.577000+00:00,Cisco-IOS-XR-fib-common-oper:fib-statistics/nodes/node/drops,leaf7,0,0,0,0,0,0,0,0,0,0,0,0,0,0,0,12,0/RP0/CPU0,0,0,0,0,0,0,0

2020-02-06 13:36:19.637000+00:00,Cisco-IOS-XR-fib-common-oper:fib-statistics/nodes/node/drops,leaf7,0,0,0,0,0,0,0,0,0,2120,0,0,0,0,0,121,0/0/CPU0,0,0,0,0,0,0,0

2020-02-06 13:36:19.639000+00:00,Cisco-IOS-XR-fib-common-oper:fib-statistics/nodes/node/drops,leaf7,0,0,0,0,0,0,0,0,0,0,0,0,0,0,0,12,0/RP0/CPU0,0,0,0,0,0,0,0

2020-02-06 13:36:40.285000+00:00,Cisco-IOS-XR-fib-common-oper:fib-statistics/nodes/node/drops,leaf7,0,0,0,0,0,0,0,0,0,2120,0,0,0,0,0,121,0/0/CPU0,0,0,0,0,0,0,0

2020-02-06 13:36:40.286000+00:00,Cisco-IOS-XR-fib-common-oper:fib-statistics/nodes/node/drops,leaf7,0,0,0,0,0,0,0,0,0,0,0,0,0,0,0,12,0/RP0/CPU0,0,0,0,0,0,0,0

2020-02-06 13:37:00.933000+00:00,Cisco-IOS-XR-fib-common-oper:fib-statistics/nodes/node/drops,leaf7,0,0,0,0,0,0,0,0,0,2120,0,0,0,0,0,121,0/0/CPU0,0,0,0,0,0,0,0

2020-02-06 13:37:00.934000+00:00,Cisco-IOS-XR-fib-common-oper:fib-statistics/nodes/node/drops,leaf7,0,0,0,0,0,0,0,0,0,0,0,0,0,0,0,12,0/RP0/CPU0,0,0,0,0,0,0,0

2020-02-06 13:37:51.990000+00:00,Cisco-IOS-XR-fib-common-oper:fib-statistics/nodes/node/drops,leaf7,0,0,0,0,0,0,0,0,0,2120,0,0,0,0,0,121,0/0/CPU0,0,0,0,0,0,0,0

2020-02-06 13:37:51.992000+00:00,Cisco-IOS-XR-fib-common-oper:fib-statistics/nodes/node/drops,leaf7,0,0,0,0,0,0,0,0,0,0,0,0,0,0,0,12,0/RP0/CPU0,0,0,0,0,0,0,0

2020-02-06 13:38:12.642000+00:00,Cisco-IOS-XR-fib-common-oper:fib-statistics/nodes/node/drops,leaf7,0,0,0,0,0,0,0,0,0,2120,0,0,0,0,0,121,0/0/CPU0,0,0,0,0,0,0,0

2020-02-06 13:38:12.643000+00:00,Cisco-IOS-XR-fib-common-oper:fib-statistics/nodes/node/drops,leaf7,0,0,0,0,0,0,0,0,0,0,0,0,0,0,0,12,0/RP0/CPU0,0,0,0,0,0,0,0

2020-02-06 13:38:33.280000+00:00,Cisco-IOS-XR-fib-common-oper:fib-statistics/nodes/node/drops,leaf7,0,0,0,0,0,0,0,0,0,2120,0,0,0,0,0,121,0/0/CPU0,0,0,0,0,0,0,0

2020-02-06 13:38:33.281000+00:00,Cisco-IOS-XR-fib-common-oper:fib-statistics/nodes/node/drops,leaf7,0,0,0,0,0,0,0,0,0,0,0,0,0,0,0,12,0/RP0/CPU0,0,0,0,0,0,0,0

2020-02-06 13:39:24.344000+00:00,Cisco-IOS-XR-fib-common-oper:fib-statistics/nodes/node/drops,leaf7,0,0,0,0,0,0,0,0,0,2120,0,0,0,0,0,121,0/0/CPU0,0,0,0,0,0,0,0

2020-02-06 13:39:24.346000+00:00,Cisco-IOS-XR-fib-common-oper:fib-statistics/nodes/node/drops,leaf7,0,0,0,0,0,0,0,0,0,0,0,0,0,0,0,12,0/RP0/CPU0,0,0,0,0,0,0,0

2020-02-06 13:39:44.988000+00:00,Cisco-IOS-XR-fib-common-oper:fib-statistics/nodes/node/drops,leaf7,0,0,0,0,0,0,0,0,0,2120,0,0,0,0,0,121,0/0/CPU0,0,0,0,0,0,0,0

2020-02-06 13:39:44.989000+00:00,Cisco-IOS-XR-fib-common-oper:fib-statistics/nodes/node/drops,leaf7,0,0,0,0,0,0,0,0,0,0,0,0,0,0,0,12,0/RP0/CPU0,0,0,0,0,0,0,0

2020-02-06 13:40:05.638000+00:00,Cisco-IOS-XR-fib-common-oper:fib-statistics/nodes/node/drops,leaf7,0,0,0,0,0,0,0,0,0,2120,0,0,0,0,0,121,0/0/CPU0,0,0,0,0,0,0,0

2020-02-06 13:40:05.640000+00:00,Cisco-IOS-XR-fib-common-oper:fib-statistics/nodes/node/drops,leaf7,0,0,0,0,0,0,0,0,0,0,0,0,0,0,0,12,0/RP0/CPU0,0,0,0,0,0,0,0

