,Producer,Target,host,session-state/down-count,session-state/total-count,session-state/unknown-count,session-state/up-count

2020-02-06 13:19:48.831000+00:00,leaf7,wadjet-t-sg0,obt-collector1,1,23,0,22

2020-02-06 13:19:58.832000+00:00,leaf7,wadjet-t-sg0,obt-collector1,1,23,0,22

2020-02-06 13:20:08.831000+00:00,leaf7,wadjet-t-sg0,obt-collector1,1,23,0,22

2020-02-06 13:20:18.829000+00:00,leaf7,wadjet-t-sg0,obt-collector1,1,23,0,22

2020-02-06 13:20:28.831000+00:00,leaf7,wadjet-t-sg0,obt-collector1,1,23,0,22

2020-02-06 13:20:38.831000+00:00,leaf7,wadjet-t-sg0,obt-collector1,1,23,0,22

2020-02-06 13:20:48.829000+00:00,leaf7,wadjet-t-sg0,obt-collector1,1,23,0,22

2020-02-06 13:20:58.830000+00:00,leaf7,wadjet-t-sg0,obt-collector1,1,23,0,22

2020-02-06 13:21:08.829000+00:00,leaf7,wadjet-t-sg0,obt-collector1,1,23,0,22

2020-02-06 13:21:18.830000+00:00,leaf7,wadjet-t-sg0,obt-collector1,1,23,0,22

2020-02-06 13:21:28.830000+00:00,leaf7,wadjet-t-sg0,obt-collector1,1,23,0,22

2020-02-06 13:21:38.830000+00:00,leaf7,wadjet-t-sg0,obt-collector1,1,23,0,22

2020-02-06 13:21:48.831000+00:00,leaf7,wadjet-t-sg0,obt-collector1,1,23,0,22

2020-02-06 13:21:58.833000+00:00,leaf7,wadjet-t-sg0,obt-collector1,1,23,0,22

2020-02-06 13:22:08.832000+00:00,leaf7,wadjet-t-sg0,obt-collector1,1,23,0,22

2020-02-06 13:22:18.831000+00:00,leaf7,wadjet-t-sg0,obt-collector1,1,23,0,22

2020-02-06 13:22:28.829000+00:00,leaf7,wadjet-t-sg0,obt-collector1,1,23,0,22

2020-02-06 13:22:38.831000+00:00,leaf7,wadjet-t-sg0,obt-collector1,1,23,0,22

2020-02-06 13:22:48.833000+00:00,leaf7,wadjet-t-sg0,obt-collector1,1,23,0,22

2020-02-06 13:22:58.831000+00:00,leaf7,wadjet-t-sg0,obt-collector1,1,23,0,22

2020-02-06 13:23:08.832000+00:00,leaf7,wadjet-t-sg0,obt-collector1,1,23,0,22

2020-02-06 13:23:18.832000+00:00,leaf7,wadjet-t-sg0,obt-collector1,1,23,0,22

2020-02-06 13:23:28.833000+00:00,leaf7,wadjet-t-sg0,obt-collector1,1,23,0,22

2020-02-06 13:23:38.832000+00:00,leaf7,wadjet-t-sg0,obt-collector1,1,23,0,22

2020-02-06 13:23:48.833000+00:00,leaf7,wadjet-t-sg0,obt-collector1,1,23,0,22

2020-02-06 13:23:58.833000+00:00,leaf7,wadjet-t-sg0,obt-collector1,1,23,0,22

2020-02-06 13:24:08.832000+00:00,leaf7,wadjet-t-sg0,obt-collector1,1,23,0,22

2020-02-06 13:24:18.833000+00:00,leaf7,wadjet-t-sg0,obt-collector1,1,23,0,22

2020-02-06 13:24:28.832000+00:00,leaf7,wadjet-t-sg0,obt-collector1,1,23,0,22

2020-02-06 13:24:38.833000+00:00,leaf7,wadjet-t-sg0,obt-collector1,1,23,0,22

2020-02-06 13:24:48.834000+00:00,leaf7,wadjet-t-sg0,obt-collector1,1,23,0,22

2020-02-06 13:24:58.834000+00:00,leaf7,wadjet-t-sg0,obt-collector1,1,23,0,22

2020-02-06 13:25:08.833000+00:00,leaf7,wadjet-t-sg0,obt-collector1,1,23,0,22

2020-02-06 13:25:18.835000+00:00,leaf7,wadjet-t-sg0,obt-collector1,1,23,0,22

2020-02-06 13:25:28.834000+00:00,leaf7,wadjet-t-sg0,obt-collector1,1,23,0,22

2020-02-06 13:25:38.836000+00:00,leaf7,wadjet-t-sg0,obt-collector1,1,23,0,22

2020-02-06 13:25:48.835000+00:00,leaf7,wadjet-t-sg0,obt-collector1,1,23,0,22

2020-02-06 13:25:58.834000+00:00,leaf7,wadjet-t-sg0,obt-collector1,1,23,0,22

2020-02-06 13:26:08.834000+00:00,leaf7,wadjet-t-sg0,obt-collector1,1,23,0,22

2020-02-06 13:26:18.834000+00:00,leaf7,wadjet-t-sg0,obt-collector1,1,23,0,22

2020-02-06 13:26:28.835000+00:00,leaf7,wadjet-t-sg0,obt-collector1,1,23,0,22

2020-02-06 13:26:38.835000+00:00,leaf7,wadjet-t-sg0,obt-collector1,1,23,0,22

2020-02-06 13:26:48.835000+00:00,leaf7,wadjet-t-sg0,obt-collector1,1,23,0,22

2020-02-06 13:26:58.836000+00:00,leaf7,wadjet-t-sg0,obt-collector1,1,23,0,22

2020-02-06 13:27:08.835000+00:00,leaf7,wadjet-t-sg0,obt-collector1,1,23,0,22

2020-02-06 13:27:18.835000+00:00,leaf7,wadjet-t-sg0,obt-collector1,1,23,0,22

2020-02-06 13:27:28.836000+00:00,leaf7,wadjet-t-sg0,obt-collector1,1,23,0,22

2020-02-06 13:27:38.837000+00:00,leaf7,wadjet-t-sg0,obt-collector1,1,23,0,22

2020-02-06 13:27:48.835000+00:00,leaf7,wadjet-t-sg0,obt-collector1,1,23,0,22

2020-02-06 13:27:58.838000+00:00,leaf7,wadjet-t-sg0,obt-collector1,1,23,0,22

2020-02-06 13:28:08.836000+00:00,leaf7,wadjet-t-sg0,obt-collector1,1,23,0,22

2020-02-06 13:28:18.839000+00:00,leaf7,wadjet-t-sg0,obt-collector1,1,23,0,22

2020-02-06 13:28:28.838000+00:00,leaf7,wadjet-t-sg0,obt-collector1,1,23,0,22

2020-02-06 13:28:38.838000+00:00,leaf7,wadjet-t-sg0,obt-collector1,1,23,0,22

2020-02-06 13:28:48.839000+00:00,leaf7,wadjet-t-sg0,obt-collector1,1,23,0,22

2020-02-06 13:28:58.847000+00:00,leaf7,wadjet-t-sg0,obt-collector1,1,23,0,22

2020-02-06 13:29:08.838000+00:00,leaf7,wadjet-t-sg0,obt-collector1,1,23,0,22

2020-02-06 13:29:18.839000+00:00,leaf7,wadjet-t-sg0,obt-collector1,1,23,0,22

2020-02-06 13:29:28.840000+00:00,leaf7,wadjet-t-sg0,obt-collector1,1,23,0,22

2020-02-06 13:29:38.839000+00:00,leaf7,wadjet-t-sg0,obt-collector1,1,23,0,22

2020-02-06 13:29:48.841000+00:00,leaf7,wadjet-t-sg0,obt-collector1,1,23,0,22

2020-02-06 13:29:58.841000+00:00,leaf7,wadjet-t-sg0,obt-collector1,1,23,0,22

2020-02-06 13:30:08.841000+00:00,leaf7,wadjet-t-sg0,obt-collector1,1,23,0,22

2020-02-06 13:30:18.841000+00:00,leaf7,wadjet-t-sg0,obt-collector1,1,23,0,22

2020-02-06 13:30:28.841000+00:00,leaf7,wadjet-t-sg0,obt-collector1,1,23,0,22

2020-02-06 13:30:38.841000+00:00,leaf7,wadjet-t-sg0,obt-collector1,1,23,0,22

2020-02-06 13:30:48.842000+00:00,leaf7,wadjet-t-sg0,obt-collector1,1,23,0,22

2020-02-06 13:30:58.841000+00:00,leaf7,wadjet-t-sg0,obt-collector1,1,23,0,22

2020-02-06 13:31:08.841000+00:00,leaf7,wadjet-t-sg0,obt-collector1,1,23,0,22

2020-02-06 13:31:18.843000+00:00,leaf7,wadjet-t-sg0,obt-collector1,1,23,0,22

2020-02-06 13:31:28.841000+00:00,leaf7,wadjet-t-sg0,obt-collector1,1,23,0,22

2020-02-06 13:31:38.843000+00:00,leaf7,wadjet-t-sg0,obt-collector1,1,23,0,22

2020-02-06 13:31:48.842000+00:00,leaf7,wadjet-t-sg0,obt-collector1,1,23,0,22

2020-02-06 13:31:58.843000+00:00,leaf7,wadjet-t-sg0,obt-collector1,1,23,0,22

2020-02-06 13:32:08.842000+00:00,leaf7,wadjet-t-sg0,obt-collector1,1,23,0,22

2020-02-06 13:32:18.844000+00:00,leaf7,wadjet-t-sg0,obt-collector1,1,23,0,22

2020-02-06 13:32:28.842000+00:00,leaf7,wadjet-t-sg0,obt-collector1,1,23,0,22

2020-02-06 13:32:38.842000+00:00,leaf7,wadjet-t-sg0,obt-collector1,1,23,0,22

2020-02-06 13:32:48.845000+00:00,leaf7,wadjet-t-sg0,obt-collector1,1,23,0,22

2020-02-06 13:32:58.843000+00:00,leaf7,wadjet-t-sg0,obt-collector1,1,23,0,22

2020-02-06 13:33:08.844000+00:00,leaf7,wadjet-t-sg0,obt-collector1,1,23,0,22

2020-02-06 13:33:18.844000+00:00,leaf7,wadjet-t-sg0,obt-collector1,1,23,0,22

2020-02-06 13:33:28.854000+00:00,leaf7,wadjet-t-sg0,obt-collector1,1,23,0,22

2020-02-06 13:33:38.843000+00:00,leaf7,wadjet-t-sg0,obt-collector1,1,23,0,22

2020-02-06 13:33:48.844000+00:00,leaf7,wadjet-t-sg0,obt-collector1,1,23,0,22

2020-02-06 13:33:58.844000+00:00,leaf7,wadjet-t-sg0,obt-collector1,1,23,0,22

2020-02-06 13:34:08.844000+00:00,leaf7,wadjet-t-sg0,obt-collector1,1,23,0,22

2020-02-06 13:34:18.845000+00:00,leaf7,wadjet-t-sg0,obt-collector1,1,23,0,22

2020-02-06 13:34:28.843000+00:00,leaf7,wadjet-t-sg0,obt-collector1,1,23,0,22

2020-02-06 13:34:38.845000+00:00,leaf7,wadjet-t-sg0,obt-collector1,1,23,0,22

2020-02-06 13:34:48.844000+00:00,leaf7,wadjet-t-sg0,obt-collector1,1,23,0,22

2020-02-06 13:34:58.845000+00:00,leaf7,wadjet-t-sg0,obt-collector1,1,23,0,22

2020-02-06 13:35:08.845000+00:00,leaf7,wadjet-t-sg0,obt-collector1,1,23,0,22

2020-02-06 13:35:18.845000+00:00,leaf7,wadjet-t-sg0,obt-collector1,1,23,0,22

2020-02-06 13:35:28.844000+00:00,leaf7,wadjet-t-sg0,obt-collector1,1,23,0,22

2020-02-06 13:35:38.853000+00:00,leaf7,wadjet-t-sg0,obt-collector1,1,23,0,22

2020-02-06 13:35:48.846000+00:00,leaf7,wadjet-t-sg0,obt-collector1,1,23,0,22

2020-02-06 13:35:58.845000+00:00,leaf7,wadjet-t-sg0,obt-collector1,1,23,0,22

2020-02-06 13:36:08.850000+00:00,leaf7,wadjet-t-sg0,obt-collector1,1,23,0,22

2020-02-06 13:36:18.845000+00:00,leaf7,wadjet-t-sg0,obt-collector1,1,23,0,22

2020-02-06 13:36:28.846000+00:00,leaf7,wadjet-t-sg0,obt-collector1,1,23,0,22

2020-02-06 13:36:38.845000+00:00,leaf7,wadjet-t-sg0,obt-collector1,1,23,0,22

2020-02-06 13:36:48.845000+00:00,leaf7,wadjet-t-sg0,obt-collector1,1,23,0,22

2020-02-06 13:36:58.847000+00:00,leaf7,wadjet-t-sg0,obt-collector1,1,23,0,22

2020-02-06 13:37:08.847000+00:00,leaf7,wadjet-t-sg0,obt-collector1,1,23,0,22

2020-02-06 13:37:18.847000+00:00,leaf7,wadjet-t-sg0,obt-collector1,1,23,0,22

2020-02-06 13:37:28.848000+00:00,leaf7,wadjet-t-sg0,obt-collector1,1,23,0,22

2020-02-06 13:37:38.846000+00:00,leaf7,wadjet-t-sg0,obt-collector1,1,23,0,22

2020-02-06 13:37:48.846000+00:00,leaf7,wadjet-t-sg0,obt-collector1,1,23,0,22

2020-02-06 13:37:58.848000+00:00,leaf7,wadjet-t-sg0,obt-collector1,1,23,0,22

2020-02-06 13:38:08.846000+00:00,leaf7,wadjet-t-sg0,obt-collector1,1,23,0,22

2020-02-06 13:38:18.848000+00:00,leaf7,wadjet-t-sg0,obt-collector1,1,23,0,22

2020-02-06 13:38:28.847000+00:00,leaf7,wadjet-t-sg0,obt-collector1,1,23,0,22

2020-02-06 13:38:38.849000+00:00,leaf7,wadjet-t-sg0,obt-collector1,1,23,0,22

2020-02-06 13:38:48.848000+00:00,leaf7,wadjet-t-sg0,obt-collector1,1,23,0,22

2020-02-06 13:38:58.850000+00:00,leaf7,wadjet-t-sg0,obt-collector1,1,23,0,22

2020-02-06 13:39:08.848000+00:00,leaf7,wadjet-t-sg0,obt-collector1,1,23,0,22

2020-02-06 13:39:18.849000+00:00,leaf7,wadjet-t-sg0,obt-collector1,1,23,0,22

2020-02-06 13:39:28.849000+00:00,leaf7,wadjet-t-sg0,obt-collector1,1,23,0,22

2020-02-06 13:39:38.848000+00:00,leaf7,wadjet-t-sg0,obt-collector1,1,23,0,22

2020-02-06 13:39:48.849000+00:00,leaf7,wadjet-t-sg0,obt-collector1,1,23,0,22

2020-02-06 13:39:58.849000+00:00,leaf7,wadjet-t-sg0,obt-collector1,1,23,0,22

2020-02-06 13:40:08.850000+00:00,leaf7,wadjet-t-sg0,obt-collector1,1,23,0,22

2020-02-06 13:40:18.849000+00:00,leaf7,wadjet-t-sg0,obt-collector1,1,23,0,22

