,EncodingPath,Producer,Target,host,node-name,total-cpu-fifteen-minute,total-cpu-five-minute,total-cpu-one-minute

2020-02-06 13:19:43.948000+00:00,Cisco-IOS-XR-wdsysmon-fd-oper:system-monitoring/cpu-utilization,leaf7,,,0/RP0/CPU0,2,2,2

2020-02-06 13:19:44.104000+00:00,Cisco-IOS-XR-wdsysmon-fd-oper:system-monitoring/cpu-utilization,leaf7,,,0/0/CPU0,3,3,3

2020-02-06 13:20:04.590000+00:00,Cisco-IOS-XR-wdsysmon-fd-oper:system-monitoring/cpu-utilization,leaf7,,,0/RP0/CPU0,2,2,2

2020-02-06 13:20:04.749000+00:00,Cisco-IOS-XR-wdsysmon-fd-oper:system-monitoring/cpu-utilization,leaf7,,,0/0/CPU0,3,3,3

2020-02-06 13:20:55.634000+00:00,Cisco-IOS-XR-wdsysmon-fd-oper:system-monitoring/cpu-utilization,leaf7,,,0/RP0/CPU0,2,2,2

2020-02-06 13:20:55.792000+00:00,Cisco-IOS-XR-wdsysmon-fd-oper:system-monitoring/cpu-utilization,leaf7,,,0/0/CPU0,3,3,3

2020-02-06 13:21:16.286000+00:00,Cisco-IOS-XR-wdsysmon-fd-oper:system-monitoring/cpu-utilization,leaf7,,,0/RP0/CPU0,2,2,2

2020-02-06 13:21:16.446000+00:00,Cisco-IOS-XR-wdsysmon-fd-oper:system-monitoring/cpu-utilization,leaf7,,,0/0/CPU0,3,3,3

2020-02-06 13:21:36.936000+00:00,Cisco-IOS-XR-wdsysmon-fd-oper:system-monitoring/cpu-utilization,leaf7,,,0/RP0/CPU0,2,2,2

2020-02-06 13:21:37.093000+00:00,Cisco-IOS-XR-wdsysmon-fd-oper:system-monitoring/cpu-utilization,leaf7,,,0/0/CPU0,3,3,3

2020-02-06 13:22:27.998000+00:00,Cisco-IOS-XR-wdsysmon-fd-oper:system-monitoring/cpu-utilization,leaf7,,,0/RP0/CPU0,2,2,2

2020-02-06 13:22:28.156000+00:00,Cisco-IOS-XR-wdsysmon-fd-oper:system-monitoring/cpu-utilization,leaf7,,,0/0/CPU0,3,3,3

2020-02-06 13:22:48.655000+00:00,Cisco-IOS-XR-wdsysmon-fd-oper:system-monitoring/cpu-utilization,leaf7,,,0/RP0/CPU0,2,2,2

2020-02-06 13:22:48.815000+00:00,Cisco-IOS-XR-wdsysmon-fd-oper:system-monitoring/cpu-utilization,leaf7,,,0/0/CPU0,3,3,3

2020-02-06 13:23:09.308000+00:00,Cisco-IOS-XR-wdsysmon-fd-oper:system-monitoring/cpu-utilization,leaf7,,,0/RP0/CPU0,2,2,2

2020-02-06 13:23:09.468000+00:00,Cisco-IOS-XR-wdsysmon-fd-oper:system-monitoring/cpu-utilization,leaf7,,,0/0/CPU0,3,3,3

2020-02-06 13:24:00.379000+00:00,Cisco-IOS-XR-wdsysmon-fd-oper:system-monitoring/cpu-utilization,leaf7,,,0/RP0/CPU0,2,2,2

2020-02-06 13:24:00.537000+00:00,Cisco-IOS-XR-wdsysmon-fd-oper:system-monitoring/cpu-utilization,leaf7,,,0/0/CPU0,3,3,3

2020-02-06 13:24:21.020000+00:00,Cisco-IOS-XR-wdsysmon-fd-oper:system-monitoring/cpu-utilization,leaf7,,,0/RP0/CPU0,2,2,2

2020-02-06 13:24:21.179000+00:00,Cisco-IOS-XR-wdsysmon-fd-oper:system-monitoring/cpu-utilization,leaf7,,,0/0/CPU0,3,3,3

2020-02-06 13:24:41.667000+00:00,Cisco-IOS-XR-wdsysmon-fd-oper:system-monitoring/cpu-utilization,leaf7,,,0/RP0/CPU0,2,2,2

2020-02-06 13:24:41.827000+00:00,Cisco-IOS-XR-wdsysmon-fd-oper:system-monitoring/cpu-utilization,leaf7,,,0/0/CPU0,3,3,3

2020-02-06 13:25:32.733000+00:00,Cisco-IOS-XR-wdsysmon-fd-oper:system-monitoring/cpu-utilization,leaf7,,,0/RP0/CPU0,2,2,2

2020-02-06 13:25:32.890000+00:00,Cisco-IOS-XR-wdsysmon-fd-oper:system-monitoring/cpu-utilization,leaf7,,,0/0/CPU0,3,3,3

2020-02-06 13:25:53.389000+00:00,Cisco-IOS-XR-wdsysmon-fd-oper:system-monitoring/cpu-utilization,leaf7,,,0/RP0/CPU0,2,2,2

2020-02-06 13:25:53.548000+00:00,Cisco-IOS-XR-wdsysmon-fd-oper:system-monitoring/cpu-utilization,leaf7,,,0/0/CPU0,3,3,3

2020-02-06 13:26:14.286000+00:00,Cisco-IOS-XR-wdsysmon-fd-oper:system-monitoring/cpu-utilization,leaf7,,,0/RP0/CPU0,2,2,2

2020-02-06 13:26:14.443000+00:00,Cisco-IOS-XR-wdsysmon-fd-oper:system-monitoring/cpu-utilization,leaf7,,,0/0/CPU0,3,3,3

2020-02-06 13:27:05.354000+00:00,Cisco-IOS-XR-wdsysmon-fd-oper:system-monitoring/cpu-utilization,leaf7,,,0/RP0/CPU0,2,2,2

2020-02-06 13:27:05.513000+00:00,Cisco-IOS-XR-wdsysmon-fd-oper:system-monitoring/cpu-utilization,leaf7,,,0/0/CPU0,3,3,3

2020-02-06 13:27:26+00:00,Cisco-IOS-XR-wdsysmon-fd-oper:system-monitoring/cpu-utilization,leaf7,,,0/RP0/CPU0,2,2,2

2020-02-06 13:27:26.157000+00:00,Cisco-IOS-XR-wdsysmon-fd-oper:system-monitoring/cpu-utilization,leaf7,,,0/0/CPU0,3,3,3

2020-02-06 13:27:46.636000+00:00,Cisco-IOS-XR-wdsysmon-fd-oper:system-monitoring/cpu-utilization,leaf7,,,0/RP0/CPU0,2,2,2

2020-02-06 13:27:46.794000+00:00,Cisco-IOS-XR-wdsysmon-fd-oper:system-monitoring/cpu-utilization,leaf7,,,0/0/CPU0,3,3,3

2020-02-06 13:28:37.694000+00:00,Cisco-IOS-XR-wdsysmon-fd-oper:system-monitoring/cpu-utilization,leaf7,,,0/RP0/CPU0,2,2,2

2020-02-06 13:28:37.852000+00:00,Cisco-IOS-XR-wdsysmon-fd-oper:system-monitoring/cpu-utilization,leaf7,,,0/0/CPU0,3,3,3

2020-02-06 13:28:58.338000+00:00,Cisco-IOS-XR-wdsysmon-fd-oper:system-monitoring/cpu-utilization,leaf7,,,0/RP0/CPU0,2,2,2

2020-02-06 13:28:58.496000+00:00,Cisco-IOS-XR-wdsysmon-fd-oper:system-monitoring/cpu-utilization,leaf7,,,0/0/CPU0,3,3,3

2020-02-06 13:29:18.980000+00:00,Cisco-IOS-XR-wdsysmon-fd-oper:system-monitoring/cpu-utilization,leaf7,,,0/RP0/CPU0,2,2,2

2020-02-06 13:29:19.138000+00:00,Cisco-IOS-XR-wdsysmon-fd-oper:system-monitoring/cpu-utilization,leaf7,,,0/0/CPU0,3,3,3

2020-02-06 13:30:10.053000+00:00,Cisco-IOS-XR-wdsysmon-fd-oper:system-monitoring/cpu-utilization,leaf7,,,0/RP0/CPU0,2,2,2

2020-02-06 13:30:10.211000+00:00,Cisco-IOS-XR-wdsysmon-fd-oper:system-monitoring/cpu-utilization,leaf7,,,0/0/CPU0,3,3,3

2020-02-06 13:30:30.695000+00:00,Cisco-IOS-XR-wdsysmon-fd-oper:system-monitoring/cpu-utilization,leaf7,,,0/RP0/CPU0,2,2,2

2020-02-06 13:30:30.853000+00:00,Cisco-IOS-XR-wdsysmon-fd-oper:system-monitoring/cpu-utilization,leaf7,,,0/0/CPU0,3,3,3

2020-02-06 13:30:51.330000+00:00,Cisco-IOS-XR-wdsysmon-fd-oper:system-monitoring/cpu-utilization,leaf7,,,0/RP0/CPU0,2,2,2

2020-02-06 13:30:51.488000+00:00,Cisco-IOS-XR-wdsysmon-fd-oper:system-monitoring/cpu-utilization,leaf7,,,0/0/CPU0,3,3,3

2020-02-06 13:31:42.404000+00:00,Cisco-IOS-XR-wdsysmon-fd-oper:system-monitoring/cpu-utilization,leaf7,,,0/RP0/CPU0,2,2,2

2020-02-06 13:31:42.562000+00:00,Cisco-IOS-XR-wdsysmon-fd-oper:system-monitoring/cpu-utilization,leaf7,,,0/0/CPU0,3,3,3

2020-02-06 13:32:03.043000+00:00,Cisco-IOS-XR-wdsysmon-fd-oper:system-monitoring/cpu-utilization,leaf7,,,0/RP0/CPU0,2,2,2

2020-02-06 13:32:03.201000+00:00,Cisco-IOS-XR-wdsysmon-fd-oper:system-monitoring/cpu-utilization,leaf7,,,0/0/CPU0,3,3,3

2020-02-06 13:32:23.693000+00:00,Cisco-IOS-XR-wdsysmon-fd-oper:system-monitoring/cpu-utilization,leaf7,,,0/RP0/CPU0,2,2,2

2020-02-06 13:32:23.851000+00:00,Cisco-IOS-XR-wdsysmon-fd-oper:system-monitoring/cpu-utilization,leaf7,,,0/0/CPU0,3,3,3

2020-02-06 13:33:14.753000+00:00,Cisco-IOS-XR-wdsysmon-fd-oper:system-monitoring/cpu-utilization,leaf7,,,0/RP0/CPU0,2,2,2

2020-02-06 13:33:14.910000+00:00,Cisco-IOS-XR-wdsysmon-fd-oper:system-monitoring/cpu-utilization,leaf7,,,0/0/CPU0,3,3,3

2020-02-06 13:33:35.398000+00:00,Cisco-IOS-XR-wdsysmon-fd-oper:system-monitoring/cpu-utilization,leaf7,,,0/RP0/CPU0,2,2,2

2020-02-06 13:33:35.556000+00:00,Cisco-IOS-XR-wdsysmon-fd-oper:system-monitoring/cpu-utilization,leaf7,,,0/0/CPU0,3,3,3

2020-02-06 13:33:56.041000+00:00,Cisco-IOS-XR-wdsysmon-fd-oper:system-monitoring/cpu-utilization,leaf7,,,0/RP0/CPU0,2,2,2

2020-02-06 13:33:56.198000+00:00,Cisco-IOS-XR-wdsysmon-fd-oper:system-monitoring/cpu-utilization,leaf7,,,0/0/CPU0,3,3,3

2020-02-06 13:34:47.112000+00:00,Cisco-IOS-XR-wdsysmon-fd-oper:system-monitoring/cpu-utilization,leaf7,,,0/RP0/CPU0,2,2,2

2020-02-06 13:34:47.269000+00:00,Cisco-IOS-XR-wdsysmon-fd-oper:system-monitoring/cpu-utilization,leaf7,,,0/0/CPU0,3,3,3

2020-02-06 13:35:07.751000+00:00,Cisco-IOS-XR-wdsysmon-fd-oper:system-monitoring/cpu-utilization,leaf7,,,0/RP0/CPU0,2,2,2

2020-02-06 13:35:07.908000+00:00,Cisco-IOS-XR-wdsysmon-fd-oper:system-monitoring/cpu-utilization,leaf7,,,0/0/CPU0,3,3,3

2020-02-06 13:35:28.395000+00:00,Cisco-IOS-XR-wdsysmon-fd-oper:system-monitoring/cpu-utilization,leaf7,,,0/RP0/CPU0,2,2,2

2020-02-06 13:35:28.554000+00:00,Cisco-IOS-XR-wdsysmon-fd-oper:system-monitoring/cpu-utilization,leaf7,,,0/0/CPU0,3,3,3

2020-02-06 13:36:19.457000+00:00,Cisco-IOS-XR-wdsysmon-fd-oper:system-monitoring/cpu-utilization,leaf7,,,0/RP0/CPU0,2,2,2

2020-02-06 13:36:19.616000+00:00,Cisco-IOS-XR-wdsysmon-fd-oper:system-monitoring/cpu-utilization,leaf7,,,0/0/CPU0,3,3,3

2020-02-06 13:36:40.105000+00:00,Cisco-IOS-XR-wdsysmon-fd-oper:system-monitoring/cpu-utilization,leaf7,,,0/RP0/CPU0,2,2,2

2020-02-06 13:36:40.264000+00:00,Cisco-IOS-XR-wdsysmon-fd-oper:system-monitoring/cpu-utilization,leaf7,,,0/0/CPU0,3,3,3

2020-02-06 13:37:00.752000+00:00,Cisco-IOS-XR-wdsysmon-fd-oper:system-monitoring/cpu-utilization,leaf7,,,0/RP0/CPU0,2,2,2

2020-02-06 13:37:00.911000+00:00,Cisco-IOS-XR-wdsysmon-fd-oper:system-monitoring/cpu-utilization,leaf7,,,0/0/CPU0,3,3,3

2020-02-06 13:37:51.811000+00:00,Cisco-IOS-XR-wdsysmon-fd-oper:system-monitoring/cpu-utilization,leaf7,,,0/RP0/CPU0,2,2,2

2020-02-06 13:37:51.968000+00:00,Cisco-IOS-XR-wdsysmon-fd-oper:system-monitoring/cpu-utilization,leaf7,,,0/0/CPU0,3,3,3

2020-02-06 13:38:12.462000+00:00,Cisco-IOS-XR-wdsysmon-fd-oper:system-monitoring/cpu-utilization,leaf7,,,0/RP0/CPU0,2,2,2

2020-02-06 13:38:12.620000+00:00,Cisco-IOS-XR-wdsysmon-fd-oper:system-monitoring/cpu-utilization,leaf7,,,0/0/CPU0,3,3,3

2020-02-06 13:38:33.102000+00:00,Cisco-IOS-XR-wdsysmon-fd-oper:system-monitoring/cpu-utilization,leaf7,,,0/RP0/CPU0,2,2,2

2020-02-06 13:38:33.259000+00:00,Cisco-IOS-XR-wdsysmon-fd-oper:system-monitoring/cpu-utilization,leaf7,,,0/0/CPU0,3,3,3

2020-02-06 13:39:24.164000+00:00,Cisco-IOS-XR-wdsysmon-fd-oper:system-monitoring/cpu-utilization,leaf7,,,0/RP0/CPU0,2,2,2

2020-02-06 13:39:24.323000+00:00,Cisco-IOS-XR-wdsysmon-fd-oper:system-monitoring/cpu-utilization,leaf7,,,0/0/CPU0,3,3,3

2020-02-06 13:39:44.806000+00:00,Cisco-IOS-XR-wdsysmon-fd-oper:system-monitoring/cpu-utilization,leaf7,,,0/RP0/CPU0,2,2,2

2020-02-06 13:39:44.965000+00:00,Cisco-IOS-XR-wdsysmon-fd-oper:system-monitoring/cpu-utilization,leaf7,,,0/0/CPU0,3,3,3

2020-02-06 13:40:05.458000+00:00,Cisco-IOS-XR-wdsysmon-fd-oper:system-monitoring/cpu-utilization,leaf7,,,0/RP0/CPU0,2,2,2

2020-02-06 13:40:05.617000+00:00,Cisco-IOS-XR-wdsysmon-fd-oper:system-monitoring/cpu-utilization,leaf7,,,0/0/CPU0,3,3,3

