,Producer,Target,ack-only-packets-sent,ack-packets-for-unsent-received,ack-packets-received,ackbytes-received,after-window-bytes-received,after-window-packets-received,bad-checksum-packets-received,bytes-retransmitted,connection-rate-limited,connections-accepted,connections-closed,connections-dropped,connections-established,connections-failed,connections-forcibly-closed,connections-requested,control-packets-sent,data-bytes-received-in-sequence,data-bytes-sent,data-packets-received-in-sequence,data-pakets-sent,delay-ack-packets-sent,duplicate-bytes-received,duplicate-packets-received,duplicated-ack-packets-received,embryonic-connection-dropped,established-connections-reset,high-water-mark-throttle,host,i-qs-total-egpackets,i-qs-total-ingpackets,id,iq-ingress-drops,iq-sock-aborts,iq-sock-retries,iq-sock-writes,iqs-total-egpacket/entry,iqs-total-ingpacket/entry,keep-alive-dropped,keep-alive-probes,keep-alive-timeouts,low-water-mark-throttle,malformed-packets-received,mss-down,mss-up,no-port-packets-received,no-throttle,num-open-sockets,out-of-order-bytes-received,out-of-order-packets-received,packet-failures,packets-received-after-close-packet,packets-retransmitted,partial-duplicate-ack-received,partial-duplicate-bytes-received,paws-dropped,persist-dropped,pulse-errors,reassembly-packets,received-auth-packets-dropped,received-packets-dropped,received-packets-dropped-stale-c-hdr,recovered-packets,retransmit-dropped,retransmit-timeouts,rst-packets-sent,send-auth-packets-dropped,send-packets-dropped,sock-async-double-free-prevent-count,sockbuf-pak-res-cur,sockbuf-pak-res-max,socket-layer-packets,stalled-timer-tickle-count,stalled-timer-tickle-time,syn-cache-aborted,syn-cache-added,syn-cache-bucket-oflow,syn-cache-completed,syn-cache-count,syn-cache-dropped,syn-cache-duplicate-sy-ns,syn-cache-overflow,syn-cache-reset,syn-cache-timed-out,syn-cache-unreach,synacl-match-pkts-dropped,too-short-packets-received,total-i-qs,total-packets-received,total-pakets-sent,truncated-write-iov,try-lock-dropped,urgent-only-packets-sent,window-probe-packets-received,window-probe-packets-sent,window-update-packets-received,window-update-packets-sent

2020-02-05 01:51:25.782000+00:00,spine3,sg0,34774729,0,58247422,1800498817,0,0,0,3521028,0,64575,342376,141640,320273,130792,0,386536,1184324,1651520799,1804829551,57557038,93383117,34055252,201896,8703,1941,21732,98654,979,obt-collector1,,,0/RP0/CPU0,0,0,0,113929201,0,0,21730,7474,268302,2997,0,0,0,457962,236063,91,49696,124,0,3,440927,26,1824,0,0,0,0,0,492713,0,0,8,718556,113303,0,0,0,0,4000,0,0,0,0,258,0,4,0,0,0,0,254,0,0,0,0,8,100178912,93894434,7,0,0,0,0,57848990,240039

2020-02-05 01:51:35.771000+00:00,spine3,sg0,34774749,0,58247547,1800505431,0,0,0,3521028,0,64575,342378,141642,320275,130793,0,386538,1184326,1651527713,1804836163,57557175,93383262,34055267,201896,8703,1941,21732,98656,979,obt-collector1,,,0/RP0/CPU0,0,0,0,113929469,0,0,21730,7474,268303,2997,0,0,0,457962,236066,93,49696,124,0,3,440927,26,1824,0,0,0,0,0,492713,0,0,8,718558,113303,0,0,0,0,4000,0,0,0,0,258,0,4,0,0,0,0,254,0,0,0,0,8,100179160,93894579,7,0,0,0,0,57849113,240042

2020-02-05 01:51:45.768000+00:00,spine3,sg0,34774753,0,58247670,1800507750,0,0,0,3521028,0,64575,342379,141643,320276,130793,0,386540,1184330,1651530031,1804838481,57557297,93383390,34055269,201896,8703,1941,21732,98657,979,obt-collector1,,,0/RP0/CPU0,0,0,0,113929717,0,0,21730,7474,268304,2997,0,0,0,457962,236067,92,49696,124,0,3,440929,26,1824,0,0,0,0,0,492713,0,0,8,718561,113303,0,0,0,0,4000,0,0,0,0,258,0,4,0,0,0,0,254,0,0,0,0,8,100179407,93894709,7,0,0,0,0,57849235,240043

2020-02-05 01:51:55.776000+00:00,spine3,sg0,34774755,0,58247792,1800510068,0,0,0,3521028,0,64575,342379,141643,320276,130793,0,386540,1184331,1651532349,1804840799,57557419,93383514,34055271,201896,8703,1941,21732,98657,979,obt-collector1,,,0/RP0/CPU0,0,0,0,113929961,0,0,21730,7475,268305,2997,0,0,0,457962,236067,91,49696,124,0,3,440930,26,1824,0,0,0,0,0,492713,0,0,8,718562,113303,0,0,0,0,4000,0,0,0,0,258,0,4,0,0,0,0,254,0,0,0,0,8,100179651,93894835,7,0,0,0,0,57849357,240043

2020-02-05 01:52:05.778000+00:00,spine3,sg0,34774782,0,58247914,1800516905,0,0,0,3521028,0,64575,342379,141643,320276,130793,0,386540,1184331,1651539225,1804847636,57557566,93383663,34055298,201896,8703,1941,21732,98657,979,obt-collector1,,,0/RP0/CPU0,0,0,0,113930230,0,0,21730,7475,268305,2997,0,0,0,457962,236067,91,49696,124,0,3,440930,26,1824,0,0,0,0,0,492713,0,0,8,718562,113303,0,0,0,0,4000,0,0,0,0,258,0,4,0,0,0,0,254,0,0,0,0,8,100179894,93894984,7,0,0,0,0,57849479,240043

2020-02-05 01:52:15.800000+00:00,spine3,sg0,34774787,0,58248037,1800519224,0,0,0,3521028,0,64575,342380,141644,320277,130794,0,386542,1184333,1651541543,1804849954,57557688,93383792,34055302,201896,8703,1941,21732,98658,979,obt-collector1,,,0/RP0/CPU0,0,0,0,113930478,0,0,21730,7475,268307,2997,0,0,0,457962,236067,91,49696,124,0,3,440930,26,1824,0,0,0,0,0,492713,0,0,8,718563,113303,0,0,0,0,4000,0,0,0,0,258,0,4,0,0,0,0,254,0,0,0,0,8,100180139,93895113,7,0,0,0,0,57849601,240043

2020-02-05 01:52:25.746000+00:00,spine3,sg0,34774791,0,58248161,1800521544,0,0,0,3521028,0,64575,342382,141646,320279,130794,0,386544,1184337,1651543861,1804852272,57557810,93383920,34055304,201896,8703,1941,21732,98660,979,obt-collector1,,,0/RP0/CPU0,0,0,0,113930730,0,0,21730,7476,268308,2997,0,0,0,457962,236067,92,49696,124,0,3,440932,26,1824,0,0,0,0,0,492713,0,0,8,718567,113303,0,0,0,0,4000,0,0,0,0,258,0,4,0,0,0,0,254,0,0,0,0,8,100180388,93895244,7,0,0,0,0,57849723,240043

2020-02-05 01:52:35.768000+00:00,spine3,sg0,34774819,0,58248284,1800528726,0,0,0,3521028,0,64575,342382,141646,320279,130794,0,386544,1184338,1651550701,1804859454,57557949,93384071,34055332,201896,8703,1941,21732,98660,979,obt-collector1,,,0/RP0/CPU0,0,0,0,113930992,0,0,21730,7476,268308,2997,0,0,0,457962,236067,91,49696,124,0,3,440933,26,1824,0,0,0,0,0,492713,0,0,8,718568,113303,0,0,0,0,4000,0,0,0,0,258,0,4,0,0,0,0,254,0,0,0,0,8,100180626,93895396,7,0,0,0,0,57849846,240043

2020-02-05 01:52:45.774000+00:00,spine3,sg0,34774829,0,58248406,1800531044,0,0,0,3521028,0,64575,342382,141646,320279,130795,0,386544,1184338,1651553019,1804861772,57558071,93384203,34055342,201896,8703,1941,21732,98660,979,obt-collector1,,,0/RP0/CPU0,0,0,0,113931236,0,0,21730,7476,268309,2997,0,0,0,457962,236067,91,49696,124,0,3,440933,26,1824,0,0,0,0,0,492713,0,0,8,718568,113303,0,0,0,0,4000,0,0,0,0,258,0,4,0,0,0,0,254,0,0,0,0,8,100180860,93895528,7,0,0,0,0,57849968,240043

2020-02-05 01:52:55.792000+00:00,spine3,sg0,34774841,0,58248530,1800533364,0,0,0,3521028,0,64575,342384,141648,320281,130795,0,386547,1184343,1651555337,1804864090,57558193,93384340,34055352,201896,8703,1941,21732,98662,979,obt-collector1,,,0/RP0/CPU0,0,0,0,113931488,0,0,21730,7477,268311,2997,0,0,0,457962,236067,89,49696,124,0,3,440935,26,1824,0,0,0,0,0,492713,0,0,8,718572,113303,0,0,0,0,4000,0,0,0,0,258,0,4,0,0,0,0,254,0,0,0,0,8,100181102,93895668,7,0,0,0,0,57850090,240043

2020-02-05 01:53:05.756000+00:00,spine3,sg0,34774872,0,58248655,1800540728,0,0,0,3521028,0,64575,342385,141649,320282,130795,0,386548,1184345,1651562427,1804871528,57558334,93384497,34055379,201896,8703,1941,21732,98663,979,obt-collector1,,,0/RP0/CPU0,0,0,0,113931757,0,0,21730,7477,268311,2997,0,0,0,457962,236070,90,49696,124,0,3,440936,26,1824,0,0,0,0,0,492713,0,0,8,718574,113303,0,0,0,0,4000,0,0,0,0,258,0,4,0,0,0,0,254,0,0,0,0,8,100181342,93895826,7,0,0,0,0,57850214,240046

2020-02-05 01:53:15.782000+00:00,spine3,sg0,34774883,0,58248777,1800543046,0,0,0,3521028,0,64575,342385,141649,320282,130795,0,386548,1184345,1651564745,1804873846,57558456,93384630,34055389,201896,8703,1941,21732,98663,979,obt-collector1,,,0/RP0/CPU0,0,0,0,113932001,0,0,21730,7477,268311,2997,0,0,0,457962,236071,90,49696,124,0,3,440936,26,1824,0,0,0,0,0,492713,0,0,8,718574,113303,0,0,0,0,4000,0,0,0,0,258,0,4,0,0,0,0,254,0,0,0,0,8,100181576,93895959,7,0,0,0,0,57850336,240047

2020-02-05 01:53:25.791000+00:00,spine3,sg0,34774896,0,58248900,1800545365,0,0,0,3521028,0,64575,342387,141651,320283,130796,0,386549,1184346,1651567063,1804876164,57558578,93384766,34055399,201896,8703,1941,21733,98664,979,obt-collector1,,,0/RP0/CPU0,0,0,0,113932252,0,0,21731,7478,268314,2997,0,0,0,457962,236073,90,49696,124,0,3,440936,26,1824,0,0,0,0,0,492713,0,0,8,718575,113303,0,0,0,0,4000,0,0,0,0,258,0,4,0,0,0,0,254,0,0,0,0,8,100181813,93896096,7,0,0,0,0,57850458,240049

2020-02-05 01:53:35.773000+00:00,spine3,sg0,34774925,0,58249023,1800550407,0,0,0,3521028,0,64575,342388,141652,320284,130796,0,386551,1184349,1651573995,1804881205,57558717,93384919,34055426,201896,8703,1941,21733,98665,979,obt-collector1,,,0/RP0/CPU0,0,0,0,113932517,0,0,21731,7478,268314,2997,0,0,0,457962,236074,92,49696,124,0,3,440937,26,1824,0,0,0,0,0,492713,0,0,8,718578,113303,0,0,0,0,4000,0,0,0,0,258,0,4,0,0,0,0,254,0,0,0,0,8,100182056,93896250,7,0,0,0,0,57850580,240050

2020-02-05 01:53:45.792000+00:00,spine3,sg0,34774936,0,58249146,1800552726,0,0,0,3521028,0,64575,342389,141653,320285,130796,0,386552,1184351,1651576313,1804883523,57558839,93385053,34055436,201896,8703,1941,21733,98666,979,obt-collector1,,,0/RP0/CPU0,0,0,0,113932765,0,0,21731,7478,268314,2997,0,0,0,457962,236074,91,49696,124,0,3,440938,26,1824,0,0,0,0,0,492713,0,0,8,718580,113303,0,0,0,0,4000,0,0,0,0,258,0,4,0,0,0,0,254,0,0,0,0,8,100182293,93896385,7,0,0,0,0,57850702,240050

2020-02-05 01:53:55.773000+00:00,spine3,sg0,34774946,0,58249268,1800555044,0,0,0,3521028,0,64575,342389,141653,320285,130796,0,386552,1184351,1651578631,1804885841,57558961,93385185,34055446,201896,8703,1941,21733,98666,979,obt-collector1,,,0/RP0/CPU0,0,0,0,113933009,0,0,21731,7479,268315,2997,0,0,0,457962,236074,90,49696,124,0,3,440938,26,1824,0,0,0,0,0,492713,0,0,8,718580,113303,0,0,0,0,4000,0,0,0,0,258,0,4,0,0,0,0,254,0,0,0,0,8,100182528,93896518,7,0,0,0,0,57850824,240050

2020-02-05 01:54:05.778000+00:00,spine3,sg0,34774987,0,58249391,1800557624,0,0,0,3521028,0,64575,342390,141654,320286,130797,0,386553,1184353,1651585607,1804888420,57559112,93385349,34055485,201896,8703,1941,21733,98667,979,obt-collector1,,,0/RP0/CPU0,0,0,0,113933286,0,0,21731,7479,268316,2997,0,0,0,457962,236075,91,49696,124,0,3,440939,26,1824,0,0,0,0,0,492713,0,0,8,718582,113303,0,0,0,0,4000,0,0,0,0,258,0,4,0,0,0,0,254,0,0,0,0,8,100182766,93896683,7,0,0,0,0,57850946,240051

2020-02-05 01:54:15.764000+00:00,spine3,sg0,34774997,0,58249513,1800559942,0,0,0,3521028,0,64575,342390,141654,320286,130797,0,386554,1184356,1651587925,1804890738,57559234,93385482,34055495,201896,8703,1941,21733,98667,979,obt-collector1,,,0/RP0/CPU0,0,0,0,113933530,0,0,21731,7479,268317,2997,0,0,0,457962,236075,90,49696,124,0,3,440941,26,1824,0,0,0,0,0,492713,0,0,8,718584,113303,0,0,0,0,4000,0,0,0,0,258,0,4,0,0,0,0,254,0,0,0,0,8,100183003,93896818,7,0,0,0,0,57851068,240051

2020-02-05 01:54:25.806000+00:00,spine3,sg0,34775009,0,58249637,1800562262,0,0,0,3521028,0,64575,342392,141656,320288,130797,0,386556,1184359,1651590243,1804893056,57559356,93385618,34055505,201896,8703,1941,21733,98669,979,obt-collector1,,,0/RP0/CPU0,0,0,0,113933782,0,0,21731,7480,268318,2997,0,0,0,457962,236075,92,49696,124,0,3,440942,26,1824,0,0,0,0,0,492713,0,0,8,718587,113303,0,0,0,0,4000,0,0,0,0,258,0,4,0,0,0,0,254,0,0,0,0,8,100183243,93896956,7,0,0,0,0,57851190,240051

2020-02-05 01:54:35.790000+00:00,spine3,sg0,34775040,0,58249759,1800564580,0,0,0,3521028,0,64575,342392,141656,320288,130797,0,386556,1184359,1651596615,1804895374,57559499,93385771,34055536,201896,8703,1941,21733,98669,979,obt-collector1,,,0/RP0/CPU0,0,0,0,113934047,0,0,21731,7480,268318,2997,0,0,0,457962,236075,90,49696,124,0,3,440942,26,1824,0,0,0,0,0,492713,0,0,8,718587,113303,0,0,0,0,4000,0,0,0,0,258,0,4,0,0,0,0,254,0,0,0,0,8,100183478,93897109,7,0,0,0,0,57851312,240051

2020-02-05 01:54:45.769000+00:00,spine3,sg0,34775050,0,58249881,1800566898,0,0,0,3521028,0,64575,342392,141656,320288,130798,0,386557,1184361,1651598933,1804897692,57559621,93385904,34055546,201896,8703,1941,21733,98669,979,obt-collector1,,,0/RP0/CPU0,0,0,0,113934291,0,0,21731,7480,268320,2997,0,0,0,457962,236075,89,49696,124,0,3,440943,26,1824,0,0,0,0,0,492713,0,0,8,718588,113303,0,0,0,0,4000,0,0,0,0,258,0,4,0,0,0,0,254,0,0,0,0,8,100183714,93897243,7,0,0,0,0,57851434,240051

2020-02-05 01:54:55.797000+00:00,spine3,sg0,34775062,0,58250005,1800569218,0,0,0,3521028,0,64575,342394,141658,320290,130798,0,386559,1184365,1651601251,1804900010,57559743,93386040,34055556,201896,8703,1941,21733,98671,979,obt-collector1,,,0/RP0/CPU0,0,0,0,113934543,0,0,21731,7481,268321,2997,0,0,0,457962,236075,91,49696,124,0,3,440945,26,1824,0,0,0,0,0,492713,0,0,8,718592,113303,0,0,0,0,4000,0,0,0,0,258,0,4,0,0,0,0,254,0,0,0,0,8,100183955,93897382,7,0,0,0,0,57851556,240051

2020-02-05 01:55:05.769000+00:00,spine3,sg0,34775092,0,58250127,1800571536,0,0,0,3521028,0,64575,342394,141658,320290,130798,0,386559,1184365,1651606736,1804902328,57559881,93386192,34055586,201896,8703,1941,21733,98671,979,obt-collector1,,,0/RP0/CPU0,0,0,0,113934803,0,0,21731,7481,268321,2997,0,0,0,457962,236075,91,49696,124,0,3,440945,26,1824,0,0,0,0,0,492713,0,0,8,718592,113303,0,0,0,0,4000,0,0,0,0,258,0,4,0,0,0,0,254,0,0,0,0,8,100184185,93897534,7,0,0,0,0,57851678,240051

2020-02-05 01:55:15.778000+00:00,spine3,sg0,34775111,0,58250250,1800573855,0,0,0,3521028,0,64575,342395,141659,320291,130799,0,386560,1184366,1651609054,1804904646,57560003,93386334,34055604,201896,8703,1941,21733,98672,979,obt-collector1,,,0/RP0/CPU0,0,0,0,113935051,0,0,21731,7481,268322,2997,0,0,0,457962,236075,91,49696,124,0,3,440945,26,1824,0,0,0,0,0,492713,0,0,8,718593,113303,0,0,0,0,4000,0,0,0,0,258,0,4,0,0,0,0,254,0,0,0,0,8,100184417,93897676,7,0,0,0,0,57851800,240051

2020-02-05 01:55:25.780000+00:00,spine3,sg0,34775133,0,58250372,1800576173,0,0,0,3521028,0,64575,342395,141659,320291,130799,0,386561,1184369,1651611372,1804906964,57560125,93386479,34055622,201896,8703,1941,21733,98672,979,obt-collector1,,,0/RP0/CPU0,0,0,0,113935295,0,0,21731,7482,268324,2997,0,0,0,457962,236079,89,49696,124,0,3,440947,26,1824,0,0,0,0,0,492713,0,0,8,718595,113303,0,0,0,0,4000,0,0,0,0,258,0,4,0,0,0,0,254,0,0,0,0,8,100184651,93897824,7,0,0,0,0,57851922,240055

2020-02-05 01:55:35.770000+00:00,spine3,sg0,34775161,0,58250496,1800578493,0,0,0,3521028,0,64575,342397,141661,320293,130799,0,386563,1184372,1651615741,1804909357,57560257,93386632,34055648,201896,8703,1941,21733,98674,979,obt-collector1,,,0/RP0/CPU0,0,0,0,113935557,0,0,21731,7482,268324,2997,0,0,0,457962,236079,91,49696,124,0,3,440948,26,1824,0,0,0,0,0,492713,0,0,8,718598,113303,0,0,0,0,4000,0,0,0,0,258,0,4,0,0,0,0,254,0,0,0,0,8,100184886,93897978,7,0,0,0,0,57852044,240055

2020-02-05 01:55:45.770000+00:00,spine3,sg0,34775179,0,58250618,1800580811,0,0,0,3521028,0,64575,342397,141661,320293,130799,0,386563,1184372,1651618059,1804911675,57560379,93386772,34055666,201896,8703,1941,21733,98674,979,obt-collector1,,,0/RP0/CPU0,0,0,0,113935801,0,0,21731,7482,268324,2997,0,0,0,457962,236079,91,49696,124,0,3,440948,26,1824,0,0,0,0,0,492713,0,0,8,718598,113303,0,0,0,0,4000,0,0,0,0,258,0,4,0,0,0,0,254,0,0,0,0,8,100185112,93898118,7,0,0,0,0,57852166,240055

2020-02-05 01:55:55.781000+00:00,spine3,sg0,34775197,0,58250740,1800583129,0,0,0,3521028,0,64575,342397,141661,320293,130800,0,386564,1184374,1651620377,1804913993,57560501,93386913,34055684,201896,8703,1941,21733,98674,979,obt-collector1,,,0/RP0/CPU0,0,0,0,113936045,0,0,21731,7483,268327,2997,0,0,0,457962,236079,89,49696,124,0,3,440949,26,1824,0,0,0,0,0,492713,0,0,8,718599,113303,0,0,0,0,4000,0,0,0,0,258,0,4,0,0,0,0,254,0,0,0,0,8,100185341,93898261,7,0,0,0,0,57852288,240055

2020-02-05 01:56:05.773000+00:00,spine3,sg0,34775224,0,58250865,1800585450,0,0,0,3521028,0,64575,342400,141664,320296,130800,0,386567,1184379,1651624291,1804916311,57560631,93387065,34055708,201896,8703,1941,21733,98677,979,obt-collector1,,,0/RP0/CPU0,0,0,0,113936309,0,0,21731,7483,268327,2997,0,0,0,457962,236079,91,49696,124,0,3,440951,26,1824,0,0,0,0,0,492713,0,0,8,718604,113303,0,0,0,0,4000,0,0,0,0,258,0,4,0,0,0,0,254,0,0,0,0,8,100185578,93898415,7,0,0,0,0,57852410,240055

2020-02-05 01:56:15.761000+00:00,spine3,sg0,34775241,0,58250987,1800587768,0,0,0,3521028,0,64575,342400,141664,320296,130800,0,386567,1184379,1651626609,1804918629,57560753,93387204,34055725,201896,8703,1941,21733,98677,979,obt-collector1,,,0/RP0/CPU0,0,0,0,113936553,0,0,21731,7483,268327,2997,0,0,0,457962,236079,91,49696,124,0,3,440951,26,1824,0,0,0,0,0,492713,0,0,8,718604,113303,0,0,0,0,4000,0,0,0,0,258,0,4,0,0,0,0,254,0,0,0,0,8,100185808,93898554,7,0,0,0,0,57852532,240055

2020-02-05 01:56:25.764000+00:00,spine3,sg0,34775258,0,58251109,1800590086,0,0,0,3521028,0,64575,342400,141664,320296,130801,0,386567,1184379,1651628927,1804920947,57560875,93387343,34055742,201896,8703,1941,21733,98677,979,obt-collector1,,,0/RP0/CPU0,0,0,0,113936797,0,0,21731,7484,268329,2997,0,0,0,457962,236079,89,49696,124,0,3,440951,26,1824,0,0,0,0,0,492713,0,0,8,718604,113303,0,0,0,0,4000,0,0,0,0,258,0,4,0,0,0,0,254,0,0,0,0,8,100186039,93898694,7,0,0,0,0,57852654,240055

2020-02-05 01:56:35.776000+00:00,spine3,sg0,34775268,0,58251231,1800592404,0,0,0,3521028,0,64575,342400,141664,320296,130801,0,386568,1184382,1651631733,1804923265,57560997,93387476,34055752,201896,8703,1941,21733,98677,979,obt-collector1,,,0/RP0/CPU0,0,0,0,113937041,0,0,21731,7484,268330,2997,0,0,0,457962,236079,88,49696,124,0,3,440953,26,1824,0,0,0,0,0,492713,0,0,8,718606,113303,0,0,0,0,4000,0,0,0,0,258,0,4,0,0,0,0,254,0,0,0,0,8,100186276,93898829,7,0,0,0,0,57852776,240055

2020-02-05 01:56:45.770000+00:00,spine3,sg0,34775279,0,58251354,1800594723,0,0,0,3521028,0,64575,342401,141665,320297,130801,0,386569,1184384,1651634051,1804925658,57561119,93387611,34055762,201896,8703,1941,21733,98678,979,obt-collector1,,,0/RP0/CPU0,0,0,0,113937289,0,0,21731,7484,268330,2997,0,0,0,457962,236079,88,49696,124,0,3,440954,26,1824,0,0,0,0,0,492713,0,0,8,718608,113303,0,0,0,0,4000,0,0,0,0,258,0,4,0,0,0,0,254,0,0,0,0,8,100186513,93898965,7,0,0,0,0,57852898,240055

2020-02-05 01:56:55.763000+00:00,spine3,sg0,34775294,0,58251478,1800597043,0,0,0,3521028,0,64575,342403,141667,320299,130801,0,386571,1184386,1651636369,1804927976,57561241,93387750,34055775,201896,8703,1941,21733,98680,979,obt-collector1,,,0/RP0/CPU0,0,0,0,113937541,0,0,21731,7485,268331,2997,0,0,0,457962,236079,90,49696,124,0,3,440954,26,1824,0,0,0,0,0,492713,0,0,8,718610,113303,0,0,0,0,4000,0,0,0,0,258,0,4,0,0,0,0,254,0,0,0,0,8,100186752,93899105,7,0,0,0,0,57853020,240055

2020-02-05 01:57:05.771000+00:00,spine3,sg0,34775308,0,58251600,1800599361,0,0,0,3521028,0,64575,342404,141668,320299,130802,0,386572,1184388,1651638799,1804930294,57561367,93387887,34055789,201896,8703,1941,21734,98680,979,obt-collector1,,,0/RP0/CPU0,0,0,0,113937792,0,0,21732,7485,268333,2997,0,0,0,457962,236079,90,49696,124,0,3,440955,26,1824,0,0,0,0,0,492713,0,0,8,718612,113303,0,0,0,0,4000,0,0,0,0,258,0,4,0,0,0,0,254,0,0,0,0,8,100186988,93899243,7,0,0,0,0,57853142,240055

2020-02-05 01:57:15.782000+00:00,spine3,sg0,34775319,0,58251723,1800601680,0,0,0,3521028,0,64575,342405,141669,320300,130802,0,386573,1184390,1651641117,1804932687,57561489,93388022,34055799,201896,8703,1941,21734,98681,979,obt-collector1,,,0/RP0/CPU0,0,0,0,113938040,0,0,21732,7485,268333,2997,0,0,0,457962,236079,91,49696,124,0,3,440956,26,1824,0,0,0,0,0,492713,0,0,8,718614,113303,0,0,0,0,4000,0,0,0,0,258,0,4,0,0,0,0,254,0,0,0,0,8,100187225,93899379,7,0,0,0,0,57853264,240055

2020-02-05 01:57:25.782000+00:00,spine3,sg0,34775330,0,58251846,1800603999,0,0,0,3521028,0,64575,342406,141670,320301,130802,0,386574,1184391,1651643435,1804935005,57561611,93388156,34055809,201896,8703,1941,21734,98682,979,obt-collector1,,,0/RP0/CPU0,0,0,0,113938288,0,0,21732,7486,268334,2997,0,0,0,457962,236079,90,49696,124,0,3,440956,26,1824,0,0,0,0,0,492713,0,0,8,718615,113303,0,0,0,0,4000,0,0,0,0,258,0,4,0,0,0,0,254,0,0,0,0,8,100187462,93899514,7,0,0,0,0,57853386,240055

2020-02-05 01:57:35.773000+00:00,spine3,sg0,34775341,0,58251969,1800606318,0,0,0,3521028,0,64575,342407,141671,320302,130803,0,386575,1184393,1651645753,1804937323,57561733,93388290,34055819,201896,8703,1941,21734,98683,979,obt-collector1,,,0/RP0/CPU0,0,0,0,113938536,0,0,21732,7486,268335,2997,0,0,0,457962,236079,91,49696,124,0,3,440957,26,1824,0,0,0,0,0,492713,0,0,8,718617,113303,0,0,0,0,4000,0,0,0,0,258,0,4,0,0,0,0,254,0,0,0,0,8,100187699,93899649,7,0,0,0,0,57853508,240055

2020-02-05 01:57:45.784000+00:00,spine3,sg0,34775352,0,58252091,1800608636,0,0,0,3521028,0,64575,342407,141671,320302,130803,0,386576,1184396,1651648071,1804939641,57561855,93388424,34055830,201896,8703,1941,21734,98683,979,obt-collector1,,,0/RP0/CPU0,0,0,0,113938780,0,0,21732,7486,268336,2997,0,0,0,457962,236079,91,49696,124,0,3,440959,26,1824,0,0,0,0,0,492713,0,0,8,718619,113303,0,0,0,0,4000,0,0,0,0,258,0,4,0,0,0,0,254,0,0,0,0,8,100187936,93899785,7,0,0,0,0,57853630,240055

2020-02-05 01:57:55.775000+00:00,spine3,sg0,34775365,0,58252215,1800610956,0,0,0,3521028,0,64575,342409,141673,320304,130803,0,386578,1184399,1651650389,1804941959,57561977,93388561,34055841,201896,8703,1941,21734,98685,979,obt-collector1,,,0/RP0/CPU0,0,0,0,113939032,0,0,21732,7487,268337,2997,0,0,0,457962,236079,91,49696,124,0,3,440960,26,1824,0,0,0,0,0,492713,0,0,8,718622,113303,0,0,0,0,4000,0,0,0,0,258,0,4,0,0,0,0,254,0,0,0,0,8,100188176,93899924,7,0,0,0,0,57853752,240055

2020-02-05 01:58:05.779000+00:00,spine3,sg0,34775377,0,58252337,1800613274,0,0,0,3521028,0,64575,342409,141673,320304,130803,0,386578,1184399,1651652707,1804944277,57562099,93388695,34055853,201896,8703,1941,21734,98685,979,obt-collector1,,,0/RP0/CPU0,0,0,0,113939276,0,0,21732,7487,268337,2997,0,0,0,457962,236079,91,49696,124,0,3,440960,26,1824,0,0,0,0,0,492713,0,0,8,718622,113303,0,0,0,0,4000,0,0,0,0,258,0,4,0,0,0,0,254,0,0,0,0,8,100188410,93900058,7,0,0,0,0,57853874,240055

2020-02-05 01:58:15.765000+00:00,spine3,sg0,34775389,0,58252460,1800615593,0,0,0,3521028,0,64575,342410,141674,320305,130804,0,386580,1184402,1651655025,1804946595,57562221,93388831,34055864,201896,8703,1941,21734,98686,979,obt-collector1,,,0/RP0/CPU0,0,0,0,113939524,0,0,21732,7487,268339,2997,0,0,0,457962,236079,91,49696,124,0,3,440961,26,1824,0,0,0,0,0,492713,0,0,8,718624,113303,0,0,0,0,4000,0,0,0,0,258,0,4,0,0,0,0,254,0,0,0,0,8,100188648,93900195,7,0,0,0,0,57853996,240055

2020-02-05 01:58:25.786000+00:00,spine3,sg0,34775402,0,58252583,1800617912,0,0,0,3521028,0,64575,342411,141675,320306,130804,0,386581,1184405,1651657343,1804948988,57562343,93388968,34055875,201896,8703,1941,21734,98687,979,obt-collector1,,,0/RP0/CPU0,0,0,0,113939772,0,0,21732,7488,268340,2997,0,0,0,457962,236080,92,49696,124,0,3,440963,26,1824,0,0,0,0,0,492713,0,0,8,718627,113303,0,0,0,0,4000,0,0,0,0,258,0,4,0,0,0,0,254,0,0,0,0,8,100188885,93900335,7,0,0,0,0,57854118,240056

2020-02-05 01:58:35.808000+00:00,spine3,sg0,34775418,0,58252706,1800620231,0,0,0,3521028,0,64575,342412,141676,320307,130804,0,386582,1184406,1651659661,1804951306,57562465,93389107,34055887,201896,8703,1941,21734,98688,979,obt-collector1,,,0/RP0/CPU0,0,0,0,113940020,0,0,21732,7488,268340,2997,0,0,0,457962,236083,91,49696,124,0,3,440963,26,1824,0,0,0,0,0,492713,0,0,8,718628,113303,0,0,0,0,4000,0,0,0,0,258,0,4,0,0,0,0,254,0,0,0,0,8,100189120,93900474,7,0,0,0,0,57854240,240059

2020-02-05 01:58:45.773000+00:00,spine3,sg0,34775431,0,58252829,1800622550,0,0,0,3521028,0,64575,342413,141677,320308,130805,0,386583,1184407,1651661979,1804953624,57562587,93389243,34055899,201896,8703,1941,21734,98689,979,obt-collector1,,,0/RP0/CPU0,0,0,0,113940268,0,0,21732,7488,268341,2997,0,0,0,457962,236083,92,49696,124,0,3,440963,26,1824,0,0,0,0,0,492713,0,0,8,718629,113303,0,0,0,0,4000,0,0,0,0,258,0,4,0,0,0,0,254,0,0,0,0,8,100189354,93900610,7,0,0,0,0,57854362,240059

2020-02-05 01:58:55.785000+00:00,spine3,sg0,34775449,0,58252951,1800624868,0,0,0,3521028,0,64575,342413,141677,320308,130805,0,386584,1184410,1651664297,1804955942,57562709,93389384,34055917,201896,8703,1941,21734,98689,979,obt-collector1,,,0/RP0/CPU0,0,0,0,113940512,0,0,21732,7489,268343,2997,0,0,0,457962,236083,92,49696,124,0,3,440965,26,1824,0,0,0,0,0,492713,0,0,8,718631,113303,0,0,0,0,4000,0,0,0,0,258,0,4,0,0,0,0,254,0,0,0,0,8,100189584,93900754,7,0,0,0,0,57854484,240059

2020-02-05 01:59:05.804000+00:00,spine3,sg0,34775468,0,58253074,1800627187,0,0,0,3521028,0,64575,342414,141678,320309,130805,0,386585,1184412,1651666615,1804958260,57562831,93389526,34055935,201896,8703,1941,21734,98690,979,obt-collector1,,,0/RP0/CPU0,0,0,0,113940760,0,0,21732,7489,268343,2997,0,0,0,457962,236083,90,49696,124,0,3,440966,26,1824,0,0,0,0,0,492713,0,0,8,718633,113303,0,0,0,0,4000,0,0,0,0,258,0,4,0,0,0,0,254,0,0,0,0,8,100189813,93900897,7,0,0,0,0,57854606,240059

2020-02-05 01:59:15.813000+00:00,spine3,sg0,34775489,0,58253197,1800629506,0,0,0,3521028,0,64575,342415,141679,320310,130805,0,386586,1184413,1651668933,1804960578,57562953,93389670,34055955,201896,8703,1941,21734,98691,979,obt-collector1,,,0/RP0/CPU0,0,0,0,113941008,0,0,21732,7489,268343,2997,0,0,0,457962,236083,91,49696,124,0,3,440966,26,1824,0,0,0,0,0,492713,0,0,8,718634,113303,0,0,0,0,4000,0,0,0,0,258,0,4,0,0,0,0,254,0,0,0,0,8,100190040,93901041,7,0,0,0,0,57854728,240059

2020-02-05 01:59:25.777000+00:00,spine3,sg0,34775514,0,58253320,1800631825,0,0,0,3521028,0,64575,342416,141680,320311,130806,0,386588,1184416,1651671251,1804962971,57563075,93389820,34055975,201896,8703,1941,21734,98692,979,obt-collector1,,,0/RP0/CPU0,0,0,0,113941256,0,0,21732,7490,268346,2997,0,0,0,457962,236087,92,49696,124,0,3,440967,26,1824,0,0,0,0,0,492713,0,0,8,718636,113303,0,0,0,0,4000,0,0,0,0,258,0,4,0,0,0,0,254,0,0,0,0,8,100190271,93901193,7,0,0,0,0,57854850,240063

2020-02-05 01:59:35.830000+00:00,spine3,sg0,34775535,0,58253443,1800634144,0,0,0,3521028,0,64575,342417,141681,320312,130806,0,386589,1184419,1651673569,1804965289,57563197,93389964,34055995,201896,8703,1941,21734,98693,979,obt-collector1,,,0/RP0/CPU0,0,0,0,113941504,0,0,21732,7490,268346,2997,0,0,0,457962,236087,93,49696,124,0,3,440969,26,1824,0,0,0,0,0,492713,0,0,8,718639,113303,0,0,0,0,4000,0,0,0,0,258,0,4,0,0,0,0,254,0,0,0,0,8,100190499,93901339,7,0,0,0,0,57854972,240063

2020-02-05 01:59:45.799000+00:00,spine3,sg0,34775555,0,58253565,1800636462,0,0,0,3521028,0,64575,342417,141681,320312,130806,0,386589,1184419,1651675887,1804967607,57563319,93390106,34056015,201896,8703,1941,21734,98693,979,obt-collector1,,,0/RP0/CPU0,0,0,0,113941748,0,0,21732,7490,268346,2997,0,0,0,457962,236087,92,49696,124,0,3,440969,26,1824,0,0,0,0,0,492713,0,0,8,718639,113303,0,0,0,0,4000,0,0,0,0,258,0,4,0,0,0,0,254,0,0,0,0,8,100190723,93901481,7,0,0,0,0,57855094,240063

2020-02-05 01:59:55.779000+00:00,spine3,sg0,34775578,0,58253688,1800638781,0,0,0,3521028,0,64575,342418,141682,320313,130807,0,386590,1184420,1651678205,1804969925,57563441,93390252,34056037,201896,8703,1941,21734,98694,979,obt-collector1,,,0/RP0/CPU0,0,0,0,113941996,0,0,21732,7491,268348,2997,0,0,0,457962,236087,91,49696,124,0,3,440969,26,1824,0,0,0,0,0,492713,0,0,8,718640,113303,0,0,0,0,4000,0,0,0,0,258,0,4,0,0,0,0,254,0,0,0,0,8,100190950,93901628,7,0,0,0,0,57855216,240063

2020-02-05 02:00:05.850000+00:00,spine3,sg0,34775601,0,58253811,1800641100,0,0,0,3521028,0,64575,342419,141683,320314,130807,0,386592,1184424,1651680523,1804972243,57563563,93390399,34056059,201896,8703,1941,21734,98695,979,obt-collector1,,,0/RP0/CPU0,0,0,0,113942244,0,0,21732,7491,268349,2997,0,0,0,457962,236087,91,49696,124,0,3,440971,26,1824,0,0,0,0,0,492713,0,0,8,718643,113303,0,0,0,0,4000,0,0,0,0,258,0,4,0,0,0,0,254,0,0,0,0,8,100191179,93901777,7,0,0,0,0,57855338,240063

2020-02-05 02:00:15.776000+00:00,spine3,sg0,34775624,0,58253934,1800643419,0,0,0,3521028,0,64575,342420,141684,320315,130807,0,386593,1184426,1651682841,1804974636,57563685,93390546,34056081,201896,8703,1941,21734,98696,979,obt-collector1,,,0/RP0/CPU0,0,0,0,113942492,0,0,21732,7491,268349,2997,0,0,0,457962,236087,91,49696,124,0,3,440972,26,1824,0,0,0,0,0,492713,0,0,8,718645,113303,0,0,0,0,4000,0,0,0,0,258,0,4,0,0,0,0,254,0,0,0,0,8,100191405,93901925,7,0,0,0,0,57855460,240063

2020-02-05 02:00:25.798000+00:00,spine3,sg0,34775646,0,58254056,1800645737,0,0,0,3521028,0,64575,342420,141684,320315,130807,0,386593,1184426,1651685159,1804976954,57563807,93390690,34056103,201896,8703,1941,21734,98696,979,obt-collector1,,,0/RP0/CPU0,0,0,0,113942736,0,0,21732,7492,268350,2997,0,0,0,457962,236087,90,49696,124,0,3,440972,26,1824,0,0,0,0,0,492713,0,0,8,718645,113303,0,0,0,0,4000,0,0,0,0,258,0,4,0,0,0,0,254,0,0,0,0,8,100191629,93902070,7,0,0,0,0,57855582,240063

2020-02-05 02:00:35.790000+00:00,spine3,sg0,34775668,0,58254178,1800648055,0,0,0,3521028,0,64575,342421,141685,320315,130808,0,386594,1184428,1651687477,1804979272,57563929,93390835,34056125,201896,8703,1941,21735,98696,979,obt-collector1,,,0/RP0/CPU0,0,0,0,113942983,0,0,21733,7492,268352,2997,0,0,0,457962,236087,90,49696,124,0,3,440973,26,1824,0,0,0,0,0,492713,0,0,8,718647,113303,0,0,0,0,4000,0,0,0,0,258,0,4,0,0,0,0,254,0,0,0,0,8,100191856,93902216,7,0,0,0,0,57855704,240063

2020-02-05 02:00:45.793000+00:00,spine3,sg0,34775680,0,58254302,1800650375,0,0,0,3521028,0,64575,342423,141687,320317,130808,0,386596,1184431,1651689795,1804981590,57564051,93390971,34056135,201896,8703,1941,21735,98698,979,obt-collector1,,,0/RP0/CPU0,0,0,0,113943235,0,0,21733,7492,268352,2997,0,0,0,457962,236087,92,49696,124,0,3,440974,26,1824,0,0,0,0,0,492713,0,0,8,718650,113303,0,0,0,0,4000,0,0,0,0,258,0,4,0,0,0,0,254,0,0,0,0,8,100192099,93902353,7,0,0,0,0,57855826,240063

2020-02-05 02:00:55.793000+00:00,spine3,sg0,34775680,0,58254424,1800656352,0,0,0,3521028,0,64575,342423,141687,320317,130808,0,386596,1184431,1651695796,1804987567,57564173,93391093,34056135,201896,8703,1941,21735,98698,979,obt-collector1,,,0/RP0/CPU0,0,0,0,113943479,0,0,21733,7493,268353,2997,0,0,0,457962,236087,90,49696,124,0,3,440974,26,1824,0,0,0,0,0,492713,0,0,8,718650,113303,0,0,0,0,4000,0,0,0,0,258,0,4,0,0,0,0,254,0,0,0,0,8,100192344,93902476,7,0,0,0,0,57855948,240063

2020-02-05 02:01:05.789000+00:00,spine3,sg0,34775681,0,58254547,1800658671,0,0,0,3521028,0,64575,342424,141688,320318,130809,0,386597,1184433,1651698114,1804989885,57564295,93391217,34056135,201896,8703,1941,21735,98699,979,obt-collector1,,,0/RP0/CPU0,0,0,0,113943727,0,0,21733,7493,268354,2997,0,0,0,457962,236087,91,49696,124,0,3,440975,26,1824,0,0,0,0,0,492713,0,0,8,718652,113303,0,0,0,0,4000,0,0,0,0,258,0,4,0,0,0,0,254,0,0,0,0,8,100192591,93902601,7,0,0,0,0,57856070,240063

2020-02-05 02:01:15.782000+00:00,spine3,sg0,34775681,0,58254669,1800660989,0,0,0,3521028,0,64575,342424,141688,320318,130809,0,386598,1184436,1651700432,1804992203,57564417,93391340,34056135,201896,8703,1941,21735,98699,979,obt-collector1,,,0/RP0/CPU0,0,0,0,113943971,0,0,21733,7493,268355,2997,0,0,0,457962,236087,90,49696,124,0,3,440977,26,1824,0,0,0,0,0,492713,0,0,8,718654,113303,0,0,0,0,4000,0,0,0,0,258,0,4,0,0,0,0,254,0,0,0,0,8,100192838,93902726,7,0,0,0,0,57856192,240063

2020-02-05 02:01:25.829000+00:00,spine3,sg0,34775683,0,58254793,1800663309,0,0,0,3521028,0,64575,342426,141690,320320,130809,0,386600,1184439,1651702750,1804994521,57564539,93391466,34056135,201896,8703,1941,21735,98701,979,obt-collector1,,,0/RP0/CPU0,0,0,0,113944223,0,0,21733,7494,268356,2997,0,0,0,457962,236087,91,49696,124,0,3,440978,26,1824,0,0,0,0,0,492713,0,0,8,718657,113303,0,0,0,0,4000,0,0,0,0,258,0,4,0,0,0,0,254,0,0,0,0,8,100193088,93902854,7,0,0,0,0,57856314,240063

2020-02-05 02:01:35.778000+00:00,spine3,sg0,34775684,0,58254916,1800665628,0,0,0,3521028,0,64575,342427,141691,320321,130809,0,386601,1184440,1651705068,1804996839,57564661,93391590,34056135,201896,8703,1941,21735,98702,979,obt-collector1,,,0/RP0/CPU0,0,0,0,113944471,0,0,21733,7494,268356,2997,0,0,0,457962,236087,91,49696,124,0,3,440978,26,1824,0,0,0,0,0,492713,0,0,8,718658,113303,0,0,0,0,4000,0,0,0,0,258,0,4,0,0,0,0,254,0,0,0,0,8,100193334,93902978,7,0,0,0,0,57856436,240063

2020-02-05 02:01:45.778000+00:00,spine3,sg0,34775684,0,58255038,1800667946,0,0,0,3521028,0,64575,342427,141691,320321,130810,0,386602,1184442,1651707386,1804999157,57564783,93391713,34056135,201896,8703,1941,21735,98702,979,obt-collector1,,,0/RP0/CPU0,0,0,0,113944715,0,0,21733,7494,268358,2997,0,0,0,457962,236087,90,49696,124,0,3,440979,26,1824,0,0,0,0,0,492713,0,0,8,718659,113303,0,0,0,0,4000,0,0,0,0,258,0,4,0,0,0,0,254,0,0,0,0,8,100193580,93903102,7,0,0,0,0,57856558,240063

2020-02-05 02:01:55.791000+00:00,spine3,sg0,34775684,0,58255160,1800670264,0,0,0,3521028,0,64575,342427,141691,320321,130810,0,386602,1184444,1651709704,1805001475,57564905,93391835,34056135,201896,8703,1941,21735,98702,979,obt-collector1,,,0/RP0/CPU0,0,0,0,113944959,0,0,21733,7495,268359,2997,0,0,0,457962,236087,90,49696,124,0,3,440981,26,1824,0,0,0,0,0,492713,0,0,8,718661,113303,0,0,0,0,4000,0,0,0,0,258,0,4,0,0,0,0,254,0,0,0,0,8,100193827,93903227,7,0,0,0,0,57856680,240063

2020-02-05 02:02:05.777000+00:00,spine3,sg0,34775685,0,58255283,1800672583,0,0,0,3521028,0,64575,342428,141692,320322,130810,0,386603,1184445,1651712022,1805003793,57565027,93391959,34056135,201896,8703,1941,21735,98703,979,obt-collector1,,,0/RP0/CPU0,0,0,0,113945207,0,0,21733,7495,268359,2997,0,0,0,457962,236087,90,49696,124,0,3,440981,26,1824,0,0,0,0,0,492713,0,0,8,718662,113303,0,0,0,0,4000,0,0,0,0,258,0,4,0,0,0,0,254,0,0,0,0,8,100194073,93903351,7,0,0,0,0,57856802,240063

2020-02-05 02:02:15.776000+00:00,spine3,sg0,34775686,0,58255406,1800674902,0,0,0,3521028,0,64575,342429,141693,320323,130811,0,386604,1184446,1651714340,1805006111,57565149,93392083,34056135,201896,8703,1941,21735,98704,979,obt-collector1,,,0/RP0/CPU0,0,0,0,113945455,0,0,21733,7495,268360,2997,0,0,0,457962,236087,90,49696,124,0,3,440981,26,1824,0,0,0,0,0,492713,0,0,8,718663,113303,0,0,0,0,4000,0,0,0,0,258,0,4,0,0,0,0,254,0,0,0,0,8,100194319,93903475,7,0,0,0,0,57856924,240063

2020-02-05 02:02:25.792000+00:00,spine3,sg0,34775687,0,58255529,1800677221,0,0,0,3521028,0,64575,342430,141694,320324,130811,0,386606,1184450,1651716658,1805008429,57565271,93392208,34056135,201896,8703,1941,21735,98705,979,obt-collector1,,,0/RP0/CPU0,0,0,0,113945703,0,0,21733,7496,268362,2997,0,0,0,457962,236087,90,49696,124,0,3,440983,26,1824,0,0,0,0,0,492713,0,0,8,718666,113303,0,0,0,0,4000,0,0,0,0,258,0,4,0,0,0,0,254,0,0,0,0,8,100194569,93903603,7,0,0,0,0,57857046,240063

2020-02-05 02:02:35.792000+00:00,spine3,sg0,34775688,0,58255652,1800679540,0,0,0,3521028,0,64575,342431,141695,320325,130811,0,386607,1184452,1651718976,1805010747,57565393,93392332,34056135,201896,8703,1941,21735,98706,979,obt-collector1,,,0/RP0/CPU0,0,0,0,113945951,0,0,21733,7496,268362,2997,0,0,0,457962,236087,90,49696,124,0,3,440984,26,1824,0,0,0,0,0,492713,0,0,8,718668,113303,0,0,0,0,4000,0,0,0,0,258,0,4,0,0,0,0,254,0,0,0,0,8,100194816,93903728,7,0,0,0,0,57857168,240063

2020-02-05 02:02:45.789000+00:00,spine3,sg0,34775688,0,58255774,1800681858,0,0,0,3521028,0,64575,342431,141695,320325,130811,0,386607,1184452,1651721294,1805013065,57565515,93392454,34056135,201896,8703,1941,21735,98706,979,obt-collector1,,,0/RP0/CPU0,0,0,0,113946195,0,0,21733,7496,268362,2997,0,0,0,457962,236087,90,49696,124,0,3,440984,26,1824,0,0,0,0,0,492713,0,0,8,718668,113303,0,0,0,0,4000,0,0,0,0,258,0,4,0,0,0,0,254,0,0,0,0,8,100195060,93903850,7,0,0,0,0,57857290,240063

2020-02-05 02:02:55.781000+00:00,spine3,sg0,34775689,0,58255897,1800684177,0,0,0,3521028,0,64575,342432,141696,320326,130812,0,386609,1184455,1651723612,1805015383,57565637,93392579,34056135,201896,8703,1941,21735,98707,979,obt-collector1,,,0/RP0/CPU0,0,0,0,113946443,0,0,21733,7497,268365,2997,0,0,0,457962,236087,90,49696,124,0,3,440985,26,1824,0,0,0,0,0,492713,0,0,8,718670,113303,0,0,0,0,4000,0,0,0,0,258,0,4,0,0,0,0,254,0,0,0,0,8,100195309,93903977,7,0,0,0,0,57857412,240063

2020-02-05 02:03:05.754000+00:00,spine3,sg0,34775690,0,58256020,1800686496,0,0,0,3521028,0,64575,342433,141697,320327,130812,0,386610,1184458,1651725930,1805017701,57565759,93392703,34056135,201896,8703,1941,21735,98708,979,obt-collector1,,,0/RP0/CPU0,0,0,0,113946691,0,0,21733,7497,268365,2997,0,0,0,457962,236087,90,49696,124,0,3,440987,26,1824,0,0,0,0,0,492713,0,0,8,718673,113303,0,0,0,0,4000,0,0,0,0,258,0,4,0,0,0,0,254,0,0,0,0,8,100195557,93904103,7,0,0,0,0,57857534,240063

2020-02-05 02:03:15.785000+00:00,spine3,sg0,34775691,0,58256143,1800688815,0,0,0,3521028,0,64575,342434,141698,320328,130812,0,386611,1184459,1651728248,1805020019,57565881,93392827,34056135,201896,8703,1941,21735,98709,979,obt-collector1,,,0/RP0/CPU0,0,0,0,113946939,0,0,21733,7497,268365,2997,0,0,0,457962,236087,90,49696,124,0,3,440987,26,1824,0,0,0,0,0,492713,0,0,8,718674,113303,0,0,0,0,4000,0,0,0,0,258,0,4,0,0,0,0,254,0,0,0,0,8,100195803,93904227,7,0,0,0,0,57857656,240063

2020-02-05 02:03:25.778000+00:00,spine3,sg0,34775691,0,58256265,1800691133,0,0,0,3521028,0,64575,342434,141698,320328,130813,0,386611,1184459,1651730566,1805022337,57566003,93392949,34056135,201896,8703,1941,21735,98709,979,obt-collector1,,,0/RP0/CPU0,0,0,0,113947183,0,0,21733,7498,268367,2997,0,0,0,457962,236087,90,49696,124,0,3,440987,26,1824,0,0,0,0,0,492713,0,0,8,718674,113303,0,0,0,0,4000,0,0,0,0,258,0,4,0,0,0,0,254,0,0,0,0,8,100196048,93904350,7,0,0,0,0,57857778,240063

2020-02-05 02:03:35.811000+00:00,spine3,sg0,34775693,0,58256389,1800693453,0,0,0,3521028,0,64575,342436,141700,320330,130813,0,386614,1184464,1651732884,1805024655,57566125,93393076,34056135,201896,8703,1941,21735,98711,979,obt-collector1,,,0/RP0/CPU0,0,0,0,113947435,0,0,21733,7498,268368,2997,0,0,0,457962,236087,91,49696,124,0,3,440989,26,1824,0,0,0,0,0,492713,0,0,8,718678,113303,0,0,0,0,4000,0,0,0,0,258,0,4,0,0,0,0,254,0,0,0,0,8,100196299,93904479,7,0,0,0,0,57857900,240063

2020-02-05 02:03:45.789000+00:00,spine3,sg0,34775693,0,58256511,1800695771,0,0,0,3521028,0,64575,342436,141700,320330,130813,0,386614,1184465,1651735202,1805026973,57566247,93393198,34056135,201896,8703,1941,21735,98711,979,obt-collector1,,,0/RP0/CPU0,0,0,0,113947679,0,0,21733,7498,268368,2997,0,0,0,457962,236087,89,49696,124,0,3,440990,26,1824,0,0,0,0,0,492713,0,0,8,718679,113303,0,0,0,0,4000,0,0,0,0,258,0,4,0,0,0,0,254,0,0,0,0,8,100196544,93904602,7,0,0,0,0,57858022,240063

2020-02-05 02:03:55.786000+00:00,spine3,sg0,34775695,0,58256635,1800698091,0,0,0,3521028,0,64575,342438,141702,320332,130813,0,386616,1184467,1651737520,1805029291,57566369,93393324,34056135,201896,8703,1941,21735,98713,979,obt-collector1,,,0/RP0/CPU0,0,0,0,113947931,0,0,21733,7499,268369,2997,0,0,0,457962,236087,91,49696,124,0,3,440990,26,1824,0,0,0,0,0,492713,0,0,8,718681,113303,0,0,0,0,4000,0,0,0,0,258,0,4,0,0,0,0,254,0,0,0,0,8,100196793,93904729,7,0,0,0,0,57858144,240063

2020-02-05 02:04:05.793000+00:00,spine3,sg0,34775695,0,58256757,1800700409,0,0,0,3521028,0,64575,342439,141703,320332,130814,0,386616,1184467,1651739838,1805031609,57566491,93393446,34056135,201896,8703,1941,21736,98713,979,obt-collector1,,,0/RP0/CPU0,0,0,0,113948178,0,0,21734,7499,268371,2997,0,0,0,457962,236087,90,49696,124,0,3,440990,26,1824,0,0,0,0,0,492713,0,0,8,718681,113303,0,0,0,0,4000,0,0,0,0,258,0,4,0,0,0,0,254,0,0,0,0,8,100197037,93904851,7,0,0,0,0,57858266,240063

2020-02-05 02:04:15.782000+00:00,spine3,sg0,34775696,0,58256880,1800702728,0,0,0,3521028,0,64575,342440,141704,320333,130814,0,386618,1184470,1651742156,1805033927,57566613,93393571,34056135,201896,8703,1941,21736,98714,979,obt-collector1,,,0/RP0/CPU0,0,0,0,113948426,0,0,21734,7499,268371,2997,0,0,0,457962,236087,92,49696,124,0,3,440991,26,1824,0,0,0,0,0,492713,0,0,8,718684,113303,0,0,0,0,4000,0,0,0,0,258,0,4,0,0,0,0,254,0,0,0,0,8,100197285,93904977,7,0,0,0,0,57858388,240063

2020-02-05 02:04:25.787000+00:00,spine3,sg0,34775697,0,58257003,1800705047,0,0,0,3521028,0,64575,342441,141705,320334,130814,0,386619,1184472,1651744474,1805036245,57566735,93393695,34056135,201896,8703,1941,21736,98715,979,obt-collector1,,,0/RP0/CPU0,0,0,0,113948674,0,0,21734,7500,268372,2997,0,0,0,457962,236087,91,49696,124,0,3,440992,26,1824,0,0,0,0,0,492713,0,0,8,718686,113303,0,0,0,0,4000,0,0,0,0,258,0,4,0,0,0,0,254,0,0,0,0,8,100197533,93905103,7,0,0,0,0,57858510,240063

2020-02-05 02:04:35.761000+00:00,spine3,sg0,34775698,0,58257126,1800707366,0,0,0,3521028,0,64575,342442,141706,320335,130814,0,386620,1184473,1651746792,1805038563,57566857,93393819,34056135,201896,8703,1941,21736,98716,979,obt-collector1,,,0/RP0/CPU0,0,0,0,113948922,0,0,21734,7500,268372,2997,0,0,0,457962,236087,91,49696,124,0,3,440992,26,1824,0,0,0,0,0,492713,0,0,8,718687,113303,0,0,0,0,4000,0,0,0,0,258,0,4,0,0,0,0,254,0,0,0,0,8,100197779,93905227,7,0,0,0,0,57858632,240063

2020-02-05 02:04:45.801000+00:00,spine3,sg0,34775699,0,58257249,1800709685,0,0,0,3521028,0,64575,342443,141707,320336,130815,0,386622,1184477,1651749110,1805040881,57566979,93393944,34056135,201896,8703,1941,21736,98717,979,obt-collector1,,,0/RP0/CPU0,0,0,0,113949170,0,0,21734,7500,268374,2997,0,0,0,457962,236087,92,49696,124,0,3,440994,26,1824,0,0,0,0,0,492713,0,0,8,718690,113303,0,0,0,0,4000,0,0,0,0,258,0,4,0,0,0,0,254,0,0,0,0,8,100198028,93905354,7,0,0,0,0,57858754,240063

2020-02-05 02:04:55.793000+00:00,spine3,sg0,34775701,0,58257373,1800712005,0,0,0,3521028,0,64575,342445,141709,320338,130815,0,386624,1184480,1651751428,1805043199,57567101,93394070,34056135,201896,8703,1941,21736,98719,979,obt-collector1,,,0/RP0/CPU0,0,0,0,113949422,0,0,21734,7501,268375,2997,0,0,0,457962,236087,94,49696,124,0,3,440995,26,1824,0,0,0,0,0,492713,0,0,8,718693,113303,0,0,0,0,4000,0,0,0,0,258,0,4,0,0,0,0,254,0,0,0,0,8,100198278,93905482,7,0,0,0,0,57858876,240063

2020-02-05 02:05:05.807000+00:00,spine3,sg0,34775701,0,58257495,1800714323,0,0,0,3521028,0,64575,342445,141709,320338,130815,0,386624,1184481,1651753746,1805045517,57567223,93394192,34056135,201896,8703,1941,21736,98719,979,obt-collector1,,,0/RP0/CPU0,0,0,0,113949666,0,0,21734,7501,268375,2997,0,0,0,457962,236087,93,49696,124,0,3,440996,26,1824,0,0,0,0,0,492713,0,0,8,718694,113303,0,0,0,0,4000,0,0,0,0,258,0,4,0,0,0,0,254,0,0,0,0,8,100198523,93905605,7,0,0,0,0,57858998,240063

2020-02-05 02:05:15.816000+00:00,spine3,sg0,34775704,0,58257617,1800716641,0,0,0,3521028,0,64575,342445,141709,320338,130816,0,386624,1184481,1651756064,1805047835,57567345,93394317,34056135,201896,8703,1941,21736,98719,979,obt-collector1,,,0/RP0/CPU0,0,0,0,113949910,0,0,21734,7501,268376,2997,0,0,0,457962,236090,92,49696,124,0,3,440996,26,1824,0,0,0,0,0,492713,0,0,8,718694,113303,0,0,0,0,4000,0,0,0,0,258,0,4,0,0,0,0,254,0,0,0,0,8,100198767,93905730,7,0,0,0,0,57859120,240066

2020-02-05 02:05:25.792000+00:00,spine3,sg0,34775707,0,58257741,1800718961,0,0,0,3521028,0,64575,342447,141711,320340,130816,0,386627,1184486,1651758382,1805050153,57567467,93394445,34056135,201896,8703,1941,21736,98721,979,obt-collector1,,,0/RP0/CPU0,0,0,0,113950162,0,0,21734,7502,268378,2997,0,0,0,457962,236091,93,49696,124,0,3,440998,26,1824,0,0,0,0,0,492713,0,0,8,718698,113303,0,0,0,0,4000,0,0,0,0,258,0,4,0,0,0,0,254,0,0,0,0,8,100199019,93905861,7,0,0,0,0,57859242,240067

2020-02-05 02:05:35.796000+00:00,spine3,sg0,34775708,0,58257863,1800721279,0,0,0,3521028,0,64575,342447,141711,320340,130816,0,386627,1184487,1651760700,1805052471,57567589,93394568,34056135,201896,8703,1941,21736,98721,979,obt-collector1,,,0/RP0/CPU0,0,0,0,113950406,0,0,21734,7502,268378,2997,0,0,0,457962,236092,92,49696,124,0,3,440999,26,1824,0,0,0,0,0,492713,0,0,8,718699,113303,0,0,0,0,4000,0,0,0,0,258,0,4,0,0,0,0,254,0,0,0,0,8,100199264,93905985,7,0,0,0,0,57859364,240068

2020-02-05 02:05:45.792000+00:00,spine3,sg0,34775712,0,58257986,1800723598,0,0,0,3521028,0,64575,342448,141712,320341,130816,0,386628,1184488,1651763018,1805054789,57567711,93394695,34056135,201896,8703,1941,21736,98722,979,obt-collector1,,,0/RP0/CPU0,0,0,0,113950654,0,0,21734,7502,268378,2997,0,0,0,457962,236095,93,49696,124,0,3,440999,26,1824,0,0,0,0,0,492713,0,0,8,718700,113303,0,0,0,0,4000,0,0,0,0,258,0,4,0,0,0,0,254,0,0,0,0,8,100199510,93906112,7,0,0,0,0,57859486,240071

2020-02-05 02:05:55.791000+00:00,spine3,sg0,34775712,0,58258108,1800725916,0,0,0,3521028,0,64575,342448,141712,320341,130817,0,386629,1184490,1651765336,1805057107,57567833,93394818,34056135,201896,8703,1941,21736,98722,979,obt-collector1,,,0/RP0/CPU0,0,0,0,113950898,0,0,21734,7503,268381,2997,0,0,0,457962,236095,92,49696,124,0,3,441000,26,1824,0,0,0,0,0,492713,0,0,8,718701,113303,0,0,0,0,4000,0,0,0,0,258,0,4,0,0,0,0,254,0,0,0,0,8,100199757,93906237,7,0,0,0,0,57859608,240071

2020-02-05 02:06:05.785000+00:00,spine3,sg0,34775717,0,58258231,1800728235,0,0,0,3521028,0,64575,342449,141713,320342,130817,0,386630,1184492,1651767654,1805059425,57567955,93394946,34056135,201896,8703,1941,21736,98723,979,obt-collector1,,,0/RP0/CPU0,0,0,0,113951146,0,0,21734,7503,268381,2997,0,0,0,457962,236099,92,49696,124,0,3,441001,26,1824,0,0,0,0,0,492713,0,0,8,718703,113303,0,0,0,0,4000,0,0,0,0,258,0,4,0,0,0,0,254,0,0,0,0,8,100200004,93906366,7,0,0,0,0,57859730,240075

2020-02-05 02:06:15.787000+00:00,spine3,sg0,34775718,0,58258354,1800730554,0,0,0,3521028,0,64575,342450,141714,320343,130817,0,386631,1184494,1651769972,1805061743,57568077,93395070,34056135,201896,8703,1941,21736,98724,979,obt-collector1,,,0/RP0/CPU0,0,0,0,113951394,0,0,21734,7503,268381,2997,0,0,0,457962,236099,92,49696,124,0,3,441002,26,1824,0,0,0,0,0,492713,0,0,8,718705,113303,0,0,0,0,4000,0,0,0,0,258,0,4,0,0,0,0,254,0,0,0,0,8,100200251,93906491,7,0,0,0,0,57859852,240075

2020-02-05 02:06:25.794000+00:00,spine3,sg0,34775719,0,58258477,1800732873,0,0,0,3521028,0,64575,342451,141715,320344,130818,0,386632,1184495,1651772290,1805064061,57568199,93395194,34056135,201896,8703,1941,21736,98725,979,obt-collector1,,,0/RP0/CPU0,0,0,0,113951642,0,0,21734,7504,268383,2997,0,0,0,457962,236099,93,49696,124,0,3,441002,26,1824,0,0,0,0,0,492713,0,0,8,718706,113303,0,0,0,0,4000,0,0,0,0,258,0,4,0,0,0,0,254,0,0,0,0,8,100200498,93906616,7,0,0,0,0,57859974,240075

2020-02-05 02:06:35.819000+00:00,spine3,sg0,34775719,0,58258599,1800735191,0,0,0,3521028,0,64575,342451,141715,320344,130818,0,386633,1184498,1651774608,1805066379,57568321,93395317,34056135,201896,8703,1941,21736,98725,979,obt-collector1,,,0/RP0/CPU0,0,0,0,113951886,0,0,21734,7504,268384,2997,0,0,0,457962,236099,91,49696,124,0,3,441004,26,1824,0,0,0,0,0,492713,0,0,8,718708,113303,0,0,0,0,4000,0,0,0,0,258,0,4,0,0,0,0,254,0,0,0,0,8,100200745,93906741,7,0,0,0,0,57860096,240075

2020-02-05 02:06:45.800000+00:00,spine3,sg0,34775721,0,58258723,1800737511,0,0,0,3521028,0,64575,342453,141717,320346,130818,0,386635,1184501,1651776926,1805068697,57568443,93395443,34056135,201896,8703,1941,21736,98727,979,obt-collector1,,,0/RP0/CPU0,0,0,0,113952138,0,0,21734,7504,268384,2997,0,0,0,457962,236099,93,49696,124,0,3,441005,26,1824,0,0,0,0,0,492713,0,0,8,718711,113303,0,0,0,0,4000,0,0,0,0,258,0,4,0,0,0,0,254,0,0,0,0,8,100200994,93906868,7,0,0,0,0,57860218,240075

2020-02-05 02:06:55.791000+00:00,spine3,sg0,34775721,0,58258845,1800739829,0,0,0,3521028,0,64575,342453,141717,320346,130818,0,386635,1184501,1651779244,1805071015,57568565,93395565,34056135,201896,8703,1941,21736,98727,979,obt-collector1,,,0/RP0/CPU0,0,0,0,113952382,0,0,21734,7505,268385,2997,0,0,0,457962,236099,91,49696,124,0,3,441005,26,1824,0,0,0,0,0,492713,0,0,8,718711,113303,0,0,0,0,4000,0,0,0,0,258,0,4,0,0,0,0,254,0,0,0,0,8,100201239,93906991,7,0,0,0,0,57860340,240075

2020-02-05 02:07:05.773000+00:00,spine3,sg0,34775722,0,58258968,1800742148,0,0,0,3521028,0,64575,342454,141718,320347,130819,0,386637,1184504,1651781562,1805073333,57568687,93395690,34056135,201896,8703,1941,21736,98728,979,obt-collector1,,,0/RP0/CPU0,0,0,0,113952630,0,0,21734,7505,268387,2997,0,0,0,457962,236099,91,49696,124,0,3,441006,26,1824,0,0,0,0,0,492713,0,0,8,718713,113303,0,0,0,0,4000,0,0,0,0,258,0,4,0,0,0,0,254,0,0,0,0,8,100201487,93907117,7,0,0,0,0,57860462,240075

2020-02-05 02:07:15.784000+00:00,spine3,sg0,34775724,0,58259092,1800744468,0,0,0,3521028,0,64575,342456,141720,320349,130819,0,386639,1184507,1651783880,1805075651,57568809,93395816,34056135,201896,8703,1941,21736,98730,979,obt-collector1,,,0/RP0/CPU0,0,0,0,113952882,0,0,21734,7505,268387,2997,0,0,0,457962,236099,92,49696,124,0,3,441007,26,1824,0,0,0,0,0,492713,0,0,8,718716,113303,0,0,0,0,4000,0,0,0,0,258,0,4,0,0,0,0,254,0,0,0,0,8,100201736,93907244,7,0,0,0,0,57860584,240075

2020-02-05 02:07:25.792000+00:00,spine3,sg0,34775724,0,58259214,1800746786,0,0,0,3521028,0,64575,342456,141720,320349,130819,0,386639,1184508,1651786198,1805077969,57568931,93395938,34056135,201896,8703,1941,21736,98730,979,obt-collector1,,,0/RP0/CPU0,0,0,0,113953126,0,0,21734,7506,268388,2997,0,0,0,457962,236099,91,49696,124,0,3,441008,26,1824,0,0,0,0,0,492713,0,0,8,718717,113303,0,0,0,0,4000,0,0,0,0,258,0,4,0,0,0,0,254,0,0,0,0,8,100201982,93907368,7,0,0,0,0,57860706,240075

2020-02-05 02:07:35.780000+00:00,spine3,sg0,34775726,0,58259337,1800749105,0,0,0,3521028,0,64575,342457,141721,320350,130820,0,386640,1184509,1651788516,1805080287,57569053,93396063,34056135,201896,8703,1941,21736,98731,979,obt-collector1,,,0/RP0/CPU0,0,0,0,113953374,0,0,21734,7506,268389,2997,0,0,0,457962,236100,91,49696,124,0,3,441008,26,1824,0,0,0,0,0,492713,0,0,8,718718,113303,0,0,0,0,4000,0,0,0,0,258,0,4,0,0,0,0,254,0,0,0,0,8,100202228,93907493,7,0,0,0,0,57860828,240076

2020-02-05 02:07:45.818000+00:00,spine3,sg0,34775731,0,58259461,1800751425,0,0,0,3521028,0,64575,342460,141724,320352,130820,0,386643,1184512,1651790834,1805082605,57569175,93396193,34056135,201896,8703,1941,21737,98733,979,obt-collector1,,,0/RP0/CPU0,0,0,0,113953629,0,0,21735,7506,268390,2997,0,0,0,457962,236103,93,49696,124,0,3,441008,26,1824,0,0,0,0,0,492713,0,0,8,718721,113303,0,0,0,0,4000,0,0,0,0,258,0,4,0,0,0,0,254,0,0,0,0,8,100202477,93907623,7,0,0,0,0,57860950,240079

2020-02-05 02:07:55.797000+00:00,spine3,sg0,34775733,0,58259583,1800753743,0,0,0,3521028,0,64575,342460,141724,320352,130820,0,386643,1184513,1651793152,1805084923,57569297,93396317,34056135,201896,8703,1941,21737,98733,979,obt-collector1,,,0/RP0/CPU0,0,0,0,113953873,0,0,21735,7507,268391,2997,0,0,0,457962,236105,91,49696,124,0,3,441009,26,1824,0,0,0,0,0,492713,0,0,8,718722,113303,0,0,0,0,4000,0,0,0,0,258,0,4,0,0,0,0,254,0,0,0,0,8,100202723,93907749,7,0,0,0,0,57861072,240081

2020-02-05 02:08:05.789000+00:00,spine3,sg0,34775736,0,58259706,1800756062,0,0,0,3521028,0,64575,342461,141725,320353,130820,0,386644,1184515,1651795470,1805087241,57569419,93396443,34056135,201896,8703,1941,21737,98734,979,obt-collector1,,,0/RP0/CPU0,0,0,0,113954121,0,0,21735,7507,268391,2997,0,0,0,457962,236107,92,49696,124,0,3,441010,26,1824,0,0,0,0,0,492713,0,0,8,718724,113303,0,0,0,0,4000,0,0,0,0,258,0,4,0,0,0,0,254,0,0,0,0,8,100202970,93907876,7,0,0,0,0,57861194,240083

2020-02-05 02:08:15.798000+00:00,spine3,sg0,34775737,0,58259829,1800758381,0,0,0,3521028,0,64575,342462,141726,320354,130821,0,386645,1184517,1651797788,1805089559,57569541,93396567,34056135,201896,8703,1941,21737,98735,979,obt-collector1,,,0/RP0/CPU0,0,0,0,113954369,0,0,21735,7507,268392,2997,0,0,0,457962,236107,93,49696,124,0,3,441011,26,1824,0,0,0,0,0,492713,0,0,8,718726,113303,0,0,0,0,4000,0,0,0,0,258,0,4,0,0,0,0,254,0,0,0,0,8,100203217,93908001,7,0,0,0,0,57861316,240083

2020-02-05 02:08:25.777000+00:00,spine3,sg0,34775738,0,58259952,1800760700,0,0,0,3521028,0,64575,342463,141727,320355,130821,0,386647,1184520,1651800106,1805091877,57569663,93396692,34056135,201896,8703,1941,21737,98736,979,obt-collector1,,,0/RP0/CPU0,0,0,0,113954617,0,0,21735,7508,268394,2997,0,0,0,457962,236107,92,49696,124,0,3,441012,26,1824,0,0,0,0,0,492713,0,0,8,718728,113303,0,0,0,0,4000,0,0,0,0,258,0,4,0,0,0,0,254,0,0,0,0,8,100203466,93908128,7,0,0,0,0,57861438,240083

2020-02-05 02:08:35.777000+00:00,spine3,sg0,34775739,0,58260075,1800763019,0,0,0,3521028,0,64575,342464,141728,320356,130821,0,386648,1184523,1651802424,1805094195,57569785,93396816,34056135,201896,8703,1941,21737,98737,979,obt-collector1,,,0/RP0/CPU0,0,0,0,113954865,0,0,21735,7508,268394,2997,0,0,0,457962,236107,93,49696,124,0,3,441014,26,1824,0,0,0,0,0,492713,0,0,8,718731,113303,0,0,0,0,4000,0,0,0,0,258,0,4,0,0,0,0,254,0,0,0,0,8,100203714,93908254,7,0,0,0,0,57861560,240083

2020-02-05 02:08:45.813000+00:00,spine3,sg0,34775740,0,58260198,1800765338,0,0,0,3521028,0,64575,342465,141729,320357,130821,0,386649,1184524,1651804742,1805096513,57569907,93396940,34056135,201896,8703,1941,21737,98738,979,obt-collector1,,,0/RP0/CPU0,0,0,0,113955113,0,0,21735,7508,268394,2997,0,0,0,457962,236107,93,49696,124,0,3,441014,26,1824,0,0,0,0,0,492713,0,0,8,718732,113303,0,0,0,0,4000,0,0,0,0,258,0,4,0,0,0,0,254,0,0,0,0,8,100203960,93908378,7,0,0,0,0,57861682,240083

2020-02-05 02:08:55.786000+00:00,spine3,sg0,34775741,0,58260321,1800767657,0,0,0,3521028,0,64575,342466,141730,320358,130822,0,386651,1184526,1651807060,1805098831,57570029,93397065,34056135,201896,8703,1941,21737,98739,979,obt-collector1,,,0/RP0/CPU0,0,0,0,113955361,0,0,21735,7509,268397,2997,0,0,0,457962,236107,94,49696,124,0,3,441014,26,1824,0,0,0,0,0,492713,0,0,8,718733,113303,0,0,0,0,4000,0,0,0,0,258,0,4,0,0,0,0,254,0,0,0,0,8,100204208,93908504,7,0,0,0,0,57861804,240083

2020-02-05 02:09:05.783000+00:00,spine3,sg0,34775741,0,58260443,1800769975,0,0,0,3521028,0,64575,342466,141730,320358,130822,0,386651,1184528,1651809378,1805101149,57570151,93397187,34056135,201896,8703,1941,21737,98739,979,obt-collector1,,,0/RP0/CPU0,0,0,0,113955605,0,0,21735,7509,268397,2997,0,0,0,457962,236107,93,49696,124,0,3,441016,26,1824,0,0,0,0,0,492713,0,0,8,718735,113303,0,0,0,0,4000,0,0,0,0,258,0,4,0,0,0,0,254,0,0,0,0,8,100204454,93908628,7,0,0,0,0,57861926,240083

2020-02-05 02:09:15.791000+00:00,spine3,sg0,34775741,0,58260565,1800772293,0,0,0,3521028,0,64575,342466,141730,320358,130822,0,386651,1184529,1651811696,1805103467,57570273,93397309,34056135,201896,8703,1941,21737,98739,979,obt-collector1,,,0/RP0/CPU0,0,0,0,113955849,0,0,21735,7509,268397,2997,0,0,0,457962,236107,92,49696,124,0,3,441017,26,1824,0,0,0,0,0,492713,0,0,8,718736,113303,0,0,0,0,4000,0,0,0,0,258,0,4,0,0,0,0,254,0,0,0,0,8,100204699,93908751,7,0,0,0,0,57862048,240083

2020-02-05 02:09:25.797000+00:00,spine3,sg0,34775742,0,58260688,1800774612,0,0,0,3521028,0,64575,342467,141731,320359,130823,0,386652,1184530,1651814014,1805105785,57570395,93397433,34056135,201896,8703,1941,21737,98740,979,obt-collector1,,,0/RP0/CPU0,0,0,0,113956097,0,0,21735,7510,268399,2997,0,0,0,457962,236107,92,49696,124,0,3,441017,26,1824,0,0,0,0,0,492713,0,0,8,718737,113303,0,0,0,0,4000,0,0,0,0,258,0,4,0,0,0,0,254,0,0,0,0,8,100204946,93908876,7,0,0,0,0,57862170,240083

2020-02-05 02:09:35.809000+00:00,spine3,sg0,34775744,0,58260812,1800776932,0,0,0,3521028,0,64575,342469,141733,320361,130823,0,386655,1184534,1651816332,1805108103,57570517,93397560,34056135,201896,8703,1941,21737,98742,979,obt-collector1,,,0/RP0/CPU0,0,0,0,113956349,0,0,21735,7510,268400,2997,0,0,0,457962,236107,94,49696,124,0,3,441018,26,1824,0,0,0,0,0,492713,0,0,8,718740,113303,0,0,0,0,4000,0,0,0,0,258,0,4,0,0,0,0,254,0,0,0,0,8,100205196,93909004,7,0,0,0,0,57862292,240083

2020-02-05 02:09:45.821000+00:00,spine3,sg0,34775744,0,58260934,1800779250,0,0,0,3521028,0,64575,342469,141733,320361,130823,0,386655,1184536,1651818650,1805110421,57570639,93397682,34056135,201896,8703,1941,21737,98742,979,obt-collector1,,,0/RP0/CPU0,0,0,0,113956593,0,0,21735,7510,268400,2997,0,0,0,457962,236107,92,49696,124,0,3,441020,26,1824,0,0,0,0,0,492713,0,0,8,718742,113303,0,0,0,0,4000,0,0,0,0,258,0,4,0,0,0,0,254,0,0,0,0,8,100205442,93909128,7,0,0,0,0,57862414,240083

2020-02-05 02:09:55.793000+00:00,spine3,sg0,34775747,0,58261059,1800781571,0,0,0,3521028,0,64575,342472,141736,320364,130823,0,386658,1184539,1651820968,1805112739,57570761,93397810,34056135,201896,8703,1941,21737,98745,979,obt-collector1,,,0/RP0/CPU0,0,0,0,113956849,0,0,21735,7511,268401,2997,0,0,0,457962,236107,95,49696,124,0,3,441020,26,1824,0,0,0,0,0,492713,0,0,8,718745,113303,0,0,0,0,4000,0,0,0,0,258,0,4,0,0,0,0,254,0,0,0,0,8,100205693,93909257,7,0,0,0,0,57862536,240083

2020-02-05 02:10:05.798000+00:00,spine3,sg0,34775747,0,58261181,1800783889,0,0,0,3521028,0,64575,342472,141736,320364,130824,0,386659,1184540,1651823286,1805115057,57570883,93397933,34056135,201896,8703,1941,21737,98745,979,obt-collector1,,,0/RP0/CPU0,0,0,0,113957093,0,0,21735,7511,268403,2997,0,0,0,457962,236107,94,49696,124,0,3,441020,26,1824,0,0,0,0,0,492713,0,0,8,718745,113303,0,0,0,0,4000,0,0,0,0,258,0,4,0,0,0,0,254,0,0,0,0,8,100205938,93909380,7,0,0,0,0,57862658,240083

2020-02-05 02:10:15.805000+00:00,spine3,sg0,34775747,0,58261303,1800786207,0,0,0,3521028,0,64575,342472,141736,320364,130824,0,386659,1184542,1651825604,1805117375,57571005,93398055,34056135,201896,8703,1941,21737,98745,979,obt-collector1,,,0/RP0/CPU0,0,0,0,113957337,0,0,21735,7511,268403,2997,0,0,0,457962,236107,92,49696,124,0,3,441022,26,1824,0,0,0,0,0,492713,0,0,8,718747,113303,0,0,0,0,4000,0,0,0,0,258,0,4,0,0,0,0,254,0,0,0,0,8,100206184,93909504,7,0,0,0,0,57862780,240083

2020-02-05 02:10:25.814000+00:00,spine3,sg0,34775749,0,58261427,1800788527,0,0,0,3521028,0,64575,342474,141738,320366,130824,0,386661,1184545,1651827922,1805119693,57571127,93398181,34056135,201896,8703,1941,21737,98747,979,obt-collector1,,,0/RP0/CPU0,0,0,0,113957589,0,0,21735,7512,268404,2997,0,0,0,457962,236107,94,49696,124,0,3,441023,26,1824,0,0,0,0,0,492713,0,0,8,718750,113303,0,0,0,0,4000,0,0,0,0,258,0,4,0,0,0,0,254,0,0,0,0,8,100206434,93909632,7,0,0,0,0,57862902,240083

