,Producer,Target,host,icmp/checksum-error-messages,icmp/output-messages,icmp/received-echo-reply-messages,icmp/received-echo-request-messages,icmp/received-hop-count-expired-messages,icmp/received-parameter-error-messages,icmp/received-parameter-header-messages,icmp/received-parameter-option-messages,icmp/received-parameter-unknown-type-messages,icmp/received-reassembly-timeouts,icmp/received-too-big-messages,icmp/received-unknown-timeout-messages,icmp/received-unreachable-address-messages,icmp/received-unreachable-admin-messages,icmp/received-unreachable-neighbor-messages,icmp/received-unreachable-port-messages,icmp/received-unreachable-routing-messages,icmp/received-unreachable-unknown-type-messages,icmp/sent-echo-reply-messages,icmp/sent-echo-request-messages,icmp/sent-hop-count-expired-messages,icmp/sent-parameter-error-messages,icmp/sent-parameter-header-messages,icmp/sent-parameter-option-messages,icmp/sent-parameter-unknown-type-messages,icmp/sent-rate-limited-packets,icmp/sent-reassembly-timeouts,icmp/sent-too-big-messages,icmp/sent-unknown-timeout-messages,icmp/sent-unreachable-address-messages,icmp/sent-unreachable-admin-messages,icmp/sent-unreachable-neighbor-messages,icmp/sent-unreachable-port-messages,icmp/sent-unreachable-routing-messages,icmp/sent-unreachable-unknown-type-messages,icmp/too-short-error-messages,icmp/total-messages,icmp/unknown-error-type-messages,ipv6-node-discovery/received-neighbor-advertisement-messages,ipv6-node-discovery/received-neighbor-solicitation-messages,ipv6-node-discovery/received-redirect-messages,ipv6-node-discovery/received-router-advertisement-messages,ipv6-node-discovery/received-router-solicitation-messages,ipv6-node-discovery/sent-neighbor-advertisement-messages,ipv6-node-discovery/sent-neighbor-solicitation-messages,ipv6-node-discovery/sent-redirect-messages,ipv6-node-discovery/sent-router-advertisement-messages,ipv6-node-discovery/sent-router-solicitation-messages,ipv6/bad-header-packets,ipv6/bad-source-address-packets,ipv6/format-errors,ipv6/forwarded-packets,ipv6/fragment-count,ipv6/fragment-failures,ipv6/fragmented-packets,ipv6/fragments,ipv6/generated-packets,ipv6/hop-count-exceeded-packets,ipv6/io-puntback,ipv6/lisp-decap-errors,ipv6/lisp-encap-errors,ipv6/lisp-v4-decap-packets,ipv6/lisp-v4-encap-packets,ipv6/lisp-v6-decap-packets,ipv6/lisp-v6-encap-packets,ipv6/local-destination-packets,ipv6/miscellaneous-drops,ipv6/no-route-packets,ipv6/reassembled-packets,ipv6/reassembly-failures,ipv6/reassembly-maximum-drops,ipv6/reassembly-timeouts,ipv6/received-multicast-packets,ipv6/sent-multicast-packets,ipv6/source-routed-packets,ipv6/too-big-packets,ipv6/total-packets,ipv6/truncated-packets,ipv6/unknown-option-type-packets,ipv6/unknown-protocol-packets,node-name

2020-02-05 01:51:25.856000+00:00,spine3,sg2,obt-collector1,1,228,0,0,0,0,0,0,0,0,0,0,0,0,0,0,0,0,0,0,124,0,0,0,0,112,0,0,0,0,0,0,97,7,0,0,132,0,40297,40282,0,20267,0,40312,40295,0,20295,0,59,178,0,97,0,0,0,0,101261,0,0,0,0,0,0,0,0,219,0,73,0,0,0,0,20744,0,0,0,101758,0,211,0,0/0/CPU0

2020-02-05 01:51:25.859000+00:00,spine3,sg2,obt-collector1,0,355,0,0,0,0,0,0,0,0,0,0,35,0,0,0,0,0,0,0,0,0,0,0,0,1661,0,0,0,0,0,0,0,355,0,0,35,0,0,0,0,0,0,0,0,0,0,0,0,0,0,0,0,0,0,0,44552474,0,0,0,0,0,0,0,0,35,0,977,0,0,0,0,0,0,0,0,50254481,0,0,0,0/RP0/CPU0

2020-02-05 01:51:35.827000+00:00,spine3,sg2,obt-collector1,1,228,0,0,0,0,0,0,0,0,0,0,0,0,0,0,0,0,0,0,124,0,0,0,0,112,0,0,0,0,0,0,97,7,0,0,132,0,40305,40287,0,20269,0,40317,40303,0,20298,0,59,178,0,97,0,0,0,0,101277,0,0,0,0,0,0,0,0,219,0,73,0,0,0,0,20746,0,0,0,101773,0,211,0,0/0/CPU0

2020-02-05 01:51:35.830000+00:00,spine3,sg2,obt-collector1,0,355,0,0,0,0,0,0,0,0,0,0,35,0,0,0,0,0,0,0,0,0,0,0,0,1661,0,0,0,0,0,0,0,355,0,0,35,0,0,0,0,0,0,0,0,0,0,0,0,0,0,0,0,0,0,0,44552547,0,0,0,0,0,0,0,0,35,0,977,0,0,0,0,0,0,0,0,50254609,0,0,0,0/RP0/CPU0

2020-02-05 01:51:45.839000+00:00,spine3,sg2,obt-collector1,1,228,0,0,0,0,0,0,0,0,0,0,0,0,0,0,0,0,0,0,124,0,0,0,0,112,0,0,0,0,0,0,97,7,0,0,132,0,40310,40290,0,20272,0,40320,40308,0,20300,0,59,178,0,97,0,0,0,0,101287,0,0,0,0,0,0,0,0,219,0,73,0,0,0,0,20749,0,0,0,101784,0,211,0,0/0/CPU0

2020-02-05 01:51:45.842000+00:00,spine3,sg2,obt-collector1,0,355,0,0,0,0,0,0,0,0,0,0,35,0,0,0,0,0,0,0,0,0,0,0,0,1661,0,0,0,0,0,0,0,355,0,0,35,0,0,0,0,0,0,0,0,0,0,0,0,0,0,0,0,0,0,0,44552612,0,0,0,0,0,0,0,0,35,0,977,0,0,0,0,0,0,0,0,50254737,0,0,0,0/RP0/CPU0

2020-02-05 01:51:55.833000+00:00,spine3,sg2,obt-collector1,1,228,0,0,0,0,0,0,0,0,0,0,0,0,0,0,0,0,0,0,124,0,0,0,0,112,0,0,0,0,0,0,97,7,0,0,132,0,40314,40292,0,20275,0,40322,40312,0,20302,0,59,178,0,97,0,0,0,0,101295,0,0,0,0,0,0,0,0,219,0,73,0,0,0,0,20752,0,0,0,101793,0,211,0,0/0/CPU0

2020-02-05 01:51:55.835000+00:00,spine3,sg2,obt-collector1,0,355,0,0,0,0,0,0,0,0,0,0,35,0,0,0,0,0,0,0,0,0,0,0,0,1661,0,0,0,0,0,0,0,355,0,0,35,0,0,0,0,0,0,0,0,0,0,0,0,0,0,0,0,0,0,0,44552676,0,0,0,0,0,0,0,0,35,0,977,0,0,0,0,0,0,0,0,50254865,0,0,0,0/RP0/CPU0

2020-02-05 01:52:05.833000+00:00,spine3,sg2,obt-collector1,1,228,0,0,0,0,0,0,0,0,0,0,0,0,0,0,0,0,0,0,124,0,0,0,0,112,0,0,0,0,0,0,97,7,0,0,132,0,40318,40297,0,20275,0,40327,40316,0,20302,0,59,178,0,97,0,0,0,0,101304,0,0,0,0,0,0,0,0,219,0,73,0,0,0,0,20752,0,0,0,101802,0,211,0,0/0/CPU0

2020-02-05 01:52:05.835000+00:00,spine3,sg2,obt-collector1,0,355,0,0,0,0,0,0,0,0,0,0,35,0,0,0,0,0,0,0,0,0,0,0,0,1661,0,0,0,0,0,0,0,355,0,0,35,0,0,0,0,0,0,0,0,0,0,0,0,0,0,0,0,0,0,0,44552756,0,0,0,0,0,0,0,0,35,0,977,0,0,0,0,0,0,0,0,50254993,0,0,0,0/RP0/CPU0

2020-02-05 01:52:15.861000+00:00,spine3,sg2,obt-collector1,1,228,0,0,0,0,0,0,0,0,0,0,0,0,0,0,0,0,0,0,124,0,0,0,0,112,0,0,0,0,0,0,97,7,0,0,132,0,40320,40299,0,20275,0,40329,40318,0,20307,0,59,178,0,97,0,0,0,0,101313,0,0,0,0,0,0,0,0,219,0,73,0,0,0,0,20752,0,0,0,101806,0,211,0,0/0/CPU0

2020-02-05 01:52:15.864000+00:00,spine3,sg2,obt-collector1,0,355,0,0,0,0,0,0,0,0,0,0,35,0,0,0,0,0,0,0,0,0,0,0,0,1661,0,0,0,0,0,0,0,355,0,0,35,0,0,0,0,0,0,0,0,0,0,0,0,0,0,0,0,0,0,0,44552820,0,0,0,0,0,0,0,0,35,0,977,0,0,0,0,0,0,0,0,50255121,0,0,0,0/RP0/CPU0

2020-02-05 01:52:25.804000+00:00,spine3,sg2,obt-collector1,1,228,0,0,0,0,0,0,0,0,0,0,0,0,0,0,0,0,0,0,124,0,0,0,0,112,0,0,0,0,0,0,97,7,0,0,132,0,40321,40302,0,20276,0,40332,40319,0,20309,0,59,178,0,97,0,0,0,0,101319,0,0,0,0,0,0,0,0,219,0,73,0,0,0,0,20753,0,0,0,101811,0,211,0,0/0/CPU0

2020-02-05 01:52:25.806000+00:00,spine3,sg2,obt-collector1,0,355,0,0,0,0,0,0,0,0,0,0,35,0,0,0,0,0,0,0,0,0,0,0,0,1661,0,0,0,0,0,0,0,355,0,0,35,0,0,0,0,0,0,0,0,0,0,0,0,0,0,0,0,0,0,0,44552884,0,0,0,0,0,0,0,0,35,0,977,0,0,0,0,0,0,0,0,50255249,0,0,0,0/RP0/CPU0

2020-02-05 01:52:35.824000+00:00,spine3,sg2,obt-collector1,1,228,0,0,0,0,0,0,0,0,0,0,0,0,0,0,0,0,0,0,124,0,0,0,0,112,0,0,0,0,0,0,97,7,0,0,132,0,40325,40303,0,20279,0,40333,40323,0,20309,0,59,178,0,97,0,0,0,0,101324,0,0,0,0,0,0,0,0,219,0,73,0,0,0,0,20756,0,0,0,101819,0,211,0,0/0/CPU0

2020-02-05 01:52:35.827000+00:00,spine3,sg2,obt-collector1,0,355,0,0,0,0,0,0,0,0,0,0,35,0,0,0,0,0,0,0,0,0,0,0,0,1661,0,0,0,0,0,0,0,355,0,0,35,0,0,0,0,0,0,0,0,0,0,0,0,0,0,0,0,0,0,0,44552960,0,0,0,0,0,0,0,0,35,0,977,0,0,0,0,0,0,0,0,50255371,0,0,0,0/RP0/CPU0

2020-02-05 01:52:45.830000+00:00,spine3,sg2,obt-collector1,1,228,0,0,0,0,0,0,0,0,0,0,0,0,0,0,0,0,0,0,124,0,0,0,0,112,0,0,0,0,0,0,97,7,0,0,132,0,40328,40307,0,20279,0,40337,40326,0,20311,0,59,178,0,97,0,0,0,0,101333,0,0,0,0,0,0,0,0,219,0,73,0,0,0,0,20756,0,0,0,101826,0,211,0,0/0/CPU0

2020-02-05 01:52:45.833000+00:00,spine3,sg2,obt-collector1,0,355,0,0,0,0,0,0,0,0,0,0,35,0,0,0,0,0,0,0,0,0,0,0,0,1661,0,0,0,0,0,0,0,355,0,0,35,0,0,0,0,0,0,0,0,0,0,0,0,0,0,0,0,0,0,0,44553032,0,0,0,0,0,0,0,0,35,0,977,0,0,0,0,0,0,0,0,50255491,0,0,0,0/RP0/CPU0

2020-02-05 01:52:55.866000+00:00,spine3,sg2,obt-collector1,1,228,0,0,0,0,0,0,0,0,0,0,0,0,0,0,0,0,0,0,124,0,0,0,0,112,0,0,0,0,0,0,97,7,0,0,132,0,40331,40307,0,20281,0,40337,40329,0,20313,0,59,178,0,97,0,0,0,0,101338,0,0,0,0,0,0,0,0,219,0,73,0,0,0,0,20758,0,0,0,101831,0,211,0,0/0/CPU0

2020-02-05 01:52:55.869000+00:00,spine3,sg2,obt-collector1,0,355,0,0,0,0,0,0,0,0,0,0,35,0,0,0,0,0,0,0,0,0,0,0,0,1661,0,0,0,0,0,0,0,355,0,0,35,0,0,0,0,0,0,0,0,0,0,0,0,0,0,0,0,0,0,0,44553104,0,0,0,0,0,0,0,0,35,0,977,0,0,0,0,0,0,0,0,50255611,0,0,0,0/RP0/CPU0

2020-02-05 01:53:05.818000+00:00,spine3,sg2,obt-collector1,1,228,0,0,0,0,0,0,0,0,0,0,0,0,0,0,0,0,0,0,124,0,0,0,0,112,0,0,0,0,0,0,97,7,0,0,132,0,40334,40309,0,20283,0,40339,40332,0,20315,0,59,178,0,97,0,0,0,0,101345,0,0,0,0,0,0,0,0,219,0,73,0,0,0,0,20760,0,0,0,101838,0,211,0,0/0/CPU0

2020-02-05 01:53:05.821000+00:00,spine3,sg2,obt-collector1,0,355,0,0,0,0,0,0,0,0,0,0,35,0,0,0,0,0,0,0,0,0,0,0,0,1661,0,0,0,0,0,0,0,355,0,0,35,0,0,0,0,0,0,0,0,0,0,0,0,0,0,0,0,0,0,0,44553182,0,0,0,0,0,0,0,0,35,0,977,0,0,0,0,0,0,0,0,50255731,0,0,0,0/RP0/CPU0

2020-02-05 01:53:15.835000+00:00,spine3,sg2,obt-collector1,1,228,0,0,0,0,0,0,0,0,0,0,0,0,0,0,0,0,0,0,124,0,0,0,0,112,0,0,0,0,0,0,97,7,0,0,132,0,40340,40313,0,20285,0,40343,40338,0,20318,0,59,178,0,97,0,0,0,0,101358,0,0,0,0,0,0,0,0,219,0,73,0,0,0,0,20762,0,0,0,101850,0,211,0,0/0/CPU0

2020-02-05 01:53:15.837000+00:00,spine3,sg2,obt-collector1,0,355,0,0,0,0,0,0,0,0,0,0,35,0,0,0,0,0,0,0,0,0,0,0,0,1661,0,0,0,0,0,0,0,355,0,0,35,0,0,0,0,0,0,0,0,0,0,0,0,0,0,0,0,0,0,0,44553255,0,0,0,0,0,0,0,0,35,0,977,0,0,0,0,0,0,0,0,50255851,0,0,0,0/RP0/CPU0

2020-02-05 01:53:25.865000+00:00,spine3,sg2,obt-collector1,1,228,0,0,0,0,0,0,0,0,0,0,0,0,0,0,0,0,0,0,124,0,0,0,0,112,0,0,0,0,0,0,97,7,0,0,132,0,40343,40318,0,20288,0,40348,40341,0,20319,0,59,178,0,97,0,0,0,0,101367,0,0,0,0,0,0,0,0,219,0,73,0,0,0,0,20765,0,0,0,101861,0,211,0,0/0/CPU0

2020-02-05 01:53:25.868000+00:00,spine3,sg2,obt-collector1,0,355,0,0,0,0,0,0,0,0,0,0,35,0,0,0,0,0,0,0,0,0,0,0,0,1661,0,0,0,0,0,0,0,355,0,0,35,0,0,0,0,0,0,0,0,0,0,0,0,0,0,0,0,0,0,0,44553329,0,0,0,0,0,0,0,0,35,0,977,0,0,0,0,0,0,0,0,50255971,0,0,0,0/RP0/CPU0

2020-02-05 01:53:35.828000+00:00,spine3,sg2,obt-collector1,1,228,0,0,0,0,0,0,0,0,0,0,0,0,0,0,0,0,0,0,124,0,0,0,0,112,0,0,0,0,0,0,97,7,0,0,132,0,40346,40322,0,20291,0,40352,40344,0,20320,0,59,178,0,97,0,0,0,0,101375,0,0,0,0,0,0,0,0,219,0,73,0,0,0,0,20768,0,0,0,101871,0,211,0,0/0/CPU0

2020-02-05 01:53:35.830000+00:00,spine3,sg2,obt-collector1,0,355,0,0,0,0,0,0,0,0,0,0,35,0,0,0,0,0,0,0,0,0,0,0,0,1661,0,0,0,0,0,0,0,355,0,0,35,0,0,0,0,0,0,0,0,0,0,0,0,0,0,0,0,0,0,0,44553413,0,0,0,0,0,0,0,0,35,0,977,0,0,0,0,0,0,0,0,50256095,0,0,0,0/RP0/CPU0

2020-02-05 01:53:45.841000+00:00,spine3,sg2,obt-collector1,1,228,0,0,0,0,0,0,0,0,0,0,0,0,0,0,0,0,0,0,124,0,0,0,0,112,0,0,0,0,0,0,97,7,0,0,132,0,40349,40324,0,20292,0,40354,40347,0,20322,0,59,178,0,97,0,0,0,0,101382,0,0,0,0,0,0,0,0,219,0,73,0,0,0,0,20769,0,0,0,101877,0,211,0,0/0/CPU0

2020-02-05 01:53:45.843000+00:00,spine3,sg2,obt-collector1,0,355,0,0,0,0,0,0,0,0,0,0,35,0,0,0,0,0,0,0,0,0,0,0,0,1661,0,0,0,0,0,0,0,355,0,0,35,0,0,0,0,0,0,0,0,0,0,0,0,0,0,0,0,0,0,0,44553485,0,0,0,0,0,0,0,0,35,0,977,0,0,0,0,0,0,0,0,50256215,0,0,0,0/RP0/CPU0

2020-02-05 01:53:55.849000+00:00,spine3,sg2,obt-collector1,1,228,0,0,0,0,0,0,0,0,0,0,0,0,0,0,0,0,0,0,124,0,0,0,0,112,0,0,0,0,0,0,97,7,0,0,132,0,40352,40327,0,20294,0,40357,40350,0,20322,0,59,178,0,97,0,0,0,0,101388,0,0,0,0,0,0,0,0,219,0,73,0,0,0,0,20771,0,0,0,101885,0,211,0,0/0/CPU0

2020-02-05 01:53:55.852000+00:00,spine3,sg2,obt-collector1,0,355,0,0,0,0,0,0,0,0,0,0,35,0,0,0,0,0,0,0,0,0,0,0,0,1661,0,0,0,0,0,0,0,355,0,0,35,0,0,0,0,0,0,0,0,0,0,0,0,0,0,0,0,0,0,0,44553557,0,0,0,0,0,0,0,0,35,0,977,0,0,0,0,0,0,0,0,50256335,0,0,0,0/RP0/CPU0

2020-02-05 01:54:05.830000+00:00,spine3,sg2,obt-collector1,1,228,0,0,0,0,0,0,0,0,0,0,0,0,0,0,0,0,0,0,124,0,0,0,0,112,0,0,0,0,0,0,97,7,0,0,132,0,40353,40333,0,20296,0,40363,40351,0,20323,0,59,178,0,97,0,0,0,0,101396,0,0,0,0,0,0,0,0,219,0,73,0,0,0,0,20773,0,0,0,101894,0,211,0,0/0/CPU0

2020-02-05 01:54:05.833000+00:00,spine3,sg2,obt-collector1,0,355,0,0,0,0,0,0,0,0,0,0,35,0,0,0,0,0,0,0,0,0,0,0,0,1661,0,0,0,0,0,0,0,355,0,0,35,0,0,0,0,0,0,0,0,0,0,0,0,0,0,0,0,0,0,0,44553646,0,0,0,0,0,0,0,0,35,0,977,0,0,0,0,0,0,0,0,50256455,0,0,0,0/RP0/CPU0

2020-02-05 01:54:15.817000+00:00,spine3,sg2,obt-collector1,1,228,0,0,0,0,0,0,0,0,0,0,0,0,0,0,0,0,0,0,124,0,0,0,0,112,0,0,0,0,0,0,97,7,0,0,132,0,40359,40340,0,20297,0,40370,40357,0,20325,0,59,178,0,97,0,0,0,0,101411,0,0,0,0,0,0,0,0,219,0,73,0,0,0,0,20774,0,0,0,101908,0,211,0,0/0/CPU0

2020-02-05 01:54:15.819000+00:00,spine3,sg2,obt-collector1,0,355,0,0,0,0,0,0,0,0,0,0,35,0,0,0,0,0,0,0,0,0,0,0,0,1661,0,0,0,0,0,0,0,355,0,0,35,0,0,0,0,0,0,0,0,0,0,0,0,0,0,0,0,0,0,0,44553718,0,0,0,0,0,0,0,0,35,0,977,0,0,0,0,0,0,0,0,50256575,0,0,0,0/RP0/CPU0

2020-02-05 01:54:25.862000+00:00,spine3,sg2,obt-collector1,1,228,0,0,0,0,0,0,0,0,0,0,0,0,0,0,0,0,0,0,124,0,0,0,0,112,0,0,0,0,0,0,97,7,0,0,132,0,40363,40347,0,20302,0,40377,40361,0,20327,0,59,178,0,97,0,0,0,0,101424,0,0,0,0,0,0,0,0,219,0,73,0,0,0,0,20779,0,0,0,101924,0,211,0,0/0/CPU0

2020-02-05 01:54:25.865000+00:00,spine3,sg2,obt-collector1,0,355,0,0,0,0,0,0,0,0,0,0,35,0,0,0,0,0,0,0,0,0,0,0,0,1661,0,0,0,0,0,0,0,355,0,0,35,0,0,0,0,0,0,0,0,0,0,0,0,0,0,0,0,0,0,0,44553790,0,0,0,0,0,0,0,0,35,0,977,0,0,0,0,0,0,0,0,50256695,0,0,0,0/RP0/CPU0

2020-02-05 01:54:35.847000+00:00,spine3,sg2,obt-collector1,1,228,0,0,0,0,0,0,0,0,0,0,0,0,0,0,0,0,0,0,124,0,0,0,0,112,0,0,0,0,0,0,97,7,0,0,132,0,40367,40352,0,20304,0,40382,40365,0,20330,0,59,178,0,97,0,0,0,0,101436,0,0,0,0,0,0,0,0,219,0,73,0,0,0,0,20781,0,0,0,101935,0,211,0,0/0/CPU0

2020-02-05 01:54:35.851000+00:00,spine3,sg2,obt-collector1,0,355,0,0,0,0,0,0,0,0,0,0,35,0,0,0,0,0,0,0,0,0,0,0,0,1661,0,0,0,0,0,0,0,355,0,0,35,0,0,0,0,0,0,0,0,0,0,0,0,0,0,0,0,0,0,0,44553878,0,0,0,0,0,0,0,0,35,0,977,0,0,0,0,0,0,0,0,50256815,0,0,0,0/RP0/CPU0

2020-02-05 01:54:45.853000+00:00,spine3,sg2,obt-collector1,1,228,0,0,0,0,0,0,0,0,0,0,0,0,0,0,0,0,0,0,124,0,0,0,0,112,0,0,0,0,0,0,97,7,0,0,132,0,40373,40356,0,20305,0,40386,40371,0,20331,0,59,178,0,97,0,0,0,0,101447,0,0,0,0,0,0,0,0,219,0,73,0,0,0,0,20782,0,0,0,101946,0,211,0,0/0/CPU0

2020-02-05 01:54:45.855000+00:00,spine3,sg2,obt-collector1,0,355,0,0,0,0,0,0,0,0,0,0,35,0,0,0,0,0,0,0,0,0,0,0,0,1661,0,0,0,0,0,0,0,355,0,0,35,0,0,0,0,0,0,0,0,0,0,0,0,0,0,0,0,0,0,0,44553950,0,0,0,0,0,0,0,0,35,0,977,0,0,0,0,0,0,0,0,50256935,0,0,0,0/RP0/CPU0

2020-02-05 01:54:55.855000+00:00,spine3,sg2,obt-collector1,1,228,0,0,0,0,0,0,0,0,0,0,0,0,0,0,0,0,0,0,124,0,0,0,0,112,0,0,0,0,0,0,97,7,0,0,132,0,40376,40356,0,20305,0,40386,40374,0,20334,0,59,178,0,97,0,0,0,0,101453,0,0,0,0,0,0,0,0,219,0,73,0,0,0,0,20782,0,0,0,101949,0,211,0,0/0/CPU0

2020-02-05 01:54:55.867000+00:00,spine3,sg2,obt-collector1,0,355,0,0,0,0,0,0,0,0,0,0,35,0,0,0,0,0,0,0,0,0,0,0,0,1661,0,0,0,0,0,0,0,355,0,0,35,0,0,0,0,0,0,0,0,0,0,0,0,0,0,0,0,0,0,0,44554022,0,0,0,0,0,0,0,0,35,0,977,0,0,0,0,0,0,0,0,50257055,0,0,0,0/RP0/CPU0

2020-02-05 01:55:05.830000+00:00,spine3,sg2,obt-collector1,1,228,0,0,0,0,0,0,0,0,0,0,0,0,0,0,0,0,0,0,124,0,0,0,0,112,0,0,0,0,0,0,97,7,0,0,132,0,40381,40360,0,20306,0,40390,40379,0,20336,0,59,178,0,97,0,0,0,0,101464,0,0,0,0,0,0,0,0,219,0,73,0,0,0,0,20783,0,0,0,101959,0,211,0,0/0/CPU0

2020-02-05 01:55:05.833000+00:00,spine3,sg2,obt-collector1,0,355,0,0,0,0,0,0,0,0,0,0,35,0,0,0,0,0,0,0,0,0,0,0,0,1661,0,0,0,0,0,0,0,355,0,0,35,0,0,0,0,0,0,0,0,0,0,0,0,0,0,0,0,0,0,0,44554102,0,0,0,0,0,0,0,0,35,0,977,0,0,0,0,0,0,0,0,50257175,0,0,0,0/RP0/CPU0

2020-02-05 01:55:15.878000+00:00,spine3,sg2,obt-collector1,1,228,0,0,0,0,0,0,0,0,0,0,0,0,0,0,0,0,0,0,124,0,0,0,0,112,0,0,0,0,0,0,97,7,0,0,132,0,40384,40363,0,20308,0,40393,40382,0,20339,0,59,178,0,97,0,0,0,0,101473,0,0,0,0,0,0,0,0,219,0,73,0,0,0,0,20785,0,0,0,101967,0,211,0,0/0/CPU0

2020-02-05 01:55:15.884000+00:00,spine3,sg2,obt-collector1,0,355,0,0,0,0,0,0,0,0,0,0,35,0,0,0,0,0,0,0,0,0,0,0,0,1661,0,0,0,0,0,0,0,355,0,0,35,0,0,0,0,0,0,0,0,0,0,0,0,0,0,0,0,0,0,0,44554174,0,0,0,0,0,0,0,0,35,0,977,0,0,0,0,0,0,0,0,50257295,0,0,0,0/RP0/CPU0

2020-02-05 01:55:25.852000+00:00,spine3,sg2,obt-collector1,1,228,0,0,0,0,0,0,0,0,0,0,0,0,0,0,0,0,0,0,124,0,0,0,0,112,0,0,0,0,0,0,97,7,0,0,132,0,40385,40366,0,20309,0,40396,40383,0,20339,0,59,178,0,97,0,0,0,0,101477,0,0,0,0,0,0,0,0,219,0,73,0,0,0,0,20786,0,0,0,101972,0,211,0,0/0/CPU0

2020-02-05 01:55:25.854000+00:00,spine3,sg2,obt-collector1,0,355,0,0,0,0,0,0,0,0,0,0,35,0,0,0,0,0,0,0,0,0,0,0,0,1661,0,0,0,0,0,0,0,355,0,0,35,0,0,0,0,0,0,0,0,0,0,0,0,0,0,0,0,0,0,0,44554246,0,0,0,0,0,0,0,0,35,0,977,0,0,0,0,0,0,0,0,50257415,0,0,0,0/RP0/CPU0

2020-02-05 01:55:35.833000+00:00,spine3,sg2,obt-collector1,1,228,0,0,0,0,0,0,0,0,0,0,0,0,0,0,0,0,0,0,124,0,0,0,0,112,0,0,0,0,0,0,97,7,0,0,132,0,40388,40369,0,20310,0,40399,40386,0,20341,0,59,178,0,97,0,0,0,0,101485,0,0,0,0,0,0,0,0,219,0,73,0,0,0,0,20787,0,0,0,101979,0,211,0,0/0/CPU0

2020-02-05 01:55:35.835000+00:00,spine3,sg2,obt-collector1,0,355,0,0,0,0,0,0,0,0,0,0,35,0,0,0,0,0,0,0,0,0,0,0,0,1661,0,0,0,0,0,0,0,355,0,0,35,0,0,0,0,0,0,0,0,0,0,0,0,0,0,0,0,0,0,0,44554318,0,0,0,0,0,0,0,0,35,0,977,0,0,0,0,0,0,0,0,50257535,0,0,0,0/RP0/CPU0

2020-02-05 01:55:45.828000+00:00,spine3,sg2,obt-collector1,1,228,0,0,0,0,0,0,0,0,0,0,0,0,0,0,0,0,0,0,124,0,0,0,0,112,0,0,0,0,0,0,97,7,0,0,132,0,40392,40370,0,20311,0,40400,40390,0,20344,0,59,178,0,97,0,0,0,0,101493,0,0,0,0,0,0,0,0,219,0,73,0,0,0,0,20788,0,0,0,101985,0,211,0,0/0/CPU0

2020-02-05 01:55:45.831000+00:00,spine3,sg2,obt-collector1,0,355,0,0,0,0,0,0,0,0,0,0,35,0,0,0,0,0,0,0,0,0,0,0,0,1661,0,0,0,0,0,0,0,355,0,0,35,0,0,0,0,0,0,0,0,0,0,0,0,0,0,0,0,0,0,0,44554390,0,0,0,0,0,0,0,0,35,0,977,0,0,0,0,0,0,0,0,50257655,0,0,0,0/RP0/CPU0

2020-02-05 01:55:55.839000+00:00,spine3,sg2,obt-collector1,1,228,0,0,0,0,0,0,0,0,0,0,0,0,0,0,0,0,0,0,124,0,0,0,0,112,0,0,0,0,0,0,97,7,0,0,132,0,40396,40371,0,20315,0,40401,40394,0,20345,0,59,178,0,97,0,0,0,0,101499,0,0,0,0,0,0,0,0,219,0,73,0,0,0,0,20792,0,0,0,101994,0,211,0,0/0/CPU0

2020-02-05 01:55:55.841000+00:00,spine3,sg2,obt-collector1,0,355,0,0,0,0,0,0,0,0,0,0,35,0,0,0,0,0,0,0,0,0,0,0,0,1661,0,0,0,0,0,0,0,355,0,0,35,0,0,0,0,0,0,0,0,0,0,0,0,0,0,0,0,0,0,0,44554462,0,0,0,0,0,0,0,0,35,0,977,0,0,0,0,0,0,0,0,50257775,0,0,0,0/RP0/CPU0

2020-02-05 01:56:05.826000+00:00,spine3,sg2,obt-collector1,1,228,0,0,0,0,0,0,0,0,0,0,0,0,0,0,0,0,0,0,124,0,0,0,0,112,0,0,0,0,0,0,97,7,0,0,132,0,40398,40374,0,20315,0,40404,40396,0,20347,0,59,178,0,97,0,0,0,0,101506,0,0,0,0,0,0,0,0,219,0,73,0,0,0,0,20792,0,0,0,101999,0,211,0,0/0/CPU0

2020-02-05 01:56:05.828000+00:00,spine3,sg2,obt-collector1,0,355,0,0,0,0,0,0,0,0,0,0,35,0,0,0,0,0,0,0,0,0,0,0,0,1661,0,0,0,0,0,0,0,355,0,0,35,0,0,0,0,0,0,0,0,0,0,0,0,0,0,0,0,0,0,0,44554534,0,0,0,0,0,0,0,0,35,0,977,0,0,0,0,0,0,0,0,50257895,0,0,0,0/RP0/CPU0

2020-02-05 01:56:15.847000+00:00,spine3,sg2,obt-collector1,1,228,0,0,0,0,0,0,0,0,0,0,0,0,0,0,0,0,0,0,124,0,0,0,0,112,0,0,0,0,0,0,97,7,0,0,132,0,40404,40377,0,20318,0,40407,40402,0,20349,0,59,178,0,97,0,0,0,0,101517,0,0,0,0,0,0,0,0,219,0,73,0,0,0,0,20795,0,0,0,102011,0,211,0,0/0/CPU0

2020-02-05 01:56:15.853000+00:00,spine3,sg2,obt-collector1,0,355,0,0,0,0,0,0,0,0,0,0,35,0,0,0,0,0,0,0,0,0,0,0,0,1661,0,0,0,0,0,0,0,355,0,0,35,0,0,0,0,0,0,0,0,0,0,0,0,0,0,0,0,0,0,0,44554606,0,0,0,0,0,0,0,0,35,0,977,0,0,0,0,0,0,0,0,50258015,0,0,0,0/RP0/CPU0

2020-02-05 01:56:25.825000+00:00,spine3,sg2,obt-collector1,1,228,0,0,0,0,0,0,0,0,0,0,0,0,0,0,0,0,0,0,124,0,0,0,0,112,0,0,0,0,0,0,97,7,0,0,132,0,40406,40381,0,20320,0,40411,40404,0,20351,0,59,178,0,97,0,0,0,0,101525,0,0,0,0,0,0,0,0,219,0,73,0,0,0,0,20797,0,0,0,102019,0,211,0,0/0/CPU0

2020-02-05 01:56:25.828000+00:00,spine3,sg2,obt-collector1,0,355,0,0,0,0,0,0,0,0,0,0,35,0,0,0,0,0,0,0,0,0,0,0,0,1661,0,0,0,0,0,0,0,355,0,0,35,0,0,0,0,0,0,0,0,0,0,0,0,0,0,0,0,0,0,0,44554678,0,0,0,0,0,0,0,0,35,0,977,0,0,0,0,0,0,0,0,50258135,0,0,0,0/RP0/CPU0

2020-02-05 01:56:35.836000+00:00,spine3,sg2,obt-collector1,1,228,0,0,0,0,0,0,0,0,0,0,0,0,0,0,0,0,0,0,124,0,0,0,0,112,0,0,0,0,0,0,97,7,0,0,132,0,40410,40386,0,20323,0,40416,40408,0,20353,0,59,178,0,97,0,0,0,0,101536,0,0,0,0,0,0,0,0,219,0,73,0,0,0,0,20800,0,0,0,102031,0,211,0,0/0/CPU0

2020-02-05 01:56:35.853000+00:00,spine3,sg2,obt-collector1,0,355,0,0,0,0,0,0,0,0,0,0,35,0,0,0,0,0,0,0,0,0,0,0,0,1661,0,0,0,0,0,0,0,355,0,0,35,0,0,0,0,0,0,0,0,0,0,0,0,0,0,0,0,0,0,0,44554750,0,0,0,0,0,0,0,0,35,0,977,0,0,0,0,0,0,0,0,50258255,0,0,0,0/RP0/CPU0

2020-02-05 01:56:45.830000+00:00,spine3,sg2,obt-collector1,1,228,0,0,0,0,0,0,0,0,0,0,0,0,0,0,0,0,0,0,124,0,0,0,0,112,0,0,0,0,0,0,97,7,0,0,132,0,40411,40389,0,20327,0,40419,40409,0,20354,0,59,178,0,97,0,0,0,0,101541,0,0,0,0,0,0,0,0,219,0,73,0,0,0,0,20804,0,0,0,102039,0,211,0,0/0/CPU0

2020-02-05 01:56:45.833000+00:00,spine3,sg2,obt-collector1,0,355,0,0,0,0,0,0,0,0,0,0,35,0,0,0,0,0,0,0,0,0,0,0,0,1661,0,0,0,0,0,0,0,355,0,0,35,0,0,0,0,0,0,0,0,0,0,0,0,0,0,0,0,0,0,0,44554822,0,0,0,0,0,0,0,0,35,0,977,0,0,0,0,0,0,0,0,50258375,0,0,0,0/RP0/CPU0

2020-02-05 01:56:55.825000+00:00,spine3,sg2,obt-collector1,1,228,0,0,0,0,0,0,0,0,0,0,0,0,0,0,0,0,0,0,124,0,0,0,0,112,0,0,0,0,0,0,97,7,0,0,132,0,40416,40390,0,20328,0,40420,40414,0,20355,0,59,178,0,97,0,0,0,0,101548,0,0,0,0,0,0,0,0,219,0,73,0,0,0,0,20805,0,0,0,102046,0,211,0,0/0/CPU0

2020-02-05 01:56:55.828000+00:00,spine3,sg2,obt-collector1,0,355,0,0,0,0,0,0,0,0,0,0,35,0,0,0,0,0,0,0,0,0,0,0,0,1661,0,0,0,0,0,0,0,355,0,0,35,0,0,0,0,0,0,0,0,0,0,0,0,0,0,0,0,0,0,0,44554894,0,0,0,0,0,0,0,0,35,0,977,0,0,0,0,0,0,0,0,50258495,0,0,0,0/RP0/CPU0

2020-02-05 01:57:05.824000+00:00,spine3,sg2,obt-collector1,1,228,0,0,0,0,0,0,0,0,0,0,0,0,0,0,0,0,0,0,124,0,0,0,0,112,0,0,0,0,0,0,97,7,0,0,132,0,40416,40397,0,20328,0,40427,40414,0,20355,0,59,178,0,97,0,0,0,0,101555,0,0,0,0,0,0,0,0,219,0,73,0,0,0,0,20805,0,0,0,102053,0,211,0,0/0/CPU0

2020-02-05 01:57:05.827000+00:00,spine3,sg2,obt-collector1,0,355,0,0,0,0,0,0,0,0,0,0,35,0,0,0,0,0,0,0,0,0,0,0,0,1661,0,0,0,0,0,0,0,355,0,0,35,0,0,0,0,0,0,0,0,0,0,0,0,0,0,0,0,0,0,0,44554966,0,0,0,0,0,0,0,0,35,0,977,0,0,0,0,0,0,0,0,50258615,0,0,0,0/RP0/CPU0

2020-02-05 01:57:15.839000+00:00,spine3,sg2,obt-collector1,1,228,0,0,0,0,0,0,0,0,0,0,0,0,0,0,0,0,0,0,124,0,0,0,0,112,0,0,0,0,0,0,97,7,0,0,132,0,40423,40405,0,20330,0,40435,40421,0,20357,0,59,178,0,97,0,0,0,0,101572,0,0,0,0,0,0,0,0,219,0,73,0,0,0,0,20807,0,0,0,102070,0,211,0,0/0/CPU0

2020-02-05 01:57:15.841000+00:00,spine3,sg2,obt-collector1,0,355,0,0,0,0,0,0,0,0,0,0,35,0,0,0,0,0,0,0,0,0,0,0,0,1661,0,0,0,0,0,0,0,355,0,0,35,0,0,0,0,0,0,0,0,0,0,0,0,0,0,0,0,0,0,0,44555038,0,0,0,0,0,0,0,0,35,0,977,0,0,0,0,0,0,0,0,50258735,0,0,0,0/RP0/CPU0

2020-02-05 01:57:25.867000+00:00,spine3,sg2,obt-collector1,1,228,0,0,0,0,0,0,0,0,0,0,0,0,0,0,0,0,0,0,124,0,0,0,0,112,0,0,0,0,0,0,97,7,0,0,132,0,40426,40409,0,20332,0,40439,40424,0,20358,0,59,178,0,97,0,0,0,0,101580,0,0,0,0,0,0,0,0,219,0,73,0,0,0,0,20809,0,0,0,102079,0,211,0,0/0/CPU0

2020-02-05 01:57:25.869000+00:00,spine3,sg2,obt-collector1,0,355,0,0,0,0,0,0,0,0,0,0,35,0,0,0,0,0,0,0,0,0,0,0,0,1661,0,0,0,0,0,0,0,355,0,0,35,0,0,0,0,0,0,0,0,0,0,0,0,0,0,0,0,0,0,0,44555110,0,0,0,0,0,0,0,0,35,0,977,0,0,0,0,0,0,0,0,50258855,0,0,0,0/RP0/CPU0

2020-02-05 01:57:35.829000+00:00,spine3,sg2,obt-collector1,1,228,0,0,0,0,0,0,0,0,0,0,0,0,0,0,0,0,0,0,124,0,0,0,0,112,0,0,0,0,0,0,97,7,0,0,132,0,40431,40414,0,20336,0,40444,40429,0,20360,0,59,178,0,97,0,0,0,0,101592,0,0,0,0,0,0,0,0,219,0,73,0,0,0,0,20813,0,0,0,102093,0,211,0,0/0/CPU0

2020-02-05 01:57:35.831000+00:00,spine3,sg2,obt-collector1,0,355,0,0,0,0,0,0,0,0,0,0,35,0,0,0,0,0,0,0,0,0,0,0,0,1661,0,0,0,0,0,0,0,355,0,0,35,0,0,0,0,0,0,0,0,0,0,0,0,0,0,0,0,0,0,0,44555182,0,0,0,0,0,0,0,0,35,0,977,0,0,0,0,0,0,0,0,50258975,0,0,0,0/RP0/CPU0

2020-02-05 01:57:45.845000+00:00,spine3,sg2,obt-collector1,1,228,0,0,0,0,0,0,0,0,0,0,0,0,0,0,0,0,0,0,124,0,0,0,0,112,0,0,0,0,0,0,97,7,0,0,132,0,40438,40419,0,20337,0,40449,40436,0,20364,0,59,178,0,97,0,0,0,0,101608,0,0,0,0,0,0,0,0,219,0,73,0,0,0,0,20814,0,0,0,102106,0,211,0,0/0/CPU0

2020-02-05 01:57:45.848000+00:00,spine3,sg2,obt-collector1,0,355,0,0,0,0,0,0,0,0,0,0,35,0,0,0,0,0,0,0,0,0,0,0,0,1661,0,0,0,0,0,0,0,355,0,0,35,0,0,0,0,0,0,0,0,0,0,0,0,0,0,0,0,0,0,0,44555254,0,0,0,0,0,0,0,0,35,0,977,0,0,0,0,0,0,0,0,50259095,0,0,0,0/RP0/CPU0

2020-02-05 01:57:55.860000+00:00,spine3,sg2,obt-collector1,1,228,0,0,0,0,0,0,0,0,0,0,0,0,0,0,0,0,0,0,124,0,0,0,0,112,0,0,0,0,0,0,97,7,0,0,132,0,40440,40421,0,20337,0,40451,40438,0,20367,0,59,178,0,97,0,0,0,0,101615,0,0,0,0,0,0,0,0,219,0,73,0,0,0,0,20814,0,0,0,102110,0,211,0,0/0/CPU0

2020-02-05 01:57:55.862000+00:00,spine3,sg2,obt-collector1,0,355,0,0,0,0,0,0,0,0,0,0,35,0,0,0,0,0,0,0,0,0,0,0,0,1661,0,0,0,0,0,0,0,355,0,0,35,0,0,0,0,0,0,0,0,0,0,0,0,0,0,0,0,0,0,0,44555326,0,0,0,0,0,0,0,0,35,0,977,0,0,0,0,0,0,0,0,50259215,0,0,0,0/RP0/CPU0

2020-02-05 01:58:05.843000+00:00,spine3,sg2,obt-collector1,1,228,0,0,0,0,0,0,0,0,0,0,0,0,0,0,0,0,0,0,124,0,0,0,0,112,0,0,0,0,0,0,97,7,0,0,132,0,40445,40423,0,20338,0,40453,40443,0,20369,0,59,178,0,97,0,0,0,0,101624,0,0,0,0,0,0,0,0,219,0,73,0,0,0,0,20815,0,0,0,102118,0,211,0,0/0/CPU0

2020-02-05 01:58:05.846000+00:00,spine3,sg2,obt-collector1,0,355,0,0,0,0,0,0,0,0,0,0,35,0,0,0,0,0,0,0,0,0,0,0,0,1661,0,0,0,0,0,0,0,355,0,0,35,0,0,0,0,0,0,0,0,0,0,0,0,0,0,0,0,0,0,0,44555398,0,0,0,0,0,0,0,0,35,0,977,0,0,0,0,0,0,0,0,50259335,0,0,0,0/RP0/CPU0

2020-02-05 01:58:15.820000+00:00,spine3,sg2,obt-collector1,1,228,0,0,0,0,0,0,0,0,0,0,0,0,0,0,0,0,0,0,124,0,0,0,0,112,0,0,0,0,0,0,97,7,0,0,132,0,40448,40426,0,20339,0,40456,40446,0,20369,0,59,178,0,97,0,0,0,0,101630,0,0,0,0,0,0,0,0,219,0,73,0,0,0,0,20816,0,0,0,102125,0,211,0,0/0/CPU0

2020-02-05 01:58:15.823000+00:00,spine3,sg2,obt-collector1,0,355,0,0,0,0,0,0,0,0,0,0,35,0,0,0,0,0,0,0,0,0,0,0,0,1661,0,0,0,0,0,0,0,355,0,0,35,0,0,0,0,0,0,0,0,0,0,0,0,0,0,0,0,0,0,0,44555470,0,0,0,0,0,0,0,0,35,0,977,0,0,0,0,0,0,0,0,50259455,0,0,0,0/RP0/CPU0

2020-02-05 01:58:25.845000+00:00,spine3,sg2,obt-collector1,1,228,0,0,0,0,0,0,0,0,0,0,0,0,0,0,0,0,0,0,124,0,0,0,0,112,0,0,0,0,0,0,97,7,0,0,132,0,40449,40430,0,20341,0,40460,40447,0,20371,0,59,178,0,97,0,0,0,0,101637,0,0,0,0,0,0,0,0,219,0,73,0,0,0,0,20818,0,0,0,102132,0,211,0,0/0/CPU0

2020-02-05 01:58:25.847000+00:00,spine3,sg2,obt-collector1,0,355,0,0,0,0,0,0,0,0,0,0,35,0,0,0,0,0,0,0,0,0,0,0,0,1661,0,0,0,0,0,0,0,355,0,0,35,0,0,0,0,0,0,0,0,0,0,0,0,0,0,0,0,0,0,0,44555542,0,0,0,0,0,0,0,0,35,0,977,0,0,0,0,0,0,0,0,50259575,0,0,0,0/RP0/CPU0

2020-02-05 01:58:35.862000+00:00,spine3,sg2,obt-collector1,1,228,0,0,0,0,0,0,0,0,0,0,0,0,0,0,0,0,0,0,124,0,0,0,0,112,0,0,0,0,0,0,97,7,0,0,132,0,40452,40433,0,20342,0,40463,40450,0,20373,0,59,178,0,97,0,0,0,0,101645,0,0,0,0,0,0,0,0,219,0,73,0,0,0,0,20819,0,0,0,102139,0,211,0,0/0/CPU0

2020-02-05 01:58:35.864000+00:00,spine3,sg2,obt-collector1,0,355,0,0,0,0,0,0,0,0,0,0,35,0,0,0,0,0,0,0,0,0,0,0,0,1661,0,0,0,0,0,0,0,355,0,0,35,0,0,0,0,0,0,0,0,0,0,0,0,0,0,0,0,0,0,0,44555614,0,0,0,0,0,0,0,0,35,0,977,0,0,0,0,0,0,0,0,50259695,0,0,0,0/RP0/CPU0

2020-02-05 01:58:45.828000+00:00,spine3,sg2,obt-collector1,1,228,0,0,0,0,0,0,0,0,0,0,0,0,0,0,0,0,0,0,124,0,0,0,0,112,0,0,0,0,0,0,97,7,0,0,132,0,40456,40433,0,20343,0,40463,40454,0,20376,0,59,178,0,97,0,0,0,0,101652,0,0,0,0,0,0,0,0,219,0,73,0,0,0,0,20820,0,0,0,102144,0,211,0,0/0/CPU0

2020-02-05 01:58:45.830000+00:00,spine3,sg2,obt-collector1,0,355,0,0,0,0,0,0,0,0,0,0,35,0,0,0,0,0,0,0,0,0,0,0,0,1661,0,0,0,0,0,0,0,355,0,0,35,0,0,0,0,0,0,0,0,0,0,0,0,0,0,0,0,0,0,0,44555686,0,0,0,0,0,0,0,0,35,0,977,0,0,0,0,0,0,0,0,50259815,0,0,0,0/RP0/CPU0

2020-02-05 01:58:55.870000+00:00,spine3,sg2,obt-collector1,1,228,0,0,0,0,0,0,0,0,0,0,0,0,0,0,0,0,0,0,124,0,0,0,0,112,0,0,0,0,0,0,97,7,0,0,132,0,40459,40435,0,20346,0,40465,40457,0,20379,0,59,178,0,97,0,0,0,0,101660,0,0,0,0,0,0,0,0,219,0,73,0,0,0,0,20823,0,0,0,102152,0,211,0,0/0/CPU0

2020-02-05 01:58:55.873000+00:00,spine3,sg2,obt-collector1,0,355,0,0,0,0,0,0,0,0,0,0,35,0,0,0,0,0,0,0,0,0,0,0,0,1661,0,0,0,0,0,0,0,355,0,0,35,0,0,0,0,0,0,0,0,0,0,0,0,0,0,0,0,0,0,0,44555758,0,0,0,0,0,0,0,0,35,0,977,0,0,0,0,0,0,0,0,50259935,0,0,0,0/RP0/CPU0

2020-02-05 01:59:05.864000+00:00,spine3,sg2,obt-collector1,1,228,0,0,0,0,0,0,0,0,0,0,0,0,0,0,0,0,0,0,124,0,0,0,0,112,0,0,0,0,0,0,97,7,0,0,132,0,40462,40437,0,20348,0,40467,40460,0,20379,0,59,178,0,97,0,0,0,0,101665,0,0,0,0,0,0,0,0,219,0,73,0,0,0,0,20825,0,0,0,102159,0,211,0,0/0/CPU0

2020-02-05 01:59:05.867000+00:00,spine3,sg2,obt-collector1,0,355,0,0,0,0,0,0,0,0,0,0,35,0,0,0,0,0,0,0,0,0,0,0,0,1661,0,0,0,0,0,0,0,355,0,0,35,0,0,0,0,0,0,0,0,0,0,0,0,0,0,0,0,0,0,0,44555830,0,0,0,0,0,0,0,0,35,0,977,0,0,0,0,0,0,0,0,50260055,0,0,0,0/RP0/CPU0

2020-02-05 01:59:15.897000+00:00,spine3,sg2,obt-collector1,1,228,0,0,0,0,0,0,0,0,0,0,0,0,0,0,0,0,0,0,124,0,0,0,0,112,0,0,0,0,0,0,97,7,0,0,132,0,40467,40441,0,20348,0,40471,40465,0,20379,0,59,178,0,97,0,0,0,0,101674,0,0,0,0,0,0,0,0,219,0,73,0,0,0,0,20825,0,0,0,102168,0,211,0,0/0/CPU0

2020-02-05 01:59:15.901000+00:00,spine3,sg2,obt-collector1,0,355,0,0,0,0,0,0,0,0,0,0,35,0,0,0,0,0,0,0,0,0,0,0,0,1661,0,0,0,0,0,0,0,355,0,0,35,0,0,0,0,0,0,0,0,0,0,0,0,0,0,0,0,0,0,0,44555902,0,0,0,0,0,0,0,0,35,0,977,0,0,0,0,0,0,0,0,50260175,0,0,0,0/RP0/CPU0

2020-02-05 01:59:25.832000+00:00,spine3,sg2,obt-collector1,1,228,0,0,0,0,0,0,0,0,0,0,0,0,0,0,0,0,0,0,124,0,0,0,0,112,0,0,0,0,0,0,97,7,0,0,132,0,40469,40443,0,20353,0,40473,40467,0,20384,0,59,178,0,97,0,0,0,0,101683,0,0,0,0,0,0,0,0,219,0,73,0,0,0,0,20830,0,0,0,102177,0,211,0,0/0/CPU0

2020-02-05 01:59:25.835000+00:00,spine3,sg2,obt-collector1,0,355,0,0,0,0,0,0,0,0,0,0,35,0,0,0,0,0,0,0,0,0,0,0,0,1661,0,0,0,0,0,0,0,355,0,0,35,0,0,0,0,0,0,0,0,0,0,0,0,0,0,0,0,0,0,0,44555978,0,0,0,0,0,0,0,0,35,0,977,0,0,0,0,0,0,0,0,50260295,0,0,0,0/RP0/CPU0

2020-02-05 01:59:35.886000+00:00,spine3,sg2,obt-collector1,1,228,0,0,0,0,0,0,0,0,0,0,0,0,0,0,0,0,0,0,124,0,0,0,0,112,0,0,0,0,0,0,97,7,0,0,132,0,40474,40449,0,20357,0,40479,40472,0,20384,0,59,178,0,97,0,0,0,0,101694,0,0,0,0,0,0,0,0,219,0,73,0,0,0,0,20834,0,0,0,102192,0,211,0,0/0/CPU0

2020-02-05 01:59:35.889000+00:00,spine3,sg2,obt-collector1,0,355,0,0,0,0,0,0,0,0,0,0,35,0,0,0,0,0,0,0,0,0,0,0,0,1661,0,0,0,0,0,0,0,355,0,0,35,0,0,0,0,0,0,0,0,0,0,0,0,0,0,0,0,0,0,0,44556050,0,0,0,0,0,0,0,0,35,0,977,0,0,0,0,0,0,0,0,50260415,0,0,0,0/RP0/CPU0

2020-02-05 01:59:45.860000+00:00,spine3,sg2,obt-collector1,1,228,0,0,0,0,0,0,0,0,0,0,0,0,0,0,0,0,0,0,124,0,0,0,0,112,0,0,0,0,0,0,97,7,0,0,132,0,40475,40452,0,20357,0,40482,40473,0,20386,0,59,178,0,97,0,0,0,0,101700,0,0,0,0,0,0,0,0,219,0,73,0,0,0,0,20834,0,0,0,102196,0,211,0,0/0/CPU0

2020-02-05 01:59:45.863000+00:00,spine3,sg2,obt-collector1,0,355,0,0,0,0,0,0,0,0,0,0,35,0,0,0,0,0,0,0,0,0,0,0,0,1661,0,0,0,0,0,0,0,355,0,0,35,0,0,0,0,0,0,0,0,0,0,0,0,0,0,0,0,0,0,0,44556122,0,0,0,0,0,0,0,0,35,0,977,0,0,0,0,0,0,0,0,50260535,0,0,0,0/RP0/CPU0

2020-02-05 01:59:55.829000+00:00,spine3,sg2,obt-collector1,1,228,0,0,0,0,0,0,0,0,0,0,0,0,0,0,0,0,0,0,124,0,0,0,0,112,0,0,0,0,0,0,97,7,0,0,132,0,40480,40456,0,20360,0,40486,40478,0,20387,0,59,178,0,97,0,0,0,0,101710,0,0,0,0,0,0,0,0,219,0,73,0,0,0,0,20837,0,0,0,102208,0,211,0,0/0/CPU0

2020-02-05 01:59:55.831000+00:00,spine3,sg2,obt-collector1,0,355,0,0,0,0,0,0,0,0,0,0,35,0,0,0,0,0,0,0,0,0,0,0,0,1661,0,0,0,0,0,0,0,355,0,0,35,0,0,0,0,0,0,0,0,0,0,0,0,0,0,0,0,0,0,0,44556194,0,0,0,0,0,0,0,0,35,0,977,0,0,0,0,0,0,0,0,50260655,0,0,0,0/RP0/CPU0

2020-02-05 02:00:05.971000+00:00,spine3,sg2,obt-collector1,1,228,0,0,0,0,0,0,0,0,0,0,0,0,0,0,0,0,0,0,124,0,0,0,0,112,0,0,0,0,0,0,97,7,0,0,132,0,40480,40461,0,20361,0,40491,40478,0,20387,0,59,178,0,97,0,0,0,0,101715,0,0,0,0,0,0,0,0,219,0,73,0,0,0,0,20838,0,0,0,102214,0,211,0,0/0/CPU0

2020-02-05 02:00:05.974000+00:00,spine3,sg2,obt-collector1,0,355,0,0,0,0,0,0,0,0,0,0,35,0,0,0,0,0,0,0,0,0,0,0,0,1661,0,0,0,0,0,0,0,355,0,0,35,0,0,0,0,0,0,0,0,0,0,0,0,0,0,0,0,0,0,0,44556266,0,0,0,0,0,0,0,0,35,0,977,0,0,0,0,0,0,0,0,50260775,0,0,0,0/RP0/CPU0

2020-02-05 02:00:15.842000+00:00,spine3,sg2,obt-collector1,1,228,0,0,0,0,0,0,0,0,0,0,0,0,0,0,0,0,0,0,124,0,0,0,0,112,0,0,0,0,0,0,97,7,0,0,132,0,40487,40467,0,20363,0,40497,40485,0,20388,0,59,178,0,97,0,0,0,0,101729,0,0,0,0,0,0,0,0,219,0,73,0,0,0,0,20840,0,0,0,102229,0,211,0,0/0/CPU0

2020-02-05 02:00:15.846000+00:00,spine3,sg2,obt-collector1,0,355,0,0,0,0,0,0,0,0,0,0,35,0,0,0,0,0,0,0,0,0,0,0,0,1661,0,0,0,0,0,0,0,355,0,0,35,0,0,0,0,0,0,0,0,0,0,0,0,0,0,0,0,0,0,0,44556338,0,0,0,0,0,0,0,0,35,0,977,0,0,0,0,0,0,0,0,50260895,0,0,0,0/RP0/CPU0

2020-02-05 02:00:25.863000+00:00,spine3,sg2,obt-collector1,1,228,0,0,0,0,0,0,0,0,0,0,0,0,0,0,0,0,0,0,124,0,0,0,0,112,0,0,0,0,0,0,97,7,0,0,132,0,40491,40473,0,20363,0,40503,40489,0,20391,0,59,178,0,97,0,0,0,0,101742,0,0,0,0,0,0,0,0,219,0,73,0,0,0,0,20840,0,0,0,102239,0,211,0,0/0/CPU0

2020-02-05 02:00:25.866000+00:00,spine3,sg2,obt-collector1,0,355,0,0,0,0,0,0,0,0,0,0,35,0,0,0,0,0,0,0,0,0,0,0,0,1661,0,0,0,0,0,0,0,355,0,0,35,0,0,0,0,0,0,0,0,0,0,0,0,0,0,0,0,0,0,0,44556410,0,0,0,0,0,0,0,0,35,0,977,0,0,0,0,0,0,0,0,50261015,0,0,0,0/RP0/CPU0

2020-02-05 02:00:35.847000+00:00,spine3,sg2,obt-collector1,1,228,0,0,0,0,0,0,0,0,0,0,0,0,0,0,0,0,0,0,124,0,0,0,0,112,0,0,0,0,0,0,97,7,0,0,132,0,40494,40479,0,20367,0,40509,40492,0,20393,0,59,178,0,97,0,0,0,0,101753,0,0,0,0,0,0,0,0,219,0,73,0,0,0,0,20844,0,0,0,102252,0,211,0,0/0/CPU0

2020-02-05 02:00:35.854000+00:00,spine3,sg2,obt-collector1,0,355,0,0,0,0,0,0,0,0,0,0,35,0,0,0,0,0,0,0,0,0,0,0,0,1661,0,0,0,0,0,0,0,355,0,0,35,0,0,0,0,0,0,0,0,0,0,0,0,0,0,0,0,0,0,0,44556482,0,0,0,0,0,0,0,0,35,0,977,0,0,0,0,0,0,0,0,50261135,0,0,0,0/RP0/CPU0

2020-02-05 02:00:45.857000+00:00,spine3,sg2,obt-collector1,1,228,0,0,0,0,0,0,0,0,0,0,0,0,0,0,0,0,0,0,124,0,0,0,0,112,0,0,0,0,0,0,97,7,0,0,132,0,40501,40483,0,20369,0,40513,40499,0,20398,0,59,178,0,97,0,0,0,0,101769,0,0,0,0,0,0,0,0,219,0,73,0,0,0,0,20846,0,0,0,102265,0,211,0,0/0/CPU0

2020-02-05 02:00:45.861000+00:00,spine3,sg2,obt-collector1,0,355,0,0,0,0,0,0,0,0,0,0,35,0,0,0,0,0,0,0,0,0,0,0,0,1661,0,0,0,0,0,0,0,355,0,0,35,0,0,0,0,0,0,0,0,0,0,0,0,0,0,0,0,0,0,0,44556546,0,0,0,0,0,0,0,0,35,0,977,0,0,0,0,0,0,0,0,50261263,0,0,0,0/RP0/CPU0

2020-02-05 02:00:55.852000+00:00,spine3,sg2,obt-collector1,1,228,0,0,0,0,0,0,0,0,0,0,0,0,0,0,0,0,0,0,124,0,0,0,0,112,0,0,0,0,0,0,97,7,0,0,132,0,40504,40484,0,20371,0,40514,40502,0,20400,0,59,178,0,97,0,0,0,0,101775,0,0,0,0,0,0,0,0,219,0,73,0,0,0,0,20848,0,0,0,102271,0,211,0,0/0/CPU0

2020-02-05 02:00:55.856000+00:00,spine3,sg2,obt-collector1,0,355,0,0,0,0,0,0,0,0,0,0,35,0,0,0,0,0,0,0,0,0,0,0,0,1661,0,0,0,0,0,0,0,355,0,0,35,0,0,0,0,0,0,0,0,0,0,0,0,0,0,0,0,0,0,0,44556610,0,0,0,0,0,0,0,0,35,0,977,0,0,0,0,0,0,0,0,50261391,0,0,0,0/RP0/CPU0

2020-02-05 02:01:05.877000+00:00,spine3,sg2,obt-collector1,1,228,0,0,0,0,0,0,0,0,0,0,0,0,0,0,0,0,0,0,124,0,0,0,0,112,0,0,0,0,0,0,97,7,0,0,132,0,40509,40487,0,20371,0,40517,40507,0,20401,0,59,178,0,97,0,0,0,0,101784,0,0,0,0,0,0,0,0,219,0,73,0,0,0,0,20848,0,0,0,102279,0,211,0,0/0/CPU0

2020-02-05 02:01:05.880000+00:00,spine3,sg2,obt-collector1,0,355,0,0,0,0,0,0,0,0,0,0,35,0,0,0,0,0,0,0,0,0,0,0,0,1661,0,0,0,0,0,0,0,355,0,0,35,0,0,0,0,0,0,0,0,0,0,0,0,0,0,0,0,0,0,0,44556674,0,0,0,0,0,0,0,0,35,0,977,0,0,0,0,0,0,0,0,50261527,0,0,0,0/RP0/CPU0

2020-02-05 02:01:15.837000+00:00,spine3,sg2,obt-collector1,1,228,0,0,0,0,0,0,0,0,0,0,0,0,0,0,0,0,0,0,124,0,0,0,0,112,0,0,0,0,0,0,97,7,0,0,132,0,40512,40490,0,20372,0,40520,40510,0,20402,0,59,178,0,97,0,0,0,0,101791,0,0,0,0,0,0,0,0,219,0,73,0,0,0,0,20849,0,0,0,102286,0,211,0,0/0/CPU0

2020-02-05 02:01:15.839000+00:00,spine3,sg2,obt-collector1,0,355,0,0,0,0,0,0,0,0,0,0,35,0,0,0,0,0,0,0,0,0,0,0,0,1661,0,0,0,0,0,0,0,355,0,0,35,0,0,0,0,0,0,0,0,0,0,0,0,0,0,0,0,0,0,0,44556738,0,0,0,0,0,0,0,0,35,0,977,0,0,0,0,0,0,0,0,50261647,0,0,0,0/RP0/CPU0

2020-02-05 02:01:25.888000+00:00,spine3,sg2,obt-collector1,1,228,0,0,0,0,0,0,0,0,0,0,0,0,0,0,0,0,0,0,124,0,0,0,0,112,0,0,0,0,0,0,97,7,0,0,132,0,40513,40493,0,20372,0,40523,40511,0,20405,0,59,178,0,97,0,0,0,0,101798,0,0,0,0,0,0,0,0,219,0,73,0,0,0,0,20849,0,0,0,102290,0,211,0,0/0/CPU0

2020-02-05 02:01:25.894000+00:00,spine3,sg2,obt-collector1,0,355,0,0,0,0,0,0,0,0,0,0,35,0,0,0,0,0,0,0,0,0,0,0,0,1661,0,0,0,0,0,0,0,355,0,0,35,0,0,0,0,0,0,0,0,0,0,0,0,0,0,0,0,0,0,0,44556802,0,0,0,0,0,0,0,0,35,0,977,0,0,0,0,0,0,0,0,50261807,0,0,0,0/RP0/CPU0

2020-02-05 02:01:35.841000+00:00,spine3,sg2,obt-collector1,1,228,0,0,0,0,0,0,0,0,0,0,0,0,0,0,0,0,0,0,124,0,0,0,0,112,0,0,0,0,0,0,97,7,0,0,132,0,40516,40497,0,20375,0,40527,40514,0,20406,0,59,178,0,97,0,0,0,0,101806,0,0,0,0,0,0,0,0,219,0,73,0,0,0,0,20852,0,0,0,102300,0,211,0,0/0/CPU0

2020-02-05 02:01:35.845000+00:00,spine3,sg2,obt-collector1,0,355,0,0,0,0,0,0,0,0,0,0,35,0,0,0,0,0,0,0,0,0,0,0,0,1661,0,0,0,0,0,0,0,355,0,0,35,0,0,0,0,0,0,0,0,0,0,0,0,0,0,0,0,0,0,0,44556866,0,0,0,0,0,0,0,0,35,0,977,0,0,0,0,0,0,0,0,50261903,0,0,0,0/RP0/CPU0

2020-02-05 02:01:45.835000+00:00,spine3,sg2,obt-collector1,1,228,0,0,0,0,0,0,0,0,0,0,0,0,0,0,0,0,0,0,124,0,0,0,0,112,0,0,0,0,0,0,97,7,0,0,132,0,40519,40497,0,20378,0,40527,40517,0,20406,0,59,178,0,97,0,0,0,0,101809,0,0,0,0,0,0,0,0,219,0,73,0,0,0,0,20855,0,0,0,102306,0,211,0,0/0/CPU0

2020-02-05 02:01:45.839000+00:00,spine3,sg2,obt-collector1,0,355,0,0,0,0,0,0,0,0,0,0,35,0,0,0,0,0,0,0,0,0,0,0,0,1661,0,0,0,0,0,0,0,355,0,0,35,0,0,0,0,0,0,0,0,0,0,0,0,0,0,0,0,0,0,0,44556930,0,0,0,0,0,0,0,0,35,0,977,0,0,0,0,0,0,0,0,50262031,0,0,0,0/RP0/CPU0

2020-02-05 02:01:55.842000+00:00,spine3,sg2,obt-collector1,1,228,0,0,0,0,0,0,0,0,0,0,0,0,0,0,0,0,0,0,124,0,0,0,0,112,0,0,0,0,0,0,97,7,0,0,132,0,40524,40500,0,20379,0,40530,40522,0,20409,0,59,178,0,97,0,0,0,0,101820,0,0,0,0,0,0,0,0,219,0,73,0,0,0,0,20856,0,0,0,102315,0,211,0,0/0/CPU0

2020-02-05 02:01:55.844000+00:00,spine3,sg2,obt-collector1,0,355,0,0,0,0,0,0,0,0,0,0,35,0,0,0,0,0,0,0,0,0,0,0,0,1661,0,0,0,0,0,0,0,355,0,0,35,0,0,0,0,0,0,0,0,0,0,0,0,0,0,0,0,0,0,0,44556994,0,0,0,0,0,0,0,0,35,0,977,0,0,0,0,0,0,0,0,50262159,0,0,0,0/RP0/CPU0

2020-02-05 02:02:05.829000+00:00,spine3,sg2,obt-collector1,1,228,0,0,0,0,0,0,0,0,0,0,0,0,0,0,0,0,0,0,124,0,0,0,0,112,0,0,0,0,0,0,97,7,0,0,132,0,40526,40501,0,20380,0,40531,40524,0,20410,0,59,178,0,97,0,0,0,0,101824,0,0,0,0,0,0,0,0,219,0,73,0,0,0,0,20857,0,0,0,102319,0,211,0,0/0/CPU0

2020-02-05 02:02:05.831000+00:00,spine3,sg2,obt-collector1,0,355,0,0,0,0,0,0,0,0,0,0,35,0,0,0,0,0,0,0,0,0,0,0,0,1661,0,0,0,0,0,0,0,355,0,0,35,0,0,0,0,0,0,0,0,0,0,0,0,0,0,0,0,0,0,0,44557058,0,0,0,0,0,0,0,0,35,0,977,0,0,0,0,0,0,0,0,50262287,0,0,0,0/RP0/CPU0

2020-02-05 02:02:15.837000+00:00,spine3,sg2,obt-collector1,1,228,0,0,0,0,0,0,0,0,0,0,0,0,0,0,0,0,0,0,124,0,0,0,0,112,0,0,0,0,0,0,97,7,0,0,132,0,40532,40505,0,20380,0,40535,40530,0,20412,0,59,178,0,97,0,0,0,0,101836,0,0,0,0,0,0,0,0,219,0,73,0,0,0,0,20857,0,0,0,102329,0,211,0,0/0/CPU0

2020-02-05 02:02:15.840000+00:00,spine3,sg2,obt-collector1,0,355,0,0,0,0,0,0,0,0,0,0,35,0,0,0,0,0,0,0,0,0,0,0,0,1661,0,0,0,0,0,0,0,355,0,0,35,0,0,0,0,0,0,0,0,0,0,0,0,0,0,0,0,0,0,0,44557122,0,0,0,0,0,0,0,0,35,0,977,0,0,0,0,0,0,0,0,50262415,0,0,0,0/RP0/CPU0

2020-02-05 02:02:25.848000+00:00,spine3,sg2,obt-collector1,1,228,0,0,0,0,0,0,0,0,0,0,0,0,0,0,0,0,0,0,124,0,0,0,0,112,0,0,0,0,0,0,97,7,0,0,132,0,40533,40508,0,20383,0,40538,40531,0,20414,0,59,178,0,97,0,0,0,0,101842,0,0,0,0,0,0,0,0,219,0,73,0,0,0,0,20860,0,0,0,102336,0,211,0,0/0/CPU0

2020-02-05 02:02:25.852000+00:00,spine3,sg2,obt-collector1,0,355,0,0,0,0,0,0,0,0,0,0,35,0,0,0,0,0,0,0,0,0,0,0,0,1661,0,0,0,0,0,0,0,355,0,0,35,0,0,0,0,0,0,0,0,0,0,0,0,0,0,0,0,0,0,0,44557186,0,0,0,0,0,0,0,0,35,0,977,0,0,0,0,0,0,0,0,50262543,0,0,0,0/RP0/CPU0

2020-02-05 02:02:35.847000+00:00,spine3,sg2,obt-collector1,1,228,0,0,0,0,0,0,0,0,0,0,0,0,0,0,0,0,0,0,124,0,0,0,0,112,0,0,0,0,0,0,97,7,0,0,132,0,40538,40513,0,20387,0,40543,40536,0,20417,0,59,178,0,97,0,0,0,0,101855,0,0,0,0,0,0,0,0,219,0,73,0,0,0,0,20864,0,0,0,102350,0,211,0,0/0/CPU0

2020-02-05 02:02:35.853000+00:00,spine3,sg2,obt-collector1,0,355,0,0,0,0,0,0,0,0,0,0,35,0,0,0,0,0,0,0,0,0,0,0,0,1661,0,0,0,0,0,0,0,355,0,0,35,0,0,0,0,0,0,0,0,0,0,0,0,0,0,0,0,0,0,0,44557250,0,0,0,0,0,0,0,0,35,0,977,0,0,0,0,0,0,0,0,50262671,0,0,0,0/RP0/CPU0

2020-02-05 02:02:45.848000+00:00,spine3,sg2,obt-collector1,1,228,0,0,0,0,0,0,0,0,0,0,0,0,0,0,0,0,0,0,124,0,0,0,0,112,0,0,0,0,0,0,97,7,0,0,132,0,40540,40516,0,20389,0,40546,40538,0,20419,0,59,178,0,97,0,0,0,0,101862,0,0,0,0,0,0,0,0,219,0,73,0,0,0,0,20866,0,0,0,102357,0,211,0,0/0/CPU0

2020-02-05 02:02:45.851000+00:00,spine3,sg2,obt-collector1,0,355,0,0,0,0,0,0,0,0,0,0,35,0,0,0,0,0,0,0,0,0,0,0,0,1661,0,0,0,0,0,0,0,355,0,0,35,0,0,0,0,0,0,0,0,0,0,0,0,0,0,0,0,0,0,0,44557314,0,0,0,0,0,0,0,0,35,0,977,0,0,0,0,0,0,0,0,50262799,0,0,0,0/RP0/CPU0

2020-02-05 02:02:55.846000+00:00,spine3,sg2,obt-collector1,1,228,0,0,0,0,0,0,0,0,0,0,0,0,0,0,0,0,0,0,124,0,0,0,0,112,0,0,0,0,0,0,97,7,0,0,132,0,40544,40520,0,20391,0,40550,40542,0,20419,0,59,178,0,97,0,0,0,0,101870,0,0,0,0,0,0,0,0,219,0,73,0,0,0,0,20868,0,0,0,102367,0,211,0,0/0/CPU0

2020-02-05 02:02:55.850000+00:00,spine3,sg2,obt-collector1,0,355,0,0,0,0,0,0,0,0,0,0,35,0,0,0,0,0,0,0,0,0,0,0,0,1661,0,0,0,0,0,0,0,355,0,0,35,0,0,0,0,0,0,0,0,0,0,0,0,0,0,0,0,0,0,0,44557378,0,0,0,0,0,0,0,0,35,0,977,0,0,0,0,0,0,0,0,50262927,0,0,0,0/RP0/CPU0

2020-02-05 02:03:05.827000+00:00,spine3,sg2,obt-collector1,1,228,0,0,0,0,0,0,0,0,0,0,0,0,0,0,0,0,0,0,124,0,0,0,0,112,0,0,0,0,0,0,97,7,0,0,132,0,40544,40525,0,20392,0,40555,40542,0,20419,0,59,178,0,97,0,0,0,0,101875,0,0,0,0,0,0,0,0,219,0,73,0,0,0,0,20869,0,0,0,102373,0,211,0,0/0/CPU0

2020-02-05 02:03:05.829000+00:00,spine3,sg2,obt-collector1,0,355,0,0,0,0,0,0,0,0,0,0,35,0,0,0,0,0,0,0,0,0,0,0,0,1661,0,0,0,0,0,0,0,355,0,0,35,0,0,0,0,0,0,0,0,0,0,0,0,0,0,0,0,0,0,0,44557442,0,0,0,0,0,0,0,0,35,0,977,0,0,0,0,0,0,0,0,50263055,0,0,0,0/RP0/CPU0

2020-02-05 02:03:15.846000+00:00,spine3,sg2,obt-collector1,1,228,0,0,0,0,0,0,0,0,0,0,0,0,0,0,0,0,0,0,124,0,0,0,0,112,0,0,0,0,0,0,97,7,0,0,132,0,40551,40531,0,20394,0,40561,40549,0,20420,0,59,178,0,97,0,0,0,0,101889,0,0,0,0,0,0,0,0,219,0,73,0,0,0,0,20871,0,0,0,102388,0,211,0,0/0/CPU0

2020-02-05 02:03:15.849000+00:00,spine3,sg2,obt-collector1,0,355,0,0,0,0,0,0,0,0,0,0,35,0,0,0,0,0,0,0,0,0,0,0,0,1661,0,0,0,0,0,0,0,355,0,0,35,0,0,0,0,0,0,0,0,0,0,0,0,0,0,0,0,0,0,0,44557506,0,0,0,0,0,0,0,0,35,0,977,0,0,0,0,0,0,0,0,50263183,0,0,0,0/RP0/CPU0

2020-02-05 02:03:25.854000+00:00,spine3,sg2,obt-collector1,1,228,0,0,0,0,0,0,0,0,0,0,0,0,0,0,0,0,0,0,124,0,0,0,0,112,0,0,0,0,0,0,97,7,0,0,132,0,40553,40537,0,20397,0,40567,40551,0,20420,0,59,178,0,97,0,0,0,0,101897,0,0,0,0,0,0,0,0,219,0,73,0,0,0,0,20874,0,0,0,102399,0,211,0,0/0/CPU0

2020-02-05 02:03:25.858000+00:00,spine3,sg2,obt-collector1,0,355,0,0,0,0,0,0,0,0,0,0,35,0,0,0,0,0,0,0,0,0,0,0,0,1661,0,0,0,0,0,0,0,355,0,0,35,0,0,0,0,0,0,0,0,0,0,0,0,0,0,0,0,0,0,0,44557570,0,0,0,0,0,0,0,0,35,0,977,0,0,0,0,0,0,0,0,50263311,0,0,0,0/RP0/CPU0

2020-02-05 02:03:35.867000+00:00,spine3,sg2,obt-collector1,1,228,0,0,0,0,0,0,0,0,0,0,0,0,0,0,0,0,0,0,124,0,0,0,0,112,0,0,0,0,0,0,97,7,0,0,132,0,40560,40542,0,20398,0,40572,40558,0,20425,0,59,178,0,97,0,0,0,0,101914,0,0,0,0,0,0,0,0,219,0,73,0,0,0,0,20875,0,0,0,102412,0,211,0,0/0/CPU0

2020-02-05 02:03:35.869000+00:00,spine3,sg2,obt-collector1,0,355,0,0,0,0,0,0,0,0,0,0,35,0,0,0,0,0,0,0,0,0,0,0,0,1661,0,0,0,0,0,0,0,355,0,0,35,0,0,0,0,0,0,0,0,0,0,0,0,0,0,0,0,0,0,0,44557634,0,0,0,0,0,0,0,0,35,0,977,0,0,0,0,0,0,0,0,50263439,0,0,0,0/RP0/CPU0

2020-02-05 02:03:45.898000+00:00,spine3,sg2,obt-collector1,1,228,0,0,0,0,0,0,0,0,0,0,0,0,0,0,0,0,0,0,124,0,0,0,0,112,0,0,0,0,0,0,97,7,0,0,132,0,40564,40547,0,20398,0,40577,40562,0,20428,0,59,178,0,97,0,0,0,0,101926,0,0,0,0,0,0,0,0,219,0,73,0,0,0,0,20875,0,0,0,102421,0,211,0,0/0/CPU0

2020-02-05 02:03:45.901000+00:00,spine3,sg2,obt-collector1,0,355,0,0,0,0,0,0,0,0,0,0,35,0,0,0,0,0,0,0,0,0,0,0,0,1661,0,0,0,0,0,0,0,355,0,0,35,0,0,0,0,0,0,0,0,0,0,0,0,0,0,0,0,0,0,0,44557698,0,0,0,0,0,0,0,0,35,0,977,0,0,0,0,0,0,0,0,50263599,0,0,0,0/RP0/CPU0

2020-02-05 02:03:55.844000+00:00,spine3,sg2,obt-collector1,1,228,0,0,0,0,0,0,0,0,0,0,0,0,0,0,0,0,0,0,124,0,0,0,0,112,0,0,0,0,0,0,97,7,0,0,132,0,40568,40548,0,20401,0,40578,40566,0,20431,0,59,178,0,97,0,0,0,0,101934,0,0,0,0,0,0,0,0,219,0,73,0,0,0,0,20878,0,0,0,102429,0,211,0,0/0/CPU0

2020-02-05 02:03:55.847000+00:00,spine3,sg2,obt-collector1,0,355,0,0,0,0,0,0,0,0,0,0,35,0,0,0,0,0,0,0,0,0,0,0,0,1661,0,0,0,0,0,0,0,355,0,0,35,0,0,0,0,0,0,0,0,0,0,0,0,0,0,0,0,0,0,0,44557762,0,0,0,0,0,0,0,0,35,0,977,0,0,0,0,0,0,0,0,50263695,0,0,0,0/RP0/CPU0

2020-02-05 02:04:05.847000+00:00,spine3,sg2,obt-collector1,1,228,0,0,0,0,0,0,0,0,0,0,0,0,0,0,0,0,0,0,124,0,0,0,0,112,0,0,0,0,0,0,97,7,0,0,132,0,40573,40551,0,20403,0,40581,40571,0,20432,0,59,178,0,97,0,0,0,0,101943,0,0,0,0,0,0,0,0,219,0,73,0,0,0,0,20880,0,0,0,102439,0,211,0,0/0/CPU0

2020-02-05 02:04:05.850000+00:00,spine3,sg2,obt-collector1,0,355,0,0,0,0,0,0,0,0,0,0,35,0,0,0,0,0,0,0,0,0,0,0,0,1661,0,0,0,0,0,0,0,355,0,0,35,0,0,0,0,0,0,0,0,0,0,0,0,0,0,0,0,0,0,0,44557826,0,0,0,0,0,0,0,0,35,0,977,0,0,0,0,0,0,0,0,50263823,0,0,0,0/RP0/CPU0

2020-02-05 02:04:15.840000+00:00,spine3,sg2,obt-collector1,1,228,0,0,0,0,0,0,0,0,0,0,0,0,0,0,0,0,0,0,124,0,0,0,0,112,0,0,0,0,0,0,97,7,0,0,132,0,40576,40553,0,20403,0,40583,40574,0,20434,0,59,178,0,97,0,0,0,0,101950,0,0,0,0,0,0,0,0,219,0,73,0,0,0,0,20880,0,0,0,102444,0,211,0,0/0/CPU0

2020-02-05 02:04:15.843000+00:00,spine3,sg2,obt-collector1,0,355,0,0,0,0,0,0,0,0,0,0,35,0,0,0,0,0,0,0,0,0,0,0,0,1661,0,0,0,0,0,0,0,355,0,0,35,0,0,0,0,0,0,0,0,0,0,0,0,0,0,0,0,0,0,0,44557890,0,0,0,0,0,0,0,0,35,0,977,0,0,0,0,0,0,0,0,50263951,0,0,0,0/RP0/CPU0

2020-02-05 02:04:25.850000+00:00,spine3,sg2,obt-collector1,1,228,0,0,0,0,0,0,0,0,0,0,0,0,0,0,0,0,0,0,124,0,0,0,0,112,0,0,0,0,0,0,97,7,0,0,132,0,40576,40558,0,20404,0,40588,40574,0,20435,0,59,178,0,97,0,0,0,0,101956,0,0,0,0,0,0,0,0,219,0,73,0,0,0,0,20881,0,0,0,102450,0,211,0,0/0/CPU0

2020-02-05 02:04:25.852000+00:00,spine3,sg2,obt-collector1,0,355,0,0,0,0,0,0,0,0,0,0,35,0,0,0,0,0,0,0,0,0,0,0,0,1661,0,0,0,0,0,0,0,355,0,0,35,0,0,0,0,0,0,0,0,0,0,0,0,0,0,0,0,0,0,0,44557954,0,0,0,0,0,0,0,0,35,0,977,0,0,0,0,0,0,0,0,50264079,0,0,0,0/RP0/CPU0

2020-02-05 02:04:35.816000+00:00,spine3,sg2,obt-collector1,1,228,0,0,0,0,0,0,0,0,0,0,0,0,0,0,0,0,0,0,124,0,0,0,0,112,0,0,0,0,0,0,97,7,0,0,132,0,40579,40560,0,20404,0,40590,40577,0,20438,0,59,178,0,97,0,0,0,0,101964,0,0,0,0,0,0,0,0,219,0,73,0,0,0,0,20881,0,0,0,102455,0,211,0,0/0/CPU0

2020-02-05 02:04:35.819000+00:00,spine3,sg2,obt-collector1,0,355,0,0,0,0,0,0,0,0,0,0,35,0,0,0,0,0,0,0,0,0,0,0,0,1661,0,0,0,0,0,0,0,355,0,0,35,0,0,0,0,0,0,0,0,0,0,0,0,0,0,0,0,0,0,0,44558018,0,0,0,0,0,0,0,0,35,0,977,0,0,0,0,0,0,0,0,50264207,0,0,0,0/RP0/CPU0

2020-02-05 02:04:45.867000+00:00,spine3,sg2,obt-collector1,1,228,0,0,0,0,0,0,0,0,0,0,0,0,0,0,0,0,0,0,124,0,0,0,0,112,0,0,0,0,0,0,97,7,0,0,132,0,40583,40561,0,20408,0,40591,40581,0,20439,0,59,178,0,97,0,0,0,0,101970,0,0,0,0,0,0,0,0,219,0,73,0,0,0,0,20885,0,0,0,102464,0,211,0,0/0/CPU0

2020-02-05 02:04:45.870000+00:00,spine3,sg2,obt-collector1,0,355,0,0,0,0,0,0,0,0,0,0,35,0,0,0,0,0,0,0,0,0,0,0,0,1661,0,0,0,0,0,0,0,355,0,0,35,0,0,0,0,0,0,0,0,0,0,0,0,0,0,0,0,0,0,0,44558082,0,0,0,0,0,0,0,0,35,0,977,0,0,0,0,0,0,0,0,50264335,0,0,0,0/RP0/CPU0

2020-02-05 02:04:55.859000+00:00,spine3,sg2,obt-collector1,1,228,0,0,0,0,0,0,0,0,0,0,0,0,0,0,0,0,0,0,124,0,0,0,0,112,0,0,0,0,0,0,97,7,0,0,132,0,40587,40564,0,20411,0,40594,40585,0,20440,0,59,178,0,97,0,0,0,0,101978,0,0,0,0,0,0,0,0,219,0,73,0,0,0,0,20888,0,0,0,102474,0,211,0,0/0/CPU0

2020-02-05 02:04:55.861000+00:00,spine3,sg2,obt-collector1,0,355,0,0,0,0,0,0,0,0,0,0,35,0,0,0,0,0,0,0,0,0,0,0,0,1661,0,0,0,0,0,0,0,355,0,0,35,0,0,0,0,0,0,0,0,0,0,0,0,0,0,0,0,0,0,0,44558146,0,0,0,0,0,0,0,0,35,0,977,0,0,0,0,0,0,0,0,50264463,0,0,0,0/RP0/CPU0

2020-02-05 02:05:05.872000+00:00,spine3,sg2,obt-collector1,1,228,0,0,0,0,0,0,0,0,0,0,0,0,0,0,0,0,0,0,124,0,0,0,0,112,0,0,0,0,0,0,97,7,0,0,132,0,40590,40565,0,20411,0,40595,40588,0,20441,0,59,178,0,97,0,0,0,0,101983,0,0,0,0,0,0,0,0,219,0,73,0,0,0,0,20888,0,0,0,102478,0,211,0,0/0/CPU0

2020-02-05 02:05:05.877000+00:00,spine3,sg2,obt-collector1,0,355,0,0,0,0,0,0,0,0,0,0,35,0,0,0,0,0,0,0,0,0,0,0,0,1661,0,0,0,0,0,0,0,355,0,0,35,0,0,0,0,0,0,0,0,0,0,0,0,0,0,0,0,0,0,0,44558210,0,0,0,0,0,0,0,0,35,0,977,0,0,0,0,0,0,0,0,50264591,0,0,0,0/RP0/CPU0

2020-02-05 02:05:15.905000+00:00,spine3,sg2,obt-collector1,1,228,0,0,0,0,0,0,0,0,0,0,0,0,0,0,0,0,0,0,124,0,0,0,0,112,0,0,0,0,0,0,97,7,0,0,132,0,40596,40568,0,20412,0,40598,40594,0,20443,0,59,178,0,97,0,0,0,0,101994,0,0,0,0,0,0,0,0,219,0,73,0,0,0,0,20889,0,0,0,102488,0,211,0,0/0/CPU0

2020-02-05 02:05:15.910000+00:00,spine3,sg2,obt-collector1,0,355,0,0,0,0,0,0,0,0,0,0,35,0,0,0,0,0,0,0,0,0,0,0,0,1661,0,0,0,0,0,0,0,355,0,0,35,0,0,0,0,0,0,0,0,0,0,0,0,0,0,0,0,0,0,0,44558274,0,0,0,0,0,0,0,0,35,0,977,0,0,0,0,0,0,0,0,50264751,0,0,0,0/RP0/CPU0

2020-02-05 02:05:25.877000+00:00,spine3,sg2,obt-collector1,1,228,0,0,0,0,0,0,0,0,0,0,0,0,0,0,0,0,0,0,124,0,0,0,0,112,0,0,0,0,0,0,97,7,0,0,132,0,40597,40574,0,20418,0,40604,40595,0,20446,0,59,178,0,97,0,0,0,0,102004,0,0,0,0,0,0,0,0,219,0,73,0,0,0,0,20895,0,0,0,102501,0,211,0,0/0/CPU0

2020-02-05 02:05:25.881000+00:00,spine3,sg2,obt-collector1,0,355,0,0,0,0,0,0,0,0,0,0,35,0,0,0,0,0,0,0,0,0,0,0,0,1661,0,0,0,0,0,0,0,355,0,0,35,0,0,0,0,0,0,0,0,0,0,0,0,0,0,0,0,0,0,0,44558338,0,0,0,0,0,0,0,0,35,0,977,0,0,0,0,0,0,0,0,50264850,0,0,0,0/RP0/CPU0

2020-02-05 02:05:35.859000+00:00,spine3,sg2,obt-collector1,1,228,0,0,0,0,0,0,0,0,0,0,0,0,0,0,0,0,0,0,124,0,0,0,0,112,0,0,0,0,0,0,97,7,0,0,132,0,40601,40578,0,20419,0,40608,40599,0,20448,0,59,178,0,97,0,0,0,0,102014,0,0,0,0,0,0,0,0,219,0,73,0,0,0,0,20896,0,0,0,102510,0,211,0,0/0/CPU0

2020-02-05 02:05:35.861000+00:00,spine3,sg2,obt-collector1,0,355,0,0,0,0,0,0,0,0,0,0,35,0,0,0,0,0,0,0,0,0,0,0,0,1661,0,0,0,0,0,0,0,355,0,0,35,0,0,0,0,0,0,0,0,0,0,0,0,0,0,0,0,0,0,0,44558403,0,0,0,0,0,0,0,0,35,0,977,0,0,0,0,0,0,0,0,50264975,0,0,0,0/RP0/CPU0

2020-02-05 02:05:45.847000+00:00,spine3,sg2,obt-collector1,1,228,0,0,0,0,0,0,0,0,0,0,0,0,0,0,0,0,0,0,124,0,0,0,0,112,0,0,0,0,0,0,97,7,0,0,132,0,40604,40579,0,20419,0,40609,40602,0,20450,0,59,178,0,97,0,0,0,0,102020,0,0,0,0,0,0,0,0,219,0,73,0,0,0,0,20896,0,0,0,102514,0,211,0,0/0/CPU0

2020-02-05 02:05:45.850000+00:00,spine3,sg2,obt-collector1,0,355,0,0,0,0,0,0,0,0,0,0,35,0,0,0,0,0,0,0,0,0,0,0,0,1661,0,0,0,0,0,0,0,355,0,0,35,0,0,0,0,0,0,0,0,0,0,0,0,0,0,0,0,0,0,0,44558470,0,0,0,0,0,0,0,0,35,0,977,0,0,0,0,0,0,0,0,50265103,0,0,0,0/RP0/CPU0

2020-02-05 02:05:55.871000+00:00,spine3,sg2,obt-collector1,1,228,0,0,0,0,0,0,0,0,0,0,0,0,0,0,0,0,0,0,124,0,0,0,0,112,0,0,0,0,0,0,97,7,0,0,132,0,40608,40583,0,20421,0,40613,40606,0,20451,0,59,178,0,97,0,0,0,0,102029,0,0,0,0,0,0,0,0,219,0,73,0,0,0,0,20898,0,0,0,102524,0,211,0,0/0/CPU0

2020-02-05 02:05:55.876000+00:00,spine3,sg2,obt-collector1,0,355,0,0,0,0,0,0,0,0,0,0,35,0,0,0,0,0,0,0,0,0,0,0,0,1661,0,0,0,0,0,0,0,355,0,0,35,0,0,0,0,0,0,0,0,0,0,0,0,0,0,0,0,0,0,0,44558534,0,0,0,0,0,0,0,0,35,0,977,0,0,0,0,0,0,0,0,50265231,0,0,0,0/RP0/CPU0

2020-02-05 02:06:05.851000+00:00,spine3,sg2,obt-collector1,1,228,0,0,0,0,0,0,0,0,0,0,0,0,0,0,0,0,0,0,124,0,0,0,0,112,0,0,0,0,0,0,97,7,0,0,132,0,40609,40588,0,20425,0,40618,40607,0,20452,0,59,178,0,97,0,0,0,0,102036,0,0,0,0,0,0,0,0,219,0,73,0,0,0,0,20902,0,0,0,102534,0,211,0,0/0/CPU0

2020-02-05 02:06:05.854000+00:00,spine3,sg2,obt-collector1,0,355,0,0,0,0,0,0,0,0,0,0,35,0,0,0,0,0,0,0,0,0,0,0,0,1661,0,0,0,0,0,0,0,355,0,0,35,0,0,0,0,0,0,0,0,0,0,0,0,0,0,0,0,0,0,0,44558602,0,0,0,0,0,0,0,0,35,0,977,0,0,0,0,0,0,0,0,50265359,0,0,0,0/RP0/CPU0

2020-02-05 02:06:15.840000+00:00,spine3,sg2,obt-collector1,1,228,0,0,0,0,0,0,0,0,0,0,0,0,0,0,0,0,0,0,124,0,0,0,0,112,0,0,0,0,0,0,97,7,0,0,132,0,40615,40595,0,20427,0,40625,40613,0,20452,0,59,178,0,97,0,0,0,0,102049,0,0,0,0,0,0,0,0,219,0,73,0,0,0,0,20904,0,0,0,102549,0,211,0,0/0/CPU0

2020-02-05 02:06:15.842000+00:00,spine3,sg2,obt-collector1,0,355,0,0,0,0,0,0,0,0,0,0,35,0,0,0,0,0,0,0,0,0,0,0,0,1661,0,0,0,0,0,0,0,355,0,0,35,0,0,0,0,0,0,0,0,0,0,0,0,0,0,0,0,0,0,0,44558666,0,0,0,0,0,0,0,0,35,0,977,0,0,0,0,0,0,0,0,50265487,0,0,0,0/RP0/CPU0

2020-02-05 02:06:25.854000+00:00,spine3,sg2,obt-collector1,1,228,0,0,0,0,0,0,0,0,0,0,0,0,0,0,0,0,0,0,124,0,0,0,0,112,0,0,0,0,0,0,97,7,0,0,132,0,40616,40600,0,20429,0,40630,40614,0,20455,0,59,178,0,97,0,0,0,0,102058,0,0,0,0,0,0,0,0,219,0,73,0,0,0,0,20906,0,0,0,102557,0,211,0,0/0/CPU0

2020-02-05 02:06:25.860000+00:00,spine3,sg2,obt-collector1,0,355,0,0,0,0,0,0,0,0,0,0,35,0,0,0,0,0,0,0,0,0,0,0,0,1661,0,0,0,0,0,0,0,355,0,0,35,0,0,0,0,0,0,0,0,0,0,0,0,0,0,0,0,0,0,0,44558730,0,0,0,0,0,0,0,0,35,0,977,0,0,0,0,0,0,0,0,50265615,0,0,0,0/RP0/CPU0

2020-02-05 02:06:35.889000+00:00,spine3,sg2,obt-collector1,1,228,0,0,0,0,0,0,0,0,0,0,0,0,0,0,0,0,0,0,124,0,0,0,0,112,0,0,0,0,0,0,97,7,0,0,132,0,40622,40606,0,20430,0,40636,40620,0,20459,0,59,178,0,97,0,0,0,0,102074,0,0,0,0,0,0,0,0,219,0,73,0,0,0,0,20907,0,0,0,102570,0,211,0,0/0/CPU0

2020-02-05 02:06:35.900000+00:00,spine3,sg2,obt-collector1,0,355,0,0,0,0,0,0,0,0,0,0,35,0,0,0,0,0,0,0,0,0,0,0,0,1661,0,0,0,0,0,0,0,355,0,0,35,0,0,0,0,0,0,0,0,0,0,0,0,0,0,0,0,0,0,0,44558794,0,0,0,0,0,0,0,0,35,0,977,0,0,0,0,0,0,0,0,50265764,0,0,0,0/RP0/CPU0

2020-02-05 02:06:45.861000+00:00,spine3,sg2,obt-collector1,1,228,0,0,0,0,0,0,0,0,0,0,0,0,0,0,0,0,0,0,124,0,0,0,0,112,0,0,0,0,0,0,97,7,0,0,132,0,40627,40610,0,20431,0,40640,40625,0,20460,0,59,178,0,97,0,0,0,0,102084,0,0,0,0,0,0,0,0,219,0,73,0,0,0,0,20908,0,0,0,102580,0,211,0,0/0/CPU0

2020-02-05 02:06:45.865000+00:00,spine3,sg2,obt-collector1,0,355,0,0,0,0,0,0,0,0,0,0,35,0,0,0,0,0,0,0,0,0,0,0,0,1661,0,0,0,0,0,0,0,355,0,0,35,0,0,0,0,0,0,0,0,0,0,0,0,0,0,0,0,0,0,0,44558858,0,0,0,0,0,0,0,0,35,0,977,0,0,0,0,0,0,0,0,50265871,0,0,0,0/RP0/CPU0

2020-02-05 02:06:55.847000+00:00,spine3,sg2,obt-collector1,1,228,0,0,0,0,0,0,0,0,0,0,0,0,0,0,0,0,0,0,124,0,0,0,0,112,0,0,0,0,0,0,97,7,0,0,132,0,40631,40612,0,20431,0,40642,40629,0,20462,0,59,178,0,97,0,0,0,0,102092,0,0,0,0,0,0,0,0,219,0,73,0,0,0,0,20908,0,0,0,102586,0,211,0,0/0/CPU0

2020-02-05 02:06:55.850000+00:00,spine3,sg2,obt-collector1,0,355,0,0,0,0,0,0,0,0,0,0,35,0,0,0,0,0,0,0,0,0,0,0,0,1661,0,0,0,0,0,0,0,355,0,0,35,0,0,0,0,0,0,0,0,0,0,0,0,0,0,0,0,0,0,0,44558922,0,0,0,0,0,0,0,0,35,0,977,0,0,0,0,0,0,0,0,50265999,0,0,0,0/RP0/CPU0

2020-02-05 02:07:05.843000+00:00,spine3,sg2,obt-collector1,1,228,0,0,0,0,0,0,0,0,0,0,0,0,0,0,0,0,0,0,124,0,0,0,0,112,0,0,0,0,0,0,97,7,0,0,132,0,40635,40615,0,20433,0,40645,40633,0,20464,0,59,178,0,97,0,0,0,0,102101,0,0,0,0,0,0,0,0,219,0,73,0,0,0,0,20910,0,0,0,102595,0,211,0,0/0/CPU0

2020-02-05 02:07:05.846000+00:00,spine3,sg2,obt-collector1,0,355,0,0,0,0,0,0,0,0,0,0,35,0,0,0,0,0,0,0,0,0,0,0,0,1661,0,0,0,0,0,0,0,355,0,0,35,0,0,0,0,0,0,0,0,0,0,0,0,0,0,0,0,0,0,0,44558986,0,0,0,0,0,0,0,0,35,0,977,0,0,0,0,0,0,0,0,50266127,0,0,0,0/RP0/CPU0

2020-02-05 02:07:15.861000+00:00,spine3,sg2,obt-collector1,1,228,0,0,0,0,0,0,0,0,0,0,0,0,0,0,0,0,0,0,124,0,0,0,0,112,0,0,0,0,0,0,97,7,0,0,132,0,40640,40617,0,20435,0,40647,40638,0,20467,0,59,178,0,97,0,0,0,0,102111,0,0,0,0,0,0,0,0,219,0,73,0,0,0,0,20912,0,0,0,102604,0,211,0,0/0/CPU0

2020-02-05 02:07:15.863000+00:00,spine3,sg2,obt-collector1,0,355,0,0,0,0,0,0,0,0,0,0,35,0,0,0,0,0,0,0,0,0,0,0,0,1661,0,0,0,0,0,0,0,355,0,0,35,0,0,0,0,0,0,0,0,0,0,0,0,0,0,0,0,0,0,0,44559050,0,0,0,0,0,0,0,0,35,0,977,0,0,0,0,0,0,0,0,50266255,0,0,0,0/RP0/CPU0

2020-02-05 02:07:25.867000+00:00,spine3,sg2,obt-collector1,1,228,0,0,0,0,0,0,0,0,0,0,0,0,0,0,0,0,0,0,124,0,0,0,0,112,0,0,0,0,0,0,97,7,0,0,132,0,40640,40621,0,20437,0,40651,40638,0,20467,0,59,178,0,97,0,0,0,0,102115,0,0,0,0,0,0,0,0,219,0,73,0,0,0,0,20914,0,0,0,102610,0,211,0,0/0/CPU0

2020-02-05 02:07:25.869000+00:00,spine3,sg2,obt-collector1,0,355,0,0,0,0,0,0,0,0,0,0,35,0,0,0,0,0,0,0,0,0,0,0,0,1661,0,0,0,0,0,0,0,355,0,0,35,0,0,0,0,0,0,0,0,0,0,0,0,0,0,0,0,0,0,0,44559114,0,0,0,0,0,0,0,0,35,0,977,0,0,0,0,0,0,0,0,50266383,0,0,0,0/RP0/CPU0

2020-02-05 02:07:35.835000+00:00,spine3,sg2,obt-collector1,1,228,0,0,0,0,0,0,0,0,0,0,0,0,0,0,0,0,0,0,124,0,0,0,0,112,0,0,0,0,0,0,97,7,0,0,132,0,40643,40625,0,20437,0,40655,40641,0,20468,0,59,178,0,97,0,0,0,0,102123,0,0,0,0,0,0,0,0,219,0,73,0,0,0,0,20914,0,0,0,102617,0,211,0,0/0/CPU0

2020-02-05 02:07:35.837000+00:00,spine3,sg2,obt-collector1,0,355,0,0,0,0,0,0,0,0,0,0,35,0,0,0,0,0,0,0,0,0,0,0,0,1661,0,0,0,0,0,0,0,355,0,0,35,0,0,0,0,0,0,0,0,0,0,0,0,0,0,0,0,0,0,0,44559178,0,0,0,0,0,0,0,0,35,0,977,0,0,0,0,0,0,0,0,50266511,0,0,0,0/RP0/CPU0

2020-02-05 02:07:45.875000+00:00,spine3,sg2,obt-collector1,1,228,0,0,0,0,0,0,0,0,0,0,0,0,0,0,0,0,0,0,124,0,0,0,0,112,0,0,0,0,0,0,97,7,0,0,132,0,40646,40625,0,20439,0,40655,40644,0,20469,0,59,178,0,97,0,0,0,0,102127,0,0,0,0,0,0,0,0,219,0,73,0,0,0,0,20916,0,0,0,102622,0,211,0,0/0/CPU0

2020-02-05 02:07:45.878000+00:00,spine3,sg2,obt-collector1,0,355,0,0,0,0,0,0,0,0,0,0,35,0,0,0,0,0,0,0,0,0,0,0,0,1661,0,0,0,0,0,0,0,355,0,0,35,0,0,0,0,0,0,0,0,0,0,0,0,0,0,0,0,0,0,0,44559244,0,0,0,0,0,0,0,0,35,0,977,0,0,0,0,0,0,0,0,50266639,0,0,0,0/RP0/CPU0

2020-02-05 02:07:55.865000+00:00,spine3,sg2,obt-collector1,1,228,0,0,0,0,0,0,0,0,0,0,0,0,0,0,0,0,0,0,124,0,0,0,0,112,0,0,0,0,0,0,97,7,0,0,132,0,40651,40628,0,20440,0,40658,40649,0,20472,0,59,178,0,97,0,0,0,0,102138,0,0,0,0,0,0,0,0,219,0,73,0,0,0,0,20917,0,0,0,102631,0,211,0,0/0/CPU0

2020-02-05 02:07:55.867000+00:00,spine3,sg2,obt-collector1,0,355,0,0,0,0,0,0,0,0,0,0,35,0,0,0,0,0,0,0,0,0,0,0,0,1661,0,0,0,0,0,0,0,355,0,0,35,0,0,0,0,0,0,0,0,0,0,0,0,0,0,0,0,0,0,0,44559310,0,0,0,0,0,0,0,0,35,0,977,0,0,0,0,0,0,0,0,50266767,0,0,0,0/RP0/CPU0

2020-02-05 02:08:05.845000+00:00,spine3,sg2,obt-collector1,1,228,0,0,0,0,0,0,0,0,0,0,0,0,0,0,0,0,0,0,124,0,0,0,0,112,0,0,0,0,0,0,97,7,0,0,132,0,40654,40629,0,20443,0,40659,40652,0,20473,0,59,178,0,97,0,0,0,0,102143,0,0,0,0,0,0,0,0,219,0,73,0,0,0,0,20920,0,0,0,102638,0,211,0,0/0/CPU0

2020-02-05 02:08:05.848000+00:00,spine3,sg2,obt-collector1,0,355,0,0,0,0,0,0,0,0,0,0,35,0,0,0,0,0,0,0,0,0,0,0,0,1661,0,0,0,0,0,0,0,355,0,0,35,0,0,0,0,0,0,0,0,0,0,0,0,0,0,0,0,0,0,0,44559374,0,0,0,0,0,0,0,0,35,0,977,0,0,0,0,0,0,0,0,50266895,0,0,0,0/RP0/CPU0

2020-02-05 02:08:15.860000+00:00,spine3,sg2,obt-collector1,1,228,0,0,0,0,0,0,0,0,0,0,0,0,0,0,0,0,0,0,124,0,0,0,0,112,0,0,0,0,0,0,97,7,0,0,132,0,40657,40632,0,20443,0,40662,40655,0,20474,0,59,178,0,97,0,0,0,0,102150,0,0,0,0,0,0,0,0,219,0,73,0,0,0,0,20920,0,0,0,102644,0,211,0,0/0/CPU0

2020-02-05 02:08:15.864000+00:00,spine3,sg2,obt-collector1,0,355,0,0,0,0,0,0,0,0,0,0,35,0,0,0,0,0,0,0,0,0,0,0,0,1661,0,0,0,0,0,0,0,355,0,0,35,0,0,0,0,0,0,0,0,0,0,0,0,0,0,0,0,0,0,0,44559438,0,0,0,0,0,0,0,0,35,0,977,0,0,0,0,0,0,0,0,50267023,0,0,0,0/RP0/CPU0

2020-02-05 02:08:25.840000+00:00,spine3,sg2,obt-collector1,1,228,0,0,0,0,0,0,0,0,0,0,0,0,0,0,0,0,0,0,124,0,0,0,0,112,0,0,0,0,0,0,97,7,0,0,132,0,40661,40637,0,20447,0,40667,40659,0,20478,0,59,178,0,97,0,0,0,0,102163,0,0,0,0,0,0,0,0,219,0,73,0,0,0,0,20924,0,0,0,102657,0,211,0,0/0/CPU0

2020-02-05 02:08:25.845000+00:00,spine3,sg2,obt-collector1,0,355,0,0,0,0,0,0,0,0,0,0,35,0,0,0,0,0,0,0,0,0,0,0,0,1661,0,0,0,0,0,0,0,355,0,0,35,0,0,0,0,0,0,0,0,0,0,0,0,0,0,0,0,0,0,0,44559502,0,0,0,0,0,0,0,0,35,0,977,0,0,0,0,0,0,0,0,50267151,0,0,0,0/RP0/CPU0

2020-02-05 02:08:35.835000+00:00,spine3,sg2,obt-collector1,1,228,0,0,0,0,0,0,0,0,0,0,0,0,0,0,0,0,0,0,124,0,0,0,0,112,0,0,0,0,0,0,97,7,0,0,132,0,40663,40640,0,20450,0,40670,40661,0,20480,0,59,178,0,97,0,0,0,0,102170,0,0,0,0,0,0,0,0,219,0,73,0,0,0,0,20927,0,0,0,102665,0,211,0,0/0/CPU0

2020-02-05 02:08:35.838000+00:00,spine3,sg2,obt-collector1,0,355,0,0,0,0,0,0,0,0,0,0,35,0,0,0,0,0,0,0,0,0,0,0,0,1661,0,0,0,0,0,0,0,355,0,0,35,0,0,0,0,0,0,0,0,0,0,0,0,0,0,0,0,0,0,0,44559566,0,0,0,0,0,0,0,0,35,0,977,0,0,0,0,0,0,0,0,50267279,0,0,0,0/RP0/CPU0

2020-02-05 02:08:45.874000+00:00,spine3,sg2,obt-collector1,1,228,0,0,0,0,0,0,0,0,0,0,0,0,0,0,0,0,0,0,124,0,0,0,0,112,0,0,0,0,0,0,97,7,0,0,132,0,40668,40644,0,20453,0,40674,40666,0,20481,0,59,178,0,97,0,0,0,0,102180,0,0,0,0,0,0,0,0,219,0,73,0,0,0,0,20930,0,0,0,102677,0,211,0,0/0/CPU0

2020-02-05 02:08:45.877000+00:00,spine3,sg2,obt-collector1,0,355,0,0,0,0,0,0,0,0,0,0,35,0,0,0,0,0,0,0,0,0,0,0,0,1661,0,0,0,0,0,0,0,355,0,0,35,0,0,0,0,0,0,0,0,0,0,0,0,0,0,0,0,0,0,0,44559630,0,0,0,0,0,0,0,0,35,0,977,0,0,0,0,0,0,0,0,50267407,0,0,0,0/RP0/CPU0

2020-02-05 02:08:55.867000+00:00,spine3,sg2,obt-collector1,1,228,0,0,0,0,0,0,0,0,0,0,0,0,0,0,0,0,0,0,124,0,0,0,0,112,0,0,0,0,0,0,97,7,0,0,132,0,40670,40647,0,20455,0,40677,40668,0,20482,0,59,178,0,97,0,0,0,0,102186,0,0,0,0,0,0,0,0,219,0,73,0,0,0,0,20932,0,0,0,102684,0,211,0,0/0/CPU0

2020-02-05 02:08:55.869000+00:00,spine3,sg2,obt-collector1,0,355,0,0,0,0,0,0,0,0,0,0,35,0,0,0,0,0,0,0,0,0,0,0,0,1661,0,0,0,0,0,0,0,355,0,0,35,0,0,0,0,0,0,0,0,0,0,0,0,0,0,0,0,0,0,0,44559694,0,0,0,0,0,0,0,0,35,0,977,0,0,0,0,0,0,0,0,50267535,0,0,0,0/RP0/CPU0

2020-02-05 02:09:05.833000+00:00,spine3,sg2,obt-collector1,1,228,0,0,0,0,0,0,0,0,0,0,0,0,0,0,0,0,0,0,124,0,0,0,0,112,0,0,0,0,0,0,97,7,0,0,132,0,40673,40651,0,20456,0,40681,40671,0,20484,0,59,178,0,97,0,0,0,0,102195,0,0,0,0,0,0,0,0,219,0,73,0,0,0,0,20933,0,0,0,102692,0,211,0,0/0/CPU0

2020-02-05 02:09:05.836000+00:00,spine3,sg2,obt-collector1,0,355,0,0,0,0,0,0,0,0,0,0,35,0,0,0,0,0,0,0,0,0,0,0,0,1661,0,0,0,0,0,0,0,355,0,0,35,0,0,0,0,0,0,0,0,0,0,0,0,0,0,0,0,0,0,0,44559758,0,0,0,0,0,0,0,0,35,0,977,0,0,0,0,0,0,0,0,50267663,0,0,0,0/RP0/CPU0

2020-02-05 02:09:15.847000+00:00,spine3,sg2,obt-collector1,1,228,0,0,0,0,0,0,0,0,0,0,0,0,0,0,0,0,0,0,124,0,0,0,0,112,0,0,0,0,0,0,97,7,0,0,132,0,40678,40659,0,20458,0,40689,40676,0,20485,0,59,178,0,97,0,0,0,0,102209,0,0,0,0,0,0,0,0,219,0,73,0,0,0,0,20935,0,0,0,102707,0,211,0,0/0/CPU0

2020-02-05 02:09:15.849000+00:00,spine3,sg2,obt-collector1,0,355,0,0,0,0,0,0,0,0,0,0,35,0,0,0,0,0,0,0,0,0,0,0,0,1661,0,0,0,0,0,0,0,355,0,0,35,0,0,0,0,0,0,0,0,0,0,0,0,0,0,0,0,0,0,0,44559822,0,0,0,0,0,0,0,0,35,0,977,0,0,0,0,0,0,0,0,50267791,0,0,0,0/RP0/CPU0

2020-02-05 02:09:25.889000+00:00,spine3,sg2,obt-collector1,1,228,0,0,0,0,0,0,0,0,0,0,0,0,0,0,0,0,0,0,124,0,0,0,0,112,0,0,0,0,0,0,97,7,0,0,132,0,40680,40664,0,20461,0,40694,40678,0,20486,0,59,178,0,97,0,0,0,0,102217,0,0,0,0,0,0,0,0,219,0,73,0,0,0,0,20938,0,0,0,102717,0,211,0,0/0/CPU0

2020-02-05 02:09:25.892000+00:00,spine3,sg2,obt-collector1,0,355,0,0,0,0,0,0,0,0,0,0,35,0,0,0,0,0,0,0,0,0,0,0,0,1661,0,0,0,0,0,0,0,355,0,0,35,0,0,0,0,0,0,0,0,0,0,0,0,0,0,0,0,0,0,0,44559886,0,0,0,0,0,0,0,0,35,0,977,0,0,0,0,0,0,0,0,50267921,0,0,0,0/RP0/CPU0

2020-02-05 02:09:35.876000+00:00,spine3,sg2,obt-collector1,1,228,0,0,0,0,0,0,0,0,0,0,0,0,0,0,0,0,0,0,124,0,0,0,0,112,0,0,0,0,0,0,97,7,0,0,132,0,40686,40669,0,20462,0,40699,40684,0,20488,0,59,178,0,97,0,0,0,0,102230,0,0,0,0,0,0,0,0,219,0,73,0,0,0,0,20939,0,0,0,102729,0,211,0,0/0/CPU0

2020-02-05 02:09:35.879000+00:00,spine3,sg2,obt-collector1,0,355,0,0,0,0,0,0,0,0,0,0,35,0,0,0,0,0,0,0,0,0,0,0,0,1661,0,0,0,0,0,0,0,355,0,0,35,0,0,0,0,0,0,0,0,0,0,0,0,0,0,0,0,0,0,0,44559950,0,0,0,0,0,0,0,0,35,0,977,0,0,0,0,0,0,0,0,50268047,0,0,0,0/RP0/CPU0

2020-02-05 02:09:45.880000+00:00,spine3,sg2,obt-collector1,1,228,0,0,0,0,0,0,0,0,0,0,0,0,0,0,0,0,0,0,124,0,0,0,0,112,0,0,0,0,0,0,97,7,0,0,132,0,40691,40673,0,20463,0,40703,40689,0,20492,0,59,178,0,97,0,0,0,0,102243,0,0,0,0,0,0,0,0,219,0,73,0,0,0,0,20940,0,0,0,102739,0,211,0,0/0/CPU0

2020-02-05 02:09:45.883000+00:00,spine3,sg2,obt-collector1,0,355,0,0,0,0,0,0,0,0,0,0,35,0,0,0,0,0,0,0,0,0,0,0,0,1661,0,0,0,0,0,0,0,355,0,0,35,0,0,0,0,0,0,0,0,0,0,0,0,0,0,0,0,0,0,0,44560014,0,0,0,0,0,0,0,0,35,0,977,0,0,0,0,0,0,0,0,50268175,0,0,0,0/RP0/CPU0

2020-02-05 02:09:55.850000+00:00,spine3,sg2,obt-collector1,1,228,0,0,0,0,0,0,0,0,0,0,0,0,0,0,0,0,0,0,124,0,0,0,0,112,0,0,0,0,0,0,97,7,0,0,132,0,40696,40676,0,20463,0,40706,40694,0,20496,0,59,178,0,97,0,0,0,0,102255,0,0,0,0,0,0,0,0,219,0,73,0,0,0,0,20940,0,0,0,102747,0,211,0,0/0/CPU0

2020-02-05 02:09:55.854000+00:00,spine3,sg2,obt-collector1,0,355,0,0,0,0,0,0,0,0,0,0,35,0,0,0,0,0,0,0,0,0,0,0,0,1661,0,0,0,0,0,0,0,355,0,0,35,0,0,0,0,0,0,0,0,0,0,0,0,0,0,0,0,0,0,0,44560078,0,0,0,0,0,0,0,0,35,0,977,0,0,0,0,0,0,0,0,50268303,0,0,0,0/RP0/CPU0

2020-02-05 02:10:05.860000+00:00,spine3,sg2,obt-collector1,1,228,0,0,0,0,0,0,0,0,0,0,0,0,0,0,0,0,0,0,124,0,0,0,0,112,0,0,0,0,0,0,97,7,0,0,132,0,40699,40678,0,20465,0,40708,40697,0,20497,0,59,178,0,97,0,0,0,0,102261,0,0,0,0,0,0,0,0,219,0,73,0,0,0,0,20942,0,0,0,102754,0,211,0,0/0/CPU0

2020-02-05 02:10:05.863000+00:00,spine3,sg2,obt-collector1,0,355,0,0,0,0,0,0,0,0,0,0,35,0,0,0,0,0,0,0,0,0,0,0,0,1661,0,0,0,0,0,0,0,355,0,0,35,0,0,0,0,0,0,0,0,0,0,0,0,0,0,0,0,0,0,0,44560142,0,0,0,0,0,0,0,0,35,0,977,0,0,0,0,0,0,0,0,50268431,0,0,0,0/RP0/CPU0

2020-02-05 02:10:15.868000+00:00,spine3,sg2,obt-collector1,1,228,0,0,0,0,0,0,0,0,0,0,0,0,0,0,0,0,0,0,124,0,0,0,0,112,0,0,0,0,0,0,97,7,0,0,132,0,40704,40681,0,20468,0,40711,40702,0,20497,0,59,178,0,97,0,0,0,0,102269,0,0,0,0,0,0,0,0,219,0,73,0,0,0,0,20945,0,0,0,102765,0,211,0,0/0/CPU0

2020-02-05 02:10:15.871000+00:00,spine3,sg2,obt-collector1,0,355,0,0,0,0,0,0,0,0,0,0,35,0,0,0,0,0,0,0,0,0,0,0,0,1661,0,0,0,0,0,0,0,355,0,0,35,0,0,0,0,0,0,0,0,0,0,0,0,0,0,0,0,0,0,0,44560206,0,0,0,0,0,0,0,0,35,0,977,0,0,0,0,0,0,0,0,50268559,0,0,0,0/RP0/CPU0

2020-02-05 02:10:25.868000+00:00,spine3,sg2,obt-collector1,1,228,0,0,0,0,0,0,0,0,0,0,0,0,0,0,0,0,0,0,124,0,0,0,0,112,0,0,0,0,0,0,97,7,0,0,132,0,40704,40684,0,20470,0,40714,40702,0,20500,0,59,178,0,97,0,0,0,0,102275,0,0,0,0,0,0,0,0,219,0,73,0,0,0,0,20947,0,0,0,102770,0,211,0,0/0/CPU0

2020-02-05 02:10:25.870000+00:00,spine3,sg2,obt-collector1,0,355,0,0,0,0,0,0,0,0,0,0,35,0,0,0,0,0,0,0,0,0,0,0,0,1661,0,0,0,0,0,0,0,355,0,0,35,0,0,0,0,0,0,0,0,0,0,0,0,0,0,0,0,0,0,0,44560270,0,0,0,0,0,0,0,0,35,0,977,0,0,0,0,0,0,0,0,50268687,0,0,0,0/RP0/CPU0

