,Producer,Target,afi,conf-prefix-limit,current-prefix-count,deleted,fwd-referenced,host,initial-converge,num-svdlcl-prefix,num-svdrem-prefix,prefix-limit-notified,safi,table-name,table-version,tableid,tableid_1,version,vrf-name

2020-02-06 19:42:01.944000+00:00,leaf8,sg12,1,10000000,269,false,false,obt-collector1,true,49,220,false,1,default,7824448,3758096384,0xe0000000,7824448,default

2020-02-06 19:42:01.946000+00:00,leaf8,sg12,1,10000000,0,false,false,obt-collector1,true,0,0,false,2,default,0,3759144960,0xe0100000,0,default

2020-02-06 19:42:13.209000+00:00,leaf8,sg12,1,10000000,269,false,false,obt-collector1,true,49,220,false,1,default,7824476,3758096384,0xe0000000,7824476,default

2020-02-06 19:42:13.211000+00:00,leaf8,sg12,1,10000000,0,false,false,obt-collector1,true,0,0,false,2,default,0,3759144960,0xe0100000,0,default

2020-02-06 19:42:24.507000+00:00,leaf8,sg12,1,10000000,269,false,false,obt-collector1,true,49,220,false,1,default,7824476,3758096384,0xe0000000,7824476,default

2020-02-06 19:42:24.509000+00:00,leaf8,sg12,1,10000000,0,false,false,obt-collector1,true,0,0,false,2,default,0,3759144960,0xe0100000,0,default

2020-02-06 19:43:21.825000+00:00,leaf8,sg12,1,10000000,269,false,false,obt-collector1,true,49,220,false,1,default,7824672,3758096384,0xe0000000,7824672,default

2020-02-06 19:43:21.827000+00:00,leaf8,sg12,1,10000000,0,false,false,obt-collector1,true,0,0,false,2,default,0,3759144960,0xe0100000,0,default

2020-02-06 19:43:46.647000+00:00,leaf8,sg12,1,10000000,269,false,false,obt-collector1,true,49,220,false,1,default,7824730,3758096384,0xe0000000,7824730,default

2020-02-06 19:43:46.650000+00:00,leaf8,sg12,1,10000000,0,false,false,obt-collector1,true,0,0,false,2,default,0,3759144960,0xe0100000,0,default

2020-02-06 19:44:32.172000+00:00,leaf8,sg12,1,10000000,269,false,false,obt-collector1,true,49,220,false,1,default,7824847,3758096384,0xe0000000,7824847,default

2020-02-06 19:44:32.183000+00:00,leaf8,sg12,1,10000000,0,false,false,obt-collector1,true,0,0,false,2,default,0,3759144960,0xe0100000,0,default

2020-02-06 19:45:18.666000+00:00,leaf8,sg12,1,10000000,269,false,false,obt-collector1,true,49,220,false,1,default,7824969,3758096384,0xe0000000,7824969,default

2020-02-06 19:45:18.669000+00:00,leaf8,sg12,1,10000000,0,false,false,obt-collector1,true,0,0,false,2,default,0,3759144960,0xe0100000,0,default

2020-02-06 19:46:39.422000+00:00,leaf8,sg12,1,10000000,268,false,false,obt-collector1,true,49,219,false,1,default,7825006,3758096384,0xe0000000,7825006,default

2020-02-06 19:46:39.424000+00:00,leaf8,sg12,1,10000000,0,false,false,obt-collector1,true,0,0,false,2,default,0,3759144960,0xe0100000,0,default

2020-02-06 19:46:50.946000+00:00,leaf8,sg12,1,10000000,268,false,false,obt-collector1,true,49,219,false,1,default,7825006,3758096384,0xe0000000,7825006,default

2020-02-06 19:46:50.948000+00:00,leaf8,sg12,1,10000000,0,false,false,obt-collector1,true,0,0,false,2,default,0,3759144960,0xe0100000,0,default

2020-02-06 19:47:15.850000+00:00,leaf8,sg12,1,10000000,268,false,false,obt-collector1,true,49,219,false,1,default,7825006,3758096384,0xe0000000,7825006,default

2020-02-06 19:47:15.853000+00:00,leaf8,sg12,1,10000000,0,false,false,obt-collector1,true,0,0,false,2,default,0,3759144960,0xe0100000,0,default

2020-02-06 19:47:27.628000+00:00,leaf8,sg12,1,10000000,268,false,false,obt-collector1,true,49,219,false,1,default,7825006,3758096384,0xe0000000,7825006,default

2020-02-06 19:47:27.630000+00:00,leaf8,sg12,1,10000000,0,false,false,obt-collector1,true,0,0,false,2,default,0,3759144960,0xe0100000,0,default

2020-02-06 19:48:13.337000+00:00,leaf8,sg12,1,10000000,268,false,false,obt-collector1,true,49,219,false,1,default,7825006,3758096384,0xe0000000,7825006,default

2020-02-06 19:48:13.339000+00:00,leaf8,sg12,1,10000000,0,false,false,obt-collector1,true,0,0,false,2,default,0,3759144960,0xe0100000,0,default

2020-02-06 19:48:38.545000+00:00,leaf8,sg12,1,10000000,268,false,false,obt-collector1,true,49,219,false,1,default,7825006,3758096384,0xe0000000,7825006,default

2020-02-06 19:48:38.551000+00:00,leaf8,sg12,1,10000000,0,false,false,obt-collector1,true,0,0,false,2,default,0,3759144960,0xe0100000,0,default

2020-02-06 19:50:10.153000+00:00,leaf8,sg12,1,10000000,268,false,false,obt-collector1,true,49,219,false,1,default,7825006,3758096384,0xe0000000,7825006,default

2020-02-06 19:50:10.158000+00:00,leaf8,sg12,1,10000000,0,false,false,obt-collector1,true,0,0,false,2,default,0,3759144960,0xe0100000,0,default

2020-02-06 19:50:21.324000+00:00,leaf8,sg12,1,10000000,268,false,false,obt-collector1,true,49,219,false,1,default,7825006,3758096384,0xe0000000,7825006,default

2020-02-06 19:50:21.329000+00:00,leaf8,sg12,1,10000000,0,false,false,obt-collector1,true,0,0,false,2,default,0,3759144960,0xe0100000,0,default

2020-02-06 19:50:32.996000+00:00,leaf8,sg12,1,10000000,268,false,false,obt-collector1,true,49,219,false,1,default,7825006,3758096384,0xe0000000,7825006,default

2020-02-06 19:50:32.998000+00:00,leaf8,sg12,1,10000000,0,false,false,obt-collector1,true,0,0,false,2,default,0,3759144960,0xe0100000,0,default

2020-02-06 19:51:07.667000+00:00,leaf8,sg12,1,10000000,269,false,false,obt-collector1,true,49,220,false,1,default,7825013,3758096384,0xe0000000,7825013,default

2020-02-06 19:51:07.669000+00:00,leaf8,sg12,1,10000000,0,false,false,obt-collector1,true,0,0,false,2,default,0,3759144960,0xe0100000,0,default

2020-02-06 19:51:18.991000+00:00,leaf8,sg12,1,10000000,269,false,false,obt-collector1,true,49,220,false,1,default,7825013,3758096384,0xe0000000,7825013,default

2020-02-06 19:51:18.992000+00:00,leaf8,sg12,1,10000000,0,false,false,obt-collector1,true,0,0,false,2,default,0,3759144960,0xe0100000,0,default

2020-02-06 19:53:14.839000+00:00,leaf8,sg12,1,10000000,269,false,false,obt-collector1,true,49,220,false,1,default,7825013,3758096384,0xe0000000,7825013,default

2020-02-06 19:53:14.842000+00:00,leaf8,sg12,1,10000000,0,false,false,obt-collector1,true,0,0,false,2,default,0,3759144960,0xe0100000,0,default

2020-02-06 19:54:59.851000+00:00,leaf8,sg12,1,10000000,269,false,false,obt-collector1,true,49,220,false,1,default,7825013,3758096384,0xe0000000,7825013,default

2020-02-06 19:54:59.852000+00:00,leaf8,sg12,1,10000000,0,false,false,obt-collector1,true,0,0,false,2,default,0,3759144960,0xe0100000,0,default

2020-02-06 19:55:48.294000+00:00,leaf8,sg12,1,10000000,269,false,false,obt-collector1,true,49,220,false,1,default,7825013,3758096384,0xe0000000,7825013,default

2020-02-06 19:55:48.297000+00:00,leaf8,sg12,1,10000000,0,false,false,obt-collector1,true,0,0,false,2,default,0,3759144960,0xe0100000,0,default

2020-02-06 19:55:59.732000+00:00,leaf8,sg12,1,10000000,269,false,false,obt-collector1,true,49,220,false,1,default,7825013,3758096384,0xe0000000,7825013,default

2020-02-06 19:55:59.734000+00:00,leaf8,sg12,1,10000000,0,false,false,obt-collector1,true,0,0,false,2,default,0,3759144960,0xe0100000,0,default

2020-02-06 19:56:22.645000+00:00,leaf8,sg12,1,10000000,269,false,false,obt-collector1,true,49,220,false,1,default,7825013,3758096384,0xe0000000,7825013,default

2020-02-06 19:56:22.648000+00:00,leaf8,sg12,1,10000000,0,false,false,obt-collector1,true,0,0,false,2,default,0,3759144960,0xe0100000,0,default

2020-02-06 19:57:31.722000+00:00,leaf8,sg12,1,10000000,269,false,false,obt-collector1,true,49,220,false,1,default,7825013,3758096384,0xe0000000,7825013,default

2020-02-06 19:57:31.724000+00:00,leaf8,sg12,1,10000000,0,false,false,obt-collector1,true,0,0,false,2,default,0,3759144960,0xe0100000,0,default

