,Producer,Target,active-routes-count,af-name,backup-routes-count,deleted-routes-count,host,paths-count,protocol-clients-count,protocol-names,protocol-route-memory,redistribution-client-count,route-table-name,routes-counts,saf-name,version,vrf-name

2020-02-06 19:40:29.309000+00:00,leaf8,sg12,0,IPv4,0,0,obt-collector1,0,2,dagr,0,1,default,0,Unicast,0,default

2020-02-06 19:40:52.451000+00:00,leaf8,sg12,0,IPv4,0,0,obt-collector1,0,2,dagr,0,1,default,0,Unicast,0,default

2020-02-06 19:41:15.082000+00:00,leaf8,sg12,0,IPv4,0,0,obt-collector1,0,2,dagr,0,1,default,0,Unicast,0,default

2020-02-06 19:41:26.633000+00:00,leaf8,sg12,0,IPv4,0,0,obt-collector1,0,2,dagr,0,1,default,0,Unicast,0,default

2020-02-06 19:45:17.866000+00:00,leaf8,sg12,0,IPv4,0,0,obt-collector1,0,2,dagr,0,1,default,0,Unicast,0,default

2020-02-06 19:47:01.718000+00:00,leaf8,sg12,0,IPv4,0,0,obt-collector1,0,2,dagr,0,1,default,0,Unicast,0,default

2020-02-06 19:47:49.535000+00:00,leaf8,sg12,0,IPv4,0,0,obt-collector1,0,2,dagr,0,1,default,0,Unicast,0,default

2020-02-06 19:48:12.366000+00:00,leaf8,sg12,0,IPv4,0,0,obt-collector1,0,2,dagr,0,1,default,0,Unicast,0,default

2020-02-06 19:48:49.067000+00:00,leaf8,sg12,0,IPv4,0,0,obt-collector1,0,2,dagr,0,1,default,0,Unicast,0,default

2020-02-06 19:49:46.389000+00:00,leaf8,sg12,0,IPv4,0,0,obt-collector1,0,2,dagr,0,1,default,0,Unicast,0,default

2020-02-06 19:49:58.141000+00:00,leaf8,sg12,0,IPv4,0,0,obt-collector1,0,2,dagr,0,1,default,0,Unicast,0,default

2020-02-06 19:50:09.300000+00:00,leaf8,sg12,0,IPv4,0,0,obt-collector1,0,2,dagr,0,1,default,0,Unicast,0,default

2020-02-06 19:51:06.908000+00:00,leaf8,sg12,0,IPv4,0,0,obt-collector1,0,2,dagr,0,1,default,0,Unicast,0,default

2020-02-06 19:51:41.103000+00:00,leaf8,sg12,0,IPv4,0,0,obt-collector1,0,2,dagr,0,1,default,0,Unicast,0,default

2020-02-06 19:52:27.708000+00:00,leaf8,sg12,0,IPv4,0,0,obt-collector1,0,2,dagr,0,1,default,0,Unicast,0,default

2020-02-06 19:53:36.605000+00:00,leaf8,sg12,0,IPv4,0,0,obt-collector1,0,2,dagr,0,1,default,0,Unicast,0,default

2020-02-06 19:54:35.967000+00:00,leaf8,sg12,0,IPv4,0,0,obt-collector1,0,2,dagr,0,1,default,0,Unicast,0,default

2020-02-06 19:54:47.533000+00:00,leaf8,sg12,0,IPv4,0,0,obt-collector1,0,2,dagr,0,1,default,0,Unicast,0,default

2020-02-06 19:55:23.121000+00:00,leaf8,sg12,0,IPv4,0,0,obt-collector1,0,2,dagr,0,1,default,0,Unicast,0,default

2020-02-06 19:55:35.548000+00:00,leaf8,sg12,0,IPv4,0,0,obt-collector1,0,2,dagr,0,1,default,0,Unicast,0,default

2020-02-06 19:56:45.298000+00:00,leaf8,sg12,0,IPv4,0,0,obt-collector1,0,2,dagr,0,1,default,0,Unicast,0,default

2020-02-06 19:57:08.263000+00:00,leaf8,sg12,0,IPv4,0,0,obt-collector1,0,2,dagr,0,1,default,0,Unicast,0,default

