,Producer,Target,active-routes-count,af-name,as,backup-routes-count,deleted-routes-count,host,instance,paths-count,protocol-clients-count,protocol-names,protocol-route-memory,redistribution-client-count,route-table-name,routes-counts,saf-name,version,vrf-name

2020-02-06 19:40:18.487000+00:00,leaf8,sg12,220,IPv4,65028,0,0,obt-collector1,65028,1563,1,bgp,204976,0,default,220,Unicast,0,default

2020-02-06 19:40:53.041000+00:00,leaf8,sg12,220,IPv4,65028,0,0,obt-collector1,65028,1563,1,bgp,204976,0,default,220,Unicast,0,default

2020-02-06 19:41:04.346000+00:00,leaf8,sg12,220,IPv4,65028,0,0,obt-collector1,65028,1563,1,bgp,204976,0,default,220,Unicast,0,default

2020-02-06 19:41:39.110000+00:00,leaf8,sg12,220,IPv4,65028,0,0,obt-collector1,65028,1568,1,bgp,205536,0,default,220,Unicast,0,default

2020-02-06 19:42:13.009000+00:00,leaf8,sg12,220,IPv4,65028,0,0,obt-collector1,65028,1569,1,bgp,205648,0,default,220,Unicast,0,default

2020-02-06 19:42:59.185000+00:00,leaf8,sg12,220,IPv4,65028,0,0,obt-collector1,65028,1571,1,bgp,205872,0,default,220,Unicast,0,default

2020-02-06 19:43:10.389000+00:00,leaf8,sg12,220,IPv4,65028,0,0,obt-collector1,65028,1565,1,bgp,205200,0,default,220,Unicast,0,default

2020-02-06 19:43:21.620000+00:00,leaf8,sg12,220,IPv4,65028,0,0,obt-collector1,65028,1565,1,bgp,205200,0,default,220,Unicast,0,default

2020-02-06 19:44:20.743000+00:00,leaf8,sg12,220,IPv4,65028,0,0,obt-collector1,65028,1572,1,bgp,205984,0,default,220,Unicast,0,default

2020-02-06 19:45:07.180000+00:00,leaf8,sg12,220,IPv4,65028,0,0,obt-collector1,65028,1567,1,bgp,205424,0,default,220,Unicast,0,default

2020-02-06 19:45:52.631000+00:00,leaf8,sg12,220,IPv4,65028,0,0,obt-collector1,65028,1563,1,bgp,204976,0,default,220,Unicast,0,default

2020-02-06 19:46:04.770000+00:00,leaf8,sg12,219,IPv4,65028,0,1,obt-collector1,65028,1558,1,bgp,204416,0,default,220,Unicast,0,default

2020-02-06 19:46:16.560000+00:00,leaf8,sg12,219,IPv4,65028,0,1,obt-collector1,65028,1558,1,bgp,204416,0,default,220,Unicast,0,default

2020-02-06 19:48:37.273000+00:00,leaf8,sg12,219,IPv4,65028,0,0,obt-collector1,65028,1558,1,bgp,204280,0,default,219,Unicast,0,default

2020-02-06 19:49:12.355000+00:00,leaf8,sg12,219,IPv4,65028,0,0,obt-collector1,65028,1558,1,bgp,204280,0,default,219,Unicast,0,default

2020-02-06 19:50:21.131000+00:00,leaf8,sg12,219,IPv4,65028,0,0,obt-collector1,65028,1558,1,bgp,204280,0,default,219,Unicast,0,default

2020-02-06 19:51:53.849000+00:00,leaf8,sg12,220,IPv4,65028,0,0,obt-collector1,65028,1563,1,bgp,204976,0,default,220,Unicast,0,default

2020-02-06 19:52:05.900000+00:00,leaf8,sg12,220,IPv4,65028,0,0,obt-collector1,65028,1563,1,bgp,204976,0,default,220,Unicast,0,default

2020-02-06 19:52:51.613000+00:00,leaf8,sg12,220,IPv4,65028,0,0,obt-collector1,65028,1563,1,bgp,204976,0,default,220,Unicast,0,default

2020-02-06 19:53:14.643000+00:00,leaf8,sg12,220,IPv4,65028,0,0,obt-collector1,65028,1563,1,bgp,204976,0,default,220,Unicast,0,default

2020-02-06 19:53:37.253000+00:00,leaf8,sg12,220,IPv4,65028,0,0,obt-collector1,65028,1563,1,bgp,204976,0,default,220,Unicast,0,default

2020-02-06 19:54:25.177000+00:00,leaf8,sg12,220,IPv4,65028,0,0,obt-collector1,65028,1563,1,bgp,204976,0,default,220,Unicast,0,default

2020-02-06 19:55:11.749000+00:00,leaf8,sg12,220,IPv4,65028,0,0,obt-collector1,65028,1563,1,bgp,204976,0,default,220,Unicast,0,default

2020-02-06 19:56:10.930000+00:00,leaf8,sg12,220,IPv4,65028,0,0,obt-collector1,65028,1563,1,bgp,204976,0,default,220,Unicast,0,default

2020-02-06 19:57:08.909000+00:00,leaf8,sg12,220,IPv4,65028,0,0,obt-collector1,65028,1563,1,bgp,204976,0,default,220,Unicast,0,default

2020-02-06 19:57:31.531000+00:00,leaf8,sg12,220,IPv4,65028,0,0,obt-collector1,65028,1563,1,bgp,204976,0,default,220,Unicast,0,default

