,Producer,Target,active-routes-count,af-name,as,backup-routes-count,deleted-routes-count,host,instance,paths-count,protocol-clients-count,protocol-names,protocol-route-memory,redistribution-client-count,route-table-name,routes-counts,saf-name,version,vrf-name

2020-02-06 19:40:28.133000+00:00,leaf8,sg13,165,IPv6,65028,0,0,obt-collector1,65028,972,1,bgp,154632,0,default,165,Unicast,0,default

2020-02-06 19:40:50.527000+00:00,leaf8,sg13,165,IPv6,65028,0,0,obt-collector1,65028,972,1,bgp,154632,0,default,165,Unicast,0,default

2020-02-06 19:41:57.241000+00:00,leaf8,sg13,165,IPv6,65028,0,0,obt-collector1,65028,972,1,bgp,154632,0,default,165,Unicast,0,default

2020-02-06 19:42:53.204000+00:00,leaf8,sg13,165,IPv6,65028,0,0,obt-collector1,65028,977,1,bgp,155312,0,default,165,Unicast,0,default

2020-02-06 19:44:00.476000+00:00,leaf8,sg13,165,IPv6,65028,0,0,obt-collector1,65028,971,1,bgp,154496,0,default,165,Unicast,0,default

2020-02-06 19:44:22.918000+00:00,leaf8,sg13,165,IPv6,65028,0,0,obt-collector1,65028,971,1,bgp,154496,0,default,165,Unicast,0,default

2020-02-06 19:46:28.307000+00:00,leaf8,sg13,164,IPv6,65028,0,0,obt-collector1,65028,968,1,bgp,153952,0,default,164,Unicast,0,default

2020-02-06 19:46:39.445000+00:00,leaf8,sg13,164,IPv6,65028,0,0,obt-collector1,65028,968,1,bgp,153952,0,default,164,Unicast,0,default

2020-02-06 19:47:48.349000+00:00,leaf8,sg13,164,IPv6,65028,0,0,obt-collector1,65028,968,1,bgp,153952,0,default,164,Unicast,0,default

2020-02-06 19:48:10.556000+00:00,leaf8,sg13,164,IPv6,65028,0,0,obt-collector1,65028,968,1,bgp,153952,0,default,164,Unicast,0,default

2020-02-06 19:48:55.282000+00:00,leaf8,sg13,164,IPv6,65028,0,0,obt-collector1,65028,968,1,bgp,153952,0,default,164,Unicast,0,default

2020-02-06 19:50:26.212000+00:00,leaf8,sg13,164,IPv6,65028,0,0,obt-collector1,65028,968,1,bgp,153952,0,default,164,Unicast,0,default

2020-02-06 19:50:37.300000+00:00,leaf8,sg13,164,IPv6,65028,0,0,obt-collector1,65028,968,1,bgp,153952,0,default,164,Unicast,0,default

2020-02-06 19:50:48.274000+00:00,leaf8,sg13,164,IPv6,65028,0,0,obt-collector1,65028,968,1,bgp,153952,0,default,164,Unicast,0,default

2020-02-06 19:52:53.423000+00:00,leaf8,sg13,165,IPv6,65028,0,0,obt-collector1,65028,972,1,bgp,154632,0,default,165,Unicast,0,default

2020-02-06 19:53:27.416000+00:00,leaf8,sg13,165,IPv6,65028,0,0,obt-collector1,65028,972,1,bgp,154632,0,default,165,Unicast,0,default

2020-02-06 19:53:49.318000+00:00,leaf8,sg13,165,IPv6,65028,0,0,obt-collector1,65028,972,1,bgp,154632,0,default,165,Unicast,0,default

2020-02-06 19:54:24.244000+00:00,leaf8,sg13,165,IPv6,65028,0,0,obt-collector1,65028,972,1,bgp,154632,0,default,165,Unicast,0,default

2020-02-06 19:54:46.910000+00:00,leaf8,sg13,165,IPv6,65028,0,0,obt-collector1,65028,972,1,bgp,154632,0,default,165,Unicast,0,default

2020-02-06 19:54:58.249000+00:00,leaf8,sg13,165,IPv6,65028,0,0,obt-collector1,65028,972,1,bgp,154632,0,default,165,Unicast,0,default

2020-02-06 19:57:27.001000+00:00,leaf8,sg13,165,IPv6,65028,0,0,obt-collector1,65028,972,1,bgp,154632,0,default,165,Unicast,0,default

