,Producer,Target,host,node-name,protocol-name,sesa-num-client,sesa-pl-sum/sep-num-ecd-pathlist,sesa-pl-sum/sep-num-ecd-pl-per-interest/entry,sesa-pl-sum/sep-num-ecd-pl-unresolved

2020-02-06 19:40:14.361000+00:00,leaf8,sg4,obt-collector1,0/0/CPU0,ipv4,6,23,0,0

2020-02-06 19:40:14.362000+00:00,leaf8,sg4,obt-collector1,0/0/CPU0,ipv6,4,0,0,0

2020-02-06 19:40:14.363000+00:00,leaf8,sg4,obt-collector1,0/0/CPU0,mpls,0,0,0,0

2020-02-06 19:40:14.367000+00:00,leaf8,sg4,obt-collector1,0/RP0/CPU0,ipv4,6,0,0,0

2020-02-06 19:40:14.368000+00:00,leaf8,sg4,obt-collector1,0/RP0/CPU0,ipv6,1,0,0,0

2020-02-06 19:40:14.369000+00:00,leaf8,sg4,obt-collector1,0/RP0/CPU0,mpls,0,0,0,0

2020-02-06 19:40:28.464000+00:00,leaf8,sg4,obt-collector1,0/0/CPU0,ipv4,6,23,0,0

2020-02-06 19:40:28.465000+00:00,leaf8,sg4,obt-collector1,0/0/CPU0,ipv6,4,0,0,0

2020-02-06 19:40:28.467000+00:00,leaf8,sg4,obt-collector1,0/0/CPU0,mpls,0,0,0,0

2020-02-06 19:40:28.473000+00:00,leaf8,sg4,obt-collector1,0/RP0/CPU0,ipv4,6,0,0,0

2020-02-06 19:40:28.480000+00:00,leaf8,sg4,obt-collector1,0/RP0/CPU0,ipv6,1,0,0,0

2020-02-06 19:40:28.482000+00:00,leaf8,sg4,obt-collector1,0/RP0/CPU0,mpls,0,0,0,0

2020-02-06 19:41:38.047000+00:00,leaf8,sg4,obt-collector1,0/0/CPU0,ipv4,6,23,0,0

2020-02-06 19:41:38.048000+00:00,leaf8,sg4,obt-collector1,0/0/CPU0,ipv6,4,0,0,0

2020-02-06 19:41:38.050000+00:00,leaf8,sg4,obt-collector1,0/0/CPU0,mpls,0,0,0,0

2020-02-06 19:41:38.056000+00:00,leaf8,sg4,obt-collector1,0/RP0/CPU0,ipv4,6,0,0,0

2020-02-06 19:41:38.057000+00:00,leaf8,sg4,obt-collector1,0/RP0/CPU0,ipv6,1,0,0,0

2020-02-06 19:41:38.058000+00:00,leaf8,sg4,obt-collector1,0/RP0/CPU0,mpls,0,0,0,0

2020-02-06 19:42:20.492000+00:00,leaf8,sg4,obt-collector1,0/0/CPU0,ipv4,6,23,0,0

2020-02-06 19:42:20.494000+00:00,leaf8,sg4,obt-collector1,0/0/CPU0,ipv6,4,0,0,0

2020-02-06 19:42:20.495000+00:00,leaf8,sg4,obt-collector1,0/0/CPU0,mpls,0,0,0,0

2020-02-06 19:42:20.498000+00:00,leaf8,sg4,obt-collector1,0/RP0/CPU0,ipv4,6,0,0,0

2020-02-06 19:42:20.500000+00:00,leaf8,sg4,obt-collector1,0/RP0/CPU0,ipv6,1,0,0,0

2020-02-06 19:42:20.506000+00:00,leaf8,sg4,obt-collector1,0/RP0/CPU0,mpls,0,0,0,0

2020-02-06 19:43:29.562000+00:00,leaf8,sg4,obt-collector1,0/0/CPU0,ipv4,6,23,0,0

2020-02-06 19:43:29.564000+00:00,leaf8,sg4,obt-collector1,0/0/CPU0,ipv6,4,0,0,0

2020-02-06 19:43:29.566000+00:00,leaf8,sg4,obt-collector1,0/0/CPU0,mpls,0,0,0,0

2020-02-06 19:43:29.569000+00:00,leaf8,sg4,obt-collector1,0/RP0/CPU0,ipv4,6,0,0,0

2020-02-06 19:43:29.570000+00:00,leaf8,sg4,obt-collector1,0/RP0/CPU0,ipv6,1,0,0,0

2020-02-06 19:43:29.571000+00:00,leaf8,sg4,obt-collector1,0/RP0/CPU0,mpls,0,0,0,0

2020-02-06 19:44:12.046000+00:00,leaf8,sg4,obt-collector1,0/0/CPU0,ipv4,6,23,0,0

2020-02-06 19:44:12.048000+00:00,leaf8,sg4,obt-collector1,0/0/CPU0,ipv6,4,0,0,0

2020-02-06 19:44:12.051000+00:00,leaf8,sg4,obt-collector1,0/0/CPU0,mpls,0,0,0,0

2020-02-06 19:44:12.054000+00:00,leaf8,sg4,obt-collector1,0/RP0/CPU0,ipv4,6,0,0,0

2020-02-06 19:44:12.056000+00:00,leaf8,sg4,obt-collector1,0/RP0/CPU0,ipv6,1,0,0,0

2020-02-06 19:44:12.058000+00:00,leaf8,sg4,obt-collector1,0/RP0/CPU0,mpls,0,0,0,0

2020-02-06 19:44:53.251000+00:00,leaf8,sg4,obt-collector1,0/0/CPU0,ipv4,6,23,0,0

2020-02-06 19:44:53.252000+00:00,leaf8,sg4,obt-collector1,0/0/CPU0,ipv6,4,0,0,0

2020-02-06 19:44:53.254000+00:00,leaf8,sg4,obt-collector1,0/0/CPU0,mpls,0,0,0,0

2020-02-06 19:44:53.258000+00:00,leaf8,sg4,obt-collector1,0/RP0/CPU0,ipv4,6,0,0,0

2020-02-06 19:44:53.259000+00:00,leaf8,sg4,obt-collector1,0/RP0/CPU0,ipv6,1,0,0,0

2020-02-06 19:44:53.260000+00:00,leaf8,sg4,obt-collector1,0/RP0/CPU0,mpls,0,0,0,0

2020-02-06 19:45:21.202000+00:00,leaf8,sg4,obt-collector1,0/0/CPU0,ipv4,6,23,0,0

2020-02-06 19:45:21.204000+00:00,leaf8,sg4,obt-collector1,0/0/CPU0,ipv6,4,0,0,0

2020-02-06 19:45:21.206000+00:00,leaf8,sg4,obt-collector1,0/0/CPU0,mpls,0,0,0,0

2020-02-06 19:45:21.212000+00:00,leaf8,sg4,obt-collector1,0/RP0/CPU0,ipv4,6,0,0,0

2020-02-06 19:45:21.213000+00:00,leaf8,sg4,obt-collector1,0/RP0/CPU0,ipv6,1,0,0,0

2020-02-06 19:45:21.221000+00:00,leaf8,sg4,obt-collector1,0/RP0/CPU0,mpls,0,0,0,0

2020-02-06 19:46:16.944000+00:00,leaf8,sg4,obt-collector1,0/0/CPU0,ipv4,6,23,0,0

2020-02-06 19:46:16.947000+00:00,leaf8,sg4,obt-collector1,0/0/CPU0,ipv6,4,0,0,0

2020-02-06 19:46:16.949000+00:00,leaf8,sg4,obt-collector1,0/0/CPU0,mpls,0,0,0,0

2020-02-06 19:46:16.956000+00:00,leaf8,sg4,obt-collector1,0/RP0/CPU0,ipv4,6,0,0,0

2020-02-06 19:46:16.959000+00:00,leaf8,sg4,obt-collector1,0/RP0/CPU0,ipv6,1,0,0,0

2020-02-06 19:46:16.960000+00:00,leaf8,sg4,obt-collector1,0/RP0/CPU0,mpls,0,0,0,0

2020-02-06 19:46:44.460000+00:00,leaf8,sg4,obt-collector1,0/0/CPU0,ipv4,6,23,0,0

2020-02-06 19:46:44.462000+00:00,leaf8,sg4,obt-collector1,0/0/CPU0,ipv6,4,0,0,0

2020-02-06 19:46:44.463000+00:00,leaf8,sg4,obt-collector1,0/0/CPU0,mpls,0,0,0,0

2020-02-06 19:46:44.467000+00:00,leaf8,sg4,obt-collector1,0/RP0/CPU0,ipv4,6,0,0,0

2020-02-06 19:46:44.468000+00:00,leaf8,sg4,obt-collector1,0/RP0/CPU0,ipv6,1,0,0,0

2020-02-06 19:46:44.470000+00:00,leaf8,sg4,obt-collector1,0/RP0/CPU0,mpls,0,0,0,0

2020-02-06 19:46:58.497000+00:00,leaf8,sg4,obt-collector1,0/0/CPU0,ipv4,6,23,0,0

2020-02-06 19:46:58.499000+00:00,leaf8,sg4,obt-collector1,0/0/CPU0,ipv6,4,0,0,0

2020-02-06 19:46:58.500000+00:00,leaf8,sg4,obt-collector1,0/0/CPU0,mpls,0,0,0,0

2020-02-06 19:46:58.503000+00:00,leaf8,sg4,obt-collector1,0/RP0/CPU0,ipv4,6,0,0,0

2020-02-06 19:46:58.505000+00:00,leaf8,sg4,obt-collector1,0/RP0/CPU0,ipv6,1,0,0,0

2020-02-06 19:46:58.506000+00:00,leaf8,sg4,obt-collector1,0/RP0/CPU0,mpls,0,0,0,0

2020-02-06 19:48:35.876000+00:00,leaf8,sg4,obt-collector1,0/0/CPU0,ipv4,6,23,0,0

2020-02-06 19:48:35.882000+00:00,leaf8,sg4,obt-collector1,0/0/CPU0,ipv6,4,0,0,0

2020-02-06 19:48:35.884000+00:00,leaf8,sg4,obt-collector1,0/0/CPU0,mpls,0,0,0,0

2020-02-06 19:48:35.887000+00:00,leaf8,sg4,obt-collector1,0/RP0/CPU0,ipv4,6,0,0,0

2020-02-06 19:48:35.888000+00:00,leaf8,sg4,obt-collector1,0/RP0/CPU0,ipv6,1,0,0,0

2020-02-06 19:48:35.890000+00:00,leaf8,sg4,obt-collector1,0/RP0/CPU0,mpls,0,0,0,0

2020-02-06 19:50:00.111000+00:00,leaf8,sg4,obt-collector1,0/0/CPU0,ipv4,6,23,0,0

2020-02-06 19:50:00.114000+00:00,leaf8,sg4,obt-collector1,0/0/CPU0,ipv6,4,0,0,0

2020-02-06 19:50:00.118000+00:00,leaf8,sg4,obt-collector1,0/0/CPU0,mpls,0,0,0,0

2020-02-06 19:50:00.123000+00:00,leaf8,sg4,obt-collector1,0/RP0/CPU0,ipv4,6,0,0,0

2020-02-06 19:50:00.124000+00:00,leaf8,sg4,obt-collector1,0/RP0/CPU0,ipv6,1,0,0,0

2020-02-06 19:50:00.127000+00:00,leaf8,sg4,obt-collector1,0/RP0/CPU0,mpls,0,0,0,0

2020-02-06 19:51:10.467000+00:00,leaf8,sg4,obt-collector1,0/0/CPU0,ipv4,6,23,0,0

2020-02-06 19:51:10.469000+00:00,leaf8,sg4,obt-collector1,0/0/CPU0,ipv6,4,0,0,0

2020-02-06 19:51:10.470000+00:00,leaf8,sg4,obt-collector1,0/0/CPU0,mpls,0,0,0,0

2020-02-06 19:51:10.475000+00:00,leaf8,sg4,obt-collector1,0/RP0/CPU0,ipv4,6,0,0,0

2020-02-06 19:51:10.477000+00:00,leaf8,sg4,obt-collector1,0/RP0/CPU0,ipv6,1,0,0,0

2020-02-06 19:51:10.479000+00:00,leaf8,sg4,obt-collector1,0/RP0/CPU0,mpls,0,0,0,0

2020-02-06 19:51:24.407000+00:00,leaf8,sg4,obt-collector1,0/0/CPU0,ipv4,6,23,0,0

2020-02-06 19:51:24.408000+00:00,leaf8,sg4,obt-collector1,0/0/CPU0,ipv6,4,0,0,0

2020-02-06 19:51:24.409000+00:00,leaf8,sg4,obt-collector1,0/0/CPU0,mpls,0,0,0,0

2020-02-06 19:51:24.413000+00:00,leaf8,sg4,obt-collector1,0/RP0/CPU0,ipv4,6,0,0,0

2020-02-06 19:51:24.414000+00:00,leaf8,sg4,obt-collector1,0/RP0/CPU0,ipv6,1,0,0,0

2020-02-06 19:51:24.416000+00:00,leaf8,sg4,obt-collector1,0/RP0/CPU0,mpls,0,0,0,0

2020-02-06 19:51:38.316000+00:00,leaf8,sg4,obt-collector1,0/0/CPU0,ipv4,6,23,0,0

2020-02-06 19:51:38.317000+00:00,leaf8,sg4,obt-collector1,0/0/CPU0,ipv6,4,0,0,0

2020-02-06 19:51:38.318000+00:00,leaf8,sg4,obt-collector1,0/0/CPU0,mpls,0,0,0,0

2020-02-06 19:51:38.325000+00:00,leaf8,sg4,obt-collector1,0/RP0/CPU0,ipv4,6,0,0,0

2020-02-06 19:51:38.328000+00:00,leaf8,sg4,obt-collector1,0/RP0/CPU0,ipv6,1,0,0,0

2020-02-06 19:51:38.330000+00:00,leaf8,sg4,obt-collector1,0/RP0/CPU0,mpls,0,0,0,0

2020-02-06 19:51:52.675000+00:00,leaf8,sg4,obt-collector1,0/0/CPU0,ipv4,6,23,0,0

2020-02-06 19:51:52.677000+00:00,leaf8,sg4,obt-collector1,0/0/CPU0,ipv6,4,0,0,0

2020-02-06 19:51:52.678000+00:00,leaf8,sg4,obt-collector1,0/0/CPU0,mpls,0,0,0,0

2020-02-06 19:51:52.683000+00:00,leaf8,sg4,obt-collector1,0/RP0/CPU0,ipv4,6,0,0,0

2020-02-06 19:51:52.684000+00:00,leaf8,sg4,obt-collector1,0/RP0/CPU0,ipv6,1,0,0,0

2020-02-06 19:51:52.687000+00:00,leaf8,sg4,obt-collector1,0/RP0/CPU0,mpls,0,0,0,0

2020-02-06 19:52:07.049000+00:00,leaf8,sg4,obt-collector1,0/0/CPU0,ipv4,6,23,0,0

2020-02-06 19:52:07.050000+00:00,leaf8,sg4,obt-collector1,0/0/CPU0,ipv6,4,0,0,0

2020-02-06 19:52:07.052000+00:00,leaf8,sg4,obt-collector1,0/0/CPU0,mpls,0,0,0,0

2020-02-06 19:52:07.056000+00:00,leaf8,sg4,obt-collector1,0/RP0/CPU0,ipv4,6,0,0,0

2020-02-06 19:52:07.057000+00:00,leaf8,sg4,obt-collector1,0/RP0/CPU0,ipv6,1,0,0,0

2020-02-06 19:52:07.058000+00:00,leaf8,sg4,obt-collector1,0/RP0/CPU0,mpls,0,0,0,0

2020-02-06 19:53:58.490000+00:00,leaf8,sg4,obt-collector1,0/0/CPU0,ipv4,6,23,0,0

2020-02-06 19:53:58.496000+00:00,leaf8,sg4,obt-collector1,0/0/CPU0,ipv6,4,0,0,0

2020-02-06 19:53:58.498000+00:00,leaf8,sg4,obt-collector1,0/0/CPU0,mpls,0,0,0,0

2020-02-06 19:53:58.503000+00:00,leaf8,sg4,obt-collector1,0/RP0/CPU0,ipv4,6,0,0,0

2020-02-06 19:53:58.505000+00:00,leaf8,sg4,obt-collector1,0/RP0/CPU0,ipv6,1,0,0,0

2020-02-06 19:53:58.507000+00:00,leaf8,sg4,obt-collector1,0/RP0/CPU0,mpls,0,0,0,0

2020-02-06 19:54:39.798000+00:00,leaf8,sg4,obt-collector1,0/0/CPU0,ipv4,6,23,0,0

2020-02-06 19:54:39.800000+00:00,leaf8,sg4,obt-collector1,0/0/CPU0,ipv6,4,0,0,0

2020-02-06 19:54:39.801000+00:00,leaf8,sg4,obt-collector1,0/0/CPU0,mpls,0,0,0,0

2020-02-06 19:54:39.805000+00:00,leaf8,sg4,obt-collector1,0/RP0/CPU0,ipv4,6,0,0,0

2020-02-06 19:54:39.806000+00:00,leaf8,sg4,obt-collector1,0/RP0/CPU0,ipv6,1,0,0,0

2020-02-06 19:54:39.807000+00:00,leaf8,sg4,obt-collector1,0/RP0/CPU0,mpls,0,0,0,0

2020-02-06 19:55:07.104000+00:00,leaf8,sg4,obt-collector1,0/0/CPU0,ipv4,6,23,0,0

2020-02-06 19:55:07.105000+00:00,leaf8,sg4,obt-collector1,0/0/CPU0,ipv6,4,0,0,0

2020-02-06 19:55:07.107000+00:00,leaf8,sg4,obt-collector1,0/0/CPU0,mpls,0,0,0,0

2020-02-06 19:55:07.110000+00:00,leaf8,sg4,obt-collector1,0/RP0/CPU0,ipv4,6,0,0,0

2020-02-06 19:55:07.111000+00:00,leaf8,sg4,obt-collector1,0/RP0/CPU0,ipv6,1,0,0,0

2020-02-06 19:55:07.112000+00:00,leaf8,sg4,obt-collector1,0/RP0/CPU0,mpls,0,0,0,0

2020-02-06 19:56:16.653000+00:00,leaf8,sg4,obt-collector1,0/0/CPU0,ipv4,6,23,0,0

2020-02-06 19:56:16.655000+00:00,leaf8,sg4,obt-collector1,0/0/CPU0,ipv6,4,0,0,0

2020-02-06 19:56:16.656000+00:00,leaf8,sg4,obt-collector1,0/0/CPU0,mpls,0,0,0,0

2020-02-06 19:56:16.660000+00:00,leaf8,sg4,obt-collector1,0/RP0/CPU0,ipv4,6,0,0,0

2020-02-06 19:56:16.661000+00:00,leaf8,sg4,obt-collector1,0/RP0/CPU0,ipv6,1,0,0,0

2020-02-06 19:56:16.663000+00:00,leaf8,sg4,obt-collector1,0/RP0/CPU0,mpls,0,0,0,0

2020-02-06 19:56:59.183000+00:00,leaf8,sg4,obt-collector1,0/0/CPU0,ipv4,6,23,0,0

2020-02-06 19:56:59.185000+00:00,leaf8,sg4,obt-collector1,0/0/CPU0,ipv6,4,0,0,0

2020-02-06 19:56:59.188000+00:00,leaf8,sg4,obt-collector1,0/0/CPU0,mpls,0,0,0,0

2020-02-06 19:56:59.192000+00:00,leaf8,sg4,obt-collector1,0/RP0/CPU0,ipv4,6,0,0,0

2020-02-06 19:56:59.193000+00:00,leaf8,sg4,obt-collector1,0/RP0/CPU0,ipv6,1,0,0,0

2020-02-06 19:56:59.195000+00:00,leaf8,sg4,obt-collector1,0/RP0/CPU0,mpls,0,0,0,0

