,Producer,Target,host,interface-counts/admin-down-interface-count,interface-counts/down-interface-count,interface-counts/interface-count,interface-counts/up-interface-count,interface-type-list/interface-counts/admin-down-interface-count,interface-type-list/interface-counts/down-interface-count,interface-type-list/interface-counts/interface-count,interface-type-list/interface-counts/up-interface-count,interface-type-list/interface-type-description,interface-type-list/interface-type-name,interface-type/interface-counts/admin-down-interface-count,interface-type/interface-counts/down-interface-count,interface-type/interface-counts/interface-count,interface-type/interface-counts/up-interface-count,interface-type/interface-type-description,interface-type/interface-type-name

2020-02-06 19:40:38.340000+00:00,leaf8,sg10,obt-collector1,1,12,38,25,,,,,,,0,0,1,1,Null interface,IFT_NULL

2020-02-06 19:40:48.900000+00:00,leaf8,sg10,obt-collector1,1,12,38,25,,,,,,,0,0,1,1,Null interface,IFT_NULL

2020-02-06 19:41:11.298000+00:00,leaf8,sg10,obt-collector1,1,12,38,25,,,,,,,0,0,1,1,Null interface,IFT_NULL

2020-02-06 19:41:22.185000+00:00,leaf8,sg10,obt-collector1,1,12,38,25,,,,,,,0,0,1,1,Null interface,IFT_NULL

2020-02-06 19:41:32.798000+00:00,leaf8,sg10,obt-collector1,1,12,38,25,,,,,,,0,0,1,1,Null interface,IFT_NULL

2020-02-06 19:42:26.629000+00:00,leaf8,sg10,obt-collector1,1,12,38,25,,,,,,,0,0,1,1,Null interface,IFT_NULL

2020-02-06 19:43:31.665000+00:00,leaf8,sg10,obt-collector1,1,12,38,25,,,,,,,0,0,1,1,Null interface,IFT_NULL

2020-02-06 19:43:42.194000+00:00,leaf8,sg10,obt-collector1,1,12,38,25,,,,,,,0,0,1,1,Null interface,IFT_NULL

2020-02-06 19:43:52.793000+00:00,leaf8,sg10,obt-collector1,1,12,38,25,,,,,,,0,0,1,1,Null interface,IFT_NULL

2020-02-06 19:44:14.588000+00:00,leaf8,sg10,obt-collector1,1,12,38,25,,,,,,,0,0,1,1,Null interface,IFT_NULL

2020-02-06 19:45:52.770000+00:00,leaf8,sg10,obt-collector1,1,12,38,25,,,,,,,0,0,1,1,Null interface,IFT_NULL

2020-02-06 19:46:04.862000+00:00,leaf8,sg10,obt-collector1,1,12,38,25,,,,,,,0,0,1,1,Null interface,IFT_NULL

2020-02-06 19:46:26.007000+00:00,leaf8,sg10,obt-collector1,1,12,38,25,,,,,,,0,0,1,1,Null interface,IFT_NULL

2020-02-06 19:47:19.311000+00:00,leaf8,sg10,obt-collector1,1,12,38,25,,,,,,,0,0,1,1,Null interface,IFT_NULL

2020-02-06 19:47:40.926000+00:00,leaf8,sg10,obt-collector1,1,12,38,25,,,,,,,0,0,1,1,Null interface,IFT_NULL

2020-02-06 19:47:51.464000+00:00,leaf8,sg10,obt-collector1,1,12,38,25,,,,,,,0,0,1,1,Null interface,IFT_NULL

2020-02-06 19:49:38.935000+00:00,leaf8,sg10,obt-collector1,1,12,38,25,,,,,,,0,0,1,1,Null interface,IFT_NULL

2020-02-06 19:51:06.382000+00:00,leaf8,sg10,obt-collector1,1,12,38,25,,,,,,,0,0,1,1,Null interface,IFT_NULL

2020-02-06 19:51:49.008000+00:00,leaf8,sg10,obt-collector1,1,12,38,25,,,,,,,0,0,1,1,Null interface,IFT_NULL

2020-02-06 19:52:21.186000+00:00,leaf8,sg10,obt-collector1,1,12,38,25,,,,,,,0,0,1,1,Null interface,IFT_NULL

2020-02-06 19:53:26.284000+00:00,leaf8,sg10,obt-collector1,1,12,38,25,,,,,,,0,0,1,1,Null interface,IFT_NULL

2020-02-06 19:53:58.543000+00:00,leaf8,sg10,obt-collector1,1,12,38,25,,,,,,,0,0,1,1,Null interface,IFT_NULL

2020-02-06 19:54:09.216000+00:00,leaf8,sg10,obt-collector1,1,12,38,25,,,,,,,0,0,1,1,Null interface,IFT_NULL

2020-02-06 19:54:52.594000+00:00,leaf8,sg10,obt-collector1,1,12,38,25,,,,,,,0,0,1,1,Null interface,IFT_NULL

2020-02-06 19:55:24.847000+00:00,leaf8,sg10,obt-collector1,1,12,38,25,,,,,,,0,0,1,1,Null interface,IFT_NULL

2020-02-06 19:56:08.439000+00:00,leaf8,sg10,obt-collector1,1,12,38,25,,,,,,,0,0,1,1,Null interface,IFT_NULL

2020-02-06 19:56:19.887000+00:00,leaf8,sg10,obt-collector1,1,12,38,25,,,,,,,0,0,1,1,Null interface,IFT_NULL

2020-02-06 19:56:51.659000+00:00,leaf8,sg10,obt-collector1,1,12,38,25,,,,,,,0,0,1,1,Null interface,IFT_NULL

2020-02-06 19:57:34.273000+00:00,leaf8,sg10,obt-collector1,1,12,38,25,,,,,,,0,0,1,1,Null interface,IFT_NULL

