,Producer,Target,ack-only-packets-sent,ack-packets-for-unsent-received,ack-packets-received,ackbytes-received,after-window-bytes-received,after-window-packets-received,bad-checksum-packets-received,bytes-retransmitted,connection-rate-limited,connections-accepted,connections-closed,connections-dropped,connections-established,connections-failed,connections-forcibly-closed,connections-requested,control-packets-sent,data-bytes-received-in-sequence,data-bytes-sent,data-packets-received-in-sequence,data-pakets-sent,delay-ack-packets-sent,duplicate-bytes-received,duplicate-packets-received,duplicated-ack-packets-received,embryonic-connection-dropped,established-connections-reset,high-water-mark-throttle,host,i-qs-total-egpackets,i-qs-total-ingpackets,id,iq-ingress-drops,iq-sock-aborts,iq-sock-retries,iq-sock-writes,iqs-total-egpacket/entry,iqs-total-ingpacket/entry,keep-alive-dropped,keep-alive-probes,keep-alive-timeouts,low-water-mark-throttle,malformed-packets-received,mss-down,mss-up,no-port-packets-received,no-throttle,num-open-sockets,out-of-order-bytes-received,out-of-order-packets-received,packet-failures,packets-received-after-close-packet,packets-retransmitted,partial-duplicate-ack-received,partial-duplicate-bytes-received,paws-dropped,persist-dropped,pulse-errors,reassembly-packets,received-auth-packets-dropped,received-packets-dropped,received-packets-dropped-stale-c-hdr,recovered-packets,retransmit-dropped,retransmit-timeouts,rst-packets-sent,send-auth-packets-dropped,send-packets-dropped,sock-async-double-free-prevent-count,sockbuf-pak-res-cur,sockbuf-pak-res-max,socket-layer-packets,stalled-timer-tickle-count,stalled-timer-tickle-time,syn-cache-aborted,syn-cache-added,syn-cache-bucket-oflow,syn-cache-completed,syn-cache-count,syn-cache-dropped,syn-cache-duplicate-sy-ns,syn-cache-overflow,syn-cache-reset,syn-cache-timed-out,syn-cache-unreach,synacl-match-pkts-dropped,too-short-packets-received,total-i-qs,total-packets-received,total-pakets-sent,truncated-write-iov,try-lock-dropped,urgent-only-packets-sent,window-probe-packets-received,window-probe-packets-sent,window-update-packets-received,window-update-packets-sent

2020-02-06 19:40:51.426000+00:00,leaf8,sg0,29964675,0,121297342,2293803137,0,0,0,95654573,0,25429,143898,42083,122289,128011,0,224884,791987,958657194,2293686503,40529298,209463267,29513369,1210406,52339,56457,21250,11843,0,obt-collector1,,,0/RP0/CPU0,0,0,0,78840743,0,0,21252,16781,272026,45,0,0,0,12935,213075,64,10822,55,0,3,528071,160,5012,0,0,0,0,0,17891,0,0,83,582663,17825,0,0,,0,4000,0,0,0,0,260,0,4,0,0,0,0,256,0,0,0,0,8,153956316,210022438,0,0,0,0,0,121151622,213120

2020-02-06 19:41:01.532000+00:00,leaf8,sg0,29964692,0,121297556,2294193416,0,0,0,95654573,0,25429,143899,42084,122289,128011,0,224884,791988,958659583,2294077428,40529419,209463682,29513386,1210406,52339,56457,21250,11843,0,obt-collector1,,,0/RP0/CPU0,0,0,0,78840989,0,0,21252,16783,272028,45,0,0,0,12935,213075,63,10822,55,0,3,528072,160,5012,0,0,0,0,0,17891,0,0,83,582664,17825,0,0,,0,4000,0,0,0,0,260,0,4,0,0,0,0,256,0,0,0,0,8,153956641,210022856,0,0,0,0,0,121151836,213120

2020-02-06 19:41:21.856000+00:00,leaf8,sg0,29964803,0,121298022,2294976460,0,0,0,95654573,0,25429,143899,42084,122289,128012,0,224885,791990,958665490,2294859826,40529592,209464510,29513493,1210406,52339,56457,21250,11843,0,obt-collector1,,,0/RP0/CPU0,0,0,0,78841328,0,0,21252,16783,272030,45,0,0,0,12935,213079,63,10822,55,0,3,528073,160,5012,0,0,0,0,0,17891,0,0,83,582665,17825,0,0,,0,4000,0,0,0,0,260,0,4,0,0,0,0,256,0,0,0,0,8,153957280,210023685,0,0,0,0,0,121152302,213124

2020-02-06 19:43:13.637000+00:00,leaf8,sg0,29965426,0,121300507,2299281699,0,0,0,95654601,0,25429,143899,42084,122289,128015,0,224888,792003,958697635,2299165065,40530592,209469156,29514108,1210406,52339,56457,21250,11843,0,obt-collector1,,,0/RP0/CPU0,0,0,0,78843325,0,0,21252,16787,272040,45,0,0,0,12935,213087,62,10822,55,0,3,528084,160,5012,0,0,0,0,0,17891,0,0,83,582676,17825,0,0,,0,4000,0,0,0,0,260,0,4,0,0,0,0,256,0,0,0,0,8,153960765,210028346,0,0,0,0,0,121154788,213132

2020-02-06 19:43:23.721000+00:00,leaf8,sg0,29965481,0,121300703,2299671695,0,0,0,95654601,0,25429,143899,42084,122289,128015,0,224888,792004,958699359,2299555061,40530678,209469569,29514163,1210406,52339,56457,21250,11843,0,obt-collector1,,,0/RP0/CPU0,0,0,0,78843493,0,0,21252,16787,272040,45,0,0,0,12935,213088,62,10822,55,0,3,528085,160,5012,0,0,0,0,0,17891,0,0,83,582677,17825,0,0,,0,4000,0,0,0,0,260,0,4,0,0,0,0,256,0,0,0,0,8,153961046,210028760,0,0,0,0,0,121154984,213133

2020-02-06 19:44:24.457000+00:00,leaf8,sg0,29965847,0,121302103,2302020307,0,0,0,95654601,0,25429,143900,42085,122289,128017,0,224890,792010,958714833,2301903673,40531242,209472145,29514526,1210406,52339,56457,21251,11843,0,obt-collector1,,,0/RP0/CPU0,0,0,0,78844618,0,0,21253,16789,272046,45,0,0,0,12935,213091,63,10822,55,0,3,528089,160,5012,0,0,0,0,0,17891,0,0,83,582682,17825,0,0,,0,4000,0,0,0,0,260,0,4,0,0,0,0,256,0,0,0,0,8,153963010,210031342,0,0,0,0,0,121156384,213136

2020-02-06 19:45:15.210000+00:00,leaf8,sg0,29966127,0,121303118,2303976531,0,0,0,95696153,0,25429,143900,42085,122289,128018,0,224891,792016,958726581,2303859897,40531683,209474207,29514803,1210406,52339,56482,21251,11843,0,obt-collector1,,,0/RP0/CPU0,0,0,0,78845475,0,0,21253,16791,272050,45,0,0,0,12935,213094,63,10822,55,0,3,528123,160,5012,0,0,0,0,0,17891,0,0,83,582688,17825,0,0,,0,4000,0,0,0,0,260,0,4,0,0,0,0,256,0,0,0,0,8,153964505,210033440,0,0,0,0,0,121157409,213139

2020-02-06 19:45:35.410000+00:00,leaf8,sg0,29966234,0,121303586,2304758619,0,0,0,95696153,0,25429,143900,42085,122289,128019,0,224892,792018,958730759,2304641985,40531864,209475036,29514910,1210406,52339,56482,21251,11843,0,obt-collector1,,,0/RP0/CPU0,0,0,0,78845823,0,0,21253,16792,272053,45,0,0,0,12935,213094,63,10822,55,0,3,528124,160,5012,0,0,0,0,0,17891,0,0,83,582689,17825,0,0,,0,4000,0,0,0,0,260,0,4,0,0,0,0,256,0,0,0,0,8,153965154,210034271,0,0,0,0,0,121157877,213139

2020-02-06 19:45:55.736000+00:00,leaf8,sg0,29966351,0,121304043,2305538403,0,0,0,95696153,0,25429,143900,42085,122289,128019,0,224892,792020,958734226,2305421769,40532037,209475866,29515020,1210406,52339,56482,21251,11843,0,obt-collector1,,,0/RP0/CPU0,0,0,0,78846160,0,0,21253,16792,272053,45,0,0,0,12935,213101,63,10822,55,0,3,528126,160,5012,0,0,0,0,0,17891,0,0,83,582691,17825,0,0,,0,4000,0,0,0,0,260,0,4,0,0,0,0,256,0,0,0,0,8,153965782,210035103,0,0,0,0,0,121158334,213146

2020-02-06 19:47:37.054000+00:00,leaf8,sg0,29966936,0,121306294,2309437472,0,0,0,95696153,0,25429,143901,42086,122289,128022,0,224895,792031,958751870,2309320838,40532898,209480046,29515603,1210406,52339,56482,21252,11843,0,obt-collector1,,,0/RP0/CPU0,0,0,0,78847865,0,0,21254,16796,272063,45,0,0,0,12935,213103,63,10822,55,0,3,528134,160,5012,0,0,0,0,0,17891,0,0,83,582700,17825,0,0,,0,4000,0,0,0,0,260,0,4,0,0,0,0,256,0,0,0,0,8,153968896,210039295,0,0,0,0,0,121160586,213148

2020-02-06 19:49:19.606000+00:00,leaf8,sg0,29967612,0,121308746,2313344294,0,0,0,95696191,0,25430,143907,42086,122295,128025,0,224903,792056,958771297,2313227648,40533811,209484388,29516263,1210406,52339,56482,21252,11843,0,obt-collector1,,,0/RP0/CPU0,0,0,0,78849630,0,0,21254,16799,272072,45,0,0,0,12935,213109,63,10822,55,0,3,528146,160,5012,0,0,0,0,0,17891,0,0,83,582717,17825,0,0,,0,4000,0,0,0,0,260,0,4,0,0,0,0,256,0,0,0,0,8,153972267,210043652,0,0,0,0,0,121163030,213154

2020-02-06 19:50:40.885000+00:00,leaf8,sg0,29968130,0,121310678,2316656914,0,0,0,95696191,0,25431,143913,42087,122301,128027,0,224910,792076,958786521,2316540433,40534516,209487926,29516767,1210406,52339,56482,21252,11843,0,obt-collector1,,,0/RP0/CPU0,0,0,0,78850980,0,0,21254,16802,272079,45,0,0,0,12935,213113,62,10822,55,0,3,528152,160,5012,0,0,0,0,0,17891,0,0,83,582728,17825,0,0,,0,4000,0,0,0,0,260,0,4,0,0,0,0,256,0,0,0,0,8,153974909,210047199,0,0,0,0,0,121164953,213158

2020-02-06 19:52:02.430000+00:00,leaf8,sg0,29968615,0,121312636,2319973533,0,0,0,95696191,0,25431,143914,42088,122301,128030,0,224913,792086,958806235,2319857052,40535246,209491458,29517249,1210406,52339,56482,21253,11843,0,obt-collector1,,,0/RP0/CPU0,0,0,0,78852414,0,0,21255,16805,272088,45,0,0,0,12935,213117,63,10822,55,0,3,528159,160,5012,0,0,0,0,0,17891,0,0,83,582736,17825,0,0,,0,4000,0,0,0,0,260,0,4,0,0,0,0,256,0,0,0,0,8,153977440,210050741,0,0,0,0,0,121166912,213162

2020-02-06 19:53:54.314000+00:00,leaf8,sg0,29969006,0,121315070,2324262871,0,0,0,95696191,0,25431,143914,42088,122301,128033,0,224916,792099,958825095,2324146390,40536196,209495776,29517638,1210406,52339,56482,21253,11843,0,obt-collector1,,,0/RP0/CPU0,0,0,0,78854272,0,0,21255,16808,272097,45,0,0,0,12935,213120,62,10822,55,0,3,528169,160,5012,0,0,0,0,0,17891,0,0,83,582746,17825,0,0,,0,4000,0,0,0,0,260,0,4,0,0,0,0,256,0,0,0,0,8,153980659,210055072,0,0,0,0,0,121169346,213165

2020-02-06 19:54:04.421000+00:00,leaf8,sg0,29969033,0,121315310,2324652962,0,0,0,95696191,0,25431,143914,42088,122301,128033,0,224916,792100,958827484,2324537203,40536317,209496203,29517665,1210406,52339,56482,21253,11843,0,obt-collector1,,,0/RP0/CPU0,0,0,0,78854518,0,0,21255,16809,272098,45,0,0,0,12935,213120,62,10822,55,0,3,528170,160,5012,0,0,0,0,0,17891,0,0,83,582747,17825,0,0,,0,4000,0,0,0,0,260,0,4,0,0,0,0,256,0,0,0,0,8,153981014,210055501,0,0,0,0,0,121169586,213165

2020-02-06 19:54:45.092000+00:00,leaf8,sg0,29969108,0,121316220,2326213092,0,0,0,95696191,0,25431,143915,42089,122301,128034,0,224917,792103,958834418,2326096611,40536663,209497704,29517737,1210406,52339,56482,21254,11843,0,obt-collector1,,,0/RP0/CPU0,0,0,0,78855195,0,0,21256,16810,272101,45,0,0,0,12935,213123,63,10822,55,0,3,528172,160,5012,0,0,0,0,0,17891,0,0,83,582750,17825,0,0,,0,4000,0,0,0,0,260,0,4,0,0,0,0,256,0,0,0,0,8,153982259,210057005,0,0,0,0,0,121170496,213168

2020-02-06 19:55:25.780000+00:00,leaf8,sg0,29969198,0,121317124,2327772631,0,0,0,95699738,0,25431,143915,42089,122301,128035,0,224918,792108,958841205,2327656150,40537006,209499226,29517796,1210995,52370,56510,21254,11843,0,obt-collector1,,,0/RP0/CPU0,0,0,0,78855869,0,0,21256,16811,272104,45,0,0,0,12935,213123,63,10822,55,0,3,528211,160,5012,0,0,0,0,0,17891,0,0,83,582787,17825,0,0,,0,4000,0,0,0,0,260,0,4,0,0,0,0,256,0,0,0,0,8,153983580,210058567,0,0,0,0,0,121171440,213168

2020-02-06 19:56:06.285000+00:00,leaf8,sg0,29969265,0,121318030,2329332266,0,0,0,95699738,0,25431,143915,42089,122301,128037,0,224919,792112,958848120,2329215785,40537351,209500723,29517859,1210995,52370,56510,21254,11843,0,obt-collector1,,,0/RP0/CPU0,0,0,0,78856543,0,0,21256,16813,272109,45,0,0,0,12935,213127,63,10822,55,0,3,528214,160,5012,0,0,0,0,0,17891,0,0,83,582790,17825,0,0,,0,4000,0,0,0,0,260,0,4,0,0,0,0,256,0,0,0,0,8,153984831,210060069,0,0,0,0,0,121172346,213172

2020-02-06 19:56:26.470000+00:00,leaf8,sg0,29969292,0,121318474,2330112306,0,0,0,95699738,0,25431,143915,42089,122301,128037,0,224920,792116,958851440,2329995825,40537521,209501467,29517886,1210995,52370,56510,21254,11843,0,obt-collector1,,,0/RP0/CPU0,0,0,0,78856879,0,0,21256,16813,272110,45,0,0,0,12935,213127,63,10822,55,0,3,528217,160,5012,0,0,0,0,0,17891,0,0,83,582793,17825,0,0,,0,4000,0,0,0,0,260,0,4,0,0,0,0,256,0,0,0,0,8,153985447,210060816,0,0,0,0,0,121172790,213172

2020-02-06 19:56:36.584000+00:00,leaf8,sg0,29969306,0,121318692,2330502174,0,0,0,95699738,0,25431,143915,42089,122301,128037,0,224920,792116,958853183,2330385693,40537608,209501839,29517900,1210995,52370,56510,21254,11843,0,obt-collector1,,,0/RP0/CPU0,0,0,0,78857048,0,0,21256,16814,272111,45,0,0,0,12935,213127,63,10822,55,0,3,528217,160,5012,0,0,0,0,0,17891,0,0,83,582793,17825,0,0,,0,4000,0,0,0,0,260,0,4,0,0,0,0,256,0,0,0,0,8,153985752,210061189,0,0,0,0,0,121173008,213172

2020-02-06 19:56:46.791000+00:00,leaf8,sg0,29969318,0,121318928,2330892218,0,0,0,95699738,0,25431,143915,42089,122301,128038,0,224921,792118,958854907,2330775737,40537694,209502211,29517912,1210995,52370,56510,21254,11843,0,obt-collector1,,,0/RP0/CPU0,0,0,0,78857216,0,0,21256,16814,272113,45,0,0,0,12935,213127,63,10822,55,0,3,528218,160,5012,0,0,0,0,0,17891,0,0,83,582794,17825,0,0,,0,4000,0,0,0,0,260,0,4,0,0,0,0,256,0,0,0,0,8,153986074,210061562,0,0,0,0,0,121173244,213172

