,Producer,Target,host,node-name,process-cpu/process-cpu-fifteen-minute,process-cpu/process-cpu-five-minute,process-cpu/process-cpu-one-minute,process-cpu/process-id,process-cpu/process-name,total-cpu-fifteen-minute,total-cpu-five-minute,total-cpu-one-minute

2020-02-06 19:41:05.449000+00:00,leaf8,cpumem-sub1,obt-collector1,0/RP0/CPU0,0,0,0,30305,fib_mgr,9,9,10

2020-02-06 19:41:05.494000+00:00,leaf8,cpumem-sub1,obt-collector1,0/0/CPU0,0,0,0,32286,sleep,20,20,21

2020-02-06 19:41:25.902000+00:00,leaf8,cpumem-sub1,obt-collector1,0/RP0/CPU0,0,0,0,30305,fib_mgr,9,9,10

2020-02-06 19:41:25.944000+00:00,leaf8,cpumem-sub1,obt-collector1,0/0/CPU0,0,0,0,32286,sleep,20,20,21

2020-02-06 19:42:17.148000+00:00,leaf8,cpumem-sub1,obt-collector1,0/RP0/CPU0,0,0,0,30305,fib_mgr,9,9,8

2020-02-06 19:42:17.183000+00:00,leaf8,cpumem-sub1,obt-collector1,0/0/CPU0,0,0,0,32294,sleep,20,20,21

2020-02-06 19:42:27.405000+00:00,leaf8,cpumem-sub1,obt-collector1,0/RP0/CPU0,0,0,0,30305,fib_mgr,9,9,8

2020-02-06 19:42:27.448000+00:00,leaf8,cpumem-sub1,obt-collector1,0/0/CPU0,0,0,0,32294,sleep,20,20,21

2020-02-06 19:42:37.615000+00:00,leaf8,cpumem-sub1,obt-collector1,0/RP0/CPU0,0,0,0,30305,fib_mgr,9,9,8

2020-02-06 19:42:37.657000+00:00,leaf8,cpumem-sub1,obt-collector1,0/0/CPU0,0,0,0,32294,sleep,20,20,21

2020-02-06 19:42:47.898000+00:00,leaf8,cpumem-sub1,obt-collector1,0/RP0/CPU0,0,0,0,30305,fib_mgr,9,9,8

2020-02-06 19:42:47.955000+00:00,leaf8,cpumem-sub1,obt-collector1,0/0/CPU0,0,0,0,32294,sleep,20,20,21

2020-02-06 19:45:01.074000+00:00,leaf8,cpumem-sub1,obt-collector1,0/RP0/CPU0,0,0,0,30305,fib_mgr,8,9,9

2020-02-06 19:45:01.104000+00:00,leaf8,cpumem-sub1,obt-collector1,0/0/CPU0,0,0,0,32316,sleep,20,20,21

2020-02-06 19:45:31.709000+00:00,leaf8,cpumem-sub1,obt-collector1,0/RP0/CPU0,0,0,0,30305,fib_mgr,9,9,9

2020-02-06 19:45:31.755000+00:00,leaf8,cpumem-sub1,obt-collector1,0/0/CPU0,0,0,0,32316,sleep,20,20,21

2020-02-06 19:46:02.513000+00:00,leaf8,cpumem-sub1,obt-collector1,0/RP0/CPU0,0,0,0,30305,fib_mgr,9,9,9

2020-02-06 19:46:02.546000+00:00,leaf8,cpumem-sub1,obt-collector1,0/0/CPU0,0,0,0,32337,sleep,20,20,20

2020-02-06 19:46:12.730000+00:00,leaf8,cpumem-sub1,obt-collector1,0/RP0/CPU0,0,0,0,30305,fib_mgr,9,8,9

2020-02-06 19:46:12.766000+00:00,leaf8,cpumem-sub1,obt-collector1,0/0/CPU0,0,0,0,32337,sleep,20,20,20

2020-02-06 19:46:53.592000+00:00,leaf8,cpumem-sub1,obt-collector1,0/RP0/CPU0,0,0,0,30305,fib_mgr,9,8,9

2020-02-06 19:46:53.623000+00:00,leaf8,cpumem-sub1,obt-collector1,0/0/CPU0,0,0,0,32337,sleep,20,20,20

2020-02-06 19:47:14.286000+00:00,leaf8,cpumem-sub1,obt-collector1,0/RP0/CPU0,0,0,0,30305,fib_mgr,8,8,8

2020-02-06 19:47:14.339000+00:00,leaf8,cpumem-sub1,obt-collector1,0/0/CPU0,0,0,0,32345,sleep,20,20,21

2020-02-06 19:47:34.725000+00:00,leaf8,cpumem-sub1,obt-collector1,0/RP0/CPU0,0,0,0,30305,fib_mgr,8,8,8

2020-02-06 19:47:34.754000+00:00,leaf8,cpumem-sub1,obt-collector1,0/0/CPU0,0,0,0,32345,sleep,20,20,21

2020-02-06 19:48:36.085000+00:00,leaf8,cpumem-sub1,obt-collector1,0/RP0/CPU0,0,0,0,30305,fib_mgr,8,8,9

2020-02-06 19:48:36.214000+00:00,leaf8,cpumem-sub1,obt-collector1,0/0/CPU0,0,0,0,32352,sleep,20,20,20

2020-02-06 19:49:58.048000+00:00,leaf8,cpumem-sub1,obt-collector1,0/RP0/CPU0,0,0,0,30305,fib_mgr,9,9,11

2020-02-06 19:49:58.093000+00:00,leaf8,cpumem-sub1,obt-collector1,0/0/CPU0,0,0,0,32360,sleep,20,20,21

2020-02-06 19:50:18.485000+00:00,leaf8,cpumem-sub1,obt-collector1,0/RP0/CPU0,0,0,0,30305,fib_mgr,9,9,9

2020-02-06 19:50:18.522000+00:00,leaf8,cpumem-sub1,obt-collector1,0/0/CPU0,0,0,0,32373,sleep,20,20,21

2020-02-06 19:50:49.193000+00:00,leaf8,cpumem-sub1,obt-collector1,0/RP0/CPU0,0,0,0,30305,fib_mgr,9,9,9

2020-02-06 19:50:49.229000+00:00,leaf8,cpumem-sub1,obt-collector1,0/0/CPU0,0,0,0,32373,sleep,20,20,21

2020-02-06 19:50:59.456000+00:00,leaf8,cpumem-sub1,obt-collector1,0/RP0/CPU0,0,0,0,30305,fib_mgr,9,9,9

2020-02-06 19:50:59.497000+00:00,leaf8,cpumem-sub1,obt-collector1,0/0/CPU0,0,0,0,32373,sleep,20,20,21

2020-02-06 19:52:21.786000+00:00,leaf8,cpumem-sub1,obt-collector1,0/RP0/CPU0,0,0,0,30305,fib_mgr,9,9,9

2020-02-06 19:52:21.817000+00:00,leaf8,cpumem-sub1,obt-collector1,0/0/CPU0,0,0,0,32402,sleep,20,20,21

2020-02-06 19:53:33.422000+00:00,leaf8,cpumem-sub1,obt-collector1,0/RP0/CPU0,0,0,0,30305,fib_mgr,9,9,8

2020-02-06 19:53:33.477000+00:00,leaf8,cpumem-sub1,obt-collector1,0/0/CPU0,0,0,0,32409,sleep,20,20,20

2020-02-06 19:54:14.441000+00:00,leaf8,cpumem-sub1,obt-collector1,0/RP0/CPU0,0,0,0,30305,fib_mgr,9,8,9

2020-02-06 19:54:14.482000+00:00,leaf8,cpumem-sub1,obt-collector1,0/0/CPU0,0,0,0,32417,sleep,20,20,21

2020-02-06 19:54:24.657000+00:00,leaf8,cpumem-sub1,obt-collector1,0/RP0/CPU0,0,0,0,30305,fib_mgr,9,8,9

2020-02-06 19:54:24.691000+00:00,leaf8,cpumem-sub1,obt-collector1,0/0/CPU0,0,0,0,32417,sleep,20,20,21

2020-02-06 19:55:56.913000+00:00,leaf8,cpumem-sub1,obt-collector1,0/RP0/CPU0,0,0,0,30305,fib_mgr,9,8,9

2020-02-06 19:55:56.956000+00:00,leaf8,cpumem-sub1,obt-collector1,0/0/CPU0,0,0,0,32424,sleep,20,20,21

2020-02-06 19:56:48.122000+00:00,leaf8,cpumem-sub1,obt-collector1,0/RP0/CPU0,0,0,0,30305,fib_mgr,8,8,8

2020-02-06 19:56:48.161000+00:00,leaf8,cpumem-sub1,obt-collector1,0/0/CPU0,0,0,0,32445,sleep,20,20,20

2020-02-06 19:57:39.172000+00:00,leaf8,cpumem-sub1,obt-collector1,0/RP0/CPU0,0,0,0,30305,fib_mgr,8,8,9

2020-02-06 19:57:39.199000+00:00,leaf8,cpumem-sub1,obt-collector1,0/0/CPU0,0,0,0,32453,sleep,20,20,21

