{"constants":[{"column":"n0:Cisco-IOS-XR-nto-misc-oper:memory-summary_nodes_node_summary.csv:0/0/CPU0:Producer","type":"constant","value":"leaf7"},{"column":"n0:Cisco-IOS-XR-nto-misc-oper:memory-summary_nodes_node_summary.csv:0/0/CPU0:Target","type":"constant","value":"testsub"},{"column":"n0:Cisco-IOS-XR-nto-misc-oper:memory-summary_nodes_node_summary.csv:0/0/CPU0:boot-ram-size","type":"constant","value":0},{"column":"n0:Cisco-IOS-XR-nto-misc-oper:memory-summary_nodes_node_summary.csv:0/0/CPU0:flash-system","type":"constant","value":0},{"column":"n0:Cisco-IOS-XR-nto-misc-oper:memory-summary_nodes_node_summary.csv:0/0/CPU0:host","type":"constant","value":"obt-collector1"},{"column":"n0:Cisco-IOS-XR-nto-misc-oper:memory-summary_nodes_node_summary.csv:0/0/CPU0:image-memory","type":"constant","value":4194304},{"column":"n0:Cisco-IOS-XR-nto-misc-oper:memory-summary_nodes_node_summary.csv:0/0/CPU0:io-memory","type":"constant","value":0},{"column":"n0:Cisco-IOS-XR-nto-misc-oper:memory-summary_nodes_node_summary.csv:0/0/CPU0:page-size","type":"constant","value":4096},{"column":"n0:Cisco-IOS-XR-nto-misc-oper:memory-summary_nodes_node_summary.csv:0/0/CPU0:ram-memory","type":"constant","value":12884901888},{"column":"n0:Cisco-IOS-XR-nto-misc-oper:memory-summary_nodes_node_summary.csv:0/0/CPU0:reserved-memory","type":"constant","value":0},{"column":"n0:Cisco-IOS-XR-nto-misc-oper:memory-summary_nodes_node_summary.csv:0/0/CPU0:system-ram-memory","type":"constant","value":12884901888},{"column":"n0:Cisco-IOS-XR-nto-misc-oper:memory-summary_nodes_node_summary.csv:0/RP0/CPU0:Producer","type":"constant","value":"leaf7"},{"column":"n0:Cisco-IOS-XR-nto-misc-oper:memory-summary_nodes_node_summary.csv:0/RP0/CPU0:Target","type":"constant","value":"testsub"},{"column":"n0:Cisco-IOS-XR-nto-misc-oper:memory-summary_nodes_node_summary.csv:0/RP0/CPU0:boot-ram-size","type":"constant","value":0},{"column":"n0:Cisco-IOS-XR-nto-misc-oper:memory-summary_nodes_node_summary.csv:0/RP0/CPU0:flash-system","type":"constant","value":0},{"column":"n0:Cisco-IOS-XR-nto-misc-oper:memory-summary_nodes_node_summary.csv:0/RP0/CPU0:host","type":"constant","value":"obt-collector1"},{"column":"n0:Cisco-IOS-XR-nto-misc-oper:memory-summary_nodes_node_summary.csv:0/RP0/CPU0:image-memory","type":"constant","value":4194304},{"column":"n0:Cisco-IOS-XR-nto-misc-oper:memory-summary_nodes_node_summary.csv:0/RP0/CPU0:io-memory","type":"constant","value":0},{"column":"n0:Cisco-IOS-XR-nto-misc-oper:memory-summary_nodes_node_summary.csv:0/RP0/CPU0:page-size","type":"constant","value":4096},{"column":"n0:Cisco-IOS-XR-nto-misc-oper:memory-summary_nodes_node_summary.csv:0/RP0/CPU0:ram-memory","type":"constant","value":15032385536},{"column":"n0:Cisco-IOS-XR-nto-misc-oper:memory-summary_nodes_node_summary.csv:0/RP0/CPU0:reserved-memory","type":"constant","value":0},{"column":"n0:Cisco-IOS-XR-nto-misc-oper:memory-summary_nodes_node_summary.csv:0/RP0/CPU0:system-ram-memory","type":"constant","value":15032385536},{"column":"n1:Cisco-IOS-XR-wdsysmon-fd-oper:system-monitoring_cpu-utilization.csv:0/RP0/CPU0:26996:perl:Producer","type":"constant","value":"leaf7"},{"column":"n1:Cisco-IOS-XR-wdsysmon-fd-oper:system-monitoring_cpu-utilization.csv:0/RP0/CPU0:26996:perl:Target","type":"constant","value":"testsub"},{"column":"n1:Cisco-IOS-XR-wdsysmon-fd-oper:system-monitoring_cpu-utilization.csv:0/RP0/CPU0:26996:perl:host","type":"constant","value":"obt-collector1"},{"column":"n1:Cisco-IOS-XR-wdsysmon-fd-oper:system-monitoring_cpu-utilization.csv:0/RP0/CPU0:26996:perl:process-cpu/process-cpu-fifteen-minute","type":"constant","value":0},{"column":"n1:Cisco-IOS-XR-wdsysmon-fd-oper:system-monitoring_cpu-utilization.csv:0/RP0/CPU0:26996:perl:process-cpu/process-cpu-five-minute","type":"constant","value":0},{"column":"n1:Cisco-IOS-XR-wdsysmon-fd-oper:system-monitoring_cpu-utilization.csv:0/RP0/CPU0:26996:perl:process-cpu/process-cpu-one-minute","type":"constant","value":0},{"column":"n1:Cisco-IOS-XR-wdsysmon-fd-oper:system-monitoring_cpu-utilization.csv:0/RP0/CPU0:26996:perl:total-cpu-fifteen-minute","type":"constant","value":2},{"column":"n1:Cisco-IOS-XR-wdsysmon-fd-oper:system-monitoring_cpu-utilization.csv:0/RP0/CPU0:26996:perl:total-cpu-five-minute","type":"constant","value":2},{"column":"n1:Cisco-IOS-XR-wdsysmon-fd-oper:system-monitoring_cpu-utilization.csv:0/RP0/CPU0:26996:perl:total-cpu-one-minute","type":"constant","value":2},{"column":"n1:Cisco-IOS-XR-wdsysmon-fd-oper:system-monitoring_cpu-utilization.csv:0/0/CPU0:18425:sleep:Producer","type":"constant","value":"leaf7"},{"column":"n1:Cisco-IOS-XR-wdsysmon-fd-oper:system-monitoring_cpu-utilization.csv:0/0/CPU0:18425:sleep:Target","type":"constant","value":"testsub"},{"column":"n1:Cisco-IOS-XR-wdsysmon-fd-oper:system-monitoring_cpu-utilization.csv:0/0/CPU0:18425:sleep:host","type":"constant","value":"obt-collector1"},{"column":"n1:Cisco-IOS-XR-wdsysmon-fd-oper:system-monitoring_cpu-utilization.csv:0/0/CPU0:18425:sleep:process-cpu/process-cpu-fifteen-minute","type":"constant","value":0},{"column":"n1:Cisco-IOS-XR-wdsysmon-fd-oper:system-monitoring_cpu-utilization.csv:0/0/CPU0:18425:sleep:process-cpu/process-cpu-five-minute","type":"constant","value":0},{"column":"n1:Cisco-IOS-XR-wdsysmon-fd-oper:system-monitoring_cpu-utilization.csv:0/0/CPU0:18425:sleep:process-cpu/process-cpu-one-minute","type":"constant","value":0},{"column":"n1:Cisco-IOS-XR-wdsysmon-fd-oper:system-monitoring_cpu-utilization.csv:0/0/CPU0:18425:sleep:total-cpu-fifteen-minute","type":"constant","value":3},{"column":"n1:Cisco-IOS-XR-wdsysmon-fd-oper:system-monitoring_cpu-utilization.csv:0/0/CPU0:18425:sleep:total-cpu-five-minute","type":"constant","value":3},{"column":"n1:Cisco-IOS-XR-wdsysmon-fd-oper:system-monitoring_cpu-utilization.csv:0/0/CPU0:18425:sleep:total-cpu-one-minute","type":"constant","value":3},{"column":"n1:Cisco-IOS-XR-wdsysmon-fd-oper:system-monitoring_cpu-utilization.csv:0/0/CPU0:18433:sleep:Producer","type":"constant","value":"leaf7"},{"column":"n1:Cisco-IOS-XR-wdsysmon-fd-oper:system-monitoring_cpu-utilization.csv:0/0/CPU0:18433:sleep:Target","type":"constant","value":"testsub"},{"column":"n1:Cisco-IOS-XR-wdsysmon-fd-oper:system-monitoring_cpu-utilization.csv:0/0/CPU0:18433:sleep:host","type":"constant","value":"obt-collector1"},{"column":"n1:Cisco-IOS-XR-wdsysmon-fd-oper:system-monitoring_cpu-utilization.csv:0/0/CPU0:18433:sleep:process-cpu/process-cpu-fifteen-minute","type":"constant","value":0},{"column":"n1:Cisco-IOS-XR-wdsysmon-fd-oper:system-monitoring_cpu-utilization.csv:0/0/CPU0:18433:sleep:process-cpu/process-cpu-five-minute","type":"constant","value":0},{"column":"n1:Cisco-IOS-XR-wdsysmon-fd-oper:system-monitoring_cpu-utilization.csv:0/0/CPU0:18433:sleep:process-cpu/process-cpu-one-minute","type":"constant","value":0},{"column":"n1:Cisco-IOS-XR-wdsysmon-fd-oper:system-monitoring_cpu-utilization.csv:0/0/CPU0:18433:sleep:total-cpu-fifteen-minute","type":"constant","value":3},{"column":"n1:Cisco-IOS-XR-wdsysmon-fd-oper:system-monitoring_cpu-utilization.csv:0/0/CPU0:18433:sleep:total-cpu-five-minute","type":"constant","value":3},{"column":"n1:Cisco-IOS-XR-wdsysmon-fd-oper:system-monitoring_cpu-utilization.csv:0/0/CPU0:18433:sleep:total-cpu-one-minute","type":"constant","value":3},{"column":"n1:Cisco-IOS-XR-wdsysmon-fd-oper:system-monitoring_cpu-utilization.csv:0/0/CPU0:18455:sleep:Producer","type":"constant","value":"leaf7"},{"column":"n1:Cisco-IOS-XR-wdsysmon-fd-oper:system-monitoring_cpu-utilization.csv:0/0/CPU0:18455:sleep:Target","type":"constant","value":"testsub"},{"column":"n1:Cisco-IOS-XR-wdsysmon-fd-oper:system-monitoring_cpu-utilization.csv:0/0/CPU0:18455:sleep:host","type":"constant","value":"obt-collector1"},{"column":"n1:Cisco-IOS-XR-wdsysmon-fd-oper:system-monitoring_cpu-utilization.csv:0/0/CPU0:18455:sleep:process-cpu/process-cpu-fifteen-minute","type":"constant","value":0},{"column":"n1:Cisco-IOS-XR-wdsysmon-fd-oper:system-monitoring_cpu-utilization.csv:0/0/CPU0:18455:sleep:process-cpu/process-cpu-five-minute","type":"constant","value":0},{"column":"n1:Cisco-IOS-XR-wdsysmon-fd-oper:system-monitoring_cpu-utilization.csv:0/0/CPU0:18455:sleep:process-cpu/process-cpu-one-minute","type":"constant","value":0},{"column":"n1:Cisco-IOS-XR-wdsysmon-fd-oper:system-monitoring_cpu-utilization.csv:0/0/CPU0:18455:sleep:total-cpu-fifteen-minute","type":"constant","value":3},{"column":"n1:Cisco-IOS-XR-wdsysmon-fd-oper:system-monitoring_cpu-utilization.csv:0/0/CPU0:18455:sleep:total-cpu-five-minute","type":"constant","value":3},{"column":"n1:Cisco-IOS-XR-wdsysmon-fd-oper:system-monitoring_cpu-utilization.csv:0/0/CPU0:18455:sleep:total-cpu-one-minute","type":"constant","value":3},{"column":"n1:Cisco-IOS-XR-wdsysmon-fd-oper:system-monitoring_cpu-utilization.csv:0/0/CPU0:18463:sleep:Producer","type":"constant","value":"leaf7"},{"column":"n1:Cisco-IOS-XR-wdsysmon-fd-oper:system-monitoring_cpu-utilization.csv:0/0/CPU0:18463:sleep:Target","type":"constant","value":"testsub"},{"column":"n1:Cisco-IOS-XR-wdsysmon-fd-oper:system-monitoring_cpu-utilization.csv:0/0/CPU0:18463:sleep:host","type":"constant","value":"obt-collector1"},{"column":"n1:Cisco-IOS-XR-wdsysmon-fd-oper:system-monitoring_cpu-utilization.csv:0/0/CPU0:18463:sleep:process-cpu/process-cpu-fifteen-minute","type":"constant","value":0},{"column":"n1:Cisco-IOS-XR-wdsysmon-fd-oper:system-monitoring_cpu-utilization.csv:0/0/CPU0:18463:sleep:process-cpu/process-cpu-five-minute","type":"constant","value":0},{"column":"n1:Cisco-IOS-XR-wdsysmon-fd-oper:system-monitoring_cpu-utilization.csv:0/0/CPU0:18463:sleep:process-cpu/process-cpu-one-minute","type":"constant","value":0},{"column":"n1:Cisco-IOS-XR-wdsysmon-fd-oper:system-monitoring_cpu-utilization.csv:0/0/CPU0:18463:sleep:total-cpu-fifteen-minute","type":"constant","value":3},{"column":"n1:Cisco-IOS-XR-wdsysmon-fd-oper:system-monitoring_cpu-utilization.csv:0/0/CPU0:18463:sleep:total-cpu-five-minute","type":"constant","value":3},{"column":"n1:Cisco-IOS-XR-wdsysmon-fd-oper:system-monitoring_cpu-utilization.csv:0/0/CPU0:18463:sleep:total-cpu-one-minute","type":"constant","value":3},{"column":"n1:Cisco-IOS-XR-wdsysmon-fd-oper:system-monitoring_cpu-utilization.csv:0/0/CPU0:18471:sleep:Producer","type":"constant","value":"leaf7"},{"column":"n1:Cisco-IOS-XR-wdsysmon-fd-oper:system-monitoring_cpu-utilization.csv:0/0/CPU0:18471:sleep:Target","type":"constant","value":"testsub"},{"column":"n1:Cisco-IOS-XR-wdsysmon-fd-oper:system-monitoring_cpu-utilization.csv:0/0/CPU0:18471:sleep:host","type":"constant","value":"obt-collector1"},{"column":"n1:Cisco-IOS-XR-wdsysmon-fd-oper:system-monitoring_cpu-utilization.csv:0/0/CPU0:18471:sleep:process-cpu/process-cpu-fifteen-minute","type":"constant","value":0},{"column":"n1:Cisco-IOS-XR-wdsysmon-fd-oper:system-monitoring_cpu-utilization.csv:0/0/CPU0:18471:sleep:process-cpu/process-cpu-five-minute","type":"constant","value":0},{"column":"n1:Cisco-IOS-XR-wdsysmon-fd-oper:system-monitoring_cpu-utilization.csv:0/0/CPU0:18471:sleep:process-cpu/process-cpu-one-minute","type":"constant","value":0},{"column":"n1:Cisco-IOS-XR-wdsysmon-fd-oper:system-monitoring_cpu-utilization.csv:0/0/CPU0:18471:sleep:total-cpu-fifteen-minute","type":"constant","value":3},{"column":"n1:Cisco-IOS-XR-wdsysmon-fd-oper:system-monitoring_cpu-utilization.csv:0/0/CPU0:18471:sleep:total-cpu-five-minute","type":"constant","value":3},{"column":"n1:Cisco-IOS-XR-wdsysmon-fd-oper:system-monitoring_cpu-utilization.csv:0/0/CPU0:18471:sleep:total-cpu-one-minute","type":"constant","value":3},{"column":"n1:Cisco-IOS-XR-wdsysmon-fd-oper:system-monitoring_cpu-utilization.csv:0/0/CPU0:18478:sleep:Producer","type":"constant","value":"leaf7"},{"column":"n1:Cisco-IOS-XR-wdsysmon-fd-oper:system-monitoring_cpu-utilization.csv:0/0/CPU0:18478:sleep:Target","type":"constant","value":"testsub"},{"column":"n1:Cisco-IOS-XR-wdsysmon-fd-oper:system-monitoring_cpu-utilization.csv:0/0/CPU0:18478:sleep:host","type":"constant","value":"obt-collector1"},{"column":"n1:Cisco-IOS-XR-wdsysmon-fd-oper:system-monitoring_cpu-utilization.csv:0/0/CPU0:18478:sleep:process-cpu/process-cpu-fifteen-minute","type":"constant","value":0},{"column":"n1:Cisco-IOS-XR-wdsysmon-fd-oper:system-monitoring_cpu-utilization.csv:0/0/CPU0:18478:sleep:process-cpu/process-cpu-five-minute","type":"constant","value":0},{"column":"n1:Cisco-IOS-XR-wdsysmon-fd-oper:system-monitoring_cpu-utilization.csv:0/0/CPU0:18478:sleep:process-cpu/process-cpu-one-minute","type":"constant","value":0},{"column":"n1:Cisco-IOS-XR-wdsysmon-fd-oper:system-monitoring_cpu-utilization.csv:0/0/CPU0:18478:sleep:total-cpu-fifteen-minute","type":"constant","value":3},{"column":"n1:Cisco-IOS-XR-wdsysmon-fd-oper:system-monitoring_cpu-utilization.csv:0/0/CPU0:18478:sleep:total-cpu-five-minute","type":"constant","value":3},{"column":"n1:Cisco-IOS-XR-wdsysmon-fd-oper:system-monitoring_cpu-utilization.csv:0/0/CPU0:18478:sleep:total-cpu-one-minute","type":"constant","value":3},{"column":"n1:Cisco-IOS-XR-wdsysmon-fd-oper:system-monitoring_cpu-utilization.csv:0/0/CPU0:18486:sleep:Producer","type":"constant","value":"leaf7"},{"column":"n1:Cisco-IOS-XR-wdsysmon-fd-oper:system-monitoring_cpu-utilization.csv:0/0/CPU0:18486:sleep:Target","type":"constant","value":"testsub"},{"column":"n1:Cisco-IOS-XR-wdsysmon-fd-oper:system-monitoring_cpu-utilization.csv:0/0/CPU0:18486:sleep:host","type":"constant","value":"obt-collector1"},{"column":"n1:Cisco-IOS-XR-wdsysmon-fd-oper:system-monitoring_cpu-utilization.csv:0/0/CPU0:18486:sleep:process-cpu/process-cpu-fifteen-minute","type":"constant","value":0},{"column":"n1:Cisco-IOS-XR-wdsysmon-fd-oper:system-monitoring_cpu-utilization.csv:0/0/CPU0:18486:sleep:process-cpu/process-cpu-five-minute","type":"constant","value":0},{"column":"n1:Cisco-IOS-XR-wdsysmon-fd-oper:system-monitoring_cpu-utilization.csv:0/0/CPU0:18486:sleep:process-cpu/process-cpu-one-minute","type":"constant","value":0},{"column":"n1:Cisco-IOS-XR-wdsysmon-fd-oper:system-monitoring_cpu-utilization.csv:0/0/CPU0:18486:sleep:total-cpu-fifteen-minute","type":"constant","value":3},{"column":"n1:Cisco-IOS-XR-wdsysmon-fd-oper:system-monitoring_cpu-utilization.csv:0/0/CPU0:18486:sleep:total-cpu-five-minute","type":"constant","value":3},{"column":"n1:Cisco-IOS-XR-wdsysmon-fd-oper:system-monitoring_cpu-utilization.csv:0/0/CPU0:18486:sleep:total-cpu-one-minute","type":"constant","value":3},{"column":"n1:Cisco-IOS-XR-wdsysmon-fd-oper:system-monitoring_cpu-utilization.csv:0/0/CPU0:18519:sleep:Producer","type":"constant","value":"leaf7"},{"column":"n1:Cisco-IOS-XR-wdsysmon-fd-oper:system-monitoring_cpu-utilization.csv:0/0/CPU0:18519:sleep:Target","type":"constant","value":"testsub"},{"column":"n1:Cisco-IOS-XR-wdsysmon-fd-oper:system-monitoring_cpu-utilization.csv:0/0/CPU0:18519:sleep:host","type":"constant","value":"obt-collector1"},{"column":"n1:Cisco-IOS-XR-wdsysmon-fd-oper:system-monitoring_cpu-utilization.csv:0/0/CPU0:18519:sleep:process-cpu/process-cpu-fifteen-minute","type":"constant","value":0},{"column":"n1:Cisco-IOS-XR-wdsysmon-fd-oper:system-monitoring_cpu-utilization.csv:0/0/CPU0:18519:sleep:process-cpu/process-cpu-five-minute","type":"constant","value":0},{"column":"n1:Cisco-IOS-XR-wdsysmon-fd-oper:system-monitoring_cpu-utilization.csv:0/0/CPU0:18519:sleep:process-cpu/process-cpu-one-minute","type":"constant","value":0},{"column":"n1:Cisco-IOS-XR-wdsysmon-fd-oper:system-monitoring_cpu-utilization.csv:0/0/CPU0:18519:sleep:total-cpu-fifteen-minute","type":"constant","value":3},{"column":"n1:Cisco-IOS-XR-wdsysmon-fd-oper:system-monitoring_cpu-utilization.csv:0/0/CPU0:18519:sleep:total-cpu-five-minute","type":"constant","value":3},{"column":"n1:Cisco-IOS-XR-wdsysmon-fd-oper:system-monitoring_cpu-utilization.csv:0/0/CPU0:18519:sleep:total-cpu-one-minute","type":"constant","value":3},{"column":"n1:Cisco-IOS-XR-wdsysmon-fd-oper:system-monitoring_cpu-utilization.csv:0/0/CPU0:18527:sleep:Producer","type":"constant","value":"leaf7"},{"column":"n1:Cisco-IOS-XR-wdsysmon-fd-oper:system-monitoring_cpu-utilization.csv:0/0/CPU0:18527:sleep:Target","type":"constant","value":"testsub"},{"column":"n1:Cisco-IOS-XR-wdsysmon-fd-oper:system-monitoring_cpu-utilization.csv:0/0/CPU0:18527:sleep:host","type":"constant","value":"obt-collector1"},{"column":"n1:Cisco-IOS-XR-wdsysmon-fd-oper:system-monitoring_cpu-utilization.csv:0/0/CPU0:18527:sleep:process-cpu/process-cpu-fifteen-minute","type":"constant","value":0},{"column":"n1:Cisco-IOS-XR-wdsysmon-fd-oper:system-monitoring_cpu-utilization.csv:0/0/CPU0:18527:sleep:process-cpu/process-cpu-five-minute","type":"constant","value":0},{"column":"n1:Cisco-IOS-XR-wdsysmon-fd-oper:system-monitoring_cpu-utilization.csv:0/0/CPU0:18527:sleep:process-cpu/process-cpu-one-minute","type":"constant","value":0},{"column":"n1:Cisco-IOS-XR-wdsysmon-fd-oper:system-monitoring_cpu-utilization.csv:0/0/CPU0:18527:sleep:total-cpu-fifteen-minute","type":"constant","value":3},{"column":"n1:Cisco-IOS-XR-wdsysmon-fd-oper:system-monitoring_cpu-utilization.csv:0/0/CPU0:18527:sleep:total-cpu-five-minute","type":"constant","value":3},{"column":"n1:Cisco-IOS-XR-wdsysmon-fd-oper:system-monitoring_cpu-utilization.csv:0/0/CPU0:18527:sleep:total-cpu-one-minute","type":"constant","value":3},{"column":"n1:Cisco-IOS-XR-wdsysmon-fd-oper:system-monitoring_cpu-utilization.csv:0/0/CPU0:18535:sleep:Producer","type":"constant","value":"leaf7"},{"column":"n1:Cisco-IOS-XR-wdsysmon-fd-oper:system-monitoring_cpu-utilization.csv:0/0/CPU0:18535:sleep:Target","type":"constant","value":"testsub"},{"column":"n1:Cisco-IOS-XR-wdsysmon-fd-oper:system-monitoring_cpu-utilization.csv:0/0/CPU0:18535:sleep:host","type":"constant","value":"obt-collector1"},{"column":"n1:Cisco-IOS-XR-wdsysmon-fd-oper:system-monitoring_cpu-utilization.csv:0/0/CPU0:18535:sleep:process-cpu/process-cpu-fifteen-minute","type":"constant","value":0},{"column":"n1:Cisco-IOS-XR-wdsysmon-fd-oper:system-monitoring_cpu-utilization.csv:0/0/CPU0:18535:sleep:process-cpu/process-cpu-five-minute","type":"constant","value":0},{"column":"n1:Cisco-IOS-XR-wdsysmon-fd-oper:system-monitoring_cpu-utilization.csv:0/0/CPU0:18535:sleep:process-cpu/process-cpu-one-minute","type":"constant","value":0},{"column":"n1:Cisco-IOS-XR-wdsysmon-fd-oper:system-monitoring_cpu-utilization.csv:0/0/CPU0:18535:sleep:total-cpu-fifteen-minute","type":"constant","value":3},{"column":"n1:Cisco-IOS-XR-wdsysmon-fd-oper:system-monitoring_cpu-utilization.csv:0/0/CPU0:18535:sleep:total-cpu-five-minute","type":"constant","value":3},{"column":"n1:Cisco-IOS-XR-wdsysmon-fd-oper:system-monitoring_cpu-utilization.csv:0/0/CPU0:18535:sleep:total-cpu-one-minute","type":"constant","value":3},{"column":"n1:Cisco-IOS-XR-wdsysmon-fd-oper:system-monitoring_cpu-utilization.csv:0/0/CPU0:18542:sleep:Producer","type":"constant","value":"leaf7"},{"column":"n1:Cisco-IOS-XR-wdsysmon-fd-oper:system-monitoring_cpu-utilization.csv:0/0/CPU0:18542:sleep:Target","type":"constant","value":"testsub"},{"column":"n1:Cisco-IOS-XR-wdsysmon-fd-oper:system-monitoring_cpu-utilization.csv:0/0/CPU0:18542:sleep:host","type":"constant","value":"obt-collector1"},{"column":"n1:Cisco-IOS-XR-wdsysmon-fd-oper:system-monitoring_cpu-utilization.csv:0/0/CPU0:18542:sleep:process-cpu/process-cpu-fifteen-minute","type":"constant","value":0},{"column":"n1:Cisco-IOS-XR-wdsysmon-fd-oper:system-monitoring_cpu-utilization.csv:0/0/CPU0:18542:sleep:process-cpu/process-cpu-five-minute","type":"constant","value":0},{"column":"n1:Cisco-IOS-XR-wdsysmon-fd-oper:system-monitoring_cpu-utilization.csv:0/0/CPU0:18542:sleep:process-cpu/process-cpu-one-minute","type":"constant","value":0},{"column":"n1:Cisco-IOS-XR-wdsysmon-fd-oper:system-monitoring_cpu-utilization.csv:0/0/CPU0:18542:sleep:total-cpu-fifteen-minute","type":"constant","value":3},{"column":"n1:Cisco-IOS-XR-wdsysmon-fd-oper:system-monitoring_cpu-utilization.csv:0/0/CPU0:18542:sleep:total-cpu-five-minute","type":"constant","value":3},{"column":"n1:Cisco-IOS-XR-wdsysmon-fd-oper:system-monitoring_cpu-utilization.csv:0/0/CPU0:18542:sleep:total-cpu-one-minute","type":"constant","value":3},{"column":"n1:Cisco-IOS-XR-wdsysmon-fd-oper:system-monitoring_cpu-utilization.csv:0/0/CPU0:18565:sleep:Producer","type":"constant","value":"leaf7"},{"column":"n1:Cisco-IOS-XR-wdsysmon-fd-oper:system-monitoring_cpu-utilization.csv:0/0/CPU0:18565:sleep:Target","type":"constant","value":"testsub"},{"column":"n1:Cisco-IOS-XR-wdsysmon-fd-oper:system-monitoring_cpu-utilization.csv:0/0/CPU0:18565:sleep:host","type":"constant","value":"obt-collector1"},{"column":"n1:Cisco-IOS-XR-wdsysmon-fd-oper:system-monitoring_cpu-utilization.csv:0/0/CPU0:18565:sleep:process-cpu/process-cpu-fifteen-minute","type":"constant","value":0},{"column":"n1:Cisco-IOS-XR-wdsysmon-fd-oper:system-monitoring_cpu-utilization.csv:0/0/CPU0:18565:sleep:process-cpu/process-cpu-five-minute","type":"constant","value":0},{"column":"n1:Cisco-IOS-XR-wdsysmon-fd-oper:system-monitoring_cpu-utilization.csv:0/0/CPU0:18565:sleep:process-cpu/process-cpu-one-minute","type":"constant","value":0},{"column":"n1:Cisco-IOS-XR-wdsysmon-fd-oper:system-monitoring_cpu-utilization.csv:0/0/CPU0:18565:sleep:total-cpu-fifteen-minute","type":"constant","value":3},{"column":"n1:Cisco-IOS-XR-wdsysmon-fd-oper:system-monitoring_cpu-utilization.csv:0/0/CPU0:18565:sleep:total-cpu-five-minute","type":"constant","value":3},{"column":"n1:Cisco-IOS-XR-wdsysmon-fd-oper:system-monitoring_cpu-utilization.csv:0/0/CPU0:18565:sleep:total-cpu-one-minute","type":"constant","value":3},{"column":"n1:Cisco-IOS-XR-wdsysmon-fd-oper:system-monitoring_cpu-utilization.csv:0/0/CPU0:18572:sleep:Producer","type":"constant","value":"leaf7"},{"column":"n1:Cisco-IOS-XR-wdsysmon-fd-oper:system-monitoring_cpu-utilization.csv:0/0/CPU0:18572:sleep:Target","type":"constant","value":"testsub"},{"column":"n1:Cisco-IOS-XR-wdsysmon-fd-oper:system-monitoring_cpu-utilization.csv:0/0/CPU0:18572:sleep:host","type":"constant","value":"obt-collector1"},{"column":"n1:Cisco-IOS-XR-wdsysmon-fd-oper:system-monitoring_cpu-utilization.csv:0/0/CPU0:18572:sleep:process-cpu/process-cpu-fifteen-minute","type":"constant","value":0},{"column":"n1:Cisco-IOS-XR-wdsysmon-fd-oper:system-monitoring_cpu-utilization.csv:0/0/CPU0:18572:sleep:process-cpu/process-cpu-five-minute","type":"constant","value":0},{"column":"n1:Cisco-IOS-XR-wdsysmon-fd-oper:system-monitoring_cpu-utilization.csv:0/0/CPU0:18572:sleep:process-cpu/process-cpu-one-minute","type":"constant","value":0},{"column":"n1:Cisco-IOS-XR-wdsysmon-fd-oper:system-monitoring_cpu-utilization.csv:0/0/CPU0:18572:sleep:total-cpu-fifteen-minute","type":"constant","value":3},{"column":"n1:Cisco-IOS-XR-wdsysmon-fd-oper:system-monitoring_cpu-utilization.csv:0/0/CPU0:18572:sleep:total-cpu-five-minute","type":"constant","value":3},{"column":"n1:Cisco-IOS-XR-wdsysmon-fd-oper:system-monitoring_cpu-utilization.csv:0/0/CPU0:18572:sleep:total-cpu-one-minute","type":"constant","value":3},{"column":"n1:Cisco-IOS-XR-wdsysmon-fd-oper:system-monitoring_cpu-utilization.csv:0/0/CPU0:18580:sleep:Producer","type":"constant","value":"leaf7"},{"column":"n1:Cisco-IOS-XR-wdsysmon-fd-oper:system-monitoring_cpu-utilization.csv:0/0/CPU0:18580:sleep:Target","type":"constant","value":"testsub"},{"column":"n1:Cisco-IOS-XR-wdsysmon-fd-oper:system-monitoring_cpu-utilization.csv:0/0/CPU0:18580:sleep:host","type":"constant","value":"obt-collector1"},{"column":"n1:Cisco-IOS-XR-wdsysmon-fd-oper:system-monitoring_cpu-utilization.csv:0/0/CPU0:18580:sleep:process-cpu/process-cpu-fifteen-minute","type":"constant","value":0},{"column":"n1:Cisco-IOS-XR-wdsysmon-fd-oper:system-monitoring_cpu-utilization.csv:0/0/CPU0:18580:sleep:process-cpu/process-cpu-five-minute","type":"constant","value":0},{"column":"n1:Cisco-IOS-XR-wdsysmon-fd-oper:system-monitoring_cpu-utilization.csv:0/0/CPU0:18580:sleep:process-cpu/process-cpu-one-minute","type":"constant","value":0},{"column":"n1:Cisco-IOS-XR-wdsysmon-fd-oper:system-monitoring_cpu-utilization.csv:0/0/CPU0:18580:sleep:total-cpu-fifteen-minute","type":"constant","value":3},{"column":"n1:Cisco-IOS-XR-wdsysmon-fd-oper:system-monitoring_cpu-utilization.csv:0/0/CPU0:18580:sleep:total-cpu-five-minute","type":"constant","value":3},{"column":"n1:Cisco-IOS-XR-wdsysmon-fd-oper:system-monitoring_cpu-utilization.csv:0/0/CPU0:18580:sleep:total-cpu-one-minute","type":"constant","value":3},{"column":"n1:Cisco-IOS-XR-wdsysmon-fd-oper:system-monitoring_cpu-utilization.csv:0/0/CPU0:18588:sleep:Producer","type":"constant","value":"leaf7"},{"column":"n1:Cisco-IOS-XR-wdsysmon-fd-oper:system-monitoring_cpu-utilization.csv:0/0/CPU0:18588:sleep:Target","type":"constant","value":"testsub"},{"column":"n1:Cisco-IOS-XR-wdsysmon-fd-oper:system-monitoring_cpu-utilization.csv:0/0/CPU0:18588:sleep:host","type":"constant","value":"obt-collector1"},{"column":"n1:Cisco-IOS-XR-wdsysmon-fd-oper:system-monitoring_cpu-utilization.csv:0/0/CPU0:18588:sleep:process-cpu/process-cpu-fifteen-minute","type":"constant","value":0},{"column":"n1:Cisco-IOS-XR-wdsysmon-fd-oper:system-monitoring_cpu-utilization.csv:0/0/CPU0:18588:sleep:process-cpu/process-cpu-five-minute","type":"constant","value":0},{"column":"n1:Cisco-IOS-XR-wdsysmon-fd-oper:system-monitoring_cpu-utilization.csv:0/0/CPU0:18588:sleep:process-cpu/process-cpu-one-minute","type":"constant","value":0},{"column":"n1:Cisco-IOS-XR-wdsysmon-fd-oper:system-monitoring_cpu-utilization.csv:0/0/CPU0:18588:sleep:total-cpu-fifteen-minute","type":"constant","value":3},{"column":"n1:Cisco-IOS-XR-wdsysmon-fd-oper:system-monitoring_cpu-utilization.csv:0/0/CPU0:18588:sleep:total-cpu-five-minute","type":"constant","value":3},{"column":"n1:Cisco-IOS-XR-wdsysmon-fd-oper:system-monitoring_cpu-utilization.csv:0/0/CPU0:18588:sleep:total-cpu-one-minute","type":"constant","value":3},{"column":"n1:Cisco-IOS-XR-wdsysmon-fd-oper:system-monitoring_cpu-utilization.csv:0/0/CPU0:18595:sleep:Producer","type":"constant","value":"leaf7"},{"column":"n1:Cisco-IOS-XR-wdsysmon-fd-oper:system-monitoring_cpu-utilization.csv:0/0/CPU0:18595:sleep:Target","type":"constant","value":"testsub"},{"column":"n1:Cisco-IOS-XR-wdsysmon-fd-oper:system-monitoring_cpu-utilization.csv:0/0/CPU0:18595:sleep:host","type":"constant","value":"obt-collector1"},{"column":"n1:Cisco-IOS-XR-wdsysmon-fd-oper:system-monitoring_cpu-utilization.csv:0/0/CPU0:18595:sleep:process-cpu/process-cpu-fifteen-minute","type":"constant","value":0},{"column":"n1:Cisco-IOS-XR-wdsysmon-fd-oper:system-monitoring_cpu-utilization.csv:0/0/CPU0:18595:sleep:process-cpu/process-cpu-five-minute","type":"constant","value":0},{"column":"n1:Cisco-IOS-XR-wdsysmon-fd-oper:system-monitoring_cpu-utilization.csv:0/0/CPU0:18595:sleep:process-cpu/process-cpu-one-minute","type":"constant","value":0},{"column":"n1:Cisco-IOS-XR-wdsysmon-fd-oper:system-monitoring_cpu-utilization.csv:0/0/CPU0:18595:sleep:total-cpu-fifteen-minute","type":"constant","value":3},{"column":"n1:Cisco-IOS-XR-wdsysmon-fd-oper:system-monitoring_cpu-utilization.csv:0/0/CPU0:18595:sleep:total-cpu-five-minute","type":"constant","value":3},{"column":"n1:Cisco-IOS-XR-wdsysmon-fd-oper:system-monitoring_cpu-utilization.csv:0/0/CPU0:18595:sleep:total-cpu-one-minute","type":"constant","value":3},{"column":"n1:Cisco-IOS-XR-wdsysmon-fd-oper:system-monitoring_cpu-utilization.csv:0/0/CPU0:18618:sleep:Producer","type":"constant","value":"leaf7"},{"column":"n1:Cisco-IOS-XR-wdsysmon-fd-oper:system-monitoring_cpu-utilization.csv:0/0/CPU0:18618:sleep:Target","type":"constant","value":"testsub"},{"column":"n1:Cisco-IOS-XR-wdsysmon-fd-oper:system-monitoring_cpu-utilization.csv:0/0/CPU0:18618:sleep:host","type":"constant","value":"obt-collector1"},{"column":"n1:Cisco-IOS-XR-wdsysmon-fd-oper:system-monitoring_cpu-utilization.csv:0/0/CPU0:18618:sleep:process-cpu/process-cpu-fifteen-minute","type":"constant","value":0},{"column":"n1:Cisco-IOS-XR-wdsysmon-fd-oper:system-monitoring_cpu-utilization.csv:0/0/CPU0:18618:sleep:process-cpu/process-cpu-five-minute","type":"constant","value":0},{"column":"n1:Cisco-IOS-XR-wdsysmon-fd-oper:system-monitoring_cpu-utilization.csv:0/0/CPU0:18618:sleep:process-cpu/process-cpu-one-minute","type":"constant","value":0},{"column":"n1:Cisco-IOS-XR-wdsysmon-fd-oper:system-monitoring_cpu-utilization.csv:0/0/CPU0:18618:sleep:total-cpu-fifteen-minute","type":"constant","value":3},{"column":"n1:Cisco-IOS-XR-wdsysmon-fd-oper:system-monitoring_cpu-utilization.csv:0/0/CPU0:18618:sleep:total-cpu-five-minute","type":"constant","value":3},{"column":"n1:Cisco-IOS-XR-wdsysmon-fd-oper:system-monitoring_cpu-utilization.csv:0/0/CPU0:18618:sleep:total-cpu-one-minute","type":"constant","value":3},{"column":"n1:Cisco-IOS-XR-wdsysmon-fd-oper:system-monitoring_cpu-utilization.csv:0/0/CPU0:18629:sleep:Producer","type":"constant","value":"leaf7"},{"column":"n1:Cisco-IOS-XR-wdsysmon-fd-oper:system-monitoring_cpu-utilization.csv:0/0/CPU0:18629:sleep:Target","type":"constant","value":"testsub"},{"column":"n1:Cisco-IOS-XR-wdsysmon-fd-oper:system-monitoring_cpu-utilization.csv:0/0/CPU0:18629:sleep:host","type":"constant","value":"obt-collector1"},{"column":"n1:Cisco-IOS-XR-wdsysmon-fd-oper:system-monitoring_cpu-utilization.csv:0/0/CPU0:18629:sleep:process-cpu/process-cpu-fifteen-minute","type":"constant","value":0},{"column":"n1:Cisco-IOS-XR-wdsysmon-fd-oper:system-monitoring_cpu-utilization.csv:0/0/CPU0:18629:sleep:process-cpu/process-cpu-five-minute","type":"constant","value":0},{"column":"n1:Cisco-IOS-XR-wdsysmon-fd-oper:system-monitoring_cpu-utilization.csv:0/0/CPU0:18629:sleep:process-cpu/process-cpu-one-minute","type":"constant","value":0},{"column":"n1:Cisco-IOS-XR-wdsysmon-fd-oper:system-monitoring_cpu-utilization.csv:0/0/CPU0:18629:sleep:total-cpu-fifteen-minute","type":"constant","value":3},{"column":"n1:Cisco-IOS-XR-wdsysmon-fd-oper:system-monitoring_cpu-utilization.csv:0/0/CPU0:18629:sleep:total-cpu-five-minute","type":"constant","value":3},{"column":"n1:Cisco-IOS-XR-wdsysmon-fd-oper:system-monitoring_cpu-utilization.csv:0/0/CPU0:18629:sleep:total-cpu-one-minute","type":"constant","value":3},{"column":"n1:Cisco-IOS-XR-wdsysmon-fd-oper:system-monitoring_cpu-utilization.csv:0/0/CPU0:18637:sleep:Producer","type":"constant","value":"leaf7"},{"column":"n1:Cisco-IOS-XR-wdsysmon-fd-oper:system-monitoring_cpu-utilization.csv:0/0/CPU0:18637:sleep:Target","type":"constant","value":"testsub"},{"column":"n1:Cisco-IOS-XR-wdsysmon-fd-oper:system-monitoring_cpu-utilization.csv:0/0/CPU0:18637:sleep:host","type":"constant","value":"obt-collector1"},{"column":"n1:Cisco-IOS-XR-wdsysmon-fd-oper:system-monitoring_cpu-utilization.csv:0/0/CPU0:18637:sleep:process-cpu/process-cpu-fifteen-minute","type":"constant","value":0},{"column":"n1:Cisco-IOS-XR-wdsysmon-fd-oper:system-monitoring_cpu-utilization.csv:0/0/CPU0:18637:sleep:process-cpu/process-cpu-five-minute","type":"constant","value":0},{"column":"n1:Cisco-IOS-XR-wdsysmon-fd-oper:system-monitoring_cpu-utilization.csv:0/0/CPU0:18637:sleep:process-cpu/process-cpu-one-minute","type":"constant","value":0},{"column":"n1:Cisco-IOS-XR-wdsysmon-fd-oper:system-monitoring_cpu-utilization.csv:0/0/CPU0:18637:sleep:total-cpu-fifteen-minute","type":"constant","value":3},{"column":"n1:Cisco-IOS-XR-wdsysmon-fd-oper:system-monitoring_cpu-utilization.csv:0/0/CPU0:18637:sleep:total-cpu-five-minute","type":"constant","value":3},{"column":"n1:Cisco-IOS-XR-wdsysmon-fd-oper:system-monitoring_cpu-utilization.csv:0/0/CPU0:18637:sleep:total-cpu-one-minute","type":"constant","value":3},{"column":"n1:Cisco-IOS-XR-wdsysmon-fd-oper:system-monitoring_cpu-utilization.csv:0/0/CPU0:18645:sleep:Producer","type":"constant","value":"leaf7"},{"column":"n1:Cisco-IOS-XR-wdsysmon-fd-oper:system-monitoring_cpu-utilization.csv:0/0/CPU0:18645:sleep:Target","type":"constant","value":"testsub"},{"column":"n1:Cisco-IOS-XR-wdsysmon-fd-oper:system-monitoring_cpu-utilization.csv:0/0/CPU0:18645:sleep:host","type":"constant","value":"obt-collector1"},{"column":"n1:Cisco-IOS-XR-wdsysmon-fd-oper:system-monitoring_cpu-utilization.csv:0/0/CPU0:18645:sleep:process-cpu/process-cpu-fifteen-minute","type":"constant","value":0},{"column":"n1:Cisco-IOS-XR-wdsysmon-fd-oper:system-monitoring_cpu-utilization.csv:0/0/CPU0:18645:sleep:process-cpu/process-cpu-five-minute","type":"constant","value":0},{"column":"n1:Cisco-IOS-XR-wdsysmon-fd-oper:system-monitoring_cpu-utilization.csv:0/0/CPU0:18645:sleep:process-cpu/process-cpu-one-minute","type":"constant","value":0},{"column":"n1:Cisco-IOS-XR-wdsysmon-fd-oper:system-monitoring_cpu-utilization.csv:0/0/CPU0:18645:sleep:total-cpu-fifteen-minute","type":"constant","value":3},{"column":"n1:Cisco-IOS-XR-wdsysmon-fd-oper:system-monitoring_cpu-utilization.csv:0/0/CPU0:18645:sleep:total-cpu-five-minute","type":"constant","value":3},{"column":"n1:Cisco-IOS-XR-wdsysmon-fd-oper:system-monitoring_cpu-utilization.csv:0/0/CPU0:18645:sleep:total-cpu-one-minute","type":"constant","value":3},{"column":"n1:Cisco-IOS-XR-wdsysmon-fd-oper:system-monitoring_cpu-utilization.csv:0/0/CPU0:18652:sleep:Producer","type":"constant","value":"leaf7"},{"column":"n1:Cisco-IOS-XR-wdsysmon-fd-oper:system-monitoring_cpu-utilization.csv:0/0/CPU0:18652:sleep:Target","type":"constant","value":"testsub"},{"column":"n1:Cisco-IOS-XR-wdsysmon-fd-oper:system-monitoring_cpu-utilization.csv:0/0/CPU0:18652:sleep:host","type":"constant","value":"obt-collector1"},{"column":"n1:Cisco-IOS-XR-wdsysmon-fd-oper:system-monitoring_cpu-utilization.csv:0/0/CPU0:18652:sleep:process-cpu/process-cpu-fifteen-minute","type":"constant","value":0},{"column":"n1:Cisco-IOS-XR-wdsysmon-fd-oper:system-monitoring_cpu-utilization.csv:0/0/CPU0:18652:sleep:process-cpu/process-cpu-five-minute","type":"constant","value":0},{"column":"n1:Cisco-IOS-XR-wdsysmon-fd-oper:system-monitoring_cpu-utilization.csv:0/0/CPU0:18652:sleep:process-cpu/process-cpu-one-minute","type":"constant","value":0},{"column":"n1:Cisco-IOS-XR-wdsysmon-fd-oper:system-monitoring_cpu-utilization.csv:0/0/CPU0:18652:sleep:total-cpu-fifteen-minute","type":"constant","value":3},{"column":"n1:Cisco-IOS-XR-wdsysmon-fd-oper:system-monitoring_cpu-utilization.csv:0/0/CPU0:18652:sleep:total-cpu-five-minute","type":"constant","value":3},{"column":"n1:Cisco-IOS-XR-wdsysmon-fd-oper:system-monitoring_cpu-utilization.csv:0/0/CPU0:18652:sleep:total-cpu-one-minute","type":"constant","value":3},{"column":"n1:Cisco-IOS-XR-wdsysmon-fd-oper:system-monitoring_cpu-utilization.csv:0/0/CPU0:18675:sleep:Producer","type":"constant","value":"leaf7"},{"column":"n1:Cisco-IOS-XR-wdsysmon-fd-oper:system-monitoring_cpu-utilization.csv:0/0/CPU0:18675:sleep:Target","type":"constant","value":"testsub"},{"column":"n1:Cisco-IOS-XR-wdsysmon-fd-oper:system-monitoring_cpu-utilization.csv:0/0/CPU0:18675:sleep:host","type":"constant","value":"obt-collector1"},{"column":"n1:Cisco-IOS-XR-wdsysmon-fd-oper:system-monitoring_cpu-utilization.csv:0/0/CPU0:18675:sleep:process-cpu/process-cpu-fifteen-minute","type":"constant","value":0},{"column":"n1:Cisco-IOS-XR-wdsysmon-fd-oper:system-monitoring_cpu-utilization.csv:0/0/CPU0:18675:sleep:process-cpu/process-cpu-five-minute","type":"constant","value":0},{"column":"n1:Cisco-IOS-XR-wdsysmon-fd-oper:system-monitoring_cpu-utilization.csv:0/0/CPU0:18675:sleep:process-cpu/process-cpu-one-minute","type":"constant","value":0},{"column":"n1:Cisco-IOS-XR-wdsysmon-fd-oper:system-monitoring_cpu-utilization.csv:0/0/CPU0:18675:sleep:total-cpu-fifteen-minute","type":"constant","value":3},{"column":"n1:Cisco-IOS-XR-wdsysmon-fd-oper:system-monitoring_cpu-utilization.csv:0/0/CPU0:18675:sleep:total-cpu-five-minute","type":"constant","value":3},{"column":"n1:Cisco-IOS-XR-wdsysmon-fd-oper:system-monitoring_cpu-utilization.csv:0/0/CPU0:18675:sleep:total-cpu-one-minute","type":"constant","value":3}],"prefix_map":{"n0":"S-200206_1309_blackhole-1/yang_models/leaf7/Cisco-IOS-XR-nto-misc-oper:memory-summary_nodes_node_summary.csv","n1":"S-200206_1309_blackhole-1/yang_models/leaf7/Cisco-IOS-XR-wdsysmon-fd-oper:system-monitoring_cpu-utilization.csv"}}
