,Producer,Target,brief/name,brief/name-xr,brief/node-id,brief/session-count,client-name,flags/is-recreate-state,flags/is-zombie-state,host,recreate-time

2020-02-02 19:44:42.868000+00:00,dr02,sg1,,L2VPN_ATOM,0/RP0/CPU0,0,L2VPN_ATOMnode0_RP0_CPU0,0,0,obt-collector1,120

2020-02-02 19:44:42.868000+00:00,dr02,sg1,,XTC,0/RP0/CPU0,0,XTCnode0_RP0_CPU0,0,0,obt-collector1,180

2020-02-02 19:44:42.868000+00:00,dr02,sg1,,MPLS-TE,0/RP0/CPU0,0,MPLS-TEnode0_RP0_CPU0,0,0,obt-collector1,180

2020-02-02 19:44:42.869000+00:00,dr02,sg1,,pim,0/RP0/CPU0,0,pimnode0_RP0_CPU0,0,0,obt-collector1,199

2020-02-02 19:44:42.869000+00:00,dr02,sg1,,isis-SAIN,0/RP0/CPU0,0,isis-SAINnode0_RP0_CPU0,0,0,obt-collector1,60

2020-02-02 19:44:42.869000+00:00,dr02,sg1,,pim6,0/RP0/CPU0,0,pim6node0_RP0_CPU0,0,0,obt-collector1,199

2020-02-02 19:44:42.869000+00:00,dr02,sg1,,bgp-default,0/RP0/CPU0,36,bgp-defaultnode0_RP0_CPU0,0,0,obt-collector1,60

2020-02-02 19:44:42.869000+00:00,dr02,sg1,,bundlemgr_distrib,0/RP0/CPU0,0,bundlemgr_distribnode0_RP0_CPU0,0,0,obt-collector1,60

2020-02-02 19:44:42.869000+00:00,dr02,sg1,,object_tracking,0/RP0/CPU0,0,object_trackingnode0_RP0_CPU0,0,0,obt-collector1,199

2020-02-02 19:44:42.869000+00:00,dr02,sg1,,ipv4_static,0/RP0/CPU0,0,ipv4_staticnode0_RP0_CPU0,0,0,obt-collector1,60

2020-02-02 19:45:04.515000+00:00,dr02,sg1,,XTC,0/RP0/CPU0,0,XTCnode0_RP0_CPU0,0,0,obt-collector1,180

2020-02-02 19:45:04.515000+00:00,dr02,sg1,,MPLS-TE,0/RP0/CPU0,0,MPLS-TEnode0_RP0_CPU0,0,0,obt-collector1,180

2020-02-02 19:45:04.515000+00:00,dr02,sg1,,bgp-default,0/RP0/CPU0,36,bgp-defaultnode0_RP0_CPU0,0,0,obt-collector1,60

2020-02-02 19:45:04.515000+00:00,dr02,sg1,,bundlemgr_distrib,0/RP0/CPU0,0,bundlemgr_distribnode0_RP0_CPU0,0,0,obt-collector1,60

2020-02-02 19:45:04.515000+00:00,dr02,sg1,,L2VPN_ATOM,0/RP0/CPU0,0,L2VPN_ATOMnode0_RP0_CPU0,0,0,obt-collector1,120

2020-02-02 19:45:04.516000+00:00,dr02,sg1,,object_tracking,0/RP0/CPU0,0,object_trackingnode0_RP0_CPU0,0,0,obt-collector1,199

2020-02-02 19:45:04.516000+00:00,dr02,sg1,,pim,0/RP0/CPU0,0,pimnode0_RP0_CPU0,0,0,obt-collector1,199

2020-02-02 19:45:04.516000+00:00,dr02,sg1,,pim6,0/RP0/CPU0,0,pim6node0_RP0_CPU0,0,0,obt-collector1,199

2020-02-02 19:45:04.516000+00:00,dr02,sg1,,ipv4_static,0/RP0/CPU0,0,ipv4_staticnode0_RP0_CPU0,0,0,obt-collector1,60

2020-02-02 19:45:04.516000+00:00,dr02,sg1,,isis-SAIN,0/RP0/CPU0,0,isis-SAINnode0_RP0_CPU0,0,0,obt-collector1,60

2020-02-02 19:45:27.503000+00:00,dr02,sg1,,L2VPN_ATOM,0/RP0/CPU0,0,L2VPN_ATOMnode0_RP0_CPU0,0,0,obt-collector1,120

2020-02-02 19:45:27.503000+00:00,dr02,sg1,,isis-SAIN,0/RP0/CPU0,0,isis-SAINnode0_RP0_CPU0,0,0,obt-collector1,60

2020-02-02 19:45:27.503000+00:00,dr02,sg1,,XTC,0/RP0/CPU0,0,XTCnode0_RP0_CPU0,0,0,obt-collector1,180

2020-02-02 19:45:27.503000+00:00,dr02,sg1,,bundlemgr_distrib,0/RP0/CPU0,0,bundlemgr_distribnode0_RP0_CPU0,0,0,obt-collector1,60

2020-02-02 19:45:27.503000+00:00,dr02,sg1,,ipv4_static,0/RP0/CPU0,0,ipv4_staticnode0_RP0_CPU0,0,0,obt-collector1,60

2020-02-02 19:45:27.503000+00:00,dr02,sg1,,MPLS-TE,0/RP0/CPU0,0,MPLS-TEnode0_RP0_CPU0,0,0,obt-collector1,180

2020-02-02 19:45:27.503000+00:00,dr02,sg1,,bgp-default,0/RP0/CPU0,36,bgp-defaultnode0_RP0_CPU0,0,0,obt-collector1,60

2020-02-02 19:45:27.504000+00:00,dr02,sg1,,pim,0/RP0/CPU0,0,pimnode0_RP0_CPU0,0,0,obt-collector1,199

2020-02-02 19:45:27.504000+00:00,dr02,sg1,,object_tracking,0/RP0/CPU0,0,object_trackingnode0_RP0_CPU0,0,0,obt-collector1,199

2020-02-02 19:45:27.504000+00:00,dr02,sg1,,pim6,0/RP0/CPU0,0,pim6node0_RP0_CPU0,0,0,obt-collector1,199

2020-02-02 19:45:49.244000+00:00,dr02,sg1,,object_tracking,0/RP0/CPU0,0,object_trackingnode0_RP0_CPU0,0,0,obt-collector1,199

2020-02-02 19:45:49.244000+00:00,dr02,sg1,,pim6,0/RP0/CPU0,0,pim6node0_RP0_CPU0,0,0,obt-collector1,199

2020-02-02 19:45:49.244000+00:00,dr02,sg1,,bgp-default,0/RP0/CPU0,36,bgp-defaultnode0_RP0_CPU0,0,0,obt-collector1,60

2020-02-02 19:45:49.244000+00:00,dr02,sg1,,MPLS-TE,0/RP0/CPU0,0,MPLS-TEnode0_RP0_CPU0,0,0,obt-collector1,180

2020-02-02 19:45:49.244000+00:00,dr02,sg1,,L2VPN_ATOM,0/RP0/CPU0,0,L2VPN_ATOMnode0_RP0_CPU0,0,0,obt-collector1,120

2020-02-02 19:45:49.244000+00:00,dr02,sg1,,XTC,0/RP0/CPU0,0,XTCnode0_RP0_CPU0,0,0,obt-collector1,180

2020-02-02 19:45:49.244000+00:00,dr02,sg1,,isis-SAIN,0/RP0/CPU0,0,isis-SAINnode0_RP0_CPU0,0,0,obt-collector1,60

2020-02-02 19:45:49.244000+00:00,dr02,sg1,,ipv4_static,0/RP0/CPU0,0,ipv4_staticnode0_RP0_CPU0,0,0,obt-collector1,60

2020-02-02 19:45:49.244000+00:00,dr02,sg1,,bundlemgr_distrib,0/RP0/CPU0,0,bundlemgr_distribnode0_RP0_CPU0,0,0,obt-collector1,60

2020-02-02 19:45:49.245000+00:00,dr02,sg1,,pim,0/RP0/CPU0,0,pimnode0_RP0_CPU0,0,0,obt-collector1,199

2020-02-02 19:46:10.892000+00:00,dr02,sg1,,bundlemgr_distrib,0/RP0/CPU0,0,bundlemgr_distribnode0_RP0_CPU0,0,0,obt-collector1,60

2020-02-02 19:46:10.892000+00:00,dr02,sg1,,L2VPN_ATOM,0/RP0/CPU0,0,L2VPN_ATOMnode0_RP0_CPU0,0,0,obt-collector1,120

2020-02-02 19:46:10.892000+00:00,dr02,sg1,,bgp-default,0/RP0/CPU0,36,bgp-defaultnode0_RP0_CPU0,0,0,obt-collector1,60

2020-02-02 19:46:10.892000+00:00,dr02,sg1,,MPLS-TE,0/RP0/CPU0,0,MPLS-TEnode0_RP0_CPU0,0,0,obt-collector1,180

2020-02-02 19:46:10.892000+00:00,dr02,sg1,,ipv4_static,0/RP0/CPU0,0,ipv4_staticnode0_RP0_CPU0,0,0,obt-collector1,60

2020-02-02 19:46:10.892000+00:00,dr02,sg1,,isis-SAIN,0/RP0/CPU0,0,isis-SAINnode0_RP0_CPU0,0,0,obt-collector1,60

2020-02-02 19:46:10.892000+00:00,dr02,sg1,,XTC,0/RP0/CPU0,0,XTCnode0_RP0_CPU0,0,0,obt-collector1,180

2020-02-02 19:46:10.893000+00:00,dr02,sg1,,pim,0/RP0/CPU0,0,pimnode0_RP0_CPU0,0,0,obt-collector1,199

2020-02-02 19:46:10.893000+00:00,dr02,sg1,,object_tracking,0/RP0/CPU0,0,object_trackingnode0_RP0_CPU0,0,0,obt-collector1,199

2020-02-02 19:46:10.893000+00:00,dr02,sg1,,pim6,0/RP0/CPU0,0,pim6node0_RP0_CPU0,0,0,obt-collector1,199

2020-02-02 19:46:32.929000+00:00,dr02,sg1,,XTC,0/RP0/CPU0,0,XTCnode0_RP0_CPU0,0,0,obt-collector1,180

2020-02-02 19:46:32.929000+00:00,dr02,sg1,,L2VPN_ATOM,0/RP0/CPU0,0,L2VPN_ATOMnode0_RP0_CPU0,0,0,obt-collector1,120

2020-02-02 19:46:32.929000+00:00,dr02,sg1,,bgp-default,0/RP0/CPU0,36,bgp-defaultnode0_RP0_CPU0,0,0,obt-collector1,60

2020-02-02 19:46:32.929000+00:00,dr02,sg1,,MPLS-TE,0/RP0/CPU0,0,MPLS-TEnode0_RP0_CPU0,0,0,obt-collector1,180

2020-02-02 19:46:32.930000+00:00,dr02,sg1,,pim6,0/RP0/CPU0,0,pim6node0_RP0_CPU0,0,0,obt-collector1,199

2020-02-02 19:46:32.930000+00:00,dr02,sg1,,pim,0/RP0/CPU0,0,pimnode0_RP0_CPU0,0,0,obt-collector1,199

2020-02-02 19:46:32.930000+00:00,dr02,sg1,,bundlemgr_distrib,0/RP0/CPU0,0,bundlemgr_distribnode0_RP0_CPU0,0,0,obt-collector1,60

2020-02-02 19:46:32.930000+00:00,dr02,sg1,,isis-SAIN,0/RP0/CPU0,0,isis-SAINnode0_RP0_CPU0,0,0,obt-collector1,60

2020-02-02 19:46:32.930000+00:00,dr02,sg1,,object_tracking,0/RP0/CPU0,0,object_trackingnode0_RP0_CPU0,0,0,obt-collector1,199

2020-02-02 19:46:32.930000+00:00,dr02,sg1,,ipv4_static,0/RP0/CPU0,0,ipv4_staticnode0_RP0_CPU0,0,0,obt-collector1,60

2020-02-02 19:46:54.710000+00:00,dr02,sg1,,bgp-default,0/RP0/CPU0,36,bgp-defaultnode0_RP0_CPU0,0,0,obt-collector1,60

2020-02-02 19:46:54.710000+00:00,dr02,sg1,,MPLS-TE,0/RP0/CPU0,0,MPLS-TEnode0_RP0_CPU0,0,0,obt-collector1,180

2020-02-02 19:46:54.710000+00:00,dr02,sg1,,bundlemgr_distrib,0/RP0/CPU0,0,bundlemgr_distribnode0_RP0_CPU0,0,0,obt-collector1,60

2020-02-02 19:46:54.710000+00:00,dr02,sg1,,L2VPN_ATOM,0/RP0/CPU0,0,L2VPN_ATOMnode0_RP0_CPU0,0,0,obt-collector1,120

2020-02-02 19:46:54.710000+00:00,dr02,sg1,,XTC,0/RP0/CPU0,0,XTCnode0_RP0_CPU0,0,0,obt-collector1,180

2020-02-02 19:46:54.711000+00:00,dr02,sg1,,object_tracking,0/RP0/CPU0,0,object_trackingnode0_RP0_CPU0,0,0,obt-collector1,199

2020-02-02 19:46:54.711000+00:00,dr02,sg1,,pim6,0/RP0/CPU0,0,pim6node0_RP0_CPU0,0,0,obt-collector1,199

2020-02-02 19:46:54.711000+00:00,dr02,sg1,,pim,0/RP0/CPU0,0,pimnode0_RP0_CPU0,0,0,obt-collector1,199

2020-02-02 19:46:54.711000+00:00,dr02,sg1,,ipv4_static,0/RP0/CPU0,0,ipv4_staticnode0_RP0_CPU0,0,0,obt-collector1,60

2020-02-02 19:46:54.711000+00:00,dr02,sg1,,isis-SAIN,0/RP0/CPU0,0,isis-SAINnode0_RP0_CPU0,0,0,obt-collector1,60

2020-02-02 19:47:16.391000+00:00,dr02,sg1,,L2VPN_ATOM,0/RP0/CPU0,0,L2VPN_ATOMnode0_RP0_CPU0,0,0,obt-collector1,120

2020-02-02 19:47:16.392000+00:00,dr02,sg1,,isis-SAIN,0/RP0/CPU0,0,isis-SAINnode0_RP0_CPU0,0,0,obt-collector1,60

2020-02-02 19:47:16.392000+00:00,dr02,sg1,,ipv4_static,0/RP0/CPU0,0,ipv4_staticnode0_RP0_CPU0,0,0,obt-collector1,60

2020-02-02 19:47:16.392000+00:00,dr02,sg1,,pim6,0/RP0/CPU0,0,pim6node0_RP0_CPU0,0,0,obt-collector1,199

2020-02-02 19:47:16.392000+00:00,dr02,sg1,,bgp-default,0/RP0/CPU0,36,bgp-defaultnode0_RP0_CPU0,0,0,obt-collector1,60

2020-02-02 19:47:16.392000+00:00,dr02,sg1,,XTC,0/RP0/CPU0,0,XTCnode0_RP0_CPU0,0,0,obt-collector1,180

2020-02-02 19:47:16.392000+00:00,dr02,sg1,,object_tracking,0/RP0/CPU0,0,object_trackingnode0_RP0_CPU0,0,0,obt-collector1,199

2020-02-02 19:47:16.392000+00:00,dr02,sg1,,pim,0/RP0/CPU0,0,pimnode0_RP0_CPU0,0,0,obt-collector1,199

2020-02-02 19:47:16.392000+00:00,dr02,sg1,,bundlemgr_distrib,0/RP0/CPU0,0,bundlemgr_distribnode0_RP0_CPU0,0,0,obt-collector1,60

2020-02-02 19:47:16.392000+00:00,dr02,sg1,,MPLS-TE,0/RP0/CPU0,0,MPLS-TEnode0_RP0_CPU0,0,0,obt-collector1,180

2020-02-02 19:47:38.096000+00:00,dr02,sg1,,bundlemgr_distrib,0/RP0/CPU0,0,bundlemgr_distribnode0_RP0_CPU0,0,0,obt-collector1,60

2020-02-02 19:47:38.096000+00:00,dr02,sg1,,MPLS-TE,0/RP0/CPU0,0,MPLS-TEnode0_RP0_CPU0,0,0,obt-collector1,180

2020-02-02 19:47:38.096000+00:00,dr02,sg1,,ipv4_static,0/RP0/CPU0,0,ipv4_staticnode0_RP0_CPU0,0,0,obt-collector1,60

2020-02-02 19:47:38.096000+00:00,dr02,sg1,,L2VPN_ATOM,0/RP0/CPU0,0,L2VPN_ATOMnode0_RP0_CPU0,0,0,obt-collector1,120

2020-02-02 19:47:38.096000+00:00,dr02,sg1,,bgp-default,0/RP0/CPU0,36,bgp-defaultnode0_RP0_CPU0,0,0,obt-collector1,60

2020-02-02 19:47:38.096000+00:00,dr02,sg1,,XTC,0/RP0/CPU0,0,XTCnode0_RP0_CPU0,0,0,obt-collector1,180

2020-02-02 19:47:38.097000+00:00,dr02,sg1,,pim6,0/RP0/CPU0,0,pim6node0_RP0_CPU0,0,0,obt-collector1,199

2020-02-02 19:47:38.097000+00:00,dr02,sg1,,isis-SAIN,0/RP0/CPU0,0,isis-SAINnode0_RP0_CPU0,0,0,obt-collector1,60

2020-02-02 19:47:38.097000+00:00,dr02,sg1,,pim,0/RP0/CPU0,0,pimnode0_RP0_CPU0,0,0,obt-collector1,199

2020-02-02 19:47:38.097000+00:00,dr02,sg1,,object_tracking,0/RP0/CPU0,0,object_trackingnode0_RP0_CPU0,0,0,obt-collector1,199

2020-02-02 19:47:59.749000+00:00,dr02,sg1,,XTC,0/RP0/CPU0,0,XTCnode0_RP0_CPU0,0,0,obt-collector1,180

2020-02-02 19:47:59.749000+00:00,dr02,sg1,,bgp-default,0/RP0/CPU0,36,bgp-defaultnode0_RP0_CPU0,0,0,obt-collector1,60

2020-02-02 19:47:59.749000+00:00,dr02,sg1,,bundlemgr_distrib,0/RP0/CPU0,0,bundlemgr_distribnode0_RP0_CPU0,0,0,obt-collector1,60

2020-02-02 19:47:59.749000+00:00,dr02,sg1,,MPLS-TE,0/RP0/CPU0,0,MPLS-TEnode0_RP0_CPU0,0,0,obt-collector1,180

2020-02-02 19:47:59.749000+00:00,dr02,sg1,,L2VPN_ATOM,0/RP0/CPU0,0,L2VPN_ATOMnode0_RP0_CPU0,0,0,obt-collector1,120

2020-02-02 19:47:59.750000+00:00,dr02,sg1,,object_tracking,0/RP0/CPU0,0,object_trackingnode0_RP0_CPU0,0,0,obt-collector1,199

2020-02-02 19:47:59.750000+00:00,dr02,sg1,,pim,0/RP0/CPU0,0,pimnode0_RP0_CPU0,0,0,obt-collector1,199

2020-02-02 19:47:59.750000+00:00,dr02,sg1,,ipv4_static,0/RP0/CPU0,0,ipv4_staticnode0_RP0_CPU0,0,0,obt-collector1,60

2020-02-02 19:47:59.750000+00:00,dr02,sg1,,isis-SAIN,0/RP0/CPU0,0,isis-SAINnode0_RP0_CPU0,0,0,obt-collector1,60

2020-02-02 19:47:59.750000+00:00,dr02,sg1,,pim6,0/RP0/CPU0,0,pim6node0_RP0_CPU0,0,0,obt-collector1,199

2020-02-02 19:48:21.445000+00:00,dr02,sg1,,L2VPN_ATOM,0/RP0/CPU0,0,L2VPN_ATOMnode0_RP0_CPU0,0,0,obt-collector1,120

2020-02-02 19:48:21.445000+00:00,dr02,sg1,,MPLS-TE,0/RP0/CPU0,0,MPLS-TEnode0_RP0_CPU0,0,0,obt-collector1,180

2020-02-02 19:48:21.446000+00:00,dr02,sg1,,pim6,0/RP0/CPU0,0,pim6node0_RP0_CPU0,0,0,obt-collector1,199

2020-02-02 19:48:21.446000+00:00,dr02,sg1,,object_tracking,0/RP0/CPU0,0,object_trackingnode0_RP0_CPU0,0,0,obt-collector1,199

2020-02-02 19:48:21.446000+00:00,dr02,sg1,,bgp-default,0/RP0/CPU0,36,bgp-defaultnode0_RP0_CPU0,0,0,obt-collector1,60

2020-02-02 19:48:21.446000+00:00,dr02,sg1,,XTC,0/RP0/CPU0,0,XTCnode0_RP0_CPU0,0,0,obt-collector1,180

2020-02-02 19:48:21.446000+00:00,dr02,sg1,,isis-SAIN,0/RP0/CPU0,0,isis-SAINnode0_RP0_CPU0,0,0,obt-collector1,60

2020-02-02 19:48:21.446000+00:00,dr02,sg1,,ipv4_static,0/RP0/CPU0,0,ipv4_staticnode0_RP0_CPU0,0,0,obt-collector1,60

2020-02-02 19:48:21.446000+00:00,dr02,sg1,,bundlemgr_distrib,0/RP0/CPU0,0,bundlemgr_distribnode0_RP0_CPU0,0,0,obt-collector1,60

2020-02-02 19:48:21.446000+00:00,dr02,sg1,,pim,0/RP0/CPU0,0,pimnode0_RP0_CPU0,0,0,obt-collector1,199

2020-02-02 19:48:43.086000+00:00,dr02,sg1,,L2VPN_ATOM,0/RP0/CPU0,0,L2VPN_ATOMnode0_RP0_CPU0,0,0,obt-collector1,120

2020-02-02 19:48:43.086000+00:00,dr02,sg1,,MPLS-TE,0/RP0/CPU0,0,MPLS-TEnode0_RP0_CPU0,0,0,obt-collector1,180

2020-02-02 19:48:43.086000+00:00,dr02,sg1,,XTC,0/RP0/CPU0,0,XTCnode0_RP0_CPU0,0,0,obt-collector1,180

2020-02-02 19:48:43.087000+00:00,dr02,sg1,,bundlemgr_distrib,0/RP0/CPU0,0,bundlemgr_distribnode0_RP0_CPU0,0,0,obt-collector1,60

2020-02-02 19:48:43.087000+00:00,dr02,sg1,,pim6,0/RP0/CPU0,0,pim6node0_RP0_CPU0,0,0,obt-collector1,199

2020-02-02 19:48:43.087000+00:00,dr02,sg1,,bgp-default,0/RP0/CPU0,36,bgp-defaultnode0_RP0_CPU0,0,0,obt-collector1,60

2020-02-02 19:48:43.087000+00:00,dr02,sg1,,pim,0/RP0/CPU0,0,pimnode0_RP0_CPU0,0,0,obt-collector1,199

2020-02-02 19:48:43.087000+00:00,dr02,sg1,,ipv4_static,0/RP0/CPU0,0,ipv4_staticnode0_RP0_CPU0,0,0,obt-collector1,60

2020-02-02 19:48:43.087000+00:00,dr02,sg1,,object_tracking,0/RP0/CPU0,0,object_trackingnode0_RP0_CPU0,0,0,obt-collector1,199

2020-02-02 19:48:43.087000+00:00,dr02,sg1,,isis-SAIN,0/RP0/CPU0,0,isis-SAINnode0_RP0_CPU0,0,0,obt-collector1,60

2020-02-02 19:49:04.734000+00:00,dr02,sg1,,L2VPN_ATOM,0/RP0/CPU0,0,L2VPN_ATOMnode0_RP0_CPU0,0,0,obt-collector1,120

2020-02-02 19:49:04.734000+00:00,dr02,sg1,,MPLS-TE,0/RP0/CPU0,0,MPLS-TEnode0_RP0_CPU0,0,0,obt-collector1,180

2020-02-02 19:49:04.735000+00:00,dr02,sg1,,isis-SAIN,0/RP0/CPU0,0,isis-SAINnode0_RP0_CPU0,0,0,obt-collector1,60

2020-02-02 19:49:04.735000+00:00,dr02,sg1,,object_tracking,0/RP0/CPU0,0,object_trackingnode0_RP0_CPU0,0,0,obt-collector1,199

2020-02-02 19:49:04.735000+00:00,dr02,sg1,,XTC,0/RP0/CPU0,0,XTCnode0_RP0_CPU0,0,0,obt-collector1,180

2020-02-02 19:49:04.735000+00:00,dr02,sg1,,pim6,0/RP0/CPU0,0,pim6node0_RP0_CPU0,0,0,obt-collector1,199

2020-02-02 19:49:04.735000+00:00,dr02,sg1,,bundlemgr_distrib,0/RP0/CPU0,0,bundlemgr_distribnode0_RP0_CPU0,0,0,obt-collector1,60

2020-02-02 19:49:04.735000+00:00,dr02,sg1,,ipv4_static,0/RP0/CPU0,0,ipv4_staticnode0_RP0_CPU0,0,0,obt-collector1,60

2020-02-02 19:49:04.735000+00:00,dr02,sg1,,bgp-default,0/RP0/CPU0,36,bgp-defaultnode0_RP0_CPU0,0,0,obt-collector1,60

2020-02-02 19:49:04.735000+00:00,dr02,sg1,,pim,0/RP0/CPU0,0,pimnode0_RP0_CPU0,0,0,obt-collector1,199

2020-02-02 19:49:26.519000+00:00,dr02,sg1,,L2VPN_ATOM,0/RP0/CPU0,0,L2VPN_ATOMnode0_RP0_CPU0,0,0,obt-collector1,120

2020-02-02 19:49:26.520000+00:00,dr02,sg1,,pim,0/RP0/CPU0,0,pimnode0_RP0_CPU0,0,0,obt-collector1,199

2020-02-02 19:49:26.520000+00:00,dr02,sg1,,bgp-default,0/RP0/CPU0,36,bgp-defaultnode0_RP0_CPU0,0,0,obt-collector1,60

2020-02-02 19:49:26.520000+00:00,dr02,sg1,,XTC,0/RP0/CPU0,0,XTCnode0_RP0_CPU0,0,0,obt-collector1,180

2020-02-02 19:49:26.520000+00:00,dr02,sg1,,isis-SAIN,0/RP0/CPU0,0,isis-SAINnode0_RP0_CPU0,0,0,obt-collector1,60

2020-02-02 19:49:26.520000+00:00,dr02,sg1,,MPLS-TE,0/RP0/CPU0,0,MPLS-TEnode0_RP0_CPU0,0,0,obt-collector1,180

2020-02-02 19:49:26.520000+00:00,dr02,sg1,,object_tracking,0/RP0/CPU0,0,object_trackingnode0_RP0_CPU0,0,0,obt-collector1,199

2020-02-02 19:49:26.520000+00:00,dr02,sg1,,ipv4_static,0/RP0/CPU0,0,ipv4_staticnode0_RP0_CPU0,0,0,obt-collector1,60

2020-02-02 19:49:26.520000+00:00,dr02,sg1,,pim6,0/RP0/CPU0,0,pim6node0_RP0_CPU0,0,0,obt-collector1,199

2020-02-02 19:49:26.520000+00:00,dr02,sg1,,bundlemgr_distrib,0/RP0/CPU0,0,bundlemgr_distribnode0_RP0_CPU0,0,0,obt-collector1,60

2020-02-02 19:49:48.144000+00:00,dr02,sg1,,isis-SAIN,0/RP0/CPU0,0,isis-SAINnode0_RP0_CPU0,0,0,obt-collector1,60

2020-02-02 19:49:48.144000+00:00,dr02,sg1,,bundlemgr_distrib,0/RP0/CPU0,0,bundlemgr_distribnode0_RP0_CPU0,0,0,obt-collector1,60

2020-02-02 19:49:48.144000+00:00,dr02,sg1,,bgp-default,0/RP0/CPU0,36,bgp-defaultnode0_RP0_CPU0,0,0,obt-collector1,60

2020-02-02 19:49:48.144000+00:00,dr02,sg1,,L2VPN_ATOM,0/RP0/CPU0,0,L2VPN_ATOMnode0_RP0_CPU0,0,0,obt-collector1,120

2020-02-02 19:49:48.144000+00:00,dr02,sg1,,XTC,0/RP0/CPU0,0,XTCnode0_RP0_CPU0,0,0,obt-collector1,180

2020-02-02 19:49:48.144000+00:00,dr02,sg1,,ipv4_static,0/RP0/CPU0,0,ipv4_staticnode0_RP0_CPU0,0,0,obt-collector1,60

2020-02-02 19:49:48.144000+00:00,dr02,sg1,,MPLS-TE,0/RP0/CPU0,0,MPLS-TEnode0_RP0_CPU0,0,0,obt-collector1,180

2020-02-02 19:49:48.144000+00:00,dr02,sg1,,object_tracking,0/RP0/CPU0,0,object_trackingnode0_RP0_CPU0,0,0,obt-collector1,199

2020-02-02 19:49:48.145000+00:00,dr02,sg1,,pim6,0/RP0/CPU0,0,pim6node0_RP0_CPU0,0,0,obt-collector1,199

2020-02-02 19:49:48.145000+00:00,dr02,sg1,,pim,0/RP0/CPU0,0,pimnode0_RP0_CPU0,0,0,obt-collector1,199

2020-02-02 19:50:09.872000+00:00,dr02,sg1,,L2VPN_ATOM,0/RP0/CPU0,0,L2VPN_ATOMnode0_RP0_CPU0,0,0,obt-collector1,120

2020-02-02 19:50:09.873000+00:00,dr02,sg1,,pim,0/RP0/CPU0,0,pimnode0_RP0_CPU0,0,0,obt-collector1,199

2020-02-02 19:50:09.873000+00:00,dr02,sg1,,pim6,0/RP0/CPU0,0,pim6node0_RP0_CPU0,0,0,obt-collector1,199

2020-02-02 19:50:09.873000+00:00,dr02,sg1,,MPLS-TE,0/RP0/CPU0,0,MPLS-TEnode0_RP0_CPU0,0,0,obt-collector1,180

2020-02-02 19:50:09.873000+00:00,dr02,sg1,,isis-SAIN,0/RP0/CPU0,0,isis-SAINnode0_RP0_CPU0,0,0,obt-collector1,60

2020-02-02 19:50:09.873000+00:00,dr02,sg1,,bgp-default,0/RP0/CPU0,36,bgp-defaultnode0_RP0_CPU0,0,0,obt-collector1,60

2020-02-02 19:50:09.873000+00:00,dr02,sg1,,object_tracking,0/RP0/CPU0,0,object_trackingnode0_RP0_CPU0,0,0,obt-collector1,199

2020-02-02 19:50:09.873000+00:00,dr02,sg1,,ipv4_static,0/RP0/CPU0,0,ipv4_staticnode0_RP0_CPU0,0,0,obt-collector1,60

2020-02-02 19:50:09.873000+00:00,dr02,sg1,,bundlemgr_distrib,0/RP0/CPU0,0,bundlemgr_distribnode0_RP0_CPU0,0,0,obt-collector1,60

2020-02-02 19:50:09.873000+00:00,dr02,sg1,,XTC,0/RP0/CPU0,0,XTCnode0_RP0_CPU0,0,0,obt-collector1,180

2020-02-02 19:50:31.551000+00:00,dr02,sg1,,L2VPN_ATOM,0/RP0/CPU0,0,L2VPN_ATOMnode0_RP0_CPU0,0,0,obt-collector1,120

2020-02-02 19:50:31.551000+00:00,dr02,sg1,,MPLS-TE,0/RP0/CPU0,0,MPLS-TEnode0_RP0_CPU0,0,0,obt-collector1,180

2020-02-02 19:50:31.551000+00:00,dr02,sg1,,XTC,0/RP0/CPU0,0,XTCnode0_RP0_CPU0,0,0,obt-collector1,180

2020-02-02 19:50:31.552000+00:00,dr02,sg1,,isis-SAIN,0/RP0/CPU0,0,isis-SAINnode0_RP0_CPU0,0,0,obt-collector1,60

2020-02-02 19:50:31.552000+00:00,dr02,sg1,,pim6,0/RP0/CPU0,0,pim6node0_RP0_CPU0,0,0,obt-collector1,199

2020-02-02 19:50:31.552000+00:00,dr02,sg1,,pim,0/RP0/CPU0,0,pimnode0_RP0_CPU0,0,0,obt-collector1,199

2020-02-02 19:50:31.552000+00:00,dr02,sg1,,bundlemgr_distrib,0/RP0/CPU0,0,bundlemgr_distribnode0_RP0_CPU0,0,0,obt-collector1,60

2020-02-02 19:50:31.552000+00:00,dr02,sg1,,ipv4_static,0/RP0/CPU0,0,ipv4_staticnode0_RP0_CPU0,0,0,obt-collector1,60

2020-02-02 19:50:31.552000+00:00,dr02,sg1,,bgp-default,0/RP0/CPU0,36,bgp-defaultnode0_RP0_CPU0,0,0,obt-collector1,60

2020-02-02 19:50:31.552000+00:00,dr02,sg1,,object_tracking,0/RP0/CPU0,0,object_trackingnode0_RP0_CPU0,0,0,obt-collector1,199

2020-02-02 19:50:53.327000+00:00,dr02,sg1,,bgp-default,0/RP0/CPU0,36,bgp-defaultnode0_RP0_CPU0,0,0,obt-collector1,60

2020-02-02 19:50:53.327000+00:00,dr02,sg1,,object_tracking,0/RP0/CPU0,0,object_trackingnode0_RP0_CPU0,0,0,obt-collector1,199

2020-02-02 19:50:53.327000+00:00,dr02,sg1,,XTC,0/RP0/CPU0,0,XTCnode0_RP0_CPU0,0,0,obt-collector1,180

2020-02-02 19:50:53.327000+00:00,dr02,sg1,,L2VPN_ATOM,0/RP0/CPU0,0,L2VPN_ATOMnode0_RP0_CPU0,0,0,obt-collector1,120

2020-02-02 19:50:53.327000+00:00,dr02,sg1,,MPLS-TE,0/RP0/CPU0,0,MPLS-TEnode0_RP0_CPU0,0,0,obt-collector1,180

2020-02-02 19:50:53.327000+00:00,dr02,sg1,,isis-SAIN,0/RP0/CPU0,0,isis-SAINnode0_RP0_CPU0,0,0,obt-collector1,60

2020-02-02 19:50:53.327000+00:00,dr02,sg1,,ipv4_static,0/RP0/CPU0,0,ipv4_staticnode0_RP0_CPU0,0,0,obt-collector1,60

2020-02-02 19:50:53.327000+00:00,dr02,sg1,,bundlemgr_distrib,0/RP0/CPU0,0,bundlemgr_distribnode0_RP0_CPU0,0,0,obt-collector1,60

2020-02-02 19:50:53.328000+00:00,dr02,sg1,,pim6,0/RP0/CPU0,0,pim6node0_RP0_CPU0,0,0,obt-collector1,199

2020-02-02 19:50:53.328000+00:00,dr02,sg1,,pim,0/RP0/CPU0,0,pimnode0_RP0_CPU0,0,0,obt-collector1,199

2020-02-02 19:51:14.974000+00:00,dr02,sg1,,L2VPN_ATOM,0/RP0/CPU0,0,L2VPN_ATOMnode0_RP0_CPU0,0,0,obt-collector1,120

2020-02-02 19:51:14.974000+00:00,dr02,sg1,,MPLS-TE,0/RP0/CPU0,0,MPLS-TEnode0_RP0_CPU0,0,0,obt-collector1,180

2020-02-02 19:51:14.975000+00:00,dr02,sg1,,pim6,0/RP0/CPU0,0,pim6node0_RP0_CPU0,0,0,obt-collector1,199

2020-02-02 19:51:14.975000+00:00,dr02,sg1,,XTC,0/RP0/CPU0,0,XTCnode0_RP0_CPU0,0,0,obt-collector1,180

2020-02-02 19:51:14.975000+00:00,dr02,sg1,,object_tracking,0/RP0/CPU0,0,object_trackingnode0_RP0_CPU0,0,0,obt-collector1,199

2020-02-02 19:51:14.975000+00:00,dr02,sg1,,bgp-default,0/RP0/CPU0,36,bgp-defaultnode0_RP0_CPU0,0,0,obt-collector1,60

2020-02-02 19:51:14.975000+00:00,dr02,sg1,,ipv4_static,0/RP0/CPU0,0,ipv4_staticnode0_RP0_CPU0,0,0,obt-collector1,60

2020-02-02 19:51:14.975000+00:00,dr02,sg1,,pim,0/RP0/CPU0,0,pimnode0_RP0_CPU0,0,0,obt-collector1,199

2020-02-02 19:51:14.975000+00:00,dr02,sg1,,isis-SAIN,0/RP0/CPU0,0,isis-SAINnode0_RP0_CPU0,0,0,obt-collector1,60

2020-02-02 19:51:14.975000+00:00,dr02,sg1,,bundlemgr_distrib,0/RP0/CPU0,0,bundlemgr_distribnode0_RP0_CPU0,0,0,obt-collector1,60

2020-02-02 19:51:36.636000+00:00,dr02,sg1,,isis-SAIN,0/RP0/CPU0,0,isis-SAINnode0_RP0_CPU0,0,0,obt-collector1,60

2020-02-02 19:51:36.636000+00:00,dr02,sg1,,bundlemgr_distrib,0/RP0/CPU0,0,bundlemgr_distribnode0_RP0_CPU0,0,0,obt-collector1,60

2020-02-02 19:51:36.636000+00:00,dr02,sg1,,L2VPN_ATOM,0/RP0/CPU0,0,L2VPN_ATOMnode0_RP0_CPU0,0,0,obt-collector1,120

2020-02-02 19:51:36.636000+00:00,dr02,sg1,,MPLS-TE,0/RP0/CPU0,0,MPLS-TEnode0_RP0_CPU0,0,0,obt-collector1,180

2020-02-02 19:51:36.636000+00:00,dr02,sg1,,XTC,0/RP0/CPU0,0,XTCnode0_RP0_CPU0,0,0,obt-collector1,180

2020-02-02 19:51:36.636000+00:00,dr02,sg1,,bgp-default,0/RP0/CPU0,36,bgp-defaultnode0_RP0_CPU0,0,0,obt-collector1,60

2020-02-02 19:51:36.636000+00:00,dr02,sg1,,ipv4_static,0/RP0/CPU0,0,ipv4_staticnode0_RP0_CPU0,0,0,obt-collector1,60

2020-02-02 19:51:36.637000+00:00,dr02,sg1,,pim6,0/RP0/CPU0,0,pim6node0_RP0_CPU0,0,0,obt-collector1,199

2020-02-02 19:51:36.637000+00:00,dr02,sg1,,object_tracking,0/RP0/CPU0,0,object_trackingnode0_RP0_CPU0,0,0,obt-collector1,199

2020-02-02 19:51:36.637000+00:00,dr02,sg1,,pim,0/RP0/CPU0,0,pimnode0_RP0_CPU0,0,0,obt-collector1,199

2020-02-02 19:51:58.429000+00:00,dr02,sg1,,ipv4_static,0/RP0/CPU0,0,ipv4_staticnode0_RP0_CPU0,0,0,obt-collector1,60

2020-02-02 19:51:58.429000+00:00,dr02,sg1,,bgp-default,0/RP0/CPU0,36,bgp-defaultnode0_RP0_CPU0,0,0,obt-collector1,60

2020-02-02 19:51:58.429000+00:00,dr02,sg1,,L2VPN_ATOM,0/RP0/CPU0,0,L2VPN_ATOMnode0_RP0_CPU0,0,0,obt-collector1,120

2020-02-02 19:51:58.429000+00:00,dr02,sg1,,bundlemgr_distrib,0/RP0/CPU0,0,bundlemgr_distribnode0_RP0_CPU0,0,0,obt-collector1,60

2020-02-02 19:51:58.429000+00:00,dr02,sg1,,XTC,0/RP0/CPU0,0,XTCnode0_RP0_CPU0,0,0,obt-collector1,180

2020-02-02 19:51:58.429000+00:00,dr02,sg1,,MPLS-TE,0/RP0/CPU0,0,MPLS-TEnode0_RP0_CPU0,0,0,obt-collector1,180

2020-02-02 19:51:58.430000+00:00,dr02,sg1,,pim,0/RP0/CPU0,0,pimnode0_RP0_CPU0,0,0,obt-collector1,199

2020-02-02 19:51:58.430000+00:00,dr02,sg1,,isis-SAIN,0/RP0/CPU0,0,isis-SAINnode0_RP0_CPU0,0,0,obt-collector1,60

2020-02-02 19:51:58.430000+00:00,dr02,sg1,,object_tracking,0/RP0/CPU0,0,object_trackingnode0_RP0_CPU0,0,0,obt-collector1,199

2020-02-02 19:51:58.430000+00:00,dr02,sg1,,pim6,0/RP0/CPU0,0,pim6node0_RP0_CPU0,0,0,obt-collector1,199

2020-02-02 19:52:20.115000+00:00,dr02,sg1,,MPLS-TE,0/RP0/CPU0,0,MPLS-TEnode0_RP0_CPU0,0,0,obt-collector1,180

2020-02-02 19:52:20.115000+00:00,dr02,sg1,,XTC,0/RP0/CPU0,0,XTCnode0_RP0_CPU0,0,0,obt-collector1,180

2020-02-02 19:52:20.115000+00:00,dr02,sg1,,L2VPN_ATOM,0/RP0/CPU0,0,L2VPN_ATOMnode0_RP0_CPU0,0,0,obt-collector1,120

2020-02-02 19:52:20.116000+00:00,dr02,sg1,,object_tracking,0/RP0/CPU0,0,object_trackingnode0_RP0_CPU0,0,0,obt-collector1,199

2020-02-02 19:52:20.116000+00:00,dr02,sg1,,bgp-default,0/RP0/CPU0,36,bgp-defaultnode0_RP0_CPU0,0,0,obt-collector1,60

2020-02-02 19:52:20.116000+00:00,dr02,sg1,,pim,0/RP0/CPU0,0,pimnode0_RP0_CPU0,0,0,obt-collector1,199

2020-02-02 19:52:20.116000+00:00,dr02,sg1,,pim6,0/RP0/CPU0,0,pim6node0_RP0_CPU0,0,0,obt-collector1,199

2020-02-02 19:52:20.116000+00:00,dr02,sg1,,isis-SAIN,0/RP0/CPU0,0,isis-SAINnode0_RP0_CPU0,0,0,obt-collector1,60

2020-02-02 19:52:20.116000+00:00,dr02,sg1,,bundlemgr_distrib,0/RP0/CPU0,0,bundlemgr_distribnode0_RP0_CPU0,0,0,obt-collector1,60

2020-02-02 19:52:20.116000+00:00,dr02,sg1,,ipv4_static,0/RP0/CPU0,0,ipv4_staticnode0_RP0_CPU0,0,0,obt-collector1,60

2020-02-02 19:52:42.897000+00:00,dr02,sg1,,L2VPN_ATOM,0/RP0/CPU0,0,L2VPN_ATOMnode0_RP0_CPU0,0,0,obt-collector1,120

2020-02-02 19:52:42.897000+00:00,dr02,sg1,,MPLS-TE,0/RP0/CPU0,0,MPLS-TEnode0_RP0_CPU0,0,0,obt-collector1,180

2020-02-02 19:52:42.897000+00:00,dr02,sg1,,XTC,0/RP0/CPU0,0,XTCnode0_RP0_CPU0,0,0,obt-collector1,180

2020-02-02 19:52:42.898000+00:00,dr02,sg1,,ipv4_static,0/RP0/CPU0,0,ipv4_staticnode0_RP0_CPU0,0,0,obt-collector1,60

2020-02-02 19:52:42.898000+00:00,dr02,sg1,,bgp-default,0/RP0/CPU0,36,bgp-defaultnode0_RP0_CPU0,0,0,obt-collector1,60

2020-02-02 19:52:42.898000+00:00,dr02,sg1,,bundlemgr_distrib,0/RP0/CPU0,0,bundlemgr_distribnode0_RP0_CPU0,0,0,obt-collector1,60

2020-02-02 19:52:42.898000+00:00,dr02,sg1,,object_tracking,0/RP0/CPU0,0,object_trackingnode0_RP0_CPU0,0,0,obt-collector1,199

2020-02-02 19:52:42.898000+00:00,dr02,sg1,,isis-SAIN,0/RP0/CPU0,0,isis-SAINnode0_RP0_CPU0,0,0,obt-collector1,60

2020-02-02 19:52:42.898000+00:00,dr02,sg1,,pim,0/RP0/CPU0,0,pimnode0_RP0_CPU0,0,0,obt-collector1,199

2020-02-02 19:52:42.898000+00:00,dr02,sg1,,pim6,0/RP0/CPU0,0,pim6node0_RP0_CPU0,0,0,obt-collector1,199

2020-02-02 19:53:04.532000+00:00,dr02,sg1,,pim,0/RP0/CPU0,0,pimnode0_RP0_CPU0,0,0,obt-collector1,199

2020-02-02 19:53:04.532000+00:00,dr02,sg1,,pim6,0/RP0/CPU0,0,pim6node0_RP0_CPU0,0,0,obt-collector1,199

2020-02-02 19:53:04.532000+00:00,dr02,sg1,,bgp-default,0/RP0/CPU0,36,bgp-defaultnode0_RP0_CPU0,0,0,obt-collector1,60

2020-02-02 19:53:04.532000+00:00,dr02,sg1,,XTC,0/RP0/CPU0,0,XTCnode0_RP0_CPU0,0,0,obt-collector1,180

2020-02-02 19:53:04.532000+00:00,dr02,sg1,,L2VPN_ATOM,0/RP0/CPU0,0,L2VPN_ATOMnode0_RP0_CPU0,0,0,obt-collector1,120

2020-02-02 19:53:04.532000+00:00,dr02,sg1,,MPLS-TE,0/RP0/CPU0,0,MPLS-TEnode0_RP0_CPU0,0,0,obt-collector1,180

2020-02-02 19:53:04.532000+00:00,dr02,sg1,,ipv4_static,0/RP0/CPU0,0,ipv4_staticnode0_RP0_CPU0,0,0,obt-collector1,60

2020-02-02 19:53:04.532000+00:00,dr02,sg1,,isis-SAIN,0/RP0/CPU0,0,isis-SAINnode0_RP0_CPU0,0,0,obt-collector1,60

2020-02-02 19:53:04.532000+00:00,dr02,sg1,,bundlemgr_distrib,0/RP0/CPU0,0,bundlemgr_distribnode0_RP0_CPU0,0,0,obt-collector1,60

2020-02-02 19:53:04.532000+00:00,dr02,sg1,,object_tracking,0/RP0/CPU0,0,object_trackingnode0_RP0_CPU0,0,0,obt-collector1,199

2020-02-02 19:53:26.448000+00:00,dr02,sg1,,L2VPN_ATOM,0/RP0/CPU0,0,L2VPN_ATOMnode0_RP0_CPU0,0,0,obt-collector1,120

2020-02-02 19:53:26.448000+00:00,dr02,sg1,,MPLS-TE,0/RP0/CPU0,0,MPLS-TEnode0_RP0_CPU0,0,0,obt-collector1,180

2020-02-02 19:53:26.449000+00:00,dr02,sg1,,object_tracking,0/RP0/CPU0,0,object_trackingnode0_RP0_CPU0,0,0,obt-collector1,199

2020-02-02 19:53:26.449000+00:00,dr02,sg1,,bgp-default,0/RP0/CPU0,36,bgp-defaultnode0_RP0_CPU0,0,0,obt-collector1,60

2020-02-02 19:53:26.449000+00:00,dr02,sg1,,pim,0/RP0/CPU0,0,pimnode0_RP0_CPU0,0,0,obt-collector1,199

2020-02-02 19:53:26.449000+00:00,dr02,sg1,,pim6,0/RP0/CPU0,0,pim6node0_RP0_CPU0,0,0,obt-collector1,199

2020-02-02 19:53:26.449000+00:00,dr02,sg1,,bundlemgr_distrib,0/RP0/CPU0,0,bundlemgr_distribnode0_RP0_CPU0,0,0,obt-collector1,60

2020-02-02 19:53:26.449000+00:00,dr02,sg1,,isis-SAIN,0/RP0/CPU0,0,isis-SAINnode0_RP0_CPU0,0,0,obt-collector1,60

2020-02-02 19:53:26.449000+00:00,dr02,sg1,,XTC,0/RP0/CPU0,0,XTCnode0_RP0_CPU0,0,0,obt-collector1,180

2020-02-02 19:53:26.449000+00:00,dr02,sg1,,ipv4_static,0/RP0/CPU0,0,ipv4_staticnode0_RP0_CPU0,0,0,obt-collector1,60

2020-02-02 19:53:48.133000+00:00,dr02,sg1,,XTC,0/RP0/CPU0,0,XTCnode0_RP0_CPU0,0,0,obt-collector1,180

2020-02-02 19:53:48.133000+00:00,dr02,sg1,,L2VPN_ATOM,0/RP0/CPU0,0,L2VPN_ATOMnode0_RP0_CPU0,0,0,obt-collector1,120

2020-02-02 19:53:48.133000+00:00,dr02,sg1,,MPLS-TE,0/RP0/CPU0,0,MPLS-TEnode0_RP0_CPU0,0,0,obt-collector1,180

2020-02-02 19:53:48.133000+00:00,dr02,sg1,,bgp-default,0/RP0/CPU0,36,bgp-defaultnode0_RP0_CPU0,0,0,obt-collector1,60

2020-02-02 19:53:48.133000+00:00,dr02,sg1,,bundlemgr_distrib,0/RP0/CPU0,0,bundlemgr_distribnode0_RP0_CPU0,0,0,obt-collector1,60

2020-02-02 19:53:48.134000+00:00,dr02,sg1,,ipv4_static,0/RP0/CPU0,0,ipv4_staticnode0_RP0_CPU0,0,0,obt-collector1,60

2020-02-02 19:53:48.134000+00:00,dr02,sg1,,object_tracking,0/RP0/CPU0,0,object_trackingnode0_RP0_CPU0,0,0,obt-collector1,199

2020-02-02 19:53:48.134000+00:00,dr02,sg1,,pim,0/RP0/CPU0,0,pimnode0_RP0_CPU0,0,0,obt-collector1,199

2020-02-02 19:53:48.134000+00:00,dr02,sg1,,pim6,0/RP0/CPU0,0,pim6node0_RP0_CPU0,0,0,obt-collector1,199

2020-02-02 19:53:48.134000+00:00,dr02,sg1,,isis-SAIN,0/RP0/CPU0,0,isis-SAINnode0_RP0_CPU0,0,0,obt-collector1,60

2020-02-02 19:54:09.853000+00:00,dr02,sg1,,L2VPN_ATOM,0/RP0/CPU0,0,L2VPN_ATOMnode0_RP0_CPU0,0,0,obt-collector1,120

2020-02-02 19:54:09.853000+00:00,dr02,sg1,,bgp-default,0/RP0/CPU0,36,bgp-defaultnode0_RP0_CPU0,0,0,obt-collector1,60

2020-02-02 19:54:09.853000+00:00,dr02,sg1,,XTC,0/RP0/CPU0,0,XTCnode0_RP0_CPU0,0,0,obt-collector1,180

2020-02-02 19:54:09.853000+00:00,dr02,sg1,,MPLS-TE,0/RP0/CPU0,0,MPLS-TEnode0_RP0_CPU0,0,0,obt-collector1,180

2020-02-02 19:54:09.854000+00:00,dr02,sg1,,pim6,0/RP0/CPU0,0,pim6node0_RP0_CPU0,0,0,obt-collector1,199

2020-02-02 19:54:09.854000+00:00,dr02,sg1,,bundlemgr_distrib,0/RP0/CPU0,0,bundlemgr_distribnode0_RP0_CPU0,0,0,obt-collector1,60

2020-02-02 19:54:09.854000+00:00,dr02,sg1,,ipv4_static,0/RP0/CPU0,0,ipv4_staticnode0_RP0_CPU0,0,0,obt-collector1,60

2020-02-02 19:54:09.854000+00:00,dr02,sg1,,isis-SAIN,0/RP0/CPU0,0,isis-SAINnode0_RP0_CPU0,0,0,obt-collector1,60

2020-02-02 19:54:09.854000+00:00,dr02,sg1,,pim,0/RP0/CPU0,0,pimnode0_RP0_CPU0,0,0,obt-collector1,199

2020-02-02 19:54:09.854000+00:00,dr02,sg1,,object_tracking,0/RP0/CPU0,0,object_trackingnode0_RP0_CPU0,0,0,obt-collector1,199

2020-02-02 19:54:31.534000+00:00,dr02,sg1,,MPLS-TE,0/RP0/CPU0,0,MPLS-TEnode0_RP0_CPU0,0,0,obt-collector1,180

2020-02-02 19:54:31.534000+00:00,dr02,sg1,,object_tracking,0/RP0/CPU0,0,object_trackingnode0_RP0_CPU0,0,0,obt-collector1,199

2020-02-02 19:54:31.534000+00:00,dr02,sg1,,L2VPN_ATOM,0/RP0/CPU0,0,L2VPN_ATOMnode0_RP0_CPU0,0,0,obt-collector1,120

2020-02-02 19:54:31.534000+00:00,dr02,sg1,,XTC,0/RP0/CPU0,0,XTCnode0_RP0_CPU0,0,0,obt-collector1,180

2020-02-02 19:54:31.534000+00:00,dr02,sg1,,bundlemgr_distrib,0/RP0/CPU0,0,bundlemgr_distribnode0_RP0_CPU0,0,0,obt-collector1,60

2020-02-02 19:54:31.534000+00:00,dr02,sg1,,isis-SAIN,0/RP0/CPU0,0,isis-SAINnode0_RP0_CPU0,0,0,obt-collector1,60

2020-02-02 19:54:31.534000+00:00,dr02,sg1,,bgp-default,0/RP0/CPU0,36,bgp-defaultnode0_RP0_CPU0,0,0,obt-collector1,60

2020-02-02 19:54:31.534000+00:00,dr02,sg1,,ipv4_static,0/RP0/CPU0,0,ipv4_staticnode0_RP0_CPU0,0,0,obt-collector1,60

2020-02-02 19:54:31.535000+00:00,dr02,sg1,,pim6,0/RP0/CPU0,0,pim6node0_RP0_CPU0,0,0,obt-collector1,199

2020-02-02 19:54:31.535000+00:00,dr02,sg1,,pim,0/RP0/CPU0,0,pimnode0_RP0_CPU0,0,0,obt-collector1,199

2020-02-02 19:54:53.209000+00:00,dr02,sg1,,bgp-default,0/RP0/CPU0,36,bgp-defaultnode0_RP0_CPU0,0,0,obt-collector1,60

2020-02-02 19:54:53.209000+00:00,dr02,sg1,,MPLS-TE,0/RP0/CPU0,0,MPLS-TEnode0_RP0_CPU0,0,0,obt-collector1,180

2020-02-02 19:54:53.209000+00:00,dr02,sg1,,L2VPN_ATOM,0/RP0/CPU0,0,L2VPN_ATOMnode0_RP0_CPU0,0,0,obt-collector1,120

2020-02-02 19:54:53.209000+00:00,dr02,sg1,,XTC,0/RP0/CPU0,0,XTCnode0_RP0_CPU0,0,0,obt-collector1,180

2020-02-02 19:54:53.210000+00:00,dr02,sg1,,pim6,0/RP0/CPU0,0,pim6node0_RP0_CPU0,0,0,obt-collector1,199

2020-02-02 19:54:53.210000+00:00,dr02,sg1,,ipv4_static,0/RP0/CPU0,0,ipv4_staticnode0_RP0_CPU0,0,0,obt-collector1,60

2020-02-02 19:54:53.210000+00:00,dr02,sg1,,object_tracking,0/RP0/CPU0,0,object_trackingnode0_RP0_CPU0,0,0,obt-collector1,199

2020-02-02 19:54:53.210000+00:00,dr02,sg1,,pim,0/RP0/CPU0,0,pimnode0_RP0_CPU0,0,0,obt-collector1,199

2020-02-02 19:54:53.210000+00:00,dr02,sg1,,isis-SAIN,0/RP0/CPU0,0,isis-SAINnode0_RP0_CPU0,0,0,obt-collector1,60

2020-02-02 19:54:53.210000+00:00,dr02,sg1,,bundlemgr_distrib,0/RP0/CPU0,0,bundlemgr_distribnode0_RP0_CPU0,0,0,obt-collector1,60

2020-02-02 19:55:14.884000+00:00,dr02,sg1,,XTC,0/RP0/CPU0,0,XTCnode0_RP0_CPU0,0,0,obt-collector1,180

2020-02-02 19:55:14.884000+00:00,dr02,sg1,,bgp-default,0/RP0/CPU0,36,bgp-defaultnode0_RP0_CPU0,0,0,obt-collector1,60

2020-02-02 19:55:14.884000+00:00,dr02,sg1,,L2VPN_ATOM,0/RP0/CPU0,0,L2VPN_ATOMnode0_RP0_CPU0,0,0,obt-collector1,120

2020-02-02 19:55:14.884000+00:00,dr02,sg1,,bundlemgr_distrib,0/RP0/CPU0,0,bundlemgr_distribnode0_RP0_CPU0,0,0,obt-collector1,60

2020-02-02 19:55:14.884000+00:00,dr02,sg1,,MPLS-TE,0/RP0/CPU0,0,MPLS-TEnode0_RP0_CPU0,0,0,obt-collector1,180

2020-02-02 19:55:14.885000+00:00,dr02,sg1,,pim6,0/RP0/CPU0,0,pim6node0_RP0_CPU0,0,0,obt-collector1,199

2020-02-02 19:55:14.885000+00:00,dr02,sg1,,ipv4_static,0/RP0/CPU0,0,ipv4_staticnode0_RP0_CPU0,0,0,obt-collector1,60

2020-02-02 19:55:14.885000+00:00,dr02,sg1,,isis-SAIN,0/RP0/CPU0,0,isis-SAINnode0_RP0_CPU0,0,0,obt-collector1,60

2020-02-02 19:55:14.885000+00:00,dr02,sg1,,pim,0/RP0/CPU0,0,pimnode0_RP0_CPU0,0,0,obt-collector1,199

2020-02-02 19:55:14.885000+00:00,dr02,sg1,,object_tracking,0/RP0/CPU0,0,object_trackingnode0_RP0_CPU0,0,0,obt-collector1,199

2020-02-02 19:55:36.622000+00:00,dr02,sg1,,pim6,0/RP0/CPU0,0,pim6node0_RP0_CPU0,0,0,obt-collector1,199

2020-02-02 19:55:36.622000+00:00,dr02,sg1,,object_tracking,0/RP0/CPU0,0,object_trackingnode0_RP0_CPU0,0,0,obt-collector1,199

2020-02-02 19:55:36.622000+00:00,dr02,sg1,,MPLS-TE,0/RP0/CPU0,0,MPLS-TEnode0_RP0_CPU0,0,0,obt-collector1,180

2020-02-02 19:55:36.622000+00:00,dr02,sg1,,bgp-default,0/RP0/CPU0,36,bgp-defaultnode0_RP0_CPU0,0,0,obt-collector1,60

2020-02-02 19:55:36.622000+00:00,dr02,sg1,,bundlemgr_distrib,0/RP0/CPU0,0,bundlemgr_distribnode0_RP0_CPU0,0,0,obt-collector1,60

2020-02-02 19:55:36.622000+00:00,dr02,sg1,,XTC,0/RP0/CPU0,0,XTCnode0_RP0_CPU0,0,0,obt-collector1,180

2020-02-02 19:55:36.622000+00:00,dr02,sg1,,isis-SAIN,0/RP0/CPU0,0,isis-SAINnode0_RP0_CPU0,0,0,obt-collector1,60

2020-02-02 19:55:36.622000+00:00,dr02,sg1,,L2VPN_ATOM,0/RP0/CPU0,0,L2VPN_ATOMnode0_RP0_CPU0,0,0,obt-collector1,120

2020-02-02 19:55:36.622000+00:00,dr02,sg1,,ipv4_static,0/RP0/CPU0,0,ipv4_staticnode0_RP0_CPU0,0,0,obt-collector1,60

2020-02-02 19:55:36.623000+00:00,dr02,sg1,,pim,0/RP0/CPU0,0,pimnode0_RP0_CPU0,0,0,obt-collector1,199

2020-02-02 19:55:58.727000+00:00,dr02,sg1,,ipv4_static,0/RP0/CPU0,0,ipv4_staticnode0_RP0_CPU0,0,0,obt-collector1,60

2020-02-02 19:55:58.727000+00:00,dr02,sg1,,L2VPN_ATOM,0/RP0/CPU0,0,L2VPN_ATOMnode0_RP0_CPU0,0,0,obt-collector1,120

2020-02-02 19:55:58.727000+00:00,dr02,sg1,,bgp-default,0/RP0/CPU0,36,bgp-defaultnode0_RP0_CPU0,0,0,obt-collector1,60

2020-02-02 19:55:58.727000+00:00,dr02,sg1,,object_tracking,0/RP0/CPU0,0,object_trackingnode0_RP0_CPU0,0,0,obt-collector1,199

2020-02-02 19:55:58.727000+00:00,dr02,sg1,,MPLS-TE,0/RP0/CPU0,0,MPLS-TEnode0_RP0_CPU0,0,0,obt-collector1,180

2020-02-02 19:55:58.727000+00:00,dr02,sg1,,isis-SAIN,0/RP0/CPU0,0,isis-SAINnode0_RP0_CPU0,0,0,obt-collector1,60

2020-02-02 19:55:58.727000+00:00,dr02,sg1,,bundlemgr_distrib,0/RP0/CPU0,0,bundlemgr_distribnode0_RP0_CPU0,0,0,obt-collector1,60

2020-02-02 19:55:58.727000+00:00,dr02,sg1,,XTC,0/RP0/CPU0,0,XTCnode0_RP0_CPU0,0,0,obt-collector1,180

2020-02-02 19:55:58.728000+00:00,dr02,sg1,,pim,0/RP0/CPU0,0,pimnode0_RP0_CPU0,0,0,obt-collector1,199

2020-02-02 19:55:58.728000+00:00,dr02,sg1,,pim6,0/RP0/CPU0,0,pim6node0_RP0_CPU0,0,0,obt-collector1,199

2020-02-02 19:56:20.429000+00:00,dr02,sg1,,L2VPN_ATOM,0/RP0/CPU0,0,L2VPN_ATOMnode0_RP0_CPU0,0,0,obt-collector1,120

2020-02-02 19:56:20.430000+00:00,dr02,sg1,,pim6,0/RP0/CPU0,0,pim6node0_RP0_CPU0,0,0,obt-collector1,199

2020-02-02 19:56:20.430000+00:00,dr02,sg1,,pim,0/RP0/CPU0,0,pimnode0_RP0_CPU0,0,0,obt-collector1,199

2020-02-02 19:56:20.430000+00:00,dr02,sg1,,bundlemgr_distrib,0/RP0/CPU0,0,bundlemgr_distribnode0_RP0_CPU0,0,0,obt-collector1,60

2020-02-02 19:56:20.430000+00:00,dr02,sg1,,ipv4_static,0/RP0/CPU0,0,ipv4_staticnode0_RP0_CPU0,0,0,obt-collector1,60

2020-02-02 19:56:20.430000+00:00,dr02,sg1,,bgp-default,0/RP0/CPU0,36,bgp-defaultnode0_RP0_CPU0,0,0,obt-collector1,60

2020-02-02 19:56:20.430000+00:00,dr02,sg1,,XTC,0/RP0/CPU0,0,XTCnode0_RP0_CPU0,0,0,obt-collector1,180

2020-02-02 19:56:20.430000+00:00,dr02,sg1,,isis-SAIN,0/RP0/CPU0,0,isis-SAINnode0_RP0_CPU0,0,0,obt-collector1,60

2020-02-02 19:56:20.430000+00:00,dr02,sg1,,object_tracking,0/RP0/CPU0,0,object_trackingnode0_RP0_CPU0,0,0,obt-collector1,199

2020-02-02 19:56:20.430000+00:00,dr02,sg1,,MPLS-TE,0/RP0/CPU0,0,MPLS-TEnode0_RP0_CPU0,0,0,obt-collector1,180

2020-02-02 19:56:42.143000+00:00,dr02,sg1,,object_tracking,0/RP0/CPU0,0,object_trackingnode0_RP0_CPU0,0,0,obt-collector1,199

2020-02-02 19:56:42.143000+00:00,dr02,sg1,,MPLS-TE,0/RP0/CPU0,0,MPLS-TEnode0_RP0_CPU0,0,0,obt-collector1,180

2020-02-02 19:56:42.143000+00:00,dr02,sg1,,ipv4_static,0/RP0/CPU0,0,ipv4_staticnode0_RP0_CPU0,0,0,obt-collector1,60

2020-02-02 19:56:42.143000+00:00,dr02,sg1,,L2VPN_ATOM,0/RP0/CPU0,0,L2VPN_ATOMnode0_RP0_CPU0,0,0,obt-collector1,120

2020-02-02 19:56:42.143000+00:00,dr02,sg1,,pim6,0/RP0/CPU0,0,pim6node0_RP0_CPU0,0,0,obt-collector1,199

2020-02-02 19:56:42.143000+00:00,dr02,sg1,,bundlemgr_distrib,0/RP0/CPU0,0,bundlemgr_distribnode0_RP0_CPU0,0,0,obt-collector1,60

2020-02-02 19:56:42.143000+00:00,dr02,sg1,,isis-SAIN,0/RP0/CPU0,0,isis-SAINnode0_RP0_CPU0,0,0,obt-collector1,60

2020-02-02 19:56:42.143000+00:00,dr02,sg1,,bgp-default,0/RP0/CPU0,36,bgp-defaultnode0_RP0_CPU0,0,0,obt-collector1,60

2020-02-02 19:56:42.143000+00:00,dr02,sg1,,XTC,0/RP0/CPU0,0,XTCnode0_RP0_CPU0,0,0,obt-collector1,180

2020-02-02 19:56:42.144000+00:00,dr02,sg1,,pim,0/RP0/CPU0,0,pimnode0_RP0_CPU0,0,0,obt-collector1,199

2020-02-02 19:57:03.856000+00:00,dr02,sg1,,XTC,0/RP0/CPU0,0,XTCnode0_RP0_CPU0,0,0,obt-collector1,180

2020-02-02 19:57:03.856000+00:00,dr02,sg1,,bgp-default,0/RP0/CPU0,36,bgp-defaultnode0_RP0_CPU0,0,0,obt-collector1,60

2020-02-02 19:57:03.856000+00:00,dr02,sg1,,MPLS-TE,0/RP0/CPU0,0,MPLS-TEnode0_RP0_CPU0,0,0,obt-collector1,180

2020-02-02 19:57:03.856000+00:00,dr02,sg1,,L2VPN_ATOM,0/RP0/CPU0,0,L2VPN_ATOMnode0_RP0_CPU0,0,0,obt-collector1,120

2020-02-02 19:57:03.856000+00:00,dr02,sg1,,bundlemgr_distrib,0/RP0/CPU0,0,bundlemgr_distribnode0_RP0_CPU0,0,0,obt-collector1,60

2020-02-02 19:57:03.857000+00:00,dr02,sg1,,pim,0/RP0/CPU0,0,pimnode0_RP0_CPU0,0,0,obt-collector1,199

2020-02-02 19:57:03.857000+00:00,dr02,sg1,,ipv4_static,0/RP0/CPU0,0,ipv4_staticnode0_RP0_CPU0,0,0,obt-collector1,60

2020-02-02 19:57:03.857000+00:00,dr02,sg1,,object_tracking,0/RP0/CPU0,0,object_trackingnode0_RP0_CPU0,0,0,obt-collector1,199

2020-02-02 19:57:03.857000+00:00,dr02,sg1,,pim6,0/RP0/CPU0,0,pim6node0_RP0_CPU0,0,0,obt-collector1,199

2020-02-02 19:57:03.857000+00:00,dr02,sg1,,isis-SAIN,0/RP0/CPU0,0,isis-SAINnode0_RP0_CPU0,0,0,obt-collector1,60

2020-02-02 19:57:25.609000+00:00,dr02,sg1,,bundlemgr_distrib,0/RP0/CPU0,0,bundlemgr_distribnode0_RP0_CPU0,0,0,obt-collector1,60

2020-02-02 19:57:25.609000+00:00,dr02,sg1,,bgp-default,0/RP0/CPU0,36,bgp-defaultnode0_RP0_CPU0,0,0,obt-collector1,60

2020-02-02 19:57:25.609000+00:00,dr02,sg1,,L2VPN_ATOM,0/RP0/CPU0,0,L2VPN_ATOMnode0_RP0_CPU0,0,0,obt-collector1,120

2020-02-02 19:57:25.609000+00:00,dr02,sg1,,XTC,0/RP0/CPU0,0,XTCnode0_RP0_CPU0,0,0,obt-collector1,180

2020-02-02 19:57:25.609000+00:00,dr02,sg1,,MPLS-TE,0/RP0/CPU0,0,MPLS-TEnode0_RP0_CPU0,0,0,obt-collector1,180

2020-02-02 19:57:25.610000+00:00,dr02,sg1,,isis-SAIN,0/RP0/CPU0,0,isis-SAINnode0_RP0_CPU0,0,0,obt-collector1,60

2020-02-02 19:57:25.610000+00:00,dr02,sg1,,pim,0/RP0/CPU0,0,pimnode0_RP0_CPU0,0,0,obt-collector1,199

2020-02-02 19:57:25.610000+00:00,dr02,sg1,,pim6,0/RP0/CPU0,0,pim6node0_RP0_CPU0,0,0,obt-collector1,199

2020-02-02 19:57:25.610000+00:00,dr02,sg1,,object_tracking,0/RP0/CPU0,0,object_trackingnode0_RP0_CPU0,0,0,obt-collector1,199

2020-02-02 19:57:25.610000+00:00,dr02,sg1,,ipv4_static,0/RP0/CPU0,0,ipv4_staticnode0_RP0_CPU0,0,0,obt-collector1,60

2020-02-02 19:57:49.369000+00:00,dr02,sg1,,MPLS-TE,0/RP0/CPU0,0,MPLS-TEnode0_RP0_CPU0,0,0,obt-collector1,180

2020-02-02 19:57:49.369000+00:00,dr02,sg1,,XTC,0/RP0/CPU0,0,XTCnode0_RP0_CPU0,0,0,obt-collector1,180

2020-02-02 19:57:49.369000+00:00,dr02,sg1,,L2VPN_ATOM,0/RP0/CPU0,0,L2VPN_ATOMnode0_RP0_CPU0,0,0,obt-collector1,120

2020-02-02 19:57:49.370000+00:00,dr02,sg1,,object_tracking,0/RP0/CPU0,0,object_trackingnode0_RP0_CPU0,0,0,obt-collector1,199

2020-02-02 19:57:49.370000+00:00,dr02,sg1,,bgp-default,0/RP0/CPU0,36,bgp-defaultnode0_RP0_CPU0,0,0,obt-collector1,60

2020-02-02 19:57:49.370000+00:00,dr02,sg1,,isis-SAIN,0/RP0/CPU0,0,isis-SAINnode0_RP0_CPU0,0,0,obt-collector1,60

2020-02-02 19:57:49.370000+00:00,dr02,sg1,,ipv4_static,0/RP0/CPU0,0,ipv4_staticnode0_RP0_CPU0,0,0,obt-collector1,60

2020-02-02 19:57:49.370000+00:00,dr02,sg1,,pim6,0/RP0/CPU0,0,pim6node0_RP0_CPU0,0,0,obt-collector1,199

2020-02-02 19:57:49.370000+00:00,dr02,sg1,,bundlemgr_distrib,0/RP0/CPU0,0,bundlemgr_distribnode0_RP0_CPU0,0,0,obt-collector1,60

2020-02-02 19:57:49.370000+00:00,dr02,sg1,,pim,0/RP0/CPU0,0,pimnode0_RP0_CPU0,0,0,obt-collector1,199

2020-02-02 19:58:11.041000+00:00,dr02,sg1,,bundlemgr_distrib,0/RP0/CPU0,0,bundlemgr_distribnode0_RP0_CPU0,0,0,obt-collector1,60

2020-02-02 19:58:11.041000+00:00,dr02,sg1,,L2VPN_ATOM,0/RP0/CPU0,0,L2VPN_ATOMnode0_RP0_CPU0,0,0,obt-collector1,120

2020-02-02 19:58:11.041000+00:00,dr02,sg1,,MPLS-TE,0/RP0/CPU0,0,MPLS-TEnode0_RP0_CPU0,0,0,obt-collector1,180

2020-02-02 19:58:11.041000+00:00,dr02,sg1,,XTC,0/RP0/CPU0,0,XTCnode0_RP0_CPU0,0,0,obt-collector1,180

2020-02-02 19:58:11.041000+00:00,dr02,sg1,,bgp-default,0/RP0/CPU0,36,bgp-defaultnode0_RP0_CPU0,0,0,obt-collector1,60

2020-02-02 19:58:11.041000+00:00,dr02,sg1,,ipv4_static,0/RP0/CPU0,0,ipv4_staticnode0_RP0_CPU0,0,0,obt-collector1,60

2020-02-02 19:58:11.042000+00:00,dr02,sg1,,object_tracking,0/RP0/CPU0,0,object_trackingnode0_RP0_CPU0,0,0,obt-collector1,199

2020-02-02 19:58:11.042000+00:00,dr02,sg1,,pim,0/RP0/CPU0,0,pimnode0_RP0_CPU0,0,0,obt-collector1,199

2020-02-02 19:58:11.042000+00:00,dr02,sg1,,isis-SAIN,0/RP0/CPU0,0,isis-SAINnode0_RP0_CPU0,0,0,obt-collector1,60

2020-02-02 19:58:11.042000+00:00,dr02,sg1,,pim6,0/RP0/CPU0,0,pim6node0_RP0_CPU0,0,0,obt-collector1,199

2020-02-02 19:58:32.753000+00:00,dr02,sg1,,isis-SAIN,0/RP0/CPU0,0,isis-SAINnode0_RP0_CPU0,0,0,obt-collector1,60

2020-02-02 19:58:32.753000+00:00,dr02,sg1,,ipv4_static,0/RP0/CPU0,0,ipv4_staticnode0_RP0_CPU0,0,0,obt-collector1,60

2020-02-02 19:58:32.753000+00:00,dr02,sg1,,bgp-default,0/RP0/CPU0,36,bgp-defaultnode0_RP0_CPU0,0,0,obt-collector1,60

2020-02-02 19:58:32.753000+00:00,dr02,sg1,,bundlemgr_distrib,0/RP0/CPU0,0,bundlemgr_distribnode0_RP0_CPU0,0,0,obt-collector1,60

2020-02-02 19:58:32.753000+00:00,dr02,sg1,,MPLS-TE,0/RP0/CPU0,0,MPLS-TEnode0_RP0_CPU0,0,0,obt-collector1,180

2020-02-02 19:58:32.753000+00:00,dr02,sg1,,L2VPN_ATOM,0/RP0/CPU0,0,L2VPN_ATOMnode0_RP0_CPU0,0,0,obt-collector1,120

2020-02-02 19:58:32.753000+00:00,dr02,sg1,,XTC,0/RP0/CPU0,0,XTCnode0_RP0_CPU0,0,0,obt-collector1,180

2020-02-02 19:58:32.754000+00:00,dr02,sg1,,pim6,0/RP0/CPU0,0,pim6node0_RP0_CPU0,0,0,obt-collector1,199

2020-02-02 19:58:32.754000+00:00,dr02,sg1,,pim,0/RP0/CPU0,0,pimnode0_RP0_CPU0,0,0,obt-collector1,199

2020-02-02 19:58:32.754000+00:00,dr02,sg1,,object_tracking,0/RP0/CPU0,0,object_trackingnode0_RP0_CPU0,0,0,obt-collector1,199

2020-02-02 19:58:54.466000+00:00,dr02,sg1,,L2VPN_ATOM,0/RP0/CPU0,0,L2VPN_ATOMnode0_RP0_CPU0,0,0,obt-collector1,120

2020-02-02 19:58:54.466000+00:00,dr02,sg1,,object_tracking,0/RP0/CPU0,0,object_trackingnode0_RP0_CPU0,0,0,obt-collector1,199

2020-02-02 19:58:54.466000+00:00,dr02,sg1,,bundlemgr_distrib,0/RP0/CPU0,0,bundlemgr_distribnode0_RP0_CPU0,0,0,obt-collector1,60

2020-02-02 19:58:54.466000+00:00,dr02,sg1,,ipv4_static,0/RP0/CPU0,0,ipv4_staticnode0_RP0_CPU0,0,0,obt-collector1,60

2020-02-02 19:58:54.466000+00:00,dr02,sg1,,isis-SAIN,0/RP0/CPU0,0,isis-SAINnode0_RP0_CPU0,0,0,obt-collector1,60

2020-02-02 19:58:54.466000+00:00,dr02,sg1,,bgp-default,0/RP0/CPU0,36,bgp-defaultnode0_RP0_CPU0,0,0,obt-collector1,60

2020-02-02 19:58:54.466000+00:00,dr02,sg1,,pim6,0/RP0/CPU0,0,pim6node0_RP0_CPU0,0,0,obt-collector1,199

2020-02-02 19:58:54.466000+00:00,dr02,sg1,,MPLS-TE,0/RP0/CPU0,0,MPLS-TEnode0_RP0_CPU0,0,0,obt-collector1,180

2020-02-02 19:58:54.466000+00:00,dr02,sg1,,XTC,0/RP0/CPU0,0,XTCnode0_RP0_CPU0,0,0,obt-collector1,180

2020-02-02 19:58:54.467000+00:00,dr02,sg1,,pim,0/RP0/CPU0,0,pimnode0_RP0_CPU0,0,0,obt-collector1,199

2020-02-02 19:59:16.223000+00:00,dr02,sg1,,XTC,0/RP0/CPU0,0,XTCnode0_RP0_CPU0,0,0,obt-collector1,180

2020-02-02 19:59:16.223000+00:00,dr02,sg1,,MPLS-TE,0/RP0/CPU0,0,MPLS-TEnode0_RP0_CPU0,0,0,obt-collector1,180

2020-02-02 19:59:16.223000+00:00,dr02,sg1,,ipv4_static,0/RP0/CPU0,0,ipv4_staticnode0_RP0_CPU0,0,0,obt-collector1,60

2020-02-02 19:59:16.223000+00:00,dr02,sg1,,object_tracking,0/RP0/CPU0,0,object_trackingnode0_RP0_CPU0,0,0,obt-collector1,199

2020-02-02 19:59:16.223000+00:00,dr02,sg1,,L2VPN_ATOM,0/RP0/CPU0,0,L2VPN_ATOMnode0_RP0_CPU0,0,0,obt-collector1,120

2020-02-02 19:59:16.223000+00:00,dr02,sg1,,bundlemgr_distrib,0/RP0/CPU0,0,bundlemgr_distribnode0_RP0_CPU0,0,0,obt-collector1,60

2020-02-02 19:59:16.223000+00:00,dr02,sg1,,pim6,0/RP0/CPU0,0,pim6node0_RP0_CPU0,0,0,obt-collector1,199

2020-02-02 19:59:16.223000+00:00,dr02,sg1,,isis-SAIN,0/RP0/CPU0,0,isis-SAINnode0_RP0_CPU0,0,0,obt-collector1,60

2020-02-02 19:59:16.223000+00:00,dr02,sg1,,bgp-default,0/RP0/CPU0,36,bgp-defaultnode0_RP0_CPU0,0,0,obt-collector1,60

2020-02-02 19:59:16.224000+00:00,dr02,sg1,,pim,0/RP0/CPU0,0,pimnode0_RP0_CPU0,0,0,obt-collector1,199

2020-02-02 19:59:37.917000+00:00,dr02,sg1,,bgp-default,0/RP0/CPU0,36,bgp-defaultnode0_RP0_CPU0,0,0,obt-collector1,60

2020-02-02 19:59:37.917000+00:00,dr02,sg1,,MPLS-TE,0/RP0/CPU0,0,MPLS-TEnode0_RP0_CPU0,0,0,obt-collector1,180

2020-02-02 19:59:37.917000+00:00,dr02,sg1,,XTC,0/RP0/CPU0,0,XTCnode0_RP0_CPU0,0,0,obt-collector1,180

2020-02-02 19:59:37.917000+00:00,dr02,sg1,,ipv4_static,0/RP0/CPU0,0,ipv4_staticnode0_RP0_CPU0,0,0,obt-collector1,60

2020-02-02 19:59:37.917000+00:00,dr02,sg1,,L2VPN_ATOM,0/RP0/CPU0,0,L2VPN_ATOMnode0_RP0_CPU0,0,0,obt-collector1,120

2020-02-02 19:59:37.917000+00:00,dr02,sg1,,bundlemgr_distrib,0/RP0/CPU0,0,bundlemgr_distribnode0_RP0_CPU0,0,0,obt-collector1,60

2020-02-02 19:59:37.918000+00:00,dr02,sg1,,pim,0/RP0/CPU0,0,pimnode0_RP0_CPU0,0,0,obt-collector1,199

2020-02-02 19:59:37.918000+00:00,dr02,sg1,,object_tracking,0/RP0/CPU0,0,object_trackingnode0_RP0_CPU0,0,0,obt-collector1,199

2020-02-02 19:59:37.918000+00:00,dr02,sg1,,isis-SAIN,0/RP0/CPU0,0,isis-SAINnode0_RP0_CPU0,0,0,obt-collector1,60

2020-02-02 19:59:37.918000+00:00,dr02,sg1,,pim6,0/RP0/CPU0,0,pim6node0_RP0_CPU0,0,0,obt-collector1,199

