,Producer,Target,encap-hop-limit/do-propagate,encap-hop-limit/use-default,encap-hop-limit/value,encap-source-address,host,locator-count,node-name,protocol-name,srv6-enabled

2020-02-06 19:04:57.867000+00:00,leaf7,sg4,false,true,0,::,obt-collector1,0,0/0/CPU0,ipv6,false

2020-02-06 19:04:57.872000+00:00,leaf7,sg4,false,true,0,::,obt-collector1,0,0/RP0/CPU0,ipv6,false

2020-02-06 19:05:08.482000+00:00,leaf7,sg4,false,true,0,::,obt-collector1,0,0/0/CPU0,ipv6,false

2020-02-06 19:05:08.487000+00:00,leaf7,sg4,false,true,0,::,obt-collector1,0,0/RP0/CPU0,ipv6,false

2020-02-06 19:05:19.026000+00:00,leaf7,sg4,false,true,0,::,obt-collector1,0,0/0/CPU0,ipv6,false

2020-02-06 19:05:19.031000+00:00,leaf7,sg4,false,true,0,::,obt-collector1,0,0/RP0/CPU0,ipv6,false

2020-02-06 19:05:29.271000+00:00,leaf7,sg4,false,true,0,::,obt-collector1,0,0/0/CPU0,ipv6,false

2020-02-06 19:05:29.277000+00:00,leaf7,sg4,false,true,0,::,obt-collector1,0,0/RP0/CPU0,ipv6,false

2020-02-06 19:05:46.685000+00:00,leaf7,sg4,false,true,0,::,obt-collector1,0,0/0/CPU0,ipv6,false

2020-02-06 19:05:46.690000+00:00,leaf7,sg4,false,true,0,::,obt-collector1,0,0/RP0/CPU0,ipv6,false

2020-02-06 19:05:50.104000+00:00,leaf7,sg4,false,true,0,::,obt-collector1,0,0/0/CPU0,ipv6,false

2020-02-06 19:05:50.109000+00:00,leaf7,sg4,false,true,0,::,obt-collector1,0,0/RP0/CPU0,ipv6,false

2020-02-06 19:05:56.932000+00:00,leaf7,sg4,false,true,0,::,obt-collector1,0,0/0/CPU0,ipv6,false

2020-02-06 19:05:56.937000+00:00,leaf7,sg4,false,true,0,::,obt-collector1,0,0/RP0/CPU0,ipv6,false

2020-02-06 19:06:28.133000+00:00,leaf7,sg4,false,true,0,::,obt-collector1,0,0/0/CPU0,ipv6,false

2020-02-06 19:06:28.138000+00:00,leaf7,sg4,false,true,0,::,obt-collector1,0,0/RP0/CPU0,ipv6,false

2020-02-06 19:06:31.641000+00:00,leaf7,sg4,false,true,0,::,obt-collector1,0,0/0/CPU0,ipv6,false

2020-02-06 19:06:31.646000+00:00,leaf7,sg4,false,true,0,::,obt-collector1,0,0/RP0/CPU0,ipv6,false

2020-02-06 19:06:41.888000+00:00,leaf7,sg4,false,true,0,::,obt-collector1,0,0/0/CPU0,ipv6,false

2020-02-06 19:06:41.893000+00:00,leaf7,sg4,false,true,0,::,obt-collector1,0,0/RP0/CPU0,ipv6,false

2020-02-06 19:06:45.297000+00:00,leaf7,sg4,false,true,0,::,obt-collector1,0,0/0/CPU0,ipv6,false

2020-02-06 19:06:45.302000+00:00,leaf7,sg4,false,true,0,::,obt-collector1,0,0/RP0/CPU0,ipv6,false

2020-02-06 19:06:52.257000+00:00,leaf7,sg4,false,true,0,::,obt-collector1,0,0/0/CPU0,ipv6,false

2020-02-06 19:06:52.263000+00:00,leaf7,sg4,false,true,0,::,obt-collector1,0,0/RP0/CPU0,ipv6,false

2020-02-06 19:07:34.045000+00:00,leaf7,sg4,false,true,0,::,obt-collector1,0,0/0/CPU0,ipv6,false

2020-02-06 19:07:34.050000+00:00,leaf7,sg4,false,true,0,::,obt-collector1,0,0/RP0/CPU0,ipv6,false

2020-02-06 19:07:47.811000+00:00,leaf7,sg4,false,true,0,::,obt-collector1,0,0/0/CPU0,ipv6,false

2020-02-06 19:07:47.816000+00:00,leaf7,sg4,false,true,0,::,obt-collector1,0,0/RP0/CPU0,ipv6,false

2020-02-06 19:07:54.705000+00:00,leaf7,sg4,false,true,0,::,obt-collector1,0,0/0/CPU0,ipv6,false

2020-02-06 19:07:54.710000+00:00,leaf7,sg4,false,true,0,::,obt-collector1,0,0/RP0/CPU0,ipv6,false

2020-02-06 19:08:05.183000+00:00,leaf7,sg4,false,true,0,::,obt-collector1,0,0/0/CPU0,ipv6,false

2020-02-06 19:08:05.191000+00:00,leaf7,sg4,false,true,0,::,obt-collector1,0,0/RP0/CPU0,ipv6,false

2020-02-06 19:08:18.873000+00:00,leaf7,sg4,false,true,0,::,obt-collector1,0,0/0/CPU0,ipv6,false

2020-02-06 19:08:18.878000+00:00,leaf7,sg4,false,true,0,::,obt-collector1,0,0/RP0/CPU0,ipv6,false

2020-02-06 19:08:22.309000+00:00,leaf7,sg4,false,true,0,::,obt-collector1,0,0/0/CPU0,ipv6,false

2020-02-06 19:08:22.314000+00:00,leaf7,sg4,false,true,0,::,obt-collector1,0,0/RP0/CPU0,ipv6,false

2020-02-06 19:08:25.706000+00:00,leaf7,sg4,false,true,0,::,obt-collector1,0,0/0/CPU0,ipv6,false

2020-02-06 19:08:25.712000+00:00,leaf7,sg4,false,true,0,::,obt-collector1,0,0/RP0/CPU0,ipv6,false

2020-02-06 19:08:39.404000+00:00,leaf7,sg4,false,true,0,::,obt-collector1,0,0/0/CPU0,ipv6,false

2020-02-06 19:08:39.410000+00:00,leaf7,sg4,false,true,0,::,obt-collector1,0,0/RP0/CPU0,ipv6,false

2020-02-06 19:08:49.790000+00:00,leaf7,sg4,false,true,0,::,obt-collector1,0,0/0/CPU0,ipv6,false

2020-02-06 19:08:49.795000+00:00,leaf7,sg4,false,true,0,::,obt-collector1,0,0/RP0/CPU0,ipv6,false

2020-02-06 19:08:53.212000+00:00,leaf7,sg4,false,true,0,::,obt-collector1,0,0/0/CPU0,ipv6,false

2020-02-06 19:08:53.218000+00:00,leaf7,sg4,false,true,0,::,obt-collector1,0,0/RP0/CPU0,ipv6,false

2020-02-06 19:09:20.957000+00:00,leaf7,sg4,false,true,0,::,obt-collector1,0,0/0/CPU0,ipv6,false

2020-02-06 19:09:20.963000+00:00,leaf7,sg4,false,true,0,::,obt-collector1,0,0/RP0/CPU0,ipv6,false

2020-02-06 19:09:27.760000+00:00,leaf7,sg4,false,true,0,::,obt-collector1,0,0/0/CPU0,ipv6,false

2020-02-06 19:09:27.765000+00:00,leaf7,sg4,false,true,0,::,obt-collector1,0,0/RP0/CPU0,ipv6,false

2020-02-06 19:09:55.398000+00:00,leaf7,sg4,false,true,0,::,obt-collector1,0,0/0/CPU0,ipv6,false

2020-02-06 19:09:55.403000+00:00,leaf7,sg4,false,true,0,::,obt-collector1,0,0/RP0/CPU0,ipv6,false

2020-02-06 19:10:02.348000+00:00,leaf7,sg4,false,true,0,::,obt-collector1,0,0/0/CPU0,ipv6,false

2020-02-06 19:10:02.353000+00:00,leaf7,sg4,false,true,0,::,obt-collector1,0,0/RP0/CPU0,ipv6,false

2020-02-06 19:10:12.911000+00:00,leaf7,sg4,false,true,0,::,obt-collector1,0,0/0/CPU0,ipv6,false

2020-02-06 19:10:12.916000+00:00,leaf7,sg4,false,true,0,::,obt-collector1,0,0/RP0/CPU0,ipv6,false

2020-02-06 19:10:23.372000+00:00,leaf7,sg4,false,true,0,::,obt-collector1,0,0/0/CPU0,ipv6,false

2020-02-06 19:10:23.377000+00:00,leaf7,sg4,false,true,0,::,obt-collector1,0,0/RP0/CPU0,ipv6,false

2020-02-06 19:10:26.911000+00:00,leaf7,sg4,false,true,0,::,obt-collector1,0,0/RP0/CPU0,ipv6,false

2020-02-06 19:10:30.299000+00:00,leaf7,sg4,false,true,0,::,obt-collector1,0,0/0/CPU0,ipv6,false

2020-02-06 19:10:30.304000+00:00,leaf7,sg4,false,true,0,::,obt-collector1,0,0/RP0/CPU0,ipv6,false

2020-02-06 19:10:37.133000+00:00,leaf7,sg4,false,true,0,::,obt-collector1,0,0/0/CPU0,ipv6,false

2020-02-06 19:10:37.138000+00:00,leaf7,sg4,false,true,0,::,obt-collector1,0,0/RP0/CPU0,ipv6,false

2020-02-06 19:10:44+00:00,leaf7,sg4,false,true,0,::,obt-collector1,0,0/0/CPU0,ipv6,false

2020-02-06 19:10:44.005000+00:00,leaf7,sg4,false,true,0,::,obt-collector1,0,0/RP0/CPU0,ipv6,false

2020-02-06 19:11:07.965000+00:00,leaf7,sg4,false,true,0,::,obt-collector1,0,0/0/CPU0,ipv6,false

2020-02-06 19:11:07.970000+00:00,leaf7,sg4,false,true,0,::,obt-collector1,0,0/RP0/CPU0,ipv6,false

2020-02-06 19:11:11.375000+00:00,leaf7,sg4,false,true,0,::,obt-collector1,0,0/0/CPU0,ipv6,false

2020-02-06 19:11:11.380000+00:00,leaf7,sg4,false,true,0,::,obt-collector1,0,0/RP0/CPU0,ipv6,false

2020-02-06 19:11:21.874000+00:00,leaf7,sg4,false,true,0,::,obt-collector1,0,0/0/CPU0,ipv6,false

2020-02-06 19:11:21.879000+00:00,leaf7,sg4,false,true,0,::,obt-collector1,0,0/RP0/CPU0,ipv6,false

2020-02-06 19:11:25.295000+00:00,leaf7,sg4,false,true,0,::,obt-collector1,0,0/0/CPU0,ipv6,false

2020-02-06 19:11:25.301000+00:00,leaf7,sg4,false,true,0,::,obt-collector1,0,0/RP0/CPU0,ipv6,false

2020-02-06 19:11:28.694000+00:00,leaf7,sg4,false,true,0,::,obt-collector1,0,0/0/CPU0,ipv6,false

2020-02-06 19:11:28.700000+00:00,leaf7,sg4,false,true,0,::,obt-collector1,0,0/RP0/CPU0,ipv6,false

2020-02-06 19:11:35.527000+00:00,leaf7,sg4,false,true,0,::,obt-collector1,0,0/0/CPU0,ipv6,false

2020-02-06 19:11:35.533000+00:00,leaf7,sg4,false,true,0,::,obt-collector1,0,0/RP0/CPU0,ipv6,false

2020-02-06 19:11:56.360000+00:00,leaf7,sg4,false,true,0,::,obt-collector1,0,0/0/CPU0,ipv6,false

2020-02-06 19:11:56.365000+00:00,leaf7,sg4,false,true,0,::,obt-collector1,0,0/RP0/CPU0,ipv6,false

2020-02-06 19:12:10.397000+00:00,leaf7,sg4,false,true,0,::,obt-collector1,0,0/0/CPU0,ipv6,false

2020-02-06 19:12:10.402000+00:00,leaf7,sg4,false,true,0,::,obt-collector1,0,0/RP0/CPU0,ipv6,false

2020-02-06 19:12:17.208000+00:00,leaf7,sg4,false,true,0,::,obt-collector1,0,0/0/CPU0,ipv6,false

2020-02-06 19:12:17.213000+00:00,leaf7,sg4,false,true,0,::,obt-collector1,0,0/RP0/CPU0,ipv6,false

2020-02-06 19:12:27.589000+00:00,leaf7,sg4,false,true,0,::,obt-collector1,0,0/0/CPU0,ipv6,false

2020-02-06 19:12:27.594000+00:00,leaf7,sg4,false,true,0,::,obt-collector1,0,0/RP0/CPU0,ipv6,false

2020-02-06 19:12:37.917000+00:00,leaf7,sg4,false,true,0,::,obt-collector1,0,0/0/CPU0,ipv6,false

2020-02-06 19:12:37.922000+00:00,leaf7,sg4,false,true,0,::,obt-collector1,0,0/RP0/CPU0,ipv6,false

2020-02-06 19:12:55.163000+00:00,leaf7,sg4,false,true,0,::,obt-collector1,0,0/0/CPU0,ipv6,false

2020-02-06 19:12:55.168000+00:00,leaf7,sg4,false,true,0,::,obt-collector1,0,0/RP0/CPU0,ipv6,false

2020-02-06 19:13:05.545000+00:00,leaf7,sg4,false,true,0,::,obt-collector1,0,0/0/CPU0,ipv6,false

2020-02-06 19:13:05.550000+00:00,leaf7,sg4,false,true,0,::,obt-collector1,0,0/RP0/CPU0,ipv6,false

2020-02-06 19:13:15.965000+00:00,leaf7,sg4,false,true,0,::,obt-collector1,0,0/0/CPU0,ipv6,false

2020-02-06 19:13:15.970000+00:00,leaf7,sg4,false,true,0,::,obt-collector1,0,0/RP0/CPU0,ipv6,false

2020-02-06 19:13:22.908000+00:00,leaf7,sg4,false,true,0,::,obt-collector1,0,0/0/CPU0,ipv6,false

2020-02-06 19:13:22.913000+00:00,leaf7,sg4,false,true,0,::,obt-collector1,0,0/RP0/CPU0,ipv6,false

2020-02-06 19:14:11.444000+00:00,leaf7,sg4,false,true,0,::,obt-collector1,0,0/0/CPU0,ipv6,false

2020-02-06 19:14:11.449000+00:00,leaf7,sg4,false,true,0,::,obt-collector1,0,0/RP0/CPU0,ipv6,false

2020-02-06 19:14:14.871000+00:00,leaf7,sg4,false,true,0,::,obt-collector1,0,0/0/CPU0,ipv6,false

2020-02-06 19:14:14.876000+00:00,leaf7,sg4,false,true,0,::,obt-collector1,0,0/RP0/CPU0,ipv6,false

2020-02-06 19:14:18.299000+00:00,leaf7,sg4,false,true,0,::,obt-collector1,0,0/0/CPU0,ipv6,false

2020-02-06 19:14:18.304000+00:00,leaf7,sg4,false,true,0,::,obt-collector1,0,0/RP0/CPU0,ipv6,false

2020-02-06 19:14:25.198000+00:00,leaf7,sg4,false,true,0,::,obt-collector1,0,0/0/CPU0,ipv6,false

2020-02-06 19:14:25.203000+00:00,leaf7,sg4,false,true,0,::,obt-collector1,0,0/RP0/CPU0,ipv6,false

2020-02-06 19:14:28.621000+00:00,leaf7,sg4,false,true,0,::,obt-collector1,0,0/0/CPU0,ipv6,false

2020-02-06 19:14:28.626000+00:00,leaf7,sg4,false,true,0,::,obt-collector1,0,0/RP0/CPU0,ipv6,false

2020-02-06 19:14:32.051000+00:00,leaf7,sg4,false,true,0,::,obt-collector1,0,0/0/CPU0,ipv6,false

2020-02-06 19:14:32.056000+00:00,leaf7,sg4,false,true,0,::,obt-collector1,0,0/RP0/CPU0,ipv6,false

2020-02-06 19:14:56.270000+00:00,leaf7,sg4,false,true,0,::,obt-collector1,0,0/0/CPU0,ipv6,false

2020-02-06 19:14:56.275000+00:00,leaf7,sg4,false,true,0,::,obt-collector1,0,0/RP0/CPU0,ipv6,false

2020-02-06 19:14:59.697000+00:00,leaf7,sg4,false,true,0,::,obt-collector1,0,0/0/CPU0,ipv6,false

2020-02-06 19:14:59.702000+00:00,leaf7,sg4,false,true,0,::,obt-collector1,0,0/RP0/CPU0,ipv6,false

2020-02-06 19:15:10.152000+00:00,leaf7,sg4,false,true,0,::,obt-collector1,0,0/0/CPU0,ipv6,false

2020-02-06 19:15:10.157000+00:00,leaf7,sg4,false,true,0,::,obt-collector1,0,0/RP0/CPU0,ipv6,false

2020-02-06 19:15:34.437000+00:00,leaf7,sg4,false,true,0,::,obt-collector1,0,0/0/CPU0,ipv6,false

2020-02-06 19:15:34.443000+00:00,leaf7,sg4,false,true,0,::,obt-collector1,0,0/RP0/CPU0,ipv6,false

2020-02-06 19:15:44.864000+00:00,leaf7,sg4,false,true,0,::,obt-collector1,0,0/0/CPU0,ipv6,false

2020-02-06 19:15:44.870000+00:00,leaf7,sg4,false,true,0,::,obt-collector1,0,0/RP0/CPU0,ipv6,false

2020-02-06 19:16:23.212000+00:00,leaf7,sg4,false,true,0,::,obt-collector1,0,0/0/CPU0,ipv6,false

2020-02-06 19:16:23.218000+00:00,leaf7,sg4,false,true,0,::,obt-collector1,0,0/RP0/CPU0,ipv6,false

2020-02-06 19:16:33.695000+00:00,leaf7,sg4,false,true,0,::,obt-collector1,0,0/0/CPU0,ipv6,false

2020-02-06 19:16:33.700000+00:00,leaf7,sg4,false,true,0,::,obt-collector1,0,0/RP0/CPU0,ipv6,false

2020-02-06 19:16:37.127000+00:00,leaf7,sg4,false,true,0,::,obt-collector1,0,0/0/CPU0,ipv6,false

2020-02-06 19:16:37.133000+00:00,leaf7,sg4,false,true,0,::,obt-collector1,0,0/RP0/CPU0,ipv6,false

2020-02-06 19:16:40.556000+00:00,leaf7,sg4,false,true,0,::,obt-collector1,0,0/0/CPU0,ipv6,false

2020-02-06 19:16:40.562000+00:00,leaf7,sg4,false,true,0,::,obt-collector1,0,0/RP0/CPU0,ipv6,false

2020-02-06 19:17:18.916000+00:00,leaf7,sg4,false,true,0,::,obt-collector1,0,0/0/CPU0,ipv6,false

2020-02-06 19:17:18.921000+00:00,leaf7,sg4,false,true,0,::,obt-collector1,0,0/RP0/CPU0,ipv6,false

2020-02-06 19:17:22.322000+00:00,leaf7,sg4,false,true,0,::,obt-collector1,0,0/0/CPU0,ipv6,false

2020-02-06 19:17:22.328000+00:00,leaf7,sg4,false,true,0,::,obt-collector1,0,0/RP0/CPU0,ipv6,false

2020-02-06 19:17:25.748000+00:00,leaf7,sg4,false,true,0,::,obt-collector1,0,0/0/CPU0,ipv6,false

2020-02-06 19:17:25.753000+00:00,leaf7,sg4,false,true,0,::,obt-collector1,0,0/RP0/CPU0,ipv6,false

2020-02-06 19:17:29.238000+00:00,leaf7,sg4,false,true,0,::,obt-collector1,0,0/0/CPU0,ipv6,false

2020-02-06 19:17:29.243000+00:00,leaf7,sg4,false,true,0,::,obt-collector1,0,0/RP0/CPU0,ipv6,false

2020-02-06 19:17:36.157000+00:00,leaf7,sg4,false,true,0,::,obt-collector1,0,0/0/CPU0,ipv6,false

2020-02-06 19:17:36.163000+00:00,leaf7,sg4,false,true,0,::,obt-collector1,0,0/RP0/CPU0,ipv6,false

2020-02-06 19:17:46.574000+00:00,leaf7,sg4,false,true,0,::,obt-collector1,0,0/0/CPU0,ipv6,false

2020-02-06 19:17:46.579000+00:00,leaf7,sg4,false,true,0,::,obt-collector1,0,0/RP0/CPU0,ipv6,false

2020-02-06 19:17:56.823000+00:00,leaf7,sg4,false,true,0,::,obt-collector1,0,0/0/CPU0,ipv6,false

2020-02-06 19:17:56.829000+00:00,leaf7,sg4,false,true,0,::,obt-collector1,0,0/RP0/CPU0,ipv6,false

2020-02-06 19:18:11.925000+00:00,leaf7,sg4,false,true,0,::,obt-collector1,0,0/0/CPU0,ipv6,false

2020-02-06 19:18:11.930000+00:00,leaf7,sg4,false,true,0,::,obt-collector1,0,0/RP0/CPU0,ipv6,false

2020-02-06 19:18:22.472000+00:00,leaf7,sg4,false,true,0,::,obt-collector1,0,0/0/CPU0,ipv6,false

2020-02-06 19:18:22.478000+00:00,leaf7,sg4,false,true,0,::,obt-collector1,0,0/RP0/CPU0,ipv6,false

2020-02-06 19:18:50.220000+00:00,leaf7,sg4,false,true,0,::,obt-collector1,0,0/0/CPU0,ipv6,false

2020-02-06 19:18:50.226000+00:00,leaf7,sg4,false,true,0,::,obt-collector1,0,0/RP0/CPU0,ipv6,false

