,Producer,Target,address-family,client-instance,client-name,host,id,is-init-sync-in-progress,is-sscb-init-sync-ready,local-instance,local-node,mode,number-of-sessions,number-of-synced-sessions-down-stream,number-of-synced-sessions-up-stream,pid,protect-instance,set-id,sscb,sso-role,well-known-port

2020-02-06 19:05:08.071000+00:00,leaf7,sg0,internetwork,1,0,obt-collector1,7f5b54029018,false,true,1,0/RP0/CPU0,1,0,0,0,6791,1,646,140030228205592,1,646

2020-02-06 19:05:08.071000+00:00,leaf7,sg0,ip-version6,1,0,obt-collector1,7f5b54029288,false,true,1,0/RP0/CPU0,1,0,0,0,6791,1,647,140030228206216,1,646

2020-02-06 19:05:18.612000+00:00,leaf7,sg0,internetwork,1,0,obt-collector1,7f5b54029018,false,true,1,0/RP0/CPU0,1,0,0,0,6791,1,646,140030228205592,1,646

2020-02-06 19:05:18.612000+00:00,leaf7,sg0,ip-version6,1,0,obt-collector1,7f5b54029288,false,true,1,0/RP0/CPU0,1,0,0,0,6791,1,647,140030228206216,1,646

2020-02-06 19:05:22.055000+00:00,leaf7,sg0,internetwork,1,0,obt-collector1,7f5b54029018,false,true,1,0/RP0/CPU0,1,0,0,0,6791,1,646,140030228205592,1,646

2020-02-06 19:05:22.055000+00:00,leaf7,sg0,ip-version6,1,0,obt-collector1,7f5b54029288,false,true,1,0/RP0/CPU0,1,0,0,0,6791,1,647,140030228206216,1,646

2020-02-06 19:05:25.456000+00:00,leaf7,sg0,internetwork,1,0,obt-collector1,7f5b54029018,false,true,1,0/RP0/CPU0,1,0,0,0,6791,1,646,140030228205592,1,646

2020-02-06 19:05:25.456000+00:00,leaf7,sg0,ip-version6,1,0,obt-collector1,7f5b54029288,false,true,1,0/RP0/CPU0,1,0,0,0,6791,1,647,140030228206216,1,646

2020-02-06 19:05:35.803000+00:00,leaf7,sg0,internetwork,1,0,obt-collector1,7f5b54029018,false,true,1,0/RP0/CPU0,1,0,0,0,6791,1,646,140030228205592,1,646

2020-02-06 19:05:35.803000+00:00,leaf7,sg0,ip-version6,1,0,obt-collector1,7f5b54029288,false,true,1,0/RP0/CPU0,1,0,0,0,6791,1,647,140030228206216,1,646

2020-02-06 19:06:10.632000+00:00,leaf7,sg0,internetwork,1,0,obt-collector1,7f5b54029018,false,true,1,0/RP0/CPU0,1,0,0,0,6791,1,646,140030228205592,1,646

2020-02-06 19:06:10.632000+00:00,leaf7,sg0,ip-version6,1,0,obt-collector1,7f5b54029288,false,true,1,0/RP0/CPU0,1,0,0,0,6791,1,647,140030228206216,1,646

2020-02-06 19:06:17.529000+00:00,leaf7,sg0,internetwork,1,0,obt-collector1,7f5b54029018,false,true,1,0/RP0/CPU0,1,0,0,0,6791,1,646,140030228205592,1,646

2020-02-06 19:06:17.529000+00:00,leaf7,sg0,ip-version6,1,0,obt-collector1,7f5b54029288,false,true,1,0/RP0/CPU0,1,0,0,0,6791,1,647,140030228206216,1,646

2020-02-06 19:06:27.714000+00:00,leaf7,sg0,internetwork,1,0,obt-collector1,7f5b54029018,false,true,1,0/RP0/CPU0,1,0,0,0,6791,1,646,140030228205592,1,646

2020-02-06 19:06:27.714000+00:00,leaf7,sg0,ip-version6,1,0,obt-collector1,7f5b54029288,false,true,1,0/RP0/CPU0,1,0,0,0,6791,1,647,140030228206216,1,646

2020-02-06 19:06:41.472000+00:00,leaf7,sg0,internetwork,1,0,obt-collector1,7f5b54029018,false,true,1,0/RP0/CPU0,1,0,0,0,6791,1,646,140030228205592,1,646

2020-02-06 19:06:41.472000+00:00,leaf7,sg0,ip-version6,1,0,obt-collector1,7f5b54029288,false,true,1,0/RP0/CPU0,1,0,0,0,6791,1,647,140030228206216,1,646

2020-02-06 19:07:06.049000+00:00,leaf7,sg0,internetwork,1,0,obt-collector1,7f5b54029018,false,true,1,0/RP0/CPU0,1,0,0,0,6791,1,646,140030228205592,1,646

2020-02-06 19:07:06.049000+00:00,leaf7,sg0,ip-version6,1,0,obt-collector1,7f5b54029288,false,true,1,0/RP0/CPU0,1,0,0,0,6791,1,647,140030228206216,1,646

2020-02-06 19:07:13.002000+00:00,leaf7,sg0,internetwork,1,0,obt-collector1,7f5b54029018,false,true,1,0/RP0/CPU0,1,0,0,0,6791,1,646,140030228205592,1,646

2020-02-06 19:07:13.002000+00:00,leaf7,sg0,ip-version6,1,0,obt-collector1,7f5b54029288,false,true,1,0/RP0/CPU0,1,0,0,0,6791,1,647,140030228206216,1,646

2020-02-06 19:07:23.249000+00:00,leaf7,sg0,internetwork,1,0,obt-collector1,7f5b54029018,false,true,1,0/RP0/CPU0,1,0,0,0,6791,1,646,140030228205592,1,646

2020-02-06 19:07:23.249000+00:00,leaf7,sg0,ip-version6,1,0,obt-collector1,7f5b54029288,false,true,1,0/RP0/CPU0,1,0,0,0,6791,1,647,140030228206216,1,646

2020-02-06 19:07:37.182000+00:00,leaf7,sg0,internetwork,1,0,obt-collector1,7f5b54029018,false,true,1,0/RP0/CPU0,1,0,0,0,6791,1,646,140030228205592,1,646

2020-02-06 19:07:37.182000+00:00,leaf7,sg0,ip-version6,1,0,obt-collector1,7f5b54029288,false,true,1,0/RP0/CPU0,1,0,0,0,6791,1,647,140030228206216,1,646

2020-02-06 19:07:47.397000+00:00,leaf7,sg0,internetwork,1,0,obt-collector1,7f5b54029018,false,true,1,0/RP0/CPU0,1,0,0,0,6791,1,646,140030228205592,1,646

2020-02-06 19:07:47.397000+00:00,leaf7,sg0,ip-version6,1,0,obt-collector1,7f5b54029288,false,true,1,0/RP0/CPU0,1,0,0,0,6791,1,647,140030228206216,1,646

2020-02-06 19:08:32.176000+00:00,leaf7,sg0,internetwork,1,0,obt-collector1,7f5b54029018,false,true,1,0/RP0/CPU0,1,0,0,0,6791,1,646,140030228205592,1,646

2020-02-06 19:08:32.176000+00:00,leaf7,sg0,ip-version6,1,0,obt-collector1,7f5b54029288,false,true,1,0/RP0/CPU0,1,0,0,0,6791,1,647,140030228206216,1,646

2020-02-06 19:08:42.403000+00:00,leaf7,sg0,internetwork,1,0,obt-collector1,7f5b54029018,false,true,1,0/RP0/CPU0,1,0,0,0,6791,1,646,140030228205592,1,646

2020-02-06 19:08:42.403000+00:00,leaf7,sg0,ip-version6,1,0,obt-collector1,7f5b54029288,false,true,1,0/RP0/CPU0,1,0,0,0,6791,1,647,140030228206216,1,646

2020-02-06 19:08:45.948000+00:00,leaf7,sg0,internetwork,1,0,obt-collector1,7f5b54029018,false,true,1,0/RP0/CPU0,1,0,0,0,6791,1,646,140030228205592,1,646

2020-02-06 19:08:45.948000+00:00,leaf7,sg0,ip-version6,1,0,obt-collector1,7f5b54029288,false,true,1,0/RP0/CPU0,1,0,0,0,6791,1,647,140030228206216,1,646

2020-02-06 19:08:59.727000+00:00,leaf7,sg0,internetwork,1,0,obt-collector1,7f5b54029018,false,true,1,0/RP0/CPU0,1,0,0,0,6791,1,646,140030228205592,1,646

2020-02-06 19:08:59.727000+00:00,leaf7,sg0,ip-version6,1,0,obt-collector1,7f5b54029288,false,true,1,0/RP0/CPU0,1,0,0,0,6791,1,647,140030228206216,1,646

2020-02-06 19:09:03.134000+00:00,leaf7,sg0,internetwork,1,0,obt-collector1,7f5b54029018,false,true,1,0/RP0/CPU0,1,0,0,0,6791,1,646,140030228205592,1,646

2020-02-06 19:09:03.134000+00:00,leaf7,sg0,ip-version6,1,0,obt-collector1,7f5b54029288,false,true,1,0/RP0/CPU0,1,0,0,0,6791,1,647,140030228206216,1,646

2020-02-06 19:09:16.980000+00:00,leaf7,sg0,internetwork,1,0,obt-collector1,7f5b54029018,false,true,1,0/RP0/CPU0,1,0,0,0,6791,1,646,140030228205592,1,646

2020-02-06 19:09:16.980000+00:00,leaf7,sg0,ip-version6,1,0,obt-collector1,7f5b54029288,false,true,1,0/RP0/CPU0,1,0,0,0,6791,1,647,140030228206216,1,646

2020-02-06 19:09:30.764000+00:00,leaf7,sg0,internetwork,1,0,obt-collector1,7f5b54029018,false,true,1,0/RP0/CPU0,1,0,0,0,6791,1,646,140030228205592,1,646

2020-02-06 19:09:30.764000+00:00,leaf7,sg0,ip-version6,1,0,obt-collector1,7f5b54029288,false,true,1,0/RP0/CPU0,1,0,0,0,6791,1,647,140030228206216,1,646

2020-02-06 19:09:41.169000+00:00,leaf7,sg0,internetwork,1,0,obt-collector1,7f5b54029018,false,true,1,0/RP0/CPU0,1,0,0,0,6791,1,646,140030228205592,1,646

2020-02-06 19:09:41.169000+00:00,leaf7,sg0,ip-version6,1,0,obt-collector1,7f5b54029288,false,true,1,0/RP0/CPU0,1,0,0,0,6791,1,647,140030228206216,1,646

2020-02-06 19:09:51.584000+00:00,leaf7,sg0,internetwork,1,0,obt-collector1,7f5b54029018,false,true,1,0/RP0/CPU0,1,0,0,0,6791,1,646,140030228205592,1,646

2020-02-06 19:09:51.584000+00:00,leaf7,sg0,ip-version6,1,0,obt-collector1,7f5b54029288,false,true,1,0/RP0/CPU0,1,0,0,0,6791,1,647,140030228206216,1,646

2020-02-06 19:09:54.983000+00:00,leaf7,sg0,internetwork,1,0,obt-collector1,7f5b54029018,false,true,1,0/RP0/CPU0,1,0,0,0,6791,1,646,140030228205592,1,646

2020-02-06 19:09:54.983000+00:00,leaf7,sg0,ip-version6,1,0,obt-collector1,7f5b54029288,false,true,1,0/RP0/CPU0,1,0,0,0,6791,1,647,140030228206216,1,646

2020-02-06 19:10:12.502000+00:00,leaf7,sg0,internetwork,1,0,obt-collector1,7f5b54029018,false,true,1,0/RP0/CPU0,1,0,0,0,6791,1,646,140030228205592,1,646

2020-02-06 19:10:12.502000+00:00,leaf7,sg0,ip-version6,1,0,obt-collector1,7f5b54029288,false,true,1,0/RP0/CPU0,1,0,0,0,6791,1,647,140030228206216,1,646

2020-02-06 19:10:19.530000+00:00,leaf7,sg0,internetwork,1,0,obt-collector1,7f5b54029018,false,true,1,0/RP0/CPU0,1,0,0,0,6791,1,646,140030228205592,1,646

2020-02-06 19:10:19.530000+00:00,leaf7,sg0,ip-version6,1,0,obt-collector1,7f5b54029288,false,true,1,0/RP0/CPU0,1,0,0,0,6791,1,647,140030228206216,1,646

2020-02-06 19:10:22.947000+00:00,leaf7,sg0,internetwork,1,0,obt-collector1,7f5b54029018,false,true,1,0/RP0/CPU0,1,0,0,0,6791,1,646,140030228205592,1,646

2020-02-06 19:10:22.947000+00:00,leaf7,sg0,ip-version6,1,0,obt-collector1,7f5b54029288,false,true,1,0/RP0/CPU0,1,0,0,0,6791,1,647,140030228206216,1,646

2020-02-06 19:10:36.710000+00:00,leaf7,sg0,internetwork,1,0,obt-collector1,7f5b54029018,false,true,1,0/RP0/CPU0,1,0,0,0,6791,1,646,140030228205592,1,646

2020-02-06 19:10:36.710000+00:00,leaf7,sg0,ip-version6,1,0,obt-collector1,7f5b54029288,false,true,1,0/RP0/CPU0,1,0,0,0,6791,1,647,140030228206216,1,646

2020-02-06 19:10:40.131000+00:00,leaf7,sg0,internetwork,1,0,obt-collector1,7f5b54029018,false,true,1,0/RP0/CPU0,1,0,0,0,6791,1,646,140030228205592,1,646

2020-02-06 19:10:40.131000+00:00,leaf7,sg0,ip-version6,1,0,obt-collector1,7f5b54029288,false,true,1,0/RP0/CPU0,1,0,0,0,6791,1,647,140030228206216,1,646

2020-02-06 19:10:43.582000+00:00,leaf7,sg0,internetwork,1,0,obt-collector1,7f5b54029018,false,true,1,0/RP0/CPU0,1,0,0,0,6791,1,646,140030228205592,1,646

2020-02-06 19:10:43.582000+00:00,leaf7,sg0,ip-version6,1,0,obt-collector1,7f5b54029288,false,true,1,0/RP0/CPU0,1,0,0,0,6791,1,647,140030228206216,1,646

2020-02-06 19:10:46.989000+00:00,leaf7,sg0,internetwork,1,0,obt-collector1,7f5b54029018,false,true,1,0/RP0/CPU0,1,0,0,0,6791,1,646,140030228205592,1,646

2020-02-06 19:10:46.989000+00:00,leaf7,sg0,ip-version6,1,0,obt-collector1,7f5b54029288,false,true,1,0/RP0/CPU0,1,0,0,0,6791,1,647,140030228206216,1,646

2020-02-06 19:10:53.850000+00:00,leaf7,sg0,internetwork,1,0,obt-collector1,7f5b54029018,false,true,1,0/RP0/CPU0,1,0,0,0,6791,1,646,140030228205592,1,646

2020-02-06 19:10:53.850000+00:00,leaf7,sg0,ip-version6,1,0,obt-collector1,7f5b54029288,false,true,1,0/RP0/CPU0,1,0,0,0,6791,1,647,140030228206216,1,646

2020-02-06 19:11:10.953000+00:00,leaf7,sg0,internetwork,1,0,obt-collector1,7f5b54029018,false,true,1,0/RP0/CPU0,1,0,0,0,6791,1,646,140030228205592,1,646

2020-02-06 19:11:10.953000+00:00,leaf7,sg0,ip-version6,1,0,obt-collector1,7f5b54029288,false,true,1,0/RP0/CPU0,1,0,0,0,6791,1,647,140030228206216,1,646

2020-02-06 19:11:17.895000+00:00,leaf7,sg0,internetwork,1,0,obt-collector1,7f5b54029018,false,true,1,0/RP0/CPU0,1,0,0,0,6791,1,646,140030228205592,1,646

2020-02-06 19:11:17.895000+00:00,leaf7,sg0,ip-version6,1,0,obt-collector1,7f5b54029288,false,true,1,0/RP0/CPU0,1,0,0,0,6791,1,647,140030228206216,1,646

2020-02-06 19:12:02.865000+00:00,leaf7,sg0,internetwork,1,0,obt-collector1,7f5b54029018,false,true,1,0/RP0/CPU0,1,0,0,0,6791,1,646,140030228205592,1,646

2020-02-06 19:12:02.865000+00:00,leaf7,sg0,ip-version6,1,0,obt-collector1,7f5b54029288,false,true,1,0/RP0/CPU0,1,0,0,0,6791,1,647,140030228206216,1,646

2020-02-06 19:12:06.272000+00:00,leaf7,sg0,internetwork,1,0,obt-collector1,7f5b54029018,false,true,1,0/RP0/CPU0,1,0,0,0,6791,1,646,140030228205592,1,646

2020-02-06 19:12:06.272000+00:00,leaf7,sg0,ip-version6,1,0,obt-collector1,7f5b54029288,false,true,1,0/RP0/CPU0,1,0,0,0,6791,1,647,140030228206216,1,646

2020-02-06 19:12:20.356000+00:00,leaf7,sg0,internetwork,1,0,obt-collector1,7f5b54029018,false,true,1,0/RP0/CPU0,1,0,0,0,6791,1,646,140030228205592,1,646

2020-02-06 19:12:20.356000+00:00,leaf7,sg0,ip-version6,1,0,obt-collector1,7f5b54029288,false,true,1,0/RP0/CPU0,1,0,0,0,6791,1,647,140030228206216,1,646

2020-02-06 19:12:27.174000+00:00,leaf7,sg0,internetwork,1,0,obt-collector1,7f5b54029018,false,true,1,0/RP0/CPU0,1,0,0,0,6791,1,646,140030228205592,1,646

2020-02-06 19:12:27.174000+00:00,leaf7,sg0,ip-version6,1,0,obt-collector1,7f5b54029288,false,true,1,0/RP0/CPU0,1,0,0,0,6791,1,647,140030228206216,1,646

2020-02-06 19:12:37.500000+00:00,leaf7,sg0,internetwork,1,0,obt-collector1,7f5b54029018,false,true,1,0/RP0/CPU0,1,0,0,0,6791,1,646,140030228205592,1,646

2020-02-06 19:12:37.500000+00:00,leaf7,sg0,ip-version6,1,0,obt-collector1,7f5b54029288,false,true,1,0/RP0/CPU0,1,0,0,0,6791,1,647,140030228206216,1,646

2020-02-06 19:13:05.134000+00:00,leaf7,sg0,internetwork,1,0,obt-collector1,7f5b54029018,false,true,1,0/RP0/CPU0,1,0,0,0,6791,1,646,140030228205592,1,646

2020-02-06 19:13:05.134000+00:00,leaf7,sg0,ip-version6,1,0,obt-collector1,7f5b54029288,false,true,1,0/RP0/CPU0,1,0,0,0,6791,1,647,140030228206216,1,646

2020-02-06 19:13:15.546000+00:00,leaf7,sg0,internetwork,1,0,obt-collector1,7f5b54029018,false,true,1,0/RP0/CPU0,1,0,0,0,6791,1,646,140030228205592,1,646

2020-02-06 19:13:15.546000+00:00,leaf7,sg0,ip-version6,1,0,obt-collector1,7f5b54029288,false,true,1,0/RP0/CPU0,1,0,0,0,6791,1,647,140030228206216,1,646

2020-02-06 19:13:18.960000+00:00,leaf7,sg0,internetwork,1,0,obt-collector1,7f5b54029018,false,true,1,0/RP0/CPU0,1,0,0,0,6791,1,646,140030228205592,1,646

2020-02-06 19:13:18.960000+00:00,leaf7,sg0,ip-version6,1,0,obt-collector1,7f5b54029288,false,true,1,0/RP0/CPU0,1,0,0,0,6791,1,647,140030228206216,1,646

2020-02-06 19:14:00.337000+00:00,leaf7,sg0,internetwork,1,0,obt-collector1,7f5b54029018,false,true,1,0/RP0/CPU0,1,0,0,0,6791,1,646,140030228205592,1,646

2020-02-06 19:14:00.337000+00:00,leaf7,sg0,ip-version6,1,0,obt-collector1,7f5b54029288,false,true,1,0/RP0/CPU0,1,0,0,0,6791,1,647,140030228206216,1,646

2020-02-06 19:14:11.030000+00:00,leaf7,sg0,internetwork,1,0,obt-collector1,7f5b54029018,false,true,1,0/RP0/CPU0,1,0,0,0,6791,1,646,140030228205592,1,646

2020-02-06 19:14:11.030000+00:00,leaf7,sg0,ip-version6,1,0,obt-collector1,7f5b54029288,false,true,1,0/RP0/CPU0,1,0,0,0,6791,1,647,140030228206216,1,646

2020-02-06 19:14:38.534000+00:00,leaf7,sg0,internetwork,1,0,obt-collector1,7f5b54029018,false,true,1,0/RP0/CPU0,1,0,0,0,6791,1,646,140030228205592,1,646

2020-02-06 19:14:38.534000+00:00,leaf7,sg0,ip-version6,1,0,obt-collector1,7f5b54029288,false,true,1,0/RP0/CPU0,1,0,0,0,6791,1,647,140030228206216,1,646

2020-02-06 19:14:41.988000+00:00,leaf7,sg0,internetwork,1,0,obt-collector1,7f5b54029018,false,true,1,0/RP0/CPU0,1,0,0,0,6791,1,646,140030228205592,1,646

2020-02-06 19:14:41.988000+00:00,leaf7,sg0,ip-version6,1,0,obt-collector1,7f5b54029288,false,true,1,0/RP0/CPU0,1,0,0,0,6791,1,647,140030228206216,1,646

2020-02-06 19:14:45.537000+00:00,leaf7,sg0,internetwork,1,0,obt-collector1,7f5b54029018,false,true,1,0/RP0/CPU0,1,0,0,0,6791,1,646,140030228205592,1,646

2020-02-06 19:14:45.537000+00:00,leaf7,sg0,ip-version6,1,0,obt-collector1,7f5b54029288,false,true,1,0/RP0/CPU0,1,0,0,0,6791,1,647,140030228206216,1,646

2020-02-06 19:14:52.423000+00:00,leaf7,sg0,internetwork,1,0,obt-collector1,7f5b54029018,false,true,1,0/RP0/CPU0,1,0,0,0,6791,1,646,140030228205592,1,646

2020-02-06 19:14:52.423000+00:00,leaf7,sg0,ip-version6,1,0,obt-collector1,7f5b54029288,false,true,1,0/RP0/CPU0,1,0,0,0,6791,1,647,140030228206216,1,646

2020-02-06 19:15:09.737000+00:00,leaf7,sg0,internetwork,1,0,obt-collector1,7f5b54029018,false,true,1,0/RP0/CPU0,1,0,0,0,6791,1,646,140030228205592,1,646

2020-02-06 19:15:09.737000+00:00,leaf7,sg0,ip-version6,1,0,obt-collector1,7f5b54029288,false,true,1,0/RP0/CPU0,1,0,0,0,6791,1,647,140030228206216,1,646

2020-02-06 19:15:20.229000+00:00,leaf7,sg0,internetwork,1,0,obt-collector1,7f5b54029018,false,true,1,0/RP0/CPU0,1,0,0,0,6791,1,646,140030228205592,1,646

2020-02-06 19:15:20.229000+00:00,leaf7,sg0,ip-version6,1,0,obt-collector1,7f5b54029288,false,true,1,0/RP0/CPU0,1,0,0,0,6791,1,647,140030228206216,1,646

2020-02-06 19:15:41.027000+00:00,leaf7,sg0,internetwork,1,0,obt-collector1,7f5b54029018,false,true,1,0/RP0/CPU0,1,0,0,0,6791,1,646,140030228205592,1,646

2020-02-06 19:15:41.027000+00:00,leaf7,sg0,ip-version6,1,0,obt-collector1,7f5b54029288,false,true,1,0/RP0/CPU0,1,0,0,0,6791,1,647,140030228206216,1,646

2020-02-06 19:16:19.374000+00:00,leaf7,sg0,internetwork,1,0,obt-collector1,7f5b54029018,false,true,1,0/RP0/CPU0,1,0,0,0,6791,1,646,140030228205592,1,646

2020-02-06 19:16:19.374000+00:00,leaf7,sg0,ip-version6,1,0,obt-collector1,7f5b54029288,false,true,1,0/RP0/CPU0,1,0,0,0,6791,1,647,140030228206216,1,646

2020-02-06 19:16:26.223000+00:00,leaf7,sg0,internetwork,1,0,obt-collector1,7f5b54029018,false,true,1,0/RP0/CPU0,1,0,0,0,6791,1,646,140030228205592,1,646

2020-02-06 19:16:26.223000+00:00,leaf7,sg0,ip-version6,1,0,obt-collector1,7f5b54029288,false,true,1,0/RP0/CPU0,1,0,0,0,6791,1,647,140030228206216,1,646

2020-02-06 19:16:33.282000+00:00,leaf7,sg0,internetwork,1,0,obt-collector1,7f5b54029018,false,true,1,0/RP0/CPU0,1,0,0,0,6791,1,646,140030228205592,1,646

2020-02-06 19:16:33.282000+00:00,leaf7,sg0,ip-version6,1,0,obt-collector1,7f5b54029288,false,true,1,0/RP0/CPU0,1,0,0,0,6791,1,647,140030228206216,1,646

2020-02-06 19:16:43.579000+00:00,leaf7,sg0,internetwork,1,0,obt-collector1,7f5b54029018,false,true,1,0/RP0/CPU0,1,0,0,0,6791,1,646,140030228205592,1,646

2020-02-06 19:16:43.579000+00:00,leaf7,sg0,ip-version6,1,0,obt-collector1,7f5b54029288,false,true,1,0/RP0/CPU0,1,0,0,0,6791,1,647,140030228206216,1,646

2020-02-06 19:17:32.266000+00:00,leaf7,sg0,internetwork,1,0,obt-collector1,7f5b54029018,false,true,1,0/RP0/CPU0,1,0,0,0,6791,1,646,140030228205592,1,646

2020-02-06 19:17:32.266000+00:00,leaf7,sg0,ip-version6,1,0,obt-collector1,7f5b54029288,false,true,1,0/RP0/CPU0,1,0,0,0,6791,1,647,140030228206216,1,646

2020-02-06 19:17:35.744000+00:00,leaf7,sg0,internetwork,1,0,obt-collector1,7f5b54029018,false,true,1,0/RP0/CPU0,1,0,0,0,6791,1,646,140030228205592,1,646

2020-02-06 19:17:35.744000+00:00,leaf7,sg0,ip-version6,1,0,obt-collector1,7f5b54029288,false,true,1,0/RP0/CPU0,1,0,0,0,6791,1,647,140030228206216,1,646

2020-02-06 19:17:46.156000+00:00,leaf7,sg0,internetwork,1,0,obt-collector1,7f5b54029018,false,true,1,0/RP0/CPU0,1,0,0,0,6791,1,646,140030228205592,1,646

2020-02-06 19:17:46.156000+00:00,leaf7,sg0,ip-version6,1,0,obt-collector1,7f5b54029288,false,true,1,0/RP0/CPU0,1,0,0,0,6791,1,647,140030228206216,1,646

2020-02-06 19:17:56.410000+00:00,leaf7,sg0,internetwork,1,0,obt-collector1,7f5b54029018,false,true,1,0/RP0/CPU0,1,0,0,0,6791,1,646,140030228205592,1,646

2020-02-06 19:17:56.410000+00:00,leaf7,sg0,ip-version6,1,0,obt-collector1,7f5b54029288,false,true,1,0/RP0/CPU0,1,0,0,0,6791,1,647,140030228206216,1,646

2020-02-06 19:18:06.822000+00:00,leaf7,sg0,internetwork,1,0,obt-collector1,7f5b54029018,false,true,1,0/RP0/CPU0,1,0,0,0,6791,1,646,140030228205592,1,646

2020-02-06 19:18:06.822000+00:00,leaf7,sg0,ip-version6,1,0,obt-collector1,7f5b54029288,false,true,1,0/RP0/CPU0,1,0,0,0,6791,1,647,140030228206216,1,646

2020-02-06 19:18:14.963000+00:00,leaf7,sg0,internetwork,1,0,obt-collector1,7f5b54029018,false,true,1,0/RP0/CPU0,1,0,0,0,6791,1,646,140030228205592,1,646

2020-02-06 19:18:14.963000+00:00,leaf7,sg0,ip-version6,1,0,obt-collector1,7f5b54029288,false,true,1,0/RP0/CPU0,1,0,0,0,6791,1,647,140030228206216,1,646

2020-02-06 19:18:22.058000+00:00,leaf7,sg0,internetwork,1,0,obt-collector1,7f5b54029018,false,true,1,0/RP0/CPU0,1,0,0,0,6791,1,646,140030228205592,1,646

2020-02-06 19:18:22.058000+00:00,leaf7,sg0,ip-version6,1,0,obt-collector1,7f5b54029288,false,true,1,0/RP0/CPU0,1,0,0,0,6791,1,647,140030228206216,1,646

2020-02-06 19:18:35.971000+00:00,leaf7,sg0,internetwork,1,0,obt-collector1,7f5b54029018,false,true,1,0/RP0/CPU0,1,0,0,0,6791,1,646,140030228205592,1,646

2020-02-06 19:18:35.971000+00:00,leaf7,sg0,ip-version6,1,0,obt-collector1,7f5b54029288,false,true,1,0/RP0/CPU0,1,0,0,0,6791,1,647,140030228206216,1,646

2020-02-06 19:19:00.139000+00:00,leaf7,sg0,internetwork,1,0,obt-collector1,7f5b54029018,false,true,1,0/RP0/CPU0,1,0,0,0,6791,1,646,140030228205592,1,646

2020-02-06 19:19:00.139000+00:00,leaf7,sg0,ip-version6,1,0,obt-collector1,7f5b54029288,false,true,1,0/RP0/CPU0,1,0,0,0,6791,1,647,140030228206216,1,646

