,Producer,Target,host,node-name,protocol-name,sesa-num-client,sesa-pl-sum/sep-num-ecd-pathlist,sesa-pl-sum/sep-num-ecd-pl-per-interest/entry,sesa-pl-sum/sep-num-ecd-pl-unresolved

2020-02-06 19:04:59.249000+00:00,leaf7,sg4,obt-collector1,0/0/CPU0,ipv4,9,23,0,0

2020-02-06 19:04:59.250000+00:00,leaf7,sg4,obt-collector1,0/0/CPU0,ipv6,6,20,0,1

2020-02-06 19:04:59.252000+00:00,leaf7,sg4,obt-collector1,0/0/CPU0,mpls,0,0,0,0

2020-02-06 19:04:59.255000+00:00,leaf7,sg4,obt-collector1,0/RP0/CPU0,ipv4,10,0,0,0

2020-02-06 19:04:59.256000+00:00,leaf7,sg4,obt-collector1,0/RP0/CPU0,ipv6,2,0,0,0

2020-02-06 19:04:59.257000+00:00,leaf7,sg4,obt-collector1,0/RP0/CPU0,mpls,0,0,0,0

2020-02-06 19:05:44.661000+00:00,leaf7,sg4,obt-collector1,0/0/CPU0,ipv4,9,23,0,0

2020-02-06 19:05:44.662000+00:00,leaf7,sg4,obt-collector1,0/0/CPU0,ipv6,6,20,0,1

2020-02-06 19:05:44.663000+00:00,leaf7,sg4,obt-collector1,0/0/CPU0,mpls,0,0,0,0

2020-02-06 19:05:44.666000+00:00,leaf7,sg4,obt-collector1,0/RP0/CPU0,ipv4,10,0,0,0

2020-02-06 19:05:44.668000+00:00,leaf7,sg4,obt-collector1,0/RP0/CPU0,ipv6,2,0,0,0

2020-02-06 19:05:44.669000+00:00,leaf7,sg4,obt-collector1,0/RP0/CPU0,mpls,0,0,0,0

2020-02-06 19:05:51.480000+00:00,leaf7,sg4,obt-collector1,0/0/CPU0,ipv4,9,23,0,0

2020-02-06 19:05:51.481000+00:00,leaf7,sg4,obt-collector1,0/0/CPU0,ipv6,6,20,0,1

2020-02-06 19:05:51.482000+00:00,leaf7,sg4,obt-collector1,0/0/CPU0,mpls,0,0,0,0

2020-02-06 19:05:51.485000+00:00,leaf7,sg4,obt-collector1,0/RP0/CPU0,ipv4,10,0,0,0

2020-02-06 19:05:51.487000+00:00,leaf7,sg4,obt-collector1,0/RP0/CPU0,ipv6,2,0,0,0

2020-02-06 19:05:51.488000+00:00,leaf7,sg4,obt-collector1,0/RP0/CPU0,mpls,0,0,0,0

2020-02-06 19:05:54.888000+00:00,leaf7,sg4,obt-collector1,0/0/CPU0,ipv4,9,23,0,0

2020-02-06 19:05:54.890000+00:00,leaf7,sg4,obt-collector1,0/0/CPU0,ipv6,6,20,0,1

2020-02-06 19:05:54.891000+00:00,leaf7,sg4,obt-collector1,0/0/CPU0,mpls,0,0,0,0

2020-02-06 19:05:54.894000+00:00,leaf7,sg4,obt-collector1,0/RP0/CPU0,ipv4,10,0,0,0

2020-02-06 19:05:54.895000+00:00,leaf7,sg4,obt-collector1,0/RP0/CPU0,ipv6,2,0,0,0

2020-02-06 19:05:54.896000+00:00,leaf7,sg4,obt-collector1,0/RP0/CPU0,mpls,0,0,0,0

2020-02-06 19:07:18.224000+00:00,leaf7,sg4,obt-collector1,0/0/CPU0,ipv4,9,23,0,0

2020-02-06 19:07:18.225000+00:00,leaf7,sg4,obt-collector1,0/0/CPU0,ipv6,6,20,0,1

2020-02-06 19:07:18.226000+00:00,leaf7,sg4,obt-collector1,0/0/CPU0,mpls,0,0,0,0

2020-02-06 19:07:18.231000+00:00,leaf7,sg4,obt-collector1,0/RP0/CPU0,ipv4,10,0,0,0

2020-02-06 19:07:18.232000+00:00,leaf7,sg4,obt-collector1,0/RP0/CPU0,ipv6,2,0,0,0

2020-02-06 19:07:18.233000+00:00,leaf7,sg4,obt-collector1,0/RP0/CPU0,mpls,0,0,0,0

2020-02-06 19:07:28.452000+00:00,leaf7,sg4,obt-collector1,0/0/CPU0,ipv4,9,23,0,0

2020-02-06 19:07:28.453000+00:00,leaf7,sg4,obt-collector1,0/0/CPU0,ipv6,6,20,0,1

2020-02-06 19:07:28.454000+00:00,leaf7,sg4,obt-collector1,0/0/CPU0,mpls,0,0,0,0

2020-02-06 19:07:28.458000+00:00,leaf7,sg4,obt-collector1,0/RP0/CPU0,ipv4,10,0,0,0

2020-02-06 19:07:28.459000+00:00,leaf7,sg4,obt-collector1,0/RP0/CPU0,ipv6,2,0,0,0

2020-02-06 19:07:28.460000+00:00,leaf7,sg4,obt-collector1,0/RP0/CPU0,mpls,0,0,0,0

2020-02-06 19:07:35.423000+00:00,leaf7,sg4,obt-collector1,0/0/CPU0,ipv4,9,23,0,0

2020-02-06 19:07:35.424000+00:00,leaf7,sg4,obt-collector1,0/0/CPU0,ipv6,6,20,0,1

2020-02-06 19:07:35.425000+00:00,leaf7,sg4,obt-collector1,0/0/CPU0,mpls,0,0,0,0

2020-02-06 19:07:35.428000+00:00,leaf7,sg4,obt-collector1,0/RP0/CPU0,ipv4,10,0,0,0

2020-02-06 19:07:35.429000+00:00,leaf7,sg4,obt-collector1,0/RP0/CPU0,ipv6,2,0,0,0

2020-02-06 19:07:35.430000+00:00,leaf7,sg4,obt-collector1,0/RP0/CPU0,mpls,0,0,0,0

2020-02-06 19:07:38.973000+00:00,leaf7,sg4,obt-collector1,0/0/CPU0,ipv4,9,23,0,0

2020-02-06 19:07:38.975000+00:00,leaf7,sg4,obt-collector1,0/0/CPU0,ipv6,6,20,0,1

2020-02-06 19:07:38.976000+00:00,leaf7,sg4,obt-collector1,0/0/CPU0,mpls,0,0,0,0

2020-02-06 19:07:38.979000+00:00,leaf7,sg4,obt-collector1,0/RP0/CPU0,ipv4,10,0,0,0

2020-02-06 19:07:38.980000+00:00,leaf7,sg4,obt-collector1,0/RP0/CPU0,ipv6,2,0,0,0

2020-02-06 19:07:38.981000+00:00,leaf7,sg4,obt-collector1,0/RP0/CPU0,mpls,0,0,0,0

2020-02-06 19:08:09.942000+00:00,leaf7,sg4,obt-collector1,0/0/CPU0,ipv4,9,23,0,0

2020-02-06 19:08:09.943000+00:00,leaf7,sg4,obt-collector1,0/0/CPU0,ipv6,6,20,0,1

2020-02-06 19:08:09.945000+00:00,leaf7,sg4,obt-collector1,0/0/CPU0,mpls,0,0,0,0

2020-02-06 19:08:09.948000+00:00,leaf7,sg4,obt-collector1,0/RP0/CPU0,ipv4,10,0,0,0

2020-02-06 19:08:09.949000+00:00,leaf7,sg4,obt-collector1,0/RP0/CPU0,ipv6,2,0,0,0

2020-02-06 19:08:09.950000+00:00,leaf7,sg4,obt-collector1,0/RP0/CPU0,mpls,0,0,0,0

2020-02-06 19:08:13.346000+00:00,leaf7,sg4,obt-collector1,0/0/CPU0,ipv4,9,23,0,0

2020-02-06 19:08:13.347000+00:00,leaf7,sg4,obt-collector1,0/0/CPU0,ipv6,6,20,0,1

2020-02-06 19:08:13.348000+00:00,leaf7,sg4,obt-collector1,0/0/CPU0,mpls,0,0,0,0

2020-02-06 19:08:13.351000+00:00,leaf7,sg4,obt-collector1,0/RP0/CPU0,ipv4,10,0,0,0

2020-02-06 19:08:13.352000+00:00,leaf7,sg4,obt-collector1,0/RP0/CPU0,ipv6,2,0,0,0

2020-02-06 19:08:13.354000+00:00,leaf7,sg4,obt-collector1,0/RP0/CPU0,mpls,0,0,0,0

2020-02-06 19:08:16.770000+00:00,leaf7,sg4,obt-collector1,0/0/CPU0,ipv4,9,23,0,0

2020-02-06 19:08:16.771000+00:00,leaf7,sg4,obt-collector1,0/0/CPU0,ipv6,6,20,0,1

2020-02-06 19:08:16.772000+00:00,leaf7,sg4,obt-collector1,0/0/CPU0,mpls,0,0,0,0

2020-02-06 19:08:16.775000+00:00,leaf7,sg4,obt-collector1,0/RP0/CPU0,ipv4,10,0,0,0

2020-02-06 19:08:16.777000+00:00,leaf7,sg4,obt-collector1,0/RP0/CPU0,ipv6,2,0,0,0

2020-02-06 19:08:16.778000+00:00,leaf7,sg4,obt-collector1,0/RP0/CPU0,mpls,0,0,0,0

2020-02-06 19:08:20.261000+00:00,leaf7,sg4,obt-collector1,0/0/CPU0,ipv4,9,23,0,0

2020-02-06 19:08:20.262000+00:00,leaf7,sg4,obt-collector1,0/0/CPU0,ipv6,6,20,0,1

2020-02-06 19:08:20.263000+00:00,leaf7,sg4,obt-collector1,0/0/CPU0,mpls,0,0,0,0

2020-02-06 19:08:20.266000+00:00,leaf7,sg4,obt-collector1,0/RP0/CPU0,ipv4,10,0,0,0

2020-02-06 19:08:20.267000+00:00,leaf7,sg4,obt-collector1,0/RP0/CPU0,ipv6,2,0,0,0

2020-02-06 19:08:20.268000+00:00,leaf7,sg4,obt-collector1,0/RP0/CPU0,mpls,0,0,0,0

2020-02-06 19:08:40.783000+00:00,leaf7,sg4,obt-collector1,0/0/CPU0,ipv4,9,23,0,0

2020-02-06 19:08:40.784000+00:00,leaf7,sg4,obt-collector1,0/0/CPU0,ipv6,6,20,0,1

2020-02-06 19:08:40.785000+00:00,leaf7,sg4,obt-collector1,0/0/CPU0,mpls,0,0,0,0

2020-02-06 19:08:40.788000+00:00,leaf7,sg4,obt-collector1,0/RP0/CPU0,ipv4,10,0,0,0

2020-02-06 19:08:40.789000+00:00,leaf7,sg4,obt-collector1,0/RP0/CPU0,ipv6,2,0,0,0

2020-02-06 19:08:40.791000+00:00,leaf7,sg4,obt-collector1,0/RP0/CPU0,mpls,0,0,0,0

2020-02-06 19:08:54.583000+00:00,leaf7,sg4,obt-collector1,0/0/CPU0,ipv4,9,23,0,0

2020-02-06 19:08:54.584000+00:00,leaf7,sg4,obt-collector1,0/0/CPU0,ipv6,6,20,0,1

2020-02-06 19:08:54.585000+00:00,leaf7,sg4,obt-collector1,0/0/CPU0,mpls,0,0,0,0

2020-02-06 19:08:54.588000+00:00,leaf7,sg4,obt-collector1,0/RP0/CPU0,ipv4,10,0,0,0

2020-02-06 19:08:54.590000+00:00,leaf7,sg4,obt-collector1,0/RP0/CPU0,ipv6,2,0,0,0

2020-02-06 19:08:54.591000+00:00,leaf7,sg4,obt-collector1,0/RP0/CPU0,mpls,0,0,0,0

2020-02-06 19:10:28.277000+00:00,leaf7,sg4,obt-collector1,0/0/CPU0,ipv4,9,23,0,0

2020-02-06 19:10:28.278000+00:00,leaf7,sg4,obt-collector1,0/0/CPU0,ipv6,6,20,0,1

2020-02-06 19:10:28.279000+00:00,leaf7,sg4,obt-collector1,0/0/CPU0,mpls,0,0,0,0

2020-02-06 19:10:28.282000+00:00,leaf7,sg4,obt-collector1,0/RP0/CPU0,ipv4,10,0,0,0

2020-02-06 19:10:28.283000+00:00,leaf7,sg4,obt-collector1,0/RP0/CPU0,ipv6,2,0,0,0

2020-02-06 19:10:28.286000+00:00,leaf7,sg4,obt-collector1,0/RP0/CPU0,mpls,0,0,0,0

2020-02-06 19:10:31.681000+00:00,leaf7,sg4,obt-collector1,0/0/CPU0,ipv4,9,23,0,0

2020-02-06 19:10:31.682000+00:00,leaf7,sg4,obt-collector1,0/0/CPU0,ipv6,6,20,0,1

2020-02-06 19:10:31.684000+00:00,leaf7,sg4,obt-collector1,0/0/CPU0,mpls,0,0,0,0

2020-02-06 19:10:31.687000+00:00,leaf7,sg4,obt-collector1,0/RP0/CPU0,ipv4,10,0,0,0

2020-02-06 19:10:31.688000+00:00,leaf7,sg4,obt-collector1,0/RP0/CPU0,ipv6,2,0,0,0

2020-02-06 19:10:31.689000+00:00,leaf7,sg4,obt-collector1,0/RP0/CPU0,mpls,0,0,0,0

2020-02-06 19:10:35.093000+00:00,leaf7,sg4,obt-collector1,0/0/CPU0,ipv4,9,23,0,0

2020-02-06 19:10:35.094000+00:00,leaf7,sg4,obt-collector1,0/0/CPU0,ipv6,6,20,0,1

2020-02-06 19:10:35.095000+00:00,leaf7,sg4,obt-collector1,0/0/CPU0,mpls,0,0,0,0

2020-02-06 19:10:35.098000+00:00,leaf7,sg4,obt-collector1,0/RP0/CPU0,ipv4,10,0,0,0

2020-02-06 19:10:35.099000+00:00,leaf7,sg4,obt-collector1,0/RP0/CPU0,ipv6,2,0,0,0

2020-02-06 19:10:35.100000+00:00,leaf7,sg4,obt-collector1,0/RP0/CPU0,mpls,0,0,0,0

2020-02-06 19:11:16.267000+00:00,leaf7,sg4,obt-collector1,0/0/CPU0,ipv4,9,23,0,0

2020-02-06 19:11:16.268000+00:00,leaf7,sg4,obt-collector1,0/0/CPU0,ipv6,6,20,0,1

2020-02-06 19:11:16.269000+00:00,leaf7,sg4,obt-collector1,0/0/CPU0,mpls,0,0,0,0

2020-02-06 19:11:16.272000+00:00,leaf7,sg4,obt-collector1,0/RP0/CPU0,ipv4,10,0,0,0

2020-02-06 19:11:16.273000+00:00,leaf7,sg4,obt-collector1,0/RP0/CPU0,ipv6,2,0,0,0

2020-02-06 19:11:16.275000+00:00,leaf7,sg4,obt-collector1,0/RP0/CPU0,mpls,0,0,0,0

2020-02-06 19:11:19.690000+00:00,leaf7,sg4,obt-collector1,0/0/CPU0,ipv4,9,23,0,0

2020-02-06 19:11:19.691000+00:00,leaf7,sg4,obt-collector1,0/0/CPU0,ipv6,6,20,0,1

2020-02-06 19:11:19.692000+00:00,leaf7,sg4,obt-collector1,0/0/CPU0,mpls,0,0,0,0

2020-02-06 19:11:19.695000+00:00,leaf7,sg4,obt-collector1,0/RP0/CPU0,ipv4,10,0,0,0

2020-02-06 19:11:19.697000+00:00,leaf7,sg4,obt-collector1,0/RP0/CPU0,ipv6,2,0,0,0

2020-02-06 19:11:19.698000+00:00,leaf7,sg4,obt-collector1,0/RP0/CPU0,mpls,0,0,0,0

2020-02-06 19:12:22.170000+00:00,leaf7,sg4,obt-collector1,0/0/CPU0,ipv4,9,23,0,0

2020-02-06 19:12:22.171000+00:00,leaf7,sg4,obt-collector1,0/0/CPU0,ipv6,6,20,0,1

2020-02-06 19:12:22.172000+00:00,leaf7,sg4,obt-collector1,0/0/CPU0,mpls,0,0,0,0

2020-02-06 19:12:22.176000+00:00,leaf7,sg4,obt-collector1,0/RP0/CPU0,ipv4,10,0,0,0

2020-02-06 19:12:22.177000+00:00,leaf7,sg4,obt-collector1,0/RP0/CPU0,ipv6,2,0,0,0

2020-02-06 19:12:22.178000+00:00,leaf7,sg4,obt-collector1,0/RP0/CPU0,mpls,0,0,0,0

2020-02-06 19:12:28.979000+00:00,leaf7,sg4,obt-collector1,0/0/CPU0,ipv4,9,23,0,0

2020-02-06 19:12:28.980000+00:00,leaf7,sg4,obt-collector1,0/0/CPU0,ipv6,6,20,0,1

2020-02-06 19:12:28.981000+00:00,leaf7,sg4,obt-collector1,0/0/CPU0,mpls,0,0,0,0

2020-02-06 19:12:28.984000+00:00,leaf7,sg4,obt-collector1,0/RP0/CPU0,ipv4,10,0,0,0

2020-02-06 19:12:28.985000+00:00,leaf7,sg4,obt-collector1,0/RP0/CPU0,ipv6,2,0,0,0

2020-02-06 19:12:28.986000+00:00,leaf7,sg4,obt-collector1,0/RP0/CPU0,mpls,0,0,0,0

2020-02-06 19:12:49.685000+00:00,leaf7,sg4,obt-collector1,0/0/CPU0,ipv4,9,23,0,0

2020-02-06 19:12:49.686000+00:00,leaf7,sg4,obt-collector1,0/0/CPU0,ipv6,6,20,0,1

2020-02-06 19:12:49.687000+00:00,leaf7,sg4,obt-collector1,0/0/CPU0,mpls,0,0,0,0

2020-02-06 19:12:49.690000+00:00,leaf7,sg4,obt-collector1,0/RP0/CPU0,ipv4,10,0,0,0

2020-02-06 19:12:49.692000+00:00,leaf7,sg4,obt-collector1,0/RP0/CPU0,ipv6,2,0,0,0

2020-02-06 19:12:49.693000+00:00,leaf7,sg4,obt-collector1,0/RP0/CPU0,mpls,0,0,0,0

2020-02-06 19:13:17.351000+00:00,leaf7,sg4,obt-collector1,0/0/CPU0,ipv4,9,23,0,0

2020-02-06 19:13:17.352000+00:00,leaf7,sg4,obt-collector1,0/0/CPU0,ipv6,6,20,0,1

2020-02-06 19:13:17.353000+00:00,leaf7,sg4,obt-collector1,0/0/CPU0,mpls,0,0,0,0

2020-02-06 19:13:17.356000+00:00,leaf7,sg4,obt-collector1,0/RP0/CPU0,ipv4,10,0,0,0

2020-02-06 19:13:17.357000+00:00,leaf7,sg4,obt-collector1,0/RP0/CPU0,ipv6,2,0,0,0

2020-02-06 19:13:17.359000+00:00,leaf7,sg4,obt-collector1,0/RP0/CPU0,mpls,0,0,0,0

2020-02-06 19:13:58.732000+00:00,leaf7,sg4,obt-collector1,0/0/CPU0,ipv4,9,23,0,0

2020-02-06 19:13:58.733000+00:00,leaf7,sg4,obt-collector1,0/0/CPU0,ipv6,6,20,0,1

2020-02-06 19:13:58.734000+00:00,leaf7,sg4,obt-collector1,0/0/CPU0,mpls,0,0,0,0

2020-02-06 19:13:58.738000+00:00,leaf7,sg4,obt-collector1,0/RP0/CPU0,ipv4,10,0,0,0

2020-02-06 19:13:58.739000+00:00,leaf7,sg4,obt-collector1,0/RP0/CPU0,ipv6,2,0,0,0

2020-02-06 19:13:58.740000+00:00,leaf7,sg4,obt-collector1,0/RP0/CPU0,mpls,0,0,0,0

2020-02-06 19:14:09.434000+00:00,leaf7,sg4,obt-collector1,0/0/CPU0,ipv4,9,23,0,0

2020-02-06 19:14:09.435000+00:00,leaf7,sg4,obt-collector1,0/0/CPU0,ipv6,6,20,0,0

2020-02-06 19:14:09.436000+00:00,leaf7,sg4,obt-collector1,0/0/CPU0,mpls,0,0,0,0

2020-02-06 19:14:09.439000+00:00,leaf7,sg4,obt-collector1,0/RP0/CPU0,ipv4,10,0,0,0

2020-02-06 19:14:09.441000+00:00,leaf7,sg4,obt-collector1,0/RP0/CPU0,ipv6,2,0,0,0

2020-02-06 19:14:09.442000+00:00,leaf7,sg4,obt-collector1,0/RP0/CPU0,mpls,0,0,0,0

2020-02-06 19:14:23.173000+00:00,leaf7,sg4,obt-collector1,0/0/CPU0,ipv4,9,23,0,0

2020-02-06 19:14:23.174000+00:00,leaf7,sg4,obt-collector1,0/0/CPU0,ipv6,6,20,0,0

2020-02-06 19:14:23.175000+00:00,leaf7,sg4,obt-collector1,0/0/CPU0,mpls,0,0,0,0

2020-02-06 19:14:23.178000+00:00,leaf7,sg4,obt-collector1,0/RP0/CPU0,ipv4,10,0,0,0

2020-02-06 19:14:23.180000+00:00,leaf7,sg4,obt-collector1,0/RP0/CPU0,ipv6,2,0,0,0

2020-02-06 19:14:23.181000+00:00,leaf7,sg4,obt-collector1,0/RP0/CPU0,mpls,0,0,0,0

2020-02-06 19:14:43.814000+00:00,leaf7,sg4,obt-collector1,0/0/CPU0,ipv4,9,23,0,0

2020-02-06 19:14:43.815000+00:00,leaf7,sg4,obt-collector1,0/0/CPU0,ipv6,6,20,0,0

2020-02-06 19:14:43.817000+00:00,leaf7,sg4,obt-collector1,0/0/CPU0,mpls,0,0,0,0

2020-02-06 19:14:43.820000+00:00,leaf7,sg4,obt-collector1,0/RP0/CPU0,ipv4,10,0,0,0

2020-02-06 19:14:43.821000+00:00,leaf7,sg4,obt-collector1,0/RP0/CPU0,ipv6,2,0,0,0

2020-02-06 19:14:43.822000+00:00,leaf7,sg4,obt-collector1,0/RP0/CPU0,mpls,0,0,0,0

2020-02-06 19:14:57.674000+00:00,leaf7,sg4,obt-collector1,0/0/CPU0,ipv4,9,23,0,0

2020-02-06 19:14:57.675000+00:00,leaf7,sg4,obt-collector1,0/0/CPU0,ipv6,6,20,0,0

2020-02-06 19:14:57.676000+00:00,leaf7,sg4,obt-collector1,0/0/CPU0,mpls,0,0,0,0

2020-02-06 19:14:57.679000+00:00,leaf7,sg4,obt-collector1,0/RP0/CPU0,ipv4,10,0,0,0

2020-02-06 19:14:57.681000+00:00,leaf7,sg4,obt-collector1,0/RP0/CPU0,ipv6,2,0,0,0

2020-02-06 19:14:57.682000+00:00,leaf7,sg4,obt-collector1,0/RP0/CPU0,mpls,0,0,0,0

2020-02-06 19:15:01.073000+00:00,leaf7,sg4,obt-collector1,0/0/CPU0,ipv4,9,23,0,0

2020-02-06 19:15:01.074000+00:00,leaf7,sg4,obt-collector1,0/0/CPU0,ipv6,6,20,0,0

2020-02-06 19:15:01.075000+00:00,leaf7,sg4,obt-collector1,0/0/CPU0,mpls,0,0,0,0

2020-02-06 19:15:01.078000+00:00,leaf7,sg4,obt-collector1,0/RP0/CPU0,ipv4,10,0,0,0

2020-02-06 19:15:01.079000+00:00,leaf7,sg4,obt-collector1,0/RP0/CPU0,ipv6,2,0,0,0

2020-02-06 19:15:01.081000+00:00,leaf7,sg4,obt-collector1,0/RP0/CPU0,mpls,0,0,0,0

2020-02-06 19:15:15.030000+00:00,leaf7,sg4,obt-collector1,0/0/CPU0,ipv4,9,23,0,0

2020-02-06 19:15:15.031000+00:00,leaf7,sg4,obt-collector1,0/0/CPU0,ipv6,6,20,0,0

2020-02-06 19:15:15.032000+00:00,leaf7,sg4,obt-collector1,0/0/CPU0,mpls,0,0,0,0

2020-02-06 19:15:15.036000+00:00,leaf7,sg4,obt-collector1,0/RP0/CPU0,ipv4,10,0,0,0

2020-02-06 19:15:15.037000+00:00,leaf7,sg4,obt-collector1,0/RP0/CPU0,ipv6,2,0,0,0

2020-02-06 19:15:15.038000+00:00,leaf7,sg4,obt-collector1,0/RP0/CPU0,mpls,0,0,0,0

2020-02-06 19:15:35.827000+00:00,leaf7,sg4,obt-collector1,0/0/CPU0,ipv4,9,23,0,0

2020-02-06 19:15:35.828000+00:00,leaf7,sg4,obt-collector1,0/0/CPU0,ipv6,6,20,0,0

2020-02-06 19:15:35.829000+00:00,leaf7,sg4,obt-collector1,0/0/CPU0,mpls,0,0,0,0

2020-02-06 19:15:35.832000+00:00,leaf7,sg4,obt-collector1,0/RP0/CPU0,ipv4,10,0,0,0

2020-02-06 19:15:35.834000+00:00,leaf7,sg4,obt-collector1,0/RP0/CPU0,ipv6,2,0,0,0

2020-02-06 19:15:35.835000+00:00,leaf7,sg4,obt-collector1,0/RP0/CPU0,mpls,0,0,0,0

2020-02-06 19:15:46.268000+00:00,leaf7,sg4,obt-collector1,0/0/CPU0,ipv4,9,23,0,0

2020-02-06 19:15:46.269000+00:00,leaf7,sg4,obt-collector1,0/0/CPU0,ipv6,6,20,0,0

2020-02-06 19:15:46.270000+00:00,leaf7,sg4,obt-collector1,0/0/CPU0,mpls,0,0,0,0

2020-02-06 19:15:46.273000+00:00,leaf7,sg4,obt-collector1,0/RP0/CPU0,ipv4,10,0,0,0

2020-02-06 19:15:46.275000+00:00,leaf7,sg4,obt-collector1,0/RP0/CPU0,ipv6,2,0,0,0

2020-02-06 19:15:46.276000+00:00,leaf7,sg4,obt-collector1,0/RP0/CPU0,mpls,0,0,0,0

2020-02-06 19:15:49.686000+00:00,leaf7,sg4,obt-collector1,0/0/CPU0,ipv4,9,23,0,0

2020-02-06 19:15:49.688000+00:00,leaf7,sg4,obt-collector1,0/0/CPU0,ipv6,6,20,0,0

2020-02-06 19:15:49.689000+00:00,leaf7,sg4,obt-collector1,0/0/CPU0,mpls,0,0,0,0

2020-02-06 19:15:49.692000+00:00,leaf7,sg4,obt-collector1,0/RP0/CPU0,ipv4,10,0,0,0

2020-02-06 19:15:49.693000+00:00,leaf7,sg4,obt-collector1,0/RP0/CPU0,ipv6,2,0,0,0

2020-02-06 19:15:49.694000+00:00,leaf7,sg4,obt-collector1,0/RP0/CPU0,mpls,0,0,0,0

2020-02-06 19:16:07.001000+00:00,leaf7,sg4,obt-collector1,0/0/CPU0,ipv4,9,23,0,0

2020-02-06 19:16:07.003000+00:00,leaf7,sg4,obt-collector1,0/0/CPU0,ipv6,6,20,0,0

2020-02-06 19:16:07.004000+00:00,leaf7,sg4,obt-collector1,0/0/CPU0,mpls,0,0,0,0

2020-02-06 19:16:07.008000+00:00,leaf7,sg4,obt-collector1,0/RP0/CPU0,ipv4,10,0,0,0

2020-02-06 19:16:07.010000+00:00,leaf7,sg4,obt-collector1,0/RP0/CPU0,ipv6,2,0,0,0

2020-02-06 19:16:07.012000+00:00,leaf7,sg4,obt-collector1,0/RP0/CPU0,mpls,0,0,0,0

2020-02-06 19:16:14.297000+00:00,leaf7,sg4,obt-collector1,0/0/CPU0,ipv4,9,23,0,0

2020-02-06 19:16:14.298000+00:00,leaf7,sg4,obt-collector1,0/0/CPU0,ipv6,6,20,0,0

2020-02-06 19:16:14.299000+00:00,leaf7,sg4,obt-collector1,0/0/CPU0,mpls,0,0,0,0

2020-02-06 19:16:14.303000+00:00,leaf7,sg4,obt-collector1,0/RP0/CPU0,ipv4,10,0,0,0

2020-02-06 19:16:14.304000+00:00,leaf7,sg4,obt-collector1,0/RP0/CPU0,ipv6,2,0,0,0

2020-02-06 19:16:14.305000+00:00,leaf7,sg4,obt-collector1,0/RP0/CPU0,mpls,0,0,0,0

2020-02-06 19:16:17.781000+00:00,leaf7,sg4,obt-collector1,0/0/CPU0,ipv4,9,23,0,0

2020-02-06 19:16:17.782000+00:00,leaf7,sg4,obt-collector1,0/0/CPU0,ipv6,6,20,0,0

2020-02-06 19:16:17.783000+00:00,leaf7,sg4,obt-collector1,0/0/CPU0,mpls,0,0,0,0

2020-02-06 19:16:17.786000+00:00,leaf7,sg4,obt-collector1,0/RP0/CPU0,ipv4,10,0,0,0

2020-02-06 19:16:17.787000+00:00,leaf7,sg4,obt-collector1,0/RP0/CPU0,ipv6,2,0,0,0

2020-02-06 19:16:17.788000+00:00,leaf7,sg4,obt-collector1,0/RP0/CPU0,mpls,0,0,0,0

2020-02-06 19:16:21.184000+00:00,leaf7,sg4,obt-collector1,0/0/CPU0,ipv4,9,23,0,0

2020-02-06 19:16:21.185000+00:00,leaf7,sg4,obt-collector1,0/0/CPU0,ipv6,6,20,0,0

2020-02-06 19:16:21.187000+00:00,leaf7,sg4,obt-collector1,0/0/CPU0,mpls,0,0,0,0

2020-02-06 19:16:21.190000+00:00,leaf7,sg4,obt-collector1,0/RP0/CPU0,ipv4,10,0,0,0

2020-02-06 19:16:21.191000+00:00,leaf7,sg4,obt-collector1,0/RP0/CPU0,ipv6,2,0,0,0

2020-02-06 19:16:21.192000+00:00,leaf7,sg4,obt-collector1,0/RP0/CPU0,mpls,0,0,0,0

2020-02-06 19:16:24.606000+00:00,leaf7,sg4,obt-collector1,0/0/CPU0,ipv4,9,23,0,0

2020-02-06 19:16:24.607000+00:00,leaf7,sg4,obt-collector1,0/0/CPU0,ipv6,6,20,0,0

2020-02-06 19:16:24.608000+00:00,leaf7,sg4,obt-collector1,0/0/CPU0,mpls,0,0,0,0

2020-02-06 19:16:24.612000+00:00,leaf7,sg4,obt-collector1,0/RP0/CPU0,ipv4,10,0,0,0

2020-02-06 19:16:24.613000+00:00,leaf7,sg4,obt-collector1,0/RP0/CPU0,ipv6,2,0,0,0

2020-02-06 19:16:24.614000+00:00,leaf7,sg4,obt-collector1,0/RP0/CPU0,mpls,0,0,0,0

2020-02-06 19:16:55.701000+00:00,leaf7,sg4,obt-collector1,0/0/CPU0,ipv4,9,23,0,0

2020-02-06 19:16:55.702000+00:00,leaf7,sg4,obt-collector1,0/0/CPU0,ipv6,6,20,0,0

2020-02-06 19:16:55.703000+00:00,leaf7,sg4,obt-collector1,0/0/CPU0,mpls,0,0,0,0

2020-02-06 19:16:55.706000+00:00,leaf7,sg4,obt-collector1,0/RP0/CPU0,ipv4,10,0,0,0

2020-02-06 19:16:55.707000+00:00,leaf7,sg4,obt-collector1,0/RP0/CPU0,ipv6,2,0,0,0

2020-02-06 19:16:55.709000+00:00,leaf7,sg4,obt-collector1,0/RP0/CPU0,mpls,0,0,0,0

2020-02-06 19:17:20.306000+00:00,leaf7,sg4,obt-collector1,0/0/CPU0,ipv4,9,23,0,0

2020-02-06 19:17:20.307000+00:00,leaf7,sg4,obt-collector1,0/0/CPU0,ipv6,6,20,0,0

2020-02-06 19:17:20.308000+00:00,leaf7,sg4,obt-collector1,0/0/CPU0,mpls,0,0,0,0

2020-02-06 19:17:20.311000+00:00,leaf7,sg4,obt-collector1,0/RP0/CPU0,ipv4,10,0,0,0

2020-02-06 19:17:20.312000+00:00,leaf7,sg4,obt-collector1,0/RP0/CPU0,ipv6,2,0,0,0

2020-02-06 19:17:20.314000+00:00,leaf7,sg4,obt-collector1,0/RP0/CPU0,mpls,0,0,0,0

2020-02-06 19:17:37.558000+00:00,leaf7,sg4,obt-collector1,0/0/CPU0,ipv4,9,23,0,0

2020-02-06 19:17:37.559000+00:00,leaf7,sg4,obt-collector1,0/0/CPU0,ipv6,6,20,0,0

2020-02-06 19:17:37.560000+00:00,leaf7,sg4,obt-collector1,0/0/CPU0,mpls,0,0,0,0

2020-02-06 19:17:37.563000+00:00,leaf7,sg4,obt-collector1,0/RP0/CPU0,ipv4,10,0,0,0

2020-02-06 19:17:37.564000+00:00,leaf7,sg4,obt-collector1,0/RP0/CPU0,ipv6,2,0,0,0

2020-02-06 19:17:37.566000+00:00,leaf7,sg4,obt-collector1,0/RP0/CPU0,mpls,0,0,0,0

2020-02-06 19:17:41.079000+00:00,leaf7,sg4,obt-collector1,0/0/CPU0,ipv4,9,23,0,0

2020-02-06 19:17:41.080000+00:00,leaf7,sg4,obt-collector1,0/0/CPU0,ipv6,6,20,0,0

2020-02-06 19:17:41.081000+00:00,leaf7,sg4,obt-collector1,0/0/CPU0,mpls,0,0,0,0

2020-02-06 19:17:41.085000+00:00,leaf7,sg4,obt-collector1,0/RP0/CPU0,ipv4,10,0,0,0

2020-02-06 19:17:41.086000+00:00,leaf7,sg4,obt-collector1,0/RP0/CPU0,ipv6,2,0,0,0

2020-02-06 19:17:41.087000+00:00,leaf7,sg4,obt-collector1,0/RP0/CPU0,mpls,0,0,0,0

2020-02-06 19:17:54.803000+00:00,leaf7,sg4,obt-collector1,0/0/CPU0,ipv4,9,23,0,0

2020-02-06 19:17:54.804000+00:00,leaf7,sg4,obt-collector1,0/0/CPU0,ipv6,6,20,0,0

2020-02-06 19:17:54.805000+00:00,leaf7,sg4,obt-collector1,0/0/CPU0,mpls,0,0,0,0

2020-02-06 19:17:54.808000+00:00,leaf7,sg4,obt-collector1,0/RP0/CPU0,ipv4,10,0,0,0

2020-02-06 19:17:54.810000+00:00,leaf7,sg4,obt-collector1,0/RP0/CPU0,ipv6,2,0,0,0

2020-02-06 19:17:54.811000+00:00,leaf7,sg4,obt-collector1,0/RP0/CPU0,mpls,0,0,0,0

2020-02-06 19:18:01.633000+00:00,leaf7,sg4,obt-collector1,0/0/CPU0,ipv4,9,23,0,0

2020-02-06 19:18:01.634000+00:00,leaf7,sg4,obt-collector1,0/0/CPU0,ipv6,6,20,0,0

2020-02-06 19:18:01.635000+00:00,leaf7,sg4,obt-collector1,0/0/CPU0,mpls,0,0,0,0

2020-02-06 19:18:01.638000+00:00,leaf7,sg4,obt-collector1,0/RP0/CPU0,ipv4,10,0,0,0

2020-02-06 19:18:01.639000+00:00,leaf7,sg4,obt-collector1,0/RP0/CPU0,ipv6,2,0,0,0

2020-02-06 19:18:01.641000+00:00,leaf7,sg4,obt-collector1,0/RP0/CPU0,mpls,0,0,0,0

2020-02-06 19:18:05.202000+00:00,leaf7,sg4,obt-collector1,0/0/CPU0,ipv4,9,23,0,0

2020-02-06 19:18:05.204000+00:00,leaf7,sg4,obt-collector1,0/0/CPU0,ipv6,6,20,0,0

2020-02-06 19:18:05.205000+00:00,leaf7,sg4,obt-collector1,0/0/CPU0,mpls,0,0,0,0

2020-02-06 19:18:05.208000+00:00,leaf7,sg4,obt-collector1,0/RP0/CPU0,ipv4,10,0,0,0

2020-02-06 19:18:05.209000+00:00,leaf7,sg4,obt-collector1,0/RP0/CPU0,ipv6,2,0,0,0

2020-02-06 19:18:05.210000+00:00,leaf7,sg4,obt-collector1,0/RP0/CPU0,mpls,0,0,0,0

2020-02-06 19:18:34.346000+00:00,leaf7,sg4,obt-collector1,0/0/CPU0,ipv4,9,23,0,0

2020-02-06 19:18:34.347000+00:00,leaf7,sg4,obt-collector1,0/0/CPU0,ipv6,6,20,0,0

2020-02-06 19:18:34.348000+00:00,leaf7,sg4,obt-collector1,0/0/CPU0,mpls,0,0,0,0

2020-02-06 19:18:34.352000+00:00,leaf7,sg4,obt-collector1,0/RP0/CPU0,ipv4,10,0,0,0

2020-02-06 19:18:34.353000+00:00,leaf7,sg4,obt-collector1,0/RP0/CPU0,ipv6,2,0,0,0

2020-02-06 19:18:34.354000+00:00,leaf7,sg4,obt-collector1,0/RP0/CPU0,mpls,0,0,0,0

2020-02-06 19:18:41.202000+00:00,leaf7,sg4,obt-collector1,0/0/CPU0,ipv4,9,23,0,0

2020-02-06 19:18:41.203000+00:00,leaf7,sg4,obt-collector1,0/0/CPU0,ipv6,6,20,0,0

2020-02-06 19:18:41.204000+00:00,leaf7,sg4,obt-collector1,0/0/CPU0,mpls,0,0,0,0

2020-02-06 19:18:41.208000+00:00,leaf7,sg4,obt-collector1,0/RP0/CPU0,ipv4,10,0,0,0

2020-02-06 19:18:41.209000+00:00,leaf7,sg4,obt-collector1,0/RP0/CPU0,ipv6,2,0,0,0

2020-02-06 19:18:41.210000+00:00,leaf7,sg4,obt-collector1,0/RP0/CPU0,mpls,0,0,0,0

2020-02-06 19:18:44.777000+00:00,leaf7,sg4,obt-collector1,0/0/CPU0,ipv4,9,23,0,0

2020-02-06 19:18:44.778000+00:00,leaf7,sg4,obt-collector1,0/0/CPU0,ipv6,6,20,0,0

2020-02-06 19:18:44.779000+00:00,leaf7,sg4,obt-collector1,0/0/CPU0,mpls,0,0,0,0

2020-02-06 19:18:44.782000+00:00,leaf7,sg4,obt-collector1,0/RP0/CPU0,ipv4,10,0,0,0

2020-02-06 19:18:44.784000+00:00,leaf7,sg4,obt-collector1,0/RP0/CPU0,ipv6,2,0,0,0

2020-02-06 19:18:44.785000+00:00,leaf7,sg4,obt-collector1,0/RP0/CPU0,mpls,0,0,0,0

2020-02-06 19:18:48.194000+00:00,leaf7,sg4,obt-collector1,0/0/CPU0,ipv4,9,23,0,0

2020-02-06 19:18:48.195000+00:00,leaf7,sg4,obt-collector1,0/0/CPU0,ipv6,6,20,0,0

2020-02-06 19:18:48.196000+00:00,leaf7,sg4,obt-collector1,0/0/CPU0,mpls,0,0,0,0

2020-02-06 19:18:48.199000+00:00,leaf7,sg4,obt-collector1,0/RP0/CPU0,ipv4,10,0,0,0

2020-02-06 19:18:48.200000+00:00,leaf7,sg4,obt-collector1,0/RP0/CPU0,ipv6,2,0,0,0

2020-02-06 19:18:48.201000+00:00,leaf7,sg4,obt-collector1,0/RP0/CPU0,mpls,0,0,0,0

