,EncodingPath,Producer,Target,global__established-neighbors-count-total,global__neighbors-count-total,global__nexthop-count,global__restart-count,host,instance-name,performance-statistics__global__configuration-items-processed,performance-statistics__global__ipv4rib-server__is-rib-connection-up,performance-statistics__global__ipv4rib-server__rib-connection-up-count,performance-statistics__vrf__inbound-update-messages,vrf-name,vrf__neighbors-count,vrf__network-count,vrf__path-count,vrf__update-messages-received
2020-02-05 01:40:32.691000+00:00,Cisco-IOS-XR-ipv4-bgp-oper:bgp/instances/instance/instance-active/default-vrf/process-info,spine1,,62,64,231,2,,default,0,true,1,1963176,default,64,429,9128,1963176
2020-02-05 01:40:37.411000+00:00,Cisco-IOS-XR-ipv4-bgp-oper:bgp/instances/instance/instance-active/default-vrf/process-info,spine1,,62,64,231,2,,default,0,true,1,1963176,default,64,429,9128,1963176
2020-02-05 01:40:42.416000+00:00,Cisco-IOS-XR-ipv4-bgp-oper:bgp/instances/instance/instance-active/default-vrf/process-info,spine1,,62,64,231,2,,default,0,true,1,1963176,default,64,429,9128,1963176
2020-02-05 01:40:48.664000+00:00,Cisco-IOS-XR-ipv4-bgp-oper:bgp/instances/instance/instance-active/default-vrf/process-info,spine1,,62,64,231,2,,default,0,true,1,1963195,default,64,429,9128,1963195
2020-02-05 01:40:53.806000+00:00,Cisco-IOS-XR-ipv4-bgp-oper:bgp/instances/instance/instance-active/default-vrf/process-info,spine1,,62,64,231,2,,default,0,true,1,1963199,default,64,429,9128,1963199
2020-02-05 01:41:00.131000+00:00,Cisco-IOS-XR-ipv4-bgp-oper:bgp/instances/instance/instance-active/default-vrf/process-info,spine1,,62,64,231,2,,default,0,true,1,1963199,default,64,429,9128,1963199
2020-02-05 01:41:05.269000+00:00,Cisco-IOS-XR-ipv4-bgp-oper:bgp/instances/instance/instance-active/default-vrf/process-info,spine1,,62,64,231,2,,default,0,true,1,1963199,default,64,429,9128,1963199
2020-02-05 01:41:11.593000+00:00,Cisco-IOS-XR-ipv4-bgp-oper:bgp/instances/instance/instance-active/default-vrf/process-info,spine1,,62,64,231,2,,default,0,true,1,1963199,default,64,429,9128,1963199
2020-02-05 01:41:16.739000+00:00,Cisco-IOS-XR-ipv4-bgp-oper:bgp/instances/instance/instance-active/default-vrf/process-info,spine1,,62,64,231,2,,default,0,true,1,1963218,default,64,429,9128,1963218
2020-02-05 01:41:22.997000+00:00,Cisco-IOS-XR-ipv4-bgp-oper:bgp/instances/instance/instance-active/default-vrf/process-info,spine1,,62,64,231,2,,default,0,true,1,1963222,default,64,429,9128,1963222
2020-02-05 01:41:28.146000+00:00,Cisco-IOS-XR-ipv4-bgp-oper:bgp/instances/instance/instance-active/default-vrf/process-info,spine1,,62,64,231,2,,default,0,true,1,1963222,default,64,429,9128,1963222
2020-02-05 01:41:34.475000+00:00,Cisco-IOS-XR-ipv4-bgp-oper:bgp/instances/instance/instance-active/default-vrf/process-info,spine1,,62,64,231,2,,default,0,true,1,1963222,default,64,429,9128,1963222
2020-02-05 01:41:39.608000+00:00,Cisco-IOS-XR-ipv4-bgp-oper:bgp/instances/instance/instance-active/default-vrf/process-info,spine1,,62,64,231,2,,default,0,true,1,1963222,default,64,429,9128,1963222
2020-02-05 01:41:45.859000+00:00,Cisco-IOS-XR-ipv4-bgp-oper:bgp/instances/instance/instance-active/default-vrf/process-info,spine1,,62,64,231,2,,default,0,true,1,1963237,default,64,429,9128,1963237
2020-02-05 01:41:50.995000+00:00,Cisco-IOS-XR-ipv4-bgp-oper:bgp/instances/instance/instance-active/default-vrf/process-info,spine1,,62,64,231,2,,default,0,true,1,1963241,default,64,429,9128,1963241
2020-02-05 01:41:57.269000+00:00,Cisco-IOS-XR-ipv4-bgp-oper:bgp/instances/instance/instance-active/default-vrf/process-info,spine1,,62,64,231,2,,default,0,true,1,1963241,default,64,429,9128,1963241
2020-02-05 01:42:02.413000+00:00,Cisco-IOS-XR-ipv4-bgp-oper:bgp/instances/instance/instance-active/default-vrf/process-info,spine1,,62,64,231,2,,default,0,true,1,1963241,default,64,429,9128,1963241
2020-02-05 01:42:08.712000+00:00,Cisco-IOS-XR-ipv4-bgp-oper:bgp/instances/instance/instance-active/default-vrf/process-info,spine1,,62,64,231,2,,default,0,true,1,1963241,default,64,429,9128,1963241
2020-02-05 01:42:13.855000+00:00,Cisco-IOS-XR-ipv4-bgp-oper:bgp/instances/instance/instance-active/default-vrf/process-info,spine1,,62,64,231,2,,default,0,true,1,1963241,default,64,429,9128,1963241
2020-02-05 01:42:20.156000+00:00,Cisco-IOS-XR-ipv4-bgp-oper:bgp/instances/instance/instance-active/default-vrf/process-info,spine1,,62,64,231,2,,default,0,true,1,1963256,default,64,429,9128,1963256
2020-02-05 01:42:25.294000+00:00,Cisco-IOS-XR-ipv4-bgp-oper:bgp/instances/instance/instance-active/default-vrf/process-info,spine1,,62,64,231,2,,default,0,true,1,1963256,default,64,429,9128,1963256
2020-02-05 01:42:31.614000+00:00,Cisco-IOS-XR-ipv4-bgp-oper:bgp/instances/instance/instance-active/default-vrf/process-info,spine1,,62,64,231,2,,default,0,true,1,1963256,default,64,429,9128,1963256
2020-02-05 01:42:36.753000+00:00,Cisco-IOS-XR-ipv4-bgp-oper:bgp/instances/instance/instance-active/default-vrf/process-info,spine1,,62,64,231,2,,default,0,true,1,1963256,default,64,429,9128,1963256
2020-02-05 01:42:43.030000+00:00,Cisco-IOS-XR-ipv4-bgp-oper:bgp/instances/instance/instance-active/default-vrf/process-info,spine1,,62,64,231,2,,default,0,true,1,1963256,default,64,429,9128,1963256
2020-02-05 01:42:48.168000+00:00,Cisco-IOS-XR-ipv4-bgp-oper:bgp/instances/instance/instance-active/default-vrf/process-info,spine1,,62,64,231,2,,default,0,true,1,1963264,default,64,429,9128,1963264
2020-02-05 01:42:54.469000+00:00,Cisco-IOS-XR-ipv4-bgp-oper:bgp/instances/instance/instance-active/default-vrf/process-info,spine1,,62,64,231,2,,default,0,true,1,1963268,default,64,429,9128,1963268
2020-02-05 01:42:59.608000+00:00,Cisco-IOS-XR-ipv4-bgp-oper:bgp/instances/instance/instance-active/default-vrf/process-info,spine1,,62,64,231,2,,default,0,true,1,1963268,default,64,429,9128,1963268
2020-02-05 01:43:05.881000+00:00,Cisco-IOS-XR-ipv4-bgp-oper:bgp/instances/instance/instance-active/default-vrf/process-info,spine1,,62,64,231,2,,default,0,true,1,1963268,default,64,429,9128,1963268
2020-02-05 01:43:11.028000+00:00,Cisco-IOS-XR-ipv4-bgp-oper:bgp/instances/instance/instance-active/default-vrf/process-info,spine1,,62,64,231,2,,default,0,true,1,1963268,default,64,429,9128,1963268
2020-02-05 01:43:17.348000+00:00,Cisco-IOS-XR-ipv4-bgp-oper:bgp/instances/instance/instance-active/default-vrf/process-info,spine1,,62,64,231,2,,default,0,true,1,1963272,default,64,429,9128,1963272
2020-02-05 01:43:22.496000+00:00,Cisco-IOS-XR-ipv4-bgp-oper:bgp/instances/instance/instance-active/default-vrf/process-info,spine1,,62,64,231,2,,default,0,true,1,1963276,default,64,429,9128,1963276
2020-02-05 01:43:28.784000+00:00,Cisco-IOS-XR-ipv4-bgp-oper:bgp/instances/instance/instance-active/default-vrf/process-info,spine1,,62,64,231,2,,default,0,true,1,1963276,default,64,429,9128,1963276
2020-02-05 01:43:33.927000+00:00,Cisco-IOS-XR-ipv4-bgp-oper:bgp/instances/instance/instance-active/default-vrf/process-info,spine1,,62,64,231,2,,default,0,true,1,1963276,default,64,429,9128,1963276
2020-02-05 01:43:40.231000+00:00,Cisco-IOS-XR-ipv4-bgp-oper:bgp/instances/instance/instance-active/default-vrf/process-info,spine1,,62,64,231,2,,default,0,true,1,1963276,default,64,429,9128,1963276
2020-02-05 01:43:45.368000+00:00,Cisco-IOS-XR-ipv4-bgp-oper:bgp/instances/instance/instance-active/default-vrf/process-info,spine1,,62,64,231,2,,default,0,true,1,1963276,default,64,429,9128,1963276
2020-02-05 01:43:51.697000+00:00,Cisco-IOS-XR-ipv4-bgp-oper:bgp/instances/instance/instance-active/default-vrf/process-info,spine1,,62,64,231,2,,default,0,true,1,1963276,default,64,429,9128,1963276
2020-02-05 01:43:56.843000+00:00,Cisco-IOS-XR-ipv4-bgp-oper:bgp/instances/instance/instance-active/default-vrf/process-info,spine1,,62,64,231,2,,default,0,true,1,1963276,default,64,429,9128,1963276
2020-02-05 01:44:03.115000+00:00,Cisco-IOS-XR-ipv4-bgp-oper:bgp/instances/instance/instance-active/default-vrf/process-info,spine1,,62,64,231,2,,default,0,true,1,1963276,default,64,429,9128,1963276
2020-02-05 01:44:08.264000+00:00,Cisco-IOS-XR-ipv4-bgp-oper:bgp/instances/instance/instance-active/default-vrf/process-info,spine1,,62,64,231,2,,default,0,true,1,1963276,default,64,429,9128,1963276
2020-02-05 01:44:14.554000+00:00,Cisco-IOS-XR-ipv4-bgp-oper:bgp/instances/instance/instance-active/default-vrf/process-info,spine1,,62,64,231,2,,default,0,true,1,1963276,default,64,429,9128,1963276
2020-02-05 01:44:19.692000+00:00,Cisco-IOS-XR-ipv4-bgp-oper:bgp/instances/instance/instance-active/default-vrf/process-info,spine1,,62,64,231,2,,default,0,true,1,1963276,default,64,429,9128,1963276
2020-02-05 01:44:25.990000+00:00,Cisco-IOS-XR-ipv4-bgp-oper:bgp/instances/instance/instance-active/default-vrf/process-info,spine1,,62,64,231,2,,default,0,true,1,1963276,default,64,429,9128,1963276
2020-02-05 01:44:31.133000+00:00,Cisco-IOS-XR-ipv4-bgp-oper:bgp/instances/instance/instance-active/default-vrf/process-info,spine1,,62,64,231,2,,default,0,true,1,1963276,default,64,429,9128,1963276
2020-02-05 01:44:37.431000+00:00,Cisco-IOS-XR-ipv4-bgp-oper:bgp/instances/instance/instance-active/default-vrf/process-info,spine1,,62,64,231,2,,default,0,true,1,1963276,default,64,429,9128,1963276
2020-02-05 01:44:42.570000+00:00,Cisco-IOS-XR-ipv4-bgp-oper:bgp/instances/instance/instance-active/default-vrf/process-info,spine1,,62,64,231,2,,default,0,true,1,1963276,default,64,429,9128,1963276
2020-02-05 01:44:48.833000+00:00,Cisco-IOS-XR-ipv4-bgp-oper:bgp/instances/instance/instance-active/default-vrf/process-info,spine1,,62,64,231,2,,default,0,true,1,1963276,default,64,429,9128,1963276
2020-02-05 01:44:53.982000+00:00,Cisco-IOS-XR-ipv4-bgp-oper:bgp/instances/instance/instance-active/default-vrf/process-info,spine1,,62,64,231,2,,default,0,true,1,1963276,default,64,429,9128,1963276
2020-02-05 01:45:00.278000+00:00,Cisco-IOS-XR-ipv4-bgp-oper:bgp/instances/instance/instance-active/default-vrf/process-info,spine1,,62,64,231,2,,default,0,true,1,1963276,default,64,429,9128,1963276
2020-02-05 01:45:05.425000+00:00,Cisco-IOS-XR-ipv4-bgp-oper:bgp/instances/instance/instance-active/default-vrf/process-info,spine1,,62,64,231,2,,default,0,true,1,1963276,default,64,429,9128,1963276
2020-02-05 01:45:11.698000+00:00,Cisco-IOS-XR-ipv4-bgp-oper:bgp/instances/instance/instance-active/default-vrf/process-info,spine1,,62,64,231,2,,default,0,true,1,1963276,default,64,429,9128,1963276
2020-02-05 01:45:16.849000+00:00,Cisco-IOS-XR-ipv4-bgp-oper:bgp/instances/instance/instance-active/default-vrf/process-info,spine1,,62,64,231,2,,default,0,true,1,1963276,default,64,429,9128,1963276
2020-02-05 01:45:23.123000+00:00,Cisco-IOS-XR-ipv4-bgp-oper:bgp/instances/instance/instance-active/default-vrf/process-info,spine1,,62,64,231,2,,default,0,true,1,1963276,default,64,429,9128,1963276
2020-02-05 01:45:28.261000+00:00,Cisco-IOS-XR-ipv4-bgp-oper:bgp/instances/instance/instance-active/default-vrf/process-info,spine1,,62,64,231,2,,default,0,true,1,1963276,default,64,429,9128,1963276
2020-02-05 01:45:34.569000+00:00,Cisco-IOS-XR-ipv4-bgp-oper:bgp/instances/instance/instance-active/default-vrf/process-info,spine1,,62,64,231,2,,default,0,true,1,1963276,default,64,429,9128,1963276
2020-02-05 01:45:39.716000+00:00,Cisco-IOS-XR-ipv4-bgp-oper:bgp/instances/instance/instance-active/default-vrf/process-info,spine1,,62,64,231,2,,default,0,true,1,1963276,default,64,429,9128,1963276
2020-02-05 01:45:46.036000+00:00,Cisco-IOS-XR-ipv4-bgp-oper:bgp/instances/instance/instance-active/default-vrf/process-info,spine1,,62,64,231,2,,default,0,true,1,1963276,default,64,429,9128,1963276
2020-02-05 01:45:51.183000+00:00,Cisco-IOS-XR-ipv4-bgp-oper:bgp/instances/instance/instance-active/default-vrf/process-info,spine1,,62,64,231,2,,default,0,true,1,1963276,default,64,429,9128,1963276
2020-02-05 01:45:57.471000+00:00,Cisco-IOS-XR-ipv4-bgp-oper:bgp/instances/instance/instance-active/default-vrf/process-info,spine1,,62,64,231,2,,default,0,true,1,1963276,default,64,429,9128,1963276
2020-02-05 01:46:02.615000+00:00,Cisco-IOS-XR-ipv4-bgp-oper:bgp/instances/instance/instance-active/default-vrf/process-info,spine1,,62,64,231,2,,default,0,true,1,1963276,default,64,429,9128,1963276
2020-02-05 01:46:08.885000+00:00,Cisco-IOS-XR-ipv4-bgp-oper:bgp/instances/instance/instance-active/default-vrf/process-info,spine1,,62,64,231,2,,default,0,true,1,1963276,default,64,429,9128,1963276
2020-02-05 01:46:14.027000+00:00,Cisco-IOS-XR-ipv4-bgp-oper:bgp/instances/instance/instance-active/default-vrf/process-info,spine1,,62,64,231,2,,default,0,true,1,1963276,default,64,429,9128,1963276
2020-02-05 01:46:20.297000+00:00,Cisco-IOS-XR-ipv4-bgp-oper:bgp/instances/instance/instance-active/default-vrf/process-info,spine1,,62,64,231,2,,default,0,true,1,1963276,default,64,429,9128,1963276
2020-02-05 01:46:25.436000+00:00,Cisco-IOS-XR-ipv4-bgp-oper:bgp/instances/instance/instance-active/default-vrf/process-info,spine1,,62,64,231,2,,default,0,true,1,1963276,default,64,429,9128,1963276
2020-02-05 01:46:31.720000+00:00,Cisco-IOS-XR-ipv4-bgp-oper:bgp/instances/instance/instance-active/default-vrf/process-info,spine1,,62,64,231,2,,default,0,true,1,1963276,default,64,429,9128,1963276
2020-02-05 01:46:36.866000+00:00,Cisco-IOS-XR-ipv4-bgp-oper:bgp/instances/instance/instance-active/default-vrf/process-info,spine1,,62,64,231,2,,default,0,true,1,1963276,default,64,429,9128,1963276
2020-02-05 01:46:43.195000+00:00,Cisco-IOS-XR-ipv4-bgp-oper:bgp/instances/instance/instance-active/default-vrf/process-info,spine1,,62,64,231,2,,default,0,true,1,1963276,default,64,429,9128,1963276
2020-02-05 01:46:48.344000+00:00,Cisco-IOS-XR-ipv4-bgp-oper:bgp/instances/instance/instance-active/default-vrf/process-info,spine1,,62,64,231,2,,default,0,true,1,1963276,default,64,429,9128,1963276
2020-02-05 01:46:54.613000+00:00,Cisco-IOS-XR-ipv4-bgp-oper:bgp/instances/instance/instance-active/default-vrf/process-info,spine1,,62,64,231,2,,default,0,true,1,1963276,default,64,429,9128,1963276
2020-02-05 01:46:59.760000+00:00,Cisco-IOS-XR-ipv4-bgp-oper:bgp/instances/instance/instance-active/default-vrf/process-info,spine1,,62,64,231,2,,default,0,true,1,1963276,default,64,429,9128,1963276
2020-02-05 01:47:06.033000+00:00,Cisco-IOS-XR-ipv4-bgp-oper:bgp/instances/instance/instance-active/default-vrf/process-info,spine1,,62,64,231,2,,default,0,true,1,1963276,default,64,429,9128,1963276
2020-02-05 01:47:11.176000+00:00,Cisco-IOS-XR-ipv4-bgp-oper:bgp/instances/instance/instance-active/default-vrf/process-info,spine1,,62,64,231,2,,default,0,true,1,1963276,default,64,429,9128,1963276
2020-02-05 01:47:17.459000+00:00,Cisco-IOS-XR-ipv4-bgp-oper:bgp/instances/instance/instance-active/default-vrf/process-info,spine1,,62,64,231,2,,default,0,true,1,1963276,default,64,429,9128,1963276
2020-02-05 01:47:22.597000+00:00,Cisco-IOS-XR-ipv4-bgp-oper:bgp/instances/instance/instance-active/default-vrf/process-info,spine1,,62,64,231,2,,default,0,true,1,1963276,default,64,429,9128,1963276
2020-02-05 01:47:28.882000+00:00,Cisco-IOS-XR-ipv4-bgp-oper:bgp/instances/instance/instance-active/default-vrf/process-info,spine1,,62,64,231,2,,default,0,true,1,1963276,default,64,429,9128,1963276
2020-02-05 01:47:34.028000+00:00,Cisco-IOS-XR-ipv4-bgp-oper:bgp/instances/instance/instance-active/default-vrf/process-info,spine1,,62,64,231,2,,default,0,true,1,1963276,default,64,429,9128,1963276
2020-02-05 01:47:40.317000+00:00,Cisco-IOS-XR-ipv4-bgp-oper:bgp/instances/instance/instance-active/default-vrf/process-info,spine1,,62,64,231,2,,default,0,true,1,1963276,default,64,429,9128,1963276
2020-02-05 01:47:45.466000+00:00,Cisco-IOS-XR-ipv4-bgp-oper:bgp/instances/instance/instance-active/default-vrf/process-info,spine1,,62,64,231,2,,default,0,true,1,1963276,default,64,429,9128,1963276
2020-02-05 01:47:51.757000+00:00,Cisco-IOS-XR-ipv4-bgp-oper:bgp/instances/instance/instance-active/default-vrf/process-info,spine1,,62,64,231,2,,default,0,true,1,1963276,default,64,429,9128,1963276
2020-02-05 01:47:56.905000+00:00,Cisco-IOS-XR-ipv4-bgp-oper:bgp/instances/instance/instance-active/default-vrf/process-info,spine1,,62,64,231,2,,default,0,true,1,1963276,default,64,429,9128,1963276
2020-02-05 01:48:03.181000+00:00,Cisco-IOS-XR-ipv4-bgp-oper:bgp/instances/instance/instance-active/default-vrf/process-info,spine1,,62,64,231,2,,default,0,true,1,1963276,default,64,429,9128,1963276
2020-02-05 01:48:08.321000+00:00,Cisco-IOS-XR-ipv4-bgp-oper:bgp/instances/instance/instance-active/default-vrf/process-info,spine1,,62,64,231,2,,default,0,true,1,1963276,default,64,429,9128,1963276
2020-02-05 01:48:14.606000+00:00,Cisco-IOS-XR-ipv4-bgp-oper:bgp/instances/instance/instance-active/default-vrf/process-info,spine1,,62,64,231,2,,default,0,true,1,1963276,default,64,429,9128,1963276
2020-02-05 01:48:19.747000+00:00,Cisco-IOS-XR-ipv4-bgp-oper:bgp/instances/instance/instance-active/default-vrf/process-info,spine1,,62,64,231,2,,default,0,true,1,1963276,default,64,429,9128,1963276
2020-02-05 01:48:26.023000+00:00,Cisco-IOS-XR-ipv4-bgp-oper:bgp/instances/instance/instance-active/default-vrf/process-info,spine1,,62,64,231,2,,default,0,true,1,1963276,default,64,429,9128,1963276
2020-02-05 01:48:31.173000+00:00,Cisco-IOS-XR-ipv4-bgp-oper:bgp/instances/instance/instance-active/default-vrf/process-info,spine1,,62,64,231,2,,default,0,true,1,1963276,default,64,429,9128,1963276
2020-02-05 01:48:37.462000+00:00,Cisco-IOS-XR-ipv4-bgp-oper:bgp/instances/instance/instance-active/default-vrf/process-info,spine1,,62,64,231,2,,default,0,true,1,1963276,default,64,429,9128,1963276
2020-02-05 01:48:42.610000+00:00,Cisco-IOS-XR-ipv4-bgp-oper:bgp/instances/instance/instance-active/default-vrf/process-info,spine1,,62,64,231,2,,default,0,true,1,1963276,default,64,429,9128,1963276
2020-02-05 01:48:48.876000+00:00,Cisco-IOS-XR-ipv4-bgp-oper:bgp/instances/instance/instance-active/default-vrf/process-info,spine1,,62,64,231,2,,default,0,true,1,1963276,default,64,429,9128,1963276
2020-02-05 01:48:54.017000+00:00,Cisco-IOS-XR-ipv4-bgp-oper:bgp/instances/instance/instance-active/default-vrf/process-info,spine1,,62,64,231,2,,default,0,true,1,1963276,default,64,429,9128,1963276
2020-02-05 01:49:00.307000+00:00,Cisco-IOS-XR-ipv4-bgp-oper:bgp/instances/instance/instance-active/default-vrf/process-info,spine1,,62,64,231,2,,default,0,true,1,1963276,default,64,429,9128,1963276
2020-02-05 01:49:05.445000+00:00,Cisco-IOS-XR-ipv4-bgp-oper:bgp/instances/instance/instance-active/default-vrf/process-info,spine1,,62,64,231,2,,default,0,true,1,1963276,default,64,429,9128,1963276
2020-02-05 01:49:11.744000+00:00,Cisco-IOS-XR-ipv4-bgp-oper:bgp/instances/instance/instance-active/default-vrf/process-info,spine1,,62,64,231,2,,default,0,true,1,1963276,default,64,429,9128,1963276
2020-02-05 01:49:16.888000+00:00,Cisco-IOS-XR-ipv4-bgp-oper:bgp/instances/instance/instance-active/default-vrf/process-info,spine1,,62,64,231,2,,default,0,true,1,1963276,default,64,429,9128,1963276
2020-02-05 01:49:23.156000+00:00,Cisco-IOS-XR-ipv4-bgp-oper:bgp/instances/instance/instance-active/default-vrf/process-info,spine1,,62,64,231,2,,default,0,true,1,1963276,default,64,429,9128,1963276
2020-02-05 01:49:28.303000+00:00,Cisco-IOS-XR-ipv4-bgp-oper:bgp/instances/instance/instance-active/default-vrf/process-info,spine1,,62,64,231,2,,default,0,true,1,1963276,default,64,429,9128,1963276
2020-02-05 01:49:34.571000+00:00,Cisco-IOS-XR-ipv4-bgp-oper:bgp/instances/instance/instance-active/default-vrf/process-info,spine1,,62,64,231,2,,default,0,true,1,1963276,default,64,429,9128,1963276
2020-02-05 01:49:39.720000+00:00,Cisco-IOS-XR-ipv4-bgp-oper:bgp/instances/instance/instance-active/default-vrf/process-info,spine1,,62,64,231,2,,default,0,true,1,1963276,default,64,429,9128,1963276
2020-02-05 01:49:45.991000+00:00,Cisco-IOS-XR-ipv4-bgp-oper:bgp/instances/instance/instance-active/default-vrf/process-info,spine1,,62,64,231,2,,default,0,true,1,1963276,default,64,429,9128,1963276
2020-02-05 01:49:51.133000+00:00,Cisco-IOS-XR-ipv4-bgp-oper:bgp/instances/instance/instance-active/default-vrf/process-info,spine1,,62,64,231,2,,default,0,true,1,1963276,default,64,429,9128,1963276
2020-02-05 01:49:57.443000+00:00,Cisco-IOS-XR-ipv4-bgp-oper:bgp/instances/instance/instance-active/default-vrf/process-info,spine1,,62,64,231,2,,default,0,true,1,1963276,default,64,429,9128,1963276
2020-02-05 01:50:02.581000+00:00,Cisco-IOS-XR-ipv4-bgp-oper:bgp/instances/instance/instance-active/default-vrf/process-info,spine1,,62,64,231,2,,default,0,true,1,1963276,default,64,429,9128,1963276
2020-02-05 01:50:08.893000+00:00,Cisco-IOS-XR-ipv4-bgp-oper:bgp/instances/instance/instance-active/default-vrf/process-info,spine1,,62,64,231,2,,default,0,true,1,1963276,default,64,429,9128,1963276
2020-02-05 01:50:14.039000+00:00,Cisco-IOS-XR-ipv4-bgp-oper:bgp/instances/instance/instance-active/default-vrf/process-info,spine1,,62,64,231,2,,default,0,true,1,1963276,default,64,429,9128,1963276
2020-02-05 01:50:20.366000+00:00,Cisco-IOS-XR-ipv4-bgp-oper:bgp/instances/instance/instance-active/default-vrf/process-info,spine1,,62,64,231,2,,default,0,true,1,1963276,default,64,429,9128,1963276
2020-02-05 01:50:25.508000+00:00,Cisco-IOS-XR-ipv4-bgp-oper:bgp/instances/instance/instance-active/default-vrf/process-info,spine1,,62,64,231,2,,default,0,true,1,1963276,default,64,429,9128,1963276
2020-02-05 01:50:31.783000+00:00,Cisco-IOS-XR-ipv4-bgp-oper:bgp/instances/instance/instance-active/default-vrf/process-info,spine1,,62,64,231,2,,default,0,true,1,1963338,default,64,429,9101,1963338
2020-02-05 01:50:36.921000+00:00,Cisco-IOS-XR-ipv4-bgp-oper:bgp/instances/instance/instance-active/default-vrf/process-info,spine1,,62,64,231,2,,default,0,true,1,1963338,default,64,429,9101,1963338
2020-02-05 01:50:43.190000+00:00,Cisco-IOS-XR-ipv4-bgp-oper:bgp/instances/instance/instance-active/default-vrf/process-info,spine1,,62,64,231,2,,default,0,true,1,1963338,default,64,429,9101,1963338
2020-02-05 01:50:48.330000+00:00,Cisco-IOS-XR-ipv4-bgp-oper:bgp/instances/instance/instance-active/default-vrf/process-info,spine1,,62,64,231,2,,default,0,true,1,1963338,default,64,429,9101,1963338
2020-02-05 01:50:54.586000+00:00,Cisco-IOS-XR-ipv4-bgp-oper:bgp/instances/instance/instance-active/default-vrf/process-info,spine1,,62,64,231,2,,default,0,true,1,1963338,default,64,429,9101,1963338
2020-02-05 01:50:59.728000+00:00,Cisco-IOS-XR-ipv4-bgp-oper:bgp/instances/instance/instance-active/default-vrf/process-info,spine1,,62,64,231,2,,default,0,true,1,1963400,default,64,429,9109,1963400
2020-02-05 01:51:06.028000+00:00,Cisco-IOS-XR-ipv4-bgp-oper:bgp/instances/instance/instance-active/default-vrf/process-info,spine1,,62,64,231,2,,default,0,true,1,1963400,default,64,429,9109,1963400
2020-02-05 01:51:11.174000+00:00,Cisco-IOS-XR-ipv4-bgp-oper:bgp/instances/instance/instance-active/default-vrf/process-info,spine1,,62,64,231,2,,default,0,true,1,1963400,default,64,429,9109,1963400
2020-02-05 01:51:17.470000+00:00,Cisco-IOS-XR-ipv4-bgp-oper:bgp/instances/instance/instance-active/default-vrf/process-info,spine1,,62,64,231,2,,default,0,true,1,1963400,default,64,429,9109,1963400
2020-02-05 01:51:22.614000+00:00,Cisco-IOS-XR-ipv4-bgp-oper:bgp/instances/instance/instance-active/default-vrf/process-info,spine1,,62,64,231,2,,default,0,true,1,1963400,default,64,429,9109,1963400
2020-02-05 01:51:28.929000+00:00,Cisco-IOS-XR-ipv4-bgp-oper:bgp/instances/instance/instance-active/default-vrf/process-info,spine1,,62,64,231,2,,default,0,true,1,1963452,default,64,429,9088,1963452
2020-02-05 01:51:34.076000+00:00,Cisco-IOS-XR-ipv4-bgp-oper:bgp/instances/instance/instance-active/default-vrf/process-info,spine1,,62,64,231,2,,default,0,true,1,1963462,default,64,429,9082,1963462
2020-02-05 01:51:40.346000+00:00,Cisco-IOS-XR-ipv4-bgp-oper:bgp/instances/instance/instance-active/default-vrf/process-info,spine1,,62,64,231,2,,default,0,true,1,1963462,default,64,429,9082,1963462
2020-02-05 01:51:45.482000+00:00,Cisco-IOS-XR-ipv4-bgp-oper:bgp/instances/instance/instance-active/default-vrf/process-info,spine1,,62,64,231,2,,default,0,true,1,1963462,default,64,429,9082,1963462
2020-02-05 01:51:51.774000+00:00,Cisco-IOS-XR-ipv4-bgp-oper:bgp/instances/instance/instance-active/default-vrf/process-info,spine1,,62,64,231,2,,default,0,true,1,1963462,default,64,429,9082,1963462
2020-02-05 01:51:56.922000+00:00,Cisco-IOS-XR-ipv4-bgp-oper:bgp/instances/instance/instance-active/default-vrf/process-info,spine1,,62,64,231,2,,default,0,true,1,1963462,default,64,429,9082,1963462
2020-02-05 01:52:03.202000+00:00,Cisco-IOS-XR-ipv4-bgp-oper:bgp/instances/instance/instance-active/default-vrf/process-info,spine1,,62,64,231,2,,default,0,true,1,1963524,default,64,429,9108,1963524
2020-02-05 01:52:08.351000+00:00,Cisco-IOS-XR-ipv4-bgp-oper:bgp/instances/instance/instance-active/default-vrf/process-info,spine1,,62,64,231,2,,default,0,true,1,1963524,default,64,429,9108,1963524
2020-02-05 01:52:14.649000+00:00,Cisco-IOS-XR-ipv4-bgp-oper:bgp/instances/instance/instance-active/default-vrf/process-info,spine1,,62,64,231,2,,default,0,true,1,1963524,default,64,429,9108,1963524
2020-02-05 01:52:19.787000+00:00,Cisco-IOS-XR-ipv4-bgp-oper:bgp/instances/instance/instance-active/default-vrf/process-info,spine1,,62,64,231,2,,default,0,true,1,1963524,default,64,429,9108,1963524
2020-02-05 01:52:26.073000+00:00,Cisco-IOS-XR-ipv4-bgp-oper:bgp/instances/instance/instance-active/default-vrf/process-info,spine1,,62,64,231,2,,default,0,true,1,1963524,default,64,429,9108,1963524
2020-02-05 01:52:31.212000+00:00,Cisco-IOS-XR-ipv4-bgp-oper:bgp/instances/instance/instance-active/default-vrf/process-info,spine1,,62,64,231,2,,default,0,true,1,1963578,default,64,429,9081,1963578
2020-02-05 01:52:37.540000+00:00,Cisco-IOS-XR-ipv4-bgp-oper:bgp/instances/instance/instance-active/default-vrf/process-info,spine1,,62,64,231,2,,default,0,true,1,1963578,default,64,429,9081,1963578
2020-02-05 01:52:42.679000+00:00,Cisco-IOS-XR-ipv4-bgp-oper:bgp/instances/instance/instance-active/default-vrf/process-info,spine1,,62,64,231,2,,default,0,true,1,1963578,default,64,429,9081,1963578
2020-02-05 01:52:48.971000+00:00,Cisco-IOS-XR-ipv4-bgp-oper:bgp/instances/instance/instance-active/default-vrf/process-info,spine1,,62,64,231,2,,default,0,true,1,1963578,default,64,429,9081,1963578
2020-02-05 01:52:54.116000+00:00,Cisco-IOS-XR-ipv4-bgp-oper:bgp/instances/instance/instance-active/default-vrf/process-info,spine1,,62,64,231,2,,default,0,true,1,1963578,default,64,429,9081,1963578
2020-02-05 01:53:00.384000+00:00,Cisco-IOS-XR-ipv4-bgp-oper:bgp/instances/instance/instance-active/default-vrf/process-info,spine1,,62,64,231,2,,default,0,true,1,1963632,default,64,429,9102,1963632
2020-02-05 01:53:05.533000+00:00,Cisco-IOS-XR-ipv4-bgp-oper:bgp/instances/instance/instance-active/default-vrf/process-info,spine1,,62,64,231,2,,default,0,true,1,1963632,default,64,429,9102,1963632
2020-02-05 01:53:11.876000+00:00,Cisco-IOS-XR-ipv4-bgp-oper:bgp/instances/instance/instance-active/default-vrf/process-info,spine1,,62,64,231,2,,default,0,true,1,1963632,default,64,429,9102,1963632
2020-02-05 01:53:17.021000+00:00,Cisco-IOS-XR-ipv4-bgp-oper:bgp/instances/instance/instance-active/default-vrf/process-info,spine1,,62,64,231,2,,default,0,true,1,1963632,default,64,429,9102,1963632
2020-02-05 01:53:23.293000+00:00,Cisco-IOS-XR-ipv4-bgp-oper:bgp/instances/instance/instance-active/default-vrf/process-info,spine1,,62,64,231,2,,default,0,true,1,1963632,default,64,429,9102,1963632
2020-02-05 01:53:28.433000+00:00,Cisco-IOS-XR-ipv4-bgp-oper:bgp/instances/instance/instance-active/default-vrf/process-info,spine1,,62,64,231,2,,default,0,true,1,1963632,default,64,429,9102,1963632
2020-02-05 01:53:34.734000+00:00,Cisco-IOS-XR-ipv4-bgp-oper:bgp/instances/instance/instance-active/default-vrf/process-info,spine1,,62,64,231,2,,default,0,true,1,1963686,default,64,429,9070,1963686
2020-02-05 01:53:39.876000+00:00,Cisco-IOS-XR-ipv4-bgp-oper:bgp/instances/instance/instance-active/default-vrf/process-info,spine1,,62,64,231,2,,default,0,true,1,1963686,default,64,429,9070,1963686
2020-02-05 01:53:46.146000+00:00,Cisco-IOS-XR-ipv4-bgp-oper:bgp/instances/instance/instance-active/default-vrf/process-info,spine1,,62,64,231,2,,default,0,true,1,1963686,default,64,429,9070,1963686
2020-02-05 01:53:51.291000+00:00,Cisco-IOS-XR-ipv4-bgp-oper:bgp/instances/instance/instance-active/default-vrf/process-info,spine1,,62,64,231,2,,default,0,true,1,1963686,default,64,429,9070,1963686
2020-02-05 01:53:57.555000+00:00,Cisco-IOS-XR-ipv4-bgp-oper:bgp/instances/instance/instance-active/default-vrf/process-info,spine1,,62,64,231,2,,default,0,true,1,1963686,default,64,429,9070,1963686
2020-02-05 01:54:02.697000+00:00,Cisco-IOS-XR-ipv4-bgp-oper:bgp/instances/instance/instance-active/default-vrf/process-info,spine1,,62,64,231,2,,default,0,true,1,1963736,default,64,429,9078,1963736
2020-02-05 01:54:09.006000+00:00,Cisco-IOS-XR-ipv4-bgp-oper:bgp/instances/instance/instance-active/default-vrf/process-info,spine1,,62,64,231,2,,default,0,true,1,1963736,default,64,429,9078,1963736
2020-02-05 01:54:14.147000+00:00,Cisco-IOS-XR-ipv4-bgp-oper:bgp/instances/instance/instance-active/default-vrf/process-info,spine1,,62,64,231,2,,default,0,true,1,1963736,default,64,429,9078,1963736
2020-02-05 01:54:20.425000+00:00,Cisco-IOS-XR-ipv4-bgp-oper:bgp/instances/instance/instance-active/default-vrf/process-info,spine1,,62,64,231,2,,default,0,true,1,1963736,default,64,429,9078,1963736
2020-02-05 01:54:25.565000+00:00,Cisco-IOS-XR-ipv4-bgp-oper:bgp/instances/instance/instance-active/default-vrf/process-info,spine1,,62,64,231,2,,default,0,true,1,1963736,default,64,429,9078,1963736
2020-02-05 01:54:31.862000+00:00,Cisco-IOS-XR-ipv4-bgp-oper:bgp/instances/instance/instance-active/default-vrf/process-info,spine1,,62,64,231,2,,default,0,true,1,1963786,default,64,428,9074,1963786
2020-02-05 01:54:37.011000+00:00,Cisco-IOS-XR-ipv4-bgp-oper:bgp/instances/instance/instance-active/default-vrf/process-info,spine1,,62,64,231,2,,default,0,true,1,1963786,default,64,428,9074,1963786
2020-02-05 01:54:43.475000+00:00,Cisco-IOS-XR-ipv4-bgp-oper:bgp/instances/instance/instance-active/default-vrf/process-info,spine1,,62,64,231,2,,default,0,true,1,1963786,default,64,428,9074,1963786
2020-02-05 01:54:48.622000+00:00,Cisco-IOS-XR-ipv4-bgp-oper:bgp/instances/instance/instance-active/default-vrf/process-info,spine1,,62,64,231,2,,default,0,true,1,1963786,default,64,428,9074,1963786
2020-02-05 01:54:54.686000+00:00,Cisco-IOS-XR-ipv4-bgp-oper:bgp/instances/instance/instance-active/default-vrf/process-info,spine1,,62,64,231,2,,default,0,true,1,1963786,default,64,428,9074,1963786
2020-02-05 01:54:59.835000+00:00,Cisco-IOS-XR-ipv4-bgp-oper:bgp/instances/instance/instance-active/default-vrf/process-info,spine1,,62,64,231,2,,default,0,true,1,1963825,default,64,428,9066,1963825
2020-02-05 01:55:06.120000+00:00,Cisco-IOS-XR-ipv4-bgp-oper:bgp/instances/instance/instance-active/default-vrf/process-info,spine1,,62,64,231,2,,default,0,true,1,1963825,default,64,428,9066,1963825
2020-02-05 01:55:11.263000+00:00,Cisco-IOS-XR-ipv4-bgp-oper:bgp/instances/instance/instance-active/default-vrf/process-info,spine1,,62,64,231,2,,default,0,true,1,1963825,default,64,428,9066,1963825
2020-02-05 01:55:17.535000+00:00,Cisco-IOS-XR-ipv4-bgp-oper:bgp/instances/instance/instance-active/default-vrf/process-info,spine1,,62,64,231,2,,default,0,true,1,1963825,default,64,428,9066,1963825
2020-02-05 01:55:22.676000+00:00,Cisco-IOS-XR-ipv4-bgp-oper:bgp/instances/instance/instance-active/default-vrf/process-info,spine1,,62,64,231,2,,default,0,true,1,1963825,default,64,428,9066,1963825
2020-02-05 01:55:28.951000+00:00,Cisco-IOS-XR-ipv4-bgp-oper:bgp/instances/instance/instance-active/default-vrf/process-info,spine1,,62,64,231,2,,default,0,true,1,1963848,default,64,428,9066,1963848
2020-02-05 01:55:34.099000+00:00,Cisco-IOS-XR-ipv4-bgp-oper:bgp/instances/instance/instance-active/default-vrf/process-info,spine1,,62,64,231,2,,default,0,true,1,1963856,default,64,427,9066,1963856
2020-02-05 01:55:40.366000+00:00,Cisco-IOS-XR-ipv4-bgp-oper:bgp/instances/instance/instance-active/default-vrf/process-info,spine1,,62,64,231,2,,default,0,true,1,1963856,default,64,427,9066,1963856
2020-02-05 01:55:45.510000+00:00,Cisco-IOS-XR-ipv4-bgp-oper:bgp/instances/instance/instance-active/default-vrf/process-info,spine1,,62,64,231,2,,default,0,true,1,1963856,default,64,427,9066,1963856
2020-02-05 01:55:51.804000+00:00,Cisco-IOS-XR-ipv4-bgp-oper:bgp/instances/instance/instance-active/default-vrf/process-info,spine1,,62,64,231,2,,default,0,true,1,1963856,default,64,427,9066,1963856
2020-02-05 01:55:56.943000+00:00,Cisco-IOS-XR-ipv4-bgp-oper:bgp/instances/instance/instance-active/default-vrf/process-info,spine1,,62,64,231,2,,default,0,true,1,1963856,default,64,427,9066,1963856
2020-02-05 01:56:03.257000+00:00,Cisco-IOS-XR-ipv4-bgp-oper:bgp/instances/instance/instance-active/default-vrf/process-info,spine1,,62,64,231,2,,default,0,true,1,1963876,default,64,427,9066,1963876
2020-02-05 01:56:08.396000+00:00,Cisco-IOS-XR-ipv4-bgp-oper:bgp/instances/instance/instance-active/default-vrf/process-info,spine1,,62,64,231,2,,default,0,true,1,1963876,default,64,427,9066,1963876
2020-02-05 01:56:14.680000+00:00,Cisco-IOS-XR-ipv4-bgp-oper:bgp/instances/instance/instance-active/default-vrf/process-info,spine1,,62,64,231,2,,default,0,true,1,1963876,default,64,427,9066,1963876
2020-02-05 01:56:19.819000+00:00,Cisco-IOS-XR-ipv4-bgp-oper:bgp/instances/instance/instance-active/default-vrf/process-info,spine1,,62,64,231,2,,default,0,true,1,1963876,default,64,427,9066,1963876
2020-02-05 01:56:26.130000+00:00,Cisco-IOS-XR-ipv4-bgp-oper:bgp/instances/instance/instance-active/default-vrf/process-info,spine1,,62,64,231,2,,default,0,true,1,1963876,default,64,427,9066,1963876
2020-02-05 01:56:31.284000+00:00,Cisco-IOS-XR-ipv4-bgp-oper:bgp/instances/instance/instance-active/default-vrf/process-info,spine1,,62,64,231,2,,default,0,true,1,1963888,default,64,427,9066,1963888
2020-02-05 01:56:37.551000+00:00,Cisco-IOS-XR-ipv4-bgp-oper:bgp/instances/instance/instance-active/default-vrf/process-info,spine1,,62,64,231,2,,default,0,true,1,1963888,default,64,427,9066,1963888
2020-02-05 01:56:42.698000+00:00,Cisco-IOS-XR-ipv4-bgp-oper:bgp/instances/instance/instance-active/default-vrf/process-info,spine1,,62,64,231,2,,default,0,true,1,1963888,default,64,427,9066,1963888
2020-02-05 01:56:48.967000+00:00,Cisco-IOS-XR-ipv4-bgp-oper:bgp/instances/instance/instance-active/default-vrf/process-info,spine1,,62,64,231,2,,default,0,true,1,1963888,default,64,427,9066,1963888
2020-02-05 01:56:54.109000+00:00,Cisco-IOS-XR-ipv4-bgp-oper:bgp/instances/instance/instance-active/default-vrf/process-info,spine1,,62,64,231,2,,default,0,true,1,1963888,default,64,427,9066,1963888
2020-02-05 01:57:00.397000+00:00,Cisco-IOS-XR-ipv4-bgp-oper:bgp/instances/instance/instance-active/default-vrf/process-info,spine1,,62,64,231,2,,default,0,true,1,1963892,default,64,427,9066,1963892
2020-02-05 01:57:05.539000+00:00,Cisco-IOS-XR-ipv4-bgp-oper:bgp/instances/instance/instance-active/default-vrf/process-info,spine1,,62,64,231,2,,default,0,true,1,1963892,default,64,427,9066,1963892
2020-02-05 01:57:11.824000+00:00,Cisco-IOS-XR-ipv4-bgp-oper:bgp/instances/instance/instance-active/default-vrf/process-info,spine1,,62,64,231,2,,default,0,true,1,1963892,default,64,427,9066,1963892
2020-02-05 01:57:16.970000+00:00,Cisco-IOS-XR-ipv4-bgp-oper:bgp/instances/instance/instance-active/default-vrf/process-info,spine1,,62,64,231,2,,default,0,true,1,1963892,default,64,427,9066,1963892
2020-02-05 01:57:23.213000+00:00,Cisco-IOS-XR-ipv4-bgp-oper:bgp/instances/instance/instance-active/default-vrf/process-info,spine1,,62,64,231,2,,default,0,true,1,1963892,default,64,427,9066,1963892
2020-02-05 01:57:28.362000+00:00,Cisco-IOS-XR-ipv4-bgp-oper:bgp/instances/instance/instance-active/default-vrf/process-info,spine1,,62,64,231,2,,default,0,true,1,1963892,default,64,427,9066,1963892
2020-02-05 01:57:34.632000+00:00,Cisco-IOS-XR-ipv4-bgp-oper:bgp/instances/instance/instance-active/default-vrf/process-info,spine1,,62,64,231,2,,default,0,true,1,1963892,default,64,427,9066,1963892
2020-02-05 01:57:39.774000+00:00,Cisco-IOS-XR-ipv4-bgp-oper:bgp/instances/instance/instance-active/default-vrf/process-info,spine1,,62,64,231,2,,default,0,true,1,1963892,default,64,427,9066,1963892
2020-02-05 01:57:46.080000+00:00,Cisco-IOS-XR-ipv4-bgp-oper:bgp/instances/instance/instance-active/default-vrf/process-info,spine1,,62,64,231,2,,default,0,true,1,1963892,default,64,427,9066,1963892
2020-02-05 01:57:51.219000+00:00,Cisco-IOS-XR-ipv4-bgp-oper:bgp/instances/instance/instance-active/default-vrf/process-info,spine1,,62,64,231,2,,default,0,true,1,1963892,default,64,427,9066,1963892
2020-02-05 01:57:57.480000+00:00,Cisco-IOS-XR-ipv4-bgp-oper:bgp/instances/instance/instance-active/default-vrf/process-info,spine1,,62,64,231,2,,default,0,true,1,1963892,default,64,427,9066,1963892
2020-02-05 01:58:02.629000+00:00,Cisco-IOS-XR-ipv4-bgp-oper:bgp/instances/instance/instance-active/default-vrf/process-info,spine1,,62,64,231,2,,default,0,true,1,1963892,default,64,427,9066,1963892
2020-02-05 01:58:08.905000+00:00,Cisco-IOS-XR-ipv4-bgp-oper:bgp/instances/instance/instance-active/default-vrf/process-info,spine1,,62,64,231,2,,default,0,true,1,1963892,default,64,427,9066,1963892
2020-02-05 01:58:14.044000+00:00,Cisco-IOS-XR-ipv4-bgp-oper:bgp/instances/instance/instance-active/default-vrf/process-info,spine1,,62,64,231,2,,default,0,true,1,1963892,default,64,427,9066,1963892
2020-02-05 01:58:20.316000+00:00,Cisco-IOS-XR-ipv4-bgp-oper:bgp/instances/instance/instance-active/default-vrf/process-info,spine1,,62,64,231,2,,default,0,true,1,1963892,default,64,427,9066,1963892
2020-02-05 01:58:25.464000+00:00,Cisco-IOS-XR-ipv4-bgp-oper:bgp/instances/instance/instance-active/default-vrf/process-info,spine1,,62,64,231,2,,default,0,true,1,1963892,default,64,427,9066,1963892
2020-02-05 01:58:31.747000+00:00,Cisco-IOS-XR-ipv4-bgp-oper:bgp/instances/instance/instance-active/default-vrf/process-info,spine1,,62,64,231,2,,default,0,true,1,1963892,default,64,427,9066,1963892
2020-02-05 01:58:36.888000+00:00,Cisco-IOS-XR-ipv4-bgp-oper:bgp/instances/instance/instance-active/default-vrf/process-info,spine1,,62,64,231,2,,default,0,true,1,1963892,default,64,427,9066,1963892
2020-02-05 01:58:43.201000+00:00,Cisco-IOS-XR-ipv4-bgp-oper:bgp/instances/instance/instance-active/default-vrf/process-info,spine1,,62,64,231,2,,default,0,true,1,1963892,default,64,427,9066,1963892
2020-02-05 01:58:48.340000+00:00,Cisco-IOS-XR-ipv4-bgp-oper:bgp/instances/instance/instance-active/default-vrf/process-info,spine1,,62,64,231,2,,default,0,true,1,1963892,default,64,427,9066,1963892
2020-02-05 01:58:54.635000+00:00,Cisco-IOS-XR-ipv4-bgp-oper:bgp/instances/instance/instance-active/default-vrf/process-info,spine1,,62,64,231,2,,default,0,true,1,1963892,default,64,427,9066,1963892
2020-02-05 01:58:59.783000+00:00,Cisco-IOS-XR-ipv4-bgp-oper:bgp/instances/instance/instance-active/default-vrf/process-info,spine1,,62,64,231,2,,default,0,true,1,1963892,default,64,427,9066,1963892
2020-02-05 01:59:06.049000+00:00,Cisco-IOS-XR-ipv4-bgp-oper:bgp/instances/instance/instance-active/default-vrf/process-info,spine1,,62,64,231,2,,default,0,true,1,1963892,default,64,427,9066,1963892
2020-02-05 01:59:11.198000+00:00,Cisco-IOS-XR-ipv4-bgp-oper:bgp/instances/instance/instance-active/default-vrf/process-info,spine1,,62,64,231,2,,default,0,true,1,1963892,default,64,427,9066,1963892
2020-02-05 01:59:17.508000+00:00,Cisco-IOS-XR-ipv4-bgp-oper:bgp/instances/instance/instance-active/default-vrf/process-info,spine1,,62,64,231,2,,default,0,true,1,1963892,default,64,427,9066,1963892
2020-02-05 01:59:22.657000+00:00,Cisco-IOS-XR-ipv4-bgp-oper:bgp/instances/instance/instance-active/default-vrf/process-info,spine1,,62,64,231,2,,default,0,true,1,1963892,default,64,427,9066,1963892
2020-02-05 01:59:28.934000+00:00,Cisco-IOS-XR-ipv4-bgp-oper:bgp/instances/instance/instance-active/default-vrf/process-info,spine1,,62,64,231,2,,default,0,true,1,1963892,default,64,427,9066,1963892
2020-02-05 01:59:34.070000+00:00,Cisco-IOS-XR-ipv4-bgp-oper:bgp/instances/instance/instance-active/default-vrf/process-info,spine1,,62,64,231,2,,default,0,true,1,1963892,default,64,427,9066,1963892
2020-02-05 01:59:40.367000+00:00,Cisco-IOS-XR-ipv4-bgp-oper:bgp/instances/instance/instance-active/default-vrf/process-info,spine1,,62,64,231,2,,default,0,true,1,1963892,default,64,427,9066,1963892
2020-02-05 01:59:45.505000+00:00,Cisco-IOS-XR-ipv4-bgp-oper:bgp/instances/instance/instance-active/default-vrf/process-info,spine1,,62,64,231,2,,default,0,true,1,1963892,default,64,427,9066,1963892
2020-02-05 01:59:51.807000+00:00,Cisco-IOS-XR-ipv4-bgp-oper:bgp/instances/instance/instance-active/default-vrf/process-info,spine1,,62,64,231,2,,default,0,true,1,1963892,default,64,427,9066,1963892
2020-02-05 01:59:56.956000+00:00,Cisco-IOS-XR-ipv4-bgp-oper:bgp/instances/instance/instance-active/default-vrf/process-info,spine1,,62,64,231,2,,default,0,true,1,1963892,default,64,427,9066,1963892
2020-02-05 02:00:03.248000+00:00,Cisco-IOS-XR-ipv4-bgp-oper:bgp/instances/instance/instance-active/default-vrf/process-info,spine1,,62,64,231,2,,default,0,true,1,1963892,default,64,427,9066,1963892
2020-02-05 02:00:08.397000+00:00,Cisco-IOS-XR-ipv4-bgp-oper:bgp/instances/instance/instance-active/default-vrf/process-info,spine1,,62,64,231,2,,default,0,true,1,1963892,default,64,427,9066,1963892
2020-02-05 02:00:14.639000+00:00,Cisco-IOS-XR-ipv4-bgp-oper:bgp/instances/instance/instance-active/default-vrf/process-info,spine1,,62,64,231,2,,default,0,true,1,1963892,default,64,427,9066,1963892
2020-02-05 02:00:19.780000+00:00,Cisco-IOS-XR-ipv4-bgp-oper:bgp/instances/instance/instance-active/default-vrf/process-info,spine1,,62,64,231,2,,default,0,true,1,1963892,default,64,427,9066,1963892
2020-02-05 02:00:26.083000+00:00,Cisco-IOS-XR-ipv4-bgp-oper:bgp/instances/instance/instance-active/default-vrf/process-info,spine1,,62,64,231,2,,default,0,true,1,1963892,default,64,427,9066,1963892
2020-02-05 02:00:31.222000+00:00,Cisco-IOS-XR-ipv4-bgp-oper:bgp/instances/instance/instance-active/default-vrf/process-info,spine1,,62,64,231,2,,default,0,true,1,1963892,default,64,427,9066,1963892
2020-02-05 02:00:37.517000+00:00,Cisco-IOS-XR-ipv4-bgp-oper:bgp/instances/instance/instance-active/default-vrf/process-info,spine1,,62,64,231,2,,default,0,true,1,1963892,default,64,427,9066,1963892
2020-02-05 02:00:42.665000+00:00,Cisco-IOS-XR-ipv4-bgp-oper:bgp/instances/instance/instance-active/default-vrf/process-info,spine1,,62,64,231,2,,default,0,true,1,1963892,default,64,427,9066,1963892
2020-02-05 02:00:48.960000+00:00,Cisco-IOS-XR-ipv4-bgp-oper:bgp/instances/instance/instance-active/default-vrf/process-info,spine1,,62,64,231,2,,default,0,true,1,1963954,default,64,429,9128,1963954
2020-02-05 02:00:54.109000+00:00,Cisco-IOS-XR-ipv4-bgp-oper:bgp/instances/instance/instance-active/default-vrf/process-info,spine1,,62,64,231,2,,default,0,true,1,1963954,default,64,429,9128,1963954
2020-02-05 02:01:00.418000+00:00,Cisco-IOS-XR-ipv4-bgp-oper:bgp/instances/instance/instance-active/default-vrf/process-info,spine1,,62,64,231,2,,default,0,true,1,1963954,default,64,429,9128,1963954
2020-02-05 02:01:05.563000+00:00,Cisco-IOS-XR-ipv4-bgp-oper:bgp/instances/instance/instance-active/default-vrf/process-info,spine1,,62,64,231,2,,default,0,true,1,1963954,default,64,429,9128,1963954
2020-02-05 02:01:11.823000+00:00,Cisco-IOS-XR-ipv4-bgp-oper:bgp/instances/instance/instance-active/default-vrf/process-info,spine1,,62,64,231,2,,default,0,true,1,1963954,default,64,429,9128,1963954
2020-02-05 02:01:16.961000+00:00,Cisco-IOS-XR-ipv4-bgp-oper:bgp/instances/instance/instance-active/default-vrf/process-info,spine1,,62,64,231,2,,default,0,true,1,1963954,default,64,429,9128,1963954
2020-02-05 02:01:23.266000+00:00,Cisco-IOS-XR-ipv4-bgp-oper:bgp/instances/instance/instance-active/default-vrf/process-info,spine1,,62,64,231,2,,default,0,true,1,1963954,default,64,429,9128,1963954
2020-02-05 02:01:28.403000+00:00,Cisco-IOS-XR-ipv4-bgp-oper:bgp/instances/instance/instance-active/default-vrf/process-info,spine1,,62,64,231,2,,default,0,true,1,1963954,default,64,429,9128,1963954
2020-02-05 02:01:34.682000+00:00,Cisco-IOS-XR-ipv4-bgp-oper:bgp/instances/instance/instance-active/default-vrf/process-info,spine1,,62,64,231,2,,default,0,true,1,1963954,default,64,429,9128,1963954
2020-02-05 02:01:39.831000+00:00,Cisco-IOS-XR-ipv4-bgp-oper:bgp/instances/instance/instance-active/default-vrf/process-info,spine1,,62,64,231,2,,default,0,true,1,1963954,default,64,429,9128,1963954
2020-02-05 02:01:46.322000+00:00,Cisco-IOS-XR-ipv4-bgp-oper:bgp/instances/instance/instance-active/default-vrf/process-info,spine1,,62,64,231,2,,default,0,true,1,1963954,default,64,429,9128,1963954
2020-02-05 02:01:51.471000+00:00,Cisco-IOS-XR-ipv4-bgp-oper:bgp/instances/instance/instance-active/default-vrf/process-info,spine1,,62,64,231,2,,default,0,true,1,1963954,default,64,429,9128,1963954
2020-02-05 02:01:57.533000+00:00,Cisco-IOS-XR-ipv4-bgp-oper:bgp/instances/instance/instance-active/default-vrf/process-info,spine1,,62,64,231,2,,default,0,true,1,1963954,default,64,429,9128,1963954
2020-02-05 02:02:02.679000+00:00,Cisco-IOS-XR-ipv4-bgp-oper:bgp/instances/instance/instance-active/default-vrf/process-info,spine1,,62,64,231,2,,default,0,true,1,1963954,default,64,429,9128,1963954
2020-02-05 02:02:08.985000+00:00,Cisco-IOS-XR-ipv4-bgp-oper:bgp/instances/instance/instance-active/default-vrf/process-info,spine1,,62,64,231,2,,default,0,true,1,1963954,default,64,429,9128,1963954
2020-02-05 02:02:14.126000+00:00,Cisco-IOS-XR-ipv4-bgp-oper:bgp/instances/instance/instance-active/default-vrf/process-info,spine1,,62,64,231,2,,default,0,true,1,1963954,default,64,429,9128,1963954
2020-02-05 02:02:20.432000+00:00,Cisco-IOS-XR-ipv4-bgp-oper:bgp/instances/instance/instance-active/default-vrf/process-info,spine1,,62,64,231,2,,default,0,true,1,1963954,default,64,429,9128,1963954
2020-02-05 02:02:25.570000+00:00,Cisco-IOS-XR-ipv4-bgp-oper:bgp/instances/instance/instance-active/default-vrf/process-info,spine1,,62,64,231,2,,default,0,true,1,1963954,default,64,429,9128,1963954
2020-02-05 02:02:31.860000+00:00,Cisco-IOS-XR-ipv4-bgp-oper:bgp/instances/instance/instance-active/default-vrf/process-info,spine1,,62,64,231,2,,default,0,true,1,1963954,default,64,429,9128,1963954
2020-02-05 02:02:37+00:00,Cisco-IOS-XR-ipv4-bgp-oper:bgp/instances/instance/instance-active/default-vrf/process-info,spine1,,62,64,231,2,,default,0,true,1,1963954,default,64,429,9128,1963954
2020-02-05 02:02:43.326000+00:00,Cisco-IOS-XR-ipv4-bgp-oper:bgp/instances/instance/instance-active/default-vrf/process-info,spine1,,62,64,231,2,,default,0,true,1,1963954,default,64,429,9128,1963954
2020-02-05 02:02:48.473000+00:00,Cisco-IOS-XR-ipv4-bgp-oper:bgp/instances/instance/instance-active/default-vrf/process-info,spine1,,62,64,231,2,,default,0,true,1,1963954,default,64,429,9128,1963954
2020-02-05 02:02:54.764000+00:00,Cisco-IOS-XR-ipv4-bgp-oper:bgp/instances/instance/instance-active/default-vrf/process-info,spine1,,62,64,231,2,,default,0,true,1,1963954,default,64,429,9128,1963954
2020-02-05 02:02:59.910000+00:00,Cisco-IOS-XR-ipv4-bgp-oper:bgp/instances/instance/instance-active/default-vrf/process-info,spine1,,62,64,231,2,,default,0,true,1,1963954,default,64,429,9128,1963954
2020-02-05 02:03:06.194000+00:00,Cisco-IOS-XR-ipv4-bgp-oper:bgp/instances/instance/instance-active/default-vrf/process-info,spine1,,62,64,231,2,,default,0,true,1,1963954,default,64,429,9128,1963954
2020-02-05 02:03:11.334000+00:00,Cisco-IOS-XR-ipv4-bgp-oper:bgp/instances/instance/instance-active/default-vrf/process-info,spine1,,62,64,231,2,,default,0,true,1,1963954,default,64,429,9128,1963954
2020-02-05 02:03:17.631000+00:00,Cisco-IOS-XR-ipv4-bgp-oper:bgp/instances/instance/instance-active/default-vrf/process-info,spine1,,62,64,231,2,,default,0,true,1,1963954,default,64,429,9128,1963954
2020-02-05 02:03:22.771000+00:00,Cisco-IOS-XR-ipv4-bgp-oper:bgp/instances/instance/instance-active/default-vrf/process-info,spine1,,62,64,231,2,,default,0,true,1,1963954,default,64,429,9128,1963954
2020-02-05 02:03:29.084000+00:00,Cisco-IOS-XR-ipv4-bgp-oper:bgp/instances/instance/instance-active/default-vrf/process-info,spine1,,62,64,231,2,,default,0,true,1,1963954,default,64,429,9128,1963954
2020-02-05 02:03:34.228000+00:00,Cisco-IOS-XR-ipv4-bgp-oper:bgp/instances/instance/instance-active/default-vrf/process-info,spine1,,62,64,231,2,,default,0,true,1,1963954,default,64,429,9128,1963954
2020-02-05 02:03:40.561000+00:00,Cisco-IOS-XR-ipv4-bgp-oper:bgp/instances/instance/instance-active/default-vrf/process-info,spine1,,62,64,231,2,,default,0,true,1,1963954,default,64,429,9128,1963954
2020-02-05 02:03:45.693000+00:00,Cisco-IOS-XR-ipv4-bgp-oper:bgp/instances/instance/instance-active/default-vrf/process-info,spine1,,62,64,231,2,,default,0,true,1,1963954,default,64,429,9128,1963954
2020-02-05 02:03:51.970000+00:00,Cisco-IOS-XR-ipv4-bgp-oper:bgp/instances/instance/instance-active/default-vrf/process-info,spine1,,62,64,231,2,,default,0,true,1,1963954,default,64,429,9128,1963954
2020-02-05 02:03:57.116000+00:00,Cisco-IOS-XR-ipv4-bgp-oper:bgp/instances/instance/instance-active/default-vrf/process-info,spine1,,62,64,231,2,,default,0,true,1,1963954,default,64,429,9128,1963954
2020-02-05 02:04:03.401000+00:00,Cisco-IOS-XR-ipv4-bgp-oper:bgp/instances/instance/instance-active/default-vrf/process-info,spine1,,62,64,231,2,,default,0,true,1,1963954,default,64,429,9128,1963954
2020-02-05 02:04:08.542000+00:00,Cisco-IOS-XR-ipv4-bgp-oper:bgp/instances/instance/instance-active/default-vrf/process-info,spine1,,62,64,231,2,,default,0,true,1,1963954,default,64,429,9128,1963954
2020-02-05 02:04:14.839000+00:00,Cisco-IOS-XR-ipv4-bgp-oper:bgp/instances/instance/instance-active/default-vrf/process-info,spine1,,62,64,231,2,,default,0,true,1,1963954,default,64,429,9128,1963954
2020-02-05 02:04:19.985000+00:00,Cisco-IOS-XR-ipv4-bgp-oper:bgp/instances/instance/instance-active/default-vrf/process-info,spine1,,62,64,231,2,,default,0,true,1,1963954,default,64,429,9128,1963954
2020-02-05 02:04:26.281000+00:00,Cisco-IOS-XR-ipv4-bgp-oper:bgp/instances/instance/instance-active/default-vrf/process-info,spine1,,62,64,231,2,,default,0,true,1,1963954,default,64,429,9128,1963954
2020-02-05 02:04:31.428000+00:00,Cisco-IOS-XR-ipv4-bgp-oper:bgp/instances/instance/instance-active/default-vrf/process-info,spine1,,62,64,231,2,,default,0,true,1,1963954,default,64,429,9128,1963954
2020-02-05 02:04:37.707000+00:00,Cisco-IOS-XR-ipv4-bgp-oper:bgp/instances/instance/instance-active/default-vrf/process-info,spine1,,62,64,231,2,,default,0,true,1,1963954,default,64,429,9128,1963954
2020-02-05 02:04:42.856000+00:00,Cisco-IOS-XR-ipv4-bgp-oper:bgp/instances/instance/instance-active/default-vrf/process-info,spine1,,62,64,231,2,,default,0,true,1,1963954,default,64,429,9128,1963954
2020-02-05 02:04:49.120000+00:00,Cisco-IOS-XR-ipv4-bgp-oper:bgp/instances/instance/instance-active/default-vrf/process-info,spine1,,62,64,231,2,,default,0,true,1,1963954,default,64,429,9128,1963954
2020-02-05 02:04:54.262000+00:00,Cisco-IOS-XR-ipv4-bgp-oper:bgp/instances/instance/instance-active/default-vrf/process-info,spine1,,62,64,231,2,,default,0,true,1,1963954,default,64,429,9128,1963954
2020-02-05 02:05:00.572000+00:00,Cisco-IOS-XR-ipv4-bgp-oper:bgp/instances/instance/instance-active/default-vrf/process-info,spine1,,62,64,231,2,,default,0,true,1,1963954,default,64,429,9128,1963954
2020-02-05 02:05:05.711000+00:00,Cisco-IOS-XR-ipv4-bgp-oper:bgp/instances/instance/instance-active/default-vrf/process-info,spine1,,62,64,231,2,,default,0,true,1,1963954,default,64,429,9128,1963954
2020-02-05 02:05:12.023000+00:00,Cisco-IOS-XR-ipv4-bgp-oper:bgp/instances/instance/instance-active/default-vrf/process-info,spine1,,62,64,231,2,,default,0,true,1,1963954,default,64,429,9128,1963954
2020-02-05 02:05:17.172000+00:00,Cisco-IOS-XR-ipv4-bgp-oper:bgp/instances/instance/instance-active/default-vrf/process-info,spine1,,62,64,231,2,,default,0,true,1,1963954,default,64,429,9128,1963954
2020-02-05 02:05:23.439000+00:00,Cisco-IOS-XR-ipv4-bgp-oper:bgp/instances/instance/instance-active/default-vrf/process-info,spine1,,62,64,231,2,,default,0,true,1,1963954,default,64,429,9128,1963954
2020-02-05 02:05:28.593000+00:00,Cisco-IOS-XR-ipv4-bgp-oper:bgp/instances/instance/instance-active/default-vrf/process-info,spine1,,62,64,231,2,,default,0,true,1,1963954,default,64,429,9128,1963954
2020-02-05 02:05:34.863000+00:00,Cisco-IOS-XR-ipv4-bgp-oper:bgp/instances/instance/instance-active/default-vrf/process-info,spine1,,62,64,231,2,,default,0,true,1,1963954,default,64,429,9128,1963954
2020-02-05 02:05:40.011000+00:00,Cisco-IOS-XR-ipv4-bgp-oper:bgp/instances/instance/instance-active/default-vrf/process-info,spine1,,62,64,231,2,,default,0,true,1,1963954,default,64,429,9128,1963954
2020-02-05 02:05:46.308000+00:00,Cisco-IOS-XR-ipv4-bgp-oper:bgp/instances/instance/instance-active/default-vrf/process-info,spine1,,62,64,231,2,,default,0,true,1,1963954,default,64,429,9128,1963954
2020-02-05 02:05:51.448000+00:00,Cisco-IOS-XR-ipv4-bgp-oper:bgp/instances/instance/instance-active/default-vrf/process-info,spine1,,62,64,231,2,,default,0,true,1,1963954,default,64,429,9128,1963954
2020-02-05 02:05:57.739000+00:00,Cisco-IOS-XR-ipv4-bgp-oper:bgp/instances/instance/instance-active/default-vrf/process-info,spine1,,62,64,231,2,,default,0,true,1,1963954,default,64,429,9128,1963954
2020-02-05 02:06:02.880000+00:00,Cisco-IOS-XR-ipv4-bgp-oper:bgp/instances/instance/instance-active/default-vrf/process-info,spine1,,62,64,231,2,,default,0,true,1,1963954,default,64,429,9128,1963954
2020-02-05 02:06:09.149000+00:00,Cisco-IOS-XR-ipv4-bgp-oper:bgp/instances/instance/instance-active/default-vrf/process-info,spine1,,62,64,231,2,,default,0,true,1,1963954,default,64,429,9128,1963954
2020-02-05 02:06:14.295000+00:00,Cisco-IOS-XR-ipv4-bgp-oper:bgp/instances/instance/instance-active/default-vrf/process-info,spine1,,62,64,231,2,,default,0,true,1,1963954,default,64,429,9128,1963954
2020-02-05 02:06:20.562000+00:00,Cisco-IOS-XR-ipv4-bgp-oper:bgp/instances/instance/instance-active/default-vrf/process-info,spine1,,62,64,231,2,,default,0,true,1,1963954,default,64,429,9128,1963954
2020-02-05 02:06:25.711000+00:00,Cisco-IOS-XR-ipv4-bgp-oper:bgp/instances/instance/instance-active/default-vrf/process-info,spine1,,62,64,231,2,,default,0,true,1,1963954,default,64,429,9128,1963954
2020-02-05 02:06:31.967000+00:00,Cisco-IOS-XR-ipv4-bgp-oper:bgp/instances/instance/instance-active/default-vrf/process-info,spine1,,62,64,231,2,,default,0,true,1,1963954,default,64,429,9128,1963954
2020-02-05 02:06:37.120000+00:00,Cisco-IOS-XR-ipv4-bgp-oper:bgp/instances/instance/instance-active/default-vrf/process-info,spine1,,62,64,231,2,,default,0,true,1,1963954,default,64,429,9128,1963954
2020-02-05 02:06:43.397000+00:00,Cisco-IOS-XR-ipv4-bgp-oper:bgp/instances/instance/instance-active/default-vrf/process-info,spine1,,62,64,231,2,,default,0,true,1,1963954,default,64,429,9128,1963954
2020-02-05 02:06:48.537000+00:00,Cisco-IOS-XR-ipv4-bgp-oper:bgp/instances/instance/instance-active/default-vrf/process-info,spine1,,62,64,231,2,,default,0,true,1,1963954,default,64,429,9128,1963954
2020-02-05 02:06:54.833000+00:00,Cisco-IOS-XR-ipv4-bgp-oper:bgp/instances/instance/instance-active/default-vrf/process-info,spine1,,62,64,231,2,,default,0,true,1,1963954,default,64,429,9128,1963954
2020-02-05 02:06:59.977000+00:00,Cisco-IOS-XR-ipv4-bgp-oper:bgp/instances/instance/instance-active/default-vrf/process-info,spine1,,62,64,231,2,,default,0,true,1,1963954,default,64,429,9128,1963954
2020-02-05 02:07:06.260000+00:00,Cisco-IOS-XR-ipv4-bgp-oper:bgp/instances/instance/instance-active/default-vrf/process-info,spine1,,62,64,231,2,,default,0,true,1,1963954,default,64,429,9128,1963954
2020-02-05 02:07:11.407000+00:00,Cisco-IOS-XR-ipv4-bgp-oper:bgp/instances/instance/instance-active/default-vrf/process-info,spine1,,62,64,231,2,,default,0,true,1,1963954,default,64,429,9128,1963954
2020-02-05 02:07:17.689000+00:00,Cisco-IOS-XR-ipv4-bgp-oper:bgp/instances/instance/instance-active/default-vrf/process-info,spine1,,62,64,231,2,,default,0,true,1,1963954,default,64,429,9128,1963954
2020-02-05 02:07:22.837000+00:00,Cisco-IOS-XR-ipv4-bgp-oper:bgp/instances/instance/instance-active/default-vrf/process-info,spine1,,62,64,231,2,,default,0,true,1,1963954,default,64,429,9128,1963954
2020-02-05 02:07:29.105000+00:00,Cisco-IOS-XR-ipv4-bgp-oper:bgp/instances/instance/instance-active/default-vrf/process-info,spine1,,62,64,231,2,,default,0,true,1,1963954,default,64,429,9128,1963954
2020-02-05 02:07:34.250000+00:00,Cisco-IOS-XR-ipv4-bgp-oper:bgp/instances/instance/instance-active/default-vrf/process-info,spine1,,62,64,231,2,,default,0,true,1,1963954,default,64,429,9128,1963954
2020-02-05 02:07:40.536000+00:00,Cisco-IOS-XR-ipv4-bgp-oper:bgp/instances/instance/instance-active/default-vrf/process-info,spine1,,62,64,231,2,,default,0,true,1,1963954,default,64,429,9128,1963954
2020-02-05 02:07:45.675000+00:00,Cisco-IOS-XR-ipv4-bgp-oper:bgp/instances/instance/instance-active/default-vrf/process-info,spine1,,62,64,231,2,,default,0,true,1,1963954,default,64,429,9128,1963954
2020-02-05 02:07:51.975000+00:00,Cisco-IOS-XR-ipv4-bgp-oper:bgp/instances/instance/instance-active/default-vrf/process-info,spine1,,62,64,231,2,,default,0,true,1,1963954,default,64,429,9128,1963954
2020-02-05 02:07:57.120000+00:00,Cisco-IOS-XR-ipv4-bgp-oper:bgp/instances/instance/instance-active/default-vrf/process-info,spine1,,62,64,231,2,,default,0,true,1,1963954,default,64,429,9128,1963954
2020-02-05 02:08:03.406000+00:00,Cisco-IOS-XR-ipv4-bgp-oper:bgp/instances/instance/instance-active/default-vrf/process-info,spine1,,62,64,231,2,,default,0,true,1,1963954,default,64,429,9128,1963954
2020-02-05 02:08:08.552000+00:00,Cisco-IOS-XR-ipv4-bgp-oper:bgp/instances/instance/instance-active/default-vrf/process-info,spine1,,62,64,231,2,,default,0,true,1,1963954,default,64,429,9128,1963954
2020-02-05 02:08:14.818000+00:00,Cisco-IOS-XR-ipv4-bgp-oper:bgp/instances/instance/instance-active/default-vrf/process-info,spine1,,62,64,231,2,,default,0,true,1,1963954,default,64,429,9128,1963954
2020-02-05 02:08:19.956000+00:00,Cisco-IOS-XR-ipv4-bgp-oper:bgp/instances/instance/instance-active/default-vrf/process-info,spine1,,62,64,231,2,,default,0,true,1,1963954,default,64,429,9128,1963954
2020-02-05 02:08:26.300000+00:00,Cisco-IOS-XR-ipv4-bgp-oper:bgp/instances/instance/instance-active/default-vrf/process-info,spine1,,62,64,231,2,,default,0,true,1,1963954,default,64,429,9128,1963954
2020-02-05 02:08:31.438000+00:00,Cisco-IOS-XR-ipv4-bgp-oper:bgp/instances/instance/instance-active/default-vrf/process-info,spine1,,62,64,231,2,,default,0,true,1,1963954,default,64,429,9128,1963954
2020-02-05 02:08:37.694000+00:00,Cisco-IOS-XR-ipv4-bgp-oper:bgp/instances/instance/instance-active/default-vrf/process-info,spine1,,62,64,231,2,,default,0,true,1,1963954,default,64,429,9128,1963954
2020-02-05 02:08:42.841000+00:00,Cisco-IOS-XR-ipv4-bgp-oper:bgp/instances/instance/instance-active/default-vrf/process-info,spine1,,62,64,231,2,,default,0,true,1,1963954,default,64,429,9128,1963954
2020-02-05 02:08:49.355000+00:00,Cisco-IOS-XR-ipv4-bgp-oper:bgp/instances/instance/instance-active/default-vrf/process-info,spine1,,62,64,231,2,,default,0,true,1,1963954,default,64,429,9128,1963954
2020-02-05 02:08:54.501000+00:00,Cisco-IOS-XR-ipv4-bgp-oper:bgp/instances/instance/instance-active/default-vrf/process-info,spine1,,62,64,231,2,,default,0,true,1,1963954,default,64,429,9128,1963954
2020-02-05 02:09:00.558000+00:00,Cisco-IOS-XR-ipv4-bgp-oper:bgp/instances/instance/instance-active/default-vrf/process-info,spine1,,62,64,231,2,,default,0,true,1,1963954,default,64,429,9128,1963954
2020-02-05 02:09:05.707000+00:00,Cisco-IOS-XR-ipv4-bgp-oper:bgp/instances/instance/instance-active/default-vrf/process-info,spine1,,62,64,231,2,,default,0,true,1,1963954,default,64,429,9128,1963954
2020-02-05 02:09:11.967000+00:00,Cisco-IOS-XR-ipv4-bgp-oper:bgp/instances/instance/instance-active/default-vrf/process-info,spine1,,62,64,231,2,,default,0,true,1,1963954,default,64,429,9128,1963954
2020-02-05 02:09:17.107000+00:00,Cisco-IOS-XR-ipv4-bgp-oper:bgp/instances/instance/instance-active/default-vrf/process-info,spine1,,62,64,231,2,,default,0,true,1,1963954,default,64,429,9128,1963954
2020-02-05 02:09:23.403000+00:00,Cisco-IOS-XR-ipv4-bgp-oper:bgp/instances/instance/instance-active/default-vrf/process-info,spine1,,62,64,231,2,,default,0,true,1,1963954,default,64,429,9128,1963954
2020-02-05 02:09:28.544000+00:00,Cisco-IOS-XR-ipv4-bgp-oper:bgp/instances/instance/instance-active/default-vrf/process-info,spine1,,62,64,231,2,,default,0,true,1,1963954,default,64,429,9128,1963954
2020-02-05 02:09:34.822000+00:00,Cisco-IOS-XR-ipv4-bgp-oper:bgp/instances/instance/instance-active/default-vrf/process-info,spine1,,62,64,231,2,,default,0,true,1,1963954,default,64,429,9128,1963954
2020-02-05 02:09:39.971000+00:00,Cisco-IOS-XR-ipv4-bgp-oper:bgp/instances/instance/instance-active/default-vrf/process-info,spine1,,62,64,231,2,,default,0,true,1,1963954,default,64,429,9128,1963954
2020-02-05 02:09:46.259000+00:00,Cisco-IOS-XR-ipv4-bgp-oper:bgp/instances/instance/instance-active/default-vrf/process-info,spine1,,62,64,231,2,,default,0,true,1,1963954,default,64,429,9128,1963954
2020-02-05 02:09:51.407000+00:00,Cisco-IOS-XR-ipv4-bgp-oper:bgp/instances/instance/instance-active/default-vrf/process-info,spine1,,62,64,231,2,,default,0,true,1,1963954,default,64,429,9128,1963954
2020-02-05 02:09:57.668000+00:00,Cisco-IOS-XR-ipv4-bgp-oper:bgp/instances/instance/instance-active/default-vrf/process-info,spine1,,62,64,231,2,,default,0,true,1,1963954,default,64,429,9128,1963954
2020-02-05 02:10:02.812000+00:00,Cisco-IOS-XR-ipv4-bgp-oper:bgp/instances/instance/instance-active/default-vrf/process-info,spine1,,62,64,231,2,,default,0,true,1,1963954,default,64,429,9128,1963954
2020-02-05 02:10:09.088000+00:00,Cisco-IOS-XR-ipv4-bgp-oper:bgp/instances/instance/instance-active/default-vrf/process-info,spine1,,62,64,231,2,,default,0,true,1,1963954,default,64,429,9128,1963954
2020-02-05 02:10:14.227000+00:00,Cisco-IOS-XR-ipv4-bgp-oper:bgp/instances/instance/instance-active/default-vrf/process-info,spine1,,62,64,231,2,,default,0,true,1,1963954,default,64,429,9128,1963954
2020-02-05 02:10:20.564000+00:00,Cisco-IOS-XR-ipv4-bgp-oper:bgp/instances/instance/instance-active/default-vrf/process-info,spine1,,62,64,231,2,,default,0,true,1,1963954,default,64,429,9128,1963954
2020-02-05 02:10:25.701000+00:00,Cisco-IOS-XR-ipv4-bgp-oper:bgp/instances/instance/instance-active/default-vrf/process-info,spine1,,62,64,231,2,,default,0,true,1,1963954,default,64,429,9128,1963954
2020-02-05 02:10:32.002000+00:00,Cisco-IOS-XR-ipv4-bgp-oper:bgp/instances/instance/instance-active/default-vrf/process-info,spine1,,62,64,231,2,,default,0,true,1,1963954,default,64,429,9128,1963954
