,EncodingPath,Producer,free-application-memory,free-physical-memory,node-name,ram-memory,system-ram-memory
2020-02-05 01:40:32.684000+00:00,Cisco-IOS-XR-nto-misc-oper:memory-summary/nodes/node/summary,spine1,9237323776,9410531328,0/0/CPU0,12884901888,12884901888
2020-02-05 01:40:32.687000+00:00,Cisco-IOS-XR-nto-misc-oper:memory-summary/nodes/node/summary,spine1,10562084864,10841501696,0/RP0/CPU0,15032385536,15032385536
2020-02-05 01:40:37.181000+00:00,Cisco-IOS-XR-nto-misc-oper:memory-summary/nodes/node/summary,spine1,9237254144,9410461696,0/0/CPU0,12884901888,12884901888
2020-02-05 01:40:37.184000+00:00,Cisco-IOS-XR-nto-misc-oper:memory-summary/nodes/node/summary,spine1,10570743808,10850164736,0/RP0/CPU0,15032385536,15032385536
2020-02-05 01:40:42.322000+00:00,Cisco-IOS-XR-nto-misc-oper:memory-summary/nodes/node/summary,spine1,9237417984,9410633728,0/0/CPU0,12884901888,12884901888
2020-02-05 01:40:42.326000+00:00,Cisco-IOS-XR-nto-misc-oper:memory-summary/nodes/node/summary,spine1,10570661888,10850111488,0/RP0/CPU0,15032385536,15032385536
2020-02-05 01:40:48.657000+00:00,Cisco-IOS-XR-nto-misc-oper:memory-summary/nodes/node/summary,spine1,9237254144,9410600960,0/0/CPU0,12884901888,12884901888
2020-02-05 01:40:48.661000+00:00,Cisco-IOS-XR-nto-misc-oper:memory-summary/nodes/node/summary,spine1,10570768384,10850201600,0/RP0/CPU0,15032385536,15032385536
2020-02-05 01:40:53.799000+00:00,Cisco-IOS-XR-nto-misc-oper:memory-summary/nodes/node/summary,spine1,9237262336,9410478080,0/0/CPU0,12884901888,12884901888
2020-02-05 01:40:53.803000+00:00,Cisco-IOS-XR-nto-misc-oper:memory-summary/nodes/node/summary,spine1,10570891264,10850324480,0/RP0/CPU0,15032385536,15032385536
2020-02-05 01:41:00.124000+00:00,Cisco-IOS-XR-nto-misc-oper:memory-summary/nodes/node/summary,spine1,9237266432,9410482176,0/0/CPU0,12884901888,12884901888
2020-02-05 01:41:00.128000+00:00,Cisco-IOS-XR-nto-misc-oper:memory-summary/nodes/node/summary,spine1,10570637312,10850201600,0/RP0/CPU0,15032385536,15032385536
2020-02-05 01:41:05.262000+00:00,Cisco-IOS-XR-nto-misc-oper:memory-summary/nodes/node/summary,spine1,9237172224,9410387968,0/0/CPU0,12884901888,12884901888
2020-02-05 01:41:05.266000+00:00,Cisco-IOS-XR-nto-misc-oper:memory-summary/nodes/node/summary,spine1,10570645504,10850078720,0/RP0/CPU0,15032385536,15032385536
2020-02-05 01:41:11.586000+00:00,Cisco-IOS-XR-nto-misc-oper:memory-summary/nodes/node/summary,spine1,9237544960,9410760704,0/0/CPU0,12884901888,12884901888
2020-02-05 01:41:11.590000+00:00,Cisco-IOS-XR-nto-misc-oper:memory-summary/nodes/node/summary,spine1,10570371072,10849947648,0/RP0/CPU0,15032385536,15032385536
2020-02-05 01:41:16.732000+00:00,Cisco-IOS-XR-nto-misc-oper:memory-summary/nodes/node/summary,spine1,9237164032,9410379776,0/0/CPU0,12884901888,12884901888
2020-02-05 01:41:16.736000+00:00,Cisco-IOS-XR-nto-misc-oper:memory-summary/nodes/node/summary,spine1,10570551296,10849988608,0/RP0/CPU0,15032385536,15032385536
2020-02-05 01:41:22.990000+00:00,Cisco-IOS-XR-nto-misc-oper:memory-summary/nodes/node/summary,spine1,9237241856,9410457600,0/0/CPU0,12884901888,12884901888
2020-02-05 01:41:22.994000+00:00,Cisco-IOS-XR-nto-misc-oper:memory-summary/nodes/node/summary,spine1,10570383360,10849820672,0/RP0/CPU0,15032385536,15032385536
2020-02-05 01:41:28.138000+00:00,Cisco-IOS-XR-nto-misc-oper:memory-summary/nodes/node/summary,spine1,9237311488,9410527232,0/0/CPU0,12884901888,12884901888
2020-02-05 01:41:28.142000+00:00,Cisco-IOS-XR-nto-misc-oper:memory-summary/nodes/node/summary,spine1,10570407936,10849845248,0/RP0/CPU0,15032385536,15032385536
2020-02-05 01:41:34.467000+00:00,Cisco-IOS-XR-nto-misc-oper:memory-summary/nodes/node/summary,spine1,9237278720,9410494464,0/0/CPU0,12884901888,12884901888
2020-02-05 01:41:34.471000+00:00,Cisco-IOS-XR-nto-misc-oper:memory-summary/nodes/node/summary,spine1,10570235904,10849804288,0/RP0/CPU0,15032385536,15032385536
2020-02-05 01:41:39.601000+00:00,Cisco-IOS-XR-nto-misc-oper:memory-summary/nodes/node/summary,spine1,9237286912,9410633728,0/0/CPU0,12884901888,12884901888
2020-02-05 01:41:39.605000+00:00,Cisco-IOS-XR-nto-misc-oper:memory-summary/nodes/node/summary,spine1,10570375168,10849964032,0/RP0/CPU0,15032385536,15032385536
2020-02-05 01:41:45.852000+00:00,Cisco-IOS-XR-nto-misc-oper:memory-summary/nodes/node/summary,spine1,9237303296,9410281472,0/0/CPU0,12884901888,12884901888
2020-02-05 01:41:45.855000+00:00,Cisco-IOS-XR-nto-misc-oper:memory-summary/nodes/node/summary,spine1,10570457088,10849914880,0/RP0/CPU0,15032385536,15032385536
2020-02-05 01:41:50.988000+00:00,Cisco-IOS-XR-nto-misc-oper:memory-summary/nodes/node/summary,spine1,9237168128,9410514944,0/0/CPU0,12884901888,12884901888
2020-02-05 01:41:50.992000+00:00,Cisco-IOS-XR-nto-misc-oper:memory-summary/nodes/node/summary,spine1,10570481664,10849939456,0/RP0/CPU0,15032385536,15032385536
2020-02-05 01:41:57.262000+00:00,Cisco-IOS-XR-nto-misc-oper:memory-summary/nodes/node/summary,spine1,9237229568,9410523136,0/0/CPU0,12884901888,12884901888
2020-02-05 01:41:57.266000+00:00,Cisco-IOS-XR-nto-misc-oper:memory-summary/nodes/node/summary,spine1,10570366976,10849824768,0/RP0/CPU0,15032385536,15032385536
2020-02-05 01:42:02.406000+00:00,Cisco-IOS-XR-nto-misc-oper:memory-summary/nodes/node/summary,spine1,9237360640,9410576384,0/0/CPU0,12884901888,12884901888
2020-02-05 01:42:02.410000+00:00,Cisco-IOS-XR-nto-misc-oper:memory-summary/nodes/node/summary,spine1,10570383360,10849841152,0/RP0/CPU0,15032385536,15032385536
2020-02-05 01:42:08.703000+00:00,Cisco-IOS-XR-nto-misc-oper:memory-summary/nodes/node/summary,spine1,9237295104,9410510848,0/0/CPU0,12884901888,12884901888
2020-02-05 01:42:08.709000+00:00,Cisco-IOS-XR-nto-misc-oper:memory-summary/nodes/node/summary,spine1,10570608640,10850070528,0/RP0/CPU0,15032385536,15032385536
2020-02-05 01:42:13.848000+00:00,Cisco-IOS-XR-nto-misc-oper:memory-summary/nodes/node/summary,spine1,9237323776,9410670592,0/0/CPU0,12884901888,12884901888
2020-02-05 01:42:13.852000+00:00,Cisco-IOS-XR-nto-misc-oper:memory-summary/nodes/node/summary,spine1,10570559488,10850021376,0/RP0/CPU0,15032385536,15032385536
2020-02-05 01:42:20.149000+00:00,Cisco-IOS-XR-nto-misc-oper:memory-summary/nodes/node/summary,spine1,9237159936,9410506752,0/0/CPU0,12884901888,12884901888
2020-02-05 01:42:20.153000+00:00,Cisco-IOS-XR-nto-misc-oper:memory-summary/nodes/node/summary,spine1,10570477568,10850201600,0/RP0/CPU0,15032385536,15032385536
2020-02-05 01:42:25.287000+00:00,Cisco-IOS-XR-nto-misc-oper:memory-summary/nodes/node/summary,spine1,9237106688,9410322432,0/0/CPU0,12884901888,12884901888
2020-02-05 01:42:25.291000+00:00,Cisco-IOS-XR-nto-misc-oper:memory-summary/nodes/node/summary,spine1,10570862592,10850324480,0/RP0/CPU0,15032385536,15032385536
2020-02-05 01:42:31.607000+00:00,Cisco-IOS-XR-nto-misc-oper:memory-summary/nodes/node/summary,spine1,9237123072,9410338816,0/0/CPU0,12884901888,12884901888
2020-02-05 01:42:31.611000+00:00,Cisco-IOS-XR-nto-misc-oper:memory-summary/nodes/node/summary,spine1,10570735616,10850197504,0/RP0/CPU0,15032385536,15032385536
2020-02-05 01:42:36.747000+00:00,Cisco-IOS-XR-nto-misc-oper:memory-summary/nodes/node/summary,spine1,9237286912,9410633728,0/0/CPU0,12884901888,12884901888
2020-02-05 01:42:36.751000+00:00,Cisco-IOS-XR-nto-misc-oper:memory-summary/nodes/node/summary,spine1,10570805248,10850267136,0/RP0/CPU0,15032385536,15032385536
2020-02-05 01:42:43.023000+00:00,Cisco-IOS-XR-nto-misc-oper:memory-summary/nodes/node/summary,spine1,9237237760,9410457600,0/0/CPU0,12884901888,12884901888
2020-02-05 01:42:43.026000+00:00,Cisco-IOS-XR-nto-misc-oper:memory-summary/nodes/node/summary,spine1,10570625024,10850103296,0/RP0/CPU0,15032385536,15032385536
2020-02-05 01:42:48.161000+00:00,Cisco-IOS-XR-nto-misc-oper:memory-summary/nodes/node/summary,spine1,9237291008,9410510848,0/0/CPU0,12884901888,12884901888
2020-02-05 01:42:48.165000+00:00,Cisco-IOS-XR-nto-misc-oper:memory-summary/nodes/node/summary,spine1,10570633216,10850103296,0/RP0/CPU0,15032385536,15032385536
2020-02-05 01:42:54.462000+00:00,Cisco-IOS-XR-nto-misc-oper:memory-summary/nodes/node/summary,spine1,9237094400,9410314240,0/0/CPU0,12884901888,12884901888
2020-02-05 01:42:54.466000+00:00,Cisco-IOS-XR-nto-misc-oper:memory-summary/nodes/node/summary,spine1,10570698752,10850177024,0/RP0/CPU0,15032385536,15032385536
2020-02-05 01:42:59.601000+00:00,Cisco-IOS-XR-nto-misc-oper:memory-summary/nodes/node/summary,spine1,9237315584,9410535424,0/0/CPU0,12884901888,12884901888
2020-02-05 01:42:59.604000+00:00,Cisco-IOS-XR-nto-misc-oper:memory-summary/nodes/node/summary,spine1,10570592256,10850070528,0/RP0/CPU0,15032385536,15032385536
2020-02-05 01:43:05.874000+00:00,Cisco-IOS-XR-nto-misc-oper:memory-summary/nodes/node/summary,spine1,9237155840,9410375680,0/0/CPU0,12884901888,12884901888
2020-02-05 01:43:05.878000+00:00,Cisco-IOS-XR-nto-misc-oper:memory-summary/nodes/node/summary,spine1,10570600448,10850078720,0/RP0/CPU0,15032385536,15032385536
2020-02-05 01:43:11.021000+00:00,Cisco-IOS-XR-nto-misc-oper:memory-summary/nodes/node/summary,spine1,9237155840,9410506752,0/0/CPU0,12884901888,12884901888
2020-02-05 01:43:11.025000+00:00,Cisco-IOS-XR-nto-misc-oper:memory-summary/nodes/node/summary,spine1,10570702848,10850185216,0/RP0/CPU0,15032385536,15032385536
2020-02-05 01:43:17.341000+00:00,Cisco-IOS-XR-nto-misc-oper:memory-summary/nodes/node/summary,spine1,9237143552,9410363392,0/0/CPU0,12884901888,12884901888
2020-02-05 01:43:17.345000+00:00,Cisco-IOS-XR-nto-misc-oper:memory-summary/nodes/node/summary,spine1,10570706944,10850189312,0/RP0/CPU0,15032385536,15032385536
2020-02-05 01:43:22.489000+00:00,Cisco-IOS-XR-nto-misc-oper:memory-summary/nodes/node/summary,spine1,9237147648,9410367488,0/0/CPU0,12884901888,12884901888
2020-02-05 01:43:22.493000+00:00,Cisco-IOS-XR-nto-misc-oper:memory-summary/nodes/node/summary,spine1,10570838016,10850320384,0/RP0/CPU0,15032385536,15032385536
2020-02-05 01:43:28.774000+00:00,Cisco-IOS-XR-nto-misc-oper:memory-summary/nodes/node/summary,spine1,9237385216,9410605056,0/0/CPU0,12884901888,12884901888
2020-02-05 01:43:28.780000+00:00,Cisco-IOS-XR-nto-misc-oper:memory-summary/nodes/node/summary,spine1,10570469376,10850082816,0/RP0/CPU0,15032385536,15032385536
2020-02-05 01:43:33.920000+00:00,Cisco-IOS-XR-nto-misc-oper:memory-summary/nodes/node/summary,spine1,9237192704,9410412544,0/0/CPU0,12884901888,12884901888
2020-02-05 01:43:33.924000+00:00,Cisco-IOS-XR-nto-misc-oper:memory-summary/nodes/node/summary,spine1,10570653696,10850267136,0/RP0/CPU0,15032385536,15032385536
2020-02-05 01:43:40.224000+00:00,Cisco-IOS-XR-nto-misc-oper:memory-summary/nodes/node/summary,spine1,9237151744,9410375680,0/0/CPU0,12884901888,12884901888
2020-02-05 01:43:40.228000+00:00,Cisco-IOS-XR-nto-misc-oper:memory-summary/nodes/node/summary,spine1,10570563584,10850062336,0/RP0/CPU0,15032385536,15032385536
2020-02-05 01:43:45.361000+00:00,Cisco-IOS-XR-nto-misc-oper:memory-summary/nodes/node/summary,spine1,9237159936,9410383872,0/0/CPU0,12884901888,12884901888
2020-02-05 01:43:45.365000+00:00,Cisco-IOS-XR-nto-misc-oper:memory-summary/nodes/node/summary,spine1,10570813440,10850312192,0/RP0/CPU0,15032385536,15032385536
2020-02-05 01:43:51.690000+00:00,Cisco-IOS-XR-nto-misc-oper:memory-summary/nodes/node/summary,spine1,9237250048,9410473984,0/0/CPU0,12884901888,12884901888
2020-02-05 01:43:51.694000+00:00,Cisco-IOS-XR-nto-misc-oper:memory-summary/nodes/node/summary,spine1,10570559488,10850058240,0/RP0/CPU0,15032385536,15032385536
2020-02-05 01:43:56.836000+00:00,Cisco-IOS-XR-nto-misc-oper:memory-summary/nodes/node/summary,spine1,9237086208,9410310144,0/0/CPU0,12884901888,12884901888
2020-02-05 01:43:56.840000+00:00,Cisco-IOS-XR-nto-misc-oper:memory-summary/nodes/node/summary,spine1,10570690560,10850189312,0/RP0/CPU0,15032385536,15032385536
2020-02-05 01:44:03.108000+00:00,Cisco-IOS-XR-nto-misc-oper:memory-summary/nodes/node/summary,spine1,9237241856,9410465792,0/0/CPU0,12884901888,12884901888
2020-02-05 01:44:03.112000+00:00,Cisco-IOS-XR-nto-misc-oper:memory-summary/nodes/node/summary,spine1,10570547200,10850045952,0/RP0/CPU0,15032385536,15032385536
2020-02-05 01:44:08.257000+00:00,Cisco-IOS-XR-nto-misc-oper:memory-summary/nodes/node/summary,spine1,9237131264,9410355200,0/0/CPU0,12884901888,12884901888
2020-02-05 01:44:08.261000+00:00,Cisco-IOS-XR-nto-misc-oper:memory-summary/nodes/node/summary,spine1,10570551296,10850058240,0/RP0/CPU0,15032385536,15032385536
2020-02-05 01:44:14.546000+00:00,Cisco-IOS-XR-nto-misc-oper:memory-summary/nodes/node/summary,spine1,9237098496,9410584576,0/0/CPU0,12884901888,12884901888
2020-02-05 01:44:14.550000+00:00,Cisco-IOS-XR-nto-misc-oper:memory-summary/nodes/node/summary,spine1,10570612736,10850119680,0/RP0/CPU0,15032385536,15032385536
2020-02-05 01:44:19.685000+00:00,Cisco-IOS-XR-nto-misc-oper:memory-summary/nodes/node/summary,spine1,9237331968,9410555904,0/0/CPU0,12884901888,12884901888
2020-02-05 01:44:19.688000+00:00,Cisco-IOS-XR-nto-misc-oper:memory-summary/nodes/node/summary,spine1,10570690560,10850197504,0/RP0/CPU0,15032385536,15032385536
2020-02-05 01:44:25.983000+00:00,Cisco-IOS-XR-nto-misc-oper:memory-summary/nodes/node/summary,spine1,9237291008,9410514944,0/0/CPU0,12884901888,12884901888
2020-02-05 01:44:25.987000+00:00,Cisco-IOS-XR-nto-misc-oper:memory-summary/nodes/node/summary,spine1,10570674176,10850181120,0/RP0/CPU0,15032385536,15032385536
2020-02-05 01:44:31.126000+00:00,Cisco-IOS-XR-nto-misc-oper:memory-summary/nodes/node/summary,spine1,9237172224,9410396160,0/0/CPU0,12884901888,12884901888
2020-02-05 01:44:31.130000+00:00,Cisco-IOS-XR-nto-misc-oper:memory-summary/nodes/node/summary,spine1,10570534912,10850172928,0/RP0/CPU0,15032385536,15032385536
2020-02-05 01:44:37.424000+00:00,Cisco-IOS-XR-nto-misc-oper:memory-summary/nodes/node/summary,spine1,9237110784,9410465792,0/0/CPU0,12884901888,12884901888
2020-02-05 01:44:37.428000+00:00,Cisco-IOS-XR-nto-misc-oper:memory-summary/nodes/node/summary,spine1,10570665984,10850177024,0/RP0/CPU0,15032385536,15032385536
2020-02-05 01:44:42.563000+00:00,Cisco-IOS-XR-nto-misc-oper:memory-summary/nodes/node/summary,spine1,9237282816,9410641920,0/0/CPU0,12884901888,12884901888
2020-02-05 01:44:42.566000+00:00,Cisco-IOS-XR-nto-misc-oper:memory-summary/nodes/node/summary,spine1,10570670080,10850193408,0/RP0/CPU0,15032385536,15032385536
2020-02-05 01:44:48.826000+00:00,Cisco-IOS-XR-nto-misc-oper:memory-summary/nodes/node/summary,spine1,9236955136,9410314240,0/0/CPU0,12884901888,12884901888
2020-02-05 01:44:48.829000+00:00,Cisco-IOS-XR-nto-misc-oper:memory-summary/nodes/node/summary,spine1,10570649600,10850172928,0/RP0/CPU0,15032385536,15032385536
2020-02-05 01:44:53.975000+00:00,Cisco-IOS-XR-nto-misc-oper:memory-summary/nodes/node/summary,spine1,9237532672,9410760704,0/0/CPU0,12884901888,12884901888
2020-02-05 01:44:53.979000+00:00,Cisco-IOS-XR-nto-misc-oper:memory-summary/nodes/node/summary,spine1,10570649600,10850172928,0/RP0/CPU0,15032385536,15032385536
2020-02-05 01:45:00.272000+00:00,Cisco-IOS-XR-nto-misc-oper:memory-summary/nodes/node/summary,spine1,9237409792,9410768896,0/0/CPU0,12884901888,12884901888
2020-02-05 01:45:00.275000+00:00,Cisco-IOS-XR-nto-misc-oper:memory-summary/nodes/node/summary,spine1,10570481664,10850136064,0/RP0/CPU0,15032385536,15032385536
2020-02-05 01:45:05.418000+00:00,Cisco-IOS-XR-nto-misc-oper:memory-summary/nodes/node/summary,spine1,9237422080,9410650112,0/0/CPU0,12884901888,12884901888
2020-02-05 01:45:05.422000+00:00,Cisco-IOS-XR-nto-misc-oper:memory-summary/nodes/node/summary,spine1,10570551296,10850074624,0/RP0/CPU0,15032385536,15032385536
2020-02-05 01:45:11.692000+00:00,Cisco-IOS-XR-nto-misc-oper:memory-summary/nodes/node/summary,spine1,9237336064,9410564096,0/0/CPU0,12884901888,12884901888
2020-02-05 01:45:11.695000+00:00,Cisco-IOS-XR-nto-misc-oper:memory-summary/nodes/node/summary,spine1,10570670080,10850197504,0/RP0/CPU0,15032385536,15032385536
2020-02-05 01:45:16.842000+00:00,Cisco-IOS-XR-nto-misc-oper:memory-summary/nodes/node/summary,spine1,9237364736,9410592768,0/0/CPU0,12884901888,12884901888
2020-02-05 01:45:16.846000+00:00,Cisco-IOS-XR-nto-misc-oper:memory-summary/nodes/node/summary,spine1,10570780672,10850308096,0/RP0/CPU0,15032385536,15032385536
2020-02-05 01:45:23.116000+00:00,Cisco-IOS-XR-nto-misc-oper:memory-summary/nodes/node/summary,spine1,9237303296,9410662400,0/0/CPU0,12884901888,12884901888
2020-02-05 01:45:23.119000+00:00,Cisco-IOS-XR-nto-misc-oper:memory-summary/nodes/node/summary,spine1,10570530816,10850058240,0/RP0/CPU0,15032385536,15032385536
2020-02-05 01:45:28.255000+00:00,Cisco-IOS-XR-nto-misc-oper:memory-summary/nodes/node/summary,spine1,9237520384,9410748416,0/0/CPU0,12884901888,12884901888
2020-02-05 01:45:28.258000+00:00,Cisco-IOS-XR-nto-misc-oper:memory-summary/nodes/node/summary,spine1,10570567680,10850095104,0/RP0/CPU0,15032385536,15032385536
2020-02-05 01:45:34.563000+00:00,Cisco-IOS-XR-nto-misc-oper:memory-summary/nodes/node/summary,spine1,9237061632,9410420736,0/0/CPU0,12884901888,12884901888
2020-02-05 01:45:34.566000+00:00,Cisco-IOS-XR-nto-misc-oper:memory-summary/nodes/node/summary,spine1,10570711040,10850238464,0/RP0/CPU0,15032385536,15032385536
2020-02-05 01:45:39.709000+00:00,Cisco-IOS-XR-nto-misc-oper:memory-summary/nodes/node/summary,spine1,9237368832,9410600960,0/0/CPU0,12884901888,12884901888
2020-02-05 01:45:39.713000+00:00,Cisco-IOS-XR-nto-misc-oper:memory-summary/nodes/node/summary,spine1,10570682368,10850226176,0/RP0/CPU0,15032385536,15032385536
2020-02-05 01:45:46.030000+00:00,Cisco-IOS-XR-nto-misc-oper:memory-summary/nodes/node/summary,spine1,9237000192,9410363392,0/0/CPU0,12884901888,12884901888
2020-02-05 01:45:46.033000+00:00,Cisco-IOS-XR-nto-misc-oper:memory-summary/nodes/node/summary,spine1,10570752000,10850295808,0/RP0/CPU0,15032385536,15032385536
2020-02-05 01:45:51.177000+00:00,Cisco-IOS-XR-nto-misc-oper:memory-summary/nodes/node/summary,spine1,9237159936,9410523136,0/0/CPU0,12884901888,12884901888
2020-02-05 01:45:51.180000+00:00,Cisco-IOS-XR-nto-misc-oper:memory-summary/nodes/node/summary,spine1,10570637312,10850181120,0/RP0/CPU0,15032385536,15032385536
2020-02-05 01:45:57.464000+00:00,Cisco-IOS-XR-nto-misc-oper:memory-summary/nodes/node/summary,spine1,9237032960,9410527232,0/0/CPU0,12884901888,12884901888
2020-02-05 01:45:57.468000+00:00,Cisco-IOS-XR-nto-misc-oper:memory-summary/nodes/node/summary,spine1,10570629120,10850172928,0/RP0/CPU0,15032385536,15032385536
2020-02-05 01:46:02.608000+00:00,Cisco-IOS-XR-nto-misc-oper:memory-summary/nodes/node/summary,spine1,9237225472,9410457600,0/0/CPU0,12884901888,12884901888
2020-02-05 01:46:02.612000+00:00,Cisco-IOS-XR-nto-misc-oper:memory-summary/nodes/node/summary,spine1,10570625024,10850168832,0/RP0/CPU0,15032385536,15032385536
2020-02-05 01:46:08.878000+00:00,Cisco-IOS-XR-nto-misc-oper:memory-summary/nodes/node/summary,spine1,9237073920,9410306048,0/0/CPU0,12884901888,12884901888
2020-02-05 01:46:08.881000+00:00,Cisco-IOS-XR-nto-misc-oper:memory-summary/nodes/node/summary,spine1,10570739712,10850287616,0/RP0/CPU0,15032385536,15032385536
2020-02-05 01:46:14.020000+00:00,Cisco-IOS-XR-nto-misc-oper:memory-summary/nodes/node/summary,spine1,9237168128,9410531328,0/0/CPU0,12884901888,12884901888
2020-02-05 01:46:14.024000+00:00,Cisco-IOS-XR-nto-misc-oper:memory-summary/nodes/node/summary,spine1,10570485760,10850033664,0/RP0/CPU0,15032385536,15032385536
2020-02-05 01:46:20.290000+00:00,Cisco-IOS-XR-nto-misc-oper:memory-summary/nodes/node/summary,spine1,9237200896,9410433024,0/0/CPU0,12884901888,12884901888
2020-02-05 01:46:20.294000+00:00,Cisco-IOS-XR-nto-misc-oper:memory-summary/nodes/node/summary,spine1,10570588160,10850136064,0/RP0/CPU0,15032385536,15032385536
2020-02-05 01:46:25.429000+00:00,Cisco-IOS-XR-nto-misc-oper:memory-summary/nodes/node/summary,spine1,9237356544,9410588672,0/0/CPU0,12884901888,12884901888
2020-02-05 01:46:25.433000+00:00,Cisco-IOS-XR-nto-misc-oper:memory-summary/nodes/node/summary,spine1,10570801152,10850349056,0/RP0/CPU0,15032385536,15032385536
2020-02-05 01:46:31.713000+00:00,Cisco-IOS-XR-nto-misc-oper:memory-summary/nodes/node/summary,spine1,9237241856,9410473984,0/0/CPU0,12884901888,12884901888
2020-02-05 01:46:31.717000+00:00,Cisco-IOS-XR-nto-misc-oper:memory-summary/nodes/node/summary,spine1,10570661888,10850209792,0/RP0/CPU0,15032385536,15032385536
2020-02-05 01:46:36.860000+00:00,Cisco-IOS-XR-nto-misc-oper:memory-summary/nodes/node/summary,spine1,9237094400,9410326528,0/0/CPU0,12884901888,12884901888
2020-02-05 01:46:36.863000+00:00,Cisco-IOS-XR-nto-misc-oper:memory-summary/nodes/node/summary,spine1,10570608640,10850156544,0/RP0/CPU0,15032385536,15032385536
2020-02-05 01:46:43.188000+00:00,Cisco-IOS-XR-nto-misc-oper:memory-summary/nodes/node/summary,spine1,9237168128,9410400256,0/0/CPU0,12884901888,12884901888
2020-02-05 01:46:43.192000+00:00,Cisco-IOS-XR-nto-misc-oper:memory-summary/nodes/node/summary,spine1,10570739712,10850295808,0/RP0/CPU0,15032385536,15032385536
2020-02-05 01:46:48.337000+00:00,Cisco-IOS-XR-nto-misc-oper:memory-summary/nodes/node/summary,spine1,9237045248,9410539520,0/0/CPU0,12884901888,12884901888
2020-02-05 01:46:48.341000+00:00,Cisco-IOS-XR-nto-misc-oper:memory-summary/nodes/node/summary,spine1,10570739712,10850295808,0/RP0/CPU0,15032385536,15032385536
2020-02-05 01:46:54.606000+00:00,Cisco-IOS-XR-nto-misc-oper:memory-summary/nodes/node/summary,spine1,9237143552,9410375680,0/0/CPU0,12884901888,12884901888
2020-02-05 01:46:54.610000+00:00,Cisco-IOS-XR-nto-misc-oper:memory-summary/nodes/node/summary,spine1,10570608640,10850164736,0/RP0/CPU0,15032385536,15032385536
2020-02-05 01:46:59.753000+00:00,Cisco-IOS-XR-nto-misc-oper:memory-summary/nodes/node/summary,spine1,9237266432,9410498560,0/0/CPU0,12884901888,12884901888
2020-02-05 01:46:59.757000+00:00,Cisco-IOS-XR-nto-misc-oper:memory-summary/nodes/node/summary,spine1,10570362880,10849918976,0/RP0/CPU0,15032385536,15032385536
2020-02-05 01:47:06.026000+00:00,Cisco-IOS-XR-nto-misc-oper:memory-summary/nodes/node/summary,spine1,9237159936,9410523136,0/0/CPU0,12884901888,12884901888
2020-02-05 01:47:06.030000+00:00,Cisco-IOS-XR-nto-misc-oper:memory-summary/nodes/node/summary,spine1,10570375168,10849931264,0/RP0/CPU0,15032385536,15032385536
2020-02-05 01:47:11.169000+00:00,Cisco-IOS-XR-nto-misc-oper:memory-summary/nodes/node/summary,spine1,9237143552,9410506752,0/0/CPU0,12884901888,12884901888
2020-02-05 01:47:11.172000+00:00,Cisco-IOS-XR-nto-misc-oper:memory-summary/nodes/node/summary,spine1,10570260480,10849955840,0/RP0/CPU0,15032385536,15032385536
2020-02-05 01:47:17.452000+00:00,Cisco-IOS-XR-nto-misc-oper:memory-summary/nodes/node/summary,spine1,9237286912,9410519040,0/0/CPU0,12884901888,12884901888
2020-02-05 01:47:17.456000+00:00,Cisco-IOS-XR-nto-misc-oper:memory-summary/nodes/node/summary,spine1,10570350592,10849914880,0/RP0/CPU0,15032385536,15032385536
2020-02-05 01:47:22.590000+00:00,Cisco-IOS-XR-nto-misc-oper:memory-summary/nodes/node/summary,spine1,9237360640,9410592768,0/0/CPU0,12884901888,12884901888
2020-02-05 01:47:22.593000+00:00,Cisco-IOS-XR-nto-misc-oper:memory-summary/nodes/node/summary,spine1,10570313728,10849878016,0/RP0/CPU0,15032385536,15032385536
2020-02-05 01:47:28.875000+00:00,Cisco-IOS-XR-nto-misc-oper:memory-summary/nodes/node/summary,spine1,9237131264,9410363392,0/0/CPU0,12884901888,12884901888
2020-02-05 01:47:28.879000+00:00,Cisco-IOS-XR-nto-misc-oper:memory-summary/nodes/node/summary,spine1,10570260480,10849824768,0/RP0/CPU0,15032385536,15032385536
2020-02-05 01:47:34.021000+00:00,Cisco-IOS-XR-nto-misc-oper:memory-summary/nodes/node/summary,spine1,9237270528,9410502656,0/0/CPU0,12884901888,12884901888
2020-02-05 01:47:34.025000+00:00,Cisco-IOS-XR-nto-misc-oper:memory-summary/nodes/node/summary,spine1,10570481664,10850045952,0/RP0/CPU0,15032385536,15032385536
2020-02-05 01:47:40.310000+00:00,Cisco-IOS-XR-nto-misc-oper:memory-summary/nodes/node/summary,spine1,9237069824,9410301952,0/0/CPU0,12884901888,12884901888
2020-02-05 01:47:40.313000+00:00,Cisco-IOS-XR-nto-misc-oper:memory-summary/nodes/node/summary,spine1,10570211328,10849910784,0/RP0/CPU0,15032385536,15032385536
2020-02-05 01:47:45.458000+00:00,Cisco-IOS-XR-nto-misc-oper:memory-summary/nodes/node/summary,spine1,9237037056,9410273280,0/0/CPU0,12884901888,12884901888
2020-02-05 01:47:45.461000+00:00,Cisco-IOS-XR-nto-misc-oper:memory-summary/nodes/node/summary,spine1,10570326016,10849910784,0/RP0/CPU0,15032385536,15032385536
2020-02-05 01:47:51.749000+00:00,Cisco-IOS-XR-nto-misc-oper:memory-summary/nodes/node/summary,spine1,9237225472,9410461696,0/0/CPU0,12884901888,12884901888
2020-02-05 01:47:51.754000+00:00,Cisco-IOS-XR-nto-misc-oper:memory-summary/nodes/node/summary,spine1,10570358784,10850050048,0/RP0/CPU0,15032385536,15032385536
2020-02-05 01:47:56.897000+00:00,Cisco-IOS-XR-nto-misc-oper:memory-summary/nodes/node/summary,spine1,9237024768,9410260992,0/0/CPU0,12884901888,12884901888
2020-02-05 01:47:56.902000+00:00,Cisco-IOS-XR-nto-misc-oper:memory-summary/nodes/node/summary,spine1,10570227712,10849918976,0/RP0/CPU0,15032385536,15032385536
2020-02-05 01:48:03.174000+00:00,Cisco-IOS-XR-nto-misc-oper:memory-summary/nodes/node/summary,spine1,9237336064,9410572288,0/0/CPU0,12884901888,12884901888
2020-02-05 01:48:03.177000+00:00,Cisco-IOS-XR-nto-misc-oper:memory-summary/nodes/node/summary,spine1,10569863168,10849570816,0/RP0/CPU0,15032385536,15032385536
2020-02-05 01:48:08.314000+00:00,Cisco-IOS-XR-nto-misc-oper:memory-summary/nodes/node/summary,spine1,9237344256,9410580480,0/0/CPU0,12884901888,12884901888
2020-02-05 01:48:08.318000+00:00,Cisco-IOS-XR-nto-misc-oper:memory-summary/nodes/node/summary,spine1,10569805824,10849394688,0/RP0/CPU0,15032385536,15032385536
2020-02-05 01:48:14.599000+00:00,Cisco-IOS-XR-nto-misc-oper:memory-summary/nodes/node/summary,spine1,9237311488,9410547712,0/0/CPU0,12884901888,12884901888
2020-02-05 01:48:14.603000+00:00,Cisco-IOS-XR-nto-misc-oper:memory-summary/nodes/node/summary,spine1,10570055680,10849775616,0/RP0/CPU0,15032385536,15032385536
2020-02-05 01:48:19.741000+00:00,Cisco-IOS-XR-nto-misc-oper:memory-summary/nodes/node/summary,spine1,9237340160,9410576384,0/0/CPU0,12884901888,12884901888
2020-02-05 01:48:19.744000+00:00,Cisco-IOS-XR-nto-misc-oper:memory-summary/nodes/node/summary,spine1,10569949184,10849538048,0/RP0/CPU0,15032385536,15032385536
2020-02-05 01:48:26.017000+00:00,Cisco-IOS-XR-nto-misc-oper:memory-summary/nodes/node/summary,spine1,9237245952,9410482176,0/0/CPU0,12884901888,12884901888
2020-02-05 01:48:26.020000+00:00,Cisco-IOS-XR-nto-misc-oper:memory-summary/nodes/node/summary,spine1,10569924608,10849513472,0/RP0/CPU0,15032385536,15032385536
2020-02-05 01:48:31.166000+00:00,Cisco-IOS-XR-nto-misc-oper:memory-summary/nodes/node/summary,spine1,9237139456,9410375680,0/0/CPU0,12884901888,12884901888
2020-02-05 01:48:31.170000+00:00,Cisco-IOS-XR-nto-misc-oper:memory-summary/nodes/node/summary,spine1,10570047488,10849636352,0/RP0/CPU0,15032385536,15032385536
2020-02-05 01:48:37.455000+00:00,Cisco-IOS-XR-nto-misc-oper:memory-summary/nodes/node/summary,spine1,9237024768,9410260992,0/0/CPU0,12884901888,12884901888
2020-02-05 01:48:37.459000+00:00,Cisco-IOS-XR-nto-misc-oper:memory-summary/nodes/node/summary,spine1,10570174464,10849767424,0/RP0/CPU0,15032385536,15032385536
2020-02-05 01:48:42.604000+00:00,Cisco-IOS-XR-nto-misc-oper:memory-summary/nodes/node/summary,spine1,9237123072,9410363392,0/0/CPU0,12884901888,12884901888
2020-02-05 01:48:42.607000+00:00,Cisco-IOS-XR-nto-misc-oper:memory-summary/nodes/node/summary,spine1,10570043392,10849644544,0/RP0/CPU0,15032385536,15032385536
2020-02-05 01:48:48.869000+00:00,Cisco-IOS-XR-nto-misc-oper:memory-summary/nodes/node/summary,spine1,9237016576,9410256896,0/0/CPU0,12884901888,12884901888
2020-02-05 01:48:48.873000+00:00,Cisco-IOS-XR-nto-misc-oper:memory-summary/nodes/node/summary,spine1,10570166272,10849767424,0/RP0/CPU0,15032385536,15032385536
2020-02-05 01:48:54.011000+00:00,Cisco-IOS-XR-nto-misc-oper:memory-summary/nodes/node/summary,spine1,9237151744,9410392064,0/0/CPU0,12884901888,12884901888
2020-02-05 01:48:54.014000+00:00,Cisco-IOS-XR-nto-misc-oper:memory-summary/nodes/node/summary,spine1,10570043392,10849644544,0/RP0/CPU0,15032385536,15032385536
2020-02-05 01:49:00.301000+00:00,Cisco-IOS-XR-nto-misc-oper:memory-summary/nodes/node/summary,spine1,9237254144,9410494464,0/0/CPU0,12884901888,12884901888
2020-02-05 01:49:00.304000+00:00,Cisco-IOS-XR-nto-misc-oper:memory-summary/nodes/node/summary,spine1,10570096640,10849697792,0/RP0/CPU0,15032385536,15032385536
2020-02-05 01:49:05.439000+00:00,Cisco-IOS-XR-nto-misc-oper:memory-summary/nodes/node/summary,spine1,9237180416,9410420736,0/0/CPU0,12884901888,12884901888
2020-02-05 01:49:05.442000+00:00,Cisco-IOS-XR-nto-misc-oper:memory-summary/nodes/node/summary,spine1,10570248192,10849849344,0/RP0/CPU0,15032385536,15032385536
2020-02-05 01:49:11.737000+00:00,Cisco-IOS-XR-nto-misc-oper:memory-summary/nodes/node/summary,spine1,9237110784,9410482176,0/0/CPU0,12884901888,12884901888
2020-02-05 01:49:11.741000+00:00,Cisco-IOS-XR-nto-misc-oper:memory-summary/nodes/node/summary,spine1,10570117120,10849722368,0/RP0/CPU0,15032385536,15032385536
2020-02-05 01:49:16.882000+00:00,Cisco-IOS-XR-nto-misc-oper:memory-summary/nodes/node/summary,spine1,9236987904,9410359296,0/0/CPU0,12884901888,12884901888
2020-02-05 01:49:16.885000+00:00,Cisco-IOS-XR-nto-misc-oper:memory-summary/nodes/node/summary,spine1,10570309632,10849914880,0/RP0/CPU0,15032385536,15032385536
2020-02-05 01:49:23.149000+00:00,Cisco-IOS-XR-nto-misc-oper:memory-summary/nodes/node/summary,spine1,9237315584,9410428928,0/0/CPU0,12884901888,12884901888
2020-02-05 01:49:23.153000+00:00,Cisco-IOS-XR-nto-misc-oper:memory-summary/nodes/node/summary,spine1,10570063872,10849800192,0/RP0/CPU0,15032385536,15032385536
2020-02-05 01:49:28.296000+00:00,Cisco-IOS-XR-nto-misc-oper:memory-summary/nodes/node/summary,spine1,9237159936,9410531328,0/0/CPU0,12884901888,12884901888
2020-02-05 01:49:28.300000+00:00,Cisco-IOS-XR-nto-misc-oper:memory-summary/nodes/node/summary,spine1,10569818112,10849435648,0/RP0/CPU0,15032385536,15032385536
2020-02-05 01:49:34.564000+00:00,Cisco-IOS-XR-nto-misc-oper:memory-summary/nodes/node/summary,spine1,9237336064,9410576384,0/0/CPU0,12884901888,12884901888
2020-02-05 01:49:34.568000+00:00,Cisco-IOS-XR-nto-misc-oper:memory-summary/nodes/node/summary,spine1,10569703424,10849308672,0/RP0/CPU0,15032385536,15032385536
2020-02-05 01:49:39.714000+00:00,Cisco-IOS-XR-nto-misc-oper:memory-summary/nodes/node/summary,spine1,9237491712,9410609152,0/0/CPU0,12884901888,12884901888
2020-02-05 01:49:39.717000+00:00,Cisco-IOS-XR-nto-misc-oper:memory-summary/nodes/node/summary,spine1,10569703424,10849316864,0/RP0/CPU0,15032385536,15032385536
2020-02-05 01:49:45.985000+00:00,Cisco-IOS-XR-nto-misc-oper:memory-summary/nodes/node/summary,spine1,9237176320,9410551808,0/0/CPU0,12884901888,12884901888
2020-02-05 01:49:45.988000+00:00,Cisco-IOS-XR-nto-misc-oper:memory-summary/nodes/node/summary,spine1,10569670656,10849296384,0/RP0/CPU0,15032385536,15032385536
2020-02-05 01:49:51.126000+00:00,Cisco-IOS-XR-nto-misc-oper:memory-summary/nodes/node/summary,spine1,9237266432,9410641920,0/0/CPU0,12884901888,12884901888
2020-02-05 01:49:51.130000+00:00,Cisco-IOS-XR-nto-misc-oper:memory-summary/nodes/node/summary,spine1,10569752576,10849378304,0/RP0/CPU0,15032385536,15032385536
2020-02-05 01:49:57.436000+00:00,Cisco-IOS-XR-nto-misc-oper:memory-summary/nodes/node/summary,spine1,9237344256,9410588672,0/0/CPU0,12884901888,12884901888
2020-02-05 01:49:57.440000+00:00,Cisco-IOS-XR-nto-misc-oper:memory-summary/nodes/node/summary,spine1,10569547776,10849173504,0/RP0/CPU0,15032385536,15032385536
2020-02-05 01:50:02.574000+00:00,Cisco-IOS-XR-nto-misc-oper:memory-summary/nodes/node/summary,spine1,9237254144,9410498560,0/0/CPU0,12884901888,12884901888
2020-02-05 01:50:02.578000+00:00,Cisco-IOS-XR-nto-misc-oper:memory-summary/nodes/node/summary,spine1,10569928704,10849554432,0/RP0/CPU0,15032385536,15032385536
2020-02-05 01:50:08.884000+00:00,Cisco-IOS-XR-nto-misc-oper:memory-summary/nodes/node/summary,spine1,9237278720,9410654208,0/0/CPU0,12884901888,12884901888
2020-02-05 01:50:08.888000+00:00,Cisco-IOS-XR-nto-misc-oper:memory-summary/nodes/node/summary,spine1,10569740288,10849370112,0/RP0/CPU0,15032385536,15032385536
2020-02-05 01:50:14.032000+00:00,Cisco-IOS-XR-nto-misc-oper:memory-summary/nodes/node/summary,spine1,9237200896,9410445312,0/0/CPU0,12884901888,12884901888
2020-02-05 01:50:14.036000+00:00,Cisco-IOS-XR-nto-misc-oper:memory-summary/nodes/node/summary,spine1,10569920512,10849550336,0/RP0/CPU0,15032385536,15032385536
2020-02-05 01:50:20.358000+00:00,Cisco-IOS-XR-nto-misc-oper:memory-summary/nodes/node/summary,spine1,9237180416,9410555904,0/0/CPU0,12884901888,12884901888
2020-02-05 01:50:20.362000+00:00,Cisco-IOS-XR-nto-misc-oper:memory-summary/nodes/node/summary,spine1,10569633792,10849525760,0/RP0/CPU0,15032385536,15032385536
2020-02-05 01:50:25.501000+00:00,Cisco-IOS-XR-nto-misc-oper:memory-summary/nodes/node/summary,spine1,9236918272,9410162688,0/0/CPU0,12884901888,12884901888
2020-02-05 01:50:25.505000+00:00,Cisco-IOS-XR-nto-misc-oper:memory-summary/nodes/node/summary,spine1,10569789440,10849419264,0/RP0/CPU0,15032385536,15032385536
2020-02-05 01:50:31.776000+00:00,Cisco-IOS-XR-nto-misc-oper:memory-summary/nodes/node/summary,spine1,9232719872,9405964288,0/0/CPU0,12884901888,12884901888
2020-02-05 01:50:31.779000+00:00,Cisco-IOS-XR-nto-misc-oper:memory-summary/nodes/node/summary,spine1,10556526592,10836303872,0/RP0/CPU0,15032385536,15032385536
2020-02-05 01:50:36.914000+00:00,Cisco-IOS-XR-nto-misc-oper:memory-summary/nodes/node/summary,spine1,9237155840,9410531328,0/0/CPU0,12884901888,12884901888
2020-02-05 01:50:36.918000+00:00,Cisco-IOS-XR-nto-misc-oper:memory-summary/nodes/node/summary,spine1,10569760768,10849406976,0/RP0/CPU0,15032385536,15032385536
2020-02-05 01:50:43.183000+00:00,Cisco-IOS-XR-nto-misc-oper:memory-summary/nodes/node/summary,spine1,9237237760,9410617344,0/0/CPU0,12884901888,12884901888
2020-02-05 01:50:43.187000+00:00,Cisco-IOS-XR-nto-misc-oper:memory-summary/nodes/node/summary,spine1,10569654272,10849316864,0/RP0/CPU0,15032385536,15032385536
2020-02-05 01:50:48.323000+00:00,Cisco-IOS-XR-nto-misc-oper:memory-summary/nodes/node/summary,spine1,9237368832,9410617344,0/0/CPU0,12884901888,12884901888
2020-02-05 01:50:48.327000+00:00,Cisco-IOS-XR-nto-misc-oper:memory-summary/nodes/node/summary,spine1,10569691136,10849484800,0/RP0/CPU0,15032385536,15032385536
2020-02-05 01:50:54.579000+00:00,Cisco-IOS-XR-nto-misc-oper:memory-summary/nodes/node/summary,spine1,9237237760,9410486272,0/0/CPU0,12884901888,12884901888
2020-02-05 01:50:54.583000+00:00,Cisco-IOS-XR-nto-misc-oper:memory-summary/nodes/node/summary,spine1,10569728000,10849390592,0/RP0/CPU0,15032385536,15032385536
2020-02-05 01:50:59.721000+00:00,Cisco-IOS-XR-nto-misc-oper:memory-summary/nodes/node/summary,spine1,9232797696,9406046208,0/0/CPU0,12884901888,12884901888
2020-02-05 01:50:59.725000+00:00,Cisco-IOS-XR-nto-misc-oper:memory-summary/nodes/node/summary,spine1,10565275648,10844938240,0/RP0/CPU0,15032385536,15032385536
2020-02-05 01:51:06.021000+00:00,Cisco-IOS-XR-nto-misc-oper:memory-summary/nodes/node/summary,spine1,9236389888,9409638400,0/0/CPU0,12884901888,12884901888
2020-02-05 01:51:06.025000+00:00,Cisco-IOS-XR-nto-misc-oper:memory-summary/nodes/node/summary,spine1,10568818688,10848481280,0/RP0/CPU0,15032385536,15032385536
2020-02-05 01:51:11.168000+00:00,Cisco-IOS-XR-nto-misc-oper:memory-summary/nodes/node/summary,spine1,9236230144,9409609728,0/0/CPU0,12884901888,12884901888
2020-02-05 01:51:11.171000+00:00,Cisco-IOS-XR-nto-misc-oper:memory-summary/nodes/node/summary,spine1,10568859648,10848526336,0/RP0/CPU0,15032385536,15032385536
2020-02-05 01:51:17.463000+00:00,Cisco-IOS-XR-nto-misc-oper:memory-summary/nodes/node/summary,spine1,9236205568,9409454080,0/0/CPU0,12884901888,12884901888
2020-02-05 01:51:17.467000+00:00,Cisco-IOS-XR-nto-misc-oper:memory-summary/nodes/node/summary,spine1,10568859648,10848526336,0/RP0/CPU0,15032385536,15032385536
2020-02-05 01:51:22.607000+00:00,Cisco-IOS-XR-nto-misc-oper:memory-summary/nodes/node/summary,spine1,9236172800,9409421312,0/0/CPU0,12884901888,12884901888
2020-02-05 01:51:22.611000+00:00,Cisco-IOS-XR-nto-misc-oper:memory-summary/nodes/node/summary,spine1,10568990720,10848657408,0/RP0/CPU0,15032385536,15032385536
2020-02-05 01:51:28.922000+00:00,Cisco-IOS-XR-nto-misc-oper:memory-summary/nodes/node/summary,spine1,9231732736,9405112320,0/0/CPU0,12884901888,12884901888
2020-02-05 01:51:28.926000+00:00,Cisco-IOS-XR-nto-misc-oper:memory-summary/nodes/node/summary,spine1,10564210688,10844008448,0/RP0/CPU0,15032385536,15032385536
2020-02-05 01:51:34.069000+00:00,Cisco-IOS-XR-nto-misc-oper:memory-summary/nodes/node/summary,spine1,9236168704,9409417216,0/0/CPU0,12884901888,12884901888
2020-02-05 01:51:34.073000+00:00,Cisco-IOS-XR-nto-misc-oper:memory-summary/nodes/node/summary,spine1,10568830976,10848497664,0/RP0/CPU0,15032385536,15032385536
2020-02-05 01:51:40.339000+00:00,Cisco-IOS-XR-nto-misc-oper:memory-summary/nodes/node/summary,spine1,9236451328,9409699840,0/0/CPU0,12884901888,12884901888
2020-02-05 01:51:40.343000+00:00,Cisco-IOS-XR-nto-misc-oper:memory-summary/nodes/node/summary,spine1,10568699904,10848370688,0/RP0/CPU0,15032385536,15032385536
2020-02-05 01:51:45.475000+00:00,Cisco-IOS-XR-nto-misc-oper:memory-summary/nodes/node/summary,spine1,9236221952,9409605632,0/0/CPU0,12884901888,12884901888
2020-02-05 01:51:45.479000+00:00,Cisco-IOS-XR-nto-misc-oper:memory-summary/nodes/node/summary,spine1,10568949760,10848497664,0/RP0/CPU0,15032385536,15032385536
2020-02-05 01:51:51.767000+00:00,Cisco-IOS-XR-nto-misc-oper:memory-summary/nodes/node/summary,spine1,9236226048,9409478656,0/0/CPU0,12884901888,12884901888
2020-02-05 01:51:51.771000+00:00,Cisco-IOS-XR-nto-misc-oper:memory-summary/nodes/node/summary,spine1,10569064448,10848481280,0/RP0/CPU0,15032385536,15032385536
2020-02-05 01:51:56.913000+00:00,Cisco-IOS-XR-nto-misc-oper:memory-summary/nodes/node/summary,spine1,9236267008,9409519616,0/0/CPU0,12884901888,12884901888
2020-02-05 01:51:56.917000+00:00,Cisco-IOS-XR-nto-misc-oper:memory-summary/nodes/node/summary,spine1,10569080832,10848497664,0/RP0/CPU0,15032385536,15032385536
2020-02-05 01:52:03.195000+00:00,Cisco-IOS-XR-nto-misc-oper:memory-summary/nodes/node/summary,spine1,9232453632,9405837312,0/0/CPU0,12884901888,12884901888
2020-02-05 01:52:03.199000+00:00,Cisco-IOS-XR-nto-misc-oper:memory-summary/nodes/node/summary,spine1,10565275648,10844692480,0/RP0/CPU0,15032385536,15032385536
2020-02-05 01:52:08.344000+00:00,Cisco-IOS-XR-nto-misc-oper:memory-summary/nodes/node/summary,spine1,9235001344,9408253952,0/0/CPU0,12884901888,12884901888
2020-02-05 01:52:08.348000+00:00,Cisco-IOS-XR-nto-misc-oper:memory-summary/nodes/node/summary,spine1,10567782400,10847203328,0/RP0/CPU0,15032385536,15032385536
2020-02-05 01:52:14.642000+00:00,Cisco-IOS-XR-nto-misc-oper:memory-summary/nodes/node/summary,spine1,9235324928,9408577536,0/0/CPU0,12884901888,12884901888
2020-02-05 01:52:14.646000+00:00,Cisco-IOS-XR-nto-misc-oper:memory-summary/nodes/node/summary,spine1,10567938048,10847358976,0/RP0/CPU0,15032385536,15032385536
2020-02-05 01:52:19.780000+00:00,Cisco-IOS-XR-nto-misc-oper:memory-summary/nodes/node/summary,spine1,9235132416,9408516096,0/0/CPU0,12884901888,12884901888
2020-02-05 01:52:19.784000+00:00,Cisco-IOS-XR-nto-misc-oper:memory-summary/nodes/node/summary,spine1,10567946240,10847367168,0/RP0/CPU0,15032385536,15032385536
2020-02-05 01:52:26.066000+00:00,Cisco-IOS-XR-nto-misc-oper:memory-summary/nodes/node/summary,spine1,9235107840,9408360448,0/0/CPU0,12884901888,12884901888
2020-02-05 01:52:26.070000+00:00,Cisco-IOS-XR-nto-misc-oper:memory-summary/nodes/node/summary,spine1,10567921664,10847342592,0/RP0/CPU0,15032385536,15032385536
2020-02-05 01:52:31.205000+00:00,Cisco-IOS-XR-nto-misc-oper:memory-summary/nodes/node/summary,spine1,9231355904,9404608512,0/0/CPU0,12884901888,12884901888
2020-02-05 01:52:31.209000+00:00,Cisco-IOS-XR-nto-misc-oper:memory-summary/nodes/node/summary,spine1,10564059136,10843480064,0/RP0/CPU0,15032385536,15032385536
2020-02-05 01:52:37.534000+00:00,Cisco-IOS-XR-nto-misc-oper:memory-summary/nodes/node/summary,spine1,9235927040,9409179648,0/0/CPU0,12884901888,12884901888
2020-02-05 01:52:37.537000+00:00,Cisco-IOS-XR-nto-misc-oper:memory-summary/nodes/node/summary,spine1,10568839168,10848268288,0/RP0/CPU0,15032385536,15032385536
2020-02-05 01:52:42.672000+00:00,Cisco-IOS-XR-nto-misc-oper:memory-summary/nodes/node/summary,spine1,9235795968,9409179648,0/0/CPU0,12884901888,12884901888
2020-02-05 01:52:42.675000+00:00,Cisco-IOS-XR-nto-misc-oper:memory-summary/nodes/node/summary,spine1,10568691712,10848133120,0/RP0/CPU0,15032385536,15032385536
2020-02-05 01:52:48.964000+00:00,Cisco-IOS-XR-nto-misc-oper:memory-summary/nodes/node/summary,spine1,9235877888,9409265664,0/0/CPU0,12884901888,12884901888
2020-02-05 01:52:48.968000+00:00,Cisco-IOS-XR-nto-misc-oper:memory-summary/nodes/node/summary,spine1,10568581120,10848026624,0/RP0/CPU0,15032385536,15032385536
2020-02-05 01:52:54.109000+00:00,Cisco-IOS-XR-nto-misc-oper:memory-summary/nodes/node/summary,spine1,9236090880,9409347584,0/0/CPU0,12884901888,12884901888
2020-02-05 01:52:54.113000+00:00,Cisco-IOS-XR-nto-misc-oper:memory-summary/nodes/node/summary,spine1,10568531968,10848108544,0/RP0/CPU0,15032385536,15032385536
2020-02-05 01:53:00.376000+00:00,Cisco-IOS-XR-nto-misc-oper:memory-summary/nodes/node/summary,spine1,9231302656,9404559360,0/0/CPU0,12884901888,12884901888
2020-02-05 01:53:00.381000+00:00,Cisco-IOS-XR-nto-misc-oper:memory-summary/nodes/node/summary,spine1,10563895296,10843340800,0/RP0/CPU0,15032385536,15032385536
2020-02-05 01:53:05.525000+00:00,Cisco-IOS-XR-nto-misc-oper:memory-summary/nodes/node/summary,spine1,9236066304,9409323008,0/0/CPU0,12884901888,12884901888
2020-02-05 01:53:05.529000+00:00,Cisco-IOS-XR-nto-misc-oper:memory-summary/nodes/node/summary,spine1,10568761344,10848313344,0/RP0/CPU0,15032385536,15032385536
2020-02-05 01:53:11.869000+00:00,Cisco-IOS-XR-nto-misc-oper:memory-summary/nodes/node/summary,spine1,9236099072,9409355776,0/0/CPU0,12884901888,12884901888
2020-02-05 01:53:11.872000+00:00,Cisco-IOS-XR-nto-misc-oper:memory-summary/nodes/node/summary,spine1,10568339456,10847920128,0/RP0/CPU0,15032385536,15032385536
2020-02-05 01:53:17.014000+00:00,Cisco-IOS-XR-nto-misc-oper:memory-summary/nodes/node/summary,spine1,9236078592,9409335296,0/0/CPU0,12884901888,12884901888
2020-02-05 01:53:17.018000+00:00,Cisco-IOS-XR-nto-misc-oper:memory-summary/nodes/node/summary,spine1,10568470528,10847920128,0/RP0/CPU0,15032385536,15032385536
2020-02-05 01:53:23.285000+00:00,Cisco-IOS-XR-nto-misc-oper:memory-summary/nodes/node/summary,spine1,9236201472,9409458176,0/0/CPU0,12884901888,12884901888
2020-02-05 01:53:23.289000+00:00,Cisco-IOS-XR-nto-misc-oper:memory-summary/nodes/node/summary,spine1,10568302592,10847883264,0/RP0/CPU0,15032385536,15032385536
2020-02-05 01:53:28.426000+00:00,Cisco-IOS-XR-nto-misc-oper:memory-summary/nodes/node/summary,spine1,9235984384,9409241088,0/0/CPU0,12884901888,12884901888
2020-02-05 01:53:28.429000+00:00,Cisco-IOS-XR-nto-misc-oper:memory-summary/nodes/node/summary,spine1,10568478720,10847928320,0/RP0/CPU0,15032385536,15032385536
2020-02-05 01:53:34.728000+00:00,Cisco-IOS-XR-nto-misc-oper:memory-summary/nodes/node/summary,spine1,9237164032,9410420736,0/0/CPU0,12884901888,12884901888
2020-02-05 01:53:34.731000+00:00,Cisco-IOS-XR-nto-misc-oper:memory-summary/nodes/node/summary,spine1,10569621504,10849071104,0/RP0/CPU0,15032385536,15032385536
2020-02-05 01:53:39.869000+00:00,Cisco-IOS-XR-nto-misc-oper:memory-summary/nodes/node/summary,spine1,9237053440,9410572288,0/0/CPU0,12884901888,12884901888
2020-02-05 01:53:39.873000+00:00,Cisco-IOS-XR-nto-misc-oper:memory-summary/nodes/node/summary,spine1,10569490432,10848944128,0/RP0/CPU0,15032385536,15032385536
2020-02-05 01:53:46.139000+00:00,Cisco-IOS-XR-nto-misc-oper:memory-summary/nodes/node/summary,spine1,9237200896,9410457600,0/0/CPU0,12884901888,12884901888
2020-02-05 01:53:46.143000+00:00,Cisco-IOS-XR-nto-misc-oper:memory-summary/nodes/node/summary,spine1,10569592832,10849054720,0/RP0/CPU0,15032385536,15032385536
2020-02-05 01:53:51.284000+00:00,Cisco-IOS-XR-nto-misc-oper:memory-summary/nodes/node/summary,spine1,9237262336,9410519040,0/0/CPU0,12884901888,12884901888
2020-02-05 01:53:51.288000+00:00,Cisco-IOS-XR-nto-misc-oper:memory-summary/nodes/node/summary,spine1,10569494528,10848956416,0/RP0/CPU0,15032385536,15032385536
2020-02-05 01:53:57.548000+00:00,Cisco-IOS-XR-nto-misc-oper:memory-summary/nodes/node/summary,spine1,9237090304,9410347008,0/0/CPU0,12884901888,12884901888
2020-02-05 01:53:57.552000+00:00,Cisco-IOS-XR-nto-misc-oper:memory-summary/nodes/node/summary,spine1,10569494528,10848956416,0/RP0/CPU0,15032385536,15032385536
2020-02-05 01:54:02.689000+00:00,Cisco-IOS-XR-nto-misc-oper:memory-summary/nodes/node/summary,spine1,9235877888,9409396736,0/0/CPU0,12884901888,12884901888
2020-02-05 01:54:02.694000+00:00,Cisco-IOS-XR-nto-misc-oper:memory-summary/nodes/node/summary,spine1,10568343552,10847911936,0/RP0/CPU0,15032385536,15032385536
2020-02-05 01:54:08.999000+00:00,Cisco-IOS-XR-nto-misc-oper:memory-summary/nodes/node/summary,spine1,9236000768,9409257472,0/0/CPU0,12884901888,12884901888
2020-02-05 01:54:09.002000+00:00,Cisco-IOS-XR-nto-misc-oper:memory-summary/nodes/node/summary,spine1,10568847360,10848313344,0/RP0/CPU0,15032385536,15032385536
2020-02-05 01:54:14.140000+00:00,Cisco-IOS-XR-nto-misc-oper:memory-summary/nodes/node/summary,spine1,9235898368,9409417216,0/0/CPU0,12884901888,12884901888
2020-02-05 01:54:14.144000+00:00,Cisco-IOS-XR-nto-misc-oper:memory-summary/nodes/node/summary,spine1,10568716288,10848182272,0/RP0/CPU0,15032385536,15032385536
2020-02-05 01:54:20.418000+00:00,Cisco-IOS-XR-nto-misc-oper:memory-summary/nodes/node/summary,spine1,9236029440,9409417216,0/0/CPU0,12884901888,12884901888
2020-02-05 01:54:20.422000+00:00,Cisco-IOS-XR-nto-misc-oper:memory-summary/nodes/node/summary,spine1,10568642560,10848108544,0/RP0/CPU0,15032385536,15032385536
2020-02-05 01:54:25.558000+00:00,Cisco-IOS-XR-nto-misc-oper:memory-summary/nodes/node/summary,spine1,9236205568,9409462272,0/0/CPU0,12884901888,12884901888
2020-02-05 01:54:25.562000+00:00,Cisco-IOS-XR-nto-misc-oper:memory-summary/nodes/node/summary,spine1,10568613888,10848079872,0/RP0/CPU0,15032385536,15032385536
2020-02-05 01:54:31.855000+00:00,Cisco-IOS-XR-nto-misc-oper:memory-summary/nodes/node/summary,spine1,9235898368,9409155072,0/0/CPU0,12884901888,12884901888
2020-02-05 01:54:31.859000+00:00,Cisco-IOS-XR-nto-misc-oper:memory-summary/nodes/node/summary,spine1,10568343552,10847809536,0/RP0/CPU0,15032385536,15032385536
2020-02-05 01:54:37.004000+00:00,Cisco-IOS-XR-nto-misc-oper:memory-summary/nodes/node/summary,spine1,9237090304,9410347008,0/0/CPU0,12884901888,12884901888
2020-02-05 01:54:37.008000+00:00,Cisco-IOS-XR-nto-misc-oper:memory-summary/nodes/node/summary,spine1,10569596928,10849062912,0/RP0/CPU0,15032385536,15032385536
2020-02-05 01:54:43.468000+00:00,Cisco-IOS-XR-nto-misc-oper:memory-summary/nodes/node/summary,spine1,9236987904,9410379776,0/0/CPU0,12884901888,12884901888
2020-02-05 01:54:43.472000+00:00,Cisco-IOS-XR-nto-misc-oper:memory-summary/nodes/node/summary,spine1,10569580544,10849058816,0/RP0/CPU0,15032385536,15032385536
2020-02-05 01:54:48.614000+00:00,Cisco-IOS-XR-nto-misc-oper:memory-summary/nodes/node/summary,spine1,9237024768,9410285568,0/0/CPU0,12884901888,12884901888
2020-02-05 01:54:48.618000+00:00,Cisco-IOS-XR-nto-misc-oper:memory-summary/nodes/node/summary,spine1,10569646080,10849132544,0/RP0/CPU0,15032385536,15032385536
2020-02-05 01:54:54.679000+00:00,Cisco-IOS-XR-nto-misc-oper:memory-summary/nodes/node/summary,spine1,9236979712,9410240512,0/0/CPU0,12884901888,12884901888
2020-02-05 01:54:54.683000+00:00,Cisco-IOS-XR-nto-misc-oper:memory-summary/nodes/node/summary,spine1,10569555968,10849042432,0/RP0/CPU0,15032385536,15032385536
2020-02-05 01:54:59.828000+00:00,Cisco-IOS-XR-nto-misc-oper:memory-summary/nodes/node/summary,spine1,9237262336,9410523136,0/0/CPU0,12884901888,12884901888
2020-02-05 01:54:59.832000+00:00,Cisco-IOS-XR-nto-misc-oper:memory-summary/nodes/node/summary,spine1,10569834496,10849320960,0/RP0/CPU0,15032385536,15032385536
2020-02-05 01:55:06.113000+00:00,Cisco-IOS-XR-nto-misc-oper:memory-summary/nodes/node/summary,spine1,9237233664,9410498560,0/0/CPU0,12884901888,12884901888
2020-02-05 01:55:06.116000+00:00,Cisco-IOS-XR-nto-misc-oper:memory-summary/nodes/node/summary,spine1,10569711616,10849329152,0/RP0/CPU0,15032385536,15032385536
2020-02-05 01:55:11.255000+00:00,Cisco-IOS-XR-nto-misc-oper:memory-summary/nodes/node/summary,spine1,9237139456,9410535424,0/0/CPU0,12884901888,12884901888
2020-02-05 01:55:11.259000+00:00,Cisco-IOS-XR-nto-misc-oper:memory-summary/nodes/node/summary,spine1,10569637888,10849263616,0/RP0/CPU0,15032385536,15032385536
2020-02-05 01:55:17.528000+00:00,Cisco-IOS-XR-nto-misc-oper:memory-summary/nodes/node/summary,spine1,9237315584,9410580480,0/0/CPU0,12884901888,12884901888
2020-02-05 01:55:17.532000+00:00,Cisco-IOS-XR-nto-misc-oper:memory-summary/nodes/node/summary,spine1,10569838592,10849333248,0/RP0/CPU0,15032385536,15032385536
2020-02-05 01:55:22.670000+00:00,Cisco-IOS-XR-nto-misc-oper:memory-summary/nodes/node/summary,spine1,9237417984,9410682880,0/0/CPU0,12884901888,12884901888
2020-02-05 01:55:22.673000+00:00,Cisco-IOS-XR-nto-misc-oper:memory-summary/nodes/node/summary,spine1,10569756672,10849251328,0/RP0/CPU0,15032385536,15032385536
2020-02-05 01:55:28.944000+00:00,Cisco-IOS-XR-nto-misc-oper:memory-summary/nodes/node/summary,spine1,9237012480,9410408448,0/0/CPU0,12884901888,12884901888
2020-02-05 01:55:28.948000+00:00,Cisco-IOS-XR-nto-misc-oper:memory-summary/nodes/node/summary,spine1,10569789440,10849284096,0/RP0/CPU0,15032385536,15032385536
2020-02-05 01:55:34.092000+00:00,Cisco-IOS-XR-nto-misc-oper:memory-summary/nodes/node/summary,spine1,9237131264,9410527232,0/0/CPU0,12884901888,12884901888
2020-02-05 01:55:34.096000+00:00,Cisco-IOS-XR-nto-misc-oper:memory-summary/nodes/node/summary,spine1,10569723904,10849218560,0/RP0/CPU0,15032385536,15032385536
2020-02-05 01:55:40.359000+00:00,Cisco-IOS-XR-nto-misc-oper:memory-summary/nodes/node/summary,spine1,9237135360,9410400256,0/0/CPU0,12884901888,12884901888
2020-02-05 01:55:40.363000+00:00,Cisco-IOS-XR-nto-misc-oper:memory-summary/nodes/node/summary,spine1,10569826304,10849456128,0/RP0/CPU0,15032385536,15032385536
2020-02-05 01:55:45.504000+00:00,Cisco-IOS-XR-nto-misc-oper:memory-summary/nodes/node/summary,spine1,9237078016,9410478080,0/0/CPU0,12884901888,12884901888
2020-02-05 01:55:45.507000+00:00,Cisco-IOS-XR-nto-misc-oper:memory-summary/nodes/node/summary,spine1,10569822208,10849325056,0/RP0/CPU0,15032385536,15032385536
2020-02-05 01:55:51.797000+00:00,Cisco-IOS-XR-nto-misc-oper:memory-summary/nodes/node/summary,spine1,9237118976,9410387968,0/0/CPU0,12884901888,12884901888
2020-02-05 01:55:51.801000+00:00,Cisco-IOS-XR-nto-misc-oper:memory-summary/nodes/node/summary,spine1,10569822208,10849325056,0/RP0/CPU0,15032385536,15032385536
2020-02-05 01:55:56.936000+00:00,Cisco-IOS-XR-nto-misc-oper:memory-summary/nodes/node/summary,spine1,9237331968,9410600960,0/0/CPU0,12884901888,12884901888
2020-02-05 01:55:56.939000+00:00,Cisco-IOS-XR-nto-misc-oper:memory-summary/nodes/node/summary,spine1,10569699328,10849202176,0/RP0/CPU0,15032385536,15032385536
2020-02-05 01:56:03.251000+00:00,Cisco-IOS-XR-nto-misc-oper:memory-summary/nodes/node/summary,spine1,9237217280,9410617344,0/0/CPU0,12884901888,12884901888
2020-02-05 01:56:03.255000+00:00,Cisco-IOS-XR-nto-misc-oper:memory-summary/nodes/node/summary,spine1,10569699328,10849202176,0/RP0/CPU0,15032385536,15032385536
2020-02-05 01:56:08.389000+00:00,Cisco-IOS-XR-nto-misc-oper:memory-summary/nodes/node/summary,spine1,9237213184,9410482176,0/0/CPU0,12884901888,12884901888
2020-02-05 01:56:08.393000+00:00,Cisco-IOS-XR-nto-misc-oper:memory-summary/nodes/node/summary,spine1,10569773056,10849280000,0/RP0/CPU0,15032385536,15032385536
2020-02-05 01:56:14.673000+00:00,Cisco-IOS-XR-nto-misc-oper:memory-summary/nodes/node/summary,spine1,9237159936,9410428928,0/0/CPU0,12884901888,12884901888
2020-02-05 01:56:14.677000+00:00,Cisco-IOS-XR-nto-misc-oper:memory-summary/nodes/node/summary,spine1,10569764864,10849402880,0/RP0/CPU0,15032385536,15032385536
2020-02-05 01:56:19.812000+00:00,Cisco-IOS-XR-nto-misc-oper:memory-summary/nodes/node/summary,spine1,9237241856,9410510848,0/0/CPU0,12884901888,12884901888
2020-02-05 01:56:19.816000+00:00,Cisco-IOS-XR-nto-misc-oper:memory-summary/nodes/node/summary,spine1,10569748480,10849255424,0/RP0/CPU0,15032385536,15032385536
2020-02-05 01:56:26.123000+00:00,Cisco-IOS-XR-nto-misc-oper:memory-summary/nodes/node/summary,spine1,9237319680,9410719744,0/0/CPU0,12884901888,12884901888
2020-02-05 01:56:26.127000+00:00,Cisco-IOS-XR-nto-misc-oper:memory-summary/nodes/node/summary,spine1,10569830400,10849337344,0/RP0/CPU0,15032385536,15032385536
2020-02-05 01:56:31.277000+00:00,Cisco-IOS-XR-nto-misc-oper:memory-summary/nodes/node/summary,spine1,9237258240,9410527232,0/0/CPU0,12884901888,12884901888
2020-02-05 01:56:31.281000+00:00,Cisco-IOS-XR-nto-misc-oper:memory-summary/nodes/node/summary,spine1,10569695232,10849202176,0/RP0/CPU0,15032385536,15032385536
2020-02-05 01:56:37.544000+00:00,Cisco-IOS-XR-nto-misc-oper:memory-summary/nodes/node/summary,spine1,9237139456,9410539520,0/0/CPU0,12884901888,12884901888
2020-02-05 01:56:37.547000+00:00,Cisco-IOS-XR-nto-misc-oper:memory-summary/nodes/node/summary,spine1,10569879552,10849390592,0/RP0/CPU0,15032385536,15032385536
2020-02-05 01:56:42.691000+00:00,Cisco-IOS-XR-nto-misc-oper:memory-summary/nodes/node/summary,spine1,9237336064,9410605056,0/0/CPU0,12884901888,12884901888
2020-02-05 01:56:42.695000+00:00,Cisco-IOS-XR-nto-misc-oper:memory-summary/nodes/node/summary,spine1,10569711616,10849222656,0/RP0/CPU0,15032385536,15032385536
2020-02-05 01:56:48.961000+00:00,Cisco-IOS-XR-nto-misc-oper:memory-summary/nodes/node/summary,spine1,9237000192,9410273280,0/0/CPU0,12884901888,12884901888
2020-02-05 01:56:48.964000+00:00,Cisco-IOS-XR-nto-misc-oper:memory-summary/nodes/node/summary,spine1,10569924608,10849447936,0/RP0/CPU0,15032385536,15032385536
2020-02-05 01:56:54.102000+00:00,Cisco-IOS-XR-nto-misc-oper:memory-summary/nodes/node/summary,spine1,9237405696,9410678784,0/0/CPU0,12884901888,12884901888
2020-02-05 01:56:54.106000+00:00,Cisco-IOS-XR-nto-misc-oper:memory-summary/nodes/node/summary,spine1,10569801728,10849325056,0/RP0/CPU0,15032385536,15032385536
2020-02-05 01:57:00.390000+00:00,Cisco-IOS-XR-nto-misc-oper:memory-summary/nodes/node/summary,spine1,9237303296,9410707456,0/0/CPU0,12884901888,12884901888
2020-02-05 01:57:00.394000+00:00,Cisco-IOS-XR-nto-misc-oper:memory-summary/nodes/node/summary,spine1,10569793536,10849316864,0/RP0/CPU0,15032385536,15032385536
2020-02-05 01:57:05.532000+00:00,Cisco-IOS-XR-nto-misc-oper:memory-summary/nodes/node/summary,spine1,9237180416,9410584576,0/0/CPU0,12884901888,12884901888
2020-02-05 01:57:05.536000+00:00,Cisco-IOS-XR-nto-misc-oper:memory-summary/nodes/node/summary,spine1,10551185408,10830725120,0/RP0/CPU0,15032385536,15032385536
2020-02-05 01:57:11.818000+00:00,Cisco-IOS-XR-nto-misc-oper:memory-summary/nodes/node/summary,spine1,9237237760,9410658304,0/0/CPU0,12884901888,12884901888
2020-02-05 01:57:11.821000+00:00,Cisco-IOS-XR-nto-misc-oper:memory-summary/nodes/node/summary,spine1,10569723904,10849304576,0/RP0/CPU0,15032385536,15032385536
2020-02-05 01:57:16.963000+00:00,Cisco-IOS-XR-nto-misc-oper:memory-summary/nodes/node/summary,spine1,9237098496,9410387968,0/0/CPU0,12884901888,12884901888
2020-02-05 01:57:16.967000+00:00,Cisco-IOS-XR-nto-misc-oper:memory-summary/nodes/node/summary,spine1,10569568256,10849148928,0/RP0/CPU0,15032385536,15032385536
2020-02-05 01:57:23.206000+00:00,Cisco-IOS-XR-nto-misc-oper:memory-summary/nodes/node/summary,spine1,9237213184,9410633728,0/0/CPU0,12884901888,12884901888
2020-02-05 01:57:23.210000+00:00,Cisco-IOS-XR-nto-misc-oper:memory-summary/nodes/node/summary,spine1,10569469952,10849050624,0/RP0/CPU0,15032385536,15032385536
2020-02-05 01:57:28.355000+00:00,Cisco-IOS-XR-nto-misc-oper:memory-summary/nodes/node/summary,spine1,9236881408,9410301952,0/0/CPU0,12884901888,12884901888
2020-02-05 01:57:28.359000+00:00,Cisco-IOS-XR-nto-misc-oper:memory-summary/nodes/node/summary,spine1,10569568256,10849148928,0/RP0/CPU0,15032385536,15032385536
2020-02-05 01:57:34.626000+00:00,Cisco-IOS-XR-nto-misc-oper:memory-summary/nodes/node/summary,spine1,9237209088,9410498560,0/0/CPU0,12884901888,12884901888
2020-02-05 01:57:34.629000+00:00,Cisco-IOS-XR-nto-misc-oper:memory-summary/nodes/node/summary,spine1,10569646080,10849226752,0/RP0/CPU0,15032385536,15032385536
2020-02-05 01:57:39.767000+00:00,Cisco-IOS-XR-nto-misc-oper:memory-summary/nodes/node/summary,spine1,9236979712,9410269184,0/0/CPU0,12884901888,12884901888
2020-02-05 01:57:39.771000+00:00,Cisco-IOS-XR-nto-misc-oper:memory-summary/nodes/node/summary,spine1,10569564160,10849148928,0/RP0/CPU0,15032385536,15032385536
2020-02-05 01:57:46.074000+00:00,Cisco-IOS-XR-nto-misc-oper:memory-summary/nodes/node/summary,spine1,9237037056,9410330624,0/0/CPU0,12884901888,12884901888
2020-02-05 01:57:46.077000+00:00,Cisco-IOS-XR-nto-misc-oper:memory-summary/nodes/node/summary,spine1,10569482240,10849079296,0/RP0/CPU0,15032385536,15032385536
2020-02-05 01:57:51.212000+00:00,Cisco-IOS-XR-nto-misc-oper:memory-summary/nodes/node/summary,spine1,9237131264,9410424832,0/0/CPU0,12884901888,12884901888
2020-02-05 01:57:51.216000+00:00,Cisco-IOS-XR-nto-misc-oper:memory-summary/nodes/node/summary,spine1,10569453568,10849050624,0/RP0/CPU0,15032385536,15032385536
2020-02-05 01:57:57.473000+00:00,Cisco-IOS-XR-nto-misc-oper:memory-summary/nodes/node/summary,spine1,9236967424,9410392064,0/0/CPU0,12884901888,12884901888
2020-02-05 01:57:57.477000+00:00,Cisco-IOS-XR-nto-misc-oper:memory-summary/nodes/node/summary,spine1,10569564160,10849161216,0/RP0/CPU0,15032385536,15032385536
2020-02-05 01:58:02.621000+00:00,Cisco-IOS-XR-nto-misc-oper:memory-summary/nodes/node/summary,spine1,9237188608,9410482176,0/0/CPU0,12884901888,12884901888
2020-02-05 01:58:02.625000+00:00,Cisco-IOS-XR-nto-misc-oper:memory-summary/nodes/node/summary,spine1,10569498624,10849095680,0/RP0/CPU0,15032385536,15032385536
2020-02-05 01:58:08.897000+00:00,Cisco-IOS-XR-nto-misc-oper:memory-summary/nodes/node/summary,spine1,9237229568,9410523136,0/0/CPU0,12884901888,12884901888
2020-02-05 01:58:08.901000+00:00,Cisco-IOS-XR-nto-misc-oper:memory-summary/nodes/node/summary,spine1,10569203712,10848940032,0/RP0/CPU0,15032385536,15032385536
2020-02-05 01:58:14.037000+00:00,Cisco-IOS-XR-nto-misc-oper:memory-summary/nodes/node/summary,spine1,9237102592,9410396160,0/0/CPU0,12884901888,12884901888
2020-02-05 01:58:14.041000+00:00,Cisco-IOS-XR-nto-misc-oper:memory-summary/nodes/node/summary,spine1,10569003008,10848878592,0/RP0/CPU0,15032385536,15032385536
2020-02-05 01:58:20.309000+00:00,Cisco-IOS-XR-nto-misc-oper:memory-summary/nodes/node/summary,spine1,9237102592,9410527232,0/0/CPU0,12884901888,12884901888
2020-02-05 01:58:20.313000+00:00,Cisco-IOS-XR-nto-misc-oper:memory-summary/nodes/node/summary,spine1,10569265152,10848878592,0/RP0/CPU0,15032385536,15032385536
2020-02-05 01:58:25.457000+00:00,Cisco-IOS-XR-nto-misc-oper:memory-summary/nodes/node/summary,spine1,9237098496,9410523136,0/0/CPU0,12884901888,12884901888
2020-02-05 01:58:25.460000+00:00,Cisco-IOS-XR-nto-misc-oper:memory-summary/nodes/node/summary,spine1,10569326592,10848940032,0/RP0/CPU0,15032385536,15032385536
2020-02-05 01:58:31.740000+00:00,Cisco-IOS-XR-nto-misc-oper:memory-summary/nodes/node/summary,spine1,9237233664,9410789376,0/0/CPU0,12884901888,12884901888
2020-02-05 01:58:31.744000+00:00,Cisco-IOS-XR-nto-misc-oper:memory-summary/nodes/node/summary,spine1,10569375744,10848989184,0/RP0/CPU0,15032385536,15032385536
2020-02-05 01:58:36.881000+00:00,Cisco-IOS-XR-nto-misc-oper:memory-summary/nodes/node/summary,spine1,9237164032,9410588672,0/0/CPU0,12884901888,12884901888
2020-02-05 01:58:36.884000+00:00,Cisco-IOS-XR-nto-misc-oper:memory-summary/nodes/node/summary,spine1,10569211904,10848825344,0/RP0/CPU0,15032385536,15032385536
2020-02-05 01:58:43.194000+00:00,Cisco-IOS-XR-nto-misc-oper:memory-summary/nodes/node/summary,spine1,9237258240,9410551808,0/0/CPU0,12884901888,12884901888
2020-02-05 01:58:43.198000+00:00,Cisco-IOS-XR-nto-misc-oper:memory-summary/nodes/node/summary,spine1,10569224192,10848841728,0/RP0/CPU0,15032385536,15032385536
2020-02-05 01:58:48.333000+00:00,Cisco-IOS-XR-nto-misc-oper:memory-summary/nodes/node/summary,spine1,9237204992,9410502656,0/0/CPU0,12884901888,12884901888
2020-02-05 01:58:48.337000+00:00,Cisco-IOS-XR-nto-misc-oper:memory-summary/nodes/node/summary,spine1,10569261056,10848886784,0/RP0/CPU0,15032385536,15032385536
2020-02-05 01:58:54.628000+00:00,Cisco-IOS-XR-nto-misc-oper:memory-summary/nodes/node/summary,spine1,9237094400,9410523136,0/0/CPU0,12884901888,12884901888
2020-02-05 01:58:54.632000+00:00,Cisco-IOS-XR-nto-misc-oper:memory-summary/nodes/node/summary,spine1,10569392128,10849017856,0/RP0/CPU0,15032385536,15032385536
2020-02-05 01:58:59.777000+00:00,Cisco-IOS-XR-nto-misc-oper:memory-summary/nodes/node/summary,spine1,9237204992,9410502656,0/0/CPU0,12884901888,12884901888
2020-02-05 01:58:59.780000+00:00,Cisco-IOS-XR-nto-misc-oper:memory-summary/nodes/node/summary,spine1,10569129984,10848755712,0/RP0/CPU0,15032385536,15032385536
2020-02-05 01:59:06.042000+00:00,Cisco-IOS-XR-nto-misc-oper:memory-summary/nodes/node/summary,spine1,9237073920,9410502656,0/0/CPU0,12884901888,12884901888
2020-02-05 01:59:06.046000+00:00,Cisco-IOS-XR-nto-misc-oper:memory-summary/nodes/node/summary,spine1,10569531392,10849157120,0/RP0/CPU0,15032385536,15032385536
2020-02-05 01:59:11.191000+00:00,Cisco-IOS-XR-nto-misc-oper:memory-summary/nodes/node/summary,spine1,9236967424,9410396160,0/0/CPU0,12884901888,12884901888
2020-02-05 01:59:11.195000+00:00,Cisco-IOS-XR-nto-misc-oper:memory-summary/nodes/node/summary,spine1,10569437184,10849067008,0/RP0/CPU0,15032385536,15032385536
2020-02-05 01:59:17.501000+00:00,Cisco-IOS-XR-nto-misc-oper:memory-summary/nodes/node/summary,spine1,9237262336,9410560000,0/0/CPU0,12884901888,12884901888
2020-02-05 01:59:17.505000+00:00,Cisco-IOS-XR-nto-misc-oper:memory-summary/nodes/node/summary,spine1,10569547776,10849177600,0/RP0/CPU0,15032385536,15032385536
2020-02-05 01:59:22.649000+00:00,Cisco-IOS-XR-nto-misc-oper:memory-summary/nodes/node/summary,spine1,9237114880,9410543616,0/0/CPU0,12884901888,12884901888
2020-02-05 01:59:22.653000+00:00,Cisco-IOS-XR-nto-misc-oper:memory-summary/nodes/node/summary,spine1,10569314304,10849181696,0/RP0/CPU0,15032385536,15032385536
2020-02-05 01:59:28.925000+00:00,Cisco-IOS-XR-nto-misc-oper:memory-summary/nodes/node/summary,spine1,9237082112,9410510848,0/0/CPU0,12884901888,12884901888
2020-02-05 01:59:28.930000+00:00,Cisco-IOS-XR-nto-misc-oper:memory-summary/nodes/node/summary,spine1,10569428992,10849058816,0/RP0/CPU0,15032385536,15032385536
2020-02-05 01:59:34.063000+00:00,Cisco-IOS-XR-nto-misc-oper:memory-summary/nodes/node/summary,spine1,9237106688,9410396160,0/0/CPU0,12884901888,12884901888
2020-02-05 01:59:34.067000+00:00,Cisco-IOS-XR-nto-misc-oper:memory-summary/nodes/node/summary,spine1,10569547776,10849177600,0/RP0/CPU0,15032385536,15032385536
2020-02-05 01:59:40.360000+00:00,Cisco-IOS-XR-nto-misc-oper:memory-summary/nodes/node/summary,spine1,9237266432,9410564096,0/0/CPU0,12884901888,12884901888
2020-02-05 01:59:40.364000+00:00,Cisco-IOS-XR-nto-misc-oper:memory-summary/nodes/node/summary,spine1,10569441280,10849075200,0/RP0/CPU0,15032385536,15032385536
2020-02-05 01:59:45.498000+00:00,Cisco-IOS-XR-nto-misc-oper:memory-summary/nodes/node/summary,spine1,9237032960,9410330624,0/0/CPU0,12884901888,12884901888
2020-02-05 01:59:45.501000+00:00,Cisco-IOS-XR-nto-misc-oper:memory-summary/nodes/node/summary,spine1,10569371648,10849021952,0/RP0/CPU0,15032385536,15032385536
2020-02-05 01:59:51.800000+00:00,Cisco-IOS-XR-nto-misc-oper:memory-summary/nodes/node/summary,spine1,9237135360,9410433024,0/0/CPU0,12884901888,12884901888
2020-02-05 01:59:51.804000+00:00,Cisco-IOS-XR-nto-misc-oper:memory-summary/nodes/node/summary,spine1,10569588736,10849239040,0/RP0/CPU0,15032385536,15032385536
2020-02-05 01:59:56.949000+00:00,Cisco-IOS-XR-nto-misc-oper:memory-summary/nodes/node/summary,spine1,9237299200,9410596864,0/0/CPU0,12884901888,12884901888
2020-02-05 01:59:56.953000+00:00,Cisco-IOS-XR-nto-misc-oper:memory-summary/nodes/node/summary,spine1,10569277440,10849189888,0/RP0/CPU0,15032385536,15032385536
2020-02-05 02:00:03.239000+00:00,Cisco-IOS-XR-nto-misc-oper:memory-summary/nodes/node/summary,spine1,9237184512,9410482176,0/0/CPU0,12884901888,12884901888
2020-02-05 02:00:03.243000+00:00,Cisco-IOS-XR-nto-misc-oper:memory-summary/nodes/node/summary,spine1,10569502720,10849153024,0/RP0/CPU0,15032385536,15032385536
2020-02-05 02:00:08.390000+00:00,Cisco-IOS-XR-nto-misc-oper:memory-summary/nodes/node/summary,spine1,9237164032,9410461696,0/0/CPU0,12884901888,12884901888
2020-02-05 02:00:08.394000+00:00,Cisco-IOS-XR-nto-misc-oper:memory-summary/nodes/node/summary,spine1,10569498624,10849153024,0/RP0/CPU0,15032385536,15032385536
2020-02-05 02:00:14.632000+00:00,Cisco-IOS-XR-nto-misc-oper:memory-summary/nodes/node/summary,spine1,9237053440,9410351104,0/0/CPU0,12884901888,12884901888
2020-02-05 02:00:14.636000+00:00,Cisco-IOS-XR-nto-misc-oper:memory-summary/nodes/node/summary,spine1,10569490432,10849275904,0/RP0/CPU0,15032385536,15032385536
2020-02-05 02:00:19.773000+00:00,Cisco-IOS-XR-nto-misc-oper:memory-summary/nodes/node/summary,spine1,9237274624,9410572288,0/0/CPU0,12884901888,12884901888
2020-02-05 02:00:19.777000+00:00,Cisco-IOS-XR-nto-misc-oper:memory-summary/nodes/node/summary,spine1,10569531392,10849185792,0/RP0/CPU0,15032385536,15032385536
2020-02-05 02:00:26.076000+00:00,Cisco-IOS-XR-nto-misc-oper:memory-summary/nodes/node/summary,spine1,9237295104,9410592768,0/0/CPU0,12884901888,12884901888
2020-02-05 02:00:26.080000+00:00,Cisco-IOS-XR-nto-misc-oper:memory-summary/nodes/node/summary,spine1,10569285632,10848940032,0/RP0/CPU0,15032385536,15032385536
2020-02-05 02:00:31.215000+00:00,Cisco-IOS-XR-nto-misc-oper:memory-summary/nodes/node/summary,spine1,9237172224,9410469888,0/0/CPU0,12884901888,12884901888
2020-02-05 02:00:31.219000+00:00,Cisco-IOS-XR-nto-misc-oper:memory-summary/nodes/node/summary,spine1,10569388032,10849042432,0/RP0/CPU0,15032385536,15032385536
2020-02-05 02:00:37.509000+00:00,Cisco-IOS-XR-nto-misc-oper:memory-summary/nodes/node/summary,spine1,9237204992,9410502656,0/0/CPU0,12884901888,12884901888
2020-02-05 02:00:37.513000+00:00,Cisco-IOS-XR-nto-misc-oper:memory-summary/nodes/node/summary,spine1,10569584640,10849247232,0/RP0/CPU0,15032385536,15032385536
2020-02-05 02:00:42.658000+00:00,Cisco-IOS-XR-nto-misc-oper:memory-summary/nodes/node/summary,spine1,9237123072,9410420736,0/0/CPU0,12884901888,12884901888
2020-02-05 02:00:42.662000+00:00,Cisco-IOS-XR-nto-misc-oper:memory-summary/nodes/node/summary,spine1,10568728576,10848391168,0/RP0/CPU0,15032385536,15032385536
2020-02-05 02:00:48.952000+00:00,Cisco-IOS-XR-nto-misc-oper:memory-summary/nodes/node/summary,spine1,9237110784,9410416640,0/0/CPU0,12884901888,12884901888
2020-02-05 02:00:48.956000+00:00,Cisco-IOS-XR-nto-misc-oper:memory-summary/nodes/node/summary,spine1,10568892416,10848563200,0/RP0/CPU0,15032385536,15032385536
2020-02-05 02:00:54.101000+00:00,Cisco-IOS-XR-nto-misc-oper:memory-summary/nodes/node/summary,spine1,9237200896,9410506752,0/0/CPU0,12884901888,12884901888
2020-02-05 02:00:54.105000+00:00,Cisco-IOS-XR-nto-misc-oper:memory-summary/nodes/node/summary,spine1,10568806400,10848477184,0/RP0/CPU0,15032385536,15032385536
2020-02-05 02:01:00.410000+00:00,Cisco-IOS-XR-nto-misc-oper:memory-summary/nodes/node/summary,spine1,9237377024,9410682880,0/0/CPU0,12884901888,12884901888
2020-02-05 02:01:00.414000+00:00,Cisco-IOS-XR-nto-misc-oper:memory-summary/nodes/node/summary,spine1,10568667136,10848313344,0/RP0/CPU0,15032385536,15032385536
2020-02-05 02:01:05.555000+00:00,Cisco-IOS-XR-nto-misc-oper:memory-summary/nodes/node/summary,spine1,9237356544,9410662400,0/0/CPU0,12884901888,12884901888
2020-02-05 02:01:05.559000+00:00,Cisco-IOS-XR-nto-misc-oper:memory-summary/nodes/node/summary,spine1,10568708096,10848378880,0/RP0/CPU0,15032385536,15032385536
2020-02-05 02:01:11.816000+00:00,Cisco-IOS-XR-nto-misc-oper:memory-summary/nodes/node/summary,spine1,9237250048,9410686976,0/0/CPU0,12884901888,12884901888
2020-02-05 02:01:11.820000+00:00,Cisco-IOS-XR-nto-misc-oper:memory-summary/nodes/node/summary,spine1,10568736768,10848411648,0/RP0/CPU0,15032385536,15032385536
2020-02-05 02:01:16.954000+00:00,Cisco-IOS-XR-nto-misc-oper:memory-summary/nodes/node/summary,spine1,9237106688,9410412544,0/0/CPU0,12884901888,12884901888
2020-02-05 02:01:16.958000+00:00,Cisco-IOS-XR-nto-misc-oper:memory-summary/nodes/node/summary,spine1,10568933376,10848608256,0/RP0/CPU0,15032385536,15032385536
2020-02-05 02:01:23.258000+00:00,Cisco-IOS-XR-nto-misc-oper:memory-summary/nodes/node/summary,spine1,9237229568,9410535424,0/0/CPU0,12884901888,12884901888
2020-02-05 02:01:23.262000+00:00,Cisco-IOS-XR-nto-misc-oper:memory-summary/nodes/node/summary,spine1,10568323072,10848260096,0/RP0/CPU0,15032385536,15032385536
2020-02-05 02:01:28.397000+00:00,Cisco-IOS-XR-nto-misc-oper:memory-summary/nodes/node/summary,spine1,9237196800,9410502656,0/0/CPU0,12884901888,12884901888
2020-02-05 02:01:28.400000+00:00,Cisco-IOS-XR-nto-misc-oper:memory-summary/nodes/node/summary,spine1,10568540160,10848215040,0/RP0/CPU0,15032385536,15032385536
2020-02-05 02:01:34.675000+00:00,Cisco-IOS-XR-nto-misc-oper:memory-summary/nodes/node/summary,spine1,9237131264,9410437120,0/0/CPU0,12884901888,12884901888
2020-02-05 02:01:34.679000+00:00,Cisco-IOS-XR-nto-misc-oper:memory-summary/nodes/node/summary,spine1,10568531968,10848206848,0/RP0/CPU0,15032385536,15032385536
2020-02-05 02:01:39.824000+00:00,Cisco-IOS-XR-nto-misc-oper:memory-summary/nodes/node/summary,spine1,9237147648,9410584576,0/0/CPU0,12884901888,12884901888
2020-02-05 02:01:39.828000+00:00,Cisco-IOS-XR-nto-misc-oper:memory-summary/nodes/node/summary,spine1,10568527872,10848206848,0/RP0/CPU0,15032385536,15032385536
2020-02-05 02:01:46.315000+00:00,Cisco-IOS-XR-nto-misc-oper:memory-summary/nodes/node/summary,spine1,9237090304,9410527232,0/0/CPU0,12884901888,12884901888
2020-02-05 02:01:46.318000+00:00,Cisco-IOS-XR-nto-misc-oper:memory-summary/nodes/node/summary,spine1,10568515584,10848206848,0/RP0/CPU0,15032385536,15032385536
2020-02-05 02:01:51.464000+00:00,Cisco-IOS-XR-nto-misc-oper:memory-summary/nodes/node/summary,spine1,9237237760,9410543616,0/0/CPU0,12884901888,12884901888
2020-02-05 02:01:51.468000+00:00,Cisco-IOS-XR-nto-misc-oper:memory-summary/nodes/node/summary,spine1,10568515584,10848206848,0/RP0/CPU0,15032385536,15032385536
2020-02-05 02:01:57.526000+00:00,Cisco-IOS-XR-nto-misc-oper:memory-summary/nodes/node/summary,spine1,9237164032,9410469888,0/0/CPU0,12884901888,12884901888
2020-02-05 02:01:57.529000+00:00,Cisco-IOS-XR-nto-misc-oper:memory-summary/nodes/node/summary,spine1,10568515584,10848206848,0/RP0/CPU0,15032385536,15032385536
2020-02-05 02:02:02.672000+00:00,Cisco-IOS-XR-nto-misc-oper:memory-summary/nodes/node/summary,spine1,9237196800,9410502656,0/0/CPU0,12884901888,12884901888
2020-02-05 02:02:02.675000+00:00,Cisco-IOS-XR-nto-misc-oper:memory-summary/nodes/node/summary,spine1,10568495104,10848186368,0/RP0/CPU0,15032385536,15032385536
2020-02-05 02:02:08.978000+00:00,Cisco-IOS-XR-nto-misc-oper:memory-summary/nodes/node/summary,spine1,9237225472,9410531328,0/0/CPU0,12884901888,12884901888
2020-02-05 02:02:08.981000+00:00,Cisco-IOS-XR-nto-misc-oper:memory-summary/nodes/node/summary,spine1,10568589312,10848284672,0/RP0/CPU0,15032385536,15032385536
2020-02-05 02:02:14.120000+00:00,Cisco-IOS-XR-nto-misc-oper:memory-summary/nodes/node/summary,spine1,9237209088,9410514944,0/0/CPU0,12884901888,12884901888
2020-02-05 02:02:14.123000+00:00,Cisco-IOS-XR-nto-misc-oper:memory-summary/nodes/node/summary,spine1,10568654848,10848350208,0/RP0/CPU0,15032385536,15032385536
2020-02-05 02:02:20.424000+00:00,Cisco-IOS-XR-nto-misc-oper:memory-summary/nodes/node/summary,spine1,9237196800,9410502656,0/0/CPU0,12884901888,12884901888
2020-02-05 02:02:20.429000+00:00,Cisco-IOS-XR-nto-misc-oper:memory-summary/nodes/node/summary,spine1,10568400896,10848096256,0/RP0/CPU0,15032385536,15032385536
2020-02-05 02:02:25.563000+00:00,Cisco-IOS-XR-nto-misc-oper:memory-summary/nodes/node/summary,spine1,9237311488,9410748416,0/0/CPU0,12884901888,12884901888
2020-02-05 02:02:25.567000+00:00,Cisco-IOS-XR-nto-misc-oper:memory-summary/nodes/node/summary,spine1,10568495104,10848288768,0/RP0/CPU0,15032385536,15032385536
2020-02-05 02:02:31.852000+00:00,Cisco-IOS-XR-nto-misc-oper:memory-summary/nodes/node/summary,spine1,9237250048,9410555904,0/0/CPU0,12884901888,12884901888
2020-02-05 02:02:31.856000+00:00,Cisco-IOS-XR-nto-misc-oper:memory-summary/nodes/node/summary,spine1,10568798208,10848624640,0/RP0/CPU0,15032385536,15032385536
2020-02-05 02:02:36.993000+00:00,Cisco-IOS-XR-nto-misc-oper:memory-summary/nodes/node/summary,spine1,9237180416,9410486272,0/0/CPU0,12884901888,12884901888
2020-02-05 02:02:36.996000+00:00,Cisco-IOS-XR-nto-misc-oper:memory-summary/nodes/node/summary,spine1,10568925184,10848620544,0/RP0/CPU0,15032385536,15032385536
2020-02-05 02:02:43.319000+00:00,Cisco-IOS-XR-nto-misc-oper:memory-summary/nodes/node/summary,spine1,9237102592,9410408448,0/0/CPU0,12884901888,12884901888
2020-02-05 02:02:43.323000+00:00,Cisco-IOS-XR-nto-misc-oper:memory-summary/nodes/node/summary,spine1,10568650752,10848481280,0/RP0/CPU0,15032385536,15032385536
2020-02-05 02:02:48.466000+00:00,Cisco-IOS-XR-nto-misc-oper:memory-summary/nodes/node/summary,spine1,9237032960,9410473984,0/0/CPU0,12884901888,12884901888
2020-02-05 02:02:48.470000+00:00,Cisco-IOS-XR-nto-misc-oper:memory-summary/nodes/node/summary,spine1,10568802304,10848514048,0/RP0/CPU0,15032385536,15032385536
2020-02-05 02:02:54.757000+00:00,Cisco-IOS-XR-nto-misc-oper:memory-summary/nodes/node/summary,spine1,9237065728,9410506752,0/0/CPU0,12884901888,12884901888
2020-02-05 02:02:54.761000+00:00,Cisco-IOS-XR-nto-misc-oper:memory-summary/nodes/node/summary,spine1,10568794112,10848505856,0/RP0/CPU0,15032385536,15032385536
2020-02-05 02:02:59.903000+00:00,Cisco-IOS-XR-nto-misc-oper:memory-summary/nodes/node/summary,spine1,9237225472,9410535424,0/0/CPU0,12884901888,12884901888
2020-02-05 02:02:59.907000+00:00,Cisco-IOS-XR-nto-misc-oper:memory-summary/nodes/node/summary,spine1,10568654848,10848366592,0/RP0/CPU0,15032385536,15032385536
2020-02-05 02:03:06.187000+00:00,Cisco-IOS-XR-nto-misc-oper:memory-summary/nodes/node/summary,spine1,9237278720,9410588672,0/0/CPU0,12884901888,12884901888
2020-02-05 02:03:06.191000+00:00,Cisco-IOS-XR-nto-misc-oper:memory-summary/nodes/node/summary,spine1,10568667136,10848378880,0/RP0/CPU0,15032385536,15032385536
2020-02-05 02:03:11.328000+00:00,Cisco-IOS-XR-nto-misc-oper:memory-summary/nodes/node/summary,spine1,9237065728,9410506752,0/0/CPU0,12884901888,12884901888
2020-02-05 02:03:11.331000+00:00,Cisco-IOS-XR-nto-misc-oper:memory-summary/nodes/node/summary,spine1,10568773632,10848489472,0/RP0/CPU0,15032385536,15032385536
2020-02-05 02:03:17.624000+00:00,Cisco-IOS-XR-nto-misc-oper:memory-summary/nodes/node/summary,spine1,9237118976,9410560000,0/0/CPU0,12884901888,12884901888
2020-02-05 02:03:17.628000+00:00,Cisco-IOS-XR-nto-misc-oper:memory-summary/nodes/node/summary,spine1,10568835072,10848550912,0/RP0/CPU0,15032385536,15032385536
2020-02-05 02:03:22.765000+00:00,Cisco-IOS-XR-nto-misc-oper:memory-summary/nodes/node/summary,spine1,9237131264,9410441216,0/0/CPU0,12884901888,12884901888
2020-02-05 02:03:22.768000+00:00,Cisco-IOS-XR-nto-misc-oper:memory-summary/nodes/node/summary,spine1,10568667136,10848382976,0/RP0/CPU0,15032385536,15032385536
2020-02-05 02:03:29.077000+00:00,Cisco-IOS-XR-nto-misc-oper:memory-summary/nodes/node/summary,spine1,9237225472,9410535424,0/0/CPU0,12884901888,12884901888
2020-02-05 02:03:29.081000+00:00,Cisco-IOS-XR-nto-misc-oper:memory-summary/nodes/node/summary,spine1,10568761344,10848477184,0/RP0/CPU0,15032385536,15032385536
2020-02-05 02:03:34.221000+00:00,Cisco-IOS-XR-nto-misc-oper:memory-summary/nodes/node/summary,spine1,9237073920,9410383872,0/0/CPU0,12884901888,12884901888
2020-02-05 02:03:34.225000+00:00,Cisco-IOS-XR-nto-misc-oper:memory-summary/nodes/node/summary,spine1,10568765440,10848481280,0/RP0/CPU0,15032385536,15032385536
2020-02-05 02:03:40.544000+00:00,Cisco-IOS-XR-nto-misc-oper:memory-summary/nodes/node/summary,spine1,9237090304,9410400256,0/0/CPU0,12884901888,12884901888
2020-02-05 02:03:40.552000+00:00,Cisco-IOS-XR-nto-misc-oper:memory-summary/nodes/node/summary,spine1,10568663040,10848387072,0/RP0/CPU0,15032385536,15032385536
2020-02-05 02:03:45.686000+00:00,Cisco-IOS-XR-nto-misc-oper:memory-summary/nodes/node/summary,spine1,9236967424,9410277376,0/0/CPU0,12884901888,12884901888
2020-02-05 02:03:45.690000+00:00,Cisco-IOS-XR-nto-misc-oper:memory-summary/nodes/node/summary,spine1,10568626176,10848481280,0/RP0/CPU0,15032385536,15032385536
2020-02-05 02:03:51.963000+00:00,Cisco-IOS-XR-nto-misc-oper:memory-summary/nodes/node/summary,spine1,9237086208,9410531328,0/0/CPU0,12884901888,12884901888
2020-02-05 02:03:51.967000+00:00,Cisco-IOS-XR-nto-misc-oper:memory-summary/nodes/node/summary,spine1,10568630272,10848366592,0/RP0/CPU0,15032385536,15032385536
2020-02-05 02:03:57.109000+00:00,Cisco-IOS-XR-nto-misc-oper:memory-summary/nodes/node/summary,spine1,9237078016,9410392064,0/0/CPU0,12884901888,12884901888
2020-02-05 02:03:57.113000+00:00,Cisco-IOS-XR-nto-misc-oper:memory-summary/nodes/node/summary,spine1,10568687616,10848423936,0/RP0/CPU0,15032385536,15032385536
2020-02-05 02:04:03.394000+00:00,Cisco-IOS-XR-nto-misc-oper:memory-summary/nodes/node/summary,spine1,9237258240,9410572288,0/0/CPU0,12884901888,12884901888
2020-02-05 02:04:03.397000+00:00,Cisco-IOS-XR-nto-misc-oper:memory-summary/nodes/node/summary,spine1,10568642560,10848378880,0/RP0/CPU0,15032385536,15032385536
2020-02-05 02:04:08.535000+00:00,Cisco-IOS-XR-nto-misc-oper:memory-summary/nodes/node/summary,spine1,9237311488,9410625536,0/0/CPU0,12884901888,12884901888
2020-02-05 02:04:08.538000+00:00,Cisco-IOS-XR-nto-misc-oper:memory-summary/nodes/node/summary,spine1,10568605696,10848346112,0/RP0/CPU0,15032385536,15032385536
2020-02-05 02:04:14.832000+00:00,Cisco-IOS-XR-nto-misc-oper:memory-summary/nodes/node/summary,spine1,9236889600,9410334720,0/0/CPU0,12884901888,12884901888
2020-02-05 02:04:14.836000+00:00,Cisco-IOS-XR-nto-misc-oper:memory-summary/nodes/node/summary,spine1,10568761344,10848501760,0/RP0/CPU0,15032385536,15032385536
2020-02-05 02:04:19.978000+00:00,Cisco-IOS-XR-nto-misc-oper:memory-summary/nodes/node/summary,spine1,9237090304,9410535424,0/0/CPU0,12884901888,12884901888
2020-02-05 02:04:19.982000+00:00,Cisco-IOS-XR-nto-misc-oper:memory-summary/nodes/node/summary,spine1,10568740864,10848481280,0/RP0/CPU0,15032385536,15032385536
2020-02-05 02:04:26.273000+00:00,Cisco-IOS-XR-nto-misc-oper:memory-summary/nodes/node/summary,spine1,9237266432,9410580480,0/0/CPU0,12884901888,12884901888
2020-02-05 02:04:26.278000+00:00,Cisco-IOS-XR-nto-misc-oper:memory-summary/nodes/node/summary,spine1,10568638464,10848378880,0/RP0/CPU0,15032385536,15032385536
2020-02-05 02:04:31.421000+00:00,Cisco-IOS-XR-nto-misc-oper:memory-summary/nodes/node/summary,spine1,9237123072,9410437120,0/0/CPU0,12884901888,12884901888
2020-02-05 02:04:31.424000+00:00,Cisco-IOS-XR-nto-misc-oper:memory-summary/nodes/node/summary,spine1,10568679424,10848419840,0/RP0/CPU0,15032385536,15032385536
2020-02-05 02:04:37.700000+00:00,Cisco-IOS-XR-nto-misc-oper:memory-summary/nodes/node/summary,spine1,9237286912,9410732032,0/0/CPU0,12884901888,12884901888
2020-02-05 02:04:37.704000+00:00,Cisco-IOS-XR-nto-misc-oper:memory-summary/nodes/node/summary,spine1,10568597504,10848473088,0/RP0/CPU0,15032385536,15032385536
2020-02-05 02:04:42.848000+00:00,Cisco-IOS-XR-nto-misc-oper:memory-summary/nodes/node/summary,spine1,9237282816,9410596864,0/0/CPU0,12884901888,12884901888
2020-02-05 02:04:42.851000+00:00,Cisco-IOS-XR-nto-misc-oper:memory-summary/nodes/node/summary,spine1,10568605696,10848481280,0/RP0/CPU0,15032385536,15032385536
2020-02-05 02:04:49.113000+00:00,Cisco-IOS-XR-nto-misc-oper:memory-summary/nodes/node/summary,spine1,9237368832,9410682880,0/0/CPU0,12884901888,12884901888
2020-02-05 02:04:49.116000+00:00,Cisco-IOS-XR-nto-misc-oper:memory-summary/nodes/node/summary,spine1,10568851456,10848608256,0/RP0/CPU0,15032385536,15032385536
2020-02-05 02:04:54.255000+00:00,Cisco-IOS-XR-nto-misc-oper:memory-summary/nodes/node/summary,spine1,9237229568,9410805760,0/0/CPU0,12884901888,12884901888
2020-02-05 02:04:54.259000+00:00,Cisco-IOS-XR-nto-misc-oper:memory-summary/nodes/node/summary,spine1,10568806400,10848563200,0/RP0/CPU0,15032385536,15032385536
2020-02-05 02:05:00.565000+00:00,Cisco-IOS-XR-nto-misc-oper:memory-summary/nodes/node/summary,spine1,9237028864,9410342912,0/0/CPU0,12884901888,12884901888
2020-02-05 02:05:00.569000+00:00,Cisco-IOS-XR-nto-misc-oper:memory-summary/nodes/node/summary,spine1,10568724480,10848481280,0/RP0/CPU0,15032385536,15032385536
2020-02-05 02:05:05.704000+00:00,Cisco-IOS-XR-nto-misc-oper:memory-summary/nodes/node/summary,spine1,9237295104,9410609152,0/0/CPU0,12884901888,12884901888
2020-02-05 02:05:05.708000+00:00,Cisco-IOS-XR-nto-misc-oper:memory-summary/nodes/node/summary,spine1,10568695808,10848452608,0/RP0/CPU0,15032385536,15032385536
2020-02-05 02:05:12.016000+00:00,Cisco-IOS-XR-nto-misc-oper:memory-summary/nodes/node/summary,spine1,9237045248,9410359296,0/0/CPU0,12884901888,12884901888
2020-02-05 02:05:12.020000+00:00,Cisco-IOS-XR-nto-misc-oper:memory-summary/nodes/node/summary,spine1,10568851456,10848612352,0/RP0/CPU0,15032385536,15032385536
2020-02-05 02:05:17.165000+00:00,Cisco-IOS-XR-nto-misc-oper:memory-summary/nodes/node/summary,spine1,9236983808,9410297856,0/0/CPU0,12884901888,12884901888
2020-02-05 02:05:17.169000+00:00,Cisco-IOS-XR-nto-misc-oper:memory-summary/nodes/node/summary,spine1,10568720384,10848481280,0/RP0/CPU0,15032385536,15032385536
2020-02-05 02:05:23.432000+00:00,Cisco-IOS-XR-nto-misc-oper:memory-summary/nodes/node/summary,spine1,9237045248,9410359296,0/0/CPU0,12884901888,12884901888
2020-02-05 02:05:23.436000+00:00,Cisco-IOS-XR-nto-misc-oper:memory-summary/nodes/node/summary,spine1,10568712192,10848473088,0/RP0/CPU0,15032385536,15032385536
2020-02-05 02:05:28.586000+00:00,Cisco-IOS-XR-nto-misc-oper:memory-summary/nodes/node/summary,spine1,9237254144,9410568192,0/0/CPU0,12884901888,12884901888
2020-02-05 02:05:28.589000+00:00,Cisco-IOS-XR-nto-misc-oper:memory-summary/nodes/node/summary,spine1,10568650752,10848411648,0/RP0/CPU0,15032385536,15032385536
2020-02-05 02:05:34.856000+00:00,Cisco-IOS-XR-nto-misc-oper:memory-summary/nodes/node/summary,spine1,9237061632,9410375680,0/0/CPU0,12884901888,12884901888
2020-02-05 02:05:34.860000+00:00,Cisco-IOS-XR-nto-misc-oper:memory-summary/nodes/node/summary,spine1,10568851456,10848612352,0/RP0/CPU0,15032385536,15032385536
2020-02-05 02:05:40.005000+00:00,Cisco-IOS-XR-nto-misc-oper:memory-summary/nodes/node/summary,spine1,9237172224,9410486272,0/0/CPU0,12884901888,12884901888
2020-02-05 02:05:40.009000+00:00,Cisco-IOS-XR-nto-misc-oper:memory-summary/nodes/node/summary,spine1,10568847360,10848612352,0/RP0/CPU0,15032385536,15032385536
2020-02-05 02:05:46.301000+00:00,Cisco-IOS-XR-nto-misc-oper:memory-summary/nodes/node/summary,spine1,9237147648,9410461696,0/0/CPU0,12884901888,12884901888
2020-02-05 02:05:46.305000+00:00,Cisco-IOS-XR-nto-misc-oper:memory-summary/nodes/node/summary,spine1,10568716288,10848481280,0/RP0/CPU0,15032385536,15032385536
2020-02-05 02:05:51.441000+00:00,Cisco-IOS-XR-nto-misc-oper:memory-summary/nodes/node/summary,spine1,9237041152,9410494464,0/0/CPU0,12884901888,12884901888
2020-02-05 02:05:51.445000+00:00,Cisco-IOS-XR-nto-misc-oper:memory-summary/nodes/node/summary,spine1,10568843264,10848612352,0/RP0/CPU0,15032385536,15032385536
2020-02-05 02:05:57.732000+00:00,Cisco-IOS-XR-nto-misc-oper:memory-summary/nodes/node/summary,spine1,9236992000,9410314240,0/0/CPU0,12884901888,12884901888
2020-02-05 02:05:57.736000+00:00,Cisco-IOS-XR-nto-misc-oper:memory-summary/nodes/node/summary,spine1,10568704000,10848473088,0/RP0/CPU0,15032385536,15032385536
2020-02-05 02:06:02.873000+00:00,Cisco-IOS-XR-nto-misc-oper:memory-summary/nodes/node/summary,spine1,9237094400,9410678784,0/0/CPU0,12884901888,12884901888
2020-02-05 02:06:02.877000+00:00,Cisco-IOS-XR-nto-misc-oper:memory-summary/nodes/node/summary,spine1,10568720384,10848489472,0/RP0/CPU0,15032385536,15032385536
2020-02-05 02:06:09.140000+00:00,Cisco-IOS-XR-nto-misc-oper:memory-summary/nodes/node/summary,spine1,9237172224,9410494464,0/0/CPU0,12884901888,12884901888
2020-02-05 02:06:09.146000+00:00,Cisco-IOS-XR-nto-misc-oper:memory-summary/nodes/node/summary,spine1,10568654848,10848563200,0/RP0/CPU0,15032385536,15032385536
2020-02-05 02:06:14.288000+00:00,Cisco-IOS-XR-nto-misc-oper:memory-summary/nodes/node/summary,spine1,9237139456,9410461696,0/0/CPU0,12884901888,12884901888
2020-02-05 02:06:14.292000+00:00,Cisco-IOS-XR-nto-misc-oper:memory-summary/nodes/node/summary,spine1,10568613888,10848391168,0/RP0/CPU0,15032385536,15032385536
2020-02-05 02:06:20.555000+00:00,Cisco-IOS-XR-nto-misc-oper:memory-summary/nodes/node/summary,spine1,9237159936,9410482176,0/0/CPU0,12884901888,12884901888
2020-02-05 02:06:20.559000+00:00,Cisco-IOS-XR-nto-misc-oper:memory-summary/nodes/node/summary,spine1,10568716288,10848493568,0/RP0/CPU0,15032385536,15032385536
2020-02-05 02:06:25.704000+00:00,Cisco-IOS-XR-nto-misc-oper:memory-summary/nodes/node/summary,spine1,9237295104,9410617344,0/0/CPU0,12884901888,12884901888
2020-02-05 02:06:25.707000+00:00,Cisco-IOS-XR-nto-misc-oper:memory-summary/nodes/node/summary,spine1,10568736768,10848514048,0/RP0/CPU0,15032385536,15032385536
2020-02-05 02:06:31.960000+00:00,Cisco-IOS-XR-nto-misc-oper:memory-summary/nodes/node/summary,spine1,9237209088,9410531328,0/0/CPU0,12884901888,12884901888
2020-02-05 02:06:31.964000+00:00,Cisco-IOS-XR-nto-misc-oper:memory-summary/nodes/node/summary,spine1,10568589312,10848366592,0/RP0/CPU0,15032385536,15032385536
2020-02-05 02:06:37.113000+00:00,Cisco-IOS-XR-nto-misc-oper:memory-summary/nodes/node/summary,spine1,9237012480,9410465792,0/0/CPU0,12884901888,12884901888
2020-02-05 02:06:37.117000+00:00,Cisco-IOS-XR-nto-misc-oper:memory-summary/nodes/node/summary,spine1,10568585216,10848362496,0/RP0/CPU0,15032385536,15032385536
2020-02-05 02:06:43.391000+00:00,Cisco-IOS-XR-nto-misc-oper:memory-summary/nodes/node/summary,spine1,9237168128,9410621440,0/0/CPU0,12884901888,12884901888
2020-02-05 02:06:43.394000+00:00,Cisco-IOS-XR-nto-misc-oper:memory-summary/nodes/node/summary,spine1,10568540160,10848321536,0/RP0/CPU0,15032385536,15032385536
2020-02-05 02:06:48.530000+00:00,Cisco-IOS-XR-nto-misc-oper:memory-summary/nodes/node/summary,spine1,9237024768,9410347008,0/0/CPU0,12884901888,12884901888
2020-02-05 02:06:48.534000+00:00,Cisco-IOS-XR-nto-misc-oper:memory-summary/nodes/node/summary,spine1,10568826880,10848624640,0/RP0/CPU0,15032385536,15032385536
2020-02-05 02:06:54.824000+00:00,Cisco-IOS-XR-nto-misc-oper:memory-summary/nodes/node/summary,spine1,9237061632,9410514944,0/0/CPU0,12884901888,12884901888
2020-02-05 02:06:54.830000+00:00,Cisco-IOS-XR-nto-misc-oper:memory-summary/nodes/node/summary,spine1,10568687616,10848485376,0/RP0/CPU0,15032385536,15032385536
2020-02-05 02:06:59.970000+00:00,Cisco-IOS-XR-nto-misc-oper:memory-summary/nodes/node/summary,spine1,9237078016,9410400256,0/0/CPU0,12884901888,12884901888
2020-02-05 02:06:59.974000+00:00,Cisco-IOS-XR-nto-misc-oper:memory-summary/nodes/node/summary,spine1,10568622080,10848419840,0/RP0/CPU0,15032385536,15032385536
2020-02-05 02:07:06.253000+00:00,Cisco-IOS-XR-nto-misc-oper:memory-summary/nodes/node/summary,spine1,9237008384,9410330624,0/0/CPU0,12884901888,12884901888
2020-02-05 02:07:06.257000+00:00,Cisco-IOS-XR-nto-misc-oper:memory-summary/nodes/node/summary,spine1,10568695808,10848493568,0/RP0/CPU0,15032385536,15032385536
2020-02-05 02:07:11.400000+00:00,Cisco-IOS-XR-nto-misc-oper:memory-summary/nodes/node/summary,spine1,9237078016,9410400256,0/0/CPU0,12884901888,12884901888
2020-02-05 02:07:11.404000+00:00,Cisco-IOS-XR-nto-misc-oper:memory-summary/nodes/node/summary,spine1,10568691712,10848493568,0/RP0/CPU0,15032385536,15032385536
2020-02-05 02:07:17.682000+00:00,Cisco-IOS-XR-nto-misc-oper:memory-summary/nodes/node/summary,spine1,9237221376,9410543616,0/0/CPU0,12884901888,12884901888
2020-02-05 02:07:17.686000+00:00,Cisco-IOS-XR-nto-misc-oper:memory-summary/nodes/node/summary,spine1,10568818688,10848620544,0/RP0/CPU0,15032385536,15032385536
2020-02-05 02:07:22.830000+00:00,Cisco-IOS-XR-nto-misc-oper:memory-summary/nodes/node/summary,spine1,9237200896,9410523136,0/0/CPU0,12884901888,12884901888
2020-02-05 02:07:22.834000+00:00,Cisco-IOS-XR-nto-misc-oper:memory-summary/nodes/node/summary,spine1,10568654848,10848456704,0/RP0/CPU0,15032385536,15032385536
2020-02-05 02:07:29.098000+00:00,Cisco-IOS-XR-nto-misc-oper:memory-summary/nodes/node/summary,spine1,9237008384,9410330624,0/0/CPU0,12884901888,12884901888
2020-02-05 02:07:29.102000+00:00,Cisco-IOS-XR-nto-misc-oper:memory-summary/nodes/node/summary,spine1,10568425472,10848358400,0/RP0/CPU0,15032385536,15032385536
2020-02-05 02:07:34.243000+00:00,Cisco-IOS-XR-nto-misc-oper:memory-summary/nodes/node/summary,spine1,9237229568,9410551808,0/0/CPU0,12884901888,12884901888
2020-02-05 02:07:34.247000+00:00,Cisco-IOS-XR-nto-misc-oper:memory-summary/nodes/node/summary,spine1,10568560640,10848362496,0/RP0/CPU0,15032385536,15032385536
2020-02-05 02:07:40.528000+00:00,Cisco-IOS-XR-nto-misc-oper:memory-summary/nodes/node/summary,spine1,9237131264,9410453504,0/0/CPU0,12884901888,12884901888
2020-02-05 02:07:40.532000+00:00,Cisco-IOS-XR-nto-misc-oper:memory-summary/nodes/node/summary,spine1,10568638464,10848575488,0/RP0/CPU0,15032385536,15032385536
2020-02-05 02:07:45.667000+00:00,Cisco-IOS-XR-nto-misc-oper:memory-summary/nodes/node/summary,spine1,9237012480,9410465792,0/0/CPU0,12884901888,12884901888
2020-02-05 02:07:45.671000+00:00,Cisco-IOS-XR-nto-misc-oper:memory-summary/nodes/node/summary,spine1,10568544256,10848350208,0/RP0/CPU0,15032385536,15032385536
2020-02-05 02:07:51.968000+00:00,Cisco-IOS-XR-nto-misc-oper:memory-summary/nodes/node/summary,spine1,9237196800,9410662400,0/0/CPU0,12884901888,12884901888
2020-02-05 02:07:51.972000+00:00,Cisco-IOS-XR-nto-misc-oper:memory-summary/nodes/node/summary,spine1,10568585216,10848530432,0/RP0/CPU0,15032385536,15032385536
2020-02-05 02:07:57.113000+00:00,Cisco-IOS-XR-nto-misc-oper:memory-summary/nodes/node/summary,spine1,9237217280,9410547712,0/0/CPU0,12884901888,12884901888
2020-02-05 02:07:57.117000+00:00,Cisco-IOS-XR-nto-misc-oper:memory-summary/nodes/node/summary,spine1,10568691712,10848636928,0/RP0/CPU0,15032385536,15032385536
2020-02-05 02:08:03.398000+00:00,Cisco-IOS-XR-nto-misc-oper:memory-summary/nodes/node/summary,spine1,9237188608,9410519040,0/0/CPU0,12884901888,12884901888
2020-02-05 02:08:03.402000+00:00,Cisco-IOS-XR-nto-misc-oper:memory-summary/nodes/node/summary,spine1,10568720384,10848534528,0/RP0/CPU0,15032385536,15032385536
2020-02-05 02:08:08.545000+00:00,Cisco-IOS-XR-nto-misc-oper:memory-summary/nodes/node/summary,spine1,9236975616,9410437120,0/0/CPU0,12884901888,12884901888
2020-02-05 02:08:08.549000+00:00,Cisco-IOS-XR-nto-misc-oper:memory-summary/nodes/node/summary,spine1,10568683520,10848501760,0/RP0/CPU0,15032385536,15032385536
2020-02-05 02:08:14.811000+00:00,Cisco-IOS-XR-nto-misc-oper:memory-summary/nodes/node/summary,spine1,9237057536,9410387968,0/0/CPU0,12884901888,12884901888
2020-02-05 02:08:14.815000+00:00,Cisco-IOS-XR-nto-misc-oper:memory-summary/nodes/node/summary,spine1,10568667136,10848485376,0/RP0/CPU0,15032385536,15032385536
2020-02-05 02:08:19.949000+00:00,Cisco-IOS-XR-nto-misc-oper:memory-summary/nodes/node/summary,spine1,9236979712,9410310144,0/0/CPU0,12884901888,12884901888
2020-02-05 02:08:19.953000+00:00,Cisco-IOS-XR-nto-misc-oper:memory-summary/nodes/node/summary,spine1,10568548352,10848366592,0/RP0/CPU0,15032385536,15032385536
2020-02-05 02:08:26.293000+00:00,Cisco-IOS-XR-nto-misc-oper:memory-summary/nodes/node/summary,spine1,9237237760,9410568192,0/0/CPU0,12884901888,12884901888
2020-02-05 02:08:26.297000+00:00,Cisco-IOS-XR-nto-misc-oper:memory-summary/nodes/node/summary,spine1,10568544256,10848493568,0/RP0/CPU0,15032385536,15032385536
2020-02-05 02:08:31.431000+00:00,Cisco-IOS-XR-nto-misc-oper:memory-summary/nodes/node/summary,spine1,9237282816,9410613248,0/0/CPU0,12884901888,12884901888
2020-02-05 02:08:31.435000+00:00,Cisco-IOS-XR-nto-misc-oper:memory-summary/nodes/node/summary,spine1,10568392704,10848342016,0/RP0/CPU0,15032385536,15032385536
2020-02-05 02:08:37.687000+00:00,Cisco-IOS-XR-nto-misc-oper:memory-summary/nodes/node/summary,spine1,9237127168,9410457600,0/0/CPU0,12884901888,12884901888
2020-02-05 02:08:37.691000+00:00,Cisco-IOS-XR-nto-misc-oper:memory-summary/nodes/node/summary,spine1,10568425472,10848247808,0/RP0/CPU0,15032385536,15032385536
2020-02-05 02:08:42.835000+00:00,Cisco-IOS-XR-nto-misc-oper:memory-summary/nodes/node/summary,spine1,9237327872,9410658304,0/0/CPU0,12884901888,12884901888
2020-02-05 02:08:42.838000+00:00,Cisco-IOS-XR-nto-misc-oper:memory-summary/nodes/node/summary,spine1,10568384512,10848206848,0/RP0/CPU0,15032385536,15032385536
2020-02-05 02:08:49.348000+00:00,Cisco-IOS-XR-nto-misc-oper:memory-summary/nodes/node/summary,spine1,9237196800,9410527232,0/0/CPU0,12884901888,12884901888
2020-02-05 02:08:49.352000+00:00,Cisco-IOS-XR-nto-misc-oper:memory-summary/nodes/node/summary,spine1,10568400896,10848235520,0/RP0/CPU0,15032385536,15032385536
2020-02-05 02:08:54.494000+00:00,Cisco-IOS-XR-nto-misc-oper:memory-summary/nodes/node/summary,spine1,9237225472,9410555904,0/0/CPU0,12884901888,12884901888
2020-02-05 02:08:54.498000+00:00,Cisco-IOS-XR-nto-misc-oper:memory-summary/nodes/node/summary,spine1,10567974912,10847940608,0/RP0/CPU0,15032385536,15032385536
2020-02-05 02:09:00.551000+00:00,Cisco-IOS-XR-nto-misc-oper:memory-summary/nodes/node/summary,spine1,9237270528,9410600960,0/0/CPU0,12884901888,12884901888
2020-02-05 02:09:00.555000+00:00,Cisco-IOS-XR-nto-misc-oper:memory-summary/nodes/node/summary,spine1,10568355840,10848190464,0/RP0/CPU0,15032385536,15032385536
2020-02-05 02:09:05.700000+00:00,Cisco-IOS-XR-nto-misc-oper:memory-summary/nodes/node/summary,spine1,9237331968,9410662400,0/0/CPU0,12884901888,12884901888
2020-02-05 02:09:05.704000+00:00,Cisco-IOS-XR-nto-misc-oper:memory-summary/nodes/node/summary,spine1,10568306688,10848141312,0/RP0/CPU0,15032385536,15032385536
2020-02-05 02:09:11.961000+00:00,Cisco-IOS-XR-nto-misc-oper:memory-summary/nodes/node/summary,spine1,9237045248,9410375680,0/0/CPU0,12884901888,12884901888
2020-02-05 02:09:11.964000+00:00,Cisco-IOS-XR-nto-misc-oper:memory-summary/nodes/node/summary,spine1,10567999488,10848104448,0/RP0/CPU0,15032385536,15032385536
2020-02-05 02:09:17.100000+00:00,Cisco-IOS-XR-nto-misc-oper:memory-summary/nodes/node/summary,spine1,9237049344,9410510848,0/0/CPU0,12884901888,12884901888
2020-02-05 02:09:17.104000+00:00,Cisco-IOS-XR-nto-misc-oper:memory-summary/nodes/node/summary,spine1,10568183808,10848157696,0/RP0/CPU0,15032385536,15032385536
2020-02-05 02:09:23.396000+00:00,Cisco-IOS-XR-nto-misc-oper:memory-summary/nodes/node/summary,spine1,9237118976,9410580480,0/0/CPU0,12884901888,12884901888
2020-02-05 02:09:23.400000+00:00,Cisco-IOS-XR-nto-misc-oper:memory-summary/nodes/node/summary,spine1,10568462336,10848305152,0/RP0/CPU0,15032385536,15032385536
2020-02-05 02:09:28.537000+00:00,Cisco-IOS-XR-nto-misc-oper:memory-summary/nodes/node/summary,spine1,9237311488,9410641920,0/0/CPU0,12884901888,12884901888
2020-02-05 02:09:28.541000+00:00,Cisco-IOS-XR-nto-misc-oper:memory-summary/nodes/node/summary,spine1,10568028160,10847952896,0/RP0/CPU0,15032385536,15032385536
2020-02-05 02:09:34.816000+00:00,Cisco-IOS-XR-nto-misc-oper:memory-summary/nodes/node/summary,spine1,9237102592,9410433024,0/0/CPU0,12884901888,12884901888
2020-02-05 02:09:34.819000+00:00,Cisco-IOS-XR-nto-misc-oper:memory-summary/nodes/node/summary,spine1,10568630272,10848473088,0/RP0/CPU0,15032385536,15032385536
2020-02-05 02:09:39.964000+00:00,Cisco-IOS-XR-nto-misc-oper:memory-summary/nodes/node/summary,spine1,9236926464,9410256896,0/0/CPU0,12884901888,12884901888
2020-02-05 02:09:39.968000+00:00,Cisco-IOS-XR-nto-misc-oper:memory-summary/nodes/node/summary,spine1,10570043392,10849890304,0/RP0/CPU0,15032385536,15032385536
2020-02-05 02:09:46.253000+00:00,Cisco-IOS-XR-nto-misc-oper:memory-summary/nodes/node/summary,spine1,9237065728,9410396160,0/0/CPU0,12884901888,12884901888
2020-02-05 02:09:46.256000+00:00,Cisco-IOS-XR-nto-misc-oper:memory-summary/nodes/node/summary,spine1,10570043392,10849890304,0/RP0/CPU0,15032385536,15032385536
2020-02-05 02:09:51.401000+00:00,Cisco-IOS-XR-nto-misc-oper:memory-summary/nodes/node/summary,spine1,9236930560,9410396160,0/0/CPU0,12884901888,12884901888
2020-02-05 02:09:51.404000+00:00,Cisco-IOS-XR-nto-misc-oper:memory-summary/nodes/node/summary,spine1,10570031104,10849890304,0/RP0/CPU0,15032385536,15032385536
2020-02-05 02:09:57.661000+00:00,Cisco-IOS-XR-nto-misc-oper:memory-summary/nodes/node/summary,spine1,9237151744,9410486272,0/0/CPU0,12884901888,12884901888
2020-02-05 02:09:57.665000+00:00,Cisco-IOS-XR-nto-misc-oper:memory-summary/nodes/node/summary,spine1,10570039296,10849898496,0/RP0/CPU0,15032385536,15032385536
2020-02-05 02:10:02.805000+00:00,Cisco-IOS-XR-nto-misc-oper:memory-summary/nodes/node/summary,spine1,9237098496,9410433024,0/0/CPU0,12884901888,12884901888
2020-02-05 02:10:02.809000+00:00,Cisco-IOS-XR-nto-misc-oper:memory-summary/nodes/node/summary,spine1,10570162176,10850021376,0/RP0/CPU0,15032385536,15032385536
2020-02-05 02:10:09.081000+00:00,Cisco-IOS-XR-nto-misc-oper:memory-summary/nodes/node/summary,spine1,9237254144,9410588672,0/0/CPU0,12884901888,12884901888
2020-02-05 02:10:09.085000+00:00,Cisco-IOS-XR-nto-misc-oper:memory-summary/nodes/node/summary,spine1,10570035200,10849898496,0/RP0/CPU0,15032385536,15032385536
2020-02-05 02:10:14.220000+00:00,Cisco-IOS-XR-nto-misc-oper:memory-summary/nodes/node/summary,spine1,9236946944,9410543616,0/0/CPU0,12884901888,12884901888
2020-02-05 02:10:14.224000+00:00,Cisco-IOS-XR-nto-misc-oper:memory-summary/nodes/node/summary,spine1,10570031104,10849894400,0/RP0/CPU0,15032385536,15032385536
2020-02-05 02:10:20.557000+00:00,Cisco-IOS-XR-nto-misc-oper:memory-summary/nodes/node/summary,spine1,9237127168,9410592768,0/0/CPU0,12884901888,12884901888
2020-02-05 02:10:20.560000+00:00,Cisco-IOS-XR-nto-misc-oper:memory-summary/nodes/node/summary,spine1,10570039296,10849902592,0/RP0/CPU0,15032385536,15032385536
2020-02-05 02:10:25.694000+00:00,Cisco-IOS-XR-nto-misc-oper:memory-summary/nodes/node/summary,spine1,9237098496,9410433024,0/0/CPU0,12884901888,12884901888
2020-02-05 02:10:25.698000+00:00,Cisco-IOS-XR-nto-misc-oper:memory-summary/nodes/node/summary,spine1,10569924608,10849787904,0/RP0/CPU0,15032385536,15032385536
2020-02-05 02:10:31.995000+00:00,Cisco-IOS-XR-nto-misc-oper:memory-summary/nodes/node/summary,spine1,9237196800,9410531328,0/0/CPU0,12884901888,12884901888
2020-02-05 02:10:31.999000+00:00,Cisco-IOS-XR-nto-misc-oper:memory-summary/nodes/node/summary,spine1,10570010624,10849873920,0/RP0/CPU0,15032385536,15032385536
