,EncodingPath,Producer,acl-in-rpf-packets,checksum-error-packets,df-unreachable-packets,discard-packets,encapsulation-failure-packets,fragmenation-consumed-packets,fragmenation-failure-packets,gre-error-drop,gre-lookup-failed-drop,incomplete-adjacency-packets,lisp-decap-error-drops,lisp-encap-error-drops,lisp-punt-drops,mpls-disabled-interface,multi-label-drops,no-route-packets,node-name,null-packets,punt-unreachable-packets,rp-destination-drop-packets,rpf-check-failure-packets,total-number-of-drop-packets,unresolved-prefix-packets,unsupported-feature-packets
2020-02-05 01:40:35.534000+00:00,Cisco-IOS-XR-fib-common-oper:fib-statistics/nodes/node/drops,spine1,0,0,0,0,0,0,0,0,0,3741,0,0,0,0,0,399,0/0/CPU0,0,0,0,0,0,0,0
2020-02-05 01:40:35.535000+00:00,Cisco-IOS-XR-fib-common-oper:fib-statistics/nodes/node/drops,spine1,0,0,0,0,0,0,0,0,0,0,0,0,0,0,0,0,0/RP0/CPU0,0,0,0,0,0,0,0
2020-02-05 01:40:45.546000+00:00,Cisco-IOS-XR-fib-common-oper:fib-statistics/nodes/node/drops,spine1,0,0,0,0,0,0,0,0,0,3741,0,0,0,0,0,399,0/0/CPU0,0,0,0,0,0,0,0
2020-02-05 01:40:45.547000+00:00,Cisco-IOS-XR-fib-common-oper:fib-statistics/nodes/node/drops,spine1,0,0,0,0,0,0,0,0,0,0,0,0,0,0,0,0,0/RP0/CPU0,0,0,0,0,0,0,0
2020-02-05 01:40:55.558000+00:00,Cisco-IOS-XR-fib-common-oper:fib-statistics/nodes/node/drops,spine1,0,0,0,0,0,0,0,0,0,3741,0,0,0,0,0,399,0/0/CPU0,0,0,0,0,0,0,0
2020-02-05 01:40:55.559000+00:00,Cisco-IOS-XR-fib-common-oper:fib-statistics/nodes/node/drops,spine1,0,0,0,0,0,0,0,0,0,0,0,0,0,0,0,0,0/RP0/CPU0,0,0,0,0,0,0,0
2020-02-05 01:41:05.569000+00:00,Cisco-IOS-XR-fib-common-oper:fib-statistics/nodes/node/drops,spine1,0,0,0,0,0,0,0,0,0,3741,0,0,0,0,0,399,0/0/CPU0,0,0,0,0,0,0,0
2020-02-05 01:41:05.571000+00:00,Cisco-IOS-XR-fib-common-oper:fib-statistics/nodes/node/drops,spine1,0,0,0,0,0,0,0,0,0,0,0,0,0,0,0,0,0/RP0/CPU0,0,0,0,0,0,0,0
2020-02-05 01:41:15.582000+00:00,Cisco-IOS-XR-fib-common-oper:fib-statistics/nodes/node/drops,spine1,0,0,0,0,0,0,0,0,0,3741,0,0,0,0,0,399,0/0/CPU0,0,0,0,0,0,0,0
2020-02-05 01:41:15.583000+00:00,Cisco-IOS-XR-fib-common-oper:fib-statistics/nodes/node/drops,spine1,0,0,0,0,0,0,0,0,0,0,0,0,0,0,0,0,0/RP0/CPU0,0,0,0,0,0,0,0
2020-02-05 01:41:25.593000+00:00,Cisco-IOS-XR-fib-common-oper:fib-statistics/nodes/node/drops,spine1,0,0,0,0,0,0,0,0,0,3741,0,0,0,0,0,399,0/0/CPU0,0,0,0,0,0,0,0
2020-02-05 01:41:25.594000+00:00,Cisco-IOS-XR-fib-common-oper:fib-statistics/nodes/node/drops,spine1,0,0,0,0,0,0,0,0,0,0,0,0,0,0,0,0,0/RP0/CPU0,0,0,0,0,0,0,0
2020-02-05 01:41:35.604000+00:00,Cisco-IOS-XR-fib-common-oper:fib-statistics/nodes/node/drops,spine1,0,0,0,0,0,0,0,0,0,3741,0,0,0,0,0,399,0/0/CPU0,0,0,0,0,0,0,0
2020-02-05 01:41:35.606000+00:00,Cisco-IOS-XR-fib-common-oper:fib-statistics/nodes/node/drops,spine1,0,0,0,0,0,0,0,0,0,0,0,0,0,0,0,0,0/RP0/CPU0,0,0,0,0,0,0,0
2020-02-05 01:41:46.559000+00:00,Cisco-IOS-XR-fib-common-oper:fib-statistics/nodes/node/drops,spine1,0,0,0,0,0,0,0,0,0,3741,0,0,0,0,0,399,0/0/CPU0,0,0,0,0,0,0,0
2020-02-05 01:41:46.560000+00:00,Cisco-IOS-XR-fib-common-oper:fib-statistics/nodes/node/drops,spine1,0,0,0,0,0,0,0,0,0,0,0,0,0,0,0,0,0/RP0/CPU0,0,0,0,0,0,0,0
2020-02-05 01:41:58.376000+00:00,Cisco-IOS-XR-fib-common-oper:fib-statistics/nodes/node/drops,spine1,0,0,0,0,0,0,0,0,0,3741,0,0,0,0,0,399,0/0/CPU0,0,0,0,0,0,0,0
2020-02-05 01:41:58.377000+00:00,Cisco-IOS-XR-fib-common-oper:fib-statistics/nodes/node/drops,spine1,0,0,0,0,0,0,0,0,0,0,0,0,0,0,0,0,0/RP0/CPU0,0,0,0,0,0,0,0
2020-02-05 01:42:09.409000+00:00,Cisco-IOS-XR-fib-common-oper:fib-statistics/nodes/node/drops,spine1,0,0,0,0,0,0,0,0,0,3741,0,0,0,0,0,399,0/0/CPU0,0,0,0,0,0,0,0
2020-02-05 01:42:09.410000+00:00,Cisco-IOS-XR-fib-common-oper:fib-statistics/nodes/node/drops,spine1,0,0,0,0,0,0,0,0,0,0,0,0,0,0,0,0,0/RP0/CPU0,0,0,0,0,0,0,0
2020-02-05 01:42:20.849000+00:00,Cisco-IOS-XR-fib-common-oper:fib-statistics/nodes/node/drops,spine1,0,0,0,0,0,0,0,0,0,3741,0,0,0,0,0,399,0/0/CPU0,0,0,0,0,0,0,0
2020-02-05 01:42:20.850000+00:00,Cisco-IOS-XR-fib-common-oper:fib-statistics/nodes/node/drops,spine1,0,0,0,0,0,0,0,0,0,0,0,0,0,0,0,0,0/RP0/CPU0,0,0,0,0,0,0,0
2020-02-05 01:42:32.299000+00:00,Cisco-IOS-XR-fib-common-oper:fib-statistics/nodes/node/drops,spine1,0,0,0,0,0,0,0,0,0,3741,0,0,0,0,0,399,0/0/CPU0,0,0,0,0,0,0,0
2020-02-05 01:42:32.300000+00:00,Cisco-IOS-XR-fib-common-oper:fib-statistics/nodes/node/drops,spine1,0,0,0,0,0,0,0,0,0,0,0,0,0,0,0,0,0/RP0/CPU0,0,0,0,0,0,0,0
2020-02-05 01:42:43.895000+00:00,Cisco-IOS-XR-fib-common-oper:fib-statistics/nodes/node/drops,spine1,0,0,0,0,0,0,0,0,0,3741,0,0,0,0,0,399,0/0/CPU0,0,0,0,0,0,0,0
2020-02-05 01:42:43.896000+00:00,Cisco-IOS-XR-fib-common-oper:fib-statistics/nodes/node/drops,spine1,0,0,0,0,0,0,0,0,0,0,0,0,0,0,0,0,0/RP0/CPU0,0,0,0,0,0,0,0
2020-02-05 01:42:55.498000+00:00,Cisco-IOS-XR-fib-common-oper:fib-statistics/nodes/node/drops,spine1,0,0,0,0,0,0,0,0,0,3741,0,0,0,0,0,399,0/0/CPU0,0,0,0,0,0,0,0
2020-02-05 01:42:55.499000+00:00,Cisco-IOS-XR-fib-common-oper:fib-statistics/nodes/node/drops,spine1,0,0,0,0,0,0,0,0,0,0,0,0,0,0,0,0,0/RP0/CPU0,0,0,0,0,0,0,0
2020-02-05 01:43:06.588000+00:00,Cisco-IOS-XR-fib-common-oper:fib-statistics/nodes/node/drops,spine1,0,0,0,0,0,0,0,0,0,3741,0,0,0,0,0,399,0/0/CPU0,0,0,0,0,0,0,0
2020-02-05 01:43:06.590000+00:00,Cisco-IOS-XR-fib-common-oper:fib-statistics/nodes/node/drops,spine1,0,0,0,0,0,0,0,0,0,0,0,0,0,0,0,0,0/RP0/CPU0,0,0,0,0,0,0,0
2020-02-05 01:43:18.042000+00:00,Cisco-IOS-XR-fib-common-oper:fib-statistics/nodes/node/drops,spine1,0,0,0,0,0,0,0,0,0,3741,0,0,0,0,0,399,0/0/CPU0,0,0,0,0,0,0,0
2020-02-05 01:43:18.043000+00:00,Cisco-IOS-XR-fib-common-oper:fib-statistics/nodes/node/drops,spine1,0,0,0,0,0,0,0,0,0,0,0,0,0,0,0,0,0/RP0/CPU0,0,0,0,0,0,0,0
2020-02-05 01:43:29.475000+00:00,Cisco-IOS-XR-fib-common-oper:fib-statistics/nodes/node/drops,spine1,0,0,0,0,0,0,0,0,0,3741,0,0,0,0,0,399,0/0/CPU0,0,0,0,0,0,0,0
2020-02-05 01:43:29.476000+00:00,Cisco-IOS-XR-fib-common-oper:fib-statistics/nodes/node/drops,spine1,0,0,0,0,0,0,0,0,0,0,0,0,0,0,0,0,0/RP0/CPU0,0,0,0,0,0,0,0
2020-02-05 01:43:41.224000+00:00,Cisco-IOS-XR-fib-common-oper:fib-statistics/nodes/node/drops,spine1,0,0,0,0,0,0,0,0,0,3741,0,0,0,0,0,399,0/0/CPU0,0,0,0,0,0,0,0
2020-02-05 01:43:41.225000+00:00,Cisco-IOS-XR-fib-common-oper:fib-statistics/nodes/node/drops,spine1,0,0,0,0,0,0,0,0,0,0,0,0,0,0,0,0,0/RP0/CPU0,0,0,0,0,0,0,0
2020-02-05 01:43:53.573000+00:00,Cisco-IOS-XR-fib-common-oper:fib-statistics/nodes/node/drops,spine1,0,0,0,0,0,0,0,0,0,3741,0,0,0,0,0,399,0/0/CPU0,0,0,0,0,0,0,0
2020-02-05 01:43:53.574000+00:00,Cisco-IOS-XR-fib-common-oper:fib-statistics/nodes/node/drops,spine1,0,0,0,0,0,0,0,0,0,0,0,0,0,0,0,0,0/RP0/CPU0,0,0,0,0,0,0,0
2020-02-05 01:44:03.932000+00:00,Cisco-IOS-XR-fib-common-oper:fib-statistics/nodes/node/drops,spine1,0,0,0,0,0,0,0,0,0,3741,0,0,0,0,0,399,0/0/CPU0,0,0,0,0,0,0,0
2020-02-05 01:44:03.933000+00:00,Cisco-IOS-XR-fib-common-oper:fib-statistics/nodes/node/drops,spine1,0,0,0,0,0,0,0,0,0,0,0,0,0,0,0,0,0/RP0/CPU0,0,0,0,0,0,0,0
2020-02-05 01:44:15.238000+00:00,Cisco-IOS-XR-fib-common-oper:fib-statistics/nodes/node/drops,spine1,0,0,0,0,0,0,0,0,0,3741,0,0,0,0,0,399,0/0/CPU0,0,0,0,0,0,0,0
2020-02-05 01:44:15.240000+00:00,Cisco-IOS-XR-fib-common-oper:fib-statistics/nodes/node/drops,spine1,0,0,0,0,0,0,0,0,0,0,0,0,0,0,0,0,0/RP0/CPU0,0,0,0,0,0,0,0
2020-02-05 01:44:26.675000+00:00,Cisco-IOS-XR-fib-common-oper:fib-statistics/nodes/node/drops,spine1,0,0,0,0,0,0,0,0,0,3741,0,0,0,0,0,399,0/0/CPU0,0,0,0,0,0,0,0
2020-02-05 01:44:26.676000+00:00,Cisco-IOS-XR-fib-common-oper:fib-statistics/nodes/node/drops,spine1,0,0,0,0,0,0,0,0,0,0,0,0,0,0,0,0,0/RP0/CPU0,0,0,0,0,0,0,0
2020-02-05 01:44:38.515000+00:00,Cisco-IOS-XR-fib-common-oper:fib-statistics/nodes/node/drops,spine1,0,0,0,0,0,0,0,0,0,3741,0,0,0,0,0,399,0/0/CPU0,0,0,0,0,0,0,0
2020-02-05 01:44:38.516000+00:00,Cisco-IOS-XR-fib-common-oper:fib-statistics/nodes/node/drops,spine1,0,0,0,0,0,0,0,0,0,0,0,0,0,0,0,0,0/RP0/CPU0,0,0,0,0,0,0,0
2020-02-05 01:44:49.620000+00:00,Cisco-IOS-XR-fib-common-oper:fib-statistics/nodes/node/drops,spine1,0,0,0,0,0,0,0,0,0,3741,0,0,0,0,0,399,0/0/CPU0,0,0,0,0,0,0,0
2020-02-05 01:44:49.621000+00:00,Cisco-IOS-XR-fib-common-oper:fib-statistics/nodes/node/drops,spine1,0,0,0,0,0,0,0,0,0,0,0,0,0,0,0,0,0/RP0/CPU0,0,0,0,0,0,0,0
2020-02-05 01:45:00.970000+00:00,Cisco-IOS-XR-fib-common-oper:fib-statistics/nodes/node/drops,spine1,0,0,0,0,0,0,0,0,0,3741,0,0,0,0,0,399,0/0/CPU0,0,0,0,0,0,0,0
2020-02-05 01:45:00.972000+00:00,Cisco-IOS-XR-fib-common-oper:fib-statistics/nodes/node/drops,spine1,0,0,0,0,0,0,0,0,0,0,0,0,0,0,0,0,0/RP0/CPU0,0,0,0,0,0,0,0
2020-02-05 01:45:12.371000+00:00,Cisco-IOS-XR-fib-common-oper:fib-statistics/nodes/node/drops,spine1,0,0,0,0,0,0,0,0,0,3741,0,0,0,0,0,399,0/0/CPU0,0,0,0,0,0,0,0
2020-02-05 01:45:12.372000+00:00,Cisco-IOS-XR-fib-common-oper:fib-statistics/nodes/node/drops,spine1,0,0,0,0,0,0,0,0,0,0,0,0,0,0,0,0,0/RP0/CPU0,0,0,0,0,0,0,0
2020-02-05 01:45:23.888000+00:00,Cisco-IOS-XR-fib-common-oper:fib-statistics/nodes/node/drops,spine1,0,0,0,0,0,0,0,0,0,3741,0,0,0,0,0,399,0/0/CPU0,0,0,0,0,0,0,0
2020-02-05 01:45:23.889000+00:00,Cisco-IOS-XR-fib-common-oper:fib-statistics/nodes/node/drops,spine1,0,0,0,0,0,0,0,0,0,0,0,0,0,0,0,0,0/RP0/CPU0,0,0,0,0,0,0,0
2020-02-05 01:45:35.677000+00:00,Cisco-IOS-XR-fib-common-oper:fib-statistics/nodes/node/drops,spine1,0,0,0,0,0,0,0,0,0,3741,0,0,0,0,0,399,0/0/CPU0,0,0,0,0,0,0,0
2020-02-05 01:45:35.678000+00:00,Cisco-IOS-XR-fib-common-oper:fib-statistics/nodes/node/drops,spine1,0,0,0,0,0,0,0,0,0,0,0,0,0,0,0,0,0/RP0/CPU0,0,0,0,0,0,0,0
2020-02-05 01:45:46.720000+00:00,Cisco-IOS-XR-fib-common-oper:fib-statistics/nodes/node/drops,spine1,0,0,0,0,0,0,0,0,0,3741,0,0,0,0,0,399,0/0/CPU0,0,0,0,0,0,0,0
2020-02-05 01:45:46.722000+00:00,Cisco-IOS-XR-fib-common-oper:fib-statistics/nodes/node/drops,spine1,0,0,0,0,0,0,0,0,0,0,0,0,0,0,0,0,0/RP0/CPU0,0,0,0,0,0,0,0
2020-02-05 01:45:58.167000+00:00,Cisco-IOS-XR-fib-common-oper:fib-statistics/nodes/node/drops,spine1,0,0,0,0,0,0,0,0,0,3741,0,0,0,0,0,399,0/0/CPU0,0,0,0,0,0,0,0
2020-02-05 01:45:58.168000+00:00,Cisco-IOS-XR-fib-common-oper:fib-statistics/nodes/node/drops,spine1,0,0,0,0,0,0,0,0,0,0,0,0,0,0,0,0,0/RP0/CPU0,0,0,0,0,0,0,0
2020-02-05 01:46:09.562000+00:00,Cisco-IOS-XR-fib-common-oper:fib-statistics/nodes/node/drops,spine1,0,0,0,0,0,0,0,0,0,3741,0,0,0,0,0,399,0/0/CPU0,0,0,0,0,0,0,0
2020-02-05 01:46:09.563000+00:00,Cisco-IOS-XR-fib-common-oper:fib-statistics/nodes/node/drops,spine1,0,0,0,0,0,0,0,0,0,0,0,0,0,0,0,0,0/RP0/CPU0,0,0,0,0,0,0,0
2020-02-05 01:46:22.466000+00:00,Cisco-IOS-XR-fib-common-oper:fib-statistics/nodes/node/drops,spine1,0,0,0,0,0,0,0,0,0,3741,0,0,0,0,0,399,0/0/CPU0,0,0,0,0,0,0,0
2020-02-05 01:46:22.467000+00:00,Cisco-IOS-XR-fib-common-oper:fib-statistics/nodes/node/drops,spine1,0,0,0,0,0,0,0,0,0,0,0,0,0,0,0,0,0/RP0/CPU0,0,0,0,0,0,0,0
2020-02-05 01:46:33.145000+00:00,Cisco-IOS-XR-fib-common-oper:fib-statistics/nodes/node/drops,spine1,0,0,0,0,0,0,0,0,0,3741,0,0,0,0,0,399,0/0/CPU0,0,0,0,0,0,0,0
2020-02-05 01:46:33.147000+00:00,Cisco-IOS-XR-fib-common-oper:fib-statistics/nodes/node/drops,spine1,0,0,0,0,0,0,0,0,0,0,0,0,0,0,0,0,0/RP0/CPU0,0,0,0,0,0,0,0
2020-02-05 01:46:43.886000+00:00,Cisco-IOS-XR-fib-common-oper:fib-statistics/nodes/node/drops,spine1,0,0,0,0,0,0,0,0,0,3741,0,0,0,0,0,399,0/0/CPU0,0,0,0,0,0,0,0
2020-02-05 01:46:43.888000+00:00,Cisco-IOS-XR-fib-common-oper:fib-statistics/nodes/node/drops,spine1,0,0,0,0,0,0,0,0,0,0,0,0,0,0,0,0,0/RP0/CPU0,0,0,0,0,0,0,0
2020-02-05 01:46:55.443000+00:00,Cisco-IOS-XR-fib-common-oper:fib-statistics/nodes/node/drops,spine1,0,0,0,0,0,0,0,0,0,3741,0,0,0,0,0,399,0/0/CPU0,0,0,0,0,0,0,0
2020-02-05 01:46:55.444000+00:00,Cisco-IOS-XR-fib-common-oper:fib-statistics/nodes/node/drops,spine1,0,0,0,0,0,0,0,0,0,0,0,0,0,0,0,0,0/RP0/CPU0,0,0,0,0,0,0,0
2020-02-05 01:47:06.735000+00:00,Cisco-IOS-XR-fib-common-oper:fib-statistics/nodes/node/drops,spine1,0,0,0,0,0,0,0,0,0,3741,0,0,0,0,0,399,0/0/CPU0,0,0,0,0,0,0,0
2020-02-05 01:47:06.736000+00:00,Cisco-IOS-XR-fib-common-oper:fib-statistics/nodes/node/drops,spine1,0,0,0,0,0,0,0,0,0,0,0,0,0,0,0,0,0/RP0/CPU0,0,0,0,0,0,0,0
2020-02-05 01:47:18.507000+00:00,Cisco-IOS-XR-fib-common-oper:fib-statistics/nodes/node/drops,spine1,0,0,0,0,0,0,0,0,0,3741,0,0,0,0,0,399,0/0/CPU0,0,0,0,0,0,0,0
2020-02-05 01:47:18.508000+00:00,Cisco-IOS-XR-fib-common-oper:fib-statistics/nodes/node/drops,spine1,0,0,0,0,0,0,0,0,0,0,0,0,0,0,0,0,0/RP0/CPU0,0,0,0,0,0,0,0
2020-02-05 01:47:29.575000+00:00,Cisco-IOS-XR-fib-common-oper:fib-statistics/nodes/node/drops,spine1,0,0,0,0,0,0,0,0,0,3741,0,0,0,0,0,399,0/0/CPU0,0,0,0,0,0,0,0
2020-02-05 01:47:29.576000+00:00,Cisco-IOS-XR-fib-common-oper:fib-statistics/nodes/node/drops,spine1,0,0,0,0,0,0,0,0,0,0,0,0,0,0,0,0,0/RP0/CPU0,0,0,0,0,0,0,0
2020-02-05 01:47:41.251000+00:00,Cisco-IOS-XR-fib-common-oper:fib-statistics/nodes/node/drops,spine1,0,0,0,0,0,0,0,0,0,3741,0,0,0,0,0,399,0/0/CPU0,0,0,0,0,0,0,0
2020-02-05 01:47:41.253000+00:00,Cisco-IOS-XR-fib-common-oper:fib-statistics/nodes/node/drops,spine1,0,0,0,0,0,0,0,0,0,0,0,0,0,0,0,0,0/RP0/CPU0,0,0,0,0,0,0,0
2020-02-05 01:47:52.749000+00:00,Cisco-IOS-XR-fib-common-oper:fib-statistics/nodes/node/drops,spine1,0,0,0,0,0,0,0,0,0,3741,0,0,0,0,0,399,0/0/CPU0,0,0,0,0,0,0,0
2020-02-05 01:47:52.750000+00:00,Cisco-IOS-XR-fib-common-oper:fib-statistics/nodes/node/drops,spine1,0,0,0,0,0,0,0,0,0,0,0,0,0,0,0,0,0/RP0/CPU0,0,0,0,0,0,0,0
2020-02-05 01:48:03.893000+00:00,Cisco-IOS-XR-fib-common-oper:fib-statistics/nodes/node/drops,spine1,0,0,0,0,0,0,0,0,0,3741,0,0,0,0,0,399,0/0/CPU0,0,0,0,0,0,0,0
2020-02-05 01:48:03.894000+00:00,Cisco-IOS-XR-fib-common-oper:fib-statistics/nodes/node/drops,spine1,0,0,0,0,0,0,0,0,0,0,0,0,0,0,0,0,0/RP0/CPU0,0,0,0,0,0,0,0
2020-02-05 01:48:15.684000+00:00,Cisco-IOS-XR-fib-common-oper:fib-statistics/nodes/node/drops,spine1,0,0,0,0,0,0,0,0,0,3741,0,0,0,0,0,399,0/0/CPU0,0,0,0,0,0,0,0
2020-02-05 01:48:15.686000+00:00,Cisco-IOS-XR-fib-common-oper:fib-statistics/nodes/node/drops,spine1,0,0,0,0,0,0,0,0,0,0,0,0,0,0,0,0,0/RP0/CPU0,0,0,0,0,0,0,0
2020-02-05 01:48:26.698000+00:00,Cisco-IOS-XR-fib-common-oper:fib-statistics/nodes/node/drops,spine1,0,0,0,0,0,0,0,0,0,3741,0,0,0,0,0,399,0/0/CPU0,0,0,0,0,0,0,0
2020-02-05 01:48:26.699000+00:00,Cisco-IOS-XR-fib-common-oper:fib-statistics/nodes/node/drops,spine1,0,0,0,0,0,0,0,0,0,0,0,0,0,0,0,0,0/RP0/CPU0,0,0,0,0,0,0,0
2020-02-05 01:48:38.168000+00:00,Cisco-IOS-XR-fib-common-oper:fib-statistics/nodes/node/drops,spine1,0,0,0,0,0,0,0,0,0,3741,0,0,0,0,0,399,0/0/CPU0,0,0,0,0,0,0,0
2020-02-05 01:48:38.169000+00:00,Cisco-IOS-XR-fib-common-oper:fib-statistics/nodes/node/drops,spine1,0,0,0,0,0,0,0,0,0,0,0,0,0,0,0,0,0/RP0/CPU0,0,0,0,0,0,0,0
2020-02-05 01:48:49.632000+00:00,Cisco-IOS-XR-fib-common-oper:fib-statistics/nodes/node/drops,spine1,0,0,0,0,0,0,0,0,0,3741,0,0,0,0,0,399,0/0/CPU0,0,0,0,0,0,0,0
2020-02-05 01:48:49.633000+00:00,Cisco-IOS-XR-fib-common-oper:fib-statistics/nodes/node/drops,spine1,0,0,0,0,0,0,0,0,0,0,0,0,0,0,0,0,0/RP0/CPU0,0,0,0,0,0,0,0
2020-02-05 01:49:01.205000+00:00,Cisco-IOS-XR-fib-common-oper:fib-statistics/nodes/node/drops,spine1,0,0,0,0,0,0,0,0,0,3741,0,0,0,0,0,399,0/0/CPU0,0,0,0,0,0,0,0
2020-02-05 01:49:01.206000+00:00,Cisco-IOS-XR-fib-common-oper:fib-statistics/nodes/node/drops,spine1,0,0,0,0,0,0,0,0,0,0,0,0,0,0,0,0,0/RP0/CPU0,0,0,0,0,0,0,0
2020-02-05 01:49:12.781000+00:00,Cisco-IOS-XR-fib-common-oper:fib-statistics/nodes/node/drops,spine1,0,0,0,0,0,0,0,0,0,3741,0,0,0,0,0,399,0/0/CPU0,0,0,0,0,0,0,0
2020-02-05 01:49:12.782000+00:00,Cisco-IOS-XR-fib-common-oper:fib-statistics/nodes/node/drops,spine1,0,0,0,0,0,0,0,0,0,0,0,0,0,0,0,0,0/RP0/CPU0,0,0,0,0,0,0,0
2020-02-05 01:49:23.838000+00:00,Cisco-IOS-XR-fib-common-oper:fib-statistics/nodes/node/drops,spine1,0,0,0,0,0,0,0,0,0,3741,0,0,0,0,0,399,0/0/CPU0,0,0,0,0,0,0,0
2020-02-05 01:49:23.839000+00:00,Cisco-IOS-XR-fib-common-oper:fib-statistics/nodes/node/drops,spine1,0,0,0,0,0,0,0,0,0,0,0,0,0,0,0,0,0/RP0/CPU0,0,0,0,0,0,0,0
2020-02-05 01:49:35.261000+00:00,Cisco-IOS-XR-fib-common-oper:fib-statistics/nodes/node/drops,spine1,0,0,0,0,0,0,0,0,0,3741,0,0,0,0,0,399,0/0/CPU0,0,0,0,0,0,0,0
2020-02-05 01:49:35.262000+00:00,Cisco-IOS-XR-fib-common-oper:fib-statistics/nodes/node/drops,spine1,0,0,0,0,0,0,0,0,0,0,0,0,0,0,0,0,0/RP0/CPU0,0,0,0,0,0,0,0
2020-02-05 01:49:46.685000+00:00,Cisco-IOS-XR-fib-common-oper:fib-statistics/nodes/node/drops,spine1,0,0,0,0,0,0,0,0,0,3741,0,0,0,0,0,399,0/0/CPU0,0,0,0,0,0,0,0
2020-02-05 01:49:46.686000+00:00,Cisco-IOS-XR-fib-common-oper:fib-statistics/nodes/node/drops,spine1,0,0,0,0,0,0,0,0,0,0,0,0,0,0,0,0,0/RP0/CPU0,0,0,0,0,0,0,0
2020-02-05 01:49:58.514000+00:00,Cisco-IOS-XR-fib-common-oper:fib-statistics/nodes/node/drops,spine1,0,0,0,0,0,0,0,0,0,3741,0,0,0,0,0,399,0/0/CPU0,0,0,0,0,0,0,0
2020-02-05 01:49:58.515000+00:00,Cisco-IOS-XR-fib-common-oper:fib-statistics/nodes/node/drops,spine1,0,0,0,0,0,0,0,0,0,0,0,0,0,0,0,0,0/RP0/CPU0,0,0,0,0,0,0,0
2020-02-05 01:50:09.586000+00:00,Cisco-IOS-XR-fib-common-oper:fib-statistics/nodes/node/drops,spine1,0,0,0,0,0,0,0,0,0,3741,0,0,0,0,0,399,0/0/CPU0,0,0,0,0,0,0,0
2020-02-05 01:50:09.587000+00:00,Cisco-IOS-XR-fib-common-oper:fib-statistics/nodes/node/drops,spine1,0,0,0,0,0,0,0,0,0,0,0,0,0,0,0,0,0/RP0/CPU0,0,0,0,0,0,0,0
2020-02-05 01:50:21.071000+00:00,Cisco-IOS-XR-fib-common-oper:fib-statistics/nodes/node/drops,spine1,0,0,0,0,0,0,0,0,0,3741,0,0,0,0,0,399,0/0/CPU0,0,0,0,0,0,0,0
2020-02-05 01:50:21.072000+00:00,Cisco-IOS-XR-fib-common-oper:fib-statistics/nodes/node/drops,spine1,0,0,0,0,0,0,0,0,0,0,0,0,0,0,0,0,0/RP0/CPU0,0,0,0,0,0,0,0
2020-02-05 01:50:32.572000+00:00,Cisco-IOS-XR-fib-common-oper:fib-statistics/nodes/node/drops,spine1,0,0,0,0,0,0,0,0,0,3741,0,0,0,0,0,399,0/0/CPU0,0,0,0,0,0,0,0
2020-02-05 01:50:32.574000+00:00,Cisco-IOS-XR-fib-common-oper:fib-statistics/nodes/node/drops,spine1,0,0,0,0,0,0,0,0,0,0,0,0,0,0,0,0,0/RP0/CPU0,0,0,0,0,0,0,0
2020-02-05 01:50:43.964000+00:00,Cisco-IOS-XR-fib-common-oper:fib-statistics/nodes/node/drops,spine1,0,0,0,0,0,0,0,0,0,3741,0,0,0,0,0,399,0/0/CPU0,0,0,0,0,0,0,0
2020-02-05 01:50:43.965000+00:00,Cisco-IOS-XR-fib-common-oper:fib-statistics/nodes/node/drops,spine1,0,0,0,0,0,0,0,0,0,0,0,0,0,0,0,0,0/RP0/CPU0,0,0,0,0,0,0,0
2020-02-05 01:50:55.560000+00:00,Cisco-IOS-XR-fib-common-oper:fib-statistics/nodes/node/drops,spine1,0,0,0,0,0,0,0,0,0,3741,0,0,0,0,0,399,0/0/CPU0,0,0,0,0,0,0,0
2020-02-05 01:50:55.562000+00:00,Cisco-IOS-XR-fib-common-oper:fib-statistics/nodes/node/drops,spine1,0,0,0,0,0,0,0,0,0,0,0,0,0,0,0,0,0/RP0/CPU0,0,0,0,0,0,0,0
2020-02-05 01:51:06.741000+00:00,Cisco-IOS-XR-fib-common-oper:fib-statistics/nodes/node/drops,spine1,0,0,0,0,0,0,0,0,0,3741,0,0,0,0,0,399,0/0/CPU0,0,0,0,0,0,0,0
2020-02-05 01:51:06.742000+00:00,Cisco-IOS-XR-fib-common-oper:fib-statistics/nodes/node/drops,spine1,0,0,0,0,0,0,0,0,0,0,0,0,0,0,0,0,0/RP0/CPU0,0,0,0,0,0,0,0
2020-02-05 01:51:18.169000+00:00,Cisco-IOS-XR-fib-common-oper:fib-statistics/nodes/node/drops,spine1,0,0,0,0,0,0,0,0,0,3741,0,0,0,0,0,399,0/0/CPU0,0,0,0,0,0,0,0
2020-02-05 01:51:18.170000+00:00,Cisco-IOS-XR-fib-common-oper:fib-statistics/nodes/node/drops,spine1,0,0,0,0,0,0,0,0,0,0,0,0,0,0,0,0,0/RP0/CPU0,0,0,0,0,0,0,0
2020-02-05 01:51:29.629000+00:00,Cisco-IOS-XR-fib-common-oper:fib-statistics/nodes/node/drops,spine1,0,0,0,0,0,0,0,0,0,3741,0,0,0,0,0,399,0/0/CPU0,0,0,0,0,0,0,0
2020-02-05 01:51:29.630000+00:00,Cisco-IOS-XR-fib-common-oper:fib-statistics/nodes/node/drops,spine1,0,0,0,0,0,0,0,0,0,0,0,0,0,0,0,0,0/RP0/CPU0,0,0,0,0,0,0,0
2020-02-05 01:51:41.321000+00:00,Cisco-IOS-XR-fib-common-oper:fib-statistics/nodes/node/drops,spine1,0,0,0,0,0,0,0,0,0,3741,0,0,0,0,0,399,0/0/CPU0,0,0,0,0,0,0,0
2020-02-05 01:51:41.323000+00:00,Cisco-IOS-XR-fib-common-oper:fib-statistics/nodes/node/drops,spine1,0,0,0,0,0,0,0,0,0,0,0,0,0,0,0,0,0/RP0/CPU0,0,0,0,0,0,0,0
2020-02-05 01:51:52.471000+00:00,Cisco-IOS-XR-fib-common-oper:fib-statistics/nodes/node/drops,spine1,0,0,0,0,0,0,0,0,0,3741,0,0,0,0,0,399,0/0/CPU0,0,0,0,0,0,0,0
2020-02-05 01:51:52.472000+00:00,Cisco-IOS-XR-fib-common-oper:fib-statistics/nodes/node/drops,spine1,0,0,0,0,0,0,0,0,0,0,0,0,0,0,0,0,0/RP0/CPU0,0,0,0,0,0,0,0
2020-02-05 01:52:03.904000+00:00,Cisco-IOS-XR-fib-common-oper:fib-statistics/nodes/node/drops,spine1,0,0,0,0,0,0,0,0,0,3741,0,0,0,0,0,399,0/0/CPU0,0,0,0,0,0,0,0
2020-02-05 01:52:03.906000+00:00,Cisco-IOS-XR-fib-common-oper:fib-statistics/nodes/node/drops,spine1,0,0,0,0,0,0,0,0,0,0,0,0,0,0,0,0,0/RP0/CPU0,0,0,0,0,0,0,0
2020-02-05 01:52:15.333000+00:00,Cisco-IOS-XR-fib-common-oper:fib-statistics/nodes/node/drops,spine1,0,0,0,0,0,0,0,0,0,3741,0,0,0,0,0,399,0/0/CPU0,0,0,0,0,0,0,0
2020-02-05 01:52:15.334000+00:00,Cisco-IOS-XR-fib-common-oper:fib-statistics/nodes/node/drops,spine1,0,0,0,0,0,0,0,0,0,0,0,0,0,0,0,0,0/RP0/CPU0,0,0,0,0,0,0,0
2020-02-05 01:52:26.773000+00:00,Cisco-IOS-XR-fib-common-oper:fib-statistics/nodes/node/drops,spine1,0,0,0,0,0,0,0,0,0,3741,0,0,0,0,0,399,0/0/CPU0,0,0,0,0,0,0,0
2020-02-05 01:52:26.774000+00:00,Cisco-IOS-XR-fib-common-oper:fib-statistics/nodes/node/drops,spine1,0,0,0,0,0,0,0,0,0,0,0,0,0,0,0,0,0/RP0/CPU0,0,0,0,0,0,0,0
2020-02-05 01:52:38.598000+00:00,Cisco-IOS-XR-fib-common-oper:fib-statistics/nodes/node/drops,spine1,0,0,0,0,0,0,0,0,0,3741,0,0,0,0,0,399,0/0/CPU0,0,0,0,0,0,0,0
2020-02-05 01:52:38.600000+00:00,Cisco-IOS-XR-fib-common-oper:fib-statistics/nodes/node/drops,spine1,0,0,0,0,0,0,0,0,0,0,0,0,0,0,0,0,0/RP0/CPU0,0,0,0,0,0,0,0
2020-02-05 01:52:49.733000+00:00,Cisco-IOS-XR-fib-common-oper:fib-statistics/nodes/node/drops,spine1,0,0,0,0,0,0,0,0,0,3741,0,0,0,0,0,399,0/0/CPU0,0,0,0,0,0,0,0
2020-02-05 01:52:49.734000+00:00,Cisco-IOS-XR-fib-common-oper:fib-statistics/nodes/node/drops,spine1,0,0,0,0,0,0,0,0,0,0,0,0,0,0,0,0,0/RP0/CPU0,0,0,0,0,0,0,0
2020-02-05 01:53:01.084000+00:00,Cisco-IOS-XR-fib-common-oper:fib-statistics/nodes/node/drops,spine1,0,0,0,0,0,0,0,0,0,3741,0,0,0,0,0,399,0/0/CPU0,0,0,0,0,0,0,0
2020-02-05 01:53:01.088000+00:00,Cisco-IOS-XR-fib-common-oper:fib-statistics/nodes/node/drops,spine1,0,0,0,0,0,0,0,0,0,0,0,0,0,0,0,0,0/RP0/CPU0,0,0,0,0,0,0,0
2020-02-05 01:53:12.574000+00:00,Cisco-IOS-XR-fib-common-oper:fib-statistics/nodes/node/drops,spine1,0,0,0,0,0,0,0,0,0,3741,0,0,0,0,0,399,0/0/CPU0,0,0,0,0,0,0,0
2020-02-05 01:53:12.575000+00:00,Cisco-IOS-XR-fib-common-oper:fib-statistics/nodes/node/drops,spine1,0,0,0,0,0,0,0,0,0,0,0,0,0,0,0,0,0/RP0/CPU0,0,0,0,0,0,0,0
2020-02-05 01:53:24+00:00,Cisco-IOS-XR-fib-common-oper:fib-statistics/nodes/node/drops,spine1,0,0,0,0,0,0,0,0,0,3741,0,0,0,0,0,399,0/0/CPU0,0,0,0,0,0,0,0
2020-02-05 01:53:24.002000+00:00,Cisco-IOS-XR-fib-common-oper:fib-statistics/nodes/node/drops,spine1,0,0,0,0,0,0,0,0,0,0,0,0,0,0,0,0,0/RP0/CPU0,0,0,0,0,0,0,0
2020-02-05 01:53:35.805000+00:00,Cisco-IOS-XR-fib-common-oper:fib-statistics/nodes/node/drops,spine1,0,0,0,0,0,0,0,0,0,3741,0,0,0,0,0,399,0/0/CPU0,0,0,0,0,0,0,0
2020-02-05 01:53:35.807000+00:00,Cisco-IOS-XR-fib-common-oper:fib-statistics/nodes/node/drops,spine1,0,0,0,0,0,0,0,0,0,0,0,0,0,0,0,0,0/RP0/CPU0,0,0,0,0,0,0,0
2020-02-05 01:53:46.849000+00:00,Cisco-IOS-XR-fib-common-oper:fib-statistics/nodes/node/drops,spine1,0,0,0,0,0,0,0,0,0,3741,0,0,0,0,0,399,0/0/CPU0,0,0,0,0,0,0,0
2020-02-05 01:53:46.851000+00:00,Cisco-IOS-XR-fib-common-oper:fib-statistics/nodes/node/drops,spine1,0,0,0,0,0,0,0,0,0,0,0,0,0,0,0,0,0/RP0/CPU0,0,0,0,0,0,0,0
2020-02-05 01:53:58.239000+00:00,Cisco-IOS-XR-fib-common-oper:fib-statistics/nodes/node/drops,spine1,0,0,0,0,0,0,0,0,0,3741,0,0,0,0,0,399,0/0/CPU0,0,0,0,0,0,0,0
2020-02-05 01:53:58.240000+00:00,Cisco-IOS-XR-fib-common-oper:fib-statistics/nodes/node/drops,spine1,0,0,0,0,0,0,0,0,0,0,0,0,0,0,0,0,0/RP0/CPU0,0,0,0,0,0,0,0
2020-02-05 01:54:09.701000+00:00,Cisco-IOS-XR-fib-common-oper:fib-statistics/nodes/node/drops,spine1,0,0,0,0,0,0,0,0,0,3741,0,0,0,0,0,399,0/0/CPU0,0,0,0,0,0,0,0
2020-02-05 01:54:09.703000+00:00,Cisco-IOS-XR-fib-common-oper:fib-statistics/nodes/node/drops,spine1,0,0,0,0,0,0,0,0,0,0,0,0,0,0,0,0,0/RP0/CPU0,0,0,0,0,0,0,0
2020-02-05 01:54:21.382000+00:00,Cisco-IOS-XR-fib-common-oper:fib-statistics/nodes/node/drops,spine1,0,0,0,0,0,0,0,0,0,3741,0,0,0,0,0,399,0/0/CPU0,0,0,0,0,0,0,0
2020-02-05 01:54:21.384000+00:00,Cisco-IOS-XR-fib-common-oper:fib-statistics/nodes/node/drops,spine1,0,0,0,0,0,0,0,0,0,0,0,0,0,0,0,0,0/RP0/CPU0,0,0,0,0,0,0,0
2020-02-05 01:54:32.554000+00:00,Cisco-IOS-XR-fib-common-oper:fib-statistics/nodes/node/drops,spine1,0,0,0,0,0,0,0,0,0,3741,0,0,0,0,0,399,0/0/CPU0,0,0,0,0,0,0,0
2020-02-05 01:54:32.556000+00:00,Cisco-IOS-XR-fib-common-oper:fib-statistics/nodes/node/drops,spine1,0,0,0,0,0,0,0,0,0,0,0,0,0,0,0,0,0/RP0/CPU0,0,0,0,0,0,0,0
2020-02-05 01:54:44.153000+00:00,Cisco-IOS-XR-fib-common-oper:fib-statistics/nodes/node/drops,spine1,0,0,0,0,0,0,0,0,0,3741,0,0,0,0,0,399,0/0/CPU0,0,0,0,0,0,0,0
2020-02-05 01:54:44.155000+00:00,Cisco-IOS-XR-fib-common-oper:fib-statistics/nodes/node/drops,spine1,0,0,0,0,0,0,0,0,0,0,0,0,0,0,0,0,0/RP0/CPU0,0,0,0,0,0,0,0
2020-02-05 01:54:55.375000+00:00,Cisco-IOS-XR-fib-common-oper:fib-statistics/nodes/node/drops,spine1,0,0,0,0,0,0,0,0,0,3741,0,0,0,0,0,399,0/0/CPU0,0,0,0,0,0,0,0
2020-02-05 01:54:55.376000+00:00,Cisco-IOS-XR-fib-common-oper:fib-statistics/nodes/node/drops,spine1,0,0,0,0,0,0,0,0,0,0,0,0,0,0,0,0,0/RP0/CPU0,0,0,0,0,0,0,0
2020-02-05 01:55:06.819000+00:00,Cisco-IOS-XR-fib-common-oper:fib-statistics/nodes/node/drops,spine1,0,0,0,0,0,0,0,0,0,3741,0,0,0,0,0,399,0/0/CPU0,0,0,0,0,0,0,0
2020-02-05 01:55:06.821000+00:00,Cisco-IOS-XR-fib-common-oper:fib-statistics/nodes/node/drops,spine1,0,0,0,0,0,0,0,0,0,0,0,0,0,0,0,0,0/RP0/CPU0,0,0,0,0,0,0,0
2020-02-05 01:55:18.607000+00:00,Cisco-IOS-XR-fib-common-oper:fib-statistics/nodes/node/drops,spine1,0,0,0,0,0,0,0,0,0,3741,0,0,0,0,0,399,0/0/CPU0,0,0,0,0,0,0,0
2020-02-05 01:55:18.609000+00:00,Cisco-IOS-XR-fib-common-oper:fib-statistics/nodes/node/drops,spine1,0,0,0,0,0,0,0,0,0,0,0,0,0,0,0,0,0/RP0/CPU0,0,0,0,0,0,0,0
2020-02-05 01:55:29.653000+00:00,Cisco-IOS-XR-fib-common-oper:fib-statistics/nodes/node/drops,spine1,0,0,0,0,0,0,0,0,0,3741,0,0,0,0,0,399,0/0/CPU0,0,0,0,0,0,0,0
2020-02-05 01:55:29.654000+00:00,Cisco-IOS-XR-fib-common-oper:fib-statistics/nodes/node/drops,spine1,0,0,0,0,0,0,0,0,0,0,0,0,0,0,0,0,0/RP0/CPU0,0,0,0,0,0,0,0
2020-02-05 01:55:41.057000+00:00,Cisco-IOS-XR-fib-common-oper:fib-statistics/nodes/node/drops,spine1,0,0,0,0,0,0,0,0,0,3741,0,0,0,0,0,399,0/0/CPU0,0,0,0,0,0,0,0
2020-02-05 01:55:41.058000+00:00,Cisco-IOS-XR-fib-common-oper:fib-statistics/nodes/node/drops,spine1,0,0,0,0,0,0,0,0,0,0,0,0,0,0,0,0,0/RP0/CPU0,0,0,0,0,0,0,0
2020-02-05 01:55:52.497000+00:00,Cisco-IOS-XR-fib-common-oper:fib-statistics/nodes/node/drops,spine1,0,0,0,0,0,0,0,0,0,3741,0,0,0,0,0,399,0/0/CPU0,0,0,0,0,0,0,0
2020-02-05 01:55:52.498000+00:00,Cisco-IOS-XR-fib-common-oper:fib-statistics/nodes/node/drops,spine1,0,0,0,0,0,0,0,0,0,0,0,0,0,0,0,0,0/RP0/CPU0,0,0,0,0,0,0,0
2020-02-05 01:56:04.557000+00:00,Cisco-IOS-XR-fib-common-oper:fib-statistics/nodes/node/drops,spine1,0,0,0,0,0,0,0,0,0,3741,0,0,0,0,0,399,0/0/CPU0,0,0,0,0,0,0,0
2020-02-05 01:56:04.559000+00:00,Cisco-IOS-XR-fib-common-oper:fib-statistics/nodes/node/drops,spine1,0,0,0,0,0,0,0,0,0,0,0,0,0,0,0,0,0/RP0/CPU0,0,0,0,0,0,0,0
2020-02-05 01:56:15.698000+00:00,Cisco-IOS-XR-fib-common-oper:fib-statistics/nodes/node/drops,spine1,0,0,0,0,0,0,0,0,0,3741,0,0,0,0,0,399,0/0/CPU0,0,0,0,0,0,0,0
2020-02-05 01:56:15.699000+00:00,Cisco-IOS-XR-fib-common-oper:fib-statistics/nodes/node/drops,spine1,0,0,0,0,0,0,0,0,0,0,0,0,0,0,0,0,0/RP0/CPU0,0,0,0,0,0,0,0
2020-02-05 01:56:26.822000+00:00,Cisco-IOS-XR-fib-common-oper:fib-statistics/nodes/node/drops,spine1,0,0,0,0,0,0,0,0,0,3741,0,0,0,0,0,399,0/0/CPU0,0,0,0,0,0,0,0
2020-02-05 01:56:26.824000+00:00,Cisco-IOS-XR-fib-common-oper:fib-statistics/nodes/node/drops,spine1,0,0,0,0,0,0,0,0,0,0,0,0,0,0,0,0,0/RP0/CPU0,0,0,0,0,0,0,0
2020-02-05 01:56:38.248000+00:00,Cisco-IOS-XR-fib-common-oper:fib-statistics/nodes/node/drops,spine1,0,0,0,0,0,0,0,0,0,3741,0,0,0,0,0,399,0/0/CPU0,0,0,0,0,0,0,0
2020-02-05 01:56:38.251000+00:00,Cisco-IOS-XR-fib-common-oper:fib-statistics/nodes/node/drops,spine1,0,0,0,0,0,0,0,0,0,0,0,0,0,0,0,0,0/RP0/CPU0,0,0,0,0,0,0,0
2020-02-05 01:56:49.685000+00:00,Cisco-IOS-XR-fib-common-oper:fib-statistics/nodes/node/drops,spine1,0,0,0,0,0,0,0,0,0,3741,0,0,0,0,0,399,0/0/CPU0,0,0,0,0,0,0,0
2020-02-05 01:56:49.686000+00:00,Cisco-IOS-XR-fib-common-oper:fib-statistics/nodes/node/drops,spine1,0,0,0,0,0,0,0,0,0,0,0,0,0,0,0,0,0/RP0/CPU0,0,0,0,0,0,0,0
2020-02-05 01:57:01.395000+00:00,Cisco-IOS-XR-fib-common-oper:fib-statistics/nodes/node/drops,spine1,0,0,0,0,0,0,0,0,0,3741,0,0,0,0,0,399,0/0/CPU0,0,0,0,0,0,0,0
2020-02-05 01:57:01.397000+00:00,Cisco-IOS-XR-fib-common-oper:fib-statistics/nodes/node/drops,spine1,0,0,0,0,0,0,0,0,0,0,0,0,0,0,0,0,0/RP0/CPU0,0,0,0,0,0,0,0
2020-02-05 01:57:13.911000+00:00,Cisco-IOS-XR-fib-common-oper:fib-statistics/nodes/node/drops,spine1,0,0,0,0,0,0,0,0,0,3741,0,0,0,0,0,399,0/0/CPU0,0,0,0,0,0,0,0
2020-02-05 01:57:13.912000+00:00,Cisco-IOS-XR-fib-common-oper:fib-statistics/nodes/node/drops,spine1,0,0,0,0,0,0,0,0,0,0,0,0,0,0,0,0,0/RP0/CPU0,0,0,0,0,0,0,0
2020-02-05 01:57:24.297000+00:00,Cisco-IOS-XR-fib-common-oper:fib-statistics/nodes/node/drops,spine1,0,0,0,0,0,0,0,0,0,3741,0,0,0,0,0,399,0/0/CPU0,0,0,0,0,0,0,0
2020-02-05 01:57:24.298000+00:00,Cisco-IOS-XR-fib-common-oper:fib-statistics/nodes/node/drops,spine1,0,0,0,0,0,0,0,0,0,0,0,0,0,0,0,0,0/RP0/CPU0,0,0,0,0,0,0,0
2020-02-05 01:57:35.330000+00:00,Cisco-IOS-XR-fib-common-oper:fib-statistics/nodes/node/drops,spine1,0,0,0,0,0,0,0,0,0,3741,0,0,0,0,0,399,0/0/CPU0,0,0,0,0,0,0,0
2020-02-05 01:57:35.331000+00:00,Cisco-IOS-XR-fib-common-oper:fib-statistics/nodes/node/drops,spine1,0,0,0,0,0,0,0,0,0,0,0,0,0,0,0,0,0/RP0/CPU0,0,0,0,0,0,0,0
2020-02-05 01:57:46.823000+00:00,Cisco-IOS-XR-fib-common-oper:fib-statistics/nodes/node/drops,spine1,0,0,0,0,0,0,0,0,0,3741,0,0,0,0,0,399,0/0/CPU0,0,0,0,0,0,0,0
2020-02-05 01:57:46.824000+00:00,Cisco-IOS-XR-fib-common-oper:fib-statistics/nodes/node/drops,spine1,0,0,0,0,0,0,0,0,0,0,0,0,0,0,0,0,0/RP0/CPU0,0,0,0,0,0,0,0
2020-02-05 01:57:58.408000+00:00,Cisco-IOS-XR-fib-common-oper:fib-statistics/nodes/node/drops,spine1,0,0,0,0,0,0,0,0,0,3741,0,0,0,0,0,399,0/0/CPU0,0,0,0,0,0,0,0
2020-02-05 01:57:58.409000+00:00,Cisco-IOS-XR-fib-common-oper:fib-statistics/nodes/node/drops,spine1,0,0,0,0,0,0,0,0,0,0,0,0,0,0,0,0,0/RP0/CPU0,0,0,0,0,0,0,0
2020-02-05 01:58:09.591000+00:00,Cisco-IOS-XR-fib-common-oper:fib-statistics/nodes/node/drops,spine1,0,0,0,0,0,0,0,0,0,3741,0,0,0,0,0,399,0/0/CPU0,0,0,0,0,0,0,0
2020-02-05 01:58:09.593000+00:00,Cisco-IOS-XR-fib-common-oper:fib-statistics/nodes/node/drops,spine1,0,0,0,0,0,0,0,0,0,0,0,0,0,0,0,0,0/RP0/CPU0,0,0,0,0,0,0,0
2020-02-05 01:58:21.005000+00:00,Cisco-IOS-XR-fib-common-oper:fib-statistics/nodes/node/drops,spine1,0,0,0,0,0,0,0,0,0,3741,0,0,0,0,0,399,0/0/CPU0,0,0,0,0,0,0,0
2020-02-05 01:58:21.007000+00:00,Cisco-IOS-XR-fib-common-oper:fib-statistics/nodes/node/drops,spine1,0,0,0,0,0,0,0,0,0,0,0,0,0,0,0,0,0/RP0/CPU0,0,0,0,0,0,0,0
2020-02-05 01:58:32.427000+00:00,Cisco-IOS-XR-fib-common-oper:fib-statistics/nodes/node/drops,spine1,0,0,0,0,0,0,0,0,0,3741,0,0,0,0,0,399,0/0/CPU0,0,0,0,0,0,0,0
2020-02-05 01:58:32.428000+00:00,Cisco-IOS-XR-fib-common-oper:fib-statistics/nodes/node/drops,spine1,0,0,0,0,0,0,0,0,0,0,0,0,0,0,0,0,0/RP0/CPU0,0,0,0,0,0,0,0
2020-02-05 01:58:44.165000+00:00,Cisco-IOS-XR-fib-common-oper:fib-statistics/nodes/node/drops,spine1,0,0,0,0,0,0,0,0,0,3741,0,0,0,0,0,399,0/0/CPU0,0,0,0,0,0,0,0
2020-02-05 01:58:44.166000+00:00,Cisco-IOS-XR-fib-common-oper:fib-statistics/nodes/node/drops,spine1,0,0,0,0,0,0,0,0,0,0,0,0,0,0,0,0,0/RP0/CPU0,0,0,0,0,0,0,0
2020-02-05 01:58:55.329000+00:00,Cisco-IOS-XR-fib-common-oper:fib-statistics/nodes/node/drops,spine1,0,0,0,0,0,0,0,0,0,3741,0,0,0,0,0,399,0/0/CPU0,0,0,0,0,0,0,0
2020-02-05 01:58:55.330000+00:00,Cisco-IOS-XR-fib-common-oper:fib-statistics/nodes/node/drops,spine1,0,0,0,0,0,0,0,0,0,0,0,0,0,0,0,0,0/RP0/CPU0,0,0,0,0,0,0,0
2020-02-05 01:59:06.744000+00:00,Cisco-IOS-XR-fib-common-oper:fib-statistics/nodes/node/drops,spine1,0,0,0,0,0,0,0,0,0,3741,0,0,0,0,0,399,0/0/CPU0,0,0,0,0,0,0,0
2020-02-05 01:59:06.746000+00:00,Cisco-IOS-XR-fib-common-oper:fib-statistics/nodes/node/drops,spine1,0,0,0,0,0,0,0,0,0,0,0,0,0,0,0,0,0/RP0/CPU0,0,0,0,0,0,0,0
2020-02-05 01:59:18.201000+00:00,Cisco-IOS-XR-fib-common-oper:fib-statistics/nodes/node/drops,spine1,0,0,0,0,0,0,0,0,0,3741,0,0,0,0,0,399,0/0/CPU0,0,0,0,0,0,0,0
2020-02-05 01:59:18.203000+00:00,Cisco-IOS-XR-fib-common-oper:fib-statistics/nodes/node/drops,spine1,0,0,0,0,0,0,0,0,0,0,0,0,0,0,0,0,0/RP0/CPU0,0,0,0,0,0,0,0
2020-02-05 01:59:29.615000+00:00,Cisco-IOS-XR-fib-common-oper:fib-statistics/nodes/node/drops,spine1,0,0,0,0,0,0,0,0,0,3741,0,0,0,0,0,399,0/0/CPU0,0,0,0,0,0,0,0
2020-02-05 01:59:29.617000+00:00,Cisco-IOS-XR-fib-common-oper:fib-statistics/nodes/node/drops,spine1,0,0,0,0,0,0,0,0,0,0,0,0,0,0,0,0,0/RP0/CPU0,0,0,0,0,0,0,0
2020-02-05 01:59:41.457000+00:00,Cisco-IOS-XR-fib-common-oper:fib-statistics/nodes/node/drops,spine1,0,0,0,0,0,0,0,0,0,3741,0,0,0,0,0,399,0/0/CPU0,0,0,0,0,0,0,0
2020-02-05 01:59:41.458000+00:00,Cisco-IOS-XR-fib-common-oper:fib-statistics/nodes/node/drops,spine1,0,0,0,0,0,0,0,0,0,0,0,0,0,0,0,0,0/RP0/CPU0,0,0,0,0,0,0,0
2020-02-05 01:59:52.489000+00:00,Cisco-IOS-XR-fib-common-oper:fib-statistics/nodes/node/drops,spine1,0,0,0,0,0,0,0,0,0,3741,0,0,0,0,0,399,0/0/CPU0,0,0,0,0,0,0,0
2020-02-05 01:59:52.490000+00:00,Cisco-IOS-XR-fib-common-oper:fib-statistics/nodes/node/drops,spine1,0,0,0,0,0,0,0,0,0,0,0,0,0,0,0,0,0/RP0/CPU0,0,0,0,0,0,0,0
2020-02-05 02:00:05.431000+00:00,Cisco-IOS-XR-fib-common-oper:fib-statistics/nodes/node/drops,spine1,0,0,0,0,0,0,0,0,0,3741,0,0,0,0,0,399,0/0/CPU0,0,0,0,0,0,0,0
2020-02-05 02:00:05.433000+00:00,Cisco-IOS-XR-fib-common-oper:fib-statistics/nodes/node/drops,spine1,0,0,0,0,0,0,0,0,0,0,0,0,0,0,0,0,0/RP0/CPU0,0,0,0,0,0,0,0
2020-02-05 02:00:15.812000+00:00,Cisco-IOS-XR-fib-common-oper:fib-statistics/nodes/node/drops,spine1,0,0,0,0,0,0,0,0,0,3741,0,0,0,0,0,399,0/0/CPU0,0,0,0,0,0,0,0
2020-02-05 02:00:15.813000+00:00,Cisco-IOS-XR-fib-common-oper:fib-statistics/nodes/node/drops,spine1,0,0,0,0,0,0,0,0,0,0,0,0,0,0,0,0,0/RP0/CPU0,0,0,0,0,0,0,0
2020-02-05 02:00:26.906000+00:00,Cisco-IOS-XR-fib-common-oper:fib-statistics/nodes/node/drops,spine1,0,0,0,0,0,0,0,0,0,3741,0,0,0,0,0,399,0/0/CPU0,0,0,0,0,0,0,0
2020-02-05 02:00:26.908000+00:00,Cisco-IOS-XR-fib-common-oper:fib-statistics/nodes/node/drops,spine1,0,0,0,0,0,0,0,0,0,0,0,0,0,0,0,0,0/RP0/CPU0,0,0,0,0,0,0,0
2020-02-05 02:00:38.501000+00:00,Cisco-IOS-XR-fib-common-oper:fib-statistics/nodes/node/drops,spine1,0,0,0,0,0,0,0,0,0,3741,0,0,0,0,0,399,0/0/CPU0,0,0,0,0,0,0,0
2020-02-05 02:00:38.503000+00:00,Cisco-IOS-XR-fib-common-oper:fib-statistics/nodes/node/drops,spine1,0,0,0,0,0,0,0,0,0,0,0,0,0,0,0,0,0/RP0/CPU0,0,0,0,0,0,0,0
2020-02-05 02:00:49.765000+00:00,Cisco-IOS-XR-fib-common-oper:fib-statistics/nodes/node/drops,spine1,0,0,0,0,0,0,0,0,0,3741,0,0,0,0,0,399,0/0/CPU0,0,0,0,0,0,0,0
2020-02-05 02:00:49.766000+00:00,Cisco-IOS-XR-fib-common-oper:fib-statistics/nodes/node/drops,spine1,0,0,0,0,0,0,0,0,0,0,0,0,0,0,0,0,0/RP0/CPU0,0,0,0,0,0,0,0
2020-02-05 02:01:01.110000+00:00,Cisco-IOS-XR-fib-common-oper:fib-statistics/nodes/node/drops,spine1,0,0,0,0,0,0,0,0,0,3741,0,0,0,0,0,399,0/0/CPU0,0,0,0,0,0,0,0
2020-02-05 02:01:01.111000+00:00,Cisco-IOS-XR-fib-common-oper:fib-statistics/nodes/node/drops,spine1,0,0,0,0,0,0,0,0,0,0,0,0,0,0,0,0,0/RP0/CPU0,0,0,0,0,0,0,0
2020-02-05 02:01:12.512000+00:00,Cisco-IOS-XR-fib-common-oper:fib-statistics/nodes/node/drops,spine1,0,0,0,0,0,0,0,0,0,3741,0,0,0,0,0,399,0/0/CPU0,0,0,0,0,0,0,0
2020-02-05 02:01:12.513000+00:00,Cisco-IOS-XR-fib-common-oper:fib-statistics/nodes/node/drops,spine1,0,0,0,0,0,0,0,0,0,0,0,0,0,0,0,0,0/RP0/CPU0,0,0,0,0,0,0,0
2020-02-05 02:01:24.230000+00:00,Cisco-IOS-XR-fib-common-oper:fib-statistics/nodes/node/drops,spine1,0,0,0,0,0,0,0,0,0,3741,0,0,0,0,0,399,0/0/CPU0,0,0,0,0,0,0,0
2020-02-05 02:01:24.232000+00:00,Cisco-IOS-XR-fib-common-oper:fib-statistics/nodes/node/drops,spine1,0,0,0,0,0,0,0,0,0,0,0,0,0,0,0,0,0/RP0/CPU0,0,0,0,0,0,0,0
2020-02-05 02:01:35.372000+00:00,Cisco-IOS-XR-fib-common-oper:fib-statistics/nodes/node/drops,spine1,0,0,0,0,0,0,0,0,0,3741,0,0,0,0,0,399,0/0/CPU0,0,0,0,0,0,0,0
2020-02-05 02:01:35.373000+00:00,Cisco-IOS-XR-fib-common-oper:fib-statistics/nodes/node/drops,spine1,0,0,0,0,0,0,0,0,0,0,0,0,0,0,0,0,0/RP0/CPU0,0,0,0,0,0,0,0
2020-02-05 02:01:47.017000+00:00,Cisco-IOS-XR-fib-common-oper:fib-statistics/nodes/node/drops,spine1,0,0,0,0,0,0,0,0,0,3741,0,0,0,0,0,399,0/0/CPU0,0,0,0,0,0,0,0
2020-02-05 02:01:47.018000+00:00,Cisco-IOS-XR-fib-common-oper:fib-statistics/nodes/node/drops,spine1,0,0,0,0,0,0,0,0,0,0,0,0,0,0,0,0,0/RP0/CPU0,0,0,0,0,0,0,0
2020-02-05 02:01:58.221000+00:00,Cisco-IOS-XR-fib-common-oper:fib-statistics/nodes/node/drops,spine1,0,0,0,0,0,0,0,0,0,3741,0,0,0,0,0,399,0/0/CPU0,0,0,0,0,0,0,0
2020-02-05 02:01:58.222000+00:00,Cisco-IOS-XR-fib-common-oper:fib-statistics/nodes/node/drops,spine1,0,0,0,0,0,0,0,0,0,0,0,0,0,0,0,0,0/RP0/CPU0,0,0,0,0,0,0,0
2020-02-05 02:02:09.673000+00:00,Cisco-IOS-XR-fib-common-oper:fib-statistics/nodes/node/drops,spine1,0,0,0,0,0,0,0,0,0,3741,0,0,0,0,0,399,0/0/CPU0,0,0,0,0,0,0,0
2020-02-05 02:02:09.675000+00:00,Cisco-IOS-XR-fib-common-oper:fib-statistics/nodes/node/drops,spine1,0,0,0,0,0,0,0,0,0,0,0,0,0,0,0,0,0/RP0/CPU0,0,0,0,0,0,0,0
2020-02-05 02:02:21.507000+00:00,Cisco-IOS-XR-fib-common-oper:fib-statistics/nodes/node/drops,spine1,0,0,0,0,0,0,0,0,0,3741,0,0,0,0,0,399,0/0/CPU0,0,0,0,0,0,0,0
2020-02-05 02:02:21.508000+00:00,Cisco-IOS-XR-fib-common-oper:fib-statistics/nodes/node/drops,spine1,0,0,0,0,0,0,0,0,0,0,0,0,0,0,0,0,0/RP0/CPU0,0,0,0,0,0,0,0
2020-02-05 02:02:32.548000+00:00,Cisco-IOS-XR-fib-common-oper:fib-statistics/nodes/node/drops,spine1,0,0,0,0,0,0,0,0,0,3741,0,0,0,0,0,399,0/0/CPU0,0,0,0,0,0,0,0
2020-02-05 02:02:32.549000+00:00,Cisco-IOS-XR-fib-common-oper:fib-statistics/nodes/node/drops,spine1,0,0,0,0,0,0,0,0,0,0,0,0,0,0,0,0,0/RP0/CPU0,0,0,0,0,0,0,0
2020-02-05 02:02:44.015000+00:00,Cisco-IOS-XR-fib-common-oper:fib-statistics/nodes/node/drops,spine1,0,0,0,0,0,0,0,0,0,3741,0,0,0,0,0,399,0/0/CPU0,0,0,0,0,0,0,0
2020-02-05 02:02:44.016000+00:00,Cisco-IOS-XR-fib-common-oper:fib-statistics/nodes/node/drops,spine1,0,0,0,0,0,0,0,0,0,0,0,0,0,0,0,0,0/RP0/CPU0,0,0,0,0,0,0,0
2020-02-05 02:02:55.455000+00:00,Cisco-IOS-XR-fib-common-oper:fib-statistics/nodes/node/drops,spine1,0,0,0,0,0,0,0,0,0,3741,0,0,0,0,0,399,0/0/CPU0,0,0,0,0,0,0,0
2020-02-05 02:02:55.457000+00:00,Cisco-IOS-XR-fib-common-oper:fib-statistics/nodes/node/drops,spine1,0,0,0,0,0,0,0,0,0,0,0,0,0,0,0,0,0/RP0/CPU0,0,0,0,0,0,0,0
2020-02-05 02:03:06.922000+00:00,Cisco-IOS-XR-fib-common-oper:fib-statistics/nodes/node/drops,spine1,0,0,0,0,0,0,0,0,0,3741,0,0,0,0,0,399,0/0/CPU0,0,0,0,0,0,0,0
2020-02-05 02:03:06.923000+00:00,Cisco-IOS-XR-fib-common-oper:fib-statistics/nodes/node/drops,spine1,0,0,0,0,0,0,0,0,0,0,0,0,0,0,0,0,0/RP0/CPU0,0,0,0,0,0,0,0
2020-02-05 02:03:18.701000+00:00,Cisco-IOS-XR-fib-common-oper:fib-statistics/nodes/node/drops,spine1,0,0,0,0,0,0,0,0,0,3741,0,0,0,0,0,399,0/0/CPU0,0,0,0,0,0,0,0
2020-02-05 02:03:18.703000+00:00,Cisco-IOS-XR-fib-common-oper:fib-statistics/nodes/node/drops,spine1,0,0,0,0,0,0,0,0,0,0,0,0,0,0,0,0,0/RP0/CPU0,0,0,0,0,0,0,0
2020-02-05 02:03:29.771000+00:00,Cisco-IOS-XR-fib-common-oper:fib-statistics/nodes/node/drops,spine1,0,0,0,0,0,0,0,0,0,3741,0,0,0,0,0,399,0/0/CPU0,0,0,0,0,0,0,0
2020-02-05 02:03:29.772000+00:00,Cisco-IOS-XR-fib-common-oper:fib-statistics/nodes/node/drops,spine1,0,0,0,0,0,0,0,0,0,0,0,0,0,0,0,0,0/RP0/CPU0,0,0,0,0,0,0,0
2020-02-05 02:03:41.238000+00:00,Cisco-IOS-XR-fib-common-oper:fib-statistics/nodes/node/drops,spine1,0,0,0,0,0,0,0,0,0,3741,0,0,0,0,0,399,0/0/CPU0,0,0,0,0,0,0,0
2020-02-05 02:03:41.240000+00:00,Cisco-IOS-XR-fib-common-oper:fib-statistics/nodes/node/drops,spine1,0,0,0,0,0,0,0,0,0,0,0,0,0,0,0,0,0/RP0/CPU0,0,0,0,0,0,0,0
2020-02-05 02:03:52.655000+00:00,Cisco-IOS-XR-fib-common-oper:fib-statistics/nodes/node/drops,spine1,0,0,0,0,0,0,0,0,0,3741,0,0,0,0,0,399,0/0/CPU0,0,0,0,0,0,0,0
2020-02-05 02:03:52.656000+00:00,Cisco-IOS-XR-fib-common-oper:fib-statistics/nodes/node/drops,spine1,0,0,0,0,0,0,0,0,0,0,0,0,0,0,0,0,0/RP0/CPU0,0,0,0,0,0,0,0
2020-02-05 02:04:04.232000+00:00,Cisco-IOS-XR-fib-common-oper:fib-statistics/nodes/node/drops,spine1,0,0,0,0,0,0,0,0,0,3741,0,0,0,0,0,399,0/0/CPU0,0,0,0,0,0,0,0
2020-02-05 02:04:04.233000+00:00,Cisco-IOS-XR-fib-common-oper:fib-statistics/nodes/node/drops,spine1,0,0,0,0,0,0,0,0,0,0,0,0,0,0,0,0,0/RP0/CPU0,0,0,0,0,0,0,0
2020-02-05 02:04:15.838000+00:00,Cisco-IOS-XR-fib-common-oper:fib-statistics/nodes/node/drops,spine1,0,0,0,0,0,0,0,0,0,3741,0,0,0,0,0,399,0/0/CPU0,0,0,0,0,0,0,0
2020-02-05 02:04:15.839000+00:00,Cisco-IOS-XR-fib-common-oper:fib-statistics/nodes/node/drops,spine1,0,0,0,0,0,0,0,0,0,0,0,0,0,0,0,0,0/RP0/CPU0,0,0,0,0,0,0,0
2020-02-05 02:04:26.975000+00:00,Cisco-IOS-XR-fib-common-oper:fib-statistics/nodes/node/drops,spine1,0,0,0,0,0,0,0,0,0,3741,0,0,0,0,0,399,0/0/CPU0,0,0,0,0,0,0,0
2020-02-05 02:04:26.977000+00:00,Cisco-IOS-XR-fib-common-oper:fib-statistics/nodes/node/drops,spine1,0,0,0,0,0,0,0,0,0,0,0,0,0,0,0,0,0/RP0/CPU0,0,0,0,0,0,0,0
2020-02-05 02:04:38.391000+00:00,Cisco-IOS-XR-fib-common-oper:fib-statistics/nodes/node/drops,spine1,0,0,0,0,0,0,0,0,0,3741,0,0,0,0,0,399,0/0/CPU0,0,0,0,0,0,0,0
2020-02-05 02:04:38.392000+00:00,Cisco-IOS-XR-fib-common-oper:fib-statistics/nodes/node/drops,spine1,0,0,0,0,0,0,0,0,0,0,0,0,0,0,0,0,0/RP0/CPU0,0,0,0,0,0,0,0
2020-02-05 02:04:49.820000+00:00,Cisco-IOS-XR-fib-common-oper:fib-statistics/nodes/node/drops,spine1,0,0,0,0,0,0,0,0,0,3741,0,0,0,0,0,399,0/0/CPU0,0,0,0,0,0,0,0
2020-02-05 02:04:49.821000+00:00,Cisco-IOS-XR-fib-common-oper:fib-statistics/nodes/node/drops,spine1,0,0,0,0,0,0,0,0,0,0,0,0,0,0,0,0,0/RP0/CPU0,0,0,0,0,0,0,0
2020-02-05 02:05:01.529000+00:00,Cisco-IOS-XR-fib-common-oper:fib-statistics/nodes/node/drops,spine1,0,0,0,0,0,0,0,0,0,3741,0,0,0,0,0,399,0/0/CPU0,0,0,0,0,0,0,0
2020-02-05 02:05:01.531000+00:00,Cisco-IOS-XR-fib-common-oper:fib-statistics/nodes/node/drops,spine1,0,0,0,0,0,0,0,0,0,0,0,0,0,0,0,0,0/RP0/CPU0,0,0,0,0,0,0,0
2020-02-05 02:05:12.709000+00:00,Cisco-IOS-XR-fib-common-oper:fib-statistics/nodes/node/drops,spine1,0,0,0,0,0,0,0,0,0,3741,0,0,0,0,0,399,0/0/CPU0,0,0,0,0,0,0,0
2020-02-05 02:05:12.710000+00:00,Cisco-IOS-XR-fib-common-oper:fib-statistics/nodes/node/drops,spine1,0,0,0,0,0,0,0,0,0,0,0,0,0,0,0,0,0/RP0/CPU0,0,0,0,0,0,0,0
2020-02-05 02:05:24.120000+00:00,Cisco-IOS-XR-fib-common-oper:fib-statistics/nodes/node/drops,spine1,0,0,0,0,0,0,0,0,0,3741,0,0,0,0,0,399,0/0/CPU0,0,0,0,0,0,0,0
2020-02-05 02:05:24.122000+00:00,Cisco-IOS-XR-fib-common-oper:fib-statistics/nodes/node/drops,spine1,0,0,0,0,0,0,0,0,0,0,0,0,0,0,0,0,0/RP0/CPU0,0,0,0,0,0,0,0
2020-02-05 02:05:35.549000+00:00,Cisco-IOS-XR-fib-common-oper:fib-statistics/nodes/node/drops,spine1,0,0,0,0,0,0,0,0,0,3741,0,0,0,0,0,399,0/0/CPU0,0,0,0,0,0,0,0
2020-02-05 02:05:35.551000+00:00,Cisco-IOS-XR-fib-common-oper:fib-statistics/nodes/node/drops,spine1,0,0,0,0,0,0,0,0,0,0,0,0,0,0,0,0,0/RP0/CPU0,0,0,0,0,0,0,0
2020-02-05 02:05:47.013000+00:00,Cisco-IOS-XR-fib-common-oper:fib-statistics/nodes/node/drops,spine1,0,0,0,0,0,0,0,0,0,3741,0,0,0,0,0,399,0/0/CPU0,0,0,0,0,0,0,0
2020-02-05 02:05:47.015000+00:00,Cisco-IOS-XR-fib-common-oper:fib-statistics/nodes/node/drops,spine1,0,0,0,0,0,0,0,0,0,0,0,0,0,0,0,0,0/RP0/CPU0,0,0,0,0,0,0,0
2020-02-05 02:05:58.835000+00:00,Cisco-IOS-XR-fib-common-oper:fib-statistics/nodes/node/drops,spine1,0,0,0,0,0,0,0,0,0,3741,0,0,0,0,0,399,0/0/CPU0,0,0,0,0,0,0,0
2020-02-05 02:05:58.836000+00:00,Cisco-IOS-XR-fib-common-oper:fib-statistics/nodes/node/drops,spine1,0,0,0,0,0,0,0,0,0,0,0,0,0,0,0,0,0/RP0/CPU0,0,0,0,0,0,0,0
2020-02-05 02:06:09.835000+00:00,Cisco-IOS-XR-fib-common-oper:fib-statistics/nodes/node/drops,spine1,0,0,0,0,0,0,0,0,0,3741,0,0,0,0,0,399,0/0/CPU0,0,0,0,0,0,0,0
2020-02-05 02:06:09.836000+00:00,Cisco-IOS-XR-fib-common-oper:fib-statistics/nodes/node/drops,spine1,0,0,0,0,0,0,0,0,0,0,0,0,0,0,0,0,0/RP0/CPU0,0,0,0,0,0,0,0
2020-02-05 02:06:21.268000+00:00,Cisco-IOS-XR-fib-common-oper:fib-statistics/nodes/node/drops,spine1,0,0,0,0,0,0,0,0,0,3741,0,0,0,0,0,399,0/0/CPU0,0,0,0,0,0,0,0
2020-02-05 02:06:21.269000+00:00,Cisco-IOS-XR-fib-common-oper:fib-statistics/nodes/node/drops,spine1,0,0,0,0,0,0,0,0,0,0,0,0,0,0,0,0,0/RP0/CPU0,0,0,0,0,0,0,0
2020-02-05 02:06:32.649000+00:00,Cisco-IOS-XR-fib-common-oper:fib-statistics/nodes/node/drops,spine1,0,0,0,0,0,0,0,0,0,3741,0,0,0,0,0,399,0/0/CPU0,0,0,0,0,0,0,0
2020-02-05 02:06:32.650000+00:00,Cisco-IOS-XR-fib-common-oper:fib-statistics/nodes/node/drops,spine1,0,0,0,0,0,0,0,0,0,0,0,0,0,0,0,0,0/RP0/CPU0,0,0,0,0,0,0,0
2020-02-05 02:06:44.298000+00:00,Cisco-IOS-XR-fib-common-oper:fib-statistics/nodes/node/drops,spine1,0,0,0,0,0,0,0,0,0,3741,0,0,0,0,0,399,0/0/CPU0,0,0,0,0,0,0,0
2020-02-05 02:06:44.299000+00:00,Cisco-IOS-XR-fib-common-oper:fib-statistics/nodes/node/drops,spine1,0,0,0,0,0,0,0,0,0,0,0,0,0,0,0,0,0/RP0/CPU0,0,0,0,0,0,0,0
2020-02-05 02:06:55.843000+00:00,Cisco-IOS-XR-fib-common-oper:fib-statistics/nodes/node/drops,spine1,0,0,0,0,0,0,0,0,0,3741,0,0,0,0,0,399,0/0/CPU0,0,0,0,0,0,0,0
2020-02-05 02:06:55.844000+00:00,Cisco-IOS-XR-fib-common-oper:fib-statistics/nodes/node/drops,spine1,0,0,0,0,0,0,0,0,0,0,0,0,0,0,0,0,0/RP0/CPU0,0,0,0,0,0,0,0
2020-02-05 02:07:06.951000+00:00,Cisco-IOS-XR-fib-common-oper:fib-statistics/nodes/node/drops,spine1,0,0,0,0,0,0,0,0,0,3741,0,0,0,0,0,399,0/0/CPU0,0,0,0,0,0,0,0
2020-02-05 02:07:06.952000+00:00,Cisco-IOS-XR-fib-common-oper:fib-statistics/nodes/node/drops,spine1,0,0,0,0,0,0,0,0,0,0,0,0,0,0,0,0,0/RP0/CPU0,0,0,0,0,0,0,0
2020-02-05 02:07:18.372000+00:00,Cisco-IOS-XR-fib-common-oper:fib-statistics/nodes/node/drops,spine1,0,0,0,0,0,0,0,0,0,3741,0,0,0,0,0,399,0/0/CPU0,0,0,0,0,0,0,0
2020-02-05 02:07:18.374000+00:00,Cisco-IOS-XR-fib-common-oper:fib-statistics/nodes/node/drops,spine1,0,0,0,0,0,0,0,0,0,0,0,0,0,0,0,0,0/RP0/CPU0,0,0,0,0,0,0,0
2020-02-05 02:07:29.792000+00:00,Cisco-IOS-XR-fib-common-oper:fib-statistics/nodes/node/drops,spine1,0,0,0,0,0,0,0,0,0,3741,0,0,0,0,0,399,0/0/CPU0,0,0,0,0,0,0,0
2020-02-05 02:07:29.794000+00:00,Cisco-IOS-XR-fib-common-oper:fib-statistics/nodes/node/drops,spine1,0,0,0,0,0,0,0,0,0,0,0,0,0,0,0,0,0/RP0/CPU0,0,0,0,0,0,0,0
2020-02-05 02:07:41.624000+00:00,Cisco-IOS-XR-fib-common-oper:fib-statistics/nodes/node/drops,spine1,0,0,0,0,0,0,0,0,0,3741,0,0,0,0,0,399,0/0/CPU0,0,0,0,0,0,0,0
2020-02-05 02:07:41.625000+00:00,Cisco-IOS-XR-fib-common-oper:fib-statistics/nodes/node/drops,spine1,0,0,0,0,0,0,0,0,0,0,0,0,0,0,0,0,0/RP0/CPU0,0,0,0,0,0,0,0
2020-02-05 02:07:52.665000+00:00,Cisco-IOS-XR-fib-common-oper:fib-statistics/nodes/node/drops,spine1,0,0,0,0,0,0,0,0,0,3741,0,0,0,0,0,399,0/0/CPU0,0,0,0,0,0,0,0
2020-02-05 02:07:52.667000+00:00,Cisco-IOS-XR-fib-common-oper:fib-statistics/nodes/node/drops,spine1,0,0,0,0,0,0,0,0,0,0,0,0,0,0,0,0,0/RP0/CPU0,0,0,0,0,0,0,0
2020-02-05 02:08:04.094000+00:00,Cisco-IOS-XR-fib-common-oper:fib-statistics/nodes/node/drops,spine1,0,0,0,0,0,0,0,0,0,3741,0,0,0,0,0,399,0/0/CPU0,0,0,0,0,0,0,0
2020-02-05 02:08:04.095000+00:00,Cisco-IOS-XR-fib-common-oper:fib-statistics/nodes/node/drops,spine1,0,0,0,0,0,0,0,0,0,0,0,0,0,0,0,0,0/RP0/CPU0,0,0,0,0,0,0,0
2020-02-05 02:08:15.520000+00:00,Cisco-IOS-XR-fib-common-oper:fib-statistics/nodes/node/drops,spine1,0,0,0,0,0,0,0,0,0,3741,0,0,0,0,0,399,0/0/CPU0,0,0,0,0,0,0,0
2020-02-05 02:08:15.522000+00:00,Cisco-IOS-XR-fib-common-oper:fib-statistics/nodes/node/drops,spine1,0,0,0,0,0,0,0,0,0,0,0,0,0,0,0,0,0/RP0/CPU0,0,0,0,0,0,0,0
2020-02-05 02:08:27.002000+00:00,Cisco-IOS-XR-fib-common-oper:fib-statistics/nodes/node/drops,spine1,0,0,0,0,0,0,0,0,0,3741,0,0,0,0,0,399,0/0/CPU0,0,0,0,0,0,0,0
2020-02-05 02:08:27.004000+00:00,Cisco-IOS-XR-fib-common-oper:fib-statistics/nodes/node/drops,spine1,0,0,0,0,0,0,0,0,0,0,0,0,0,0,0,0,0/RP0/CPU0,0,0,0,0,0,0,0
2020-02-05 02:08:38.787000+00:00,Cisco-IOS-XR-fib-common-oper:fib-statistics/nodes/node/drops,spine1,0,0,0,0,0,0,0,0,0,3741,0,0,0,0,0,399,0/0/CPU0,0,0,0,0,0,0,0
2020-02-05 02:08:38.788000+00:00,Cisco-IOS-XR-fib-common-oper:fib-statistics/nodes/node/drops,spine1,0,0,0,0,0,0,0,0,0,0,0,0,0,0,0,0,0/RP0/CPU0,0,0,0,0,0,0,0
2020-02-05 02:08:50.052000+00:00,Cisco-IOS-XR-fib-common-oper:fib-statistics/nodes/node/drops,spine1,0,0,0,0,0,0,0,0,0,3741,0,0,0,0,0,399,0/0/CPU0,0,0,0,0,0,0,0
2020-02-05 02:08:50.053000+00:00,Cisco-IOS-XR-fib-common-oper:fib-statistics/nodes/node/drops,spine1,0,0,0,0,0,0,0,0,0,0,0,0,0,0,0,0,0/RP0/CPU0,0,0,0,0,0,0,0
2020-02-05 02:09:01.246000+00:00,Cisco-IOS-XR-fib-common-oper:fib-statistics/nodes/node/drops,spine1,0,0,0,0,0,0,0,0,0,3741,0,0,0,0,0,399,0/0/CPU0,0,0,0,0,0,0,0
2020-02-05 02:09:01.248000+00:00,Cisco-IOS-XR-fib-common-oper:fib-statistics/nodes/node/drops,spine1,0,0,0,0,0,0,0,0,0,0,0,0,0,0,0,0,0/RP0/CPU0,0,0,0,0,0,0,0
2020-02-05 02:09:12.644000+00:00,Cisco-IOS-XR-fib-common-oper:fib-statistics/nodes/node/drops,spine1,0,0,0,0,0,0,0,0,0,3741,0,0,0,0,0,399,0/0/CPU0,0,0,0,0,0,0,0
2020-02-05 02:09:12.646000+00:00,Cisco-IOS-XR-fib-common-oper:fib-statistics/nodes/node/drops,spine1,0,0,0,0,0,0,0,0,0,0,0,0,0,0,0,0,0/RP0/CPU0,0,0,0,0,0,0,0
2020-02-05 02:09:24.358000+00:00,Cisco-IOS-XR-fib-common-oper:fib-statistics/nodes/node/drops,spine1,0,0,0,0,0,0,0,0,0,3741,0,0,0,0,0,399,0/0/CPU0,0,0,0,0,0,0,0
2020-02-05 02:09:24.360000+00:00,Cisco-IOS-XR-fib-common-oper:fib-statistics/nodes/node/drops,spine1,0,0,0,0,0,0,0,0,0,0,0,0,0,0,0,0,0/RP0/CPU0,0,0,0,0,0,0,0
2020-02-05 02:09:35.514000+00:00,Cisco-IOS-XR-fib-common-oper:fib-statistics/nodes/node/drops,spine1,0,0,0,0,0,0,0,0,0,3741,0,0,0,0,0,399,0/0/CPU0,0,0,0,0,0,0,0
2020-02-05 02:09:35.515000+00:00,Cisco-IOS-XR-fib-common-oper:fib-statistics/nodes/node/drops,spine1,0,0,0,0,0,0,0,0,0,0,0,0,0,0,0,0,0/RP0/CPU0,0,0,0,0,0,0,0
2020-02-05 02:09:46.951000+00:00,Cisco-IOS-XR-fib-common-oper:fib-statistics/nodes/node/drops,spine1,0,0,0,0,0,0,0,0,0,3741,0,0,0,0,0,399,0/0/CPU0,0,0,0,0,0,0,0
2020-02-05 02:09:46.953000+00:00,Cisco-IOS-XR-fib-common-oper:fib-statistics/nodes/node/drops,spine1,0,0,0,0,0,0,0,0,0,0,0,0,0,0,0,0,0/RP0/CPU0,0,0,0,0,0,0,0
2020-02-05 02:09:58.357000+00:00,Cisco-IOS-XR-fib-common-oper:fib-statistics/nodes/node/drops,spine1,0,0,0,0,0,0,0,0,0,3741,0,0,0,0,0,399,0/0/CPU0,0,0,0,0,0,0,0
2020-02-05 02:09:58.358000+00:00,Cisco-IOS-XR-fib-common-oper:fib-statistics/nodes/node/drops,spine1,0,0,0,0,0,0,0,0,0,0,0,0,0,0,0,0,0/RP0/CPU0,0,0,0,0,0,0,0
2020-02-05 02:10:09.773000+00:00,Cisco-IOS-XR-fib-common-oper:fib-statistics/nodes/node/drops,spine1,0,0,0,0,0,0,0,0,0,3741,0,0,0,0,0,399,0/0/CPU0,0,0,0,0,0,0,0
2020-02-05 02:10:09.774000+00:00,Cisco-IOS-XR-fib-common-oper:fib-statistics/nodes/node/drops,spine1,0,0,0,0,0,0,0,0,0,0,0,0,0,0,0,0,0/RP0/CPU0,0,0,0,0,0,0,0
2020-02-05 02:10:21.651000+00:00,Cisco-IOS-XR-fib-common-oper:fib-statistics/nodes/node/drops,spine1,0,0,0,0,0,0,0,0,0,3741,0,0,0,0,0,399,0/0/CPU0,0,0,0,0,0,0,0
2020-02-05 02:10:21.652000+00:00,Cisco-IOS-XR-fib-common-oper:fib-statistics/nodes/node/drops,spine1,0,0,0,0,0,0,0,0,0,0,0,0,0,0,0,0,0/RP0/CPU0,0,0,0,0,0,0,0
2020-02-05 02:10:32.687000+00:00,Cisco-IOS-XR-fib-common-oper:fib-statistics/nodes/node/drops,spine1,0,0,0,0,0,0,0,0,0,3741,0,0,0,0,0,399,0/0/CPU0,0,0,0,0,0,0,0
2020-02-05 02:10:32.688000+00:00,Cisco-IOS-XR-fib-common-oper:fib-statistics/nodes/node/drops,spine1,0,0,0,0,0,0,0,0,0,0,0,0,0,0,0,0,0/RP0/CPU0,0,0,0,0,0,0,0
