,Producer,Target,host,interface-counts/admin-down-interface-count,interface-counts/down-interface-count,interface-counts/interface-count,interface-counts/up-interface-count,interface-type-list/interface-counts/admin-down-interface-count,interface-type-list/interface-counts/down-interface-count,interface-type-list/interface-counts/interface-count,interface-type-list/interface-counts/up-interface-count,interface-type-list/interface-type-description,interface-type-list/interface-type-name,interface-type/interface-counts/admin-down-interface-count,interface-type/interface-counts/down-interface-count,interface-type/interface-counts/interface-count,interface-type/interface-counts/up-interface-count,interface-type/interface-type-description,interface-type/interface-type-name

2020-02-05 01:41:26.280000+00:00,leaf5,sg10,obt-collector1,3,11,38,24,,,,,,,0,0,1,1,Null interface,IFT_NULL

2020-02-05 01:41:36.241000+00:00,leaf5,sg10,obt-collector1,3,11,38,24,,,,,,,0,0,1,1,Null interface,IFT_NULL

2020-02-05 01:41:46.294000+00:00,leaf5,sg10,obt-collector1,3,11,38,24,,,,,,,0,0,1,1,Null interface,IFT_NULL

2020-02-05 01:41:56.247000+00:00,leaf5,sg10,obt-collector1,3,11,38,24,,,,,,,0,0,1,1,Null interface,IFT_NULL

2020-02-05 01:42:06.262000+00:00,leaf5,sg10,obt-collector1,3,11,38,24,,,,,,,0,0,1,1,Null interface,IFT_NULL

2020-02-05 01:42:16.247000+00:00,leaf5,sg10,obt-collector1,3,11,38,24,,,,,,,0,0,1,1,Null interface,IFT_NULL

2020-02-05 01:42:26.248000+00:00,leaf5,sg10,obt-collector1,3,11,38,24,,,,,,,0,0,1,1,Null interface,IFT_NULL

2020-02-05 01:42:36.249000+00:00,leaf5,sg10,obt-collector1,3,11,38,24,,,,,,,0,0,1,1,Null interface,IFT_NULL

2020-02-05 01:42:46.243000+00:00,leaf5,sg10,obt-collector1,3,11,38,24,,,,,,,0,0,1,1,Null interface,IFT_NULL

2020-02-05 01:42:56.267000+00:00,leaf5,sg10,obt-collector1,3,11,38,24,,,,,,,0,0,1,1,Null interface,IFT_NULL

2020-02-05 01:43:06.235000+00:00,leaf5,sg10,obt-collector1,3,11,38,24,,,,,,,0,0,1,1,Null interface,IFT_NULL

2020-02-05 01:43:16.298000+00:00,leaf5,sg10,obt-collector1,3,11,38,24,,,,,,,0,0,1,1,Null interface,IFT_NULL

2020-02-05 01:43:26.249000+00:00,leaf5,sg10,obt-collector1,3,11,38,24,,,,,,,0,0,1,1,Null interface,IFT_NULL

2020-02-05 01:43:36.297000+00:00,leaf5,sg10,obt-collector1,3,11,38,24,,,,,,,0,0,1,1,Null interface,IFT_NULL

2020-02-05 01:43:46.240000+00:00,leaf5,sg10,obt-collector1,3,11,38,24,,,,,,,0,0,1,1,Null interface,IFT_NULL

2020-02-05 01:43:56.243000+00:00,leaf5,sg10,obt-collector1,3,11,38,24,,,,,,,0,0,1,1,Null interface,IFT_NULL

2020-02-05 01:44:06.233000+00:00,leaf5,sg10,obt-collector1,3,11,38,24,,,,,,,0,0,1,1,Null interface,IFT_NULL

2020-02-05 01:44:16.217000+00:00,leaf5,sg10,obt-collector1,3,11,38,24,,,,,,,0,0,1,1,Null interface,IFT_NULL

2020-02-05 01:44:26.240000+00:00,leaf5,sg10,obt-collector1,3,11,38,24,,,,,,,0,0,1,1,Null interface,IFT_NULL

2020-02-05 01:44:36.241000+00:00,leaf5,sg10,obt-collector1,3,11,38,24,,,,,,,0,0,1,1,Null interface,IFT_NULL

2020-02-05 01:44:46.265000+00:00,leaf5,sg10,obt-collector1,3,11,38,24,,,,,,,0,0,1,1,Null interface,IFT_NULL

2020-02-05 01:44:56.253000+00:00,leaf5,sg10,obt-collector1,3,11,38,24,,,,,,,0,0,1,1,Null interface,IFT_NULL

2020-02-05 01:45:06.282000+00:00,leaf5,sg10,obt-collector1,3,11,38,24,,,,,,,0,0,1,1,Null interface,IFT_NULL

2020-02-05 01:45:16.243000+00:00,leaf5,sg10,obt-collector1,3,11,38,24,,,,,,,0,0,1,1,Null interface,IFT_NULL

2020-02-05 01:45:26.258000+00:00,leaf5,sg10,obt-collector1,3,11,38,24,,,,,,,0,0,1,1,Null interface,IFT_NULL

2020-02-05 01:45:36.237000+00:00,leaf5,sg10,obt-collector1,3,11,38,24,,,,,,,0,0,1,1,Null interface,IFT_NULL

2020-02-05 01:45:46.243000+00:00,leaf5,sg10,obt-collector1,3,11,38,24,,,,,,,0,0,1,1,Null interface,IFT_NULL

2020-02-05 01:45:56.247000+00:00,leaf5,sg10,obt-collector1,3,11,38,24,,,,,,,0,0,1,1,Null interface,IFT_NULL

2020-02-05 01:46:06.241000+00:00,leaf5,sg10,obt-collector1,3,11,38,24,,,,,,,0,0,1,1,Null interface,IFT_NULL

2020-02-05 01:46:16.237000+00:00,leaf5,sg10,obt-collector1,3,11,38,24,,,,,,,0,0,1,1,Null interface,IFT_NULL

2020-02-05 01:46:26.244000+00:00,leaf5,sg10,obt-collector1,3,11,38,24,,,,,,,0,0,1,1,Null interface,IFT_NULL

2020-02-05 01:46:36.337000+00:00,leaf5,sg10,obt-collector1,3,11,38,24,,,,,,,0,0,1,1,Null interface,IFT_NULL

2020-02-05 01:46:46.272000+00:00,leaf5,sg10,obt-collector1,3,11,38,24,,,,,,,0,0,1,1,Null interface,IFT_NULL

2020-02-05 01:46:56.312000+00:00,leaf5,sg10,obt-collector1,3,11,38,24,,,,,,,0,0,1,1,Null interface,IFT_NULL

2020-02-05 01:47:06.256000+00:00,leaf5,sg10,obt-collector1,3,11,38,24,,,,,,,0,0,1,1,Null interface,IFT_NULL

2020-02-05 01:47:16.264000+00:00,leaf5,sg10,obt-collector1,3,11,38,24,,,,,,,0,0,1,1,Null interface,IFT_NULL

2020-02-05 01:47:26.238000+00:00,leaf5,sg10,obt-collector1,3,11,38,24,,,,,,,0,0,1,1,Null interface,IFT_NULL

2020-02-05 01:47:36.251000+00:00,leaf5,sg10,obt-collector1,3,11,38,24,,,,,,,0,0,1,1,Null interface,IFT_NULL

2020-02-05 01:47:46.256000+00:00,leaf5,sg10,obt-collector1,3,11,38,24,,,,,,,0,0,1,1,Null interface,IFT_NULL

2020-02-05 01:47:56.242000+00:00,leaf5,sg10,obt-collector1,3,11,38,24,,,,,,,0,0,1,1,Null interface,IFT_NULL

2020-02-05 01:48:06.248000+00:00,leaf5,sg10,obt-collector1,3,11,38,24,,,,,,,0,0,1,1,Null interface,IFT_NULL

2020-02-05 01:48:16.246000+00:00,leaf5,sg10,obt-collector1,3,11,38,24,,,,,,,0,0,1,1,Null interface,IFT_NULL

2020-02-05 01:48:26.308000+00:00,leaf5,sg10,obt-collector1,3,11,38,24,,,,,,,0,0,1,1,Null interface,IFT_NULL

2020-02-05 01:48:36.286000+00:00,leaf5,sg10,obt-collector1,3,11,38,24,,,,,,,0,0,1,1,Null interface,IFT_NULL

2020-02-05 01:48:46.270000+00:00,leaf5,sg10,obt-collector1,3,11,38,24,,,,,,,0,0,1,1,Null interface,IFT_NULL

2020-02-05 01:48:56.268000+00:00,leaf5,sg10,obt-collector1,3,11,38,24,,,,,,,0,0,1,1,Null interface,IFT_NULL

2020-02-05 01:49:06.248000+00:00,leaf5,sg10,obt-collector1,3,11,38,24,,,,,,,0,0,1,1,Null interface,IFT_NULL

2020-02-05 01:49:16.250000+00:00,leaf5,sg10,obt-collector1,3,11,38,24,,,,,,,0,0,1,1,Null interface,IFT_NULL

2020-02-05 01:49:26.253000+00:00,leaf5,sg10,obt-collector1,3,11,38,24,,,,,,,0,0,1,1,Null interface,IFT_NULL

2020-02-05 01:49:36.271000+00:00,leaf5,sg10,obt-collector1,3,11,38,24,,,,,,,0,0,1,1,Null interface,IFT_NULL

2020-02-05 01:49:46.242000+00:00,leaf5,sg10,obt-collector1,3,11,38,24,,,,,,,0,0,1,1,Null interface,IFT_NULL

2020-02-05 01:49:56.271000+00:00,leaf5,sg10,obt-collector1,3,11,38,24,,,,,,,0,0,1,1,Null interface,IFT_NULL

2020-02-05 01:50:06.243000+00:00,leaf5,sg10,obt-collector1,3,11,38,24,,,,,,,0,0,1,1,Null interface,IFT_NULL

2020-02-05 01:50:16.288000+00:00,leaf5,sg10,obt-collector1,3,11,38,24,,,,,,,0,0,1,1,Null interface,IFT_NULL

2020-02-05 01:50:26.262000+00:00,leaf5,sg10,obt-collector1,3,11,38,24,,,,,,,0,0,1,1,Null interface,IFT_NULL

2020-02-05 01:50:36.252000+00:00,leaf5,sg10,obt-collector1,3,11,38,24,,,,,,,0,0,1,1,Null interface,IFT_NULL

2020-02-05 01:50:46.256000+00:00,leaf5,sg10,obt-collector1,3,11,38,24,,,,,,,0,0,1,1,Null interface,IFT_NULL

2020-02-05 01:50:56.255000+00:00,leaf5,sg10,obt-collector1,3,11,38,24,,,,,,,0,0,1,1,Null interface,IFT_NULL

2020-02-05 01:51:06.251000+00:00,leaf5,sg10,obt-collector1,3,11,38,24,,,,,,,0,0,1,1,Null interface,IFT_NULL

2020-02-05 01:51:16.246000+00:00,leaf5,sg10,obt-collector1,3,11,38,24,,,,,,,0,0,1,1,Null interface,IFT_NULL

2020-02-05 01:51:26.248000+00:00,leaf5,sg10,obt-collector1,3,11,38,24,,,,,,,0,0,1,1,Null interface,IFT_NULL

2020-02-05 01:51:36.257000+00:00,leaf5,sg10,obt-collector1,3,11,38,24,,,,,,,0,0,1,1,Null interface,IFT_NULL

2020-02-05 01:51:46.296000+00:00,leaf5,sg10,obt-collector1,3,11,38,24,,,,,,,0,0,1,1,Null interface,IFT_NULL

2020-02-05 01:51:56.245000+00:00,leaf5,sg10,obt-collector1,3,11,38,24,,,,,,,0,0,1,1,Null interface,IFT_NULL

2020-02-05 01:52:06.297000+00:00,leaf5,sg10,obt-collector1,3,11,38,24,,,,,,,0,0,1,1,Null interface,IFT_NULL

2020-02-05 01:52:16.245000+00:00,leaf5,sg10,obt-collector1,3,11,38,24,,,,,,,0,0,1,1,Null interface,IFT_NULL

2020-02-05 01:52:26.243000+00:00,leaf5,sg10,obt-collector1,3,11,38,24,,,,,,,0,0,1,1,Null interface,IFT_NULL

2020-02-05 01:52:36.257000+00:00,leaf5,sg10,obt-collector1,3,11,38,24,,,,,,,0,0,1,1,Null interface,IFT_NULL

2020-02-05 01:52:46.243000+00:00,leaf5,sg10,obt-collector1,3,11,38,24,,,,,,,0,0,1,1,Null interface,IFT_NULL

2020-02-05 01:52:56.265000+00:00,leaf5,sg10,obt-collector1,3,11,38,24,,,,,,,0,0,1,1,Null interface,IFT_NULL

2020-02-05 01:53:06.254000+00:00,leaf5,sg10,obt-collector1,3,11,38,24,,,,,,,0,0,1,1,Null interface,IFT_NULL

2020-02-05 01:53:16.269000+00:00,leaf5,sg10,obt-collector1,3,11,38,24,,,,,,,0,0,1,1,Null interface,IFT_NULL

2020-02-05 01:53:26.248000+00:00,leaf5,sg10,obt-collector1,3,11,38,24,,,,,,,0,0,1,1,Null interface,IFT_NULL

2020-02-05 01:53:36.282000+00:00,leaf5,sg10,obt-collector1,3,11,38,24,,,,,,,0,0,1,1,Null interface,IFT_NULL

2020-02-05 01:53:46.243000+00:00,leaf5,sg10,obt-collector1,3,11,38,24,,,,,,,0,0,1,1,Null interface,IFT_NULL

2020-02-05 01:53:56.267000+00:00,leaf5,sg10,obt-collector1,3,11,38,24,,,,,,,0,0,1,1,Null interface,IFT_NULL

2020-02-05 01:54:06.251000+00:00,leaf5,sg10,obt-collector1,3,11,38,24,,,,,,,0,0,1,1,Null interface,IFT_NULL

2020-02-05 01:54:16.246000+00:00,leaf5,sg10,obt-collector1,3,11,38,24,,,,,,,0,0,1,1,Null interface,IFT_NULL

2020-02-05 01:54:26.267000+00:00,leaf5,sg10,obt-collector1,3,11,38,24,,,,,,,0,0,1,1,Null interface,IFT_NULL

2020-02-05 01:54:36.264000+00:00,leaf5,sg10,obt-collector1,3,11,38,24,,,,,,,0,0,1,1,Null interface,IFT_NULL

2020-02-05 01:54:46.254000+00:00,leaf5,sg10,obt-collector1,3,11,38,24,,,,,,,0,0,1,1,Null interface,IFT_NULL

2020-02-05 01:54:56.251000+00:00,leaf5,sg10,obt-collector1,3,11,38,24,,,,,,,0,0,1,1,Null interface,IFT_NULL

2020-02-05 01:55:06.308000+00:00,leaf5,sg10,obt-collector1,3,11,38,24,,,,,,,0,0,1,1,Null interface,IFT_NULL

2020-02-05 01:55:16.240000+00:00,leaf5,sg10,obt-collector1,3,11,38,24,,,,,,,0,0,1,1,Null interface,IFT_NULL

2020-02-05 01:55:26.309000+00:00,leaf5,sg10,obt-collector1,3,11,38,24,,,,,,,0,0,1,1,Null interface,IFT_NULL

2020-02-05 01:55:36.248000+00:00,leaf5,sg10,obt-collector1,3,11,38,24,,,,,,,0,0,1,1,Null interface,IFT_NULL

2020-02-05 01:55:46.257000+00:00,leaf5,sg10,obt-collector1,3,11,38,24,,,,,,,0,0,1,1,Null interface,IFT_NULL

2020-02-05 01:55:56.257000+00:00,leaf5,sg10,obt-collector1,3,11,38,24,,,,,,,0,0,1,1,Null interface,IFT_NULL

2020-02-05 01:56:06.251000+00:00,leaf5,sg10,obt-collector1,3,11,38,24,,,,,,,0,0,1,1,Null interface,IFT_NULL

2020-02-05 01:56:16.260000+00:00,leaf5,sg10,obt-collector1,3,11,38,24,,,,,,,0,0,1,1,Null interface,IFT_NULL

2020-02-05 01:56:26.248000+00:00,leaf5,sg10,obt-collector1,3,11,38,24,,,,,,,0,0,1,1,Null interface,IFT_NULL

2020-02-05 01:56:36.312000+00:00,leaf5,sg10,obt-collector1,3,11,38,24,,,,,,,0,0,1,1,Null interface,IFT_NULL

2020-02-05 01:56:46.260000+00:00,leaf5,sg10,obt-collector1,3,11,38,24,,,,,,,0,0,1,1,Null interface,IFT_NULL

2020-02-05 01:56:56.320000+00:00,leaf5,sg10,obt-collector1,3,11,38,24,,,,,,,0,0,1,1,Null interface,IFT_NULL

2020-02-05 01:57:06.257000+00:00,leaf5,sg10,obt-collector1,3,11,38,24,,,,,,,0,0,1,1,Null interface,IFT_NULL

2020-02-05 01:57:16.277000+00:00,leaf5,sg10,obt-collector1,3,11,38,24,,,,,,,0,0,1,1,Null interface,IFT_NULL

2020-02-05 01:57:26.267000+00:00,leaf5,sg10,obt-collector1,3,11,38,24,,,,,,,0,0,1,1,Null interface,IFT_NULL

2020-02-05 01:57:36.249000+00:00,leaf5,sg10,obt-collector1,3,11,38,24,,,,,,,0,0,1,1,Null interface,IFT_NULL

2020-02-05 01:57:46.265000+00:00,leaf5,sg10,obt-collector1,3,11,38,24,,,,,,,0,0,1,1,Null interface,IFT_NULL

2020-02-05 01:57:56.265000+00:00,leaf5,sg10,obt-collector1,3,11,38,24,,,,,,,0,0,1,1,Null interface,IFT_NULL

2020-02-05 01:58:06.270000+00:00,leaf5,sg10,obt-collector1,3,11,38,24,,,,,,,0,0,1,1,Null interface,IFT_NULL

2020-02-05 01:58:16.256000+00:00,leaf5,sg10,obt-collector1,3,11,38,24,,,,,,,0,0,1,1,Null interface,IFT_NULL

2020-02-05 01:58:26.261000+00:00,leaf5,sg10,obt-collector1,3,11,38,24,,,,,,,0,0,1,1,Null interface,IFT_NULL

2020-02-05 01:58:36.261000+00:00,leaf5,sg10,obt-collector1,3,11,38,24,,,,,,,0,0,1,1,Null interface,IFT_NULL

2020-02-05 01:58:46.296000+00:00,leaf5,sg10,obt-collector1,3,11,38,24,,,,,,,0,0,1,1,Null interface,IFT_NULL

2020-02-05 01:58:56.262000+00:00,leaf5,sg10,obt-collector1,3,11,38,24,,,,,,,0,0,1,1,Null interface,IFT_NULL

2020-02-05 01:59:06.254000+00:00,leaf5,sg10,obt-collector1,3,11,38,24,,,,,,,0,0,1,1,Null interface,IFT_NULL

2020-02-05 01:59:16.264000+00:00,leaf5,sg10,obt-collector1,3,11,38,24,,,,,,,0,0,1,1,Null interface,IFT_NULL

2020-02-05 01:59:26.263000+00:00,leaf5,sg10,obt-collector1,3,11,38,24,,,,,,,0,0,1,1,Null interface,IFT_NULL

2020-02-05 01:59:36.261000+00:00,leaf5,sg10,obt-collector1,3,11,38,24,,,,,,,0,0,1,1,Null interface,IFT_NULL

2020-02-05 01:59:46.255000+00:00,leaf5,sg10,obt-collector1,3,11,38,24,,,,,,,0,0,1,1,Null interface,IFT_NULL

2020-02-05 01:59:56.259000+00:00,leaf5,sg10,obt-collector1,3,11,38,24,,,,,,,0,0,1,1,Null interface,IFT_NULL

2020-02-05 02:00:06.258000+00:00,leaf5,sg10,obt-collector1,3,11,38,24,,,,,,,0,0,1,1,Null interface,IFT_NULL

2020-02-05 02:00:16.329000+00:00,leaf5,sg10,obt-collector1,3,11,38,24,,,,,,,0,0,1,1,Null interface,IFT_NULL

2020-02-05 02:00:26.248000+00:00,leaf5,sg10,obt-collector1,3,11,38,24,,,,,,,0,0,1,1,Null interface,IFT_NULL

2020-02-05 02:00:36.281000+00:00,leaf5,sg10,obt-collector1,3,11,38,24,,,,,,,0,0,1,1,Null interface,IFT_NULL

2020-02-05 02:00:46.253000+00:00,leaf5,sg10,obt-collector1,3,11,38,24,,,,,,,0,0,1,1,Null interface,IFT_NULL

2020-02-05 02:00:56.260000+00:00,leaf5,sg10,obt-collector1,3,11,38,24,,,,,,,0,0,1,1,Null interface,IFT_NULL

2020-02-05 02:01:06.273000+00:00,leaf5,sg10,obt-collector1,3,11,38,24,,,,,,,0,0,1,1,Null interface,IFT_NULL

2020-02-05 02:01:16.249000+00:00,leaf5,sg10,obt-collector1,3,11,38,24,,,,,,,0,0,1,1,Null interface,IFT_NULL

2020-02-05 02:01:26.271000+00:00,leaf5,sg10,obt-collector1,3,11,38,24,,,,,,,0,0,1,1,Null interface,IFT_NULL

2020-02-05 02:01:36.261000+00:00,leaf5,sg10,obt-collector1,3,11,38,24,,,,,,,0,0,1,1,Null interface,IFT_NULL

2020-02-05 02:01:46.271000+00:00,leaf5,sg10,obt-collector1,3,11,38,24,,,,,,,0,0,1,1,Null interface,IFT_NULL

2020-02-05 02:01:56.274000+00:00,leaf5,sg10,obt-collector1,3,11,38,24,,,,,,,0,0,1,1,Null interface,IFT_NULL

2020-02-05 02:02:06.353000+00:00,leaf5,sg10,obt-collector1,3,11,38,24,,,,,,,0,0,1,1,Null interface,IFT_NULL

2020-02-05 02:02:16.283000+00:00,leaf5,sg10,obt-collector1,3,11,38,24,,,,,,,0,0,1,1,Null interface,IFT_NULL

2020-02-05 02:02:26.291000+00:00,leaf5,sg10,obt-collector1,3,11,38,24,,,,,,,0,0,1,1,Null interface,IFT_NULL

2020-02-05 02:02:36.267000+00:00,leaf5,sg10,obt-collector1,3,11,38,24,,,,,,,0,0,1,1,Null interface,IFT_NULL

2020-02-05 02:02:46.270000+00:00,leaf5,sg10,obt-collector1,3,11,38,24,,,,,,,0,0,1,1,Null interface,IFT_NULL

2020-02-05 02:02:56.265000+00:00,leaf5,sg10,obt-collector1,3,11,38,24,,,,,,,0,0,1,1,Null interface,IFT_NULL

2020-02-05 02:03:06.258000+00:00,leaf5,sg10,obt-collector1,3,11,38,24,,,,,,,0,0,1,1,Null interface,IFT_NULL

2020-02-05 02:03:16.275000+00:00,leaf5,sg10,obt-collector1,3,11,38,24,,,,,,,0,0,1,1,Null interface,IFT_NULL

2020-02-05 02:03:26.264000+00:00,leaf5,sg10,obt-collector1,3,11,38,24,,,,,,,0,0,1,1,Null interface,IFT_NULL

2020-02-05 02:03:36.346000+00:00,leaf5,sg10,obt-collector1,3,11,38,24,,,,,,,0,0,1,1,Null interface,IFT_NULL

2020-02-05 02:03:46.266000+00:00,leaf5,sg10,obt-collector1,3,11,38,24,,,,,,,0,0,1,1,Null interface,IFT_NULL

2020-02-05 02:03:56.355000+00:00,leaf5,sg10,obt-collector1,3,11,38,24,,,,,,,0,0,1,1,Null interface,IFT_NULL

2020-02-05 02:04:06.272000+00:00,leaf5,sg10,obt-collector1,3,11,38,24,,,,,,,0,0,1,1,Null interface,IFT_NULL

2020-02-05 02:04:16.353000+00:00,leaf5,sg10,obt-collector1,3,11,38,24,,,,,,,0,0,1,1,Null interface,IFT_NULL

2020-02-05 02:04:26.309000+00:00,leaf5,sg10,obt-collector1,3,11,38,24,,,,,,,0,0,1,1,Null interface,IFT_NULL

2020-02-05 02:04:36.279000+00:00,leaf5,sg10,obt-collector1,3,11,38,24,,,,,,,0,0,1,1,Null interface,IFT_NULL

2020-02-05 02:04:46.274000+00:00,leaf5,sg10,obt-collector1,3,11,38,24,,,,,,,0,0,1,1,Null interface,IFT_NULL

2020-02-05 02:04:56.293000+00:00,leaf5,sg10,obt-collector1,3,11,38,24,,,,,,,0,0,1,1,Null interface,IFT_NULL

2020-02-05 02:05:06.292000+00:00,leaf5,sg10,obt-collector1,3,11,38,24,,,,,,,0,0,1,1,Null interface,IFT_NULL

2020-02-05 02:05:16.277000+00:00,leaf5,sg10,obt-collector1,3,11,38,24,,,,,,,0,0,1,1,Null interface,IFT_NULL

2020-02-05 02:05:26.322000+00:00,leaf5,sg10,obt-collector1,3,11,38,24,,,,,,,0,0,1,1,Null interface,IFT_NULL

