,Producer,Target,host,icmp-stats/admin-unreachable-received,icmp-stats/admin-unreachable-sent,icmp-stats/checksum-error,icmp-stats/echo-reply-received,icmp-stats/echo-reply-sent,icmp-stats/echo-request-received,icmp-stats/echo-request-sent,icmp-stats/fragment-unreachable-received,icmp-stats/fragment-unreachable-sent,icmp-stats/hopcount-received,icmp-stats/hopcount-sent,icmp-stats/host-unreachable-received,icmp-stats/host-unreachable-sent,icmp-stats/mask-reply-received,icmp-stats/mask-reply-sent,icmp-stats/mask-request-received,icmp-stats/mask-request-sent,icmp-stats/network-unreachable-received,icmp-stats/network-unreachable-sent,icmp-stats/output,icmp-stats/param-error-received,icmp-stats/param-error-send,icmp-stats/port-unreachable-received,icmp-stats/port-unreachable-sent,icmp-stats/protocol-unreachable-received,icmp-stats/protocol-unreachable-sent,icmp-stats/reassebly-received,icmp-stats/reassembly-sent,icmp-stats/received,icmp-stats/redirect-received,icmp-stats/redirect-send,icmp-stats/router-advert-received,icmp-stats/router-solicit-received,icmp-stats/source-quench-received,icmp-stats/timestamp-received,icmp-stats/timestamp-reply-received,icmp-stats/unknown,ipv4-stats/bad-header,ipv4-stats/bad-hop-count,ipv4-stats/bad-option,ipv4-stats/bad-security-option,ipv4-stats/bad-source-address,ipv4-stats/basic-security-option,ipv4-stats/broadcast-in,ipv4-stats/broadcast-out,ipv4-stats/cipso-option,ipv4-stats/encapsulation-failed,ipv4-stats/end-option,ipv4-stats/extended-security-option,ipv4-stats/format-errors,ipv4-stats/fragment-count,ipv4-stats/input-packets,ipv4-stats/lisp-decap-error,ipv4-stats/lisp-encap-error,ipv4-stats/lisp-v4-decap,ipv4-stats/lisp-v4-encap,ipv4-stats/lisp-v6-decap,ipv4-stats/lisp-v6-encap,ipv4-stats/loose-source-route-option,ipv4-stats/multicast-in,ipv4-stats/multicast-out,ipv4-stats/no-gateway,ipv4-stats/no-protocol,ipv4-stats/no-router,ipv4-stats/noop-option,ipv4-stats/options-present,ipv4-stats/packet-too-big,ipv4-stats/packets-forwarded,ipv4-stats/packets-fragmented,ipv4-stats/packets-output,ipv4-stats/reassemble-failed,ipv4-stats/reassemble-input,ipv4-stats/reassemble-max-drop,ipv4-stats/reassemble-timeout,ipv4-stats/reassembled,ipv4-stats/received-packets,ipv4-stats/record-route-option,ipv4-stats/router-alert-option,ipv4-stats/sid-option,ipv4-stats/strict-source-route-option,ipv4-stats/timestamp-option,ipv4-stats/unknown-option,node-name

2020-02-05 01:51:26.599000+00:00,leaf8,sg3,obt-collector1,0,0,0,0,0,0,0,0,0,0,4677,0,556,0,0,0,0,0,0,4955,0,0,0,0,0,0,0,0,0,0,0,0,0,0,0,0,0,0,0,0,0,0,0,0,0,0,0,0,0,0,0,0,0,0,0,0,0,0,0,0,0,0,0,0,0,0,0,0,0,49386423,0,0,0,0,0,0,0,0,0,0,0,0,0/0/CPU0

2020-02-05 01:51:26.601000+00:00,leaf8,sg3,obt-collector1,0,0,0,0,14741,14741,6,16,0,15,0,278,0,0,0,30,0,0,0,16269,0,0,369,1492,16,30,0,0,15495,0,0,0,0,0,30,0,0,0,0,0,0,0,0,0,0,0,0,0,0,0,0,123258306,0,0,0,0,0,0,0,0,0,0,30,1,0,73073,0,0,14,193494517,0,0,0,0,0,123189813,0,73073,0,0,0,0,0/RP0/CPU0

2020-02-05 01:51:36.607000+00:00,leaf8,sg3,obt-collector1,0,0,0,0,0,0,0,0,0,0,4677,0,556,0,0,0,0,0,0,4955,0,0,0,0,0,0,0,0,0,0,0,0,0,0,0,0,0,0,0,0,0,0,0,0,0,0,0,0,0,0,0,0,0,0,0,0,0,0,0,0,0,0,0,0,0,0,0,0,0,49386620,0,0,0,0,0,0,0,0,0,0,0,0,0/0/CPU0

2020-02-05 01:51:36.610000+00:00,leaf8,sg3,obt-collector1,0,0,0,0,14741,14741,6,16,0,15,0,278,0,0,0,30,0,0,0,16269,0,0,369,1492,16,30,0,0,15495,0,0,0,0,0,30,0,0,0,0,0,0,0,0,0,0,0,0,0,0,0,0,123258557,0,0,0,0,0,0,0,0,0,0,30,1,0,73073,0,0,14,193495971,0,0,0,0,0,123190064,0,73073,0,0,0,0,0/RP0/CPU0

2020-02-05 01:51:46.624000+00:00,leaf8,sg3,obt-collector1,0,0,0,0,0,0,0,0,0,0,4677,0,556,0,0,0,0,0,0,4955,0,0,0,0,0,0,0,0,0,0,0,0,0,0,0,0,0,0,0,0,0,0,0,0,0,0,0,0,0,0,0,0,0,0,0,0,0,0,0,0,0,0,0,0,0,0,0,0,0,49386718,0,0,0,0,0,0,0,0,0,0,0,0,0/0/CPU0

2020-02-05 01:51:46.626000+00:00,leaf8,sg3,obt-collector1,0,0,0,0,14741,14741,6,16,0,15,0,278,0,0,0,30,0,0,0,16269,0,0,369,1492,16,30,0,0,15495,0,0,0,0,0,30,0,0,0,0,0,0,0,0,0,0,0,0,0,0,0,0,123258762,0,0,0,0,0,0,0,0,0,0,30,1,0,73074,0,0,14,193497395,0,0,0,0,0,123190268,0,73074,0,0,0,0,0/RP0/CPU0

2020-02-05 01:51:56.631000+00:00,leaf8,sg3,obt-collector1,0,0,0,0,0,0,0,0,0,0,4677,0,556,0,0,0,0,0,0,4955,0,0,0,0,0,0,0,0,0,0,0,0,0,0,0,0,0,0,0,0,0,0,0,0,0,0,0,0,0,0,0,0,0,0,0,0,0,0,0,0,0,0,0,0,0,0,0,0,0,49386956,0,0,0,0,0,0,0,0,0,0,0,0,0/0/CPU0

2020-02-05 01:51:56.634000+00:00,leaf8,sg3,obt-collector1,0,0,0,0,14741,14741,6,16,0,15,0,278,0,0,0,30,0,0,0,16269,0,0,369,1492,16,30,0,0,15495,0,0,0,0,0,30,0,0,0,0,0,0,0,0,0,0,0,0,0,0,0,0,123258953,0,0,0,0,0,0,0,0,0,0,30,1,0,73074,0,0,14,193498822,0,0,0,0,0,123190459,0,73074,0,0,0,0,0/RP0/CPU0

2020-02-05 01:52:06.644000+00:00,leaf8,sg3,obt-collector1,0,0,0,0,0,0,0,0,0,0,4677,0,556,0,0,0,0,0,0,4955,0,0,0,0,0,0,0,0,0,0,0,0,0,0,0,0,0,0,0,0,0,0,0,0,0,0,0,0,0,0,0,0,0,0,0,0,0,0,0,0,0,0,0,0,0,0,0,0,0,49387274,0,0,0,0,0,0,0,0,0,0,0,0,0/0/CPU0

2020-02-05 01:52:06.647000+00:00,leaf8,sg3,obt-collector1,0,0,0,0,14741,14741,6,16,0,15,0,278,0,0,0,30,0,0,0,16269,0,0,369,1492,16,30,0,0,15495,0,0,0,0,0,30,0,0,0,0,0,0,0,0,0,0,0,0,0,0,0,0,123259186,0,0,0,0,0,0,0,0,0,0,30,1,0,73074,0,0,14,193500248,0,0,0,0,0,123190692,0,73074,0,0,0,0,0/RP0/CPU0

2020-02-05 01:52:16.653000+00:00,leaf8,sg3,obt-collector1,0,0,0,0,0,0,0,0,0,0,4677,0,556,0,0,0,0,0,0,4955,0,0,0,0,0,0,0,0,0,0,0,0,0,0,0,0,0,0,0,0,0,0,0,0,0,0,0,0,0,0,0,0,0,0,0,0,0,0,0,0,0,0,0,0,0,0,0,0,0,49387644,0,0,0,0,0,0,0,0,0,0,0,0,0/0/CPU0

2020-02-05 01:52:16.656000+00:00,leaf8,sg3,obt-collector1,0,0,0,0,14741,14741,6,16,0,15,0,278,0,0,0,30,0,0,0,16269,0,0,369,1492,16,30,0,0,15495,0,0,0,0,0,30,0,0,0,0,0,0,0,0,0,0,0,0,0,0,0,0,123259426,0,0,0,0,0,0,0,0,0,0,30,1,0,73074,0,0,14,193501425,0,0,0,0,0,123190932,0,73074,0,0,0,0,0/RP0/CPU0

2020-02-05 01:52:26.666000+00:00,leaf8,sg3,obt-collector1,0,0,0,0,0,0,0,0,0,0,4677,0,556,0,0,0,0,0,0,4955,0,0,0,0,0,0,0,0,0,0,0,0,0,0,0,0,0,0,0,0,0,0,0,0,0,0,0,0,0,0,0,0,0,0,0,0,0,0,0,0,0,0,0,0,0,0,0,0,0,49387673,0,0,0,0,0,0,0,0,0,0,0,0,0/0/CPU0

2020-02-05 01:52:26.672000+00:00,leaf8,sg3,obt-collector1,0,0,0,0,14741,14741,6,16,0,15,0,278,0,0,0,30,0,0,0,16269,0,0,369,1492,16,30,0,0,15495,0,0,0,0,0,30,0,0,0,0,0,0,0,0,0,0,0,0,0,0,0,0,123259630,0,0,0,0,0,0,0,0,0,0,30,1,0,73074,0,0,14,193502852,0,0,0,0,0,123191136,0,73074,0,0,0,0,0/RP0/CPU0

2020-02-05 01:52:36.677000+00:00,leaf8,sg3,obt-collector1,0,0,0,0,0,0,0,0,0,0,4677,0,556,0,0,0,0,0,0,4955,0,0,0,0,0,0,0,0,0,0,0,0,0,0,0,0,0,0,0,0,0,0,0,0,0,0,0,0,0,0,0,0,0,0,0,0,0,0,0,0,0,0,0,0,0,0,0,0,0,49387680,0,0,0,0,0,0,0,0,0,0,0,0,0/0/CPU0

2020-02-05 01:52:36.684000+00:00,leaf8,sg3,obt-collector1,0,0,0,0,14741,14741,6,16,0,15,0,278,0,0,0,30,0,0,0,16269,0,0,369,1492,16,30,0,0,15495,0,0,0,0,0,30,0,0,0,0,0,0,0,0,0,0,0,0,0,0,0,0,123259893,0,0,0,0,0,0,0,0,0,0,30,1,0,73074,0,0,14,193504294,0,0,0,0,0,123191399,0,73074,0,0,0,0,0/RP0/CPU0

2020-02-05 01:52:46.694000+00:00,leaf8,sg3,obt-collector1,0,0,0,0,0,0,0,0,0,0,4677,0,556,0,0,0,0,0,0,4955,0,0,0,0,0,0,0,0,0,0,0,0,0,0,0,0,0,0,0,0,0,0,0,0,0,0,0,0,0,0,0,0,0,0,0,0,0,0,0,0,0,0,0,0,0,0,0,0,0,49387916,0,0,0,0,0,0,0,0,0,0,0,0,0/0/CPU0

2020-02-05 01:52:46.701000+00:00,leaf8,sg3,obt-collector1,0,0,0,0,14741,14741,6,16,0,15,0,278,0,0,0,30,0,0,0,16269,0,0,369,1492,16,30,0,0,15495,0,0,0,0,0,30,0,0,0,0,0,0,0,0,0,0,0,0,0,0,0,0,123260209,0,0,0,0,0,0,0,0,0,0,30,1,0,73075,0,0,14,193505686,0,0,0,0,0,123191714,0,73075,0,0,0,0,0/RP0/CPU0

2020-02-05 01:52:56.722000+00:00,leaf8,sg3,obt-collector1,0,0,0,0,0,0,0,0,0,0,4677,0,556,0,0,0,0,0,0,4955,0,0,0,0,0,0,0,0,0,0,0,0,0,0,0,0,0,0,0,0,0,0,0,0,0,0,0,0,0,0,0,0,0,0,0,0,0,0,0,0,0,0,0,0,0,0,0,0,0,49388076,0,0,0,0,0,0,0,0,0,0,0,0,0/0/CPU0

2020-02-05 01:52:56.725000+00:00,leaf8,sg3,obt-collector1,0,0,0,0,14741,14741,6,16,0,15,0,278,0,0,0,30,0,0,0,16269,0,0,369,1492,16,30,0,0,15495,0,0,0,0,0,30,0,0,0,0,0,0,0,0,0,0,0,0,0,0,0,0,123260443,0,0,0,0,0,0,0,0,0,0,30,1,0,73075,0,0,14,193507111,0,0,0,0,0,123191948,0,73075,0,0,0,0,0/RP0/CPU0

2020-02-05 01:53:06.730000+00:00,leaf8,sg3,obt-collector1,0,0,0,0,0,0,0,0,0,0,4677,0,556,0,0,0,0,0,0,4955,0,0,0,0,0,0,0,0,0,0,0,0,0,0,0,0,0,0,0,0,0,0,0,0,0,0,0,0,0,0,0,0,0,0,0,0,0,0,0,0,0,0,0,0,0,0,0,0,0,49388085,0,0,0,0,0,0,0,0,0,0,0,0,0/0/CPU0

2020-02-05 01:53:06.731000+00:00,leaf8,sg3,obt-collector1,0,0,0,0,14741,14741,6,16,0,15,0,278,0,0,0,30,0,0,0,16269,0,0,369,1492,16,30,0,0,15495,0,0,0,0,0,30,0,0,0,0,0,0,0,0,0,0,0,0,0,0,0,0,123260647,0,0,0,0,0,0,0,0,0,0,30,1,0,73075,0,0,14,193508544,0,0,0,0,0,123192152,0,73075,0,0,0,0,0/RP0/CPU0

2020-02-05 01:53:16.737000+00:00,leaf8,sg3,obt-collector1,0,0,0,0,0,0,0,0,0,0,4677,0,556,0,0,0,0,0,0,4955,0,0,0,0,0,0,0,0,0,0,0,0,0,0,0,0,0,0,0,0,0,0,0,0,0,0,0,0,0,0,0,0,0,0,0,0,0,0,0,0,0,0,0,0,0,0,0,0,0,49388257,0,0,0,0,0,0,0,0,0,0,0,0,0/0/CPU0

2020-02-05 01:53:16.740000+00:00,leaf8,sg3,obt-collector1,0,0,0,0,14741,14741,6,16,0,15,0,278,0,0,0,30,0,0,0,16269,0,0,369,1492,16,30,0,0,15495,0,0,0,0,0,30,0,0,0,0,0,0,0,0,0,0,0,0,0,0,0,0,123260868,0,0,0,0,0,0,0,0,0,0,30,1,0,73075,0,0,14,193509692,0,0,0,0,0,123192373,0,73075,0,0,0,0,0/RP0/CPU0

2020-02-05 01:53:26.749000+00:00,leaf8,sg3,obt-collector1,0,0,0,0,0,0,0,0,0,0,4677,0,556,0,0,0,0,0,0,4955,0,0,0,0,0,0,0,0,0,0,0,0,0,0,0,0,0,0,0,0,0,0,0,0,0,0,0,0,0,0,0,0,0,0,0,0,0,0,0,0,0,0,0,0,0,0,0,0,0,49388550,0,0,0,0,0,0,0,0,0,0,0,0,0/0/CPU0

2020-02-05 01:53:26.751000+00:00,leaf8,sg3,obt-collector1,0,0,0,0,14741,14741,6,16,0,15,0,278,0,0,0,30,0,0,0,16269,0,0,369,1492,16,30,0,0,15495,0,0,0,0,0,30,0,0,0,0,0,0,0,0,0,0,0,0,0,0,0,0,123261089,0,0,0,0,0,0,0,0,0,0,30,1,0,73075,0,0,14,193511017,0,0,0,0,0,123192594,0,73075,0,0,0,0,0/RP0/CPU0

2020-02-05 01:53:36.759000+00:00,leaf8,sg3,obt-collector1,0,0,0,0,0,0,0,0,0,0,4677,0,556,0,0,0,0,0,0,4955,0,0,0,0,0,0,0,0,0,0,0,0,0,0,0,0,0,0,0,0,0,0,0,0,0,0,0,0,0,0,0,0,0,0,0,0,0,0,0,0,0,0,0,0,0,0,0,0,0,49388569,0,0,0,0,0,0,0,0,0,0,0,0,0/0/CPU0

2020-02-05 01:53:36.761000+00:00,leaf8,sg3,obt-collector1,0,0,0,0,14742,14742,6,16,0,15,0,278,0,0,0,30,0,0,0,16270,0,0,369,1492,16,30,0,0,15496,0,0,0,0,0,30,0,0,0,0,0,0,0,0,0,0,0,0,0,0,0,0,123261348,0,0,0,0,0,0,0,0,0,0,30,1,0,73075,0,0,14,193512487,0,0,0,0,0,123192853,0,73075,0,0,0,0,0/RP0/CPU0

2020-02-05 01:53:46.767000+00:00,leaf8,sg3,obt-collector1,0,0,0,0,0,0,0,0,0,0,4677,0,556,0,0,0,0,0,0,4955,0,0,0,0,0,0,0,0,0,0,0,0,0,0,0,0,0,0,0,0,0,0,0,0,0,0,0,0,0,0,0,0,0,0,0,0,0,0,0,0,0,0,0,0,0,0,0,0,0,49389217,0,0,0,0,0,0,0,0,0,0,0,0,0/0/CPU0

2020-02-05 01:53:46.772000+00:00,leaf8,sg3,obt-collector1,0,0,0,0,14742,14742,6,16,0,15,0,278,0,0,0,30,0,0,0,16270,0,0,369,1492,16,30,0,0,15496,0,0,0,0,0,30,0,0,0,0,0,0,0,0,0,0,0,0,0,0,0,0,123261569,0,0,0,0,0,0,0,0,0,0,30,1,0,73076,0,0,14,193513908,0,0,0,0,0,123193074,0,73076,0,0,0,0,0/RP0/CPU0

2020-02-05 01:53:56.784000+00:00,leaf8,sg3,obt-collector1,0,0,0,0,0,0,0,0,0,0,4677,0,556,0,0,0,0,0,0,4955,0,0,0,0,0,0,0,0,0,0,0,0,0,0,0,0,0,0,0,0,0,0,0,0,0,0,0,0,0,0,0,0,0,0,0,0,0,0,0,0,0,0,0,0,0,0,0,0,0,49389292,0,0,0,0,0,0,0,0,0,0,0,0,0/0/CPU0

2020-02-05 01:53:56.787000+00:00,leaf8,sg3,obt-collector1,0,0,0,0,14742,14742,6,16,0,15,0,278,0,0,0,30,0,0,0,16270,0,0,369,1492,16,30,0,0,15496,0,0,0,0,0,30,0,0,0,0,0,0,0,0,0,0,0,0,0,0,0,0,123261770,0,0,0,0,0,0,0,0,0,0,30,1,0,73076,0,0,14,193515341,0,0,0,0,0,123193274,0,73076,0,0,0,0,0/RP0/CPU0

2020-02-05 01:54:06.799000+00:00,leaf8,sg3,obt-collector1,0,0,0,0,0,0,0,0,0,0,4677,0,556,0,0,0,0,0,0,4955,0,0,0,0,0,0,0,0,0,0,0,0,0,0,0,0,0,0,0,0,0,0,0,0,0,0,0,0,0,0,0,0,0,0,0,0,0,0,0,0,0,0,0,0,0,0,0,0,0,49389588,0,0,0,0,0,0,0,0,0,0,0,0,0/0/CPU0

2020-02-05 01:54:06.801000+00:00,leaf8,sg3,obt-collector1,0,0,0,0,14742,14742,6,16,0,15,0,278,0,0,0,30,0,0,0,16270,0,0,369,1492,16,30,0,0,15496,0,0,0,0,0,30,0,0,0,0,0,0,0,0,0,0,0,0,0,0,0,0,123261991,0,0,0,0,0,0,0,0,0,0,30,1,0,73076,0,0,14,193516524,0,0,0,0,0,123193495,0,73076,0,0,0,0,0/RP0/CPU0

2020-02-05 01:54:16.813000+00:00,leaf8,sg3,obt-collector1,0,0,0,0,0,0,0,0,0,0,4677,0,556,0,0,0,0,0,0,4955,0,0,0,0,0,0,0,0,0,0,0,0,0,0,0,0,0,0,0,0,0,0,0,0,0,0,0,0,0,0,0,0,0,0,0,0,0,0,0,0,0,0,0,0,0,0,0,0,0,49389766,0,0,0,0,0,0,0,0,0,0,0,0,0/0/CPU0

2020-02-05 01:54:16.815000+00:00,leaf8,sg3,obt-collector1,0,0,0,0,14742,14742,6,16,0,15,0,278,0,0,0,30,0,0,0,16270,0,0,369,1492,16,30,0,0,15496,0,0,0,0,0,30,0,0,0,0,0,0,0,0,0,0,0,0,0,0,0,0,123262215,0,0,0,0,0,0,0,0,0,0,30,1,0,73076,0,0,14,193517945,0,0,0,0,0,123193719,0,73076,0,0,0,0,0/RP0/CPU0

2020-02-05 01:54:26.822000+00:00,leaf8,sg3,obt-collector1,0,0,0,0,0,0,0,0,0,0,4677,0,556,0,0,0,0,0,0,4955,0,0,0,0,0,0,0,0,0,0,0,0,0,0,0,0,0,0,0,0,0,0,0,0,0,0,0,0,0,0,0,0,0,0,0,0,0,0,0,0,0,0,0,0,0,0,0,0,0,49390075,0,0,0,0,0,0,0,0,0,0,0,0,0/0/CPU0

2020-02-05 01:54:26.825000+00:00,leaf8,sg3,obt-collector1,0,0,0,0,14742,14742,6,16,0,15,0,278,0,0,0,30,0,0,0,16270,0,0,369,1492,16,30,0,0,15496,0,0,0,0,0,30,0,0,0,0,0,0,0,0,0,0,0,0,0,0,0,0,123262676,0,0,0,0,0,0,0,0,0,0,30,1,0,73076,0,0,14,193519611,0,0,0,0,0,123194180,0,73076,0,0,0,0,0/RP0/CPU0

2020-02-05 01:54:36.832000+00:00,leaf8,sg3,obt-collector1,0,0,0,0,0,0,0,0,0,0,4677,0,556,0,0,0,0,0,0,4955,0,0,0,0,0,0,0,0,0,0,0,0,0,0,0,0,0,0,0,0,0,0,0,0,0,0,0,0,0,0,0,0,0,0,0,0,0,0,0,0,0,0,0,0,0,0,0,0,0,49390282,0,0,0,0,0,0,0,0,0,0,0,0,0/0/CPU0

2020-02-05 01:54:36.835000+00:00,leaf8,sg3,obt-collector1,0,0,0,0,14742,14742,6,16,0,15,0,278,0,0,0,30,0,0,0,16270,0,0,369,1492,16,30,0,0,15496,0,0,0,0,0,30,0,0,0,0,0,0,0,0,0,0,0,0,0,0,0,0,123262982,0,0,0,0,0,0,0,0,0,0,30,1,0,73076,0,0,14,193521138,0,0,0,0,0,123194486,0,73076,0,0,0,0,0/RP0/CPU0

2020-02-05 01:54:46.841000+00:00,leaf8,sg3,obt-collector1,0,0,0,0,0,0,0,0,0,0,4677,0,556,0,0,0,0,0,0,4955,0,0,0,0,0,0,0,0,0,0,0,0,0,0,0,0,0,0,0,0,0,0,0,0,0,0,0,0,0,0,0,0,0,0,0,0,0,0,0,0,0,0,0,0,0,0,0,0,0,49390330,0,0,0,0,0,0,0,0,0,0,0,0,0/0/CPU0

2020-02-05 01:54:46.843000+00:00,leaf8,sg3,obt-collector1,0,0,0,0,14742,14742,6,16,0,15,0,278,0,0,0,30,0,0,0,16270,0,0,369,1492,16,30,0,0,15496,0,0,0,0,0,30,0,0,0,0,0,0,0,0,0,0,0,0,0,0,0,0,123263223,0,0,0,0,0,0,0,0,0,0,30,1,0,73077,0,0,14,193522582,0,0,0,0,0,123194727,0,73077,0,0,0,0,0/RP0/CPU0

2020-02-05 01:54:56.853000+00:00,leaf8,sg3,obt-collector1,0,0,0,0,0,0,0,0,0,0,4677,0,556,0,0,0,0,0,0,4955,0,0,0,0,0,0,0,0,0,0,0,0,0,0,0,0,0,0,0,0,0,0,0,0,0,0,0,0,0,0,0,0,0,0,0,0,0,0,0,0,0,0,0,0,0,0,0,0,0,49390455,0,0,0,0,0,0,0,0,0,0,0,0,0/0/CPU0

2020-02-05 01:54:56.856000+00:00,leaf8,sg3,obt-collector1,0,0,0,0,14742,14742,6,16,0,15,0,278,0,0,0,30,0,0,0,16270,0,0,369,1492,16,30,0,0,15496,0,0,0,0,0,30,0,0,0,0,0,0,0,0,0,0,0,0,0,0,0,0,123263425,0,0,0,0,0,0,0,0,0,0,30,1,0,73077,0,0,14,193523754,0,0,0,0,0,123194928,0,73077,0,0,0,0,0/RP0/CPU0

2020-02-05 01:55:06.861000+00:00,leaf8,sg3,obt-collector1,0,0,0,0,0,0,0,0,0,0,4677,0,556,0,0,0,0,0,0,4955,0,0,0,0,0,0,0,0,0,0,0,0,0,0,0,0,0,0,0,0,0,0,0,0,0,0,0,0,0,0,0,0,0,0,0,0,0,0,0,0,0,0,0,0,0,0,0,0,0,49390799,0,0,0,0,0,0,0,0,0,0,0,0,0/0/CPU0

2020-02-05 01:55:06.863000+00:00,leaf8,sg3,obt-collector1,0,0,0,0,14742,14742,6,16,0,15,0,278,0,0,0,30,0,0,0,16270,0,0,369,1492,16,30,0,0,15496,0,0,0,0,0,30,0,0,0,0,0,0,0,0,0,0,0,0,0,0,0,0,123263677,0,0,0,0,0,0,0,0,0,0,30,1,0,73077,0,0,14,193525200,0,0,0,0,0,123195180,0,73077,0,0,0,0,0/RP0/CPU0

2020-02-05 01:55:16.871000+00:00,leaf8,sg3,obt-collector1,0,0,0,0,0,0,0,0,0,0,4677,0,556,0,0,0,0,0,0,4955,0,0,0,0,0,0,0,0,0,0,0,0,0,0,0,0,0,0,0,0,0,0,0,0,0,0,0,0,0,0,0,0,0,0,0,0,0,0,0,0,0,0,0,0,0,0,0,0,0,49391385,0,0,0,0,0,0,0,0,0,0,0,0,0/0/CPU0

2020-02-05 01:55:16.873000+00:00,leaf8,sg3,obt-collector1,0,0,0,0,14742,14742,6,16,0,15,0,278,0,0,0,30,0,0,0,16270,0,0,369,1492,16,30,0,0,15496,0,0,0,0,0,30,0,0,0,0,0,0,0,0,0,0,0,0,0,0,0,0,123263902,0,0,0,0,0,0,0,0,0,0,30,1,0,73077,0,0,14,193526623,0,0,0,0,0,123195405,0,73077,0,0,0,0,0/RP0/CPU0

2020-02-05 01:55:26.894000+00:00,leaf8,sg3,obt-collector1,0,0,0,0,0,0,0,0,0,0,4677,0,556,0,0,0,0,0,0,4955,0,0,0,0,0,0,0,0,0,0,0,0,0,0,0,0,0,0,0,0,0,0,0,0,0,0,0,0,0,0,0,0,0,0,0,0,0,0,0,0,0,0,0,0,0,0,0,0,0,49391445,0,0,0,0,0,0,0,0,0,0,0,0,0/0/CPU0

2020-02-05 01:55:26.896000+00:00,leaf8,sg3,obt-collector1,0,0,0,0,14742,14742,6,16,0,15,0,278,0,0,0,30,0,0,0,16270,0,0,369,1492,16,30,0,0,15496,0,0,0,0,0,30,0,0,0,0,0,0,0,0,0,0,0,0,0,0,0,0,123264114,0,0,0,0,0,0,0,0,0,0,30,1,0,73077,0,0,14,193528047,0,0,0,0,0,123195617,0,73077,0,0,0,0,0/RP0/CPU0

2020-02-05 01:55:36.902000+00:00,leaf8,sg3,obt-collector1,0,0,0,0,0,0,0,0,0,0,4677,0,556,0,0,0,0,0,0,4955,0,0,0,0,0,0,0,0,0,0,0,0,0,0,0,0,0,0,0,0,0,0,0,0,0,0,0,0,0,0,0,0,0,0,0,0,0,0,0,0,0,0,0,0,0,0,0,0,0,49391686,0,0,0,0,0,0,0,0,0,0,0,0,0/0/CPU0

2020-02-05 01:55:36.904000+00:00,leaf8,sg3,obt-collector1,0,0,0,0,14742,14742,6,16,0,15,0,278,0,0,0,30,0,0,0,16270,0,0,369,1492,16,30,0,0,15496,0,0,0,0,0,30,0,0,0,0,0,0,0,0,0,0,0,0,0,0,0,0,123264362,0,0,0,0,0,0,0,0,0,0,30,1,0,73077,0,0,14,193529478,0,0,0,0,0,123195865,0,73077,0,0,0,0,0/RP0/CPU0

2020-02-05 01:55:46.911000+00:00,leaf8,sg3,obt-collector1,0,0,0,0,0,0,0,0,0,0,4677,0,556,0,0,0,0,0,0,4955,0,0,0,0,0,0,0,0,0,0,0,0,0,0,0,0,0,0,0,0,0,0,0,0,0,0,0,0,0,0,0,0,0,0,0,0,0,0,0,0,0,0,0,0,0,0,0,0,0,49392070,0,0,0,0,0,0,0,0,0,0,0,0,0/0/CPU0

2020-02-05 01:55:46.913000+00:00,leaf8,sg3,obt-collector1,0,0,0,0,14742,14742,6,16,0,15,0,278,0,0,0,30,0,0,0,16270,0,0,369,1492,16,30,0,0,15496,0,0,0,0,0,30,0,0,0,0,0,0,0,0,0,0,0,0,0,0,0,0,123264592,0,0,0,0,0,0,0,0,0,0,30,1,0,73078,0,0,14,193530642,0,0,0,0,0,123196095,0,73078,0,0,0,0,0/RP0/CPU0

2020-02-05 01:55:56.921000+00:00,leaf8,sg3,obt-collector1,0,0,0,0,0,0,0,0,0,0,4677,0,556,0,0,0,0,0,0,4955,0,0,0,0,0,0,0,0,0,0,0,0,0,0,0,0,0,0,0,0,0,0,0,0,0,0,0,0,0,0,0,0,0,0,0,0,0,0,0,0,0,0,0,0,0,0,0,0,0,49392108,0,0,0,0,0,0,0,0,0,0,0,0,0/0/CPU0

2020-02-05 01:55:56.923000+00:00,leaf8,sg3,obt-collector1,0,0,0,0,14742,14742,6,16,0,15,0,278,0,0,0,30,0,0,0,16270,0,0,369,1492,16,30,0,0,15496,0,0,0,0,0,30,0,0,0,0,0,0,0,0,0,0,0,0,0,0,0,0,123264819,0,0,0,0,0,0,0,0,0,0,30,1,0,73078,0,0,14,193531983,0,0,0,0,0,123196322,0,73078,0,0,0,0,0/RP0/CPU0

2020-02-05 01:56:06.931000+00:00,leaf8,sg3,obt-collector1,0,0,0,0,0,0,0,0,0,0,4677,0,556,0,0,0,0,0,0,4955,0,0,0,0,0,0,0,0,0,0,0,0,0,0,0,0,0,0,0,0,0,0,0,0,0,0,0,0,0,0,0,0,0,0,0,0,0,0,0,0,0,0,0,0,0,0,0,0,0,49392156,0,0,0,0,0,0,0,0,0,0,0,0,0/0/CPU0

2020-02-05 01:56:06.938000+00:00,leaf8,sg3,obt-collector1,0,0,0,0,14742,14742,6,16,0,15,0,278,0,0,0,30,0,0,0,16270,0,0,369,1492,16,30,0,0,15496,0,0,0,0,0,30,0,0,0,0,0,0,0,0,0,0,0,0,0,0,0,0,123265052,0,0,0,0,0,0,0,0,0,0,30,1,0,73078,0,0,14,193533284,0,0,0,0,0,123196554,0,73078,0,0,0,0,0/RP0/CPU0

2020-02-05 01:56:16.952000+00:00,leaf8,sg3,obt-collector1,0,0,0,0,0,0,0,0,0,0,4677,0,556,0,0,0,0,0,0,4955,0,0,0,0,0,0,0,0,0,0,0,0,0,0,0,0,0,0,0,0,0,0,0,0,0,0,0,0,0,0,0,0,0,0,0,0,0,0,0,0,0,0,0,0,0,0,0,0,0,49392332,0,0,0,0,0,0,0,0,0,0,0,0,0/0/CPU0

2020-02-05 01:56:16.955000+00:00,leaf8,sg3,obt-collector1,0,0,0,0,14742,14742,6,16,0,15,0,278,0,0,0,30,0,0,0,16270,0,0,369,1492,16,30,0,0,15496,0,0,0,0,0,30,0,0,0,0,0,0,0,0,0,0,0,0,0,0,0,0,123265274,0,0,0,0,0,0,0,0,0,0,30,1,0,73078,0,0,14,193534704,0,0,0,0,0,123196776,0,73078,0,0,0,0,0/RP0/CPU0

2020-02-05 01:56:26.969000+00:00,leaf8,sg3,obt-collector1,0,0,0,0,0,0,0,0,0,0,4677,0,556,0,0,0,0,0,0,4955,0,0,0,0,0,0,0,0,0,0,0,0,0,0,0,0,0,0,0,0,0,0,0,0,0,0,0,0,0,0,0,0,0,0,0,0,0,0,0,0,0,0,0,0,0,0,0,0,0,49392577,0,0,0,0,0,0,0,0,0,0,0,0,0/0/CPU0

2020-02-05 01:56:26.975000+00:00,leaf8,sg3,obt-collector1,0,0,0,0,14742,14742,6,16,0,15,0,278,0,0,0,30,0,0,0,16270,0,0,369,1492,16,30,0,0,15496,0,0,0,0,0,30,0,0,0,0,0,0,0,0,0,0,0,0,0,0,0,0,123265482,0,0,0,0,0,0,0,0,0,0,30,1,0,73078,0,0,14,193536129,0,0,0,0,0,123196984,0,73078,0,0,0,0,0/RP0/CPU0

2020-02-05 01:56:36.981000+00:00,leaf8,sg3,obt-collector1,0,0,0,0,0,0,0,0,0,0,4677,0,556,0,0,0,0,0,0,4955,0,0,0,0,0,0,0,0,0,0,0,0,0,0,0,0,0,0,0,0,0,0,0,0,0,0,0,0,0,0,0,0,0,0,0,0,0,0,0,0,0,0,0,0,0,0,0,0,0,49392804,0,0,0,0,0,0,0,0,0,0,0,0,0/0/CPU0

2020-02-05 01:56:36.984000+00:00,leaf8,sg3,obt-collector1,0,0,0,0,14742,14742,6,16,0,15,0,278,0,0,0,30,0,0,0,16270,0,0,369,1492,16,30,0,0,15496,0,0,0,0,0,30,0,0,0,0,0,0,0,0,0,0,0,0,0,0,0,0,123265707,0,0,0,0,0,0,0,0,0,0,30,1,0,73078,0,0,14,193537511,0,0,0,0,0,123197209,0,73078,0,0,0,0,0/RP0/CPU0

2020-02-05 01:56:46.991000+00:00,leaf8,sg3,obt-collector1,0,0,0,0,0,0,0,0,0,0,4677,0,556,0,0,0,0,0,0,4955,0,0,0,0,0,0,0,0,0,0,0,0,0,0,0,0,0,0,0,0,0,0,0,0,0,0,0,0,0,0,0,0,0,0,0,0,0,0,0,0,0,0,0,0,0,0,0,0,0,49393007,0,0,0,0,0,0,0,0,0,0,0,0,0/0/CPU0

2020-02-05 01:56:46.995000+00:00,leaf8,sg3,obt-collector1,0,0,0,0,14742,14742,6,16,0,15,0,278,0,0,0,30,0,0,0,16270,0,0,369,1492,16,30,0,0,15496,0,0,0,0,0,30,0,0,0,0,0,0,0,0,0,0,0,0,0,0,0,0,123265935,0,0,0,0,0,0,0,0,0,0,30,1,0,73079,0,0,14,193538684,0,0,0,0,0,123197437,0,73079,0,0,0,0,0/RP0/CPU0

2020-02-05 01:56:57.001000+00:00,leaf8,sg3,obt-collector1,0,0,0,0,0,0,0,0,0,0,4677,0,556,0,0,0,0,0,0,4955,0,0,0,0,0,0,0,0,0,0,0,0,0,0,0,0,0,0,0,0,0,0,0,0,0,0,0,0,0,0,0,0,0,0,0,0,0,0,0,0,0,0,0,0,0,0,0,0,0,49393141,0,0,0,0,0,0,0,0,0,0,0,0,0/0/CPU0

2020-02-05 01:56:57.003000+00:00,leaf8,sg3,obt-collector1,0,0,0,0,14742,14742,6,16,0,15,0,278,0,0,0,30,0,0,0,16270,0,0,369,1492,16,30,0,0,15496,0,0,0,0,0,30,0,0,0,0,0,0,0,0,0,0,0,0,0,0,0,0,123266152,0,0,0,0,0,0,0,0,0,0,30,1,0,73079,0,0,14,193540106,0,0,0,0,0,123197654,0,73079,0,0,0,0,0/RP0/CPU0

2020-02-05 01:57:07.008000+00:00,leaf8,sg3,obt-collector1,0,0,0,0,0,0,0,0,0,0,4677,0,556,0,0,0,0,0,0,4955,0,0,0,0,0,0,0,0,0,0,0,0,0,0,0,0,0,0,0,0,0,0,0,0,0,0,0,0,0,0,0,0,0,0,0,0,0,0,0,0,0,0,0,0,0,0,0,0,0,49393193,0,0,0,0,0,0,0,0,0,0,0,0,0/0/CPU0

2020-02-05 01:57:07.010000+00:00,leaf8,sg3,obt-collector1,0,0,0,0,14742,14742,6,16,0,15,0,278,0,0,0,30,0,0,0,16270,0,0,369,1492,16,30,0,0,15496,0,0,0,0,0,30,0,0,0,0,0,0,0,0,0,0,0,0,0,0,0,0,123266374,0,0,0,0,0,0,0,0,0,0,30,1,0,73079,0,0,14,193541533,0,0,0,0,0,123197875,0,73079,0,0,0,0,0/RP0/CPU0

2020-02-05 01:57:17.017000+00:00,leaf8,sg3,obt-collector1,0,0,0,0,0,0,0,0,0,0,4677,0,556,0,0,0,0,0,0,4955,0,0,0,0,0,0,0,0,0,0,0,0,0,0,0,0,0,0,0,0,0,0,0,0,0,0,0,0,0,0,0,0,0,0,0,0,0,0,0,0,0,0,0,0,0,0,0,0,0,49393777,0,0,0,0,0,0,0,0,0,0,0,0,0/0/CPU0

2020-02-05 01:57:17.019000+00:00,leaf8,sg3,obt-collector1,0,0,0,0,14742,14742,6,16,0,15,0,278,0,0,0,30,0,0,0,16270,0,0,369,1492,16,30,0,0,15496,0,0,0,0,0,30,0,0,0,0,0,0,0,0,0,0,0,0,0,0,0,0,123266604,0,0,0,0,0,0,0,0,0,0,30,1,0,73079,0,0,14,193542954,0,0,0,0,0,123198105,0,73079,0,0,0,0,0/RP0/CPU0

2020-02-05 01:57:27.031000+00:00,leaf8,sg3,obt-collector1,0,0,0,0,0,0,0,0,0,0,4677,0,556,0,0,0,0,0,0,4955,0,0,0,0,0,0,0,0,0,0,0,0,0,0,0,0,0,0,0,0,0,0,0,0,0,0,0,0,0,0,0,0,0,0,0,0,0,0,0,0,0,0,0,0,0,0,0,0,0,49393809,0,0,0,0,0,0,0,0,0,0,0,0,0/0/CPU0

2020-02-05 01:57:27.034000+00:00,leaf8,sg3,obt-collector1,0,0,0,0,14742,14742,6,16,0,15,0,278,0,0,0,30,0,0,0,16270,0,0,369,1492,16,30,0,0,15496,0,0,0,0,0,30,0,0,0,0,0,0,0,0,0,0,0,0,0,0,0,0,123266823,0,0,0,0,0,0,0,0,0,0,30,1,0,73079,0,0,14,193544386,0,0,0,0,0,123198324,0,73079,0,0,0,0,0/RP0/CPU0

2020-02-05 01:57:37.042000+00:00,leaf8,sg3,obt-collector1,0,0,0,0,0,0,0,0,0,0,4677,0,556,0,0,0,0,0,0,4955,0,0,0,0,0,0,0,0,0,0,0,0,0,0,0,0,0,0,0,0,0,0,0,0,0,0,0,0,0,0,0,0,0,0,0,0,0,0,0,0,0,0,0,0,0,0,0,0,0,49394021,0,0,0,0,0,0,0,0,0,0,0,0,0/0/CPU0

2020-02-05 01:57:37.044000+00:00,leaf8,sg3,obt-collector1,0,0,0,0,14742,14742,6,16,0,15,0,278,0,0,0,30,0,0,0,16270,0,0,369,1492,16,30,0,0,15496,0,0,0,0,0,30,0,0,0,0,0,0,0,0,0,0,0,0,0,0,0,0,123267049,0,0,0,0,0,0,0,0,0,0,30,1,0,73079,0,0,14,193545566,0,0,0,0,0,123198550,0,73079,0,0,0,0,0/RP0/CPU0

2020-02-05 01:57:47.054000+00:00,leaf8,sg3,obt-collector1,0,0,0,0,0,0,0,0,0,0,4677,0,556,0,0,0,0,0,0,4955,0,0,0,0,0,0,0,0,0,0,0,0,0,0,0,0,0,0,0,0,0,0,0,0,0,0,0,0,0,0,0,0,0,0,0,0,0,0,0,0,0,0,0,0,0,0,0,0,0,49394140,0,0,0,0,0,0,0,0,0,0,0,0,0/0/CPU0

2020-02-05 01:57:47.057000+00:00,leaf8,sg3,obt-collector1,0,0,0,0,14742,14742,6,16,0,15,0,278,0,0,0,30,0,0,0,16270,0,0,369,1492,16,30,0,0,15496,0,0,0,0,0,30,0,0,0,0,0,0,0,0,0,0,0,0,0,0,0,0,123267230,0,0,0,0,0,0,0,0,0,0,30,1,0,73080,0,0,14,193546989,0,0,0,0,0,123198731,0,73080,0,0,0,0,0/RP0/CPU0

2020-02-05 01:57:57.063000+00:00,leaf8,sg3,obt-collector1,0,0,0,0,0,0,0,0,0,0,4677,0,556,0,0,0,0,0,0,4955,0,0,0,0,0,0,0,0,0,0,0,0,0,0,0,0,0,0,0,0,0,0,0,0,0,0,0,0,0,0,0,0,0,0,0,0,0,0,0,0,0,0,0,0,0,0,0,0,0,49394244,0,0,0,0,0,0,0,0,0,0,0,0,0/0/CPU0

2020-02-05 01:57:57.065000+00:00,leaf8,sg3,obt-collector1,0,0,0,0,14742,14742,6,16,0,15,0,278,0,0,0,30,0,0,0,16270,0,0,369,1492,16,30,0,0,15496,0,0,0,0,0,30,0,0,0,0,0,0,0,0,0,0,0,0,0,0,0,0,123267428,0,0,0,0,0,0,0,0,0,0,30,1,0,73080,0,0,14,193548406,0,0,0,0,0,123198929,0,73080,0,0,0,0,0/RP0/CPU0

2020-02-05 01:58:07.070000+00:00,leaf8,sg3,obt-collector1,0,0,0,0,0,0,0,0,0,0,4677,0,556,0,0,0,0,0,0,4955,0,0,0,0,0,0,0,0,0,0,0,0,0,0,0,0,0,0,0,0,0,0,0,0,0,0,0,0,0,0,0,0,0,0,0,0,0,0,0,0,0,0,0,0,0,0,0,0,0,49394489,0,0,0,0,0,0,0,0,0,0,0,0,0/0/CPU0

2020-02-05 01:58:07.071000+00:00,leaf8,sg3,obt-collector1,0,0,0,0,14742,14742,6,16,0,15,0,278,0,0,0,30,0,0,0,16270,0,0,369,1492,16,30,0,0,15496,0,0,0,0,0,30,0,0,0,0,0,0,0,0,0,0,0,0,0,0,0,0,123267665,0,0,0,0,0,0,0,0,0,0,30,1,0,73080,0,0,14,193549838,0,0,0,0,0,123199165,0,73080,0,0,0,0,0/RP0/CPU0

2020-02-05 01:58:17.083000+00:00,leaf8,sg3,obt-collector1,0,0,0,0,0,0,0,0,0,0,4677,0,556,0,0,0,0,0,0,4955,0,0,0,0,0,0,0,0,0,0,0,0,0,0,0,0,0,0,0,0,0,0,0,0,0,0,0,0,0,0,0,0,0,0,0,0,0,0,0,0,0,0,0,0,0,0,0,0,0,49394990,0,0,0,0,0,0,0,0,0,0,0,0,0/0/CPU0

2020-02-05 01:58:17.087000+00:00,leaf8,sg3,obt-collector1,0,0,0,0,14742,14742,6,16,0,15,0,278,0,0,0,30,0,0,0,16270,0,0,369,1492,16,30,0,0,15496,0,0,0,0,0,30,0,0,0,0,0,0,0,0,0,0,0,0,0,0,0,0,123267886,0,0,0,0,0,0,0,0,0,0,30,1,0,73080,0,0,14,193551162,0,0,0,0,0,123199386,0,73080,0,0,0,0,0/RP0/CPU0

2020-02-05 01:58:27.096000+00:00,leaf8,sg3,obt-collector1,0,0,0,0,0,0,0,0,0,0,4677,0,556,0,0,0,0,0,0,4955,0,0,0,0,0,0,0,0,0,0,0,0,0,0,0,0,0,0,0,0,0,0,0,0,0,0,0,0,0,0,0,0,0,0,0,0,0,0,0,0,0,0,0,0,0,0,0,0,0,49395046,0,0,0,0,0,0,0,0,0,0,0,0,0/0/CPU0

2020-02-05 01:58:27.098000+00:00,leaf8,sg3,obt-collector1,0,0,0,0,14743,14743,6,16,0,15,0,278,0,0,0,30,0,0,0,16271,0,0,369,1492,16,30,0,0,15497,0,0,0,0,0,30,0,0,0,0,0,0,0,0,0,0,0,0,0,0,0,0,123268150,0,0,0,0,0,0,0,0,0,0,30,1,0,73080,0,0,14,193552216,0,0,0,0,0,123199650,0,73080,0,0,0,0,0/RP0/CPU0

2020-02-05 01:58:37.108000+00:00,leaf8,sg3,obt-collector1,0,0,0,0,0,0,0,0,0,0,4677,0,556,0,0,0,0,0,0,4955,0,0,0,0,0,0,0,0,0,0,0,0,0,0,0,0,0,0,0,0,0,0,0,0,0,0,0,0,0,0,0,0,0,0,0,0,0,0,0,0,0,0,0,0,0,0,0,0,0,49395067,0,0,0,0,0,0,0,0,0,0,0,0,0/0/CPU0

2020-02-05 01:58:37.110000+00:00,leaf8,sg3,obt-collector1,0,0,0,0,14743,14743,6,16,0,15,0,278,0,0,0,30,0,0,0,16271,0,0,369,1492,16,30,0,0,15497,0,0,0,0,0,30,0,0,0,0,0,0,0,0,0,0,0,0,0,0,0,0,123268363,0,0,0,0,0,0,0,0,0,0,30,1,0,73080,0,0,14,193553266,0,0,0,0,0,123199863,0,73080,0,0,0,0,0/RP0/CPU0

2020-02-05 01:58:47.116000+00:00,leaf8,sg3,obt-collector1,0,0,0,0,0,0,0,0,0,0,4677,0,556,0,0,0,0,0,0,4955,0,0,0,0,0,0,0,0,0,0,0,0,0,0,0,0,0,0,0,0,0,0,0,0,0,0,0,0,0,0,0,0,0,0,0,0,0,0,0,0,0,0,0,0,0,0,0,0,0,49395208,0,0,0,0,0,0,0,0,0,0,0,0,0/0/CPU0

2020-02-05 01:58:47.118000+00:00,leaf8,sg3,obt-collector1,0,0,0,0,14743,14743,6,16,0,15,0,278,0,0,0,30,0,0,0,16271,0,0,369,1492,16,30,0,0,15497,0,0,0,0,0,30,0,0,0,0,0,0,0,0,0,0,0,0,0,0,0,0,123268552,0,0,0,0,0,0,0,0,0,0,30,1,0,73081,0,0,14,193554693,0,0,0,0,0,123200052,0,73081,0,0,0,0,0/RP0/CPU0

2020-02-05 01:58:57.124000+00:00,leaf8,sg3,obt-collector1,0,0,0,0,0,0,0,0,0,0,4677,0,556,0,0,0,0,0,0,4955,0,0,0,0,0,0,0,0,0,0,0,0,0,0,0,0,0,0,0,0,0,0,0,0,0,0,0,0,0,0,0,0,0,0,0,0,0,0,0,0,0,0,0,0,0,0,0,0,0,49395484,0,0,0,0,0,0,0,0,0,0,0,0,0/0/CPU0

2020-02-05 01:58:57.126000+00:00,leaf8,sg3,obt-collector1,0,0,0,0,14743,14743,6,16,0,15,0,278,0,0,0,30,0,0,0,16271,0,0,369,1492,16,30,0,0,15497,0,0,0,0,0,30,0,0,0,0,0,0,0,0,0,0,0,0,0,0,0,0,123268739,0,0,0,0,0,0,0,0,0,0,30,1,0,73081,0,0,14,193556116,0,0,0,0,0,123200239,0,73081,0,0,0,0,0/RP0/CPU0

2020-02-05 01:59:07.137000+00:00,leaf8,sg3,obt-collector1,0,0,0,0,0,0,0,0,0,0,4677,0,556,0,0,0,0,0,0,4955,0,0,0,0,0,0,0,0,0,0,0,0,0,0,0,0,0,0,0,0,0,0,0,0,0,0,0,0,0,0,0,0,0,0,0,0,0,0,0,0,0,0,0,0,0,0,0,0,0,49395724,0,0,0,0,0,0,0,0,0,0,0,0,0/0/CPU0

2020-02-05 01:59:07.142000+00:00,leaf8,sg3,obt-collector1,0,0,0,0,14743,14743,6,16,0,15,0,278,0,0,0,30,0,0,0,16271,0,0,369,1492,16,30,0,0,15497,0,0,0,0,0,30,0,0,0,0,0,0,0,0,0,0,0,0,0,0,0,0,123268948,0,0,0,0,0,0,0,0,0,0,30,1,0,73081,0,0,14,193557528,0,0,0,0,0,123200448,0,73081,0,0,0,0,0/RP0/CPU0

2020-02-05 01:59:17.152000+00:00,leaf8,sg3,obt-collector1,0,0,0,0,0,0,0,0,0,0,4677,0,556,0,0,0,0,0,0,4955,0,0,0,0,0,0,0,0,0,0,0,0,0,0,0,0,0,0,0,0,0,0,0,0,0,0,0,0,0,0,0,0,0,0,0,0,0,0,0,0,0,0,0,0,0,0,0,0,0,49395733,0,0,0,0,0,0,0,0,0,0,0,0,0/0/CPU0

2020-02-05 01:59:17.155000+00:00,leaf8,sg3,obt-collector1,0,0,0,0,14743,14743,6,16,0,15,0,278,0,0,0,30,0,0,0,16271,0,0,369,1492,16,30,0,0,15497,0,0,0,0,0,30,0,0,0,0,0,0,0,0,0,0,0,0,0,0,0,0,123269169,0,0,0,0,0,0,0,0,0,0,30,1,0,73081,0,0,14,193558949,0,0,0,0,0,123200668,0,73081,0,0,0,0,0/RP0/CPU0

2020-02-05 01:59:27.172000+00:00,leaf8,sg3,obt-collector1,0,0,0,0,0,0,0,0,0,0,4677,0,556,0,0,0,0,0,0,4955,0,0,0,0,0,0,0,0,0,0,0,0,0,0,0,0,0,0,0,0,0,0,0,0,0,0,0,0,0,0,0,0,0,0,0,0,0,0,0,0,0,0,0,0,0,0,0,0,0,49395956,0,0,0,0,0,0,0,0,0,0,0,0,0/0/CPU0

2020-02-05 01:59:27.175000+00:00,leaf8,sg3,obt-collector1,0,0,0,0,14743,14743,6,16,0,15,0,278,0,0,0,30,0,0,0,16271,0,0,369,1492,16,30,0,0,15497,0,0,0,0,0,30,0,0,0,0,0,0,0,0,0,0,0,0,0,0,0,0,123269706,0,0,0,0,0,0,0,0,0,0,30,1,0,73081,0,0,14,193560442,0,0,0,0,0,123201205,0,73081,0,0,0,0,0/RP0/CPU0

2020-02-05 01:59:37.188000+00:00,leaf8,sg3,obt-collector1,0,0,0,0,0,0,0,0,0,0,4677,0,556,0,0,0,0,0,0,4955,0,0,0,0,0,0,0,0,0,0,0,0,0,0,0,0,0,0,0,0,0,0,0,0,0,0,0,0,0,0,0,0,0,0,0,0,0,0,0,0,0,0,0,0,0,0,0,0,0,49395963,0,0,0,0,0,0,0,0,0,0,0,0,0/0/CPU0

2020-02-05 01:59:37.190000+00:00,leaf8,sg3,obt-collector1,0,0,0,0,14743,14743,6,16,0,15,0,278,0,0,0,30,0,0,0,16271,0,0,369,1492,16,30,0,0,15497,0,0,0,0,0,30,0,0,0,0,0,0,0,0,0,0,0,0,0,0,0,0,123269981,0,0,0,0,0,0,0,0,0,0,30,1,0,73081,0,0,14,193561898,0,0,0,0,0,123201480,0,73081,0,0,0,0,0/RP0/CPU0

2020-02-05 01:59:47.196000+00:00,leaf8,sg3,obt-collector1,0,0,0,0,0,0,0,0,0,0,4677,0,556,0,0,0,0,0,0,4955,0,0,0,0,0,0,0,0,0,0,0,0,0,0,0,0,0,0,0,0,0,0,0,0,0,0,0,0,0,0,0,0,0,0,0,0,0,0,0,0,0,0,0,0,0,0,0,0,0,49396454,0,0,0,0,0,0,0,0,0,0,0,0,0/0/CPU0

2020-02-05 01:59:47.198000+00:00,leaf8,sg3,obt-collector1,0,0,0,0,14743,14743,6,16,0,15,0,278,0,0,0,30,0,0,0,16271,0,0,369,1492,16,30,0,0,15497,0,0,0,0,0,30,0,0,0,0,0,0,0,0,0,0,0,0,0,0,0,0,123270271,0,0,0,0,0,0,0,0,0,0,30,1,0,73082,0,0,14,193563341,0,0,0,0,0,123201770,0,73082,0,0,0,0,0/RP0/CPU0

2020-02-05 01:59:57.206000+00:00,leaf8,sg3,obt-collector1,0,0,0,0,0,0,0,0,0,0,4677,0,556,0,0,0,0,0,0,4955,0,0,0,0,0,0,0,0,0,0,0,0,0,0,0,0,0,0,0,0,0,0,0,0,0,0,0,0,0,0,0,0,0,0,0,0,0,0,0,0,0,0,0,0,0,0,0,0,0,49396496,0,0,0,0,0,0,0,0,0,0,0,0,0/0/CPU0

2020-02-05 01:59:57.208000+00:00,leaf8,sg3,obt-collector1,0,0,0,0,14743,14743,6,16,0,15,0,278,0,0,0,30,0,0,0,16271,0,0,369,1492,16,30,0,0,15497,0,0,0,0,0,30,0,0,0,0,0,0,0,0,0,0,0,0,0,0,0,0,123270546,0,0,0,0,0,0,0,0,0,0,30,1,0,73082,0,0,14,193564753,0,0,0,0,0,123202045,0,73082,0,0,0,0,0/RP0/CPU0

2020-02-05 02:00:07.217000+00:00,leaf8,sg3,obt-collector1,0,0,0,0,0,0,0,0,0,0,4677,0,556,0,0,0,0,0,0,4955,0,0,0,0,0,0,0,0,0,0,0,0,0,0,0,0,0,0,0,0,0,0,0,0,0,0,0,0,0,0,0,0,0,0,0,0,0,0,0,0,0,0,0,0,0,0,0,0,0,49396501,0,0,0,0,0,0,0,0,0,0,0,0,0/0/CPU0

2020-02-05 02:00:07.219000+00:00,leaf8,sg3,obt-collector1,0,0,0,0,14743,14743,6,16,0,15,0,278,0,0,0,30,0,0,0,16271,0,0,369,1492,16,30,0,0,15497,0,0,0,0,0,30,0,0,0,0,0,0,0,0,0,0,0,0,0,0,0,0,123270768,0,0,0,0,0,0,0,0,0,0,30,1,0,73082,0,0,14,193566164,0,0,0,0,0,123202267,0,73082,0,0,0,0,0/RP0/CPU0

2020-02-05 02:00:17.227000+00:00,leaf8,sg3,obt-collector1,0,0,0,0,0,0,0,0,0,0,4677,0,556,0,0,0,0,0,0,4955,0,0,0,0,0,0,0,0,0,0,0,0,0,0,0,0,0,0,0,0,0,0,0,0,0,0,0,0,0,0,0,0,0,0,0,0,0,0,0,0,0,0,0,0,0,0,0,0,0,49396783,0,0,0,0,0,0,0,0,0,0,0,0,0/0/CPU0

2020-02-05 02:00:17.229000+00:00,leaf8,sg3,obt-collector1,0,0,0,0,14743,14743,6,16,0,15,0,278,0,0,0,30,0,0,0,16271,0,0,369,1492,16,30,0,0,15497,0,0,0,0,0,30,0,0,0,0,0,0,0,0,0,0,0,0,0,0,0,0,123271003,0,0,0,0,0,0,0,0,0,0,30,1,0,73082,0,0,14,193567325,0,0,0,0,0,123202501,0,73082,0,0,0,0,0/RP0/CPU0

2020-02-05 02:00:27.246000+00:00,leaf8,sg3,obt-collector1,0,0,0,0,0,0,0,0,0,0,4677,0,556,0,0,0,0,0,0,4955,0,0,0,0,0,0,0,0,0,0,0,0,0,0,0,0,0,0,0,0,0,0,0,0,0,0,0,0,0,0,0,0,0,0,0,0,0,0,0,0,0,0,0,0,0,0,0,0,0,49397008,0,0,0,0,0,0,0,0,0,0,0,0,0/0/CPU0

2020-02-05 02:00:27.248000+00:00,leaf8,sg3,obt-collector1,0,0,0,0,14743,14743,6,16,0,15,0,278,0,0,0,30,0,0,0,16271,0,0,369,1492,16,30,0,0,15497,0,0,0,0,0,30,0,0,0,0,0,0,0,0,0,0,0,0,0,0,0,0,123271211,0,0,0,0,0,0,0,0,0,0,30,1,0,73082,0,0,14,193568743,0,0,0,0,0,123202709,0,73082,0,0,0,0,0/RP0/CPU0

2020-02-05 02:00:37.255000+00:00,leaf8,sg3,obt-collector1,0,0,0,0,0,0,0,0,0,0,4677,0,556,0,0,0,0,0,0,4955,0,0,0,0,0,0,0,0,0,0,0,0,0,0,0,0,0,0,0,0,0,0,0,0,0,0,0,0,0,0,0,0,0,0,0,0,0,0,0,0,0,0,0,0,0,0,0,0,0,49397256,0,0,0,0,0,0,0,0,0,0,0,0,0/0/CPU0

2020-02-05 02:00:37.257000+00:00,leaf8,sg3,obt-collector1,0,0,0,0,14743,14743,6,16,0,15,0,278,0,0,0,30,0,0,0,16271,0,0,369,1492,16,30,0,0,15497,0,0,0,0,0,30,0,0,0,0,0,0,0,0,0,0,0,0,0,0,0,0,123271422,0,0,0,0,0,0,0,0,0,0,30,1,0,73082,0,0,14,193570165,0,0,0,0,0,123202920,0,73082,0,0,0,0,0/RP0/CPU0

2020-02-05 02:00:47.266000+00:00,leaf8,sg3,obt-collector1,0,0,0,0,0,0,0,0,0,0,4677,0,556,0,0,0,0,0,0,4955,0,0,0,0,0,0,0,0,0,0,0,0,0,0,0,0,0,0,0,0,0,0,0,0,0,0,0,0,0,0,0,0,0,0,0,0,0,0,0,0,0,0,0,0,0,0,0,0,0,49397339,0,0,0,0,0,0,0,0,0,0,0,0,0/0/CPU0

2020-02-05 02:00:47.269000+00:00,leaf8,sg3,obt-collector1,0,0,0,0,14743,14743,6,16,0,15,0,278,0,0,0,30,0,0,0,16271,0,0,369,1492,16,30,0,0,15497,0,0,0,0,0,30,0,0,0,0,0,0,0,0,0,0,0,0,0,0,0,0,123271673,0,0,0,0,0,0,0,0,0,0,30,1,0,73083,0,0,14,193571599,0,0,0,0,0,123203171,0,73083,0,0,0,0,0/RP0/CPU0

2020-02-05 02:00:57.275000+00:00,leaf8,sg3,obt-collector1,0,0,0,0,0,0,0,0,0,0,4677,0,556,0,0,0,0,0,0,4955,0,0,0,0,0,0,0,0,0,0,0,0,0,0,0,0,0,0,0,0,0,0,0,0,0,0,0,0,0,0,0,0,0,0,0,0,0,0,0,0,0,0,0,0,0,0,0,0,0,49397460,0,0,0,0,0,0,0,0,0,0,0,0,0/0/CPU0

2020-02-05 02:00:57.277000+00:00,leaf8,sg3,obt-collector1,0,0,0,0,14743,14743,6,16,0,15,0,278,0,0,0,30,0,0,0,16271,0,0,369,1492,16,30,0,0,15497,0,0,0,0,0,30,0,0,0,0,0,0,0,0,0,0,0,0,0,0,0,0,123271904,0,0,0,0,0,0,0,0,0,0,30,1,0,73083,0,0,14,193572861,0,0,0,0,0,123203402,0,73083,0,0,0,0,0/RP0/CPU0

2020-02-05 02:01:07.282000+00:00,leaf8,sg3,obt-collector1,0,0,0,0,0,0,0,0,0,0,4677,0,556,0,0,0,0,0,0,4955,0,0,0,0,0,0,0,0,0,0,0,0,0,0,0,0,0,0,0,0,0,0,0,0,0,0,0,0,0,0,0,0,0,0,0,0,0,0,0,0,0,0,0,0,0,0,0,0,0,49397493,0,0,0,0,0,0,0,0,0,0,0,0,0/0/CPU0

2020-02-05 02:01:07.287000+00:00,leaf8,sg3,obt-collector1,0,0,0,0,14743,14743,6,16,0,15,0,278,0,0,0,30,0,0,0,16271,0,0,369,1492,16,30,0,0,15497,0,0,0,0,0,30,0,0,0,0,0,0,0,0,0,0,0,0,0,0,0,0,123272119,0,0,0,0,0,0,0,0,0,0,30,1,0,73083,0,0,14,193574288,0,0,0,0,0,123203617,0,73083,0,0,0,0,0/RP0/CPU0

2020-02-05 02:01:17.293000+00:00,leaf8,sg3,obt-collector1,0,0,0,0,0,0,0,0,0,0,4677,0,556,0,0,0,0,0,0,4955,0,0,0,0,0,0,0,0,0,0,0,0,0,0,0,0,0,0,0,0,0,0,0,0,0,0,0,0,0,0,0,0,0,0,0,0,0,0,0,0,0,0,0,0,0,0,0,0,0,49397686,0,0,0,0,0,0,0,0,0,0,0,0,0/0/CPU0

2020-02-05 02:01:17.300000+00:00,leaf8,sg3,obt-collector1,0,0,0,0,14743,14743,6,16,0,15,0,278,0,0,0,30,0,0,0,16271,0,0,369,1492,16,30,0,0,15497,0,0,0,0,0,30,0,0,0,0,0,0,0,0,0,0,0,0,0,0,0,0,123272335,0,0,0,0,0,0,0,0,0,0,30,1,0,73083,0,0,14,193575467,0,0,0,0,0,123203833,0,73083,0,0,0,0,0/RP0/CPU0

2020-02-05 02:01:27.308000+00:00,leaf8,sg3,obt-collector1,0,0,0,0,0,0,0,0,0,0,4677,0,556,0,0,0,0,0,0,4955,0,0,0,0,0,0,0,0,0,0,0,0,0,0,0,0,0,0,0,0,0,0,0,0,0,0,0,0,0,0,0,0,0,0,0,0,0,0,0,0,0,0,0,0,0,0,0,0,0,49397889,0,0,0,0,0,0,0,0,0,0,0,0,0/0/CPU0

2020-02-05 02:01:27.310000+00:00,leaf8,sg3,obt-collector1,0,0,0,0,14743,14743,6,16,0,15,0,278,0,0,0,30,0,0,0,16271,0,0,369,1492,16,30,0,0,15497,0,0,0,0,0,30,0,0,0,0,0,0,0,0,0,0,0,0,0,0,0,0,123272547,0,0,0,0,0,0,0,0,0,0,30,1,0,73083,0,0,14,193576901,0,0,0,0,0,123204044,0,73083,0,0,0,0,0/RP0/CPU0

2020-02-05 02:01:37.322000+00:00,leaf8,sg3,obt-collector1,0,0,0,0,0,0,0,0,0,0,4677,0,556,0,0,0,0,0,0,4955,0,0,0,0,0,0,0,0,0,0,0,0,0,0,0,0,0,0,0,0,0,0,0,0,0,0,0,0,0,0,0,0,0,0,0,0,0,0,0,0,0,0,0,0,0,0,0,0,0,49398072,0,0,0,0,0,0,0,0,0,0,0,0,0/0/CPU0

2020-02-05 02:01:37.325000+00:00,leaf8,sg3,obt-collector1,0,0,0,0,14743,14743,6,16,0,15,0,278,0,0,0,30,0,0,0,16271,0,0,369,1492,16,30,0,0,15497,0,0,0,0,0,30,0,0,0,0,0,0,0,0,0,0,0,0,0,0,0,0,123272743,0,0,0,0,0,0,0,0,0,0,30,1,0,73083,0,0,14,193578324,0,0,0,0,0,123204240,0,73083,0,0,0,0,0/RP0/CPU0

2020-02-05 02:01:47.330000+00:00,leaf8,sg3,obt-collector1,0,0,0,0,0,0,0,0,0,0,4677,0,556,0,0,0,0,0,0,4955,0,0,0,0,0,0,0,0,0,0,0,0,0,0,0,0,0,0,0,0,0,0,0,0,0,0,0,0,0,0,0,0,0,0,0,0,0,0,0,0,0,0,0,0,0,0,0,0,0,49398513,0,0,0,0,0,0,0,0,0,0,0,0,0/0/CPU0

2020-02-05 02:01:47.332000+00:00,leaf8,sg3,obt-collector1,0,0,0,0,14743,14743,6,16,0,15,0,278,0,0,0,30,0,0,0,16271,0,0,369,1492,16,30,0,0,15497,0,0,0,0,0,30,0,0,0,0,0,0,0,0,0,0,0,0,0,0,0,0,123272932,0,0,0,0,0,0,0,0,0,0,30,1,0,73084,0,0,14,193579751,0,0,0,0,0,123204429,0,73084,0,0,0,0,0/RP0/CPU0

2020-02-05 02:01:57.342000+00:00,leaf8,sg3,obt-collector1,0,0,0,0,0,0,0,0,0,0,4677,0,556,0,0,0,0,0,0,4955,0,0,0,0,0,0,0,0,0,0,0,0,0,0,0,0,0,0,0,0,0,0,0,0,0,0,0,0,0,0,0,0,0,0,0,0,0,0,0,0,0,0,0,0,0,0,0,0,0,49398529,0,0,0,0,0,0,0,0,0,0,0,0,0/0/CPU0

2020-02-05 02:01:57.344000+00:00,leaf8,sg3,obt-collector1,0,0,0,0,14743,14743,6,16,0,15,0,278,0,0,0,30,0,0,0,16271,0,0,369,1492,16,30,0,0,15497,0,0,0,0,0,30,0,0,0,0,0,0,0,0,0,0,0,0,0,0,0,0,123273141,0,0,0,0,0,0,0,0,0,0,30,1,0,73084,0,0,14,193581177,0,0,0,0,0,123204638,0,73084,0,0,0,0,0/RP0/CPU0

2020-02-05 02:02:07.355000+00:00,leaf8,sg3,obt-collector1,0,0,0,0,0,0,0,0,0,0,4677,0,556,0,0,0,0,0,0,4955,0,0,0,0,0,0,0,0,0,0,0,0,0,0,0,0,0,0,0,0,0,0,0,0,0,0,0,0,0,0,0,0,0,0,0,0,0,0,0,0,0,0,0,0,0,0,0,0,0,49398716,0,0,0,0,0,0,0,0,0,0,0,0,0/0/CPU0

2020-02-05 02:02:07.357000+00:00,leaf8,sg3,obt-collector1,0,0,0,0,14743,14743,6,16,0,15,0,278,0,0,0,30,0,0,0,16271,0,0,369,1492,16,30,0,0,15497,0,0,0,0,0,30,0,0,0,0,0,0,0,0,0,0,0,0,0,0,0,0,123273375,0,0,0,0,0,0,0,0,0,0,30,1,0,73084,0,0,14,193582349,0,0,0,0,0,123204872,0,73084,0,0,0,0,0/RP0/CPU0

2020-02-05 02:02:17.367000+00:00,leaf8,sg3,obt-collector1,0,0,0,0,0,0,0,0,0,0,4677,0,556,0,0,0,0,0,0,4955,0,0,0,0,0,0,0,0,0,0,0,0,0,0,0,0,0,0,0,0,0,0,0,0,0,0,0,0,0,0,0,0,0,0,0,0,0,0,0,0,0,0,0,0,0,0,0,0,0,49399202,0,0,0,0,0,0,0,0,0,0,0,0,0/0/CPU0

2020-02-05 02:02:17.369000+00:00,leaf8,sg3,obt-collector1,0,0,0,0,14743,14743,6,16,0,15,0,278,0,0,0,30,0,0,0,16271,0,0,369,1492,16,30,0,0,15497,0,0,0,0,0,30,0,0,0,0,0,0,0,0,0,0,0,0,0,0,0,0,123273594,0,0,0,0,0,0,0,0,0,0,30,1,0,73084,0,0,14,193583784,0,0,0,0,0,123205091,0,73084,0,0,0,0,0/RP0/CPU0

2020-02-05 02:02:27.377000+00:00,leaf8,sg3,obt-collector1,0,0,0,0,0,0,0,0,0,0,4677,0,556,0,0,0,0,0,0,4955,0,0,0,0,0,0,0,0,0,0,0,0,0,0,0,0,0,0,0,0,0,0,0,0,0,0,0,0,0,0,0,0,0,0,0,0,0,0,0,0,0,0,0,0,0,0,0,0,0,49399222,0,0,0,0,0,0,0,0,0,0,0,0,0/0/CPU0

2020-02-05 02:02:27.380000+00:00,leaf8,sg3,obt-collector1,0,0,0,0,14743,14743,6,16,0,15,0,278,0,0,0,30,0,0,0,16271,0,0,369,1492,16,30,0,0,15497,0,0,0,0,0,30,0,0,0,0,0,0,0,0,0,0,0,0,0,0,0,0,123273815,0,0,0,0,0,0,0,0,0,0,30,1,0,73084,0,0,14,193585213,0,0,0,0,0,123205311,0,73084,0,0,0,0,0/RP0/CPU0

2020-02-05 02:02:37.386000+00:00,leaf8,sg3,obt-collector1,0,0,0,0,0,0,0,0,0,0,4677,0,556,0,0,0,0,0,0,4955,0,0,0,0,0,0,0,0,0,0,0,0,0,0,0,0,0,0,0,0,0,0,0,0,0,0,0,0,0,0,0,0,0,0,0,0,0,0,0,0,0,0,0,0,0,0,0,0,0,49399229,0,0,0,0,0,0,0,0,0,0,0,0,0/0/CPU0

2020-02-05 02:02:37.389000+00:00,leaf8,sg3,obt-collector1,0,0,0,0,14743,14743,6,16,0,15,0,278,0,0,0,30,0,0,0,16271,0,0,369,1492,16,30,0,0,15497,0,0,0,0,0,30,0,0,0,0,0,0,0,0,0,0,0,0,0,0,0,0,123274015,0,0,0,0,0,0,0,0,0,0,30,1,0,73084,0,0,14,193586642,0,0,0,0,0,123205511,0,73084,0,0,0,0,0/RP0/CPU0

2020-02-05 02:02:47.398000+00:00,leaf8,sg3,obt-collector1,0,0,0,0,0,0,0,0,0,0,4677,0,556,0,0,0,0,0,0,4955,0,0,0,0,0,0,0,0,0,0,0,0,0,0,0,0,0,0,0,0,0,0,0,0,0,0,0,0,0,0,0,0,0,0,0,0,0,0,0,0,0,0,0,0,0,0,0,0,0,49399502,0,0,0,0,0,0,0,0,0,0,0,0,0/0/CPU0

2020-02-05 02:02:47.400000+00:00,leaf8,sg3,obt-collector1,0,0,0,0,14743,14743,6,16,0,15,0,278,0,0,0,30,0,0,0,16271,0,0,369,1492,16,30,0,0,15497,0,0,0,0,0,30,0,0,0,0,0,0,0,0,0,0,0,0,0,0,0,0,123274339,0,0,0,0,0,0,0,0,0,0,30,1,0,73085,0,0,14,193588104,0,0,0,0,0,123205835,0,73085,0,0,0,0,0/RP0/CPU0

2020-02-05 02:02:57.408000+00:00,leaf8,sg3,obt-collector1,0,0,0,0,0,0,0,0,0,0,4677,0,556,0,0,0,0,0,0,4955,0,0,0,0,0,0,0,0,0,0,0,0,0,0,0,0,0,0,0,0,0,0,0,0,0,0,0,0,0,0,0,0,0,0,0,0,0,0,0,0,0,0,0,0,0,0,0,0,0,49399772,0,0,0,0,0,0,0,0,0,0,0,0,0/0/CPU0

2020-02-05 02:02:57.410000+00:00,leaf8,sg3,obt-collector1,0,0,0,0,14743,14743,6,16,0,15,0,278,0,0,0,30,0,0,0,16271,0,0,369,1492,16,30,0,0,15497,0,0,0,0,0,30,0,0,0,0,0,0,0,0,0,0,0,0,0,0,0,0,123274578,0,0,0,0,0,0,0,0,0,0,30,1,0,73085,0,0,14,193589521,0,0,0,0,0,123206074,0,73085,0,0,0,0,0/RP0/CPU0

2020-02-05 02:03:07.428000+00:00,leaf8,sg3,obt-collector1,0,0,0,0,0,0,0,0,0,0,4677,0,556,0,0,0,0,0,0,4955,0,0,0,0,0,0,0,0,0,0,0,0,0,0,0,0,0,0,0,0,0,0,0,0,0,0,0,0,0,0,0,0,0,0,0,0,0,0,0,0,0,0,0,0,0,0,0,0,0,49400111,0,0,0,0,0,0,0,0,0,0,0,0,0/0/CPU0

2020-02-05 02:03:07.431000+00:00,leaf8,sg3,obt-collector1,0,0,0,0,14743,14743,6,16,0,15,0,278,0,0,0,30,0,0,0,16271,0,0,369,1492,16,30,0,0,15497,0,0,0,0,0,30,0,0,0,0,0,0,0,0,0,0,0,0,0,0,0,0,123274808,0,0,0,0,0,0,0,0,0,0,30,1,0,73085,0,0,14,193590691,0,0,0,0,0,123206304,0,73085,0,0,0,0,0/RP0/CPU0

2020-02-05 02:03:17.439000+00:00,leaf8,sg3,obt-collector1,0,0,0,0,0,0,0,0,0,0,4677,0,556,0,0,0,0,0,0,4955,0,0,0,0,0,0,0,0,0,0,0,0,0,0,0,0,0,0,0,0,0,0,0,0,0,0,0,0,0,0,0,0,0,0,0,0,0,0,0,0,0,0,0,0,0,0,0,0,0,49400220,0,0,0,0,0,0,0,0,0,0,0,0,0/0/CPU0

2020-02-05 02:03:17.441000+00:00,leaf8,sg3,obt-collector1,0,0,0,0,14743,14743,6,16,0,15,0,278,0,0,0,30,0,0,0,16271,0,0,369,1492,16,30,0,0,15497,0,0,0,0,0,30,0,0,0,0,0,0,0,0,0,0,0,0,0,0,0,0,123275043,0,0,0,0,0,0,0,0,0,0,30,1,0,73085,0,0,14,193592113,0,0,0,0,0,123206539,0,73085,0,0,0,0,0/RP0/CPU0

2020-02-05 02:03:27.447000+00:00,leaf8,sg3,obt-collector1,0,0,0,0,0,0,0,0,0,0,4677,0,556,0,0,0,0,0,0,4955,0,0,0,0,0,0,0,0,0,0,0,0,0,0,0,0,0,0,0,0,0,0,0,0,0,0,0,0,0,0,0,0,0,0,0,0,0,0,0,0,0,0,0,0,0,0,0,0,0,49400394,0,0,0,0,0,0,0,0,0,0,0,0,0/0/CPU0

2020-02-05 02:03:27.449000+00:00,leaf8,sg3,obt-collector1,0,0,0,0,14743,14743,6,16,0,15,0,278,0,0,0,30,0,0,0,16271,0,0,369,1492,16,30,0,0,15497,0,0,0,0,0,30,0,0,0,0,0,0,0,0,0,0,0,0,0,0,0,0,123275274,0,0,0,0,0,0,0,0,0,0,30,1,0,73085,0,0,14,193593497,0,0,0,0,0,123206769,0,73085,0,0,0,0,0/RP0/CPU0

2020-02-05 02:03:37.455000+00:00,leaf8,sg3,obt-collector1,0,0,0,0,0,0,0,0,0,0,4677,0,556,0,0,0,0,0,0,4955,0,0,0,0,0,0,0,0,0,0,0,0,0,0,0,0,0,0,0,0,0,0,0,0,0,0,0,0,0,0,0,0,0,0,0,0,0,0,0,0,0,0,0,0,0,0,0,0,0,49400492,0,0,0,0,0,0,0,0,0,0,0,0,0/0/CPU0

2020-02-05 02:03:37.457000+00:00,leaf8,sg3,obt-collector1,0,0,0,0,14743,14743,6,16,0,15,0,278,0,0,0,30,0,0,0,16271,0,0,369,1492,16,30,0,0,15497,0,0,0,0,0,30,0,0,0,0,0,0,0,0,0,0,0,0,0,0,0,0,123275474,0,0,0,0,0,0,0,0,0,0,30,1,0,73085,0,0,14,193594810,0,0,0,0,0,123206969,0,73085,0,0,0,0,0/RP0/CPU0

2020-02-05 02:03:47.463000+00:00,leaf8,sg3,obt-collector1,0,0,0,0,0,0,0,0,0,0,4677,0,556,0,0,0,0,0,0,4955,0,0,0,0,0,0,0,0,0,0,0,0,0,0,0,0,0,0,0,0,0,0,0,0,0,0,0,0,0,0,0,0,0,0,0,0,0,0,0,0,0,0,0,0,0,0,0,0,0,49400581,0,0,0,0,0,0,0,0,0,0,0,0,0/0/CPU0

2020-02-05 02:03:47.466000+00:00,leaf8,sg3,obt-collector1,0,0,0,0,14743,14743,6,16,0,15,0,278,0,0,0,30,0,0,0,16271,0,0,369,1492,16,30,0,0,15497,0,0,0,0,0,30,0,0,0,0,0,0,0,0,0,0,0,0,0,0,0,0,123275690,0,0,0,0,0,0,0,0,0,0,30,1,0,73086,0,0,14,193596232,0,0,0,0,0,123207185,0,73086,0,0,0,0,0/RP0/CPU0

2020-02-05 02:03:57.482000+00:00,leaf8,sg3,obt-collector1,0,0,0,0,0,0,0,0,0,0,4677,0,556,0,0,0,0,0,0,4955,0,0,0,0,0,0,0,0,0,0,0,0,0,0,0,0,0,0,0,0,0,0,0,0,0,0,0,0,0,0,0,0,0,0,0,0,0,0,0,0,0,0,0,0,0,0,0,0,0,49400699,0,0,0,0,0,0,0,0,0,0,0,0,0/0/CPU0

2020-02-05 02:03:57.484000+00:00,leaf8,sg3,obt-collector1,0,0,0,0,14743,14743,6,16,0,15,0,278,0,0,0,30,0,0,0,16271,0,0,369,1492,16,30,0,0,15497,0,0,0,0,0,30,0,0,0,0,0,0,0,0,0,0,0,0,0,0,0,0,123275910,0,0,0,0,0,0,0,0,0,0,30,1,0,73086,0,0,14,193597421,0,0,0,0,0,123207405,0,73086,0,0,0,0,0/RP0/CPU0

2020-02-05 02:04:07.491000+00:00,leaf8,sg3,obt-collector1,0,0,0,0,0,0,0,0,0,0,4677,0,556,0,0,0,0,0,0,4955,0,0,0,0,0,0,0,0,0,0,0,0,0,0,0,0,0,0,0,0,0,0,0,0,0,0,0,0,0,0,0,0,0,0,0,0,0,0,0,0,0,0,0,0,0,0,0,0,0,49400754,0,0,0,0,0,0,0,0,0,0,0,0,0/0/CPU0

2020-02-05 02:04:07.493000+00:00,leaf8,sg3,obt-collector1,0,0,0,0,14743,14743,6,16,0,15,0,278,0,0,0,30,0,0,0,16271,0,0,369,1492,16,30,0,0,15497,0,0,0,0,0,30,0,0,0,0,0,0,0,0,0,0,0,0,0,0,0,0,123276127,0,0,0,0,0,0,0,0,0,0,30,1,0,73086,0,0,14,193598750,0,0,0,0,0,123207622,0,73086,0,0,0,0,0/RP0/CPU0

2020-02-05 02:04:17.499000+00:00,leaf8,sg3,obt-collector1,0,0,0,0,0,0,0,0,0,0,4677,0,556,0,0,0,0,0,0,4955,0,0,0,0,0,0,0,0,0,0,0,0,0,0,0,0,0,0,0,0,0,0,0,0,0,0,0,0,0,0,0,0,0,0,0,0,0,0,0,0,0,0,0,0,0,0,0,0,0,49400889,0,0,0,0,0,0,0,0,0,0,0,0,0/0/CPU0

2020-02-05 02:04:17.503000+00:00,leaf8,sg3,obt-collector1,0,0,0,0,14743,14743,6,16,0,15,0,278,0,0,0,30,0,0,0,16271,0,0,369,1492,16,30,0,0,15497,0,0,0,0,0,30,0,0,0,0,0,0,0,0,0,0,0,0,0,0,0,0,123276342,0,0,0,0,0,0,0,0,0,0,30,1,0,73086,0,0,14,193600171,0,0,0,0,0,123207837,0,73086,0,0,0,0,0/RP0/CPU0

2020-02-05 02:04:27.511000+00:00,leaf8,sg3,obt-collector1,0,0,0,0,0,0,0,0,0,0,4677,0,556,0,0,0,0,0,0,4955,0,0,0,0,0,0,0,0,0,0,0,0,0,0,0,0,0,0,0,0,0,0,0,0,0,0,0,0,0,0,0,0,0,0,0,0,0,0,0,0,0,0,0,0,0,0,0,0,0,49401094,0,0,0,0,0,0,0,0,0,0,0,0,0/0/CPU0

2020-02-05 02:04:27.513000+00:00,leaf8,sg3,obt-collector1,0,0,0,0,14743,14743,6,16,0,15,0,278,0,0,0,30,0,0,0,16271,0,0,369,1492,16,30,0,0,15497,0,0,0,0,0,30,0,0,0,0,0,0,0,0,0,0,0,0,0,0,0,0,123276568,0,0,0,0,0,0,0,0,0,0,30,1,0,73086,0,0,14,193601600,0,0,0,0,0,123208063,0,73086,0,0,0,0,0/RP0/CPU0

2020-02-05 02:04:37.519000+00:00,leaf8,sg3,obt-collector1,0,0,0,0,0,0,0,0,0,0,4677,0,556,0,0,0,0,0,0,4955,0,0,0,0,0,0,0,0,0,0,0,0,0,0,0,0,0,0,0,0,0,0,0,0,0,0,0,0,0,0,0,0,0,0,0,0,0,0,0,0,0,0,0,0,0,0,0,0,0,49401404,0,0,0,0,0,0,0,0,0,0,0,0,0/0/CPU0

2020-02-05 02:04:37.522000+00:00,leaf8,sg3,obt-collector1,0,0,0,0,14743,14743,6,16,0,15,0,278,0,0,0,30,0,0,0,16271,0,0,369,1492,16,30,0,0,15497,0,0,0,0,0,30,0,0,0,0,0,0,0,0,0,0,0,0,0,0,0,0,123276799,0,0,0,0,0,0,0,0,0,0,30,1,0,73086,0,0,14,193602979,0,0,0,0,0,123208293,0,73086,0,0,0,0,0/RP0/CPU0

2020-02-05 02:04:47.531000+00:00,leaf8,sg3,obt-collector1,0,0,0,0,0,0,0,0,0,0,4677,0,556,0,0,0,0,0,0,4955,0,0,0,0,0,0,0,0,0,0,0,0,0,0,0,0,0,0,0,0,0,0,0,0,0,0,0,0,0,0,0,0,0,0,0,0,0,0,0,0,0,0,0,0,0,0,0,0,0,49401819,0,0,0,0,0,0,0,0,0,0,0,0,0/0/CPU0

2020-02-05 02:04:47.534000+00:00,leaf8,sg3,obt-collector1,0,0,0,0,14743,14743,6,16,0,15,0,278,0,0,0,30,0,0,0,16271,0,0,369,1492,16,30,0,0,15497,0,0,0,0,0,30,0,0,0,0,0,0,0,0,0,0,0,0,0,0,0,0,123277034,0,0,0,0,0,0,0,0,0,0,30,1,0,73087,0,0,14,193604408,0,0,0,0,0,123208528,0,73087,0,0,0,0,0/RP0/CPU0

2020-02-05 02:04:57.546000+00:00,leaf8,sg3,obt-collector1,0,0,0,0,0,0,0,0,0,0,4677,0,556,0,0,0,0,0,0,4955,0,0,0,0,0,0,0,0,0,0,0,0,0,0,0,0,0,0,0,0,0,0,0,0,0,0,0,0,0,0,0,0,0,0,0,0,0,0,0,0,0,0,0,0,0,0,0,0,0,49401902,0,0,0,0,0,0,0,0,0,0,0,0,0/0/CPU0

2020-02-05 02:04:57.553000+00:00,leaf8,sg3,obt-collector1,0,0,0,0,14744,14744,6,16,0,15,0,278,0,0,0,30,0,0,0,16272,0,0,369,1492,16,30,0,0,15498,0,0,0,0,0,30,0,0,0,0,0,0,0,0,0,0,0,0,0,0,0,0,123277270,0,0,0,0,0,0,0,0,0,0,30,1,0,73087,0,0,14,193605592,0,0,0,0,0,123208764,0,73087,0,0,0,0,0/RP0/CPU0

2020-02-05 02:05:07.564000+00:00,leaf8,sg3,obt-collector1,0,0,0,0,0,0,0,0,0,0,4677,0,556,0,0,0,0,0,0,4955,0,0,0,0,0,0,0,0,0,0,0,0,0,0,0,0,0,0,0,0,0,0,0,0,0,0,0,0,0,0,0,0,0,0,0,0,0,0,0,0,0,0,0,0,0,0,0,0,0,49401930,0,0,0,0,0,0,0,0,0,0,0,0,0/0/CPU0

2020-02-05 02:05:07.566000+00:00,leaf8,sg3,obt-collector1,0,0,0,0,14744,14744,6,16,0,15,0,278,0,0,0,30,0,0,0,16272,0,0,369,1492,16,30,0,0,15498,0,0,0,0,0,30,0,0,0,0,0,0,0,0,0,0,0,0,0,0,0,0,123277541,0,0,0,0,0,0,0,0,0,0,30,1,0,73087,0,0,14,193607054,0,0,0,0,0,123209035,0,73087,0,0,0,0,0/RP0/CPU0

2020-02-05 02:05:17.578000+00:00,leaf8,sg3,obt-collector1,0,0,0,0,0,0,0,0,0,0,4677,0,556,0,0,0,0,0,0,4955,0,0,0,0,0,0,0,0,0,0,0,0,0,0,0,0,0,0,0,0,0,0,0,0,0,0,0,0,0,0,0,0,0,0,0,0,0,0,0,0,0,0,0,0,0,0,0,0,0,49402244,0,0,0,0,0,0,0,0,0,0,0,0,0/0/CPU0

2020-02-05 02:05:17.581000+00:00,leaf8,sg3,obt-collector1,0,0,0,0,14744,14744,6,16,0,15,0,278,0,0,0,30,0,0,0,16272,0,0,369,1492,16,30,0,0,15498,0,0,0,0,0,30,0,0,0,0,0,0,0,0,0,0,0,0,0,0,0,0,123277756,0,0,0,0,0,0,0,0,0,0,30,1,0,73087,0,0,14,193608477,0,0,0,0,0,123209250,0,73087,0,0,0,0,0/RP0/CPU0

2020-02-05 02:05:27.588000+00:00,leaf8,sg3,obt-collector1,0,0,0,0,0,0,0,0,0,0,4677,0,556,0,0,0,0,0,0,4955,0,0,0,0,0,0,0,0,0,0,0,0,0,0,0,0,0,0,0,0,0,0,0,0,0,0,0,0,0,0,0,0,0,0,0,0,0,0,0,0,0,0,0,0,0,0,0,0,0,49402334,0,0,0,0,0,0,0,0,0,0,0,0,0/0/CPU0

2020-02-05 02:05:27.595000+00:00,leaf8,sg3,obt-collector1,0,0,0,0,14744,14744,6,16,0,15,0,278,0,0,0,30,0,0,0,16272,0,0,369,1492,16,30,0,0,15498,0,0,0,0,0,30,0,0,0,0,0,0,0,0,0,0,0,0,0,0,0,0,123277955,0,0,0,0,0,0,0,0,0,0,30,1,0,73087,0,0,14,193609901,0,0,0,0,0,123209449,0,73087,0,0,0,0,0/RP0/CPU0

2020-02-05 02:05:37.601000+00:00,leaf8,sg3,obt-collector1,0,0,0,0,0,0,0,0,0,0,4677,0,556,0,0,0,0,0,0,4955,0,0,0,0,0,0,0,0,0,0,0,0,0,0,0,0,0,0,0,0,0,0,0,0,0,0,0,0,0,0,0,0,0,0,0,0,0,0,0,0,0,0,0,0,0,0,0,0,0,49402410,0,0,0,0,0,0,0,0,0,0,0,0,0/0/CPU0

2020-02-05 02:05:37.603000+00:00,leaf8,sg3,obt-collector1,0,0,0,0,14744,14744,6,16,0,15,0,278,0,0,0,30,0,0,0,16272,0,0,369,1492,16,30,0,0,15498,0,0,0,0,0,30,0,0,0,0,0,0,0,0,0,0,0,0,0,0,0,0,123278174,0,0,0,0,0,0,0,0,0,0,30,1,0,73087,0,0,14,193611327,0,0,0,0,0,123209667,0,73087,0,0,0,0,0/RP0/CPU0

2020-02-05 02:05:47.609000+00:00,leaf8,sg3,obt-collector1,0,0,0,0,0,0,0,0,0,0,4677,0,556,0,0,0,0,0,0,4955,0,0,0,0,0,0,0,0,0,0,0,0,0,0,0,0,0,0,0,0,0,0,0,0,0,0,0,0,0,0,0,0,0,0,0,0,0,0,0,0,0,0,0,0,0,0,0,0,0,49402830,0,0,0,0,0,0,0,0,0,0,0,0,0/0/CPU0

2020-02-05 02:05:47.611000+00:00,leaf8,sg3,obt-collector1,0,0,0,0,14744,14744,6,16,0,15,0,278,0,0,0,30,0,0,0,16272,0,0,369,1492,16,30,0,0,15498,0,0,0,0,0,30,0,0,0,0,0,0,0,0,0,0,0,0,0,0,0,0,123278392,0,0,0,0,0,0,0,0,0,0,30,1,0,73088,0,0,14,193612757,0,0,0,0,0,123209885,0,73088,0,0,0,0,0/RP0/CPU0

2020-02-05 02:05:57.617000+00:00,leaf8,sg3,obt-collector1,0,0,0,0,0,0,0,0,0,0,4677,0,556,0,0,0,0,0,0,4955,0,0,0,0,0,0,0,0,0,0,0,0,0,0,0,0,0,0,0,0,0,0,0,0,0,0,0,0,0,0,0,0,0,0,0,0,0,0,0,0,0,0,0,0,0,0,0,0,0,49402859,0,0,0,0,0,0,0,0,0,0,0,0,0/0/CPU0

2020-02-05 02:05:57.619000+00:00,leaf8,sg3,obt-collector1,0,0,0,0,14744,14744,6,16,0,15,0,278,0,0,0,30,0,0,0,16272,0,0,369,1492,16,30,0,0,15498,0,0,0,0,0,30,0,0,0,0,0,0,0,0,0,0,0,0,0,0,0,0,123278607,0,0,0,0,0,0,0,0,0,0,30,1,0,73088,0,0,14,193613937,0,0,0,0,0,123210100,0,73088,0,0,0,0,0/RP0/CPU0

2020-02-05 02:06:07.629000+00:00,leaf8,sg3,obt-collector1,0,0,0,0,0,0,0,0,0,0,4677,0,556,0,0,0,0,0,0,4955,0,0,0,0,0,0,0,0,0,0,0,0,0,0,0,0,0,0,0,0,0,0,0,0,0,0,0,0,0,0,0,0,0,0,0,0,0,0,0,0,0,0,0,0,0,0,0,0,0,49403026,0,0,0,0,0,0,0,0,0,0,0,0,0/0/CPU0

2020-02-05 02:06:07.632000+00:00,leaf8,sg3,obt-collector1,0,0,0,0,14744,14744,6,16,0,15,0,278,0,0,0,30,0,0,0,16272,0,0,369,1492,16,30,0,0,15498,0,0,0,0,0,30,0,0,0,0,0,0,0,0,0,0,0,0,0,0,0,0,123278823,0,0,0,0,0,0,0,0,0,0,30,1,0,73088,0,0,14,193615368,0,0,0,0,0,123210316,0,73088,0,0,0,0,0/RP0/CPU0

2020-02-05 02:06:17.639000+00:00,leaf8,sg3,obt-collector1,0,0,0,0,0,0,0,0,0,0,4677,0,556,0,0,0,0,0,0,4955,0,0,0,0,0,0,0,0,0,0,0,0,0,0,0,0,0,0,0,0,0,0,0,0,0,0,0,0,0,0,0,0,0,0,0,0,0,0,0,0,0,0,0,0,0,0,0,0,0,49403449,0,0,0,0,0,0,0,0,0,0,0,0,0/0/CPU0

2020-02-05 02:06:17.642000+00:00,leaf8,sg3,obt-collector1,0,0,0,0,14744,14744,6,16,0,15,0,278,0,0,0,30,0,0,0,16272,0,0,369,1492,16,30,0,0,15498,0,0,0,0,0,30,0,0,0,0,0,0,0,0,0,0,0,0,0,0,0,0,123279297,0,0,0,0,0,0,0,0,0,0,30,1,0,73088,0,0,14,193616920,0,0,0,0,0,123210790,0,73088,0,0,0,0,0/RP0/CPU0

2020-02-05 02:06:27.648000+00:00,leaf8,sg3,obt-collector1,0,0,0,0,0,0,0,0,0,0,4677,0,556,0,0,0,0,0,0,4955,0,0,0,0,0,0,0,0,0,0,0,0,0,0,0,0,0,0,0,0,0,0,0,0,0,0,0,0,0,0,0,0,0,0,0,0,0,0,0,0,0,0,0,0,0,0,0,0,0,49403732,0,0,0,0,0,0,0,0,0,0,0,0,0/0/CPU0

2020-02-05 02:06:27.652000+00:00,leaf8,sg3,obt-collector1,0,0,0,0,14744,14744,6,16,0,15,0,278,0,0,0,30,0,0,0,16272,0,0,369,1492,16,30,0,0,15498,0,0,0,0,0,30,0,0,0,0,0,0,0,0,0,0,0,0,0,0,0,0,123279620,0,0,0,0,0,0,0,0,0,0,30,1,0,73088,0,0,14,193618451,0,0,0,0,0,123211113,0,73088,0,0,0,0,0/RP0/CPU0

2020-02-05 02:06:37.662000+00:00,leaf8,sg3,obt-collector1,0,0,0,0,0,0,0,0,0,0,4677,0,556,0,0,0,0,0,0,4955,0,0,0,0,0,0,0,0,0,0,0,0,0,0,0,0,0,0,0,0,0,0,0,0,0,0,0,0,0,0,0,0,0,0,0,0,0,0,0,0,0,0,0,0,0,0,0,0,0,49403996,0,0,0,0,0,0,0,0,0,0,0,0,0/0/CPU0

2020-02-05 02:06:37.664000+00:00,leaf8,sg3,obt-collector1,0,0,0,0,14744,14744,6,16,0,15,0,278,0,0,0,30,0,0,0,16272,0,0,369,1492,16,30,0,0,15498,0,0,0,0,0,30,0,0,0,0,0,0,0,0,0,0,0,0,0,0,0,0,123279815,0,0,0,0,0,0,0,0,0,0,30,1,0,73088,0,0,14,193619884,0,0,0,0,0,123211308,0,73088,0,0,0,0,0/RP0/CPU0

2020-02-05 02:06:47.672000+00:00,leaf8,sg3,obt-collector1,0,0,0,0,0,0,0,0,0,0,4677,0,556,0,0,0,0,0,0,4955,0,0,0,0,0,0,0,0,0,0,0,0,0,0,0,0,0,0,0,0,0,0,0,0,0,0,0,0,0,0,0,0,0,0,0,0,0,0,0,0,0,0,0,0,0,0,0,0,0,49404383,0,0,0,0,0,0,0,0,0,0,0,0,0/0/CPU0

2020-02-05 02:06:47.674000+00:00,leaf8,sg3,obt-collector1,0,0,0,0,14744,14744,6,16,0,15,0,278,0,0,0,30,0,0,0,16272,0,0,369,1492,16,30,0,0,15498,0,0,0,0,0,30,0,0,0,0,0,0,0,0,0,0,0,0,0,0,0,0,123280033,0,0,0,0,0,0,0,0,0,0,30,1,0,73089,0,0,14,193621058,0,0,0,0,0,123211525,0,73089,0,0,0,0,0/RP0/CPU0

2020-02-05 02:06:57.682000+00:00,leaf8,sg3,obt-collector1,0,0,0,0,0,0,0,0,0,0,4677,0,556,0,0,0,0,0,0,4955,0,0,0,0,0,0,0,0,0,0,0,0,0,0,0,0,0,0,0,0,0,0,0,0,0,0,0,0,0,0,0,0,0,0,0,0,0,0,0,0,0,0,0,0,0,0,0,0,0,49404492,0,0,0,0,0,0,0,0,0,0,0,0,0/0/CPU0

2020-02-05 02:06:57.684000+00:00,leaf8,sg3,obt-collector1,0,0,0,0,14744,14744,6,16,0,15,0,278,0,0,0,30,0,0,0,16272,0,0,369,1492,16,30,0,0,15498,0,0,0,0,0,30,0,0,0,0,0,0,0,0,0,0,0,0,0,0,0,0,123280252,0,0,0,0,0,0,0,0,0,0,30,1,0,73089,0,0,14,193622415,0,0,0,0,0,123211744,0,73089,0,0,0,0,0/RP0/CPU0

2020-02-05 02:07:07.690000+00:00,leaf8,sg3,obt-collector1,0,0,0,0,0,0,0,0,0,0,4677,0,556,0,0,0,0,0,0,4955,0,0,0,0,0,0,0,0,0,0,0,0,0,0,0,0,0,0,0,0,0,0,0,0,0,0,0,0,0,0,0,0,0,0,0,0,0,0,0,0,0,0,0,0,0,0,0,0,0,49404797,0,0,0,0,0,0,0,0,0,0,0,0,0/0/CPU0

2020-02-05 02:07:07.694000+00:00,leaf8,sg3,obt-collector1,0,0,0,0,14744,14744,6,16,0,15,0,278,0,0,0,30,0,0,0,16272,0,0,369,1492,16,30,0,0,15498,0,0,0,0,0,30,0,0,0,0,0,0,0,0,0,0,0,0,0,0,0,0,123280467,0,0,0,0,0,0,0,0,0,0,30,1,0,73089,0,0,14,193623840,0,0,0,0,0,123211959,0,73089,0,0,0,0,0/RP0/CPU0

2020-02-05 02:07:17.700000+00:00,leaf8,sg3,obt-collector1,0,0,0,0,0,0,0,0,0,0,4677,0,556,0,0,0,0,0,0,4955,0,0,0,0,0,0,0,0,0,0,0,0,0,0,0,0,0,0,0,0,0,0,0,0,0,0,0,0,0,0,0,0,0,0,0,0,0,0,0,0,0,0,0,0,0,0,0,0,0,49404808,0,0,0,0,0,0,0,0,0,0,0,0,0/0/CPU0

2020-02-05 02:07:17.702000+00:00,leaf8,sg3,obt-collector1,0,0,0,0,14744,14744,6,16,0,15,0,278,0,0,0,30,0,0,0,16272,0,0,369,1492,16,30,0,0,15498,0,0,0,0,0,30,0,0,0,0,0,0,0,0,0,0,0,0,0,0,0,0,123280671,0,0,0,0,0,0,0,0,0,0,30,1,0,73089,0,0,14,193625267,0,0,0,0,0,123212163,0,73089,0,0,0,0,0/RP0/CPU0

2020-02-05 02:07:27.711000+00:00,leaf8,sg3,obt-collector1,0,0,0,0,0,0,0,0,0,0,4677,0,556,0,0,0,0,0,0,4955,0,0,0,0,0,0,0,0,0,0,0,0,0,0,0,0,0,0,0,0,0,0,0,0,0,0,0,0,0,0,0,0,0,0,0,0,0,0,0,0,0,0,0,0,0,0,0,0,0,49404996,0,0,0,0,0,0,0,0,0,0,0,0,0/0/CPU0

2020-02-05 02:07:27.715000+00:00,leaf8,sg3,obt-collector1,0,0,0,0,14744,14744,6,16,0,15,0,278,0,0,0,30,0,0,0,16272,0,0,369,1492,16,30,0,0,15498,0,0,0,0,0,30,0,0,0,0,0,0,0,0,0,0,0,0,0,0,0,0,123280905,0,0,0,0,0,0,0,0,0,0,30,1,0,73089,0,0,14,193626709,0,0,0,0,0,123212397,0,73089,0,0,0,0,0/RP0/CPU0

2020-02-05 02:07:37.723000+00:00,leaf8,sg3,obt-collector1,0,0,0,0,0,0,0,0,0,0,4677,0,556,0,0,0,0,0,0,4955,0,0,0,0,0,0,0,0,0,0,0,0,0,0,0,0,0,0,0,0,0,0,0,0,0,0,0,0,0,0,0,0,0,0,0,0,0,0,0,0,0,0,0,0,0,0,0,0,0,49405072,0,0,0,0,0,0,0,0,0,0,0,0,0/0/CPU0

2020-02-05 02:07:37.726000+00:00,leaf8,sg3,obt-collector1,0,0,0,0,14744,14744,6,16,0,15,0,278,0,0,0,30,0,0,0,16272,0,0,369,1492,16,30,0,0,15498,0,0,0,0,0,30,0,0,0,0,0,0,0,0,0,0,0,0,0,0,0,0,123281124,0,0,0,0,0,0,0,0,0,0,30,1,0,73089,0,0,14,193628140,0,0,0,0,0,123212616,0,73089,0,0,0,0,0/RP0/CPU0

2020-02-05 02:07:47.736000+00:00,leaf8,sg3,obt-collector1,0,0,0,0,0,0,0,0,0,0,4677,0,556,0,0,0,0,0,0,4955,0,0,0,0,0,0,0,0,0,0,0,0,0,0,0,0,0,0,0,0,0,0,0,0,0,0,0,0,0,0,0,0,0,0,0,0,0,0,0,0,0,0,0,0,0,0,0,0,0,49405352,0,0,0,0,0,0,0,0,0,0,0,0,0/0/CPU0

2020-02-05 02:07:47.738000+00:00,leaf8,sg3,obt-collector1,0,0,0,0,14744,14744,6,16,0,15,0,278,0,0,0,30,0,0,0,16272,0,0,369,1492,16,30,0,0,15498,0,0,0,0,0,30,0,0,0,0,0,0,0,0,0,0,0,0,0,0,0,0,123281316,0,0,0,0,0,0,0,0,0,0,30,1,0,73090,0,0,14,193629313,0,0,0,0,0,123212807,0,73090,0,0,0,0,0/RP0/CPU0

2020-02-05 02:07:57.748000+00:00,leaf8,sg3,obt-collector1,0,0,0,0,0,0,0,0,0,0,4677,0,556,0,0,0,0,0,0,4955,0,0,0,0,0,0,0,0,0,0,0,0,0,0,0,0,0,0,0,0,0,0,0,0,0,0,0,0,0,0,0,0,0,0,0,0,0,0,0,0,0,0,0,0,0,0,0,0,0,49405532,0,0,0,0,0,0,0,0,0,0,0,0,0/0/CPU0

2020-02-05 02:07:57.750000+00:00,leaf8,sg3,obt-collector1,0,0,0,0,14744,14744,6,16,0,15,0,278,0,0,0,30,0,0,0,16272,0,0,369,1492,16,30,0,0,15498,0,0,0,0,0,30,0,0,0,0,0,0,0,0,0,0,0,0,0,0,0,0,123281529,0,0,0,0,0,0,0,0,0,0,30,1,0,73090,0,0,14,193630750,0,0,0,0,0,123213020,0,73090,0,0,0,0,0/RP0/CPU0

2020-02-05 02:08:07.758000+00:00,leaf8,sg3,obt-collector1,0,0,0,0,0,0,0,0,0,0,4677,0,556,0,0,0,0,0,0,4955,0,0,0,0,0,0,0,0,0,0,0,0,0,0,0,0,0,0,0,0,0,0,0,0,0,0,0,0,0,0,0,0,0,0,0,0,0,0,0,0,0,0,0,0,0,0,0,0,0,49405780,0,0,0,0,0,0,0,0,0,0,0,0,0/0/CPU0

2020-02-05 02:08:07.760000+00:00,leaf8,sg3,obt-collector1,0,0,0,0,14744,14744,6,16,0,15,0,278,0,0,0,30,0,0,0,16272,0,0,369,1492,16,30,0,0,15498,0,0,0,0,0,30,0,0,0,0,0,0,0,0,0,0,0,0,0,0,0,0,123281729,0,0,0,0,0,0,0,0,0,0,30,1,0,73090,0,0,14,193632180,0,0,0,0,0,123213220,0,73090,0,0,0,0,0/RP0/CPU0

2020-02-05 02:08:17.770000+00:00,leaf8,sg3,obt-collector1,0,0,0,0,0,0,0,0,0,0,4677,0,556,0,0,0,0,0,0,4955,0,0,0,0,0,0,0,0,0,0,0,0,0,0,0,0,0,0,0,0,0,0,0,0,0,0,0,0,0,0,0,0,0,0,0,0,0,0,0,0,0,0,0,0,0,0,0,0,0,49406243,0,0,0,0,0,0,0,0,0,0,0,0,0/0/CPU0

2020-02-05 02:08:17.772000+00:00,leaf8,sg3,obt-collector1,0,0,0,0,14744,14744,6,16,0,15,0,278,0,0,0,30,0,0,0,16272,0,0,369,1492,16,30,0,0,15498,0,0,0,0,0,30,0,0,0,0,0,0,0,0,0,0,0,0,0,0,0,0,123281951,0,0,0,0,0,0,0,0,0,0,30,1,0,73090,0,0,14,193633618,0,0,0,0,0,123213442,0,73090,0,0,0,0,0/RP0/CPU0

2020-02-05 02:08:27.780000+00:00,leaf8,sg3,obt-collector1,0,0,0,0,0,0,0,0,0,0,4677,0,556,0,0,0,0,0,0,4955,0,0,0,0,0,0,0,0,0,0,0,0,0,0,0,0,0,0,0,0,0,0,0,0,0,0,0,0,0,0,0,0,0,0,0,0,0,0,0,0,0,0,0,0,0,0,0,0,0,49406287,0,0,0,0,0,0,0,0,0,0,0,0,0/0/CPU0

2020-02-05 02:08:27.782000+00:00,leaf8,sg3,obt-collector1,0,0,0,0,14744,14744,6,16,0,15,0,278,0,0,0,30,0,0,0,16272,0,0,369,1492,16,30,0,0,15498,0,0,0,0,0,30,0,0,0,0,0,0,0,0,0,0,0,0,0,0,0,0,123282174,0,0,0,0,0,0,0,0,0,0,30,1,0,73090,0,0,14,193635055,0,0,0,0,0,123213665,0,73090,0,0,0,0,0/RP0/CPU0

2020-02-05 02:08:37.788000+00:00,leaf8,sg3,obt-collector1,0,0,0,0,0,0,0,0,0,0,4677,0,556,0,0,0,0,0,0,4955,0,0,0,0,0,0,0,0,0,0,0,0,0,0,0,0,0,0,0,0,0,0,0,0,0,0,0,0,0,0,0,0,0,0,0,0,0,0,0,0,0,0,0,0,0,0,0,0,0,49406393,0,0,0,0,0,0,0,0,0,0,0,0,0/0/CPU0

2020-02-05 02:08:37.790000+00:00,leaf8,sg3,obt-collector1,0,0,0,0,14744,14744,6,16,0,15,0,278,0,0,0,30,0,0,0,16272,0,0,369,1492,16,30,0,0,15498,0,0,0,0,0,30,0,0,0,0,0,0,0,0,0,0,0,0,0,0,0,0,123282376,0,0,0,0,0,0,0,0,0,0,30,1,0,73090,0,0,14,193636239,0,0,0,0,0,123213867,0,73090,0,0,0,0,0/RP0/CPU0

2020-02-05 02:08:47.796000+00:00,leaf8,sg3,obt-collector1,0,0,0,0,0,0,0,0,0,0,4677,0,556,0,0,0,0,0,0,4955,0,0,0,0,0,0,0,0,0,0,0,0,0,0,0,0,0,0,0,0,0,0,0,0,0,0,0,0,0,0,0,0,0,0,0,0,0,0,0,0,0,0,0,0,0,0,0,0,0,49406564,0,0,0,0,0,0,0,0,0,0,0,0,0/0/CPU0

2020-02-05 02:08:47.798000+00:00,leaf8,sg3,obt-collector1,0,0,0,0,14744,14744,6,16,0,15,0,278,0,0,0,30,0,0,0,16272,0,0,369,1492,16,30,0,0,15498,0,0,0,0,0,30,0,0,0,0,0,0,0,0,0,0,0,0,0,0,0,0,123282570,0,0,0,0,0,0,0,0,0,0,30,1,0,73091,0,0,14,193637636,0,0,0,0,0,123214060,0,73091,0,0,0,0,0/RP0/CPU0

2020-02-05 02:08:57.804000+00:00,leaf8,sg3,obt-collector1,0,0,0,0,0,0,0,0,0,0,4677,0,556,0,0,0,0,0,0,4955,0,0,0,0,0,0,0,0,0,0,0,0,0,0,0,0,0,0,0,0,0,0,0,0,0,0,0,0,0,0,0,0,0,0,0,0,0,0,0,0,0,0,0,0,0,0,0,0,0,49406918,0,0,0,0,0,0,0,0,0,0,0,0,0/0/CPU0

2020-02-05 02:08:57.806000+00:00,leaf8,sg3,obt-collector1,0,0,0,0,14744,14744,6,16,0,15,0,278,0,0,0,30,0,0,0,16272,0,0,369,1492,16,30,0,0,15498,0,0,0,0,0,30,0,0,0,0,0,0,0,0,0,0,0,0,0,0,0,0,123282787,0,0,0,0,0,0,0,0,0,0,30,1,0,73091,0,0,14,193638986,0,0,0,0,0,123214277,0,73091,0,0,0,0,0/RP0/CPU0

2020-02-05 02:09:07.814000+00:00,leaf8,sg3,obt-collector1,0,0,0,0,0,0,0,0,0,0,4677,0,556,0,0,0,0,0,0,4955,0,0,0,0,0,0,0,0,0,0,0,0,0,0,0,0,0,0,0,0,0,0,0,0,0,0,0,0,0,0,0,0,0,0,0,0,0,0,0,0,0,0,0,0,0,0,0,0,0,49407086,0,0,0,0,0,0,0,0,0,0,0,0,0/0/CPU0

2020-02-05 02:09:07.816000+00:00,leaf8,sg3,obt-collector1,0,0,0,0,14744,14744,6,16,0,15,0,278,0,0,0,30,0,0,0,16272,0,0,369,1492,16,30,0,0,15498,0,0,0,0,0,30,0,0,0,0,0,0,0,0,0,0,0,0,0,0,0,0,123282999,0,0,0,0,0,0,0,0,0,0,30,1,0,73091,0,0,14,193640425,0,0,0,0,0,123214489,0,73091,0,0,0,0,0/RP0/CPU0

2020-02-05 02:09:17.824000+00:00,leaf8,sg3,obt-collector1,0,0,0,0,0,0,0,0,0,0,4677,0,556,0,0,0,0,0,0,4955,0,0,0,0,0,0,0,0,0,0,0,0,0,0,0,0,0,0,0,0,0,0,0,0,0,0,0,0,0,0,0,0,0,0,0,0,0,0,0,0,0,0,0,0,0,0,0,0,0,49407183,0,0,0,0,0,0,0,0,0,0,0,0,0/0/CPU0

2020-02-05 02:09:17.826000+00:00,leaf8,sg3,obt-collector1,0,0,0,0,14744,14744,6,16,0,15,0,278,0,0,0,30,0,0,0,16272,0,0,369,1492,16,30,0,0,15498,0,0,0,0,0,30,0,0,0,0,0,0,0,0,0,0,0,0,0,0,0,0,123283211,0,0,0,0,0,0,0,0,0,0,30,1,0,73091,0,0,14,193641858,0,0,0,0,0,123214701,0,73091,0,0,0,0,0/RP0/CPU0

2020-02-05 02:09:27.835000+00:00,leaf8,sg3,obt-collector1,0,0,0,0,0,0,0,0,0,0,4677,0,556,0,0,0,0,0,0,4955,0,0,0,0,0,0,0,0,0,0,0,0,0,0,0,0,0,0,0,0,0,0,0,0,0,0,0,0,0,0,0,0,0,0,0,0,0,0,0,0,0,0,0,0,0,0,0,0,0,49407319,0,0,0,0,0,0,0,0,0,0,0,0,0/0/CPU0

2020-02-05 02:09:27.837000+00:00,leaf8,sg3,obt-collector1,0,0,0,0,14744,14744,6,16,0,15,0,278,0,0,0,30,0,0,0,16272,0,0,369,1492,16,30,0,0,15498,0,0,0,0,0,30,0,0,0,0,0,0,0,0,0,0,0,0,0,0,0,0,123283422,0,0,0,0,0,0,0,0,0,0,30,1,0,73091,0,0,14,193643041,0,0,0,0,0,123214912,0,73091,0,0,0,0,0/RP0/CPU0

2020-02-05 02:09:37.844000+00:00,leaf8,sg3,obt-collector1,0,0,0,0,0,0,0,0,0,0,4677,0,556,0,0,0,0,0,0,4955,0,0,0,0,0,0,0,0,0,0,0,0,0,0,0,0,0,0,0,0,0,0,0,0,0,0,0,0,0,0,0,0,0,0,0,0,0,0,0,0,0,0,0,0,0,0,0,0,0,49407332,0,0,0,0,0,0,0,0,0,0,0,0,0/0/CPU0

2020-02-05 02:09:37.847000+00:00,leaf8,sg3,obt-collector1,0,0,0,0,14744,14744,6,16,0,15,0,278,0,0,0,30,0,0,0,16272,0,0,369,1492,16,30,0,0,15498,0,0,0,0,0,30,0,0,0,0,0,0,0,0,0,0,0,0,0,0,0,0,123283639,0,0,0,0,0,0,0,0,0,0,30,1,0,73091,0,0,14,193644481,0,0,0,0,0,123215129,0,73091,0,0,0,0,0/RP0/CPU0

2020-02-05 02:09:47.863000+00:00,leaf8,sg3,obt-collector1,0,0,0,0,0,0,0,0,0,0,4677,0,556,0,0,0,0,0,0,4955,0,0,0,0,0,0,0,0,0,0,0,0,0,0,0,0,0,0,0,0,0,0,0,0,0,0,0,0,0,0,0,0,0,0,0,0,0,0,0,0,0,0,0,0,0,0,0,0,0,49407816,0,0,0,0,0,0,0,0,0,0,0,0,0/0/CPU0

2020-02-05 02:09:47.865000+00:00,leaf8,sg3,obt-collector1,0,0,0,0,14744,14744,6,16,0,15,0,278,0,0,0,30,0,0,0,16272,0,0,369,1492,16,30,0,0,15498,0,0,0,0,0,30,0,0,0,0,0,0,0,0,0,0,0,0,0,0,0,0,123283938,0,0,0,0,0,0,0,0,0,0,30,1,0,73092,0,0,14,193645941,0,0,0,0,0,123215428,0,73092,0,0,0,0,0/RP0/CPU0

2020-02-05 02:09:57.872000+00:00,leaf8,sg3,obt-collector1,0,0,0,0,0,0,0,0,0,0,4677,0,556,0,0,0,0,0,0,4955,0,0,0,0,0,0,0,0,0,0,0,0,0,0,0,0,0,0,0,0,0,0,0,0,0,0,0,0,0,0,0,0,0,0,0,0,0,0,0,0,0,0,0,0,0,0,0,0,0,49408093,0,0,0,0,0,0,0,0,0,0,0,0,0/0/CPU0

2020-02-05 02:09:57.879000+00:00,leaf8,sg3,obt-collector1,0,0,0,0,14744,14744,6,16,0,15,0,278,0,0,0,30,0,0,0,16272,0,0,369,1492,16,30,0,0,15498,0,0,0,0,0,30,0,0,0,0,0,0,0,0,0,0,0,0,0,0,0,0,123284155,0,0,0,0,0,0,0,0,0,0,30,1,0,73092,0,0,14,193647303,0,0,0,0,0,123215644,0,73092,0,0,0,0,0/RP0/CPU0

2020-02-05 02:10:07.886000+00:00,leaf8,sg3,obt-collector1,0,0,0,0,0,0,0,0,0,0,4677,0,556,0,0,0,0,0,0,4955,0,0,0,0,0,0,0,0,0,0,0,0,0,0,0,0,0,0,0,0,0,0,0,0,0,0,0,0,0,0,0,0,0,0,0,0,0,0,0,0,0,0,0,0,0,0,0,0,0,49408251,0,0,0,0,0,0,0,0,0,0,0,0,0/0/CPU0

2020-02-05 02:10:07.888000+00:00,leaf8,sg3,obt-collector1,0,0,0,0,14745,14745,6,16,0,15,0,278,0,0,0,30,0,0,0,16273,0,0,369,1492,16,30,0,0,15499,0,0,0,0,0,30,0,0,0,0,0,0,0,0,0,0,0,0,0,0,0,0,123284415,0,0,0,0,0,0,0,0,0,0,30,1,0,73092,0,0,14,193648777,0,0,0,0,0,123215904,0,73092,0,0,0,0,0/RP0/CPU0

2020-02-05 02:10:17.894000+00:00,leaf8,sg3,obt-collector1,0,0,0,0,0,0,0,0,0,0,4677,0,556,0,0,0,0,0,0,4955,0,0,0,0,0,0,0,0,0,0,0,0,0,0,0,0,0,0,0,0,0,0,0,0,0,0,0,0,0,0,0,0,0,0,0,0,0,0,0,0,0,0,0,0,0,0,0,0,0,49408597,0,0,0,0,0,0,0,0,0,0,0,0,0/0/CPU0

2020-02-05 02:10:17.896000+00:00,leaf8,sg3,obt-collector1,0,0,0,0,14745,14745,6,16,0,15,0,278,0,0,0,30,0,0,0,16273,0,0,369,1492,16,30,0,0,15499,0,0,0,0,0,30,0,0,0,0,0,0,0,0,0,0,0,0,0,0,0,0,123284626,0,0,0,0,0,0,0,0,0,0,30,1,0,73092,0,0,14,193650212,0,0,0,0,0,123216115,0,73092,0,0,0,0,0/RP0/CPU0

2020-02-05 02:10:27.902000+00:00,leaf8,sg3,obt-collector1,0,0,0,0,0,0,0,0,0,0,4677,0,556,0,0,0,0,0,0,4955,0,0,0,0,0,0,0,0,0,0,0,0,0,0,0,0,0,0,0,0,0,0,0,0,0,0,0,0,0,0,0,0,0,0,0,0,0,0,0,0,0,0,0,0,0,0,0,0,0,49408902,0,0,0,0,0,0,0,0,0,0,0,0,0/0/CPU0

2020-02-05 02:10:27.904000+00:00,leaf8,sg3,obt-collector1,0,0,0,0,14745,14745,6,16,0,15,0,278,0,0,0,30,0,0,0,16273,0,0,369,1492,16,30,0,0,15499,0,0,0,0,0,30,0,0,0,0,0,0,0,0,0,0,0,0,0,0,0,0,123284853,0,0,0,0,0,0,0,0,0,0,30,1,0,73092,0,0,14,193651397,0,0,0,0,0,123216342,0,73092,0,0,0,0,0/RP0/CPU0

