,Producer,Target,cmd-invalid,host,name,node-name,npu-hwr-list/inuse-objects,npu-hwr-list/lt-hwr-list/hw-entries,npu-hwr-list/lt-hwr-list/lt-id,npu-hwr-list/lt-hwr-list/name,npu-hwr-list/lt-hwr-list/sw-entries,npu-hwr-list/max-allowed,npu-hwr-list/max-entries,npu-hwr-list/npu-id,npu-hwr-list/num-lt,npu-hwr-list/oor-change-count,npu-hwr-list/oor-state,npu-hwr-list/oor-state-change-time1,npu-hwr-list/oor-state-change-time2,npu-hwr-list/red-oor-threshold,npu-hwr-list/red-oor-threshold-percent,npu-hwr-list/yellow-oor-threshold,npu-hwr-list/yellow-oor-threshold-percent,npu-hwr/inuse-objects,npu-hwr/lt-hwr/hw-entries,npu-hwr/lt-hwr/lt-id,npu-hwr/lt-hwr/name,npu-hwr/lt-hwr/sw-entries,npu-hwr/max-allowed,npu-hwr/max-entries,npu-hwr/npu-id,npu-hwr/num-lt,npu-hwr/oor-change-count,npu-hwr/oor-state,npu-hwr/oor-state-change-time1,npu-hwr/oor-state-change-time2,npu-hwr/red-oor-threshold,npu-hwr/red-oor-threshold-percent,npu-hwr/yellow-oor-threshold,npu-hwr/yellow-oor-threshold-percent,num-npus,resource,resource-id

2020-02-05 01:51:28.391000+00:00,leaf8,sg15,false,obt-collector1,encap,0/0/CPU0,,,,,,,,,,,,,,,,,,7,0,37,mplsnh,0,0,100000,3,3,0,Green,N/A,N/A,95,0,80,0,4,encap,2

2020-02-05 01:51:28.391000+00:00,leaf8,sg15,false,obt-collector1,lem,0/0/CPU0,,,,,,,,,,,,,,,,,,81,0,38,mplslabel,0,0,786432,3,3,0,Green,N/A,N/A,95,0,80,0,4,lem,0

2020-02-05 01:51:28.391000+00:00,leaf8,sg15,false,obt-collector1,lpm,0/0/CPU0,,,,,,,,,,,,,,,,,,494,0,104,ip6mcroute,0,0,212287,3,4,0,Green,N/A,N/A,95,0,80,0,4,lpm,1

2020-02-05 01:51:28.392000+00:00,leaf8,sg15,false,obt-collector1,ecmp_fec,0/0/CPU0,,,,,,,,,,,,,,,,,,27,7,33,ip6nhgroup,0,0,4096,3,2,0,Green,N/A,N/A,95,0,80,0,4,ecmpfec,7

2020-02-05 01:51:28.392000+00:00,leaf8,sg15,false,obt-collector1,fec,0/0/CPU0,,,,,,,,,,,,,,,,,,343,0,80,erp,0,0,126976,3,15,0,Green,N/A,N/A,95,0,80,0,4,fec,6

2020-02-05 01:51:40.782000+00:00,leaf8,sg15,false,obt-collector1,ecmp_fec,0/0/CPU0,,,,,,,,,,,,,,,,,,28,8,33,ip6nhgroup,0,0,4096,3,2,0,Green,N/A,N/A,95,0,80,0,4,ecmpfec,7

2020-02-05 01:51:40.782000+00:00,leaf8,sg15,false,obt-collector1,encap,0/0/CPU0,,,,,,,,,,,,,,,,,,7,0,37,mplsnh,0,0,100000,3,3,0,Green,N/A,N/A,95,0,80,0,4,encap,2

2020-02-05 01:51:40.782000+00:00,leaf8,sg15,false,obt-collector1,fec,0/0/CPU0,,,,,,,,,,,,,,,,,,357,0,80,erp,0,0,126976,3,15,0,Green,N/A,N/A,95,0,80,0,4,fec,6

2020-02-05 01:51:40.782000+00:00,leaf8,sg15,false,obt-collector1,lem,0/0/CPU0,,,,,,,,,,,,,,,,,,81,0,38,mplslabel,0,0,786432,3,3,0,Green,N/A,N/A,95,0,80,0,4,lem,0

2020-02-05 01:51:40.782000+00:00,leaf8,sg15,false,obt-collector1,lpm,0/0/CPU0,,,,,,,,,,,,,,,,,,494,0,104,ip6mcroute,0,0,212287,3,4,0,Green,N/A,N/A,95,0,80,0,4,lpm,1

2020-02-05 01:51:52.699000+00:00,leaf8,sg15,false,obt-collector1,ecmp_fec,0/0/CPU0,,,,,,,,,,,,,,,,,,28,8,33,ip6nhgroup,0,0,4096,3,2,0,Green,N/A,N/A,95,0,80,0,4,ecmpfec,7

2020-02-05 01:51:52.699000+00:00,leaf8,sg15,false,obt-collector1,encap,0/0/CPU0,,,,,,,,,,,,,,,,,,7,0,37,mplsnh,0,0,100000,3,3,0,Green,N/A,N/A,95,0,80,0,4,encap,2

2020-02-05 01:51:52.699000+00:00,leaf8,sg15,false,obt-collector1,fec,0/0/CPU0,,,,,,,,,,,,,,,,,,357,0,80,erp,0,0,126976,3,15,0,Green,N/A,N/A,95,0,80,0,4,fec,6

2020-02-05 01:51:52.699000+00:00,leaf8,sg15,false,obt-collector1,lem,0/0/CPU0,,,,,,,,,,,,,,,,,,81,0,38,mplslabel,0,0,786432,3,3,0,Green,N/A,N/A,95,0,80,0,4,lem,0

2020-02-05 01:51:52.699000+00:00,leaf8,sg15,false,obt-collector1,lpm,0/0/CPU0,,,,,,,,,,,,,,,,,,494,0,104,ip6mcroute,0,0,212287,3,4,0,Green,N/A,N/A,95,0,80,0,4,lpm,1

2020-02-05 01:52:05.526000+00:00,leaf8,sg15,false,obt-collector1,ecmp_fec,0/0/CPU0,,,,,,,,,,,,,,,,,,28,8,33,ip6nhgroup,0,0,4096,3,2,0,Green,N/A,N/A,95,0,80,0,4,ecmpfec,7

2020-02-05 01:52:05.526000+00:00,leaf8,sg15,false,obt-collector1,encap,0/0/CPU0,,,,,,,,,,,,,,,,,,7,0,37,mplsnh,0,0,100000,3,3,0,Green,N/A,N/A,95,0,80,0,4,encap,2

2020-02-05 01:52:05.526000+00:00,leaf8,sg15,false,obt-collector1,fec,0/0/CPU0,,,,,,,,,,,,,,,,,,354,0,80,erp,0,0,126976,3,15,0,Green,N/A,N/A,95,0,80,0,4,fec,6

2020-02-05 01:52:05.526000+00:00,leaf8,sg15,false,obt-collector1,lem,0/0/CPU0,,,,,,,,,,,,,,,,,,81,0,38,mplslabel,0,0,786432,3,3,0,Green,N/A,N/A,95,0,80,0,4,lem,0

2020-02-05 01:52:05.526000+00:00,leaf8,sg15,false,obt-collector1,lpm,0/0/CPU0,,,,,,,,,,,,,,,,,,494,0,104,ip6mcroute,0,0,212287,3,4,0,Green,N/A,N/A,95,0,80,0,4,lpm,1

2020-02-05 01:52:17.640000+00:00,leaf8,sg15,false,obt-collector1,ecmp_fec,0/0/CPU0,,,,,,,,,,,,,,,,,,28,8,33,ip6nhgroup,0,0,4096,3,2,0,Green,N/A,N/A,95,0,80,0,4,ecmpfec,7

2020-02-05 01:52:17.640000+00:00,leaf8,sg15,false,obt-collector1,encap,0/0/CPU0,,,,,,,,,,,,,,,,,,7,0,37,mplsnh,0,0,100000,3,3,0,Green,N/A,N/A,95,0,80,0,4,encap,2

2020-02-05 01:52:17.640000+00:00,leaf8,sg15,false,obt-collector1,fec,0/0/CPU0,,,,,,,,,,,,,,,,,,354,0,80,erp,0,0,126976,3,15,0,Green,N/A,N/A,95,0,80,0,4,fec,6

2020-02-05 01:52:17.640000+00:00,leaf8,sg15,false,obt-collector1,lem,0/0/CPU0,,,,,,,,,,,,,,,,,,81,0,38,mplslabel,0,0,786432,3,3,0,Green,N/A,N/A,95,0,80,0,4,lem,0

2020-02-05 01:52:17.640000+00:00,leaf8,sg15,false,obt-collector1,lpm,0/0/CPU0,,,,,,,,,,,,,,,,,,494,0,104,ip6mcroute,0,0,212287,3,4,0,Green,N/A,N/A,95,0,80,0,4,lpm,1

2020-02-05 01:52:30.043000+00:00,leaf8,sg15,false,obt-collector1,ecmp_fec,0/0/CPU0,,,,,,,,,,,,,,,,,,28,8,33,ip6nhgroup,0,0,4096,3,2,0,Green,N/A,N/A,95,0,80,0,4,ecmpfec,7

2020-02-05 01:52:30.043000+00:00,leaf8,sg15,false,obt-collector1,encap,0/0/CPU0,,,,,,,,,,,,,,,,,,7,0,37,mplsnh,0,0,100000,3,3,0,Green,N/A,N/A,95,0,80,0,4,encap,2

2020-02-05 01:52:30.043000+00:00,leaf8,sg15,false,obt-collector1,fec,0/0/CPU0,,,,,,,,,,,,,,,,,,350,0,80,erp,0,0,126976,3,15,0,Green,N/A,N/A,95,0,80,0,4,fec,6

2020-02-05 01:52:30.043000+00:00,leaf8,sg15,false,obt-collector1,lem,0/0/CPU0,,,,,,,,,,,,,,,,,,81,0,38,mplslabel,0,0,786432,3,3,0,Green,N/A,N/A,95,0,80,0,4,lem,0

2020-02-05 01:52:30.043000+00:00,leaf8,sg15,false,obt-collector1,lpm,0/0/CPU0,,,,,,,,,,,,,,,,,,494,0,104,ip6mcroute,0,0,212287,3,4,0,Green,N/A,N/A,95,0,80,0,4,lpm,1

2020-02-05 01:52:42.168000+00:00,leaf8,sg15,false,obt-collector1,ecmp_fec,0/0/CPU0,,,,,,,,,,,,,,,,,,28,8,33,ip6nhgroup,0,0,4096,3,2,0,Green,N/A,N/A,95,0,80,0,4,ecmpfec,7

2020-02-05 01:52:42.168000+00:00,leaf8,sg15,false,obt-collector1,encap,0/0/CPU0,,,,,,,,,,,,,,,,,,7,0,37,mplsnh,0,0,100000,3,3,0,Green,N/A,N/A,95,0,80,0,4,encap,2

2020-02-05 01:52:42.168000+00:00,leaf8,sg15,false,obt-collector1,fec,0/0/CPU0,,,,,,,,,,,,,,,,,,349,0,80,erp,0,0,126976,3,15,0,Green,N/A,N/A,95,0,80,0,4,fec,6

2020-02-05 01:52:42.168000+00:00,leaf8,sg15,false,obt-collector1,lem,0/0/CPU0,,,,,,,,,,,,,,,,,,81,0,38,mplslabel,0,0,786432,3,3,0,Green,N/A,N/A,95,0,80,0,4,lem,0

2020-02-05 01:52:42.168000+00:00,leaf8,sg15,false,obt-collector1,lpm,0/0/CPU0,,,,,,,,,,,,,,,,,,494,0,104,ip6mcroute,0,0,212287,3,4,0,Green,N/A,N/A,95,0,80,0,4,lpm,1

2020-02-05 01:52:54.286000+00:00,leaf8,sg15,false,obt-collector1,ecmp_fec,0/0/CPU0,,,,,,,,,,,,,,,,,,28,8,33,ip6nhgroup,0,0,4096,3,2,0,Green,N/A,N/A,95,0,80,0,4,ecmpfec,7

2020-02-05 01:52:54.286000+00:00,leaf8,sg15,false,obt-collector1,encap,0/0/CPU0,,,,,,,,,,,,,,,,,,7,0,37,mplsnh,0,0,100000,3,3,0,Green,N/A,N/A,95,0,80,0,4,encap,2

2020-02-05 01:52:54.286000+00:00,leaf8,sg15,false,obt-collector1,fec,0/0/CPU0,,,,,,,,,,,,,,,,,,349,0,80,erp,0,0,126976,3,15,0,Green,N/A,N/A,95,0,80,0,4,fec,6

2020-02-05 01:52:54.286000+00:00,leaf8,sg15,false,obt-collector1,lem,0/0/CPU0,,,,,,,,,,,,,,,,,,81,0,38,mplslabel,0,0,786432,3,3,0,Green,N/A,N/A,95,0,80,0,4,lem,0

2020-02-05 01:52:54.286000+00:00,leaf8,sg15,false,obt-collector1,lpm,0/0/CPU0,,,,,,,,,,,,,,,,,,494,0,104,ip6mcroute,0,0,212287,3,4,0,Green,N/A,N/A,95,0,80,0,4,lpm,1

2020-02-05 01:53:06.532000+00:00,leaf8,sg15,false,obt-collector1,ecmp_fec,0/0/CPU0,,,,,,,,,,,,,,,,,,28,8,33,ip6nhgroup,0,0,4096,3,2,0,Green,N/A,N/A,95,0,80,0,4,ecmpfec,7

2020-02-05 01:53:06.532000+00:00,leaf8,sg15,false,obt-collector1,encap,0/0/CPU0,,,,,,,,,,,,,,,,,,7,0,37,mplsnh,0,0,100000,3,3,0,Green,N/A,N/A,95,0,80,0,4,encap,2

2020-02-05 01:53:06.532000+00:00,leaf8,sg15,false,obt-collector1,fec,0/0/CPU0,,,,,,,,,,,,,,,,,,352,0,80,erp,0,0,126976,3,15,0,Green,N/A,N/A,95,0,80,0,4,fec,6

2020-02-05 01:53:06.532000+00:00,leaf8,sg15,false,obt-collector1,lem,0/0/CPU0,,,,,,,,,,,,,,,,,,81,0,38,mplslabel,0,0,786432,3,3,0,Green,N/A,N/A,95,0,80,0,4,lem,0

2020-02-05 01:53:06.532000+00:00,leaf8,sg15,false,obt-collector1,lpm,0/0/CPU0,,,,,,,,,,,,,,,,,,494,0,104,ip6mcroute,0,0,212287,3,4,0,Green,N/A,N/A,95,0,80,0,4,lpm,1

2020-02-05 01:53:18.910000+00:00,leaf8,sg15,false,obt-collector1,ecmp_fec,0/0/CPU0,,,,,,,,,,,,,,,,,,28,8,33,ip6nhgroup,0,0,4096,3,2,0,Green,N/A,N/A,95,0,80,0,4,ecmpfec,7

2020-02-05 01:53:18.910000+00:00,leaf8,sg15,false,obt-collector1,encap,0/0/CPU0,,,,,,,,,,,,,,,,,,7,0,37,mplsnh,0,0,100000,3,3,0,Green,N/A,N/A,95,0,80,0,4,encap,2

2020-02-05 01:53:18.910000+00:00,leaf8,sg15,false,obt-collector1,fec,0/0/CPU0,,,,,,,,,,,,,,,,,,352,0,80,erp,0,0,126976,3,15,0,Green,N/A,N/A,95,0,80,0,4,fec,6

2020-02-05 01:53:18.910000+00:00,leaf8,sg15,false,obt-collector1,lem,0/0/CPU0,,,,,,,,,,,,,,,,,,81,0,38,mplslabel,0,0,786432,3,3,0,Green,N/A,N/A,95,0,80,0,4,lem,0

2020-02-05 01:53:18.910000+00:00,leaf8,sg15,false,obt-collector1,lpm,0/0/CPU0,,,,,,,,,,,,,,,,,,494,0,104,ip6mcroute,0,0,212287,3,4,0,Green,N/A,N/A,95,0,80,0,4,lpm,1

2020-02-05 01:53:31.037000+00:00,leaf8,sg15,false,obt-collector1,ecmp_fec,0/0/CPU0,,,,,,,,,,,,,,,,,,27,7,33,ip6nhgroup,0,0,4096,3,2,0,Green,N/A,N/A,95,0,80,0,4,ecmpfec,7

2020-02-05 01:53:31.037000+00:00,leaf8,sg15,false,obt-collector1,encap,0/0/CPU0,,,,,,,,,,,,,,,,,,7,0,37,mplsnh,0,0,100000,3,3,0,Green,N/A,N/A,95,0,80,0,4,encap,2

2020-02-05 01:53:31.037000+00:00,leaf8,sg15,false,obt-collector1,fec,0/0/CPU0,,,,,,,,,,,,,,,,,,344,0,80,erp,0,0,126976,3,15,0,Green,N/A,N/A,95,0,80,0,4,fec,6

2020-02-05 01:53:31.037000+00:00,leaf8,sg15,false,obt-collector1,lem,0/0/CPU0,,,,,,,,,,,,,,,,,,81,0,38,mplslabel,0,0,786432,3,3,0,Green,N/A,N/A,95,0,80,0,4,lem,0

2020-02-05 01:53:31.037000+00:00,leaf8,sg15,false,obt-collector1,lpm,0/0/CPU0,,,,,,,,,,,,,,,,,,494,0,104,ip6mcroute,0,0,212287,3,4,0,Green,N/A,N/A,95,0,80,0,4,lpm,1

2020-02-05 01:53:43.151000+00:00,leaf8,sg15,false,obt-collector1,ecmp_fec,0/0/CPU0,,,,,,,,,,,,,,,,,,27,7,33,ip6nhgroup,0,0,4096,3,2,0,Green,N/A,N/A,95,0,80,0,4,ecmpfec,7

2020-02-05 01:53:43.151000+00:00,leaf8,sg15,false,obt-collector1,encap,0/0/CPU0,,,,,,,,,,,,,,,,,,7,0,37,mplsnh,0,0,100000,3,3,0,Green,N/A,N/A,95,0,80,0,4,encap,2

2020-02-05 01:53:43.151000+00:00,leaf8,sg15,false,obt-collector1,fec,0/0/CPU0,,,,,,,,,,,,,,,,,,343,0,80,erp,0,0,126976,3,15,0,Green,N/A,N/A,95,0,80,0,4,fec,6

2020-02-05 01:53:43.151000+00:00,leaf8,sg15,false,obt-collector1,lem,0/0/CPU0,,,,,,,,,,,,,,,,,,81,0,38,mplslabel,0,0,786432,3,3,0,Green,N/A,N/A,95,0,80,0,4,lem,0

2020-02-05 01:53:43.151000+00:00,leaf8,sg15,false,obt-collector1,lpm,0/0/CPU0,,,,,,,,,,,,,,,,,,494,0,104,ip6mcroute,0,0,212287,3,4,0,Green,N/A,N/A,95,0,80,0,4,lpm,1

2020-02-05 01:53:55.234000+00:00,leaf8,sg15,false,obt-collector1,ecmp_fec,0/0/CPU0,,,,,,,,,,,,,,,,,,27,7,33,ip6nhgroup,0,0,4096,3,2,0,Green,N/A,N/A,95,0,80,0,4,ecmpfec,7

2020-02-05 01:53:55.234000+00:00,leaf8,sg15,false,obt-collector1,encap,0/0/CPU0,,,,,,,,,,,,,,,,,,7,0,37,mplsnh,0,0,100000,3,3,0,Green,N/A,N/A,95,0,80,0,4,encap,2

2020-02-05 01:53:55.234000+00:00,leaf8,sg15,false,obt-collector1,fec,0/0/CPU0,,,,,,,,,,,,,,,,,,343,0,80,erp,0,0,126976,3,15,0,Green,N/A,N/A,95,0,80,0,4,fec,6

2020-02-05 01:53:55.234000+00:00,leaf8,sg15,false,obt-collector1,lem,0/0/CPU0,,,,,,,,,,,,,,,,,,81,0,38,mplslabel,0,0,786432,3,3,0,Green,N/A,N/A,95,0,80,0,4,lem,0

2020-02-05 01:53:55.234000+00:00,leaf8,sg15,false,obt-collector1,lpm,0/0/CPU0,,,,,,,,,,,,,,,,,,494,0,104,ip6mcroute,0,0,212287,3,4,0,Green,N/A,N/A,95,0,80,0,4,lpm,1

2020-02-05 01:54:07.385000+00:00,leaf8,sg15,false,obt-collector1,ecmp_fec,0/0/CPU0,,,,,,,,,,,,,,,,,,27,8,33,ip6nhgroup,0,0,4096,3,2,0,Green,N/A,N/A,95,0,80,0,4,ecmpfec,7

2020-02-05 01:54:07.385000+00:00,leaf8,sg15,false,obt-collector1,encap,0/0/CPU0,,,,,,,,,,,,,,,,,,7,0,37,mplsnh,0,0,100000,3,3,0,Green,N/A,N/A,95,0,80,0,4,encap,2

2020-02-05 01:54:07.385000+00:00,leaf8,sg15,false,obt-collector1,fec,0/0/CPU0,,,,,,,,,,,,,,,,,,334,0,80,erp,0,0,126976,3,15,0,Green,N/A,N/A,95,0,80,0,4,fec,6

2020-02-05 01:54:07.385000+00:00,leaf8,sg15,false,obt-collector1,lem,0/0/CPU0,,,,,,,,,,,,,,,,,,81,0,38,mplslabel,0,0,786432,3,3,0,Green,N/A,N/A,95,0,80,0,4,lem,0

2020-02-05 01:54:07.385000+00:00,leaf8,sg15,false,obt-collector1,lpm,0/0/CPU0,,,,,,,,,,,,,,,,,,493,0,104,ip6mcroute,0,0,211796,3,4,0,Green,N/A,N/A,95,0,80,0,4,lpm,1

2020-02-05 01:54:19.489000+00:00,leaf8,sg15,false,obt-collector1,ecmp_fec,0/0/CPU0,,,,,,,,,,,,,,,,,,27,8,33,ip6nhgroup,0,0,4096,3,2,0,Green,N/A,N/A,95,0,80,0,4,ecmpfec,7

2020-02-05 01:54:19.489000+00:00,leaf8,sg15,false,obt-collector1,encap,0/0/CPU0,,,,,,,,,,,,,,,,,,7,0,37,mplsnh,0,0,100000,3,3,0,Green,N/A,N/A,95,0,80,0,4,encap,2

2020-02-05 01:54:19.489000+00:00,leaf8,sg15,false,obt-collector1,fec,0/0/CPU0,,,,,,,,,,,,,,,,,,334,0,80,erp,0,0,126976,3,15,0,Green,N/A,N/A,95,0,80,0,4,fec,6

2020-02-05 01:54:19.489000+00:00,leaf8,sg15,false,obt-collector1,lem,0/0/CPU0,,,,,,,,,,,,,,,,,,81,0,38,mplslabel,0,0,786432,3,3,0,Green,N/A,N/A,95,0,80,0,4,lem,0

2020-02-05 01:54:19.489000+00:00,leaf8,sg15,false,obt-collector1,lpm,0/0/CPU0,,,,,,,,,,,,,,,,,,493,0,104,ip6mcroute,0,0,211796,3,4,0,Green,N/A,N/A,95,0,80,0,4,lpm,1

2020-02-05 01:54:31.786000+00:00,leaf8,sg15,false,obt-collector1,ecmp_fec,0/0/CPU0,,,,,,,,,,,,,,,,,,27,7,33,ip6nhgroup,0,0,4096,3,2,0,Green,N/A,N/A,95,0,80,0,4,ecmpfec,7

2020-02-05 01:54:31.786000+00:00,leaf8,sg15,false,obt-collector1,encap,0/0/CPU0,,,,,,,,,,,,,,,,,,7,0,37,mplsnh,0,0,100000,3,3,0,Green,N/A,N/A,95,0,80,0,4,encap,2

2020-02-05 01:54:31.786000+00:00,leaf8,sg15,false,obt-collector1,fec,0/0/CPU0,,,,,,,,,,,,,,,,,,335,0,80,erp,0,0,126976,3,15,0,Green,N/A,N/A,95,0,80,0,4,fec,6

2020-02-05 01:54:31.786000+00:00,leaf8,sg15,false,obt-collector1,lem,0/0/CPU0,,,,,,,,,,,,,,,,,,81,0,38,mplslabel,0,0,786432,3,3,0,Green,N/A,N/A,95,0,80,0,4,lem,0

2020-02-05 01:54:31.786000+00:00,leaf8,sg15,false,obt-collector1,lpm,0/0/CPU0,,,,,,,,,,,,,,,,,,494,0,104,ip6mcroute,0,0,212287,3,4,0,Green,N/A,N/A,95,0,80,0,4,lpm,1

2020-02-05 01:54:43.791000+00:00,leaf8,sg15,false,obt-collector1,ecmp_fec,0/0/CPU0,,,,,,,,,,,,,,,,,,27,7,33,ip6nhgroup,0,0,4096,3,2,0,Green,N/A,N/A,95,0,80,0,4,ecmpfec,7

2020-02-05 01:54:43.791000+00:00,leaf8,sg15,false,obt-collector1,encap,0/0/CPU0,,,,,,,,,,,,,,,,,,7,0,37,mplsnh,0,0,100000,3,3,0,Green,N/A,N/A,95,0,80,0,4,encap,2

2020-02-05 01:54:43.791000+00:00,leaf8,sg15,false,obt-collector1,fec,0/0/CPU0,,,,,,,,,,,,,,,,,,335,0,80,erp,0,0,126976,3,15,0,Green,N/A,N/A,95,0,80,0,4,fec,6

2020-02-05 01:54:43.791000+00:00,leaf8,sg15,false,obt-collector1,lem,0/0/CPU0,,,,,,,,,,,,,,,,,,81,0,38,mplslabel,0,0,786432,3,3,0,Green,N/A,N/A,95,0,80,0,4,lem,0

2020-02-05 01:54:43.791000+00:00,leaf8,sg15,false,obt-collector1,lpm,0/0/CPU0,,,,,,,,,,,,,,,,,,494,0,104,ip6mcroute,0,0,212287,3,4,0,Green,N/A,N/A,95,0,80,0,4,lpm,1

2020-02-05 01:54:57.292000+00:00,leaf8,sg15,false,obt-collector1,ecmp_fec,0/0/CPU0,,,,,,,,,,,,,,,,,,27,7,33,ip6nhgroup,0,0,4096,3,2,0,Green,N/A,N/A,95,0,80,0,4,ecmpfec,7

2020-02-05 01:54:57.292000+00:00,leaf8,sg15,false,obt-collector1,encap,0/0/CPU0,,,,,,,,,,,,,,,,,,7,0,37,mplsnh,0,0,100000,3,3,0,Green,N/A,N/A,95,0,80,0,4,encap,2

2020-02-05 01:54:57.292000+00:00,leaf8,sg15,false,obt-collector1,fec,0/0/CPU0,,,,,,,,,,,,,,,,,,335,0,80,erp,0,0,126976,3,15,0,Green,N/A,N/A,95,0,80,0,4,fec,6

2020-02-05 01:54:57.292000+00:00,leaf8,sg15,false,obt-collector1,lem,0/0/CPU0,,,,,,,,,,,,,,,,,,81,0,38,mplslabel,0,0,786432,3,3,0,Green,N/A,N/A,95,0,80,0,4,lem,0

2020-02-05 01:54:57.292000+00:00,leaf8,sg15,false,obt-collector1,lpm,0/0/CPU0,,,,,,,,,,,,,,,,,,494,0,104,ip6mcroute,0,0,212287,3,4,0,Green,N/A,N/A,95,0,80,0,4,lpm,1

2020-02-05 01:55:09.394000+00:00,leaf8,sg15,false,obt-collector1,ecmp_fec,0/0/CPU0,,,,,,,,,,,,,,,,,,27,7,33,ip6nhgroup,0,0,4096,3,2,0,Green,N/A,N/A,95,0,80,0,4,ecmpfec,7

2020-02-05 01:55:09.394000+00:00,leaf8,sg15,false,obt-collector1,encap,0/0/CPU0,,,,,,,,,,,,,,,,,,7,0,37,mplsnh,0,0,100000,3,3,0,Green,N/A,N/A,95,0,80,0,4,encap,2

2020-02-05 01:55:09.394000+00:00,leaf8,sg15,false,obt-collector1,fec,0/0/CPU0,,,,,,,,,,,,,,,,,,335,0,80,erp,0,0,126976,3,15,0,Green,N/A,N/A,95,0,80,0,4,fec,6

2020-02-05 01:55:09.394000+00:00,leaf8,sg15,false,obt-collector1,lem,0/0/CPU0,,,,,,,,,,,,,,,,,,81,0,38,mplslabel,0,0,786432,3,3,0,Green,N/A,N/A,95,0,80,0,4,lem,0

2020-02-05 01:55:09.394000+00:00,leaf8,sg15,false,obt-collector1,lpm,0/0/CPU0,,,,,,,,,,,,,,,,,,494,0,104,ip6mcroute,0,0,212287,3,4,0,Green,N/A,N/A,95,0,80,0,4,lpm,1

2020-02-05 01:55:21.544000+00:00,leaf8,sg15,false,obt-collector1,ecmp_fec,0/0/CPU0,,,,,,,,,,,,,,,,,,27,7,33,ip6nhgroup,0,0,4096,3,2,0,Green,N/A,N/A,95,0,80,0,4,ecmpfec,7

2020-02-05 01:55:21.544000+00:00,leaf8,sg15,false,obt-collector1,encap,0/0/CPU0,,,,,,,,,,,,,,,,,,7,0,37,mplsnh,0,0,100000,3,3,0,Green,N/A,N/A,95,0,80,0,4,encap,2

2020-02-05 01:55:21.544000+00:00,leaf8,sg15,false,obt-collector1,fec,0/0/CPU0,,,,,,,,,,,,,,,,,,335,0,80,erp,0,0,126976,3,15,0,Green,N/A,N/A,95,0,80,0,4,fec,6

2020-02-05 01:55:21.544000+00:00,leaf8,sg15,false,obt-collector1,lem,0/0/CPU0,,,,,,,,,,,,,,,,,,81,0,38,mplslabel,0,0,786432,3,3,0,Green,N/A,N/A,95,0,80,0,4,lem,0

2020-02-05 01:55:21.544000+00:00,leaf8,sg15,false,obt-collector1,lpm,0/0/CPU0,,,,,,,,,,,,,,,,,,494,0,104,ip6mcroute,0,0,212287,3,4,0,Green,N/A,N/A,95,0,80,0,4,lpm,1

2020-02-05 01:55:34.006000+00:00,leaf8,sg15,false,obt-collector1,ecmp_fec,0/0/CPU0,,,,,,,,,,,,,,,,,,26,7,33,ip6nhgroup,0,0,4096,3,2,0,Green,N/A,N/A,95,0,80,0,4,ecmpfec,7

2020-02-05 01:55:34.006000+00:00,leaf8,sg15,false,obt-collector1,encap,0/0/CPU0,,,,,,,,,,,,,,,,,,7,0,37,mplsnh,0,0,100000,3,3,0,Green,N/A,N/A,95,0,80,0,4,encap,2

2020-02-05 01:55:34.006000+00:00,leaf8,sg15,false,obt-collector1,fec,0/0/CPU0,,,,,,,,,,,,,,,,,,329,0,80,erp,0,0,126976,3,15,0,Green,N/A,N/A,95,0,80,0,4,fec,6

2020-02-05 01:55:34.006000+00:00,leaf8,sg15,false,obt-collector1,lem,0/0/CPU0,,,,,,,,,,,,,,,,,,81,0,38,mplslabel,0,0,786432,3,3,0,Green,N/A,N/A,95,0,80,0,4,lem,0

2020-02-05 01:55:34.006000+00:00,leaf8,sg15,false,obt-collector1,lpm,0/0/CPU0,,,,,,,,,,,,,,,,,,493,0,104,ip6mcroute,0,0,211796,3,4,0,Green,N/A,N/A,95,0,80,0,4,lpm,1

2020-02-05 01:55:47.438000+00:00,leaf8,sg15,false,obt-collector1,ecmp_fec,0/0/CPU0,,,,,,,,,,,,,,,,,,27,7,33,ip6nhgroup,0,0,4096,3,2,0,Green,N/A,N/A,95,0,80,0,4,ecmpfec,7

2020-02-05 01:55:47.438000+00:00,leaf8,sg15,false,obt-collector1,encap,0/0/CPU0,,,,,,,,,,,,,,,,,,7,0,37,mplsnh,0,0,100000,3,3,0,Green,N/A,N/A,95,0,80,0,4,encap,2

2020-02-05 01:55:47.438000+00:00,leaf8,sg15,false,obt-collector1,fec,0/0/CPU0,,,,,,,,,,,,,,,,,,332,0,80,erp,0,0,126976,3,15,0,Green,N/A,N/A,95,0,80,0,4,fec,6

2020-02-05 01:55:47.438000+00:00,leaf8,sg15,false,obt-collector1,lem,0/0/CPU0,,,,,,,,,,,,,,,,,,81,0,38,mplslabel,0,0,786432,3,3,0,Green,N/A,N/A,95,0,80,0,4,lem,0

2020-02-05 01:55:47.438000+00:00,leaf8,sg15,false,obt-collector1,lpm,0/0/CPU0,,,,,,,,,,,,,,,,,,493,0,104,ip6mcroute,0,0,211796,3,4,0,Green,N/A,N/A,95,0,80,0,4,lpm,1

2020-02-05 01:56:00.041000+00:00,leaf8,sg15,false,obt-collector1,ecmp_fec,0/0/CPU0,,,,,,,,,,,,,,,,,,26,7,33,ip6nhgroup,0,0,4096,3,2,0,Green,N/A,N/A,95,0,80,0,4,ecmpfec,7

2020-02-05 01:56:00.041000+00:00,leaf8,sg15,false,obt-collector1,encap,0/0/CPU0,,,,,,,,,,,,,,,,,,7,0,37,mplsnh,0,0,100000,3,3,0,Green,N/A,N/A,95,0,80,0,4,encap,2

2020-02-05 01:56:00.041000+00:00,leaf8,sg15,false,obt-collector1,fec,0/0/CPU0,,,,,,,,,,,,,,,,,,329,0,80,erp,0,0,126976,3,15,0,Green,N/A,N/A,95,0,80,0,4,fec,6

2020-02-05 01:56:00.041000+00:00,leaf8,sg15,false,obt-collector1,lem,0/0/CPU0,,,,,,,,,,,,,,,,,,81,0,38,mplslabel,0,0,786432,3,3,0,Green,N/A,N/A,95,0,80,0,4,lem,0

2020-02-05 01:56:00.041000+00:00,leaf8,sg15,false,obt-collector1,lpm,0/0/CPU0,,,,,,,,,,,,,,,,,,493,0,104,ip6mcroute,0,0,211796,3,4,0,Green,N/A,N/A,95,0,80,0,4,lpm,1

2020-02-05 01:56:12.590000+00:00,leaf8,sg15,false,obt-collector1,ecmp_fec,0/0/CPU0,,,,,,,,,,,,,,,,,,26,7,33,ip6nhgroup,0,0,4096,3,2,0,Green,N/A,N/A,95,0,80,0,4,ecmpfec,7

2020-02-05 01:56:12.590000+00:00,leaf8,sg15,false,obt-collector1,encap,0/0/CPU0,,,,,,,,,,,,,,,,,,7,0,37,mplsnh,0,0,100000,3,3,0,Green,N/A,N/A,95,0,80,0,4,encap,2

2020-02-05 01:56:12.590000+00:00,leaf8,sg15,false,obt-collector1,fec,0/0/CPU0,,,,,,,,,,,,,,,,,,329,0,80,erp,0,0,126976,3,15,0,Green,N/A,N/A,95,0,80,0,4,fec,6

2020-02-05 01:56:12.590000+00:00,leaf8,sg15,false,obt-collector1,lem,0/0/CPU0,,,,,,,,,,,,,,,,,,81,0,38,mplslabel,0,0,786432,3,3,0,Green,N/A,N/A,95,0,80,0,4,lem,0

2020-02-05 01:56:12.590000+00:00,leaf8,sg15,false,obt-collector1,lpm,0/0/CPU0,,,,,,,,,,,,,,,,,,493,0,104,ip6mcroute,0,0,211796,3,4,0,Green,N/A,N/A,95,0,80,0,4,lpm,1

2020-02-05 01:56:24.683000+00:00,leaf8,sg15,false,obt-collector1,ecmp_fec,0/0/CPU0,,,,,,,,,,,,,,,,,,26,7,33,ip6nhgroup,0,0,4096,3,2,0,Green,N/A,N/A,95,0,80,0,4,ecmpfec,7

2020-02-05 01:56:24.683000+00:00,leaf8,sg15,false,obt-collector1,encap,0/0/CPU0,,,,,,,,,,,,,,,,,,7,0,37,mplsnh,0,0,100000,3,3,0,Green,N/A,N/A,95,0,80,0,4,encap,2

2020-02-05 01:56:24.683000+00:00,leaf8,sg15,false,obt-collector1,fec,0/0/CPU0,,,,,,,,,,,,,,,,,,329,0,80,erp,0,0,126976,3,15,0,Green,N/A,N/A,95,0,80,0,4,fec,6

2020-02-05 01:56:24.683000+00:00,leaf8,sg15,false,obt-collector1,lem,0/0/CPU0,,,,,,,,,,,,,,,,,,81,0,38,mplslabel,0,0,786432,3,3,0,Green,N/A,N/A,95,0,80,0,4,lem,0

2020-02-05 01:56:24.683000+00:00,leaf8,sg15,false,obt-collector1,lpm,0/0/CPU0,,,,,,,,,,,,,,,,,,493,0,104,ip6mcroute,0,0,211796,3,4,0,Green,N/A,N/A,95,0,80,0,4,lpm,1

2020-02-05 01:56:36.949000+00:00,leaf8,sg15,false,obt-collector1,ecmp_fec,0/0/CPU0,,,,,,,,,,,,,,,,,,26,7,33,ip6nhgroup,0,0,4096,3,2,0,Green,N/A,N/A,95,0,80,0,4,ecmpfec,7

2020-02-05 01:56:36.949000+00:00,leaf8,sg15,false,obt-collector1,encap,0/0/CPU0,,,,,,,,,,,,,,,,,,7,0,37,mplsnh,0,0,100000,3,3,0,Green,N/A,N/A,95,0,80,0,4,encap,2

2020-02-05 01:56:36.949000+00:00,leaf8,sg15,false,obt-collector1,fec,0/0/CPU0,,,,,,,,,,,,,,,,,,329,0,80,erp,0,0,126976,3,15,0,Green,N/A,N/A,95,0,80,0,4,fec,6

2020-02-05 01:56:36.949000+00:00,leaf8,sg15,false,obt-collector1,lem,0/0/CPU0,,,,,,,,,,,,,,,,,,81,0,38,mplslabel,0,0,786432,3,3,0,Green,N/A,N/A,95,0,80,0,4,lem,0

2020-02-05 01:56:36.949000+00:00,leaf8,sg15,false,obt-collector1,lpm,0/0/CPU0,,,,,,,,,,,,,,,,,,492,0,104,ip6mcroute,0,0,211795,3,4,0,Green,N/A,N/A,95,0,80,0,4,lpm,1

2020-02-05 01:56:49.104000+00:00,leaf8,sg15,false,obt-collector1,ecmp_fec,0/0/CPU0,,,,,,,,,,,,,,,,,,26,7,33,ip6nhgroup,0,0,4096,3,2,0,Green,N/A,N/A,95,0,80,0,4,ecmpfec,7

2020-02-05 01:56:49.104000+00:00,leaf8,sg15,false,obt-collector1,encap,0/0/CPU0,,,,,,,,,,,,,,,,,,7,0,37,mplsnh,0,0,100000,3,3,0,Green,N/A,N/A,95,0,80,0,4,encap,2

2020-02-05 01:56:49.104000+00:00,leaf8,sg15,false,obt-collector1,fec,0/0/CPU0,,,,,,,,,,,,,,,,,,329,0,80,erp,0,0,126976,3,15,0,Green,N/A,N/A,95,0,80,0,4,fec,6

2020-02-05 01:56:49.104000+00:00,leaf8,sg15,false,obt-collector1,lem,0/0/CPU0,,,,,,,,,,,,,,,,,,81,0,38,mplslabel,0,0,786432,3,3,0,Green,N/A,N/A,95,0,80,0,4,lem,0

2020-02-05 01:56:49.104000+00:00,leaf8,sg15,false,obt-collector1,lpm,0/0/CPU0,,,,,,,,,,,,,,,,,,492,0,104,ip6mcroute,0,0,211795,3,4,0,Green,N/A,N/A,95,0,80,0,4,lpm,1

2020-02-05 01:57:01.343000+00:00,leaf8,sg15,false,obt-collector1,ecmp_fec,0/0/CPU0,,,,,,,,,,,,,,,,,,26,7,33,ip6nhgroup,0,0,4096,3,2,0,Green,N/A,N/A,95,0,80,0,4,ecmpfec,7

2020-02-05 01:57:01.343000+00:00,leaf8,sg15,false,obt-collector1,encap,0/0/CPU0,,,,,,,,,,,,,,,,,,7,0,37,mplsnh,0,0,100000,3,3,0,Green,N/A,N/A,95,0,80,0,4,encap,2

2020-02-05 01:57:01.343000+00:00,leaf8,sg15,false,obt-collector1,fec,0/0/CPU0,,,,,,,,,,,,,,,,,,329,0,80,erp,0,0,126976,3,15,0,Green,N/A,N/A,95,0,80,0,4,fec,6

2020-02-05 01:57:01.343000+00:00,leaf8,sg15,false,obt-collector1,lem,0/0/CPU0,,,,,,,,,,,,,,,,,,81,0,38,mplslabel,0,0,786432,3,3,0,Green,N/A,N/A,95,0,80,0,4,lem,0

2020-02-05 01:57:01.343000+00:00,leaf8,sg15,false,obt-collector1,lpm,0/0/CPU0,,,,,,,,,,,,,,,,,,492,0,104,ip6mcroute,0,0,211795,3,4,0,Green,N/A,N/A,95,0,80,0,4,lpm,1

2020-02-05 01:57:13.267000+00:00,leaf8,sg15,false,obt-collector1,ecmp_fec,0/0/CPU0,,,,,,,,,,,,,,,,,,26,7,33,ip6nhgroup,0,0,4096,3,2,0,Green,N/A,N/A,95,0,80,0,4,ecmpfec,7

2020-02-05 01:57:13.267000+00:00,leaf8,sg15,false,obt-collector1,encap,0/0/CPU0,,,,,,,,,,,,,,,,,,7,0,37,mplsnh,0,0,100000,3,3,0,Green,N/A,N/A,95,0,80,0,4,encap,2

2020-02-05 01:57:13.267000+00:00,leaf8,sg15,false,obt-collector1,fec,0/0/CPU0,,,,,,,,,,,,,,,,,,329,0,80,erp,0,0,126976,3,15,0,Green,N/A,N/A,95,0,80,0,4,fec,6

2020-02-05 01:57:13.267000+00:00,leaf8,sg15,false,obt-collector1,lem,0/0/CPU0,,,,,,,,,,,,,,,,,,81,0,38,mplslabel,0,0,786432,3,3,0,Green,N/A,N/A,95,0,80,0,4,lem,0

2020-02-05 01:57:13.267000+00:00,leaf8,sg15,false,obt-collector1,lpm,0/0/CPU0,,,,,,,,,,,,,,,,,,492,0,104,ip6mcroute,0,0,211795,3,4,0,Green,N/A,N/A,95,0,80,0,4,lpm,1

2020-02-05 01:57:25.370000+00:00,leaf8,sg15,false,obt-collector1,ecmp_fec,0/0/CPU0,,,,,,,,,,,,,,,,,,26,7,33,ip6nhgroup,0,0,4096,3,2,0,Green,N/A,N/A,95,0,80,0,4,ecmpfec,7

2020-02-05 01:57:25.370000+00:00,leaf8,sg15,false,obt-collector1,encap,0/0/CPU0,,,,,,,,,,,,,,,,,,7,0,37,mplsnh,0,0,100000,3,3,0,Green,N/A,N/A,95,0,80,0,4,encap,2

2020-02-05 01:57:25.370000+00:00,leaf8,sg15,false,obt-collector1,fec,0/0/CPU0,,,,,,,,,,,,,,,,,,329,0,80,erp,0,0,126976,3,15,0,Green,N/A,N/A,95,0,80,0,4,fec,6

2020-02-05 01:57:25.370000+00:00,leaf8,sg15,false,obt-collector1,lem,0/0/CPU0,,,,,,,,,,,,,,,,,,81,0,38,mplslabel,0,0,786432,3,3,0,Green,N/A,N/A,95,0,80,0,4,lem,0

2020-02-05 01:57:25.370000+00:00,leaf8,sg15,false,obt-collector1,lpm,0/0/CPU0,,,,,,,,,,,,,,,,,,492,0,104,ip6mcroute,0,0,211795,3,4,0,Green,N/A,N/A,95,0,80,0,4,lpm,1

2020-02-05 01:57:37.581000+00:00,leaf8,sg15,false,obt-collector1,ecmp_fec,0/0/CPU0,,,,,,,,,,,,,,,,,,26,7,33,ip6nhgroup,0,0,4096,3,2,0,Green,N/A,N/A,95,0,80,0,4,ecmpfec,7

2020-02-05 01:57:37.581000+00:00,leaf8,sg15,false,obt-collector1,encap,0/0/CPU0,,,,,,,,,,,,,,,,,,7,0,37,mplsnh,0,0,100000,3,3,0,Green,N/A,N/A,95,0,80,0,4,encap,2

2020-02-05 01:57:37.581000+00:00,leaf8,sg15,false,obt-collector1,fec,0/0/CPU0,,,,,,,,,,,,,,,,,,329,0,80,erp,0,0,126976,3,15,0,Green,N/A,N/A,95,0,80,0,4,fec,6

2020-02-05 01:57:37.581000+00:00,leaf8,sg15,false,obt-collector1,lem,0/0/CPU0,,,,,,,,,,,,,,,,,,81,0,38,mplslabel,0,0,786432,3,3,0,Green,N/A,N/A,95,0,80,0,4,lem,0

2020-02-05 01:57:37.581000+00:00,leaf8,sg15,false,obt-collector1,lpm,0/0/CPU0,,,,,,,,,,,,,,,,,,492,0,104,ip6mcroute,0,0,211795,3,4,0,Green,N/A,N/A,95,0,80,0,4,lpm,1

2020-02-05 01:57:50.104000+00:00,leaf8,sg15,false,obt-collector1,ecmp_fec,0/0/CPU0,,,,,,,,,,,,,,,,,,26,7,33,ip6nhgroup,0,0,4096,3,2,0,Green,N/A,N/A,95,0,80,0,4,ecmpfec,7

2020-02-05 01:57:50.104000+00:00,leaf8,sg15,false,obt-collector1,encap,0/0/CPU0,,,,,,,,,,,,,,,,,,7,0,37,mplsnh,0,0,100000,3,3,0,Green,N/A,N/A,95,0,80,0,4,encap,2

2020-02-05 01:57:50.104000+00:00,leaf8,sg15,false,obt-collector1,fec,0/0/CPU0,,,,,,,,,,,,,,,,,,329,0,80,erp,0,0,126976,3,15,0,Green,N/A,N/A,95,0,80,0,4,fec,6

2020-02-05 01:57:50.104000+00:00,leaf8,sg15,false,obt-collector1,lem,0/0/CPU0,,,,,,,,,,,,,,,,,,81,0,38,mplslabel,0,0,786432,3,3,0,Green,N/A,N/A,95,0,80,0,4,lem,0

2020-02-05 01:57:50.104000+00:00,leaf8,sg15,false,obt-collector1,lpm,0/0/CPU0,,,,,,,,,,,,,,,,,,492,0,104,ip6mcroute,0,0,211795,3,4,0,Green,N/A,N/A,95,0,80,0,4,lpm,1

2020-02-05 01:58:02.279000+00:00,leaf8,sg15,false,obt-collector1,lem,0/0/CPU0,,,,,,,,,,,,,,,,,,81,0,38,mplslabel,0,0,786432,3,3,0,Green,N/A,N/A,95,0,80,0,4,lem,0

2020-02-05 01:58:02.280000+00:00,leaf8,sg15,false,obt-collector1,ecmp_fec,0/0/CPU0,,,,,,,,,,,,,,,,,,26,7,33,ip6nhgroup,0,0,4096,3,2,0,Green,N/A,N/A,95,0,80,0,4,ecmpfec,7

2020-02-05 01:58:02.280000+00:00,leaf8,sg15,false,obt-collector1,encap,0/0/CPU0,,,,,,,,,,,,,,,,,,7,0,37,mplsnh,0,0,100000,3,3,0,Green,N/A,N/A,95,0,80,0,4,encap,2

2020-02-05 01:58:02.280000+00:00,leaf8,sg15,false,obt-collector1,fec,0/0/CPU0,,,,,,,,,,,,,,,,,,329,0,80,erp,0,0,126976,3,15,0,Green,N/A,N/A,95,0,80,0,4,fec,6

2020-02-05 01:58:02.280000+00:00,leaf8,sg15,false,obt-collector1,lpm,0/0/CPU0,,,,,,,,,,,,,,,,,,492,0,104,ip6mcroute,0,0,211795,3,4,0,Green,N/A,N/A,95,0,80,0,4,lpm,1

2020-02-05 01:58:14.434000+00:00,leaf8,sg15,false,obt-collector1,ecmp_fec,0/0/CPU0,,,,,,,,,,,,,,,,,,26,7,33,ip6nhgroup,0,0,4096,3,2,0,Green,N/A,N/A,95,0,80,0,4,ecmpfec,7

2020-02-05 01:58:14.434000+00:00,leaf8,sg15,false,obt-collector1,encap,0/0/CPU0,,,,,,,,,,,,,,,,,,7,0,37,mplsnh,0,0,100000,3,3,0,Green,N/A,N/A,95,0,80,0,4,encap,2

2020-02-05 01:58:14.434000+00:00,leaf8,sg15,false,obt-collector1,fec,0/0/CPU0,,,,,,,,,,,,,,,,,,329,0,80,erp,0,0,126976,3,15,0,Green,N/A,N/A,95,0,80,0,4,fec,6

2020-02-05 01:58:14.434000+00:00,leaf8,sg15,false,obt-collector1,lem,0/0/CPU0,,,,,,,,,,,,,,,,,,81,0,38,mplslabel,0,0,786432,3,3,0,Green,N/A,N/A,95,0,80,0,4,lem,0

2020-02-05 01:58:14.434000+00:00,leaf8,sg15,false,obt-collector1,lpm,0/0/CPU0,,,,,,,,,,,,,,,,,,492,0,104,ip6mcroute,0,0,211795,3,4,0,Green,N/A,N/A,95,0,80,0,4,lpm,1

2020-02-05 01:58:26.683000+00:00,leaf8,sg15,false,obt-collector1,ecmp_fec,0/0/CPU0,,,,,,,,,,,,,,,,,,26,7,33,ip6nhgroup,0,0,4096,3,2,0,Green,N/A,N/A,95,0,80,0,4,ecmpfec,7

2020-02-05 01:58:26.683000+00:00,leaf8,sg15,false,obt-collector1,encap,0/0/CPU0,,,,,,,,,,,,,,,,,,7,0,37,mplsnh,0,0,100000,3,3,0,Green,N/A,N/A,95,0,80,0,4,encap,2

2020-02-05 01:58:26.683000+00:00,leaf8,sg15,false,obt-collector1,fec,0/0/CPU0,,,,,,,,,,,,,,,,,,329,0,80,erp,0,0,126976,3,15,0,Green,N/A,N/A,95,0,80,0,4,fec,6

2020-02-05 01:58:26.683000+00:00,leaf8,sg15,false,obt-collector1,lem,0/0/CPU0,,,,,,,,,,,,,,,,,,81,0,38,mplslabel,0,0,786432,3,3,0,Green,N/A,N/A,95,0,80,0,4,lem,0

2020-02-05 01:58:26.683000+00:00,leaf8,sg15,false,obt-collector1,lpm,0/0/CPU0,,,,,,,,,,,,,,,,,,492,0,104,ip6mcroute,0,0,211795,3,4,0,Green,N/A,N/A,95,0,80,0,4,lpm,1

2020-02-05 01:58:38.765000+00:00,leaf8,sg15,false,obt-collector1,encap,0/0/CPU0,,,,,,,,,,,,,,,,,,7,0,37,mplsnh,0,0,100000,3,3,0,Green,N/A,N/A,95,0,80,0,4,encap,2

2020-02-05 01:58:38.765000+00:00,leaf8,sg15,false,obt-collector1,lem,0/0/CPU0,,,,,,,,,,,,,,,,,,81,0,38,mplslabel,0,0,786432,3,3,0,Green,N/A,N/A,95,0,80,0,4,lem,0

2020-02-05 01:58:38.765000+00:00,leaf8,sg15,false,obt-collector1,lpm,0/0/CPU0,,,,,,,,,,,,,,,,,,492,0,104,ip6mcroute,0,0,211795,3,4,0,Green,N/A,N/A,95,0,80,0,4,lpm,1

2020-02-05 01:58:38.766000+00:00,leaf8,sg15,false,obt-collector1,ecmp_fec,0/0/CPU0,,,,,,,,,,,,,,,,,,26,7,33,ip6nhgroup,0,0,4096,3,2,0,Green,N/A,N/A,95,0,80,0,4,ecmpfec,7

2020-02-05 01:58:38.766000+00:00,leaf8,sg15,false,obt-collector1,fec,0/0/CPU0,,,,,,,,,,,,,,,,,,329,0,80,erp,0,0,126976,3,15,0,Green,N/A,N/A,95,0,80,0,4,fec,6

2020-02-05 01:58:50.824000+00:00,leaf8,sg15,false,obt-collector1,ecmp_fec,0/0/CPU0,,,,,,,,,,,,,,,,,,26,7,33,ip6nhgroup,0,0,4096,3,2,0,Green,N/A,N/A,95,0,80,0,4,ecmpfec,7

2020-02-05 01:58:50.824000+00:00,leaf8,sg15,false,obt-collector1,encap,0/0/CPU0,,,,,,,,,,,,,,,,,,7,0,37,mplsnh,0,0,100000,3,3,0,Green,N/A,N/A,95,0,80,0,4,encap,2

2020-02-05 01:58:50.824000+00:00,leaf8,sg15,false,obt-collector1,fec,0/0/CPU0,,,,,,,,,,,,,,,,,,329,0,80,erp,0,0,126976,3,15,0,Green,N/A,N/A,95,0,80,0,4,fec,6

2020-02-05 01:58:50.824000+00:00,leaf8,sg15,false,obt-collector1,lem,0/0/CPU0,,,,,,,,,,,,,,,,,,81,0,38,mplslabel,0,0,786432,3,3,0,Green,N/A,N/A,95,0,80,0,4,lem,0

2020-02-05 01:58:50.824000+00:00,leaf8,sg15,false,obt-collector1,lpm,0/0/CPU0,,,,,,,,,,,,,,,,,,492,0,104,ip6mcroute,0,0,211795,3,4,0,Green,N/A,N/A,95,0,80,0,4,lpm,1

2020-02-05 01:59:04.636000+00:00,leaf8,sg15,false,obt-collector1,ecmp_fec,0/0/CPU0,,,,,,,,,,,,,,,,,,26,7,33,ip6nhgroup,0,0,4096,3,2,0,Green,N/A,N/A,95,0,80,0,4,ecmpfec,7

2020-02-05 01:59:04.636000+00:00,leaf8,sg15,false,obt-collector1,encap,0/0/CPU0,,,,,,,,,,,,,,,,,,7,0,37,mplsnh,0,0,100000,3,3,0,Green,N/A,N/A,95,0,80,0,4,encap,2

2020-02-05 01:59:04.636000+00:00,leaf8,sg15,false,obt-collector1,fec,0/0/CPU0,,,,,,,,,,,,,,,,,,329,0,80,erp,0,0,126976,3,15,0,Green,N/A,N/A,95,0,80,0,4,fec,6

2020-02-05 01:59:04.636000+00:00,leaf8,sg15,false,obt-collector1,lem,0/0/CPU0,,,,,,,,,,,,,,,,,,81,0,38,mplslabel,0,0,786432,3,3,0,Green,N/A,N/A,95,0,80,0,4,lem,0

2020-02-05 01:59:04.636000+00:00,leaf8,sg15,false,obt-collector1,lpm,0/0/CPU0,,,,,,,,,,,,,,,,,,492,0,104,ip6mcroute,0,0,211795,3,4,0,Green,N/A,N/A,95,0,80,0,4,lpm,1

2020-02-05 01:59:16.985000+00:00,leaf8,sg15,false,obt-collector1,ecmp_fec,0/0/CPU0,,,,,,,,,,,,,,,,,,26,7,33,ip6nhgroup,0,0,4096,3,2,0,Green,N/A,N/A,95,0,80,0,4,ecmpfec,7

2020-02-05 01:59:16.985000+00:00,leaf8,sg15,false,obt-collector1,encap,0/0/CPU0,,,,,,,,,,,,,,,,,,7,0,37,mplsnh,0,0,100000,3,3,0,Green,N/A,N/A,95,0,80,0,4,encap,2

2020-02-05 01:59:16.985000+00:00,leaf8,sg15,false,obt-collector1,fec,0/0/CPU0,,,,,,,,,,,,,,,,,,329,0,80,erp,0,0,126976,3,15,0,Green,N/A,N/A,95,0,80,0,4,fec,6

2020-02-05 01:59:16.985000+00:00,leaf8,sg15,false,obt-collector1,lem,0/0/CPU0,,,,,,,,,,,,,,,,,,81,0,38,mplslabel,0,0,786432,3,3,0,Green,N/A,N/A,95,0,80,0,4,lem,0

2020-02-05 01:59:16.985000+00:00,leaf8,sg15,false,obt-collector1,lpm,0/0/CPU0,,,,,,,,,,,,,,,,,,492,0,104,ip6mcroute,0,0,211795,3,4,0,Green,N/A,N/A,95,0,80,0,4,lpm,1

2020-02-05 01:59:29.057000+00:00,leaf8,sg15,false,obt-collector1,ecmp_fec,0/0/CPU0,,,,,,,,,,,,,,,,,,26,7,33,ip6nhgroup,0,0,4096,3,2,0,Green,N/A,N/A,95,0,80,0,4,ecmpfec,7

2020-02-05 01:59:29.057000+00:00,leaf8,sg15,false,obt-collector1,encap,0/0/CPU0,,,,,,,,,,,,,,,,,,7,0,37,mplsnh,0,0,100000,3,3,0,Green,N/A,N/A,95,0,80,0,4,encap,2

2020-02-05 01:59:29.057000+00:00,leaf8,sg15,false,obt-collector1,fec,0/0/CPU0,,,,,,,,,,,,,,,,,,329,0,80,erp,0,0,126976,3,15,0,Green,N/A,N/A,95,0,80,0,4,fec,6

2020-02-05 01:59:29.057000+00:00,leaf8,sg15,false,obt-collector1,lem,0/0/CPU0,,,,,,,,,,,,,,,,,,81,0,38,mplslabel,0,0,786432,3,3,0,Green,N/A,N/A,95,0,80,0,4,lem,0

2020-02-05 01:59:29.057000+00:00,leaf8,sg15,false,obt-collector1,lpm,0/0/CPU0,,,,,,,,,,,,,,,,,,492,0,104,ip6mcroute,0,0,211795,3,4,0,Green,N/A,N/A,95,0,80,0,4,lpm,1

2020-02-05 01:59:41.207000+00:00,leaf8,sg15,false,obt-collector1,ecmp_fec,0/0/CPU0,,,,,,,,,,,,,,,,,,26,7,33,ip6nhgroup,0,0,4096,3,2,0,Green,N/A,N/A,95,0,80,0,4,ecmpfec,7

2020-02-05 01:59:41.207000+00:00,leaf8,sg15,false,obt-collector1,encap,0/0/CPU0,,,,,,,,,,,,,,,,,,7,0,37,mplsnh,0,0,100000,3,3,0,Green,N/A,N/A,95,0,80,0,4,encap,2

2020-02-05 01:59:41.207000+00:00,leaf8,sg15,false,obt-collector1,fec,0/0/CPU0,,,,,,,,,,,,,,,,,,329,0,80,erp,0,0,126976,3,15,0,Green,N/A,N/A,95,0,80,0,4,fec,6

2020-02-05 01:59:41.207000+00:00,leaf8,sg15,false,obt-collector1,lem,0/0/CPU0,,,,,,,,,,,,,,,,,,81,0,38,mplslabel,0,0,786432,3,3,0,Green,N/A,N/A,95,0,80,0,4,lem,0

2020-02-05 01:59:41.207000+00:00,leaf8,sg15,false,obt-collector1,lpm,0/0/CPU0,,,,,,,,,,,,,,,,,,492,0,104,ip6mcroute,0,0,211795,3,4,0,Green,N/A,N/A,95,0,80,0,4,lpm,1

2020-02-05 01:59:53.474000+00:00,leaf8,sg15,false,obt-collector1,ecmp_fec,0/0/CPU0,,,,,,,,,,,,,,,,,,26,7,33,ip6nhgroup,0,0,4096,3,2,0,Green,N/A,N/A,95,0,80,0,4,ecmpfec,7

2020-02-05 01:59:53.474000+00:00,leaf8,sg15,false,obt-collector1,encap,0/0/CPU0,,,,,,,,,,,,,,,,,,7,0,37,mplsnh,0,0,100000,3,3,0,Green,N/A,N/A,95,0,80,0,4,encap,2

2020-02-05 01:59:53.474000+00:00,leaf8,sg15,false,obt-collector1,fec,0/0/CPU0,,,,,,,,,,,,,,,,,,329,0,80,erp,0,0,126976,3,15,0,Green,N/A,N/A,95,0,80,0,4,fec,6

2020-02-05 01:59:53.474000+00:00,leaf8,sg15,false,obt-collector1,lem,0/0/CPU0,,,,,,,,,,,,,,,,,,81,0,38,mplslabel,0,0,786432,3,3,0,Green,N/A,N/A,95,0,80,0,4,lem,0

2020-02-05 01:59:53.474000+00:00,leaf8,sg15,false,obt-collector1,lpm,0/0/CPU0,,,,,,,,,,,,,,,,,,492,0,104,ip6mcroute,0,0,211795,3,4,0,Green,N/A,N/A,95,0,80,0,4,lpm,1

2020-02-05 02:00:05.512000+00:00,leaf8,sg15,false,obt-collector1,ecmp_fec,0/0/CPU0,,,,,,,,,,,,,,,,,,26,7,33,ip6nhgroup,0,0,4096,3,2,0,Green,N/A,N/A,95,0,80,0,4,ecmpfec,7

2020-02-05 02:00:05.512000+00:00,leaf8,sg15,false,obt-collector1,encap,0/0/CPU0,,,,,,,,,,,,,,,,,,7,0,37,mplsnh,0,0,100000,3,3,0,Green,N/A,N/A,95,0,80,0,4,encap,2

2020-02-05 02:00:05.512000+00:00,leaf8,sg15,false,obt-collector1,fec,0/0/CPU0,,,,,,,,,,,,,,,,,,329,0,80,erp,0,0,126976,3,15,0,Green,N/A,N/A,95,0,80,0,4,fec,6

2020-02-05 02:00:05.512000+00:00,leaf8,sg15,false,obt-collector1,lem,0/0/CPU0,,,,,,,,,,,,,,,,,,81,0,38,mplslabel,0,0,786432,3,3,0,Green,N/A,N/A,95,0,80,0,4,lem,0

2020-02-05 02:00:05.512000+00:00,leaf8,sg15,false,obt-collector1,lpm,0/0/CPU0,,,,,,,,,,,,,,,,,,492,0,104,ip6mcroute,0,0,211795,3,4,0,Green,N/A,N/A,95,0,80,0,4,lpm,1

2020-02-05 02:00:18.654000+00:00,leaf8,sg15,false,obt-collector1,ecmp_fec,0/0/CPU0,,,,,,,,,,,,,,,,,,26,7,33,ip6nhgroup,0,0,4096,3,2,0,Green,N/A,N/A,95,0,80,0,4,ecmpfec,7

2020-02-05 02:00:18.654000+00:00,leaf8,sg15,false,obt-collector1,encap,0/0/CPU0,,,,,,,,,,,,,,,,,,7,0,37,mplsnh,0,0,100000,3,3,0,Green,N/A,N/A,95,0,80,0,4,encap,2

2020-02-05 02:00:18.654000+00:00,leaf8,sg15,false,obt-collector1,fec,0/0/CPU0,,,,,,,,,,,,,,,,,,329,0,80,erp,0,0,126976,3,15,0,Green,N/A,N/A,95,0,80,0,4,fec,6

2020-02-05 02:00:18.654000+00:00,leaf8,sg15,false,obt-collector1,lem,0/0/CPU0,,,,,,,,,,,,,,,,,,81,0,38,mplslabel,0,0,786432,3,3,0,Green,N/A,N/A,95,0,80,0,4,lem,0

2020-02-05 02:00:18.654000+00:00,leaf8,sg15,false,obt-collector1,lpm,0/0/CPU0,,,,,,,,,,,,,,,,,,492,0,104,ip6mcroute,0,0,211795,3,4,0,Green,N/A,N/A,95,0,80,0,4,lpm,1

2020-02-05 02:00:30.685000+00:00,leaf8,sg15,false,obt-collector1,lem,0/0/CPU0,,,,,,,,,,,,,,,,,,81,0,38,mplslabel,0,0,786432,3,3,0,Green,N/A,N/A,95,0,80,0,4,lem,0

2020-02-05 02:00:30.686000+00:00,leaf8,sg15,false,obt-collector1,ecmp_fec,0/0/CPU0,,,,,,,,,,,,,,,,,,26,7,33,ip6nhgroup,0,0,4096,3,2,0,Green,N/A,N/A,95,0,80,0,4,ecmpfec,7

2020-02-05 02:00:30.686000+00:00,leaf8,sg15,false,obt-collector1,encap,0/0/CPU0,,,,,,,,,,,,,,,,,,7,0,37,mplsnh,0,0,100000,3,3,0,Green,N/A,N/A,95,0,80,0,4,encap,2

2020-02-05 02:00:30.686000+00:00,leaf8,sg15,false,obt-collector1,fec,0/0/CPU0,,,,,,,,,,,,,,,,,,329,0,80,erp,0,0,126976,3,15,0,Green,N/A,N/A,95,0,80,0,4,fec,6

2020-02-05 02:00:30.686000+00:00,leaf8,sg15,false,obt-collector1,lpm,0/0/CPU0,,,,,,,,,,,,,,,,,,492,0,104,ip6mcroute,0,0,211795,3,4,0,Green,N/A,N/A,95,0,80,0,4,lpm,1

2020-02-05 02:00:42.870000+00:00,leaf8,sg15,false,obt-collector1,ecmp_fec,0/0/CPU0,,,,,,,,,,,,,,,,,,26,7,33,ip6nhgroup,0,0,4096,3,2,0,Green,N/A,N/A,95,0,80,0,4,ecmpfec,7

2020-02-05 02:00:42.870000+00:00,leaf8,sg15,false,obt-collector1,encap,0/0/CPU0,,,,,,,,,,,,,,,,,,7,0,37,mplsnh,0,0,100000,3,3,0,Green,N/A,N/A,95,0,80,0,4,encap,2

2020-02-05 02:00:42.870000+00:00,leaf8,sg15,false,obt-collector1,fec,0/0/CPU0,,,,,,,,,,,,,,,,,,329,0,80,erp,0,0,126976,3,15,0,Green,N/A,N/A,95,0,80,0,4,fec,6

2020-02-05 02:00:42.870000+00:00,leaf8,sg15,false,obt-collector1,lem,0/0/CPU0,,,,,,,,,,,,,,,,,,81,0,38,mplslabel,0,0,786432,3,3,0,Green,N/A,N/A,95,0,80,0,4,lem,0

2020-02-05 02:00:42.870000+00:00,leaf8,sg15,false,obt-collector1,lpm,0/0/CPU0,,,,,,,,,,,,,,,,,,492,0,104,ip6mcroute,0,0,211795,3,4,0,Green,N/A,N/A,95,0,80,0,4,lpm,1

2020-02-05 02:00:54.946000+00:00,leaf8,sg15,false,obt-collector1,ecmp_fec,0/0/CPU0,,,,,,,,,,,,,,,,,,26,7,33,ip6nhgroup,0,0,4096,3,2,0,Green,N/A,N/A,95,0,80,0,4,ecmpfec,7

2020-02-05 02:00:54.946000+00:00,leaf8,sg15,false,obt-collector1,encap,0/0/CPU0,,,,,,,,,,,,,,,,,,7,0,37,mplsnh,0,0,100000,3,3,0,Green,N/A,N/A,95,0,80,0,4,encap,2

2020-02-05 02:00:54.946000+00:00,leaf8,sg15,false,obt-collector1,fec,0/0/CPU0,,,,,,,,,,,,,,,,,,329,0,80,erp,0,0,126976,3,15,0,Green,N/A,N/A,95,0,80,0,4,fec,6

2020-02-05 02:00:54.946000+00:00,leaf8,sg15,false,obt-collector1,lem,0/0/CPU0,,,,,,,,,,,,,,,,,,81,0,38,mplslabel,0,0,786432,3,3,0,Green,N/A,N/A,95,0,80,0,4,lem,0

2020-02-05 02:00:54.946000+00:00,leaf8,sg15,false,obt-collector1,lpm,0/0/CPU0,,,,,,,,,,,,,,,,,,494,0,104,ip6mcroute,0,0,212287,3,4,0,Green,N/A,N/A,95,0,80,0,4,lpm,1

2020-02-05 02:01:07.099000+00:00,leaf8,sg15,false,obt-collector1,ecmp_fec,0/0/CPU0,,,,,,,,,,,,,,,,,,26,7,33,ip6nhgroup,0,0,4096,3,2,0,Green,N/A,N/A,95,0,80,0,4,ecmpfec,7

2020-02-05 02:01:07.099000+00:00,leaf8,sg15,false,obt-collector1,encap,0/0/CPU0,,,,,,,,,,,,,,,,,,7,0,37,mplsnh,0,0,100000,3,3,0,Green,N/A,N/A,95,0,80,0,4,encap,2

2020-02-05 02:01:07.099000+00:00,leaf8,sg15,false,obt-collector1,fec,0/0/CPU0,,,,,,,,,,,,,,,,,,329,0,80,erp,0,0,126976,3,15,0,Green,N/A,N/A,95,0,80,0,4,fec,6

2020-02-05 02:01:07.099000+00:00,leaf8,sg15,false,obt-collector1,lem,0/0/CPU0,,,,,,,,,,,,,,,,,,81,0,38,mplslabel,0,0,786432,3,3,0,Green,N/A,N/A,95,0,80,0,4,lem,0

2020-02-05 02:01:07.099000+00:00,leaf8,sg15,false,obt-collector1,lpm,0/0/CPU0,,,,,,,,,,,,,,,,,,494,0,104,ip6mcroute,0,0,212287,3,4,0,Green,N/A,N/A,95,0,80,0,4,lpm,1

2020-02-05 02:01:19.583000+00:00,leaf8,sg15,false,obt-collector1,ecmp_fec,0/0/CPU0,,,,,,,,,,,,,,,,,,26,7,33,ip6nhgroup,0,0,4096,3,2,0,Green,N/A,N/A,95,0,80,0,4,ecmpfec,7

2020-02-05 02:01:19.583000+00:00,leaf8,sg15,false,obt-collector1,encap,0/0/CPU0,,,,,,,,,,,,,,,,,,7,0,37,mplsnh,0,0,100000,3,3,0,Green,N/A,N/A,95,0,80,0,4,encap,2

2020-02-05 02:01:19.583000+00:00,leaf8,sg15,false,obt-collector1,fec,0/0/CPU0,,,,,,,,,,,,,,,,,,329,0,80,erp,0,0,126976,3,15,0,Green,N/A,N/A,95,0,80,0,4,fec,6

2020-02-05 02:01:19.583000+00:00,leaf8,sg15,false,obt-collector1,lem,0/0/CPU0,,,,,,,,,,,,,,,,,,81,0,38,mplslabel,0,0,786432,3,3,0,Green,N/A,N/A,95,0,80,0,4,lem,0

2020-02-05 02:01:19.583000+00:00,leaf8,sg15,false,obt-collector1,lpm,0/0/CPU0,,,,,,,,,,,,,,,,,,494,0,104,ip6mcroute,0,0,212287,3,4,0,Green,N/A,N/A,95,0,80,0,4,lpm,1

2020-02-05 02:01:31.484000+00:00,leaf8,sg15,false,obt-collector1,ecmp_fec,0/0/CPU0,,,,,,,,,,,,,,,,,,26,7,33,ip6nhgroup,0,0,4096,3,2,0,Green,N/A,N/A,95,0,80,0,4,ecmpfec,7

2020-02-05 02:01:31.484000+00:00,leaf8,sg15,false,obt-collector1,encap,0/0/CPU0,,,,,,,,,,,,,,,,,,7,0,37,mplsnh,0,0,100000,3,3,0,Green,N/A,N/A,95,0,80,0,4,encap,2

2020-02-05 02:01:31.484000+00:00,leaf8,sg15,false,obt-collector1,fec,0/0/CPU0,,,,,,,,,,,,,,,,,,329,0,80,erp,0,0,126976,3,15,0,Green,N/A,N/A,95,0,80,0,4,fec,6

2020-02-05 02:01:31.484000+00:00,leaf8,sg15,false,obt-collector1,lem,0/0/CPU0,,,,,,,,,,,,,,,,,,81,0,38,mplslabel,0,0,786432,3,3,0,Green,N/A,N/A,95,0,80,0,4,lem,0

2020-02-05 02:01:31.484000+00:00,leaf8,sg15,false,obt-collector1,lpm,0/0/CPU0,,,,,,,,,,,,,,,,,,494,0,104,ip6mcroute,0,0,212287,3,4,0,Green,N/A,N/A,95,0,80,0,4,lpm,1

2020-02-05 02:01:43.564000+00:00,leaf8,sg15,false,obt-collector1,ecmp_fec,0/0/CPU0,,,,,,,,,,,,,,,,,,26,7,33,ip6nhgroup,0,0,4096,3,2,0,Green,N/A,N/A,95,0,80,0,4,ecmpfec,7

2020-02-05 02:01:43.564000+00:00,leaf8,sg15,false,obt-collector1,encap,0/0/CPU0,,,,,,,,,,,,,,,,,,7,0,37,mplsnh,0,0,100000,3,3,0,Green,N/A,N/A,95,0,80,0,4,encap,2

2020-02-05 02:01:43.564000+00:00,leaf8,sg15,false,obt-collector1,fec,0/0/CPU0,,,,,,,,,,,,,,,,,,329,0,80,erp,0,0,126976,3,15,0,Green,N/A,N/A,95,0,80,0,4,fec,6

2020-02-05 02:01:43.564000+00:00,leaf8,sg15,false,obt-collector1,lem,0/0/CPU0,,,,,,,,,,,,,,,,,,81,0,38,mplslabel,0,0,786432,3,3,0,Green,N/A,N/A,95,0,80,0,4,lem,0

2020-02-05 02:01:43.564000+00:00,leaf8,sg15,false,obt-collector1,lpm,0/0/CPU0,,,,,,,,,,,,,,,,,,494,0,104,ip6mcroute,0,0,212287,3,4,0,Green,N/A,N/A,95,0,80,0,4,lpm,1

2020-02-05 02:01:55.735000+00:00,leaf8,sg15,false,obt-collector1,ecmp_fec,0/0/CPU0,,,,,,,,,,,,,,,,,,26,7,33,ip6nhgroup,0,0,4096,3,2,0,Green,N/A,N/A,95,0,80,0,4,ecmpfec,7

2020-02-05 02:01:55.735000+00:00,leaf8,sg15,false,obt-collector1,encap,0/0/CPU0,,,,,,,,,,,,,,,,,,7,0,37,mplsnh,0,0,100000,3,3,0,Green,N/A,N/A,95,0,80,0,4,encap,2

2020-02-05 02:01:55.735000+00:00,leaf8,sg15,false,obt-collector1,fec,0/0/CPU0,,,,,,,,,,,,,,,,,,329,0,80,erp,0,0,126976,3,15,0,Green,N/A,N/A,95,0,80,0,4,fec,6

2020-02-05 02:01:55.735000+00:00,leaf8,sg15,false,obt-collector1,lem,0/0/CPU0,,,,,,,,,,,,,,,,,,81,0,38,mplslabel,0,0,786432,3,3,0,Green,N/A,N/A,95,0,80,0,4,lem,0

2020-02-05 02:01:55.735000+00:00,leaf8,sg15,false,obt-collector1,lpm,0/0/CPU0,,,,,,,,,,,,,,,,,,494,0,104,ip6mcroute,0,0,212287,3,4,0,Green,N/A,N/A,95,0,80,0,4,lpm,1

2020-02-05 02:02:08.327000+00:00,leaf8,sg15,false,obt-collector1,ecmp_fec,0/0/CPU0,,,,,,,,,,,,,,,,,,26,7,33,ip6nhgroup,0,0,4096,3,2,0,Green,N/A,N/A,95,0,80,0,4,ecmpfec,7

2020-02-05 02:02:08.327000+00:00,leaf8,sg15,false,obt-collector1,encap,0/0/CPU0,,,,,,,,,,,,,,,,,,7,0,37,mplsnh,0,0,100000,3,3,0,Green,N/A,N/A,95,0,80,0,4,encap,2

2020-02-05 02:02:08.327000+00:00,leaf8,sg15,false,obt-collector1,fec,0/0/CPU0,,,,,,,,,,,,,,,,,,329,0,80,erp,0,0,126976,3,15,0,Green,N/A,N/A,95,0,80,0,4,fec,6

2020-02-05 02:02:08.327000+00:00,leaf8,sg15,false,obt-collector1,lem,0/0/CPU0,,,,,,,,,,,,,,,,,,81,0,38,mplslabel,0,0,786432,3,3,0,Green,N/A,N/A,95,0,80,0,4,lem,0

2020-02-05 02:02:08.327000+00:00,leaf8,sg15,false,obt-collector1,lpm,0/0/CPU0,,,,,,,,,,,,,,,,,,494,0,104,ip6mcroute,0,0,212287,3,4,0,Green,N/A,N/A,95,0,80,0,4,lpm,1

2020-02-05 02:02:20.370000+00:00,leaf8,sg15,false,obt-collector1,ecmp_fec,0/0/CPU0,,,,,,,,,,,,,,,,,,26,7,33,ip6nhgroup,0,0,4096,3,2,0,Green,N/A,N/A,95,0,80,0,4,ecmpfec,7

2020-02-05 02:02:20.370000+00:00,leaf8,sg15,false,obt-collector1,encap,0/0/CPU0,,,,,,,,,,,,,,,,,,7,0,37,mplsnh,0,0,100000,3,3,0,Green,N/A,N/A,95,0,80,0,4,encap,2

2020-02-05 02:02:20.370000+00:00,leaf8,sg15,false,obt-collector1,fec,0/0/CPU0,,,,,,,,,,,,,,,,,,329,0,80,erp,0,0,126976,3,15,0,Green,N/A,N/A,95,0,80,0,4,fec,6

2020-02-05 02:02:20.370000+00:00,leaf8,sg15,false,obt-collector1,lem,0/0/CPU0,,,,,,,,,,,,,,,,,,81,0,38,mplslabel,0,0,786432,3,3,0,Green,N/A,N/A,95,0,80,0,4,lem,0

2020-02-05 02:02:20.370000+00:00,leaf8,sg15,false,obt-collector1,lpm,0/0/CPU0,,,,,,,,,,,,,,,,,,494,0,104,ip6mcroute,0,0,212287,3,4,0,Green,N/A,N/A,95,0,80,0,4,lpm,1

2020-02-05 02:02:32.612000+00:00,leaf8,sg15,false,obt-collector1,ecmp_fec,0/0/CPU0,,,,,,,,,,,,,,,,,,26,7,33,ip6nhgroup,0,0,4096,3,2,0,Green,N/A,N/A,95,0,80,0,4,ecmpfec,7

2020-02-05 02:02:32.612000+00:00,leaf8,sg15,false,obt-collector1,encap,0/0/CPU0,,,,,,,,,,,,,,,,,,7,0,37,mplsnh,0,0,100000,3,3,0,Green,N/A,N/A,95,0,80,0,4,encap,2

2020-02-05 02:02:32.612000+00:00,leaf8,sg15,false,obt-collector1,fec,0/0/CPU0,,,,,,,,,,,,,,,,,,329,0,80,erp,0,0,126976,3,15,0,Green,N/A,N/A,95,0,80,0,4,fec,6

2020-02-05 02:02:32.612000+00:00,leaf8,sg15,false,obt-collector1,lem,0/0/CPU0,,,,,,,,,,,,,,,,,,81,0,38,mplslabel,0,0,786432,3,3,0,Green,N/A,N/A,95,0,80,0,4,lem,0

2020-02-05 02:02:32.612000+00:00,leaf8,sg15,false,obt-collector1,lpm,0/0/CPU0,,,,,,,,,,,,,,,,,,494,0,104,ip6mcroute,0,0,212287,3,4,0,Green,N/A,N/A,95,0,80,0,4,lpm,1

2020-02-05 02:02:44.945000+00:00,leaf8,sg15,false,obt-collector1,ecmp_fec,0/0/CPU0,,,,,,,,,,,,,,,,,,26,7,33,ip6nhgroup,0,0,4096,3,2,0,Green,N/A,N/A,95,0,80,0,4,ecmpfec,7

2020-02-05 02:02:44.945000+00:00,leaf8,sg15,false,obt-collector1,encap,0/0/CPU0,,,,,,,,,,,,,,,,,,7,0,37,mplsnh,0,0,100000,3,3,0,Green,N/A,N/A,95,0,80,0,4,encap,2

2020-02-05 02:02:44.945000+00:00,leaf8,sg15,false,obt-collector1,fec,0/0/CPU0,,,,,,,,,,,,,,,,,,329,0,80,erp,0,0,126976,3,15,0,Green,N/A,N/A,95,0,80,0,4,fec,6

2020-02-05 02:02:44.945000+00:00,leaf8,sg15,false,obt-collector1,lem,0/0/CPU0,,,,,,,,,,,,,,,,,,81,0,38,mplslabel,0,0,786432,3,3,0,Green,N/A,N/A,95,0,80,0,4,lem,0

2020-02-05 02:02:44.945000+00:00,leaf8,sg15,false,obt-collector1,lpm,0/0/CPU0,,,,,,,,,,,,,,,,,,494,0,104,ip6mcroute,0,0,212287,3,4,0,Green,N/A,N/A,95,0,80,0,4,lpm,1

2020-02-05 02:02:56.959000+00:00,leaf8,sg15,false,obt-collector1,ecmp_fec,0/0/CPU0,,,,,,,,,,,,,,,,,,26,7,33,ip6nhgroup,0,0,4096,3,2,0,Green,N/A,N/A,95,0,80,0,4,ecmpfec,7

2020-02-05 02:02:56.959000+00:00,leaf8,sg15,false,obt-collector1,encap,0/0/CPU0,,,,,,,,,,,,,,,,,,7,0,37,mplsnh,0,0,100000,3,3,0,Green,N/A,N/A,95,0,80,0,4,encap,2

2020-02-05 02:02:56.959000+00:00,leaf8,sg15,false,obt-collector1,fec,0/0/CPU0,,,,,,,,,,,,,,,,,,329,0,80,erp,0,0,126976,3,15,0,Green,N/A,N/A,95,0,80,0,4,fec,6

2020-02-05 02:02:56.959000+00:00,leaf8,sg15,false,obt-collector1,lem,0/0/CPU0,,,,,,,,,,,,,,,,,,81,0,38,mplslabel,0,0,786432,3,3,0,Green,N/A,N/A,95,0,80,0,4,lem,0

2020-02-05 02:02:56.959000+00:00,leaf8,sg15,false,obt-collector1,lpm,0/0/CPU0,,,,,,,,,,,,,,,,,,494,0,104,ip6mcroute,0,0,212287,3,4,0,Green,N/A,N/A,95,0,80,0,4,lpm,1

2020-02-05 02:03:09.127000+00:00,leaf8,sg15,false,obt-collector1,ecmp_fec,0/0/CPU0,,,,,,,,,,,,,,,,,,26,7,33,ip6nhgroup,0,0,4096,3,2,0,Green,N/A,N/A,95,0,80,0,4,ecmpfec,7

2020-02-05 02:03:09.127000+00:00,leaf8,sg15,false,obt-collector1,encap,0/0/CPU0,,,,,,,,,,,,,,,,,,7,0,37,mplsnh,0,0,100000,3,3,0,Green,N/A,N/A,95,0,80,0,4,encap,2

2020-02-05 02:03:09.127000+00:00,leaf8,sg15,false,obt-collector1,fec,0/0/CPU0,,,,,,,,,,,,,,,,,,329,0,80,erp,0,0,126976,3,15,0,Green,N/A,N/A,95,0,80,0,4,fec,6

2020-02-05 02:03:09.127000+00:00,leaf8,sg15,false,obt-collector1,lem,0/0/CPU0,,,,,,,,,,,,,,,,,,81,0,38,mplslabel,0,0,786432,3,3,0,Green,N/A,N/A,95,0,80,0,4,lem,0

2020-02-05 02:03:09.127000+00:00,leaf8,sg15,false,obt-collector1,lpm,0/0/CPU0,,,,,,,,,,,,,,,,,,494,0,104,ip6mcroute,0,0,212287,3,4,0,Green,N/A,N/A,95,0,80,0,4,lpm,1

2020-02-05 02:03:21.150000+00:00,leaf8,sg15,false,obt-collector1,ecmp_fec,0/0/CPU0,,,,,,,,,,,,,,,,,,26,7,33,ip6nhgroup,0,0,4096,3,2,0,Green,N/A,N/A,95,0,80,0,4,ecmpfec,7

2020-02-05 02:03:21.150000+00:00,leaf8,sg15,false,obt-collector1,encap,0/0/CPU0,,,,,,,,,,,,,,,,,,7,0,37,mplsnh,0,0,100000,3,3,0,Green,N/A,N/A,95,0,80,0,4,encap,2

2020-02-05 02:03:21.150000+00:00,leaf8,sg15,false,obt-collector1,fec,0/0/CPU0,,,,,,,,,,,,,,,,,,329,0,80,erp,0,0,126976,3,15,0,Green,N/A,N/A,95,0,80,0,4,fec,6

2020-02-05 02:03:21.150000+00:00,leaf8,sg15,false,obt-collector1,lem,0/0/CPU0,,,,,,,,,,,,,,,,,,81,0,38,mplslabel,0,0,786432,3,3,0,Green,N/A,N/A,95,0,80,0,4,lem,0

2020-02-05 02:03:21.150000+00:00,leaf8,sg15,false,obt-collector1,lpm,0/0/CPU0,,,,,,,,,,,,,,,,,,494,0,104,ip6mcroute,0,0,212287,3,4,0,Green,N/A,N/A,95,0,80,0,4,lpm,1

2020-02-05 02:03:33.282000+00:00,leaf8,sg15,false,obt-collector1,encap,0/0/CPU0,,,,,,,,,,,,,,,,,,7,0,37,mplsnh,0,0,100000,3,3,0,Green,N/A,N/A,95,0,80,0,4,encap,2

2020-02-05 02:03:33.282000+00:00,leaf8,sg15,false,obt-collector1,fec,0/0/CPU0,,,,,,,,,,,,,,,,,,329,0,80,erp,0,0,126976,3,15,0,Green,N/A,N/A,95,0,80,0,4,fec,6

2020-02-05 02:03:33.282000+00:00,leaf8,sg15,false,obt-collector1,lem,0/0/CPU0,,,,,,,,,,,,,,,,,,81,0,38,mplslabel,0,0,786432,3,3,0,Green,N/A,N/A,95,0,80,0,4,lem,0

2020-02-05 02:03:33.282000+00:00,leaf8,sg15,false,obt-collector1,lpm,0/0/CPU0,,,,,,,,,,,,,,,,,,494,0,104,ip6mcroute,0,0,212287,3,4,0,Green,N/A,N/A,95,0,80,0,4,lpm,1

2020-02-05 02:03:33.283000+00:00,leaf8,sg15,false,obt-collector1,ecmp_fec,0/0/CPU0,,,,,,,,,,,,,,,,,,26,7,33,ip6nhgroup,0,0,4096,3,2,0,Green,N/A,N/A,95,0,80,0,4,ecmpfec,7

2020-02-05 02:03:45.406000+00:00,leaf8,sg15,false,obt-collector1,ecmp_fec,0/0/CPU0,,,,,,,,,,,,,,,,,,26,7,33,ip6nhgroup,0,0,4096,3,2,0,Green,N/A,N/A,95,0,80,0,4,ecmpfec,7

2020-02-05 02:03:45.406000+00:00,leaf8,sg15,false,obt-collector1,encap,0/0/CPU0,,,,,,,,,,,,,,,,,,7,0,37,mplsnh,0,0,100000,3,3,0,Green,N/A,N/A,95,0,80,0,4,encap,2

2020-02-05 02:03:45.406000+00:00,leaf8,sg15,false,obt-collector1,fec,0/0/CPU0,,,,,,,,,,,,,,,,,,329,0,80,erp,0,0,126976,3,15,0,Green,N/A,N/A,95,0,80,0,4,fec,6

2020-02-05 02:03:45.406000+00:00,leaf8,sg15,false,obt-collector1,lem,0/0/CPU0,,,,,,,,,,,,,,,,,,81,0,38,mplslabel,0,0,786432,3,3,0,Green,N/A,N/A,95,0,80,0,4,lem,0

2020-02-05 02:03:45.406000+00:00,leaf8,sg15,false,obt-collector1,lpm,0/0/CPU0,,,,,,,,,,,,,,,,,,494,0,104,ip6mcroute,0,0,212287,3,4,0,Green,N/A,N/A,95,0,80,0,4,lpm,1

2020-02-05 02:03:57.738000+00:00,leaf8,sg15,false,obt-collector1,ecmp_fec,0/0/CPU0,,,,,,,,,,,,,,,,,,26,7,33,ip6nhgroup,0,0,4096,3,2,0,Green,N/A,N/A,95,0,80,0,4,ecmpfec,7

2020-02-05 02:03:57.738000+00:00,leaf8,sg15,false,obt-collector1,encap,0/0/CPU0,,,,,,,,,,,,,,,,,,7,0,37,mplsnh,0,0,100000,3,3,0,Green,N/A,N/A,95,0,80,0,4,encap,2

2020-02-05 02:03:57.738000+00:00,leaf8,sg15,false,obt-collector1,fec,0/0/CPU0,,,,,,,,,,,,,,,,,,329,0,80,erp,0,0,126976,3,15,0,Green,N/A,N/A,95,0,80,0,4,fec,6

2020-02-05 02:03:57.738000+00:00,leaf8,sg15,false,obt-collector1,lem,0/0/CPU0,,,,,,,,,,,,,,,,,,81,0,38,mplslabel,0,0,786432,3,3,0,Green,N/A,N/A,95,0,80,0,4,lem,0

2020-02-05 02:03:57.738000+00:00,leaf8,sg15,false,obt-collector1,lpm,0/0/CPU0,,,,,,,,,,,,,,,,,,494,0,104,ip6mcroute,0,0,212287,3,4,0,Green,N/A,N/A,95,0,80,0,4,lpm,1

2020-02-05 02:04:10.009000+00:00,leaf8,sg15,false,obt-collector1,ecmp_fec,0/0/CPU0,,,,,,,,,,,,,,,,,,26,7,33,ip6nhgroup,0,0,4096,3,2,0,Green,N/A,N/A,95,0,80,0,4,ecmpfec,7

2020-02-05 02:04:10.009000+00:00,leaf8,sg15,false,obt-collector1,encap,0/0/CPU0,,,,,,,,,,,,,,,,,,7,0,37,mplsnh,0,0,100000,3,3,0,Green,N/A,N/A,95,0,80,0,4,encap,2

2020-02-05 02:04:10.009000+00:00,leaf8,sg15,false,obt-collector1,fec,0/0/CPU0,,,,,,,,,,,,,,,,,,329,0,80,erp,0,0,126976,3,15,0,Green,N/A,N/A,95,0,80,0,4,fec,6

2020-02-05 02:04:10.009000+00:00,leaf8,sg15,false,obt-collector1,lem,0/0/CPU0,,,,,,,,,,,,,,,,,,81,0,38,mplslabel,0,0,786432,3,3,0,Green,N/A,N/A,95,0,80,0,4,lem,0

2020-02-05 02:04:10.009000+00:00,leaf8,sg15,false,obt-collector1,lpm,0/0/CPU0,,,,,,,,,,,,,,,,,,494,0,104,ip6mcroute,0,0,212287,3,4,0,Green,N/A,N/A,95,0,80,0,4,lpm,1

2020-02-05 02:04:22.265000+00:00,leaf8,sg15,false,obt-collector1,ecmp_fec,0/0/CPU0,,,,,,,,,,,,,,,,,,26,7,33,ip6nhgroup,0,0,4096,3,2,0,Green,N/A,N/A,95,0,80,0,4,ecmpfec,7

2020-02-05 02:04:22.265000+00:00,leaf8,sg15,false,obt-collector1,encap,0/0/CPU0,,,,,,,,,,,,,,,,,,7,0,37,mplsnh,0,0,100000,3,3,0,Green,N/A,N/A,95,0,80,0,4,encap,2

2020-02-05 02:04:22.265000+00:00,leaf8,sg15,false,obt-collector1,fec,0/0/CPU0,,,,,,,,,,,,,,,,,,329,0,80,erp,0,0,126976,3,15,0,Green,N/A,N/A,95,0,80,0,4,fec,6

2020-02-05 02:04:22.265000+00:00,leaf8,sg15,false,obt-collector1,lem,0/0/CPU0,,,,,,,,,,,,,,,,,,81,0,38,mplslabel,0,0,786432,3,3,0,Green,N/A,N/A,95,0,80,0,4,lem,0

2020-02-05 02:04:22.265000+00:00,leaf8,sg15,false,obt-collector1,lpm,0/0/CPU0,,,,,,,,,,,,,,,,,,494,0,104,ip6mcroute,0,0,212287,3,4,0,Green,N/A,N/A,95,0,80,0,4,lpm,1

2020-02-05 02:04:34.321000+00:00,leaf8,sg15,false,obt-collector1,ecmp_fec,0/0/CPU0,,,,,,,,,,,,,,,,,,26,7,33,ip6nhgroup,0,0,4096,3,2,0,Green,N/A,N/A,95,0,80,0,4,ecmpfec,7

2020-02-05 02:04:34.321000+00:00,leaf8,sg15,false,obt-collector1,encap,0/0/CPU0,,,,,,,,,,,,,,,,,,7,0,37,mplsnh,0,0,100000,3,3,0,Green,N/A,N/A,95,0,80,0,4,encap,2

2020-02-05 02:04:34.321000+00:00,leaf8,sg15,false,obt-collector1,fec,0/0/CPU0,,,,,,,,,,,,,,,,,,329,0,80,erp,0,0,126976,3,15,0,Green,N/A,N/A,95,0,80,0,4,fec,6

2020-02-05 02:04:34.321000+00:00,leaf8,sg15,false,obt-collector1,lem,0/0/CPU0,,,,,,,,,,,,,,,,,,81,0,38,mplslabel,0,0,786432,3,3,0,Green,N/A,N/A,95,0,80,0,4,lem,0

2020-02-05 02:04:34.321000+00:00,leaf8,sg15,false,obt-collector1,lpm,0/0/CPU0,,,,,,,,,,,,,,,,,,494,0,104,ip6mcroute,0,0,212287,3,4,0,Green,N/A,N/A,95,0,80,0,4,lpm,1

2020-02-05 02:04:46.467000+00:00,leaf8,sg15,false,obt-collector1,ecmp_fec,0/0/CPU0,,,,,,,,,,,,,,,,,,26,7,33,ip6nhgroup,0,0,4096,3,2,0,Green,N/A,N/A,95,0,80,0,4,ecmpfec,7

2020-02-05 02:04:46.467000+00:00,leaf8,sg15,false,obt-collector1,encap,0/0/CPU0,,,,,,,,,,,,,,,,,,7,0,37,mplsnh,0,0,100000,3,3,0,Green,N/A,N/A,95,0,80,0,4,encap,2

2020-02-05 02:04:46.467000+00:00,leaf8,sg15,false,obt-collector1,fec,0/0/CPU0,,,,,,,,,,,,,,,,,,329,0,80,erp,0,0,126976,3,15,0,Green,N/A,N/A,95,0,80,0,4,fec,6

2020-02-05 02:04:46.467000+00:00,leaf8,sg15,false,obt-collector1,lem,0/0/CPU0,,,,,,,,,,,,,,,,,,81,0,38,mplslabel,0,0,786432,3,3,0,Green,N/A,N/A,95,0,80,0,4,lem,0

2020-02-05 02:04:46.467000+00:00,leaf8,sg15,false,obt-collector1,lpm,0/0/CPU0,,,,,,,,,,,,,,,,,,494,0,104,ip6mcroute,0,0,212287,3,4,0,Green,N/A,N/A,95,0,80,0,4,lpm,1

2020-02-05 02:04:59.086000+00:00,leaf8,sg15,false,obt-collector1,ecmp_fec,0/0/CPU0,,,,,,,,,,,,,,,,,,26,7,33,ip6nhgroup,0,0,4096,3,2,0,Green,N/A,N/A,95,0,80,0,4,ecmpfec,7

2020-02-05 02:04:59.086000+00:00,leaf8,sg15,false,obt-collector1,encap,0/0/CPU0,,,,,,,,,,,,,,,,,,7,0,37,mplsnh,0,0,100000,3,3,0,Green,N/A,N/A,95,0,80,0,4,encap,2

2020-02-05 02:04:59.086000+00:00,leaf8,sg15,false,obt-collector1,fec,0/0/CPU0,,,,,,,,,,,,,,,,,,329,0,80,erp,0,0,126976,3,15,0,Green,N/A,N/A,95,0,80,0,4,fec,6

2020-02-05 02:04:59.086000+00:00,leaf8,sg15,false,obt-collector1,lem,0/0/CPU0,,,,,,,,,,,,,,,,,,81,0,38,mplslabel,0,0,786432,3,3,0,Green,N/A,N/A,95,0,80,0,4,lem,0

2020-02-05 02:04:59.086000+00:00,leaf8,sg15,false,obt-collector1,lpm,0/0/CPU0,,,,,,,,,,,,,,,,,,494,0,104,ip6mcroute,0,0,212287,3,4,0,Green,N/A,N/A,95,0,80,0,4,lpm,1

2020-02-05 02:05:11.206000+00:00,leaf8,sg15,false,obt-collector1,ecmp_fec,0/0/CPU0,,,,,,,,,,,,,,,,,,26,7,33,ip6nhgroup,0,0,4096,3,2,0,Green,N/A,N/A,95,0,80,0,4,ecmpfec,7

2020-02-05 02:05:11.206000+00:00,leaf8,sg15,false,obt-collector1,encap,0/0/CPU0,,,,,,,,,,,,,,,,,,7,0,37,mplsnh,0,0,100000,3,3,0,Green,N/A,N/A,95,0,80,0,4,encap,2

2020-02-05 02:05:11.206000+00:00,leaf8,sg15,false,obt-collector1,fec,0/0/CPU0,,,,,,,,,,,,,,,,,,329,0,80,erp,0,0,126976,3,15,0,Green,N/A,N/A,95,0,80,0,4,fec,6

2020-02-05 02:05:11.206000+00:00,leaf8,sg15,false,obt-collector1,lem,0/0/CPU0,,,,,,,,,,,,,,,,,,81,0,38,mplslabel,0,0,786432,3,3,0,Green,N/A,N/A,95,0,80,0,4,lem,0

2020-02-05 02:05:11.206000+00:00,leaf8,sg15,false,obt-collector1,lpm,0/0/CPU0,,,,,,,,,,,,,,,,,,494,0,104,ip6mcroute,0,0,212287,3,4,0,Green,N/A,N/A,95,0,80,0,4,lpm,1

2020-02-05 02:05:23.228000+00:00,leaf8,sg15,false,obt-collector1,ecmp_fec,0/0/CPU0,,,,,,,,,,,,,,,,,,26,7,33,ip6nhgroup,0,0,4096,3,2,0,Green,N/A,N/A,95,0,80,0,4,ecmpfec,7

2020-02-05 02:05:23.228000+00:00,leaf8,sg15,false,obt-collector1,encap,0/0/CPU0,,,,,,,,,,,,,,,,,,7,0,37,mplsnh,0,0,100000,3,3,0,Green,N/A,N/A,95,0,80,0,4,encap,2

2020-02-05 02:05:23.228000+00:00,leaf8,sg15,false,obt-collector1,fec,0/0/CPU0,,,,,,,,,,,,,,,,,,329,0,80,erp,0,0,126976,3,15,0,Green,N/A,N/A,95,0,80,0,4,fec,6

2020-02-05 02:05:23.228000+00:00,leaf8,sg15,false,obt-collector1,lem,0/0/CPU0,,,,,,,,,,,,,,,,,,81,0,38,mplslabel,0,0,786432,3,3,0,Green,N/A,N/A,95,0,80,0,4,lem,0

2020-02-05 02:05:23.228000+00:00,leaf8,sg15,false,obt-collector1,lpm,0/0/CPU0,,,,,,,,,,,,,,,,,,494,0,104,ip6mcroute,0,0,212287,3,4,0,Green,N/A,N/A,95,0,80,0,4,lpm,1

2020-02-05 02:05:35.513000+00:00,leaf8,sg15,false,obt-collector1,ecmp_fec,0/0/CPU0,,,,,,,,,,,,,,,,,,26,7,33,ip6nhgroup,0,0,4096,3,2,0,Green,N/A,N/A,95,0,80,0,4,ecmpfec,7

2020-02-05 02:05:35.513000+00:00,leaf8,sg15,false,obt-collector1,encap,0/0/CPU0,,,,,,,,,,,,,,,,,,7,0,37,mplsnh,0,0,100000,3,3,0,Green,N/A,N/A,95,0,80,0,4,encap,2

2020-02-05 02:05:35.513000+00:00,leaf8,sg15,false,obt-collector1,fec,0/0/CPU0,,,,,,,,,,,,,,,,,,329,0,80,erp,0,0,126976,3,15,0,Green,N/A,N/A,95,0,80,0,4,fec,6

2020-02-05 02:05:35.513000+00:00,leaf8,sg15,false,obt-collector1,lem,0/0/CPU0,,,,,,,,,,,,,,,,,,81,0,38,mplslabel,0,0,786432,3,3,0,Green,N/A,N/A,95,0,80,0,4,lem,0

2020-02-05 02:05:35.513000+00:00,leaf8,sg15,false,obt-collector1,lpm,0/0/CPU0,,,,,,,,,,,,,,,,,,494,0,104,ip6mcroute,0,0,212287,3,4,0,Green,N/A,N/A,95,0,80,0,4,lpm,1

2020-02-05 02:05:47.446000+00:00,leaf8,sg15,false,obt-collector1,ecmp_fec,0/0/CPU0,,,,,,,,,,,,,,,,,,26,7,33,ip6nhgroup,0,0,4096,3,2,0,Green,N/A,N/A,95,0,80,0,4,ecmpfec,7

2020-02-05 02:05:47.446000+00:00,leaf8,sg15,false,obt-collector1,encap,0/0/CPU0,,,,,,,,,,,,,,,,,,7,0,37,mplsnh,0,0,100000,3,3,0,Green,N/A,N/A,95,0,80,0,4,encap,2

2020-02-05 02:05:47.446000+00:00,leaf8,sg15,false,obt-collector1,fec,0/0/CPU0,,,,,,,,,,,,,,,,,,329,0,80,erp,0,0,126976,3,15,0,Green,N/A,N/A,95,0,80,0,4,fec,6

2020-02-05 02:05:47.446000+00:00,leaf8,sg15,false,obt-collector1,lem,0/0/CPU0,,,,,,,,,,,,,,,,,,81,0,38,mplslabel,0,0,786432,3,3,0,Green,N/A,N/A,95,0,80,0,4,lem,0

2020-02-05 02:05:47.446000+00:00,leaf8,sg15,false,obt-collector1,lpm,0/0/CPU0,,,,,,,,,,,,,,,,,,494,0,104,ip6mcroute,0,0,212287,3,4,0,Green,N/A,N/A,95,0,80,0,4,lpm,1

2020-02-05 02:05:59.607000+00:00,leaf8,sg15,false,obt-collector1,ecmp_fec,0/0/CPU0,,,,,,,,,,,,,,,,,,26,7,33,ip6nhgroup,0,0,4096,3,2,0,Green,N/A,N/A,95,0,80,0,4,ecmpfec,7

2020-02-05 02:05:59.607000+00:00,leaf8,sg15,false,obt-collector1,encap,0/0/CPU0,,,,,,,,,,,,,,,,,,7,0,37,mplsnh,0,0,100000,3,3,0,Green,N/A,N/A,95,0,80,0,4,encap,2

2020-02-05 02:05:59.607000+00:00,leaf8,sg15,false,obt-collector1,fec,0/0/CPU0,,,,,,,,,,,,,,,,,,329,0,80,erp,0,0,126976,3,15,0,Green,N/A,N/A,95,0,80,0,4,fec,6

2020-02-05 02:05:59.607000+00:00,leaf8,sg15,false,obt-collector1,lem,0/0/CPU0,,,,,,,,,,,,,,,,,,81,0,38,mplslabel,0,0,786432,3,3,0,Green,N/A,N/A,95,0,80,0,4,lem,0

2020-02-05 02:05:59.607000+00:00,leaf8,sg15,false,obt-collector1,lpm,0/0/CPU0,,,,,,,,,,,,,,,,,,494,0,104,ip6mcroute,0,0,212287,3,4,0,Green,N/A,N/A,95,0,80,0,4,lpm,1

2020-02-05 02:06:11.860000+00:00,leaf8,sg15,false,obt-collector1,ecmp_fec,0/0/CPU0,,,,,,,,,,,,,,,,,,26,7,33,ip6nhgroup,0,0,4096,3,2,0,Green,N/A,N/A,95,0,80,0,4,ecmpfec,7

2020-02-05 02:06:11.860000+00:00,leaf8,sg15,false,obt-collector1,encap,0/0/CPU0,,,,,,,,,,,,,,,,,,7,0,37,mplsnh,0,0,100000,3,3,0,Green,N/A,N/A,95,0,80,0,4,encap,2

2020-02-05 02:06:11.860000+00:00,leaf8,sg15,false,obt-collector1,fec,0/0/CPU0,,,,,,,,,,,,,,,,,,329,0,80,erp,0,0,126976,3,15,0,Green,N/A,N/A,95,0,80,0,4,fec,6

2020-02-05 02:06:11.860000+00:00,leaf8,sg15,false,obt-collector1,lem,0/0/CPU0,,,,,,,,,,,,,,,,,,81,0,38,mplslabel,0,0,786432,3,3,0,Green,N/A,N/A,95,0,80,0,4,lem,0

2020-02-05 02:06:11.860000+00:00,leaf8,sg15,false,obt-collector1,lpm,0/0/CPU0,,,,,,,,,,,,,,,,,,494,0,104,ip6mcroute,0,0,212287,3,4,0,Green,N/A,N/A,95,0,80,0,4,lpm,1

2020-02-05 02:06:23.798000+00:00,leaf8,sg15,false,obt-collector1,ecmp_fec,0/0/CPU0,,,,,,,,,,,,,,,,,,26,7,33,ip6nhgroup,0,0,4096,3,2,0,Green,N/A,N/A,95,0,80,0,4,ecmpfec,7

2020-02-05 02:06:23.798000+00:00,leaf8,sg15,false,obt-collector1,encap,0/0/CPU0,,,,,,,,,,,,,,,,,,7,0,37,mplsnh,0,0,100000,3,3,0,Green,N/A,N/A,95,0,80,0,4,encap,2

2020-02-05 02:06:23.798000+00:00,leaf8,sg15,false,obt-collector1,fec,0/0/CPU0,,,,,,,,,,,,,,,,,,329,0,80,erp,0,0,126976,3,15,0,Green,N/A,N/A,95,0,80,0,4,fec,6

2020-02-05 02:06:23.798000+00:00,leaf8,sg15,false,obt-collector1,lem,0/0/CPU0,,,,,,,,,,,,,,,,,,81,0,38,mplslabel,0,0,786432,3,3,0,Green,N/A,N/A,95,0,80,0,4,lem,0

2020-02-05 02:06:23.798000+00:00,leaf8,sg15,false,obt-collector1,lpm,0/0/CPU0,,,,,,,,,,,,,,,,,,494,0,104,ip6mcroute,0,0,212287,3,4,0,Green,N/A,N/A,95,0,80,0,4,lpm,1

2020-02-05 02:06:35.952000+00:00,leaf8,sg15,false,obt-collector1,ecmp_fec,0/0/CPU0,,,,,,,,,,,,,,,,,,26,7,33,ip6nhgroup,0,0,4096,3,2,0,Green,N/A,N/A,95,0,80,0,4,ecmpfec,7

2020-02-05 02:06:35.952000+00:00,leaf8,sg15,false,obt-collector1,encap,0/0/CPU0,,,,,,,,,,,,,,,,,,7,0,37,mplsnh,0,0,100000,3,3,0,Green,N/A,N/A,95,0,80,0,4,encap,2

2020-02-05 02:06:35.952000+00:00,leaf8,sg15,false,obt-collector1,fec,0/0/CPU0,,,,,,,,,,,,,,,,,,329,0,80,erp,0,0,126976,3,15,0,Green,N/A,N/A,95,0,80,0,4,fec,6

2020-02-05 02:06:35.952000+00:00,leaf8,sg15,false,obt-collector1,lem,0/0/CPU0,,,,,,,,,,,,,,,,,,81,0,38,mplslabel,0,0,786432,3,3,0,Green,N/A,N/A,95,0,80,0,4,lem,0

2020-02-05 02:06:35.952000+00:00,leaf8,sg15,false,obt-collector1,lpm,0/0/CPU0,,,,,,,,,,,,,,,,,,494,0,104,ip6mcroute,0,0,212287,3,4,0,Green,N/A,N/A,95,0,80,0,4,lpm,1

2020-02-05 02:06:48.039000+00:00,leaf8,sg15,false,obt-collector1,ecmp_fec,0/0/CPU0,,,,,,,,,,,,,,,,,,26,7,33,ip6nhgroup,0,0,4096,3,2,0,Green,N/A,N/A,95,0,80,0,4,ecmpfec,7

2020-02-05 02:06:48.039000+00:00,leaf8,sg15,false,obt-collector1,encap,0/0/CPU0,,,,,,,,,,,,,,,,,,7,0,37,mplsnh,0,0,100000,3,3,0,Green,N/A,N/A,95,0,80,0,4,encap,2

2020-02-05 02:06:48.039000+00:00,leaf8,sg15,false,obt-collector1,fec,0/0/CPU0,,,,,,,,,,,,,,,,,,329,0,80,erp,0,0,126976,3,15,0,Green,N/A,N/A,95,0,80,0,4,fec,6

2020-02-05 02:06:48.039000+00:00,leaf8,sg15,false,obt-collector1,lem,0/0/CPU0,,,,,,,,,,,,,,,,,,81,0,38,mplslabel,0,0,786432,3,3,0,Green,N/A,N/A,95,0,80,0,4,lem,0

2020-02-05 02:06:48.039000+00:00,leaf8,sg15,false,obt-collector1,lpm,0/0/CPU0,,,,,,,,,,,,,,,,,,494,0,104,ip6mcroute,0,0,212287,3,4,0,Green,N/A,N/A,95,0,80,0,4,lpm,1

2020-02-05 02:07:00.179000+00:00,leaf8,sg15,false,obt-collector1,ecmp_fec,0/0/CPU0,,,,,,,,,,,,,,,,,,26,7,33,ip6nhgroup,0,0,4096,3,2,0,Green,N/A,N/A,95,0,80,0,4,ecmpfec,7

2020-02-05 02:07:00.179000+00:00,leaf8,sg15,false,obt-collector1,encap,0/0/CPU0,,,,,,,,,,,,,,,,,,7,0,37,mplsnh,0,0,100000,3,3,0,Green,N/A,N/A,95,0,80,0,4,encap,2

2020-02-05 02:07:00.179000+00:00,leaf8,sg15,false,obt-collector1,fec,0/0/CPU0,,,,,,,,,,,,,,,,,,329,0,80,erp,0,0,126976,3,15,0,Green,N/A,N/A,95,0,80,0,4,fec,6

2020-02-05 02:07:00.179000+00:00,leaf8,sg15,false,obt-collector1,lem,0/0/CPU0,,,,,,,,,,,,,,,,,,81,0,38,mplslabel,0,0,786432,3,3,0,Green,N/A,N/A,95,0,80,0,4,lem,0

2020-02-05 02:07:00.179000+00:00,leaf8,sg15,false,obt-collector1,lpm,0/0/CPU0,,,,,,,,,,,,,,,,,,494,0,104,ip6mcroute,0,0,212287,3,4,0,Green,N/A,N/A,95,0,80,0,4,lpm,1

2020-02-05 02:07:12.469000+00:00,leaf8,sg15,false,obt-collector1,ecmp_fec,0/0/CPU0,,,,,,,,,,,,,,,,,,26,7,33,ip6nhgroup,0,0,4096,3,2,0,Green,N/A,N/A,95,0,80,0,4,ecmpfec,7

2020-02-05 02:07:12.469000+00:00,leaf8,sg15,false,obt-collector1,encap,0/0/CPU0,,,,,,,,,,,,,,,,,,7,0,37,mplsnh,0,0,100000,3,3,0,Green,N/A,N/A,95,0,80,0,4,encap,2

2020-02-05 02:07:12.469000+00:00,leaf8,sg15,false,obt-collector1,fec,0/0/CPU0,,,,,,,,,,,,,,,,,,329,0,80,erp,0,0,126976,3,15,0,Green,N/A,N/A,95,0,80,0,4,fec,6

2020-02-05 02:07:12.469000+00:00,leaf8,sg15,false,obt-collector1,lem,0/0/CPU0,,,,,,,,,,,,,,,,,,81,0,38,mplslabel,0,0,786432,3,3,0,Green,N/A,N/A,95,0,80,0,4,lem,0

2020-02-05 02:07:12.469000+00:00,leaf8,sg15,false,obt-collector1,lpm,0/0/CPU0,,,,,,,,,,,,,,,,,,494,0,104,ip6mcroute,0,0,212287,3,4,0,Green,N/A,N/A,95,0,80,0,4,lpm,1

2020-02-05 02:07:25.479000+00:00,leaf8,sg15,false,obt-collector1,ecmp_fec,0/0/CPU0,,,,,,,,,,,,,,,,,,26,7,33,ip6nhgroup,0,0,4096,3,2,0,Green,N/A,N/A,95,0,80,0,4,ecmpfec,7

2020-02-05 02:07:25.479000+00:00,leaf8,sg15,false,obt-collector1,encap,0/0/CPU0,,,,,,,,,,,,,,,,,,7,0,37,mplsnh,0,0,100000,3,3,0,Green,N/A,N/A,95,0,80,0,4,encap,2

2020-02-05 02:07:25.479000+00:00,leaf8,sg15,false,obt-collector1,fec,0/0/CPU0,,,,,,,,,,,,,,,,,,329,0,80,erp,0,0,126976,3,15,0,Green,N/A,N/A,95,0,80,0,4,fec,6

2020-02-05 02:07:25.479000+00:00,leaf8,sg15,false,obt-collector1,lem,0/0/CPU0,,,,,,,,,,,,,,,,,,81,0,38,mplslabel,0,0,786432,3,3,0,Green,N/A,N/A,95,0,80,0,4,lem,0

2020-02-05 02:07:25.479000+00:00,leaf8,sg15,false,obt-collector1,lpm,0/0/CPU0,,,,,,,,,,,,,,,,,,494,0,104,ip6mcroute,0,0,212287,3,4,0,Green,N/A,N/A,95,0,80,0,4,lpm,1

2020-02-05 02:07:37.580000+00:00,leaf8,sg15,false,obt-collector1,ecmp_fec,0/0/CPU0,,,,,,,,,,,,,,,,,,26,7,33,ip6nhgroup,0,0,4096,3,2,0,Green,N/A,N/A,95,0,80,0,4,ecmpfec,7

2020-02-05 02:07:37.580000+00:00,leaf8,sg15,false,obt-collector1,encap,0/0/CPU0,,,,,,,,,,,,,,,,,,7,0,37,mplsnh,0,0,100000,3,3,0,Green,N/A,N/A,95,0,80,0,4,encap,2

2020-02-05 02:07:37.580000+00:00,leaf8,sg15,false,obt-collector1,fec,0/0/CPU0,,,,,,,,,,,,,,,,,,329,0,80,erp,0,0,126976,3,15,0,Green,N/A,N/A,95,0,80,0,4,fec,6

2020-02-05 02:07:37.580000+00:00,leaf8,sg15,false,obt-collector1,lem,0/0/CPU0,,,,,,,,,,,,,,,,,,81,0,38,mplslabel,0,0,786432,3,3,0,Green,N/A,N/A,95,0,80,0,4,lem,0

2020-02-05 02:07:37.580000+00:00,leaf8,sg15,false,obt-collector1,lpm,0/0/CPU0,,,,,,,,,,,,,,,,,,494,0,104,ip6mcroute,0,0,212287,3,4,0,Green,N/A,N/A,95,0,80,0,4,lpm,1

2020-02-05 02:07:50.789000+00:00,leaf8,sg15,false,obt-collector1,ecmp_fec,0/0/CPU0,,,,,,,,,,,,,,,,,,26,7,33,ip6nhgroup,0,0,4096,3,2,0,Green,N/A,N/A,95,0,80,0,4,ecmpfec,7

2020-02-05 02:07:50.789000+00:00,leaf8,sg15,false,obt-collector1,encap,0/0/CPU0,,,,,,,,,,,,,,,,,,7,0,37,mplsnh,0,0,100000,3,3,0,Green,N/A,N/A,95,0,80,0,4,encap,2

2020-02-05 02:07:50.789000+00:00,leaf8,sg15,false,obt-collector1,fec,0/0/CPU0,,,,,,,,,,,,,,,,,,329,0,80,erp,0,0,126976,3,15,0,Green,N/A,N/A,95,0,80,0,4,fec,6

2020-02-05 02:07:50.789000+00:00,leaf8,sg15,false,obt-collector1,lem,0/0/CPU0,,,,,,,,,,,,,,,,,,81,0,38,mplslabel,0,0,786432,3,3,0,Green,N/A,N/A,95,0,80,0,4,lem,0

2020-02-05 02:07:50.789000+00:00,leaf8,sg15,false,obt-collector1,lpm,0/0/CPU0,,,,,,,,,,,,,,,,,,494,0,104,ip6mcroute,0,0,212287,3,4,0,Green,N/A,N/A,95,0,80,0,4,lpm,1

2020-02-05 02:08:02.796000+00:00,leaf8,sg15,false,obt-collector1,ecmp_fec,0/0/CPU0,,,,,,,,,,,,,,,,,,26,7,33,ip6nhgroup,0,0,4096,3,2,0,Green,N/A,N/A,95,0,80,0,4,ecmpfec,7

2020-02-05 02:08:02.796000+00:00,leaf8,sg15,false,obt-collector1,encap,0/0/CPU0,,,,,,,,,,,,,,,,,,7,0,37,mplsnh,0,0,100000,3,3,0,Green,N/A,N/A,95,0,80,0,4,encap,2

2020-02-05 02:08:02.796000+00:00,leaf8,sg15,false,obt-collector1,fec,0/0/CPU0,,,,,,,,,,,,,,,,,,329,0,80,erp,0,0,126976,3,15,0,Green,N/A,N/A,95,0,80,0,4,fec,6

2020-02-05 02:08:02.796000+00:00,leaf8,sg15,false,obt-collector1,lem,0/0/CPU0,,,,,,,,,,,,,,,,,,81,0,38,mplslabel,0,0,786432,3,3,0,Green,N/A,N/A,95,0,80,0,4,lem,0

2020-02-05 02:08:02.796000+00:00,leaf8,sg15,false,obt-collector1,lpm,0/0/CPU0,,,,,,,,,,,,,,,,,,494,0,104,ip6mcroute,0,0,212287,3,4,0,Green,N/A,N/A,95,0,80,0,4,lpm,1

2020-02-05 02:08:14.926000+00:00,leaf8,sg15,false,obt-collector1,ecmp_fec,0/0/CPU0,,,,,,,,,,,,,,,,,,26,7,33,ip6nhgroup,0,0,4096,3,2,0,Green,N/A,N/A,95,0,80,0,4,ecmpfec,7

2020-02-05 02:08:14.926000+00:00,leaf8,sg15,false,obt-collector1,encap,0/0/CPU0,,,,,,,,,,,,,,,,,,7,0,37,mplsnh,0,0,100000,3,3,0,Green,N/A,N/A,95,0,80,0,4,encap,2

2020-02-05 02:08:14.926000+00:00,leaf8,sg15,false,obt-collector1,fec,0/0/CPU0,,,,,,,,,,,,,,,,,,329,0,80,erp,0,0,126976,3,15,0,Green,N/A,N/A,95,0,80,0,4,fec,6

2020-02-05 02:08:14.926000+00:00,leaf8,sg15,false,obt-collector1,lem,0/0/CPU0,,,,,,,,,,,,,,,,,,81,0,38,mplslabel,0,0,786432,3,3,0,Green,N/A,N/A,95,0,80,0,4,lem,0

2020-02-05 02:08:14.926000+00:00,leaf8,sg15,false,obt-collector1,lpm,0/0/CPU0,,,,,,,,,,,,,,,,,,494,0,104,ip6mcroute,0,0,212287,3,4,0,Green,N/A,N/A,95,0,80,0,4,lpm,1

2020-02-05 02:08:27.106000+00:00,leaf8,sg15,false,obt-collector1,ecmp_fec,0/0/CPU0,,,,,,,,,,,,,,,,,,26,7,33,ip6nhgroup,0,0,4096,3,2,0,Green,N/A,N/A,95,0,80,0,4,ecmpfec,7

2020-02-05 02:08:27.106000+00:00,leaf8,sg15,false,obt-collector1,encap,0/0/CPU0,,,,,,,,,,,,,,,,,,7,0,37,mplsnh,0,0,100000,3,3,0,Green,N/A,N/A,95,0,80,0,4,encap,2

2020-02-05 02:08:27.106000+00:00,leaf8,sg15,false,obt-collector1,fec,0/0/CPU0,,,,,,,,,,,,,,,,,,329,0,80,erp,0,0,126976,3,15,0,Green,N/A,N/A,95,0,80,0,4,fec,6

2020-02-05 02:08:27.106000+00:00,leaf8,sg15,false,obt-collector1,lem,0/0/CPU0,,,,,,,,,,,,,,,,,,81,0,38,mplslabel,0,0,786432,3,3,0,Green,N/A,N/A,95,0,80,0,4,lem,0

2020-02-05 02:08:27.106000+00:00,leaf8,sg15,false,obt-collector1,lpm,0/0/CPU0,,,,,,,,,,,,,,,,,,494,0,104,ip6mcroute,0,0,212287,3,4,0,Green,N/A,N/A,95,0,80,0,4,lpm,1

2020-02-05 02:08:40.008000+00:00,leaf8,sg15,false,obt-collector1,encap,0/0/CPU0,,,,,,,,,,,,,,,,,,7,0,37,mplsnh,0,0,100000,3,3,0,Green,N/A,N/A,95,0,80,0,4,encap,2

2020-02-05 02:08:40.008000+00:00,leaf8,sg15,false,obt-collector1,fec,0/0/CPU0,,,,,,,,,,,,,,,,,,329,0,80,erp,0,0,126976,3,15,0,Green,N/A,N/A,95,0,80,0,4,fec,6

2020-02-05 02:08:40.008000+00:00,leaf8,sg15,false,obt-collector1,lem,0/0/CPU0,,,,,,,,,,,,,,,,,,81,0,38,mplslabel,0,0,786432,3,3,0,Green,N/A,N/A,95,0,80,0,4,lem,0

2020-02-05 02:08:40.008000+00:00,leaf8,sg15,false,obt-collector1,lpm,0/0/CPU0,,,,,,,,,,,,,,,,,,494,0,104,ip6mcroute,0,0,212287,3,4,0,Green,N/A,N/A,95,0,80,0,4,lpm,1

2020-02-05 02:08:40.009000+00:00,leaf8,sg15,false,obt-collector1,ecmp_fec,0/0/CPU0,,,,,,,,,,,,,,,,,,26,7,33,ip6nhgroup,0,0,4096,3,2,0,Green,N/A,N/A,95,0,80,0,4,ecmpfec,7

2020-02-05 02:08:52.981000+00:00,leaf8,sg15,false,obt-collector1,ecmp_fec,0/0/CPU0,,,,,,,,,,,,,,,,,,26,7,33,ip6nhgroup,0,0,4096,3,2,0,Green,N/A,N/A,95,0,80,0,4,ecmpfec,7

2020-02-05 02:08:52.981000+00:00,leaf8,sg15,false,obt-collector1,encap,0/0/CPU0,,,,,,,,,,,,,,,,,,7,0,37,mplsnh,0,0,100000,3,3,0,Green,N/A,N/A,95,0,80,0,4,encap,2

2020-02-05 02:08:52.981000+00:00,leaf8,sg15,false,obt-collector1,fec,0/0/CPU0,,,,,,,,,,,,,,,,,,329,0,80,erp,0,0,126976,3,15,0,Green,N/A,N/A,95,0,80,0,4,fec,6

2020-02-05 02:08:52.981000+00:00,leaf8,sg15,false,obt-collector1,lem,0/0/CPU0,,,,,,,,,,,,,,,,,,81,0,38,mplslabel,0,0,786432,3,3,0,Green,N/A,N/A,95,0,80,0,4,lem,0

2020-02-05 02:08:52.981000+00:00,leaf8,sg15,false,obt-collector1,lpm,0/0/CPU0,,,,,,,,,,,,,,,,,,494,0,104,ip6mcroute,0,0,212287,3,4,0,Green,N/A,N/A,95,0,80,0,4,lpm,1

2020-02-05 02:09:05.195000+00:00,leaf8,sg15,false,obt-collector1,encap,0/0/CPU0,,,,,,,,,,,,,,,,,,7,0,37,mplsnh,0,0,100000,3,3,0,Green,N/A,N/A,95,0,80,0,4,encap,2

2020-02-05 02:09:05.195000+00:00,leaf8,sg15,false,obt-collector1,fec,0/0/CPU0,,,,,,,,,,,,,,,,,,329,0,80,erp,0,0,126976,3,15,0,Green,N/A,N/A,95,0,80,0,4,fec,6

2020-02-05 02:09:05.195000+00:00,leaf8,sg15,false,obt-collector1,lem,0/0/CPU0,,,,,,,,,,,,,,,,,,81,0,38,mplslabel,0,0,786432,3,3,0,Green,N/A,N/A,95,0,80,0,4,lem,0

2020-02-05 02:09:05.195000+00:00,leaf8,sg15,false,obt-collector1,lpm,0/0/CPU0,,,,,,,,,,,,,,,,,,494,0,104,ip6mcroute,0,0,212287,3,4,0,Green,N/A,N/A,95,0,80,0,4,lpm,1

2020-02-05 02:09:05.196000+00:00,leaf8,sg15,false,obt-collector1,ecmp_fec,0/0/CPU0,,,,,,,,,,,,,,,,,,26,7,33,ip6nhgroup,0,0,4096,3,2,0,Green,N/A,N/A,95,0,80,0,4,ecmpfec,7

2020-02-05 02:09:17.180000+00:00,leaf8,sg15,false,obt-collector1,ecmp_fec,0/0/CPU0,,,,,,,,,,,,,,,,,,26,7,33,ip6nhgroup,0,0,4096,3,2,0,Green,N/A,N/A,95,0,80,0,4,ecmpfec,7

2020-02-05 02:09:17.180000+00:00,leaf8,sg15,false,obt-collector1,encap,0/0/CPU0,,,,,,,,,,,,,,,,,,7,0,37,mplsnh,0,0,100000,3,3,0,Green,N/A,N/A,95,0,80,0,4,encap,2

2020-02-05 02:09:17.180000+00:00,leaf8,sg15,false,obt-collector1,fec,0/0/CPU0,,,,,,,,,,,,,,,,,,329,0,80,erp,0,0,126976,3,15,0,Green,N/A,N/A,95,0,80,0,4,fec,6

2020-02-05 02:09:17.180000+00:00,leaf8,sg15,false,obt-collector1,lem,0/0/CPU0,,,,,,,,,,,,,,,,,,81,0,38,mplslabel,0,0,786432,3,3,0,Green,N/A,N/A,95,0,80,0,4,lem,0

2020-02-05 02:09:17.180000+00:00,leaf8,sg15,false,obt-collector1,lpm,0/0/CPU0,,,,,,,,,,,,,,,,,,494,0,104,ip6mcroute,0,0,212287,3,4,0,Green,N/A,N/A,95,0,80,0,4,lpm,1

2020-02-05 02:09:29.348000+00:00,leaf8,sg15,false,obt-collector1,ecmp_fec,0/0/CPU0,,,,,,,,,,,,,,,,,,26,7,33,ip6nhgroup,0,0,4096,3,2,0,Green,N/A,N/A,95,0,80,0,4,ecmpfec,7

2020-02-05 02:09:29.348000+00:00,leaf8,sg15,false,obt-collector1,encap,0/0/CPU0,,,,,,,,,,,,,,,,,,7,0,37,mplsnh,0,0,100000,3,3,0,Green,N/A,N/A,95,0,80,0,4,encap,2

2020-02-05 02:09:29.348000+00:00,leaf8,sg15,false,obt-collector1,fec,0/0/CPU0,,,,,,,,,,,,,,,,,,329,0,80,erp,0,0,126976,3,15,0,Green,N/A,N/A,95,0,80,0,4,fec,6

2020-02-05 02:09:29.348000+00:00,leaf8,sg15,false,obt-collector1,lem,0/0/CPU0,,,,,,,,,,,,,,,,,,81,0,38,mplslabel,0,0,786432,3,3,0,Green,N/A,N/A,95,0,80,0,4,lem,0

2020-02-05 02:09:29.348000+00:00,leaf8,sg15,false,obt-collector1,lpm,0/0/CPU0,,,,,,,,,,,,,,,,,,494,0,104,ip6mcroute,0,0,212287,3,4,0,Green,N/A,N/A,95,0,80,0,4,lpm,1

2020-02-05 02:09:41.421000+00:00,leaf8,sg15,false,obt-collector1,ecmp_fec,0/0/CPU0,,,,,,,,,,,,,,,,,,26,7,33,ip6nhgroup,0,0,4096,3,2,0,Green,N/A,N/A,95,0,80,0,4,ecmpfec,7

2020-02-05 02:09:41.421000+00:00,leaf8,sg15,false,obt-collector1,encap,0/0/CPU0,,,,,,,,,,,,,,,,,,7,0,37,mplsnh,0,0,100000,3,3,0,Green,N/A,N/A,95,0,80,0,4,encap,2

2020-02-05 02:09:41.421000+00:00,leaf8,sg15,false,obt-collector1,fec,0/0/CPU0,,,,,,,,,,,,,,,,,,329,0,80,erp,0,0,126976,3,15,0,Green,N/A,N/A,95,0,80,0,4,fec,6

2020-02-05 02:09:41.421000+00:00,leaf8,sg15,false,obt-collector1,lem,0/0/CPU0,,,,,,,,,,,,,,,,,,81,0,38,mplslabel,0,0,786432,3,3,0,Green,N/A,N/A,95,0,80,0,4,lem,0

2020-02-05 02:09:41.421000+00:00,leaf8,sg15,false,obt-collector1,lpm,0/0/CPU0,,,,,,,,,,,,,,,,,,494,0,104,ip6mcroute,0,0,212287,3,4,0,Green,N/A,N/A,95,0,80,0,4,lpm,1

2020-02-05 02:09:53.647000+00:00,leaf8,sg15,false,obt-collector1,ecmp_fec,0/0/CPU0,,,,,,,,,,,,,,,,,,26,7,33,ip6nhgroup,0,0,4096,3,2,0,Green,N/A,N/A,95,0,80,0,4,ecmpfec,7

2020-02-05 02:09:53.647000+00:00,leaf8,sg15,false,obt-collector1,encap,0/0/CPU0,,,,,,,,,,,,,,,,,,7,0,37,mplsnh,0,0,100000,3,3,0,Green,N/A,N/A,95,0,80,0,4,encap,2

2020-02-05 02:09:53.647000+00:00,leaf8,sg15,false,obt-collector1,fec,0/0/CPU0,,,,,,,,,,,,,,,,,,329,0,80,erp,0,0,126976,3,15,0,Green,N/A,N/A,95,0,80,0,4,fec,6

2020-02-05 02:09:53.647000+00:00,leaf8,sg15,false,obt-collector1,lem,0/0/CPU0,,,,,,,,,,,,,,,,,,81,0,38,mplslabel,0,0,786432,3,3,0,Green,N/A,N/A,95,0,80,0,4,lem,0

2020-02-05 02:09:53.647000+00:00,leaf8,sg15,false,obt-collector1,lpm,0/0/CPU0,,,,,,,,,,,,,,,,,,494,0,104,ip6mcroute,0,0,212287,3,4,0,Green,N/A,N/A,95,0,80,0,4,lpm,1

2020-02-05 02:10:05.720000+00:00,leaf8,sg15,false,obt-collector1,ecmp_fec,0/0/CPU0,,,,,,,,,,,,,,,,,,26,7,33,ip6nhgroup,0,0,4096,3,2,0,Green,N/A,N/A,95,0,80,0,4,ecmpfec,7

2020-02-05 02:10:05.720000+00:00,leaf8,sg15,false,obt-collector1,encap,0/0/CPU0,,,,,,,,,,,,,,,,,,7,0,37,mplsnh,0,0,100000,3,3,0,Green,N/A,N/A,95,0,80,0,4,encap,2

2020-02-05 02:10:05.720000+00:00,leaf8,sg15,false,obt-collector1,fec,0/0/CPU0,,,,,,,,,,,,,,,,,,329,0,80,erp,0,0,126976,3,15,0,Green,N/A,N/A,95,0,80,0,4,fec,6

2020-02-05 02:10:05.720000+00:00,leaf8,sg15,false,obt-collector1,lem,0/0/CPU0,,,,,,,,,,,,,,,,,,81,0,38,mplslabel,0,0,786432,3,3,0,Green,N/A,N/A,95,0,80,0,4,lem,0

2020-02-05 02:10:05.720000+00:00,leaf8,sg15,false,obt-collector1,lpm,0/0/CPU0,,,,,,,,,,,,,,,,,,494,0,104,ip6mcroute,0,0,212287,3,4,0,Green,N/A,N/A,95,0,80,0,4,lpm,1

2020-02-05 02:10:17.846000+00:00,leaf8,sg15,false,obt-collector1,ecmp_fec,0/0/CPU0,,,,,,,,,,,,,,,,,,26,7,33,ip6nhgroup,0,0,4096,3,2,0,Green,N/A,N/A,95,0,80,0,4,ecmpfec,7

2020-02-05 02:10:17.846000+00:00,leaf8,sg15,false,obt-collector1,encap,0/0/CPU0,,,,,,,,,,,,,,,,,,7,0,37,mplsnh,0,0,100000,3,3,0,Green,N/A,N/A,95,0,80,0,4,encap,2

2020-02-05 02:10:17.846000+00:00,leaf8,sg15,false,obt-collector1,fec,0/0/CPU0,,,,,,,,,,,,,,,,,,329,0,80,erp,0,0,126976,3,15,0,Green,N/A,N/A,95,0,80,0,4,fec,6

2020-02-05 02:10:17.846000+00:00,leaf8,sg15,false,obt-collector1,lem,0/0/CPU0,,,,,,,,,,,,,,,,,,81,0,38,mplslabel,0,0,786432,3,3,0,Green,N/A,N/A,95,0,80,0,4,lem,0

2020-02-05 02:10:17.846000+00:00,leaf8,sg15,false,obt-collector1,lpm,0/0/CPU0,,,,,,,,,,,,,,,,,,494,0,104,ip6mcroute,0,0,212287,3,4,0,Green,N/A,N/A,95,0,80,0,4,lpm,1

