,Producer,Target,brief/name,brief/name-xr,brief/node-id,brief/session-count,client-name,flags/is-recreate-state,flags/is-zombie-state,host,recreate-time

2020-02-06 18:54:55.816000+00:00,leaf4,sg1,,tunl_gre_ma,0/RP0/CPU0,0,tunl_gre_manode0_RP0_CPU0,0,0,obt-collector1,199

2020-02-06 18:54:55.816000+00:00,leaf4,sg1,,pim,0/RP0/CPU0,0,pimnode0_RP0_CPU0,0,0,obt-collector1,199

2020-02-06 18:54:55.816000+00:00,leaf4,sg1,,object_tracking,0/RP0/CPU0,0,object_trackingnode0_RP0_CPU0,0,0,obt-collector1,199

2020-02-06 18:54:55.816000+00:00,leaf4,sg1,,L2VPN_ATOM,0/RP0/CPU0,0,L2VPN_ATOMnode0_RP0_CPU0,0,0,obt-collector1,120

2020-02-06 18:54:55.816000+00:00,leaf4,sg1,,XTC,0/RP0/CPU0,0,XTCnode0_RP0_CPU0,0,0,obt-collector1,180

2020-02-06 18:54:55.816000+00:00,leaf4,sg1,,ipv4_static,0/RP0/CPU0,0,ipv4_staticnode0_RP0_CPU0,0,0,obt-collector1,60

2020-02-06 18:54:55.816000+00:00,leaf4,sg1,,pim6,0/RP0/CPU0,0,pim6node0_RP0_CPU0,0,0,obt-collector1,199

2020-02-06 18:54:55.816000+00:00,leaf4,sg1,,bundlemgr_distrib,0/RP0/CPU0,0,bundlemgr_distribnode0_RP0_CPU0,0,0,obt-collector1,60

2020-02-06 18:54:55.816000+00:00,leaf4,sg1,,bgp-default,0/RP0/CPU0,41,bgp-defaultnode0_RP0_CPU0,0,0,obt-collector1,60

2020-02-06 18:55:06.209000+00:00,leaf4,sg1,,bundlemgr_distrib,0/RP0/CPU0,0,bundlemgr_distribnode0_RP0_CPU0,0,0,obt-collector1,60

2020-02-06 18:55:06.209000+00:00,leaf4,sg1,,bgp-default,0/RP0/CPU0,41,bgp-defaultnode0_RP0_CPU0,0,0,obt-collector1,60

2020-02-06 18:55:06.209000+00:00,leaf4,sg1,,L2VPN_ATOM,0/RP0/CPU0,0,L2VPN_ATOMnode0_RP0_CPU0,0,0,obt-collector1,120

2020-02-06 18:55:06.209000+00:00,leaf4,sg1,,object_tracking,0/RP0/CPU0,0,object_trackingnode0_RP0_CPU0,0,0,obt-collector1,199

2020-02-06 18:55:06.209000+00:00,leaf4,sg1,,XTC,0/RP0/CPU0,0,XTCnode0_RP0_CPU0,0,0,obt-collector1,180

2020-02-06 18:55:06.209000+00:00,leaf4,sg1,,ipv4_static,0/RP0/CPU0,0,ipv4_staticnode0_RP0_CPU0,0,0,obt-collector1,60

2020-02-06 18:55:06.210000+00:00,leaf4,sg1,,tunl_gre_ma,0/RP0/CPU0,0,tunl_gre_manode0_RP0_CPU0,0,0,obt-collector1,199

2020-02-06 18:55:06.210000+00:00,leaf4,sg1,,pim,0/RP0/CPU0,0,pimnode0_RP0_CPU0,0,0,obt-collector1,199

2020-02-06 18:55:06.210000+00:00,leaf4,sg1,,pim6,0/RP0/CPU0,0,pim6node0_RP0_CPU0,0,0,obt-collector1,199

2020-02-06 18:55:09.555000+00:00,leaf4,sg1,,pim,0/RP0/CPU0,0,pimnode0_RP0_CPU0,0,0,obt-collector1,199

2020-02-06 18:55:09.555000+00:00,leaf4,sg1,,pim6,0/RP0/CPU0,0,pim6node0_RP0_CPU0,0,0,obt-collector1,199

2020-02-06 18:55:09.555000+00:00,leaf4,sg1,,ipv4_static,0/RP0/CPU0,0,ipv4_staticnode0_RP0_CPU0,0,0,obt-collector1,60

2020-02-06 18:55:09.555000+00:00,leaf4,sg1,,bgp-default,0/RP0/CPU0,41,bgp-defaultnode0_RP0_CPU0,0,0,obt-collector1,60

2020-02-06 18:55:09.555000+00:00,leaf4,sg1,,bundlemgr_distrib,0/RP0/CPU0,0,bundlemgr_distribnode0_RP0_CPU0,0,0,obt-collector1,60

2020-02-06 18:55:09.555000+00:00,leaf4,sg1,,XTC,0/RP0/CPU0,0,XTCnode0_RP0_CPU0,0,0,obt-collector1,180

2020-02-06 18:55:09.555000+00:00,leaf4,sg1,,object_tracking,0/RP0/CPU0,0,object_trackingnode0_RP0_CPU0,0,0,obt-collector1,199

2020-02-06 18:55:09.555000+00:00,leaf4,sg1,,L2VPN_ATOM,0/RP0/CPU0,0,L2VPN_ATOMnode0_RP0_CPU0,0,0,obt-collector1,120

2020-02-06 18:55:09.556000+00:00,leaf4,sg1,,tunl_gre_ma,0/RP0/CPU0,0,tunl_gre_manode0_RP0_CPU0,0,0,obt-collector1,199

2020-02-06 18:55:16.160000+00:00,leaf4,sg1,,L2VPN_ATOM,0/RP0/CPU0,0,L2VPN_ATOMnode0_RP0_CPU0,0,0,obt-collector1,120

2020-02-06 18:55:16.160000+00:00,leaf4,sg1,,tunl_gre_ma,0/RP0/CPU0,0,tunl_gre_manode0_RP0_CPU0,0,0,obt-collector1,199

2020-02-06 18:55:16.160000+00:00,leaf4,sg1,,bgp-default,0/RP0/CPU0,41,bgp-defaultnode0_RP0_CPU0,0,0,obt-collector1,60

2020-02-06 18:55:16.160000+00:00,leaf4,sg1,,pim6,0/RP0/CPU0,0,pim6node0_RP0_CPU0,0,0,obt-collector1,199

2020-02-06 18:55:16.160000+00:00,leaf4,sg1,,pim,0/RP0/CPU0,0,pimnode0_RP0_CPU0,0,0,obt-collector1,199

2020-02-06 18:55:16.160000+00:00,leaf4,sg1,,ipv4_static,0/RP0/CPU0,0,ipv4_staticnode0_RP0_CPU0,0,0,obt-collector1,60

2020-02-06 18:55:16.160000+00:00,leaf4,sg1,,object_tracking,0/RP0/CPU0,0,object_trackingnode0_RP0_CPU0,0,0,obt-collector1,199

2020-02-06 18:55:16.160000+00:00,leaf4,sg1,,XTC,0/RP0/CPU0,0,XTCnode0_RP0_CPU0,0,0,obt-collector1,180

2020-02-06 18:55:16.160000+00:00,leaf4,sg1,,bundlemgr_distrib,0/RP0/CPU0,0,bundlemgr_distribnode0_RP0_CPU0,0,0,obt-collector1,60

2020-02-06 18:55:19.478000+00:00,leaf4,sg1,,XTC,0/RP0/CPU0,0,XTCnode0_RP0_CPU0,0,0,obt-collector1,180

2020-02-06 18:55:19.478000+00:00,leaf4,sg1,,bundlemgr_distrib,0/RP0/CPU0,0,bundlemgr_distribnode0_RP0_CPU0,0,0,obt-collector1,60

2020-02-06 18:55:19.478000+00:00,leaf4,sg1,,pim6,0/RP0/CPU0,0,pim6node0_RP0_CPU0,0,0,obt-collector1,199

2020-02-06 18:55:19.478000+00:00,leaf4,sg1,,tunl_gre_ma,0/RP0/CPU0,0,tunl_gre_manode0_RP0_CPU0,0,0,obt-collector1,199

2020-02-06 18:55:19.478000+00:00,leaf4,sg1,,L2VPN_ATOM,0/RP0/CPU0,0,L2VPN_ATOMnode0_RP0_CPU0,0,0,obt-collector1,120

2020-02-06 18:55:19.478000+00:00,leaf4,sg1,,bgp-default,0/RP0/CPU0,41,bgp-defaultnode0_RP0_CPU0,0,0,obt-collector1,60

2020-02-06 18:55:19.478000+00:00,leaf4,sg1,,object_tracking,0/RP0/CPU0,0,object_trackingnode0_RP0_CPU0,0,0,obt-collector1,199

2020-02-06 18:55:19.478000+00:00,leaf4,sg1,,pim,0/RP0/CPU0,0,pimnode0_RP0_CPU0,0,0,obt-collector1,199

2020-02-06 18:55:19.478000+00:00,leaf4,sg1,,ipv4_static,0/RP0/CPU0,0,ipv4_staticnode0_RP0_CPU0,0,0,obt-collector1,60

2020-02-06 18:55:26.307000+00:00,leaf4,sg1,,XTC,0/RP0/CPU0,0,XTCnode0_RP0_CPU0,0,0,obt-collector1,180

2020-02-06 18:55:26.307000+00:00,leaf4,sg1,,L2VPN_ATOM,0/RP0/CPU0,0,L2VPN_ATOMnode0_RP0_CPU0,0,0,obt-collector1,120

2020-02-06 18:55:26.307000+00:00,leaf4,sg1,,bgp-default,0/RP0/CPU0,41,bgp-defaultnode0_RP0_CPU0,0,0,obt-collector1,60

2020-02-06 18:55:26.308000+00:00,leaf4,sg1,,ipv4_static,0/RP0/CPU0,0,ipv4_staticnode0_RP0_CPU0,0,0,obt-collector1,60

2020-02-06 18:55:26.308000+00:00,leaf4,sg1,,pim,0/RP0/CPU0,0,pimnode0_RP0_CPU0,0,0,obt-collector1,199

2020-02-06 18:55:26.308000+00:00,leaf4,sg1,,bundlemgr_distrib,0/RP0/CPU0,0,bundlemgr_distribnode0_RP0_CPU0,0,0,obt-collector1,60

2020-02-06 18:55:26.308000+00:00,leaf4,sg1,,pim6,0/RP0/CPU0,0,pim6node0_RP0_CPU0,0,0,obt-collector1,199

2020-02-06 18:55:26.308000+00:00,leaf4,sg1,,tunl_gre_ma,0/RP0/CPU0,0,tunl_gre_manode0_RP0_CPU0,0,0,obt-collector1,199

2020-02-06 18:55:26.308000+00:00,leaf4,sg1,,object_tracking,0/RP0/CPU0,0,object_trackingnode0_RP0_CPU0,0,0,obt-collector1,199

2020-02-06 18:55:43.175000+00:00,leaf4,sg1,,L2VPN_ATOM,0/RP0/CPU0,0,L2VPN_ATOMnode0_RP0_CPU0,0,0,obt-collector1,120

2020-02-06 18:55:43.176000+00:00,leaf4,sg1,,object_tracking,0/RP0/CPU0,0,object_trackingnode0_RP0_CPU0,0,0,obt-collector1,199

2020-02-06 18:55:43.176000+00:00,leaf4,sg1,,tunl_gre_ma,0/RP0/CPU0,0,tunl_gre_manode0_RP0_CPU0,0,0,obt-collector1,199

2020-02-06 18:55:43.176000+00:00,leaf4,sg1,,pim,0/RP0/CPU0,0,pimnode0_RP0_CPU0,0,0,obt-collector1,199

2020-02-06 18:55:43.176000+00:00,leaf4,sg1,,bgp-default,0/RP0/CPU0,41,bgp-defaultnode0_RP0_CPU0,0,0,obt-collector1,60

2020-02-06 18:55:43.176000+00:00,leaf4,sg1,,ipv4_static,0/RP0/CPU0,0,ipv4_staticnode0_RP0_CPU0,0,0,obt-collector1,60

2020-02-06 18:55:43.176000+00:00,leaf4,sg1,,pim6,0/RP0/CPU0,0,pim6node0_RP0_CPU0,0,0,obt-collector1,199

2020-02-06 18:55:43.176000+00:00,leaf4,sg1,,XTC,0/RP0/CPU0,0,XTCnode0_RP0_CPU0,0,0,obt-collector1,180

2020-02-06 18:55:43.176000+00:00,leaf4,sg1,,bundlemgr_distrib,0/RP0/CPU0,0,bundlemgr_distribnode0_RP0_CPU0,0,0,obt-collector1,60

2020-02-06 18:55:46.482000+00:00,leaf4,sg1,,L2VPN_ATOM,0/RP0/CPU0,0,L2VPN_ATOMnode0_RP0_CPU0,0,0,obt-collector1,120

2020-02-06 18:55:46.482000+00:00,leaf4,sg1,,XTC,0/RP0/CPU0,0,XTCnode0_RP0_CPU0,0,0,obt-collector1,180

2020-02-06 18:55:46.483000+00:00,leaf4,sg1,,bundlemgr_distrib,0/RP0/CPU0,0,bundlemgr_distribnode0_RP0_CPU0,0,0,obt-collector1,60

2020-02-06 18:55:46.483000+00:00,leaf4,sg1,,pim,0/RP0/CPU0,0,pimnode0_RP0_CPU0,0,0,obt-collector1,199

2020-02-06 18:55:46.483000+00:00,leaf4,sg1,,object_tracking,0/RP0/CPU0,0,object_trackingnode0_RP0_CPU0,0,0,obt-collector1,199

2020-02-06 18:55:46.483000+00:00,leaf4,sg1,,tunl_gre_ma,0/RP0/CPU0,0,tunl_gre_manode0_RP0_CPU0,0,0,obt-collector1,199

2020-02-06 18:55:46.483000+00:00,leaf4,sg1,,pim6,0/RP0/CPU0,0,pim6node0_RP0_CPU0,0,0,obt-collector1,199

2020-02-06 18:55:46.483000+00:00,leaf4,sg1,,bgp-default,0/RP0/CPU0,41,bgp-defaultnode0_RP0_CPU0,0,0,obt-collector1,60

2020-02-06 18:55:46.483000+00:00,leaf4,sg1,,ipv4_static,0/RP0/CPU0,0,ipv4_staticnode0_RP0_CPU0,0,0,obt-collector1,60

2020-02-06 18:55:53.121000+00:00,leaf4,sg1,,XTC,0/RP0/CPU0,0,XTCnode0_RP0_CPU0,0,0,obt-collector1,180

2020-02-06 18:55:53.121000+00:00,leaf4,sg1,,L2VPN_ATOM,0/RP0/CPU0,0,L2VPN_ATOMnode0_RP0_CPU0,0,0,obt-collector1,120

2020-02-06 18:55:53.122000+00:00,leaf4,sg1,,ipv4_static,0/RP0/CPU0,0,ipv4_staticnode0_RP0_CPU0,0,0,obt-collector1,60

2020-02-06 18:55:53.122000+00:00,leaf4,sg1,,bgp-default,0/RP0/CPU0,41,bgp-defaultnode0_RP0_CPU0,0,0,obt-collector1,60

2020-02-06 18:55:53.122000+00:00,leaf4,sg1,,pim,0/RP0/CPU0,0,pimnode0_RP0_CPU0,0,0,obt-collector1,199

2020-02-06 18:55:53.122000+00:00,leaf4,sg1,,bundlemgr_distrib,0/RP0/CPU0,0,bundlemgr_distribnode0_RP0_CPU0,0,0,obt-collector1,60

2020-02-06 18:55:53.122000+00:00,leaf4,sg1,,pim6,0/RP0/CPU0,0,pim6node0_RP0_CPU0,0,0,obt-collector1,199

2020-02-06 18:55:53.122000+00:00,leaf4,sg1,,object_tracking,0/RP0/CPU0,0,object_trackingnode0_RP0_CPU0,0,0,obt-collector1,199

2020-02-06 18:55:53.122000+00:00,leaf4,sg1,,tunl_gre_ma,0/RP0/CPU0,0,tunl_gre_manode0_RP0_CPU0,0,0,obt-collector1,199

2020-02-06 18:55:59.769000+00:00,leaf4,sg1,,L2VPN_ATOM,0/RP0/CPU0,0,L2VPN_ATOMnode0_RP0_CPU0,0,0,obt-collector1,120

2020-02-06 18:55:59.770000+00:00,leaf4,sg1,,tunl_gre_ma,0/RP0/CPU0,0,tunl_gre_manode0_RP0_CPU0,0,0,obt-collector1,199

2020-02-06 18:55:59.770000+00:00,leaf4,sg1,,object_tracking,0/RP0/CPU0,0,object_trackingnode0_RP0_CPU0,0,0,obt-collector1,199

2020-02-06 18:55:59.770000+00:00,leaf4,sg1,,bgp-default,0/RP0/CPU0,41,bgp-defaultnode0_RP0_CPU0,0,0,obt-collector1,60

2020-02-06 18:55:59.770000+00:00,leaf4,sg1,,XTC,0/RP0/CPU0,0,XTCnode0_RP0_CPU0,0,0,obt-collector1,180

2020-02-06 18:55:59.770000+00:00,leaf4,sg1,,ipv4_static,0/RP0/CPU0,0,ipv4_staticnode0_RP0_CPU0,0,0,obt-collector1,60

2020-02-06 18:55:59.770000+00:00,leaf4,sg1,,pim6,0/RP0/CPU0,0,pim6node0_RP0_CPU0,0,0,obt-collector1,199

2020-02-06 18:55:59.770000+00:00,leaf4,sg1,,pim,0/RP0/CPU0,0,pimnode0_RP0_CPU0,0,0,obt-collector1,199

2020-02-06 18:55:59.770000+00:00,leaf4,sg1,,bundlemgr_distrib,0/RP0/CPU0,0,bundlemgr_distribnode0_RP0_CPU0,0,0,obt-collector1,60

2020-02-06 18:56:02.999000+00:00,leaf4,sg1,,L2VPN_ATOM,0/RP0/CPU0,0,L2VPN_ATOMnode0_RP0_CPU0,0,0,obt-collector1,120

2020-02-06 18:56:02.999000+00:00,leaf4,sg1,,XTC,0/RP0/CPU0,0,XTCnode0_RP0_CPU0,0,0,obt-collector1,180

2020-02-06 18:56:03+00:00,leaf4,sg1,,bundlemgr_distrib,0/RP0/CPU0,0,bundlemgr_distribnode0_RP0_CPU0,0,0,obt-collector1,60

2020-02-06 18:56:03+00:00,leaf4,sg1,,pim,0/RP0/CPU0,0,pimnode0_RP0_CPU0,0,0,obt-collector1,199

2020-02-06 18:56:03+00:00,leaf4,sg1,,tunl_gre_ma,0/RP0/CPU0,0,tunl_gre_manode0_RP0_CPU0,0,0,obt-collector1,199

2020-02-06 18:56:03+00:00,leaf4,sg1,,object_tracking,0/RP0/CPU0,0,object_trackingnode0_RP0_CPU0,0,0,obt-collector1,199

2020-02-06 18:56:03+00:00,leaf4,sg1,,pim6,0/RP0/CPU0,0,pim6node0_RP0_CPU0,0,0,obt-collector1,199

2020-02-06 18:56:03+00:00,leaf4,sg1,,bgp-default,0/RP0/CPU0,41,bgp-defaultnode0_RP0_CPU0,0,0,obt-collector1,60

2020-02-06 18:56:03+00:00,leaf4,sg1,,ipv4_static,0/RP0/CPU0,0,ipv4_staticnode0_RP0_CPU0,0,0,obt-collector1,60

2020-02-06 18:56:06.216000+00:00,leaf4,sg1,,bgp-default,0/RP0/CPU0,41,bgp-defaultnode0_RP0_CPU0,0,0,obt-collector1,60

2020-02-06 18:56:06.216000+00:00,leaf4,sg1,,ipv4_static,0/RP0/CPU0,0,ipv4_staticnode0_RP0_CPU0,0,0,obt-collector1,60

2020-02-06 18:56:06.216000+00:00,leaf4,sg1,,XTC,0/RP0/CPU0,0,XTCnode0_RP0_CPU0,0,0,obt-collector1,180

2020-02-06 18:56:06.216000+00:00,leaf4,sg1,,L2VPN_ATOM,0/RP0/CPU0,0,L2VPN_ATOMnode0_RP0_CPU0,0,0,obt-collector1,120

2020-02-06 18:56:06.216000+00:00,leaf4,sg1,,bundlemgr_distrib,0/RP0/CPU0,0,bundlemgr_distribnode0_RP0_CPU0,0,0,obt-collector1,60

2020-02-06 18:56:06.216000+00:00,leaf4,sg1,,pim6,0/RP0/CPU0,0,pim6node0_RP0_CPU0,0,0,obt-collector1,199

2020-02-06 18:56:06.216000+00:00,leaf4,sg1,,object_tracking,0/RP0/CPU0,0,object_trackingnode0_RP0_CPU0,0,0,obt-collector1,199

2020-02-06 18:56:06.217000+00:00,leaf4,sg1,,pim,0/RP0/CPU0,0,pimnode0_RP0_CPU0,0,0,obt-collector1,199

2020-02-06 18:56:06.217000+00:00,leaf4,sg1,,tunl_gre_ma,0/RP0/CPU0,0,tunl_gre_manode0_RP0_CPU0,0,0,obt-collector1,199

2020-02-06 18:56:09.508000+00:00,leaf4,sg1,,pim,0/RP0/CPU0,0,pimnode0_RP0_CPU0,0,0,obt-collector1,199

2020-02-06 18:56:09.508000+00:00,leaf4,sg1,,pim6,0/RP0/CPU0,0,pim6node0_RP0_CPU0,0,0,obt-collector1,199

2020-02-06 18:56:09.508000+00:00,leaf4,sg1,,XTC,0/RP0/CPU0,0,XTCnode0_RP0_CPU0,0,0,obt-collector1,180

2020-02-06 18:56:09.508000+00:00,leaf4,sg1,,bgp-default,0/RP0/CPU0,41,bgp-defaultnode0_RP0_CPU0,0,0,obt-collector1,60

2020-02-06 18:56:09.508000+00:00,leaf4,sg1,,ipv4_static,0/RP0/CPU0,0,ipv4_staticnode0_RP0_CPU0,0,0,obt-collector1,60

2020-02-06 18:56:09.508000+00:00,leaf4,sg1,,object_tracking,0/RP0/CPU0,0,object_trackingnode0_RP0_CPU0,0,0,obt-collector1,199

2020-02-06 18:56:09.508000+00:00,leaf4,sg1,,bundlemgr_distrib,0/RP0/CPU0,0,bundlemgr_distribnode0_RP0_CPU0,0,0,obt-collector1,60

2020-02-06 18:56:09.508000+00:00,leaf4,sg1,,L2VPN_ATOM,0/RP0/CPU0,0,L2VPN_ATOMnode0_RP0_CPU0,0,0,obt-collector1,120

2020-02-06 18:56:09.509000+00:00,leaf4,sg1,,tunl_gre_ma,0/RP0/CPU0,0,tunl_gre_manode0_RP0_CPU0,0,0,obt-collector1,199

2020-02-06 18:56:12.699000+00:00,leaf4,sg1,,L2VPN_ATOM,0/RP0/CPU0,0,L2VPN_ATOMnode0_RP0_CPU0,0,0,obt-collector1,120

2020-02-06 18:56:12.699000+00:00,leaf4,sg1,,bundlemgr_distrib,0/RP0/CPU0,0,bundlemgr_distribnode0_RP0_CPU0,0,0,obt-collector1,60

2020-02-06 18:56:12.699000+00:00,leaf4,sg1,,XTC,0/RP0/CPU0,0,XTCnode0_RP0_CPU0,0,0,obt-collector1,180

2020-02-06 18:56:12.699000+00:00,leaf4,sg1,,bgp-default,0/RP0/CPU0,41,bgp-defaultnode0_RP0_CPU0,0,0,obt-collector1,60

2020-02-06 18:56:12.699000+00:00,leaf4,sg1,,ipv4_static,0/RP0/CPU0,0,ipv4_staticnode0_RP0_CPU0,0,0,obt-collector1,60

2020-02-06 18:56:12.700000+00:00,leaf4,sg1,,tunl_gre_ma,0/RP0/CPU0,0,tunl_gre_manode0_RP0_CPU0,0,0,obt-collector1,199

2020-02-06 18:56:12.700000+00:00,leaf4,sg1,,pim,0/RP0/CPU0,0,pimnode0_RP0_CPU0,0,0,obt-collector1,199

2020-02-06 18:56:12.700000+00:00,leaf4,sg1,,pim6,0/RP0/CPU0,0,pim6node0_RP0_CPU0,0,0,obt-collector1,199

2020-02-06 18:56:12.700000+00:00,leaf4,sg1,,object_tracking,0/RP0/CPU0,0,object_trackingnode0_RP0_CPU0,0,0,obt-collector1,199

2020-02-06 18:56:15.977000+00:00,leaf4,sg1,,L2VPN_ATOM,0/RP0/CPU0,0,L2VPN_ATOMnode0_RP0_CPU0,0,0,obt-collector1,120

2020-02-06 18:56:15.978000+00:00,leaf4,sg1,,object_tracking,0/RP0/CPU0,0,object_trackingnode0_RP0_CPU0,0,0,obt-collector1,199

2020-02-06 18:56:15.978000+00:00,leaf4,sg1,,pim6,0/RP0/CPU0,0,pim6node0_RP0_CPU0,0,0,obt-collector1,199

2020-02-06 18:56:15.978000+00:00,leaf4,sg1,,tunl_gre_ma,0/RP0/CPU0,0,tunl_gre_manode0_RP0_CPU0,0,0,obt-collector1,199

2020-02-06 18:56:15.978000+00:00,leaf4,sg1,,bgp-default,0/RP0/CPU0,41,bgp-defaultnode0_RP0_CPU0,0,0,obt-collector1,60

2020-02-06 18:56:15.978000+00:00,leaf4,sg1,,ipv4_static,0/RP0/CPU0,0,ipv4_staticnode0_RP0_CPU0,0,0,obt-collector1,60

2020-02-06 18:56:15.978000+00:00,leaf4,sg1,,pim,0/RP0/CPU0,0,pimnode0_RP0_CPU0,0,0,obt-collector1,199

2020-02-06 18:56:15.978000+00:00,leaf4,sg1,,XTC,0/RP0/CPU0,0,XTCnode0_RP0_CPU0,0,0,obt-collector1,180

2020-02-06 18:56:15.978000+00:00,leaf4,sg1,,bundlemgr_distrib,0/RP0/CPU0,0,bundlemgr_distribnode0_RP0_CPU0,0,0,obt-collector1,60

2020-02-06 18:56:26.674000+00:00,leaf4,sg1,,XTC,0/RP0/CPU0,0,XTCnode0_RP0_CPU0,0,0,obt-collector1,180

2020-02-06 18:56:26.674000+00:00,leaf4,sg1,,bundlemgr_distrib,0/RP0/CPU0,0,bundlemgr_distribnode0_RP0_CPU0,0,0,obt-collector1,60

2020-02-06 18:56:26.674000+00:00,leaf4,sg1,,L2VPN_ATOM,0/RP0/CPU0,0,L2VPN_ATOMnode0_RP0_CPU0,0,0,obt-collector1,120

2020-02-06 18:56:26.674000+00:00,leaf4,sg1,,bgp-default,0/RP0/CPU0,41,bgp-defaultnode0_RP0_CPU0,0,0,obt-collector1,60

2020-02-06 18:56:26.674000+00:00,leaf4,sg1,,ipv4_static,0/RP0/CPU0,0,ipv4_staticnode0_RP0_CPU0,0,0,obt-collector1,60

2020-02-06 18:56:26.675000+00:00,leaf4,sg1,,object_tracking,0/RP0/CPU0,0,object_trackingnode0_RP0_CPU0,0,0,obt-collector1,199

2020-02-06 18:56:26.675000+00:00,leaf4,sg1,,pim6,0/RP0/CPU0,0,pim6node0_RP0_CPU0,0,0,obt-collector1,199

2020-02-06 18:56:26.675000+00:00,leaf4,sg1,,tunl_gre_ma,0/RP0/CPU0,0,tunl_gre_manode0_RP0_CPU0,0,0,obt-collector1,199

2020-02-06 18:56:26.675000+00:00,leaf4,sg1,,pim,0/RP0/CPU0,0,pimnode0_RP0_CPU0,0,0,obt-collector1,199

2020-02-06 18:56:43.061000+00:00,leaf4,sg1,,XTC,0/RP0/CPU0,0,XTCnode0_RP0_CPU0,0,0,obt-collector1,180

2020-02-06 18:56:43.061000+00:00,leaf4,sg1,,bgp-default,0/RP0/CPU0,41,bgp-defaultnode0_RP0_CPU0,0,0,obt-collector1,60

2020-02-06 18:56:43.061000+00:00,leaf4,sg1,,L2VPN_ATOM,0/RP0/CPU0,0,L2VPN_ATOMnode0_RP0_CPU0,0,0,obt-collector1,120

2020-02-06 18:56:43.062000+00:00,leaf4,sg1,,pim,0/RP0/CPU0,0,pimnode0_RP0_CPU0,0,0,obt-collector1,199

2020-02-06 18:56:43.062000+00:00,leaf4,sg1,,ipv4_static,0/RP0/CPU0,0,ipv4_staticnode0_RP0_CPU0,0,0,obt-collector1,60

2020-02-06 18:56:43.062000+00:00,leaf4,sg1,,bundlemgr_distrib,0/RP0/CPU0,0,bundlemgr_distribnode0_RP0_CPU0,0,0,obt-collector1,60

2020-02-06 18:56:43.062000+00:00,leaf4,sg1,,tunl_gre_ma,0/RP0/CPU0,0,tunl_gre_manode0_RP0_CPU0,0,0,obt-collector1,199

2020-02-06 18:56:43.062000+00:00,leaf4,sg1,,pim6,0/RP0/CPU0,0,pim6node0_RP0_CPU0,0,0,obt-collector1,199

2020-02-06 18:56:43.062000+00:00,leaf4,sg1,,object_tracking,0/RP0/CPU0,0,object_trackingnode0_RP0_CPU0,0,0,obt-collector1,199

2020-02-06 18:56:59.269000+00:00,leaf4,sg1,,pim6,0/RP0/CPU0,0,pim6node0_RP0_CPU0,0,0,obt-collector1,199

2020-02-06 18:56:59.269000+00:00,leaf4,sg1,,object_tracking,0/RP0/CPU0,0,object_trackingnode0_RP0_CPU0,0,0,obt-collector1,199

2020-02-06 18:56:59.269000+00:00,leaf4,sg1,,ipv4_static,0/RP0/CPU0,0,ipv4_staticnode0_RP0_CPU0,0,0,obt-collector1,60

2020-02-06 18:56:59.269000+00:00,leaf4,sg1,,L2VPN_ATOM,0/RP0/CPU0,0,L2VPN_ATOMnode0_RP0_CPU0,0,0,obt-collector1,120

2020-02-06 18:56:59.269000+00:00,leaf4,sg1,,bgp-default,0/RP0/CPU0,41,bgp-defaultnode0_RP0_CPU0,0,0,obt-collector1,60

2020-02-06 18:56:59.269000+00:00,leaf4,sg1,,pim,0/RP0/CPU0,0,pimnode0_RP0_CPU0,0,0,obt-collector1,199

2020-02-06 18:56:59.269000+00:00,leaf4,sg1,,XTC,0/RP0/CPU0,0,XTCnode0_RP0_CPU0,0,0,obt-collector1,180

2020-02-06 18:56:59.269000+00:00,leaf4,sg1,,bundlemgr_distrib,0/RP0/CPU0,0,bundlemgr_distribnode0_RP0_CPU0,0,0,obt-collector1,60

2020-02-06 18:56:59.270000+00:00,leaf4,sg1,,tunl_gre_ma,0/RP0/CPU0,0,tunl_gre_manode0_RP0_CPU0,0,0,obt-collector1,199

2020-02-06 18:57:12.084000+00:00,leaf4,sg1,,bundlemgr_distrib,0/RP0/CPU0,0,bundlemgr_distribnode0_RP0_CPU0,0,0,obt-collector1,60

2020-02-06 18:57:12.084000+00:00,leaf4,sg1,,L2VPN_ATOM,0/RP0/CPU0,0,L2VPN_ATOMnode0_RP0_CPU0,0,0,obt-collector1,120

2020-02-06 18:57:12.084000+00:00,leaf4,sg1,,object_tracking,0/RP0/CPU0,0,object_trackingnode0_RP0_CPU0,0,0,obt-collector1,199

2020-02-06 18:57:12.084000+00:00,leaf4,sg1,,ipv4_static,0/RP0/CPU0,0,ipv4_staticnode0_RP0_CPU0,0,0,obt-collector1,60

2020-02-06 18:57:12.084000+00:00,leaf4,sg1,,XTC,0/RP0/CPU0,0,XTCnode0_RP0_CPU0,0,0,obt-collector1,180

2020-02-06 18:57:12.084000+00:00,leaf4,sg1,,bgp-default,0/RP0/CPU0,41,bgp-defaultnode0_RP0_CPU0,0,0,obt-collector1,60

2020-02-06 18:57:12.085000+00:00,leaf4,sg1,,tunl_gre_ma,0/RP0/CPU0,0,tunl_gre_manode0_RP0_CPU0,0,0,obt-collector1,199

2020-02-06 18:57:12.085000+00:00,leaf4,sg1,,pim6,0/RP0/CPU0,0,pim6node0_RP0_CPU0,0,0,obt-collector1,199

2020-02-06 18:57:12.085000+00:00,leaf4,sg1,,pim,0/RP0/CPU0,0,pimnode0_RP0_CPU0,0,0,obt-collector1,199

2020-02-06 18:57:15.373000+00:00,leaf4,sg1,,L2VPN_ATOM,0/RP0/CPU0,0,L2VPN_ATOMnode0_RP0_CPU0,0,0,obt-collector1,120

2020-02-06 18:57:15.374000+00:00,leaf4,sg1,,pim,0/RP0/CPU0,0,pimnode0_RP0_CPU0,0,0,obt-collector1,199

2020-02-06 18:57:15.374000+00:00,leaf4,sg1,,pim6,0/RP0/CPU0,0,pim6node0_RP0_CPU0,0,0,obt-collector1,199

2020-02-06 18:57:15.374000+00:00,leaf4,sg1,,bgp-default,0/RP0/CPU0,41,bgp-defaultnode0_RP0_CPU0,0,0,obt-collector1,60

2020-02-06 18:57:15.374000+00:00,leaf4,sg1,,XTC,0/RP0/CPU0,0,XTCnode0_RP0_CPU0,0,0,obt-collector1,180

2020-02-06 18:57:15.374000+00:00,leaf4,sg1,,bundlemgr_distrib,0/RP0/CPU0,0,bundlemgr_distribnode0_RP0_CPU0,0,0,obt-collector1,60

2020-02-06 18:57:15.374000+00:00,leaf4,sg1,,tunl_gre_ma,0/RP0/CPU0,0,tunl_gre_manode0_RP0_CPU0,0,0,obt-collector1,199

2020-02-06 18:57:15.374000+00:00,leaf4,sg1,,ipv4_static,0/RP0/CPU0,0,ipv4_staticnode0_RP0_CPU0,0,0,obt-collector1,60

2020-02-06 18:57:15.374000+00:00,leaf4,sg1,,object_tracking,0/RP0/CPU0,0,object_trackingnode0_RP0_CPU0,0,0,obt-collector1,199

2020-02-06 18:57:25.138000+00:00,leaf4,sg1,,ipv4_static,0/RP0/CPU0,0,ipv4_staticnode0_RP0_CPU0,0,0,obt-collector1,60

2020-02-06 18:57:25.138000+00:00,leaf4,sg1,,object_tracking,0/RP0/CPU0,0,object_trackingnode0_RP0_CPU0,0,0,obt-collector1,199

2020-02-06 18:57:25.138000+00:00,leaf4,sg1,,bgp-default,0/RP0/CPU0,41,bgp-defaultnode0_RP0_CPU0,0,0,obt-collector1,60

2020-02-06 18:57:25.138000+00:00,leaf4,sg1,,pim,0/RP0/CPU0,0,pimnode0_RP0_CPU0,0,0,obt-collector1,199

2020-02-06 18:57:25.138000+00:00,leaf4,sg1,,L2VPN_ATOM,0/RP0/CPU0,0,L2VPN_ATOMnode0_RP0_CPU0,0,0,obt-collector1,120

2020-02-06 18:57:25.138000+00:00,leaf4,sg1,,pim6,0/RP0/CPU0,0,pim6node0_RP0_CPU0,0,0,obt-collector1,199

2020-02-06 18:57:25.138000+00:00,leaf4,sg1,,tunl_gre_ma,0/RP0/CPU0,0,tunl_gre_manode0_RP0_CPU0,0,0,obt-collector1,199

2020-02-06 18:57:25.138000+00:00,leaf4,sg1,,XTC,0/RP0/CPU0,0,XTCnode0_RP0_CPU0,0,0,obt-collector1,180

2020-02-06 18:57:25.138000+00:00,leaf4,sg1,,bundlemgr_distrib,0/RP0/CPU0,0,bundlemgr_distribnode0_RP0_CPU0,0,0,obt-collector1,60

2020-02-06 18:57:28.751000+00:00,leaf4,sg1,,XTC,0/RP0/CPU0,0,XTCnode0_RP0_CPU0,0,0,obt-collector1,180

2020-02-06 18:57:28.751000+00:00,leaf4,sg1,,bundlemgr_distrib,0/RP0/CPU0,0,bundlemgr_distribnode0_RP0_CPU0,0,0,obt-collector1,60

2020-02-06 18:57:28.751000+00:00,leaf4,sg1,,pim,0/RP0/CPU0,0,pimnode0_RP0_CPU0,0,0,obt-collector1,199

2020-02-06 18:57:28.751000+00:00,leaf4,sg1,,object_tracking,0/RP0/CPU0,0,object_trackingnode0_RP0_CPU0,0,0,obt-collector1,199

2020-02-06 18:57:28.751000+00:00,leaf4,sg1,,ipv4_static,0/RP0/CPU0,0,ipv4_staticnode0_RP0_CPU0,0,0,obt-collector1,60

2020-02-06 18:57:28.751000+00:00,leaf4,sg1,,bgp-default,0/RP0/CPU0,41,bgp-defaultnode0_RP0_CPU0,0,0,obt-collector1,60

2020-02-06 18:57:28.751000+00:00,leaf4,sg1,,tunl_gre_ma,0/RP0/CPU0,0,tunl_gre_manode0_RP0_CPU0,0,0,obt-collector1,199

2020-02-06 18:57:28.751000+00:00,leaf4,sg1,,L2VPN_ATOM,0/RP0/CPU0,0,L2VPN_ATOMnode0_RP0_CPU0,0,0,obt-collector1,120

2020-02-06 18:57:28.751000+00:00,leaf4,sg1,,pim6,0/RP0/CPU0,0,pim6node0_RP0_CPU0,0,0,obt-collector1,199

2020-02-06 18:57:35.244000+00:00,leaf4,sg1,,L2VPN_ATOM,0/RP0/CPU0,0,L2VPN_ATOMnode0_RP0_CPU0,0,0,obt-collector1,120

2020-02-06 18:57:35.244000+00:00,leaf4,sg1,,XTC,0/RP0/CPU0,0,XTCnode0_RP0_CPU0,0,0,obt-collector1,180

2020-02-06 18:57:35.244000+00:00,leaf4,sg1,,bgp-default,0/RP0/CPU0,41,bgp-defaultnode0_RP0_CPU0,0,0,obt-collector1,60

2020-02-06 18:57:35.245000+00:00,leaf4,sg1,,pim6,0/RP0/CPU0,0,pim6node0_RP0_CPU0,0,0,obt-collector1,199

2020-02-06 18:57:35.245000+00:00,leaf4,sg1,,bundlemgr_distrib,0/RP0/CPU0,0,bundlemgr_distribnode0_RP0_CPU0,0,0,obt-collector1,60

2020-02-06 18:57:35.245000+00:00,leaf4,sg1,,pim,0/RP0/CPU0,0,pimnode0_RP0_CPU0,0,0,obt-collector1,199

2020-02-06 18:57:35.245000+00:00,leaf4,sg1,,tunl_gre_ma,0/RP0/CPU0,0,tunl_gre_manode0_RP0_CPU0,0,0,obt-collector1,199

2020-02-06 18:57:35.245000+00:00,leaf4,sg1,,ipv4_static,0/RP0/CPU0,0,ipv4_staticnode0_RP0_CPU0,0,0,obt-collector1,60

2020-02-06 18:57:35.245000+00:00,leaf4,sg1,,object_tracking,0/RP0/CPU0,0,object_trackingnode0_RP0_CPU0,0,0,obt-collector1,199

2020-02-06 18:57:38.467000+00:00,leaf4,sg1,,ipv4_static,0/RP0/CPU0,0,ipv4_staticnode0_RP0_CPU0,0,0,obt-collector1,60

2020-02-06 18:57:38.467000+00:00,leaf4,sg1,,object_tracking,0/RP0/CPU0,0,object_trackingnode0_RP0_CPU0,0,0,obt-collector1,199

2020-02-06 18:57:38.467000+00:00,leaf4,sg1,,pim6,0/RP0/CPU0,0,pim6node0_RP0_CPU0,0,0,obt-collector1,199

2020-02-06 18:57:38.467000+00:00,leaf4,sg1,,XTC,0/RP0/CPU0,0,XTCnode0_RP0_CPU0,0,0,obt-collector1,180

2020-02-06 18:57:38.467000+00:00,leaf4,sg1,,L2VPN_ATOM,0/RP0/CPU0,0,L2VPN_ATOMnode0_RP0_CPU0,0,0,obt-collector1,120

2020-02-06 18:57:38.467000+00:00,leaf4,sg1,,bgp-default,0/RP0/CPU0,41,bgp-defaultnode0_RP0_CPU0,0,0,obt-collector1,60

2020-02-06 18:57:38.467000+00:00,leaf4,sg1,,bundlemgr_distrib,0/RP0/CPU0,0,bundlemgr_distribnode0_RP0_CPU0,0,0,obt-collector1,60

2020-02-06 18:57:38.467000+00:00,leaf4,sg1,,pim,0/RP0/CPU0,0,pimnode0_RP0_CPU0,0,0,obt-collector1,199

2020-02-06 18:57:38.468000+00:00,leaf4,sg1,,tunl_gre_ma,0/RP0/CPU0,0,tunl_gre_manode0_RP0_CPU0,0,0,obt-collector1,199

2020-02-06 18:57:48.431000+00:00,leaf4,sg1,,XTC,0/RP0/CPU0,0,XTCnode0_RP0_CPU0,0,0,obt-collector1,180

2020-02-06 18:57:48.431000+00:00,leaf4,sg1,,object_tracking,0/RP0/CPU0,0,object_trackingnode0_RP0_CPU0,0,0,obt-collector1,199

2020-02-06 18:57:48.431000+00:00,leaf4,sg1,,ipv4_static,0/RP0/CPU0,0,ipv4_staticnode0_RP0_CPU0,0,0,obt-collector1,60

2020-02-06 18:57:48.431000+00:00,leaf4,sg1,,pim6,0/RP0/CPU0,0,pim6node0_RP0_CPU0,0,0,obt-collector1,199

2020-02-06 18:57:48.431000+00:00,leaf4,sg1,,bundlemgr_distrib,0/RP0/CPU0,0,bundlemgr_distribnode0_RP0_CPU0,0,0,obt-collector1,60

2020-02-06 18:57:48.431000+00:00,leaf4,sg1,,bgp-default,0/RP0/CPU0,41,bgp-defaultnode0_RP0_CPU0,0,0,obt-collector1,60

2020-02-06 18:57:48.431000+00:00,leaf4,sg1,,L2VPN_ATOM,0/RP0/CPU0,0,L2VPN_ATOMnode0_RP0_CPU0,0,0,obt-collector1,120

2020-02-06 18:57:48.432000+00:00,leaf4,sg1,,tunl_gre_ma,0/RP0/CPU0,0,tunl_gre_manode0_RP0_CPU0,0,0,obt-collector1,199

2020-02-06 18:57:48.432000+00:00,leaf4,sg1,,pim,0/RP0/CPU0,0,pimnode0_RP0_CPU0,0,0,obt-collector1,199

2020-02-06 18:58:15.504000+00:00,leaf4,sg1,,L2VPN_ATOM,0/RP0/CPU0,0,L2VPN_ATOMnode0_RP0_CPU0,0,0,obt-collector1,120

2020-02-06 18:58:15.504000+00:00,leaf4,sg1,,bgp-default,0/RP0/CPU0,41,bgp-defaultnode0_RP0_CPU0,0,0,obt-collector1,60

2020-02-06 18:58:15.504000+00:00,leaf4,sg1,,object_tracking,0/RP0/CPU0,0,object_trackingnode0_RP0_CPU0,0,0,obt-collector1,199

2020-02-06 18:58:15.504000+00:00,leaf4,sg1,,XTC,0/RP0/CPU0,0,XTCnode0_RP0_CPU0,0,0,obt-collector1,180

2020-02-06 18:58:15.504000+00:00,leaf4,sg1,,bundlemgr_distrib,0/RP0/CPU0,0,bundlemgr_distribnode0_RP0_CPU0,0,0,obt-collector1,60

2020-02-06 18:58:15.504000+00:00,leaf4,sg1,,ipv4_static,0/RP0/CPU0,0,ipv4_staticnode0_RP0_CPU0,0,0,obt-collector1,60

2020-02-06 18:58:15.504000+00:00,leaf4,sg1,,pim6,0/RP0/CPU0,0,pim6node0_RP0_CPU0,0,0,obt-collector1,199

2020-02-06 18:58:15.505000+00:00,leaf4,sg1,,pim,0/RP0/CPU0,0,pimnode0_RP0_CPU0,0,0,obt-collector1,199

2020-02-06 18:58:15.505000+00:00,leaf4,sg1,,tunl_gre_ma,0/RP0/CPU0,0,tunl_gre_manode0_RP0_CPU0,0,0,obt-collector1,199

2020-02-06 18:58:18.814000+00:00,leaf4,sg1,,bgp-default,0/RP0/CPU0,41,bgp-defaultnode0_RP0_CPU0,0,0,obt-collector1,60

2020-02-06 18:58:18.814000+00:00,leaf4,sg1,,L2VPN_ATOM,0/RP0/CPU0,0,L2VPN_ATOMnode0_RP0_CPU0,0,0,obt-collector1,120

2020-02-06 18:58:18.814000+00:00,leaf4,sg1,,bundlemgr_distrib,0/RP0/CPU0,0,bundlemgr_distribnode0_RP0_CPU0,0,0,obt-collector1,60

2020-02-06 18:58:18.814000+00:00,leaf4,sg1,,XTC,0/RP0/CPU0,0,XTCnode0_RP0_CPU0,0,0,obt-collector1,180

2020-02-06 18:58:18.815000+00:00,leaf4,sg1,,tunl_gre_ma,0/RP0/CPU0,0,tunl_gre_manode0_RP0_CPU0,0,0,obt-collector1,199

2020-02-06 18:58:18.815000+00:00,leaf4,sg1,,pim6,0/RP0/CPU0,0,pim6node0_RP0_CPU0,0,0,obt-collector1,199

2020-02-06 18:58:18.815000+00:00,leaf4,sg1,,ipv4_static,0/RP0/CPU0,0,ipv4_staticnode0_RP0_CPU0,0,0,obt-collector1,60

2020-02-06 18:58:18.815000+00:00,leaf4,sg1,,pim,0/RP0/CPU0,0,pimnode0_RP0_CPU0,0,0,obt-collector1,199

2020-02-06 18:58:18.815000+00:00,leaf4,sg1,,object_tracking,0/RP0/CPU0,0,object_trackingnode0_RP0_CPU0,0,0,obt-collector1,199

2020-02-06 18:58:25.449000+00:00,leaf4,sg1,,XTC,0/RP0/CPU0,0,XTCnode0_RP0_CPU0,0,0,obt-collector1,180

2020-02-06 18:58:25.449000+00:00,leaf4,sg1,,bundlemgr_distrib,0/RP0/CPU0,0,bundlemgr_distribnode0_RP0_CPU0,0,0,obt-collector1,60

2020-02-06 18:58:25.449000+00:00,leaf4,sg1,,ipv4_static,0/RP0/CPU0,0,ipv4_staticnode0_RP0_CPU0,0,0,obt-collector1,60

2020-02-06 18:58:25.449000+00:00,leaf4,sg1,,L2VPN_ATOM,0/RP0/CPU0,0,L2VPN_ATOMnode0_RP0_CPU0,0,0,obt-collector1,120

2020-02-06 18:58:25.449000+00:00,leaf4,sg1,,bgp-default,0/RP0/CPU0,41,bgp-defaultnode0_RP0_CPU0,0,0,obt-collector1,60

2020-02-06 18:58:25.450000+00:00,leaf4,sg1,,object_tracking,0/RP0/CPU0,0,object_trackingnode0_RP0_CPU0,0,0,obt-collector1,199

2020-02-06 18:58:25.450000+00:00,leaf4,sg1,,pim,0/RP0/CPU0,0,pimnode0_RP0_CPU0,0,0,obt-collector1,199

2020-02-06 18:58:25.450000+00:00,leaf4,sg1,,pim6,0/RP0/CPU0,0,pim6node0_RP0_CPU0,0,0,obt-collector1,199

2020-02-06 18:58:25.450000+00:00,leaf4,sg1,,tunl_gre_ma,0/RP0/CPU0,0,tunl_gre_manode0_RP0_CPU0,0,0,obt-collector1,199

2020-02-06 18:58:43.537000+00:00,leaf4,sg1,,bgp-default,0/RP0/CPU0,41,bgp-defaultnode0_RP0_CPU0,0,0,obt-collector1,60

2020-02-06 18:58:43.537000+00:00,leaf4,sg1,,L2VPN_ATOM,0/RP0/CPU0,0,L2VPN_ATOMnode0_RP0_CPU0,0,0,obt-collector1,120

2020-02-06 18:58:43.537000+00:00,leaf4,sg1,,XTC,0/RP0/CPU0,0,XTCnode0_RP0_CPU0,0,0,obt-collector1,180

2020-02-06 18:58:43.538000+00:00,leaf4,sg1,,tunl_gre_ma,0/RP0/CPU0,0,tunl_gre_manode0_RP0_CPU0,0,0,obt-collector1,199

2020-02-06 18:58:43.538000+00:00,leaf4,sg1,,pim6,0/RP0/CPU0,0,pim6node0_RP0_CPU0,0,0,obt-collector1,199

2020-02-06 18:58:43.538000+00:00,leaf4,sg1,,pim,0/RP0/CPU0,0,pimnode0_RP0_CPU0,0,0,obt-collector1,199

2020-02-06 18:58:43.538000+00:00,leaf4,sg1,,object_tracking,0/RP0/CPU0,0,object_trackingnode0_RP0_CPU0,0,0,obt-collector1,199

2020-02-06 18:58:43.538000+00:00,leaf4,sg1,,ipv4_static,0/RP0/CPU0,0,ipv4_staticnode0_RP0_CPU0,0,0,obt-collector1,60

2020-02-06 18:58:43.538000+00:00,leaf4,sg1,,bundlemgr_distrib,0/RP0/CPU0,0,bundlemgr_distribnode0_RP0_CPU0,0,0,obt-collector1,60

2020-02-06 18:58:46.844000+00:00,leaf4,sg1,,ipv4_static,0/RP0/CPU0,0,ipv4_staticnode0_RP0_CPU0,0,0,obt-collector1,60

2020-02-06 18:58:46.844000+00:00,leaf4,sg1,,bundlemgr_distrib,0/RP0/CPU0,0,bundlemgr_distribnode0_RP0_CPU0,0,0,obt-collector1,60

2020-02-06 18:58:46.844000+00:00,leaf4,sg1,,pim6,0/RP0/CPU0,0,pim6node0_RP0_CPU0,0,0,obt-collector1,199

2020-02-06 18:58:46.844000+00:00,leaf4,sg1,,XTC,0/RP0/CPU0,0,XTCnode0_RP0_CPU0,0,0,obt-collector1,180

2020-02-06 18:58:46.844000+00:00,leaf4,sg1,,L2VPN_ATOM,0/RP0/CPU0,0,L2VPN_ATOMnode0_RP0_CPU0,0,0,obt-collector1,120

2020-02-06 18:58:46.844000+00:00,leaf4,sg1,,object_tracking,0/RP0/CPU0,0,object_trackingnode0_RP0_CPU0,0,0,obt-collector1,199

2020-02-06 18:58:46.844000+00:00,leaf4,sg1,,bgp-default,0/RP0/CPU0,41,bgp-defaultnode0_RP0_CPU0,0,0,obt-collector1,60

2020-02-06 18:58:46.845000+00:00,leaf4,sg1,,tunl_gre_ma,0/RP0/CPU0,0,tunl_gre_manode0_RP0_CPU0,0,0,obt-collector1,199

2020-02-06 18:58:46.845000+00:00,leaf4,sg1,,pim,0/RP0/CPU0,0,pimnode0_RP0_CPU0,0,0,obt-collector1,199

2020-02-06 18:58:50.183000+00:00,leaf4,sg1,,L2VPN_ATOM,0/RP0/CPU0,0,L2VPN_ATOMnode0_RP0_CPU0,0,0,obt-collector1,120

2020-02-06 18:58:50.184000+00:00,leaf4,sg1,,pim,0/RP0/CPU0,0,pimnode0_RP0_CPU0,0,0,obt-collector1,199

2020-02-06 18:58:50.184000+00:00,leaf4,sg1,,tunl_gre_ma,0/RP0/CPU0,0,tunl_gre_manode0_RP0_CPU0,0,0,obt-collector1,199

2020-02-06 18:58:50.184000+00:00,leaf4,sg1,,object_tracking,0/RP0/CPU0,0,object_trackingnode0_RP0_CPU0,0,0,obt-collector1,199

2020-02-06 18:58:50.184000+00:00,leaf4,sg1,,ipv4_static,0/RP0/CPU0,0,ipv4_staticnode0_RP0_CPU0,0,0,obt-collector1,60

2020-02-06 18:58:50.184000+00:00,leaf4,sg1,,pim6,0/RP0/CPU0,0,pim6node0_RP0_CPU0,0,0,obt-collector1,199

2020-02-06 18:58:50.184000+00:00,leaf4,sg1,,bgp-default,0/RP0/CPU0,41,bgp-defaultnode0_RP0_CPU0,0,0,obt-collector1,60

2020-02-06 18:58:50.184000+00:00,leaf4,sg1,,XTC,0/RP0/CPU0,0,XTCnode0_RP0_CPU0,0,0,obt-collector1,180

2020-02-06 18:58:50.184000+00:00,leaf4,sg1,,bundlemgr_distrib,0/RP0/CPU0,0,bundlemgr_distribnode0_RP0_CPU0,0,0,obt-collector1,60

2020-02-06 18:58:56.728000+00:00,leaf4,sg1,,L2VPN_ATOM,0/RP0/CPU0,0,L2VPN_ATOMnode0_RP0_CPU0,0,0,obt-collector1,120

2020-02-06 18:58:56.728000+00:00,leaf4,sg1,,XTC,0/RP0/CPU0,0,XTCnode0_RP0_CPU0,0,0,obt-collector1,180

2020-02-06 18:58:56.729000+00:00,leaf4,sg1,,bundlemgr_distrib,0/RP0/CPU0,0,bundlemgr_distribnode0_RP0_CPU0,0,0,obt-collector1,60

2020-02-06 18:58:56.729000+00:00,leaf4,sg1,,object_tracking,0/RP0/CPU0,0,object_trackingnode0_RP0_CPU0,0,0,obt-collector1,199

2020-02-06 18:58:56.729000+00:00,leaf4,sg1,,pim,0/RP0/CPU0,0,pimnode0_RP0_CPU0,0,0,obt-collector1,199

2020-02-06 18:58:56.729000+00:00,leaf4,sg1,,tunl_gre_ma,0/RP0/CPU0,0,tunl_gre_manode0_RP0_CPU0,0,0,obt-collector1,199

2020-02-06 18:58:56.729000+00:00,leaf4,sg1,,bgp-default,0/RP0/CPU0,41,bgp-defaultnode0_RP0_CPU0,0,0,obt-collector1,60

2020-02-06 18:58:56.729000+00:00,leaf4,sg1,,ipv4_static,0/RP0/CPU0,0,ipv4_staticnode0_RP0_CPU0,0,0,obt-collector1,60

2020-02-06 18:58:56.729000+00:00,leaf4,sg1,,pim6,0/RP0/CPU0,0,pim6node0_RP0_CPU0,0,0,obt-collector1,199

2020-02-06 18:59:13.028000+00:00,leaf4,sg1,,XTC,0/RP0/CPU0,0,XTCnode0_RP0_CPU0,0,0,obt-collector1,180

2020-02-06 18:59:13.028000+00:00,leaf4,sg1,,L2VPN_ATOM,0/RP0/CPU0,0,L2VPN_ATOMnode0_RP0_CPU0,0,0,obt-collector1,120

2020-02-06 18:59:13.028000+00:00,leaf4,sg1,,bundlemgr_distrib,0/RP0/CPU0,0,bundlemgr_distribnode0_RP0_CPU0,0,0,obt-collector1,60

2020-02-06 18:59:13.028000+00:00,leaf4,sg1,,bgp-default,0/RP0/CPU0,41,bgp-defaultnode0_RP0_CPU0,0,0,obt-collector1,60

2020-02-06 18:59:13.029000+00:00,leaf4,sg1,,ipv4_static,0/RP0/CPU0,0,ipv4_staticnode0_RP0_CPU0,0,0,obt-collector1,60

2020-02-06 18:59:13.029000+00:00,leaf4,sg1,,object_tracking,0/RP0/CPU0,0,object_trackingnode0_RP0_CPU0,0,0,obt-collector1,199

2020-02-06 18:59:13.029000+00:00,leaf4,sg1,,pim6,0/RP0/CPU0,0,pim6node0_RP0_CPU0,0,0,obt-collector1,199

2020-02-06 18:59:13.029000+00:00,leaf4,sg1,,pim,0/RP0/CPU0,0,pimnode0_RP0_CPU0,0,0,obt-collector1,199

2020-02-06 18:59:13.029000+00:00,leaf4,sg1,,tunl_gre_ma,0/RP0/CPU0,0,tunl_gre_manode0_RP0_CPU0,0,0,obt-collector1,199

2020-02-06 18:59:16.290000+00:00,leaf4,sg1,,ipv4_static,0/RP0/CPU0,0,ipv4_staticnode0_RP0_CPU0,0,0,obt-collector1,60

2020-02-06 18:59:16.290000+00:00,leaf4,sg1,,bundlemgr_distrib,0/RP0/CPU0,0,bundlemgr_distribnode0_RP0_CPU0,0,0,obt-collector1,60

2020-02-06 18:59:16.290000+00:00,leaf4,sg1,,XTC,0/RP0/CPU0,0,XTCnode0_RP0_CPU0,0,0,obt-collector1,180

2020-02-06 18:59:16.290000+00:00,leaf4,sg1,,bgp-default,0/RP0/CPU0,41,bgp-defaultnode0_RP0_CPU0,0,0,obt-collector1,60

2020-02-06 18:59:16.290000+00:00,leaf4,sg1,,pim6,0/RP0/CPU0,0,pim6node0_RP0_CPU0,0,0,obt-collector1,199

2020-02-06 18:59:16.290000+00:00,leaf4,sg1,,L2VPN_ATOM,0/RP0/CPU0,0,L2VPN_ATOMnode0_RP0_CPU0,0,0,obt-collector1,120

2020-02-06 18:59:16.290000+00:00,leaf4,sg1,,object_tracking,0/RP0/CPU0,0,object_trackingnode0_RP0_CPU0,0,0,obt-collector1,199

2020-02-06 18:59:16.291000+00:00,leaf4,sg1,,tunl_gre_ma,0/RP0/CPU0,0,tunl_gre_manode0_RP0_CPU0,0,0,obt-collector1,199

2020-02-06 18:59:16.291000+00:00,leaf4,sg1,,pim,0/RP0/CPU0,0,pimnode0_RP0_CPU0,0,0,obt-collector1,199

2020-02-06 18:59:26.050000+00:00,leaf4,sg1,,L2VPN_ATOM,0/RP0/CPU0,0,L2VPN_ATOMnode0_RP0_CPU0,0,0,obt-collector1,120

2020-02-06 18:59:26.050000+00:00,leaf4,sg1,,XTC,0/RP0/CPU0,0,XTCnode0_RP0_CPU0,0,0,obt-collector1,180

2020-02-06 18:59:26.050000+00:00,leaf4,sg1,,bgp-default,0/RP0/CPU0,41,bgp-defaultnode0_RP0_CPU0,0,0,obt-collector1,60

2020-02-06 18:59:26.051000+00:00,leaf4,sg1,,tunl_gre_ma,0/RP0/CPU0,0,tunl_gre_manode0_RP0_CPU0,0,0,obt-collector1,199

2020-02-06 18:59:26.051000+00:00,leaf4,sg1,,object_tracking,0/RP0/CPU0,0,object_trackingnode0_RP0_CPU0,0,0,obt-collector1,199

2020-02-06 18:59:26.051000+00:00,leaf4,sg1,,bundlemgr_distrib,0/RP0/CPU0,0,bundlemgr_distribnode0_RP0_CPU0,0,0,obt-collector1,60

2020-02-06 18:59:26.051000+00:00,leaf4,sg1,,ipv4_static,0/RP0/CPU0,0,ipv4_staticnode0_RP0_CPU0,0,0,obt-collector1,60

2020-02-06 18:59:26.051000+00:00,leaf4,sg1,,pim6,0/RP0/CPU0,0,pim6node0_RP0_CPU0,0,0,obt-collector1,199

2020-02-06 18:59:26.051000+00:00,leaf4,sg1,,pim,0/RP0/CPU0,0,pimnode0_RP0_CPU0,0,0,obt-collector1,199

2020-02-06 18:59:30.321000+00:00,leaf4,sg1,,XTC,0/RP0/CPU0,0,XTCnode0_RP0_CPU0,0,0,obt-collector1,180

2020-02-06 18:59:30.321000+00:00,leaf4,sg1,,L2VPN_ATOM,0/RP0/CPU0,0,L2VPN_ATOMnode0_RP0_CPU0,0,0,obt-collector1,120

2020-02-06 18:59:30.322000+00:00,leaf4,sg1,,pim6,0/RP0/CPU0,0,pim6node0_RP0_CPU0,0,0,obt-collector1,199

2020-02-06 18:59:30.322000+00:00,leaf4,sg1,,object_tracking,0/RP0/CPU0,0,object_trackingnode0_RP0_CPU0,0,0,obt-collector1,199

2020-02-06 18:59:30.322000+00:00,leaf4,sg1,,bgp-default,0/RP0/CPU0,41,bgp-defaultnode0_RP0_CPU0,0,0,obt-collector1,60

2020-02-06 18:59:30.322000+00:00,leaf4,sg1,,tunl_gre_ma,0/RP0/CPU0,0,tunl_gre_manode0_RP0_CPU0,0,0,obt-collector1,199

2020-02-06 18:59:30.322000+00:00,leaf4,sg1,,pim,0/RP0/CPU0,0,pimnode0_RP0_CPU0,0,0,obt-collector1,199

2020-02-06 18:59:30.322000+00:00,leaf4,sg1,,ipv4_static,0/RP0/CPU0,0,ipv4_staticnode0_RP0_CPU0,0,0,obt-collector1,60

2020-02-06 18:59:30.322000+00:00,leaf4,sg1,,bundlemgr_distrib,0/RP0/CPU0,0,bundlemgr_distribnode0_RP0_CPU0,0,0,obt-collector1,60

2020-02-06 18:59:36.788000+00:00,leaf4,sg1,,L2VPN_ATOM,0/RP0/CPU0,0,L2VPN_ATOMnode0_RP0_CPU0,0,0,obt-collector1,120

2020-02-06 18:59:36.789000+00:00,leaf4,sg1,,bundlemgr_distrib,0/RP0/CPU0,0,bundlemgr_distribnode0_RP0_CPU0,0,0,obt-collector1,60

2020-02-06 18:59:36.789000+00:00,leaf4,sg1,,ipv4_static,0/RP0/CPU0,0,ipv4_staticnode0_RP0_CPU0,0,0,obt-collector1,60

2020-02-06 18:59:36.789000+00:00,leaf4,sg1,,object_tracking,0/RP0/CPU0,0,object_trackingnode0_RP0_CPU0,0,0,obt-collector1,199

2020-02-06 18:59:36.789000+00:00,leaf4,sg1,,XTC,0/RP0/CPU0,0,XTCnode0_RP0_CPU0,0,0,obt-collector1,180

2020-02-06 18:59:36.789000+00:00,leaf4,sg1,,pim6,0/RP0/CPU0,0,pim6node0_RP0_CPU0,0,0,obt-collector1,199

2020-02-06 18:59:36.789000+00:00,leaf4,sg1,,pim,0/RP0/CPU0,0,pimnode0_RP0_CPU0,0,0,obt-collector1,199

2020-02-06 18:59:36.789000+00:00,leaf4,sg1,,bgp-default,0/RP0/CPU0,41,bgp-defaultnode0_RP0_CPU0,0,0,obt-collector1,60

2020-02-06 18:59:36.789000+00:00,leaf4,sg1,,tunl_gre_ma,0/RP0/CPU0,0,tunl_gre_manode0_RP0_CPU0,0,0,obt-collector1,199

2020-02-06 18:59:53.087000+00:00,leaf4,sg1,,L2VPN_ATOM,0/RP0/CPU0,0,L2VPN_ATOMnode0_RP0_CPU0,0,0,obt-collector1,120

2020-02-06 18:59:53.087000+00:00,leaf4,sg1,,XTC,0/RP0/CPU0,0,XTCnode0_RP0_CPU0,0,0,obt-collector1,180

2020-02-06 18:59:53.088000+00:00,leaf4,sg1,,tunl_gre_ma,0/RP0/CPU0,0,tunl_gre_manode0_RP0_CPU0,0,0,obt-collector1,199

2020-02-06 18:59:53.088000+00:00,leaf4,sg1,,bgp-default,0/RP0/CPU0,41,bgp-defaultnode0_RP0_CPU0,0,0,obt-collector1,60

2020-02-06 18:59:53.088000+00:00,leaf4,sg1,,bundlemgr_distrib,0/RP0/CPU0,0,bundlemgr_distribnode0_RP0_CPU0,0,0,obt-collector1,60

2020-02-06 18:59:53.088000+00:00,leaf4,sg1,,ipv4_static,0/RP0/CPU0,0,ipv4_staticnode0_RP0_CPU0,0,0,obt-collector1,60

2020-02-06 18:59:53.088000+00:00,leaf4,sg1,,pim,0/RP0/CPU0,0,pimnode0_RP0_CPU0,0,0,obt-collector1,199

2020-02-06 18:59:53.088000+00:00,leaf4,sg1,,object_tracking,0/RP0/CPU0,0,object_trackingnode0_RP0_CPU0,0,0,obt-collector1,199

2020-02-06 18:59:53.088000+00:00,leaf4,sg1,,pim6,0/RP0/CPU0,0,pim6node0_RP0_CPU0,0,0,obt-collector1,199

2020-02-06 18:59:56.403000+00:00,leaf4,sg1,,object_tracking,0/RP0/CPU0,0,object_trackingnode0_RP0_CPU0,0,0,obt-collector1,199

2020-02-06 18:59:56.403000+00:00,leaf4,sg1,,pim6,0/RP0/CPU0,0,pim6node0_RP0_CPU0,0,0,obt-collector1,199

2020-02-06 18:59:56.403000+00:00,leaf4,sg1,,bgp-default,0/RP0/CPU0,41,bgp-defaultnode0_RP0_CPU0,0,0,obt-collector1,60

2020-02-06 18:59:56.403000+00:00,leaf4,sg1,,XTC,0/RP0/CPU0,0,XTCnode0_RP0_CPU0,0,0,obt-collector1,180

2020-02-06 18:59:56.403000+00:00,leaf4,sg1,,L2VPN_ATOM,0/RP0/CPU0,0,L2VPN_ATOMnode0_RP0_CPU0,0,0,obt-collector1,120

2020-02-06 18:59:56.403000+00:00,leaf4,sg1,,tunl_gre_ma,0/RP0/CPU0,0,tunl_gre_manode0_RP0_CPU0,0,0,obt-collector1,199

2020-02-06 18:59:56.403000+00:00,leaf4,sg1,,pim,0/RP0/CPU0,0,pimnode0_RP0_CPU0,0,0,obt-collector1,199

2020-02-06 18:59:56.403000+00:00,leaf4,sg1,,bundlemgr_distrib,0/RP0/CPU0,0,bundlemgr_distribnode0_RP0_CPU0,0,0,obt-collector1,60

2020-02-06 18:59:56.403000+00:00,leaf4,sg1,,ipv4_static,0/RP0/CPU0,0,ipv4_staticnode0_RP0_CPU0,0,0,obt-collector1,60

2020-02-06 19:00:09.607000+00:00,leaf4,sg1,,L2VPN_ATOM,0/RP0/CPU0,0,L2VPN_ATOMnode0_RP0_CPU0,0,0,obt-collector1,120

2020-02-06 19:00:09.608000+00:00,leaf4,sg1,,ipv4_static,0/RP0/CPU0,0,ipv4_staticnode0_RP0_CPU0,0,0,obt-collector1,60

2020-02-06 19:00:09.608000+00:00,leaf4,sg1,,bundlemgr_distrib,0/RP0/CPU0,0,bundlemgr_distribnode0_RP0_CPU0,0,0,obt-collector1,60

2020-02-06 19:00:09.608000+00:00,leaf4,sg1,,XTC,0/RP0/CPU0,0,XTCnode0_RP0_CPU0,0,0,obt-collector1,180

2020-02-06 19:00:09.608000+00:00,leaf4,sg1,,object_tracking,0/RP0/CPU0,0,object_trackingnode0_RP0_CPU0,0,0,obt-collector1,199

2020-02-06 19:00:09.608000+00:00,leaf4,sg1,,bgp-default,0/RP0/CPU0,41,bgp-defaultnode0_RP0_CPU0,0,0,obt-collector1,60

2020-02-06 19:00:09.608000+00:00,leaf4,sg1,,pim,0/RP0/CPU0,0,pimnode0_RP0_CPU0,0,0,obt-collector1,199

2020-02-06 19:00:09.608000+00:00,leaf4,sg1,,pim6,0/RP0/CPU0,0,pim6node0_RP0_CPU0,0,0,obt-collector1,199

2020-02-06 19:00:09.608000+00:00,leaf4,sg1,,tunl_gre_ma,0/RP0/CPU0,0,tunl_gre_manode0_RP0_CPU0,0,0,obt-collector1,199

2020-02-06 19:00:15.993000+00:00,leaf4,sg1,,pim6,0/RP0/CPU0,0,pim6node0_RP0_CPU0,0,0,obt-collector1,199

2020-02-06 19:00:15.993000+00:00,leaf4,sg1,,tunl_gre_ma,0/RP0/CPU0,0,tunl_gre_manode0_RP0_CPU0,0,0,obt-collector1,199

2020-02-06 19:00:15.993000+00:00,leaf4,sg1,,XTC,0/RP0/CPU0,0,XTCnode0_RP0_CPU0,0,0,obt-collector1,180

2020-02-06 19:00:15.993000+00:00,leaf4,sg1,,ipv4_static,0/RP0/CPU0,0,ipv4_staticnode0_RP0_CPU0,0,0,obt-collector1,60

2020-02-06 19:00:15.993000+00:00,leaf4,sg1,,L2VPN_ATOM,0/RP0/CPU0,0,L2VPN_ATOMnode0_RP0_CPU0,0,0,obt-collector1,120

2020-02-06 19:00:15.993000+00:00,leaf4,sg1,,bundlemgr_distrib,0/RP0/CPU0,0,bundlemgr_distribnode0_RP0_CPU0,0,0,obt-collector1,60

2020-02-06 19:00:15.993000+00:00,leaf4,sg1,,pim,0/RP0/CPU0,0,pimnode0_RP0_CPU0,0,0,obt-collector1,199

2020-02-06 19:00:15.993000+00:00,leaf4,sg1,,object_tracking,0/RP0/CPU0,0,object_trackingnode0_RP0_CPU0,0,0,obt-collector1,199

2020-02-06 19:00:15.993000+00:00,leaf4,sg1,,bgp-default,0/RP0/CPU0,41,bgp-defaultnode0_RP0_CPU0,0,0,obt-collector1,60

2020-02-06 19:00:19.168000+00:00,leaf4,sg1,,XTC,0/RP0/CPU0,0,XTCnode0_RP0_CPU0,0,0,obt-collector1,180

2020-02-06 19:00:19.168000+00:00,leaf4,sg1,,L2VPN_ATOM,0/RP0/CPU0,0,L2VPN_ATOMnode0_RP0_CPU0,0,0,obt-collector1,120

2020-02-06 19:00:19.168000+00:00,leaf4,sg1,,bgp-default,0/RP0/CPU0,41,bgp-defaultnode0_RP0_CPU0,0,0,obt-collector1,60

2020-02-06 19:00:19.168000+00:00,leaf4,sg1,,bundlemgr_distrib,0/RP0/CPU0,0,bundlemgr_distribnode0_RP0_CPU0,0,0,obt-collector1,60

2020-02-06 19:00:19.169000+00:00,leaf4,sg1,,object_tracking,0/RP0/CPU0,0,object_trackingnode0_RP0_CPU0,0,0,obt-collector1,199

2020-02-06 19:00:19.169000+00:00,leaf4,sg1,,pim6,0/RP0/CPU0,0,pim6node0_RP0_CPU0,0,0,obt-collector1,199

2020-02-06 19:00:19.169000+00:00,leaf4,sg1,,tunl_gre_ma,0/RP0/CPU0,0,tunl_gre_manode0_RP0_CPU0,0,0,obt-collector1,199

2020-02-06 19:00:19.169000+00:00,leaf4,sg1,,ipv4_static,0/RP0/CPU0,0,ipv4_staticnode0_RP0_CPU0,0,0,obt-collector1,60

2020-02-06 19:00:19.169000+00:00,leaf4,sg1,,pim,0/RP0/CPU0,0,pimnode0_RP0_CPU0,0,0,obt-collector1,199

2020-02-06 19:00:22.387000+00:00,leaf4,sg1,,bgp-default,0/RP0/CPU0,41,bgp-defaultnode0_RP0_CPU0,0,0,obt-collector1,60

2020-02-06 19:00:22.387000+00:00,leaf4,sg1,,XTC,0/RP0/CPU0,0,XTCnode0_RP0_CPU0,0,0,obt-collector1,180

2020-02-06 19:00:22.387000+00:00,leaf4,sg1,,L2VPN_ATOM,0/RP0/CPU0,0,L2VPN_ATOMnode0_RP0_CPU0,0,0,obt-collector1,120

2020-02-06 19:00:22.388000+00:00,leaf4,sg1,,pim,0/RP0/CPU0,0,pimnode0_RP0_CPU0,0,0,obt-collector1,199

2020-02-06 19:00:22.388000+00:00,leaf4,sg1,,ipv4_static,0/RP0/CPU0,0,ipv4_staticnode0_RP0_CPU0,0,0,obt-collector1,60

2020-02-06 19:00:22.388000+00:00,leaf4,sg1,,object_tracking,0/RP0/CPU0,0,object_trackingnode0_RP0_CPU0,0,0,obt-collector1,199

2020-02-06 19:00:22.388000+00:00,leaf4,sg1,,bundlemgr_distrib,0/RP0/CPU0,0,bundlemgr_distribnode0_RP0_CPU0,0,0,obt-collector1,60

2020-02-06 19:00:22.388000+00:00,leaf4,sg1,,tunl_gre_ma,0/RP0/CPU0,0,tunl_gre_manode0_RP0_CPU0,0,0,obt-collector1,199

2020-02-06 19:00:22.388000+00:00,leaf4,sg1,,pim6,0/RP0/CPU0,0,pim6node0_RP0_CPU0,0,0,obt-collector1,199

2020-02-06 19:00:25.622000+00:00,leaf4,sg1,,ipv4_static,0/RP0/CPU0,0,ipv4_staticnode0_RP0_CPU0,0,0,obt-collector1,60

2020-02-06 19:00:25.622000+00:00,leaf4,sg1,,L2VPN_ATOM,0/RP0/CPU0,0,L2VPN_ATOMnode0_RP0_CPU0,0,0,obt-collector1,120

2020-02-06 19:00:25.622000+00:00,leaf4,sg1,,XTC,0/RP0/CPU0,0,XTCnode0_RP0_CPU0,0,0,obt-collector1,180

2020-02-06 19:00:25.622000+00:00,leaf4,sg1,,bundlemgr_distrib,0/RP0/CPU0,0,bundlemgr_distribnode0_RP0_CPU0,0,0,obt-collector1,60

2020-02-06 19:00:25.622000+00:00,leaf4,sg1,,bgp-default,0/RP0/CPU0,41,bgp-defaultnode0_RP0_CPU0,0,0,obt-collector1,60

2020-02-06 19:00:25.623000+00:00,leaf4,sg1,,pim6,0/RP0/CPU0,0,pim6node0_RP0_CPU0,0,0,obt-collector1,199

2020-02-06 19:00:25.623000+00:00,leaf4,sg1,,tunl_gre_ma,0/RP0/CPU0,0,tunl_gre_manode0_RP0_CPU0,0,0,obt-collector1,199

2020-02-06 19:00:25.623000+00:00,leaf4,sg1,,pim,0/RP0/CPU0,0,pimnode0_RP0_CPU0,0,0,obt-collector1,199

2020-02-06 19:00:25.623000+00:00,leaf4,sg1,,object_tracking,0/RP0/CPU0,0,object_trackingnode0_RP0_CPU0,0,0,obt-collector1,199

2020-02-06 19:00:36.116000+00:00,leaf4,sg1,,bundlemgr_distrib,0/RP0/CPU0,0,bundlemgr_distribnode0_RP0_CPU0,0,0,obt-collector1,60

2020-02-06 19:00:36.116000+00:00,leaf4,sg1,,ipv4_static,0/RP0/CPU0,0,ipv4_staticnode0_RP0_CPU0,0,0,obt-collector1,60

2020-02-06 19:00:36.116000+00:00,leaf4,sg1,,object_tracking,0/RP0/CPU0,0,object_trackingnode0_RP0_CPU0,0,0,obt-collector1,199

2020-02-06 19:00:36.116000+00:00,leaf4,sg1,,bgp-default,0/RP0/CPU0,41,bgp-defaultnode0_RP0_CPU0,0,0,obt-collector1,60

2020-02-06 19:00:36.116000+00:00,leaf4,sg1,,L2VPN_ATOM,0/RP0/CPU0,0,L2VPN_ATOMnode0_RP0_CPU0,0,0,obt-collector1,120

2020-02-06 19:00:36.116000+00:00,leaf4,sg1,,XTC,0/RP0/CPU0,0,XTCnode0_RP0_CPU0,0,0,obt-collector1,180

2020-02-06 19:00:36.117000+00:00,leaf4,sg1,,pim,0/RP0/CPU0,0,pimnode0_RP0_CPU0,0,0,obt-collector1,199

2020-02-06 19:00:36.117000+00:00,leaf4,sg1,,pim6,0/RP0/CPU0,0,pim6node0_RP0_CPU0,0,0,obt-collector1,199

2020-02-06 19:00:36.117000+00:00,leaf4,sg1,,tunl_gre_ma,0/RP0/CPU0,0,tunl_gre_manode0_RP0_CPU0,0,0,obt-collector1,199

2020-02-06 19:00:39.322000+00:00,leaf4,sg1,,XTC,0/RP0/CPU0,0,XTCnode0_RP0_CPU0,0,0,obt-collector1,180

2020-02-06 19:00:39.322000+00:00,leaf4,sg1,,L2VPN_ATOM,0/RP0/CPU0,0,L2VPN_ATOMnode0_RP0_CPU0,0,0,obt-collector1,120

2020-02-06 19:00:39.322000+00:00,leaf4,sg1,,bundlemgr_distrib,0/RP0/CPU0,0,bundlemgr_distribnode0_RP0_CPU0,0,0,obt-collector1,60

2020-02-06 19:00:39.322000+00:00,leaf4,sg1,,bgp-default,0/RP0/CPU0,41,bgp-defaultnode0_RP0_CPU0,0,0,obt-collector1,60

2020-02-06 19:00:39.323000+00:00,leaf4,sg1,,pim6,0/RP0/CPU0,0,pim6node0_RP0_CPU0,0,0,obt-collector1,199

2020-02-06 19:00:39.323000+00:00,leaf4,sg1,,ipv4_static,0/RP0/CPU0,0,ipv4_staticnode0_RP0_CPU0,0,0,obt-collector1,60

2020-02-06 19:00:39.323000+00:00,leaf4,sg1,,tunl_gre_ma,0/RP0/CPU0,0,tunl_gre_manode0_RP0_CPU0,0,0,obt-collector1,199

2020-02-06 19:00:39.323000+00:00,leaf4,sg1,,pim,0/RP0/CPU0,0,pimnode0_RP0_CPU0,0,0,obt-collector1,199

2020-02-06 19:00:39.323000+00:00,leaf4,sg1,,object_tracking,0/RP0/CPU0,0,object_trackingnode0_RP0_CPU0,0,0,obt-collector1,199

2020-02-06 19:00:42.598000+00:00,leaf4,sg1,,XTC,0/RP0/CPU0,0,XTCnode0_RP0_CPU0,0,0,obt-collector1,180

2020-02-06 19:00:42.598000+00:00,leaf4,sg1,,bgp-default,0/RP0/CPU0,41,bgp-defaultnode0_RP0_CPU0,0,0,obt-collector1,60

2020-02-06 19:00:42.598000+00:00,leaf4,sg1,,L2VPN_ATOM,0/RP0/CPU0,0,L2VPN_ATOMnode0_RP0_CPU0,0,0,obt-collector1,120

2020-02-06 19:00:42.599000+00:00,leaf4,sg1,,object_tracking,0/RP0/CPU0,0,object_trackingnode0_RP0_CPU0,0,0,obt-collector1,199

2020-02-06 19:00:42.599000+00:00,leaf4,sg1,,pim6,0/RP0/CPU0,0,pim6node0_RP0_CPU0,0,0,obt-collector1,199

2020-02-06 19:00:42.599000+00:00,leaf4,sg1,,bundlemgr_distrib,0/RP0/CPU0,0,bundlemgr_distribnode0_RP0_CPU0,0,0,obt-collector1,60

2020-02-06 19:00:42.599000+00:00,leaf4,sg1,,pim,0/RP0/CPU0,0,pimnode0_RP0_CPU0,0,0,obt-collector1,199

2020-02-06 19:00:42.599000+00:00,leaf4,sg1,,tunl_gre_ma,0/RP0/CPU0,0,tunl_gre_manode0_RP0_CPU0,0,0,obt-collector1,199

2020-02-06 19:00:42.599000+00:00,leaf4,sg1,,ipv4_static,0/RP0/CPU0,0,ipv4_staticnode0_RP0_CPU0,0,0,obt-collector1,60

2020-02-06 19:01:26.271000+00:00,leaf4,sg1,,L2VPN_ATOM,0/RP0/CPU0,0,L2VPN_ATOMnode0_RP0_CPU0,0,0,obt-collector1,120

2020-02-06 19:01:26.271000+00:00,leaf4,sg1,,bgp-default,0/RP0/CPU0,41,bgp-defaultnode0_RP0_CPU0,0,0,obt-collector1,60

2020-02-06 19:01:26.271000+00:00,leaf4,sg1,,XTC,0/RP0/CPU0,0,XTCnode0_RP0_CPU0,0,0,obt-collector1,180

2020-02-06 19:01:26.271000+00:00,leaf4,sg1,,bundlemgr_distrib,0/RP0/CPU0,0,bundlemgr_distribnode0_RP0_CPU0,0,0,obt-collector1,60

2020-02-06 19:01:26.272000+00:00,leaf4,sg1,,ipv4_static,0/RP0/CPU0,0,ipv4_staticnode0_RP0_CPU0,0,0,obt-collector1,60

2020-02-06 19:01:26.272000+00:00,leaf4,sg1,,tunl_gre_ma,0/RP0/CPU0,0,tunl_gre_manode0_RP0_CPU0,0,0,obt-collector1,199

2020-02-06 19:01:26.272000+00:00,leaf4,sg1,,pim6,0/RP0/CPU0,0,pim6node0_RP0_CPU0,0,0,obt-collector1,199

2020-02-06 19:01:26.272000+00:00,leaf4,sg1,,object_tracking,0/RP0/CPU0,0,object_trackingnode0_RP0_CPU0,0,0,obt-collector1,199

2020-02-06 19:01:26.272000+00:00,leaf4,sg1,,pim,0/RP0/CPU0,0,pimnode0_RP0_CPU0,0,0,obt-collector1,199

2020-02-06 19:01:33.991000+00:00,leaf4,sg1,,XTC,0/RP0/CPU0,0,XTCnode0_RP0_CPU0,0,0,obt-collector1,180

2020-02-06 19:01:33.991000+00:00,leaf4,sg1,,L2VPN_ATOM,0/RP0/CPU0,0,L2VPN_ATOMnode0_RP0_CPU0,0,0,obt-collector1,120

2020-02-06 19:01:33.992000+00:00,leaf4,sg1,,object_tracking,0/RP0/CPU0,0,object_trackingnode0_RP0_CPU0,0,0,obt-collector1,199

2020-02-06 19:01:33.992000+00:00,leaf4,sg1,,tunl_gre_ma,0/RP0/CPU0,0,tunl_gre_manode0_RP0_CPU0,0,0,obt-collector1,199

2020-02-06 19:01:33.992000+00:00,leaf4,sg1,,bundlemgr_distrib,0/RP0/CPU0,0,bundlemgr_distribnode0_RP0_CPU0,0,0,obt-collector1,60

2020-02-06 19:01:33.992000+00:00,leaf4,sg1,,ipv4_static,0/RP0/CPU0,0,ipv4_staticnode0_RP0_CPU0,0,0,obt-collector1,60

2020-02-06 19:01:33.992000+00:00,leaf4,sg1,,pim,0/RP0/CPU0,0,pimnode0_RP0_CPU0,0,0,obt-collector1,199

2020-02-06 19:01:33.992000+00:00,leaf4,sg1,,bgp-default,0/RP0/CPU0,41,bgp-defaultnode0_RP0_CPU0,0,0,obt-collector1,60

2020-02-06 19:01:33.992000+00:00,leaf4,sg1,,pim6,0/RP0/CPU0,0,pim6node0_RP0_CPU0,0,0,obt-collector1,199

2020-02-06 19:01:47.471000+00:00,leaf4,sg1,,bgp-default,0/RP0/CPU0,41,bgp-defaultnode0_RP0_CPU0,0,0,obt-collector1,60

2020-02-06 19:01:47.471000+00:00,leaf4,sg1,,L2VPN_ATOM,0/RP0/CPU0,0,L2VPN_ATOMnode0_RP0_CPU0,0,0,obt-collector1,120

2020-02-06 19:01:47.471000+00:00,leaf4,sg1,,XTC,0/RP0/CPU0,0,XTCnode0_RP0_CPU0,0,0,obt-collector1,180

2020-02-06 19:01:47.472000+00:00,leaf4,sg1,,pim6,0/RP0/CPU0,0,pim6node0_RP0_CPU0,0,0,obt-collector1,199

2020-02-06 19:01:47.472000+00:00,leaf4,sg1,,tunl_gre_ma,0/RP0/CPU0,0,tunl_gre_manode0_RP0_CPU0,0,0,obt-collector1,199

2020-02-06 19:01:47.472000+00:00,leaf4,sg1,,object_tracking,0/RP0/CPU0,0,object_trackingnode0_RP0_CPU0,0,0,obt-collector1,199

2020-02-06 19:01:47.472000+00:00,leaf4,sg1,,pim,0/RP0/CPU0,0,pimnode0_RP0_CPU0,0,0,obt-collector1,199

2020-02-06 19:01:47.472000+00:00,leaf4,sg1,,bundlemgr_distrib,0/RP0/CPU0,0,bundlemgr_distribnode0_RP0_CPU0,0,0,obt-collector1,60

2020-02-06 19:01:47.472000+00:00,leaf4,sg1,,ipv4_static,0/RP0/CPU0,0,ipv4_staticnode0_RP0_CPU0,0,0,obt-collector1,60

2020-02-06 19:01:54.149000+00:00,leaf4,sg1,,bundlemgr_distrib,0/RP0/CPU0,0,bundlemgr_distribnode0_RP0_CPU0,0,0,obt-collector1,60

2020-02-06 19:01:54.149000+00:00,leaf4,sg1,,L2VPN_ATOM,0/RP0/CPU0,0,L2VPN_ATOMnode0_RP0_CPU0,0,0,obt-collector1,120

2020-02-06 19:01:54.149000+00:00,leaf4,sg1,,bgp-default,0/RP0/CPU0,41,bgp-defaultnode0_RP0_CPU0,0,0,obt-collector1,60

2020-02-06 19:01:54.149000+00:00,leaf4,sg1,,XTC,0/RP0/CPU0,0,XTCnode0_RP0_CPU0,0,0,obt-collector1,180

2020-02-06 19:01:54.150000+00:00,leaf4,sg1,,ipv4_static,0/RP0/CPU0,0,ipv4_staticnode0_RP0_CPU0,0,0,obt-collector1,60

2020-02-06 19:01:54.150000+00:00,leaf4,sg1,,pim6,0/RP0/CPU0,0,pim6node0_RP0_CPU0,0,0,obt-collector1,199

2020-02-06 19:01:54.150000+00:00,leaf4,sg1,,pim,0/RP0/CPU0,0,pimnode0_RP0_CPU0,0,0,obt-collector1,199

2020-02-06 19:01:54.150000+00:00,leaf4,sg1,,tunl_gre_ma,0/RP0/CPU0,0,tunl_gre_manode0_RP0_CPU0,0,0,obt-collector1,199

2020-02-06 19:01:54.150000+00:00,leaf4,sg1,,object_tracking,0/RP0/CPU0,0,object_trackingnode0_RP0_CPU0,0,0,obt-collector1,199

2020-02-06 19:02:03.959000+00:00,leaf4,sg1,,XTC,0/RP0/CPU0,0,XTCnode0_RP0_CPU0,0,0,obt-collector1,180

2020-02-06 19:02:03.959000+00:00,leaf4,sg1,,object_tracking,0/RP0/CPU0,0,object_trackingnode0_RP0_CPU0,0,0,obt-collector1,199

2020-02-06 19:02:03.959000+00:00,leaf4,sg1,,bgp-default,0/RP0/CPU0,41,bgp-defaultnode0_RP0_CPU0,0,0,obt-collector1,60

2020-02-06 19:02:03.959000+00:00,leaf4,sg1,,L2VPN_ATOM,0/RP0/CPU0,0,L2VPN_ATOMnode0_RP0_CPU0,0,0,obt-collector1,120

2020-02-06 19:02:03.959000+00:00,leaf4,sg1,,bundlemgr_distrib,0/RP0/CPU0,0,bundlemgr_distribnode0_RP0_CPU0,0,0,obt-collector1,60

2020-02-06 19:02:03.959000+00:00,leaf4,sg1,,pim,0/RP0/CPU0,0,pimnode0_RP0_CPU0,0,0,obt-collector1,199

2020-02-06 19:02:03.959000+00:00,leaf4,sg1,,ipv4_static,0/RP0/CPU0,0,ipv4_staticnode0_RP0_CPU0,0,0,obt-collector1,60

2020-02-06 19:02:03.959000+00:00,leaf4,sg1,,pim6,0/RP0/CPU0,0,pim6node0_RP0_CPU0,0,0,obt-collector1,199

2020-02-06 19:02:03.960000+00:00,leaf4,sg1,,tunl_gre_ma,0/RP0/CPU0,0,tunl_gre_manode0_RP0_CPU0,0,0,obt-collector1,199

2020-02-06 19:02:07.187000+00:00,leaf4,sg1,,bgp-default,0/RP0/CPU0,41,bgp-defaultnode0_RP0_CPU0,0,0,obt-collector1,60

2020-02-06 19:02:07.187000+00:00,leaf4,sg1,,XTC,0/RP0/CPU0,0,XTCnode0_RP0_CPU0,0,0,obt-collector1,180

2020-02-06 19:02:07.187000+00:00,leaf4,sg1,,L2VPN_ATOM,0/RP0/CPU0,0,L2VPN_ATOMnode0_RP0_CPU0,0,0,obt-collector1,120

2020-02-06 19:02:07.188000+00:00,leaf4,sg1,,tunl_gre_ma,0/RP0/CPU0,0,tunl_gre_manode0_RP0_CPU0,0,0,obt-collector1,199

2020-02-06 19:02:07.188000+00:00,leaf4,sg1,,pim6,0/RP0/CPU0,0,pim6node0_RP0_CPU0,0,0,obt-collector1,199

2020-02-06 19:02:07.188000+00:00,leaf4,sg1,,ipv4_static,0/RP0/CPU0,0,ipv4_staticnode0_RP0_CPU0,0,0,obt-collector1,60

2020-02-06 19:02:07.188000+00:00,leaf4,sg1,,object_tracking,0/RP0/CPU0,0,object_trackingnode0_RP0_CPU0,0,0,obt-collector1,199

2020-02-06 19:02:07.188000+00:00,leaf4,sg1,,pim,0/RP0/CPU0,0,pimnode0_RP0_CPU0,0,0,obt-collector1,199

2020-02-06 19:02:07.188000+00:00,leaf4,sg1,,bundlemgr_distrib,0/RP0/CPU0,0,bundlemgr_distribnode0_RP0_CPU0,0,0,obt-collector1,60

2020-02-06 19:02:17.144000+00:00,leaf4,sg1,,L2VPN_ATOM,0/RP0/CPU0,0,L2VPN_ATOMnode0_RP0_CPU0,0,0,obt-collector1,120

2020-02-06 19:02:17.144000+00:00,leaf4,sg1,,XTC,0/RP0/CPU0,0,XTCnode0_RP0_CPU0,0,0,obt-collector1,180

2020-02-06 19:02:17.144000+00:00,leaf4,sg1,,bundlemgr_distrib,0/RP0/CPU0,0,bundlemgr_distribnode0_RP0_CPU0,0,0,obt-collector1,60

2020-02-06 19:02:17.144000+00:00,leaf4,sg1,,object_tracking,0/RP0/CPU0,0,object_trackingnode0_RP0_CPU0,0,0,obt-collector1,199

2020-02-06 19:02:17.144000+00:00,leaf4,sg1,,bgp-default,0/RP0/CPU0,41,bgp-defaultnode0_RP0_CPU0,0,0,obt-collector1,60

2020-02-06 19:02:17.144000+00:00,leaf4,sg1,,ipv4_static,0/RP0/CPU0,0,ipv4_staticnode0_RP0_CPU0,0,0,obt-collector1,60

2020-02-06 19:02:17.145000+00:00,leaf4,sg1,,pim,0/RP0/CPU0,0,pimnode0_RP0_CPU0,0,0,obt-collector1,199

2020-02-06 19:02:17.145000+00:00,leaf4,sg1,,pim6,0/RP0/CPU0,0,pim6node0_RP0_CPU0,0,0,obt-collector1,199

2020-02-06 19:02:17.145000+00:00,leaf4,sg1,,tunl_gre_ma,0/RP0/CPU0,0,tunl_gre_manode0_RP0_CPU0,0,0,obt-collector1,199

2020-02-06 19:02:33.928000+00:00,leaf4,sg1,,bgp-default,0/RP0/CPU0,41,bgp-defaultnode0_RP0_CPU0,0,0,obt-collector1,60

2020-02-06 19:02:33.928000+00:00,leaf4,sg1,,L2VPN_ATOM,0/RP0/CPU0,0,L2VPN_ATOMnode0_RP0_CPU0,0,0,obt-collector1,120

2020-02-06 19:02:33.928000+00:00,leaf4,sg1,,ipv4_static,0/RP0/CPU0,0,ipv4_staticnode0_RP0_CPU0,0,0,obt-collector1,60

2020-02-06 19:02:33.928000+00:00,leaf4,sg1,,XTC,0/RP0/CPU0,0,XTCnode0_RP0_CPU0,0,0,obt-collector1,180

2020-02-06 19:02:33.928000+00:00,leaf4,sg1,,bundlemgr_distrib,0/RP0/CPU0,0,bundlemgr_distribnode0_RP0_CPU0,0,0,obt-collector1,60

2020-02-06 19:02:33.929000+00:00,leaf4,sg1,,pim6,0/RP0/CPU0,0,pim6node0_RP0_CPU0,0,0,obt-collector1,199

2020-02-06 19:02:33.929000+00:00,leaf4,sg1,,pim,0/RP0/CPU0,0,pimnode0_RP0_CPU0,0,0,obt-collector1,199

2020-02-06 19:02:33.929000+00:00,leaf4,sg1,,tunl_gre_ma,0/RP0/CPU0,0,tunl_gre_manode0_RP0_CPU0,0,0,obt-collector1,199

2020-02-06 19:02:33.929000+00:00,leaf4,sg1,,object_tracking,0/RP0/CPU0,0,object_trackingnode0_RP0_CPU0,0,0,obt-collector1,199

2020-02-06 19:02:37.149000+00:00,leaf4,sg1,,XTC,0/RP0/CPU0,0,XTCnode0_RP0_CPU0,0,0,obt-collector1,180

2020-02-06 19:02:37.149000+00:00,leaf4,sg1,,bgp-default,0/RP0/CPU0,41,bgp-defaultnode0_RP0_CPU0,0,0,obt-collector1,60

2020-02-06 19:02:37.149000+00:00,leaf4,sg1,,bundlemgr_distrib,0/RP0/CPU0,0,bundlemgr_distribnode0_RP0_CPU0,0,0,obt-collector1,60

2020-02-06 19:02:37.149000+00:00,leaf4,sg1,,L2VPN_ATOM,0/RP0/CPU0,0,L2VPN_ATOMnode0_RP0_CPU0,0,0,obt-collector1,120

2020-02-06 19:02:37.150000+00:00,leaf4,sg1,,tunl_gre_ma,0/RP0/CPU0,0,tunl_gre_manode0_RP0_CPU0,0,0,obt-collector1,199

2020-02-06 19:02:37.150000+00:00,leaf4,sg1,,pim6,0/RP0/CPU0,0,pim6node0_RP0_CPU0,0,0,obt-collector1,199

2020-02-06 19:02:37.150000+00:00,leaf4,sg1,,object_tracking,0/RP0/CPU0,0,object_trackingnode0_RP0_CPU0,0,0,obt-collector1,199

2020-02-06 19:02:37.150000+00:00,leaf4,sg1,,ipv4_static,0/RP0/CPU0,0,ipv4_staticnode0_RP0_CPU0,0,0,obt-collector1,60

2020-02-06 19:02:37.150000+00:00,leaf4,sg1,,pim,0/RP0/CPU0,0,pimnode0_RP0_CPU0,0,0,obt-collector1,199

2020-02-06 19:02:43.619000+00:00,leaf4,sg1,,ipv4_static,0/RP0/CPU0,0,ipv4_staticnode0_RP0_CPU0,0,0,obt-collector1,60

2020-02-06 19:02:43.619000+00:00,leaf4,sg1,,bundlemgr_distrib,0/RP0/CPU0,0,bundlemgr_distribnode0_RP0_CPU0,0,0,obt-collector1,60

2020-02-06 19:02:43.619000+00:00,leaf4,sg1,,XTC,0/RP0/CPU0,0,XTCnode0_RP0_CPU0,0,0,obt-collector1,180

2020-02-06 19:02:43.619000+00:00,leaf4,sg1,,L2VPN_ATOM,0/RP0/CPU0,0,L2VPN_ATOMnode0_RP0_CPU0,0,0,obt-collector1,120

2020-02-06 19:02:43.619000+00:00,leaf4,sg1,,object_tracking,0/RP0/CPU0,0,object_trackingnode0_RP0_CPU0,0,0,obt-collector1,199

2020-02-06 19:02:43.619000+00:00,leaf4,sg1,,bgp-default,0/RP0/CPU0,41,bgp-defaultnode0_RP0_CPU0,0,0,obt-collector1,60

2020-02-06 19:02:43.619000+00:00,leaf4,sg1,,pim6,0/RP0/CPU0,0,pim6node0_RP0_CPU0,0,0,obt-collector1,199

2020-02-06 19:02:43.620000+00:00,leaf4,sg1,,pim,0/RP0/CPU0,0,pimnode0_RP0_CPU0,0,0,obt-collector1,199

2020-02-06 19:02:43.620000+00:00,leaf4,sg1,,tunl_gre_ma,0/RP0/CPU0,0,tunl_gre_manode0_RP0_CPU0,0,0,obt-collector1,199

2020-02-06 19:02:59.768000+00:00,leaf4,sg1,,pim,0/RP0/CPU0,0,pimnode0_RP0_CPU0,0,0,obt-collector1,199

2020-02-06 19:02:59.768000+00:00,leaf4,sg1,,tunl_gre_ma,0/RP0/CPU0,0,tunl_gre_manode0_RP0_CPU0,0,0,obt-collector1,199

2020-02-06 19:02:59.768000+00:00,leaf4,sg1,,pim6,0/RP0/CPU0,0,pim6node0_RP0_CPU0,0,0,obt-collector1,199

2020-02-06 19:02:59.768000+00:00,leaf4,sg1,,bgp-default,0/RP0/CPU0,41,bgp-defaultnode0_RP0_CPU0,0,0,obt-collector1,60

2020-02-06 19:02:59.768000+00:00,leaf4,sg1,,bundlemgr_distrib,0/RP0/CPU0,0,bundlemgr_distribnode0_RP0_CPU0,0,0,obt-collector1,60

2020-02-06 19:02:59.768000+00:00,leaf4,sg1,,ipv4_static,0/RP0/CPU0,0,ipv4_staticnode0_RP0_CPU0,0,0,obt-collector1,60

2020-02-06 19:02:59.768000+00:00,leaf4,sg1,,object_tracking,0/RP0/CPU0,0,object_trackingnode0_RP0_CPU0,0,0,obt-collector1,199

2020-02-06 19:02:59.768000+00:00,leaf4,sg1,,XTC,0/RP0/CPU0,0,XTCnode0_RP0_CPU0,0,0,obt-collector1,180

2020-02-06 19:02:59.768000+00:00,leaf4,sg1,,L2VPN_ATOM,0/RP0/CPU0,0,L2VPN_ATOMnode0_RP0_CPU0,0,0,obt-collector1,120

2020-02-06 19:03:09.495000+00:00,leaf4,sg1,,XTC,0/RP0/CPU0,0,XTCnode0_RP0_CPU0,0,0,obt-collector1,180

2020-02-06 19:03:09.495000+00:00,leaf4,sg1,,L2VPN_ATOM,0/RP0/CPU0,0,L2VPN_ATOMnode0_RP0_CPU0,0,0,obt-collector1,120

2020-02-06 19:03:09.495000+00:00,leaf4,sg1,,bgp-default,0/RP0/CPU0,41,bgp-defaultnode0_RP0_CPU0,0,0,obt-collector1,60

2020-02-06 19:03:09.495000+00:00,leaf4,sg1,,bundlemgr_distrib,0/RP0/CPU0,0,bundlemgr_distribnode0_RP0_CPU0,0,0,obt-collector1,60

2020-02-06 19:03:09.495000+00:00,leaf4,sg1,,object_tracking,0/RP0/CPU0,0,object_trackingnode0_RP0_CPU0,0,0,obt-collector1,199

2020-02-06 19:03:09.495000+00:00,leaf4,sg1,,ipv4_static,0/RP0/CPU0,0,ipv4_staticnode0_RP0_CPU0,0,0,obt-collector1,60

2020-02-06 19:03:09.496000+00:00,leaf4,sg1,,pim,0/RP0/CPU0,0,pimnode0_RP0_CPU0,0,0,obt-collector1,199

2020-02-06 19:03:09.496000+00:00,leaf4,sg1,,pim6,0/RP0/CPU0,0,pim6node0_RP0_CPU0,0,0,obt-collector1,199

2020-02-06 19:03:09.496000+00:00,leaf4,sg1,,tunl_gre_ma,0/RP0/CPU0,0,tunl_gre_manode0_RP0_CPU0,0,0,obt-collector1,199

2020-02-06 19:03:32.065000+00:00,leaf4,sg1,,pim6,0/RP0/CPU0,0,pim6node0_RP0_CPU0,0,0,obt-collector1,199

2020-02-06 19:03:32.065000+00:00,leaf4,sg1,,tunl_gre_ma,0/RP0/CPU0,0,tunl_gre_manode0_RP0_CPU0,0,0,obt-collector1,199

2020-02-06 19:03:32.065000+00:00,leaf4,sg1,,ipv4_static,0/RP0/CPU0,0,ipv4_staticnode0_RP0_CPU0,0,0,obt-collector1,60

2020-02-06 19:03:32.065000+00:00,leaf4,sg1,,L2VPN_ATOM,0/RP0/CPU0,0,L2VPN_ATOMnode0_RP0_CPU0,0,0,obt-collector1,120

2020-02-06 19:03:32.065000+00:00,leaf4,sg1,,XTC,0/RP0/CPU0,0,XTCnode0_RP0_CPU0,0,0,obt-collector1,180

2020-02-06 19:03:32.065000+00:00,leaf4,sg1,,object_tracking,0/RP0/CPU0,0,object_trackingnode0_RP0_CPU0,0,0,obt-collector1,199

2020-02-06 19:03:32.065000+00:00,leaf4,sg1,,pim,0/RP0/CPU0,0,pimnode0_RP0_CPU0,0,0,obt-collector1,199

2020-02-06 19:03:32.065000+00:00,leaf4,sg1,,bundlemgr_distrib,0/RP0/CPU0,0,bundlemgr_distribnode0_RP0_CPU0,0,0,obt-collector1,60

2020-02-06 19:03:32.065000+00:00,leaf4,sg1,,bgp-default,0/RP0/CPU0,41,bgp-defaultnode0_RP0_CPU0,0,0,obt-collector1,60

2020-02-06 19:03:36.427000+00:00,leaf4,sg1,,bundlemgr_distrib,0/RP0/CPU0,0,bundlemgr_distribnode0_RP0_CPU0,0,0,obt-collector1,60

2020-02-06 19:03:36.427000+00:00,leaf4,sg1,,bgp-default,0/RP0/CPU0,41,bgp-defaultnode0_RP0_CPU0,0,0,obt-collector1,60

2020-02-06 19:03:36.427000+00:00,leaf4,sg1,,L2VPN_ATOM,0/RP0/CPU0,0,L2VPN_ATOMnode0_RP0_CPU0,0,0,obt-collector1,120

2020-02-06 19:03:36.427000+00:00,leaf4,sg1,,tunl_gre_ma,0/RP0/CPU0,0,tunl_gre_manode0_RP0_CPU0,0,0,obt-collector1,199

2020-02-06 19:03:36.427000+00:00,leaf4,sg1,,pim6,0/RP0/CPU0,0,pim6node0_RP0_CPU0,0,0,obt-collector1,199

2020-02-06 19:03:36.427000+00:00,leaf4,sg1,,ipv4_static,0/RP0/CPU0,0,ipv4_staticnode0_RP0_CPU0,0,0,obt-collector1,60

2020-02-06 19:03:36.427000+00:00,leaf4,sg1,,pim,0/RP0/CPU0,0,pimnode0_RP0_CPU0,0,0,obt-collector1,199

2020-02-06 19:03:36.427000+00:00,leaf4,sg1,,XTC,0/RP0/CPU0,0,XTCnode0_RP0_CPU0,0,0,obt-collector1,180

2020-02-06 19:03:36.427000+00:00,leaf4,sg1,,object_tracking,0/RP0/CPU0,0,object_trackingnode0_RP0_CPU0,0,0,obt-collector1,199

2020-02-06 19:03:46.244000+00:00,leaf4,sg1,,XTC,0/RP0/CPU0,0,XTCnode0_RP0_CPU0,0,0,obt-collector1,180

2020-02-06 19:03:46.244000+00:00,leaf4,sg1,,object_tracking,0/RP0/CPU0,0,object_trackingnode0_RP0_CPU0,0,0,obt-collector1,199

2020-02-06 19:03:46.244000+00:00,leaf4,sg1,,tunl_gre_ma,0/RP0/CPU0,0,tunl_gre_manode0_RP0_CPU0,0,0,obt-collector1,199

2020-02-06 19:03:46.244000+00:00,leaf4,sg1,,bgp-default,0/RP0/CPU0,41,bgp-defaultnode0_RP0_CPU0,0,0,obt-collector1,60

2020-02-06 19:03:46.244000+00:00,leaf4,sg1,,bundlemgr_distrib,0/RP0/CPU0,0,bundlemgr_distribnode0_RP0_CPU0,0,0,obt-collector1,60

2020-02-06 19:03:46.244000+00:00,leaf4,sg1,,L2VPN_ATOM,0/RP0/CPU0,0,L2VPN_ATOMnode0_RP0_CPU0,0,0,obt-collector1,120

2020-02-06 19:03:46.244000+00:00,leaf4,sg1,,pim,0/RP0/CPU0,0,pimnode0_RP0_CPU0,0,0,obt-collector1,199

2020-02-06 19:03:46.244000+00:00,leaf4,sg1,,pim6,0/RP0/CPU0,0,pim6node0_RP0_CPU0,0,0,obt-collector1,199

2020-02-06 19:03:46.244000+00:00,leaf4,sg1,,ipv4_static,0/RP0/CPU0,0,ipv4_staticnode0_RP0_CPU0,0,0,obt-collector1,60

2020-02-06 19:03:49.623000+00:00,leaf4,sg1,,pim6,0/RP0/CPU0,0,pim6node0_RP0_CPU0,0,0,obt-collector1,199

2020-02-06 19:03:49.623000+00:00,leaf4,sg1,,ipv4_static,0/RP0/CPU0,0,ipv4_staticnode0_RP0_CPU0,0,0,obt-collector1,60

2020-02-06 19:03:49.623000+00:00,leaf4,sg1,,bgp-default,0/RP0/CPU0,41,bgp-defaultnode0_RP0_CPU0,0,0,obt-collector1,60

2020-02-06 19:03:49.623000+00:00,leaf4,sg1,,object_tracking,0/RP0/CPU0,0,object_trackingnode0_RP0_CPU0,0,0,obt-collector1,199

2020-02-06 19:03:49.623000+00:00,leaf4,sg1,,XTC,0/RP0/CPU0,0,XTCnode0_RP0_CPU0,0,0,obt-collector1,180

2020-02-06 19:03:49.623000+00:00,leaf4,sg1,,tunl_gre_ma,0/RP0/CPU0,0,tunl_gre_manode0_RP0_CPU0,0,0,obt-collector1,199

2020-02-06 19:03:49.623000+00:00,leaf4,sg1,,pim,0/RP0/CPU0,0,pimnode0_RP0_CPU0,0,0,obt-collector1,199

2020-02-06 19:03:49.623000+00:00,leaf4,sg1,,bundlemgr_distrib,0/RP0/CPU0,0,bundlemgr_distribnode0_RP0_CPU0,0,0,obt-collector1,60

2020-02-06 19:03:49.623000+00:00,leaf4,sg1,,L2VPN_ATOM,0/RP0/CPU0,0,L2VPN_ATOMnode0_RP0_CPU0,0,0,obt-collector1,120

2020-02-06 19:03:52.827000+00:00,leaf4,sg1,,bundlemgr_distrib,0/RP0/CPU0,0,bundlemgr_distribnode0_RP0_CPU0,0,0,obt-collector1,60

2020-02-06 19:03:52.827000+00:00,leaf4,sg1,,L2VPN_ATOM,0/RP0/CPU0,0,L2VPN_ATOMnode0_RP0_CPU0,0,0,obt-collector1,120

2020-02-06 19:03:52.827000+00:00,leaf4,sg1,,bgp-default,0/RP0/CPU0,41,bgp-defaultnode0_RP0_CPU0,0,0,obt-collector1,60

2020-02-06 19:03:52.827000+00:00,leaf4,sg1,,XTC,0/RP0/CPU0,0,XTCnode0_RP0_CPU0,0,0,obt-collector1,180

2020-02-06 19:03:52.828000+00:00,leaf4,sg1,,pim6,0/RP0/CPU0,0,pim6node0_RP0_CPU0,0,0,obt-collector1,199

2020-02-06 19:03:52.828000+00:00,leaf4,sg1,,ipv4_static,0/RP0/CPU0,0,ipv4_staticnode0_RP0_CPU0,0,0,obt-collector1,60

2020-02-06 19:03:52.828000+00:00,leaf4,sg1,,pim,0/RP0/CPU0,0,pimnode0_RP0_CPU0,0,0,obt-collector1,199

2020-02-06 19:03:52.828000+00:00,leaf4,sg1,,object_tracking,0/RP0/CPU0,0,object_trackingnode0_RP0_CPU0,0,0,obt-collector1,199

2020-02-06 19:03:52.828000+00:00,leaf4,sg1,,tunl_gre_ma,0/RP0/CPU0,0,tunl_gre_manode0_RP0_CPU0,0,0,obt-collector1,199

2020-02-06 19:04:06.562000+00:00,leaf4,sg1,,object_tracking,0/RP0/CPU0,0,object_trackingnode0_RP0_CPU0,0,0,obt-collector1,199

2020-02-06 19:04:06.562000+00:00,leaf4,sg1,,XTC,0/RP0/CPU0,0,XTCnode0_RP0_CPU0,0,0,obt-collector1,180

2020-02-06 19:04:06.562000+00:00,leaf4,sg1,,L2VPN_ATOM,0/RP0/CPU0,0,L2VPN_ATOMnode0_RP0_CPU0,0,0,obt-collector1,120

2020-02-06 19:04:06.562000+00:00,leaf4,sg1,,bundlemgr_distrib,0/RP0/CPU0,0,bundlemgr_distribnode0_RP0_CPU0,0,0,obt-collector1,60

2020-02-06 19:04:06.562000+00:00,leaf4,sg1,,bgp-default,0/RP0/CPU0,41,bgp-defaultnode0_RP0_CPU0,0,0,obt-collector1,60

2020-02-06 19:04:06.562000+00:00,leaf4,sg1,,pim,0/RP0/CPU0,0,pimnode0_RP0_CPU0,0,0,obt-collector1,199

2020-02-06 19:04:06.562000+00:00,leaf4,sg1,,pim6,0/RP0/CPU0,0,pim6node0_RP0_CPU0,0,0,obt-collector1,199

2020-02-06 19:04:06.562000+00:00,leaf4,sg1,,ipv4_static,0/RP0/CPU0,0,ipv4_staticnode0_RP0_CPU0,0,0,obt-collector1,60

2020-02-06 19:04:06.563000+00:00,leaf4,sg1,,tunl_gre_ma,0/RP0/CPU0,0,tunl_gre_manode0_RP0_CPU0,0,0,obt-collector1,199

2020-02-06 19:04:13.297000+00:00,leaf4,sg1,,L2VPN_ATOM,0/RP0/CPU0,0,L2VPN_ATOMnode0_RP0_CPU0,0,0,obt-collector1,120

2020-02-06 19:04:13.298000+00:00,leaf4,sg1,,tunl_gre_ma,0/RP0/CPU0,0,tunl_gre_manode0_RP0_CPU0,0,0,obt-collector1,199

2020-02-06 19:04:13.298000+00:00,leaf4,sg1,,ipv4_static,0/RP0/CPU0,0,ipv4_staticnode0_RP0_CPU0,0,0,obt-collector1,60

2020-02-06 19:04:13.298000+00:00,leaf4,sg1,,pim6,0/RP0/CPU0,0,pim6node0_RP0_CPU0,0,0,obt-collector1,199

2020-02-06 19:04:13.298000+00:00,leaf4,sg1,,object_tracking,0/RP0/CPU0,0,object_trackingnode0_RP0_CPU0,0,0,obt-collector1,199

2020-02-06 19:04:13.298000+00:00,leaf4,sg1,,XTC,0/RP0/CPU0,0,XTCnode0_RP0_CPU0,0,0,obt-collector1,180

2020-02-06 19:04:13.298000+00:00,leaf4,sg1,,pim,0/RP0/CPU0,0,pimnode0_RP0_CPU0,0,0,obt-collector1,199

2020-02-06 19:04:13.298000+00:00,leaf4,sg1,,bundlemgr_distrib,0/RP0/CPU0,0,bundlemgr_distribnode0_RP0_CPU0,0,0,obt-collector1,60

2020-02-06 19:04:13.298000+00:00,leaf4,sg1,,bgp-default,0/RP0/CPU0,41,bgp-defaultnode0_RP0_CPU0,0,0,obt-collector1,60

2020-02-06 19:04:37.848000+00:00,leaf4,sg1,,bundlemgr_distrib,0/RP0/CPU0,0,bundlemgr_distribnode0_RP0_CPU0,0,0,obt-collector1,60

2020-02-06 19:04:37.848000+00:00,leaf4,sg1,,bgp-default,0/RP0/CPU0,41,bgp-defaultnode0_RP0_CPU0,0,0,obt-collector1,60

2020-02-06 19:04:37.848000+00:00,leaf4,sg1,,pim6,0/RP0/CPU0,0,pim6node0_RP0_CPU0,0,0,obt-collector1,199

2020-02-06 19:04:37.848000+00:00,leaf4,sg1,,L2VPN_ATOM,0/RP0/CPU0,0,L2VPN_ATOMnode0_RP0_CPU0,0,0,obt-collector1,120

2020-02-06 19:04:37.848000+00:00,leaf4,sg1,,ipv4_static,0/RP0/CPU0,0,ipv4_staticnode0_RP0_CPU0,0,0,obt-collector1,60

2020-02-06 19:04:37.848000+00:00,leaf4,sg1,,pim,0/RP0/CPU0,0,pimnode0_RP0_CPU0,0,0,obt-collector1,199

2020-02-06 19:04:37.848000+00:00,leaf4,sg1,,object_tracking,0/RP0/CPU0,0,object_trackingnode0_RP0_CPU0,0,0,obt-collector1,199

2020-02-06 19:04:37.848000+00:00,leaf4,sg1,,XTC,0/RP0/CPU0,0,XTCnode0_RP0_CPU0,0,0,obt-collector1,180

2020-02-06 19:04:37.849000+00:00,leaf4,sg1,,tunl_gre_ma,0/RP0/CPU0,0,tunl_gre_manode0_RP0_CPU0,0,0,obt-collector1,199

2020-02-06 19:04:51.628000+00:00,leaf4,sg1,,bundlemgr_distrib,0/RP0/CPU0,0,bundlemgr_distribnode0_RP0_CPU0,0,0,obt-collector1,60

2020-02-06 19:04:51.628000+00:00,leaf4,sg1,,XTC,0/RP0/CPU0,0,XTCnode0_RP0_CPU0,0,0,obt-collector1,180

2020-02-06 19:04:51.628000+00:00,leaf4,sg1,,bgp-default,0/RP0/CPU0,41,bgp-defaultnode0_RP0_CPU0,0,0,obt-collector1,60

2020-02-06 19:04:51.628000+00:00,leaf4,sg1,,L2VPN_ATOM,0/RP0/CPU0,0,L2VPN_ATOMnode0_RP0_CPU0,0,0,obt-collector1,120

2020-02-06 19:04:51.628000+00:00,leaf4,sg1,,ipv4_static,0/RP0/CPU0,0,ipv4_staticnode0_RP0_CPU0,0,0,obt-collector1,60

2020-02-06 19:04:51.629000+00:00,leaf4,sg1,,object_tracking,0/RP0/CPU0,0,object_trackingnode0_RP0_CPU0,0,0,obt-collector1,199

2020-02-06 19:04:51.629000+00:00,leaf4,sg1,,pim6,0/RP0/CPU0,0,pim6node0_RP0_CPU0,0,0,obt-collector1,199

2020-02-06 19:04:51.629000+00:00,leaf4,sg1,,tunl_gre_ma,0/RP0/CPU0,0,tunl_gre_manode0_RP0_CPU0,0,0,obt-collector1,199

2020-02-06 19:04:51.629000+00:00,leaf4,sg1,,pim,0/RP0/CPU0,0,pimnode0_RP0_CPU0,0,0,obt-collector1,199

2020-02-06 19:04:55.101000+00:00,leaf4,sg1,,object_tracking,0/RP0/CPU0,0,object_trackingnode0_RP0_CPU0,0,0,obt-collector1,199

2020-02-06 19:04:55.101000+00:00,leaf4,sg1,,pim,0/RP0/CPU0,0,pimnode0_RP0_CPU0,0,0,obt-collector1,199

2020-02-06 19:04:55.101000+00:00,leaf4,sg1,,L2VPN_ATOM,0/RP0/CPU0,0,L2VPN_ATOMnode0_RP0_CPU0,0,0,obt-collector1,120

2020-02-06 19:04:55.101000+00:00,leaf4,sg1,,bundlemgr_distrib,0/RP0/CPU0,0,bundlemgr_distribnode0_RP0_CPU0,0,0,obt-collector1,60

2020-02-06 19:04:55.101000+00:00,leaf4,sg1,,ipv4_static,0/RP0/CPU0,0,ipv4_staticnode0_RP0_CPU0,0,0,obt-collector1,60

2020-02-06 19:04:55.101000+00:00,leaf4,sg1,,pim6,0/RP0/CPU0,0,pim6node0_RP0_CPU0,0,0,obt-collector1,199

2020-02-06 19:04:55.101000+00:00,leaf4,sg1,,bgp-default,0/RP0/CPU0,41,bgp-defaultnode0_RP0_CPU0,0,0,obt-collector1,60

2020-02-06 19:04:55.101000+00:00,leaf4,sg1,,XTC,0/RP0/CPU0,0,XTCnode0_RP0_CPU0,0,0,obt-collector1,180

2020-02-06 19:04:55.102000+00:00,leaf4,sg1,,tunl_gre_ma,0/RP0/CPU0,0,tunl_gre_manode0_RP0_CPU0,0,0,obt-collector1,199

2020-02-06 19:05:01.673000+00:00,leaf4,sg1,,L2VPN_ATOM,0/RP0/CPU0,0,L2VPN_ATOMnode0_RP0_CPU0,0,0,obt-collector1,120

2020-02-06 19:05:01.674000+00:00,leaf4,sg1,,tunl_gre_ma,0/RP0/CPU0,0,tunl_gre_manode0_RP0_CPU0,0,0,obt-collector1,199

2020-02-06 19:05:01.674000+00:00,leaf4,sg1,,XTC,0/RP0/CPU0,0,XTCnode0_RP0_CPU0,0,0,obt-collector1,180

2020-02-06 19:05:01.674000+00:00,leaf4,sg1,,bgp-default,0/RP0/CPU0,41,bgp-defaultnode0_RP0_CPU0,0,0,obt-collector1,60

2020-02-06 19:05:01.674000+00:00,leaf4,sg1,,object_tracking,0/RP0/CPU0,0,object_trackingnode0_RP0_CPU0,0,0,obt-collector1,199

2020-02-06 19:05:01.674000+00:00,leaf4,sg1,,pim,0/RP0/CPU0,0,pimnode0_RP0_CPU0,0,0,obt-collector1,199

2020-02-06 19:05:01.674000+00:00,leaf4,sg1,,pim6,0/RP0/CPU0,0,pim6node0_RP0_CPU0,0,0,obt-collector1,199

2020-02-06 19:05:01.674000+00:00,leaf4,sg1,,bundlemgr_distrib,0/RP0/CPU0,0,bundlemgr_distribnode0_RP0_CPU0,0,0,obt-collector1,60

2020-02-06 19:05:01.674000+00:00,leaf4,sg1,,ipv4_static,0/RP0/CPU0,0,ipv4_staticnode0_RP0_CPU0,0,0,obt-collector1,60

2020-02-06 19:05:08.242000+00:00,leaf4,sg1,,bundlemgr_distrib,0/RP0/CPU0,0,bundlemgr_distribnode0_RP0_CPU0,0,0,obt-collector1,60

2020-02-06 19:05:08.242000+00:00,leaf4,sg1,,ipv4_static,0/RP0/CPU0,0,ipv4_staticnode0_RP0_CPU0,0,0,obt-collector1,60

2020-02-06 19:05:08.242000+00:00,leaf4,sg1,,bgp-default,0/RP0/CPU0,41,bgp-defaultnode0_RP0_CPU0,0,0,obt-collector1,60

2020-02-06 19:05:08.242000+00:00,leaf4,sg1,,L2VPN_ATOM,0/RP0/CPU0,0,L2VPN_ATOMnode0_RP0_CPU0,0,0,obt-collector1,120

2020-02-06 19:05:08.242000+00:00,leaf4,sg1,,XTC,0/RP0/CPU0,0,XTCnode0_RP0_CPU0,0,0,obt-collector1,180

2020-02-06 19:05:08.242000+00:00,leaf4,sg1,,pim6,0/RP0/CPU0,0,pim6node0_RP0_CPU0,0,0,obt-collector1,199

2020-02-06 19:05:08.242000+00:00,leaf4,sg1,,object_tracking,0/RP0/CPU0,0,object_trackingnode0_RP0_CPU0,0,0,obt-collector1,199

2020-02-06 19:05:08.243000+00:00,leaf4,sg1,,tunl_gre_ma,0/RP0/CPU0,0,tunl_gre_manode0_RP0_CPU0,0,0,obt-collector1,199

2020-02-06 19:05:08.243000+00:00,leaf4,sg1,,pim,0/RP0/CPU0,0,pimnode0_RP0_CPU0,0,0,obt-collector1,199

2020-02-06 19:05:38.212000+00:00,leaf4,sg1,,tunl_gre_ma,0/RP0/CPU0,0,tunl_gre_manode0_RP0_CPU0,0,0,obt-collector1,199

2020-02-06 19:05:38.212000+00:00,leaf4,sg1,,pim,0/RP0/CPU0,0,pimnode0_RP0_CPU0,0,0,obt-collector1,199

2020-02-06 19:05:38.212000+00:00,leaf4,sg1,,pim6,0/RP0/CPU0,0,pim6node0_RP0_CPU0,0,0,obt-collector1,199

2020-02-06 19:05:38.212000+00:00,leaf4,sg1,,bgp-default,0/RP0/CPU0,41,bgp-defaultnode0_RP0_CPU0,0,0,obt-collector1,60

2020-02-06 19:05:38.212000+00:00,leaf4,sg1,,bundlemgr_distrib,0/RP0/CPU0,0,bundlemgr_distribnode0_RP0_CPU0,0,0,obt-collector1,60

2020-02-06 19:05:38.212000+00:00,leaf4,sg1,,ipv4_static,0/RP0/CPU0,0,ipv4_staticnode0_RP0_CPU0,0,0,obt-collector1,60

2020-02-06 19:05:38.212000+00:00,leaf4,sg1,,object_tracking,0/RP0/CPU0,0,object_trackingnode0_RP0_CPU0,0,0,obt-collector1,199

2020-02-06 19:05:38.212000+00:00,leaf4,sg1,,L2VPN_ATOM,0/RP0/CPU0,0,L2VPN_ATOMnode0_RP0_CPU0,0,0,obt-collector1,120

2020-02-06 19:05:38.212000+00:00,leaf4,sg1,,XTC,0/RP0/CPU0,0,XTCnode0_RP0_CPU0,0,0,obt-collector1,180

2020-02-06 19:05:44.827000+00:00,leaf4,sg1,,L2VPN_ATOM,0/RP0/CPU0,0,L2VPN_ATOMnode0_RP0_CPU0,0,0,obt-collector1,120

2020-02-06 19:05:44.827000+00:00,leaf4,sg1,,XTC,0/RP0/CPU0,0,XTCnode0_RP0_CPU0,0,0,obt-collector1,180

2020-02-06 19:05:44.827000+00:00,leaf4,sg1,,bgp-default,0/RP0/CPU0,41,bgp-defaultnode0_RP0_CPU0,0,0,obt-collector1,60

2020-02-06 19:05:44.827000+00:00,leaf4,sg1,,pim6,0/RP0/CPU0,0,pim6node0_RP0_CPU0,0,0,obt-collector1,199

2020-02-06 19:05:44.827000+00:00,leaf4,sg1,,object_tracking,0/RP0/CPU0,0,object_trackingnode0_RP0_CPU0,0,0,obt-collector1,199

2020-02-06 19:05:44.827000+00:00,leaf4,sg1,,bundlemgr_distrib,0/RP0/CPU0,0,bundlemgr_distribnode0_RP0_CPU0,0,0,obt-collector1,60

2020-02-06 19:05:44.827000+00:00,leaf4,sg1,,ipv4_static,0/RP0/CPU0,0,ipv4_staticnode0_RP0_CPU0,0,0,obt-collector1,60

2020-02-06 19:05:44.828000+00:00,leaf4,sg1,,tunl_gre_ma,0/RP0/CPU0,0,tunl_gre_manode0_RP0_CPU0,0,0,obt-collector1,199

2020-02-06 19:05:44.828000+00:00,leaf4,sg1,,pim,0/RP0/CPU0,0,pimnode0_RP0_CPU0,0,0,obt-collector1,199

2020-02-06 19:05:55.047000+00:00,leaf4,sg1,,ipv4_static,0/RP0/CPU0,0,ipv4_staticnode0_RP0_CPU0,0,0,obt-collector1,60

2020-02-06 19:05:55.047000+00:00,leaf4,sg1,,XTC,0/RP0/CPU0,0,XTCnode0_RP0_CPU0,0,0,obt-collector1,180

2020-02-06 19:05:55.047000+00:00,leaf4,sg1,,L2VPN_ATOM,0/RP0/CPU0,0,L2VPN_ATOMnode0_RP0_CPU0,0,0,obt-collector1,120

2020-02-06 19:05:55.047000+00:00,leaf4,sg1,,bundlemgr_distrib,0/RP0/CPU0,0,bundlemgr_distribnode0_RP0_CPU0,0,0,obt-collector1,60

2020-02-06 19:05:55.047000+00:00,leaf4,sg1,,object_tracking,0/RP0/CPU0,0,object_trackingnode0_RP0_CPU0,0,0,obt-collector1,199

2020-02-06 19:05:55.047000+00:00,leaf4,sg1,,bgp-default,0/RP0/CPU0,41,bgp-defaultnode0_RP0_CPU0,0,0,obt-collector1,60

2020-02-06 19:05:55.047000+00:00,leaf4,sg1,,pim6,0/RP0/CPU0,0,pim6node0_RP0_CPU0,0,0,obt-collector1,199

2020-02-06 19:05:55.048000+00:00,leaf4,sg1,,pim,0/RP0/CPU0,0,pimnode0_RP0_CPU0,0,0,obt-collector1,199

2020-02-06 19:05:55.048000+00:00,leaf4,sg1,,tunl_gre_ma,0/RP0/CPU0,0,tunl_gre_manode0_RP0_CPU0,0,0,obt-collector1,199

2020-02-06 19:05:58.230000+00:00,leaf4,sg1,,XTC,0/RP0/CPU0,0,XTCnode0_RP0_CPU0,0,0,obt-collector1,180

2020-02-06 19:05:58.230000+00:00,leaf4,sg1,,L2VPN_ATOM,0/RP0/CPU0,0,L2VPN_ATOMnode0_RP0_CPU0,0,0,obt-collector1,120

2020-02-06 19:05:58.231000+00:00,leaf4,sg1,,pim,0/RP0/CPU0,0,pimnode0_RP0_CPU0,0,0,obt-collector1,199

2020-02-06 19:05:58.231000+00:00,leaf4,sg1,,pim6,0/RP0/CPU0,0,pim6node0_RP0_CPU0,0,0,obt-collector1,199

2020-02-06 19:05:58.231000+00:00,leaf4,sg1,,bgp-default,0/RP0/CPU0,41,bgp-defaultnode0_RP0_CPU0,0,0,obt-collector1,60

2020-02-06 19:05:58.231000+00:00,leaf4,sg1,,ipv4_static,0/RP0/CPU0,0,ipv4_staticnode0_RP0_CPU0,0,0,obt-collector1,60

2020-02-06 19:05:58.231000+00:00,leaf4,sg1,,tunl_gre_ma,0/RP0/CPU0,0,tunl_gre_manode0_RP0_CPU0,0,0,obt-collector1,199

2020-02-06 19:05:58.231000+00:00,leaf4,sg1,,object_tracking,0/RP0/CPU0,0,object_trackingnode0_RP0_CPU0,0,0,obt-collector1,199

2020-02-06 19:05:58.231000+00:00,leaf4,sg1,,bundlemgr_distrib,0/RP0/CPU0,0,bundlemgr_distribnode0_RP0_CPU0,0,0,obt-collector1,60

2020-02-06 19:06:08.174000+00:00,leaf4,sg1,,L2VPN_ATOM,0/RP0/CPU0,0,L2VPN_ATOMnode0_RP0_CPU0,0,0,obt-collector1,120

2020-02-06 19:06:08.174000+00:00,leaf4,sg1,,XTC,0/RP0/CPU0,0,XTCnode0_RP0_CPU0,0,0,obt-collector1,180

2020-02-06 19:06:08.174000+00:00,leaf4,sg1,,bundlemgr_distrib,0/RP0/CPU0,0,bundlemgr_distribnode0_RP0_CPU0,0,0,obt-collector1,60

2020-02-06 19:06:08.174000+00:00,leaf4,sg1,,bgp-default,0/RP0/CPU0,41,bgp-defaultnode0_RP0_CPU0,0,0,obt-collector1,60

2020-02-06 19:06:08.175000+00:00,leaf4,sg1,,object_tracking,0/RP0/CPU0,0,object_trackingnode0_RP0_CPU0,0,0,obt-collector1,199

2020-02-06 19:06:08.175000+00:00,leaf4,sg1,,pim6,0/RP0/CPU0,0,pim6node0_RP0_CPU0,0,0,obt-collector1,199

2020-02-06 19:06:08.175000+00:00,leaf4,sg1,,pim,0/RP0/CPU0,0,pimnode0_RP0_CPU0,0,0,obt-collector1,199

2020-02-06 19:06:08.175000+00:00,leaf4,sg1,,tunl_gre_ma,0/RP0/CPU0,0,tunl_gre_manode0_RP0_CPU0,0,0,obt-collector1,199

2020-02-06 19:06:08.175000+00:00,leaf4,sg1,,ipv4_static,0/RP0/CPU0,0,ipv4_staticnode0_RP0_CPU0,0,0,obt-collector1,60

2020-02-06 19:06:11.379000+00:00,leaf4,sg1,,object_tracking,0/RP0/CPU0,0,object_trackingnode0_RP0_CPU0,0,0,obt-collector1,199

2020-02-06 19:06:11.379000+00:00,leaf4,sg1,,ipv4_static,0/RP0/CPU0,0,ipv4_staticnode0_RP0_CPU0,0,0,obt-collector1,60

2020-02-06 19:06:11.379000+00:00,leaf4,sg1,,bundlemgr_distrib,0/RP0/CPU0,0,bundlemgr_distribnode0_RP0_CPU0,0,0,obt-collector1,60

2020-02-06 19:06:11.379000+00:00,leaf4,sg1,,L2VPN_ATOM,0/RP0/CPU0,0,L2VPN_ATOMnode0_RP0_CPU0,0,0,obt-collector1,120

2020-02-06 19:06:11.379000+00:00,leaf4,sg1,,bgp-default,0/RP0/CPU0,41,bgp-defaultnode0_RP0_CPU0,0,0,obt-collector1,60

2020-02-06 19:06:11.379000+00:00,leaf4,sg1,,XTC,0/RP0/CPU0,0,XTCnode0_RP0_CPU0,0,0,obt-collector1,180

2020-02-06 19:06:11.379000+00:00,leaf4,sg1,,pim6,0/RP0/CPU0,0,pim6node0_RP0_CPU0,0,0,obt-collector1,199

2020-02-06 19:06:11.380000+00:00,leaf4,sg1,,tunl_gre_ma,0/RP0/CPU0,0,tunl_gre_manode0_RP0_CPU0,0,0,obt-collector1,199

2020-02-06 19:06:11.380000+00:00,leaf4,sg1,,pim,0/RP0/CPU0,0,pimnode0_RP0_CPU0,0,0,obt-collector1,199

2020-02-06 19:06:17.790000+00:00,leaf4,sg1,,L2VPN_ATOM,0/RP0/CPU0,0,L2VPN_ATOMnode0_RP0_CPU0,0,0,obt-collector1,120

2020-02-06 19:06:17.791000+00:00,leaf4,sg1,,pim,0/RP0/CPU0,0,pimnode0_RP0_CPU0,0,0,obt-collector1,199

2020-02-06 19:06:17.791000+00:00,leaf4,sg1,,tunl_gre_ma,0/RP0/CPU0,0,tunl_gre_manode0_RP0_CPU0,0,0,obt-collector1,199

2020-02-06 19:06:17.791000+00:00,leaf4,sg1,,XTC,0/RP0/CPU0,0,XTCnode0_RP0_CPU0,0,0,obt-collector1,180

2020-02-06 19:06:17.791000+00:00,leaf4,sg1,,object_tracking,0/RP0/CPU0,0,object_trackingnode0_RP0_CPU0,0,0,obt-collector1,199

2020-02-06 19:06:17.791000+00:00,leaf4,sg1,,ipv4_static,0/RP0/CPU0,0,ipv4_staticnode0_RP0_CPU0,0,0,obt-collector1,60

2020-02-06 19:06:17.791000+00:00,leaf4,sg1,,pim6,0/RP0/CPU0,0,pim6node0_RP0_CPU0,0,0,obt-collector1,199

2020-02-06 19:06:17.791000+00:00,leaf4,sg1,,bgp-default,0/RP0/CPU0,41,bgp-defaultnode0_RP0_CPU0,0,0,obt-collector1,60

2020-02-06 19:06:17.791000+00:00,leaf4,sg1,,bundlemgr_distrib,0/RP0/CPU0,0,bundlemgr_distribnode0_RP0_CPU0,0,0,obt-collector1,60

2020-02-06 19:06:27.514000+00:00,leaf4,sg1,,bgp-default,0/RP0/CPU0,41,bgp-defaultnode0_RP0_CPU0,0,0,obt-collector1,60

2020-02-06 19:06:27.514000+00:00,leaf4,sg1,,bundlemgr_distrib,0/RP0/CPU0,0,bundlemgr_distribnode0_RP0_CPU0,0,0,obt-collector1,60

2020-02-06 19:06:27.514000+00:00,leaf4,sg1,,XTC,0/RP0/CPU0,0,XTCnode0_RP0_CPU0,0,0,obt-collector1,180

2020-02-06 19:06:27.514000+00:00,leaf4,sg1,,L2VPN_ATOM,0/RP0/CPU0,0,L2VPN_ATOMnode0_RP0_CPU0,0,0,obt-collector1,120

2020-02-06 19:06:27.515000+00:00,leaf4,sg1,,pim,0/RP0/CPU0,0,pimnode0_RP0_CPU0,0,0,obt-collector1,199

2020-02-06 19:06:27.515000+00:00,leaf4,sg1,,tunl_gre_ma,0/RP0/CPU0,0,tunl_gre_manode0_RP0_CPU0,0,0,obt-collector1,199

2020-02-06 19:06:27.515000+00:00,leaf4,sg1,,pim6,0/RP0/CPU0,0,pim6node0_RP0_CPU0,0,0,obt-collector1,199

2020-02-06 19:06:27.515000+00:00,leaf4,sg1,,object_tracking,0/RP0/CPU0,0,object_trackingnode0_RP0_CPU0,0,0,obt-collector1,199

2020-02-06 19:06:27.515000+00:00,leaf4,sg1,,ipv4_static,0/RP0/CPU0,0,ipv4_staticnode0_RP0_CPU0,0,0,obt-collector1,60

2020-02-06 19:06:30.717000+00:00,leaf4,sg1,,object_tracking,0/RP0/CPU0,0,object_trackingnode0_RP0_CPU0,0,0,obt-collector1,199

2020-02-06 19:06:30.717000+00:00,leaf4,sg1,,ipv4_static,0/RP0/CPU0,0,ipv4_staticnode0_RP0_CPU0,0,0,obt-collector1,60

2020-02-06 19:06:30.717000+00:00,leaf4,sg1,,L2VPN_ATOM,0/RP0/CPU0,0,L2VPN_ATOMnode0_RP0_CPU0,0,0,obt-collector1,120

2020-02-06 19:06:30.717000+00:00,leaf4,sg1,,bundlemgr_distrib,0/RP0/CPU0,0,bundlemgr_distribnode0_RP0_CPU0,0,0,obt-collector1,60

2020-02-06 19:06:30.717000+00:00,leaf4,sg1,,bgp-default,0/RP0/CPU0,41,bgp-defaultnode0_RP0_CPU0,0,0,obt-collector1,60

2020-02-06 19:06:30.717000+00:00,leaf4,sg1,,XTC,0/RP0/CPU0,0,XTCnode0_RP0_CPU0,0,0,obt-collector1,180

2020-02-06 19:06:30.717000+00:00,leaf4,sg1,,pim6,0/RP0/CPU0,0,pim6node0_RP0_CPU0,0,0,obt-collector1,199

2020-02-06 19:06:30.717000+00:00,leaf4,sg1,,pim,0/RP0/CPU0,0,pimnode0_RP0_CPU0,0,0,obt-collector1,199

2020-02-06 19:06:30.717000+00:00,leaf4,sg1,,tunl_gre_ma,0/RP0/CPU0,0,tunl_gre_manode0_RP0_CPU0,0,0,obt-collector1,199

2020-02-06 19:06:37.292000+00:00,leaf4,sg1,,bundlemgr_distrib,0/RP0/CPU0,0,bundlemgr_distribnode0_RP0_CPU0,0,0,obt-collector1,60

2020-02-06 19:06:37.292000+00:00,leaf4,sg1,,ipv4_static,0/RP0/CPU0,0,ipv4_staticnode0_RP0_CPU0,0,0,obt-collector1,60

2020-02-06 19:06:37.292000+00:00,leaf4,sg1,,L2VPN_ATOM,0/RP0/CPU0,0,L2VPN_ATOMnode0_RP0_CPU0,0,0,obt-collector1,120

2020-02-06 19:06:37.292000+00:00,leaf4,sg1,,bgp-default,0/RP0/CPU0,41,bgp-defaultnode0_RP0_CPU0,0,0,obt-collector1,60

2020-02-06 19:06:37.292000+00:00,leaf4,sg1,,XTC,0/RP0/CPU0,0,XTCnode0_RP0_CPU0,0,0,obt-collector1,180

2020-02-06 19:06:37.293000+00:00,leaf4,sg1,,pim,0/RP0/CPU0,0,pimnode0_RP0_CPU0,0,0,obt-collector1,199

2020-02-06 19:06:37.293000+00:00,leaf4,sg1,,object_tracking,0/RP0/CPU0,0,object_trackingnode0_RP0_CPU0,0,0,obt-collector1,199

2020-02-06 19:06:37.293000+00:00,leaf4,sg1,,tunl_gre_ma,0/RP0/CPU0,0,tunl_gre_manode0_RP0_CPU0,0,0,obt-collector1,199

2020-02-06 19:06:37.293000+00:00,leaf4,sg1,,pim6,0/RP0/CPU0,0,pim6node0_RP0_CPU0,0,0,obt-collector1,199

2020-02-06 19:06:41.276000+00:00,leaf4,sg1,,pim,0/RP0/CPU0,0,pimnode0_RP0_CPU0,0,0,obt-collector1,199

2020-02-06 19:06:41.276000+00:00,leaf4,sg1,,pim6,0/RP0/CPU0,0,pim6node0_RP0_CPU0,0,0,obt-collector1,199

2020-02-06 19:06:41.276000+00:00,leaf4,sg1,,bgp-default,0/RP0/CPU0,41,bgp-defaultnode0_RP0_CPU0,0,0,obt-collector1,60

2020-02-06 19:06:41.276000+00:00,leaf4,sg1,,bundlemgr_distrib,0/RP0/CPU0,0,bundlemgr_distribnode0_RP0_CPU0,0,0,obt-collector1,60

2020-02-06 19:06:41.276000+00:00,leaf4,sg1,,XTC,0/RP0/CPU0,0,XTCnode0_RP0_CPU0,0,0,obt-collector1,180

2020-02-06 19:06:41.276000+00:00,leaf4,sg1,,object_tracking,0/RP0/CPU0,0,object_trackingnode0_RP0_CPU0,0,0,obt-collector1,199

2020-02-06 19:06:41.276000+00:00,leaf4,sg1,,L2VPN_ATOM,0/RP0/CPU0,0,L2VPN_ATOMnode0_RP0_CPU0,0,0,obt-collector1,120

2020-02-06 19:06:41.276000+00:00,leaf4,sg1,,ipv4_static,0/RP0/CPU0,0,ipv4_staticnode0_RP0_CPU0,0,0,obt-collector1,60

2020-02-06 19:06:41.277000+00:00,leaf4,sg1,,tunl_gre_ma,0/RP0/CPU0,0,tunl_gre_manode0_RP0_CPU0,0,0,obt-collector1,199

2020-02-06 19:07:14.966000+00:00,leaf4,sg1,,ipv4_static,0/RP0/CPU0,0,ipv4_staticnode0_RP0_CPU0,0,0,obt-collector1,60

2020-02-06 19:07:14.966000+00:00,leaf4,sg1,,tunl_gre_ma,0/RP0/CPU0,0,tunl_gre_manode0_RP0_CPU0,0,0,obt-collector1,199

2020-02-06 19:07:14.966000+00:00,leaf4,sg1,,L2VPN_ATOM,0/RP0/CPU0,0,L2VPN_ATOMnode0_RP0_CPU0,0,0,obt-collector1,120

2020-02-06 19:07:14.966000+00:00,leaf4,sg1,,bgp-default,0/RP0/CPU0,41,bgp-defaultnode0_RP0_CPU0,0,0,obt-collector1,60

2020-02-06 19:07:14.966000+00:00,leaf4,sg1,,pim,0/RP0/CPU0,0,pimnode0_RP0_CPU0,0,0,obt-collector1,199

2020-02-06 19:07:14.966000+00:00,leaf4,sg1,,pim6,0/RP0/CPU0,0,pim6node0_RP0_CPU0,0,0,obt-collector1,199

2020-02-06 19:07:14.966000+00:00,leaf4,sg1,,object_tracking,0/RP0/CPU0,0,object_trackingnode0_RP0_CPU0,0,0,obt-collector1,199

2020-02-06 19:07:14.966000+00:00,leaf4,sg1,,bundlemgr_distrib,0/RP0/CPU0,0,bundlemgr_distribnode0_RP0_CPU0,0,0,obt-collector1,60

2020-02-06 19:07:14.966000+00:00,leaf4,sg1,,XTC,0/RP0/CPU0,0,XTCnode0_RP0_CPU0,0,0,obt-collector1,180

2020-02-06 19:07:18.381000+00:00,leaf4,sg1,,bundlemgr_distrib,0/RP0/CPU0,0,bundlemgr_distribnode0_RP0_CPU0,0,0,obt-collector1,60

2020-02-06 19:07:18.381000+00:00,leaf4,sg1,,XTC,0/RP0/CPU0,0,XTCnode0_RP0_CPU0,0,0,obt-collector1,180

2020-02-06 19:07:18.381000+00:00,leaf4,sg1,,bgp-default,0/RP0/CPU0,41,bgp-defaultnode0_RP0_CPU0,0,0,obt-collector1,60

2020-02-06 19:07:18.381000+00:00,leaf4,sg1,,ipv4_static,0/RP0/CPU0,0,ipv4_staticnode0_RP0_CPU0,0,0,obt-collector1,60

2020-02-06 19:07:18.381000+00:00,leaf4,sg1,,L2VPN_ATOM,0/RP0/CPU0,0,L2VPN_ATOMnode0_RP0_CPU0,0,0,obt-collector1,120

2020-02-06 19:07:18.382000+00:00,leaf4,sg1,,tunl_gre_ma,0/RP0/CPU0,0,tunl_gre_manode0_RP0_CPU0,0,0,obt-collector1,199

2020-02-06 19:07:18.382000+00:00,leaf4,sg1,,object_tracking,0/RP0/CPU0,0,object_trackingnode0_RP0_CPU0,0,0,obt-collector1,199

2020-02-06 19:07:18.382000+00:00,leaf4,sg1,,pim,0/RP0/CPU0,0,pimnode0_RP0_CPU0,0,0,obt-collector1,199

2020-02-06 19:07:18.382000+00:00,leaf4,sg1,,pim6,0/RP0/CPU0,0,pim6node0_RP0_CPU0,0,0,obt-collector1,199

2020-02-06 19:07:21.681000+00:00,leaf4,sg1,,pim,0/RP0/CPU0,0,pimnode0_RP0_CPU0,0,0,obt-collector1,199

2020-02-06 19:07:21.681000+00:00,leaf4,sg1,,pim6,0/RP0/CPU0,0,pim6node0_RP0_CPU0,0,0,obt-collector1,199

2020-02-06 19:07:21.681000+00:00,leaf4,sg1,,ipv4_static,0/RP0/CPU0,0,ipv4_staticnode0_RP0_CPU0,0,0,obt-collector1,60

2020-02-06 19:07:21.681000+00:00,leaf4,sg1,,bgp-default,0/RP0/CPU0,41,bgp-defaultnode0_RP0_CPU0,0,0,obt-collector1,60

2020-02-06 19:07:21.681000+00:00,leaf4,sg1,,bundlemgr_distrib,0/RP0/CPU0,0,bundlemgr_distribnode0_RP0_CPU0,0,0,obt-collector1,60

2020-02-06 19:07:21.681000+00:00,leaf4,sg1,,XTC,0/RP0/CPU0,0,XTCnode0_RP0_CPU0,0,0,obt-collector1,180

2020-02-06 19:07:21.681000+00:00,leaf4,sg1,,object_tracking,0/RP0/CPU0,0,object_trackingnode0_RP0_CPU0,0,0,obt-collector1,199

2020-02-06 19:07:21.681000+00:00,leaf4,sg1,,L2VPN_ATOM,0/RP0/CPU0,0,L2VPN_ATOMnode0_RP0_CPU0,0,0,obt-collector1,120

2020-02-06 19:07:21.681000+00:00,leaf4,sg1,,tunl_gre_ma,0/RP0/CPU0,0,tunl_gre_manode0_RP0_CPU0,0,0,obt-collector1,199

2020-02-06 19:07:28.590000+00:00,leaf4,sg1,,L2VPN_ATOM,0/RP0/CPU0,0,L2VPN_ATOMnode0_RP0_CPU0,0,0,obt-collector1,120

2020-02-06 19:07:28.590000+00:00,leaf4,sg1,,bgp-default,0/RP0/CPU0,41,bgp-defaultnode0_RP0_CPU0,0,0,obt-collector1,60

2020-02-06 19:07:28.590000+00:00,leaf4,sg1,,ipv4_static,0/RP0/CPU0,0,ipv4_staticnode0_RP0_CPU0,0,0,obt-collector1,60

2020-02-06 19:07:28.590000+00:00,leaf4,sg1,,object_tracking,0/RP0/CPU0,0,object_trackingnode0_RP0_CPU0,0,0,obt-collector1,199

2020-02-06 19:07:28.590000+00:00,leaf4,sg1,,bundlemgr_distrib,0/RP0/CPU0,0,bundlemgr_distribnode0_RP0_CPU0,0,0,obt-collector1,60

2020-02-06 19:07:28.590000+00:00,leaf4,sg1,,XTC,0/RP0/CPU0,0,XTCnode0_RP0_CPU0,0,0,obt-collector1,180

2020-02-06 19:07:28.591000+00:00,leaf4,sg1,,tunl_gre_ma,0/RP0/CPU0,0,tunl_gre_manode0_RP0_CPU0,0,0,obt-collector1,199

2020-02-06 19:07:28.591000+00:00,leaf4,sg1,,pim,0/RP0/CPU0,0,pimnode0_RP0_CPU0,0,0,obt-collector1,199

2020-02-06 19:07:28.591000+00:00,leaf4,sg1,,pim6,0/RP0/CPU0,0,pim6node0_RP0_CPU0,0,0,obt-collector1,199

2020-02-06 19:07:31.952000+00:00,leaf4,sg1,,bundlemgr_distrib,0/RP0/CPU0,0,bundlemgr_distribnode0_RP0_CPU0,0,0,obt-collector1,60

2020-02-06 19:07:31.952000+00:00,leaf4,sg1,,L2VPN_ATOM,0/RP0/CPU0,0,L2VPN_ATOMnode0_RP0_CPU0,0,0,obt-collector1,120

2020-02-06 19:07:31.952000+00:00,leaf4,sg1,,XTC,0/RP0/CPU0,0,XTCnode0_RP0_CPU0,0,0,obt-collector1,180

2020-02-06 19:07:31.952000+00:00,leaf4,sg1,,bgp-default,0/RP0/CPU0,41,bgp-defaultnode0_RP0_CPU0,0,0,obt-collector1,60

2020-02-06 19:07:31.953000+00:00,leaf4,sg1,,pim,0/RP0/CPU0,0,pimnode0_RP0_CPU0,0,0,obt-collector1,199

2020-02-06 19:07:31.953000+00:00,leaf4,sg1,,tunl_gre_ma,0/RP0/CPU0,0,tunl_gre_manode0_RP0_CPU0,0,0,obt-collector1,199

2020-02-06 19:07:31.953000+00:00,leaf4,sg1,,pim6,0/RP0/CPU0,0,pim6node0_RP0_CPU0,0,0,obt-collector1,199

2020-02-06 19:07:31.953000+00:00,leaf4,sg1,,object_tracking,0/RP0/CPU0,0,object_trackingnode0_RP0_CPU0,0,0,obt-collector1,199

2020-02-06 19:07:31.953000+00:00,leaf4,sg1,,ipv4_static,0/RP0/CPU0,0,ipv4_staticnode0_RP0_CPU0,0,0,obt-collector1,60

2020-02-06 19:07:35.300000+00:00,leaf4,sg1,,object_tracking,0/RP0/CPU0,0,object_trackingnode0_RP0_CPU0,0,0,obt-collector1,199

2020-02-06 19:07:35.300000+00:00,leaf4,sg1,,ipv4_static,0/RP0/CPU0,0,ipv4_staticnode0_RP0_CPU0,0,0,obt-collector1,60

2020-02-06 19:07:35.300000+00:00,leaf4,sg1,,pim,0/RP0/CPU0,0,pimnode0_RP0_CPU0,0,0,obt-collector1,199

2020-02-06 19:07:35.300000+00:00,leaf4,sg1,,XTC,0/RP0/CPU0,0,XTCnode0_RP0_CPU0,0,0,obt-collector1,180

2020-02-06 19:07:35.300000+00:00,leaf4,sg1,,bundlemgr_distrib,0/RP0/CPU0,0,bundlemgr_distribnode0_RP0_CPU0,0,0,obt-collector1,60

2020-02-06 19:07:35.300000+00:00,leaf4,sg1,,bgp-default,0/RP0/CPU0,41,bgp-defaultnode0_RP0_CPU0,0,0,obt-collector1,60

2020-02-06 19:07:35.300000+00:00,leaf4,sg1,,pim6,0/RP0/CPU0,0,pim6node0_RP0_CPU0,0,0,obt-collector1,199

2020-02-06 19:07:35.300000+00:00,leaf4,sg1,,L2VPN_ATOM,0/RP0/CPU0,0,L2VPN_ATOMnode0_RP0_CPU0,0,0,obt-collector1,120

2020-02-06 19:07:35.300000+00:00,leaf4,sg1,,tunl_gre_ma,0/RP0/CPU0,0,tunl_gre_manode0_RP0_CPU0,0,0,obt-collector1,199

2020-02-06 19:07:56.199000+00:00,leaf4,sg1,,L2VPN_ATOM,0/RP0/CPU0,0,L2VPN_ATOMnode0_RP0_CPU0,0,0,obt-collector1,120

2020-02-06 19:07:56.199000+00:00,leaf4,sg1,,XTC,0/RP0/CPU0,0,XTCnode0_RP0_CPU0,0,0,obt-collector1,180

2020-02-06 19:07:56.199000+00:00,leaf4,sg1,,bgp-default,0/RP0/CPU0,41,bgp-defaultnode0_RP0_CPU0,0,0,obt-collector1,60

2020-02-06 19:07:56.200000+00:00,leaf4,sg1,,tunl_gre_ma,0/RP0/CPU0,0,tunl_gre_manode0_RP0_CPU0,0,0,obt-collector1,199

2020-02-06 19:07:56.200000+00:00,leaf4,sg1,,object_tracking,0/RP0/CPU0,0,object_trackingnode0_RP0_CPU0,0,0,obt-collector1,199

2020-02-06 19:07:56.200000+00:00,leaf4,sg1,,pim,0/RP0/CPU0,0,pimnode0_RP0_CPU0,0,0,obt-collector1,199

2020-02-06 19:07:56.200000+00:00,leaf4,sg1,,pim6,0/RP0/CPU0,0,pim6node0_RP0_CPU0,0,0,obt-collector1,199

2020-02-06 19:07:56.200000+00:00,leaf4,sg1,,bundlemgr_distrib,0/RP0/CPU0,0,bundlemgr_distribnode0_RP0_CPU0,0,0,obt-collector1,60

2020-02-06 19:07:56.200000+00:00,leaf4,sg1,,ipv4_static,0/RP0/CPU0,0,ipv4_staticnode0_RP0_CPU0,0,0,obt-collector1,60

2020-02-06 19:08:05.819000+00:00,leaf4,sg1,,bundlemgr_distrib,0/RP0/CPU0,0,bundlemgr_distribnode0_RP0_CPU0,0,0,obt-collector1,60

2020-02-06 19:08:05.819000+00:00,leaf4,sg1,,ipv4_static,0/RP0/CPU0,0,ipv4_staticnode0_RP0_CPU0,0,0,obt-collector1,60

2020-02-06 19:08:05.819000+00:00,leaf4,sg1,,XTC,0/RP0/CPU0,0,XTCnode0_RP0_CPU0,0,0,obt-collector1,180

2020-02-06 19:08:05.819000+00:00,leaf4,sg1,,L2VPN_ATOM,0/RP0/CPU0,0,L2VPN_ATOMnode0_RP0_CPU0,0,0,obt-collector1,120

2020-02-06 19:08:05.819000+00:00,leaf4,sg1,,bgp-default,0/RP0/CPU0,41,bgp-defaultnode0_RP0_CPU0,0,0,obt-collector1,60

2020-02-06 19:08:05.819000+00:00,leaf4,sg1,,object_tracking,0/RP0/CPU0,0,object_trackingnode0_RP0_CPU0,0,0,obt-collector1,199

2020-02-06 19:08:05.820000+00:00,leaf4,sg1,,tunl_gre_ma,0/RP0/CPU0,0,tunl_gre_manode0_RP0_CPU0,0,0,obt-collector1,199

2020-02-06 19:08:05.820000+00:00,leaf4,sg1,,pim6,0/RP0/CPU0,0,pim6node0_RP0_CPU0,0,0,obt-collector1,199

2020-02-06 19:08:05.820000+00:00,leaf4,sg1,,pim,0/RP0/CPU0,0,pimnode0_RP0_CPU0,0,0,obt-collector1,199

