,Producer,Target,host,node-name,protocol-name,sesa-num-client,sesa-pl-sum/sep-num-ecd-pathlist,sesa-pl-sum/sep-num-ecd-pl-per-interest/entry,sesa-pl-sum/sep-num-ecd-pl-unresolved

2020-02-06 18:55:14.859000+00:00,leaf4,sg4,obt-collector1,0/0/CPU0,ipv4,9,21,0,0

2020-02-06 18:55:14.860000+00:00,leaf4,sg4,obt-collector1,0/0/CPU0,ipv6,6,20,0,0

2020-02-06 18:55:14.861000+00:00,leaf4,sg4,obt-collector1,0/0/CPU0,mpls,0,0,0,0

2020-02-06 18:55:14.867000+00:00,leaf4,sg4,obt-collector1,0/RP0/CPU0,ipv4,8,0,0,0

2020-02-06 18:55:14.868000+00:00,leaf4,sg4,obt-collector1,0/RP0/CPU0,ipv6,2,0,0,0

2020-02-06 18:55:14.869000+00:00,leaf4,sg4,obt-collector1,0/RP0/CPU0,mpls,0,0,0,0

2020-02-06 18:56:04.969000+00:00,leaf4,sg4,obt-collector1,0/0/CPU0,ipv4,9,21,0,0

2020-02-06 18:56:04.970000+00:00,leaf4,sg4,obt-collector1,0/0/CPU0,ipv6,6,20,0,0

2020-02-06 18:56:04.972000+00:00,leaf4,sg4,obt-collector1,0/0/CPU0,mpls,0,0,0,0

2020-02-06 18:56:04.980000+00:00,leaf4,sg4,obt-collector1,0/RP0/CPU0,ipv4,8,0,0,0

2020-02-06 18:56:04.981000+00:00,leaf4,sg4,obt-collector1,0/RP0/CPU0,ipv6,2,0,0,0

2020-02-06 18:56:04.982000+00:00,leaf4,sg4,obt-collector1,0/RP0/CPU0,mpls,0,0,0,0

2020-02-06 18:56:21.124000+00:00,leaf4,sg4,obt-collector1,0/0/CPU0,ipv4,9,21,0,0

2020-02-06 18:56:21.125000+00:00,leaf4,sg4,obt-collector1,0/0/CPU0,ipv6,6,20,0,0

2020-02-06 18:56:21.126000+00:00,leaf4,sg4,obt-collector1,0/0/CPU0,mpls,0,0,0,0

2020-02-06 18:56:21.130000+00:00,leaf4,sg4,obt-collector1,0/RP0/CPU0,ipv4,8,0,0,0

2020-02-06 18:56:21.131000+00:00,leaf4,sg4,obt-collector1,0/RP0/CPU0,ipv6,2,0,0,0

2020-02-06 18:56:21.132000+00:00,leaf4,sg4,obt-collector1,0/RP0/CPU0,mpls,0,0,0,0

2020-02-06 18:56:38.322000+00:00,leaf4,sg4,obt-collector1,0/0/CPU0,ipv4,9,21,0,0

2020-02-06 18:56:38.324000+00:00,leaf4,sg4,obt-collector1,0/0/CPU0,ipv6,6,20,0,0

2020-02-06 18:56:38.325000+00:00,leaf4,sg4,obt-collector1,0/0/CPU0,mpls,0,0,0,0

2020-02-06 18:56:38.328000+00:00,leaf4,sg4,obt-collector1,0/RP0/CPU0,ipv4,8,0,0,0

2020-02-06 18:56:38.329000+00:00,leaf4,sg4,obt-collector1,0/RP0/CPU0,ipv6,2,0,0,0

2020-02-06 18:56:38.330000+00:00,leaf4,sg4,obt-collector1,0/RP0/CPU0,mpls,0,0,0,0

2020-02-06 18:57:10.859000+00:00,leaf4,sg4,obt-collector1,0/0/CPU0,ipv4,9,21,0,0

2020-02-06 18:57:10.861000+00:00,leaf4,sg4,obt-collector1,0/0/CPU0,ipv6,6,20,0,0

2020-02-06 18:57:10.862000+00:00,leaf4,sg4,obt-collector1,0/0/CPU0,mpls,0,0,0,0

2020-02-06 18:57:10.865000+00:00,leaf4,sg4,obt-collector1,0/RP0/CPU0,ipv4,8,0,0,0

2020-02-06 18:57:10.866000+00:00,leaf4,sg4,obt-collector1,0/RP0/CPU0,ipv6,2,0,0,0

2020-02-06 18:57:10.867000+00:00,leaf4,sg4,obt-collector1,0/RP0/CPU0,mpls,0,0,0,0

2020-02-06 18:57:30.726000+00:00,leaf4,sg4,obt-collector1,0/0/CPU0,ipv4,9,21,0,0

2020-02-06 18:57:30.727000+00:00,leaf4,sg4,obt-collector1,0/0/CPU0,ipv6,6,20,0,0

2020-02-06 18:57:30.728000+00:00,leaf4,sg4,obt-collector1,0/0/CPU0,mpls,0,0,0,0

2020-02-06 18:57:30.731000+00:00,leaf4,sg4,obt-collector1,0/RP0/CPU0,ipv4,8,0,0,0

2020-02-06 18:57:30.732000+00:00,leaf4,sg4,obt-collector1,0/RP0/CPU0,ipv6,2,0,0,0

2020-02-06 18:57:30.733000+00:00,leaf4,sg4,obt-collector1,0/RP0/CPU0,mpls,0,0,0,0

2020-02-06 18:57:50.406000+00:00,leaf4,sg4,obt-collector1,0/0/CPU0,ipv4,9,21,0,0

2020-02-06 18:57:50.407000+00:00,leaf4,sg4,obt-collector1,0/0/CPU0,ipv6,6,20,0,0

2020-02-06 18:57:50.408000+00:00,leaf4,sg4,obt-collector1,0/0/CPU0,mpls,0,0,0,0

2020-02-06 18:57:50.411000+00:00,leaf4,sg4,obt-collector1,0/RP0/CPU0,ipv4,8,0,0,0

2020-02-06 18:57:50.412000+00:00,leaf4,sg4,obt-collector1,0/RP0/CPU0,ipv6,2,0,0,0

2020-02-06 18:57:50.413000+00:00,leaf4,sg4,obt-collector1,0/RP0/CPU0,mpls,0,0,0,0

2020-02-06 18:57:53.604000+00:00,leaf4,sg4,obt-collector1,0/0/CPU0,ipv4,9,21,0,0

2020-02-06 18:57:53.606000+00:00,leaf4,sg4,obt-collector1,0/0/CPU0,ipv6,6,20,0,0

2020-02-06 18:57:53.607000+00:00,leaf4,sg4,obt-collector1,0/0/CPU0,mpls,0,0,0,0

2020-02-06 18:57:53.610000+00:00,leaf4,sg4,obt-collector1,0/RP0/CPU0,ipv4,8,0,0,0

2020-02-06 18:57:53.611000+00:00,leaf4,sg4,obt-collector1,0/RP0/CPU0,ipv6,2,0,0,0

2020-02-06 18:57:53.612000+00:00,leaf4,sg4,obt-collector1,0/RP0/CPU0,mpls,0,0,0,0

2020-02-06 18:57:57.173000+00:00,leaf4,sg4,obt-collector1,0/0/CPU0,ipv4,9,21,0,0

2020-02-06 18:57:57.174000+00:00,leaf4,sg4,obt-collector1,0/0/CPU0,ipv6,6,20,0,0

2020-02-06 18:57:57.176000+00:00,leaf4,sg4,obt-collector1,0/0/CPU0,mpls,0,0,0,0

2020-02-06 18:57:57.179000+00:00,leaf4,sg4,obt-collector1,0/RP0/CPU0,ipv4,8,0,0,0

2020-02-06 18:57:57.180000+00:00,leaf4,sg4,obt-collector1,0/RP0/CPU0,ipv6,2,0,0,0

2020-02-06 18:57:57.181000+00:00,leaf4,sg4,obt-collector1,0/RP0/CPU0,mpls,0,0,0,0

2020-02-06 18:58:00.614000+00:00,leaf4,sg4,obt-collector1,0/0/CPU0,ipv4,9,21,0,0

2020-02-06 18:58:00.615000+00:00,leaf4,sg4,obt-collector1,0/0/CPU0,ipv6,6,20,0,0

2020-02-06 18:58:00.617000+00:00,leaf4,sg4,obt-collector1,0/0/CPU0,mpls,0,0,0,0

2020-02-06 18:58:00.626000+00:00,leaf4,sg4,obt-collector1,0/RP0/CPU0,ipv4,8,0,0,0

2020-02-06 18:58:00.627000+00:00,leaf4,sg4,obt-collector1,0/RP0/CPU0,ipv6,2,0,0,0

2020-02-06 18:58:00.628000+00:00,leaf4,sg4,obt-collector1,0/RP0/CPU0,mpls,0,0,0,0

2020-02-06 18:58:04.206000+00:00,leaf4,sg4,obt-collector1,0/0/CPU0,ipv4,9,21,0,0

2020-02-06 18:58:04.207000+00:00,leaf4,sg4,obt-collector1,0/0/CPU0,ipv6,6,20,0,0

2020-02-06 18:58:04.208000+00:00,leaf4,sg4,obt-collector1,0/0/CPU0,mpls,0,0,0,0

2020-02-06 18:58:04.211000+00:00,leaf4,sg4,obt-collector1,0/RP0/CPU0,ipv4,8,0,0,0

2020-02-06 18:58:04.212000+00:00,leaf4,sg4,obt-collector1,0/RP0/CPU0,ipv6,2,0,0,0

2020-02-06 18:58:04.213000+00:00,leaf4,sg4,obt-collector1,0/RP0/CPU0,mpls,0,0,0,0

2020-02-06 18:58:10.903000+00:00,leaf4,sg4,obt-collector1,0/0/CPU0,ipv4,9,21,0,0

2020-02-06 18:58:10.904000+00:00,leaf4,sg4,obt-collector1,0/0/CPU0,ipv6,6,20,0,0

2020-02-06 18:58:10.907000+00:00,leaf4,sg4,obt-collector1,0/0/CPU0,mpls,0,0,0,0

2020-02-06 18:58:10.910000+00:00,leaf4,sg4,obt-collector1,0/RP0/CPU0,ipv4,8,0,0,0

2020-02-06 18:58:10.911000+00:00,leaf4,sg4,obt-collector1,0/RP0/CPU0,ipv6,2,0,0,0

2020-02-06 18:58:10.912000+00:00,leaf4,sg4,obt-collector1,0/RP0/CPU0,mpls,0,0,0,0

2020-02-06 18:58:17.507000+00:00,leaf4,sg4,obt-collector1,0/0/CPU0,ipv4,9,21,0,0

2020-02-06 18:58:17.508000+00:00,leaf4,sg4,obt-collector1,0/0/CPU0,ipv6,6,20,0,0

2020-02-06 18:58:17.510000+00:00,leaf4,sg4,obt-collector1,0/0/CPU0,mpls,0,0,0,0

2020-02-06 18:58:17.513000+00:00,leaf4,sg4,obt-collector1,0/RP0/CPU0,ipv4,8,0,0,0

2020-02-06 18:58:17.514000+00:00,leaf4,sg4,obt-collector1,0/RP0/CPU0,ipv6,2,0,0,0

2020-02-06 18:58:17.515000+00:00,leaf4,sg4,obt-collector1,0/RP0/CPU0,mpls,0,0,0,0

2020-02-06 18:58:38.760000+00:00,leaf4,sg4,obt-collector1,0/0/CPU0,ipv4,9,21,0,0

2020-02-06 18:58:38.762000+00:00,leaf4,sg4,obt-collector1,0/0/CPU0,ipv6,6,20,0,0

2020-02-06 18:58:38.763000+00:00,leaf4,sg4,obt-collector1,0/0/CPU0,mpls,0,0,0,0

2020-02-06 18:58:38.766000+00:00,leaf4,sg4,obt-collector1,0/RP0/CPU0,ipv4,8,0,0,0

2020-02-06 18:58:38.767000+00:00,leaf4,sg4,obt-collector1,0/RP0/CPU0,ipv6,2,0,0,0

2020-02-06 18:58:38.768000+00:00,leaf4,sg4,obt-collector1,0/RP0/CPU0,mpls,0,0,0,0

2020-02-06 18:58:42.173000+00:00,leaf4,sg4,obt-collector1,0/0/CPU0,ipv4,9,21,0,0

2020-02-06 18:58:42.174000+00:00,leaf4,sg4,obt-collector1,0/0/CPU0,ipv6,6,20,0,0

2020-02-06 18:58:42.175000+00:00,leaf4,sg4,obt-collector1,0/0/CPU0,mpls,0,0,0,0

2020-02-06 18:58:42.179000+00:00,leaf4,sg4,obt-collector1,0/RP0/CPU0,ipv4,8,0,0,0

2020-02-06 18:58:42.184000+00:00,leaf4,sg4,obt-collector1,0/RP0/CPU0,ipv6,2,0,0,0

2020-02-06 18:58:42.185000+00:00,leaf4,sg4,obt-collector1,0/RP0/CPU0,mpls,0,0,0,0

2020-02-06 18:58:48.879000+00:00,leaf4,sg4,obt-collector1,0/0/CPU0,ipv4,9,21,0,0

2020-02-06 18:58:48.880000+00:00,leaf4,sg4,obt-collector1,0/0/CPU0,ipv6,6,20,0,0

2020-02-06 18:58:48.882000+00:00,leaf4,sg4,obt-collector1,0/0/CPU0,mpls,0,0,0,0

2020-02-06 18:58:48.885000+00:00,leaf4,sg4,obt-collector1,0/RP0/CPU0,ipv4,8,0,0,0

2020-02-06 18:58:48.886000+00:00,leaf4,sg4,obt-collector1,0/RP0/CPU0,ipv6,2,0,0,0

2020-02-06 18:58:48.887000+00:00,leaf4,sg4,obt-collector1,0/RP0/CPU0,mpls,0,0,0,0

2020-02-06 18:59:18.282000+00:00,leaf4,sg4,obt-collector1,0/0/CPU0,ipv4,9,21,0,0

2020-02-06 18:59:18.283000+00:00,leaf4,sg4,obt-collector1,0/0/CPU0,ipv6,6,20,0,0

2020-02-06 18:59:18.284000+00:00,leaf4,sg4,obt-collector1,0/0/CPU0,mpls,0,0,0,0

2020-02-06 18:59:18.289000+00:00,leaf4,sg4,obt-collector1,0/RP0/CPU0,ipv4,8,0,0,0

2020-02-06 18:59:18.290000+00:00,leaf4,sg4,obt-collector1,0/RP0/CPU0,ipv6,2,0,0,0

2020-02-06 18:59:18.291000+00:00,leaf4,sg4,obt-collector1,0/RP0/CPU0,mpls,0,0,0,0

2020-02-06 18:59:48.606000+00:00,leaf4,sg4,obt-collector1,0/0/CPU0,ipv4,9,21,0,0

2020-02-06 18:59:48.607000+00:00,leaf4,sg4,obt-collector1,0/0/CPU0,ipv6,6,20,0,0

2020-02-06 18:59:48.608000+00:00,leaf4,sg4,obt-collector1,0/0/CPU0,mpls,0,0,0,0

2020-02-06 18:59:48.611000+00:00,leaf4,sg4,obt-collector1,0/RP0/CPU0,ipv4,8,0,0,0

2020-02-06 18:59:48.612000+00:00,leaf4,sg4,obt-collector1,0/RP0/CPU0,ipv6,2,0,0,0

2020-02-06 18:59:48.613000+00:00,leaf4,sg4,obt-collector1,0/RP0/CPU0,mpls,0,0,0,0

2020-02-06 18:59:51.859000+00:00,leaf4,sg4,obt-collector1,0/0/CPU0,ipv4,9,21,0,0

2020-02-06 18:59:51.860000+00:00,leaf4,sg4,obt-collector1,0/0/CPU0,ipv6,6,20,0,0

2020-02-06 18:59:51.861000+00:00,leaf4,sg4,obt-collector1,0/0/CPU0,mpls,0,0,0,0

2020-02-06 18:59:51.864000+00:00,leaf4,sg4,obt-collector1,0/RP0/CPU0,ipv4,8,0,0,0

2020-02-06 18:59:51.865000+00:00,leaf4,sg4,obt-collector1,0/RP0/CPU0,ipv6,2,0,0,0

2020-02-06 18:59:51.866000+00:00,leaf4,sg4,obt-collector1,0/RP0/CPU0,mpls,0,0,0,0

2020-02-06 18:59:55.105000+00:00,leaf4,sg4,obt-collector1,0/0/CPU0,ipv4,9,21,0,0

2020-02-06 18:59:55.106000+00:00,leaf4,sg4,obt-collector1,0/0/CPU0,ipv6,6,20,0,0

2020-02-06 18:59:55.107000+00:00,leaf4,sg4,obt-collector1,0/0/CPU0,mpls,0,0,0,0

2020-02-06 18:59:55.110000+00:00,leaf4,sg4,obt-collector1,0/RP0/CPU0,ipv4,8,0,0,0

2020-02-06 18:59:55.111000+00:00,leaf4,sg4,obt-collector1,0/RP0/CPU0,ipv6,2,0,0,0

2020-02-06 18:59:55.112000+00:00,leaf4,sg4,obt-collector1,0/RP0/CPU0,mpls,0,0,0,0

2020-02-06 19:00:01.591000+00:00,leaf4,sg4,obt-collector1,0/0/CPU0,ipv4,9,21,0,0

2020-02-06 19:00:01.592000+00:00,leaf4,sg4,obt-collector1,0/0/CPU0,ipv6,6,20,0,0

2020-02-06 19:00:01.593000+00:00,leaf4,sg4,obt-collector1,0/0/CPU0,mpls,0,0,0,0

2020-02-06 19:00:01.597000+00:00,leaf4,sg4,obt-collector1,0/RP0/CPU0,ipv4,8,0,0,0

2020-02-06 19:00:01.598000+00:00,leaf4,sg4,obt-collector1,0/RP0/CPU0,ipv6,2,0,0,0

2020-02-06 19:00:01.599000+00:00,leaf4,sg4,obt-collector1,0/RP0/CPU0,mpls,0,0,0,0

2020-02-06 19:00:08.199000+00:00,leaf4,sg4,obt-collector1,0/0/CPU0,ipv4,9,21,0,0

2020-02-06 19:00:08.200000+00:00,leaf4,sg4,obt-collector1,0/0/CPU0,ipv6,6,20,0,0

2020-02-06 19:00:08.201000+00:00,leaf4,sg4,obt-collector1,0/0/CPU0,mpls,0,0,0,0

2020-02-06 19:00:08.204000+00:00,leaf4,sg4,obt-collector1,0/RP0/CPU0,ipv4,8,0,0,0

2020-02-06 19:00:08.205000+00:00,leaf4,sg4,obt-collector1,0/RP0/CPU0,ipv6,2,0,0,0

2020-02-06 19:00:08.207000+00:00,leaf4,sg4,obt-collector1,0/RP0/CPU0,mpls,0,0,0,0

2020-02-06 19:00:11.576000+00:00,leaf4,sg4,obt-collector1,0/0/CPU0,ipv4,9,21,0,0

2020-02-06 19:00:11.578000+00:00,leaf4,sg4,obt-collector1,0/0/CPU0,ipv6,6,20,0,0

2020-02-06 19:00:11.579000+00:00,leaf4,sg4,obt-collector1,0/0/CPU0,mpls,0,0,0,0

2020-02-06 19:00:11.582000+00:00,leaf4,sg4,obt-collector1,0/RP0/CPU0,ipv4,8,0,0,0

2020-02-06 19:00:11.583000+00:00,leaf4,sg4,obt-collector1,0/RP0/CPU0,ipv6,2,0,0,0

2020-02-06 19:00:11.584000+00:00,leaf4,sg4,obt-collector1,0/RP0/CPU0,mpls,0,0,0,0

2020-02-06 19:00:21.129000+00:00,leaf4,sg4,obt-collector1,0/0/CPU0,ipv4,9,21,0,0

2020-02-06 19:00:21.130000+00:00,leaf4,sg4,obt-collector1,0/0/CPU0,ipv6,6,20,0,0

2020-02-06 19:00:21.131000+00:00,leaf4,sg4,obt-collector1,0/0/CPU0,mpls,0,0,0,0

2020-02-06 19:00:21.135000+00:00,leaf4,sg4,obt-collector1,0/RP0/CPU0,ipv4,8,0,0,0

2020-02-06 19:00:21.136000+00:00,leaf4,sg4,obt-collector1,0/RP0/CPU0,ipv6,2,0,0,0

2020-02-06 19:00:21.137000+00:00,leaf4,sg4,obt-collector1,0/RP0/CPU0,mpls,0,0,0,0

2020-02-06 19:00:38.086000+00:00,leaf4,sg4,obt-collector1,0/0/CPU0,ipv4,9,21,0,0

2020-02-06 19:00:38.087000+00:00,leaf4,sg4,obt-collector1,0/0/CPU0,ipv6,6,20,0,0

2020-02-06 19:00:38.088000+00:00,leaf4,sg4,obt-collector1,0/0/CPU0,mpls,0,0,0,0

2020-02-06 19:00:38.091000+00:00,leaf4,sg4,obt-collector1,0/RP0/CPU0,ipv4,8,0,0,0

2020-02-06 19:00:38.092000+00:00,leaf4,sg4,obt-collector1,0/RP0/CPU0,ipv6,2,0,0,0

2020-02-06 19:00:38.093000+00:00,leaf4,sg4,obt-collector1,0/RP0/CPU0,mpls,0,0,0,0

2020-02-06 19:01:01.335000+00:00,leaf4,sg4,obt-collector1,0/0/CPU0,ipv4,9,21,0,0

2020-02-06 19:01:01.337000+00:00,leaf4,sg4,obt-collector1,0/0/CPU0,ipv6,6,20,0,0

2020-02-06 19:01:01.338000+00:00,leaf4,sg4,obt-collector1,0/0/CPU0,mpls,0,0,0,0

2020-02-06 19:01:01.341000+00:00,leaf4,sg4,obt-collector1,0/RP0/CPU0,ipv4,8,0,0,0

2020-02-06 19:01:01.342000+00:00,leaf4,sg4,obt-collector1,0/RP0/CPU0,ipv6,2,0,0,0

2020-02-06 19:01:01.344000+00:00,leaf4,sg4,obt-collector1,0/RP0/CPU0,mpls,0,0,0,0

2020-02-06 19:01:04.749000+00:00,leaf4,sg4,obt-collector1,0/0/CPU0,ipv4,9,21,0,0

2020-02-06 19:01:04.750000+00:00,leaf4,sg4,obt-collector1,0/0/CPU0,ipv6,6,20,0,0

2020-02-06 19:01:04.752000+00:00,leaf4,sg4,obt-collector1,0/0/CPU0,mpls,0,0,0,0

2020-02-06 19:01:04.755000+00:00,leaf4,sg4,obt-collector1,0/RP0/CPU0,ipv4,8,0,0,0

2020-02-06 19:01:04.756000+00:00,leaf4,sg4,obt-collector1,0/RP0/CPU0,ipv6,2,0,0,0

2020-02-06 19:01:04.757000+00:00,leaf4,sg4,obt-collector1,0/RP0/CPU0,mpls,0,0,0,0

2020-02-06 19:01:08.073000+00:00,leaf4,sg4,obt-collector1,0/0/CPU0,ipv4,9,21,0,0

2020-02-06 19:01:08.074000+00:00,leaf4,sg4,obt-collector1,0/0/CPU0,ipv6,6,20,0,0

2020-02-06 19:01:08.075000+00:00,leaf4,sg4,obt-collector1,0/0/CPU0,mpls,0,0,0,0

2020-02-06 19:01:08.079000+00:00,leaf4,sg4,obt-collector1,0/RP0/CPU0,ipv4,8,0,0,0

2020-02-06 19:01:08.080000+00:00,leaf4,sg4,obt-collector1,0/RP0/CPU0,ipv6,2,0,0,0

2020-02-06 19:01:08.081000+00:00,leaf4,sg4,obt-collector1,0/RP0/CPU0,mpls,0,0,0,0

2020-02-06 19:01:14.854000+00:00,leaf4,sg4,obt-collector1,0/0/CPU0,ipv4,9,21,0,0

2020-02-06 19:01:14.856000+00:00,leaf4,sg4,obt-collector1,0/0/CPU0,ipv6,6,20,0,0

2020-02-06 19:01:14.857000+00:00,leaf4,sg4,obt-collector1,0/0/CPU0,mpls,0,0,0,0

2020-02-06 19:01:14.860000+00:00,leaf4,sg4,obt-collector1,0/RP0/CPU0,ipv4,8,0,0,0

2020-02-06 19:01:14.861000+00:00,leaf4,sg4,obt-collector1,0/RP0/CPU0,ipv6,2,0,0,0

2020-02-06 19:01:14.862000+00:00,leaf4,sg4,obt-collector1,0/RP0/CPU0,mpls,0,0,0,0

2020-02-06 19:01:28.296000+00:00,leaf4,sg4,obt-collector1,0/0/CPU0,ipv4,9,21,0,0

2020-02-06 19:01:28.298000+00:00,leaf4,sg4,obt-collector1,0/0/CPU0,ipv6,6,20,0,0

2020-02-06 19:01:28.299000+00:00,leaf4,sg4,obt-collector1,0/0/CPU0,mpls,0,0,0,0

2020-02-06 19:01:28.302000+00:00,leaf4,sg4,obt-collector1,0/RP0/CPU0,ipv4,8,0,0,0

2020-02-06 19:01:28.303000+00:00,leaf4,sg4,obt-collector1,0/RP0/CPU0,ipv6,2,0,0,0

2020-02-06 19:01:28.304000+00:00,leaf4,sg4,obt-collector1,0/RP0/CPU0,mpls,0,0,0,0

2020-02-06 19:01:39.332000+00:00,leaf4,sg4,obt-collector1,0/0/CPU0,ipv4,9,21,0,0

2020-02-06 19:01:39.334000+00:00,leaf4,sg4,obt-collector1,0/0/CPU0,ipv6,6,20,0,0

2020-02-06 19:01:39.335000+00:00,leaf4,sg4,obt-collector1,0/0/CPU0,mpls,0,0,0,0

2020-02-06 19:01:39.339000+00:00,leaf4,sg4,obt-collector1,0/RP0/CPU0,ipv4,8,0,0,0

2020-02-06 19:01:39.340000+00:00,leaf4,sg4,obt-collector1,0/RP0/CPU0,ipv6,2,0,0,0

2020-02-06 19:01:39.341000+00:00,leaf4,sg4,obt-collector1,0/RP0/CPU0,mpls,0,0,0,0

2020-02-06 19:01:42.867000+00:00,leaf4,sg4,obt-collector1,0/0/CPU0,ipv4,9,21,0,0

2020-02-06 19:01:42.868000+00:00,leaf4,sg4,obt-collector1,0/0/CPU0,ipv6,6,20,0,0

2020-02-06 19:01:42.871000+00:00,leaf4,sg4,obt-collector1,0/0/CPU0,mpls,0,0,0,0

2020-02-06 19:01:42.874000+00:00,leaf4,sg4,obt-collector1,0/RP0/CPU0,ipv4,8,0,0,0

2020-02-06 19:01:42.875000+00:00,leaf4,sg4,obt-collector1,0/RP0/CPU0,ipv6,2,0,0,0

2020-02-06 19:01:42.876000+00:00,leaf4,sg4,obt-collector1,0/RP0/CPU0,mpls,0,0,0,0

2020-02-06 19:02:02.529000+00:00,leaf4,sg4,obt-collector1,0/0/CPU0,ipv4,9,21,0,0

2020-02-06 19:02:02.530000+00:00,leaf4,sg4,obt-collector1,0/0/CPU0,ipv6,6,20,0,0

2020-02-06 19:02:02.531000+00:00,leaf4,sg4,obt-collector1,0/0/CPU0,mpls,0,0,0,0

2020-02-06 19:02:02.534000+00:00,leaf4,sg4,obt-collector1,0/RP0/CPU0,ipv4,8,0,0,0

2020-02-06 19:02:02.536000+00:00,leaf4,sg4,obt-collector1,0/RP0/CPU0,ipv6,2,0,0,0

2020-02-06 19:02:02.537000+00:00,leaf4,sg4,obt-collector1,0/RP0/CPU0,mpls,0,0,0,0

2020-02-06 19:02:09.155000+00:00,leaf4,sg4,obt-collector1,0/0/CPU0,ipv4,9,21,0,0

2020-02-06 19:02:09.157000+00:00,leaf4,sg4,obt-collector1,0/0/CPU0,ipv6,6,20,0,0

2020-02-06 19:02:09.158000+00:00,leaf4,sg4,obt-collector1,0/0/CPU0,mpls,0,0,0,0

2020-02-06 19:02:09.161000+00:00,leaf4,sg4,obt-collector1,0/RP0/CPU0,ipv4,8,0,0,0

2020-02-06 19:02:09.162000+00:00,leaf4,sg4,obt-collector1,0/RP0/CPU0,ipv6,2,0,0,0

2020-02-06 19:02:09.163000+00:00,leaf4,sg4,obt-collector1,0/RP0/CPU0,mpls,0,0,0,0

2020-02-06 19:02:25.526000+00:00,leaf4,sg4,obt-collector1,0/0/CPU0,ipv4,9,21,0,0

2020-02-06 19:02:25.528000+00:00,leaf4,sg4,obt-collector1,0/0/CPU0,ipv6,6,20,0,0

2020-02-06 19:02:25.529000+00:00,leaf4,sg4,obt-collector1,0/0/CPU0,mpls,0,0,0,0

2020-02-06 19:02:25.532000+00:00,leaf4,sg4,obt-collector1,0/RP0/CPU0,ipv4,8,0,0,0

2020-02-06 19:02:25.533000+00:00,leaf4,sg4,obt-collector1,0/RP0/CPU0,ipv6,2,0,0,0

2020-02-06 19:02:25.542000+00:00,leaf4,sg4,obt-collector1,0/RP0/CPU0,mpls,0,0,0,0

2020-02-06 19:02:39.120000+00:00,leaf4,sg4,obt-collector1,0/0/CPU0,ipv4,9,21,0,0

2020-02-06 19:02:39.121000+00:00,leaf4,sg4,obt-collector1,0/0/CPU0,ipv6,6,20,0,0

2020-02-06 19:02:39.122000+00:00,leaf4,sg4,obt-collector1,0/0/CPU0,mpls,0,0,0,0

2020-02-06 19:02:39.125000+00:00,leaf4,sg4,obt-collector1,0/RP0/CPU0,ipv4,8,0,0,0

2020-02-06 19:02:39.126000+00:00,leaf4,sg4,obt-collector1,0/RP0/CPU0,ipv6,2,0,0,0

2020-02-06 19:02:39.127000+00:00,leaf4,sg4,obt-collector1,0/RP0/CPU0,mpls,0,0,0,0

2020-02-06 19:02:45.580000+00:00,leaf4,sg4,obt-collector1,0/0/CPU0,ipv4,9,21,0,0

2020-02-06 19:02:45.581000+00:00,leaf4,sg4,obt-collector1,0/0/CPU0,ipv6,6,20,0,0

2020-02-06 19:02:45.582000+00:00,leaf4,sg4,obt-collector1,0/0/CPU0,mpls,0,0,0,0

2020-02-06 19:02:45.585000+00:00,leaf4,sg4,obt-collector1,0/RP0/CPU0,ipv4,8,0,0,0

2020-02-06 19:02:45.586000+00:00,leaf4,sg4,obt-collector1,0/RP0/CPU0,ipv6,2,0,0,0

2020-02-06 19:02:45.587000+00:00,leaf4,sg4,obt-collector1,0/RP0/CPU0,mpls,0,0,0,0

2020-02-06 19:03:08.189000+00:00,leaf4,sg4,obt-collector1,0/0/CPU0,ipv4,9,21,0,0

2020-02-06 19:03:08.191000+00:00,leaf4,sg4,obt-collector1,0/0/CPU0,ipv6,6,20,0,0

2020-02-06 19:03:08.192000+00:00,leaf4,sg4,obt-collector1,0/0/CPU0,mpls,0,0,0,0

2020-02-06 19:03:08.195000+00:00,leaf4,sg4,obt-collector1,0/RP0/CPU0,ipv4,8,0,0,0

2020-02-06 19:03:08.196000+00:00,leaf4,sg4,obt-collector1,0/RP0/CPU0,ipv6,2,0,0,0

2020-02-06 19:03:08.198000+00:00,leaf4,sg4,obt-collector1,0/RP0/CPU0,mpls,0,0,0,0

2020-02-06 19:03:21.159000+00:00,leaf4,sg4,obt-collector1,0/0/CPU0,ipv4,9,21,0,0

2020-02-06 19:03:21.160000+00:00,leaf4,sg4,obt-collector1,0/0/CPU0,ipv6,6,20,0,0

2020-02-06 19:03:21.161000+00:00,leaf4,sg4,obt-collector1,0/0/CPU0,mpls,0,0,0,0

2020-02-06 19:03:21.164000+00:00,leaf4,sg4,obt-collector1,0/RP0/CPU0,ipv4,8,0,0,0

2020-02-06 19:03:21.165000+00:00,leaf4,sg4,obt-collector1,0/RP0/CPU0,ipv6,2,0,0,0

2020-02-06 19:03:21.166000+00:00,leaf4,sg4,obt-collector1,0/RP0/CPU0,mpls,0,0,0,0

2020-02-06 19:03:24.399000+00:00,leaf4,sg4,obt-collector1,0/0/CPU0,ipv4,9,21,0,0

2020-02-06 19:03:24.401000+00:00,leaf4,sg4,obt-collector1,0/0/CPU0,ipv6,6,20,0,0

2020-02-06 19:03:24.402000+00:00,leaf4,sg4,obt-collector1,0/0/CPU0,mpls,0,0,0,0

2020-02-06 19:03:24.405000+00:00,leaf4,sg4,obt-collector1,0/RP0/CPU0,ipv4,8,0,0,0

2020-02-06 19:03:24.407000+00:00,leaf4,sg4,obt-collector1,0/RP0/CPU0,ipv6,2,0,0,0

2020-02-06 19:03:24.409000+00:00,leaf4,sg4,obt-collector1,0/RP0/CPU0,mpls,0,0,0,0

2020-02-06 19:03:51.598000+00:00,leaf4,sg4,obt-collector1,0/0/CPU0,ipv4,9,21,0,0

2020-02-06 19:03:51.599000+00:00,leaf4,sg4,obt-collector1,0/0/CPU0,ipv6,6,20,0,0

2020-02-06 19:03:51.600000+00:00,leaf4,sg4,obt-collector1,0/0/CPU0,mpls,0,0,0,0

2020-02-06 19:03:51.603000+00:00,leaf4,sg4,obt-collector1,0/RP0/CPU0,ipv4,8,0,0,0

2020-02-06 19:03:51.605000+00:00,leaf4,sg4,obt-collector1,0/RP0/CPU0,ipv6,2,0,0,0

2020-02-06 19:03:51.606000+00:00,leaf4,sg4,obt-collector1,0/RP0/CPU0,mpls,0,0,0,0

2020-02-06 19:03:58.333000+00:00,leaf4,sg4,obt-collector1,0/0/CPU0,ipv4,9,21,0,0

2020-02-06 19:03:58.334000+00:00,leaf4,sg4,obt-collector1,0/0/CPU0,ipv6,6,20,0,0

2020-02-06 19:03:58.335000+00:00,leaf4,sg4,obt-collector1,0/0/CPU0,mpls,0,0,0,0

2020-02-06 19:03:58.338000+00:00,leaf4,sg4,obt-collector1,0/RP0/CPU0,ipv4,8,0,0,0

2020-02-06 19:03:58.339000+00:00,leaf4,sg4,obt-collector1,0/RP0/CPU0,ipv6,2,0,0,0

2020-02-06 19:03:58.340000+00:00,leaf4,sg4,obt-collector1,0/RP0/CPU0,mpls,0,0,0,0

2020-02-06 19:04:05.221000+00:00,leaf4,sg4,obt-collector1,0/0/CPU0,ipv4,9,21,0,0

2020-02-06 19:04:05.223000+00:00,leaf4,sg4,obt-collector1,0/0/CPU0,ipv6,6,20,0,0

2020-02-06 19:04:05.224000+00:00,leaf4,sg4,obt-collector1,0/0/CPU0,mpls,0,0,0,0

2020-02-06 19:04:05.227000+00:00,leaf4,sg4,obt-collector1,0/RP0/CPU0,ipv4,8,0,0,0

2020-02-06 19:04:05.228000+00:00,leaf4,sg4,obt-collector1,0/RP0/CPU0,ipv6,2,0,0,0

2020-02-06 19:04:05.229000+00:00,leaf4,sg4,obt-collector1,0/RP0/CPU0,mpls,0,0,0,0

2020-02-06 19:04:18.598000+00:00,leaf4,sg4,obt-collector1,0/0/CPU0,ipv4,9,21,0,0

2020-02-06 19:04:18.599000+00:00,leaf4,sg4,obt-collector1,0/0/CPU0,ipv6,6,20,0,0

2020-02-06 19:04:18.600000+00:00,leaf4,sg4,obt-collector1,0/0/CPU0,mpls,0,0,0,0

2020-02-06 19:04:18.603000+00:00,leaf4,sg4,obt-collector1,0/RP0/CPU0,ipv4,8,0,0,0

2020-02-06 19:04:18.604000+00:00,leaf4,sg4,obt-collector1,0/RP0/CPU0,ipv6,2,0,0,0

2020-02-06 19:04:18.605000+00:00,leaf4,sg4,obt-collector1,0/RP0/CPU0,mpls,0,0,0,0

2020-02-06 19:04:32.050000+00:00,leaf4,sg4,obt-collector1,0/0/CPU0,ipv4,9,21,0,0

2020-02-06 19:04:32.051000+00:00,leaf4,sg4,obt-collector1,0/0/CPU0,ipv6,6,20,0,0

2020-02-06 19:04:32.053000+00:00,leaf4,sg4,obt-collector1,0/0/CPU0,mpls,0,0,0,0

2020-02-06 19:04:32.056000+00:00,leaf4,sg4,obt-collector1,0/RP0/CPU0,ipv4,8,0,0,0

2020-02-06 19:04:32.057000+00:00,leaf4,sg4,obt-collector1,0/RP0/CPU0,ipv6,2,0,0,0

2020-02-06 19:04:32.058000+00:00,leaf4,sg4,obt-collector1,0/RP0/CPU0,mpls,0,0,0,0

2020-02-06 19:04:39.854000+00:00,leaf4,sg4,obt-collector1,0/0/CPU0,ipv4,9,21,0,0

2020-02-06 19:04:39.856000+00:00,leaf4,sg4,obt-collector1,0/0/CPU0,ipv6,6,20,0,0

2020-02-06 19:04:39.857000+00:00,leaf4,sg4,obt-collector1,0/0/CPU0,mpls,0,0,0,0

2020-02-06 19:04:39.860000+00:00,leaf4,sg4,obt-collector1,0/RP0/CPU0,ipv4,8,0,0,0

2020-02-06 19:04:39.861000+00:00,leaf4,sg4,obt-collector1,0/RP0/CPU0,ipv6,2,0,0,0

2020-02-06 19:04:39.863000+00:00,leaf4,sg4,obt-collector1,0/RP0/CPU0,mpls,0,0,0,0

2020-02-06 19:04:50.351000+00:00,leaf4,sg4,obt-collector1,0/0/CPU0,ipv4,9,21,0,0

2020-02-06 19:04:50.353000+00:00,leaf4,sg4,obt-collector1,0/0/CPU0,ipv6,6,20,0,0

2020-02-06 19:04:50.354000+00:00,leaf4,sg4,obt-collector1,0/0/CPU0,mpls,0,0,0,0

2020-02-06 19:04:50.356000+00:00,leaf4,sg4,obt-collector1,0/RP0/CPU0,ipv4,8,0,0,0

2020-02-06 19:04:50.357000+00:00,leaf4,sg4,obt-collector1,0/RP0/CPU0,ipv6,2,0,0,0

2020-02-06 19:04:50.358000+00:00,leaf4,sg4,obt-collector1,0/RP0/CPU0,mpls,0,0,0,0

2020-02-06 19:05:03.632000+00:00,leaf4,sg4,obt-collector1,0/0/CPU0,ipv4,9,21,0,0

2020-02-06 19:05:03.633000+00:00,leaf4,sg4,obt-collector1,0/0/CPU0,ipv6,6,20,0,0

2020-02-06 19:05:03.634000+00:00,leaf4,sg4,obt-collector1,0/0/CPU0,mpls,0,0,0,0

2020-02-06 19:05:03.637000+00:00,leaf4,sg4,obt-collector1,0/RP0/CPU0,ipv4,8,0,0,0

2020-02-06 19:05:03.639000+00:00,leaf4,sg4,obt-collector1,0/RP0/CPU0,ipv6,2,0,0,0

2020-02-06 19:05:03.640000+00:00,leaf4,sg4,obt-collector1,0/RP0/CPU0,mpls,0,0,0,0

2020-02-06 19:06:29.484000+00:00,leaf4,sg4,obt-collector1,0/0/CPU0,ipv4,9,21,0,0

2020-02-06 19:06:29.485000+00:00,leaf4,sg4,obt-collector1,0/0/CPU0,ipv6,6,20,0,0

2020-02-06 19:06:29.486000+00:00,leaf4,sg4,obt-collector1,0/0/CPU0,mpls,0,0,0,0

2020-02-06 19:06:29.489000+00:00,leaf4,sg4,obt-collector1,0/RP0/CPU0,ipv4,8,0,0,0

2020-02-06 19:06:29.490000+00:00,leaf4,sg4,obt-collector1,0/RP0/CPU0,ipv6,2,0,0,0

2020-02-06 19:06:29.491000+00:00,leaf4,sg4,obt-collector1,0/RP0/CPU0,mpls,0,0,0,0

2020-02-06 19:06:32.708000+00:00,leaf4,sg4,obt-collector1,0/0/CPU0,ipv4,9,21,0,0

2020-02-06 19:06:32.709000+00:00,leaf4,sg4,obt-collector1,0/0/CPU0,ipv6,6,20,0,0

2020-02-06 19:06:32.711000+00:00,leaf4,sg4,obt-collector1,0/0/CPU0,mpls,0,0,0,0

2020-02-06 19:06:32.714000+00:00,leaf4,sg4,obt-collector1,0/RP0/CPU0,ipv4,8,0,0,0

2020-02-06 19:06:32.715000+00:00,leaf4,sg4,obt-collector1,0/RP0/CPU0,ipv6,2,0,0,0

2020-02-06 19:06:32.716000+00:00,leaf4,sg4,obt-collector1,0/RP0/CPU0,mpls,0,0,0,0

2020-02-06 19:06:39.994000+00:00,leaf4,sg4,obt-collector1,0/0/CPU0,ipv4,9,21,0,0

2020-02-06 19:06:39.996000+00:00,leaf4,sg4,obt-collector1,0/0/CPU0,ipv6,6,20,0,0

2020-02-06 19:06:39.997000+00:00,leaf4,sg4,obt-collector1,0/0/CPU0,mpls,0,0,0,0

2020-02-06 19:06:39.999000+00:00,leaf4,sg4,obt-collector1,0/RP0/CPU0,ipv4,8,0,0,0

2020-02-06 19:06:40+00:00,leaf4,sg4,obt-collector1,0/RP0/CPU0,ipv6,2,0,0,0

2020-02-06 19:06:40.001000+00:00,leaf4,sg4,obt-collector1,0/RP0/CPU0,mpls,0,0,0,0

2020-02-06 19:06:59.945000+00:00,leaf4,sg4,obt-collector1,0/0/CPU0,ipv4,9,21,0,0

2020-02-06 19:06:59.947000+00:00,leaf4,sg4,obt-collector1,0/0/CPU0,ipv6,6,20,0,0

2020-02-06 19:06:59.948000+00:00,leaf4,sg4,obt-collector1,0/0/CPU0,mpls,0,0,0,0

2020-02-06 19:06:59.951000+00:00,leaf4,sg4,obt-collector1,0/RP0/CPU0,ipv4,8,0,0,0

2020-02-06 19:06:59.952000+00:00,leaf4,sg4,obt-collector1,0/RP0/CPU0,ipv6,2,0,0,0

2020-02-06 19:06:59.954000+00:00,leaf4,sg4,obt-collector1,0/RP0/CPU0,mpls,0,0,0,0

2020-02-06 19:07:10.235000+00:00,leaf4,sg4,obt-collector1,0/0/CPU0,ipv4,9,21,0,0

2020-02-06 19:07:10.237000+00:00,leaf4,sg4,obt-collector1,0/0/CPU0,ipv6,6,20,0,0

2020-02-06 19:07:10.238000+00:00,leaf4,sg4,obt-collector1,0/0/CPU0,mpls,0,0,0,0

2020-02-06 19:07:10.241000+00:00,leaf4,sg4,obt-collector1,0/RP0/CPU0,ipv4,8,0,0,0

2020-02-06 19:07:10.242000+00:00,leaf4,sg4,obt-collector1,0/RP0/CPU0,ipv6,2,0,0,0

2020-02-06 19:07:10.243000+00:00,leaf4,sg4,obt-collector1,0/RP0/CPU0,mpls,0,0,0,0

2020-02-06 19:07:20.386000+00:00,leaf4,sg4,obt-collector1,0/0/CPU0,ipv4,9,21,0,0

2020-02-06 19:07:20.391000+00:00,leaf4,sg4,obt-collector1,0/0/CPU0,ipv6,6,20,0,0

2020-02-06 19:07:20.392000+00:00,leaf4,sg4,obt-collector1,0/0/CPU0,mpls,0,0,0,0

2020-02-06 19:07:20.395000+00:00,leaf4,sg4,obt-collector1,0/RP0/CPU0,ipv4,8,0,0,0

2020-02-06 19:07:20.397000+00:00,leaf4,sg4,obt-collector1,0/RP0/CPU0,ipv6,2,0,0,0

2020-02-06 19:07:20.398000+00:00,leaf4,sg4,obt-collector1,0/RP0/CPU0,mpls,0,0,0,0

2020-02-06 19:07:51.629000+00:00,leaf4,sg4,obt-collector1,0/0/CPU0,ipv4,9,21,0,0

2020-02-06 19:07:51.631000+00:00,leaf4,sg4,obt-collector1,0/0/CPU0,ipv6,6,20,0,0

2020-02-06 19:07:51.632000+00:00,leaf4,sg4,obt-collector1,0/0/CPU0,mpls,0,0,0,0

2020-02-06 19:07:51.636000+00:00,leaf4,sg4,obt-collector1,0/RP0/CPU0,ipv4,8,0,0,0

2020-02-06 19:07:51.637000+00:00,leaf4,sg4,obt-collector1,0/RP0/CPU0,ipv6,2,0,0,0

2020-02-06 19:07:51.638000+00:00,leaf4,sg4,obt-collector1,0/RP0/CPU0,mpls,0,0,0,0

2020-02-06 19:08:04.573000+00:00,leaf4,sg4,obt-collector1,0/0/CPU0,ipv4,9,21,0,0

2020-02-06 19:08:04.574000+00:00,leaf4,sg4,obt-collector1,0/0/CPU0,ipv6,6,20,0,0

2020-02-06 19:08:04.575000+00:00,leaf4,sg4,obt-collector1,0/0/CPU0,mpls,0,0,0,0

2020-02-06 19:08:04.578000+00:00,leaf4,sg4,obt-collector1,0/RP0/CPU0,ipv4,8,0,0,0

2020-02-06 19:08:04.579000+00:00,leaf4,sg4,obt-collector1,0/RP0/CPU0,ipv6,2,0,0,0

2020-02-06 19:08:04.580000+00:00,leaf4,sg4,obt-collector1,0/RP0/CPU0,mpls,0,0,0,0

