,Producer,Target,host,icmp-stats/admin-unreachable-received,icmp-stats/admin-unreachable-sent,icmp-stats/checksum-error,icmp-stats/echo-reply-received,icmp-stats/echo-reply-sent,icmp-stats/echo-request-received,icmp-stats/echo-request-sent,icmp-stats/fragment-unreachable-received,icmp-stats/fragment-unreachable-sent,icmp-stats/hopcount-received,icmp-stats/hopcount-sent,icmp-stats/host-unreachable-received,icmp-stats/host-unreachable-sent,icmp-stats/mask-reply-received,icmp-stats/mask-reply-sent,icmp-stats/mask-request-received,icmp-stats/mask-request-sent,icmp-stats/network-unreachable-received,icmp-stats/network-unreachable-sent,icmp-stats/output,icmp-stats/param-error-received,icmp-stats/param-error-send,icmp-stats/port-unreachable-received,icmp-stats/port-unreachable-sent,icmp-stats/protocol-unreachable-received,icmp-stats/protocol-unreachable-sent,icmp-stats/reassebly-received,icmp-stats/reassembly-sent,icmp-stats/received,icmp-stats/redirect-received,icmp-stats/redirect-send,icmp-stats/router-advert-received,icmp-stats/router-solicit-received,icmp-stats/source-quench-received,icmp-stats/timestamp-received,icmp-stats/timestamp-reply-received,icmp-stats/unknown,ipv4-stats/bad-header,ipv4-stats/bad-hop-count,ipv4-stats/bad-option,ipv4-stats/bad-security-option,ipv4-stats/bad-source-address,ipv4-stats/basic-security-option,ipv4-stats/broadcast-in,ipv4-stats/broadcast-out,ipv4-stats/cipso-option,ipv4-stats/encapsulation-failed,ipv4-stats/end-option,ipv4-stats/extended-security-option,ipv4-stats/format-errors,ipv4-stats/fragment-count,ipv4-stats/input-packets,ipv4-stats/lisp-decap-error,ipv4-stats/lisp-encap-error,ipv4-stats/lisp-v4-decap,ipv4-stats/lisp-v4-encap,ipv4-stats/lisp-v6-decap,ipv4-stats/lisp-v6-encap,ipv4-stats/loose-source-route-option,ipv4-stats/multicast-in,ipv4-stats/multicast-out,ipv4-stats/no-gateway,ipv4-stats/no-protocol,ipv4-stats/no-router,ipv4-stats/noop-option,ipv4-stats/options-present,ipv4-stats/packet-too-big,ipv4-stats/packets-forwarded,ipv4-stats/packets-fragmented,ipv4-stats/packets-output,ipv4-stats/reassemble-failed,ipv4-stats/reassemble-input,ipv4-stats/reassemble-max-drop,ipv4-stats/reassemble-timeout,ipv4-stats/reassembled,ipv4-stats/received-packets,ipv4-stats/record-route-option,ipv4-stats/router-alert-option,ipv4-stats/sid-option,ipv4-stats/strict-source-route-option,ipv4-stats/timestamp-option,ipv4-stats/unknown-option,node-name

2020-02-06 18:54:55.827000+00:00,leaf4,sg3,obt-collector1,0,0,0,0,0,0,0,0,0,0,11,0,0,0,0,0,0,0,0,11,0,0,0,0,0,0,0,0,0,0,0,0,0,0,0,0,0,0,0,0,0,0,0,0,0,0,0,0,0,0,0,0,0,0,0,0,0,0,0,0,0,0,0,0,0,0,0,0,0,12,0,0,0,0,0,0,0,0,0,0,0,0,0/0/CPU0

2020-02-06 18:54:55.829000+00:00,leaf4,sg3,obt-collector1,0,0,0,0,843,843,0,0,0,0,0,0,0,0,0,3,0,0,5,858,0,0,10323,7,0,3,0,0,11172,0,0,0,0,0,3,0,0,0,0,0,0,0,0,0,0,0,0,0,0,0,0,8809784,0,0,0,0,0,0,0,0,0,0,3,22,0,4178,0,0,0,19714610,0,0,0,0,0,8805858,0,4178,0,0,0,0,0/RP0/CPU0

2020-02-06 18:55:06.221000+00:00,leaf4,sg3,obt-collector1,0,0,0,0,0,0,0,0,0,0,11,0,0,0,0,0,0,0,0,11,0,0,0,0,0,0,0,0,0,0,0,0,0,0,0,0,0,0,0,0,0,0,0,0,0,0,0,0,0,0,0,0,0,0,0,0,0,0,0,0,0,0,0,0,0,0,0,0,0,12,0,0,0,0,0,0,0,0,0,0,0,0,0/0/CPU0

2020-02-06 18:55:06.223000+00:00,leaf4,sg3,obt-collector1,0,0,0,0,843,843,0,0,0,0,0,0,0,0,0,3,0,0,5,858,0,0,10325,7,0,3,0,0,11174,0,0,0,0,0,3,0,0,0,0,0,0,0,0,0,0,0,0,0,0,0,0,8810263,0,0,0,0,0,0,0,0,0,0,3,22,0,4178,0,0,0,19784688,0,0,0,0,0,8806337,0,4178,0,0,0,0,0/RP0/CPU0

2020-02-06 18:55:09.566000+00:00,leaf4,sg3,obt-collector1,0,0,0,0,0,0,0,0,0,0,11,0,0,0,0,0,0,0,0,11,0,0,0,0,0,0,0,0,0,0,0,0,0,0,0,0,0,0,0,0,0,0,0,0,0,0,0,0,0,0,0,0,0,0,0,0,0,0,0,0,0,0,0,0,0,0,0,0,0,12,0,0,0,0,0,0,0,0,0,0,0,0,0/0/CPU0

2020-02-06 18:55:09.568000+00:00,leaf4,sg3,obt-collector1,0,0,0,0,843,843,0,0,0,0,0,0,0,0,0,3,0,0,5,858,0,0,10325,7,0,3,0,0,11174,0,0,0,0,0,3,0,0,0,0,0,0,0,0,0,0,0,0,0,0,0,0,8810428,0,0,0,0,0,0,0,0,0,0,3,22,0,4178,0,0,0,19807872,0,0,0,0,0,8806502,0,4178,0,0,0,0,0/RP0/CPU0

2020-02-06 18:55:16.171000+00:00,leaf4,sg3,obt-collector1,0,0,0,0,0,0,0,0,0,0,11,0,0,0,0,0,0,0,0,11,0,0,0,0,0,0,0,0,0,0,0,0,0,0,0,0,0,0,0,0,0,0,0,0,0,0,0,0,0,0,0,0,0,0,0,0,0,0,0,0,0,0,0,0,0,0,0,0,0,12,0,0,0,0,0,0,0,0,0,0,0,0,0/0/CPU0

2020-02-06 18:55:16.172000+00:00,leaf4,sg3,obt-collector1,0,0,0,0,843,843,0,0,0,0,0,0,0,0,0,3,0,0,5,858,0,0,10327,7,0,3,0,0,11176,0,0,0,0,0,3,0,0,0,0,0,0,0,0,0,0,0,0,0,0,0,0,8810718,0,0,0,0,0,0,0,0,0,0,3,22,0,4178,0,0,0,19854185,0,0,0,0,0,8806792,0,4178,0,0,0,0,0/RP0/CPU0

2020-02-06 18:55:19.490000+00:00,leaf4,sg3,obt-collector1,0,0,0,0,0,0,0,0,0,0,11,0,0,0,0,0,0,0,0,11,0,0,0,0,0,0,0,0,0,0,0,0,0,0,0,0,0,0,0,0,0,0,0,0,0,0,0,0,0,0,0,0,0,0,0,0,0,0,0,0,0,0,0,0,0,0,0,0,0,12,0,0,0,0,0,0,0,0,0,0,0,0,0/0/CPU0

2020-02-06 18:55:19.492000+00:00,leaf4,sg3,obt-collector1,0,0,0,0,843,843,0,0,0,0,0,0,0,0,0,3,0,0,5,858,0,0,10327,7,0,3,0,0,11176,0,0,0,0,0,3,0,0,0,0,0,0,0,0,0,0,0,0,0,0,0,0,8810759,0,0,0,0,0,0,0,0,0,0,3,22,0,4178,0,0,0,19877333,0,0,0,0,0,8806833,0,4178,0,0,0,0,0/RP0/CPU0

2020-02-06 18:55:26.318000+00:00,leaf4,sg3,obt-collector1,0,0,0,0,0,0,0,0,0,0,11,0,0,0,0,0,0,0,0,11,0,0,0,0,0,0,0,0,0,0,0,0,0,0,0,0,0,0,0,0,0,0,0,0,0,0,0,0,0,0,0,0,0,0,0,0,0,0,0,0,0,0,0,0,0,0,0,0,0,12,0,0,0,0,0,0,0,0,0,0,0,0,0/0/CPU0

2020-02-06 18:55:26.320000+00:00,leaf4,sg3,obt-collector1,0,0,0,0,843,843,0,0,0,0,0,0,0,0,0,3,0,0,5,858,0,0,10329,7,0,3,0,0,11178,0,0,0,0,0,3,0,0,0,0,0,0,0,0,0,0,0,0,0,0,0,0,8811190,0,0,0,0,0,0,0,0,0,0,3,22,0,4178,0,0,0,19924108,0,0,0,0,0,8807264,0,4178,0,0,0,0,0/RP0/CPU0

2020-02-06 18:55:43.187000+00:00,leaf4,sg3,obt-collector1,0,0,0,0,0,0,0,0,0,0,11,0,0,0,0,0,0,0,0,11,0,0,0,0,0,0,0,0,0,0,0,0,0,0,0,0,0,0,0,0,0,0,0,0,0,0,0,0,0,0,0,0,0,0,0,0,0,0,0,0,0,0,0,0,0,0,0,0,0,12,0,0,0,0,0,0,0,0,0,0,0,0,0/0/CPU0

2020-02-06 18:55:43.188000+00:00,leaf4,sg3,obt-collector1,0,0,0,0,843,843,0,0,0,0,0,0,0,0,0,3,0,0,5,858,0,0,10329,7,0,3,0,0,11178,0,0,0,0,0,3,0,0,0,0,0,0,0,0,0,0,0,0,0,0,0,0,8811967,0,0,0,0,0,0,0,0,0,0,3,22,0,4178,0,0,0,20039914,0,0,0,0,0,8808040,0,4178,0,0,0,0,0/RP0/CPU0

2020-02-06 18:55:46.493000+00:00,leaf4,sg3,obt-collector1,0,0,0,0,0,0,0,0,0,0,11,0,0,0,0,0,0,0,0,11,0,0,0,0,0,0,0,0,0,0,0,0,0,0,0,0,0,0,0,0,0,0,0,0,0,0,0,0,0,0,0,0,0,0,0,0,0,0,0,0,0,0,0,0,0,0,0,0,0,12,0,0,0,0,0,0,0,0,0,0,0,0,0/0/CPU0

2020-02-06 18:55:46.495000+00:00,leaf4,sg3,obt-collector1,0,0,0,0,843,843,0,0,0,0,0,0,0,0,0,3,0,0,5,858,0,0,10329,7,0,3,0,0,11178,0,0,0,0,0,3,0,0,0,0,0,0,0,0,0,0,0,0,0,0,0,0,8812039,0,0,0,0,0,0,0,0,0,0,3,22,0,4179,0,0,0,20062814,0,0,0,0,0,8808112,0,4179,0,0,0,0,0/RP0/CPU0

2020-02-06 18:55:53.132000+00:00,leaf4,sg3,obt-collector1,0,0,0,0,0,0,0,0,0,0,11,0,0,0,0,0,0,0,0,11,0,0,0,0,0,0,0,0,0,0,0,0,0,0,0,0,0,0,0,0,0,0,0,0,0,0,0,0,0,0,0,0,0,0,0,0,0,0,0,0,0,0,0,0,0,0,0,0,0,12,0,0,0,0,0,0,0,0,0,0,0,0,0/0/CPU0

2020-02-06 18:55:53.134000+00:00,leaf4,sg3,obt-collector1,0,0,0,0,843,843,0,0,0,0,0,0,0,0,0,3,0,0,5,858,0,0,10331,7,0,3,0,0,11180,0,0,0,0,0,3,0,0,0,0,0,0,0,0,0,0,0,0,0,0,0,0,8812264,0,0,0,0,0,0,0,0,0,0,3,22,0,4179,0,0,0,20108610,0,0,0,0,0,8808337,0,4179,0,0,0,0,0/RP0/CPU0

2020-02-06 18:55:59.780000+00:00,leaf4,sg3,obt-collector1,0,0,0,0,0,0,0,0,0,0,11,0,0,0,0,0,0,0,0,11,0,0,0,0,0,0,0,0,0,0,0,0,0,0,0,0,0,0,0,0,0,0,0,0,0,0,0,0,0,0,0,0,0,0,0,0,0,0,0,0,0,0,0,0,0,0,0,0,0,12,0,0,0,0,0,0,0,0,0,0,0,0,0/0/CPU0

2020-02-06 18:55:59.782000+00:00,leaf4,sg3,obt-collector1,0,0,0,0,843,843,0,0,0,0,0,0,0,0,0,3,0,0,5,858,0,0,10331,7,0,3,0,0,11180,0,0,0,0,0,3,0,0,0,0,0,0,0,0,0,0,0,0,0,0,0,0,8812537,0,0,0,0,0,0,0,0,0,0,3,22,0,4179,0,0,0,20154483,0,0,0,0,0,8808610,0,4179,0,0,0,0,0/RP0/CPU0

2020-02-06 18:56:03.010000+00:00,leaf4,sg3,obt-collector1,0,0,0,0,0,0,0,0,0,0,11,0,0,0,0,0,0,0,0,11,0,0,0,0,0,0,0,0,0,0,0,0,0,0,0,0,0,0,0,0,0,0,0,0,0,0,0,0,0,0,0,0,0,0,0,0,0,0,0,0,0,0,0,0,0,0,0,0,0,12,0,0,0,0,0,0,0,0,0,0,0,0,0/0/CPU0

2020-02-06 18:56:03.012000+00:00,leaf4,sg3,obt-collector1,0,0,0,0,843,843,0,0,0,0,0,0,0,0,0,3,0,0,5,858,0,0,10331,7,0,3,0,0,11180,0,0,0,0,0,3,0,0,0,0,0,0,0,0,0,0,0,0,0,0,0,0,8812725,0,0,0,0,0,0,0,0,0,0,3,22,0,4179,0,0,0,20177620,0,0,0,0,0,8808798,0,4179,0,0,0,0,0/RP0/CPU0

2020-02-06 18:56:06.228000+00:00,leaf4,sg3,obt-collector1,0,0,0,0,0,0,0,0,0,0,11,0,0,0,0,0,0,0,0,11,0,0,0,0,0,0,0,0,0,0,0,0,0,0,0,0,0,0,0,0,0,0,0,0,0,0,0,0,0,0,0,0,0,0,0,0,0,0,0,0,0,0,0,0,0,0,0,0,0,12,0,0,0,0,0,0,0,0,0,0,0,0,0/0/CPU0

2020-02-06 18:56:06.230000+00:00,leaf4,sg3,obt-collector1,0,0,0,0,843,843,0,0,0,0,0,0,0,0,0,3,0,0,5,858,0,0,10331,7,0,3,0,0,11180,0,0,0,0,0,3,0,0,0,0,0,0,0,0,0,0,0,0,0,0,0,0,8812869,0,0,0,0,0,0,0,0,0,0,3,22,0,4179,0,0,0,20200833,0,0,0,0,0,8808942,0,4179,0,0,0,0,0/RP0/CPU0

2020-02-06 18:56:09.519000+00:00,leaf4,sg3,obt-collector1,0,0,0,0,0,0,0,0,0,0,11,0,0,0,0,0,0,0,0,11,0,0,0,0,0,0,0,0,0,0,0,0,0,0,0,0,0,0,0,0,0,0,0,0,0,0,0,0,0,0,0,0,0,0,0,0,0,0,0,0,0,0,0,0,0,0,0,0,0,12,0,0,0,0,0,0,0,0,0,0,0,0,0/0/CPU0

2020-02-06 18:56:09.520000+00:00,leaf4,sg3,obt-collector1,0,0,0,0,843,843,0,0,0,0,0,0,0,0,0,3,0,0,5,858,0,0,10331,7,0,3,0,0,11180,0,0,0,0,0,3,0,0,0,0,0,0,0,0,0,0,0,0,0,0,0,0,8812952,0,0,0,0,0,0,0,0,0,0,3,22,0,4179,0,0,0,20223802,0,0,0,0,0,8809025,0,4179,0,0,0,0,0/RP0/CPU0

2020-02-06 18:56:12.710000+00:00,leaf4,sg3,obt-collector1,0,0,0,0,0,0,0,0,0,0,11,0,0,0,0,0,0,0,0,11,0,0,0,0,0,0,0,0,0,0,0,0,0,0,0,0,0,0,0,0,0,0,0,0,0,0,0,0,0,0,0,0,0,0,0,0,0,0,0,0,0,0,0,0,0,0,0,0,0,12,0,0,0,0,0,0,0,0,0,0,0,0,0/0/CPU0

2020-02-06 18:56:12.712000+00:00,leaf4,sg3,obt-collector1,0,0,0,0,843,843,0,0,0,0,0,0,0,0,0,3,0,0,5,858,0,0,10331,7,0,3,0,0,11180,0,0,0,0,0,3,0,0,0,0,0,0,0,0,0,0,0,0,0,0,0,0,8813117,0,0,0,0,0,0,0,0,0,0,3,22,0,4179,0,0,0,20246912,0,0,0,0,0,8809190,0,4179,0,0,0,0,0/RP0/CPU0

2020-02-06 18:56:15.988000+00:00,leaf4,sg3,obt-collector1,0,0,0,0,0,0,0,0,0,0,11,0,0,0,0,0,0,0,0,11,0,0,0,0,0,0,0,0,0,0,0,0,0,0,0,0,0,0,0,0,0,0,0,0,0,0,0,0,0,0,0,0,0,0,0,0,0,0,0,0,0,0,0,0,0,0,0,0,0,12,0,0,0,0,0,0,0,0,0,0,0,0,0/0/CPU0

2020-02-06 18:56:15.990000+00:00,leaf4,sg3,obt-collector1,0,0,0,0,843,843,0,0,0,0,0,0,0,0,0,3,0,0,5,858,0,0,10331,7,0,3,0,0,11180,0,0,0,0,0,3,0,0,0,0,0,0,0,0,0,0,0,0,0,0,0,0,8813282,0,0,0,0,0,0,0,0,0,0,3,22,0,4179,0,0,0,20269927,0,0,0,0,0,8809355,0,4179,0,0,0,0,0/RP0/CPU0

2020-02-06 18:56:26.685000+00:00,leaf4,sg3,obt-collector1,0,0,0,0,0,0,0,0,0,0,11,0,0,0,0,0,0,0,0,11,0,0,0,0,0,0,0,0,0,0,0,0,0,0,0,0,0,0,0,0,0,0,0,0,0,0,0,0,0,0,0,0,0,0,0,0,0,0,0,0,0,0,0,0,0,0,0,0,0,12,0,0,0,0,0,0,0,0,0,0,0,0,0/0/CPU0

2020-02-06 18:56:26.686000+00:00,leaf4,sg3,obt-collector1,0,0,0,0,843,843,0,0,0,0,0,0,0,0,0,3,0,0,5,858,0,0,10331,7,0,3,0,0,11180,0,0,0,0,0,3,0,0,0,0,0,0,0,0,0,0,0,0,0,0,0,0,8813708,0,0,0,0,0,0,0,0,0,0,3,22,0,4179,0,0,0,20339397,0,0,0,0,0,8809781,0,4179,0,0,0,0,0/RP0/CPU0

2020-02-06 18:56:43.072000+00:00,leaf4,sg3,obt-collector1,0,0,0,0,0,0,0,0,0,0,11,0,0,0,0,0,0,0,0,11,0,0,0,0,0,0,0,0,0,0,0,0,0,0,0,0,0,0,0,0,0,0,0,0,0,0,0,0,0,0,0,0,0,0,0,0,0,0,0,0,0,0,0,0,0,0,0,0,0,12,0,0,0,0,0,0,0,0,0,0,0,0,0/0/CPU0

2020-02-06 18:56:43.074000+00:00,leaf4,sg3,obt-collector1,0,0,0,0,843,843,0,0,0,0,0,0,0,0,0,3,0,0,5,858,0,0,10331,7,0,3,0,0,11180,0,0,0,0,0,3,0,0,0,0,0,0,0,0,0,0,0,0,0,0,0,0,8814310,0,0,0,0,0,0,0,0,0,0,3,22,0,4179,0,0,0,20454519,0,0,0,0,0,8810382,0,4179,0,0,0,0,0/RP0/CPU0

2020-02-06 18:57:12.095000+00:00,leaf4,sg3,obt-collector1,0,0,0,0,0,0,0,0,0,0,11,0,0,0,0,0,0,0,0,11,0,0,0,0,0,0,0,0,0,0,0,0,0,0,0,0,0,0,0,0,0,0,0,0,0,0,0,0,0,0,0,0,0,0,0,0,0,0,0,0,0,0,0,0,0,0,0,0,0,12,0,0,0,0,0,0,0,0,0,0,0,0,0/0/CPU0

2020-02-06 18:57:12.096000+00:00,leaf4,sg3,obt-collector1,0,0,0,0,843,843,0,0,0,0,0,0,0,0,0,3,0,0,5,858,0,0,10331,7,0,3,0,0,11180,0,0,0,0,0,3,0,0,0,0,0,0,0,0,0,0,0,0,0,0,0,0,8815649,0,0,0,0,0,0,0,0,0,0,3,22,0,4180,0,0,0,20662683,0,0,0,0,0,8811721,0,4180,0,0,0,0,0/RP0/CPU0

2020-02-06 18:57:15.385000+00:00,leaf4,sg3,obt-collector1,0,0,0,0,0,0,0,0,0,0,11,0,0,0,0,0,0,0,0,11,0,0,0,0,0,0,0,0,0,0,0,0,0,0,0,0,0,0,0,0,0,0,0,0,0,0,0,0,0,0,0,0,0,0,0,0,0,0,0,0,0,0,0,0,0,0,0,0,0,12,0,0,0,0,0,0,0,0,0,0,0,0,0/0/CPU0

2020-02-06 18:57:15.386000+00:00,leaf4,sg3,obt-collector1,0,0,0,0,843,843,0,0,0,0,0,0,0,0,0,3,0,0,5,858,0,0,10333,7,0,3,0,0,11182,0,0,0,0,0,3,0,0,0,0,0,0,0,0,0,0,0,0,0,0,0,0,8815957,0,0,0,0,0,0,0,0,0,0,3,22,0,4180,0,0,0,20685832,0,0,0,0,0,8812029,0,4180,0,0,0,0,0/RP0/CPU0

2020-02-06 18:57:25.149000+00:00,leaf4,sg3,obt-collector1,0,0,0,0,0,0,0,0,0,0,11,0,0,0,0,0,0,0,0,11,0,0,0,0,0,0,0,0,0,0,0,0,0,0,0,0,0,0,0,0,0,0,0,0,0,0,0,0,0,0,0,0,0,0,0,0,0,0,0,0,0,0,0,0,0,0,0,0,0,12,0,0,0,0,0,0,0,0,0,0,0,0,0/0/CPU0

2020-02-06 18:57:25.150000+00:00,leaf4,sg3,obt-collector1,0,0,0,0,843,843,0,0,0,0,0,0,0,0,0,3,0,0,5,858,0,0,10334,7,0,3,0,0,11183,0,0,0,0,0,3,0,0,0,0,0,0,0,0,0,0,0,0,0,0,0,0,8816370,0,0,0,0,0,0,0,0,0,0,3,22,0,4180,0,0,0,20754787,0,0,0,0,0,8812442,0,4180,0,0,0,0,0/RP0/CPU0

2020-02-06 18:57:28.761000+00:00,leaf4,sg3,obt-collector1,0,0,0,0,0,0,0,0,0,0,11,0,0,0,0,0,0,0,0,11,0,0,0,0,0,0,0,0,0,0,0,0,0,0,0,0,0,0,0,0,0,0,0,0,0,0,0,0,0,0,0,0,0,0,0,0,0,0,0,0,0,0,0,0,0,0,0,0,0,12,0,0,0,0,0,0,0,0,0,0,0,0,0/0/CPU0

2020-02-06 18:57:28.763000+00:00,leaf4,sg3,obt-collector1,0,0,0,0,843,843,0,0,0,0,0,0,0,0,0,3,0,0,5,858,0,0,10334,7,0,3,0,0,11183,0,0,0,0,0,3,0,0,0,0,0,0,0,0,0,0,0,0,0,0,0,0,8816657,0,0,0,0,0,0,0,0,0,0,3,22,0,4180,0,0,0,20777870,0,0,0,0,0,8812729,0,4180,0,0,0,0,0/RP0/CPU0

2020-02-06 18:57:35.255000+00:00,leaf4,sg3,obt-collector1,0,0,0,0,0,0,0,0,0,0,11,0,0,0,0,0,0,0,0,11,0,0,0,0,0,0,0,0,0,0,0,0,0,0,0,0,0,0,0,0,0,0,0,0,0,0,0,0,0,0,0,0,0,0,0,0,0,0,0,0,0,0,0,0,0,0,0,0,0,12,0,0,0,0,0,0,0,0,0,0,0,0,0/0/CPU0

2020-02-06 18:57:35.257000+00:00,leaf4,sg3,obt-collector1,0,0,0,0,843,843,0,0,0,0,0,0,0,0,0,3,0,0,5,858,0,0,10334,7,0,3,0,0,11183,0,0,0,0,0,3,0,0,0,0,0,0,0,0,0,0,0,0,0,0,0,0,8816737,0,0,0,0,0,0,0,0,0,0,3,22,0,4180,0,0,0,20823591,0,0,0,0,0,8812809,0,4180,0,0,0,0,0/RP0/CPU0

2020-02-06 18:57:38.477000+00:00,leaf4,sg3,obt-collector1,0,0,0,0,0,0,0,0,0,0,11,0,0,0,0,0,0,0,0,11,0,0,0,0,0,0,0,0,0,0,0,0,0,0,0,0,0,0,0,0,0,0,0,0,0,0,0,0,0,0,0,0,0,0,0,0,0,0,0,0,0,0,0,0,0,0,0,0,0,12,0,0,0,0,0,0,0,0,0,0,0,0,0/0/CPU0

2020-02-06 18:57:38.479000+00:00,leaf4,sg3,obt-collector1,0,0,0,0,843,843,0,0,0,0,0,0,0,0,0,3,0,0,5,858,0,0,10334,7,0,3,0,0,11183,0,0,0,0,0,3,0,0,0,0,0,0,0,0,0,0,0,0,0,0,0,0,8817029,0,0,0,0,0,0,0,0,0,0,3,22,0,4180,0,0,0,20847217,0,0,0,0,0,8813100,0,4180,0,0,0,0,0/RP0/CPU0

2020-02-06 18:57:48.442000+00:00,leaf4,sg3,obt-collector1,0,0,0,0,0,0,0,0,0,0,11,0,0,0,0,0,0,0,0,11,0,0,0,0,0,0,0,0,0,0,0,0,0,0,0,0,0,0,0,0,0,0,0,0,0,0,0,0,0,0,0,0,0,0,0,0,0,0,0,0,0,0,0,0,0,0,0,0,0,12,0,0,0,0,0,0,0,0,0,0,0,0,0/0/CPU0

2020-02-06 18:57:48.443000+00:00,leaf4,sg3,obt-collector1,0,0,0,0,843,843,0,0,0,0,0,0,0,0,0,3,0,0,5,858,0,0,10334,7,0,3,0,0,11183,0,0,0,0,0,3,0,0,0,0,0,0,0,0,0,0,0,0,0,0,0,0,8817402,0,0,0,0,0,0,0,0,0,0,3,22,0,4181,0,0,0,20916850,0,0,0,0,0,8813473,0,4181,0,0,0,0,0/RP0/CPU0

2020-02-06 18:58:15.515000+00:00,leaf4,sg3,obt-collector1,0,0,0,0,0,0,0,0,0,0,11,0,0,0,0,0,0,0,0,11,0,0,0,0,0,0,0,0,0,0,0,0,0,0,0,0,0,0,0,0,0,0,0,0,0,0,0,0,0,0,0,0,0,0,0,0,0,0,0,0,0,0,0,0,0,0,0,0,0,12,0,0,0,0,0,0,0,0,0,0,0,0,0/0/CPU0

2020-02-06 18:58:15.516000+00:00,leaf4,sg3,obt-collector1,0,0,0,0,843,843,0,0,0,0,0,0,0,0,0,3,0,0,5,858,0,0,10337,7,0,3,0,0,11186,0,0,0,0,0,3,0,0,0,0,0,0,0,0,0,0,0,0,0,0,0,0,8818369,0,0,0,0,0,0,0,0,0,0,3,22,0,4181,0,0,0,21100118,0,0,0,0,0,8814440,0,4181,0,0,0,0,0/RP0/CPU0

2020-02-06 18:58:18.825000+00:00,leaf4,sg3,obt-collector1,0,0,0,0,0,0,0,0,0,0,11,0,0,0,0,0,0,0,0,11,0,0,0,0,0,0,0,0,0,0,0,0,0,0,0,0,0,0,0,0,0,0,0,0,0,0,0,0,0,0,0,0,0,0,0,0,0,0,0,0,0,0,0,0,0,0,0,0,0,12,0,0,0,0,0,0,0,0,0,0,0,0,0/0/CPU0

2020-02-06 18:58:18.827000+00:00,leaf4,sg3,obt-collector1,0,0,0,0,843,843,0,0,0,0,0,0,0,0,0,3,0,0,5,858,0,0,10337,7,0,3,0,0,11186,0,0,0,0,0,3,0,0,0,0,0,0,0,0,0,0,0,0,0,0,0,0,8818662,0,0,0,0,0,0,0,0,0,0,3,22,0,4181,0,0,0,21123720,0,0,0,0,0,8814733,0,4181,0,0,0,0,0/RP0/CPU0

2020-02-06 18:58:25.460000+00:00,leaf4,sg3,obt-collector1,0,0,0,0,0,0,0,0,0,0,11,0,0,0,0,0,0,0,0,11,0,0,0,0,0,0,0,0,0,0,0,0,0,0,0,0,0,0,0,0,0,0,0,0,0,0,0,0,0,0,0,0,0,0,0,0,0,0,0,0,0,0,0,0,0,0,0,0,0,12,0,0,0,0,0,0,0,0,0,0,0,0,0/0/CPU0

2020-02-06 18:58:25.461000+00:00,leaf4,sg3,obt-collector1,0,0,0,0,843,843,0,0,0,0,0,0,0,0,0,3,0,0,5,858,0,0,10337,7,0,3,0,0,11186,0,0,0,0,0,3,0,0,0,0,0,0,0,0,0,0,0,0,0,0,0,0,8818767,0,0,0,0,0,0,0,0,0,0,3,22,0,4181,0,0,0,21169318,0,0,0,0,0,8814838,0,4181,0,0,0,0,0/RP0/CPU0

2020-02-06 18:58:43.548000+00:00,leaf4,sg3,obt-collector1,0,0,0,0,0,0,0,0,0,0,11,0,0,0,0,0,0,0,0,11,0,0,0,0,0,0,0,0,0,0,0,0,0,0,0,0,0,0,0,0,0,0,0,0,0,0,0,0,0,0,0,0,0,0,0,0,0,0,0,0,0,0,0,0,0,0,0,0,0,12,0,0,0,0,0,0,0,0,0,0,0,0,0/0/CPU0

2020-02-06 18:58:43.550000+00:00,leaf4,sg3,obt-collector1,0,0,0,0,844,844,0,0,0,0,0,0,0,0,0,3,0,0,5,859,0,0,10337,7,0,3,0,0,11187,0,0,0,0,0,3,0,0,0,0,0,0,0,0,0,0,0,0,0,0,0,0,8819504,0,0,0,0,0,0,0,0,0,0,3,22,0,4181,0,0,0,21284925,0,0,0,0,0,8815574,0,4181,0,0,0,0,0/RP0/CPU0

2020-02-06 18:58:46.855000+00:00,leaf4,sg3,obt-collector1,0,0,0,0,0,0,0,0,0,0,11,0,0,0,0,0,0,0,0,11,0,0,0,0,0,0,0,0,0,0,0,0,0,0,0,0,0,0,0,0,0,0,0,0,0,0,0,0,0,0,0,0,0,0,0,0,0,0,0,0,0,0,0,0,0,0,0,0,0,12,0,0,0,0,0,0,0,0,0,0,0,0,0/0/CPU0

2020-02-06 18:58:46.857000+00:00,leaf4,sg3,obt-collector1,0,0,0,0,844,844,0,0,0,0,0,0,0,0,0,3,0,0,5,859,0,0,10337,7,0,3,0,0,11187,0,0,0,0,0,3,0,0,0,0,0,0,0,0,0,0,0,0,0,0,0,0,8819539,0,0,0,0,0,0,0,0,0,0,3,22,0,4182,0,0,0,21307769,0,0,0,0,0,8815609,0,4182,0,0,0,0,0/RP0/CPU0

2020-02-06 18:58:50.194000+00:00,leaf4,sg3,obt-collector1,0,0,0,0,0,0,0,0,0,0,11,0,0,0,0,0,0,0,0,11,0,0,0,0,0,0,0,0,0,0,0,0,0,0,0,0,0,0,0,0,0,0,0,0,0,0,0,0,0,0,0,0,0,0,0,0,0,0,0,0,0,0,0,0,0,0,0,0,0,12,0,0,0,0,0,0,0,0,0,0,0,0,0/0/CPU0

2020-02-06 18:58:50.196000+00:00,leaf4,sg3,obt-collector1,0,0,0,0,844,844,0,0,0,0,0,0,0,0,0,3,0,0,5,859,0,0,10337,7,0,3,0,0,11187,0,0,0,0,0,3,0,0,0,0,0,0,0,0,0,0,0,0,0,0,0,0,8819866,0,0,0,0,0,0,0,0,0,0,3,22,0,4182,0,0,0,21331178,0,0,0,0,0,8815936,0,4182,0,0,0,0,0/RP0/CPU0

2020-02-06 18:58:56.739000+00:00,leaf4,sg3,obt-collector1,0,0,0,0,0,0,0,0,0,0,11,0,0,0,0,0,0,0,0,11,0,0,0,0,0,0,0,0,0,0,0,0,0,0,0,0,0,0,0,0,0,0,0,0,0,0,0,0,0,0,0,0,0,0,0,0,0,0,0,0,0,0,0,0,0,0,0,0,0,12,0,0,0,0,0,0,0,0,0,0,0,0,0/0/CPU0

2020-02-06 18:58:56.741000+00:00,leaf4,sg3,obt-collector1,0,0,0,0,844,844,0,0,0,0,0,0,0,0,0,3,0,0,5,859,0,0,10339,7,0,3,0,0,11189,0,0,0,0,0,3,0,0,0,0,0,0,0,0,0,0,0,0,0,0,0,0,8820015,0,0,0,0,0,0,0,0,0,0,3,22,0,4182,0,0,0,21376927,0,0,0,0,0,8816085,0,4182,0,0,0,0,0/RP0/CPU0

2020-02-06 18:59:13.039000+00:00,leaf4,sg3,obt-collector1,0,0,0,0,0,0,0,0,0,0,11,0,0,0,0,0,0,0,0,11,0,0,0,0,0,0,0,0,0,0,0,0,0,0,0,0,0,0,0,0,0,0,0,0,0,0,0,0,0,0,0,0,0,0,0,0,0,0,0,0,0,0,0,0,0,0,0,0,0,12,0,0,0,0,0,0,0,0,0,0,0,0,0/0/CPU0

2020-02-06 18:59:13.040000+00:00,leaf4,sg3,obt-collector1,0,0,0,0,844,844,0,0,0,0,0,0,0,0,0,3,0,0,5,859,0,0,10342,7,0,3,0,0,11192,0,0,0,0,0,3,0,0,0,0,0,0,0,0,0,0,0,0,0,0,0,0,8820985,0,0,0,0,0,0,0,0,0,0,3,22,0,4182,0,0,0,21493226,0,0,0,0,0,8817055,0,4182,0,0,0,0,0/RP0/CPU0

2020-02-06 18:59:16.301000+00:00,leaf4,sg3,obt-collector1,0,0,0,0,0,0,0,0,0,0,11,0,0,0,0,0,0,0,0,11,0,0,0,0,0,0,0,0,0,0,0,0,0,0,0,0,0,0,0,0,0,0,0,0,0,0,0,0,0,0,0,0,0,0,0,0,0,0,0,0,0,0,0,0,0,0,0,0,0,12,0,0,0,0,0,0,0,0,0,0,0,0,0/0/CPU0

2020-02-06 18:59:16.302000+00:00,leaf4,sg3,obt-collector1,0,0,0,0,844,844,0,0,0,0,0,0,0,0,0,3,0,0,5,859,0,0,10342,7,0,3,0,0,11192,0,0,0,0,0,3,0,0,0,0,0,0,0,0,0,0,0,0,0,0,0,0,8821031,0,0,0,0,0,0,0,0,0,0,3,22,0,4182,0,0,0,21516367,0,0,0,0,0,8817101,0,4182,0,0,0,0,0/RP0/CPU0

2020-02-06 18:59:26.061000+00:00,leaf4,sg3,obt-collector1,0,0,0,0,0,0,0,0,0,0,11,0,0,0,0,0,0,0,0,11,0,0,0,0,0,0,0,0,0,0,0,0,0,0,0,0,0,0,0,0,0,0,0,0,0,0,0,0,0,0,0,0,0,0,0,0,0,0,0,0,0,0,0,0,0,0,0,0,0,12,0,0,0,0,0,0,0,0,0,0,0,0,0/0/CPU0

2020-02-06 18:59:26.063000+00:00,leaf4,sg3,obt-collector1,0,0,0,0,844,844,0,0,0,0,0,0,0,0,0,3,0,0,5,859,0,0,10343,7,0,3,0,0,11193,0,0,0,0,0,3,0,0,0,0,0,0,0,0,0,0,0,0,0,0,0,0,8821466,0,0,0,0,0,0,0,0,0,0,3,22,0,4182,0,0,0,21585496,0,0,0,0,0,8817536,0,4182,0,0,0,0,0/RP0/CPU0

2020-02-06 18:59:30.332000+00:00,leaf4,sg3,obt-collector1,0,0,0,0,0,0,0,0,0,0,11,0,0,0,0,0,0,0,0,11,0,0,0,0,0,0,0,0,0,0,0,0,0,0,0,0,0,0,0,0,0,0,0,0,0,0,0,0,0,0,0,0,0,0,0,0,0,0,0,0,0,0,0,0,0,0,0,0,0,12,0,0,0,0,0,0,0,0,0,0,0,0,0/0/CPU0

2020-02-06 18:59:30.334000+00:00,leaf4,sg3,obt-collector1,0,0,0,0,844,844,0,0,0,0,0,0,0,0,0,3,0,0,5,859,0,0,10343,7,0,3,0,0,11193,0,0,0,0,0,3,0,0,0,0,0,0,0,0,0,0,0,0,0,0,0,0,8821979,0,0,0,0,0,0,0,0,0,0,3,22,0,4182,0,0,0,21609156,0,0,0,0,0,8818049,0,4182,0,0,0,0,0/RP0/CPU0

2020-02-06 18:59:36.799000+00:00,leaf4,sg3,obt-collector1,0,0,0,0,0,0,0,0,0,0,11,0,0,0,0,0,0,0,0,11,0,0,0,0,0,0,0,0,0,0,0,0,0,0,0,0,0,0,0,0,0,0,0,0,0,0,0,0,0,0,0,0,0,0,0,0,0,0,0,0,0,0,0,0,0,0,0,0,0,12,0,0,0,0,0,0,0,0,0,0,0,0,0/0/CPU0

2020-02-06 18:59:36.801000+00:00,leaf4,sg3,obt-collector1,0,0,0,0,844,844,0,0,0,0,0,0,0,0,0,3,0,0,5,859,0,0,10343,7,0,3,0,0,11193,0,0,0,0,0,3,0,0,0,0,0,0,0,0,0,0,0,0,0,0,0,0,8822070,0,0,0,0,0,0,0,0,0,0,3,22,0,4182,0,0,0,21654806,0,0,0,0,0,8818140,0,4182,0,0,0,0,0/RP0/CPU0

2020-02-06 18:59:53.098000+00:00,leaf4,sg3,obt-collector1,0,0,0,0,0,0,0,0,0,0,11,0,0,0,0,0,0,0,0,11,0,0,0,0,0,0,0,0,0,0,0,0,0,0,0,0,0,0,0,0,0,0,0,0,0,0,0,0,0,0,0,0,0,0,0,0,0,0,0,0,0,0,0,0,0,0,0,0,0,12,0,0,0,0,0,0,0,0,0,0,0,0,0/0/CPU0

2020-02-06 18:59:53.100000+00:00,leaf4,sg3,obt-collector1,0,0,0,0,844,844,0,0,0,0,0,0,0,0,0,3,0,0,5,859,0,0,10343,7,0,3,0,0,11193,0,0,0,0,0,3,0,0,0,0,0,0,0,0,0,0,0,0,0,0,0,0,8822759,0,0,0,0,0,0,0,0,0,0,3,22,0,4183,0,0,0,21771357,0,0,0,0,0,8818828,0,4183,0,0,0,0,0/RP0/CPU0

2020-02-06 18:59:56.414000+00:00,leaf4,sg3,obt-collector1,0,0,0,0,0,0,0,0,0,0,11,0,0,0,0,0,0,0,0,11,0,0,0,0,0,0,0,0,0,0,0,0,0,0,0,0,0,0,0,0,0,0,0,0,0,0,0,0,0,0,0,0,0,0,0,0,0,0,0,0,0,0,0,0,0,0,0,0,0,12,0,0,0,0,0,0,0,0,0,0,0,0,0/0/CPU0

2020-02-06 18:59:56.415000+00:00,leaf4,sg3,obt-collector1,0,0,0,0,844,844,0,0,0,0,0,0,0,0,0,3,0,0,5,859,0,0,10343,7,0,3,0,0,11193,0,0,0,0,0,3,0,0,0,0,0,0,0,0,0,0,0,0,0,0,0,0,8822844,0,0,0,0,0,0,0,0,0,0,3,22,0,4183,0,0,0,21794435,0,0,0,0,0,8818913,0,4183,0,0,0,0,0/RP0/CPU0

2020-02-06 19:00:09.618000+00:00,leaf4,sg3,obt-collector1,0,0,0,0,0,0,0,0,0,0,11,0,0,0,0,0,0,0,0,11,0,0,0,0,0,0,0,0,0,0,0,0,0,0,0,0,0,0,0,0,0,0,0,0,0,0,0,0,0,0,0,0,0,0,0,0,0,0,0,0,0,0,0,0,0,0,0,0,0,12,0,0,0,0,0,0,0,0,0,0,0,0,0/0/CPU0

2020-02-06 19:00:09.620000+00:00,leaf4,sg3,obt-collector1,0,0,0,0,844,844,0,0,0,0,0,0,0,0,0,3,0,0,5,859,0,0,10343,7,0,3,0,0,11193,0,0,0,0,0,3,0,0,0,0,0,0,0,0,0,0,0,0,0,0,0,0,8823283,0,0,0,0,0,0,0,0,0,0,3,22,0,4183,0,0,0,21886638,0,0,0,0,0,8819352,0,4183,0,0,0,0,0/RP0/CPU0

2020-02-06 19:00:16.004000+00:00,leaf4,sg3,obt-collector1,0,0,0,0,0,0,0,0,0,0,11,0,0,0,0,0,0,0,0,11,0,0,0,0,0,0,0,0,0,0,0,0,0,0,0,0,0,0,0,0,0,0,0,0,0,0,0,0,0,0,0,0,0,0,0,0,0,0,0,0,0,0,0,0,0,0,0,0,0,12,0,0,0,0,0,0,0,0,0,0,0,0,0/0/CPU0

2020-02-06 19:00:16.005000+00:00,leaf4,sg3,obt-collector1,0,0,0,0,844,844,0,0,0,0,0,0,0,0,0,3,0,0,5,859,0,0,10343,7,0,3,0,0,11193,0,0,0,0,0,3,0,0,0,0,0,0,0,0,0,0,0,0,0,0,0,0,8823480,0,0,0,0,0,0,0,0,0,0,3,22,0,4183,0,0,0,21932304,0,0,0,0,0,8819549,0,4183,0,0,0,0,0/RP0/CPU0

2020-02-06 19:00:19.181000+00:00,leaf4,sg3,obt-collector1,0,0,0,0,0,0,0,0,0,0,11,0,0,0,0,0,0,0,0,11,0,0,0,0,0,0,0,0,0,0,0,0,0,0,0,0,0,0,0,0,0,0,0,0,0,0,0,0,0,0,0,0,0,0,0,0,0,0,0,0,0,0,0,0,0,0,0,0,0,12,0,0,0,0,0,0,0,0,0,0,0,0,0/0/CPU0

2020-02-06 19:00:19.183000+00:00,leaf4,sg3,obt-collector1,0,0,0,0,844,844,0,0,0,0,0,0,0,0,0,3,0,0,5,859,0,0,10343,7,0,3,0,0,11193,0,0,0,0,0,3,0,0,0,0,0,0,0,0,0,0,0,0,0,0,0,0,8823533,0,0,0,0,0,0,0,0,0,0,3,22,0,4183,0,0,0,21955367,0,0,0,0,0,8819602,0,4183,0,0,0,0,0/RP0/CPU0

2020-02-06 19:00:22.398000+00:00,leaf4,sg3,obt-collector1,0,0,0,0,0,0,0,0,0,0,11,0,0,0,0,0,0,0,0,11,0,0,0,0,0,0,0,0,0,0,0,0,0,0,0,0,0,0,0,0,0,0,0,0,0,0,0,0,0,0,0,0,0,0,0,0,0,0,0,0,0,0,0,0,0,0,0,0,0,12,0,0,0,0,0,0,0,0,0,0,0,0,0/0/CPU0

2020-02-06 19:00:22.399000+00:00,leaf4,sg3,obt-collector1,0,0,0,0,844,844,0,0,0,0,0,0,0,0,0,3,0,0,5,859,0,0,10343,7,0,3,0,0,11193,0,0,0,0,0,3,0,0,0,0,0,0,0,0,0,0,0,0,0,0,0,0,8823718,0,0,0,0,0,0,0,0,0,0,3,22,0,4183,0,0,0,21978460,0,0,0,0,0,8819787,0,4183,0,0,0,0,0/RP0/CPU0

2020-02-06 19:00:25.633000+00:00,leaf4,sg3,obt-collector1,0,0,0,0,0,0,0,0,0,0,11,0,0,0,0,0,0,0,0,11,0,0,0,0,0,0,0,0,0,0,0,0,0,0,0,0,0,0,0,0,0,0,0,0,0,0,0,0,0,0,0,0,0,0,0,0,0,0,0,0,0,0,0,0,0,0,0,0,0,12,0,0,0,0,0,0,0,0,0,0,0,0,0/0/CPU0

2020-02-06 19:00:25.635000+00:00,leaf4,sg3,obt-collector1,0,0,0,0,844,844,0,0,0,0,0,0,0,0,0,3,0,0,5,859,0,0,10343,7,0,3,0,0,11193,0,0,0,0,0,3,0,0,0,0,0,0,0,0,0,0,0,0,0,0,0,0,8823846,0,0,0,0,0,0,0,0,0,0,3,22,0,4183,0,0,0,22001331,0,0,0,0,0,8819915,0,4183,0,0,0,0,0/RP0/CPU0

2020-02-06 19:00:36.127000+00:00,leaf4,sg3,obt-collector1,0,0,0,0,0,0,0,0,0,0,11,0,0,0,0,0,0,0,0,11,0,0,0,0,0,0,0,0,0,0,0,0,0,0,0,0,0,0,0,0,0,0,0,0,0,0,0,0,0,0,0,0,0,0,0,0,0,0,0,0,0,0,0,0,0,0,0,0,0,12,0,0,0,0,0,0,0,0,0,0,0,0,0/0/CPU0

2020-02-06 19:00:36.128000+00:00,leaf4,sg3,obt-collector1,0,0,0,0,844,844,0,0,0,0,0,0,0,0,0,3,0,0,5,859,0,0,10343,7,0,3,0,0,11193,0,0,0,0,0,3,0,0,0,0,0,0,0,0,0,0,0,0,0,0,0,0,8824150,0,0,0,0,0,0,0,0,0,0,3,22,0,4183,0,0,0,22071227,0,0,0,0,0,8820219,0,4183,0,0,0,0,0/RP0/CPU0

2020-02-06 19:00:39.333000+00:00,leaf4,sg3,obt-collector1,0,0,0,0,0,0,0,0,0,0,11,0,0,0,0,0,0,0,0,11,0,0,0,0,0,0,0,0,0,0,0,0,0,0,0,0,0,0,0,0,0,0,0,0,0,0,0,0,0,0,0,0,0,0,0,0,0,0,0,0,0,0,0,0,0,0,0,0,0,12,0,0,0,0,0,0,0,0,0,0,0,0,0/0/CPU0

2020-02-06 19:00:39.334000+00:00,leaf4,sg3,obt-collector1,0,0,0,0,844,844,0,0,0,0,0,0,0,0,0,3,0,0,5,859,0,0,10343,7,0,3,0,0,11193,0,0,0,0,0,3,0,0,0,0,0,0,0,0,0,0,0,0,0,0,0,0,8824197,0,0,0,0,0,0,0,0,0,0,3,22,0,4183,0,0,0,22094328,0,0,0,0,0,8820266,0,4183,0,0,0,0,0/RP0/CPU0

2020-02-06 19:00:42.609000+00:00,leaf4,sg3,obt-collector1,0,0,0,0,0,0,0,0,0,0,11,0,0,0,0,0,0,0,0,11,0,0,0,0,0,0,0,0,0,0,0,0,0,0,0,0,0,0,0,0,0,0,0,0,0,0,0,0,0,0,0,0,0,0,0,0,0,0,0,0,0,0,0,0,0,0,0,0,0,12,0,0,0,0,0,0,0,0,0,0,0,0,0/0/CPU0

2020-02-06 19:00:42.611000+00:00,leaf4,sg3,obt-collector1,0,0,0,0,844,844,0,0,0,0,0,0,0,0,0,3,0,0,5,859,0,0,10343,7,0,3,0,0,11193,0,0,0,0,0,3,0,0,0,0,0,0,0,0,0,0,0,0,0,0,0,0,8824349,0,0,0,0,0,0,0,0,0,0,3,22,0,4183,0,0,0,22117676,0,0,0,0,0,8820418,0,4183,0,0,0,0,0/RP0/CPU0

2020-02-06 19:01:26.282000+00:00,leaf4,sg3,obt-collector1,0,0,0,0,0,0,0,0,0,0,11,0,0,0,0,0,0,0,0,11,0,0,0,0,0,0,0,0,0,0,0,0,0,0,0,0,0,0,0,0,0,0,0,0,0,0,0,0,0,0,0,0,0,0,0,0,0,0,0,0,0,0,0,0,0,0,0,0,0,12,0,0,0,0,0,0,0,0,0,0,0,0,0/0/CPU0

2020-02-06 19:01:26.284000+00:00,leaf4,sg3,obt-collector1,0,0,0,0,844,844,0,0,0,0,0,0,0,0,0,3,0,0,5,859,0,0,10346,7,0,3,0,0,11196,0,0,0,0,0,3,0,0,0,0,0,0,0,0,0,0,0,0,0,0,0,0,8825690,0,0,0,0,0,0,0,0,0,0,3,22,0,4184,0,0,0,22417717,0,0,0,0,0,8821758,0,4184,0,0,0,0,0/RP0/CPU0

2020-02-06 19:01:34.002000+00:00,leaf4,sg3,obt-collector1,0,0,0,0,0,0,0,0,0,0,11,0,0,0,0,0,0,0,0,11,0,0,0,0,0,0,0,0,0,0,0,0,0,0,0,0,0,0,0,0,0,0,0,0,0,0,0,0,0,0,0,0,0,0,0,0,0,0,0,0,0,0,0,0,0,0,0,0,0,12,0,0,0,0,0,0,0,0,0,0,0,0,0/0/CPU0

2020-02-06 19:01:34.004000+00:00,leaf4,sg3,obt-collector1,0,0,0,0,844,844,0,0,0,0,0,0,0,0,0,3,0,0,5,859,0,0,10346,7,0,3,0,0,11196,0,0,0,0,0,3,0,0,0,0,0,0,0,0,0,0,0,0,0,0,0,0,8825970,0,0,0,0,0,0,0,0,0,0,3,22,0,4184,0,0,0,22463975,0,0,0,0,0,8822038,0,4184,0,0,0,0,0/RP0/CPU0

2020-02-06 19:01:47.482000+00:00,leaf4,sg3,obt-collector1,0,0,0,0,0,0,0,0,0,0,11,0,0,0,0,0,0,0,0,11,0,0,0,0,0,0,0,0,0,0,0,0,0,0,0,0,0,0,0,0,0,0,0,0,0,0,0,0,0,0,0,0,0,0,0,0,0,0,0,0,0,0,0,0,0,0,0,0,0,12,0,0,0,0,0,0,0,0,0,0,0,0,0/0/CPU0

2020-02-06 19:01:47.484000+00:00,leaf4,sg3,obt-collector1,0,0,0,0,844,844,0,0,0,0,0,0,0,0,0,3,0,0,5,859,0,0,10346,7,0,3,0,0,11196,0,0,0,0,0,3,0,0,0,0,0,0,0,0,0,0,0,0,0,0,0,0,8826231,0,0,0,0,0,0,0,0,0,0,3,22,0,4185,0,0,0,22556659,0,0,0,0,0,8822299,0,4185,0,0,0,0,0/RP0/CPU0

2020-02-06 19:01:54.161000+00:00,leaf4,sg3,obt-collector1,0,0,0,0,0,0,0,0,0,0,11,0,0,0,0,0,0,0,0,11,0,0,0,0,0,0,0,0,0,0,0,0,0,0,0,0,0,0,0,0,0,0,0,0,0,0,0,0,0,0,0,0,0,0,0,0,0,0,0,0,0,0,0,0,0,0,0,0,0,12,0,0,0,0,0,0,0,0,0,0,0,0,0/0/CPU0

2020-02-06 19:01:54.163000+00:00,leaf4,sg3,obt-collector1,0,0,0,0,844,844,0,0,0,0,0,0,0,0,0,3,0,0,5,859,0,0,10348,7,0,3,0,0,11198,0,0,0,0,0,3,0,0,0,0,0,0,0,0,0,0,0,0,0,0,0,0,8826532,0,0,0,0,0,0,0,0,0,0,3,22,0,4185,0,0,0,22602404,0,0,0,0,0,8822599,0,4185,0,0,0,0,0/RP0/CPU0

2020-02-06 19:02:03.970000+00:00,leaf4,sg3,obt-collector1,0,0,0,0,0,0,0,0,0,0,11,0,0,0,0,0,0,0,0,11,0,0,0,0,0,0,0,0,0,0,0,0,0,0,0,0,0,0,0,0,0,0,0,0,0,0,0,0,0,0,0,0,0,0,0,0,0,0,0,0,0,0,0,0,0,0,0,0,0,12,0,0,0,0,0,0,0,0,0,0,0,0,0/0/CPU0

2020-02-06 19:02:03.971000+00:00,leaf4,sg3,obt-collector1,0,0,0,0,844,844,0,0,0,0,0,0,0,0,0,3,0,0,5,859,0,0,10348,7,0,3,0,0,11198,0,0,0,0,0,3,0,0,0,0,0,0,0,0,0,0,0,0,0,0,0,0,8826904,0,0,0,0,0,0,0,0,0,0,3,22,0,4185,0,0,0,22672369,0,0,0,0,0,8822971,0,4185,0,0,0,0,0/RP0/CPU0

2020-02-06 19:02:07.198000+00:00,leaf4,sg3,obt-collector1,0,0,0,0,0,0,0,0,0,0,11,0,0,0,0,0,0,0,0,11,0,0,0,0,0,0,0,0,0,0,0,0,0,0,0,0,0,0,0,0,0,0,0,0,0,0,0,0,0,0,0,0,0,0,0,0,0,0,0,0,0,0,0,0,0,0,0,0,0,12,0,0,0,0,0,0,0,0,0,0,0,0,0/0/CPU0

2020-02-06 19:02:07.200000+00:00,leaf4,sg3,obt-collector1,0,0,0,0,844,844,0,0,0,0,0,0,0,0,0,3,0,0,5,859,0,0,10348,7,0,3,0,0,11198,0,0,0,0,0,3,0,0,0,0,0,0,0,0,0,0,0,0,0,0,0,0,8826933,0,0,0,0,0,0,0,0,0,0,3,22,0,4185,0,0,0,22695367,0,0,0,0,0,8823000,0,4185,0,0,0,0,0/RP0/CPU0

2020-02-06 19:02:17.156000+00:00,leaf4,sg3,obt-collector1,0,0,0,0,0,0,0,0,0,0,11,0,0,0,0,0,0,0,0,11,0,0,0,0,0,0,0,0,0,0,0,0,0,0,0,0,0,0,0,0,0,0,0,0,0,0,0,0,0,0,0,0,0,0,0,0,0,0,0,0,0,0,0,0,0,0,0,0,0,12,0,0,0,0,0,0,0,0,0,0,0,0,0/0/CPU0

2020-02-06 19:02:17.157000+00:00,leaf4,sg3,obt-collector1,0,0,0,0,844,844,0,0,0,0,0,0,0,0,0,3,0,0,5,859,0,0,10348,7,0,3,0,0,11198,0,0,0,0,0,3,0,0,0,0,0,0,0,0,0,0,0,0,0,0,0,0,8827290,0,0,0,0,0,0,0,0,0,0,3,22,0,4185,0,0,0,22764304,0,0,0,0,0,8823357,0,4185,0,0,0,0,0/RP0/CPU0

2020-02-06 19:02:33.939000+00:00,leaf4,sg3,obt-collector1,0,0,0,0,0,0,0,0,0,0,11,0,0,0,0,0,0,0,0,11,0,0,0,0,0,0,0,0,0,0,0,0,0,0,0,0,0,0,0,0,0,0,0,0,0,0,0,0,0,0,0,0,0,0,0,0,0,0,0,0,0,0,0,0,0,0,0,0,0,12,0,0,0,0,0,0,0,0,0,0,0,0,0/0/CPU0

2020-02-06 19:02:33.940000+00:00,leaf4,sg3,obt-collector1,0,0,0,0,844,844,0,0,0,0,0,0,0,0,0,3,0,0,5,859,0,0,10350,7,0,3,0,0,11200,0,0,0,0,0,3,0,0,0,0,0,0,0,0,0,0,0,0,0,0,0,0,8827961,0,0,0,0,0,0,0,0,0,0,3,22,0,4185,0,0,0,22880065,0,0,0,0,0,8824028,0,4185,0,0,0,0,0/RP0/CPU0

2020-02-06 19:02:37.160000+00:00,leaf4,sg3,obt-collector1,0,0,0,0,0,0,0,0,0,0,11,0,0,0,0,0,0,0,0,11,0,0,0,0,0,0,0,0,0,0,0,0,0,0,0,0,0,0,0,0,0,0,0,0,0,0,0,0,0,0,0,0,0,0,0,0,0,0,0,0,0,0,0,0,0,0,0,0,0,12,0,0,0,0,0,0,0,0,0,0,0,0,0/0/CPU0

2020-02-06 19:02:37.161000+00:00,leaf4,sg3,obt-collector1,0,0,0,0,844,844,0,0,0,0,0,0,0,0,0,3,0,0,5,859,0,0,10350,7,0,3,0,0,11200,0,0,0,0,0,3,0,0,0,0,0,0,0,0,0,0,0,0,0,0,0,0,8827972,0,0,0,0,0,0,0,0,0,0,3,22,0,4185,0,0,0,22903002,0,0,0,0,0,8824039,0,4185,0,0,0,0,0/RP0/CPU0

2020-02-06 19:02:43.630000+00:00,leaf4,sg3,obt-collector1,0,0,0,0,0,0,0,0,0,0,11,0,0,0,0,0,0,0,0,11,0,0,0,0,0,0,0,0,0,0,0,0,0,0,0,0,0,0,0,0,0,0,0,0,0,0,0,0,0,0,0,0,0,0,0,0,0,0,0,0,0,0,0,0,0,0,0,0,0,12,0,0,0,0,0,0,0,0,0,0,0,0,0/0/CPU0

2020-02-06 19:02:43.632000+00:00,leaf4,sg3,obt-collector1,0,0,0,0,844,844,0,0,0,0,0,0,0,0,0,3,0,0,5,859,0,0,10350,7,0,3,0,0,11200,0,0,0,0,0,3,0,0,0,0,0,0,0,0,0,0,0,0,0,0,0,0,8828267,0,0,0,0,0,0,0,0,0,0,3,22,0,4185,0,0,0,22949291,0,0,0,0,0,8824334,0,4185,0,0,0,0,0/RP0/CPU0

2020-02-06 19:02:59.778000+00:00,leaf4,sg3,obt-collector1,0,0,0,0,0,0,0,0,0,0,11,0,0,0,0,0,0,0,0,11,0,0,0,0,0,0,0,0,0,0,0,0,0,0,0,0,0,0,0,0,0,0,0,0,0,0,0,0,0,0,0,0,0,0,0,0,0,0,0,0,0,0,0,0,0,0,0,0,0,12,0,0,0,0,0,0,0,0,0,0,0,0,0/0/CPU0

2020-02-06 19:02:59.780000+00:00,leaf4,sg3,obt-collector1,0,0,0,0,844,844,0,0,0,0,0,0,0,0,0,3,0,0,5,859,0,0,10350,7,0,3,0,0,11200,0,0,0,0,0,3,0,0,0,0,0,0,0,0,0,0,0,0,0,0,0,0,8828815,0,0,0,0,0,0,0,0,0,0,3,22,0,4186,0,0,0,23064659,0,0,0,0,0,8824881,0,4186,0,0,0,0,0/RP0/CPU0

2020-02-06 19:03:09.506000+00:00,leaf4,sg3,obt-collector1,0,0,0,0,0,0,0,0,0,0,11,0,0,0,0,0,0,0,0,11,0,0,0,0,0,0,0,0,0,0,0,0,0,0,0,0,0,0,0,0,0,0,0,0,0,0,0,0,0,0,0,0,0,0,0,0,0,0,0,0,0,0,0,0,0,0,0,0,0,12,0,0,0,0,0,0,0,0,0,0,0,0,0/0/CPU0

2020-02-06 19:03:09.507000+00:00,leaf4,sg3,obt-collector1,0,0,0,0,844,844,0,0,0,0,0,0,0,0,0,3,0,0,5,859,0,0,10350,7,0,3,0,0,11200,0,0,0,0,0,3,0,0,0,0,0,0,0,0,0,0,0,0,0,0,0,0,8829108,0,0,0,0,0,0,0,0,0,0,3,22,0,4186,0,0,0,23133772,0,0,0,0,0,8825174,0,4186,0,0,0,0,0/RP0/CPU0

2020-02-06 19:03:32.075000+00:00,leaf4,sg3,obt-collector1,0,0,0,0,0,0,0,0,0,0,11,0,0,0,0,0,0,0,0,11,0,0,0,0,0,0,0,0,0,0,0,0,0,0,0,0,0,0,0,0,0,0,0,0,0,0,0,0,0,0,0,0,0,0,0,0,0,0,0,0,0,0,0,0,0,0,0,0,0,12,0,0,0,0,0,0,0,0,0,0,0,0,0/0/CPU0

2020-02-06 19:03:32.077000+00:00,leaf4,sg3,obt-collector1,0,0,0,0,844,844,0,0,0,0,0,0,0,0,0,3,0,0,5,859,0,0,10350,7,0,3,0,0,11200,0,0,0,0,0,3,0,0,0,0,0,0,0,0,0,0,0,0,0,0,0,0,8829888,0,0,0,0,0,0,0,0,0,0,3,22,0,4186,0,0,0,23295630,0,0,0,0,0,8825954,0,4186,0,0,0,0,0/RP0/CPU0

2020-02-06 19:03:36.440000+00:00,leaf4,sg3,obt-collector1,0,0,0,0,0,0,0,0,0,0,11,0,0,0,0,0,0,0,0,11,0,0,0,0,0,0,0,0,0,0,0,0,0,0,0,0,0,0,0,0,0,0,0,0,0,0,0,0,0,0,0,0,0,0,0,0,0,0,0,0,0,0,0,0,0,0,0,0,0,12,0,0,0,0,0,0,0,0,0,0,0,0,0/0/CPU0

2020-02-06 19:03:36.442000+00:00,leaf4,sg3,obt-collector1,0,0,0,0,844,844,0,0,0,0,0,0,0,0,0,3,0,0,5,859,0,0,10350,7,0,3,0,0,11200,0,0,0,0,0,3,0,0,0,0,0,0,0,0,0,0,0,0,0,0,0,0,8829965,0,0,0,0,0,0,0,0,0,0,3,22,0,4186,0,0,0,23318882,0,0,0,0,0,8826031,0,4186,0,0,0,0,0/RP0/CPU0

2020-02-06 19:03:46.255000+00:00,leaf4,sg3,obt-collector1,0,0,0,0,0,0,0,0,0,0,11,0,0,0,0,0,0,0,0,11,0,0,0,0,0,0,0,0,0,0,0,0,0,0,0,0,0,0,0,0,0,0,0,0,0,0,0,0,0,0,0,0,0,0,0,0,0,0,0,0,0,0,0,0,0,0,0,0,0,12,0,0,0,0,0,0,0,0,0,0,0,0,0/0/CPU0

2020-02-06 19:03:46.256000+00:00,leaf4,sg3,obt-collector1,0,0,0,0,844,844,0,0,0,0,0,0,0,0,0,3,0,0,5,859,0,0,10350,7,0,3,0,0,11200,0,0,0,0,0,3,0,0,0,0,0,0,0,0,0,0,0,0,0,0,0,0,8830252,0,0,0,0,0,0,0,0,0,0,3,22,0,4186,0,0,0,23387924,0,0,0,0,0,8826318,0,4186,0,0,0,0,0/RP0/CPU0

2020-02-06 19:03:49.634000+00:00,leaf4,sg3,obt-collector1,0,0,0,0,0,0,0,0,0,0,11,0,0,0,0,0,0,0,0,11,0,0,0,0,0,0,0,0,0,0,0,0,0,0,0,0,0,0,0,0,0,0,0,0,0,0,0,0,0,0,0,0,0,0,0,0,0,0,0,0,0,0,0,0,0,0,0,0,0,12,0,0,0,0,0,0,0,0,0,0,0,0,0/0/CPU0

2020-02-06 19:03:49.635000+00:00,leaf4,sg3,obt-collector1,0,0,0,0,844,844,0,0,0,0,0,0,0,0,0,3,0,0,5,859,0,0,10350,7,0,3,0,0,11200,0,0,0,0,0,3,0,0,0,0,0,0,0,0,0,0,0,0,0,0,0,0,8830316,0,0,0,0,0,0,0,0,0,0,3,22,0,4187,0,0,0,23410860,0,0,0,0,0,8826382,0,4187,0,0,0,0,0/RP0/CPU0

2020-02-06 19:03:52.838000+00:00,leaf4,sg3,obt-collector1,0,0,0,0,0,0,0,0,0,0,11,0,0,0,0,0,0,0,0,11,0,0,0,0,0,0,0,0,0,0,0,0,0,0,0,0,0,0,0,0,0,0,0,0,0,0,0,0,0,0,0,0,0,0,0,0,0,0,0,0,0,0,0,0,0,0,0,0,0,12,0,0,0,0,0,0,0,0,0,0,0,0,0/0/CPU0

2020-02-06 19:03:52.839000+00:00,leaf4,sg3,obt-collector1,0,0,0,0,844,844,0,0,0,0,0,0,0,0,0,3,0,0,5,859,0,0,10350,7,0,3,0,0,11200,0,0,0,0,0,3,0,0,0,0,0,0,0,0,0,0,0,0,0,0,0,0,8830477,0,0,0,0,0,0,0,0,0,0,3,22,0,4187,0,0,0,23434005,0,0,0,0,0,8826543,0,4187,0,0,0,0,0/RP0/CPU0

2020-02-06 19:04:06.573000+00:00,leaf4,sg3,obt-collector1,0,0,0,0,0,0,0,0,0,0,11,0,0,0,0,0,0,0,0,11,0,0,0,0,0,0,0,0,0,0,0,0,0,0,0,0,0,0,0,0,0,0,0,0,0,0,0,0,0,0,0,0,0,0,0,0,0,0,0,0,0,0,0,0,0,0,0,0,0,12,0,0,0,0,0,0,0,0,0,0,0,0,0/0/CPU0

2020-02-06 19:04:06.574000+00:00,leaf4,sg3,obt-collector1,0,0,0,0,844,844,0,0,0,0,0,0,0,0,0,3,0,0,5,859,0,0,10353,7,0,3,0,0,11203,0,0,0,0,0,3,0,0,0,0,0,0,0,0,0,0,0,0,0,0,0,0,8830910,0,0,0,0,0,0,0,0,0,0,3,22,0,4187,0,0,0,23525445,0,0,0,0,0,8826975,0,4187,0,0,0,0,0/RP0/CPU0

2020-02-06 19:04:13.308000+00:00,leaf4,sg3,obt-collector1,0,0,0,0,0,0,0,0,0,0,11,0,0,0,0,0,0,0,0,11,0,0,0,0,0,0,0,0,0,0,0,0,0,0,0,0,0,0,0,0,0,0,0,0,0,0,0,0,0,0,0,0,0,0,0,0,0,0,0,0,0,0,0,0,0,0,0,0,0,12,0,0,0,0,0,0,0,0,0,0,0,0,0/0/CPU0

2020-02-06 19:04:13.310000+00:00,leaf4,sg3,obt-collector1,0,0,0,0,844,844,0,0,0,0,0,0,0,0,0,3,0,0,5,859,0,0,10353,7,0,3,0,0,11203,0,0,0,0,0,3,0,0,0,0,0,0,0,0,0,0,0,0,0,0,0,0,8831148,0,0,0,0,0,0,0,0,0,0,3,22,0,4187,0,0,0,23571879,0,0,0,0,0,8827213,0,4187,0,0,0,0,0/RP0/CPU0

2020-02-06 19:04:16.589000+00:00,leaf4,sg3,obt-collector1,0,0,0,0,0,0,0,0,0,0,11,0,0,0,0,0,0,0,0,11,0,0,0,0,0,0,0,0,0,0,0,0,0,0,0,0,0,0,0,0,0,0,0,0,0,0,0,0,0,0,0,0,0,0,0,0,0,0,0,0,0,0,0,0,0,0,0,0,0,12,0,0,0,0,0,0,0,0,0,0,0,0,0/0/CPU0

2020-02-06 19:04:16.590000+00:00,leaf4,sg3,obt-collector1,0,0,0,0,844,844,0,0,0,0,0,0,0,0,0,3,0,0,5,859,0,0,10353,7,0,3,0,0,11203,0,0,0,0,0,3,0,0,0,0,0,0,0,0,0,0,0,0,0,0,0,0,8831203,0,0,0,0,0,0,0,0,0,0,3,22,0,4187,0,0,0,23594581,0,0,0,0,0,8827268,0,4187,0,0,0,0,0/RP0/CPU0

2020-02-06 19:04:37.859000+00:00,leaf4,sg3,obt-collector1,0,0,0,0,0,0,0,0,0,0,11,0,0,0,0,0,0,0,0,11,0,0,0,0,0,0,0,0,0,0,0,0,0,0,0,0,0,0,0,0,0,0,0,0,0,0,0,0,0,0,0,0,0,0,0,0,0,0,0,0,0,0,0,0,0,0,0,0,0,12,0,0,0,0,0,0,0,0,0,0,0,0,0/0/CPU0

2020-02-06 19:04:37.860000+00:00,leaf4,sg3,obt-collector1,0,0,0,0,844,844,0,0,0,0,0,0,0,0,0,3,0,0,5,859,0,0,10354,7,0,3,0,0,11204,0,0,0,0,0,3,0,0,0,0,0,0,0,0,0,0,0,0,0,0,0,0,8831901,0,0,0,0,0,0,0,0,0,0,3,22,0,4187,0,0,0,23733007,0,0,0,0,0,8827966,0,4187,0,0,0,0,0/RP0/CPU0

2020-02-06 19:04:51.639000+00:00,leaf4,sg3,obt-collector1,0,0,0,0,0,0,0,0,0,0,11,0,0,0,0,0,0,0,0,11,0,0,0,0,0,0,0,0,0,0,0,0,0,0,0,0,0,0,0,0,0,0,0,0,0,0,0,0,0,0,0,0,0,0,0,0,0,0,0,0,0,0,0,0,0,0,0,0,0,12,0,0,0,0,0,0,0,0,0,0,0,0,0/0/CPU0

2020-02-06 19:04:51.640000+00:00,leaf4,sg3,obt-collector1,0,0,0,0,845,845,0,0,0,0,0,0,0,0,0,3,0,0,5,860,0,0,10354,7,0,3,0,0,11205,0,0,0,0,0,3,0,0,0,0,0,0,0,0,0,0,0,0,0,0,0,0,8832380,0,0,0,0,0,0,0,0,0,0,3,22,0,4188,0,0,0,23826028,0,0,0,0,0,8828445,0,4188,0,0,0,0,0/RP0/CPU0

2020-02-06 19:04:55.112000+00:00,leaf4,sg3,obt-collector1,0,0,0,0,0,0,0,0,0,0,11,0,0,0,0,0,0,0,0,11,0,0,0,0,0,0,0,0,0,0,0,0,0,0,0,0,0,0,0,0,0,0,0,0,0,0,0,0,0,0,0,0,0,0,0,0,0,0,0,0,0,0,0,0,0,0,0,0,0,12,0,0,0,0,0,0,0,0,0,0,0,0,0/0/CPU0

2020-02-06 19:04:55.113000+00:00,leaf4,sg3,obt-collector1,0,0,0,0,845,845,0,0,0,0,0,0,0,0,0,3,0,0,5,860,0,0,10356,7,0,3,0,0,11207,0,0,0,0,0,3,0,0,0,0,0,0,0,0,0,0,0,0,0,0,0,0,8832479,0,0,0,0,0,0,0,0,0,0,3,22,0,4188,0,0,0,23848944,0,0,0,0,0,8828544,0,4188,0,0,0,0,0/RP0/CPU0

2020-02-06 19:05:01.685000+00:00,leaf4,sg3,obt-collector1,0,0,0,0,0,0,0,0,0,0,11,0,0,0,0,0,0,0,0,11,0,0,0,0,0,0,0,0,0,0,0,0,0,0,0,0,0,0,0,0,0,0,0,0,0,0,0,0,0,0,0,0,0,0,0,0,0,0,0,0,0,0,0,0,0,0,0,0,0,12,0,0,0,0,0,0,0,0,0,0,0,0,0/0/CPU0

2020-02-06 19:05:01.686000+00:00,leaf4,sg3,obt-collector1,0,0,0,0,845,845,0,0,0,0,0,0,0,0,0,3,0,0,5,860,0,0,10356,7,0,3,0,0,11207,0,0,0,0,0,3,0,0,0,0,0,0,0,0,0,0,0,0,0,0,0,0,8832815,0,0,0,0,0,0,0,0,0,0,3,22,0,4188,0,0,0,23895268,0,0,0,0,0,8828880,0,4188,0,0,0,0,0/RP0/CPU0

2020-02-06 19:05:08.253000+00:00,leaf4,sg3,obt-collector1,0,0,0,0,0,0,0,0,0,0,11,0,0,0,0,0,0,0,0,11,0,0,0,0,0,0,0,0,0,0,0,0,0,0,0,0,0,0,0,0,0,0,0,0,0,0,0,0,0,0,0,0,0,0,0,0,0,0,0,0,0,0,0,0,0,0,0,0,0,12,0,0,0,0,0,0,0,0,0,0,0,0,0/0/CPU0

2020-02-06 19:05:08.254000+00:00,leaf4,sg3,obt-collector1,0,0,0,0,845,845,0,0,0,0,0,0,0,0,0,3,0,0,5,860,0,0,10356,7,0,3,0,0,11207,0,0,0,0,0,3,0,0,0,0,0,0,0,0,0,0,0,0,0,0,0,0,8832943,0,0,0,0,0,0,0,0,0,0,3,22,0,4188,0,0,0,23940886,0,0,0,0,0,8829007,0,4188,0,0,0,0,0/RP0/CPU0

2020-02-06 19:05:38.222000+00:00,leaf4,sg3,obt-collector1,0,0,0,0,0,0,0,0,0,0,11,0,0,0,0,0,0,0,0,11,0,0,0,0,0,0,0,0,0,0,0,0,0,0,0,0,0,0,0,0,0,0,0,0,0,0,0,0,0,0,0,0,0,0,0,0,0,0,0,0,0,0,0,0,0,0,0,0,0,12,0,0,0,0,0,0,0,0,0,0,0,0,0/0/CPU0

2020-02-06 19:05:38.224000+00:00,leaf4,sg3,obt-collector1,0,0,0,0,845,845,0,0,0,0,0,0,0,0,0,3,0,0,5,860,0,0,10356,7,0,3,0,0,11207,0,0,0,0,0,3,0,0,0,0,0,0,0,0,0,0,0,0,0,0,0,0,8834156,0,0,0,0,0,0,0,0,0,0,3,22,0,4188,0,0,0,24149226,0,0,0,0,0,8830220,0,4188,0,0,0,0,0/RP0/CPU0

2020-02-06 19:05:44.838000+00:00,leaf4,sg3,obt-collector1,0,0,0,0,0,0,0,0,0,0,11,0,0,0,0,0,0,0,0,11,0,0,0,0,0,0,0,0,0,0,0,0,0,0,0,0,0,0,0,0,0,0,0,0,0,0,0,0,0,0,0,0,0,0,0,0,0,0,0,0,0,0,0,0,0,0,0,0,0,12,0,0,0,0,0,0,0,0,0,0,0,0,0/0/CPU0

2020-02-06 19:05:44.839000+00:00,leaf4,sg3,obt-collector1,0,0,0,0,845,845,0,0,0,0,0,0,0,0,0,3,0,0,5,860,0,0,10356,7,0,3,0,0,11207,0,0,0,0,0,3,0,0,0,0,0,0,0,0,0,0,0,0,0,0,0,0,8834679,0,0,0,0,0,0,0,0,0,0,3,22,0,4188,0,0,0,24195928,0,0,0,0,0,8830743,0,4188,0,0,0,0,0/RP0/CPU0

2020-02-06 19:05:55.058000+00:00,leaf4,sg3,obt-collector1,0,0,0,0,0,0,0,0,0,0,11,0,0,0,0,0,0,0,0,11,0,0,0,0,0,0,0,0,0,0,0,0,0,0,0,0,0,0,0,0,0,0,0,0,0,0,0,0,0,0,0,0,0,0,0,0,0,0,0,0,0,0,0,0,0,0,0,0,0,12,0,0,0,0,0,0,0,0,0,0,0,0,0/0/CPU0

2020-02-06 19:05:55.059000+00:00,leaf4,sg3,obt-collector1,0,0,0,0,845,845,0,0,0,0,0,0,0,0,0,3,0,0,5,860,0,0,10356,7,0,3,0,0,11207,0,0,0,0,0,3,0,0,0,0,0,0,0,0,0,0,0,0,0,0,0,0,8835268,0,0,0,0,0,0,0,0,0,0,3,22,0,4189,0,0,0,24264915,0,0,0,0,0,8831332,0,4189,0,0,0,0,0/RP0/CPU0

2020-02-06 19:05:58.241000+00:00,leaf4,sg3,obt-collector1,0,0,0,0,0,0,0,0,0,0,11,0,0,0,0,0,0,0,0,11,0,0,0,0,0,0,0,0,0,0,0,0,0,0,0,0,0,0,0,0,0,0,0,0,0,0,0,0,0,0,0,0,0,0,0,0,0,0,0,0,0,0,0,0,0,0,0,0,0,12,0,0,0,0,0,0,0,0,0,0,0,0,0/0/CPU0

2020-02-06 19:05:58.243000+00:00,leaf4,sg3,obt-collector1,0,0,0,0,845,845,0,0,0,0,0,0,0,0,0,3,0,0,5,860,0,0,10356,7,0,3,0,0,11207,0,0,0,0,0,3,0,0,0,0,0,0,0,0,0,0,0,0,0,0,0,0,8835325,0,0,0,0,0,0,0,0,0,0,3,22,0,4189,0,0,0,24288173,0,0,0,0,0,8831389,0,4189,0,0,0,0,0/RP0/CPU0

2020-02-06 19:06:08.185000+00:00,leaf4,sg3,obt-collector1,0,0,0,0,0,0,0,0,0,0,11,0,0,0,0,0,0,0,0,11,0,0,0,0,0,0,0,0,0,0,0,0,0,0,0,0,0,0,0,0,0,0,0,0,0,0,0,0,0,0,0,0,0,0,0,0,0,0,0,0,0,0,0,0,0,0,0,0,0,12,0,0,0,0,0,0,0,0,0,0,0,0,0/0/CPU0

2020-02-06 19:06:08.187000+00:00,leaf4,sg3,obt-collector1,0,0,0,0,845,845,0,0,0,0,0,0,0,0,0,3,0,0,5,860,0,0,10356,7,0,3,0,0,11207,0,0,0,0,0,3,0,0,0,0,0,0,0,0,0,0,0,0,0,0,0,0,8835758,0,0,0,0,0,0,0,0,0,0,3,22,0,4189,0,0,0,24357164,0,0,0,0,0,8831822,0,4189,0,0,0,0,0/RP0/CPU0

2020-02-06 19:06:11.390000+00:00,leaf4,sg3,obt-collector1,0,0,0,0,0,0,0,0,0,0,11,0,0,0,0,0,0,0,0,11,0,0,0,0,0,0,0,0,0,0,0,0,0,0,0,0,0,0,0,0,0,0,0,0,0,0,0,0,0,0,0,0,0,0,0,0,0,0,0,0,0,0,0,0,0,0,0,0,0,12,0,0,0,0,0,0,0,0,0,0,0,0,0/0/CPU0

2020-02-06 19:06:11.392000+00:00,leaf4,sg3,obt-collector1,0,0,0,0,845,845,0,0,0,0,0,0,0,0,0,3,0,0,5,860,0,0,10356,7,0,3,0,0,11207,0,0,0,0,0,3,0,0,0,0,0,0,0,0,0,0,0,0,0,0,0,0,8835870,0,0,0,0,0,0,0,0,0,0,3,22,0,4189,0,0,0,24380420,0,0,0,0,0,8831933,0,4189,0,0,0,0,0/RP0/CPU0

2020-02-06 19:06:17.801000+00:00,leaf4,sg3,obt-collector1,0,0,0,0,0,0,0,0,0,0,11,0,0,0,0,0,0,0,0,11,0,0,0,0,0,0,0,0,0,0,0,0,0,0,0,0,0,0,0,0,0,0,0,0,0,0,0,0,0,0,0,0,0,0,0,0,0,0,0,0,0,0,0,0,0,0,0,0,0,12,0,0,0,0,0,0,0,0,0,0,0,0,0/0/CPU0

2020-02-06 19:06:17.803000+00:00,leaf4,sg3,obt-collector1,0,0,0,0,845,845,0,0,0,0,0,0,0,0,0,3,0,0,5,860,0,0,10356,7,0,3,0,0,11207,0,0,0,0,0,3,0,0,0,0,0,0,0,0,0,0,0,0,0,0,0,0,8836171,0,0,0,0,0,0,0,0,0,0,3,22,0,4189,0,0,0,24426908,0,0,0,0,0,8832234,0,4189,0,0,0,0,0/RP0/CPU0

2020-02-06 19:06:27.525000+00:00,leaf4,sg3,obt-collector1,0,0,0,0,0,0,0,0,0,0,11,0,0,0,0,0,0,0,0,11,0,0,0,0,0,0,0,0,0,0,0,0,0,0,0,0,0,0,0,0,0,0,0,0,0,0,0,0,0,0,0,0,0,0,0,0,0,0,0,0,0,0,0,0,0,0,0,0,0,12,0,0,0,0,0,0,0,0,0,0,0,0,0/0/CPU0

2020-02-06 19:06:27.527000+00:00,leaf4,sg3,obt-collector1,0,0,0,0,845,845,0,0,0,0,0,0,0,0,0,3,0,0,5,860,0,0,10356,7,0,3,0,0,11207,0,0,0,0,0,3,0,0,0,0,0,0,0,0,0,0,0,0,0,0,0,0,8836587,0,0,0,0,0,0,0,0,0,0,3,22,0,4189,0,0,0,24495822,0,0,0,0,0,8832650,0,4189,0,0,0,0,0/RP0/CPU0

2020-02-06 19:06:30.727000+00:00,leaf4,sg3,obt-collector1,0,0,0,0,0,0,0,0,0,0,11,0,0,0,0,0,0,0,0,11,0,0,0,0,0,0,0,0,0,0,0,0,0,0,0,0,0,0,0,0,0,0,0,0,0,0,0,0,0,0,0,0,0,0,0,0,0,0,0,0,0,0,0,0,0,0,0,0,0,12,0,0,0,0,0,0,0,0,0,0,0,0,0/0/CPU0

2020-02-06 19:06:30.729000+00:00,leaf4,sg3,obt-collector1,0,0,0,0,845,845,0,0,0,0,0,0,0,0,0,3,0,0,5,860,0,0,10356,7,0,3,0,0,11207,0,0,0,0,0,3,0,0,0,0,0,0,0,0,0,0,0,0,0,0,0,0,8836641,0,0,0,0,0,0,0,0,0,0,3,22,0,4189,0,0,0,24518670,0,0,0,0,0,8832704,0,4189,0,0,0,0,0/RP0/CPU0

2020-02-06 19:06:37.303000+00:00,leaf4,sg3,obt-collector1,0,0,0,0,0,0,0,0,0,0,11,0,0,0,0,0,0,0,0,11,0,0,0,0,0,0,0,0,0,0,0,0,0,0,0,0,0,0,0,0,0,0,0,0,0,0,0,0,0,0,0,0,0,0,0,0,0,0,0,0,0,0,0,0,0,0,0,0,0,12,0,0,0,0,0,0,0,0,0,0,0,0,0/0/CPU0

2020-02-06 19:06:37.305000+00:00,leaf4,sg3,obt-collector1,0,0,0,0,845,845,0,0,0,0,0,0,0,0,0,3,0,0,5,860,0,0,10356,7,0,3,0,0,11207,0,0,0,0,0,3,0,0,0,0,0,0,0,0,0,0,0,0,0,0,0,0,8837001,0,0,0,0,0,0,0,0,0,0,3,22,0,4189,0,0,0,24564726,0,0,0,0,0,8833064,0,4189,0,0,0,0,0/RP0/CPU0

2020-02-06 19:06:41.286000+00:00,leaf4,sg3,obt-collector1,0,0,0,0,0,0,0,0,0,0,11,0,0,0,0,0,0,0,0,11,0,0,0,0,0,0,0,0,0,0,0,0,0,0,0,0,0,0,0,0,0,0,0,0,0,0,0,0,0,0,0,0,0,0,0,0,0,0,0,0,0,0,0,0,0,0,0,0,0,12,0,0,0,0,0,0,0,0,0,0,0,0,0/0/CPU0

2020-02-06 19:06:41.288000+00:00,leaf4,sg3,obt-collector1,0,0,0,0,845,845,0,0,0,0,0,0,0,0,0,3,0,0,5,860,0,0,10356,7,0,3,0,0,11207,0,0,0,0,0,3,0,0,0,0,0,0,0,0,0,0,0,0,0,0,0,0,8837020,0,0,0,0,0,0,0,0,0,0,3,22,0,4189,0,0,0,24587965,0,0,0,0,0,8833083,0,4189,0,0,0,0,0/RP0/CPU0

2020-02-06 19:07:01.325000+00:00,leaf4,sg3,obt-collector1,0,0,0,0,845,845,0,0,0,0,0,0,0,0,0,3,0,0,5,860,0,0,10357,7,0,3,0,0,11208,0,0,0,0,0,3,0,0,0,0,0,0,0,0,0,0,0,0,0,0,0,0,8837933,0,0,0,0,0,0,0,0,0,0,3,22,0,4190,0,0,0,24726959,0,0,0,0,0,8833996,0,4190,0,0,0,0,0/RP0/CPU0

2020-02-06 19:07:14.977000+00:00,leaf4,sg3,obt-collector1,0,0,0,0,0,0,0,0,0,0,11,0,0,0,0,0,0,0,0,11,0,0,0,0,0,0,0,0,0,0,0,0,0,0,0,0,0,0,0,0,0,0,0,0,0,0,0,0,0,0,0,0,0,0,0,0,0,0,0,0,0,0,0,0,0,0,0,0,0,12,0,0,0,0,0,0,0,0,0,0,0,0,0/0/CPU0

2020-02-06 19:07:14.978000+00:00,leaf4,sg3,obt-collector1,0,0,0,0,845,845,0,0,0,0,0,0,0,0,0,3,0,0,5,860,0,0,10359,7,0,3,0,0,11210,0,0,0,0,0,3,0,0,0,0,0,0,0,0,0,0,0,0,0,0,0,0,8838637,0,0,0,0,0,0,0,0,0,0,3,22,0,4190,0,0,0,24819582,0,0,0,0,0,8834699,0,4190,0,0,0,0,0/RP0/CPU0

2020-02-06 19:07:21.692000+00:00,leaf4,sg3,obt-collector1,0,0,0,0,0,0,0,0,0,0,11,0,0,0,0,0,0,0,0,11,0,0,0,0,0,0,0,0,0,0,0,0,0,0,0,0,0,0,0,0,0,0,0,0,0,0,0,0,0,0,0,0,0,0,0,0,0,0,0,0,0,0,0,0,0,0,0,0,0,12,0,0,0,0,0,0,0,0,0,0,0,0,0/0/CPU0

2020-02-06 19:07:21.693000+00:00,leaf4,sg3,obt-collector1,0,0,0,0,845,845,0,0,0,0,0,0,0,0,0,3,0,0,5,860,0,0,10362,7,0,3,0,0,11213,0,0,0,0,0,3,0,0,0,0,0,0,0,0,0,0,0,0,0,0,0,0,8838984,0,0,0,0,0,0,0,0,0,0,3,22,0,4190,0,0,0,24865664,0,0,0,0,0,8835046,0,4190,0,0,0,0,0/RP0/CPU0

2020-02-06 19:07:28.601000+00:00,leaf4,sg3,obt-collector1,0,0,0,0,0,0,0,0,0,0,11,0,0,0,0,0,0,0,0,11,0,0,0,0,0,0,0,0,0,0,0,0,0,0,0,0,0,0,0,0,0,0,0,0,0,0,0,0,0,0,0,0,0,0,0,0,0,0,0,0,0,0,0,0,0,0,0,0,0,12,0,0,0,0,0,0,0,0,0,0,0,0,0/0/CPU0

2020-02-06 19:07:28.603000+00:00,leaf4,sg3,obt-collector1,0,0,0,0,845,845,0,0,0,0,0,0,0,0,0,3,0,0,5,860,0,0,10362,7,0,3,0,0,11213,0,0,0,0,0,3,0,0,0,0,0,0,0,0,0,0,0,0,0,0,0,0,8839251,0,0,0,0,0,0,0,0,0,0,3,22,0,4190,0,0,0,24911980,0,0,0,0,0,8835313,0,4190,0,0,0,0,0/RP0/CPU0

2020-02-06 19:07:31.963000+00:00,leaf4,sg3,obt-collector1,0,0,0,0,0,0,0,0,0,0,11,0,0,0,0,0,0,0,0,11,0,0,0,0,0,0,0,0,0,0,0,0,0,0,0,0,0,0,0,0,0,0,0,0,0,0,0,0,0,0,0,0,0,0,0,0,0,0,0,0,0,0,0,0,0,0,0,0,0,12,0,0,0,0,0,0,0,0,0,0,0,0,0/0/CPU0

2020-02-06 19:07:31.965000+00:00,leaf4,sg3,obt-collector1,0,0,0,0,845,845,0,0,0,0,0,0,0,0,0,3,0,0,5,860,0,0,10362,7,0,3,0,0,11213,0,0,0,0,0,3,0,0,0,0,0,0,0,0,0,0,0,0,0,0,0,0,8839469,0,0,0,0,0,0,0,0,0,0,3,22,0,4190,0,0,0,24935167,0,0,0,0,0,8835531,0,4190,0,0,0,0,0/RP0/CPU0

2020-02-06 19:07:35.310000+00:00,leaf4,sg3,obt-collector1,0,0,0,0,0,0,0,0,0,0,11,0,0,0,0,0,0,0,0,11,0,0,0,0,0,0,0,0,0,0,0,0,0,0,0,0,0,0,0,0,0,0,0,0,0,0,0,0,0,0,0,0,0,0,0,0,0,0,0,0,0,0,0,0,0,0,0,0,0,12,0,0,0,0,0,0,0,0,0,0,0,0,0/0/CPU0

2020-02-06 19:07:35.312000+00:00,leaf4,sg3,obt-collector1,0,0,0,0,845,845,0,0,0,0,0,0,0,0,0,3,0,0,5,860,0,0,10362,7,0,3,0,0,11213,0,0,0,0,0,3,0,0,0,0,0,0,0,0,0,0,0,0,0,0,0,0,8839645,0,0,0,0,0,0,0,0,0,0,3,22,0,4190,0,0,0,24958551,0,0,0,0,0,8835707,0,4190,0,0,0,0,0/RP0/CPU0

2020-02-06 19:07:56.210000+00:00,leaf4,sg3,obt-collector1,0,0,0,0,0,0,0,0,0,0,11,0,0,0,0,0,0,0,0,11,0,0,0,0,0,0,0,0,0,0,0,0,0,0,0,0,0,0,0,0,0,0,0,0,0,0,0,0,0,0,0,0,0,0,0,0,0,0,0,0,0,0,0,0,0,0,0,0,0,12,0,0,0,0,0,0,0,0,0,0,0,0,0/0/CPU0

2020-02-06 19:07:56.212000+00:00,leaf4,sg3,obt-collector1,0,0,0,0,845,845,0,0,0,0,0,0,0,0,0,3,0,0,5,860,0,0,10364,7,0,3,0,0,11215,0,0,0,0,0,3,0,0,0,0,0,0,0,0,0,0,0,0,0,0,0,0,8840526,0,0,0,0,0,0,0,0,0,0,3,22,0,4191,0,0,0,25098348,0,0,0,0,0,8836588,0,4191,0,0,0,0,0/RP0/CPU0

2020-02-06 19:08:05.830000+00:00,leaf4,sg3,obt-collector1,0,0,0,0,0,0,0,0,0,0,11,0,0,0,0,0,0,0,0,11,0,0,0,0,0,0,0,0,0,0,0,0,0,0,0,0,0,0,0,0,0,0,0,0,0,0,0,0,0,0,0,0,0,0,0,0,0,0,0,0,0,0,0,0,0,0,0,0,0,12,0,0,0,0,0,0,0,0,0,0,0,0,0/0/CPU0

2020-02-06 19:08:05.831000+00:00,leaf4,sg3,obt-collector1,0,0,0,0,845,845,0,0,0,0,0,0,0,0,0,3,0,0,5,860,0,0,10364,7,0,3,0,0,11215,0,0,0,0,0,3,0,0,0,0,0,0,0,0,0,0,0,0,0,0,0,0,8840921,0,0,0,0,0,0,0,0,0,0,3,22,0,4191,0,0,0,25167786,0,0,0,0,0,8836983,0,4191,0,0,0,0,0/RP0/CPU0

