,EncodingPath,Producer,Target,global__established-neighbors-count-total,global__neighbors-count-total,global__nexthop-count,global__restart-count,host,instance-name,performance-statistics__global__configuration-items-processed,performance-statistics__global__ipv4rib-server__is-rib-connection-up,performance-statistics__global__ipv4rib-server__rib-connection-up-count,performance-statistics__vrf__inbound-update-messages,vrf-name,vrf__neighbors-count,vrf__network-count,vrf__path-count,vrf__update-messages-received
2020-01-21 08:05:09.032000+00:00,Cisco-IOS-XR-ipv4-bgp-oper:bgp/instances/instance/instance-active/default-vrf/process-info,spine2,,62,64,231,2,,default,0,true,1,1239529,default,64,429,11652,1239529
2020-01-21 08:05:13.146000+00:00,Cisco-IOS-XR-ipv4-bgp-oper:bgp/instances/instance/instance-active/default-vrf/process-info,spine2,,62,64,231,2,,default,0,true,1,1239529,default,64,429,11652,1239529
2020-01-21 08:05:15.229000+00:00,Cisco-IOS-XR-ipv4-bgp-oper:bgp/instances/instance/instance-active/default-vrf/process-info,spine2,,62,64,231,2,,default,0,true,1,1239529,default,64,429,11652,1239529
2020-01-21 08:05:19.669000+00:00,Cisco-IOS-XR-ipv4-bgp-oper:bgp/instances/instance/instance-active/default-vrf/process-info,spine2,,62,64,231,2,,default,0,true,1,1239529,default,64,429,11652,1239529
2020-01-21 08:05:25.640000+00:00,Cisco-IOS-XR-ipv4-bgp-oper:bgp/instances/instance/instance-active/default-vrf/process-info,spine2,,62,64,231,2,,default,0,true,1,1239529,default,64,429,11652,1239529
2020-01-21 08:05:29.660000+00:00,Cisco-IOS-XR-ipv4-bgp-oper:bgp/instances/instance/instance-active/default-vrf/process-info,spine2,,62,64,231,2,,default,0,true,1,1239529,default,64,429,11652,1239529
2020-01-21 08:05:35.555000+00:00,Cisco-IOS-XR-ipv4-bgp-oper:bgp/instances/instance/instance-active/default-vrf/process-info,spine2,,62,64,231,2,,default,0,true,1,1239529,default,64,429,11652,1239529
2020-01-21 08:05:39.672000+00:00,Cisco-IOS-XR-ipv4-bgp-oper:bgp/instances/instance/instance-active/default-vrf/process-info,spine2,,62,64,231,2,,default,0,true,1,1239529,default,64,429,11652,1239529
2020-01-21 08:05:45.563000+00:00,Cisco-IOS-XR-ipv4-bgp-oper:bgp/instances/instance/instance-active/default-vrf/process-info,spine2,,62,64,231,2,,default,0,true,1,1239560,default,64,430,11683,1239560
2020-01-21 08:05:51.560000+00:00,Cisco-IOS-XR-ipv4-bgp-oper:bgp/instances/instance/instance-active/default-vrf/process-info,spine2,,62,64,231,2,,default,0,true,1,1239560,default,64,430,11683,1239560
2020-01-21 08:05:55.566000+00:00,Cisco-IOS-XR-ipv4-bgp-oper:bgp/instances/instance/instance-active/default-vrf/process-info,spine2,,62,64,231,2,,default,0,true,1,1239560,default,64,430,11683,1239560
2020-01-21 08:05:59.672000+00:00,Cisco-IOS-XR-ipv4-bgp-oper:bgp/instances/instance/instance-active/default-vrf/process-info,spine2,,62,64,231,2,,default,0,true,1,1239591,default,64,430,11683,1239591
2020-01-21 08:06:05.637000+00:00,Cisco-IOS-XR-ipv4-bgp-oper:bgp/instances/instance/instance-active/default-vrf/process-info,spine2,,62,64,231,2,,default,0,true,1,1239591,default,64,430,11683,1239591
2020-01-21 08:06:09.656000+00:00,Cisco-IOS-XR-ipv4-bgp-oper:bgp/instances/instance/instance-active/default-vrf/process-info,spine2,,62,64,231,2,,default,0,true,1,1239591,default,64,430,11683,1239591
2020-01-21 08:06:15.993000+00:00,Cisco-IOS-XR-ipv4-bgp-oper:bgp/instances/instance/instance-active/default-vrf/process-info,spine2,,62,64,231,2,,default,0,true,1,1239630,default,64,430,11683,1239630
2020-01-21 08:06:19.662000+00:00,Cisco-IOS-XR-ipv4-bgp-oper:bgp/instances/instance/instance-active/default-vrf/process-info,spine2,,62,64,231,2,,default,0,true,1,1239630,default,64,430,11683,1239630
2020-01-21 08:06:25.554000+00:00,Cisco-IOS-XR-ipv4-bgp-oper:bgp/instances/instance/instance-active/default-vrf/process-info,spine2,,62,64,231,2,,default,0,true,1,1239630,default,64,430,11683,1239630
2020-01-21 08:06:29.674000+00:00,Cisco-IOS-XR-ipv4-bgp-oper:bgp/instances/instance/instance-active/default-vrf/process-info,spine2,,62,64,231,2,,default,0,true,1,1239661,default,64,430,11679,1239661
2020-01-21 08:06:35.571000+00:00,Cisco-IOS-XR-ipv4-bgp-oper:bgp/instances/instance/instance-active/default-vrf/process-info,spine2,,62,64,231,2,,default,0,true,1,1239661,default,64,430,11679,1239661
2020-01-21 08:06:39.677000+00:00,Cisco-IOS-XR-ipv4-bgp-oper:bgp/instances/instance/instance-active/default-vrf/process-info,spine2,,62,64,231,2,,default,0,true,1,1239661,default,64,430,11679,1239661
2020-01-21 08:06:45.569000+00:00,Cisco-IOS-XR-ipv4-bgp-oper:bgp/instances/instance/instance-active/default-vrf/process-info,spine2,,62,64,231,2,,default,0,true,1,1239692,default,64,430,11679,1239692
2020-01-21 08:06:49.670000+00:00,Cisco-IOS-XR-ipv4-bgp-oper:bgp/instances/instance/instance-active/default-vrf/process-info,spine2,,62,64,231,2,,default,0,true,1,1239692,default,64,430,11679,1239692
2020-01-21 08:06:55.577000+00:00,Cisco-IOS-XR-ipv4-bgp-oper:bgp/instances/instance/instance-active/default-vrf/process-info,spine2,,62,64,231,2,,default,0,true,1,1239692,default,64,430,11679,1239692
2020-01-21 08:06:59.679000+00:00,Cisco-IOS-XR-ipv4-bgp-oper:bgp/instances/instance/instance-active/default-vrf/process-info,spine2,,62,64,231,2,,default,0,true,1,1239723,default,64,430,11683,1239723
2020-01-21 08:07:05.591000+00:00,Cisco-IOS-XR-ipv4-bgp-oper:bgp/instances/instance/instance-active/default-vrf/process-info,spine2,,62,64,231,2,,default,0,true,1,1239723,default,64,430,11683,1239723
2020-01-21 08:07:09.685000+00:00,Cisco-IOS-XR-ipv4-bgp-oper:bgp/instances/instance/instance-active/default-vrf/process-info,spine2,,62,64,231,2,,default,0,true,1,1239723,default,64,430,11683,1239723
2020-01-21 08:07:15.616000+00:00,Cisco-IOS-XR-ipv4-bgp-oper:bgp/instances/instance/instance-active/default-vrf/process-info,spine2,,62,64,231,2,,default,0,true,1,1239731,default,64,430,11683,1239731
2020-01-21 08:07:19.671000+00:00,Cisco-IOS-XR-ipv4-bgp-oper:bgp/instances/instance/instance-active/default-vrf/process-info,spine2,,62,64,231,2,,default,0,true,1,1239731,default,64,430,11683,1239731
2020-01-21 08:07:25.570000+00:00,Cisco-IOS-XR-ipv4-bgp-oper:bgp/instances/instance/instance-active/default-vrf/process-info,spine2,,62,64,231,2,,default,0,true,1,1239731,default,64,430,11683,1239731
2020-01-21 08:07:29.678000+00:00,Cisco-IOS-XR-ipv4-bgp-oper:bgp/instances/instance/instance-active/default-vrf/process-info,spine2,,62,64,231,2,,default,0,true,1,1239758,default,64,430,11683,1239758
2020-01-21 08:07:35.572000+00:00,Cisco-IOS-XR-ipv4-bgp-oper:bgp/instances/instance/instance-active/default-vrf/process-info,spine2,,62,64,231,2,,default,0,true,1,1239758,default,64,430,11683,1239758
2020-01-21 08:07:39.672000+00:00,Cisco-IOS-XR-ipv4-bgp-oper:bgp/instances/instance/instance-active/default-vrf/process-info,spine2,,62,64,231,2,,default,0,true,1,1239758,default,64,430,11683,1239758
2020-01-21 08:07:45.559000+00:00,Cisco-IOS-XR-ipv4-bgp-oper:bgp/instances/instance/instance-active/default-vrf/process-info,spine2,,62,64,231,2,,default,0,true,1,1239758,default,64,430,11683,1239758
2020-01-21 08:07:49.668000+00:00,Cisco-IOS-XR-ipv4-bgp-oper:bgp/instances/instance/instance-active/default-vrf/process-info,spine2,,62,64,231,2,,default,0,true,1,1239758,default,64,430,11683,1239758
2020-01-21 08:07:55.815000+00:00,Cisco-IOS-XR-ipv4-bgp-oper:bgp/instances/instance/instance-active/default-vrf/process-info,spine2,,62,64,231,2,,default,0,true,1,1239758,default,64,430,11683,1239758
2020-01-21 08:07:59.667000+00:00,Cisco-IOS-XR-ipv4-bgp-oper:bgp/instances/instance/instance-active/default-vrf/process-info,spine2,,62,64,231,2,,default,0,true,1,1239758,default,64,430,11683,1239758
2020-01-21 08:08:05.559000+00:00,Cisco-IOS-XR-ipv4-bgp-oper:bgp/instances/instance/instance-active/default-vrf/process-info,spine2,,62,64,231,2,,default,0,true,1,1239758,default,64,430,11683,1239758
2020-01-21 08:08:09.681000+00:00,Cisco-IOS-XR-ipv4-bgp-oper:bgp/instances/instance/instance-active/default-vrf/process-info,spine2,,62,64,231,2,,default,0,true,1,1239758,default,64,430,11683,1239758
2020-01-21 08:08:15.570000+00:00,Cisco-IOS-XR-ipv4-bgp-oper:bgp/instances/instance/instance-active/default-vrf/process-info,spine2,,62,64,231,2,,default,0,true,1,1239758,default,64,430,11683,1239758
2020-01-21 08:08:21.490000+00:00,Cisco-IOS-XR-ipv4-bgp-oper:bgp/instances/instance/instance-active/default-vrf/process-info,spine2,,62,64,231,2,,default,0,true,1,1239758,default,64,430,11683,1239758
2020-01-21 08:08:25.571000+00:00,Cisco-IOS-XR-ipv4-bgp-oper:bgp/instances/instance/instance-active/default-vrf/process-info,spine2,,62,64,231,2,,default,0,true,1,1239758,default,64,430,11683,1239758
2020-01-21 08:08:29.690000+00:00,Cisco-IOS-XR-ipv4-bgp-oper:bgp/instances/instance/instance-active/default-vrf/process-info,spine2,,62,64,231,2,,default,0,true,1,1239758,default,64,430,11683,1239758
2020-01-21 08:08:35.580000+00:00,Cisco-IOS-XR-ipv4-bgp-oper:bgp/instances/instance/instance-active/default-vrf/process-info,spine2,,62,64,231,2,,default,0,true,1,1239758,default,64,430,11683,1239758
2020-01-21 08:08:39.682000+00:00,Cisco-IOS-XR-ipv4-bgp-oper:bgp/instances/instance/instance-active/default-vrf/process-info,spine2,,62,64,231,2,,default,0,true,1,1239758,default,64,430,11683,1239758
2020-01-21 08:08:45.595000+00:00,Cisco-IOS-XR-ipv4-bgp-oper:bgp/instances/instance/instance-active/default-vrf/process-info,spine2,,62,64,231,2,,default,0,true,1,1239758,default,64,430,11683,1239758
2020-01-21 08:08:49.679000+00:00,Cisco-IOS-XR-ipv4-bgp-oper:bgp/instances/instance/instance-active/default-vrf/process-info,spine2,,62,64,231,2,,default,0,true,1,1239758,default,64,430,11683,1239758
2020-01-21 08:08:57.392000+00:00,Cisco-IOS-XR-ipv4-bgp-oper:bgp/instances/instance/instance-active/default-vrf/process-info,spine2,,62,64,231,2,,default,0,true,1,1239820,default,64,430,11683,1239820
2020-01-21 08:08:59.688000+00:00,Cisco-IOS-XR-ipv4-bgp-oper:bgp/instances/instance/instance-active/default-vrf/process-info,spine2,,62,64,231,2,,default,0,true,1,1239820,default,64,430,11683,1239820
2020-01-21 08:09:05.614000+00:00,Cisco-IOS-XR-ipv4-bgp-oper:bgp/instances/instance/instance-active/default-vrf/process-info,spine2,,62,64,231,2,,default,0,true,1,1239820,default,64,430,11683,1239820
2020-01-21 08:09:09.676000+00:00,Cisco-IOS-XR-ipv4-bgp-oper:bgp/instances/instance/instance-active/default-vrf/process-info,spine2,,62,64,231,2,,default,0,true,1,1239820,default,64,430,11683,1239820
2020-01-21 08:09:15.566000+00:00,Cisco-IOS-XR-ipv4-bgp-oper:bgp/instances/instance/instance-active/default-vrf/process-info,spine2,,62,64,231,2,,default,0,true,1,1239820,default,64,430,11683,1239820
2020-01-21 08:09:19.675000+00:00,Cisco-IOS-XR-ipv4-bgp-oper:bgp/instances/instance/instance-active/default-vrf/process-info,spine2,,62,64,231,2,,default,0,true,1,1239820,default,64,430,11683,1239820
2020-01-21 08:09:25.572000+00:00,Cisco-IOS-XR-ipv4-bgp-oper:bgp/instances/instance/instance-active/default-vrf/process-info,spine2,,62,64,231,2,,default,0,true,1,1239882,default,64,430,11675,1239882
2020-01-21 08:09:29.671000+00:00,Cisco-IOS-XR-ipv4-bgp-oper:bgp/instances/instance/instance-active/default-vrf/process-info,spine2,,62,64,231,2,,default,0,true,1,1239882,default,64,430,11675,1239882
2020-01-21 08:09:35.590000+00:00,Cisco-IOS-XR-ipv4-bgp-oper:bgp/instances/instance/instance-active/default-vrf/process-info,spine2,,62,64,231,2,,default,0,true,1,1239882,default,64,430,11675,1239882
2020-01-21 08:09:39.682000+00:00,Cisco-IOS-XR-ipv4-bgp-oper:bgp/instances/instance/instance-active/default-vrf/process-info,spine2,,62,64,231,2,,default,0,true,1,1239882,default,64,430,11675,1239882
2020-01-21 08:09:45.625000+00:00,Cisco-IOS-XR-ipv4-bgp-oper:bgp/instances/instance/instance-active/default-vrf/process-info,spine2,,62,64,231,2,,default,0,true,1,1239882,default,64,430,11675,1239882
2020-01-21 08:09:49.677000+00:00,Cisco-IOS-XR-ipv4-bgp-oper:bgp/instances/instance/instance-active/default-vrf/process-info,spine2,,62,64,231,2,,default,0,true,1,1239882,default,64,430,11675,1239882
2020-01-21 08:09:55.566000+00:00,Cisco-IOS-XR-ipv4-bgp-oper:bgp/instances/instance/instance-active/default-vrf/process-info,spine2,,62,64,231,2,,default,0,true,1,1239936,default,64,430,11675,1239936
2020-01-21 08:09:59.676000+00:00,Cisco-IOS-XR-ipv4-bgp-oper:bgp/instances/instance/instance-active/default-vrf/process-info,spine2,,62,64,231,2,,default,0,true,1,1239936,default,64,430,11675,1239936
2020-01-21 08:10:05.596000+00:00,Cisco-IOS-XR-ipv4-bgp-oper:bgp/instances/instance/instance-active/default-vrf/process-info,spine2,,62,64,231,2,,default,0,true,1,1239936,default,64,430,11675,1239936
2020-01-21 08:10:09.690000+00:00,Cisco-IOS-XR-ipv4-bgp-oper:bgp/instances/instance/instance-active/default-vrf/process-info,spine2,,62,64,231,2,,default,0,true,1,1239936,default,64,430,11675,1239936
2020-01-21 08:10:15.591000+00:00,Cisco-IOS-XR-ipv4-bgp-oper:bgp/instances/instance/instance-active/default-vrf/process-info,spine2,,62,64,231,2,,default,0,true,1,1239936,default,64,430,11675,1239936
2020-01-21 08:10:19.685000+00:00,Cisco-IOS-XR-ipv4-bgp-oper:bgp/instances/instance/instance-active/default-vrf/process-info,spine2,,62,64,231,2,,default,0,true,1,1239936,default,64,430,11675,1239936
2020-01-21 08:10:26.554000+00:00,Cisco-IOS-XR-ipv4-bgp-oper:bgp/instances/instance/instance-active/default-vrf/process-info,spine2,,62,64,231,2,,default,0,true,1,1239990,default,64,430,11667,1239990
2020-01-21 08:10:29.672000+00:00,Cisco-IOS-XR-ipv4-bgp-oper:bgp/instances/instance/instance-active/default-vrf/process-info,spine2,,62,64,231,2,,default,0,true,1,1239990,default,64,430,11667,1239990
2020-01-21 08:10:35.588000+00:00,Cisco-IOS-XR-ipv4-bgp-oper:bgp/instances/instance/instance-active/default-vrf/process-info,spine2,,62,64,231,2,,default,0,true,1,1239990,default,64,430,11667,1239990
2020-01-21 08:10:39.681000+00:00,Cisco-IOS-XR-ipv4-bgp-oper:bgp/instances/instance/instance-active/default-vrf/process-info,spine2,,62,64,231,2,,default,0,true,1,1239990,default,64,430,11667,1239990
2020-01-21 08:10:45.573000+00:00,Cisco-IOS-XR-ipv4-bgp-oper:bgp/instances/instance/instance-active/default-vrf/process-info,spine2,,62,64,231,2,,default,0,true,1,1239990,default,64,430,11667,1239990
2020-01-21 08:10:49.675000+00:00,Cisco-IOS-XR-ipv4-bgp-oper:bgp/instances/instance/instance-active/default-vrf/process-info,spine2,,62,64,231,2,,default,0,true,1,1239990,default,64,430,11667,1239990
2020-01-21 08:10:55.591000+00:00,Cisco-IOS-XR-ipv4-bgp-oper:bgp/instances/instance/instance-active/default-vrf/process-info,spine2,,62,64,231,2,,default,0,true,1,1240040,default,64,430,11643,1240040
2020-01-21 08:11:01.289000+00:00,Cisco-IOS-XR-ipv4-bgp-oper:bgp/instances/instance/instance-active/default-vrf/process-info,spine2,,62,64,231,2,,default,0,true,1,1240040,default,64,430,11643,1240040
2020-01-21 08:11:05.723000+00:00,Cisco-IOS-XR-ipv4-bgp-oper:bgp/instances/instance/instance-active/default-vrf/process-info,spine2,,62,64,231,2,,default,0,true,1,1240040,default,64,430,11643,1240040
2020-01-21 08:11:09.682000+00:00,Cisco-IOS-XR-ipv4-bgp-oper:bgp/instances/instance/instance-active/default-vrf/process-info,spine2,,62,64,231,2,,default,0,true,1,1240040,default,64,430,11643,1240040
2020-01-21 08:11:15.581000+00:00,Cisco-IOS-XR-ipv4-bgp-oper:bgp/instances/instance/instance-active/default-vrf/process-info,spine2,,62,64,231,2,,default,0,true,1,1240040,default,64,430,11643,1240040
2020-01-21 08:11:19.674000+00:00,Cisco-IOS-XR-ipv4-bgp-oper:bgp/instances/instance/instance-active/default-vrf/process-info,spine2,,62,64,231,2,,default,0,true,1,1240040,default,64,430,11643,1240040
2020-01-21 08:11:25.576000+00:00,Cisco-IOS-XR-ipv4-bgp-oper:bgp/instances/instance/instance-active/default-vrf/process-info,spine2,,62,64,231,2,,default,0,true,1,1240090,default,64,430,11653,1240090
2020-01-21 08:11:29.675000+00:00,Cisco-IOS-XR-ipv4-bgp-oper:bgp/instances/instance/instance-active/default-vrf/process-info,spine2,,62,64,231,2,,default,0,true,1,1240090,default,64,430,11653,1240090
2020-01-21 08:11:35.620000+00:00,Cisco-IOS-XR-ipv4-bgp-oper:bgp/instances/instance/instance-active/default-vrf/process-info,spine2,,62,64,231,2,,default,0,true,1,1240090,default,64,430,11653,1240090
2020-01-21 08:11:39.683000+00:00,Cisco-IOS-XR-ipv4-bgp-oper:bgp/instances/instance/instance-active/default-vrf/process-info,spine2,,62,64,231,2,,default,0,true,1,1240090,default,64,430,11653,1240090
2020-01-21 08:11:45.583000+00:00,Cisco-IOS-XR-ipv4-bgp-oper:bgp/instances/instance/instance-active/default-vrf/process-info,spine2,,62,64,231,2,,default,0,true,1,1240090,default,64,430,11653,1240090
2020-01-21 08:11:49.675000+00:00,Cisco-IOS-XR-ipv4-bgp-oper:bgp/instances/instance/instance-active/default-vrf/process-info,spine2,,62,64,231,2,,default,0,true,1,1240090,default,64,430,11653,1240090
2020-01-21 08:11:55.573000+00:00,Cisco-IOS-XR-ipv4-bgp-oper:bgp/instances/instance/instance-active/default-vrf/process-info,spine2,,62,64,231,2,,default,0,true,1,1240140,default,64,430,11645,1240140
2020-01-21 08:11:59.687000+00:00,Cisco-IOS-XR-ipv4-bgp-oper:bgp/instances/instance/instance-active/default-vrf/process-info,spine2,,62,64,231,2,,default,0,true,1,1240140,default,64,430,11645,1240140
2020-01-21 08:12:05.604000+00:00,Cisco-IOS-XR-ipv4-bgp-oper:bgp/instances/instance/instance-active/default-vrf/process-info,spine2,,62,64,231,2,,default,0,true,1,1240152,default,64,430,11657,1240152
2020-01-21 08:12:09.675000+00:00,Cisco-IOS-XR-ipv4-bgp-oper:bgp/instances/instance/instance-active/default-vrf/process-info,spine2,,62,64,231,2,,default,0,true,1,1240152,default,64,430,11657,1240152
2020-01-21 08:12:15.564000+00:00,Cisco-IOS-XR-ipv4-bgp-oper:bgp/instances/instance/instance-active/default-vrf/process-info,spine2,,62,64,231,2,,default,0,true,1,1240152,default,64,430,11657,1240152
2020-01-21 08:12:19.667000+00:00,Cisco-IOS-XR-ipv4-bgp-oper:bgp/instances/instance/instance-active/default-vrf/process-info,spine2,,62,64,231,2,,default,0,true,1,1240152,default,64,430,11657,1240152
2020-01-21 08:12:25.582000+00:00,Cisco-IOS-XR-ipv4-bgp-oper:bgp/instances/instance/instance-active/default-vrf/process-info,spine2,,62,64,231,2,,default,0,true,1,1240202,default,64,430,11683,1240202
2020-01-21 08:12:31.615000+00:00,Cisco-IOS-XR-ipv4-bgp-oper:bgp/instances/instance/instance-active/default-vrf/process-info,spine2,,62,64,231,2,,default,0,true,1,1240202,default,64,430,11683,1240202
2020-01-21 08:12:35.576000+00:00,Cisco-IOS-XR-ipv4-bgp-oper:bgp/instances/instance/instance-active/default-vrf/process-info,spine2,,62,64,231,2,,default,0,true,1,1240214,default,64,430,11683,1240214
2020-01-21 08:12:39.680000+00:00,Cisco-IOS-XR-ipv4-bgp-oper:bgp/instances/instance/instance-active/default-vrf/process-info,spine2,,62,64,231,2,,default,0,true,1,1240214,default,64,430,11683,1240214
2020-01-21 08:12:45.579000+00:00,Cisco-IOS-XR-ipv4-bgp-oper:bgp/instances/instance/instance-active/default-vrf/process-info,spine2,,62,64,231,2,,default,0,true,1,1240214,default,64,430,11683,1240214
2020-01-21 08:12:49.673000+00:00,Cisco-IOS-XR-ipv4-bgp-oper:bgp/instances/instance/instance-active/default-vrf/process-info,spine2,,62,64,231,2,,default,0,true,1,1240214,default,64,430,11683,1240214
2020-01-21 08:12:55.567000+00:00,Cisco-IOS-XR-ipv4-bgp-oper:bgp/instances/instance/instance-active/default-vrf/process-info,spine2,,62,64,231,2,,default,0,true,1,1240264,default,64,430,11668,1240264
2020-01-21 08:12:59.683000+00:00,Cisco-IOS-XR-ipv4-bgp-oper:bgp/instances/instance/instance-active/default-vrf/process-info,spine2,,62,64,231,2,,default,0,true,1,1240264,default,64,430,11668,1240264
2020-01-21 08:13:05.856000+00:00,Cisco-IOS-XR-ipv4-bgp-oper:bgp/instances/instance/instance-active/default-vrf/process-info,spine2,,62,64,231,2,,default,0,true,1,1240276,default,64,430,11668,1240276
2020-01-21 08:13:09.676000+00:00,Cisco-IOS-XR-ipv4-bgp-oper:bgp/instances/instance/instance-active/default-vrf/process-info,spine2,,62,64,231,2,,default,0,true,1,1240276,default,64,430,11668,1240276
2020-01-21 08:13:15.576000+00:00,Cisco-IOS-XR-ipv4-bgp-oper:bgp/instances/instance/instance-active/default-vrf/process-info,spine2,,62,64,231,2,,default,0,true,1,1240276,default,64,430,11668,1240276
2020-01-21 08:13:19.678000+00:00,Cisco-IOS-XR-ipv4-bgp-oper:bgp/instances/instance/instance-active/default-vrf/process-info,spine2,,62,64,231,2,,default,0,true,1,1240276,default,64,430,11668,1240276
2020-01-21 08:13:25.584000+00:00,Cisco-IOS-XR-ipv4-bgp-oper:bgp/instances/instance/instance-active/default-vrf/process-info,spine2,,62,64,231,2,,default,0,true,1,1240326,default,64,430,11672,1240326
2020-01-21 08:13:29.676000+00:00,Cisco-IOS-XR-ipv4-bgp-oper:bgp/instances/instance/instance-active/default-vrf/process-info,spine2,,62,64,231,2,,default,0,true,1,1240326,default,64,430,11672,1240326
2020-01-21 08:13:35.557000+00:00,Cisco-IOS-XR-ipv4-bgp-oper:bgp/instances/instance/instance-active/default-vrf/process-info,spine2,,62,64,231,2,,default,0,true,1,1240338,default,64,430,11668,1240338
2020-01-21 08:13:39.682000+00:00,Cisco-IOS-XR-ipv4-bgp-oper:bgp/instances/instance/instance-active/default-vrf/process-info,spine2,,62,64,231,2,,default,0,true,1,1240338,default,64,430,11668,1240338
2020-01-21 08:13:45.571000+00:00,Cisco-IOS-XR-ipv4-bgp-oper:bgp/instances/instance/instance-active/default-vrf/process-info,spine2,,62,64,231,2,,default,0,true,1,1240338,default,64,430,11668,1240338
2020-01-21 08:13:49.691000+00:00,Cisco-IOS-XR-ipv4-bgp-oper:bgp/instances/instance/instance-active/default-vrf/process-info,spine2,,62,64,231,2,,default,0,true,1,1240338,default,64,430,11668,1240338
2020-01-21 08:13:55.566000+00:00,Cisco-IOS-XR-ipv4-bgp-oper:bgp/instances/instance/instance-active/default-vrf/process-info,spine2,,62,64,231,2,,default,0,true,1,1240388,default,64,430,11641,1240388
2020-01-21 08:13:59.682000+00:00,Cisco-IOS-XR-ipv4-bgp-oper:bgp/instances/instance/instance-active/default-vrf/process-info,spine2,,62,64,231,2,,default,0,true,1,1240388,default,64,430,11641,1240388
2020-01-21 08:14:07.111000+00:00,Cisco-IOS-XR-ipv4-bgp-oper:bgp/instances/instance/instance-active/default-vrf/process-info,spine2,,62,64,231,2,,default,0,true,1,1240400,default,64,430,11645,1240400
2020-01-21 08:14:09.676000+00:00,Cisco-IOS-XR-ipv4-bgp-oper:bgp/instances/instance/instance-active/default-vrf/process-info,spine2,,62,64,231,2,,default,0,true,1,1240400,default,64,430,11645,1240400
2020-01-21 08:14:15.734000+00:00,Cisco-IOS-XR-ipv4-bgp-oper:bgp/instances/instance/instance-active/default-vrf/process-info,spine2,,62,64,231,2,,default,0,true,1,1240400,default,64,430,11645,1240400
2020-01-21 08:14:19.683000+00:00,Cisco-IOS-XR-ipv4-bgp-oper:bgp/instances/instance/instance-active/default-vrf/process-info,spine2,,62,64,231,2,,default,0,true,1,1240400,default,64,430,11645,1240400
2020-01-21 08:14:25.570000+00:00,Cisco-IOS-XR-ipv4-bgp-oper:bgp/instances/instance/instance-active/default-vrf/process-info,spine2,,62,64,231,2,,default,0,true,1,1240450,default,64,430,11657,1240450
2020-01-21 08:14:29.686000+00:00,Cisco-IOS-XR-ipv4-bgp-oper:bgp/instances/instance/instance-active/default-vrf/process-info,spine2,,62,64,231,2,,default,0,true,1,1240450,default,64,430,11657,1240450
2020-01-21 08:14:36.672000+00:00,Cisco-IOS-XR-ipv4-bgp-oper:bgp/instances/instance/instance-active/default-vrf/process-info,spine2,,62,64,231,2,,default,0,true,1,1240462,default,64,430,11649,1240462
2020-01-21 08:14:39.672000+00:00,Cisco-IOS-XR-ipv4-bgp-oper:bgp/instances/instance/instance-active/default-vrf/process-info,spine2,,62,64,231,2,,default,0,true,1,1240462,default,64,430,11649,1240462
2020-01-21 08:14:45.584000+00:00,Cisco-IOS-XR-ipv4-bgp-oper:bgp/instances/instance/instance-active/default-vrf/process-info,spine2,,62,64,231,2,,default,0,true,1,1240462,default,64,430,11649,1240462
2020-01-21 08:14:49.693000+00:00,Cisco-IOS-XR-ipv4-bgp-oper:bgp/instances/instance/instance-active/default-vrf/process-info,spine2,,62,64,231,2,,default,0,true,1,1240462,default,64,430,11649,1240462
2020-01-21 08:14:55.701000+00:00,Cisco-IOS-XR-ipv4-bgp-oper:bgp/instances/instance/instance-active/default-vrf/process-info,spine2,,62,64,231,2,,default,0,true,1,1240512,default,64,430,11625,1240512
2020-01-21 08:14:59.678000+00:00,Cisco-IOS-XR-ipv4-bgp-oper:bgp/instances/instance/instance-active/default-vrf/process-info,spine2,,62,64,231,2,,default,0,true,1,1240512,default,64,430,11625,1240512
2020-01-21 08:15:05.564000+00:00,Cisco-IOS-XR-ipv4-bgp-oper:bgp/instances/instance/instance-active/default-vrf/process-info,spine2,,62,64,231,2,,default,0,true,1,1240524,default,64,429,11625,1240524
2020-01-21 08:15:09.693000+00:00,Cisco-IOS-XR-ipv4-bgp-oper:bgp/instances/instance/instance-active/default-vrf/process-info,spine2,,62,64,231,2,,default,0,true,1,1240524,default,64,429,11625,1240524
2020-01-21 08:15:15.580000+00:00,Cisco-IOS-XR-ipv4-bgp-oper:bgp/instances/instance/instance-active/default-vrf/process-info,spine2,,62,64,231,2,,default,0,true,1,1240524,default,64,429,11625,1240524
2020-01-21 08:15:19.686000+00:00,Cisco-IOS-XR-ipv4-bgp-oper:bgp/instances/instance/instance-active/default-vrf/process-info,spine2,,62,64,231,2,,default,0,true,1,1240524,default,64,429,11625,1240524
2020-01-21 08:15:25.565000+00:00,Cisco-IOS-XR-ipv4-bgp-oper:bgp/instances/instance/instance-active/default-vrf/process-info,spine2,,62,64,231,2,,default,0,true,1,1240571,default,64,429,11633,1240571
2020-01-21 08:15:29.687000+00:00,Cisco-IOS-XR-ipv4-bgp-oper:bgp/instances/instance/instance-active/default-vrf/process-info,spine2,,62,64,231,2,,default,0,true,1,1240571,default,64,429,11633,1240571
2020-01-21 08:15:35.600000+00:00,Cisco-IOS-XR-ipv4-bgp-oper:bgp/instances/instance/instance-active/default-vrf/process-info,spine2,,62,64,231,2,,default,0,true,1,1240583,default,64,429,11629,1240583
2020-01-21 08:15:39.688000+00:00,Cisco-IOS-XR-ipv4-bgp-oper:bgp/instances/instance/instance-active/default-vrf/process-info,spine2,,62,64,231,2,,default,0,true,1,1240583,default,64,429,11629,1240583
2020-01-21 08:15:45.606000+00:00,Cisco-IOS-XR-ipv4-bgp-oper:bgp/instances/instance/instance-active/default-vrf/process-info,spine2,,62,64,231,2,,default,0,true,1,1240583,default,64,429,11629,1240583
2020-01-21 08:15:49.694000+00:00,Cisco-IOS-XR-ipv4-bgp-oper:bgp/instances/instance/instance-active/default-vrf/process-info,spine2,,62,64,231,2,,default,0,true,1,1240583,default,64,429,11629,1240583
2020-01-21 08:15:55.564000+00:00,Cisco-IOS-XR-ipv4-bgp-oper:bgp/instances/instance/instance-active/default-vrf/process-info,spine2,,62,64,231,2,,default,0,true,1,1240627,default,64,429,11621,1240627
2020-01-21 08:15:59.684000+00:00,Cisco-IOS-XR-ipv4-bgp-oper:bgp/instances/instance/instance-active/default-vrf/process-info,spine2,,62,64,231,2,,default,0,true,1,1240627,default,64,429,11621,1240627
2020-01-21 08:16:05.718000+00:00,Cisco-IOS-XR-ipv4-bgp-oper:bgp/instances/instance/instance-active/default-vrf/process-info,spine2,,62,64,231,2,,default,0,true,1,1240642,default,64,429,11621,1240642
2020-01-21 08:16:11.006000+00:00,Cisco-IOS-XR-ipv4-bgp-oper:bgp/instances/instance/instance-active/default-vrf/process-info,spine2,,62,64,231,2,,default,0,true,1,1240642,default,64,429,11621,1240642
2020-01-21 08:16:15.582000+00:00,Cisco-IOS-XR-ipv4-bgp-oper:bgp/instances/instance/instance-active/default-vrf/process-info,spine2,,62,64,231,2,,default,0,true,1,1240642,default,64,429,11621,1240642
2020-01-21 08:16:19.696000+00:00,Cisco-IOS-XR-ipv4-bgp-oper:bgp/instances/instance/instance-active/default-vrf/process-info,spine2,,62,64,231,2,,default,0,true,1,1240642,default,64,429,11621,1240642
2020-01-21 08:16:25.589000+00:00,Cisco-IOS-XR-ipv4-bgp-oper:bgp/instances/instance/instance-active/default-vrf/process-info,spine2,,62,64,231,2,,default,0,true,1,1240682,default,64,429,11621,1240682
2020-01-21 08:16:29.687000+00:00,Cisco-IOS-XR-ipv4-bgp-oper:bgp/instances/instance/instance-active/default-vrf/process-info,spine2,,62,64,231,2,,default,0,true,1,1240682,default,64,429,11621,1240682
2020-01-21 08:16:35.580000+00:00,Cisco-IOS-XR-ipv4-bgp-oper:bgp/instances/instance/instance-active/default-vrf/process-info,spine2,,62,64,231,2,,default,0,true,1,1240701,default,64,429,11621,1240701
2020-01-21 08:16:41.755000+00:00,Cisco-IOS-XR-ipv4-bgp-oper:bgp/instances/instance/instance-active/default-vrf/process-info,spine2,,62,64,231,2,,default,0,true,1,1240701,default,64,429,11621,1240701
2020-01-21 08:16:45.696000+00:00,Cisco-IOS-XR-ipv4-bgp-oper:bgp/instances/instance/instance-active/default-vrf/process-info,spine2,,62,64,231,2,,default,0,true,1,1240701,default,64,429,11621,1240701
2020-01-21 08:16:49.678000+00:00,Cisco-IOS-XR-ipv4-bgp-oper:bgp/instances/instance/instance-active/default-vrf/process-info,spine2,,62,64,231,2,,default,0,true,1,1240701,default,64,429,11621,1240701
2020-01-21 08:16:55.562000+00:00,Cisco-IOS-XR-ipv4-bgp-oper:bgp/instances/instance/instance-active/default-vrf/process-info,spine2,,62,64,231,2,,default,0,true,1,1240737,default,64,429,11621,1240737
2020-01-21 08:16:59.690000+00:00,Cisco-IOS-XR-ipv4-bgp-oper:bgp/instances/instance/instance-active/default-vrf/process-info,spine2,,62,64,231,2,,default,0,true,1,1240737,default,64,429,11621,1240737
2020-01-21 08:17:05.572000+00:00,Cisco-IOS-XR-ipv4-bgp-oper:bgp/instances/instance/instance-active/default-vrf/process-info,spine2,,62,64,231,2,,default,0,true,1,1240756,default,64,428,11621,1240756
2020-01-21 08:17:09.696000+00:00,Cisco-IOS-XR-ipv4-bgp-oper:bgp/instances/instance/instance-active/default-vrf/process-info,spine2,,62,64,231,2,,default,0,true,1,1240756,default,64,428,11621,1240756
2020-01-21 08:17:15.589000+00:00,Cisco-IOS-XR-ipv4-bgp-oper:bgp/instances/instance/instance-active/default-vrf/process-info,spine2,,62,64,231,2,,default,0,true,1,1240756,default,64,428,11621,1240756
2020-01-21 08:17:19.700000+00:00,Cisco-IOS-XR-ipv4-bgp-oper:bgp/instances/instance/instance-active/default-vrf/process-info,spine2,,62,64,231,2,,default,0,true,1,1240756,default,64,428,11621,1240756
2020-01-21 08:17:25.571000+00:00,Cisco-IOS-XR-ipv4-bgp-oper:bgp/instances/instance/instance-active/default-vrf/process-info,spine2,,62,64,231,2,,default,0,true,1,1240784,default,64,428,11621,1240784
2020-01-21 08:17:29.692000+00:00,Cisco-IOS-XR-ipv4-bgp-oper:bgp/instances/instance/instance-active/default-vrf/process-info,spine2,,62,64,231,2,,default,0,true,1,1240784,default,64,428,11621,1240784
2020-01-21 08:17:35.590000+00:00,Cisco-IOS-XR-ipv4-bgp-oper:bgp/instances/instance/instance-active/default-vrf/process-info,spine2,,62,64,231,2,,default,0,true,1,1240800,default,64,428,11621,1240800
2020-01-21 08:17:39.692000+00:00,Cisco-IOS-XR-ipv4-bgp-oper:bgp/instances/instance/instance-active/default-vrf/process-info,spine2,,62,64,231,2,,default,0,true,1,1240800,default,64,428,11621,1240800
2020-01-21 08:17:46.193000+00:00,Cisco-IOS-XR-ipv4-bgp-oper:bgp/instances/instance/instance-active/default-vrf/process-info,spine2,,62,64,231,2,,default,0,true,1,1240800,default,64,428,11621,1240800
2020-01-21 08:17:49.686000+00:00,Cisco-IOS-XR-ipv4-bgp-oper:bgp/instances/instance/instance-active/default-vrf/process-info,spine2,,62,64,231,2,,default,0,true,1,1240800,default,64,428,11621,1240800
2020-01-21 08:17:55.701000+00:00,Cisco-IOS-XR-ipv4-bgp-oper:bgp/instances/instance/instance-active/default-vrf/process-info,spine2,,62,64,231,2,,default,0,true,1,1240827,default,64,429,11636,1240827
2020-01-21 08:17:59.681000+00:00,Cisco-IOS-XR-ipv4-bgp-oper:bgp/instances/instance/instance-active/default-vrf/process-info,spine2,,62,64,231,2,,default,0,true,1,1240827,default,64,429,11636,1240827
2020-01-21 08:18:05.611000+00:00,Cisco-IOS-XR-ipv4-bgp-oper:bgp/instances/instance/instance-active/default-vrf/process-info,spine2,,62,64,231,2,,default,0,true,1,1240862,default,64,430,11671,1240862
2020-01-21 08:18:09.700000+00:00,Cisco-IOS-XR-ipv4-bgp-oper:bgp/instances/instance/instance-active/default-vrf/process-info,spine2,,62,64,231,2,,default,0,true,1,1240862,default,64,430,11671,1240862
2020-01-21 08:18:15.878000+00:00,Cisco-IOS-XR-ipv4-bgp-oper:bgp/instances/instance/instance-active/default-vrf/process-info,spine2,,62,64,231,2,,default,0,true,1,1240862,default,64,430,11671,1240862
2020-01-21 08:18:19.689000+00:00,Cisco-IOS-XR-ipv4-bgp-oper:bgp/instances/instance/instance-active/default-vrf/process-info,spine2,,62,64,231,2,,default,0,true,1,1240862,default,64,430,11671,1240862
2020-01-21 08:18:25.580000+00:00,Cisco-IOS-XR-ipv4-bgp-oper:bgp/instances/instance/instance-active/default-vrf/process-info,spine2,,62,64,231,2,,default,0,true,1,1240889,default,64,430,11683,1240889
2020-01-21 08:18:29.705000+00:00,Cisco-IOS-XR-ipv4-bgp-oper:bgp/instances/instance/instance-active/default-vrf/process-info,spine2,,62,64,231,2,,default,0,true,1,1240889,default,64,430,11683,1240889
2020-01-21 08:18:35.691000+00:00,Cisco-IOS-XR-ipv4-bgp-oper:bgp/instances/instance/instance-active/default-vrf/process-info,spine2,,62,64,231,2,,default,0,true,1,1240889,default,64,430,11683,1240889
2020-01-21 08:18:39.694000+00:00,Cisco-IOS-XR-ipv4-bgp-oper:bgp/instances/instance/instance-active/default-vrf/process-info,spine2,,62,64,231,2,,default,0,true,1,1240889,default,64,430,11683,1240889
2020-01-21 08:18:46.822000+00:00,Cisco-IOS-XR-ipv4-bgp-oper:bgp/instances/instance/instance-active/default-vrf/process-info,spine2,,62,64,231,2,,default,0,true,1,1240889,default,64,430,11683,1240889
2020-01-21 08:18:49.691000+00:00,Cisco-IOS-XR-ipv4-bgp-oper:bgp/instances/instance/instance-active/default-vrf/process-info,spine2,,62,64,231,2,,default,0,true,1,1240889,default,64,430,11683,1240889
2020-01-21 08:18:55.615000+00:00,Cisco-IOS-XR-ipv4-bgp-oper:bgp/instances/instance/instance-active/default-vrf/process-info,spine2,,62,64,231,2,,default,0,true,1,1240920,default,64,430,11683,1240920
2020-01-21 08:18:59.692000+00:00,Cisco-IOS-XR-ipv4-bgp-oper:bgp/instances/instance/instance-active/default-vrf/process-info,spine2,,62,64,231,2,,default,0,true,1,1240951,default,64,430,11683,1240951
2020-01-21 08:19:05.571000+00:00,Cisco-IOS-XR-ipv4-bgp-oper:bgp/instances/instance/instance-active/default-vrf/process-info,spine2,,62,64,231,2,,default,0,true,1,1240951,default,64,430,11683,1240951
2020-01-21 08:19:09.693000+00:00,Cisco-IOS-XR-ipv4-bgp-oper:bgp/instances/instance/instance-active/default-vrf/process-info,spine2,,62,64,231,2,,default,0,true,1,1240951,default,64,430,11683,1240951
2020-01-21 08:19:16.892000+00:00,Cisco-IOS-XR-ipv4-bgp-oper:bgp/instances/instance/instance-active/default-vrf/process-info,spine2,,62,64,231,2,,default,0,true,1,1240951,default,64,430,11683,1240951
2020-01-21 08:19:19.700000+00:00,Cisco-IOS-XR-ipv4-bgp-oper:bgp/instances/instance/instance-active/default-vrf/process-info,spine2,,62,64,231,2,,default,0,true,1,1240951,default,64,430,11683,1240951
2020-01-21 08:19:25.609000+00:00,Cisco-IOS-XR-ipv4-bgp-oper:bgp/instances/instance/instance-active/default-vrf/process-info,spine2,,62,64,231,2,,default,0,true,1,1241013,default,64,431,11714,1241013
2020-01-21 08:19:29.701000+00:00,Cisco-IOS-XR-ipv4-bgp-oper:bgp/instances/instance/instance-active/default-vrf/process-info,spine2,,62,64,231,2,,default,0,true,1,1241044,default,64,431,11710,1241044
2020-01-21 08:19:35.583000+00:00,Cisco-IOS-XR-ipv4-bgp-oper:bgp/instances/instance/instance-active/default-vrf/process-info,spine2,,62,64,231,2,,default,0,true,1,1241044,default,64,431,11710,1241044
2020-01-21 08:19:39.682000+00:00,Cisco-IOS-XR-ipv4-bgp-oper:bgp/instances/instance/instance-active/default-vrf/process-info,spine2,,62,64,231,2,,default,0,true,1,1241044,default,64,431,11710,1241044
2020-01-21 08:19:45.734000+00:00,Cisco-IOS-XR-ipv4-bgp-oper:bgp/instances/instance/instance-active/default-vrf/process-info,spine2,,62,64,231,2,,default,0,true,1,1241044,default,64,431,11710,1241044
2020-01-21 08:19:49.679000+00:00,Cisco-IOS-XR-ipv4-bgp-oper:bgp/instances/instance/instance-active/default-vrf/process-info,spine2,,62,64,231,2,,default,0,true,1,1241044,default,64,431,11710,1241044
2020-01-21 08:19:55.572000+00:00,Cisco-IOS-XR-ipv4-bgp-oper:bgp/instances/instance/instance-active/default-vrf/process-info,spine2,,62,64,231,2,,default,0,true,1,1241095,default,64,431,11706,1241095
2020-01-21 08:19:59.687000+00:00,Cisco-IOS-XR-ipv4-bgp-oper:bgp/instances/instance/instance-active/default-vrf/process-info,spine2,,62,64,231,2,,default,0,true,1,1241122,default,64,431,11706,1241122
2020-01-21 08:20:05.580000+00:00,Cisco-IOS-XR-ipv4-bgp-oper:bgp/instances/instance/instance-active/default-vrf/process-info,spine2,,62,64,231,2,,default,0,true,1,1241122,default,64,431,11706,1241122
2020-01-21 08:20:09.687000+00:00,Cisco-IOS-XR-ipv4-bgp-oper:bgp/instances/instance/instance-active/default-vrf/process-info,spine2,,62,64,231,2,,default,0,true,1,1241122,default,64,431,11706,1241122
2020-01-21 08:20:15.568000+00:00,Cisco-IOS-XR-ipv4-bgp-oper:bgp/instances/instance/instance-active/default-vrf/process-info,spine2,,62,64,231,2,,default,0,true,1,1241126,default,64,431,11710,1241126
2020-01-21 08:20:19.682000+00:00,Cisco-IOS-XR-ipv4-bgp-oper:bgp/instances/instance/instance-active/default-vrf/process-info,spine2,,62,64,231,2,,default,0,true,1,1241126,default,64,431,11710,1241126
2020-01-21 08:20:25.665000+00:00,Cisco-IOS-XR-ipv4-bgp-oper:bgp/instances/instance/instance-active/default-vrf/process-info,spine2,,62,64,231,2,,default,0,true,1,1241188,default,64,431,11710,1241188
2020-01-21 08:20:29.702000+00:00,Cisco-IOS-XR-ipv4-bgp-oper:bgp/instances/instance/instance-active/default-vrf/process-info,spine2,,62,64,231,2,,default,0,true,1,1241215,default,64,431,11710,1241215
2020-01-21 08:20:35.596000+00:00,Cisco-IOS-XR-ipv4-bgp-oper:bgp/instances/instance/instance-active/default-vrf/process-info,spine2,,62,64,231,2,,default,0,true,1,1241215,default,64,431,11710,1241215
2020-01-21 08:20:39.695000+00:00,Cisco-IOS-XR-ipv4-bgp-oper:bgp/instances/instance/instance-active/default-vrf/process-info,spine2,,62,64,231,2,,default,0,true,1,1241215,default,64,431,11710,1241215
2020-01-21 08:20:45.586000+00:00,Cisco-IOS-XR-ipv4-bgp-oper:bgp/instances/instance/instance-active/default-vrf/process-info,spine2,,62,64,231,2,,default,0,true,1,1241219,default,64,431,11710,1241219
2020-01-21 08:20:51.872000+00:00,Cisco-IOS-XR-ipv4-bgp-oper:bgp/instances/instance/instance-active/default-vrf/process-info,spine2,,62,64,231,2,,default,0,true,1,1241219,default,64,431,11710,1241219
2020-01-21 08:20:55.598000+00:00,Cisco-IOS-XR-ipv4-bgp-oper:bgp/instances/instance/instance-active/default-vrf/process-info,spine2,,62,64,231,2,,default,0,true,1,1241281,default,64,431,11683,1241281
2020-01-21 08:20:59.699000+00:00,Cisco-IOS-XR-ipv4-bgp-oper:bgp/instances/instance/instance-active/default-vrf/process-info,spine2,,62,64,231,2,,default,0,true,1,1241296,default,64,431,11683,1241296
2020-01-21 08:21:05.583000+00:00,Cisco-IOS-XR-ipv4-bgp-oper:bgp/instances/instance/instance-active/default-vrf/process-info,spine2,,62,64,231,2,,default,0,true,1,1241296,default,64,431,11683,1241296
2020-01-21 08:21:09.688000+00:00,Cisco-IOS-XR-ipv4-bgp-oper:bgp/instances/instance/instance-active/default-vrf/process-info,spine2,,62,64,231,2,,default,0,true,1,1241296,default,64,431,11683,1241296
2020-01-21 08:21:15.589000+00:00,Cisco-IOS-XR-ipv4-bgp-oper:bgp/instances/instance/instance-active/default-vrf/process-info,spine2,,62,64,231,2,,default,0,true,1,1241312,default,64,431,11679,1241312
2020-01-21 08:21:20.781000+00:00,Cisco-IOS-XR-ipv4-bgp-oper:bgp/instances/instance/instance-active/default-vrf/process-info,spine2,,62,64,231,2,,default,0,true,1,1241312,default,64,431,11679,1241312
2020-01-21 08:21:25.570000+00:00,Cisco-IOS-XR-ipv4-bgp-oper:bgp/instances/instance/instance-active/default-vrf/process-info,spine2,,62,64,231,2,,default,0,true,1,1241362,default,64,431,11668,1241362
2020-01-21 08:21:29.688000+00:00,Cisco-IOS-XR-ipv4-bgp-oper:bgp/instances/instance/instance-active/default-vrf/process-info,spine2,,62,64,231,2,,default,0,true,1,1241377,default,64,431,11668,1241377
2020-01-21 08:21:35.665000+00:00,Cisco-IOS-XR-ipv4-bgp-oper:bgp/instances/instance/instance-active/default-vrf/process-info,spine2,,62,64,231,2,,default,0,true,1,1241377,default,64,431,11668,1241377
2020-01-21 08:21:39.685000+00:00,Cisco-IOS-XR-ipv4-bgp-oper:bgp/instances/instance/instance-active/default-vrf/process-info,spine2,,62,64,231,2,,default,0,true,1,1241377,default,64,431,11668,1241377
2020-01-21 08:21:45.571000+00:00,Cisco-IOS-XR-ipv4-bgp-oper:bgp/instances/instance/instance-active/default-vrf/process-info,spine2,,62,64,231,2,,default,0,true,1,1241389,default,64,431,11664,1241389
2020-01-21 08:21:49.693000+00:00,Cisco-IOS-XR-ipv4-bgp-oper:bgp/instances/instance/instance-active/default-vrf/process-info,spine2,,62,64,231,2,,default,0,true,1,1241389,default,64,431,11664,1241389
2020-01-21 08:21:55.567000+00:00,Cisco-IOS-XR-ipv4-bgp-oper:bgp/instances/instance/instance-active/default-vrf/process-info,spine2,,62,64,231,2,,default,0,true,1,1241443,default,64,431,11671,1241443
2020-01-21 08:21:59.692000+00:00,Cisco-IOS-XR-ipv4-bgp-oper:bgp/instances/instance/instance-active/default-vrf/process-info,spine2,,62,64,231,2,,default,0,true,1,1241458,default,64,431,11671,1241458
2020-01-21 08:22:05.588000+00:00,Cisco-IOS-XR-ipv4-bgp-oper:bgp/instances/instance/instance-active/default-vrf/process-info,spine2,,62,64,231,2,,default,0,true,1,1241458,default,64,431,11671,1241458
2020-01-21 08:22:09.699000+00:00,Cisco-IOS-XR-ipv4-bgp-oper:bgp/instances/instance/instance-active/default-vrf/process-info,spine2,,62,64,231,2,,default,0,true,1,1241458,default,64,431,11671,1241458
2020-01-21 08:22:15.704000+00:00,Cisco-IOS-XR-ipv4-bgp-oper:bgp/instances/instance/instance-active/default-vrf/process-info,spine2,,62,64,231,2,,default,0,true,1,1241470,default,64,431,11675,1241470
2020-01-21 08:22:19.697000+00:00,Cisco-IOS-XR-ipv4-bgp-oper:bgp/instances/instance/instance-active/default-vrf/process-info,spine2,,62,64,231,2,,default,0,true,1,1241470,default,64,431,11675,1241470
2020-01-21 08:22:25.592000+00:00,Cisco-IOS-XR-ipv4-bgp-oper:bgp/instances/instance/instance-active/default-vrf/process-info,spine2,,62,64,231,2,,default,0,true,1,1241520,default,64,431,11648,1241520
2020-01-21 08:22:29.705000+00:00,Cisco-IOS-XR-ipv4-bgp-oper:bgp/instances/instance/instance-active/default-vrf/process-info,spine2,,62,64,231,2,,default,0,true,1,1241535,default,64,431,11648,1241535
2020-01-21 08:22:35.586000+00:00,Cisco-IOS-XR-ipv4-bgp-oper:bgp/instances/instance/instance-active/default-vrf/process-info,spine2,,62,64,231,2,,default,0,true,1,1241535,default,64,431,11648,1241535
2020-01-21 08:22:39.691000+00:00,Cisco-IOS-XR-ipv4-bgp-oper:bgp/instances/instance/instance-active/default-vrf/process-info,spine2,,62,64,231,2,,default,0,true,1,1241535,default,64,431,11648,1241535
2020-01-21 08:22:45.581000+00:00,Cisco-IOS-XR-ipv4-bgp-oper:bgp/instances/instance/instance-active/default-vrf/process-info,spine2,,62,64,231,2,,default,0,true,1,1241547,default,64,431,11648,1241547
2020-01-21 08:22:49.691000+00:00,Cisco-IOS-XR-ipv4-bgp-oper:bgp/instances/instance/instance-active/default-vrf/process-info,spine2,,62,64,231,2,,default,0,true,1,1241547,default,64,431,11648,1241547
2020-01-21 08:22:56.925000+00:00,Cisco-IOS-XR-ipv4-bgp-oper:bgp/instances/instance/instance-active/default-vrf/process-info,spine2,,62,64,231,2,,default,0,true,1,1241593,default,64,431,11663,1241593
2020-01-21 08:22:59.690000+00:00,Cisco-IOS-XR-ipv4-bgp-oper:bgp/instances/instance/instance-active/default-vrf/process-info,spine2,,62,64,231,2,,default,0,true,1,1241608,default,64,431,11663,1241608
2020-01-21 08:23:05.598000+00:00,Cisco-IOS-XR-ipv4-bgp-oper:bgp/instances/instance/instance-active/default-vrf/process-info,spine2,,62,64,231,2,,default,0,true,1,1241608,default,64,430,11663,1241608
2020-01-21 08:23:09.690000+00:00,Cisco-IOS-XR-ipv4-bgp-oper:bgp/instances/instance/instance-active/default-vrf/process-info,spine2,,62,64,231,2,,default,0,true,1,1241608,default,64,430,11663,1241608
2020-01-21 08:23:15.581000+00:00,Cisco-IOS-XR-ipv4-bgp-oper:bgp/instances/instance/instance-active/default-vrf/process-info,spine2,,62,64,231,2,,default,0,true,1,1241620,default,64,430,11663,1241620
2020-01-21 08:23:19.688000+00:00,Cisco-IOS-XR-ipv4-bgp-oper:bgp/instances/instance/instance-active/default-vrf/process-info,spine2,,62,64,231,2,,default,0,true,1,1241620,default,64,430,11663,1241620
2020-01-21 08:23:25.891000+00:00,Cisco-IOS-XR-ipv4-bgp-oper:bgp/instances/instance/instance-active/default-vrf/process-info,spine2,,62,64,231,2,,default,0,true,1,1241662,default,64,430,11652,1241662
2020-01-21 08:23:29.696000+00:00,Cisco-IOS-XR-ipv4-bgp-oper:bgp/instances/instance/instance-active/default-vrf/process-info,spine2,,62,64,231,2,,default,0,true,1,1241677,default,64,430,11648,1241677
2020-01-21 08:23:35.595000+00:00,Cisco-IOS-XR-ipv4-bgp-oper:bgp/instances/instance/instance-active/default-vrf/process-info,spine2,,62,64,231,2,,default,0,true,1,1241677,default,64,430,11648,1241677
2020-01-21 08:23:39.706000+00:00,Cisco-IOS-XR-ipv4-bgp-oper:bgp/instances/instance/instance-active/default-vrf/process-info,spine2,,62,64,231,2,,default,0,true,1,1241677,default,64,430,11648,1241677
2020-01-21 08:23:45.610000+00:00,Cisco-IOS-XR-ipv4-bgp-oper:bgp/instances/instance/instance-active/default-vrf/process-info,spine2,,62,64,231,2,,default,0,true,1,1241689,default,64,430,11640,1241689
2020-01-21 08:23:49.703000+00:00,Cisco-IOS-XR-ipv4-bgp-oper:bgp/instances/instance/instance-active/default-vrf/process-info,spine2,,62,64,231,2,,default,0,true,1,1241689,default,64,430,11640,1241689
2020-01-21 08:23:55.577000+00:00,Cisco-IOS-XR-ipv4-bgp-oper:bgp/instances/instance/instance-active/default-vrf/process-info,spine2,,62,64,231,2,,default,0,true,1,1241727,default,64,430,11636,1241727
2020-01-21 08:23:59.691000+00:00,Cisco-IOS-XR-ipv4-bgp-oper:bgp/instances/instance/instance-active/default-vrf/process-info,spine2,,62,64,231,2,,default,0,true,1,1241742,default,64,430,11637,1241742
2020-01-21 08:24:05.682000+00:00,Cisco-IOS-XR-ipv4-bgp-oper:bgp/instances/instance/instance-active/default-vrf/process-info,spine2,,62,64,231,2,,default,0,true,1,1241742,default,64,429,11637,1241742
2020-01-21 08:24:09.697000+00:00,Cisco-IOS-XR-ipv4-bgp-oper:bgp/instances/instance/instance-active/default-vrf/process-info,spine2,,62,64,231,2,,default,0,true,1,1241742,default,64,429,11637,1241742
2020-01-21 08:24:15.586000+00:00,Cisco-IOS-XR-ipv4-bgp-oper:bgp/instances/instance/instance-active/default-vrf/process-info,spine2,,62,64,231,2,,default,0,true,1,1241750,default,64,429,11637,1241750
2020-01-21 08:24:19.697000+00:00,Cisco-IOS-XR-ipv4-bgp-oper:bgp/instances/instance/instance-active/default-vrf/process-info,spine2,,62,64,231,2,,default,0,true,1,1241750,default,64,429,11637,1241750
2020-01-21 08:24:26.652000+00:00,Cisco-IOS-XR-ipv4-bgp-oper:bgp/instances/instance/instance-active/default-vrf/process-info,spine2,,62,64,231,2,,default,0,true,1,1241773,default,64,429,11637,1241773
2020-01-21 08:24:29.698000+00:00,Cisco-IOS-XR-ipv4-bgp-oper:bgp/instances/instance/instance-active/default-vrf/process-info,spine2,,62,64,231,2,,default,0,true,1,1241788,default,64,429,11633,1241788
2020-01-21 08:24:35.609000+00:00,Cisco-IOS-XR-ipv4-bgp-oper:bgp/instances/instance/instance-active/default-vrf/process-info,spine2,,62,64,231,2,,default,0,true,1,1241788,default,64,429,11633,1241788
2020-01-21 08:24:39.710000+00:00,Cisco-IOS-XR-ipv4-bgp-oper:bgp/instances/instance/instance-active/default-vrf/process-info,spine2,,62,64,231,2,,default,0,true,1,1241788,default,64,429,11633,1241788
2020-01-21 08:24:45.582000+00:00,Cisco-IOS-XR-ipv4-bgp-oper:bgp/instances/instance/instance-active/default-vrf/process-info,spine2,,62,64,231,2,,default,0,true,1,1241796,default,64,429,11629,1241796
2020-01-21 08:24:49.699000+00:00,Cisco-IOS-XR-ipv4-bgp-oper:bgp/instances/instance/instance-active/default-vrf/process-info,spine2,,62,64,231,2,,default,0,true,1,1241816,default,64,430,11649,1241816
2020-01-21 08:24:55.614000+00:00,Cisco-IOS-XR-ipv4-bgp-oper:bgp/instances/instance/instance-active/default-vrf/process-info,spine2,,62,64,231,2,,default,0,true,1,1241843,default,64,430,11668,1241843
2020-01-21 08:25:01.960000+00:00,Cisco-IOS-XR-ipv4-bgp-oper:bgp/instances/instance/instance-active/default-vrf/process-info,spine2,,62,64,231,2,,default,0,true,1,1241858,default,64,430,11675,1241858
2020-01-21 08:25:05.581000+00:00,Cisco-IOS-XR-ipv4-bgp-oper:bgp/instances/instance/instance-active/default-vrf/process-info,spine2,,62,64,231,2,,default,0,true,1,1241858,default,64,430,11675,1241858
2020-01-21 08:25:09.703000+00:00,Cisco-IOS-XR-ipv4-bgp-oper:bgp/instances/instance/instance-active/default-vrf/process-info,spine2,,62,64,231,2,,default,0,true,1,1241858,default,64,430,11675,1241858
2020-01-21 08:25:15.658000+00:00,Cisco-IOS-XR-ipv4-bgp-oper:bgp/instances/instance/instance-active/default-vrf/process-info,spine2,,62,64,231,2,,default,0,true,1,1241866,default,64,430,11683,1241866
2020-01-21 08:25:19.709000+00:00,Cisco-IOS-XR-ipv4-bgp-oper:bgp/instances/instance/instance-active/default-vrf/process-info,spine2,,62,64,231,2,,default,0,true,1,1241886,default,64,430,11683,1241886
2020-01-21 08:25:25.608000+00:00,Cisco-IOS-XR-ipv4-bgp-oper:bgp/instances/instance/instance-active/default-vrf/process-info,spine2,,62,64,231,2,,default,0,true,1,1241905,default,64,430,11683,1241905
2020-01-21 08:25:29.698000+00:00,Cisco-IOS-XR-ipv4-bgp-oper:bgp/instances/instance/instance-active/default-vrf/process-info,spine2,,62,64,231,2,,default,0,true,1,1241920,default,64,430,11668,1241920
2020-01-21 08:25:35.610000+00:00,Cisco-IOS-XR-ipv4-bgp-oper:bgp/instances/instance/instance-active/default-vrf/process-info,spine2,,62,64,231,2,,default,0,true,1,1241920,default,64,430,11668,1241920
2020-01-21 08:25:39.701000+00:00,Cisco-IOS-XR-ipv4-bgp-oper:bgp/instances/instance/instance-active/default-vrf/process-info,spine2,,62,64,231,2,,default,0,true,1,1241920,default,64,430,11668,1241920
2020-01-21 08:25:45.585000+00:00,Cisco-IOS-XR-ipv4-bgp-oper:bgp/instances/instance/instance-active/default-vrf/process-info,spine2,,62,64,231,2,,default,0,true,1,1241928,default,64,430,11660,1241928
2020-01-21 08:25:49.707000+00:00,Cisco-IOS-XR-ipv4-bgp-oper:bgp/instances/instance/instance-active/default-vrf/process-info,spine2,,62,64,231,2,,default,0,true,1,1241948,default,64,430,11660,1241948
2020-01-21 08:25:55.670000+00:00,Cisco-IOS-XR-ipv4-bgp-oper:bgp/instances/instance/instance-active/default-vrf/process-info,spine2,,62,64,231,2,,default,0,true,1,1241967,default,64,430,11660,1241967
2020-01-21 08:25:59.703000+00:00,Cisco-IOS-XR-ipv4-bgp-oper:bgp/instances/instance/instance-active/default-vrf/process-info,spine2,,62,64,231,2,,default,0,true,1,1241982,default,64,430,11675,1241982
2020-01-21 08:26:05.583000+00:00,Cisco-IOS-XR-ipv4-bgp-oper:bgp/instances/instance/instance-active/default-vrf/process-info,spine2,,62,64,231,2,,default,0,true,1,1241982,default,64,430,11675,1241982
2020-01-21 08:26:09.705000+00:00,Cisco-IOS-XR-ipv4-bgp-oper:bgp/instances/instance/instance-active/default-vrf/process-info,spine2,,62,64,231,2,,default,0,true,1,1241982,default,64,430,11675,1241982
2020-01-21 08:26:15.584000+00:00,Cisco-IOS-XR-ipv4-bgp-oper:bgp/instances/instance/instance-active/default-vrf/process-info,spine2,,62,64,231,2,,default,0,true,1,1241990,default,64,430,11683,1241990
2020-01-21 08:26:19.705000+00:00,Cisco-IOS-XR-ipv4-bgp-oper:bgp/instances/instance/instance-active/default-vrf/process-info,spine2,,62,64,231,2,,default,0,true,1,1241994,default,64,430,11683,1241994
2020-01-21 08:26:25.606000+00:00,Cisco-IOS-XR-ipv4-bgp-oper:bgp/instances/instance/instance-active/default-vrf/process-info,spine2,,62,64,231,2,,default,0,true,1,1241994,default,64,430,11683,1241994
2020-01-21 08:26:30.605000+00:00,Cisco-IOS-XR-ipv4-bgp-oper:bgp/instances/instance/instance-active/default-vrf/process-info,spine2,,62,64,231,2,,default,0,true,1,1241994,default,64,430,11683,1241994
2020-01-21 08:26:35.590000+00:00,Cisco-IOS-XR-ipv4-bgp-oper:bgp/instances/instance/instance-active/default-vrf/process-info,spine2,,62,64,231,2,,default,0,true,1,1241994,default,64,430,11683,1241994
2020-01-21 08:26:39.705000+00:00,Cisco-IOS-XR-ipv4-bgp-oper:bgp/instances/instance/instance-active/default-vrf/process-info,spine2,,62,64,231,2,,default,0,true,1,1241994,default,64,430,11683,1241994
2020-01-21 08:26:45.756000+00:00,Cisco-IOS-XR-ipv4-bgp-oper:bgp/instances/instance/instance-active/default-vrf/process-info,spine2,,62,64,231,2,,default,0,true,1,1241994,default,64,430,11683,1241994
2020-01-21 08:26:49.704000+00:00,Cisco-IOS-XR-ipv4-bgp-oper:bgp/instances/instance/instance-active/default-vrf/process-info,spine2,,62,64,231,2,,default,0,true,1,1241994,default,64,430,11683,1241994
2020-01-21 08:26:55.608000+00:00,Cisco-IOS-XR-ipv4-bgp-oper:bgp/instances/instance/instance-active/default-vrf/process-info,spine2,,62,64,231,2,,default,0,true,1,1241994,default,64,430,11683,1241994
2020-01-21 08:26:59.714000+00:00,Cisco-IOS-XR-ipv4-bgp-oper:bgp/instances/instance/instance-active/default-vrf/process-info,spine2,,62,64,231,2,,default,0,true,1,1241994,default,64,430,11683,1241994
2020-01-21 08:27:07.136000+00:00,Cisco-IOS-XR-ipv4-bgp-oper:bgp/instances/instance/instance-active/default-vrf/process-info,spine2,,62,64,231,2,,default,0,true,1,1241994,default,64,430,11683,1241994
2020-01-21 08:27:09.700000+00:00,Cisco-IOS-XR-ipv4-bgp-oper:bgp/instances/instance/instance-active/default-vrf/process-info,spine2,,62,64,231,2,,default,0,true,1,1241994,default,64,430,11683,1241994
2020-01-21 08:27:15.600000+00:00,Cisco-IOS-XR-ipv4-bgp-oper:bgp/instances/instance/instance-active/default-vrf/process-info,spine2,,62,64,231,2,,default,0,true,1,1241994,default,64,430,11683,1241994
2020-01-21 08:27:19.715000+00:00,Cisco-IOS-XR-ipv4-bgp-oper:bgp/instances/instance/instance-active/default-vrf/process-info,spine2,,62,64,231,2,,default,0,true,1,1241994,default,64,430,11683,1241994
2020-01-21 08:27:25.614000+00:00,Cisco-IOS-XR-ipv4-bgp-oper:bgp/instances/instance/instance-active/default-vrf/process-info,spine2,,62,64,231,2,,default,0,true,1,1241994,default,64,430,11683,1241994
2020-01-21 08:27:29.699000+00:00,Cisco-IOS-XR-ipv4-bgp-oper:bgp/instances/instance/instance-active/default-vrf/process-info,spine2,,62,64,231,2,,default,0,true,1,1241994,default,64,430,11683,1241994
2020-01-21 08:27:35.589000+00:00,Cisco-IOS-XR-ipv4-bgp-oper:bgp/instances/instance/instance-active/default-vrf/process-info,spine2,,62,64,231,2,,default,0,true,1,1241994,default,64,430,11683,1241994
2020-01-21 08:27:39.704000+00:00,Cisco-IOS-XR-ipv4-bgp-oper:bgp/instances/instance/instance-active/default-vrf/process-info,spine2,,62,64,231,2,,default,0,true,1,1241994,default,64,430,11683,1241994
2020-01-21 08:27:45.687000+00:00,Cisco-IOS-XR-ipv4-bgp-oper:bgp/instances/instance/instance-active/default-vrf/process-info,spine2,,62,64,231,2,,default,0,true,1,1241994,default,64,430,11683,1241994
2020-01-21 08:27:49.703000+00:00,Cisco-IOS-XR-ipv4-bgp-oper:bgp/instances/instance/instance-active/default-vrf/process-info,spine2,,62,64,231,2,,default,0,true,1,1241994,default,64,430,11683,1241994
2020-01-21 08:27:55.583000+00:00,Cisco-IOS-XR-ipv4-bgp-oper:bgp/instances/instance/instance-active/default-vrf/process-info,spine2,,62,64,231,2,,default,0,true,1,1241994,default,64,430,11683,1241994
2020-01-21 08:27:59.696000+00:00,Cisco-IOS-XR-ipv4-bgp-oper:bgp/instances/instance/instance-active/default-vrf/process-info,spine2,,62,64,231,2,,default,0,true,1,1241994,default,64,430,11683,1241994
2020-01-21 08:28:05.581000+00:00,Cisco-IOS-XR-ipv4-bgp-oper:bgp/instances/instance/instance-active/default-vrf/process-info,spine2,,62,64,231,2,,default,0,true,1,1241994,default,64,430,11683,1241994
2020-01-21 08:28:09.700000+00:00,Cisco-IOS-XR-ipv4-bgp-oper:bgp/instances/instance/instance-active/default-vrf/process-info,spine2,,62,64,231,2,,default,0,true,1,1241994,default,64,430,11683,1241994
2020-01-21 08:28:15.588000+00:00,Cisco-IOS-XR-ipv4-bgp-oper:bgp/instances/instance/instance-active/default-vrf/process-info,spine2,,62,64,231,2,,default,0,true,1,1241994,default,64,430,11683,1241994
2020-01-21 08:28:19.702000+00:00,Cisco-IOS-XR-ipv4-bgp-oper:bgp/instances/instance/instance-active/default-vrf/process-info,spine2,,62,64,231,2,,default,0,true,1,1241994,default,64,430,11683,1241994
2020-01-21 08:28:25.609000+00:00,Cisco-IOS-XR-ipv4-bgp-oper:bgp/instances/instance/instance-active/default-vrf/process-info,spine2,,62,64,231,2,,default,0,true,1,1241994,default,64,430,11683,1241994
2020-01-21 08:28:29.700000+00:00,Cisco-IOS-XR-ipv4-bgp-oper:bgp/instances/instance/instance-active/default-vrf/process-info,spine2,,62,64,231,2,,default,0,true,1,1241994,default,64,430,11683,1241994
2020-01-21 08:28:35.821000+00:00,Cisco-IOS-XR-ipv4-bgp-oper:bgp/instances/instance/instance-active/default-vrf/process-info,spine2,,62,64,231,2,,default,0,true,1,1241994,default,64,430,11683,1241994
2020-01-21 08:28:39.704000+00:00,Cisco-IOS-XR-ipv4-bgp-oper:bgp/instances/instance/instance-active/default-vrf/process-info,spine2,,62,64,231,2,,default,0,true,1,1241994,default,64,430,11683,1241994
2020-01-21 08:28:45.583000+00:00,Cisco-IOS-XR-ipv4-bgp-oper:bgp/instances/instance/instance-active/default-vrf/process-info,spine2,,62,64,231,2,,default,0,true,1,1241994,default,64,430,11683,1241994
2020-01-21 08:28:49.700000+00:00,Cisco-IOS-XR-ipv4-bgp-oper:bgp/instances/instance/instance-active/default-vrf/process-info,spine2,,62,64,231,2,,default,0,true,1,1241994,default,64,430,11683,1241994
2020-01-21 08:28:55.614000+00:00,Cisco-IOS-XR-ipv4-bgp-oper:bgp/instances/instance/instance-active/default-vrf/process-info,spine2,,62,64,231,2,,default,0,true,1,1241994,default,64,430,11683,1241994
2020-01-21 08:28:59.710000+00:00,Cisco-IOS-XR-ipv4-bgp-oper:bgp/instances/instance/instance-active/default-vrf/process-info,spine2,,62,64,231,2,,default,0,true,1,1241994,default,64,430,11683,1241994
2020-01-21 08:29:05.613000+00:00,Cisco-IOS-XR-ipv4-bgp-oper:bgp/instances/instance/instance-active/default-vrf/process-info,spine2,,62,64,231,2,,default,0,true,1,1241994,default,64,430,11683,1241994
2020-01-21 08:29:12.181000+00:00,Cisco-IOS-XR-ipv4-bgp-oper:bgp/instances/instance/instance-active/default-vrf/process-info,spine2,,62,64,231,2,,default,0,true,1,1241994,default,64,430,11683,1241994
2020-01-21 08:29:15.596000+00:00,Cisco-IOS-XR-ipv4-bgp-oper:bgp/instances/instance/instance-active/default-vrf/process-info,spine2,,62,64,231,2,,default,0,true,1,1241994,default,64,430,11683,1241994
2020-01-21 08:29:19.707000+00:00,Cisco-IOS-XR-ipv4-bgp-oper:bgp/instances/instance/instance-active/default-vrf/process-info,spine2,,62,64,231,2,,default,0,true,1,1241994,default,64,430,11683,1241994
2020-01-21 08:29:25.583000+00:00,Cisco-IOS-XR-ipv4-bgp-oper:bgp/instances/instance/instance-active/default-vrf/process-info,spine2,,62,64,231,2,,default,0,true,1,1241994,default,64,430,11683,1241994
2020-01-21 08:29:29.709000+00:00,Cisco-IOS-XR-ipv4-bgp-oper:bgp/instances/instance/instance-active/default-vrf/process-info,spine2,,62,64,231,2,,default,0,true,1,1241994,default,64,430,11683,1241994
2020-01-21 08:29:36.485000+00:00,Cisco-IOS-XR-ipv4-bgp-oper:bgp/instances/instance/instance-active/default-vrf/process-info,spine2,,62,64,231,2,,default,0,true,1,1241994,default,64,430,11683,1241994
2020-01-21 08:29:39.705000+00:00,Cisco-IOS-XR-ipv4-bgp-oper:bgp/instances/instance/instance-active/default-vrf/process-info,spine2,,62,64,231,2,,default,0,true,1,1241994,default,64,430,11683,1241994
2020-01-21 08:29:45.585000+00:00,Cisco-IOS-XR-ipv4-bgp-oper:bgp/instances/instance/instance-active/default-vrf/process-info,spine2,,62,64,231,2,,default,0,true,1,1241994,default,64,430,11683,1241994
2020-01-21 08:29:49.700000+00:00,Cisco-IOS-XR-ipv4-bgp-oper:bgp/instances/instance/instance-active/default-vrf/process-info,spine2,,62,64,231,2,,default,0,true,1,1241994,default,64,430,11683,1241994
2020-01-21 08:29:55.586000+00:00,Cisco-IOS-XR-ipv4-bgp-oper:bgp/instances/instance/instance-active/default-vrf/process-info,spine2,,62,64,231,2,,default,0,true,1,1241994,default,64,430,11683,1241994
2020-01-21 08:29:59.709000+00:00,Cisco-IOS-XR-ipv4-bgp-oper:bgp/instances/instance/instance-active/default-vrf/process-info,spine2,,62,64,231,2,,default,0,true,1,1241994,default,64,430,11683,1241994
2020-01-21 08:30:05.583000+00:00,Cisco-IOS-XR-ipv4-bgp-oper:bgp/instances/instance/instance-active/default-vrf/process-info,spine2,,62,64,231,2,,default,0,true,1,1241994,default,64,430,11683,1241994
2020-01-21 08:30:09.707000+00:00,Cisco-IOS-XR-ipv4-bgp-oper:bgp/instances/instance/instance-active/default-vrf/process-info,spine2,,62,64,231,2,,default,0,true,1,1241994,default,64,430,11683,1241994
2020-01-21 08:30:15.585000+00:00,Cisco-IOS-XR-ipv4-bgp-oper:bgp/instances/instance/instance-active/default-vrf/process-info,spine2,,62,64,231,2,,default,0,true,1,1241994,default,64,430,11683,1241994
2020-01-21 08:30:19.704000+00:00,Cisco-IOS-XR-ipv4-bgp-oper:bgp/instances/instance/instance-active/default-vrf/process-info,spine2,,62,64,231,2,,default,0,true,1,1241994,default,64,430,11683,1241994
2020-01-21 08:30:25.621000+00:00,Cisco-IOS-XR-ipv4-bgp-oper:bgp/instances/instance/instance-active/default-vrf/process-info,spine2,,62,64,231,2,,default,0,true,1,1241994,default,64,430,11683,1241994
2020-01-21 08:30:29.708000+00:00,Cisco-IOS-XR-ipv4-bgp-oper:bgp/instances/instance/instance-active/default-vrf/process-info,spine2,,62,64,231,2,,default,0,true,1,1241994,default,64,430,11683,1241994
2020-01-21 08:30:35.605000+00:00,Cisco-IOS-XR-ipv4-bgp-oper:bgp/instances/instance/instance-active/default-vrf/process-info,spine2,,62,64,231,2,,default,0,true,1,1241994,default,64,430,11683,1241994
2020-01-21 08:30:39.714000+00:00,Cisco-IOS-XR-ipv4-bgp-oper:bgp/instances/instance/instance-active/default-vrf/process-info,spine2,,62,64,231,2,,default,0,true,1,1241994,default,64,430,11683,1241994
2020-01-21 08:30:45.623000+00:00,Cisco-IOS-XR-ipv4-bgp-oper:bgp/instances/instance/instance-active/default-vrf/process-info,spine2,,62,64,231,2,,default,0,true,1,1241994,default,64,430,11683,1241994
2020-01-21 08:30:49.703000+00:00,Cisco-IOS-XR-ipv4-bgp-oper:bgp/instances/instance/instance-active/default-vrf/process-info,spine2,,62,64,231,2,,default,0,true,1,1241994,default,64,430,11683,1241994
2020-01-21 08:30:55.606000+00:00,Cisco-IOS-XR-ipv4-bgp-oper:bgp/instances/instance/instance-active/default-vrf/process-info,spine2,,62,64,231,2,,default,0,true,1,1241994,default,64,430,11683,1241994
2020-01-21 08:30:59.717000+00:00,Cisco-IOS-XR-ipv4-bgp-oper:bgp/instances/instance/instance-active/default-vrf/process-info,spine2,,62,64,231,2,,default,0,true,1,1241994,default,64,430,11683,1241994
2020-01-21 08:31:05.595000+00:00,Cisco-IOS-XR-ipv4-bgp-oper:bgp/instances/instance/instance-active/default-vrf/process-info,spine2,,62,64,231,2,,default,0,true,1,1241994,default,64,430,11683,1241994
2020-01-21 08:31:09.704000+00:00,Cisco-IOS-XR-ipv4-bgp-oper:bgp/instances/instance/instance-active/default-vrf/process-info,spine2,,62,64,231,2,,default,0,true,1,1241994,default,64,430,11683,1241994
2020-01-21 08:31:17.266000+00:00,Cisco-IOS-XR-ipv4-bgp-oper:bgp/instances/instance/instance-active/default-vrf/process-info,spine2,,62,64,231,2,,default,0,true,1,1241994,default,64,430,11683,1241994
2020-01-21 08:31:19.709000+00:00,Cisco-IOS-XR-ipv4-bgp-oper:bgp/instances/instance/instance-active/default-vrf/process-info,spine2,,62,64,231,2,,default,0,true,1,1241994,default,64,430,11683,1241994
2020-01-21 08:31:25.661000+00:00,Cisco-IOS-XR-ipv4-bgp-oper:bgp/instances/instance/instance-active/default-vrf/process-info,spine2,,62,64,231,2,,default,0,true,1,1241994,default,64,430,11683,1241994
2020-01-21 08:31:29.712000+00:00,Cisco-IOS-XR-ipv4-bgp-oper:bgp/instances/instance/instance-active/default-vrf/process-info,spine2,,62,64,231,2,,default,0,true,1,1241994,default,64,430,11683,1241994
2020-01-21 08:31:35.596000+00:00,Cisco-IOS-XR-ipv4-bgp-oper:bgp/instances/instance/instance-active/default-vrf/process-info,spine2,,62,64,231,2,,default,0,true,1,1241994,default,64,430,11683,1241994
2020-01-21 08:31:40.430000+00:00,Cisco-IOS-XR-ipv4-bgp-oper:bgp/instances/instance/instance-active/default-vrf/process-info,spine2,,62,64,231,2,,default,0,true,1,1241994,default,64,430,11683,1241994
2020-01-21 08:31:45.628000+00:00,Cisco-IOS-XR-ipv4-bgp-oper:bgp/instances/instance/instance-active/default-vrf/process-info,spine2,,62,64,231,2,,default,0,true,1,1241994,default,64,430,11683,1241994
2020-01-21 08:31:49.711000+00:00,Cisco-IOS-XR-ipv4-bgp-oper:bgp/instances/instance/instance-active/default-vrf/process-info,spine2,,62,64,231,2,,default,0,true,1,1241994,default,64,430,11683,1241994
2020-01-21 08:31:55.616000+00:00,Cisco-IOS-XR-ipv4-bgp-oper:bgp/instances/instance/instance-active/default-vrf/process-info,spine2,,62,64,231,2,,default,0,true,1,1242025,default,64,430,11683,1242025
2020-01-21 08:31:59.713000+00:00,Cisco-IOS-XR-ipv4-bgp-oper:bgp/instances/instance/instance-active/default-vrf/process-info,spine2,,62,64,231,2,,default,0,true,1,1242025,default,64,430,11683,1242025
2020-01-21 08:32:05.591000+00:00,Cisco-IOS-XR-ipv4-bgp-oper:bgp/instances/instance/instance-active/default-vrf/process-info,spine2,,62,64,231,2,,default,0,true,1,1242025,default,64,430,11683,1242025
2020-01-21 08:32:09.706000+00:00,Cisco-IOS-XR-ipv4-bgp-oper:bgp/instances/instance/instance-active/default-vrf/process-info,spine2,,62,64,231,2,,default,0,true,1,1242025,default,64,430,11683,1242025
2020-01-21 08:32:15.604000+00:00,Cisco-IOS-XR-ipv4-bgp-oper:bgp/instances/instance/instance-active/default-vrf/process-info,spine2,,62,64,231,2,,default,0,true,1,1242025,default,64,430,11683,1242025
2020-01-21 08:32:19.791000+00:00,Cisco-IOS-XR-ipv4-bgp-oper:bgp/instances/instance/instance-active/default-vrf/process-info,spine2,,62,64,231,2,,default,0,true,1,1242025,default,64,430,11683,1242025
2020-01-21 08:32:25.714000+00:00,Cisco-IOS-XR-ipv4-bgp-oper:bgp/instances/instance/instance-active/default-vrf/process-info,spine2,,62,64,231,2,,default,0,true,1,1242056,default,64,430,11683,1242056
2020-01-21 08:32:29.713000+00:00,Cisco-IOS-XR-ipv4-bgp-oper:bgp/instances/instance/instance-active/default-vrf/process-info,spine2,,62,64,231,2,,default,0,true,1,1242056,default,64,430,11683,1242056
2020-01-21 08:32:35.594000+00:00,Cisco-IOS-XR-ipv4-bgp-oper:bgp/instances/instance/instance-active/default-vrf/process-info,spine2,,62,64,231,2,,default,0,true,1,1242056,default,64,430,11683,1242056
2020-01-21 08:32:39.705000+00:00,Cisco-IOS-XR-ipv4-bgp-oper:bgp/instances/instance/instance-active/default-vrf/process-info,spine2,,62,64,231,2,,default,0,true,1,1242056,default,64,430,11683,1242056
2020-01-21 08:32:45.592000+00:00,Cisco-IOS-XR-ipv4-bgp-oper:bgp/instances/instance/instance-active/default-vrf/process-info,spine2,,62,64,231,2,,default,0,true,1,1242056,default,64,430,11683,1242056
2020-01-21 08:32:49.709000+00:00,Cisco-IOS-XR-ipv4-bgp-oper:bgp/instances/instance/instance-active/default-vrf/process-info,spine2,,62,64,231,2,,default,0,true,1,1242056,default,64,430,11683,1242056
2020-01-21 08:32:55.596000+00:00,Cisco-IOS-XR-ipv4-bgp-oper:bgp/instances/instance/instance-active/default-vrf/process-info,spine2,,62,64,231,2,,default,0,true,1,1242087,default,64,430,11679,1242087
2020-01-21 08:32:59.705000+00:00,Cisco-IOS-XR-ipv4-bgp-oper:bgp/instances/instance/instance-active/default-vrf/process-info,spine2,,62,64,231,2,,default,0,true,1,1242087,default,64,430,11679,1242087
2020-01-21 08:33:05.603000+00:00,Cisco-IOS-XR-ipv4-bgp-oper:bgp/instances/instance/instance-active/default-vrf/process-info,spine2,,62,64,231,2,,default,0,true,1,1242087,default,64,430,11679,1242087
2020-01-21 08:33:09.714000+00:00,Cisco-IOS-XR-ipv4-bgp-oper:bgp/instances/instance/instance-active/default-vrf/process-info,spine2,,62,64,231,2,,default,0,true,1,1242087,default,64,430,11679,1242087
2020-01-21 08:33:15.614000+00:00,Cisco-IOS-XR-ipv4-bgp-oper:bgp/instances/instance/instance-active/default-vrf/process-info,spine2,,62,64,231,2,,default,0,true,1,1242087,default,64,430,11679,1242087
2020-01-21 08:33:19.710000+00:00,Cisco-IOS-XR-ipv4-bgp-oper:bgp/instances/instance/instance-active/default-vrf/process-info,spine2,,62,64,231,2,,default,0,true,1,1242087,default,64,430,11679,1242087
2020-01-21 08:33:25.590000+00:00,Cisco-IOS-XR-ipv4-bgp-oper:bgp/instances/instance/instance-active/default-vrf/process-info,spine2,,62,64,231,2,,default,0,true,1,1242118,default,64,430,11683,1242118
2020-01-21 08:33:29.712000+00:00,Cisco-IOS-XR-ipv4-bgp-oper:bgp/instances/instance/instance-active/default-vrf/process-info,spine2,,62,64,231,2,,default,0,true,1,1242118,default,64,430,11683,1242118
2020-01-21 08:33:35.591000+00:00,Cisco-IOS-XR-ipv4-bgp-oper:bgp/instances/instance/instance-active/default-vrf/process-info,spine2,,62,64,231,2,,default,0,true,1,1242118,default,64,430,11683,1242118
2020-01-21 08:33:39.716000+00:00,Cisco-IOS-XR-ipv4-bgp-oper:bgp/instances/instance/instance-active/default-vrf/process-info,spine2,,62,64,231,2,,default,0,true,1,1242118,default,64,430,11683,1242118
2020-01-21 08:33:45.755000+00:00,Cisco-IOS-XR-ipv4-bgp-oper:bgp/instances/instance/instance-active/default-vrf/process-info,spine2,,62,64,231,2,,default,0,true,1,1242149,default,64,430,11683,1242149
2020-01-21 08:33:49.712000+00:00,Cisco-IOS-XR-ipv4-bgp-oper:bgp/instances/instance/instance-active/default-vrf/process-info,spine2,,62,64,231,2,,default,0,true,1,1242149,default,64,430,11683,1242149
2020-01-21 08:33:55.581000+00:00,Cisco-IOS-XR-ipv4-bgp-oper:bgp/instances/instance/instance-active/default-vrf/process-info,spine2,,62,64,231,2,,default,0,true,1,1242184,default,64,430,11675,1242184
2020-01-21 08:33:59.707000+00:00,Cisco-IOS-XR-ipv4-bgp-oper:bgp/instances/instance/instance-active/default-vrf/process-info,spine2,,62,64,231,2,,default,0,true,1,1242184,default,64,430,11675,1242184
2020-01-21 08:34:05.623000+00:00,Cisco-IOS-XR-ipv4-bgp-oper:bgp/instances/instance/instance-active/default-vrf/process-info,spine2,,62,64,231,2,,default,0,true,1,1242184,default,64,430,11675,1242184
2020-01-21 08:34:09.717000+00:00,Cisco-IOS-XR-ipv4-bgp-oper:bgp/instances/instance/instance-active/default-vrf/process-info,spine2,,62,64,231,2,,default,0,true,1,1242184,default,64,430,11675,1242184
2020-01-21 08:34:15.614000+00:00,Cisco-IOS-XR-ipv4-bgp-oper:bgp/instances/instance/instance-active/default-vrf/process-info,spine2,,62,64,231,2,,default,0,true,1,1242215,default,64,430,11675,1242215
2020-01-21 08:34:19.727000+00:00,Cisco-IOS-XR-ipv4-bgp-oper:bgp/instances/instance/instance-active/default-vrf/process-info,spine2,,62,64,231,2,,default,0,true,1,1242215,default,64,430,11675,1242215
2020-01-21 08:34:25.945000+00:00,Cisco-IOS-XR-ipv4-bgp-oper:bgp/instances/instance/instance-active/default-vrf/process-info,spine2,,62,64,231,2,,default,0,true,1,1242277,default,64,430,11667,1242277
2020-01-21 08:34:29.707000+00:00,Cisco-IOS-XR-ipv4-bgp-oper:bgp/instances/instance/instance-active/default-vrf/process-info,spine2,,62,64,231,2,,default,0,true,1,1242277,default,64,430,11667,1242277
2020-01-21 08:34:35.614000+00:00,Cisco-IOS-XR-ipv4-bgp-oper:bgp/instances/instance/instance-active/default-vrf/process-info,spine2,,62,64,231,2,,default,0,true,1,1242277,default,64,430,11667,1242277
2020-01-21 08:34:39.718000+00:00,Cisco-IOS-XR-ipv4-bgp-oper:bgp/instances/instance/instance-active/default-vrf/process-info,spine2,,62,64,231,2,,default,0,true,1,1242277,default,64,430,11667,1242277
2020-01-21 08:34:46.297000+00:00,Cisco-IOS-XR-ipv4-bgp-oper:bgp/instances/instance/instance-active/default-vrf/process-info,spine2,,62,64,231,2,,default,0,true,1,1242308,default,64,430,11663,1242308
2020-01-21 08:34:49.708000+00:00,Cisco-IOS-XR-ipv4-bgp-oper:bgp/instances/instance/instance-active/default-vrf/process-info,spine2,,62,64,231,2,,default,0,true,1,1242308,default,64,430,11663,1242308
2020-01-21 08:34:55.598000+00:00,Cisco-IOS-XR-ipv4-bgp-oper:bgp/instances/instance/instance-active/default-vrf/process-info,spine2,,62,64,231,2,,default,0,true,1,1242370,default,64,430,11652,1242370
2020-01-21 08:34:59.709000+00:00,Cisco-IOS-XR-ipv4-bgp-oper:bgp/instances/instance/instance-active/default-vrf/process-info,spine2,,62,64,231,2,,default,0,true,1,1242370,default,64,430,11652,1242370
2020-01-21 08:35:05.651000+00:00,Cisco-IOS-XR-ipv4-bgp-oper:bgp/instances/instance/instance-active/default-vrf/process-info,spine2,,62,64,231,2,,default,0,true,1,1242370,default,64,430,11652,1242370
2020-01-21 08:35:09.721000+00:00,Cisco-IOS-XR-ipv4-bgp-oper:bgp/instances/instance/instance-active/default-vrf/process-info,spine2,,62,64,231,2,,default,0,true,1,1242370,default,64,430,11652,1242370
