,EncodingPath,Producer,Target,host,node-name,total-cpu-fifteen-minute,total-cpu-five-minute,total-cpu-one-minute
2020-01-21 08:05:08.384000+00:00,Cisco-IOS-XR-wdsysmon-fd-oper:system-monitoring/cpu-utilization,spine2,,,0/RP0/CPU0,6,6,6
2020-01-21 08:05:09.021000+00:00,Cisco-IOS-XR-wdsysmon-fd-oper:system-monitoring/cpu-utilization,spine2,,,0/0/CPU0,5,5,5
2020-01-21 08:05:12.498000+00:00,Cisco-IOS-XR-wdsysmon-fd-oper:system-monitoring/cpu-utilization,spine2,,,0/RP0/CPU0,6,6,7
2020-01-21 08:05:13.135000+00:00,Cisco-IOS-XR-wdsysmon-fd-oper:system-monitoring/cpu-utilization,spine2,,,0/0/CPU0,5,5,5
2020-01-21 08:05:14.286000+00:00,Cisco-IOS-XR-wdsysmon-fd-oper:system-monitoring/cpu-utilization,spine2,,,0/RP0/CPU0,6,6,7
2020-01-21 08:05:14.923000+00:00,Cisco-IOS-XR-wdsysmon-fd-oper:system-monitoring/cpu-utilization,spine2,,,0/0/CPU0,5,5,5
2020-01-21 08:05:19.022000+00:00,Cisco-IOS-XR-wdsysmon-fd-oper:system-monitoring/cpu-utilization,spine2,,,0/RP0/CPU0,6,6,7
2020-01-21 08:05:19.659000+00:00,Cisco-IOS-XR-wdsysmon-fd-oper:system-monitoring/cpu-utilization,spine2,,,0/0/CPU0,5,5,5
2020-01-21 08:05:24.994000+00:00,Cisco-IOS-XR-wdsysmon-fd-oper:system-monitoring/cpu-utilization,spine2,,,0/RP0/CPU0,6,6,7
2020-01-21 08:05:25.630000+00:00,Cisco-IOS-XR-wdsysmon-fd-oper:system-monitoring/cpu-utilization,spine2,,,0/0/CPU0,5,5,5
2020-01-21 08:05:29.017000+00:00,Cisco-IOS-XR-wdsysmon-fd-oper:system-monitoring/cpu-utilization,spine2,,,0/RP0/CPU0,6,6,7
2020-01-21 08:05:29.650000+00:00,Cisco-IOS-XR-wdsysmon-fd-oper:system-monitoring/cpu-utilization,spine2,,,0/0/CPU0,5,5,5
2020-01-21 08:05:34.911000+00:00,Cisco-IOS-XR-wdsysmon-fd-oper:system-monitoring/cpu-utilization,spine2,,,0/RP0/CPU0,6,6,7
2020-01-21 08:05:35.545000+00:00,Cisco-IOS-XR-wdsysmon-fd-oper:system-monitoring/cpu-utilization,spine2,,,0/0/CPU0,5,5,5
2020-01-21 08:05:39.025000+00:00,Cisco-IOS-XR-wdsysmon-fd-oper:system-monitoring/cpu-utilization,spine2,,,0/RP0/CPU0,6,6,7
2020-01-21 08:05:39.662000+00:00,Cisco-IOS-XR-wdsysmon-fd-oper:system-monitoring/cpu-utilization,spine2,,,0/0/CPU0,5,5,5
2020-01-21 08:05:44.923000+00:00,Cisco-IOS-XR-wdsysmon-fd-oper:system-monitoring/cpu-utilization,spine2,,,0/RP0/CPU0,6,6,7
2020-01-21 08:05:45.553000+00:00,Cisco-IOS-XR-wdsysmon-fd-oper:system-monitoring/cpu-utilization,spine2,,,0/0/CPU0,5,5,5
2020-01-21 08:05:49.026000+00:00,Cisco-IOS-XR-wdsysmon-fd-oper:system-monitoring/cpu-utilization,spine2,,,0/RP0/CPU0,6,6,7
2020-01-21 08:05:51.550000+00:00,Cisco-IOS-XR-wdsysmon-fd-oper:system-monitoring/cpu-utilization,spine2,,,0/0/CPU0,5,5,5
2020-01-21 08:05:54.925000+00:00,Cisco-IOS-XR-wdsysmon-fd-oper:system-monitoring/cpu-utilization,spine2,,,0/RP0/CPU0,6,6,7
2020-01-21 08:05:55.555000+00:00,Cisco-IOS-XR-wdsysmon-fd-oper:system-monitoring/cpu-utilization,spine2,,,0/0/CPU0,5,5,5
2020-01-21 08:05:59.028000+00:00,Cisco-IOS-XR-wdsysmon-fd-oper:system-monitoring/cpu-utilization,spine2,,,0/RP0/CPU0,6,6,7
2020-01-21 08:05:59.662000+00:00,Cisco-IOS-XR-wdsysmon-fd-oper:system-monitoring/cpu-utilization,spine2,,,0/0/CPU0,5,5,5
2020-01-21 08:06:04.999000+00:00,Cisco-IOS-XR-wdsysmon-fd-oper:system-monitoring/cpu-utilization,spine2,,,0/RP0/CPU0,6,6,7
2020-01-21 08:06:05.627000+00:00,Cisco-IOS-XR-wdsysmon-fd-oper:system-monitoring/cpu-utilization,spine2,,,0/0/CPU0,5,5,5
2020-01-21 08:06:09.018000+00:00,Cisco-IOS-XR-wdsysmon-fd-oper:system-monitoring/cpu-utilization,spine2,,,0/RP0/CPU0,6,6,7
2020-01-21 08:06:09.646000+00:00,Cisco-IOS-XR-wdsysmon-fd-oper:system-monitoring/cpu-utilization,spine2,,,0/0/CPU0,5,5,5
2020-01-21 08:06:15.355000+00:00,Cisco-IOS-XR-wdsysmon-fd-oper:system-monitoring/cpu-utilization,spine2,,,0/RP0/CPU0,6,6,6
2020-01-21 08:06:15.982000+00:00,Cisco-IOS-XR-wdsysmon-fd-oper:system-monitoring/cpu-utilization,spine2,,,0/0/CPU0,5,5,5
2020-01-21 08:06:19.021000+00:00,Cisco-IOS-XR-wdsysmon-fd-oper:system-monitoring/cpu-utilization,spine2,,,0/RP0/CPU0,6,6,6
2020-01-21 08:06:19.652000+00:00,Cisco-IOS-XR-wdsysmon-fd-oper:system-monitoring/cpu-utilization,spine2,,,0/0/CPU0,5,5,5
2020-01-21 08:06:24.913000+00:00,Cisco-IOS-XR-wdsysmon-fd-oper:system-monitoring/cpu-utilization,spine2,,,0/RP0/CPU0,6,6,6
2020-01-21 08:06:25.543000+00:00,Cisco-IOS-XR-wdsysmon-fd-oper:system-monitoring/cpu-utilization,spine2,,,0/0/CPU0,5,5,5
2020-01-21 08:06:29.021000+00:00,Cisco-IOS-XR-wdsysmon-fd-oper:system-monitoring/cpu-utilization,spine2,,,0/RP0/CPU0,6,6,6
2020-01-21 08:06:29.653000+00:00,Cisco-IOS-XR-wdsysmon-fd-oper:system-monitoring/cpu-utilization,spine2,,,0/0/CPU0,5,5,5
2020-01-21 08:06:34.930000+00:00,Cisco-IOS-XR-wdsysmon-fd-oper:system-monitoring/cpu-utilization,spine2,,,0/RP0/CPU0,6,6,6
2020-01-21 08:06:35.561000+00:00,Cisco-IOS-XR-wdsysmon-fd-oper:system-monitoring/cpu-utilization,spine2,,,0/0/CPU0,5,5,5
2020-01-21 08:06:39.035000+00:00,Cisco-IOS-XR-wdsysmon-fd-oper:system-monitoring/cpu-utilization,spine2,,,0/RP0/CPU0,6,6,6
2020-01-21 08:06:39.666000+00:00,Cisco-IOS-XR-wdsysmon-fd-oper:system-monitoring/cpu-utilization,spine2,,,0/0/CPU0,5,5,5
2020-01-21 08:06:44.927000+00:00,Cisco-IOS-XR-wdsysmon-fd-oper:system-monitoring/cpu-utilization,spine2,,,0/RP0/CPU0,6,6,6
2020-01-21 08:06:45.558000+00:00,Cisco-IOS-XR-wdsysmon-fd-oper:system-monitoring/cpu-utilization,spine2,,,0/0/CPU0,5,5,5
2020-01-21 08:06:49.028000+00:00,Cisco-IOS-XR-wdsysmon-fd-oper:system-monitoring/cpu-utilization,spine2,,,0/RP0/CPU0,6,6,6
2020-01-21 08:06:49.660000+00:00,Cisco-IOS-XR-wdsysmon-fd-oper:system-monitoring/cpu-utilization,spine2,,,0/0/CPU0,5,5,5
2020-01-21 08:06:54.936000+00:00,Cisco-IOS-XR-wdsysmon-fd-oper:system-monitoring/cpu-utilization,spine2,,,0/RP0/CPU0,6,6,6
2020-01-21 08:06:55.567000+00:00,Cisco-IOS-XR-wdsysmon-fd-oper:system-monitoring/cpu-utilization,spine2,,,0/0/CPU0,5,5,5
2020-01-21 08:06:59.037000+00:00,Cisco-IOS-XR-wdsysmon-fd-oper:system-monitoring/cpu-utilization,spine2,,,0/RP0/CPU0,6,6,6
2020-01-21 08:06:59.669000+00:00,Cisco-IOS-XR-wdsysmon-fd-oper:system-monitoring/cpu-utilization,spine2,,,0/0/CPU0,5,5,5
2020-01-21 08:07:04.950000+00:00,Cisco-IOS-XR-wdsysmon-fd-oper:system-monitoring/cpu-utilization,spine2,,,0/RP0/CPU0,6,6,6
2020-01-21 08:07:05.581000+00:00,Cisco-IOS-XR-wdsysmon-fd-oper:system-monitoring/cpu-utilization,spine2,,,0/0/CPU0,5,5,5
2020-01-21 08:07:09.038000+00:00,Cisco-IOS-XR-wdsysmon-fd-oper:system-monitoring/cpu-utilization,spine2,,,0/RP0/CPU0,6,6,6
2020-01-21 08:07:09.675000+00:00,Cisco-IOS-XR-wdsysmon-fd-oper:system-monitoring/cpu-utilization,spine2,,,0/0/CPU0,5,5,5
2020-01-21 08:07:14.973000+00:00,Cisco-IOS-XR-wdsysmon-fd-oper:system-monitoring/cpu-utilization,spine2,,,0/RP0/CPU0,6,6,6
2020-01-21 08:07:15.605000+00:00,Cisco-IOS-XR-wdsysmon-fd-oper:system-monitoring/cpu-utilization,spine2,,,0/0/CPU0,5,5,5
2020-01-21 08:07:19.032000+00:00,Cisco-IOS-XR-wdsysmon-fd-oper:system-monitoring/cpu-utilization,spine2,,,0/RP0/CPU0,6,6,7
2020-01-21 08:07:19.660000+00:00,Cisco-IOS-XR-wdsysmon-fd-oper:system-monitoring/cpu-utilization,spine2,,,0/0/CPU0,5,5,5
2020-01-21 08:07:24.929000+00:00,Cisco-IOS-XR-wdsysmon-fd-oper:system-monitoring/cpu-utilization,spine2,,,0/RP0/CPU0,6,6,7
2020-01-21 08:07:25.560000+00:00,Cisco-IOS-XR-wdsysmon-fd-oper:system-monitoring/cpu-utilization,spine2,,,0/0/CPU0,5,5,5
2020-01-21 08:07:29.036000+00:00,Cisco-IOS-XR-wdsysmon-fd-oper:system-monitoring/cpu-utilization,spine2,,,0/RP0/CPU0,6,6,7
2020-01-21 08:07:29.667000+00:00,Cisco-IOS-XR-wdsysmon-fd-oper:system-monitoring/cpu-utilization,spine2,,,0/0/CPU0,5,5,5
2020-01-21 08:07:34.930000+00:00,Cisco-IOS-XR-wdsysmon-fd-oper:system-monitoring/cpu-utilization,spine2,,,0/RP0/CPU0,6,6,7
2020-01-21 08:07:35.562000+00:00,Cisco-IOS-XR-wdsysmon-fd-oper:system-monitoring/cpu-utilization,spine2,,,0/0/CPU0,5,5,5
2020-01-21 08:07:39.030000+00:00,Cisco-IOS-XR-wdsysmon-fd-oper:system-monitoring/cpu-utilization,spine2,,,0/RP0/CPU0,6,6,7
2020-01-21 08:07:39.661000+00:00,Cisco-IOS-XR-wdsysmon-fd-oper:system-monitoring/cpu-utilization,spine2,,,0/0/CPU0,5,5,5
2020-01-21 08:07:44.917000+00:00,Cisco-IOS-XR-wdsysmon-fd-oper:system-monitoring/cpu-utilization,spine2,,,0/RP0/CPU0,6,6,7
2020-01-21 08:07:45.549000+00:00,Cisco-IOS-XR-wdsysmon-fd-oper:system-monitoring/cpu-utilization,spine2,,,0/0/CPU0,5,5,5
2020-01-21 08:07:49.026000+00:00,Cisco-IOS-XR-wdsysmon-fd-oper:system-monitoring/cpu-utilization,spine2,,,0/RP0/CPU0,6,6,7
2020-01-21 08:07:49.658000+00:00,Cisco-IOS-XR-wdsysmon-fd-oper:system-monitoring/cpu-utilization,spine2,,,0/0/CPU0,5,5,5
2020-01-21 08:07:55.171000+00:00,Cisco-IOS-XR-wdsysmon-fd-oper:system-monitoring/cpu-utilization,spine2,,,0/RP0/CPU0,6,6,7
2020-01-21 08:07:55.803000+00:00,Cisco-IOS-XR-wdsysmon-fd-oper:system-monitoring/cpu-utilization,spine2,,,0/0/CPU0,5,5,5
2020-01-21 08:07:59.024000+00:00,Cisco-IOS-XR-wdsysmon-fd-oper:system-monitoring/cpu-utilization,spine2,,,0/RP0/CPU0,6,6,7
2020-01-21 08:07:59.656000+00:00,Cisco-IOS-XR-wdsysmon-fd-oper:system-monitoring/cpu-utilization,spine2,,,0/0/CPU0,5,5,5
2020-01-21 08:08:04.917000+00:00,Cisco-IOS-XR-wdsysmon-fd-oper:system-monitoring/cpu-utilization,spine2,,,0/RP0/CPU0,6,6,7
2020-01-21 08:08:05.549000+00:00,Cisco-IOS-XR-wdsysmon-fd-oper:system-monitoring/cpu-utilization,spine2,,,0/0/CPU0,5,5,5
2020-01-21 08:08:09.032000+00:00,Cisco-IOS-XR-wdsysmon-fd-oper:system-monitoring/cpu-utilization,spine2,,,0/RP0/CPU0,6,6,7
2020-01-21 08:08:09.670000+00:00,Cisco-IOS-XR-wdsysmon-fd-oper:system-monitoring/cpu-utilization,spine2,,,0/0/CPU0,5,5,5
2020-01-21 08:08:14.922000+00:00,Cisco-IOS-XR-wdsysmon-fd-oper:system-monitoring/cpu-utilization,spine2,,,0/RP0/CPU0,6,6,7
2020-01-21 08:08:15.559000+00:00,Cisco-IOS-XR-wdsysmon-fd-oper:system-monitoring/cpu-utilization,spine2,,,0/0/CPU0,5,5,5
2020-01-21 08:08:20.842000+00:00,Cisco-IOS-XR-wdsysmon-fd-oper:system-monitoring/cpu-utilization,spine2,,,0/RP0/CPU0,6,6,6
2020-01-21 08:08:21.479000+00:00,Cisco-IOS-XR-wdsysmon-fd-oper:system-monitoring/cpu-utilization,spine2,,,0/0/CPU0,5,5,5
2020-01-21 08:08:24.923000+00:00,Cisco-IOS-XR-wdsysmon-fd-oper:system-monitoring/cpu-utilization,spine2,,,0/RP0/CPU0,6,6,6
2020-01-21 08:08:25.560000+00:00,Cisco-IOS-XR-wdsysmon-fd-oper:system-monitoring/cpu-utilization,spine2,,,0/0/CPU0,5,5,5
2020-01-21 08:08:29.043000+00:00,Cisco-IOS-XR-wdsysmon-fd-oper:system-monitoring/cpu-utilization,spine2,,,0/RP0/CPU0,6,6,6
2020-01-21 08:08:29.680000+00:00,Cisco-IOS-XR-wdsysmon-fd-oper:system-monitoring/cpu-utilization,spine2,,,0/0/CPU0,5,5,5
2020-01-21 08:08:34.936000+00:00,Cisco-IOS-XR-wdsysmon-fd-oper:system-monitoring/cpu-utilization,spine2,,,0/RP0/CPU0,6,6,6
2020-01-21 08:08:35.569000+00:00,Cisco-IOS-XR-wdsysmon-fd-oper:system-monitoring/cpu-utilization,spine2,,,0/0/CPU0,5,5,5
2020-01-21 08:08:39.037000+00:00,Cisco-IOS-XR-wdsysmon-fd-oper:system-monitoring/cpu-utilization,spine2,,,0/RP0/CPU0,6,6,6
2020-01-21 08:08:39.671000+00:00,Cisco-IOS-XR-wdsysmon-fd-oper:system-monitoring/cpu-utilization,spine2,,,0/0/CPU0,5,5,5
2020-01-21 08:08:44.951000+00:00,Cisco-IOS-XR-wdsysmon-fd-oper:system-monitoring/cpu-utilization,spine2,,,0/RP0/CPU0,6,6,6
2020-01-21 08:08:45.584000+00:00,Cisco-IOS-XR-wdsysmon-fd-oper:system-monitoring/cpu-utilization,spine2,,,0/0/CPU0,5,5,5
2020-01-21 08:08:49.035000+00:00,Cisco-IOS-XR-wdsysmon-fd-oper:system-monitoring/cpu-utilization,spine2,,,0/RP0/CPU0,6,6,6
2020-01-21 08:08:49.669000+00:00,Cisco-IOS-XR-wdsysmon-fd-oper:system-monitoring/cpu-utilization,spine2,,,0/0/CPU0,5,5,5
2020-01-21 08:08:54.939000+00:00,Cisco-IOS-XR-wdsysmon-fd-oper:system-monitoring/cpu-utilization,spine2,,,0/RP0/CPU0,6,6,6
2020-01-21 08:08:57.382000+00:00,Cisco-IOS-XR-wdsysmon-fd-oper:system-monitoring/cpu-utilization,spine2,,,0/0/CPU0,5,5,5
2020-01-21 08:08:59.044000+00:00,Cisco-IOS-XR-wdsysmon-fd-oper:system-monitoring/cpu-utilization,spine2,,,0/RP0/CPU0,6,6,6
2020-01-21 08:08:59.678000+00:00,Cisco-IOS-XR-wdsysmon-fd-oper:system-monitoring/cpu-utilization,spine2,,,0/0/CPU0,5,5,5
2020-01-21 08:09:04.970000+00:00,Cisco-IOS-XR-wdsysmon-fd-oper:system-monitoring/cpu-utilization,spine2,,,0/RP0/CPU0,6,6,6
2020-01-21 08:09:05.603000+00:00,Cisco-IOS-XR-wdsysmon-fd-oper:system-monitoring/cpu-utilization,spine2,,,0/0/CPU0,5,5,5
2020-01-21 08:09:09.032000+00:00,Cisco-IOS-XR-wdsysmon-fd-oper:system-monitoring/cpu-utilization,spine2,,,0/RP0/CPU0,6,6,6
2020-01-21 08:09:09.665000+00:00,Cisco-IOS-XR-wdsysmon-fd-oper:system-monitoring/cpu-utilization,spine2,,,0/0/CPU0,5,5,5
2020-01-21 08:09:14.922000+00:00,Cisco-IOS-XR-wdsysmon-fd-oper:system-monitoring/cpu-utilization,spine2,,,0/RP0/CPU0,6,6,6
2020-01-21 08:09:15.556000+00:00,Cisco-IOS-XR-wdsysmon-fd-oper:system-monitoring/cpu-utilization,spine2,,,0/0/CPU0,5,5,5
2020-01-21 08:09:19.030000+00:00,Cisco-IOS-XR-wdsysmon-fd-oper:system-monitoring/cpu-utilization,spine2,,,0/RP0/CPU0,6,6,6
2020-01-21 08:09:19.664000+00:00,Cisco-IOS-XR-wdsysmon-fd-oper:system-monitoring/cpu-utilization,spine2,,,0/0/CPU0,5,5,5
2020-01-21 08:09:24.929000+00:00,Cisco-IOS-XR-wdsysmon-fd-oper:system-monitoring/cpu-utilization,spine2,,,0/RP0/CPU0,6,6,7
2020-01-21 08:09:25.562000+00:00,Cisco-IOS-XR-wdsysmon-fd-oper:system-monitoring/cpu-utilization,spine2,,,0/0/CPU0,5,5,5
2020-01-21 08:09:29.027000+00:00,Cisco-IOS-XR-wdsysmon-fd-oper:system-monitoring/cpu-utilization,spine2,,,0/RP0/CPU0,6,6,7
2020-01-21 08:09:29.660000+00:00,Cisco-IOS-XR-wdsysmon-fd-oper:system-monitoring/cpu-utilization,spine2,,,0/0/CPU0,5,5,5
2020-01-21 08:09:34.946000+00:00,Cisco-IOS-XR-wdsysmon-fd-oper:system-monitoring/cpu-utilization,spine2,,,0/RP0/CPU0,6,6,7
2020-01-21 08:09:35.579000+00:00,Cisco-IOS-XR-wdsysmon-fd-oper:system-monitoring/cpu-utilization,spine2,,,0/0/CPU0,5,5,5
2020-01-21 08:09:39.038000+00:00,Cisco-IOS-XR-wdsysmon-fd-oper:system-monitoring/cpu-utilization,spine2,,,0/RP0/CPU0,6,6,7
2020-01-21 08:09:39.672000+00:00,Cisco-IOS-XR-wdsysmon-fd-oper:system-monitoring/cpu-utilization,spine2,,,0/0/CPU0,5,5,5
2020-01-21 08:09:44.981000+00:00,Cisco-IOS-XR-wdsysmon-fd-oper:system-monitoring/cpu-utilization,spine2,,,0/RP0/CPU0,6,6,7
2020-01-21 08:09:45.615000+00:00,Cisco-IOS-XR-wdsysmon-fd-oper:system-monitoring/cpu-utilization,spine2,,,0/0/CPU0,5,5,5
2020-01-21 08:09:49.033000+00:00,Cisco-IOS-XR-wdsysmon-fd-oper:system-monitoring/cpu-utilization,spine2,,,0/RP0/CPU0,6,6,7
2020-01-21 08:09:49.667000+00:00,Cisco-IOS-XR-wdsysmon-fd-oper:system-monitoring/cpu-utilization,spine2,,,0/0/CPU0,5,5,5
2020-01-21 08:09:54.921000+00:00,Cisco-IOS-XR-wdsysmon-fd-oper:system-monitoring/cpu-utilization,spine2,,,0/RP0/CPU0,6,6,7
2020-01-21 08:09:55.555000+00:00,Cisco-IOS-XR-wdsysmon-fd-oper:system-monitoring/cpu-utilization,spine2,,,0/0/CPU0,5,5,5
2020-01-21 08:09:59.032000+00:00,Cisco-IOS-XR-wdsysmon-fd-oper:system-monitoring/cpu-utilization,spine2,,,0/RP0/CPU0,6,6,7
2020-01-21 08:09:59.666000+00:00,Cisco-IOS-XR-wdsysmon-fd-oper:system-monitoring/cpu-utilization,spine2,,,0/0/CPU0,5,5,5
2020-01-21 08:10:04.951000+00:00,Cisco-IOS-XR-wdsysmon-fd-oper:system-monitoring/cpu-utilization,spine2,,,0/RP0/CPU0,6,6,7
2020-01-21 08:10:05.586000+00:00,Cisco-IOS-XR-wdsysmon-fd-oper:system-monitoring/cpu-utilization,spine2,,,0/0/CPU0,5,5,5
2020-01-21 08:10:09.045000+00:00,Cisco-IOS-XR-wdsysmon-fd-oper:system-monitoring/cpu-utilization,spine2,,,0/RP0/CPU0,6,6,7
2020-01-21 08:10:09.680000+00:00,Cisco-IOS-XR-wdsysmon-fd-oper:system-monitoring/cpu-utilization,spine2,,,0/0/CPU0,5,5,5
2020-01-21 08:10:14.946000+00:00,Cisco-IOS-XR-wdsysmon-fd-oper:system-monitoring/cpu-utilization,spine2,,,0/RP0/CPU0,6,6,7
2020-01-21 08:10:15.581000+00:00,Cisco-IOS-XR-wdsysmon-fd-oper:system-monitoring/cpu-utilization,spine2,,,0/0/CPU0,5,5,5
2020-01-21 08:10:19.040000+00:00,Cisco-IOS-XR-wdsysmon-fd-oper:system-monitoring/cpu-utilization,spine2,,,0/RP0/CPU0,6,6,7
2020-01-21 08:10:19.675000+00:00,Cisco-IOS-XR-wdsysmon-fd-oper:system-monitoring/cpu-utilization,spine2,,,0/0/CPU0,5,5,5
2020-01-21 08:10:25.909000+00:00,Cisco-IOS-XR-wdsysmon-fd-oper:system-monitoring/cpu-utilization,spine2,,,0/RP0/CPU0,6,6,7
2020-01-21 08:10:26.544000+00:00,Cisco-IOS-XR-wdsysmon-fd-oper:system-monitoring/cpu-utilization,spine2,,,0/0/CPU0,5,5,5
2020-01-21 08:10:29.027000+00:00,Cisco-IOS-XR-wdsysmon-fd-oper:system-monitoring/cpu-utilization,spine2,,,0/RP0/CPU0,6,6,7
2020-01-21 08:10:29.662000+00:00,Cisco-IOS-XR-wdsysmon-fd-oper:system-monitoring/cpu-utilization,spine2,,,0/0/CPU0,5,5,5
2020-01-21 08:10:34.942000+00:00,Cisco-IOS-XR-wdsysmon-fd-oper:system-monitoring/cpu-utilization,spine2,,,0/RP0/CPU0,6,6,7
2020-01-21 08:10:35.577000+00:00,Cisco-IOS-XR-wdsysmon-fd-oper:system-monitoring/cpu-utilization,spine2,,,0/0/CPU0,5,5,5
2020-01-21 08:10:39.037000+00:00,Cisco-IOS-XR-wdsysmon-fd-oper:system-monitoring/cpu-utilization,spine2,,,0/RP0/CPU0,6,6,7
2020-01-21 08:10:39.670000+00:00,Cisco-IOS-XR-wdsysmon-fd-oper:system-monitoring/cpu-utilization,spine2,,,0/0/CPU0,5,5,5
2020-01-21 08:10:44.928000+00:00,Cisco-IOS-XR-wdsysmon-fd-oper:system-monitoring/cpu-utilization,spine2,,,0/RP0/CPU0,6,6,7
2020-01-21 08:10:45.563000+00:00,Cisco-IOS-XR-wdsysmon-fd-oper:system-monitoring/cpu-utilization,spine2,,,0/0/CPU0,5,5,5
2020-01-21 08:10:49.031000+00:00,Cisco-IOS-XR-wdsysmon-fd-oper:system-monitoring/cpu-utilization,spine2,,,0/RP0/CPU0,6,6,7
2020-01-21 08:10:49.665000+00:00,Cisco-IOS-XR-wdsysmon-fd-oper:system-monitoring/cpu-utilization,spine2,,,0/0/CPU0,5,5,5
2020-01-21 08:10:54.946000+00:00,Cisco-IOS-XR-wdsysmon-fd-oper:system-monitoring/cpu-utilization,spine2,,,0/RP0/CPU0,6,6,7
2020-01-21 08:10:55.581000+00:00,Cisco-IOS-XR-wdsysmon-fd-oper:system-monitoring/cpu-utilization,spine2,,,0/0/CPU0,5,5,5
2020-01-21 08:10:59.028000+00:00,Cisco-IOS-XR-wdsysmon-fd-oper:system-monitoring/cpu-utilization,spine2,,,0/RP0/CPU0,6,6,7
2020-01-21 08:11:01.278000+00:00,Cisco-IOS-XR-wdsysmon-fd-oper:system-monitoring/cpu-utilization,spine2,,,0/0/CPU0,5,5,5
2020-01-21 08:11:05.075000+00:00,Cisco-IOS-XR-wdsysmon-fd-oper:system-monitoring/cpu-utilization,spine2,,,0/RP0/CPU0,6,6,7
2020-01-21 08:11:05.712000+00:00,Cisco-IOS-XR-wdsysmon-fd-oper:system-monitoring/cpu-utilization,spine2,,,0/0/CPU0,5,5,5
2020-01-21 08:11:09.037000+00:00,Cisco-IOS-XR-wdsysmon-fd-oper:system-monitoring/cpu-utilization,spine2,,,0/RP0/CPU0,6,6,7
2020-01-21 08:11:09.671000+00:00,Cisco-IOS-XR-wdsysmon-fd-oper:system-monitoring/cpu-utilization,spine2,,,0/0/CPU0,5,5,5
2020-01-21 08:11:14.935000+00:00,Cisco-IOS-XR-wdsysmon-fd-oper:system-monitoring/cpu-utilization,spine2,,,0/RP0/CPU0,6,6,7
2020-01-21 08:11:15.570000+00:00,Cisco-IOS-XR-wdsysmon-fd-oper:system-monitoring/cpu-utilization,spine2,,,0/0/CPU0,5,5,5
2020-01-21 08:11:19.030000+00:00,Cisco-IOS-XR-wdsysmon-fd-oper:system-monitoring/cpu-utilization,spine2,,,0/RP0/CPU0,6,6,7
2020-01-21 08:11:19.664000+00:00,Cisco-IOS-XR-wdsysmon-fd-oper:system-monitoring/cpu-utilization,spine2,,,0/0/CPU0,5,5,5
2020-01-21 08:11:24.927000+00:00,Cisco-IOS-XR-wdsysmon-fd-oper:system-monitoring/cpu-utilization,spine2,,,0/RP0/CPU0,6,6,7
2020-01-21 08:11:25.566000+00:00,Cisco-IOS-XR-wdsysmon-fd-oper:system-monitoring/cpu-utilization,spine2,,,0/0/CPU0,5,5,5
2020-01-21 08:11:29.030000+00:00,Cisco-IOS-XR-wdsysmon-fd-oper:system-monitoring/cpu-utilization,spine2,,,0/RP0/CPU0,6,6,7
2020-01-21 08:11:29.665000+00:00,Cisco-IOS-XR-wdsysmon-fd-oper:system-monitoring/cpu-utilization,spine2,,,0/0/CPU0,5,5,5
2020-01-21 08:11:34.974000+00:00,Cisco-IOS-XR-wdsysmon-fd-oper:system-monitoring/cpu-utilization,spine2,,,0/RP0/CPU0,6,6,7
2020-01-21 08:11:35.610000+00:00,Cisco-IOS-XR-wdsysmon-fd-oper:system-monitoring/cpu-utilization,spine2,,,0/0/CPU0,5,5,5
2020-01-21 08:11:39.038000+00:00,Cisco-IOS-XR-wdsysmon-fd-oper:system-monitoring/cpu-utilization,spine2,,,0/RP0/CPU0,6,6,7
2020-01-21 08:11:39.672000+00:00,Cisco-IOS-XR-wdsysmon-fd-oper:system-monitoring/cpu-utilization,spine2,,,0/0/CPU0,5,5,5
2020-01-21 08:11:44.937000+00:00,Cisco-IOS-XR-wdsysmon-fd-oper:system-monitoring/cpu-utilization,spine2,,,0/RP0/CPU0,6,6,7
2020-01-21 08:11:45.572000+00:00,Cisco-IOS-XR-wdsysmon-fd-oper:system-monitoring/cpu-utilization,spine2,,,0/0/CPU0,5,5,5
2020-01-21 08:11:49.031000+00:00,Cisco-IOS-XR-wdsysmon-fd-oper:system-monitoring/cpu-utilization,spine2,,,0/RP0/CPU0,6,6,7
2020-01-21 08:11:49.664000+00:00,Cisco-IOS-XR-wdsysmon-fd-oper:system-monitoring/cpu-utilization,spine2,,,0/0/CPU0,5,5,5
2020-01-21 08:11:54.928000+00:00,Cisco-IOS-XR-wdsysmon-fd-oper:system-monitoring/cpu-utilization,spine2,,,0/RP0/CPU0,6,6,7
2020-01-21 08:11:55.563000+00:00,Cisco-IOS-XR-wdsysmon-fd-oper:system-monitoring/cpu-utilization,spine2,,,0/0/CPU0,5,5,5
2020-01-21 08:11:59.041000+00:00,Cisco-IOS-XR-wdsysmon-fd-oper:system-monitoring/cpu-utilization,spine2,,,0/RP0/CPU0,6,6,7
2020-01-21 08:11:59.675000+00:00,Cisco-IOS-XR-wdsysmon-fd-oper:system-monitoring/cpu-utilization,spine2,,,0/0/CPU0,5,5,5
2020-01-21 08:12:04.959000+00:00,Cisco-IOS-XR-wdsysmon-fd-oper:system-monitoring/cpu-utilization,spine2,,,0/RP0/CPU0,6,6,7
2020-01-21 08:12:05.593000+00:00,Cisco-IOS-XR-wdsysmon-fd-oper:system-monitoring/cpu-utilization,spine2,,,0/0/CPU0,5,5,5
2020-01-21 08:12:09.030000+00:00,Cisco-IOS-XR-wdsysmon-fd-oper:system-monitoring/cpu-utilization,spine2,,,0/RP0/CPU0,6,6,7
2020-01-21 08:12:09.664000+00:00,Cisco-IOS-XR-wdsysmon-fd-oper:system-monitoring/cpu-utilization,spine2,,,0/0/CPU0,5,5,5
2020-01-21 08:12:14.914000+00:00,Cisco-IOS-XR-wdsysmon-fd-oper:system-monitoring/cpu-utilization,spine2,,,0/RP0/CPU0,6,6,7
2020-01-21 08:12:15.554000+00:00,Cisco-IOS-XR-wdsysmon-fd-oper:system-monitoring/cpu-utilization,spine2,,,0/0/CPU0,5,5,5
2020-01-21 08:12:19.029000+00:00,Cisco-IOS-XR-wdsysmon-fd-oper:system-monitoring/cpu-utilization,spine2,,,0/RP0/CPU0,6,6,7
2020-01-21 08:12:19.657000+00:00,Cisco-IOS-XR-wdsysmon-fd-oper:system-monitoring/cpu-utilization,spine2,,,0/0/CPU0,5,5,5
2020-01-21 08:12:24.940000+00:00,Cisco-IOS-XR-wdsysmon-fd-oper:system-monitoring/cpu-utilization,spine2,,,0/RP0/CPU0,6,6,7
2020-01-21 08:12:25.572000+00:00,Cisco-IOS-XR-wdsysmon-fd-oper:system-monitoring/cpu-utilization,spine2,,,0/0/CPU0,5,5,5
2020-01-21 08:12:30.973000+00:00,Cisco-IOS-XR-wdsysmon-fd-oper:system-monitoring/cpu-utilization,spine2,,,0/RP0/CPU0,6,6,6
2020-01-21 08:12:31.605000+00:00,Cisco-IOS-XR-wdsysmon-fd-oper:system-monitoring/cpu-utilization,spine2,,,0/0/CPU0,5,5,5
2020-01-21 08:12:34.934000+00:00,Cisco-IOS-XR-wdsysmon-fd-oper:system-monitoring/cpu-utilization,spine2,,,0/RP0/CPU0,6,6,6
2020-01-21 08:12:35.566000+00:00,Cisco-IOS-XR-wdsysmon-fd-oper:system-monitoring/cpu-utilization,spine2,,,0/0/CPU0,5,5,5
2020-01-21 08:12:39.038000+00:00,Cisco-IOS-XR-wdsysmon-fd-oper:system-monitoring/cpu-utilization,spine2,,,0/RP0/CPU0,6,6,6
2020-01-21 08:12:39.670000+00:00,Cisco-IOS-XR-wdsysmon-fd-oper:system-monitoring/cpu-utilization,spine2,,,0/0/CPU0,5,5,5
2020-01-21 08:12:44.937000+00:00,Cisco-IOS-XR-wdsysmon-fd-oper:system-monitoring/cpu-utilization,spine2,,,0/RP0/CPU0,6,6,6
2020-01-21 08:12:45.568000+00:00,Cisco-IOS-XR-wdsysmon-fd-oper:system-monitoring/cpu-utilization,spine2,,,0/0/CPU0,5,5,5
2020-01-21 08:12:49.030000+00:00,Cisco-IOS-XR-wdsysmon-fd-oper:system-monitoring/cpu-utilization,spine2,,,0/RP0/CPU0,6,6,6
2020-01-21 08:12:49.662000+00:00,Cisco-IOS-XR-wdsysmon-fd-oper:system-monitoring/cpu-utilization,spine2,,,0/0/CPU0,5,5,5
2020-01-21 08:12:54.924000+00:00,Cisco-IOS-XR-wdsysmon-fd-oper:system-monitoring/cpu-utilization,spine2,,,0/RP0/CPU0,6,6,6
2020-01-21 08:12:55.556000+00:00,Cisco-IOS-XR-wdsysmon-fd-oper:system-monitoring/cpu-utilization,spine2,,,0/0/CPU0,5,5,5
2020-01-21 08:12:59.041000+00:00,Cisco-IOS-XR-wdsysmon-fd-oper:system-monitoring/cpu-utilization,spine2,,,0/RP0/CPU0,6,6,6
2020-01-21 08:12:59.673000+00:00,Cisco-IOS-XR-wdsysmon-fd-oper:system-monitoring/cpu-utilization,spine2,,,0/0/CPU0,5,5,5
2020-01-21 08:13:05.214000+00:00,Cisco-IOS-XR-wdsysmon-fd-oper:system-monitoring/cpu-utilization,spine2,,,0/RP0/CPU0,6,6,6
2020-01-21 08:13:05.846000+00:00,Cisco-IOS-XR-wdsysmon-fd-oper:system-monitoring/cpu-utilization,spine2,,,0/0/CPU0,5,5,5
2020-01-21 08:13:09.033000+00:00,Cisco-IOS-XR-wdsysmon-fd-oper:system-monitoring/cpu-utilization,spine2,,,0/RP0/CPU0,6,6,6
2020-01-21 08:13:09.666000+00:00,Cisco-IOS-XR-wdsysmon-fd-oper:system-monitoring/cpu-utilization,spine2,,,0/0/CPU0,5,5,5
2020-01-21 08:13:14.933000+00:00,Cisco-IOS-XR-wdsysmon-fd-oper:system-monitoring/cpu-utilization,spine2,,,0/RP0/CPU0,6,6,6
2020-01-21 08:13:15.565000+00:00,Cisco-IOS-XR-wdsysmon-fd-oper:system-monitoring/cpu-utilization,spine2,,,0/0/CPU0,5,5,5
2020-01-21 08:13:19.034000+00:00,Cisco-IOS-XR-wdsysmon-fd-oper:system-monitoring/cpu-utilization,spine2,,,0/RP0/CPU0,6,6,6
2020-01-21 08:13:19.668000+00:00,Cisco-IOS-XR-wdsysmon-fd-oper:system-monitoring/cpu-utilization,spine2,,,0/0/CPU0,5,5,5
2020-01-21 08:13:24.941000+00:00,Cisco-IOS-XR-wdsysmon-fd-oper:system-monitoring/cpu-utilization,spine2,,,0/RP0/CPU0,6,6,6
2020-01-21 08:13:25.573000+00:00,Cisco-IOS-XR-wdsysmon-fd-oper:system-monitoring/cpu-utilization,spine2,,,0/0/CPU0,5,5,5
2020-01-21 08:13:29.033000+00:00,Cisco-IOS-XR-wdsysmon-fd-oper:system-monitoring/cpu-utilization,spine2,,,0/RP0/CPU0,6,6,6
2020-01-21 08:13:29.665000+00:00,Cisco-IOS-XR-wdsysmon-fd-oper:system-monitoring/cpu-utilization,spine2,,,0/0/CPU0,5,5,5
2020-01-21 08:13:34.914000+00:00,Cisco-IOS-XR-wdsysmon-fd-oper:system-monitoring/cpu-utilization,spine2,,,0/RP0/CPU0,6,6,6
2020-01-21 08:13:35.547000+00:00,Cisco-IOS-XR-wdsysmon-fd-oper:system-monitoring/cpu-utilization,spine2,,,0/0/CPU0,5,5,5
2020-01-21 08:13:39.039000+00:00,Cisco-IOS-XR-wdsysmon-fd-oper:system-monitoring/cpu-utilization,spine2,,,0/RP0/CPU0,6,6,6
2020-01-21 08:13:39.671000+00:00,Cisco-IOS-XR-wdsysmon-fd-oper:system-monitoring/cpu-utilization,spine2,,,0/0/CPU0,5,5,5
2020-01-21 08:13:44.928000+00:00,Cisco-IOS-XR-wdsysmon-fd-oper:system-monitoring/cpu-utilization,spine2,,,0/RP0/CPU0,6,6,6
2020-01-21 08:13:45.560000+00:00,Cisco-IOS-XR-wdsysmon-fd-oper:system-monitoring/cpu-utilization,spine2,,,0/0/CPU0,5,5,5
2020-01-21 08:13:49.043000+00:00,Cisco-IOS-XR-wdsysmon-fd-oper:system-monitoring/cpu-utilization,spine2,,,0/RP0/CPU0,6,6,6
2020-01-21 08:13:49.681000+00:00,Cisco-IOS-XR-wdsysmon-fd-oper:system-monitoring/cpu-utilization,spine2,,,0/0/CPU0,5,5,5
2020-01-21 08:13:54.918000+00:00,Cisco-IOS-XR-wdsysmon-fd-oper:system-monitoring/cpu-utilization,spine2,,,0/RP0/CPU0,6,6,6
2020-01-21 08:13:55.556000+00:00,Cisco-IOS-XR-wdsysmon-fd-oper:system-monitoring/cpu-utilization,spine2,,,0/0/CPU0,5,5,5
2020-01-21 08:13:59.043000+00:00,Cisco-IOS-XR-wdsysmon-fd-oper:system-monitoring/cpu-utilization,spine2,,,0/RP0/CPU0,6,6,6
2020-01-21 08:13:59.671000+00:00,Cisco-IOS-XR-wdsysmon-fd-oper:system-monitoring/cpu-utilization,spine2,,,0/0/CPU0,5,5,5
2020-01-21 08:14:04.926000+00:00,Cisco-IOS-XR-wdsysmon-fd-oper:system-monitoring/cpu-utilization,spine2,,,0/RP0/CPU0,6,6,6
2020-01-21 08:14:07.101000+00:00,Cisco-IOS-XR-wdsysmon-fd-oper:system-monitoring/cpu-utilization,spine2,,,0/0/CPU0,5,5,5
2020-01-21 08:14:09.036000+00:00,Cisco-IOS-XR-wdsysmon-fd-oper:system-monitoring/cpu-utilization,spine2,,,0/RP0/CPU0,6,6,6
2020-01-21 08:14:09.666000+00:00,Cisco-IOS-XR-wdsysmon-fd-oper:system-monitoring/cpu-utilization,spine2,,,0/0/CPU0,5,5,5
2020-01-21 08:14:15.094000+00:00,Cisco-IOS-XR-wdsysmon-fd-oper:system-monitoring/cpu-utilization,spine2,,,0/RP0/CPU0,6,6,6
2020-01-21 08:14:15.723000+00:00,Cisco-IOS-XR-wdsysmon-fd-oper:system-monitoring/cpu-utilization,spine2,,,0/0/CPU0,5,5,5
2020-01-21 08:14:19.043000+00:00,Cisco-IOS-XR-wdsysmon-fd-oper:system-monitoring/cpu-utilization,spine2,,,0/RP0/CPU0,6,6,6
2020-01-21 08:14:19.672000+00:00,Cisco-IOS-XR-wdsysmon-fd-oper:system-monitoring/cpu-utilization,spine2,,,0/0/CPU0,5,5,5
2020-01-21 08:14:24.931000+00:00,Cisco-IOS-XR-wdsysmon-fd-oper:system-monitoring/cpu-utilization,spine2,,,0/RP0/CPU0,6,6,6
2020-01-21 08:14:25.560000+00:00,Cisco-IOS-XR-wdsysmon-fd-oper:system-monitoring/cpu-utilization,spine2,,,0/0/CPU0,5,5,5
2020-01-21 08:14:29.045000+00:00,Cisco-IOS-XR-wdsysmon-fd-oper:system-monitoring/cpu-utilization,spine2,,,0/RP0/CPU0,6,6,6
2020-01-21 08:14:29.674000+00:00,Cisco-IOS-XR-wdsysmon-fd-oper:system-monitoring/cpu-utilization,spine2,,,0/0/CPU0,5,5,5
2020-01-21 08:14:36.032000+00:00,Cisco-IOS-XR-wdsysmon-fd-oper:system-monitoring/cpu-utilization,spine2,,,0/RP0/CPU0,6,6,6
2020-01-21 08:14:36.661000+00:00,Cisco-IOS-XR-wdsysmon-fd-oper:system-monitoring/cpu-utilization,spine2,,,0/0/CPU0,5,5,5
2020-01-21 08:14:39.033000+00:00,Cisco-IOS-XR-wdsysmon-fd-oper:system-monitoring/cpu-utilization,spine2,,,0/RP0/CPU0,6,6,6
2020-01-21 08:14:39.662000+00:00,Cisco-IOS-XR-wdsysmon-fd-oper:system-monitoring/cpu-utilization,spine2,,,0/0/CPU0,5,5,5
2020-01-21 08:14:44.944000+00:00,Cisco-IOS-XR-wdsysmon-fd-oper:system-monitoring/cpu-utilization,spine2,,,0/RP0/CPU0,6,6,6
2020-01-21 08:14:45.573000+00:00,Cisco-IOS-XR-wdsysmon-fd-oper:system-monitoring/cpu-utilization,spine2,,,0/0/CPU0,5,5,5
2020-01-21 08:14:49.045000+00:00,Cisco-IOS-XR-wdsysmon-fd-oper:system-monitoring/cpu-utilization,spine2,,,0/RP0/CPU0,6,6,6
2020-01-21 08:14:49.683000+00:00,Cisco-IOS-XR-wdsysmon-fd-oper:system-monitoring/cpu-utilization,spine2,,,0/0/CPU0,5,5,5
2020-01-21 08:14:55.054000+00:00,Cisco-IOS-XR-wdsysmon-fd-oper:system-monitoring/cpu-utilization,spine2,,,0/RP0/CPU0,6,6,6
2020-01-21 08:14:55.691000+00:00,Cisco-IOS-XR-wdsysmon-fd-oper:system-monitoring/cpu-utilization,spine2,,,0/0/CPU0,5,5,5
2020-01-21 08:14:59.035000+00:00,Cisco-IOS-XR-wdsysmon-fd-oper:system-monitoring/cpu-utilization,spine2,,,0/RP0/CPU0,6,6,6
2020-01-21 08:14:59.668000+00:00,Cisco-IOS-XR-wdsysmon-fd-oper:system-monitoring/cpu-utilization,spine2,,,0/0/CPU0,5,5,5
2020-01-21 08:15:04.920000+00:00,Cisco-IOS-XR-wdsysmon-fd-oper:system-monitoring/cpu-utilization,spine2,,,0/RP0/CPU0,6,6,6
2020-01-21 08:15:05.553000+00:00,Cisco-IOS-XR-wdsysmon-fd-oper:system-monitoring/cpu-utilization,spine2,,,0/0/CPU0,5,5,5
2020-01-21 08:15:09.045000+00:00,Cisco-IOS-XR-wdsysmon-fd-oper:system-monitoring/cpu-utilization,spine2,,,0/RP0/CPU0,6,6,6
2020-01-21 08:15:09.682000+00:00,Cisco-IOS-XR-wdsysmon-fd-oper:system-monitoring/cpu-utilization,spine2,,,0/0/CPU0,5,5,5
2020-01-21 08:15:14.935000+00:00,Cisco-IOS-XR-wdsysmon-fd-oper:system-monitoring/cpu-utilization,spine2,,,0/RP0/CPU0,6,6,6
2020-01-21 08:15:15.569000+00:00,Cisco-IOS-XR-wdsysmon-fd-oper:system-monitoring/cpu-utilization,spine2,,,0/0/CPU0,5,5,5
2020-01-21 08:15:19.042000+00:00,Cisco-IOS-XR-wdsysmon-fd-oper:system-monitoring/cpu-utilization,spine2,,,0/RP0/CPU0,6,6,6
2020-01-21 08:15:19.675000+00:00,Cisco-IOS-XR-wdsysmon-fd-oper:system-monitoring/cpu-utilization,spine2,,,0/0/CPU0,5,5,5
2020-01-21 08:15:24.921000+00:00,Cisco-IOS-XR-wdsysmon-fd-oper:system-monitoring/cpu-utilization,spine2,,,0/RP0/CPU0,6,6,6
2020-01-21 08:15:25.555000+00:00,Cisco-IOS-XR-wdsysmon-fd-oper:system-monitoring/cpu-utilization,spine2,,,0/0/CPU0,5,5,5
2020-01-21 08:15:29.043000+00:00,Cisco-IOS-XR-wdsysmon-fd-oper:system-monitoring/cpu-utilization,spine2,,,0/RP0/CPU0,6,6,6
2020-01-21 08:15:29.677000+00:00,Cisco-IOS-XR-wdsysmon-fd-oper:system-monitoring/cpu-utilization,spine2,,,0/0/CPU0,5,5,5
2020-01-21 08:15:34.915000+00:00,Cisco-IOS-XR-wdsysmon-fd-oper:system-monitoring/cpu-utilization,spine2,,,0/RP0/CPU0,6,6,6
2020-01-21 08:15:35.551000+00:00,Cisco-IOS-XR-wdsysmon-fd-oper:system-monitoring/cpu-utilization,spine2,,,0/0/CPU0,5,5,5
2020-01-21 08:15:39.044000+00:00,Cisco-IOS-XR-wdsysmon-fd-oper:system-monitoring/cpu-utilization,spine2,,,0/RP0/CPU0,6,6,7
2020-01-21 08:15:39.677000+00:00,Cisco-IOS-XR-wdsysmon-fd-oper:system-monitoring/cpu-utilization,spine2,,,0/0/CPU0,5,5,5
2020-01-21 08:15:44.962000+00:00,Cisco-IOS-XR-wdsysmon-fd-oper:system-monitoring/cpu-utilization,spine2,,,0/RP0/CPU0,6,6,7
2020-01-21 08:15:45.595000+00:00,Cisco-IOS-XR-wdsysmon-fd-oper:system-monitoring/cpu-utilization,spine2,,,0/0/CPU0,5,5,5
2020-01-21 08:15:49.049000+00:00,Cisco-IOS-XR-wdsysmon-fd-oper:system-monitoring/cpu-utilization,spine2,,,0/RP0/CPU0,6,6,7
2020-01-21 08:15:49.683000+00:00,Cisco-IOS-XR-wdsysmon-fd-oper:system-monitoring/cpu-utilization,spine2,,,0/0/CPU0,5,5,5
2020-01-21 08:15:54.920000+00:00,Cisco-IOS-XR-wdsysmon-fd-oper:system-monitoring/cpu-utilization,spine2,,,0/RP0/CPU0,6,6,7
2020-01-21 08:15:55.554000+00:00,Cisco-IOS-XR-wdsysmon-fd-oper:system-monitoring/cpu-utilization,spine2,,,0/0/CPU0,5,5,5
2020-01-21 08:15:59.039000+00:00,Cisco-IOS-XR-wdsysmon-fd-oper:system-monitoring/cpu-utilization,spine2,,,0/RP0/CPU0,6,6,7
2020-01-21 08:15:59.673000+00:00,Cisco-IOS-XR-wdsysmon-fd-oper:system-monitoring/cpu-utilization,spine2,,,0/0/CPU0,5,5,5
2020-01-21 08:16:05.073000+00:00,Cisco-IOS-XR-wdsysmon-fd-oper:system-monitoring/cpu-utilization,spine2,,,0/RP0/CPU0,6,6,7
2020-01-21 08:16:05.707000+00:00,Cisco-IOS-XR-wdsysmon-fd-oper:system-monitoring/cpu-utilization,spine2,,,0/0/CPU0,5,5,5
2020-01-21 08:16:09.040000+00:00,Cisco-IOS-XR-wdsysmon-fd-oper:system-monitoring/cpu-utilization,spine2,,,0/RP0/CPU0,6,6,7
2020-01-21 08:16:10.996000+00:00,Cisco-IOS-XR-wdsysmon-fd-oper:system-monitoring/cpu-utilization,spine2,,,0/0/CPU0,5,5,5
2020-01-21 08:16:14.936000+00:00,Cisco-IOS-XR-wdsysmon-fd-oper:system-monitoring/cpu-utilization,spine2,,,0/RP0/CPU0,6,6,7
2020-01-21 08:16:15.571000+00:00,Cisco-IOS-XR-wdsysmon-fd-oper:system-monitoring/cpu-utilization,spine2,,,0/0/CPU0,5,5,5
2020-01-21 08:16:19.051000+00:00,Cisco-IOS-XR-wdsysmon-fd-oper:system-monitoring/cpu-utilization,spine2,,,0/RP0/CPU0,6,6,7
2020-01-21 08:16:19.685000+00:00,Cisco-IOS-XR-wdsysmon-fd-oper:system-monitoring/cpu-utilization,spine2,,,0/0/CPU0,5,5,5
2020-01-21 08:16:24.941000+00:00,Cisco-IOS-XR-wdsysmon-fd-oper:system-monitoring/cpu-utilization,spine2,,,0/RP0/CPU0,6,6,7
2020-01-21 08:16:25.579000+00:00,Cisco-IOS-XR-wdsysmon-fd-oper:system-monitoring/cpu-utilization,spine2,,,0/0/CPU0,5,5,5
2020-01-21 08:16:29.039000+00:00,Cisco-IOS-XR-wdsysmon-fd-oper:system-monitoring/cpu-utilization,spine2,,,0/RP0/CPU0,6,6,7
2020-01-21 08:16:29.677000+00:00,Cisco-IOS-XR-wdsysmon-fd-oper:system-monitoring/cpu-utilization,spine2,,,0/0/CPU0,5,5,5
2020-01-21 08:16:34.931000+00:00,Cisco-IOS-XR-wdsysmon-fd-oper:system-monitoring/cpu-utilization,spine2,,,0/RP0/CPU0,6,6,7
2020-01-21 08:16:35.570000+00:00,Cisco-IOS-XR-wdsysmon-fd-oper:system-monitoring/cpu-utilization,spine2,,,0/0/CPU0,5,5,5
2020-01-21 08:16:41.107000+00:00,Cisco-IOS-XR-wdsysmon-fd-oper:system-monitoring/cpu-utilization,spine2,,,0/RP0/CPU0,6,6,6
2020-01-21 08:16:41.741000+00:00,Cisco-IOS-XR-wdsysmon-fd-oper:system-monitoring/cpu-utilization,spine2,,,0/0/CPU0,5,5,5
2020-01-21 08:16:45.053000+00:00,Cisco-IOS-XR-wdsysmon-fd-oper:system-monitoring/cpu-utilization,spine2,,,0/RP0/CPU0,6,6,6
2020-01-21 08:16:45.685000+00:00,Cisco-IOS-XR-wdsysmon-fd-oper:system-monitoring/cpu-utilization,spine2,,,0/0/CPU0,5,5,5
2020-01-21 08:16:49.036000+00:00,Cisco-IOS-XR-wdsysmon-fd-oper:system-monitoring/cpu-utilization,spine2,,,0/RP0/CPU0,6,6,6
2020-01-21 08:16:49.668000+00:00,Cisco-IOS-XR-wdsysmon-fd-oper:system-monitoring/cpu-utilization,spine2,,,0/0/CPU0,5,5,5
2020-01-21 08:16:54.920000+00:00,Cisco-IOS-XR-wdsysmon-fd-oper:system-monitoring/cpu-utilization,spine2,,,0/RP0/CPU0,6,6,6
2020-01-21 08:16:55.552000+00:00,Cisco-IOS-XR-wdsysmon-fd-oper:system-monitoring/cpu-utilization,spine2,,,0/0/CPU0,5,5,5
2020-01-21 08:16:59.047000+00:00,Cisco-IOS-XR-wdsysmon-fd-oper:system-monitoring/cpu-utilization,spine2,,,0/RP0/CPU0,6,6,6
2020-01-21 08:16:59.680000+00:00,Cisco-IOS-XR-wdsysmon-fd-oper:system-monitoring/cpu-utilization,spine2,,,0/0/CPU0,5,5,5
2020-01-21 08:17:04.921000+00:00,Cisco-IOS-XR-wdsysmon-fd-oper:system-monitoring/cpu-utilization,spine2,,,0/RP0/CPU0,6,6,6
2020-01-21 08:17:05.562000+00:00,Cisco-IOS-XR-wdsysmon-fd-oper:system-monitoring/cpu-utilization,spine2,,,0/0/CPU0,5,5,5
2020-01-21 08:17:09.045000+00:00,Cisco-IOS-XR-wdsysmon-fd-oper:system-monitoring/cpu-utilization,spine2,,,0/RP0/CPU0,6,6,6
2020-01-21 08:17:09.686000+00:00,Cisco-IOS-XR-wdsysmon-fd-oper:system-monitoring/cpu-utilization,spine2,,,0/0/CPU0,5,5,5
2020-01-21 08:17:14.938000+00:00,Cisco-IOS-XR-wdsysmon-fd-oper:system-monitoring/cpu-utilization,spine2,,,0/RP0/CPU0,6,6,6
2020-01-21 08:17:15.579000+00:00,Cisco-IOS-XR-wdsysmon-fd-oper:system-monitoring/cpu-utilization,spine2,,,0/0/CPU0,5,5,5
2020-01-21 08:17:19.049000+00:00,Cisco-IOS-XR-wdsysmon-fd-oper:system-monitoring/cpu-utilization,spine2,,,0/RP0/CPU0,6,6,6
2020-01-21 08:17:19.689000+00:00,Cisco-IOS-XR-wdsysmon-fd-oper:system-monitoring/cpu-utilization,spine2,,,0/0/CPU0,5,5,5
2020-01-21 08:17:24.927000+00:00,Cisco-IOS-XR-wdsysmon-fd-oper:system-monitoring/cpu-utilization,spine2,,,0/RP0/CPU0,6,6,6
2020-01-21 08:17:25.560000+00:00,Cisco-IOS-XR-wdsysmon-fd-oper:system-monitoring/cpu-utilization,spine2,,,0/0/CPU0,5,5,5
2020-01-21 08:17:29.049000+00:00,Cisco-IOS-XR-wdsysmon-fd-oper:system-monitoring/cpu-utilization,spine2,,,0/RP0/CPU0,6,6,6
2020-01-21 08:17:29.681000+00:00,Cisco-IOS-XR-wdsysmon-fd-oper:system-monitoring/cpu-utilization,spine2,,,0/0/CPU0,5,5,5
2020-01-21 08:17:34.946000+00:00,Cisco-IOS-XR-wdsysmon-fd-oper:system-monitoring/cpu-utilization,spine2,,,0/RP0/CPU0,6,6,6
2020-01-21 08:17:35.580000+00:00,Cisco-IOS-XR-wdsysmon-fd-oper:system-monitoring/cpu-utilization,spine2,,,0/0/CPU0,5,5,5
2020-01-21 08:17:39.049000+00:00,Cisco-IOS-XR-wdsysmon-fd-oper:system-monitoring/cpu-utilization,spine2,,,0/RP0/CPU0,6,6,6
2020-01-21 08:17:39.682000+00:00,Cisco-IOS-XR-wdsysmon-fd-oper:system-monitoring/cpu-utilization,spine2,,,0/0/CPU0,5,5,5
2020-01-21 08:17:45.549000+00:00,Cisco-IOS-XR-wdsysmon-fd-oper:system-monitoring/cpu-utilization,spine2,,,0/RP0/CPU0,6,6,7
2020-01-21 08:17:46.183000+00:00,Cisco-IOS-XR-wdsysmon-fd-oper:system-monitoring/cpu-utilization,spine2,,,0/0/CPU0,5,5,5
2020-01-21 08:17:49.042000+00:00,Cisco-IOS-XR-wdsysmon-fd-oper:system-monitoring/cpu-utilization,spine2,,,0/RP0/CPU0,6,6,7
2020-01-21 08:17:49.675000+00:00,Cisco-IOS-XR-wdsysmon-fd-oper:system-monitoring/cpu-utilization,spine2,,,0/0/CPU0,5,5,5
2020-01-21 08:17:55.057000+00:00,Cisco-IOS-XR-wdsysmon-fd-oper:system-monitoring/cpu-utilization,spine2,,,0/RP0/CPU0,6,6,7
2020-01-21 08:17:55.691000+00:00,Cisco-IOS-XR-wdsysmon-fd-oper:system-monitoring/cpu-utilization,spine2,,,0/0/CPU0,5,5,5
2020-01-21 08:17:59.038000+00:00,Cisco-IOS-XR-wdsysmon-fd-oper:system-monitoring/cpu-utilization,spine2,,,0/RP0/CPU0,6,6,7
2020-01-21 08:17:59.670000+00:00,Cisco-IOS-XR-wdsysmon-fd-oper:system-monitoring/cpu-utilization,spine2,,,0/0/CPU0,5,5,5
2020-01-21 08:18:04.962000+00:00,Cisco-IOS-XR-wdsysmon-fd-oper:system-monitoring/cpu-utilization,spine2,,,0/RP0/CPU0,6,6,7
2020-01-21 08:18:05.600000+00:00,Cisco-IOS-XR-wdsysmon-fd-oper:system-monitoring/cpu-utilization,spine2,,,0/0/CPU0,5,5,5
2020-01-21 08:18:09.056000+00:00,Cisco-IOS-XR-wdsysmon-fd-oper:system-monitoring/cpu-utilization,spine2,,,0/RP0/CPU0,6,6,7
2020-01-21 08:18:09.690000+00:00,Cisco-IOS-XR-wdsysmon-fd-oper:system-monitoring/cpu-utilization,spine2,,,0/0/CPU0,5,5,5
2020-01-21 08:18:15.233000+00:00,Cisco-IOS-XR-wdsysmon-fd-oper:system-monitoring/cpu-utilization,spine2,,,0/RP0/CPU0,6,6,7
2020-01-21 08:18:15.868000+00:00,Cisco-IOS-XR-wdsysmon-fd-oper:system-monitoring/cpu-utilization,spine2,,,0/0/CPU0,5,5,5
2020-01-21 08:18:19.043000+00:00,Cisco-IOS-XR-wdsysmon-fd-oper:system-monitoring/cpu-utilization,spine2,,,0/RP0/CPU0,6,6,7
2020-01-21 08:18:19.679000+00:00,Cisco-IOS-XR-wdsysmon-fd-oper:system-monitoring/cpu-utilization,spine2,,,0/0/CPU0,5,5,5
2020-01-21 08:18:24.935000+00:00,Cisco-IOS-XR-wdsysmon-fd-oper:system-monitoring/cpu-utilization,spine2,,,0/RP0/CPU0,6,6,7
2020-01-21 08:18:25.570000+00:00,Cisco-IOS-XR-wdsysmon-fd-oper:system-monitoring/cpu-utilization,spine2,,,0/0/CPU0,5,5,5
2020-01-21 08:18:29.055000+00:00,Cisco-IOS-XR-wdsysmon-fd-oper:system-monitoring/cpu-utilization,spine2,,,0/RP0/CPU0,6,6,7
2020-01-21 08:18:29.693000+00:00,Cisco-IOS-XR-wdsysmon-fd-oper:system-monitoring/cpu-utilization,spine2,,,0/0/CPU0,5,5,5
2020-01-21 08:18:35.040000+00:00,Cisco-IOS-XR-wdsysmon-fd-oper:system-monitoring/cpu-utilization,spine2,,,0/RP0/CPU0,6,6,7
2020-01-21 08:18:35.679000+00:00,Cisco-IOS-XR-wdsysmon-fd-oper:system-monitoring/cpu-utilization,spine2,,,0/0/CPU0,5,5,5
2020-01-21 08:18:39.045000+00:00,Cisco-IOS-XR-wdsysmon-fd-oper:system-monitoring/cpu-utilization,spine2,,,0/RP0/CPU0,6,6,7
2020-01-21 08:18:39.683000+00:00,Cisco-IOS-XR-wdsysmon-fd-oper:system-monitoring/cpu-utilization,spine2,,,0/0/CPU0,5,5,5
2020-01-21 08:18:46.172000+00:00,Cisco-IOS-XR-wdsysmon-fd-oper:system-monitoring/cpu-utilization,spine2,,,0/RP0/CPU0,6,6,7
2020-01-21 08:18:46.811000+00:00,Cisco-IOS-XR-wdsysmon-fd-oper:system-monitoring/cpu-utilization,spine2,,,0/0/CPU0,5,5,5
2020-01-21 08:18:49.042000+00:00,Cisco-IOS-XR-wdsysmon-fd-oper:system-monitoring/cpu-utilization,spine2,,,0/RP0/CPU0,6,6,7
2020-01-21 08:18:49.681000+00:00,Cisco-IOS-XR-wdsysmon-fd-oper:system-monitoring/cpu-utilization,spine2,,,0/0/CPU0,5,5,5
2020-01-21 08:18:54.963000+00:00,Cisco-IOS-XR-wdsysmon-fd-oper:system-monitoring/cpu-utilization,spine2,,,0/RP0/CPU0,6,6,7
2020-01-21 08:18:55.604000+00:00,Cisco-IOS-XR-wdsysmon-fd-oper:system-monitoring/cpu-utilization,spine2,,,0/0/CPU0,5,5,5
2020-01-21 08:18:59.043000+00:00,Cisco-IOS-XR-wdsysmon-fd-oper:system-monitoring/cpu-utilization,spine2,,,0/RP0/CPU0,6,6,7
2020-01-21 08:18:59.682000+00:00,Cisco-IOS-XR-wdsysmon-fd-oper:system-monitoring/cpu-utilization,spine2,,,0/0/CPU0,5,5,5
2020-01-21 08:19:04.929000+00:00,Cisco-IOS-XR-wdsysmon-fd-oper:system-monitoring/cpu-utilization,spine2,,,0/RP0/CPU0,6,6,7
2020-01-21 08:19:05.561000+00:00,Cisco-IOS-XR-wdsysmon-fd-oper:system-monitoring/cpu-utilization,spine2,,,0/0/CPU0,5,5,5
2020-01-21 08:19:09.050000+00:00,Cisco-IOS-XR-wdsysmon-fd-oper:system-monitoring/cpu-utilization,spine2,,,0/RP0/CPU0,6,6,7
2020-01-21 08:19:09.683000+00:00,Cisco-IOS-XR-wdsysmon-fd-oper:system-monitoring/cpu-utilization,spine2,,,0/0/CPU0,5,5,5
2020-01-21 08:19:14.929000+00:00,Cisco-IOS-XR-wdsysmon-fd-oper:system-monitoring/cpu-utilization,spine2,,,0/RP0/CPU0,6,6,7
2020-01-21 08:19:16.882000+00:00,Cisco-IOS-XR-wdsysmon-fd-oper:system-monitoring/cpu-utilization,spine2,,,0/0/CPU0,5,5,5
2020-01-21 08:19:19.055000+00:00,Cisco-IOS-XR-wdsysmon-fd-oper:system-monitoring/cpu-utilization,spine2,,,0/RP0/CPU0,6,6,7
2020-01-21 08:19:19.688000+00:00,Cisco-IOS-XR-wdsysmon-fd-oper:system-monitoring/cpu-utilization,spine2,,,0/0/CPU0,5,5,5
2020-01-21 08:19:24.958000+00:00,Cisco-IOS-XR-wdsysmon-fd-oper:system-monitoring/cpu-utilization,spine2,,,0/RP0/CPU0,6,6,7
2020-01-21 08:19:25.599000+00:00,Cisco-IOS-XR-wdsysmon-fd-oper:system-monitoring/cpu-utilization,spine2,,,0/0/CPU0,5,5,5
2020-01-21 08:19:29.050000+00:00,Cisco-IOS-XR-wdsysmon-fd-oper:system-monitoring/cpu-utilization,spine2,,,0/RP0/CPU0,6,6,7
2020-01-21 08:19:29.691000+00:00,Cisco-IOS-XR-wdsysmon-fd-oper:system-monitoring/cpu-utilization,spine2,,,0/0/CPU0,5,5,5
2020-01-21 08:19:34.943000+00:00,Cisco-IOS-XR-wdsysmon-fd-oper:system-monitoring/cpu-utilization,spine2,,,0/RP0/CPU0,6,6,7
2020-01-21 08:19:35.573000+00:00,Cisco-IOS-XR-wdsysmon-fd-oper:system-monitoring/cpu-utilization,spine2,,,0/0/CPU0,5,5,5
2020-01-21 08:19:39.041000+00:00,Cisco-IOS-XR-wdsysmon-fd-oper:system-monitoring/cpu-utilization,spine2,,,0/RP0/CPU0,6,6,7
2020-01-21 08:19:39.671000+00:00,Cisco-IOS-XR-wdsysmon-fd-oper:system-monitoring/cpu-utilization,spine2,,,0/0/CPU0,5,5,5
2020-01-21 08:19:45.034000+00:00,Cisco-IOS-XR-wdsysmon-fd-oper:system-monitoring/cpu-utilization,spine2,,,0/RP0/CPU0,6,6,7
2020-01-21 08:19:45.665000+00:00,Cisco-IOS-XR-wdsysmon-fd-oper:system-monitoring/cpu-utilization,spine2,,,0/0/CPU0,5,5,5
2020-01-21 08:19:49.039000+00:00,Cisco-IOS-XR-wdsysmon-fd-oper:system-monitoring/cpu-utilization,spine2,,,0/RP0/CPU0,6,7,8
2020-01-21 08:19:49.669000+00:00,Cisco-IOS-XR-wdsysmon-fd-oper:system-monitoring/cpu-utilization,spine2,,,0/0/CPU0,5,5,5
2020-01-21 08:19:54.930000+00:00,Cisco-IOS-XR-wdsysmon-fd-oper:system-monitoring/cpu-utilization,spine2,,,0/RP0/CPU0,6,7,8
2020-01-21 08:19:55.560000+00:00,Cisco-IOS-XR-wdsysmon-fd-oper:system-monitoring/cpu-utilization,spine2,,,0/0/CPU0,5,5,5
2020-01-21 08:19:59.046000+00:00,Cisco-IOS-XR-wdsysmon-fd-oper:system-monitoring/cpu-utilization,spine2,,,0/RP0/CPU0,6,7,8
2020-01-21 08:19:59.676000+00:00,Cisco-IOS-XR-wdsysmon-fd-oper:system-monitoring/cpu-utilization,spine2,,,0/0/CPU0,5,5,5
2020-01-21 08:20:04.940000+00:00,Cisco-IOS-XR-wdsysmon-fd-oper:system-monitoring/cpu-utilization,spine2,,,0/RP0/CPU0,6,7,8
2020-01-21 08:20:05.569000+00:00,Cisco-IOS-XR-wdsysmon-fd-oper:system-monitoring/cpu-utilization,spine2,,,0/0/CPU0,5,5,5
2020-01-21 08:20:09.047000+00:00,Cisco-IOS-XR-wdsysmon-fd-oper:system-monitoring/cpu-utilization,spine2,,,0/RP0/CPU0,6,7,8
2020-01-21 08:20:09.676000+00:00,Cisco-IOS-XR-wdsysmon-fd-oper:system-monitoring/cpu-utilization,spine2,,,0/0/CPU0,5,5,5
2020-01-21 08:20:14.928000+00:00,Cisco-IOS-XR-wdsysmon-fd-oper:system-monitoring/cpu-utilization,spine2,,,0/RP0/CPU0,6,7,8
2020-01-21 08:20:15.558000+00:00,Cisco-IOS-XR-wdsysmon-fd-oper:system-monitoring/cpu-utilization,spine2,,,0/0/CPU0,5,5,5
2020-01-21 08:20:19.042000+00:00,Cisco-IOS-XR-wdsysmon-fd-oper:system-monitoring/cpu-utilization,spine2,,,0/RP0/CPU0,6,7,8
2020-01-21 08:20:19.671000+00:00,Cisco-IOS-XR-wdsysmon-fd-oper:system-monitoring/cpu-utilization,spine2,,,0/0/CPU0,5,5,5
2020-01-21 08:20:25.016000+00:00,Cisco-IOS-XR-wdsysmon-fd-oper:system-monitoring/cpu-utilization,spine2,,,0/RP0/CPU0,6,7,8
2020-01-21 08:20:25.654000+00:00,Cisco-IOS-XR-wdsysmon-fd-oper:system-monitoring/cpu-utilization,spine2,,,0/0/CPU0,5,5,5
2020-01-21 08:20:29.054000+00:00,Cisco-IOS-XR-wdsysmon-fd-oper:system-monitoring/cpu-utilization,spine2,,,0/RP0/CPU0,6,7,8
2020-01-21 08:20:29.692000+00:00,Cisco-IOS-XR-wdsysmon-fd-oper:system-monitoring/cpu-utilization,spine2,,,0/0/CPU0,5,5,5
2020-01-21 08:20:34.947000+00:00,Cisco-IOS-XR-wdsysmon-fd-oper:system-monitoring/cpu-utilization,spine2,,,0/RP0/CPU0,6,7,8
2020-01-21 08:20:35.585000+00:00,Cisco-IOS-XR-wdsysmon-fd-oper:system-monitoring/cpu-utilization,spine2,,,0/0/CPU0,5,5,5
2020-01-21 08:20:39.047000+00:00,Cisco-IOS-XR-wdsysmon-fd-oper:system-monitoring/cpu-utilization,spine2,,,0/RP0/CPU0,6,7,8
2020-01-21 08:20:39.685000+00:00,Cisco-IOS-XR-wdsysmon-fd-oper:system-monitoring/cpu-utilization,spine2,,,0/0/CPU0,5,5,5
2020-01-21 08:20:44.936000+00:00,Cisco-IOS-XR-wdsysmon-fd-oper:system-monitoring/cpu-utilization,spine2,,,0/RP0/CPU0,6,7,8
2020-01-21 08:20:45.575000+00:00,Cisco-IOS-XR-wdsysmon-fd-oper:system-monitoring/cpu-utilization,spine2,,,0/0/CPU0,5,5,5
2020-01-21 08:20:51.222000+00:00,Cisco-IOS-XR-wdsysmon-fd-oper:system-monitoring/cpu-utilization,spine2,,,0/RP0/CPU0,6,6,6
2020-01-21 08:20:51.861000+00:00,Cisco-IOS-XR-wdsysmon-fd-oper:system-monitoring/cpu-utilization,spine2,,,0/0/CPU0,5,5,5
2020-01-21 08:20:54.949000+00:00,Cisco-IOS-XR-wdsysmon-fd-oper:system-monitoring/cpu-utilization,spine2,,,0/RP0/CPU0,6,6,6
2020-01-21 08:20:55.587000+00:00,Cisco-IOS-XR-wdsysmon-fd-oper:system-monitoring/cpu-utilization,spine2,,,0/0/CPU0,5,5,5
2020-01-21 08:20:59.053000+00:00,Cisco-IOS-XR-wdsysmon-fd-oper:system-monitoring/cpu-utilization,spine2,,,0/RP0/CPU0,6,6,6
2020-01-21 08:20:59.689000+00:00,Cisco-IOS-XR-wdsysmon-fd-oper:system-monitoring/cpu-utilization,spine2,,,0/0/CPU0,5,5,5
2020-01-21 08:21:04.938000+00:00,Cisco-IOS-XR-wdsysmon-fd-oper:system-monitoring/cpu-utilization,spine2,,,0/RP0/CPU0,6,6,6
2020-01-21 08:21:05.573000+00:00,Cisco-IOS-XR-wdsysmon-fd-oper:system-monitoring/cpu-utilization,spine2,,,0/0/CPU0,5,5,5
2020-01-21 08:21:09.043000+00:00,Cisco-IOS-XR-wdsysmon-fd-oper:system-monitoring/cpu-utilization,spine2,,,0/RP0/CPU0,6,6,6
2020-01-21 08:21:09.677000+00:00,Cisco-IOS-XR-wdsysmon-fd-oper:system-monitoring/cpu-utilization,spine2,,,0/0/CPU0,5,5,5
2020-01-21 08:21:14.945000+00:00,Cisco-IOS-XR-wdsysmon-fd-oper:system-monitoring/cpu-utilization,spine2,,,0/RP0/CPU0,6,6,6
2020-01-21 08:21:15.579000+00:00,Cisco-IOS-XR-wdsysmon-fd-oper:system-monitoring/cpu-utilization,spine2,,,0/0/CPU0,5,5,5
2020-01-21 08:21:19.047000+00:00,Cisco-IOS-XR-wdsysmon-fd-oper:system-monitoring/cpu-utilization,spine2,,,0/RP0/CPU0,6,6,6
2020-01-21 08:21:20.770000+00:00,Cisco-IOS-XR-wdsysmon-fd-oper:system-monitoring/cpu-utilization,spine2,,,0/0/CPU0,5,5,5
2020-01-21 08:21:24.925000+00:00,Cisco-IOS-XR-wdsysmon-fd-oper:system-monitoring/cpu-utilization,spine2,,,0/RP0/CPU0,6,6,6
2020-01-21 08:21:25.559000+00:00,Cisco-IOS-XR-wdsysmon-fd-oper:system-monitoring/cpu-utilization,spine2,,,0/0/CPU0,5,5,5
2020-01-21 08:21:29.042000+00:00,Cisco-IOS-XR-wdsysmon-fd-oper:system-monitoring/cpu-utilization,spine2,,,0/RP0/CPU0,6,6,6
2020-01-21 08:21:29.678000+00:00,Cisco-IOS-XR-wdsysmon-fd-oper:system-monitoring/cpu-utilization,spine2,,,0/0/CPU0,5,5,5
2020-01-21 08:21:35.019000+00:00,Cisco-IOS-XR-wdsysmon-fd-oper:system-monitoring/cpu-utilization,spine2,,,0/RP0/CPU0,6,6,6
2020-01-21 08:21:35.654000+00:00,Cisco-IOS-XR-wdsysmon-fd-oper:system-monitoring/cpu-utilization,spine2,,,0/0/CPU0,5,5,5
2020-01-21 08:21:39.040000+00:00,Cisco-IOS-XR-wdsysmon-fd-oper:system-monitoring/cpu-utilization,spine2,,,0/RP0/CPU0,6,6,6
2020-01-21 08:21:39.675000+00:00,Cisco-IOS-XR-wdsysmon-fd-oper:system-monitoring/cpu-utilization,spine2,,,0/0/CPU0,5,5,5
2020-01-21 08:21:44.927000+00:00,Cisco-IOS-XR-wdsysmon-fd-oper:system-monitoring/cpu-utilization,spine2,,,0/RP0/CPU0,6,6,6
2020-01-21 08:21:45.561000+00:00,Cisco-IOS-XR-wdsysmon-fd-oper:system-monitoring/cpu-utilization,spine2,,,0/0/CPU0,5,5,5
2020-01-21 08:21:49.047000+00:00,Cisco-IOS-XR-wdsysmon-fd-oper:system-monitoring/cpu-utilization,spine2,,,0/RP0/CPU0,6,6,6
2020-01-21 08:21:49.683000+00:00,Cisco-IOS-XR-wdsysmon-fd-oper:system-monitoring/cpu-utilization,spine2,,,0/0/CPU0,5,5,5
2020-01-21 08:21:54.921000+00:00,Cisco-IOS-XR-wdsysmon-fd-oper:system-monitoring/cpu-utilization,spine2,,,0/RP0/CPU0,6,7,7
2020-01-21 08:21:55.557000+00:00,Cisco-IOS-XR-wdsysmon-fd-oper:system-monitoring/cpu-utilization,spine2,,,0/0/CPU0,5,5,5
2020-01-21 08:21:59.045000+00:00,Cisco-IOS-XR-wdsysmon-fd-oper:system-monitoring/cpu-utilization,spine2,,,0/RP0/CPU0,6,7,7
2020-01-21 08:21:59.681000+00:00,Cisco-IOS-XR-wdsysmon-fd-oper:system-monitoring/cpu-utilization,spine2,,,0/0/CPU0,5,5,5
2020-01-21 08:22:04.943000+00:00,Cisco-IOS-XR-wdsysmon-fd-oper:system-monitoring/cpu-utilization,spine2,,,0/RP0/CPU0,6,7,7
2020-01-21 08:22:05.578000+00:00,Cisco-IOS-XR-wdsysmon-fd-oper:system-monitoring/cpu-utilization,spine2,,,0/0/CPU0,5,5,5
2020-01-21 08:22:09.048000+00:00,Cisco-IOS-XR-wdsysmon-fd-oper:system-monitoring/cpu-utilization,spine2,,,0/RP0/CPU0,6,7,7
2020-01-21 08:22:09.689000+00:00,Cisco-IOS-XR-wdsysmon-fd-oper:system-monitoring/cpu-utilization,spine2,,,0/0/CPU0,5,5,5
2020-01-21 08:22:15.053000+00:00,Cisco-IOS-XR-wdsysmon-fd-oper:system-monitoring/cpu-utilization,spine2,,,0/RP0/CPU0,6,7,7
2020-01-21 08:22:15.694000+00:00,Cisco-IOS-XR-wdsysmon-fd-oper:system-monitoring/cpu-utilization,spine2,,,0/0/CPU0,5,5,5
2020-01-21 08:22:19.046000+00:00,Cisco-IOS-XR-wdsysmon-fd-oper:system-monitoring/cpu-utilization,spine2,,,0/RP0/CPU0,6,7,7
2020-01-21 08:22:19.687000+00:00,Cisco-IOS-XR-wdsysmon-fd-oper:system-monitoring/cpu-utilization,spine2,,,0/0/CPU0,5,5,5
2020-01-21 08:22:24.940000+00:00,Cisco-IOS-XR-wdsysmon-fd-oper:system-monitoring/cpu-utilization,spine2,,,0/RP0/CPU0,6,7,7
2020-01-21 08:22:25.581000+00:00,Cisco-IOS-XR-wdsysmon-fd-oper:system-monitoring/cpu-utilization,spine2,,,0/0/CPU0,5,5,5
2020-01-21 08:22:29.053000+00:00,Cisco-IOS-XR-wdsysmon-fd-oper:system-monitoring/cpu-utilization,spine2,,,0/RP0/CPU0,6,7,7
2020-01-21 08:22:29.695000+00:00,Cisco-IOS-XR-wdsysmon-fd-oper:system-monitoring/cpu-utilization,spine2,,,0/0/CPU0,5,5,5
2020-01-21 08:22:34.935000+00:00,Cisco-IOS-XR-wdsysmon-fd-oper:system-monitoring/cpu-utilization,spine2,,,0/RP0/CPU0,6,7,7
2020-01-21 08:22:35.576000+00:00,Cisco-IOS-XR-wdsysmon-fd-oper:system-monitoring/cpu-utilization,spine2,,,0/0/CPU0,5,5,5
2020-01-21 08:22:39.048000+00:00,Cisco-IOS-XR-wdsysmon-fd-oper:system-monitoring/cpu-utilization,spine2,,,0/RP0/CPU0,6,7,7
2020-01-21 08:22:39.680000+00:00,Cisco-IOS-XR-wdsysmon-fd-oper:system-monitoring/cpu-utilization,spine2,,,0/0/CPU0,5,5,5
2020-01-21 08:22:44.936000+00:00,Cisco-IOS-XR-wdsysmon-fd-oper:system-monitoring/cpu-utilization,spine2,,,0/RP0/CPU0,6,7,7
2020-01-21 08:22:45.570000+00:00,Cisco-IOS-XR-wdsysmon-fd-oper:system-monitoring/cpu-utilization,spine2,,,0/0/CPU0,5,5,5
2020-01-21 08:22:49.046000+00:00,Cisco-IOS-XR-wdsysmon-fd-oper:system-monitoring/cpu-utilization,spine2,,,0/RP0/CPU0,6,7,7
2020-01-21 08:22:49.678000+00:00,Cisco-IOS-XR-wdsysmon-fd-oper:system-monitoring/cpu-utilization,spine2,,,0/0/CPU0,5,5,5
2020-01-21 08:22:56.282000+00:00,Cisco-IOS-XR-wdsysmon-fd-oper:system-monitoring/cpu-utilization,spine2,,,0/RP0/CPU0,6,6,6
2020-01-21 08:22:56.914000+00:00,Cisco-IOS-XR-wdsysmon-fd-oper:system-monitoring/cpu-utilization,spine2,,,0/0/CPU0,5,5,5
2020-01-21 08:22:59.047000+00:00,Cisco-IOS-XR-wdsysmon-fd-oper:system-monitoring/cpu-utilization,spine2,,,0/RP0/CPU0,6,6,6
2020-01-21 08:22:59.680000+00:00,Cisco-IOS-XR-wdsysmon-fd-oper:system-monitoring/cpu-utilization,spine2,,,0/0/CPU0,5,5,5
2020-01-21 08:23:04.955000+00:00,Cisco-IOS-XR-wdsysmon-fd-oper:system-monitoring/cpu-utilization,spine2,,,0/RP0/CPU0,6,6,6
2020-01-21 08:23:05.588000+00:00,Cisco-IOS-XR-wdsysmon-fd-oper:system-monitoring/cpu-utilization,spine2,,,0/0/CPU0,5,5,5
2020-01-21 08:23:09.046000+00:00,Cisco-IOS-XR-wdsysmon-fd-oper:system-monitoring/cpu-utilization,spine2,,,0/RP0/CPU0,6,6,6
2020-01-21 08:23:09.678000+00:00,Cisco-IOS-XR-wdsysmon-fd-oper:system-monitoring/cpu-utilization,spine2,,,0/0/CPU0,5,5,5
2020-01-21 08:23:14.938000+00:00,Cisco-IOS-XR-wdsysmon-fd-oper:system-monitoring/cpu-utilization,spine2,,,0/RP0/CPU0,6,6,6
2020-01-21 08:23:15.571000+00:00,Cisco-IOS-XR-wdsysmon-fd-oper:system-monitoring/cpu-utilization,spine2,,,0/0/CPU0,5,5,5
2020-01-21 08:23:19.045000+00:00,Cisco-IOS-XR-wdsysmon-fd-oper:system-monitoring/cpu-utilization,spine2,,,0/RP0/CPU0,6,6,6
2020-01-21 08:23:19.678000+00:00,Cisco-IOS-XR-wdsysmon-fd-oper:system-monitoring/cpu-utilization,spine2,,,0/0/CPU0,5,5,5
2020-01-21 08:23:25.250000+00:00,Cisco-IOS-XR-wdsysmon-fd-oper:system-monitoring/cpu-utilization,spine2,,,0/RP0/CPU0,6,6,6
2020-01-21 08:23:25.880000+00:00,Cisco-IOS-XR-wdsysmon-fd-oper:system-monitoring/cpu-utilization,spine2,,,0/0/CPU0,5,5,5
2020-01-21 08:23:29.055000+00:00,Cisco-IOS-XR-wdsysmon-fd-oper:system-monitoring/cpu-utilization,spine2,,,0/RP0/CPU0,6,6,6
2020-01-21 08:23:29.686000+00:00,Cisco-IOS-XR-wdsysmon-fd-oper:system-monitoring/cpu-utilization,spine2,,,0/0/CPU0,5,5,5
2020-01-21 08:23:34.954000+00:00,Cisco-IOS-XR-wdsysmon-fd-oper:system-monitoring/cpu-utilization,spine2,,,0/RP0/CPU0,6,6,6
2020-01-21 08:23:35.585000+00:00,Cisco-IOS-XR-wdsysmon-fd-oper:system-monitoring/cpu-utilization,spine2,,,0/0/CPU0,5,5,5
2020-01-21 08:23:39.065000+00:00,Cisco-IOS-XR-wdsysmon-fd-oper:system-monitoring/cpu-utilization,spine2,,,0/RP0/CPU0,6,6,6
2020-01-21 08:23:39.695000+00:00,Cisco-IOS-XR-wdsysmon-fd-oper:system-monitoring/cpu-utilization,spine2,,,0/0/CPU0,5,5,5
2020-01-21 08:23:44.969000+00:00,Cisco-IOS-XR-wdsysmon-fd-oper:system-monitoring/cpu-utilization,spine2,,,0/RP0/CPU0,6,6,6
2020-01-21 08:23:45.600000+00:00,Cisco-IOS-XR-wdsysmon-fd-oper:system-monitoring/cpu-utilization,spine2,,,0/0/CPU0,5,5,5
2020-01-21 08:23:49.057000+00:00,Cisco-IOS-XR-wdsysmon-fd-oper:system-monitoring/cpu-utilization,spine2,,,0/RP0/CPU0,6,6,6
2020-01-21 08:23:49.691000+00:00,Cisco-IOS-XR-wdsysmon-fd-oper:system-monitoring/cpu-utilization,spine2,,,0/0/CPU0,5,5,5
2020-01-21 08:23:54.932000+00:00,Cisco-IOS-XR-wdsysmon-fd-oper:system-monitoring/cpu-utilization,spine2,,,0/RP0/CPU0,6,6,6
2020-01-21 08:23:55.566000+00:00,Cisco-IOS-XR-wdsysmon-fd-oper:system-monitoring/cpu-utilization,spine2,,,0/0/CPU0,5,5,5
2020-01-21 08:23:59.047000+00:00,Cisco-IOS-XR-wdsysmon-fd-oper:system-monitoring/cpu-utilization,spine2,,,0/RP0/CPU0,6,6,7
2020-01-21 08:23:59.680000+00:00,Cisco-IOS-XR-wdsysmon-fd-oper:system-monitoring/cpu-utilization,spine2,,,0/0/CPU0,5,5,5
2020-01-21 08:24:05.038000+00:00,Cisco-IOS-XR-wdsysmon-fd-oper:system-monitoring/cpu-utilization,spine2,,,0/RP0/CPU0,6,6,7
2020-01-21 08:24:05.671000+00:00,Cisco-IOS-XR-wdsysmon-fd-oper:system-monitoring/cpu-utilization,spine2,,,0/0/CPU0,5,5,5
2020-01-21 08:24:09.053000+00:00,Cisco-IOS-XR-wdsysmon-fd-oper:system-monitoring/cpu-utilization,spine2,,,0/RP0/CPU0,6,6,7
2020-01-21 08:24:09.687000+00:00,Cisco-IOS-XR-wdsysmon-fd-oper:system-monitoring/cpu-utilization,spine2,,,0/0/CPU0,5,5,5
2020-01-21 08:24:14.942000+00:00,Cisco-IOS-XR-wdsysmon-fd-oper:system-monitoring/cpu-utilization,spine2,,,0/RP0/CPU0,6,6,7
2020-01-21 08:24:15.576000+00:00,Cisco-IOS-XR-wdsysmon-fd-oper:system-monitoring/cpu-utilization,spine2,,,0/0/CPU0,5,5,5
2020-01-21 08:24:19.053000+00:00,Cisco-IOS-XR-wdsysmon-fd-oper:system-monitoring/cpu-utilization,spine2,,,0/RP0/CPU0,6,6,7
2020-01-21 08:24:19.687000+00:00,Cisco-IOS-XR-wdsysmon-fd-oper:system-monitoring/cpu-utilization,spine2,,,0/0/CPU0,5,5,5
2020-01-21 08:24:24.970000+00:00,Cisco-IOS-XR-wdsysmon-fd-oper:system-monitoring/cpu-utilization,spine2,,,0/RP0/CPU0,6,6,7
2020-01-21 08:24:26.641000+00:00,Cisco-IOS-XR-wdsysmon-fd-oper:system-monitoring/cpu-utilization,spine2,,,0/0/CPU0,5,5,5
2020-01-21 08:24:29.051000+00:00,Cisco-IOS-XR-wdsysmon-fd-oper:system-monitoring/cpu-utilization,spine2,,,0/RP0/CPU0,6,6,7
2020-01-21 08:24:29.688000+00:00,Cisco-IOS-XR-wdsysmon-fd-oper:system-monitoring/cpu-utilization,spine2,,,0/0/CPU0,5,5,5
2020-01-21 08:24:34.963000+00:00,Cisco-IOS-XR-wdsysmon-fd-oper:system-monitoring/cpu-utilization,spine2,,,0/RP0/CPU0,6,6,7
2020-01-21 08:24:35.599000+00:00,Cisco-IOS-XR-wdsysmon-fd-oper:system-monitoring/cpu-utilization,spine2,,,0/0/CPU0,5,5,5
2020-01-21 08:24:39.064000+00:00,Cisco-IOS-XR-wdsysmon-fd-oper:system-monitoring/cpu-utilization,spine2,,,0/RP0/CPU0,6,6,7
2020-01-21 08:24:39.700000+00:00,Cisco-IOS-XR-wdsysmon-fd-oper:system-monitoring/cpu-utilization,spine2,,,0/0/CPU0,5,5,5
2020-01-21 08:24:44.936000+00:00,Cisco-IOS-XR-wdsysmon-fd-oper:system-monitoring/cpu-utilization,spine2,,,0/RP0/CPU0,6,6,7
2020-01-21 08:24:45.572000+00:00,Cisco-IOS-XR-wdsysmon-fd-oper:system-monitoring/cpu-utilization,spine2,,,0/0/CPU0,5,5,5
2020-01-21 08:24:49.049000+00:00,Cisco-IOS-XR-wdsysmon-fd-oper:system-monitoring/cpu-utilization,spine2,,,0/RP0/CPU0,6,6,7
2020-01-21 08:24:49.689000+00:00,Cisco-IOS-XR-wdsysmon-fd-oper:system-monitoring/cpu-utilization,spine2,,,0/0/CPU0,5,5,5
2020-01-21 08:24:54.964000+00:00,Cisco-IOS-XR-wdsysmon-fd-oper:system-monitoring/cpu-utilization,spine2,,,0/RP0/CPU0,6,6,7
2020-01-21 08:24:55.603000+00:00,Cisco-IOS-XR-wdsysmon-fd-oper:system-monitoring/cpu-utilization,spine2,,,0/0/CPU0,5,5,5
2020-01-21 08:25:01.316000+00:00,Cisco-IOS-XR-wdsysmon-fd-oper:system-monitoring/cpu-utilization,spine2,,,0/RP0/CPU0,6,6,6
2020-01-21 08:25:01.949000+00:00,Cisco-IOS-XR-wdsysmon-fd-oper:system-monitoring/cpu-utilization,spine2,,,0/0/CPU0,5,5,5
2020-01-21 08:25:04.930000+00:00,Cisco-IOS-XR-wdsysmon-fd-oper:system-monitoring/cpu-utilization,spine2,,,0/RP0/CPU0,6,6,6
2020-01-21 08:25:05.570000+00:00,Cisco-IOS-XR-wdsysmon-fd-oper:system-monitoring/cpu-utilization,spine2,,,0/0/CPU0,5,5,5
2020-01-21 08:25:09.052000+00:00,Cisco-IOS-XR-wdsysmon-fd-oper:system-monitoring/cpu-utilization,spine2,,,0/RP0/CPU0,6,6,6
2020-01-21 08:25:09.693000+00:00,Cisco-IOS-XR-wdsysmon-fd-oper:system-monitoring/cpu-utilization,spine2,,,0/0/CPU0,5,5,5
2020-01-21 08:25:15.007000+00:00,Cisco-IOS-XR-wdsysmon-fd-oper:system-monitoring/cpu-utilization,spine2,,,0/RP0/CPU0,6,6,6
2020-01-21 08:25:15.648000+00:00,Cisco-IOS-XR-wdsysmon-fd-oper:system-monitoring/cpu-utilization,spine2,,,0/0/CPU0,5,5,5
2020-01-21 08:25:19.057000+00:00,Cisco-IOS-XR-wdsysmon-fd-oper:system-monitoring/cpu-utilization,spine2,,,0/RP0/CPU0,6,6,6
2020-01-21 08:25:19.698000+00:00,Cisco-IOS-XR-wdsysmon-fd-oper:system-monitoring/cpu-utilization,spine2,,,0/0/CPU0,5,5,5
2020-01-21 08:25:24.956000+00:00,Cisco-IOS-XR-wdsysmon-fd-oper:system-monitoring/cpu-utilization,spine2,,,0/RP0/CPU0,6,6,6
2020-01-21 08:25:25.598000+00:00,Cisco-IOS-XR-wdsysmon-fd-oper:system-monitoring/cpu-utilization,spine2,,,0/0/CPU0,5,5,5
2020-01-21 08:25:29.045000+00:00,Cisco-IOS-XR-wdsysmon-fd-oper:system-monitoring/cpu-utilization,spine2,,,0/RP0/CPU0,6,6,6
2020-01-21 08:25:29.687000+00:00,Cisco-IOS-XR-wdsysmon-fd-oper:system-monitoring/cpu-utilization,spine2,,,0/0/CPU0,5,5,5
2020-01-21 08:25:34.957000+00:00,Cisco-IOS-XR-wdsysmon-fd-oper:system-monitoring/cpu-utilization,spine2,,,0/RP0/CPU0,6,6,6
2020-01-21 08:25:35.599000+00:00,Cisco-IOS-XR-wdsysmon-fd-oper:system-monitoring/cpu-utilization,spine2,,,0/0/CPU0,5,5,5
2020-01-21 08:25:39.050000+00:00,Cisco-IOS-XR-wdsysmon-fd-oper:system-monitoring/cpu-utilization,spine2,,,0/RP0/CPU0,6,6,6
2020-01-21 08:25:39.691000+00:00,Cisco-IOS-XR-wdsysmon-fd-oper:system-monitoring/cpu-utilization,spine2,,,0/0/CPU0,5,5,5
2020-01-21 08:25:44.933000+00:00,Cisco-IOS-XR-wdsysmon-fd-oper:system-monitoring/cpu-utilization,spine2,,,0/RP0/CPU0,6,6,6
2020-01-21 08:25:45.574000+00:00,Cisco-IOS-XR-wdsysmon-fd-oper:system-monitoring/cpu-utilization,spine2,,,0/0/CPU0,5,5,5
2020-01-21 08:25:49.055000+00:00,Cisco-IOS-XR-wdsysmon-fd-oper:system-monitoring/cpu-utilization,spine2,,,0/RP0/CPU0,6,6,6
2020-01-21 08:25:49.697000+00:00,Cisco-IOS-XR-wdsysmon-fd-oper:system-monitoring/cpu-utilization,spine2,,,0/0/CPU0,5,5,5
2020-01-21 08:25:55.019000+00:00,Cisco-IOS-XR-wdsysmon-fd-oper:system-monitoring/cpu-utilization,spine2,,,0/RP0/CPU0,6,6,6
2020-01-21 08:25:55.660000+00:00,Cisco-IOS-XR-wdsysmon-fd-oper:system-monitoring/cpu-utilization,spine2,,,0/0/CPU0,5,5,5
2020-01-21 08:25:59.051000+00:00,Cisco-IOS-XR-wdsysmon-fd-oper:system-monitoring/cpu-utilization,spine2,,,0/RP0/CPU0,6,6,6
2020-01-21 08:25:59.693000+00:00,Cisco-IOS-XR-wdsysmon-fd-oper:system-monitoring/cpu-utilization,spine2,,,0/0/CPU0,5,5,5
2020-01-21 08:26:04.931000+00:00,Cisco-IOS-XR-wdsysmon-fd-oper:system-monitoring/cpu-utilization,spine2,,,0/RP0/CPU0,6,6,6
2020-01-21 08:26:05.573000+00:00,Cisco-IOS-XR-wdsysmon-fd-oper:system-monitoring/cpu-utilization,spine2,,,0/0/CPU0,5,5,5
2020-01-21 08:26:09.053000+00:00,Cisco-IOS-XR-wdsysmon-fd-oper:system-monitoring/cpu-utilization,spine2,,,0/RP0/CPU0,6,6,6
2020-01-21 08:26:09.694000+00:00,Cisco-IOS-XR-wdsysmon-fd-oper:system-monitoring/cpu-utilization,spine2,,,0/0/CPU0,5,5,5
2020-01-21 08:26:14.932000+00:00,Cisco-IOS-XR-wdsysmon-fd-oper:system-monitoring/cpu-utilization,spine2,,,0/RP0/CPU0,6,6,6
2020-01-21 08:26:15.573000+00:00,Cisco-IOS-XR-wdsysmon-fd-oper:system-monitoring/cpu-utilization,spine2,,,0/0/CPU0,5,5,5
2020-01-21 08:26:19.054000+00:00,Cisco-IOS-XR-wdsysmon-fd-oper:system-monitoring/cpu-utilization,spine2,,,0/RP0/CPU0,6,6,6
2020-01-21 08:26:19.695000+00:00,Cisco-IOS-XR-wdsysmon-fd-oper:system-monitoring/cpu-utilization,spine2,,,0/0/CPU0,5,5,5
2020-01-21 08:26:24.955000+00:00,Cisco-IOS-XR-wdsysmon-fd-oper:system-monitoring/cpu-utilization,spine2,,,0/RP0/CPU0,6,6,6
2020-01-21 08:26:25.596000+00:00,Cisco-IOS-XR-wdsysmon-fd-oper:system-monitoring/cpu-utilization,spine2,,,0/0/CPU0,5,5,5
2020-01-21 08:26:29.064000+00:00,Cisco-IOS-XR-wdsysmon-fd-oper:system-monitoring/cpu-utilization,spine2,,,0/RP0/CPU0,6,6,6
2020-01-21 08:26:30.595000+00:00,Cisco-IOS-XR-wdsysmon-fd-oper:system-monitoring/cpu-utilization,spine2,,,0/0/CPU0,5,5,5
2020-01-21 08:26:34.946000+00:00,Cisco-IOS-XR-wdsysmon-fd-oper:system-monitoring/cpu-utilization,spine2,,,0/RP0/CPU0,6,6,6
2020-01-21 08:26:35.580000+00:00,Cisco-IOS-XR-wdsysmon-fd-oper:system-monitoring/cpu-utilization,spine2,,,0/0/CPU0,5,5,5
2020-01-21 08:26:39.061000+00:00,Cisco-IOS-XR-wdsysmon-fd-oper:system-monitoring/cpu-utilization,spine2,,,0/RP0/CPU0,6,6,6
2020-01-21 08:26:39.694000+00:00,Cisco-IOS-XR-wdsysmon-fd-oper:system-monitoring/cpu-utilization,spine2,,,0/0/CPU0,5,5,5
2020-01-21 08:26:45.112000+00:00,Cisco-IOS-XR-wdsysmon-fd-oper:system-monitoring/cpu-utilization,spine2,,,0/RP0/CPU0,6,6,6
2020-01-21 08:26:45.745000+00:00,Cisco-IOS-XR-wdsysmon-fd-oper:system-monitoring/cpu-utilization,spine2,,,0/0/CPU0,5,5,5
2020-01-21 08:26:49.061000+00:00,Cisco-IOS-XR-wdsysmon-fd-oper:system-monitoring/cpu-utilization,spine2,,,0/RP0/CPU0,6,6,6
2020-01-21 08:26:49.694000+00:00,Cisco-IOS-XR-wdsysmon-fd-oper:system-monitoring/cpu-utilization,spine2,,,0/0/CPU0,5,5,5
2020-01-21 08:26:54.956000+00:00,Cisco-IOS-XR-wdsysmon-fd-oper:system-monitoring/cpu-utilization,spine2,,,0/RP0/CPU0,6,6,6
2020-01-21 08:26:55.597000+00:00,Cisco-IOS-XR-wdsysmon-fd-oper:system-monitoring/cpu-utilization,spine2,,,0/0/CPU0,5,5,5
2020-01-21 08:26:59.062000+00:00,Cisco-IOS-XR-wdsysmon-fd-oper:system-monitoring/cpu-utilization,spine2,,,0/RP0/CPU0,6,6,6
2020-01-21 08:26:59.704000+00:00,Cisco-IOS-XR-wdsysmon-fd-oper:system-monitoring/cpu-utilization,spine2,,,0/0/CPU0,5,5,5
2020-01-21 08:27:06.484000+00:00,Cisco-IOS-XR-wdsysmon-fd-oper:system-monitoring/cpu-utilization,spine2,,,0/RP0/CPU0,6,6,6
2020-01-21 08:27:07.125000+00:00,Cisco-IOS-XR-wdsysmon-fd-oper:system-monitoring/cpu-utilization,spine2,,,0/0/CPU0,5,5,5
2020-01-21 08:27:09.059000+00:00,Cisco-IOS-XR-wdsysmon-fd-oper:system-monitoring/cpu-utilization,spine2,,,0/RP0/CPU0,6,6,6
2020-01-21 08:27:09.690000+00:00,Cisco-IOS-XR-wdsysmon-fd-oper:system-monitoring/cpu-utilization,spine2,,,0/0/CPU0,5,5,5
2020-01-21 08:27:14.959000+00:00,Cisco-IOS-XR-wdsysmon-fd-oper:system-monitoring/cpu-utilization,spine2,,,0/RP0/CPU0,6,6,6
2020-01-21 08:27:15.590000+00:00,Cisco-IOS-XR-wdsysmon-fd-oper:system-monitoring/cpu-utilization,spine2,,,0/0/CPU0,5,5,5
2020-01-21 08:27:19.063000+00:00,Cisco-IOS-XR-wdsysmon-fd-oper:system-monitoring/cpu-utilization,spine2,,,0/RP0/CPU0,6,6,6
2020-01-21 08:27:19.704000+00:00,Cisco-IOS-XR-wdsysmon-fd-oper:system-monitoring/cpu-utilization,spine2,,,0/0/CPU0,5,5,5
2020-01-21 08:27:24.962000+00:00,Cisco-IOS-XR-wdsysmon-fd-oper:system-monitoring/cpu-utilization,spine2,,,0/RP0/CPU0,6,6,6
2020-01-21 08:27:25.604000+00:00,Cisco-IOS-XR-wdsysmon-fd-oper:system-monitoring/cpu-utilization,spine2,,,0/0/CPU0,5,5,5
2020-01-21 08:27:29.047000+00:00,Cisco-IOS-XR-wdsysmon-fd-oper:system-monitoring/cpu-utilization,spine2,,,0/RP0/CPU0,6,6,6
2020-01-21 08:27:29.689000+00:00,Cisco-IOS-XR-wdsysmon-fd-oper:system-monitoring/cpu-utilization,spine2,,,0/0/CPU0,5,5,5
2020-01-21 08:27:34.937000+00:00,Cisco-IOS-XR-wdsysmon-fd-oper:system-monitoring/cpu-utilization,spine2,,,0/RP0/CPU0,6,6,6
2020-01-21 08:27:35.579000+00:00,Cisco-IOS-XR-wdsysmon-fd-oper:system-monitoring/cpu-utilization,spine2,,,0/0/CPU0,5,5,5
2020-01-21 08:27:39.063000+00:00,Cisco-IOS-XR-wdsysmon-fd-oper:system-monitoring/cpu-utilization,spine2,,,0/RP0/CPU0,6,6,6
2020-01-21 08:27:39.694000+00:00,Cisco-IOS-XR-wdsysmon-fd-oper:system-monitoring/cpu-utilization,spine2,,,0/0/CPU0,5,5,5
2020-01-21 08:27:45.042000+00:00,Cisco-IOS-XR-wdsysmon-fd-oper:system-monitoring/cpu-utilization,spine2,,,0/RP0/CPU0,6,6,6
2020-01-21 08:27:45.676000+00:00,Cisco-IOS-XR-wdsysmon-fd-oper:system-monitoring/cpu-utilization,spine2,,,0/0/CPU0,5,5,5
2020-01-21 08:27:49.062000+00:00,Cisco-IOS-XR-wdsysmon-fd-oper:system-monitoring/cpu-utilization,spine2,,,0/RP0/CPU0,6,6,6
2020-01-21 08:27:49.692000+00:00,Cisco-IOS-XR-wdsysmon-fd-oper:system-monitoring/cpu-utilization,spine2,,,0/0/CPU0,5,5,5
2020-01-21 08:27:54.942000+00:00,Cisco-IOS-XR-wdsysmon-fd-oper:system-monitoring/cpu-utilization,spine2,,,0/RP0/CPU0,6,6,6
2020-01-21 08:27:55.572000+00:00,Cisco-IOS-XR-wdsysmon-fd-oper:system-monitoring/cpu-utilization,spine2,,,0/0/CPU0,5,5,5
2020-01-21 08:27:59.055000+00:00,Cisco-IOS-XR-wdsysmon-fd-oper:system-monitoring/cpu-utilization,spine2,,,0/RP0/CPU0,6,6,6
2020-01-21 08:27:59.686000+00:00,Cisco-IOS-XR-wdsysmon-fd-oper:system-monitoring/cpu-utilization,spine2,,,0/0/CPU0,5,5,5
2020-01-21 08:28:04.940000+00:00,Cisco-IOS-XR-wdsysmon-fd-oper:system-monitoring/cpu-utilization,spine2,,,0/RP0/CPU0,6,6,6
2020-01-21 08:28:05.571000+00:00,Cisco-IOS-XR-wdsysmon-fd-oper:system-monitoring/cpu-utilization,spine2,,,0/0/CPU0,5,5,5
2020-01-21 08:28:09.052000+00:00,Cisco-IOS-XR-wdsysmon-fd-oper:system-monitoring/cpu-utilization,spine2,,,0/RP0/CPU0,6,6,7
2020-01-21 08:28:09.688000+00:00,Cisco-IOS-XR-wdsysmon-fd-oper:system-monitoring/cpu-utilization,spine2,,,0/0/CPU0,5,5,5
2020-01-21 08:28:14.942000+00:00,Cisco-IOS-XR-wdsysmon-fd-oper:system-monitoring/cpu-utilization,spine2,,,0/RP0/CPU0,6,6,7
2020-01-21 08:28:15.578000+00:00,Cisco-IOS-XR-wdsysmon-fd-oper:system-monitoring/cpu-utilization,spine2,,,0/0/CPU0,5,5,5
2020-01-21 08:28:19.054000+00:00,Cisco-IOS-XR-wdsysmon-fd-oper:system-monitoring/cpu-utilization,spine2,,,0/RP0/CPU0,6,6,7
2020-01-21 08:28:19.692000+00:00,Cisco-IOS-XR-wdsysmon-fd-oper:system-monitoring/cpu-utilization,spine2,,,0/0/CPU0,5,5,5
2020-01-21 08:28:24.962000+00:00,Cisco-IOS-XR-wdsysmon-fd-oper:system-monitoring/cpu-utilization,spine2,,,0/RP0/CPU0,6,6,7
2020-01-21 08:28:25.599000+00:00,Cisco-IOS-XR-wdsysmon-fd-oper:system-monitoring/cpu-utilization,spine2,,,0/0/CPU0,5,5,5
2020-01-21 08:28:29.053000+00:00,Cisco-IOS-XR-wdsysmon-fd-oper:system-monitoring/cpu-utilization,spine2,,,0/RP0/CPU0,6,6,7
2020-01-21 08:28:29.689000+00:00,Cisco-IOS-XR-wdsysmon-fd-oper:system-monitoring/cpu-utilization,spine2,,,0/0/CPU0,5,5,5
2020-01-21 08:28:35.174000+00:00,Cisco-IOS-XR-wdsysmon-fd-oper:system-monitoring/cpu-utilization,spine2,,,0/RP0/CPU0,6,6,7
2020-01-21 08:28:35.811000+00:00,Cisco-IOS-XR-wdsysmon-fd-oper:system-monitoring/cpu-utilization,spine2,,,0/0/CPU0,5,5,6
2020-01-21 08:28:39.057000+00:00,Cisco-IOS-XR-wdsysmon-fd-oper:system-monitoring/cpu-utilization,spine2,,,0/RP0/CPU0,6,6,7
2020-01-21 08:28:39.694000+00:00,Cisco-IOS-XR-wdsysmon-fd-oper:system-monitoring/cpu-utilization,spine2,,,0/0/CPU0,5,5,6
2020-01-21 08:28:44.937000+00:00,Cisco-IOS-XR-wdsysmon-fd-oper:system-monitoring/cpu-utilization,spine2,,,0/RP0/CPU0,6,6,7
2020-01-21 08:28:45.573000+00:00,Cisco-IOS-XR-wdsysmon-fd-oper:system-monitoring/cpu-utilization,spine2,,,0/0/CPU0,5,5,6
2020-01-21 08:28:49.054000+00:00,Cisco-IOS-XR-wdsysmon-fd-oper:system-monitoring/cpu-utilization,spine2,,,0/RP0/CPU0,6,6,7
2020-01-21 08:28:49.690000+00:00,Cisco-IOS-XR-wdsysmon-fd-oper:system-monitoring/cpu-utilization,spine2,,,0/0/CPU0,5,5,6
2020-01-21 08:28:54.970000+00:00,Cisco-IOS-XR-wdsysmon-fd-oper:system-monitoring/cpu-utilization,spine2,,,0/RP0/CPU0,6,6,7
2020-01-21 08:28:55.603000+00:00,Cisco-IOS-XR-wdsysmon-fd-oper:system-monitoring/cpu-utilization,spine2,,,0/0/CPU0,5,5,6
2020-01-21 08:28:59.061000+00:00,Cisco-IOS-XR-wdsysmon-fd-oper:system-monitoring/cpu-utilization,spine2,,,0/RP0/CPU0,6,6,7
2020-01-21 08:28:59.700000+00:00,Cisco-IOS-XR-wdsysmon-fd-oper:system-monitoring/cpu-utilization,spine2,,,0/0/CPU0,5,5,6
2020-01-21 08:29:04.964000+00:00,Cisco-IOS-XR-wdsysmon-fd-oper:system-monitoring/cpu-utilization,spine2,,,0/RP0/CPU0,6,6,7
2020-01-21 08:29:05.603000+00:00,Cisco-IOS-XR-wdsysmon-fd-oper:system-monitoring/cpu-utilization,spine2,,,0/0/CPU0,5,5,6
2020-01-21 08:29:11.530000+00:00,Cisco-IOS-XR-wdsysmon-fd-oper:system-monitoring/cpu-utilization,spine2,,,0/RP0/CPU0,6,6,7
2020-01-21 08:29:12.170000+00:00,Cisco-IOS-XR-wdsysmon-fd-oper:system-monitoring/cpu-utilization,spine2,,,0/0/CPU0,5,5,6
2020-01-21 08:29:14.946000+00:00,Cisco-IOS-XR-wdsysmon-fd-oper:system-monitoring/cpu-utilization,spine2,,,0/RP0/CPU0,6,6,7
2020-01-21 08:29:15.585000+00:00,Cisco-IOS-XR-wdsysmon-fd-oper:system-monitoring/cpu-utilization,spine2,,,0/0/CPU0,5,5,6
2020-01-21 08:29:19.056000+00:00,Cisco-IOS-XR-wdsysmon-fd-oper:system-monitoring/cpu-utilization,spine2,,,0/RP0/CPU0,6,6,7
2020-01-21 08:29:19.696000+00:00,Cisco-IOS-XR-wdsysmon-fd-oper:system-monitoring/cpu-utilization,spine2,,,0/0/CPU0,5,5,6
2020-01-21 08:29:24.933000+00:00,Cisco-IOS-XR-wdsysmon-fd-oper:system-monitoring/cpu-utilization,spine2,,,0/RP0/CPU0,6,6,7
2020-01-21 08:29:25.573000+00:00,Cisco-IOS-XR-wdsysmon-fd-oper:system-monitoring/cpu-utilization,spine2,,,0/0/CPU0,5,5,6
2020-01-21 08:29:29.059000+00:00,Cisco-IOS-XR-wdsysmon-fd-oper:system-monitoring/cpu-utilization,spine2,,,0/RP0/CPU0,6,6,7
2020-01-21 08:29:29.698000+00:00,Cisco-IOS-XR-wdsysmon-fd-oper:system-monitoring/cpu-utilization,spine2,,,0/0/CPU0,5,5,6
2020-01-21 08:29:35.033000+00:00,Cisco-IOS-XR-wdsysmon-fd-oper:system-monitoring/cpu-utilization,spine2,,,0/RP0/CPU0,6,6,7
2020-01-21 08:29:36.475000+00:00,Cisco-IOS-XR-wdsysmon-fd-oper:system-monitoring/cpu-utilization,spine2,,,0/0/CPU0,5,5,5
2020-01-21 08:29:39.061000+00:00,Cisco-IOS-XR-wdsysmon-fd-oper:system-monitoring/cpu-utilization,spine2,,,0/RP0/CPU0,6,6,7
2020-01-21 08:29:39.695000+00:00,Cisco-IOS-XR-wdsysmon-fd-oper:system-monitoring/cpu-utilization,spine2,,,0/0/CPU0,5,5,5
2020-01-21 08:29:44.941000+00:00,Cisco-IOS-XR-wdsysmon-fd-oper:system-monitoring/cpu-utilization,spine2,,,0/RP0/CPU0,6,6,7
2020-01-21 08:29:45.574000+00:00,Cisco-IOS-XR-wdsysmon-fd-oper:system-monitoring/cpu-utilization,spine2,,,0/0/CPU0,5,5,5
2020-01-21 08:29:49.057000+00:00,Cisco-IOS-XR-wdsysmon-fd-oper:system-monitoring/cpu-utilization,spine2,,,0/RP0/CPU0,6,6,7
2020-01-21 08:29:49.690000+00:00,Cisco-IOS-XR-wdsysmon-fd-oper:system-monitoring/cpu-utilization,spine2,,,0/0/CPU0,5,5,5
2020-01-21 08:29:54.942000+00:00,Cisco-IOS-XR-wdsysmon-fd-oper:system-monitoring/cpu-utilization,spine2,,,0/RP0/CPU0,6,6,7
2020-01-21 08:29:55.576000+00:00,Cisco-IOS-XR-wdsysmon-fd-oper:system-monitoring/cpu-utilization,spine2,,,0/0/CPU0,5,5,5
2020-01-21 08:29:59.065000+00:00,Cisco-IOS-XR-wdsysmon-fd-oper:system-monitoring/cpu-utilization,spine2,,,0/RP0/CPU0,6,6,7
2020-01-21 08:29:59.698000+00:00,Cisco-IOS-XR-wdsysmon-fd-oper:system-monitoring/cpu-utilization,spine2,,,0/0/CPU0,5,5,5
2020-01-21 08:30:04.939000+00:00,Cisco-IOS-XR-wdsysmon-fd-oper:system-monitoring/cpu-utilization,spine2,,,0/RP0/CPU0,6,6,7
2020-01-21 08:30:05.572000+00:00,Cisco-IOS-XR-wdsysmon-fd-oper:system-monitoring/cpu-utilization,spine2,,,0/0/CPU0,5,5,5
2020-01-21 08:30:09.063000+00:00,Cisco-IOS-XR-wdsysmon-fd-oper:system-monitoring/cpu-utilization,spine2,,,0/RP0/CPU0,6,6,7
2020-01-21 08:30:09.697000+00:00,Cisco-IOS-XR-wdsysmon-fd-oper:system-monitoring/cpu-utilization,spine2,,,0/0/CPU0,5,5,5
2020-01-21 08:30:14.941000+00:00,Cisco-IOS-XR-wdsysmon-fd-oper:system-monitoring/cpu-utilization,spine2,,,0/RP0/CPU0,6,6,6
2020-01-21 08:30:15.575000+00:00,Cisco-IOS-XR-wdsysmon-fd-oper:system-monitoring/cpu-utilization,spine2,,,0/0/CPU0,5,5,5
2020-01-21 08:30:19.060000+00:00,Cisco-IOS-XR-wdsysmon-fd-oper:system-monitoring/cpu-utilization,spine2,,,0/RP0/CPU0,6,6,6
2020-01-21 08:30:19.694000+00:00,Cisco-IOS-XR-wdsysmon-fd-oper:system-monitoring/cpu-utilization,spine2,,,0/0/CPU0,5,5,5
2020-01-21 08:30:24.977000+00:00,Cisco-IOS-XR-wdsysmon-fd-oper:system-monitoring/cpu-utilization,spine2,,,0/RP0/CPU0,6,6,6
2020-01-21 08:30:25.611000+00:00,Cisco-IOS-XR-wdsysmon-fd-oper:system-monitoring/cpu-utilization,spine2,,,0/0/CPU0,5,5,5
2020-01-21 08:30:29.064000+00:00,Cisco-IOS-XR-wdsysmon-fd-oper:system-monitoring/cpu-utilization,spine2,,,0/RP0/CPU0,6,6,6
2020-01-21 08:30:29.698000+00:00,Cisco-IOS-XR-wdsysmon-fd-oper:system-monitoring/cpu-utilization,spine2,,,0/0/CPU0,5,5,5
2020-01-21 08:30:34.952000+00:00,Cisco-IOS-XR-wdsysmon-fd-oper:system-monitoring/cpu-utilization,spine2,,,0/RP0/CPU0,6,6,6
2020-01-21 08:30:35.594000+00:00,Cisco-IOS-XR-wdsysmon-fd-oper:system-monitoring/cpu-utilization,spine2,,,0/0/CPU0,5,5,5
2020-01-21 08:30:39.063000+00:00,Cisco-IOS-XR-wdsysmon-fd-oper:system-monitoring/cpu-utilization,spine2,,,0/RP0/CPU0,6,6,6
2020-01-21 08:30:39.704000+00:00,Cisco-IOS-XR-wdsysmon-fd-oper:system-monitoring/cpu-utilization,spine2,,,0/0/CPU0,5,5,5
2020-01-21 08:30:44.972000+00:00,Cisco-IOS-XR-wdsysmon-fd-oper:system-monitoring/cpu-utilization,spine2,,,0/RP0/CPU0,6,6,6
2020-01-21 08:30:45.612000+00:00,Cisco-IOS-XR-wdsysmon-fd-oper:system-monitoring/cpu-utilization,spine2,,,0/0/CPU0,5,5,5
2020-01-21 08:30:49.053000+00:00,Cisco-IOS-XR-wdsysmon-fd-oper:system-monitoring/cpu-utilization,spine2,,,0/RP0/CPU0,6,6,6
2020-01-21 08:30:49.692000+00:00,Cisco-IOS-XR-wdsysmon-fd-oper:system-monitoring/cpu-utilization,spine2,,,0/0/CPU0,5,5,5
2020-01-21 08:30:54.956000+00:00,Cisco-IOS-XR-wdsysmon-fd-oper:system-monitoring/cpu-utilization,spine2,,,0/RP0/CPU0,6,6,6
2020-01-21 08:30:55.595000+00:00,Cisco-IOS-XR-wdsysmon-fd-oper:system-monitoring/cpu-utilization,spine2,,,0/0/CPU0,5,5,5
2020-01-21 08:30:59.067000+00:00,Cisco-IOS-XR-wdsysmon-fd-oper:system-monitoring/cpu-utilization,spine2,,,0/RP0/CPU0,6,6,6
2020-01-21 08:30:59.706000+00:00,Cisco-IOS-XR-wdsysmon-fd-oper:system-monitoring/cpu-utilization,spine2,,,0/0/CPU0,5,5,5
2020-01-21 08:31:04.945000+00:00,Cisco-IOS-XR-wdsysmon-fd-oper:system-monitoring/cpu-utilization,spine2,,,0/RP0/CPU0,6,6,6
2020-01-21 08:31:05.585000+00:00,Cisco-IOS-XR-wdsysmon-fd-oper:system-monitoring/cpu-utilization,spine2,,,0/0/CPU0,5,5,5
2020-01-21 08:31:09.055000+00:00,Cisco-IOS-XR-wdsysmon-fd-oper:system-monitoring/cpu-utilization,spine2,,,0/RP0/CPU0,6,6,6
2020-01-21 08:31:09.694000+00:00,Cisco-IOS-XR-wdsysmon-fd-oper:system-monitoring/cpu-utilization,spine2,,,0/0/CPU0,5,5,5
2020-01-21 08:31:16.616000+00:00,Cisco-IOS-XR-wdsysmon-fd-oper:system-monitoring/cpu-utilization,spine2,,,0/RP0/CPU0,6,6,6
2020-01-21 08:31:17.255000+00:00,Cisco-IOS-XR-wdsysmon-fd-oper:system-monitoring/cpu-utilization,spine2,,,0/0/CPU0,5,5,5
2020-01-21 08:31:19.058000+00:00,Cisco-IOS-XR-wdsysmon-fd-oper:system-monitoring/cpu-utilization,spine2,,,0/RP0/CPU0,6,6,6
2020-01-21 08:31:19.698000+00:00,Cisco-IOS-XR-wdsysmon-fd-oper:system-monitoring/cpu-utilization,spine2,,,0/0/CPU0,5,5,5
2020-01-21 08:31:25.011000+00:00,Cisco-IOS-XR-wdsysmon-fd-oper:system-monitoring/cpu-utilization,spine2,,,0/RP0/CPU0,6,6,6
2020-01-21 08:31:25.651000+00:00,Cisco-IOS-XR-wdsysmon-fd-oper:system-monitoring/cpu-utilization,spine2,,,0/0/CPU0,5,5,5
2020-01-21 08:31:29.062000+00:00,Cisco-IOS-XR-wdsysmon-fd-oper:system-monitoring/cpu-utilization,spine2,,,0/RP0/CPU0,6,6,6
2020-01-21 08:31:29.702000+00:00,Cisco-IOS-XR-wdsysmon-fd-oper:system-monitoring/cpu-utilization,spine2,,,0/0/CPU0,5,5,5
2020-01-21 08:31:34.945000+00:00,Cisco-IOS-XR-wdsysmon-fd-oper:system-monitoring/cpu-utilization,spine2,,,0/RP0/CPU0,6,6,6
2020-01-21 08:31:35.585000+00:00,Cisco-IOS-XR-wdsysmon-fd-oper:system-monitoring/cpu-utilization,spine2,,,0/0/CPU0,5,5,5
2020-01-21 08:31:39.068000+00:00,Cisco-IOS-XR-wdsysmon-fd-oper:system-monitoring/cpu-utilization,spine2,,,0/RP0/CPU0,6,6,6
2020-01-21 08:31:40.419000+00:00,Cisco-IOS-XR-wdsysmon-fd-oper:system-monitoring/cpu-utilization,spine2,,,0/0/CPU0,5,5,5
2020-01-21 08:31:44.978000+00:00,Cisco-IOS-XR-wdsysmon-fd-oper:system-monitoring/cpu-utilization,spine2,,,0/RP0/CPU0,6,6,6
2020-01-21 08:31:45.618000+00:00,Cisco-IOS-XR-wdsysmon-fd-oper:system-monitoring/cpu-utilization,spine2,,,0/0/CPU0,5,5,5
2020-01-21 08:31:49.060000+00:00,Cisco-IOS-XR-wdsysmon-fd-oper:system-monitoring/cpu-utilization,spine2,,,0/RP0/CPU0,6,6,6
2020-01-21 08:31:49.700000+00:00,Cisco-IOS-XR-wdsysmon-fd-oper:system-monitoring/cpu-utilization,spine2,,,0/0/CPU0,5,5,5
2020-01-21 08:31:54.966000+00:00,Cisco-IOS-XR-wdsysmon-fd-oper:system-monitoring/cpu-utilization,spine2,,,0/RP0/CPU0,6,6,6
2020-01-21 08:31:55.606000+00:00,Cisco-IOS-XR-wdsysmon-fd-oper:system-monitoring/cpu-utilization,spine2,,,0/0/CPU0,5,5,5
2020-01-21 08:31:59.067000+00:00,Cisco-IOS-XR-wdsysmon-fd-oper:system-monitoring/cpu-utilization,spine2,,,0/RP0/CPU0,6,6,6
2020-01-21 08:31:59.703000+00:00,Cisco-IOS-XR-wdsysmon-fd-oper:system-monitoring/cpu-utilization,spine2,,,0/0/CPU0,5,5,5
2020-01-21 08:32:04.944000+00:00,Cisco-IOS-XR-wdsysmon-fd-oper:system-monitoring/cpu-utilization,spine2,,,0/RP0/CPU0,6,6,6
2020-01-21 08:32:05.581000+00:00,Cisco-IOS-XR-wdsysmon-fd-oper:system-monitoring/cpu-utilization,spine2,,,0/0/CPU0,5,5,5
2020-01-21 08:32:09.059000+00:00,Cisco-IOS-XR-wdsysmon-fd-oper:system-monitoring/cpu-utilization,spine2,,,0/RP0/CPU0,6,6,6
2020-01-21 08:32:09.696000+00:00,Cisco-IOS-XR-wdsysmon-fd-oper:system-monitoring/cpu-utilization,spine2,,,0/0/CPU0,5,5,5
2020-01-21 08:32:14.957000+00:00,Cisco-IOS-XR-wdsysmon-fd-oper:system-monitoring/cpu-utilization,spine2,,,0/RP0/CPU0,6,6,6
2020-01-21 08:32:15.594000+00:00,Cisco-IOS-XR-wdsysmon-fd-oper:system-monitoring/cpu-utilization,spine2,,,0/0/CPU0,5,5,5
2020-01-21 08:32:19.143000+00:00,Cisco-IOS-XR-wdsysmon-fd-oper:system-monitoring/cpu-utilization,spine2,,,0/RP0/CPU0,6,6,7
2020-01-21 08:32:19.779000+00:00,Cisco-IOS-XR-wdsysmon-fd-oper:system-monitoring/cpu-utilization,spine2,,,0/0/CPU0,5,5,5
2020-01-21 08:32:25.068000+00:00,Cisco-IOS-XR-wdsysmon-fd-oper:system-monitoring/cpu-utilization,spine2,,,0/RP0/CPU0,6,6,7
2020-01-21 08:32:25.704000+00:00,Cisco-IOS-XR-wdsysmon-fd-oper:system-monitoring/cpu-utilization,spine2,,,0/0/CPU0,5,5,5
2020-01-21 08:32:29.066000+00:00,Cisco-IOS-XR-wdsysmon-fd-oper:system-monitoring/cpu-utilization,spine2,,,0/RP0/CPU0,6,6,7
2020-01-21 08:32:29.702000+00:00,Cisco-IOS-XR-wdsysmon-fd-oper:system-monitoring/cpu-utilization,spine2,,,0/0/CPU0,5,5,5
2020-01-21 08:32:34.947000+00:00,Cisco-IOS-XR-wdsysmon-fd-oper:system-monitoring/cpu-utilization,spine2,,,0/RP0/CPU0,6,6,7
2020-01-21 08:32:35.584000+00:00,Cisco-IOS-XR-wdsysmon-fd-oper:system-monitoring/cpu-utilization,spine2,,,0/0/CPU0,5,5,5
2020-01-21 08:32:39.058000+00:00,Cisco-IOS-XR-wdsysmon-fd-oper:system-monitoring/cpu-utilization,spine2,,,0/RP0/CPU0,6,6,7
2020-01-21 08:32:39.695000+00:00,Cisco-IOS-XR-wdsysmon-fd-oper:system-monitoring/cpu-utilization,spine2,,,0/0/CPU0,5,5,5
2020-01-21 08:32:44.945000+00:00,Cisco-IOS-XR-wdsysmon-fd-oper:system-monitoring/cpu-utilization,spine2,,,0/RP0/CPU0,6,6,7
2020-01-21 08:32:45.582000+00:00,Cisco-IOS-XR-wdsysmon-fd-oper:system-monitoring/cpu-utilization,spine2,,,0/0/CPU0,5,5,5
2020-01-21 08:32:49.062000+00:00,Cisco-IOS-XR-wdsysmon-fd-oper:system-monitoring/cpu-utilization,spine2,,,0/RP0/CPU0,6,6,7
2020-01-21 08:32:49.699000+00:00,Cisco-IOS-XR-wdsysmon-fd-oper:system-monitoring/cpu-utilization,spine2,,,0/0/CPU0,5,5,5
2020-01-21 08:32:54.949000+00:00,Cisco-IOS-XR-wdsysmon-fd-oper:system-monitoring/cpu-utilization,spine2,,,0/RP0/CPU0,6,6,7
2020-01-21 08:32:55.585000+00:00,Cisco-IOS-XR-wdsysmon-fd-oper:system-monitoring/cpu-utilization,spine2,,,0/0/CPU0,5,5,5
2020-01-21 08:32:59.058000+00:00,Cisco-IOS-XR-wdsysmon-fd-oper:system-monitoring/cpu-utilization,spine2,,,0/RP0/CPU0,6,6,7
2020-01-21 08:32:59.695000+00:00,Cisco-IOS-XR-wdsysmon-fd-oper:system-monitoring/cpu-utilization,spine2,,,0/0/CPU0,5,5,5
2020-01-21 08:33:04.955000+00:00,Cisco-IOS-XR-wdsysmon-fd-oper:system-monitoring/cpu-utilization,spine2,,,0/RP0/CPU0,6,6,7
2020-01-21 08:33:05.592000+00:00,Cisco-IOS-XR-wdsysmon-fd-oper:system-monitoring/cpu-utilization,spine2,,,0/0/CPU0,5,5,5
2020-01-21 08:33:09.066000+00:00,Cisco-IOS-XR-wdsysmon-fd-oper:system-monitoring/cpu-utilization,spine2,,,0/RP0/CPU0,6,6,7
2020-01-21 08:33:09.703000+00:00,Cisco-IOS-XR-wdsysmon-fd-oper:system-monitoring/cpu-utilization,spine2,,,0/0/CPU0,5,5,5
2020-01-21 08:33:14.967000+00:00,Cisco-IOS-XR-wdsysmon-fd-oper:system-monitoring/cpu-utilization,spine2,,,0/RP0/CPU0,6,6,7
2020-01-21 08:33:15.604000+00:00,Cisco-IOS-XR-wdsysmon-fd-oper:system-monitoring/cpu-utilization,spine2,,,0/0/CPU0,5,5,5
2020-01-21 08:33:19.058000+00:00,Cisco-IOS-XR-wdsysmon-fd-oper:system-monitoring/cpu-utilization,spine2,,,0/RP0/CPU0,6,6,7
2020-01-21 08:33:19.699000+00:00,Cisco-IOS-XR-wdsysmon-fd-oper:system-monitoring/cpu-utilization,spine2,,,0/0/CPU0,5,5,5
2020-01-21 08:33:24.943000+00:00,Cisco-IOS-XR-wdsysmon-fd-oper:system-monitoring/cpu-utilization,spine2,,,0/RP0/CPU0,6,6,6
2020-01-21 08:33:25.580000+00:00,Cisco-IOS-XR-wdsysmon-fd-oper:system-monitoring/cpu-utilization,spine2,,,0/0/CPU0,5,5,5
2020-01-21 08:33:29.064000+00:00,Cisco-IOS-XR-wdsysmon-fd-oper:system-monitoring/cpu-utilization,spine2,,,0/RP0/CPU0,6,6,6
2020-01-21 08:33:29.701000+00:00,Cisco-IOS-XR-wdsysmon-fd-oper:system-monitoring/cpu-utilization,spine2,,,0/0/CPU0,5,5,5
2020-01-21 08:33:34.943000+00:00,Cisco-IOS-XR-wdsysmon-fd-oper:system-monitoring/cpu-utilization,spine2,,,0/RP0/CPU0,6,6,6
2020-01-21 08:33:35.581000+00:00,Cisco-IOS-XR-wdsysmon-fd-oper:system-monitoring/cpu-utilization,spine2,,,0/0/CPU0,5,5,5
2020-01-21 08:33:39.067000+00:00,Cisco-IOS-XR-wdsysmon-fd-oper:system-monitoring/cpu-utilization,spine2,,,0/RP0/CPU0,6,6,6
2020-01-21 08:33:39.705000+00:00,Cisco-IOS-XR-wdsysmon-fd-oper:system-monitoring/cpu-utilization,spine2,,,0/0/CPU0,5,5,5
2020-01-21 08:33:45.108000+00:00,Cisco-IOS-XR-wdsysmon-fd-oper:system-monitoring/cpu-utilization,spine2,,,0/RP0/CPU0,6,6,6
2020-01-21 08:33:45.745000+00:00,Cisco-IOS-XR-wdsysmon-fd-oper:system-monitoring/cpu-utilization,spine2,,,0/0/CPU0,5,5,5
2020-01-21 08:33:49.064000+00:00,Cisco-IOS-XR-wdsysmon-fd-oper:system-monitoring/cpu-utilization,spine2,,,0/RP0/CPU0,6,6,6
2020-01-21 08:33:49.702000+00:00,Cisco-IOS-XR-wdsysmon-fd-oper:system-monitoring/cpu-utilization,spine2,,,0/0/CPU0,5,5,5
2020-01-21 08:33:54.930000+00:00,Cisco-IOS-XR-wdsysmon-fd-oper:system-monitoring/cpu-utilization,spine2,,,0/RP0/CPU0,6,6,6
2020-01-21 08:33:55.570000+00:00,Cisco-IOS-XR-wdsysmon-fd-oper:system-monitoring/cpu-utilization,spine2,,,0/0/CPU0,5,5,5
2020-01-21 08:33:59.062000+00:00,Cisco-IOS-XR-wdsysmon-fd-oper:system-monitoring/cpu-utilization,spine2,,,0/RP0/CPU0,6,6,6
2020-01-21 08:33:59.696000+00:00,Cisco-IOS-XR-wdsysmon-fd-oper:system-monitoring/cpu-utilization,spine2,,,0/0/CPU0,5,5,5
2020-01-21 08:34:04.978000+00:00,Cisco-IOS-XR-wdsysmon-fd-oper:system-monitoring/cpu-utilization,spine2,,,0/RP0/CPU0,6,6,6
2020-01-21 08:34:05.612000+00:00,Cisco-IOS-XR-wdsysmon-fd-oper:system-monitoring/cpu-utilization,spine2,,,0/0/CPU0,5,5,5
2020-01-21 08:34:09.072000+00:00,Cisco-IOS-XR-wdsysmon-fd-oper:system-monitoring/cpu-utilization,spine2,,,0/RP0/CPU0,6,6,6
2020-01-21 08:34:09.707000+00:00,Cisco-IOS-XR-wdsysmon-fd-oper:system-monitoring/cpu-utilization,spine2,,,0/0/CPU0,5,5,5
2020-01-21 08:34:14.969000+00:00,Cisco-IOS-XR-wdsysmon-fd-oper:system-monitoring/cpu-utilization,spine2,,,0/RP0/CPU0,6,6,6
2020-01-21 08:34:15.604000+00:00,Cisco-IOS-XR-wdsysmon-fd-oper:system-monitoring/cpu-utilization,spine2,,,0/0/CPU0,5,5,5
2020-01-21 08:34:19.072000+00:00,Cisco-IOS-XR-wdsysmon-fd-oper:system-monitoring/cpu-utilization,spine2,,,0/RP0/CPU0,6,6,6
2020-01-21 08:34:19.715000+00:00,Cisco-IOS-XR-wdsysmon-fd-oper:system-monitoring/cpu-utilization,spine2,,,0/0/CPU0,5,5,5
2020-01-21 08:34:25.291000+00:00,Cisco-IOS-XR-wdsysmon-fd-oper:system-monitoring/cpu-utilization,spine2,,,0/RP0/CPU0,6,6,7
2020-01-21 08:34:25.935000+00:00,Cisco-IOS-XR-wdsysmon-fd-oper:system-monitoring/cpu-utilization,spine2,,,0/0/CPU0,5,5,5
2020-01-21 08:34:29.060000+00:00,Cisco-IOS-XR-wdsysmon-fd-oper:system-monitoring/cpu-utilization,spine2,,,0/RP0/CPU0,6,6,7
2020-01-21 08:34:29.697000+00:00,Cisco-IOS-XR-wdsysmon-fd-oper:system-monitoring/cpu-utilization,spine2,,,0/0/CPU0,5,5,5
2020-01-21 08:34:34.967000+00:00,Cisco-IOS-XR-wdsysmon-fd-oper:system-monitoring/cpu-utilization,spine2,,,0/RP0/CPU0,6,6,7
2020-01-21 08:34:35.604000+00:00,Cisco-IOS-XR-wdsysmon-fd-oper:system-monitoring/cpu-utilization,spine2,,,0/0/CPU0,5,5,5
2020-01-21 08:34:39.072000+00:00,Cisco-IOS-XR-wdsysmon-fd-oper:system-monitoring/cpu-utilization,spine2,,,0/RP0/CPU0,6,6,7
2020-01-21 08:34:39.707000+00:00,Cisco-IOS-XR-wdsysmon-fd-oper:system-monitoring/cpu-utilization,spine2,,,0/0/CPU0,5,5,5
2020-01-21 08:34:45.032000+00:00,Cisco-IOS-XR-wdsysmon-fd-oper:system-monitoring/cpu-utilization,spine2,,,0/RP0/CPU0,6,6,7
2020-01-21 08:34:46.287000+00:00,Cisco-IOS-XR-wdsysmon-fd-oper:system-monitoring/cpu-utilization,spine2,,,0/0/CPU0,5,5,5
2020-01-21 08:34:49.062000+00:00,Cisco-IOS-XR-wdsysmon-fd-oper:system-monitoring/cpu-utilization,spine2,,,0/RP0/CPU0,6,6,7
2020-01-21 08:34:49.697000+00:00,Cisco-IOS-XR-wdsysmon-fd-oper:system-monitoring/cpu-utilization,spine2,,,0/0/CPU0,5,5,5
2020-01-21 08:34:54.953000+00:00,Cisco-IOS-XR-wdsysmon-fd-oper:system-monitoring/cpu-utilization,spine2,,,0/RP0/CPU0,6,6,7
2020-01-21 08:34:55.587000+00:00,Cisco-IOS-XR-wdsysmon-fd-oper:system-monitoring/cpu-utilization,spine2,,,0/0/CPU0,5,5,5
2020-01-21 08:34:59.063000+00:00,Cisco-IOS-XR-wdsysmon-fd-oper:system-monitoring/cpu-utilization,spine2,,,0/RP0/CPU0,6,6,7
2020-01-21 08:34:59.698000+00:00,Cisco-IOS-XR-wdsysmon-fd-oper:system-monitoring/cpu-utilization,spine2,,,0/0/CPU0,5,5,5
2020-01-21 08:35:05.005000+00:00,Cisco-IOS-XR-wdsysmon-fd-oper:system-monitoring/cpu-utilization,spine2,,,0/RP0/CPU0,6,6,7
2020-01-21 08:35:05.641000+00:00,Cisco-IOS-XR-wdsysmon-fd-oper:system-monitoring/cpu-utilization,spine2,,,0/0/CPU0,5,5,5
2020-01-21 08:35:09.065000+00:00,Cisco-IOS-XR-wdsysmon-fd-oper:system-monitoring/cpu-utilization,spine2,,,0/RP0/CPU0,6,6,7
2020-01-21 08:35:09.700000+00:00,Cisco-IOS-XR-wdsysmon-fd-oper:system-monitoring/cpu-utilization,spine2,,,0/0/CPU0,5,5,5
