,Producer,Target,common-info/count,host,node-name,protocol-name,summary/base-object/protocol,summary/health/is-retry-db-empty,summary/summary-counts/array-number-of-object/num-objects,summary/summary-counts/array-number-of-object/object-type,summary/summary-counts/array-number-of-retry/num-retries,summary/summary-counts/array-number-of-retry/retry-object-type,summary/summary-counts/num-retry-ojbects,summary/summary-counts/num-retry-timeouts

2020-02-06 19:32:07.879000+00:00,dr02,sg4,0,obt-collector1,0/0/CPU0,ipv4,0,false,0,DATA_TYPE_ENCAP_ID,0,Queue-Ext,0,37

2020-02-06 19:32:07.879000+00:00,dr02,sg4,0,obt-collector1,0/0/CPU0,ipv4-mpls,1,true,0,DATA_TYPE_ENCAP_ID,0,Queue-Ext,0,0

2020-02-06 19:32:07.879000+00:00,dr02,sg4,0,obt-collector1,0/0/CPU0,ipv6-mpls,3,true,0,DATA_TYPE_ENCAP_ID,0,Queue-Ext,0,0

2020-02-06 19:32:07.879000+00:00,dr02,sg4,0,obt-collector1,0/0/CPU0,ipv6,2,false,0,DATA_TYPE_ENCAP_ID,0,Queue-Ext,0,411

2020-02-06 19:32:07.884000+00:00,dr02,sg4,0,obt-collector1,0/1/CPU0,ipv6-mpls,3,true,0,DATA_TYPE_ENCAP_ID,0,Queue-Ext,0,0

2020-02-06 19:32:07.884000+00:00,dr02,sg4,0,obt-collector1,0/1/CPU0,ipv4,0,false,0,DATA_TYPE_ENCAP_ID,11,Queue-Ext,0,98

2020-02-06 19:32:07.884000+00:00,dr02,sg4,0,obt-collector1,0/1/CPU0,ipv4-mpls,1,true,0,DATA_TYPE_ENCAP_ID,0,Queue-Ext,0,0

2020-02-06 19:32:07.884000+00:00,dr02,sg4,0,obt-collector1,0/1/CPU0,ipv6,2,false,0,DATA_TYPE_ENCAP_ID,13,Queue-Ext,0,78

2020-02-06 19:32:07.887000+00:00,dr02,sg4,0,obt-collector1,0/RP0/CPU0,ipv6-mpls,3,true,0,DATA_TYPE_ENCAP_ID,0,Queue-Ext,0,0

2020-02-06 19:32:07.887000+00:00,dr02,sg4,0,obt-collector1,0/RP0/CPU0,ipv4,0,false,0,DATA_TYPE_ENCAP_ID,124,Queue-Ext,0,687

2020-02-06 19:32:07.887000+00:00,dr02,sg4,0,obt-collector1,0/RP0/CPU0,ipv4-mpls,1,true,0,DATA_TYPE_ENCAP_ID,0,Queue-Ext,0,0

2020-02-06 19:32:07.887000+00:00,dr02,sg4,0,obt-collector1,0/RP0/CPU0,ipv6,2,false,0,DATA_TYPE_ENCAP_ID,145,Queue-Ext,0,751

2020-02-06 19:33:40.861000+00:00,dr02,sg4,0,obt-collector1,0/0/CPU0,ipv4,0,false,0,DATA_TYPE_ENCAP_ID,0,Queue-Ext,0,37

2020-02-06 19:33:40.862000+00:00,dr02,sg4,0,obt-collector1,0/0/CPU0,ipv6,2,false,0,DATA_TYPE_ENCAP_ID,0,Queue-Ext,0,411

2020-02-06 19:33:40.862000+00:00,dr02,sg4,0,obt-collector1,0/0/CPU0,ipv6-mpls,3,true,0,DATA_TYPE_ENCAP_ID,0,Queue-Ext,0,0

2020-02-06 19:33:40.862000+00:00,dr02,sg4,0,obt-collector1,0/0/CPU0,ipv4-mpls,1,true,0,DATA_TYPE_ENCAP_ID,0,Queue-Ext,0,0

2020-02-06 19:33:40.866000+00:00,dr02,sg4,0,obt-collector1,0/1/CPU0,ipv4-mpls,1,true,0,DATA_TYPE_ENCAP_ID,0,Queue-Ext,0,0

2020-02-06 19:33:40.866000+00:00,dr02,sg4,0,obt-collector1,0/1/CPU0,ipv6,2,false,0,DATA_TYPE_ENCAP_ID,13,Queue-Ext,0,78

2020-02-06 19:33:40.866000+00:00,dr02,sg4,0,obt-collector1,0/1/CPU0,ipv4,0,false,0,DATA_TYPE_ENCAP_ID,11,Queue-Ext,0,98

2020-02-06 19:33:40.866000+00:00,dr02,sg4,0,obt-collector1,0/1/CPU0,ipv6-mpls,3,true,0,DATA_TYPE_ENCAP_ID,0,Queue-Ext,0,0

2020-02-06 19:33:40.869000+00:00,dr02,sg4,0,obt-collector1,0/RP0/CPU0,ipv4-mpls,1,true,0,DATA_TYPE_ENCAP_ID,0,Queue-Ext,0,0

2020-02-06 19:33:40.869000+00:00,dr02,sg4,0,obt-collector1,0/RP0/CPU0,ipv4,0,false,0,DATA_TYPE_ENCAP_ID,124,Queue-Ext,0,687

2020-02-06 19:33:40.869000+00:00,dr02,sg4,0,obt-collector1,0/RP0/CPU0,ipv6-mpls,3,true,0,DATA_TYPE_ENCAP_ID,0,Queue-Ext,0,0

2020-02-06 19:33:40.869000+00:00,dr02,sg4,0,obt-collector1,0/RP0/CPU0,ipv6,2,false,0,DATA_TYPE_ENCAP_ID,145,Queue-Ext,0,751

2020-02-06 19:34:05.395000+00:00,dr02,sg4,0,obt-collector1,0/0/CPU0,ipv4,0,false,0,DATA_TYPE_ENCAP_ID,0,Queue-Ext,0,37

2020-02-06 19:34:05.396000+00:00,dr02,sg4,0,obt-collector1,0/0/CPU0,ipv4-mpls,1,true,0,DATA_TYPE_ENCAP_ID,0,Queue-Ext,0,0

2020-02-06 19:34:05.396000+00:00,dr02,sg4,0,obt-collector1,0/0/CPU0,ipv6-mpls,3,true,0,DATA_TYPE_ENCAP_ID,0,Queue-Ext,0,0

2020-02-06 19:34:05.396000+00:00,dr02,sg4,0,obt-collector1,0/0/CPU0,ipv6,2,false,0,DATA_TYPE_ENCAP_ID,0,Queue-Ext,0,411

2020-02-06 19:34:05.400000+00:00,dr02,sg4,0,obt-collector1,0/1/CPU0,ipv4,0,false,0,DATA_TYPE_ENCAP_ID,11,Queue-Ext,0,98

2020-02-06 19:34:05.400000+00:00,dr02,sg4,0,obt-collector1,0/1/CPU0,ipv6,2,false,0,DATA_TYPE_ENCAP_ID,13,Queue-Ext,0,78

2020-02-06 19:34:05.400000+00:00,dr02,sg4,0,obt-collector1,0/1/CPU0,ipv4-mpls,1,true,0,DATA_TYPE_ENCAP_ID,0,Queue-Ext,0,0

2020-02-06 19:34:05.401000+00:00,dr02,sg4,0,obt-collector1,0/1/CPU0,ipv6-mpls,3,true,0,DATA_TYPE_ENCAP_ID,0,Queue-Ext,0,0

2020-02-06 19:34:05.404000+00:00,dr02,sg4,0,obt-collector1,0/RP0/CPU0,ipv6-mpls,3,true,0,DATA_TYPE_ENCAP_ID,0,Queue-Ext,0,0

2020-02-06 19:34:05.404000+00:00,dr02,sg4,0,obt-collector1,0/RP0/CPU0,ipv4,0,false,0,DATA_TYPE_ENCAP_ID,124,Queue-Ext,0,687

2020-02-06 19:34:05.404000+00:00,dr02,sg4,0,obt-collector1,0/RP0/CPU0,ipv4-mpls,1,true,0,DATA_TYPE_ENCAP_ID,0,Queue-Ext,0,0

2020-02-06 19:34:05.404000+00:00,dr02,sg4,0,obt-collector1,0/RP0/CPU0,ipv6,2,false,0,DATA_TYPE_ENCAP_ID,145,Queue-Ext,0,751

2020-02-06 19:35:05.577000+00:00,dr02,sg4,0,obt-collector1,0/0/CPU0,ipv4,0,false,0,DATA_TYPE_ENCAP_ID,0,Queue-Ext,0,37

2020-02-06 19:35:05.577000+00:00,dr02,sg4,0,obt-collector1,0/0/CPU0,ipv6-mpls,3,true,0,DATA_TYPE_ENCAP_ID,0,Queue-Ext,0,0

2020-02-06 19:35:05.577000+00:00,dr02,sg4,0,obt-collector1,0/0/CPU0,ipv4-mpls,1,true,0,DATA_TYPE_ENCAP_ID,0,Queue-Ext,0,0

2020-02-06 19:35:05.577000+00:00,dr02,sg4,0,obt-collector1,0/0/CPU0,ipv6,2,false,0,DATA_TYPE_ENCAP_ID,0,Queue-Ext,0,411

2020-02-06 19:35:05.582000+00:00,dr02,sg4,0,obt-collector1,0/1/CPU0,ipv4-mpls,1,true,0,DATA_TYPE_ENCAP_ID,0,Queue-Ext,0,0

2020-02-06 19:35:05.582000+00:00,dr02,sg4,0,obt-collector1,0/1/CPU0,ipv6,2,false,0,DATA_TYPE_ENCAP_ID,13,Queue-Ext,0,78

2020-02-06 19:35:05.582000+00:00,dr02,sg4,0,obt-collector1,0/1/CPU0,ipv6-mpls,3,true,0,DATA_TYPE_ENCAP_ID,0,Queue-Ext,0,0

2020-02-06 19:35:05.582000+00:00,dr02,sg4,0,obt-collector1,0/1/CPU0,ipv4,0,false,0,DATA_TYPE_ENCAP_ID,11,Queue-Ext,0,98

2020-02-06 19:35:05.585000+00:00,dr02,sg4,0,obt-collector1,0/RP0/CPU0,ipv4,0,false,0,DATA_TYPE_ENCAP_ID,124,Queue-Ext,0,687

2020-02-06 19:35:05.585000+00:00,dr02,sg4,0,obt-collector1,0/RP0/CPU0,ipv6,2,false,0,DATA_TYPE_ENCAP_ID,145,Queue-Ext,0,751

2020-02-06 19:35:05.585000+00:00,dr02,sg4,0,obt-collector1,0/RP0/CPU0,ipv6-mpls,3,true,0,DATA_TYPE_ENCAP_ID,0,Queue-Ext,0,0

2020-02-06 19:35:05.585000+00:00,dr02,sg4,0,obt-collector1,0/RP0/CPU0,ipv4-mpls,1,true,0,DATA_TYPE_ENCAP_ID,0,Queue-Ext,0,0

2020-02-06 19:35:30.313000+00:00,dr02,sg4,0,obt-collector1,0/0/CPU0,ipv4-mpls,1,true,0,DATA_TYPE_ENCAP_ID,0,Queue-Ext,0,0

2020-02-06 19:35:30.313000+00:00,dr02,sg4,0,obt-collector1,0/0/CPU0,ipv6,2,false,0,DATA_TYPE_ENCAP_ID,0,Queue-Ext,0,411

2020-02-06 19:35:30.313000+00:00,dr02,sg4,0,obt-collector1,0/0/CPU0,ipv6-mpls,3,true,0,DATA_TYPE_ENCAP_ID,0,Queue-Ext,0,0

2020-02-06 19:35:30.313000+00:00,dr02,sg4,0,obt-collector1,0/0/CPU0,ipv4,0,false,0,DATA_TYPE_ENCAP_ID,0,Queue-Ext,0,37

2020-02-06 19:35:30.319000+00:00,dr02,sg4,0,obt-collector1,0/1/CPU0,ipv6-mpls,3,true,0,DATA_TYPE_ENCAP_ID,0,Queue-Ext,0,0

2020-02-06 19:35:30.319000+00:00,dr02,sg4,0,obt-collector1,0/1/CPU0,ipv4-mpls,1,true,0,DATA_TYPE_ENCAP_ID,0,Queue-Ext,0,0

2020-02-06 19:35:30.319000+00:00,dr02,sg4,0,obt-collector1,0/1/CPU0,ipv4,0,false,0,DATA_TYPE_ENCAP_ID,11,Queue-Ext,0,98

2020-02-06 19:35:30.319000+00:00,dr02,sg4,0,obt-collector1,0/1/CPU0,ipv6,2,false,0,DATA_TYPE_ENCAP_ID,13,Queue-Ext,0,78

2020-02-06 19:35:30.322000+00:00,dr02,sg4,0,obt-collector1,0/RP0/CPU0,ipv6,2,false,0,DATA_TYPE_ENCAP_ID,145,Queue-Ext,0,751

2020-02-06 19:35:30.322000+00:00,dr02,sg4,0,obt-collector1,0/RP0/CPU0,ipv4-mpls,1,true,0,DATA_TYPE_ENCAP_ID,0,Queue-Ext,0,0

2020-02-06 19:35:30.322000+00:00,dr02,sg4,0,obt-collector1,0/RP0/CPU0,ipv4,0,false,0,DATA_TYPE_ENCAP_ID,124,Queue-Ext,0,687

2020-02-06 19:35:30.322000+00:00,dr02,sg4,0,obt-collector1,0/RP0/CPU0,ipv6-mpls,3,true,0,DATA_TYPE_ENCAP_ID,0,Queue-Ext,0,0

2020-02-06 19:37:04.171000+00:00,dr02,sg4,0,obt-collector1,0/0/CPU0,ipv6-mpls,3,true,0,DATA_TYPE_ENCAP_ID,0,Queue-Ext,0,0

2020-02-06 19:37:04.171000+00:00,dr02,sg4,0,obt-collector1,0/0/CPU0,ipv4,0,false,0,DATA_TYPE_ENCAP_ID,0,Queue-Ext,0,37

2020-02-06 19:37:04.171000+00:00,dr02,sg4,0,obt-collector1,0/0/CPU0,ipv6,2,false,0,DATA_TYPE_ENCAP_ID,0,Queue-Ext,0,411

2020-02-06 19:37:04.171000+00:00,dr02,sg4,0,obt-collector1,0/0/CPU0,ipv4-mpls,1,true,0,DATA_TYPE_ENCAP_ID,0,Queue-Ext,0,0

2020-02-06 19:37:04.176000+00:00,dr02,sg4,0,obt-collector1,0/1/CPU0,ipv4,0,false,0,DATA_TYPE_ENCAP_ID,11,Queue-Ext,0,98

2020-02-06 19:37:04.176000+00:00,dr02,sg4,0,obt-collector1,0/1/CPU0,ipv6-mpls,3,true,0,DATA_TYPE_ENCAP_ID,0,Queue-Ext,0,0

2020-02-06 19:37:04.176000+00:00,dr02,sg4,0,obt-collector1,0/1/CPU0,ipv6,2,false,0,DATA_TYPE_ENCAP_ID,13,Queue-Ext,0,78

2020-02-06 19:37:04.176000+00:00,dr02,sg4,0,obt-collector1,0/1/CPU0,ipv4-mpls,1,true,0,DATA_TYPE_ENCAP_ID,0,Queue-Ext,0,0

2020-02-06 19:37:04.180000+00:00,dr02,sg4,0,obt-collector1,0/RP0/CPU0,ipv4-mpls,1,true,0,DATA_TYPE_ENCAP_ID,0,Queue-Ext,0,0

2020-02-06 19:37:04.180000+00:00,dr02,sg4,0,obt-collector1,0/RP0/CPU0,ipv6-mpls,3,true,0,DATA_TYPE_ENCAP_ID,0,Queue-Ext,0,0

2020-02-06 19:37:04.180000+00:00,dr02,sg4,0,obt-collector1,0/RP0/CPU0,ipv6,2,false,0,DATA_TYPE_ENCAP_ID,145,Queue-Ext,0,751

2020-02-06 19:37:04.180000+00:00,dr02,sg4,0,obt-collector1,0/RP0/CPU0,ipv4,0,false,0,DATA_TYPE_ENCAP_ID,124,Queue-Ext,0,687

2020-02-06 19:38:46.639000+00:00,dr02,sg4,0,obt-collector1,0/0/CPU0,ipv6,2,false,0,DATA_TYPE_ENCAP_ID,0,Queue-Ext,0,411

2020-02-06 19:38:46.639000+00:00,dr02,sg4,0,obt-collector1,0/0/CPU0,ipv4-mpls,1,true,0,DATA_TYPE_ENCAP_ID,0,Queue-Ext,0,0

2020-02-06 19:38:46.639000+00:00,dr02,sg4,0,obt-collector1,0/0/CPU0,ipv4,0,false,0,DATA_TYPE_ENCAP_ID,0,Queue-Ext,0,37

2020-02-06 19:38:46.639000+00:00,dr02,sg4,0,obt-collector1,0/0/CPU0,ipv6-mpls,3,true,0,DATA_TYPE_ENCAP_ID,0,Queue-Ext,0,0

2020-02-06 19:38:46.643000+00:00,dr02,sg4,0,obt-collector1,0/1/CPU0,ipv6,2,false,0,DATA_TYPE_ENCAP_ID,13,Queue-Ext,0,78

2020-02-06 19:38:46.643000+00:00,dr02,sg4,0,obt-collector1,0/1/CPU0,ipv4,0,false,0,DATA_TYPE_ENCAP_ID,11,Queue-Ext,0,98

2020-02-06 19:38:46.643000+00:00,dr02,sg4,0,obt-collector1,0/1/CPU0,ipv4-mpls,1,true,0,DATA_TYPE_ENCAP_ID,0,Queue-Ext,0,0

2020-02-06 19:38:46.643000+00:00,dr02,sg4,0,obt-collector1,0/1/CPU0,ipv6-mpls,3,true,0,DATA_TYPE_ENCAP_ID,0,Queue-Ext,0,0

2020-02-06 19:38:46.646000+00:00,dr02,sg4,0,obt-collector1,0/RP0/CPU0,ipv6-mpls,3,true,0,DATA_TYPE_ENCAP_ID,0,Queue-Ext,0,0

2020-02-06 19:38:46.646000+00:00,dr02,sg4,0,obt-collector1,0/RP0/CPU0,ipv4,0,false,0,DATA_TYPE_ENCAP_ID,124,Queue-Ext,0,687

2020-02-06 19:38:46.646000+00:00,dr02,sg4,0,obt-collector1,0/RP0/CPU0,ipv4-mpls,1,true,0,DATA_TYPE_ENCAP_ID,0,Queue-Ext,0,0

2020-02-06 19:38:46.646000+00:00,dr02,sg4,0,obt-collector1,0/RP0/CPU0,ipv6,2,false,0,DATA_TYPE_ENCAP_ID,145,Queue-Ext,0,751

2020-02-06 19:39:27.840000+00:00,dr02,sg4,0,obt-collector1,0/0/CPU0,ipv4,0,false,0,DATA_TYPE_ENCAP_ID,0,Queue-Ext,0,37

2020-02-06 19:39:27.840000+00:00,dr02,sg4,0,obt-collector1,0/0/CPU0,ipv6-mpls,3,true,0,DATA_TYPE_ENCAP_ID,0,Queue-Ext,0,0

2020-02-06 19:39:27.840000+00:00,dr02,sg4,0,obt-collector1,0/0/CPU0,ipv4-mpls,1,true,0,DATA_TYPE_ENCAP_ID,0,Queue-Ext,0,0

2020-02-06 19:39:27.840000+00:00,dr02,sg4,0,obt-collector1,0/0/CPU0,ipv6,2,false,0,DATA_TYPE_ENCAP_ID,0,Queue-Ext,0,411

2020-02-06 19:39:27.844000+00:00,dr02,sg4,0,obt-collector1,0/1/CPU0,ipv4-mpls,1,true,0,DATA_TYPE_ENCAP_ID,0,Queue-Ext,0,0

2020-02-06 19:39:27.844000+00:00,dr02,sg4,0,obt-collector1,0/1/CPU0,ipv6,2,false,0,DATA_TYPE_ENCAP_ID,13,Queue-Ext,0,78

2020-02-06 19:39:27.844000+00:00,dr02,sg4,0,obt-collector1,0/1/CPU0,ipv4,0,false,0,DATA_TYPE_ENCAP_ID,11,Queue-Ext,0,98

2020-02-06 19:39:27.845000+00:00,dr02,sg4,0,obt-collector1,0/1/CPU0,ipv6-mpls,3,true,0,DATA_TYPE_ENCAP_ID,0,Queue-Ext,0,0

2020-02-06 19:39:27.849000+00:00,dr02,sg4,0,obt-collector1,0/RP0/CPU0,ipv4,0,false,0,DATA_TYPE_ENCAP_ID,124,Queue-Ext,0,687

2020-02-06 19:39:27.849000+00:00,dr02,sg4,0,obt-collector1,0/RP0/CPU0,ipv6,2,false,0,DATA_TYPE_ENCAP_ID,145,Queue-Ext,0,751

2020-02-06 19:39:27.849000+00:00,dr02,sg4,0,obt-collector1,0/RP0/CPU0,ipv6-mpls,3,true,0,DATA_TYPE_ENCAP_ID,0,Queue-Ext,0,0

2020-02-06 19:39:27.849000+00:00,dr02,sg4,0,obt-collector1,0/RP0/CPU0,ipv4-mpls,1,true,0,DATA_TYPE_ENCAP_ID,0,Queue-Ext,0,0

2020-02-06 19:40:17.674000+00:00,dr02,sg4,0,obt-collector1,0/0/CPU0,ipv4,0,false,0,DATA_TYPE_ENCAP_ID,0,Queue-Ext,0,37

2020-02-06 19:40:17.675000+00:00,dr02,sg4,0,obt-collector1,0/0/CPU0,ipv4-mpls,1,true,0,DATA_TYPE_ENCAP_ID,0,Queue-Ext,0,0

2020-02-06 19:40:17.675000+00:00,dr02,sg4,0,obt-collector1,0/0/CPU0,ipv6,2,false,0,DATA_TYPE_ENCAP_ID,0,Queue-Ext,0,411

2020-02-06 19:40:17.675000+00:00,dr02,sg4,0,obt-collector1,0/0/CPU0,ipv6-mpls,3,true,0,DATA_TYPE_ENCAP_ID,0,Queue-Ext,0,0

2020-02-06 19:40:17.679000+00:00,dr02,sg4,0,obt-collector1,0/1/CPU0,ipv4,0,false,0,DATA_TYPE_ENCAP_ID,11,Queue-Ext,0,98

2020-02-06 19:40:17.679000+00:00,dr02,sg4,0,obt-collector1,0/1/CPU0,ipv6,2,false,0,DATA_TYPE_ENCAP_ID,13,Queue-Ext,0,78

2020-02-06 19:40:17.679000+00:00,dr02,sg4,0,obt-collector1,0/1/CPU0,ipv6-mpls,3,true,0,DATA_TYPE_ENCAP_ID,0,Queue-Ext,0,0

2020-02-06 19:40:17.679000+00:00,dr02,sg4,0,obt-collector1,0/1/CPU0,ipv4-mpls,1,true,0,DATA_TYPE_ENCAP_ID,0,Queue-Ext,0,0

2020-02-06 19:40:17.681000+00:00,dr02,sg4,0,obt-collector1,0/RP0/CPU0,ipv6,2,false,0,DATA_TYPE_ENCAP_ID,145,Queue-Ext,0,751

2020-02-06 19:40:17.681000+00:00,dr02,sg4,0,obt-collector1,0/RP0/CPU0,ipv4,0,false,0,DATA_TYPE_ENCAP_ID,124,Queue-Ext,0,687

2020-02-06 19:40:17.681000+00:00,dr02,sg4,0,obt-collector1,0/RP0/CPU0,ipv4-mpls,1,true,0,DATA_TYPE_ENCAP_ID,0,Queue-Ext,0,0

2020-02-06 19:40:17.682000+00:00,dr02,sg4,0,obt-collector1,0/RP0/CPU0,ipv6-mpls,3,true,0,DATA_TYPE_ENCAP_ID,0,Queue-Ext,0,0

2020-02-06 19:40:25.831000+00:00,dr02,sg4,0,obt-collector1,0/0/CPU0,ipv6,2,false,0,DATA_TYPE_ENCAP_ID,0,Queue-Ext,0,411

2020-02-06 19:40:25.831000+00:00,dr02,sg4,0,obt-collector1,0/0/CPU0,ipv4,0,false,0,DATA_TYPE_ENCAP_ID,0,Queue-Ext,0,37

2020-02-06 19:40:25.831000+00:00,dr02,sg4,0,obt-collector1,0/0/CPU0,ipv4-mpls,1,true,0,DATA_TYPE_ENCAP_ID,0,Queue-Ext,0,0

2020-02-06 19:40:25.832000+00:00,dr02,sg4,0,obt-collector1,0/0/CPU0,ipv6-mpls,3,true,0,DATA_TYPE_ENCAP_ID,0,Queue-Ext,0,0

2020-02-06 19:40:25.836000+00:00,dr02,sg4,0,obt-collector1,0/1/CPU0,ipv4,0,false,0,DATA_TYPE_ENCAP_ID,11,Queue-Ext,0,98

2020-02-06 19:40:25.836000+00:00,dr02,sg4,0,obt-collector1,0/1/CPU0,ipv4-mpls,1,true,0,DATA_TYPE_ENCAP_ID,0,Queue-Ext,0,0

2020-02-06 19:40:25.836000+00:00,dr02,sg4,0,obt-collector1,0/1/CPU0,ipv6-mpls,3,true,0,DATA_TYPE_ENCAP_ID,0,Queue-Ext,0,0

2020-02-06 19:40:25.836000+00:00,dr02,sg4,0,obt-collector1,0/1/CPU0,ipv6,2,false,0,DATA_TYPE_ENCAP_ID,13,Queue-Ext,0,78

2020-02-06 19:40:25.839000+00:00,dr02,sg4,0,obt-collector1,0/RP0/CPU0,ipv4-mpls,1,true,0,DATA_TYPE_ENCAP_ID,0,Queue-Ext,0,0

2020-02-06 19:40:25.839000+00:00,dr02,sg4,0,obt-collector1,0/RP0/CPU0,ipv4,0,false,0,DATA_TYPE_ENCAP_ID,124,Queue-Ext,0,687

2020-02-06 19:40:25.839000+00:00,dr02,sg4,0,obt-collector1,0/RP0/CPU0,ipv6-mpls,3,true,0,DATA_TYPE_ENCAP_ID,0,Queue-Ext,0,0

2020-02-06 19:40:25.839000+00:00,dr02,sg4,0,obt-collector1,0/RP0/CPU0,ipv6,2,false,0,DATA_TYPE_ENCAP_ID,145,Queue-Ext,0,751

2020-02-06 19:40:33.993000+00:00,dr02,sg4,0,obt-collector1,0/0/CPU0,ipv4,0,false,0,DATA_TYPE_ENCAP_ID,0,Queue-Ext,0,37

2020-02-06 19:40:33.993000+00:00,dr02,sg4,0,obt-collector1,0/0/CPU0,ipv6-mpls,3,true,0,DATA_TYPE_ENCAP_ID,0,Queue-Ext,0,0

2020-02-06 19:40:33.993000+00:00,dr02,sg4,0,obt-collector1,0/0/CPU0,ipv4-mpls,1,true,0,DATA_TYPE_ENCAP_ID,0,Queue-Ext,0,0

2020-02-06 19:40:33.993000+00:00,dr02,sg4,0,obt-collector1,0/0/CPU0,ipv6,2,false,0,DATA_TYPE_ENCAP_ID,0,Queue-Ext,0,411

2020-02-06 19:40:33.997000+00:00,dr02,sg4,0,obt-collector1,0/1/CPU0,ipv4,0,false,0,DATA_TYPE_ENCAP_ID,11,Queue-Ext,0,98

2020-02-06 19:40:33.997000+00:00,dr02,sg4,0,obt-collector1,0/1/CPU0,ipv4-mpls,1,true,0,DATA_TYPE_ENCAP_ID,0,Queue-Ext,0,0

2020-02-06 19:40:33.998000+00:00,dr02,sg4,0,obt-collector1,0/1/CPU0,ipv6-mpls,3,true,0,DATA_TYPE_ENCAP_ID,0,Queue-Ext,0,0

2020-02-06 19:40:33.998000+00:00,dr02,sg4,0,obt-collector1,0/1/CPU0,ipv6,2,false,0,DATA_TYPE_ENCAP_ID,13,Queue-Ext,0,78

2020-02-06 19:40:34.001000+00:00,dr02,sg4,0,obt-collector1,0/RP0/CPU0,ipv4-mpls,1,true,0,DATA_TYPE_ENCAP_ID,0,Queue-Ext,0,0

2020-02-06 19:40:34.001000+00:00,dr02,sg4,0,obt-collector1,0/RP0/CPU0,ipv6,2,false,0,DATA_TYPE_ENCAP_ID,145,Queue-Ext,0,751

2020-02-06 19:40:34.001000+00:00,dr02,sg4,0,obt-collector1,0/RP0/CPU0,ipv6-mpls,3,true,0,DATA_TYPE_ENCAP_ID,0,Queue-Ext,0,0

2020-02-06 19:40:34.001000+00:00,dr02,sg4,0,obt-collector1,0/RP0/CPU0,ipv4,0,false,0,DATA_TYPE_ENCAP_ID,124,Queue-Ext,0,687

2020-02-06 19:40:52.351000+00:00,dr02,sg4,0,obt-collector1,0/0/CPU0,ipv4,0,false,0,DATA_TYPE_ENCAP_ID,0,Queue-Ext,0,37

2020-02-06 19:40:52.351000+00:00,dr02,sg4,0,obt-collector1,0/0/CPU0,ipv4-mpls,1,true,0,DATA_TYPE_ENCAP_ID,0,Queue-Ext,0,0

2020-02-06 19:40:52.351000+00:00,dr02,sg4,0,obt-collector1,0/0/CPU0,ipv6,2,false,0,DATA_TYPE_ENCAP_ID,0,Queue-Ext,0,411

2020-02-06 19:40:52.351000+00:00,dr02,sg4,0,obt-collector1,0/0/CPU0,ipv6-mpls,3,true,0,DATA_TYPE_ENCAP_ID,0,Queue-Ext,0,0

2020-02-06 19:40:52.355000+00:00,dr02,sg4,0,obt-collector1,0/1/CPU0,ipv4-mpls,1,true,0,DATA_TYPE_ENCAP_ID,0,Queue-Ext,0,0

2020-02-06 19:40:52.355000+00:00,dr02,sg4,0,obt-collector1,0/1/CPU0,ipv6,2,false,0,DATA_TYPE_ENCAP_ID,13,Queue-Ext,0,78

2020-02-06 19:40:52.355000+00:00,dr02,sg4,0,obt-collector1,0/1/CPU0,ipv4,0,false,0,DATA_TYPE_ENCAP_ID,11,Queue-Ext,0,98

2020-02-06 19:40:52.355000+00:00,dr02,sg4,0,obt-collector1,0/1/CPU0,ipv6-mpls,3,true,0,DATA_TYPE_ENCAP_ID,0,Queue-Ext,0,0

2020-02-06 19:40:52.358000+00:00,dr02,sg4,0,obt-collector1,0/RP0/CPU0,ipv4,0,false,0,DATA_TYPE_ENCAP_ID,124,Queue-Ext,0,687

2020-02-06 19:40:52.358000+00:00,dr02,sg4,0,obt-collector1,0/RP0/CPU0,ipv6-mpls,3,true,0,DATA_TYPE_ENCAP_ID,0,Queue-Ext,0,0

2020-02-06 19:40:52.358000+00:00,dr02,sg4,0,obt-collector1,0/RP0/CPU0,ipv4-mpls,1,true,0,DATA_TYPE_ENCAP_ID,0,Queue-Ext,0,0

2020-02-06 19:40:52.358000+00:00,dr02,sg4,0,obt-collector1,0/RP0/CPU0,ipv6,2,false,0,DATA_TYPE_ENCAP_ID,145,Queue-Ext,0,751

2020-02-06 19:41:34.530000+00:00,dr02,sg4,0,obt-collector1,0/0/CPU0,ipv6,2,false,0,DATA_TYPE_ENCAP_ID,0,Queue-Ext,0,411

2020-02-06 19:41:34.530000+00:00,dr02,sg4,0,obt-collector1,0/0/CPU0,ipv6-mpls,3,true,0,DATA_TYPE_ENCAP_ID,0,Queue-Ext,0,0

2020-02-06 19:41:34.530000+00:00,dr02,sg4,0,obt-collector1,0/0/CPU0,ipv4-mpls,1,true,0,DATA_TYPE_ENCAP_ID,0,Queue-Ext,0,0

2020-02-06 19:41:34.530000+00:00,dr02,sg4,0,obt-collector1,0/0/CPU0,ipv4,0,false,0,DATA_TYPE_ENCAP_ID,0,Queue-Ext,0,37

2020-02-06 19:41:34.534000+00:00,dr02,sg4,0,obt-collector1,0/1/CPU0,ipv6-mpls,3,true,0,DATA_TYPE_ENCAP_ID,0,Queue-Ext,0,0

2020-02-06 19:41:34.534000+00:00,dr02,sg4,0,obt-collector1,0/1/CPU0,ipv6,2,false,0,DATA_TYPE_ENCAP_ID,13,Queue-Ext,0,78

2020-02-06 19:41:34.534000+00:00,dr02,sg4,0,obt-collector1,0/1/CPU0,ipv4,0,false,0,DATA_TYPE_ENCAP_ID,11,Queue-Ext,0,98

2020-02-06 19:41:34.534000+00:00,dr02,sg4,0,obt-collector1,0/1/CPU0,ipv4-mpls,1,true,0,DATA_TYPE_ENCAP_ID,0,Queue-Ext,0,0

2020-02-06 19:41:34.537000+00:00,dr02,sg4,0,obt-collector1,0/RP0/CPU0,ipv4,0,false,0,DATA_TYPE_ENCAP_ID,124,Queue-Ext,0,687

2020-02-06 19:41:34.537000+00:00,dr02,sg4,0,obt-collector1,0/RP0/CPU0,ipv4-mpls,1,true,0,DATA_TYPE_ENCAP_ID,0,Queue-Ext,0,0

2020-02-06 19:41:34.538000+00:00,dr02,sg4,0,obt-collector1,0/RP0/CPU0,ipv6,2,false,0,DATA_TYPE_ENCAP_ID,145,Queue-Ext,0,751

2020-02-06 19:41:34.538000+00:00,dr02,sg4,0,obt-collector1,0/RP0/CPU0,ipv6-mpls,3,true,0,DATA_TYPE_ENCAP_ID,0,Queue-Ext,0,0

2020-02-06 19:41:42.817000+00:00,dr02,sg4,0,obt-collector1,0/0/CPU0,ipv4,0,false,0,DATA_TYPE_ENCAP_ID,0,Queue-Ext,0,37

2020-02-06 19:41:42.817000+00:00,dr02,sg4,0,obt-collector1,0/0/CPU0,ipv4-mpls,1,true,0,DATA_TYPE_ENCAP_ID,0,Queue-Ext,0,0

2020-02-06 19:41:42.817000+00:00,dr02,sg4,0,obt-collector1,0/0/CPU0,ipv6-mpls,3,true,0,DATA_TYPE_ENCAP_ID,0,Queue-Ext,0,0

2020-02-06 19:41:42.817000+00:00,dr02,sg4,0,obt-collector1,0/0/CPU0,ipv6,2,false,0,DATA_TYPE_ENCAP_ID,0,Queue-Ext,0,411

2020-02-06 19:41:42.821000+00:00,dr02,sg4,0,obt-collector1,0/1/CPU0,ipv4,0,false,0,DATA_TYPE_ENCAP_ID,11,Queue-Ext,0,98

2020-02-06 19:41:42.821000+00:00,dr02,sg4,0,obt-collector1,0/1/CPU0,ipv6,2,false,0,DATA_TYPE_ENCAP_ID,13,Queue-Ext,0,78

2020-02-06 19:41:42.821000+00:00,dr02,sg4,0,obt-collector1,0/1/CPU0,ipv4-mpls,1,true,0,DATA_TYPE_ENCAP_ID,0,Queue-Ext,0,0

2020-02-06 19:41:42.822000+00:00,dr02,sg4,0,obt-collector1,0/1/CPU0,ipv6-mpls,3,true,0,DATA_TYPE_ENCAP_ID,0,Queue-Ext,0,0

2020-02-06 19:41:42.825000+00:00,dr02,sg4,0,obt-collector1,0/RP0/CPU0,ipv6-mpls,3,true,0,DATA_TYPE_ENCAP_ID,0,Queue-Ext,0,0

2020-02-06 19:41:42.825000+00:00,dr02,sg4,0,obt-collector1,0/RP0/CPU0,ipv6,2,false,0,DATA_TYPE_ENCAP_ID,145,Queue-Ext,0,751

2020-02-06 19:41:42.825000+00:00,dr02,sg4,0,obt-collector1,0/RP0/CPU0,ipv4-mpls,1,true,0,DATA_TYPE_ENCAP_ID,0,Queue-Ext,0,0

2020-02-06 19:41:42.825000+00:00,dr02,sg4,0,obt-collector1,0/RP0/CPU0,ipv4,0,false,0,DATA_TYPE_ENCAP_ID,124,Queue-Ext,0,687

2020-02-06 19:42:33.754000+00:00,dr02,sg4,0,obt-collector1,0/0/CPU0,ipv6,2,false,0,DATA_TYPE_ENCAP_ID,0,Queue-Ext,0,411

2020-02-06 19:42:33.754000+00:00,dr02,sg4,0,obt-collector1,0/0/CPU0,ipv6-mpls,3,true,0,DATA_TYPE_ENCAP_ID,0,Queue-Ext,0,0

2020-02-06 19:42:33.754000+00:00,dr02,sg4,0,obt-collector1,0/0/CPU0,ipv4-mpls,1,true,0,DATA_TYPE_ENCAP_ID,0,Queue-Ext,0,0

2020-02-06 19:42:33.754000+00:00,dr02,sg4,0,obt-collector1,0/0/CPU0,ipv4,0,false,0,DATA_TYPE_ENCAP_ID,0,Queue-Ext,0,37

2020-02-06 19:42:33.758000+00:00,dr02,sg4,0,obt-collector1,0/1/CPU0,ipv4,0,false,0,DATA_TYPE_ENCAP_ID,11,Queue-Ext,0,98

2020-02-06 19:42:33.759000+00:00,dr02,sg4,0,obt-collector1,0/1/CPU0,ipv6-mpls,3,true,0,DATA_TYPE_ENCAP_ID,0,Queue-Ext,0,0

2020-02-06 19:42:33.759000+00:00,dr02,sg4,0,obt-collector1,0/1/CPU0,ipv6,2,false,0,DATA_TYPE_ENCAP_ID,13,Queue-Ext,0,78

2020-02-06 19:42:33.759000+00:00,dr02,sg4,0,obt-collector1,0/1/CPU0,ipv4-mpls,1,true,0,DATA_TYPE_ENCAP_ID,0,Queue-Ext,0,0

2020-02-06 19:42:33.761000+00:00,dr02,sg4,0,obt-collector1,0/RP0/CPU0,ipv4,0,false,0,DATA_TYPE_ENCAP_ID,124,Queue-Ext,0,687

2020-02-06 19:42:33.761000+00:00,dr02,sg4,0,obt-collector1,0/RP0/CPU0,ipv4-mpls,1,true,0,DATA_TYPE_ENCAP_ID,0,Queue-Ext,0,0

2020-02-06 19:42:33.761000+00:00,dr02,sg4,0,obt-collector1,0/RP0/CPU0,ipv6,2,false,0,DATA_TYPE_ENCAP_ID,145,Queue-Ext,0,751

2020-02-06 19:42:33.762000+00:00,dr02,sg4,0,obt-collector1,0/RP0/CPU0,ipv6-mpls,3,true,0,DATA_TYPE_ENCAP_ID,0,Queue-Ext,0,0

2020-02-06 19:42:50.195000+00:00,dr02,sg4,0,obt-collector1,0/0/CPU0,ipv4,0,false,0,DATA_TYPE_ENCAP_ID,0,Queue-Ext,0,37

2020-02-06 19:42:50.195000+00:00,dr02,sg4,0,obt-collector1,0/0/CPU0,ipv4-mpls,1,true,0,DATA_TYPE_ENCAP_ID,0,Queue-Ext,0,0

2020-02-06 19:42:50.195000+00:00,dr02,sg4,0,obt-collector1,0/0/CPU0,ipv6-mpls,3,true,0,DATA_TYPE_ENCAP_ID,0,Queue-Ext,0,0

2020-02-06 19:42:50.195000+00:00,dr02,sg4,0,obt-collector1,0/0/CPU0,ipv6,2,false,0,DATA_TYPE_ENCAP_ID,0,Queue-Ext,0,411

2020-02-06 19:42:50.199000+00:00,dr02,sg4,0,obt-collector1,0/1/CPU0,ipv4,0,false,0,DATA_TYPE_ENCAP_ID,11,Queue-Ext,0,98

2020-02-06 19:42:50.199000+00:00,dr02,sg4,0,obt-collector1,0/1/CPU0,ipv6-mpls,3,true,0,DATA_TYPE_ENCAP_ID,0,Queue-Ext,0,0

2020-02-06 19:42:50.199000+00:00,dr02,sg4,0,obt-collector1,0/1/CPU0,ipv4-mpls,1,true,0,DATA_TYPE_ENCAP_ID,0,Queue-Ext,0,0

2020-02-06 19:42:50.199000+00:00,dr02,sg4,0,obt-collector1,0/1/CPU0,ipv6,2,false,0,DATA_TYPE_ENCAP_ID,13,Queue-Ext,0,78

2020-02-06 19:42:50.202000+00:00,dr02,sg4,0,obt-collector1,0/RP0/CPU0,ipv4-mpls,1,true,0,DATA_TYPE_ENCAP_ID,0,Queue-Ext,0,0

2020-02-06 19:42:50.202000+00:00,dr02,sg4,0,obt-collector1,0/RP0/CPU0,ipv6,2,false,0,DATA_TYPE_ENCAP_ID,145,Queue-Ext,0,751

2020-02-06 19:42:50.202000+00:00,dr02,sg4,0,obt-collector1,0/RP0/CPU0,ipv4,0,false,0,DATA_TYPE_ENCAP_ID,124,Queue-Ext,0,687

2020-02-06 19:42:50.202000+00:00,dr02,sg4,0,obt-collector1,0/RP0/CPU0,ipv6-mpls,3,true,0,DATA_TYPE_ENCAP_ID,0,Queue-Ext,0,0

2020-02-06 19:42:58.867000+00:00,dr02,sg4,0,obt-collector1,0/0/CPU0,ipv6-mpls,3,true,0,DATA_TYPE_ENCAP_ID,0,Queue-Ext,0,0

2020-02-06 19:42:58.867000+00:00,dr02,sg4,0,obt-collector1,0/0/CPU0,ipv6,2,false,0,DATA_TYPE_ENCAP_ID,0,Queue-Ext,0,411

2020-02-06 19:42:58.867000+00:00,dr02,sg4,0,obt-collector1,0/0/CPU0,ipv4-mpls,1,true,0,DATA_TYPE_ENCAP_ID,0,Queue-Ext,0,0

2020-02-06 19:42:58.867000+00:00,dr02,sg4,0,obt-collector1,0/0/CPU0,ipv4,0,false,0,DATA_TYPE_ENCAP_ID,0,Queue-Ext,0,37

2020-02-06 19:42:58.871000+00:00,dr02,sg4,0,obt-collector1,0/1/CPU0,ipv4-mpls,1,true,0,DATA_TYPE_ENCAP_ID,0,Queue-Ext,0,0

2020-02-06 19:42:58.871000+00:00,dr02,sg4,0,obt-collector1,0/1/CPU0,ipv6-mpls,3,true,0,DATA_TYPE_ENCAP_ID,0,Queue-Ext,0,0

2020-02-06 19:42:58.871000+00:00,dr02,sg4,0,obt-collector1,0/1/CPU0,ipv4,0,false,0,DATA_TYPE_ENCAP_ID,11,Queue-Ext,0,98

2020-02-06 19:42:58.871000+00:00,dr02,sg4,0,obt-collector1,0/1/CPU0,ipv6,2,false,0,DATA_TYPE_ENCAP_ID,13,Queue-Ext,0,78

2020-02-06 19:42:58.874000+00:00,dr02,sg4,0,obt-collector1,0/RP0/CPU0,ipv4-mpls,1,true,0,DATA_TYPE_ENCAP_ID,0,Queue-Ext,0,0

2020-02-06 19:42:58.874000+00:00,dr02,sg4,0,obt-collector1,0/RP0/CPU0,ipv6-mpls,3,true,0,DATA_TYPE_ENCAP_ID,0,Queue-Ext,0,0

2020-02-06 19:42:58.874000+00:00,dr02,sg4,0,obt-collector1,0/RP0/CPU0,ipv4,0,false,0,DATA_TYPE_ENCAP_ID,124,Queue-Ext,0,687

2020-02-06 19:42:58.874000+00:00,dr02,sg4,0,obt-collector1,0/RP0/CPU0,ipv6,2,false,0,DATA_TYPE_ENCAP_ID,145,Queue-Ext,0,751

2020-02-06 19:43:06.999000+00:00,dr02,sg4,0,obt-collector1,0/0/CPU0,ipv4,0,false,0,DATA_TYPE_ENCAP_ID,0,Queue-Ext,0,37

2020-02-06 19:43:06.999000+00:00,dr02,sg4,0,obt-collector1,0/0/CPU0,ipv4-mpls,1,true,0,DATA_TYPE_ENCAP_ID,0,Queue-Ext,0,0

2020-02-06 19:43:07+00:00,dr02,sg4,0,obt-collector1,0/0/CPU0,ipv6,2,false,0,DATA_TYPE_ENCAP_ID,0,Queue-Ext,0,411

2020-02-06 19:43:07+00:00,dr02,sg4,0,obt-collector1,0/0/CPU0,ipv6-mpls,3,true,0,DATA_TYPE_ENCAP_ID,0,Queue-Ext,0,0

2020-02-06 19:43:07.006000+00:00,dr02,sg4,0,obt-collector1,0/1/CPU0,ipv4,0,false,0,DATA_TYPE_ENCAP_ID,11,Queue-Ext,0,98

2020-02-06 19:43:07.006000+00:00,dr02,sg4,0,obt-collector1,0/1/CPU0,ipv6-mpls,3,true,0,DATA_TYPE_ENCAP_ID,0,Queue-Ext,0,0

2020-02-06 19:43:07.006000+00:00,dr02,sg4,0,obt-collector1,0/1/CPU0,ipv4-mpls,1,true,0,DATA_TYPE_ENCAP_ID,0,Queue-Ext,0,0

2020-02-06 19:43:07.006000+00:00,dr02,sg4,0,obt-collector1,0/1/CPU0,ipv6,2,false,0,DATA_TYPE_ENCAP_ID,13,Queue-Ext,0,78

2020-02-06 19:43:07.009000+00:00,dr02,sg4,0,obt-collector1,0/RP0/CPU0,ipv4,0,false,0,DATA_TYPE_ENCAP_ID,124,Queue-Ext,0,687

2020-02-06 19:43:07.009000+00:00,dr02,sg4,0,obt-collector1,0/RP0/CPU0,ipv4-mpls,1,true,0,DATA_TYPE_ENCAP_ID,0,Queue-Ext,0,0

2020-02-06 19:43:07.009000+00:00,dr02,sg4,0,obt-collector1,0/RP0/CPU0,ipv6-mpls,3,true,0,DATA_TYPE_ENCAP_ID,0,Queue-Ext,0,0

2020-02-06 19:43:07.009000+00:00,dr02,sg4,0,obt-collector1,0/RP0/CPU0,ipv6,2,false,0,DATA_TYPE_ENCAP_ID,145,Queue-Ext,0,751

2020-02-06 19:44:57.774000+00:00,dr02,sg4,0,obt-collector1,0/0/CPU0,ipv6,2,false,0,DATA_TYPE_ENCAP_ID,0,Queue-Ext,0,411

2020-02-06 19:44:57.774000+00:00,dr02,sg4,0,obt-collector1,0/0/CPU0,ipv4,0,false,0,DATA_TYPE_ENCAP_ID,0,Queue-Ext,0,37

2020-02-06 19:44:57.774000+00:00,dr02,sg4,0,obt-collector1,0/0/CPU0,ipv6-mpls,3,true,0,DATA_TYPE_ENCAP_ID,0,Queue-Ext,0,0

2020-02-06 19:44:57.774000+00:00,dr02,sg4,0,obt-collector1,0/0/CPU0,ipv4-mpls,1,true,0,DATA_TYPE_ENCAP_ID,0,Queue-Ext,0,0

2020-02-06 19:44:57.779000+00:00,dr02,sg4,0,obt-collector1,0/1/CPU0,ipv6-mpls,3,true,0,DATA_TYPE_ENCAP_ID,0,Queue-Ext,0,0

2020-02-06 19:44:57.779000+00:00,dr02,sg4,0,obt-collector1,0/1/CPU0,ipv6,2,false,0,DATA_TYPE_ENCAP_ID,13,Queue-Ext,0,78

2020-02-06 19:44:57.779000+00:00,dr02,sg4,0,obt-collector1,0/1/CPU0,ipv4,0,false,0,DATA_TYPE_ENCAP_ID,11,Queue-Ext,0,98

2020-02-06 19:44:57.779000+00:00,dr02,sg4,0,obt-collector1,0/1/CPU0,ipv4-mpls,1,true,0,DATA_TYPE_ENCAP_ID,0,Queue-Ext,0,0

2020-02-06 19:44:57.782000+00:00,dr02,sg4,0,obt-collector1,0/RP0/CPU0,ipv6-mpls,3,true,0,DATA_TYPE_ENCAP_ID,0,Queue-Ext,0,0

2020-02-06 19:44:57.782000+00:00,dr02,sg4,0,obt-collector1,0/RP0/CPU0,ipv6,2,false,0,DATA_TYPE_ENCAP_ID,145,Queue-Ext,0,751

2020-02-06 19:44:57.782000+00:00,dr02,sg4,0,obt-collector1,0/RP0/CPU0,ipv4-mpls,1,true,0,DATA_TYPE_ENCAP_ID,0,Queue-Ext,0,0

2020-02-06 19:44:57.782000+00:00,dr02,sg4,0,obt-collector1,0/RP0/CPU0,ipv4,0,false,0,DATA_TYPE_ENCAP_ID,124,Queue-Ext,0,687

