,EncodingPath,Producer,free-application-memory,free-physical-memory,node-name,ram-memory,system-ram-memory

2020-02-02 19:44:43.290000+00:00,Cisco-IOS-XR-nto-misc-oper:memory-summary/nodes/node/summary,spine1,9247907840,9412751360,0/0/CPU0,12884901888,12884901888

2020-02-02 19:44:43.296000+00:00,Cisco-IOS-XR-nto-misc-oper:memory-summary/nodes/node/summary,spine1,10629001216,10850963456,0/RP0/CPU0,15032385536,15032385536

2020-02-02 19:44:48.439000+00:00,Cisco-IOS-XR-nto-misc-oper:memory-summary/nodes/node/summary,spine1,9247907840,9412751360,0/0/CPU0,12884901888,12884901888

2020-02-02 19:44:48.444000+00:00,Cisco-IOS-XR-nto-misc-oper:memory-summary/nodes/node/summary,spine1,10629115904,10851209216,0/RP0/CPU0,15032385536,15032385536

2020-02-02 19:44:54.745000+00:00,Cisco-IOS-XR-nto-misc-oper:memory-summary/nodes/node/summary,spine1,9247850496,9412694016,0/0/CPU0,12884901888,12884901888

2020-02-02 19:44:54.757000+00:00,Cisco-IOS-XR-nto-misc-oper:memory-summary/nodes/node/summary,spine1,10628857856,10850951168,0/RP0/CPU0,15032385536,15032385536

2020-02-02 19:44:59.882000+00:00,Cisco-IOS-XR-nto-misc-oper:memory-summary/nodes/node/summary,spine1,9247772672,9412747264,0/0/CPU0,12884901888,12884901888

2020-02-02 19:44:59.888000+00:00,Cisco-IOS-XR-nto-misc-oper:memory-summary/nodes/node/summary,spine1,10629124096,10851086336,0/RP0/CPU0,15032385536,15032385536

2020-02-02 19:45:06.254000+00:00,Cisco-IOS-XR-nto-misc-oper:memory-summary/nodes/node/summary,spine1,9247973376,9412816896,0/0/CPU0,12884901888,12884901888

2020-02-02 19:45:06.260000+00:00,Cisco-IOS-XR-nto-misc-oper:memory-summary/nodes/node/summary,spine1,10628874240,10851102720,0/RP0/CPU0,15032385536,15032385536

2020-02-02 19:45:11.393000+00:00,Cisco-IOS-XR-nto-misc-oper:memory-summary/nodes/node/summary,spine1,9248169984,9413013504,0/0/CPU0,12884901888,12884901888

2020-02-02 19:45:11.399000+00:00,Cisco-IOS-XR-nto-misc-oper:memory-summary/nodes/node/summary,spine1,10629005312,10850971648,0/RP0/CPU0,15032385536,15032385536

2020-02-02 19:45:17.710000+00:00,Cisco-IOS-XR-nto-misc-oper:memory-summary/nodes/node/summary,spine1,9248108544,9412956160,0/0/CPU0,12884901888,12884901888

2020-02-02 19:45:17.715000+00:00,Cisco-IOS-XR-nto-misc-oper:memory-summary/nodes/node/summary,spine1,10628849664,10850832384,0/RP0/CPU0,15032385536,15032385536

2020-02-02 19:45:22.857000+00:00,Cisco-IOS-XR-nto-misc-oper:memory-summary/nodes/node/summary,spine1,9248161792,9413140480,0/0/CPU0,12884901888,12884901888

2020-02-02 19:45:22.863000+00:00,Cisco-IOS-XR-nto-misc-oper:memory-summary/nodes/node/summary,spine1,10628956160,10851069952,0/RP0/CPU0,15032385536,15032385536

2020-02-02 19:45:29.184000+00:00,Cisco-IOS-XR-nto-misc-oper:memory-summary/nodes/node/summary,spine1,9247981568,9412960256,0/0/CPU0,12884901888,12884901888

2020-02-02 19:45:29.189000+00:00,Cisco-IOS-XR-nto-misc-oper:memory-summary/nodes/node/summary,spine1,10628956160,10851069952,0/RP0/CPU0,15032385536,15032385536

2020-02-02 19:45:34.331000+00:00,Cisco-IOS-XR-nto-misc-oper:memory-summary/nodes/node/summary,spine1,9247895552,9412743168,0/0/CPU0,12884901888,12884901888

2020-02-02 19:45:34.337000+00:00,Cisco-IOS-XR-nto-misc-oper:memory-summary/nodes/node/summary,spine1,10629066752,10851049472,0/RP0/CPU0,15032385536,15032385536

2020-02-02 19:45:40.623000+00:00,Cisco-IOS-XR-nto-misc-oper:memory-summary/nodes/node/summary,spine1,9247895552,9412743168,0/0/CPU0,12884901888,12884901888

2020-02-02 19:45:40.629000+00:00,Cisco-IOS-XR-nto-misc-oper:memory-summary/nodes/node/summary,spine1,10629083136,10851069952,0/RP0/CPU0,15032385536,15032385536

2020-02-02 19:45:46.088000+00:00,Cisco-IOS-XR-nto-misc-oper:memory-summary/nodes/node/summary,spine1,9247834112,9412681728,0/0/CPU0,12884901888,12884901888

2020-02-02 19:45:46.093000+00:00,Cisco-IOS-XR-nto-misc-oper:memory-summary/nodes/node/summary,spine1,10629074944,10851061760,0/RP0/CPU0,15032385536,15032385536

2020-02-02 19:45:52.614000+00:00,Cisco-IOS-XR-nto-misc-oper:memory-summary/nodes/node/summary,spine1,9247838208,9412816896,0/0/CPU0,12884901888,12884901888

2020-02-02 19:45:52.620000+00:00,Cisco-IOS-XR-nto-misc-oper:memory-summary/nodes/node/summary,spine1,10629087232,10851074048,0/RP0/CPU0,15032385536,15032385536

2020-02-02 19:45:57.757000+00:00,Cisco-IOS-XR-nto-misc-oper:memory-summary/nodes/node/summary,spine1,9248067584,9413046272,0/0/CPU0,12884901888,12884901888

2020-02-02 19:45:57.762000+00:00,Cisco-IOS-XR-nto-misc-oper:memory-summary/nodes/node/summary,spine1,10628997120,10850983936,0/RP0/CPU0,15032385536,15032385536

2020-02-02 19:46:04.222000+00:00,Cisco-IOS-XR-nto-misc-oper:memory-summary/nodes/node/summary,spine1,9248014336,9412947968,0/0/CPU0,12884901888,12884901888

2020-02-02 19:46:04.227000+00:00,Cisco-IOS-XR-nto-misc-oper:memory-summary/nodes/node/summary,spine1,10628956160,10850942976,0/RP0/CPU0,15032385536,15032385536

2020-02-02 19:46:09.363000+00:00,Cisco-IOS-XR-nto-misc-oper:memory-summary/nodes/node/summary,spine1,9247940608,9412919296,0/0/CPU0,12884901888,12884901888

2020-02-02 19:46:09.369000+00:00,Cisco-IOS-XR-nto-misc-oper:memory-summary/nodes/node/summary,spine1,10628800512,10850791424,0/RP0/CPU0,15032385536,15032385536

2020-02-02 19:46:15.355000+00:00,Cisco-IOS-XR-nto-misc-oper:memory-summary/nodes/node/summary,spine1,9247793152,9412644864,0/0/CPU0,12884901888,12884901888

2020-02-02 19:46:15.360000+00:00,Cisco-IOS-XR-nto-misc-oper:memory-summary/nodes/node/summary,spine1,10628784128,10850783232,0/RP0/CPU0,15032385536,15032385536

2020-02-02 19:46:20.500000+00:00,Cisco-IOS-XR-nto-misc-oper:memory-summary/nodes/node/summary,spine1,9247981568,9412833280,0/0/CPU0,12884901888,12884901888

2020-02-02 19:46:20.507000+00:00,Cisco-IOS-XR-nto-misc-oper:memory-summary/nodes/node/summary,spine1,10628636672,10850742272,0/RP0/CPU0,15032385536,15032385536

2020-02-02 19:46:26.804000+00:00,Cisco-IOS-XR-nto-misc-oper:memory-summary/nodes/node/summary,spine1,9248043008,9412894720,0/0/CPU0,12884901888,12884901888

2020-02-02 19:46:26.809000+00:00,Cisco-IOS-XR-nto-misc-oper:memory-summary/nodes/node/summary,spine1,10628665344,10850795520,0/RP0/CPU0,15032385536,15032385536

2020-02-02 19:46:31.954000+00:00,Cisco-IOS-XR-nto-misc-oper:memory-summary/nodes/node/summary,spine1,9248161792,9413013504,0/0/CPU0,12884901888,12884901888

2020-02-02 19:46:31.959000+00:00,Cisco-IOS-XR-nto-misc-oper:memory-summary/nodes/node/summary,spine1,10628804608,10850803712,0/RP0/CPU0,15032385536,15032385536

2020-02-02 19:46:38.252000+00:00,Cisco-IOS-XR-nto-misc-oper:memory-summary/nodes/node/summary,spine1,9248067584,9412919296,0/0/CPU0,12884901888,12884901888

2020-02-02 19:46:38.257000+00:00,Cisco-IOS-XR-nto-misc-oper:memory-summary/nodes/node/summary,spine1,10628685824,10850693120,0/RP0/CPU0,15032385536,15032385536

2020-02-02 19:46:43.400000+00:00,Cisco-IOS-XR-nto-misc-oper:memory-summary/nodes/node/summary,spine1,9247887360,9412739072,0/0/CPU0,12884901888,12884901888

2020-02-02 19:46:43.406000+00:00,Cisco-IOS-XR-nto-misc-oper:memory-summary/nodes/node/summary,spine1,10628784128,10850791424,0/RP0/CPU0,15032385536,15032385536

2020-02-02 19:46:49.952000+00:00,Cisco-IOS-XR-nto-misc-oper:memory-summary/nodes/node/summary,spine1,9247481856,9412464640,0/0/CPU0,12884901888,12884901888

2020-02-02 19:46:49.958000+00:00,Cisco-IOS-XR-nto-misc-oper:memory-summary/nodes/node/summary,spine1,10628780032,10850787328,0/RP0/CPU0,15032385536,15032385536

2020-02-02 19:46:55.096000+00:00,Cisco-IOS-XR-nto-misc-oper:memory-summary/nodes/node/summary,spine1,9247506432,9412489216,0/0/CPU0,12884901888,12884901888

2020-02-02 19:46:55.102000+00:00,Cisco-IOS-XR-nto-misc-oper:memory-summary/nodes/node/summary,spine1,10628780032,10850787328,0/RP0/CPU0,15032385536,15032385536

2020-02-02 19:47:01.574000+00:00,Cisco-IOS-XR-nto-misc-oper:memory-summary/nodes/node/summary,spine1,9247784960,9412636672,0/0/CPU0,12884901888,12884901888

2020-02-02 19:47:01.579000+00:00,Cisco-IOS-XR-nto-misc-oper:memory-summary/nodes/node/summary,spine1,10628911104,10850918400,0/RP0/CPU0,15032385536,15032385536

2020-02-02 19:47:06.715000+00:00,Cisco-IOS-XR-nto-misc-oper:memory-summary/nodes/node/summary,spine1,9247932416,9412677632,0/0/CPU0,12884901888,12884901888

2020-02-02 19:47:06.720000+00:00,Cisco-IOS-XR-nto-misc-oper:memory-summary/nodes/node/summary,spine1,10628800512,10850811904,0/RP0/CPU0,15032385536,15032385536

2020-02-02 19:47:12.684000+00:00,Cisco-IOS-XR-nto-misc-oper:memory-summary/nodes/node/summary,spine1,9247653888,9412505600,0/0/CPU0,12884901888,12884901888

2020-02-02 19:47:12.689000+00:00,Cisco-IOS-XR-nto-misc-oper:memory-summary/nodes/node/summary,spine1,10629046272,10851057664,0/RP0/CPU0,15032385536,15032385536

2020-02-02 19:47:17.833000+00:00,Cisco-IOS-XR-nto-misc-oper:memory-summary/nodes/node/summary,spine1,9248034816,9412890624,0/0/CPU0,12884901888,12884901888

2020-02-02 19:47:17.839000+00:00,Cisco-IOS-XR-nto-misc-oper:memory-summary/nodes/node/summary,spine1,10628997120,10851020800,0/RP0/CPU0,15032385536,15032385536

2020-02-02 19:47:24.131000+00:00,Cisco-IOS-XR-nto-misc-oper:memory-summary/nodes/node/summary,spine1,9247801344,9412788224,0/0/CPU0,12884901888,12884901888

2020-02-02 19:47:24.137000+00:00,Cisco-IOS-XR-nto-misc-oper:memory-summary/nodes/node/summary,spine1,10628947968,10850971648,0/RP0/CPU0,15032385536,15032385536

2020-02-02 19:47:29.280000+00:00,Cisco-IOS-XR-nto-misc-oper:memory-summary/nodes/node/summary,spine1,9247911936,9412767744,0/0/CPU0,12884901888,12884901888

2020-02-02 19:47:29.286000+00:00,Cisco-IOS-XR-nto-misc-oper:memory-summary/nodes/node/summary,spine1,10628919296,10850942976,0/RP0/CPU0,15032385536,15032385536

2020-02-02 19:47:35.596000+00:00,Cisco-IOS-XR-nto-misc-oper:memory-summary/nodes/node/summary,spine1,9247891456,9412747264,0/0/CPU0,12884901888,12884901888

2020-02-02 19:47:35.601000+00:00,Cisco-IOS-XR-nto-misc-oper:memory-summary/nodes/node/summary,spine1,10629083136,10851110912,0/RP0/CPU0,15032385536,15032385536

2020-02-02 19:47:40.740000+00:00,Cisco-IOS-XR-nto-misc-oper:memory-summary/nodes/node/summary,spine1,9247866880,9412722688,0/0/CPU0,12884901888,12884901888

2020-02-02 19:47:40.745000+00:00,Cisco-IOS-XR-nto-misc-oper:memory-summary/nodes/node/summary,spine1,10628849664,10850877440,0/RP0/CPU0,15032385536,15032385536

2020-02-02 19:47:47.274000+00:00,Cisco-IOS-XR-nto-misc-oper:memory-summary/nodes/node/summary,spine1,9247817728,9412673536,0/0/CPU0,12884901888,12884901888

2020-02-02 19:47:47.279000+00:00,Cisco-IOS-XR-nto-misc-oper:memory-summary/nodes/node/summary,spine1,10629013504,10851041280,0/RP0/CPU0,15032385536,15032385536

2020-02-02 19:47:52.414000+00:00,Cisco-IOS-XR-nto-misc-oper:memory-summary/nodes/node/summary,spine1,9248006144,9412861952,0/0/CPU0,12884901888,12884901888

2020-02-02 19:47:52.420000+00:00,Cisco-IOS-XR-nto-misc-oper:memory-summary/nodes/node/summary,spine1,10628927488,10850955264,0/RP0/CPU0,15032385536,15032385536

2020-02-02 19:47:58.864000+00:00,Cisco-IOS-XR-nto-misc-oper:memory-summary/nodes/node/summary,spine1,9247846400,9412702208,0/0/CPU0,12884901888,12884901888

2020-02-02 19:47:58.870000+00:00,Cisco-IOS-XR-nto-misc-oper:memory-summary/nodes/node/summary,spine1,10629169152,10851196928,0/RP0/CPU0,15032385536,15032385536

2020-02-02 19:48:04.006000+00:00,Cisco-IOS-XR-nto-misc-oper:memory-summary/nodes/node/summary,spine1,9247875072,9412730880,0/0/CPU0,12884901888,12884901888

2020-02-02 19:48:04.012000+00:00,Cisco-IOS-XR-nto-misc-oper:memory-summary/nodes/node/summary,spine1,10628943872,10850971648,0/RP0/CPU0,15032385536,15032385536

2020-02-02 19:48:10+00:00,Cisco-IOS-XR-nto-misc-oper:memory-summary/nodes/node/summary,spine1,9247846400,9412833280,0/0/CPU0,12884901888,12884901888

2020-02-02 19:48:10.006000+00:00,Cisco-IOS-XR-nto-misc-oper:memory-summary/nodes/node/summary,spine1,10629033984,10851065856,0/RP0/CPU0,15032385536,15032385536

2020-02-02 19:48:15.144000+00:00,Cisco-IOS-XR-nto-misc-oper:memory-summary/nodes/node/summary,spine1,9247789056,9412648960,0/0/CPU0,12884901888,12884901888

2020-02-02 19:48:15.150000+00:00,Cisco-IOS-XR-nto-misc-oper:memory-summary/nodes/node/summary,spine1,10629038080,10851082240,0/RP0/CPU0,15032385536,15032385536

2020-02-02 19:48:21.449000+00:00,Cisco-IOS-XR-nto-misc-oper:memory-summary/nodes/node/summary,spine1,9247920128,9412780032,0/0/CPU0,12884901888,12884901888

2020-02-02 19:48:21.455000+00:00,Cisco-IOS-XR-nto-misc-oper:memory-summary/nodes/node/summary,spine1,10628845568,10851123200,0/RP0/CPU0,15032385536,15032385536

2020-02-02 19:48:26.598000+00:00,Cisco-IOS-XR-nto-misc-oper:memory-summary/nodes/node/summary,spine1,9247633408,9412755456,0/0/CPU0,12884901888,12884901888

2020-02-02 19:48:26.604000+00:00,Cisco-IOS-XR-nto-misc-oper:memory-summary/nodes/node/summary,spine1,10629013504,10851188736,0/RP0/CPU0,15032385536,15032385536

2020-02-02 19:48:33.157000+00:00,Cisco-IOS-XR-nto-misc-oper:memory-summary/nodes/node/summary,spine1,9247911936,9412771840,0/0/CPU0,12884901888,12884901888

2020-02-02 19:48:33.162000+00:00,Cisco-IOS-XR-nto-misc-oper:memory-summary/nodes/node/summary,spine1,10629046272,10851090432,0/RP0/CPU0,15032385536,15032385536

2020-02-02 19:48:38.299000+00:00,Cisco-IOS-XR-nto-misc-oper:memory-summary/nodes/node/summary,spine1,9247772672,9412632576,0/0/CPU0,12884901888,12884901888

2020-02-02 19:48:38.304000+00:00,Cisco-IOS-XR-nto-misc-oper:memory-summary/nodes/node/summary,spine1,10629148672,10851196928,0/RP0/CPU0,15032385536,15032385536

2020-02-02 19:48:44.568000+00:00,Cisco-IOS-XR-nto-misc-oper:memory-summary/nodes/node/summary,spine1,9247948800,9412808704,0/0/CPU0,12884901888,12884901888

2020-02-02 19:48:44.573000+00:00,Cisco-IOS-XR-nto-misc-oper:memory-summary/nodes/node/summary,spine1,10628902912,10850951168,0/RP0/CPU0,15032385536,15032385536

2020-02-02 19:48:49.708000+00:00,Cisco-IOS-XR-nto-misc-oper:memory-summary/nodes/node/summary,spine1,9247887360,9412747264,0/0/CPU0,12884901888,12884901888

2020-02-02 19:48:49.714000+00:00,Cisco-IOS-XR-nto-misc-oper:memory-summary/nodes/node/summary,spine1,10629009408,10851057664,0/RP0/CPU0,15032385536,15032385536

2020-02-02 19:48:56.173000+00:00,Cisco-IOS-XR-nto-misc-oper:memory-summary/nodes/node/summary,spine1,9247928320,9412788224,0/0/CPU0,12884901888,12884901888

2020-02-02 19:48:56.178000+00:00,Cisco-IOS-XR-nto-misc-oper:memory-summary/nodes/node/summary,spine1,10628894720,10850942976,0/RP0/CPU0,15032385536,15032385536

2020-02-02 19:49:01.314000+00:00,Cisco-IOS-XR-nto-misc-oper:memory-summary/nodes/node/summary,spine1,9247809536,9412669440,0/0/CPU0,12884901888,12884901888

2020-02-02 19:49:01.319000+00:00,Cisco-IOS-XR-nto-misc-oper:memory-summary/nodes/node/summary,spine1,10629017600,10851065856,0/RP0/CPU0,15032385536,15032385536

2020-02-02 19:49:07.317000+00:00,Cisco-IOS-XR-nto-misc-oper:memory-summary/nodes/node/summary,spine1,9245839360,9410830336,0/0/CPU0,12884901888,12884901888

2020-02-02 19:49:07.322000+00:00,Cisco-IOS-XR-nto-misc-oper:memory-summary/nodes/node/summary,spine1,10642690048,10864746496,0/RP0/CPU0,15032385536,15032385536

2020-02-02 19:49:12.468000+00:00,Cisco-IOS-XR-nto-misc-oper:memory-summary/nodes/node/summary,spine1,9247891456,9412751360,0/0/CPU0,12884901888,12884901888

2020-02-02 19:49:12.473000+00:00,Cisco-IOS-XR-nto-misc-oper:memory-summary/nodes/node/summary,spine1,10644422656,10866479104,0/RP0/CPU0,15032385536,15032385536

2020-02-02 19:49:18.764000+00:00,Cisco-IOS-XR-nto-misc-oper:memory-summary/nodes/node/summary,spine1,9247948800,9412943872,0/0/CPU0,12884901888,12884901888

2020-02-02 19:49:18.770000+00:00,Cisco-IOS-XR-nto-misc-oper:memory-summary/nodes/node/summary,spine1,10644160512,10866229248,0/RP0/CPU0,15032385536,15032385536

2020-02-02 19:49:23.912000+00:00,Cisco-IOS-XR-nto-misc-oper:memory-summary/nodes/node/summary,spine1,9248047104,9412780032,0/0/CPU0,12884901888,12884901888

2020-02-02 19:49:23.917000+00:00,Cisco-IOS-XR-nto-misc-oper:memory-summary/nodes/node/summary,spine1,10644389888,10866589696,0/RP0/CPU0,15032385536,15032385536

2020-02-02 19:49:30.276000+00:00,Cisco-IOS-XR-nto-misc-oper:memory-summary/nodes/node/summary,spine1,9247895552,9412759552,0/0/CPU0,12884901888,12884901888

2020-02-02 19:49:30.281000+00:00,Cisco-IOS-XR-nto-misc-oper:memory-summary/nodes/node/summary,spine1,10644418560,10866618368,0/RP0/CPU0,15032385536,15032385536

2020-02-02 19:49:35.422000+00:00,Cisco-IOS-XR-nto-misc-oper:memory-summary/nodes/node/summary,spine1,9247911936,9412775936,0/0/CPU0,12884901888,12884901888

2020-02-02 19:49:35.427000+00:00,Cisco-IOS-XR-nto-misc-oper:memory-summary/nodes/node/summary,spine1,10644529152,10866601984,0/RP0/CPU0,15032385536,15032385536

2020-02-02 19:49:41.883000+00:00,Cisco-IOS-XR-nto-misc-oper:memory-summary/nodes/node/summary,spine1,9247203328,9412198400,0/0/CPU0,12884901888,12884901888

2020-02-02 19:49:41.888000+00:00,Cisco-IOS-XR-nto-misc-oper:memory-summary/nodes/node/summary,spine1,10643292160,10865364992,0/RP0/CPU0,15032385536,15032385536

2020-02-02 19:49:47.025000+00:00,Cisco-IOS-XR-nto-misc-oper:memory-summary/nodes/node/summary,spine1,9247379456,9412071424,0/0/CPU0,12884901888,12884901888

2020-02-02 19:49:47.030000+00:00,Cisco-IOS-XR-nto-misc-oper:memory-summary/nodes/node/summary,spine1,10643374080,10865577984,0/RP0/CPU0,15032385536,15032385536

2020-02-02 19:49:53.475000+00:00,Cisco-IOS-XR-nto-misc-oper:memory-summary/nodes/node/summary,spine1,9247023104,9411821568,0/0/CPU0,12884901888,12884901888

2020-02-02 19:49:53.481000+00:00,Cisco-IOS-XR-nto-misc-oper:memory-summary/nodes/node/summary,spine1,10643402752,10865475584,0/RP0/CPU0,15032385536,15032385536

2020-02-02 19:49:58.618000+00:00,Cisco-IOS-XR-nto-misc-oper:memory-summary/nodes/node/summary,spine1,9247076352,9411940352,0/0/CPU0,12884901888,12884901888

2020-02-02 19:49:58.623000+00:00,Cisco-IOS-XR-nto-misc-oper:memory-summary/nodes/node/summary,spine1,10643517440,10865590272,0/RP0/CPU0,15032385536,15032385536

2020-02-02 19:50:04.612000+00:00,Cisco-IOS-XR-nto-misc-oper:memory-summary/nodes/node/summary,spine1,9247006720,9411870720,0/0/CPU0,12884901888,12884901888

2020-02-02 19:50:04.617000+00:00,Cisco-IOS-XR-nto-misc-oper:memory-summary/nodes/node/summary,spine1,10643640320,10865717248,0/RP0/CPU0,15032385536,15032385536

2020-02-02 19:50:09.757000+00:00,Cisco-IOS-XR-nto-misc-oper:memory-summary/nodes/node/summary,spine1,9246793728,9411657728,0/0/CPU0,12884901888,12884901888

2020-02-02 19:50:09.762000+00:00,Cisco-IOS-XR-nto-misc-oper:memory-summary/nodes/node/summary,spine1,10643300352,10865381376,0/RP0/CPU0,15032385536,15032385536

2020-02-02 19:50:17.371000+00:00,Cisco-IOS-XR-nto-misc-oper:memory-summary/nodes/node/summary,spine1,9246732288,9411596288,0/0/CPU0,12884901888,12884901888

2020-02-02 19:50:17.377000+00:00,Cisco-IOS-XR-nto-misc-oper:memory-summary/nodes/node/summary,spine1,10643542016,10865393664,0/RP0/CPU0,15032385536,15032385536

2020-02-02 19:50:22.516000+00:00,Cisco-IOS-XR-nto-misc-oper:memory-summary/nodes/node/summary,spine1,9246597120,9411461120,0/0/CPU0,12884901888,12884901888

2020-02-02 19:50:22.521000+00:00,Cisco-IOS-XR-nto-misc-oper:memory-summary/nodes/node/summary,spine1,10643402752,10865254400,0/RP0/CPU0,15032385536,15032385536

2020-02-02 19:50:28.567000+00:00,Cisco-IOS-XR-nto-misc-oper:memory-summary/nodes/node/summary,spine1,9246597120,9411461120,0/0/CPU0,12884901888,12884901888

2020-02-02 19:50:28.573000+00:00,Cisco-IOS-XR-nto-misc-oper:memory-summary/nodes/node/summary,spine1,10643415040,10865266688,0/RP0/CPU0,15032385536,15032385536

2020-02-02 19:50:33.709000+00:00,Cisco-IOS-XR-nto-misc-oper:memory-summary/nodes/node/summary,spine1,9246744576,9411608576,0/0/CPU0,12884901888,12884901888

2020-02-02 19:50:33.714000+00:00,Cisco-IOS-XR-nto-misc-oper:memory-summary/nodes/node/summary,spine1,10643296256,10865147904,0/RP0/CPU0,15032385536,15032385536

2020-02-02 19:50:40.108000+00:00,Cisco-IOS-XR-nto-misc-oper:memory-summary/nodes/node/summary,spine1,9246531584,9411395584,0/0/CPU0,12884901888,12884901888

2020-02-02 19:50:40.113000+00:00,Cisco-IOS-XR-nto-misc-oper:memory-summary/nodes/node/summary,spine1,10643124224,10864979968,0/RP0/CPU0,15032385536,15032385536

2020-02-02 19:50:45.256000+00:00,Cisco-IOS-XR-nto-misc-oper:memory-summary/nodes/node/summary,spine1,9247588352,9412452352,0/0/CPU0,12884901888,12884901888

2020-02-02 19:50:45.261000+00:00,Cisco-IOS-XR-nto-misc-oper:memory-summary/nodes/node/summary,spine1,10644283392,10866139136,0/RP0/CPU0,15032385536,15032385536

2020-02-02 19:50:51.526000+00:00,Cisco-IOS-XR-nto-misc-oper:memory-summary/nodes/node/summary,spine1,9247498240,9412493312,0/0/CPU0,12884901888,12884901888

2020-02-02 19:50:51.531000+00:00,Cisco-IOS-XR-nto-misc-oper:memory-summary/nodes/node/summary,spine1,10644299776,10866155520,0/RP0/CPU0,15032385536,15032385536

2020-02-02 19:50:56.672000+00:00,Cisco-IOS-XR-nto-misc-oper:memory-summary/nodes/node/summary,spine1,9247518720,9412382720,0/0/CPU0,12884901888,12884901888

2020-02-02 19:50:56.677000+00:00,Cisco-IOS-XR-nto-misc-oper:memory-summary/nodes/node/summary,spine1,10644283392,10866139136,0/RP0/CPU0,15032385536,15032385536

2020-02-02 19:51:03.055000+00:00,Cisco-IOS-XR-nto-misc-oper:memory-summary/nodes/node/summary,spine1,9247649792,9412513792,0/0/CPU0,12884901888,12884901888

2020-02-02 19:51:03.061000+00:00,Cisco-IOS-XR-nto-misc-oper:memory-summary/nodes/node/summary,spine1,10644279296,10866135040,0/RP0/CPU0,15032385536,15032385536

2020-02-02 19:51:08.199000+00:00,Cisco-IOS-XR-nto-misc-oper:memory-summary/nodes/node/summary,spine1,9247309824,9412173824,0/0/CPU0,12884901888,12884901888

2020-02-02 19:51:08.204000+00:00,Cisco-IOS-XR-nto-misc-oper:memory-summary/nodes/node/summary,spine1,10643456000,10865577984,0/RP0/CPU0,15032385536,15032385536

2020-02-02 19:51:14.911000+00:00,Cisco-IOS-XR-nto-misc-oper:memory-summary/nodes/node/summary,spine1,9247576064,9412571136,0/0/CPU0,12884901888,12884901888

2020-02-02 19:51:14.916000+00:00,Cisco-IOS-XR-nto-misc-oper:memory-summary/nodes/node/summary,spine1,10643894272,10865885184,0/RP0/CPU0,15032385536,15032385536

2020-02-02 19:51:20.049000+00:00,Cisco-IOS-XR-nto-misc-oper:memory-summary/nodes/node/summary,spine1,9247768576,9412640768,0/0/CPU0,12884901888,12884901888

2020-02-02 19:51:20.055000+00:00,Cisco-IOS-XR-nto-misc-oper:memory-summary/nodes/node/summary,spine1,10644021248,10865885184,0/RP0/CPU0,15032385536,15032385536

2020-02-02 19:51:25.977000+00:00,Cisco-IOS-XR-nto-misc-oper:memory-summary/nodes/node/summary,spine1,9247895552,9412767744,0/0/CPU0,12884901888,12884901888

2020-02-02 19:51:25.982000+00:00,Cisco-IOS-XR-nto-misc-oper:memory-summary/nodes/node/summary,spine1,10644443136,10866307072,0/RP0/CPU0,15032385536,15032385536

2020-02-02 19:51:31.119000+00:00,Cisco-IOS-XR-nto-misc-oper:memory-summary/nodes/node/summary,spine1,9247903744,9412775936,0/0/CPU0,12884901888,12884901888

2020-02-02 19:51:31.125000+00:00,Cisco-IOS-XR-nto-misc-oper:memory-summary/nodes/node/summary,spine1,10644209664,10866073600,0/RP0/CPU0,15032385536,15032385536

2020-02-02 19:51:37.473000+00:00,Cisco-IOS-XR-nto-misc-oper:memory-summary/nodes/node/summary,spine1,9247772672,9412775936,0/0/CPU0,12884901888,12884901888

2020-02-02 19:51:37.479000+00:00,Cisco-IOS-XR-nto-misc-oper:memory-summary/nodes/node/summary,spine1,10644320256,10866188288,0/RP0/CPU0,15032385536,15032385536

2020-02-02 19:51:42.623000+00:00,Cisco-IOS-XR-nto-misc-oper:memory-summary/nodes/node/summary,spine1,9247936512,9412808704,0/0/CPU0,12884901888,12884901888

2020-02-02 19:51:42.629000+00:00,Cisco-IOS-XR-nto-misc-oper:memory-summary/nodes/node/summary,spine1,10644029440,10866159616,0/RP0/CPU0,15032385536,15032385536

2020-02-02 19:51:48.954000+00:00,Cisco-IOS-XR-nto-misc-oper:memory-summary/nodes/node/summary,spine1,9247997952,9413001216,0/0/CPU0,12884901888,12884901888

2020-02-02 19:51:48.960000+00:00,Cisco-IOS-XR-nto-misc-oper:memory-summary/nodes/node/summary,spine1,10643951616,10866081792,0/RP0/CPU0,15032385536,15032385536

2020-02-02 19:51:54.102000+00:00,Cisco-IOS-XR-nto-misc-oper:memory-summary/nodes/node/summary,spine1,9247793152,9412665344,0/0/CPU0,12884901888,12884901888

2020-02-02 19:51:54.108000+00:00,Cisco-IOS-XR-nto-misc-oper:memory-summary/nodes/node/summary,spine1,10644316160,10866184192,0/RP0/CPU0,15032385536,15032385536

2020-02-02 19:52:00.439000+00:00,Cisco-IOS-XR-nto-misc-oper:memory-summary/nodes/node/summary,spine1,9247830016,9412702208,0/0/CPU0,12884901888,12884901888

2020-02-02 19:52:00.445000+00:00,Cisco-IOS-XR-nto-misc-oper:memory-summary/nodes/node/summary,spine1,10644275200,10866143232,0/RP0/CPU0,15032385536,15032385536

2020-02-02 19:52:05.586000+00:00,Cisco-IOS-XR-nto-misc-oper:memory-summary/nodes/node/summary,spine1,9247637504,9412640768,0/0/CPU0,12884901888,12884901888

2020-02-02 19:52:05.591000+00:00,Cisco-IOS-XR-nto-misc-oper:memory-summary/nodes/node/summary,spine1,10644480000,10866356224,0/RP0/CPU0,15032385536,15032385536

2020-02-02 19:52:12.291000+00:00,Cisco-IOS-XR-nto-misc-oper:memory-summary/nodes/node/summary,spine1,9247682560,9412685824,0/0/CPU0,12884901888,12884901888

2020-02-02 19:52:12.297000+00:00,Cisco-IOS-XR-nto-misc-oper:memory-summary/nodes/node/summary,spine1,10644582400,10866458624,0/RP0/CPU0,15032385536,15032385536

2020-02-02 19:52:17.443000+00:00,Cisco-IOS-XR-nto-misc-oper:memory-summary/nodes/node/summary,spine1,9247768576,9412771840,0/0/CPU0,12884901888,12884901888

2020-02-02 19:52:17.448000+00:00,Cisco-IOS-XR-nto-misc-oper:memory-summary/nodes/node/summary,spine1,10644697088,10866589696,0/RP0/CPU0,15032385536,15032385536

2020-02-02 19:52:23.341000+00:00,Cisco-IOS-XR-nto-misc-oper:memory-summary/nodes/node/summary,spine1,9247760384,9412763648,0/0/CPU0,12884901888,12884901888

2020-02-02 19:52:23.346000+00:00,Cisco-IOS-XR-nto-misc-oper:memory-summary/nodes/node/summary,spine1,10644566016,10866458624,0/RP0/CPU0,15032385536,15032385536

2020-02-02 19:52:28.480000+00:00,Cisco-IOS-XR-nto-misc-oper:memory-summary/nodes/node/summary,spine1,9248063488,9412935680,0/0/CPU0,12884901888,12884901888

2020-02-02 19:52:28.486000+00:00,Cisco-IOS-XR-nto-misc-oper:memory-summary/nodes/node/summary,spine1,10644344832,10866237440,0/RP0/CPU0,15032385536,15032385536

2020-02-02 19:52:34.805000+00:00,Cisco-IOS-XR-nto-misc-oper:memory-summary/nodes/node/summary,spine1,9247731712,9412603904,0/0/CPU0,12884901888,12884901888

2020-02-02 19:52:34.810000+00:00,Cisco-IOS-XR-nto-misc-oper:memory-summary/nodes/node/summary,spine1,10644557824,10866450432,0/RP0/CPU0,15032385536,15032385536

2020-02-02 19:52:39.944000+00:00,Cisco-IOS-XR-nto-misc-oper:memory-summary/nodes/node/summary,spine1,9247535104,9412407296,0/0/CPU0,12884901888,12884901888

2020-02-02 19:52:39.949000+00:00,Cisco-IOS-XR-nto-misc-oper:memory-summary/nodes/node/summary,spine1,10641186816,10863083520,0/RP0/CPU0,15032385536,15032385536

2020-02-02 19:52:46.283000+00:00,Cisco-IOS-XR-nto-misc-oper:memory-summary/nodes/node/summary,spine1,9247813632,9412685824,0/0/CPU0,12884901888,12884901888

2020-02-02 19:52:46.290000+00:00,Cisco-IOS-XR-nto-misc-oper:memory-summary/nodes/node/summary,spine1,10644221952,10866458624,0/RP0/CPU0,15032385536,15032385536

2020-02-02 19:52:51.426000+00:00,Cisco-IOS-XR-nto-misc-oper:memory-summary/nodes/node/summary,spine1,9247756288,9412628480,0/0/CPU0,12884901888,12884901888

2020-02-02 19:52:51.431000+00:00,Cisco-IOS-XR-nto-misc-oper:memory-summary/nodes/node/summary,spine1,10644488192,10866462720,0/RP0/CPU0,15032385536,15032385536

2020-02-02 19:52:57.737000+00:00,Cisco-IOS-XR-nto-misc-oper:memory-summary/nodes/node/summary,spine1,9245884416,9410887680,0/0/CPU0,12884901888,12884901888

2020-02-02 19:52:57.743000+00:00,Cisco-IOS-XR-nto-misc-oper:memory-summary/nodes/node/summary,spine1,10642575360,10864680960,0/RP0/CPU0,15032385536,15032385536

2020-02-02 19:53:02.881000+00:00,Cisco-IOS-XR-nto-misc-oper:memory-summary/nodes/node/summary,spine1,9247883264,9412755456,0/0/CPU0,12884901888,12884901888

2020-02-02 19:53:02.887000+00:00,Cisco-IOS-XR-nto-misc-oper:memory-summary/nodes/node/summary,spine1,10644267008,10866241536,0/RP0/CPU0,15032385536,15032385536

2020-02-02 19:53:09.602000+00:00,Cisco-IOS-XR-nto-misc-oper:memory-summary/nodes/node/summary,spine1,9247907840,9412780032,0/0/CPU0,12884901888,12884901888

2020-02-02 19:53:09.608000+00:00,Cisco-IOS-XR-nto-misc-oper:memory-summary/nodes/node/summary,spine1,10644123648,10866102272,0/RP0/CPU0,15032385536,15032385536

2020-02-02 19:53:14.749000+00:00,Cisco-IOS-XR-nto-misc-oper:memory-summary/nodes/node/summary,spine1,9247797248,9412800512,0/0/CPU0,12884901888,12884901888

2020-02-02 19:53:14.755000+00:00,Cisco-IOS-XR-nto-misc-oper:memory-summary/nodes/node/summary,spine1,10644377600,10866356224,0/RP0/CPU0,15032385536,15032385536

2020-02-02 19:53:20.632000+00:00,Cisco-IOS-XR-nto-misc-oper:memory-summary/nodes/node/summary,spine1,9247768576,9412644864,0/0/CPU0,12884901888,12884901888

2020-02-02 19:53:20.637000+00:00,Cisco-IOS-XR-nto-misc-oper:memory-summary/nodes/node/summary,spine1,10644361216,10866348032,0/RP0/CPU0,15032385536,15032385536

2020-02-02 19:53:25.770000+00:00,Cisco-IOS-XR-nto-misc-oper:memory-summary/nodes/node/summary,spine1,9247817728,9412825088,0/0/CPU0,12884901888,12884901888

2020-02-02 19:53:25.775000+00:00,Cisco-IOS-XR-nto-misc-oper:memory-summary/nodes/node/summary,spine1,10644242432,10866229248,0/RP0/CPU0,15032385536,15032385536

2020-02-02 19:53:32.074000+00:00,Cisco-IOS-XR-nto-misc-oper:memory-summary/nodes/node/summary,spine1,9247907840,9412784128,0/0/CPU0,12884901888,12884901888

2020-02-02 19:53:32.079000+00:00,Cisco-IOS-XR-nto-misc-oper:memory-summary/nodes/node/summary,spine1,10644307968,10866294784,0/RP0/CPU0,15032385536,15032385536

2020-02-02 19:53:37.218000+00:00,Cisco-IOS-XR-nto-misc-oper:memory-summary/nodes/node/summary,spine1,9247629312,9412767744,0/0/CPU0,12884901888,12884901888

2020-02-02 19:53:37.223000+00:00,Cisco-IOS-XR-nto-misc-oper:memory-summary/nodes/node/summary,spine1,10644238336,10866229248,0/RP0/CPU0,15032385536,15032385536

2020-02-02 19:53:43.567000+00:00,Cisco-IOS-XR-nto-misc-oper:memory-summary/nodes/node/summary,spine1,9247649792,9412657152,0/0/CPU0,12884901888,12884901888

2020-02-02 19:53:43.572000+00:00,Cisco-IOS-XR-nto-misc-oper:memory-summary/nodes/node/summary,spine1,10644103168,10866094080,0/RP0/CPU0,15032385536,15032385536

2020-02-02 19:53:48.712000+00:00,Cisco-IOS-XR-nto-misc-oper:memory-summary/nodes/node/summary,spine1,9247961088,9412837376,0/0/CPU0,12884901888,12884901888

2020-02-02 19:53:48.717000+00:00,Cisco-IOS-XR-nto-misc-oper:memory-summary/nodes/node/summary,spine1,10644299776,10866290688,0/RP0/CPU0,15032385536,15032385536

2020-02-02 19:53:55.032000+00:00,Cisco-IOS-XR-nto-misc-oper:memory-summary/nodes/node/summary,spine1,9247875072,9412751360,0/0/CPU0,12884901888,12884901888

2020-02-02 19:53:55.038000+00:00,Cisco-IOS-XR-nto-misc-oper:memory-summary/nodes/node/summary,spine1,10644254720,10866245632,0/RP0/CPU0,15032385536,15032385536

2020-02-02 19:54:00.180000+00:00,Cisco-IOS-XR-nto-misc-oper:memory-summary/nodes/node/summary,spine1,9247887360,9412894720,0/0/CPU0,12884901888,12884901888

2020-02-02 19:54:00.186000+00:00,Cisco-IOS-XR-nto-misc-oper:memory-summary/nodes/node/summary,spine1,10644234240,10866225152,0/RP0/CPU0,15032385536,15032385536

2020-02-02 19:54:06.896000+00:00,Cisco-IOS-XR-nto-misc-oper:memory-summary/nodes/node/summary,spine1,9247719424,9412726784,0/0/CPU0,12884901888,12884901888

2020-02-02 19:54:06.902000+00:00,Cisco-IOS-XR-nto-misc-oper:memory-summary/nodes/node/summary,spine1,10644230144,10866225152,0/RP0/CPU0,15032385536,15032385536

2020-02-02 19:54:12.035000+00:00,Cisco-IOS-XR-nto-misc-oper:memory-summary/nodes/node/summary,spine1,9247686656,9412562944,0/0/CPU0,12884901888,12884901888

2020-02-02 19:54:12.040000+00:00,Cisco-IOS-XR-nto-misc-oper:memory-summary/nodes/node/summary,spine1,10644221952,10866216960,0/RP0/CPU0,15032385536,15032385536

2020-02-02 19:54:18.118000+00:00,Cisco-IOS-XR-nto-misc-oper:memory-summary/nodes/node/summary,spine1,9248026624,9412706304,0/0/CPU0,12884901888,12884901888

2020-02-02 19:54:18.123000+00:00,Cisco-IOS-XR-nto-misc-oper:memory-summary/nodes/node/summary,spine1,10644185088,10866192384,0/RP0/CPU0,15032385536,15032385536

2020-02-02 19:54:23.256000+00:00,Cisco-IOS-XR-nto-misc-oper:memory-summary/nodes/node/summary,spine1,9247653888,9412534272,0/0/CPU0,12884901888,12884901888

2020-02-02 19:54:23.261000+00:00,Cisco-IOS-XR-nto-misc-oper:memory-summary/nodes/node/summary,spine1,10644209664,10866216960,0/RP0/CPU0,15032385536,15032385536

2020-02-02 19:54:29.574000+00:00,Cisco-IOS-XR-nto-misc-oper:memory-summary/nodes/node/summary,spine1,9247813632,9412825088,0/0/CPU0,12884901888,12884901888

2020-02-02 19:54:29.579000+00:00,Cisco-IOS-XR-nto-misc-oper:memory-summary/nodes/node/summary,spine1,10644172800,10866180096,0/RP0/CPU0,15032385536,15032385536

2020-02-02 19:54:34.721000+00:00,Cisco-IOS-XR-nto-misc-oper:memory-summary/nodes/node/summary,spine1,9247825920,9412706304,0/0/CPU0,12884901888,12884901888

2020-02-02 19:54:34.726000+00:00,Cisco-IOS-XR-nto-misc-oper:memory-summary/nodes/node/summary,spine1,10644230144,10866237440,0/RP0/CPU0,15032385536,15032385536

2020-02-02 19:54:41.054000+00:00,Cisco-IOS-XR-nto-misc-oper:memory-summary/nodes/node/summary,spine1,9247641600,9412653056,0/0/CPU0,12884901888,12884901888

2020-02-02 19:54:41.059000+00:00,Cisco-IOS-XR-nto-misc-oper:memory-summary/nodes/node/summary,spine1,10644209664,10866225152,0/RP0/CPU0,15032385536,15032385536

2020-02-02 19:54:46.204000+00:00,Cisco-IOS-XR-nto-misc-oper:memory-summary/nodes/node/summary,spine1,9247805440,9412849664,0/0/CPU0,12884901888,12884901888

2020-02-02 19:54:46.209000+00:00,Cisco-IOS-XR-nto-misc-oper:memory-summary/nodes/node/summary,spine1,10644332544,10866348032,0/RP0/CPU0,15032385536,15032385536

2020-02-02 19:54:52.567000+00:00,Cisco-IOS-XR-nto-misc-oper:memory-summary/nodes/node/summary,spine1,9247916032,9412796416,0/0/CPU0,12884901888,12884901888

2020-02-02 19:54:52.573000+00:00,Cisco-IOS-XR-nto-misc-oper:memory-summary/nodes/node/summary,spine1,10644336640,10866352128,0/RP0/CPU0,15032385536,15032385536

2020-02-02 19:54:57.712000+00:00,Cisco-IOS-XR-nto-misc-oper:memory-summary/nodes/node/summary,spine1,9247707136,9412849664,0/0/CPU0,12884901888,12884901888

2020-02-02 19:54:57.717000+00:00,Cisco-IOS-XR-nto-misc-oper:memory-summary/nodes/node/summary,spine1,10644197376,10866212864,0/RP0/CPU0,15032385536,15032385536

2020-02-02 19:55:04.381000+00:00,Cisco-IOS-XR-nto-misc-oper:memory-summary/nodes/node/summary,spine1,9247866880,9412878336,0/0/CPU0,12884901888,12884901888

2020-02-02 19:55:04.387000+00:00,Cisco-IOS-XR-nto-misc-oper:memory-summary/nodes/node/summary,spine1,10644336640,10866352128,0/RP0/CPU0,15032385536,15032385536

2020-02-02 19:55:09.530000+00:00,Cisco-IOS-XR-nto-misc-oper:memory-summary/nodes/node/summary,spine1,9247944704,9412825088,0/0/CPU0,12884901888,12884901888

2020-02-02 19:55:09.536000+00:00,Cisco-IOS-XR-nto-misc-oper:memory-summary/nodes/node/summary,spine1,10644180992,10866343936,0/RP0/CPU0,15032385536,15032385536

2020-02-02 19:55:15.489000+00:00,Cisco-IOS-XR-nto-misc-oper:memory-summary/nodes/node/summary,spine1,9245028352,9409908736,0/0/CPU0,12884901888,12884901888

2020-02-02 19:55:15.495000+00:00,Cisco-IOS-XR-nto-misc-oper:memory-summary/nodes/node/summary,spine1,10641154048,10863173632,0/RP0/CPU0,15032385536,15032385536

2020-02-02 19:55:20.627000+00:00,Cisco-IOS-XR-nto-misc-oper:memory-summary/nodes/node/summary,spine1,9247875072,9412886528,0/0/CPU0,12884901888,12884901888

2020-02-02 19:55:20.631000+00:00,Cisco-IOS-XR-nto-misc-oper:memory-summary/nodes/node/summary,spine1,10644070400,10866102272,0/RP0/CPU0,15032385536,15032385536

2020-02-02 19:55:26.973000+00:00,Cisco-IOS-XR-nto-misc-oper:memory-summary/nodes/node/summary,spine1,9247895552,9412775936,0/0/CPU0,12884901888,12884901888

2020-02-02 19:55:26.978000+00:00,Cisco-IOS-XR-nto-misc-oper:memory-summary/nodes/node/summary,spine1,10644320256,10866352128,0/RP0/CPU0,15032385536,15032385536

2020-02-02 19:55:32.117000+00:00,Cisco-IOS-XR-nto-misc-oper:memory-summary/nodes/node/summary,spine1,9247797248,9412808704,0/0/CPU0,12884901888,12884901888

2020-02-02 19:55:32.122000+00:00,Cisco-IOS-XR-nto-misc-oper:memory-summary/nodes/node/summary,spine1,10644217856,10866249728,0/RP0/CPU0,15032385536,15032385536

2020-02-02 19:55:38.484000+00:00,Cisco-IOS-XR-nto-misc-oper:memory-summary/nodes/node/summary,spine1,9247944704,9412956160,0/0/CPU0,12884901888,12884901888

2020-02-02 19:55:38.489000+00:00,Cisco-IOS-XR-nto-misc-oper:memory-summary/nodes/node/summary,spine1,10644180992,10866216960,0/RP0/CPU0,15032385536,15032385536

2020-02-02 19:55:43.631000+00:00,Cisco-IOS-XR-nto-misc-oper:memory-summary/nodes/node/summary,spine1,9247744000,9412755456,0/0/CPU0,12884901888,12884901888

2020-02-02 19:55:43.636000+00:00,Cisco-IOS-XR-nto-misc-oper:memory-summary/nodes/node/summary,spine1,10644303872,10866339840,0/RP0/CPU0,15032385536,15032385536

2020-02-02 19:55:50.144000+00:00,Cisco-IOS-XR-nto-misc-oper:memory-summary/nodes/node/summary,spine1,9246056448,9410936832,0/0/CPU0,12884901888,12884901888

2020-02-02 19:55:50.150000+00:00,Cisco-IOS-XR-nto-misc-oper:memory-summary/nodes/node/summary,spine1,10642546688,10864582656,0/RP0/CPU0,15032385536,15032385536

2020-02-02 19:55:55.293000+00:00,Cisco-IOS-XR-nto-misc-oper:memory-summary/nodes/node/summary,spine1,9246068736,9411080192,0/0/CPU0,12884901888,12884901888

2020-02-02 19:55:55.299000+00:00,Cisco-IOS-XR-nto-misc-oper:memory-summary/nodes/node/summary,spine1,10642284544,10864320512,0/RP0/CPU0,15032385536,15032385536

2020-02-02 19:56:01.970000+00:00,Cisco-IOS-XR-nto-misc-oper:memory-summary/nodes/node/summary,spine1,9246167040,9411047424,0/0/CPU0,12884901888,12884901888

2020-02-02 19:56:01.976000+00:00,Cisco-IOS-XR-nto-misc-oper:memory-summary/nodes/node/summary,spine1,10642546688,10864582656,0/RP0/CPU0,15032385536,15032385536

2020-02-02 19:56:07.120000+00:00,Cisco-IOS-XR-nto-misc-oper:memory-summary/nodes/node/summary,spine1,9245929472,9410809856,0/0/CPU0,12884901888,12884901888

2020-02-02 19:56:07.125000+00:00,Cisco-IOS-XR-nto-misc-oper:memory-summary/nodes/node/summary,spine1,10642403328,10864443392,0/RP0/CPU0,15032385536,15032385536

2020-02-02 19:56:12.875000+00:00,Cisco-IOS-XR-nto-misc-oper:memory-summary/nodes/node/summary,spine1,9246121984,9411133440,0/0/CPU0,12884901888,12884901888

2020-02-02 19:56:12.881000+00:00,Cisco-IOS-XR-nto-misc-oper:memory-summary/nodes/node/summary,spine1,10642124800,10864164864,0/RP0/CPU0,15032385536,15032385536

2020-02-02 19:56:18.015000+00:00,Cisco-IOS-XR-nto-misc-oper:memory-summary/nodes/node/summary,spine1,9246035968,9410924544,0/0/CPU0,12884901888,12884901888

2020-02-02 19:56:18.021000+00:00,Cisco-IOS-XR-nto-misc-oper:memory-summary/nodes/node/summary,spine1,10641936384,10863988736,0/RP0/CPU0,15032385536,15032385536

2020-02-02 19:56:24.289000+00:00,Cisco-IOS-XR-nto-misc-oper:memory-summary/nodes/node/summary,spine1,9245884416,9410772992,0/0/CPU0,12884901888,12884901888

2020-02-02 19:56:24.294000+00:00,Cisco-IOS-XR-nto-misc-oper:memory-summary/nodes/node/summary,spine1,10641989632,10864173056,0/RP0/CPU0,15032385536,15032385536

2020-02-02 19:56:29.436000+00:00,Cisco-IOS-XR-nto-misc-oper:memory-summary/nodes/node/summary,spine1,9246072832,9410961408,0/0/CPU0,12884901888,12884901888

2020-02-02 19:56:29.441000+00:00,Cisco-IOS-XR-nto-misc-oper:memory-summary/nodes/node/summary,spine1,10642046976,10864099328,0/RP0/CPU0,15032385536,15032385536

2020-02-02 19:56:35.776000+00:00,Cisco-IOS-XR-nto-misc-oper:memory-summary/nodes/node/summary,spine1,9245818880,9410838528,0/0/CPU0,12884901888,12884901888

2020-02-02 19:56:35.782000+00:00,Cisco-IOS-XR-nto-misc-oper:memory-summary/nodes/node/summary,spine1,10642010112,10864197632,0/RP0/CPU0,15032385536,15032385536

2020-02-02 19:56:40.917000+00:00,Cisco-IOS-XR-nto-misc-oper:memory-summary/nodes/node/summary,spine1,9246261248,9411149824,0/0/CPU0,12884901888,12884901888

2020-02-02 19:56:40.923000+00:00,Cisco-IOS-XR-nto-misc-oper:memory-summary/nodes/node/summary,spine1,10641846272,10864050176,0/RP0/CPU0,15032385536,15032385536

2020-02-02 19:56:47.247000+00:00,Cisco-IOS-XR-nto-misc-oper:memory-summary/nodes/node/summary,spine1,9244168192,9409056768,0/0/CPU0,12884901888,12884901888

2020-02-02 19:56:47.252000+00:00,Cisco-IOS-XR-nto-misc-oper:memory-summary/nodes/node/summary,spine1,10640216064,10862272512,0/RP0/CPU0,15032385536,15032385536

2020-02-02 19:56:52.395000+00:00,Cisco-IOS-XR-nto-misc-oper:memory-summary/nodes/node/summary,spine1,9245925376,9410813952,0/0/CPU0,12884901888,12884901888

2020-02-02 19:56:52.400000+00:00,Cisco-IOS-XR-nto-misc-oper:memory-summary/nodes/node/summary,spine1,10641866752,10863923200,0/RP0/CPU0,15032385536,15032385536

2020-02-02 19:56:58.967000+00:00,Cisco-IOS-XR-nto-misc-oper:memory-summary/nodes/node/summary,spine1,9245863936,9410752512,0/0/CPU0,12884901888,12884901888

2020-02-02 19:56:58.976000+00:00,Cisco-IOS-XR-nto-misc-oper:memory-summary/nodes/node/summary,spine1,10641850368,10863906816,0/RP0/CPU0,15032385536,15032385536

2020-02-02 19:57:04.105000+00:00,Cisco-IOS-XR-nto-misc-oper:memory-summary/nodes/node/summary,spine1,9245982720,9410871296,0/0/CPU0,12884901888,12884901888

2020-02-02 19:57:04.111000+00:00,Cisco-IOS-XR-nto-misc-oper:memory-summary/nodes/node/summary,spine1,10641633280,10863689728,0/RP0/CPU0,15032385536,15032385536

2020-02-02 19:57:10.168000+00:00,Cisco-IOS-XR-nto-misc-oper:memory-summary/nodes/node/summary,spine1,9245765632,9410686976,0/0/CPU0,12884901888,12884901888

2020-02-02 19:57:10.173000+00:00,Cisco-IOS-XR-nto-misc-oper:memory-summary/nodes/node/summary,spine1,10641866752,10863927296,0/RP0/CPU0,15032385536,15032385536

2020-02-02 19:57:15.305000+00:00,Cisco-IOS-XR-nto-misc-oper:memory-summary/nodes/node/summary,spine1,9243824128,9408712704,0/0/CPU0,12884901888,12884901888

2020-02-02 19:57:15.311000+00:00,Cisco-IOS-XR-nto-misc-oper:memory-summary/nodes/node/summary,spine1,10639896576,10861957120,0/RP0/CPU0,15032385536,15032385536

2020-02-02 19:57:21.615000+00:00,Cisco-IOS-XR-nto-misc-oper:memory-summary/nodes/node/summary,spine1,9247830016,9412849664,0/0/CPU0,12884901888,12884901888

2020-02-02 19:57:21.620000+00:00,Cisco-IOS-XR-nto-misc-oper:memory-summary/nodes/node/summary,spine1,10643619840,10865692672,0/RP0/CPU0,15032385536,15032385536

2020-02-02 19:57:26.755000+00:00,Cisco-IOS-XR-nto-misc-oper:memory-summary/nodes/node/summary,spine1,9247424512,9412444160,0/0/CPU0,12884901888,12884901888

2020-02-02 19:57:26.760000+00:00,Cisco-IOS-XR-nto-misc-oper:memory-summary/nodes/node/summary,spine1,10643849216,10866053120,0/RP0/CPU0,15032385536,15032385536

2020-02-02 19:57:33.090000+00:00,Cisco-IOS-XR-nto-misc-oper:memory-summary/nodes/node/summary,spine1,9247825920,9412714496,0/0/CPU0,12884901888,12884901888

2020-02-02 19:57:33.096000+00:00,Cisco-IOS-XR-nto-misc-oper:memory-summary/nodes/node/summary,spine1,10643685376,10865758208,0/RP0/CPU0,15032385536,15032385536

2020-02-02 19:57:38.239000+00:00,Cisco-IOS-XR-nto-misc-oper:memory-summary/nodes/node/summary,spine1,9247485952,9412374528,0/0/CPU0,12884901888,12884901888

2020-02-02 19:57:38.244000+00:00,Cisco-IOS-XR-nto-misc-oper:memory-summary/nodes/node/summary,spine1,10643841024,10865922048,0/RP0/CPU0,15032385536,15032385536

2020-02-02 19:57:44.555000+00:00,Cisco-IOS-XR-nto-misc-oper:memory-summary/nodes/node/summary,spine1,9245724672,9410613248,0/0/CPU0,12884901888,12884901888

2020-02-02 19:57:44.560000+00:00,Cisco-IOS-XR-nto-misc-oper:memory-summary/nodes/node/summary,spine1,10641555456,10863636480,0/RP0/CPU0,15032385536,15032385536

2020-02-02 19:57:49.693000+00:00,Cisco-IOS-XR-nto-misc-oper:memory-summary/nodes/node/summary,spine1,9245929472,9410818048,0/0/CPU0,12884901888,12884901888

2020-02-02 19:57:49.699000+00:00,Cisco-IOS-XR-nto-misc-oper:memory-summary/nodes/node/summary,spine1,10642210816,10864291840,0/RP0/CPU0,15032385536,15032385536

2020-02-02 19:57:56.252000+00:00,Cisco-IOS-XR-nto-misc-oper:memory-summary/nodes/node/summary,spine1,9245720576,9410609152,0/0/CPU0,12884901888,12884901888

2020-02-02 19:57:56.257000+00:00,Cisco-IOS-XR-nto-misc-oper:memory-summary/nodes/node/summary,spine1,10642243584,10864324608,0/RP0/CPU0,15032385536,15032385536

2020-02-02 19:58:01.405000+00:00,Cisco-IOS-XR-nto-misc-oper:memory-summary/nodes/node/summary,spine1,9245618176,9410506752,0/0/CPU0,12884901888,12884901888

2020-02-02 19:58:01.410000+00:00,Cisco-IOS-XR-nto-misc-oper:memory-summary/nodes/node/summary,spine1,10642112512,10864193536,0/RP0/CPU0,15032385536,15032385536

2020-02-02 19:58:07.483000+00:00,Cisco-IOS-XR-nto-misc-oper:memory-summary/nodes/node/summary,spine1,9245569024,9410457600,0/0/CPU0,12884901888,12884901888

2020-02-02 19:58:07.489000+00:00,Cisco-IOS-XR-nto-misc-oper:memory-summary/nodes/node/summary,spine1,10642100224,10864185344,0/RP0/CPU0,15032385536,15032385536

2020-02-02 19:58:12.621000+00:00,Cisco-IOS-XR-nto-misc-oper:memory-summary/nodes/node/summary,spine1,9246085120,9410973696,0/0/CPU0,12884901888,12884901888

2020-02-02 19:58:12.626000+00:00,Cisco-IOS-XR-nto-misc-oper:memory-summary/nodes/node/summary,spine1,10642026496,10864111616,0/RP0/CPU0,15032385536,15032385536

2020-02-02 19:58:18.979000+00:00,Cisco-IOS-XR-nto-misc-oper:memory-summary/nodes/node/summary,spine1,9247707136,9412603904,0/0/CPU0,12884901888,12884901888

2020-02-02 19:58:18.985000+00:00,Cisco-IOS-XR-nto-misc-oper:memory-summary/nodes/node/summary,spine1,10644271104,10866368512,0/RP0/CPU0,15032385536,15032385536

2020-02-02 19:58:24.126000+00:00,Cisco-IOS-XR-nto-misc-oper:memory-summary/nodes/node/summary,spine1,9247744000,9412640768,0/0/CPU0,12884901888,12884901888

2020-02-02 19:58:24.131000+00:00,Cisco-IOS-XR-nto-misc-oper:memory-summary/nodes/node/summary,spine1,10644021248,10866118656,0/RP0/CPU0,15032385536,15032385536

2020-02-02 19:58:30.403000+00:00,Cisco-IOS-XR-nto-misc-oper:memory-summary/nodes/node/summary,spine1,9247846400,9412874240,0/0/CPU0,12884901888,12884901888

2020-02-02 19:58:30.408000+00:00,Cisco-IOS-XR-nto-misc-oper:memory-summary/nodes/node/summary,spine1,10644176896,10866274304,0/RP0/CPU0,15032385536,15032385536

2020-02-02 19:58:35.550000+00:00,Cisco-IOS-XR-nto-misc-oper:memory-summary/nodes/node/summary,spine1,9247838208,9412866048,0/0/CPU0,12884901888,12884901888

2020-02-02 19:58:35.555000+00:00,Cisco-IOS-XR-nto-misc-oper:memory-summary/nodes/node/summary,spine1,10644140032,10866241536,0/RP0/CPU0,15032385536,15032385536

2020-02-02 19:58:42.196000+00:00,Cisco-IOS-XR-nto-misc-oper:memory-summary/nodes/node/summary,spine1,9247715328,9412743168,0/0/CPU0,12884901888,12884901888

2020-02-02 19:58:42.202000+00:00,Cisco-IOS-XR-nto-misc-oper:memory-summary/nodes/node/summary,spine1,10644004864,10866237440,0/RP0/CPU0,15032385536,15032385536

2020-02-02 19:58:47.345000+00:00,Cisco-IOS-XR-nto-misc-oper:memory-summary/nodes/node/summary,spine1,9246781440,9411809280,0/0/CPU0,12884901888,12884901888

2020-02-02 19:58:47.350000+00:00,Cisco-IOS-XR-nto-misc-oper:memory-summary/nodes/node/summary,spine1,10643136512,10865238016,0/RP0/CPU0,15032385536,15032385536

2020-02-02 19:58:53.609000+00:00,Cisco-IOS-XR-nto-misc-oper:memory-summary/nodes/node/summary,spine1,9246752768,9411649536,0/0/CPU0,12884901888,12884901888

2020-02-02 19:58:53.614000+00:00,Cisco-IOS-XR-nto-misc-oper:memory-summary/nodes/node/summary,spine1,10643111936,10865213440,0/RP0/CPU0,15032385536,15032385536

2020-02-02 19:58:58.759000+00:00,Cisco-IOS-XR-nto-misc-oper:memory-summary/nodes/node/summary,spine1,9247846400,9412743168,0/0/CPU0,12884901888,12884901888

2020-02-02 19:58:58.764000+00:00,Cisco-IOS-XR-nto-misc-oper:memory-summary/nodes/node/summary,spine1,10644140032,10866241536,0/RP0/CPU0,15032385536,15032385536

2020-02-02 19:59:04.825000+00:00,Cisco-IOS-XR-nto-misc-oper:memory-summary/nodes/node/summary,spine1,9247883264,9412911104,0/0/CPU0,12884901888,12884901888

2020-02-02 19:59:04.830000+00:00,Cisco-IOS-XR-nto-misc-oper:memory-summary/nodes/node/summary,spine1,10644119552,10866221056,0/RP0/CPU0,15032385536,15032385536

2020-02-02 19:59:09.963000+00:00,Cisco-IOS-XR-nto-misc-oper:memory-summary/nodes/node/summary,spine1,9247666176,9412694016,0/0/CPU0,12884901888,12884901888

2020-02-02 19:59:09.968000+00:00,Cisco-IOS-XR-nto-misc-oper:memory-summary/nodes/node/summary,spine1,10644369408,10866475008,0/RP0/CPU0,15032385536,15032385536

2020-02-02 19:59:16.324000+00:00,Cisco-IOS-XR-nto-misc-oper:memory-summary/nodes/node/summary,spine1,9247916032,9412943872,0/0/CPU0,12884901888,12884901888

2020-02-02 19:59:16.329000+00:00,Cisco-IOS-XR-nto-misc-oper:memory-summary/nodes/node/summary,spine1,10644500480,10866606080,0/RP0/CPU0,15032385536,15032385536

2020-02-02 19:59:21.470000+00:00,Cisco-IOS-XR-nto-misc-oper:memory-summary/nodes/node/summary,spine1,9245270016,9410166784,0/0/CPU0,12884901888,12884901888

2020-02-02 19:59:21.476000+00:00,Cisco-IOS-XR-nto-misc-oper:memory-summary/nodes/node/summary,spine1,10641895424,10864009216,0/RP0/CPU0,15032385536,15032385536

2020-02-02 19:59:27.820000+00:00,Cisco-IOS-XR-nto-misc-oper:memory-summary/nodes/node/summary,spine1,9247014912,9411911680,0/0/CPU0,12884901888,12884901888

2020-02-02 19:59:27.825000+00:00,Cisco-IOS-XR-nto-misc-oper:memory-summary/nodes/node/summary,spine1,10643488768,10865602560,0/RP0/CPU0,15032385536,15032385536

2020-02-02 19:59:32.964000+00:00,Cisco-IOS-XR-nto-misc-oper:memory-summary/nodes/node/summary,spine1,9246908416,9411936256,0/0/CPU0,12884901888,12884901888

2020-02-02 19:59:32.971000+00:00,Cisco-IOS-XR-nto-misc-oper:memory-summary/nodes/node/summary,spine1,10643521536,10865610752,0/RP0/CPU0,15032385536,15032385536

2020-02-02 19:59:39.304000+00:00,Cisco-IOS-XR-nto-misc-oper:memory-summary/nodes/node/summary,spine1,9246838784,9411735552,0/0/CPU0,12884901888,12884901888

2020-02-02 19:59:39.309000+00:00,Cisco-IOS-XR-nto-misc-oper:memory-summary/nodes/node/summary,spine1,10643484672,10865602560,0/RP0/CPU0,15032385536,15032385536

