,EncodingPath,Producer,free-application-memory,free-physical-memory,node-name,ram-memory,system-ram-memory

2020-02-06 19:40:14.993000+00:00,Cisco-IOS-XR-nto-misc-oper:memory-summary/nodes/node/summary,dr03,9928749056,9908264960,0/0/CPU0,14165213184,14165213184

2020-02-06 19:40:15.001000+00:00,Cisco-IOS-XR-nto-misc-oper:memory-summary/nodes/node/summary,dr03,9929416704,9908932608,0/1/CPU0,14165213184,14165213184

2020-02-06 19:40:15.007000+00:00,Cisco-IOS-XR-nto-misc-oper:memory-summary/nodes/node/summary,dr03,14751920128,14726705152,0/RP0/CPU0,19473104896,19473104896

2020-02-06 19:40:44.993000+00:00,Cisco-IOS-XR-nto-misc-oper:memory-summary/nodes/node/summary,dr03,9928855552,9908371456,0/0/CPU0,14165213184,14165213184

2020-02-06 19:40:45.001000+00:00,Cisco-IOS-XR-nto-misc-oper:memory-summary/nodes/node/summary,dr03,9929560064,9909207040,0/1/CPU0,14165213184,14165213184

2020-02-06 19:40:45.007000+00:00,Cisco-IOS-XR-nto-misc-oper:memory-summary/nodes/node/summary,dr03,14752325632,14727110656,0/RP0/CPU0,19473104896,19473104896

2020-02-06 19:41:14.994000+00:00,Cisco-IOS-XR-nto-misc-oper:memory-summary/nodes/node/summary,dr03,9928691712,9908207616,0/0/CPU0,14165213184,14165213184

2020-02-06 19:41:15.002000+00:00,Cisco-IOS-XR-nto-misc-oper:memory-summary/nodes/node/summary,dr03,9929510912,9909157888,0/1/CPU0,14165213184,14165213184

2020-02-06 19:41:15.008000+00:00,Cisco-IOS-XR-nto-misc-oper:memory-summary/nodes/node/summary,dr03,14752280576,14727065600,0/RP0/CPU0,19473104896,19473104896

2020-02-06 19:41:44.993000+00:00,Cisco-IOS-XR-nto-misc-oper:memory-summary/nodes/node/summary,dr03,9928556544,9908072448,0/0/CPU0,14165213184,14165213184

2020-02-06 19:41:45.001000+00:00,Cisco-IOS-XR-nto-misc-oper:memory-summary/nodes/node/summary,dr03,9929400320,9908916224,0/1/CPU0,14165213184,14165213184

2020-02-06 19:41:45.007000+00:00,Cisco-IOS-XR-nto-misc-oper:memory-summary/nodes/node/summary,dr03,14749855744,14724771840,0/RP0/CPU0,19473104896,19473104896

2020-02-06 19:42:14.994000+00:00,Cisco-IOS-XR-nto-misc-oper:memory-summary/nodes/node/summary,dr03,9928650752,9908166656,0/0/CPU0,14165213184,14165213184

2020-02-06 19:42:15.002000+00:00,Cisco-IOS-XR-nto-misc-oper:memory-summary/nodes/node/summary,dr03,9929523200,9909014528,0/1/CPU0,14165213184,14165213184

2020-02-06 19:42:15.009000+00:00,Cisco-IOS-XR-nto-misc-oper:memory-summary/nodes/node/summary,dr03,14749958144,14724874240,0/RP0/CPU0,19473104896,19473104896

2020-02-06 19:42:44.994000+00:00,Cisco-IOS-XR-nto-misc-oper:memory-summary/nodes/node/summary,dr03,9927946240,9907462144,0/0/CPU0,14165213184,14165213184

2020-02-06 19:42:45.002000+00:00,Cisco-IOS-XR-nto-misc-oper:memory-summary/nodes/node/summary,dr03,9928536064,9908051968,0/1/CPU0,14165213184,14165213184

2020-02-06 19:42:45.008000+00:00,Cisco-IOS-XR-nto-misc-oper:memory-summary/nodes/node/summary,dr03,14750998528,14725783552,0/RP0/CPU0,19473104896,19473104896

2020-02-06 19:43:14.995000+00:00,Cisco-IOS-XR-nto-misc-oper:memory-summary/nodes/node/summary,dr03,9928531968,9908047872,0/0/CPU0,14165213184,14165213184

2020-02-06 19:43:15.003000+00:00,Cisco-IOS-XR-nto-misc-oper:memory-summary/nodes/node/summary,dr03,9929379840,9909026816,0/1/CPU0,14165213184,14165213184

2020-02-06 19:43:15.009000+00:00,Cisco-IOS-XR-nto-misc-oper:memory-summary/nodes/node/summary,dr03,14752288768,14727073792,0/RP0/CPU0,19473104896,19473104896

2020-02-06 19:43:44.995000+00:00,Cisco-IOS-XR-nto-misc-oper:memory-summary/nodes/node/summary,dr03,9928941568,9908457472,0/0/CPU0,14165213184,14165213184

2020-02-06 19:43:45.003000+00:00,Cisco-IOS-XR-nto-misc-oper:memory-summary/nodes/node/summary,dr03,9929572352,9909219328,0/1/CPU0,14165213184,14165213184

2020-02-06 19:43:45.010000+00:00,Cisco-IOS-XR-nto-misc-oper:memory-summary/nodes/node/summary,dr03,14752194560,14726979584,0/RP0/CPU0,19473104896,19473104896

2020-02-06 19:44:14.995000+00:00,Cisco-IOS-XR-nto-misc-oper:memory-summary/nodes/node/summary,dr03,9928929280,9908445184,0/0/CPU0,14165213184,14165213184

2020-02-06 19:44:15.003000+00:00,Cisco-IOS-XR-nto-misc-oper:memory-summary/nodes/node/summary,dr03,9929433088,9908948992,0/1/CPU0,14165213184,14165213184

2020-02-06 19:44:15.009000+00:00,Cisco-IOS-XR-nto-misc-oper:memory-summary/nodes/node/summary,dr03,14752034816,14726950912,0/RP0/CPU0,19473104896,19473104896

2020-02-06 19:44:44.996000+00:00,Cisco-IOS-XR-nto-misc-oper:memory-summary/nodes/node/summary,dr03,9928761344,9908277248,0/0/CPU0,14165213184,14165213184

2020-02-06 19:44:45.004000+00:00,Cisco-IOS-XR-nto-misc-oper:memory-summary/nodes/node/summary,dr03,9929453568,9909231616,0/1/CPU0,14165213184,14165213184

2020-02-06 19:44:45.011000+00:00,Cisco-IOS-XR-nto-misc-oper:memory-summary/nodes/node/summary,dr03,14752063488,14726979584,0/RP0/CPU0,19473104896,19473104896

2020-02-06 19:45:14.996000+00:00,Cisco-IOS-XR-nto-misc-oper:memory-summary/nodes/node/summary,dr03,9928663040,9908178944,0/0/CPU0,14165213184,14165213184

2020-02-06 19:45:15.004000+00:00,Cisco-IOS-XR-nto-misc-oper:memory-summary/nodes/node/summary,dr03,9929433088,9909055488,0/1/CPU0,14165213184,14165213184

2020-02-06 19:45:15.010000+00:00,Cisco-IOS-XR-nto-misc-oper:memory-summary/nodes/node/summary,dr03,14751911936,14726696960,0/RP0/CPU0,19473104896,19473104896

2020-02-06 19:45:44.996000+00:00,Cisco-IOS-XR-nto-misc-oper:memory-summary/nodes/node/summary,dr03,9928699904,9908322304,0/0/CPU0,14165213184,14165213184

2020-02-06 19:45:45.004000+00:00,Cisco-IOS-XR-nto-misc-oper:memory-summary/nodes/node/summary,dr03,9929527296,9909174272,0/1/CPU0,14165213184,14165213184

2020-02-06 19:45:45.013000+00:00,Cisco-IOS-XR-nto-misc-oper:memory-summary/nodes/node/summary,dr03,14751584256,14726500352,0/RP0/CPU0,19473104896,19473104896

2020-02-06 19:46:14.996000+00:00,Cisco-IOS-XR-nto-misc-oper:memory-summary/nodes/node/summary,dr03,9928740864,9908256768,0/0/CPU0,14165213184,14165213184

2020-02-06 19:46:15.004000+00:00,Cisco-IOS-XR-nto-misc-oper:memory-summary/nodes/node/summary,dr03,9929621504,9909137408,0/1/CPU0,14165213184,14165213184

2020-02-06 19:46:15.010000+00:00,Cisco-IOS-XR-nto-misc-oper:memory-summary/nodes/node/summary,dr03,14751756288,14726541312,0/RP0/CPU0,19473104896,19473104896

2020-02-06 19:46:44.997000+00:00,Cisco-IOS-XR-nto-misc-oper:memory-summary/nodes/node/summary,dr03,9928675328,9908191232,0/0/CPU0,14165213184,14165213184

2020-02-06 19:46:45.004000+00:00,Cisco-IOS-XR-nto-misc-oper:memory-summary/nodes/node/summary,dr03,9929617408,9909133312,0/1/CPU0,14165213184,14165213184

2020-02-06 19:46:45.010000+00:00,Cisco-IOS-XR-nto-misc-oper:memory-summary/nodes/node/summary,dr03,14749409280,14724325376,0/RP0/CPU0,19473104896,19473104896

2020-02-06 19:47:14.997000+00:00,Cisco-IOS-XR-nto-misc-oper:memory-summary/nodes/node/summary,dr03,9928638464,9908154368,0/0/CPU0,14165213184,14165213184

2020-02-06 19:47:15.005000+00:00,Cisco-IOS-XR-nto-misc-oper:memory-summary/nodes/node/summary,dr03,9929400320,9909022720,0/1/CPU0,14165213184,14165213184

2020-02-06 19:47:15.012000+00:00,Cisco-IOS-XR-nto-misc-oper:memory-summary/nodes/node/summary,dr03,14749691904,14724476928,0/RP0/CPU0,19473104896,19473104896

2020-02-06 19:47:44.997000+00:00,Cisco-IOS-XR-nto-misc-oper:memory-summary/nodes/node/summary,dr03,9928732672,9908379648,0/0/CPU0,14165213184,14165213184

2020-02-06 19:47:45.005000+00:00,Cisco-IOS-XR-nto-misc-oper:memory-summary/nodes/node/summary,dr03,9929351168,9908867072,0/1/CPU0,14165213184,14165213184

2020-02-06 19:47:45.011000+00:00,Cisco-IOS-XR-nto-misc-oper:memory-summary/nodes/node/summary,dr03,14751838208,14726623232,0/RP0/CPU0,19473104896,19473104896

2020-02-06 19:48:14.997000+00:00,Cisco-IOS-XR-nto-misc-oper:memory-summary/nodes/node/summary,dr03,9928691712,9908338688,0/0/CPU0,14165213184,14165213184

2020-02-06 19:48:15.005000+00:00,Cisco-IOS-XR-nto-misc-oper:memory-summary/nodes/node/summary,dr03,9929457664,9909104640,0/1/CPU0,14165213184,14165213184

2020-02-06 19:48:15.012000+00:00,Cisco-IOS-XR-nto-misc-oper:memory-summary/nodes/node/summary,dr03,14751678464,14726594560,0/RP0/CPU0,19473104896,19473104896

2020-02-06 19:48:44.997000+00:00,Cisco-IOS-XR-nto-misc-oper:memory-summary/nodes/node/summary,dr03,9928474624,9908121600,0/0/CPU0,14165213184,14165213184

2020-02-06 19:48:45.005000+00:00,Cisco-IOS-XR-nto-misc-oper:memory-summary/nodes/node/summary,dr03,9929572352,9909088256,0/1/CPU0,14165213184,14165213184

2020-02-06 19:48:45.011000+00:00,Cisco-IOS-XR-nto-misc-oper:memory-summary/nodes/node/summary,dr03,14751776768,14726561792,0/RP0/CPU0,19473104896,19473104896

2020-02-06 19:49:14.998000+00:00,Cisco-IOS-XR-nto-misc-oper:memory-summary/nodes/node/summary,dr03,9928720384,9908367360,0/0/CPU0,14165213184,14165213184

2020-02-06 19:49:15.005000+00:00,Cisco-IOS-XR-nto-misc-oper:memory-summary/nodes/node/summary,dr03,9929469952,9909116928,0/1/CPU0,14165213184,14165213184

2020-02-06 19:49:15.011000+00:00,Cisco-IOS-XR-nto-misc-oper:memory-summary/nodes/node/summary,dr03,14751662080,14726578176,0/RP0/CPU0,19473104896,19473104896

2020-02-06 19:49:44.998000+00:00,Cisco-IOS-XR-nto-misc-oper:memory-summary/nodes/node/summary,dr03,9928925184,9908572160,0/0/CPU0,14165213184,14165213184

2020-02-06 19:49:45.005000+00:00,Cisco-IOS-XR-nto-misc-oper:memory-summary/nodes/node/summary,dr03,9929592832,9909108736,0/1/CPU0,14165213184,14165213184

2020-02-06 19:49:45.012000+00:00,Cisco-IOS-XR-nto-misc-oper:memory-summary/nodes/node/summary,dr03,14751518720,14726303744,0/RP0/CPU0,19473104896,19473104896

2020-02-06 19:50:15+00:00,Cisco-IOS-XR-nto-misc-oper:memory-summary/nodes/node/summary,dr03,9928986624,9908502528,0/0/CPU0,14165213184,14165213184

2020-02-06 19:50:15.007000+00:00,Cisco-IOS-XR-nto-misc-oper:memory-summary/nodes/node/summary,dr03,9929457664,9909104640,0/1/CPU0,14165213184,14165213184

2020-02-06 19:50:15.013000+00:00,Cisco-IOS-XR-nto-misc-oper:memory-summary/nodes/node/summary,dr03,14751227904,14726012928,0/RP0/CPU0,19473104896,19473104896

2020-02-06 19:50:44.998000+00:00,Cisco-IOS-XR-nto-misc-oper:memory-summary/nodes/node/summary,dr03,9928601600,9908117504,0/0/CPU0,14165213184,14165213184

2020-02-06 19:50:45.005000+00:00,Cisco-IOS-XR-nto-misc-oper:memory-summary/nodes/node/summary,dr03,9929367552,9908883456,0/1/CPU0,14165213184,14165213184

2020-02-06 19:50:45.012000+00:00,Cisco-IOS-XR-nto-misc-oper:memory-summary/nodes/node/summary,dr03,14751526912,14726311936,0/RP0/CPU0,19473104896,19473104896

2020-02-06 19:51:14.999000+00:00,Cisco-IOS-XR-nto-misc-oper:memory-summary/nodes/node/summary,dr03,9928708096,9908224000,0/0/CPU0,14165213184,14165213184

2020-02-06 19:51:15.006000+00:00,Cisco-IOS-XR-nto-misc-oper:memory-summary/nodes/node/summary,dr03,9929449472,9909096448,0/1/CPU0,14165213184,14165213184

2020-02-06 19:51:15.012000+00:00,Cisco-IOS-XR-nto-misc-oper:memory-summary/nodes/node/summary,dr03,14751674368,14726459392,0/RP0/CPU0,19473104896,19473104896

2020-02-06 19:51:44.999000+00:00,Cisco-IOS-XR-nto-misc-oper:memory-summary/nodes/node/summary,dr03,9928691712,9908338688,0/0/CPU0,14165213184,14165213184

2020-02-06 19:51:45.006000+00:00,Cisco-IOS-XR-nto-misc-oper:memory-summary/nodes/node/summary,dr03,9929576448,9909223424,0/1/CPU0,14165213184,14165213184

2020-02-06 19:51:45.013000+00:00,Cisco-IOS-XR-nto-misc-oper:memory-summary/nodes/node/summary,dr03,14749192192,14724239360,0/RP0/CPU0,19473104896,19473104896

2020-02-06 19:52:14.999000+00:00,Cisco-IOS-XR-nto-misc-oper:memory-summary/nodes/node/summary,dr03,9928835072,9908350976,0/0/CPU0,14165213184,14165213184

2020-02-06 19:52:15.006000+00:00,Cisco-IOS-XR-nto-misc-oper:memory-summary/nodes/node/summary,dr03,9929469952,9909248000,0/1/CPU0,14165213184,14165213184

2020-02-06 19:52:15.013000+00:00,Cisco-IOS-XR-nto-misc-oper:memory-summary/nodes/node/summary,dr03,14749208576,14724124672,0/RP0/CPU0,19473104896,19473104896

2020-02-06 19:52:45+00:00,Cisco-IOS-XR-nto-misc-oper:memory-summary/nodes/node/summary,dr03,9928658944,9908174848,0/0/CPU0,14165213184,14165213184

2020-02-06 19:52:45.007000+00:00,Cisco-IOS-XR-nto-misc-oper:memory-summary/nodes/node/summary,dr03,9929371648,9909018624,0/1/CPU0,14165213184,14165213184

2020-02-06 19:52:45.013000+00:00,Cisco-IOS-XR-nto-misc-oper:memory-summary/nodes/node/summary,dr03,14751547392,14726332416,0/RP0/CPU0,19473104896,19473104896

2020-02-06 19:53:15+00:00,Cisco-IOS-XR-nto-misc-oper:memory-summary/nodes/node/summary,dr03,9928777728,9908293632,0/0/CPU0,14165213184,14165213184

2020-02-06 19:53:15.007000+00:00,Cisco-IOS-XR-nto-misc-oper:memory-summary/nodes/node/summary,dr03,9929392128,9908908032,0/1/CPU0,14165213184,14165213184

2020-02-06 19:53:15.014000+00:00,Cisco-IOS-XR-nto-misc-oper:memory-summary/nodes/node/summary,dr03,14751637504,14726422528,0/RP0/CPU0,19473104896,19473104896

2020-02-06 19:53:45+00:00,Cisco-IOS-XR-nto-misc-oper:memory-summary/nodes/node/summary,dr03,9928884224,9908400128,0/0/CPU0,14165213184,14165213184

2020-02-06 19:53:45.007000+00:00,Cisco-IOS-XR-nto-misc-oper:memory-summary/nodes/node/summary,dr03,9929543680,9909190656,0/1/CPU0,14165213184,14165213184

2020-02-06 19:53:45.014000+00:00,Cisco-IOS-XR-nto-misc-oper:memory-summary/nodes/node/summary,dr03,14751248384,14726033408,0/RP0/CPU0,19473104896,19473104896

2020-02-06 19:54:15.001000+00:00,Cisco-IOS-XR-nto-misc-oper:memory-summary/nodes/node/summary,dr03,9928699904,9908322304,0/0/CPU0,14165213184,14165213184

2020-02-06 19:54:15.008000+00:00,Cisco-IOS-XR-nto-misc-oper:memory-summary/nodes/node/summary,dr03,9929478144,9908994048,0/1/CPU0,14165213184,14165213184

2020-02-06 19:54:15.014000+00:00,Cisco-IOS-XR-nto-misc-oper:memory-summary/nodes/node/summary,dr03,14751346688,14726131712,0/RP0/CPU0,19473104896,19473104896

2020-02-06 19:54:45.001000+00:00,Cisco-IOS-XR-nto-misc-oper:memory-summary/nodes/node/summary,dr03,9928757248,9908273152,0/0/CPU0,14165213184,14165213184

2020-02-06 19:54:45.008000+00:00,Cisco-IOS-XR-nto-misc-oper:memory-summary/nodes/node/summary,dr03,9929646080,9909161984,0/1/CPU0,14165213184,14165213184

2020-02-06 19:54:45.014000+00:00,Cisco-IOS-XR-nto-misc-oper:memory-summary/nodes/node/summary,dr03,14751580160,14726496256,0/RP0/CPU0,19473104896,19473104896

2020-02-06 19:55:15+00:00,Cisco-IOS-XR-nto-misc-oper:memory-summary/nodes/node/summary,dr03,9928658944,9908174848,0/0/CPU0,14165213184,14165213184

2020-02-06 19:55:15.008000+00:00,Cisco-IOS-XR-nto-misc-oper:memory-summary/nodes/node/summary,dr03,9929383936,9909006336,0/1/CPU0,14165213184,14165213184

2020-02-06 19:55:15.015000+00:00,Cisco-IOS-XR-nto-misc-oper:memory-summary/nodes/node/summary,dr03,14751428608,14726213632,0/RP0/CPU0,19473104896,19473104896

2020-02-06 19:55:45.003000+00:00,Cisco-IOS-XR-nto-misc-oper:memory-summary/nodes/node/summary,dr03,9928531968,9908310016,0/0/CPU0,14165213184,14165213184

2020-02-06 19:55:45.010000+00:00,Cisco-IOS-XR-nto-misc-oper:memory-summary/nodes/node/summary,dr03,9929465856,9908981760,0/1/CPU0,14165213184,14165213184

2020-02-06 19:55:45.017000+00:00,Cisco-IOS-XR-nto-misc-oper:memory-summary/nodes/node/summary,dr03,14751326208,14726242304,0/RP0/CPU0,19473104896,19473104896

2020-02-06 19:56:15.002000+00:00,Cisco-IOS-XR-nto-misc-oper:memory-summary/nodes/node/summary,dr03,9928658944,9908305920,0/0/CPU0,14165213184,14165213184

2020-02-06 19:56:15.009000+00:00,Cisco-IOS-XR-nto-misc-oper:memory-summary/nodes/node/summary,dr03,9929351168,9908867072,0/1/CPU0,14165213184,14165213184

2020-02-06 19:56:15.016000+00:00,Cisco-IOS-XR-nto-misc-oper:memory-summary/nodes/node/summary,dr03,14751522816,14726246400,0/RP0/CPU0,19473104896,19473104896

2020-02-06 19:56:45.002000+00:00,Cisco-IOS-XR-nto-misc-oper:memory-summary/nodes/node/summary,dr03,9928716288,9908363264,0/0/CPU0,14165213184,14165213184

2020-02-06 19:56:45.009000+00:00,Cisco-IOS-XR-nto-misc-oper:memory-summary/nodes/node/summary,dr03,9929437184,9908953088,0/1/CPU0,14165213184,14165213184

2020-02-06 19:56:45.016000+00:00,Cisco-IOS-XR-nto-misc-oper:memory-summary/nodes/node/summary,dr03,14749036544,14723821568,0/RP0/CPU0,19473104896,19473104896

2020-02-06 19:57:15.003000+00:00,Cisco-IOS-XR-nto-misc-oper:memory-summary/nodes/node/summary,dr03,9928572928,9908088832,0/0/CPU0,14165213184,14165213184

2020-02-06 19:57:15.010000+00:00,Cisco-IOS-XR-nto-misc-oper:memory-summary/nodes/node/summary,dr03,9929703424,9909350400,0/1/CPU0,14165213184,14165213184

2020-02-06 19:57:15.019000+00:00,Cisco-IOS-XR-nto-misc-oper:memory-summary/nodes/node/summary,dr03,14749233152,14724124672,0/RP0/CPU0,19473104896,19473104896

