,Producer,Target,host,interface-counts/admin-down-interface-count,interface-counts/down-interface-count,interface-counts/interface-count,interface-counts/up-interface-count,interface-type-list/interface-counts/admin-down-interface-count,interface-type-list/interface-counts/down-interface-count,interface-type-list/interface-counts/interface-count,interface-type-list/interface-counts/up-interface-count,interface-type-list/interface-type-description,interface-type-list/interface-type-name,interface-type/interface-counts/admin-down-interface-count,interface-type/interface-counts/down-interface-count,interface-type/interface-counts/interface-count,interface-type/interface-counts/up-interface-count,interface-type/interface-type-description,interface-type/interface-type-name

2020-02-02 19:44:45.028000+00:00,dr03,sg10,obt-collector1,58,1,76,17,0,0,1,1,Null interface,IFT_NULL,,,,,,

2020-02-02 19:44:56.087000+00:00,dr03,sg10,obt-collector1,58,1,76,17,0,0,1,1,Null interface,IFT_NULL,,,,,,

2020-02-02 19:45:07.175000+00:00,dr03,sg10,obt-collector1,58,1,76,17,0,0,1,1,Null interface,IFT_NULL,,,,,,

2020-02-02 19:45:18.239000+00:00,dr03,sg10,obt-collector1,58,1,76,17,0,0,1,1,Null interface,IFT_NULL,,,,,,

2020-02-02 19:45:29.312000+00:00,dr03,sg10,obt-collector1,58,1,76,17,0,0,1,1,Null interface,IFT_NULL,,,,,,

2020-02-02 19:45:40.387000+00:00,dr03,sg10,obt-collector1,58,1,76,17,0,0,1,1,Null interface,IFT_NULL,,,,,,

2020-02-02 19:45:51.442000+00:00,dr03,sg10,obt-collector1,58,1,76,17,0,0,1,1,Null interface,IFT_NULL,,,,,,

2020-02-02 19:46:02.499000+00:00,dr03,sg10,obt-collector1,58,1,76,17,0,0,1,1,Null interface,IFT_NULL,,,,,,

2020-02-02 19:46:13.544000+00:00,dr03,sg10,obt-collector1,58,1,76,17,0,0,1,1,Null interface,IFT_NULL,,,,,,

2020-02-02 19:46:24.661000+00:00,dr03,sg10,obt-collector1,58,1,76,17,0,0,1,1,Null interface,IFT_NULL,,,,,,

2020-02-02 19:46:35.712000+00:00,dr03,sg10,obt-collector1,58,1,76,17,0,0,1,1,Null interface,IFT_NULL,,,,,,

2020-02-02 19:46:46.800000+00:00,dr03,sg10,obt-collector1,58,1,76,17,0,0,1,1,Null interface,IFT_NULL,,,,,,

2020-02-02 19:46:57.989000+00:00,dr03,sg10,obt-collector1,58,1,76,17,0,0,1,1,Null interface,IFT_NULL,,,,,,

2020-02-02 19:47:09.139000+00:00,dr03,sg10,obt-collector1,58,1,76,17,0,0,1,1,Null interface,IFT_NULL,,,,,,

2020-02-02 19:47:20.270000+00:00,dr03,sg10,obt-collector1,58,1,76,17,0,0,1,1,Null interface,IFT_NULL,,,,,,

2020-02-02 19:47:31.340000+00:00,dr03,sg10,obt-collector1,58,1,76,17,0,0,1,1,Null interface,IFT_NULL,,,,,,

2020-02-02 19:47:42.372000+00:00,dr03,sg10,obt-collector1,58,1,76,17,0,0,1,1,Null interface,IFT_NULL,,,,,,

2020-02-02 19:47:53.479000+00:00,dr03,sg10,obt-collector1,58,1,76,17,0,0,1,1,Null interface,IFT_NULL,,,,,,

2020-02-02 19:48:04.505000+00:00,dr03,sg10,obt-collector1,58,1,76,17,0,0,1,1,Null interface,IFT_NULL,,,,,,

2020-02-02 19:48:15.602000+00:00,dr03,sg10,obt-collector1,58,1,76,17,0,0,1,1,Null interface,IFT_NULL,,,,,,

2020-02-02 19:48:26.650000+00:00,dr03,sg10,obt-collector1,58,1,76,17,0,0,1,1,Null interface,IFT_NULL,,,,,,

2020-02-02 19:48:37.718000+00:00,dr03,sg10,obt-collector1,58,1,76,17,0,0,1,1,Null interface,IFT_NULL,,,,,,

2020-02-02 19:48:48.748000+00:00,dr03,sg10,obt-collector1,58,1,76,17,0,0,1,1,Null interface,IFT_NULL,,,,,,

2020-02-02 19:48:59.789000+00:00,dr03,sg10,obt-collector1,58,1,76,17,0,0,1,1,Null interface,IFT_NULL,,,,,,

2020-02-02 19:49:10.837000+00:00,dr03,sg10,obt-collector1,58,1,76,17,0,0,1,1,Null interface,IFT_NULL,,,,,,

2020-02-02 19:49:21.906000+00:00,dr03,sg10,obt-collector1,58,1,76,17,0,0,1,1,Null interface,IFT_NULL,,,,,,

2020-02-02 19:49:32.972000+00:00,dr03,sg10,obt-collector1,58,1,76,17,0,0,1,1,Null interface,IFT_NULL,,,,,,

2020-02-02 19:49:44.095000+00:00,dr03,sg10,obt-collector1,58,1,76,17,0,0,1,1,Null interface,IFT_NULL,,,,,,

2020-02-02 19:49:55.140000+00:00,dr03,sg10,obt-collector1,58,1,76,17,0,0,1,1,Null interface,IFT_NULL,,,,,,

2020-02-02 19:50:06.231000+00:00,dr03,sg10,obt-collector1,58,1,76,17,0,0,1,1,Null interface,IFT_NULL,,,,,,

2020-02-02 19:50:17.318000+00:00,dr03,sg10,obt-collector1,58,1,76,17,0,0,1,1,Null interface,IFT_NULL,,,,,,

2020-02-02 19:50:28.379000+00:00,dr03,sg10,obt-collector1,58,1,76,17,0,0,1,1,Null interface,IFT_NULL,,,,,,

2020-02-02 19:50:39.443000+00:00,dr03,sg10,obt-collector1,58,1,76,17,0,0,1,1,Null interface,IFT_NULL,,,,,,

2020-02-02 19:50:50.455000+00:00,dr03,sg10,obt-collector1,58,1,76,17,0,0,1,1,Null interface,IFT_NULL,,,,,,

2020-02-02 19:51:01.532000+00:00,dr03,sg10,obt-collector1,58,1,76,17,0,0,1,1,Null interface,IFT_NULL,,,,,,

2020-02-02 19:51:12.555000+00:00,dr03,sg10,obt-collector1,58,1,76,17,0,0,1,1,Null interface,IFT_NULL,,,,,,

2020-02-02 19:51:23.662000+00:00,dr03,sg10,obt-collector1,58,1,76,17,0,0,1,1,Null interface,IFT_NULL,,,,,,

2020-02-02 19:51:34.722000+00:00,dr03,sg10,obt-collector1,58,1,76,17,0,0,1,1,Null interface,IFT_NULL,,,,,,

2020-02-02 19:51:45.842000+00:00,dr03,sg10,obt-collector1,58,1,76,17,0,0,1,1,Null interface,IFT_NULL,,,,,,

2020-02-02 19:51:56.895000+00:00,dr03,sg10,obt-collector1,58,1,76,17,0,0,1,1,Null interface,IFT_NULL,,,,,,

2020-02-02 19:52:07.961000+00:00,dr03,sg10,obt-collector1,58,1,76,17,0,0,1,1,Null interface,IFT_NULL,,,,,,

2020-02-02 19:52:18.994000+00:00,dr03,sg10,obt-collector1,58,1,76,17,0,0,1,1,Null interface,IFT_NULL,,,,,,

2020-02-02 19:52:30.082000+00:00,dr03,sg10,obt-collector1,58,1,76,17,0,0,1,1,Null interface,IFT_NULL,,,,,,

2020-02-02 19:52:41.143000+00:00,dr03,sg10,obt-collector1,58,1,76,17,0,0,1,1,Null interface,IFT_NULL,,,,,,

2020-02-02 19:52:52.308000+00:00,dr03,sg10,obt-collector1,58,1,76,17,0,0,1,1,Null interface,IFT_NULL,,,,,,

2020-02-02 19:53:03.402000+00:00,dr03,sg10,obt-collector1,58,1,76,17,0,0,1,1,Null interface,IFT_NULL,,,,,,

2020-02-02 19:53:14.543000+00:00,dr03,sg10,obt-collector1,58,1,76,17,0,0,1,1,Null interface,IFT_NULL,,,,,,

2020-02-02 19:53:25.720000+00:00,dr03,sg10,obt-collector1,58,1,76,17,0,0,1,1,Null interface,IFT_NULL,,,,,,

2020-02-02 19:53:36.894000+00:00,dr03,sg10,obt-collector1,58,1,76,17,0,0,1,1,Null interface,IFT_NULL,,,,,,

2020-02-02 19:53:48.017000+00:00,dr03,sg10,obt-collector1,58,1,76,17,0,0,1,1,Null interface,IFT_NULL,,,,,,

2020-02-02 19:53:59.124000+00:00,dr03,sg10,obt-collector1,58,1,76,17,0,0,1,1,Null interface,IFT_NULL,,,,,,

2020-02-02 19:54:10.201000+00:00,dr03,sg10,obt-collector1,58,1,76,17,0,0,1,1,Null interface,IFT_NULL,,,,,,

2020-02-02 19:54:21.231000+00:00,dr03,sg10,obt-collector1,58,1,76,17,0,0,1,1,Null interface,IFT_NULL,,,,,,

2020-02-02 19:54:32.316000+00:00,dr03,sg10,obt-collector1,58,1,76,17,0,0,1,1,Null interface,IFT_NULL,,,,,,

2020-02-02 19:54:43.355000+00:00,dr03,sg10,obt-collector1,58,1,76,17,0,0,1,1,Null interface,IFT_NULL,,,,,,

2020-02-02 19:54:54.411000+00:00,dr03,sg10,obt-collector1,58,1,76,17,0,0,1,1,Null interface,IFT_NULL,,,,,,

2020-02-02 19:55:05.463000+00:00,dr03,sg10,obt-collector1,58,1,76,17,0,0,1,1,Null interface,IFT_NULL,,,,,,

2020-02-02 19:55:16.530000+00:00,dr03,sg10,obt-collector1,58,1,76,17,0,0,1,1,Null interface,IFT_NULL,,,,,,

2020-02-02 19:55:27.573000+00:00,dr03,sg10,obt-collector1,58,1,76,17,0,0,1,1,Null interface,IFT_NULL,,,,,,

2020-02-02 19:55:38.693000+00:00,dr03,sg10,obt-collector1,58,1,76,17,0,0,1,1,Null interface,IFT_NULL,,,,,,

2020-02-02 19:55:49.755000+00:00,dr03,sg10,obt-collector1,58,1,76,17,0,0,1,1,Null interface,IFT_NULL,,,,,,

2020-02-02 19:56:00.858000+00:00,dr03,sg10,obt-collector1,58,1,76,17,0,0,1,1,Null interface,IFT_NULL,,,,,,

2020-02-02 19:56:11.927000+00:00,dr03,sg10,obt-collector1,58,1,76,17,0,0,1,1,Null interface,IFT_NULL,,,,,,

2020-02-02 19:56:23.001000+00:00,dr03,sg10,obt-collector1,58,1,76,17,0,0,1,1,Null interface,IFT_NULL,,,,,,

2020-02-02 19:56:34.037000+00:00,dr03,sg10,obt-collector1,58,1,76,17,0,0,1,1,Null interface,IFT_NULL,,,,,,

2020-02-02 19:56:45.086000+00:00,dr03,sg10,obt-collector1,58,1,76,17,0,0,1,1,Null interface,IFT_NULL,,,,,,

2020-02-02 19:56:56.140000+00:00,dr03,sg10,obt-collector1,58,1,76,17,0,0,1,1,Null interface,IFT_NULL,,,,,,

2020-02-02 19:57:07.182000+00:00,dr03,sg10,obt-collector1,58,1,76,17,0,0,1,1,Null interface,IFT_NULL,,,,,,

2020-02-02 19:57:18.261000+00:00,dr03,sg10,obt-collector1,58,1,76,17,0,0,1,1,Null interface,IFT_NULL,,,,,,

2020-02-02 19:57:29.311000+00:00,dr03,sg10,obt-collector1,58,1,76,17,0,0,1,1,Null interface,IFT_NULL,,,,,,

2020-02-02 19:57:40.378000+00:00,dr03,sg10,obt-collector1,58,1,76,17,0,0,1,1,Null interface,IFT_NULL,,,,,,

2020-02-02 19:57:51.481000+00:00,dr03,sg10,obt-collector1,58,1,76,17,0,0,1,1,Null interface,IFT_NULL,,,,,,

2020-02-02 19:58:02.555000+00:00,dr03,sg10,obt-collector1,58,1,76,17,0,0,1,1,Null interface,IFT_NULL,,,,,,

2020-02-02 19:58:13.591000+00:00,dr03,sg10,obt-collector1,58,1,76,17,0,0,1,1,Null interface,IFT_NULL,,,,,,

2020-02-02 19:58:24.670000+00:00,dr03,sg10,obt-collector1,58,1,76,17,0,0,1,1,Null interface,IFT_NULL,,,,,,

2020-02-02 19:58:35.711000+00:00,dr03,sg10,obt-collector1,58,1,76,17,0,0,1,1,Null interface,IFT_NULL,,,,,,

2020-02-02 19:58:46.782000+00:00,dr03,sg10,obt-collector1,58,1,76,17,0,0,1,1,Null interface,IFT_NULL,,,,,,

2020-02-02 19:58:57.834000+00:00,dr03,sg10,obt-collector1,58,1,76,17,0,0,1,1,Null interface,IFT_NULL,,,,,,

2020-02-02 19:59:08.957000+00:00,dr03,sg10,obt-collector1,58,1,76,17,0,0,1,1,Null interface,IFT_NULL,,,,,,

2020-02-02 19:59:20.048000+00:00,dr03,sg10,obt-collector1,58,1,76,17,0,0,1,1,Null interface,IFT_NULL,,,,,,

2020-02-02 19:59:31.214000+00:00,dr03,sg10,obt-collector1,58,1,76,17,0,0,1,1,Null interface,IFT_NULL,,,,,,

