,Producer,Target,host,node-name,protocol-name,sesa-num-client,sesa-pl-sum/sep-num-ecd-pathlist,sesa-pl-sum/sep-num-ecd-pl-per-interest/entry,sesa-pl-sum/sep-num-ecd-pl-unresolved

2020-02-06 19:40:51.459000+00:00,leaf5,sg4,obt-collector1,0/0/CPU0,ipv4,9,22,0,0

2020-02-06 19:40:51.460000+00:00,leaf5,sg4,obt-collector1,0/0/CPU0,ipv6,6,20,0,0

2020-02-06 19:40:51.462000+00:00,leaf5,sg4,obt-collector1,0/0/CPU0,mpls,0,0,0,0

2020-02-06 19:40:51.465000+00:00,leaf5,sg4,obt-collector1,0/RP0/CPU0,ipv4,10,0,0,0

2020-02-06 19:40:51.466000+00:00,leaf5,sg4,obt-collector1,0/RP0/CPU0,ipv6,2,0,0,0

2020-02-06 19:40:51.467000+00:00,leaf5,sg4,obt-collector1,0/RP0/CPU0,mpls,0,0,0,0

2020-02-06 19:41:13.565000+00:00,leaf5,sg4,obt-collector1,0/0/CPU0,ipv4,9,22,0,0

2020-02-06 19:41:13.566000+00:00,leaf5,sg4,obt-collector1,0/0/CPU0,ipv6,6,20,0,0

2020-02-06 19:41:13.567000+00:00,leaf5,sg4,obt-collector1,0/0/CPU0,mpls,0,0,0,0

2020-02-06 19:41:13.570000+00:00,leaf5,sg4,obt-collector1,0/RP0/CPU0,ipv4,10,0,0,0

2020-02-06 19:41:13.571000+00:00,leaf5,sg4,obt-collector1,0/RP0/CPU0,ipv6,2,0,0,0

2020-02-06 19:41:13.572000+00:00,leaf5,sg4,obt-collector1,0/RP0/CPU0,mpls,0,0,0,0

2020-02-06 19:41:20.958000+00:00,leaf5,sg4,obt-collector1,0/0/CPU0,ipv4,9,22,0,0

2020-02-06 19:41:20.960000+00:00,leaf5,sg4,obt-collector1,0/0/CPU0,ipv6,6,20,0,0

2020-02-06 19:41:20.961000+00:00,leaf5,sg4,obt-collector1,0/0/CPU0,mpls,0,0,0,0

2020-02-06 19:41:20.963000+00:00,leaf5,sg4,obt-collector1,0/RP0/CPU0,ipv4,10,0,0,0

2020-02-06 19:41:20.964000+00:00,leaf5,sg4,obt-collector1,0/RP0/CPU0,ipv6,2,0,0,0

2020-02-06 19:41:20.965000+00:00,leaf5,sg4,obt-collector1,0/RP0/CPU0,mpls,0,0,0,0

2020-02-06 19:41:24.458000+00:00,leaf5,sg4,obt-collector1,0/0/CPU0,ipv4,9,22,0,0

2020-02-06 19:41:24.459000+00:00,leaf5,sg4,obt-collector1,0/0/CPU0,ipv6,6,20,0,0

2020-02-06 19:41:24.460000+00:00,leaf5,sg4,obt-collector1,0/0/CPU0,mpls,0,0,0,0

2020-02-06 19:41:24.463000+00:00,leaf5,sg4,obt-collector1,0/RP0/CPU0,ipv4,10,0,0,0

2020-02-06 19:41:24.464000+00:00,leaf5,sg4,obt-collector1,0/RP0/CPU0,ipv6,2,0,0,0

2020-02-06 19:41:24.465000+00:00,leaf5,sg4,obt-collector1,0/RP0/CPU0,mpls,0,0,0,0

2020-02-06 19:42:08.027000+00:00,leaf5,sg4,obt-collector1,0/0/CPU0,ipv4,9,22,0,0

2020-02-06 19:42:08.028000+00:00,leaf5,sg4,obt-collector1,0/0/CPU0,ipv6,6,20,0,0

2020-02-06 19:42:08.029000+00:00,leaf5,sg4,obt-collector1,0/0/CPU0,mpls,0,0,0,0

2020-02-06 19:42:08.032000+00:00,leaf5,sg4,obt-collector1,0/RP0/CPU0,ipv4,10,0,0,0

2020-02-06 19:42:08.033000+00:00,leaf5,sg4,obt-collector1,0/RP0/CPU0,ipv6,2,0,0,0

2020-02-06 19:42:08.034000+00:00,leaf5,sg4,obt-collector1,0/RP0/CPU0,mpls,0,0,0,0

2020-02-06 19:42:11.607000+00:00,leaf5,sg4,obt-collector1,0/0/CPU0,ipv4,9,22,0,0

2020-02-06 19:42:11.608000+00:00,leaf5,sg4,obt-collector1,0/0/CPU0,ipv6,6,20,0,0

2020-02-06 19:42:11.609000+00:00,leaf5,sg4,obt-collector1,0/0/CPU0,mpls,0,0,0,0

2020-02-06 19:42:11.613000+00:00,leaf5,sg4,obt-collector1,0/RP0/CPU0,ipv4,10,0,0,0

2020-02-06 19:42:11.614000+00:00,leaf5,sg4,obt-collector1,0/RP0/CPU0,ipv6,2,0,0,0

2020-02-06 19:42:11.617000+00:00,leaf5,sg4,obt-collector1,0/RP0/CPU0,mpls,0,0,0,0

2020-02-06 19:42:22.303000+00:00,leaf5,sg4,obt-collector1,0/0/CPU0,ipv4,9,22,0,0

2020-02-06 19:42:22.304000+00:00,leaf5,sg4,obt-collector1,0/0/CPU0,ipv6,6,20,0,0

2020-02-06 19:42:22.305000+00:00,leaf5,sg4,obt-collector1,0/0/CPU0,mpls,0,0,0,0

2020-02-06 19:42:22.308000+00:00,leaf5,sg4,obt-collector1,0/RP0/CPU0,ipv4,10,0,0,0

2020-02-06 19:42:22.309000+00:00,leaf5,sg4,obt-collector1,0/RP0/CPU0,ipv6,2,0,0,0

2020-02-06 19:42:22.310000+00:00,leaf5,sg4,obt-collector1,0/RP0/CPU0,mpls,0,0,0,0

2020-02-06 19:42:40.228000+00:00,leaf5,sg4,obt-collector1,0/0/CPU0,ipv4,9,22,0,0

2020-02-06 19:42:40.229000+00:00,leaf5,sg4,obt-collector1,0/0/CPU0,ipv6,6,20,0,0

2020-02-06 19:42:40.230000+00:00,leaf5,sg4,obt-collector1,0/0/CPU0,mpls,0,0,0,0

2020-02-06 19:42:40.233000+00:00,leaf5,sg4,obt-collector1,0/RP0/CPU0,ipv4,10,0,0,0

2020-02-06 19:42:40.234000+00:00,leaf5,sg4,obt-collector1,0/RP0/CPU0,ipv6,2,0,0,0

2020-02-06 19:42:40.235000+00:00,leaf5,sg4,obt-collector1,0/RP0/CPU0,mpls,0,0,0,0

2020-02-06 19:42:43.748000+00:00,leaf5,sg4,obt-collector1,0/0/CPU0,ipv4,9,22,0,0

2020-02-06 19:42:43.749000+00:00,leaf5,sg4,obt-collector1,0/0/CPU0,ipv6,6,20,0,0

2020-02-06 19:42:43.750000+00:00,leaf5,sg4,obt-collector1,0/0/CPU0,mpls,0,0,0,0

2020-02-06 19:42:43.753000+00:00,leaf5,sg4,obt-collector1,0/RP0/CPU0,ipv4,10,0,0,0

2020-02-06 19:42:43.754000+00:00,leaf5,sg4,obt-collector1,0/RP0/CPU0,ipv6,2,0,0,0

2020-02-06 19:42:43.755000+00:00,leaf5,sg4,obt-collector1,0/RP0/CPU0,mpls,0,0,0,0

2020-02-06 19:42:50.877000+00:00,leaf5,sg4,obt-collector1,0/0/CPU0,ipv4,9,22,0,0

2020-02-06 19:42:50.878000+00:00,leaf5,sg4,obt-collector1,0/0/CPU0,ipv6,6,20,0,0

2020-02-06 19:42:50.879000+00:00,leaf5,sg4,obt-collector1,0/0/CPU0,mpls,0,0,0,0

2020-02-06 19:42:50.882000+00:00,leaf5,sg4,obt-collector1,0/RP0/CPU0,ipv4,10,0,0,0

2020-02-06 19:42:50.883000+00:00,leaf5,sg4,obt-collector1,0/RP0/CPU0,ipv6,2,0,0,0

2020-02-06 19:42:50.884000+00:00,leaf5,sg4,obt-collector1,0/RP0/CPU0,mpls,0,0,0,0

2020-02-06 19:43:13.218000+00:00,leaf5,sg4,obt-collector1,0/0/CPU0,ipv4,9,22,0,0

2020-02-06 19:43:13.220000+00:00,leaf5,sg4,obt-collector1,0/0/CPU0,ipv6,6,20,0,0

2020-02-06 19:43:13.221000+00:00,leaf5,sg4,obt-collector1,0/0/CPU0,mpls,0,0,0,0

2020-02-06 19:43:13.223000+00:00,leaf5,sg4,obt-collector1,0/RP0/CPU0,ipv4,10,0,0,0

2020-02-06 19:43:13.224000+00:00,leaf5,sg4,obt-collector1,0/RP0/CPU0,ipv6,2,0,0,0

2020-02-06 19:43:13.225000+00:00,leaf5,sg4,obt-collector1,0/RP0/CPU0,mpls,0,0,0,0

2020-02-06 19:43:23.969000+00:00,leaf5,sg4,obt-collector1,0/0/CPU0,ipv4,9,22,0,0

2020-02-06 19:43:23.971000+00:00,leaf5,sg4,obt-collector1,0/0/CPU0,ipv6,6,20,0,0

2020-02-06 19:43:23.972000+00:00,leaf5,sg4,obt-collector1,0/0/CPU0,mpls,0,0,0,0

2020-02-06 19:43:23.974000+00:00,leaf5,sg4,obt-collector1,0/RP0/CPU0,ipv4,10,0,0,0

2020-02-06 19:43:23.975000+00:00,leaf5,sg4,obt-collector1,0/RP0/CPU0,ipv6,2,0,0,0

2020-02-06 19:43:23.977000+00:00,leaf5,sg4,obt-collector1,0/RP0/CPU0,mpls,0,0,0,0

2020-02-06 19:43:41.780000+00:00,leaf5,sg4,obt-collector1,0/0/CPU0,ipv4,9,22,0,0

2020-02-06 19:43:41.781000+00:00,leaf5,sg4,obt-collector1,0/0/CPU0,ipv6,6,20,0,0

2020-02-06 19:43:41.782000+00:00,leaf5,sg4,obt-collector1,0/0/CPU0,mpls,0,0,0,0

2020-02-06 19:43:41.785000+00:00,leaf5,sg4,obt-collector1,0/RP0/CPU0,ipv4,10,0,0,0

2020-02-06 19:43:41.786000+00:00,leaf5,sg4,obt-collector1,0/RP0/CPU0,ipv6,2,0,0,0

2020-02-06 19:43:41.787000+00:00,leaf5,sg4,obt-collector1,0/RP0/CPU0,mpls,0,0,0,0

2020-02-06 19:43:52.515000+00:00,leaf5,sg4,obt-collector1,0/0/CPU0,ipv4,9,22,0,0

2020-02-06 19:43:52.516000+00:00,leaf5,sg4,obt-collector1,0/0/CPU0,ipv6,6,20,0,0

2020-02-06 19:43:52.517000+00:00,leaf5,sg4,obt-collector1,0/0/CPU0,mpls,0,0,0,0

2020-02-06 19:43:52.520000+00:00,leaf5,sg4,obt-collector1,0/RP0/CPU0,ipv4,10,0,0,0

2020-02-06 19:43:52.521000+00:00,leaf5,sg4,obt-collector1,0/RP0/CPU0,ipv6,2,0,0,0

2020-02-06 19:43:52.522000+00:00,leaf5,sg4,obt-collector1,0/RP0/CPU0,mpls,0,0,0,0

2020-02-06 19:44:11.047000+00:00,leaf5,sg4,obt-collector1,0/0/CPU0,ipv4,9,22,0,0

2020-02-06 19:44:11.048000+00:00,leaf5,sg4,obt-collector1,0/0/CPU0,ipv6,6,20,0,0

2020-02-06 19:44:11.049000+00:00,leaf5,sg4,obt-collector1,0/0/CPU0,mpls,0,0,0,0

2020-02-06 19:44:11.052000+00:00,leaf5,sg4,obt-collector1,0/RP0/CPU0,ipv4,10,0,0,0

2020-02-06 19:44:11.053000+00:00,leaf5,sg4,obt-collector1,0/RP0/CPU0,ipv6,2,0,0,0

2020-02-06 19:44:11.054000+00:00,leaf5,sg4,obt-collector1,0/RP0/CPU0,mpls,0,0,0,0

2020-02-06 19:44:14.597000+00:00,leaf5,sg4,obt-collector1,0/0/CPU0,ipv4,9,22,0,0

2020-02-06 19:44:14.598000+00:00,leaf5,sg4,obt-collector1,0/0/CPU0,ipv6,6,20,0,0

2020-02-06 19:44:14.599000+00:00,leaf5,sg4,obt-collector1,0/0/CPU0,mpls,0,0,0,0

2020-02-06 19:44:14.602000+00:00,leaf5,sg4,obt-collector1,0/RP0/CPU0,ipv4,10,0,0,0

2020-02-06 19:44:14.603000+00:00,leaf5,sg4,obt-collector1,0/RP0/CPU0,ipv6,2,0,0,0

2020-02-06 19:44:14.604000+00:00,leaf5,sg4,obt-collector1,0/RP0/CPU0,mpls,0,0,0,0

2020-02-06 19:44:25.522000+00:00,leaf5,sg4,obt-collector1,0/0/CPU0,ipv4,9,22,0,0

2020-02-06 19:44:25.524000+00:00,leaf5,sg4,obt-collector1,0/0/CPU0,ipv6,6,20,0,0

2020-02-06 19:44:25.525000+00:00,leaf5,sg4,obt-collector1,0/0/CPU0,mpls,0,0,0,0

2020-02-06 19:44:25.528000+00:00,leaf5,sg4,obt-collector1,0/RP0/CPU0,ipv4,10,0,0,0

2020-02-06 19:44:25.529000+00:00,leaf5,sg4,obt-collector1,0/RP0/CPU0,ipv6,2,0,0,0

2020-02-06 19:44:25.530000+00:00,leaf5,sg4,obt-collector1,0/RP0/CPU0,mpls,0,0,0,0

2020-02-06 19:44:39.866000+00:00,leaf5,sg4,obt-collector1,0/0/CPU0,ipv4,9,22,0,0

2020-02-06 19:44:39.867000+00:00,leaf5,sg4,obt-collector1,0/0/CPU0,ipv6,6,20,0,0

2020-02-06 19:44:39.873000+00:00,leaf5,sg4,obt-collector1,0/0/CPU0,mpls,0,0,0,0

2020-02-06 19:44:39.876000+00:00,leaf5,sg4,obt-collector1,0/RP0/CPU0,ipv4,10,0,0,0

2020-02-06 19:44:39.877000+00:00,leaf5,sg4,obt-collector1,0/RP0/CPU0,ipv6,2,0,0,0

2020-02-06 19:44:39.878000+00:00,leaf5,sg4,obt-collector1,0/RP0/CPU0,mpls,0,0,0,0

2020-02-06 19:44:43.410000+00:00,leaf5,sg4,obt-collector1,0/0/CPU0,ipv4,9,22,0,0

2020-02-06 19:44:43.412000+00:00,leaf5,sg4,obt-collector1,0/0/CPU0,ipv6,6,20,0,0

2020-02-06 19:44:43.413000+00:00,leaf5,sg4,obt-collector1,0/0/CPU0,mpls,0,0,0,0

2020-02-06 19:44:43.416000+00:00,leaf5,sg4,obt-collector1,0/RP0/CPU0,ipv4,10,0,0,0

2020-02-06 19:44:43.417000+00:00,leaf5,sg4,obt-collector1,0/RP0/CPU0,ipv6,2,0,0,0

2020-02-06 19:44:43.418000+00:00,leaf5,sg4,obt-collector1,0/RP0/CPU0,mpls,0,0,0,0

2020-02-06 19:44:57.864000+00:00,leaf5,sg4,obt-collector1,0/0/CPU0,ipv4,9,22,0,0

2020-02-06 19:44:57.865000+00:00,leaf5,sg4,obt-collector1,0/0/CPU0,ipv6,6,20,0,0

2020-02-06 19:44:57.866000+00:00,leaf5,sg4,obt-collector1,0/0/CPU0,mpls,0,0,0,0

2020-02-06 19:44:57.869000+00:00,leaf5,sg4,obt-collector1,0/RP0/CPU0,ipv4,10,0,0,0

2020-02-06 19:44:57.870000+00:00,leaf5,sg4,obt-collector1,0/RP0/CPU0,ipv6,2,0,0,0

2020-02-06 19:44:57.871000+00:00,leaf5,sg4,obt-collector1,0/RP0/CPU0,mpls,0,0,0,0

2020-02-06 19:45:30.796000+00:00,leaf5,sg4,obt-collector1,0/0/CPU0,ipv4,9,22,0,0

2020-02-06 19:45:30.797000+00:00,leaf5,sg4,obt-collector1,0/0/CPU0,ipv6,6,20,0,0

2020-02-06 19:45:30.798000+00:00,leaf5,sg4,obt-collector1,0/0/CPU0,mpls,0,0,0,0

2020-02-06 19:45:30.801000+00:00,leaf5,sg4,obt-collector1,0/RP0/CPU0,ipv4,10,0,0,0

2020-02-06 19:45:30.802000+00:00,leaf5,sg4,obt-collector1,0/RP0/CPU0,ipv6,2,0,0,0

2020-02-06 19:45:30.803000+00:00,leaf5,sg4,obt-collector1,0/RP0/CPU0,mpls,0,0,0,0

2020-02-06 19:46:25.061000+00:00,leaf5,sg4,obt-collector1,0/0/CPU0,ipv4,9,22,0,0

2020-02-06 19:46:25.062000+00:00,leaf5,sg4,obt-collector1,0/0/CPU0,ipv6,6,20,0,0

2020-02-06 19:46:25.063000+00:00,leaf5,sg4,obt-collector1,0/0/CPU0,mpls,0,0,0,0

2020-02-06 19:46:25.066000+00:00,leaf5,sg4,obt-collector1,0/RP0/CPU0,ipv4,10,0,0,0

2020-02-06 19:46:25.067000+00:00,leaf5,sg4,obt-collector1,0/RP0/CPU0,ipv6,2,0,0,0

2020-02-06 19:46:25.068000+00:00,leaf5,sg4,obt-collector1,0/RP0/CPU0,mpls,0,0,0,0

2020-02-06 19:46:39.229000+00:00,leaf5,sg4,obt-collector1,0/0/CPU0,ipv4,9,22,0,0

2020-02-06 19:46:39.230000+00:00,leaf5,sg4,obt-collector1,0/0/CPU0,ipv6,6,20,0,0

2020-02-06 19:46:39.231000+00:00,leaf5,sg4,obt-collector1,0/0/CPU0,mpls,0,0,0,0

2020-02-06 19:46:39.234000+00:00,leaf5,sg4,obt-collector1,0/RP0/CPU0,ipv4,10,0,0,0

2020-02-06 19:46:39.235000+00:00,leaf5,sg4,obt-collector1,0/RP0/CPU0,ipv6,2,0,0,0

2020-02-06 19:46:39.236000+00:00,leaf5,sg4,obt-collector1,0/RP0/CPU0,mpls,0,0,0,0

2020-02-06 19:46:46.390000+00:00,leaf5,sg4,obt-collector1,0/0/CPU0,ipv4,9,22,0,0

2020-02-06 19:46:46.391000+00:00,leaf5,sg4,obt-collector1,0/0/CPU0,ipv6,6,20,0,0

2020-02-06 19:46:46.392000+00:00,leaf5,sg4,obt-collector1,0/0/CPU0,mpls,0,0,0,0

2020-02-06 19:46:46.395000+00:00,leaf5,sg4,obt-collector1,0/RP0/CPU0,ipv4,10,0,0,0

2020-02-06 19:46:46.396000+00:00,leaf5,sg4,obt-collector1,0/RP0/CPU0,ipv6,2,0,0,0

2020-02-06 19:46:46.397000+00:00,leaf5,sg4,obt-collector1,0/RP0/CPU0,mpls,0,0,0,0

2020-02-06 19:47:40.513000+00:00,leaf5,sg4,obt-collector1,0/0/CPU0,ipv4,9,22,0,0

2020-02-06 19:47:40.514000+00:00,leaf5,sg4,obt-collector1,0/0/CPU0,ipv6,6,20,0,0

2020-02-06 19:47:40.516000+00:00,leaf5,sg4,obt-collector1,0/0/CPU0,mpls,0,0,0,0

2020-02-06 19:47:40.518000+00:00,leaf5,sg4,obt-collector1,0/RP0/CPU0,ipv4,10,0,0,0

2020-02-06 19:47:40.519000+00:00,leaf5,sg4,obt-collector1,0/RP0/CPU0,ipv6,2,0,0,0

2020-02-06 19:47:40.520000+00:00,leaf5,sg4,obt-collector1,0/RP0/CPU0,mpls,0,0,0,0

2020-02-06 19:48:13.450000+00:00,leaf5,sg4,obt-collector1,0/0/CPU0,ipv4,9,22,0,0

2020-02-06 19:48:13.452000+00:00,leaf5,sg4,obt-collector1,0/0/CPU0,ipv6,6,20,0,0

2020-02-06 19:48:13.453000+00:00,leaf5,sg4,obt-collector1,0/0/CPU0,mpls,0,0,0,0

2020-02-06 19:48:13.455000+00:00,leaf5,sg4,obt-collector1,0/RP0/CPU0,ipv4,10,0,0,0

2020-02-06 19:48:13.456000+00:00,leaf5,sg4,obt-collector1,0/RP0/CPU0,ipv6,2,0,0,0

2020-02-06 19:48:13.457000+00:00,leaf5,sg4,obt-collector1,0/RP0/CPU0,mpls,0,0,0,0

2020-02-06 19:48:24.127000+00:00,leaf5,sg4,obt-collector1,0/0/CPU0,ipv4,9,22,0,0

2020-02-06 19:48:24.128000+00:00,leaf5,sg4,obt-collector1,0/0/CPU0,ipv6,6,20,0,0

2020-02-06 19:48:24.129000+00:00,leaf5,sg4,obt-collector1,0/0/CPU0,mpls,0,0,0,0

2020-02-06 19:48:24.132000+00:00,leaf5,sg4,obt-collector1,0/RP0/CPU0,ipv4,10,0,0,0

2020-02-06 19:48:24.134000+00:00,leaf5,sg4,obt-collector1,0/RP0/CPU0,ipv6,2,0,0,0

2020-02-06 19:48:24.135000+00:00,leaf5,sg4,obt-collector1,0/RP0/CPU0,mpls,0,0,0,0

2020-02-06 19:49:10.918000+00:00,leaf5,sg4,obt-collector1,0/0/CPU0,ipv4,9,22,0,0

2020-02-06 19:49:10.919000+00:00,leaf5,sg4,obt-collector1,0/0/CPU0,ipv6,6,20,0,0

2020-02-06 19:49:10.921000+00:00,leaf5,sg4,obt-collector1,0/0/CPU0,mpls,0,0,0,0

2020-02-06 19:49:10.923000+00:00,leaf5,sg4,obt-collector1,0/RP0/CPU0,ipv4,10,0,0,0

2020-02-06 19:49:10.924000+00:00,leaf5,sg4,obt-collector1,0/RP0/CPU0,ipv6,2,0,0,0

2020-02-06 19:49:10.926000+00:00,leaf5,sg4,obt-collector1,0/RP0/CPU0,mpls,0,0,0,0

2020-02-06 19:49:25.764000+00:00,leaf5,sg4,obt-collector1,0/0/CPU0,ipv4,9,22,0,0

2020-02-06 19:49:25.765000+00:00,leaf5,sg4,obt-collector1,0/0/CPU0,ipv6,6,20,0,0

2020-02-06 19:49:25.767000+00:00,leaf5,sg4,obt-collector1,0/0/CPU0,mpls,0,0,0,0

2020-02-06 19:49:25.770000+00:00,leaf5,sg4,obt-collector1,0/RP0/CPU0,ipv4,10,0,0,0

2020-02-06 19:49:25.786000+00:00,leaf5,sg4,obt-collector1,0/RP0/CPU0,ipv6,2,0,0,0

2020-02-06 19:49:25.824000+00:00,leaf5,sg4,obt-collector1,0/RP0/CPU0,mpls,0,0,0,0

2020-02-06 19:50:05.461000+00:00,leaf5,sg4,obt-collector1,0/0/CPU0,ipv4,9,22,0,0

2020-02-06 19:50:05.462000+00:00,leaf5,sg4,obt-collector1,0/0/CPU0,ipv6,6,20,0,0

2020-02-06 19:50:05.463000+00:00,leaf5,sg4,obt-collector1,0/0/CPU0,mpls,0,0,0,0

2020-02-06 19:50:05.466000+00:00,leaf5,sg4,obt-collector1,0/RP0/CPU0,ipv4,10,0,0,0

2020-02-06 19:50:05.467000+00:00,leaf5,sg4,obt-collector1,0/RP0/CPU0,ipv6,2,0,0,0

2020-02-06 19:50:05.468000+00:00,leaf5,sg4,obt-collector1,0/RP0/CPU0,mpls,0,0,0,0

2020-02-06 19:50:27.587000+00:00,leaf5,sg4,obt-collector1,0/0/CPU0,ipv4,9,22,0,0

2020-02-06 19:50:27.588000+00:00,leaf5,sg4,obt-collector1,0/0/CPU0,ipv6,6,20,0,0

2020-02-06 19:50:27.589000+00:00,leaf5,sg4,obt-collector1,0/0/CPU0,mpls,0,0,0,0

2020-02-06 19:50:27.592000+00:00,leaf5,sg4,obt-collector1,0/RP0/CPU0,ipv4,10,0,0,0

2020-02-06 19:50:27.593000+00:00,leaf5,sg4,obt-collector1,0/RP0/CPU0,ipv6,2,0,0,0

2020-02-06 19:50:27.594000+00:00,leaf5,sg4,obt-collector1,0/RP0/CPU0,mpls,0,0,0,0

2020-02-06 19:50:31.095000+00:00,leaf5,sg4,obt-collector1,0/0/CPU0,ipv4,9,22,0,0

2020-02-06 19:50:31.096000+00:00,leaf5,sg4,obt-collector1,0/0/CPU0,ipv6,6,20,0,0

2020-02-06 19:50:31.097000+00:00,leaf5,sg4,obt-collector1,0/0/CPU0,mpls,0,0,0,0

2020-02-06 19:50:31.100000+00:00,leaf5,sg4,obt-collector1,0/RP0/CPU0,ipv4,10,0,0,0

2020-02-06 19:50:31.101000+00:00,leaf5,sg4,obt-collector1,0/RP0/CPU0,ipv6,2,0,0,0

2020-02-06 19:50:31.102000+00:00,leaf5,sg4,obt-collector1,0/RP0/CPU0,mpls,0,0,0,0

2020-02-06 19:50:34.660000+00:00,leaf5,sg4,obt-collector1,0/0/CPU0,ipv4,9,22,0,0

2020-02-06 19:50:34.661000+00:00,leaf5,sg4,obt-collector1,0/0/CPU0,ipv6,6,20,0,0

2020-02-06 19:50:34.662000+00:00,leaf5,sg4,obt-collector1,0/0/CPU0,mpls,0,0,0,0

2020-02-06 19:50:34.665000+00:00,leaf5,sg4,obt-collector1,0/RP0/CPU0,ipv4,10,0,0,0

2020-02-06 19:50:34.666000+00:00,leaf5,sg4,obt-collector1,0/RP0/CPU0,ipv6,2,0,0,0

2020-02-06 19:50:34.667000+00:00,leaf5,sg4,obt-collector1,0/RP0/CPU0,mpls,0,0,0,0

2020-02-06 19:51:06.770000+00:00,leaf5,sg4,obt-collector1,0/0/CPU0,ipv4,9,22,0,0

2020-02-06 19:51:06.772000+00:00,leaf5,sg4,obt-collector1,0/0/CPU0,ipv6,6,20,0,0

2020-02-06 19:51:06.773000+00:00,leaf5,sg4,obt-collector1,0/0/CPU0,mpls,0,0,0,0

2020-02-06 19:51:06.776000+00:00,leaf5,sg4,obt-collector1,0/RP0/CPU0,ipv4,10,0,0,0

2020-02-06 19:51:06.777000+00:00,leaf5,sg4,obt-collector1,0/RP0/CPU0,ipv6,2,0,0,0

2020-02-06 19:51:06.778000+00:00,leaf5,sg4,obt-collector1,0/RP0/CPU0,mpls,0,0,0,0

2020-02-06 19:51:10.337000+00:00,leaf5,sg4,obt-collector1,0/0/CPU0,ipv4,9,22,0,0

2020-02-06 19:51:10.338000+00:00,leaf5,sg4,obt-collector1,0/0/CPU0,ipv6,6,20,0,0

2020-02-06 19:51:10.339000+00:00,leaf5,sg4,obt-collector1,0/0/CPU0,mpls,0,0,0,0

2020-02-06 19:51:10.342000+00:00,leaf5,sg4,obt-collector1,0/RP0/CPU0,ipv4,10,0,0,0

2020-02-06 19:51:10.343000+00:00,leaf5,sg4,obt-collector1,0/RP0/CPU0,ipv6,2,0,0,0

2020-02-06 19:51:10.344000+00:00,leaf5,sg4,obt-collector1,0/RP0/CPU0,mpls,0,0,0,0

2020-02-06 19:51:21.488000+00:00,leaf5,sg4,obt-collector1,0/0/CPU0,ipv4,9,22,0,0

2020-02-06 19:51:21.489000+00:00,leaf5,sg4,obt-collector1,0/0/CPU0,ipv6,6,20,0,0

2020-02-06 19:51:21.490000+00:00,leaf5,sg4,obt-collector1,0/0/CPU0,mpls,0,0,0,0

2020-02-06 19:51:21.493000+00:00,leaf5,sg4,obt-collector1,0/RP0/CPU0,ipv4,10,0,0,0

2020-02-06 19:51:21.494000+00:00,leaf5,sg4,obt-collector1,0/RP0/CPU0,ipv6,2,0,0,0

2020-02-06 19:51:21.495000+00:00,leaf5,sg4,obt-collector1,0/RP0/CPU0,mpls,0,0,0,0

2020-02-06 19:51:25.030000+00:00,leaf5,sg4,obt-collector1,0/0/CPU0,ipv4,9,22,0,0

2020-02-06 19:51:25.031000+00:00,leaf5,sg4,obt-collector1,0/0/CPU0,ipv6,6,20,0,0

2020-02-06 19:51:25.032000+00:00,leaf5,sg4,obt-collector1,0/0/CPU0,mpls,0,0,0,0

2020-02-06 19:51:25.035000+00:00,leaf5,sg4,obt-collector1,0/RP0/CPU0,ipv4,10,0,0,0

2020-02-06 19:51:25.036000+00:00,leaf5,sg4,obt-collector1,0/RP0/CPU0,ipv6,2,0,0,0

2020-02-06 19:51:25.037000+00:00,leaf5,sg4,obt-collector1,0/RP0/CPU0,mpls,0,0,0,0

2020-02-06 19:51:53.689000+00:00,leaf5,sg4,obt-collector1,0/0/CPU0,ipv4,9,22,0,0

2020-02-06 19:51:53.690000+00:00,leaf5,sg4,obt-collector1,0/0/CPU0,ipv6,6,20,0,0

2020-02-06 19:51:53.691000+00:00,leaf5,sg4,obt-collector1,0/0/CPU0,mpls,0,0,0,0

2020-02-06 19:51:53.694000+00:00,leaf5,sg4,obt-collector1,0/RP0/CPU0,ipv4,10,0,0,0

2020-02-06 19:51:53.695000+00:00,leaf5,sg4,obt-collector1,0/RP0/CPU0,ipv6,2,0,0,0

2020-02-06 19:51:53.696000+00:00,leaf5,sg4,obt-collector1,0/RP0/CPU0,mpls,0,0,0,0

2020-02-06 19:52:11.552000+00:00,leaf5,sg4,obt-collector1,0/0/CPU0,ipv4,9,22,0,0

2020-02-06 19:52:11.553000+00:00,leaf5,sg4,obt-collector1,0/0/CPU0,ipv6,6,20,0,0

2020-02-06 19:52:11.554000+00:00,leaf5,sg4,obt-collector1,0/0/CPU0,mpls,0,0,0,0

2020-02-06 19:52:11.557000+00:00,leaf5,sg4,obt-collector1,0/RP0/CPU0,ipv4,10,0,0,0

2020-02-06 19:52:11.558000+00:00,leaf5,sg4,obt-collector1,0/RP0/CPU0,ipv6,2,0,0,0

2020-02-06 19:52:11.559000+00:00,leaf5,sg4,obt-collector1,0/RP0/CPU0,mpls,0,0,0,0

2020-02-06 19:52:37.497000+00:00,leaf5,sg4,obt-collector1,0/0/CPU0,ipv4,9,22,0,0

2020-02-06 19:52:37.498000+00:00,leaf5,sg4,obt-collector1,0/0/CPU0,ipv6,6,20,0,0

2020-02-06 19:52:37.500000+00:00,leaf5,sg4,obt-collector1,0/0/CPU0,mpls,0,0,0,0

2020-02-06 19:52:37.502000+00:00,leaf5,sg4,obt-collector1,0/RP0/CPU0,ipv4,10,0,0,0

2020-02-06 19:52:37.503000+00:00,leaf5,sg4,obt-collector1,0/RP0/CPU0,ipv6,2,0,0,0

2020-02-06 19:52:37.504000+00:00,leaf5,sg4,obt-collector1,0/RP0/CPU0,mpls,0,0,0,0

2020-02-06 19:52:58.847000+00:00,leaf5,sg4,obt-collector1,0/0/CPU0,ipv4,9,22,0,0

2020-02-06 19:52:58.848000+00:00,leaf5,sg4,obt-collector1,0/0/CPU0,ipv6,6,20,0,0

2020-02-06 19:52:58.850000+00:00,leaf5,sg4,obt-collector1,0/0/CPU0,mpls,0,0,0,0

2020-02-06 19:52:58.852000+00:00,leaf5,sg4,obt-collector1,0/RP0/CPU0,ipv4,10,0,0,0

2020-02-06 19:52:58.853000+00:00,leaf5,sg4,obt-collector1,0/RP0/CPU0,ipv6,2,0,0,0

2020-02-06 19:52:58.854000+00:00,leaf5,sg4,obt-collector1,0/RP0/CPU0,mpls,0,0,0,0

2020-02-06 19:53:42.308000+00:00,leaf5,sg4,obt-collector1,0/0/CPU0,ipv4,9,22,0,0

2020-02-06 19:53:42.309000+00:00,leaf5,sg4,obt-collector1,0/0/CPU0,ipv6,6,20,0,0

2020-02-06 19:53:42.311000+00:00,leaf5,sg4,obt-collector1,0/0/CPU0,mpls,0,0,0,0

2020-02-06 19:53:42.313000+00:00,leaf5,sg4,obt-collector1,0/RP0/CPU0,ipv4,10,0,0,0

2020-02-06 19:53:42.315000+00:00,leaf5,sg4,obt-collector1,0/RP0/CPU0,ipv6,2,0,0,0

2020-02-06 19:53:42.315000+00:00,leaf5,sg4,obt-collector1,0/RP0/CPU0,mpls,0,0,0,0

2020-02-06 19:53:49.476000+00:00,leaf5,sg4,obt-collector1,0/0/CPU0,ipv4,9,22,0,0

2020-02-06 19:53:49.477000+00:00,leaf5,sg4,obt-collector1,0/0/CPU0,ipv6,6,20,0,0

2020-02-06 19:53:49.478000+00:00,leaf5,sg4,obt-collector1,0/0/CPU0,mpls,0,0,0,0

2020-02-06 19:53:49.481000+00:00,leaf5,sg4,obt-collector1,0/RP0/CPU0,ipv4,10,0,0,0

2020-02-06 19:53:49.482000+00:00,leaf5,sg4,obt-collector1,0/RP0/CPU0,ipv6,2,0,0,0

2020-02-06 19:53:49.483000+00:00,leaf5,sg4,obt-collector1,0/RP0/CPU0,mpls,0,0,0,0

2020-02-06 19:54:14.386000+00:00,leaf5,sg4,obt-collector1,0/0/CPU0,ipv4,9,22,0,0

2020-02-06 19:54:14.388000+00:00,leaf5,sg4,obt-collector1,0/0/CPU0,ipv6,6,20,0,0

2020-02-06 19:54:14.389000+00:00,leaf5,sg4,obt-collector1,0/0/CPU0,mpls,0,0,0,0

2020-02-06 19:54:14.392000+00:00,leaf5,sg4,obt-collector1,0/RP0/CPU0,ipv4,10,0,0,0

2020-02-06 19:54:14.393000+00:00,leaf5,sg4,obt-collector1,0/RP0/CPU0,ipv6,2,0,0,0

2020-02-06 19:54:14.394000+00:00,leaf5,sg4,obt-collector1,0/RP0/CPU0,mpls,0,0,0,0

2020-02-06 19:54:29.798000+00:00,leaf5,sg4,obt-collector1,0/0/CPU0,ipv4,9,22,0,0

2020-02-06 19:54:29.800000+00:00,leaf5,sg4,obt-collector1,0/0/CPU0,ipv6,6,20,0,0

2020-02-06 19:54:29.801000+00:00,leaf5,sg4,obt-collector1,0/0/CPU0,mpls,0,0,0,0

2020-02-06 19:54:29.804000+00:00,leaf5,sg4,obt-collector1,0/RP0/CPU0,ipv4,10,0,0,0

2020-02-06 19:54:29.805000+00:00,leaf5,sg4,obt-collector1,0/RP0/CPU0,ipv6,2,0,0,0

2020-02-06 19:54:29.806000+00:00,leaf5,sg4,obt-collector1,0/RP0/CPU0,mpls,0,0,0,0

2020-02-06 19:54:36.858000+00:00,leaf5,sg4,obt-collector1,0/0/CPU0,ipv4,9,22,0,0

2020-02-06 19:54:36.859000+00:00,leaf5,sg4,obt-collector1,0/0/CPU0,ipv6,6,20,0,0

2020-02-06 19:54:36.861000+00:00,leaf5,sg4,obt-collector1,0/0/CPU0,mpls,0,0,0,0

2020-02-06 19:54:36.863000+00:00,leaf5,sg4,obt-collector1,0/RP0/CPU0,ipv4,10,0,0,0

2020-02-06 19:54:36.864000+00:00,leaf5,sg4,obt-collector1,0/RP0/CPU0,ipv6,2,0,0,0

2020-02-06 19:54:36.865000+00:00,leaf5,sg4,obt-collector1,0/RP0/CPU0,mpls,0,0,0,0

2020-02-06 19:54:51.117000+00:00,leaf5,sg4,obt-collector1,0/0/CPU0,ipv4,9,22,0,0

2020-02-06 19:54:51.118000+00:00,leaf5,sg4,obt-collector1,0/0/CPU0,ipv6,6,20,0,0

2020-02-06 19:54:51.119000+00:00,leaf5,sg4,obt-collector1,0/0/CPU0,mpls,0,0,0,0

2020-02-06 19:54:51.122000+00:00,leaf5,sg4,obt-collector1,0/RP0/CPU0,ipv4,10,0,0,0

2020-02-06 19:54:51.123000+00:00,leaf5,sg4,obt-collector1,0/RP0/CPU0,ipv6,2,0,0,0

2020-02-06 19:54:51.124000+00:00,leaf5,sg4,obt-collector1,0/RP0/CPU0,mpls,0,0,0,0

2020-02-06 19:55:05.419000+00:00,leaf5,sg4,obt-collector1,0/0/CPU0,ipv4,9,22,0,0

2020-02-06 19:55:05.421000+00:00,leaf5,sg4,obt-collector1,0/0/CPU0,ipv6,6,20,0,0

2020-02-06 19:55:05.422000+00:00,leaf5,sg4,obt-collector1,0/0/CPU0,mpls,0,0,0,0

2020-02-06 19:55:05.425000+00:00,leaf5,sg4,obt-collector1,0/RP0/CPU0,ipv4,10,0,0,0

2020-02-06 19:55:05.426000+00:00,leaf5,sg4,obt-collector1,0/RP0/CPU0,ipv6,2,0,0,0

2020-02-06 19:55:05.427000+00:00,leaf5,sg4,obt-collector1,0/RP0/CPU0,mpls,0,0,0,0

2020-02-06 19:55:24.052000+00:00,leaf5,sg4,obt-collector1,0/0/CPU0,ipv4,9,22,0,0

2020-02-06 19:55:24.053000+00:00,leaf5,sg4,obt-collector1,0/0/CPU0,ipv6,6,20,0,0

2020-02-06 19:55:24.055000+00:00,leaf5,sg4,obt-collector1,0/0/CPU0,mpls,0,0,0,0

2020-02-06 19:55:24.057000+00:00,leaf5,sg4,obt-collector1,0/RP0/CPU0,ipv4,10,0,0,0

2020-02-06 19:55:24.058000+00:00,leaf5,sg4,obt-collector1,0/RP0/CPU0,ipv6,2,0,0,0

2020-02-06 19:55:24.059000+00:00,leaf5,sg4,obt-collector1,0/RP0/CPU0,mpls,0,0,0,0

2020-02-06 19:55:49.444000+00:00,leaf5,sg4,obt-collector1,0/0/CPU0,ipv4,9,22,0,0

2020-02-06 19:55:49.445000+00:00,leaf5,sg4,obt-collector1,0/0/CPU0,ipv6,6,20,0,0

2020-02-06 19:55:49.447000+00:00,leaf5,sg4,obt-collector1,0/0/CPU0,mpls,0,0,0,0

2020-02-06 19:55:49.449000+00:00,leaf5,sg4,obt-collector1,0/RP0/CPU0,ipv4,10,0,0,0

2020-02-06 19:55:49.451000+00:00,leaf5,sg4,obt-collector1,0/RP0/CPU0,ipv6,2,0,0,0

2020-02-06 19:55:49.452000+00:00,leaf5,sg4,obt-collector1,0/RP0/CPU0,mpls,0,0,0,0

2020-02-06 19:56:14.397000+00:00,leaf5,sg4,obt-collector1,0/0/CPU0,ipv4,9,22,0,0

2020-02-06 19:56:14.398000+00:00,leaf5,sg4,obt-collector1,0/0/CPU0,ipv6,6,20,0,0

2020-02-06 19:56:14.399000+00:00,leaf5,sg4,obt-collector1,0/0/CPU0,mpls,0,0,0,0

2020-02-06 19:56:14.402000+00:00,leaf5,sg4,obt-collector1,0/RP0/CPU0,ipv4,10,0,0,0

2020-02-06 19:56:14.403000+00:00,leaf5,sg4,obt-collector1,0/RP0/CPU0,ipv6,2,0,0,0

2020-02-06 19:56:14.404000+00:00,leaf5,sg4,obt-collector1,0/RP0/CPU0,mpls,0,0,0,0

2020-02-06 19:56:17.927000+00:00,leaf5,sg4,obt-collector1,0/0/CPU0,ipv4,9,22,0,0

2020-02-06 19:56:17.928000+00:00,leaf5,sg4,obt-collector1,0/0/CPU0,ipv6,6,20,0,0

2020-02-06 19:56:17.929000+00:00,leaf5,sg4,obt-collector1,0/0/CPU0,mpls,0,0,0,0

2020-02-06 19:56:17.932000+00:00,leaf5,sg4,obt-collector1,0/RP0/CPU0,ipv4,10,0,0,0

2020-02-06 19:56:17.933000+00:00,leaf5,sg4,obt-collector1,0/RP0/CPU0,ipv6,2,0,0,0

2020-02-06 19:56:17.934000+00:00,leaf5,sg4,obt-collector1,0/RP0/CPU0,mpls,0,0,0,0

2020-02-06 19:56:25.575000+00:00,leaf5,sg4,obt-collector1,0/0/CPU0,ipv4,9,22,0,0

2020-02-06 19:56:25.576000+00:00,leaf5,sg4,obt-collector1,0/0/CPU0,ipv6,6,20,0,0

2020-02-06 19:56:25.577000+00:00,leaf5,sg4,obt-collector1,0/0/CPU0,mpls,0,0,0,0

2020-02-06 19:56:25.580000+00:00,leaf5,sg4,obt-collector1,0/RP0/CPU0,ipv4,10,0,0,0

2020-02-06 19:56:25.581000+00:00,leaf5,sg4,obt-collector1,0/RP0/CPU0,ipv6,2,0,0,0

2020-02-06 19:56:25.582000+00:00,leaf5,sg4,obt-collector1,0/RP0/CPU0,mpls,0,0,0,0

2020-02-06 19:57:05.286000+00:00,leaf5,sg4,obt-collector1,0/0/CPU0,ipv4,9,22,0,0

2020-02-06 19:57:05.288000+00:00,leaf5,sg4,obt-collector1,0/0/CPU0,ipv6,6,20,0,0

2020-02-06 19:57:05.289000+00:00,leaf5,sg4,obt-collector1,0/0/CPU0,mpls,0,0,0,0

2020-02-06 19:57:05.292000+00:00,leaf5,sg4,obt-collector1,0/RP0/CPU0,ipv4,10,0,0,0

2020-02-06 19:57:05.293000+00:00,leaf5,sg4,obt-collector1,0/RP0/CPU0,ipv6,2,0,0,0

2020-02-06 19:57:05.294000+00:00,leaf5,sg4,obt-collector1,0/RP0/CPU0,mpls,0,0,0,0

2020-02-06 19:57:27.087000+00:00,leaf5,sg4,obt-collector1,0/0/CPU0,ipv4,9,22,0,0

2020-02-06 19:57:27.088000+00:00,leaf5,sg4,obt-collector1,0/0/CPU0,ipv6,6,20,0,0

2020-02-06 19:57:27.090000+00:00,leaf5,sg4,obt-collector1,0/0/CPU0,mpls,0,0,0,0

2020-02-06 19:57:27.092000+00:00,leaf5,sg4,obt-collector1,0/RP0/CPU0,ipv4,10,0,0,0

2020-02-06 19:57:27.093000+00:00,leaf5,sg4,obt-collector1,0/RP0/CPU0,ipv6,2,0,0,0

2020-02-06 19:57:27.094000+00:00,leaf5,sg4,obt-collector1,0/RP0/CPU0,mpls,0,0,0,0

2020-02-06 19:57:30.615000+00:00,leaf5,sg4,obt-collector1,0/0/CPU0,ipv4,9,22,0,0

2020-02-06 19:57:30.616000+00:00,leaf5,sg4,obt-collector1,0/0/CPU0,ipv6,6,20,0,0

2020-02-06 19:57:30.617000+00:00,leaf5,sg4,obt-collector1,0/0/CPU0,mpls,0,0,0,0

2020-02-06 19:57:30.620000+00:00,leaf5,sg4,obt-collector1,0/RP0/CPU0,ipv4,10,0,0,0

2020-02-06 19:57:30.621000+00:00,leaf5,sg4,obt-collector1,0/RP0/CPU0,ipv6,2,0,0,0

2020-02-06 19:57:30.622000+00:00,leaf5,sg4,obt-collector1,0/RP0/CPU0,mpls,0,0,0,0

