,Producer,Target,common-info/count,host,node-name,total-counters/array-number-of-object/num-objects,total-counters/array-number-of-object/object-type,total-counters/array-number-of-retry/num-retries,total-counters/array-number-of-retry/retry-object-type,total-counters/num-retry-ojbects,total-counters/num-retry-timeouts

2020-02-06 19:40:51.623000+00:00,leaf5,sg4,0,obt-collector1,0/0/CPU0,0,DATA_TYPE_ENCAP_ID,0,,0,83

2020-02-06 19:40:51.624000+00:00,leaf5,sg4,0,obt-collector1,0/RP0/CPU0,0,DATA_TYPE_ENCAP_ID,0,,0,2536

2020-02-06 19:41:13.724000+00:00,leaf5,sg4,0,obt-collector1,0/0/CPU0,0,DATA_TYPE_ENCAP_ID,0,,0,83

2020-02-06 19:41:13.725000+00:00,leaf5,sg4,0,obt-collector1,0/RP0/CPU0,0,DATA_TYPE_ENCAP_ID,0,,0,2536

2020-02-06 19:41:21.121000+00:00,leaf5,sg4,0,obt-collector1,0/0/CPU0,0,DATA_TYPE_ENCAP_ID,0,,0,83

2020-02-06 19:41:21.122000+00:00,leaf5,sg4,0,obt-collector1,0/RP0/CPU0,0,DATA_TYPE_ENCAP_ID,0,,0,2536

2020-02-06 19:41:24.622000+00:00,leaf5,sg4,0,obt-collector1,0/0/CPU0,0,DATA_TYPE_ENCAP_ID,0,,0,83

2020-02-06 19:41:24.623000+00:00,leaf5,sg4,0,obt-collector1,0/RP0/CPU0,0,DATA_TYPE_ENCAP_ID,0,,0,2536

2020-02-06 19:42:08.188000+00:00,leaf5,sg4,0,obt-collector1,0/0/CPU0,0,DATA_TYPE_ENCAP_ID,0,,0,83

2020-02-06 19:42:08.189000+00:00,leaf5,sg4,0,obt-collector1,0/RP0/CPU0,0,DATA_TYPE_ENCAP_ID,0,,0,2536

2020-02-06 19:42:11.771000+00:00,leaf5,sg4,0,obt-collector1,0/0/CPU0,0,DATA_TYPE_ENCAP_ID,0,,0,83

2020-02-06 19:42:11.773000+00:00,leaf5,sg4,0,obt-collector1,0/RP0/CPU0,0,DATA_TYPE_ENCAP_ID,0,,0,2536

2020-02-06 19:42:15.302000+00:00,leaf5,sg4,0,obt-collector1,0/0/CPU0,0,DATA_TYPE_ENCAP_ID,0,,0,83

2020-02-06 19:42:15.304000+00:00,leaf5,sg4,0,obt-collector1,0/RP0/CPU0,0,DATA_TYPE_ENCAP_ID,0,,0,2536

2020-02-06 19:42:22.465000+00:00,leaf5,sg4,0,obt-collector1,0/0/CPU0,0,DATA_TYPE_ENCAP_ID,0,,0,83

2020-02-06 19:42:22.466000+00:00,leaf5,sg4,0,obt-collector1,0/RP0/CPU0,0,DATA_TYPE_ENCAP_ID,0,,0,2536

2020-02-06 19:42:36.785000+00:00,leaf5,sg4,0,obt-collector1,0/0/CPU0,0,DATA_TYPE_ENCAP_ID,0,,0,83

2020-02-06 19:42:36.786000+00:00,leaf5,sg4,0,obt-collector1,0/RP0/CPU0,0,DATA_TYPE_ENCAP_ID,0,,0,2536

2020-02-06 19:42:40.399000+00:00,leaf5,sg4,0,obt-collector1,0/0/CPU0,0,DATA_TYPE_ENCAP_ID,0,,0,83

2020-02-06 19:42:40.401000+00:00,leaf5,sg4,0,obt-collector1,0/RP0/CPU0,0,DATA_TYPE_ENCAP_ID,0,,0,2536

2020-02-06 19:42:43.909000+00:00,leaf5,sg4,0,obt-collector1,0/0/CPU0,0,DATA_TYPE_ENCAP_ID,0,,0,83

2020-02-06 19:42:43.910000+00:00,leaf5,sg4,0,obt-collector1,0/RP0/CPU0,0,DATA_TYPE_ENCAP_ID,0,,0,2536

2020-02-06 19:42:51.043000+00:00,leaf5,sg4,0,obt-collector1,0/0/CPU0,0,DATA_TYPE_ENCAP_ID,0,,0,83

2020-02-06 19:42:51.044000+00:00,leaf5,sg4,0,obt-collector1,0/RP0/CPU0,0,DATA_TYPE_ENCAP_ID,0,,0,2536

2020-02-06 19:42:58.268000+00:00,leaf5,sg4,0,obt-collector1,0/0/CPU0,0,DATA_TYPE_ENCAP_ID,0,,0,83

2020-02-06 19:42:58.270000+00:00,leaf5,sg4,0,obt-collector1,0/RP0/CPU0,0,DATA_TYPE_ENCAP_ID,0,,0,2536

2020-02-06 19:43:13.386000+00:00,leaf5,sg4,0,obt-collector1,0/0/CPU0,0,DATA_TYPE_ENCAP_ID,0,,0,83

2020-02-06 19:43:13.387000+00:00,leaf5,sg4,0,obt-collector1,0/RP0/CPU0,0,DATA_TYPE_ENCAP_ID,0,,0,2536

2020-02-06 19:43:16.941000+00:00,leaf5,sg4,0,obt-collector1,0/0/CPU0,0,DATA_TYPE_ENCAP_ID,0,,0,83

2020-02-06 19:43:16.943000+00:00,leaf5,sg4,0,obt-collector1,0/RP0/CPU0,0,DATA_TYPE_ENCAP_ID,0,,0,2536

2020-02-06 19:43:24.131000+00:00,leaf5,sg4,0,obt-collector1,0/0/CPU0,0,DATA_TYPE_ENCAP_ID,0,,0,83

2020-02-06 19:43:24.133000+00:00,leaf5,sg4,0,obt-collector1,0/RP0/CPU0,0,DATA_TYPE_ENCAP_ID,0,,0,2536

2020-02-06 19:43:34.888000+00:00,leaf5,sg4,0,obt-collector1,0/0/CPU0,0,DATA_TYPE_ENCAP_ID,0,,0,83

2020-02-06 19:43:34.890000+00:00,leaf5,sg4,0,obt-collector1,0/RP0/CPU0,0,DATA_TYPE_ENCAP_ID,0,,0,2536

2020-02-06 19:43:41.945000+00:00,leaf5,sg4,0,obt-collector1,0/0/CPU0,0,DATA_TYPE_ENCAP_ID,0,,0,83

2020-02-06 19:43:41.946000+00:00,leaf5,sg4,0,obt-collector1,0/RP0/CPU0,0,DATA_TYPE_ENCAP_ID,0,,0,2536

2020-02-06 19:43:49.135000+00:00,leaf5,sg4,0,obt-collector1,0/0/CPU0,0,DATA_TYPE_ENCAP_ID,0,,0,83

2020-02-06 19:43:49.136000+00:00,leaf5,sg4,0,obt-collector1,0/RP0/CPU0,0,DATA_TYPE_ENCAP_ID,0,,0,2536

2020-02-06 19:44:11.207000+00:00,leaf5,sg4,0,obt-collector1,0/0/CPU0,0,DATA_TYPE_ENCAP_ID,0,,0,83

2020-02-06 19:44:11.208000+00:00,leaf5,sg4,0,obt-collector1,0/RP0/CPU0,0,DATA_TYPE_ENCAP_ID,0,,0,2536

2020-02-06 19:44:14.757000+00:00,leaf5,sg4,0,obt-collector1,0/0/CPU0,0,DATA_TYPE_ENCAP_ID,0,,0,83

2020-02-06 19:44:14.758000+00:00,leaf5,sg4,0,obt-collector1,0/RP0/CPU0,0,DATA_TYPE_ENCAP_ID,0,,0,2536

2020-02-06 19:44:25.696000+00:00,leaf5,sg4,0,obt-collector1,0/0/CPU0,0,DATA_TYPE_ENCAP_ID,0,,0,83

2020-02-06 19:44:25.699000+00:00,leaf5,sg4,0,obt-collector1,0/RP0/CPU0,0,DATA_TYPE_ENCAP_ID,0,,0,2536

2020-02-06 19:44:40.040000+00:00,leaf5,sg4,0,obt-collector1,0/0/CPU0,0,DATA_TYPE_ENCAP_ID,0,,0,83

2020-02-06 19:44:40.041000+00:00,leaf5,sg4,0,obt-collector1,0/RP0/CPU0,0,DATA_TYPE_ENCAP_ID,0,,0,2536

2020-02-06 19:44:43.581000+00:00,leaf5,sg4,0,obt-collector1,0/0/CPU0,0,DATA_TYPE_ENCAP_ID,0,,0,83

2020-02-06 19:44:43.582000+00:00,leaf5,sg4,0,obt-collector1,0/RP0/CPU0,0,DATA_TYPE_ENCAP_ID,0,,0,2536

2020-02-06 19:44:58.028000+00:00,leaf5,sg4,0,obt-collector1,0/0/CPU0,0,DATA_TYPE_ENCAP_ID,0,,0,83

2020-02-06 19:44:58.030000+00:00,leaf5,sg4,0,obt-collector1,0/RP0/CPU0,0,DATA_TYPE_ENCAP_ID,0,,0,2536

2020-02-06 19:45:30.966000+00:00,leaf5,sg4,0,obt-collector1,0/0/CPU0,0,DATA_TYPE_ENCAP_ID,0,,0,83

2020-02-06 19:45:30.967000+00:00,leaf5,sg4,0,obt-collector1,0/RP0/CPU0,0,DATA_TYPE_ENCAP_ID,0,,0,2536

2020-02-06 19:45:49.094000+00:00,leaf5,sg4,0,obt-collector1,0/0/CPU0,0,DATA_TYPE_ENCAP_ID,0,,0,83

2020-02-06 19:45:49.096000+00:00,leaf5,sg4,0,obt-collector1,0/RP0/CPU0,0,DATA_TYPE_ENCAP_ID,0,,0,2536

2020-02-06 19:46:25.229000+00:00,leaf5,sg4,0,obt-collector1,0/0/CPU0,0,DATA_TYPE_ENCAP_ID,0,,0,83

2020-02-06 19:46:25.231000+00:00,leaf5,sg4,0,obt-collector1,0/RP0/CPU0,0,DATA_TYPE_ENCAP_ID,0,,0,2536

2020-02-06 19:46:39.398000+00:00,leaf5,sg4,0,obt-collector1,0/0/CPU0,0,DATA_TYPE_ENCAP_ID,0,,0,83

2020-02-06 19:46:39.399000+00:00,leaf5,sg4,0,obt-collector1,0/RP0/CPU0,0,DATA_TYPE_ENCAP_ID,0,,0,2536

2020-02-06 19:46:43.006000+00:00,leaf5,sg4,0,obt-collector1,0/0/CPU0,0,DATA_TYPE_ENCAP_ID,0,,0,83

2020-02-06 19:46:43.008000+00:00,leaf5,sg4,0,obt-collector1,0/RP0/CPU0,0,DATA_TYPE_ENCAP_ID,0,,0,2536

2020-02-06 19:46:46.593000+00:00,leaf5,sg4,0,obt-collector1,0/0/CPU0,0,DATA_TYPE_ENCAP_ID,0,,0,83

2020-02-06 19:46:46.594000+00:00,leaf5,sg4,0,obt-collector1,0/RP0/CPU0,0,DATA_TYPE_ENCAP_ID,0,,0,2536

2020-02-06 19:46:53.649000+00:00,leaf5,sg4,0,obt-collector1,0/0/CPU0,0,DATA_TYPE_ENCAP_ID,0,,0,83

2020-02-06 19:46:53.650000+00:00,leaf5,sg4,0,obt-collector1,0/RP0/CPU0,0,DATA_TYPE_ENCAP_ID,0,,0,2536

2020-02-06 19:47:26.273000+00:00,leaf5,sg4,0,obt-collector1,0/0/CPU0,0,DATA_TYPE_ENCAP_ID,0,,0,83

2020-02-06 19:47:26.274000+00:00,leaf5,sg4,0,obt-collector1,0/RP0/CPU0,0,DATA_TYPE_ENCAP_ID,0,,0,2536

2020-02-06 19:47:40.678000+00:00,leaf5,sg4,0,obt-collector1,0/0/CPU0,0,DATA_TYPE_ENCAP_ID,0,,0,83

2020-02-06 19:47:40.680000+00:00,leaf5,sg4,0,obt-collector1,0/RP0/CPU0,0,DATA_TYPE_ENCAP_ID,0,,0,2536

2020-02-06 19:48:13.603000+00:00,leaf5,sg4,0,obt-collector1,0/0/CPU0,0,DATA_TYPE_ENCAP_ID,0,,0,83

2020-02-06 19:48:13.604000+00:00,leaf5,sg4,0,obt-collector1,0/RP0/CPU0,0,DATA_TYPE_ENCAP_ID,0,,0,2536

2020-02-06 19:48:17.135000+00:00,leaf5,sg4,0,obt-collector1,0/0/CPU0,0,DATA_TYPE_ENCAP_ID,0,,0,83

2020-02-06 19:48:17.138000+00:00,leaf5,sg4,0,obt-collector1,0/RP0/CPU0,0,DATA_TYPE_ENCAP_ID,0,,0,2536

2020-02-06 19:48:45.883000+00:00,leaf5,sg4,0,obt-collector1,0/0/CPU0,0,DATA_TYPE_ENCAP_ID,0,,0,83

2020-02-06 19:48:45.884000+00:00,leaf5,sg4,0,obt-collector1,0/RP0/CPU0,0,DATA_TYPE_ENCAP_ID,0,,0,2536

2020-02-06 19:49:11.085000+00:00,leaf5,sg4,0,obt-collector1,0/0/CPU0,0,DATA_TYPE_ENCAP_ID,0,,0,83

2020-02-06 19:49:11.087000+00:00,leaf5,sg4,0,obt-collector1,0/RP0/CPU0,0,DATA_TYPE_ENCAP_ID,0,,0,2536

2020-02-06 19:49:22.153000+00:00,leaf5,sg4,0,obt-collector1,0/0/CPU0,0,DATA_TYPE_ENCAP_ID,0,,0,83

2020-02-06 19:49:22.155000+00:00,leaf5,sg4,0,obt-collector1,0/RP0/CPU0,0,DATA_TYPE_ENCAP_ID,0,,0,2536

2020-02-06 19:49:26.029000+00:00,leaf5,sg4,0,obt-collector1,0/0/CPU0,0,DATA_TYPE_ENCAP_ID,0,,0,83

2020-02-06 19:49:26.030000+00:00,leaf5,sg4,0,obt-collector1,0/RP0/CPU0,0,DATA_TYPE_ENCAP_ID,0,,0,2536

2020-02-06 19:49:58.407000+00:00,leaf5,sg4,0,obt-collector1,0/0/CPU0,0,DATA_TYPE_ENCAP_ID,0,,0,83

2020-02-06 19:49:58.409000+00:00,leaf5,sg4,0,obt-collector1,0/RP0/CPU0,0,DATA_TYPE_ENCAP_ID,0,,0,2536

2020-02-06 19:50:05.623000+00:00,leaf5,sg4,0,obt-collector1,0/0/CPU0,0,DATA_TYPE_ENCAP_ID,0,,0,83

2020-02-06 19:50:05.625000+00:00,leaf5,sg4,0,obt-collector1,0/RP0/CPU0,0,DATA_TYPE_ENCAP_ID,0,,0,2536

2020-02-06 19:50:27.743000+00:00,leaf5,sg4,0,obt-collector1,0/0/CPU0,0,DATA_TYPE_ENCAP_ID,0,,0,83

2020-02-06 19:50:27.744000+00:00,leaf5,sg4,0,obt-collector1,0/RP0/CPU0,0,DATA_TYPE_ENCAP_ID,0,,0,2536

2020-02-06 19:50:31.255000+00:00,leaf5,sg4,0,obt-collector1,0/0/CPU0,0,DATA_TYPE_ENCAP_ID,0,,0,83

2020-02-06 19:50:31.257000+00:00,leaf5,sg4,0,obt-collector1,0/RP0/CPU0,0,DATA_TYPE_ENCAP_ID,0,,0,2536

2020-02-06 19:50:34.833000+00:00,leaf5,sg4,0,obt-collector1,0/0/CPU0,0,DATA_TYPE_ENCAP_ID,0,,0,83

2020-02-06 19:50:34.834000+00:00,leaf5,sg4,0,obt-collector1,0/RP0/CPU0,0,DATA_TYPE_ENCAP_ID,0,,0,2536

2020-02-06 19:51:10.535000+00:00,leaf5,sg4,0,obt-collector1,0/0/CPU0,0,DATA_TYPE_ENCAP_ID,0,,0,83

2020-02-06 19:51:10.537000+00:00,leaf5,sg4,0,obt-collector1,0/RP0/CPU0,0,DATA_TYPE_ENCAP_ID,0,,0,2536

2020-02-06 19:51:18.140000+00:00,leaf5,sg4,0,obt-collector1,0/0/CPU0,0,DATA_TYPE_ENCAP_ID,0,,0,83

2020-02-06 19:51:18.141000+00:00,leaf5,sg4,0,obt-collector1,0/RP0/CPU0,0,DATA_TYPE_ENCAP_ID,0,,0,2536

2020-02-06 19:51:21.659000+00:00,leaf5,sg4,0,obt-collector1,0/0/CPU0,0,DATA_TYPE_ENCAP_ID,0,,0,83

2020-02-06 19:51:21.660000+00:00,leaf5,sg4,0,obt-collector1,0/RP0/CPU0,0,DATA_TYPE_ENCAP_ID,0,,0,2536

2020-02-06 19:51:25.190000+00:00,leaf5,sg4,0,obt-collector1,0/0/CPU0,0,DATA_TYPE_ENCAP_ID,0,,0,83

2020-02-06 19:51:25.191000+00:00,leaf5,sg4,0,obt-collector1,0/RP0/CPU0,0,DATA_TYPE_ENCAP_ID,0,,0,2536

2020-02-06 19:51:29.066000+00:00,leaf5,sg4,0,obt-collector1,0/0/CPU0,0,DATA_TYPE_ENCAP_ID,0,,0,83

2020-02-06 19:51:29.068000+00:00,leaf5,sg4,0,obt-collector1,0/RP0/CPU0,0,DATA_TYPE_ENCAP_ID,0,,0,2536

2020-02-06 19:51:43.227000+00:00,leaf5,sg4,0,obt-collector1,0/0/CPU0,0,DATA_TYPE_ENCAP_ID,0,,0,83

2020-02-06 19:51:43.228000+00:00,leaf5,sg4,0,obt-collector1,0/RP0/CPU0,0,DATA_TYPE_ENCAP_ID,0,,0,2536

2020-02-06 19:51:50.316000+00:00,leaf5,sg4,0,obt-collector1,0/0/CPU0,0,DATA_TYPE_ENCAP_ID,0,,0,83

2020-02-06 19:51:50.318000+00:00,leaf5,sg4,0,obt-collector1,0/RP0/CPU0,0,DATA_TYPE_ENCAP_ID,0,,0,2536

2020-02-06 19:51:53.846000+00:00,leaf5,sg4,0,obt-collector1,0/0/CPU0,0,DATA_TYPE_ENCAP_ID,0,,0,83

2020-02-06 19:51:53.847000+00:00,leaf5,sg4,0,obt-collector1,0/RP0/CPU0,0,DATA_TYPE_ENCAP_ID,0,,0,2536

2020-02-06 19:51:57.486000+00:00,leaf5,sg4,0,obt-collector1,0/0/CPU0,0,DATA_TYPE_ENCAP_ID,0,,0,83

2020-02-06 19:51:57.487000+00:00,leaf5,sg4,0,obt-collector1,0/RP0/CPU0,0,DATA_TYPE_ENCAP_ID,0,,0,2536

2020-02-06 19:52:11.709000+00:00,leaf5,sg4,0,obt-collector1,0/0/CPU0,0,DATA_TYPE_ENCAP_ID,0,,0,83

2020-02-06 19:52:11.710000+00:00,leaf5,sg4,0,obt-collector1,0/RP0/CPU0,0,DATA_TYPE_ENCAP_ID,0,,0,2536

2020-02-06 19:52:37.659000+00:00,leaf5,sg4,0,obt-collector1,0/0/CPU0,0,DATA_TYPE_ENCAP_ID,0,,0,83

2020-02-06 19:52:37.660000+00:00,leaf5,sg4,0,obt-collector1,0/RP0/CPU0,0,DATA_TYPE_ENCAP_ID,0,,0,2536

2020-02-06 19:52:59.005000+00:00,leaf5,sg4,0,obt-collector1,0/0/CPU0,0,DATA_TYPE_ENCAP_ID,0,,0,83

2020-02-06 19:52:59.007000+00:00,leaf5,sg4,0,obt-collector1,0/RP0/CPU0,0,DATA_TYPE_ENCAP_ID,0,,0,2536

2020-02-06 19:53:49.646000+00:00,leaf5,sg4,0,obt-collector1,0/0/CPU0,0,DATA_TYPE_ENCAP_ID,0,,0,83

2020-02-06 19:53:49.647000+00:00,leaf5,sg4,0,obt-collector1,0/RP0/CPU0,0,DATA_TYPE_ENCAP_ID,0,,0,2536

2020-02-06 19:54:14.543000+00:00,leaf5,sg4,0,obt-collector1,0/0/CPU0,0,DATA_TYPE_ENCAP_ID,0,,0,83

2020-02-06 19:54:14.545000+00:00,leaf5,sg4,0,obt-collector1,0/RP0/CPU0,0,DATA_TYPE_ENCAP_ID,0,,0,2536

2020-02-06 19:54:29.962000+00:00,leaf5,sg4,0,obt-collector1,0/0/CPU0,0,DATA_TYPE_ENCAP_ID,0,,0,83

2020-02-06 19:54:29.963000+00:00,leaf5,sg4,0,obt-collector1,0/RP0/CPU0,0,DATA_TYPE_ENCAP_ID,0,,0,2536

2020-02-06 19:54:33.465000+00:00,leaf5,sg4,0,obt-collector1,0/0/CPU0,0,DATA_TYPE_ENCAP_ID,0,,0,83

2020-02-06 19:54:33.466000+00:00,leaf5,sg4,0,obt-collector1,0/RP0/CPU0,0,DATA_TYPE_ENCAP_ID,0,,0,2536

2020-02-06 19:54:37.030000+00:00,leaf5,sg4,0,obt-collector1,0/0/CPU0,0,DATA_TYPE_ENCAP_ID,0,,0,83

2020-02-06 19:54:37.031000+00:00,leaf5,sg4,0,obt-collector1,0/RP0/CPU0,0,DATA_TYPE_ENCAP_ID,0,,0,2536

2020-02-06 19:54:40.593000+00:00,leaf5,sg4,0,obt-collector1,0/0/CPU0,0,DATA_TYPE_ENCAP_ID,0,,0,83

2020-02-06 19:54:40.594000+00:00,leaf5,sg4,0,obt-collector1,0/RP0/CPU0,0,DATA_TYPE_ENCAP_ID,0,,0,2536

2020-02-06 19:54:51.292000+00:00,leaf5,sg4,0,obt-collector1,0/0/CPU0,0,DATA_TYPE_ENCAP_ID,0,,0,83

2020-02-06 19:54:51.294000+00:00,leaf5,sg4,0,obt-collector1,0/RP0/CPU0,0,DATA_TYPE_ENCAP_ID,0,,0,2536

2020-02-06 19:55:05.581000+00:00,leaf5,sg4,0,obt-collector1,0/0/CPU0,0,DATA_TYPE_ENCAP_ID,0,,0,83

2020-02-06 19:55:05.583000+00:00,leaf5,sg4,0,obt-collector1,0/RP0/CPU0,0,DATA_TYPE_ENCAP_ID,0,,0,2536

2020-02-06 19:55:49.610000+00:00,leaf5,sg4,0,obt-collector1,0/0/CPU0,0,DATA_TYPE_ENCAP_ID,0,,0,83

2020-02-06 19:55:49.611000+00:00,leaf5,sg4,0,obt-collector1,0/RP0/CPU0,0,DATA_TYPE_ENCAP_ID,0,,0,2536

2020-02-06 19:56:00.272000+00:00,leaf5,sg4,0,obt-collector1,0/0/CPU0,0,DATA_TYPE_ENCAP_ID,0,,0,83

2020-02-06 19:56:00.274000+00:00,leaf5,sg4,0,obt-collector1,0/RP0/CPU0,0,DATA_TYPE_ENCAP_ID,0,,0,2536

2020-02-06 19:56:03.892000+00:00,leaf5,sg4,0,obt-collector1,0/0/CPU0,0,DATA_TYPE_ENCAP_ID,0,,0,83

2020-02-06 19:56:03.894000+00:00,leaf5,sg4,0,obt-collector1,0/RP0/CPU0,0,DATA_TYPE_ENCAP_ID,0,,0,2536

2020-02-06 19:56:07.445000+00:00,leaf5,sg4,0,obt-collector1,0/0/CPU0,0,DATA_TYPE_ENCAP_ID,0,,0,83

2020-02-06 19:56:07.446000+00:00,leaf5,sg4,0,obt-collector1,0/RP0/CPU0,0,DATA_TYPE_ENCAP_ID,0,,0,2536

2020-02-06 19:56:14.557000+00:00,leaf5,sg4,0,obt-collector1,0/0/CPU0,0,DATA_TYPE_ENCAP_ID,0,,0,83

2020-02-06 19:56:14.559000+00:00,leaf5,sg4,0,obt-collector1,0/RP0/CPU0,0,DATA_TYPE_ENCAP_ID,0,,0,2536

2020-02-06 19:56:18.089000+00:00,leaf5,sg4,0,obt-collector1,0/0/CPU0,0,DATA_TYPE_ENCAP_ID,0,,0,83

2020-02-06 19:56:18.091000+00:00,leaf5,sg4,0,obt-collector1,0/RP0/CPU0,0,DATA_TYPE_ENCAP_ID,0,,0,2536

2020-02-06 19:56:25.734000+00:00,leaf5,sg4,0,obt-collector1,0/0/CPU0,0,DATA_TYPE_ENCAP_ID,0,,0,83

2020-02-06 19:56:25.735000+00:00,leaf5,sg4,0,obt-collector1,0/RP0/CPU0,0,DATA_TYPE_ENCAP_ID,0,,0,2536

2020-02-06 19:57:05.447000+00:00,leaf5,sg4,0,obt-collector1,0/0/CPU0,0,DATA_TYPE_ENCAP_ID,0,,0,83

2020-02-06 19:57:05.449000+00:00,leaf5,sg4,0,obt-collector1,0/RP0/CPU0,0,DATA_TYPE_ENCAP_ID,0,,0,2536

2020-02-06 19:57:27.241000+00:00,leaf5,sg4,0,obt-collector1,0/0/CPU0,0,DATA_TYPE_ENCAP_ID,0,,0,83

2020-02-06 19:57:27.246000+00:00,leaf5,sg4,0,obt-collector1,0/RP0/CPU0,0,DATA_TYPE_ENCAP_ID,0,,0,2536

2020-02-06 19:57:30.786000+00:00,leaf5,sg4,0,obt-collector1,0/0/CPU0,0,DATA_TYPE_ENCAP_ID,0,,0,83

2020-02-06 19:57:30.787000+00:00,leaf5,sg4,0,obt-collector1,0/RP0/CPU0,0,DATA_TYPE_ENCAP_ID,0,,0,2536

