,Producer,Target,host,interface-counts/admin-down-interface-count,interface-counts/down-interface-count,interface-counts/interface-count,interface-counts/up-interface-count,interface-type-list/interface-counts/admin-down-interface-count,interface-type-list/interface-counts/down-interface-count,interface-type-list/interface-counts/interface-count,interface-type-list/interface-counts/up-interface-count,interface-type-list/interface-type-description,interface-type-list/interface-type-name,interface-type/interface-counts/admin-down-interface-count,interface-type/interface-counts/down-interface-count,interface-type/interface-counts/interface-count,interface-type/interface-counts/up-interface-count,interface-type/interface-type-description,interface-type/interface-type-name

2020-02-06 19:32:07.699000+00:00,leaf5,sg10,obt-collector1,3,11,38,24,,,,,,,0,0,1,1,Null interface,IFT_NULL

2020-02-06 19:32:18.366000+00:00,leaf5,sg10,obt-collector1,3,11,38,24,,,,,,,0,0,1,1,Null interface,IFT_NULL

2020-02-06 19:32:29.208000+00:00,leaf5,sg10,obt-collector1,3,11,38,24,,,,,,,0,0,1,1,Null interface,IFT_NULL

2020-02-06 19:33:09.252000+00:00,leaf5,sg10,obt-collector1,3,11,38,24,,,,,,,0,0,1,1,Null interface,IFT_NULL

2020-02-06 19:33:12.771000+00:00,leaf5,sg10,obt-collector1,3,11,38,24,,,,,,,0,0,1,1,Null interface,IFT_NULL

2020-02-06 19:33:27.010000+00:00,leaf5,sg10,obt-collector1,3,11,38,24,,,,,,,0,0,1,1,Null interface,IFT_NULL

2020-02-06 19:33:48.380000+00:00,leaf5,sg10,obt-collector1,3,11,38,24,,,,,,,0,0,1,1,Null interface,IFT_NULL

2020-02-06 19:33:56.474000+00:00,leaf5,sg10,obt-collector1,3,11,38,24,,,,,,,0,0,1,1,Null interface,IFT_NULL

2020-02-06 19:34:07.294000+00:00,leaf5,sg10,obt-collector1,3,11,38,24,,,,,,,0,0,1,1,Null interface,IFT_NULL

2020-02-06 19:34:14.742000+00:00,leaf5,sg10,obt-collector1,3,11,38,24,,,,,,,0,0,1,1,Null interface,IFT_NULL

2020-02-06 19:34:18.269000+00:00,leaf5,sg10,obt-collector1,3,11,38,24,,,,,,,0,0,1,1,Null interface,IFT_NULL

2020-02-06 19:34:46.863000+00:00,leaf5,sg10,obt-collector1,3,11,38,24,,,,,,,0,0,1,1,Null interface,IFT_NULL

2020-02-06 19:34:50.382000+00:00,leaf5,sg10,obt-collector1,3,11,38,24,,,,,,,0,0,1,1,Null interface,IFT_NULL

2020-02-06 19:34:54.464000+00:00,leaf5,sg10,obt-collector1,3,11,38,24,,,,,,,0,0,1,1,Null interface,IFT_NULL

2020-02-06 19:34:58.020000+00:00,leaf5,sg10,obt-collector1,3,11,38,24,,,,,,,0,0,1,1,Null interface,IFT_NULL

2020-02-06 19:35:08.904000+00:00,leaf5,sg10,obt-collector1,3,11,38,24,,,,,,,0,0,1,1,Null interface,IFT_NULL

2020-02-06 19:35:27.029000+00:00,leaf5,sg10,obt-collector1,3,11,38,24,,,,,,,0,0,1,1,Null interface,IFT_NULL

2020-02-06 19:35:34.306000+00:00,leaf5,sg10,obt-collector1,3,11,38,24,,,,,,,0,0,1,1,Null interface,IFT_NULL

2020-02-06 19:35:41.498000+00:00,leaf5,sg10,obt-collector1,3,11,38,24,,,,,,,0,0,1,1,Null interface,IFT_NULL

2020-02-06 19:35:45.037000+00:00,leaf5,sg10,obt-collector1,3,11,38,24,,,,,,,0,0,1,1,Null interface,IFT_NULL

2020-02-06 19:35:52.135000+00:00,leaf5,sg10,obt-collector1,3,11,38,24,,,,,,,0,0,1,1,Null interface,IFT_NULL

2020-02-06 19:35:56.093000+00:00,leaf5,sg10,obt-collector1,3,11,38,24,,,,,,,0,0,1,1,Null interface,IFT_NULL

2020-02-06 19:36:14.009000+00:00,leaf5,sg10,obt-collector1,3,11,38,24,,,,,,,0,0,1,1,Null interface,IFT_NULL

2020-02-06 19:36:21.459000+00:00,leaf5,sg10,obt-collector1,3,11,38,24,,,,,,,0,0,1,1,Null interface,IFT_NULL

2020-02-06 19:36:25.029000+00:00,leaf5,sg10,obt-collector1,3,11,38,24,,,,,,,0,0,1,1,Null interface,IFT_NULL

2020-02-06 19:36:36.599000+00:00,leaf5,sg10,obt-collector1,3,11,38,24,,,,,,,0,0,1,1,Null interface,IFT_NULL

2020-02-06 19:36:43.681000+00:00,leaf5,sg10,obt-collector1,3,11,38,24,,,,,,,0,0,1,1,Null interface,IFT_NULL

2020-02-06 19:37:26.922000+00:00,leaf5,sg10,obt-collector1,3,11,38,24,,,,,,,0,0,1,1,Null interface,IFT_NULL

2020-02-06 19:37:30.612000+00:00,leaf5,sg10,obt-collector1,3,11,38,24,,,,,,,0,0,1,1,Null interface,IFT_NULL

2020-02-06 19:38:17.081000+00:00,leaf5,sg10,obt-collector1,3,11,38,24,,,,,,,0,0,1,1,Null interface,IFT_NULL

2020-02-06 19:38:38.826000+00:00,leaf5,sg10,obt-collector1,3,11,38,24,,,,,,,0,0,1,1,Null interface,IFT_NULL

2020-02-06 19:39:00.750000+00:00,leaf5,sg10,obt-collector1,3,11,38,24,,,,,,,0,0,1,1,Null interface,IFT_NULL

2020-02-06 19:39:14.947000+00:00,leaf5,sg10,obt-collector1,3,11,38,24,,,,,,,0,0,1,1,Null interface,IFT_NULL

2020-02-06 19:39:40.095000+00:00,leaf5,sg10,obt-collector1,3,11,38,24,,,,,,,0,0,1,1,Null interface,IFT_NULL

2020-02-06 19:39:43.636000+00:00,leaf5,sg10,obt-collector1,3,11,38,24,,,,,,,0,0,1,1,Null interface,IFT_NULL

2020-02-06 19:39:50.920000+00:00,leaf5,sg10,obt-collector1,3,11,38,24,,,,,,,0,0,1,1,Null interface,IFT_NULL

2020-02-06 19:40:01.983000+00:00,leaf5,sg10,obt-collector1,3,11,38,24,,,,,,,0,0,1,1,Null interface,IFT_NULL

2020-02-06 19:40:05.535000+00:00,leaf5,sg10,obt-collector1,3,11,38,24,,,,,,,0,0,1,1,Null interface,IFT_NULL

2020-02-06 19:40:16.251000+00:00,leaf5,sg10,obt-collector1,3,11,38,24,,,,,,,0,0,1,1,Null interface,IFT_NULL

2020-02-06 19:40:23.501000+00:00,leaf5,sg10,obt-collector1,3,11,38,24,,,,,,,0,0,1,1,Null interface,IFT_NULL

2020-02-06 19:40:27.049000+00:00,leaf5,sg10,obt-collector1,3,11,38,24,,,,,,,0,0,1,1,Null interface,IFT_NULL

2020-02-06 19:40:48.537000+00:00,leaf5,sg10,obt-collector1,3,11,38,24,,,,,,,0,0,1,1,Null interface,IFT_NULL

2020-02-06 19:41:03.438000+00:00,leaf5,sg10,obt-collector1,3,11,38,24,,,,,,,0,0,1,1,Null interface,IFT_NULL

2020-02-06 19:41:07.069000+00:00,leaf5,sg10,obt-collector1,3,11,38,24,,,,,,,0,0,1,1,Null interface,IFT_NULL

2020-02-06 19:41:14.173000+00:00,leaf5,sg10,obt-collector1,3,11,38,24,,,,,,,0,0,1,1,Null interface,IFT_NULL

2020-02-06 19:41:35.769000+00:00,leaf5,sg10,obt-collector1,3,11,38,24,,,,,,,0,0,1,1,Null interface,IFT_NULL

2020-02-06 19:41:42.841000+00:00,leaf5,sg10,obt-collector1,3,11,38,24,,,,,,,0,0,1,1,Null interface,IFT_NULL

2020-02-06 19:41:57.184000+00:00,leaf5,sg10,obt-collector1,3,11,38,24,,,,,,,0,0,1,1,Null interface,IFT_NULL

2020-02-06 19:42:37.237000+00:00,leaf5,sg10,obt-collector1,3,11,38,24,,,,,,,0,0,1,1,Null interface,IFT_NULL

2020-02-06 19:42:40.821000+00:00,leaf5,sg10,obt-collector1,3,11,38,24,,,,,,,0,0,1,1,Null interface,IFT_NULL

2020-02-06 19:42:44.363000+00:00,leaf5,sg10,obt-collector1,3,11,38,24,,,,,,,0,0,1,1,Null interface,IFT_NULL

2020-02-06 19:42:47.915000+00:00,leaf5,sg10,obt-collector1,3,11,38,24,,,,,,,0,0,1,1,Null interface,IFT_NULL

2020-02-06 19:42:55.166000+00:00,leaf5,sg10,obt-collector1,3,11,38,24,,,,,,,0,0,1,1,Null interface,IFT_NULL

2020-02-06 19:43:02.260000+00:00,leaf5,sg10,obt-collector1,3,11,38,24,,,,,,,0,0,1,1,Null interface,IFT_NULL

2020-02-06 19:43:49.581000+00:00,leaf5,sg10,obt-collector1,3,11,38,24,,,,,,,0,0,1,1,Null interface,IFT_NULL

2020-02-06 19:43:53.316000+00:00,leaf5,sg10,obt-collector1,3,11,38,24,,,,,,,0,0,1,1,Null interface,IFT_NULL

2020-02-06 19:43:56.863000+00:00,leaf5,sg10,obt-collector1,3,11,38,24,,,,,,,0,0,1,1,Null interface,IFT_NULL

2020-02-06 19:44:00.410000+00:00,leaf5,sg10,obt-collector1,3,11,38,24,,,,,,,0,0,1,1,Null interface,IFT_NULL

2020-02-06 19:44:18.819000+00:00,leaf5,sg10,obt-collector1,3,11,38,24,,,,,,,0,0,1,1,Null interface,IFT_NULL

2020-02-06 19:44:26.290000+00:00,leaf5,sg10,obt-collector1,3,11,38,24,,,,,,,0,0,1,1,Null interface,IFT_NULL

2020-02-06 19:44:47.639000+00:00,leaf5,sg10,obt-collector1,3,11,38,24,,,,,,,0,0,1,1,Null interface,IFT_NULL

2020-02-06 19:44:54.931000+00:00,leaf5,sg10,obt-collector1,3,11,38,24,,,,,,,0,0,1,1,Null interface,IFT_NULL

2020-02-06 19:45:13.304000+00:00,leaf5,sg10,obt-collector1,3,11,38,24,,,,,,,0,0,1,1,Null interface,IFT_NULL

