,Producer,Target,host,icmp/checksum-error-messages,icmp/output-messages,icmp/received-echo-reply-messages,icmp/received-echo-request-messages,icmp/received-hop-count-expired-messages,icmp/received-parameter-error-messages,icmp/received-parameter-header-messages,icmp/received-parameter-option-messages,icmp/received-parameter-unknown-type-messages,icmp/received-reassembly-timeouts,icmp/received-too-big-messages,icmp/received-unknown-timeout-messages,icmp/received-unreachable-address-messages,icmp/received-unreachable-admin-messages,icmp/received-unreachable-neighbor-messages,icmp/received-unreachable-port-messages,icmp/received-unreachable-routing-messages,icmp/received-unreachable-unknown-type-messages,icmp/sent-echo-reply-messages,icmp/sent-echo-request-messages,icmp/sent-hop-count-expired-messages,icmp/sent-parameter-error-messages,icmp/sent-parameter-header-messages,icmp/sent-parameter-option-messages,icmp/sent-parameter-unknown-type-messages,icmp/sent-rate-limited-packets,icmp/sent-reassembly-timeouts,icmp/sent-too-big-messages,icmp/sent-unknown-timeout-messages,icmp/sent-unreachable-address-messages,icmp/sent-unreachable-admin-messages,icmp/sent-unreachable-neighbor-messages,icmp/sent-unreachable-port-messages,icmp/sent-unreachable-routing-messages,icmp/sent-unreachable-unknown-type-messages,icmp/too-short-error-messages,icmp/total-messages,icmp/unknown-error-type-messages,ipv6-node-discovery/received-neighbor-advertisement-messages,ipv6-node-discovery/received-neighbor-solicitation-messages,ipv6-node-discovery/received-redirect-messages,ipv6-node-discovery/received-router-advertisement-messages,ipv6-node-discovery/received-router-solicitation-messages,ipv6-node-discovery/sent-neighbor-advertisement-messages,ipv6-node-discovery/sent-neighbor-solicitation-messages,ipv6-node-discovery/sent-redirect-messages,ipv6-node-discovery/sent-router-advertisement-messages,ipv6-node-discovery/sent-router-solicitation-messages,ipv6/bad-header-packets,ipv6/bad-source-address-packets,ipv6/format-errors,ipv6/forwarded-packets,ipv6/fragment-count,ipv6/fragment-failures,ipv6/fragmented-packets,ipv6/fragments,ipv6/generated-packets,ipv6/hop-count-exceeded-packets,ipv6/io-puntback,ipv6/lisp-decap-errors,ipv6/lisp-encap-errors,ipv6/lisp-v4-decap-packets,ipv6/lisp-v4-encap-packets,ipv6/lisp-v6-decap-packets,ipv6/lisp-v6-encap-packets,ipv6/local-destination-packets,ipv6/miscellaneous-drops,ipv6/no-route-packets,ipv6/reassembled-packets,ipv6/reassembly-failures,ipv6/reassembly-maximum-drops,ipv6/reassembly-timeouts,ipv6/received-multicast-packets,ipv6/sent-multicast-packets,ipv6/source-routed-packets,ipv6/too-big-packets,ipv6/total-packets,ipv6/truncated-packets,ipv6/unknown-option-type-packets,ipv6/unknown-protocol-packets,node-name

2020-02-06 19:32:08.881000+00:00,leaf5,sg2,obt-collector1,0,193,0,0,0,0,0,0,0,0,0,0,0,0,0,0,0,0,0,0,91,0,0,0,0,40,0,0,0,0,0,0,98,4,0,0,94,0,67266,61399,0,31915,1,61420,67258,0,35511,0,30,128,0,98,0,0,0,0,164452,0,0,0,0,0,0,0,0,154,0,38,0,0,0,0,32251,0,0,0,508079,0,152,0,0/0/CPU0

2020-02-06 19:32:08.883000+00:00,leaf5,sg2,obt-collector1,0,355,0,0,0,0,0,0,0,0,0,0,432,0,0,0,0,0,0,0,0,0,0,0,0,1089,0,0,0,0,0,0,0,355,0,0,432,0,0,0,0,0,0,0,0,0,0,0,0,0,0,0,0,0,0,0,31660100,0,0,0,0,0,0,0,0,432,0,904,0,0,0,0,0,0,0,0,29326008,0,0,0,0/RP0/CPU0

2020-02-06 19:32:12.422000+00:00,leaf5,sg2,obt-collector1,0,193,0,0,0,0,0,0,0,0,0,0,0,0,0,0,0,0,0,0,91,0,0,0,0,40,0,0,0,0,0,0,98,4,0,0,94,0,67268,61399,0,31915,1,61420,67260,0,35511,0,30,128,0,98,0,0,0,0,164454,0,0,0,0,0,0,0,0,154,0,38,0,0,0,0,32251,0,0,0,508085,0,152,0,0/0/CPU0

2020-02-06 19:32:12.424000+00:00,leaf5,sg2,obt-collector1,0,355,0,0,0,0,0,0,0,0,0,0,432,0,0,0,0,0,0,0,0,0,0,0,0,1089,0,0,0,0,0,0,0,355,0,0,432,0,0,0,0,0,0,0,0,0,0,0,0,0,0,0,0,0,0,0,31660132,0,0,0,0,0,0,0,0,432,0,904,0,0,0,0,0,0,0,0,29326038,0,0,0,0/RP0/CPU0

2020-02-06 19:32:23.206000+00:00,leaf5,sg2,obt-collector1,0,193,0,0,0,0,0,0,0,0,0,0,0,0,0,0,0,0,0,0,91,0,0,0,0,40,0,0,0,0,0,0,98,4,0,0,94,0,67272,61399,0,31916,1,61420,67264,0,35512,0,30,128,0,98,0,0,0,0,164459,0,0,0,0,0,0,0,0,154,0,38,0,0,0,0,32252,0,0,0,508102,0,152,0,0/0/CPU0

2020-02-06 19:32:23.208000+00:00,leaf5,sg2,obt-collector1,0,355,0,0,0,0,0,0,0,0,0,0,432,0,0,0,0,0,0,0,0,0,0,0,0,1089,0,0,0,0,0,0,0,355,0,0,432,0,0,0,0,0,0,0,0,0,0,0,0,0,0,0,0,0,0,0,31660196,0,0,0,0,0,0,0,0,432,0,904,0,0,0,0,0,0,0,0,29326098,0,0,0,0/RP0/CPU0

2020-02-06 19:32:26.754000+00:00,leaf5,sg2,obt-collector1,0,193,0,0,0,0,0,0,0,0,0,0,0,0,0,0,0,0,0,0,91,0,0,0,0,40,0,0,0,0,0,0,98,4,0,0,94,0,67274,61401,0,31917,1,61422,67266,0,35512,0,30,128,0,98,0,0,0,0,164463,0,0,0,0,0,0,0,0,154,0,38,0,0,0,0,32253,0,0,0,508112,0,152,0,0/0/CPU0

2020-02-06 19:32:26.756000+00:00,leaf5,sg2,obt-collector1,0,355,0,0,0,0,0,0,0,0,0,0,432,0,0,0,0,0,0,0,0,0,0,0,0,1089,0,0,0,0,0,0,0,355,0,0,432,0,0,0,0,0,0,0,0,0,0,0,0,0,0,0,0,0,0,0,31660228,0,0,0,0,0,0,0,0,432,0,904,0,0,0,0,0,0,0,0,29326128,0,0,0,0/RP0/CPU0

2020-02-06 19:32:30.389000+00:00,leaf5,sg2,obt-collector1,0,193,0,0,0,0,0,0,0,0,0,0,0,0,0,0,0,0,0,0,91,0,0,0,0,40,0,0,0,0,0,0,98,4,0,0,94,0,67275,61403,0,31917,1,61424,67267,0,35513,0,30,128,0,98,0,0,0,0,164467,0,0,0,0,0,0,0,0,154,0,38,0,0,0,0,32253,0,0,0,508119,0,152,0,0/0/CPU0

2020-02-06 19:32:30.391000+00:00,leaf5,sg2,obt-collector1,0,355,0,0,0,0,0,0,0,0,0,0,432,0,0,0,0,0,0,0,0,0,0,0,0,1089,0,0,0,0,0,0,0,355,0,0,432,0,0,0,0,0,0,0,0,0,0,0,0,0,0,0,0,0,0,0,31660228,0,0,0,0,0,0,0,0,432,0,904,0,0,0,0,0,0,0,0,29326128,0,0,0,0/RP0/CPU0

2020-02-06 19:32:33.956000+00:00,leaf5,sg2,obt-collector1,0,193,0,0,0,0,0,0,0,0,0,0,0,0,0,0,0,0,0,0,91,0,0,0,0,40,0,0,0,0,0,0,98,4,0,0,94,0,67275,61404,0,31917,1,61425,67267,0,35513,0,30,128,0,98,0,0,0,0,164468,0,0,0,0,0,0,0,0,154,0,38,0,0,0,0,32253,0,0,0,508124,0,152,0,0/0/CPU0

2020-02-06 19:32:33.958000+00:00,leaf5,sg2,obt-collector1,0,355,0,0,0,0,0,0,0,0,0,0,432,0,0,0,0,0,0,0,0,0,0,0,0,1089,0,0,0,0,0,0,0,355,0,0,432,0,0,0,0,0,0,0,0,0,0,0,0,0,0,0,0,0,0,0,31660260,0,0,0,0,0,0,0,0,432,0,904,0,0,0,0,0,0,0,0,29326158,0,0,0,0/RP0/CPU0

2020-02-06 19:32:37.525000+00:00,leaf5,sg2,obt-collector1,0,193,0,0,0,0,0,0,0,0,0,0,0,0,0,0,0,0,0,0,91,0,0,0,0,40,0,0,0,0,0,0,98,4,0,0,94,0,67276,61404,0,31917,1,61425,67268,0,35513,0,30,128,0,98,0,0,0,0,164469,0,0,0,0,0,0,0,0,154,0,38,0,0,0,0,32253,0,0,0,508129,0,152,0,0/0/CPU0

2020-02-06 19:32:37.538000+00:00,leaf5,sg2,obt-collector1,0,355,0,0,0,0,0,0,0,0,0,0,432,0,0,0,0,0,0,0,0,0,0,0,0,1089,0,0,0,0,0,0,0,355,0,0,432,0,0,0,0,0,0,0,0,0,0,0,0,0,0,0,0,0,0,0,31660292,0,0,0,0,0,0,0,0,432,0,904,0,0,0,0,0,0,0,0,29326188,0,0,0,0/RP0/CPU0

2020-02-06 19:33:14.008000+00:00,leaf5,sg2,obt-collector1,0,193,0,0,0,0,0,0,0,0,0,0,0,0,0,0,0,0,0,0,91,0,0,0,0,40,0,0,0,0,0,0,98,4,0,0,94,0,67281,61411,0,31923,1,61432,67273,0,35515,0,30,128,0,98,0,0,0,0,164483,0,0,0,0,0,0,0,0,154,0,38,0,0,0,0,32259,0,0,0,508188,0,152,0,0/0/CPU0

2020-02-06 19:33:14.010000+00:00,leaf5,sg2,obt-collector1,0,355,0,0,0,0,0,0,0,0,0,0,432,0,0,0,0,0,0,0,0,0,0,0,0,1089,0,0,0,0,0,0,0,355,0,0,432,0,0,0,0,0,0,0,0,0,0,0,0,0,0,0,0,0,0,0,31660520,0,0,0,0,0,0,0,0,432,0,904,0,0,0,0,0,0,0,0,29326398,0,0,0,0/RP0/CPU0

2020-02-06 19:33:38.859000+00:00,leaf5,sg2,obt-collector1,0,193,0,0,0,0,0,0,0,0,0,0,0,0,0,0,0,0,0,0,91,0,0,0,0,40,0,0,0,0,0,0,98,4,0,0,94,0,67289,61413,0,31926,1,61434,67281,0,35520,0,30,128,0,98,0,0,0,0,164498,0,0,0,0,0,0,0,0,154,0,38,0,0,0,0,32262,0,0,0,508229,0,152,0,0/0/CPU0

2020-02-06 19:33:38.860000+00:00,leaf5,sg2,obt-collector1,0,355,0,0,0,0,0,0,0,0,0,0,432,0,0,0,0,0,0,0,0,0,0,0,0,1089,0,0,0,0,0,0,0,355,0,0,432,0,0,0,0,0,0,0,0,0,0,0,0,0,0,0,0,0,0,0,31660680,0,0,0,0,0,0,0,0,432,0,904,0,0,0,0,0,0,0,0,29326548,0,0,0,0/RP0/CPU0

2020-02-06 19:33:49.564000+00:00,leaf5,sg2,obt-collector1,0,193,0,0,0,0,0,0,0,0,0,0,0,0,0,0,0,0,0,0,91,0,0,0,0,40,0,0,0,0,0,0,98,4,0,0,94,0,67290,61417,0,31926,1,61438,67282,0,35522,0,30,128,0,98,0,0,0,0,164505,0,0,0,0,0,0,0,0,154,0,38,0,0,0,0,32262,0,0,0,508246,0,152,0,0/0/CPU0

2020-02-06 19:33:49.566000+00:00,leaf5,sg2,obt-collector1,0,355,0,0,0,0,0,0,0,0,0,0,432,0,0,0,0,0,0,0,0,0,0,0,0,1089,0,0,0,0,0,0,0,355,0,0,432,0,0,0,0,0,0,0,0,0,0,0,0,0,0,0,0,0,0,0,31660748,0,0,0,0,0,0,0,0,432,0,904,0,0,0,0,0,0,0,0,29326604,0,0,0,0/RP0/CPU0

2020-02-06 19:33:57.759000+00:00,leaf5,sg2,obt-collector1,0,193,0,0,0,0,0,0,0,0,0,0,0,0,0,0,0,0,0,0,91,0,0,0,0,40,0,0,0,0,0,0,98,4,0,0,94,0,67294,61419,0,31927,1,61440,67286,0,35523,0,30,128,0,98,0,0,0,0,164512,0,0,0,0,0,0,0,0,154,0,38,0,0,0,0,32263,0,0,0,508262,0,152,0,0/0/CPU0

2020-02-06 19:33:57.760000+00:00,leaf5,sg2,obt-collector1,0,355,0,0,0,0,0,0,0,0,0,0,432,0,0,0,0,0,0,0,0,0,0,0,0,1089,0,0,0,0,0,0,0,355,0,0,432,0,0,0,0,0,0,0,0,0,0,0,0,0,0,0,0,0,0,0,31660820,0,0,0,0,0,0,0,0,432,0,904,0,0,0,0,0,0,0,0,29326656,0,0,0,0/RP0/CPU0

2020-02-06 19:34:12.027000+00:00,leaf5,sg2,obt-collector1,0,193,0,0,0,0,0,0,0,0,0,0,0,0,0,0,0,0,0,0,91,0,0,0,0,40,0,0,0,0,0,0,98,4,0,0,94,0,67295,61421,0,31927,1,61442,67287,0,35524,0,30,128,0,98,0,0,0,0,164516,0,0,0,0,0,0,0,0,154,0,38,0,0,0,0,32263,0,0,0,508281,0,152,0,0/0/CPU0

2020-02-06 19:34:12.029000+00:00,leaf5,sg2,obt-collector1,0,355,0,0,0,0,0,0,0,0,0,0,432,0,0,0,0,0,0,0,0,0,0,0,0,1089,0,0,0,0,0,0,0,355,0,0,432,0,0,0,0,0,0,0,0,0,0,0,0,0,0,0,0,0,0,0,31660928,0,0,0,0,0,0,0,0,432,0,904,0,0,0,0,0,0,0,0,29326734,0,0,0,0/RP0/CPU0

2020-02-06 19:34:26.601000+00:00,leaf5,sg2,obt-collector1,0,193,0,0,0,0,0,0,0,0,0,0,0,0,0,0,0,0,0,0,91,0,0,0,0,40,0,0,0,0,0,0,98,4,0,0,94,0,67297,61424,0,31927,1,61445,67289,0,35526,0,30,128,0,98,0,0,0,0,164523,0,0,0,0,0,0,0,0,154,0,38,0,0,0,0,32263,0,0,0,508302,0,152,0,0/0/CPU0

2020-02-06 19:34:26.603000+00:00,leaf5,sg2,obt-collector1,0,355,0,0,0,0,0,0,0,0,0,0,432,0,0,0,0,0,0,0,0,0,0,0,0,1089,0,0,0,0,0,0,0,355,0,0,432,0,0,0,0,0,0,0,0,0,0,0,0,0,0,0,0,0,0,0,31661022,0,0,0,0,0,0,0,0,432,0,904,0,0,0,0,0,0,0,0,29326808,0,0,0,0/RP0/CPU0

2020-02-06 19:34:37.390000+00:00,leaf5,sg2,obt-collector1,0,193,0,0,0,0,0,0,0,0,0,0,0,0,0,0,0,0,0,0,91,0,0,0,0,40,0,0,0,0,0,0,98,4,0,0,94,0,67302,61427,0,31929,1,61448,67294,0,35527,0,30,128,0,98,0,0,0,0,164532,0,0,0,0,0,0,0,0,154,0,38,0,0,0,0,32265,0,0,0,508325,0,152,0,0/0/CPU0

2020-02-06 19:34:37.392000+00:00,leaf5,sg2,obt-collector1,0,355,0,0,0,0,0,0,0,0,0,0,432,0,0,0,0,0,0,0,0,0,0,0,0,1089,0,0,0,0,0,0,0,355,0,0,432,0,0,0,0,0,0,0,0,0,0,0,0,0,0,0,0,0,0,0,31661114,0,0,0,0,0,0,0,0,432,0,904,0,0,0,0,0,0,0,0,29326862,0,0,0,0/RP0/CPU0

2020-02-06 19:34:40.914000+00:00,leaf5,sg2,obt-collector1,0,193,0,0,0,0,0,0,0,0,0,0,0,0,0,0,0,0,0,0,91,0,0,0,0,40,0,0,0,0,0,0,98,4,0,0,94,0,67302,61430,0,31930,1,61451,67294,0,35527,0,30,128,0,98,0,0,0,0,164535,0,0,0,0,0,0,0,0,154,0,38,0,0,0,0,32266,0,0,0,508333,0,152,0,0/0/CPU0

2020-02-06 19:34:40.915000+00:00,leaf5,sg2,obt-collector1,0,355,0,0,0,0,0,0,0,0,0,0,432,0,0,0,0,0,0,0,0,0,0,0,0,1089,0,0,0,0,0,0,0,355,0,0,432,0,0,0,0,0,0,0,0,0,0,0,0,0,0,0,0,0,0,0,31661114,0,0,0,0,0,0,0,0,432,0,904,0,0,0,0,0,0,0,0,29326864,0,0,0,0/RP0/CPU0

2020-02-06 19:34:51.586000+00:00,leaf5,sg2,obt-collector1,0,193,0,0,0,0,0,0,0,0,0,0,0,0,0,0,0,0,0,0,91,0,0,0,0,40,0,0,0,0,0,0,98,4,0,0,94,0,67303,61432,0,31931,1,61453,67295,0,35529,0,30,128,0,98,0,0,0,0,164540,0,0,0,0,0,0,0,0,154,0,38,0,0,0,0,32267,0,0,0,508349,0,152,0,0/0/CPU0

2020-02-06 19:34:51.588000+00:00,leaf5,sg2,obt-collector1,0,355,0,0,0,0,0,0,0,0,0,0,432,0,0,0,0,0,0,0,0,0,0,0,0,1089,0,0,0,0,0,0,0,355,0,0,432,0,0,0,0,0,0,0,0,0,0,0,0,0,0,0,0,0,0,0,31661212,0,0,0,0,0,0,0,0,432,0,904,0,0,0,0,0,0,0,0,29326934,0,0,0,0/RP0/CPU0

2020-02-06 19:34:55.667000+00:00,leaf5,sg2,obt-collector1,0,193,0,0,0,0,0,0,0,0,0,0,0,0,0,0,0,0,0,0,91,0,0,0,0,40,0,0,0,0,0,0,98,4,0,0,94,0,67303,61433,0,31931,1,61454,67295,0,35529,0,30,128,0,98,0,0,0,0,164541,0,0,0,0,0,0,0,0,154,0,38,0,0,0,0,32267,0,0,0,508355,0,152,0,0/0/CPU0

2020-02-06 19:34:55.669000+00:00,leaf5,sg2,obt-collector1,0,355,0,0,0,0,0,0,0,0,0,0,432,0,0,0,0,0,0,0,0,0,0,0,0,1089,0,0,0,0,0,0,0,355,0,0,432,0,0,0,0,0,0,0,0,0,0,0,0,0,0,0,0,0,0,0,31661230,0,0,0,0,0,0,0,0,432,0,904,0,0,0,0,0,0,0,0,29326936,0,0,0,0/RP0/CPU0

2020-02-06 19:35:31.922000+00:00,leaf5,sg2,obt-collector1,0,193,0,0,0,0,0,0,0,0,0,0,0,0,0,0,0,0,0,0,91,0,0,0,0,40,0,0,0,0,0,0,98,4,0,0,94,0,67315,61440,0,31936,1,61461,67307,0,35533,0,30,128,0,98,0,0,0,0,164564,0,0,0,0,0,0,0,0,154,0,38,0,0,0,0,32272,0,0,0,508420,0,152,0,0/0/CPU0

2020-02-06 19:35:31.924000+00:00,leaf5,sg2,obt-collector1,0,355,0,0,0,0,0,0,0,0,0,0,432,0,0,0,0,0,0,0,0,0,0,0,0,1089,0,0,0,0,0,0,0,355,0,0,432,0,0,0,0,0,0,0,0,0,0,0,0,0,0,0,0,0,0,0,31661550,0,0,0,0,0,0,0,0,432,0,904,0,0,0,0,0,0,0,0,29327113,0,0,0,0/RP0/CPU0

2020-02-06 19:35:35.493000+00:00,leaf5,sg2,obt-collector1,0,193,0,0,0,0,0,0,0,0,0,0,0,0,0,0,0,0,0,0,91,0,0,0,0,40,0,0,0,0,0,0,98,4,0,0,94,0,67315,61440,0,31936,1,61461,67307,0,35533,0,30,128,0,98,0,0,0,0,164564,0,0,0,0,0,0,0,0,154,0,38,0,0,0,0,32272,0,0,0,508424,0,152,0,0/0/CPU0

2020-02-06 19:35:35.494000+00:00,leaf5,sg2,obt-collector1,0,355,0,0,0,0,0,0,0,0,0,0,432,0,0,0,0,0,0,0,0,0,0,0,0,1089,0,0,0,0,0,0,0,355,0,0,432,0,0,0,0,0,0,0,0,0,0,0,0,0,0,0,0,0,0,0,31661550,0,0,0,0,0,0,0,0,432,0,904,0,0,0,0,0,0,0,0,29327113,0,0,0,0/RP0/CPU0

2020-02-06 19:35:42.685000+00:00,leaf5,sg2,obt-collector1,0,193,0,0,0,0,0,0,0,0,0,0,0,0,0,0,0,0,0,0,91,0,0,0,0,40,0,0,0,0,0,0,98,4,0,0,94,0,67316,61441,0,31937,1,61462,67308,0,35533,0,30,128,0,98,0,0,0,0,164566,0,0,0,0,0,0,0,0,154,0,38,0,0,0,0,32273,0,0,0,508436,0,152,0,0/0/CPU0

2020-02-06 19:35:42.687000+00:00,leaf5,sg2,obt-collector1,0,355,0,0,0,0,0,0,0,0,0,0,432,0,0,0,0,0,0,0,0,0,0,0,0,1089,0,0,0,0,0,0,0,355,0,0,432,0,0,0,0,0,0,0,0,0,0,0,0,0,0,0,0,0,0,0,31661630,0,0,0,0,0,0,0,0,432,0,904,0,0,0,0,0,0,0,0,29327157,0,0,0,0/RP0/CPU0

2020-02-06 19:35:53.370000+00:00,leaf5,sg2,obt-collector1,0,193,0,0,0,0,0,0,0,0,0,0,0,0,0,0,0,0,0,0,91,0,0,0,0,40,0,0,0,0,0,0,98,4,0,0,94,0,67319,61442,0,31939,1,61463,67311,0,35535,0,30,128,0,98,0,0,0,0,164572,0,0,0,0,0,0,0,0,154,0,38,0,0,0,0,32275,0,0,0,508454,0,152,0,0/0/CPU0

2020-02-06 19:35:53.371000+00:00,leaf5,sg2,obt-collector1,0,355,0,0,0,0,0,0,0,0,0,0,432,0,0,0,0,0,0,0,0,0,0,0,0,1089,0,0,0,0,0,0,0,355,0,0,432,0,0,0,0,0,0,0,0,0,0,0,0,0,0,0,0,0,0,0,31661710,0,0,0,0,0,0,0,0,432,0,904,0,0,0,0,0,0,0,0,29327201,0,0,0,0/RP0/CPU0

2020-02-06 19:35:57.305000+00:00,leaf5,sg2,obt-collector1,0,193,0,0,0,0,0,0,0,0,0,0,0,0,0,0,0,0,0,0,91,0,0,0,0,40,0,0,0,0,0,0,98,4,0,0,94,0,67320,61443,0,31939,1,61464,67312,0,35535,0,30,128,0,98,0,0,0,0,164574,0,0,0,0,0,0,0,0,154,0,38,0,0,0,0,32275,0,0,0,508460,0,152,0,0/0/CPU0

2020-02-06 19:35:57.307000+00:00,leaf5,sg2,obt-collector1,0,355,0,0,0,0,0,0,0,0,0,0,432,0,0,0,0,0,0,0,0,0,0,0,0,1089,0,0,0,0,0,0,0,355,0,0,432,0,0,0,0,0,0,0,0,0,0,0,0,0,0,0,0,0,0,0,31661750,0,0,0,0,0,0,0,0,432,0,904,0,0,0,0,0,0,0,0,29327223,0,0,0,0/RP0/CPU0

2020-02-06 19:36:08.124000+00:00,leaf5,sg2,obt-collector1,0,193,0,0,0,0,0,0,0,0,0,0,0,0,0,0,0,0,0,0,91,0,0,0,0,40,0,0,0,0,0,0,98,4,0,0,94,0,67321,61448,0,31940,1,61469,67313,0,35536,0,30,128,0,98,0,0,0,0,164581,0,0,0,0,0,0,0,0,154,0,38,0,0,0,0,32276,0,0,0,508481,0,152,0,0/0/CPU0

2020-02-06 19:36:08.126000+00:00,leaf5,sg2,obt-collector1,0,355,0,0,0,0,0,0,0,0,0,0,432,0,0,0,0,0,0,0,0,0,0,0,0,1089,0,0,0,0,0,0,0,355,0,0,432,0,0,0,0,0,0,0,0,0,0,0,0,0,0,0,0,0,0,0,31661830,0,0,0,0,0,0,0,0,432,0,904,0,0,0,0,0,0,0,0,29327267,0,0,0,0/RP0/CPU0

2020-02-06 19:36:22.662000+00:00,leaf5,sg2,obt-collector1,0,193,0,0,0,0,0,0,0,0,0,0,0,0,0,0,0,0,0,0,91,0,0,0,0,40,0,0,0,0,0,0,98,4,0,0,94,0,67325,61450,0,31943,1,61471,67317,0,35536,0,30,128,0,98,0,0,0,0,164587,0,0,0,0,0,0,0,0,154,0,38,0,0,0,0,32279,0,0,0,508506,0,152,0,0/0/CPU0

2020-02-06 19:36:22.664000+00:00,leaf5,sg2,obt-collector1,0,355,0,0,0,0,0,0,0,0,0,0,432,0,0,0,0,0,0,0,0,0,0,0,0,1089,0,0,0,0,0,0,0,355,0,0,432,0,0,0,0,0,0,0,0,0,0,0,0,0,0,0,0,0,0,0,31661950,0,0,0,0,0,0,0,0,432,0,904,0,0,0,0,0,0,0,0,29327333,0,0,0,0/RP0/CPU0

2020-02-06 19:37:13.761000+00:00,leaf5,sg2,obt-collector1,0,193,0,0,0,0,0,0,0,0,0,0,0,0,0,0,0,0,0,0,91,0,0,0,0,40,0,0,0,0,0,0,98,4,0,0,94,0,67335,61459,0,31946,1,61480,67327,0,35545,0,30,128,0,98,0,0,0,0,164615,0,0,0,0,0,0,0,0,154,0,38,0,0,0,0,32282,0,0,0,508584,0,152,0,0/0/CPU0

2020-02-06 19:37:13.762000+00:00,leaf5,sg2,obt-collector1,0,355,0,0,0,0,0,0,0,0,0,0,432,0,0,0,0,0,0,0,0,0,0,0,0,1089,0,0,0,0,0,0,0,355,0,0,432,0,0,0,0,0,0,0,0,0,0,0,0,0,0,0,0,0,0,0,31662350,0,0,0,0,0,0,0,0,432,0,904,0,0,0,0,0,0,0,0,29327553,0,0,0,0/RP0/CPU0

2020-02-06 19:37:20.907000+00:00,leaf5,sg2,obt-collector1,0,193,0,0,0,0,0,0,0,0,0,0,0,0,0,0,0,0,0,0,91,0,0,0,0,40,0,0,0,0,0,0,98,4,0,0,94,0,67335,61461,0,31946,1,61482,67327,0,35545,0,30,128,0,98,0,0,0,0,164617,0,0,0,0,0,0,0,0,154,0,38,0,0,0,0,32282,0,0,0,508594,0,152,0,0/0/CPU0

2020-02-06 19:37:20.909000+00:00,leaf5,sg2,obt-collector1,0,355,0,0,0,0,0,0,0,0,0,0,432,0,0,0,0,0,0,0,0,0,0,0,0,1089,0,0,0,0,0,0,0,355,0,0,432,0,0,0,0,0,0,0,0,0,0,0,0,0,0,0,0,0,0,0,31662390,0,0,0,0,0,0,0,0,432,0,904,0,0,0,0,0,0,0,0,29327575,0,0,0,0/RP0/CPU0

2020-02-06 19:37:49.664000+00:00,leaf5,sg2,obt-collector1,0,193,0,0,0,0,0,0,0,0,0,0,0,0,0,0,0,0,0,0,91,0,0,0,0,40,0,0,0,0,0,0,98,4,0,0,94,0,67343,61470,0,31949,1,61491,67335,0,35550,0,30,128,0,98,0,0,0,0,164639,0,0,0,0,0,0,0,0,154,0,38,0,0,0,0,32285,0,0,0,508648,0,152,0,0/0/CPU0

2020-02-06 19:37:49.665000+00:00,leaf5,sg2,obt-collector1,0,355,0,0,0,0,0,0,0,0,0,0,432,0,0,0,0,0,0,0,0,0,0,0,0,1089,0,0,0,0,0,0,0,355,0,0,432,0,0,0,0,0,0,0,0,0,0,0,0,0,0,0,0,0,0,0,31662630,0,0,0,0,0,0,0,0,432,0,904,0,0,0,0,0,0,0,0,29327707,0,0,0,0/RP0/CPU0

2020-02-06 19:38:03.980000+00:00,leaf5,sg2,obt-collector1,0,193,0,0,0,0,0,0,0,0,0,0,0,0,0,0,0,0,0,0,91,0,0,0,0,40,0,0,0,0,0,0,98,4,0,0,94,0,67345,61471,0,31952,1,61492,67337,0,35552,0,30,128,0,98,0,0,0,0,164644,0,0,0,0,0,0,0,0,154,0,38,0,0,0,0,32288,0,0,0,508670,0,152,0,0/0/CPU0

2020-02-06 19:38:03.981000+00:00,leaf5,sg2,obt-collector1,0,355,0,0,0,0,0,0,0,0,0,0,432,0,0,0,0,0,0,0,0,0,0,0,0,1089,0,0,0,0,0,0,0,355,0,0,432,0,0,0,0,0,0,0,0,0,0,0,0,0,0,0,0,0,0,0,31662750,0,0,0,0,0,0,0,0,432,0,904,0,0,0,0,0,0,0,0,29327773,0,0,0,0/RP0/CPU0

2020-02-06 19:38:07.553000+00:00,leaf5,sg2,obt-collector1,0,193,0,0,0,0,0,0,0,0,0,0,0,0,0,0,0,0,0,0,91,0,0,0,0,40,0,0,0,0,0,0,98,4,0,0,94,0,67346,61471,0,31953,1,61492,67338,0,35552,0,30,128,0,98,0,0,0,0,164645,0,0,0,0,0,0,0,0,154,0,38,0,0,0,0,32289,0,0,0,508676,0,152,0,0/0/CPU0

2020-02-06 19:38:07.555000+00:00,leaf5,sg2,obt-collector1,0,355,0,0,0,0,0,0,0,0,0,0,432,0,0,0,0,0,0,0,0,0,0,0,0,1089,0,0,0,0,0,0,0,355,0,0,432,0,0,0,0,0,0,0,0,0,0,0,0,0,0,0,0,0,0,0,31662790,0,0,0,0,0,0,0,0,432,0,904,0,0,0,0,0,0,0,0,29327795,0,0,0,0/RP0/CPU0

2020-02-06 19:38:21.960000+00:00,leaf5,sg2,obt-collector1,0,193,0,0,0,0,0,0,0,0,0,0,0,0,0,0,0,0,0,0,91,0,0,0,0,40,0,0,0,0,0,0,98,4,0,0,94,0,67352,61473,0,31953,1,61494,67344,0,35553,0,30,128,0,98,0,0,0,0,164654,0,0,0,0,0,0,0,0,154,0,38,0,0,0,0,32289,0,0,0,508700,0,152,0,0/0/CPU0

2020-02-06 19:38:21.962000+00:00,leaf5,sg2,obt-collector1,0,355,0,0,0,0,0,0,0,0,0,0,432,0,0,0,0,0,0,0,0,0,0,0,0,1089,0,0,0,0,0,0,0,355,0,0,432,0,0,0,0,0,0,0,0,0,0,0,0,0,0,0,0,0,0,0,31662910,0,0,0,0,0,0,0,0,432,0,904,0,0,0,0,0,0,0,0,29327861,0,0,0,0/RP0/CPU0

2020-02-06 19:38:47.123000+00:00,leaf5,sg2,obt-collector1,0,193,0,0,0,0,0,0,0,0,0,0,0,0,0,0,0,0,0,0,91,0,0,0,0,40,0,0,0,0,0,0,98,4,0,0,94,0,67358,61479,0,31955,1,61500,67350,0,35555,0,30,128,0,98,0,0,0,0,164668,0,0,0,0,0,0,0,0,154,0,38,0,0,0,0,32291,0,0,0,508744,0,152,0,0/0/CPU0

2020-02-06 19:38:47.124000+00:00,leaf5,sg2,obt-collector1,0,355,0,0,0,0,0,0,0,0,0,0,432,0,0,0,0,0,0,0,0,0,0,0,0,1089,0,0,0,0,0,0,0,355,0,0,432,0,0,0,0,0,0,0,0,0,0,0,0,0,0,0,0,0,0,0,31663110,0,0,0,0,0,0,0,0,432,0,904,0,0,0,0,0,0,0,0,29327971,0,0,0,0/RP0/CPU0

2020-02-06 19:38:50.686000+00:00,leaf5,sg2,obt-collector1,0,193,0,0,0,0,0,0,0,0,0,0,0,0,0,0,0,0,0,0,91,0,0,0,0,40,0,0,0,0,0,0,98,4,0,0,94,0,67359,61480,0,31955,1,61501,67351,0,35555,0,30,128,0,98,0,0,0,0,164670,0,0,0,0,0,0,0,0,154,0,38,0,0,0,0,32291,0,0,0,508750,0,152,0,0/0/CPU0

2020-02-06 19:38:50.688000+00:00,leaf5,sg2,obt-collector1,0,355,0,0,0,0,0,0,0,0,0,0,432,0,0,0,0,0,0,0,0,0,0,0,0,1089,0,0,0,0,0,0,0,355,0,0,432,0,0,0,0,0,0,0,0,0,0,0,0,0,0,0,0,0,0,0,31663110,0,0,0,0,0,0,0,0,432,0,904,0,0,0,0,0,0,0,0,29327971,0,0,0,0/RP0/CPU0

2020-02-06 19:38:54.267000+00:00,leaf5,sg2,obt-collector1,0,193,0,0,0,0,0,0,0,0,0,0,0,0,0,0,0,0,0,0,91,0,0,0,0,40,0,0,0,0,0,0,98,4,0,0,94,0,67359,61481,0,31956,1,61502,67351,0,35555,0,30,128,0,98,0,0,0,0,164671,0,0,0,0,0,0,0,0,154,0,38,0,0,0,0,32292,0,0,0,508756,0,152,0,0/0/CPU0

2020-02-06 19:38:54.269000+00:00,leaf5,sg2,obt-collector1,0,355,0,0,0,0,0,0,0,0,0,0,432,0,0,0,0,0,0,0,0,0,0,0,0,1089,0,0,0,0,0,0,0,355,0,0,432,0,0,0,0,0,0,0,0,0,0,0,0,0,0,0,0,0,0,0,31663150,0,0,0,0,0,0,0,0,432,0,904,0,0,0,0,0,0,0,0,29327993,0,0,0,0/RP0/CPU0

2020-02-06 19:38:57.838000+00:00,leaf5,sg2,obt-collector1,0,193,0,0,0,0,0,0,0,0,0,0,0,0,0,0,0,0,0,0,91,0,0,0,0,40,0,0,0,0,0,0,98,4,0,0,94,0,67359,61482,0,31956,1,61503,67351,0,35557,0,30,128,0,98,0,0,0,0,164674,0,0,0,0,0,0,0,0,154,0,38,0,0,0,0,32292,0,0,0,508761,0,152,0,0/0/CPU0

2020-02-06 19:38:57.840000+00:00,leaf5,sg2,obt-collector1,0,355,0,0,0,0,0,0,0,0,0,0,432,0,0,0,0,0,0,0,0,0,0,0,0,1089,0,0,0,0,0,0,0,355,0,0,432,0,0,0,0,0,0,0,0,0,0,0,0,0,0,0,0,0,0,0,31663190,0,0,0,0,0,0,0,0,432,0,904,0,0,0,0,0,0,0,0,29328015,0,0,0,0/RP0/CPU0

2020-02-06 19:39:16.130000+00:00,leaf5,sg2,obt-collector1,0,193,0,0,0,0,0,0,0,0,0,0,0,0,0,0,0,0,0,0,91,0,0,0,0,40,0,0,0,0,0,0,98,4,0,0,94,0,67361,61485,0,31960,1,61506,67353,0,35559,0,30,128,0,98,0,0,0,0,164681,0,0,0,0,0,0,0,0,154,0,38,0,0,0,0,32296,0,0,0,508790,0,152,0,0/0/CPU0

2020-02-06 19:39:16.132000+00:00,leaf5,sg2,obt-collector1,0,355,0,0,0,0,0,0,0,0,0,0,432,0,0,0,0,0,0,0,0,0,0,0,0,1089,0,0,0,0,0,0,0,355,0,0,432,0,0,0,0,0,0,0,0,0,0,0,0,0,0,0,0,0,0,0,31663310,0,0,0,0,0,0,0,0,432,0,904,0,0,0,0,0,0,0,0,29328082,0,0,0,0/RP0/CPU0

2020-02-06 19:39:23.525000+00:00,leaf5,sg2,obt-collector1,0,193,0,0,0,0,0,0,0,0,0,0,0,0,0,0,0,0,0,0,91,0,0,0,0,40,0,0,0,0,0,0,98,4,0,0,94,0,67365,61485,0,31962,1,61506,67357,0,35559,0,30,128,0,98,0,0,0,0,164685,0,0,0,0,0,0,0,0,154,0,38,0,0,0,0,32298,0,0,0,508805,0,152,0,0/0/CPU0

2020-02-06 19:39:23.527000+00:00,leaf5,sg2,obt-collector1,0,355,0,0,0,0,0,0,0,0,0,0,432,0,0,0,0,0,0,0,0,0,0,0,0,1089,0,0,0,0,0,0,0,355,0,0,432,0,0,0,0,0,0,0,0,0,0,0,0,0,0,0,0,0,0,0,31663388,0,0,0,0,0,0,0,0,432,0,904,0,0,0,0,0,0,0,0,29328125,0,0,0,0/RP0/CPU0

2020-02-06 19:39:27.060000+00:00,leaf5,sg2,obt-collector1,0,193,0,0,0,0,0,0,0,0,0,0,0,0,0,0,0,0,0,0,91,0,0,0,0,40,0,0,0,0,0,0,98,4,0,0,94,0,67366,61487,0,31962,1,61508,67358,0,35559,0,30,128,0,98,0,0,0,0,164688,0,0,0,0,0,0,0,0,154,0,38,0,0,0,0,32298,0,0,0,508812,0,152,0,0/0/CPU0

2020-02-06 19:39:27.061000+00:00,leaf5,sg2,obt-collector1,0,355,0,0,0,0,0,0,0,0,0,0,432,0,0,0,0,0,0,0,0,0,0,0,0,1089,0,0,0,0,0,0,0,355,0,0,432,0,0,0,0,0,0,0,0,0,0,0,0,0,0,0,0,0,0,0,31663427,0,0,0,0,0,0,0,0,432,0,904,0,0,0,0,0,0,0,0,29328147,0,0,0,0/RP0/CPU0

2020-02-06 19:39:30.621000+00:00,leaf5,sg2,obt-collector1,0,193,0,0,0,0,0,0,0,0,0,0,0,0,0,0,0,0,0,0,91,0,0,0,0,40,0,0,0,0,0,0,98,4,0,0,94,0,67366,61487,0,31962,1,61508,67358,0,35560,0,30,128,0,98,0,0,0,0,164689,0,0,0,0,0,0,0,0,154,0,38,0,0,0,0,32298,0,0,0,508816,0,152,0,0/0/CPU0

2020-02-06 19:39:30.623000+00:00,leaf5,sg2,obt-collector1,0,355,0,0,0,0,0,0,0,0,0,0,432,0,0,0,0,0,0,0,0,0,0,0,0,1089,0,0,0,0,0,0,0,355,0,0,432,0,0,0,0,0,0,0,0,0,0,0,0,0,0,0,0,0,0,0,31663427,0,0,0,0,0,0,0,0,432,0,904,0,0,0,0,0,0,0,0,29328147,0,0,0,0/RP0/CPU0

2020-02-06 19:39:34.163000+00:00,leaf5,sg2,obt-collector1,0,193,0,0,0,0,0,0,0,0,0,0,0,0,0,0,0,0,0,0,91,0,0,0,0,40,0,0,0,0,0,0,98,4,0,0,94,0,67369,61487,0,31962,1,61508,67361,0,35560,0,30,128,0,98,0,0,0,0,164692,0,0,0,0,0,0,0,0,154,0,38,0,0,0,0,32298,0,0,0,508824,0,152,0,0/0/CPU0

2020-02-06 19:39:34.164000+00:00,leaf5,sg2,obt-collector1,0,355,0,0,0,0,0,0,0,0,0,0,432,0,0,0,0,0,0,0,0,0,0,0,0,1089,0,0,0,0,0,0,0,355,0,0,432,0,0,0,0,0,0,0,0,0,0,0,0,0,0,0,0,0,0,0,31663466,0,0,0,0,0,0,0,0,432,0,904,0,0,0,0,0,0,0,0,29328169,0,0,0,0/RP0/CPU0

2020-02-06 19:39:37.732000+00:00,leaf5,sg2,obt-collector1,0,193,0,0,0,0,0,0,0,0,0,0,0,0,0,0,0,0,0,0,91,0,0,0,0,40,0,0,0,0,0,0,98,4,0,0,94,0,67369,61487,0,31963,1,61508,67361,0,35560,0,30,128,0,98,0,0,0,0,164692,0,0,0,0,0,0,0,0,154,0,38,0,0,0,0,32299,0,0,0,508829,0,152,0,0/0/CPU0

2020-02-06 19:39:37.733000+00:00,leaf5,sg2,obt-collector1,0,355,0,0,0,0,0,0,0,0,0,0,432,0,0,0,0,0,0,0,0,0,0,0,0,1089,0,0,0,0,0,0,0,355,0,0,432,0,0,0,0,0,0,0,0,0,0,0,0,0,0,0,0,0,0,0,31663505,0,0,0,0,0,0,0,0,432,0,904,0,0,0,0,0,0,0,0,29328191,0,0,0,0/RP0/CPU0

2020-02-06 19:39:41.282000+00:00,leaf5,sg2,obt-collector1,0,193,0,0,0,0,0,0,0,0,0,0,0,0,0,0,0,0,0,0,91,0,0,0,0,40,0,0,0,0,0,0,98,4,0,0,94,0,67369,61489,0,31964,1,61510,67361,0,35560,0,30,128,0,98,0,0,0,0,164694,0,0,0,0,0,0,0,0,154,0,38,0,0,0,0,32300,0,0,0,508836,0,152,0,0/0/CPU0

2020-02-06 19:39:41.284000+00:00,leaf5,sg2,obt-collector1,0,355,0,0,0,0,0,0,0,0,0,0,432,0,0,0,0,0,0,0,0,0,0,0,0,1089,0,0,0,0,0,0,0,355,0,0,432,0,0,0,0,0,0,0,0,0,0,0,0,0,0,0,0,0,0,0,31663506,0,0,0,0,0,0,0,0,432,0,904,0,0,0,0,0,0,0,0,29328192,0,0,0,0/RP0/CPU0

2020-02-06 19:39:52.098000+00:00,leaf5,sg2,obt-collector1,0,193,0,0,0,0,0,0,0,0,0,0,0,0,0,0,0,0,0,0,91,0,0,0,0,40,0,0,0,0,0,0,98,4,0,0,94,0,67371,61490,0,31965,1,61511,67363,0,35561,0,30,128,0,98,0,0,0,0,164698,0,0,0,0,0,0,0,0,154,0,38,0,0,0,0,32301,0,0,0,508853,0,152,0,0/0/CPU0

2020-02-06 19:39:52.100000+00:00,leaf5,sg2,obt-collector1,0,355,0,0,0,0,0,0,0,0,0,0,432,0,0,0,0,0,0,0,0,0,0,0,0,1089,0,0,0,0,0,0,0,355,0,0,432,0,0,0,0,0,0,0,0,0,0,0,0,0,0,0,0,0,0,0,31663622,0,0,0,0,0,0,0,0,432,0,904,0,0,0,0,0,0,0,0,29328257,0,0,0,0/RP0/CPU0

2020-02-06 19:40:17.450000+00:00,leaf5,sg2,obt-collector1,0,193,0,0,0,0,0,0,0,0,0,0,0,0,0,0,0,0,0,0,91,0,0,0,0,40,0,0,0,0,0,0,98,4,0,0,94,0,67375,61496,0,31965,1,61517,67367,0,35568,0,30,128,0,98,0,0,0,0,164715,0,0,0,0,0,0,0,0,154,0,38,0,0,0,0,32301,0,0,0,508891,0,152,0,0/0/CPU0

2020-02-06 19:40:17.451000+00:00,leaf5,sg2,obt-collector1,0,355,0,0,0,0,0,0,0,0,0,0,432,0,0,0,0,0,0,0,0,0,0,0,0,1089,0,0,0,0,0,0,0,355,0,0,432,0,0,0,0,0,0,0,0,0,0,0,0,0,0,0,0,0,0,0,31663817,0,0,0,0,0,0,0,0,432,0,904,0,0,0,0,0,0,0,0,29328367,0,0,0,0/RP0/CPU0

2020-02-06 19:40:28.264000+00:00,leaf5,sg2,obt-collector1,0,193,0,0,0,0,0,0,0,0,0,0,0,0,0,0,0,0,0,0,91,0,0,0,0,40,0,0,0,0,0,0,98,4,0,0,94,0,67376,61498,0,31965,1,61519,67368,0,35569,0,30,128,0,98,0,0,0,0,164719,0,0,0,0,0,0,0,0,154,0,38,0,0,0,0,32301,0,0,0,508907,0,152,0,0/0/CPU0

2020-02-06 19:40:28.265000+00:00,leaf5,sg2,obt-collector1,0,355,0,0,0,0,0,0,0,0,0,0,432,0,0,0,0,0,0,0,0,0,0,0,0,1089,0,0,0,0,0,0,0,355,0,0,432,0,0,0,0,0,0,0,0,0,0,0,0,0,0,0,0,0,0,0,31663895,0,0,0,0,0,0,0,0,432,0,904,0,0,0,0,0,0,0,0,29328411,0,0,0,0/RP0/CPU0

2020-02-06 19:40:35.372000+00:00,leaf5,sg2,obt-collector1,0,193,0,0,0,0,0,0,0,0,0,0,0,0,0,0,0,0,0,0,91,0,0,0,0,40,0,0,0,0,0,0,98,4,0,0,94,0,67379,61499,0,31965,1,61520,67371,0,35571,0,30,128,0,98,0,0,0,0,164725,0,0,0,0,0,0,0,0,154,0,38,0,0,0,0,32301,0,0,0,508920,0,152,0,0/0/CPU0

2020-02-06 19:40:35.374000+00:00,leaf5,sg2,obt-collector1,0,355,0,0,0,0,0,0,0,0,0,0,432,0,0,0,0,0,0,0,0,0,0,0,0,1089,0,0,0,0,0,0,0,355,0,0,432,0,0,0,0,0,0,0,0,0,0,0,0,0,0,0,0,0,0,0,31663934,0,0,0,0,0,0,0,0,432,0,904,0,0,0,0,0,0,0,0,29328433,0,0,0,0/RP0/CPU0

2020-02-06 19:40:38.918000+00:00,leaf5,sg2,obt-collector1,0,193,0,0,0,0,0,0,0,0,0,0,0,0,0,0,0,0,0,0,91,0,0,0,0,40,0,0,0,0,0,0,98,4,0,0,94,0,67381,61501,0,31965,1,61522,67373,0,35571,0,30,128,0,98,0,0,0,0,164729,0,0,0,0,0,0,0,0,154,0,38,0,0,0,0,32301,0,0,0,508928,0,152,0,0/0/CPU0

2020-02-06 19:40:38.920000+00:00,leaf5,sg2,obt-collector1,0,355,0,0,0,0,0,0,0,0,0,0,432,0,0,0,0,0,0,0,0,0,0,0,0,1089,0,0,0,0,0,0,0,355,0,0,432,0,0,0,0,0,0,0,0,0,0,0,0,0,0,0,0,0,0,0,31663973,0,0,0,0,0,0,0,0,432,0,904,0,0,0,0,0,0,0,0,29328455,0,0,0,0/RP0/CPU0

2020-02-06 19:40:49.719000+00:00,leaf5,sg2,obt-collector1,0,193,0,0,0,0,0,0,0,0,0,0,0,0,0,0,0,0,0,0,91,0,0,0,0,40,0,0,0,0,0,0,98,4,0,0,94,0,67383,61506,0,31969,1,61527,67375,0,35571,0,30,128,0,98,0,0,0,0,164736,0,0,0,0,0,0,0,0,154,0,38,0,0,0,0,32305,0,0,0,508951,0,152,0,0/0/CPU0

2020-02-06 19:40:49.721000+00:00,leaf5,sg2,obt-collector1,0,355,0,0,0,0,0,0,0,0,0,0,432,0,0,0,0,0,0,0,0,0,0,0,0,1089,0,0,0,0,0,0,0,355,0,0,432,0,0,0,0,0,0,0,0,0,0,0,0,0,0,0,0,0,0,0,31664051,0,0,0,0,0,0,0,0,432,0,904,0,0,0,0,0,0,0,0,29328499,0,0,0,0/RP0/CPU0

2020-02-06 19:41:00.384000+00:00,leaf5,sg2,obt-collector1,0,193,0,0,0,0,0,0,0,0,0,0,0,0,0,0,0,0,0,0,91,0,0,0,0,40,0,0,0,0,0,0,98,4,0,0,94,0,67384,61508,0,31970,1,61529,67376,0,35573,0,30,128,0,98,0,0,0,0,164741,0,0,0,0,0,0,0,0,154,0,38,0,0,0,0,32306,0,0,0,508967,0,152,0,0/0/CPU0

2020-02-06 19:41:00.385000+00:00,leaf5,sg2,obt-collector1,0,355,0,0,0,0,0,0,0,0,0,0,432,0,0,0,0,0,0,0,0,0,0,0,0,1089,0,0,0,0,0,0,0,355,0,0,432,0,0,0,0,0,0,0,0,0,0,0,0,0,0,0,0,0,0,0,31664129,0,0,0,0,0,0,0,0,432,0,904,0,0,0,0,0,0,0,0,29328543,0,0,0,0/RP0/CPU0

2020-02-06 19:41:15.381000+00:00,leaf5,sg2,obt-collector1,0,193,0,0,0,0,0,0,0,0,0,0,0,0,0,0,0,0,0,0,91,0,0,0,0,40,0,0,0,0,0,0,98,4,0,0,94,0,67387,61510,0,31972,1,61531,67379,0,35573,0,30,128,0,98,0,0,0,0,164746,0,0,0,0,0,0,0,0,154,0,38,0,0,0,0,32308,0,0,0,508991,0,152,0,0/0/CPU0

2020-02-06 19:41:15.382000+00:00,leaf5,sg2,obt-collector1,0,355,0,0,0,0,0,0,0,0,0,0,432,0,0,0,0,0,0,0,0,0,0,0,0,1089,0,0,0,0,0,0,0,355,0,0,432,0,0,0,0,0,0,0,0,0,0,0,0,0,0,0,0,0,0,0,31664264,0,0,0,0,0,0,0,0,432,0,904,0,0,0,0,0,0,0,0,29328685,0,0,0,0/RP0/CPU0

2020-02-06 19:41:36.964000+00:00,leaf5,sg2,obt-collector1,0,193,0,0,0,0,0,0,0,0,0,0,0,0,0,0,0,0,0,0,91,0,0,0,0,40,0,0,0,0,0,0,98,4,0,0,94,0,67395,61515,0,31974,1,61536,67387,0,35576,0,30,128,0,98,0,0,0,0,164762,0,0,0,0,0,0,0,0,154,0,38,0,0,0,0,32310,0,0,0,509031,0,152,0,0/0/CPU0

2020-02-06 19:41:36.966000+00:00,leaf5,sg2,obt-collector1,0,355,0,0,0,0,0,0,0,0,0,0,432,0,0,0,0,0,0,0,0,0,0,0,0,1089,0,0,0,0,0,0,0,355,0,0,432,0,0,0,0,0,0,0,0,0,0,0,0,0,0,0,0,0,0,0,31664394,0,0,0,0,0,0,0,0,432,0,904,0,0,0,0,0,0,0,0,29328856,0,0,0,0/RP0/CPU0

2020-02-06 19:41:47.672000+00:00,leaf5,sg2,obt-collector1,0,193,0,0,0,0,0,0,0,0,0,0,0,0,0,0,0,0,0,0,91,0,0,0,0,40,0,0,0,0,0,0,98,4,0,0,94,0,67399,61516,0,31974,1,61537,67391,0,35577,0,30,128,0,98,0,0,0,0,164768,0,0,0,0,0,0,0,0,154,0,38,0,0,0,0,32310,0,0,0,509048,0,152,0,0/0/CPU0

2020-02-06 19:41:47.673000+00:00,leaf5,sg2,obt-collector1,0,355,0,0,0,0,0,0,0,0,0,0,432,0,0,0,0,0,0,0,0,0,0,0,0,1089,0,0,0,0,0,0,0,355,0,0,432,0,0,0,0,0,0,0,0,0,0,0,0,0,0,0,0,0,0,0,31664450,0,0,0,0,0,0,0,0,432,0,904,0,0,0,0,0,0,0,0,29328936,0,0,0,0/RP0/CPU0

2020-02-06 19:42:02.014000+00:00,leaf5,sg2,obt-collector1,0,193,0,0,0,0,0,0,0,0,0,0,0,0,0,0,0,0,0,0,91,0,0,0,0,40,0,0,0,0,0,0,98,4,0,0,94,0,67399,61521,0,31975,1,61542,67391,0,35578,0,30,128,0,98,0,0,0,0,164774,0,0,0,0,0,0,0,0,154,0,38,0,0,0,0,32311,0,0,0,509070,0,152,0,0/0/CPU0

2020-02-06 19:42:02.016000+00:00,leaf5,sg2,obt-collector1,0,355,0,0,0,0,0,0,0,0,0,0,432,0,0,0,0,0,0,0,0,0,0,0,0,1089,0,0,0,0,0,0,0,355,0,0,432,0,0,0,0,0,0,0,0,0,0,0,0,0,0,0,0,0,0,0,31664534,0,0,0,0,0,0,0,0,432,0,904,0,0,0,0,0,0,0,0,29329056,0,0,0,0/RP0/CPU0

2020-02-06 19:42:13.414000+00:00,leaf5,sg2,obt-collector1,0,193,0,0,0,0,0,0,0,0,0,0,0,0,0,0,0,0,0,0,91,0,0,0,0,40,0,0,0,0,0,0,98,4,0,0,94,0,67401,61522,0,31978,1,61543,67393,0,35578,0,30,128,0,98,0,0,0,0,164777,0,0,0,0,0,0,0,0,154,0,38,0,0,0,0,32314,0,0,0,509090,0,152,0,0/0/CPU0

2020-02-06 19:42:13.416000+00:00,leaf5,sg2,obt-collector1,0,355,0,0,0,0,0,0,0,0,0,0,432,0,0,0,0,0,0,0,0,0,0,0,0,1089,0,0,0,0,0,0,0,355,0,0,432,0,0,0,0,0,0,0,0,0,0,0,0,0,0,0,0,0,0,0,31664602,0,0,0,0,0,0,0,0,432,0,904,0,0,0,0,0,0,0,0,29329144,0,0,0,0/RP0/CPU0

2020-02-06 19:42:27.771000+00:00,leaf5,sg2,obt-collector1,0,193,0,0,0,0,0,0,0,0,0,0,0,0,0,0,0,0,0,0,91,0,0,0,0,40,0,0,0,0,0,0,98,4,0,0,94,0,67405,61523,0,31980,1,61544,67397,0,35580,0,30,128,0,98,0,0,0,0,164784,0,0,0,0,0,0,0,0,154,0,38,0,0,0,0,32316,0,0,0,509113,0,152,0,0/0/CPU0

2020-02-06 19:42:27.773000+00:00,leaf5,sg2,obt-collector1,0,355,0,0,0,0,0,0,0,0,0,0,432,0,0,0,0,0,0,0,0,0,0,0,0,1089,0,0,0,0,0,0,0,355,0,0,432,0,0,0,0,0,0,0,0,0,0,0,0,0,0,0,0,0,0,0,31664695,0,0,0,0,0,0,0,0,432,0,904,0,0,0,0,0,0,0,0,29329262,0,0,0,0/RP0/CPU0

2020-02-06 19:43:03.481000+00:00,leaf5,sg2,obt-collector1,0,193,0,0,0,0,0,0,0,0,0,0,0,0,0,0,0,0,0,0,91,0,0,0,0,40,0,0,0,0,0,0,98,4,0,0,94,0,67414,61530,0,31983,1,61551,67406,0,35583,0,30,128,0,98,0,0,0,0,164803,0,0,0,0,0,0,0,0,154,0,38,0,0,0,0,32319,0,0,0,509173,0,152,0,0/0/CPU0

2020-02-06 19:43:03.482000+00:00,leaf5,sg2,obt-collector1,0,355,0,0,0,0,0,0,0,0,0,0,432,0,0,0,0,0,0,0,0,0,0,0,0,1089,0,0,0,0,0,0,0,355,0,0,432,0,0,0,0,0,0,0,0,0,0,0,0,0,0,0,0,0,0,0,31664925,0,0,0,0,0,0,0,0,432,0,904,0,0,0,0,0,0,0,0,29329553,0,0,0,0/RP0/CPU0

2020-02-06 19:43:07.871000+00:00,leaf5,sg2,obt-collector1,0,193,0,0,0,0,0,0,0,0,0,0,0,0,0,0,0,0,0,0,91,0,0,0,0,40,0,0,0,0,0,0,98,4,0,0,94,0,67414,61531,0,31983,1,61552,67406,0,35584,0,30,128,0,98,0,0,0,0,164805,0,0,0,0,0,0,0,0,154,0,38,0,0,0,0,32319,0,0,0,509179,0,152,0,0/0/CPU0

2020-02-06 19:43:07.872000+00:00,leaf5,sg2,obt-collector1,0,355,0,0,0,0,0,0,0,0,0,0,432,0,0,0,0,0,0,0,0,0,0,0,0,1089,0,0,0,0,0,0,0,355,0,0,432,0,0,0,0,0,0,0,0,0,0,0,0,0,0,0,0,0,0,0,31664962,0,0,0,0,0,0,0,0,432,0,904,0,0,0,0,0,0,0,0,29329600,0,0,0,0/RP0/CPU0

2020-02-06 19:43:11.474000+00:00,leaf5,sg2,obt-collector1,0,193,0,0,0,0,0,0,0,0,0,0,0,0,0,0,0,0,0,0,91,0,0,0,0,40,0,0,0,0,0,0,98,4,0,0,94,0,67415,61532,0,31983,1,61553,67407,0,35585,0,30,128,0,98,0,0,0,0,164808,0,0,0,0,0,0,0,0,154,0,38,0,0,0,0,32319,0,0,0,509185,0,152,0,0/0/CPU0

2020-02-06 19:43:11.476000+00:00,leaf5,sg2,obt-collector1,0,355,0,0,0,0,0,0,0,0,0,0,432,0,0,0,0,0,0,0,0,0,0,0,0,1089,0,0,0,0,0,0,0,355,0,0,432,0,0,0,0,0,0,0,0,0,0,0,0,0,0,0,0,0,0,0,31664994,0,0,0,0,0,0,0,0,432,0,904,0,0,0,0,0,0,0,0,29329640,0,0,0,0/RP0/CPU0

2020-02-06 19:43:22.236000+00:00,leaf5,sg2,obt-collector1,0,193,0,0,0,0,0,0,0,0,0,0,0,0,0,0,0,0,0,0,91,0,0,0,0,40,0,0,0,0,0,0,98,4,0,0,94,0,67415,61535,0,31983,1,61556,67407,0,35589,0,30,128,0,98,0,0,0,0,164815,0,0,0,0,0,0,0,0,154,0,38,0,0,0,0,32319,0,0,0,509200,0,152,0,0/0/CPU0

2020-02-06 19:43:22.237000+00:00,leaf5,sg2,obt-collector1,0,355,0,0,0,0,0,0,0,0,0,0,432,0,0,0,0,0,0,0,0,0,0,0,0,1089,0,0,0,0,0,0,0,355,0,0,432,0,0,0,0,0,0,0,0,0,0,0,0,0,0,0,0,0,0,0,31665056,0,0,0,0,0,0,0,0,432,0,904,0,0,0,0,0,0,0,0,29329720,0,0,0,0/RP0/CPU0

2020-02-06 19:43:29.368000+00:00,leaf5,sg2,obt-collector1,0,193,0,0,0,0,0,0,0,0,0,0,0,0,0,0,0,0,0,0,91,0,0,0,0,40,0,0,0,0,0,0,98,4,0,0,94,0,67416,61535,0,31983,1,61556,67408,0,35590,0,30,128,0,98,0,0,0,0,164817,0,0,0,0,0,0,0,0,154,0,38,0,0,0,0,32319,0,0,0,509209,0,152,0,0/0/CPU0

2020-02-06 19:43:29.369000+00:00,leaf5,sg2,obt-collector1,0,355,0,0,0,0,0,0,0,0,0,0,432,0,0,0,0,0,0,0,0,0,0,0,0,1089,0,0,0,0,0,0,0,355,0,0,432,0,0,0,0,0,0,0,0,0,0,0,0,0,0,0,0,0,0,0,31665119,0,0,0,0,0,0,0,0,432,0,904,0,0,0,0,0,0,0,0,29329800,0,0,0,0/RP0/CPU0

2020-02-06 19:43:36.530000+00:00,leaf5,sg2,obt-collector1,0,193,0,0,0,0,0,0,0,0,0,0,0,0,0,0,0,0,0,0,91,0,0,0,0,40,0,0,0,0,0,0,98,4,0,0,94,0,67419,61537,0,31983,1,61558,67411,0,35592,0,30,128,0,98,0,0,0,0,164824,0,0,0,0,0,0,0,0,154,0,38,0,0,0,0,32319,0,0,0,509223,0,152,0,0/0/CPU0

2020-02-06 19:43:36.532000+00:00,leaf5,sg2,obt-collector1,0,355,0,0,0,0,0,0,0,0,0,0,432,0,0,0,0,0,0,0,0,0,0,0,0,1089,0,0,0,0,0,0,0,355,0,0,432,0,0,0,0,0,0,0,0,0,0,0,0,0,0,0,0,0,0,0,31665161,0,0,0,0,0,0,0,0,432,0,904,0,0,0,0,0,0,0,0,29329857,0,0,0,0/RP0/CPU0

2020-02-06 19:43:50.770000+00:00,leaf5,sg2,obt-collector1,0,193,0,0,0,0,0,0,0,0,0,0,0,0,0,0,0,0,0,0,91,0,0,0,0,40,0,0,0,0,0,0,98,4,0,0,94,0,67422,61543,0,31985,1,61564,67414,0,35593,0,30,128,0,98,0,0,0,0,164834,0,0,0,0,0,0,0,0,154,0,38,0,0,0,0,32321,0,0,0,509249,0,152,0,0/0/CPU0

2020-02-06 19:43:50.772000+00:00,leaf5,sg2,obt-collector1,0,355,0,0,0,0,0,0,0,0,0,0,432,0,0,0,0,0,0,0,0,0,0,0,0,1089,0,0,0,0,0,0,0,355,0,0,432,0,0,0,0,0,0,0,0,0,0,0,0,0,0,0,0,0,0,0,31665257,0,0,0,0,0,0,0,0,432,0,904,0,0,0,0,0,0,0,0,29329977,0,0,0,0/RP0/CPU0

2020-02-06 19:43:54.502000+00:00,leaf5,sg2,obt-collector1,0,193,0,0,0,0,0,0,0,0,0,0,0,0,0,0,0,0,0,0,91,0,0,0,0,40,0,0,0,0,0,0,98,4,0,0,94,0,67423,61543,0,31987,1,61564,67415,0,35593,0,30,128,0,98,0,0,0,0,164835,0,0,0,0,0,0,0,0,154,0,38,0,0,0,0,32323,0,0,0,509257,0,152,0,0/0/CPU0

2020-02-06 19:43:54.503000+00:00,leaf5,sg2,obt-collector1,0,355,0,0,0,0,0,0,0,0,0,0,432,0,0,0,0,0,0,0,0,0,0,0,0,1089,0,0,0,0,0,0,0,355,0,0,432,0,0,0,0,0,0,0,0,0,0,0,0,0,0,0,0,0,0,0,31665289,0,0,0,0,0,0,0,0,432,0,904,0,0,0,0,0,0,0,0,29330017,0,0,0,0/RP0/CPU0

2020-02-06 19:44:01.606000+00:00,leaf5,sg2,obt-collector1,0,193,0,0,0,0,0,0,0,0,0,0,0,0,0,0,0,0,0,0,91,0,0,0,0,40,0,0,0,0,0,0,98,4,0,0,94,0,67425,61544,0,31987,1,61565,67417,0,35593,0,30,128,0,98,0,0,0,0,164838,0,0,0,0,0,0,0,0,154,0,38,0,0,0,0,32323,0,0,0,509268,0,152,0,0/0/CPU0

2020-02-06 19:44:01.608000+00:00,leaf5,sg2,obt-collector1,0,355,0,0,0,0,0,0,0,0,0,0,432,0,0,0,0,0,0,0,0,0,0,0,0,1089,0,0,0,0,0,0,0,355,0,0,432,0,0,0,0,0,0,0,0,0,0,0,0,0,0,0,0,0,0,0,31665321,0,0,0,0,0,0,0,0,432,0,904,0,0,0,0,0,0,0,0,29330057,0,0,0,0/RP0/CPU0

2020-02-06 19:44:16.484000+00:00,leaf5,sg2,obt-collector1,0,193,0,0,0,0,0,0,0,0,0,0,0,0,0,0,0,0,0,0,91,0,0,0,0,40,0,0,0,0,0,0,98,4,0,0,94,0,67428,61546,0,31991,1,61567,67420,0,35595,0,30,128,0,98,0,0,0,0,164845,0,0,0,0,0,0,0,0,154,0,38,0,0,0,0,32327,0,0,0,509294,0,152,0,0/0/CPU0

2020-02-06 19:44:16.485000+00:00,leaf5,sg2,obt-collector1,0,355,0,0,0,0,0,0,0,0,0,0,432,0,0,0,0,0,0,0,0,0,0,0,0,1089,0,0,0,0,0,0,0,355,0,0,432,0,0,0,0,0,0,0,0,0,0,0,0,0,0,0,0,0,0,0,31665438,0,0,0,0,0,0,0,0,432,0,904,0,0,0,0,0,0,0,0,29330204,0,0,0,0/RP0/CPU0

2020-02-06 19:44:20.012000+00:00,leaf5,sg2,obt-collector1,0,193,0,0,0,0,0,0,0,0,0,0,0,0,0,0,0,0,0,0,91,0,0,0,0,40,0,0,0,0,0,0,98,4,0,0,94,0,67430,61546,0,31991,1,61567,67422,0,35596,0,30,128,0,98,0,0,0,0,164848,0,0,0,0,0,0,0,0,154,0,38,0,0,0,0,32327,0,0,0,509299,0,152,0,0/0/CPU0

2020-02-06 19:44:20.013000+00:00,leaf5,sg2,obt-collector1,0,355,0,0,0,0,0,0,0,0,0,0,432,0,0,0,0,0,0,0,0,0,0,0,0,1089,0,0,0,0,0,0,0,355,0,0,432,0,0,0,0,0,0,0,0,0,0,0,0,0,0,0,0,0,0,0,31665470,0,0,0,0,0,0,0,0,432,0,904,0,0,0,0,0,0,0,0,29330244,0,0,0,0/RP0/CPU0

2020-02-06 19:44:34.556000+00:00,leaf5,sg2,obt-collector1,0,193,0,0,0,0,0,0,0,0,0,0,0,0,0,0,0,0,0,0,91,0,0,0,0,40,0,0,0,0,0,0,98,4,0,0,94,0,67435,61548,0,31991,1,61569,67427,0,35596,0,30,128,0,98,0,0,0,0,164855,0,0,0,0,0,0,0,0,154,0,38,0,0,0,0,32327,0,0,0,509324,0,152,0,0/0/CPU0

2020-02-06 19:44:34.557000+00:00,leaf5,sg2,obt-collector1,0,355,0,0,0,0,0,0,0,0,0,0,432,0,0,0,0,0,0,0,0,0,0,0,0,1089,0,0,0,0,0,0,0,355,0,0,432,0,0,0,0,0,0,0,0,0,0,0,0,0,0,0,0,0,0,0,31665587,0,0,0,0,0,0,0,0,432,0,904,0,0,0,0,0,0,0,0,29330387,0,0,0,0/RP0/CPU0

2020-02-06 19:44:45.299000+00:00,leaf5,sg2,obt-collector1,0,193,0,0,0,0,0,0,0,0,0,0,0,0,0,0,0,0,0,0,91,0,0,0,0,40,0,0,0,0,0,0,98,4,0,0,94,0,67438,61551,0,31991,1,61572,67430,0,35597,0,30,128,0,98,0,0,0,0,164862,0,0,0,0,0,0,0,0,154,0,38,0,0,0,0,32327,0,0,0,509342,0,152,0,0/0/CPU0

2020-02-06 19:44:45.301000+00:00,leaf5,sg2,obt-collector1,0,355,0,0,0,0,0,0,0,0,0,0,432,0,0,0,0,0,0,0,0,0,0,0,0,1089,0,0,0,0,0,0,0,355,0,0,432,0,0,0,0,0,0,0,0,0,0,0,0,0,0,0,0,0,0,0,31665651,0,0,0,0,0,0,0,0,432,0,904,0,0,0,0,0,0,0,0,29330467,0,0,0,0/RP0/CPU0

2020-02-06 19:44:52.574000+00:00,leaf5,sg2,obt-collector1,0,193,0,0,0,0,0,0,0,0,0,0,0,0,0,0,0,0,0,0,91,0,0,0,0,40,0,0,0,0,0,0,98,4,0,0,94,0,67439,61553,0,31994,1,61574,67431,0,35598,0,30,128,0,98,0,0,0,0,164866,0,0,0,0,0,0,0,0,154,0,38,0,0,0,0,32330,0,0,0,509357,0,152,0,0/0/CPU0

2020-02-06 19:44:52.575000+00:00,leaf5,sg2,obt-collector1,0,355,0,0,0,0,0,0,0,0,0,0,432,0,0,0,0,0,0,0,0,0,0,0,0,1089,0,0,0,0,0,0,0,355,0,0,432,0,0,0,0,0,0,0,0,0,0,0,0,0,0,0,0,0,0,0,31665683,0,0,0,0,0,0,0,0,432,0,904,0,0,0,0,0,0,0,0,29330507,0,0,0,0/RP0/CPU0

2020-02-06 19:45:03.298000+00:00,leaf5,sg2,obt-collector1,0,193,0,0,0,0,0,0,0,0,0,0,0,0,0,0,0,0,0,0,91,0,0,0,0,40,0,0,0,0,0,0,98,4,0,0,94,0,67440,61557,0,31996,1,61578,67432,0,35598,0,30,128,0,98,0,0,0,0,164871,0,0,0,0,0,0,0,0,154,0,38,0,0,0,0,32332,0,0,0,509376,0,152,0,0/0/CPU0

2020-02-06 19:45:03.299000+00:00,leaf5,sg2,obt-collector1,0,355,0,0,0,0,0,0,0,0,0,0,432,0,0,0,0,0,0,0,0,0,0,0,0,1089,0,0,0,0,0,0,0,355,0,0,432,0,0,0,0,0,0,0,0,0,0,0,0,0,0,0,0,0,0,0,31665748,0,0,0,0,0,0,0,0,432,0,904,0,0,0,0,0,0,0,0,29330589,0,0,0,0/RP0/CPU0

