,Producer,Target,common-info/count,host,node-name,protocol-name,summary/base-object/protocol,summary/health/is-retry-db-empty,summary/summary-counts/array-number-of-object/num-objects,summary/summary-counts/array-number-of-object/object-type,summary/summary-counts/array-number-of-retry/num-retries,summary/summary-counts/array-number-of-retry/retry-object-type,summary/summary-counts/num-retry-ojbects,summary/summary-counts/num-retry-timeouts

2020-02-06 19:32:00.123000+00:00,leaf5,sg4,0,obt-collector1,0/0/CPU0,ipv6-mpls,3,true,0,DATA_TYPE_ENCAP_ID,0,Queue-Ext,0,0

2020-02-06 19:32:00.123000+00:00,leaf5,sg4,0,obt-collector1,0/0/CPU0,ipv4,0,false,0,DATA_TYPE_ENCAP_ID,0,Queue-Ext,0,18

2020-02-06 19:32:00.123000+00:00,leaf5,sg4,0,obt-collector1,0/0/CPU0,ipv4-mpls,1,true,0,DATA_TYPE_ENCAP_ID,0,Queue-Ext,0,0

2020-02-06 19:32:00.123000+00:00,leaf5,sg4,0,obt-collector1,0/0/CPU0,ipv6,2,false,0,DATA_TYPE_ENCAP_ID,0,Queue-Ext,0,65

2020-02-06 19:32:00.125000+00:00,leaf5,sg4,0,obt-collector1,0/RP0/CPU0,ipv4-mpls,1,true,0,DATA_TYPE_ENCAP_ID,0,Queue-Ext,0,0

2020-02-06 19:32:00.125000+00:00,leaf5,sg4,0,obt-collector1,0/RP0/CPU0,ipv6-mpls,3,true,0,DATA_TYPE_ENCAP_ID,0,Queue-Ext,0,0

2020-02-06 19:32:00.125000+00:00,leaf5,sg4,0,obt-collector1,0/RP0/CPU0,ipv6,2,false,0,DATA_TYPE_ENCAP_ID,271,Queue-Ext,0,1237

2020-02-06 19:32:00.125000+00:00,leaf5,sg4,0,obt-collector1,0/RP0/CPU0,ipv4,0,false,0,DATA_TYPE_ENCAP_ID,319,Queue-Ext,0,1299

2020-02-06 19:32:03.704000+00:00,leaf5,sg4,0,obt-collector1,0/0/CPU0,ipv4-mpls,1,true,0,DATA_TYPE_ENCAP_ID,0,Queue-Ext,0,0

2020-02-06 19:32:03.704000+00:00,leaf5,sg4,0,obt-collector1,0/0/CPU0,ipv6,2,false,0,DATA_TYPE_ENCAP_ID,0,Queue-Ext,0,65

2020-02-06 19:32:03.704000+00:00,leaf5,sg4,0,obt-collector1,0/0/CPU0,ipv4,0,false,0,DATA_TYPE_ENCAP_ID,0,Queue-Ext,0,18

2020-02-06 19:32:03.704000+00:00,leaf5,sg4,0,obt-collector1,0/0/CPU0,ipv6-mpls,3,true,0,DATA_TYPE_ENCAP_ID,0,Queue-Ext,0,0

2020-02-06 19:32:03.705000+00:00,leaf5,sg4,0,obt-collector1,0/RP0/CPU0,ipv4,0,false,0,DATA_TYPE_ENCAP_ID,319,Queue-Ext,0,1299

2020-02-06 19:32:03.705000+00:00,leaf5,sg4,0,obt-collector1,0/RP0/CPU0,ipv4-mpls,1,true,0,DATA_TYPE_ENCAP_ID,0,Queue-Ext,0,0

2020-02-06 19:32:03.705000+00:00,leaf5,sg4,0,obt-collector1,0/RP0/CPU0,ipv6,2,false,0,DATA_TYPE_ENCAP_ID,271,Queue-Ext,0,1237

2020-02-06 19:32:03.706000+00:00,leaf5,sg4,0,obt-collector1,0/RP0/CPU0,ipv6-mpls,3,true,0,DATA_TYPE_ENCAP_ID,0,Queue-Ext,0,0

2020-02-06 19:32:21.451000+00:00,leaf5,sg4,0,obt-collector1,0/0/CPU0,ipv4,0,false,0,DATA_TYPE_ENCAP_ID,0,Queue-Ext,0,18

2020-02-06 19:32:21.451000+00:00,leaf5,sg4,0,obt-collector1,0/0/CPU0,ipv6,2,false,0,DATA_TYPE_ENCAP_ID,0,Queue-Ext,0,65

2020-02-06 19:32:21.451000+00:00,leaf5,sg4,0,obt-collector1,0/0/CPU0,ipv4-mpls,1,true,0,DATA_TYPE_ENCAP_ID,0,Queue-Ext,0,0

2020-02-06 19:32:21.452000+00:00,leaf5,sg4,0,obt-collector1,0/0/CPU0,ipv6-mpls,3,true,0,DATA_TYPE_ENCAP_ID,0,Queue-Ext,0,0

2020-02-06 19:32:21.453000+00:00,leaf5,sg4,0,obt-collector1,0/RP0/CPU0,ipv4,0,false,0,DATA_TYPE_ENCAP_ID,319,Queue-Ext,0,1299

2020-02-06 19:32:21.453000+00:00,leaf5,sg4,0,obt-collector1,0/RP0/CPU0,ipv6,2,false,0,DATA_TYPE_ENCAP_ID,271,Queue-Ext,0,1237

2020-02-06 19:32:21.453000+00:00,leaf5,sg4,0,obt-collector1,0/RP0/CPU0,ipv4-mpls,1,true,0,DATA_TYPE_ENCAP_ID,0,Queue-Ext,0,0

2020-02-06 19:32:21.453000+00:00,leaf5,sg4,0,obt-collector1,0/RP0/CPU0,ipv6-mpls,3,true,0,DATA_TYPE_ENCAP_ID,0,Queue-Ext,0,0

2020-02-06 19:32:35.877000+00:00,leaf5,sg4,0,obt-collector1,0/0/CPU0,ipv6-mpls,3,true,0,DATA_TYPE_ENCAP_ID,0,Queue-Ext,0,0

2020-02-06 19:32:35.877000+00:00,leaf5,sg4,0,obt-collector1,0/0/CPU0,ipv6,2,false,0,DATA_TYPE_ENCAP_ID,0,Queue-Ext,0,65

2020-02-06 19:32:35.877000+00:00,leaf5,sg4,0,obt-collector1,0/0/CPU0,ipv4-mpls,1,true,0,DATA_TYPE_ENCAP_ID,0,Queue-Ext,0,0

2020-02-06 19:32:35.877000+00:00,leaf5,sg4,0,obt-collector1,0/0/CPU0,ipv4,0,false,0,DATA_TYPE_ENCAP_ID,0,Queue-Ext,0,18

2020-02-06 19:32:35.879000+00:00,leaf5,sg4,0,obt-collector1,0/RP0/CPU0,ipv4-mpls,1,true,0,DATA_TYPE_ENCAP_ID,0,Queue-Ext,0,0

2020-02-06 19:32:35.879000+00:00,leaf5,sg4,0,obt-collector1,0/RP0/CPU0,ipv6-mpls,3,true,0,DATA_TYPE_ENCAP_ID,0,Queue-Ext,0,0

2020-02-06 19:32:35.879000+00:00,leaf5,sg4,0,obt-collector1,0/RP0/CPU0,ipv6,2,false,0,DATA_TYPE_ENCAP_ID,271,Queue-Ext,0,1237

2020-02-06 19:32:35.879000+00:00,leaf5,sg4,0,obt-collector1,0/RP0/CPU0,ipv4,0,false,0,DATA_TYPE_ENCAP_ID,319,Queue-Ext,0,1299

2020-02-06 19:32:39.438000+00:00,leaf5,sg4,0,obt-collector1,0/0/CPU0,ipv4,0,false,0,DATA_TYPE_ENCAP_ID,0,Queue-Ext,0,18

2020-02-06 19:32:39.438000+00:00,leaf5,sg4,0,obt-collector1,0/0/CPU0,ipv6-mpls,3,true,0,DATA_TYPE_ENCAP_ID,0,Queue-Ext,0,0

2020-02-06 19:32:39.438000+00:00,leaf5,sg4,0,obt-collector1,0/0/CPU0,ipv4-mpls,1,true,0,DATA_TYPE_ENCAP_ID,0,Queue-Ext,0,0

2020-02-06 19:32:39.438000+00:00,leaf5,sg4,0,obt-collector1,0/0/CPU0,ipv6,2,false,0,DATA_TYPE_ENCAP_ID,0,Queue-Ext,0,65

2020-02-06 19:32:39.440000+00:00,leaf5,sg4,0,obt-collector1,0/RP0/CPU0,ipv6,2,false,0,DATA_TYPE_ENCAP_ID,271,Queue-Ext,0,1237

2020-02-06 19:32:39.440000+00:00,leaf5,sg4,0,obt-collector1,0/RP0/CPU0,ipv4,0,false,0,DATA_TYPE_ENCAP_ID,319,Queue-Ext,0,1299

2020-02-06 19:32:39.440000+00:00,leaf5,sg4,0,obt-collector1,0/RP0/CPU0,ipv6-mpls,3,true,0,DATA_TYPE_ENCAP_ID,0,Queue-Ext,0,0

2020-02-06 19:32:39.440000+00:00,leaf5,sg4,0,obt-collector1,0/RP0/CPU0,ipv4-mpls,1,true,0,DATA_TYPE_ENCAP_ID,0,Queue-Ext,0,0

2020-02-06 19:32:58.191000+00:00,leaf5,sg4,0,obt-collector1,0/0/CPU0,ipv6,2,false,0,DATA_TYPE_ENCAP_ID,0,Queue-Ext,0,65

2020-02-06 19:32:58.191000+00:00,leaf5,sg4,0,obt-collector1,0/0/CPU0,ipv4,0,false,0,DATA_TYPE_ENCAP_ID,0,Queue-Ext,0,18

2020-02-06 19:32:58.191000+00:00,leaf5,sg4,0,obt-collector1,0/0/CPU0,ipv4-mpls,1,true,0,DATA_TYPE_ENCAP_ID,0,Queue-Ext,0,0

2020-02-06 19:32:58.191000+00:00,leaf5,sg4,0,obt-collector1,0/0/CPU0,ipv6-mpls,3,true,0,DATA_TYPE_ENCAP_ID,0,Queue-Ext,0,0

2020-02-06 19:32:58.193000+00:00,leaf5,sg4,0,obt-collector1,0/RP0/CPU0,ipv6-mpls,3,true,0,DATA_TYPE_ENCAP_ID,0,Queue-Ext,0,0

2020-02-06 19:32:58.193000+00:00,leaf5,sg4,0,obt-collector1,0/RP0/CPU0,ipv4-mpls,1,true,0,DATA_TYPE_ENCAP_ID,0,Queue-Ext,0,0

2020-02-06 19:32:58.193000+00:00,leaf5,sg4,0,obt-collector1,0/RP0/CPU0,ipv4,0,false,0,DATA_TYPE_ENCAP_ID,319,Queue-Ext,0,1299

2020-02-06 19:32:58.193000+00:00,leaf5,sg4,0,obt-collector1,0/RP0/CPU0,ipv6,2,false,0,DATA_TYPE_ENCAP_ID,271,Queue-Ext,0,1237

2020-02-06 19:33:01.736000+00:00,leaf5,sg4,0,obt-collector1,0/0/CPU0,ipv6-mpls,3,true,0,DATA_TYPE_ENCAP_ID,0,Queue-Ext,0,0

2020-02-06 19:33:01.736000+00:00,leaf5,sg4,0,obt-collector1,0/0/CPU0,ipv6,2,false,0,DATA_TYPE_ENCAP_ID,0,Queue-Ext,0,65

2020-02-06 19:33:01.736000+00:00,leaf5,sg4,0,obt-collector1,0/0/CPU0,ipv4-mpls,1,true,0,DATA_TYPE_ENCAP_ID,0,Queue-Ext,0,0

2020-02-06 19:33:01.736000+00:00,leaf5,sg4,0,obt-collector1,0/0/CPU0,ipv4,0,false,0,DATA_TYPE_ENCAP_ID,0,Queue-Ext,0,18

2020-02-06 19:33:01.737000+00:00,leaf5,sg4,0,obt-collector1,0/RP0/CPU0,ipv4,0,false,0,DATA_TYPE_ENCAP_ID,319,Queue-Ext,0,1299

2020-02-06 19:33:01.737000+00:00,leaf5,sg4,0,obt-collector1,0/RP0/CPU0,ipv6,2,false,0,DATA_TYPE_ENCAP_ID,271,Queue-Ext,0,1237

2020-02-06 19:33:01.737000+00:00,leaf5,sg4,0,obt-collector1,0/RP0/CPU0,ipv4-mpls,1,true,0,DATA_TYPE_ENCAP_ID,0,Queue-Ext,0,0

2020-02-06 19:33:01.738000+00:00,leaf5,sg4,0,obt-collector1,0/RP0/CPU0,ipv6-mpls,3,true,0,DATA_TYPE_ENCAP_ID,0,Queue-Ext,0,0

2020-02-06 19:33:15.914000+00:00,leaf5,sg4,0,obt-collector1,0/0/CPU0,ipv4,0,false,0,DATA_TYPE_ENCAP_ID,0,Queue-Ext,0,18

2020-02-06 19:33:15.914000+00:00,leaf5,sg4,0,obt-collector1,0/0/CPU0,ipv6-mpls,3,true,0,DATA_TYPE_ENCAP_ID,0,Queue-Ext,0,0

2020-02-06 19:33:15.914000+00:00,leaf5,sg4,0,obt-collector1,0/0/CPU0,ipv4-mpls,1,true,0,DATA_TYPE_ENCAP_ID,0,Queue-Ext,0,0

2020-02-06 19:33:15.914000+00:00,leaf5,sg4,0,obt-collector1,0/0/CPU0,ipv6,2,false,0,DATA_TYPE_ENCAP_ID,0,Queue-Ext,0,65

2020-02-06 19:33:15.916000+00:00,leaf5,sg4,0,obt-collector1,0/RP0/CPU0,ipv4-mpls,1,true,0,DATA_TYPE_ENCAP_ID,0,Queue-Ext,0,0

2020-02-06 19:33:15.916000+00:00,leaf5,sg4,0,obt-collector1,0/RP0/CPU0,ipv6-mpls,3,true,0,DATA_TYPE_ENCAP_ID,0,Queue-Ext,0,0

2020-02-06 19:33:15.916000+00:00,leaf5,sg4,0,obt-collector1,0/RP0/CPU0,ipv6,2,false,0,DATA_TYPE_ENCAP_ID,271,Queue-Ext,0,1237

2020-02-06 19:33:15.916000+00:00,leaf5,sg4,0,obt-collector1,0/RP0/CPU0,ipv4,0,false,0,DATA_TYPE_ENCAP_ID,319,Queue-Ext,0,1299

2020-02-06 19:33:40.772000+00:00,leaf5,sg4,0,obt-collector1,0/0/CPU0,ipv6,2,false,0,DATA_TYPE_ENCAP_ID,0,Queue-Ext,0,65

2020-02-06 19:33:40.772000+00:00,leaf5,sg4,0,obt-collector1,0/0/CPU0,ipv4,0,false,0,DATA_TYPE_ENCAP_ID,0,Queue-Ext,0,18

2020-02-06 19:33:40.772000+00:00,leaf5,sg4,0,obt-collector1,0/0/CPU0,ipv4-mpls,1,true,0,DATA_TYPE_ENCAP_ID,0,Queue-Ext,0,0

2020-02-06 19:33:40.772000+00:00,leaf5,sg4,0,obt-collector1,0/0/CPU0,ipv6-mpls,3,true,0,DATA_TYPE_ENCAP_ID,0,Queue-Ext,0,0

2020-02-06 19:33:40.774000+00:00,leaf5,sg4,0,obt-collector1,0/RP0/CPU0,ipv6,2,false,0,DATA_TYPE_ENCAP_ID,271,Queue-Ext,0,1237

2020-02-06 19:33:40.774000+00:00,leaf5,sg4,0,obt-collector1,0/RP0/CPU0,ipv4,0,false,0,DATA_TYPE_ENCAP_ID,319,Queue-Ext,0,1299

2020-02-06 19:33:40.774000+00:00,leaf5,sg4,0,obt-collector1,0/RP0/CPU0,ipv6-mpls,3,true,0,DATA_TYPE_ENCAP_ID,0,Queue-Ext,0,0

2020-02-06 19:33:40.774000+00:00,leaf5,sg4,0,obt-collector1,0/RP0/CPU0,ipv4-mpls,1,true,0,DATA_TYPE_ENCAP_ID,0,Queue-Ext,0,0

2020-02-06 19:34:03.195000+00:00,leaf5,sg4,0,obt-collector1,0/0/CPU0,ipv6-mpls,3,true,0,DATA_TYPE_ENCAP_ID,0,Queue-Ext,0,0

2020-02-06 19:34:03.195000+00:00,leaf5,sg4,0,obt-collector1,0/0/CPU0,ipv6,2,false,0,DATA_TYPE_ENCAP_ID,0,Queue-Ext,0,65

2020-02-06 19:34:03.195000+00:00,leaf5,sg4,0,obt-collector1,0/0/CPU0,ipv4-mpls,1,true,0,DATA_TYPE_ENCAP_ID,0,Queue-Ext,0,0

2020-02-06 19:34:03.195000+00:00,leaf5,sg4,0,obt-collector1,0/0/CPU0,ipv4,0,false,0,DATA_TYPE_ENCAP_ID,0,Queue-Ext,0,18

2020-02-06 19:34:03.197000+00:00,leaf5,sg4,0,obt-collector1,0/RP0/CPU0,ipv6-mpls,3,true,0,DATA_TYPE_ENCAP_ID,0,Queue-Ext,0,0

2020-02-06 19:34:03.197000+00:00,leaf5,sg4,0,obt-collector1,0/RP0/CPU0,ipv4-mpls,1,true,0,DATA_TYPE_ENCAP_ID,0,Queue-Ext,0,0

2020-02-06 19:34:03.197000+00:00,leaf5,sg4,0,obt-collector1,0/RP0/CPU0,ipv4,0,false,0,DATA_TYPE_ENCAP_ID,319,Queue-Ext,0,1299

2020-02-06 19:34:03.197000+00:00,leaf5,sg4,0,obt-collector1,0/RP0/CPU0,ipv6,2,false,0,DATA_TYPE_ENCAP_ID,271,Queue-Ext,0,1237

2020-02-06 19:34:10.373000+00:00,leaf5,sg4,0,obt-collector1,0/0/CPU0,ipv4,0,false,0,DATA_TYPE_ENCAP_ID,0,Queue-Ext,0,18

2020-02-06 19:34:10.373000+00:00,leaf5,sg4,0,obt-collector1,0/0/CPU0,ipv6-mpls,3,true,0,DATA_TYPE_ENCAP_ID,0,Queue-Ext,0,0

2020-02-06 19:34:10.373000+00:00,leaf5,sg4,0,obt-collector1,0/0/CPU0,ipv4-mpls,1,true,0,DATA_TYPE_ENCAP_ID,0,Queue-Ext,0,0

2020-02-06 19:34:10.373000+00:00,leaf5,sg4,0,obt-collector1,0/0/CPU0,ipv6,2,false,0,DATA_TYPE_ENCAP_ID,0,Queue-Ext,0,65

2020-02-06 19:34:10.375000+00:00,leaf5,sg4,0,obt-collector1,0/RP0/CPU0,ipv4,0,false,0,DATA_TYPE_ENCAP_ID,319,Queue-Ext,0,1299

2020-02-06 19:34:10.375000+00:00,leaf5,sg4,0,obt-collector1,0/RP0/CPU0,ipv6,2,false,0,DATA_TYPE_ENCAP_ID,271,Queue-Ext,0,1237

2020-02-06 19:34:10.375000+00:00,leaf5,sg4,0,obt-collector1,0/RP0/CPU0,ipv4-mpls,1,true,0,DATA_TYPE_ENCAP_ID,0,Queue-Ext,0,0

2020-02-06 19:34:10.375000+00:00,leaf5,sg4,0,obt-collector1,0/RP0/CPU0,ipv6-mpls,3,true,0,DATA_TYPE_ENCAP_ID,0,Queue-Ext,0,0

2020-02-06 19:34:35.697000+00:00,leaf5,sg4,0,obt-collector1,0/0/CPU0,ipv6,2,false,0,DATA_TYPE_ENCAP_ID,0,Queue-Ext,0,65

2020-02-06 19:34:35.697000+00:00,leaf5,sg4,0,obt-collector1,0/0/CPU0,ipv4,0,false,0,DATA_TYPE_ENCAP_ID,0,Queue-Ext,0,18

2020-02-06 19:34:35.697000+00:00,leaf5,sg4,0,obt-collector1,0/0/CPU0,ipv4-mpls,1,true,0,DATA_TYPE_ENCAP_ID,0,Queue-Ext,0,0

2020-02-06 19:34:35.697000+00:00,leaf5,sg4,0,obt-collector1,0/0/CPU0,ipv6-mpls,3,true,0,DATA_TYPE_ENCAP_ID,0,Queue-Ext,0,0

2020-02-06 19:34:35.699000+00:00,leaf5,sg4,0,obt-collector1,0/RP0/CPU0,ipv4-mpls,1,true,0,DATA_TYPE_ENCAP_ID,0,Queue-Ext,0,0

2020-02-06 19:34:35.699000+00:00,leaf5,sg4,0,obt-collector1,0/RP0/CPU0,ipv6-mpls,3,true,0,DATA_TYPE_ENCAP_ID,0,Queue-Ext,0,0

2020-02-06 19:34:35.699000+00:00,leaf5,sg4,0,obt-collector1,0/RP0/CPU0,ipv6,2,false,0,DATA_TYPE_ENCAP_ID,271,Queue-Ext,0,1237

2020-02-06 19:34:35.699000+00:00,leaf5,sg4,0,obt-collector1,0/RP0/CPU0,ipv4,0,false,0,DATA_TYPE_ENCAP_ID,319,Queue-Ext,0,1299

2020-02-06 19:34:46.412000+00:00,leaf5,sg4,0,obt-collector1,0/0/CPU0,ipv4,0,false,0,DATA_TYPE_ENCAP_ID,0,Queue-Ext,0,18

2020-02-06 19:34:46.412000+00:00,leaf5,sg4,0,obt-collector1,0/0/CPU0,ipv4-mpls,1,true,0,DATA_TYPE_ENCAP_ID,0,Queue-Ext,0,0

2020-02-06 19:34:46.413000+00:00,leaf5,sg4,0,obt-collector1,0/0/CPU0,ipv6-mpls,3,true,0,DATA_TYPE_ENCAP_ID,0,Queue-Ext,0,0

2020-02-06 19:34:46.413000+00:00,leaf5,sg4,0,obt-collector1,0/0/CPU0,ipv6,2,false,0,DATA_TYPE_ENCAP_ID,0,Queue-Ext,0,65

2020-02-06 19:34:46.414000+00:00,leaf5,sg4,0,obt-collector1,0/RP0/CPU0,ipv4,0,false,0,DATA_TYPE_ENCAP_ID,319,Queue-Ext,0,1299

2020-02-06 19:34:46.414000+00:00,leaf5,sg4,0,obt-collector1,0/RP0/CPU0,ipv6,2,false,0,DATA_TYPE_ENCAP_ID,271,Queue-Ext,0,1237

2020-02-06 19:34:46.414000+00:00,leaf5,sg4,0,obt-collector1,0/RP0/CPU0,ipv6-mpls,3,true,0,DATA_TYPE_ENCAP_ID,0,Queue-Ext,0,0

2020-02-06 19:34:46.414000+00:00,leaf5,sg4,0,obt-collector1,0/RP0/CPU0,ipv4-mpls,1,true,0,DATA_TYPE_ENCAP_ID,0,Queue-Ext,0,0

2020-02-06 19:35:26.586000+00:00,leaf5,sg4,0,obt-collector1,0/0/CPU0,ipv6,2,false,0,DATA_TYPE_ENCAP_ID,0,Queue-Ext,0,65

2020-02-06 19:35:26.586000+00:00,leaf5,sg4,0,obt-collector1,0/0/CPU0,ipv4,0,false,0,DATA_TYPE_ENCAP_ID,0,Queue-Ext,0,18

2020-02-06 19:35:26.586000+00:00,leaf5,sg4,0,obt-collector1,0/0/CPU0,ipv6-mpls,3,true,0,DATA_TYPE_ENCAP_ID,0,Queue-Ext,0,0

2020-02-06 19:35:26.586000+00:00,leaf5,sg4,0,obt-collector1,0/0/CPU0,ipv4-mpls,1,true,0,DATA_TYPE_ENCAP_ID,0,Queue-Ext,0,0

2020-02-06 19:35:26.588000+00:00,leaf5,sg4,0,obt-collector1,0/RP0/CPU0,ipv6-mpls,3,true,0,DATA_TYPE_ENCAP_ID,0,Queue-Ext,0,0

2020-02-06 19:35:26.588000+00:00,leaf5,sg4,0,obt-collector1,0/RP0/CPU0,ipv4-mpls,1,true,0,DATA_TYPE_ENCAP_ID,0,Queue-Ext,0,0

2020-02-06 19:35:26.588000+00:00,leaf5,sg4,0,obt-collector1,0/RP0/CPU0,ipv6,2,false,0,DATA_TYPE_ENCAP_ID,271,Queue-Ext,0,1237

2020-02-06 19:35:26.588000+00:00,leaf5,sg4,0,obt-collector1,0/RP0/CPU0,ipv4,0,false,0,DATA_TYPE_ENCAP_ID,319,Queue-Ext,0,1299

2020-02-06 19:35:44.576000+00:00,leaf5,sg4,0,obt-collector1,0/0/CPU0,ipv4-mpls,1,true,0,DATA_TYPE_ENCAP_ID,0,Queue-Ext,0,0

2020-02-06 19:35:44.576000+00:00,leaf5,sg4,0,obt-collector1,0/0/CPU0,ipv6,2,false,0,DATA_TYPE_ENCAP_ID,0,Queue-Ext,0,65

2020-02-06 19:35:44.576000+00:00,leaf5,sg4,0,obt-collector1,0/0/CPU0,ipv6-mpls,3,true,0,DATA_TYPE_ENCAP_ID,0,Queue-Ext,0,0

2020-02-06 19:35:44.576000+00:00,leaf5,sg4,0,obt-collector1,0/0/CPU0,ipv4,0,false,0,DATA_TYPE_ENCAP_ID,0,Queue-Ext,0,18

2020-02-06 19:35:44.578000+00:00,leaf5,sg4,0,obt-collector1,0/RP0/CPU0,ipv6,2,false,0,DATA_TYPE_ENCAP_ID,271,Queue-Ext,0,1237

2020-02-06 19:35:44.578000+00:00,leaf5,sg4,0,obt-collector1,0/RP0/CPU0,ipv4,0,false,0,DATA_TYPE_ENCAP_ID,319,Queue-Ext,0,1299

2020-02-06 19:35:44.578000+00:00,leaf5,sg4,0,obt-collector1,0/RP0/CPU0,ipv4-mpls,1,true,0,DATA_TYPE_ENCAP_ID,0,Queue-Ext,0,0

2020-02-06 19:35:44.578000+00:00,leaf5,sg4,0,obt-collector1,0/RP0/CPU0,ipv6-mpls,3,true,0,DATA_TYPE_ENCAP_ID,0,Queue-Ext,0,0

2020-02-06 19:36:02.858000+00:00,leaf5,sg4,0,obt-collector1,0/0/CPU0,ipv4,0,false,0,DATA_TYPE_ENCAP_ID,0,Queue-Ext,0,18

2020-02-06 19:36:02.858000+00:00,leaf5,sg4,0,obt-collector1,0/0/CPU0,ipv4-mpls,1,true,0,DATA_TYPE_ENCAP_ID,0,Queue-Ext,0,0

2020-02-06 19:36:02.858000+00:00,leaf5,sg4,0,obt-collector1,0/0/CPU0,ipv6-mpls,3,true,0,DATA_TYPE_ENCAP_ID,0,Queue-Ext,0,0

2020-02-06 19:36:02.858000+00:00,leaf5,sg4,0,obt-collector1,0/0/CPU0,ipv6,2,false,0,DATA_TYPE_ENCAP_ID,0,Queue-Ext,0,65

2020-02-06 19:36:02.860000+00:00,leaf5,sg4,0,obt-collector1,0/RP0/CPU0,ipv4-mpls,1,true,0,DATA_TYPE_ENCAP_ID,0,Queue-Ext,0,0

2020-02-06 19:36:02.860000+00:00,leaf5,sg4,0,obt-collector1,0/RP0/CPU0,ipv6-mpls,3,true,0,DATA_TYPE_ENCAP_ID,0,Queue-Ext,0,0

2020-02-06 19:36:02.860000+00:00,leaf5,sg4,0,obt-collector1,0/RP0/CPU0,ipv4,0,false,0,DATA_TYPE_ENCAP_ID,319,Queue-Ext,0,1299

2020-02-06 19:36:02.860000+00:00,leaf5,sg4,0,obt-collector1,0/RP0/CPU0,ipv6,2,false,0,DATA_TYPE_ENCAP_ID,271,Queue-Ext,0,1237

2020-02-06 19:36:06.423000+00:00,leaf5,sg4,0,obt-collector1,0/0/CPU0,ipv6,2,false,0,DATA_TYPE_ENCAP_ID,0,Queue-Ext,0,65

2020-02-06 19:36:06.423000+00:00,leaf5,sg4,0,obt-collector1,0/0/CPU0,ipv4,0,false,0,DATA_TYPE_ENCAP_ID,0,Queue-Ext,0,18

2020-02-06 19:36:06.423000+00:00,leaf5,sg4,0,obt-collector1,0/0/CPU0,ipv6-mpls,3,true,0,DATA_TYPE_ENCAP_ID,0,Queue-Ext,0,0

2020-02-06 19:36:06.423000+00:00,leaf5,sg4,0,obt-collector1,0/0/CPU0,ipv4-mpls,1,true,0,DATA_TYPE_ENCAP_ID,0,Queue-Ext,0,0

2020-02-06 19:36:06.425000+00:00,leaf5,sg4,0,obt-collector1,0/RP0/CPU0,ipv4,0,false,0,DATA_TYPE_ENCAP_ID,319,Queue-Ext,0,1299

2020-02-06 19:36:06.425000+00:00,leaf5,sg4,0,obt-collector1,0/RP0/CPU0,ipv6,2,false,0,DATA_TYPE_ENCAP_ID,271,Queue-Ext,0,1237

2020-02-06 19:36:06.425000+00:00,leaf5,sg4,0,obt-collector1,0/RP0/CPU0,ipv6-mpls,3,true,0,DATA_TYPE_ENCAP_ID,0,Queue-Ext,0,0

2020-02-06 19:36:06.425000+00:00,leaf5,sg4,0,obt-collector1,0/RP0/CPU0,ipv4-mpls,1,true,0,DATA_TYPE_ENCAP_ID,0,Queue-Ext,0,0

2020-02-06 19:36:13.561000+00:00,leaf5,sg4,0,obt-collector1,0/0/CPU0,ipv4-mpls,1,true,0,DATA_TYPE_ENCAP_ID,0,Queue-Ext,0,0

2020-02-06 19:36:13.561000+00:00,leaf5,sg4,0,obt-collector1,0/0/CPU0,ipv6,2,false,0,DATA_TYPE_ENCAP_ID,0,Queue-Ext,0,65

2020-02-06 19:36:13.561000+00:00,leaf5,sg4,0,obt-collector1,0/0/CPU0,ipv6-mpls,3,true,0,DATA_TYPE_ENCAP_ID,0,Queue-Ext,0,0

2020-02-06 19:36:13.561000+00:00,leaf5,sg4,0,obt-collector1,0/0/CPU0,ipv4,0,false,0,DATA_TYPE_ENCAP_ID,0,Queue-Ext,0,18

2020-02-06 19:36:13.563000+00:00,leaf5,sg4,0,obt-collector1,0/RP0/CPU0,ipv6-mpls,3,true,0,DATA_TYPE_ENCAP_ID,0,Queue-Ext,0,0

2020-02-06 19:36:13.563000+00:00,leaf5,sg4,0,obt-collector1,0/RP0/CPU0,ipv4-mpls,1,true,0,DATA_TYPE_ENCAP_ID,0,Queue-Ext,0,0

2020-02-06 19:36:13.563000+00:00,leaf5,sg4,0,obt-collector1,0/RP0/CPU0,ipv6,2,false,0,DATA_TYPE_ENCAP_ID,271,Queue-Ext,0,1237

2020-02-06 19:36:13.563000+00:00,leaf5,sg4,0,obt-collector1,0/RP0/CPU0,ipv4,0,false,0,DATA_TYPE_ENCAP_ID,319,Queue-Ext,0,1299

2020-02-06 19:36:17.374000+00:00,leaf5,sg4,0,obt-collector1,0/0/CPU0,ipv4,0,false,0,DATA_TYPE_ENCAP_ID,0,Queue-Ext,0,18

2020-02-06 19:36:17.374000+00:00,leaf5,sg4,0,obt-collector1,0/0/CPU0,ipv4-mpls,1,true,0,DATA_TYPE_ENCAP_ID,0,Queue-Ext,0,0

2020-02-06 19:36:17.374000+00:00,leaf5,sg4,0,obt-collector1,0/0/CPU0,ipv6-mpls,3,true,0,DATA_TYPE_ENCAP_ID,0,Queue-Ext,0,0

2020-02-06 19:36:17.374000+00:00,leaf5,sg4,0,obt-collector1,0/0/CPU0,ipv6,2,false,0,DATA_TYPE_ENCAP_ID,0,Queue-Ext,0,65

2020-02-06 19:36:17.376000+00:00,leaf5,sg4,0,obt-collector1,0/RP0/CPU0,ipv6,2,false,0,DATA_TYPE_ENCAP_ID,271,Queue-Ext,0,1237

2020-02-06 19:36:17.376000+00:00,leaf5,sg4,0,obt-collector1,0/RP0/CPU0,ipv4,0,false,0,DATA_TYPE_ENCAP_ID,319,Queue-Ext,0,1299

2020-02-06 19:36:17.376000+00:00,leaf5,sg4,0,obt-collector1,0/RP0/CPU0,ipv4-mpls,1,true,0,DATA_TYPE_ENCAP_ID,0,Queue-Ext,0,0

2020-02-06 19:36:17.376000+00:00,leaf5,sg4,0,obt-collector1,0/RP0/CPU0,ipv6-mpls,3,true,0,DATA_TYPE_ENCAP_ID,0,Queue-Ext,0,0

2020-02-06 19:36:39.712000+00:00,leaf5,sg4,0,obt-collector1,0/0/CPU0,ipv6,2,false,0,DATA_TYPE_ENCAP_ID,0,Queue-Ext,0,65

2020-02-06 19:36:39.712000+00:00,leaf5,sg4,0,obt-collector1,0/0/CPU0,ipv4,0,false,0,DATA_TYPE_ENCAP_ID,0,Queue-Ext,0,18

2020-02-06 19:36:39.712000+00:00,leaf5,sg4,0,obt-collector1,0/0/CPU0,ipv6-mpls,3,true,0,DATA_TYPE_ENCAP_ID,0,Queue-Ext,0,0

2020-02-06 19:36:39.712000+00:00,leaf5,sg4,0,obt-collector1,0/0/CPU0,ipv4-mpls,1,true,0,DATA_TYPE_ENCAP_ID,0,Queue-Ext,0,0

2020-02-06 19:36:39.714000+00:00,leaf5,sg4,0,obt-collector1,0/RP0/CPU0,ipv4-mpls,1,true,0,DATA_TYPE_ENCAP_ID,0,Queue-Ext,0,0

2020-02-06 19:36:39.714000+00:00,leaf5,sg4,0,obt-collector1,0/RP0/CPU0,ipv6-mpls,3,true,0,DATA_TYPE_ENCAP_ID,0,Queue-Ext,0,0

2020-02-06 19:36:39.714000+00:00,leaf5,sg4,0,obt-collector1,0/RP0/CPU0,ipv4,0,false,0,DATA_TYPE_ENCAP_ID,319,Queue-Ext,0,1299

2020-02-06 19:36:39.714000+00:00,leaf5,sg4,0,obt-collector1,0/RP0/CPU0,ipv6,2,false,0,DATA_TYPE_ENCAP_ID,271,Queue-Ext,0,1237

2020-02-06 19:37:08.589000+00:00,leaf5,sg4,0,obt-collector1,0/0/CPU0,ipv4-mpls,1,true,0,DATA_TYPE_ENCAP_ID,0,Queue-Ext,0,0

2020-02-06 19:37:08.589000+00:00,leaf5,sg4,0,obt-collector1,0/0/CPU0,ipv4,0,false,0,DATA_TYPE_ENCAP_ID,0,Queue-Ext,0,18

2020-02-06 19:37:08.590000+00:00,leaf5,sg4,0,obt-collector1,0/0/CPU0,ipv6-mpls,3,true,0,DATA_TYPE_ENCAP_ID,0,Queue-Ext,0,0

2020-02-06 19:37:08.590000+00:00,leaf5,sg4,0,obt-collector1,0/0/CPU0,ipv6,2,false,0,DATA_TYPE_ENCAP_ID,0,Queue-Ext,0,65

2020-02-06 19:37:08.591000+00:00,leaf5,sg4,0,obt-collector1,0/RP0/CPU0,ipv4,0,false,0,DATA_TYPE_ENCAP_ID,319,Queue-Ext,0,1299

2020-02-06 19:37:08.591000+00:00,leaf5,sg4,0,obt-collector1,0/RP0/CPU0,ipv6,2,false,0,DATA_TYPE_ENCAP_ID,271,Queue-Ext,0,1237

2020-02-06 19:37:08.591000+00:00,leaf5,sg4,0,obt-collector1,0/RP0/CPU0,ipv6-mpls,3,true,0,DATA_TYPE_ENCAP_ID,0,Queue-Ext,0,0

2020-02-06 19:37:08.591000+00:00,leaf5,sg4,0,obt-collector1,0/RP0/CPU0,ipv4-mpls,1,true,0,DATA_TYPE_ENCAP_ID,0,Queue-Ext,0,0

2020-02-06 19:37:58.794000+00:00,leaf5,sg4,0,obt-collector1,0/0/CPU0,ipv6,2,false,0,DATA_TYPE_ENCAP_ID,0,Queue-Ext,0,65

2020-02-06 19:37:58.794000+00:00,leaf5,sg4,0,obt-collector1,0/0/CPU0,ipv4-mpls,1,true,0,DATA_TYPE_ENCAP_ID,0,Queue-Ext,0,0

2020-02-06 19:37:58.794000+00:00,leaf5,sg4,0,obt-collector1,0/0/CPU0,ipv6-mpls,3,true,0,DATA_TYPE_ENCAP_ID,0,Queue-Ext,0,0

2020-02-06 19:37:58.794000+00:00,leaf5,sg4,0,obt-collector1,0/0/CPU0,ipv4,0,false,0,DATA_TYPE_ENCAP_ID,0,Queue-Ext,0,18

2020-02-06 19:37:58.796000+00:00,leaf5,sg4,0,obt-collector1,0/RP0/CPU0,ipv6-mpls,3,true,0,DATA_TYPE_ENCAP_ID,0,Queue-Ext,0,0

2020-02-06 19:37:58.796000+00:00,leaf5,sg4,0,obt-collector1,0/RP0/CPU0,ipv4-mpls,1,true,0,DATA_TYPE_ENCAP_ID,0,Queue-Ext,0,0

2020-02-06 19:37:58.796000+00:00,leaf5,sg4,0,obt-collector1,0/RP0/CPU0,ipv6,2,false,0,DATA_TYPE_ENCAP_ID,271,Queue-Ext,0,1237

2020-02-06 19:37:58.796000+00:00,leaf5,sg4,0,obt-collector1,0/RP0/CPU0,ipv4,0,false,0,DATA_TYPE_ENCAP_ID,319,Queue-Ext,0,1299

2020-02-06 19:38:05.888000+00:00,leaf5,sg4,0,obt-collector1,0/0/CPU0,ipv4,0,false,0,DATA_TYPE_ENCAP_ID,0,Queue-Ext,0,18

2020-02-06 19:38:05.888000+00:00,leaf5,sg4,0,obt-collector1,0/0/CPU0,ipv6,2,false,0,DATA_TYPE_ENCAP_ID,0,Queue-Ext,0,65

2020-02-06 19:38:05.888000+00:00,leaf5,sg4,0,obt-collector1,0/0/CPU0,ipv6-mpls,3,true,0,DATA_TYPE_ENCAP_ID,0,Queue-Ext,0,0

2020-02-06 19:38:05.888000+00:00,leaf5,sg4,0,obt-collector1,0/0/CPU0,ipv4-mpls,1,true,0,DATA_TYPE_ENCAP_ID,0,Queue-Ext,0,0

2020-02-06 19:38:05.890000+00:00,leaf5,sg4,0,obt-collector1,0/RP0/CPU0,ipv6,2,false,0,DATA_TYPE_ENCAP_ID,271,Queue-Ext,0,1237

2020-02-06 19:38:05.890000+00:00,leaf5,sg4,0,obt-collector1,0/RP0/CPU0,ipv4,0,false,0,DATA_TYPE_ENCAP_ID,319,Queue-Ext,0,1299

2020-02-06 19:38:05.890000+00:00,leaf5,sg4,0,obt-collector1,0/RP0/CPU0,ipv4-mpls,1,true,0,DATA_TYPE_ENCAP_ID,0,Queue-Ext,0,0

2020-02-06 19:38:05.890000+00:00,leaf5,sg4,0,obt-collector1,0/RP0/CPU0,ipv6-mpls,3,true,0,DATA_TYPE_ENCAP_ID,0,Queue-Ext,0,0

2020-02-06 19:38:13.036000+00:00,leaf5,sg4,0,obt-collector1,0/0/CPU0,ipv4-mpls,1,true,0,DATA_TYPE_ENCAP_ID,0,Queue-Ext,0,0

2020-02-06 19:38:13.036000+00:00,leaf5,sg4,0,obt-collector1,0/0/CPU0,ipv4,0,false,0,DATA_TYPE_ENCAP_ID,0,Queue-Ext,0,18

2020-02-06 19:38:13.036000+00:00,leaf5,sg4,0,obt-collector1,0/0/CPU0,ipv6-mpls,3,true,0,DATA_TYPE_ENCAP_ID,0,Queue-Ext,0,0

2020-02-06 19:38:13.036000+00:00,leaf5,sg4,0,obt-collector1,0/0/CPU0,ipv6,2,false,0,DATA_TYPE_ENCAP_ID,0,Queue-Ext,0,65

2020-02-06 19:38:13.038000+00:00,leaf5,sg4,0,obt-collector1,0/RP0/CPU0,ipv4-mpls,1,true,0,DATA_TYPE_ENCAP_ID,0,Queue-Ext,0,0

2020-02-06 19:38:13.038000+00:00,leaf5,sg4,0,obt-collector1,0/RP0/CPU0,ipv6-mpls,3,true,0,DATA_TYPE_ENCAP_ID,0,Queue-Ext,0,0

2020-02-06 19:38:13.038000+00:00,leaf5,sg4,0,obt-collector1,0/RP0/CPU0,ipv4,0,false,0,DATA_TYPE_ENCAP_ID,319,Queue-Ext,0,1299

2020-02-06 19:38:13.038000+00:00,leaf5,sg4,0,obt-collector1,0/RP0/CPU0,ipv6,2,false,0,DATA_TYPE_ENCAP_ID,271,Queue-Ext,0,1237

2020-02-06 19:38:30.988000+00:00,leaf5,sg4,0,obt-collector1,0/0/CPU0,ipv6,2,false,0,DATA_TYPE_ENCAP_ID,0,Queue-Ext,0,65

2020-02-06 19:38:30.988000+00:00,leaf5,sg4,0,obt-collector1,0/0/CPU0,ipv4-mpls,1,true,0,DATA_TYPE_ENCAP_ID,0,Queue-Ext,0,0

2020-02-06 19:38:30.988000+00:00,leaf5,sg4,0,obt-collector1,0/0/CPU0,ipv6-mpls,3,true,0,DATA_TYPE_ENCAP_ID,0,Queue-Ext,0,0

2020-02-06 19:38:30.988000+00:00,leaf5,sg4,0,obt-collector1,0/0/CPU0,ipv4,0,false,0,DATA_TYPE_ENCAP_ID,0,Queue-Ext,0,18

2020-02-06 19:38:30.989000+00:00,leaf5,sg4,0,obt-collector1,0/RP0/CPU0,ipv4,0,false,0,DATA_TYPE_ENCAP_ID,319,Queue-Ext,0,1299

2020-02-06 19:38:30.989000+00:00,leaf5,sg4,0,obt-collector1,0/RP0/CPU0,ipv4-mpls,1,true,0,DATA_TYPE_ENCAP_ID,0,Queue-Ext,0,0

2020-02-06 19:38:30.990000+00:00,leaf5,sg4,0,obt-collector1,0/RP0/CPU0,ipv6,2,false,0,DATA_TYPE_ENCAP_ID,271,Queue-Ext,0,1237

2020-02-06 19:38:30.990000+00:00,leaf5,sg4,0,obt-collector1,0/RP0/CPU0,ipv6-mpls,3,true,0,DATA_TYPE_ENCAP_ID,0,Queue-Ext,0,0

2020-02-06 19:38:41.892000+00:00,leaf5,sg4,0,obt-collector1,0/0/CPU0,ipv6,2,false,0,DATA_TYPE_ENCAP_ID,0,Queue-Ext,0,65

2020-02-06 19:38:41.892000+00:00,leaf5,sg4,0,obt-collector1,0/0/CPU0,ipv6-mpls,3,true,0,DATA_TYPE_ENCAP_ID,0,Queue-Ext,0,0

2020-02-06 19:38:41.892000+00:00,leaf5,sg4,0,obt-collector1,0/0/CPU0,ipv4,0,false,0,DATA_TYPE_ENCAP_ID,0,Queue-Ext,0,18

2020-02-06 19:38:41.892000+00:00,leaf5,sg4,0,obt-collector1,0/0/CPU0,ipv4-mpls,1,true,0,DATA_TYPE_ENCAP_ID,0,Queue-Ext,0,0

2020-02-06 19:38:41.894000+00:00,leaf5,sg4,0,obt-collector1,0/RP0/CPU0,ipv6-mpls,3,true,0,DATA_TYPE_ENCAP_ID,0,Queue-Ext,0,0

2020-02-06 19:38:41.894000+00:00,leaf5,sg4,0,obt-collector1,0/RP0/CPU0,ipv4,0,false,0,DATA_TYPE_ENCAP_ID,319,Queue-Ext,0,1299

2020-02-06 19:38:41.894000+00:00,leaf5,sg4,0,obt-collector1,0/RP0/CPU0,ipv6,2,false,0,DATA_TYPE_ENCAP_ID,271,Queue-Ext,0,1237

2020-02-06 19:38:41.894000+00:00,leaf5,sg4,0,obt-collector1,0/RP0/CPU0,ipv4-mpls,1,true,0,DATA_TYPE_ENCAP_ID,0,Queue-Ext,0,0

2020-02-06 19:38:45.444000+00:00,leaf5,sg4,0,obt-collector1,0/0/CPU0,ipv4,0,false,0,DATA_TYPE_ENCAP_ID,0,Queue-Ext,0,18

2020-02-06 19:38:45.444000+00:00,leaf5,sg4,0,obt-collector1,0/0/CPU0,ipv4-mpls,1,true,0,DATA_TYPE_ENCAP_ID,0,Queue-Ext,0,0

2020-02-06 19:38:45.444000+00:00,leaf5,sg4,0,obt-collector1,0/0/CPU0,ipv6-mpls,3,true,0,DATA_TYPE_ENCAP_ID,0,Queue-Ext,0,0

2020-02-06 19:38:45.444000+00:00,leaf5,sg4,0,obt-collector1,0/0/CPU0,ipv6,2,false,0,DATA_TYPE_ENCAP_ID,0,Queue-Ext,0,65

2020-02-06 19:38:45.445000+00:00,leaf5,sg4,0,obt-collector1,0/RP0/CPU0,ipv4-mpls,1,true,0,DATA_TYPE_ENCAP_ID,0,Queue-Ext,0,0

2020-02-06 19:38:45.445000+00:00,leaf5,sg4,0,obt-collector1,0/RP0/CPU0,ipv6-mpls,3,true,0,DATA_TYPE_ENCAP_ID,0,Queue-Ext,0,0

2020-02-06 19:38:45.445000+00:00,leaf5,sg4,0,obt-collector1,0/RP0/CPU0,ipv6,2,false,0,DATA_TYPE_ENCAP_ID,271,Queue-Ext,0,1237

2020-02-06 19:38:45.445000+00:00,leaf5,sg4,0,obt-collector1,0/RP0/CPU0,ipv4,0,false,0,DATA_TYPE_ENCAP_ID,319,Queue-Ext,0,1299

2020-02-06 19:38:56.171000+00:00,leaf5,sg4,0,obt-collector1,0/0/CPU0,ipv6-mpls,3,true,0,DATA_TYPE_ENCAP_ID,0,Queue-Ext,0,0

2020-02-06 19:38:56.171000+00:00,leaf5,sg4,0,obt-collector1,0/0/CPU0,ipv6,2,false,0,DATA_TYPE_ENCAP_ID,0,Queue-Ext,0,65

2020-02-06 19:38:56.171000+00:00,leaf5,sg4,0,obt-collector1,0/0/CPU0,ipv4-mpls,1,true,0,DATA_TYPE_ENCAP_ID,0,Queue-Ext,0,0

2020-02-06 19:38:56.171000+00:00,leaf5,sg4,0,obt-collector1,0/0/CPU0,ipv4,0,false,0,DATA_TYPE_ENCAP_ID,0,Queue-Ext,0,18

2020-02-06 19:38:56.173000+00:00,leaf5,sg4,0,obt-collector1,0/RP0/CPU0,ipv4,0,false,0,DATA_TYPE_ENCAP_ID,319,Queue-Ext,0,1299

2020-02-06 19:38:56.173000+00:00,leaf5,sg4,0,obt-collector1,0/RP0/CPU0,ipv4-mpls,1,true,0,DATA_TYPE_ENCAP_ID,0,Queue-Ext,0,0

2020-02-06 19:38:56.173000+00:00,leaf5,sg4,0,obt-collector1,0/RP0/CPU0,ipv6,2,false,0,DATA_TYPE_ENCAP_ID,271,Queue-Ext,0,1237

2020-02-06 19:38:56.173000+00:00,leaf5,sg4,0,obt-collector1,0/RP0/CPU0,ipv6-mpls,3,true,0,DATA_TYPE_ENCAP_ID,0,Queue-Ext,0,0

2020-02-06 19:39:03.857000+00:00,leaf5,sg4,0,obt-collector1,0/0/CPU0,ipv4-mpls,1,true,0,DATA_TYPE_ENCAP_ID,0,Queue-Ext,0,0

2020-02-06 19:39:03.857000+00:00,leaf5,sg4,0,obt-collector1,0/0/CPU0,ipv4,0,false,0,DATA_TYPE_ENCAP_ID,0,Queue-Ext,0,18

2020-02-06 19:39:03.857000+00:00,leaf5,sg4,0,obt-collector1,0/0/CPU0,ipv6,2,false,0,DATA_TYPE_ENCAP_ID,0,Queue-Ext,0,65

2020-02-06 19:39:03.857000+00:00,leaf5,sg4,0,obt-collector1,0/0/CPU0,ipv6-mpls,3,true,0,DATA_TYPE_ENCAP_ID,0,Queue-Ext,0,0

2020-02-06 19:39:03.859000+00:00,leaf5,sg4,0,obt-collector1,0/RP0/CPU0,ipv6-mpls,3,true,0,DATA_TYPE_ENCAP_ID,0,Queue-Ext,0,0

2020-02-06 19:39:03.859000+00:00,leaf5,sg4,0,obt-collector1,0/RP0/CPU0,ipv4,0,false,0,DATA_TYPE_ENCAP_ID,319,Queue-Ext,0,1299

2020-02-06 19:39:03.859000+00:00,leaf5,sg4,0,obt-collector1,0/RP0/CPU0,ipv6,2,false,0,DATA_TYPE_ENCAP_ID,271,Queue-Ext,0,1237

2020-02-06 19:39:03.859000+00:00,leaf5,sg4,0,obt-collector1,0/RP0/CPU0,ipv4-mpls,1,true,0,DATA_TYPE_ENCAP_ID,0,Queue-Ext,0,0

2020-02-06 19:39:07.444000+00:00,leaf5,sg4,0,obt-collector1,0/0/CPU0,ipv6,2,false,0,DATA_TYPE_ENCAP_ID,0,Queue-Ext,0,65

2020-02-06 19:39:07.444000+00:00,leaf5,sg4,0,obt-collector1,0/0/CPU0,ipv6-mpls,3,true,0,DATA_TYPE_ENCAP_ID,0,Queue-Ext,0,0

2020-02-06 19:39:07.444000+00:00,leaf5,sg4,0,obt-collector1,0/0/CPU0,ipv4,0,false,0,DATA_TYPE_ENCAP_ID,0,Queue-Ext,0,18

2020-02-06 19:39:07.444000+00:00,leaf5,sg4,0,obt-collector1,0/0/CPU0,ipv4-mpls,1,true,0,DATA_TYPE_ENCAP_ID,0,Queue-Ext,0,0

2020-02-06 19:39:07.445000+00:00,leaf5,sg4,0,obt-collector1,0/RP0/CPU0,ipv4-mpls,1,true,0,DATA_TYPE_ENCAP_ID,0,Queue-Ext,0,0

2020-02-06 19:39:07.445000+00:00,leaf5,sg4,0,obt-collector1,0/RP0/CPU0,ipv4,0,false,0,DATA_TYPE_ENCAP_ID,319,Queue-Ext,0,1299

2020-02-06 19:39:07.446000+00:00,leaf5,sg4,0,obt-collector1,0/RP0/CPU0,ipv6,2,false,0,DATA_TYPE_ENCAP_ID,271,Queue-Ext,0,1237

2020-02-06 19:39:07.446000+00:00,leaf5,sg4,0,obt-collector1,0/RP0/CPU0,ipv6-mpls,3,true,0,DATA_TYPE_ENCAP_ID,0,Queue-Ext,0,0

2020-02-06 19:39:21.763000+00:00,leaf5,sg4,0,obt-collector1,0/0/CPU0,ipv4,0,false,0,DATA_TYPE_ENCAP_ID,0,Queue-Ext,0,18

2020-02-06 19:39:21.763000+00:00,leaf5,sg4,0,obt-collector1,0/0/CPU0,ipv4-mpls,1,true,0,DATA_TYPE_ENCAP_ID,0,Queue-Ext,0,0

2020-02-06 19:39:21.763000+00:00,leaf5,sg4,0,obt-collector1,0/0/CPU0,ipv6-mpls,3,true,0,DATA_TYPE_ENCAP_ID,0,Queue-Ext,0,0

2020-02-06 19:39:21.763000+00:00,leaf5,sg4,0,obt-collector1,0/0/CPU0,ipv6,2,false,0,DATA_TYPE_ENCAP_ID,0,Queue-Ext,0,65

2020-02-06 19:39:21.764000+00:00,leaf5,sg4,0,obt-collector1,0/RP0/CPU0,ipv4,0,false,0,DATA_TYPE_ENCAP_ID,319,Queue-Ext,0,1299

2020-02-06 19:39:21.765000+00:00,leaf5,sg4,0,obt-collector1,0/RP0/CPU0,ipv6-mpls,3,true,0,DATA_TYPE_ENCAP_ID,0,Queue-Ext,0,0

2020-02-06 19:39:21.765000+00:00,leaf5,sg4,0,obt-collector1,0/RP0/CPU0,ipv6,2,false,0,DATA_TYPE_ENCAP_ID,271,Queue-Ext,0,1237

2020-02-06 19:39:21.765000+00:00,leaf5,sg4,0,obt-collector1,0/RP0/CPU0,ipv4-mpls,1,true,0,DATA_TYPE_ENCAP_ID,0,Queue-Ext,0,0

2020-02-06 19:39:32.510000+00:00,leaf5,sg4,0,obt-collector1,0/0/CPU0,ipv4-mpls,1,true,0,DATA_TYPE_ENCAP_ID,0,Queue-Ext,0,0

2020-02-06 19:39:32.510000+00:00,leaf5,sg4,0,obt-collector1,0/0/CPU0,ipv4,0,false,0,DATA_TYPE_ENCAP_ID,0,Queue-Ext,0,18

2020-02-06 19:39:32.511000+00:00,leaf5,sg4,0,obt-collector1,0/0/CPU0,ipv6-mpls,3,true,0,DATA_TYPE_ENCAP_ID,0,Queue-Ext,0,0

2020-02-06 19:39:32.511000+00:00,leaf5,sg4,0,obt-collector1,0/0/CPU0,ipv6,2,false,0,DATA_TYPE_ENCAP_ID,0,Queue-Ext,0,65

2020-02-06 19:39:32.512000+00:00,leaf5,sg4,0,obt-collector1,0/RP0/CPU0,ipv4,0,false,0,DATA_TYPE_ENCAP_ID,319,Queue-Ext,0,1299

2020-02-06 19:39:32.512000+00:00,leaf5,sg4,0,obt-collector1,0/RP0/CPU0,ipv4-mpls,1,true,0,DATA_TYPE_ENCAP_ID,0,Queue-Ext,0,0

2020-02-06 19:39:32.512000+00:00,leaf5,sg4,0,obt-collector1,0/RP0/CPU0,ipv6-mpls,3,true,0,DATA_TYPE_ENCAP_ID,0,Queue-Ext,0,0

2020-02-06 19:39:32.512000+00:00,leaf5,sg4,0,obt-collector1,0/RP0/CPU0,ipv6,2,false,0,DATA_TYPE_ENCAP_ID,271,Queue-Ext,0,1237

2020-02-06 19:40:08.633000+00:00,leaf5,sg4,0,obt-collector1,0/0/CPU0,ipv4,0,false,0,DATA_TYPE_ENCAP_ID,0,Queue-Ext,0,18

2020-02-06 19:40:08.634000+00:00,leaf5,sg4,0,obt-collector1,0/0/CPU0,ipv6-mpls,3,true,0,DATA_TYPE_ENCAP_ID,0,Queue-Ext,0,0

2020-02-06 19:40:08.634000+00:00,leaf5,sg4,0,obt-collector1,0/0/CPU0,ipv4-mpls,1,true,0,DATA_TYPE_ENCAP_ID,0,Queue-Ext,0,0

2020-02-06 19:40:08.634000+00:00,leaf5,sg4,0,obt-collector1,0/0/CPU0,ipv6,2,false,0,DATA_TYPE_ENCAP_ID,0,Queue-Ext,0,65

2020-02-06 19:40:08.635000+00:00,leaf5,sg4,0,obt-collector1,0/RP0/CPU0,ipv6-mpls,3,true,0,DATA_TYPE_ENCAP_ID,0,Queue-Ext,0,0

2020-02-06 19:40:08.635000+00:00,leaf5,sg4,0,obt-collector1,0/RP0/CPU0,ipv6,2,false,0,DATA_TYPE_ENCAP_ID,271,Queue-Ext,0,1237

2020-02-06 19:40:08.635000+00:00,leaf5,sg4,0,obt-collector1,0/RP0/CPU0,ipv4-mpls,1,true,0,DATA_TYPE_ENCAP_ID,0,Queue-Ext,0,0

2020-02-06 19:40:08.635000+00:00,leaf5,sg4,0,obt-collector1,0/RP0/CPU0,ipv4,0,false,0,DATA_TYPE_ENCAP_ID,319,Queue-Ext,0,1299

2020-02-06 19:40:12.191000+00:00,leaf5,sg4,0,obt-collector1,0/0/CPU0,ipv6,2,false,0,DATA_TYPE_ENCAP_ID,0,Queue-Ext,0,65

2020-02-06 19:40:12.191000+00:00,leaf5,sg4,0,obt-collector1,0/0/CPU0,ipv4,0,false,0,DATA_TYPE_ENCAP_ID,0,Queue-Ext,0,18

2020-02-06 19:40:12.191000+00:00,leaf5,sg4,0,obt-collector1,0/0/CPU0,ipv4-mpls,1,true,0,DATA_TYPE_ENCAP_ID,0,Queue-Ext,0,0

2020-02-06 19:40:12.191000+00:00,leaf5,sg4,0,obt-collector1,0/0/CPU0,ipv6-mpls,3,true,0,DATA_TYPE_ENCAP_ID,0,Queue-Ext,0,0

2020-02-06 19:40:12.193000+00:00,leaf5,sg4,0,obt-collector1,0/RP0/CPU0,ipv4-mpls,1,true,0,DATA_TYPE_ENCAP_ID,0,Queue-Ext,0,0

2020-02-06 19:40:12.193000+00:00,leaf5,sg4,0,obt-collector1,0/RP0/CPU0,ipv4,0,false,0,DATA_TYPE_ENCAP_ID,319,Queue-Ext,0,1299

2020-02-06 19:40:12.193000+00:00,leaf5,sg4,0,obt-collector1,0/RP0/CPU0,ipv6,2,false,0,DATA_TYPE_ENCAP_ID,271,Queue-Ext,0,1237

2020-02-06 19:40:12.193000+00:00,leaf5,sg4,0,obt-collector1,0/RP0/CPU0,ipv6-mpls,3,true,0,DATA_TYPE_ENCAP_ID,0,Queue-Ext,0,0

2020-02-06 19:40:51.617000+00:00,leaf5,sg4,0,obt-collector1,0/0/CPU0,ipv6-mpls,3,true,0,DATA_TYPE_ENCAP_ID,0,Queue-Ext,0,0

2020-02-06 19:40:51.617000+00:00,leaf5,sg4,0,obt-collector1,0/0/CPU0,ipv6,2,false,0,DATA_TYPE_ENCAP_ID,0,Queue-Ext,0,65

2020-02-06 19:40:51.617000+00:00,leaf5,sg4,0,obt-collector1,0/0/CPU0,ipv4-mpls,1,true,0,DATA_TYPE_ENCAP_ID,0,Queue-Ext,0,0

2020-02-06 19:40:51.617000+00:00,leaf5,sg4,0,obt-collector1,0/0/CPU0,ipv4,0,false,0,DATA_TYPE_ENCAP_ID,0,Queue-Ext,0,18

2020-02-06 19:40:51.619000+00:00,leaf5,sg4,0,obt-collector1,0/RP0/CPU0,ipv6,2,false,0,DATA_TYPE_ENCAP_ID,271,Queue-Ext,0,1237

2020-02-06 19:40:51.619000+00:00,leaf5,sg4,0,obt-collector1,0/RP0/CPU0,ipv6-mpls,3,true,0,DATA_TYPE_ENCAP_ID,0,Queue-Ext,0,0

2020-02-06 19:40:51.619000+00:00,leaf5,sg4,0,obt-collector1,0/RP0/CPU0,ipv4,0,false,0,DATA_TYPE_ENCAP_ID,319,Queue-Ext,0,1299

2020-02-06 19:40:51.619000+00:00,leaf5,sg4,0,obt-collector1,0/RP0/CPU0,ipv4-mpls,1,true,0,DATA_TYPE_ENCAP_ID,0,Queue-Ext,0,0

2020-02-06 19:41:13.718000+00:00,leaf5,sg4,0,obt-collector1,0/0/CPU0,ipv4,0,false,0,DATA_TYPE_ENCAP_ID,0,Queue-Ext,0,18

2020-02-06 19:41:13.718000+00:00,leaf5,sg4,0,obt-collector1,0/0/CPU0,ipv6-mpls,3,true,0,DATA_TYPE_ENCAP_ID,0,Queue-Ext,0,0

2020-02-06 19:41:13.718000+00:00,leaf5,sg4,0,obt-collector1,0/0/CPU0,ipv4-mpls,1,true,0,DATA_TYPE_ENCAP_ID,0,Queue-Ext,0,0

2020-02-06 19:41:13.718000+00:00,leaf5,sg4,0,obt-collector1,0/0/CPU0,ipv6,2,false,0,DATA_TYPE_ENCAP_ID,0,Queue-Ext,0,65

2020-02-06 19:41:13.719000+00:00,leaf5,sg4,0,obt-collector1,0/RP0/CPU0,ipv4,0,false,0,DATA_TYPE_ENCAP_ID,319,Queue-Ext,0,1299

2020-02-06 19:41:13.719000+00:00,leaf5,sg4,0,obt-collector1,0/RP0/CPU0,ipv4-mpls,1,true,0,DATA_TYPE_ENCAP_ID,0,Queue-Ext,0,0

2020-02-06 19:41:13.719000+00:00,leaf5,sg4,0,obt-collector1,0/RP0/CPU0,ipv6,2,false,0,DATA_TYPE_ENCAP_ID,271,Queue-Ext,0,1237

2020-02-06 19:41:13.720000+00:00,leaf5,sg4,0,obt-collector1,0/RP0/CPU0,ipv6-mpls,3,true,0,DATA_TYPE_ENCAP_ID,0,Queue-Ext,0,0

2020-02-06 19:41:21.115000+00:00,leaf5,sg4,0,obt-collector1,0/0/CPU0,ipv6,2,false,0,DATA_TYPE_ENCAP_ID,0,Queue-Ext,0,65

2020-02-06 19:41:21.115000+00:00,leaf5,sg4,0,obt-collector1,0/0/CPU0,ipv4,0,false,0,DATA_TYPE_ENCAP_ID,0,Queue-Ext,0,18

2020-02-06 19:41:21.115000+00:00,leaf5,sg4,0,obt-collector1,0/0/CPU0,ipv4-mpls,1,true,0,DATA_TYPE_ENCAP_ID,0,Queue-Ext,0,0

2020-02-06 19:41:21.115000+00:00,leaf5,sg4,0,obt-collector1,0/0/CPU0,ipv6-mpls,3,true,0,DATA_TYPE_ENCAP_ID,0,Queue-Ext,0,0

2020-02-06 19:41:21.117000+00:00,leaf5,sg4,0,obt-collector1,0/RP0/CPU0,ipv6,2,false,0,DATA_TYPE_ENCAP_ID,271,Queue-Ext,0,1237

2020-02-06 19:41:21.117000+00:00,leaf5,sg4,0,obt-collector1,0/RP0/CPU0,ipv6-mpls,3,true,0,DATA_TYPE_ENCAP_ID,0,Queue-Ext,0,0

2020-02-06 19:41:21.117000+00:00,leaf5,sg4,0,obt-collector1,0/RP0/CPU0,ipv4,0,false,0,DATA_TYPE_ENCAP_ID,319,Queue-Ext,0,1299

2020-02-06 19:41:21.117000+00:00,leaf5,sg4,0,obt-collector1,0/RP0/CPU0,ipv4-mpls,1,true,0,DATA_TYPE_ENCAP_ID,0,Queue-Ext,0,0

2020-02-06 19:41:24.614000+00:00,leaf5,sg4,0,obt-collector1,0/0/CPU0,ipv6-mpls,3,true,0,DATA_TYPE_ENCAP_ID,0,Queue-Ext,0,0

2020-02-06 19:41:24.614000+00:00,leaf5,sg4,0,obt-collector1,0/0/CPU0,ipv6,2,false,0,DATA_TYPE_ENCAP_ID,0,Queue-Ext,0,65

2020-02-06 19:41:24.614000+00:00,leaf5,sg4,0,obt-collector1,0/0/CPU0,ipv4-mpls,1,true,0,DATA_TYPE_ENCAP_ID,0,Queue-Ext,0,0

2020-02-06 19:41:24.614000+00:00,leaf5,sg4,0,obt-collector1,0/0/CPU0,ipv4,0,false,0,DATA_TYPE_ENCAP_ID,0,Queue-Ext,0,18

2020-02-06 19:41:24.616000+00:00,leaf5,sg4,0,obt-collector1,0/RP0/CPU0,ipv4,0,false,0,DATA_TYPE_ENCAP_ID,319,Queue-Ext,0,1299

2020-02-06 19:41:24.616000+00:00,leaf5,sg4,0,obt-collector1,0/RP0/CPU0,ipv4-mpls,1,true,0,DATA_TYPE_ENCAP_ID,0,Queue-Ext,0,0

2020-02-06 19:41:24.616000+00:00,leaf5,sg4,0,obt-collector1,0/RP0/CPU0,ipv6-mpls,3,true,0,DATA_TYPE_ENCAP_ID,0,Queue-Ext,0,0

2020-02-06 19:41:24.616000+00:00,leaf5,sg4,0,obt-collector1,0/RP0/CPU0,ipv6,2,false,0,DATA_TYPE_ENCAP_ID,271,Queue-Ext,0,1237

2020-02-06 19:42:08.181000+00:00,leaf5,sg4,0,obt-collector1,0/0/CPU0,ipv4,0,false,0,DATA_TYPE_ENCAP_ID,0,Queue-Ext,0,18

2020-02-06 19:42:08.181000+00:00,leaf5,sg4,0,obt-collector1,0/0/CPU0,ipv6-mpls,3,true,0,DATA_TYPE_ENCAP_ID,0,Queue-Ext,0,0

2020-02-06 19:42:08.181000+00:00,leaf5,sg4,0,obt-collector1,0/0/CPU0,ipv4-mpls,1,true,0,DATA_TYPE_ENCAP_ID,0,Queue-Ext,0,0

2020-02-06 19:42:08.181000+00:00,leaf5,sg4,0,obt-collector1,0/0/CPU0,ipv6,2,false,0,DATA_TYPE_ENCAP_ID,0,Queue-Ext,0,65

2020-02-06 19:42:08.183000+00:00,leaf5,sg4,0,obt-collector1,0/RP0/CPU0,ipv6-mpls,3,true,0,DATA_TYPE_ENCAP_ID,0,Queue-Ext,0,0

2020-02-06 19:42:08.183000+00:00,leaf5,sg4,0,obt-collector1,0/RP0/CPU0,ipv6,2,false,0,DATA_TYPE_ENCAP_ID,271,Queue-Ext,0,1237

2020-02-06 19:42:08.183000+00:00,leaf5,sg4,0,obt-collector1,0/RP0/CPU0,ipv4-mpls,1,true,0,DATA_TYPE_ENCAP_ID,0,Queue-Ext,0,0

2020-02-06 19:42:08.183000+00:00,leaf5,sg4,0,obt-collector1,0/RP0/CPU0,ipv4,0,false,0,DATA_TYPE_ENCAP_ID,319,Queue-Ext,0,1299

2020-02-06 19:42:11.766000+00:00,leaf5,sg4,0,obt-collector1,0/0/CPU0,ipv6,2,false,0,DATA_TYPE_ENCAP_ID,0,Queue-Ext,0,65

2020-02-06 19:42:11.766000+00:00,leaf5,sg4,0,obt-collector1,0/0/CPU0,ipv4,0,false,0,DATA_TYPE_ENCAP_ID,0,Queue-Ext,0,18

2020-02-06 19:42:11.766000+00:00,leaf5,sg4,0,obt-collector1,0/0/CPU0,ipv4-mpls,1,true,0,DATA_TYPE_ENCAP_ID,0,Queue-Ext,0,0

2020-02-06 19:42:11.766000+00:00,leaf5,sg4,0,obt-collector1,0/0/CPU0,ipv6-mpls,3,true,0,DATA_TYPE_ENCAP_ID,0,Queue-Ext,0,0

2020-02-06 19:42:11.767000+00:00,leaf5,sg4,0,obt-collector1,0/RP0/CPU0,ipv4-mpls,1,true,0,DATA_TYPE_ENCAP_ID,0,Queue-Ext,0,0

2020-02-06 19:42:11.767000+00:00,leaf5,sg4,0,obt-collector1,0/RP0/CPU0,ipv4,0,false,0,DATA_TYPE_ENCAP_ID,319,Queue-Ext,0,1299

2020-02-06 19:42:11.767000+00:00,leaf5,sg4,0,obt-collector1,0/RP0/CPU0,ipv6,2,false,0,DATA_TYPE_ENCAP_ID,271,Queue-Ext,0,1237

2020-02-06 19:42:11.767000+00:00,leaf5,sg4,0,obt-collector1,0/RP0/CPU0,ipv6-mpls,3,true,0,DATA_TYPE_ENCAP_ID,0,Queue-Ext,0,0

2020-02-06 19:42:15.296000+00:00,leaf5,sg4,0,obt-collector1,0/0/CPU0,ipv4,0,false,0,DATA_TYPE_ENCAP_ID,0,Queue-Ext,0,18

2020-02-06 19:42:15.296000+00:00,leaf5,sg4,0,obt-collector1,0/0/CPU0,ipv4-mpls,1,true,0,DATA_TYPE_ENCAP_ID,0,Queue-Ext,0,0

2020-02-06 19:42:15.297000+00:00,leaf5,sg4,0,obt-collector1,0/0/CPU0,ipv6-mpls,3,true,0,DATA_TYPE_ENCAP_ID,0,Queue-Ext,0,0

2020-02-06 19:42:15.297000+00:00,leaf5,sg4,0,obt-collector1,0/0/CPU0,ipv6,2,false,0,DATA_TYPE_ENCAP_ID,0,Queue-Ext,0,65

2020-02-06 19:42:15.298000+00:00,leaf5,sg4,0,obt-collector1,0/RP0/CPU0,ipv6-mpls,3,true,0,DATA_TYPE_ENCAP_ID,0,Queue-Ext,0,0

2020-02-06 19:42:15.298000+00:00,leaf5,sg4,0,obt-collector1,0/RP0/CPU0,ipv6,2,false,0,DATA_TYPE_ENCAP_ID,271,Queue-Ext,0,1237

2020-02-06 19:42:15.298000+00:00,leaf5,sg4,0,obt-collector1,0/RP0/CPU0,ipv4,0,false,0,DATA_TYPE_ENCAP_ID,319,Queue-Ext,0,1299

2020-02-06 19:42:15.298000+00:00,leaf5,sg4,0,obt-collector1,0/RP0/CPU0,ipv4-mpls,1,true,0,DATA_TYPE_ENCAP_ID,0,Queue-Ext,0,0

2020-02-06 19:42:22.458000+00:00,leaf5,sg4,0,obt-collector1,0/0/CPU0,ipv6,2,false,0,DATA_TYPE_ENCAP_ID,0,Queue-Ext,0,65

2020-02-06 19:42:22.458000+00:00,leaf5,sg4,0,obt-collector1,0/0/CPU0,ipv4,0,false,0,DATA_TYPE_ENCAP_ID,0,Queue-Ext,0,18

2020-02-06 19:42:22.458000+00:00,leaf5,sg4,0,obt-collector1,0/0/CPU0,ipv6-mpls,3,true,0,DATA_TYPE_ENCAP_ID,0,Queue-Ext,0,0

2020-02-06 19:42:22.458000+00:00,leaf5,sg4,0,obt-collector1,0/0/CPU0,ipv4-mpls,1,true,0,DATA_TYPE_ENCAP_ID,0,Queue-Ext,0,0

2020-02-06 19:42:22.460000+00:00,leaf5,sg4,0,obt-collector1,0/RP0/CPU0,ipv4,0,false,0,DATA_TYPE_ENCAP_ID,319,Queue-Ext,0,1299

2020-02-06 19:42:22.460000+00:00,leaf5,sg4,0,obt-collector1,0/RP0/CPU0,ipv4-mpls,1,true,0,DATA_TYPE_ENCAP_ID,0,Queue-Ext,0,0

2020-02-06 19:42:22.460000+00:00,leaf5,sg4,0,obt-collector1,0/RP0/CPU0,ipv6,2,false,0,DATA_TYPE_ENCAP_ID,271,Queue-Ext,0,1237

2020-02-06 19:42:22.460000+00:00,leaf5,sg4,0,obt-collector1,0/RP0/CPU0,ipv6-mpls,3,true,0,DATA_TYPE_ENCAP_ID,0,Queue-Ext,0,0

2020-02-06 19:42:36.778000+00:00,leaf5,sg4,0,obt-collector1,0/0/CPU0,ipv4-mpls,1,true,0,DATA_TYPE_ENCAP_ID,0,Queue-Ext,0,0

2020-02-06 19:42:36.778000+00:00,leaf5,sg4,0,obt-collector1,0/0/CPU0,ipv6,2,false,0,DATA_TYPE_ENCAP_ID,0,Queue-Ext,0,65

2020-02-06 19:42:36.778000+00:00,leaf5,sg4,0,obt-collector1,0/0/CPU0,ipv6-mpls,3,true,0,DATA_TYPE_ENCAP_ID,0,Queue-Ext,0,0

2020-02-06 19:42:36.778000+00:00,leaf5,sg4,0,obt-collector1,0/0/CPU0,ipv4,0,false,0,DATA_TYPE_ENCAP_ID,0,Queue-Ext,0,18

2020-02-06 19:42:36.780000+00:00,leaf5,sg4,0,obt-collector1,0/RP0/CPU0,ipv6,2,false,0,DATA_TYPE_ENCAP_ID,271,Queue-Ext,0,1237

2020-02-06 19:42:36.780000+00:00,leaf5,sg4,0,obt-collector1,0/RP0/CPU0,ipv6-mpls,3,true,0,DATA_TYPE_ENCAP_ID,0,Queue-Ext,0,0

2020-02-06 19:42:36.780000+00:00,leaf5,sg4,0,obt-collector1,0/RP0/CPU0,ipv4-mpls,1,true,0,DATA_TYPE_ENCAP_ID,0,Queue-Ext,0,0

2020-02-06 19:42:36.780000+00:00,leaf5,sg4,0,obt-collector1,0/RP0/CPU0,ipv4,0,false,0,DATA_TYPE_ENCAP_ID,319,Queue-Ext,0,1299

2020-02-06 19:42:40.392000+00:00,leaf5,sg4,0,obt-collector1,0/0/CPU0,ipv4,0,false,0,DATA_TYPE_ENCAP_ID,0,Queue-Ext,0,18

2020-02-06 19:42:40.392000+00:00,leaf5,sg4,0,obt-collector1,0/0/CPU0,ipv4-mpls,1,true,0,DATA_TYPE_ENCAP_ID,0,Queue-Ext,0,0

2020-02-06 19:42:40.393000+00:00,leaf5,sg4,0,obt-collector1,0/0/CPU0,ipv6-mpls,3,true,0,DATA_TYPE_ENCAP_ID,0,Queue-Ext,0,0

2020-02-06 19:42:40.393000+00:00,leaf5,sg4,0,obt-collector1,0/0/CPU0,ipv6,2,false,0,DATA_TYPE_ENCAP_ID,0,Queue-Ext,0,65

2020-02-06 19:42:40.394000+00:00,leaf5,sg4,0,obt-collector1,0/RP0/CPU0,ipv4-mpls,1,true,0,DATA_TYPE_ENCAP_ID,0,Queue-Ext,0,0

2020-02-06 19:42:40.394000+00:00,leaf5,sg4,0,obt-collector1,0/RP0/CPU0,ipv4,0,false,0,DATA_TYPE_ENCAP_ID,319,Queue-Ext,0,1299

2020-02-06 19:42:40.394000+00:00,leaf5,sg4,0,obt-collector1,0/RP0/CPU0,ipv6-mpls,3,true,0,DATA_TYPE_ENCAP_ID,0,Queue-Ext,0,0

2020-02-06 19:42:40.394000+00:00,leaf5,sg4,0,obt-collector1,0/RP0/CPU0,ipv6,2,false,0,DATA_TYPE_ENCAP_ID,271,Queue-Ext,0,1237

2020-02-06 19:42:43.903000+00:00,leaf5,sg4,0,obt-collector1,0/0/CPU0,ipv6,2,false,0,DATA_TYPE_ENCAP_ID,0,Queue-Ext,0,65

2020-02-06 19:42:43.903000+00:00,leaf5,sg4,0,obt-collector1,0/0/CPU0,ipv4,0,false,0,DATA_TYPE_ENCAP_ID,0,Queue-Ext,0,18

2020-02-06 19:42:43.903000+00:00,leaf5,sg4,0,obt-collector1,0/0/CPU0,ipv6-mpls,3,true,0,DATA_TYPE_ENCAP_ID,0,Queue-Ext,0,0

2020-02-06 19:42:43.903000+00:00,leaf5,sg4,0,obt-collector1,0/0/CPU0,ipv4-mpls,1,true,0,DATA_TYPE_ENCAP_ID,0,Queue-Ext,0,0

2020-02-06 19:42:43.904000+00:00,leaf5,sg4,0,obt-collector1,0/RP0/CPU0,ipv6-mpls,3,true,0,DATA_TYPE_ENCAP_ID,0,Queue-Ext,0,0

2020-02-06 19:42:43.904000+00:00,leaf5,sg4,0,obt-collector1,0/RP0/CPU0,ipv6,2,false,0,DATA_TYPE_ENCAP_ID,271,Queue-Ext,0,1237

2020-02-06 19:42:43.904000+00:00,leaf5,sg4,0,obt-collector1,0/RP0/CPU0,ipv4,0,false,0,DATA_TYPE_ENCAP_ID,319,Queue-Ext,0,1299

2020-02-06 19:42:43.904000+00:00,leaf5,sg4,0,obt-collector1,0/RP0/CPU0,ipv4-mpls,1,true,0,DATA_TYPE_ENCAP_ID,0,Queue-Ext,0,0

2020-02-06 19:42:51.037000+00:00,leaf5,sg4,0,obt-collector1,0/0/CPU0,ipv4-mpls,1,true,0,DATA_TYPE_ENCAP_ID,0,Queue-Ext,0,0

2020-02-06 19:42:51.037000+00:00,leaf5,sg4,0,obt-collector1,0/0/CPU0,ipv6,2,false,0,DATA_TYPE_ENCAP_ID,0,Queue-Ext,0,65

2020-02-06 19:42:51.037000+00:00,leaf5,sg4,0,obt-collector1,0/0/CPU0,ipv6-mpls,3,true,0,DATA_TYPE_ENCAP_ID,0,Queue-Ext,0,0

2020-02-06 19:42:51.037000+00:00,leaf5,sg4,0,obt-collector1,0/0/CPU0,ipv4,0,false,0,DATA_TYPE_ENCAP_ID,0,Queue-Ext,0,18

2020-02-06 19:42:51.039000+00:00,leaf5,sg4,0,obt-collector1,0/RP0/CPU0,ipv4,0,false,0,DATA_TYPE_ENCAP_ID,319,Queue-Ext,0,1299

2020-02-06 19:42:51.039000+00:00,leaf5,sg4,0,obt-collector1,0/RP0/CPU0,ipv4-mpls,1,true,0,DATA_TYPE_ENCAP_ID,0,Queue-Ext,0,0

2020-02-06 19:42:51.039000+00:00,leaf5,sg4,0,obt-collector1,0/RP0/CPU0,ipv6,2,false,0,DATA_TYPE_ENCAP_ID,271,Queue-Ext,0,1237

2020-02-06 19:42:51.039000+00:00,leaf5,sg4,0,obt-collector1,0/RP0/CPU0,ipv6-mpls,3,true,0,DATA_TYPE_ENCAP_ID,0,Queue-Ext,0,0

2020-02-06 19:43:13.380000+00:00,leaf5,sg4,0,obt-collector1,0/0/CPU0,ipv4,0,false,0,DATA_TYPE_ENCAP_ID,0,Queue-Ext,0,18

2020-02-06 19:43:13.380000+00:00,leaf5,sg4,0,obt-collector1,0/0/CPU0,ipv4-mpls,1,true,0,DATA_TYPE_ENCAP_ID,0,Queue-Ext,0,0

2020-02-06 19:43:13.380000+00:00,leaf5,sg4,0,obt-collector1,0/0/CPU0,ipv6-mpls,3,true,0,DATA_TYPE_ENCAP_ID,0,Queue-Ext,0,0

2020-02-06 19:43:13.380000+00:00,leaf5,sg4,0,obt-collector1,0/0/CPU0,ipv6,2,false,0,DATA_TYPE_ENCAP_ID,0,Queue-Ext,0,65

2020-02-06 19:43:13.382000+00:00,leaf5,sg4,0,obt-collector1,0/RP0/CPU0,ipv6,2,false,0,DATA_TYPE_ENCAP_ID,271,Queue-Ext,0,1237

2020-02-06 19:43:13.382000+00:00,leaf5,sg4,0,obt-collector1,0/RP0/CPU0,ipv6-mpls,3,true,0,DATA_TYPE_ENCAP_ID,0,Queue-Ext,0,0

2020-02-06 19:43:13.382000+00:00,leaf5,sg4,0,obt-collector1,0/RP0/CPU0,ipv4-mpls,1,true,0,DATA_TYPE_ENCAP_ID,0,Queue-Ext,0,0

2020-02-06 19:43:13.382000+00:00,leaf5,sg4,0,obt-collector1,0/RP0/CPU0,ipv4,0,false,0,DATA_TYPE_ENCAP_ID,319,Queue-Ext,0,1299

2020-02-06 19:43:16.935000+00:00,leaf5,sg4,0,obt-collector1,0/0/CPU0,ipv6,2,false,0,DATA_TYPE_ENCAP_ID,0,Queue-Ext,0,65

2020-02-06 19:43:16.935000+00:00,leaf5,sg4,0,obt-collector1,0/0/CPU0,ipv4,0,false,0,DATA_TYPE_ENCAP_ID,0,Queue-Ext,0,18

2020-02-06 19:43:16.935000+00:00,leaf5,sg4,0,obt-collector1,0/0/CPU0,ipv6-mpls,3,true,0,DATA_TYPE_ENCAP_ID,0,Queue-Ext,0,0

2020-02-06 19:43:16.935000+00:00,leaf5,sg4,0,obt-collector1,0/0/CPU0,ipv4-mpls,1,true,0,DATA_TYPE_ENCAP_ID,0,Queue-Ext,0,0

2020-02-06 19:43:16.936000+00:00,leaf5,sg4,0,obt-collector1,0/RP0/CPU0,ipv4,0,false,0,DATA_TYPE_ENCAP_ID,319,Queue-Ext,0,1299

2020-02-06 19:43:16.937000+00:00,leaf5,sg4,0,obt-collector1,0/RP0/CPU0,ipv4-mpls,1,true,0,DATA_TYPE_ENCAP_ID,0,Queue-Ext,0,0

2020-02-06 19:43:16.937000+00:00,leaf5,sg4,0,obt-collector1,0/RP0/CPU0,ipv6-mpls,3,true,0,DATA_TYPE_ENCAP_ID,0,Queue-Ext,0,0

2020-02-06 19:43:16.937000+00:00,leaf5,sg4,0,obt-collector1,0/RP0/CPU0,ipv6,2,false,0,DATA_TYPE_ENCAP_ID,271,Queue-Ext,0,1237

2020-02-06 19:43:24.124000+00:00,leaf5,sg4,0,obt-collector1,0/0/CPU0,ipv4-mpls,1,true,0,DATA_TYPE_ENCAP_ID,0,Queue-Ext,0,0

2020-02-06 19:43:24.124000+00:00,leaf5,sg4,0,obt-collector1,0/0/CPU0,ipv6,2,false,0,DATA_TYPE_ENCAP_ID,0,Queue-Ext,0,65

2020-02-06 19:43:24.124000+00:00,leaf5,sg4,0,obt-collector1,0/0/CPU0,ipv6-mpls,3,true,0,DATA_TYPE_ENCAP_ID,0,Queue-Ext,0,0

2020-02-06 19:43:24.124000+00:00,leaf5,sg4,0,obt-collector1,0/0/CPU0,ipv4,0,false,0,DATA_TYPE_ENCAP_ID,0,Queue-Ext,0,18

2020-02-06 19:43:24.125000+00:00,leaf5,sg4,0,obt-collector1,0/RP0/CPU0,ipv4-mpls,1,true,0,DATA_TYPE_ENCAP_ID,0,Queue-Ext,0,0

2020-02-06 19:43:24.125000+00:00,leaf5,sg4,0,obt-collector1,0/RP0/CPU0,ipv4,0,false,0,DATA_TYPE_ENCAP_ID,319,Queue-Ext,0,1299

2020-02-06 19:43:24.126000+00:00,leaf5,sg4,0,obt-collector1,0/RP0/CPU0,ipv6-mpls,3,true,0,DATA_TYPE_ENCAP_ID,0,Queue-Ext,0,0

2020-02-06 19:43:24.126000+00:00,leaf5,sg4,0,obt-collector1,0/RP0/CPU0,ipv6,2,false,0,DATA_TYPE_ENCAP_ID,271,Queue-Ext,0,1237

2020-02-06 19:43:34.882000+00:00,leaf5,sg4,0,obt-collector1,0/0/CPU0,ipv4-mpls,1,true,0,DATA_TYPE_ENCAP_ID,0,Queue-Ext,0,0

2020-02-06 19:43:34.882000+00:00,leaf5,sg4,0,obt-collector1,0/0/CPU0,ipv4,0,false,0,DATA_TYPE_ENCAP_ID,0,Queue-Ext,0,18

2020-02-06 19:43:34.882000+00:00,leaf5,sg4,0,obt-collector1,0/0/CPU0,ipv6,2,false,0,DATA_TYPE_ENCAP_ID,0,Queue-Ext,0,65

2020-02-06 19:43:34.882000+00:00,leaf5,sg4,0,obt-collector1,0/0/CPU0,ipv6-mpls,3,true,0,DATA_TYPE_ENCAP_ID,0,Queue-Ext,0,0

2020-02-06 19:43:34.884000+00:00,leaf5,sg4,0,obt-collector1,0/RP0/CPU0,ipv6-mpls,3,true,0,DATA_TYPE_ENCAP_ID,0,Queue-Ext,0,0

2020-02-06 19:43:34.884000+00:00,leaf5,sg4,0,obt-collector1,0/RP0/CPU0,ipv4,0,false,0,DATA_TYPE_ENCAP_ID,319,Queue-Ext,0,1299

2020-02-06 19:43:34.884000+00:00,leaf5,sg4,0,obt-collector1,0/RP0/CPU0,ipv4-mpls,1,true,0,DATA_TYPE_ENCAP_ID,0,Queue-Ext,0,0

2020-02-06 19:43:34.884000+00:00,leaf5,sg4,0,obt-collector1,0/RP0/CPU0,ipv6,2,false,0,DATA_TYPE_ENCAP_ID,271,Queue-Ext,0,1237

2020-02-06 19:43:41.938000+00:00,leaf5,sg4,0,obt-collector1,0/0/CPU0,ipv6,2,false,0,DATA_TYPE_ENCAP_ID,0,Queue-Ext,0,65

2020-02-06 19:43:41.938000+00:00,leaf5,sg4,0,obt-collector1,0/0/CPU0,ipv6-mpls,3,true,0,DATA_TYPE_ENCAP_ID,0,Queue-Ext,0,0

2020-02-06 19:43:41.938000+00:00,leaf5,sg4,0,obt-collector1,0/0/CPU0,ipv4,0,false,0,DATA_TYPE_ENCAP_ID,0,Queue-Ext,0,18

2020-02-06 19:43:41.938000+00:00,leaf5,sg4,0,obt-collector1,0/0/CPU0,ipv4-mpls,1,true,0,DATA_TYPE_ENCAP_ID,0,Queue-Ext,0,0

2020-02-06 19:43:41.940000+00:00,leaf5,sg4,0,obt-collector1,0/RP0/CPU0,ipv6,2,false,0,DATA_TYPE_ENCAP_ID,271,Queue-Ext,0,1237

2020-02-06 19:43:41.940000+00:00,leaf5,sg4,0,obt-collector1,0/RP0/CPU0,ipv6-mpls,3,true,0,DATA_TYPE_ENCAP_ID,0,Queue-Ext,0,0

2020-02-06 19:43:41.940000+00:00,leaf5,sg4,0,obt-collector1,0/RP0/CPU0,ipv4-mpls,1,true,0,DATA_TYPE_ENCAP_ID,0,Queue-Ext,0,0

2020-02-06 19:43:41.940000+00:00,leaf5,sg4,0,obt-collector1,0/RP0/CPU0,ipv4,0,false,0,DATA_TYPE_ENCAP_ID,319,Queue-Ext,0,1299

2020-02-06 19:43:49.127000+00:00,leaf5,sg4,0,obt-collector1,0/0/CPU0,ipv4,0,false,0,DATA_TYPE_ENCAP_ID,0,Queue-Ext,0,18

2020-02-06 19:43:49.127000+00:00,leaf5,sg4,0,obt-collector1,0/0/CPU0,ipv4-mpls,1,true,0,DATA_TYPE_ENCAP_ID,0,Queue-Ext,0,0

2020-02-06 19:43:49.127000+00:00,leaf5,sg4,0,obt-collector1,0/0/CPU0,ipv6-mpls,3,true,0,DATA_TYPE_ENCAP_ID,0,Queue-Ext,0,0

2020-02-06 19:43:49.127000+00:00,leaf5,sg4,0,obt-collector1,0/0/CPU0,ipv6,2,false,0,DATA_TYPE_ENCAP_ID,0,Queue-Ext,0,65

2020-02-06 19:43:49.128000+00:00,leaf5,sg4,0,obt-collector1,0/RP0/CPU0,ipv4,0,false,0,DATA_TYPE_ENCAP_ID,319,Queue-Ext,0,1299

2020-02-06 19:43:49.129000+00:00,leaf5,sg4,0,obt-collector1,0/RP0/CPU0,ipv6,2,false,0,DATA_TYPE_ENCAP_ID,271,Queue-Ext,0,1237

2020-02-06 19:43:49.129000+00:00,leaf5,sg4,0,obt-collector1,0/RP0/CPU0,ipv4-mpls,1,true,0,DATA_TYPE_ENCAP_ID,0,Queue-Ext,0,0

2020-02-06 19:43:49.129000+00:00,leaf5,sg4,0,obt-collector1,0/RP0/CPU0,ipv6-mpls,3,true,0,DATA_TYPE_ENCAP_ID,0,Queue-Ext,0,0

2020-02-06 19:43:52.681000+00:00,leaf5,sg4,0,obt-collector1,0/0/CPU0,ipv6,2,false,0,DATA_TYPE_ENCAP_ID,0,Queue-Ext,0,65

2020-02-06 19:43:52.681000+00:00,leaf5,sg4,0,obt-collector1,0/0/CPU0,ipv4-mpls,1,true,0,DATA_TYPE_ENCAP_ID,0,Queue-Ext,0,0

2020-02-06 19:43:52.681000+00:00,leaf5,sg4,0,obt-collector1,0/0/CPU0,ipv4,0,false,0,DATA_TYPE_ENCAP_ID,0,Queue-Ext,0,18

2020-02-06 19:44:11.201000+00:00,leaf5,sg4,0,obt-collector1,0/0/CPU0,ipv4-mpls,1,true,0,DATA_TYPE_ENCAP_ID,0,Queue-Ext,0,0

2020-02-06 19:44:11.201000+00:00,leaf5,sg4,0,obt-collector1,0/0/CPU0,ipv4,0,false,0,DATA_TYPE_ENCAP_ID,0,Queue-Ext,0,18

2020-02-06 19:44:11.201000+00:00,leaf5,sg4,0,obt-collector1,0/0/CPU0,ipv6-mpls,3,true,0,DATA_TYPE_ENCAP_ID,0,Queue-Ext,0,0

2020-02-06 19:44:11.201000+00:00,leaf5,sg4,0,obt-collector1,0/0/CPU0,ipv6,2,false,0,DATA_TYPE_ENCAP_ID,0,Queue-Ext,0,65

2020-02-06 19:44:11.203000+00:00,leaf5,sg4,0,obt-collector1,0/RP0/CPU0,ipv4-mpls,1,true,0,DATA_TYPE_ENCAP_ID,0,Queue-Ext,0,0

2020-02-06 19:44:11.203000+00:00,leaf5,sg4,0,obt-collector1,0/RP0/CPU0,ipv4,0,false,0,DATA_TYPE_ENCAP_ID,319,Queue-Ext,0,1299

2020-02-06 19:44:11.203000+00:00,leaf5,sg4,0,obt-collector1,0/RP0/CPU0,ipv6,2,false,0,DATA_TYPE_ENCAP_ID,271,Queue-Ext,0,1237

2020-02-06 19:44:11.203000+00:00,leaf5,sg4,0,obt-collector1,0/RP0/CPU0,ipv6-mpls,3,true,0,DATA_TYPE_ENCAP_ID,0,Queue-Ext,0,0

2020-02-06 19:44:14.751000+00:00,leaf5,sg4,0,obt-collector1,0/0/CPU0,ipv6-mpls,3,true,0,DATA_TYPE_ENCAP_ID,0,Queue-Ext,0,0

2020-02-06 19:44:14.751000+00:00,leaf5,sg4,0,obt-collector1,0/0/CPU0,ipv4-mpls,1,true,0,DATA_TYPE_ENCAP_ID,0,Queue-Ext,0,0

2020-02-06 19:44:14.751000+00:00,leaf5,sg4,0,obt-collector1,0/0/CPU0,ipv4,0,false,0,DATA_TYPE_ENCAP_ID,0,Queue-Ext,0,18

2020-02-06 19:44:14.751000+00:00,leaf5,sg4,0,obt-collector1,0/0/CPU0,ipv6,2,false,0,DATA_TYPE_ENCAP_ID,0,Queue-Ext,0,65

2020-02-06 19:44:14.753000+00:00,leaf5,sg4,0,obt-collector1,0/RP0/CPU0,ipv6,2,false,0,DATA_TYPE_ENCAP_ID,271,Queue-Ext,0,1237

2020-02-06 19:44:14.753000+00:00,leaf5,sg4,0,obt-collector1,0/RP0/CPU0,ipv6-mpls,3,true,0,DATA_TYPE_ENCAP_ID,0,Queue-Ext,0,0

2020-02-06 19:44:14.753000+00:00,leaf5,sg4,0,obt-collector1,0/RP0/CPU0,ipv4,0,false,0,DATA_TYPE_ENCAP_ID,319,Queue-Ext,0,1299

2020-02-06 19:44:14.753000+00:00,leaf5,sg4,0,obt-collector1,0/RP0/CPU0,ipv4-mpls,1,true,0,DATA_TYPE_ENCAP_ID,0,Queue-Ext,0,0

2020-02-06 19:44:25.690000+00:00,leaf5,sg4,0,obt-collector1,0/0/CPU0,ipv6,2,false,0,DATA_TYPE_ENCAP_ID,0,Queue-Ext,0,65

2020-02-06 19:44:25.690000+00:00,leaf5,sg4,0,obt-collector1,0/0/CPU0,ipv6-mpls,3,true,0,DATA_TYPE_ENCAP_ID,0,Queue-Ext,0,0

2020-02-06 19:44:25.690000+00:00,leaf5,sg4,0,obt-collector1,0/0/CPU0,ipv4,0,false,0,DATA_TYPE_ENCAP_ID,0,Queue-Ext,0,18

2020-02-06 19:44:25.690000+00:00,leaf5,sg4,0,obt-collector1,0/0/CPU0,ipv4-mpls,1,true,0,DATA_TYPE_ENCAP_ID,0,Queue-Ext,0,0

2020-02-06 19:44:25.692000+00:00,leaf5,sg4,0,obt-collector1,0/RP0/CPU0,ipv4,0,false,0,DATA_TYPE_ENCAP_ID,319,Queue-Ext,0,1299

2020-02-06 19:44:25.692000+00:00,leaf5,sg4,0,obt-collector1,0/RP0/CPU0,ipv4-mpls,1,true,0,DATA_TYPE_ENCAP_ID,0,Queue-Ext,0,0

2020-02-06 19:44:25.692000+00:00,leaf5,sg4,0,obt-collector1,0/RP0/CPU0,ipv6-mpls,3,true,0,DATA_TYPE_ENCAP_ID,0,Queue-Ext,0,0

2020-02-06 19:44:25.692000+00:00,leaf5,sg4,0,obt-collector1,0/RP0/CPU0,ipv6,2,false,0,DATA_TYPE_ENCAP_ID,271,Queue-Ext,0,1237

2020-02-06 19:44:40.034000+00:00,leaf5,sg4,0,obt-collector1,0/0/CPU0,ipv4-mpls,1,true,0,DATA_TYPE_ENCAP_ID,0,Queue-Ext,0,0

2020-02-06 19:44:40.034000+00:00,leaf5,sg4,0,obt-collector1,0/0/CPU0,ipv6,2,false,0,DATA_TYPE_ENCAP_ID,0,Queue-Ext,0,65

2020-02-06 19:44:40.034000+00:00,leaf5,sg4,0,obt-collector1,0/0/CPU0,ipv4,0,false,0,DATA_TYPE_ENCAP_ID,0,Queue-Ext,0,18

2020-02-06 19:44:40.034000+00:00,leaf5,sg4,0,obt-collector1,0/0/CPU0,ipv6-mpls,3,true,0,DATA_TYPE_ENCAP_ID,0,Queue-Ext,0,0

2020-02-06 19:44:40.035000+00:00,leaf5,sg4,0,obt-collector1,0/RP0/CPU0,ipv6-mpls,3,true,0,DATA_TYPE_ENCAP_ID,0,Queue-Ext,0,0

2020-02-06 19:44:40.035000+00:00,leaf5,sg4,0,obt-collector1,0/RP0/CPU0,ipv6,2,false,0,DATA_TYPE_ENCAP_ID,271,Queue-Ext,0,1237

2020-02-06 19:44:40.035000+00:00,leaf5,sg4,0,obt-collector1,0/RP0/CPU0,ipv4-mpls,1,true,0,DATA_TYPE_ENCAP_ID,0,Queue-Ext,0,0

2020-02-06 19:44:40.035000+00:00,leaf5,sg4,0,obt-collector1,0/RP0/CPU0,ipv4,0,false,0,DATA_TYPE_ENCAP_ID,319,Queue-Ext,0,1299

2020-02-06 19:44:43.575000+00:00,leaf5,sg4,0,obt-collector1,0/0/CPU0,ipv6-mpls,3,true,0,DATA_TYPE_ENCAP_ID,0,Queue-Ext,0,0

2020-02-06 19:44:43.575000+00:00,leaf5,sg4,0,obt-collector1,0/0/CPU0,ipv4-mpls,1,true,0,DATA_TYPE_ENCAP_ID,0,Queue-Ext,0,0

2020-02-06 19:44:43.575000+00:00,leaf5,sg4,0,obt-collector1,0/0/CPU0,ipv4,0,false,0,DATA_TYPE_ENCAP_ID,0,Queue-Ext,0,18

2020-02-06 19:44:43.575000+00:00,leaf5,sg4,0,obt-collector1,0/0/CPU0,ipv6,2,false,0,DATA_TYPE_ENCAP_ID,0,Queue-Ext,0,65

2020-02-06 19:44:43.577000+00:00,leaf5,sg4,0,obt-collector1,0/RP0/CPU0,ipv4-mpls,1,true,0,DATA_TYPE_ENCAP_ID,0,Queue-Ext,0,0

2020-02-06 19:44:43.577000+00:00,leaf5,sg4,0,obt-collector1,0/RP0/CPU0,ipv4,0,false,0,DATA_TYPE_ENCAP_ID,319,Queue-Ext,0,1299

2020-02-06 19:44:43.577000+00:00,leaf5,sg4,0,obt-collector1,0/RP0/CPU0,ipv6,2,false,0,DATA_TYPE_ENCAP_ID,271,Queue-Ext,0,1237

2020-02-06 19:44:43.577000+00:00,leaf5,sg4,0,obt-collector1,0/RP0/CPU0,ipv6-mpls,3,true,0,DATA_TYPE_ENCAP_ID,0,Queue-Ext,0,0

2020-02-06 19:44:58.022000+00:00,leaf5,sg4,0,obt-collector1,0/0/CPU0,ipv6,2,false,0,DATA_TYPE_ENCAP_ID,0,Queue-Ext,0,65

2020-02-06 19:44:58.022000+00:00,leaf5,sg4,0,obt-collector1,0/0/CPU0,ipv6-mpls,3,true,0,DATA_TYPE_ENCAP_ID,0,Queue-Ext,0,0

2020-02-06 19:44:58.022000+00:00,leaf5,sg4,0,obt-collector1,0/0/CPU0,ipv4,0,false,0,DATA_TYPE_ENCAP_ID,0,Queue-Ext,0,18

2020-02-06 19:44:58.022000+00:00,leaf5,sg4,0,obt-collector1,0/0/CPU0,ipv4-mpls,1,true,0,DATA_TYPE_ENCAP_ID,0,Queue-Ext,0,0

2020-02-06 19:44:58.024000+00:00,leaf5,sg4,0,obt-collector1,0/RP0/CPU0,ipv6,2,false,0,DATA_TYPE_ENCAP_ID,271,Queue-Ext,0,1237

2020-02-06 19:44:58.024000+00:00,leaf5,sg4,0,obt-collector1,0/RP0/CPU0,ipv6-mpls,3,true,0,DATA_TYPE_ENCAP_ID,0,Queue-Ext,0,0

2020-02-06 19:44:58.024000+00:00,leaf5,sg4,0,obt-collector1,0/RP0/CPU0,ipv4,0,false,0,DATA_TYPE_ENCAP_ID,319,Queue-Ext,0,1299

2020-02-06 19:44:58.024000+00:00,leaf5,sg4,0,obt-collector1,0/RP0/CPU0,ipv4-mpls,1,true,0,DATA_TYPE_ENCAP_ID,0,Queue-Ext,0,0

