,EncodingPath,Producer,Target,global__established-neighbors-count-total,global__neighbors-count-total,global__nexthop-count,global__restart-count,host,instance-name,performance-statistics__global__configuration-items-processed,performance-statistics__global__ipv4rib-server__is-rib-connection-up,performance-statistics__global__ipv4rib-server__rib-connection-up-count,performance-statistics__vrf__inbound-update-messages,vrf-name,vrf__neighbors-count,vrf__network-count,vrf__path-count,vrf__update-messages-received

2020-02-02 21:58:00.891000+00:00,Cisco-IOS-XR-ipv4-bgp-oper:bgp/instances/instance/instance-active/default-vrf/process-info,spine1,,62,64,231,2,,default,0,true,1,1912113,default,64,428,9077,1912113

2020-02-02 21:58:06.041000+00:00,Cisco-IOS-XR-ipv4-bgp-oper:bgp/instances/instance/instance-active/default-vrf/process-info,spine1,,62,64,231,2,,default,0,true,1,1912140,default,64,428,9070,1912140

2020-02-02 21:58:12.381000+00:00,Cisco-IOS-XR-ipv4-bgp-oper:bgp/instances/instance/instance-active/default-vrf/process-info,spine1,,62,64,231,2,,default,0,true,1,1912140,default,64,428,9070,1912140

2020-02-02 21:58:17.522000+00:00,Cisco-IOS-XR-ipv4-bgp-oper:bgp/instances/instance/instance-active/default-vrf/process-info,spine1,,62,64,231,2,,default,0,true,1,1912140,default,64,428,9070,1912140

2020-02-02 21:58:23.847000+00:00,Cisco-IOS-XR-ipv4-bgp-oper:bgp/instances/instance/instance-active/default-vrf/process-info,spine1,,62,64,231,2,,default,0,true,1,1912144,default,64,428,9066,1912144

2020-02-02 21:58:28.984000+00:00,Cisco-IOS-XR-ipv4-bgp-oper:bgp/instances/instance/instance-active/default-vrf/process-info,spine1,,62,64,231,2,,default,0,true,1,1912144,default,64,428,9066,1912144

2020-02-02 21:58:35.341000+00:00,Cisco-IOS-XR-ipv4-bgp-oper:bgp/instances/instance/instance-active/default-vrf/process-info,spine1,,62,64,231,2,,default,0,true,1,1912167,default,64,428,9066,1912167

2020-02-02 21:58:40.490000+00:00,Cisco-IOS-XR-ipv4-bgp-oper:bgp/instances/instance/instance-active/default-vrf/process-info,spine1,,62,64,231,2,,default,0,true,1,1912167,default,64,428,9066,1912167

2020-02-02 21:58:46.829000+00:00,Cisco-IOS-XR-ipv4-bgp-oper:bgp/instances/instance/instance-active/default-vrf/process-info,spine1,,62,64,231,2,,default,0,true,1,1912167,default,64,428,9066,1912167

2020-02-02 21:58:51.972000+00:00,Cisco-IOS-XR-ipv4-bgp-oper:bgp/instances/instance/instance-active/default-vrf/process-info,spine1,,62,64,231,2,,default,0,true,1,1912167,default,64,428,9066,1912167

2020-02-02 21:58:58.318000+00:00,Cisco-IOS-XR-ipv4-bgp-oper:bgp/instances/instance/instance-active/default-vrf/process-info,spine1,,62,64,231,2,,default,0,true,1,1912171,default,64,428,9066,1912171

2020-02-02 21:59:03.467000+00:00,Cisco-IOS-XR-ipv4-bgp-oper:bgp/instances/instance/instance-active/default-vrf/process-info,spine1,,62,64,231,2,,default,0,true,1,1912190,default,64,428,9066,1912190

2020-02-02 21:59:09.798000+00:00,Cisco-IOS-XR-ipv4-bgp-oper:bgp/instances/instance/instance-active/default-vrf/process-info,spine1,,62,64,231,2,,default,0,true,1,1912190,default,64,428,9066,1912190

2020-02-02 21:59:14.943000+00:00,Cisco-IOS-XR-ipv4-bgp-oper:bgp/instances/instance/instance-active/default-vrf/process-info,spine1,,62,64,231,2,,default,0,true,1,1912190,default,64,428,9066,1912190

2020-02-02 21:59:21.243000+00:00,Cisco-IOS-XR-ipv4-bgp-oper:bgp/instances/instance/instance-active/default-vrf/process-info,spine1,,62,64,231,2,,default,0,true,1,1912190,default,64,428,9066,1912190

2020-02-02 21:59:26.383000+00:00,Cisco-IOS-XR-ipv4-bgp-oper:bgp/instances/instance/instance-active/default-vrf/process-info,spine1,,62,64,231,2,,default,0,true,1,1912194,default,64,428,9066,1912194

2020-02-02 21:59:32.684000+00:00,Cisco-IOS-XR-ipv4-bgp-oper:bgp/instances/instance/instance-active/default-vrf/process-info,spine1,,62,64,231,2,,default,0,true,1,1912209,default,64,427,9066,1912209

2020-02-02 21:59:37.827000+00:00,Cisco-IOS-XR-ipv4-bgp-oper:bgp/instances/instance/instance-active/default-vrf/process-info,spine1,,62,64,231,2,,default,0,true,1,1912209,default,64,427,9066,1912209

2020-02-02 21:59:44.148000+00:00,Cisco-IOS-XR-ipv4-bgp-oper:bgp/instances/instance/instance-active/default-vrf/process-info,spine1,,62,64,231,2,,default,0,true,1,1912209,default,64,427,9066,1912209

2020-02-02 21:59:49.290000+00:00,Cisco-IOS-XR-ipv4-bgp-oper:bgp/instances/instance/instance-active/default-vrf/process-info,spine1,,62,64,231,2,,default,0,true,1,1912209,default,64,427,9066,1912209

2020-02-02 21:59:55.600000+00:00,Cisco-IOS-XR-ipv4-bgp-oper:bgp/instances/instance/instance-active/default-vrf/process-info,spine1,,62,64,231,2,,default,0,true,1,1912213,default,64,427,9066,1912213

2020-02-02 22:00:00.752000+00:00,Cisco-IOS-XR-ipv4-bgp-oper:bgp/instances/instance/instance-active/default-vrf/process-info,spine1,,62,64,231,2,,default,0,true,1,1912213,default,64,427,9066,1912213

2020-02-02 22:00:07.063000+00:00,Cisco-IOS-XR-ipv4-bgp-oper:bgp/instances/instance/instance-active/default-vrf/process-info,spine1,,62,64,231,2,,default,0,true,1,1912224,default,64,427,9066,1912224

2020-02-02 22:00:12.211000+00:00,Cisco-IOS-XR-ipv4-bgp-oper:bgp/instances/instance/instance-active/default-vrf/process-info,spine1,,62,64,231,2,,default,0,true,1,1912224,default,64,427,9066,1912224

2020-02-02 22:00:18.527000+00:00,Cisco-IOS-XR-ipv4-bgp-oper:bgp/instances/instance/instance-active/default-vrf/process-info,spine1,,62,64,231,2,,default,0,true,1,1912224,default,64,427,9066,1912224

2020-02-02 22:00:23.668000+00:00,Cisco-IOS-XR-ipv4-bgp-oper:bgp/instances/instance/instance-active/default-vrf/process-info,spine1,,62,64,231,2,,default,0,true,1,1912228,default,64,427,9066,1912228

2020-02-02 22:00:29.992000+00:00,Cisco-IOS-XR-ipv4-bgp-oper:bgp/instances/instance/instance-active/default-vrf/process-info,spine1,,62,64,231,2,,default,0,true,1,1912228,default,64,427,9066,1912228

2020-02-02 22:00:35.137000+00:00,Cisco-IOS-XR-ipv4-bgp-oper:bgp/instances/instance/instance-active/default-vrf/process-info,spine1,,62,64,231,2,,default,0,true,1,1912228,default,64,427,9066,1912228

2020-02-02 22:00:41.433000+00:00,Cisco-IOS-XR-ipv4-bgp-oper:bgp/instances/instance/instance-active/default-vrf/process-info,spine1,,62,64,231,2,,default,0,true,1,1912228,default,64,427,9066,1912228

2020-02-02 22:00:46.583000+00:00,Cisco-IOS-XR-ipv4-bgp-oper:bgp/instances/instance/instance-active/default-vrf/process-info,spine1,,62,64,231,2,,default,0,true,1,1912228,default,64,427,9066,1912228

2020-02-02 22:00:52.885000+00:00,Cisco-IOS-XR-ipv4-bgp-oper:bgp/instances/instance/instance-active/default-vrf/process-info,spine1,,62,64,231,2,,default,0,true,1,1912228,default,64,427,9066,1912228

2020-02-02 22:00:58.033000+00:00,Cisco-IOS-XR-ipv4-bgp-oper:bgp/instances/instance/instance-active/default-vrf/process-info,spine1,,62,64,231,2,,default,0,true,1,1912228,default,64,427,9066,1912228

2020-02-02 22:01:04.330000+00:00,Cisco-IOS-XR-ipv4-bgp-oper:bgp/instances/instance/instance-active/default-vrf/process-info,spine1,,62,64,231,2,,default,0,true,1,1912228,default,64,427,9066,1912228

2020-02-02 22:01:09.474000+00:00,Cisco-IOS-XR-ipv4-bgp-oper:bgp/instances/instance/instance-active/default-vrf/process-info,spine1,,62,64,231,2,,default,0,true,1,1912228,default,64,427,9066,1912228

2020-02-02 22:01:15.796000+00:00,Cisco-IOS-XR-ipv4-bgp-oper:bgp/instances/instance/instance-active/default-vrf/process-info,spine1,,62,64,231,2,,default,0,true,1,1912228,default,64,427,9066,1912228

2020-02-02 22:01:20.934000+00:00,Cisco-IOS-XR-ipv4-bgp-oper:bgp/instances/instance/instance-active/default-vrf/process-info,spine1,,62,64,231,2,,default,0,true,1,1912228,default,64,427,9066,1912228

2020-02-02 22:01:27.241000+00:00,Cisco-IOS-XR-ipv4-bgp-oper:bgp/instances/instance/instance-active/default-vrf/process-info,spine1,,62,64,231,2,,default,0,true,1,1912228,default,64,427,9066,1912228

2020-02-02 22:01:32.391000+00:00,Cisco-IOS-XR-ipv4-bgp-oper:bgp/instances/instance/instance-active/default-vrf/process-info,spine1,,62,64,231,2,,default,0,true,1,1912228,default,64,427,9066,1912228

2020-02-02 22:01:38.723000+00:00,Cisco-IOS-XR-ipv4-bgp-oper:bgp/instances/instance/instance-active/default-vrf/process-info,spine1,,62,64,231,2,,default,0,true,1,1912228,default,64,427,9066,1912228

2020-02-02 22:01:43.872000+00:00,Cisco-IOS-XR-ipv4-bgp-oper:bgp/instances/instance/instance-active/default-vrf/process-info,spine1,,62,64,231,2,,default,0,true,1,1912228,default,64,427,9066,1912228

2020-02-02 22:01:50.163000+00:00,Cisco-IOS-XR-ipv4-bgp-oper:bgp/instances/instance/instance-active/default-vrf/process-info,spine1,,62,64,231,2,,default,0,true,1,1912228,default,64,427,9066,1912228

2020-02-02 22:01:55.313000+00:00,Cisco-IOS-XR-ipv4-bgp-oper:bgp/instances/instance/instance-active/default-vrf/process-info,spine1,,62,64,231,2,,default,0,true,1,1912228,default,64,427,9066,1912228

2020-02-02 22:02:01.643000+00:00,Cisco-IOS-XR-ipv4-bgp-oper:bgp/instances/instance/instance-active/default-vrf/process-info,spine1,,62,64,231,2,,default,0,true,1,1912228,default,64,427,9066,1912228

2020-02-02 22:02:06.782000+00:00,Cisco-IOS-XR-ipv4-bgp-oper:bgp/instances/instance/instance-active/default-vrf/process-info,spine1,,62,64,231,2,,default,0,true,1,1912228,default,64,427,9066,1912228

2020-02-02 22:02:13.069000+00:00,Cisco-IOS-XR-ipv4-bgp-oper:bgp/instances/instance/instance-active/default-vrf/process-info,spine1,,62,64,231,2,,default,0,true,1,1912228,default,64,427,9066,1912228

2020-02-02 22:02:18.436000+00:00,Cisco-IOS-XR-ipv4-bgp-oper:bgp/instances/instance/instance-active/default-vrf/process-info,spine1,,62,64,231,2,,default,0,true,1,1912228,default,64,427,9066,1912228

2020-02-02 22:02:24.603000+00:00,Cisco-IOS-XR-ipv4-bgp-oper:bgp/instances/instance/instance-active/default-vrf/process-info,spine1,,62,64,231,2,,default,0,true,1,1912228,default,64,427,9066,1912228

2020-02-02 22:02:29.751000+00:00,Cisco-IOS-XR-ipv4-bgp-oper:bgp/instances/instance/instance-active/default-vrf/process-info,spine1,,62,64,231,2,,default,0,true,1,1912228,default,64,427,9066,1912228

2020-02-02 22:02:36.074000+00:00,Cisco-IOS-XR-ipv4-bgp-oper:bgp/instances/instance/instance-active/default-vrf/process-info,spine1,,62,64,231,2,,default,0,true,1,1912228,default,64,427,9066,1912228

2020-02-02 22:02:41.220000+00:00,Cisco-IOS-XR-ipv4-bgp-oper:bgp/instances/instance/instance-active/default-vrf/process-info,spine1,,62,64,231,2,,default,0,true,1,1912228,default,64,427,9066,1912228

2020-02-02 22:02:47.522000+00:00,Cisco-IOS-XR-ipv4-bgp-oper:bgp/instances/instance/instance-active/default-vrf/process-info,spine1,,62,64,231,2,,default,0,true,1,1912228,default,64,427,9066,1912228

2020-02-02 22:02:52.664000+00:00,Cisco-IOS-XR-ipv4-bgp-oper:bgp/instances/instance/instance-active/default-vrf/process-info,spine1,,62,64,231,2,,default,0,true,1,1912228,default,64,427,9066,1912228

2020-02-02 22:02:58.985000+00:00,Cisco-IOS-XR-ipv4-bgp-oper:bgp/instances/instance/instance-active/default-vrf/process-info,spine1,,62,64,231,2,,default,0,true,1,1912228,default,64,427,9066,1912228

2020-02-02 22:03:04.122000+00:00,Cisco-IOS-XR-ipv4-bgp-oper:bgp/instances/instance/instance-active/default-vrf/process-info,spine1,,62,64,231,2,,default,0,true,1,1912228,default,64,427,9066,1912228

2020-02-02 22:03:10.506000+00:00,Cisco-IOS-XR-ipv4-bgp-oper:bgp/instances/instance/instance-active/default-vrf/process-info,spine1,,62,64,231,2,,default,0,true,1,1912228,default,64,427,9066,1912228

2020-02-02 22:03:15.647000+00:00,Cisco-IOS-XR-ipv4-bgp-oper:bgp/instances/instance/instance-active/default-vrf/process-info,spine1,,62,64,231,2,,default,0,true,1,1912228,default,64,427,9066,1912228

2020-02-02 22:03:21.998000+00:00,Cisco-IOS-XR-ipv4-bgp-oper:bgp/instances/instance/instance-active/default-vrf/process-info,spine1,,62,64,231,2,,default,0,true,1,1912228,default,64,427,9066,1912228

2020-02-02 22:03:27.148000+00:00,Cisco-IOS-XR-ipv4-bgp-oper:bgp/instances/instance/instance-active/default-vrf/process-info,spine1,,62,64,231,2,,default,0,true,1,1912228,default,64,427,9066,1912228

2020-02-02 22:03:33.443000+00:00,Cisco-IOS-XR-ipv4-bgp-oper:bgp/instances/instance/instance-active/default-vrf/process-info,spine1,,62,64,231,2,,default,0,true,1,1912228,default,64,427,9066,1912228

2020-02-02 22:03:38.592000+00:00,Cisco-IOS-XR-ipv4-bgp-oper:bgp/instances/instance/instance-active/default-vrf/process-info,spine1,,62,64,231,2,,default,0,true,1,1912228,default,64,427,9066,1912228

2020-02-02 22:03:44.927000+00:00,Cisco-IOS-XR-ipv4-bgp-oper:bgp/instances/instance/instance-active/default-vrf/process-info,spine1,,62,64,231,2,,default,0,true,1,1912228,default,64,427,9066,1912228

2020-02-02 22:03:50.079000+00:00,Cisco-IOS-XR-ipv4-bgp-oper:bgp/instances/instance/instance-active/default-vrf/process-info,spine1,,62,64,231,2,,default,0,true,1,1912228,default,64,427,9066,1912228

2020-02-02 22:03:56.381000+00:00,Cisco-IOS-XR-ipv4-bgp-oper:bgp/instances/instance/instance-active/default-vrf/process-info,spine1,,62,64,231,2,,default,0,true,1,1912228,default,64,427,9066,1912228

2020-02-02 22:04:01.536000+00:00,Cisco-IOS-XR-ipv4-bgp-oper:bgp/instances/instance/instance-active/default-vrf/process-info,spine1,,62,64,231,2,,default,0,true,1,1912228,default,64,427,9066,1912228

2020-02-02 22:04:07.858000+00:00,Cisco-IOS-XR-ipv4-bgp-oper:bgp/instances/instance/instance-active/default-vrf/process-info,spine1,,62,64,231,2,,default,0,true,1,1912228,default,64,427,9066,1912228

2020-02-02 22:04:12.999000+00:00,Cisco-IOS-XR-ipv4-bgp-oper:bgp/instances/instance/instance-active/default-vrf/process-info,spine1,,62,64,231,2,,default,0,true,1,1912228,default,64,427,9066,1912228

2020-02-02 22:04:19.360000+00:00,Cisco-IOS-XR-ipv4-bgp-oper:bgp/instances/instance/instance-active/default-vrf/process-info,spine1,,62,64,231,2,,default,0,true,1,1912228,default,64,427,9066,1912228

2020-02-02 22:04:24.507000+00:00,Cisco-IOS-XR-ipv4-bgp-oper:bgp/instances/instance/instance-active/default-vrf/process-info,spine1,,62,64,231,2,,default,0,true,1,1912228,default,64,427,9066,1912228

2020-02-02 22:04:30.793000+00:00,Cisco-IOS-XR-ipv4-bgp-oper:bgp/instances/instance/instance-active/default-vrf/process-info,spine1,,62,64,231,2,,default,0,true,1,1912228,default,64,427,9066,1912228

2020-02-02 22:04:35.940000+00:00,Cisco-IOS-XR-ipv4-bgp-oper:bgp/instances/instance/instance-active/default-vrf/process-info,spine1,,62,64,231,2,,default,0,true,1,1912228,default,64,427,9066,1912228

2020-02-02 22:04:42.522000+00:00,Cisco-IOS-XR-ipv4-bgp-oper:bgp/instances/instance/instance-active/default-vrf/process-info,spine1,,62,64,231,2,,default,0,true,1,1912228,default,64,427,9066,1912228

2020-02-02 22:04:47.671000+00:00,Cisco-IOS-XR-ipv4-bgp-oper:bgp/instances/instance/instance-active/default-vrf/process-info,spine1,,62,64,231,2,,default,0,true,1,1912228,default,64,427,9066,1912228

2020-02-02 22:04:53.678000+00:00,Cisco-IOS-XR-ipv4-bgp-oper:bgp/instances/instance/instance-active/default-vrf/process-info,spine1,,62,64,231,2,,default,0,true,1,1912228,default,64,427,9066,1912228

2020-02-02 22:04:58.822000+00:00,Cisco-IOS-XR-ipv4-bgp-oper:bgp/instances/instance/instance-active/default-vrf/process-info,spine1,,62,64,231,2,,default,0,true,1,1912228,default,64,427,9066,1912228

2020-02-02 22:05:05.132000+00:00,Cisco-IOS-XR-ipv4-bgp-oper:bgp/instances/instance/instance-active/default-vrf/process-info,spine1,,62,64,231,2,,default,0,true,1,1912228,default,64,427,9066,1912228

2020-02-02 22:05:10.270000+00:00,Cisco-IOS-XR-ipv4-bgp-oper:bgp/instances/instance/instance-active/default-vrf/process-info,spine1,,62,64,231,2,,default,0,true,1,1912228,default,64,427,9066,1912228

2020-02-02 22:05:16.596000+00:00,Cisco-IOS-XR-ipv4-bgp-oper:bgp/instances/instance/instance-active/default-vrf/process-info,spine1,,62,64,231,2,,default,0,true,1,1912228,default,64,427,9066,1912228

2020-02-02 22:05:21.740000+00:00,Cisco-IOS-XR-ipv4-bgp-oper:bgp/instances/instance/instance-active/default-vrf/process-info,spine1,,62,64,231,2,,default,0,true,1,1912228,default,64,427,9066,1912228

2020-02-02 22:05:28.038000+00:00,Cisco-IOS-XR-ipv4-bgp-oper:bgp/instances/instance/instance-active/default-vrf/process-info,spine1,,62,64,231,2,,default,0,true,1,1912228,default,64,427,9066,1912228

2020-02-02 22:05:33.189000+00:00,Cisco-IOS-XR-ipv4-bgp-oper:bgp/instances/instance/instance-active/default-vrf/process-info,spine1,,62,64,231,2,,default,0,true,1,1912228,default,64,427,9066,1912228

2020-02-02 22:05:39.533000+00:00,Cisco-IOS-XR-ipv4-bgp-oper:bgp/instances/instance/instance-active/default-vrf/process-info,spine1,,62,64,231,2,,default,0,true,1,1912228,default,64,427,9066,1912228

2020-02-02 22:05:44.678000+00:00,Cisco-IOS-XR-ipv4-bgp-oper:bgp/instances/instance/instance-active/default-vrf/process-info,spine1,,62,64,231,2,,default,0,true,1,1912228,default,64,427,9066,1912228

2020-02-02 22:05:50.976000+00:00,Cisco-IOS-XR-ipv4-bgp-oper:bgp/instances/instance/instance-active/default-vrf/process-info,spine1,,62,64,231,2,,default,0,true,1,1912228,default,64,427,9066,1912228

2020-02-02 22:05:56.121000+00:00,Cisco-IOS-XR-ipv4-bgp-oper:bgp/instances/instance/instance-active/default-vrf/process-info,spine1,,62,64,231,2,,default,0,true,1,1912228,default,64,427,9066,1912228

2020-02-02 22:06:02.472000+00:00,Cisco-IOS-XR-ipv4-bgp-oper:bgp/instances/instance/instance-active/default-vrf/process-info,spine1,,62,64,231,2,,default,0,true,1,1912228,default,64,427,9066,1912228

2020-02-02 22:06:07.609000+00:00,Cisco-IOS-XR-ipv4-bgp-oper:bgp/instances/instance/instance-active/default-vrf/process-info,spine1,,62,64,231,2,,default,0,true,1,1912228,default,64,427,9066,1912228

2020-02-02 22:06:13.933000+00:00,Cisco-IOS-XR-ipv4-bgp-oper:bgp/instances/instance/instance-active/default-vrf/process-info,spine1,,62,64,231,2,,default,0,true,1,1912228,default,64,427,9066,1912228

2020-02-02 22:06:19.084000+00:00,Cisco-IOS-XR-ipv4-bgp-oper:bgp/instances/instance/instance-active/default-vrf/process-info,spine1,,62,64,231,2,,default,0,true,1,1912228,default,64,427,9066,1912228

2020-02-02 22:06:25.372000+00:00,Cisco-IOS-XR-ipv4-bgp-oper:bgp/instances/instance/instance-active/default-vrf/process-info,spine1,,62,64,231,2,,default,0,true,1,1912228,default,64,427,9066,1912228

2020-02-02 22:06:30.520000+00:00,Cisco-IOS-XR-ipv4-bgp-oper:bgp/instances/instance/instance-active/default-vrf/process-info,spine1,,62,64,231,2,,default,0,true,1,1912228,default,64,427,9066,1912228

2020-02-02 22:06:36.865000+00:00,Cisco-IOS-XR-ipv4-bgp-oper:bgp/instances/instance/instance-active/default-vrf/process-info,spine1,,62,64,231,2,,default,0,true,1,1912228,default,64,427,9066,1912228

2020-02-02 22:06:42.012000+00:00,Cisco-IOS-XR-ipv4-bgp-oper:bgp/instances/instance/instance-active/default-vrf/process-info,spine1,,62,64,231,2,,default,0,true,1,1912228,default,64,427,9066,1912228

2020-02-02 22:06:48.293000+00:00,Cisco-IOS-XR-ipv4-bgp-oper:bgp/instances/instance/instance-active/default-vrf/process-info,spine1,,62,64,231,2,,default,0,true,1,1912228,default,64,427,9066,1912228

2020-02-02 22:06:53.432000+00:00,Cisco-IOS-XR-ipv4-bgp-oper:bgp/instances/instance/instance-active/default-vrf/process-info,spine1,,62,64,231,2,,default,0,true,1,1912228,default,64,427,9066,1912228

2020-02-02 22:06:59.727000+00:00,Cisco-IOS-XR-ipv4-bgp-oper:bgp/instances/instance/instance-active/default-vrf/process-info,spine1,,62,64,231,2,,default,0,true,1,1912228,default,64,427,9066,1912228

2020-02-02 22:07:04.879000+00:00,Cisco-IOS-XR-ipv4-bgp-oper:bgp/instances/instance/instance-active/default-vrf/process-info,spine1,,62,64,231,2,,default,0,true,1,1912228,default,64,427,9066,1912228

2020-02-02 22:07:11.182000+00:00,Cisco-IOS-XR-ipv4-bgp-oper:bgp/instances/instance/instance-active/default-vrf/process-info,spine1,,62,64,231,2,,default,0,true,1,1912290,default,64,427,9066,1912290

2020-02-02 22:07:16.327000+00:00,Cisco-IOS-XR-ipv4-bgp-oper:bgp/instances/instance/instance-active/default-vrf/process-info,spine1,,62,64,231,2,,default,0,true,1,1912290,default,64,427,9066,1912290

2020-02-02 22:07:22.665000+00:00,Cisco-IOS-XR-ipv4-bgp-oper:bgp/instances/instance/instance-active/default-vrf/process-info,spine1,,62,64,231,2,,default,0,true,1,1912290,default,64,427,9066,1912290

2020-02-02 22:07:27.812000+00:00,Cisco-IOS-XR-ipv4-bgp-oper:bgp/instances/instance/instance-active/default-vrf/process-info,spine1,,62,64,231,2,,default,0,true,1,1912290,default,64,427,9066,1912290

2020-02-02 22:07:34.143000+00:00,Cisco-IOS-XR-ipv4-bgp-oper:bgp/instances/instance/instance-active/default-vrf/process-info,spine1,,62,64,231,2,,default,0,true,1,1912290,default,64,427,9066,1912290

2020-02-02 22:07:39.290000+00:00,Cisco-IOS-XR-ipv4-bgp-oper:bgp/instances/instance/instance-active/default-vrf/process-info,spine1,,62,64,231,2,,default,0,true,1,1912352,default,64,427,9054,1912352

2020-02-02 22:07:45.633000+00:00,Cisco-IOS-XR-ipv4-bgp-oper:bgp/instances/instance/instance-active/default-vrf/process-info,spine1,,62,64,231,2,,default,0,true,1,1912352,default,64,427,9054,1912352

2020-02-02 22:07:50.773000+00:00,Cisco-IOS-XR-ipv4-bgp-oper:bgp/instances/instance/instance-active/default-vrf/process-info,spine1,,62,64,231,2,,default,0,true,1,1912352,default,64,427,9054,1912352

2020-02-02 22:07:57.110000+00:00,Cisco-IOS-XR-ipv4-bgp-oper:bgp/instances/instance/instance-active/default-vrf/process-info,spine1,,62,64,231,2,,default,0,true,1,1912352,default,64,427,9054,1912352

2020-02-02 22:08:02.249000+00:00,Cisco-IOS-XR-ipv4-bgp-oper:bgp/instances/instance/instance-active/default-vrf/process-info,spine1,,62,64,231,2,,default,0,true,1,1912352,default,64,427,9054,1912352

2020-02-02 22:08:08.547000+00:00,Cisco-IOS-XR-ipv4-bgp-oper:bgp/instances/instance/instance-active/default-vrf/process-info,spine1,,62,64,231,2,,default,0,true,1,1912410,default,64,427,9046,1912410

2020-02-02 22:08:13.692000+00:00,Cisco-IOS-XR-ipv4-bgp-oper:bgp/instances/instance/instance-active/default-vrf/process-info,spine1,,62,64,231,2,,default,0,true,1,1912410,default,64,427,9046,1912410

2020-02-02 22:08:20.210000+00:00,Cisco-IOS-XR-ipv4-bgp-oper:bgp/instances/instance/instance-active/default-vrf/process-info,spine1,,62,64,231,2,,default,0,true,1,1912410,default,64,427,9046,1912410

2020-02-02 22:08:25.354000+00:00,Cisco-IOS-XR-ipv4-bgp-oper:bgp/instances/instance/instance-active/default-vrf/process-info,spine1,,62,64,231,2,,default,0,true,1,1912410,default,64,427,9046,1912410

2020-02-02 22:08:31.488000+00:00,Cisco-IOS-XR-ipv4-bgp-oper:bgp/instances/instance/instance-active/default-vrf/process-info,spine1,,62,64,231,2,,default,0,true,1,1912410,default,64,427,9046,1912410

2020-02-02 22:08:36.637000+00:00,Cisco-IOS-XR-ipv4-bgp-oper:bgp/instances/instance/instance-active/default-vrf/process-info,spine1,,62,64,231,2,,default,0,true,1,1912454,default,64,427,9036,1912454

2020-02-02 22:08:42.992000+00:00,Cisco-IOS-XR-ipv4-bgp-oper:bgp/instances/instance/instance-active/default-vrf/process-info,spine1,,62,64,231,2,,default,0,true,1,1912460,default,64,427,9036,1912460

2020-02-02 22:08:48.138000+00:00,Cisco-IOS-XR-ipv4-bgp-oper:bgp/instances/instance/instance-active/default-vrf/process-info,spine1,,62,64,231,2,,default,0,true,1,1912460,default,64,427,9036,1912460

2020-02-02 22:08:54.478000+00:00,Cisco-IOS-XR-ipv4-bgp-oper:bgp/instances/instance/instance-active/default-vrf/process-info,spine1,,62,64,231,2,,default,0,true,1,1912460,default,64,427,9036,1912460

2020-02-02 22:08:59.616000+00:00,Cisco-IOS-XR-ipv4-bgp-oper:bgp/instances/instance/instance-active/default-vrf/process-info,spine1,,62,64,231,2,,default,0,true,1,1912460,default,64,427,9036,1912460

2020-02-02 22:09:05.951000+00:00,Cisco-IOS-XR-ipv4-bgp-oper:bgp/instances/instance/instance-active/default-vrf/process-info,spine1,,62,64,231,2,,default,0,true,1,1912460,default,64,427,9036,1912460

2020-02-02 22:09:11.099000+00:00,Cisco-IOS-XR-ipv4-bgp-oper:bgp/instances/instance/instance-active/default-vrf/process-info,spine1,,62,64,231,2,,default,0,true,1,1912510,default,64,427,9028,1912510

2020-02-02 22:09:17.383000+00:00,Cisco-IOS-XR-ipv4-bgp-oper:bgp/instances/instance/instance-active/default-vrf/process-info,spine1,,62,64,231,2,,default,0,true,1,1912510,default,64,427,9028,1912510

2020-02-02 22:09:22.528000+00:00,Cisco-IOS-XR-ipv4-bgp-oper:bgp/instances/instance/instance-active/default-vrf/process-info,spine1,,62,64,231,2,,default,0,true,1,1912510,default,64,427,9028,1912510

2020-02-02 22:09:28.866000+00:00,Cisco-IOS-XR-ipv4-bgp-oper:bgp/instances/instance/instance-active/default-vrf/process-info,spine1,,62,64,231,2,,default,0,true,1,1912510,default,64,427,9028,1912510

2020-02-02 22:09:34.008000+00:00,Cisco-IOS-XR-ipv4-bgp-oper:bgp/instances/instance/instance-active/default-vrf/process-info,spine1,,62,64,231,2,,default,0,true,1,1912510,default,64,427,9028,1912510

2020-02-02 22:09:40.331000+00:00,Cisco-IOS-XR-ipv4-bgp-oper:bgp/instances/instance/instance-active/default-vrf/process-info,spine1,,62,64,231,2,,default,0,true,1,1912560,default,64,427,9016,1912560

2020-02-02 22:09:45.480000+00:00,Cisco-IOS-XR-ipv4-bgp-oper:bgp/instances/instance/instance-active/default-vrf/process-info,spine1,,62,64,231,2,,default,0,true,1,1912560,default,64,427,9016,1912560

2020-02-02 22:09:51.780000+00:00,Cisco-IOS-XR-ipv4-bgp-oper:bgp/instances/instance/instance-active/default-vrf/process-info,spine1,,62,64,231,2,,default,0,true,1,1912560,default,64,427,9016,1912560

2020-02-02 22:09:56.920000+00:00,Cisco-IOS-XR-ipv4-bgp-oper:bgp/instances/instance/instance-active/default-vrf/process-info,spine1,,62,64,231,2,,default,0,true,1,1912560,default,64,427,9016,1912560

2020-02-02 22:10:03.213000+00:00,Cisco-IOS-XR-ipv4-bgp-oper:bgp/instances/instance/instance-active/default-vrf/process-info,spine1,,62,64,231,2,,default,0,true,1,1912560,default,64,427,9016,1912560

2020-02-02 22:10:08.360000+00:00,Cisco-IOS-XR-ipv4-bgp-oper:bgp/instances/instance/instance-active/default-vrf/process-info,spine1,,62,64,231,2,,default,0,true,1,1912606,default,64,427,9012,1912606

2020-02-02 22:10:14.705000+00:00,Cisco-IOS-XR-ipv4-bgp-oper:bgp/instances/instance/instance-active/default-vrf/process-info,spine1,,62,64,231,2,,default,0,true,1,1912606,default,64,427,9012,1912606

2020-02-02 22:10:19.843000+00:00,Cisco-IOS-XR-ipv4-bgp-oper:bgp/instances/instance/instance-active/default-vrf/process-info,spine1,,62,64,231,2,,default,0,true,1,1912606,default,64,427,9012,1912606

2020-02-02 22:10:26.157000+00:00,Cisco-IOS-XR-ipv4-bgp-oper:bgp/instances/instance/instance-active/default-vrf/process-info,spine1,,62,64,231,2,,default,0,true,1,1912606,default,64,427,9012,1912606

2020-02-02 22:10:31.305000+00:00,Cisco-IOS-XR-ipv4-bgp-oper:bgp/instances/instance/instance-active/default-vrf/process-info,spine1,,62,64,231,2,,default,0,true,1,1912606,default,64,427,9012,1912606

2020-02-02 22:10:37.581000+00:00,Cisco-IOS-XR-ipv4-bgp-oper:bgp/instances/instance/instance-active/default-vrf/process-info,spine1,,62,64,231,2,,default,0,true,1,1912652,default,64,427,9004,1912652

2020-02-02 22:10:42.722000+00:00,Cisco-IOS-XR-ipv4-bgp-oper:bgp/instances/instance/instance-active/default-vrf/process-info,spine1,,62,64,231,2,,default,0,true,1,1912652,default,64,427,9004,1912652

2020-02-02 22:10:49.068000+00:00,Cisco-IOS-XR-ipv4-bgp-oper:bgp/instances/instance/instance-active/default-vrf/process-info,spine1,,62,64,231,2,,default,0,true,1,1912652,default,64,427,9004,1912652

2020-02-02 22:10:54.206000+00:00,Cisco-IOS-XR-ipv4-bgp-oper:bgp/instances/instance/instance-active/default-vrf/process-info,spine1,,62,64,231,2,,default,0,true,1,1912652,default,64,427,9004,1912652

2020-02-02 22:11:00.534000+00:00,Cisco-IOS-XR-ipv4-bgp-oper:bgp/instances/instance/instance-active/default-vrf/process-info,spine1,,62,64,231,2,,default,0,true,1,1912652,default,64,427,9004,1912652

2020-02-02 22:11:05.673000+00:00,Cisco-IOS-XR-ipv4-bgp-oper:bgp/instances/instance/instance-active/default-vrf/process-info,spine1,,62,64,231,2,,default,0,true,1,1912652,default,64,427,9004,1912652

2020-02-02 22:11:11.980000+00:00,Cisco-IOS-XR-ipv4-bgp-oper:bgp/instances/instance/instance-active/default-vrf/process-info,spine1,,62,64,231,2,,default,0,true,1,1912691,default,64,427,9004,1912691

2020-02-02 22:11:17.128000+00:00,Cisco-IOS-XR-ipv4-bgp-oper:bgp/instances/instance/instance-active/default-vrf/process-info,spine1,,62,64,231,2,,default,0,true,1,1912691,default,64,427,9004,1912691

2020-02-02 22:11:23.434000+00:00,Cisco-IOS-XR-ipv4-bgp-oper:bgp/instances/instance/instance-active/default-vrf/process-info,spine1,,62,64,231,2,,default,0,true,1,1912691,default,64,427,9004,1912691

2020-02-02 22:11:28.579000+00:00,Cisco-IOS-XR-ipv4-bgp-oper:bgp/instances/instance/instance-active/default-vrf/process-info,spine1,,62,64,231,2,,default,0,true,1,1912691,default,64,427,9004,1912691

2020-02-02 22:11:34.932000+00:00,Cisco-IOS-XR-ipv4-bgp-oper:bgp/instances/instance/instance-active/default-vrf/process-info,spine1,,62,64,231,2,,default,0,true,1,1912691,default,64,425,9004,1912691

2020-02-02 22:11:40.073000+00:00,Cisco-IOS-XR-ipv4-bgp-oper:bgp/instances/instance/instance-active/default-vrf/process-info,spine1,,62,64,231,2,,default,0,true,1,1912718,default,64,425,9004,1912718

2020-02-02 22:11:46.390000+00:00,Cisco-IOS-XR-ipv4-bgp-oper:bgp/instances/instance/instance-active/default-vrf/process-info,spine1,,62,64,231,2,,default,0,true,1,1912718,default,64,425,9004,1912718

2020-02-02 22:11:51.530000+00:00,Cisco-IOS-XR-ipv4-bgp-oper:bgp/instances/instance/instance-active/default-vrf/process-info,spine1,,62,64,231,2,,default,0,true,1,1912718,default,64,425,9004,1912718

2020-02-02 22:11:57.854000+00:00,Cisco-IOS-XR-ipv4-bgp-oper:bgp/instances/instance/instance-active/default-vrf/process-info,spine1,,62,64,231,2,,default,0,true,1,1912718,default,64,425,9004,1912718

2020-02-02 22:12:02.997000+00:00,Cisco-IOS-XR-ipv4-bgp-oper:bgp/instances/instance/instance-active/default-vrf/process-info,spine1,,62,64,231,2,,default,0,true,1,1912718,default,64,425,9004,1912718

2020-02-02 22:12:09.281000+00:00,Cisco-IOS-XR-ipv4-bgp-oper:bgp/instances/instance/instance-active/default-vrf/process-info,spine1,,62,64,231,2,,default,0,true,1,1912734,default,64,425,9004,1912734

2020-02-02 22:12:14.429000+00:00,Cisco-IOS-XR-ipv4-bgp-oper:bgp/instances/instance/instance-active/default-vrf/process-info,spine1,,62,64,231,2,,default,0,true,1,1912734,default,64,425,9004,1912734

2020-02-02 22:12:20.763000+00:00,Cisco-IOS-XR-ipv4-bgp-oper:bgp/instances/instance/instance-active/default-vrf/process-info,spine1,,62,64,231,2,,default,0,true,1,1912734,default,64,425,9004,1912734

2020-02-02 22:12:25.907000+00:00,Cisco-IOS-XR-ipv4-bgp-oper:bgp/instances/instance/instance-active/default-vrf/process-info,spine1,,62,64,231,2,,default,0,true,1,1912734,default,64,425,9004,1912734

2020-02-02 22:12:32.240000+00:00,Cisco-IOS-XR-ipv4-bgp-oper:bgp/instances/instance/instance-active/default-vrf/process-info,spine1,,62,64,231,2,,default,0,true,1,1912734,default,64,425,9004,1912734

2020-02-02 22:12:37.388000+00:00,Cisco-IOS-XR-ipv4-bgp-oper:bgp/instances/instance/instance-active/default-vrf/process-info,spine1,,62,64,231,2,,default,0,true,1,1912742,default,64,425,9004,1912742

2020-02-02 22:12:43.701000+00:00,Cisco-IOS-XR-ipv4-bgp-oper:bgp/instances/instance/instance-active/default-vrf/process-info,spine1,,62,64,231,2,,default,0,true,1,1912742,default,64,425,9004,1912742

2020-02-02 22:12:48.839000+00:00,Cisco-IOS-XR-ipv4-bgp-oper:bgp/instances/instance/instance-active/default-vrf/process-info,spine1,,62,64,231,2,,default,0,true,1,1912742,default,64,425,9004,1912742

2020-02-02 22:12:55.149000+00:00,Cisco-IOS-XR-ipv4-bgp-oper:bgp/instances/instance/instance-active/default-vrf/process-info,spine1,,62,64,231,2,,default,0,true,1,1912742,default,64,425,9004,1912742

2020-02-02 22:13:00.301000+00:00,Cisco-IOS-XR-ipv4-bgp-oper:bgp/instances/instance/instance-active/default-vrf/process-info,spine1,,62,64,231,2,,default,0,true,1,1912742,default,64,425,9004,1912742

2020-02-02 22:13:06.624000+00:00,Cisco-IOS-XR-ipv4-bgp-oper:bgp/instances/instance/instance-active/default-vrf/process-info,spine1,,62,64,231,2,,default,0,true,1,1912746,default,64,425,9004,1912746

2020-02-02 22:13:11.769000+00:00,Cisco-IOS-XR-ipv4-bgp-oper:bgp/instances/instance/instance-active/default-vrf/process-info,spine1,,62,64,231,2,,default,0,true,1,1912746,default,64,425,9004,1912746

2020-02-02 22:13:18.068000+00:00,Cisco-IOS-XR-ipv4-bgp-oper:bgp/instances/instance/instance-active/default-vrf/process-info,spine1,,62,64,231,2,,default,0,true,1,1912746,default,64,425,9004,1912746

2020-02-02 22:13:23.214000+00:00,Cisco-IOS-XR-ipv4-bgp-oper:bgp/instances/instance/instance-active/default-vrf/process-info,spine1,,62,64,231,2,,default,0,true,1,1912746,default,64,425,9004,1912746

2020-02-02 22:13:29.561000+00:00,Cisco-IOS-XR-ipv4-bgp-oper:bgp/instances/instance/instance-active/default-vrf/process-info,spine1,,62,64,231,2,,default,0,true,1,1912746,default,64,425,9004,1912746

2020-02-02 22:13:34.710000+00:00,Cisco-IOS-XR-ipv4-bgp-oper:bgp/instances/instance/instance-active/default-vrf/process-info,spine1,,62,64,231,2,,default,0,true,1,1912746,default,64,425,9004,1912746

2020-02-02 22:13:41.043000+00:00,Cisco-IOS-XR-ipv4-bgp-oper:bgp/instances/instance/instance-active/default-vrf/process-info,spine1,,62,64,231,2,,default,0,true,1,1912750,default,64,425,9004,1912750

2020-02-02 22:13:46.189000+00:00,Cisco-IOS-XR-ipv4-bgp-oper:bgp/instances/instance/instance-active/default-vrf/process-info,spine1,,62,64,231,2,,default,0,true,1,1912750,default,64,425,9004,1912750

