,EncodingPath,Producer,active-routes-count,af-name,as,backup-routes-count,deleted-routes-count,paths-count,protocol-route-memory,route-table-name,routes-counts,saf-name,vrf-name

2020-02-02 21:58:00.689000+00:00,Cisco-IOS-XR-ip-rib-ipv4-oper:rib/vrfs/vrf/afs/af/safs/saf/ip-rib-route-table-names/ip-rib-route-table-name/protocol/bgp/as/information,spine1,210,IPv4,65011,0,0,1564,203728,default,210,Unicast,default

2020-02-02 21:58:12.172000+00:00,Cisco-IOS-XR-ip-rib-ipv4-oper:rib/vrfs/vrf/afs/af/safs/saf/ip-rib-route-table-names/ip-rib-route-table-name/protocol/bgp/as/information,spine1,210,IPv4,65011,0,0,1565,203840,default,210,Unicast,default

2020-02-02 21:58:23.644000+00:00,Cisco-IOS-XR-ip-rib-ipv4-oper:rib/vrfs/vrf/afs/af/safs/saf/ip-rib-route-table-names/ip-rib-route-table-name/protocol/bgp/as/information,spine1,209,IPv4,65011,0,1,1561,203392,default,210,Unicast,default

2020-02-02 21:58:35.140000+00:00,Cisco-IOS-XR-ip-rib-ipv4-oper:rib/vrfs/vrf/afs/af/safs/saf/ip-rib-route-table-names/ip-rib-route-table-name/protocol/bgp/as/information,spine1,209,IPv4,65011,0,1,1561,203392,default,210,Unicast,default

2020-02-02 21:58:46.625000+00:00,Cisco-IOS-XR-ip-rib-ipv4-oper:rib/vrfs/vrf/afs/af/safs/saf/ip-rib-route-table-names/ip-rib-route-table-name/protocol/bgp/as/information,spine1,209,IPv4,65011,0,0,1561,203256,default,209,Unicast,default

2020-02-02 21:58:58.119000+00:00,Cisco-IOS-XR-ip-rib-ipv4-oper:rib/vrfs/vrf/afs/af/safs/saf/ip-rib-route-table-names/ip-rib-route-table-name/protocol/bgp/as/information,spine1,209,IPv4,65011,0,0,1561,203256,default,209,Unicast,default

2020-02-02 21:59:09.596000+00:00,Cisco-IOS-XR-ip-rib-ipv4-oper:rib/vrfs/vrf/afs/af/safs/saf/ip-rib-route-table-names/ip-rib-route-table-name/protocol/bgp/as/information,spine1,209,IPv4,65011,0,0,1561,203256,default,209,Unicast,default

2020-02-02 21:59:21.035000+00:00,Cisco-IOS-XR-ip-rib-ipv4-oper:rib/vrfs/vrf/afs/af/safs/saf/ip-rib-route-table-names/ip-rib-route-table-name/protocol/bgp/as/information,spine1,209,IPv4,65011,0,0,1561,203256,default,209,Unicast,default

2020-02-02 21:59:32.477000+00:00,Cisco-IOS-XR-ip-rib-ipv4-oper:rib/vrfs/vrf/afs/af/safs/saf/ip-rib-route-table-names/ip-rib-route-table-name/protocol/bgp/as/information,spine1,209,IPv4,65011,0,0,1561,203256,default,209,Unicast,default

2020-02-02 21:59:43.948000+00:00,Cisco-IOS-XR-ip-rib-ipv4-oper:rib/vrfs/vrf/afs/af/safs/saf/ip-rib-route-table-names/ip-rib-route-table-name/protocol/bgp/as/information,spine1,209,IPv4,65011,0,0,1561,203256,default,209,Unicast,default

2020-02-02 21:59:55.399000+00:00,Cisco-IOS-XR-ip-rib-ipv4-oper:rib/vrfs/vrf/afs/af/safs/saf/ip-rib-route-table-names/ip-rib-route-table-name/protocol/bgp/as/information,spine1,209,IPv4,65011,0,0,1561,203256,default,209,Unicast,default

2020-02-02 22:00:06.859000+00:00,Cisco-IOS-XR-ip-rib-ipv4-oper:rib/vrfs/vrf/afs/af/safs/saf/ip-rib-route-table-names/ip-rib-route-table-name/protocol/bgp/as/information,spine1,209,IPv4,65011,0,0,1561,203256,default,209,Unicast,default

2020-02-02 22:00:18.320000+00:00,Cisco-IOS-XR-ip-rib-ipv4-oper:rib/vrfs/vrf/afs/af/safs/saf/ip-rib-route-table-names/ip-rib-route-table-name/protocol/bgp/as/information,spine1,209,IPv4,65011,0,0,1561,203256,default,209,Unicast,default

2020-02-02 22:00:29.784000+00:00,Cisco-IOS-XR-ip-rib-ipv4-oper:rib/vrfs/vrf/afs/af/safs/saf/ip-rib-route-table-names/ip-rib-route-table-name/protocol/bgp/as/information,spine1,209,IPv4,65011,0,0,1561,203256,default,209,Unicast,default

2020-02-02 22:00:41.227000+00:00,Cisco-IOS-XR-ip-rib-ipv4-oper:rib/vrfs/vrf/afs/af/safs/saf/ip-rib-route-table-names/ip-rib-route-table-name/protocol/bgp/as/information,spine1,209,IPv4,65011,0,0,1561,203256,default,209,Unicast,default

2020-02-02 22:00:52.682000+00:00,Cisco-IOS-XR-ip-rib-ipv4-oper:rib/vrfs/vrf/afs/af/safs/saf/ip-rib-route-table-names/ip-rib-route-table-name/protocol/bgp/as/information,spine1,209,IPv4,65011,0,0,1561,203256,default,209,Unicast,default

2020-02-02 22:01:04.128000+00:00,Cisco-IOS-XR-ip-rib-ipv4-oper:rib/vrfs/vrf/afs/af/safs/saf/ip-rib-route-table-names/ip-rib-route-table-name/protocol/bgp/as/information,spine1,209,IPv4,65011,0,0,1561,203256,default,209,Unicast,default

2020-02-02 22:01:15.594000+00:00,Cisco-IOS-XR-ip-rib-ipv4-oper:rib/vrfs/vrf/afs/af/safs/saf/ip-rib-route-table-names/ip-rib-route-table-name/protocol/bgp/as/information,spine1,209,IPv4,65011,0,0,1561,203256,default,209,Unicast,default

2020-02-02 22:01:27.036000+00:00,Cisco-IOS-XR-ip-rib-ipv4-oper:rib/vrfs/vrf/afs/af/safs/saf/ip-rib-route-table-names/ip-rib-route-table-name/protocol/bgp/as/information,spine1,209,IPv4,65011,0,0,1561,203256,default,209,Unicast,default

2020-02-02 22:01:38.508000+00:00,Cisco-IOS-XR-ip-rib-ipv4-oper:rib/vrfs/vrf/afs/af/safs/saf/ip-rib-route-table-names/ip-rib-route-table-name/protocol/bgp/as/information,spine1,209,IPv4,65011,0,0,1561,203256,default,209,Unicast,default

2020-02-02 22:01:49.959000+00:00,Cisco-IOS-XR-ip-rib-ipv4-oper:rib/vrfs/vrf/afs/af/safs/saf/ip-rib-route-table-names/ip-rib-route-table-name/protocol/bgp/as/information,spine1,209,IPv4,65011,0,0,1561,203256,default,209,Unicast,default

2020-02-02 22:02:01.441000+00:00,Cisco-IOS-XR-ip-rib-ipv4-oper:rib/vrfs/vrf/afs/af/safs/saf/ip-rib-route-table-names/ip-rib-route-table-name/protocol/bgp/as/information,spine1,209,IPv4,65011,0,0,1561,203256,default,209,Unicast,default

2020-02-02 22:02:12.868000+00:00,Cisco-IOS-XR-ip-rib-ipv4-oper:rib/vrfs/vrf/afs/af/safs/saf/ip-rib-route-table-names/ip-rib-route-table-name/protocol/bgp/as/information,spine1,209,IPv4,65011,0,0,1561,203256,default,209,Unicast,default

2020-02-02 22:02:24.376000+00:00,Cisco-IOS-XR-ip-rib-ipv4-oper:rib/vrfs/vrf/afs/af/safs/saf/ip-rib-route-table-names/ip-rib-route-table-name/protocol/bgp/as/information,spine1,209,IPv4,65011,0,0,1561,203256,default,209,Unicast,default

2020-02-02 22:02:35.875000+00:00,Cisco-IOS-XR-ip-rib-ipv4-oper:rib/vrfs/vrf/afs/af/safs/saf/ip-rib-route-table-names/ip-rib-route-table-name/protocol/bgp/as/information,spine1,209,IPv4,65011,0,0,1561,203256,default,209,Unicast,default

2020-02-02 22:02:47.319000+00:00,Cisco-IOS-XR-ip-rib-ipv4-oper:rib/vrfs/vrf/afs/af/safs/saf/ip-rib-route-table-names/ip-rib-route-table-name/protocol/bgp/as/information,spine1,209,IPv4,65011,0,0,1561,203256,default,209,Unicast,default

2020-02-02 22:02:58.778000+00:00,Cisco-IOS-XR-ip-rib-ipv4-oper:rib/vrfs/vrf/afs/af/safs/saf/ip-rib-route-table-names/ip-rib-route-table-name/protocol/bgp/as/information,spine1,209,IPv4,65011,0,0,1561,203256,default,209,Unicast,default

2020-02-02 22:03:10.301000+00:00,Cisco-IOS-XR-ip-rib-ipv4-oper:rib/vrfs/vrf/afs/af/safs/saf/ip-rib-route-table-names/ip-rib-route-table-name/protocol/bgp/as/information,spine1,209,IPv4,65011,0,0,1561,203256,default,209,Unicast,default

2020-02-02 22:03:21.791000+00:00,Cisco-IOS-XR-ip-rib-ipv4-oper:rib/vrfs/vrf/afs/af/safs/saf/ip-rib-route-table-names/ip-rib-route-table-name/protocol/bgp/as/information,spine1,209,IPv4,65011,0,0,1561,203256,default,209,Unicast,default

2020-02-02 22:03:33.239000+00:00,Cisco-IOS-XR-ip-rib-ipv4-oper:rib/vrfs/vrf/afs/af/safs/saf/ip-rib-route-table-names/ip-rib-route-table-name/protocol/bgp/as/information,spine1,209,IPv4,65011,0,0,1561,203256,default,209,Unicast,default

2020-02-02 22:03:44.724000+00:00,Cisco-IOS-XR-ip-rib-ipv4-oper:rib/vrfs/vrf/afs/af/safs/saf/ip-rib-route-table-names/ip-rib-route-table-name/protocol/bgp/as/information,spine1,209,IPv4,65011,0,0,1561,203256,default,209,Unicast,default

2020-02-02 22:03:56.179000+00:00,Cisco-IOS-XR-ip-rib-ipv4-oper:rib/vrfs/vrf/afs/af/safs/saf/ip-rib-route-table-names/ip-rib-route-table-name/protocol/bgp/as/information,spine1,209,IPv4,65011,0,0,1561,203256,default,209,Unicast,default

2020-02-02 22:04:07.646000+00:00,Cisco-IOS-XR-ip-rib-ipv4-oper:rib/vrfs/vrf/afs/af/safs/saf/ip-rib-route-table-names/ip-rib-route-table-name/protocol/bgp/as/information,spine1,209,IPv4,65011,0,0,1561,203256,default,209,Unicast,default

2020-02-02 22:04:19.138000+00:00,Cisco-IOS-XR-ip-rib-ipv4-oper:rib/vrfs/vrf/afs/af/safs/saf/ip-rib-route-table-names/ip-rib-route-table-name/protocol/bgp/as/information,spine1,209,IPv4,65011,0,0,1561,203256,default,209,Unicast,default

2020-02-02 22:04:30.576000+00:00,Cisco-IOS-XR-ip-rib-ipv4-oper:rib/vrfs/vrf/afs/af/safs/saf/ip-rib-route-table-names/ip-rib-route-table-name/protocol/bgp/as/information,spine1,209,IPv4,65011,0,0,1561,203256,default,209,Unicast,default

2020-02-02 22:04:42.026000+00:00,Cisco-IOS-XR-ip-rib-ipv4-oper:rib/vrfs/vrf/afs/af/safs/saf/ip-rib-route-table-names/ip-rib-route-table-name/protocol/bgp/as/information,spine1,209,IPv4,65011,0,0,1561,203256,default,209,Unicast,default

2020-02-02 22:04:53.468000+00:00,Cisco-IOS-XR-ip-rib-ipv4-oper:rib/vrfs/vrf/afs/af/safs/saf/ip-rib-route-table-names/ip-rib-route-table-name/protocol/bgp/as/information,spine1,209,IPv4,65011,0,0,1561,203256,default,209,Unicast,default

2020-02-02 22:05:04.926000+00:00,Cisco-IOS-XR-ip-rib-ipv4-oper:rib/vrfs/vrf/afs/af/safs/saf/ip-rib-route-table-names/ip-rib-route-table-name/protocol/bgp/as/information,spine1,209,IPv4,65011,0,0,1561,203256,default,209,Unicast,default

2020-02-02 22:05:16.386000+00:00,Cisco-IOS-XR-ip-rib-ipv4-oper:rib/vrfs/vrf/afs/af/safs/saf/ip-rib-route-table-names/ip-rib-route-table-name/protocol/bgp/as/information,spine1,209,IPv4,65011,0,0,1561,203256,default,209,Unicast,default

2020-02-02 22:05:27.838000+00:00,Cisco-IOS-XR-ip-rib-ipv4-oper:rib/vrfs/vrf/afs/af/safs/saf/ip-rib-route-table-names/ip-rib-route-table-name/protocol/bgp/as/information,spine1,209,IPv4,65011,0,0,1561,203256,default,209,Unicast,default

2020-02-02 22:05:39.310000+00:00,Cisco-IOS-XR-ip-rib-ipv4-oper:rib/vrfs/vrf/afs/af/safs/saf/ip-rib-route-table-names/ip-rib-route-table-name/protocol/bgp/as/information,spine1,209,IPv4,65011,0,0,1561,203256,default,209,Unicast,default

2020-02-02 22:05:50.769000+00:00,Cisco-IOS-XR-ip-rib-ipv4-oper:rib/vrfs/vrf/afs/af/safs/saf/ip-rib-route-table-names/ip-rib-route-table-name/protocol/bgp/as/information,spine1,209,IPv4,65011,0,0,1561,203256,default,209,Unicast,default

2020-02-02 22:06:02.260000+00:00,Cisco-IOS-XR-ip-rib-ipv4-oper:rib/vrfs/vrf/afs/af/safs/saf/ip-rib-route-table-names/ip-rib-route-table-name/protocol/bgp/as/information,spine1,209,IPv4,65011,0,0,1561,203256,default,209,Unicast,default

2020-02-02 22:06:13.725000+00:00,Cisco-IOS-XR-ip-rib-ipv4-oper:rib/vrfs/vrf/afs/af/safs/saf/ip-rib-route-table-names/ip-rib-route-table-name/protocol/bgp/as/information,spine1,209,IPv4,65011,0,0,1561,203256,default,209,Unicast,default

2020-02-02 22:06:25.167000+00:00,Cisco-IOS-XR-ip-rib-ipv4-oper:rib/vrfs/vrf/afs/af/safs/saf/ip-rib-route-table-names/ip-rib-route-table-name/protocol/bgp/as/information,spine1,209,IPv4,65011,0,0,1561,203256,default,209,Unicast,default

2020-02-02 22:06:36.665000+00:00,Cisco-IOS-XR-ip-rib-ipv4-oper:rib/vrfs/vrf/afs/af/safs/saf/ip-rib-route-table-names/ip-rib-route-table-name/protocol/bgp/as/information,spine1,209,IPv4,65011,0,0,1561,203256,default,209,Unicast,default

2020-02-02 22:06:48.089000+00:00,Cisco-IOS-XR-ip-rib-ipv4-oper:rib/vrfs/vrf/afs/af/safs/saf/ip-rib-route-table-names/ip-rib-route-table-name/protocol/bgp/as/information,spine1,209,IPv4,65011,0,0,1561,203256,default,209,Unicast,default

2020-02-02 22:06:59.525000+00:00,Cisco-IOS-XR-ip-rib-ipv4-oper:rib/vrfs/vrf/afs/af/safs/saf/ip-rib-route-table-names/ip-rib-route-table-name/protocol/bgp/as/information,spine1,209,IPv4,65011,0,0,1561,203256,default,209,Unicast,default

2020-02-02 22:07:10.968000+00:00,Cisco-IOS-XR-ip-rib-ipv4-oper:rib/vrfs/vrf/afs/af/safs/saf/ip-rib-route-table-names/ip-rib-route-table-name/protocol/bgp/as/information,spine1,209,IPv4,65011,0,0,1561,203256,default,209,Unicast,default

2020-02-02 22:07:22.462000+00:00,Cisco-IOS-XR-ip-rib-ipv4-oper:rib/vrfs/vrf/afs/af/safs/saf/ip-rib-route-table-names/ip-rib-route-table-name/protocol/bgp/as/information,spine1,209,IPv4,65011,0,0,1561,203256,default,209,Unicast,default

2020-02-02 22:07:33.941000+00:00,Cisco-IOS-XR-ip-rib-ipv4-oper:rib/vrfs/vrf/afs/af/safs/saf/ip-rib-route-table-names/ip-rib-route-table-name/protocol/bgp/as/information,spine1,209,IPv4,65011,0,0,1561,203256,default,209,Unicast,default

2020-02-02 22:07:45.432000+00:00,Cisco-IOS-XR-ip-rib-ipv4-oper:rib/vrfs/vrf/afs/af/safs/saf/ip-rib-route-table-names/ip-rib-route-table-name/protocol/bgp/as/information,spine1,209,IPv4,65011,0,0,1580,205384,default,209,Unicast,default

2020-02-02 22:07:56.909000+00:00,Cisco-IOS-XR-ip-rib-ipv4-oper:rib/vrfs/vrf/afs/af/safs/saf/ip-rib-route-table-names/ip-rib-route-table-name/protocol/bgp/as/information,spine1,209,IPv4,65011,0,0,1580,205384,default,209,Unicast,default

2020-02-02 22:08:08.340000+00:00,Cisco-IOS-XR-ip-rib-ipv4-oper:rib/vrfs/vrf/afs/af/safs/saf/ip-rib-route-table-names/ip-rib-route-table-name/protocol/bgp/as/information,spine1,209,IPv4,65011,0,0,1569,204152,default,209,Unicast,default

2020-02-02 22:08:19.809000+00:00,Cisco-IOS-XR-ip-rib-ipv4-oper:rib/vrfs/vrf/afs/af/safs/saf/ip-rib-route-table-names/ip-rib-route-table-name/protocol/bgp/as/information,spine1,209,IPv4,65011,0,0,1569,204152,default,209,Unicast,default

2020-02-02 22:08:31.284000+00:00,Cisco-IOS-XR-ip-rib-ipv4-oper:rib/vrfs/vrf/afs/af/safs/saf/ip-rib-route-table-names/ip-rib-route-table-name/protocol/bgp/as/information,spine1,209,IPv4,65011,0,0,1569,204152,default,209,Unicast,default

2020-02-02 22:08:42.785000+00:00,Cisco-IOS-XR-ip-rib-ipv4-oper:rib/vrfs/vrf/afs/af/safs/saf/ip-rib-route-table-names/ip-rib-route-table-name/protocol/bgp/as/information,spine1,209,IPv4,65011,0,0,1573,204600,default,209,Unicast,default

2020-02-02 22:08:54.275000+00:00,Cisco-IOS-XR-ip-rib-ipv4-oper:rib/vrfs/vrf/afs/af/safs/saf/ip-rib-route-table-names/ip-rib-route-table-name/protocol/bgp/as/information,spine1,209,IPv4,65011,0,0,1573,204600,default,209,Unicast,default

2020-02-02 22:09:05.740000+00:00,Cisco-IOS-XR-ip-rib-ipv4-oper:rib/vrfs/vrf/afs/af/safs/saf/ip-rib-route-table-names/ip-rib-route-table-name/protocol/bgp/as/information,spine1,209,IPv4,65011,0,0,1573,204600,default,209,Unicast,default

2020-02-02 22:09:17.180000+00:00,Cisco-IOS-XR-ip-rib-ipv4-oper:rib/vrfs/vrf/afs/af/safs/saf/ip-rib-route-table-names/ip-rib-route-table-name/protocol/bgp/as/information,spine1,209,IPv4,65011,0,0,1565,203704,default,209,Unicast,default

2020-02-02 22:09:28.655000+00:00,Cisco-IOS-XR-ip-rib-ipv4-oper:rib/vrfs/vrf/afs/af/safs/saf/ip-rib-route-table-names/ip-rib-route-table-name/protocol/bgp/as/information,spine1,209,IPv4,65011,0,0,1565,203704,default,209,Unicast,default

2020-02-02 22:09:40.123000+00:00,Cisco-IOS-XR-ip-rib-ipv4-oper:rib/vrfs/vrf/afs/af/safs/saf/ip-rib-route-table-names/ip-rib-route-table-name/protocol/bgp/as/information,spine1,208,IPv4,65011,0,1,1557,202808,default,209,Unicast,default

2020-02-02 22:09:51.564000+00:00,Cisco-IOS-XR-ip-rib-ipv4-oper:rib/vrfs/vrf/afs/af/safs/saf/ip-rib-route-table-names/ip-rib-route-table-name/protocol/bgp/as/information,spine1,208,IPv4,65011,0,1,1557,202808,default,209,Unicast,default

2020-02-02 22:10:03.006000+00:00,Cisco-IOS-XR-ip-rib-ipv4-oper:rib/vrfs/vrf/afs/af/safs/saf/ip-rib-route-table-names/ip-rib-route-table-name/protocol/bgp/as/information,spine1,208,IPv4,65011,0,0,1557,202672,default,208,Unicast,default

2020-02-02 22:10:14.504000+00:00,Cisco-IOS-XR-ip-rib-ipv4-oper:rib/vrfs/vrf/afs/af/safs/saf/ip-rib-route-table-names/ip-rib-route-table-name/protocol/bgp/as/information,spine1,209,IPv4,65011,0,0,1561,203256,default,209,Unicast,default

2020-02-02 22:10:25.957000+00:00,Cisco-IOS-XR-ip-rib-ipv4-oper:rib/vrfs/vrf/afs/af/safs/saf/ip-rib-route-table-names/ip-rib-route-table-name/protocol/bgp/as/information,spine1,209,IPv4,65011,0,0,1561,203256,default,209,Unicast,default

2020-02-02 22:10:37.379000+00:00,Cisco-IOS-XR-ip-rib-ipv4-oper:rib/vrfs/vrf/afs/af/safs/saf/ip-rib-route-table-names/ip-rib-route-table-name/protocol/bgp/as/information,spine1,208,IPv4,65011,0,1,1557,202808,default,209,Unicast,default

2020-02-02 22:10:48.860000+00:00,Cisco-IOS-XR-ip-rib-ipv4-oper:rib/vrfs/vrf/afs/af/safs/saf/ip-rib-route-table-names/ip-rib-route-table-name/protocol/bgp/as/information,spine1,208,IPv4,65011,0,1,1557,202808,default,209,Unicast,default

2020-02-02 22:11:00.326000+00:00,Cisco-IOS-XR-ip-rib-ipv4-oper:rib/vrfs/vrf/afs/af/safs/saf/ip-rib-route-table-names/ip-rib-route-table-name/protocol/bgp/as/information,spine1,208,IPv4,65011,0,0,1557,202672,default,208,Unicast,default

2020-02-02 22:11:11.782000+00:00,Cisco-IOS-XR-ip-rib-ipv4-oper:rib/vrfs/vrf/afs/af/safs/saf/ip-rib-route-table-names/ip-rib-route-table-name/protocol/bgp/as/information,spine1,208,IPv4,65011,0,0,1557,202672,default,208,Unicast,default

2020-02-02 22:11:23.229000+00:00,Cisco-IOS-XR-ip-rib-ipv4-oper:rib/vrfs/vrf/afs/af/safs/saf/ip-rib-route-table-names/ip-rib-route-table-name/protocol/bgp/as/information,spine1,208,IPv4,65011,0,0,1557,202672,default,208,Unicast,default

2020-02-02 22:11:34.728000+00:00,Cisco-IOS-XR-ip-rib-ipv4-oper:rib/vrfs/vrf/afs/af/safs/saf/ip-rib-route-table-names/ip-rib-route-table-name/protocol/bgp/as/information,spine1,208,IPv4,65011,0,0,1557,202672,default,208,Unicast,default

2020-02-02 22:11:46.184000+00:00,Cisco-IOS-XR-ip-rib-ipv4-oper:rib/vrfs/vrf/afs/af/safs/saf/ip-rib-route-table-names/ip-rib-route-table-name/protocol/bgp/as/information,spine1,208,IPv4,65011,0,0,1557,202672,default,208,Unicast,default

2020-02-02 22:11:57.645000+00:00,Cisco-IOS-XR-ip-rib-ipv4-oper:rib/vrfs/vrf/afs/af/safs/saf/ip-rib-route-table-names/ip-rib-route-table-name/protocol/bgp/as/information,spine1,208,IPv4,65011,0,0,1557,202672,default,208,Unicast,default

2020-02-02 22:12:09.083000+00:00,Cisco-IOS-XR-ip-rib-ipv4-oper:rib/vrfs/vrf/afs/af/safs/saf/ip-rib-route-table-names/ip-rib-route-table-name/protocol/bgp/as/information,spine1,208,IPv4,65011,0,0,1557,202672,default,208,Unicast,default

2020-02-02 22:12:20.563000+00:00,Cisco-IOS-XR-ip-rib-ipv4-oper:rib/vrfs/vrf/afs/af/safs/saf/ip-rib-route-table-names/ip-rib-route-table-name/protocol/bgp/as/information,spine1,208,IPv4,65011,0,0,1557,202672,default,208,Unicast,default

2020-02-02 22:12:32.035000+00:00,Cisco-IOS-XR-ip-rib-ipv4-oper:rib/vrfs/vrf/afs/af/safs/saf/ip-rib-route-table-names/ip-rib-route-table-name/protocol/bgp/as/information,spine1,208,IPv4,65011,0,0,1557,202672,default,208,Unicast,default

2020-02-02 22:12:43.497000+00:00,Cisco-IOS-XR-ip-rib-ipv4-oper:rib/vrfs/vrf/afs/af/safs/saf/ip-rib-route-table-names/ip-rib-route-table-name/protocol/bgp/as/information,spine1,208,IPv4,65011,0,0,1557,202672,default,208,Unicast,default

2020-02-02 22:12:54.940000+00:00,Cisco-IOS-XR-ip-rib-ipv4-oper:rib/vrfs/vrf/afs/af/safs/saf/ip-rib-route-table-names/ip-rib-route-table-name/protocol/bgp/as/information,spine1,208,IPv4,65011,0,0,1557,202672,default,208,Unicast,default

2020-02-02 22:13:06.411000+00:00,Cisco-IOS-XR-ip-rib-ipv4-oper:rib/vrfs/vrf/afs/af/safs/saf/ip-rib-route-table-names/ip-rib-route-table-name/protocol/bgp/as/information,spine1,208,IPv4,65011,0,0,1557,202672,default,208,Unicast,default

2020-02-02 22:13:17.866000+00:00,Cisco-IOS-XR-ip-rib-ipv4-oper:rib/vrfs/vrf/afs/af/safs/saf/ip-rib-route-table-names/ip-rib-route-table-name/protocol/bgp/as/information,spine1,208,IPv4,65011,0,0,1557,202672,default,208,Unicast,default

2020-02-02 22:13:29.362000+00:00,Cisco-IOS-XR-ip-rib-ipv4-oper:rib/vrfs/vrf/afs/af/safs/saf/ip-rib-route-table-names/ip-rib-route-table-name/protocol/bgp/as/information,spine1,208,IPv4,65011,0,0,1557,202672,default,208,Unicast,default

2020-02-02 22:13:40.837000+00:00,Cisco-IOS-XR-ip-rib-ipv4-oper:rib/vrfs/vrf/afs/af/safs/saf/ip-rib-route-table-names/ip-rib-route-table-name/protocol/bgp/as/information,spine1,208,IPv4,65011,0,0,1557,202672,default,208,Unicast,default

