,EncodingPath,Producer,Target,global__established-neighbors-count-total,global__neighbors-count-total,global__nexthop-count,global__restart-count,host,instance-name,performance-statistics__global__configuration-items-processed,performance-statistics__global__ipv4rib-server__is-rib-connection-up,performance-statistics__global__ipv4rib-server__rib-connection-up-count,performance-statistics__vrf__inbound-update-messages,vrf-name,vrf__neighbors-count,vrf__network-count,vrf__path-count,vrf__update-messages-received

2020-02-06 13:19:43.133000+00:00,Cisco-IOS-XR-ipv4-bgp-oper:bgp/instances/instance/instance-active/default-vrf/process-info,spine1,,62,64,231,2,,default,0,true,1,1970829,default,64,429,9128,1970829

2020-02-06 13:19:48.279000+00:00,Cisco-IOS-XR-ipv4-bgp-oper:bgp/instances/instance/instance-active/default-vrf/process-info,spine1,,62,64,231,2,,default,0,true,1,1970829,default,64,429,9128,1970829

2020-02-06 13:19:54.572000+00:00,Cisco-IOS-XR-ipv4-bgp-oper:bgp/instances/instance/instance-active/default-vrf/process-info,spine1,,62,64,231,2,,default,0,true,1,1970829,default,64,429,9128,1970829

2020-02-06 13:19:59.710000+00:00,Cisco-IOS-XR-ipv4-bgp-oper:bgp/instances/instance/instance-active/default-vrf/process-info,spine1,,62,64,231,2,,default,0,true,1,1970829,default,64,429,9128,1970829

2020-02-06 13:20:05.998000+00:00,Cisco-IOS-XR-ipv4-bgp-oper:bgp/instances/instance/instance-active/default-vrf/process-info,spine1,,62,64,231,2,,default,0,true,1,1970829,default,64,429,9128,1970829

2020-02-06 13:20:11.142000+00:00,Cisco-IOS-XR-ipv4-bgp-oper:bgp/instances/instance/instance-active/default-vrf/process-info,spine1,,62,64,231,2,,default,0,true,1,1970829,default,64,429,9128,1970829

2020-02-06 13:20:17.489000+00:00,Cisco-IOS-XR-ipv4-bgp-oper:bgp/instances/instance/instance-active/default-vrf/process-info,spine1,,62,64,231,2,,default,0,true,1,1970829,default,64,429,9128,1970829

2020-02-06 13:20:22.633000+00:00,Cisco-IOS-XR-ipv4-bgp-oper:bgp/instances/instance/instance-active/default-vrf/process-info,spine1,,62,64,231,2,,default,0,true,1,1970829,default,64,429,9128,1970829

2020-02-06 13:20:28.955000+00:00,Cisco-IOS-XR-ipv4-bgp-oper:bgp/instances/instance/instance-active/default-vrf/process-info,spine1,,62,64,231,2,,default,0,true,1,1970829,default,64,429,9128,1970829

2020-02-06 13:20:34.104000+00:00,Cisco-IOS-XR-ipv4-bgp-oper:bgp/instances/instance/instance-active/default-vrf/process-info,spine1,,62,64,231,2,,default,0,true,1,1970829,default,64,429,9128,1970829

2020-02-06 13:20:40.408000+00:00,Cisco-IOS-XR-ipv4-bgp-oper:bgp/instances/instance/instance-active/default-vrf/process-info,spine1,,62,64,231,2,,default,0,true,1,1970829,default,64,429,9128,1970829

2020-02-06 13:20:45.557000+00:00,Cisco-IOS-XR-ipv4-bgp-oper:bgp/instances/instance/instance-active/default-vrf/process-info,spine1,,62,64,231,2,,default,0,true,1,1970829,default,64,429,9128,1970829

2020-02-06 13:20:51.893000+00:00,Cisco-IOS-XR-ipv4-bgp-oper:bgp/instances/instance/instance-active/default-vrf/process-info,spine1,,62,64,231,2,,default,0,true,1,1970829,default,64,429,9128,1970829

2020-02-06 13:20:57.034000+00:00,Cisco-IOS-XR-ipv4-bgp-oper:bgp/instances/instance/instance-active/default-vrf/process-info,spine1,,62,64,231,2,,default,0,true,1,1970829,default,64,429,9128,1970829

2020-02-06 13:21:03.352000+00:00,Cisco-IOS-XR-ipv4-bgp-oper:bgp/instances/instance/instance-active/default-vrf/process-info,spine1,,62,64,231,2,,default,0,true,1,1970829,default,64,429,9128,1970829

2020-02-06 13:21:08.499000+00:00,Cisco-IOS-XR-ipv4-bgp-oper:bgp/instances/instance/instance-active/default-vrf/process-info,spine1,,62,64,231,2,,default,0,true,1,1970829,default,64,429,9128,1970829

2020-02-06 13:21:14.846000+00:00,Cisco-IOS-XR-ipv4-bgp-oper:bgp/instances/instance/instance-active/default-vrf/process-info,spine1,,62,64,231,2,,default,0,true,1,1970829,default,64,429,9128,1970829

2020-02-06 13:21:19.991000+00:00,Cisco-IOS-XR-ipv4-bgp-oper:bgp/instances/instance/instance-active/default-vrf/process-info,spine1,,62,64,231,2,,default,0,true,1,1970829,default,64,429,9128,1970829

2020-02-06 13:21:26.324000+00:00,Cisco-IOS-XR-ipv4-bgp-oper:bgp/instances/instance/instance-active/default-vrf/process-info,spine1,,62,64,231,2,,default,0,true,1,1970829,default,64,429,9128,1970829

2020-02-06 13:21:31.472000+00:00,Cisco-IOS-XR-ipv4-bgp-oper:bgp/instances/instance/instance-active/default-vrf/process-info,spine1,,62,64,231,2,,default,0,true,1,1970829,default,64,429,9128,1970829

2020-02-06 13:21:37.777000+00:00,Cisco-IOS-XR-ipv4-bgp-oper:bgp/instances/instance/instance-active/default-vrf/process-info,spine1,,62,64,231,2,,default,0,true,1,1970829,default,64,429,9128,1970829

2020-02-06 13:21:42.926000+00:00,Cisco-IOS-XR-ipv4-bgp-oper:bgp/instances/instance/instance-active/default-vrf/process-info,spine1,,62,64,231,2,,default,0,true,1,1970829,default,64,429,9128,1970829

2020-02-06 13:21:49.288000+00:00,Cisco-IOS-XR-ipv4-bgp-oper:bgp/instances/instance/instance-active/default-vrf/process-info,spine1,,62,64,231,2,,default,0,true,1,1970829,default,64,429,9128,1970829

2020-02-06 13:21:54.418000+00:00,Cisco-IOS-XR-ipv4-bgp-oper:bgp/instances/instance/instance-active/default-vrf/process-info,spine1,,62,64,231,2,,default,0,true,1,1970829,default,64,429,9128,1970829

2020-02-06 13:22:00.769000+00:00,Cisco-IOS-XR-ipv4-bgp-oper:bgp/instances/instance/instance-active/default-vrf/process-info,spine1,,62,64,231,2,,default,0,true,1,1970829,default,64,429,9128,1970829

2020-02-06 13:22:05.910000+00:00,Cisco-IOS-XR-ipv4-bgp-oper:bgp/instances/instance/instance-active/default-vrf/process-info,spine1,,62,64,231,2,,default,0,true,1,1970829,default,64,429,9128,1970829

2020-02-06 13:22:12.191000+00:00,Cisco-IOS-XR-ipv4-bgp-oper:bgp/instances/instance/instance-active/default-vrf/process-info,spine1,,62,64,231,2,,default,0,true,1,1970829,default,64,429,9128,1970829

2020-02-06 13:22:17.329000+00:00,Cisco-IOS-XR-ipv4-bgp-oper:bgp/instances/instance/instance-active/default-vrf/process-info,spine1,,62,64,231,2,,default,0,true,1,1970829,default,64,429,9128,1970829

2020-02-06 13:22:23.648000+00:00,Cisco-IOS-XR-ipv4-bgp-oper:bgp/instances/instance/instance-active/default-vrf/process-info,spine1,,62,64,231,2,,default,0,true,1,1970829,default,64,429,9128,1970829

2020-02-06 13:22:29.130000+00:00,Cisco-IOS-XR-ipv4-bgp-oper:bgp/instances/instance/instance-active/default-vrf/process-info,spine1,,62,64,231,2,,default,0,true,1,1970829,default,64,429,9128,1970829

2020-02-06 13:22:35.478000+00:00,Cisco-IOS-XR-ipv4-bgp-oper:bgp/instances/instance/instance-active/default-vrf/process-info,spine1,,62,64,231,2,,default,0,true,1,1970829,default,64,429,9128,1970829

2020-02-06 13:22:40.625000+00:00,Cisco-IOS-XR-ipv4-bgp-oper:bgp/instances/instance/instance-active/default-vrf/process-info,spine1,,62,64,231,2,,default,0,true,1,1970829,default,64,429,9128,1970829

2020-02-06 13:22:47.217000+00:00,Cisco-IOS-XR-ipv4-bgp-oper:bgp/instances/instance/instance-active/default-vrf/process-info,spine1,,62,64,231,2,,default,0,true,1,1970829,default,64,429,9128,1970829

2020-02-06 13:22:52.361000+00:00,Cisco-IOS-XR-ipv4-bgp-oper:bgp/instances/instance/instance-active/default-vrf/process-info,spine1,,62,64,231,2,,default,0,true,1,1970829,default,64,429,9128,1970829

2020-02-06 13:22:58.392000+00:00,Cisco-IOS-XR-ipv4-bgp-oper:bgp/instances/instance/instance-active/default-vrf/process-info,spine1,,62,64,231,2,,default,0,true,1,1970829,default,64,429,9128,1970829

2020-02-06 13:23:03.532000+00:00,Cisco-IOS-XR-ipv4-bgp-oper:bgp/instances/instance/instance-active/default-vrf/process-info,spine1,,62,64,231,2,,default,0,true,1,1970829,default,64,429,9128,1970829

2020-02-06 13:23:09.872000+00:00,Cisco-IOS-XR-ipv4-bgp-oper:bgp/instances/instance/instance-active/default-vrf/process-info,spine1,,62,64,231,2,,default,0,true,1,1970829,default,64,429,9128,1970829

2020-02-06 13:23:15.025000+00:00,Cisco-IOS-XR-ipv4-bgp-oper:bgp/instances/instance/instance-active/default-vrf/process-info,spine1,,62,64,231,2,,default,0,true,1,1970829,default,64,429,9128,1970829

2020-02-06 13:23:21.336000+00:00,Cisco-IOS-XR-ipv4-bgp-oper:bgp/instances/instance/instance-active/default-vrf/process-info,spine1,,62,64,231,2,,default,0,true,1,1970829,default,64,429,9128,1970829

2020-02-06 13:23:26.481000+00:00,Cisco-IOS-XR-ipv4-bgp-oper:bgp/instances/instance/instance-active/default-vrf/process-info,spine1,,62,64,231,2,,default,0,true,1,1970829,default,64,429,9128,1970829

2020-02-06 13:23:32.787000+00:00,Cisco-IOS-XR-ipv4-bgp-oper:bgp/instances/instance/instance-active/default-vrf/process-info,spine1,,62,64,231,2,,default,0,true,1,1970829,default,64,429,9128,1970829

2020-02-06 13:23:37.938000+00:00,Cisco-IOS-XR-ipv4-bgp-oper:bgp/instances/instance/instance-active/default-vrf/process-info,spine1,,62,64,231,2,,default,0,true,1,1970829,default,64,429,9128,1970829

2020-02-06 13:23:44.495000+00:00,Cisco-IOS-XR-ipv4-bgp-oper:bgp/instances/instance/instance-active/default-vrf/process-info,spine1,,62,64,231,2,,default,0,true,1,1970829,default,64,429,9128,1970829

2020-02-06 13:23:49.631000+00:00,Cisco-IOS-XR-ipv4-bgp-oper:bgp/instances/instance/instance-active/default-vrf/process-info,spine1,,62,64,231,2,,default,0,true,1,1970829,default,64,429,9128,1970829

2020-02-06 13:23:55.677000+00:00,Cisco-IOS-XR-ipv4-bgp-oper:bgp/instances/instance/instance-active/default-vrf/process-info,spine1,,62,64,231,2,,default,0,true,1,1970829,default,64,429,9128,1970829

2020-02-06 13:24:00.817000+00:00,Cisco-IOS-XR-ipv4-bgp-oper:bgp/instances/instance/instance-active/default-vrf/process-info,spine1,,62,64,231,2,,default,0,true,1,1970829,default,64,429,9128,1970829

2020-02-06 13:24:07.128000+00:00,Cisco-IOS-XR-ipv4-bgp-oper:bgp/instances/instance/instance-active/default-vrf/process-info,spine1,,62,64,231,2,,default,0,true,1,1970829,default,64,429,9128,1970829

2020-02-06 13:24:12.276000+00:00,Cisco-IOS-XR-ipv4-bgp-oper:bgp/instances/instance/instance-active/default-vrf/process-info,spine1,,62,64,231,2,,default,0,true,1,1970829,default,64,429,9128,1970829

2020-02-06 13:24:18.556000+00:00,Cisco-IOS-XR-ipv4-bgp-oper:bgp/instances/instance/instance-active/default-vrf/process-info,spine1,,62,64,231,2,,default,0,true,1,1970829,default,64,429,9128,1970829

2020-02-06 13:24:23.704000+00:00,Cisco-IOS-XR-ipv4-bgp-oper:bgp/instances/instance/instance-active/default-vrf/process-info,spine1,,62,64,231,2,,default,0,true,1,1970829,default,64,429,9128,1970829

2020-02-06 13:24:30.039000+00:00,Cisco-IOS-XR-ipv4-bgp-oper:bgp/instances/instance/instance-active/default-vrf/process-info,spine1,,62,64,231,2,,default,0,true,1,1970829,default,64,429,9128,1970829

2020-02-06 13:24:35.185000+00:00,Cisco-IOS-XR-ipv4-bgp-oper:bgp/instances/instance/instance-active/default-vrf/process-info,spine1,,62,64,231,2,,default,0,true,1,1970829,default,64,429,9128,1970829

2020-02-06 13:24:41.848000+00:00,Cisco-IOS-XR-ipv4-bgp-oper:bgp/instances/instance/instance-active/default-vrf/process-info,spine1,,62,64,231,2,,default,0,true,1,1970829,default,64,429,9128,1970829

2020-02-06 13:24:46.993000+00:00,Cisco-IOS-XR-ipv4-bgp-oper:bgp/instances/instance/instance-active/default-vrf/process-info,spine1,,62,64,231,2,,default,0,true,1,1970829,default,64,429,9128,1970829

2020-02-06 13:24:52.935000+00:00,Cisco-IOS-XR-ipv4-bgp-oper:bgp/instances/instance/instance-active/default-vrf/process-info,spine1,,62,64,231,2,,default,0,true,1,1970829,default,64,429,9128,1970829

2020-02-06 13:24:58.074000+00:00,Cisco-IOS-XR-ipv4-bgp-oper:bgp/instances/instance/instance-active/default-vrf/process-info,spine1,,62,64,231,2,,default,0,true,1,1970829,default,64,429,9128,1970829

2020-02-06 13:25:04.370000+00:00,Cisco-IOS-XR-ipv4-bgp-oper:bgp/instances/instance/instance-active/default-vrf/process-info,spine1,,62,64,231,2,,default,0,true,1,1970829,default,64,429,9128,1970829

2020-02-06 13:25:09.516000+00:00,Cisco-IOS-XR-ipv4-bgp-oper:bgp/instances/instance/instance-active/default-vrf/process-info,spine1,,62,64,231,2,,default,0,true,1,1970829,default,64,429,9128,1970829

2020-02-06 13:25:15.862000+00:00,Cisco-IOS-XR-ipv4-bgp-oper:bgp/instances/instance/instance-active/default-vrf/process-info,spine1,,62,64,231,2,,default,0,true,1,1970829,default,64,429,9128,1970829

2020-02-06 13:25:21.009000+00:00,Cisco-IOS-XR-ipv4-bgp-oper:bgp/instances/instance/instance-active/default-vrf/process-info,spine1,,62,64,231,2,,default,0,true,1,1970829,default,64,429,9128,1970829

2020-02-06 13:25:27.380000+00:00,Cisco-IOS-XR-ipv4-bgp-oper:bgp/instances/instance/instance-active/default-vrf/process-info,spine1,,62,64,231,2,,default,0,true,1,1970829,default,64,429,9128,1970829

2020-02-06 13:25:32.521000+00:00,Cisco-IOS-XR-ipv4-bgp-oper:bgp/instances/instance/instance-active/default-vrf/process-info,spine1,,62,64,231,2,,default,0,true,1,1970829,default,64,429,9128,1970829

2020-02-06 13:25:39.196000+00:00,Cisco-IOS-XR-ipv4-bgp-oper:bgp/instances/instance/instance-active/default-vrf/process-info,spine1,,62,64,231,2,,default,0,true,1,1970829,default,64,429,9128,1970829

2020-02-06 13:25:44.345000+00:00,Cisco-IOS-XR-ipv4-bgp-oper:bgp/instances/instance/instance-active/default-vrf/process-info,spine1,,62,64,231,2,,default,0,true,1,1970829,default,64,429,9128,1970829

2020-02-06 13:25:50.294000+00:00,Cisco-IOS-XR-ipv4-bgp-oper:bgp/instances/instance/instance-active/default-vrf/process-info,spine1,,62,64,231,2,,default,0,true,1,1970829,default,64,429,9128,1970829

2020-02-06 13:25:55.434000+00:00,Cisco-IOS-XR-ipv4-bgp-oper:bgp/instances/instance/instance-active/default-vrf/process-info,spine1,,62,64,231,2,,default,0,true,1,1970829,default,64,429,9128,1970829

2020-02-06 13:26:01.729000+00:00,Cisco-IOS-XR-ipv4-bgp-oper:bgp/instances/instance/instance-active/default-vrf/process-info,spine1,,62,64,231,2,,default,0,true,1,1970829,default,64,429,9128,1970829

2020-02-06 13:26:06.875000+00:00,Cisco-IOS-XR-ipv4-bgp-oper:bgp/instances/instance/instance-active/default-vrf/process-info,spine1,,62,64,231,2,,default,0,true,1,1970829,default,64,429,9128,1970829

2020-02-06 13:26:13.179000+00:00,Cisco-IOS-XR-ipv4-bgp-oper:bgp/instances/instance/instance-active/default-vrf/process-info,spine1,,62,64,231,2,,default,0,true,1,1970829,default,64,429,9128,1970829

2020-02-06 13:26:18.327000+00:00,Cisco-IOS-XR-ipv4-bgp-oper:bgp/instances/instance/instance-active/default-vrf/process-info,spine1,,62,64,231,2,,default,0,true,1,1970829,default,64,429,9128,1970829

2020-02-06 13:26:24.723000+00:00,Cisco-IOS-XR-ipv4-bgp-oper:bgp/instances/instance/instance-active/default-vrf/process-info,spine1,,62,64,231,2,,default,0,true,1,1970829,default,64,429,9128,1970829

2020-02-06 13:26:29.871000+00:00,Cisco-IOS-XR-ipv4-bgp-oper:bgp/instances/instance/instance-active/default-vrf/process-info,spine1,,62,64,231,2,,default,0,true,1,1970829,default,64,429,9128,1970829

2020-02-06 13:26:36.498000+00:00,Cisco-IOS-XR-ipv4-bgp-oper:bgp/instances/instance/instance-active/default-vrf/process-info,spine1,,62,64,231,2,,default,0,true,1,1970829,default,64,429,9128,1970829

2020-02-06 13:26:41.647000+00:00,Cisco-IOS-XR-ipv4-bgp-oper:bgp/instances/instance/instance-active/default-vrf/process-info,spine1,,62,64,231,2,,default,0,true,1,1970829,default,64,429,9128,1970829

2020-02-06 13:26:47.717000+00:00,Cisco-IOS-XR-ipv4-bgp-oper:bgp/instances/instance/instance-active/default-vrf/process-info,spine1,,62,64,231,2,,default,0,true,1,1970829,default,64,429,9128,1970829

2020-02-06 13:26:52.856000+00:00,Cisco-IOS-XR-ipv4-bgp-oper:bgp/instances/instance/instance-active/default-vrf/process-info,spine1,,62,64,231,2,,default,0,true,1,1970829,default,64,429,9128,1970829

2020-02-06 13:26:59.143000+00:00,Cisco-IOS-XR-ipv4-bgp-oper:bgp/instances/instance/instance-active/default-vrf/process-info,spine1,,62,64,231,2,,default,0,true,1,1970829,default,64,429,9128,1970829

2020-02-06 13:27:04.289000+00:00,Cisco-IOS-XR-ipv4-bgp-oper:bgp/instances/instance/instance-active/default-vrf/process-info,spine1,,62,64,231,2,,default,0,true,1,1970829,default,64,429,9128,1970829

2020-02-06 13:27:10.610000+00:00,Cisco-IOS-XR-ipv4-bgp-oper:bgp/instances/instance/instance-active/default-vrf/process-info,spine1,,62,64,231,2,,default,0,true,1,1970829,default,64,429,9128,1970829

2020-02-06 13:27:15.758000+00:00,Cisco-IOS-XR-ipv4-bgp-oper:bgp/instances/instance/instance-active/default-vrf/process-info,spine1,,62,64,231,2,,default,0,true,1,1970829,default,64,429,9128,1970829

2020-02-06 13:27:22.049000+00:00,Cisco-IOS-XR-ipv4-bgp-oper:bgp/instances/instance/instance-active/default-vrf/process-info,spine1,,62,64,231,2,,default,0,true,1,1970829,default,64,429,9128,1970829

2020-02-06 13:27:27.196000+00:00,Cisco-IOS-XR-ipv4-bgp-oper:bgp/instances/instance/instance-active/default-vrf/process-info,spine1,,62,64,231,2,,default,0,true,1,1970829,default,64,429,9128,1970829

2020-02-06 13:27:33.805000+00:00,Cisco-IOS-XR-ipv4-bgp-oper:bgp/instances/instance/instance-active/default-vrf/process-info,spine1,,62,64,231,2,,default,0,true,1,1970829,default,64,429,9128,1970829

2020-02-06 13:27:38.947000+00:00,Cisco-IOS-XR-ipv4-bgp-oper:bgp/instances/instance/instance-active/default-vrf/process-info,spine1,,62,64,231,2,,default,0,true,1,1970829,default,64,429,9128,1970829

2020-02-06 13:27:46.420000+00:00,Cisco-IOS-XR-ipv4-bgp-oper:bgp/instances/instance/instance-active/default-vrf/process-info,spine1,,62,64,231,2,,default,0,true,1,1970829,default,64,429,9128,1970829

2020-02-06 13:27:51.568000+00:00,Cisco-IOS-XR-ipv4-bgp-oper:bgp/instances/instance/instance-active/default-vrf/process-info,spine1,,62,64,231,2,,default,0,true,1,1970829,default,64,429,9128,1970829

2020-02-06 13:27:56.810000+00:00,Cisco-IOS-XR-ipv4-bgp-oper:bgp/instances/instance/instance-active/default-vrf/process-info,spine1,,62,64,231,2,,default,0,true,1,1970829,default,64,429,9128,1970829

2020-02-06 13:28:01.950000+00:00,Cisco-IOS-XR-ipv4-bgp-oper:bgp/instances/instance/instance-active/default-vrf/process-info,spine1,,62,64,231,2,,default,0,true,1,1970829,default,64,429,9128,1970829

2020-02-06 13:28:07.887000+00:00,Cisco-IOS-XR-ipv4-bgp-oper:bgp/instances/instance/instance-active/default-vrf/process-info,spine1,,62,64,231,2,,default,0,true,1,1970829,default,64,429,9128,1970829

2020-02-06 13:28:13.035000+00:00,Cisco-IOS-XR-ipv4-bgp-oper:bgp/instances/instance/instance-active/default-vrf/process-info,spine1,,62,64,231,2,,default,0,true,1,1970829,default,64,429,9128,1970829

2020-02-06 13:28:19.400000+00:00,Cisco-IOS-XR-ipv4-bgp-oper:bgp/instances/instance/instance-active/default-vrf/process-info,spine1,,62,64,231,2,,default,0,true,1,1970829,default,64,429,9128,1970829

2020-02-06 13:28:24.546000+00:00,Cisco-IOS-XR-ipv4-bgp-oper:bgp/instances/instance/instance-active/default-vrf/process-info,spine1,,62,64,231,2,,default,0,true,1,1970829,default,64,429,9128,1970829

2020-02-06 13:28:31.152000+00:00,Cisco-IOS-XR-ipv4-bgp-oper:bgp/instances/instance/instance-active/default-vrf/process-info,spine1,,62,64,231,2,,default,0,true,1,1970829,default,64,429,9128,1970829

2020-02-06 13:28:36.294000+00:00,Cisco-IOS-XR-ipv4-bgp-oper:bgp/instances/instance/instance-active/default-vrf/process-info,spine1,,62,64,231,2,,default,0,true,1,1970829,default,64,429,9128,1970829

2020-02-06 13:28:42.245000+00:00,Cisco-IOS-XR-ipv4-bgp-oper:bgp/instances/instance/instance-active/default-vrf/process-info,spine1,,62,64,231,2,,default,0,true,1,1970829,default,64,429,9128,1970829

2020-02-06 13:28:47.383000+00:00,Cisco-IOS-XR-ipv4-bgp-oper:bgp/instances/instance/instance-active/default-vrf/process-info,spine1,,62,64,231,2,,default,0,true,1,1970829,default,64,429,9128,1970829

2020-02-06 13:28:53.707000+00:00,Cisco-IOS-XR-ipv4-bgp-oper:bgp/instances/instance/instance-active/default-vrf/process-info,spine1,,62,64,231,2,,default,0,true,1,1970829,default,64,429,9128,1970829

2020-02-06 13:28:58.846000+00:00,Cisco-IOS-XR-ipv4-bgp-oper:bgp/instances/instance/instance-active/default-vrf/process-info,spine1,,62,64,231,2,,default,0,true,1,1970829,default,64,429,9128,1970829

2020-02-06 13:29:05.223000+00:00,Cisco-IOS-XR-ipv4-bgp-oper:bgp/instances/instance/instance-active/default-vrf/process-info,spine1,,62,64,231,2,,default,0,true,1,1970829,default,64,429,9128,1970829

2020-02-06 13:29:10.372000+00:00,Cisco-IOS-XR-ipv4-bgp-oper:bgp/instances/instance/instance-active/default-vrf/process-info,spine1,,62,64,231,2,,default,0,true,1,1970829,default,64,429,9128,1970829

2020-02-06 13:29:16.681000+00:00,Cisco-IOS-XR-ipv4-bgp-oper:bgp/instances/instance/instance-active/default-vrf/process-info,spine1,,62,64,231,2,,default,0,true,1,1970829,default,64,429,9128,1970829

2020-02-06 13:29:21.833000+00:00,Cisco-IOS-XR-ipv4-bgp-oper:bgp/instances/instance/instance-active/default-vrf/process-info,spine1,,62,64,231,2,,default,0,true,1,1970829,default,64,429,9128,1970829

2020-02-06 13:29:28.481000+00:00,Cisco-IOS-XR-ipv4-bgp-oper:bgp/instances/instance/instance-active/default-vrf/process-info,spine1,,62,64,231,2,,default,0,true,1,1970829,default,64,429,9128,1970829

2020-02-06 13:29:33.626000+00:00,Cisco-IOS-XR-ipv4-bgp-oper:bgp/instances/instance/instance-active/default-vrf/process-info,spine1,,62,64,231,2,,default,0,true,1,1970829,default,64,429,9128,1970829

2020-02-06 13:29:39.625000+00:00,Cisco-IOS-XR-ipv4-bgp-oper:bgp/instances/instance/instance-active/default-vrf/process-info,spine1,,62,64,231,2,,default,0,true,1,1970829,default,64,429,9128,1970829

2020-02-06 13:29:44.764000+00:00,Cisco-IOS-XR-ipv4-bgp-oper:bgp/instances/instance/instance-active/default-vrf/process-info,spine1,,62,64,231,2,,default,0,true,1,1970829,default,64,429,9128,1970829

2020-02-06 13:29:51.044000+00:00,Cisco-IOS-XR-ipv4-bgp-oper:bgp/instances/instance/instance-active/default-vrf/process-info,spine1,,62,64,231,2,,default,0,true,1,1970829,default,64,429,9128,1970829

2020-02-06 13:29:56.189000+00:00,Cisco-IOS-XR-ipv4-bgp-oper:bgp/instances/instance/instance-active/default-vrf/process-info,spine1,,62,64,231,2,,default,0,true,1,1970829,default,64,429,9128,1970829

2020-02-06 13:30:02.509000+00:00,Cisco-IOS-XR-ipv4-bgp-oper:bgp/instances/instance/instance-active/default-vrf/process-info,spine1,,62,64,231,2,,default,0,true,1,1970829,default,64,429,9128,1970829

2020-02-06 13:30:07.653000+00:00,Cisco-IOS-XR-ipv4-bgp-oper:bgp/instances/instance/instance-active/default-vrf/process-info,spine1,,62,64,231,2,,default,0,true,1,1970829,default,64,429,9128,1970829

2020-02-06 13:30:13.935000+00:00,Cisco-IOS-XR-ipv4-bgp-oper:bgp/instances/instance/instance-active/default-vrf/process-info,spine1,,62,64,231,2,,default,0,true,1,1970829,default,64,429,9128,1970829

2020-02-06 13:30:19.081000+00:00,Cisco-IOS-XR-ipv4-bgp-oper:bgp/instances/instance/instance-active/default-vrf/process-info,spine1,,62,64,231,2,,default,0,true,1,1970829,default,64,429,9128,1970829

2020-02-06 13:30:25.772000+00:00,Cisco-IOS-XR-ipv4-bgp-oper:bgp/instances/instance/instance-active/default-vrf/process-info,spine1,,62,64,231,2,,default,0,true,1,1970829,default,64,429,9128,1970829

2020-02-06 13:30:30.921000+00:00,Cisco-IOS-XR-ipv4-bgp-oper:bgp/instances/instance/instance-active/default-vrf/process-info,spine1,,62,64,231,2,,default,0,true,1,1970829,default,64,429,9128,1970829

2020-02-06 13:30:36.875000+00:00,Cisco-IOS-XR-ipv4-bgp-oper:bgp/instances/instance/instance-active/default-vrf/process-info,spine1,,62,64,231,2,,default,0,true,1,1970829,default,64,429,9128,1970829

2020-02-06 13:30:42.017000+00:00,Cisco-IOS-XR-ipv4-bgp-oper:bgp/instances/instance/instance-active/default-vrf/process-info,spine1,,62,64,231,2,,default,0,true,1,1970829,default,64,429,9128,1970829

2020-02-06 13:30:48.333000+00:00,Cisco-IOS-XR-ipv4-bgp-oper:bgp/instances/instance/instance-active/default-vrf/process-info,spine1,,62,64,231,2,,default,0,true,1,1970829,default,64,429,9128,1970829

2020-02-06 13:30:53.478000+00:00,Cisco-IOS-XR-ipv4-bgp-oper:bgp/instances/instance/instance-active/default-vrf/process-info,spine1,,62,64,231,2,,default,0,true,1,1970829,default,64,429,9128,1970829

2020-02-06 13:30:59.829000+00:00,Cisco-IOS-XR-ipv4-bgp-oper:bgp/instances/instance/instance-active/default-vrf/process-info,spine1,,62,64,231,2,,default,0,true,1,1970829,default,64,429,9128,1970829

2020-02-06 13:31:04.978000+00:00,Cisco-IOS-XR-ipv4-bgp-oper:bgp/instances/instance/instance-active/default-vrf/process-info,spine1,,62,64,231,2,,default,0,true,1,1970829,default,64,429,9128,1970829

2020-02-06 13:31:11.263000+00:00,Cisco-IOS-XR-ipv4-bgp-oper:bgp/instances/instance/instance-active/default-vrf/process-info,spine1,,62,64,231,2,,default,0,true,1,1970829,default,64,429,9128,1970829

2020-02-06 13:31:16.407000+00:00,Cisco-IOS-XR-ipv4-bgp-oper:bgp/instances/instance/instance-active/default-vrf/process-info,spine1,,62,64,231,2,,default,0,true,1,1970829,default,64,429,9128,1970829

2020-02-06 13:31:23.122000+00:00,Cisco-IOS-XR-ipv4-bgp-oper:bgp/instances/instance/instance-active/default-vrf/process-info,spine1,,62,64,231,2,,default,0,true,1,1970829,default,64,429,9128,1970829

2020-02-06 13:31:28.269000+00:00,Cisco-IOS-XR-ipv4-bgp-oper:bgp/instances/instance/instance-active/default-vrf/process-info,spine1,,62,64,231,2,,default,0,true,1,1970829,default,64,429,9128,1970829

2020-02-06 13:31:34.217000+00:00,Cisco-IOS-XR-ipv4-bgp-oper:bgp/instances/instance/instance-active/default-vrf/process-info,spine1,,62,64,231,2,,default,0,true,1,1970829,default,64,429,9128,1970829

2020-02-06 13:31:39.358000+00:00,Cisco-IOS-XR-ipv4-bgp-oper:bgp/instances/instance/instance-active/default-vrf/process-info,spine1,,62,64,231,2,,default,0,true,1,1970829,default,64,429,9128,1970829

2020-02-06 13:31:45.630000+00:00,Cisco-IOS-XR-ipv4-bgp-oper:bgp/instances/instance/instance-active/default-vrf/process-info,spine1,,62,64,231,2,,default,0,true,1,1970829,default,64,429,9128,1970829

2020-02-06 13:31:50.778000+00:00,Cisco-IOS-XR-ipv4-bgp-oper:bgp/instances/instance/instance-active/default-vrf/process-info,spine1,,62,64,231,2,,default,0,true,1,1970829,default,64,429,9128,1970829

2020-02-06 13:31:57.067000+00:00,Cisco-IOS-XR-ipv4-bgp-oper:bgp/instances/instance/instance-active/default-vrf/process-info,spine1,,62,64,231,2,,default,0,true,1,1970829,default,64,429,9128,1970829

2020-02-06 13:32:02.218000+00:00,Cisco-IOS-XR-ipv4-bgp-oper:bgp/instances/instance/instance-active/default-vrf/process-info,spine1,,62,64,231,2,,default,0,true,1,1970829,default,64,429,9128,1970829

2020-02-06 13:32:08.547000+00:00,Cisco-IOS-XR-ipv4-bgp-oper:bgp/instances/instance/instance-active/default-vrf/process-info,spine1,,62,64,231,2,,default,0,true,1,1970829,default,64,429,9128,1970829

2020-02-06 13:32:13.695000+00:00,Cisco-IOS-XR-ipv4-bgp-oper:bgp/instances/instance/instance-active/default-vrf/process-info,spine1,,62,64,231,2,,default,0,true,1,1970829,default,64,429,9128,1970829

2020-02-06 13:32:20.362000+00:00,Cisco-IOS-XR-ipv4-bgp-oper:bgp/instances/instance/instance-active/default-vrf/process-info,spine1,,62,64,231,2,,default,0,true,1,1970829,default,64,429,9128,1970829

2020-02-06 13:32:25.507000+00:00,Cisco-IOS-XR-ipv4-bgp-oper:bgp/instances/instance/instance-active/default-vrf/process-info,spine1,,62,64,231,2,,default,0,true,1,1970829,default,64,429,9128,1970829

2020-02-06 13:32:31.412000+00:00,Cisco-IOS-XR-ipv4-bgp-oper:bgp/instances/instance/instance-active/default-vrf/process-info,spine1,,62,64,231,2,,default,0,true,1,1970829,default,64,429,9128,1970829

2020-02-06 13:32:36.553000+00:00,Cisco-IOS-XR-ipv4-bgp-oper:bgp/instances/instance/instance-active/default-vrf/process-info,spine1,,62,64,231,2,,default,0,true,1,1970829,default,64,429,9128,1970829

2020-02-06 13:32:42.842000+00:00,Cisco-IOS-XR-ipv4-bgp-oper:bgp/instances/instance/instance-active/default-vrf/process-info,spine1,,62,64,231,2,,default,0,true,1,1970829,default,64,429,9128,1970829

2020-02-06 13:32:47.988000+00:00,Cisco-IOS-XR-ipv4-bgp-oper:bgp/instances/instance/instance-active/default-vrf/process-info,spine1,,62,64,231,2,,default,0,true,1,1970829,default,64,429,9128,1970829

2020-02-06 13:32:54.317000+00:00,Cisco-IOS-XR-ipv4-bgp-oper:bgp/instances/instance/instance-active/default-vrf/process-info,spine1,,62,64,231,2,,default,0,true,1,1970829,default,64,429,9128,1970829

2020-02-06 13:32:59.467000+00:00,Cisco-IOS-XR-ipv4-bgp-oper:bgp/instances/instance/instance-active/default-vrf/process-info,spine1,,62,64,231,2,,default,0,true,1,1970829,default,64,429,9128,1970829

2020-02-06 13:33:05.794000+00:00,Cisco-IOS-XR-ipv4-bgp-oper:bgp/instances/instance/instance-active/default-vrf/process-info,spine1,,62,64,231,2,,default,0,true,1,1970829,default,64,429,9128,1970829

2020-02-06 13:33:10.941000+00:00,Cisco-IOS-XR-ipv4-bgp-oper:bgp/instances/instance/instance-active/default-vrf/process-info,spine1,,62,64,231,2,,default,0,true,1,1970829,default,64,429,9128,1970829

2020-02-06 13:33:17.648000+00:00,Cisco-IOS-XR-ipv4-bgp-oper:bgp/instances/instance/instance-active/default-vrf/process-info,spine1,,62,64,231,2,,default,0,true,1,1970829,default,64,429,9128,1970829

2020-02-06 13:33:22.795000+00:00,Cisco-IOS-XR-ipv4-bgp-oper:bgp/instances/instance/instance-active/default-vrf/process-info,spine1,,62,64,231,2,,default,0,true,1,1970829,default,64,429,9128,1970829

2020-02-06 13:33:28.702000+00:00,Cisco-IOS-XR-ipv4-bgp-oper:bgp/instances/instance/instance-active/default-vrf/process-info,spine1,,62,64,231,2,,default,0,true,1,1970829,default,64,429,9128,1970829

2020-02-06 13:33:33.841000+00:00,Cisco-IOS-XR-ipv4-bgp-oper:bgp/instances/instance/instance-active/default-vrf/process-info,spine1,,62,64,231,2,,default,0,true,1,1970829,default,64,429,9128,1970829

2020-02-06 13:33:40.174000+00:00,Cisco-IOS-XR-ipv4-bgp-oper:bgp/instances/instance/instance-active/default-vrf/process-info,spine1,,62,64,231,2,,default,0,true,1,1970829,default,64,429,9128,1970829

2020-02-06 13:33:45.322000+00:00,Cisco-IOS-XR-ipv4-bgp-oper:bgp/instances/instance/instance-active/default-vrf/process-info,spine1,,62,64,231,2,,default,0,true,1,1970829,default,64,429,9128,1970829

2020-02-06 13:33:51.607000+00:00,Cisco-IOS-XR-ipv4-bgp-oper:bgp/instances/instance/instance-active/default-vrf/process-info,spine1,,62,64,231,2,,default,0,true,1,1970829,default,64,429,9128,1970829

2020-02-06 13:33:56.758000+00:00,Cisco-IOS-XR-ipv4-bgp-oper:bgp/instances/instance/instance-active/default-vrf/process-info,spine1,,62,64,231,2,,default,0,true,1,1970829,default,64,429,9128,1970829

2020-02-06 13:34:03.114000+00:00,Cisco-IOS-XR-ipv4-bgp-oper:bgp/instances/instance/instance-active/default-vrf/process-info,spine1,,62,64,231,2,,default,0,true,1,1970829,default,64,429,9128,1970829

2020-02-06 13:34:08.261000+00:00,Cisco-IOS-XR-ipv4-bgp-oper:bgp/instances/instance/instance-active/default-vrf/process-info,spine1,,62,64,231,2,,default,0,true,1,1970829,default,64,429,9128,1970829

2020-02-06 13:34:14.955000+00:00,Cisco-IOS-XR-ipv4-bgp-oper:bgp/instances/instance/instance-active/default-vrf/process-info,spine1,,62,64,231,2,,default,0,true,1,1970829,default,64,429,9128,1970829

2020-02-06 13:34:20.096000+00:00,Cisco-IOS-XR-ipv4-bgp-oper:bgp/instances/instance/instance-active/default-vrf/process-info,spine1,,62,64,231,2,,default,0,true,1,1970829,default,64,429,9128,1970829

2020-02-06 13:34:26.053000+00:00,Cisco-IOS-XR-ipv4-bgp-oper:bgp/instances/instance/instance-active/default-vrf/process-info,spine1,,62,64,231,2,,default,0,true,1,1970829,default,64,429,9128,1970829

2020-02-06 13:34:31.190000+00:00,Cisco-IOS-XR-ipv4-bgp-oper:bgp/instances/instance/instance-active/default-vrf/process-info,spine1,,62,64,231,2,,default,0,true,1,1970829,default,64,429,9128,1970829

2020-02-06 13:34:37.561000+00:00,Cisco-IOS-XR-ipv4-bgp-oper:bgp/instances/instance/instance-active/default-vrf/process-info,spine1,,62,64,231,2,,default,0,true,1,1970829,default,64,429,9128,1970829

2020-02-06 13:34:42.710000+00:00,Cisco-IOS-XR-ipv4-bgp-oper:bgp/instances/instance/instance-active/default-vrf/process-info,spine1,,62,64,231,2,,default,0,true,1,1970829,default,64,429,9128,1970829

2020-02-06 13:34:49.025000+00:00,Cisco-IOS-XR-ipv4-bgp-oper:bgp/instances/instance/instance-active/default-vrf/process-info,spine1,,62,64,231,2,,default,0,true,1,1970829,default,64,429,9128,1970829

2020-02-06 13:34:54.171000+00:00,Cisco-IOS-XR-ipv4-bgp-oper:bgp/instances/instance/instance-active/default-vrf/process-info,spine1,,62,64,231,2,,default,0,true,1,1970829,default,64,429,9128,1970829

2020-02-06 13:35:00.474000+00:00,Cisco-IOS-XR-ipv4-bgp-oper:bgp/instances/instance/instance-active/default-vrf/process-info,spine1,,62,64,231,2,,default,0,true,1,1970829,default,64,429,9128,1970829

2020-02-06 13:35:05.622000+00:00,Cisco-IOS-XR-ipv4-bgp-oper:bgp/instances/instance/instance-active/default-vrf/process-info,spine1,,62,64,231,2,,default,0,true,1,1970829,default,64,429,9128,1970829

2020-02-06 13:35:12.337000+00:00,Cisco-IOS-XR-ipv4-bgp-oper:bgp/instances/instance/instance-active/default-vrf/process-info,spine1,,62,64,231,2,,default,0,true,1,1970829,default,64,429,9128,1970829

2020-02-06 13:35:17.478000+00:00,Cisco-IOS-XR-ipv4-bgp-oper:bgp/instances/instance/instance-active/default-vrf/process-info,spine1,,62,64,231,2,,default,0,true,1,1970829,default,64,429,9128,1970829

2020-02-06 13:35:23.424000+00:00,Cisco-IOS-XR-ipv4-bgp-oper:bgp/instances/instance/instance-active/default-vrf/process-info,spine1,,62,64,231,2,,default,0,true,1,1970829,default,64,429,9128,1970829

2020-02-06 13:35:28.566000+00:00,Cisco-IOS-XR-ipv4-bgp-oper:bgp/instances/instance/instance-active/default-vrf/process-info,spine1,,62,64,231,2,,default,0,true,1,1970829,default,64,429,9128,1970829

2020-02-06 13:35:34.880000+00:00,Cisco-IOS-XR-ipv4-bgp-oper:bgp/instances/instance/instance-active/default-vrf/process-info,spine1,,62,64,231,2,,default,0,true,1,1970829,default,64,429,9128,1970829

2020-02-06 13:35:40.034000+00:00,Cisco-IOS-XR-ipv4-bgp-oper:bgp/instances/instance/instance-active/default-vrf/process-info,spine1,,62,64,231,2,,default,0,true,1,1970829,default,64,429,9128,1970829

2020-02-06 13:35:46.354000+00:00,Cisco-IOS-XR-ipv4-bgp-oper:bgp/instances/instance/instance-active/default-vrf/process-info,spine1,,62,64,231,2,,default,0,true,1,1970829,default,64,429,9128,1970829

2020-02-06 13:35:51.501000+00:00,Cisco-IOS-XR-ipv4-bgp-oper:bgp/instances/instance/instance-active/default-vrf/process-info,spine1,,62,64,231,2,,default,0,true,1,1970829,default,64,429,9128,1970829

2020-02-06 13:35:57.829000+00:00,Cisco-IOS-XR-ipv4-bgp-oper:bgp/instances/instance/instance-active/default-vrf/process-info,spine1,,62,64,231,2,,default,0,true,1,1970829,default,64,429,9128,1970829

2020-02-06 13:36:02.977000+00:00,Cisco-IOS-XR-ipv4-bgp-oper:bgp/instances/instance/instance-active/default-vrf/process-info,spine1,,62,64,231,2,,default,0,true,1,1970829,default,64,429,9128,1970829

2020-02-06 13:36:09.673000+00:00,Cisco-IOS-XR-ipv4-bgp-oper:bgp/instances/instance/instance-active/default-vrf/process-info,spine1,,62,64,231,2,,default,0,true,1,1970829,default,64,429,9128,1970829

2020-02-06 13:36:14.820000+00:00,Cisco-IOS-XR-ipv4-bgp-oper:bgp/instances/instance/instance-active/default-vrf/process-info,spine1,,62,64,231,2,,default,0,true,1,1970829,default,64,429,9128,1970829

2020-02-06 13:36:20.742000+00:00,Cisco-IOS-XR-ipv4-bgp-oper:bgp/instances/instance/instance-active/default-vrf/process-info,spine1,,62,64,231,2,,default,0,true,1,1970829,default,64,429,9128,1970829

2020-02-06 13:36:25.886000+00:00,Cisco-IOS-XR-ipv4-bgp-oper:bgp/instances/instance/instance-active/default-vrf/process-info,spine1,,62,64,231,2,,default,0,true,1,1970829,default,64,429,9128,1970829

2020-02-06 13:36:32.219000+00:00,Cisco-IOS-XR-ipv4-bgp-oper:bgp/instances/instance/instance-active/default-vrf/process-info,spine1,,62,64,231,2,,default,0,true,1,1970829,default,64,429,9128,1970829

2020-02-06 13:36:37.369000+00:00,Cisco-IOS-XR-ipv4-bgp-oper:bgp/instances/instance/instance-active/default-vrf/process-info,spine1,,62,64,231,2,,default,0,true,1,1970829,default,64,429,9128,1970829

2020-02-06 13:36:43.685000+00:00,Cisco-IOS-XR-ipv4-bgp-oper:bgp/instances/instance/instance-active/default-vrf/process-info,spine1,,62,64,231,2,,default,0,true,1,1970829,default,64,429,9128,1970829

2020-02-06 13:36:48.831000+00:00,Cisco-IOS-XR-ipv4-bgp-oper:bgp/instances/instance/instance-active/default-vrf/process-info,spine1,,62,64,231,2,,default,0,true,1,1970829,default,64,429,9128,1970829

2020-02-06 13:36:55.113000+00:00,Cisco-IOS-XR-ipv4-bgp-oper:bgp/instances/instance/instance-active/default-vrf/process-info,spine1,,62,64,231,2,,default,0,true,1,1970829,default,64,429,9128,1970829

2020-02-06 13:37:00.263000+00:00,Cisco-IOS-XR-ipv4-bgp-oper:bgp/instances/instance/instance-active/default-vrf/process-info,spine1,,62,64,231,2,,default,0,true,1,1970829,default,64,429,9128,1970829

2020-02-06 13:37:06.951000+00:00,Cisco-IOS-XR-ipv4-bgp-oper:bgp/instances/instance/instance-active/default-vrf/process-info,spine1,,62,64,231,2,,default,0,true,1,1970829,default,64,429,9128,1970829

2020-02-06 13:37:12.091000+00:00,Cisco-IOS-XR-ipv4-bgp-oper:bgp/instances/instance/instance-active/default-vrf/process-info,spine1,,62,64,231,2,,default,0,true,1,1970829,default,64,429,9128,1970829

2020-02-06 13:37:17.987000+00:00,Cisco-IOS-XR-ipv4-bgp-oper:bgp/instances/instance/instance-active/default-vrf/process-info,spine1,,62,64,231,2,,default,0,true,1,1970829,default,64,429,9128,1970829

2020-02-06 13:37:23.126000+00:00,Cisco-IOS-XR-ipv4-bgp-oper:bgp/instances/instance/instance-active/default-vrf/process-info,spine1,,62,64,231,2,,default,0,true,1,1970829,default,64,429,9128,1970829

2020-02-06 13:37:29.445000+00:00,Cisco-IOS-XR-ipv4-bgp-oper:bgp/instances/instance/instance-active/default-vrf/process-info,spine1,,62,64,231,2,,default,0,true,1,1970829,default,64,429,9128,1970829

2020-02-06 13:37:34.593000+00:00,Cisco-IOS-XR-ipv4-bgp-oper:bgp/instances/instance/instance-active/default-vrf/process-info,spine1,,62,64,231,2,,default,0,true,1,1970829,default,64,429,9128,1970829

2020-02-06 13:37:40.921000+00:00,Cisco-IOS-XR-ipv4-bgp-oper:bgp/instances/instance/instance-active/default-vrf/process-info,spine1,,62,64,231,2,,default,0,true,1,1970829,default,64,429,9128,1970829

2020-02-06 13:37:46.074000+00:00,Cisco-IOS-XR-ipv4-bgp-oper:bgp/instances/instance/instance-active/default-vrf/process-info,spine1,,62,64,231,2,,default,0,true,1,1970829,default,64,429,9128,1970829

2020-02-06 13:37:52.450000+00:00,Cisco-IOS-XR-ipv4-bgp-oper:bgp/instances/instance/instance-active/default-vrf/process-info,spine1,,62,64,231,2,,default,0,true,1,1970829,default,64,429,9128,1970829

2020-02-06 13:37:57.598000+00:00,Cisco-IOS-XR-ipv4-bgp-oper:bgp/instances/instance/instance-active/default-vrf/process-info,spine1,,62,64,231,2,,default,0,true,1,1970829,default,64,429,9128,1970829

2020-02-06 13:38:04.053000+00:00,Cisco-IOS-XR-ipv4-bgp-oper:bgp/instances/instance/instance-active/default-vrf/process-info,spine1,,62,64,231,2,,default,0,true,1,1970829,default,64,429,9128,1970829

2020-02-06 13:38:09.197000+00:00,Cisco-IOS-XR-ipv4-bgp-oper:bgp/instances/instance/instance-active/default-vrf/process-info,spine1,,62,64,231,2,,default,0,true,1,1970829,default,64,429,9128,1970829

2020-02-06 13:38:15.270000+00:00,Cisco-IOS-XR-ipv4-bgp-oper:bgp/instances/instance/instance-active/default-vrf/process-info,spine1,,62,64,231,2,,default,0,true,1,1970829,default,64,429,9128,1970829

2020-02-06 13:38:20.415000+00:00,Cisco-IOS-XR-ipv4-bgp-oper:bgp/instances/instance/instance-active/default-vrf/process-info,spine1,,62,64,231,2,,default,0,true,1,1970829,default,64,429,9128,1970829

2020-02-06 13:38:26.699000+00:00,Cisco-IOS-XR-ipv4-bgp-oper:bgp/instances/instance/instance-active/default-vrf/process-info,spine1,,62,64,231,2,,default,0,true,1,1970829,default,64,429,9128,1970829

2020-02-06 13:38:31.848000+00:00,Cisco-IOS-XR-ipv4-bgp-oper:bgp/instances/instance/instance-active/default-vrf/process-info,spine1,,62,64,231,2,,default,0,true,1,1970829,default,64,429,9128,1970829

2020-02-06 13:38:38.171000+00:00,Cisco-IOS-XR-ipv4-bgp-oper:bgp/instances/instance/instance-active/default-vrf/process-info,spine1,,62,64,231,2,,default,0,true,1,1970829,default,64,429,9128,1970829

2020-02-06 13:38:43.321000+00:00,Cisco-IOS-XR-ipv4-bgp-oper:bgp/instances/instance/instance-active/default-vrf/process-info,spine1,,62,64,231,2,,default,0,true,1,1970829,default,64,429,9128,1970829

2020-02-06 13:38:49.861000+00:00,Cisco-IOS-XR-ipv4-bgp-oper:bgp/instances/instance/instance-active/default-vrf/process-info,spine1,,62,64,231,2,,default,0,true,1,1970829,default,64,429,9128,1970829

2020-02-06 13:38:55.009000+00:00,Cisco-IOS-XR-ipv4-bgp-oper:bgp/instances/instance/instance-active/default-vrf/process-info,spine1,,62,64,231,2,,default,0,true,1,1970829,default,64,429,9128,1970829

2020-02-06 13:39:01.449000+00:00,Cisco-IOS-XR-ipv4-bgp-oper:bgp/instances/instance/instance-active/default-vrf/process-info,spine1,,62,64,231,2,,default,0,true,1,1970829,default,64,429,9128,1970829

2020-02-06 13:39:06.592000+00:00,Cisco-IOS-XR-ipv4-bgp-oper:bgp/instances/instance/instance-active/default-vrf/process-info,spine1,,62,64,231,2,,default,0,true,1,1970829,default,64,429,9128,1970829

2020-02-06 13:39:12.557000+00:00,Cisco-IOS-XR-ipv4-bgp-oper:bgp/instances/instance/instance-active/default-vrf/process-info,spine1,,62,64,231,2,,default,0,true,1,1970829,default,64,429,9128,1970829

2020-02-06 13:39:17.706000+00:00,Cisco-IOS-XR-ipv4-bgp-oper:bgp/instances/instance/instance-active/default-vrf/process-info,spine1,,62,64,231,2,,default,0,true,1,1970829,default,64,429,9128,1970829

2020-02-06 13:39:24.044000+00:00,Cisco-IOS-XR-ipv4-bgp-oper:bgp/instances/instance/instance-active/default-vrf/process-info,spine1,,62,64,231,2,,default,0,true,1,1970829,default,64,429,9128,1970829

2020-02-06 13:39:29.193000+00:00,Cisco-IOS-XR-ipv4-bgp-oper:bgp/instances/instance/instance-active/default-vrf/process-info,spine1,,62,64,231,2,,default,0,true,1,1970829,default,64,429,9128,1970829

2020-02-06 13:39:35.553000+00:00,Cisco-IOS-XR-ipv4-bgp-oper:bgp/instances/instance/instance-active/default-vrf/process-info,spine1,,62,64,231,2,,default,0,true,1,1970829,default,64,429,9128,1970829

2020-02-06 13:39:40.702000+00:00,Cisco-IOS-XR-ipv4-bgp-oper:bgp/instances/instance/instance-active/default-vrf/process-info,spine1,,62,64,231,2,,default,0,true,1,1970829,default,64,429,9128,1970829

2020-02-06 13:39:47.154000+00:00,Cisco-IOS-XR-ipv4-bgp-oper:bgp/instances/instance/instance-active/default-vrf/process-info,spine1,,62,64,231,2,,default,0,true,1,1970829,default,64,429,9128,1970829

2020-02-06 13:39:52.300000+00:00,Cisco-IOS-XR-ipv4-bgp-oper:bgp/instances/instance/instance-active/default-vrf/process-info,spine1,,62,64,231,2,,default,0,true,1,1970829,default,64,429,9128,1970829

2020-02-06 13:39:58.765000+00:00,Cisco-IOS-XR-ipv4-bgp-oper:bgp/instances/instance/instance-active/default-vrf/process-info,spine1,,62,64,231,2,,default,0,true,1,1970829,default,64,429,9128,1970829

2020-02-06 13:40:03.907000+00:00,Cisco-IOS-XR-ipv4-bgp-oper:bgp/instances/instance/instance-active/default-vrf/process-info,spine1,,62,64,231,2,,default,0,true,1,1970829,default,64,429,9128,1970829

2020-02-06 13:40:09.899000+00:00,Cisco-IOS-XR-ipv4-bgp-oper:bgp/instances/instance/instance-active/default-vrf/process-info,spine1,,62,64,231,2,,default,0,true,1,1970829,default,64,429,9128,1970829

2020-02-06 13:40:15.047000+00:00,Cisco-IOS-XR-ipv4-bgp-oper:bgp/instances/instance/instance-active/default-vrf/process-info,spine1,,62,64,231,2,,default,0,true,1,1970829,default,64,429,9128,1970829

