,Producer,Target,clientid,host,insync,proto-id,proto-instance,protocol-names,table-id,updatemode

2020-02-06 18:54:52.661000+00:00,leaf7,sg12,15,obt-collector1,true,2,,static,-536870912,10

2020-02-06 18:54:52.665000+00:00,leaf7,sg12,18,obt-collector1,true,0,,connected,-536870912,10

2020-02-06 18:54:52.668000+00:00,leaf7,sg12,19,obt-collector1,true,0,,connected,-536870912,10

2020-02-06 18:54:52.668000+00:00,leaf7,sg12,19,obt-collector1,true,1,,local,-536870912,10

2020-02-06 18:54:52.668000+00:00,leaf7,sg12,19,obt-collector1,true,2,,static,-536870912,10

2020-02-06 18:54:52.668000+00:00,leaf7,sg12,19,obt-collector1,true,4,,te-client,-536870912,10

2020-02-06 18:54:52.668000+00:00,leaf7,sg12,19,obt-collector1,true,5,,dagr,-536870912,10

2020-02-06 18:55:06.803000+00:00,leaf7,sg12,15,obt-collector1,true,2,,static,-536870912,10

2020-02-06 18:55:06.809000+00:00,leaf7,sg12,18,obt-collector1,true,0,,connected,-536870912,10

2020-02-06 18:55:06.812000+00:00,leaf7,sg12,19,obt-collector1,true,0,,connected,-536870912,10

2020-02-06 18:55:06.812000+00:00,leaf7,sg12,19,obt-collector1,true,1,,local,-536870912,10

2020-02-06 18:55:06.812000+00:00,leaf7,sg12,19,obt-collector1,true,2,,static,-536870912,10

2020-02-06 18:55:06.812000+00:00,leaf7,sg12,19,obt-collector1,true,4,,te-client,-536870912,10

2020-02-06 18:55:06.812000+00:00,leaf7,sg12,19,obt-collector1,true,5,,dagr,-536870912,10

2020-02-06 18:55:10.227000+00:00,leaf7,sg12,15,obt-collector1,true,2,,static,-536870912,10

2020-02-06 18:55:10.232000+00:00,leaf7,sg12,18,obt-collector1,true,0,,connected,-536870912,10

2020-02-06 18:55:10.234000+00:00,leaf7,sg12,19,obt-collector1,true,0,,connected,-536870912,10

2020-02-06 18:55:10.234000+00:00,leaf7,sg12,19,obt-collector1,true,1,,local,-536870912,10

2020-02-06 18:55:10.234000+00:00,leaf7,sg12,19,obt-collector1,true,2,,static,-536870912,10

2020-02-06 18:55:10.234000+00:00,leaf7,sg12,19,obt-collector1,true,4,,te-client,-536870912,10

2020-02-06 18:55:10.234000+00:00,leaf7,sg12,19,obt-collector1,true,5,,dagr,-536870912,10

2020-02-06 18:55:13.655000+00:00,leaf7,sg12,15,obt-collector1,true,2,,static,-536870912,10

2020-02-06 18:55:13.659000+00:00,leaf7,sg12,18,obt-collector1,true,0,,connected,-536870912,10

2020-02-06 18:55:13.661000+00:00,leaf7,sg12,19,obt-collector1,true,0,,connected,-536870912,10

2020-02-06 18:55:13.661000+00:00,leaf7,sg12,19,obt-collector1,true,1,,local,-536870912,10

2020-02-06 18:55:13.661000+00:00,leaf7,sg12,19,obt-collector1,true,2,,static,-536870912,10

2020-02-06 18:55:13.661000+00:00,leaf7,sg12,19,obt-collector1,true,4,,te-client,-536870912,10

2020-02-06 18:55:13.661000+00:00,leaf7,sg12,19,obt-collector1,true,5,,dagr,-536870912,10

2020-02-06 18:55:20.606000+00:00,leaf7,sg12,15,obt-collector1,true,2,,static,-536870912,10

2020-02-06 18:55:20.610000+00:00,leaf7,sg12,18,obt-collector1,true,0,,connected,-536870912,10

2020-02-06 18:55:20.612000+00:00,leaf7,sg12,19,obt-collector1,true,0,,connected,-536870912,10

2020-02-06 18:55:20.612000+00:00,leaf7,sg12,19,obt-collector1,true,1,,local,-536870912,10

2020-02-06 18:55:20.612000+00:00,leaf7,sg12,19,obt-collector1,true,2,,static,-536870912,10

2020-02-06 18:55:20.612000+00:00,leaf7,sg12,19,obt-collector1,true,4,,te-client,-536870912,10

2020-02-06 18:55:20.612000+00:00,leaf7,sg12,19,obt-collector1,true,5,,dagr,-536870912,10

2020-02-06 18:55:24.170000+00:00,leaf7,sg12,15,obt-collector1,true,2,,static,-536870912,10

2020-02-06 18:55:24.175000+00:00,leaf7,sg12,18,obt-collector1,true,0,,connected,-536870912,10

2020-02-06 18:55:24.177000+00:00,leaf7,sg12,19,obt-collector1,true,0,,connected,-536870912,10

2020-02-06 18:55:24.177000+00:00,leaf7,sg12,19,obt-collector1,true,1,,local,-536870912,10

2020-02-06 18:55:24.177000+00:00,leaf7,sg12,19,obt-collector1,true,2,,static,-536870912,10

2020-02-06 18:55:24.177000+00:00,leaf7,sg12,19,obt-collector1,true,4,,te-client,-536870912,10

2020-02-06 18:55:24.177000+00:00,leaf7,sg12,19,obt-collector1,true,5,,dagr,-536870912,10

2020-02-06 18:55:30.996000+00:00,leaf7,sg12,15,obt-collector1,true,2,,static,-536870912,10

2020-02-06 18:55:31.001000+00:00,leaf7,sg12,18,obt-collector1,true,0,,connected,-536870912,10

2020-02-06 18:55:31.003000+00:00,leaf7,sg12,19,obt-collector1,true,0,,connected,-536870912,10

2020-02-06 18:55:31.003000+00:00,leaf7,sg12,19,obt-collector1,true,1,,local,-536870912,10

2020-02-06 18:55:31.003000+00:00,leaf7,sg12,19,obt-collector1,true,2,,static,-536870912,10

2020-02-06 18:55:31.003000+00:00,leaf7,sg12,19,obt-collector1,true,4,,te-client,-536870912,10

2020-02-06 18:55:31.003000+00:00,leaf7,sg12,19,obt-collector1,true,5,,dagr,-536870912,10

2020-02-06 18:55:51.880000+00:00,leaf7,sg12,15,obt-collector1,true,2,,static,-536870912,10

2020-02-06 18:55:51.884000+00:00,leaf7,sg12,18,obt-collector1,true,0,,connected,-536870912,10

2020-02-06 18:55:51.886000+00:00,leaf7,sg12,19,obt-collector1,true,0,,connected,-536870912,10

2020-02-06 18:55:51.886000+00:00,leaf7,sg12,19,obt-collector1,true,1,,local,-536870912,10

2020-02-06 18:55:51.886000+00:00,leaf7,sg12,19,obt-collector1,true,2,,static,-536870912,10

2020-02-06 18:55:51.886000+00:00,leaf7,sg12,19,obt-collector1,true,4,,te-client,-536870912,10

2020-02-06 18:55:51.886000+00:00,leaf7,sg12,19,obt-collector1,true,5,,dagr,-536870912,10

2020-02-06 18:56:05.757000+00:00,leaf7,sg12,15,obt-collector1,true,2,,static,-536870912,10

2020-02-06 18:56:05.761000+00:00,leaf7,sg12,18,obt-collector1,true,0,,connected,-536870912,10

2020-02-06 18:56:05.764000+00:00,leaf7,sg12,19,obt-collector1,true,0,,connected,-536870912,10

2020-02-06 18:56:05.764000+00:00,leaf7,sg12,19,obt-collector1,true,1,,local,-536870912,10

2020-02-06 18:56:05.764000+00:00,leaf7,sg12,19,obt-collector1,true,2,,static,-536870912,10

2020-02-06 18:56:05.764000+00:00,leaf7,sg12,19,obt-collector1,true,4,,te-client,-536870912,10

2020-02-06 18:56:05.764000+00:00,leaf7,sg12,19,obt-collector1,true,5,,dagr,-536870912,10

2020-02-06 18:56:09.209000+00:00,leaf7,sg12,15,obt-collector1,true,2,,static,-536870912,10

2020-02-06 18:56:09.214000+00:00,leaf7,sg12,18,obt-collector1,true,0,,connected,-536870912,10

2020-02-06 18:56:09.217000+00:00,leaf7,sg12,19,obt-collector1,true,0,,connected,-536870912,10

2020-02-06 18:56:09.217000+00:00,leaf7,sg12,19,obt-collector1,true,1,,local,-536870912,10

2020-02-06 18:56:09.217000+00:00,leaf7,sg12,19,obt-collector1,true,2,,static,-536870912,10

2020-02-06 18:56:09.217000+00:00,leaf7,sg12,19,obt-collector1,true,4,,te-client,-536870912,10

2020-02-06 18:56:09.217000+00:00,leaf7,sg12,19,obt-collector1,true,5,,dagr,-536870912,10

2020-02-06 18:56:12.620000+00:00,leaf7,sg12,15,obt-collector1,true,2,,static,-536870912,10

2020-02-06 18:56:12.625000+00:00,leaf7,sg12,18,obt-collector1,true,0,,connected,-536870912,10

2020-02-06 18:56:12.627000+00:00,leaf7,sg12,19,obt-collector1,true,0,,connected,-536870912,10

2020-02-06 18:56:12.627000+00:00,leaf7,sg12,19,obt-collector1,true,1,,local,-536870912,10

2020-02-06 18:56:12.627000+00:00,leaf7,sg12,19,obt-collector1,true,2,,static,-536870912,10

2020-02-06 18:56:12.627000+00:00,leaf7,sg12,19,obt-collector1,true,4,,te-client,-536870912,10

2020-02-06 18:56:12.627000+00:00,leaf7,sg12,19,obt-collector1,true,5,,dagr,-536870912,10

2020-02-06 18:56:23.020000+00:00,leaf7,sg12,15,obt-collector1,true,2,,static,-536870912,10

2020-02-06 18:56:23.025000+00:00,leaf7,sg12,18,obt-collector1,true,0,,connected,-536870912,10

2020-02-06 18:56:23.027000+00:00,leaf7,sg12,19,obt-collector1,true,0,,connected,-536870912,10

2020-02-06 18:56:23.027000+00:00,leaf7,sg12,19,obt-collector1,true,1,,local,-536870912,10

2020-02-06 18:56:23.027000+00:00,leaf7,sg12,19,obt-collector1,true,2,,static,-536870912,10

2020-02-06 18:56:23.027000+00:00,leaf7,sg12,19,obt-collector1,true,4,,te-client,-536870912,10

2020-02-06 18:56:23.027000+00:00,leaf7,sg12,19,obt-collector1,true,5,,dagr,-536870912,10

2020-02-06 18:56:26.438000+00:00,leaf7,sg12,15,obt-collector1,true,2,,static,-536870912,10

2020-02-06 18:56:26.443000+00:00,leaf7,sg12,18,obt-collector1,true,0,,connected,-536870912,10

2020-02-06 18:56:26.446000+00:00,leaf7,sg12,19,obt-collector1,true,0,,connected,-536870912,10

2020-02-06 18:56:26.446000+00:00,leaf7,sg12,19,obt-collector1,true,1,,local,-536870912,10

2020-02-06 18:56:26.446000+00:00,leaf7,sg12,19,obt-collector1,true,2,,static,-536870912,10

2020-02-06 18:56:26.446000+00:00,leaf7,sg12,19,obt-collector1,true,4,,te-client,-536870912,10

2020-02-06 18:56:26.446000+00:00,leaf7,sg12,19,obt-collector1,true,5,,dagr,-536870912,10

2020-02-06 18:56:40.239000+00:00,leaf7,sg12,15,obt-collector1,true,2,,static,-536870912,10

2020-02-06 18:56:40.244000+00:00,leaf7,sg12,18,obt-collector1,true,0,,connected,-536870912,10

2020-02-06 18:56:40.247000+00:00,leaf7,sg12,19,obt-collector1,true,0,,connected,-536870912,10

2020-02-06 18:56:40.247000+00:00,leaf7,sg12,19,obt-collector1,true,1,,local,-536870912,10

2020-02-06 18:56:40.247000+00:00,leaf7,sg12,19,obt-collector1,true,2,,static,-536870912,10

2020-02-06 18:56:40.247000+00:00,leaf7,sg12,19,obt-collector1,true,4,,te-client,-536870912,10

2020-02-06 18:56:40.247000+00:00,leaf7,sg12,19,obt-collector1,true,5,,dagr,-536870912,10

2020-02-06 18:56:43.663000+00:00,leaf7,sg12,15,obt-collector1,true,2,,static,-536870912,10

2020-02-06 18:56:43.668000+00:00,leaf7,sg12,18,obt-collector1,true,0,,connected,-536870912,10

2020-02-06 18:56:43.671000+00:00,leaf7,sg12,19,obt-collector1,true,0,,connected,-536870912,10

2020-02-06 18:56:43.671000+00:00,leaf7,sg12,19,obt-collector1,true,1,,local,-536870912,10

2020-02-06 18:56:43.671000+00:00,leaf7,sg12,19,obt-collector1,true,2,,static,-536870912,10

2020-02-06 18:56:43.671000+00:00,leaf7,sg12,19,obt-collector1,true,4,,te-client,-536870912,10

2020-02-06 18:56:43.671000+00:00,leaf7,sg12,19,obt-collector1,true,5,,dagr,-536870912,10

2020-02-06 18:56:47.208000+00:00,leaf7,sg12,15,obt-collector1,true,2,,static,-536870912,10

2020-02-06 18:56:47.213000+00:00,leaf7,sg12,18,obt-collector1,true,0,,connected,-536870912,10

2020-02-06 18:56:47.215000+00:00,leaf7,sg12,19,obt-collector1,true,0,,connected,-536870912,10

2020-02-06 18:56:47.215000+00:00,leaf7,sg12,19,obt-collector1,true,1,,local,-536870912,10

2020-02-06 18:56:47.215000+00:00,leaf7,sg12,19,obt-collector1,true,2,,static,-536870912,10

2020-02-06 18:56:47.215000+00:00,leaf7,sg12,19,obt-collector1,true,4,,te-client,-536870912,10

2020-02-06 18:56:47.215000+00:00,leaf7,sg12,19,obt-collector1,true,5,,dagr,-536870912,10

2020-02-06 18:57:08.067000+00:00,leaf7,sg12,15,obt-collector1,true,2,,static,-536870912,10

2020-02-06 18:57:08.071000+00:00,leaf7,sg12,18,obt-collector1,true,0,,connected,-536870912,10

2020-02-06 18:57:08.073000+00:00,leaf7,sg12,19,obt-collector1,true,0,,connected,-536870912,10

2020-02-06 18:57:08.073000+00:00,leaf7,sg12,19,obt-collector1,true,1,,local,-536870912,10

2020-02-06 18:57:08.073000+00:00,leaf7,sg12,19,obt-collector1,true,2,,static,-536870912,10

2020-02-06 18:57:08.073000+00:00,leaf7,sg12,19,obt-collector1,true,4,,te-client,-536870912,10

2020-02-06 18:57:08.073000+00:00,leaf7,sg12,19,obt-collector1,true,5,,dagr,-536870912,10

2020-02-06 18:57:11.588000+00:00,leaf7,sg12,15,obt-collector1,true,2,,static,-536870912,10

2020-02-06 18:57:11.593000+00:00,leaf7,sg12,18,obt-collector1,true,0,,connected,-536870912,10

2020-02-06 18:57:11.595000+00:00,leaf7,sg12,19,obt-collector1,true,0,,connected,-536870912,10

2020-02-06 18:57:11.595000+00:00,leaf7,sg12,19,obt-collector1,true,1,,local,-536870912,10

2020-02-06 18:57:11.595000+00:00,leaf7,sg12,19,obt-collector1,true,2,,static,-536870912,10

2020-02-06 18:57:11.595000+00:00,leaf7,sg12,19,obt-collector1,true,4,,te-client,-536870912,10

2020-02-06 18:57:11.595000+00:00,leaf7,sg12,19,obt-collector1,true,5,,dagr,-536870912,10

2020-02-06 18:57:15.074000+00:00,leaf7,sg12,15,obt-collector1,true,2,,static,-536870912,10

2020-02-06 18:57:15.078000+00:00,leaf7,sg12,18,obt-collector1,true,0,,connected,-536870912,10

2020-02-06 18:57:15.081000+00:00,leaf7,sg12,19,obt-collector1,true,0,,connected,-536870912,10

2020-02-06 18:57:15.081000+00:00,leaf7,sg12,19,obt-collector1,true,1,,local,-536870912,10

2020-02-06 18:57:15.081000+00:00,leaf7,sg12,19,obt-collector1,true,2,,static,-536870912,10

2020-02-06 18:57:15.081000+00:00,leaf7,sg12,19,obt-collector1,true,4,,te-client,-536870912,10

2020-02-06 18:57:15.081000+00:00,leaf7,sg12,19,obt-collector1,true,5,,dagr,-536870912,10

2020-02-06 18:57:21.993000+00:00,leaf7,sg12,15,obt-collector1,true,2,,static,-536870912,10

2020-02-06 18:57:21.998000+00:00,leaf7,sg12,18,obt-collector1,true,0,,connected,-536870912,10

2020-02-06 18:57:22+00:00,leaf7,sg12,19,obt-collector1,true,0,,connected,-536870912,10

2020-02-06 18:57:22+00:00,leaf7,sg12,19,obt-collector1,true,1,,local,-536870912,10

2020-02-06 18:57:22+00:00,leaf7,sg12,19,obt-collector1,true,2,,static,-536870912,10

2020-02-06 18:57:22+00:00,leaf7,sg12,19,obt-collector1,true,4,,te-client,-536870912,10

2020-02-06 18:57:22+00:00,leaf7,sg12,19,obt-collector1,true,5,,dagr,-536870912,10

2020-02-06 18:57:25.404000+00:00,leaf7,sg12,15,obt-collector1,true,2,,static,-536870912,10

2020-02-06 18:57:25.409000+00:00,leaf7,sg12,18,obt-collector1,true,0,,connected,-536870912,10

2020-02-06 18:57:25.411000+00:00,leaf7,sg12,19,obt-collector1,true,0,,connected,-536870912,10

2020-02-06 18:57:25.411000+00:00,leaf7,sg12,19,obt-collector1,true,1,,local,-536870912,10

2020-02-06 18:57:25.411000+00:00,leaf7,sg12,19,obt-collector1,true,2,,static,-536870912,10

2020-02-06 18:57:25.411000+00:00,leaf7,sg12,19,obt-collector1,true,4,,te-client,-536870912,10

2020-02-06 18:57:25.411000+00:00,leaf7,sg12,19,obt-collector1,true,5,,dagr,-536870912,10

2020-02-06 18:57:32.232000+00:00,leaf7,sg12,15,obt-collector1,true,2,,static,-536870912,10

2020-02-06 18:57:32.237000+00:00,leaf7,sg12,18,obt-collector1,true,0,,connected,-536870912,10

2020-02-06 18:57:32.239000+00:00,leaf7,sg12,19,obt-collector1,true,0,,connected,-536870912,10

2020-02-06 18:57:32.239000+00:00,leaf7,sg12,19,obt-collector1,true,1,,local,-536870912,10

2020-02-06 18:57:32.239000+00:00,leaf7,sg12,19,obt-collector1,true,2,,static,-536870912,10

2020-02-06 18:57:32.239000+00:00,leaf7,sg12,19,obt-collector1,true,4,,te-client,-536870912,10

2020-02-06 18:57:32.239000+00:00,leaf7,sg12,19,obt-collector1,true,5,,dagr,-536870912,10

2020-02-06 18:57:35.774000+00:00,leaf7,sg12,15,obt-collector1,true,2,,static,-536870912,10

2020-02-06 18:57:35.779000+00:00,leaf7,sg12,18,obt-collector1,true,0,,connected,-536870912,10

2020-02-06 18:57:35.781000+00:00,leaf7,sg12,19,obt-collector1,true,0,,connected,-536870912,10

2020-02-06 18:57:35.781000+00:00,leaf7,sg12,19,obt-collector1,true,1,,local,-536870912,10

2020-02-06 18:57:35.781000+00:00,leaf7,sg12,19,obt-collector1,true,2,,static,-536870912,10

2020-02-06 18:57:35.781000+00:00,leaf7,sg12,19,obt-collector1,true,4,,te-client,-536870912,10

2020-02-06 18:57:35.781000+00:00,leaf7,sg12,19,obt-collector1,true,5,,dagr,-536870912,10

2020-02-06 18:57:39.183000+00:00,leaf7,sg12,15,obt-collector1,true,2,,static,-536870912,10

2020-02-06 18:57:39.187000+00:00,leaf7,sg12,18,obt-collector1,true,0,,connected,-536870912,10

2020-02-06 18:57:39.190000+00:00,leaf7,sg12,19,obt-collector1,true,0,,connected,-536870912,10

2020-02-06 18:57:39.190000+00:00,leaf7,sg12,19,obt-collector1,true,1,,local,-536870912,10

2020-02-06 18:57:39.190000+00:00,leaf7,sg12,19,obt-collector1,true,2,,static,-536870912,10

2020-02-06 18:57:39.190000+00:00,leaf7,sg12,19,obt-collector1,true,4,,te-client,-536870912,10

2020-02-06 18:57:39.190000+00:00,leaf7,sg12,19,obt-collector1,true,5,,dagr,-536870912,10

2020-02-06 18:57:46.178000+00:00,leaf7,sg12,15,obt-collector1,true,2,,static,-536870912,10

2020-02-06 18:57:46.182000+00:00,leaf7,sg12,18,obt-collector1,true,0,,connected,-536870912,10

2020-02-06 18:57:46.185000+00:00,leaf7,sg12,19,obt-collector1,true,0,,connected,-536870912,10

2020-02-06 18:57:46.185000+00:00,leaf7,sg12,19,obt-collector1,true,1,,local,-536870912,10

2020-02-06 18:57:46.185000+00:00,leaf7,sg12,19,obt-collector1,true,2,,static,-536870912,10

2020-02-06 18:57:46.185000+00:00,leaf7,sg12,19,obt-collector1,true,4,,te-client,-536870912,10

2020-02-06 18:57:46.185000+00:00,leaf7,sg12,19,obt-collector1,true,5,,dagr,-536870912,10

2020-02-06 18:57:49.615000+00:00,leaf7,sg12,15,obt-collector1,true,2,,static,-536870912,10

2020-02-06 18:57:49.620000+00:00,leaf7,sg12,18,obt-collector1,true,0,,connected,-536870912,10

2020-02-06 18:57:49.622000+00:00,leaf7,sg12,19,obt-collector1,true,0,,connected,-536870912,10

2020-02-06 18:57:49.622000+00:00,leaf7,sg12,19,obt-collector1,true,1,,local,-536870912,10

2020-02-06 18:57:49.622000+00:00,leaf7,sg12,19,obt-collector1,true,2,,static,-536870912,10

2020-02-06 18:57:49.622000+00:00,leaf7,sg12,19,obt-collector1,true,4,,te-client,-536870912,10

2020-02-06 18:57:49.622000+00:00,leaf7,sg12,19,obt-collector1,true,5,,dagr,-536870912,10

2020-02-06 18:57:53.038000+00:00,leaf7,sg12,15,obt-collector1,true,2,,static,-536870912,10

2020-02-06 18:57:53.043000+00:00,leaf7,sg12,18,obt-collector1,true,0,,connected,-536870912,10

2020-02-06 18:57:53.045000+00:00,leaf7,sg12,19,obt-collector1,true,0,,connected,-536870912,10

2020-02-06 18:57:53.045000+00:00,leaf7,sg12,19,obt-collector1,true,1,,local,-536870912,10

2020-02-06 18:57:53.045000+00:00,leaf7,sg12,19,obt-collector1,true,2,,static,-536870912,10

2020-02-06 18:57:53.045000+00:00,leaf7,sg12,19,obt-collector1,true,4,,te-client,-536870912,10

2020-02-06 18:57:53.045000+00:00,leaf7,sg12,19,obt-collector1,true,5,,dagr,-536870912,10

2020-02-06 18:58:13.760000+00:00,leaf7,sg12,15,obt-collector1,true,2,,static,-536870912,10

2020-02-06 18:58:13.764000+00:00,leaf7,sg12,18,obt-collector1,true,0,,connected,-536870912,10

2020-02-06 18:58:13.767000+00:00,leaf7,sg12,19,obt-collector1,true,0,,connected,-536870912,10

2020-02-06 18:58:13.767000+00:00,leaf7,sg12,19,obt-collector1,true,1,,local,-536870912,10

2020-02-06 18:58:13.767000+00:00,leaf7,sg12,19,obt-collector1,true,2,,static,-536870912,10

2020-02-06 18:58:13.767000+00:00,leaf7,sg12,19,obt-collector1,true,4,,te-client,-536870912,10

2020-02-06 18:58:13.767000+00:00,leaf7,sg12,19,obt-collector1,true,5,,dagr,-536870912,10

2020-02-06 18:58:17.165000+00:00,leaf7,sg12,15,obt-collector1,true,2,,static,-536870912,10

2020-02-06 18:58:17.170000+00:00,leaf7,sg12,18,obt-collector1,true,0,,connected,-536870912,10

2020-02-06 18:58:17.172000+00:00,leaf7,sg12,19,obt-collector1,true,0,,connected,-536870912,10

2020-02-06 18:58:17.172000+00:00,leaf7,sg12,19,obt-collector1,true,1,,local,-536870912,10

2020-02-06 18:58:17.172000+00:00,leaf7,sg12,19,obt-collector1,true,2,,static,-536870912,10

2020-02-06 18:58:17.172000+00:00,leaf7,sg12,19,obt-collector1,true,4,,te-client,-536870912,10

2020-02-06 18:58:17.172000+00:00,leaf7,sg12,19,obt-collector1,true,5,,dagr,-536870912,10

2020-02-06 18:58:20.584000+00:00,leaf7,sg12,15,obt-collector1,true,2,,static,-536870912,10

2020-02-06 18:58:20.589000+00:00,leaf7,sg12,18,obt-collector1,true,0,,connected,-536870912,10

2020-02-06 18:58:20.591000+00:00,leaf7,sg12,19,obt-collector1,true,0,,connected,-536870912,10

2020-02-06 18:58:20.591000+00:00,leaf7,sg12,19,obt-collector1,true,1,,local,-536870912,10

2020-02-06 18:58:20.591000+00:00,leaf7,sg12,19,obt-collector1,true,2,,static,-536870912,10

2020-02-06 18:58:20.591000+00:00,leaf7,sg12,19,obt-collector1,true,4,,te-client,-536870912,10

2020-02-06 18:58:20.591000+00:00,leaf7,sg12,19,obt-collector1,true,5,,dagr,-536870912,10

2020-02-06 18:58:27.548000+00:00,leaf7,sg12,15,obt-collector1,true,2,,static,-536870912,10

2020-02-06 18:58:27.553000+00:00,leaf7,sg12,18,obt-collector1,true,0,,connected,-536870912,10

2020-02-06 18:58:27.555000+00:00,leaf7,sg12,19,obt-collector1,true,0,,connected,-536870912,10

2020-02-06 18:58:27.555000+00:00,leaf7,sg12,19,obt-collector1,true,1,,local,-536870912,10

2020-02-06 18:58:27.555000+00:00,leaf7,sg12,19,obt-collector1,true,2,,static,-536870912,10

2020-02-06 18:58:27.555000+00:00,leaf7,sg12,19,obt-collector1,true,4,,te-client,-536870912,10

2020-02-06 18:58:27.555000+00:00,leaf7,sg12,19,obt-collector1,true,5,,dagr,-536870912,10

2020-02-06 18:58:34.527000+00:00,leaf7,sg12,15,obt-collector1,true,2,,static,-536870912,10

2020-02-06 18:58:34.531000+00:00,leaf7,sg12,18,obt-collector1,true,0,,connected,-536870912,10

2020-02-06 18:58:34.533000+00:00,leaf7,sg12,19,obt-collector1,true,0,,connected,-536870912,10

2020-02-06 18:58:34.533000+00:00,leaf7,sg12,19,obt-collector1,true,1,,local,-536870912,10

2020-02-06 18:58:34.533000+00:00,leaf7,sg12,19,obt-collector1,true,2,,static,-536870912,10

2020-02-06 18:58:34.533000+00:00,leaf7,sg12,19,obt-collector1,true,4,,te-client,-536870912,10

2020-02-06 18:58:34.533000+00:00,leaf7,sg12,19,obt-collector1,true,5,,dagr,-536870912,10

2020-02-06 18:58:41.343000+00:00,leaf7,sg12,15,obt-collector1,true,2,,static,-536870912,10

2020-02-06 18:58:41.347000+00:00,leaf7,sg12,18,obt-collector1,true,0,,connected,-536870912,10

2020-02-06 18:58:41.350000+00:00,leaf7,sg12,19,obt-collector1,true,0,,connected,-536870912,10

2020-02-06 18:58:41.350000+00:00,leaf7,sg12,19,obt-collector1,true,1,,local,-536870912,10

2020-02-06 18:58:41.350000+00:00,leaf7,sg12,19,obt-collector1,true,2,,static,-536870912,10

2020-02-06 18:58:41.350000+00:00,leaf7,sg12,19,obt-collector1,true,4,,te-client,-536870912,10

2020-02-06 18:58:41.350000+00:00,leaf7,sg12,19,obt-collector1,true,5,,dagr,-536870912,10

2020-02-06 18:58:48.318000+00:00,leaf7,sg12,15,obt-collector1,true,2,,static,-536870912,10

2020-02-06 18:58:48.322000+00:00,leaf7,sg12,18,obt-collector1,true,0,,connected,-536870912,10

2020-02-06 18:58:48.325000+00:00,leaf7,sg12,19,obt-collector1,true,0,,connected,-536870912,10

2020-02-06 18:58:48.325000+00:00,leaf7,sg12,19,obt-collector1,true,1,,local,-536870912,10

2020-02-06 18:58:48.325000+00:00,leaf7,sg12,19,obt-collector1,true,2,,static,-536870912,10

2020-02-06 18:58:48.325000+00:00,leaf7,sg12,19,obt-collector1,true,4,,te-client,-536870912,10

2020-02-06 18:58:48.325000+00:00,leaf7,sg12,19,obt-collector1,true,5,,dagr,-536870912,10

2020-02-06 18:58:55.308000+00:00,leaf7,sg12,15,obt-collector1,true,2,,static,-536870912,10

2020-02-06 18:58:55.313000+00:00,leaf7,sg12,18,obt-collector1,true,0,,connected,-536870912,10

2020-02-06 18:58:55.315000+00:00,leaf7,sg12,19,obt-collector1,true,0,,connected,-536870912,10

2020-02-06 18:58:55.315000+00:00,leaf7,sg12,19,obt-collector1,true,1,,local,-536870912,10

2020-02-06 18:58:55.315000+00:00,leaf7,sg12,19,obt-collector1,true,2,,static,-536870912,10

2020-02-06 18:58:55.315000+00:00,leaf7,sg12,19,obt-collector1,true,4,,te-client,-536870912,10

2020-02-06 18:58:55.315000+00:00,leaf7,sg12,19,obt-collector1,true,5,,dagr,-536870912,10

2020-02-06 18:59:02.366000+00:00,leaf7,sg12,15,obt-collector1,true,2,,static,-536870912,10

2020-02-06 18:59:02.371000+00:00,leaf7,sg12,18,obt-collector1,true,0,,connected,-536870912,10

2020-02-06 18:59:02.373000+00:00,leaf7,sg12,19,obt-collector1,true,0,,connected,-536870912,10

2020-02-06 18:59:02.373000+00:00,leaf7,sg12,19,obt-collector1,true,1,,local,-536870912,10

2020-02-06 18:59:02.373000+00:00,leaf7,sg12,19,obt-collector1,true,2,,static,-536870912,10

2020-02-06 18:59:02.373000+00:00,leaf7,sg12,19,obt-collector1,true,4,,te-client,-536870912,10

2020-02-06 18:59:02.373000+00:00,leaf7,sg12,19,obt-collector1,true,5,,dagr,-536870912,10

2020-02-06 18:59:12.899000+00:00,leaf7,sg12,15,obt-collector1,true,2,,static,-536870912,10

2020-02-06 18:59:12.903000+00:00,leaf7,sg12,18,obt-collector1,true,0,,connected,-536870912,10

2020-02-06 18:59:12.906000+00:00,leaf7,sg12,19,obt-collector1,true,0,,connected,-536870912,10

2020-02-06 18:59:12.906000+00:00,leaf7,sg12,19,obt-collector1,true,1,,local,-536870912,10

2020-02-06 18:59:12.906000+00:00,leaf7,sg12,19,obt-collector1,true,2,,static,-536870912,10

2020-02-06 18:59:12.906000+00:00,leaf7,sg12,19,obt-collector1,true,4,,te-client,-536870912,10

2020-02-06 18:59:12.906000+00:00,leaf7,sg12,19,obt-collector1,true,5,,dagr,-536870912,10

2020-02-06 18:59:16.310000+00:00,leaf7,sg12,15,obt-collector1,true,2,,static,-536870912,10

2020-02-06 18:59:16.315000+00:00,leaf7,sg12,18,obt-collector1,true,0,,connected,-536870912,10

2020-02-06 18:59:16.317000+00:00,leaf7,sg12,19,obt-collector1,true,0,,connected,-536870912,10

2020-02-06 18:59:16.317000+00:00,leaf7,sg12,19,obt-collector1,true,1,,local,-536870912,10

2020-02-06 18:59:16.317000+00:00,leaf7,sg12,19,obt-collector1,true,2,,static,-536870912,10

2020-02-06 18:59:16.317000+00:00,leaf7,sg12,19,obt-collector1,true,4,,te-client,-536870912,10

2020-02-06 18:59:16.317000+00:00,leaf7,sg12,19,obt-collector1,true,5,,dagr,-536870912,10

2020-02-06 18:59:26.574000+00:00,leaf7,sg12,15,obt-collector1,true,2,,static,-536870912,10

2020-02-06 18:59:26.578000+00:00,leaf7,sg12,18,obt-collector1,true,0,,connected,-536870912,10

2020-02-06 18:59:26.581000+00:00,leaf7,sg12,19,obt-collector1,true,0,,connected,-536870912,10

2020-02-06 18:59:26.581000+00:00,leaf7,sg12,19,obt-collector1,true,1,,local,-536870912,10

2020-02-06 18:59:26.581000+00:00,leaf7,sg12,19,obt-collector1,true,2,,static,-536870912,10

2020-02-06 18:59:26.581000+00:00,leaf7,sg12,19,obt-collector1,true,4,,te-client,-536870912,10

2020-02-06 18:59:26.581000+00:00,leaf7,sg12,19,obt-collector1,true,5,,dagr,-536870912,10

2020-02-06 18:59:37.082000+00:00,leaf7,sg12,15,obt-collector1,true,2,,static,-536870912,10

2020-02-06 18:59:37.087000+00:00,leaf7,sg12,18,obt-collector1,true,0,,connected,-536870912,10

2020-02-06 18:59:37.089000+00:00,leaf7,sg12,19,obt-collector1,true,0,,connected,-536870912,10

2020-02-06 18:59:37.089000+00:00,leaf7,sg12,19,obt-collector1,true,1,,local,-536870912,10

2020-02-06 18:59:37.089000+00:00,leaf7,sg12,19,obt-collector1,true,2,,static,-536870912,10

2020-02-06 18:59:37.089000+00:00,leaf7,sg12,19,obt-collector1,true,4,,te-client,-536870912,10

2020-02-06 18:59:37.089000+00:00,leaf7,sg12,19,obt-collector1,true,5,,dagr,-536870912,10

2020-02-06 18:59:40.506000+00:00,leaf7,sg12,15,obt-collector1,true,2,,static,-536870912,10

2020-02-06 18:59:40.511000+00:00,leaf7,sg12,18,obt-collector1,true,0,,connected,-536870912,10

2020-02-06 18:59:40.514000+00:00,leaf7,sg12,19,obt-collector1,true,0,,connected,-536870912,10

2020-02-06 18:59:40.514000+00:00,leaf7,sg12,19,obt-collector1,true,1,,local,-536870912,10

2020-02-06 18:59:40.514000+00:00,leaf7,sg12,19,obt-collector1,true,2,,static,-536870912,10

2020-02-06 18:59:40.514000+00:00,leaf7,sg12,19,obt-collector1,true,4,,te-client,-536870912,10

2020-02-06 18:59:40.514000+00:00,leaf7,sg12,19,obt-collector1,true,5,,dagr,-536870912,10

2020-02-06 18:59:47.657000+00:00,leaf7,sg12,15,obt-collector1,true,2,,static,-536870912,10

2020-02-06 18:59:47.661000+00:00,leaf7,sg12,18,obt-collector1,true,0,,connected,-536870912,10

2020-02-06 18:59:47.664000+00:00,leaf7,sg12,19,obt-collector1,true,0,,connected,-536870912,10

2020-02-06 18:59:47.664000+00:00,leaf7,sg12,19,obt-collector1,true,1,,local,-536870912,10

2020-02-06 18:59:47.664000+00:00,leaf7,sg12,19,obt-collector1,true,2,,static,-536870912,10

2020-02-06 18:59:47.664000+00:00,leaf7,sg12,19,obt-collector1,true,4,,te-client,-536870912,10

2020-02-06 18:59:47.664000+00:00,leaf7,sg12,19,obt-collector1,true,5,,dagr,-536870912,10

2020-02-06 18:59:54.616000+00:00,leaf7,sg12,15,obt-collector1,true,2,,static,-536870912,10

2020-02-06 18:59:54.620000+00:00,leaf7,sg12,18,obt-collector1,true,0,,connected,-536870912,10

2020-02-06 18:59:54.622000+00:00,leaf7,sg12,19,obt-collector1,true,0,,connected,-536870912,10

2020-02-06 18:59:54.622000+00:00,leaf7,sg12,19,obt-collector1,true,1,,local,-536870912,10

2020-02-06 18:59:54.622000+00:00,leaf7,sg12,19,obt-collector1,true,2,,static,-536870912,10

2020-02-06 18:59:54.622000+00:00,leaf7,sg12,19,obt-collector1,true,4,,te-client,-536870912,10

2020-02-06 18:59:54.622000+00:00,leaf7,sg12,19,obt-collector1,true,5,,dagr,-536870912,10

2020-02-06 19:00:01.571000+00:00,leaf7,sg12,15,obt-collector1,true,2,,static,-536870912,10

2020-02-06 19:00:01.578000+00:00,leaf7,sg12,18,obt-collector1,true,0,,connected,-536870912,10

2020-02-06 19:00:01.581000+00:00,leaf7,sg12,19,obt-collector1,true,0,,connected,-536870912,10

2020-02-06 19:00:01.581000+00:00,leaf7,sg12,19,obt-collector1,true,1,,local,-536870912,10

2020-02-06 19:00:01.581000+00:00,leaf7,sg12,19,obt-collector1,true,2,,static,-536870912,10

2020-02-06 19:00:01.581000+00:00,leaf7,sg12,19,obt-collector1,true,4,,te-client,-536870912,10

2020-02-06 19:00:01.581000+00:00,leaf7,sg12,19,obt-collector1,true,5,,dagr,-536870912,10

2020-02-06 19:00:18.888000+00:00,leaf7,sg12,15,obt-collector1,true,2,,static,-536870912,10

2020-02-06 19:00:18.893000+00:00,leaf7,sg12,18,obt-collector1,true,0,,connected,-536870912,10

2020-02-06 19:00:18.895000+00:00,leaf7,sg12,19,obt-collector1,true,0,,connected,-536870912,10

2020-02-06 19:00:18.895000+00:00,leaf7,sg12,19,obt-collector1,true,1,,local,-536870912,10

2020-02-06 19:00:18.895000+00:00,leaf7,sg12,19,obt-collector1,true,2,,static,-536870912,10

2020-02-06 19:00:18.895000+00:00,leaf7,sg12,19,obt-collector1,true,4,,te-client,-536870912,10

2020-02-06 19:00:18.895000+00:00,leaf7,sg12,19,obt-collector1,true,5,,dagr,-536870912,10

2020-02-06 19:00:22.306000+00:00,leaf7,sg12,15,obt-collector1,true,2,,static,-536870912,10

2020-02-06 19:00:22.310000+00:00,leaf7,sg12,18,obt-collector1,true,0,,connected,-536870912,10

2020-02-06 19:00:22.313000+00:00,leaf7,sg12,19,obt-collector1,true,0,,connected,-536870912,10

2020-02-06 19:00:22.313000+00:00,leaf7,sg12,19,obt-collector1,true,1,,local,-536870912,10

2020-02-06 19:00:22.313000+00:00,leaf7,sg12,19,obt-collector1,true,2,,static,-536870912,10

2020-02-06 19:00:22.313000+00:00,leaf7,sg12,19,obt-collector1,true,4,,te-client,-536870912,10

2020-02-06 19:00:22.313000+00:00,leaf7,sg12,19,obt-collector1,true,5,,dagr,-536870912,10

2020-02-06 19:00:25.712000+00:00,leaf7,sg12,15,obt-collector1,true,2,,static,-536870912,10

2020-02-06 19:00:25.717000+00:00,leaf7,sg12,18,obt-collector1,true,0,,connected,-536870912,10

2020-02-06 19:00:25.719000+00:00,leaf7,sg12,19,obt-collector1,true,0,,connected,-536870912,10

2020-02-06 19:00:25.719000+00:00,leaf7,sg12,19,obt-collector1,true,1,,local,-536870912,10

2020-02-06 19:00:25.719000+00:00,leaf7,sg12,19,obt-collector1,true,2,,static,-536870912,10

2020-02-06 19:00:25.719000+00:00,leaf7,sg12,19,obt-collector1,true,4,,te-client,-536870912,10

2020-02-06 19:00:25.719000+00:00,leaf7,sg12,19,obt-collector1,true,5,,dagr,-536870912,10

2020-02-06 19:00:36.059000+00:00,leaf7,sg12,15,obt-collector1,true,2,,static,-536870912,10

2020-02-06 19:00:36.063000+00:00,leaf7,sg12,18,obt-collector1,true,0,,connected,-536870912,10

2020-02-06 19:00:36.065000+00:00,leaf7,sg12,19,obt-collector1,true,1,,local,-536870912,10

2020-02-06 19:00:36.066000+00:00,leaf7,sg12,19,obt-collector1,true,0,,connected,-536870912,10

2020-02-06 19:00:36.066000+00:00,leaf7,sg12,19,obt-collector1,true,2,,static,-536870912,10

2020-02-06 19:00:36.066000+00:00,leaf7,sg12,19,obt-collector1,true,4,,te-client,-536870912,10

2020-02-06 19:00:36.066000+00:00,leaf7,sg12,19,obt-collector1,true,5,,dagr,-536870912,10

2020-02-06 19:00:46.465000+00:00,leaf7,sg12,15,obt-collector1,true,2,,static,-536870912,10

2020-02-06 19:00:46.470000+00:00,leaf7,sg12,18,obt-collector1,true,0,,connected,-536870912,10

2020-02-06 19:00:46.472000+00:00,leaf7,sg12,19,obt-collector1,true,0,,connected,-536870912,10

2020-02-06 19:00:46.472000+00:00,leaf7,sg12,19,obt-collector1,true,1,,local,-536870912,10

2020-02-06 19:00:46.472000+00:00,leaf7,sg12,19,obt-collector1,true,2,,static,-536870912,10

2020-02-06 19:00:46.472000+00:00,leaf7,sg12,19,obt-collector1,true,4,,te-client,-536870912,10

2020-02-06 19:00:46.472000+00:00,leaf7,sg12,19,obt-collector1,true,5,,dagr,-536870912,10

2020-02-06 19:00:53.473000+00:00,leaf7,sg12,15,obt-collector1,true,2,,static,-536870912,10

2020-02-06 19:00:53.478000+00:00,leaf7,sg12,18,obt-collector1,true,0,,connected,-536870912,10

2020-02-06 19:00:53.480000+00:00,leaf7,sg12,19,obt-collector1,true,0,,connected,-536870912,10

2020-02-06 19:00:53.480000+00:00,leaf7,sg12,19,obt-collector1,true,1,,local,-536870912,10

2020-02-06 19:00:53.480000+00:00,leaf7,sg12,19,obt-collector1,true,2,,static,-536870912,10

2020-02-06 19:00:53.480000+00:00,leaf7,sg12,19,obt-collector1,true,4,,te-client,-536870912,10

2020-02-06 19:00:53.480000+00:00,leaf7,sg12,19,obt-collector1,true,5,,dagr,-536870912,10

2020-02-06 19:01:03.808000+00:00,leaf7,sg12,15,obt-collector1,true,2,,static,-536870912,10

2020-02-06 19:01:03.813000+00:00,leaf7,sg12,18,obt-collector1,true,0,,connected,-536870912,10

2020-02-06 19:01:03.815000+00:00,leaf7,sg12,19,obt-collector1,true,0,,connected,-536870912,10

2020-02-06 19:01:03.815000+00:00,leaf7,sg12,19,obt-collector1,true,1,,local,-536870912,10

2020-02-06 19:01:03.815000+00:00,leaf7,sg12,19,obt-collector1,true,2,,static,-536870912,10

2020-02-06 19:01:03.815000+00:00,leaf7,sg12,19,obt-collector1,true,4,,te-client,-536870912,10

2020-02-06 19:01:03.815000+00:00,leaf7,sg12,19,obt-collector1,true,5,,dagr,-536870912,10

2020-02-06 19:01:10.729000+00:00,leaf7,sg12,15,obt-collector1,true,2,,static,-536870912,10

2020-02-06 19:01:10.733000+00:00,leaf7,sg12,18,obt-collector1,true,0,,connected,-536870912,10

2020-02-06 19:01:10.736000+00:00,leaf7,sg12,19,obt-collector1,true,0,,connected,-536870912,10

2020-02-06 19:01:10.736000+00:00,leaf7,sg12,19,obt-collector1,true,1,,local,-536870912,10

2020-02-06 19:01:10.736000+00:00,leaf7,sg12,19,obt-collector1,true,2,,static,-536870912,10

2020-02-06 19:01:10.736000+00:00,leaf7,sg12,19,obt-collector1,true,4,,te-client,-536870912,10

2020-02-06 19:01:10.736000+00:00,leaf7,sg12,19,obt-collector1,true,5,,dagr,-536870912,10

2020-02-06 19:01:14.148000+00:00,leaf7,sg12,15,obt-collector1,true,2,,static,-536870912,10

2020-02-06 19:01:14.152000+00:00,leaf7,sg12,18,obt-collector1,true,0,,connected,-536870912,10

2020-02-06 19:01:14.155000+00:00,leaf7,sg12,19,obt-collector1,true,0,,connected,-536870912,10

2020-02-06 19:01:14.155000+00:00,leaf7,sg12,19,obt-collector1,true,1,,local,-536870912,10

2020-02-06 19:01:14.155000+00:00,leaf7,sg12,19,obt-collector1,true,2,,static,-536870912,10

2020-02-06 19:01:14.155000+00:00,leaf7,sg12,19,obt-collector1,true,4,,te-client,-536870912,10

2020-02-06 19:01:14.155000+00:00,leaf7,sg12,19,obt-collector1,true,5,,dagr,-536870912,10

2020-02-06 19:01:17.677000+00:00,leaf7,sg12,15,obt-collector1,true,2,,static,-536870912,10

2020-02-06 19:01:17.682000+00:00,leaf7,sg12,18,obt-collector1,true,0,,connected,-536870912,10

2020-02-06 19:01:17.684000+00:00,leaf7,sg12,19,obt-collector1,true,1,,local,-536870912,10

2020-02-06 19:01:17.684000+00:00,leaf7,sg12,19,obt-collector1,true,5,,dagr,-536870912,10

2020-02-06 19:01:17.685000+00:00,leaf7,sg12,19,obt-collector1,true,0,,connected,-536870912,10

2020-02-06 19:01:17.685000+00:00,leaf7,sg12,19,obt-collector1,true,2,,static,-536870912,10

2020-02-06 19:01:17.685000+00:00,leaf7,sg12,19,obt-collector1,true,4,,te-client,-536870912,10

2020-02-06 19:01:24.577000+00:00,leaf7,sg12,15,obt-collector1,true,2,,static,-536870912,10

2020-02-06 19:01:24.582000+00:00,leaf7,sg12,18,obt-collector1,true,0,,connected,-536870912,10

2020-02-06 19:01:24.584000+00:00,leaf7,sg12,19,obt-collector1,true,0,,connected,-536870912,10

2020-02-06 19:01:24.584000+00:00,leaf7,sg12,19,obt-collector1,true,1,,local,-536870912,10

2020-02-06 19:01:24.584000+00:00,leaf7,sg12,19,obt-collector1,true,2,,static,-536870912,10

2020-02-06 19:01:24.584000+00:00,leaf7,sg12,19,obt-collector1,true,4,,te-client,-536870912,10

2020-02-06 19:01:24.584000+00:00,leaf7,sg12,19,obt-collector1,true,5,,dagr,-536870912,10

2020-02-06 19:01:35.122000+00:00,leaf7,sg12,15,obt-collector1,true,2,,static,-536870912,10

2020-02-06 19:01:35.127000+00:00,leaf7,sg12,18,obt-collector1,true,0,,connected,-536870912,10

2020-02-06 19:01:35.129000+00:00,leaf7,sg12,19,obt-collector1,true,0,,connected,-536870912,10

2020-02-06 19:01:35.129000+00:00,leaf7,sg12,19,obt-collector1,true,1,,local,-536870912,10

2020-02-06 19:01:35.129000+00:00,leaf7,sg12,19,obt-collector1,true,2,,static,-536870912,10

2020-02-06 19:01:35.129000+00:00,leaf7,sg12,19,obt-collector1,true,4,,te-client,-536870912,10

2020-02-06 19:01:35.129000+00:00,leaf7,sg12,19,obt-collector1,true,5,,dagr,-536870912,10

2020-02-06 19:01:45.472000+00:00,leaf7,sg12,15,obt-collector1,true,2,,static,-536870912,10

2020-02-06 19:01:45.476000+00:00,leaf7,sg12,18,obt-collector1,true,0,,connected,-536870912,10

2020-02-06 19:01:45.478000+00:00,leaf7,sg12,19,obt-collector1,true,1,,local,-536870912,10

2020-02-06 19:01:45.479000+00:00,leaf7,sg12,19,obt-collector1,true,0,,connected,-536870912,10

2020-02-06 19:01:45.479000+00:00,leaf7,sg12,19,obt-collector1,true,2,,static,-536870912,10

2020-02-06 19:01:45.479000+00:00,leaf7,sg12,19,obt-collector1,true,4,,te-client,-536870912,10

2020-02-06 19:01:45.479000+00:00,leaf7,sg12,19,obt-collector1,true,5,,dagr,-536870912,10

2020-02-06 19:01:49.032000+00:00,leaf7,sg12,15,obt-collector1,true,2,,static,-536870912,10

2020-02-06 19:01:49.037000+00:00,leaf7,sg12,18,obt-collector1,true,0,,connected,-536870912,10

2020-02-06 19:01:49.039000+00:00,leaf7,sg12,19,obt-collector1,true,0,,connected,-536870912,10

2020-02-06 19:01:49.039000+00:00,leaf7,sg12,19,obt-collector1,true,1,,local,-536870912,10

2020-02-06 19:01:49.039000+00:00,leaf7,sg12,19,obt-collector1,true,2,,static,-536870912,10

2020-02-06 19:01:49.039000+00:00,leaf7,sg12,19,obt-collector1,true,4,,te-client,-536870912,10

2020-02-06 19:01:49.039000+00:00,leaf7,sg12,19,obt-collector1,true,5,,dagr,-536870912,10

2020-02-06 19:02:09.839000+00:00,leaf7,sg12,15,obt-collector1,true,2,,static,-536870912,10

2020-02-06 19:02:09.844000+00:00,leaf7,sg12,18,obt-collector1,true,0,,connected,-536870912,10

2020-02-06 19:02:09.846000+00:00,leaf7,sg12,19,obt-collector1,true,0,,connected,-536870912,10

2020-02-06 19:02:09.846000+00:00,leaf7,sg12,19,obt-collector1,true,1,,local,-536870912,10

2020-02-06 19:02:09.846000+00:00,leaf7,sg12,19,obt-collector1,true,2,,static,-536870912,10

2020-02-06 19:02:09.846000+00:00,leaf7,sg12,19,obt-collector1,true,4,,te-client,-536870912,10

2020-02-06 19:02:09.846000+00:00,leaf7,sg12,19,obt-collector1,true,5,,dagr,-536870912,10

2020-02-06 19:02:16.699000+00:00,leaf7,sg12,15,obt-collector1,true,2,,static,-536870912,10

2020-02-06 19:02:16.704000+00:00,leaf7,sg12,18,obt-collector1,true,0,,connected,-536870912,10

2020-02-06 19:02:16.706000+00:00,leaf7,sg12,19,obt-collector1,true,0,,connected,-536870912,10

2020-02-06 19:02:16.706000+00:00,leaf7,sg12,19,obt-collector1,true,1,,local,-536870912,10

2020-02-06 19:02:16.706000+00:00,leaf7,sg12,19,obt-collector1,true,2,,static,-536870912,10

2020-02-06 19:02:16.706000+00:00,leaf7,sg12,19,obt-collector1,true,4,,te-client,-536870912,10

2020-02-06 19:02:16.706000+00:00,leaf7,sg12,19,obt-collector1,true,5,,dagr,-536870912,10

2020-02-06 19:02:23.655000+00:00,leaf7,sg12,15,obt-collector1,true,2,,static,-536870912,10

2020-02-06 19:02:23.660000+00:00,leaf7,sg12,18,obt-collector1,true,0,,connected,-536870912,10

2020-02-06 19:02:23.662000+00:00,leaf7,sg12,19,obt-collector1,true,0,,connected,-536870912,10

2020-02-06 19:02:23.662000+00:00,leaf7,sg12,19,obt-collector1,true,1,,local,-536870912,10

2020-02-06 19:02:23.662000+00:00,leaf7,sg12,19,obt-collector1,true,2,,static,-536870912,10

2020-02-06 19:02:23.662000+00:00,leaf7,sg12,19,obt-collector1,true,4,,te-client,-536870912,10

2020-02-06 19:02:23.662000+00:00,leaf7,sg12,19,obt-collector1,true,5,,dagr,-536870912,10

2020-02-06 19:02:27.072000+00:00,leaf7,sg12,15,obt-collector1,true,2,,static,-536870912,10

2020-02-06 19:02:27.077000+00:00,leaf7,sg12,18,obt-collector1,true,0,,connected,-536870912,10

2020-02-06 19:02:27.087000+00:00,leaf7,sg12,19,obt-collector1,true,0,,connected,-536870912,10

2020-02-06 19:02:27.087000+00:00,leaf7,sg12,19,obt-collector1,true,1,,local,-536870912,10

2020-02-06 19:02:27.087000+00:00,leaf7,sg12,19,obt-collector1,true,2,,static,-536870912,10

2020-02-06 19:02:27.087000+00:00,leaf7,sg12,19,obt-collector1,true,4,,te-client,-536870912,10

2020-02-06 19:02:27.087000+00:00,leaf7,sg12,19,obt-collector1,true,5,,dagr,-536870912,10

2020-02-06 19:02:30.503000+00:00,leaf7,sg12,15,obt-collector1,true,2,,static,-536870912,10

2020-02-06 19:02:30.507000+00:00,leaf7,sg12,18,obt-collector1,true,0,,connected,-536870912,10

2020-02-06 19:02:30.510000+00:00,leaf7,sg12,19,obt-collector1,true,0,,connected,-536870912,10

2020-02-06 19:02:30.510000+00:00,leaf7,sg12,19,obt-collector1,true,1,,local,-536870912,10

2020-02-06 19:02:30.510000+00:00,leaf7,sg12,19,obt-collector1,true,2,,static,-536870912,10

2020-02-06 19:02:30.510000+00:00,leaf7,sg12,19,obt-collector1,true,4,,te-client,-536870912,10

2020-02-06 19:02:30.510000+00:00,leaf7,sg12,19,obt-collector1,true,5,,dagr,-536870912,10

2020-02-06 19:02:38.278000+00:00,leaf7,sg12,15,obt-collector1,true,2,,static,-536870912,10

2020-02-06 19:02:38.282000+00:00,leaf7,sg12,18,obt-collector1,true,0,,connected,-536870912,10

2020-02-06 19:02:38.285000+00:00,leaf7,sg12,19,obt-collector1,true,0,,connected,-536870912,10

2020-02-06 19:02:38.285000+00:00,leaf7,sg12,19,obt-collector1,true,1,,local,-536870912,10

2020-02-06 19:02:38.285000+00:00,leaf7,sg12,19,obt-collector1,true,2,,static,-536870912,10

2020-02-06 19:02:38.285000+00:00,leaf7,sg12,19,obt-collector1,true,4,,te-client,-536870912,10

2020-02-06 19:02:38.285000+00:00,leaf7,sg12,19,obt-collector1,true,5,,dagr,-536870912,10

2020-02-06 19:02:55.648000+00:00,leaf7,sg12,15,obt-collector1,true,2,,static,-536870912,10

2020-02-06 19:02:55.653000+00:00,leaf7,sg12,18,obt-collector1,true,0,,connected,-536870912,10

2020-02-06 19:02:55.655000+00:00,leaf7,sg12,19,obt-collector1,true,0,,connected,-536870912,10

2020-02-06 19:02:55.655000+00:00,leaf7,sg12,19,obt-collector1,true,1,,local,-536870912,10

2020-02-06 19:02:55.655000+00:00,leaf7,sg12,19,obt-collector1,true,2,,static,-536870912,10

2020-02-06 19:02:55.655000+00:00,leaf7,sg12,19,obt-collector1,true,4,,te-client,-536870912,10

2020-02-06 19:02:55.655000+00:00,leaf7,sg12,19,obt-collector1,true,5,,dagr,-536870912,10

2020-02-06 19:02:59.065000+00:00,leaf7,sg12,15,obt-collector1,true,2,,static,-536870912,10

2020-02-06 19:02:59.069000+00:00,leaf7,sg12,18,obt-collector1,true,0,,connected,-536870912,10

2020-02-06 19:02:59.071000+00:00,leaf7,sg12,19,obt-collector1,true,0,,connected,-536870912,10

2020-02-06 19:02:59.071000+00:00,leaf7,sg12,19,obt-collector1,true,1,,local,-536870912,10

2020-02-06 19:02:59.071000+00:00,leaf7,sg12,19,obt-collector1,true,2,,static,-536870912,10

2020-02-06 19:02:59.071000+00:00,leaf7,sg12,19,obt-collector1,true,4,,te-client,-536870912,10

2020-02-06 19:02:59.071000+00:00,leaf7,sg12,19,obt-collector1,true,5,,dagr,-536870912,10

2020-02-06 19:03:06.012000+00:00,leaf7,sg12,15,obt-collector1,true,2,,static,-536870912,10

2020-02-06 19:03:06.016000+00:00,leaf7,sg12,18,obt-collector1,true,0,,connected,-536870912,10

2020-02-06 19:03:06.019000+00:00,leaf7,sg12,19,obt-collector1,true,0,,connected,-536870912,10

2020-02-06 19:03:06.019000+00:00,leaf7,sg12,19,obt-collector1,true,1,,local,-536870912,10

2020-02-06 19:03:06.019000+00:00,leaf7,sg12,19,obt-collector1,true,2,,static,-536870912,10

2020-02-06 19:03:06.019000+00:00,leaf7,sg12,19,obt-collector1,true,4,,te-client,-536870912,10

2020-02-06 19:03:06.019000+00:00,leaf7,sg12,19,obt-collector1,true,5,,dagr,-536870912,10

2020-02-06 19:03:09.431000+00:00,leaf7,sg12,15,obt-collector1,true,2,,static,-536870912,10

2020-02-06 19:03:09.435000+00:00,leaf7,sg12,18,obt-collector1,true,0,,connected,-536870912,10

2020-02-06 19:03:09.437000+00:00,leaf7,sg12,19,obt-collector1,true,0,,connected,-536870912,10

2020-02-06 19:03:09.437000+00:00,leaf7,sg12,19,obt-collector1,true,1,,local,-536870912,10

2020-02-06 19:03:09.437000+00:00,leaf7,sg12,19,obt-collector1,true,2,,static,-536870912,10

2020-02-06 19:03:09.437000+00:00,leaf7,sg12,19,obt-collector1,true,4,,te-client,-536870912,10

2020-02-06 19:03:09.437000+00:00,leaf7,sg12,19,obt-collector1,true,5,,dagr,-536870912,10

2020-02-06 19:03:19.709000+00:00,leaf7,sg12,15,obt-collector1,true,2,,static,-536870912,10

2020-02-06 19:03:19.714000+00:00,leaf7,sg12,18,obt-collector1,true,0,,connected,-536870912,10

2020-02-06 19:03:19.716000+00:00,leaf7,sg12,19,obt-collector1,true,0,,connected,-536870912,10

2020-02-06 19:03:19.716000+00:00,leaf7,sg12,19,obt-collector1,true,1,,local,-536870912,10

2020-02-06 19:03:19.716000+00:00,leaf7,sg12,19,obt-collector1,true,2,,static,-536870912,10

2020-02-06 19:03:19.716000+00:00,leaf7,sg12,19,obt-collector1,true,4,,te-client,-536870912,10

2020-02-06 19:03:19.716000+00:00,leaf7,sg12,19,obt-collector1,true,5,,dagr,-536870912,10

2020-02-06 19:03:23.201000+00:00,leaf7,sg12,15,obt-collector1,true,2,,static,-536870912,10

2020-02-06 19:03:23.206000+00:00,leaf7,sg12,18,obt-collector1,true,0,,connected,-536870912,10

2020-02-06 19:03:23.208000+00:00,leaf7,sg12,19,obt-collector1,true,0,,connected,-536870912,10

2020-02-06 19:03:23.208000+00:00,leaf7,sg12,19,obt-collector1,true,1,,local,-536870912,10

2020-02-06 19:03:23.208000+00:00,leaf7,sg12,19,obt-collector1,true,2,,static,-536870912,10

2020-02-06 19:03:23.208000+00:00,leaf7,sg12,19,obt-collector1,true,4,,te-client,-536870912,10

2020-02-06 19:03:23.208000+00:00,leaf7,sg12,19,obt-collector1,true,5,,dagr,-536870912,10

2020-02-06 19:03:26.623000+00:00,leaf7,sg12,15,obt-collector1,true,2,,static,-536870912,10

2020-02-06 19:03:26.628000+00:00,leaf7,sg12,18,obt-collector1,true,0,,connected,-536870912,10

2020-02-06 19:03:26.630000+00:00,leaf7,sg12,19,obt-collector1,true,0,,connected,-536870912,10

2020-02-06 19:03:26.630000+00:00,leaf7,sg12,19,obt-collector1,true,1,,local,-536870912,10

2020-02-06 19:03:26.630000+00:00,leaf7,sg12,19,obt-collector1,true,2,,static,-536870912,10

2020-02-06 19:03:26.630000+00:00,leaf7,sg12,19,obt-collector1,true,4,,te-client,-536870912,10

2020-02-06 19:03:26.630000+00:00,leaf7,sg12,19,obt-collector1,true,5,,dagr,-536870912,10

2020-02-06 19:03:33.673000+00:00,leaf7,sg12,15,obt-collector1,true,2,,static,-536870912,10

2020-02-06 19:03:33.678000+00:00,leaf7,sg12,18,obt-collector1,true,0,,connected,-536870912,10

2020-02-06 19:03:33.680000+00:00,leaf7,sg12,19,obt-collector1,true,0,,connected,-536870912,10

2020-02-06 19:03:33.680000+00:00,leaf7,sg12,19,obt-collector1,true,1,,local,-536870912,10

2020-02-06 19:03:33.680000+00:00,leaf7,sg12,19,obt-collector1,true,2,,static,-536870912,10

2020-02-06 19:03:33.680000+00:00,leaf7,sg12,19,obt-collector1,true,4,,te-client,-536870912,10

2020-02-06 19:03:33.680000+00:00,leaf7,sg12,19,obt-collector1,true,5,,dagr,-536870912,10

2020-02-06 19:03:37.095000+00:00,leaf7,sg12,15,obt-collector1,true,2,,static,-536870912,10

2020-02-06 19:03:37.100000+00:00,leaf7,sg12,18,obt-collector1,true,0,,connected,-536870912,10

2020-02-06 19:03:37.102000+00:00,leaf7,sg12,19,obt-collector1,true,0,,connected,-536870912,10

2020-02-06 19:03:37.102000+00:00,leaf7,sg12,19,obt-collector1,true,1,,local,-536870912,10

2020-02-06 19:03:37.102000+00:00,leaf7,sg12,19,obt-collector1,true,2,,static,-536870912,10

2020-02-06 19:03:37.102000+00:00,leaf7,sg12,19,obt-collector1,true,4,,te-client,-536870912,10

2020-02-06 19:03:37.102000+00:00,leaf7,sg12,19,obt-collector1,true,5,,dagr,-536870912,10

2020-02-06 19:03:54.420000+00:00,leaf7,sg12,15,obt-collector1,true,2,,static,-536870912,10

2020-02-06 19:03:54.425000+00:00,leaf7,sg12,18,obt-collector1,true,0,,connected,-536870912,10

2020-02-06 19:03:54.427000+00:00,leaf7,sg12,19,obt-collector1,true,0,,connected,-536870912,10

2020-02-06 19:03:54.427000+00:00,leaf7,sg12,19,obt-collector1,true,1,,local,-536870912,10

2020-02-06 19:03:54.427000+00:00,leaf7,sg12,19,obt-collector1,true,2,,static,-536870912,10

2020-02-06 19:03:54.427000+00:00,leaf7,sg12,19,obt-collector1,true,4,,te-client,-536870912,10

2020-02-06 19:03:54.427000+00:00,leaf7,sg12,19,obt-collector1,true,5,,dagr,-536870912,10

2020-02-06 19:04:15.484000+00:00,leaf7,sg12,15,obt-collector1,true,2,,static,-536870912,10

2020-02-06 19:04:15.488000+00:00,leaf7,sg12,18,obt-collector1,true,0,,connected,-536870912,10

2020-02-06 19:04:15.491000+00:00,leaf7,sg12,19,obt-collector1,true,0,,connected,-536870912,10

2020-02-06 19:04:15.491000+00:00,leaf7,sg12,19,obt-collector1,true,1,,local,-536870912,10

2020-02-06 19:04:15.491000+00:00,leaf7,sg12,19,obt-collector1,true,2,,static,-536870912,10

2020-02-06 19:04:15.491000+00:00,leaf7,sg12,19,obt-collector1,true,4,,te-client,-536870912,10

2020-02-06 19:04:15.491000+00:00,leaf7,sg12,19,obt-collector1,true,5,,dagr,-536870912,10

2020-02-06 19:04:22.518000+00:00,leaf7,sg12,15,obt-collector1,true,2,,static,-536870912,10

2020-02-06 19:04:22.522000+00:00,leaf7,sg12,18,obt-collector1,true,0,,connected,-536870912,10

2020-02-06 19:04:22.525000+00:00,leaf7,sg12,19,obt-collector1,true,0,,connected,-536870912,10

2020-02-06 19:04:22.525000+00:00,leaf7,sg12,19,obt-collector1,true,1,,local,-536870912,10

2020-02-06 19:04:22.525000+00:00,leaf7,sg12,19,obt-collector1,true,2,,static,-536870912,10

2020-02-06 19:04:22.525000+00:00,leaf7,sg12,19,obt-collector1,true,4,,te-client,-536870912,10

2020-02-06 19:04:22.525000+00:00,leaf7,sg12,19,obt-collector1,true,5,,dagr,-536870912,10

2020-02-06 19:04:32.776000+00:00,leaf7,sg12,15,obt-collector1,true,2,,static,-536870912,10

2020-02-06 19:04:32.781000+00:00,leaf7,sg12,18,obt-collector1,true,0,,connected,-536870912,10

2020-02-06 19:04:32.783000+00:00,leaf7,sg12,19,obt-collector1,true,0,,connected,-536870912,10

2020-02-06 19:04:32.783000+00:00,leaf7,sg12,19,obt-collector1,true,1,,local,-536870912,10

2020-02-06 19:04:32.783000+00:00,leaf7,sg12,19,obt-collector1,true,2,,static,-536870912,10

2020-02-06 19:04:32.783000+00:00,leaf7,sg12,19,obt-collector1,true,4,,te-client,-536870912,10

2020-02-06 19:04:32.783000+00:00,leaf7,sg12,19,obt-collector1,true,5,,dagr,-536870912,10

2020-02-06 19:04:49.868000+00:00,leaf7,sg12,15,obt-collector1,true,2,,static,-536870912,10

2020-02-06 19:04:49.872000+00:00,leaf7,sg12,18,obt-collector1,true,0,,connected,-536870912,10

2020-02-06 19:04:49.875000+00:00,leaf7,sg12,19,obt-collector1,true,0,,connected,-536870912,10

2020-02-06 19:04:49.875000+00:00,leaf7,sg12,19,obt-collector1,true,1,,local,-536870912,10

2020-02-06 19:04:49.875000+00:00,leaf7,sg12,19,obt-collector1,true,2,,static,-536870912,10

2020-02-06 19:04:49.875000+00:00,leaf7,sg12,19,obt-collector1,true,4,,te-client,-536870912,10

2020-02-06 19:04:49.875000+00:00,leaf7,sg12,19,obt-collector1,true,5,,dagr,-536870912,10

2020-02-06 19:04:53.414000+00:00,leaf7,sg12,15,obt-collector1,true,2,,static,-536870912,10

2020-02-06 19:04:53.419000+00:00,leaf7,sg12,18,obt-collector1,true,0,,connected,-536870912,10

2020-02-06 19:04:53.421000+00:00,leaf7,sg12,19,obt-collector1,true,0,,connected,-536870912,10

2020-02-06 19:04:53.421000+00:00,leaf7,sg12,19,obt-collector1,true,1,,local,-536870912,10

2020-02-06 19:04:53.421000+00:00,leaf7,sg12,19,obt-collector1,true,2,,static,-536870912,10

2020-02-06 19:04:53.421000+00:00,leaf7,sg12,19,obt-collector1,true,4,,te-client,-536870912,10

2020-02-06 19:04:53.421000+00:00,leaf7,sg12,19,obt-collector1,true,5,,dagr,-536870912,10

2020-02-06 19:04:56.822000+00:00,leaf7,sg12,15,obt-collector1,true,2,,static,-536870912,10

2020-02-06 19:04:56.826000+00:00,leaf7,sg12,18,obt-collector1,true,0,,connected,-536870912,10

2020-02-06 19:04:56.828000+00:00,leaf7,sg12,19,obt-collector1,true,1,,local,-536870912,10

2020-02-06 19:04:56.828000+00:00,leaf7,sg12,19,obt-collector1,true,5,,dagr,-536870912,10

2020-02-06 19:04:56.829000+00:00,leaf7,sg12,19,obt-collector1,true,0,,connected,-536870912,10

2020-02-06 19:04:56.829000+00:00,leaf7,sg12,19,obt-collector1,true,2,,static,-536870912,10

2020-02-06 19:04:56.829000+00:00,leaf7,sg12,19,obt-collector1,true,4,,te-client,-536870912,10

2020-02-06 19:05:14.421000+00:00,leaf7,sg12,19,obt-collector1,true,0,,connected,-536870912,10

2020-02-06 19:05:14.421000+00:00,leaf7,sg12,19,obt-collector1,true,2,,static,-536870912,10

2020-02-06 19:05:14.421000+00:00,leaf7,sg12,19,obt-collector1,true,4,,te-client,-536870912,10

2020-02-06 19:05:21.419000+00:00,leaf7,sg12,15,obt-collector1,true,2,,static,-536870912,10

2020-02-06 19:05:21.424000+00:00,leaf7,sg12,18,obt-collector1,true,0,,connected,-536870912,10

2020-02-06 19:05:21.426000+00:00,leaf7,sg12,19,obt-collector1,true,0,,connected,-536870912,10

2020-02-06 19:05:21.426000+00:00,leaf7,sg12,19,obt-collector1,true,1,,local,-536870912,10

2020-02-06 19:05:21.426000+00:00,leaf7,sg12,19,obt-collector1,true,2,,static,-536870912,10

2020-02-06 19:05:21.426000+00:00,leaf7,sg12,19,obt-collector1,true,4,,te-client,-536870912,10

2020-02-06 19:05:21.426000+00:00,leaf7,sg12,19,obt-collector1,true,5,,dagr,-536870912,10

2020-02-06 19:05:31.640000+00:00,leaf7,sg12,15,obt-collector1,true,2,,static,-536870912,10

2020-02-06 19:05:31.645000+00:00,leaf7,sg12,18,obt-collector1,true,0,,connected,-536870912,10

2020-02-06 19:05:31.647000+00:00,leaf7,sg12,19,obt-collector1,true,0,,connected,-536870912,10

2020-02-06 19:05:31.647000+00:00,leaf7,sg12,19,obt-collector1,true,1,,local,-536870912,10

2020-02-06 19:05:31.647000+00:00,leaf7,sg12,19,obt-collector1,true,2,,static,-536870912,10

2020-02-06 19:05:31.647000+00:00,leaf7,sg12,19,obt-collector1,true,4,,te-client,-536870912,10

2020-02-06 19:05:31.647000+00:00,leaf7,sg12,19,obt-collector1,true,5,,dagr,-536870912,10

2020-02-06 19:05:42.232000+00:00,leaf7,sg12,15,obt-collector1,true,2,,static,-536870912,10

2020-02-06 19:05:42.237000+00:00,leaf7,sg12,18,obt-collector1,true,0,,connected,-536870912,10

2020-02-06 19:05:42.239000+00:00,leaf7,sg12,19,obt-collector1,true,0,,connected,-536870912,10

2020-02-06 19:05:42.239000+00:00,leaf7,sg12,19,obt-collector1,true,1,,local,-536870912,10

2020-02-06 19:05:42.239000+00:00,leaf7,sg12,19,obt-collector1,true,2,,static,-536870912,10

2020-02-06 19:05:42.239000+00:00,leaf7,sg12,19,obt-collector1,true,4,,te-client,-536870912,10

2020-02-06 19:05:42.239000+00:00,leaf7,sg12,19,obt-collector1,true,5,,dagr,-536870912,10

2020-02-06 19:05:49.058000+00:00,leaf7,sg12,15,obt-collector1,true,2,,static,-536870912,10

2020-02-06 19:05:49.062000+00:00,leaf7,sg12,18,obt-collector1,true,0,,connected,-536870912,10

2020-02-06 19:05:49.065000+00:00,leaf7,sg12,19,obt-collector1,true,0,,connected,-536870912,10

2020-02-06 19:05:49.065000+00:00,leaf7,sg12,19,obt-collector1,true,1,,local,-536870912,10

2020-02-06 19:05:49.065000+00:00,leaf7,sg12,19,obt-collector1,true,2,,static,-536870912,10

2020-02-06 19:05:49.065000+00:00,leaf7,sg12,19,obt-collector1,true,4,,te-client,-536870912,10

2020-02-06 19:05:49.065000+00:00,leaf7,sg12,19,obt-collector1,true,5,,dagr,-536870912,10

2020-02-06 19:05:59.430000+00:00,leaf7,sg12,15,obt-collector1,true,2,,static,-536870912,10

2020-02-06 19:05:59.435000+00:00,leaf7,sg12,18,obt-collector1,true,0,,connected,-536870912,10

2020-02-06 19:05:59.437000+00:00,leaf7,sg12,19,obt-collector1,true,0,,connected,-536870912,10

2020-02-06 19:05:59.437000+00:00,leaf7,sg12,19,obt-collector1,true,1,,local,-536870912,10

2020-02-06 19:05:59.437000+00:00,leaf7,sg12,19,obt-collector1,true,2,,static,-536870912,10

2020-02-06 19:05:59.437000+00:00,leaf7,sg12,19,obt-collector1,true,4,,te-client,-536870912,10

2020-02-06 19:05:59.437000+00:00,leaf7,sg12,19,obt-collector1,true,5,,dagr,-536870912,10

2020-02-06 19:06:06.581000+00:00,leaf7,sg12,15,obt-collector1,true,2,,static,-536870912,10

2020-02-06 19:06:06.586000+00:00,leaf7,sg12,18,obt-collector1,true,0,,connected,-536870912,10

2020-02-06 19:06:06.588000+00:00,leaf7,sg12,19,obt-collector1,true,0,,connected,-536870912,10

2020-02-06 19:06:06.588000+00:00,leaf7,sg12,19,obt-collector1,true,1,,local,-536870912,10

2020-02-06 19:06:06.588000+00:00,leaf7,sg12,19,obt-collector1,true,2,,static,-536870912,10

2020-02-06 19:06:06.588000+00:00,leaf7,sg12,19,obt-collector1,true,4,,te-client,-536870912,10

2020-02-06 19:06:06.588000+00:00,leaf7,sg12,19,obt-collector1,true,5,,dagr,-536870912,10

2020-02-06 19:06:13.416000+00:00,leaf7,sg12,15,obt-collector1,true,2,,static,-536870912,10

2020-02-06 19:06:13.420000+00:00,leaf7,sg12,18,obt-collector1,true,0,,connected,-536870912,10

2020-02-06 19:06:13.423000+00:00,leaf7,sg12,19,obt-collector1,true,0,,connected,-536870912,10

2020-02-06 19:06:13.423000+00:00,leaf7,sg12,19,obt-collector1,true,1,,local,-536870912,10

2020-02-06 19:06:13.423000+00:00,leaf7,sg12,19,obt-collector1,true,2,,static,-536870912,10

2020-02-06 19:06:13.423000+00:00,leaf7,sg12,19,obt-collector1,true,4,,te-client,-536870912,10

2020-02-06 19:06:13.423000+00:00,leaf7,sg12,19,obt-collector1,true,5,,dagr,-536870912,10

2020-02-06 19:06:16.902000+00:00,leaf7,sg12,15,obt-collector1,true,2,,static,-536870912,10

2020-02-06 19:06:16.906000+00:00,leaf7,sg12,18,obt-collector1,true,0,,connected,-536870912,10

2020-02-06 19:06:16.909000+00:00,leaf7,sg12,19,obt-collector1,true,0,,connected,-536870912,10

2020-02-06 19:06:16.909000+00:00,leaf7,sg12,19,obt-collector1,true,1,,local,-536870912,10

2020-02-06 19:06:16.909000+00:00,leaf7,sg12,19,obt-collector1,true,2,,static,-536870912,10

2020-02-06 19:06:16.909000+00:00,leaf7,sg12,19,obt-collector1,true,4,,te-client,-536870912,10

2020-02-06 19:06:16.909000+00:00,leaf7,sg12,19,obt-collector1,true,5,,dagr,-536870912,10

2020-02-06 19:06:20.308000+00:00,leaf7,sg12,15,obt-collector1,true,2,,static,-536870912,10

2020-02-06 19:06:20.312000+00:00,leaf7,sg12,18,obt-collector1,true,0,,connected,-536870912,10

2020-02-06 19:06:20.314000+00:00,leaf7,sg12,19,obt-collector1,true,0,,connected,-536870912,10

2020-02-06 19:06:20.314000+00:00,leaf7,sg12,19,obt-collector1,true,1,,local,-536870912,10

2020-02-06 19:06:20.314000+00:00,leaf7,sg12,19,obt-collector1,true,2,,static,-536870912,10

2020-02-06 19:06:20.314000+00:00,leaf7,sg12,19,obt-collector1,true,4,,te-client,-536870912,10

2020-02-06 19:06:20.314000+00:00,leaf7,sg12,19,obt-collector1,true,5,,dagr,-536870912,10

2020-02-06 19:06:30.604000+00:00,leaf7,sg12,15,obt-collector1,true,2,,static,-536870912,10

2020-02-06 19:06:30.609000+00:00,leaf7,sg12,18,obt-collector1,true,0,,connected,-536870912,10

2020-02-06 19:06:30.611000+00:00,leaf7,sg12,19,obt-collector1,true,0,,connected,-536870912,10

2020-02-06 19:06:30.611000+00:00,leaf7,sg12,19,obt-collector1,true,1,,local,-536870912,10

2020-02-06 19:06:30.611000+00:00,leaf7,sg12,19,obt-collector1,true,2,,static,-536870912,10

2020-02-06 19:06:30.611000+00:00,leaf7,sg12,19,obt-collector1,true,4,,te-client,-536870912,10

2020-02-06 19:06:30.611000+00:00,leaf7,sg12,19,obt-collector1,true,5,,dagr,-536870912,10

2020-02-06 19:06:37.448000+00:00,leaf7,sg12,15,obt-collector1,true,2,,static,-536870912,10

2020-02-06 19:06:37.453000+00:00,leaf7,sg12,18,obt-collector1,true,0,,connected,-536870912,10

2020-02-06 19:06:37.455000+00:00,leaf7,sg12,19,obt-collector1,true,0,,connected,-536870912,10

2020-02-06 19:06:37.455000+00:00,leaf7,sg12,19,obt-collector1,true,1,,local,-536870912,10

2020-02-06 19:06:37.455000+00:00,leaf7,sg12,19,obt-collector1,true,2,,static,-536870912,10

2020-02-06 19:06:37.455000+00:00,leaf7,sg12,19,obt-collector1,true,4,,te-client,-536870912,10

2020-02-06 19:06:37.455000+00:00,leaf7,sg12,19,obt-collector1,true,5,,dagr,-536870912,10

2020-02-06 19:06:40.847000+00:00,leaf7,sg12,15,obt-collector1,true,2,,static,-536870912,10

2020-02-06 19:06:40.851000+00:00,leaf7,sg12,18,obt-collector1,true,0,,connected,-536870912,10

2020-02-06 19:06:40.854000+00:00,leaf7,sg12,19,obt-collector1,true,0,,connected,-536870912,10

2020-02-06 19:06:40.854000+00:00,leaf7,sg12,19,obt-collector1,true,1,,local,-536870912,10

2020-02-06 19:06:40.854000+00:00,leaf7,sg12,19,obt-collector1,true,2,,static,-536870912,10

2020-02-06 19:06:40.854000+00:00,leaf7,sg12,19,obt-collector1,true,4,,te-client,-536870912,10

2020-02-06 19:06:40.854000+00:00,leaf7,sg12,19,obt-collector1,true,5,,dagr,-536870912,10

2020-02-06 19:06:58.187000+00:00,leaf7,sg12,15,obt-collector1,true,2,,static,-536870912,10

2020-02-06 19:06:58.191000+00:00,leaf7,sg12,18,obt-collector1,true,0,,connected,-536870912,10

2020-02-06 19:06:58.194000+00:00,leaf7,sg12,19,obt-collector1,true,0,,connected,-536870912,10

2020-02-06 19:06:58.194000+00:00,leaf7,sg12,19,obt-collector1,true,1,,local,-536870912,10

2020-02-06 19:06:58.194000+00:00,leaf7,sg12,19,obt-collector1,true,2,,static,-536870912,10

2020-02-06 19:06:58.194000+00:00,leaf7,sg12,19,obt-collector1,true,4,,te-client,-536870912,10

2020-02-06 19:06:58.194000+00:00,leaf7,sg12,19,obt-collector1,true,5,,dagr,-536870912,10

2020-02-06 19:07:01.598000+00:00,leaf7,sg12,15,obt-collector1,true,2,,static,-536870912,10

2020-02-06 19:07:01.603000+00:00,leaf7,sg12,18,obt-collector1,true,0,,connected,-536870912,10

2020-02-06 19:07:01.605000+00:00,leaf7,sg12,19,obt-collector1,true,0,,connected,-536870912,10

2020-02-06 19:07:01.605000+00:00,leaf7,sg12,19,obt-collector1,true,1,,local,-536870912,10

2020-02-06 19:07:01.605000+00:00,leaf7,sg12,19,obt-collector1,true,2,,static,-536870912,10

2020-02-06 19:07:01.605000+00:00,leaf7,sg12,19,obt-collector1,true,4,,te-client,-536870912,10

2020-02-06 19:07:01.605000+00:00,leaf7,sg12,19,obt-collector1,true,5,,dagr,-536870912,10

2020-02-06 19:07:08.892000+00:00,leaf7,sg12,15,obt-collector1,true,2,,static,-536870912,10

2020-02-06 19:07:08.897000+00:00,leaf7,sg12,18,obt-collector1,true,0,,connected,-536870912,10

2020-02-06 19:07:08.899000+00:00,leaf7,sg12,19,obt-collector1,true,0,,connected,-536870912,10

2020-02-06 19:07:08.899000+00:00,leaf7,sg12,19,obt-collector1,true,1,,local,-536870912,10

2020-02-06 19:07:08.899000+00:00,leaf7,sg12,19,obt-collector1,true,2,,static,-536870912,10

2020-02-06 19:07:08.899000+00:00,leaf7,sg12,19,obt-collector1,true,4,,te-client,-536870912,10

2020-02-06 19:07:08.899000+00:00,leaf7,sg12,19,obt-collector1,true,5,,dagr,-536870912,10

2020-02-06 19:07:22.625000+00:00,leaf7,sg12,15,obt-collector1,true,2,,static,-536870912,10

2020-02-06 19:07:22.629000+00:00,leaf7,sg12,18,obt-collector1,true,0,,connected,-536870912,10

2020-02-06 19:07:22.632000+00:00,leaf7,sg12,19,obt-collector1,true,0,,connected,-536870912,10

2020-02-06 19:07:22.632000+00:00,leaf7,sg12,19,obt-collector1,true,1,,local,-536870912,10

2020-02-06 19:07:22.632000+00:00,leaf7,sg12,19,obt-collector1,true,2,,static,-536870912,10

2020-02-06 19:07:22.632000+00:00,leaf7,sg12,19,obt-collector1,true,4,,te-client,-536870912,10

2020-02-06 19:07:22.632000+00:00,leaf7,sg12,19,obt-collector1,true,5,,dagr,-536870912,10

2020-02-06 19:07:26.038000+00:00,leaf7,sg12,15,obt-collector1,true,2,,static,-536870912,10

2020-02-06 19:07:26.042000+00:00,leaf7,sg12,18,obt-collector1,true,0,,connected,-536870912,10

2020-02-06 19:07:26.045000+00:00,leaf7,sg12,19,obt-collector1,true,0,,connected,-536870912,10

2020-02-06 19:07:26.045000+00:00,leaf7,sg12,19,obt-collector1,true,1,,local,-536870912,10

2020-02-06 19:07:26.045000+00:00,leaf7,sg12,19,obt-collector1,true,2,,static,-536870912,10

2020-02-06 19:07:26.045000+00:00,leaf7,sg12,19,obt-collector1,true,4,,te-client,-536870912,10

2020-02-06 19:07:26.045000+00:00,leaf7,sg12,19,obt-collector1,true,5,,dagr,-536870912,10

2020-02-06 19:07:36.558000+00:00,leaf7,sg12,15,obt-collector1,true,2,,static,-536870912,10

2020-02-06 19:07:36.562000+00:00,leaf7,sg12,18,obt-collector1,true,0,,connected,-536870912,10

2020-02-06 19:07:36.564000+00:00,leaf7,sg12,19,obt-collector1,true,0,,connected,-536870912,10

2020-02-06 19:07:36.564000+00:00,leaf7,sg12,19,obt-collector1,true,1,,local,-536870912,10

2020-02-06 19:07:36.564000+00:00,leaf7,sg12,19,obt-collector1,true,2,,static,-536870912,10

2020-02-06 19:07:36.564000+00:00,leaf7,sg12,19,obt-collector1,true,4,,te-client,-536870912,10

2020-02-06 19:07:36.564000+00:00,leaf7,sg12,19,obt-collector1,true,5,,dagr,-536870912,10

2020-02-06 19:07:39.961000+00:00,leaf7,sg12,15,obt-collector1,true,2,,static,-536870912,10

2020-02-06 19:07:39.966000+00:00,leaf7,sg12,18,obt-collector1,true,0,,connected,-536870912,10

2020-02-06 19:07:39.969000+00:00,leaf7,sg12,19,obt-collector1,true,0,,connected,-536870912,10

2020-02-06 19:07:39.969000+00:00,leaf7,sg12,19,obt-collector1,true,1,,local,-536870912,10

2020-02-06 19:07:39.969000+00:00,leaf7,sg12,19,obt-collector1,true,2,,static,-536870912,10

2020-02-06 19:07:39.969000+00:00,leaf7,sg12,19,obt-collector1,true,4,,te-client,-536870912,10

2020-02-06 19:07:39.969000+00:00,leaf7,sg12,19,obt-collector1,true,5,,dagr,-536870912,10

2020-02-06 19:07:43.365000+00:00,leaf7,sg12,15,obt-collector1,true,2,,static,-536870912,10

2020-02-06 19:07:43.369000+00:00,leaf7,sg12,18,obt-collector1,true,0,,connected,-536870912,10

2020-02-06 19:07:43.372000+00:00,leaf7,sg12,19,obt-collector1,true,0,,connected,-536870912,10

2020-02-06 19:07:43.372000+00:00,leaf7,sg12,19,obt-collector1,true,1,,local,-536870912,10

2020-02-06 19:07:43.372000+00:00,leaf7,sg12,19,obt-collector1,true,2,,static,-536870912,10

2020-02-06 19:07:43.372000+00:00,leaf7,sg12,19,obt-collector1,true,4,,te-client,-536870912,10

2020-02-06 19:07:43.372000+00:00,leaf7,sg12,19,obt-collector1,true,5,,dagr,-536870912,10

2020-02-06 19:07:50.157000+00:00,leaf7,sg12,15,obt-collector1,true,2,,static,-536870912,10

2020-02-06 19:07:50.161000+00:00,leaf7,sg12,18,obt-collector1,true,0,,connected,-536870912,10

2020-02-06 19:07:50.163000+00:00,leaf7,sg12,19,obt-collector1,true,0,,connected,-536870912,10

2020-02-06 19:07:50.163000+00:00,leaf7,sg12,19,obt-collector1,true,1,,local,-536870912,10

2020-02-06 19:07:50.163000+00:00,leaf7,sg12,19,obt-collector1,true,2,,static,-536870912,10

2020-02-06 19:07:50.163000+00:00,leaf7,sg12,19,obt-collector1,true,4,,te-client,-536870912,10

2020-02-06 19:07:50.163000+00:00,leaf7,sg12,19,obt-collector1,true,5,,dagr,-536870912,10

2020-02-06 19:08:03.894000+00:00,leaf7,sg12,15,obt-collector1,true,2,,static,-536870912,10

2020-02-06 19:08:03.899000+00:00,leaf7,sg12,18,obt-collector1,true,0,,connected,-536870912,10

2020-02-06 19:08:03.902000+00:00,leaf7,sg12,19,obt-collector1,true,0,,connected,-536870912,10

2020-02-06 19:08:03.902000+00:00,leaf7,sg12,19,obt-collector1,true,1,,local,-536870912,10

2020-02-06 19:08:03.902000+00:00,leaf7,sg12,19,obt-collector1,true,2,,static,-536870912,10

2020-02-06 19:08:03.902000+00:00,leaf7,sg12,19,obt-collector1,true,4,,te-client,-536870912,10

2020-02-06 19:08:03.902000+00:00,leaf7,sg12,19,obt-collector1,true,5,,dagr,-536870912,10

