,Producer,Target,host,icmp-stats/admin-unreachable-received,icmp-stats/admin-unreachable-sent,icmp-stats/checksum-error,icmp-stats/echo-reply-received,icmp-stats/echo-reply-sent,icmp-stats/echo-request-received,icmp-stats/echo-request-sent,icmp-stats/fragment-unreachable-received,icmp-stats/fragment-unreachable-sent,icmp-stats/hopcount-received,icmp-stats/hopcount-sent,icmp-stats/host-unreachable-received,icmp-stats/host-unreachable-sent,icmp-stats/mask-reply-received,icmp-stats/mask-reply-sent,icmp-stats/mask-request-received,icmp-stats/mask-request-sent,icmp-stats/network-unreachable-received,icmp-stats/network-unreachable-sent,icmp-stats/output,icmp-stats/param-error-received,icmp-stats/param-error-send,icmp-stats/port-unreachable-received,icmp-stats/port-unreachable-sent,icmp-stats/protocol-unreachable-received,icmp-stats/protocol-unreachable-sent,icmp-stats/reassebly-received,icmp-stats/reassembly-sent,icmp-stats/received,icmp-stats/redirect-received,icmp-stats/redirect-send,icmp-stats/router-advert-received,icmp-stats/router-solicit-received,icmp-stats/source-quench-received,icmp-stats/timestamp-received,icmp-stats/timestamp-reply-received,icmp-stats/unknown,ipv4-stats/bad-header,ipv4-stats/bad-hop-count,ipv4-stats/bad-option,ipv4-stats/bad-security-option,ipv4-stats/bad-source-address,ipv4-stats/basic-security-option,ipv4-stats/broadcast-in,ipv4-stats/broadcast-out,ipv4-stats/cipso-option,ipv4-stats/encapsulation-failed,ipv4-stats/end-option,ipv4-stats/extended-security-option,ipv4-stats/format-errors,ipv4-stats/fragment-count,ipv4-stats/input-packets,ipv4-stats/lisp-decap-error,ipv4-stats/lisp-encap-error,ipv4-stats/lisp-v4-decap,ipv4-stats/lisp-v4-encap,ipv4-stats/lisp-v6-decap,ipv4-stats/lisp-v6-encap,ipv4-stats/loose-source-route-option,ipv4-stats/multicast-in,ipv4-stats/multicast-out,ipv4-stats/no-gateway,ipv4-stats/no-protocol,ipv4-stats/no-router,ipv4-stats/noop-option,ipv4-stats/options-present,ipv4-stats/packet-too-big,ipv4-stats/packets-forwarded,ipv4-stats/packets-fragmented,ipv4-stats/packets-output,ipv4-stats/reassemble-failed,ipv4-stats/reassemble-input,ipv4-stats/reassemble-max-drop,ipv4-stats/reassemble-timeout,ipv4-stats/reassembled,ipv4-stats/received-packets,ipv4-stats/record-route-option,ipv4-stats/router-alert-option,ipv4-stats/sid-option,ipv4-stats/strict-source-route-option,ipv4-stats/timestamp-option,ipv4-stats/unknown-option,node-name

2020-02-06 18:55:08.671000+00:00,spine3,sg3,obt-collector1,0,0,0,0,0,0,0,0,0,0,0,0,0,0,0,0,0,0,0,0,0,0,0,0,0,0,0,0,0,0,0,0,0,0,0,0,0,0,0,0,0,0,0,0,0,0,0,0,0,0,0,0,0,0,0,0,0,0,0,0,0,0,0,0,0,0,0,0,0,14,0,0,0,0,0,0,0,0,0,0,0,0,0/0/CPU0

2020-02-06 18:55:08.673000+00:00,spine3,sg3,obt-collector1,0,0,0,0,16058,16058,0,16,0,0,0,10,0,0,0,26,0,0,3,17070,0,0,458,989,16,20,0,0,16610,0,0,0,0,0,26,0,0,0,0,0,0,0,0,0,0,0,0,0,0,0,0,59410578,0,0,0,0,0,0,0,0,0,0,24,6,0,79631,0,0,0,2376778187,0,0,0,0,0,59336041,0,79631,0,0,0,0,0/RP0/CPU0

2020-02-06 18:55:58.656000+00:00,spine3,sg3,obt-collector1,0,0,0,0,0,0,0,0,0,0,0,0,0,0,0,0,0,0,0,0,0,0,0,0,0,0,0,0,0,0,0,0,0,0,0,0,0,0,0,0,0,0,0,0,0,0,0,0,0,0,0,0,0,0,0,0,0,0,0,0,0,0,0,0,0,0,0,0,0,14,0,0,0,0,0,0,0,0,0,0,0,0,0/0/CPU0

2020-02-06 18:55:58.659000+00:00,spine3,sg3,obt-collector1,0,0,0,0,16058,16058,0,16,0,0,0,10,0,0,0,26,0,0,3,17070,0,0,458,989,16,20,0,0,16610,0,0,0,0,0,26,0,0,0,0,0,0,0,0,0,0,0,0,0,0,0,0,59411166,0,0,0,0,0,0,0,0,0,0,24,6,0,79632,0,0,0,2376856347,0,0,0,0,0,59336628,0,79632,0,0,0,0,0/RP0/CPU0

2020-02-06 18:56:48.666000+00:00,spine3,sg3,obt-collector1,0,0,0,0,0,0,0,0,0,0,0,0,0,0,0,0,0,0,0,0,0,0,0,0,0,0,0,0,0,0,0,0,0,0,0,0,0,0,0,0,0,0,0,0,0,0,0,0,0,0,0,0,0,0,0,0,0,0,0,0,0,0,0,0,0,0,0,0,0,14,0,0,0,0,0,0,0,0,0,0,0,0,0/0/CPU0

2020-02-06 18:56:48.670000+00:00,spine3,sg3,obt-collector1,0,0,0,0,16058,16058,0,16,0,0,0,10,0,0,0,26,0,0,3,17070,0,0,458,989,16,20,0,0,16610,0,0,0,0,0,26,0,0,0,0,0,0,0,0,0,0,0,0,0,0,0,0,59411763,0,0,0,0,0,0,0,0,0,0,24,6,0,79633,0,0,0,2376935382,0,0,0,0,0,59337224,0,79633,0,0,0,0,0/RP0/CPU0

2020-02-06 18:56:58.653000+00:00,spine3,sg3,obt-collector1,0,0,0,0,0,0,0,0,0,0,0,0,0,0,0,0,0,0,0,0,0,0,0,0,0,0,0,0,0,0,0,0,0,0,0,0,0,0,0,0,0,0,0,0,0,0,0,0,0,0,0,0,0,0,0,0,0,0,0,0,0,0,0,0,0,0,0,0,0,14,0,0,0,0,0,0,0,0,0,0,0,0,0/0/CPU0

2020-02-06 18:56:58.657000+00:00,spine3,sg3,obt-collector1,0,0,0,0,16058,16058,0,16,0,0,0,10,0,0,0,26,0,0,3,17070,0,0,458,989,16,20,0,0,16610,0,0,0,0,0,26,0,0,0,0,0,0,0,0,0,0,0,0,0,0,0,0,59411876,0,0,0,0,0,0,0,0,0,0,24,6,0,79633,0,0,0,2376951730,0,0,0,0,0,59337337,0,79633,0,0,0,0,0/RP0/CPU0

2020-02-06 18:57:18.820000+00:00,spine3,sg3,obt-collector1,0,0,0,0,0,0,0,0,0,0,0,0,0,0,0,0,0,0,0,0,0,0,0,0,0,0,0,0,0,0,0,0,0,0,0,0,0,0,0,0,0,0,0,0,0,0,0,0,0,0,0,0,0,0,0,0,0,0,0,0,0,0,0,0,0,0,0,0,0,14,0,0,0,0,0,0,0,0,0,0,0,0,0/0/CPU0

2020-02-06 18:57:18.822000+00:00,spine3,sg3,obt-collector1,0,0,0,0,16059,16059,0,16,0,0,0,10,0,0,0,26,0,0,3,17071,0,0,458,989,16,20,0,0,16611,0,0,0,0,0,26,0,0,0,0,0,0,0,0,0,0,0,0,0,0,0,0,59412164,0,0,0,0,0,0,0,0,0,0,24,6,0,79633,0,0,0,2376984272,0,0,0,0,0,59337625,0,79633,0,0,0,0,0/RP0/CPU0

2020-02-06 18:58:08.673000+00:00,spine3,sg3,obt-collector1,0,0,0,0,0,0,0,0,0,0,0,0,0,0,0,0,0,0,0,0,0,0,0,0,0,0,0,0,0,0,0,0,0,0,0,0,0,0,0,0,0,0,0,0,0,0,0,0,0,0,0,0,0,0,0,0,0,0,0,0,0,0,0,0,0,0,0,0,0,14,0,0,0,0,0,0,0,0,0,0,0,0,0/0/CPU0

2020-02-06 18:58:08.678000+00:00,spine3,sg3,obt-collector1,0,0,0,0,16059,16059,0,16,0,0,0,10,0,0,0,26,0,0,3,17071,0,0,458,989,16,20,0,0,16611,0,0,0,0,0,26,0,0,0,0,0,0,0,0,0,0,0,0,0,0,0,0,59412748,0,0,0,0,0,0,0,0,0,0,24,6,0,79634,0,0,0,2377065428,0,0,0,0,0,59338208,0,79634,0,0,0,0,0/RP0/CPU0

2020-02-06 18:58:28.642000+00:00,spine3,sg3,obt-collector1,0,0,0,0,0,0,0,0,0,0,0,0,0,0,0,0,0,0,0,0,0,0,0,0,0,0,0,0,0,0,0,0,0,0,0,0,0,0,0,0,0,0,0,0,0,0,0,0,0,0,0,0,0,0,0,0,0,0,0,0,0,0,0,0,0,0,0,0,0,14,0,0,0,0,0,0,0,0,0,0,0,0,0/0/CPU0

2020-02-06 18:58:28.648000+00:00,spine3,sg3,obt-collector1,0,0,0,0,16059,16059,0,16,0,0,0,10,0,0,0,26,0,0,3,17071,0,0,458,989,16,20,0,0,16611,0,0,0,0,0,26,0,0,0,0,0,0,0,0,0,0,0,0,0,0,0,0,59413226,0,0,0,0,0,0,0,0,0,0,24,6,0,79634,0,0,0,2377098187,0,0,0,0,0,59338686,0,79634,0,0,0,0,0/RP0/CPU0

2020-02-06 18:59:28.677000+00:00,spine3,sg3,obt-collector1,0,0,0,0,0,0,0,0,0,0,0,0,0,0,0,0,0,0,0,0,0,0,0,0,0,0,0,0,0,0,0,0,0,0,0,0,0,0,0,0,0,0,0,0,0,0,0,0,0,0,0,0,0,0,0,0,0,0,0,0,0,0,0,0,0,0,0,0,0,14,0,0,0,0,0,0,0,0,0,0,0,0,0/0/CPU0

2020-02-06 18:59:28.681000+00:00,spine3,sg3,obt-collector1,0,0,0,0,16059,16059,0,16,0,0,0,10,0,0,0,26,0,0,3,17071,0,0,458,989,16,20,0,0,16611,0,0,0,0,0,26,0,0,0,0,0,0,0,0,0,0,0,0,0,0,0,0,59414074,0,0,0,0,0,0,0,0,0,0,24,6,0,79635,0,0,0,2377197985,0,0,0,0,0,59339533,0,79635,0,0,0,0,0/RP0/CPU0

2020-02-06 18:59:38.682000+00:00,spine3,sg3,obt-collector1,0,0,0,0,0,0,0,0,0,0,0,0,0,0,0,0,0,0,0,0,0,0,0,0,0,0,0,0,0,0,0,0,0,0,0,0,0,0,0,0,0,0,0,0,0,0,0,0,0,0,0,0,0,0,0,0,0,0,0,0,0,0,0,0,0,0,0,0,0,14,0,0,0,0,0,0,0,0,0,0,0,0,0/0/CPU0

2020-02-06 18:59:38.685000+00:00,spine3,sg3,obt-collector1,0,0,0,0,16059,16059,0,16,0,0,0,10,0,0,0,26,0,0,3,17071,0,0,458,989,16,20,0,0,16611,0,0,0,0,0,26,0,0,0,0,0,0,0,0,0,0,0,0,0,0,0,0,59414190,0,0,0,0,0,0,0,0,0,0,24,6,0,79635,0,0,0,2377214882,0,0,0,0,0,59339649,0,79635,0,0,0,0,0/RP0/CPU0

2020-02-06 18:59:48.685000+00:00,spine3,sg3,obt-collector1,0,0,0,0,0,0,0,0,0,0,0,0,0,0,0,0,0,0,0,0,0,0,0,0,0,0,0,0,0,0,0,0,0,0,0,0,0,0,0,0,0,0,0,0,0,0,0,0,0,0,0,0,0,0,0,0,0,0,0,0,0,0,0,0,0,0,0,0,0,14,0,0,0,0,0,0,0,0,0,0,0,0,0/0/CPU0

2020-02-06 18:59:48.689000+00:00,spine3,sg3,obt-collector1,0,0,0,0,16059,16059,0,16,0,0,0,10,0,0,0,26,0,0,3,17071,0,0,458,989,16,20,0,0,16611,0,0,0,0,0,26,0,0,0,0,0,0,0,0,0,0,0,0,0,0,0,0,59414308,0,0,0,0,0,0,0,0,0,0,24,6,0,79636,0,0,0,2377231776,0,0,0,0,0,59339766,0,79636,0,0,0,0,0/RP0/CPU0

2020-02-06 18:59:58.688000+00:00,spine3,sg3,obt-collector1,0,0,0,0,0,0,0,0,0,0,0,0,0,0,0,0,0,0,0,0,0,0,0,0,0,0,0,0,0,0,0,0,0,0,0,0,0,0,0,0,0,0,0,0,0,0,0,0,0,0,0,0,0,0,0,0,0,0,0,0,0,0,0,0,0,0,0,0,0,14,0,0,0,0,0,0,0,0,0,0,0,0,0/0/CPU0

2020-02-06 18:59:58.691000+00:00,spine3,sg3,obt-collector1,0,0,0,0,16059,16059,0,16,0,0,0,10,0,0,0,26,0,0,3,17071,0,0,458,989,16,20,0,0,16611,0,0,0,0,0,26,0,0,0,0,0,0,0,0,0,0,0,0,0,0,0,0,59414428,0,0,0,0,0,0,0,0,0,0,24,6,0,79636,0,0,0,2377248658,0,0,0,0,0,59339886,0,79636,0,0,0,0,0/RP0/CPU0

2020-02-06 19:00:28.652000+00:00,spine3,sg3,obt-collector1,0,0,0,0,0,0,0,0,0,0,0,0,0,0,0,0,0,0,0,0,0,0,0,0,0,0,0,0,0,0,0,0,0,0,0,0,0,0,0,0,0,0,0,0,0,0,0,0,0,0,0,0,0,0,0,0,0,0,0,0,0,0,0,0,0,0,0,0,0,14,0,0,0,0,0,0,0,0,0,0,0,0,0/0/CPU0

2020-02-06 19:00:28.656000+00:00,spine3,sg3,obt-collector1,0,0,0,0,16059,16059,0,16,0,0,0,10,0,0,0,26,0,0,3,17071,0,0,458,989,16,20,0,0,16611,0,0,0,0,0,26,0,0,0,0,0,0,0,0,0,0,0,0,0,0,0,0,59414775,0,0,0,0,0,0,0,0,0,0,24,6,0,79636,0,0,0,2377300354,0,0,0,0,0,59340233,0,79636,0,0,0,0,0/RP0/CPU0

2020-02-06 19:00:48.693000+00:00,spine3,sg3,obt-collector1,0,0,0,0,0,0,0,0,0,0,0,0,0,0,0,0,0,0,0,0,0,0,0,0,0,0,0,0,0,0,0,0,0,0,0,0,0,0,0,0,0,0,0,0,0,0,0,0,0,0,0,0,0,0,0,0,0,0,0,0,0,0,0,0,0,0,0,0,0,14,0,0,0,0,0,0,0,0,0,0,0,0,0/0/CPU0

2020-02-06 19:00:48.696000+00:00,spine3,sg3,obt-collector1,0,0,0,0,16059,16059,0,16,0,0,0,10,0,0,0,26,0,0,3,17071,0,0,458,989,16,20,0,0,16611,0,0,0,0,0,26,0,0,0,0,0,0,0,0,0,0,0,0,0,0,0,0,59415013,0,0,0,0,0,0,0,0,0,0,24,6,0,79637,0,0,0,2377335277,0,0,0,0,0,59340471,0,79637,0,0,0,0,0/RP0/CPU0

2020-02-06 19:01:08.712000+00:00,spine3,sg3,obt-collector1,0,0,0,0,0,0,0,0,0,0,0,0,0,0,0,0,0,0,0,0,0,0,0,0,0,0,0,0,0,0,0,0,0,0,0,0,0,0,0,0,0,0,0,0,0,0,0,0,0,0,0,0,0,0,0,0,0,0,0,0,0,0,0,0,0,0,0,0,0,14,0,0,0,0,0,0,0,0,0,0,0,0,0/0/CPU0

2020-02-06 19:01:08.715000+00:00,spine3,sg3,obt-collector1,0,0,0,0,16059,16059,0,16,0,0,0,10,0,0,0,26,0,0,3,17071,0,0,458,989,16,20,0,0,16611,0,0,0,0,0,26,0,0,0,0,0,0,0,0,0,0,0,0,0,0,0,0,59415248,0,0,0,0,0,0,0,0,0,0,24,6,0,79637,0,0,0,2377370051,0,0,0,0,0,59340705,0,79637,0,0,0,0,0/RP0/CPU0

2020-02-06 19:03:38.688000+00:00,spine3,sg3,obt-collector1,0,0,0,0,0,0,0,0,0,0,0,0,0,0,0,0,0,0,0,0,0,0,0,0,0,0,0,0,0,0,0,0,0,0,0,0,0,0,0,0,0,0,0,0,0,0,0,0,0,0,0,0,0,0,0,0,0,0,0,0,0,0,0,0,0,0,0,0,0,14,0,0,0,0,0,0,0,0,0,0,0,0,0/0/CPU0

2020-02-06 19:03:38.692000+00:00,spine3,sg3,obt-collector1,0,0,0,0,16060,16060,0,16,0,0,0,10,0,0,0,26,0,0,3,17072,0,0,458,989,16,20,0,0,16612,0,0,0,0,0,26,0,0,0,0,0,0,0,0,0,0,0,0,0,0,0,0,59417046,0,0,0,0,0,0,0,0,0,0,24,6,0,79639,0,0,0,2377716657,0,0,0,0,0,59342501,0,79639,0,0,0,0,0/RP0/CPU0

2020-02-06 19:04:18.655000+00:00,spine3,sg3,obt-collector1,0,0,0,0,0,0,0,0,0,0,5,0,0,0,0,0,0,0,0,5,0,0,0,0,0,0,0,0,0,0,0,0,0,0,0,0,0,0,0,0,0,0,0,0,0,0,0,0,0,0,0,0,0,0,0,0,0,0,0,0,0,0,0,0,0,0,0,0,0,19,0,0,0,0,0,0,0,0,0,0,0,0,0/0/CPU0

2020-02-06 19:04:18.659000+00:00,spine3,sg3,obt-collector1,0,0,0,0,16060,16060,0,16,0,0,0,10,0,0,0,26,0,0,3,17072,0,0,458,989,16,20,0,0,16612,0,0,0,0,0,26,0,0,0,0,0,0,0,0,0,0,0,0,0,0,0,0,59417663,0,0,0,0,0,0,0,0,0,0,24,6,0,79640,0,0,0,2377812708,0,0,0,0,0,59343117,0,79640,0,0,0,0,0/RP0/CPU0

2020-02-06 19:05:03.775000+00:00,spine3,sg3,obt-collector1,0,0,0,0,0,0,0,0,0,0,7,0,0,0,0,0,0,0,0,7,0,0,0,0,0,0,0,0,0,0,0,0,0,0,0,0,0,0,0,0,0,0,0,0,0,0,0,0,0,0,0,0,0,0,0,0,0,0,0,0,0,0,0,0,0,0,0,0,0,21,0,0,0,0,0,0,0,0,0,0,0,0,0/0/CPU0

2020-02-06 19:05:03.777000+00:00,spine3,sg3,obt-collector1,0,0,0,0,16060,16060,0,16,0,0,0,10,0,0,0,26,0,0,3,17072,0,0,458,989,16,20,0,0,16612,0,0,0,0,0,26,0,0,0,0,0,0,0,0,0,0,0,0,0,0,0,0,59418127,0,0,0,0,0,0,0,0,0,0,24,6,0,79641,0,0,0,2377957947,0,0,0,0,0,59343581,0,79641,0,0,0,0,0/RP0/CPU0

2020-02-06 19:05:08.606000+00:00,spine3,sg3,obt-collector1,0,0,0,0,0,0,0,0,0,0,7,0,0,0,0,0,0,0,0,7,0,0,0,0,0,0,0,0,0,0,0,0,0,0,0,0,0,0,0,0,0,0,0,0,0,0,0,0,0,0,0,0,0,0,0,0,0,0,0,0,0,0,0,0,0,0,0,0,0,21,0,0,0,0,0,0,0,0,0,0,0,0,0/0/CPU0

2020-02-06 19:05:08.610000+00:00,spine3,sg3,obt-collector1,0,0,0,0,16060,16060,0,16,0,0,0,10,0,0,0,26,0,0,3,17072,0,0,458,989,16,20,0,0,16612,0,0,0,0,0,26,0,0,0,0,0,0,0,0,0,0,0,0,0,0,0,0,59418162,0,0,0,0,0,0,0,0,0,0,24,6,0,79641,0,0,0,2377982306,0,0,0,0,0,59343615,0,79641,0,0,0,0,0/RP0/CPU0

2020-02-06 19:05:18.247000+00:00,spine3,sg3,obt-collector1,0,0,0,0,0,0,0,0,0,0,7,0,0,0,0,0,0,0,0,7,0,0,0,0,0,0,0,0,0,0,0,0,0,0,0,0,0,0,0,0,0,0,0,0,0,0,0,0,0,0,0,0,0,0,0,0,0,0,0,0,0,0,0,0,0,0,0,0,0,21,0,0,0,0,0,0,0,0,0,0,0,0,0/0/CPU0

2020-02-06 19:05:18.249000+00:00,spine3,sg3,obt-collector1,0,0,0,0,16060,16060,0,16,0,0,0,10,0,0,0,26,0,0,3,17072,0,0,458,989,16,20,0,0,16612,0,0,0,0,0,26,0,0,0,0,0,0,0,0,0,0,0,0,0,0,0,0,59418230,0,0,0,0,0,0,0,0,0,0,24,6,0,79641,0,0,0,2378030445,0,0,0,0,0,59343683,0,79641,0,0,0,0,0/RP0/CPU0

2020-02-06 19:05:43.565000+00:00,spine3,sg3,obt-collector1,0,0,0,0,0,0,0,0,0,0,7,0,0,0,0,0,0,0,0,7,0,0,0,0,0,0,0,0,0,0,0,0,0,0,0,0,0,0,0,0,0,0,0,0,0,0,0,0,0,0,0,0,0,0,0,0,0,0,0,0,0,0,0,0,0,0,0,0,0,21,0,0,0,0,0,0,0,0,0,0,0,0,0/0/CPU0

2020-02-06 19:05:43.566000+00:00,spine3,sg3,obt-collector1,0,0,0,0,16060,16060,0,16,0,0,0,10,0,0,0,26,0,0,3,17072,0,0,458,989,16,20,0,0,16612,0,0,0,0,0,26,0,0,0,0,0,0,0,0,0,0,0,0,0,0,0,0,59418415,0,0,0,0,0,0,0,0,0,0,24,6,0,79641,0,0,0,2378152180,0,0,0,0,0,59343868,0,79641,0,0,0,0,0/RP0/CPU0

2020-02-06 19:05:48.187000+00:00,spine3,sg3,obt-collector1,0,0,0,0,0,0,0,0,0,0,7,0,0,0,0,0,0,0,0,7,0,0,0,0,0,0,0,0,0,0,0,0,0,0,0,0,0,0,0,0,0,0,0,0,0,0,0,0,0,0,0,0,0,0,0,0,0,0,0,0,0,0,0,0,0,0,0,0,0,21,0,0,0,0,0,0,0,0,0,0,0,0,0/0/CPU0

2020-02-06 19:05:48.189000+00:00,spine3,sg3,obt-collector1,0,0,0,0,16060,16060,0,16,0,0,0,10,0,0,0,26,0,0,3,17072,0,0,458,989,16,20,0,0,16612,0,0,0,0,0,26,0,0,0,0,0,0,0,0,0,0,0,0,0,0,0,0,59418449,0,0,0,0,0,0,0,0,0,0,24,6,0,79642,0,0,0,2378176670,0,0,0,0,0,59343902,0,79642,0,0,0,0,0/RP0/CPU0

2020-02-06 19:06:07.826000+00:00,spine3,sg3,obt-collector1,0,0,0,0,0,0,0,0,0,0,7,0,0,0,0,0,0,0,0,7,0,0,0,0,0,0,0,0,0,0,0,0,0,0,0,0,0,0,0,0,0,0,0,0,0,0,0,0,0,0,0,0,0,0,0,0,0,0,0,0,0,0,0,0,0,0,0,0,0,21,0,0,0,0,0,0,0,0,0,0,0,0,0/0/CPU0

2020-02-06 19:06:07.827000+00:00,spine3,sg3,obt-collector1,0,0,0,0,16060,16060,0,16,0,0,0,10,0,0,0,26,0,0,3,17072,0,0,458,989,16,20,0,0,16612,0,0,0,0,0,26,0,0,0,0,0,0,0,0,0,0,0,0,0,0,0,0,59418606,0,0,0,0,0,0,0,0,0,0,24,6,0,79642,0,0,0,2378273704,0,0,0,0,0,59344059,0,79642,0,0,0,0,0/RP0/CPU0

2020-02-06 19:06:17.527000+00:00,spine3,sg3,obt-collector1,0,0,0,0,0,0,0,0,0,0,7,0,0,0,0,0,0,0,0,7,0,0,0,0,0,0,0,0,0,0,0,0,0,0,0,0,0,0,0,0,0,0,0,0,0,0,0,0,0,0,0,0,0,0,0,0,0,0,0,0,0,0,0,0,0,0,0,0,0,21,0,0,0,0,0,0,0,0,0,0,0,0,0/0/CPU0

2020-02-06 19:06:17.529000+00:00,spine3,sg3,obt-collector1,0,0,0,0,16060,16060,0,16,0,0,0,10,0,0,0,26,0,0,3,17072,0,0,458,989,16,20,0,0,16612,0,0,0,0,0,26,0,0,0,0,0,0,0,0,0,0,0,0,0,0,0,0,59418675,0,0,0,0,0,0,0,0,0,0,24,6,0,79642,0,0,0,2378322321,0,0,0,0,0,59344127,0,79642,0,0,0,0,0/RP0/CPU0

2020-02-06 19:06:52.315000+00:00,spine3,sg3,obt-collector1,0,0,0,0,0,0,0,0,0,0,7,0,0,0,0,0,0,0,0,7,0,0,0,0,0,0,0,0,0,0,0,0,0,0,0,0,0,0,0,0,0,0,0,0,0,0,0,0,0,0,0,0,0,0,0,0,0,0,0,0,0,0,0,0,0,0,0,0,0,21,0,0,0,0,0,0,0,0,0,0,0,0,0/0/CPU0

2020-02-06 19:06:52.317000+00:00,spine3,sg3,obt-collector1,0,0,0,0,16061,16061,0,16,0,0,0,10,0,0,0,26,0,0,3,17073,0,0,458,989,16,20,0,0,16613,0,0,0,0,0,26,0,0,0,0,0,0,0,0,0,0,0,0,0,0,0,0,59419080,0,0,0,0,0,0,0,0,0,0,24,6,0,79643,0,0,0,2378491726,0,0,0,0,0,59344532,0,79643,0,0,0,0,0/RP0/CPU0

2020-02-06 19:07:26.565000+00:00,spine3,sg3,obt-collector1,0,0,0,0,0,0,0,0,0,0,7,0,0,0,0,0,0,0,0,7,0,0,0,0,0,0,0,0,0,0,0,0,0,0,0,0,0,0,0,0,0,0,0,0,0,0,0,0,0,0,0,0,0,0,0,0,0,0,0,0,0,0,0,0,0,0,0,0,0,21,0,0,0,0,0,0,0,0,0,0,0,0,0/0/CPU0

2020-02-06 19:07:26.567000+00:00,spine3,sg3,obt-collector1,0,0,0,0,16061,16061,0,16,0,0,0,10,0,0,0,26,0,0,3,17073,0,0,458,989,16,20,0,0,16613,0,0,0,0,0,26,0,0,0,0,0,0,0,0,0,0,0,0,0,0,0,0,59419445,0,0,0,0,0,0,0,0,0,0,24,6,0,79643,0,0,0,2378660742,0,0,0,0,0,59344896,0,79643,0,0,0,0,0/RP0/CPU0

2020-02-06 19:07:31.927000+00:00,spine3,sg3,obt-collector1,0,0,0,0,0,0,0,0,0,0,7,0,0,0,0,0,0,0,0,7,0,0,0,0,0,0,0,0,0,0,0,0,0,0,0,0,0,0,0,0,0,0,0,0,0,0,0,0,0,0,0,0,0,0,0,0,0,0,0,0,0,0,0,0,0,0,0,0,0,21,0,0,0,0,0,0,0,0,0,0,0,0,0/0/CPU0

2020-02-06 19:07:31.929000+00:00,spine3,sg3,obt-collector1,0,0,0,0,16061,16061,0,16,0,0,0,10,0,0,0,26,0,0,3,17073,0,0,458,989,16,20,0,0,16613,0,0,0,0,0,26,0,0,0,0,0,0,0,0,0,0,0,0,0,0,0,0,59419492,0,0,0,0,0,0,0,0,0,0,24,6,0,79643,0,0,0,2378685238,0,0,0,0,0,59344943,0,79643,0,0,0,0,0/RP0/CPU0

2020-02-06 19:08:01.994000+00:00,spine3,sg3,obt-collector1,0,0,0,0,0,0,0,0,0,0,7,0,0,0,0,0,0,0,0,7,0,0,0,0,0,0,0,0,0,0,0,0,0,0,0,0,0,0,0,0,0,0,0,0,0,0,0,0,0,0,0,0,0,0,0,0,0,0,0,0,0,0,0,0,0,0,0,0,0,21,0,0,0,0,0,0,0,0,0,0,0,0,0/0/CPU0

2020-02-06 19:08:01.996000+00:00,spine3,sg3,obt-collector1,0,0,0,0,16061,16061,0,16,0,0,0,10,0,0,0,26,0,0,3,17073,0,0,458,989,16,20,0,0,16613,0,0,0,0,0,26,0,0,0,0,0,0,0,0,0,0,0,0,0,0,0,0,59419794,0,0,0,0,0,0,0,0,0,0,24,6,0,79644,0,0,0,2378831053,0,0,0,0,0,59345245,0,79644,0,0,0,0,0/RP0/CPU0

