,Producer,Target,host,node-name,protocol-name,sesa-num-client,sesa-pl-sum/sep-num-ecd-pathlist,sesa-pl-sum/sep-num-ecd-pl-per-interest/entry,sesa-pl-sum/sep-num-ecd-pl-unresolved

2020-02-06 19:04:00.794000+00:00,spine3,sg4,obt-collector1,0/0/CPU0,ipv4,9,28,0,0

2020-02-06 19:04:00.795000+00:00,spine3,sg4,obt-collector1,0/0/CPU0,ipv6,6,32,0,0

2020-02-06 19:04:00.796000+00:00,spine3,sg4,obt-collector1,0/0/CPU0,mpls,0,0,0,0

2020-02-06 19:04:00.799000+00:00,spine3,sg4,obt-collector1,0/RP0/CPU0,ipv4,8,0,0,0

2020-02-06 19:04:00.800000+00:00,spine3,sg4,obt-collector1,0/RP0/CPU0,ipv6,2,0,0,0

2020-02-06 19:04:00.801000+00:00,spine3,sg4,obt-collector1,0/RP0/CPU0,mpls,0,0,0,0

2020-02-06 19:04:20.741000+00:00,spine3,sg4,obt-collector1,0/0/CPU0,ipv4,9,28,0,0

2020-02-06 19:04:20.742000+00:00,spine3,sg4,obt-collector1,0/0/CPU0,ipv6,6,32,0,0

2020-02-06 19:04:20.743000+00:00,spine3,sg4,obt-collector1,0/0/CPU0,mpls,0,0,0,0

2020-02-06 19:04:20.746000+00:00,spine3,sg4,obt-collector1,0/RP0/CPU0,ipv4,8,0,0,0

2020-02-06 19:04:20.747000+00:00,spine3,sg4,obt-collector1,0/RP0/CPU0,ipv6,2,0,0,0

2020-02-06 19:04:20.748000+00:00,spine3,sg4,obt-collector1,0/RP0/CPU0,mpls,0,0,0,0

2020-02-06 19:04:50.914000+00:00,spine3,sg4,obt-collector1,0/0/CPU0,ipv4,9,28,0,0

2020-02-06 19:04:50.915000+00:00,spine3,sg4,obt-collector1,0/0/CPU0,ipv6,6,32,0,0

2020-02-06 19:04:50.916000+00:00,spine3,sg4,obt-collector1,0/0/CPU0,mpls,0,0,0,0

2020-02-06 19:04:50.920000+00:00,spine3,sg4,obt-collector1,0/RP0/CPU0,ipv4,8,0,0,0

2020-02-06 19:04:50.921000+00:00,spine3,sg4,obt-collector1,0/RP0/CPU0,ipv6,2,0,0,0

2020-02-06 19:04:50.922000+00:00,spine3,sg4,obt-collector1,0/RP0/CPU0,mpls,0,0,0,0

2020-02-06 19:05:20.516000+00:00,spine3,sg4,obt-collector1,0/0/CPU0,ipv4,9,28,0,0

2020-02-06 19:05:20.517000+00:00,spine3,sg4,obt-collector1,0/0/CPU0,ipv6,6,32,0,0

2020-02-06 19:05:20.518000+00:00,spine3,sg4,obt-collector1,0/0/CPU0,mpls,0,0,0,0

2020-02-06 19:05:20.521000+00:00,spine3,sg4,obt-collector1,0/RP0/CPU0,ipv4,8,0,0,0

2020-02-06 19:05:20.522000+00:00,spine3,sg4,obt-collector1,0/RP0/CPU0,ipv6,2,0,0,0

2020-02-06 19:05:20.523000+00:00,spine3,sg4,obt-collector1,0/RP0/CPU0,mpls,0,0,0,0

2020-02-06 19:05:50.444000+00:00,spine3,sg4,obt-collector1,0/0/CPU0,ipv4,9,28,0,0

2020-02-06 19:05:50.445000+00:00,spine3,sg4,obt-collector1,0/0/CPU0,ipv6,6,32,0,0

2020-02-06 19:05:50.446000+00:00,spine3,sg4,obt-collector1,0/0/CPU0,mpls,0,0,0,0

2020-02-06 19:05:50.449000+00:00,spine3,sg4,obt-collector1,0/RP0/CPU0,ipv4,8,0,0,0

2020-02-06 19:05:50.450000+00:00,spine3,sg4,obt-collector1,0/RP0/CPU0,ipv6,2,0,0,0

2020-02-06 19:05:50.451000+00:00,spine3,sg4,obt-collector1,0/RP0/CPU0,mpls,0,0,0,0

2020-02-06 19:06:00.334000+00:00,spine3,sg4,obt-collector1,0/0/CPU0,ipv4,9,28,0,0

2020-02-06 19:06:00.335000+00:00,spine3,sg4,obt-collector1,0/0/CPU0,ipv6,6,32,0,0

2020-02-06 19:06:00.336000+00:00,spine3,sg4,obt-collector1,0/0/CPU0,mpls,0,0,0,0

2020-02-06 19:06:00.339000+00:00,spine3,sg4,obt-collector1,0/RP0/CPU0,ipv4,8,0,0,0

2020-02-06 19:06:00.340000+00:00,spine3,sg4,obt-collector1,0/RP0/CPU0,ipv6,2,0,0,0

2020-02-06 19:06:00.341000+00:00,spine3,sg4,obt-collector1,0/RP0/CPU0,mpls,0,0,0,0

2020-02-06 19:06:33.988000+00:00,spine3,sg4,obt-collector1,0/0/CPU0,ipv4,9,28,0,0

2020-02-06 19:06:33.990000+00:00,spine3,sg4,obt-collector1,0/0/CPU0,ipv6,6,32,0,0

2020-02-06 19:06:33.991000+00:00,spine3,sg4,obt-collector1,0/0/CPU0,mpls,0,0,0,0

2020-02-06 19:06:33.995000+00:00,spine3,sg4,obt-collector1,0/RP0/CPU0,ipv4,8,0,0,0

2020-02-06 19:06:33.996000+00:00,spine3,sg4,obt-collector1,0/RP0/CPU0,ipv6,2,0,0,0

2020-02-06 19:06:33.997000+00:00,spine3,sg4,obt-collector1,0/RP0/CPU0,mpls,0,0,0,0

2020-02-06 19:06:54.106000+00:00,spine3,sg4,obt-collector1,0/0/CPU0,ipv4,9,28,0,0

2020-02-06 19:06:54.107000+00:00,spine3,sg4,obt-collector1,0/0/CPU0,ipv6,6,32,0,0

2020-02-06 19:06:54.108000+00:00,spine3,sg4,obt-collector1,0/0/CPU0,mpls,0,0,0,0

2020-02-06 19:06:54.111000+00:00,spine3,sg4,obt-collector1,0/RP0/CPU0,ipv4,8,0,0,0

2020-02-06 19:06:54.113000+00:00,spine3,sg4,obt-collector1,0/RP0/CPU0,ipv6,2,0,0,0

2020-02-06 19:06:54.114000+00:00,spine3,sg4,obt-collector1,0/RP0/CPU0,mpls,0,0,0,0

2020-02-06 19:07:23.757000+00:00,spine3,sg4,obt-collector1,0/0/CPU0,ipv4,9,28,0,0

2020-02-06 19:07:23.758000+00:00,spine3,sg4,obt-collector1,0/0/CPU0,ipv6,6,32,0,0

2020-02-06 19:07:23.759000+00:00,spine3,sg4,obt-collector1,0/0/CPU0,mpls,0,0,0,0

2020-02-06 19:07:23.762000+00:00,spine3,sg4,obt-collector1,0/RP0/CPU0,ipv4,8,0,0,0

2020-02-06 19:07:23.763000+00:00,spine3,sg4,obt-collector1,0/RP0/CPU0,ipv6,2,0,0,0

2020-02-06 19:07:23.765000+00:00,spine3,sg4,obt-collector1,0/RP0/CPU0,mpls,0,0,0,0

2020-02-06 19:07:43.886000+00:00,spine3,sg4,obt-collector1,0/0/CPU0,ipv4,9,28,0,0

2020-02-06 19:07:43.887000+00:00,spine3,sg4,obt-collector1,0/0/CPU0,ipv6,6,32,0,0

2020-02-06 19:07:43.888000+00:00,spine3,sg4,obt-collector1,0/0/CPU0,mpls,0,0,0,0

2020-02-06 19:07:43.891000+00:00,spine3,sg4,obt-collector1,0/RP0/CPU0,ipv4,8,0,0,0

2020-02-06 19:07:43.892000+00:00,spine3,sg4,obt-collector1,0/RP0/CPU0,ipv6,2,0,0,0

2020-02-06 19:07:43.893000+00:00,spine3,sg4,obt-collector1,0/RP0/CPU0,mpls,0,0,0,0

2020-02-06 19:07:48.561000+00:00,spine3,sg4,obt-collector1,0/0/CPU0,ipv4,9,28,0,0

2020-02-06 19:07:48.563000+00:00,spine3,sg4,obt-collector1,0/0/CPU0,ipv6,6,32,0,0

2020-02-06 19:07:48.564000+00:00,spine3,sg4,obt-collector1,0/0/CPU0,mpls,0,0,0,0

2020-02-06 19:07:48.571000+00:00,spine3,sg4,obt-collector1,0/RP0/CPU0,ipv4,8,0,0,0

2020-02-06 19:07:48.574000+00:00,spine3,sg4,obt-collector1,0/RP0/CPU0,ipv6,2,0,0,0

2020-02-06 19:07:48.578000+00:00,spine3,sg4,obt-collector1,0/RP0/CPU0,mpls,0,0,0,0

2020-02-06 19:08:03.819000+00:00,spine3,sg4,obt-collector1,0/0/CPU0,ipv4,9,28,0,0

2020-02-06 19:08:03.820000+00:00,spine3,sg4,obt-collector1,0/0/CPU0,ipv6,6,32,0,0

2020-02-06 19:08:03.821000+00:00,spine3,sg4,obt-collector1,0/0/CPU0,mpls,0,0,0,0

2020-02-06 19:08:03.824000+00:00,spine3,sg4,obt-collector1,0/RP0/CPU0,ipv4,8,0,0,0

2020-02-06 19:08:03.825000+00:00,spine3,sg4,obt-collector1,0/RP0/CPU0,ipv6,2,0,0,0

2020-02-06 19:08:03.827000+00:00,spine3,sg4,obt-collector1,0/RP0/CPU0,mpls,0,0,0,0

