,Producer,Target,common-info/count,host,node-name,protocol-name,summary/base-object/protocol,summary/health/is-retry-db-empty,summary/summary-counts/array-number-of-object/num-objects,summary/summary-counts/array-number-of-object/object-type,summary/summary-counts/array-number-of-retry/num-retries,summary/summary-counts/array-number-of-retry/retry-object-type,summary/summary-counts/num-retry-ojbects,summary/summary-counts/num-retry-timeouts

2020-02-06 19:04:00.945000+00:00,spine3,sg4,0,obt-collector1,0/0/CPU0,ipv4,0,false,0,DATA_TYPE_ENCAP_ID,0,Queue-Ext,0,38

2020-02-06 19:04:00.945000+00:00,spine3,sg4,0,obt-collector1,0/0/CPU0,ipv4-mpls,1,true,0,DATA_TYPE_ENCAP_ID,0,Queue-Ext,0,0

2020-02-06 19:04:00.945000+00:00,spine3,sg4,0,obt-collector1,0/0/CPU0,ipv6-mpls,3,true,0,DATA_TYPE_ENCAP_ID,0,Queue-Ext,0,0

2020-02-06 19:04:00.945000+00:00,spine3,sg4,0,obt-collector1,0/0/CPU0,ipv6,2,false,0,DATA_TYPE_ENCAP_ID,0,Queue-Ext,0,574

2020-02-06 19:04:00.947000+00:00,spine3,sg4,0,obt-collector1,0/RP0/CPU0,ipv6-mpls,3,true,0,DATA_TYPE_ENCAP_ID,0,Queue-Ext,0,0

2020-02-06 19:04:00.947000+00:00,spine3,sg4,0,obt-collector1,0/RP0/CPU0,ipv4,0,false,0,DATA_TYPE_ENCAP_ID,401,Queue-Ext,0,4092

2020-02-06 19:04:00.947000+00:00,spine3,sg4,0,obt-collector1,0/RP0/CPU0,ipv4-mpls,1,true,0,DATA_TYPE_ENCAP_ID,0,Queue-Ext,0,0

2020-02-06 19:04:00.947000+00:00,spine3,sg4,0,obt-collector1,0/RP0/CPU0,ipv6,2,false,0,DATA_TYPE_ENCAP_ID,488,Queue-Ext,0,2517

2020-02-06 19:04:20.915000+00:00,spine3,sg4,0,obt-collector1,0/0/CPU0,ipv6,2,false,0,DATA_TYPE_ENCAP_ID,0,Queue-Ext,0,574

2020-02-06 19:04:20.915000+00:00,spine3,sg4,0,obt-collector1,0/0/CPU0,ipv4,0,false,0,DATA_TYPE_ENCAP_ID,0,Queue-Ext,0,38

2020-02-06 19:04:20.915000+00:00,spine3,sg4,0,obt-collector1,0/0/CPU0,ipv6-mpls,3,true,0,DATA_TYPE_ENCAP_ID,0,Queue-Ext,0,0

2020-02-06 19:04:20.915000+00:00,spine3,sg4,0,obt-collector1,0/0/CPU0,ipv4-mpls,1,true,0,DATA_TYPE_ENCAP_ID,0,Queue-Ext,0,0

2020-02-06 19:04:20.917000+00:00,spine3,sg4,0,obt-collector1,0/RP0/CPU0,ipv4-mpls,1,true,0,DATA_TYPE_ENCAP_ID,0,Queue-Ext,0,0

2020-02-06 19:04:20.917000+00:00,spine3,sg4,0,obt-collector1,0/RP0/CPU0,ipv6,2,false,0,DATA_TYPE_ENCAP_ID,488,Queue-Ext,0,2517

2020-02-06 19:04:20.917000+00:00,spine3,sg4,0,obt-collector1,0/RP0/CPU0,ipv4,0,false,0,DATA_TYPE_ENCAP_ID,401,Queue-Ext,0,4092

2020-02-06 19:04:20.917000+00:00,spine3,sg4,0,obt-collector1,0/RP0/CPU0,ipv6-mpls,3,true,0,DATA_TYPE_ENCAP_ID,0,Queue-Ext,0,0

2020-02-06 19:04:51.069000+00:00,spine3,sg4,0,obt-collector1,0/0/CPU0,ipv4-mpls,1,true,0,DATA_TYPE_ENCAP_ID,0,Queue-Ext,0,0

2020-02-06 19:04:51.069000+00:00,spine3,sg4,0,obt-collector1,0/0/CPU0,ipv6,2,false,0,DATA_TYPE_ENCAP_ID,0,Queue-Ext,0,574

2020-02-06 19:04:51.069000+00:00,spine3,sg4,0,obt-collector1,0/0/CPU0,ipv6-mpls,3,true,0,DATA_TYPE_ENCAP_ID,0,Queue-Ext,0,0

2020-02-06 19:04:51.069000+00:00,spine3,sg4,0,obt-collector1,0/0/CPU0,ipv4,0,false,0,DATA_TYPE_ENCAP_ID,0,Queue-Ext,0,38

2020-02-06 19:04:51.071000+00:00,spine3,sg4,0,obt-collector1,0/RP0/CPU0,ipv4,0,false,0,DATA_TYPE_ENCAP_ID,401,Queue-Ext,0,4092

2020-02-06 19:04:51.071000+00:00,spine3,sg4,0,obt-collector1,0/RP0/CPU0,ipv6-mpls,3,true,0,DATA_TYPE_ENCAP_ID,0,Queue-Ext,0,0

2020-02-06 19:04:51.071000+00:00,spine3,sg4,0,obt-collector1,0/RP0/CPU0,ipv6,2,false,0,DATA_TYPE_ENCAP_ID,488,Queue-Ext,0,2517

2020-02-06 19:04:51.071000+00:00,spine3,sg4,0,obt-collector1,0/RP0/CPU0,ipv4-mpls,1,true,0,DATA_TYPE_ENCAP_ID,0,Queue-Ext,0,0

2020-02-06 19:05:20.679000+00:00,spine3,sg4,0,obt-collector1,0/0/CPU0,ipv4,0,false,0,DATA_TYPE_ENCAP_ID,0,Queue-Ext,0,38

2020-02-06 19:05:20.679000+00:00,spine3,sg4,0,obt-collector1,0/0/CPU0,ipv4-mpls,1,true,0,DATA_TYPE_ENCAP_ID,0,Queue-Ext,0,0

2020-02-06 19:05:20.679000+00:00,spine3,sg4,0,obt-collector1,0/0/CPU0,ipv6-mpls,3,true,0,DATA_TYPE_ENCAP_ID,0,Queue-Ext,0,0

2020-02-06 19:05:20.679000+00:00,spine3,sg4,0,obt-collector1,0/0/CPU0,ipv6,2,false,0,DATA_TYPE_ENCAP_ID,0,Queue-Ext,0,574

2020-02-06 19:05:20.680000+00:00,spine3,sg4,0,obt-collector1,0/RP0/CPU0,ipv6,2,false,0,DATA_TYPE_ENCAP_ID,488,Queue-Ext,0,2517

2020-02-06 19:05:20.680000+00:00,spine3,sg4,0,obt-collector1,0/RP0/CPU0,ipv4-mpls,1,true,0,DATA_TYPE_ENCAP_ID,0,Queue-Ext,0,0

2020-02-06 19:05:20.680000+00:00,spine3,sg4,0,obt-collector1,0/RP0/CPU0,ipv6-mpls,3,true,0,DATA_TYPE_ENCAP_ID,0,Queue-Ext,0,0

2020-02-06 19:05:20.680000+00:00,spine3,sg4,0,obt-collector1,0/RP0/CPU0,ipv4,0,false,0,DATA_TYPE_ENCAP_ID,401,Queue-Ext,0,4092

2020-02-06 19:05:55.275000+00:00,spine3,sg4,0,obt-collector1,0/0/CPU0,ipv6,2,false,0,DATA_TYPE_ENCAP_ID,0,Queue-Ext,0,574

2020-02-06 19:05:55.275000+00:00,spine3,sg4,0,obt-collector1,0/0/CPU0,ipv4,0,false,0,DATA_TYPE_ENCAP_ID,0,Queue-Ext,0,38

2020-02-06 19:05:55.275000+00:00,spine3,sg4,0,obt-collector1,0/0/CPU0,ipv6-mpls,3,true,0,DATA_TYPE_ENCAP_ID,0,Queue-Ext,0,0

2020-02-06 19:05:55.275000+00:00,spine3,sg4,0,obt-collector1,0/0/CPU0,ipv4-mpls,1,true,0,DATA_TYPE_ENCAP_ID,0,Queue-Ext,0,0

2020-02-06 19:05:55.277000+00:00,spine3,sg4,0,obt-collector1,0/RP0/CPU0,ipv6-mpls,3,true,0,DATA_TYPE_ENCAP_ID,0,Queue-Ext,0,0

2020-02-06 19:05:55.277000+00:00,spine3,sg4,0,obt-collector1,0/RP0/CPU0,ipv4,0,false,0,DATA_TYPE_ENCAP_ID,401,Queue-Ext,0,4092

2020-02-06 19:05:55.277000+00:00,spine3,sg4,0,obt-collector1,0/RP0/CPU0,ipv4-mpls,1,true,0,DATA_TYPE_ENCAP_ID,0,Queue-Ext,0,0

2020-02-06 19:05:55.277000+00:00,spine3,sg4,0,obt-collector1,0/RP0/CPU0,ipv6,2,false,0,DATA_TYPE_ENCAP_ID,488,Queue-Ext,0,2517

2020-02-06 19:06:00.486000+00:00,spine3,sg4,0,obt-collector1,0/0/CPU0,ipv4-mpls,1,true,0,DATA_TYPE_ENCAP_ID,0,Queue-Ext,0,0

2020-02-06 19:06:00.486000+00:00,spine3,sg4,0,obt-collector1,0/0/CPU0,ipv6,2,false,0,DATA_TYPE_ENCAP_ID,0,Queue-Ext,0,574

2020-02-06 19:06:00.486000+00:00,spine3,sg4,0,obt-collector1,0/0/CPU0,ipv6-mpls,3,true,0,DATA_TYPE_ENCAP_ID,0,Queue-Ext,0,0

2020-02-06 19:06:00.486000+00:00,spine3,sg4,0,obt-collector1,0/0/CPU0,ipv4,0,false,0,DATA_TYPE_ENCAP_ID,0,Queue-Ext,0,38

2020-02-06 19:06:00.488000+00:00,spine3,sg4,0,obt-collector1,0/RP0/CPU0,ipv4-mpls,1,true,0,DATA_TYPE_ENCAP_ID,0,Queue-Ext,0,0

2020-02-06 19:06:00.488000+00:00,spine3,sg4,0,obt-collector1,0/RP0/CPU0,ipv6,2,false,0,DATA_TYPE_ENCAP_ID,488,Queue-Ext,0,2517

2020-02-06 19:06:00.488000+00:00,spine3,sg4,0,obt-collector1,0/RP0/CPU0,ipv4,0,false,0,DATA_TYPE_ENCAP_ID,401,Queue-Ext,0,4092

2020-02-06 19:06:00.488000+00:00,spine3,sg4,0,obt-collector1,0/RP0/CPU0,ipv6-mpls,3,true,0,DATA_TYPE_ENCAP_ID,0,Queue-Ext,0,0

2020-02-06 19:06:05.154000+00:00,spine3,sg4,0,obt-collector1,0/0/CPU0,ipv4,0,false,0,DATA_TYPE_ENCAP_ID,0,Queue-Ext,0,38

2020-02-06 19:06:05.154000+00:00,spine3,sg4,0,obt-collector1,0/0/CPU0,ipv4-mpls,1,true,0,DATA_TYPE_ENCAP_ID,0,Queue-Ext,0,0

2020-02-06 19:06:05.154000+00:00,spine3,sg4,0,obt-collector1,0/0/CPU0,ipv6-mpls,3,true,0,DATA_TYPE_ENCAP_ID,0,Queue-Ext,0,0

2020-02-06 19:06:05.154000+00:00,spine3,sg4,0,obt-collector1,0/0/CPU0,ipv6,2,false,0,DATA_TYPE_ENCAP_ID,0,Queue-Ext,0,574

2020-02-06 19:06:05.156000+00:00,spine3,sg4,0,obt-collector1,0/RP0/CPU0,ipv4,0,false,0,DATA_TYPE_ENCAP_ID,401,Queue-Ext,0,4092

2020-02-06 19:06:05.156000+00:00,spine3,sg4,0,obt-collector1,0/RP0/CPU0,ipv6-mpls,3,true,0,DATA_TYPE_ENCAP_ID,0,Queue-Ext,0,0

2020-02-06 19:06:05.156000+00:00,spine3,sg4,0,obt-collector1,0/RP0/CPU0,ipv6,2,false,0,DATA_TYPE_ENCAP_ID,488,Queue-Ext,0,2517

2020-02-06 19:06:05.156000+00:00,spine3,sg4,0,obt-collector1,0/RP0/CPU0,ipv4-mpls,1,true,0,DATA_TYPE_ENCAP_ID,0,Queue-Ext,0,0

2020-02-06 19:06:44.183000+00:00,spine3,sg4,0,obt-collector1,0/0/CPU0,ipv6,2,false,0,DATA_TYPE_ENCAP_ID,0,Queue-Ext,0,574

2020-02-06 19:06:44.183000+00:00,spine3,sg4,0,obt-collector1,0/0/CPU0,ipv4,0,false,0,DATA_TYPE_ENCAP_ID,0,Queue-Ext,0,38

2020-02-06 19:06:44.183000+00:00,spine3,sg4,0,obt-collector1,0/0/CPU0,ipv6-mpls,3,true,0,DATA_TYPE_ENCAP_ID,0,Queue-Ext,0,0

2020-02-06 19:06:44.183000+00:00,spine3,sg4,0,obt-collector1,0/0/CPU0,ipv4-mpls,1,true,0,DATA_TYPE_ENCAP_ID,0,Queue-Ext,0,0

2020-02-06 19:06:44.185000+00:00,spine3,sg4,0,obt-collector1,0/RP0/CPU0,ipv6,2,false,0,DATA_TYPE_ENCAP_ID,488,Queue-Ext,0,2517

2020-02-06 19:06:44.185000+00:00,spine3,sg4,0,obt-collector1,0/RP0/CPU0,ipv4-mpls,1,true,0,DATA_TYPE_ENCAP_ID,0,Queue-Ext,0,0

2020-02-06 19:06:44.185000+00:00,spine3,sg4,0,obt-collector1,0/RP0/CPU0,ipv6-mpls,3,true,0,DATA_TYPE_ENCAP_ID,0,Queue-Ext,0,0

2020-02-06 19:06:44.185000+00:00,spine3,sg4,0,obt-collector1,0/RP0/CPU0,ipv4,0,false,0,DATA_TYPE_ENCAP_ID,401,Queue-Ext,0,4092

2020-02-06 19:06:54.287000+00:00,spine3,sg4,0,obt-collector1,0/0/CPU0,ipv4-mpls,1,true,0,DATA_TYPE_ENCAP_ID,0,Queue-Ext,0,0

2020-02-06 19:06:54.287000+00:00,spine3,sg4,0,obt-collector1,0/0/CPU0,ipv6,2,false,0,DATA_TYPE_ENCAP_ID,0,Queue-Ext,0,574

2020-02-06 19:06:54.287000+00:00,spine3,sg4,0,obt-collector1,0/0/CPU0,ipv6-mpls,3,true,0,DATA_TYPE_ENCAP_ID,0,Queue-Ext,0,0

2020-02-06 19:06:54.287000+00:00,spine3,sg4,0,obt-collector1,0/0/CPU0,ipv4,0,false,0,DATA_TYPE_ENCAP_ID,0,Queue-Ext,0,38

2020-02-06 19:06:54.289000+00:00,spine3,sg4,0,obt-collector1,0/RP0/CPU0,ipv6-mpls,3,true,0,DATA_TYPE_ENCAP_ID,0,Queue-Ext,0,0

2020-02-06 19:06:54.289000+00:00,spine3,sg4,0,obt-collector1,0/RP0/CPU0,ipv4,0,false,0,DATA_TYPE_ENCAP_ID,401,Queue-Ext,0,4092

2020-02-06 19:06:54.289000+00:00,spine3,sg4,0,obt-collector1,0/RP0/CPU0,ipv4-mpls,1,true,0,DATA_TYPE_ENCAP_ID,0,Queue-Ext,0,0

2020-02-06 19:06:54.289000+00:00,spine3,sg4,0,obt-collector1,0/RP0/CPU0,ipv6,2,false,0,DATA_TYPE_ENCAP_ID,488,Queue-Ext,0,2517

2020-02-06 19:06:59.671000+00:00,spine3,sg4,0,obt-collector1,0/0/CPU0,ipv4,0,false,0,DATA_TYPE_ENCAP_ID,0,Queue-Ext,0,38

2020-02-06 19:06:59.671000+00:00,spine3,sg4,0,obt-collector1,0/0/CPU0,ipv4-mpls,1,true,0,DATA_TYPE_ENCAP_ID,0,Queue-Ext,0,0

2020-02-06 19:06:59.671000+00:00,spine3,sg4,0,obt-collector1,0/0/CPU0,ipv6-mpls,3,true,0,DATA_TYPE_ENCAP_ID,0,Queue-Ext,0,0

2020-02-06 19:06:59.671000+00:00,spine3,sg4,0,obt-collector1,0/0/CPU0,ipv6,2,false,0,DATA_TYPE_ENCAP_ID,0,Queue-Ext,0,574

2020-02-06 19:06:59.673000+00:00,spine3,sg4,0,obt-collector1,0/RP0/CPU0,ipv4-mpls,1,true,0,DATA_TYPE_ENCAP_ID,0,Queue-Ext,0,0

2020-02-06 19:06:59.673000+00:00,spine3,sg4,0,obt-collector1,0/RP0/CPU0,ipv6,2,false,0,DATA_TYPE_ENCAP_ID,488,Queue-Ext,0,2517

2020-02-06 19:06:59.673000+00:00,spine3,sg4,0,obt-collector1,0/RP0/CPU0,ipv4,0,false,0,DATA_TYPE_ENCAP_ID,401,Queue-Ext,0,4092

2020-02-06 19:06:59.673000+00:00,spine3,sg4,0,obt-collector1,0/RP0/CPU0,ipv6-mpls,3,true,0,DATA_TYPE_ENCAP_ID,0,Queue-Ext,0,0

2020-02-06 19:07:09.322000+00:00,spine3,sg4,0,obt-collector1,0/0/CPU0,ipv6,2,false,0,DATA_TYPE_ENCAP_ID,0,Queue-Ext,0,574

2020-02-06 19:07:09.322000+00:00,spine3,sg4,0,obt-collector1,0/0/CPU0,ipv4,0,false,0,DATA_TYPE_ENCAP_ID,0,Queue-Ext,0,38

2020-02-06 19:07:09.322000+00:00,spine3,sg4,0,obt-collector1,0/0/CPU0,ipv6-mpls,3,true,0,DATA_TYPE_ENCAP_ID,0,Queue-Ext,0,0

2020-02-06 19:07:09.322000+00:00,spine3,sg4,0,obt-collector1,0/0/CPU0,ipv4-mpls,1,true,0,DATA_TYPE_ENCAP_ID,0,Queue-Ext,0,0

2020-02-06 19:07:09.324000+00:00,spine3,sg4,0,obt-collector1,0/RP0/CPU0,ipv4,0,false,0,DATA_TYPE_ENCAP_ID,401,Queue-Ext,0,4092

2020-02-06 19:07:09.324000+00:00,spine3,sg4,0,obt-collector1,0/RP0/CPU0,ipv4-mpls,1,true,0,DATA_TYPE_ENCAP_ID,0,Queue-Ext,0,0

2020-02-06 19:07:09.325000+00:00,spine3,sg4,0,obt-collector1,0/RP0/CPU0,ipv6-mpls,3,true,0,DATA_TYPE_ENCAP_ID,0,Queue-Ext,0,0

2020-02-06 19:07:09.325000+00:00,spine3,sg4,0,obt-collector1,0/RP0/CPU0,ipv6,2,false,0,DATA_TYPE_ENCAP_ID,488,Queue-Ext,0,2517

2020-02-06 19:07:23.944000+00:00,spine3,sg4,0,obt-collector1,0/0/CPU0,ipv6,2,false,0,DATA_TYPE_ENCAP_ID,0,Queue-Ext,0,574

2020-02-06 19:07:23.944000+00:00,spine3,sg4,0,obt-collector1,0/0/CPU0,ipv6-mpls,3,true,0,DATA_TYPE_ENCAP_ID,0,Queue-Ext,0,0

2020-02-06 19:07:23.944000+00:00,spine3,sg4,0,obt-collector1,0/0/CPU0,ipv4-mpls,1,true,0,DATA_TYPE_ENCAP_ID,0,Queue-Ext,0,0

2020-02-06 19:07:23.944000+00:00,spine3,sg4,0,obt-collector1,0/0/CPU0,ipv4,0,false,0,DATA_TYPE_ENCAP_ID,0,Queue-Ext,0,38

2020-02-06 19:07:23.946000+00:00,spine3,sg4,0,obt-collector1,0/RP0/CPU0,ipv6,2,false,0,DATA_TYPE_ENCAP_ID,488,Queue-Ext,0,2517

2020-02-06 19:07:23.946000+00:00,spine3,sg4,0,obt-collector1,0/RP0/CPU0,ipv4,0,false,0,DATA_TYPE_ENCAP_ID,401,Queue-Ext,0,4092

2020-02-06 19:07:23.946000+00:00,spine3,sg4,0,obt-collector1,0/RP0/CPU0,ipv6-mpls,3,true,0,DATA_TYPE_ENCAP_ID,0,Queue-Ext,0,0

2020-02-06 19:07:23.946000+00:00,spine3,sg4,0,obt-collector1,0/RP0/CPU0,ipv4-mpls,1,true,0,DATA_TYPE_ENCAP_ID,0,Queue-Ext,0,0

2020-02-06 19:07:44.062000+00:00,spine3,sg4,0,obt-collector1,0/0/CPU0,ipv4-mpls,1,true,0,DATA_TYPE_ENCAP_ID,0,Queue-Ext,0,0

2020-02-06 19:07:44.062000+00:00,spine3,sg4,0,obt-collector1,0/0/CPU0,ipv4,0,false,0,DATA_TYPE_ENCAP_ID,0,Queue-Ext,0,38

2020-02-06 19:07:44.062000+00:00,spine3,sg4,0,obt-collector1,0/0/CPU0,ipv6-mpls,3,true,0,DATA_TYPE_ENCAP_ID,0,Queue-Ext,0,0

2020-02-06 19:07:44.062000+00:00,spine3,sg4,0,obt-collector1,0/0/CPU0,ipv6,2,false,0,DATA_TYPE_ENCAP_ID,0,Queue-Ext,0,574

2020-02-06 19:07:44.064000+00:00,spine3,sg4,0,obt-collector1,0/RP0/CPU0,ipv4-mpls,1,true,0,DATA_TYPE_ENCAP_ID,0,Queue-Ext,0,0

2020-02-06 19:07:44.064000+00:00,spine3,sg4,0,obt-collector1,0/RP0/CPU0,ipv6,2,false,0,DATA_TYPE_ENCAP_ID,488,Queue-Ext,0,2517

2020-02-06 19:07:44.064000+00:00,spine3,sg4,0,obt-collector1,0/RP0/CPU0,ipv6-mpls,3,true,0,DATA_TYPE_ENCAP_ID,0,Queue-Ext,0,0

2020-02-06 19:07:44.064000+00:00,spine3,sg4,0,obt-collector1,0/RP0/CPU0,ipv4,0,false,0,DATA_TYPE_ENCAP_ID,401,Queue-Ext,0,4092

2020-02-06 19:07:48.941000+00:00,spine3,sg4,0,obt-collector1,0/0/CPU0,ipv6-mpls,3,true,0,DATA_TYPE_ENCAP_ID,0,Queue-Ext,0,0

2020-02-06 19:07:48.941000+00:00,spine3,sg4,0,obt-collector1,0/0/CPU0,ipv6,2,false,0,DATA_TYPE_ENCAP_ID,0,Queue-Ext,0,574

2020-02-06 19:07:48.941000+00:00,spine3,sg4,0,obt-collector1,0/0/CPU0,ipv4,0,false,0,DATA_TYPE_ENCAP_ID,0,Queue-Ext,0,38

2020-02-06 19:07:48.941000+00:00,spine3,sg4,0,obt-collector1,0/0/CPU0,ipv4-mpls,1,true,0,DATA_TYPE_ENCAP_ID,0,Queue-Ext,0,0

2020-02-06 19:07:48.947000+00:00,spine3,sg4,0,obt-collector1,0/RP0/CPU0,ipv4,0,false,0,DATA_TYPE_ENCAP_ID,401,Queue-Ext,0,4092

2020-02-06 19:07:48.947000+00:00,spine3,sg4,0,obt-collector1,0/RP0/CPU0,ipv4-mpls,1,true,0,DATA_TYPE_ENCAP_ID,0,Queue-Ext,0,0

2020-02-06 19:07:48.947000+00:00,spine3,sg4,0,obt-collector1,0/RP0/CPU0,ipv6-mpls,3,true,0,DATA_TYPE_ENCAP_ID,0,Queue-Ext,0,0

2020-02-06 19:07:48.947000+00:00,spine3,sg4,0,obt-collector1,0/RP0/CPU0,ipv6,2,false,0,DATA_TYPE_ENCAP_ID,488,Queue-Ext,0,2517

2020-02-06 19:08:03.994000+00:00,spine3,sg4,0,obt-collector1,0/0/CPU0,ipv4,0,false,0,DATA_TYPE_ENCAP_ID,0,Queue-Ext,0,38

2020-02-06 19:08:03.994000+00:00,spine3,sg4,0,obt-collector1,0/0/CPU0,ipv4-mpls,1,true,0,DATA_TYPE_ENCAP_ID,0,Queue-Ext,0,0

2020-02-06 19:08:03.994000+00:00,spine3,sg4,0,obt-collector1,0/0/CPU0,ipv6,2,false,0,DATA_TYPE_ENCAP_ID,0,Queue-Ext,0,574

2020-02-06 19:08:03.994000+00:00,spine3,sg4,0,obt-collector1,0/0/CPU0,ipv6-mpls,3,true,0,DATA_TYPE_ENCAP_ID,0,Queue-Ext,0,0

2020-02-06 19:08:03.996000+00:00,spine3,sg4,0,obt-collector1,0/RP0/CPU0,ipv6,2,false,0,DATA_TYPE_ENCAP_ID,488,Queue-Ext,0,2517

2020-02-06 19:08:03.996000+00:00,spine3,sg4,0,obt-collector1,0/RP0/CPU0,ipv4,0,false,0,DATA_TYPE_ENCAP_ID,401,Queue-Ext,0,4092

2020-02-06 19:08:03.996000+00:00,spine3,sg4,0,obt-collector1,0/RP0/CPU0,ipv6-mpls,3,true,0,DATA_TYPE_ENCAP_ID,0,Queue-Ext,0,0

2020-02-06 19:08:03.996000+00:00,spine3,sg4,0,obt-collector1,0/RP0/CPU0,ipv4-mpls,1,true,0,DATA_TYPE_ENCAP_ID,0,Queue-Ext,0,0

