,Producer,Target,ecd-ver,host,id,node-name,protocol-name,ses-client-name,ses-client-pulsed-time,ses-comp-id,ses-ecd-version,ses-feci-fib-proto,ses-num-pending,ses-num-regs,ses-pl-sum/sep-num-ecd-pathlist,ses-pl-sum/sep-num-ecd-pl-per-interest/entry,ses-pl-sum/sep-num-ecd-pl-unresolved

2020-02-06 18:56:59.173000+00:00,spine3,sg4,1,obt-collector1,2137,0/0/CPU0,ipv4,bfd_agent,0,2137,1,0,0,0,0,0,0

2020-02-06 18:56:59.173000+00:00,spine3,sg4,1,obt-collector1,2202,0/0/CPU0,ipv4,mfwd6,0,2202,1,0,0,0,0,0,0

2020-02-06 18:56:59.173000+00:00,spine3,sg4,1,obt-collector1,3185,0/0/CPU0,ipv4,LI,0,3185,1,0,0,0,0,0,0

2020-02-06 18:56:59.173000+00:00,spine3,sg4,1,obt-collector1,32365,0/0/CPU0,ipv4,l2fib_mgr,0,32365,1,0,0,0,0,0,0

2020-02-06 18:56:59.173000+00:00,spine3,sg4,1,obt-collector1,4727,0/0/CPU0,ipv4,PBR_EA,0,4727,1,0,0,0,0,0,0

2020-02-06 18:56:59.173000+00:00,spine3,sg4,1,obt-collector1,6458,0/0/CPU0,ipv4,bfd_pd_0,1581011764010090875,6458,1,0,0,28,28,0,0

2020-02-06 18:56:59.173000+00:00,spine3,sg4,1,obt-collector1,6474,0/0/CPU0,ipv4,spio_ea,0,6474,1,0,0,0,0,0,0

2020-02-06 18:56:59.173000+00:00,spine3,sg4,1,obt-collector1,6678,0/0/CPU0,ipv4,IPV4_ABF,0,6678,1,0,0,0,0,0,0

2020-02-06 18:56:59.173000+00:00,spine3,sg4,1,obt-collector1,840,0/0/CPU0,ipv4,mfwd,0,840,1,0,0,0,0,0,0

2020-02-06 18:56:59.175000+00:00,spine3,sg4,1,obt-collector1,3185,0/0/CPU0,ipv6,LI,0,3185,1,1,0,0,0,0,0

2020-02-06 18:56:59.175000+00:00,spine3,sg4,1,obt-collector1,32365,0/0/CPU0,ipv6,l2fib_mgr,0,32365,1,1,0,0,0,0,0

2020-02-06 18:56:59.175000+00:00,spine3,sg4,1,obt-collector1,4727,0/0/CPU0,ipv6,PBR_EA,0,4727,1,1,0,0,0,0,0

2020-02-06 18:56:59.175000+00:00,spine3,sg4,1,obt-collector1,6458,0/0/CPU0,ipv6,bfd_pd_0,1581011762619217434,6458,1,1,0,32,32,0,0

2020-02-06 18:56:59.175000+00:00,spine3,sg4,1,obt-collector1,6474,0/0/CPU0,ipv6,spio_ea,0,6474,1,1,0,0,0,0,0

2020-02-06 18:56:59.175000+00:00,spine3,sg4,1,obt-collector1,6678,0/0/CPU0,ipv6,IPV6_ABF,0,6678,1,1,0,0,0,0,0

2020-02-06 18:56:59.180000+00:00,spine3,sg4,1,obt-collector1,1154,0/RP0/CPU0,ipv4,ipv6_IPV4_MRIB,0,1154,1,0,0,0,0,0,0

2020-02-06 18:56:59.180000+00:00,spine3,sg4,1,obt-collector1,2202,0/RP0/CPU0,ipv4,mfwd6,0,2202,1,0,0,0,0,0,0

2020-02-06 18:56:59.180000+00:00,spine3,sg4,1,obt-collector1,2599,0/RP0/CPU0,ipv4,l2vpn_mgr,0,2599,1,0,0,0,0,0,0

2020-02-06 18:56:59.180000+00:00,spine3,sg4,1,obt-collector1,3225,0/RP0/CPU0,ipv4,object_tracking,0,3225,1,0,0,0,0,0,0

2020-02-06 18:56:59.180000+00:00,spine3,sg4,1,obt-collector1,32365,0/RP0/CPU0,ipv4,l2fib_mgr,0,32365,1,0,0,0,0,0,0

2020-02-06 18:56:59.180000+00:00,spine3,sg4,1,obt-collector1,6652,0/RP0/CPU0,ipv4,XTC_AGENT,0,6652,1,0,0,0,0,0,0

2020-02-06 18:56:59.180000+00:00,spine3,sg4,1,obt-collector1,773,0/RP0/CPU0,ipv4,ipv4_IPV4_MRIB,0,773,1,0,0,0,0,0,0

2020-02-06 18:56:59.180000+00:00,spine3,sg4,1,obt-collector1,840,0/RP0/CPU0,ipv4,mfwd,0,840,1,0,0,0,0,0,0

2020-02-06 18:56:59.181000+00:00,spine3,sg4,1,obt-collector1,2599,0/RP0/CPU0,ipv6,l2vpn_mgr,0,2599,1,1,0,0,0,0,0

2020-02-06 18:56:59.181000+00:00,spine3,sg4,1,obt-collector1,32365,0/RP0/CPU0,ipv6,l2fib_mgr,0,32365,1,1,0,0,0,0,0

2020-02-06 18:57:39.167000+00:00,spine3,sg4,1,obt-collector1,2137,0/0/CPU0,ipv4,bfd_agent,0,2137,1,0,0,0,0,0,0

2020-02-06 18:57:39.167000+00:00,spine3,sg4,1,obt-collector1,2202,0/0/CPU0,ipv4,mfwd6,0,2202,1,0,0,0,0,0,0

2020-02-06 18:57:39.167000+00:00,spine3,sg4,1,obt-collector1,3185,0/0/CPU0,ipv4,LI,0,3185,1,0,0,0,0,0,0

2020-02-06 18:57:39.167000+00:00,spine3,sg4,1,obt-collector1,32365,0/0/CPU0,ipv4,l2fib_mgr,0,32365,1,0,0,0,0,0,0

2020-02-06 18:57:39.167000+00:00,spine3,sg4,1,obt-collector1,4727,0/0/CPU0,ipv4,PBR_EA,0,4727,1,0,0,0,0,0,0

2020-02-06 18:57:39.167000+00:00,spine3,sg4,1,obt-collector1,6458,0/0/CPU0,ipv4,bfd_pd_0,1581011764010090875,6458,1,0,0,28,28,0,0

2020-02-06 18:57:39.167000+00:00,spine3,sg4,1,obt-collector1,6474,0/0/CPU0,ipv4,spio_ea,0,6474,1,0,0,0,0,0,0

2020-02-06 18:57:39.167000+00:00,spine3,sg4,1,obt-collector1,6678,0/0/CPU0,ipv4,IPV4_ABF,0,6678,1,0,0,0,0,0,0

2020-02-06 18:57:39.167000+00:00,spine3,sg4,1,obt-collector1,840,0/0/CPU0,ipv4,mfwd,0,840,1,0,0,0,0,0,0

2020-02-06 18:57:39.171000+00:00,spine3,sg4,1,obt-collector1,3185,0/0/CPU0,ipv6,LI,0,3185,1,1,0,0,0,0,0

2020-02-06 18:57:39.171000+00:00,spine3,sg4,1,obt-collector1,32365,0/0/CPU0,ipv6,l2fib_mgr,0,32365,1,1,0,0,0,0,0

2020-02-06 18:57:39.171000+00:00,spine3,sg4,1,obt-collector1,4727,0/0/CPU0,ipv6,PBR_EA,0,4727,1,1,0,0,0,0,0

2020-02-06 18:57:39.171000+00:00,spine3,sg4,1,obt-collector1,6458,0/0/CPU0,ipv6,bfd_pd_0,1581011762619217434,6458,1,1,0,32,32,0,0

2020-02-06 18:57:39.171000+00:00,spine3,sg4,1,obt-collector1,6474,0/0/CPU0,ipv6,spio_ea,0,6474,1,1,0,0,0,0,0

2020-02-06 18:57:39.171000+00:00,spine3,sg4,1,obt-collector1,6678,0/0/CPU0,ipv6,IPV6_ABF,0,6678,1,1,0,0,0,0,0

2020-02-06 18:57:39.178000+00:00,spine3,sg4,1,obt-collector1,1154,0/RP0/CPU0,ipv4,ipv6_IPV4_MRIB,0,1154,1,0,0,0,0,0,0

2020-02-06 18:57:39.178000+00:00,spine3,sg4,1,obt-collector1,2202,0/RP0/CPU0,ipv4,mfwd6,0,2202,1,0,0,0,0,0,0

2020-02-06 18:57:39.178000+00:00,spine3,sg4,1,obt-collector1,2599,0/RP0/CPU0,ipv4,l2vpn_mgr,0,2599,1,0,0,0,0,0,0

2020-02-06 18:57:39.178000+00:00,spine3,sg4,1,obt-collector1,3225,0/RP0/CPU0,ipv4,object_tracking,0,3225,1,0,0,0,0,0,0

2020-02-06 18:57:39.178000+00:00,spine3,sg4,1,obt-collector1,32365,0/RP0/CPU0,ipv4,l2fib_mgr,0,32365,1,0,0,0,0,0,0

2020-02-06 18:57:39.178000+00:00,spine3,sg4,1,obt-collector1,6652,0/RP0/CPU0,ipv4,XTC_AGENT,0,6652,1,0,0,0,0,0,0

2020-02-06 18:57:39.178000+00:00,spine3,sg4,1,obt-collector1,773,0/RP0/CPU0,ipv4,ipv4_IPV4_MRIB,0,773,1,0,0,0,0,0,0

2020-02-06 18:57:39.178000+00:00,spine3,sg4,1,obt-collector1,840,0/RP0/CPU0,ipv4,mfwd,0,840,1,0,0,0,0,0,0

2020-02-06 18:57:39.180000+00:00,spine3,sg4,1,obt-collector1,2599,0/RP0/CPU0,ipv6,l2vpn_mgr,0,2599,1,1,0,0,0,0,0

2020-02-06 18:57:39.180000+00:00,spine3,sg4,1,obt-collector1,32365,0/RP0/CPU0,ipv6,l2fib_mgr,0,32365,1,1,0,0,0,0,0

2020-02-06 19:00:19.194000+00:00,spine3,sg4,1,obt-collector1,2137,0/0/CPU0,ipv4,bfd_agent,0,2137,1,0,0,0,0,0,0

2020-02-06 19:00:19.194000+00:00,spine3,sg4,1,obt-collector1,2202,0/0/CPU0,ipv4,mfwd6,0,2202,1,0,0,0,0,0,0

2020-02-06 19:00:19.194000+00:00,spine3,sg4,1,obt-collector1,3185,0/0/CPU0,ipv4,LI,0,3185,1,0,0,0,0,0,0

2020-02-06 19:00:19.194000+00:00,spine3,sg4,1,obt-collector1,32365,0/0/CPU0,ipv4,l2fib_mgr,0,32365,1,0,0,0,0,0,0

2020-02-06 19:00:19.194000+00:00,spine3,sg4,1,obt-collector1,4727,0/0/CPU0,ipv4,PBR_EA,0,4727,1,0,0,0,0,0,0

2020-02-06 19:00:19.194000+00:00,spine3,sg4,1,obt-collector1,6458,0/0/CPU0,ipv4,bfd_pd_0,1581011764010090875,6458,1,0,0,28,28,0,0

2020-02-06 19:00:19.194000+00:00,spine3,sg4,1,obt-collector1,6474,0/0/CPU0,ipv4,spio_ea,0,6474,1,0,0,0,0,0,0

2020-02-06 19:00:19.194000+00:00,spine3,sg4,1,obt-collector1,6678,0/0/CPU0,ipv4,IPV4_ABF,0,6678,1,0,0,0,0,0,0

2020-02-06 19:00:19.194000+00:00,spine3,sg4,1,obt-collector1,840,0/0/CPU0,ipv4,mfwd,0,840,1,0,0,0,0,0,0

2020-02-06 19:00:19.196000+00:00,spine3,sg4,1,obt-collector1,3185,0/0/CPU0,ipv6,LI,0,3185,1,1,0,0,0,0,0

2020-02-06 19:00:19.196000+00:00,spine3,sg4,1,obt-collector1,32365,0/0/CPU0,ipv6,l2fib_mgr,0,32365,1,1,0,0,0,0,0

2020-02-06 19:00:19.196000+00:00,spine3,sg4,1,obt-collector1,4727,0/0/CPU0,ipv6,PBR_EA,0,4727,1,1,0,0,0,0,0

2020-02-06 19:00:19.196000+00:00,spine3,sg4,1,obt-collector1,6458,0/0/CPU0,ipv6,bfd_pd_0,1581011762619217434,6458,1,1,0,32,32,0,0

2020-02-06 19:00:19.196000+00:00,spine3,sg4,1,obt-collector1,6474,0/0/CPU0,ipv6,spio_ea,0,6474,1,1,0,0,0,0,0

2020-02-06 19:00:19.196000+00:00,spine3,sg4,1,obt-collector1,6678,0/0/CPU0,ipv6,IPV6_ABF,0,6678,1,1,0,0,0,0,0

2020-02-06 19:00:19.202000+00:00,spine3,sg4,1,obt-collector1,1154,0/RP0/CPU0,ipv4,ipv6_IPV4_MRIB,0,1154,1,0,0,0,0,0,0

2020-02-06 19:00:19.202000+00:00,spine3,sg4,1,obt-collector1,2202,0/RP0/CPU0,ipv4,mfwd6,0,2202,1,0,0,0,0,0,0

2020-02-06 19:00:19.202000+00:00,spine3,sg4,1,obt-collector1,2599,0/RP0/CPU0,ipv4,l2vpn_mgr,0,2599,1,0,0,0,0,0,0

2020-02-06 19:00:19.202000+00:00,spine3,sg4,1,obt-collector1,3225,0/RP0/CPU0,ipv4,object_tracking,0,3225,1,0,0,0,0,0,0

2020-02-06 19:00:19.202000+00:00,spine3,sg4,1,obt-collector1,32365,0/RP0/CPU0,ipv4,l2fib_mgr,0,32365,1,0,0,0,0,0,0

2020-02-06 19:00:19.202000+00:00,spine3,sg4,1,obt-collector1,6652,0/RP0/CPU0,ipv4,XTC_AGENT,0,6652,1,0,0,0,0,0,0

2020-02-06 19:00:19.202000+00:00,spine3,sg4,1,obt-collector1,773,0/RP0/CPU0,ipv4,ipv4_IPV4_MRIB,0,773,1,0,0,0,0,0,0

2020-02-06 19:00:19.202000+00:00,spine3,sg4,1,obt-collector1,840,0/RP0/CPU0,ipv4,mfwd,0,840,1,0,0,0,0,0,0

2020-02-06 19:00:19.205000+00:00,spine3,sg4,1,obt-collector1,2599,0/RP0/CPU0,ipv6,l2vpn_mgr,0,2599,1,1,0,0,0,0,0

2020-02-06 19:00:19.205000+00:00,spine3,sg4,1,obt-collector1,32365,0/RP0/CPU0,ipv6,l2fib_mgr,0,32365,1,1,0,0,0,0,0

2020-02-06 19:01:19.205000+00:00,spine3,sg4,1,obt-collector1,2137,0/0/CPU0,ipv4,bfd_agent,0,2137,1,0,0,0,0,0,0

2020-02-06 19:01:19.205000+00:00,spine3,sg4,1,obt-collector1,2202,0/0/CPU0,ipv4,mfwd6,0,2202,1,0,0,0,0,0,0

2020-02-06 19:01:19.205000+00:00,spine3,sg4,1,obt-collector1,3185,0/0/CPU0,ipv4,LI,0,3185,1,0,0,0,0,0,0

2020-02-06 19:01:19.205000+00:00,spine3,sg4,1,obt-collector1,32365,0/0/CPU0,ipv4,l2fib_mgr,0,32365,1,0,0,0,0,0,0

2020-02-06 19:01:19.205000+00:00,spine3,sg4,1,obt-collector1,4727,0/0/CPU0,ipv4,PBR_EA,0,4727,1,0,0,0,0,0,0

2020-02-06 19:01:19.205000+00:00,spine3,sg4,1,obt-collector1,6458,0/0/CPU0,ipv4,bfd_pd_0,1581011764010090875,6458,1,0,0,28,28,0,0

2020-02-06 19:01:19.205000+00:00,spine3,sg4,1,obt-collector1,6474,0/0/CPU0,ipv4,spio_ea,0,6474,1,0,0,0,0,0,0

2020-02-06 19:01:19.205000+00:00,spine3,sg4,1,obt-collector1,6678,0/0/CPU0,ipv4,IPV4_ABF,0,6678,1,0,0,0,0,0,0

2020-02-06 19:01:19.205000+00:00,spine3,sg4,1,obt-collector1,840,0/0/CPU0,ipv4,mfwd,0,840,1,0,0,0,0,0,0

2020-02-06 19:01:19.207000+00:00,spine3,sg4,1,obt-collector1,3185,0/0/CPU0,ipv6,LI,0,3185,1,1,0,0,0,0,0

2020-02-06 19:01:19.207000+00:00,spine3,sg4,1,obt-collector1,32365,0/0/CPU0,ipv6,l2fib_mgr,0,32365,1,1,0,0,0,0,0

2020-02-06 19:01:19.207000+00:00,spine3,sg4,1,obt-collector1,4727,0/0/CPU0,ipv6,PBR_EA,0,4727,1,1,0,0,0,0,0

2020-02-06 19:01:19.207000+00:00,spine3,sg4,1,obt-collector1,6458,0/0/CPU0,ipv6,bfd_pd_0,1581011762619217434,6458,1,1,0,32,32,0,0

2020-02-06 19:01:19.207000+00:00,spine3,sg4,1,obt-collector1,6474,0/0/CPU0,ipv6,spio_ea,0,6474,1,1,0,0,0,0,0

2020-02-06 19:01:19.207000+00:00,spine3,sg4,1,obt-collector1,6678,0/0/CPU0,ipv6,IPV6_ABF,0,6678,1,1,0,0,0,0,0

2020-02-06 19:01:19.213000+00:00,spine3,sg4,1,obt-collector1,1154,0/RP0/CPU0,ipv4,ipv6_IPV4_MRIB,0,1154,1,0,0,0,0,0,0

2020-02-06 19:01:19.213000+00:00,spine3,sg4,1,obt-collector1,2202,0/RP0/CPU0,ipv4,mfwd6,0,2202,1,0,0,0,0,0,0

2020-02-06 19:01:19.213000+00:00,spine3,sg4,1,obt-collector1,2599,0/RP0/CPU0,ipv4,l2vpn_mgr,0,2599,1,0,0,0,0,0,0

2020-02-06 19:01:19.213000+00:00,spine3,sg4,1,obt-collector1,3225,0/RP0/CPU0,ipv4,object_tracking,0,3225,1,0,0,0,0,0,0

2020-02-06 19:01:19.213000+00:00,spine3,sg4,1,obt-collector1,32365,0/RP0/CPU0,ipv4,l2fib_mgr,0,32365,1,0,0,0,0,0,0

2020-02-06 19:01:19.213000+00:00,spine3,sg4,1,obt-collector1,6652,0/RP0/CPU0,ipv4,XTC_AGENT,0,6652,1,0,0,0,0,0,0

2020-02-06 19:01:19.213000+00:00,spine3,sg4,1,obt-collector1,773,0/RP0/CPU0,ipv4,ipv4_IPV4_MRIB,0,773,1,0,0,0,0,0,0

2020-02-06 19:01:19.213000+00:00,spine3,sg4,1,obt-collector1,840,0/RP0/CPU0,ipv4,mfwd,0,840,1,0,0,0,0,0,0

2020-02-06 19:01:19.214000+00:00,spine3,sg4,1,obt-collector1,2599,0/RP0/CPU0,ipv6,l2vpn_mgr,0,2599,1,1,0,0,0,0,0

2020-02-06 19:01:19.214000+00:00,spine3,sg4,1,obt-collector1,32365,0/RP0/CPU0,ipv6,l2fib_mgr,0,32365,1,1,0,0,0,0,0

2020-02-06 19:01:59.178000+00:00,spine3,sg4,1,obt-collector1,2137,0/0/CPU0,ipv4,bfd_agent,0,2137,1,0,0,0,0,0,0

2020-02-06 19:01:59.178000+00:00,spine3,sg4,1,obt-collector1,2202,0/0/CPU0,ipv4,mfwd6,0,2202,1,0,0,0,0,0,0

2020-02-06 19:01:59.178000+00:00,spine3,sg4,1,obt-collector1,3185,0/0/CPU0,ipv4,LI,0,3185,1,0,0,0,0,0,0

2020-02-06 19:01:59.178000+00:00,spine3,sg4,1,obt-collector1,32365,0/0/CPU0,ipv4,l2fib_mgr,0,32365,1,0,0,0,0,0,0

2020-02-06 19:01:59.178000+00:00,spine3,sg4,1,obt-collector1,4727,0/0/CPU0,ipv4,PBR_EA,0,4727,1,0,0,0,0,0,0

2020-02-06 19:01:59.178000+00:00,spine3,sg4,1,obt-collector1,6458,0/0/CPU0,ipv4,bfd_pd_0,1581011764010090875,6458,1,0,0,28,28,0,0

2020-02-06 19:01:59.178000+00:00,spine3,sg4,1,obt-collector1,6474,0/0/CPU0,ipv4,spio_ea,0,6474,1,0,0,0,0,0,0

2020-02-06 19:01:59.178000+00:00,spine3,sg4,1,obt-collector1,6678,0/0/CPU0,ipv4,IPV4_ABF,0,6678,1,0,0,0,0,0,0

2020-02-06 19:01:59.178000+00:00,spine3,sg4,1,obt-collector1,840,0/0/CPU0,ipv4,mfwd,0,840,1,0,0,0,0,0,0

2020-02-06 19:01:59.181000+00:00,spine3,sg4,1,obt-collector1,3185,0/0/CPU0,ipv6,LI,0,3185,1,1,0,0,0,0,0

2020-02-06 19:01:59.181000+00:00,spine3,sg4,1,obt-collector1,32365,0/0/CPU0,ipv6,l2fib_mgr,0,32365,1,1,0,0,0,0,0

2020-02-06 19:01:59.181000+00:00,spine3,sg4,1,obt-collector1,4727,0/0/CPU0,ipv6,PBR_EA,0,4727,1,1,0,0,0,0,0

2020-02-06 19:01:59.181000+00:00,spine3,sg4,1,obt-collector1,6458,0/0/CPU0,ipv6,bfd_pd_0,1581011762619217434,6458,1,1,0,32,32,0,0

2020-02-06 19:01:59.181000+00:00,spine3,sg4,1,obt-collector1,6474,0/0/CPU0,ipv6,spio_ea,0,6474,1,1,0,0,0,0,0

2020-02-06 19:01:59.181000+00:00,spine3,sg4,1,obt-collector1,6678,0/0/CPU0,ipv6,IPV6_ABF,0,6678,1,1,0,0,0,0,0

2020-02-06 19:01:59.188000+00:00,spine3,sg4,1,obt-collector1,1154,0/RP0/CPU0,ipv4,ipv6_IPV4_MRIB,0,1154,1,0,0,0,0,0,0

2020-02-06 19:01:59.188000+00:00,spine3,sg4,1,obt-collector1,2202,0/RP0/CPU0,ipv4,mfwd6,0,2202,1,0,0,0,0,0,0

2020-02-06 19:01:59.188000+00:00,spine3,sg4,1,obt-collector1,2599,0/RP0/CPU0,ipv4,l2vpn_mgr,0,2599,1,0,0,0,0,0,0

2020-02-06 19:01:59.188000+00:00,spine3,sg4,1,obt-collector1,3225,0/RP0/CPU0,ipv4,object_tracking,0,3225,1,0,0,0,0,0,0

2020-02-06 19:01:59.188000+00:00,spine3,sg4,1,obt-collector1,32365,0/RP0/CPU0,ipv4,l2fib_mgr,0,32365,1,0,0,0,0,0,0

2020-02-06 19:01:59.188000+00:00,spine3,sg4,1,obt-collector1,6652,0/RP0/CPU0,ipv4,XTC_AGENT,0,6652,1,0,0,0,0,0,0

2020-02-06 19:01:59.188000+00:00,spine3,sg4,1,obt-collector1,773,0/RP0/CPU0,ipv4,ipv4_IPV4_MRIB,0,773,1,0,0,0,0,0,0

2020-02-06 19:01:59.188000+00:00,spine3,sg4,1,obt-collector1,840,0/RP0/CPU0,ipv4,mfwd,0,840,1,0,0,0,0,0,0

2020-02-06 19:01:59.190000+00:00,spine3,sg4,1,obt-collector1,2599,0/RP0/CPU0,ipv6,l2vpn_mgr,0,2599,1,1,0,0,0,0,0

2020-02-06 19:01:59.190000+00:00,spine3,sg4,1,obt-collector1,32365,0/RP0/CPU0,ipv6,l2fib_mgr,0,32365,1,1,0,0,0,0,0

2020-02-06 19:02:09.162000+00:00,spine3,sg4,1,obt-collector1,2137,0/0/CPU0,ipv4,bfd_agent,0,2137,1,0,0,0,0,0,0

2020-02-06 19:02:09.162000+00:00,spine3,sg4,1,obt-collector1,2202,0/0/CPU0,ipv4,mfwd6,0,2202,1,0,0,0,0,0,0

2020-02-06 19:02:09.162000+00:00,spine3,sg4,1,obt-collector1,3185,0/0/CPU0,ipv4,LI,0,3185,1,0,0,0,0,0,0

2020-02-06 19:02:09.162000+00:00,spine3,sg4,1,obt-collector1,32365,0/0/CPU0,ipv4,l2fib_mgr,0,32365,1,0,0,0,0,0,0

2020-02-06 19:02:09.162000+00:00,spine3,sg4,1,obt-collector1,4727,0/0/CPU0,ipv4,PBR_EA,0,4727,1,0,0,0,0,0,0

2020-02-06 19:02:09.162000+00:00,spine3,sg4,1,obt-collector1,6458,0/0/CPU0,ipv4,bfd_pd_0,1581011764010090875,6458,1,0,0,28,28,0,0

2020-02-06 19:02:09.162000+00:00,spine3,sg4,1,obt-collector1,6474,0/0/CPU0,ipv4,spio_ea,0,6474,1,0,0,0,0,0,0

2020-02-06 19:02:09.162000+00:00,spine3,sg4,1,obt-collector1,6678,0/0/CPU0,ipv4,IPV4_ABF,0,6678,1,0,0,0,0,0,0

2020-02-06 19:02:09.162000+00:00,spine3,sg4,1,obt-collector1,840,0/0/CPU0,ipv4,mfwd,0,840,1,0,0,0,0,0,0

2020-02-06 19:02:09.164000+00:00,spine3,sg4,1,obt-collector1,3185,0/0/CPU0,ipv6,LI,0,3185,1,1,0,0,0,0,0

2020-02-06 19:02:09.164000+00:00,spine3,sg4,1,obt-collector1,32365,0/0/CPU0,ipv6,l2fib_mgr,0,32365,1,1,0,0,0,0,0

2020-02-06 19:02:09.164000+00:00,spine3,sg4,1,obt-collector1,4727,0/0/CPU0,ipv6,PBR_EA,0,4727,1,1,0,0,0,0,0

2020-02-06 19:02:09.164000+00:00,spine3,sg4,1,obt-collector1,6458,0/0/CPU0,ipv6,bfd_pd_0,1581011762619217434,6458,1,1,0,32,32,0,0

2020-02-06 19:02:09.164000+00:00,spine3,sg4,1,obt-collector1,6474,0/0/CPU0,ipv6,spio_ea,0,6474,1,1,0,0,0,0,0

2020-02-06 19:02:09.164000+00:00,spine3,sg4,1,obt-collector1,6678,0/0/CPU0,ipv6,IPV6_ABF,0,6678,1,1,0,0,0,0,0

2020-02-06 19:02:09.169000+00:00,spine3,sg4,1,obt-collector1,1154,0/RP0/CPU0,ipv4,ipv6_IPV4_MRIB,0,1154,1,0,0,0,0,0,0

2020-02-06 19:02:09.169000+00:00,spine3,sg4,1,obt-collector1,2202,0/RP0/CPU0,ipv4,mfwd6,0,2202,1,0,0,0,0,0,0

2020-02-06 19:02:09.169000+00:00,spine3,sg4,1,obt-collector1,2599,0/RP0/CPU0,ipv4,l2vpn_mgr,0,2599,1,0,0,0,0,0,0

2020-02-06 19:02:09.169000+00:00,spine3,sg4,1,obt-collector1,3225,0/RP0/CPU0,ipv4,object_tracking,0,3225,1,0,0,0,0,0,0

2020-02-06 19:02:09.169000+00:00,spine3,sg4,1,obt-collector1,32365,0/RP0/CPU0,ipv4,l2fib_mgr,0,32365,1,0,0,0,0,0,0

2020-02-06 19:02:09.169000+00:00,spine3,sg4,1,obt-collector1,6652,0/RP0/CPU0,ipv4,XTC_AGENT,0,6652,1,0,0,0,0,0,0

2020-02-06 19:02:09.169000+00:00,spine3,sg4,1,obt-collector1,773,0/RP0/CPU0,ipv4,ipv4_IPV4_MRIB,0,773,1,0,0,0,0,0,0

2020-02-06 19:02:09.169000+00:00,spine3,sg4,1,obt-collector1,840,0/RP0/CPU0,ipv4,mfwd,0,840,1,0,0,0,0,0,0

2020-02-06 19:02:09.171000+00:00,spine3,sg4,1,obt-collector1,2599,0/RP0/CPU0,ipv6,l2vpn_mgr,0,2599,1,1,0,0,0,0,0

2020-02-06 19:02:09.171000+00:00,spine3,sg4,1,obt-collector1,32365,0/RP0/CPU0,ipv6,l2fib_mgr,0,32365,1,1,0,0,0,0,0

2020-02-06 19:02:59.108000+00:00,spine3,sg4,1,obt-collector1,2137,0/0/CPU0,ipv4,bfd_agent,0,2137,1,0,0,0,0,0,0

2020-02-06 19:02:59.108000+00:00,spine3,sg4,1,obt-collector1,2202,0/0/CPU0,ipv4,mfwd6,0,2202,1,0,0,0,0,0,0

2020-02-06 19:02:59.108000+00:00,spine3,sg4,1,obt-collector1,3185,0/0/CPU0,ipv4,LI,0,3185,1,0,0,0,0,0,0

2020-02-06 19:02:59.108000+00:00,spine3,sg4,1,obt-collector1,32365,0/0/CPU0,ipv4,l2fib_mgr,0,32365,1,0,0,0,0,0,0

2020-02-06 19:02:59.108000+00:00,spine3,sg4,1,obt-collector1,4727,0/0/CPU0,ipv4,PBR_EA,0,4727,1,0,0,0,0,0,0

2020-02-06 19:02:59.108000+00:00,spine3,sg4,1,obt-collector1,6458,0/0/CPU0,ipv4,bfd_pd_0,1581011764010090875,6458,1,0,0,28,28,0,0

2020-02-06 19:02:59.108000+00:00,spine3,sg4,1,obt-collector1,6474,0/0/CPU0,ipv4,spio_ea,0,6474,1,0,0,0,0,0,0

2020-02-06 19:02:59.108000+00:00,spine3,sg4,1,obt-collector1,6678,0/0/CPU0,ipv4,IPV4_ABF,0,6678,1,0,0,0,0,0,0

2020-02-06 19:02:59.108000+00:00,spine3,sg4,1,obt-collector1,840,0/0/CPU0,ipv4,mfwd,0,840,1,0,0,0,0,0,0

2020-02-06 19:02:59.109000+00:00,spine3,sg4,1,obt-collector1,3185,0/0/CPU0,ipv6,LI,0,3185,1,1,0,0,0,0,0

2020-02-06 19:02:59.109000+00:00,spine3,sg4,1,obt-collector1,32365,0/0/CPU0,ipv6,l2fib_mgr,0,32365,1,1,0,0,0,0,0

2020-02-06 19:02:59.109000+00:00,spine3,sg4,1,obt-collector1,4727,0/0/CPU0,ipv6,PBR_EA,0,4727,1,1,0,0,0,0,0

2020-02-06 19:02:59.109000+00:00,spine3,sg4,1,obt-collector1,6458,0/0/CPU0,ipv6,bfd_pd_0,1581011762619217434,6458,1,1,0,32,32,0,0

2020-02-06 19:02:59.109000+00:00,spine3,sg4,1,obt-collector1,6474,0/0/CPU0,ipv6,spio_ea,0,6474,1,1,0,0,0,0,0

2020-02-06 19:02:59.109000+00:00,spine3,sg4,1,obt-collector1,6678,0/0/CPU0,ipv6,IPV6_ABF,0,6678,1,1,0,0,0,0,0

2020-02-06 19:02:59.119000+00:00,spine3,sg4,1,obt-collector1,1154,0/RP0/CPU0,ipv4,ipv6_IPV4_MRIB,0,1154,1,0,0,0,0,0,0

2020-02-06 19:02:59.119000+00:00,spine3,sg4,1,obt-collector1,2202,0/RP0/CPU0,ipv4,mfwd6,0,2202,1,0,0,0,0,0,0

2020-02-06 19:02:59.119000+00:00,spine3,sg4,1,obt-collector1,2599,0/RP0/CPU0,ipv4,l2vpn_mgr,0,2599,1,0,0,0,0,0,0

2020-02-06 19:02:59.119000+00:00,spine3,sg4,1,obt-collector1,3225,0/RP0/CPU0,ipv4,object_tracking,0,3225,1,0,0,0,0,0,0

2020-02-06 19:02:59.119000+00:00,spine3,sg4,1,obt-collector1,32365,0/RP0/CPU0,ipv4,l2fib_mgr,0,32365,1,0,0,0,0,0,0

2020-02-06 19:02:59.119000+00:00,spine3,sg4,1,obt-collector1,6652,0/RP0/CPU0,ipv4,XTC_AGENT,0,6652,1,0,0,0,0,0,0

2020-02-06 19:02:59.119000+00:00,spine3,sg4,1,obt-collector1,773,0/RP0/CPU0,ipv4,ipv4_IPV4_MRIB,0,773,1,0,0,0,0,0,0

2020-02-06 19:02:59.119000+00:00,spine3,sg4,1,obt-collector1,840,0/RP0/CPU0,ipv4,mfwd,0,840,1,0,0,0,0,0,0

2020-02-06 19:02:59.121000+00:00,spine3,sg4,1,obt-collector1,2599,0/RP0/CPU0,ipv6,l2vpn_mgr,0,2599,1,1,0,0,0,0,0

2020-02-06 19:02:59.121000+00:00,spine3,sg4,1,obt-collector1,32365,0/RP0/CPU0,ipv6,l2fib_mgr,0,32365,1,1,0,0,0,0,0

2020-02-06 19:04:54.220000+00:00,spine3,sg4,1,obt-collector1,2137,0/0/CPU0,ipv4,bfd_agent,0,2137,1,0,0,0,0,0,0

2020-02-06 19:04:54.220000+00:00,spine3,sg4,1,obt-collector1,2202,0/0/CPU0,ipv4,mfwd6,0,2202,1,0,0,0,0,0,0

2020-02-06 19:04:54.220000+00:00,spine3,sg4,1,obt-collector1,3185,0/0/CPU0,ipv4,LI,0,3185,1,0,0,0,0,0,0

2020-02-06 19:04:54.220000+00:00,spine3,sg4,1,obt-collector1,32365,0/0/CPU0,ipv4,l2fib_mgr,0,32365,1,0,0,0,0,0,0

2020-02-06 19:04:54.220000+00:00,spine3,sg4,1,obt-collector1,4727,0/0/CPU0,ipv4,PBR_EA,0,4727,1,0,0,0,0,0,0

2020-02-06 19:04:54.220000+00:00,spine3,sg4,1,obt-collector1,6458,0/0/CPU0,ipv4,bfd_pd_0,1581011764010090875,6458,1,0,0,28,28,0,0

2020-02-06 19:04:54.220000+00:00,spine3,sg4,1,obt-collector1,6474,0/0/CPU0,ipv4,spio_ea,0,6474,1,0,0,0,0,0,0

2020-02-06 19:04:54.220000+00:00,spine3,sg4,1,obt-collector1,6678,0/0/CPU0,ipv4,IPV4_ABF,0,6678,1,0,0,0,0,0,0

2020-02-06 19:04:54.220000+00:00,spine3,sg4,1,obt-collector1,840,0/0/CPU0,ipv4,mfwd,0,840,1,0,0,0,0,0,0

2020-02-06 19:04:54.222000+00:00,spine3,sg4,1,obt-collector1,3185,0/0/CPU0,ipv6,LI,0,3185,1,1,0,0,0,0,0

2020-02-06 19:04:54.222000+00:00,spine3,sg4,1,obt-collector1,32365,0/0/CPU0,ipv6,l2fib_mgr,0,32365,1,1,0,0,0,0,0

2020-02-06 19:04:54.222000+00:00,spine3,sg4,1,obt-collector1,4727,0/0/CPU0,ipv6,PBR_EA,0,4727,1,1,0,0,0,0,0

2020-02-06 19:04:54.222000+00:00,spine3,sg4,1,obt-collector1,6458,0/0/CPU0,ipv6,bfd_pd_0,1581011762619217434,6458,1,1,0,32,32,0,0

2020-02-06 19:04:54.222000+00:00,spine3,sg4,1,obt-collector1,6474,0/0/CPU0,ipv6,spio_ea,0,6474,1,1,0,0,0,0,0

2020-02-06 19:04:54.222000+00:00,spine3,sg4,1,obt-collector1,6678,0/0/CPU0,ipv6,IPV6_ABF,0,6678,1,1,0,0,0,0,0

2020-02-06 19:04:54.226000+00:00,spine3,sg4,1,obt-collector1,1154,0/RP0/CPU0,ipv4,ipv6_IPV4_MRIB,0,1154,1,0,0,0,0,0,0

2020-02-06 19:04:54.226000+00:00,spine3,sg4,1,obt-collector1,2202,0/RP0/CPU0,ipv4,mfwd6,0,2202,1,0,0,0,0,0,0

2020-02-06 19:04:54.226000+00:00,spine3,sg4,1,obt-collector1,2599,0/RP0/CPU0,ipv4,l2vpn_mgr,0,2599,1,0,0,0,0,0,0

2020-02-06 19:04:54.226000+00:00,spine3,sg4,1,obt-collector1,3225,0/RP0/CPU0,ipv4,object_tracking,0,3225,1,0,0,0,0,0,0

2020-02-06 19:04:54.226000+00:00,spine3,sg4,1,obt-collector1,32365,0/RP0/CPU0,ipv4,l2fib_mgr,0,32365,1,0,0,0,0,0,0

2020-02-06 19:04:54.226000+00:00,spine3,sg4,1,obt-collector1,6652,0/RP0/CPU0,ipv4,XTC_AGENT,0,6652,1,0,0,0,0,0,0

2020-02-06 19:04:54.226000+00:00,spine3,sg4,1,obt-collector1,773,0/RP0/CPU0,ipv4,ipv4_IPV4_MRIB,0,773,1,0,0,0,0,0,0

2020-02-06 19:04:54.226000+00:00,spine3,sg4,1,obt-collector1,840,0/RP0/CPU0,ipv4,mfwd,0,840,1,0,0,0,0,0,0

2020-02-06 19:04:54.227000+00:00,spine3,sg4,1,obt-collector1,2599,0/RP0/CPU0,ipv6,l2vpn_mgr,0,2599,1,1,0,0,0,0,0

2020-02-06 19:04:54.227000+00:00,spine3,sg4,1,obt-collector1,32365,0/RP0/CPU0,ipv6,l2fib_mgr,0,32365,1,1,0,0,0,0,0

2020-02-06 19:04:59.355000+00:00,spine3,sg4,1,obt-collector1,2137,0/0/CPU0,ipv4,bfd_agent,0,2137,1,0,0,0,0,0,0

2020-02-06 19:04:59.355000+00:00,spine3,sg4,1,obt-collector1,2202,0/0/CPU0,ipv4,mfwd6,0,2202,1,0,0,0,0,0,0

2020-02-06 19:04:59.355000+00:00,spine3,sg4,1,obt-collector1,3185,0/0/CPU0,ipv4,LI,0,3185,1,0,0,0,0,0,0

2020-02-06 19:04:59.355000+00:00,spine3,sg4,1,obt-collector1,32365,0/0/CPU0,ipv4,l2fib_mgr,0,32365,1,0,0,0,0,0,0

2020-02-06 19:04:59.355000+00:00,spine3,sg4,1,obt-collector1,4727,0/0/CPU0,ipv4,PBR_EA,0,4727,1,0,0,0,0,0,0

2020-02-06 19:04:59.355000+00:00,spine3,sg4,1,obt-collector1,6458,0/0/CPU0,ipv4,bfd_pd_0,1581011764010090875,6458,1,0,0,28,28,0,0

2020-02-06 19:04:59.355000+00:00,spine3,sg4,1,obt-collector1,6474,0/0/CPU0,ipv4,spio_ea,0,6474,1,0,0,0,0,0,0

2020-02-06 19:04:59.355000+00:00,spine3,sg4,1,obt-collector1,6678,0/0/CPU0,ipv4,IPV4_ABF,0,6678,1,0,0,0,0,0,0

2020-02-06 19:04:59.355000+00:00,spine3,sg4,1,obt-collector1,840,0/0/CPU0,ipv4,mfwd,0,840,1,0,0,0,0,0,0

2020-02-06 19:04:59.357000+00:00,spine3,sg4,1,obt-collector1,3185,0/0/CPU0,ipv6,LI,0,3185,1,1,0,0,0,0,0

2020-02-06 19:04:59.357000+00:00,spine3,sg4,1,obt-collector1,32365,0/0/CPU0,ipv6,l2fib_mgr,0,32365,1,1,0,0,0,0,0

2020-02-06 19:04:59.357000+00:00,spine3,sg4,1,obt-collector1,4727,0/0/CPU0,ipv6,PBR_EA,0,4727,1,1,0,0,0,0,0

2020-02-06 19:04:59.357000+00:00,spine3,sg4,1,obt-collector1,6458,0/0/CPU0,ipv6,bfd_pd_0,1581011762619217434,6458,1,1,0,32,32,0,0

2020-02-06 19:04:59.357000+00:00,spine3,sg4,1,obt-collector1,6474,0/0/CPU0,ipv6,spio_ea,0,6474,1,1,0,0,0,0,0

2020-02-06 19:04:59.357000+00:00,spine3,sg4,1,obt-collector1,6678,0/0/CPU0,ipv6,IPV6_ABF,0,6678,1,1,0,0,0,0,0

2020-02-06 19:04:59.361000+00:00,spine3,sg4,1,obt-collector1,1154,0/RP0/CPU0,ipv4,ipv6_IPV4_MRIB,0,1154,1,0,0,0,0,0,0

2020-02-06 19:04:59.361000+00:00,spine3,sg4,1,obt-collector1,2202,0/RP0/CPU0,ipv4,mfwd6,0,2202,1,0,0,0,0,0,0

2020-02-06 19:04:59.361000+00:00,spine3,sg4,1,obt-collector1,2599,0/RP0/CPU0,ipv4,l2vpn_mgr,0,2599,1,0,0,0,0,0,0

2020-02-06 19:04:59.361000+00:00,spine3,sg4,1,obt-collector1,3225,0/RP0/CPU0,ipv4,object_tracking,0,3225,1,0,0,0,0,0,0

2020-02-06 19:04:59.361000+00:00,spine3,sg4,1,obt-collector1,32365,0/RP0/CPU0,ipv4,l2fib_mgr,0,32365,1,0,0,0,0,0,0

2020-02-06 19:04:59.361000+00:00,spine3,sg4,1,obt-collector1,6652,0/RP0/CPU0,ipv4,XTC_AGENT,0,6652,1,0,0,0,0,0,0

2020-02-06 19:04:59.361000+00:00,spine3,sg4,1,obt-collector1,773,0/RP0/CPU0,ipv4,ipv4_IPV4_MRIB,0,773,1,0,0,0,0,0,0

2020-02-06 19:04:59.361000+00:00,spine3,sg4,1,obt-collector1,840,0/RP0/CPU0,ipv4,mfwd,0,840,1,0,0,0,0,0,0

2020-02-06 19:04:59.363000+00:00,spine3,sg4,1,obt-collector1,2599,0/RP0/CPU0,ipv6,l2vpn_mgr,0,2599,1,1,0,0,0,0,0

2020-02-06 19:04:59.363000+00:00,spine3,sg4,1,obt-collector1,32365,0/RP0/CPU0,ipv6,l2fib_mgr,0,32365,1,1,0,0,0,0,0

2020-02-06 19:05:18.684000+00:00,spine3,sg4,1,obt-collector1,2137,0/0/CPU0,ipv4,bfd_agent,0,2137,1,0,0,0,0,0,0

2020-02-06 19:05:18.684000+00:00,spine3,sg4,1,obt-collector1,2202,0/0/CPU0,ipv4,mfwd6,0,2202,1,0,0,0,0,0,0

2020-02-06 19:05:18.684000+00:00,spine3,sg4,1,obt-collector1,3185,0/0/CPU0,ipv4,LI,0,3185,1,0,0,0,0,0,0

2020-02-06 19:05:18.684000+00:00,spine3,sg4,1,obt-collector1,32365,0/0/CPU0,ipv4,l2fib_mgr,0,32365,1,0,0,0,0,0,0

2020-02-06 19:05:18.684000+00:00,spine3,sg4,1,obt-collector1,4727,0/0/CPU0,ipv4,PBR_EA,0,4727,1,0,0,0,0,0,0

2020-02-06 19:05:18.684000+00:00,spine3,sg4,1,obt-collector1,6458,0/0/CPU0,ipv4,bfd_pd_0,1581011764010090875,6458,1,0,0,28,28,0,0

2020-02-06 19:05:18.684000+00:00,spine3,sg4,1,obt-collector1,6474,0/0/CPU0,ipv4,spio_ea,0,6474,1,0,0,0,0,0,0

2020-02-06 19:05:18.684000+00:00,spine3,sg4,1,obt-collector1,6678,0/0/CPU0,ipv4,IPV4_ABF,0,6678,1,0,0,0,0,0,0

2020-02-06 19:05:18.684000+00:00,spine3,sg4,1,obt-collector1,840,0/0/CPU0,ipv4,mfwd,0,840,1,0,0,0,0,0,0

2020-02-06 19:05:18.689000+00:00,spine3,sg4,1,obt-collector1,3185,0/0/CPU0,ipv6,LI,0,3185,1,1,0,0,0,0,0

2020-02-06 19:05:18.689000+00:00,spine3,sg4,1,obt-collector1,32365,0/0/CPU0,ipv6,l2fib_mgr,0,32365,1,1,0,0,0,0,0

2020-02-06 19:05:18.689000+00:00,spine3,sg4,1,obt-collector1,4727,0/0/CPU0,ipv6,PBR_EA,0,4727,1,1,0,0,0,0,0

2020-02-06 19:05:18.689000+00:00,spine3,sg4,1,obt-collector1,6458,0/0/CPU0,ipv6,bfd_pd_0,1581011762619217434,6458,1,1,0,32,32,0,0

2020-02-06 19:05:18.689000+00:00,spine3,sg4,1,obt-collector1,6474,0/0/CPU0,ipv6,spio_ea,0,6474,1,1,0,0,0,0,0

2020-02-06 19:05:18.689000+00:00,spine3,sg4,1,obt-collector1,6678,0/0/CPU0,ipv6,IPV6_ABF,0,6678,1,1,0,0,0,0,0

2020-02-06 19:05:18.705000+00:00,spine3,sg4,1,obt-collector1,1154,0/RP0/CPU0,ipv4,ipv6_IPV4_MRIB,0,1154,1,0,0,0,0,0,0

2020-02-06 19:05:18.705000+00:00,spine3,sg4,1,obt-collector1,2202,0/RP0/CPU0,ipv4,mfwd6,0,2202,1,0,0,0,0,0,0

2020-02-06 19:05:18.705000+00:00,spine3,sg4,1,obt-collector1,2599,0/RP0/CPU0,ipv4,l2vpn_mgr,0,2599,1,0,0,0,0,0,0

2020-02-06 19:05:18.705000+00:00,spine3,sg4,1,obt-collector1,3225,0/RP0/CPU0,ipv4,object_tracking,0,3225,1,0,0,0,0,0,0

2020-02-06 19:05:18.705000+00:00,spine3,sg4,1,obt-collector1,32365,0/RP0/CPU0,ipv4,l2fib_mgr,0,32365,1,0,0,0,0,0,0

2020-02-06 19:05:18.705000+00:00,spine3,sg4,1,obt-collector1,6652,0/RP0/CPU0,ipv4,XTC_AGENT,0,6652,1,0,0,0,0,0,0

2020-02-06 19:05:18.705000+00:00,spine3,sg4,1,obt-collector1,773,0/RP0/CPU0,ipv4,ipv4_IPV4_MRIB,0,773,1,0,0,0,0,0,0

2020-02-06 19:05:18.705000+00:00,spine3,sg4,1,obt-collector1,840,0/RP0/CPU0,ipv4,mfwd,0,840,1,0,0,0,0,0,0

2020-02-06 19:05:18.709000+00:00,spine3,sg4,1,obt-collector1,2599,0/RP0/CPU0,ipv6,l2vpn_mgr,0,2599,1,1,0,0,0,0,0

2020-02-06 19:05:18.709000+00:00,spine3,sg4,1,obt-collector1,32365,0/RP0/CPU0,ipv6,l2fib_mgr,0,32365,1,1,0,0,0,0,0

2020-02-06 19:05:28.136000+00:00,spine3,sg4,1,obt-collector1,2137,0/0/CPU0,ipv4,bfd_agent,0,2137,1,0,0,0,0,0,0

2020-02-06 19:05:28.136000+00:00,spine3,sg4,1,obt-collector1,2202,0/0/CPU0,ipv4,mfwd6,0,2202,1,0,0,0,0,0,0

2020-02-06 19:05:28.136000+00:00,spine3,sg4,1,obt-collector1,3185,0/0/CPU0,ipv4,LI,0,3185,1,0,0,0,0,0,0

2020-02-06 19:05:28.136000+00:00,spine3,sg4,1,obt-collector1,32365,0/0/CPU0,ipv4,l2fib_mgr,0,32365,1,0,0,0,0,0,0

2020-02-06 19:05:28.136000+00:00,spine3,sg4,1,obt-collector1,4727,0/0/CPU0,ipv4,PBR_EA,0,4727,1,0,0,0,0,0,0

2020-02-06 19:05:28.136000+00:00,spine3,sg4,1,obt-collector1,6458,0/0/CPU0,ipv4,bfd_pd_0,1581011764010090875,6458,1,0,0,28,28,0,0

2020-02-06 19:05:28.136000+00:00,spine3,sg4,1,obt-collector1,6474,0/0/CPU0,ipv4,spio_ea,0,6474,1,0,0,0,0,0,0

2020-02-06 19:05:28.136000+00:00,spine3,sg4,1,obt-collector1,6678,0/0/CPU0,ipv4,IPV4_ABF,0,6678,1,0,0,0,0,0,0

2020-02-06 19:05:28.136000+00:00,spine3,sg4,1,obt-collector1,840,0/0/CPU0,ipv4,mfwd,0,840,1,0,0,0,0,0,0

2020-02-06 19:05:28.138000+00:00,spine3,sg4,1,obt-collector1,3185,0/0/CPU0,ipv6,LI,0,3185,1,1,0,0,0,0,0

2020-02-06 19:05:28.138000+00:00,spine3,sg4,1,obt-collector1,32365,0/0/CPU0,ipv6,l2fib_mgr,0,32365,1,1,0,0,0,0,0

2020-02-06 19:05:28.138000+00:00,spine3,sg4,1,obt-collector1,4727,0/0/CPU0,ipv6,PBR_EA,0,4727,1,1,0,0,0,0,0

2020-02-06 19:05:28.138000+00:00,spine3,sg4,1,obt-collector1,6458,0/0/CPU0,ipv6,bfd_pd_0,1581011762619217434,6458,1,1,0,32,32,0,0

2020-02-06 19:05:28.138000+00:00,spine3,sg4,1,obt-collector1,6474,0/0/CPU0,ipv6,spio_ea,0,6474,1,1,0,0,0,0,0

2020-02-06 19:05:28.138000+00:00,spine3,sg4,1,obt-collector1,6678,0/0/CPU0,ipv6,IPV6_ABF,0,6678,1,1,0,0,0,0,0

2020-02-06 19:05:28.143000+00:00,spine3,sg4,1,obt-collector1,1154,0/RP0/CPU0,ipv4,ipv6_IPV4_MRIB,0,1154,1,0,0,0,0,0,0

2020-02-06 19:05:28.143000+00:00,spine3,sg4,1,obt-collector1,2202,0/RP0/CPU0,ipv4,mfwd6,0,2202,1,0,0,0,0,0,0

2020-02-06 19:05:28.143000+00:00,spine3,sg4,1,obt-collector1,2599,0/RP0/CPU0,ipv4,l2vpn_mgr,0,2599,1,0,0,0,0,0,0

2020-02-06 19:05:28.143000+00:00,spine3,sg4,1,obt-collector1,3225,0/RP0/CPU0,ipv4,object_tracking,0,3225,1,0,0,0,0,0,0

2020-02-06 19:05:28.143000+00:00,spine3,sg4,1,obt-collector1,32365,0/RP0/CPU0,ipv4,l2fib_mgr,0,32365,1,0,0,0,0,0,0

2020-02-06 19:05:28.143000+00:00,spine3,sg4,1,obt-collector1,6652,0/RP0/CPU0,ipv4,XTC_AGENT,0,6652,1,0,0,0,0,0,0

2020-02-06 19:05:28.143000+00:00,spine3,sg4,1,obt-collector1,773,0/RP0/CPU0,ipv4,ipv4_IPV4_MRIB,0,773,1,0,0,0,0,0,0

2020-02-06 19:05:28.143000+00:00,spine3,sg4,1,obt-collector1,840,0/RP0/CPU0,ipv4,mfwd,0,840,1,0,0,0,0,0,0

2020-02-06 19:05:28.144000+00:00,spine3,sg4,1,obt-collector1,2599,0/RP0/CPU0,ipv6,l2vpn_mgr,0,2599,1,1,0,0,0,0,0

2020-02-06 19:05:28.144000+00:00,spine3,sg4,1,obt-collector1,32365,0/RP0/CPU0,ipv6,l2fib_mgr,0,32365,1,1,0,0,0,0,0

2020-02-06 19:06:17.769000+00:00,spine3,sg4,1,obt-collector1,2137,0/0/CPU0,ipv4,bfd_agent,0,2137,1,0,0,0,0,0,0

2020-02-06 19:06:17.769000+00:00,spine3,sg4,1,obt-collector1,2202,0/0/CPU0,ipv4,mfwd6,0,2202,1,0,0,0,0,0,0

2020-02-06 19:06:17.769000+00:00,spine3,sg4,1,obt-collector1,3185,0/0/CPU0,ipv4,LI,0,3185,1,0,0,0,0,0,0

2020-02-06 19:06:17.769000+00:00,spine3,sg4,1,obt-collector1,32365,0/0/CPU0,ipv4,l2fib_mgr,0,32365,1,0,0,0,0,0,0

2020-02-06 19:06:17.769000+00:00,spine3,sg4,1,obt-collector1,4727,0/0/CPU0,ipv4,PBR_EA,0,4727,1,0,0,0,0,0,0

2020-02-06 19:06:17.769000+00:00,spine3,sg4,1,obt-collector1,6458,0/0/CPU0,ipv4,bfd_pd_0,1581011764010090875,6458,1,0,0,28,28,0,0

2020-02-06 19:06:17.769000+00:00,spine3,sg4,1,obt-collector1,6474,0/0/CPU0,ipv4,spio_ea,0,6474,1,0,0,0,0,0,0

2020-02-06 19:06:17.769000+00:00,spine3,sg4,1,obt-collector1,6678,0/0/CPU0,ipv4,IPV4_ABF,0,6678,1,0,0,0,0,0,0

2020-02-06 19:06:17.769000+00:00,spine3,sg4,1,obt-collector1,840,0/0/CPU0,ipv4,mfwd,0,840,1,0,0,0,0,0,0

2020-02-06 19:06:17.771000+00:00,spine3,sg4,1,obt-collector1,3185,0/0/CPU0,ipv6,LI,0,3185,1,1,0,0,0,0,0

2020-02-06 19:06:17.771000+00:00,spine3,sg4,1,obt-collector1,32365,0/0/CPU0,ipv6,l2fib_mgr,0,32365,1,1,0,0,0,0,0

2020-02-06 19:06:17.771000+00:00,spine3,sg4,1,obt-collector1,4727,0/0/CPU0,ipv6,PBR_EA,0,4727,1,1,0,0,0,0,0

2020-02-06 19:06:17.771000+00:00,spine3,sg4,1,obt-collector1,6458,0/0/CPU0,ipv6,bfd_pd_0,1581011762619217434,6458,1,1,0,32,32,0,0

2020-02-06 19:06:17.771000+00:00,spine3,sg4,1,obt-collector1,6474,0/0/CPU0,ipv6,spio_ea,0,6474,1,1,0,0,0,0,0

2020-02-06 19:06:17.771000+00:00,spine3,sg4,1,obt-collector1,6678,0/0/CPU0,ipv6,IPV6_ABF,0,6678,1,1,0,0,0,0,0

2020-02-06 19:06:17.775000+00:00,spine3,sg4,1,obt-collector1,1154,0/RP0/CPU0,ipv4,ipv6_IPV4_MRIB,0,1154,1,0,0,0,0,0,0

2020-02-06 19:06:17.775000+00:00,spine3,sg4,1,obt-collector1,2202,0/RP0/CPU0,ipv4,mfwd6,0,2202,1,0,0,0,0,0,0

2020-02-06 19:06:17.775000+00:00,spine3,sg4,1,obt-collector1,2599,0/RP0/CPU0,ipv4,l2vpn_mgr,0,2599,1,0,0,0,0,0,0

2020-02-06 19:06:17.775000+00:00,spine3,sg4,1,obt-collector1,3225,0/RP0/CPU0,ipv4,object_tracking,0,3225,1,0,0,0,0,0,0

2020-02-06 19:06:17.775000+00:00,spine3,sg4,1,obt-collector1,32365,0/RP0/CPU0,ipv4,l2fib_mgr,0,32365,1,0,0,0,0,0,0

2020-02-06 19:06:17.775000+00:00,spine3,sg4,1,obt-collector1,6652,0/RP0/CPU0,ipv4,XTC_AGENT,0,6652,1,0,0,0,0,0,0

2020-02-06 19:06:17.775000+00:00,spine3,sg4,1,obt-collector1,773,0/RP0/CPU0,ipv4,ipv4_IPV4_MRIB,0,773,1,0,0,0,0,0,0

2020-02-06 19:06:17.775000+00:00,spine3,sg4,1,obt-collector1,840,0/RP0/CPU0,ipv4,mfwd,0,840,1,0,0,0,0,0,0

2020-02-06 19:06:17.777000+00:00,spine3,sg4,1,obt-collector1,2599,0/RP0/CPU0,ipv6,l2vpn_mgr,0,2599,1,1,0,0,0,0,0

2020-02-06 19:06:17.777000+00:00,spine3,sg4,1,obt-collector1,32365,0/RP0/CPU0,ipv6,l2fib_mgr,0,32365,1,1,0,0,0,0,0

2020-02-06 19:06:22.767000+00:00,spine3,sg4,1,obt-collector1,3185,0/0/CPU0,ipv4,LI,0,3185,1,0,0,0,0,0,0

2020-02-06 19:06:22.767000+00:00,spine3,sg4,1,obt-collector1,32365,0/0/CPU0,ipv4,l2fib_mgr,0,32365,1,0,0,0,0,0,0

2020-02-06 19:06:22.767000+00:00,spine3,sg4,1,obt-collector1,4727,0/0/CPU0,ipv4,PBR_EA,0,4727,1,0,0,0,0,0,0

2020-02-06 19:06:22.767000+00:00,spine3,sg4,1,obt-collector1,6458,0/0/CPU0,ipv4,bfd_pd_0,1581011764010090875,6458,1,0,0,28,28,0,0

2020-02-06 19:06:22.767000+00:00,spine3,sg4,1,obt-collector1,6474,0/0/CPU0,ipv4,spio_ea,0,6474,1,0,0,0,0,0,0

2020-02-06 19:06:22.768000+00:00,spine3,sg4,1,obt-collector1,2137,0/0/CPU0,ipv4,bfd_agent,0,2137,1,0,0,0,0,0,0

2020-02-06 19:06:22.768000+00:00,spine3,sg4,1,obt-collector1,2202,0/0/CPU0,ipv4,mfwd6,0,2202,1,0,0,0,0,0,0

2020-02-06 19:06:22.768000+00:00,spine3,sg4,1,obt-collector1,6678,0/0/CPU0,ipv4,IPV4_ABF,0,6678,1,0,0,0,0,0,0

2020-02-06 19:06:22.768000+00:00,spine3,sg4,1,obt-collector1,840,0/0/CPU0,ipv4,mfwd,0,840,1,0,0,0,0,0,0

2020-02-06 19:06:22.769000+00:00,spine3,sg4,1,obt-collector1,3185,0/0/CPU0,ipv6,LI,0,3185,1,1,0,0,0,0,0

2020-02-06 19:06:22.769000+00:00,spine3,sg4,1,obt-collector1,32365,0/0/CPU0,ipv6,l2fib_mgr,0,32365,1,1,0,0,0,0,0

2020-02-06 19:06:22.769000+00:00,spine3,sg4,1,obt-collector1,4727,0/0/CPU0,ipv6,PBR_EA,0,4727,1,1,0,0,0,0,0

2020-02-06 19:06:22.769000+00:00,spine3,sg4,1,obt-collector1,6458,0/0/CPU0,ipv6,bfd_pd_0,1581011762619217434,6458,1,1,0,32,32,0,0

2020-02-06 19:06:22.769000+00:00,spine3,sg4,1,obt-collector1,6474,0/0/CPU0,ipv6,spio_ea,0,6474,1,1,0,0,0,0,0

2020-02-06 19:06:22.769000+00:00,spine3,sg4,1,obt-collector1,6678,0/0/CPU0,ipv6,IPV6_ABF,0,6678,1,1,0,0,0,0,0

2020-02-06 19:06:22.774000+00:00,spine3,sg4,1,obt-collector1,1154,0/RP0/CPU0,ipv4,ipv6_IPV4_MRIB,0,1154,1,0,0,0,0,0,0

2020-02-06 19:06:22.774000+00:00,spine3,sg4,1,obt-collector1,2202,0/RP0/CPU0,ipv4,mfwd6,0,2202,1,0,0,0,0,0,0

2020-02-06 19:06:22.774000+00:00,spine3,sg4,1,obt-collector1,2599,0/RP0/CPU0,ipv4,l2vpn_mgr,0,2599,1,0,0,0,0,0,0

2020-02-06 19:06:22.774000+00:00,spine3,sg4,1,obt-collector1,3225,0/RP0/CPU0,ipv4,object_tracking,0,3225,1,0,0,0,0,0,0

2020-02-06 19:06:22.774000+00:00,spine3,sg4,1,obt-collector1,32365,0/RP0/CPU0,ipv4,l2fib_mgr,0,32365,1,0,0,0,0,0,0

2020-02-06 19:06:22.774000+00:00,spine3,sg4,1,obt-collector1,6652,0/RP0/CPU0,ipv4,XTC_AGENT,0,6652,1,0,0,0,0,0,0

2020-02-06 19:06:22.774000+00:00,spine3,sg4,1,obt-collector1,773,0/RP0/CPU0,ipv4,ipv4_IPV4_MRIB,0,773,1,0,0,0,0,0,0

2020-02-06 19:06:22.774000+00:00,spine3,sg4,1,obt-collector1,840,0/RP0/CPU0,ipv4,mfwd,0,840,1,0,0,0,0,0,0

2020-02-06 19:06:22.775000+00:00,spine3,sg4,1,obt-collector1,2599,0/RP0/CPU0,ipv6,l2vpn_mgr,0,2599,1,1,0,0,0,0,0

2020-02-06 19:06:22.775000+00:00,spine3,sg4,1,obt-collector1,32365,0/RP0/CPU0,ipv6,l2fib_mgr,0,32365,1,1,0,0,0,0,0

2020-02-06 19:06:47.061000+00:00,spine3,sg4,1,obt-collector1,3185,0/0/CPU0,ipv4,LI,0,3185,1,0,0,0,0,0,0

2020-02-06 19:06:47.061000+00:00,spine3,sg4,1,obt-collector1,32365,0/0/CPU0,ipv4,l2fib_mgr,0,32365,1,0,0,0,0,0,0

2020-02-06 19:06:47.061000+00:00,spine3,sg4,1,obt-collector1,4727,0/0/CPU0,ipv4,PBR_EA,0,4727,1,0,0,0,0,0,0

2020-02-06 19:06:47.061000+00:00,spine3,sg4,1,obt-collector1,6474,0/0/CPU0,ipv4,spio_ea,0,6474,1,0,0,0,0,0,0

2020-02-06 19:06:47.062000+00:00,spine3,sg4,1,obt-collector1,2137,0/0/CPU0,ipv4,bfd_agent,0,2137,1,0,0,0,0,0,0

2020-02-06 19:06:47.062000+00:00,spine3,sg4,1,obt-collector1,2202,0/0/CPU0,ipv4,mfwd6,0,2202,1,0,0,0,0,0,0

2020-02-06 19:06:47.062000+00:00,spine3,sg4,1,obt-collector1,6458,0/0/CPU0,ipv4,bfd_pd_0,1581011764010090875,6458,1,0,0,28,28,0,0

2020-02-06 19:06:47.062000+00:00,spine3,sg4,1,obt-collector1,6678,0/0/CPU0,ipv4,IPV4_ABF,0,6678,1,0,0,0,0,0,0

2020-02-06 19:06:47.062000+00:00,spine3,sg4,1,obt-collector1,840,0/0/CPU0,ipv4,mfwd,0,840,1,0,0,0,0,0,0

2020-02-06 19:06:47.063000+00:00,spine3,sg4,1,obt-collector1,3185,0/0/CPU0,ipv6,LI,0,3185,1,1,0,0,0,0,0

2020-02-06 19:06:47.063000+00:00,spine3,sg4,1,obt-collector1,32365,0/0/CPU0,ipv6,l2fib_mgr,0,32365,1,1,0,0,0,0,0

2020-02-06 19:06:47.063000+00:00,spine3,sg4,1,obt-collector1,4727,0/0/CPU0,ipv6,PBR_EA,0,4727,1,1,0,0,0,0,0

2020-02-06 19:06:47.063000+00:00,spine3,sg4,1,obt-collector1,6458,0/0/CPU0,ipv6,bfd_pd_0,1581011762619217434,6458,1,1,0,32,32,0,0

2020-02-06 19:06:47.063000+00:00,spine3,sg4,1,obt-collector1,6474,0/0/CPU0,ipv6,spio_ea,0,6474,1,1,0,0,0,0,0

2020-02-06 19:06:47.063000+00:00,spine3,sg4,1,obt-collector1,6678,0/0/CPU0,ipv6,IPV6_ABF,0,6678,1,1,0,0,0,0,0

2020-02-06 19:06:47.067000+00:00,spine3,sg4,1,obt-collector1,1154,0/RP0/CPU0,ipv4,ipv6_IPV4_MRIB,0,1154,1,0,0,0,0,0,0

2020-02-06 19:06:47.067000+00:00,spine3,sg4,1,obt-collector1,2202,0/RP0/CPU0,ipv4,mfwd6,0,2202,1,0,0,0,0,0,0

2020-02-06 19:06:47.067000+00:00,spine3,sg4,1,obt-collector1,2599,0/RP0/CPU0,ipv4,l2vpn_mgr,0,2599,1,0,0,0,0,0,0

2020-02-06 19:06:47.067000+00:00,spine3,sg4,1,obt-collector1,3225,0/RP0/CPU0,ipv4,object_tracking,0,3225,1,0,0,0,0,0,0

2020-02-06 19:06:47.067000+00:00,spine3,sg4,1,obt-collector1,32365,0/RP0/CPU0,ipv4,l2fib_mgr,0,32365,1,0,0,0,0,0,0

2020-02-06 19:06:47.067000+00:00,spine3,sg4,1,obt-collector1,6652,0/RP0/CPU0,ipv4,XTC_AGENT,0,6652,1,0,0,0,0,0,0

2020-02-06 19:06:47.067000+00:00,spine3,sg4,1,obt-collector1,773,0/RP0/CPU0,ipv4,ipv4_IPV4_MRIB,0,773,1,0,0,0,0,0,0

2020-02-06 19:06:47.067000+00:00,spine3,sg4,1,obt-collector1,840,0/RP0/CPU0,ipv4,mfwd,0,840,1,0,0,0,0,0,0

2020-02-06 19:06:47.069000+00:00,spine3,sg4,1,obt-collector1,2599,0/RP0/CPU0,ipv6,l2vpn_mgr,0,2599,1,1,0,0,0,0,0

2020-02-06 19:06:47.069000+00:00,spine3,sg4,1,obt-collector1,32365,0/RP0/CPU0,ipv6,l2fib_mgr,0,32365,1,1,0,0,0,0,0

2020-02-06 19:06:57.191000+00:00,spine3,sg4,1,obt-collector1,2137,0/0/CPU0,ipv4,bfd_agent,0,2137,1,0,0,0,0,0,0

2020-02-06 19:06:57.191000+00:00,spine3,sg4,1,obt-collector1,2202,0/0/CPU0,ipv4,mfwd6,0,2202,1,0,0,0,0,0,0

2020-02-06 19:06:57.191000+00:00,spine3,sg4,1,obt-collector1,3185,0/0/CPU0,ipv4,LI,0,3185,1,0,0,0,0,0,0

2020-02-06 19:06:57.191000+00:00,spine3,sg4,1,obt-collector1,32365,0/0/CPU0,ipv4,l2fib_mgr,0,32365,1,0,0,0,0,0,0

2020-02-06 19:06:57.191000+00:00,spine3,sg4,1,obt-collector1,4727,0/0/CPU0,ipv4,PBR_EA,0,4727,1,0,0,0,0,0,0

2020-02-06 19:06:57.191000+00:00,spine3,sg4,1,obt-collector1,6458,0/0/CPU0,ipv4,bfd_pd_0,1581011764010090875,6458,1,0,0,28,28,0,0

2020-02-06 19:06:57.191000+00:00,spine3,sg4,1,obt-collector1,6474,0/0/CPU0,ipv4,spio_ea,0,6474,1,0,0,0,0,0,0

2020-02-06 19:06:57.191000+00:00,spine3,sg4,1,obt-collector1,6678,0/0/CPU0,ipv4,IPV4_ABF,0,6678,1,0,0,0,0,0,0

2020-02-06 19:06:57.191000+00:00,spine3,sg4,1,obt-collector1,840,0/0/CPU0,ipv4,mfwd,0,840,1,0,0,0,0,0,0

2020-02-06 19:06:57.193000+00:00,spine3,sg4,1,obt-collector1,3185,0/0/CPU0,ipv6,LI,0,3185,1,1,0,0,0,0,0

2020-02-06 19:06:57.193000+00:00,spine3,sg4,1,obt-collector1,32365,0/0/CPU0,ipv6,l2fib_mgr,0,32365,1,1,0,0,0,0,0

2020-02-06 19:06:57.193000+00:00,spine3,sg4,1,obt-collector1,4727,0/0/CPU0,ipv6,PBR_EA,0,4727,1,1,0,0,0,0,0

2020-02-06 19:06:57.193000+00:00,spine3,sg4,1,obt-collector1,6458,0/0/CPU0,ipv6,bfd_pd_0,1581011762619217434,6458,1,1,0,32,32,0,0

2020-02-06 19:06:57.193000+00:00,spine3,sg4,1,obt-collector1,6474,0/0/CPU0,ipv6,spio_ea,0,6474,1,1,0,0,0,0,0

2020-02-06 19:06:57.193000+00:00,spine3,sg4,1,obt-collector1,6678,0/0/CPU0,ipv6,IPV6_ABF,0,6678,1,1,0,0,0,0,0

2020-02-06 19:06:57.197000+00:00,spine3,sg4,1,obt-collector1,1154,0/RP0/CPU0,ipv4,ipv6_IPV4_MRIB,0,1154,1,0,0,0,0,0,0

2020-02-06 19:06:57.197000+00:00,spine3,sg4,1,obt-collector1,2202,0/RP0/CPU0,ipv4,mfwd6,0,2202,1,0,0,0,0,0,0

2020-02-06 19:06:57.197000+00:00,spine3,sg4,1,obt-collector1,2599,0/RP0/CPU0,ipv4,l2vpn_mgr,0,2599,1,0,0,0,0,0,0

2020-02-06 19:06:57.197000+00:00,spine3,sg4,1,obt-collector1,3225,0/RP0/CPU0,ipv4,object_tracking,0,3225,1,0,0,0,0,0,0

2020-02-06 19:06:57.197000+00:00,spine3,sg4,1,obt-collector1,32365,0/RP0/CPU0,ipv4,l2fib_mgr,0,32365,1,0,0,0,0,0,0

2020-02-06 19:06:57.197000+00:00,spine3,sg4,1,obt-collector1,6652,0/RP0/CPU0,ipv4,XTC_AGENT,0,6652,1,0,0,0,0,0,0

2020-02-06 19:06:57.197000+00:00,spine3,sg4,1,obt-collector1,773,0/RP0/CPU0,ipv4,ipv4_IPV4_MRIB,0,773,1,0,0,0,0,0,0

2020-02-06 19:06:57.197000+00:00,spine3,sg4,1,obt-collector1,840,0/RP0/CPU0,ipv4,mfwd,0,840,1,0,0,0,0,0,0

2020-02-06 19:06:57.199000+00:00,spine3,sg4,1,obt-collector1,2599,0/RP0/CPU0,ipv6,l2vpn_mgr,0,2599,1,1,0,0,0,0,0

2020-02-06 19:06:57.199000+00:00,spine3,sg4,1,obt-collector1,32365,0/RP0/CPU0,ipv6,l2fib_mgr,0,32365,1,1,0,0,0,0,0

2020-02-06 19:07:12.315000+00:00,spine3,sg4,1,obt-collector1,2137,0/0/CPU0,ipv4,bfd_agent,0,2137,1,0,0,0,0,0,0

2020-02-06 19:07:12.315000+00:00,spine3,sg4,1,obt-collector1,2202,0/0/CPU0,ipv4,mfwd6,0,2202,1,0,0,0,0,0,0

2020-02-06 19:07:12.315000+00:00,spine3,sg4,1,obt-collector1,3185,0/0/CPU0,ipv4,LI,0,3185,1,0,0,0,0,0,0

2020-02-06 19:07:12.315000+00:00,spine3,sg4,1,obt-collector1,32365,0/0/CPU0,ipv4,l2fib_mgr,0,32365,1,0,0,0,0,0,0

2020-02-06 19:07:12.315000+00:00,spine3,sg4,1,obt-collector1,4727,0/0/CPU0,ipv4,PBR_EA,0,4727,1,0,0,0,0,0,0

2020-02-06 19:07:12.315000+00:00,spine3,sg4,1,obt-collector1,6458,0/0/CPU0,ipv4,bfd_pd_0,1581011764010090875,6458,1,0,0,28,28,0,0

2020-02-06 19:07:12.315000+00:00,spine3,sg4,1,obt-collector1,6474,0/0/CPU0,ipv4,spio_ea,0,6474,1,0,0,0,0,0,0

2020-02-06 19:07:12.315000+00:00,spine3,sg4,1,obt-collector1,6678,0/0/CPU0,ipv4,IPV4_ABF,0,6678,1,0,0,0,0,0,0

2020-02-06 19:07:12.315000+00:00,spine3,sg4,1,obt-collector1,840,0/0/CPU0,ipv4,mfwd,0,840,1,0,0,0,0,0,0

2020-02-06 19:07:12.317000+00:00,spine3,sg4,1,obt-collector1,3185,0/0/CPU0,ipv6,LI,0,3185,1,1,0,0,0,0,0

2020-02-06 19:07:12.317000+00:00,spine3,sg4,1,obt-collector1,32365,0/0/CPU0,ipv6,l2fib_mgr,0,32365,1,1,0,0,0,0,0

2020-02-06 19:07:12.317000+00:00,spine3,sg4,1,obt-collector1,4727,0/0/CPU0,ipv6,PBR_EA,0,4727,1,1,0,0,0,0,0

2020-02-06 19:07:12.317000+00:00,spine3,sg4,1,obt-collector1,6458,0/0/CPU0,ipv6,bfd_pd_0,1581011762619217434,6458,1,1,0,32,32,0,0

2020-02-06 19:07:12.317000+00:00,spine3,sg4,1,obt-collector1,6474,0/0/CPU0,ipv6,spio_ea,0,6474,1,1,0,0,0,0,0

2020-02-06 19:07:12.317000+00:00,spine3,sg4,1,obt-collector1,6678,0/0/CPU0,ipv6,IPV6_ABF,0,6678,1,1,0,0,0,0,0

2020-02-06 19:07:12.321000+00:00,spine3,sg4,1,obt-collector1,1154,0/RP0/CPU0,ipv4,ipv6_IPV4_MRIB,0,1154,1,0,0,0,0,0,0

2020-02-06 19:07:12.321000+00:00,spine3,sg4,1,obt-collector1,2202,0/RP0/CPU0,ipv4,mfwd6,0,2202,1,0,0,0,0,0,0

2020-02-06 19:07:12.321000+00:00,spine3,sg4,1,obt-collector1,2599,0/RP0/CPU0,ipv4,l2vpn_mgr,0,2599,1,0,0,0,0,0,0

2020-02-06 19:07:12.321000+00:00,spine3,sg4,1,obt-collector1,3225,0/RP0/CPU0,ipv4,object_tracking,0,3225,1,0,0,0,0,0,0

2020-02-06 19:07:12.321000+00:00,spine3,sg4,1,obt-collector1,32365,0/RP0/CPU0,ipv4,l2fib_mgr,0,32365,1,0,0,0,0,0,0

2020-02-06 19:07:12.321000+00:00,spine3,sg4,1,obt-collector1,6652,0/RP0/CPU0,ipv4,XTC_AGENT,0,6652,1,0,0,0,0,0,0

2020-02-06 19:07:12.321000+00:00,spine3,sg4,1,obt-collector1,773,0/RP0/CPU0,ipv4,ipv4_IPV4_MRIB,0,773,1,0,0,0,0,0,0

2020-02-06 19:07:12.321000+00:00,spine3,sg4,1,obt-collector1,840,0/RP0/CPU0,ipv4,mfwd,0,840,1,0,0,0,0,0,0

2020-02-06 19:07:12.323000+00:00,spine3,sg4,1,obt-collector1,2599,0/RP0/CPU0,ipv6,l2vpn_mgr,0,2599,1,1,0,0,0,0,0

2020-02-06 19:07:12.323000+00:00,spine3,sg4,1,obt-collector1,32365,0/RP0/CPU0,ipv6,l2fib_mgr,0,32365,1,1,0,0,0,0,0

2020-02-06 19:07:16.910000+00:00,spine3,sg4,1,obt-collector1,2137,0/0/CPU0,ipv4,bfd_agent,0,2137,1,0,0,0,0,0,0

2020-02-06 19:07:16.910000+00:00,spine3,sg4,1,obt-collector1,2202,0/0/CPU0,ipv4,mfwd6,0,2202,1,0,0,0,0,0,0

2020-02-06 19:07:16.910000+00:00,spine3,sg4,1,obt-collector1,3185,0/0/CPU0,ipv4,LI,0,3185,1,0,0,0,0,0,0

2020-02-06 19:07:16.910000+00:00,spine3,sg4,1,obt-collector1,32365,0/0/CPU0,ipv4,l2fib_mgr,0,32365,1,0,0,0,0,0,0

2020-02-06 19:07:16.910000+00:00,spine3,sg4,1,obt-collector1,4727,0/0/CPU0,ipv4,PBR_EA,0,4727,1,0,0,0,0,0,0

2020-02-06 19:07:16.910000+00:00,spine3,sg4,1,obt-collector1,6458,0/0/CPU0,ipv4,bfd_pd_0,1581011764010090875,6458,1,0,0,28,28,0,0

2020-02-06 19:07:16.910000+00:00,spine3,sg4,1,obt-collector1,6474,0/0/CPU0,ipv4,spio_ea,0,6474,1,0,0,0,0,0,0

2020-02-06 19:07:16.910000+00:00,spine3,sg4,1,obt-collector1,6678,0/0/CPU0,ipv4,IPV4_ABF,0,6678,1,0,0,0,0,0,0

2020-02-06 19:07:16.910000+00:00,spine3,sg4,1,obt-collector1,840,0/0/CPU0,ipv4,mfwd,0,840,1,0,0,0,0,0,0

2020-02-06 19:07:16.911000+00:00,spine3,sg4,1,obt-collector1,3185,0/0/CPU0,ipv6,LI,0,3185,1,1,0,0,0,0,0

2020-02-06 19:07:16.911000+00:00,spine3,sg4,1,obt-collector1,32365,0/0/CPU0,ipv6,l2fib_mgr,0,32365,1,1,0,0,0,0,0

2020-02-06 19:07:16.911000+00:00,spine3,sg4,1,obt-collector1,4727,0/0/CPU0,ipv6,PBR_EA,0,4727,1,1,0,0,0,0,0

2020-02-06 19:07:16.911000+00:00,spine3,sg4,1,obt-collector1,6458,0/0/CPU0,ipv6,bfd_pd_0,1581011762619217434,6458,1,1,0,32,32,0,0

2020-02-06 19:07:16.911000+00:00,spine3,sg4,1,obt-collector1,6474,0/0/CPU0,ipv6,spio_ea,0,6474,1,1,0,0,0,0,0

2020-02-06 19:07:16.911000+00:00,spine3,sg4,1,obt-collector1,6678,0/0/CPU0,ipv6,IPV6_ABF,0,6678,1,1,0,0,0,0,0

2020-02-06 19:07:16.916000+00:00,spine3,sg4,1,obt-collector1,1154,0/RP0/CPU0,ipv4,ipv6_IPV4_MRIB,0,1154,1,0,0,0,0,0,0

2020-02-06 19:07:16.916000+00:00,spine3,sg4,1,obt-collector1,2202,0/RP0/CPU0,ipv4,mfwd6,0,2202,1,0,0,0,0,0,0

2020-02-06 19:07:16.916000+00:00,spine3,sg4,1,obt-collector1,2599,0/RP0/CPU0,ipv4,l2vpn_mgr,0,2599,1,0,0,0,0,0,0

2020-02-06 19:07:16.916000+00:00,spine3,sg4,1,obt-collector1,3225,0/RP0/CPU0,ipv4,object_tracking,0,3225,1,0,0,0,0,0,0

2020-02-06 19:07:16.916000+00:00,spine3,sg4,1,obt-collector1,32365,0/RP0/CPU0,ipv4,l2fib_mgr,0,32365,1,0,0,0,0,0,0

2020-02-06 19:07:16.916000+00:00,spine3,sg4,1,obt-collector1,6652,0/RP0/CPU0,ipv4,XTC_AGENT,0,6652,1,0,0,0,0,0,0

2020-02-06 19:07:16.916000+00:00,spine3,sg4,1,obt-collector1,773,0/RP0/CPU0,ipv4,ipv4_IPV4_MRIB,0,773,1,0,0,0,0,0,0

2020-02-06 19:07:16.916000+00:00,spine3,sg4,1,obt-collector1,840,0/RP0/CPU0,ipv4,mfwd,0,840,1,0,0,0,0,0,0

2020-02-06 19:07:16.918000+00:00,spine3,sg4,1,obt-collector1,2599,0/RP0/CPU0,ipv6,l2vpn_mgr,0,2599,1,1,0,0,0,0,0

2020-02-06 19:07:16.918000+00:00,spine3,sg4,1,obt-collector1,32365,0/RP0/CPU0,ipv6,l2fib_mgr,0,32365,1,1,0,0,0,0,0

2020-02-06 19:07:37.211000+00:00,spine3,sg4,1,obt-collector1,2137,0/0/CPU0,ipv4,bfd_agent,0,2137,1,0,0,0,0,0,0

2020-02-06 19:07:37.211000+00:00,spine3,sg4,1,obt-collector1,2202,0/0/CPU0,ipv4,mfwd6,0,2202,1,0,0,0,0,0,0

2020-02-06 19:07:37.211000+00:00,spine3,sg4,1,obt-collector1,3185,0/0/CPU0,ipv4,LI,0,3185,1,0,0,0,0,0,0

2020-02-06 19:07:37.211000+00:00,spine3,sg4,1,obt-collector1,32365,0/0/CPU0,ipv4,l2fib_mgr,0,32365,1,0,0,0,0,0,0

2020-02-06 19:07:37.211000+00:00,spine3,sg4,1,obt-collector1,4727,0/0/CPU0,ipv4,PBR_EA,0,4727,1,0,0,0,0,0,0

2020-02-06 19:07:37.211000+00:00,spine3,sg4,1,obt-collector1,6458,0/0/CPU0,ipv4,bfd_pd_0,1581011764010090875,6458,1,0,0,28,28,0,0

2020-02-06 19:07:37.211000+00:00,spine3,sg4,1,obt-collector1,6474,0/0/CPU0,ipv4,spio_ea,0,6474,1,0,0,0,0,0,0

2020-02-06 19:07:37.211000+00:00,spine3,sg4,1,obt-collector1,6678,0/0/CPU0,ipv4,IPV4_ABF,0,6678,1,0,0,0,0,0,0

2020-02-06 19:07:37.211000+00:00,spine3,sg4,1,obt-collector1,840,0/0/CPU0,ipv4,mfwd,0,840,1,0,0,0,0,0,0

2020-02-06 19:07:37.213000+00:00,spine3,sg4,1,obt-collector1,3185,0/0/CPU0,ipv6,LI,0,3185,1,1,0,0,0,0,0

2020-02-06 19:07:37.213000+00:00,spine3,sg4,1,obt-collector1,32365,0/0/CPU0,ipv6,l2fib_mgr,0,32365,1,1,0,0,0,0,0

2020-02-06 19:07:37.213000+00:00,spine3,sg4,1,obt-collector1,4727,0/0/CPU0,ipv6,PBR_EA,0,4727,1,1,0,0,0,0,0

2020-02-06 19:07:37.213000+00:00,spine3,sg4,1,obt-collector1,6458,0/0/CPU0,ipv6,bfd_pd_0,1581011762619217434,6458,1,1,0,32,32,0,0

2020-02-06 19:07:37.213000+00:00,spine3,sg4,1,obt-collector1,6474,0/0/CPU0,ipv6,spio_ea,0,6474,1,1,0,0,0,0,0

2020-02-06 19:07:37.213000+00:00,spine3,sg4,1,obt-collector1,6678,0/0/CPU0,ipv6,IPV6_ABF,0,6678,1,1,0,0,0,0,0

2020-02-06 19:07:37.218000+00:00,spine3,sg4,1,obt-collector1,1154,0/RP0/CPU0,ipv4,ipv6_IPV4_MRIB,0,1154,1,0,0,0,0,0,0

2020-02-06 19:07:37.218000+00:00,spine3,sg4,1,obt-collector1,2202,0/RP0/CPU0,ipv4,mfwd6,0,2202,1,0,0,0,0,0,0

2020-02-06 19:07:37.218000+00:00,spine3,sg4,1,obt-collector1,2599,0/RP0/CPU0,ipv4,l2vpn_mgr,0,2599,1,0,0,0,0,0,0

2020-02-06 19:07:37.218000+00:00,spine3,sg4,1,obt-collector1,3225,0/RP0/CPU0,ipv4,object_tracking,0,3225,1,0,0,0,0,0,0

2020-02-06 19:07:37.218000+00:00,spine3,sg4,1,obt-collector1,32365,0/RP0/CPU0,ipv4,l2fib_mgr,0,32365,1,0,0,0,0,0,0

2020-02-06 19:07:37.218000+00:00,spine3,sg4,1,obt-collector1,6652,0/RP0/CPU0,ipv4,XTC_AGENT,0,6652,1,0,0,0,0,0,0

2020-02-06 19:07:37.218000+00:00,spine3,sg4,1,obt-collector1,773,0/RP0/CPU0,ipv4,ipv4_IPV4_MRIB,0,773,1,0,0,0,0,0,0

2020-02-06 19:07:37.218000+00:00,spine3,sg4,1,obt-collector1,840,0/RP0/CPU0,ipv4,mfwd,0,840,1,0,0,0,0,0,0

2020-02-06 19:07:37.219000+00:00,spine3,sg4,1,obt-collector1,2599,0/RP0/CPU0,ipv6,l2vpn_mgr,0,2599,1,1,0,0,0,0,0

2020-02-06 19:07:37.219000+00:00,spine3,sg4,1,obt-collector1,32365,0/RP0/CPU0,ipv6,l2fib_mgr,0,32365,1,1,0,0,0,0,0

