,Producer,Target,host,node-name,process-cpu/process-cpu-fifteen-minute,process-cpu/process-cpu-five-minute,process-cpu/process-cpu-one-minute,process-cpu/process-id,process-cpu/process-name,total-cpu-fifteen-minute,total-cpu-five-minute,total-cpu-one-minute

2020-02-06 18:54:56.069000+00:00,spine3,cpumem-sub1,obt-collector1,0/RP0/CPU0,0,0,0,27455,perl,13,17,25

2020-02-06 18:54:56.478000+00:00,spine3,cpumem-sub1,obt-collector1,0/0/CPU0,0,0,0,22945,sleep,9,9,11

2020-02-06 18:55:46.083000+00:00,spine3,cpumem-sub1,obt-collector1,0/RP0/CPU0,0,0,0,27455,perl,13,17,25

2020-02-06 18:55:46.494000+00:00,spine3,cpumem-sub1,obt-collector1,0/0/CPU0,0,0,0,22953,sleep,9,9,10

2020-02-06 18:56:26.143000+00:00,spine3,cpumem-sub1,obt-collector1,0/RP0/CPU0,0,0,0,27455,perl,14,20,24

2020-02-06 18:56:26.555000+00:00,spine3,cpumem-sub1,obt-collector1,0/0/CPU0,0,0,0,22975,sleep,9,9,10

2020-02-06 18:56:56.267000+00:00,spine3,cpumem-sub1,obt-collector1,0/RP0/CPU0,0,0,0,27455,perl,15,23,24

2020-02-06 18:56:56.677000+00:00,spine3,cpumem-sub1,obt-collector1,0/0/CPU0,0,0,0,22975,sleep,9,9,10

2020-02-06 18:57:46.245000+00:00,spine3,cpumem-sub1,obt-collector1,0/RP0/CPU0,0,0,0,27455,perl,15,23,24

2020-02-06 18:57:46.658000+00:00,spine3,cpumem-sub1,obt-collector1,0/0/CPU0,0,0,0,22983,sleep,9,9,10

2020-02-06 18:58:56.353000+00:00,spine3,cpumem-sub1,obt-collector1,0/RP0/CPU0,0,0,0,27455,perl,16,24,25

2020-02-06 18:58:56.763000+00:00,spine3,cpumem-sub1,obt-collector1,0/0/CPU0,0,0,0,22991,sleep,9,10,10

2020-02-06 18:59:06.369000+00:00,spine3,cpumem-sub1,obt-collector1,0/RP0/CPU0,0,0,0,27455,perl,16,24,25

2020-02-06 18:59:06.779000+00:00,spine3,cpumem-sub1,obt-collector1,0/0/CPU0,0,0,0,22991,sleep,9,10,10

2020-02-06 18:59:16.470000+00:00,spine3,cpumem-sub1,obt-collector1,0/RP0/CPU0,0,0,0,27455,perl,16,24,25

2020-02-06 18:59:16.880000+00:00,spine3,cpumem-sub1,obt-collector1,0/0/CPU0,0,0,0,22991,sleep,9,10,10

2020-02-06 18:59:26.438000+00:00,spine3,cpumem-sub1,obt-collector1,0/RP0/CPU0,0,0,0,27455,perl,16,24,25

2020-02-06 18:59:26.846000+00:00,spine3,cpumem-sub1,obt-collector1,0/0/CPU0,0,0,0,22998,sleep,9,10,10

2020-02-06 18:59:36.497000+00:00,spine3,cpumem-sub1,obt-collector1,0/RP0/CPU0,0,0,0,27455,perl,16,24,25

2020-02-06 18:59:36.904000+00:00,spine3,cpumem-sub1,obt-collector1,0/0/CPU0,0,0,0,22998,sleep,9,10,10

2020-02-06 18:59:46.399000+00:00,spine3,cpumem-sub1,obt-collector1,0/RP0/CPU0,0,0,0,27455,perl,16,24,25

2020-02-06 18:59:46.806000+00:00,spine3,cpumem-sub1,obt-collector1,0/0/CPU0,0,0,0,22998,sleep,9,10,10

2020-02-06 19:00:06.394000+00:00,spine3,cpumem-sub1,obt-collector1,0/RP0/CPU0,0,0,0,27455,perl,18,24,25

2020-02-06 19:00:06.799000+00:00,spine3,cpumem-sub1,obt-collector1,0/0/CPU0,0,0,0,22998,sleep,9,10,10

2020-02-06 19:00:26.595000+00:00,spine3,cpumem-sub1,obt-collector1,0/RP0/CPU0,0,0,0,27455,perl,18,24,25

2020-02-06 19:00:27.001000+00:00,spine3,cpumem-sub1,obt-collector1,0/0/CPU0,0,0,0,23006,sleep,9,10,10

2020-02-06 19:01:06.706000+00:00,spine3,cpumem-sub1,obt-collector1,0/RP0/CPU0,0,0,0,27455,perl,18,24,25

2020-02-06 19:01:07.118000+00:00,spine3,cpumem-sub1,obt-collector1,0/0/CPU0,0,0,0,23006,sleep,9,10,10

2020-02-06 19:01:16.558000+00:00,spine3,cpumem-sub1,obt-collector1,0/RP0/CPU0,0,0,0,27455,perl,18,24,25

2020-02-06 19:01:16.963000+00:00,spine3,cpumem-sub1,obt-collector1,0/0/CPU0,0,0,0,23006,sleep,9,10,10

2020-02-06 19:01:56.782000+00:00,spine3,cpumem-sub1,obt-collector1,0/RP0/CPU0,0,0,0,27455,perl,19,25,26

2020-02-06 19:01:57.193000+00:00,spine3,cpumem-sub1,obt-collector1,0/0/CPU0,0,0,0,23028,sleep,9,10,10

2020-02-06 19:02:06.677000+00:00,spine3,cpumem-sub1,obt-collector1,0/RP0/CPU0,0,0,0,27455,perl,19,25,26

2020-02-06 19:02:07.087000+00:00,spine3,cpumem-sub1,obt-collector1,0/0/CPU0,0,0,0,23028,sleep,9,10,10

2020-02-06 19:02:16.700000+00:00,spine3,cpumem-sub1,obt-collector1,0/RP0/CPU0,0,0,0,27455,perl,19,25,26

2020-02-06 19:02:17.110000+00:00,spine3,cpumem-sub1,obt-collector1,0/0/CPU0,0,0,0,23028,sleep,9,10,10

2020-02-06 19:02:26.714000+00:00,spine3,cpumem-sub1,obt-collector1,0/RP0/CPU0,0,0,0,27455,perl,19,25,26

2020-02-06 19:02:27.125000+00:00,spine3,cpumem-sub1,obt-collector1,0/0/CPU0,0,0,0,23036,sleep,9,10,11

2020-02-06 19:02:36.924000+00:00,spine3,cpumem-sub1,obt-collector1,0/RP0/CPU0,0,0,0,27455,perl,19,25,26

2020-02-06 19:02:37.334000+00:00,spine3,cpumem-sub1,obt-collector1,0/0/CPU0,0,0,0,23036,sleep,9,10,11

2020-02-06 19:02:46.833000+00:00,spine3,cpumem-sub1,obt-collector1,0/RP0/CPU0,0,0,0,27455,perl,19,25,26

2020-02-06 19:02:47.244000+00:00,spine3,cpumem-sub1,obt-collector1,0/0/CPU0,0,0,0,23036,sleep,9,10,11

2020-02-06 19:02:56.843000+00:00,spine3,cpumem-sub1,obt-collector1,0/RP0/CPU0,0,0,0,27455,perl,20,25,26

2020-02-06 19:02:57.255000+00:00,spine3,cpumem-sub1,obt-collector1,0/0/CPU0,0,0,0,23036,sleep,9,10,11

2020-02-06 19:03:06.775000+00:00,spine3,cpumem-sub1,obt-collector1,0/RP0/CPU0,0,0,0,27455,perl,20,25,26

2020-02-06 19:03:07.183000+00:00,spine3,cpumem-sub1,obt-collector1,0/0/CPU0,0,0,0,23036,sleep,9,10,11

2020-02-06 19:03:16.841000+00:00,spine3,cpumem-sub1,obt-collector1,0/RP0/CPU0,0,0,0,27455,perl,20,25,26

2020-02-06 19:03:17.250000+00:00,spine3,cpumem-sub1,obt-collector1,0/0/CPU0,0,0,0,23036,sleep,9,10,11

2020-02-06 19:03:27.089000+00:00,spine3,cpumem-sub1,obt-collector1,0/RP0/CPU0,0,0,0,27455,perl,20,25,26

2020-02-06 19:03:27.506000+00:00,spine3,cpumem-sub1,obt-collector1,0/0/CPU0,0,0,0,23048,sleep,10,10,11

2020-02-06 19:03:36.846000+00:00,spine3,cpumem-sub1,obt-collector1,0/RP0/CPU0,0,0,0,27455,perl,20,25,26

2020-02-06 19:03:37.254000+00:00,spine3,cpumem-sub1,obt-collector1,0/0/CPU0,0,0,0,23048,sleep,10,10,11

2020-02-06 19:03:46.903000+00:00,spine3,cpumem-sub1,obt-collector1,0/RP0/CPU0,0,0,0,27455,perl,20,25,26

2020-02-06 19:03:47.312000+00:00,spine3,cpumem-sub1,obt-collector1,0/0/CPU0,0,0,0,23048,sleep,10,10,11

2020-02-06 19:04:06.893000+00:00,spine3,cpumem-sub1,obt-collector1,0/RP0/CPU0,0,0,0,27455,perl,21,25,26

2020-02-06 19:04:07.305000+00:00,spine3,cpumem-sub1,obt-collector1,0/0/CPU0,0,0,0,23048,sleep,10,10,11

2020-02-06 19:04:16.915000+00:00,spine3,cpumem-sub1,obt-collector1,0/RP0/CPU0,0,0,0,27455,perl,21,25,26

2020-02-06 19:04:17.320000+00:00,spine3,cpumem-sub1,obt-collector1,0/0/CPU0,0,0,0,23048,sleep,10,10,11

2020-02-06 19:04:36.908000+00:00,spine3,cpumem-sub1,obt-collector1,0/RP0/CPU0,0,0,0,27455,perl,21,25,26

2020-02-06 19:04:37.320000+00:00,spine3,cpumem-sub1,obt-collector1,0/0/CPU0,0,0,0,23055,sleep,10,10,11

