,Producer,Target,common-info/count,host,node-name,total-counters/array-number-of-object/num-objects,total-counters/array-number-of-object/object-type,total-counters/array-number-of-retry/num-retries,total-counters/array-number-of-retry/retry-object-type,total-counters/num-retry-ojbects,total-counters/num-retry-timeouts

2020-02-06 19:40:17.688000+00:00,dr02,sg4,0,obt-collector1,0/0/CPU0,0,DATA_TYPE_ENCAP_ID,0,,0,448

2020-02-06 19:40:17.692000+00:00,dr02,sg4,0,obt-collector1,0/1/CPU0,0,DATA_TYPE_ENCAP_ID,0,,0,176

2020-02-06 19:40:17.694000+00:00,dr02,sg4,0,obt-collector1,0/RP0/CPU0,0,DATA_TYPE_ENCAP_ID,0,,0,1438

2020-02-06 19:40:25.847000+00:00,dr02,sg4,0,obt-collector1,0/0/CPU0,0,DATA_TYPE_ENCAP_ID,0,,0,448

2020-02-06 19:40:25.850000+00:00,dr02,sg4,0,obt-collector1,0/1/CPU0,0,DATA_TYPE_ENCAP_ID,0,,0,176

2020-02-06 19:40:25.853000+00:00,dr02,sg4,0,obt-collector1,0/RP0/CPU0,0,DATA_TYPE_ENCAP_ID,0,,0,1438

2020-02-06 19:40:34.008000+00:00,dr02,sg4,0,obt-collector1,0/0/CPU0,0,DATA_TYPE_ENCAP_ID,0,,0,448

2020-02-06 19:40:34.011000+00:00,dr02,sg4,0,obt-collector1,0/1/CPU0,0,DATA_TYPE_ENCAP_ID,0,,0,176

2020-02-06 19:40:34.013000+00:00,dr02,sg4,0,obt-collector1,0/RP0/CPU0,0,DATA_TYPE_ENCAP_ID,0,,0,1438

2020-02-06 19:40:52.365000+00:00,dr02,sg4,0,obt-collector1,0/0/CPU0,0,DATA_TYPE_ENCAP_ID,0,,0,448

2020-02-06 19:40:52.368000+00:00,dr02,sg4,0,obt-collector1,0/1/CPU0,0,DATA_TYPE_ENCAP_ID,0,,0,176

2020-02-06 19:40:52.370000+00:00,dr02,sg4,0,obt-collector1,0/RP0/CPU0,0,DATA_TYPE_ENCAP_ID,0,,0,1438

2020-02-06 19:41:34.544000+00:00,dr02,sg4,0,obt-collector1,0/0/CPU0,0,DATA_TYPE_ENCAP_ID,0,,0,448

2020-02-06 19:41:34.547000+00:00,dr02,sg4,0,obt-collector1,0/1/CPU0,0,DATA_TYPE_ENCAP_ID,0,,0,176

2020-02-06 19:41:34.549000+00:00,dr02,sg4,0,obt-collector1,0/RP0/CPU0,0,DATA_TYPE_ENCAP_ID,0,,0,1438

2020-02-06 19:41:42.832000+00:00,dr02,sg4,0,obt-collector1,0/0/CPU0,0,DATA_TYPE_ENCAP_ID,0,,0,448

2020-02-06 19:41:42.836000+00:00,dr02,sg4,0,obt-collector1,0/1/CPU0,0,DATA_TYPE_ENCAP_ID,0,,0,176

2020-02-06 19:41:42.838000+00:00,dr02,sg4,0,obt-collector1,0/RP0/CPU0,0,DATA_TYPE_ENCAP_ID,0,,0,1438

2020-02-06 19:42:33.769000+00:00,dr02,sg4,0,obt-collector1,0/0/CPU0,0,DATA_TYPE_ENCAP_ID,0,,0,448

2020-02-06 19:42:33.772000+00:00,dr02,sg4,0,obt-collector1,0/1/CPU0,0,DATA_TYPE_ENCAP_ID,0,,0,176

2020-02-06 19:42:33.775000+00:00,dr02,sg4,0,obt-collector1,0/RP0/CPU0,0,DATA_TYPE_ENCAP_ID,0,,0,1438

2020-02-06 19:42:50.209000+00:00,dr02,sg4,0,obt-collector1,0/0/CPU0,0,DATA_TYPE_ENCAP_ID,0,,0,448

2020-02-06 19:42:50.213000+00:00,dr02,sg4,0,obt-collector1,0/1/CPU0,0,DATA_TYPE_ENCAP_ID,0,,0,176

2020-02-06 19:42:50.215000+00:00,dr02,sg4,0,obt-collector1,0/RP0/CPU0,0,DATA_TYPE_ENCAP_ID,0,,0,1438

2020-02-06 19:42:58.881000+00:00,dr02,sg4,0,obt-collector1,0/0/CPU0,0,DATA_TYPE_ENCAP_ID,0,,0,448

2020-02-06 19:42:58.884000+00:00,dr02,sg4,0,obt-collector1,0/1/CPU0,0,DATA_TYPE_ENCAP_ID,0,,0,176

2020-02-06 19:42:58.885000+00:00,dr02,sg4,0,obt-collector1,0/RP0/CPU0,0,DATA_TYPE_ENCAP_ID,0,,0,1438

2020-02-06 19:43:07.019000+00:00,dr02,sg4,0,obt-collector1,0/0/CPU0,0,DATA_TYPE_ENCAP_ID,0,,0,448

2020-02-06 19:43:07.024000+00:00,dr02,sg4,0,obt-collector1,0/1/CPU0,0,DATA_TYPE_ENCAP_ID,0,,0,176

2020-02-06 19:43:07.027000+00:00,dr02,sg4,0,obt-collector1,0/RP0/CPU0,0,DATA_TYPE_ENCAP_ID,0,,0,1438

2020-02-06 19:44:57.789000+00:00,dr02,sg4,0,obt-collector1,0/0/CPU0,0,DATA_TYPE_ENCAP_ID,0,,0,448

2020-02-06 19:44:57.792000+00:00,dr02,sg4,0,obt-collector1,0/1/CPU0,0,DATA_TYPE_ENCAP_ID,0,,0,176

2020-02-06 19:44:57.794000+00:00,dr02,sg4,0,obt-collector1,0/RP0/CPU0,0,DATA_TYPE_ENCAP_ID,0,,0,1438

2020-02-06 19:46:29.101000+00:00,dr02,sg4,0,obt-collector1,0/0/CPU0,0,DATA_TYPE_ENCAP_ID,0,,0,448

2020-02-06 19:46:29.104000+00:00,dr02,sg4,0,obt-collector1,0/1/CPU0,0,DATA_TYPE_ENCAP_ID,0,,0,176

2020-02-06 19:46:54.591000+00:00,dr02,sg4,0,obt-collector1,0/0/CPU0,0,DATA_TYPE_ENCAP_ID,0,,0,448

2020-02-06 19:46:54.595000+00:00,dr02,sg4,0,obt-collector1,0/1/CPU0,0,DATA_TYPE_ENCAP_ID,0,,0,176

2020-02-06 19:46:54.597000+00:00,dr02,sg4,0,obt-collector1,0/RP0/CPU0,0,DATA_TYPE_ENCAP_ID,0,,0,1438

2020-02-06 19:47:04.711000+00:00,dr02,sg4,0,obt-collector1,0/0/CPU0,0,DATA_TYPE_ENCAP_ID,0,,0,448

2020-02-06 19:47:04.715000+00:00,dr02,sg4,0,obt-collector1,0/1/CPU0,0,DATA_TYPE_ENCAP_ID,0,,0,176

2020-02-06 19:47:04.717000+00:00,dr02,sg4,0,obt-collector1,0/RP0/CPU0,0,DATA_TYPE_ENCAP_ID,0,,0,1438

2020-02-06 19:47:21.155000+00:00,dr02,sg4,0,obt-collector1,0/0/CPU0,0,DATA_TYPE_ENCAP_ID,0,,0,448

2020-02-06 19:47:21.158000+00:00,dr02,sg4,0,obt-collector1,0/1/CPU0,0,DATA_TYPE_ENCAP_ID,0,,0,176

2020-02-06 19:47:21.160000+00:00,dr02,sg4,0,obt-collector1,0/RP0/CPU0,0,DATA_TYPE_ENCAP_ID,0,,0,1438

2020-02-06 19:48:12.631000+00:00,dr02,sg4,0,obt-collector1,0/0/CPU0,0,DATA_TYPE_ENCAP_ID,0,,0,448

2020-02-06 19:48:12.638000+00:00,dr02,sg4,0,obt-collector1,0/1/CPU0,0,DATA_TYPE_ENCAP_ID,0,,0,176

2020-02-06 19:48:12.640000+00:00,dr02,sg4,0,obt-collector1,0/RP0/CPU0,0,DATA_TYPE_ENCAP_ID,0,,0,1438

2020-02-06 19:48:37.195000+00:00,dr02,sg4,0,obt-collector1,0/0/CPU0,0,DATA_TYPE_ENCAP_ID,0,,0,448

2020-02-06 19:48:37.204000+00:00,dr02,sg4,0,obt-collector1,0/1/CPU0,0,DATA_TYPE_ENCAP_ID,0,,0,176

2020-02-06 19:48:37.206000+00:00,dr02,sg4,0,obt-collector1,0/RP0/CPU0,0,DATA_TYPE_ENCAP_ID,0,,0,1438

2020-02-06 19:48:53.596000+00:00,dr02,sg4,0,obt-collector1,0/0/CPU0,0,DATA_TYPE_ENCAP_ID,0,,0,448

2020-02-06 19:48:53.600000+00:00,dr02,sg4,0,obt-collector1,0/1/CPU0,0,DATA_TYPE_ENCAP_ID,0,,0,176

2020-02-06 19:48:53.601000+00:00,dr02,sg4,0,obt-collector1,0/RP0/CPU0,0,DATA_TYPE_ENCAP_ID,0,,0,1438

2020-02-06 19:49:27.275000+00:00,dr02,sg4,0,obt-collector1,0/0/CPU0,0,DATA_TYPE_ENCAP_ID,0,,0,448

2020-02-06 19:49:27.278000+00:00,dr02,sg4,0,obt-collector1,0/1/CPU0,0,DATA_TYPE_ENCAP_ID,0,,0,176

2020-02-06 19:49:27.280000+00:00,dr02,sg4,0,obt-collector1,0/RP0/CPU0,0,DATA_TYPE_ENCAP_ID,0,,0,1438

2020-02-06 19:49:43.816000+00:00,dr02,sg4,0,obt-collector1,0/0/CPU0,0,DATA_TYPE_ENCAP_ID,0,,0,448

2020-02-06 19:49:43.820000+00:00,dr02,sg4,0,obt-collector1,0/1/CPU0,0,DATA_TYPE_ENCAP_ID,0,,0,176

2020-02-06 19:49:43.822000+00:00,dr02,sg4,0,obt-collector1,0/RP0/CPU0,0,DATA_TYPE_ENCAP_ID,0,,0,1438

2020-02-06 19:50:10.553000+00:00,dr02,sg4,0,obt-collector1,0/0/CPU0,0,DATA_TYPE_ENCAP_ID,0,,0,448

2020-02-06 19:50:10.556000+00:00,dr02,sg4,0,obt-collector1,0/1/CPU0,0,DATA_TYPE_ENCAP_ID,0,,0,176

2020-02-06 19:50:10.558000+00:00,dr02,sg4,0,obt-collector1,0/RP0/CPU0,0,DATA_TYPE_ENCAP_ID,0,,0,1438

2020-02-06 19:50:18.689000+00:00,dr02,sg4,0,obt-collector1,0/0/CPU0,0,DATA_TYPE_ENCAP_ID,0,,0,448

2020-02-06 19:50:18.692000+00:00,dr02,sg4,0,obt-collector1,0/1/CPU0,0,DATA_TYPE_ENCAP_ID,0,,0,176

2020-02-06 19:50:18.694000+00:00,dr02,sg4,0,obt-collector1,0/RP0/CPU0,0,DATA_TYPE_ENCAP_ID,0,,0,1438

2020-02-06 19:50:59.882000+00:00,dr02,sg4,0,obt-collector1,0/0/CPU0,0,DATA_TYPE_ENCAP_ID,0,,0,448

2020-02-06 19:50:59.886000+00:00,dr02,sg4,0,obt-collector1,0/1/CPU0,0,DATA_TYPE_ENCAP_ID,0,,0,176

2020-02-06 19:50:59.888000+00:00,dr02,sg4,0,obt-collector1,0/RP0/CPU0,0,DATA_TYPE_ENCAP_ID,0,,0,1438

2020-02-06 19:53:17.111000+00:00,dr02,sg4,0,obt-collector1,0/0/CPU0,0,DATA_TYPE_ENCAP_ID,0,,0,448

2020-02-06 19:53:17.114000+00:00,dr02,sg4,0,obt-collector1,0/1/CPU0,0,DATA_TYPE_ENCAP_ID,0,,0,176

2020-02-06 19:53:17.116000+00:00,dr02,sg4,0,obt-collector1,0/RP0/CPU0,0,DATA_TYPE_ENCAP_ID,0,,0,1438

2020-02-06 19:53:49.793000+00:00,dr02,sg4,0,obt-collector1,0/0/CPU0,0,DATA_TYPE_ENCAP_ID,0,,0,448

2020-02-06 19:53:49.796000+00:00,dr02,sg4,0,obt-collector1,0/1/CPU0,0,DATA_TYPE_ENCAP_ID,0,,0,176

2020-02-06 19:53:49.798000+00:00,dr02,sg4,0,obt-collector1,0/RP0/CPU0,0,DATA_TYPE_ENCAP_ID,0,,0,1438

2020-02-06 19:55:22.810000+00:00,dr02,sg4,0,obt-collector1,0/0/CPU0,0,DATA_TYPE_ENCAP_ID,0,,0,448

2020-02-06 19:55:22.813000+00:00,dr02,sg4,0,obt-collector1,0/1/CPU0,0,DATA_TYPE_ENCAP_ID,0,,0,176

2020-02-06 19:55:22.815000+00:00,dr02,sg4,0,obt-collector1,0/RP0/CPU0,0,DATA_TYPE_ENCAP_ID,0,,0,1438

2020-02-06 19:56:03.742000+00:00,dr02,sg4,0,obt-collector1,0/0/CPU0,0,DATA_TYPE_ENCAP_ID,0,,0,448

2020-02-06 19:56:03.745000+00:00,dr02,sg4,0,obt-collector1,0/1/CPU0,0,DATA_TYPE_ENCAP_ID,0,,0,176

2020-02-06 19:56:03.747000+00:00,dr02,sg4,0,obt-collector1,0/RP0/CPU0,0,DATA_TYPE_ENCAP_ID,0,,0,1438

2020-02-06 19:56:11.961000+00:00,dr02,sg4,0,obt-collector1,0/0/CPU0,0,DATA_TYPE_ENCAP_ID,0,,0,448

2020-02-06 19:56:11.966000+00:00,dr02,sg4,0,obt-collector1,0/1/CPU0,0,DATA_TYPE_ENCAP_ID,0,,0,176

2020-02-06 19:56:11.968000+00:00,dr02,sg4,0,obt-collector1,0/RP0/CPU0,0,DATA_TYPE_ENCAP_ID,0,,0,1438

2020-02-06 19:57:03.480000+00:00,dr02,sg4,0,obt-collector1,0/0/CPU0,0,DATA_TYPE_ENCAP_ID,0,,0,448

2020-02-06 19:57:03.483000+00:00,dr02,sg4,0,obt-collector1,0/1/CPU0,0,DATA_TYPE_ENCAP_ID,0,,0,176

2020-02-06 19:57:03.485000+00:00,dr02,sg4,0,obt-collector1,0/RP0/CPU0,0,DATA_TYPE_ENCAP_ID,0,,0,1438

2020-02-06 19:57:19.765000+00:00,dr02,sg4,0,obt-collector1,0/0/CPU0,0,DATA_TYPE_ENCAP_ID,0,,0,448

2020-02-06 19:57:19.768000+00:00,dr02,sg4,0,obt-collector1,0/1/CPU0,0,DATA_TYPE_ENCAP_ID,0,,0,176

2020-02-06 19:57:19.770000+00:00,dr02,sg4,0,obt-collector1,0/RP0/CPU0,0,DATA_TYPE_ENCAP_ID,0,,0,1438

