,Producer,Target,ack-only-packets-sent,ack-packets-for-unsent-received,ack-packets-received,ackbytes-received,after-window-bytes-received,after-window-packets-received,bad-checksum-packets-received,bytes-retransmitted,connection-rate-limited,connections-accepted,connections-closed,connections-dropped,connections-established,connections-failed,connections-forcibly-closed,connections-requested,control-packets-sent,data-bytes-received-in-sequence,data-bytes-sent,data-packets-received-in-sequence,data-pakets-sent,delay-ack-packets-sent,duplicate-bytes-received,duplicate-packets-received,duplicated-ack-packets-received,embryonic-connection-dropped,established-connections-reset,high-water-mark-throttle,host,i-qs-total-egpackets,i-qs-total-ingpackets,id,iq-ingress-drops,iq-sock-aborts,iq-sock-retries,iq-sock-writes,iqs-total-egpacket/entry,iqs-total-ingpacket/entry,keep-alive-dropped,keep-alive-probes,keep-alive-timeouts,low-water-mark-throttle,malformed-packets-received,mss-down,mss-up,no-port-packets-received,no-throttle,num-open-sockets,out-of-order-bytes-received,out-of-order-packets-received,packet-failures,packets-received-after-close-packet,packets-retransmitted,partial-duplicate-ack-received,partial-duplicate-bytes-received,paws-dropped,persist-dropped,pulse-errors,reassembly-packets,received-auth-packets-dropped,received-packets-dropped,received-packets-dropped-stale-c-hdr,recovered-packets,retransmit-dropped,retransmit-timeouts,rst-packets-sent,send-auth-packets-dropped,send-packets-dropped,sock-async-double-free-prevent-count,sockbuf-pak-res-cur,sockbuf-pak-res-max,socket-layer-packets,stalled-timer-tickle-count,stalled-timer-tickle-time,syn-cache-aborted,syn-cache-added,syn-cache-bucket-oflow,syn-cache-completed,syn-cache-count,syn-cache-dropped,syn-cache-duplicate-sy-ns,syn-cache-overflow,syn-cache-reset,syn-cache-timed-out,syn-cache-unreach,synacl-match-pkts-dropped,too-short-packets-received,total-i-qs,total-packets-received,total-pakets-sent,truncated-write-iov,try-lock-dropped,urgent-only-packets-sent,window-probe-packets-received,window-probe-packets-sent,window-update-packets-received,window-update-packets-sent

2020-02-06 19:40:37.372000+00:00,dr02,sg0,26892757,0,37714889,3919881901,0,0,0,481108,0,4837,106828,38810,72816,248595,0,316582,1153171,1227494154,3920022805,34420805,67738146,26478297,102994,4159,235,33786,3526,84,obt-collector1,,,0/RP0/CPU0,0,0,0,67977012,0,0,33786,79345,576021,323,0,0,0,45733,273310,53,34976,40,0,0,750444,18,560,0,0,0,0,0,46355,0,0,2,852297,16793,0,0,0,0,4000,0,0,0,0,152,0,0,0,0,0,0,152,0,0,0,0,8,67545974,68584680,13,0,0,0,0,37408453,273717

2020-02-06 19:41:46.056000+00:00,dr02,sg0,26893185,0,37715402,3919896256,0,0,0,481108,0,4837,106828,38810,72816,248598,0,316586,1153296,1227510842,3920037160,34421319,67739091,26478721,102994,4159,235,33786,3526,84,obt-collector1,,,0/RP0/CPU0,0,0,0,67978039,0,0,33786,79347,576030,323,0,0,0,46495,273314,53,34976,40,0,0,750455,18,560,0,0,0,0,0,47117,0,0,2,852308,16903,0,0,0,0,4000,0,0,0,0,152,0,0,0,0,0,0,152,0,0,0,0,8,67547739,68585748,13,0,0,0,0,37408966,273721

2020-02-06 19:42:04.107000+00:00,dr02,sg0,26893294,0,37715542,3919900316,0,0,0,481108,0,4837,106828,38810,72816,248600,0,316586,1153312,1227513291,3920041772,34421444,67739348,26478830,102994,4159,235,33786,3526,84,obt-collector1,,,0/RP0/CPU0,0,0,0,67978312,0,0,33786,79348,576033,323,0,0,0,46640,273314,53,34976,40,0,0,750456,18,560,0,0,0,0,0,47262,0,0,2,852309,16918,0,0,0,0,4000,0,0,0,0,152,0,0,0,0,0,0,152,0,0,0,0,8,67548153,68586022,13,0,0,0,0,37409106,273721

2020-02-06 19:42:28.781000+00:00,dr02,sg0,26893460,0,37715694,3919903604,0,0,0,481108,0,4837,106828,38810,72816,248601,0,316587,1153360,1227517617,3920044508,34421626,67739659,26478994,102994,4159,235,33786,3526,84,obt-collector1,,,0/RP0/CPU0,0,0,0,67978638,0,0,33786,79348,576035,323,0,0,0,46952,273316,52,34976,40,0,0,750459,18,560,0,0,0,0,0,47574,0,0,2,852312,16962,0,0,0,0,4000,0,0,0,0,152,0,0,0,0,0,0,152,0,0,0,0,8,67548797,68586380,13,0,0,0,0,37409258,273723

2020-02-06 19:43:18.445000+00:00,dr02,sg0,26893804,0,37716068,3919916398,0,0,0,481108,0,4837,106829,38811,72816,248604,0,316590,1153455,1227526579,3920057302,34421994,67740380,26479335,102994,4159,235,33787,3526,84,obt-collector1,,,0/RP0/CPU0,0,0,0,67979383,0,0,33787,79350,576043,323,0,0,0,47566,273319,53,34976,40,0,0,750468,18,560,0,0,0,0,0,48188,0,0,2,852322,17045,0,0,0,0,4000,0,0,0,0,152,0,0,0,0,0,0,152,0,0,0,0,8,67550153,68587195,13,0,0,0,0,37409632,273726

2020-02-06 19:43:43.289000+00:00,dr02,sg0,26893976,0,37716252,3919923098,0,0,0,481108,0,4837,106829,38811,72816,248605,0,316591,1153485,1227531117,3920064002,34422180,67740737,26479506,102994,4159,235,33787,3526,84,obt-collector1,,,0/RP0/CPU0,0,0,0,67979753,0,0,33787,79351,576046,323,0,0,0,47872,273320,53,34976,40,0,0,750471,18,560,0,0,0,0,0,48494,0,0,2,852325,17071,0,0,0,0,4000,0,0,0,0,152,0,0,0,0,0,0,152,0,0,0,0,8,67550830,68587582,13,0,0,0,0,37409816,273727

2020-02-06 19:44:18.109000+00:00,dr02,sg0,26894207,0,37716510,3919931420,0,0,0,481108,0,4837,106829,38811,72816,248606,0,316593,1153527,1227536919,3920072324,34422430,67741228,26479737,102994,4159,235,33787,3526,84,obt-collector1,,,0/RP0/CPU0,0,0,0,67980261,0,0,33787,79352,576050,323,0,0,0,48168,273320,53,34976,40,0,0,750476,18,560,0,0,0,0,0,48790,0,0,2,852330,17106,0,0,0,0,4000,0,0,0,0,152,0,0,0,0,0,0,152,0,0,0,0,8,67551632,68588114,13,0,0,0,0,37410074,273727

2020-02-06 19:45:17.527000+00:00,dr02,sg0,26894621,0,37716956,3919947094,0,0,0,481108,0,4837,106829,38811,72816,248610,0,316596,1153637,1227546342,3920087998,34422859,67742091,26480148,102994,4159,235,33787,3526,84,obt-collector1,,,0/RP0/CPU0,0,0,0,67981136,0,0,33787,79354,576059,323,0,0,0,48824,273323,53,34976,40,0,0,750485,18,560,0,0,0,0,0,49446,0,0,2,852339,17204,0,0,0,0,4000,0,0,0,0,152,0,0,0,0,0,0,152,0,0,0,0,8,67553164,68589086,13,0,0,0,0,37410520,273730

2020-02-06 19:45:58.609000+00:00,dr02,sg0,26894906,0,37717251,3919954769,0,0,0,481108,0,4837,106829,38811,72816,248612,0,316599,1153716,1227552261,3920095673,34423160,67742674,26480429,102994,4159,235,33787,3526,84,obt-collector1,,,0/RP0/CPU0,0,0,0,67981732,0,0,33787,79355,576065,323,0,0,0,49329,273327,52,34976,40,0,0,750495,18,560,0,0,0,0,0,49951,0,0,2,852349,17270,0,0,0,0,4000,0,0,0,0,152,0,0,0,0,0,0,152,0,0,0,0,8,67554267,68589746,13,0,0,0,0,37410815,273734

2020-02-06 19:46:07.756000+00:00,dr02,sg0,26894963,0,37717325,3919957885,0,0,0,481108,0,4837,106829,38811,72816,248612,0,316599,1153728,1227553438,3920098789,34423221,67742805,26480486,102994,4159,235,33787,3526,84,obt-collector1,,,0/RP0/CPU0,0,0,0,67981867,0,0,33787,79356,576066,323,0,0,0,49454,273327,52,34976,40,0,0,750495,18,560,0,0,0,0,0,50076,0,0,2,852349,17282,0,0,0,0,4000,0,0,0,0,152,0,0,0,0,0,0,152,0,0,0,0,8,67554525,68589890,13,0,0,0,0,37410889,273734

2020-02-06 19:46:15.952000+00:00,dr02,sg0,26895029,0,37717397,3919959253,0,0,0,481108,0,4837,106829,38811,72816,248614,0,316599,1153740,1227554768,3920100157,34423291,67742943,26480551,102994,4159,235,33787,3526,84,obt-collector1,,,0/RP0/CPU0,0,0,0,67982009,0,0,33787,79356,576068,323,0,0,0,49559,273328,52,34976,40,0,0,750495,18,560,0,0,0,0,0,50181,0,0,2,852349,17294,0,0,0,0,4000,0,0,0,0,152,0,0,0,0,0,0,152,0,0,0,0,8,67554772,68590040,13,0,0,0,0,37410961,273735

2020-02-06 19:46:41.471000+00:00,dr02,sg0,26895201,0,37717595,3919963177,0,0,0,481108,0,4837,106830,38812,72816,248614,0,316600,1153766,1227558226,3920104081,34423473,67743314,26480723,102994,4159,235,33788,3526,84,obt-collector1,,,0/RP0/CPU0,0,0,0,67982392,0,0,33788,79357,576070,323,0,0,0,49810,273328,53,34976,40,0,0,750497,18,560,0,0,0,0,0,50432,0,0,2,852352,17317,0,0,0,0,4000,0,0,0,0,152,0,0,0,0,0,0,152,0,0,0,0,8,67555401,68590437,13,0,0,0,0,37411159,273735

2020-02-06 19:46:57.780000+00:00,dr02,sg0,26895303,0,37717703,3919965229,0,0,0,481108,0,4837,106831,38813,72816,248615,0,316600,1153792,1227560278,3920106133,34423581,67743524,26480825,102994,4159,235,33789,3526,84,obt-collector1,,,0/RP0/CPU0,0,0,0,67982611,0,0,33789,79357,576072,323,0,0,0,49986,273328,53,34976,40,0,0,750498,18,560,0,0,0,0,0,50608,0,0,2,852353,17342,0,0,0,0,4000,0,0,0,0,152,0,0,0,0,0,0,152,0,0,0,0,8,67555794,68590673,13,0,0,0,0,37411267,273735

2020-02-06 19:47:24.341000+00:00,dr02,sg0,26895496,0,37717919,3919969333,0,0,0,481108,0,4837,106831,38813,72816,248615,0,316602,1153815,1227564211,3920110237,34423788,67743935,26481016,102994,4159,235,33789,3526,84,obt-collector1,,,0/RP0/CPU0,0,0,0,67983034,0,0,33789,79358,576075,323,0,0,0,50163,273330,53,34976,40,0,0,750504,18,560,0,0,0,0,0,50785,0,0,2,852359,17357,0,0,0,0,4000,0,0,0,0,152,0,0,0,0,0,0,152,0,0,0,0,8,67556399,68591106,13,0,0,0,0,37411483,273737

2020-02-06 19:48:32.209000+00:00,dr02,sg0,26895979,0,37718618,3920380349,0,0,0,481108,0,4841,106847,38813,72832,248619,0,316618,1153989,1227585954,3920521221,34424324,67745255,26481466,102994,4159,235,33789,3526,84,obt-collector1,,,0/RP0/CPU0,0,0,0,67983979,0,0,33789,79361,576085,323,0,0,0,50983,273339,54,34976,40,0,0,750515,18,560,0,0,0,0,0,51605,0,0,2,852383,17484,0,0,0,0,4000,0,0,0,0,152,0,0,0,0,0,0,152,0,0,0,0,8,67558460,68592567,13,0,0,0,0,37412156,273746

2020-02-06 19:49:47.026000+00:00,dr02,sg0,26896489,0,37719158,3920390609,0,0,0,481108,0,4841,106847,38813,72832,248623,0,316622,1154122,1227596214,3920531481,34424864,67746309,26481973,102994,4159,235,33789,3526,84,obt-collector1,,,0/RP0/CPU0,0,0,0,67985059,0,0,33789,79363,576095,323,0,0,0,51954,273342,52,34976,40,0,0,750527,18,560,0,0,0,0,0,52576,0,0,2,852395,17601,0,0,0,0,4000,0,0,0,0,152,0,0,0,0,0,0,152,0,0,0,0,8,67560521,68593752,13,0,0,0,0,37412696,273749

2020-02-06 19:50:46.746000+00:00,dr02,sg0,26896897,0,37719590,3920398817,0,0,0,481108,0,4841,106848,38814,72832,248627,0,316625,1154234,1227604422,3920539689,34425296,67747152,26482378,102994,4159,235,33790,3526,84,obt-collector1,,,0/RP0/CPU0,0,0,0,67985926,0,0,33790,79365,576104,323,0,0,0,52706,273345,53,34976,40,0,0,750536,18,560,0,0,0,0,0,53328,0,0,2,852405,17701,0,0,0,0,4000,0,0,0,0,152,0,0,0,0,0,0,152,0,0,0,0,8,67562146,68594706,13,0,0,0,0,37413128,273752

2020-02-06 19:51:03.103000+00:00,dr02,sg0,26896999,0,37719698,3920400869,0,0,0,481108,0,4841,106849,38815,72832,248627,0,316625,1154258,1227606493,3920541741,34425405,67747362,26482480,102994,4159,235,33791,3526,84,obt-collector1,,,0/RP0/CPU0,0,0,0,67986146,0,0,33791,79366,576106,323,0,0,0,52932,273345,53,34976,40,0,0,750537,18,560,0,0,0,0,0,53554,0,0,2,852406,17724,0,0,0,0,4000,0,0,0,0,152,0,0,0,0,0,0,152,0,0,0,0,8,67562591,68594941,13,0,0,0,0,37413236,273752

2020-02-06 19:51:39.771000+00:00,dr02,sg0,26897228,0,37720022,3920409149,0,0,0,481108,0,4841,106849,38815,72832,248628,0,316627,1154333,1227617893,3920550021,34425703,67747917,26482702,102994,4159,235,33791,3526,84,obt-collector1,,,0/RP0/CPU0,0,0,0,67986768,0,0,33791,79367,576110,323,0,0,0,53431,273352,53,34976,40,0,0,750542,18,560,0,0,0,0,0,54053,0,0,2,852411,17792,0,0,0,0,4000,0,0,0,0,152,0,0,0,0,0,0,152,0,0,0,0,8,67563688,68595570,13,0,0,0,0,37413560,273759

2020-02-06 19:51:48.031000+00:00,dr02,sg0,26897264,0,37720058,3920409833,0,0,0,481108,0,4841,106849,38815,72832,248629,0,316629,1154354,1227618710,3920550705,34425746,67747991,26482738,102994,4159,235,33791,3526,84,obt-collector1,,,0/RP0/CPU0,0,0,0,67986847,0,0,33791,79367,576112,323,0,0,0,53543,273352,54,34976,40,0,0,750544,18,560,0,0,0,0,0,54165,0,0,2,852414,17809,0,0,0,0,4000,0,0,0,0,152,0,0,0,0,0,0,152,0,0,0,0,8,67563874,68595663,13,0,0,0,0,37413596,273759

2020-02-06 19:52:04.436000+00:00,dr02,sg0,26897364,0,37720189,3920412322,0,0,0,481108,0,4841,106849,38815,72832,248630,0,316629,1154392,1227621313,3920553441,34425883,67748235,26482838,102994,4159,235,33791,3526,84,obt-collector1,,,0/RP0/CPU0,0,0,0,67987128,0,0,33791,79368,576114,323,0,0,0,53790,273352,54,34976,40,0,0,750548,18,560,0,0,0,0,0,54412,0,0,2,852418,17843,0,0,0,0,4000,0,0,0,0,152,0,0,0,0,0,0,152,0,0,0,0,8,67564367,68595946,13,0,0,0,0,37413727,273759

2020-02-06 19:52:53.679000+00:00,dr02,sg0,26897662,0,37720526,3920418725,0,0,0,481108,0,4841,106849,38815,72832,248633,0,316631,1154479,1227627621,3920559597,34426215,67748859,26483132,102994,4159,235,33791,3526,84,obt-collector1,,,0/RP0/CPU0,0,0,0,67987784,0,0,33791,79369,576120,323,0,0,0,54435,273356,54,34976,40,0,0,750553,18,560,0,0,0,0,0,55057,0,0,2,852423,17923,0,0,0,0,4000,0,0,0,0,152,0,0,0,0,0,0,152,0,0,0,0,8,67565610,68596656,13,0,0,0,0,37414064,273763

2020-02-06 19:53:20.291000+00:00,dr02,sg0,26897834,0,37720742,3920422829,0,0,0,481108,0,4841,106849,38815,72832,248633,0,316633,1154522,1227631649,3920563701,34426427,67749249,26483303,102994,4159,235,33791,3526,84,obt-collector1,,,0/RP0/CPU0,0,0,0,67988212,0,0,33791,79370,576123,323,0,0,0,54752,273357,53,34976,40,0,0,750561,18,560,0,0,0,0,0,55374,0,0,2,852431,17956,0,0,0,0,4000,0,0,0,0,152,0,0,0,0,0,0,152,0,0,0,0,8,67566308,68597088,13,0,0,0,0,37414280,273764

2020-02-06 19:53:28.438000+00:00,dr02,sg0,26897872,0,37720778,3920423513,0,0,0,481108,0,4841,106849,38815,72832,248635,0,316633,1154540,1227632409,3920564385,34426467,67749323,26483341,102994,4159,235,33791,3526,84,obt-collector1,,,0/RP0/CPU0,0,0,0,67988288,0,0,33791,79370,576125,323,0,0,0,54836,273357,53,34976,40,0,0,750561,18,560,0,0,0,0,0,55458,0,0,2,852431,17974,0,0,0,0,4000,0,0,0,0,152,0,0,0,0,0,0,152,0,0,0,0,8,67566458,68597180,13,0,0,0,0,37414316,273764

2020-02-06 19:53:36.649000+00:00,dr02,sg0,26897929,0,37720850,3920424881,0,0,0,481108,0,4841,106850,38816,72832,248636,0,316633,1154557,1227633720,3920565753,34426536,67749452,26483398,102994,4159,235,33792,3526,84,obt-collector1,,,0/RP0/CPU0,0,0,0,67988432,0,0,33792,79371,576128,323,0,0,0,54945,273357,53,34976,40,0,0,750561,18,560,0,0,0,0,0,55567,0,0,2,852431,17991,0,0,0,0,4000,0,0,0,0,152,0,0,0,0,0,0,152,0,0,0,0,8,67566692,68597327,13,0,0,0,0,37414388,273764

2020-02-06 19:53:52.989000+00:00,dr02,sg0,26898021,0,37720958,3920426933,0,0,0,481108,0,4841,106850,38816,72832,248636,0,316634,1154591,1227635810,3920567805,34426646,67749653,26483487,102994,4159,235,33792,3526,84,obt-collector1,,,0/RP0/CPU0,0,0,0,67988650,0,0,33792,79371,576128,323,0,0,0,55180,273360,54,34976,40,0,0,750563,18,560,0,0,0,0,0,55802,0,0,2,852434,18022,0,0,0,0,4000,0,0,0,0,152,0,0,0,0,0,0,152,0,0,0,0,8,67567124,68597561,13,0,0,0,0,37414496,273767

2020-02-06 19:54:01.205000+00:00,dr02,sg0,26898079,0,37721030,3920428301,0,0,0,481108,0,4841,106850,38816,72832,248636,0,316634,1154611,1227637140,3920569173,34426716,67749783,26483544,102994,4159,235,33792,3526,84,obt-collector1,,,0/RP0/CPU0,0,0,0,67988792,0,0,33792,79372,576129,323,0,0,0,55307,273361,53,34976,40,0,0,750563,18,560,0,0,0,0,0,55929,0,0,2,852434,18042,0,0,0,0,4000,0,0,0,0,152,0,0,0,0,0,0,152,0,0,0,0,8,67567378,68597712,13,0,0,0,0,37414568,273768

2020-02-06 19:55:01.055000+00:00,dr02,sg0,26898425,0,37721462,3920436509,0,0,0,481108,0,4841,106850,38816,72832,248640,0,316638,1154716,1227645348,3920577381,34427148,67750565,26483890,102994,4159,235,33792,3526,84,obt-collector1,,,0/RP0/CPU0,0,0,0,67989656,0,0,33792,79374,576139,323,0,0,0,56020,273361,53,34976,40,0,0,750575,18,560,0,0,0,0,0,56642,0,0,2,852446,18131,0,0,0,0,4000,0,0,0,0,152,0,0,0,0,0,0,152,0,0,0,0,8,67568871,68598597,13,0,0,0,0,37415000,273768

2020-02-06 19:55:17.633000+00:00,dr02,sg0,26898511,0,37721570,3920438561,0,0,0,481184,0,4841,106850,38816,72832,248640,0,316638,1154751,1227647438,3920579433,34427258,67750759,26483972,103070,4163,235,33792,3526,84,obt-collector1,,,0/RP0/CPU0,0,0,0,67989874,0,0,33792,79374,576139,323,0,0,0,56262,273361,53,34976,40,0,0,750580,18,560,0,0,0,0,0,56884,0,0,2,852451,18165,0,0,0,0,4000,0,0,0,0,152,0,0,0,0,0,0,152,0,0,0,0,8,67569316,68598830,13,0,0,0,0,37415108,273768

2020-02-06 19:56:25.296000+00:00,dr02,sg0,26898896,0,37722074,3920448137,0,0,0,481184,0,4841,106850,38816,72832,248644,0,316642,1154873,1227656957,3920589009,34427759,67751652,26484354,103070,4163,235,33792,3526,84,obt-collector1,,,0/RP0/CPU0,0,0,0,67990879,0,0,33792,79376,576149,323,0,0,0,57184,273364,53,34976,40,0,0,750592,18,560,0,0,0,0,0,57806,0,0,2,852463,18271,0,0,0,0,4000,0,0,0,0,152,0,0,0,0,0,0,152,0,0,0,0,8,67571143,68599843,13,0,0,0,0,37415612,273771

2020-02-06 19:56:42.061000+00:00,dr02,sg0,26898988,0,37722182,3920450189,0,0,0,481184,0,4841,106850,38816,72832,248645,0,316643,1154910,1227659066,3920591061,34427870,67751853,26484444,103070,4163,235,33792,3526,84,obt-collector1,,,0/RP0/CPU0,0,0,0,67991098,0,0,33792,79377,576152,323,0,0,0,57372,273366,52,34976,40,0,0,750594,18,560,0,0,0,0,0,57994,0,0,2,852465,18305,0,0,0,0,4000,0,0,0,0,152,0,0,0,0,0,0,152,0,0,0,0,8,67571530,68600081,13,0,0,0,0,37415720,273773

