,Producer,Target,common-info/count,host,node-name,protocol-name,summary/base-object/protocol,summary/health/is-retry-db-empty,summary/summary-counts/array-number-of-object/num-objects,summary/summary-counts/array-number-of-object/object-type,summary/summary-counts/array-number-of-retry/num-retries,summary/summary-counts/array-number-of-retry/retry-object-type,summary/summary-counts/num-retry-ojbects,summary/summary-counts/num-retry-timeouts

2020-02-06 19:40:17.674000+00:00,dr02,sg4,0,obt-collector1,0/0/CPU0,ipv4,0,false,0,DATA_TYPE_ENCAP_ID,0,Queue-Ext,0,37

2020-02-06 19:40:17.675000+00:00,dr02,sg4,0,obt-collector1,0/0/CPU0,ipv4-mpls,1,true,0,DATA_TYPE_ENCAP_ID,0,Queue-Ext,0,0

2020-02-06 19:40:17.675000+00:00,dr02,sg4,0,obt-collector1,0/0/CPU0,ipv6,2,false,0,DATA_TYPE_ENCAP_ID,0,Queue-Ext,0,411

2020-02-06 19:40:17.675000+00:00,dr02,sg4,0,obt-collector1,0/0/CPU0,ipv6-mpls,3,true,0,DATA_TYPE_ENCAP_ID,0,Queue-Ext,0,0

2020-02-06 19:40:17.679000+00:00,dr02,sg4,0,obt-collector1,0/1/CPU0,ipv4,0,false,0,DATA_TYPE_ENCAP_ID,11,Queue-Ext,0,98

2020-02-06 19:40:17.679000+00:00,dr02,sg4,0,obt-collector1,0/1/CPU0,ipv6,2,false,0,DATA_TYPE_ENCAP_ID,13,Queue-Ext,0,78

2020-02-06 19:40:17.679000+00:00,dr02,sg4,0,obt-collector1,0/1/CPU0,ipv6-mpls,3,true,0,DATA_TYPE_ENCAP_ID,0,Queue-Ext,0,0

2020-02-06 19:40:17.679000+00:00,dr02,sg4,0,obt-collector1,0/1/CPU0,ipv4-mpls,1,true,0,DATA_TYPE_ENCAP_ID,0,Queue-Ext,0,0

2020-02-06 19:40:17.681000+00:00,dr02,sg4,0,obt-collector1,0/RP0/CPU0,ipv6,2,false,0,DATA_TYPE_ENCAP_ID,145,Queue-Ext,0,751

2020-02-06 19:40:17.681000+00:00,dr02,sg4,0,obt-collector1,0/RP0/CPU0,ipv4,0,false,0,DATA_TYPE_ENCAP_ID,124,Queue-Ext,0,687

2020-02-06 19:40:17.681000+00:00,dr02,sg4,0,obt-collector1,0/RP0/CPU0,ipv4-mpls,1,true,0,DATA_TYPE_ENCAP_ID,0,Queue-Ext,0,0

2020-02-06 19:40:17.682000+00:00,dr02,sg4,0,obt-collector1,0/RP0/CPU0,ipv6-mpls,3,true,0,DATA_TYPE_ENCAP_ID,0,Queue-Ext,0,0

2020-02-06 19:40:25.831000+00:00,dr02,sg4,0,obt-collector1,0/0/CPU0,ipv6,2,false,0,DATA_TYPE_ENCAP_ID,0,Queue-Ext,0,411

2020-02-06 19:40:25.831000+00:00,dr02,sg4,0,obt-collector1,0/0/CPU0,ipv4,0,false,0,DATA_TYPE_ENCAP_ID,0,Queue-Ext,0,37

2020-02-06 19:40:25.831000+00:00,dr02,sg4,0,obt-collector1,0/0/CPU0,ipv4-mpls,1,true,0,DATA_TYPE_ENCAP_ID,0,Queue-Ext,0,0

2020-02-06 19:40:25.832000+00:00,dr02,sg4,0,obt-collector1,0/0/CPU0,ipv6-mpls,3,true,0,DATA_TYPE_ENCAP_ID,0,Queue-Ext,0,0

2020-02-06 19:40:25.836000+00:00,dr02,sg4,0,obt-collector1,0/1/CPU0,ipv4,0,false,0,DATA_TYPE_ENCAP_ID,11,Queue-Ext,0,98

2020-02-06 19:40:25.836000+00:00,dr02,sg4,0,obt-collector1,0/1/CPU0,ipv4-mpls,1,true,0,DATA_TYPE_ENCAP_ID,0,Queue-Ext,0,0

2020-02-06 19:40:25.836000+00:00,dr02,sg4,0,obt-collector1,0/1/CPU0,ipv6-mpls,3,true,0,DATA_TYPE_ENCAP_ID,0,Queue-Ext,0,0

2020-02-06 19:40:25.836000+00:00,dr02,sg4,0,obt-collector1,0/1/CPU0,ipv6,2,false,0,DATA_TYPE_ENCAP_ID,13,Queue-Ext,0,78

2020-02-06 19:40:25.839000+00:00,dr02,sg4,0,obt-collector1,0/RP0/CPU0,ipv4-mpls,1,true,0,DATA_TYPE_ENCAP_ID,0,Queue-Ext,0,0

2020-02-06 19:40:25.839000+00:00,dr02,sg4,0,obt-collector1,0/RP0/CPU0,ipv4,0,false,0,DATA_TYPE_ENCAP_ID,124,Queue-Ext,0,687

2020-02-06 19:40:25.839000+00:00,dr02,sg4,0,obt-collector1,0/RP0/CPU0,ipv6-mpls,3,true,0,DATA_TYPE_ENCAP_ID,0,Queue-Ext,0,0

2020-02-06 19:40:25.839000+00:00,dr02,sg4,0,obt-collector1,0/RP0/CPU0,ipv6,2,false,0,DATA_TYPE_ENCAP_ID,145,Queue-Ext,0,751

2020-02-06 19:40:33.993000+00:00,dr02,sg4,0,obt-collector1,0/0/CPU0,ipv4,0,false,0,DATA_TYPE_ENCAP_ID,0,Queue-Ext,0,37

2020-02-06 19:40:33.993000+00:00,dr02,sg4,0,obt-collector1,0/0/CPU0,ipv6-mpls,3,true,0,DATA_TYPE_ENCAP_ID,0,Queue-Ext,0,0

2020-02-06 19:40:33.993000+00:00,dr02,sg4,0,obt-collector1,0/0/CPU0,ipv4-mpls,1,true,0,DATA_TYPE_ENCAP_ID,0,Queue-Ext,0,0

2020-02-06 19:40:33.993000+00:00,dr02,sg4,0,obt-collector1,0/0/CPU0,ipv6,2,false,0,DATA_TYPE_ENCAP_ID,0,Queue-Ext,0,411

2020-02-06 19:40:33.997000+00:00,dr02,sg4,0,obt-collector1,0/1/CPU0,ipv4,0,false,0,DATA_TYPE_ENCAP_ID,11,Queue-Ext,0,98

2020-02-06 19:40:33.997000+00:00,dr02,sg4,0,obt-collector1,0/1/CPU0,ipv4-mpls,1,true,0,DATA_TYPE_ENCAP_ID,0,Queue-Ext,0,0

2020-02-06 19:40:33.998000+00:00,dr02,sg4,0,obt-collector1,0/1/CPU0,ipv6-mpls,3,true,0,DATA_TYPE_ENCAP_ID,0,Queue-Ext,0,0

2020-02-06 19:40:33.998000+00:00,dr02,sg4,0,obt-collector1,0/1/CPU0,ipv6,2,false,0,DATA_TYPE_ENCAP_ID,13,Queue-Ext,0,78

2020-02-06 19:40:34.001000+00:00,dr02,sg4,0,obt-collector1,0/RP0/CPU0,ipv4-mpls,1,true,0,DATA_TYPE_ENCAP_ID,0,Queue-Ext,0,0

2020-02-06 19:40:34.001000+00:00,dr02,sg4,0,obt-collector1,0/RP0/CPU0,ipv6,2,false,0,DATA_TYPE_ENCAP_ID,145,Queue-Ext,0,751

2020-02-06 19:40:34.001000+00:00,dr02,sg4,0,obt-collector1,0/RP0/CPU0,ipv6-mpls,3,true,0,DATA_TYPE_ENCAP_ID,0,Queue-Ext,0,0

2020-02-06 19:40:34.001000+00:00,dr02,sg4,0,obt-collector1,0/RP0/CPU0,ipv4,0,false,0,DATA_TYPE_ENCAP_ID,124,Queue-Ext,0,687

2020-02-06 19:40:52.351000+00:00,dr02,sg4,0,obt-collector1,0/0/CPU0,ipv4,0,false,0,DATA_TYPE_ENCAP_ID,0,Queue-Ext,0,37

2020-02-06 19:40:52.351000+00:00,dr02,sg4,0,obt-collector1,0/0/CPU0,ipv4-mpls,1,true,0,DATA_TYPE_ENCAP_ID,0,Queue-Ext,0,0

2020-02-06 19:40:52.351000+00:00,dr02,sg4,0,obt-collector1,0/0/CPU0,ipv6,2,false,0,DATA_TYPE_ENCAP_ID,0,Queue-Ext,0,411

2020-02-06 19:40:52.351000+00:00,dr02,sg4,0,obt-collector1,0/0/CPU0,ipv6-mpls,3,true,0,DATA_TYPE_ENCAP_ID,0,Queue-Ext,0,0

2020-02-06 19:40:52.355000+00:00,dr02,sg4,0,obt-collector1,0/1/CPU0,ipv4-mpls,1,true,0,DATA_TYPE_ENCAP_ID,0,Queue-Ext,0,0

2020-02-06 19:40:52.355000+00:00,dr02,sg4,0,obt-collector1,0/1/CPU0,ipv6,2,false,0,DATA_TYPE_ENCAP_ID,13,Queue-Ext,0,78

2020-02-06 19:40:52.355000+00:00,dr02,sg4,0,obt-collector1,0/1/CPU0,ipv4,0,false,0,DATA_TYPE_ENCAP_ID,11,Queue-Ext,0,98

2020-02-06 19:40:52.355000+00:00,dr02,sg4,0,obt-collector1,0/1/CPU0,ipv6-mpls,3,true,0,DATA_TYPE_ENCAP_ID,0,Queue-Ext,0,0

2020-02-06 19:40:52.358000+00:00,dr02,sg4,0,obt-collector1,0/RP0/CPU0,ipv4,0,false,0,DATA_TYPE_ENCAP_ID,124,Queue-Ext,0,687

2020-02-06 19:40:52.358000+00:00,dr02,sg4,0,obt-collector1,0/RP0/CPU0,ipv6-mpls,3,true,0,DATA_TYPE_ENCAP_ID,0,Queue-Ext,0,0

2020-02-06 19:40:52.358000+00:00,dr02,sg4,0,obt-collector1,0/RP0/CPU0,ipv4-mpls,1,true,0,DATA_TYPE_ENCAP_ID,0,Queue-Ext,0,0

2020-02-06 19:40:52.358000+00:00,dr02,sg4,0,obt-collector1,0/RP0/CPU0,ipv6,2,false,0,DATA_TYPE_ENCAP_ID,145,Queue-Ext,0,751

2020-02-06 19:41:34.530000+00:00,dr02,sg4,0,obt-collector1,0/0/CPU0,ipv6,2,false,0,DATA_TYPE_ENCAP_ID,0,Queue-Ext,0,411

2020-02-06 19:41:34.530000+00:00,dr02,sg4,0,obt-collector1,0/0/CPU0,ipv6-mpls,3,true,0,DATA_TYPE_ENCAP_ID,0,Queue-Ext,0,0

2020-02-06 19:41:34.530000+00:00,dr02,sg4,0,obt-collector1,0/0/CPU0,ipv4-mpls,1,true,0,DATA_TYPE_ENCAP_ID,0,Queue-Ext,0,0

2020-02-06 19:41:34.530000+00:00,dr02,sg4,0,obt-collector1,0/0/CPU0,ipv4,0,false,0,DATA_TYPE_ENCAP_ID,0,Queue-Ext,0,37

2020-02-06 19:41:34.534000+00:00,dr02,sg4,0,obt-collector1,0/1/CPU0,ipv6-mpls,3,true,0,DATA_TYPE_ENCAP_ID,0,Queue-Ext,0,0

2020-02-06 19:41:34.534000+00:00,dr02,sg4,0,obt-collector1,0/1/CPU0,ipv6,2,false,0,DATA_TYPE_ENCAP_ID,13,Queue-Ext,0,78

2020-02-06 19:41:34.534000+00:00,dr02,sg4,0,obt-collector1,0/1/CPU0,ipv4,0,false,0,DATA_TYPE_ENCAP_ID,11,Queue-Ext,0,98

2020-02-06 19:41:34.534000+00:00,dr02,sg4,0,obt-collector1,0/1/CPU0,ipv4-mpls,1,true,0,DATA_TYPE_ENCAP_ID,0,Queue-Ext,0,0

2020-02-06 19:41:34.537000+00:00,dr02,sg4,0,obt-collector1,0/RP0/CPU0,ipv4,0,false,0,DATA_TYPE_ENCAP_ID,124,Queue-Ext,0,687

2020-02-06 19:41:34.537000+00:00,dr02,sg4,0,obt-collector1,0/RP0/CPU0,ipv4-mpls,1,true,0,DATA_TYPE_ENCAP_ID,0,Queue-Ext,0,0

2020-02-06 19:41:34.538000+00:00,dr02,sg4,0,obt-collector1,0/RP0/CPU0,ipv6,2,false,0,DATA_TYPE_ENCAP_ID,145,Queue-Ext,0,751

2020-02-06 19:41:34.538000+00:00,dr02,sg4,0,obt-collector1,0/RP0/CPU0,ipv6-mpls,3,true,0,DATA_TYPE_ENCAP_ID,0,Queue-Ext,0,0

2020-02-06 19:41:42.817000+00:00,dr02,sg4,0,obt-collector1,0/0/CPU0,ipv4,0,false,0,DATA_TYPE_ENCAP_ID,0,Queue-Ext,0,37

2020-02-06 19:41:42.817000+00:00,dr02,sg4,0,obt-collector1,0/0/CPU0,ipv4-mpls,1,true,0,DATA_TYPE_ENCAP_ID,0,Queue-Ext,0,0

2020-02-06 19:41:42.817000+00:00,dr02,sg4,0,obt-collector1,0/0/CPU0,ipv6-mpls,3,true,0,DATA_TYPE_ENCAP_ID,0,Queue-Ext,0,0

2020-02-06 19:41:42.817000+00:00,dr02,sg4,0,obt-collector1,0/0/CPU0,ipv6,2,false,0,DATA_TYPE_ENCAP_ID,0,Queue-Ext,0,411

2020-02-06 19:41:42.821000+00:00,dr02,sg4,0,obt-collector1,0/1/CPU0,ipv4,0,false,0,DATA_TYPE_ENCAP_ID,11,Queue-Ext,0,98

2020-02-06 19:41:42.821000+00:00,dr02,sg4,0,obt-collector1,0/1/CPU0,ipv6,2,false,0,DATA_TYPE_ENCAP_ID,13,Queue-Ext,0,78

2020-02-06 19:41:42.821000+00:00,dr02,sg4,0,obt-collector1,0/1/CPU0,ipv4-mpls,1,true,0,DATA_TYPE_ENCAP_ID,0,Queue-Ext,0,0

2020-02-06 19:41:42.822000+00:00,dr02,sg4,0,obt-collector1,0/1/CPU0,ipv6-mpls,3,true,0,DATA_TYPE_ENCAP_ID,0,Queue-Ext,0,0

2020-02-06 19:41:42.825000+00:00,dr02,sg4,0,obt-collector1,0/RP0/CPU0,ipv6-mpls,3,true,0,DATA_TYPE_ENCAP_ID,0,Queue-Ext,0,0

2020-02-06 19:41:42.825000+00:00,dr02,sg4,0,obt-collector1,0/RP0/CPU0,ipv6,2,false,0,DATA_TYPE_ENCAP_ID,145,Queue-Ext,0,751

2020-02-06 19:41:42.825000+00:00,dr02,sg4,0,obt-collector1,0/RP0/CPU0,ipv4-mpls,1,true,0,DATA_TYPE_ENCAP_ID,0,Queue-Ext,0,0

2020-02-06 19:41:42.825000+00:00,dr02,sg4,0,obt-collector1,0/RP0/CPU0,ipv4,0,false,0,DATA_TYPE_ENCAP_ID,124,Queue-Ext,0,687

2020-02-06 19:42:33.754000+00:00,dr02,sg4,0,obt-collector1,0/0/CPU0,ipv6,2,false,0,DATA_TYPE_ENCAP_ID,0,Queue-Ext,0,411

2020-02-06 19:42:33.754000+00:00,dr02,sg4,0,obt-collector1,0/0/CPU0,ipv6-mpls,3,true,0,DATA_TYPE_ENCAP_ID,0,Queue-Ext,0,0

2020-02-06 19:42:33.754000+00:00,dr02,sg4,0,obt-collector1,0/0/CPU0,ipv4-mpls,1,true,0,DATA_TYPE_ENCAP_ID,0,Queue-Ext,0,0

2020-02-06 19:42:33.754000+00:00,dr02,sg4,0,obt-collector1,0/0/CPU0,ipv4,0,false,0,DATA_TYPE_ENCAP_ID,0,Queue-Ext,0,37

2020-02-06 19:42:33.758000+00:00,dr02,sg4,0,obt-collector1,0/1/CPU0,ipv4,0,false,0,DATA_TYPE_ENCAP_ID,11,Queue-Ext,0,98

2020-02-06 19:42:33.759000+00:00,dr02,sg4,0,obt-collector1,0/1/CPU0,ipv6-mpls,3,true,0,DATA_TYPE_ENCAP_ID,0,Queue-Ext,0,0

2020-02-06 19:42:33.759000+00:00,dr02,sg4,0,obt-collector1,0/1/CPU0,ipv6,2,false,0,DATA_TYPE_ENCAP_ID,13,Queue-Ext,0,78

2020-02-06 19:42:33.759000+00:00,dr02,sg4,0,obt-collector1,0/1/CPU0,ipv4-mpls,1,true,0,DATA_TYPE_ENCAP_ID,0,Queue-Ext,0,0

2020-02-06 19:42:33.761000+00:00,dr02,sg4,0,obt-collector1,0/RP0/CPU0,ipv4,0,false,0,DATA_TYPE_ENCAP_ID,124,Queue-Ext,0,687

2020-02-06 19:42:33.761000+00:00,dr02,sg4,0,obt-collector1,0/RP0/CPU0,ipv4-mpls,1,true,0,DATA_TYPE_ENCAP_ID,0,Queue-Ext,0,0

2020-02-06 19:42:33.761000+00:00,dr02,sg4,0,obt-collector1,0/RP0/CPU0,ipv6,2,false,0,DATA_TYPE_ENCAP_ID,145,Queue-Ext,0,751

2020-02-06 19:42:33.762000+00:00,dr02,sg4,0,obt-collector1,0/RP0/CPU0,ipv6-mpls,3,true,0,DATA_TYPE_ENCAP_ID,0,Queue-Ext,0,0

2020-02-06 19:42:50.195000+00:00,dr02,sg4,0,obt-collector1,0/0/CPU0,ipv4,0,false,0,DATA_TYPE_ENCAP_ID,0,Queue-Ext,0,37

2020-02-06 19:42:50.195000+00:00,dr02,sg4,0,obt-collector1,0/0/CPU0,ipv4-mpls,1,true,0,DATA_TYPE_ENCAP_ID,0,Queue-Ext,0,0

2020-02-06 19:42:50.195000+00:00,dr02,sg4,0,obt-collector1,0/0/CPU0,ipv6-mpls,3,true,0,DATA_TYPE_ENCAP_ID,0,Queue-Ext,0,0

2020-02-06 19:42:50.195000+00:00,dr02,sg4,0,obt-collector1,0/0/CPU0,ipv6,2,false,0,DATA_TYPE_ENCAP_ID,0,Queue-Ext,0,411

2020-02-06 19:42:50.199000+00:00,dr02,sg4,0,obt-collector1,0/1/CPU0,ipv4,0,false,0,DATA_TYPE_ENCAP_ID,11,Queue-Ext,0,98

2020-02-06 19:42:50.199000+00:00,dr02,sg4,0,obt-collector1,0/1/CPU0,ipv6-mpls,3,true,0,DATA_TYPE_ENCAP_ID,0,Queue-Ext,0,0

2020-02-06 19:42:50.199000+00:00,dr02,sg4,0,obt-collector1,0/1/CPU0,ipv4-mpls,1,true,0,DATA_TYPE_ENCAP_ID,0,Queue-Ext,0,0

2020-02-06 19:42:50.199000+00:00,dr02,sg4,0,obt-collector1,0/1/CPU0,ipv6,2,false,0,DATA_TYPE_ENCAP_ID,13,Queue-Ext,0,78

2020-02-06 19:42:50.202000+00:00,dr02,sg4,0,obt-collector1,0/RP0/CPU0,ipv4-mpls,1,true,0,DATA_TYPE_ENCAP_ID,0,Queue-Ext,0,0

2020-02-06 19:42:50.202000+00:00,dr02,sg4,0,obt-collector1,0/RP0/CPU0,ipv6,2,false,0,DATA_TYPE_ENCAP_ID,145,Queue-Ext,0,751

2020-02-06 19:42:50.202000+00:00,dr02,sg4,0,obt-collector1,0/RP0/CPU0,ipv4,0,false,0,DATA_TYPE_ENCAP_ID,124,Queue-Ext,0,687

2020-02-06 19:42:50.202000+00:00,dr02,sg4,0,obt-collector1,0/RP0/CPU0,ipv6-mpls,3,true,0,DATA_TYPE_ENCAP_ID,0,Queue-Ext,0,0

2020-02-06 19:42:58.867000+00:00,dr02,sg4,0,obt-collector1,0/0/CPU0,ipv6-mpls,3,true,0,DATA_TYPE_ENCAP_ID,0,Queue-Ext,0,0

2020-02-06 19:42:58.867000+00:00,dr02,sg4,0,obt-collector1,0/0/CPU0,ipv6,2,false,0,DATA_TYPE_ENCAP_ID,0,Queue-Ext,0,411

2020-02-06 19:42:58.867000+00:00,dr02,sg4,0,obt-collector1,0/0/CPU0,ipv4-mpls,1,true,0,DATA_TYPE_ENCAP_ID,0,Queue-Ext,0,0

2020-02-06 19:42:58.867000+00:00,dr02,sg4,0,obt-collector1,0/0/CPU0,ipv4,0,false,0,DATA_TYPE_ENCAP_ID,0,Queue-Ext,0,37

2020-02-06 19:42:58.871000+00:00,dr02,sg4,0,obt-collector1,0/1/CPU0,ipv4-mpls,1,true,0,DATA_TYPE_ENCAP_ID,0,Queue-Ext,0,0

2020-02-06 19:42:58.871000+00:00,dr02,sg4,0,obt-collector1,0/1/CPU0,ipv6-mpls,3,true,0,DATA_TYPE_ENCAP_ID,0,Queue-Ext,0,0

2020-02-06 19:42:58.871000+00:00,dr02,sg4,0,obt-collector1,0/1/CPU0,ipv4,0,false,0,DATA_TYPE_ENCAP_ID,11,Queue-Ext,0,98

2020-02-06 19:42:58.871000+00:00,dr02,sg4,0,obt-collector1,0/1/CPU0,ipv6,2,false,0,DATA_TYPE_ENCAP_ID,13,Queue-Ext,0,78

2020-02-06 19:42:58.874000+00:00,dr02,sg4,0,obt-collector1,0/RP0/CPU0,ipv4-mpls,1,true,0,DATA_TYPE_ENCAP_ID,0,Queue-Ext,0,0

2020-02-06 19:42:58.874000+00:00,dr02,sg4,0,obt-collector1,0/RP0/CPU0,ipv6-mpls,3,true,0,DATA_TYPE_ENCAP_ID,0,Queue-Ext,0,0

2020-02-06 19:42:58.874000+00:00,dr02,sg4,0,obt-collector1,0/RP0/CPU0,ipv4,0,false,0,DATA_TYPE_ENCAP_ID,124,Queue-Ext,0,687

2020-02-06 19:42:58.874000+00:00,dr02,sg4,0,obt-collector1,0/RP0/CPU0,ipv6,2,false,0,DATA_TYPE_ENCAP_ID,145,Queue-Ext,0,751

2020-02-06 19:43:06.999000+00:00,dr02,sg4,0,obt-collector1,0/0/CPU0,ipv4,0,false,0,DATA_TYPE_ENCAP_ID,0,Queue-Ext,0,37

2020-02-06 19:43:06.999000+00:00,dr02,sg4,0,obt-collector1,0/0/CPU0,ipv4-mpls,1,true,0,DATA_TYPE_ENCAP_ID,0,Queue-Ext,0,0

2020-02-06 19:43:07+00:00,dr02,sg4,0,obt-collector1,0/0/CPU0,ipv6,2,false,0,DATA_TYPE_ENCAP_ID,0,Queue-Ext,0,411

2020-02-06 19:43:07+00:00,dr02,sg4,0,obt-collector1,0/0/CPU0,ipv6-mpls,3,true,0,DATA_TYPE_ENCAP_ID,0,Queue-Ext,0,0

2020-02-06 19:43:07.006000+00:00,dr02,sg4,0,obt-collector1,0/1/CPU0,ipv4,0,false,0,DATA_TYPE_ENCAP_ID,11,Queue-Ext,0,98

2020-02-06 19:43:07.006000+00:00,dr02,sg4,0,obt-collector1,0/1/CPU0,ipv6-mpls,3,true,0,DATA_TYPE_ENCAP_ID,0,Queue-Ext,0,0

2020-02-06 19:43:07.006000+00:00,dr02,sg4,0,obt-collector1,0/1/CPU0,ipv4-mpls,1,true,0,DATA_TYPE_ENCAP_ID,0,Queue-Ext,0,0

2020-02-06 19:43:07.006000+00:00,dr02,sg4,0,obt-collector1,0/1/CPU0,ipv6,2,false,0,DATA_TYPE_ENCAP_ID,13,Queue-Ext,0,78

2020-02-06 19:43:07.009000+00:00,dr02,sg4,0,obt-collector1,0/RP0/CPU0,ipv4,0,false,0,DATA_TYPE_ENCAP_ID,124,Queue-Ext,0,687

2020-02-06 19:43:07.009000+00:00,dr02,sg4,0,obt-collector1,0/RP0/CPU0,ipv4-mpls,1,true,0,DATA_TYPE_ENCAP_ID,0,Queue-Ext,0,0

2020-02-06 19:43:07.009000+00:00,dr02,sg4,0,obt-collector1,0/RP0/CPU0,ipv6-mpls,3,true,0,DATA_TYPE_ENCAP_ID,0,Queue-Ext,0,0

2020-02-06 19:43:07.009000+00:00,dr02,sg4,0,obt-collector1,0/RP0/CPU0,ipv6,2,false,0,DATA_TYPE_ENCAP_ID,145,Queue-Ext,0,751

2020-02-06 19:44:57.774000+00:00,dr02,sg4,0,obt-collector1,0/0/CPU0,ipv6,2,false,0,DATA_TYPE_ENCAP_ID,0,Queue-Ext,0,411

2020-02-06 19:44:57.774000+00:00,dr02,sg4,0,obt-collector1,0/0/CPU0,ipv4,0,false,0,DATA_TYPE_ENCAP_ID,0,Queue-Ext,0,37

2020-02-06 19:44:57.774000+00:00,dr02,sg4,0,obt-collector1,0/0/CPU0,ipv6-mpls,3,true,0,DATA_TYPE_ENCAP_ID,0,Queue-Ext,0,0

2020-02-06 19:44:57.774000+00:00,dr02,sg4,0,obt-collector1,0/0/CPU0,ipv4-mpls,1,true,0,DATA_TYPE_ENCAP_ID,0,Queue-Ext,0,0

2020-02-06 19:44:57.779000+00:00,dr02,sg4,0,obt-collector1,0/1/CPU0,ipv6-mpls,3,true,0,DATA_TYPE_ENCAP_ID,0,Queue-Ext,0,0

2020-02-06 19:44:57.779000+00:00,dr02,sg4,0,obt-collector1,0/1/CPU0,ipv6,2,false,0,DATA_TYPE_ENCAP_ID,13,Queue-Ext,0,78

2020-02-06 19:44:57.779000+00:00,dr02,sg4,0,obt-collector1,0/1/CPU0,ipv4,0,false,0,DATA_TYPE_ENCAP_ID,11,Queue-Ext,0,98

2020-02-06 19:44:57.779000+00:00,dr02,sg4,0,obt-collector1,0/1/CPU0,ipv4-mpls,1,true,0,DATA_TYPE_ENCAP_ID,0,Queue-Ext,0,0

2020-02-06 19:44:57.782000+00:00,dr02,sg4,0,obt-collector1,0/RP0/CPU0,ipv6-mpls,3,true,0,DATA_TYPE_ENCAP_ID,0,Queue-Ext,0,0

2020-02-06 19:44:57.782000+00:00,dr02,sg4,0,obt-collector1,0/RP0/CPU0,ipv6,2,false,0,DATA_TYPE_ENCAP_ID,145,Queue-Ext,0,751

2020-02-06 19:44:57.782000+00:00,dr02,sg4,0,obt-collector1,0/RP0/CPU0,ipv4-mpls,1,true,0,DATA_TYPE_ENCAP_ID,0,Queue-Ext,0,0

2020-02-06 19:44:57.782000+00:00,dr02,sg4,0,obt-collector1,0/RP0/CPU0,ipv4,0,false,0,DATA_TYPE_ENCAP_ID,124,Queue-Ext,0,687

2020-02-06 19:46:29.085000+00:00,dr02,sg4,0,obt-collector1,0/0/CPU0,ipv6-mpls,3,true,0,DATA_TYPE_ENCAP_ID,0,Queue-Ext,0,0

2020-02-06 19:46:29.085000+00:00,dr02,sg4,0,obt-collector1,0/0/CPU0,ipv6,2,false,0,DATA_TYPE_ENCAP_ID,0,Queue-Ext,0,411

2020-02-06 19:46:29.085000+00:00,dr02,sg4,0,obt-collector1,0/0/CPU0,ipv4-mpls,1,true,0,DATA_TYPE_ENCAP_ID,0,Queue-Ext,0,0

2020-02-06 19:46:29.085000+00:00,dr02,sg4,0,obt-collector1,0/0/CPU0,ipv4,0,false,0,DATA_TYPE_ENCAP_ID,0,Queue-Ext,0,37

2020-02-06 19:46:29.090000+00:00,dr02,sg4,0,obt-collector1,0/1/CPU0,ipv6,2,false,0,DATA_TYPE_ENCAP_ID,13,Queue-Ext,0,78

2020-02-06 19:46:29.090000+00:00,dr02,sg4,0,obt-collector1,0/1/CPU0,ipv4-mpls,1,true,0,DATA_TYPE_ENCAP_ID,0,Queue-Ext,0,0

2020-02-06 19:46:29.090000+00:00,dr02,sg4,0,obt-collector1,0/1/CPU0,ipv6-mpls,3,true,0,DATA_TYPE_ENCAP_ID,0,Queue-Ext,0,0

2020-02-06 19:46:29.090000+00:00,dr02,sg4,0,obt-collector1,0/1/CPU0,ipv4,0,false,0,DATA_TYPE_ENCAP_ID,11,Queue-Ext,0,98

2020-02-06 19:46:29.093000+00:00,dr02,sg4,0,obt-collector1,0/RP0/CPU0,ipv4-mpls,1,true,0,DATA_TYPE_ENCAP_ID,0,Queue-Ext,0,0

2020-02-06 19:46:29.093000+00:00,dr02,sg4,0,obt-collector1,0/RP0/CPU0,ipv4,0,false,0,DATA_TYPE_ENCAP_ID,124,Queue-Ext,0,687

2020-02-06 19:46:29.093000+00:00,dr02,sg4,0,obt-collector1,0/RP0/CPU0,ipv6,2,false,0,DATA_TYPE_ENCAP_ID,145,Queue-Ext,0,751

2020-02-06 19:46:29.093000+00:00,dr02,sg4,0,obt-collector1,0/RP0/CPU0,ipv6-mpls,3,true,0,DATA_TYPE_ENCAP_ID,0,Queue-Ext,0,0

2020-02-06 19:46:54.575000+00:00,dr02,sg4,0,obt-collector1,0/0/CPU0,ipv4-mpls,1,true,0,DATA_TYPE_ENCAP_ID,0,Queue-Ext,0,0

2020-02-06 19:46:54.575000+00:00,dr02,sg4,0,obt-collector1,0/0/CPU0,ipv6-mpls,3,true,0,DATA_TYPE_ENCAP_ID,0,Queue-Ext,0,0

2020-02-06 19:46:54.575000+00:00,dr02,sg4,0,obt-collector1,0/0/CPU0,ipv4,0,false,0,DATA_TYPE_ENCAP_ID,0,Queue-Ext,0,37

2020-02-06 19:46:54.575000+00:00,dr02,sg4,0,obt-collector1,0/0/CPU0,ipv6,2,false,0,DATA_TYPE_ENCAP_ID,0,Queue-Ext,0,411

2020-02-06 19:46:54.579000+00:00,dr02,sg4,0,obt-collector1,0/1/CPU0,ipv4-mpls,1,true,0,DATA_TYPE_ENCAP_ID,0,Queue-Ext,0,0

2020-02-06 19:46:54.579000+00:00,dr02,sg4,0,obt-collector1,0/1/CPU0,ipv4,0,false,0,DATA_TYPE_ENCAP_ID,11,Queue-Ext,0,98

2020-02-06 19:46:54.579000+00:00,dr02,sg4,0,obt-collector1,0/1/CPU0,ipv6,2,false,0,DATA_TYPE_ENCAP_ID,13,Queue-Ext,0,78

2020-02-06 19:46:54.579000+00:00,dr02,sg4,0,obt-collector1,0/1/CPU0,ipv6-mpls,3,true,0,DATA_TYPE_ENCAP_ID,0,Queue-Ext,0,0

2020-02-06 19:46:54.582000+00:00,dr02,sg4,0,obt-collector1,0/RP0/CPU0,ipv6,2,false,0,DATA_TYPE_ENCAP_ID,145,Queue-Ext,0,751

2020-02-06 19:46:54.582000+00:00,dr02,sg4,0,obt-collector1,0/RP0/CPU0,ipv6-mpls,3,true,0,DATA_TYPE_ENCAP_ID,0,Queue-Ext,0,0

2020-02-06 19:46:54.582000+00:00,dr02,sg4,0,obt-collector1,0/RP0/CPU0,ipv4,0,false,0,DATA_TYPE_ENCAP_ID,124,Queue-Ext,0,687

2020-02-06 19:46:54.582000+00:00,dr02,sg4,0,obt-collector1,0/RP0/CPU0,ipv4-mpls,1,true,0,DATA_TYPE_ENCAP_ID,0,Queue-Ext,0,0

2020-02-06 19:47:04.697000+00:00,dr02,sg4,0,obt-collector1,0/0/CPU0,ipv4,0,false,0,DATA_TYPE_ENCAP_ID,0,Queue-Ext,0,37

2020-02-06 19:47:04.697000+00:00,dr02,sg4,0,obt-collector1,0/0/CPU0,ipv4-mpls,1,true,0,DATA_TYPE_ENCAP_ID,0,Queue-Ext,0,0

2020-02-06 19:47:04.697000+00:00,dr02,sg4,0,obt-collector1,0/0/CPU0,ipv6,2,false,0,DATA_TYPE_ENCAP_ID,0,Queue-Ext,0,411

2020-02-06 19:47:04.697000+00:00,dr02,sg4,0,obt-collector1,0/0/CPU0,ipv6-mpls,3,true,0,DATA_TYPE_ENCAP_ID,0,Queue-Ext,0,0

2020-02-06 19:47:04.701000+00:00,dr02,sg4,0,obt-collector1,0/1/CPU0,ipv4,0,false,0,DATA_TYPE_ENCAP_ID,11,Queue-Ext,0,98

2020-02-06 19:47:04.701000+00:00,dr02,sg4,0,obt-collector1,0/1/CPU0,ipv6-mpls,3,true,0,DATA_TYPE_ENCAP_ID,0,Queue-Ext,0,0

2020-02-06 19:47:04.701000+00:00,dr02,sg4,0,obt-collector1,0/1/CPU0,ipv4-mpls,1,true,0,DATA_TYPE_ENCAP_ID,0,Queue-Ext,0,0

2020-02-06 19:47:04.701000+00:00,dr02,sg4,0,obt-collector1,0/1/CPU0,ipv6,2,false,0,DATA_TYPE_ENCAP_ID,13,Queue-Ext,0,78

2020-02-06 19:47:04.704000+00:00,dr02,sg4,0,obt-collector1,0/RP0/CPU0,ipv4,0,false,0,DATA_TYPE_ENCAP_ID,124,Queue-Ext,0,687

2020-02-06 19:47:04.704000+00:00,dr02,sg4,0,obt-collector1,0/RP0/CPU0,ipv4-mpls,1,true,0,DATA_TYPE_ENCAP_ID,0,Queue-Ext,0,0

2020-02-06 19:47:04.704000+00:00,dr02,sg4,0,obt-collector1,0/RP0/CPU0,ipv6-mpls,3,true,0,DATA_TYPE_ENCAP_ID,0,Queue-Ext,0,0

2020-02-06 19:47:04.704000+00:00,dr02,sg4,0,obt-collector1,0/RP0/CPU0,ipv6,2,false,0,DATA_TYPE_ENCAP_ID,145,Queue-Ext,0,751

2020-02-06 19:47:21.140000+00:00,dr02,sg4,0,obt-collector1,0/0/CPU0,ipv6,2,false,0,DATA_TYPE_ENCAP_ID,0,Queue-Ext,0,411

2020-02-06 19:47:21.140000+00:00,dr02,sg4,0,obt-collector1,0/0/CPU0,ipv4,0,false,0,DATA_TYPE_ENCAP_ID,0,Queue-Ext,0,37

2020-02-06 19:47:21.140000+00:00,dr02,sg4,0,obt-collector1,0/0/CPU0,ipv6-mpls,3,true,0,DATA_TYPE_ENCAP_ID,0,Queue-Ext,0,0

2020-02-06 19:47:21.140000+00:00,dr02,sg4,0,obt-collector1,0/0/CPU0,ipv4-mpls,1,true,0,DATA_TYPE_ENCAP_ID,0,Queue-Ext,0,0

2020-02-06 19:47:21.145000+00:00,dr02,sg4,0,obt-collector1,0/1/CPU0,ipv6-mpls,3,true,0,DATA_TYPE_ENCAP_ID,0,Queue-Ext,0,0

2020-02-06 19:47:21.145000+00:00,dr02,sg4,0,obt-collector1,0/1/CPU0,ipv6,2,false,0,DATA_TYPE_ENCAP_ID,13,Queue-Ext,0,78

2020-02-06 19:47:21.145000+00:00,dr02,sg4,0,obt-collector1,0/1/CPU0,ipv4,0,false,0,DATA_TYPE_ENCAP_ID,11,Queue-Ext,0,98

2020-02-06 19:47:21.145000+00:00,dr02,sg4,0,obt-collector1,0/1/CPU0,ipv4-mpls,1,true,0,DATA_TYPE_ENCAP_ID,0,Queue-Ext,0,0

2020-02-06 19:47:21.148000+00:00,dr02,sg4,0,obt-collector1,0/RP0/CPU0,ipv6-mpls,3,true,0,DATA_TYPE_ENCAP_ID,0,Queue-Ext,0,0

2020-02-06 19:47:21.148000+00:00,dr02,sg4,0,obt-collector1,0/RP0/CPU0,ipv6,2,false,0,DATA_TYPE_ENCAP_ID,145,Queue-Ext,0,751

2020-02-06 19:47:21.148000+00:00,dr02,sg4,0,obt-collector1,0/RP0/CPU0,ipv4-mpls,1,true,0,DATA_TYPE_ENCAP_ID,0,Queue-Ext,0,0

2020-02-06 19:47:21.148000+00:00,dr02,sg4,0,obt-collector1,0/RP0/CPU0,ipv4,0,false,0,DATA_TYPE_ENCAP_ID,124,Queue-Ext,0,687

2020-02-06 19:48:12.616000+00:00,dr02,sg4,0,obt-collector1,0/0/CPU0,ipv6-mpls,3,true,0,DATA_TYPE_ENCAP_ID,0,Queue-Ext,0,0

2020-02-06 19:48:12.616000+00:00,dr02,sg4,0,obt-collector1,0/0/CPU0,ipv6,2,false,0,DATA_TYPE_ENCAP_ID,0,Queue-Ext,0,411

2020-02-06 19:48:12.616000+00:00,dr02,sg4,0,obt-collector1,0/0/CPU0,ipv4-mpls,1,true,0,DATA_TYPE_ENCAP_ID,0,Queue-Ext,0,0

2020-02-06 19:48:12.616000+00:00,dr02,sg4,0,obt-collector1,0/0/CPU0,ipv4,0,false,0,DATA_TYPE_ENCAP_ID,0,Queue-Ext,0,37

2020-02-06 19:48:12.620000+00:00,dr02,sg4,0,obt-collector1,0/1/CPU0,ipv4-mpls,1,true,0,DATA_TYPE_ENCAP_ID,0,Queue-Ext,0,0

2020-02-06 19:48:12.620000+00:00,dr02,sg4,0,obt-collector1,0/1/CPU0,ipv4,0,false,0,DATA_TYPE_ENCAP_ID,11,Queue-Ext,0,98

2020-02-06 19:48:12.621000+00:00,dr02,sg4,0,obt-collector1,0/1/CPU0,ipv6,2,false,0,DATA_TYPE_ENCAP_ID,13,Queue-Ext,0,78

2020-02-06 19:48:12.621000+00:00,dr02,sg4,0,obt-collector1,0/1/CPU0,ipv6-mpls,3,true,0,DATA_TYPE_ENCAP_ID,0,Queue-Ext,0,0

2020-02-06 19:48:12.623000+00:00,dr02,sg4,0,obt-collector1,0/RP0/CPU0,ipv4,0,false,0,DATA_TYPE_ENCAP_ID,124,Queue-Ext,0,687

2020-02-06 19:48:12.623000+00:00,dr02,sg4,0,obt-collector1,0/RP0/CPU0,ipv4-mpls,1,true,0,DATA_TYPE_ENCAP_ID,0,Queue-Ext,0,0

2020-02-06 19:48:12.624000+00:00,dr02,sg4,0,obt-collector1,0/RP0/CPU0,ipv6,2,false,0,DATA_TYPE_ENCAP_ID,145,Queue-Ext,0,751

2020-02-06 19:48:12.624000+00:00,dr02,sg4,0,obt-collector1,0/RP0/CPU0,ipv6-mpls,3,true,0,DATA_TYPE_ENCAP_ID,0,Queue-Ext,0,0

2020-02-06 19:48:37.180000+00:00,dr02,sg4,0,obt-collector1,0/0/CPU0,ipv6-mpls,3,true,0,DATA_TYPE_ENCAP_ID,0,Queue-Ext,0,0

2020-02-06 19:48:37.180000+00:00,dr02,sg4,0,obt-collector1,0/0/CPU0,ipv4,0,false,0,DATA_TYPE_ENCAP_ID,0,Queue-Ext,0,37

2020-02-06 19:48:37.180000+00:00,dr02,sg4,0,obt-collector1,0/0/CPU0,ipv4-mpls,1,true,0,DATA_TYPE_ENCAP_ID,0,Queue-Ext,0,0

2020-02-06 19:48:37.180000+00:00,dr02,sg4,0,obt-collector1,0/0/CPU0,ipv6,2,false,0,DATA_TYPE_ENCAP_ID,0,Queue-Ext,0,411

2020-02-06 19:48:37.185000+00:00,dr02,sg4,0,obt-collector1,0/1/CPU0,ipv6,2,false,0,DATA_TYPE_ENCAP_ID,13,Queue-Ext,0,78

2020-02-06 19:48:37.185000+00:00,dr02,sg4,0,obt-collector1,0/1/CPU0,ipv4,0,false,0,DATA_TYPE_ENCAP_ID,11,Queue-Ext,0,98

2020-02-06 19:48:37.185000+00:00,dr02,sg4,0,obt-collector1,0/1/CPU0,ipv4-mpls,1,true,0,DATA_TYPE_ENCAP_ID,0,Queue-Ext,0,0

2020-02-06 19:48:37.185000+00:00,dr02,sg4,0,obt-collector1,0/1/CPU0,ipv6-mpls,3,true,0,DATA_TYPE_ENCAP_ID,0,Queue-Ext,0,0

2020-02-06 19:48:37.188000+00:00,dr02,sg4,0,obt-collector1,0/RP0/CPU0,ipv6,2,false,0,DATA_TYPE_ENCAP_ID,145,Queue-Ext,0,751

2020-02-06 19:48:37.188000+00:00,dr02,sg4,0,obt-collector1,0/RP0/CPU0,ipv4,0,false,0,DATA_TYPE_ENCAP_ID,124,Queue-Ext,0,687

2020-02-06 19:48:37.188000+00:00,dr02,sg4,0,obt-collector1,0/RP0/CPU0,ipv6-mpls,3,true,0,DATA_TYPE_ENCAP_ID,0,Queue-Ext,0,0

2020-02-06 19:48:37.188000+00:00,dr02,sg4,0,obt-collector1,0/RP0/CPU0,ipv4-mpls,1,true,0,DATA_TYPE_ENCAP_ID,0,Queue-Ext,0,0

2020-02-06 19:48:53.578000+00:00,dr02,sg4,0,obt-collector1,0/0/CPU0,ipv6-mpls,3,true,0,DATA_TYPE_ENCAP_ID,0,Queue-Ext,0,0

2020-02-06 19:48:53.578000+00:00,dr02,sg4,0,obt-collector1,0/0/CPU0,ipv6,2,false,0,DATA_TYPE_ENCAP_ID,0,Queue-Ext,0,411

2020-02-06 19:48:53.578000+00:00,dr02,sg4,0,obt-collector1,0/0/CPU0,ipv4-mpls,1,true,0,DATA_TYPE_ENCAP_ID,0,Queue-Ext,0,0

2020-02-06 19:48:53.578000+00:00,dr02,sg4,0,obt-collector1,0/0/CPU0,ipv4,0,false,0,DATA_TYPE_ENCAP_ID,0,Queue-Ext,0,37

2020-02-06 19:48:53.583000+00:00,dr02,sg4,0,obt-collector1,0/1/CPU0,ipv4-mpls,1,true,0,DATA_TYPE_ENCAP_ID,0,Queue-Ext,0,0

2020-02-06 19:48:53.583000+00:00,dr02,sg4,0,obt-collector1,0/1/CPU0,ipv6,2,false,0,DATA_TYPE_ENCAP_ID,13,Queue-Ext,0,78

2020-02-06 19:48:53.583000+00:00,dr02,sg4,0,obt-collector1,0/1/CPU0,ipv6-mpls,3,true,0,DATA_TYPE_ENCAP_ID,0,Queue-Ext,0,0

2020-02-06 19:48:53.583000+00:00,dr02,sg4,0,obt-collector1,0/1/CPU0,ipv4,0,false,0,DATA_TYPE_ENCAP_ID,11,Queue-Ext,0,98

2020-02-06 19:48:53.586000+00:00,dr02,sg4,0,obt-collector1,0/RP0/CPU0,ipv6,2,false,0,DATA_TYPE_ENCAP_ID,145,Queue-Ext,0,751

2020-02-06 19:48:53.586000+00:00,dr02,sg4,0,obt-collector1,0/RP0/CPU0,ipv4-mpls,1,true,0,DATA_TYPE_ENCAP_ID,0,Queue-Ext,0,0

2020-02-06 19:48:53.586000+00:00,dr02,sg4,0,obt-collector1,0/RP0/CPU0,ipv6-mpls,3,true,0,DATA_TYPE_ENCAP_ID,0,Queue-Ext,0,0

2020-02-06 19:48:53.586000+00:00,dr02,sg4,0,obt-collector1,0/RP0/CPU0,ipv4,0,false,0,DATA_TYPE_ENCAP_ID,124,Queue-Ext,0,687

2020-02-06 19:49:27.261000+00:00,dr02,sg4,0,obt-collector1,0/0/CPU0,ipv4-mpls,1,true,0,DATA_TYPE_ENCAP_ID,0,Queue-Ext,0,0

2020-02-06 19:49:27.261000+00:00,dr02,sg4,0,obt-collector1,0/0/CPU0,ipv4,0,false,0,DATA_TYPE_ENCAP_ID,0,Queue-Ext,0,37

2020-02-06 19:49:27.261000+00:00,dr02,sg4,0,obt-collector1,0/0/CPU0,ipv6,2,false,0,DATA_TYPE_ENCAP_ID,0,Queue-Ext,0,411

2020-02-06 19:49:27.262000+00:00,dr02,sg4,0,obt-collector1,0/0/CPU0,ipv6-mpls,3,true,0,DATA_TYPE_ENCAP_ID,0,Queue-Ext,0,0

2020-02-06 19:49:27.265000+00:00,dr02,sg4,0,obt-collector1,0/1/CPU0,ipv4-mpls,1,true,0,DATA_TYPE_ENCAP_ID,0,Queue-Ext,0,0

2020-02-06 19:49:27.265000+00:00,dr02,sg4,0,obt-collector1,0/1/CPU0,ipv4,0,false,0,DATA_TYPE_ENCAP_ID,11,Queue-Ext,0,98

2020-02-06 19:49:27.265000+00:00,dr02,sg4,0,obt-collector1,0/1/CPU0,ipv6-mpls,3,true,0,DATA_TYPE_ENCAP_ID,0,Queue-Ext,0,0

2020-02-06 19:49:27.265000+00:00,dr02,sg4,0,obt-collector1,0/1/CPU0,ipv6,2,false,0,DATA_TYPE_ENCAP_ID,13,Queue-Ext,0,78

2020-02-06 19:49:27.268000+00:00,dr02,sg4,0,obt-collector1,0/RP0/CPU0,ipv4,0,false,0,DATA_TYPE_ENCAP_ID,124,Queue-Ext,0,687

2020-02-06 19:49:27.268000+00:00,dr02,sg4,0,obt-collector1,0/RP0/CPU0,ipv6,2,false,0,DATA_TYPE_ENCAP_ID,145,Queue-Ext,0,751

2020-02-06 19:49:27.268000+00:00,dr02,sg4,0,obt-collector1,0/RP0/CPU0,ipv6-mpls,3,true,0,DATA_TYPE_ENCAP_ID,0,Queue-Ext,0,0

2020-02-06 19:49:27.268000+00:00,dr02,sg4,0,obt-collector1,0/RP0/CPU0,ipv4-mpls,1,true,0,DATA_TYPE_ENCAP_ID,0,Queue-Ext,0,0

2020-02-06 19:49:43.800000+00:00,dr02,sg4,0,obt-collector1,0/0/CPU0,ipv4,0,false,0,DATA_TYPE_ENCAP_ID,0,Queue-Ext,0,37

2020-02-06 19:49:43.800000+00:00,dr02,sg4,0,obt-collector1,0/0/CPU0,ipv6-mpls,3,true,0,DATA_TYPE_ENCAP_ID,0,Queue-Ext,0,0

2020-02-06 19:49:43.800000+00:00,dr02,sg4,0,obt-collector1,0/0/CPU0,ipv6,2,false,0,DATA_TYPE_ENCAP_ID,0,Queue-Ext,0,411

2020-02-06 19:49:43.800000+00:00,dr02,sg4,0,obt-collector1,0/0/CPU0,ipv4-mpls,1,true,0,DATA_TYPE_ENCAP_ID,0,Queue-Ext,0,0

2020-02-06 19:49:43.804000+00:00,dr02,sg4,0,obt-collector1,0/1/CPU0,ipv6-mpls,3,true,0,DATA_TYPE_ENCAP_ID,0,Queue-Ext,0,0

2020-02-06 19:49:43.804000+00:00,dr02,sg4,0,obt-collector1,0/1/CPU0,ipv4-mpls,1,true,0,DATA_TYPE_ENCAP_ID,0,Queue-Ext,0,0

2020-02-06 19:49:43.804000+00:00,dr02,sg4,0,obt-collector1,0/1/CPU0,ipv6,2,false,0,DATA_TYPE_ENCAP_ID,13,Queue-Ext,0,78

2020-02-06 19:49:43.804000+00:00,dr02,sg4,0,obt-collector1,0/1/CPU0,ipv4,0,false,0,DATA_TYPE_ENCAP_ID,11,Queue-Ext,0,98

2020-02-06 19:49:43.807000+00:00,dr02,sg4,0,obt-collector1,0/RP0/CPU0,ipv4,0,false,0,DATA_TYPE_ENCAP_ID,124,Queue-Ext,0,687

2020-02-06 19:49:43.807000+00:00,dr02,sg4,0,obt-collector1,0/RP0/CPU0,ipv4-mpls,1,true,0,DATA_TYPE_ENCAP_ID,0,Queue-Ext,0,0

2020-02-06 19:49:43.807000+00:00,dr02,sg4,0,obt-collector1,0/RP0/CPU0,ipv6-mpls,3,true,0,DATA_TYPE_ENCAP_ID,0,Queue-Ext,0,0

2020-02-06 19:49:43.807000+00:00,dr02,sg4,0,obt-collector1,0/RP0/CPU0,ipv6,2,false,0,DATA_TYPE_ENCAP_ID,145,Queue-Ext,0,751

2020-02-06 19:50:10.539000+00:00,dr02,sg4,0,obt-collector1,0/0/CPU0,ipv4,0,false,0,DATA_TYPE_ENCAP_ID,0,Queue-Ext,0,37

2020-02-06 19:50:10.540000+00:00,dr02,sg4,0,obt-collector1,0/0/CPU0,ipv6,2,false,0,DATA_TYPE_ENCAP_ID,0,Queue-Ext,0,411

2020-02-06 19:50:10.540000+00:00,dr02,sg4,0,obt-collector1,0/0/CPU0,ipv4-mpls,1,true,0,DATA_TYPE_ENCAP_ID,0,Queue-Ext,0,0

2020-02-06 19:50:10.540000+00:00,dr02,sg4,0,obt-collector1,0/0/CPU0,ipv6-mpls,3,true,0,DATA_TYPE_ENCAP_ID,0,Queue-Ext,0,0

2020-02-06 19:50:10.543000+00:00,dr02,sg4,0,obt-collector1,0/1/CPU0,ipv4,0,false,0,DATA_TYPE_ENCAP_ID,11,Queue-Ext,0,98

2020-02-06 19:50:10.543000+00:00,dr02,sg4,0,obt-collector1,0/1/CPU0,ipv4-mpls,1,true,0,DATA_TYPE_ENCAP_ID,0,Queue-Ext,0,0

2020-02-06 19:50:10.544000+00:00,dr02,sg4,0,obt-collector1,0/1/CPU0,ipv6-mpls,3,true,0,DATA_TYPE_ENCAP_ID,0,Queue-Ext,0,0

2020-02-06 19:50:10.544000+00:00,dr02,sg4,0,obt-collector1,0/1/CPU0,ipv6,2,false,0,DATA_TYPE_ENCAP_ID,13,Queue-Ext,0,78

2020-02-06 19:50:10.546000+00:00,dr02,sg4,0,obt-collector1,0/RP0/CPU0,ipv4,0,false,0,DATA_TYPE_ENCAP_ID,124,Queue-Ext,0,687

2020-02-06 19:50:10.546000+00:00,dr02,sg4,0,obt-collector1,0/RP0/CPU0,ipv6-mpls,3,true,0,DATA_TYPE_ENCAP_ID,0,Queue-Ext,0,0

2020-02-06 19:50:10.546000+00:00,dr02,sg4,0,obt-collector1,0/RP0/CPU0,ipv6,2,false,0,DATA_TYPE_ENCAP_ID,145,Queue-Ext,0,751

2020-02-06 19:50:10.546000+00:00,dr02,sg4,0,obt-collector1,0/RP0/CPU0,ipv4-mpls,1,true,0,DATA_TYPE_ENCAP_ID,0,Queue-Ext,0,0

2020-02-06 19:50:18.673000+00:00,dr02,sg4,0,obt-collector1,0/0/CPU0,ipv4,0,false,0,DATA_TYPE_ENCAP_ID,0,Queue-Ext,0,37

2020-02-06 19:50:18.674000+00:00,dr02,sg4,0,obt-collector1,0/0/CPU0,ipv4-mpls,1,true,0,DATA_TYPE_ENCAP_ID,0,Queue-Ext,0,0

2020-02-06 19:50:18.674000+00:00,dr02,sg4,0,obt-collector1,0/0/CPU0,ipv6-mpls,3,true,0,DATA_TYPE_ENCAP_ID,0,Queue-Ext,0,0

2020-02-06 19:50:18.674000+00:00,dr02,sg4,0,obt-collector1,0/0/CPU0,ipv6,2,false,0,DATA_TYPE_ENCAP_ID,0,Queue-Ext,0,411

2020-02-06 19:50:18.678000+00:00,dr02,sg4,0,obt-collector1,0/1/CPU0,ipv6-mpls,3,true,0,DATA_TYPE_ENCAP_ID,0,Queue-Ext,0,0

2020-02-06 19:50:18.678000+00:00,dr02,sg4,0,obt-collector1,0/1/CPU0,ipv4-mpls,1,true,0,DATA_TYPE_ENCAP_ID,0,Queue-Ext,0,0

2020-02-06 19:50:18.678000+00:00,dr02,sg4,0,obt-collector1,0/1/CPU0,ipv4,0,false,0,DATA_TYPE_ENCAP_ID,11,Queue-Ext,0,98

2020-02-06 19:50:18.678000+00:00,dr02,sg4,0,obt-collector1,0/1/CPU0,ipv6,2,false,0,DATA_TYPE_ENCAP_ID,13,Queue-Ext,0,78

2020-02-06 19:50:18.681000+00:00,dr02,sg4,0,obt-collector1,0/RP0/CPU0,ipv6,2,false,0,DATA_TYPE_ENCAP_ID,145,Queue-Ext,0,751

2020-02-06 19:50:18.681000+00:00,dr02,sg4,0,obt-collector1,0/RP0/CPU0,ipv4-mpls,1,true,0,DATA_TYPE_ENCAP_ID,0,Queue-Ext,0,0

2020-02-06 19:50:18.681000+00:00,dr02,sg4,0,obt-collector1,0/RP0/CPU0,ipv4,0,false,0,DATA_TYPE_ENCAP_ID,124,Queue-Ext,0,687

2020-02-06 19:50:18.681000+00:00,dr02,sg4,0,obt-collector1,0/RP0/CPU0,ipv6-mpls,3,true,0,DATA_TYPE_ENCAP_ID,0,Queue-Ext,0,0

2020-02-06 19:50:59.865000+00:00,dr02,sg4,0,obt-collector1,0/0/CPU0,ipv6-mpls,3,true,0,DATA_TYPE_ENCAP_ID,0,Queue-Ext,0,0

2020-02-06 19:50:59.865000+00:00,dr02,sg4,0,obt-collector1,0/0/CPU0,ipv6,2,false,0,DATA_TYPE_ENCAP_ID,0,Queue-Ext,0,411

2020-02-06 19:50:59.865000+00:00,dr02,sg4,0,obt-collector1,0/0/CPU0,ipv4-mpls,1,true,0,DATA_TYPE_ENCAP_ID,0,Queue-Ext,0,0

2020-02-06 19:50:59.865000+00:00,dr02,sg4,0,obt-collector1,0/0/CPU0,ipv4,0,false,0,DATA_TYPE_ENCAP_ID,0,Queue-Ext,0,37

2020-02-06 19:50:59.870000+00:00,dr02,sg4,0,obt-collector1,0/1/CPU0,ipv4,0,false,0,DATA_TYPE_ENCAP_ID,11,Queue-Ext,0,98

2020-02-06 19:50:59.870000+00:00,dr02,sg4,0,obt-collector1,0/1/CPU0,ipv4-mpls,1,true,0,DATA_TYPE_ENCAP_ID,0,Queue-Ext,0,0

2020-02-06 19:50:59.870000+00:00,dr02,sg4,0,obt-collector1,0/1/CPU0,ipv6-mpls,3,true,0,DATA_TYPE_ENCAP_ID,0,Queue-Ext,0,0

2020-02-06 19:50:59.870000+00:00,dr02,sg4,0,obt-collector1,0/1/CPU0,ipv6,2,false,0,DATA_TYPE_ENCAP_ID,13,Queue-Ext,0,78

2020-02-06 19:50:59.873000+00:00,dr02,sg4,0,obt-collector1,0/RP0/CPU0,ipv6,2,false,0,DATA_TYPE_ENCAP_ID,145,Queue-Ext,0,751

2020-02-06 19:50:59.873000+00:00,dr02,sg4,0,obt-collector1,0/RP0/CPU0,ipv6-mpls,3,true,0,DATA_TYPE_ENCAP_ID,0,Queue-Ext,0,0

2020-02-06 19:50:59.873000+00:00,dr02,sg4,0,obt-collector1,0/RP0/CPU0,ipv4,0,false,0,DATA_TYPE_ENCAP_ID,124,Queue-Ext,0,687

2020-02-06 19:50:59.873000+00:00,dr02,sg4,0,obt-collector1,0/RP0/CPU0,ipv4-mpls,1,true,0,DATA_TYPE_ENCAP_ID,0,Queue-Ext,0,0

2020-02-06 19:53:17.097000+00:00,dr02,sg4,0,obt-collector1,0/0/CPU0,ipv4-mpls,1,true,0,DATA_TYPE_ENCAP_ID,0,Queue-Ext,0,0

2020-02-06 19:53:17.097000+00:00,dr02,sg4,0,obt-collector1,0/0/CPU0,ipv4,0,false,0,DATA_TYPE_ENCAP_ID,0,Queue-Ext,0,37

2020-02-06 19:53:17.097000+00:00,dr02,sg4,0,obt-collector1,0/0/CPU0,ipv6,2,false,0,DATA_TYPE_ENCAP_ID,0,Queue-Ext,0,411

2020-02-06 19:53:17.097000+00:00,dr02,sg4,0,obt-collector1,0/0/CPU0,ipv6-mpls,3,true,0,DATA_TYPE_ENCAP_ID,0,Queue-Ext,0,0

2020-02-06 19:53:17.101000+00:00,dr02,sg4,0,obt-collector1,0/1/CPU0,ipv4-mpls,1,true,0,DATA_TYPE_ENCAP_ID,0,Queue-Ext,0,0

2020-02-06 19:53:17.101000+00:00,dr02,sg4,0,obt-collector1,0/1/CPU0,ipv4,0,false,0,DATA_TYPE_ENCAP_ID,11,Queue-Ext,0,98

2020-02-06 19:53:17.102000+00:00,dr02,sg4,0,obt-collector1,0/1/CPU0,ipv6-mpls,3,true,0,DATA_TYPE_ENCAP_ID,0,Queue-Ext,0,0

2020-02-06 19:53:17.102000+00:00,dr02,sg4,0,obt-collector1,0/1/CPU0,ipv6,2,false,0,DATA_TYPE_ENCAP_ID,13,Queue-Ext,0,78

2020-02-06 19:53:17.104000+00:00,dr02,sg4,0,obt-collector1,0/RP0/CPU0,ipv4-mpls,1,true,0,DATA_TYPE_ENCAP_ID,0,Queue-Ext,0,0

2020-02-06 19:53:17.104000+00:00,dr02,sg4,0,obt-collector1,0/RP0/CPU0,ipv6,2,false,0,DATA_TYPE_ENCAP_ID,145,Queue-Ext,0,751

2020-02-06 19:53:17.104000+00:00,dr02,sg4,0,obt-collector1,0/RP0/CPU0,ipv4,0,false,0,DATA_TYPE_ENCAP_ID,124,Queue-Ext,0,687

2020-02-06 19:53:17.104000+00:00,dr02,sg4,0,obt-collector1,0/RP0/CPU0,ipv6-mpls,3,true,0,DATA_TYPE_ENCAP_ID,0,Queue-Ext,0,0

2020-02-06 19:53:49.778000+00:00,dr02,sg4,0,obt-collector1,0/0/CPU0,ipv6-mpls,3,true,0,DATA_TYPE_ENCAP_ID,0,Queue-Ext,0,0

2020-02-06 19:53:49.778000+00:00,dr02,sg4,0,obt-collector1,0/0/CPU0,ipv6,2,false,0,DATA_TYPE_ENCAP_ID,0,Queue-Ext,0,411

2020-02-06 19:53:49.778000+00:00,dr02,sg4,0,obt-collector1,0/0/CPU0,ipv4,0,false,0,DATA_TYPE_ENCAP_ID,0,Queue-Ext,0,37

2020-02-06 19:53:49.778000+00:00,dr02,sg4,0,obt-collector1,0/0/CPU0,ipv4-mpls,1,true,0,DATA_TYPE_ENCAP_ID,0,Queue-Ext,0,0

2020-02-06 19:53:49.782000+00:00,dr02,sg4,0,obt-collector1,0/1/CPU0,ipv6-mpls,3,true,0,DATA_TYPE_ENCAP_ID,0,Queue-Ext,0,0

2020-02-06 19:53:49.782000+00:00,dr02,sg4,0,obt-collector1,0/1/CPU0,ipv4,0,false,0,DATA_TYPE_ENCAP_ID,11,Queue-Ext,0,98

2020-02-06 19:53:49.782000+00:00,dr02,sg4,0,obt-collector1,0/1/CPU0,ipv4-mpls,1,true,0,DATA_TYPE_ENCAP_ID,0,Queue-Ext,0,0

2020-02-06 19:53:49.782000+00:00,dr02,sg4,0,obt-collector1,0/1/CPU0,ipv6,2,false,0,DATA_TYPE_ENCAP_ID,13,Queue-Ext,0,78

2020-02-06 19:53:49.785000+00:00,dr02,sg4,0,obt-collector1,0/RP0/CPU0,ipv4-mpls,1,true,0,DATA_TYPE_ENCAP_ID,0,Queue-Ext,0,0

2020-02-06 19:53:49.785000+00:00,dr02,sg4,0,obt-collector1,0/RP0/CPU0,ipv6-mpls,3,true,0,DATA_TYPE_ENCAP_ID,0,Queue-Ext,0,0

2020-02-06 19:53:49.785000+00:00,dr02,sg4,0,obt-collector1,0/RP0/CPU0,ipv4,0,false,0,DATA_TYPE_ENCAP_ID,124,Queue-Ext,0,687

2020-02-06 19:53:49.785000+00:00,dr02,sg4,0,obt-collector1,0/RP0/CPU0,ipv6,2,false,0,DATA_TYPE_ENCAP_ID,145,Queue-Ext,0,751

2020-02-06 19:55:22.790000+00:00,dr02,sg4,0,obt-collector1,0/0/CPU0,ipv4,0,false,0,DATA_TYPE_ENCAP_ID,0,Queue-Ext,0,37

2020-02-06 19:55:22.790000+00:00,dr02,sg4,0,obt-collector1,0/0/CPU0,ipv4-mpls,1,true,0,DATA_TYPE_ENCAP_ID,0,Queue-Ext,0,0

2020-02-06 19:55:22.790000+00:00,dr02,sg4,0,obt-collector1,0/0/CPU0,ipv6,2,false,0,DATA_TYPE_ENCAP_ID,0,Queue-Ext,0,411

2020-02-06 19:55:22.790000+00:00,dr02,sg4,0,obt-collector1,0/0/CPU0,ipv6-mpls,3,true,0,DATA_TYPE_ENCAP_ID,0,Queue-Ext,0,0

2020-02-06 19:55:22.794000+00:00,dr02,sg4,0,obt-collector1,0/1/CPU0,ipv4-mpls,1,true,0,DATA_TYPE_ENCAP_ID,0,Queue-Ext,0,0

2020-02-06 19:55:22.794000+00:00,dr02,sg4,0,obt-collector1,0/1/CPU0,ipv4,0,false,0,DATA_TYPE_ENCAP_ID,11,Queue-Ext,0,98

2020-02-06 19:55:22.794000+00:00,dr02,sg4,0,obt-collector1,0/1/CPU0,ipv6-mpls,3,true,0,DATA_TYPE_ENCAP_ID,0,Queue-Ext,0,0

2020-02-06 19:55:22.794000+00:00,dr02,sg4,0,obt-collector1,0/1/CPU0,ipv6,2,false,0,DATA_TYPE_ENCAP_ID,13,Queue-Ext,0,78

2020-02-06 19:55:22.797000+00:00,dr02,sg4,0,obt-collector1,0/RP0/CPU0,ipv4-mpls,1,true,0,DATA_TYPE_ENCAP_ID,0,Queue-Ext,0,0

2020-02-06 19:55:22.797000+00:00,dr02,sg4,0,obt-collector1,0/RP0/CPU0,ipv6,2,false,0,DATA_TYPE_ENCAP_ID,145,Queue-Ext,0,751

2020-02-06 19:55:22.797000+00:00,dr02,sg4,0,obt-collector1,0/RP0/CPU0,ipv4,0,false,0,DATA_TYPE_ENCAP_ID,124,Queue-Ext,0,687

2020-02-06 19:55:22.797000+00:00,dr02,sg4,0,obt-collector1,0/RP0/CPU0,ipv6-mpls,3,true,0,DATA_TYPE_ENCAP_ID,0,Queue-Ext,0,0

2020-02-06 19:56:03.727000+00:00,dr02,sg4,0,obt-collector1,0/0/CPU0,ipv6,2,false,0,DATA_TYPE_ENCAP_ID,0,Queue-Ext,0,411

2020-02-06 19:56:03.727000+00:00,dr02,sg4,0,obt-collector1,0/0/CPU0,ipv6-mpls,3,true,0,DATA_TYPE_ENCAP_ID,0,Queue-Ext,0,0

2020-02-06 19:56:03.727000+00:00,dr02,sg4,0,obt-collector1,0/0/CPU0,ipv4-mpls,1,true,0,DATA_TYPE_ENCAP_ID,0,Queue-Ext,0,0

2020-02-06 19:56:03.727000+00:00,dr02,sg4,0,obt-collector1,0/0/CPU0,ipv4,0,false,0,DATA_TYPE_ENCAP_ID,0,Queue-Ext,0,37

2020-02-06 19:56:03.731000+00:00,dr02,sg4,0,obt-collector1,0/1/CPU0,ipv6-mpls,3,true,0,DATA_TYPE_ENCAP_ID,0,Queue-Ext,0,0

2020-02-06 19:56:03.731000+00:00,dr02,sg4,0,obt-collector1,0/1/CPU0,ipv4,0,false,0,DATA_TYPE_ENCAP_ID,11,Queue-Ext,0,98

2020-02-06 19:56:03.731000+00:00,dr02,sg4,0,obt-collector1,0/1/CPU0,ipv4-mpls,1,true,0,DATA_TYPE_ENCAP_ID,0,Queue-Ext,0,0

2020-02-06 19:56:03.731000+00:00,dr02,sg4,0,obt-collector1,0/1/CPU0,ipv6,2,false,0,DATA_TYPE_ENCAP_ID,13,Queue-Ext,0,78

2020-02-06 19:56:03.734000+00:00,dr02,sg4,0,obt-collector1,0/RP0/CPU0,ipv4-mpls,1,true,0,DATA_TYPE_ENCAP_ID,0,Queue-Ext,0,0

2020-02-06 19:56:03.734000+00:00,dr02,sg4,0,obt-collector1,0/RP0/CPU0,ipv6-mpls,3,true,0,DATA_TYPE_ENCAP_ID,0,Queue-Ext,0,0

2020-02-06 19:56:03.734000+00:00,dr02,sg4,0,obt-collector1,0/RP0/CPU0,ipv4,0,false,0,DATA_TYPE_ENCAP_ID,124,Queue-Ext,0,687

2020-02-06 19:56:03.734000+00:00,dr02,sg4,0,obt-collector1,0/RP0/CPU0,ipv6,2,false,0,DATA_TYPE_ENCAP_ID,145,Queue-Ext,0,751

2020-02-06 19:56:11.946000+00:00,dr02,sg4,0,obt-collector1,0/0/CPU0,ipv4,0,false,0,DATA_TYPE_ENCAP_ID,0,Queue-Ext,0,37

2020-02-06 19:56:11.946000+00:00,dr02,sg4,0,obt-collector1,0/0/CPU0,ipv4-mpls,1,true,0,DATA_TYPE_ENCAP_ID,0,Queue-Ext,0,0

2020-02-06 19:56:11.946000+00:00,dr02,sg4,0,obt-collector1,0/0/CPU0,ipv6,2,false,0,DATA_TYPE_ENCAP_ID,0,Queue-Ext,0,411

2020-02-06 19:56:11.947000+00:00,dr02,sg4,0,obt-collector1,0/0/CPU0,ipv6-mpls,3,true,0,DATA_TYPE_ENCAP_ID,0,Queue-Ext,0,0

2020-02-06 19:56:11.950000+00:00,dr02,sg4,0,obt-collector1,0/1/CPU0,ipv4-mpls,1,true,0,DATA_TYPE_ENCAP_ID,0,Queue-Ext,0,0

2020-02-06 19:56:11.950000+00:00,dr02,sg4,0,obt-collector1,0/1/CPU0,ipv4,0,false,0,DATA_TYPE_ENCAP_ID,11,Queue-Ext,0,98

2020-02-06 19:56:11.951000+00:00,dr02,sg4,0,obt-collector1,0/1/CPU0,ipv6-mpls,3,true,0,DATA_TYPE_ENCAP_ID,0,Queue-Ext,0,0

2020-02-06 19:56:11.951000+00:00,dr02,sg4,0,obt-collector1,0/1/CPU0,ipv6,2,false,0,DATA_TYPE_ENCAP_ID,13,Queue-Ext,0,78

2020-02-06 19:56:11.954000+00:00,dr02,sg4,0,obt-collector1,0/RP0/CPU0,ipv4,0,false,0,DATA_TYPE_ENCAP_ID,124,Queue-Ext,0,687

2020-02-06 19:56:11.954000+00:00,dr02,sg4,0,obt-collector1,0/RP0/CPU0,ipv4-mpls,1,true,0,DATA_TYPE_ENCAP_ID,0,Queue-Ext,0,0

2020-02-06 19:56:11.954000+00:00,dr02,sg4,0,obt-collector1,0/RP0/CPU0,ipv6-mpls,3,true,0,DATA_TYPE_ENCAP_ID,0,Queue-Ext,0,0

2020-02-06 19:56:11.954000+00:00,dr02,sg4,0,obt-collector1,0/RP0/CPU0,ipv6,2,false,0,DATA_TYPE_ENCAP_ID,145,Queue-Ext,0,751

2020-02-06 19:57:03.464000+00:00,dr02,sg4,0,obt-collector1,0/0/CPU0,ipv4,0,false,0,DATA_TYPE_ENCAP_ID,0,Queue-Ext,0,37

2020-02-06 19:57:03.465000+00:00,dr02,sg4,0,obt-collector1,0/0/CPU0,ipv6,2,false,0,DATA_TYPE_ENCAP_ID,0,Queue-Ext,0,411

2020-02-06 19:57:03.465000+00:00,dr02,sg4,0,obt-collector1,0/0/CPU0,ipv4-mpls,1,true,0,DATA_TYPE_ENCAP_ID,0,Queue-Ext,0,0

2020-02-06 19:57:03.465000+00:00,dr02,sg4,0,obt-collector1,0/0/CPU0,ipv6-mpls,3,true,0,DATA_TYPE_ENCAP_ID,0,Queue-Ext,0,0

2020-02-06 19:57:03.469000+00:00,dr02,sg4,0,obt-collector1,0/1/CPU0,ipv4,0,false,0,DATA_TYPE_ENCAP_ID,11,Queue-Ext,0,98

2020-02-06 19:57:03.469000+00:00,dr02,sg4,0,obt-collector1,0/1/CPU0,ipv6,2,false,0,DATA_TYPE_ENCAP_ID,13,Queue-Ext,0,78

2020-02-06 19:57:03.469000+00:00,dr02,sg4,0,obt-collector1,0/1/CPU0,ipv4-mpls,1,true,0,DATA_TYPE_ENCAP_ID,0,Queue-Ext,0,0

2020-02-06 19:57:03.469000+00:00,dr02,sg4,0,obt-collector1,0/1/CPU0,ipv6-mpls,3,true,0,DATA_TYPE_ENCAP_ID,0,Queue-Ext,0,0

2020-02-06 19:57:03.472000+00:00,dr02,sg4,0,obt-collector1,0/RP0/CPU0,ipv6,2,false,0,DATA_TYPE_ENCAP_ID,145,Queue-Ext,0,751

2020-02-06 19:57:03.472000+00:00,dr02,sg4,0,obt-collector1,0/RP0/CPU0,ipv6-mpls,3,true,0,DATA_TYPE_ENCAP_ID,0,Queue-Ext,0,0

2020-02-06 19:57:03.472000+00:00,dr02,sg4,0,obt-collector1,0/RP0/CPU0,ipv4-mpls,1,true,0,DATA_TYPE_ENCAP_ID,0,Queue-Ext,0,0

2020-02-06 19:57:03.472000+00:00,dr02,sg4,0,obt-collector1,0/RP0/CPU0,ipv4,0,false,0,DATA_TYPE_ENCAP_ID,124,Queue-Ext,0,687

2020-02-06 19:57:19.748000+00:00,dr02,sg4,0,obt-collector1,0/0/CPU0,ipv4-mpls,1,true,0,DATA_TYPE_ENCAP_ID,0,Queue-Ext,0,0

2020-02-06 19:57:19.748000+00:00,dr02,sg4,0,obt-collector1,0/0/CPU0,ipv6,2,false,0,DATA_TYPE_ENCAP_ID,0,Queue-Ext,0,411

2020-02-06 19:57:19.748000+00:00,dr02,sg4,0,obt-collector1,0/0/CPU0,ipv4,0,false,0,DATA_TYPE_ENCAP_ID,0,Queue-Ext,0,37

2020-02-06 19:57:19.748000+00:00,dr02,sg4,0,obt-collector1,0/0/CPU0,ipv6-mpls,3,true,0,DATA_TYPE_ENCAP_ID,0,Queue-Ext,0,0

2020-02-06 19:57:19.752000+00:00,dr02,sg4,0,obt-collector1,0/1/CPU0,ipv6,2,false,0,DATA_TYPE_ENCAP_ID,13,Queue-Ext,0,78

2020-02-06 19:57:19.752000+00:00,dr02,sg4,0,obt-collector1,0/1/CPU0,ipv4-mpls,1,true,0,DATA_TYPE_ENCAP_ID,0,Queue-Ext,0,0

2020-02-06 19:57:19.752000+00:00,dr02,sg4,0,obt-collector1,0/1/CPU0,ipv4,0,false,0,DATA_TYPE_ENCAP_ID,11,Queue-Ext,0,98

2020-02-06 19:57:19.752000+00:00,dr02,sg4,0,obt-collector1,0/1/CPU0,ipv6-mpls,3,true,0,DATA_TYPE_ENCAP_ID,0,Queue-Ext,0,0

2020-02-06 19:57:19.756000+00:00,dr02,sg4,0,obt-collector1,0/RP0/CPU0,ipv4-mpls,1,true,0,DATA_TYPE_ENCAP_ID,0,Queue-Ext,0,0

2020-02-06 19:57:19.756000+00:00,dr02,sg4,0,obt-collector1,0/RP0/CPU0,ipv4,0,false,0,DATA_TYPE_ENCAP_ID,124,Queue-Ext,0,687

2020-02-06 19:57:19.756000+00:00,dr02,sg4,0,obt-collector1,0/RP0/CPU0,ipv6-mpls,3,true,0,DATA_TYPE_ENCAP_ID,0,Queue-Ext,0,0

2020-02-06 19:57:19.756000+00:00,dr02,sg4,0,obt-collector1,0/RP0/CPU0,ipv6,2,false,0,DATA_TYPE_ENCAP_ID,145,Queue-Ext,0,751

