,EncodingPath,Producer,Target,host,interface-counts__admin-down-interface-count,interface-counts__down-interface-count,interface-counts__interface-count,interface-counts__up-interface-count
2020-01-21 08:05:08.961000+00:00,Cisco-IOS-XR-pfi-im-cmd-oper:interfaces/interface-summary,leaf8,,,1,11,38,26
2020-01-21 08:05:15.866000+00:00,Cisco-IOS-XR-pfi-im-cmd-oper:interfaces/interface-summary,leaf8,,,1,11,38,26
2020-01-21 08:05:25.267000+00:00,Cisco-IOS-XR-pfi-im-cmd-oper:interfaces/interface-summary,leaf8,,,1,11,38,26
2020-01-21 08:05:35.315000+00:00,Cisco-IOS-XR-pfi-im-cmd-oper:interfaces/interface-summary,leaf8,,,1,11,38,26
2020-01-21 08:05:45.510000+00:00,Cisco-IOS-XR-pfi-im-cmd-oper:interfaces/interface-summary,leaf8,,,1,11,38,26
2020-01-21 08:05:55.307000+00:00,Cisco-IOS-XR-pfi-im-cmd-oper:interfaces/interface-summary,leaf8,,,1,11,38,26
2020-01-21 08:06:05.230000+00:00,Cisco-IOS-XR-pfi-im-cmd-oper:interfaces/interface-summary,leaf8,,,1,12,38,25
2020-01-21 08:06:15.575000+00:00,Cisco-IOS-XR-pfi-im-cmd-oper:interfaces/interface-summary,leaf8,,,1,12,38,25
2020-01-21 08:06:25.180000+00:00,Cisco-IOS-XR-pfi-im-cmd-oper:interfaces/interface-summary,leaf8,,,1,12,38,25
2020-01-21 08:06:35.059000+00:00,Cisco-IOS-XR-pfi-im-cmd-oper:interfaces/interface-summary,leaf8,,,1,11,38,26
2020-01-21 08:06:45.041000+00:00,Cisco-IOS-XR-pfi-im-cmd-oper:interfaces/interface-summary,leaf8,,,1,11,38,26
2020-01-21 08:06:55.428000+00:00,Cisco-IOS-XR-pfi-im-cmd-oper:interfaces/interface-summary,leaf8,,,1,11,38,26
2020-01-21 08:07:05.144000+00:00,Cisco-IOS-XR-pfi-im-cmd-oper:interfaces/interface-summary,leaf8,,,1,11,38,26
2020-01-21 08:07:15.679000+00:00,Cisco-IOS-XR-pfi-im-cmd-oper:interfaces/interface-summary,leaf8,,,1,11,38,26
2020-01-21 08:07:25.014000+00:00,Cisco-IOS-XR-pfi-im-cmd-oper:interfaces/interface-summary,leaf8,,,1,11,38,26
2020-01-21 08:07:35.059000+00:00,Cisco-IOS-XR-pfi-im-cmd-oper:interfaces/interface-summary,leaf8,,,1,11,38,26
2020-01-21 08:07:45.152000+00:00,Cisco-IOS-XR-pfi-im-cmd-oper:interfaces/interface-summary,leaf8,,,1,11,38,26
2020-01-21 08:07:55.126000+00:00,Cisco-IOS-XR-pfi-im-cmd-oper:interfaces/interface-summary,leaf8,,,1,11,38,26
2020-01-21 08:08:05.278000+00:00,Cisco-IOS-XR-pfi-im-cmd-oper:interfaces/interface-summary,leaf8,,,1,11,38,26
2020-01-21 08:08:15.570000+00:00,Cisco-IOS-XR-pfi-im-cmd-oper:interfaces/interface-summary,leaf8,,,1,11,38,26
2020-01-21 08:08:25.465000+00:00,Cisco-IOS-XR-pfi-im-cmd-oper:interfaces/interface-summary,leaf8,,,1,11,38,26
2020-01-21 08:08:35.344000+00:00,Cisco-IOS-XR-pfi-im-cmd-oper:interfaces/interface-summary,leaf8,,,1,11,38,26
2020-01-21 08:08:45.333000+00:00,Cisco-IOS-XR-pfi-im-cmd-oper:interfaces/interface-summary,leaf8,,,1,11,38,26
2020-01-21 08:08:55.039000+00:00,Cisco-IOS-XR-pfi-im-cmd-oper:interfaces/interface-summary,leaf8,,,1,12,38,25
2020-01-21 08:09:05.347000+00:00,Cisco-IOS-XR-pfi-im-cmd-oper:interfaces/interface-summary,leaf8,,,1,12,38,25
2020-01-21 08:09:15.342000+00:00,Cisco-IOS-XR-pfi-im-cmd-oper:interfaces/interface-summary,leaf8,,,1,12,38,25
2020-01-21 08:09:25.042000+00:00,Cisco-IOS-XR-pfi-im-cmd-oper:interfaces/interface-summary,leaf8,,,1,12,38,25
2020-01-21 08:09:35.049000+00:00,Cisco-IOS-XR-pfi-im-cmd-oper:interfaces/interface-summary,leaf8,,,1,12,38,25
2020-01-21 08:09:45.128000+00:00,Cisco-IOS-XR-pfi-im-cmd-oper:interfaces/interface-summary,leaf8,,,1,12,38,25
2020-01-21 08:09:55.240000+00:00,Cisco-IOS-XR-pfi-im-cmd-oper:interfaces/interface-summary,leaf8,,,1,12,38,25
2020-01-21 08:10:05.366000+00:00,Cisco-IOS-XR-pfi-im-cmd-oper:interfaces/interface-summary,leaf8,,,1,12,38,25
2020-01-21 08:10:15.435000+00:00,Cisco-IOS-XR-pfi-im-cmd-oper:interfaces/interface-summary,leaf8,,,1,12,38,25
2020-01-21 08:10:25.169000+00:00,Cisco-IOS-XR-pfi-im-cmd-oper:interfaces/interface-summary,leaf8,,,1,12,38,25
2020-01-21 08:10:35.154000+00:00,Cisco-IOS-XR-pfi-im-cmd-oper:interfaces/interface-summary,leaf8,,,1,12,38,25
2020-01-21 08:10:45.093000+00:00,Cisco-IOS-XR-pfi-im-cmd-oper:interfaces/interface-summary,leaf8,,,1,12,38,25
2020-01-21 08:10:54.890000+00:00,Cisco-IOS-XR-pfi-im-cmd-oper:interfaces/interface-summary,leaf8,,,1,12,38,25
2020-01-21 08:11:05.063000+00:00,Cisco-IOS-XR-pfi-im-cmd-oper:interfaces/interface-summary,leaf8,,,1,12,38,25
2020-01-21 08:11:15.495000+00:00,Cisco-IOS-XR-pfi-im-cmd-oper:interfaces/interface-summary,leaf8,,,1,12,38,25
2020-01-21 08:11:25.249000+00:00,Cisco-IOS-XR-pfi-im-cmd-oper:interfaces/interface-summary,leaf8,,,1,12,38,25
2020-01-21 08:11:35.082000+00:00,Cisco-IOS-XR-pfi-im-cmd-oper:interfaces/interface-summary,leaf8,,,1,12,38,25
2020-01-21 08:11:44.951000+00:00,Cisco-IOS-XR-pfi-im-cmd-oper:interfaces/interface-summary,leaf8,,,1,12,38,25
2020-01-21 08:11:55.309000+00:00,Cisco-IOS-XR-pfi-im-cmd-oper:interfaces/interface-summary,leaf8,,,1,12,38,25
2020-01-21 08:12:05.101000+00:00,Cisco-IOS-XR-pfi-im-cmd-oper:interfaces/interface-summary,leaf8,,,1,11,38,26
2020-01-21 08:12:15.363000+00:00,Cisco-IOS-XR-pfi-im-cmd-oper:interfaces/interface-summary,leaf8,,,1,11,38,26
2020-01-21 08:12:25.017000+00:00,Cisco-IOS-XR-pfi-im-cmd-oper:interfaces/interface-summary,leaf8,,,1,12,38,25
2020-01-21 08:12:35.285000+00:00,Cisco-IOS-XR-pfi-im-cmd-oper:interfaces/interface-summary,leaf8,,,1,12,38,25
2020-01-21 08:12:45.042000+00:00,Cisco-IOS-XR-pfi-im-cmd-oper:interfaces/interface-summary,leaf8,,,1,12,38,25
2020-01-21 08:12:55.229000+00:00,Cisco-IOS-XR-pfi-im-cmd-oper:interfaces/interface-summary,leaf8,,,1,12,38,25
2020-01-21 08:13:05.459000+00:00,Cisco-IOS-XR-pfi-im-cmd-oper:interfaces/interface-summary,leaf8,,,1,12,38,25
2020-01-21 08:13:15.482000+00:00,Cisco-IOS-XR-pfi-im-cmd-oper:interfaces/interface-summary,leaf8,,,1,12,38,25
2020-01-21 08:13:25.136000+00:00,Cisco-IOS-XR-pfi-im-cmd-oper:interfaces/interface-summary,leaf8,,,1,12,38,25
2020-01-21 08:13:35.089000+00:00,Cisco-IOS-XR-pfi-im-cmd-oper:interfaces/interface-summary,leaf8,,,1,12,38,25
2020-01-21 08:13:45.187000+00:00,Cisco-IOS-XR-pfi-im-cmd-oper:interfaces/interface-summary,leaf8,,,1,12,38,25
2020-01-21 08:13:55.108000+00:00,Cisco-IOS-XR-pfi-im-cmd-oper:interfaces/interface-summary,leaf8,,,1,12,38,25
2020-01-21 08:14:04.961000+00:00,Cisco-IOS-XR-pfi-im-cmd-oper:interfaces/interface-summary,leaf8,,,1,12,38,25
2020-01-21 08:14:15.459000+00:00,Cisco-IOS-XR-pfi-im-cmd-oper:interfaces/interface-summary,leaf8,,,1,12,38,25
2020-01-21 08:14:25.108000+00:00,Cisco-IOS-XR-pfi-im-cmd-oper:interfaces/interface-summary,leaf8,,,1,12,38,25
2020-01-21 08:14:35.247000+00:00,Cisco-IOS-XR-pfi-im-cmd-oper:interfaces/interface-summary,leaf8,,,1,12,38,25
2020-01-21 08:14:45.195000+00:00,Cisco-IOS-XR-pfi-im-cmd-oper:interfaces/interface-summary,leaf8,,,1,12,38,25
2020-01-21 08:14:54.949000+00:00,Cisco-IOS-XR-pfi-im-cmd-oper:interfaces/interface-summary,leaf8,,,1,12,38,25
2020-01-21 08:15:05.304000+00:00,Cisco-IOS-XR-pfi-im-cmd-oper:interfaces/interface-summary,leaf8,,,1,12,38,25
2020-01-21 08:15:15.391000+00:00,Cisco-IOS-XR-pfi-im-cmd-oper:interfaces/interface-summary,leaf8,,,1,12,38,25
2020-01-21 08:15:25.080000+00:00,Cisco-IOS-XR-pfi-im-cmd-oper:interfaces/interface-summary,leaf8,,,1,12,38,25
2020-01-21 08:15:35.286000+00:00,Cisco-IOS-XR-pfi-im-cmd-oper:interfaces/interface-summary,leaf8,,,1,12,38,25
2020-01-21 08:15:45.080000+00:00,Cisco-IOS-XR-pfi-im-cmd-oper:interfaces/interface-summary,leaf8,,,1,12,38,25
2020-01-21 08:15:55.510000+00:00,Cisco-IOS-XR-pfi-im-cmd-oper:interfaces/interface-summary,leaf8,,,1,12,38,25
2020-01-21 08:16:05.379000+00:00,Cisco-IOS-XR-pfi-im-cmd-oper:interfaces/interface-summary,leaf8,,,1,12,38,25
2020-01-21 08:16:16.799000+00:00,Cisco-IOS-XR-pfi-im-cmd-oper:interfaces/interface-summary,leaf8,,,1,12,38,25
2020-01-21 08:16:25.062000+00:00,Cisco-IOS-XR-pfi-im-cmd-oper:interfaces/interface-summary,leaf8,,,1,12,38,25
2020-01-21 08:16:35.225000+00:00,Cisco-IOS-XR-pfi-im-cmd-oper:interfaces/interface-summary,leaf8,,,1,12,38,25
2020-01-21 08:16:45.318000+00:00,Cisco-IOS-XR-pfi-im-cmd-oper:interfaces/interface-summary,leaf8,,,1,12,38,25
2020-01-21 08:16:55.233000+00:00,Cisco-IOS-XR-pfi-im-cmd-oper:interfaces/interface-summary,leaf8,,,1,12,38,25
2020-01-21 08:17:05.136000+00:00,Cisco-IOS-XR-pfi-im-cmd-oper:interfaces/interface-summary,leaf8,,,1,12,38,25
2020-01-21 08:17:15.298000+00:00,Cisco-IOS-XR-pfi-im-cmd-oper:interfaces/interface-summary,leaf8,,,1,12,38,25
2020-01-21 08:17:25.304000+00:00,Cisco-IOS-XR-pfi-im-cmd-oper:interfaces/interface-summary,leaf8,,,1,12,38,25
2020-01-21 08:17:35.584000+00:00,Cisco-IOS-XR-pfi-im-cmd-oper:interfaces/interface-summary,leaf8,,,1,12,38,25
2020-01-21 08:17:45.553000+00:00,Cisco-IOS-XR-pfi-im-cmd-oper:interfaces/interface-summary,leaf8,,,1,12,38,25
2020-01-21 08:17:55.138000+00:00,Cisco-IOS-XR-pfi-im-cmd-oper:interfaces/interface-summary,leaf8,,,1,11,38,26
2020-01-21 08:18:05.566000+00:00,Cisco-IOS-XR-pfi-im-cmd-oper:interfaces/interface-summary,leaf8,,,1,11,38,26
2020-01-21 08:18:15.212000+00:00,Cisco-IOS-XR-pfi-im-cmd-oper:interfaces/interface-summary,leaf8,,,1,11,38,26
2020-01-21 08:18:25.272000+00:00,Cisco-IOS-XR-pfi-im-cmd-oper:interfaces/interface-summary,leaf8,,,1,11,38,26
2020-01-21 08:18:35.190000+00:00,Cisco-IOS-XR-pfi-im-cmd-oper:interfaces/interface-summary,leaf8,,,1,11,38,26
2020-01-21 08:18:45.024000+00:00,Cisco-IOS-XR-pfi-im-cmd-oper:interfaces/interface-summary,leaf8,,,1,11,38,26
2020-01-21 08:18:55.285000+00:00,Cisco-IOS-XR-pfi-im-cmd-oper:interfaces/interface-summary,leaf8,,,1,11,38,26
2020-01-21 08:19:05.187000+00:00,Cisco-IOS-XR-pfi-im-cmd-oper:interfaces/interface-summary,leaf8,,,1,12,38,25
2020-01-21 08:19:15.425000+00:00,Cisco-IOS-XR-pfi-im-cmd-oper:interfaces/interface-summary,leaf8,,,1,12,38,25
2020-01-21 08:19:25.031000+00:00,Cisco-IOS-XR-pfi-im-cmd-oper:interfaces/interface-summary,leaf8,,,1,12,38,25
2020-01-21 08:19:35.027000+00:00,Cisco-IOS-XR-pfi-im-cmd-oper:interfaces/interface-summary,leaf8,,,1,12,38,25
2020-01-21 08:19:45.148000+00:00,Cisco-IOS-XR-pfi-im-cmd-oper:interfaces/interface-summary,leaf8,,,1,12,38,25
2020-01-21 08:19:55.248000+00:00,Cisco-IOS-XR-pfi-im-cmd-oper:interfaces/interface-summary,leaf8,,,1,12,38,25
2020-01-21 08:20:04.950000+00:00,Cisco-IOS-XR-pfi-im-cmd-oper:interfaces/interface-summary,leaf8,,,1,12,38,25
2020-01-21 08:20:15.584000+00:00,Cisco-IOS-XR-pfi-im-cmd-oper:interfaces/interface-summary,leaf8,,,1,11,38,26
2020-01-21 08:20:25.006000+00:00,Cisco-IOS-XR-pfi-im-cmd-oper:interfaces/interface-summary,leaf8,,,1,12,38,25
2020-01-21 08:20:35.316000+00:00,Cisco-IOS-XR-pfi-im-cmd-oper:interfaces/interface-summary,leaf8,,,1,12,38,25
2020-01-21 08:20:44.937000+00:00,Cisco-IOS-XR-pfi-im-cmd-oper:interfaces/interface-summary,leaf8,,,1,12,38,25
2020-01-21 08:20:55.183000+00:00,Cisco-IOS-XR-pfi-im-cmd-oper:interfaces/interface-summary,leaf8,,,1,12,38,25
2020-01-21 08:21:05.508000+00:00,Cisco-IOS-XR-pfi-im-cmd-oper:interfaces/interface-summary,leaf8,,,1,12,38,25
2020-01-21 08:21:15.711000+00:00,Cisco-IOS-XR-pfi-im-cmd-oper:interfaces/interface-summary,leaf8,,,1,12,38,25
2020-01-21 08:21:25.223000+00:00,Cisco-IOS-XR-pfi-im-cmd-oper:interfaces/interface-summary,leaf8,,,1,12,38,25
2020-01-21 08:21:35.007000+00:00,Cisco-IOS-XR-pfi-im-cmd-oper:interfaces/interface-summary,leaf8,,,1,12,38,25
2020-01-21 08:21:45.210000+00:00,Cisco-IOS-XR-pfi-im-cmd-oper:interfaces/interface-summary,leaf8,,,1,12,38,25
2020-01-21 08:21:55.043000+00:00,Cisco-IOS-XR-pfi-im-cmd-oper:interfaces/interface-summary,leaf8,,,1,12,38,25
2020-01-21 08:22:05.156000+00:00,Cisco-IOS-XR-pfi-im-cmd-oper:interfaces/interface-summary,leaf8,,,1,12,38,25
2020-01-21 08:22:15.707000+00:00,Cisco-IOS-XR-pfi-im-cmd-oper:interfaces/interface-summary,leaf8,,,1,12,38,25
2020-01-21 08:22:25.200000+00:00,Cisco-IOS-XR-pfi-im-cmd-oper:interfaces/interface-summary,leaf8,,,1,12,38,25
2020-01-21 08:22:34.840000+00:00,Cisco-IOS-XR-pfi-im-cmd-oper:interfaces/interface-summary,leaf8,,,1,12,38,25
2020-01-21 08:22:45.256000+00:00,Cisco-IOS-XR-pfi-im-cmd-oper:interfaces/interface-summary,leaf8,,,1,12,38,25
2020-01-21 08:22:55.024000+00:00,Cisco-IOS-XR-pfi-im-cmd-oper:interfaces/interface-summary,leaf8,,,1,12,38,25
2020-01-21 08:23:05.166000+00:00,Cisco-IOS-XR-pfi-im-cmd-oper:interfaces/interface-summary,leaf8,,,1,12,38,25
2020-01-21 08:23:15.486000+00:00,Cisco-IOS-XR-pfi-im-cmd-oper:interfaces/interface-summary,leaf8,,,1,12,38,25
2020-01-21 08:23:24.879000+00:00,Cisco-IOS-XR-pfi-im-cmd-oper:interfaces/interface-summary,leaf8,,,1,12,38,25
2020-01-21 08:23:35.037000+00:00,Cisco-IOS-XR-pfi-im-cmd-oper:interfaces/interface-summary,leaf8,,,1,12,38,25
2020-01-21 08:23:45.410000+00:00,Cisco-IOS-XR-pfi-im-cmd-oper:interfaces/interface-summary,leaf8,,,1,12,38,25
2020-01-21 08:23:54.963000+00:00,Cisco-IOS-XR-pfi-im-cmd-oper:interfaces/interface-summary,leaf8,,,1,12,38,25
2020-01-21 08:24:05.205000+00:00,Cisco-IOS-XR-pfi-im-cmd-oper:interfaces/interface-summary,leaf8,,,1,12,38,25
2020-01-21 08:24:15.458000+00:00,Cisco-IOS-XR-pfi-im-cmd-oper:interfaces/interface-summary,leaf8,,,1,12,38,25
2020-01-21 08:24:25.196000+00:00,Cisco-IOS-XR-pfi-im-cmd-oper:interfaces/interface-summary,leaf8,,,1,12,38,25
2020-01-21 08:24:35.285000+00:00,Cisco-IOS-XR-pfi-im-cmd-oper:interfaces/interface-summary,leaf8,,,1,12,38,25
2020-01-21 08:24:45.178000+00:00,Cisco-IOS-XR-pfi-im-cmd-oper:interfaces/interface-summary,leaf8,,,1,12,38,25
2020-01-21 08:24:55.032000+00:00,Cisco-IOS-XR-pfi-im-cmd-oper:interfaces/interface-summary,leaf8,,,1,12,38,25
2020-01-21 08:25:04.986000+00:00,Cisco-IOS-XR-pfi-im-cmd-oper:interfaces/interface-summary,leaf8,,,1,12,38,25
2020-01-21 08:25:15.300000+00:00,Cisco-IOS-XR-pfi-im-cmd-oper:interfaces/interface-summary,leaf8,,,1,12,38,25
2020-01-21 08:25:25.262000+00:00,Cisco-IOS-XR-pfi-im-cmd-oper:interfaces/interface-summary,leaf8,,,1,12,38,25
2020-01-21 08:25:35.220000+00:00,Cisco-IOS-XR-pfi-im-cmd-oper:interfaces/interface-summary,leaf8,,,1,12,38,25
2020-01-21 08:25:44.975000+00:00,Cisco-IOS-XR-pfi-im-cmd-oper:interfaces/interface-summary,leaf8,,,1,11,38,26
2020-01-21 08:25:55.115000+00:00,Cisco-IOS-XR-pfi-im-cmd-oper:interfaces/interface-summary,leaf8,,,1,11,38,26
2020-01-21 08:26:05.236000+00:00,Cisco-IOS-XR-pfi-im-cmd-oper:interfaces/interface-summary,leaf8,,,1,11,38,26
2020-01-21 08:26:16.725000+00:00,Cisco-IOS-XR-pfi-im-cmd-oper:interfaces/interface-summary,leaf8,,,1,11,38,26
2020-01-21 08:26:25.184000+00:00,Cisco-IOS-XR-pfi-im-cmd-oper:interfaces/interface-summary,leaf8,,,1,11,38,26
2020-01-21 08:26:35.438000+00:00,Cisco-IOS-XR-pfi-im-cmd-oper:interfaces/interface-summary,leaf8,,,1,11,38,26
2020-01-21 08:26:45.118000+00:00,Cisco-IOS-XR-pfi-im-cmd-oper:interfaces/interface-summary,leaf8,,,1,11,38,26
2020-01-21 08:26:55.307000+00:00,Cisco-IOS-XR-pfi-im-cmd-oper:interfaces/interface-summary,leaf8,,,1,11,38,26
2020-01-21 08:27:05.020000+00:00,Cisco-IOS-XR-pfi-im-cmd-oper:interfaces/interface-summary,leaf8,,,1,11,38,26
2020-01-21 08:27:15.366000+00:00,Cisco-IOS-XR-pfi-im-cmd-oper:interfaces/interface-summary,leaf8,,,1,11,38,26
2020-01-21 08:27:25.438000+00:00,Cisco-IOS-XR-pfi-im-cmd-oper:interfaces/interface-summary,leaf8,,,1,11,38,26
2020-01-21 08:27:34.983000+00:00,Cisco-IOS-XR-pfi-im-cmd-oper:interfaces/interface-summary,leaf8,,,1,11,38,26
2020-01-21 08:27:45.134000+00:00,Cisco-IOS-XR-pfi-im-cmd-oper:interfaces/interface-summary,leaf8,,,1,11,38,26
2020-01-21 08:27:54.945000+00:00,Cisco-IOS-XR-pfi-im-cmd-oper:interfaces/interface-summary,leaf8,,,1,11,38,26
2020-01-21 08:28:05.226000+00:00,Cisco-IOS-XR-pfi-im-cmd-oper:interfaces/interface-summary,leaf8,,,1,11,38,26
2020-01-21 08:28:15.403000+00:00,Cisco-IOS-XR-pfi-im-cmd-oper:interfaces/interface-summary,leaf8,,,1,11,38,26
2020-01-21 08:28:25.119000+00:00,Cisco-IOS-XR-pfi-im-cmd-oper:interfaces/interface-summary,leaf8,,,1,11,38,26
2020-01-21 08:28:35.302000+00:00,Cisco-IOS-XR-pfi-im-cmd-oper:interfaces/interface-summary,leaf8,,,1,11,38,26
2020-01-21 08:28:45.116000+00:00,Cisco-IOS-XR-pfi-im-cmd-oper:interfaces/interface-summary,leaf8,,,1,11,38,26
2020-01-21 08:28:55.685000+00:00,Cisco-IOS-XR-pfi-im-cmd-oper:interfaces/interface-summary,leaf8,,,1,11,38,26
2020-01-21 08:29:05.095000+00:00,Cisco-IOS-XR-pfi-im-cmd-oper:interfaces/interface-summary,leaf8,,,1,11,38,26
2020-01-21 08:29:15.267000+00:00,Cisco-IOS-XR-pfi-im-cmd-oper:interfaces/interface-summary,leaf8,,,1,11,38,26
2020-01-21 08:29:25.151000+00:00,Cisco-IOS-XR-pfi-im-cmd-oper:interfaces/interface-summary,leaf8,,,1,11,38,26
2020-01-21 08:29:34.962000+00:00,Cisco-IOS-XR-pfi-im-cmd-oper:interfaces/interface-summary,leaf8,,,1,11,38,26
2020-01-21 08:29:45.186000+00:00,Cisco-IOS-XR-pfi-im-cmd-oper:interfaces/interface-summary,leaf8,,,1,11,38,26
2020-01-21 08:29:55.021000+00:00,Cisco-IOS-XR-pfi-im-cmd-oper:interfaces/interface-summary,leaf8,,,1,11,38,26
2020-01-21 08:30:05.205000+00:00,Cisco-IOS-XR-pfi-im-cmd-oper:interfaces/interface-summary,leaf8,,,1,11,38,26
2020-01-21 08:30:15.720000+00:00,Cisco-IOS-XR-pfi-im-cmd-oper:interfaces/interface-summary,leaf8,,,1,11,38,26
2020-01-21 08:30:25.435000+00:00,Cisco-IOS-XR-pfi-im-cmd-oper:interfaces/interface-summary,leaf8,,,1,11,38,26
2020-01-21 08:30:35.171000+00:00,Cisco-IOS-XR-pfi-im-cmd-oper:interfaces/interface-summary,leaf8,,,1,11,38,26
2020-01-21 08:30:45.255000+00:00,Cisco-IOS-XR-pfi-im-cmd-oper:interfaces/interface-summary,leaf8,,,1,11,38,26
2020-01-21 08:30:55.167000+00:00,Cisco-IOS-XR-pfi-im-cmd-oper:interfaces/interface-summary,leaf8,,,1,11,38,26
2020-01-21 08:31:05.161000+00:00,Cisco-IOS-XR-pfi-im-cmd-oper:interfaces/interface-summary,leaf8,,,1,11,38,26
2020-01-21 08:31:15.380000+00:00,Cisco-IOS-XR-pfi-im-cmd-oper:interfaces/interface-summary,leaf8,,,1,11,38,26
2020-01-21 08:31:25.189000+00:00,Cisco-IOS-XR-pfi-im-cmd-oper:interfaces/interface-summary,leaf8,,,1,11,38,26
2020-01-21 08:31:35.253000+00:00,Cisco-IOS-XR-pfi-im-cmd-oper:interfaces/interface-summary,leaf8,,,1,11,38,26
2020-01-21 08:31:45.097000+00:00,Cisco-IOS-XR-pfi-im-cmd-oper:interfaces/interface-summary,leaf8,,,1,11,38,26
2020-01-21 08:31:55.650000+00:00,Cisco-IOS-XR-pfi-im-cmd-oper:interfaces/interface-summary,leaf8,,,1,11,38,26
2020-01-21 08:32:05.458000+00:00,Cisco-IOS-XR-pfi-im-cmd-oper:interfaces/interface-summary,leaf8,,,1,11,38,26
2020-01-21 08:32:15.665000+00:00,Cisco-IOS-XR-pfi-im-cmd-oper:interfaces/interface-summary,leaf8,,,1,11,38,26
2020-01-21 08:32:25.723000+00:00,Cisco-IOS-XR-pfi-im-cmd-oper:interfaces/interface-summary,leaf8,,,1,11,38,26
2020-01-21 08:32:35.377000+00:00,Cisco-IOS-XR-pfi-im-cmd-oper:interfaces/interface-summary,leaf8,,,1,11,38,26
2020-01-21 08:32:45.862000+00:00,Cisco-IOS-XR-pfi-im-cmd-oper:interfaces/interface-summary,leaf8,,,1,11,38,26
2020-01-21 08:32:55.471000+00:00,Cisco-IOS-XR-pfi-im-cmd-oper:interfaces/interface-summary,leaf8,,,1,11,38,26
2020-01-21 08:33:05.256000+00:00,Cisco-IOS-XR-pfi-im-cmd-oper:interfaces/interface-summary,leaf8,,,1,11,38,26
2020-01-21 08:33:16.904000+00:00,Cisco-IOS-XR-pfi-im-cmd-oper:interfaces/interface-summary,leaf8,,,1,11,38,26
2020-01-21 08:33:25.220000+00:00,Cisco-IOS-XR-pfi-im-cmd-oper:interfaces/interface-summary,leaf8,,,1,11,38,26
2020-01-21 08:33:35.317000+00:00,Cisco-IOS-XR-pfi-im-cmd-oper:interfaces/interface-summary,leaf8,,,1,11,38,26
2020-01-21 08:33:46+00:00,Cisco-IOS-XR-pfi-im-cmd-oper:interfaces/interface-summary,leaf8,,,1,12,38,25
2020-01-21 08:33:55.495000+00:00,Cisco-IOS-XR-pfi-im-cmd-oper:interfaces/interface-summary,leaf8,,,1,12,38,25
2020-01-21 08:34:05.273000+00:00,Cisco-IOS-XR-pfi-im-cmd-oper:interfaces/interface-summary,leaf8,,,1,11,38,26
2020-01-21 08:34:15.470000+00:00,Cisco-IOS-XR-pfi-im-cmd-oper:interfaces/interface-summary,leaf8,,,1,12,38,25
2020-01-21 08:34:25.488000+00:00,Cisco-IOS-XR-pfi-im-cmd-oper:interfaces/interface-summary,leaf8,,,1,12,38,25
2020-01-21 08:34:35.484000+00:00,Cisco-IOS-XR-pfi-im-cmd-oper:interfaces/interface-summary,leaf8,,,1,12,38,25
2020-01-21 08:34:45.551000+00:00,Cisco-IOS-XR-pfi-im-cmd-oper:interfaces/interface-summary,leaf8,,,1,12,38,25
2020-01-21 08:34:55.359000+00:00,Cisco-IOS-XR-pfi-im-cmd-oper:interfaces/interface-summary,leaf8,,,1,12,38,25
2020-01-21 08:35:05.108000+00:00,Cisco-IOS-XR-pfi-im-cmd-oper:interfaces/interface-summary,leaf8,,,1,12,38,25
